collision_index,collision_year,collision_ref_no,location_easting_osgr,location_northing_osgr,longitude,latitude,casualty_severity,casualty_severity,day_of_week,time,local_authority_district,local_authority_ons_district,first_road_class,light_conditions,weather_conditions,road_surface_conditions,urban_or_rural_area,vehicle_manoeuvre,vehicle_direction_from,vehicle_direction_to,hit_object_in_carriageway,vehicle_leaving_carriageway,hit_object_off_carriageway,is_car,is_cyle,is_mcyle,is_goodsv,is_other,is_pedestrian,month,day
2024010486807,2024,010486807,527188,184782,-0.16712,51.54761,3,3,2,01:00,-1,E09000007,6,2,1,0,1,99,9,9,99,9,99,1,1,0,0,0,0,1,1
2024010486821,2024,010486821,528936,194721,-0.13828,51.63653,3,3,2,01:42,-1,E09000010,3,2,4,1,1,99,9,9,99,9,99,1,0,0,0,0,0,1,1
2024010486824,2024,010486824,552699,185940,0.20103,51.55169,3,3,2,02:23,-1,E09000016,5,2,8,1,1,"[19, 2]","[7, 0]","[3, 0]","[4, 0]",0,0,1,0,0,0,0,0,1,1
2024010486825,2024,010486825,545623,177185,0.09543,51.47489,3,3,2,01:08,-1,E09000011,6,2,1,0,1,"[3, 5]",1,5,0,0,0,1,0,1,0,0,0,1,1
2024010486828,2024,010486828,536554,178468,-0.03457,51.48868,3,3,2,00:35,-1,E09000023,4,2,4,1,1,9,7,5,0,0,0,0,0,0,1,0,1,1,1
2024010486831,2024,010486831,545556,178513,0.09501,51.48684,2,2,2,02:50,-1,E09000011,3,2,1,0,1,19,5,1,0,0,0,1,0,0,0,0,1,1,1
2024010486835,2024,010486835,531022,175118,-0.11545,51.45988,3,3,2,01:20,-1,E09000022,3,2,8,1,1,19,1,5,0,0,0,1,0,0,0,0,1,1,1
2024010486838,2024,010486838,533916,190912,-0.06782,51.60114,3,3,2,07:23,-1,E09000014,3,0,1,1,1,"[2, 19]","[0, 1]","[0, 5]","[0, 4]",0,0,1,0,0,0,0,0,1,1
2024010486841,2024,010486841,529084,181324,-0.14106,51.5161,3,3,2,02:15,-1,E09000033,3,2,1,0,1,19,3,7,0,0,0,1,0,0,0,0,1,1,1
2024010486851,2024,010486851,531726,187051,-0.10086,51.56696,3,3,2,07:04,-1,E09000012,3,2,1,0,1,"[2, 19]","[0, 5]","[0, 1]",0,0,0,1,0,1,0,0,0,1,1
2024010486863,2024,010486863,518016,172685,-0.30337,51.44087,3,3,2,13:10,-1,E09000027,3,0,1,0,2,"[19, 9]","[5, 1]","[1, 7]",0,0,0,1,0,0,0,0,0,1,1
2024010486866,2024,010486866,530941,175108,-0.11662,51.45981,2,"[2, 3]",2,07:48,-1,E09000022,3,0,1,0,1,19,"[1, 5]","[5, 1]",0,0,0,1,0,0,0,0,0,1,1
2024010486871,2024,010486871,536596,180813,-0.03306,51.50974,3,3,2,12:48,-1,E09000030,3,2,1,0,1,12,3,7,10,0,0,0,0,1,0,0,0,1,1
2024010486874,2024,010486874,529482,196113,-0.12988,51.64891,3,3,2,14:45,-1,E09000010,3,0,1,0,2,5,6,2,0,0,0,1,0,0,0,0,1,1,1
2024010486880,2024,010486880,515741,188353,-0.33095,51.58216,3,3,2,10:25,-1,E09000015,3,0,1,0,1,"[19, 13]","[5, 1]","[1, 5]",0,0,0,1,0,1,0,0,0,1,1
2024010486886,2024,010486886,536077,183490,-0.0395,51.53392,3,3,2,14:44,-1,E09000030,4,0,1,0,1,99,9,9,99,9,99,1,0,1,0,0,1,1,1
2024010486897,2024,010486897,530566,183683,-0.11884,51.53696,3,3,2,17:05,-1,E09000019,4,2,2,1,1,99,9,9,99,9,99,1,1,0,0,0,0,1,1
2024010486898,2024,010486898,536107,174772,-0.04243,51.45557,3,3,2,16:22,-1,E09000023,6,2,2,1,1,"[6, 19]",7,"[7, 3]",0,7,"[0, 11]",1,0,0,0,0,0,1,1
2024010486900,2024,010486900,534539,193711,-0.05775,51.62614,3,3,2,14:48,-1,E09000010,3,0,2,1,1,19,5,1,0,0,0,0,0,1,0,0,1,1,1
2024010486907,2024,010486907,541710,184675,0.04213,51.54319,3,3,2,16:00,-1,E09000025,6,2,2,1,1,99,9,9,99,9,99,1,0,0,0,0,0,1,1
2024010486908,2024,010486908,535199,197460,-0.04678,51.65967,3,3,2,16:40,-1,E09000010,3,2,2,1,1,4,1,5,0,0,0,1,0,0,0,0,1,1,1
2024010486912,2024,010486912,528445,180269,-0.15065,51.50676,3,3,2,16:50,-1,E09000033,5,2,2,1,1,9,1,7,0,0,0,1,0,0,0,0,1,1,1
2024010486913,2024,010486913,546234,174495,0.10311,51.45056,3,3,2,18:40,-1,E09000004,3,2,2,1,1,"[19, 9]","[1, 5]","[5, 3]",0,0,0,1,0,0,0,0,0,1,1
2024010486915,2024,010486915,545249,185811,0.0936,51.5525,3,3,2,18:20,-1,E09000026,5,2,1,1,1,"[5, 19]","[7, 1]","[3, 5]",0,0,0,1,0,0,0,0,0,1,1
2024010486916,2024,010486916,544328,189977,0.08203,51.59016,3,3,2,12:50,-1,E09000026,3,0,1,0,1,99,9,9,99,9,99,1,0,0,0,0,0,1,1
2024010486917,2024,010486917,537931,176757,-0.01542,51.47297,3,3,2,17:50,-1,E09000011,3,2,2,1,1,"[9, 7]","[7, 5]","[5, 7]",0,0,0,1,0,1,0,0,0,1,1
2024010486920,2024,010486920,521398,185539,-0.25032,51.55568,2,2,2,17:55,-1,E09000005,4,2,2,1,1,"[13, 19]",1,5,0,0,0,1,1,0,0,0,0,1,1
2024010486924,2024,010486924,545208,186619,0.09334,51.55977,3,3,2,20:22,-1,E09000026,3,2,2,1,1,9,3,1,0,0,0,1,0,0,0,0,1,1,1
2024010486931,2024,010486931,533471,197448,-0.07175,51.65997,3,3,2,18:20,-1,E09000010,6,2,2,1,1,"[19, 2]","[1, 0]","[5, 0]",4,0,0,1,0,0,0,0,0,1,1
2024010486936,2024,010486936,545988,167814,0.09682,51.39059,3,3,2,19:25,-1,E09000006,5,2,2,1,1,9,3,1,0,0,0,1,0,0,0,0,1,1,1
2024010486941,2024,010486941,539206,184968,0.00616,51.54644,2,2,2,22:08,-1,E09000025,3,2,2,1,1,9,3,1,0,0,0,1,0,0,0,0,1,1,1
2024010486949,2024,010486949,540151,181746,0.0185,51.51726,3,3,2,21:04,-1,E09000025,3,2,2,1,1,19,7,3,0,0,0,1,0,0,0,0,0,1,1
2024010486951,2024,010486951,536175,195748,-0.03334,51.64405,2,2,3,00:31,-1,E09000010,3,2,2,1,2,19,"[1, 5]","[5, 1]",0,0,0,1,0,0,0,0,0,1,2
2024010486957,2024,010486957,521333,189944,-0.24974,51.59528,2,2,2,22:24,-1,E09000003,5,2,2,1,1,19,6,2,11,0,0,0,1,0,0,0,1,1,1
2024010486958,2024,010486958,542813,176575,0.05475,51.47013,3,3,2,22:15,-1,E09000011,3,2,2,1,1,"[14, 13, 4]",5,1,0,0,0,1,0,0,0,0,0,1,1
2024010486959,2024,010486959,538009,175819,-0.01467,51.46452,3,3,2,05:10,-1,E09000023,3,2,1,0,1,"[19, 7]","[3, 1]","[7, 3]",0,0,0,1,0,0,0,0,0,1,1
2024010486964,2024,010486964,530083,175080,-0.12897,51.45976,3,3,3,05:00,-1,E09000022,3,2,1,0,1,"[3, 19]",5,1,0,0,0,1,0,1,0,0,0,1,2
2024010486981,2024,010486981,512468,178258,-0.38139,51.49209,3,3,3,07:20,-1,E09000018,5,0,2,1,1,19,"[3, 5]","[7, 1]",0,0,0,1,1,0,0,0,0,1,2
2024010486993,2024,010486993,527432,181803,-0.16468,51.52078,3,3,2,14:05,-1,E09000033,3,0,1,0,1,99,9,9,99,9,99,1,0,0,0,0,0,1,1
2024010487004,2024,010487004,529353,179397,-0.13789,51.49872,3,3,3,08:00,-1,E09000033,4,0,2,1,1,19,5,1,0,0,0,0,0,1,0,0,1,1,2
2024010487012,2024,010487012,532633,189293,-0.08694,51.58689,2,2,3,08:10,-1,E09000014,4,0,2,1,1,19,5,1,0,0,0,1,0,0,0,0,1,1,2
2024010487020,2024,010487020,509762,179982,-0.41982,51.50812,3,3,3,13:00,-1,E09000017,5,0,2,1,1,7,1,4,"[11, 0]",0,0,1,1,0,0,0,0,1,2
2024010487023,2024,010487023,531905,179055,-0.10128,51.49506,2,2,3,06:55,-1,E09000028,3,2,2,1,1,"[11, 19]",5,1,0,0,0,1,0,1,0,0,0,1,2
2024010487036,2024,010487036,509888,181451,-0.41755,51.5213,3,3,3,12:50,-1,E09000017,3,0,2,1,1,19,7,3,0,0,0,1,0,0,0,0,1,1,2
2024010487037,2024,010487037,547914,175853,0.12784,51.46233,3,3,3,08:54,-1,E09000004,5,0,2,1,1,19,1,5,0,0,0,1,0,0,0,0,1,1,2
2024010487040,2024,010487040,520766,183903,-0.25999,51.54111,3,3,3,11:35,-1,E09000005,5,0,5,1,1,19,"[1, 7]","[5, 3]",0,0,0,1,1,0,0,0,0,1,2
2024010487041,2024,010487041,516118,175540,-0.32973,51.46693,3,3,3,11:52,-1,E09000018,3,2,5,1,1,"[19, 9]","[5, 1]","[1, 7]",0,0,0,1,0,0,0,0,0,1,2
2024010487042,2024,010487042,511711,189634,-0.38868,51.59449,3,3,2,17:20,-1,E09000015,6,2,2,1,1,99,9,9,99,9,99,1,0,1,0,0,0,1,1
2024010487043,2024,010487043,533402,179434,-0.07958,51.49811,3,3,3,14:10,-1,E09000028,3,0,5,1,1,4,1,5,0,0,0,0,0,0,1,0,0,1,2
2024010487044,2024,010487044,521760,170110,-0.25042,51.41694,3,3,3,11:17,-1,E09000021,3,0,8,1,1,"[7, 19]",5,"[7, 1]",0,"[0, 1]",0,1,0,0,0,0,0,1,2
2024010487070,2024,010487070,520187,180880,-0.26937,51.51407,3,3,3,13:19,-1,E09000009,3,0,9,-1,1,99,9,9,99,9,99,1,0,1,0,0,0,1,2
2024010487085,2024,010487085,524848,188582,-0.1995,51.58228,3,3,3,16:45,-1,E09000003,3,2,2,1,1,99,9,9,99,9,99,1,0,1,0,0,0,1,2
2024010487086,2024,010487086,519333,176374,-0.28319,51.47375,3,3,3,16:38,-1,E09000027,6,2,2,1,1,99,9,9,99,9,99,1,0,0,0,0,0,1,2
2024010487089,2024,010487089,542957,174403,0.05594,51.45057,2,2,3,17:20,-1,E09000011,3,2,5,1,1,5,3,7,0,0,0,0,0,1,0,0,1,1,2
2024010487092,2024,010487092,550986,188667,0.17751,51.57665,3,3,3,13:45,-1,E09000016,3,0,9,-1,1,99,9,9,99,9,99,1,0,0,0,0,0,1,2
2024010487095,2024,010487095,527391,171374,-0.16903,51.42706,3,3,3,14:45,-1,E09000032,3,0,5,1,1,"[13, 9]",6,"[2, 4]",0,0,0,1,0,1,0,0,0,1,2
2024010487099,2024,010487099,538607,194312,0.00122,51.63055,3,3,3,20:14,-1,E09000031,3,2,1,1,1,7,7,1,0,0,0,0,0,0,1,0,0,1,2
2024010487101,2024,010487101,521049,180550,-0.25706,51.51092,3,3,3,18:45,-1,E09000009,5,0,9,0,1,19,1,5,0,0,0,1,0,0,0,0,1,1,2
2024010487102,2024,010487102,539973,187634,0.01828,51.57021,3,3,3,19:30,-1,E09000031,3,2,1,1,2,99,9,9,99,9,99,1,0,0,0,0,0,1,2
2024010487103,2024,010487103,528844,183580,-0.14369,51.53643,2,2,3,19:05,-1,E09000007,3,2,4,1,1,19,3,7,0,0,0,0,0,1,0,0,1,1,2
2024010487105,2024,010487105,530167,192137,-0.12146,51.61302,3,3,3,20:20,-1,E09000010,3,2,8,1,1,19,"[3, 7]","[7, 3]",0,0,0,1,0,0,0,0,0,1,2
2024010487106,2024,010487106,527800,179704,-0.16014,51.50183,3,3,3,18:00,-1,E09000020,3,2,4,1,1,"[6, 13]","[7, 3]",7,0,0,0,1,0,1,0,0,0,1,2
2024010487108,2024,010487108,534855,183804,-0.05699,51.53704,2,2,3,16:30,-1,E09000012,3,0,4,1,1,"[13, 19]",5,1,0,0,0,1,0,1,0,0,0,1,2
2024010487110,2024,010487110,540852,175330,0.02604,51.45943,3,3,3,15:45,-1,E09000011,3,2,5,1,1,"[19, 9]","[3, 5]","[7, 2]",0,0,0,1,0,1,0,0,0,1,2
2024010487118,2024,010487118,535056,169520,-0.05955,51.40863,2,2,3,19:10,-1,E09000006,3,2,5,1,1,19,5,1,0,0,0,1,0,0,0,0,1,1,2
2024010487128,2024,010487128,525885,173853,-0.1898,51.44968,1,"[2, 1]",4,01:30,-1,E09000032,3,2,1,1,1,"[9, 19]",1,"[6, 5]",0,0,0,1,0,1,0,0,0,1,3
2024010487131,2024,010487131,539801,170032,0.00883,51.41208,3,3,3,19:45,-1,E09000006,3,2,9,0,1,"[9, 19]","[7, 5]","[5, 1]",0,0,0,1,0,1,0,0,0,1,2
2024010487133,2024,010487133,533345,198269,-0.07326,51.66738,3,3,4,05:30,-1,E09000010,5,2,1,1,1,19,1,5,0,1,11,1,0,0,0,0,0,1,3
2024010487134,2024,010487134,529058,180348,-0.14179,51.50733,3,3,2,01:30,-1,E09000033,3,2,1,1,1,"[15, 4]",1,5,0,0,0,1,0,1,0,0,0,1,1
2024010487135,2024,010487135,540201,171398,0.01512,51.42426,3,3,3,14:21,-1,E09000006,6,0,5,1,1,4,5,1,0,0,0,0,0,1,0,0,0,1,2
2024010487143,2024,010487143,529352,182292,-0.13684,51.52474,3,3,2,07:55,-1,E09000007,6,2,1,0,1,99,9,9,"[99, 8]",9,99,1,1,0,0,0,0,1,1
2024010487160,2024,010487160,531951,192862,-0.09544,51.61912,3,3,4,10:40,-1,E09000010,6,0,1,0,1,19,1,5,0,0,0,1,0,0,0,0,1,1,3
2024010487161,2024,010487161,518268,177729,-0.29806,51.48615,2,2,4,07:50,-1,E09000018,3,2,4,1,1,"[15, 7]","[3, 4]",7,0,0,0,1,1,0,0,0,0,1,3
2024010487163,2024,010487163,512023,180532,-0.38708,51.51262,1,1,4,10:15,-1,E09000009,3,0,4,0,1,9,7,4,0,0,0,1,0,0,0,0,1,1,3
2024010487169,2024,010487169,548159,188048,0.13648,51.57184,3,3,3,18:15,-1,E09000002,3,2,1,1,1,99,9,9,99,9,99,1,0,1,0,0,0,1,2
2024010487170,2024,010487170,543637,179103,0.06763,51.49263,3,3,4,10:13,-1,E09000011,3,0,1,0,1,19,1,5,0,0,0,1,0,0,0,0,1,1,3
2024010487180,2024,010487180,514304,176980,-0.35537,51.48024,3,3,4,11:03,-1,E09000018,3,0,2,1,1,19,7,3,0,"[6, 0]",0,0,0,1,0,0,0,1,3
2024010487183,2024,010487183,538926,180965,0.00055,51.51054,3,3,4,10:45,-1,E09000030,3,0,1,0,1,99,9,9,99,9,99,1,0,0,0,0,0,1,3
2024010487201,2024,010487201,527211,178785,-0.16895,51.49371,2,2,4,13:05,-1,E09000020,3,0,1,1,1,1,1,5,0,0,0,1,0,0,0,0,1,1,3
2024010487204,2024,010487204,514946,187706,-0.34263,51.57651,3,3,4,07:16,-1,E09000015,3,2,1,1,1,19,1,5,0,0,0,1,0,0,0,0,1,1,3
2024010487205,2024,010487205,534911,174346,-0.0598,51.45203,3,3,4,13:30,-1,E09000028,4,0,1,0,1,"[4, 7]","[5, 1]","[1, 3]",0,"[0, 1]",0,1,0,1,0,0,0,1,3
2024010487206,2024,010487206,544011,178926,0.07294,51.49095,3,3,2,02:29,-1,E09000011,3,2,9,-1,1,99,9,9,99,9,99,1,0,0,0,0,0,1,1
2024010487207,2024,010487207,525618,179769,-0.19154,51.5029,2,2,4,13:10,-1,E09000020,3,0,1,0,1,14,5,1,0,0,0,0,0,1,0,0,1,1,3
2024010487210,2024,010487210,529629,180788,-0.13341,51.51116,3,3,4,12:30,-1,E09000033,3,0,2,1,1,99,9,9,99,9,99,1,1,0,0,0,0,1,3
2024010487211,2024,010487211,529210,175033,-0.14155,51.45953,3,3,4,06:00,-1,E09000022,3,2,1,1,1,99,9,9,99,9,99,1,1,0,0,0,0,1,3
2024010487214,2024,010487214,527334,169347,-0.17058,51.40886,3,3,4,14:15,-1,E09000024,3,0,8,1,1,1,7,3,0,0,0,1,0,0,0,0,1,1,3
2024010487220,2024,010487220,513046,182771,-0.37163,51.53254,2,2,3,20:46,-1,E09000009,4,2,2,1,1,19,"[3, 5]","[7, 1]",0,0,0,1,1,0,0,0,0,1,2
2024010487223,2024,010487223,526132,167193,-0.18861,51.38977,3,3,4,14:55,-1,E09000024,3,0,1,1,1,"[9, 19]","[1, 5]","[7, 1]","[7, 0]",0,0,1,0,0,0,0,0,1,3
2024010487224,2024,010487224,538216,186335,-0.00757,51.55897,3,3,4,14:10,-1,E09000031,6,0,2,1,1,19,2,6,0,0,0,1,0,0,0,0,1,1,3
2024010487226,2024,010487226,531133,167625,-0.11662,51.39252,3,3,4,14:09,-1,E09000008,3,0,1,0,1,99,9,9,99,9,99,1,0,1,0,0,0,1,3
2024010487232,2024,010487232,534374,182620,-0.06437,51.52651,2,2,4,15:55,-1,E09000030,3,2,8,1,1,19,3,7,0,0,0,1,0,0,0,0,1,1,3
2024010487238,2024,010487238,535801,194439,-0.03925,51.63238,3,3,4,16:16,-1,E09000010,3,2,2,1,2,19,5,1,0,0,0,1,0,0,0,0,0,1,3
2024010487252,2024,010487252,527862,178714,-0.15961,51.49292,3,3,4,13:55,-1,E09000020,6,0,1,0,1,99,9,9,99,9,99,1,0,1,0,0,0,1,3
2024010487254,2024,010487254,516895,174205,-0.31899,51.45477,2,2,2,01:00,-1,E09000027,3,2,1,-1,1,99,9,9,99,9,99,1,1,0,0,0,0,1,1
2024010487255,2024,010487255,532756,182579,-0.0877,51.52653,3,3,4,17:15,-1,E09000012,3,2,2,1,1,"[13, 6]",1,"[5, 1]",0,0,0,1,0,1,0,0,0,1,3
2024010487260,2024,010487260,528470,173223,-0.15285,51.44344,3,3,4,00:30,-1,E09000032,3,2,1,-1,1,99,9,9,99,9,99,1,0,0,0,0,0,1,3
2024010487265,2024,010487265,533091,195302,-0.07805,51.64078,3,3,4,17:55,-1,E09000010,5,2,8,1,1,99,9,9,99,9,99,1,0,0,0,0,1,1,3
2024010487266,2024,010487266,533839,185260,-0.07108,51.55036,3,3,4,18:05,-1,E09000012,5,2,2,1,1,5,"[1, 3]","[5, 7]",0,0,0,1,0,1,0,0,0,1,3
2024010487268,2024,010487268,532572,176741,-0.09254,51.47411,3,3,4,17:58,-1,E09000028,3,2,2,1,1,99,9,9,99,9,99,0,0,1,1,0,0,1,3
2024010487270,2024,010487270,530104,181365,-0.12635,51.51623,3,3,4,14:16,-1,E09000007,3,0,2,1,1,99,9,9,99,9,99,0,1,0,1,0,0,1,3
2024010487272,2024,010487272,523450,166102,-0.22752,51.38055,3,3,4,19:10,-1,E09000029,6,2,1,1,1,4,3,7,0,0,0,1,0,0,0,0,1,1,3
2024010487280,2024,010487280,537044,189247,-0.02333,51.58542,3,3,4,16:50,-1,E09000031,6,0,2,1,1,19,2,6,"[0, 4]",0,0,1,0,0,0,0,0,1,3
2024010487282,2024,010487282,535409,171508,-0.05372,51.42641,3,3,4,18:52,-1,E09000023,3,2,2,1,1,"[9, 14]","[3, 7]","[1, 3]",0,0,0,1,0,1,0,0,0,1,3
2024010487283,2024,010487283,518994,185797,-0.28489,51.55851,3,3,4,19:38,-1,E09000005,4,2,2,1,1,"[4, 3]",6,2,0,0,0,1,0,1,0,0,0,1,3
2024010487284,2024,010487284,548285,183840,0.13653,51.534,3,3,3,13:30,-1,E09000002,6,0,2,1,1,99,9,9,99,9,99,1,0,0,0,0,1,1,2
2024010487285,2024,010487285,510996,187964,-0.39953,51.57962,3,3,4,18:34,-1,E09000017,5,2,2,1,1,9,5,3,0,0,0,1,0,0,0,0,1,1,3
2024010487287,2024,010487287,526179,171634,-0.18636,51.42967,3,3,4,16:15,-1,E09000024,4,2,2,1,1,19,5,1,0,0,0,1,0,0,0,0,0,1,3
2024010487288,2024,010487288,548560,188074,0.14227,51.57197,3,3,4,21:05,-1,E09000002,3,2,2,1,1,99,9,9,99,9,99,1,1,0,0,0,0,1,3
2024010487291,2024,010487291,527958,170686,-0.16113,51.42075,3,3,4,20:20,-1,E09000032,3,2,1,1,1,99,9,9,99,9,99,1,1,0,0,0,0,1,3
2024010487292,2024,010487292,507237,181263,-0.4558,51.52012,2,"[3, 2]",4,18:03,-1,E09000017,5,2,2,1,1,19,"[1, 5]","[5, 1]",0,0,0,1,0,0,0,0,0,1,3
2024010487293,2024,010487293,515623,187807,-0.33284,51.57728,3,3,4,16:09,-1,E09000015,3,0,2,1,1,5,3,7,0,0,0,1,0,1,0,0,0,1,3
2024010487294,2024,010487294,530431,183005,-0.12104,51.5309,2,2,4,20:38,-1,E09000019,3,2,1,1,1,19,"[7, 1]","[3, 5]",0,0,0,1,0,1,0,0,0,1,3
2024010487295,2024,010487295,533208,192585,-0.0774,51.61634,3,3,4,21:28,-1,E09000010,5,2,1,1,1,"[19, 9, 8]","[7, 3, 1]","[3, 8, 4]","[99, 0]","[9, 0]","[10, 0]",1,0,0,0,0,0,1,3
2024010487296,2024,010487296,553327,190955,0.21226,51.59658,3,3,3,16:30,-1,E09000016,5,2,4,1,1,99,9,9,99,9,99,1,0,0,0,0,1,1,2
2024010487297,2024,010487297,543167,172298,0.05811,51.4316,3,3,4,20:00,-1,E09000011,6,2,5,1,1,19,5,1,0,0,0,0,0,1,0,0,1,1,3
2024010487298,2024,010487298,551237,174898,0.17523,51.45287,3,3,4,21:24,-1,E09000004,6,2,1,1,1,5,1,5,10,7,11,1,0,0,0,0,0,1,3
2024010487299,2024,010487299,534506,186170,-0.06112,51.55838,3,3,4,18:25,-1,E09000012,5,2,2,1,1,99,9,9,99,9,99,1,1,0,0,0,0,1,3
2024010487303,2024,010487303,532970,168304,-0.08998,51.39819,2,2,4,01:43,-1,E09000008,4,2,1,0,1,"[2, 9]","[0, 1]","[0, 6]","[4, 0]","[0, 7]",0,1,0,0,0,0,0,1,3
2024010487311,2024,010487311,538296,189976,-0.00498,51.59167,3,3,5,01:41,-1,E09000031,4,2,1,1,1,"[19, 5]","[7, 5]","[3, 1]",0,0,0,1,0,0,0,0,0,1,4
2024010487317,2024,010487317,536138,199410,-0.03245,51.67697,3,3,5,04:36,-1,E09000010,6,2,1,0,1,"[19, 2]","[1, 0]","[5, 0]",0,"[3, 0]",0,1,0,0,0,0,0,1,4
2024010487319,2024,010487319,536857,181483,-0.02904,51.5157,2,2,5,00:49,-1,E09000030,3,2,1,1,1,"[19, 5]","[5, 0]",1,0,0,0,1,0,1,0,0,0,1,4
2024010487326,2024,010487326,542028,165106,0.03886,51.36726,3,3,5,08:45,-1,E09000006,3,0,1,0,1,"[9, 19]","[1, 5]","[6, 1]",0,0,0,1,0,1,0,0,0,1,4
2024010487331,2024,010487331,520667,181846,-0.26212,51.52265,3,3,2,10:45,-1,E09000009,3,0,4,-1,1,99,9,9,99,9,99,0,0,0,0,1,0,1,1
2024010487335,2024,010487335,524795,170621,-0.20661,51.42087,3,3,5,09:55,-1,E09000024,3,0,1,0,1,12,3,7,0,0,0,1,0,0,0,0,1,1,4
2024010487339,2024,010487339,531907,166435,-0.10594,51.38165,3,3,4,15:51,-1,E09000008,3,0,1,0,1,99,9,9,99,9,99,1,0,1,0,0,0,1,3
2024010487359,2024,010487359,507447,178367,-0.45365,51.49405,3,3,4,17:45,-1,E09000017,1,2,2,1,1,99,9,9,99,9,99,1,0,0,0,0,0,1,3
2024010487371,2024,010487371,530806,190337,-0.11291,51.5967,3,3,5,11:40,-1,E09000014,5,0,1,0,1,7,5,7,0,0,0,1,0,0,0,0,1,1,4
2024010487373,2024,010487373,526167,177320,-0.18451,51.48077,3,3,4,16:29,-1,E09000020,3,2,1,0,1,99,9,9,99,9,99,1,0,1,0,0,0,1,3
2024010487375,2024,010487375,542088,175033,0.0437,51.45645,3,3,4,20:12,-1,E09000011,3,2,2,1,1,19,3,7,0,0,0,1,0,0,0,0,0,1,3
2024010487377,2024,010487377,525862,181254,-0.18749,51.5162,3,3,5,13:15,-1,E09000033,3,0,1,0,1,4,1,5,0,0,0,0,0,0,1,0,0,1,4
2024010487382,2024,010487382,539515,175196,0.00675,51.45856,2,2,5,11:30,-1,E09000023,3,2,1,0,1,"[15, 4]","[1, 3]","[5, 7]",0,"[3, 0]",0,1,0,1,0,0,0,1,4
2024010487383,2024,010487383,541134,177104,0.0308,51.4753,3,3,5,12:55,-1,E09000011,3,0,1,0,1,"[4, 19]","[7, 3]","[3, 7]",0,0,0,1,0,1,0,0,0,1,4
2024010487384,2024,010487384,549543,183373,0.15445,51.52947,3,3,5,08:31,-1,E09000002,3,0,1,0,1,99,9,9,"[0, 99]","[0, 9]","[0, 99]",1,0,0,0,0,0,1,4
2024010487395,2024,010487395,508695,180533,-0.43502,51.51328,3,3,5,12:32,-1,E09000017,3,0,1,1,1,19,"[4, 8]","[8, 4]",0,0,0,1,0,0,1,0,0,1,4
2024010487397,2024,010487397,545256,164662,0.08502,51.36246,3,3,5,14:37,-1,E09000006,6,0,2,1,1,"[19, 2]","[7, 0]","[3, 0]","[4, 0]",0,0,1,0,0,0,0,0,1,4
2024010487411,2024,010487411,530459,185999,-0.11952,51.5578,3,3,5,16:48,-1,E09000019,3,2,2,1,1,19,"[5, 7]","[1, 3]",0,0,0,1,0,0,0,0,0,1,4
2024010487413,2024,010487413,537897,174412,-0.01682,51.45191,3,3,5,15:20,-1,E09000023,3,2,2,1,1,"[19, 7]",5,"[1, 7]",0,0,0,1,0,0,1,0,0,1,4
2024010487417,2024,010487417,529584,163903,-0.14023,51.35943,3,3,5,16:40,-1,E09000029,4,2,2,1,1,99,9,9,99,9,99,1,0,0,0,0,0,1,4
2024010487420,2024,010487420,542148,175482,0.04474,51.46047,3,3,5,14:45,-1,E09000011,5,0,1,1,1,"[9, 19]","[7, 3]","[5, 7]",0,0,0,1,0,1,0,0,0,1,4
2024010487421,2024,010487421,527214,178787,-0.16891,51.49372,3,3,5,08:40,-1,E09000020,3,0,1,1,1,99,9,9,99,9,99,1,0,1,0,0,0,1,4
2024010487426,2024,010487426,531647,179700,-0.10475,51.50091,2,2,5,17:00,-1,E09000028,3,2,2,1,1,"[7, 5]","[5, 7]","[8, 3]",0,0,0,0,1,1,0,0,0,1,4
2024010487436,2024,010487436,523894,182273,-0.21548,51.52579,2,2,5,17:50,-1,E09000020,4,2,2,1,1,5,3,7,0,0,0,0,0,0,1,0,1,1,4
2024010487437,2024,010487437,523849,186378,-0.21469,51.56269,3,3,5,16:25,-1,E09000003,6,2,2,1,1,9,1,7,0,0,0,1,0,0,0,0,1,1,4
2024010487438,2024,010487438,533065,187051,-0.08156,51.56664,3,3,5,20:00,-1,E09000012,4,2,2,-1,1,99,9,9,99,9,99,0,0,0,0,0,1,1,4
2024010487439,2024,010487439,535092,184863,-0.05317,51.5465,1,1,5,17:12,-1,E09000012,4,2,2,1,1,19,7,3,0,0,0,0,0,0,1,0,1,1,4
2024010487441,2024,010487441,538374,180281,-0.00767,51.50453,3,3,5,17:10,-1,E09000030,3,2,2,1,1,19,5,1,0,0,0,1,0,0,0,0,1,1,4
2024010487442,2024,010487442,550336,177647,0.16344,51.47781,3,3,5,10:40,-1,E09000004,3,0,1,0,1,99,9,9,99,9,99,1,1,0,0,0,0,1,4
2024010487443,2024,010487443,526152,170605,-0.18711,51.42043,2,2,5,17:35,-1,E09000024,3,2,2,1,1,19,"[3, 7]","[7, 3]",0,"[0, 7]",0,1,0,0,0,0,0,1,4
2024010487445,2024,010487445,512895,172153,-0.37719,51.43714,3,3,5,18:20,-1,E09000018,3,2,2,1,1,"[3, 19]",2,6,0,0,0,1,0,0,0,0,0,1,4
2024010487446,2024,010487446,510862,186388,-0.40196,51.56548,3,3,4,11:00,-1,E09000017,6,0,1,1,1,99,9,9,99,9,99,1,0,0,0,0,0,1,3