collision_index,collision_year,collision_ref_no,location_easting_osgr,location_northing_osgr,longitude,latitude,casualty_severity,casualty_severity,day_of_week,time,local_authority_district,local_authority_ons_district,first_road_class,light_conditions,weather_conditions,road_surface_conditions,urban_or_rural_area,vehicle_manoeuvre,vehicle_direction_from,vehicle_direction_to,hit_object_in_carriageway,vehicle_leaving_carriageway,hit_object_off_carriageway,is_car,is_cyle,is_mcyle,is_goodsv,is_other,is_pedestrian,month,day
2024010487450,2024,010487450,531965,178884,-0.10048,51.49351,3,3,5,19:20,-1,E09000028,3,2,2,1,1,99,9,9,99,9,99,1,1,0,0,0,0,1,4
2024010487451,2024,010487451,526929,177496,-0.17348,51.48219,3,3,5,18:55,-1,E09000020,3,2,2,1,1,99,9,9,99,9,99,0,0,1,0,0,1,1,4
2024010487452,2024,010487452,537863,172710,-0.01798,51.43662,3,3,5,12:50,-1,E09000023,3,0,2,1,1,"[5, 7]",1,"[5, 4]",0,0,0,1,0,0,1,0,0,1,4
2024010487453,2024,010487453,518560,166883,-0.29749,51.38861,3,3,5,15:45,-1,E09000021,3,0,2,1,1,5,6,2,0,0,0,1,0,0,0,0,1,1,4
2024010487454,2024,010487454,531736,179339,-0.1036,51.49765,3,3,5,20:20,-1,E09000028,3,2,2,1,1,99,9,9,99,9,99,1,0,0,0,0,1,1,4
2024010487455,2024,010487455,539587,181227,0.01017,51.51273,3,3,5,19:20,-1,E09000025,3,2,2,1,2,19,4,8,0,0,0,0,0,1,0,0,1,1,4
2024010487457,2024,010487457,523653,183123,-0.21866,51.53348,2,2,5,18:45,-1,E09000005,5,2,2,1,1,19,1,5,0,0,0,1,0,0,0,0,1,1,4
2024010487459,2024,010487459,539852,174936,0.0115,51.45614,3,3,5,17:15,-1,E09000023,3,2,5,1,1,99,9,9,99,9,99,1,0,0,0,0,1,1,4
2024010487460,2024,010487460,517757,180714,-0.30443,51.51309,3,3,5,16:04,-1,E09000009,3,2,2,-1,1,99,9,9,99,9,99,0,1,1,0,0,0,1,4
2024010487462,2024,010487462,519258,191625,-0.27911,51.61084,2,"[2, 3]",5,15:00,-1,E09000003,3,0,2,1,1,5,2,6,0,0,0,1,0,0,0,0,1,1,4
2024010487466,2024,010487466,548953,186497,0.14727,51.55769,3,3,5,18:00,-1,E09000002,3,2,5,1,1,19,1,5,0,0,0,1,0,0,0,0,1,1,4
2024010487468,2024,010487468,516398,186921,-0.32195,51.56916,3,3,5,16:45,-1,E09000005,3,2,2,1,1,"[19, 10, 2]","[5, 0]","[1, 3, 0]","[4, 0]",0,0,1,0,0,0,0,0,1,4
2024010487469,2024,010487469,522214,180098,-0.24044,51.50661,3,3,2,19:00,-1,E09000013,3,2,2,1,1,"[9, 14]","[1, 7]","[7, 3]",0,0,0,1,0,1,0,0,0,1,1
2024010487471,2024,010487471,524986,182068,-0.19982,51.52371,3,3,5,18:45,-1,E09000033,3,2,2,1,1,19,8,4,0,"[7, 0]",0,1,1,0,0,0,0,1,4
2024010487475,2024,010487475,524813,189402,-0.19972,51.58965,3,3,5,20:26,-1,E09000003,3,2,2,1,1,19,"[3, 1]","[7, 5]",10,0,0,1,0,0,0,0,0,1,4
2024010487476,2024,010487476,524326,185082,-0.20827,51.55094,3,3,5,21:17,-1,E09000005,3,2,2,1,1,99,9,9,99,9,99,1,0,0,0,0,0,1,4
2024010487478,2024,010487478,511978,179191,-0.38815,51.50057,3,3,5,21:12,-1,E09000009,5,2,2,1,1,99,9,9,99,9,99,1,0,0,0,0,0,1,4
2024010487479,2024,010487479,506004,183139,-0.473,51.53721,3,3,5,22:35,-1,E09000017,5,2,2,1,1,"[19, 7]","[3, 2]","[7, 4]",0,0,0,1,0,0,0,0,0,1,4
2024010487481,2024,010487481,533166,195248,-0.07699,51.64028,3,3,5,22:30,-1,E09000010,5,2,2,1,1,"[7, 19]","[6, 7]","[1, 3]",0,"[3, 0]",0,1,0,0,0,0,0,1,4
2024010487482,2024,010487482,530237,190436,-0.12108,51.59772,2,2,5,22:30,-1,E09000014,5,2,5,1,1,19,5,1,0,7,4,1,0,0,0,0,0,1,4
2024010487483,2024,010487483,534343,179452,-0.06603,51.49805,3,3,5,16:00,-1,E09000028,3,2,2,1,1,99,9,9,99,9,99,1,1,0,0,0,0,1,4
2024010487485,2024,010487485,515938,188103,-0.32819,51.57987,3,3,5,21:00,-1,E09000015,3,2,1,1,1,19,8,4,0,0,0,1,0,0,0,0,0,1,4
2024010487488,2024,010487488,524413,186856,-0.20639,51.56686,2,2,5,19:00,-1,E09000003,3,2,9,-1,1,99,9,9,99,9,99,1,0,0,0,0,1,1,4
2024010487489,2024,010487489,531567,179453,-0.10599,51.49871,1,1,6,00:17,-1,E09000028,3,2,2,1,1,19,7,1,0,0,0,0,0,0,1,0,1,1,5
2024010487490,2024,010487490,531070,175566,-0.11459,51.4639,3,3,5,21:00,-1,E09000022,3,2,9,-1,1,99,9,9,99,9,99,0,1,0,0,0,0,1,4
2024010487491,2024,010487491,513094,184316,-0.37044,51.54641,3,3,6,01:06,-1,E09000009,3,2,1,1,1,99,9,9,99,9,99,1,0,0,0,0,0,1,5
2024010487492,2024,010487492,531950,183900,-0.09882,51.53859,2,2,4,19:40,-1,E09000019,3,2,1,1,1,"[10, 4]",2,"[7, 6]",0,0,0,1,1,0,0,0,0,1,3
2024010487493,2024,010487493,523495,181578,-0.22148,51.51963,3,3,5,23:20,-1,E09000020,4,2,1,0,1,9,1,6,0,0,0,1,0,0,0,0,1,1,4
2024010487494,2024,010487494,530033,180354,-0.12775,51.50716,3,3,6,05:27,-1,E09000033,3,2,2,1,1,"[3, 19]",5,1,"[0, 4]",0,0,1,0,1,0,0,0,1,5
2024010487499,2024,010487499,534391,173365,-0.06765,51.44334,3,3,5,21:17,-1,E09000028,3,2,2,1,1,3,3,7,0,0,0,1,0,0,1,0,0,1,4
2024010487500,2024,010487500,525625,191125,-0.18738,51.60496,2,2,6,07:29,-1,E09000003,6,0,1,0,1,"[9, 19]","[2, 5]","[8, 1]",0,0,0,1,0,0,0,0,0,1,5
2024010487503,2024,010487503,527895,172120,-0.16151,51.43365,3,3,4,16:00,-1,E09000032,6,0,9,-1,1,99,9,9,99,9,99,1,0,1,0,0,0,1,3
2024010487505,2024,010487505,551187,177998,0.17583,51.48074,3,3,6,09:40,-1,E09000004,3,0,1,1,1,7,7,2,0,0,0,1,0,0,0,0,0,1,5
2024010487511,2024,010487511,543864,181638,0.07193,51.51535,2,2,6,09:30,-1,E09000025,3,0,1,1,2,"[7, 14]",1,"[3, 5]",0,0,0,0,0,1,1,0,0,1,5
2024010487513,2024,010487513,525196,189259,-0.19424,51.58828,3,3,3,16:56,-1,E09000003,3,2,9,-1,1,99,9,9,99,9,99,1,0,1,0,0,0,1,2
2024010487523,2024,010487523,529305,185677,-0.13628,51.55517,3,3,4,15:30,-1,E09000019,3,0,9,-1,1,99,9,9,99,9,99,1,0,1,0,0,0,1,3
2024010487525,2024,010487525,523970,189560,-0.21182,51.59126,3,3,5,18:32,-1,E09000003,3,2,2,1,1,99,9,9,99,9,99,1,0,1,0,0,0,1,4
2024010487527,2024,010487527,535420,192087,-0.04566,51.61133,3,3,4,11:14,-1,E09000010,3,0,1,0,1,99,9,9,99,9,99,1,0,0,0,0,0,1,3
2024010487531,2024,010487531,535238,198214,-0.04592,51.66644,3,3,5,12:10,-1,E09000010,6,0,1,0,1,99,9,9,99,9,99,1,0,1,0,0,0,1,4
2024010487533,2024,010487533,542146,185275,0.04866,51.54847,3,3,5,17:40,-1,E09000025,3,2,5,1,1,99,"[3, 9]","[7, 9]",99,9,99,1,1,0,0,0,0,1,4
2024010487534,2024,010487534,534060,180852,-0.06957,51.5107,3,3,6,10:15,-1,E09000030,4,0,1,1,1,"[7, 19]",9,9,99,9,99,1,1,0,0,0,0,1,5
2024010487547,2024,010487547,518277,187153,-0.29477,51.57085,3,3,5,18:28,-1,E09000005,5,2,9,-1,1,99,9,9,99,9,99,1,0,1,0,0,0,1,4
2024010487551,2024,010487551,530277,178972,-0.12474,51.49469,3,3,5,22:00,-1,E09000033,3,2,2,1,1,99,9,9,99,9,99,1,1,0,0,0,0,1,4
2024010487552,2024,010487552,524310,188149,-0.20742,51.5785,3,3,3,15:00,-1,E09000003,3,0,9,-1,1,99,9,9,99,9,99,1,0,1,0,0,0,1,2
2024010487553,2024,010487553,542341,184282,0.05107,51.5395,3,3,2,13:53,-1,E09000025,3,2,9,0,1,"[4, 19]",1,5,0,0,0,1,1,0,0,0,0,1,1
2024010487555,2024,010487555,536576,169123,-0.03786,51.4047,3,3,6,13:17,-1,E09000006,6,0,1,0,1,"[2, 19]","[0, 5]","[0, 1]","[0, 4]",0,0,1,0,0,0,0,0,1,5
2024010487556,2024,010487556,524168,189073,-0.20914,51.58684,3,3,5,16:10,-1,E09000003,3,0,2,1,1,"[19, 99]","[1, 9]","[5, 9]","[0, 99]","[0, 9]","[0, 99]",1,0,1,0,0,0,1,4
2024010487561,2024,010487561,508438,181991,-0.43827,51.52643,2,"[2, 3]",6,13:25,-1,E09000017,3,0,1,1,1,"[19, 10]","[1, 5, 3]","[5, 3, 7]",0,"[0, 1]","[0, 1]",1,0,0,1,0,0,1,5
2024010487572,2024,010487572,531630,184401,-0.10324,51.54316,3,3,4,18:55,-1,E09000019,3,2,1,1,1,99,9,9,99,9,99,1,0,1,0,0,0,1,3
2024010487591,2024,010487591,537310,182843,-0.02199,51.52781,3,3,6,16:00,-1,E09000030,3,0,1,0,1,"[19, 7]","[7, 1]","[3, 2]",0,0,0,1,0,0,0,0,0,1,5
2024010487596,2024,010487596,528307,169563,-0.15652,51.41058,3,3,6,15:01,-1,E09000024,6,0,1,0,1,"[4, 2, 19]","[6, 0, 1]","[2, 0, 3]",0,0,0,1,0,0,0,0,0,1,5
2024010487605,2024,010487605,535652,199814,-0.03932,51.68071,3,3,6,18:00,-1,E09000010,3,2,1,0,1,99,9,9,99,9,99,1,0,0,0,0,0,1,5
2024010487612,2024,010487612,532256,190545,-0.09191,51.59823,3,3,6,13:55,-1,E09000014,3,0,1,0,1,19,1,5,0,0,0,1,0,0,0,0,1,1,5
2024010487620,2024,010487620,549046,184742,0.14787,51.5419,3,3,6,18:12,-1,E09000002,3,2,2,1,1,19,1,5,0,0,0,0,0,1,0,0,1,1,5
2024010487622,2024,010487622,539866,177143,0.01257,51.47596,3,3,6,16:55,-1,E09000011,4,2,1,1,1,19,7,3,0,0,0,0,0,0,1,0,0,1,5
2024010487623,2024,010487623,534228,189258,-0.06395,51.5862,3,3,6,13:50,-1,E09000014,6,0,1,1,1,19,3,7,11,0,0,1,0,0,0,0,0,1,5
2024010487630,2024,010487630,527440,171493,-0.16828,51.42812,3,3,6,13:50,-1,E09000032,3,0,1,0,1,5,3,7,0,0,0,0,0,0,1,0,0,1,5
2024010487632,2024,010487632,509196,187433,-0.42566,51.5752,3,3,5,19:15,-1,E09000017,3,2,2,1,1,99,9,9,99,9,99,1,0,1,0,0,0,1,4
2024010487633,2024,010487633,536509,176993,-0.03579,51.47544,3,3,6,18:30,-1,E09000023,3,2,9,1,1,"[19, 3]",3,7,0,0,0,1,0,0,1,0,0,1,5
2024010487637,2024,010487637,540534,188434,0.02669,51.57726,2,2,6,18:50,-1,E09000026,5,2,2,1,1,"[5, 19]","[5, 3]","[1, 7]",0,0,0,1,1,0,0,0,0,1,5
2024010487645,2024,010487645,530875,176125,-0.11719,51.46897,3,3,6,20:34,-1,E09000022,6,2,1,1,1,"[9, 19]",7,"[6, 3]",0,0,0,0,1,1,0,0,0,1,5
2024010487649,2024,010487649,527268,185556,-0.16569,51.55454,3,3,5,18:15,-1,E09000007,5,2,2,1,1,99,9,9,99,9,99,1,0,0,0,0,1,1,4
2024010487654,2024,010487654,530969,185928,-0.1122,51.55704,2,2,6,17:10,-1,E09000019,3,2,1,0,1,19,8,4,0,0,0,0,0,1,0,0,1,1,5
2024010487656,2024,010487656,550727,190868,0.17472,51.5965,3,3,6,21:50,-1,E09000016,5,2,1,1,1,"[19, 9]","[5, 3]",1,0,0,0,1,0,1,0,0,0,1,5
2024010487664,2024,010487664,548468,185776,0.13998,51.55134,3,3,6,19:10,-1,E09000002,5,2,1,1,1,19,"[3, 5]","[7, 1]",0,0,0,1,0,0,0,0,0,1,5
2024010487665,2024,010487665,529288,171111,-0.14185,51.42427,3,3,6,23:58,-1,E09000032,3,2,2,1,1,5,1,5,0,1,11,1,0,0,0,0,0,1,5
2024010487668,2024,010487668,522169,187837,-0.23841,51.57617,1,1,6,21:00,-1,E09000003,3,2,1,1,1,"[9, 19]","[8, 4]","[6, 8]",0,"[0, 7]","[0, 2]",1,0,1,0,0,0,1,5
2024010487670,2024,010487670,530612,169205,-0.12352,51.40684,2,2,6,23:30,-1,E09000008,5,2,9,-1,1,"[2, 99]","[0, 9]","[0, 9]",99,9,99,1,0,1,0,0,0,1,5
2024010487671,2024,010487671,551153,188211,0.17972,51.57251,2,2,6,22:35,-1,E09000016,3,2,1,0,1,19,1,5,0,0,0,1,0,0,0,0,1,1,5
2024010487672,2024,010487672,530352,178047,-0.12401,51.48636,3,3,6,23:11,-1,E09000022,3,2,1,0,1,"[19, 5]",5,1,0,0,0,0,0,0,1,0,0,1,5
2024010487674,2024,010487674,536034,181183,-0.04101,51.5132,3,3,7,00:30,-1,E09000030,4,2,1,1,1,99,9,9,99,9,99,1,1,0,0,0,0,1,6
2024010487675,2024,010487675,533707,190639,-0.07094,51.59873,2,2,6,23:40,-1,E09000014,3,2,1,0,1,"[19, 9]","[7, 2]","[3, 8]",0,0,0,1,0,1,0,0,0,1,5
2024010487676,2024,010487676,530874,182197,-0.11495,51.52353,3,3,6,23:39,-1,E09000007,3,2,1,1,1,14,5,1,0,0,0,1,0,0,0,0,1,1,5
2024010487678,2024,010487678,523054,169014,-0.2322,51.40681,3,3,6,22:45,-1,E09000024,3,2,9,0,1,"[19, 6]","[7, 1]","[3, 1]",0,0,0,1,0,0,0,0,0,1,5
2024010487679,2024,010487679,533607,186340,-0.07401,51.56012,3,3,6,22:26,-1,E09000012,3,2,1,1,1,"[2, 4]","[0, 1]","[0, 5]","[0, 4]",0,0,1,0,0,0,0,1,1,5
2024010487681,2024,010487681,518689,180110,-0.2912,51.50747,3,3,7,02:15,-1,E09000009,3,2,2,1,1,19,1,5,0,7,10,1,0,0,0,0,0,1,6
2024010487684,2024,010487684,533647,176788,-0.07705,51.47428,3,3,7,05:24,-1,E09000028,3,2,1,0,1,19,7,3,"[0, 2]","[0, 7]","[0, 5]",1,0,0,0,0,0,1,6
2024010487685,2024,010487685,549667,184556,0.15674,51.54007,3,3,7,01:04,-1,E09000002,6,2,1,1,1,19,7,3,10,0,0,1,0,0,0,0,0,1,6
2024010487690,2024,010487690,544088,178914,0.07405,51.49082,3,3,7,07:40,-1,E09000011,3,0,1,1,1,19,7,3,7,4,6,1,0,0,0,0,0,1,6
2024010487692,2024,010487692,532664,191534,-0.08565,51.60702,3,3,5,11:00,-1,E09000014,6,0,1,0,1,99,9,9,99,9,99,1,0,0,0,0,0,1,4
2024010487696,2024,010487696,533420,182759,-0.07806,51.52799,3,3,6,08:01,-1,E09000012,3,0,1,0,1,99,9,9,99,9,99,1,1,0,0,0,0,1,5
2024010487702,2024,010487702,530400,167105,-0.12734,51.38801,3,3,6,17:05,-1,E09000008,3,2,1,0,1,99,9,9,99,9,99,1,1,0,0,0,0,1,5
2024010487716,2024,010487716,526259,171749,-0.18517,51.43069,3,3,6,18:50,-1,E09000024,4,2,1,1,1,99,9,9,99,9,99,1,1,0,0,0,0,1,5
2024010487722,2024,010487722,547476,185423,0.12553,51.54843,3,3,7,12:30,-1,E09000002,6,0,1,0,1,19,1,5,0,0,0,1,0,0,0,0,1,1,6
2024010487723,2024,010487723,524778,169672,-0.20719,51.41235,3,3,7,13:30,-1,E09000024,3,0,1,0,1,"[13, 3, 14, 2]","[7, 3, 0]","[3, 7, 0]",0,0,0,1,0,0,0,0,0,1,6
2024010487729,2024,010487729,528924,159344,-0.15135,51.3186,2,2,7,13:36,-1,E09000008,4,0,1,0,1,4,1,5,0,0,0,0,0,0,1,0,0,1,6
2024010487730,2024,010487730,537268,173523,-0.02622,51.44407,2,2,5,16:30,-1,E09000023,3,2,2,1,1,99,9,9,99,9,99,1,0,0,0,0,1,1,4
2024010487737,2024,010487737,531746,168026,-0.10767,51.39598,3,3,6,16:20,-1,E09000008,4,2,1,0,1,99,9,9,99,9,99,1,0,1,0,0,0,1,5
2024010487746,2024,010487746,525140,186143,-0.19616,51.56029,3,3,7,17:00,-1,E09000007,6,0,1,0,1,"[2, 5, 1]","[0, 2, 1]","[0, 6, 5]","[0, 4]",0,0,1,0,0,0,0,0,1,6
2024010487752,2024,010487752,529277,182285,-0.13793,51.52469,3,3,7,02:40,-1,E09000007,3,2,1,0,1,99,9,9,99,9,99,0,0,0,1,0,1,1,6
2024010487755,2024,010487755,510395,172503,-0.41304,51.44077,3,3,6,16:35,-1,E09000018,6,2,2,0,1,5,5,1,0,0,0,1,0,0,0,0,1,1,5
2024010487756,2024,010487756,546976,183620,0.11758,51.53236,2,2,5,17:47,-1,E09000002,3,2,2,1,1,19,7,3,0,0,0,1,0,0,0,0,1,1,4
2024010487758,2024,010487758,518151,169249,-0.30258,51.40996,2,2,7,18:53,-1,E09000021,5,2,1,0,1,5,0,6,0,0,0,0,0,0,1,0,1,1,6
2024010487765,2024,010487765,527912,170334,-0.16191,51.4176,3,3,7,16:50,-1,E09000024,3,2,1,0,1,99,9,9,0,0,0,1,0,0,0,0,1,1,6
2024010487768,2024,010487768,527595,182389,-0.16212,51.52601,3,3,7,15:30,-1,E09000033,3,0,1,0,1,4,5,1,0,0,0,1,0,0,0,0,1,1,6
2024010487769,2024,010487769,525184,180622,-0.19748,51.51067,3,3,7,12:30,-1,E09000020,3,0,1,0,1,99,9,9,99,9,99,1,0,0,0,0,1,1,6
2024010487771,2024,010487771,528575,184245,-0.14733,51.54247,3,3,7,20:36,-1,E09000007,3,2,1,0,1,19,7,3,0,0,0,1,0,0,0,0,1,1,6
2024010487774,2024,010487774,536613,184715,-0.03131,51.5448,3,3,7,11:30,-1,E09000012,3,0,9,-1,1,99,9,9,99,9,99,1,0,0,0,0,0,1,6
2024010487776,2024,010487776,533455,192549,-0.07385,51.61596,3,3,7,19:16,-1,E09000010,3,2,2,1,1,19,8,4,0,0,0,1,1,0,0,0,0,1,6
2024010487777,2024,010487777,530098,177399,-0.1279,51.48059,3,3,7,20:30,-1,E09000022,3,2,1,1,1,5,3,7,0,0,0,0,0,0,1,0,1,1,6
2024010487783,2024,010487783,510550,174353,-0.41023,51.45737,2,2,7,21:38,-1,E09000018,3,2,1,1,1,19,"[7, 5]","[3, 1]",0,"[0, 3]","[0, 1]",1,0,0,1,0,0,1,6
2024010487790,2024,010487790,528781,193977,-0.14079,51.62988,3,3,7,17:20,-1,E09000003,6,2,1,0,1,19,7,3,0,0,0,1,0,0,0,0,0,1,6
2024010487791,2024,010487791,513791,185275,-0.36008,51.55489,3,3,6,19:57,-1,E09000009,3,2,2,1,1,99,9,9,99,9,99,1,0,0,0,0,0,1,5
2024010487793,2024,010487793,531705,183931,-0.10233,51.53892,2,2,1,00:15,-1,E09000019,3,2,1,0,1,19,3,7,0,0,0,0,1,0,0,0,1,1,7
2024010487795,2024,010487795,527822,181941,-0.15901,51.52193,3,3,7,22:55,-1,E09000033,3,2,1,1,1,"[4, 19]",7,3,0,0,0,0,0,1,1,0,0,1,6
2024010487799,2024,010487799,511839,183280,-0.38886,51.53735,3,3,7,21:09,-1,E09000009,3,2,1,1,1,19,1,5,"[0, 4]",0,0,1,0,0,0,0,0,1,6
2024010487800,2024,010487800,529282,180723,-0.13843,51.51065,3,3,1,00:06,-1,E09000033,3,2,1,1,1,"[3, 19]",1,5,0,1,0,1,0,0,0,0,0,1,7
2024010487801,2024,010487801,539686,181765,0.01181,51.51754,3,3,7,23:00,-1,E09000025,3,2,1,0,1,"[6, 19]","[1, 5]",1,0,0,0,1,0,1,0,0,0,1,6
2024010487806,2024,010487806,531379,175638,-0.11012,51.46447,2,2,1,02:56,-1,E09000022,5,2,1,0,1,"[19, 2]","[8, 0]","[4, 0]",0,0,0,1,0,0,0,1,0,1,7
2024010487808,2024,010487808,537169,177678,-0.02603,51.48143,3,3,1,04:15,-1,E09000023,3,2,1,0,1,19,5,1,0,"[7, 0]",0,1,0,1,0,0,0,1,7
2024010487810,2024,010487810,535028,179578,-0.05612,51.49902,3,3,1,02:20,-1,E09000028,3,2,1,0,1,4,"[1, 5]","[5, 1]",0,0,0,1,0,1,0,0,0,1,7
2024010487814,2024,010487814,541091,181768,0.03205,51.51722,3,3,1,05:43,-1,E09000025,3,2,1,1,1,"[19, 5]","[3, 1]","[7, 5]",0,0,0,1,0,0,0,0,0,1,7
2024010487818,2024,010487818,541654,182019,0.04026,51.51933,3,3,1,09:30,-1,E09000025,3,0,1,1,1,"[13, 19]",3,7,0,0,0,1,0,0,0,0,0,1,7
2024010487826,2024,010487826,519381,187268,-0.27881,51.57165,3,3,2,03:00,-1,E09000005,6,2,1,0,1,99,9,9,99,9,99,1,0,0,0,0,1,1,1
2024010487832,2024,010487832,539433,171576,0.00415,51.42605,3,3,1,11:25,-1,E09000023,5,0,1,0,1,"[13, 2]","[4, 0]","[8, 0]","[4, 0]",0,0,1,0,0,0,0,0,1,7
2024010487833,2024,010487833,538299,183522,-0.00748,51.53367,2,"[3, 2]",1,09:30,-1,E09000025,3,0,1,0,1,"[15, 3, 2]","[3, 0]","[7, 0]",0,"[0, 1]","[0, 5]",1,0,0,0,0,0,1,7
2024010487841,2024,010487841,536723,177041,-0.03269,51.47582,3,3,7,17:37,-1,E09000023,3,2,1,0,1,99,9,9,99,9,99,1,0,0,0,0,1,1,6
2024010487847,2024,010487847,532266,189188,-0.09227,51.58603,3,3,7,17:30,-1,E09000014,3,2,1,0,1,99,9,9,99,9,99,1,0,0,0,0,1,1,6
2024010487849,2024,010487849,531918,184798,-0.09894,51.54666,2,2,1,10:22,-1,E09000019,3,2,1,0,1,"[5, 7]","[2, 5]",6,0,0,0,0,1,1,0,0,0,1,7
2024010487863,2024,010487863,525567,180543,-0.192,51.50987,3,3,5,12:45,-1,E09000020,3,0,9,-1,1,99,9,9,99,0,0,1,0,0,0,0,0,1,4
2024010487867,2024,010487867,526601,164518,-0.18283,51.36562,3,3,1,15:36,-1,E09000029,6,0,1,0,1,"[5, 19]","[5, 3]","[1, 7]",0,0,0,1,0,0,0,0,0,1,7
2024010487869,2024,010487869,539255,183912,0.00645,51.53694,3,3,1,16:45,-1,E09000025,4,2,1,0,1,"[19, 9]","[1, 5]","[5, 3]","[0, 7]",0,0,1,0,0,0,0,0,1,7
2024010487873,2024,010487873,506300,180263,-0.4696,51.5113,3,3,1,17:57,-1,E09000017,5,2,1,0,1,19,7,3,12,0,0,1,0,0,0,0,1,1,7
2024010487874,2024,010487874,528307,181076,-0.15234,51.51405,3,3,1,18:20,-1,E09000033,3,2,1,0,1,"[9, 19]","[7, 3]","[4, 7]",0,0,0,1,0,1,0,0,0,1,7
2024010487879,2024,010487879,533874,191484,-0.0682,51.60629,3,3,1,16:52,-1,E09000014,3,0,1,0,1,"[19, 14]",5,1,0,0,0,1,0,0,0,0,0,1,7
2024010487880,2024,010487880,535551,171195,-0.0518,51.42356,3,3,1,13:43,-1,E09000023,3,0,1,0,1,"[19, 9]","[5, 8]","[1, 5]",0,"[7, 0]","[4, 0]",1,0,0,0,0,0,1,7
2024010487890,2024,010487890,555600,182997,0.24153,51.52446,3,3,1,14:23,-1,E09000016,5,0,1,0,2,19,1,7,0,0,0,1,0,0,0,0,0,1,7
2024010487892,2024,010487892,528630,173475,-0.15046,51.44567,3,3,1,16:53,-1,E09000032,3,2,1,0,1,99,9,9,99,9,99,0,0,0,1,0,1,1,7
2024010487894,2024,010487894,527716,175853,-0.16274,51.46724,3,3,7,17:40,-1,E09000032,3,2,1,-1,1,99,9,9,0,0,0,1,0,0,0,0,1,1,6
2024010487896,2024,010487896,512628,173473,-0.38061,51.44905,3,3,1,18:11,-1,E09000027,3,2,1,0,1,19,5,1,0,0,0,0,0,0,1,0,1,1,7
2024010487897,2024,010487897,535898,181171,-0.04298,51.51313,3,3,1,20:50,-1,E09000030,3,2,4,0,1,"[5, 10]","[0, 1]","[3, 7]",0,0,0,1,0,1,0,0,0,1,7
2024010487900,2024,010487900,544855,186517,0.08821,51.55894,3,3,1,00:45,-1,E09000026,3,2,1,0,1,99,9,9,99,9,99,1,0,0,0,0,0,1,7
2024010487903,2024,010487903,538171,181993,-0.00992,51.51996,3,3,1,18:38,-1,E09000030,6,2,1,0,1,"[14, 2, 19]","[1, 0]","[5, 0]",0,0,0,1,0,0,0,0,0,1,7
2024010487904,2024,010487904,542928,171820,0.05448,51.42737,3,3,1,21:10,-1,E09000006,3,2,1,0,1,"[3, 19]","[6, 1]","[2, 5]",0,"[0, 7]",0,1,0,0,0,0,0,1,7
2024010487916,2024,010487916,530885,185993,-0.11339,51.55764,3,3,2,02:15,-1,E09000019,3,2,1,0,1,99,9,9,99,9,99,1,0,0,0,0,0,1,8
2024010487918,2024,010487918,541708,176983,0.03901,51.47407,3,3,1,22:20,-1,E09000011,3,2,1,0,1,"[9, 13]","[4, 7]",3,0,0,0,1,0,1,0,0,0,1,7
2024010487919,2024,010487919,537269,183477,-0.02233,51.53352,3,3,2,01:00,-1,E09000030,3,2,1,0,1,19,4,8,0,"[1, 0]",0,1,0,0,0,0,0,1,8
2024010487926,2024,010487926,548787,187467,0.14529,51.56645,3,3,2,06:22,-1,E09000002,3,2,1,0,1,19,1,5,0,0,0,1,0,0,0,0,1,1,8
2024010487933,2024,010487933,529916,181029,-0.12918,51.51326,3,3,6,15:50,-1,E09000033,3,0,9,-1,1,99,9,9,99,9,99,1,0,1,0,0,0,1,5
2024010487935,2024,010487935,530694,169501,-0.12224,51.40948,3,3,6,15:05,-1,E09000008,3,0,9,-1,1,99,9,9,99,9,99,1,0,1,0,0,0,1,5
2024010487936,2024,010487936,529228,175764,-0.14102,51.4661,3,3,2,07:40,-1,E09000022,5,0,1,0,1,"[19, 8]","[5, 7]","[1, 2]",0,"[1, 0]",0,1,0,0,0,0,0,1,8
2024010487940,2024,010487940,533443,193700,-0.07358,51.6263,3,3,1,21:03,-1,E09000010,5,2,4,-1,1,99,9,9,99,9,99,1,0,0,0,0,0,1,7
2024010487955,2024,010487955,534359,187814,-0.06261,51.57319,3,3,6,15:30,-1,E09000012,6,0,1,0,1,99,9,9,99,9,99,1,0,1,0,0,0,1,5
2024010487956,2024,010487956,515576,193621,-0.3316,51.62954,2,"[2, 3]",2,10:45,-1,E09000015,3,0,1,0,1,"[14, 10]",4,"[8, 2]",10,"[1, 7]","[9, 1]",1,0,0,0,0,0,1,8
2024010487958,2024,010487958,538601,193841,0.00094,51.62632,3,3,2,10:12,-1,E09000031,6,0,1,0,1,"[2, 1]","[0, 1]","[0, 5]",0,"[0, 1]","[0, 11]",1,0,1,0,0,0,1,8
2024010487959,2024,010487959,532971,182562,-0.08461,51.52632,3,3,3,15:04,-1,E09000012,3,0,1,0,1,99,9,9,99,9,99,1,0,0,0,0,0,1,2
2024010487961,2024,010487961,527704,176491,-0.16268,51.47298,2,2,2,08:00,-1,E09000032,3,2,1,0,1,15,1,5,0,0,0,0,0,1,0,0,1,1,8
2024010487964,2024,010487964,544010,177928,0.07252,51.48198,3,3,5,18:30,-1,E09000011,5,2,1,1,1,99,9,9,99,9,99,1,0,1,0,0,0,1,4
2024010487965,2024,010487965,530971,193067,-0.10951,51.62119,3,3,4,15:00,-1,E09000010,6,0,9,-1,1,99,9,9,99,9,99,1,0,1,0,0,0,1,3