collision_index,collision_year,collision_ref_no,location_easting_osgr,location_northing_osgr,longitude,latitude,casualty_severity,casualty_severity,day_of_week,time,local_authority_district,local_authority_ons_district,first_road_class,light_conditions,weather_conditions,road_surface_conditions,urban_or_rural_area,vehicle_manoeuvre,vehicle_direction_from,vehicle_direction_to,hit_object_in_carriageway,vehicle_leaving_carriageway,hit_object_off_carriageway,is_car,is_cyle,is_mcyle,is_goodsv,is_other,is_pedestrian,month,day
2024010487968,2024,010487968,530701,183038,-0.11713,51.53113,3,3,3,01:00,-1,E09000019,3,2,2,1,1,99,9,9,99,9,99,1,0,1,0,0,0,1,2
2024010487974,2024,010487974,529855,173494,-0.13283,51.44556,3,3,2,10:55,-1,E09000022,4,0,1,0,1,"[2, 4]","[0, 5]","[0, 1]","[0, 4]",0,0,1,0,0,0,0,0,1,8
2024010487977,2024,010487977,523293,189357,-0.22166,51.58958,3,3,7,13:40,-1,E09000003,3,0,1,0,1,99,9,9,99,9,99,1,0,1,0,0,0,1,6
2024010487982,2024,010487982,551108,191686,0.18057,51.60374,3,3,6,20:00,-1,E09000016,4,2,9,-1,1,99,9,9,0,0,0,1,0,0,0,0,1,1,5
2024010487984,2024,010487984,515171,186771,-0.33969,51.56806,3,3,2,12:55,-1,E09000015,3,0,1,0,1,"[10, 9]","[5, 1]","[2, 6]",0,0,0,0,0,1,1,0,0,1,8
2024010487986,2024,010487986,527737,177932,-0.16169,51.48592,3,3,2,08:45,-1,E09000020,4,0,1,0,1,"[2, 19]","[0, 6]","[0, 2]",0,0,0,1,1,0,0,0,0,1,8
2024010487990,2024,010487990,533125,189551,-0.07975,51.58909,3,3,5,16:15,-1,E09000014,4,2,9,-1,1,99,9,9,99,9,99,1,0,1,0,0,0,1,4
2024010487995,2024,010487995,531194,168103,-0.11557,51.3968,3,3,4,19:00,-1,E09000008,3,2,1,0,1,99,9,9,99,9,99,1,0,1,0,0,0,1,3
2024010487996,2024,010487996,533664,186761,-0.07303,51.56389,3,3,2,11:16,-1,E09000012,3,0,1,0,1,9,"[6, 5]","[3, 2]",0,0,0,1,1,0,0,0,0,1,8
2024010488003,2024,010488003,551489,188425,0.18466,51.57434,3,3,2,14:15,-1,E09000016,5,0,1,1,1,99,9,9,99,9,99,1,0,0,1,0,0,1,8
2024010488007,2024,010488007,527505,189689,-0.16077,51.59163,3,3,6,17:30,-1,E09000003,6,0,1,1,1,99,9,9,99,9,99,1,0,1,0,0,0,1,5
2024010488013,2024,010488013,538123,187625,-0.0084,51.57058,3,3,4,10:52,-1,E09000031,3,0,1,0,1,99,9,9,99,9,99,1,1,0,0,0,0,1,3
2024010488020,2024,010488020,530209,165910,-0.13052,51.37732,3,3,2,14:30,-1,E09000029,6,0,3,1,1,19,"[7, 3]","[3, 7]","[10, 0]",0,0,1,0,0,1,0,0,1,8
2024010488023,2024,010488023,534179,178844,-0.06862,51.49263,3,3,5,20:36,-1,E09000028,3,2,9,1,1,99,9,9,99,9,99,1,0,1,0,0,0,1,4
2024010488028,2024,010488028,538587,173671,-0.00719,51.44508,3,3,1,20:02,-1,E09000023,3,2,1,0,1,99,9,9,99,9,99,1,0,1,0,0,0,1,7
2024010488029,2024,010488029,525075,186517,-0.19696,51.56367,3,3,2,10:30,-1,E09000003,3,0,1,0,1,99,9,9,99,9,99,1,0,1,0,0,0,1,8
2024010488036,2024,010488036,531289,193231,-0.10486,51.62259,3,3,1,12:41,-1,E09000010,3,0,1,0,1,99,9,9,99,9,99,1,0,0,0,0,1,1,7
2024010488039,2024,010488039,524871,186434,-0.19993,51.56297,2,2,2,16:33,-1,E09000003,3,2,3,1,1,"[4, 19]",7,3,"[0, 4]",0,0,1,0,1,0,0,0,1,8
2024010488041,2024,010488041,534281,195524,-0.06078,51.64249,3,3,2,16:37,-1,E09000010,3,2,2,1,1,"[9, 19]",1,"[6, 5]",0,0,0,1,0,0,0,0,0,1,8
2024010488046,2024,010488046,544924,183770,0.08807,51.53424,3,3,2,16:49,-1,E09000002,5,2,1,1,1,"[7, 19]","[7, 8]","[8, 4]",0,0,0,1,0,0,0,0,0,1,8
2024010488048,2024,010488048,531162,167653,-0.11619,51.39276,3,3,6,16:10,-1,E09000008,3,2,1,0,1,99,9,9,99,9,99,1,0,1,0,0,0,1,5
2024010488052,2024,010488052,526460,184555,-0.1777,51.54573,3,3,2,18:00,-1,E09000007,3,2,3,2,1,5,1,5,0,0,0,0,0,0,1,0,0,1,8
2024010488055,2024,010488055,533925,181366,-0.07132,51.51535,3,3,2,18:05,-1,E09000030,3,2,3,0,1,"[19, 12]",7,3,0,0,0,1,0,1,0,0,0,1,8
2024010488062,2024,010488062,539913,166277,0.00896,51.37831,3,3,2,18:30,-1,E09000006,6,2,1,1,1,"[9, 5]","[5, 1]","[3, 5]",0,0,0,1,0,0,0,0,0,1,8
2024010488063,2024,010488063,540967,173346,0.0269,51.44157,3,3,2,19:30,-1,E09000023,6,2,2,0,1,"[99, 19]","[9, 7]","[9, 3]","[99, 0]","[9, 0]","[99, 0]",1,0,0,0,0,0,1,8
2024010488065,2024,010488065,525751,171728,-0.19248,51.43061,3,3,2,18:20,-1,E09000024,3,2,8,-1,1,99,9,9,99,9,99,0,1,1,1,0,0,1,8
2024010488066,2024,010488066,538313,166170,-0.01405,51.37774,3,3,2,17:56,-1,E09000006,3,2,1,1,1,9,5,4,0,1,11,1,0,0,0,0,0,1,8
2024010488070,2024,010488070,527292,170995,-0.17059,51.42368,3,3,6,12:45,-1,E09000032,5,0,1,0,1,99,9,9,99,9,99,1,0,1,0,0,0,1,5
2024010488072,2024,010488072,507959,181246,-0.4454,51.51983,2,"[3, 2]",2,19:00,-1,E09000017,3,2,8,1,1,"[13, 5, 19]","[5, 1]","[1, 5]",0,0,0,1,0,0,1,0,0,1,8
2024010488073,2024,010488073,527739,181683,-0.1603,51.51963,3,3,2,18:38,-1,E09000033,5,2,1,0,1,"[14, 7]","[7, 5]","[3, 7]",0,0,0,1,1,0,0,0,0,1,8
2024010488077,2024,010488077,549820,190003,0.16126,51.58897,3,3,2,20:20,-1,E09000016,5,2,8,1,1,"[9, 19]","[5, 1]","[3, 5]",0,0,0,1,0,0,0,0,0,1,8
2024010488080,2024,010488080,515544,187926,-0.33394,51.57836,2,2,2,16:46,-1,E09000015,5,2,1,1,1,19,5,1,0,0,0,1,0,0,0,0,1,1,8
2024010488082,2024,010488082,523772,180934,-0.21771,51.51378,3,3,6,06:44,-1,E09000020,6,2,1,0,1,"[99, 19]","[9, 7]","[9, 3]","[99, 0]","[9, 0]","[99, 0]",1,0,1,0,0,0,1,5
2024010488083,2024,010488083,539264,186460,0.00759,51.55984,2,2,2,20:45,-1,E09000031,3,2,1,1,1,"[9, 19]","[5, 1]","[2, 5]",0,0,0,1,0,1,0,0,0,1,8
2024010488090,2024,010488090,537902,188068,-0.01142,51.57462,3,3,2,20:48,-1,E09000031,6,2,1,0,1,9,5,2,0,0,0,1,0,0,0,0,1,1,8
2024010488091,2024,010488091,538441,184421,-0.00508,51.54172,3,3,2,20:58,-1,E09000025,6,2,1,1,1,"[9, 19]","[2, 6]","[8, 2]",0,"[1, 0]","[11, 0]",1,0,0,0,0,0,1,8
2024010488093,2024,010488093,537611,177000,-0.01993,51.47523,3,3,2,23:00,-1,E09000011,3,2,1,1,1,5,0,5,0,0,0,1,0,0,0,0,0,1,8
2024010488096,2024,010488096,543529,182492,0.06746,51.52311,2,2,3,02:45,-1,E09000025,3,2,1,0,1,19,3,7,10,0,0,0,0,1,0,0,0,1,9
2024010488106,2024,010488106,533483,182241,-0.07735,51.52332,3,3,3,06:35,-1,E09000012,3,2,1,2,1,99,9,9,99,9,99,1,1,0,0,0,0,1,9
2024010488109,2024,010488109,523507,184607,-0.22024,51.54685,3,3,7,10:00,-1,E09000005,3,0,9,-1,1,99,9,9,99,9,99,1,0,1,0,0,0,1,6
2024010488110,2024,010488110,528383,179865,-0.15169,51.50315,3,3,6,17:40,-1,E09000033,3,2,9,-1,1,99,9,9,99,9,99,1,0,1,0,0,0,1,5
2024010488112,2024,010488112,530482,167073,-0.12618,51.38771,3,3,3,07:54,-1,E09000008,3,0,1,0,1,"[5, 15]","[5, 1]","[1, 5]",0,0,0,1,0,1,0,0,0,1,9
2024010488120,2024,010488120,531881,166473,-0.1063,51.38199,3,3,2,14:35,-1,E09000008,3,0,1,1,1,99,9,9,99,9,99,1,0,1,0,0,0,1,8
2024010488122,2024,010488122,515357,171056,-0.34214,51.42678,3,3,2,17:45,-1,E09000027,3,2,1,0,1,99,9,9,99,9,99,1,0,0,0,0,1,1,8
2024010488129,2024,010488129,526808,181974,-0.17361,51.52246,3,3,6,19:30,-1,E09000033,3,2,7,1,1,99,9,9,"[99, 8]",9,99,1,0,1,0,0,0,1,5
2024010488139,2024,010488139,527846,178042,-0.16008,51.48689,3,3,6,11:40,-1,E09000020,4,0,1,0,1,99,9,9,0,0,0,1,0,0,0,0,1,1,5
2024010488142,2024,010488142,526412,185571,-0.17802,51.55487,3,3,3,10:25,-1,E09000007,4,0,1,0,1,"[9, 13]","[8, 1]",5,0,0,0,1,0,1,0,0,0,1,9
2024010488143,2024,010488143,531531,167044,-0.11112,51.38721,3,3,7,15:45,-1,E09000008,3,0,9,-1,1,99,9,9,99,9,99,1,0,1,0,0,0,1,6
2024010488151,2024,010488151,547929,185588,0.13213,51.5498,3,3,3,12:30,-1,E09000002,5,0,1,0,1,9,1,7,0,0,0,1,0,0,0,0,1,1,9
2024010488160,2024,010488160,528746,189928,-0.14278,51.5935,3,3,6,19:20,-1,E09000014,6,2,9,-1,1,99,9,9,99,9,99,1,0,1,0,0,0,1,5
2024010488162,2024,010488162,525773,172077,-0.19204,51.43374,3,3,3,13:15,-1,E09000024,6,0,1,0,1,"[9, 4]",1,"[7, 5]",0,0,0,1,1,0,0,0,0,1,9
2024010488163,2024,010488163,536342,189117,-0.03351,51.58442,3,3,5,15:30,-1,E09000031,6,0,9,-1,1,99,9,9,99,9,99,1,0,1,0,0,0,1,4
2024010488164,2024,010488164,528149,171260,-0.15817,51.42587,3,3,2,15:20,-1,E09000032,5,0,9,-1,1,99,9,9,99,9,99,1,0,1,0,0,0,1,8
2024010488167,2024,010488167,532359,193875,-0.08917,51.62813,2,2,3,13:17,-1,E09000010,6,0,1,0,1,19,1,5,0,0,0,1,0,0,0,0,1,1,9
2024010488170,2024,010488170,532459,187700,-0.09005,51.57262,3,3,1,13:30,-1,E09000012,3,0,9,-1,1,"[19, 99]","[1, 9]","[5, 9]","[0, 99]","[0, 9]","[0, 99]",1,0,0,0,0,0,1,7
2024010488172,2024,010488172,512237,180085,-0.38414,51.50856,3,3,2,01:13,-1,E09000009,6,0,3,0,1,99,9,9,99,9,99,1,0,0,0,0,0,1,8
2024010488173,2024,010488173,527835,169287,-0.1634,51.40821,3,3,3,01:53,-1,E09000024,3,2,9,-1,1,99,9,9,99,9,99,1,0,0,0,0,0,1,9
2024010488174,2024,010488174,549795,192411,0.16193,51.61061,3,3,3,11:45,-1,E09000016,6,0,9,0,1,19,1,5,0,0,0,1,0,0,0,0,1,1,9
2024010488177,2024,010488177,514691,183255,-0.34776,51.53656,3,3,2,18:15,-1,E09000009,3,2,4,0,1,99,9,9,99,9,99,1,0,0,0,0,0,1,8
2024010488178,2024,010488178,533405,166279,-0.08449,51.37989,3,3,7,16:40,-1,E09000008,3,2,9,-1,1,99,9,9,99,9,99,1,1,0,0,0,0,1,6
2024010488179,2024,010488179,531905,172289,-0.1038,51.43425,3,3,2,17:20,-1,E09000022,3,2,9,-1,1,99,9,9,99,9,99,1,0,1,0,0,0,1,8
2024010488182,2024,010488182,547242,185359,0.12213,51.54792,2,2,3,08:00,-1,E09000002,6,0,1,0,1,19,5,1,0,0,0,1,0,0,0,0,1,1,9
2024010488186,2024,010488186,510211,189727,-0.4103,51.59562,3,3,3,13:58,-1,E09000017,4,0,1,2,1,"[19, 3]",1,5,0,0,0,1,0,1,0,0,0,1,9
2024010488195,2024,010488195,524257,185171,-0.20923,51.55175,3,3,3,10:00,-1,E09000007,3,0,1,0,1,5,8,4,0,0,0,0,0,0,1,0,0,1,9
2024010488198,2024,010488198,533844,195567,-0.06708,51.64298,3,3,3,14:58,-1,E09000010,6,0,1,0,1,"[2, 14]","[0, 1]","[0, 5]","[0, 4]","[0, 1]","[0, 11]",1,0,0,0,0,0,1,9
2024010488199,2024,010488199,513167,184641,-0.36928,51.54932,2,2,3,10:00,-1,E09000009,5,0,1,1,1,19,3,7,0,0,0,1,0,0,0,0,1,1,9
2024010488211,2024,010488211,520885,192830,-0.25521,51.62132,3,3,2,13:35,-1,E09000003,3,0,1,0,1,99,9,9,99,9,99,1,0,0,0,0,0,1,8
2024010488212,2024,010488212,544555,177817,0.08032,51.48084,3,3,6,18:30,-1,E09000011,5,2,1,-1,1,99,9,9,99,9,99,1,0,1,0,0,0,1,5
2024010488215,2024,010488215,538025,186339,-0.01032,51.55905,3,3,3,15:05,-1,E09000031,6,0,2,0,1,9,3,1,0,0,0,1,0,0,0,0,1,1,9
2024010488216,2024,010488216,531775,170885,-0.10619,51.42167,3,3,3,12:11,-1,E09000008,3,0,1,0,1,99,9,9,99,9,99,1,0,1,0,0,0,1,9
2024010488218,2024,010488218,545646,174871,0.09481,51.45409,2,2,3,08:00,-1,E09000004,3,0,9,-1,1,99,9,9,99,9,99,1,0,1,0,0,0,1,9
2024010488220,2024,010488220,535943,182216,-0.04193,51.52251,3,3,6,11:00,-1,E09000030,3,0,1,0,1,99,9,9,99,9,99,1,1,0,0,0,0,1,5
2024010488224,2024,010488224,551504,177636,0.18024,51.4774,3,3,3,16:40,-1,E09000004,3,2,4,0,1,3,1,5,0,0,0,1,0,0,0,0,0,1,9
2024010488228,2024,010488228,530936,172133,-0.11779,51.43308,3,3,3,16:20,-1,E09000022,5,0,1,0,1,"[9, 19]","[1, 5]","[7, 1]",0,0,0,1,1,0,0,0,0,1,9
2024010488233,2024,010488233,534883,182031,-0.05727,51.5211,3,3,3,15:25,-1,E09000030,6,0,1,0,1,99,9,9,99,9,99,1,0,1,0,0,0,1,9
2024010488236,2024,010488236,533534,182065,-0.07669,51.52172,3,3,6,10:41,-1,E09000030,6,2,1,0,1,99,9,9,8,9,99,0,1,0,0,0,0,1,5
2024010488237,2024,010488237,548474,174754,0.13543,51.45231,3,3,3,14:35,-1,E09000004,6,0,1,0,1,99,9,9,99,9,99,0,0,0,1,0,1,1,9
2024010488240,2024,010488240,552361,188711,0.19735,51.57668,3,3,3,14:05,-1,E09000016,6,0,1,0,1,19,"[1, 5]","[5, 1]",0,0,0,1,0,0,0,0,0,1,9
2024010488242,2024,010488242,526235,177645,-0.18341,51.48368,3,3,3,22:10,-1,E09000020,3,2,1,0,1,99,9,9,99,9,99,1,0,0,0,0,0,1,2
2024010488245,2024,010488245,516760,173712,-0.3211,51.45036,3,3,3,15:35,-1,E09000027,3,0,1,0,1,"[13, 19]",5,1,0,0,0,1,0,0,1,0,0,1,9
2024010488247,2024,010488247,537027,184515,-0.02542,51.5429,3,3,3,10:15,-1,E09000030,6,0,1,0,1,99,9,9,99,9,99,1,1,0,0,0,0,1,9
2024010488248,2024,010488248,526121,181395,-0.18371,51.51741,3,3,3,18:30,-1,E09000033,5,0,9,-1,1,99,9,9,99,9,99,1,0,0,1,0,0,1,9
2024010488250,2024,010488250,523593,184570,-0.21901,51.5465,3,3,6,20:35,-1,E09000005,3,2,1,0,1,"[99, 1]",9,9,99,9,99,0,0,1,1,0,0,1,5
2024010488258,2024,010488258,543586,186302,0.06983,51.55733,3,3,3,17:30,-1,E09000026,3,2,4,0,1,"[19, 15]","[5, 7]","[7, 3]",0,0,0,1,1,0,0,0,0,1,9
2024010488259,2024,010488259,511748,185420,-0.38949,51.55661,3,3,3,18:20,-1,E09000017,5,2,8,0,1,4,3,7,11,1,2,1,0,0,0,0,0,1,9
2024010488265,2024,010488265,517190,177921,-0.31352,51.4881,3,3,3,19:15,-1,E09000018,3,2,1,0,1,99,9,9,99,9,99,1,0,0,0,0,1,1,2
2024010488266,2024,010488266,531831,188225,-0.09891,51.57748,3,3,3,18:50,-1,E09000014,3,2,1,0,1,"[13, 7]",5,"[1, 7]",0,"[0, 1]",0,1,1,0,0,0,0,1,9
2024010488272,2024,010488272,541147,185588,0.03438,51.55153,2,"[3, 2]",3,16:00,-1,E09000025,6,0,1,0,1,19,"[1, 3]","[5, 7]",0,0,0,1,0,0,0,0,0,1,9
2024010488274,2024,010488274,528725,171473,-0.14982,51.42765,3,3,3,09:22,-1,E09000032,5,0,1,0,1,99,9,9,99,9,99,1,1,0,0,0,0,1,9
2024010488280,2024,010488280,531161,186758,-0.10912,51.56445,3,3,3,16:50,-1,E09000019,6,0,9,-1,1,99,9,9,99,9,99,1,0,0,0,0,1,1,9
2024010488287,2024,010488287,532831,166453,-0.09267,51.38159,3,3,3,03:00,-1,E09000008,3,0,1,0,1,99,9,9,99,9,99,1,1,0,0,0,0,1,9
2024010488290,2024,010488290,551744,189362,0.18874,51.58269,3,3,3,21:12,-1,E09000016,3,2,1,0,1,19,"[7, 3]","[3, 7]",0,0,0,1,0,1,0,0,0,1,9
2024010488291,2024,010488291,533422,194335,-0.07364,51.63201,1,1,3,19:23,-1,E09000010,3,2,1,0,1,19,6,2,0,0,0,1,0,0,0,0,1,1,9
2024010488293,2024,010488293,511970,188183,-0.38541,51.58139,3,3,3,18:30,-1,E09000015,6,2,1,0,1,"[4, 19]","[3, 7]","[7, 3]",0,0,0,1,0,0,0,0,0,1,9
2024010488297,2024,010488297,545212,179721,0.09056,51.49778,3,3,3,15:25,-1,E09000011,3,0,1,0,1,99,9,9,99,9,99,1,0,0,0,0,0,1,9
2024010488298,2024,010488298,551168,182781,0.17761,51.52372,3,3,3,21:00,-1,E09000016,3,2,9,-1,1,99,9,9,99,9,99,1,0,0,0,0,0,1,9
2024010488300,2024,010488300,542325,177575,0.04813,51.47923,3,3,3,12:25,-1,E09000011,5,0,1,0,1,99,9,9,99,9,99,1,0,0,0,0,0,1,9
2024010488302,2024,010488302,519133,183469,-0.28367,51.53756,2,2,3,19:45,-1,E09000009,3,2,1,0,1,9,3,1,0,0,0,1,0,0,0,0,1,1,9
2024010488305,2024,010488305,524413,163961,-0.21444,51.3611,2,2,3,19:10,-1,E09000029,3,2,1,0,1,19,5,1,0,0,0,1,0,0,0,0,1,1,9
2024010488308,2024,010488308,524883,183058,-0.20096,51.53263,2,2,2,17:29,-1,E09000005,4,2,1,1,1,19,7,3,0,0,0,1,0,0,0,0,1,1,8
2024010488314,2024,010488314,539852,181881,0.01425,51.51854,3,3,3,21:50,-1,E09000025,3,2,1,0,1,19,6,2,0,"[0, 1]",0,1,0,1,0,0,0,1,9
2024010488317,2024,010488317,537945,168545,-0.01842,51.39917,3,3,4,06:03,-1,E09000006,5,2,9,2,1,"[5, 9]","[5, 1]","[1, 6]",0,0,0,1,1,0,0,0,0,1,10
2024010488321,2024,010488321,542045,180776,0.04539,51.50807,3,3,4,06:35,-1,E09000025,6,2,1,0,1,99,9,9,99,9,99,1,0,0,0,0,1,1,10
2024010488325,2024,010488325,525058,181053,-0.19915,51.51457,3,3,3,12:30,-1,E09000033,5,0,9,-1,1,99,9,9,99,9,99,1,0,1,0,0,0,1,9
2024010488334,2024,010488334,538755,184706,-0.00044,51.5442,3,3,4,09:00,-1,E09000025,3,0,1,0,1,19,3,5,10,0,0,1,0,0,0,0,0,1,10
2024010488337,2024,010488337,536198,162860,-0.04569,51.34851,2,2,4,08:45,-1,E09000008,3,0,1,0,1,9,1,6,0,0,0,1,0,0,0,0,1,1,10
2024010488340,2024,010488340,514337,181917,-0.3533,51.5246,3,3,2,18:40,-1,E09000009,3,2,9,-1,1,99,9,9,99,9,99,1,1,0,0,0,0,1,8
2024010488341,2024,010488341,532496,178750,-0.09288,51.49218,3,3,3,17:40,-1,E09000028,5,2,1,0,1,99,9,9,99,9,99,1,0,1,0,0,0,1,9
2024010488348,2024,010488348,556089,184974,0.24945,51.54208,3,3,4,09:15,-1,E09000016,6,0,1,0,1,99,9,9,99,9,99,1,0,0,1,0,0,1,10
2024010488349,2024,010488349,527018,188809,-0.16812,51.58383,3,3,3,14:15,-1,E09000003,5,0,1,0,1,99,9,9,99,9,99,1,0,1,0,0,0,1,9
2024010488353,2024,010488353,525816,176999,-0.18967,51.47797,3,3,3,15:54,-1,E09000013,3,0,1,0,1,99,9,9,99,9,99,1,0,1,0,0,0,1,9
2024010488356,2024,010488356,531663,166055,-0.10959,51.37829,2,2,4,10:45,-1,E09000008,3,0,1,0,1,19,5,1,0,0,0,1,0,0,0,0,1,1,10
2024010488357,2024,010488357,547996,176021,0.12909,51.46382,3,3,4,08:55,-1,E09000004,5,0,1,0,1,"[5, 19]","[1, 5]","[5, 1]","[10, 0]",0,0,1,0,0,0,0,0,1,10
2024010488361,2024,010488361,524876,182604,-0.20122,51.52855,3,3,4,07:40,-1,E09000033,5,0,1,0,1,19,"[5, 1]","[1, 5]",0,0,0,1,0,0,0,0,0,1,10
2024010488365,2024,010488365,540599,172373,0.02123,51.43292,3,3,3,18:50,-1,E09000023,3,2,1,1,1,99,9,9,99,9,99,1,0,0,0,0,1,1,9
2024010488371,2024,010488371,538258,179499,-0.00964,51.49753,3,3,4,10:52,-1,E09000030,3,0,1,0,1,"[9, 19]","[7, 5]","[5, 1]",0,0,0,1,1,0,0,0,0,1,10
2024010488372,2024,010488372,541690,184726,0.04186,51.54365,3,3,1,15:19,-1,E09000025,6,0,1,1,1,99,9,9,99,9,99,1,0,0,0,0,0,1,7
2024010488375,2024,010488375,534735,185230,-0.05817,51.54988,3,3,4,09:45,-1,E09000012,3,0,1,0,1,4,7,3,0,0,0,0,0,0,1,0,1,1,10
2024010488377,2024,010488377,528141,170502,-0.15856,51.41906,3,3,1,15:40,-1,E09000024,6,0,9,-1,1,99,9,9,99,9,99,1,0,1,0,0,0,1,7
2024010488379,2024,010488379,507887,182307,-0.44611,51.52938,3,3,4,09:00,-1,E09000017,3,0,1,0,1,5,3,7,0,0,0,0,0,0,1,0,0,1,10
2024010488382,2024,010488382,530157,179790,-0.12617,51.50207,3,3,4,11:50,-1,E09000033,3,0,1,0,1,99,9,9,99,9,99,1,1,0,0,0,0,1,10
2024010488385,2024,010488385,534394,189365,-0.06151,51.58712,3,3,4,12:54,-1,E09000014,6,0,1,0,1,4,1,5,0,0,0,1,0,0,0,0,1,1,10
2024010488387,2024,010488387,508520,187306,-0.43545,51.57419,3,3,4,13:47,-1,E09000017,6,0,1,0,1,1,3,7,0,0,0,1,0,0,0,0,1,1,10
2024010488388,2024,010488388,531678,157267,-0.11262,51.29931,3,3,4,09:05,-1,E09000008,6,0,1,2,1,5,2,6,0,0,0,1,0,0,0,0,1,1,10
2024010488402,2024,010488402,530014,175695,-0.12974,51.4653,2,2,4,13:50,-1,E09000022,3,0,1,0,1,19,1,5,0,0,0,1,0,0,0,0,1,1,10
2024010488403,2024,010488403,529056,187950,-0.13904,51.57565,3,3,3,18:15,-1,E09000014,6,2,1,0,1,99,9,9,99,9,99,1,0,1,0,0,0,1,9
2024010488404,2024,010488404,520338,178336,-0.26806,51.49117,1,1,4,13:00,-1,E09000018,3,0,1,0,1,19,7,3,0,0,0,1,0,0,0,0,1,1,10
2024010488412,2024,010488412,543490,189639,0.06981,51.58734,3,3,3,12:17,-1,E09000026,5,0,1,0,1,"[19, 99]","[3, 9]","[7, 9]",99,9,99,1,0,0,0,0,0,1,9
2024010488415,2024,010488415,528975,187809,-0.14026,51.5744,3,3,3,18:30,-1,E09000014,6,2,1,0,1,99,9,9,99,9,99,1,0,1,0,0,0,1,9
2024010488416,2024,010488416,529118,181003,-0.14069,51.51321,3,3,4,14:25,-1,E09000033,3,0,4,0,1,99,9,9,99,9,99,1,0,0,1,0,0,1,10
2024010488417,2024,010488417,532271,177782,-0.09648,51.48353,3,3,4,15:40,-1,E09000028,6,0,1,0,1,19,7,3,0,0,0,1,0,0,0,0,1,1,10
2024010488418,2024,010488418,530425,173641,-0.12458,51.44675,3,3,4,13:30,-1,E09000022,3,0,1,0,1,19,3,7,0,0,0,0,0,1,0,0,1,1,10
2024010488423,2024,010488423,532085,165796,-0.10363,51.37586,3,3,4,06:21,-1,E09000008,5,2,1,2,1,"[3, 19]",6,2,0,0,0,0,0,0,1,0,0,1,10
2024010488424,2024,010488424,531438,178023,-0.10838,51.48589,3,3,3,18:10,-1,E09000028,3,2,8,0,1,99,9,9,99,9,99,0,1,0,0,1,0,1,9
2024010488427,2024,010488427,513538,174990,-0.36704,51.46251,3,3,4,10:40,-1,E09000018,3,0,1,0,1,"[19, 9]","[5, 8]","[1, 5]",0,0,0,1,1,0,0,0,0,1,10
2024010488432,2024,010488432,539839,178273,0.01263,51.48613,3,3,4,17:10,-1,E09000011,3,2,1,0,1,"[9, 19]","[3, 7]","[8, 3]",0,0,0,1,0,1,0,0,0,1,10
2024010488435,2024,010488435,528513,173603,-0.15209,51.44684,3,3,4,16:30,-1,E09000032,6,2,1,0,1,5,"[5, 1]","[1, 5]",0,0,0,0,1,1,0,0,0,1,10
2024010488436,2024,010488436,537938,178802,-0.01452,51.49135,3,3,4,10:15,-1,E09000030,5,0,1,0,1,99,9,9,99,9,99,1,0,0,0,0,1,1,10
2024010488438,2024,010488438,526160,171603,-0.18664,51.4294,2,2,4,17:27,-1,E09000024,4,2,1,0,1,"[19, 7]","[5, 3]","[1, 6]",0,0,0,1,1,0,0,0,0,1,10
2024010488439,2024,010488439,521729,180462,-0.2473,51.50998,3,3,3,15:03,-1,E09000009,6,0,1,0,1,99,9,9,99,9,99,1,0,1,0,0,0,1,9
2024010488441,2024,010488441,545217,183453,0.09217,51.53132,3,3,4,15:52,-1,E09000002,5,0,1,0,1,19,5,1,10,1,0,1,0,0,0,0,0,1,10
2024010488442,2024,010488442,524541,183454,-0.20575,51.53626,3,3,4,15:20,-1,E09000005,5,0,1,0,1,"[19, 9]",5,"[1, 3]",0,"[0, 7]",0,1,0,1,0,0,0,1,10
2024010488443,2024,010488443,524097,185601,-0.21139,51.55565,3,3,4,15:05,-1,E09000007,6,0,1,0,1,99,9,9,99,9,99,1,0,1,0,0,0,1,10
2024010488444,2024,010488444,519626,175329,-0.27933,51.4643,3,3,4,17:47,-1,E09000027,3,2,1,0,1,"[19, 3]",7,3,0,0,0,1,0,0,0,0,0,1,10
2024010488448,2024,010488448,528082,179764,-0.15606,51.50231,2,2,4,17:40,-1,E09000033,3,2,1,0,1,4,3,7,0,0,0,0,0,0,1,0,0,1,10
2024010488450,2024,010488450,531149,172067,-0.11475,51.43243,3,3,4,15:45,-1,E09000022,6,0,1,0,1,5,8,4,0,0,0,1,0,0,0,0,1,1,10
2024010488451,2024,010488451,527633,184828,-0.16069,51.54792,3,3,4,19:03,-1,E09000007,3,2,9,-1,1,99,9,9,99,0,0,1,0,0,0,0,1,1,10
2024010488454,2024,010488454,527709,179153,-0.16165,51.4969,3,3,4,17:20,-1,E09000020,4,2,9,-1,1,99,9,9,99,9,99,1,1,0,0,0,0,1,10
2024010488458,2024,010488458,529719,181349,-0.1319,51.51618,3,3,4,19:31,-1,E09000033,3,2,1,0,1,19,5,1,0,0,0,0,1,0,0,0,1,1,10
2024010488459,2024,010488459,522415,182958,-0.23655,51.53227,3,3,4,18:55,-1,E09000005,3,2,1,0,1,99,9,9,99,9,99,1,0,1,0,0,0,1,10