collision_index,collision_year,collision_ref_no,location_easting_osgr,location_northing_osgr,longitude,latitude,casualty_severity,casualty_severity,day_of_week,time,local_authority_district,local_authority_ons_district,first_road_class,light_conditions,weather_conditions,road_surface_conditions,urban_or_rural_area,vehicle_manoeuvre,vehicle_direction_from,vehicle_direction_to,hit_object_in_carriageway,vehicle_leaving_carriageway,hit_object_off_carriageway,is_car,is_cyle,is_mcyle,is_goodsv,is_other,is_pedestrian,month,day
2024010488461,2024,010488461,528975,183646,-0.14178,51.53699,3,3,4,19:05,-1,E09000007,3,2,1,0,1,99,9,9,99,9,99,1,1,0,0,0,0,1,10
2024010488466,2024,010488466,525964,192035,-0.18217,51.61306,3,3,4,19:00,-1,E09000003,6,2,1,0,1,99,9,9,99,9,99,1,0,0,0,0,0,1,10
2024010488470,2024,010488470,534423,189473,-0.06105,51.58808,3,3,4,14:41,-1,E09000014,3,0,1,0,1,5,1,5,0,0,0,0,0,0,1,0,1,1,10
2024010488471,2024,010488471,508691,183031,-0.4343,51.53573,2,2,4,19:39,-1,E09000017,6,2,1,0,1,5,6,2,0,0,0,1,0,0,0,0,1,1,10
2024010488473,2024,010488473,543683,188691,0.0722,51.57877,3,3,4,17:31,-1,E09000026,3,2,1,0,1,19,1,5,0,0,0,1,0,0,0,0,0,1,10
2024010488476,2024,010488476,524614,194243,-0.20087,51.6332,2,"[3, 2]",4,18:20,-1,E09000003,3,2,1,0,2,"[9, 19]","[4, 8]","[2, 4]",0,0,0,1,0,0,0,0,0,1,10
2024010488480,2024,010488480,534626,170107,-0.06551,51.41401,2,2,4,20:01,-1,E09000006,6,2,1,0,1,19,6,2,0,0,0,0,0,0,0,0,1,1,10
2024010488486,2024,010488486,525738,164449,-0.19524,51.3652,3,3,4,18:20,-1,E09000029,4,2,1,0,1,4,1,5,0,0,0,0,0,0,1,0,0,1,10
2024010488487,2024,010488487,509838,177011,-0.41965,51.4814,3,3,4,11:10,-1,E09000017,3,2,1,0,1,"[19, 6]",7,"[3, 7]",0,"[0, 1]","[0, 5]",1,0,0,0,0,0,1,10
2024010488488,2024,010488488,507949,186055,-0.44407,51.56305,1,1,4,16:00,-1,E09000017,6,0,1,0,1,19,5,3,0,0,0,1,0,0,0,0,1,1,10
2024010488489,2024,010488489,548924,186429,0.14683,51.55709,3,3,4,22:20,-1,E09000002,3,2,1,0,1,19,"[7, 1]","[3, 5]",0,0,0,1,0,0,0,0,0,1,10
2024010488490,2024,010488490,533998,170554,-0.07436,51.41817,2,2,4,22:45,-1,E09000006,3,2,1,1,1,"[19, 9]",8,"[4, 5]",0,0,0,1,1,0,0,0,0,1,10
2024010488494,2024,010488494,526525,184116,-0.17692,51.54177,3,3,4,22:33,-1,E09000007,4,2,1,0,1,5,3,7,10,5,2,1,0,0,0,0,0,1,10
2024010488500,2024,010488500,525181,167752,-0.20208,51.395,3,3,5,04:00,-1,E09000024,3,2,1,1,1,"[19, 2]","[2, 0]","[6, 0]","[4, 0]","[1, 0]",0,1,0,0,0,0,0,1,11
2024010488508,2024,010488508,532388,185272,-0.09199,51.55081,3,3,5,07:30,-1,E09000019,6,2,1,0,1,99,9,9,99,9,99,0,1,0,0,1,0,1,11
2024010488516,2024,010488516,529081,170783,-0.14495,51.42137,3,3,5,08:36,-1,E09000032,3,0,1,0,1,19,2,6,0,0,0,1,0,0,0,0,1,1,11
2024010488526,2024,010488526,540506,166193,0.01744,51.37741,3,3,5,08:55,-1,E09000006,4,0,1,0,1,7,1,3,0,0,0,1,0,0,0,0,1,1,11
2024010488527,2024,010488527,508604,181603,-0.436,51.52291,3,3,5,06:45,-1,E09000017,5,2,8,2,1,"[19, 9]",3,"[7, 1]",0,0,0,1,1,0,0,0,0,1,11
2024010488538,2024,010488538,534250,192348,-0.06245,51.61396,3,3,5,08:47,-1,E09000010,6,0,4,2,1,99,9,9,99,9,99,1,1,0,0,0,0,1,11
2024010488547,2024,010488547,525798,183194,-0.18772,51.53365,3,3,5,09:30,-1,E09000033,3,0,1,0,1,"[19, 4]",1,5,0,0,0,1,0,0,0,0,0,1,11
2024010488548,2024,010488548,527867,174563,-0.16104,51.45562,3,3,3,11:30,-1,E09000032,6,0,1,0,1,99,9,9,99,9,99,1,0,1,0,0,0,1,9
2024010488549,2024,010488549,536730,163275,-0.0379,51.35211,3,3,5,10:00,-1,E09000008,3,0,1,0,1,19,"[2, 8]","[6, 4]",0,0,0,1,1,0,0,0,0,1,11
2024010488550,2024,010488550,533321,168034,-0.08504,51.39569,3,3,4,14:55,-1,E09000008,6,0,1,0,1,99,9,9,99,9,99,1,0,1,0,0,0,1,10
2024010488554,2024,010488554,536372,189939,-0.03275,51.5918,3,3,5,09:15,-1,E09000031,5,0,1,0,1,19,1,5,0,0,0,1,0,0,0,0,1,1,11
2024010488557,2024,010488557,514847,189003,-0.34364,51.58819,2,2,5,12:15,-1,E09000015,5,0,1,0,1,"[9, 19]","[4, 5]","[2, 1]",0,0,0,1,0,1,0,0,0,1,11
2024010488562,2024,010488562,537053,199672,-0.01912,51.6791,3,3,5,10:22,-1,E09000010,3,0,1,0,2,"[19, 4]",5,1,0,0,0,1,0,0,0,0,0,1,11
2024010488565,2024,010488565,522902,185119,-0.22878,51.55158,3,3,5,17:50,-1,E09000005,6,2,2,1,1,99,9,9,99,9,99,0,0,0,0,0,1,1,4
2024010488567,2024,010488567,532848,174977,-0.08923,51.45819,3,3,3,14:55,-1,E09000028,6,0,1,0,1,99,9,9,99,9,99,1,0,0,0,0,1,1,9
2024010488570,2024,010488570,530693,169502,-0.12225,51.40949,3,3,4,13:10,-1,E09000008,3,0,1,0,1,99,9,9,99,9,99,1,0,1,0,0,0,1,10
2024010488576,2024,010488576,531920,166410,-0.10577,51.38142,3,3,4,11:30,-1,E09000008,3,0,1,0,1,99,9,9,99,9,99,1,0,1,0,0,0,1,10
2024010488580,2024,010488580,537152,175648,-0.02706,51.46319,3,3,4,17:15,-1,E09000023,6,2,1,1,1,99,9,9,99,9,99,1,0,0,0,0,1,1,10
2024010488581,2024,010488581,534674,183851,-0.05958,51.5375,2,2,5,13:04,-1,E09000012,5,0,8,0,1,4,3,7,0,0,0,1,0,0,0,0,1,1,11
2024010488582,2024,010488582,514223,175831,-0.35691,51.46993,3,3,5,15:55,-1,E09000018,3,2,2,1,1,99,9,9,99,9,99,1,0,1,0,0,0,1,4
2024010488583,2024,010488583,510761,178876,-0.40578,51.49798,3,3,5,11:15,-1,E09000018,5,0,1,0,1,"[19, 9]","[3, 5]","[7, 2]",0,0,0,1,0,1,0,0,0,1,11
2024010488586,2024,010488586,545558,187134,0.0986,51.5643,3,3,5,14:15,-1,E09000026,3,0,1,0,1,19,3,7,0,0,0,1,0,0,0,0,1,1,11
2024010488590,2024,010488590,535600,181189,-0.04726,51.51336,3,3,3,23:15,-1,E09000030,3,2,8,0,1,99,9,9,99,9,99,1,0,1,0,0,0,1,9
2024010488596,2024,010488596,522094,175295,-0.24383,51.46347,3,3,5,10:30,-1,E09000032,3,0,1,0,1,99,9,9,99,9,99,1,0,0,1,0,0,1,11
2024010488597,2024,010488597,529287,192452,-0.13405,51.61606,3,3,5,15:20,-1,E09000010,3,0,1,0,1,"[9, 19, 3]","[3, 5, 7]","[1, 3]","[8, 10, 0]",0,0,1,0,0,1,0,0,1,11
2024010488598,2024,010488598,536553,178470,-0.03459,51.4887,3,3,5,10:45,-1,E09000023,4,0,1,0,1,7,5,7,0,0,0,0,0,0,1,0,1,1,11
2024010488599,2024,010488599,531646,186967,-0.10205,51.56622,3,3,5,08:20,-1,E09000012,3,0,1,0,1,99,9,9,99,9,99,1,1,0,0,0,0,1,11
2024010488602,2024,010488602,529866,188896,-0.127,51.58397,3,3,3,15:20,-1,E09000014,6,0,1,0,1,99,9,9,99,9,99,1,0,1,0,0,0,1,9
2024010488603,2024,010488603,544912,175131,0.08436,51.45662,3,3,5,15:10,-1,E09000011,3,0,9,0,1,"[14, 19]",4,8,0,0,0,1,0,0,0,0,0,1,11
2024010488610,2024,010488610,521848,183099,-0.24468,51.53366,3,3,5,10:50,-1,E09000005,5,0,1,0,1,99,9,9,99,9,99,1,0,1,0,0,0,1,11
2024010488611,2024,010488611,532112,190180,-0.09412,51.59498,3,3,5,15:57,-1,E09000014,6,0,2,1,1,19,"[2, 7]","[6, 3]",0,0,0,1,1,0,0,0,0,1,11
2024010488612,2024,010488612,543734,180931,0.06977,51.50903,3,3,5,15:24,-1,E09000025,3,0,1,1,1,19,"[5, 1]","[1, 5]",0,0,0,1,0,0,1,0,0,1,11
2024010488615,2024,010488615,527171,178459,-0.16965,51.49079,3,3,5,15:45,-1,E09000020,6,0,1,0,1,19,3,7,0,0,0,1,0,0,0,0,0,1,11
2024010488617,2024,010488617,514643,189504,-0.34642,51.59273,3,3,5,17:10,-1,E09000015,5,2,1,1,1,9,3,8,0,0,0,1,0,0,0,0,1,1,11
2024010488622,2024,010488622,534420,178679,-0.06521,51.49109,3,3,5,15:30,-1,E09000028,5,0,1,0,1,"[10, 19]","[2, 5]",1,0,0,0,1,0,1,0,0,0,1,11
2024010488624,2024,010488624,537496,176502,-0.02178,51.47079,3,3,5,16:57,-1,E09000023,3,2,2,1,1,"[19, 9]","[4, 5]","[8, 4]",0,0,0,1,0,1,0,0,0,1,11
2024010488625,2024,010488625,528861,180896,-0.14443,51.5123,3,3,5,18:46,-1,E09000033,4,2,1,0,1,99,9,9,99,9,99,1,1,0,0,0,0,1,11
2024010488627,2024,010488627,508977,178915,-0.43145,51.49868,3,3,5,17:46,-1,E09000017,6,2,8,1,1,19,5,1,0,0,0,1,0,0,0,0,1,1,11
2024010488628,2024,010488628,531919,166411,-0.10578,51.38143,3,3,5,13:20,-1,E09000008,3,0,1,0,1,99,9,9,99,9,99,1,0,1,0,0,0,1,11
2024010488632,2024,010488632,533918,176106,-0.07341,51.46808,3,3,5,08:27,-1,E09000028,6,0,1,0,1,99,9,9,0,0,0,1,0,0,0,0,1,1,11
2024010488636,2024,010488636,510478,187443,-0.40717,51.57504,2,2,5,17:55,-1,E09000017,5,2,8,1,1,4,1,5,0,0,0,1,0,0,0,0,1,1,11
2024010488639,2024,010488639,526301,164939,-0.18699,51.36947,3,3,5,17:30,-1,E09000029,5,2,1,0,1,19,"[3, 2, 5]","[7, 6, 1]",0,0,0,1,0,0,0,0,0,1,11
2024010488642,2024,010488642,536597,168860,-0.03766,51.40233,3,3,5,18:23,-1,E09000006,3,2,1,1,1,"[5, 19]","[8, 2]","[4, 6]",0,0,0,1,0,1,0,0,0,1,11
2024010488644,2024,010488644,528228,181195,-0.15344,51.51513,3,3,5,19:20,-1,E09000033,6,2,2,1,1,9,6,3,0,0,0,1,0,0,0,0,1,1,11
2024010488649,2024,010488649,534121,166276,-0.07421,51.3797,3,3,5,17:04,-1,E09000008,3,2,2,1,1,19,1,5,0,0,0,1,0,0,0,0,1,1,11
2024010488650,2024,010488650,540098,173844,0.01461,51.44626,3,3,5,20:04,-1,E09000023,3,2,2,1,1,"[9, 19]",7,"[5, 3]",0,0,0,1,0,0,0,0,0,1,11
2024010488653,2024,010488653,535019,182526,-0.05512,51.52551,3,3,5,19:31,-1,E09000030,3,2,2,1,1,"[9, 3]",1,"[7, 5]",0,0,0,1,1,0,0,0,0,1,11
2024010488654,2024,010488654,543329,188450,0.067,51.5767,3,3,5,13:56,-1,E09000026,3,0,8,0,1,"[15, 19]",2,6,0,0,0,1,0,1,0,0,0,1,11
2024010488655,2024,010488655,534722,167300,-0.06519,51.38876,3,3,5,16:15,-1,E09000008,3,0,1,0,1,99,9,9,99,9,99,1,0,0,0,0,0,1,11
2024010488658,2024,010488658,524259,181438,-0.21052,51.5182,2,2,5,19:30,-1,E09000020,4,2,1,1,1,19,5,1,0,0,0,1,0,0,0,0,1,1,11
2024010488663,2024,010488663,536140,176437,-0.04132,51.47053,3,3,5,18:15,-1,E09000023,6,2,1,0,1,9,3,2,0,0,0,1,0,0,0,0,1,1,11
2024010488664,2024,010488664,505365,184392,-0.48183,51.54859,3,3,5,21:15,-1,E09000017,3,2,2,1,1,9,7,5,0,0,0,1,0,0,0,0,1,1,11
2024010488665,2024,010488665,544174,171513,0.07227,51.4243,3,3,5,20:42,-1,E09000006,6,2,8,1,1,"[2, 19]","[0, 5]","[0, 1]","[4, 0]",0,0,1,0,0,1,0,0,1,11
2024010488668,2024,010488668,511991,176212,-0.38891,51.4738,3,3,5,18:15,-1,E09000018,3,2,1,0,1,19,"[7, 3]","[3, 7]",0,0,0,1,0,0,0,0,0,1,11
2024010488671,2024,010488671,537172,180076,-0.02505,51.50298,3,3,5,21:25,-1,E09000030,5,2,1,0,1,19,3,7,"[0, 8]",0,0,1,1,0,0,0,0,1,11
2024010488673,2024,010488673,543494,184797,0.06789,51.54383,3,3,5,18:00,-1,E09000025,3,2,1,0,1,99,9,9,99,9,99,1,0,0,0,0,0,1,11
2024010488681,2024,010488681,530369,177635,-0.12391,51.48265,3,3,6,00:05,-1,E09000022,3,2,1,1,1,5,"[6, 1]","[2, 5]",0,0,0,1,1,0,0,0,0,1,12
2024010488688,2024,010488688,529690,180868,-0.1325,51.51186,3,3,4,18:40,-1,E09000033,3,2,1,0,1,9,3,1,0,0,0,1,0,0,0,0,1,1,10
2024010488689,2024,010488689,532847,183071,-0.0862,51.53093,2,2,6,00:38,-1,E09000012,3,2,1,0,1,5,1,5,0,0,0,0,0,0,1,0,0,1,12
2024010488691,2024,010488691,534731,182680,-0.05921,51.52697,3,3,6,01:43,-1,E09000030,3,2,1,0,1,"[9, 19]","[7, 3]","[5, 7]",0,0,0,1,1,0,0,0,0,1,12
2024010488692,2024,010488692,527408,169237,-0.16955,51.40785,3,3,5,21:55,-1,E09000024,3,2,1,1,1,"[5, 9]","[5, 1]","[1, 7]",0,0,0,1,0,0,0,0,0,1,11
2024010488696,2024,010488696,526801,170406,-0.17786,51.4185,3,3,6,03:50,-1,E09000024,3,2,1,1,1,"[19, 9, 13]",1,"[5, 6]",0,0,0,1,0,1,0,0,0,1,12
2024010488698,2024,010488698,529417,179391,-0.13697,51.49865,3,3,4,17:25,-1,E09000033,4,2,1,0,1,"[3, 19]","[1, 7]","[5, 3]","[0, 8]",0,0,1,1,0,0,0,0,1,10
2024010488699,2024,010488699,531477,178026,-0.10782,51.48591,3,3,4,18:58,-1,E09000028,3,2,1,0,1,"[9, 19]","[7, 1]","[6, 5]",0,0,0,1,0,1,0,0,0,1,10
2024010488711,2024,010488711,541314,175466,0.03274,51.46054,3,3,6,08:00,-1,E09000011,3,0,1,0,1,"[4, 19]",3,7,0,0,0,0,0,0,1,0,0,1,12
2024010488712,2024,010488712,532640,191367,-0.08606,51.60553,3,3,5,17:30,-1,E09000014,3,2,1,0,1,99,9,9,99,9,99,1,1,0,0,0,0,1,11
2024010488738,2024,010488738,528753,189378,-0.14288,51.58855,3,3,5,15:57,-1,E09000014,6,0,1,1,1,99,9,9,99,9,99,1,0,1,0,0,0,1,11
2024010488739,2024,010488739,526889,167081,-0.17778,51.38859,3,3,6,09:00,-1,E09000029,5,0,1,0,1,99,9,9,99,9,99,1,1,0,0,0,0,1,12
2024010488741,2024,010488741,540715,189787,0.02984,51.58937,3,3,3,18:15,-1,E09000026,3,2,1,0,1,99,9,9,99,9,99,1,0,1,0,0,0,1,9
2024010488743,2024,010488743,526790,184095,-0.17311,51.54152,3,3,6,10:05,-1,E09000007,3,0,1,0,1,99,9,9,99,9,99,0,1,0,0,0,0,1,12
2024010488745,2024,010488745,523698,182592,-0.2182,51.5287,3,3,6,10:40,-1,E09000005,3,0,1,1,1,"[2, 9, 19]","[0, 3, 7]","[0, 1, 3]","[0, 4]",0,0,1,1,0,0,0,0,1,12
2024010488747,2024,010488747,541715,169016,0.03593,51.40248,3,3,6,08:48,-1,E09000006,6,0,1,0,1,4,3,7,0,0,0,1,0,0,0,0,1,1,12
2024010488748,2024,010488748,526941,170641,-0.17576,51.42058,3,3,5,18:20,-1,E09000024,3,2,1,0,1,99,9,9,99,9,99,1,0,1,0,0,0,1,11
2024010488749,2024,010488749,537079,177208,-0.02751,51.47723,3,3,6,11:20,-1,E09000023,6,0,8,1,1,99,9,9,99,9,99,1,0,0,0,0,1,1,12
2024010488750,2024,010488750,531815,168704,-0.10642,51.40206,2,2,6,08:20,-1,E09000008,5,0,1,0,1,"[19, 9]","[1, 4]","[5, 2]",0,"[0, 3]",0,1,0,1,0,0,0,1,12
2024010488754,2024,010488754,535579,181466,-0.04746,51.51586,3,3,3,15:40,-1,E09000030,6,0,8,0,1,99,9,9,99,9,99,1,0,0,0,0,0,1,9
2024010488758,2024,010488758,517383,167464,-0.3142,51.39408,3,3,5,23:32,-1,E09000021,3,2,9,-1,2,99,9,9,99,9,99,1,0,0,0,0,0,1,11
2024010488761,2024,010488761,527711,172773,-0.16392,51.43956,3,3,4,17:24,-1,E09000032,3,2,1,0,1,99,9,9,99,9,99,1,0,1,0,0,0,1,10
2024010488762,2024,010488762,524997,181308,-0.19993,51.51687,3,3,5,12:25,-1,E09000033,6,0,9,-1,1,99,9,9,99,9,99,1,0,1,0,0,0,1,11
2024010488767,2024,010488767,527653,174577,-0.16411,51.45579,3,3,4,15:10,-1,E09000032,6,0,9,-1,1,99,9,9,99,9,99,1,0,1,0,0,0,1,10
2024010488768,2024,010488768,530249,181026,-0.12439,51.51315,3,3,6,11:30,-1,E09000033,4,0,1,0,1,99,9,9,99,9,99,1,1,0,0,0,0,1,12
2024010488771,2024,010488771,525360,192816,-0.1906,51.62021,3,3,6,11:48,-1,E09000003,6,0,9,0,1,"[5, 19]",5,1,0,0,0,1,0,0,0,0,0,1,12
2024010488773,2024,010488773,524184,181637,-0.21153,51.52001,3,3,6,11:00,-1,E09000020,4,0,1,0,1,19,1,5,0,0,0,1,0,0,0,0,1,1,12
2024010488774,2024,010488774,529843,182623,-0.12965,51.5276,3,3,6,07:35,-1,E09000007,3,0,8,0,1,"[19, 7]","[6, 2]","[2, 4]",0,"[0, 7]",0,1,0,1,0,0,0,1,12
2024010488776,2024,010488776,530255,176097,-0.12612,51.46886,3,3,6,13:10,-1,E09000022,3,0,8,0,1,"[19, 4]",5,1,0,0,0,1,0,0,0,0,0,1,12
2024010488778,2024,010488778,526860,167831,-0.17793,51.39534,3,3,6,12:09,-1,E09000024,5,0,1,0,1,"[1, 4]",5,1,0,0,0,1,0,0,0,0,0,1,12
2024010488779,2024,010488779,527719,174751,-0.1631,51.45734,3,3,4,15:40,-1,E09000032,6,0,8,-1,1,99,9,9,12,9,99,1,0,1,0,0,0,1,10
2024010488783,2024,010488783,521727,179836,-0.24755,51.50436,3,3,6,12:20,-1,E09000013,6,0,1,0,1,99,9,9,99,9,99,1,0,1,0,0,0,1,12
2024010488784,2024,010488784,544556,177818,0.08033,51.48085,3,3,5,17:15,-1,E09000011,5,2,9,-1,1,99,9,9,99,9,99,1,0,1,0,0,0,1,11
2024010488785,2024,010488785,532047,177034,-0.09999,51.47686,3,3,2,10:10,-1,E09000028,3,0,1,0,1,99,9,9,99,9,99,1,1,0,0,0,0,1,8
2024010488788,2024,010488788,535337,176686,-0.05277,51.47296,3,3,5,16:21,-1,E09000028,3,0,1,0,1,99,9,9,99,9,99,1,0,0,0,0,0,1,11
2024010488790,2024,010488790,547574,168763,0.11999,51.39871,3,3,4,12:48,-1,E09000006,6,0,1,0,1,99,9,9,99,9,99,1,0,0,0,0,0,1,10
2024010488799,2024,010488799,517958,174404,-0.30364,51.45634,3,3,2,17:50,-1,E09000027,3,2,1,1,1,99,9,9,99,9,99,1,1,0,0,0,0,1,8
2024010488800,2024,010488800,533873,190326,-0.06866,51.59588,3,3,5,20:00,-1,E09000014,3,2,1,0,1,99,9,9,99,9,99,1,0,1,0,0,0,1,11
2024010488801,2024,010488801,541067,174286,0.02872,51.44999,3,3,6,14:04,-1,E09000011,3,0,1,1,1,"[3, 5]",7,3,0,0,0,1,0,0,0,0,0,1,12
2024010488804,2024,010488804,532588,176589,-0.09237,51.47274,3,3,6,13:05,-1,E09000028,6,2,9,-1,1,99,9,9,99,9,99,1,0,1,0,0,0,1,12
2024010488805,2024,010488805,530217,186293,-0.1229,51.56049,3,3,6,15:00,-1,E09000019,3,0,1,0,1,"[19, 11]",5,1,0,0,0,1,0,1,0,0,0,1,12
2024010488810,2024,010488810,522958,180314,-0.22965,51.50839,3,3,6,14:40,-1,E09000013,6,0,1,0,1,99,9,9,99,9,99,1,0,1,0,0,0,1,12
2024010488811,2024,010488811,511823,176394,-0.39127,51.47547,1,1,6,14:25,-1,E09000018,3,0,1,0,1,19,3,7,0,0,0,1,0,0,0,0,1,1,12
2024010488817,2024,010488817,529129,171414,-0.14403,51.42703,3,3,5,18:30,-1,E09000032,5,2,9,-1,1,99,9,9,99,9,99,1,0,1,0,0,0,1,11
2024010488821,2024,010488821,540478,186839,0.02524,51.56294,2,2,6,16:05,-1,E09000026,3,2,1,0,2,19,"[5, 1]","[1, 5]",0,0,0,1,0,1,0,0,0,1,12
2024010488822,2024,010488822,521454,185076,-0.24967,51.55151,3,3,6,16:15,-1,E09000005,4,0,1,0,1,99,9,9,99,9,99,1,0,0,0,0,0,1,12
2024010488826,2024,010488826,544740,167592,0.07881,51.38892,3,3,6,17:30,-1,E09000006,5,2,1,0,1,99,9,9,99,9,99,1,0,0,0,0,0,1,12
2024010488830,2024,010488830,529359,183898,-0.13615,51.53917,3,3,6,10:25,-1,E09000007,3,0,1,0,1,99,9,9,99,9,99,1,1,0,0,0,0,1,12
2024010488833,2024,010488833,538134,187521,-0.00828,51.56965,3,3,5,17:30,-1,E09000031,3,2,2,1,1,99,9,9,99,9,99,0,1,0,0,0,0,1,4
2024010488842,2024,010488842,534132,188071,-0.06578,51.57555,2,2,6,16:10,-1,E09000012,6,0,1,0,1,"[19, 5]","[1, 3]","[5, 7]",0,0,0,1,0,1,0,0,0,1,12
2024010488843,2024,010488843,526359,192321,-0.17636,51.61554,3,3,6,17:20,-1,E09000003,3,2,1,0,1,"[9, 5]","[5, 3]","[3, 7]","[0, 1]",0,0,1,0,1,0,0,0,1,12
2024010488845,2024,010488845,517477,180509,-0.30853,51.5113,3,3,6,19:50,-1,E09000009,6,2,1,0,1,"[1, 5]","[1, 7]","[5, 3]",0,0,0,1,0,1,0,0,0,1,12
2024010488847,2024,010488847,512139,177320,-0.38643,51.48373,3,3,6,17:20,-1,E09000018,5,2,1,0,1,19,3,7,0,0,0,1,0,0,0,0,1,1,12
2024010488850,2024,010488850,553632,192139,0.21718,51.60713,3,3,6,09:00,-1,E09000016,5,0,1,1,1,99,9,9,99,9,99,1,0,0,0,0,0,1,12
2024010488852,2024,010488852,524555,180805,-0.20648,51.51245,3,3,6,18:45,-1,E09000020,4,2,1,-1,1,99,9,9,99,9,99,1,1,0,0,0,0,1,12
2024010488855,2024,010488855,531572,180393,-0.10557,51.50716,2,2,6,19:30,-1,E09000028,3,2,1,0,1,"[15, 9]","[7, 3]","[3, 1]",0,0,0,1,1,0,0,0,0,1,12
2024010488856,2024,010488856,547589,185453,0.12717,51.54867,3,3,6,20:58,-1,E09000002,3,2,1,1,1,"[2, 19, 15]","[0, 4]","[0, 8]",0,0,0,1,0,1,0,0,0,1,12
2024010488858,2024,010488858,538173,180547,-0.01046,51.50697,2,"[3, 2]",6,18:15,-1,E09000030,6,0,1,0,1,19,5,1,0,0,0,0,0,1,0,0,1,1,12
2024010488861,2024,010488861,528380,181093,-0.15128,51.51418,3,3,6,15:20,-1,E09000033,3,0,1,0,1,19,3,7,0,0,0,1,0,0,0,0,1,1,12
2024010488863,2024,010488863,516723,180432,-0.31941,51.51077,2,2,6,16:08,-1,E09000009,4,0,1,0,1,"[19, 12]",5,1,0,0,0,1,0,1,0,0,0,1,12
2024010488864,2024,010488864,524668,170750,-0.20839,51.42206,2,2,6,16:36,-1,E09000024,3,2,1,0,1,19,5,1,0,0,0,1,0,0,0,0,1,1,12
2024010488870,2024,010488870,508158,191847,-0.43927,51.61507,3,3,6,16:40,-1,E09000017,3,2,1,0,1,"[19, 6]",7,"[3, 7]",0,0,0,1,0,0,0,0,0,1,12
2024010488871,2024,010488871,540320,182236,0.02113,51.52162,3,3,6,21:50,-1,E09000025,3,2,1,1,1,"[19, 9]",3,"[7, 1]",0,0,0,1,0,0,0,0,0,1,12
2024010488876,2024,010488876,522427,190500,-0.23376,51.60005,2,2,6,23:30,-1,E09000003,3,2,1,0,1,"[2, 19]","[0, 5]","[0, 1]","[0, 10]","[0, 2]","[0, 2]",1,0,0,0,0,0,1,12
2024010488882,2024,010488882,531720,188997,-0.10022,51.58444,3,3,6,23:03,-1,E09000014,3,2,1,0,1,5,5,1,0,0,0,0,0,0,1,0,1,1,12
2024010488883,2024,010488883,542693,183332,0.05575,51.53087,3,3,6,19:20,-1,E09000025,3,2,1,0,1,99,9,9,99,9,99,1,0,0,0,0,0,1,12
2024010488888,2024,010488888,508466,178443,-0.43896,51.49454,3,3,7,00:19,-1,E09000017,1,2,1,0,1,19,7,3,0,0,0,1,0,0,0,0,0,1,13
2024010488889,2024,010488889,529264,159451,-0.14644,51.31949,3,3,6,20:13,-1,E09000008,4,2,1,1,1,"[19, 2]","[7, 3, 0]","[3, 7, 0]",0,0,0,1,0,0,0,0,0,1,12
2024010488891,2024,010488891,542532,185809,0.05444,51.55317,3,3,6,22:39,-1,E09000025,3,2,1,0,1,"[7, 13]","[1, 7]",3,0,0,0,1,0,1,0,0,0,1,12
2024010488894,2024,010488894,546325,186765,0.1095,51.56079,3,3,6,23:30,-1,E09000026,4,2,1,0,1,"[19, 4, 9]","[1, 7]",5,0,0,0,1,0,1,0,0,0,1,12
2024010488896,2024,010488896,540958,182827,0.03056,51.52677,3,3,7,05:35,-1,E09000025,3,2,1,0,1,"[19, 2]","[7, 0]","[3, 0]","[4, 0]",0,0,1,0,0,0,0,0,1,13
2024010488897,2024,010488897,531468,162028,-0.11388,51.34214,3,3,7,01:11,-1,E09000008,5,2,1,0,1,99,9,9,99,9,99,1,0,0,0,0,0,1,13
2024010488898,2024,010488898,543419,165348,0.05893,51.36909,2,2,7,03:15,-1,E09000006,3,2,1,0,1,5,7,3,"[0, 10]",0,0,1,0,1,0,0,0,1,13
2024010488899,2024,010488899,532147,184131,-0.09589,51.54062,3,3,6,17:15,-1,E09000019,3,2,1,0,1,99,9,9,99,9,99,1,0,1,0,0,0,1,12
2024010488905,2024,010488905,545347,164116,0.0861,51.35753,3,3,7,07:35,-1,E09000006,3,0,1,1,2,4,5,1,"[4, 0]",0,0,1,0,0,0,1,0,1,13
2024010488908,2024,010488908,512365,185708,-0.3805,51.55907,3,3,6,16:53,-1,E09000017,5,0,9,-1,1,99,9,9,99,9,99,1,0,1,0,0,0,1,12
2024010488909,2024,010488909,524989,180859,-0.20021,51.51284,3,3,5,17:30,-1,E09000020,6,0,2,1,1,"[5, 9]",3,"[7, 8]",0,0,0,1,1,0,0,0,0,1,11
2024010488911,2024,010488911,541800,172641,0.0386,51.43503,3,3,7,01:00,-1,E09000006,4,2,1,0,1,19,5,1,10,1,0,1,0,0,0,0,0,1,13
2024010488920,2024,010488920,521708,183511,-0.24655,51.53739,3,3,7,11:30,-1,E09000005,3,0,8,0,1,19,7,3,0,9,0,0,1,0,0,0,1,1,13
2024010488924,2024,010488924,518058,183781,-0.29906,51.54059,3,3,7,12:17,-1,E09000005,3,0,1,0,1,19,6,2,0,0,0,0,1,0,0,0,1,1,13
2024010488930,2024,010488930,545312,183337,0.09349,51.53025,3,3,7,13:00,-1,E09000002,3,0,1,0,1,19,7,3,0,0,0,0,0,1,0,0,0,1,13