collision_index,collision_year,collision_ref_no,location_easting_osgr,location_northing_osgr,longitude,latitude,casualty_severity,casualty_severity,day_of_week,time,local_authority_district,local_authority_ons_district,first_road_class,light_conditions,weather_conditions,road_surface_conditions,urban_or_rural_area,vehicle_manoeuvre,vehicle_direction_from,vehicle_direction_to,hit_object_in_carriageway,vehicle_leaving_carriageway,hit_object_off_carriageway,is_car,is_cyle,is_mcyle,is_goodsv,is_other,is_pedestrian,month,day
2024010488933,2024,010488933,519642,166497,-0.28208,51.38492,3,3,6,13:41,-1,E09000021,6,0,1,0,1,99,9,9,99,9,99,1,0,0,0,0,0,1,12
2024010488939,2024,010488939,519701,180235,-0.27659,51.50838,3,3,7,13:00,-1,E09000009,3,0,8,0,1,19,3,7,0,0,0,0,0,1,0,0,1,1,13
2024010488941,2024,010488941,531451,186761,-0.10494,51.56441,2,2,7,12:25,-1,E09000019,3,0,1,0,1,19,2,6,0,0,0,1,0,0,0,0,1,1,13
2024010488946,2024,010488946,530883,175824,-0.11719,51.46626,3,3,5,01:19,-1,E09000022,6,0,5,0,1,99,9,9,99,9,99,1,1,0,0,0,0,1,11
2024010488950,2024,010488950,535479,172960,-0.05216,51.43944,3,3,6,18:28,-1,E09000023,4,2,1,0,1,99,9,9,99,9,99,0,0,1,0,0,0,1,12
2024010488955,2024,010488955,521308,190285,-0.24998,51.59835,3,3,6,15:10,-1,E09000003,6,0,1,0,1,99,9,9,99,9,99,1,0,0,0,0,0,1,12
2024010488959,2024,010488959,534765,181387,-0.05921,51.51534,3,3,7,15:30,-1,E09000030,6,2,1,0,1,19,"[1, 7]","[5, 3]",0,0,0,1,0,0,0,0,0,1,13
2024010488968,2024,010488968,531065,183112,-0.11186,51.53171,3,3,7,08:20,-1,E09000019,3,0,1,0,1,4,7,3,0,3,0,0,0,0,1,0,0,1,13
2024010488969,2024,010488969,528605,175771,-0.14998,51.4663,3,3,7,11:30,-1,E09000022,3,0,1,0,1,99,9,9,99,9,99,1,1,0,0,0,0,1,13
2024010488974,2024,010488974,532771,182450,-0.08753,51.52536,3,3,7,14:30,-1,E09000019,3,0,1,0,1,"[19, 5]","[1, 3]","[5, 7]",0,0,0,0,1,0,1,0,0,1,13
2024010488978,2024,010488978,515006,188590,-0.34148,51.58444,2,2,7,16:46,-1,E09000015,5,2,1,0,1,"[10, 19]","[3, 1, 5]","[8, 5, 2]",0,0,0,1,0,1,0,0,0,1,13
2024010488980,2024,010488980,512912,182792,-0.37355,51.53275,3,3,6,18:15,-1,E09000009,4,2,1,0,1,99,9,9,99,9,99,1,0,0,0,0,0,1,12
2024010488987,2024,010488987,539611,173757,0.00757,51.4456,3,3,7,15:42,-1,E09000023,3,2,1,0,1,"[19, 9]","[7, 1]","[3, 7]",0,0,0,1,0,0,0,0,0,1,13
2024010488990,2024,010488990,541178,178395,0.03195,51.48689,3,3,7,18:55,-1,E09000011,5,2,1,0,1,99,9,9,99,9,99,1,0,0,0,0,0,1,13
2024010488992,2024,010488992,535033,182747,-0.05483,51.5275,3,3,7,18:50,-1,E09000030,4,2,1,0,1,"[14, 3]",3,7,0,0,0,1,1,0,0,0,0,1,13
2024010488993,2024,010488993,530423,177780,-0.12308,51.48394,3,3,6,14:50,-1,E09000022,3,0,1,0,1,99,9,9,99,9,99,0,0,1,1,0,0,1,12
2024010488994,2024,010488994,530156,171893,-0.12909,51.4311,3,3,7,18:45,-1,E09000022,3,2,1,0,1,"[5, 13]","[3, 1]","[7, 5]",0,0,0,1,1,0,0,0,0,1,13
2024010489002,2024,010489002,530983,161753,-0.12094,51.33978,3,3,7,16:00,-1,E09000008,3,0,1,0,1,5,"[5, 7]","[1, 3]",0,0,0,1,0,1,0,0,0,1,13
2024010489009,2024,010489009,539027,178004,0.00084,51.48391,3,3,7,16:00,-1,E09000011,3,0,1,0,1,99,9,9,99,9,99,1,0,1,0,0,0,1,13
2024010489010,2024,010489010,527927,169695,-0.16193,51.41185,3,3,7,21:35,-1,E09000024,3,2,1,0,1,"[3, 19]",1,5,0,0,0,1,0,0,0,0,0,1,13
2024010489011,2024,010489011,523956,163531,-0.22115,51.35734,2,2,7,20:10,-1,E09000029,3,2,1,0,1,"[2, 19]","[0, 3]","[0, 7]",0,0,0,1,0,1,0,0,0,1,13
2024010489012,2024,010489012,522672,187284,-0.23134,51.57109,3,3,7,18:23,-1,E09000003,3,2,1,0,1,5,2,6,0,0,0,0,0,0,1,0,0,1,13
2024010489014,2024,010489014,538356,172930,-0.0108,51.43848,3,3,7,18:18,-1,E09000023,6,2,1,0,1,7,6,8,0,0,0,1,0,0,0,0,1,1,13
2024010489015,2024,010489015,533910,190958,-0.06788,51.60155,3,3,7,22:32,-1,E09000014,3,2,1,0,1,"[13, 9]","[5, 4]",1,0,0,0,1,0,1,0,0,0,1,13
2024010489018,2024,010489018,533837,181328,-0.0726,51.51503,2,2,7,22:00,-1,E09000030,3,2,1,0,1,19,7,3,0,0,0,1,0,0,0,0,1,1,13
2024010489024,2024,010489024,532293,172877,-0.098,51.43945,2,"[3, 2]",7,23:28,-1,E09000022,3,2,1,0,1,19,3,7,"[10, 0]","[7, 0]","[10, 0]",1,0,1,0,0,0,1,13
2024010489027,2024,010489027,532103,178790,-0.09852,51.49263,3,3,1,00:24,-1,E09000028,3,2,1,0,1,"[5, 19]","[3, 5]","[7, 1]",0,0,0,1,1,0,0,0,0,1,14
2024010489028,2024,010489028,541315,184741,0.03647,51.54388,3,3,6,13:01,-1,E09000025,4,0,1,0,1,99,9,9,99,9,99,0,0,1,0,0,0,1,12
2024010489031,2024,010489031,533873,191404,-0.06825,51.60557,3,3,1,00:25,-1,E09000014,5,2,1,0,1,99,9,9,99,9,99,1,0,0,0,0,0,1,14
2024010489033,2024,010489033,539425,170532,0.00363,51.41667,3,3,1,01:26,-1,E09000006,6,2,1,0,1,"[19, 2]","[5, 0]","[1, 0]","[4, 0]",0,0,1,0,0,0,0,0,1,14
2024010489034,2024,010489034,543286,188749,0.0665,51.5794,3,3,1,00:29,-1,E09000026,6,2,1,0,1,"[2, 19, 1]","[0, 3, 5, 7]","[0, 7, 1, 3]",0,0,0,1,0,0,0,0,0,1,14
2024010489035,2024,010489035,535903,195704,-0.03729,51.64372,3,3,1,02:30,-1,E09000010,6,2,1,1,1,"[2, 19]","[0, 3]","[0, 7]","[0, 4]",0,0,1,0,0,0,0,0,1,14
2024010489036,2024,010489036,532180,189186,-0.09352,51.58603,2,2,1,00:41,-1,E09000014,3,2,1,0,1,19,"[3, 7]","[7, 3]",0,"[1, 0]",0,1,0,0,0,0,0,1,14
2024010489038,2024,010489038,512421,173139,-0.3837,51.44609,2,2,1,03:11,-1,E09000027,3,2,1,0,1,"[13, 19]","[3, 7]","[7, 3]","[7, 0]",0,0,0,0,1,1,0,0,1,14
2024010489039,2024,010489039,534453,181317,-0.06373,51.51478,3,3,1,00:23,-1,E09000030,3,2,1,0,1,"[2, 19]","[0, 7, 3]","[0, 3, 7]",0,0,0,1,0,0,0,0,0,1,14
2024010489042,2024,010489042,528293,191166,-0.14887,51.60473,2,2,1,01:50,-1,E09000003,4,2,1,0,1,"[9, 19]","[1, 5]","[6, 1]",0,"[8, 0]","[11, 0]",1,0,0,1,0,0,1,14
2024010489043,2024,010489043,533594,194552,-0.07108,51.63392,3,3,1,04:55,-1,E09000010,5,2,1,1,1,"[2, 19]","[0, 7]","[0, 3]","[0, 4]",0,0,1,0,0,1,0,0,1,14
2024010489048,2024,010489048,513346,184613,-0.36671,51.54903,3,3,1,07:25,-1,E09000009,3,0,1,0,1,"[9, 19]","[3, 7]","[1, 3]",0,0,0,1,0,0,0,0,0,1,14
2024010489055,2024,010489055,515098,188776,-0.34009,51.58609,3,3,1,09:17,-1,E09000015,6,0,1,0,1,"[19, 4, 2]","[1, 5, 0]","[5, 1, 0]","[4, 0]","[0, 1]",0,1,0,0,0,0,0,1,14
2024010489057,2024,010489057,540633,189977,0.02873,51.5911,3,3,1,10:08,-1,E09000026,4,0,1,0,1,19,6,2,0,0,0,1,0,0,0,0,1,1,14
2024010489062,2024,010489062,538533,176727,-0.00677,51.47255,3,3,1,07:37,-1,E09000023,3,0,1,0,1,19,"[7, 3]","[3, 7]",0,0,0,1,0,0,0,0,0,1,14
2024010489066,2024,010489066,533892,191235,-0.06804,51.60404,3,3,6,14:30,-1,E09000014,3,0,1,0,1,99,9,9,99,9,99,1,0,0,0,0,0,1,12
2024010489072,2024,010489072,525792,183899,-0.18756,51.53998,3,3,6,07:07,-1,E09000007,4,2,1,0,1,99,9,9,"[99, 8]",9,99,0,1,0,1,0,0,1,12
2024010489077,2024,010489077,520528,189145,-0.26163,51.58828,3,3,1,10:15,-1,E09000005,5,0,1,0,1,"[19, 2]","[3, 0]","[7, 0]",0,0,0,1,0,0,0,0,0,1,14
2024010489082,2024,010489082,517560,178602,-0.30797,51.49415,3,3,1,13:45,-1,E09000009,6,0,1,0,1,"[9, 19]","[4, 8]","[1, 4]",0,0,0,1,1,0,0,0,0,1,14
2024010489083,2024,010489083,508863,181836,-0.43219,51.52496,3,3,1,12:10,-1,E09000017,3,0,1,0,1,"[5, 9]","[7, 3]","[3, 1]",0,0,0,1,0,0,0,0,0,1,14
2024010489084,2024,010489084,531735,188937,-0.10003,51.5839,3,3,1,12:40,-1,E09000014,3,0,1,0,1,99,9,9,99,9,99,1,1,0,0,0,0,1,14
2024010489093,2024,010489093,528027,183459,-0.15551,51.53553,3,3,1,13:15,-1,E09000033,6,0,1,0,1,"[2, 19]","[0, 5]","[0, 1]",0,0,0,1,1,0,0,0,0,1,14
2024010489094,2024,010489094,543648,182596,0.06921,51.52402,3,3,1,14:36,-1,E09000025,3,0,1,0,1,"[19, 11]",7,3,"[0, 10]",0,0,1,0,0,0,0,0,1,14
2024010489096,2024,010489096,523344,179721,-0.2243,51.50297,3,3,1,13:45,-1,E09000013,3,0,1,0,1,99,9,9,99,9,99,1,1,0,0,0,0,1,14
2024010489100,2024,010489100,530069,180503,-0.12718,51.5085,2,2,1,13:35,-1,E09000033,3,0,1,0,1,19,1,5,0,0,0,1,0,0,0,0,1,1,14
2024010489104,2024,010489104,526969,181790,-0.17136,51.52077,3,3,1,14:22,-1,E09000033,3,0,9,0,1,"[9, 19]","[1, 7]","[7, 3]",0,0,0,1,1,0,0,0,0,1,14
2024010489106,2024,010489106,534741,176782,-0.06131,51.47396,3,3,1,17:30,-1,E09000028,3,2,1,0,1,"[19, 9]","[7, 1]","[3, 7]",0,0,0,1,1,0,0,0,0,1,14
2024010489113,2024,010489113,534340,181651,-0.06523,51.51781,3,3,1,06:15,-1,E09000030,3,0,1,0,1,99,9,9,99,9,99,1,1,0,0,0,0,1,14
2024010489114,2024,010489114,512785,180420,-0.37614,51.51146,3,3,1,16:05,-1,E09000009,3,2,8,0,1,99,9,9,99,9,99,1,0,0,0,0,1,1,14
2024010489119,2024,010489119,526560,190887,-0.17398,51.60261,2,"[3, 2]",1,13:40,-1,E09000003,3,0,1,0,1,19,"[7, 1]","[3, 5]",0,0,0,1,0,0,0,1,0,1,14
2024010489122,2024,010489122,518715,169037,-0.29454,51.40794,3,3,4,14:00,-1,E09000021,5,0,1,0,1,99,9,9,99,9,99,1,1,0,0,0,0,1,10
2024010489123,2024,010489123,529002,189030,-0.13942,51.58537,3,3,5,14:32,-1,E09000014,5,0,8,0,1,99,9,9,99,9,99,1,0,0,0,0,0,1,11
2024010489125,2024,010489125,544858,188280,0.08898,51.57478,3,3,1,00:30,-1,E09000026,3,2,1,0,1,99,9,9,99,9,99,1,0,0,0,0,0,1,14
2024010489130,2024,010489130,526087,168396,-0.18883,51.40059,3,3,1,15:30,-1,E09000024,3,0,1,0,1,"[14, 9]","[1, 3]","[5, 1]",0,0,0,1,0,0,0,0,0,1,14
2024010489132,2024,010489132,532791,183799,-0.08673,51.53748,2,2,1,20:25,-1,E09000019,4,2,1,0,1,"[9, 19]","[1, 6]","[7, 1]",0,0,0,1,0,1,0,0,0,1,14
2024010489139,2024,010489139,525943,164431,-0.19231,51.36499,3,3,1,16:08,-1,E09000029,4,0,1,1,1,19,1,5,0,0,0,0,0,0,1,0,0,1,14
2024010489140,2024,010489140,522623,184631,-0.23298,51.54726,3,3,1,17:34,-1,E09000005,3,0,1,0,1,19,3,7,0,0,0,0,0,0,1,0,0,1,14
2024010489141,2024,010489141,534242,189388,-0.06369,51.58736,3,3,1,20:34,-1,E09000014,3,2,1,0,1,19,5,1,0,0,0,0,0,1,0,0,0,1,14
2024010489142,2024,010489142,548754,183544,0.14316,51.53121,3,3,1,19:30,-1,E09000002,3,2,4,0,1,19,3,7,0,4,2,1,0,0,0,0,0,1,14
2024010489143,2024,010489143,517624,189143,-0.30353,51.58887,3,3,1,20:15,-1,E09000015,6,2,1,0,1,99,9,9,99,9,99,1,0,0,0,0,0,1,14
2024010489149,2024,010489149,536576,181507,-0.03308,51.51598,3,3,2,00:00,-1,E09000030,5,2,1,0,1,"[19, 2]","[2, 6, 0, 1]","[6, 2, 0, 5]",0,0,0,1,0,0,0,0,0,1,15
2024010489150,2024,010489150,533898,191702,-0.06777,51.60824,3,3,6,22:05,-1,E09000014,3,2,1,0,1,99,9,9,99,9,99,1,0,0,0,0,0,1,12
2024010489153,2024,010489153,525771,166977,-0.19388,51.38791,3,3,2,01:05,-1,E09000024,4,2,8,1,1,19,3,7,"[10, 0]",0,0,1,0,1,0,0,0,1,15
2024010489154,2024,010489154,533278,188349,-0.07799,51.57826,3,3,2,02:02,-1,E09000014,4,2,1,0,1,19,3,7,"[10, 0]","[7, 0]","[4, 0]",1,0,0,0,0,0,1,15
2024010489156,2024,010489156,535616,170055,-0.0513,51.4133,3,3,1,21:43,-1,E09000006,3,2,1,1,1,"[19, 9]",5,"[1, 3]",0,0,0,1,0,1,0,0,0,1,14
2024010489164,2024,010489164,528518,173332,-0.15212,51.44441,3,3,5,16:15,-1,E09000032,3,2,1,1,1,99,9,9,99,9,99,1,0,1,0,0,0,1,11
2024010489166,2024,010489166,516965,182022,-0.3154,51.52501,3,3,6,11:00,-1,E09000009,6,0,1,1,1,99,9,9,99,9,99,1,0,1,0,0,0,1,12
2024010489167,2024,010489167,539130,181705,0.00378,51.51714,3,3,2,16:40,-1,E09000025,6,2,9,-1,1,"[4, 19]","[5, 1]","[1, 5]",99,9,"[10, 99]",1,0,0,0,0,0,1,1
2024010489168,2024,010489168,524192,181617,-0.21142,51.51983,2,2,2,06:35,-1,E09000020,4,0,1,0,1,19,"[1, 7]","[5, 3]",0,0,0,1,1,0,0,0,0,1,15
2024010489169,2024,010489169,526216,164122,-0.1885,51.36215,3,3,5,12:25,-1,E09000029,3,0,1,0,1,99,9,9,99,9,99,1,0,1,0,0,0,1,11
2024010489171,2024,010489171,513786,185288,-0.36015,51.55501,3,3,2,07:56,-1,E09000009,3,0,1,1,1,19,"[7, 5]","[3, 1]",0,0,0,1,0,0,0,0,0,1,15
2024010489172,2024,010489172,546342,187214,0.10994,51.56482,2,2,2,07:02,-1,E09000026,4,2,8,2,1,4,7,3,0,0,0,1,0,0,0,0,1,1,15
2024010489179,2024,010489179,536655,189167,-0.02897,51.5848,3,3,2,09:21,-1,E09000031,5,0,1,1,1,99,9,9,99,9,99,1,0,0,0,0,1,1,15
2024010489184,2024,010489184,531898,191279,-0.0968,51.60491,3,3,2,08:20,-1,E09000014,5,0,1,0,1,"[19, 9]","[3, 7]","[7, 4]",0,0,0,1,1,0,0,0,0,1,15
2024010489188,2024,010489188,533863,181345,-0.07222,51.51518,3,3,6,15:11,-1,E09000030,3,0,1,0,1,"[6, 13]",3,"[3, 7]",0,0,0,1,0,1,0,0,0,1,5
2024010489191,2024,010489191,524469,165579,-0.21307,51.37563,2,2,2,07:15,-1,E09000029,5,2,9,0,1,19,7,3,0,0,0,1,0,0,0,0,1,1,15
2024010489194,2024,010489194,525316,187074,-0.19329,51.56862,3,3,1,11:20,-1,E09000003,6,0,1,0,1,99,9,9,99,9,99,1,0,1,0,0,0,1,14
2024010489196,2024,010489196,518864,181210,-0.28831,51.51732,3,3,2,08:27,-1,E09000009,5,0,1,1,1,"[19, 9]","[5, 3]","[1, 2]",0,0,0,1,0,1,0,0,0,1,15
2024010489198,2024,010489198,526040,178518,-0.18591,51.49157,3,3,5,15:30,-1,E09000020,6,0,1,0,1,99,9,9,99,9,99,1,0,1,0,0,0,1,11
2024010489201,2024,010489201,541034,168201,0.02582,51.39532,3,3,1,13:10,-1,E09000006,4,0,1,0,1,99,9,9,99,9,99,1,0,0,0,0,0,1,14
2024010489202,2024,010489202,526169,178689,-0.18399,51.49308,3,3,2,09:07,-1,E09000020,6,0,1,0,1,"[19, 5]","[5, 7]","[1, 3]",0,0,0,1,1,0,0,0,0,1,15
2024010489207,2024,010489207,519218,182530,-0.28277,51.5291,3,3,2,08:19,-1,E09000005,5,0,1,0,1,19,7,3,0,0,0,1,0,0,0,0,1,1,15
2024010489209,2024,010489209,513391,186288,-0.36552,51.56408,3,3,1,20:25,-1,E09000015,3,2,1,0,1,99,9,9,99,9,99,1,0,1,0,0,0,1,14
2024010489213,2024,010489213,524003,178723,-0.21516,51.49386,2,2,6,14:40,-1,E09000013,3,0,1,-1,1,99,9,9,99,9,99,0,1,0,1,0,0,1,12
2024010489214,2024,010489214,538391,183652,-0.0061,51.53482,3,3,2,10:53,-1,E09000025,3,0,1,0,2,99,9,9,99,9,99,1,0,0,0,0,0,1,15
2024010489215,2024,010489215,531657,193600,-0.0994,51.62582,3,3,6,19:45,-1,E09000010,3,2,1,0,1,99,9,9,99,9,99,1,1,0,0,0,0,1,12
2024010489219,2024,010489219,518103,167111,-0.30398,51.39076,3,3,2,11:20,-1,E09000021,6,0,1,0,1,9,5,2,11,0,0,1,0,0,0,0,1,1,15
2024010489220,2024,010489220,512138,176145,-0.38681,51.47317,3,3,2,11:07,-1,E09000018,3,0,1,0,1,7,1,3,0,0,0,1,0,0,0,0,1,1,15
2024010489221,2024,010489221,536921,199265,-0.02119,51.67547,3,3,7,21:00,-1,E09000010,6,2,1,1,1,99,9,9,99,9,99,1,0,1,0,0,0,1,13
2024010489222,2024,010489222,534349,176240,-0.06716,51.46919,2,2,1,10:30,-1,E09000028,3,0,1,0,1,99,9,9,99,9,99,1,1,0,0,0,0,1,14
2024010489223,2024,010489223,539970,174154,0.01289,51.44908,3,3,3,21:30,-1,E09000023,3,2,9,-1,1,99,9,9,99,9,99,1,0,1,0,0,0,1,9
2024010489226,2024,010489226,530499,176457,-0.12248,51.47204,2,2,2,09:59,-1,E09000022,3,0,1,0,1,"[7, 19]","[1, 3]","[2, 7]",0,"[1, 0]",0,1,1,0,0,0,0,1,15
2024010489227,2024,010489227,530902,173282,-0.11785,51.44341,3,3,2,12:40,-1,E09000022,3,0,1,0,1,"[5, 19]",3,7,0,"[1, 0]",0,1,0,0,0,1,0,1,15
2024010489231,2024,010489231,520374,177253,-0.26791,51.48143,3,3,2,09:00,-1,E09000018,5,0,1,0,1,99,9,9,99,9,99,1,0,0,0,0,1,1,15
2024010489232,2024,010489232,528056,171220,-0.15952,51.42553,3,3,2,11:50,-1,E09000032,5,0,1,0,1,"[7, 19]","[6, 7, 2]","[8, 2, 6]",0,0,0,1,0,0,0,0,0,1,15
2024010489234,2024,010489234,535880,181692,-0.04304,51.51781,3,3,2,12:40,-1,E09000030,4,0,8,0,1,"[19, 7]","[7, 1]",3,0,"[0, 2]","[0, 4]",1,1,0,0,0,0,1,15
2024010489235,2024,010489235,543039,181898,0.06016,51.5179,3,3,2,12:05,-1,E09000025,3,0,1,0,1,99,9,9,99,9,99,1,0,0,0,0,0,1,15
2024010489239,2024,010489239,534296,199982,-0.05885,51.68255,3,3,2,06:25,-1,E09000010,1,2,1,0,2,99,9,9,99,9,99,1,0,0,0,1,0,1,15
2024010489241,2024,010489241,529518,184624,-0.1336,51.54566,3,3,2,13:05,-1,E09000007,3,0,1,0,1,9,"[6, 1]","[3, 6]",0,0,0,1,1,0,0,0,0,1,15
2024010489243,2024,010489243,531227,190233,-0.10687,51.59567,3,3,2,08:15,-1,E09000014,6,0,1,0,1,"[9, 19]","[2, 8]","[8, 4]",0,0,0,1,1,0,0,0,0,1,15
2024010489247,2024,010489247,520437,185297,-0.26426,51.55371,3,3,7,21:30,-1,E09000005,6,2,9,-1,1,99,9,9,99,0,0,1,0,1,0,0,0,1,13
2024010489249,2024,010489249,545846,184290,0.10157,51.53867,3,3,2,10:00,-1,E09000002,5,0,1,0,1,19,4,8,0,0,0,1,0,0,0,0,1,1,15
2024010489250,2024,010489250,511555,185373,-0.39229,51.55622,3,3,2,11:20,-1,E09000017,5,0,1,0,1,19,7,3,0,0,0,1,0,0,0,0,0,1,15
2024010489254,2024,010489254,531152,180040,-0.11175,51.50408,3,3,2,13:42,-1,E09000022,3,0,1,0,1,5,1,5,0,0,0,0,0,0,1,0,0,1,15
2024010489258,2024,010489258,529241,173580,-0.14163,51.44647,3,3,2,11:30,-1,E09000022,5,0,1,0,1,99,9,9,99,9,99,1,0,1,0,0,0,1,15
2024010489270,2024,010489270,537271,176180,-0.02514,51.46795,3,3,2,15:55,-1,E09000023,3,0,1,0,1,"[19, 5, 2]","[1, 0]","[5, 0]",0,0,0,1,0,1,0,0,0,1,15
2024010489273,2024,010489273,525520,177231,-0.19385,51.48012,2,2,2,14:10,-1,E09000013,3,0,1,-1,1,99,9,9,99,9,99,0,0,0,1,0,1,1,15
2024010489275,2024,010489275,530084,187476,-0.12438,51.57116,3,3,2,08:20,-1,E09000019,6,0,1,0,1,"[3, 5]",1,5,0,0,0,1,1,0,0,0,0,1,15
2024010489276,2024,010489276,524646,196446,-0.19962,51.65299,3,3,2,14:35,-1,E09000003,3,0,1,0,1,"[5, 7]","[8, 5]","[4, 6]",0,0,0,1,0,0,1,0,0,1,15
2024010489278,2024,010489278,505963,183863,-0.47337,51.54373,3,3,2,15:20,-1,E09000017,3,0,1,0,1,"[7, 19]","[7, 5]",1,0,0,0,1,1,0,0,0,0,1,15
2024010489281,2024,010489281,531543,189566,-0.10256,51.5896,3,3,2,15:05,-1,E09000014,3,0,1,0,1,99,9,9,99,9,99,1,0,1,0,0,0,1,15
2024010489287,2024,010489287,527765,181937,-0.15984,51.52191,3,3,2,15:02,-1,E09000033,3,0,1,0,1,"[3, 19]",1,5,0,0,0,1,0,0,0,0,0,1,15
2024010489292,2024,010489292,516620,190467,-0.31757,51.60098,3,3,2,16:53,-1,E09000015,5,2,1,0,1,19,1,5,0,0,0,1,0,0,0,0,1,1,15
2024010489294,2024,010489294,526167,184968,-0.18177,51.54951,3,3,2,15:40,-1,E09000007,3,0,1,0,1,19,"[5, 7]","[1, 3]",0,0,0,1,0,0,0,0,0,1,15
2024010489296,2024,010489296,530123,180088,-0.12655,51.50475,3,3,2,17:30,-1,E09000033,3,2,1,0,1,4,5,1,0,0,0,0,0,0,1,0,0,1,15
2024010489298,2024,010489298,531906,195104,-0.09524,51.63928,3,3,2,07:45,-1,E09000010,5,0,1,0,1,99,9,9,99,9,99,1,1,0,0,0,0,1,15
2024010489299,2024,010489299,530064,177296,-0.12843,51.47968,2,2,2,07:59,-1,E09000022,3,0,1,0,1,99,9,9,99,9,99,1,1,0,0,0,0,1,15
2024010489300,2024,010489300,528396,180154,-0.1514,51.50574,3,3,2,17:40,-1,E09000033,3,2,1,0,1,19,1,5,0,0,0,1,0,1,0,0,0,1,15
2024010489302,2024,010489302,538320,179217,-0.00886,51.49498,3,3,2,19:00,-1,E09000030,3,2,1,0,1,99,9,9,99,9,99,1,1,0,0,0,0,1,15
2024010489305,2024,010489305,532733,187957,-0.086,51.57486,3,3,5,20:53,-1,E09000014,3,2,1,1,1,99,9,9,99,9,99,1,0,0,0,0,1,1,11
2024010489308,2024,010489308,525300,195872,-0.19038,51.64769,3,3,2,07:00,-1,E09000003,3,2,8,1,1,99,9,9,99,9,99,1,0,0,0,0,0,1,15
2024010489314,2024,010489314,546832,175782,0.11224,51.46197,3,3,2,17:20,-1,E09000004,3,2,1,0,1,99,9,9,99,9,99,1,0,0,0,0,0,1,15
2024010489315,2024,010489315,507470,178724,-0.45321,51.49725,3,3,6,23:55,-1,E09000017,1,2,1,2,1,99,9,9,99,9,99,1,0,0,0,0,0,1,12
2024010489316,2024,010489316,528094,175478,-0.15744,51.46379,3,3,2,18:30,-1,E09000032,6,0,1,0,1,"[1, 3]","[5, 1]","[1, 5]",0,0,0,1,0,0,0,0,0,1,15
2024010489318,2024,010489318,528219,161218,-0.16079,51.3356,3,3,2,16:00,-1,E09000029,3,2,8,0,1,19,"[7, 3]","[3, 7]","[12, 0]",0,0,1,0,0,0,0,0,1,15
2024010489319,2024,010489319,523425,181132,-0.22264,51.51564,3,3,1,18:57,-1,E09000013,3,2,8,1,1,"[3, 19]",9,9,99,9,99,1,0,1,0,0,0,1,14
2024010489320,2024,010489320,535050,192222,-0.05095,51.61264,3,3,2,18:19,-1,E09000010,3,2,1,0,1,"[19, 3]",7,3,0,0,0,1,0,0,0,0,0,1,15
2024010489321,2024,010489321,528688,192442,-0.1427,51.6161,3,3,2,14:32,-1,E09000003,3,0,1,0,1,19,3,7,0,0,0,0,0,1,0,0,1,1,15
2024010489329,2024,010489329,528183,191362,-0.15038,51.60651,3,3,2,15:48,-1,E09000003,4,0,1,0,1,"[3, 4]",3,7,0,0,0,1,0,0,0,0,0,1,15
2024010489333,2024,010489333,538106,185699,-0.0094,51.55328,3,3,2,22:07,-1,E09000031,3,2,1,0,2,19,3,7,0,0,0,1,0,0,0,0,0,1,15
2024010489340,2024,010489340,529825,181378,-0.13037,51.51641,3,3,6,08:55,-1,E09000007,3,0,1,0,1,"[9, 19]","[5, 1]","[3, 5]",0,0,0,1,1,0,0,0,0,1,12
2024010489343,2024,010489343,538029,180989,-0.01236,51.51098,3,3,2,06:15,-1,E09000030,3,2,1,0,1,99,9,9,99,9,99,1,0,0,0,0,1,1,15
2024010489345,2024,010489345,542302,190116,0.05286,51.59193,3,3,1,18:30,-1,E09000026,5,2,9,-1,1,99,9,9,99,9,99,1,0,1,0,0,0,1,14
2024010489352,2024,010489352,511864,183303,-0.38849,51.53755,3,3,6,07:28,-1,E09000009,4,0,1,2,1,"[19, 7]","[2, 1]","[6, 4]",0,0,0,1,0,1,0,0,0,1,12
2024010489353,2024,010489353,540416,182325,0.02255,51.52239,3,3,3,08:09,-1,E09000025,3,0,8,1,1,"[19, 5]",1,5,0,0,0,1,0,1,0,0,0,1,16
2024010489354,2024,010489354,521249,191952,-0.25026,51.61335,3,3,3,07:10,-1,E09000003,3,2,1,1,1,99,9,9,99,9,99,1,0,0,0,0,0,1,16
2024010489358,2024,010489358,530924,167005,-0.11985,51.387,3,3,2,14:54,-1,E09000008,6,0,1,0,1,99,9,9,99,9,99,1,0,1,0,0,0,1,15
2024010489360,2024,010489360,531134,167628,-0.11661,51.39255,3,3,2,11:28,-1,E09000008,3,0,1,0,1,99,9,9,99,9,99,1,0,1,0,0,0,1,15
2024010489369,2024,010489369,525997,163107,-0.192,51.35308,3,3,3,09:00,-1,E09000029,4,0,1,0,1,"[7, 19]","[7, 1]","[1, 5]",0,0,0,1,0,0,0,0,0,1,16
2024010489372,2024,010489372,549863,174248,0.15519,51.4474,3,3,3,07:40,-1,E09000004,3,2,1,2,1,19,7,3,0,4,0,1,0,0,0,0,0,1,16
2024010489374,2024,010489374,551565,189189,0.18608,51.58119,3,3,3,10:16,-1,E09000016,3,0,1,0,1,19,7,3,0,0,0,1,0,0,0,0,1,1,16