collision_index,collision_year,collision_ref_no,location_easting_osgr,location_northing_osgr,longitude,latitude,casualty_severity,casualty_severity,day_of_week,time,local_authority_district,local_authority_ons_district,first_road_class,light_conditions,weather_conditions,road_surface_conditions,urban_or_rural_area,vehicle_manoeuvre,vehicle_direction_from,vehicle_direction_to,hit_object_in_carriageway,vehicle_leaving_carriageway,hit_object_off_carriageway,is_car,is_cyle,is_mcyle,is_goodsv,is_other,is_pedestrian,month,day
2024010489378,2024,010489378,525883,175301,-0.18931,51.46269,3,3,5,18:14,-1,E09000032,6,2,5,1,1,99,9,9,99,9,99,1,1,0,0,0,0,1,4
2024010489380,2024,010489380,523835,175090,-0.21885,51.46125,3,3,3,08:00,-1,E09000032,3,0,1,0,1,99,9,9,"[8, 99]",9,99,1,1,0,0,0,0,1,16
2024010489382,2024,010489382,515355,176435,-0.34042,51.47513,3,3,3,10:05,-1,E09000018,3,0,1,0,1,"[19, 2]","[3, 0, 7]","[7, 0, 3]",0,0,0,1,1,0,0,0,0,1,16
2024010489385,2024,010489385,531391,168870,-0.11245,51.40365,3,3,2,14:41,-1,E09000008,6,0,1,0,1,99,9,9,99,9,99,1,0,1,0,0,0,1,15
2024010489386,2024,010489386,537150,192544,-0.02051,51.61502,3,3,5,13:45,-1,E09000031,6,0,9,-1,1,99,9,9,99,9,99,1,0,1,0,0,0,1,11
2024010489389,2024,010489389,540947,182461,0.03025,51.52348,3,3,3,19:00,-1,E09000025,6,2,1,0,1,99,9,9,0,0,0,1,0,0,0,0,1,1,9
2024010489390,2024,010489390,521448,182486,-0.25065,51.52823,3,3,3,08:20,-1,E09000009,3,0,1,0,1,99,9,9,99,9,99,1,0,0,0,0,1,1,16
2024010489391,2024,010489391,538045,188050,-0.00936,51.57442,3,3,2,17:25,-1,E09000031,4,2,1,0,1,"[10, 3]","[5, 1]","[3, 5]",0,0,0,1,1,0,0,0,0,1,15
2024010489396,2024,010489396,528484,178226,-0.15083,51.48839,3,3,3,08:30,-1,E09000033,4,0,8,2,1,"[9, 19]","[1, 5]","[6, 1]",0,0,0,1,1,0,0,0,0,1,16
2024010489397,2024,010489397,541321,183176,0.03592,51.52981,3,3,3,10:30,-1,E09000025,3,0,1,0,1,99,9,9,99,9,99,1,0,0,0,0,0,1,16
2024010489398,2024,010489398,523932,179603,-0.21587,51.50178,3,3,3,08:24,-1,E09000013,5,0,1,0,1,19,5,1,0,0,0,1,0,0,0,0,0,1,16
2024010489401,2024,010489401,534897,185955,-0.05556,51.55636,3,3,2,08:40,-1,E09000012,3,0,1,0,1,99,9,9,99,9,99,1,1,0,0,0,0,1,15
2024010489402,2024,010489402,534994,200155,-0.0487,51.68394,3,3,2,15:00,-1,E09000010,1,0,1,0,2,99,9,9,99,9,99,1,0,0,0,0,0,1,15
2024010489404,2024,010489404,524129,180012,-0.21289,51.50542,3,3,3,12:20,-1,E09000020,3,0,1,0,1,19,"[1, 3]","[5, 7]",0,0,0,1,0,1,0,0,0,1,16
2024010489408,2024,010489408,524190,174454,-0.21397,51.45545,3,3,3,10:15,-1,E09000032,6,0,1,0,1,"[10, 13]",7,"[6, 3]",0,0,0,1,0,1,0,0,0,1,16
2024010489413,2024,010489413,511885,180549,-0.38906,51.5128,3,3,3,07:46,-1,E09000009,3,0,1,0,1,4,5,1,0,0,0,1,0,0,0,0,1,1,16
2024010489415,2024,010489415,538227,175283,-0.01174,51.45965,2,2,3,11:11,-1,E09000023,3,0,1,0,1,14,5,1,0,0,0,0,0,0,1,0,1,1,16
2024010489419,2024,010489419,533197,169745,-0.08618,51.41109,3,3,3,10:10,-1,E09000008,3,0,1,0,1,"[19, 3]",5,1,0,0,0,1,0,0,0,0,0,1,16
2024010489420,2024,010489420,539245,176792,0.0035,51.47296,3,3,2,09:11,-1,E09000011,4,0,1,0,1,99,9,9,99,9,99,1,1,0,0,0,0,1,15
2024010489427,2024,010489427,534446,170323,-0.06801,51.41599,3,3,3,08:53,-1,E09000006,5,0,1,0,1,99,9,9,99,9,99,1,0,0,0,0,1,1,16
2024010489430,2024,010489430,536523,174823,-0.03643,51.45593,3,3,3,13:37,-1,E09000023,4,0,1,0,1,"[19, 10]","[5, 1]","[1, 7]",0,0,0,1,0,0,0,0,0,1,16
2024010489434,2024,010489434,518276,165900,-0.3019,51.37984,3,3,3,07:45,-1,E09000021,3,0,1,0,1,99,9,9,99,9,99,1,1,0,0,0,0,1,16
2024010489437,2024,010489437,509113,180848,-0.4289,51.51603,3,3,3,14:30,-1,E09000017,6,0,1,0,1,"[14, 4]","[5, 3]","[1, 7]",0,0,0,1,0,0,0,0,0,1,16
2024010489439,2024,010489439,537069,181028,-0.02617,51.51156,3,3,3,12:35,-1,E09000030,3,0,1,0,1,99,9,9,99,9,99,1,0,1,0,0,0,1,16
2024010489443,2024,010489443,522733,189076,-0.22984,51.58718,2,2,3,15:15,-1,E09000003,3,0,1,0,1,19,6,2,0,0,0,1,0,0,0,0,1,1,16
2024010489445,2024,010489445,523140,179513,-0.22731,51.50115,3,3,3,11:15,-1,E09000013,6,0,1,0,1,99,9,9,99,9,99,1,0,1,0,0,0,1,16
2024010489446,2024,010489446,531196,168090,-0.11554,51.39668,3,3,2,12:30,-1,E09000008,3,0,9,-1,1,99,9,9,99,9,99,1,0,1,0,0,0,1,15
2024010489449,2024,010489449,535329,182021,-0.05085,51.5209,3,3,3,15:46,-1,E09000030,3,0,1,0,1,5,2,6,0,0,0,0,1,0,1,0,0,1,16
2024010489454,2024,010489454,523992,180116,-0.21483,51.50638,3,3,3,11:10,-1,E09000020,5,0,1,0,1,"[3, 10]",1,"[5, 6]",0,0,0,1,0,0,0,0,0,1,16
2024010489458,2024,010489458,525301,182051,-0.19529,51.52348,3,3,5,12:05,-1,E09000033,6,0,8,0,1,99,9,9,0,0,0,1,0,0,0,0,1,1,11
2024010489460,2024,010489460,529689,181296,-0.13236,51.51571,3,3,3,12:08,-1,E09000033,6,0,1,0,1,99,9,9,99,9,99,1,0,1,0,0,0,1,16
2024010489463,2024,010489463,529223,184142,-0.13802,51.54139,3,3,3,07:13,-1,E09000007,3,2,8,0,1,99,9,9,99,9,99,0,1,0,0,0,1,1,16
2024010489464,2024,010489464,527508,176503,-0.1655,51.47313,3,3,3,14:45,-1,E09000032,3,0,1,1,1,4,1,5,0,0,0,0,0,1,0,0,1,1,16
2024010489468,2024,010489468,527692,179371,-0.16182,51.49886,3,3,7,17:30,-1,E09000020,6,2,1,0,1,99,9,9,0,0,0,1,0,0,0,0,1,1,13
2024010489475,2024,010489475,549236,176254,0.14702,51.46559,3,3,3,15:00,-1,E09000004,5,0,1,0,1,9,4,2,0,0,0,1,0,0,0,0,1,1,16
2024010489476,2024,010489476,530106,165192,-0.13226,51.37089,3,3,3,17:40,-1,E09000029,4,2,1,0,1,"[14, 9]","[6, 4]",2,0,0,0,1,0,1,0,0,0,1,16
2024010489483,2024,010489483,523994,181285,-0.21439,51.51689,3,3,3,13:20,-1,E09000020,3,0,8,0,1,99,9,9,99,9,99,1,0,0,0,0,0,1,16
2024010489484,2024,010489484,551065,176097,0.17326,51.46369,3,3,3,15:50,-1,E09000004,5,0,1,0,1,5,7,3,0,0,0,0,0,1,0,0,0,1,16
2024010489487,2024,010489487,532348,165213,-0.10007,51.37056,3,3,3,18:11,-1,E09000008,3,2,1,0,1,"[7, 19]","[3, 1]","[6, 5]",0,0,0,1,0,0,1,0,0,1,16
2024010489490,2024,010489490,519542,183928,-0.27762,51.5416,3,3,3,17:13,-1,E09000005,5,2,8,0,1,19,3,7,0,0,0,1,0,0,0,0,1,1,16
2024010489492,2024,010489492,527062,180553,-0.17046,51.50963,2,2,3,18:40,-1,E09000033,6,2,1,2,1,19,"[5, 1]","[1, 5]",0,0,0,0,1,0,0,0,0,1,16
2024010489495,2024,010489495,523390,178706,-0.22399,51.49384,3,3,3,18:46,-1,E09000013,3,2,1,0,1,19,1,5,0,0,0,0,1,0,0,0,1,1,16
2024010489498,2024,010489498,531974,178858,-0.10036,51.49327,3,3,3,18:32,-1,E09000028,3,2,1,0,1,5,0,1,0,0,0,0,0,0,1,0,0,1,16
2024010489501,2024,010489501,531076,190404,-0.10899,51.59724,3,3,3,17:52,-1,E09000014,3,0,1,0,1,"[9, 3, 2]","[1, 7, 0]","[7, 3, 0]",0,"[1, 0, 7]","[0, 2]",1,0,1,0,0,0,1,16
2024010489502,2024,010489502,509596,181608,-0.4217,51.52276,3,3,3,07:30,-1,E09000017,3,0,1,-1,1,99,9,9,99,9,99,1,0,0,0,0,1,1,16
2024010489505,2024,010489505,524867,189903,-0.19876,51.59414,3,3,3,18:30,-1,E09000003,3,2,1,0,1,4,1,5,0,0,0,0,0,0,1,0,0,1,16
2024010489511,2024,010489511,524147,178356,-0.21322,51.49053,1,1,3,18:05,-1,E09000013,3,2,1,0,1,19,7,3,0,0,0,0,0,1,0,0,1,1,16
2024010489516,2024,010489516,552260,187422,0.19534,51.56512,3,3,3,17:20,-1,E09000016,3,2,1,2,1,3,3,7,0,0,0,1,0,1,0,0,0,1,16
2024010489517,2024,010489517,548745,187600,0.14474,51.56766,3,3,3,08:25,-1,E09000002,3,0,1,0,1,99,9,9,99,9,99,1,0,0,0,0,0,1,16
2024010489519,2024,010489519,543281,188196,0.0662,51.57443,3,3,3,09:30,-1,E09000026,3,2,1,0,1,"[3, 5]",5,1,"[0, 99]",0,0,1,0,1,0,0,0,1,16
2024010489521,2024,010489521,529425,163858,-0.14253,51.35906,3,3,2,08:17,-1,E09000029,4,0,9,0,1,19,1,5,0,0,0,1,0,0,0,0,1,1,15
2024010489529,2024,010489529,550373,187277,0.16807,51.56433,3,3,3,22:30,-1,E09000016,3,2,4,2,1,"[19, 2]","[2, 0]","[6, 0]",0,0,0,1,0,1,0,0,0,1,16
2024010489537,2024,010489537,519157,191730,-0.28053,51.6118,3,3,6,09:50,-1,E09000003,3,0,1,0,1,"[9, 14]","[3, 1]","[1, 5]",0,0,0,1,0,1,0,0,0,1,12
2024010489544,2024,010489544,540510,185579,0.0252,51.55161,3,3,3,10:00,-1,E09000025,3,0,2,1,1,99,9,9,99,9,99,1,0,1,0,0,0,1,2
2024010489547,2024,010489547,524094,185605,-0.21143,51.55569,3,3,2,18:15,-1,E09000007,6,2,1,0,1,99,9,9,99,9,99,1,0,1,0,0,0,1,15
2024010489551,2024,010489551,532033,179293,-0.09934,51.49717,3,3,4,07:10,-1,E09000028,3,2,1,0,1,99,9,9,99,9,99,1,1,0,0,0,0,1,17
2024010489554,2024,010489554,554770,190630,0.23294,51.59326,3,3,2,06:55,-1,E09000016,5,2,1,0,1,99,9,9,99,9,99,1,0,0,0,0,1,1,15
2024010489560,2024,010489560,517448,167368,-0.3133,51.3932,3,3,5,16:40,-1,E09000021,3,0,1,0,1,99,9,9,99,9,99,1,0,0,0,0,1,1,11
2024010489561,2024,010489561,533567,179724,-0.0771,51.50068,3,3,2,08:35,-1,E09000028,3,0,1,0,1,99,9,9,99,9,99,1,0,1,0,0,0,1,8
2024010489562,2024,010489562,538376,180524,-0.00754,51.50671,3,3,2,13:05,-1,E09000030,6,0,8,0,1,99,9,9,99,9,99,1,1,0,0,0,0,1,15
2024010489567,2024,010489567,521725,179836,-0.24757,51.50436,3,3,3,13:35,-1,E09000013,6,0,1,0,1,99,9,9,99,9,99,1,0,1,0,0,0,1,16
2024010489568,2024,010489568,529358,169520,-0.14143,51.40996,2,2,3,08:05,-1,E09000024,4,0,8,2,1,19,2,6,0,0,0,1,0,0,0,0,1,1,16
2024010489581,2024,010489581,525687,176429,-0.19173,51.47287,3,3,4,10:10,-1,E09000013,3,0,1,0,1,5,5,1,0,"[0, 1]",0,1,1,0,0,0,0,1,17
2024010489585,2024,010489585,511178,176180,-0.40062,51.47367,2,2,4,07:40,-1,E09000018,3,2,1,0,1,19,3,7,0,0,0,1,0,0,0,0,1,1,17
2024010489587,2024,010489587,536179,167030,-0.04437,51.38598,3,3,4,09:50,-1,E09000008,5,0,1,1,1,19,7,3,10,0,0,1,0,0,0,0,0,1,17
2024010489588,2024,010489588,534008,185977,-0.06837,51.55677,3,3,4,08:20,-1,E09000012,5,0,1,0,1,"[5, 4]",1,5,0,0,0,1,0,1,0,0,0,1,17
2024010489592,2024,010489592,530075,181287,-0.1268,51.51554,3,3,3,12:30,-1,E09000007,3,0,9,-1,1,99,9,9,99,9,99,1,0,1,0,0,0,1,16
2024010489597,2024,010489597,548162,174046,0.13065,51.44603,2,2,4,11:40,-1,E09000004,4,0,1,0,1,"[10, 19]",2,"[8, 6]",0,"[0, 1]",0,1,1,0,0,0,0,1,17
2024010489602,2024,010489602,531450,176347,-0.10883,51.47083,3,3,3,07:25,-1,E09000022,6,2,1,0,1,99,9,9,99,9,99,1,0,0,0,0,0,1,16
2024010489603,2024,010489603,527524,189777,-0.16047,51.59242,3,3,3,17:50,-1,E09000003,6,2,1,0,1,99,9,9,99,9,99,1,0,1,0,0,0,1,16
2024010489604,2024,010489604,530420,160320,-0.12954,51.32703,2,2,4,10:46,-1,E09000008,3,0,1,1,1,19,2,6,0,0,0,1,0,0,0,0,1,1,17
2024010489611,2024,010489611,526598,185643,-0.17532,51.55548,3,3,2,19:30,-1,E09000007,3,2,9,-1,1,99,9,9,99,9,99,1,0,1,0,0,0,1,15
2024010489621,2024,010489621,534134,181527,-0.06825,51.51675,3,3,4,07:38,-1,E09000030,3,0,1,0,1,"[9, 19]","[3, 7]","[2, 3]",0,0,0,1,0,1,0,0,0,1,17
2024010489623,2024,010489623,537386,193263,-0.01682,51.62143,3,3,4,13:00,-1,E09000031,3,0,1,0,1,13,5,1,7,7,0,1,0,0,0,0,0,1,17
2024010489634,2024,010489634,534325,190500,-0.06207,51.59734,3,3,3,15:24,-1,E09000014,6,0,1,0,1,99,9,9,99,9,99,1,0,1,0,0,0,1,16
2024010489635,2024,010489635,506858,183436,-0.4606,51.53972,3,3,4,15:36,-1,E09000017,5,0,9,-1,1,"[13, 99]","[5, 9]","[1, 9]",99,0,0,1,1,0,0,0,0,1,10
2024010489636,2024,010489636,548438,183463,0.13857,51.53057,3,3,4,06:01,-1,E09000002,3,2,1,0,1,99,9,9,99,9,99,1,0,0,0,0,0,1,17
2024010489640,2024,010489640,534147,192643,-0.06382,51.61664,3,3,2,18:40,-1,E09000010,3,0,1,0,1,99,9,9,99,9,99,1,0,1,0,0,0,1,15
2024010489648,2024,010489648,546564,185816,0.11255,51.5522,3,3,4,09:00,-1,E09000002,3,0,1,0,1,7,5,7,0,0,0,1,0,0,0,0,1,1,17
2024010489653,2024,010489653,522308,180427,-0.23897,51.50954,3,3,4,14:10,-1,E09000013,6,0,9,-1,1,99,9,9,99,9,99,1,0,1,0,0,0,1,17
2024010489654,2024,010489654,529557,186738,-0.13226,51.56464,3,3,4,14:50,-1,E09000019,3,0,1,0,1,99,9,9,99,9,99,1,0,1,0,0,0,1,17
2024010489663,2024,010489663,545778,175808,0.09709,51.46248,3,3,3,06:35,-1,E09000004,5,2,8,0,1,99,9,9,99,9,99,1,0,0,0,0,1,1,16
2024010489664,2024,010489664,541830,186271,0.0445,51.5575,3,3,1,07:15,-1,E09000025,3,2,1,0,2,99,9,9,99,9,99,0,1,0,0,0,0,1,14
2024010489665,2024,010489665,531506,184374,-0.10504,51.54295,3,3,4,16:10,-1,E09000019,5,0,1,0,1,99,9,9,99,9,99,1,0,0,0,0,1,1,17
2024010489667,2024,010489667,528540,173364,-0.15179,51.44469,2,2,4,09:09,-1,E09000032,3,0,1,0,1,99,9,9,99,9,99,1,1,0,0,0,0,1,17
2024010489668,2024,010489668,531730,188968,-0.10009,51.58418,3,3,4,17:10,-1,E09000014,3,2,1,0,1,"[19, 9]","[5, 7]","[1, 5]",0,0,0,1,1,0,0,0,0,1,17
2024010489669,2024,010489669,530695,169501,-0.12222,51.40948,2,2,4,07:45,-1,E09000008,3,0,1,0,1,99,9,9,99,9,99,1,0,0,0,0,1,1,17
2024010489671,2024,010489671,545580,163229,0.08909,51.3495,3,3,4,15:00,-1,E09000006,3,0,1,1,1,"[-1, 99]","[1, 9]","[5, 9]",0,0,0,1,0,0,0,0,0,1,17
2024010489674,2024,010489674,521164,185876,-0.25358,51.55876,3,3,5,17:05,-1,E09000005,3,2,2,1,1,99,9,9,99,9,99,1,0,0,0,0,0,1,11
2024010489681,2024,010489681,549710,173992,0.15288,51.44514,3,3,4,07:30,-1,E09000004,3,0,1,0,2,99,9,9,99,9,99,1,0,0,0,0,0,1,17
2024010489683,2024,010489683,533604,178372,-0.07707,51.48852,3,3,4,14:55,-1,E09000028,3,0,1,0,1,"[19, 4]",8,4,0,0,0,1,1,0,0,0,0,1,17
2024010489686,2024,010489686,523407,165735,-0.22826,51.37726,3,3,4,17:48,-1,E09000029,6,2,1,0,1,9,5,4,0,0,0,1,0,0,0,0,1,1,17
2024010489688,2024,010489688,553238,180798,0.20656,51.50534,3,3,4,16:56,-1,E09000016,3,2,1,0,2,19,4,8,0,"[1, 0]","[7, 0]",1,0,0,0,0,0,1,17
2024010489692,2024,010489692,532775,182317,-0.08752,51.52417,2,2,4,17:54,-1,E09000019,3,0,1,0,1,19,1,5,0,0,0,0,0,1,0,0,1,1,17
2024010489695,2024,010489695,510658,177313,-0.40775,51.48395,3,3,3,23:08,-1,E09000018,3,2,8,0,1,99,9,9,99,9,99,1,0,0,0,0,0,1,16
2024010489696,2024,010489696,525188,177928,-0.19838,51.48646,3,3,4,17:36,-1,E09000013,3,0,9,-1,1,99,9,9,99,9,"[99, 0]",1,1,0,0,0,0,1,17
2024010489697,2024,010489697,542825,176686,0.05497,51.47112,3,3,4,18:35,-1,E09000011,3,0,1,0,1,"[19, 9]","[2, 5]","[6, 4]",0,0,0,1,0,0,0,0,0,1,17
2024010489698,2024,010489698,507527,182593,-0.45121,51.53202,2,2,4,18:16,-1,E09000017,3,2,1,0,1,19,3,7,0,0,0,1,0,0,0,0,1,1,17
2024010489700,2024,010489700,531067,175550,-0.11464,51.46375,3,3,4,17:45,-1,E09000022,3,2,1,0,1,5,5,1,0,0,0,0,0,0,1,0,0,1,17
2024010489701,2024,010489701,527141,166646,-0.17432,51.38463,3,3,6,05:10,-1,E09000029,5,2,1,0,1,99,9,9,99,9,99,1,0,0,0,0,1,1,12
2024010489706,2024,010489706,535611,182191,-0.04672,51.52236,3,3,3,19:18,-1,E09000030,4,0,9,-1,1,19,1,5,99,9,99,1,0,0,0,0,1,1,2
2024010489707,2024,010489707,530712,183043,-0.11697,51.53117,3,3,5,18:11,-1,E09000019,3,2,2,1,1,99,9,9,99,9,99,1,1,0,0,0,0,1,11
2024010489711,2024,010489711,529517,181745,-0.13467,51.51978,3,3,3,13:00,-1,E09000007,4,0,8,0,1,99,9,9,99,9,99,1,1,0,0,0,0,1,16
2024010489715,2024,010489715,512818,173487,-0.37787,51.44914,3,3,4,17:09,-1,E09000027,5,2,1,0,1,"[2, 14]","[0, 7]","[0, 3]",4,0,0,1,0,0,0,0,1,1,17
2024010489718,2024,010489718,505361,182970,-0.48232,51.53581,3,3,4,15:45,-1,E09000017,3,0,1,0,1,"[9, 19]",3,"[1, 7]",0,0,0,1,0,0,0,0,0,1,17
2024010489720,2024,010489720,524232,186111,-0.20926,51.56021,3,3,4,15:01,-1,E09000003,3,0,1,0,1,19,8,4,0,0,0,1,0,0,0,0,1,1,17
2024010489723,2024,010489723,528457,180107,-0.15053,51.5053,3,3,2,02:15,-1,E09000033,6,2,1,0,1,99,9,9,99,9,99,1,0,0,0,0,0,1,1
2024010489725,2024,010489725,534884,182725,-0.05699,51.52733,2,2,4,22:30,-1,E09000030,3,2,1,0,1,"[19, 9]","[3, 4]","[7, 1]",0,0,0,1,1,0,0,0,0,1,17
2024010489726,2024,010489726,516555,186166,-0.31994,51.56234,3,3,6,15:30,-1,E09000005,3,0,1,0,1,99,9,9,99,9,99,1,0,0,0,0,0,1,5
2024010489730,2024,010489730,528420,187883,-0.14823,51.57519,2,2,4,18:30,-1,E09000014,4,2,1,0,1,-1,1,5,0,0,0,1,0,0,0,0,1,1,17
2024010489737,2024,010489737,540985,182844,0.03095,51.52692,3,3,4,23:00,-1,E09000025,3,2,1,0,1,"[19, 13]","[1, 5]","[5, 1]",0,0,0,1,0,1,0,0,0,1,17
2024010489738,2024,010489738,530325,166929,-0.12848,51.38645,2,2,5,02:40,-1,E09000008,6,2,1,2,1,"[2, 19, 8]","[0, 5, 3, 4]","[0, 1, 7, 5]",0,0,0,1,0,0,0,0,0,1,18
2024010489740,2024,010489740,526098,175339,-0.18621,51.46299,2,2,5,06:45,-1,E09000032,3,2,1,2,1,19,5,1,0,0,0,1,1,0,0,0,0,1,18
2024010489742,2024,010489742,503971,176458,-0.50427,51.47754,2,"[3, 2]",5,07:10,-1,E09000017,1,0,1,2,2,"[19, 12]",7,3,0,"[0, 1]",0,1,0,0,1,0,0,1,18
2024010489746,2024,010489746,532974,188274,-0.08241,51.57765,3,3,3,12:36,-1,E09000014,6,0,9,-1,1,99,9,9,99,9,99,1,0,1,0,0,0,1,16
2024010489748,2024,010489748,516627,179620,-0.32106,51.50349,3,3,4,12:00,-1,E09000009,6,0,9,-1,1,99,9,9,99,9,99,1,0,1,0,0,0,1,17
2024010489756,2024,010489756,545946,187264,0.10425,51.56537,3,3,5,07:40,-1,E09000026,3,0,8,0,1,4,3,7,0,0,0,0,0,0,1,0,0,1,18
2024010489757,2024,010489757,509203,187389,-0.42557,51.5748,3,3,5,07:46,-1,E09000017,3,0,8,2,1,"[19, 10]","[5, 8]","[1, 6]",0,0,0,1,0,0,0,0,0,1,18
2024010489763,2024,010489763,539661,181113,0.01119,51.51169,3,3,5,17:50,-1,E09000025,3,2,1,-1,1,99,9,9,99,9,99,1,0,1,0,0,0,1,11
2024010489766,2024,010489766,536205,190391,-0.03499,51.59591,3,3,5,08:42,-1,E09000031,5,0,1,0,1,99,9,9,99,9,99,0,1,0,1,0,0,1,18
2024010489779,2024,010489779,534095,189091,-0.06593,51.58473,3,3,5,08:20,-1,E09000014,3,0,1,0,1,99,9,9,99,9,99,1,1,0,0,0,0,1,18
2024010489782,2024,010489782,527895,179191,-0.15896,51.4972,3,3,2,14:45,-1,E09000020,4,0,9,-1,1,99,9,9,99,9,99,0,0,0,1,0,0,1,8
2024010489783,2024,010489783,525345,181994,-0.19468,51.52296,3,3,5,10:00,-1,E09000033,3,0,1,0,1,9,3,1,0,0,0,1,0,0,0,0,1,1,18
2024010489785,2024,010489785,527092,176158,-0.17161,51.47012,2,2,4,18:20,-1,E09000032,3,2,1,0,1,99,9,9,99,9,99,1,1,0,0,0,0,1,17
2024010489787,2024,010489787,547536,187830,0.12741,51.57004,2,2,5,10:55,-1,E09000026,3,0,1,0,1,19,3,7,0,0,0,0,0,0,1,0,1,1,18
2024010489791,2024,010489791,532343,180050,-0.0946,51.5039,3,3,5,08:38,-1,E09000028,4,0,8,0,1,19,1,5,11,0,0,0,1,0,0,0,0,1,18
2024010489792,2024,010489792,528233,182183,-0.15301,51.52401,3,3,5,07:55,-1,E09000033,6,0,1,0,1,"[19, 9]","[3, 7]","[7, 5]",0,0,0,0,1,1,0,0,0,1,18
2024010489795,2024,010489795,546866,166465,0.10887,51.37825,3,3,5,08:28,-1,E09000006,3,0,1,2,1,"[19, 9]","[5, 3]",1,0,"[0, 7]","[0, 1]",1,0,0,0,0,0,1,18
2024010489798,2024,010489798,550677,176657,0.16792,51.46882,3,3,5,08:25,-1,E09000004,6,0,1,2,1,19,"[1, 7]","[5, 3]",0,"[0, 7]","[0, 11]",1,0,0,0,0,0,1,18
2024010489801,2024,010489801,534898,194755,-0.05217,51.63544,1,1,5,10:35,-1,E09000010,3,0,1,0,1,9,7,5,0,0,0,1,0,0,0,0,1,1,18
2024010489808,2024,010489808,533661,186762,-0.07307,51.5639,3,3,7,18:30,-1,E09000012,3,2,1,0,1,99,9,9,99,9,99,1,0,1,0,0,0,1,13
2024010489809,2024,010489809,527604,169073,-0.16679,51.40634,3,3,5,10:35,-1,E09000024,3,0,8,0,1,99,9,9,99,9,99,1,0,0,0,0,0,1,18
2024010489811,2024,010489811,527294,181041,-0.16694,51.51396,2,2,5,10:29,-1,E09000033,6,0,1,0,1,"[3, 19]","[1, 5]","[5, 1]","[0, 4]",0,0,1,1,0,0,0,0,1,18
2024010489814,2024,010489814,540340,187589,0.02355,51.56971,3,3,5,12:42,-1,E09000026,3,0,1,2,2,"[7, 19]","[3, 1]",5,0,0,0,1,0,0,0,0,0,1,18
2024010489815,2024,010489815,534103,174924,-0.0712,51.45742,3,3,4,15:59,-1,E09000028,6,0,1,0,1,99,9,9,99,9,99,1,0,1,0,0,0,1,17
2024010489817,2024,010489817,525616,178860,-0.19189,51.49474,3,3,4,19:30,-1,E09000020,3,2,1,0,1,99,9,9,99,9,99,1,0,0,0,0,0,1,17
2024010489819,2024,010489819,532538,178966,-0.0922,51.49411,2,2,5,12:55,-1,E09000028,3,0,1,0,1,5,3,7,0,0,0,0,0,1,0,0,1,1,18
2024010489825,2024,010489825,525096,178561,-0.19948,51.49216,3,3,5,08:40,-1,E09000020,3,0,1,0,1,19,5,1,0,0,0,1,0,0,0,0,1,1,18
2024010489828,2024,010489828,531136,181612,-0.1114,51.51821,3,3,5,12:49,-1,E09000007,3,0,1,2,1,19,3,7,0,0,0,0,1,0,0,0,1,1,18
2024010489829,2024,010489829,526140,172418,-0.18664,51.43673,2,2,5,10:57,-1,E09000032,3,0,1,0,1,7,5,7,0,0,0,1,0,0,0,0,1,1,18
2024010489835,2024,010489835,516965,182021,-0.3154,51.525,3,3,4,12:20,-1,E09000009,6,0,9,-1,1,99,9,9,99,9,99,1,0,1,0,0,0,1,17
2024010489837,2024,010489837,529222,182483,-0.13865,51.52648,3,3,5,13:25,-1,E09000007,3,0,1,0,1,5,1,5,0,0,0,0,0,1,0,0,1,1,18
2024010489846,2024,010489846,532640,178684,-0.09083,51.49155,3,3,3,15:55,-1,E09000028,5,0,9,0,1,7,"[5, 3]","[8, 5]",0,0,0,1,1,0,0,0,0,1,16
2024010489847,2024,010489847,507176,181093,-0.45673,51.5186,3,3,4,08:20,-1,E09000017,3,0,8,0,1,99,9,9,99,9,99,1,0,0,0,1,0,1,17
2024010489854,2024,010489854,528683,171233,-0.15051,51.4255,3,3,5,09:08,-1,E09000032,6,0,1,0,1,99,9,9,99,9,99,1,0,1,0,0,0,1,18
2024010489856,2024,010489856,539659,169790,0.0067,51.40994,3,3,5,15:39,-1,E09000006,6,0,1,0,1,99,9,9,99,9,99,1,0,0,0,0,1,1,18
2024010489858,2024,010489858,521358,179397,-0.25301,51.50049,3,3,5,10:45,-1,E09000009,6,0,1,0,1,99,9,9,99,9,99,1,0,1,0,0,0,1,18
2024010489865,2024,010489865,531664,179699,-0.10451,51.5009,3,3,5,16:38,-1,E09000028,3,2,1,0,1,5,5,1,0,0,0,0,0,0,1,0,0,1,18
2024010489866,2024,010489866,537165,182748,-0.02412,51.52699,3,3,1,15:30,-1,E09000030,6,0,1,0,1,99,9,9,99,9,99,1,0,1,0,0,0,1,14
2024010489874,2024,010489874,521000,181056,-0.2576,51.51548,3,3,5,14:45,-1,E09000009,6,0,1,0,1,"[19, 4]","[7, 1]","[3, 5]",0,0,0,1,1,0,0,0,0,1,18
2024010489877,2024,010489877,512301,177309,-0.3841,51.48359,3,3,5,17:30,-1,E09000018,5,2,1,0,1,"[5, 19]",1,5,0,0,0,1,0,1,0,0,0,1,18