collision_index,collision_year,collision_ref_no,location_easting_osgr,location_northing_osgr,longitude,latitude,casualty_severity,casualty_severity,day_of_week,time,local_authority_district,local_authority_ons_district,first_road_class,light_conditions,weather_conditions,road_surface_conditions,urban_or_rural_area,vehicle_manoeuvre,vehicle_direction_from,vehicle_direction_to,hit_object_in_carriageway,vehicle_leaving_carriageway,hit_object_off_carriageway,is_car,is_cyle,is_mcyle,is_goodsv,is_other,is_pedestrian,month,day
2024010489881,2024,010489881,509753,182664,-0.41911,51.53223,3,3,5,17:40,-1,E09000017,5,2,1,2,1,"[19, 9]","[1, 3]","[5, 8]",0,0,0,1,0,0,0,0,0,1,18
2024010489883,2024,010489883,542903,175176,0.05548,51.45753,3,3,5,18:40,-1,E09000011,6,2,1,0,1,9,5,3,0,"[0, 1]","[0, 2]",1,0,0,0,0,0,1,18
2024010489886,2024,010489886,537351,192766,-0.01752,51.61697,2,2,5,17:50,-1,E09000031,3,2,1,0,1,19,5,1,0,0,0,0,0,1,0,0,1,1,18
2024010489887,2024,010489887,533983,176039,-0.0725,51.46747,3,3,5,09:23,-1,E09000028,6,0,8,0,1,99,9,9,99,9,99,1,1,0,0,0,0,1,18
2024010489888,2024,010489888,533527,188994,-0.07416,51.58399,3,3,4,23:02,-1,E09000014,3,2,1,0,1,99,9,9,99,9,99,1,0,0,0,0,0,1,17
2024010489893,2024,010489893,522188,168168,-0.24493,51.39939,3,3,5,13:27,-1,E09000024,4,0,1,0,1,19,1,5,0,0,0,1,0,0,0,0,1,1,18
2024010489897,2024,010489897,530526,176522,-0.12206,51.47261,3,3,5,18:05,-1,E09000022,3,2,1,0,1,99,9,9,99,9,99,1,0,1,0,0,0,1,18
2024010489898,2024,010489898,522275,165707,-0.24453,51.37726,3,3,5,17:48,-1,E09000029,6,2,1,0,1,"[9, 10]",4,"[1, 2]",0,0,0,1,0,1,0,0,0,1,18
2024010489902,2024,010489902,541902,178949,0.0426,51.49169,2,2,4,21:15,-1,E09000011,3,2,1,0,1,99,9,9,99,9,99,1,0,0,0,0,1,1,17
2024010489904,2024,010489904,516215,179051,-0.32718,51.49846,3,3,5,16:37,-1,E09000009,3,2,1,0,1,9,"[1, 5]","[7, 3]",0,0,0,1,0,1,0,0,0,1,18
2024010489905,2024,010489905,531024,167518,-0.11823,51.39158,3,3,5,13:19,-1,E09000008,3,0,1,0,1,99,9,9,99,9,99,1,0,1,0,0,0,1,18
2024010489907,2024,010489907,526543,185400,-0.1762,51.5533,3,3,6,09:00,-1,E09000007,4,0,1,1,1,99,9,9,99,9,99,1,1,0,0,0,0,1,12
2024010489909,2024,010489909,533144,169655,-0.08697,51.41029,3,3,5,20:20,-1,E09000008,3,2,1,2,1,"[7, 9]","[3, 5]","[5, 2]",0,0,0,1,0,1,0,0,0,1,18
2024010489911,2024,010489911,508867,181841,-0.43214,51.525,3,3,5,17:05,-1,E09000017,3,2,1,2,1,"[19, 4]",3,7,0,0,0,1,0,0,0,0,0,1,18
2024010489917,2024,010489917,532976,172643,-0.08827,51.43719,2,2,5,19:41,-1,E09000028,5,2,1,0,1,9,1,8,0,1,0,1,0,0,0,0,1,1,18
2024010489918,2024,010489918,535026,184145,-0.0544,51.54006,3,3,5,17:40,-1,E09000012,3,0,1,0,1,19,1,5,0,0,0,1,0,0,0,0,1,1,18
2024010489920,2024,010489920,530687,174474,-0.1205,51.45417,3,3,5,14:15,-1,E09000022,3,0,8,0,1,99,9,9,99,9,99,1,0,0,0,0,0,1,18
2024010489924,2024,010489924,524912,180806,-0.20134,51.51238,3,3,5,18:20,-1,E09000020,6,0,1,0,1,19,6,2,0,0,0,1,0,1,0,0,0,1,18
2024010489925,2024,010489925,517050,189713,-0.31162,51.59411,3,3,5,15:45,-1,E09000015,5,0,1,0,1,19,"[1, 5]","[5, 1]",0,0,0,1,0,0,0,0,0,1,18
2024010489926,2024,010489926,527542,192406,-0.15925,51.61604,3,3,5,14:15,-1,E09000003,4,0,1,1,1,"[19, 10]",1,"[5, 6]",0,0,0,1,0,0,0,0,0,1,18
2024010489928,2024,010489928,536428,182536,-0.03482,51.52527,2,2,5,21:49,-1,E09000030,3,2,8,2,1,19,1,5,0,0,0,1,0,0,0,0,1,1,18
2024010489929,2024,010489929,527661,171740,-0.16502,51.43029,3,3,5,20:20,-1,E09000032,6,2,1,0,1,99,9,9,99,9,99,1,0,0,0,0,0,1,18
2024010489930,2024,010489930,546807,189180,0.11746,51.58236,3,3,5,21:45,-1,E09000026,5,2,1,0,1,"[3, 5]","[5, 7]","[1, 3]",0,0,0,1,0,0,0,0,0,1,18
2024010489937,2024,010489937,522185,184647,-0.23928,51.5475,3,3,5,15:40,-1,E09000005,5,0,1,0,1,19,6,2,0,0,0,0,1,0,0,0,0,1,18
2024010489940,2024,010489940,540075,182972,0.01789,51.52829,3,3,5,14:47,-1,E09000025,5,0,1,0,1,"[19, 9]","[5, 1]","[1, 8]",0,0,0,1,0,0,0,0,0,1,18
2024010489943,2024,010489943,538929,177948,-0.00059,51.48343,3,3,5,18:30,-1,E09000011,3,2,9,2,1,"[3, 19]",1,5,0,0,0,1,0,0,1,0,0,1,18
2024010489946,2024,010489946,518127,183860,-0.29804,51.54129,2,2,5,16:09,-1,E09000005,3,2,1,0,1,"[9, 14]","[1, 7]","[7, 3]",0,0,0,1,0,0,0,0,0,1,18
2024010489947,2024,010489947,532740,180262,-0.0888,51.50571,2,2,5,23:20,-1,E09000028,3,2,1,1,1,19,1,5,0,0,0,1,1,0,0,0,0,1,18
2024010489951,2024,010489951,510296,190497,-0.40883,51.60252,3,3,5,16:05,-1,E09000017,3,0,1,0,1,99,9,9,99,9,99,1,0,0,0,0,1,1,18
2024010489956,2024,010489956,541321,174440,0.03243,51.45131,3,3,5,20:40,-1,E09000011,3,2,1,1,1,"[11, 4]",1,5,0,0,0,0,0,1,0,0,0,1,18
2024010489957,2024,010489957,518057,175189,-0.30195,51.46337,2,2,5,21:51,-1,E09000027,3,2,1,0,1,"[5, 6]",5,"[1, 5]",0,0,0,1,0,1,0,0,0,1,18
2024010489959,2024,010489959,524182,188260,-0.20922,51.57953,3,3,5,20:00,-1,E09000003,3,2,9,0,1,19,5,1,0,0,0,1,0,0,0,0,1,1,18
2024010489961,2024,010489961,532440,177283,-0.09424,51.47901,3,3,5,23:00,-1,E09000028,3,2,1,0,1,"[19, 9]","[7, 1]","[3, 7]",0,0,0,1,0,1,0,0,0,1,18
2024010489963,2024,010489963,521622,180893,-0.24869,51.51388,2,"[3, 2]",5,23:52,-1,E09000013,3,2,1,0,1,"[19, 3]","[7, 3]","[3, 7]","[0, 7]","[0, 1]","[0, 4]",1,0,0,0,0,0,1,18
2024010489964,2024,010489964,540744,190497,0.03054,51.59574,3,3,6,01:03,-1,E09000026,3,2,1,0,1,19,7,3,0,0,0,1,0,0,0,0,0,1,19
2024010489966,2024,010489966,535573,198666,-0.0409,51.67042,3,3,5,22:07,-1,E09000010,3,2,1,2,1,"[6, 19]","[7, 5]","[7, 1]",0,"[1, 0]",0,1,0,0,0,0,0,1,18
2024010489969,2024,010489969,521193,180072,-0.25515,51.50659,3,3,6,06:06,-1,E09000009,3,2,1,2,1,19,7,3,0,0,0,0,0,0,1,0,1,1,19
2024010489975,2024,010489975,531494,161349,-0.11375,51.33603,3,3,6,07:21,-1,E09000008,3,0,8,1,1,19,5,1,0,0,0,0,0,0,0,1,1,1,19
2024010489977,2024,010489977,550507,179885,0.16685,51.49787,3,3,6,08:25,-1,E09000004,6,0,1,2,1,"[7, 19]","[7, 5]",1,0,0,0,1,0,0,0,0,0,1,19
2024010489987,2024,010489987,524649,187749,-0.20267,51.57484,3,3,5,16:15,-1,E09000003,3,0,9,-1,1,99,9,9,99,9,99,1,0,1,0,0,0,1,18
2024010489989,2024,010489989,554817,180298,0.22907,51.50042,3,3,5,09:05,-1,E09000016,3,0,8,-1,2,99,9,9,99,9,99,1,0,0,0,0,0,1,18
2024010489990,2024,010489990,527330,176324,-0.16813,51.47156,3,3,6,07:32,-1,E09000032,3,0,9,1,1,99,9,9,99,9,99,1,1,0,0,0,0,1,19
2024010489994,2024,010489994,524494,178975,-0.208,51.49602,3,3,3,09:07,-1,E09000013,3,0,1,2,1,99,9,9,99,9,99,1,1,0,0,0,0,1,9
2024010489996,2024,010489996,538446,172727,-0.00959,51.43663,3,3,5,17:00,-1,E09000023,6,0,8,0,1,99,9,9,99,9,99,1,0,1,0,0,0,1,18
2024010489999,2024,010489999,523312,189202,-0.22144,51.58819,3,3,5,17:56,-1,E09000003,3,2,1,0,1,"[19, 99]","[1, 9]","[5, 9]",0,0,0,1,1,0,0,0,0,1,18
2024010490006,2024,010490006,509173,191488,-0.42473,51.61165,2,2,6,09:39,-1,E09000017,4,0,1,0,1,"[13, 19]","[3, 7]","[7, 3]",0,0,0,0,1,0,0,1,0,1,19
2024010490008,2024,010490008,549102,183836,0.14829,51.53375,3,3,6,09:50,-1,E09000002,3,0,1,0,1,99,9,9,99,9,99,1,0,0,0,0,0,1,19
2024010490011,2024,010490011,522957,180314,-0.22967,51.50839,3,3,5,18:15,-1,E09000013,6,2,1,0,1,99,9,9,99,9,99,1,0,1,0,0,0,1,18
2024010490015,2024,010490015,528367,182075,-0.15111,51.52301,3,3,6,12:30,-1,E09000033,3,0,1,0,1,15,5,1,0,0,0,0,1,0,0,0,1,1,19
2024010490018,2024,010490018,530694,169499,-0.12224,51.40946,3,3,4,21:20,-1,E09000008,3,0,9,-1,1,99,9,9,99,9,99,1,0,1,0,0,0,1,17
2024010490021,2024,010490021,537494,181103,-0.02002,51.51213,3,3,6,11:48,-1,E09000030,5,0,1,0,1,"[19, 5]","[3, 1]","[7, 5]",0,0,0,1,1,0,0,0,0,1,19
2024010490024,2024,010490024,510808,177597,-0.4055,51.48648,2,2,2,15:15,-1,E09000018,6,0,1,0,1,99,9,9,99,9,99,1,0,0,0,0,1,1,15
2024010490025,2024,010490025,531134,167626,-0.11661,51.39253,3,3,4,18:48,-1,E09000008,6,2,9,-1,1,99,9,9,99,9,99,1,0,1,0,0,0,1,17
2024010490026,2024,010490026,531862,172461,-0.10435,51.43581,3,3,5,16:01,-1,E09000022,3,0,1,0,1,99,9,9,99,9,99,1,0,1,0,0,0,1,18
2024010490030,2024,010490030,545124,183588,0.09088,51.53255,3,3,6,09:19,-1,E09000002,5,0,1,1,1,19,3,7,0,0,0,1,0,0,0,0,1,1,19
2024010490031,2024,010490031,535611,196515,-0.04119,51.65108,3,3,2,19:40,-1,E09000010,6,2,1,0,1,99,9,9,99,9,99,1,0,0,0,0,0,1,15
2024010490032,2024,010490032,524986,180866,-0.20025,51.5129,3,3,5,15:35,-1,E09000020,6,0,1,0,1,99,9,9,99,9,99,1,0,1,0,0,0,1,18
2024010490034,2024,010490034,521758,181078,-0.24667,51.51551,2,2,6,07:50,-1,E09000013,5,0,1,2,1,4,3,7,0,0,0,1,0,0,0,0,1,1,19
2024010490035,2024,010490035,524699,183319,-0.20352,51.53501,2,2,5,12:05,-1,E09000005,4,0,1,0,1,99,9,9,0,0,0,1,1,0,0,0,0,1,4
2024010490039,2024,010490039,517611,179449,-0.30695,51.50175,3,3,6,13:51,-1,E09000009,4,0,1,0,1,"[19, 9]","[5, 7]","[1, 5]",0,0,0,1,0,1,0,0,0,1,19
2024010490043,2024,010490043,540172,178795,0.01763,51.49073,3,3,6,14:10,-1,E09000011,5,0,1,0,1,"[19, 3]","[5, 8]","[1, 4]",0,0,0,1,0,1,0,0,0,1,19
2024010490047,2024,010490047,525408,180142,-0.19443,51.5063,3,3,6,11:40,-1,E09000020,3,0,1,2,1,19,1,5,0,0,0,0,0,0,1,0,0,1,19
2024010490048,2024,010490048,527633,175008,-0.16424,51.45967,3,3,5,15:30,-1,E09000032,6,0,1,0,1,99,9,9,99,9,99,1,0,1,0,0,0,1,18
2024010490049,2024,010490049,527216,173028,-0.17095,51.44197,3,3,5,14:40,-1,E09000032,4,0,1,0,1,99,9,9,99,9,99,1,1,0,0,0,0,1,18
2024010490053,2024,010490053,546181,185036,0.10671,51.54529,3,3,6,08:30,-1,E09000002,6,0,8,2,1,99,9,9,99,9,99,1,1,0,0,0,0,1,19
2024010490056,2024,010490056,521733,181218,-0.24698,51.51678,3,3,6,12:58,-1,E09000013,6,0,1,0,1,"[2, 19]","[0, 5]","[0, 1]",0,0,0,1,0,0,0,0,0,1,19
2024010490057,2024,010490057,534785,197479,-0.05275,51.65994,3,3,5,18:30,-1,E09000010,5,0,1,0,1,99,9,9,99,9,99,1,0,1,0,0,0,1,18
2024010490058,2024,010490058,518272,187526,-0.29472,51.5742,3,3,5,17:15,-1,E09000005,5,2,1,0,1,9,5,3,0,0,0,1,0,0,0,0,0,1,18
2024010490059,2024,010490059,527188,167999,-0.17316,51.39678,3,3,6,08:15,-1,E09000024,3,0,1,0,1,3,5,1,0,0,0,0,0,0,1,0,0,1,19
2024010490060,2024,010490060,531166,189985,-0.10784,51.59345,3,3,5,19:20,-1,E09000014,3,2,1,0,1,99,9,9,99,9,99,1,0,1,0,0,0,1,18
2024010490065,2024,010490065,521580,166732,-0.25416,51.38662,3,3,6,13:35,-1,E09000021,5,0,1,0,1,99,9,9,99,9,99,1,1,0,0,0,0,1,19
2024010490067,2024,010490067,529872,169886,-0.13391,51.41313,3,3,6,12:00,-1,E09000022,6,0,1,0,1,99,9,9,99,9,99,1,0,1,0,0,0,1,19
2024010490070,2024,010490070,511413,176439,-0.39716,51.47595,3,3,2,18:00,-1,E09000018,3,2,1,-1,1,99,9,9,99,9,99,1,1,0,0,0,0,1,8
2024010490074,2024,010490074,513073,178627,-0.37256,51.49529,3,3,6,15:30,-1,E09000009,3,0,8,0,1,99,9,9,99,9,99,1,0,0,0,0,1,1,19
2024010490076,2024,010490076,524102,180677,-0.21305,51.5114,3,3,6,15:10,-1,E09000020,6,0,1,0,1,19,7,3,0,0,0,1,0,0,0,0,1,1,19
2024010490081,2024,010490081,554375,189875,0.22691,51.58659,3,3,6,15:33,-1,E09000016,6,0,1,0,1,"[13, 10]",7,"[3, 4]",0,"[7, 0]",0,1,0,1,0,0,0,1,19
2024010490084,2024,010490084,517133,179071,-0.31396,51.49845,3,3,6,15:15,-1,E09000009,4,0,1,0,1,99,9,9,99,9,99,1,1,0,0,0,0,1,19
2024010490085,2024,010490085,527135,177148,-0.17064,51.47901,2,2,6,16:10,-1,E09000032,3,0,1,0,1,"[19, 9]","[4, 5, 1]","[8, 1, 6]",0,0,0,1,0,1,0,0,0,1,19
2024010490093,2024,010490093,531215,168033,-0.11529,51.39617,3,3,6,12:49,-1,E09000008,3,0,1,0,1,"[99, 19]","[9, 1]","[9, 5]","[99, 0]","[9, 0]","[99, 0]",1,0,0,0,0,0,1,19
2024010490094,2024,010490094,520836,195220,-0.25509,51.64281,3,3,6,15:30,-1,E09000003,3,0,1,0,1,99,9,9,99,9,99,1,0,1,0,0,0,1,19
2024010490099,2024,010490099,531019,189479,-0.11015,51.58894,3,3,6,15:58,-1,E09000014,3,0,1,0,1,"[9, 19]","[5, 1]","[2, 5]",0,0,0,1,0,0,0,0,0,1,19
2024010490100,2024,010490100,542347,183498,0.05084,51.53245,3,3,5,19:39,-1,E09000025,3,2,1,0,1,99,9,9,99,9,99,1,0,1,0,0,0,1,18
2024010490103,2024,010490103,525785,175906,-0.19051,51.46815,3,3,4,08:20,-1,E09000013,3,0,9,0,1,99,9,9,99,9,99,0,1,0,0,0,1,1,17
2024010490105,2024,010490105,515214,171379,-0.3441,51.42971,3,3,4,16:30,-1,E09000027,4,0,1,0,1,99,9,9,99,9,99,1,1,0,0,0,0,1,17
2024010490110,2024,010490110,529469,173966,-0.13821,51.44989,3,3,6,16:30,-1,E09000022,3,2,1,0,1,19,"[1, 3]","[5, 7]",0,0,0,1,0,1,0,0,0,1,19
2024010490111,2024,010490111,532776,164831,-0.09406,51.36703,3,3,5,08:01,-1,E09000008,6,0,1,0,1,99,9,9,99,9,99,1,0,0,0,0,1,1,18
2024010490113,2024,010490113,531863,183805,-0.10011,51.53775,2,2,6,20:10,-1,E09000019,3,2,1,0,1,19,5,1,0,0,0,1,0,0,0,0,1,1,19
2024010490114,2024,010490114,538853,181059,-0.00046,51.5114,3,3,5,09:30,-1,E09000030,3,0,1,0,1,99,9,9,99,9,99,1,0,0,0,0,0,1,18
2024010490115,2024,010490115,524658,187782,-0.20253,51.57513,3,3,6,08:10,-1,E09000003,3,0,1,0,1,99,9,9,99,9,99,1,1,0,0,0,0,1,19
2024010490116,2024,010490116,531060,189488,-0.10956,51.58901,2,2,6,10:50,-1,E09000014,3,0,1,0,1,99,9,9,99,9,99,1,0,1,0,0,0,1,19
2024010490117,2024,010490117,547137,186992,0.1213,51.56262,2,2,6,18:01,-1,E09000002,3,2,1,0,1,"[2, 19]","[0, 3, 7]","[0, 7, 3]",0,0,0,1,0,1,0,0,1,1,19
2024010490119,2024,010490119,545116,183606,0.09077,51.53272,2,2,6,19:33,-1,E09000002,5,2,8,0,1,5,1,5,0,0,0,0,0,0,1,0,1,1,19
2024010490120,2024,010490120,532599,178981,-0.09131,51.49423,3,3,4,15:40,-1,E09000028,3,0,9,0,1,4,1,5,0,1,0,0,0,0,1,0,1,1,17
2024010490127,2024,010490127,513623,188675,-0.3614,51.58549,3,3,6,14:00,-1,E09000015,3,0,1,0,1,19,1,5,0,0,0,1,0,0,0,0,0,1,19
2024010490129,2024,010490129,516925,188576,-0.3138,51.58392,2,2,6,19:20,-1,E09000015,3,2,1,2,1,19,"[1, 3]","[5, 7]",0,0,0,1,0,1,0,0,0,1,19
2024010490131,2024,010490131,522745,189098,-0.22966,51.58738,3,3,6,14:40,-1,E09000003,3,0,1,0,1,19,3,7,11,0,0,1,0,0,0,0,1,1,19
2024010490133,2024,010490133,526390,164826,-0.18575,51.36844,3,3,6,15:30,-1,E09000029,6,0,1,0,1,99,9,9,0,0,0,1,0,0,0,0,1,1,19
2024010490137,2024,010490137,523675,188041,-0.21661,51.57767,3,3,6,19:42,-1,E09000003,3,2,1,0,1,99,9,9,99,9,99,1,0,0,0,0,0,1,19
2024010490139,2024,010490139,530381,187663,-0.12003,51.57277,2,2,6,17:25,-1,E09000019,6,2,1,1,1,9,3,2,0,0,0,1,0,0,0,0,1,1,19
2024010490143,2024,010490143,512598,179708,-0.37906,51.5051,3,3,6,17:00,-1,E09000009,3,2,1,0,1,19,1,5,0,0,0,0,1,0,0,0,0,1,19
2024010490151,2024,010490151,541773,191305,0.04571,51.60275,3,3,6,13:35,-1,E09000026,3,0,1,0,1,19,"[1, 5]","[5, 1]",0,0,0,1,0,0,0,0,0,1,19
2024010490154,2024,010490154,509395,173917,-0.42698,51.45368,2,2,6,23:30,-1,E09000018,4,2,1,2,1,19,"[6, 2]","[2, 6]",0,0,0,1,0,1,0,0,0,1,19
2024010490158,2024,010490158,538261,181526,-0.00881,51.51574,3,3,7,03:23,-1,E09000030,3,2,1,0,1,19,1,5,"[2, 0]",0,0,1,0,1,0,0,0,1,20
2024010490161,2024,010490161,513165,171892,-0.37339,51.43474,3,3,7,03:25,-1,E09000027,3,2,9,0,1,19,"[7, 3]","[3, 7]",0,0,0,1,0,0,0,0,0,1,20
2024010490163,2024,010490163,526931,177497,-0.17345,51.48219,3,3,7,04:15,-1,E09000020,3,2,4,1,1,"[9, 19]","[5, 1]","[3, 5]",0,0,0,1,0,1,0,0,0,1,20
2024010490166,2024,010490166,541747,171962,0.03757,51.42894,3,3,7,05:10,-1,E09000023,6,2,1,2,1,"[2, 19]","[0, 3]","[0, 7]","[0, 4]",0,0,1,0,0,0,0,0,1,20
2024010490178,2024,010490178,510699,178905,-0.40666,51.49826,3,3,6,14:50,-1,E09000018,5,0,9,0,1,19,5,1,0,0,0,1,0,0,0,0,1,1,19
2024010490181,2024,010490181,525210,171316,-0.2004,51.42703,3,3,2,15:10,-1,E09000024,4,0,9,-1,1,4,3,7,11,0,0,1,0,0,0,0,1,1,15
2024010490187,2024,010490187,529417,186830,-0.13424,51.5655,3,3,7,11:00,-1,E09000019,3,0,1,0,1,19,5,1,0,0,0,0,0,0,1,0,0,1,20
2024010490190,2024,010490190,528225,196017,-0.14807,51.64834,3,3,7,15:50,-1,E09000010,3,0,9,1,1,1,3,7,0,0,0,1,0,0,0,0,1,1,6
2024010490195,2024,010490195,524823,184417,-0.20134,51.54485,3,3,6,20:40,-1,E09000007,3,2,1,1,1,99,9,9,99,9,99,1,0,1,0,0,0,1,19
2024010490212,2024,010490212,532370,190989,-0.0901,51.60219,3,3,7,12:55,-1,E09000014,3,0,1,0,1,"[19, 4]",5,1,0,0,0,1,0,0,0,0,0,1,20
2024010490216,2024,010490216,535450,169949,-0.05372,51.41239,3,3,7,08:28,-1,E09000006,3,0,8,0,1,7,"[4, 5]","[6, 8]",0,0,0,1,0,1,0,0,0,1,20
2024010490222,2024,010490222,520462,179230,-0.26597,51.49918,3,3,5,20:00,-1,E09000009,6,0,1,0,1,99,9,9,99,9,99,0,0,1,0,0,0,1,18
2024010490230,2024,010490230,538356,175600,-0.00976,51.46247,3,3,7,13:15,-1,E09000023,3,0,1,0,1,"[3, 14]",3,7,0,0,0,0,0,0,1,0,0,1,20
2024010490235,2024,010490235,533580,172353,-0.07969,51.43444,3,3,7,12:50,-1,E09000028,6,0,1,1,1,"[99, 13]",9,9,99,9,99,1,1,0,0,0,0,1,20
2024010490251,2024,010490251,513391,175639,-0.36894,51.46837,3,3,7,14:30,-1,E09000018,3,0,1,0,1,"[8, 9, 3]","[3, 7, 1]",5,0,0,0,1,0,0,1,0,0,1,20
2024010490253,2024,010490253,510947,176612,-0.40381,51.4776,3,3,7,16:45,-1,E09000018,3,2,8,0,1,99,9,9,99,9,99,1,0,0,0,0,0,1,20
2024010490255,2024,010490255,524561,180795,-0.2064,51.51236,3,3,7,10:00,-1,E09000020,4,0,1,1,1,99,9,9,99,9,99,1,0,0,0,0,1,1,20
2024010490259,2024,010490259,536068,177743,-0.04185,51.48228,3,3,7,14:25,-1,E09000023,4,0,1,0,1,99,9,9,99,9,99,1,0,0,0,0,0,1,20
2024010490265,2024,010490265,522340,179923,-0.23869,51.50501,3,3,7,17:35,-1,E09000013,6,2,1,0,1,9,1,7,0,0,0,1,0,0,0,0,1,1,20
2024010490266,2024,010490266,531113,190414,-0.10845,51.59732,3,3,7,19:29,-1,E09000014,3,2,1,0,1,19,5,1,0,0,0,0,0,0,1,0,0,1,20
2024010490267,2024,010490267,511009,187914,-0.39936,51.57917,3,3,7,13:59,-1,E09000017,5,0,1,0,1,99,9,9,99,9,99,1,0,1,0,0,0,1,20
2024010490268,2024,010490268,518999,178080,-0.28742,51.48916,3,3,6,23:17,-1,E09000018,3,2,1,-1,1,99,9,9,99,9,99,1,0,0,0,0,0,1,19
2024010490270,2024,010490270,531532,186844,-0.10374,51.56514,3,3,3,15:00,-1,E09000012,3,0,8,0,1,99,9,9,99,9,99,0,0,1,0,0,1,1,16
2024010490271,2024,010490271,534043,187675,-0.06722,51.57202,2,"[2, 3]",7,18:59,-1,E09000012,3,2,1,0,1,19,5,1,0,0,0,0,0,0,1,0,1,1,20
2024010490272,2024,010490272,534706,190659,-0.05651,51.59867,3,3,7,18:00,-1,E09000014,5,2,1,0,1,19,"[1, 5]","[5, 1]",0,"[0, 1]",0,1,0,0,0,0,0,1,20
2024010490275,2024,010490275,531178,179965,-0.1114,51.5034,2,2,7,18:05,-1,E09000022,3,2,1,0,1,19,5,1,0,0,0,0,0,0,1,0,1,1,20
2024010490276,2024,010490276,530773,185667,-0.11512,51.55474,3,3,7,17:40,-1,E09000019,3,2,1,0,1,"[6, 19]",5,"[5, 1]",0,0,0,1,0,1,0,0,0,1,20
2024010490278,2024,010490278,538163,181877,-0.01008,51.51892,2,"[3, 2]",7,16:51,-1,E09000030,3,2,1,0,1,19,5,1,0,0,0,1,0,0,0,0,0,1,20
2024010490279,2024,010490279,512184,190786,-0.38149,51.60475,3,3,7,18:45,-1,E09000015,3,0,8,1,1,19,3,7,0,0,0,1,0,0,0,0,0,1,20
2024010490284,2024,010490284,531537,167035,-0.11104,51.38712,3,3,7,21:37,-1,E09000008,3,2,1,0,1,"[9, 19]","[7, 1]",5,0,0,0,1,0,0,0,0,0,1,20
2024010490291,2024,010490291,522690,186883,-0.23122,51.56748,3,3,7,17:01,-1,E09000005,5,2,1,0,1,19,"[1, 6]","[5, 2]",0,0,0,1,0,1,0,0,0,1,20
2024010490292,2024,010490292,511536,185370,-0.39256,51.5562,3,3,7,11:45,-1,E09000017,5,0,1,1,1,"[19, 99]","[1, 9]","[5, 9]","[0, 99]","[0, 9]","[0, 99]",1,0,0,0,0,0,1,20
2024010490299,2024,010490299,536208,173915,-0.04131,51.44785,3,3,7,17:35,-1,E09000023,4,2,8,0,1,"[15, 5]","[1, 0]","[5, 1]","[8, 0]",0,0,1,1,0,0,0,0,1,20
2024010490300,2024,010490300,528862,181195,-0.1443,51.51499,3,3,1,02:22,-1,E09000033,3,2,2,1,1,99,9,9,99,9,99,1,0,0,0,0,0,1,21
2024010490303,2024,010490303,534918,192288,-0.05283,51.61326,3,3,1,04:20,-1,E09000010,4,2,5,1,1,7,1,4,7,0,0,1,0,0,0,0,0,1,21
2024010490306,2024,010490306,541981,180324,0.04429,51.50402,3,3,1,03:45,-1,E09000025,6,2,1,1,1,19,3,7,7,0,0,0,0,0,1,0,0,1,21
2024010490307,2024,010490307,547065,170286,0.11331,51.41253,3,3,7,13:18,-1,E09000006,3,0,1,0,2,"[11, 19]",3,7,0,0,0,1,0,0,0,0,0,1,20
2024010490308,2024,010490308,542076,187854,0.04869,51.57166,3,3,7,12:13,-1,E09000026,3,0,1,0,2,19,5,1,0,0,0,1,0,0,0,0,0,1,20
2024010490309,2024,010490309,532197,178574,-0.09725,51.49067,3,3,1,05:29,-1,E09000028,3,2,5,1,1,19,1,5,10,0,0,1,0,0,0,0,0,1,21
2024010490312,2024,010490312,513349,188221,-0.3655,51.58146,3,3,1,07:22,-1,E09000015,3,2,2,1,1,19,1,5,0,0,0,1,0,1,0,0,0,1,21
2024010490314,2024,010490314,545588,163938,0.08949,51.35587,2,2,1,06:15,-1,E09000006,3,2,2,1,1,19,"[3, 5]","[7, 1]",0,0,0,1,0,0,0,0,0,1,21
2024010490315,2024,010490315,527821,164453,-0.16534,51.36477,3,3,7,10:20,-1,E09000029,3,0,1,0,1,14,1,5,0,0,0,0,0,1,0,0,1,1,20
2024010490317,2024,010490317,525208,174973,-0.19914,51.45989,3,3,7,11:46,-1,E09000032,3,0,1,1,1,99,9,9,99,9,99,1,1,0,0,0,0,1,20
2024010490318,2024,010490318,505855,176818,-0.47704,51.48042,3,3,2,22:50,-1,EHEATHROW,6,2,9,-1,1,5,1,5,0,0,0,1,0,0,0,0,1,1,15
2024010490324,2024,010490324,542692,174417,0.05214,51.45076,3,3,1,02:09,-1,E09000011,3,2,1,1,1,99,9,9,99,9,99,1,0,0,0,0,0,1,21
2024010490325,2024,010490325,524661,179061,-0.20557,51.49675,3,3,1,09:05,-1,E09000020,3,0,1,1,1,99,9,9,99,9,99,1,1,0,0,0,0,1,21
2024010490329,2024,010490329,536304,177907,-0.03839,51.4837,3,3,7,15:41,-1,E09000023,6,0,1,0,1,99,9,9,99,9,99,1,1,0,0,0,0,1,20
2024010490332,2024,010490332,546481,184269,0.11071,51.53832,3,3,6,10:50,-1,E09000002,6,0,9,0,1,99,9,9,99,9,99,1,0,0,0,0,0,1,19