collision_index,collision_year,collision_ref_no,location_easting_osgr,location_northing_osgr,longitude,latitude,casualty_severity,casualty_severity,day_of_week,time,local_authority_district,local_authority_ons_district,first_road_class,light_conditions,weather_conditions,road_surface_conditions,urban_or_rural_area,vehicle_manoeuvre,vehicle_direction_from,vehicle_direction_to,hit_object_in_carriageway,vehicle_leaving_carriageway,hit_object_off_carriageway,is_car,is_cyle,is_mcyle,is_goodsv,is_other,is_pedestrian,month,day
2024010490339,2024,010490339,544480,175281,0.0782,51.45808,3,3,5,07:05,-1,E09000011,3,2,1,0,1,99,9,9,99,9,99,1,0,0,0,0,0,1,18
2024010490344,2024,010490344,520024,190635,-0.26839,51.60178,3,3,1,12:20,-1,E09000003,3,0,1,0,1,"[9, 19]","[2, 1]","[7, 5]",0,0,0,1,1,0,0,0,0,1,21
2024010490345,2024,010490345,522634,179789,-0.2345,51.50374,3,3,7,23:06,-1,E09000013,5,2,1,0,1,99,9,9,"[99, 0]","[9, 0]","[99, 0]",1,0,0,0,0,0,1,20
2024010490346,2024,010490346,535766,178783,-0.0458,51.4917,3,3,1,12:58,-1,E09000028,3,0,1,0,1,19,"[3, 7]","[7, 3]",0,0,0,1,0,0,1,0,0,1,21
2024010490347,2024,010490347,533262,182594,-0.0804,51.52654,3,3,7,21:00,-1,E09000012,5,2,1,-1,1,99,9,9,99,9,99,1,0,1,0,0,0,1,20
2024010490357,2024,010490357,518468,190361,-0.29094,51.59964,3,3,7,13:20,-1,E09000015,5,0,1,0,1,99,9,9,99,9,99,1,0,0,0,0,0,1,20
2024010490358,2024,010490358,531920,183876,-0.09926,51.53838,3,3,5,10:28,-1,E09000019,3,2,1,0,1,99,9,9,99,9,99,1,1,0,0,0,0,1,18
2024010490364,2024,010490364,516200,171872,-0.32976,51.43394,3,3,1,15:00,-1,E09000027,3,0,1,0,1,"[19, 9]","[1, 5]","[5, 3]",0,"[0, 7]",0,1,1,0,0,0,0,1,21
2024010490370,2024,010490370,530885,186083,-0.11335,51.55845,3,3,7,09:10,-1,E09000019,3,0,2,1,1,99,9,9,99,9,99,1,0,1,0,0,0,1,20
2024010490373,2024,010490373,531038,186503,-0.11099,51.56219,3,3,7,20:30,-1,E09000019,3,2,1,0,1,4,5,1,0,0,0,0,0,0,1,0,0,1,20
2024010490376,2024,010490376,544201,186523,0.07878,51.55916,3,3,1,04:55,-1,E09000026,3,2,1,0,1,"[99, 19]","[9, 5]","[9, 1]","[99, 12]","[9, 0]","[99, 0]",1,0,0,0,0,0,1,21
2024010490377,2024,010490377,531250,177562,-0.11126,51.48179,2,2,7,17:10,-1,E09000022,3,2,1,2,1,99,9,9,99,9,99,1,1,0,0,0,0,1,20
2024010490381,2024,010490381,521907,183458,-0.2437,51.53687,3,3,1,16:50,-1,E09000005,3,2,5,1,1,19,7,3,0,1,0,1,0,0,0,0,1,1,21
2024010490383,2024,010490383,537850,172645,-0.01819,51.43604,3,3,6,16:15,-1,E09000023,3,0,1,0,1,99,9,9,99,9,99,1,1,0,0,0,0,1,19
2024010490387,2024,010490387,525441,180406,-0.19386,51.50867,3,3,6,07:55,-1,E09000020,3,0,1,2,1,99,9,9,99,9,99,1,1,0,0,0,0,1,19
2024010490388,2024,010490388,524071,169423,-0.21744,51.41027,3,3,1,17:20,-1,E09000024,3,2,2,1,1,"[14, 2]","[1, 0]","[5, 0]","[4, 0]",0,0,1,0,0,0,0,0,1,21
2024010490391,2024,010490391,526756,177742,-0.17588,51.48443,3,3,1,16:58,-1,E09000020,3,0,4,1,1,"[3, 19]",7,3,0,0,0,1,0,1,0,0,0,1,21
2024010490392,2024,010490392,544304,184840,0.07958,51.54401,3,3,1,17:29,-1,E09000002,6,2,5,1,1,"[2, 19]","[0, 7]","[0, 3]",0,0,0,1,1,0,0,0,0,1,21
2024010490393,2024,010490393,535842,183066,-0.04305,51.53017,3,3,7,10:45,-1,E09000030,4,0,1,0,1,99,9,9,99,9,99,1,1,0,0,0,0,1,20
2024010490395,2024,010490395,535194,169988,-0.05739,51.4128,3,3,6,15:05,-1,E09000006,6,0,1,0,1,19,8,4,0,0,0,1,0,0,0,0,1,1,19
2024010490399,2024,010490399,526127,167197,-0.18868,51.38981,3,3,1,16:15,-1,E09000024,3,0,1,1,1,99,9,9,99,9,99,1,0,0,0,0,0,1,21
2024010490400,2024,010490400,509954,191724,-0.41338,51.61362,3,3,1,19:20,-1,E09000017,3,2,4,1,1,99,9,9,99,9,99,1,0,0,0,0,0,1,21
2024010490406,2024,010490406,535866,198958,-0.03656,51.67297,3,3,1,19:15,-1,E09000010,6,2,4,1,1,99,9,9,99,9,99,1,0,0,0,0,0,1,21
2024010490409,2024,010490409,509836,179849,-0.41879,51.50691,2,2,1,19:32,-1,E09000017,5,2,4,1,1,19,5,1,0,0,0,1,0,0,0,0,1,1,21
2024010490410,2024,010490410,509934,186619,-0.41527,51.56774,3,3,1,16:35,-1,E09000017,6,2,5,1,1,"[19, 2]","[3, 0]","[7, 0]",0,0,0,1,0,0,0,0,0,1,21
2024010490411,2024,010490411,537989,186837,-0.01064,51.56354,3,3,1,19:40,-1,E09000031,3,2,4,1,1,19,5,1,0,2,10,0,1,0,0,0,1,1,21
2024010490413,2024,010490413,542856,165049,0.05073,51.36654,3,3,1,20:00,-1,E09000006,3,2,4,0,1,19,5,1,0,0,0,0,0,0,1,0,0,1,21
2024010490430,2024,010490430,526954,170660,-0.17557,51.42074,3,3,6,16:30,-1,E09000024,3,0,1,0,1,99,9,9,99,9,99,0,0,1,0,0,0,1,19
2024010490433,2024,010490433,530979,192075,-0.10976,51.61228,2,2,1,23:40,-1,E09000010,3,2,2,1,1,"[9, 19]","[7, 1]",5,0,0,0,1,0,1,0,0,0,1,21
2024010490438,2024,010490438,525884,183784,-0.18627,51.53893,3,3,6,18:40,-1,E09000007,4,2,1,0,1,99,9,9,99,9,99,1,0,0,0,0,0,1,12
2024010490442,2024,010490442,545936,170970,0.09737,51.41897,2,2,1,22:57,-1,E09000004,3,2,5,1,1,19,3,1,9,0,0,1,0,0,0,0,0,1,21
2024010490443,2024,010490443,537116,180016,-0.02588,51.50245,2,2,1,22:09,-1,E09000030,3,2,5,1,1,"[2, 19]","[0, 1]","[0, 5]",0,0,0,1,0,0,1,0,1,1,21
2024010490445,2024,010490445,517903,178318,-0.30312,51.49152,3,3,2,00:52,-1,E09000018,3,2,5,1,1,19,7,3,7,1,7,1,0,0,0,0,0,1,22
2024010490449,2024,010490449,534947,181891,-0.0564,51.51983,2,2,2,08:30,-1,E09000030,3,0,1,0,1,19,"[7, 5]","[3, 1]",0,0,0,1,1,0,0,0,0,1,22
2024010490454,2024,010490454,524289,188120,-0.20773,51.57825,3,3,5,16:10,-1,E09000003,3,2,1,-1,1,99,9,9,99,9,99,1,0,1,0,0,0,1,18
2024010490466,2024,010490466,505905,176972,-0.47627,51.4818,3,3,6,06:10,-1,E09000017,3,2,8,-1,1,99,9,9,99,9,99,1,0,0,0,0,0,1,19
2024010490472,2024,010490472,526323,185868,-0.1792,51.55756,2,2,2,10:22,-1,E09000007,6,0,1,0,1,19,1,5,0,0,0,1,0,0,0,0,1,1,22
2024010490476,2024,010490476,532351,191422,-0.09021,51.60609,3,3,5,13:01,-1,E09000014,6,0,9,-1,1,99,9,9,99,9,99,1,0,1,0,0,0,1,18
2024010490477,2024,010490477,526918,177495,-0.17363,51.48218,3,3,1,12:00,-1,E09000020,3,0,1,1,1,99,9,9,99,9,99,1,0,1,0,0,0,1,21
2024010490483,2024,010490483,515926,171076,-0.33396,51.42684,3,3,5,21:10,-1,E09000027,3,2,2,1,1,99,9,9,99,9,99,1,0,0,0,0,0,1,4
2024010490489,2024,010490489,551429,188127,0.18366,51.57168,3,3,5,11:45,-1,E09000016,5,0,9,-1,1,5,3,7,0,0,0,1,0,0,0,0,1,1,11
2024010490490,2024,010490490,513672,186423,-0.36143,51.56524,3,3,5,15:30,-1,E09000015,5,0,9,0,1,99,9,9,99,9,99,1,0,1,0,0,0,1,18
2024010490497,2024,010490497,550125,176875,0.16007,51.47093,3,3,2,11:53,-1,E09000004,6,0,1,0,1,"[19, 3]",1,5,0,0,0,1,0,0,0,0,0,1,22
2024010490504,2024,010490504,517814,167194,-0.3081,51.39156,3,3,1,07:15,-1,E09000021,4,2,2,1,1,99,9,9,99,9,99,1,1,0,0,0,0,1,21
2024010490506,2024,010490506,526096,177603,-0.18543,51.48333,3,3,2,08:55,-1,E09000020,3,0,1,0,1,19,"[5, 6]","[1, 2]",0,0,0,1,1,0,0,0,0,1,22
2024010490510,2024,010490510,540611,172125,0.0213,51.43069,3,3,2,07:50,-1,E09000023,3,0,1,1,1,6,5,5,0,0,0,1,0,0,0,0,1,1,22
2024010490512,2024,010490512,541977,180110,0.04414,51.5021,3,3,2,10:20,-1,E09000025,6,0,1,0,1,"[9, 19]","[3, 5]","[1, 6]",0,0,0,1,0,0,0,0,0,1,22
2024010490515,2024,010490515,531998,166273,-0.1047,51.38017,3,3,7,15:40,-1,E09000008,3,0,9,-1,1,99,9,9,99,9,99,1,0,1,0,0,0,1,20
2024010490518,2024,010490518,530200,158396,-0.1334,51.30979,2,2,2,12:34,-1,E09000008,6,0,4,0,1,19,5,1,0,0,0,1,0,1,0,0,0,1,22
2024010490521,2024,010490521,533133,178820,-0.08369,51.49266,3,3,2,11:16,-1,E09000028,3,0,1,0,1,"[13, 19]",3,7,0,0,0,1,0,1,0,0,0,1,22
2024010490525,2024,010490525,549977,174380,0.15689,51.44855,3,3,1,14:25,-1,E09000004,3,0,8,1,2,99,9,9,99,0,0,1,0,0,0,0,0,1,21
2024010490527,2024,010490527,536514,175712,-0.03621,51.46392,3,3,5,09:35,-1,E09000023,4,0,8,0,1,99,9,9,99,9,99,1,0,1,0,0,0,1,18
2024010490534,2024,010490534,547374,186813,0.12465,51.56095,3,3,6,18:15,-1,E09000002,4,2,1,0,1,99,9,9,99,9,99,0,0,1,0,0,0,1,19
2024010490535,2024,010490535,548034,185496,0.13361,51.54894,3,3,2,15:14,-1,E09000002,5,0,1,0,1,19,8,4,0,0,0,0,0,0,1,0,0,1,22
2024010490538,2024,010490538,527606,174996,-0.16463,51.45957,3,3,6,14:00,-1,E09000032,6,0,9,-1,1,99,9,9,99,9,99,1,0,1,0,0,0,1,19
2024010490547,2024,010490547,540299,182287,0.02085,51.52208,3,3,1,15:45,-1,E09000025,6,0,1,0,1,99,9,9,99,9,99,1,0,0,0,0,0,1,21
2024010490552,2024,010490552,525616,181726,-0.19087,51.52049,2,2,3,16:56,-1,E09000033,3,2,9,0,1,7,2,4,0,0,0,0,0,0,1,0,1,1,16
2024010490558,2024,010490558,545124,183595,0.09088,51.53262,1,1,2,09:22,-1,E09000002,5,0,5,1,1,19,4,8,0,0,0,1,0,0,0,0,1,1,22
2024010490569,2024,010490569,529985,184661,-0.12685,51.54588,3,3,2,14:25,-1,E09000007,3,0,8,0,1,99,9,9,99,9,99,1,0,0,0,0,0,1,22
2024010490571,2024,010490571,526177,178689,-0.18387,51.49307,3,3,3,17:35,-1,E09000020,6,2,1,0,1,99,9,9,99,9,99,1,1,0,0,0,0,1,16
2024010490574,2024,010490574,529072,173186,-0.1442,51.44297,3,3,7,14:47,-1,E09000032,5,0,1,0,1,99,9,9,99,9,99,1,0,1,0,0,0,1,20
2024010490579,2024,010490579,523929,168029,-0.21997,51.39777,2,2,6,10:30,-1,E09000024,6,0,1,0,1,99,9,9,99,9,99,1,1,0,0,0,0,1,19
2024010490585,2024,010490585,525573,195693,-0.1865,51.64602,2,2,2,16:25,-1,E09000003,3,2,4,0,1,19,4,8,0,0,0,1,1,0,0,0,0,1,22
2024010490591,2024,010490591,528422,164417,-0.15672,51.36431,3,3,2,18:00,-1,E09000029,5,2,4,1,1,19,3,7,0,0,0,1,0,0,0,0,0,1,22
2024010490592,2024,010490592,513162,174360,-0.37265,51.45692,3,3,2,15:15,-1,E09000027,3,0,4,0,1,19,5,1,11,0,0,1,0,0,0,0,1,1,22
2024010490597,2024,010490597,527445,173262,-0.16757,51.44402,3,3,1,15:30,-1,E09000032,3,2,9,-1,1,"[10, 8]",6,"[3, 8]","[0, 99]","[0, 1]",0,1,1,0,0,0,0,1,21
2024010490598,2024,010490598,512141,180519,-0.38538,51.51248,3,3,2,20:49,-1,E09000009,3,2,1,0,1,19,5,1,0,0,0,1,0,0,0,0,1,1,22
2024010490599,2024,010490599,528763,189645,-0.14264,51.59095,3,3,2,18:00,-1,E09000014,3,0,1,0,1,5,5,1,0,0,0,0,0,0,1,0,1,1,22
2024010490600,2024,010490600,548542,188102,0.14203,51.57222,2,2,2,19:30,-1,E09000002,3,2,1,0,1,"[9, 19]","[7, 5]","[5, 1]",0,0,0,1,0,1,0,0,0,1,22
2024010490602,2024,010490602,529878,180422,-0.12996,51.50781,3,3,2,19:00,-1,E09000033,3,2,1,0,1,"[9, 5]","[5, 7]","[2, 3]",0,0,0,1,1,0,0,0,0,1,22
2024010490604,2024,010490604,532284,173471,-0.09791,51.44479,3,3,2,19:35,-1,E09000022,5,2,1,0,1,"[19, 5]","[5, 1]","[1, 5]",0,0,0,1,0,0,0,0,0,1,22
2024010490606,2024,010490606,548198,175228,0.13166,51.45664,3,3,2,15:45,-1,E09000004,6,0,1,0,1,"[2, 7]","[0, 2]","[0, 4]",0,0,0,1,0,0,0,0,0,1,22
2024010490607,2024,010490607,523752,167318,-0.22276,51.39142,2,2,3,15:30,-1,E09000024,4,0,1,0,1,99,9,9,99,9,99,0,1,0,0,0,0,1,16
2024010490609,2024,010490609,550467,183015,0.16761,51.52601,3,3,1,19:00,-1,E09000016,3,2,1,0,1,99,9,9,99,9,99,1,0,0,0,0,1,1,21
2024010490611,2024,010490611,522561,178593,-0.23597,51.49301,2,"[3, 2]",2,15:30,-1,E09000013,3,0,1,0,1,5,3,7,0,0,0,0,0,0,1,0,1,1,22
2024010490616,2024,010490616,523997,188438,-0.21183,51.58117,3,3,2,17:12,-1,E09000003,3,0,1,0,1,"[12, 19]",7,3,0,"[0, 4]","[0, 6]",1,0,0,0,0,0,1,22
2024010490617,2024,010490617,540383,173401,0.01853,51.44221,2,2,2,18:15,-1,E09000023,5,2,1,0,1,99,9,9,99,9,99,1,0,0,0,0,1,1,22
2024010490618,2024,010490618,551594,182676,0.1837,51.52266,2,2,2,21:06,-1,E09000016,3,2,1,0,1,19,7,3,0,0,0,1,0,0,0,0,0,1,22
2024010490623,2024,010490623,533544,185035,-0.07542,51.54841,3,3,2,18:40,-1,E09000012,3,2,8,1,1,9,7,5,0,0,0,1,0,0,0,0,1,1,22
2024010490624,2024,010490624,542635,179112,0.05321,51.49297,3,3,2,22:28,-1,E09000011,3,2,4,0,1,5,3,7,0,0,0,1,0,0,0,0,1,1,22
2024010490629,2024,010490629,542412,183918,0.05194,51.53621,3,3,2,20:10,-1,E09000025,3,2,1,0,1,"[7, 19]",5,"[6, 1]",0,0,0,0,1,0,0,0,0,1,22
2024010490633,2024,010490633,530672,169583,-0.12252,51.41022,2,2,3,06:31,-1,E09000008,3,2,1,0,1,3,1,5,10,1,1,1,0,0,0,0,0,1,23
2024010490636,2024,010490636,520339,185006,-0.26577,51.55112,3,3,6,15:10,-1,E09000005,6,0,1,0,1,99,9,9,99,9,99,1,0,0,0,0,1,1,19
2024010490638,2024,010490638,527804,177736,-0.1608,51.48415,3,3,2,07:22,-1,E09000020,3,0,1,0,2,99,9,9,99,9,99,1,1,0,0,0,0,1,22
2024010490639,2024,010490639,527299,178130,-0.16792,51.4878,3,3,5,14:30,-1,E09000020,3,0,9,-1,1,99,9,9,99,9,99,1,0,1,0,0,0,1,18
2024010490640,2024,010490640,517643,179328,-0.30653,51.50066,3,3,3,09:04,-1,E09000009,4,0,8,1,1,9,5,2,12,7,0,1,0,0,0,0,1,1,23
2024010490641,2024,010490641,528629,164730,-0.15364,51.36707,2,2,3,07:40,-1,E09000029,3,0,2,1,1,5,1,5,0,0,0,1,0,0,0,0,1,1,23
2024010490650,2024,010490650,528573,182119,-0.14813,51.52336,3,3,5,09:05,-1,E09000033,3,0,1,0,1,99,9,9,99,9,99,0,0,0,1,0,0,1,4
2024010490651,2024,010490651,527371,183477,-0.16496,51.53584,3,3,3,08:25,-1,E09000007,4,0,2,1,1,99,9,9,99,9,99,1,1,0,0,0,0,1,23
2024010490654,2024,010490654,510658,177313,-0.40775,51.48395,3,3,3,17:40,-1,E09000018,3,2,1,0,1,99,9,9,99,9,99,1,0,0,0,0,0,1,16
2024010490657,2024,010490657,535619,184770,-0.04561,51.54554,3,3,3,07:49,-1,E09000012,6,0,1,0,1,1,1,5,0,0,0,1,0,0,0,0,1,1,23
2024010490664,2024,010490664,534565,179491,-0.06282,51.49835,3,3,3,08:46,-1,E09000028,3,0,2,1,1,"[19, 7]","[3, 7]","[7, 1]",0,0,0,1,1,0,0,0,0,1,23
2024010490665,2024,010490665,536298,184778,-0.03582,51.54544,3,3,3,09:30,-1,E09000012,3,0,2,1,1,99,9,9,99,9,99,1,0,0,0,0,1,1,23
2024010490666,2024,010490666,530426,170102,-0.12587,51.41494,3,3,5,15:10,-1,E09000022,6,0,1,0,1,99,9,9,99,9,99,1,0,1,0,0,0,1,18
2024010490668,2024,010490668,507124,181887,-0.45724,51.52575,3,3,4,22:00,-1,E09000017,5,2,1,0,1,99,9,9,99,9,99,1,0,1,0,0,0,1,17
2024010490676,2024,010490676,537662,195100,-0.01212,51.63787,3,3,3,09:48,-1,E09000031,3,0,2,1,1,4,5,1,0,0,0,1,0,0,0,0,1,1,23
2024010490677,2024,010490677,542251,184693,0.04994,51.54321,3,3,7,20:00,-1,E09000025,3,0,8,0,1,99,9,9,99,9,99,1,1,0,0,0,0,1,13
2024010490678,2024,010490678,531095,167588,-0.11718,51.3922,3,3,5,19:28,-1,E09000008,3,2,1,0,1,99,9,9,99,9,99,1,0,1,0,0,0,1,18
2024010490680,2024,010490680,525464,183256,-0.19251,51.53428,2,2,6,14:45,-1,E09000033,5,0,9,0,1,99,9,9,99,9,99,1,0,0,0,0,1,1,12
2024010490683,2024,010490683,545490,185211,0.09682,51.54704,3,3,3,10:48,-1,E09000002,3,0,2,1,1,"[99, 3]","[9, 3]","[9, 7]","[99, 0]","[9, 0]","[99, 0]",1,0,0,0,0,0,1,23
2024010490686,2024,010490686,529573,165063,-0.13996,51.36985,2,2,3,07:20,-1,E09000029,3,0,2,1,1,5,3,7,0,0,0,1,0,0,0,0,1,1,23
2024010490695,2024,010490695,533533,184789,-0.07567,51.5462,3,3,3,10:59,-1,E09000012,3,0,1,0,1,19,"[7, 1]","[3, 5]",0,0,0,1,0,0,0,0,0,1,23
2024010490700,2024,010490700,537170,174603,-0.02721,51.4538,3,3,3,08:56,-1,E09000023,6,0,2,1,1,19,6,2,0,0,0,1,0,0,0,0,1,1,23
2024010490701,2024,010490701,525066,190571,-0.19565,51.6001,3,3,3,13:02,-1,E09000003,3,0,2,1,1,99,9,9,99,9,99,1,0,0,0,0,1,1,23
2024010490707,2024,010490707,519391,180254,-0.28105,51.50861,2,2,3,07:30,-1,E09000009,3,0,1,0,1,"[19, 7]",7,"[3, 2]",0,0,0,1,1,0,0,0,0,1,23
2024010490708,2024,010490708,519182,191556,-0.28023,51.61023,3,3,3,10:38,-1,E09000015,4,0,2,1,1,"[5, 19]","[5, 3]","[1, 7]",0,0,0,1,0,0,1,0,0,1,23
2024010490709,2024,010490709,510399,180699,-0.41042,51.51444,2,2,3,12:10,-1,E09000017,5,0,1,1,1,10,3,1,0,0,0,1,0,0,0,0,1,1,23
2024010490711,2024,010490711,520376,188640,-0.26399,51.58377,3,3,3,12:55,-1,E09000005,3,0,1,1,1,"[19, 2]","[3, 7, 0]","[7, 3, 0]",0,0,0,1,0,0,0,0,0,1,23
2024010490712,2024,010490712,525472,185538,-0.19159,51.55478,2,2,3,09:30,-1,E09000007,3,0,2,1,1,"[7, 19]",1,"[3, 5]",0,0,0,1,0,1,0,0,0,1,23
2024010490722,2024,010490722,529975,190630,-0.12479,51.59952,3,3,1,16:11,-1,E09000014,6,0,1,0,1,99,9,9,99,9,99,1,0,1,0,0,0,1,21
2024010490723,2024,010490723,547111,169472,0.11364,51.4052,3,3,3,09:17,-1,E09000006,3,0,1,1,1,1,3,7,0,0,0,1,0,0,0,0,1,1,23
2024010490725,2024,010490725,537543,176033,-0.02129,51.46656,3,3,3,08:01,-1,E09000023,3,0,1,0,1,"[9, 19]","[1, 5]","[6, 1]",0,0,0,1,1,0,0,0,0,1,23
2024010490726,2024,010490726,546052,180215,0.10285,51.50201,2,2,3,15:26,-1,E09000011,3,0,1,1,1,-1,5,1,0,0,0,1,0,0,0,0,1,1,23
2024010490727,2024,010490727,523471,180401,-0.22223,51.50906,3,3,3,10:45,-1,E09000013,6,0,8,1,1,5,"[8, 6]","[4, 2]",0,0,0,1,0,0,0,0,0,1,23
2024010490728,2024,010490728,545156,172230,0.08668,51.43049,3,3,3,12:46,-1,E09000004,3,0,4,1,1,99,9,9,99,9,99,1,0,0,0,0,0,1,23
2024010490736,2024,010490736,514457,171217,-0.35503,51.42841,3,3,3,14:58,-1,E09000027,3,0,1,1,1,"[14, 10]",1,"[5, 6]",0,0,0,1,0,1,0,0,0,1,23
2024010490738,2024,010490738,548429,176897,0.13568,51.47157,3,3,3,08:54,-1,E09000004,5,0,4,1,1,"[3, 5]",7,3,0,"[3, 0]",0,1,0,0,0,0,1,1,23
2024010490739,2024,010490739,547888,183554,0.13069,51.53153,3,3,2,17:45,-1,E09000002,3,2,5,1,1,"[11, 19]",7,3,0,0,0,1,0,0,0,0,0,1,22
2024010490740,2024,010490740,509479,171786,-0.42643,51.43451,3,3,3,17:15,-1,E09000018,3,2,1,0,1,99,9,9,99,9,99,1,0,0,0,1,0,1,16
2024010490744,2024,010490744,513757,179866,-0.36232,51.50629,3,3,3,16:58,-1,E09000009,6,2,2,1,1,"[13, 7]","[3, 1]","[7, 3]",0,0,0,1,0,0,0,0,0,1,23
2024010490746,2024,010490746,538191,180610,-0.01017,51.50753,3,3,3,16:51,-1,E09000030,3,2,4,1,1,"[4, 19, 3]",7,3,0,0,0,1,0,0,0,0,0,1,23
2024010490749,2024,010490749,532769,170941,-0.09188,51.42194,3,3,3,17:35,-1,E09000008,3,2,1,1,1,"[9, 2, 19]","[7, 0, 3]","[5, 0, 7]",0,"[0, 1]",0,1,0,0,0,0,0,1,23
2024010490751,2024,010490751,533247,189112,-0.07815,51.58512,3,3,3,15:25,-1,E09000014,3,0,1,0,1,99,9,9,99,9,99,1,0,1,0,0,0,1,23
2024010490754,2024,010490754,531518,167111,-0.11128,51.38781,3,3,3,13:37,-1,E09000008,3,0,1,0,1,99,9,9,99,9,99,1,0,1,0,0,0,1,23
2024010490759,2024,010490759,519787,175864,-0.27683,51.46907,3,3,3,06:50,-1,E09000027,3,2,1,0,1,99,9,9,99,9,99,1,0,1,0,0,0,1,23
2024010490763,2024,010490763,545868,183958,0.10175,51.53569,3,3,3,18:40,-1,E09000002,3,2,2,1,1,99,9,9,99,9,99,1,0,1,0,0,0,1,23
2024010490766,2024,010490766,525210,178754,-0.19777,51.49387,2,2,6,10:00,-1,E09000020,3,0,1,-1,1,99,9,9,99,9,99,0,0,1,0,1,0,1,19
2024010490769,2024,010490769,527484,184560,-0.16294,51.54554,2,2,3,16:53,-1,E09000007,5,2,4,1,1,7,4,7,0,0,0,1,0,0,0,0,1,1,23
2024010490779,2024,010490779,542480,183539,0.05277,51.53279,3,3,3,16:32,-1,E09000025,3,2,9,-1,1,99,9,9,99,9,99,1,0,0,0,0,0,1,23
2024010490780,2024,010490780,509596,181606,-0.4217,51.52275,3,3,3,19:20,-1,E09000017,3,2,8,1,1,19,7,3,0,0,0,1,0,0,0,0,1,1,23
2024010490781,2024,010490781,538350,189811,-0.00427,51.59017,2,"[3, 2]",3,16:05,-1,E09000031,4,0,4,0,1,"[19, 9]",1,"[5, 6]",0,0,0,1,0,1,0,0,0,1,23
2024010490783,2024,010490783,544368,170198,0.07452,51.41243,3,3,3,15:15,-1,E09000006,3,0,1,0,1,99,9,9,99,9,99,1,0,0,0,0,1,1,23
2024010490785,2024,010490785,531114,190104,-0.10855,51.59453,3,3,3,21:28,-1,E09000014,3,2,2,1,1,19,8,4,0,0,0,0,0,1,0,0,1,1,23
2024010490790,2024,010490790,520923,185175,-0.25729,51.55251,3,3,3,15:05,-1,E09000005,3,0,2,1,1,"[19, 13]",5,1,0,0,0,1,0,0,0,0,0,1,23
2024010490791,2024,010490791,537750,179785,-0.01685,51.50022,3,3,3,18:15,-1,E09000030,5,2,9,-1,1,99,9,9,99,9,99,1,0,0,0,0,1,1,23
2024010490796,2024,010490796,525871,178752,-0.18826,51.49371,2,2,3,16:10,-1,E09000020,5,2,5,1,1,"[4, 5]","[3, 5]","[7, 1]","[9, 0]",0,0,1,1,0,0,0,0,1,23
2024010490797,2024,010490797,532819,183151,-0.08658,51.53165,3,3,6,17:45,-1,E09000012,3,2,1,0,1,99,9,9,99,9,99,1,1,0,0,0,0,1,19
2024010490798,2024,010490798,522009,191044,-0.2396,51.60502,3,3,7,22:45,-1,E09000003,3,2,1,0,1,99,9,9,99,9,99,1,0,0,0,0,0,1,20
2024010490802,2024,010490802,534222,195380,-0.06169,51.64121,3,3,3,19:05,-1,E09000010,3,2,2,1,1,99,9,9,99,9,99,1,0,0,0,0,0,1,23
2024010490804,2024,010490804,524908,177789,-0.20246,51.48527,3,3,6,07:38,-1,E09000013,4,0,1,0,1,99,9,9,99,9,99,1,0,0,0,0,1,1,19
2024010490805,2024,010490805,533563,176750,-0.07828,51.47395,3,3,3,23:50,-1,E09000028,3,2,5,1,1,"[5, 9]","[3, 5]","[7, 3]",0,0,0,1,1,0,0,0,0,1,23
2024010490806,2024,010490806,533825,181328,-0.07277,51.51503,3,3,3,23:07,-1,E09000030,3,2,1,1,1,"[19, 7]",7,"[3, 1]",0,0,0,1,1,0,0,0,0,1,23
2024010490808,2024,010490808,541059,165115,0.02496,51.36759,3,3,3,21:56,-1,E09000006,3,2,2,1,2,19,"[3, 1]","[7, 5]",0,0,0,1,0,0,0,0,0,1,23
2024010490810,2024,010490810,543940,185641,0.07466,51.5513,3,3,3,23:40,-1,E09000026,6,2,4,0,1,1,7,3,0,0,0,1,0,0,0,0,1,1,23
2024010490812,2024,010490812,552416,181326,0.19495,51.51031,3,3,2,07:30,-1,E09000016,3,0,4,0,2,"[4, 19]",7,3,0,0,0,1,0,0,0,0,0,1,22
2024010490813,2024,010490813,523698,184917,-0.21738,51.54959,3,3,4,06:00,-1,E09000005,6,2,4,0,1,"[5, 2]","[5, 0]","[1, 0]","[4, 0]",0,0,1,0,0,0,0,0,1,24
2024010490815,2024,010490815,527661,178393,-0.16262,51.49008,3,3,3,10:25,-1,E09000020,3,0,5,1,1,99,9,9,99,9,99,0,0,0,1,0,1,1,23
2024010490817,2024,010490817,533451,182927,-0.07755,51.52949,3,3,4,07:15,-1,E09000012,3,0,4,0,1,"[13, 10]",1,"[5, 6]",0,0,0,1,0,1,0,0,0,1,24
2024010490818,2024,010490818,525792,169581,-0.19265,51.41131,2,2,4,06:50,-1,E09000024,3,2,4,1,1,"[19, 9]","[5, 1]","[1, 7]",0,0,0,1,0,1,0,0,0,1,24