collision_index,collision_year,collision_ref_no,location_easting_osgr,location_northing_osgr,longitude,latitude,casualty_severity,casualty_severity,day_of_week,time,local_authority_district,local_authority_ons_district,first_road_class,light_conditions,weather_conditions,road_surface_conditions,urban_or_rural_area,vehicle_manoeuvre,vehicle_direction_from,vehicle_direction_to,hit_object_in_carriageway,vehicle_leaving_carriageway,hit_object_off_carriageway,is_car,is_cyle,is_mcyle,is_goodsv,is_other,is_pedestrian,month,day
2024010490822,2024,010490822,530798,175983,-0.11835,51.46771,3,3,4,08:00,-1,E09000022,3,0,1,0,1,9,7,5,0,1,0,1,0,0,0,0,1,1,24
2024010490823,2024,010490823,517251,182010,-0.31128,51.52484,3,3,7,14:20,-1,E09000009,6,0,9,1,1,99,9,9,"[99, 0]",9,"[99, 0]",1,0,1,0,0,0,1,20
2024010490829,2024,010490829,535953,180965,-0.04226,51.51126,3,3,6,16:30,-1,E09000030,3,2,9,-1,1,99,9,9,99,9,99,1,0,1,0,0,0,1,19
2024010490836,2024,010490836,533933,180940,-0.07136,51.51152,3,3,7,18:42,-1,E09000030,3,2,8,-1,1,"[19, 99]","[5, 9]","[1, 9]",0,0,0,1,0,1,0,0,0,1,20
2024010490841,2024,010490841,532253,182927,-0.09481,51.52977,3,3,4,07:39,-1,E09000012,6,0,4,0,1,"[19, 7]",5,"[1, 7]",0,"[0, 1]",0,1,0,1,0,0,0,1,24
2024010490843,2024,010490843,532802,184172,-0.08644,51.54083,3,3,3,20:44,-1,E09000019,6,2,1,0,1,99,9,9,99,9,99,1,0,0,0,0,0,1,23
2024010490844,2024,010490844,517237,161572,-0.31824,51.34115,2,2,4,08:00,-1,E09000021,3,0,1,0,2,19,1,5,0,0,0,1,0,0,0,0,1,1,24
2024010490848,2024,010490848,522801,179031,-0.23236,51.49689,3,3,2,11:00,-1,E09000013,6,0,9,-1,1,99,9,9,99,9,99,1,0,1,0,0,0,1,22
2024010490849,2024,010490849,542116,185327,0.04825,51.54894,3,3,4,08:00,-1,E09000025,3,0,1,0,1,99,9,9,99,9,99,1,1,0,0,0,0,1,24
2024010490856,2024,010490856,537221,163907,-0.03061,51.35767,3,3,7,02:15,-1,E09000008,3,2,1,0,2,99,9,9,99,9,99,1,0,1,0,0,0,1,13
2024010490857,2024,010490857,516212,191742,-0.32304,51.61252,3,3,3,18:15,-1,E09000015,6,2,1,1,1,99,9,9,99,9,99,1,0,1,0,0,0,1,23
2024010490858,2024,010490858,523973,178384,-0.21571,51.49082,3,3,2,13:50,-1,E09000013,3,0,1,0,1,99,9,9,99,9,99,1,0,0,0,0,0,1,15
2024010490861,2024,010490861,527681,169038,-0.1657,51.406,3,3,4,08:27,-1,E09000024,3,0,4,0,1,"[19, 9]",5,"[1, 3]","[10, 0]","[3, 7]","[10, 0]",1,0,0,0,1,0,1,24
2024010490871,2024,010490871,540883,174660,0.02622,51.4534,3,3,4,10:15,-1,E09000011,3,0,8,0,1,"[3, 9]","[1, 5]","[5, 3]",0,0,0,0,0,0,1,0,0,1,24
2024010490874,2024,010490874,542555,191876,0.05723,51.60768,3,3,4,10:40,-1,E09000026,3,0,1,0,1,"[15, 10]",5,"[1, 2]","[10, 0]",0,0,1,0,1,0,0,0,1,24
2024010490878,2024,010490878,522799,184616,-0.23044,51.54708,2,2,4,12:34,-1,E09000005,3,0,1,0,1,19,1,5,0,0,0,1,0,0,0,0,1,1,24
2024010490881,2024,010490881,537287,189333,-0.01979,51.58614,3,3,3,16:20,-1,E09000031,3,0,1,-1,1,99,9,9,99,9,99,0,0,1,1,0,0,1,23
2024010490882,2024,010490882,511521,186090,-0.39255,51.56267,3,3,3,08:28,-1,E09000017,6,0,8,0,1,99,9,9,99,9,99,1,0,0,0,0,1,1,23
2024010490886,2024,010490886,524013,195472,-0.20911,51.64438,3,3,6,15:30,-1,E09000003,5,0,8,0,1,99,9,9,99,9,99,1,0,0,0,0,1,1,19
2024010490891,2024,010490891,522698,173401,-0.2358,51.44632,3,3,4,12:55,-1,E09000032,3,0,1,0,1,"[19, 10]","[5, 7]","[1, 4]",0,0,0,1,0,0,0,0,0,1,24
2024010490898,2024,010490898,524131,188325,-0.20994,51.58013,3,3,4,11:28,-1,E09000003,3,0,1,0,1,7,8,2,0,0,0,0,0,0,1,0,1,1,24
2024010490899,2024,010490899,526956,173720,-0.17444,51.44824,3,3,4,09:10,-1,E09000032,6,0,1,0,1,5,"[1, 3]","[5, 7]",0,0,0,1,1,0,0,0,0,1,24
2024010490909,2024,010490909,529344,182309,-0.13695,51.52489,3,3,3,15:30,-1,E09000007,3,0,1,0,1,99,9,9,99,9,99,1,0,0,0,0,0,1,23
2024010490910,2024,010490910,520472,168424,-0.2695,51.40206,3,3,3,18:31,-1,E09000021,3,2,2,1,1,99,9,9,99,9,99,1,1,0,0,0,0,1,23
2024010490911,2024,010490911,508211,181663,-0.44164,51.52353,3,3,6,07:55,-1,E09000017,4,0,8,0,1,99,9,9,99,9,99,1,1,0,0,0,0,1,19
2024010490912,2024,010490912,524318,188143,-0.2073,51.57845,3,3,3,19:10,-1,E09000003,6,2,1,1,1,99,9,9,99,9,99,1,0,1,0,0,0,1,23
2024010490920,2024,010490920,548190,176574,0.13211,51.46873,3,3,4,08:15,-1,E09000004,6,0,1,0,1,"[5, 19]","[0, 3]",7,0,0,0,1,0,0,0,0,1,1,24
2024010490925,2024,010490925,537850,174003,-0.01766,51.44824,2,2,4,15:47,-1,E09000023,3,0,1,0,1,"[9, 19]","[7, 4]","[4, 8]",0,0,0,0,0,1,0,0,0,1,24
2024010490927,2024,010490927,546388,187438,0.11069,51.56682,3,3,4,16:00,-1,E09000026,3,0,1,0,1,19,3,7,0,0,0,1,0,1,0,0,0,1,24
2024010490928,2024,010490928,537888,174163,-0.01705,51.44967,3,3,4,16:20,-1,E09000023,3,0,1,0,1,"[9, 19]",5,"[3, 1]",0,0,0,1,1,0,0,0,0,1,24
2024010490934,2024,010490934,523862,179971,-0.21675,51.50511,3,3,2,02:15,-1,E09000020,3,2,1,0,1,99,9,9,99,9,99,1,0,0,0,0,0,1,1
2024010490935,2024,010490935,525953,193168,-0.18192,51.62325,3,3,4,08:10,-1,E09000003,6,0,1,0,1,99,9,9,99,9,99,1,0,0,0,0,1,1,24
2024010490937,2024,010490937,530310,177991,-0.12463,51.48587,3,3,3,18:21,-1,E09000022,3,2,2,1,1,99,9,9,99,9,99,1,0,0,0,1,0,1,23
2024010490941,2024,010490941,538207,177017,-0.01135,51.47524,3,3,4,13:55,-1,E09000011,6,0,1,0,1,8,1,3,0,0,0,1,0,0,0,0,1,1,24
2024010490944,2024,010490944,539534,181636,0.00957,51.51642,3,3,2,16:30,-1,E09000025,3,0,8,0,1,99,9,9,8,9,99,0,1,0,0,0,0,1,22
2024010490947,2024,010490947,531989,170559,-0.10323,51.41869,3,3,4,17:10,-1,E09000008,3,2,1,0,1,"[5, 19]","[5, 1]","[1, 5]",0,0,0,1,0,1,0,0,0,1,24
2024010490958,2024,010490958,522874,190438,-0.22733,51.59939,3,3,4,18:30,-1,E09000003,3,2,1,1,1,"[19, 4]",4,8,0,0,0,1,0,0,0,0,0,1,24
2024010490960,2024,010490960,547208,165695,0.11347,51.37124,2,2,4,13:17,-1,E09000006,6,0,1,0,1,19,7,3,0,0,0,1,0,0,0,0,0,1,24
2024010490968,2024,010490968,509726,187969,-0.41785,51.57991,3,3,4,15:05,-1,E09000017,6,0,1,0,1,19,"[3, 1]","[7, 5]",0,"[1, 0]",0,1,0,0,0,0,0,1,24
2024010490973,2024,010490973,535276,192331,-0.04764,51.61356,3,3,4,21:00,-1,E09000010,3,2,1,0,1,3,5,1,0,0,0,1,0,1,0,0,0,1,24
2024010490979,2024,010490979,519723,165869,-0.28112,51.37926,3,3,4,15:00,-1,E09000021,3,0,1,0,1,99,9,9,99,9,99,1,0,0,0,0,0,1,24
2024010490981,2024,010490981,541236,190349,0.03758,51.59429,3,3,4,20:35,-1,E09000026,3,2,1,0,1,19,1,5,0,0,0,1,0,1,0,0,0,1,24
2024010490987,2024,010490987,537824,186378,-0.0132,51.55945,2,2,4,22:40,-1,E09000031,5,2,1,0,1,19,"[4, 8]","[8, 4]",0,0,0,1,0,0,0,0,0,1,24
2024010490988,2024,010490988,526690,182495,-0.17512,51.52716,3,3,4,23:15,-1,E09000033,3,2,1,0,1,19,7,3,0,0,0,1,0,0,0,0,1,1,24
2024010490989,2024,010490989,513056,183228,-0.37133,51.53664,3,3,4,23:45,-1,E09000009,5,2,1,0,1,"[13, 19]",1,5,0,"[7, 1]",0,1,0,0,0,0,0,1,24
2024010490990,2024,010490990,529500,177919,-0.13632,51.4854,3,3,4,21:55,-1,E09000033,3,2,1,0,1,19,3,7,10,0,0,0,0,1,0,0,0,1,24
2024010490993,2024,010490993,532050,187466,-0.09604,51.57061,3,3,5,02:44,-1,E09000012,3,2,1,0,1,6,5,5,0,0,0,1,0,0,0,0,1,1,25
2024010490994,2024,010490994,512489,177581,-0.38131,51.486,2,2,4,23:55,-1,E09000018,5,2,8,0,1,19,5,1,0,0,0,1,0,0,0,0,1,1,24
2024010491000,2024,010491000,532431,172992,-0.09597,51.44045,3,3,5,17:55,-1,E09000022,3,2,1,0,1,99,9,9,99,9,99,1,1,0,0,0,0,1,11
2024010491001,2024,010491001,540725,178427,0.02545,51.48729,3,3,5,06:55,-1,E09000011,3,0,1,0,1,"[19, 7]","[1, 5]","[5, 7]",0,0,0,1,1,0,0,0,0,1,25
2024010491003,2024,010491003,506087,180398,-0.47263,51.51256,3,3,2,18:00,-1,E09000017,5,2,9,1,1,1,1,5,0,0,0,1,0,0,0,0,1,1,8
2024010491015,2024,010491015,524544,170594,-0.21023,51.42069,3,3,4,08:21,-1,E09000024,4,0,1,0,1,99,9,9,99,9,99,1,1,0,0,0,0,1,24
2024010491016,2024,010491016,533249,165438,-0.08705,51.37237,3,3,5,07:00,-1,E09000008,4,0,1,1,1,19,"[3, 1]","[7, 5]",0,0,0,1,0,0,0,0,0,1,25
2024010491017,2024,010491017,534643,181888,-0.06078,51.51987,3,3,5,08:36,-1,E09000030,6,0,1,0,1,4,3,7,0,0,0,1,0,0,0,0,1,1,25
2024010491021,2024,010491021,543585,186429,0.06987,51.55847,3,3,5,09:00,-1,E09000026,3,0,1,0,1,19,1,5,"[11, 0]",0,0,1,1,0,0,0,0,1,25
2024010491030,2024,010491030,522201,192431,-0.23635,51.61745,3,3,4,15:03,-1,E09000003,4,0,1,0,1,"[2, 99]",9,9,99,9,99,1,0,0,0,0,0,1,24
2024010491035,2024,010491035,521024,179255,-0.25787,51.49929,3,3,5,08:30,-1,E09000009,6,0,1,0,1,99,9,9,99,9,99,1,0,1,0,0,0,1,25
2024010491039,2024,010491039,531134,167624,-0.11661,51.39251,3,3,3,17:10,-1,E09000008,3,0,9,-1,1,99,9,9,99,9,99,1,0,1,0,0,0,1,23
2024010491042,2024,010491042,533653,186956,-0.07312,51.56565,3,3,6,20:20,-1,E09000012,3,2,9,-1,1,99,9,9,99,9,99,1,0,1,0,0,0,1,19
2024010491044,2024,010491044,530987,192093,-0.10964,51.61244,3,3,7,16:45,-1,E09000010,3,2,8,0,1,99,9,9,99,9,99,1,0,0,0,0,0,1,20
2024010491046,2024,010491046,533019,167306,-0.08965,51.38921,3,3,4,11:03,-1,E09000008,3,0,1,0,1,99,9,9,99,9,99,1,0,1,0,0,0,1,24
2024010491047,2024,010491047,528735,175826,-0.14809,51.46677,3,3,5,10:51,-1,E09000022,3,0,1,0,1,"[4, 13]","[7, 1]","[3, 5]",0,"[0, 1]",0,1,0,1,0,0,0,1,25
2024010491049,2024,010491049,528473,178193,-0.151,51.4881,2,2,4,13:40,-1,E09000033,4,0,1,0,1,"[13, 9]",6,"[2, 5]",0,0,0,1,0,1,0,0,0,1,24
2024010491057,2024,010491057,507528,178505,-0.45245,51.49527,3,3,5,12:30,-1,E09000017,1,0,1,0,1,19,3,7,0,7,1,1,0,0,0,0,0,1,25
2024010491059,2024,010491059,531685,167262,-0.10883,51.38913,3,3,3,07:27,-1,E09000008,6,0,1,0,1,99,9,9,99,9,99,0,0,0,0,1,1,1,23
2024010491062,2024,010491062,526473,175581,-0.18072,51.46508,2,2,5,10:28,-1,E09000032,3,0,1,0,1,"[19, 9]","[7, 3]","[3, 1]",0,0,0,1,0,1,0,0,0,1,25
2024010491063,2024,010491063,518272,168631,-0.30104,51.40438,3,3,5,08:23,-1,E09000021,5,0,1,0,1,19,"[3, 5]","[7, 1]",0,0,0,1,1,0,0,0,0,1,25
2024010491066,2024,010491066,528770,173778,-0.14833,51.44836,3,3,3,17:45,-1,E09000032,3,2,9,-1,1,99,9,9,99,9,99,1,0,1,0,0,0,1,23
2024010491067,2024,010491067,540930,168313,0.02437,51.39636,3,3,5,13:11,-1,E09000006,3,0,1,0,1,"[9, 19]","[1, 7]","[7, 3]",0,0,0,1,0,1,0,0,0,1,25
2024010491068,2024,010491068,538235,177397,-0.0108,51.47865,3,3,5,13:03,-1,E09000011,3,0,8,0,1,"[9, 13]",1,"[6, 5]",0,0,0,1,0,1,0,0,0,1,25
2024010491076,2024,010491076,524606,188649,-0.20297,51.58293,3,3,4,11:20,-1,E09000003,6,0,1,0,1,99,9,9,99,9,99,1,0,1,0,0,0,1,24
2024010491080,2024,010491080,529310,182527,-0.13736,51.52686,3,3,5,08:50,-1,E09000007,4,0,1,0,1,99,9,9,99,9,99,1,0,0,0,0,1,1,25
2024010491087,2024,010491087,519902,185533,-0.27189,51.55595,2,2,5,13:45,-1,E09000005,4,0,1,0,1,19,5,1,0,0,0,1,0,0,0,0,1,1,25
2024010491088,2024,010491088,515693,180944,-0.33408,51.51558,3,3,4,08:35,-1,E09000009,6,0,1,0,1,19,3,7,99,0,0,1,0,0,0,0,1,1,17
2024010491089,2024,010491089,518163,165366,-0.3037,51.37506,3,3,5,13:50,-1,E09000021,3,0,1,0,1,19,1,5,10,0,0,1,0,0,0,0,0,1,25
2024010491090,2024,010491090,533876,182089,-0.07175,51.52186,3,3,4,05:50,-1,E09000030,4,2,1,0,1,99,9,9,99,9,99,1,1,0,0,0,0,1,24
2024010491093,2024,010491093,534079,166882,-0.07458,51.38515,2,"[3, 2]",5,13:59,-1,E09000008,4,0,1,0,1,"[19, 2]","[3, 0, 7]","[7, 0, 3]","[0, 10]","[0, 1]","[0, 4]",1,0,1,0,0,0,1,25
2024010491097,2024,010491097,527997,168695,-0.16128,51.40285,3,3,5,10:30,-1,E09000024,3,0,1,0,1,99,9,9,99,9,99,1,0,0,0,0,1,1,25
2024010491100,2024,010491100,518606,193101,-0.28802,51.62424,3,3,4,19:30,-1,E09000003,3,0,1,0,2,99,9,9,99,9,99,1,0,0,0,0,0,1,24
2024010491103,2024,010491103,540156,190647,0.02212,51.59724,3,3,5,16:31,-1,E09000026,6,2,1,0,1,9,1,7,0,0,0,1,0,0,0,0,1,1,25
2024010491107,2024,010491107,533923,168233,-0.07632,51.39733,3,3,5,18:08,-1,E09000008,6,2,1,0,1,9,3,2,0,0,0,1,0,0,0,0,1,1,25
2024010491108,2024,010491108,539346,184180,0.00787,51.53933,3,3,4,15:48,-1,E09000025,6,0,1,0,1,99,9,9,99,9,99,1,0,1,0,0,0,1,24
2024010491111,2024,010491111,530140,175234,-0.12809,51.46113,3,3,4,02:20,-1,E09000022,6,0,8,0,1,99,9,9,99,9,99,1,0,0,0,1,0,1,24
2024010491118,2024,010491118,538910,171386,-0.00344,51.42447,3,3,5,07:10,-1,E09000023,5,0,1,0,1,"[9, 19]","[4, 2]","[2, 6]",0,"[0, 4]","[0, 1]",1,0,0,0,0,0,1,25
2024010491119,2024,010491119,529359,183897,-0.13615,51.53916,3,3,5,14:45,-1,E09000007,5,0,1,0,1,99,9,9,99,9,99,1,1,0,0,0,0,1,25
2024010491128,2024,010491128,527633,181068,-0.16205,51.51413,3,3,5,16:25,-1,E09000033,3,2,1,0,1,"[5, 19]","[0, 3]",7,0,0,0,1,1,0,0,0,0,1,25
2024010491129,2024,010491129,528538,173359,-0.15182,51.44464,3,3,5,18:12,-1,E09000032,3,2,1,0,1,99,9,9,99,9,99,1,0,1,0,0,0,1,25
2024010491131,2024,010491131,545397,165814,0.08752,51.37277,2,2,5,18:15,-1,E09000006,3,2,1,1,1,99,9,9,99,"[9, 0]","[99, 0]",1,0,0,0,0,0,1,25
2024010491132,2024,010491132,534507,185486,-0.06136,51.55224,3,3,4,09:14,-1,E09000012,5,0,1,0,1,99,9,9,99,9,99,0,1,0,1,0,0,1,24
2024010491133,2024,010491133,533703,187866,-0.07205,51.57381,3,3,5,19:15,-1,E09000012,3,2,1,0,1,19,1,5,0,0,0,0,0,1,0,0,1,1,25
2024010491134,2024,010491134,511901,190346,-0.38572,51.60085,3,3,5,19:10,-1,E09000015,6,2,1,1,1,"[19, 9]","[3, 5]","[7, 2]",0,0,0,1,0,0,0,0,0,1,25
2024010491135,2024,010491135,526786,182003,-0.17392,51.52272,3,3,5,20:00,-1,E09000033,3,2,1,0,1,"[7, 4]",1,"[3, 5]",0,0,0,1,0,1,0,0,0,1,25
2024010491137,2024,010491137,543509,184163,0.06785,51.53813,3,3,5,17:26,-1,E09000025,3,2,1,0,1,"[4, 19]",1,5,0,0,0,1,0,0,0,0,0,1,25
2024010491138,2024,010491138,524863,182106,-0.20158,51.52407,2,2,3,06:35,-1,E09000033,3,0,1,0,1,99,9,9,99,9,99,1,1,0,0,0,0,1,23
2024010491140,2024,010491140,524550,184378,-0.20529,51.54456,3,3,6,17:05,-1,E09000005,5,2,1,0,1,99,9,9,99,9,99,1,1,0,0,0,0,1,12
2024010491141,2024,010491141,538488,173094,-0.00884,51.43992,3,3,5,16:48,-1,E09000023,6,0,1,0,1,99,9,9,99,9,99,1,0,0,0,0,0,1,25
2024010491142,2024,010491142,548450,188487,0.14086,51.57571,3,3,5,20:22,-1,E09000002,3,2,1,0,1,19,1,5,0,0,0,1,0,1,0,0,0,1,25
2024010491147,2024,010491147,520951,168204,-0.26269,51.39998,2,"[2, 3]",5,20:47,-1,E09000021,3,2,1,0,1,"[19, 7]",1,"[5, 3]",0,0,0,1,0,0,0,0,0,1,25
2024010491149,2024,010491149,543085,164946,0.05397,51.36556,3,3,5,17:10,-1,E09000006,3,2,1,0,1,3,1,5,0,0,0,0,0,0,1,0,1,1,25
2024010491151,2024,010491151,522959,189389,-0.22647,51.58994,2,"[3, 2]",5,15:05,-1,E09000003,3,0,1,0,1,"[9, 4, 2]","[5, 3, 0]","[3, 7, 0]",0,0,0,1,0,0,0,0,1,1,25
2024010491155,2024,010491155,543268,186163,0.06519,51.55616,3,3,5,19:30,-1,E09000025,3,2,1,0,1,99,9,9,99,9,99,1,0,0,0,0,0,1,25
2024010491156,2024,010491156,537918,174530,-0.01648,51.45296,3,3,5,18:15,-1,E09000023,3,2,1,0,1,19,5,1,0,0,0,0,1,0,0,0,1,1,25
2024010491157,2024,010491157,519763,165894,-0.28054,51.37947,3,3,5,15:11,-1,E09000021,3,0,1,0,1,99,9,9,99,9,99,1,0,0,0,0,0,1,25
2024010491158,2024,010491158,547740,186910,0.12996,51.56172,3,3,5,23:07,-1,E09000002,3,2,1,0,1,99,9,9,99,9,99,1,0,0,0,0,0,1,25
2024010491159,2024,010491159,532950,178852,-0.08631,51.49299,2,2,2,13:45,-1,E09000028,6,0,1,0,1,"[9, 19]","[7, 5]","[5, 1]",0,0,0,1,1,0,0,0,0,1,22
2024010491160,2024,010491160,512484,177221,-0.38149,51.48277,3,3,5,23:05,-1,E09000018,5,2,2,1,1,"[19, 1]","[1, 7]","[5, 3]",0,0,0,1,1,0,0,0,0,1,25
2024010491162,2024,010491162,533791,188511,-0.07053,51.57959,3,3,6,00:24,-1,E09000014,6,2,2,1,1,19,7,3,0,0,0,1,0,0,0,0,1,1,26
2024010491163,2024,010491163,534452,184076,-0.06269,51.53958,3,3,3,20:45,-1,E09000012,5,2,1,1,1,99,9,9,99,9,99,1,1,0,0,0,0,1,23
2024010491165,2024,010491165,539943,188489,0.01818,51.5779,3,3,6,00:45,-1,E09000026,3,2,1,1,1,19,3,7,10,7,9,1,0,0,0,0,0,1,26
2024010491167,2024,010491167,546634,185099,0.11326,51.54574,3,3,6,04:20,-1,E09000002,5,2,2,1,1,19,1,5,10,0,0,1,0,0,0,0,0,1,26
2024010491168,2024,010491168,519144,188757,-0.28173,51.58508,3,3,5,21:50,-1,E09000005,3,2,1,1,1,19,3,7,"[0, 10]",0,0,1,0,0,0,0,0,1,25
2024010491177,2024,010491177,548692,183152,0.1421,51.52771,2,2,6,06:24,-1,E09000002,3,2,2,1,1,"[12, 13]",3,7,0,0,0,1,0,1,0,0,0,1,26
2024010491182,2024,010491182,533173,168687,-0.08692,51.40159,3,3,4,15:50,-1,E09000008,6,0,9,-1,1,99,9,9,99,9,99,1,0,1,0,0,0,1,24
2024010491183,2024,010491183,519140,186187,-0.28265,51.56199,3,3,6,07:55,-1,E09000005,3,0,1,0,1,99,9,9,99,9,99,1,1,0,0,0,0,1,26
2024010491188,2024,010491188,537463,180633,-0.02065,51.50791,3,3,5,09:10,-1,E09000030,3,0,1,0,1,99,9,9,99,9,99,1,0,0,0,0,0,1,25
2024010491191,2024,010491191,525290,167842,-0.20048,51.39579,3,3,6,09:06,-1,E09000024,3,0,8,1,1,9,5,3,0,0,0,1,0,0,0,0,1,1,26
2024010491194,2024,010491194,535029,178180,-0.05664,51.48646,2,2,6,10:00,-1,E09000028,6,0,1,0,1,19,3,7,0,0,0,1,0,0,0,0,1,1,26
2024010491195,2024,010491195,532745,168241,-0.09324,51.39768,3,3,5,21:52,-1,E09000008,4,2,1,0,1,"[3, 19]",5,1,"[10, 0]","[1, 0]","[2, 0]",1,0,1,0,0,0,1,25
2024010491197,2024,010491197,537118,188962,-0.02237,51.58284,2,2,6,09:19,-1,E09000031,5,0,1,0,1,19,7,3,0,0,0,1,0,0,0,0,1,1,26
2024010491198,2024,010491198,545203,178642,0.08998,51.48809,3,3,5,18:45,-1,E09000011,3,2,1,0,1,99,9,9,99,9,99,1,0,0,0,0,1,1,25
2024010491200,2024,010491200,542752,182858,0.05641,51.5266,3,3,4,16:01,-1,E09000025,3,0,9,-1,1,99,9,9,99,9,99,1,0,1,0,0,0,1,24
2024010491204,2024,010491204,523513,188932,-0.21864,51.58572,3,3,4,13:00,-1,E09000003,6,0,9,-1,1,99,9,9,99,9,99,1,0,1,0,0,0,1,24
2024010491205,2024,010491205,524229,184293,-0.20995,51.54387,3,3,4,08:05,-1,E09000005,3,0,1,0,1,99,9,9,99,9,99,1,0,1,0,0,0,1,17
2024010491207,2024,010491207,533960,192220,-0.06668,51.61288,2,2,6,08:50,-1,E09000010,6,0,1,0,1,19,1,5,0,0,0,1,0,0,0,0,1,1,26
2024010491213,2024,010491213,531280,189561,-0.10636,51.58962,3,3,3,20:30,-1,E09000014,3,0,9,0,1,99,9,9,99,9,99,1,0,1,0,0,0,1,23
2024010491215,2024,010491215,521129,190031,-0.25265,51.59611,3,3,5,15:15,-1,E09000003,6,0,2,1,1,19,1,5,0,0,0,1,0,0,0,0,0,1,25
2024010491217,2024,010491217,550509,184321,0.16877,51.53773,1,1,6,08:24,-1,E09000002,3,0,1,0,1,19,8,4,0,0,0,1,0,0,1,0,1,1,26
2024010491218,2024,010491218,535228,171573,-0.0563,51.42704,2,2,6,11:45,-1,E09000023,3,0,1,0,1,19,3,7,0,0,0,1,0,0,0,0,1,1,26
2024010491219,2024,010491219,530693,169509,-0.12225,51.40955,3,3,4,18:30,-1,E09000008,3,2,9,-1,1,99,9,9,99,9,99,1,0,1,0,0,0,1,24
2024010491221,2024,010491221,534396,178290,-0.06571,51.4876,3,3,2,19:16,-1,E09000028,5,2,1,-1,1,"[1, 3]",9,9,99,9,99,1,1,0,0,0,0,1,22
2024010491222,2024,010491222,527618,173955,-0.16484,51.45021,3,3,4,14:10,-1,E09000032,4,0,9,-1,1,99,9,9,99,9,99,1,0,1,0,0,0,1,24
2024010491224,2024,010491224,543287,187335,0.06594,51.56669,3,3,6,11:59,-1,E09000026,3,0,1,0,1,19,"[5, 1]","[1, 5]","[0, 7]",0,0,1,0,0,0,0,0,1,26
2024010491225,2024,010491225,523460,180900,-0.22222,51.51354,3,3,6,13:00,-1,E09000013,6,0,1,0,1,19,3,7,0,0,0,1,0,0,0,0,1,1,26
2024010491226,2024,010491226,537959,174784,-0.01579,51.45523,3,3,6,12:00,-1,E09000023,3,0,1,0,1,"[9, 19]","[7, 2]",6,0,0,0,1,0,0,0,0,0,1,26
2024010491228,2024,010491228,528580,190105,-0.14511,51.59513,2,2,6,13:04,-1,E09000014,4,0,1,0,1,19,1,5,0,0,0,0,0,0,0,1,0,1,26
2024010491229,2024,010491229,537010,180907,-0.02706,51.51049,2,2,1,01:06,-1,E09000030,3,2,9,-1,1,99,9,9,99,9,99,0,1,0,0,0,0,1,21
2024010491230,2024,010491230,544032,178080,0.0729,51.48334,3,3,5,20:00,-1,E09000011,5,0,1,0,1,99,9,9,99,9,99,1,0,1,0,0,0,1,25
2024010491232,2024,010491232,522210,187107,-0.23807,51.5696,3,3,6,13:20,-1,E09000005,3,0,1,0,1,"[7, 19]",3,"[6, 7]",0,0,0,1,0,1,0,0,0,1,26
2024010491233,2024,010491233,524944,187984,-0.19833,51.57688,3,3,3,18:00,-1,E09000003,6,2,1,0,1,99,9,9,99,9,99,1,0,1,0,0,0,1,23
2024010491235,2024,010491235,533400,178083,-0.08012,51.48597,2,2,6,09:15,-1,E09000028,4,0,1,0,1,"[13, 9]",1,"[5, 7]",0,0,0,1,0,1,0,0,0,1,26
2024010491236,2024,010491236,505319,184440,-0.48248,51.54903,3,3,6,12:45,-1,E09000017,6,0,1,0,1,1,3,7,11,0,0,1,0,0,0,0,1,1,26
2024010491238,2024,010491238,531334,178401,-0.10974,51.48931,3,3,6,08:45,-1,E09000022,3,0,1,0,1,19,7,3,0,0,0,1,1,0,0,0,0,1,26
2024010491239,2024,010491239,534983,194526,-0.05103,51.63336,3,3,5,11:54,-1,E09000010,6,0,1,0,1,99,9,9,99,9,99,1,0,1,0,0,0,1,25
2024010491243,2024,010491243,526244,185637,-0.18042,51.5555,3,3,6,12:16,-1,E09000007,6,0,1,0,1,19,"[3, 7]","[7, 3]",0,0,0,1,0,1,0,0,0,1,26
2024010491250,2024,010491250,536549,171847,-0.0372,51.42918,3,3,6,10:20,-1,E09000023,3,0,1,0,1,99,9,9,99,9,99,1,0,0,1,0,0,1,26
2024010491252,2024,010491252,508818,176768,-0.4344,51.47941,3,3,6,14:43,-1,EHEATHROW,6,0,1,0,1,19,7,3,0,0,0,1,0,0,1,0,0,1,26
2024010491253,2024,010491253,528721,173589,-0.1491,51.44667,3,3,6,12:49,-1,E09000032,3,0,8,0,1,99,9,9,99,9,99,0,1,0,0,0,0,1,26
2024010491255,2024,010491255,535736,182041,-0.04498,51.52098,3,3,4,17:15,-1,E09000030,5,2,1,-1,1,19,5,1,0,0,0,1,0,0,0,0,1,1,24
2024010491257,2024,010491257,523179,175422,-0.22817,51.46437,3,3,5,14:45,-1,E09000032,6,0,1,0,1,99,9,9,0,0,0,1,0,0,0,0,1,1,25
2024010491262,2024,010491262,531409,179662,-0.10819,51.50063,3,3,6,13:58,-1,E09000022,3,0,1,0,1,19,"[7, 3]","[3, 7]",0,0,0,1,1,0,0,0,0,1,26
2024010491268,2024,010491268,541053,183759,0.0323,51.53512,3,3,4,17:35,-1,E09000025,6,2,9,-1,1,99,9,9,99,9,99,1,0,1,0,0,0,1,24