collision_index,collision_year,collision_ref_no,location_easting_osgr,location_northing_osgr,longitude,latitude,casualty_severity,casualty_severity,day_of_week,time,local_authority_district,local_authority_ons_district,first_road_class,light_conditions,weather_conditions,road_surface_conditions,urban_or_rural_area,vehicle_manoeuvre,vehicle_direction_from,vehicle_direction_to,hit_object_in_carriageway,vehicle_leaving_carriageway,hit_object_off_carriageway,is_car,is_cyle,is_mcyle,is_goodsv,is_other,is_pedestrian,month,day
2024010491269,2024,010491269,534320,187454,-0.06331,51.56997,3,3,6,14:22,-1,E09000012,3,0,1,0,1,99,9,9,99,9,99,1,0,0,0,0,0,1,26
2024010491276,2024,010491276,529688,180350,-0.13272,51.50721,3,3,6,16:00,-1,E09000033,3,0,1,0,1,9,3,1,0,0,0,1,0,0,0,0,1,1,26
2024010491278,2024,010491278,534235,181600,-0.06676,51.51738,3,3,5,08:45,-1,E09000030,3,0,1,0,1,99,9,9,99,9,99,0,1,0,0,1,0,1,25
2024010491280,2024,010491280,540973,182833,0.03077,51.52682,3,3,1,23:30,-1,E09000025,3,2,5,1,1,99,9,9,99,9,99,0,0,0,1,0,1,1,21
2024010491281,2024,010491281,555593,191696,0.24528,51.60261,3,3,6,15:04,-1,E09000016,3,0,1,0,1,"[19, 7]","[7, 1]",3,0,0,0,1,0,0,0,0,0,1,26
2024010491282,2024,010491282,526421,185719,-0.17784,51.5562,3,3,3,10:45,-1,E09000007,3,0,2,-1,1,99,9,9,99,9,99,1,0,0,0,0,1,1,23
2024010491283,2024,010491283,525674,182196,-0.18987,51.5247,3,3,5,17:55,-1,E09000033,4,2,1,0,1,99,9,9,99,9,99,1,1,0,0,0,0,1,25
2024010491285,2024,010491285,536132,189467,-0.0364,51.58762,3,3,5,17:30,-1,E09000031,3,2,1,0,1,99,9,9,99,9,99,1,0,1,0,0,0,1,25
2024010491288,2024,010491288,529501,180231,-0.13545,51.50618,2,2,6,17:35,-1,E09000033,3,2,1,0,1,"[19, 7]",7,"[3, 2]",0,0,0,1,0,1,0,0,0,1,26
2024010491294,2024,010491294,528784,171909,-0.14881,51.43156,2,"[3, 2]",6,15:40,-1,E09000032,3,0,1,0,1,"[4, 5]",1,5,0,0,0,1,0,0,0,0,0,1,26
2024010491295,2024,010491295,533512,179796,-0.07786,51.50134,3,3,6,18:20,-1,E09000028,3,2,1,0,1,"[19, 4]",5,1,0,1,0,1,0,1,0,0,0,1,26
2024010491298,2024,010491298,526389,164953,-0.18572,51.36958,3,3,6,18:30,-1,E09000029,5,2,1,0,1,"[7, 9]","[1, 5]","[4, 3]",0,0,0,1,0,1,0,0,0,1,26
2024010491299,2024,010491299,516544,181056,-0.32178,51.51641,3,3,4,11:27,-1,E09000009,4,0,1,0,1,"[7, 3]","[3, 1]","[6, 5]",0,0,0,1,0,0,0,0,0,1,24
2024010491311,2024,010491311,511586,176410,-0.39467,51.47566,3,3,2,07:22,-1,E09000018,3,0,1,0,1,99,9,9,99,9,"[0, 99]",1,0,0,0,0,0,1,22
2024010491315,2024,010491315,531734,188434,-0.10023,51.57938,3,3,6,18:28,-1,E09000014,6,2,1,0,1,"[2, 19]","[0, 7]","[0, 3]","[0, 4]",0,0,1,0,1,0,0,0,1,26
2024010491316,2024,010491316,550842,175492,0.1698,51.45831,3,3,6,15:47,-1,E09000004,5,0,1,0,1,"[9, 19]",7,"[5, 3]",0,0,0,1,0,1,0,0,0,1,26
2024010491322,2024,010491322,525183,173855,-0.1999,51.44985,3,3,4,15:30,-1,E09000032,3,0,1,0,1,99,9,9,99,9,99,1,1,0,0,0,0,1,24
2024010491325,2024,010491325,540167,191873,0.02277,51.60825,2,2,6,18:27,-1,E09000026,3,2,1,0,1,7,7,1,0,0,0,1,0,0,0,0,1,1,26
2024010491333,2024,010491333,546992,186039,0.11882,51.55409,3,3,6,19:25,-1,E09000002,6,2,1,0,1,"[19, 99]","[1, 9]","[5, 9]","[0, 99]","[0, 9]","[0, 99]",1,0,0,0,0,0,1,26
2024010491335,2024,010491335,552476,189803,0.19949,51.58646,3,3,6,20:30,-1,E09000016,3,2,1,0,1,"[9, 5]","[6, 2]","[4, 6]",0,0,0,1,0,1,0,0,0,1,26
2024010491336,2024,010491336,537680,173643,-0.02024,51.44505,2,2,6,17:45,-1,E09000023,3,2,1,0,1,19,7,3,0,0,0,0,0,0,1,0,1,1,26
2024010491337,2024,010491337,525250,182143,-0.19599,51.52432,2,2,6,21:35,-1,E09000033,6,2,1,0,1,19,3,7,0,0,0,1,0,1,0,0,0,1,26
2024010491339,2024,010491339,527282,198569,-0.16077,51.67148,3,3,6,15:00,-1,E09000010,3,0,1,0,1,99,9,9,99,9,99,1,0,0,0,0,0,1,26
2024010491340,2024,010491340,523708,167455,-0.22334,51.39266,3,3,6,20:15,-1,E09000024,4,2,8,0,1,99,9,9,99,9,99,1,0,0,0,0,0,1,26
2024010491342,2024,010491342,530612,180828,-0.11923,51.51129,2,2,6,22:14,-1,E09000033,3,2,1,0,1,5,7,3,0,0,0,0,0,0,1,0,1,1,26
2024010491345,2024,010491345,537211,179334,-0.02478,51.4963,3,3,6,20:55,-1,E09000030,6,2,1,0,1,99,9,9,"[99, 0]",9,"[99, 0]",1,1,0,0,0,0,1,26
2024010491349,2024,010491349,527282,178664,-0.16797,51.4926,3,3,6,21:40,-1,E09000020,6,2,1,0,1,"[3, 19]","[5, 4]","[1, 8]","[0, 8]",0,0,1,1,0,0,0,0,1,26
2024010491353,2024,010491353,528634,168967,-0.15203,51.40515,2,"[3, 2]",6,22:55,-1,E09000024,5,2,1,1,1,"[19, 13, 9]","[5, 8]","[1, 4, 5]",0,0,0,1,1,1,0,0,0,1,26
2024010491357,2024,010491357,524439,186766,-0.20604,51.56605,3,3,7,00:20,-1,E09000003,3,2,1,0,1,"[3, 19]",5,1,0,0,0,1,0,0,0,0,0,1,27
2024010491358,2024,010491358,520462,182834,-0.26474,51.53157,3,3,7,01:10,-1,E09000009,4,2,1,0,1,"[2, 19]","[0, 1]","[0, 5]","[0, 4]","[0, 1]","[0, 2]",1,0,0,0,0,0,1,27
2024010491359,2024,010491359,531030,166192,-0.11863,51.37966,3,3,3,17:00,-1,E09000008,6,2,1,0,1,19,8,4,0,0,0,1,0,0,0,0,1,1,9
2024010491360,2024,010491360,551610,188033,0.18623,51.57079,3,3,7,00:32,-1,E09000016,5,2,1,2,1,"[4, 19]",1,5,0,0,0,1,0,0,0,0,0,1,27
2024010491364,2024,010491364,538411,192112,-0.00248,51.61083,1,1,7,02:04,-1,E09000031,4,2,1,0,1,5,5,1,10,1,5,0,0,1,0,0,0,1,27
2024010491368,2024,010491368,512874,173357,-0.37711,51.44796,2,2,6,08:20,-1,E09000027,6,0,1,0,1,19,1,5,0,0,0,1,0,0,0,0,1,1,26
2024010491377,2024,010491377,524974,181196,-0.20031,51.51587,2,2,3,16:45,-1,E09000020,6,2,1,0,1,"[2, 14]","[0, 7]","[0, 3]",0,0,0,1,1,0,0,0,0,1,23
2024010491378,2024,010491378,512899,188099,-0.37203,51.58045,3,3,7,09:38,-1,E09000015,5,0,1,1,1,"[19, 99]","[5, 9]","[1, 9]",0,0,0,1,1,0,0,0,0,1,27
2024010491379,2024,010491379,551483,177713,0.17997,51.4781,2,2,6,15:40,-1,E09000004,5,0,1,0,1,99,9,9,99,9,99,1,0,0,0,0,1,1,26
2024010491390,2024,010491390,510267,190477,-0.40926,51.60235,3,3,7,11:30,-1,E09000017,3,0,1,0,1,5,1,5,10,0,0,1,0,0,0,0,0,1,27
2024010491393,2024,010491393,523609,184165,-0.21893,51.54285,3,3,6,17:10,-1,E09000005,6,0,1,-1,1,99,9,9,99,9,99,0,1,0,1,0,0,1,26
2024010491396,2024,010491396,531071,167570,-0.11753,51.39204,2,2,7,10:36,-1,E09000008,3,0,1,0,1,19,7,3,0,0,0,1,0,0,0,0,1,1,27
2024010491397,2024,010491397,508697,177702,-0.43586,51.48783,3,3,7,12:20,-1,E09000017,3,0,1,0,1,19,"[3, 7]","[7, 3]",0,0,0,1,0,1,0,0,0,1,27
2024010491402,2024,010491402,537971,187021,-0.01083,51.56519,3,3,7,10:00,-1,E09000031,3,0,1,0,1,5,1,5,0,0,0,0,0,0,1,0,0,1,27
2024010491403,2024,010491403,512147,188999,-0.3826,51.58869,2,2,7,12:40,-1,E09000015,5,0,1,0,1,9,5,3,0,0,0,1,0,0,0,0,1,1,27
2024010491405,2024,010491405,527780,181915,-0.15963,51.52171,3,3,7,12:08,-1,E09000033,3,0,1,0,1,5,"[5, 3]","[1, 7]",0,0,0,1,0,0,0,0,0,1,27
2024010491407,2024,010491407,529832,176772,-0.13196,51.47502,3,3,7,12:50,-1,E09000022,3,0,1,0,1,4,5,1,0,0,0,0,0,1,0,0,0,1,27
2024010491408,2024,010491408,537723,176237,-0.01862,51.46835,3,3,7,12:10,-1,E09000023,3,0,1,0,1,"[9, 19]","[1, 5]","[7, 1]",0,0,0,1,0,1,0,0,0,1,27
2024010491413,2024,010491413,513658,184586,-0.36222,51.54873,3,3,6,17:35,-1,E09000009,6,2,9,-1,1,"[99, 5]","[9, 7]","[9, 3]",99,9,99,1,0,0,0,0,0,1,26
2024010491418,2024,010491418,531165,185485,-0.10954,51.55301,3,3,7,14:20,-1,E09000019,5,0,1,0,1,1,8,4,0,0,0,1,0,0,0,0,1,1,27
2024010491422,2024,010491422,522747,184798,-0.23113,51.54873,3,3,6,18:20,-1,E09000005,6,2,9,-1,1,99,9,9,99,9,99,1,0,1,0,0,0,1,26
2024010491434,2024,010491434,531998,164863,-0.10522,51.3675,3,3,7,15:30,-1,E09000008,6,0,1,0,1,"[4, 15]",5,1,0,0,0,1,0,1,0,0,0,1,27
2024010491436,2024,010491436,534789,183291,-0.05814,51.53244,2,2,7,16:09,-1,E09000030,3,0,1,0,1,"[19, 5]",4,8,0,0,0,1,1,0,0,0,0,1,27
2024010491438,2024,010491438,522438,190601,-0.23356,51.60095,3,3,6,17:45,-1,E09000003,3,2,1,0,1,99,9,9,99,9,99,1,0,1,0,0,0,1,26
2024010491439,2024,010491439,525762,176951,-0.19047,51.47755,3,3,5,14:00,-1,E09000013,3,0,1,0,1,99,9,9,99,9,99,1,1,0,0,0,0,1,18
2024010491448,2024,010491448,505948,183820,-0.4736,51.54334,3,3,6,15:25,-1,E09000017,3,0,1,0,1,99,9,9,99,9,99,1,0,0,0,0,0,1,26
2024010491450,2024,010491450,524079,176676,-0.21479,51.47545,3,3,7,16:45,-1,E09000013,3,0,1,0,1,19,1,5,0,0,0,1,0,0,0,0,1,1,27
2024010491452,2024,010491452,546805,189206,0.11744,51.5826,3,3,5,20:35,-1,E09000026,3,2,1,0,1,99,9,9,99,9,99,1,0,0,0,0,0,1,25
2024010491454,2024,010491454,536593,182139,-0.03259,51.52166,3,3,7,17:10,-1,E09000030,5,2,1,0,1,99,9,9,99,9,99,1,0,0,0,0,0,1,27
2024010491458,2024,010491458,525018,182185,-0.19932,51.52475,3,3,7,17:10,-1,E09000033,5,2,1,0,1,"[19, 5]",7,3,0,0,0,1,0,1,0,0,0,1,27
2024010491460,2024,010491460,542083,185443,0.04782,51.54999,3,3,7,17:20,-1,E09000025,3,2,1,0,1,5,5,1,0,0,0,1,0,0,0,0,1,1,27
2024010491463,2024,010491463,533931,178134,-0.07246,51.48631,3,3,7,19:41,-1,E09000028,3,2,1,0,1,"[9, 3]","[7, 5]","[5, 1]",0,0,0,1,0,1,0,0,0,1,27
2024010491465,2024,010491465,520781,190521,-0.2575,51.60059,3,3,7,19:46,-1,E09000003,6,2,1,0,1,"[19, 9]",2,"[6, 7]",0,0,0,1,1,0,0,0,0,1,27
2024010491467,2024,010491467,513058,191275,-0.36872,51.60897,2,"[3, 2]",7,18:26,-1,E09000015,3,2,1,0,1,"[19, 3]",3,7,0,0,0,1,0,1,0,1,0,1,27
2024010491470,2024,010491470,527402,178648,-0.16625,51.49243,3,3,7,18:56,-1,E09000020,5,2,1,0,1,"[19, 9]","[4, 8]","[8, 6]",0,0,0,1,1,0,0,0,0,1,27
2024010491471,2024,010491471,536605,189674,-0.0295,51.58937,3,3,5,19:30,-1,E09000031,3,2,1,0,1,99,9,9,99,9,99,0,1,0,0,0,0,1,25
2024010491476,2024,010491476,553042,182466,0.20446,51.52038,2,2,7,18:30,-1,E09000016,5,2,1,0,1,19,7,3,0,0,0,1,0,0,0,0,1,1,27
2024010491478,2024,010491478,530890,190770,-0.11153,51.60057,3,3,7,18:10,-1,E09000014,3,2,1,0,1,99,9,9,99,9,99,1,0,0,0,0,0,1,27
2024010491482,2024,010491482,529321,180661,-0.13789,51.51009,3,3,7,19:14,-1,E09000033,3,2,1,0,1,19,5,1,0,0,0,0,1,0,0,0,1,1,27
2024010491485,2024,010491485,531754,189026,-0.09972,51.5847,3,3,7,19:50,-1,E09000014,3,2,1,0,1,19,"[1, 5]","[5, 1]",0,"[0, 7]",0,1,1,0,0,0,0,1,27
2024010491486,2024,010491486,548184,183538,0.13494,51.53131,3,3,7,19:20,-1,E09000002,3,2,1,0,1,99,9,9,99,9,99,1,0,0,0,0,0,1,27
2024010491490,2024,010491490,525223,190758,-0.19332,51.60175,3,3,7,22:45,-1,E09000003,3,2,1,0,1,"[19, 9]","[5, 1]","[1, 7]",0,0,0,1,0,1,0,0,0,1,27
2024010491493,2024,010491493,534373,197478,-0.0587,51.66003,3,3,7,20:58,-1,E09000010,3,2,1,0,1,"[9, 19]","[7, 3]","[5, 7]",0,0,0,1,0,1,0,0,0,1,27
2024010491494,2024,010491494,505776,178361,-0.47772,51.49431,3,3,1,00:43,-1,E09000017,1,2,1,0,1,19,3,7,0,0,0,1,0,0,0,0,0,1,28
2024010491495,2024,010491495,550756,190856,0.17513,51.59638,3,3,1,00:50,-1,E09000016,5,2,1,0,1,19,"[1, 4]","[5, 8]",0,0,0,1,0,0,0,0,0,1,28
2024010491499,2024,010491499,529654,181358,-0.13284,51.51627,2,"[2, 3]",1,02:33,-1,E09000033,3,2,1,0,1,19,3,7,0,1,5,1,0,0,0,0,1,1,28
2024010491501,2024,010491501,539783,179246,0.01221,51.49488,3,3,7,23:29,-1,E09000011,6,2,1,0,1,"[5, 9]","[5, 2]","[1, 7]",0,0,0,1,0,0,1,0,0,1,27
2024010491503,2024,010491503,512477,183873,-0.37947,51.54256,3,3,1,04:25,-1,E09000009,3,2,1,0,1,19,7,3,0,1,0,1,0,0,0,0,0,1,28
2024010491507,2024,010491507,536613,177071,-0.03427,51.47611,2,"[3, 2]",1,04:00,-1,E09000023,3,2,8,0,1,7,6,1,11,0,0,1,0,0,0,0,1,1,28
2024010491508,2024,010491508,505407,183765,-0.48141,51.54295,3,3,1,03:58,-1,E09000017,3,2,1,0,1,19,1,5,0,1,10,1,0,0,0,0,0,1,28
2024010491523,2024,010491523,529135,168257,-0.14509,51.39866,3,3,1,09:50,-1,E09000024,4,0,1,0,1,99,9,9,99,9,99,1,0,0,0,0,0,1,28
2024010491524,2024,010491524,513644,172399,-0.36634,51.4392,3,3,7,13:15,-1,E09000027,6,0,1,0,1,99,9,9,99,9,99,1,0,0,0,0,1,1,27
2024010491526,2024,010491526,530021,185285,-0.1261,51.55148,3,3,1,10:09,-1,E09000019,3,0,1,0,1,"[9, 19]","[3, 7]","[1, 3]",0,0,0,1,0,1,0,0,0,1,28
2024010491529,2024,010491529,545150,178480,0.08915,51.48665,3,3,5,19:30,-1,E09000011,6,0,1,0,1,99,9,9,99,9,99,1,0,1,0,0,0,1,25
2024010491532,2024,010491532,527935,169543,-0.16187,51.41049,3,3,1,11:15,-1,E09000024,3,0,1,0,1,"[19, 3]",1,5,0,0,0,1,0,0,0,1,0,1,28
2024010491543,2024,010491543,528572,173419,-0.15131,51.44517,3,3,1,11:05,-1,E09000032,3,0,1,0,1,99,9,9,99,9,99,1,1,0,0,0,0,1,28
2024010491546,2024,010491546,521092,196572,-0.25093,51.6549,3,3,1,01:54,-1,E09000003,3,2,1,0,2,"[99, 19]","[9, 3]","[9, 7]","[99, 0]","[9, 0]","[99, 0]",1,0,0,0,0,0,1,28
2024010491547,2024,010491547,530910,187087,-0.11262,51.56747,3,3,7,13:57,-1,E09000019,5,0,8,0,1,99,9,9,99,9,99,1,1,0,0,0,0,1,27
2024010491549,2024,010491549,539238,187402,0.00759,51.56831,3,3,6,17:15,-1,E09000031,3,2,1,0,1,19,5,1,0,0,0,1,0,1,0,0,0,1,26
2024010491551,2024,010491551,517946,175342,-0.3035,51.46477,3,3,1,15:45,-1,E09000027,3,0,1,0,1,5,3,7,0,0,0,1,0,0,0,0,1,1,28
2024010491552,2024,010491552,524191,179581,-0.21215,51.50153,3,3,1,14:20,-1,E09000020,3,0,1,0,1,"[19, 2]","[1, 0]","[5, 0]","[4, 0]",0,0,1,0,0,0,0,0,1,28
2024010491561,2024,010491561,545778,183473,0.10026,51.53135,3,3,7,18:37,-1,E09000002,3,2,9,-1,1,99,9,9,0,0,0,1,0,0,0,0,0,1,27
2024010491573,2024,010491573,533681,186023,-0.07307,51.55726,2,2,1,15:54,-1,E09000012,3,0,1,0,1,"[19, 9]","[7, 1]","[3, 7]",0,0,0,1,1,0,0,0,0,1,28
2024010491574,2024,010491574,507439,178812,-0.45363,51.49805,3,3,1,17:58,-1,E09000017,3,2,1,0,1,19,1,5,10,0,0,1,0,0,0,0,0,1,28
2024010491579,2024,010491579,514751,172102,-0.35052,51.4363,3,3,1,17:40,-1,E09000027,3,2,1,0,1,19,1,5,0,0,0,0,1,0,0,0,1,1,28
2024010491582,2024,010491582,534246,174632,-0.06925,51.45476,3,3,1,19:03,-1,E09000028,4,2,1,0,1,99,9,9,99,9,99,1,0,0,0,0,0,1,28
2024010491583,2024,010491583,529282,194257,-0.13345,51.63228,2,2,4,08:20,-1,E09000003,6,0,1,0,1,99,9,9,99,9,99,1,0,0,0,0,1,1,24
2024010491589,2024,010491589,514183,173520,-0.35823,51.44916,2,2,1,17:44,-1,E09000027,5,2,1,0,1,19,1,5,0,0,0,1,0,0,0,0,1,1,28
2024010491593,2024,010491593,510246,190299,-0.40962,51.60075,3,3,1,18:00,-1,E09000017,4,2,1,0,1,4,5,1,0,0,0,1,0,1,0,0,0,1,28
2024010491594,2024,010491594,535906,181677,-0.04267,51.51767,3,3,6,08:15,-1,E09000030,4,0,1,0,1,99,9,9,99,9,99,0,1,0,0,0,0,1,26
2024010491597,2024,010491597,535630,198825,-0.04002,51.67183,3,3,1,20:35,-1,E09000010,3,2,1,0,1,"[9, 19]","[5, 1]","[3, 5]",0,0,0,1,0,0,0,0,0,1,28
2024010491603,2024,010491603,515532,188108,-0.33405,51.58,3,3,2,17:10,-1,E09000015,5,2,2,1,1,99,9,9,99,9,99,0,1,0,0,0,1,1,22
2024010491607,2024,010491607,548784,174352,0.13972,51.44861,3,3,1,04:55,-1,E09000004,3,2,1,1,1,19,"[1, 5]","[5, 1]",0,0,0,1,0,0,0,0,0,1,28
2024010491612,2024,010491612,521850,188293,-0.24285,51.58034,3,3,1,13:35,-1,E09000003,3,0,1,0,1,99,9,9,99,9,99,1,0,0,0,0,0,1,28
2024010491616,2024,010491616,531767,188714,-0.09965,51.58189,3,3,1,22:40,-1,E09000014,3,2,1,0,1,99,9,9,99,9,99,1,0,1,0,0,0,1,28
2024010491618,2024,010491618,532583,175059,-0.09301,51.45899,3,3,2,00:46,-1,E09000028,5,2,1,0,1,"[19, 2]","[8, 0]","[4, 0]","[4, 0]",0,0,1,0,1,0,0,0,1,29
2024010491621,2024,010491621,525403,184132,-0.19308,51.54216,3,3,2,00:57,-1,E09000007,4,2,1,0,1,19,"[5, 1]","[1, 5]",0,0,0,1,0,0,0,0,0,1,29
2024010491622,2024,010491622,534247,181319,-0.0667,51.51485,3,3,1,23:36,-1,E09000030,3,2,1,0,1,"[14, 2]","[7, 0]","[3, 0]",8,0,0,1,1,0,0,0,0,1,28
2024010491623,2024,010491623,536755,199213,-0.02361,51.67505,3,3,1,23:17,-1,E09000010,6,2,1,0,1,"[19, 2]","[7, 0]","[3, 0]","[4, 0]",0,0,1,0,0,0,0,1,1,28
2024010491624,2024,010491624,522687,173153,-0.23604,51.44409,1,"[1, 3]",2,00:25,-1,E09000032,3,2,1,0,1,19,"[1, 5]","[5, 1]",0,0,0,1,0,1,0,0,0,1,29
2024010491626,2024,010491626,529033,192887,-0.13755,51.62002,3,3,2,06:58,-1,E09000010,3,0,1,0,1,19,2,6,7,0,0,1,0,0,0,0,0,1,29
2024010491627,2024,010491627,556940,184823,0.26165,51.54049,3,3,2,05:30,-1,E09000016,6,2,1,0,2,99,9,9,99,9,99,1,0,0,0,0,0,1,29
2024010491628,2024,010491628,537583,183255,-0.0179,51.53145,3,3,2,07:10,-1,E09000030,3,0,1,0,1,19,8,4,0,0,0,1,0,0,0,0,0,1,29
2024010491632,2024,010491632,526139,178764,-0.18439,51.49376,3,3,6,13:15,-1,E09000020,6,0,1,0,1,99,9,9,99,9,99,1,0,1,0,0,0,1,26
2024010491633,2024,010491633,525757,176021,-0.19087,51.46919,3,3,5,13:04,-1,E09000013,3,0,1,0,1,99,9,9,99,9,99,1,0,1,0,0,0,1,25
2024010491635,2024,010491635,531096,172021,-0.11553,51.43203,3,3,2,07:18,-1,E09000022,5,0,1,0,1,"[9, 13]","[5, 6]",2,0,"[0, 7]","[0, 2]",1,0,1,0,0,0,1,29
2024010491636,2024,010491636,537495,181446,-0.01987,51.51521,3,3,2,08:44,-1,E09000030,5,0,1,0,1,"[13, 19]",5,1,0,0,0,1,1,0,0,0,0,1,29
2024010491637,2024,010491637,523540,175858,-0.22283,51.46821,3,3,2,07:35,-1,E09000032,4,0,1,1,1,"[9, 14]",7,"[5, 3]",0,0,0,1,1,0,0,0,0,1,29
2024010491641,2024,010491641,530692,169502,-0.12227,51.40949,3,3,6,14:15,-1,E09000008,3,0,1,0,1,99,9,9,99,9,99,1,0,1,0,0,0,1,26
2024010491642,2024,010491642,530233,160502,-0.13216,51.32871,3,3,2,08:30,-1,E09000008,4,0,1,0,1,5,5,1,11,0,0,1,0,0,0,0,1,1,29
2024010491644,2024,010491644,530075,181290,-0.1268,51.51557,3,3,2,09:23,-1,E09000007,3,0,1,0,1,19,1,5,0,0,0,0,0,1,0,0,1,1,29
2024010491646,2024,010491646,528935,179108,-0.14402,51.49622,1,"[1, 3, 2]",2,08:55,-1,E09000033,6,0,1,0,1,"[2, 19]","[0, 7]","[0, 3]",0,0,0,1,0,0,1,0,1,1,29
2024010491647,2024,010491647,543941,182825,0.07353,51.526,3,3,6,19:30,-1,E09000025,3,2,8,0,2,99,9,9,99,9,99,1,0,0,0,0,0,1,26
2024010491655,2024,010491655,539299,179200,0.00523,51.49459,3,3,7,19:02,-1,E09000011,3,2,1,0,1,99,5,1,99,9,99,1,0,0,0,1,0,1,27
2024010491666,2024,010491666,531304,166902,-0.11443,51.38598,3,3,7,00:15,-1,E09000008,5,2,9,-1,1,99,9,9,99,9,99,1,0,1,0,0,0,1,27
2024010491667,2024,010491667,527740,178073,-0.16159,51.48719,3,3,4,19:50,-1,E09000020,6,2,1,0,1,99,9,9,99,9,99,1,0,1,0,0,0,1,24
2024010491671,2024,010491671,530494,173440,-0.12366,51.44492,3,3,2,10:15,-1,E09000022,3,0,1,0,1,19,5,1,0,0,0,1,0,0,0,0,0,1,29
2024010491674,2024,010491674,536746,184979,-0.02929,51.54714,2,2,5,01:30,-1,E09000012,3,0,1,0,1,99,9,9,99,9,99,0,1,0,1,0,0,1,25
2024010491677,2024,010491677,532653,168326,-0.09453,51.39847,3,3,5,19:05,-1,E09000008,6,2,1,0,1,99,9,9,99,9,99,1,0,1,0,0,0,1,25
2024010491680,2024,010491680,528319,178466,-0.15312,51.49059,3,3,2,12:20,-1,E09000033,3,0,1,0,1,"[19, 9]","[7, 3]","[3, 2]",0,0,0,1,1,0,0,0,0,1,29
2024010491706,2024,010491706,548559,179382,0.1386,51.49387,3,3,6,20:15,-1,E09000004,5,2,1,0,2,99,9,9,99,9,99,1,0,0,0,0,1,1,26
2024010491713,2024,010491713,549587,175927,0.15193,51.46255,3,3,2,12:05,-1,E09000004,5,0,1,0,1,19,"[8, 4]","[4, 8]",0,0,0,1,0,1,0,0,0,1,29
2024010491726,2024,010491726,523613,170459,-0.22366,51.41968,3,3,2,08:15,-1,E09000024,5,0,1,1,1,99,9,9,0,0,0,1,0,0,0,0,1,1,29
2024010491728,2024,010491728,535618,177964,-0.04824,51.48438,3,3,7,13:25,-1,E09000023,6,0,1,0,1,99,9,9,99,9,99,1,1,0,0,0,0,1,27
2024010491736,2024,010491736,537315,176199,-0.0245,51.46811,3,3,2,17:30,-1,E09000023,3,2,1,0,1,"[19, 9]","[6, 4]",2,0,0,0,0,1,1,0,0,0,1,29
2024010491738,2024,010491738,536375,187199,-0.03377,51.56718,3,3,2,17:30,-1,E09000031,3,0,1,0,1,99,9,9,99,9,99,1,0,1,0,0,0,1,29
2024010491745,2024,010491745,534205,185408,-0.06575,51.55161,3,3,2,05:23,-1,E09000012,5,2,1,0,1,99,9,9,99,9,99,1,0,1,0,0,0,1,29
2024010491746,2024,010491746,526665,180769,-0.1761,51.51166,2,"[3, 2]",2,14:41,-1,E09000033,3,0,1,0,1,"[9, 19]","[2, 3]",7,0,1,"[1, 0]",1,1,0,0,0,1,1,29
2024010491747,2024,010491747,533926,170142,-0.07555,51.41449,2,"[2, 3]",2,18:00,-1,E09000006,6,2,1,0,1,99,9,9,99,9,99,1,0,0,0,0,0,1,29
2024010491748,2024,010491748,531610,166107,-0.11033,51.37877,3,3,2,18:55,-1,E09000008,3,2,1,0,1,"[4, 3]",5,1,0,0,0,1,0,0,0,0,0,1,29
2024010491749,2024,010491749,525173,182032,-0.19714,51.52334,2,2,1,20:15,-1,E09000033,3,2,1,0,1,99,9,9,"[8, 99]",9,99,1,1,0,0,0,0,1,28
2024010491751,2024,010491751,536473,184890,-0.03326,51.54641,3,3,1,13:57,-1,E09000012,3,0,1,0,1,19,5,1,0,0,0,1,0,0,0,0,0,1,28
2024010491753,2024,010491753,540325,182246,0.02121,51.52171,3,3,2,19:38,-1,E09000025,3,2,1,0,1,"[9, 14]","[3, 1]","[1, 5]",0,0,0,1,0,1,0,0,0,1,29
2024010491755,2024,010491755,521668,172987,-0.25075,51.44282,3,3,1,11:00,-1,E09000027,6,0,1,0,2,99,9,9,99,9,99,1,1,0,0,0,0,1,28
2024010491767,2024,010491767,549539,178358,0.15227,51.48441,2,2,2,18:59,-1,E09000004,3,2,1,0,1,19,3,7,0,0,0,1,0,0,0,0,1,1,29
2024010491772,2024,010491772,532245,184045,-0.09451,51.53982,3,3,2,08:17,-1,E09000019,3,0,1,0,1,99,9,9,99,9,99,1,1,0,0,0,0,1,29
2024010491773,2024,010491773,509413,179019,-0.42514,51.49953,3,3,2,18:40,-1,E09000017,3,2,1,0,1,99,9,9,99,9,99,1,0,0,1,0,0,1,29
2024010491774,2024,010491774,526137,177641,-0.18482,51.48367,3,3,4,17:12,-1,E09000020,3,2,1,0,1,99,9,9,99,9,99,1,1,0,0,0,0,1,24
2024010491778,2024,010491778,530538,178705,-0.12109,51.49223,3,3,2,23:13,-1,E09000022,6,2,1,0,1,19,3,7,10,3,10,1,0,0,0,0,0,1,29
2024010491783,2024,010491783,525383,176560,-0.19606,51.47412,3,3,2,20:45,-1,E09000013,3,2,1,0,1,13,3,7,7,0,0,0,0,1,0,0,0,1,29