collision_index,collision_year,collision_ref_no,location_easting_osgr,location_northing_osgr,longitude,latitude,casualty_severity,casualty_severity,day_of_week,time,local_authority_district,local_authority_ons_district,first_road_class,light_conditions,weather_conditions,road_surface_conditions,urban_or_rural_area,vehicle_manoeuvre,vehicle_direction_from,vehicle_direction_to,hit_object_in_carriageway,vehicle_leaving_carriageway,hit_object_off_carriageway,is_car,is_cyle,is_mcyle,is_goodsv,is_other,is_pedestrian,month,day
2024010492221,2024,010492221,527981,179210,-0.15771,51.49735,3,3,4,19:00,-1,E09000020,4,2,9,-1,1,99,9,9,99,9,99,1,0,1,0,0,0,1,31
2024010492223,2024,010492223,547750,185670,0.12959,51.55058,3,3,5,11:15,-1,E09000002,3,0,1,0,1,19,1,5,4,0,0,1,0,0,0,0,0,2,1
2024010492231,2024,010492231,540406,174789,0.01941,51.45468,2,2,4,19:45,-1,E09000011,3,2,1,0,1,99,9,9,99,9,99,1,0,0,0,0,0,1,31
2024010492253,2024,010492253,531456,167329,-0.11209,51.38978,3,3,3,17:05,-1,E09000008,3,2,9,-1,1,99,9,9,99,9,99,1,0,1,0,0,0,1,30
2024010492256,2024,010492256,548894,163025,0.13655,51.34681,3,3,5,12:20,-1,E09000006,3,0,1,0,2,99,9,9,99,9,99,1,0,0,0,0,0,2,1
2024010492258,2024,010492258,535301,179747,-0.05212,51.50047,3,3,5,16:40,-1,E09000028,3,0,1,0,1,99,9,9,99,9,99,1,0,1,0,0,0,2,1
2024010492262,2024,010492262,533799,189871,-0.0699,51.59181,3,3,5,14:51,-1,E09000014,3,0,1,0,1,19,5,1,0,0,0,0,0,1,0,0,1,2,1
2024010492264,2024,010492264,533624,177958,-0.07694,51.4848,3,3,5,14:45,-1,E09000028,6,0,1,0,1,"[13, 9]",6,"[2, 3]",0,0,0,1,0,1,0,0,0,2,1
2024010492267,2024,010492267,540486,190565,0.02685,51.59642,1,1,5,12:25,-1,E09000026,3,0,1,0,1,11,7,3,7,0,0,1,0,0,0,0,0,1,18
2024010492269,2024,010492269,534333,184841,-0.06412,51.54648,3,3,5,16:30,-1,E09000012,6,0,1,0,1,"[9, 19]","[7, 5]","[5, 1]",0,0,0,1,1,0,0,0,0,2,1
2024010492277,2024,010492277,545891,186173,0.103,51.55558,3,3,5,14:35,-1,E09000026,6,0,1,0,1,"[9, 4]","[7, 3]","[4, 7]",0,0,0,1,0,1,0,0,0,2,1
2024010492278,2024,010492278,534020,189558,-0.06683,51.58894,3,3,5,19:15,-1,E09000014,3,2,1,0,1,"[19, 6]",3,"[7, 3]",0,0,0,1,0,1,0,0,0,2,1
2024010492279,2024,010492279,551245,190442,0.18201,51.59253,3,3,5,19:22,-1,E09000016,3,2,1,0,1,"[8, 5]",1,"[3, 5]",0,0,0,1,0,1,0,0,0,2,1
2024010492280,2024,010492280,507273,176951,-0.45659,51.48135,3,3,5,16:00,-1,E09000017,3,0,1,0,1,"[5, 19]","[1, 3]","[5, 7]",0,0,0,1,1,0,0,0,0,2,1
2024010492281,2024,010492281,546058,187487,0.10595,51.56735,3,3,5,18:20,-1,E09000026,6,2,1,0,1,"[5, 13]",3,7,0,0,0,1,0,0,1,0,0,2,1
2024010492283,2024,010492283,556659,192442,0.26099,51.60902,3,3,5,18:44,-1,E09000016,3,2,1,0,2,19,5,1,0,0,0,1,0,0,0,0,0,2,1
2024010492284,2024,010492284,517823,174616,-0.30551,51.45827,3,3,5,16:00,-1,E09000027,3,0,1,0,1,9,2,7,0,7,0,1,0,0,0,0,1,2,1
2024010492287,2024,010492287,547997,183517,0.13224,51.53117,3,3,5,18:35,-1,E09000002,3,2,1,0,1,99,9,9,99,9,99,1,0,0,0,0,0,2,1
2024010492289,2024,010492289,536577,183664,-0.03223,51.53537,3,3,5,16:00,-1,E09000030,4,0,8,0,1,99,9,9,99,9,99,1,1,0,0,0,0,2,1
2024010492290,2024,010492290,530464,186004,-0.11945,51.55784,3,3,5,19:30,-1,E09000019,3,2,1,0,1,"[19, 5]",6,2,0,"[1, 0]","[10, 0]",1,0,1,1,0,0,2,1
2024010492295,2024,010492295,554509,182981,0.22581,51.52461,3,3,5,17:28,-1,E09000016,5,2,1,0,2,19,"[1, 5]","[5, 1]",0,"[0, 3]",0,1,0,0,0,0,0,2,1
2024010492300,2024,010492300,530554,180888,-0.12005,51.51184,2,2,2,15:50,-1,E09000033,4,0,1,0,1,5,1,5,0,0,0,1,0,0,0,0,0,1,29
2024010492302,2024,010492302,531058,175823,-0.11467,51.46621,3,3,5,18:01,-1,E09000022,3,0,1,0,1,5,5,1,0,0,0,0,0,0,1,0,0,2,1
2024010492303,2024,010492303,538165,189014,-0.00725,51.58306,2,"[2, 3]",5,19:06,-1,E09000031,5,2,1,0,1,7,5,7,10,1,0,1,0,0,0,0,1,2,1
2024010492308,2024,010492308,510624,178198,-0.40796,51.49192,2,2,5,20:39,-1,E09000018,1,2,1,0,1,"[19, 4]",3,7,"[1, 0]",0,0,1,0,1,0,0,0,2,1
2024010492309,2024,010492309,545299,185926,0.09437,51.55352,3,3,5,15:47,-1,E09000026,5,0,1,0,1,19,1,5,0,0,0,1,0,0,0,0,1,2,1
2024010492310,2024,010492310,523507,178629,-0.22233,51.49312,3,3,5,21:25,-1,E09000013,3,2,1,0,1,"[7, 19]",7,"[1, 3]",0,1,"[11, 0]",1,1,0,0,0,0,2,1
2024010492314,2024,010492314,553668,192586,0.2179,51.61114,3,3,5,22:40,-1,E09000016,5,2,1,0,1,"[2, 19]","[0, 5]","[0, 1]",0,"[0, 1]","[0, 2]",1,0,0,0,0,0,2,1
2024010492315,2024,010492315,530673,169579,-0.12251,51.41019,3,3,5,23:50,-1,E09000008,3,2,1,0,1,5,5,1,0,0,0,1,0,0,0,0,1,2,1
2024010492317,2024,010492317,537890,183058,-0.01355,51.5296,2,2,5,21:49,-1,E09000030,3,2,1,0,1,19,3,"[4, 2]",0,0,0,1,1,0,0,0,0,2,1
2024010492319,2024,010492319,542915,184767,0.05953,51.54371,3,3,5,23:50,-1,E09000025,6,2,1,0,1,"[2, 19]","[0, 1]","[0, 5]","[0, 4]",0,0,1,0,0,0,0,0,2,1
2024010492320,2024,010492320,528682,175223,-0.14907,51.46136,2,2,5,19:39,-1,E09000022,3,2,1,0,1,"[5, 7]",7,"[3, 1]",0,0,0,1,0,1,0,0,0,2,1
2024010492325,2024,010492325,511241,189342,-0.39556,51.59196,3,3,6,01:03,-1,E09000015,4,2,1,0,1,"[19, 7]",1,"[5, 4]",0,"[0, 1]","[0, 11]",1,0,0,0,0,0,2,2
2024010492326,2024,010492326,531635,184665,-0.10307,51.54553,3,3,6,01:55,-1,E09000019,3,2,1,0,1,"[19, 9]","[2, 5]","[6, 2]",0,0,0,1,0,0,0,0,0,2,2
2024010492328,2024,010492328,516414,188578,-0.32117,51.58404,2,2,6,04:22,-1,E09000015,6,2,1,0,1,"[19, 2]","[4, 0]","[8, 0]",0,0,0,1,0,0,0,0,0,2,2
2024010492330,2024,010492330,513955,191367,-0.35574,51.60961,3,3,6,06:52,-1,E09000015,3,0,1,0,1,"[19, 3]","[5, 3]","[1, 7]",0,0,0,1,0,0,0,0,0,2,2
2024010492333,2024,010492333,506134,184595,-0.47069,51.55027,3,3,5,10:04,-1,E09000017,4,0,1,0,1,99,9,9,"[8, 99]",9,99,1,1,0,0,0,0,2,1
2024010492338,2024,010492338,540499,186724,0.0255,51.5619,3,3,4,10:50,-1,E09000026,3,0,1,0,2,"[15, 19]",3,7,10,7,"[9, 10]",1,0,0,0,0,0,1,31
2024010492339,2024,010492339,535473,198279,-0.0425,51.66696,3,3,4,11:30,-1,E09000010,6,0,9,-1,1,99,9,9,99,9,99,1,0,1,0,0,0,1,31
2024010492340,2024,010492340,517813,178416,-0.30439,51.49242,3,3,6,07:40,-1,E09000018,4,0,1,0,1,19,1,5,"[4, 0]",0,0,1,0,0,1,0,0,2,2
2024010492343,2024,010492343,529029,180997,-0.14197,51.51317,3,3,7,11:16,-1,E09000033,5,0,1,0,1,99,9,9,99,9,99,1,0,0,0,0,1,1,27
2024010492346,2024,010492346,533347,180025,-0.08015,51.50344,3,3,5,14:11,-1,E09000028,3,0,1,0,1,99,9,9,99,9,99,1,1,0,0,0,0,2,1
2024010492347,2024,010492347,524006,181648,-0.21409,51.52015,3,3,5,08:10,-1,E09000020,6,0,1,0,1,99,9,9,99,9,99,1,0,0,0,0,1,2,1
2024010492348,2024,010492348,542042,165032,0.03904,51.3666,3,3,5,07:19,-1,E09000006,3,0,1,0,1,"[3, 1]",5,1,0,0,0,1,0,0,0,0,0,2,1
2024010492355,2024,010492355,538329,177560,-0.00938,51.48009,3,3,1,18:00,-1,E09000011,3,2,4,0,1,"[10, 19]","[4, 1]","[2, 5]",0,0,0,1,1,0,0,0,0,1,21
2024010492367,2024,010492367,527026,195852,-0.16545,51.64712,3,3,5,13:01,-1,E09000003,6,0,9,-1,1,99,9,9,99,9,99,1,0,1,0,0,0,2,1
2024010492372,2024,010492372,527289,171164,-0.17057,51.4252,2,2,4,13:30,-1,E09000032,3,0,8,0,1,99,9,9,99,9,99,1,0,1,0,0,0,1,31
2024010492378,2024,010492378,522287,188802,-0.23637,51.58482,3,3,5,13:45,-1,E09000003,6,0,1,0,1,"[3, 1]",9,9,99,9,99,1,0,0,1,0,0,2,1
2024010492384,2024,010492384,521448,190034,-0.24805,51.59607,3,3,6,11:45,-1,E09000003,5,0,4,0,1,"[7, 19]","[5, 3]","[8, 7]",0,0,0,1,0,1,0,0,0,2,2
2024010492390,2024,010492390,541094,181908,0.03215,51.51848,3,3,6,12:55,-1,E09000025,3,0,1,0,1,19,1,5,0,0,0,1,0,0,0,0,1,2,2
2024010492394,2024,010492394,530007,188133,-0.12525,51.57708,3,3,6,11:40,-1,E09000014,3,0,1,0,1,"[4, 19]",1,5,0,0,0,1,0,0,0,0,0,2,2
2024010492401,2024,010492401,543320,179920,0.0634,51.50005,3,3,6,11:44,-1,E09000025,3,0,1,0,1,"[9, 19]","[1, 7]","[7, 3]",0,0,0,1,0,0,0,0,1,2,2
2024010492402,2024,010492402,531816,175445,-0.1039,51.46264,2,"[3, 2]",6,08:28,-1,E09000022,6,0,1,0,1,19,"[5, 1]","[1, 5]",0,0,0,1,0,0,0,0,0,2,2
2024010492403,2024,010492403,541089,174313,0.02904,51.45023,2,2,6,06:35,-1,E09000011,3,0,1,0,1,7,"[3, 7]","[4, 2]",0,0,0,1,1,0,0,0,0,2,2
2024010492404,2024,010492404,545897,175350,0.09861,51.45833,3,3,6,07:54,-1,E09000004,5,0,1,0,1,"[10, 19]","[5, 1]","[3, 5]",0,"[0, 2]","[0, 2]",1,0,0,0,0,0,2,2
2024010492405,2024,010492405,515149,176386,-0.3434,51.47473,2,2,3,06:05,-1,E09000018,3,2,1,0,1,99,9,9,99,9,99,1,1,0,0,0,0,1,30
2024010492409,2024,010492409,520199,191460,-0.26558,51.60915,3,3,4,18:00,-1,E09000003,3,2,9,-1,1,99,9,9,99,9,99,1,0,1,0,0,0,1,31
2024010492410,2024,010492410,509865,178862,-0.41868,51.49803,3,3,6,13:15,-1,E09000017,6,0,1,0,1,"[2, 12, 5]","[0, 5]","[0, 1]","[0, 4]",0,0,1,0,0,0,0,0,2,2
2024010492411,2024,010492411,516770,180459,-0.31873,51.511,1,1,6,13:35,-1,E09000009,3,0,9,0,1,19,3,7,0,0,0,0,0,0,1,0,1,2,2
2024010492414,2024,010492414,534106,178076,-0.06996,51.48574,3,3,6,13:25,-1,E09000028,3,0,1,0,1,19,"[7, 1]","[3, 5]",0,0,0,1,0,0,1,0,0,2,2
2024010492417,2024,010492417,521277,178534,-0.25447,51.49275,3,3,5,18:30,-1,E09000018,3,2,1,0,1,99,9,9,99,9,99,1,0,1,0,0,0,2,1
2024010492418,2024,010492418,534295,193278,-0.06144,51.62231,3,3,6,14:15,-1,E09000010,3,0,1,0,1,19,1,5,0,0,0,0,0,0,1,0,0,2,2
2024010492419,2024,010492419,541711,184671,0.04214,51.54315,3,3,6,13:20,-1,E09000025,6,0,1,0,1,99,9,9,99,9,99,1,0,1,0,0,0,2,2
2024010492421,2024,010492421,529869,194390,-0.12493,51.63334,3,3,6,15:25,-1,E09000010,5,0,1,0,1,4,3,7,0,0,0,1,0,0,0,0,1,2,2
2024010492425,2024,010492425,531059,174570,-0.11512,51.45495,3,3,5,10:00,-1,E09000022,5,0,1,0,1,99,9,9,99,9,99,1,1,0,0,0,0,2,1
2024010492426,2024,010492426,535781,195626,-0.03908,51.64305,3,3,6,15:07,-1,E09000010,5,0,1,0,1,4,7,3,0,0,0,1,0,0,0,0,1,2,2
2024010492435,2024,010492435,524522,180171,-0.20718,51.50676,3,3,3,12:30,-1,E09000020,3,0,1,0,1,99,9,9,99,9,99,1,1,0,0,0,0,1,30
2024010492439,2024,010492439,528231,172680,-0.15648,51.43861,2,2,6,12:23,-1,E09000032,3,0,8,0,1,99,9,9,99,9,99,0,0,0,1,0,0,2,2
2024010492440,2024,010492440,533690,196485,-0.06895,51.65127,3,3,6,16:35,-1,E09000010,3,0,1,0,1,"[2, 14, 9]","[0, 7, 6]","[0, 3, 4]",0,"[0, 8, 7]","[0, 10]",1,0,1,0,0,0,2,2
2024010492443,2024,010492443,539081,181393,0.00295,51.51435,3,3,3,17:37,-1,E09000030,3,2,1,0,1,99,9,9,99,9,99,1,0,0,0,0,0,1,30
2024010492445,2024,010492445,529858,184958,-0.12857,51.54858,3,3,6,14:45,-1,E09000007,3,0,1,0,1,"[19, 4]",7,3,0,0,0,1,0,1,0,0,0,2,2
2024010492452,2024,010492452,530340,172786,-0.12612,51.43908,3,3,6,18:35,-1,E09000022,3,2,1,0,1,"[9, 19]",1,"[6, 5]",0,0,0,1,1,0,0,0,0,2,2
2024010492454,2024,010492454,525828,169138,-0.19229,51.40732,3,3,6,11:42,-1,E09000024,3,0,1,0,1,99,9,9,99,9,99,1,1,0,0,0,0,2,2
2024010492455,2024,010492455,534742,176783,-0.0613,51.47397,3,3,6,19:00,-1,E09000028,3,2,1,0,1,"[9, 19]","[5, 1]","[3, 5]",0,0,0,1,1,0,0,0,0,2,2
2024010492465,2024,010492465,542083,185526,0.04785,51.55074,2,2,6,17:14,-1,E09000025,3,2,1,0,1,19,7,3,0,0,0,1,0,0,0,0,1,2,2
2024010492466,2024,010492466,513023,174679,-0.37455,51.45981,3,3,6,17:15,-1,E09000018,3,0,1,0,1,99,9,9,99,9,99,1,0,0,0,0,0,2,2
2024010492471,2024,010492471,532962,171500,-0.0889,51.42692,3,3,6,19:10,-1,E09000022,6,2,1,0,1,"[9, 19]","[5, 3]","[2, 7]",0,0,0,1,0,1,0,0,0,2,2
2024010492475,2024,010492475,535541,184840,-0.04671,51.54618,3,3,6,20:50,-1,E09000012,4,0,1,0,1,"[19, 99]","[1, 9]","[5, 9]",99,9,99,1,0,0,0,0,0,2,2
2024010492478,2024,010492478,548657,185738,0.14269,51.55095,3,3,6,15:30,-1,E09000002,5,0,1,0,1,5,3,7,0,0,0,1,0,0,0,0,1,2,2
2024010492484,2024,010492484,539146,185552,0.00553,51.5517,3,3,6,20:15,-1,E09000025,3,2,1,0,1,99,9,9,99,9,99,1,1,0,0,0,0,2,2
2024010492488,2024,010492488,532608,178401,-0.0914,51.48902,3,3,2,21:30,-1,E09000028,6,2,1,0,1,"[9, 3]","[6, 3]","[3, 7]",0,0,0,1,0,0,0,0,0,1,29
2024010492489,2024,010492489,525176,184024,-0.19639,51.54124,3,3,6,16:00,-1,E09000007,6,0,1,0,1,1,5,1,0,0,0,1,0,0,0,0,1,2,2
2024010492496,2024,010492496,535495,172999,-0.05191,51.43979,3,3,6,20:56,-1,E09000023,4,2,1,0,1,"[10, 19]","[1, 5]","[6, 1]",0,0,0,1,0,1,0,0,0,2,2
2024010492497,2024,010492497,523732,177582,-0.21946,51.48367,3,3,6,17:10,-1,E09000013,3,2,1,0,1,"[3, 4]",5,1,0,0,0,1,0,1,0,0,0,2,2
2024010492504,2024,010492504,539670,188127,0.0141,51.57471,3,3,6,22:43,-1,E09000031,3,2,1,0,2,"[7, 19]",5,"[8, 1]",0,0,0,1,0,1,0,0,0,2,2
2024010492505,2024,010492505,535338,176688,-0.05276,51.47298,3,3,6,14:30,-1,E09000028,3,0,1,0,1,"[19, 5]","[2, 1]","[6, 5]",0,0,0,1,0,1,0,0,0,2,2
2024010492506,2024,010492506,523497,185100,-0.22021,51.55128,3,3,6,15:00,-1,E09000005,6,0,1,0,1,99,9,9,0,9,0,1,0,0,0,0,1,2,2
2024010492507,2024,010492507,546810,189189,0.11751,51.58244,3,3,6,22:50,-1,E09000026,3,2,1,0,1,"[19, 9]","[7, 3]","[3, 1]",0,0,0,1,0,0,0,0,0,2,2
2024010492508,2024,010492508,520078,188735,-0.26826,51.58469,3,3,6,15:50,-1,E09000005,3,0,1,0,1,99,9,9,99,9,99,1,0,0,0,0,1,2,2
2024010492513,2024,010492513,527245,192979,-0.16333,51.62126,3,3,6,15:08,-1,E09000003,4,0,1,0,1,7,1,3,"[0, 4]",0,0,1,1,0,0,0,0,2,2
2024010492523,2024,010492523,542254,172790,0.04519,51.43625,3,3,6,21:00,-1,E09000011,4,2,9,0,1,19,1,5,0,0,0,1,0,0,0,0,0,2,2
2024010492525,2024,010492525,533428,177392,-0.07998,51.47976,3,3,7,05:45,-1,E09000028,6,2,1,0,1,12,4,8,10,0,0,0,1,0,0,0,0,2,3
2024010492529,2024,010492529,523460,178249,-0.22314,51.48972,3,3,6,09:18,-1,E09000013,3,0,1,0,1,99,9,9,99,9,99,0,1,0,0,0,1,2,2
2024010492532,2024,010492532,528538,173364,-0.15182,51.44469,3,3,5,19:20,-1,E09000032,3,2,1,0,1,99,9,9,99,9,99,1,0,1,0,0,0,2,1
2024010492538,2024,010492538,537877,174090,-0.01724,51.44902,2,2,7,07:45,-1,E09000023,3,0,9,0,1,"[9, 19]",7,"[5, 3]",0,0,0,1,1,0,0,0,0,2,3
2024010492541,2024,010492541,525712,174819,-0.19194,51.4584,3,3,7,10:45,-1,E09000032,3,0,1,0,1,99,9,9,99,9,99,1,1,0,0,0,0,2,3
2024010492543,2024,010492543,527252,166395,-0.17281,51.38235,3,3,5,19:20,-1,E09000029,5,2,1,0,1,99,9,9,99,9,99,1,0,0,0,0,0,2,1
2024010492544,2024,010492544,520061,170976,-0.27454,51.42509,3,3,6,17:29,-1,E09000021,3,2,1,0,1,99,9,9,99,9,99,1,0,0,0,0,0,2,2
2024010492545,2024,010492545,531712,183627,-0.10235,51.53619,2,2,5,08:10,-1,E09000019,3,0,1,0,1,-1,1,5,0,0,0,1,1,0,0,0,0,1,25
2024010492546,2024,010492546,532217,179014,-0.0968,51.49462,2,2,4,17:45,-1,E09000028,3,2,1,0,1,99,9,9,99,9,99,0,1,0,0,0,0,1,24
2024010492560,2024,010492560,526431,175550,-0.18134,51.46481,3,3,7,12:55,-1,E09000032,3,0,1,0,1,"[7, 15]","[7, 6]",2,0,0,0,1,0,1,0,0,0,2,3
2024010492570,2024,010492570,533356,189060,-0.0766,51.58463,3,3,7,12:45,-1,E09000014,3,0,1,0,1,"[15, 4]",7,3,0,0,0,1,1,0,0,0,0,2,3
2024010492571,2024,010492571,517594,174371,-0.30888,51.45611,3,3,7,13:30,-1,E09000027,3,0,1,0,1,"[14, 9]","[3, 7]","[7, 4]",0,0,0,1,1,0,0,0,0,2,3
2024010492573,2024,010492573,536204,165198,-0.04471,51.36952,3,3,7,13:00,-1,E09000008,5,0,1,0,1,5,"[4, 1]","[8, 5]",0,0,0,1,0,0,0,0,0,2,3
2024010492574,2024,010492574,531308,167710,-0.11408,51.39324,3,3,5,08:10,-1,E09000008,4,0,1,0,1,99,9,9,99,9,99,1,0,1,0,0,0,2,1
2024010492575,2024,010492575,536354,173523,-0.03936,51.44429,2,"[3, 2]",7,12:15,-1,E09000023,6,0,1,0,1,"[4, 2]","[7, 0]","[3, 0]","[4, 0]","[7, 0]","[4, 0]",1,0,0,0,0,0,2,3
2024010492576,2024,010492576,534680,183260,-0.05972,51.53219,3,3,7,12:10,-1,E09000030,3,0,1,0,1,99,9,9,99,9,99,1,1,0,0,0,0,2,3
2024010492586,2024,010492586,525368,184779,-0.19336,51.54798,2,2,7,15:43,-1,E09000007,4,0,1,0,1,"[6, 19]","[5, 1]",5,0,0,0,1,0,1,0,0,0,2,3
2024010492589,2024,010492589,534056,184558,-0.06822,51.544,3,3,5,17:50,-1,E09000012,6,2,9,-1,1,99,9,9,99,9,99,1,0,1,0,0,0,2,1
2024010492590,2024,010492590,553015,190092,0.20739,51.58891,3,3,6,15:45,-1,E09000016,3,0,1,0,1,99,9,9,99,9,99,1,0,0,0,0,0,2,2
2024010492592,2024,010492592,534678,199636,-0.05347,51.67935,3,3,7,15:15,-1,E09000010,5,0,1,0,1,99,9,9,99,9,99,1,1,0,0,0,0,2,3
2024010492593,2024,010492593,529083,181044,-0.14118,51.51358,3,3,3,08:45,-1,E09000033,3,0,9,0,1,99,9,9,99,9,99,1,1,0,0,0,0,1,30
2024010492594,2024,010492594,534399,183502,-0.06368,51.53443,3,3,7,16:15,-1,E09000012,6,0,1,0,1,7,8,2,0,0,0,1,0,0,0,0,1,2,3
2024010492601,2024,010492601,523211,179988,-0.22612,51.5054,3,3,3,19:51,-1,E09000013,3,2,9,0,1,99,9,9,99,9,99,1,0,1,0,0,0,1,30
2024010492602,2024,010492602,536327,191822,-0.03267,51.60874,3,3,7,16:10,-1,E09000031,6,0,1,0,1,99,9,9,99,9,99,1,1,0,0,0,0,2,3
2024010492603,2024,010492603,535344,197962,-0.04449,51.66415,3,3,5,14:25,-1,E09000010,3,0,1,0,1,99,9,9,99,9,99,1,0,0,0,0,0,1,25
2024010492604,2024,010492604,536510,175894,-0.0362,51.46556,3,3,6,00:42,-1,E09000023,4,2,1,0,1,99,9,9,99,9,99,1,1,0,0,0,0,2,2
2024010492606,2024,010492606,533312,182691,-0.07965,51.5274,3,3,7,14:53,-1,E09000012,3,0,1,0,1,99,9,9,99,9,99,0,0,0,1,0,1,2,3
2024010492612,2024,010492612,534377,186941,-0.06268,51.56534,3,3,7,14:18,-1,E09000012,6,0,1,0,1,19,5,1,0,0,0,0,1,0,0,0,1,2,3
2024010492616,2024,010492616,510334,181289,-0.41117,51.51975,3,3,7,16:05,-1,E09000017,6,0,1,0,1,19,5,1,0,0,0,1,0,0,0,0,1,2,3
2024010492618,2024,010492618,527177,175860,-0.17049,51.46743,2,2,7,17:23,-1,E09000032,5,2,1,0,1,9,7,5,0,0,0,1,0,0,0,0,1,2,3
2024010492622,2024,010492622,523572,171481,-0.22389,51.42887,3,3,7,15:54,-1,E09000024,3,0,1,0,1,3,5,1,0,0,0,0,0,0,1,0,0,2,3
2024010492623,2024,010492623,541915,162926,0.03637,51.3477,3,3,1,11:55,-1,E09000006,3,0,1,0,1,99,9,9,99,9,99,1,1,0,0,0,0,1,28
2024010492627,2024,010492627,530428,177038,-0.12328,51.47727,3,3,7,19:43,-1,E09000022,3,2,2,1,1,"[19, 9]","[6, 1]","[2, 6]",0,0,0,1,0,1,0,0,0,2,3
2024010492628,2024,010492628,538134,182109,-0.01041,51.52101,3,3,7,15:12,-1,E09000030,3,0,1,0,1,"[3, 19]",1,5,0,0,0,1,0,1,0,0,0,2,3
2024010492631,2024,010492631,556075,186763,0.25004,51.55816,3,3,7,15:13,-1,E09000016,5,0,1,0,1,"[9, 19]","[4, 2]","[2, 6]",0,0,0,1,0,0,0,0,0,2,3
2024010492633,2024,010492633,528692,189572,-0.14369,51.59031,3,3,7,19:47,-1,E09000014,3,2,2,1,1,19,5,1,0,0,0,1,0,0,0,0,1,2,3
2024010492634,2024,010492634,546881,173722,0.11209,51.44345,3,3,7,12:55,-1,E09000004,6,0,1,0,1,19,"[3, 7]","[7, 3]",0,0,0,1,0,1,0,0,0,2,3
2024010492635,2024,010492635,512022,180527,-0.38709,51.51257,3,3,7,18:18,-1,E09000009,6,2,1,0,1,9,7,5,0,0,0,1,0,0,0,0,1,2,3
2024010492636,2024,010492636,531338,184541,-0.1074,51.54449,3,3,7,19:45,-1,E09000019,4,2,9,-1,1,99,9,9,99,9,99,1,0,0,0,0,1,2,3
2024010492637,2024,010492637,546366,187228,0.11029,51.56494,3,3,7,15:43,-1,E09000026,4,0,1,0,1,19,5,1,0,0,0,1,0,0,0,0,0,2,3
2024010492640,2024,010492640,526225,196052,-0.17695,51.6491,2,2,7,18:02,-1,E09000003,3,2,1,0,1,19,2,6,0,0,0,1,0,0,0,0,1,2,3
2024010492641,2024,010492641,531043,173211,-0.11585,51.44274,3,3,6,23:00,-1,E09000022,3,2,1,0,1,99,9,9,99,9,99,1,0,0,0,0,0,2,2
2024010492644,2024,010492644,518157,184042,-0.29755,51.54292,3,3,7,16:10,-1,E09000005,3,0,1,0,1,99,9,9,99,9,99,1,0,0,0,1,0,2,3
2024010492645,2024,010492645,542334,174475,0.04701,51.45138,3,3,7,18:15,-1,E09000011,3,2,1,0,1,"[6, 19]","[1, 5]",1,0,"[0, 1]",0,1,0,1,0,0,0,2,3
2024010492647,2024,010492647,531801,168037,-0.10687,51.39607,3,3,7,21:20,-1,E09000008,4,2,1,0,1,"[6, 19]",1,"[1, 5]",0,0,0,1,0,1,0,0,0,2,3
2024010492651,2024,010492651,528595,190183,-0.14487,51.59582,3,3,7,20:30,-1,E09000014,4,2,2,1,1,"[7, 19]","[3, 1]",5,0,0,0,1,0,0,0,0,0,2,3
2024010492654,2024,010492654,545501,185240,0.09699,51.5473,3,3,7,19:50,-1,E09000026,3,2,2,1,1,9,5,2,0,0,0,1,0,0,0,0,1,2,3
2024010492655,2024,010492655,516156,176660,-0.32882,51.47698,3,3,7,11:03,-1,E09000018,3,0,1,0,1,99,9,9,99,9,99,1,0,1,0,0,0,2,3
2024010492658,2024,010492658,510708,177365,-0.40701,51.48441,3,3,7,20:45,-1,E09000018,6,2,2,1,1,99,9,9,99,9,99,1,0,0,0,0,0,2,3
2024010492661,2024,010492661,526193,182569,-0.18226,51.52794,3,3,7,10:00,-1,E09000033,5,0,8,0,1,"[99, 19]","[9, 7]","[9, 3]",99,"[9, 0]","[99, 0]",1,0,0,0,0,0,2,3
2024010492662,2024,010492662,520425,186569,-0.264,51.56515,3,3,7,22:30,-1,E09000005,3,2,1,0,1,99,9,9,99,9,99,1,0,0,0,0,0,2,3
2024010492665,2024,010492665,538765,184132,-0.00052,51.53904,2,"[3, 2]",1,01:27,-1,E09000025,3,2,1,0,1,19,3,7,0,0,0,1,0,0,0,0,1,2,4
2024010492668,2024,010492668,524280,177126,-0.21173,51.47945,3,3,7,22:47,-1,E09000013,5,2,1,0,1,"[2, 19]","[0, 5]","[0, 1]","[0, 4]",0,0,1,0,0,0,0,0,2,3
2024010492670,2024,010492670,529660,180678,-0.133,51.51016,3,3,1,03:50,-1,E09000033,3,2,1,1,1,1,1,5,0,0,0,1,0,0,0,0,1,2,4
2024010492672,2024,010492672,528406,175203,-0.15305,51.46125,2,2,1,03:29,-1,E09000032,3,2,1,0,1,"[5, 2]","[5, 0]","[1, 0]","[4, 0]","[8, 0]","[4, 0]",1,0,0,0,1,0,2,4
2024010492677,2024,010492677,534978,181904,-0.05595,51.51993,3,3,7,22:41,-1,E09000030,3,2,1,0,1,19,7,3,0,0,0,0,0,1,0,0,1,2,3
2024010492683,2024,010492683,529563,183499,-0.13336,51.53554,3,3,7,16:20,-1,E09000007,3,0,1,0,1,99,9,9,99,9,99,1,1,0,0,0,0,2,3
2024010492690,2024,010492690,508712,179258,-0.43516,51.50181,3,3,1,10:25,-1,E09000017,6,0,1,1,1,19,"[5, 3]","[1, 7]",0,0,0,1,0,0,0,0,0,2,4