collision_index,collision_year,collision_ref_no,location_easting_osgr,location_northing_osgr,longitude,latitude,casualty_severity,casualty_severity,day_of_week,time,local_authority_district,local_authority_ons_district,first_road_class,light_conditions,weather_conditions,road_surface_conditions,urban_or_rural_area,vehicle_manoeuvre,vehicle_direction_from,vehicle_direction_to,hit_object_in_carriageway,vehicle_leaving_carriageway,hit_object_off_carriageway,is_car,is_cyle,is_mcyle,is_goodsv,is_other,is_pedestrian,month,day
2024010493719,2024,010493719,540306,183230,0.02132,51.53055,3,3,6,17:37,-1,E09000025,3,2,2,1,1,"[9, 7]","[3, 7]",1,0,0,0,1,0,1,0,0,0,2,9
2024010493721,2024,010493721,536711,174563,-0.03382,51.45355,3,3,6,13:10,-1,E09000023,5,0,1,1,1,"[4, 19]","[3, 2]","[7, 6]",0,0,0,0,0,1,1,0,0,2,9
2024010493724,2024,010493724,515880,177532,-0.33251,51.48488,3,3,6,18:31,-1,E09000018,4,2,2,1,1,19,4,8,0,"[1, 0]",0,1,1,0,0,0,0,2,9
2024010493727,2024,010493727,541300,167999,0.02956,51.39344,3,3,6,16:10,-1,E09000006,3,0,1,1,1,"[10, 13]","[5, 3]","[2, 7]","[0, 4]",0,0,1,0,1,0,0,0,2,9
2024010493728,2024,010493728,523717,192001,-0.21461,51.61325,3,3,6,14:35,-1,E09000003,6,0,1,1,1,"[9, 19]","[7, 1]",5,0,0,0,1,0,1,0,0,0,2,9
2024010493729,2024,010493729,534442,196527,-0.05807,51.65147,2,2,6,20:17,-1,E09000010,6,2,2,1,1,"[9, 19]","[7, 3]","[5, 7]",0,0,0,1,0,1,0,0,0,2,9
2024010493731,2024,010493731,522335,182946,-0.23771,51.53218,2,2,6,19:00,-1,E09000005,3,2,2,1,1,"[3, 15]",5,1,0,0,0,1,0,1,0,0,0,2,9
2024010493732,2024,010493732,516741,180163,-0.31924,51.50835,3,3,6,14:06,-1,E09000009,4,0,2,1,1,"[19, 3]",5,1,0,0,0,1,0,0,0,0,0,2,9
2024010493733,2024,010493733,523961,182213,-0.21454,51.52523,3,3,6,17:56,-1,E09000020,4,2,2,1,1,19,5,1,0,0,0,1,0,0,0,0,1,2,9
2024010493736,2024,010493736,517741,180714,-0.30466,51.51309,3,3,5,22:15,-1,E09000009,3,2,2,1,1,99,9,9,99,9,99,1,1,0,0,0,0,2,8
2024010493739,2024,010493739,515532,188111,-0.33405,51.58003,3,3,6,15:39,-1,E09000015,5,0,2,-1,1,"[9, 99]","[5, 9]","[2, 9]","[0, 99]","[0, 9]","[0, 99]",1,0,0,1,0,0,2,9
2024010493747,2024,010493747,520309,182682,-0.267,51.53024,2,2,6,18:45,-1,E09000009,4,2,2,1,1,-1,3,7,0,0,0,0,0,1,0,0,1,2,9
2024010493752,2024,010493752,517581,185002,-0.30553,51.55166,3,3,6,15:30,-1,E09000005,3,0,1,0,1,4,1,5,0,0,0,1,0,1,0,0,0,2,9
2024010493756,2024,010493756,519349,188783,-0.27876,51.58527,3,3,6,22:45,-1,E09000005,3,2,1,0,1,99,9,9,99,9,99,1,0,0,0,0,1,2,9
2024010493764,2024,010493764,546668,186944,0.11452,51.56231,3,3,6,14:55,-1,E09000026,6,0,9,0,1,"[99, 14]","[9, 5]","[9, 1]",99,"[9, 0]","[99, 0]",1,0,0,0,0,0,2,9
2024010493765,2024,010493765,528177,168223,-0.15887,51.39857,3,3,6,14:30,-1,E09000024,3,0,8,0,1,99,9,9,99,9,99,1,0,0,0,0,0,2,9
2024010493766,2024,010493766,537377,183427,-0.0208,51.53304,3,3,6,20:04,-1,E09000030,3,2,2,1,1,19,8,4,0,0,0,1,0,0,0,0,0,2,9
2024010493767,2024,010493767,532537,176507,-0.09313,51.47201,3,3,6,21:49,-1,E09000022,3,2,2,1,1,"[3, 9]","[3, 7]","[7, 6]",0,0,0,1,0,0,1,0,0,2,9
2024010493768,2024,010493768,537049,198720,-0.01955,51.67054,3,3,7,00:01,-1,E09000010,3,2,2,1,2,10,5,3,0,0,0,1,0,1,0,0,0,2,10
2024010493773,2024,010493773,546673,183665,0.11323,51.53284,3,3,7,01:50,-1,E09000002,3,2,1,1,1,"[19, 11]","[3, 7]","[7, 3]",0,"[1, 0]","[11, 0]",1,0,0,1,0,0,2,10
2024010493775,2024,010493775,536125,173633,-0.04261,51.44533,2,"[3, 2]",7,03:29,-1,E09000023,4,2,1,1,1,"[2, 19]","[0, 5]","[0, 1]","[0, 4]","[1, 0]","[0, 11]",1,0,0,0,0,0,2,10
2024010493776,2024,010493776,525744,178263,-0.19026,51.48934,3,3,5,20:45,-1,E09000020,3,2,2,1,1,99,9,9,99,"[0, 9]","[0, 99]",1,0,1,0,0,0,2,8
2024010493779,2024,010493779,519803,182231,-0.27444,51.52629,3,3,7,00:56,-1,E09000009,3,2,1,0,1,"[99, 19]","[9, 3]","[9, 7]",99,9,99,1,0,0,0,0,0,2,10
2024010493781,2024,010493781,511408,190100,-0.39291,51.59874,3,3,7,05:18,-1,E09000015,3,2,1,1,1,19,"[2, 4]","[6, 8]",0,"[0, 3]","[0, 11]",1,0,0,0,0,0,2,10
2024010493787,2024,010493787,536771,177049,-0.032,51.47588,3,3,7,05:00,-1,E09000023,3,2,1,1,1,"[19, 7]",7,"[3, 1]",0,0,0,1,0,0,0,0,0,2,10
2024010493788,2024,010493788,530890,186073,-0.11328,51.55836,3,3,6,18:30,-1,E09000019,3,2,1,0,1,99,9,9,99,9,99,1,0,1,0,0,0,2,9
2024010493791,2024,010493791,542622,185878,0.05576,51.55377,3,3,5,20:45,-1,E09000025,3,2,2,1,1,99,9,9,99,9,99,1,0,0,0,1,0,2,8
2024010493792,2024,010493792,534744,176786,-0.06127,51.474,3,3,6,19:15,-1,E09000028,6,2,2,1,1,99,9,9,0,0,0,1,0,0,0,0,1,2,9
2024010493793,2024,010493793,536714,177059,-0.03282,51.47598,3,3,6,17:26,-1,E09000023,3,0,1,-1,1,99,9,9,99,0,0,0,0,0,0,0,1,2,9
2024010493794,2024,010493794,533540,176974,-0.07852,51.47597,3,3,6,20:15,-1,E09000028,4,2,2,1,1,99,9,9,99,9,99,1,1,0,0,0,0,2,9
2024010493801,2024,010493801,535489,172744,-0.0521,51.4375,3,3,7,11:14,-1,E09000023,4,0,1,0,1,"[2, 19]","[0, 8]","[0, 4]","[0, 4]",0,0,1,0,0,0,0,0,2,10
2024010493802,2024,010493802,534328,184762,-0.06422,51.54577,2,2,7,11:00,-1,E09000012,3,0,9,1,1,9,7,5,0,0,0,1,0,0,0,0,1,2,10
2024010493821,2024,010493821,513012,177213,-0.37389,51.48259,3,3,7,12:42,-1,E09000018,3,0,1,0,1,99,9,9,99,9,99,1,0,0,0,0,0,2,10
2024010493829,2024,010493829,544577,167214,0.07631,51.38556,3,3,7,09:38,-1,E09000006,5,0,1,0,1,"[19, 5]",5,1,0,0,0,1,0,0,0,0,0,2,10
2024010493832,2024,010493832,533472,183622,-0.07699,51.53573,3,3,7,02:03,-1,E09000012,6,2,2,1,1,99,9,9,99,9,99,1,0,0,0,0,1,2,10
2024010493836,2024,010493836,524806,188943,-0.19998,51.58553,3,3,6,15:50,-1,E09000003,3,0,1,0,1,4,5,1,11,0,0,1,0,0,0,0,1,2,9
2024010493842,2024,010493842,540382,184272,0.02283,51.5399,3,3,7,12:55,-1,E09000025,3,0,1,0,1,99,9,9,99,9,99,0,0,0,1,1,0,2,10
2024010493846,2024,010493846,520273,168498,-0.27234,51.40277,3,3,7,12:52,-1,E09000021,3,0,1,0,1,"[7, 19]",1,"[4, 5]",0,0,0,1,1,0,0,0,0,2,10
2024010493848,2024,010493848,533820,175172,-0.07518,51.45971,3,3,7,16:00,-1,E09000028,3,0,2,1,1,"[19, 4]",5,1,0,0,0,1,0,1,0,0,0,2,10
2024010493849,2024,010493849,531920,179120,-0.10104,51.49564,3,3,7,05:28,-1,E09000028,3,2,1,0,1,99,9,9,99,9,99,1,0,0,0,0,0,2,10
2024010493851,2024,010493851,534691,181316,-0.0603,51.51472,3,3,6,18:30,-1,E09000030,3,2,2,1,1,99,9,9,99,9,99,1,0,1,0,0,0,2,9
2024010493852,2024,010493852,543172,177915,0.06046,51.48208,2,"[3, 2]",7,15:55,-1,E09000011,5,0,1,1,1,19,"[3, 7]","[7, 3]",0,0,0,1,0,0,0,0,0,2,10
2024010493853,2024,010493853,537394,188945,-0.0184,51.58262,3,3,6,15:20,-1,E09000031,3,0,1,0,1,99,9,9,99,9,99,1,0,1,0,0,0,2,9
2024010493855,2024,010493855,537807,172788,-0.01875,51.43733,3,3,7,15:30,-1,E09000023,3,0,9,-1,1,99,9,9,99,9,99,1,0,0,0,0,0,2,10
2024010493856,2024,010493856,526485,191971,-0.17467,51.61237,3,3,7,14:55,-1,E09000003,3,0,1,0,1,14,7,3,0,0,0,0,0,0,1,0,1,2,10
2024010493857,2024,010493857,532653,164293,-0.09603,51.36222,3,3,7,15:11,-1,E09000008,4,0,1,0,1,19,"[3, 1]","[7, 5]",0,0,0,1,0,0,0,0,0,2,10
2024010493859,2024,010493859,512086,175012,-0.38792,51.46299,3,3,7,13:50,-1,E09000018,3,0,1,0,1,"[9, 19]","[3, 7]","[1, 3]",0,0,0,1,1,0,0,0,0,2,10
2024010493863,2024,010493863,531825,156983,-0.11062,51.29672,2,2,7,17:00,-1,E09000008,4,2,1,1,2,"[10, 19]","[4, 5]","[2, 1]",0,0,0,1,0,0,0,0,0,2,10
2024010493866,2024,010493866,532783,168181,-0.09271,51.39713,2,2,7,17:27,-1,E09000008,3,2,8,1,1,19,1,5,0,0,0,1,0,0,0,0,1,2,10
2024010493868,2024,010493868,554653,191180,0.23149,51.59824,3,3,7,15:50,-1,E09000016,3,2,2,1,1,4,7,3,0,0,0,1,0,0,0,0,0,2,10
2024010493870,2024,010493870,518123,175364,-0.30094,51.46493,3,3,7,05:02,-1,E09000027,3,0,1,0,1,99,9,9,99,9,99,1,0,0,0,0,0,2,10
2024010493873,2024,010493873,532340,166074,-0.09986,51.3783,3,3,7,15:30,-1,E09000008,3,0,2,1,1,19,5,1,0,0,0,1,0,0,0,0,0,2,10
2024010493874,2024,010493874,532035,189248,-0.09558,51.58663,3,3,7,16:45,-1,E09000014,3,2,2,1,1,10,1,7,0,0,0,1,0,0,0,0,0,2,10
2024010493875,2024,010493875,543228,186147,0.06461,51.55603,3,3,7,17:00,-1,E09000025,3,2,2,1,1,5,2,6,0,0,0,1,0,1,0,0,0,2,10
2024010493877,2024,010493877,524468,186100,-0.20586,51.56006,3,3,7,17:00,-1,E09000003,6,2,1,0,1,"[9, 15]",6,"[4, 2]",0,0,0,1,0,1,0,0,0,2,10
2024010493885,2024,010493885,525892,163655,-0.19331,51.35803,2,2,7,18:26,-1,E09000029,6,2,1,0,1,"[19, 5]","[1, 0]",5,0,0,0,1,0,1,0,0,0,2,10
2024010493890,2024,010493890,516243,176239,-0.32771,51.47318,2,2,7,17:56,-1,E09000018,3,2,1,0,1,5,7,3,0,0,0,1,0,0,0,0,1,2,10
2024010493897,2024,010493897,536750,190813,-0.02696,51.59957,3,3,7,13:44,-1,E09000031,4,0,1,0,1,99,9,9,99,9,99,1,0,0,0,0,0,2,10
2024010493898,2024,010493898,532874,194780,-0.08139,51.63614,3,3,5,15:10,-1,E09000010,5,0,1,1,1,99,9,9,99,9,99,1,0,0,0,0,0,2,8
2024010493899,2024,010493899,518235,182661,-0.29689,51.53049,3,3,7,19:39,-1,E09000009,3,2,1,0,1,99,9,9,99,9,99,1,0,0,0,0,0,2,10
2024010493901,2024,010493901,551269,193043,0.18347,51.61589,3,3,7,14:30,-1,E09000016,4,0,2,1,2,"[19, 10]","[1, 3]","[5, 8]",0,"[0, 3]",0,1,0,0,0,0,0,2,10
2024010493902,2024,010493902,526741,178735,-0.17574,51.49336,2,2,7,19:32,-1,E09000020,3,2,1,0,1,19,2,6,0,0,0,0,0,1,0,0,1,2,10
2024010493903,2024,010493903,524543,170862,-0.21015,51.42309,2,2,7,20:50,-1,E09000024,3,2,1,0,1,19,"[5, 1]","[1, 5]",0,0,0,1,1,0,0,0,0,2,10
2024010493907,2024,010493907,519102,190115,-0.28187,51.5973,2,2,7,17:20,-1,E09000015,6,2,1,0,1,"[9, 19]","[7, 3]","[6, 7]",0,0,0,1,0,1,0,0,0,2,10
2024010493909,2024,010493909,534188,194721,-0.06243,51.6353,3,3,1,00:07,-1,E09000010,5,2,1,1,1,9,1,7,0,"[1, 0]","[4, 0]",1,0,0,0,0,0,2,11
2024010493910,2024,010493910,528969,186500,-0.14082,51.56264,2,2,7,23:37,-1,E09000007,5,2,1,1,1,19,7,3,10,0,0,1,0,0,0,0,0,2,10
2024010493911,2024,010493911,549084,184235,0.1482,51.53734,3,3,7,22:03,-1,E09000002,3,2,1,0,1,99,9,9,99,9,99,1,0,0,0,0,0,1,20
2024010493913,2024,010493913,534287,182595,-0.06564,51.52631,3,3,7,23:33,-1,E09000030,3,2,1,0,1,19,3,7,0,1,10,1,0,0,0,0,1,2,10
2024010493914,2024,010493914,526442,179419,-0.1798,51.49958,2,2,7,23:30,-1,E09000033,5,2,1,0,1,"[15, 7]",1,"[5, 3]","[10, 0]",0,0,0,0,1,1,0,0,2,10
2024010493919,2024,010493919,533453,187485,-0.0758,51.57045,2,"[3, 2]",7,20:59,-1,E09000012,5,2,1,1,1,"[9, 13]",3,"[8, 7]",0,0,0,1,0,1,0,0,0,2,10
2024010493922,2024,010493922,538221,177710,-0.01088,51.48146,2,2,1,03:18,-1,E09000011,3,2,1,1,1,"[2, 19]","[0, 3]","[0, 7]","[0, 11]",0,0,1,0,0,0,0,0,2,11
2024010493923,2024,010493923,527638,171818,-0.16532,51.431,3,3,7,23:51,-1,E09000032,3,2,9,1,1,19,"[7, 3]","[3, 7]",0,"[1, 0]",0,1,0,0,0,0,0,2,10
2024010493929,2024,010493929,509998,187395,-0.4141,51.5747,3,3,7,12:35,-1,E09000017,6,0,2,1,1,"[9, 3, 19]","[3, 8, 4]","[1, 4, 8]",0,0,0,1,0,0,0,0,0,2,10
2024010493936,2024,010493936,528428,189715,-0.14745,51.59166,3,3,1,00:55,-1,E09000014,5,2,1,0,1,"[2, 19]","[0, 1]","[0, 5]","[0, 4]",0,0,1,0,0,0,0,0,2,11
2024010493948,2024,010493948,531394,183348,-0.10703,51.53376,3,3,7,10:12,-1,E09000019,4,0,1,0,1,99,9,9,99,9,99,1,0,0,0,0,0,2,10
2024010493953,2024,010493953,528756,178866,-0.14668,51.49408,3,3,1,09:30,-1,E09000033,3,0,1,0,1,19,5,1,0,0,0,0,0,0,1,0,1,2,11
2024010493956,2024,010493956,536704,171838,-0.03498,51.42907,2,2,1,11:05,-1,E09000023,3,0,1,1,1,19,7,4,0,1,1,1,0,0,0,0,0,2,11
2024010493963,2024,010493963,533657,187126,-0.07299,51.56718,3,3,1,12:07,-1,E09000012,6,0,1,0,1,"[4, 19]",1,5,0,"[1, 0]",0,1,1,0,0,0,0,2,11
2024010493964,2024,010493964,535506,181202,-0.04861,51.5135,3,3,6,16:05,-1,E09000030,3,0,1,1,1,99,9,9,99,9,99,1,0,1,0,0,0,2,9
2024010493971,2024,010493971,529049,177182,-0.14308,51.47888,3,3,7,03:10,-1,E09000032,3,2,1,0,1,99,9,9,99,9,99,1,0,0,0,0,0,2,10
2024010493972,2024,010493972,541773,188304,0.0445,51.57578,2,2,1,10:50,-1,E09000026,3,0,1,0,2,19,3,7,0,0,0,1,0,0,0,0,0,2,11
2024010493978,2024,010493978,537367,176724,-0.02355,51.47281,2,2,1,14:15,-1,E09000023,3,0,1,0,1,"[9, 19]",5,"[4, 1]",0,0,0,1,1,0,0,0,0,2,11
2024010493979,2024,010493979,528588,177637,-0.14955,51.48308,3,3,1,11:45,-1,E09000032,3,0,9,-1,1,"[10, 13]",9,9,99,9,99,1,0,1,0,0,0,2,11
2024010493985,2024,010493985,528620,178592,-0.14874,51.49165,3,3,7,20:43,-1,E09000033,3,2,1,0,1,99,9,9,99,9,99,1,0,0,0,0,0,2,10
2024010493992,2024,010493992,550908,187335,0.17581,51.5647,3,3,1,14:16,-1,E09000002,5,0,1,0,1,"[19, 5]",5,1,0,0,0,1,0,0,0,0,0,2,11
2024010493996,2024,010493996,520159,175323,-0.27166,51.46413,2,2,7,14:40,-1,E09000027,3,0,1,0,1,99,9,9,99,9,99,1,1,0,0,0,0,1,20
2024010494001,2024,010494001,531140,177512,-0.11286,51.48137,3,3,1,14:00,-1,E09000022,3,0,1,0,1,99,9,9,99,9,99,1,1,0,0,0,0,2,11
2024010494006,2024,010494006,531791,172597,-0.10532,51.43705,3,3,3,19:30,-1,E09000022,3,2,1,0,1,99,9,9,99,9,99,1,0,0,0,0,1,2,6
2024010494012,2024,010494012,525697,170449,-0.19371,51.41913,3,3,1,17:39,-1,E09000024,6,2,1,0,1,3,5,1,0,0,0,1,0,0,0,0,0,2,11
2024010494018,2024,010494018,535962,179237,-0.0428,51.49573,3,3,1,02:45,-1,E09000028,4,0,1,0,1,99,9,9,99,9,99,1,1,0,0,0,0,2,11
2024010494027,2024,010494027,534413,178619,-0.06534,51.49055,3,3,1,19:15,-1,E09000028,5,2,1,0,1,"[19, 4]","[7, 1]","[3, 5]",0,0,0,1,0,0,0,0,0,2,11
2024010494028,2024,010494028,542791,185288,0.05796,51.54842,3,3,3,15:12,-1,E09000025,4,0,1,0,1,19,3,7,99,9,99,1,0,0,0,0,1,1,30
2024010494035,2024,010494035,537332,192265,-0.01799,51.61247,3,3,1,11:12,-1,E09000031,3,0,1,0,1,99,9,9,99,9,99,1,0,0,0,0,0,2,11
2024010494036,2024,010494036,513667,191252,-0.35994,51.60864,3,3,1,18:55,-1,E09000015,3,0,1,0,1,19,3,7,0,0,0,0,0,0,1,0,0,2,11
2024010494041,2024,010494041,525381,169519,-0.19858,51.41084,2,2,1,22:30,-1,E09000024,4,2,2,0,1,19,1,5,0,1,4,0,1,0,0,0,0,2,11
2024010494046,2024,010494046,523978,189562,-0.21171,51.59128,3,3,1,22:57,-1,E09000003,3,2,1,0,1,"[10, 19]",9,9,99,9,99,1,0,0,0,0,0,2,11
2024010494047,2024,010494047,531917,190690,-0.09674,51.59961,3,3,1,16:45,-1,E09000014,6,0,8,0,1,99,9,9,99,9,99,1,0,1,0,0,0,2,11
2024010494048,2024,010494048,513657,175478,-0.36517,51.46687,3,3,1,18:30,-1,E09000018,3,0,1,0,1,5,2,6,0,0,0,0,0,0,1,0,0,2,11
2024010494049,2024,010494049,544810,183190,0.08619,51.52906,3,3,7,23:20,-1,E09000002,3,2,5,1,1,99,9,9,"[0, 99]","[0, 9]","[0, 99]",1,0,0,0,0,0,2,10
2024010494052,2024,010494052,534169,179079,-0.06867,51.49474,3,3,1,20:55,-1,E09000028,6,2,1,0,1,19,1,5,0,0,0,1,0,0,0,0,0,2,11
2024010494055,2024,010494055,526031,183365,-0.18431,51.53513,2,2,2,03:25,-1,E09000033,6,2,1,0,1,"[2, 19]","[0, 6]","[0, 2]","[0, 4]",0,0,1,0,0,0,0,0,2,12
2024010494058,2024,010494058,532584,191081,-0.08697,51.60297,3,3,2,04:56,-1,E09000014,3,2,1,0,1,19,7,3,0,0,0,1,0,0,0,0,0,2,12
2024010494061,2024,010494061,534191,180672,-0.06775,51.50905,3,3,2,00:30,-1,E09000030,3,2,1,0,1,"[19, 9]","[3, 7]","[7, 5]",0,0,0,1,0,0,1,0,0,2,12
2024010494063,2024,010494063,532542,172427,-0.09459,51.43535,3,3,1,12:33,-1,E09000022,6,0,1,0,1,99,9,9,99,9,99,1,0,0,0,0,0,2,11
2024010494074,2024,010494074,550380,188822,0.16884,51.57821,3,3,2,07:28,-1,E09000016,6,0,1,1,1,99,9,9,99,9,99,1,1,0,0,0,0,2,12
2024010494085,2024,010494085,532722,179321,-0.08941,51.49726,2,2,5,17:40,-1,E09000028,3,2,2,1,1,99,9,9,99,9,99,0,0,1,0,0,1,2,8
2024010494087,2024,010494087,530709,169403,-0.12206,51.4086,3,3,5,17:13,-1,E09000008,3,0,9,-1,1,99,9,9,99,9,99,1,0,1,0,0,0,2,8
2024010494088,2024,010494088,528015,172366,-0.1597,51.43584,3,3,2,10:20,-1,E09000032,3,0,1,0,1,5,1,5,0,0,0,0,0,0,1,0,1,2,12
2024010494089,2024,010494089,540152,178410,0.01719,51.48728,3,3,2,09:45,-1,E09000011,3,0,1,0,1,19,"[5, 7]","[1, 3]",0,"[1, 0]","[11, 0]",1,0,0,0,0,0,2,12
2024010494090,2024,010494090,532685,176020,-0.09119,51.4676,3,3,6,16:50,-1,E09000022,3,0,1,0,1,99,9,9,99,9,99,1,0,1,0,0,0,2,2
2024010494091,2024,010494091,519244,169770,-0.28669,51.41442,3,3,6,00:00,-1,E09000021,3,2,9,0,1,"[4, 99]","[5, 9]","[1, 9]",99,9,"[0, 99]",1,1,0,0,0,0,2,2
2024010494093,2024,010494093,546163,183732,0.10591,51.53358,3,3,4,21:00,-1,E09000002,3,2,2,1,1,19,4,8,0,0,0,0,0,0,1,0,0,2,7
2024010494097,2024,010494097,530815,191608,-0.1123,51.60812,3,3,5,16:30,-1,E09000014,6,2,9,-1,1,99,9,9,99,9,99,1,0,1,0,0,0,2,8
2024010494101,2024,010494101,526411,174755,-0.18191,51.45767,3,3,6,18:15,-1,E09000032,3,2,1,0,1,99,9,9,99,9,99,1,1,0,0,0,0,2,9
2024010494105,2024,010494105,520821,195222,-0.25531,51.64283,3,3,2,11:15,-1,E09000003,3,0,1,0,1,99,9,9,99,9,99,0,0,0,1,0,0,2,12
2024010494106,2024,010494106,528675,173534,-0.14979,51.44619,3,3,7,16:33,-1,E09000032,3,0,9,0,1,99,9,9,99,9,99,1,0,1,0,0,0,2,10
2024010494107,2024,010494107,528771,189663,-0.14252,51.59111,3,3,2,11:20,-1,E09000014,5,0,1,0,1,"[19, 4]",5,1,0,0,0,1,0,0,1,0,0,2,12
2024010494111,2024,010494111,530387,177279,-0.12379,51.47945,3,3,6,21:20,-1,E09000022,3,2,2,1,1,99,9,9,99,9,99,1,0,1,0,0,0,2,9
2024010494113,2024,010494113,525394,180205,-0.19461,51.50687,3,3,7,14:30,-1,E09000020,3,0,1,0,1,"[19, 13]",9,9,99,9,99,1,0,1,0,0,0,2,10
2024010494114,2024,010494114,514867,169085,-0.34983,51.40916,2,2,2,11:40,-1,E09000027,3,0,1,0,1,"[10, 19]","[3, 1]","[1, 5]",0,0,0,1,0,1,0,0,0,2,12
2024010494134,2024,010494134,535618,171465,-0.05073,51.42597,3,3,7,19:30,-1,E09000023,3,2,1,1,1,99,9,9,99,9,99,1,0,1,0,0,0,2,10
2024010494137,2024,010494137,540628,181543,0.02529,51.51531,3,3,2,13:50,-1,E09000025,5,0,1,0,1,99,9,9,99,9,99,1,0,0,0,0,0,2,12
2024010494138,2024,010494138,525216,177945,-0.19797,51.4866,3,3,1,19:50,-1,E09000013,3,2,1,0,1,99,9,9,99,9,99,0,0,1,0,1,0,2,11
2024010494141,2024,010494141,526314,183323,-0.18024,51.53469,3,3,2,13:13,-1,E09000033,4,0,1,0,1,5,"[5, 7]","[1, 3]",0,0,0,0,0,1,0,0,0,2,12
2024010494143,2024,010494143,532775,182346,-0.08751,51.52443,3,3,2,09:45,-1,E09000019,3,0,1,1,1,19,1,5,0,0,0,0,0,0,1,0,0,2,12
2024010494151,2024,010494151,553757,192058,0.21895,51.60637,2,2,2,14:15,-1,E09000016,6,0,1,0,1,"[9, 2]","[3, 0]","[8, 0]","[4, 0]","[7, 0]","[10, 0]",1,0,0,0,0,1,2,12
2024010494158,2024,010494158,515793,181871,-0.33234,51.52389,3,3,1,15:12,-1,E09000009,6,0,1,0,1,99,9,9,99,9,99,1,0,0,0,0,1,2,4
2024010494159,2024,010494159,520110,190509,-0.26719,51.60062,3,3,1,11:40,-1,E09000003,5,0,1,0,1,99,9,9,99,9,99,0,0,1,0,0,0,2,11
2024010494163,2024,010494163,518595,184024,-0.29124,51.54266,3,3,2,16:02,-1,E09000005,6,0,1,0,1,9,2,8,0,0,0,1,0,0,0,0,1,2,12
2024010494165,2024,010494165,520457,192358,-0.26155,51.61717,3,3,2,15:06,-1,E09000003,3,0,1,0,1,99,9,9,99,9,99,1,0,0,0,0,0,2,12
2024010494169,2024,010494169,534088,192227,-0.06483,51.61291,3,3,7,13:45,-1,E09000010,3,0,1,0,1,99,9,9,99,9,99,1,0,0,0,0,0,2,10
2024010494171,2024,010494171,510609,173150,-0.40976,51.44655,3,3,5,19:45,-1,E09000018,3,2,2,1,1,99,9,9,99,9,99,1,0,0,0,0,1,2,8
2024010494174,2024,010494174,526539,163217,-0.18418,51.35395,3,3,2,14:55,-1,E09000029,6,0,1,0,1,"[5, 19]","[3, 1]","[7, 5]",0,0,0,1,0,0,0,0,0,2,12
2024010494180,2024,010494180,534093,192259,-0.06475,51.6132,3,3,6,18:35,-1,E09000010,3,2,2,1,1,99,9,9,99,9,99,1,0,1,0,0,0,2,9
2024010494186,2024,010494186,524740,175183,-0.2058,51.46188,3,3,6,12:26,-1,E09000032,3,0,8,1,1,99,9,9,99,9,99,1,0,1,0,0,0,2,9
2024010494195,2024,010494195,541072,191798,0.0358,51.60735,3,3,2,18:12,-1,E09000026,5,2,8,0,1,99,9,9,99,9,99,1,0,1,0,0,0,2,12
2024010494204,2024,010494204,534399,182258,-0.06415,51.52325,3,3,2,17:00,-1,E09000030,4,0,1,0,1,19,5,1,0,0,0,1,1,0,0,0,0,2,12
2024010494206,2024,010494206,523802,177321,-0.21855,51.4813,3,3,2,16:05,-1,E09000013,6,0,1,0,1,99,9,9,99,9,99,0,0,0,1,1,0,2,12
2024010494208,2024,010494208,532550,163795,-0.09769,51.35777,3,3,2,20:08,-1,E09000008,3,2,1,0,1,"[9, 19]","[6, 5]","[3, 1]",0,0,0,1,0,1,0,0,0,2,12
2024010494211,2024,010494211,517409,188878,-0.30672,51.58653,3,3,2,12:13,-1,E09000005,3,0,1,0,1,99,9,9,99,9,99,1,0,0,0,0,0,2,12
2024010494212,2024,010494212,523764,188088,-0.21531,51.57808,3,3,2,16:15,-1,E09000003,3,0,1,0,1,"[12, 19]",3,7,0,"[0, 5]","[0, 6]",1,0,0,0,0,0,2,12
2024010494214,2024,010494214,531799,166584,-0.10744,51.38301,3,3,2,15:01,-1,E09000008,3,0,1,0,1,99,9,9,99,9,99,1,1,0,0,0,0,2,12
2024010494215,2024,010494215,532257,178439,-0.09644,51.48944,3,3,1,20:47,-1,E09000028,3,2,1,1,1,99,9,9,99,9,99,0,1,0,0,1,0,2,11
2024010494216,2024,010494216,518040,184972,-0.29892,51.5513,3,3,2,20:15,-1,E09000005,3,2,1,0,1,"[99, 7]","[9, 1]","[9, 2]","[99, 0]","[9, 0]","[99, 0]",1,0,0,1,0,0,2,12
2024010494221,2024,010494221,537001,180618,-0.02731,51.50789,3,3,2,20:50,-1,E09000030,3,2,8,0,1,"[7, 19]",5,7,0,0,0,1,0,1,0,0,0,2,12
2024010494229,2024,010494229,533587,188840,-0.07335,51.58259,3,3,2,02:01,-1,E09000014,3,0,1,0,1,99,9,9,99,9,99,1,0,1,0,0,0,2,12
2024010494231,2024,010494231,512780,179709,-0.37644,51.50507,3,3,2,13:05,-1,E09000009,3,0,1,0,1,99,9,9,99,9,99,1,0,1,0,0,0,2,12
2024010494234,2024,010494234,534795,175301,-0.0611,51.46064,3,3,2,19:05,-1,E09000028,5,2,1,0,1,19,"[4, 8]","[8, 4]",0,"[0, 1]",0,1,0,0,0,0,0,2,12