collision_index,collision_year,collision_ref_no,location_easting_osgr,location_northing_osgr,longitude,latitude,casualty_severity,casualty_severity,day_of_week,time,local_authority_district,local_authority_ons_district,first_road_class,light_conditions,weather_conditions,road_surface_conditions,urban_or_rural_area,vehicle_manoeuvre,vehicle_direction_from,vehicle_direction_to,hit_object_in_carriageway,vehicle_leaving_carriageway,hit_object_off_carriageway,is_car,is_cyle,is_mcyle,is_goodsv,is_other,is_pedestrian,month,day
2024010494675,2024,010494675,514965,175411,-0.34637,51.466,2,"[3, 2]",5,13:15,-1,E09000018,6,0,1,0,1,"[19, 9]","[2, 8]",6,0,0,0,1,0,0,0,0,0,2,15
2024010494685,2024,010494685,528801,189974,-0.14197,51.5939,3,3,5,08:30,-1,E09000014,6,0,1,0,1,99,9,9,99,9,99,1,0,1,0,0,0,2,15
2024010494687,2024,010494687,520318,178539,-0.26828,51.493,3,3,5,15:10,-1,E09000018,3,0,1,0,1,19,"[3, 1]","[7, 5]",0,0,0,1,0,0,0,0,0,2,15
2024010494690,2024,010494690,535541,197059,-0.04199,51.65598,3,3,4,15:40,-1,E09000010,6,0,1,0,1,99,9,9,99,9,99,1,0,1,0,0,0,2,14
2024010494691,2024,010494691,527471,181821,-0.16411,51.52093,2,2,5,14:25,-1,E09000033,3,0,1,0,1,19,"[3, 1]","[7, 5]",0,0,0,1,1,0,0,0,0,2,15
2024010494700,2024,010494700,518730,188823,-0.28768,51.58576,2,2,5,15:37,-1,E09000015,3,0,1,0,1,"[9, 19]","[3, 1]","[1, 5]",0,0,0,1,0,1,0,0,0,2,15
2024010494714,2024,010494714,543723,183695,0.07074,51.53387,2,2,5,14:52,-1,E09000025,3,0,1,0,2,19,5,1,0,0,0,1,0,0,0,0,1,2,15
2024010494723,2024,010494723,537260,188996,-0.02031,51.58311,3,3,5,14:09,-1,E09000031,5,0,1,0,1,8,5,6,0,0,0,0,0,0,1,0,0,2,15
2024010494728,2024,010494728,518596,183810,-0.2913,51.54074,3,3,4,15:42,-1,E09000005,6,0,1,0,1,1,9,9,99,9,99,0,0,0,1,0,1,2,14
2024010494735,2024,010494735,531521,172967,-0.10907,51.44044,3,3,5,17:31,-1,E09000022,3,2,1,0,1,"[13, 3]",7,3,0,0,0,1,0,1,0,0,0,2,15
2024010494738,2024,010494738,528231,167162,-0.15847,51.38902,3,3,5,16:10,-1,E09000024,3,0,1,0,1,"[9, 19]","[1, 5]","[6, 1]",0,0,0,1,1,0,0,0,0,2,15
2024010494744,2024,010494744,544479,190295,0.08434,51.59298,3,3,5,18:46,-1,E09000026,3,2,1,0,1,"[19, 3]",5,1,0,0,0,1,0,1,0,0,0,2,15
2024010494745,2024,010494745,536008,165815,-0.04729,51.37511,2,2,5,21:09,-1,E09000008,3,2,1,1,1,19,2,6,0,0,0,0,0,1,0,0,1,2,15
2024010494746,2024,010494746,534568,177316,-0.0636,51.4788,3,3,5,15:05,-1,E09000028,5,0,1,0,1,"[8, 19]","[1, 3]","[3, 7]",0,0,0,1,0,0,0,0,0,2,15
2024010494747,2024,010494747,506748,180823,-0.46298,51.51625,2,2,5,20:22,-1,E09000017,6,2,1,1,1,19,"[1, 7]","[5, 3]",0,0,0,1,1,0,0,0,0,2,15
2024010494749,2024,010494749,530947,175765,-0.11629,51.46571,2,"[3, 2]",5,19:43,-1,E09000022,3,2,1,0,1,"[5, 19]","[3, 7]","[7, 3]",0,0,0,0,1,1,0,0,0,2,15
2024010494752,2024,010494752,553342,182577,0.20883,51.5213,3,3,5,19:35,-1,E09000016,5,2,9,1,1,"[19, 3]",1,5,0,0,0,1,0,1,0,0,0,2,15
2024010494754,2024,010494754,518549,179457,-0.29344,51.50163,2,2,5,14:10,-1,E09000009,4,0,1,0,1,"[10, 19]","[5, 7]",3,0,0,0,1,0,0,0,0,0,2,15
2024010494757,2024,010494757,519586,185819,-0.27635,51.55859,3,3,4,08:46,-1,E09000005,5,0,1,0,1,19,7,3,99,9,0,0,0,1,0,0,1,2,14
2024010494760,2024,010494760,535861,176587,-0.04527,51.47194,3,3,5,19:25,-1,E09000023,6,2,1,0,1,19,3,7,0,0,0,1,0,0,0,0,1,2,15
2024010494767,2024,010494767,550352,174502,0.16233,51.44955,3,3,5,16:15,-1,E09000004,3,0,1,0,1,19,3,7,0,0,0,1,0,0,0,0,1,2,15
2024010494768,2024,010494768,520665,185077,-0.26105,51.55169,3,3,6,22:15,-1,E09000005,3,2,1,0,1,19,"[5, 3]","[1, 7]",0,0,0,1,0,0,0,0,0,2,16
2024010494769,2024,010494769,524405,186817,-0.20652,51.56651,3,3,5,23:45,-1,E09000003,3,2,1,0,1,"[9, 19]","[3, 7]",1,0,0,0,1,1,0,0,0,0,2,15
2024010494770,2024,010494770,512765,172050,-0.37909,51.43624,3,3,5,14:10,-1,E09000018,3,0,1,0,1,"[11, 19]","[2, 5]","[6, 1]","[0, 10]",0,0,1,0,1,0,0,0,2,15
2024010494773,2024,010494773,530073,180270,-0.1272,51.5064,3,3,3,23:45,-1,E09000033,3,2,1,1,1,99,9,9,99,9,99,1,0,0,0,0,1,2,13
2024010494774,2024,010494774,511025,172334,-0.40403,51.43913,3,3,5,15:56,-1,E09000018,6,0,1,0,1,"[13, 2]","[5, 0]","[1, 0]","[4, 0]","[7, 0]",0,1,0,0,0,0,0,2,15
2024010494775,2024,010494775,529420,180997,-0.13634,51.51308,3,3,5,22:30,-1,E09000033,5,2,1,0,1,19,1,5,0,0,0,1,0,0,0,0,1,2,15
2024010494776,2024,010494776,532531,177919,-0.09269,51.4847,3,3,5,23:37,-1,E09000028,6,2,1,0,1,99,9,9,99,9,99,1,0,1,0,0,0,2,15
2024010494780,2024,010494780,529780,180718,-0.13126,51.51049,3,3,6,04:45,-1,E09000033,3,2,2,1,1,99,9,9,0,0,0,1,0,0,0,0,1,2,16
2024010494781,2024,010494781,530998,181998,-0.11324,51.52172,3,3,4,21:44,-1,E09000007,3,2,1,0,1,"[19, 9]","[7, 3]","[3, 1]",0,0,0,1,0,0,0,0,0,2,14
2024010494784,2024,010494784,540591,170999,0.02057,51.42058,3,3,6,07:40,-1,E09000006,3,0,2,1,1,"[5, 19, 2]","[0, 1]","[1, 5, 0]",0,"[1, 0]",0,1,0,0,0,0,0,2,16
2024010494785,2024,010494785,513392,186268,-0.36551,51.5639,3,3,5,18:49,-1,E09000015,5,2,1,1,1,99,9,9,99,9,99,1,0,0,0,0,1,2,15
2024010494786,2024,010494786,532521,176732,-0.09328,51.47404,3,3,6,05:05,-1,E09000028,3,2,2,1,1,99,9,9,99,9,99,0,1,0,0,0,0,2,16
2024010494791,2024,010494791,525562,186417,-0.18998,51.56266,3,3,6,07:15,-1,E09000007,5,0,1,1,1,"[9, 19]","[5, 3]","[3, 7]",0,0,0,0,1,0,1,0,0,2,16
2024010494794,2024,010494794,541043,168199,0.02595,51.3953,3,3,6,09:40,-1,E09000006,3,0,1,1,1,"[19, 7]","[5, 1]","[1, 3]",0,0,0,1,0,0,0,0,0,2,16
2024010494797,2024,010494797,524024,175243,-0.21608,51.46258,3,3,6,09:00,-1,E09000032,3,0,1,1,1,"[19, 7]",1,"[5, 3]",0,0,0,0,1,1,0,0,0,2,16
2024010494803,2024,010494803,541433,189017,0.03989,51.58227,3,3,6,09:21,-1,E09000026,3,0,1,0,2,"[4, 19]",5,1,0,0,0,1,0,0,0,0,0,2,16
2024010494806,2024,010494806,524891,184312,-0.2004,51.54389,3,3,6,09:50,-1,E09000007,3,0,1,0,1,"[9, 7]",7,"[5, 8]",10,0,0,1,0,1,0,0,0,2,16
2024010494809,2024,010494809,534925,185895,-0.05518,51.55581,3,3,6,06:30,-1,E09000012,3,2,9,1,1,"[9, 19]","[1, 5]","[7, 1]",0,0,0,1,0,0,0,1,0,2,16
2024010494813,2024,010494813,532897,186082,-0.08435,51.55797,3,3,6,07:50,-1,E09000012,6,0,1,1,1,"[19, 2]","[1, 0, 5]","[5, 0, 1]",0,0,0,1,0,0,0,0,0,2,16
2024010494814,2024,010494814,523644,185602,-0.21792,51.55576,3,3,2,20:30,-1,E09000005,6,2,9,-1,1,99,9,9,99,9,99,1,0,1,0,0,0,2,12
2024010494817,2024,010494817,529135,191862,-0.13646,51.61079,2,2,6,09:25,-1,E09000010,3,0,1,0,1,"[19, 4]",2,6,0,0,0,1,0,1,0,0,0,2,16
2024010494819,2024,010494819,506932,181940,-0.45999,51.52626,2,2,6,21:15,-1,E09000017,5,2,1,0,1,99,9,9,0,0,0,0,0,1,0,0,1,2,2
2024010494823,2024,010494823,529417,186844,-0.13424,51.56563,3,3,5,16:20,-1,E09000019,3,0,9,-1,1,99,9,9,99,9,99,1,0,1,0,0,0,2,15
2024010494826,2024,010494826,533568,185286,-0.07497,51.55066,3,3,4,18:10,-1,E09000012,5,2,9,-1,1,7,1,2,0,0,0,1,0,0,0,0,1,2,14
2024010494830,2024,010494830,534671,185172,-0.05912,51.54938,3,3,6,09:20,-1,E09000012,3,0,1,0,1,19,1,5,0,0,0,0,0,0,1,0,0,2,16
2024010494832,2024,010494832,552756,188473,0.20295,51.57443,3,3,6,11:30,-1,E09000016,5,0,1,0,1,4,3,7,0,0,0,1,0,0,0,0,0,2,16
2024010494834,2024,010494834,518990,169463,-0.29045,51.41171,2,2,5,18:27,-1,E09000021,3,2,1,0,1,99,9,9,99,9,99,1,1,0,0,0,0,2,15
2024010494836,2024,010494836,518240,187739,-0.29511,51.57612,3,3,6,07:10,-1,E09000005,5,0,1,0,1,"[19, 5]","[5, 7]","[1, 3]",0,0,0,1,0,1,0,0,0,2,16
2024010494837,2024,010494837,518027,191243,-0.29701,51.60766,3,3,6,11:30,-1,E09000015,6,0,1,0,1,7,1,2,0,0,0,1,0,0,0,0,1,2,16
2024010494844,2024,010494844,542693,174364,0.05213,51.45029,3,3,6,11:26,-1,E09000011,3,0,1,0,1,"[19, 6]","[7, 3]",3,0,0,0,1,0,1,0,0,0,2,16
2024010494849,2024,010494849,522387,182789,-0.23702,51.53075,2,2,6,12:03,-1,E09000013,3,0,1,0,1,"[19, 9]","[1, 5]","[5, 2]",0,0,0,1,0,1,0,0,0,2,16
2024010494853,2024,010494853,531444,183149,-0.10639,51.53196,2,2,6,10:25,-1,E09000019,3,0,1,0,1,7,7,1,"[0, 10]",0,0,1,1,0,0,0,0,2,16
2024010494854,2024,010494854,532535,187493,-0.08903,51.57074,3,3,6,12:38,-1,E09000012,5,0,1,0,1,19,1,5,0,0,0,1,1,0,0,0,0,2,16
2024010494855,2024,010494855,534658,186744,-0.05871,51.5635,3,3,6,09:45,-1,E09000012,3,0,1,0,1,99,9,9,99,9,99,1,1,0,0,0,0,2,16
2024010494856,2024,010494856,529079,181886,-0.14093,51.52115,3,3,6,11:34,-1,E09000033,6,0,1,0,1,"[1, 4]",7,3,0,0,0,1,0,1,0,0,0,2,16
2024010494862,2024,010494862,537982,175766,-0.01507,51.46405,3,3,6,13:49,-1,E09000023,6,0,1,0,1,"[4, 1]",5,1,0,0,0,1,1,0,0,0,0,2,16
2024010494864,2024,010494864,533250,173174,-0.08413,51.44189,3,3,6,14:50,-1,E09000028,3,0,9,0,1,4,5,1,0,0,0,0,0,0,1,0,0,2,16
2024010494865,2024,010494865,531875,168090,-0.10579,51.39653,3,3,5,15:09,-1,E09000008,4,0,1,0,1,99,9,9,99,9,99,1,0,1,0,0,0,2,15
2024010494868,2024,010494868,529573,174468,-0.13653,51.45437,3,3,5,17:00,-1,E09000022,6,0,1,0,1,99,9,9,99,9,99,1,0,1,0,0,0,2,15
2024010494869,2024,010494869,524097,185605,-0.21139,51.55569,3,3,6,13:21,-1,E09000007,6,0,1,0,1,"[19, 9]","[1, 3]","[5, 1]",0,"[0, 1]",0,1,0,1,0,0,0,2,16
2024010494871,2024,010494871,532216,184865,-0.09462,51.5472,3,3,2,11:32,-1,E09000019,3,2,1,1,1,99,9,9,99,9,99,0,0,1,0,0,0,2,12
2024010494875,2024,010494875,532396,160258,-0.10122,51.32602,3,3,3,10:39,-1,E09000008,3,0,2,1,1,99,9,9,99,9,99,0,0,0,0,0,0,2,13
2024010494881,2024,010494881,541998,183633,0.04586,51.53375,3,3,3,17:42,-1,E09000025,5,2,1,1,1,99,9,9,99,9,99,1,0,0,0,0,0,2,13
2024010494887,2024,010494887,530596,182644,-0.11879,51.52761,2,2,6,12:37,-1,E09000007,3,0,1,0,1,15,1,5,0,0,0,0,1,0,0,0,1,2,16
2024010494889,2024,010494889,520869,192828,-0.25544,51.6213,3,3,5,12:20,-1,E09000003,3,0,8,0,1,99,9,9,99,9,99,1,0,0,0,0,0,2,15
2024010494898,2024,010494898,513769,191071,-0.35852,51.60699,3,3,6,17:10,-1,E09000015,5,2,1,0,1,1,3,7,0,0,0,1,0,0,0,0,1,2,16
2024010494899,2024,010494899,525987,163006,-0.19218,51.35217,3,3,6,16:45,-1,E09000029,4,0,1,0,1,99,9,9,99,9,99,1,0,0,0,0,0,2,16
2024010494902,2024,010494902,534097,186963,-0.06671,51.56561,3,3,6,11:55,-1,E09000012,5,0,9,-1,1,99,9,9,99,9,99,1,0,1,0,0,0,2,16
2024010494907,2024,010494907,538909,180963,0.0003,51.51053,3,3,6,16:00,-1,E09000030,3,0,1,0,1,19,"[1, 3]","[5, 7]",0,0,0,1,1,0,0,0,0,2,16
2024010494911,2024,010494911,536950,181232,-0.0278,51.51342,3,3,6,17:43,-1,E09000030,3,2,1,0,1,99,9,9,99,9,99,1,0,0,0,0,1,2,16
2024010494914,2024,010494914,538705,171556,-0.00632,51.42605,3,3,6,16:24,-1,E09000023,3,0,1,1,1,"[5, 19]","[3, 8]","[7, 4]",0,0,0,1,0,0,0,1,0,2,16
2024010494922,2024,010494922,534387,192390,-0.06045,51.61431,3,3,6,19:11,-1,E09000010,3,2,1,0,1,"[4, 19]",7,3,0,0,0,1,0,1,0,0,0,2,16
2024010494926,2024,010494926,536378,192175,-0.0318,51.61189,3,3,6,19:22,-1,E09000031,6,2,1,0,1,3,8,4,10,0,0,1,0,0,0,0,0,2,16
2024010494927,2024,010494927,534785,181333,-0.05894,51.51485,3,3,4,09:40,-1,E09000030,3,0,9,-1,1,99,9,9,99,9,99,1,0,0,0,0,0,2,14
2024010494932,2024,010494932,530236,172432,-0.12774,51.43593,3,3,6,17:40,-1,E09000022,3,2,1,0,1,"[9, 19]","[7, 3]","[4, 7]",0,0,0,1,0,1,0,0,0,2,16
2024010494934,2024,010494934,536375,196875,-0.03001,51.65413,3,3,6,21:45,-1,E09000010,6,2,1,0,1,"[19, 9]","[5, 4]",1,0,0,0,1,0,0,0,0,0,2,16
2024010494935,2024,010494935,539627,187754,0.01334,51.57137,3,3,6,14:01,-1,E09000031,6,0,1,0,1,5,0,1,0,0,0,1,0,0,0,0,0,2,16
2024010494937,2024,010494937,537562,194485,-0.0138,51.63236,3,3,6,18:02,-1,E09000031,3,2,1,0,1,"[9, 19]","[4, 1]","[1, 6]",0,0,0,1,0,1,0,0,0,2,16
2024010494939,2024,010494939,520580,189873,-0.26063,51.59481,3,3,6,22:17,-1,E09000005,3,2,9,0,1,"[9, 19]","[2, 3]",7,0,0,0,1,0,1,0,0,0,2,16
2024010494940,2024,010494940,535237,177843,-0.05377,51.48338,3,3,6,11:15,-1,E09000028,5,0,1,0,1,99,9,9,99,9,99,1,0,0,0,0,0,2,16
2024010494941,2024,010494941,537232,183273,-0.02295,51.53169,3,3,6,17:45,-1,E09000030,4,2,1,0,1,"[19, 2]","[1, 0]","[5, 0]","[4, 0]",0,0,1,0,0,0,0,0,2,16
2024010494942,2024,010494942,520737,183912,-0.26041,51.5412,3,3,6,18:15,-1,E09000005,3,2,1,0,1,4,3,7,0,0,0,0,0,0,1,0,0,2,16
2024010494943,2024,010494943,511852,180583,-0.38953,51.51311,2,2,6,21:30,-1,E09000009,3,2,1,0,1,19,7,3,0,0,0,1,0,0,0,0,1,2,16
2024010494949,2024,010494949,523483,188771,-0.21913,51.58428,3,3,6,23:34,-1,E09000003,3,2,9,0,1,9,1,7,0,0,0,1,0,0,0,0,1,2,16
2024010494950,2024,010494950,535188,181598,-0.05304,51.51713,3,3,6,23:30,-1,E09000030,5,2,1,0,1,"[9, 3]","[5, 3]","[3, 7]",0,0,0,1,1,0,0,0,0,2,16
2024010494952,2024,010494952,521220,177930,-0.2555,51.48734,3,3,6,17:32,-1,E09000018,3,2,9,-1,1,99,9,9,99,9,99,1,0,0,0,0,0,2,16
2024010494953,2024,010494953,537944,176762,-0.01523,51.47301,3,3,6,21:51,-1,E09000011,3,2,1,0,1,"[9, 19]","[5, 1]","[3, 5]",0,0,0,1,0,1,0,0,0,2,16
2024010494955,2024,010494955,522628,183593,-0.23326,51.53793,3,3,7,00:46,-1,E09000005,6,2,1,0,1,4,1,5,0,0,0,0,0,1,0,0,0,2,17
2024010494957,2024,010494957,539392,173716,0.0044,51.44529,3,3,6,18:45,-1,E09000023,3,2,1,0,1,"[19, 9]","[7, 3]","[3, 1]",0,0,0,1,1,0,0,0,0,2,16
2024010494962,2024,010494962,525308,175075,-0.19767,51.46079,3,3,6,23:20,-1,E09000032,6,2,1,1,1,5,0,5,0,0,0,1,0,0,0,0,1,2,16
2024010494963,2024,010494963,525769,163899,-0.19499,51.36025,3,3,7,02:10,-1,E09000029,3,2,1,0,1,19,5,1,0,1,4,1,0,0,0,0,0,2,17
2024010494964,2024,010494964,534805,180746,-0.05888,51.50957,2,"[3, 2]",7,02:30,-1,E09000030,3,2,1,0,1,"[19, 9]","[3, 7]","[7, 6]",0,1,"[11, 0]",1,0,0,0,0,0,2,17
2024010494965,2024,010494965,530474,176735,-0.12273,51.47454,2,2,6,23:16,-1,E09000022,3,2,1,0,1,"[10, 3]",7,"[5, 3]",0,0,0,1,1,0,0,0,0,2,16
2024010494969,2024,010494969,519116,179415,-0.28529,51.50113,3,3,7,04:10,-1,E09000009,3,2,1,0,1,3,5,1,0,0,0,0,0,1,0,0,0,2,17
2024010494970,2024,010494970,526674,177345,-0.1772,51.48089,3,3,7,03:45,-1,E09000020,3,2,1,0,2,19,"[6, 2]","[2, 6]",0,0,0,1,0,0,0,0,0,2,17
2024010494971,2024,010494971,533620,188255,-0.0731,51.57733,2,2,6,22:38,-1,E09000014,3,2,1,0,1,19,5,1,0,0,0,1,0,0,0,0,1,2,16
2024010494973,2024,010494973,526936,177489,-0.17338,51.48212,3,3,5,18:38,-1,E09000020,3,2,1,0,1,99,9,9,99,9,99,1,1,0,0,0,0,2,15
2024010494974,2024,010494974,531183,177578,-0.11222,51.48195,2,2,3,18:00,-1,E09000022,3,2,2,1,1,99,9,9,99,9,99,0,0,0,0,0,1,2,13
2024010494975,2024,010494975,532951,182821,-0.0848,51.52866,3,3,7,03:00,-1,E09000012,6,2,1,1,1,"[2, 19]","[0, 3]","[0, 7]","[0, 4]",0,0,1,0,0,0,0,0,2,17
2024010494981,2024,010494981,521789,169766,-0.25012,51.41384,3,3,6,18:27,-1,E09000021,3,2,1,0,1,99,9,9,99,9,99,1,0,0,0,0,0,2,16
2024010494982,2024,010494982,542502,175505,0.04984,51.46059,3,3,6,19:40,-1,E09000011,3,2,1,0,1,99,9,9,99,9,99,1,0,0,0,0,0,2,16
2024010494987,2024,010494987,533205,182539,-0.08125,51.52606,3,3,6,12:05,-1,E09000012,6,0,1,0,1,99,9,9,99,9,99,1,1,0,0,0,0,2,16
2024010494989,2024,010494989,524327,187049,-0.20756,51.56862,3,3,7,09:30,-1,E09000003,3,0,2,1,1,"[12, 19]",1,5,0,0,0,1,0,0,0,0,0,2,17
2024010494994,2024,010494994,511527,176377,-0.39553,51.47537,3,3,7,00:20,-1,E09000018,3,2,9,-1,1,99,9,9,99,9,99,1,0,1,0,0,0,2,17
2024010494998,2024,010494998,522432,190639,-0.23364,51.60129,3,3,7,00:01,-1,E09000003,3,2,8,0,1,99,9,9,99,9,99,1,0,0,0,0,0,2,17
2024010495000,2024,010495000,534800,185046,-0.05731,51.54821,3,3,5,17:20,-1,E09000012,3,2,9,-1,1,99,9,9,99,9,99,1,0,1,0,0,0,2,15
2024010495001,2024,010495001,522902,184904,-0.22886,51.54965,3,3,6,19:55,-1,E09000005,6,2,9,-1,1,99,9,9,99,9,99,1,0,1,0,0,0,2,16
2024010495002,2024,010495002,524864,182118,-0.20156,51.52418,3,3,7,10:49,-1,E09000033,3,0,1,1,1,19,3,7,0,0,0,0,0,1,0,0,1,2,17
2024010495003,2024,010495003,531171,167662,-0.11606,51.39284,3,3,6,11:37,-1,E09000008,3,0,1,0,1,99,9,9,99,9,99,1,0,1,0,0,0,2,16
2024010495007,2024,010495007,536673,171760,-0.03545,51.42837,3,3,7,12:50,-1,E09000023,3,0,1,0,1,19,3,7,0,0,0,1,0,1,0,0,0,2,17
2024010495013,2024,010495013,548887,176499,0.1421,51.46788,3,3,7,11:40,-1,E09000004,5,0,1,0,1,19,"[2, 4]","[6, 8]",0,"[1, 0]",0,1,0,0,0,0,0,2,17
2024010495016,2024,010495016,526760,169807,-0.17866,51.41312,2,2,7,15:00,-1,E09000024,3,0,9,-1,1,4,5,1,0,0,0,1,0,0,0,0,1,2,10
2024010495018,2024,010495018,525708,178441,-0.19071,51.49095,3,3,7,13:40,-1,E09000020,6,0,1,0,1,"[5, 19]","[1, 6]","[5, 2]",0,0,0,1,1,0,0,0,0,2,17
2024010495019,2024,010495019,529170,177280,-0.1413,51.47974,3,3,7,13:40,-1,E09000032,3,0,1,0,1,4,5,1,0,0,0,0,0,0,1,0,1,2,17
2024010495020,2024,010495020,527288,184539,-0.16577,51.5454,3,3,7,13:20,-1,E09000007,6,0,1,0,1,19,"[1, 3]","[5, 7]",0,0,0,1,1,0,0,0,0,2,17
2024010495021,2024,010495021,521204,185962,-0.25297,51.55953,3,3,7,12:08,-1,E09000005,3,0,2,1,1,99,9,9,99,9,99,1,0,0,0,0,0,2,17
2024010495023,2024,010495023,543922,186588,0.07479,51.55982,3,3,7,14:00,-1,E09000026,6,0,1,0,1,"[19, 15]",3,7,0,0,0,1,0,0,0,0,0,2,17
2024010495027,2024,010495027,549010,183666,0.1469,51.53224,3,3,7,09:52,-1,E09000002,6,0,1,0,1,19,3,7,0,0,0,1,0,0,0,0,1,2,17
2024010495033,2024,010495033,521681,183321,-0.24701,51.53569,3,3,6,16:00,-1,E09000005,3,0,9,-1,1,99,9,9,99,9,99,1,0,0,0,0,1,2,9
2024010495041,2024,010495041,509301,184501,-0.42506,51.54882,3,3,7,14:25,-1,E09000017,3,0,1,0,1,"[19, 11]",3,7,0,1,"[0, 11]",1,0,1,0,0,0,2,17
2024010495042,2024,010495042,520810,190620,-0.25705,51.60147,2,2,7,15:10,-1,E09000003,6,0,1,0,1,"[19, 5]",5,1,0,0,0,1,0,1,0,0,0,2,17
2024010495054,2024,010495054,543175,176612,0.05997,51.47037,2,2,7,12:40,-1,E09000011,3,0,1,0,1,99,9,9,99,9,99,1,0,0,0,0,0,2,17
2024010495061,2024,010495061,523796,179888,-0.21773,51.50438,3,3,7,18:35,-1,E09000013,3,2,1,0,1,9,3,1,0,0,0,0,0,0,1,0,0,2,17
2024010495066,2024,010495066,524896,181676,-0.20126,51.5202,3,3,7,15:10,-1,E09000033,6,0,1,0,1,99,9,9,99,9,99,1,0,0,0,0,1,2,10
2024010495068,2024,010495068,553264,190410,0.21112,51.5917,3,3,7,18:20,-1,E09000016,3,2,2,1,1,19,5,1,0,0,0,1,0,0,0,0,1,2,17
2024010495070,2024,010495070,549914,182575,0.15946,51.5222,3,3,7,18:30,-1,E09000002,3,2,1,0,1,"[11, 19]",3,7,0,0,0,1,0,0,0,0,0,2,17
2024010495077,2024,010495077,527574,181548,-0.16273,51.51845,3,3,7,21:03,-1,E09000033,5,2,2,1,1,19,"[7, 5]","[3, 1]","[0, 7]",0,0,1,0,0,0,0,0,2,17
2024010495078,2024,010495078,530875,190362,-0.1119,51.59691,3,3,7,21:05,-1,E09000014,5,2,2,1,1,"[9, 19]","[6, 2]","[5, 6]",0,0,0,1,0,1,0,0,0,2,17
2024010495079,2024,010495079,537677,182947,-0.01666,51.52866,2,2,7,16:00,-1,E09000030,3,0,1,-1,1,99,9,9,0,0,0,1,0,1,0,0,0,2,17
2024010495081,2024,010495081,535017,200140,-0.04837,51.6838,3,3,6,21:40,-1,E09000010,3,2,1,0,2,99,9,9,99,9,99,1,0,1,0,0,0,2,16
2024010495084,2024,010495084,530875,179625,-0.11589,51.50042,3,3,7,22:10,-1,E09000022,3,2,2,1,1,19,"[3, 5]","[7, 1]",0,0,0,1,1,0,0,0,0,2,17
2024010495088,2024,010495088,526951,181831,-0.1716,51.52114,3,3,7,20:37,-1,E09000033,3,2,2,1,1,"[1, 14]",1,5,0,0,0,1,0,1,0,0,0,2,17
2024010495089,2024,010495089,543000,177830,0.05795,51.48136,2,2,7,21:30,-1,E09000011,5,2,2,1,1,19,3,7,0,0,0,1,0,0,0,0,1,2,17
2024010495091,2024,010495091,521392,183688,-0.25104,51.53905,3,3,7,22:39,-1,E09000005,3,2,2,1,1,19,3,7,0,0,0,1,0,0,0,0,1,2,17
2024010495093,2024,010495093,524916,177833,-0.20233,51.48566,3,3,7,21:35,-1,E09000013,3,2,2,1,1,4,3,7,0,0,0,0,0,1,0,0,1,2,17
2024010495096,2024,010495096,542156,177904,0.04583,51.48223,3,3,7,08:15,-1,E09000011,4,0,2,1,1,99,9,9,99,9,99,1,0,0,0,0,0,2,10
2024010495104,2024,010495104,543615,178419,0.06704,51.48649,3,3,7,22:45,-1,E09000011,6,2,2,1,1,"[5, 19]","[7, 5]","[3, 1]",0,0,0,1,0,1,0,0,0,2,17
2024010495105,2024,010495105,541434,177679,0.03535,51.48039,3,3,7,00:53,-1,E09000011,4,2,2,1,1,"[19, 2, 4]","[7, 0]","[3, 0]","[4, 0, 10]","[0, 1]","[0, 2]",1,0,0,0,0,0,2,17
2024010495108,2024,010495108,530133,168391,-0.13071,51.39963,3,3,7,20:30,-1,E09000024,5,2,2,1,1,"[10, 19]","[1, 2]",6,0,0,0,1,0,1,0,0,0,2,17
2024010495110,2024,010495110,506425,181153,-0.46753,51.51928,2,2,7,22:56,-1,E09000017,6,2,2,1,1,5,3,7,0,0,0,0,0,0,1,0,1,2,17
2024010495114,2024,010495114,544816,184742,0.08692,51.543,3,3,1,00:49,-1,E09000002,3,2,2,1,1,19,3,7,10,0,0,1,0,0,0,0,0,2,18
2024010495119,2024,010495119,542652,182069,0.05465,51.51953,3,3,1,04:45,-1,E09000025,3,2,2,1,1,19,7,3,0,0,0,1,0,0,0,0,0,2,18
2024010495123,2024,010495123,526367,180680,-0.18043,51.51093,2,2,1,05:28,-1,E09000033,3,2,2,1,1,5,1,5,0,0,0,0,0,1,0,0,0,2,18
2024010495131,2024,010495131,510416,178251,-0.41094,51.49243,3,3,1,08:16,-1,E09000018,1,2,2,1,1,19,7,3,"[10, 0]",0,0,1,0,0,0,0,0,2,18
2024010495138,2024,010495138,520399,177937,-0.26732,51.48757,3,3,6,14:05,-1,E09000018,3,0,1,0,1,99,9,9,99,9,99,0,1,0,1,0,0,2,16
2024010495139,2024,010495139,529450,170111,-0.13989,51.41525,3,3,5,18:11,-1,E09000022,4,0,1,0,1,99,9,9,99,9,99,1,0,1,0,0,0,2,15
2024010495141,2024,010495141,529347,176247,-0.13913,51.47041,3,3,7,12:01,-1,E09000022,3,0,1,0,1,"[7, 19]",9,9,99,9,99,0,1,0,1,0,0,2,17
2024010495147,2024,010495147,529753,163925,-0.13779,51.35958,3,3,1,01:38,-1,E09000029,4,2,2,1,1,99,9,9,99,9,99,1,0,0,0,0,0,2,18