collision_index,collision_year,collision_ref_no,location_easting_osgr,location_northing_osgr,longitude,latitude,casualty_severity,casualty_severity,day_of_week,time,local_authority_district,local_authority_ons_district,first_road_class,light_conditions,weather_conditions,road_surface_conditions,urban_or_rural_area,vehicle_manoeuvre,vehicle_direction_from,vehicle_direction_to,hit_object_in_carriageway,vehicle_leaving_carriageway,hit_object_off_carriageway,is_car,is_cyle,is_mcyle,is_goodsv,is_other,is_pedestrian,month,day
2024010495714,2024,010495714,533702,192406,-0.07033,51.61461,3,3,4,15:09,-1,E09000010,3,0,1,1,1,"[9, 19]","[5, 3]","[3, 7]",0,0,0,1,0,0,0,0,0,2,21
2024010495717,2024,010495717,530454,176505,-0.12311,51.47248,3,3,4,14:29,-1,E09000022,3,0,9,-1,1,99,9,9,99,9,99,1,1,0,0,0,0,2,21
2024010495719,2024,010495719,527883,179316,-0.15909,51.49833,3,3,3,17:10,-1,E09000020,3,2,9,-1,1,99,9,9,99,9,99,1,0,1,0,0,0,2,20
2024010495722,2024,010495722,521826,183365,-0.2449,51.53605,3,3,4,15:00,-1,E09000005,3,0,4,1,1,"[19, 5]","[7, 3]","[3, 7]",0,0,0,1,0,1,0,0,0,2,21
2024010495724,2024,010495724,530693,169501,-0.12225,51.40948,3,3,3,14:17,-1,E09000008,3,0,1,0,1,99,9,9,99,9,99,1,0,1,0,0,0,2,20
2024010495725,2024,010495725,544373,184119,0.08028,51.53752,3,3,4,08:59,-1,E09000002,6,0,2,1,1,14,5,1,11,0,0,0,0,0,0,1,1,2,21
2024010495729,2024,010495729,528429,178079,-0.15167,51.48709,3,3,3,17:29,-1,E09000033,3,2,1,0,1,99,9,9,99,9,99,0,1,0,0,0,0,2,20
2024010495732,2024,010495732,533235,173171,-0.08434,51.44187,3,3,4,07:45,-1,E09000028,3,0,2,1,1,99,9,9,99,9,99,1,1,0,0,0,0,2,21
2024010495738,2024,010495738,532275,180193,-0.09552,51.5052,2,2,1,00:04,-1,E09000028,3,2,9,1,1,99,9,9,99,9,99,0,1,0,0,0,0,2,4
2024010495742,2024,010495742,542394,185207,0.0522,51.5478,3,3,4,14:12,-1,E09000025,6,0,2,1,1,"[15, 9]",1,"[5, 6]","[0, 10]","[2, 0]","[4, 0]",1,0,0,0,0,0,2,21
2024010495749,2024,010495749,526292,191951,-0.17746,51.61223,2,2,4,16:44,-1,E09000003,3,2,2,1,1,5,0,1,0,0,0,1,0,0,0,0,1,2,21
2024010495752,2024,010495752,514642,172764,-0.35187,51.44228,3,3,4,15:57,-1,E09000027,3,0,9,0,1,19,1,5,0,0,0,1,0,0,0,0,1,2,21
2024010495753,2024,010495753,532858,188615,-0.08395,51.58074,3,3,4,08:45,-1,E09000014,4,0,9,-1,1,99,9,9,99,9,99,1,0,0,0,0,1,2,21
2024010495761,2024,010495761,540124,173572,0.01487,51.44381,2,2,4,11:45,-1,E09000023,3,0,2,1,1,99,9,9,99,9,99,1,0,0,0,0,1,2,21
2024010495763,2024,010495763,538242,180622,-0.00943,51.50763,3,3,4,14:50,-1,E09000030,3,0,2,1,1,7,8,2,0,0,0,1,0,0,0,0,0,2,21
2024010495768,2024,010495768,529969,171682,-0.13186,51.42925,3,3,4,14:00,-1,E09000022,3,0,2,1,1,5,4,8,0,7,10,1,0,0,0,0,0,2,21
2024010495774,2024,010495774,520375,181201,-0.26655,51.51691,2,2,4,18:45,-1,E09000009,3,2,2,1,1,99,9,9,99,9,99,1,0,1,0,0,0,2,21
2024010495778,2024,010495778,516729,192201,-0.31542,51.61654,3,3,4,18:15,-1,E09000015,3,0,1,0,1,9,3,1,0,0,0,1,0,0,0,0,1,2,21
2024010495783,2024,010495783,529929,181075,-0.12898,51.51367,3,3,4,14:22,-1,E09000007,3,0,2,1,1,19,6,2,0,0,0,1,0,0,0,0,1,2,21
2024010495785,2024,010495785,517741,180655,-0.30468,51.51256,3,3,4,19:50,-1,E09000009,4,2,1,0,1,19,1,5,0,0,0,0,0,1,0,0,1,2,21
2024010495791,2024,010495791,537037,163850,-0.03327,51.3572,3,3,4,19:40,-1,E09000008,3,2,2,1,1,"[3, 4]",6,2,"[0, 4]",0,0,1,0,0,0,0,0,2,21
2024010495793,2024,010495793,538926,186752,0.00283,51.56254,3,3,4,00:44,-1,E09000031,3,2,1,0,1,19,7,3,"[0, 10]","[0, 2]","[0, 11]",1,0,0,0,0,0,2,21
2024010495798,2024,010495798,542648,183655,0.05524,51.53379,3,3,4,03:30,-1,E09000025,6,0,9,0,1,99,9,9,99,9,99,1,0,0,0,0,0,2,21
2024010495799,2024,010495799,520634,185190,-0.26145,51.55271,2,2,4,18:01,-1,E09000005,4,2,1,1,1,"[19, 15]",1,5,0,"[0, 1]",0,1,0,1,0,0,0,2,21
2024010495804,2024,010495804,535457,194574,-0.04416,51.63367,3,3,4,17:15,-1,E09000010,6,0,2,1,1,99,9,9,99,9,99,1,0,1,0,0,0,2,21
2024010495809,2024,010495809,512383,172439,-0.38446,51.43981,3,3,4,11:05,-1,E09000018,6,0,2,1,1,99,9,9,99,9,99,1,0,0,0,0,0,2,21
2024010495811,2024,010495811,515008,184894,-0.34266,51.55122,3,3,4,20:50,-1,E09000009,6,2,1,0,1,99,9,9,99,9,99,1,0,0,0,0,0,2,21
2024010495820,2024,010495820,519676,192415,-0.2728,51.61785,3,3,4,23:40,-1,E09000003,3,2,1,1,1,19,7,3,10,7,11,1,0,0,0,0,0,2,21
2024010495822,2024,010495822,523008,178386,-0.2296,51.49105,3,3,4,21:45,-1,E09000013,3,2,1,1,1,"[12, 19]",7,3,0,0,0,1,0,0,0,0,0,2,21
2024010495823,2024,010495823,531469,183313,-0.10597,51.53342,3,3,4,22:40,-1,E09000019,3,2,1,1,1,1,5,1,0,0,0,1,0,0,0,0,1,2,21
2024010495827,2024,010495827,534537,196267,-0.0568,51.64911,3,3,4,21:19,-1,E09000010,3,2,2,1,1,"[3, 19]","[3, 7]","[7, 3]",0,"[0, 1]",0,1,0,0,0,0,0,2,21
2024010495829,2024,010495829,530057,178984,-0.12791,51.49485,2,2,4,22:34,-1,E09000033,4,2,1,0,1,19,5,1,"[11, 0]",0,0,0,1,0,0,0,0,2,21
2024010495830,2024,010495830,535236,182001,-0.05219,51.52074,3,3,5,01:21,-1,E09000030,3,2,1,0,1,"[19, 7]",7,"[3, 1]",0,0,0,1,1,0,0,0,0,2,22
2024010495833,2024,010495833,529970,182734,-0.12778,51.52857,3,3,5,02:59,-1,E09000007,3,2,1,0,1,19,7,3,0,0,0,1,0,0,0,0,1,2,22
2024010495835,2024,010495835,534376,197483,-0.05866,51.66007,3,3,5,05:36,-1,E09000010,3,2,1,1,1,"[19, 9]","[7, 3]","[3, 2]",0,0,0,1,0,1,0,0,0,2,22
2024010495839,2024,010495839,543488,185485,0.06808,51.55002,3,3,5,07:40,-1,E09000025,3,0,2,1,1,99,9,9,99,9,99,1,0,0,0,0,0,2,22
2024010495842,2024,010495842,528239,172698,-0.15636,51.43877,3,3,3,18:30,-1,E09000032,6,2,9,-1,1,99,9,9,99,9,99,1,0,1,0,0,0,2,20
2024010495847,2024,010495847,533872,179671,-0.07272,51.50013,3,3,4,17:57,-1,E09000028,3,0,2,0,1,99,9,9,99,9,99,1,1,0,0,0,0,2,21
2024010495848,2024,010495848,539199,172625,0.0012,51.43553,3,3,4,15:00,-1,E09000023,6,0,2,1,1,99,9,9,99,9,99,1,0,0,0,0,0,2,21
2024010495852,2024,010495852,531355,177901,-0.10962,51.48482,3,3,2,07:45,-1,E09000022,3,0,1,0,1,99,9,9,99,9,99,1,1,0,0,0,0,2,19
2024010495854,2024,010495854,529444,186813,-0.13386,51.56534,3,3,4,10:30,-1,E09000019,3,0,2,1,1,3,4,8,0,0,0,0,0,0,1,0,0,2,21
2024010495874,2024,010495874,530045,175467,-0.12937,51.46324,3,3,2,18:00,-1,E09000022,4,2,1,0,1,99,9,9,99,9,99,1,0,0,0,0,0,2,19
2024010495878,2024,010495878,533486,189558,-0.07453,51.58907,3,3,4,08:50,-1,E09000014,4,0,2,1,1,99,9,9,99,9,99,1,1,0,0,0,0,2,21
2024010495880,2024,010495880,526251,164969,-0.18769,51.36976,3,3,5,10:45,-1,E09000029,5,0,2,1,1,19,"[7, 3, 1]","[3, 7, 5]",0,0,0,1,0,0,0,0,0,2,22
2024010495884,2024,010495884,539785,165885,0.00697,51.37482,3,3,2,14:20,-1,E09000006,6,0,1,0,1,"[9, 19]","[3, 1]","[1, 5]",0,0,0,1,0,0,0,0,0,2,19
2024010495885,2024,010495885,526236,177620,-0.18341,51.48345,2,2,6,15:00,-1,E09000020,3,0,2,0,1,99,9,9,99,9,99,0,0,0,1,0,0,2,9
2024010495887,2024,010495887,526421,164323,-0.18548,51.36391,3,3,5,18:05,-1,E09000029,6,2,9,-1,1,99,9,9,99,9,99,1,0,0,0,0,1,2,15
2024010495888,2024,010495888,548987,186876,0.14792,51.56109,3,3,5,09:05,-1,E09000002,3,0,1,0,1,19,5,1,12,0,0,1,0,0,0,0,1,2,22
2024010495890,2024,010495890,526967,180986,-0.17167,51.51354,3,3,4,17:24,-1,E09000033,5,0,9,-1,1,19,"[7, 3]","[3, 7]",99,9,99,1,1,0,0,0,0,2,21
2024010495905,2024,010495905,544041,183691,0.07532,51.53376,3,3,5,07:19,-1,E09000002,3,0,2,1,1,19,5,1,0,0,0,1,0,0,0,0,1,2,22
2024010495907,2024,010495907,540193,183207,0.01969,51.53037,3,3,5,08:56,-1,E09000025,6,0,2,1,1,5,0,1,0,0,0,1,0,0,0,0,1,2,22
2024010495908,2024,010495908,527517,165149,-0.16945,51.37109,3,3,5,08:38,-1,E09000029,4,0,1,0,1,9,5,2,0,0,0,1,0,0,0,0,1,2,22
2024010495909,2024,010495909,526175,178443,-0.18399,51.49086,3,3,5,10:51,-1,E09000020,3,0,2,1,1,99,9,9,99,9,99,1,1,0,0,0,0,2,22
2024010495910,2024,010495910,530590,181606,-0.11926,51.51829,3,3,7,11:40,-1,E09000007,3,0,8,0,1,99,9,9,99,9,99,1,0,1,0,0,0,2,17
2024010495917,2024,010495917,516304,176721,-0.32667,51.4775,2,2,5,13:42,-1,E09000018,3,0,2,1,1,19,2,6,0,0,0,0,0,1,0,0,1,2,22
2024010495922,2024,010495922,534130,192529,-0.06411,51.61562,3,3,4,15:40,-1,E09000010,3,2,1,0,1,"[19, 7]",1,"[5, 3]",0,0,0,1,1,0,0,0,0,2,21
2024010495924,2024,010495924,517016,190068,-0.31199,51.59731,3,3,5,14:30,-1,E09000015,6,0,2,1,1,"[1, 19]","[7, 3]","[3, 7]",0,0,0,1,0,0,0,0,0,2,22
2024010495928,2024,010495928,531079,181776,-0.11216,51.5197,3,3,5,08:45,-1,E09000007,3,0,5,1,1,99,9,9,99,9,99,1,1,0,0,0,0,2,22
2024010495930,2024,010495930,533081,184012,-0.08248,51.53933,3,3,4,20:30,-1,E09000012,5,2,1,0,1,99,9,9,99,9,99,1,1,0,0,0,0,2,21
2024010495931,2024,010495931,509285,183225,-0.42568,51.53736,3,3,5,15:02,-1,E09000017,6,0,5,1,1,99,9,9,99,9,99,1,0,0,0,0,0,2,22
2024010495932,2024,010495932,541379,183219,0.03678,51.53019,3,3,4,16:20,-1,E09000025,3,0,9,-1,1,99,9,9,99,"[9, 0]","[99, 0]",1,0,0,0,0,0,2,21
2024010495938,2024,010495938,515818,178724,-0.33301,51.4956,3,3,4,19:04,-1,E09000018,1,2,2,1,1,99,9,9,99,9,99,1,0,0,0,0,0,2,21
2024010495941,2024,010495941,528383,195688,-0.14591,51.64534,3,3,4,12:20,-1,E09000010,3,0,2,1,1,99,9,9,99,9,99,1,0,0,0,0,1,2,21
2024010495942,2024,010495942,528544,177942,-0.15007,51.48583,3,3,3,08:30,-1,E09000033,3,0,1,0,2,99,9,9,99,9,99,0,1,0,0,0,0,2,20
2024010495943,2024,010495943,539122,184130,0.00462,51.53893,2,2,5,15:00,-1,E09000025,3,0,2,1,1,19,4,8,"[0, 10]",0,0,1,1,0,0,0,0,2,22
2024010495946,2024,010495946,509921,179905,-0.41755,51.50739,3,3,7,18:10,-1,E09000017,5,2,1,0,1,"[1, 3]",9,9,99,9,99,1,0,1,0,0,0,2,17
2024010495948,2024,010495948,534933,185339,-0.05528,51.55081,3,3,5,16:21,-1,E09000012,6,0,2,1,1,99,9,9,99,9,99,1,0,0,0,0,0,2,22
2024010495951,2024,010495951,528744,181979,-0.14572,51.52206,2,2,5,16:30,-1,E09000033,3,2,2,1,1,"[19, 9]","[1, 5]","[5, 3]",0,0,0,0,0,1,1,0,0,2,22
2024010495952,2024,010495952,548638,175565,0.13813,51.45955,3,3,5,16:32,-1,E09000004,5,0,2,1,1,"[9, 19]","[3, 7]","[1, 3]",0,0,0,1,1,0,0,0,0,2,22
2024010495953,2024,010495953,526151,174738,-0.18566,51.45757,3,3,5,16:10,-1,E09000032,3,0,2,1,1,"[10, 13]","[7, 3]","[4, 7]",0,0,0,1,0,1,0,0,0,2,22
2024010495956,2024,010495956,546044,187308,0.10568,51.56574,3,3,5,19:50,-1,E09000026,3,2,2,1,1,99,9,9,99,9,99,0,0,1,0,0,0,2,8
2024010495962,2024,010495962,525185,177203,-0.19868,51.47994,3,3,5,14:00,-1,E09000013,3,0,2,1,1,99,9,9,99,9,99,1,0,0,0,0,1,2,22
2024010495974,2024,010495974,543919,185621,0.07435,51.55113,3,3,5,17:50,-1,E09000026,3,2,2,1,1,9,1,6,0,0,0,1,0,0,0,0,1,2,22
2024010495976,2024,010495976,527796,179701,-0.1602,51.50181,3,3,5,16:02,-1,E09000020,3,0,1,0,1,99,9,9,99,9,99,1,0,0,0,0,0,2,22
2024010495977,2024,010495977,533592,188865,-0.07327,51.58282,3,3,5,18:07,-1,E09000014,3,2,2,1,1,9,4,1,0,0,0,1,0,0,0,0,1,2,22
2024010495985,2024,010495985,535152,191856,-0.04962,51.60932,3,3,5,19:52,-1,E09000010,3,2,2,1,1,"[4, 19]",5,1,0,0,0,1,0,0,0,0,0,2,22
2024010495990,2024,010495990,531877,168092,-0.10576,51.39654,3,3,5,12:33,-1,E09000008,4,0,2,1,1,99,9,9,99,9,99,1,0,1,0,0,0,2,22
2024010495991,2024,010495991,531759,177140,-0.10409,51.47788,3,3,5,14:43,-1,E09000022,5,0,2,-1,1,99,9,9,99,9,99,1,0,1,0,0,0,2,22
2024010495992,2024,010495992,518042,168569,-0.30437,51.40388,3,3,5,14:00,-1,E09000021,3,0,9,0,1,19,1,5,0,0,0,0,1,0,0,0,1,2,22
2024010495995,2024,010495995,536422,182546,-0.0349,51.52536,2,2,5,20:25,-1,E09000030,3,2,9,1,1,"[-1, 6]","[5, 1]",1,0,0,0,1,0,1,0,0,0,2,22
2024010495996,2024,010495996,523899,174777,-0.21804,51.45842,3,3,5,18:00,-1,E09000032,3,2,2,1,1,99,9,9,99,9,99,1,1,0,0,0,0,2,22
2024010496001,2024,010496001,529003,185018,-0.14087,51.54931,3,3,5,18:12,-1,E09000007,3,2,8,1,1,19,1,5,99,9,99,1,0,0,0,0,1,2,22
2024010496002,2024,010496002,537356,183448,-0.02109,51.53324,3,3,5,17:30,-1,E09000030,3,2,2,1,1,"[11, 4]",5,1,0,0,0,1,0,0,0,0,0,2,22
2024010496005,2024,010496005,533592,186021,-0.07435,51.55726,3,3,5,19:00,-1,E09000012,3,2,5,1,1,9,5,3,0,0,0,1,0,0,0,0,1,2,22
2024010496012,2024,010496012,514330,182263,-0.35329,51.52771,3,3,5,20:40,-1,E09000009,4,2,1,0,1,"[10, 19]","[5, 1]","[3, 5]",0,0,0,1,0,1,0,0,0,2,22
2024010496014,2024,010496014,534346,193521,-0.06061,51.62448,3,3,5,21:13,-1,E09000010,3,2,1,1,1,"[19, 5]",1,5,0,0,0,1,0,0,0,0,0,2,22
2024010496020,2024,010496020,531457,189733,-0.10374,51.59112,3,3,5,20:42,-1,E09000014,3,2,1,0,1,99,9,9,99,9,99,1,0,1,0,0,0,2,22
2024010496024,2024,010496024,533892,190449,-0.06834,51.59698,3,3,5,21:15,-1,E09000014,3,2,1,1,1,19,5,1,0,0,0,1,0,0,0,0,0,2,22
2024010496031,2024,010496031,531232,178325,-0.11124,51.48865,2,"[3, 2]",6,00:50,-1,E09000022,3,2,8,0,1,"[19, 10]",1,"[5, 6]",0,0,0,1,1,0,0,0,0,2,23
2024010496035,2024,010496035,520441,166884,-0.27047,51.38823,3,3,2,00:30,-1,E09000021,3,2,1,1,1,19,6,2,0,0,0,1,0,1,0,0,0,2,19
2024010496039,2024,010496039,527842,192572,-0.15486,51.61746,2,2,6,07:28,-1,E09000003,6,0,1,0,1,19,3,1,0,0,0,1,0,0,0,0,1,2,23
2024010496051,2024,010496051,531519,167110,-0.11127,51.3878,3,3,4,16:40,-1,E09000008,3,2,9,-1,1,99,9,9,99,9,99,1,0,1,0,0,0,2,21
2024010496059,2024,010496059,531456,189231,-0.10394,51.58661,3,3,5,19:07,-1,E09000014,6,2,9,1,1,99,9,9,99,9,99,1,0,0,0,0,0,2,22
2024010496062,2024,010496062,540594,170990,0.02061,51.42049,3,3,6,09:50,-1,E09000006,3,0,1,0,1,19,7,3,0,0,0,1,0,0,0,0,1,2,23
2024010496066,2024,010496066,528540,173367,-0.15179,51.44471,3,3,4,18:15,-1,E09000032,3,2,9,-1,1,99,9,9,99,9,99,1,0,1,0,0,0,2,21
2024010496071,2024,010496071,548863,175279,0.14124,51.45692,3,3,4,12:30,-1,E09000004,3,0,8,1,1,99,9,9,99,9,99,1,0,0,0,0,1,2,21
2024010496072,2024,010496072,535256,196154,-0.04646,51.64792,3,3,3,14:40,-1,E09000010,3,0,1,0,1,99,9,9,99,9,99,1,0,1,0,0,0,2,20
2024010496074,2024,010496074,532229,190525,-0.0923,51.59806,3,3,6,08:23,-1,E09000014,3,0,1,0,1,19,7,3,0,0,0,1,0,0,0,0,0,2,23
2024010496075,2024,010496075,529342,185306,-0.13588,51.55182,3,3,4,17:20,-1,E09000007,6,0,1,1,1,"[99, 9]","[9, 5]","[9, 3]",0,"[1, 9]",0,1,0,0,0,0,0,2,21
2024010496076,2024,010496076,512324,185730,-0.38109,51.55928,3,3,5,18:26,-1,E09000017,5,2,1,0,1,99,9,9,99,9,99,1,0,0,0,0,0,2,22
2024010496078,2024,010496078,503962,176346,-0.50443,51.47653,3,3,6,11:58,-1,E09000017,1,0,1,0,2,19,5,1,0,0,0,1,0,0,1,0,0,2,23
2024010496080,2024,010496080,516740,182005,-0.31865,51.5249,3,3,4,10:15,-1,E09000009,4,0,2,1,1,99,9,9,99,9,99,1,0,0,0,0,0,2,21
2024010496084,2024,010496084,541120,174310,0.02949,51.4502,2,"[2, 3]",6,11:28,-1,E09000011,3,0,1,0,1,19,"[5, 7]","[1, 3]",0,0,0,1,0,0,0,0,0,2,23
2024010496087,2024,010496087,522568,165791,-0.24029,51.37795,3,3,3,16:25,-1,E09000029,3,0,1,0,1,99,9,9,99,9,99,1,1,0,0,0,0,2,20
2024010496088,2024,010496088,536234,176954,-0.03976,51.47515,3,3,6,12:45,-1,E09000023,3,0,1,0,1,19,3,7,0,0,0,1,0,0,0,0,1,2,23
2024010496091,2024,010496091,522421,186687,-0.23517,51.56578,3,3,5,15:00,-1,E09000005,5,0,9,-1,1,99,9,9,99,9,99,1,0,1,0,0,0,2,22
2024010496093,2024,010496093,519116,179422,-0.28529,51.50119,3,3,6,12:05,-1,E09000009,3,0,1,0,1,"[19, 9]","[1, 5]","[5, 3]",0,0,0,1,0,0,0,0,0,2,23
2024010496095,2024,010496095,516083,190874,-0.32519,51.60475,3,3,6,12:29,-1,E09000015,6,0,1,1,1,"[6, 19]","[7, 3]",7,0,0,0,1,0,0,0,0,0,2,23
2024010496097,2024,010496097,543276,188459,0.06624,51.57679,3,3,3,19:42,-1,E09000026,3,2,1,0,1,99,9,9,99,9,99,1,0,0,0,0,0,2,20
2024010496098,2024,010496098,534350,187422,-0.06289,51.56967,2,2,1,02:58,-1,E09000012,3,2,2,1,1,"[11, 19]",5,1,"[10, 0]","[7, 0]","[10, 0]",1,0,0,0,0,0,2,18
2024010496099,2024,010496099,558440,188336,0.28484,51.57163,1,1,6,12:56,-1,E09000016,3,0,1,0,2,19,5,1,"[0, 9]","[0, 2]","[0, 4]",1,0,0,0,0,0,2,23
2024010496102,2024,010496102,510990,174066,-0.40399,51.45471,3,3,7,08:50,-1,E09000018,3,0,8,1,1,99,9,9,99,9,99,1,0,0,0,0,0,2,10
2024010496103,2024,010496103,532210,182863,-0.09546,51.52921,3,3,7,22:00,-1,E09000019,3,2,2,1,1,99,9,9,99,9,99,0,0,1,1,0,0,2,17
2024010496112,2024,010496112,528707,173288,-0.14942,51.44397,3,3,6,07:20,-1,E09000032,6,0,1,1,1,99,9,9,99,9,99,1,0,1,0,0,0,2,23
2024010496117,2024,010496117,523311,180475,-0.22451,51.50976,3,3,6,14:42,-1,E09000013,3,0,1,0,1,"[19, 7]",6,"[2, 1]",0,"[0, 1]",0,1,0,0,0,0,0,2,23
2024010496118,2024,010496118,535877,184814,-0.04188,51.54587,3,3,4,18:10,-1,E09000012,5,2,1,1,1,99,9,9,99,9,99,1,1,0,0,0,0,2,21
2024010496123,2024,010496123,513333,180836,-0.36811,51.51509,3,3,5,16:23,-1,E09000009,6,0,2,1,1,"[99, 6]",9,9,99,9,99,1,0,1,0,0,0,2,22
2024010496130,2024,010496130,531050,175539,-0.11489,51.46366,3,3,6,11:15,-1,E09000022,3,0,9,0,1,99,9,9,0,0,0,0,1,0,0,0,0,2,23
2024010496131,2024,010496131,538013,174864,-0.01498,51.45594,3,3,6,10:00,-1,E09000023,3,0,1,0,1,99,9,9,99,9,99,1,0,0,0,0,0,2,23
2024010496136,2024,010496136,523537,177621,-0.22226,51.48406,3,3,4,15:05,-1,E09000013,6,0,1,1,1,99,9,9,99,9,99,1,0,1,0,0,0,2,21
2024010496142,2024,010496142,531617,184531,-0.10338,51.54433,3,3,6,13:45,-1,E09000019,3,0,1,0,1,19,5,1,0,0,0,0,0,0,0,1,1,2,23
2024010496146,2024,010496146,525009,183655,-0.19893,51.53796,3,3,6,15:45,-1,E09000005,6,0,1,1,1,99,9,9,99,9,99,1,0,1,0,0,0,2,23
2024010496147,2024,010496147,519366,169087,-0.28517,51.40825,3,3,6,16:52,-1,E09000021,5,0,2,1,1,"[19, 9]","[1, 4]","[5, 1]",0,"[0, 7]",0,1,0,1,0,0,0,2,23
2024010496150,2024,010496150,544445,188134,0.08296,51.57357,3,3,6,18:55,-1,E09000026,3,2,2,1,1,4,3,7,0,0,0,1,0,0,0,0,0,2,23
2024010496151,2024,010496151,549995,182546,0.16061,51.52192,3,3,5,20:34,-1,E09000002,3,2,4,1,1,19,7,3,0,0,0,1,0,0,0,0,0,2,22
2024010496154,2024,010496154,525608,176786,-0.19274,51.4761,3,3,5,13:30,-1,E09000013,3,0,9,-1,1,99,9,9,99,9,99,0,0,1,0,0,1,2,15
2024010496155,2024,010496155,540407,168756,0.01704,51.40047,3,3,6,14:55,-1,E09000006,5,0,1,0,1,19,1,5,0,0,0,0,0,0,1,0,0,2,23
2024010496158,2024,010496158,532495,164324,-0.09829,51.36254,3,3,6,15:15,-1,E09000008,3,0,2,1,1,99,9,9,99,9,99,1,0,0,0,0,1,2,23
2024010496159,2024,010496159,518375,182625,-0.29488,51.53013,3,3,6,18:40,-1,E09000009,3,2,1,1,1,"[4, 19]","[7, 3]","[3, 7]",0,0,0,1,0,0,0,0,0,2,23
2024010496160,2024,010496160,532855,184026,-0.08573,51.53951,2,2,6,17:20,-1,E09000012,4,2,2,1,1,"[19, 9]","[6, 2]","[2, 7]",0,0,0,1,0,1,0,0,0,2,23
2024010496161,2024,010496161,529108,200503,-0.13366,51.68845,3,3,6,18:02,-1,E09000010,1,2,2,1,2,99,9,9,99,9,99,1,0,0,0,0,0,2,23
2024010496162,2024,010496162,528741,173582,-0.14882,51.4466,3,3,6,19:15,-1,E09000032,3,2,1,1,1,"[5, 19]","[3, 7]","[7, 3]",0,0,0,1,1,0,0,0,0,2,23
2024010496172,2024,010496172,527350,177657,-0.16736,51.48354,3,3,2,06:40,-1,E09000020,3,2,1,0,1,99,9,9,99,9,99,1,1,0,0,0,0,2,19
2024010496175,2024,010496175,519563,186575,-0.27642,51.56538,3,3,6,18:55,-1,E09000005,3,2,1,1,1,"[5, 19]","[1, 3]","[5, 7]",0,0,0,1,0,0,0,0,0,2,23
2024010496176,2024,010496176,512347,179232,-0.38282,51.50087,1,1,6,18:15,-1,E09000009,5,2,1,1,1,5,5,1,0,0,0,0,0,0,1,0,1,2,23
2024010496177,2024,010496177,530518,178035,-0.12162,51.48621,3,3,6,16:05,-1,E09000022,3,0,2,1,1,19,7,3,0,0,0,0,0,1,0,0,1,2,23
2024010496180,2024,010496180,541406,189190,0.03957,51.58383,3,3,6,20:30,-1,E09000026,1,2,2,1,2,"[19, 11]",5,1,0,"[1, 0]",0,1,0,0,1,0,0,2,23
2024010496182,2024,010496182,538657,161465,-0.01095,51.33538,3,3,6,19:44,-1,E09000008,6,2,2,1,1,19,7,3,0,0,0,0,0,1,0,0,1,2,23
2024010496184,2024,010496184,543001,182044,0.05967,51.51922,3,3,6,18:30,-1,E09000025,3,2,2,1,1,99,9,9,99,9,99,1,0,0,1,0,0,2,23
2024010496185,2024,010496185,528342,176704,-0.15343,51.47475,3,3,5,21:40,-1,E09000032,3,2,1,0,1,99,9,9,99,9,99,1,1,0,0,0,0,2,22
2024010496189,2024,010496189,544784,179062,0.08413,51.49197,3,3,6,15:35,-1,E09000011,6,0,9,1,1,"[9, 19]","[6, 5]","[4, 1]",0,0,0,1,0,1,0,0,0,2,23
2024010496190,2024,010496190,529943,178279,-0.12981,51.48854,2,"[2, 3]",6,16:00,-1,E09000033,3,0,1,0,1,99,9,9,99,9,99,0,1,1,0,0,0,2,23
2024010496192,2024,010496192,528477,190486,-0.14646,51.59857,3,3,6,16:00,-1,E09000014,4,0,2,1,1,19,4,8,0,0,0,1,0,0,0,0,1,2,23
2024010496196,2024,010496196,534904,183660,-0.05634,51.53573,3,3,6,19:30,-1,E09000012,3,2,2,1,1,"[19, 3]",2,6,0,0,0,1,0,0,0,0,0,2,23
2024010496197,2024,010496197,527196,169527,-0.17249,51.41051,3,3,6,22:09,-1,E09000024,3,2,1,1,1,9,1,7,0,0,0,1,0,0,0,0,1,2,23
2024010496201,2024,010496201,544235,185513,0.07886,51.55008,3,3,6,17:35,-1,E09000026,6,0,1,1,1,99,9,9,99,9,99,1,0,0,0,0,0,2,23
2024010496204,2024,010496204,537541,190692,-0.01559,51.59829,3,3,6,19:15,-1,E09000031,3,2,8,1,1,"[9, 19]","[1, 5]","[6, 1]",0,0,0,1,0,1,0,0,0,2,23
2024010496207,2024,010496207,529441,184527,-0.13474,51.5448,3,3,6,21:37,-1,E09000007,3,2,1,1,1,"[9, 19]","[5, 1]","[3, 5]",0,0,0,1,0,1,0,0,0,2,23
2024010496217,2024,010496217,529777,170473,-0.13506,51.41843,3,3,7,01:13,-1,E09000022,4,2,1,0,1,"[5, 19]","[5, 7]","[1, 3]",0,0,0,1,0,0,0,0,0,2,24
2024010496221,2024,010496221,507412,182688,-0.45284,51.53289,3,3,6,22:25,-1,E09000017,3,2,1,1,1,"[4, 9]",5,"[1, 2]",0,0,0,1,0,1,0,0,0,2,23
2024010496225,2024,010496225,536431,172054,-0.03882,51.43107,3,3,7,00:03,-1,E09000023,4,2,1,1,1,9,8,5,10,2,11,1,0,0,0,0,0,2,24