collision_index,collision_year,collision_ref_no,location_easting_osgr,location_northing_osgr,longitude,latitude,casualty_severity,casualty_severity,day_of_week,time,local_authority_district,local_authority_ons_district,first_road_class,light_conditions,weather_conditions,road_surface_conditions,urban_or_rural_area,vehicle_manoeuvre,vehicle_direction_from,vehicle_direction_to,hit_object_in_carriageway,vehicle_leaving_carriageway,hit_object_off_carriageway,is_car,is_cyle,is_mcyle,is_goodsv,is_other,is_pedestrian,month,day
2024010496227,2024,010496227,528429,179149,-0.15129,51.4967,2,"[2, 3]",6,22:57,-1,E09000033,6,2,1,0,1,"[5, -1]","[2, 4]","[6, 8]",0,0,0,1,0,1,0,0,0,2,23
2024010496228,2024,010496228,549015,178002,0.14458,51.48135,3,3,6,19:00,-1,E09000004,5,2,9,0,1,19,5,1,0,0,0,1,0,0,0,0,1,2,23
2024010496230,2024,010496230,523431,178410,-0.22351,51.49117,2,2,7,07:25,-1,E09000013,3,0,1,0,1,19,2,6,0,0,0,1,0,0,0,0,1,2,24
2024010496244,2024,010496244,533150,178828,-0.08344,51.49273,3,3,4,15:40,-1,E09000028,3,0,8,1,1,99,9,9,99,9,99,1,1,0,0,0,0,2,21
2024010496248,2024,010496248,516021,173126,-0.33192,51.44525,3,3,7,09:20,-1,E09000027,3,0,1,1,1,"[9, 19]","[5, 7]",3,0,0,0,1,0,0,0,0,0,2,24
2024010496257,2024,010496257,519657,186589,-0.27506,51.56549,3,3,7,10:28,-1,E09000005,3,0,1,0,1,"[9, 19]","[1, 3]","[6, 7]",0,0,0,1,0,0,0,0,0,2,24
2024010496259,2024,010496259,530661,176746,-0.12004,51.4746,3,3,6,11:15,-1,E09000022,3,2,2,1,1,99,9,9,99,9,99,1,0,0,0,0,0,2,23
2024010496262,2024,010496262,533676,188050,-0.07237,51.57547,3,3,5,18:15,-1,E09000012,3,2,2,1,1,99,9,9,99,9,99,0,0,1,1,0,0,2,22
2024010496266,2024,010496266,546195,177671,0.10386,51.47911,3,3,6,18:15,-1,E09000011,3,2,1,1,1,99,9,9,99,9,99,1,0,1,0,0,0,2,23
2024010496272,2024,010496272,541238,183133,0.03471,51.52945,3,3,7,12:27,-1,E09000025,3,0,1,0,1,"[13, 9]",3,"[7, 2]",0,0,0,1,0,1,0,0,0,2,24
2024010496275,2024,010496275,542694,188987,0.05806,51.58168,2,2,7,12:50,-1,E09000026,3,0,1,0,1,"[15, 7]",3,"[7, 6]",0,0,0,0,0,1,1,0,0,2,24
2024010496281,2024,010496281,523375,173625,-0.22598,51.44818,3,3,7,12:19,-1,E09000032,6,0,1,0,1,4,6,2,"[0, 4]",0,0,1,0,0,0,0,0,2,24
2024010496282,2024,010496282,509286,179730,-0.42675,51.50595,3,3,7,12:47,-1,E09000017,5,0,1,0,1,"[19, 9]","[1, 5]","[5, 3]",0,"[1, 0]",0,1,0,0,0,0,0,2,24
2024010496300,2024,010496300,516844,185397,-0.31602,51.55537,3,3,6,07:30,-1,E09000005,3,2,2,1,1,"[99, 1]",9,9,99,9,99,1,0,1,0,0,0,2,23
2024010496305,2024,010496305,523745,177567,-0.21928,51.48353,3,3,7,14:30,-1,E09000013,3,0,1,0,1,99,9,9,99,9,99,0,1,0,0,0,1,2,24
2024010496308,2024,010496308,524844,188673,-0.19953,51.5831,2,2,7,16:00,-1,E09000003,3,0,1,0,1,9,5,2,0,0,0,1,0,0,0,0,1,2,24
2024010496322,2024,010496322,540512,185427,0.02517,51.55024,3,3,6,17:40,-1,E09000025,6,2,2,1,1,99,9,9,99,9,99,1,0,0,0,0,1,2,23
2024010496327,2024,010496327,558335,188468,0.28338,51.57285,3,3,7,18:32,-1,E09000016,3,2,1,0,2,"[3, 4]",7,3,0,0,0,1,0,0,0,0,0,2,24
2024010496331,2024,010496331,530709,188163,-0.11512,51.57718,3,3,7,14:10,-1,E09000014,5,0,1,0,1,"[19, 9]","[5, 3]","[1, 2]",0,0,0,1,0,1,0,0,0,2,24
2024010496332,2024,010496332,529821,178057,-0.13165,51.48657,3,3,7,19:48,-1,E09000033,3,2,1,1,1,19,"[7, 3]","[3, 7]","[7, 0]","[7, 0]","[2, 0]",1,1,0,0,0,0,2,24
2024010496335,2024,010496335,536164,181902,-0.03886,51.51963,3,3,7,17:02,-1,E09000030,5,0,1,0,1,"[2, 19]","[0, 5, 1]","[0, 1, 5]","[0, 4]",0,0,1,0,0,0,0,0,2,24
2024010496337,2024,010496337,538474,190927,-0.00204,51.60017,3,3,7,19:05,-1,E09000031,3,2,1,0,1,19,3,7,0,0,0,1,0,0,0,0,0,2,24
2024010496342,2024,010496342,530879,191403,-0.11146,51.60626,3,3,7,20:05,-1,E09000014,3,0,1,0,1,15,5,1,0,0,0,0,0,0,1,0,0,2,24
2024010496343,2024,010496343,531982,163773,-0.10585,51.35771,3,3,7,21:15,-1,E09000008,5,2,1,0,1,19,"[7, 1]","[3, 5]",0,0,0,1,0,1,0,0,0,2,24
2024010496345,2024,010496345,537624,194898,-0.01275,51.63606,3,3,7,21:13,-1,E09000031,3,2,1,0,1,"[19, 9]","[2, 4]","[6, 2]",0,0,0,1,0,0,0,0,0,2,24
2024010496346,2024,010496346,530305,182962,-0.12287,51.53054,3,3,6,12:20,-1,E09000007,3,0,8,0,1,99,9,9,99,9,99,0,0,0,1,0,1,2,23
2024010496347,2024,010496347,512188,179348,-0.38508,51.50194,3,3,7,18:20,-1,E09000009,6,2,8,2,1,99,9,9,99,9,99,1,0,0,0,0,0,2,24
2024010496352,2024,010496352,521853,183344,-0.24452,51.53586,3,3,6,18:20,-1,E09000005,3,2,2,1,1,99,9,9,99,9,99,1,1,0,0,0,0,2,23
2024010496357,2024,010496357,535207,182800,-0.0523,51.52793,3,3,1,00:45,-1,E09000030,6,2,1,0,1,7,1,3,0,0,0,1,0,0,0,0,1,2,25
2024010496358,2024,010496358,527366,185528,-0.16429,51.55427,3,3,7,19:42,-1,E09000007,5,2,1,0,1,99,9,9,99,9,99,1,0,0,0,0,0,2,24
2024010496359,2024,010496359,542121,171748,0.04286,51.42692,3,3,6,23:50,-1,E09000006,6,2,1,0,1,"[14, 10]","[1, 5]","[5, 3]",0,"[7, 0]",0,1,0,1,0,0,0,2,23
2024010496361,2024,010496361,545535,163943,0.08873,51.35593,3,3,7,15:48,-1,E09000006,4,0,1,0,1,99,9,9,99,9,99,1,0,0,0,0,1,2,24
2024010496366,2024,010496366,534113,180937,-0.06877,51.51145,3,3,7,23:05,-1,E09000030,3,0,1,0,1,"[9, 7]","[1, 5]",7,0,0,0,1,0,1,0,0,0,2,24
2024010496367,2024,010496367,533868,171216,-0.07598,51.42415,3,3,1,03:06,-1,E09000006,3,2,1,0,1,19,5,1,0,0,0,1,0,0,0,0,0,2,25
2024010496368,2024,010496368,522406,184971,-0.23598,51.55036,3,3,1,04:14,-1,E09000005,6,2,1,0,1,"[19, 2]","[1, 0]","[5, 0]",0,"[1, 0]",0,1,0,0,0,0,0,2,25
2024010496379,2024,010496379,551066,188397,0.17855,51.5742,3,3,7,18:14,-1,E09000016,3,2,1,0,1,99,9,9,99,9,99,1,0,1,0,0,0,2,24
2024010496382,2024,010496382,549061,184611,0.14803,51.54072,3,3,1,09:07,-1,E09000002,3,0,1,0,1,"[3, 13]",5,1,"[0, 7]",0,0,1,0,0,0,0,0,2,25
2024010496386,2024,010496386,518596,165239,-0.29752,51.37383,3,3,6,17:13,-1,E09000021,3,0,1,1,1,99,9,9,99,9,99,1,0,0,0,0,0,2,23
2024010496388,2024,010496388,540544,182058,0.02429,51.51996,3,3,1,08:09,-1,E09000025,5,0,1,0,1,"[2, 13]","[0, 5]","[0, 1]","[0, 4]",0,0,1,0,0,0,0,0,2,25
2024010496391,2024,010496391,519775,175864,-0.277,51.46908,3,3,1,09:57,-1,E09000027,3,0,1,0,1,99,9,9,99,9,99,1,0,0,0,0,0,2,25
2024010496392,2024,010496392,536925,183189,-0.0274,51.53101,3,3,7,21:15,-1,E09000030,6,2,1,0,1,99,9,9,99,9,99,1,0,1,0,0,0,2,24
2024010496393,2024,010496393,518135,165276,-0.30413,51.37426,2,2,1,11:22,-1,E09000021,3,0,1,0,1,19,1,5,10,5,11,0,0,1,0,0,0,2,25
2024010496395,2024,010496395,528180,196186,-0.14866,51.64986,3,3,1,11:40,-1,E09000010,3,0,1,0,1,"[19, 9]","[1, 3]","[5, 1]",0,0,0,1,0,0,0,0,0,2,25
2024010496398,2024,010496398,527694,178025,-0.16227,51.48677,3,3,5,16:40,-1,E09000020,6,0,1,0,1,99,9,9,99,9,99,1,0,1,0,0,0,2,22
2024010496402,2024,010496402,518124,165360,-0.30426,51.37502,3,3,1,12:15,-1,E09000021,3,0,1,0,1,19,5,1,"[11, 0]",0,0,1,1,0,0,0,0,2,25
2024010496407,2024,010496407,528728,164809,-0.15219,51.36776,2,2,1,12:00,-1,E09000029,3,0,1,0,1,"[19, 4]",3,7,0,0,0,1,0,1,0,0,0,2,25
2024010496408,2024,010496408,515831,183437,-0.33127,51.53796,2,2,1,10:45,-1,E09000009,6,0,1,0,1,"[19, 4]",3,7,0,0,0,1,1,0,0,0,0,2,25
2024010496411,2024,010496411,518510,189687,-0.29056,51.59358,3,3,1,12:05,-1,E09000015,3,0,1,0,1,"[3, 19]","[8, 2]","[4, 6]",0,0,0,1,0,0,0,0,0,2,25
2024010496422,2024,010496422,531154,189223,-0.1083,51.58661,3,3,5,19:00,-1,E09000014,4,2,2,1,1,99,9,9,99,9,99,1,0,1,0,0,0,2,22
2024010496423,2024,010496423,524261,177888,-0.21174,51.4863,3,3,4,16:08,-1,E09000013,5,0,1,0,1,99,9,9,99,9,99,1,0,1,0,0,0,2,14
2024010496433,2024,010496433,515081,188255,-0.34051,51.58142,3,3,7,20:40,-1,E09000015,5,2,9,-1,1,99,9,9,99,"[0, 9]","[0, 99]",1,0,1,0,0,0,2,24
2024010496440,2024,010496440,517801,163778,-0.30942,51.36087,3,3,1,14:05,-1,E09000021,3,0,2,1,1,"[3, 5]",1,5,0,0,0,1,0,0,0,0,0,2,25
2024010496442,2024,010496442,529393,192014,-0.13268,51.6121,2,2,7,18:15,-1,E09000010,6,2,1,0,1,99,9,9,99,9,99,1,0,0,0,0,1,2,24
2024010496452,2024,010496452,519515,179815,-0.27941,51.50464,3,3,1,17:09,-1,E09000009,3,0,2,1,1,9,5,3,0,0,0,1,0,0,0,0,1,2,25
2024010496453,2024,010496453,520191,184070,-0.26822,51.54274,3,3,1,18:20,-1,E09000005,3,2,2,1,1,"[19, 14]","[5, 4]","[1, 8]",0,0,0,1,0,1,0,0,0,2,25
2024010496454,2024,010496454,552243,184593,0.19387,51.53971,3,3,1,14:25,-1,E09000016,6,0,1,0,1,"[5, 19]","[5, 3]","[1, 7]",0,0,0,1,1,0,0,0,0,2,25
2024010496456,2024,010496456,533213,183092,-0.08092,51.53103,3,3,1,18:20,-1,E09000012,5,2,2,1,1,"[19, 10]","[7, 8]","[3, 7]",0,0,0,1,1,0,0,0,0,2,25
2024010496459,2024,010496459,530681,169540,-0.12241,51.40983,2,2,1,19:00,-1,E09000008,3,2,5,1,1,5,0,1,0,1,0,1,0,0,0,0,1,2,25
2024010496461,2024,010496461,522003,184820,-0.24185,51.54909,3,3,1,19:56,-1,E09000005,3,2,2,1,1,9,5,3,0,1,0,1,0,0,0,0,1,2,25
2024010496462,2024,010496462,535107,182752,-0.05376,51.52752,3,3,1,19:46,-1,E09000030,4,2,1,1,1,"[19, 4]",1,5,0,0,0,1,1,0,0,0,0,2,25
2024010496466,2024,010496466,529673,182546,-0.13213,51.52695,3,3,1,02:45,-1,E09000007,3,2,8,0,1,99,9,9,99,9,99,0,1,0,1,0,0,2,25
2024010496470,2024,010496470,532545,182738,-0.09068,51.52801,3,3,1,21:20,-1,E09000012,3,2,2,1,1,"[7, 19]",8,"[1, 4]",0,0,0,1,0,1,0,0,0,2,25
2024010496472,2024,010496472,510472,177156,-0.41048,51.48258,3,3,1,18:49,-1,E09000018,5,2,2,1,1,"[7, 3]","[5, 2]",6,0,0,0,1,0,0,0,0,0,2,25
2024010496474,2024,010496474,536392,195653,-0.03024,51.64314,3,3,1,20:57,-1,E09000010,3,2,2,1,2,"[99, 4]","[9, 3]","[9, 7]",0,"[1, 0]",0,1,1,0,0,0,0,2,25
2024010496479,2024,010496479,524540,183453,-0.20576,51.53625,3,3,1,14:55,-1,E09000005,5,0,1,0,1,"[1, 99]",9,9,99,9,99,1,1,0,0,0,0,2,25
2024010496482,2024,010496482,513056,170946,-0.37526,51.42625,3,3,1,14:27,-1,E09000027,5,0,1,0,1,"[19, 2]","[6, 0]","[2, 0]",0,0,0,1,0,0,0,0,0,2,25
2024010496486,2024,010496486,547703,187626,0.12973,51.56817,3,3,1,20:40,-1,E09000002,5,2,5,1,1,19,5,1,0,0,0,1,0,0,0,0,1,2,25
2024010496488,2024,010496488,543610,167251,0.06244,51.38614,2,2,1,20:21,-1,E09000006,6,2,2,1,1,"[19, 2]","[6, 0]","[2, 0]","[4, 0]",0,0,1,0,0,0,0,0,2,25
2024010496490,2024,010496490,542916,182267,0.05853,51.52125,2,2,1,19:00,-1,E09000025,3,2,2,1,1,"[19, 9]","[5, 7]","[1, 5]",0,0,0,1,0,0,0,0,0,2,25
2024010496495,2024,010496495,522544,180078,-0.2357,51.50636,3,3,1,22:40,-1,E09000013,3,2,2,1,1,99,9,9,99,9,99,1,0,0,0,0,1,2,25
2024010496496,2024,010496496,531543,189575,-0.10256,51.58968,3,3,1,13:55,-1,E09000014,3,0,1,0,1,4,8,4,0,0,0,0,0,0,1,0,0,2,25
2024010496501,2024,010496501,527915,181738,-0.15775,51.52009,3,3,1,22:22,-1,E09000033,5,2,2,1,1,"[7, 19]","[5, 3]","[8, 7]",0,0,0,0,0,1,1,0,0,2,25
2024010496502,2024,010496502,528234,177844,-0.15457,51.48502,3,3,1,20:10,-1,E09000020,3,2,2,1,2,"[13, 19]",7,3,0,0,0,0,1,1,0,0,0,2,25
2024010496504,2024,010496504,534348,197488,-0.05906,51.66013,3,3,2,00:49,-1,E09000010,5,2,8,1,1,19,"[1, 7]","[5, 3]",0,"[3, 0]",0,1,0,0,0,0,0,2,26
2024010496505,2024,010496505,532983,176682,-0.08665,51.47348,3,3,1,21:40,-1,E09000028,3,2,2,1,1,"[7, 19]",3,"[6, 7]",0,0,0,1,0,1,0,0,0,2,25
2024010496507,2024,010496507,550241,190093,0.16738,51.58966,3,3,1,23:02,-1,E09000016,4,2,1,1,1,19,7,3,7,8,11,1,0,0,0,0,0,2,25
2024010496510,2024,010496510,542672,177685,0.05317,51.48014,2,2,1,18:49,-1,E09000011,5,0,2,1,1,19,3,7,0,0,0,0,0,1,0,0,1,2,25
2024010496513,2024,010496513,528567,179230,-0.14927,51.4974,3,3,2,14:00,-1,E09000033,3,0,8,0,1,19,"[1, 5]","[5, 1]",0,"[0, 7]",0,1,0,1,0,0,0,2,26
2024010496516,2024,010496516,531664,184184,-0.10283,51.54121,3,3,7,20:00,-1,E09000019,3,2,5,1,1,99,9,9,99,9,99,1,1,0,0,0,0,2,17
2024010496523,2024,010496523,534479,189467,-0.06024,51.58802,3,3,2,08:30,-1,E09000014,3,0,1,0,1,19,3,7,0,0,0,0,0,1,0,0,1,2,26
2024010496524,2024,010496524,529353,190272,-0.1339,51.59645,3,3,6,18:05,-1,E09000014,6,2,1,1,1,99,9,9,99,9,99,1,0,1,0,0,0,2,23
2024010496528,2024,010496528,508026,176945,-0.44575,51.48116,3,3,2,07:56,-1,E09000017,3,0,4,0,1,"[3, 4]",7,3,"[0, 4]",0,0,0,0,0,1,0,0,2,26
2024010496531,2024,010496531,530116,182096,-0.12591,51.5228,3,3,2,08:00,-1,E09000007,3,0,1,0,1,99,9,9,99,9,99,1,0,0,0,0,1,2,26
2024010496536,2024,010496536,534635,175578,-0.0633,51.46317,3,3,2,08:40,-1,E09000028,3,0,1,0,1,"[19, 9]","[3, 5]","[7, 3]",0,0,0,1,0,1,0,0,0,2,26
2024010496539,2024,010496539,505369,184419,-0.48177,51.54883,3,3,2,08:30,-1,E09000017,3,0,1,0,1,99,9,9,99,9,99,1,0,0,0,0,0,2,26
2024010496541,2024,010496541,524646,184657,-0.20381,51.54705,3,3,7,10:25,-1,E09000007,3,0,1,0,1,99,9,9,99,9,99,1,0,0,0,0,1,2,10
2024010496548,2024,010496548,549966,189596,0.1632,51.58527,3,3,2,07:10,-1,E09000016,5,0,1,0,1,"[14, 3]",2,6,0,0,0,1,0,0,1,0,0,2,26
2024010496549,2024,010496549,528714,179092,-0.1472,51.49612,3,3,2,09:30,-1,E09000033,5,0,1,0,1,19,"[8, 7]","[4, 3]",0,0,0,1,1,0,0,0,0,2,26
2024010496552,2024,010496552,553298,188621,0.21083,51.57561,3,3,5,10:20,-1,E09000016,5,0,9,-1,1,99,9,9,99,9,99,1,0,0,0,0,0,2,15
2024010496553,2024,010496553,521027,181037,-0.25721,51.5153,2,"[2, 3]",2,09:00,-1,E09000009,3,0,1,0,1,"[12, 19]",3,7,0,0,0,1,0,1,0,0,0,2,26
2024010496554,2024,010496554,522743,184799,-0.23119,51.54874,3,3,6,13:00,-1,E09000005,6,0,1,0,1,99,9,9,99,9,99,1,0,1,0,0,0,2,23
2024010496560,2024,010496560,531572,192387,-0.10109,51.61494,3,3,2,10:18,-1,E09000010,3,0,8,0,1,99,9,9,99,9,99,0,1,0,1,0,0,2,26
2024010496561,2024,010496561,539657,176770,0.00942,51.47266,3,3,7,17:00,-1,E09000023,5,0,2,1,1,99,9,9,99,9,99,1,0,0,0,0,0,2,24
2024010496582,2024,010496582,514812,179100,-0.34737,51.49919,2,2,2,06:30,-1,E09000009,4,0,1,1,1,19,1,5,0,7,11,1,0,0,0,0,0,2,26
2024010496585,2024,010496585,520850,168266,-0.26412,51.40056,3,3,2,11:00,-1,E09000021,3,0,4,0,1,99,9,9,99,9,99,1,1,0,0,0,0,2,26
2024010496586,2024,010496586,550579,176254,0.16634,51.46523,2,2,2,11:54,-1,E09000004,6,0,1,0,1,"[19, 9]","[7, 3]","[3, 8]",0,0,0,1,0,1,0,0,0,2,26
2024010496592,2024,010496592,514814,189102,-0.34408,51.58908,3,3,2,08:44,-1,E09000015,5,0,1,0,1,99,9,9,99,9,99,1,0,0,0,0,0,2,26
2024010496596,2024,010496596,525409,172423,-0.19715,51.43693,3,3,2,06:20,-1,E09000024,3,2,1,0,1,"[2, 19, 5]","[0, 1]","[0, 5]",0,0,0,1,0,0,0,0,0,2,26
2024010496605,2024,010496605,533548,184181,-0.07568,51.54074,3,3,2,13:40,-1,E09000012,5,0,1,0,1,"[19, 5]",3,7,0,0,0,1,1,0,0,0,0,2,26
2024010496606,2024,010496606,510724,180855,-0.40569,51.51578,3,3,1,12:21,-1,E09000017,6,0,1,0,1,99,9,9,99,9,99,1,0,0,0,0,0,2,25
2024010496609,2024,010496609,527954,181166,-0.15739,51.51494,3,3,2,13:26,-1,E09000033,3,0,1,0,1,"[3, 15, 9]","[6, 2]","[2, 6, 1]",0,0,0,1,0,1,0,0,0,2,26
2024010496615,2024,010496615,546139,175916,0.10233,51.46336,3,3,1,20:10,-1,E09000004,3,2,9,-1,1,99,9,9,99,9,99,1,0,1,0,0,0,2,25
2024010496619,2024,010496619,533717,178276,-0.07548,51.48763,3,3,2,14:47,-1,E09000028,6,0,1,0,1,"[99, 19]","[9, 1]","[9, 5]",99,9,99,0,1,0,1,0,0,2,26
2024010496622,2024,010496622,526586,177275,-0.17849,51.48028,3,3,2,13:05,-1,E09000020,3,0,1,0,1,99,9,9,99,9,99,1,1,0,0,0,0,2,26
2024010496628,2024,010496628,538819,175238,-0.00324,51.4591,3,3,2,10:42,-1,E09000023,3,0,9,-1,1,99,9,9,99,9,99,1,0,1,0,0,0,2,26
2024010496633,2024,010496633,544498,187172,0.08333,51.56492,3,3,2,15:45,-1,E09000026,5,0,1,0,1,19,5,1,0,0,0,1,0,0,0,0,1,2,26
2024010496641,2024,010496641,520985,190421,-0.25459,51.59965,3,3,6,19:40,-1,E09000003,6,2,9,-1,1,99,9,9,99,9,99,1,0,0,0,0,1,2,23
2024010496643,2024,010496643,534423,180911,-0.06432,51.51114,3,3,6,11:25,-1,E09000030,6,0,9,0,1,99,9,9,99,9,99,0,1,0,0,0,0,2,23
2024010496648,2024,010496648,513743,172789,-0.36479,51.44268,3,3,2,17:00,-1,E09000027,4,0,1,0,1,99,9,9,99,9,99,1,0,0,0,0,0,2,26
2024010496656,2024,010496656,512942,181267,-0.37361,51.51904,2,2,2,18:10,-1,E09000009,6,2,1,0,1,"[19, 7]","[3, 5]",7,0,0,0,1,1,0,0,0,0,2,26
2024010496659,2024,010496659,554376,191805,0.22777,51.60393,3,3,2,17:25,-1,E09000016,5,0,1,0,1,99,9,9,99,9,99,1,0,0,0,0,0,2,26
2024010496660,2024,010496660,548024,187845,0.13445,51.57005,3,3,2,18:52,-1,E09000002,6,2,1,0,1,"[5, 19]","[1, 3]","[5, 7]",0,0,0,1,0,0,0,0,0,2,26
2024010496664,2024,010496664,542739,183043,0.0563,51.52826,3,3,6,08:40,-1,E09000025,3,0,1,0,1,99,9,9,99,0,0,1,1,0,0,0,0,2,23
2024010496666,2024,010496666,532771,182442,-0.08753,51.52529,3,3,2,09:12,-1,E09000019,3,0,1,0,1,19,3,7,0,0,0,1,0,0,0,0,1,2,26
2024010496667,2024,010496667,530413,179663,-0.12253,51.50087,3,3,2,19:00,-1,E09000033,3,2,1,1,2,"[4, 19]",1,5,0,0,0,1,0,0,1,0,0,2,26
2024010496668,2024,010496668,519867,180217,-0.2742,51.50818,3,3,2,18:30,-1,E09000009,3,2,1,0,1,99,9,9,99,9,99,0,1,1,0,0,0,2,26
2024010496672,2024,010496672,537263,189635,-0.02002,51.58886,2,2,2,15:44,-1,E09000031,3,0,1,0,1,19,1,5,11,0,0,1,0,0,0,0,1,2,26
2024010496675,2024,010496675,524402,186868,-0.20654,51.56697,2,2,2,21:08,-1,E09000003,3,2,1,0,1,19,"[1, 3]","[5, 7]",0,0,0,1,1,0,0,0,0,2,26
2024010496676,2024,010496676,505835,184503,-0.47502,51.5495,3,3,6,11:05,-1,E09000017,5,0,1,0,1,"[19, 1]","[9, 1]","[9, 5]",99,"[9, 0]","[99, 0]",1,0,0,0,0,0,1,26
2024010496681,2024,010496681,513034,182761,-0.3718,51.53245,3,3,2,19:10,-1,E09000009,4,0,1,0,1,19,1,5,11,0,0,1,0,0,0,0,1,2,26
2024010496683,2024,010496683,542783,184123,0.05737,51.53796,3,3,2,14:00,-1,E09000025,6,0,1,0,1,99,9,9,99,"[0, 9]","[0, 99]",1,0,1,0,0,0,2,26
2024010496686,2024,010496686,534800,185858,-0.057,51.55551,3,3,2,20:14,-1,E09000012,5,2,1,0,1,19,7,3,10,7,2,1,0,0,0,0,0,2,26
2024010496689,2024,010496689,551296,190457,0.18275,51.59265,3,3,2,16:00,-1,E09000016,3,0,1,0,1,99,9,9,99,9,99,1,0,0,0,0,0,2,26
2024010496692,2024,010496692,550193,185192,0.16459,51.54564,3,3,5,08:20,-1,E09000002,5,0,1,0,1,"[9, 2]","[3, 0]","[1, 0]","[4, 0]",0,0,1,0,0,0,0,0,2,22
2024010496699,2024,010496699,521080,180073,-0.25678,51.50663,2,"[2, 3]",3,01:52,-1,E09000009,3,2,1,0,1,7,7,2,0,1,11,1,0,0,0,0,0,2,27
2024010496701,2024,010496701,514580,183148,-0.3494,51.53562,3,3,2,21:57,-1,E09000009,6,2,1,0,1,"[19, 2]","[5, 0, 1]","[1, 0, 5]","[10, 0]",0,0,1,0,0,0,0,0,2,26
2024010496702,2024,010496702,533533,168976,-0.08164,51.4041,3,3,3,03:45,-1,E09000008,3,2,1,0,1,9,"[8, 6]","[6, 3]",0,0,0,1,0,1,0,0,0,2,27
2024010496704,2024,010496704,541504,185245,0.03939,51.54836,3,3,3,01:51,-1,E09000025,3,2,1,0,1,"[6, 19]","[7, 3]",7,0,0,0,1,0,1,0,0,0,2,27
2024010496713,2024,010496713,532905,196402,-0.08032,51.65071,3,3,7,14:08,-1,E09000010,3,0,9,-1,1,99,9,9,99,9,99,1,0,1,0,0,0,2,24
2024010496723,2024,010496723,544335,186611,0.08075,51.55992,3,3,3,08:45,-1,E09000026,3,0,1,0,1,99,9,9,99,9,99,1,0,0,0,0,0,2,27
2024010496724,2024,010496724,543407,188342,0.06808,51.57571,3,3,3,09:35,-1,E09000026,6,0,1,0,1,"[2, 99]","[0, 9]","[0, 9]","[0, 99]","[0, 9]","[0, 99]",1,0,0,0,0,1,2,27
2024010496730,2024,010496730,517766,174747,-0.30628,51.45946,3,3,5,22:00,-1,E09000027,3,2,1,1,1,99,9,9,99,9,99,1,1,0,0,0,0,2,22
2024010496733,2024,010496733,523507,185809,-0.21982,51.55765,3,3,2,17:00,-1,E09000005,6,0,9,-1,1,99,9,9,99,9,99,1,0,1,0,0,0,2,26
2024010496734,2024,010496734,523907,189248,-0.21284,51.58847,3,3,2,17:30,-1,E09000003,6,0,9,0,1,99,9,9,99,9,99,1,0,1,0,0,0,2,26
2024010496736,2024,010496736,524836,177466,-0.20361,51.48238,3,3,3,19:40,-1,E09000013,6,2,1,1,1,99,9,9,99,9,99,1,0,1,0,0,0,2,20
2024010496737,2024,010496737,541308,177069,0.03329,51.47494,3,3,6,19:50,-1,E09000011,3,2,9,-1,1,99,9,9,99,9,99,1,0,1,0,0,0,2,23
2024010496741,2024,010496741,533621,194979,-0.07052,51.63775,3,3,6,15:40,-1,E09000010,6,0,9,-1,1,99,9,9,99,9,99,1,0,1,0,0,0,2,23
2024010496742,2024,010496742,530789,166865,-0.12184,51.38577,3,3,3,10:20,-1,E09000008,3,0,1,0,1,7,4,7,0,"[7, 0]",0,1,0,0,0,0,0,2,27
2024010496744,2024,010496744,539576,178826,0.00906,51.49116,3,3,2,12:30,-1,E09000011,3,0,9,-1,1,99,9,9,99,9,99,1,0,1,0,0,0,2,26
2024010496745,2024,010496745,506733,182055,-0.46282,51.52733,3,3,1,21:00,-1,E09000017,5,2,2,1,1,99,9,9,99,9,99,1,0,0,0,0,0,2,25
2024010496747,2024,010496747,528801,174036,-0.14779,51.45067,3,3,1,09:04,-1,E09000032,3,0,1,0,1,99,9,9,99,9,99,1,1,0,0,0,0,2,25
2024010496752,2024,010496752,513787,185098,-0.3602,51.5533,3,3,3,21:56,-1,E09000009,3,2,9,-1,1,"[3, 19]",7,3,0,0,0,1,0,0,0,0,0,2,6
2024010496759,2024,010496759,530794,190668,-0.11296,51.59968,3,3,3,08:50,-1,E09000014,3,0,1,0,1,19,4,8,0,0,0,1,0,0,0,0,1,2,27
2024010496760,2024,010496760,518077,168891,-0.30376,51.40676,3,3,1,14:15,-1,E09000021,3,0,1,0,1,99,9,9,99,9,99,1,1,0,0,0,0,2,18
2024010496767,2024,010496767,528718,179342,-0.14705,51.49837,2,2,3,08:15,-1,E09000033,3,0,1,0,1,5,1,5,0,0,0,0,1,0,1,0,0,2,27
2024010496769,2024,010496769,535180,185431,-0.05168,51.55158,2,2,5,00:14,-1,E09000012,3,2,9,1,1,19,1,5,0,0,0,1,1,0,0,0,0,2,22
2024010496773,2024,010496773,515256,177184,-0.3416,51.48188,3,3,3,08:15,-1,E09000018,3,0,1,0,1,"[19, 7]","[7, 5]","[3, 7]",0,0,0,1,1,0,0,0,0,2,27