collision_index,collision_year,collision_ref_no,location_easting_osgr,location_northing_osgr,longitude,latitude,casualty_severity,casualty_severity,day_of_week,time,local_authority_district,local_authority_ons_district,first_road_class,light_conditions,weather_conditions,road_surface_conditions,urban_or_rural_area,vehicle_manoeuvre,vehicle_direction_from,vehicle_direction_to,hit_object_in_carriageway,vehicle_leaving_carriageway,hit_object_off_carriageway,is_car,is_cyle,is_mcyle,is_goodsv,is_other,is_pedestrian,month,day
2024010497209,2024,010497209,541149,190331,0.03632,51.59415,3,3,1,09:20,-1,E09000026,3,0,1,0,1,"[11, 5]","[5, 7]","[1, 3]",0,0,0,1,0,1,0,0,0,1,28
2024010497211,2024,010497211,526274,178810,-0.18243,51.49414,3,3,5,09:05,-1,E09000020,5,0,9,-1,1,99,9,9,99,9,99,1,0,0,0,0,1,2,29
2024010497217,2024,010497217,504934,175642,-0.49065,51.47002,3,3,5,15:30,-1,EHEATHROW,6,0,2,1,2,19,1,5,0,0,0,0,0,0,0,1,1,2,29
2024010497220,2024,010497220,519807,182230,-0.27438,51.52628,3,3,4,21:15,-1,E09000009,3,2,2,1,1,99,9,9,99,9,99,1,0,0,0,0,0,2,28
2024010497222,2024,010497222,524795,183205,-0.20217,51.53397,3,3,4,20:06,-1,E09000005,6,2,1,0,1,99,9,9,99,9,99,1,0,0,0,0,0,2,28
2024010497225,2024,010497225,526275,192014,-0.17768,51.6128,3,3,5,15:00,-1,E09000003,3,0,2,1,1,"[3, 19]",9,9,99,9,99,1,0,1,0,0,0,2,29
2024010497227,2024,010497227,516511,192858,-0.31835,51.62249,2,"[3, 2]",5,16:40,-1,E09000015,3,0,2,1,1,"[2, 19]","[0, 8, 4]","[0, 4, 8]","[4, 0]","[7, 0]",0,1,0,0,1,0,0,2,29
2024010497231,2024,010497231,540095,186524,0.01959,51.5602,3,3,5,17:47,-1,E09000026,5,2,2,1,2,5,1,5,0,0,0,0,0,0,1,0,0,2,29
2024010497234,2024,010497234,534827,183664,-0.05745,51.53579,3,3,5,18:47,-1,E09000012,6,2,1,1,1,9,5,3,0,0,0,1,0,0,0,0,1,2,29
2024010497236,2024,010497236,533892,191246,-0.06803,51.60414,3,3,5,18:41,-1,E09000014,3,2,2,1,1,"[19, 99]","[3, 9]","[7, 9]",99,9,99,1,1,0,0,0,0,2,29
2024010497237,2024,010497237,549875,185875,0.1603,51.55186,3,3,5,13:20,-1,E09000002,3,0,2,1,1,5,3,7,0,0,0,0,0,0,1,0,0,2,29
2024010497240,2024,010497240,524397,169904,-0.21259,51.41452,3,3,5,19:00,-1,E09000024,6,2,1,1,1,9,7,5,0,0,0,1,0,0,0,0,1,2,29
2024010497241,2024,010497241,533070,178490,-0.08472,51.48971,3,3,5,13:20,-1,E09000028,5,0,2,1,1,99,9,9,99,9,99,1,0,0,0,0,1,2,29
2024010497242,2024,010497242,518226,169891,-0.30129,51.41572,3,3,5,17:43,-1,E09000021,3,2,2,1,1,19,5,1,0,0,0,1,0,0,0,0,1,2,29
2024010497243,2024,010497243,530505,186051,-0.11884,51.55825,3,3,4,23:10,-1,E09000019,3,2,1,0,1,99,9,9,99,9,99,1,1,0,0,0,0,2,28
2024010497244,2024,010497244,545317,185004,0.09425,51.54523,3,3,5,15:40,-1,E09000002,5,0,2,1,1,99,9,9,99,9,99,1,0,0,0,0,0,2,29
2024010497246,2024,010497246,532033,180222,-0.099,51.50551,2,2,5,07:20,-1,E09000028,3,0,1,0,1,99,9,9,"[8, 99]",9,99,1,1,0,0,0,0,2,29
2024010497247,2024,010497247,532766,183284,-0.08729,51.53286,2,2,5,19:10,-1,E09000012,3,2,1,1,1,"[19, 9]","[1, 3]","[5, 1]",0,0,0,1,0,1,0,0,0,2,29
2024010497248,2024,010497248,534421,181967,-0.06395,51.52063,3,3,5,15:10,-1,E09000030,4,0,2,1,1,99,9,9,99,9,99,1,1,0,0,0,0,2,29
2024010497250,2024,010497250,543570,186616,0.06973,51.56016,3,3,5,20:15,-1,E09000026,3,2,2,1,1,5,5,1,0,0,0,0,0,0,1,0,0,2,29
2024010497253,2024,010497253,548874,174350,0.14101,51.44857,2,2,5,08:30,-1,E09000004,3,2,2,1,1,"[19, 11]","[7, 3]","[3, 7]",0,0,0,1,0,1,0,0,0,2,29
2024010497258,2024,010497258,539417,170613,0.00354,51.4174,3,3,5,15:25,-1,E09000006,3,0,2,1,1,"[10, 19]","[6, 4]","[4, 8]",0,0,0,1,0,0,0,0,0,2,29
2024010497259,2024,010497259,531213,185177,-0.10896,51.55023,2,2,5,14:36,-1,E09000019,3,0,2,1,1,"[19, 9]","[1, 7]","[5, 4]",0,0,0,1,0,1,0,0,0,2,29
2024010497262,2024,010497262,533718,178272,-0.07547,51.4876,3,3,5,00:40,-1,E09000028,3,2,1,0,1,99,9,9,99,9,99,1,1,0,0,0,0,2,29
2024010497271,2024,010497271,535384,192108,-0.04617,51.61153,3,3,5,22:25,-1,E09000010,6,2,1,0,1,99,9,9,99,9,99,1,0,0,0,0,0,2,29
2024010497273,2024,010497273,519121,186053,-0.28297,51.56079,3,3,5,19:45,-1,E09000005,4,2,1,1,1,4,5,1,0,0,0,0,0,0,1,0,1,2,29
2024010497274,2024,010497274,540866,177164,0.02697,51.47591,3,3,5,22:57,-1,E09000011,4,2,1,0,1,"[9, 19]","[1, 3]",7,0,0,0,1,0,0,0,0,0,2,29
2024010497275,2024,010497275,530621,180841,-0.1191,51.51141,2,2,5,21:20,-1,E09000033,3,0,1,0,1,5,"[5, 0]",1,0,0,0,1,1,0,0,0,0,2,29
2024010497276,2024,010497276,522308,180083,-0.23909,51.50645,3,3,5,23:20,-1,E09000013,3,2,1,0,1,"[6, 19]",3,"[3, 7]",0,0,0,1,1,0,0,0,0,2,29
2024010497277,2024,010497277,547297,180232,0.12078,51.50184,2,2,5,20:15,-1,E09000011,3,2,2,1,2,9,3,8,0,0,0,1,0,1,0,0,0,2,29
2024010497279,2024,010497279,532160,166667,-0.10222,51.38367,2,2,5,17:45,-1,E09000008,3,2,9,1,1,5,3,7,0,0,0,0,0,0,1,0,1,2,29
2024010497284,2024,010497284,535627,167784,-0.05201,51.39289,3,3,5,18:50,-1,E09000008,3,2,1,1,1,"[19, 3]","[1, 5]","[5, 1]",0,0,0,1,0,0,0,0,0,2,29
2024010497288,2024,010497288,536638,181117,-0.03234,51.51246,2,"[2, 3]",6,02:10,-1,E09000030,3,2,1,1,1,"[9, 19]","[4, 7]","[2, 3]",0,0,0,0,0,1,0,0,0,3,1
2024010497290,2024,010497290,528812,174239,-0.14756,51.45249,3,3,6,01:48,-1,E09000022,3,2,1,0,1,"[19, 3]","[1, 3]","[5, 7]",0,0,0,1,1,0,0,0,0,3,1
2024010497292,2024,010497292,532813,176703,-0.08909,51.47371,2,2,5,23:40,-1,E09000028,3,2,1,0,1,"[13, 9]",7,"[3, 5]",0,0,0,1,1,0,0,0,0,2,29
2024010497293,2024,010497293,528979,185292,-0.14112,51.55178,3,3,5,23:15,-1,E09000007,3,2,4,1,1,9,1,6,0,0,0,0,1,0,0,0,0,2,29
2024010497296,2024,010497296,523467,178432,-0.22298,51.49136,3,3,4,17:15,-1,E09000013,3,2,2,1,1,99,9,9,99,9,99,1,0,1,0,0,0,2,28
2024010497301,2024,010497301,526255,178438,-0.18284,51.4908,3,3,2,18:00,-1,E09000020,3,2,9,-1,1,99,9,9,99,9,99,0,1,1,0,0,0,2,26
2024010497302,2024,010497302,523873,179965,-0.2166,51.50505,2,"[2, 3]",6,04:34,-1,E09000020,3,2,1,0,1,5,1,5,11,0,0,1,0,0,0,0,0,3,1
2024010497306,2024,010497306,541313,172242,0.03144,51.43157,3,3,5,18:25,-1,E09000023,4,2,2,1,1,99,9,9,99,9,99,1,1,0,0,0,0,2,29
2024010497308,2024,010497308,519787,166245,-0.28008,51.38262,3,3,5,09:00,-1,E09000021,3,0,9,-1,1,99,9,9,99,9,99,1,0,1,0,0,0,2,29
2024010497309,2024,010497309,543839,185849,0.07329,51.5532,3,3,4,12:50,-1,E09000026,3,0,9,-1,1,99,9,9,99,9,99,1,0,1,0,0,0,2,28
2024010497310,2024,010497310,516837,170747,-0.32097,51.4237,3,3,6,08:38,-1,E09000027,3,0,1,0,1,99,9,9,99,9,99,1,0,0,0,0,0,3,1
2024010497313,2024,010497313,526332,192323,-0.17675,51.61557,3,3,7,19:56,-1,E09000003,3,2,1,0,1,99,9,9,99,9,99,0,0,1,0,0,1,2,24
2024010497316,2024,010497316,550543,190038,0.17171,51.58909,3,3,6,08:30,-1,E09000016,4,0,2,1,1,"[8, 7]",1,4,0,0,0,1,0,0,0,0,0,3,1
2024010497324,2024,010497324,530707,172919,-0.12079,51.44019,3,3,6,10:16,-1,E09000022,6,0,1,1,1,"[2, 19]","[0, 7]","[0, 3]",0,0,0,1,0,0,0,0,0,3,1
2024010497325,2024,010497325,525991,168503,-0.19017,51.40157,3,3,6,08:58,-1,E09000024,3,0,2,1,1,"[9, 3, 4]","[7, 5, 1]","[4, 1, 5]",0,0,0,1,0,0,0,0,0,3,1
2024010497327,2024,010497327,522755,184451,-0.23114,51.54561,3,3,4,18:30,-1,E09000005,3,2,1,0,1,99,9,9,99,9,99,1,0,1,0,0,0,2,28
2024010497328,2024,010497328,521298,178892,-0.25405,51.49597,2,2,6,07:45,-1,E09000018,4,0,2,1,1,"[9, 19]","[3, 1]","[8, 5]",0,0,0,1,0,0,0,0,0,3,1
2024010497330,2024,010497330,543213,183677,0.06339,51.53384,3,3,5,15:47,-1,E09000025,3,0,1,1,1,99,9,9,99,9,99,1,0,1,0,0,0,2,29
2024010497333,2024,010497333,541934,191840,0.04825,51.60751,2,2,6,10:40,-1,E09000026,1,0,2,1,2,"[4, 8]",1,"[5, 4]",0,0,0,1,0,0,0,0,0,3,1
2024010497341,2024,010497341,531625,166117,-0.11011,51.37885,3,3,6,09:00,-1,E09000008,3,0,2,1,1,5,5,1,0,0,0,0,0,1,0,0,1,3,1
2024010497347,2024,010497347,533856,195798,-0.06682,51.64506,3,3,5,10:45,-1,E09000010,6,0,2,1,1,99,9,9,99,9,99,1,0,1,0,0,0,2,29
2024010497351,2024,010497351,527213,168137,-0.17275,51.39801,3,3,6,10:30,-1,E09000024,3,0,8,1,1,99,9,9,99,9,99,1,0,0,0,0,0,3,1
2024010497356,2024,010497356,548467,185778,0.13996,51.55136,3,3,3,20:21,-1,E09000002,5,2,1,0,1,"[99, 19]","[9, 7]","[9, 3]","[99, 0]","[9, 0]","[99, 0]",1,0,0,0,0,0,2,20
2024010497362,2024,010497362,527398,175235,-0.16754,51.46176,3,3,5,08:16,-1,E09000032,5,0,1,0,1,99,9,9,99,9,99,1,1,0,0,0,0,2,29
2024010497364,2024,010497364,538629,171596,-0.0074,51.42642,2,2,6,08:35,-1,E09000023,3,0,2,1,1,19,5,1,0,0,0,1,0,0,1,0,0,3,1
2024010497365,2024,010497365,528890,180613,-0.14411,51.50975,3,3,6,12:15,-1,E09000033,6,0,9,-1,1,99,9,9,99,9,99,0,0,1,0,0,0,3,1
2024010497370,2024,010497370,529242,174307,-0.14135,51.453,3,3,2,13:20,-1,E09000022,5,0,1,1,1,99,9,9,99,9,99,1,0,1,0,0,0,2,26
2024010497371,2024,010497371,530258,162079,-0.13122,51.34288,3,3,5,18:30,-1,E09000008,3,2,1,1,1,99,9,9,99,9,99,1,0,1,0,0,0,2,29
2024010497373,2024,010497373,514431,187517,-0.35012,51.57491,3,3,5,18:00,-1,E09000015,5,2,2,-1,1,99,9,9,99,9,99,1,0,0,0,0,0,2,29
2024010497380,2024,010497380,525036,184129,-0.19837,51.54222,3,3,4,19:01,-1,E09000007,3,2,9,-1,1,99,9,9,99,9,99,1,0,1,0,0,0,2,28
2024010497383,2024,010497383,540458,190004,0.02622,51.59138,3,3,5,14:55,-1,E09000026,6,0,1,1,1,99,9,9,99,9,99,1,0,1,0,0,0,2,29
2024010497385,2024,010497385,543902,182498,0.07283,51.52307,3,3,5,18:50,-1,E09000025,3,2,2,-1,2,99,9,9,99,9,99,1,0,0,0,0,0,2,29
2024010497390,2024,010497390,520812,189564,-0.25739,51.59198,3,3,6,15:30,-1,E09000005,3,0,1,0,1,4,5,1,0,0,0,1,0,0,0,0,0,3,1
2024010497391,2024,010497391,521994,179210,-0.24392,51.49867,3,3,5,19:00,-1,E09000013,3,2,2,1,1,99,9,9,99,9,99,1,0,0,0,0,1,2,29
2024010497396,2024,010497396,527206,166534,-0.17342,51.38361,3,3,6,16:55,-1,E09000029,6,0,2,1,1,19,5,1,0,0,0,0,0,1,0,0,0,3,1
2024010497398,2024,010497398,532501,176894,-0.09351,51.4755,3,3,5,11:36,-1,E09000028,3,0,5,1,1,99,9,9,99,9,99,0,1,0,1,0,0,2,29
2024010497401,2024,010497401,524341,169329,-0.21359,51.40936,3,3,1,19:01,-1,E09000024,3,2,2,1,1,99,9,9,99,9,99,1,0,0,0,0,1,2,25
2024010497410,2024,010497410,530384,173503,-0.12522,51.44552,2,2,6,17:52,-1,E09000022,3,2,2,0,1,19,7,3,0,0,0,0,0,1,0,0,1,3,1
2024010497415,2024,010497415,519765,182995,-0.27473,51.53317,3,3,6,13:00,-1,E09000005,5,0,9,-1,1,99,9,9,99,9,99,1,0,1,0,0,0,3,1
2024010497425,2024,010497425,541456,183231,0.03789,51.53028,3,3,6,07:40,-1,E09000025,3,0,2,1,1,99,9,9,99,9,99,0,1,0,0,0,0,3,1
2024010497427,2024,010497427,521289,178888,-0.25418,51.49593,3,3,6,16:24,-1,E09000018,4,0,5,1,1,"[3, 4, 14]",3,7,0,0,0,1,0,0,0,0,0,3,1
2024010497428,2024,010497428,530646,176756,-0.12025,51.47469,3,3,5,19:58,-1,E09000022,3,2,9,1,1,99,9,9,99,9,99,0,0,1,0,0,1,2,1
2024010497429,2024,010497429,533918,189241,-0.06842,51.58612,3,3,6,15:22,-1,E09000014,6,0,1,0,1,"[19, 5]",1,5,0,0,0,1,0,1,0,0,0,3,1
2024010497431,2024,010497431,528960,184601,-0.14165,51.54558,3,3,4,10:15,-1,E09000007,3,0,2,1,1,99,9,9,99,9,99,0,1,0,0,0,0,2,28
2024010497432,2024,010497432,529114,184054,-0.13963,51.54063,2,2,6,18:18,-1,E09000007,3,2,2,1,1,19,7,3,0,0,0,0,0,0,1,0,0,3,1
2024010497435,2024,010497435,515153,177605,-0.34295,51.48568,3,3,6,18:24,-1,E09000018,6,2,2,1,1,"[19, 5]","[2, 3]","[6, 7]","[11, 0]",0,0,1,1,0,0,0,0,3,1
2024010497437,2024,010497437,532786,174890,-0.09016,51.45742,3,3,4,18:20,-1,E09000028,6,2,1,1,1,99,9,9,99,9,99,1,1,0,0,0,0,2,28
2024010497441,2024,010497441,528781,170885,-0.14922,51.42235,3,3,6,18:00,-1,E09000032,6,2,9,1,1,19,"[5, 3]","[1, 7]",0,0,0,1,0,0,0,0,0,3,1
2024010497442,2024,010497442,513788,185073,-0.36019,51.55308,2,"[3, 2]",6,19:50,-1,E09000009,3,2,1,1,1,"[19, 11]","[5, 1]","[1, 5]",0,0,0,1,0,0,0,0,0,3,1
2024010497444,2024,010497444,518066,184895,-0.29857,51.5506,3,3,6,17:00,-1,E09000005,3,0,2,0,1,99,9,9,99,9,99,1,0,0,0,0,1,3,1
2024010497445,2024,010497445,526018,163826,-0.19144,51.35954,3,3,6,20:22,-1,E09000029,4,2,2,1,1,14,5,1,0,0,0,0,0,1,0,0,1,3,1
2024010497450,2024,010497450,525299,181299,-0.19559,51.51673,3,3,6,21:30,-1,E09000033,5,0,1,1,1,99,9,9,99,9,99,1,0,0,0,0,0,3,1
2024010497451,2024,010497451,535206,178105,-0.05412,51.48574,3,3,6,21:08,-1,E09000028,5,2,8,1,1,"[9, 19]","[5, 1]","[4, 5]",0,0,0,1,1,0,0,0,0,3,1
2024010497453,2024,010497453,525667,170500,-0.19412,51.41959,3,3,6,21:50,-1,E09000024,3,2,1,1,1,4,7,3,0,0,0,1,0,0,0,0,1,3,1
2024010497462,2024,010497462,533149,192377,-0.07833,51.61448,3,3,6,16:47,-1,E09000010,3,0,2,1,1,"[19, 11]",7,3,0,0,0,1,0,1,0,0,0,3,1
2024010497464,2024,010497464,543024,181661,0.05984,51.51577,3,3,6,19:05,-1,E09000025,5,2,2,1,1,99,9,9,99,9,99,0,0,1,0,0,0,3,1
2024010497476,2024,010497476,529920,180398,-0.12936,51.50759,3,3,7,01:42,-1,E09000033,3,2,2,1,1,5,7,3,0,0,0,0,0,0,1,0,1,3,2
2024010497479,2024,010497479,528033,182090,-0.15592,51.52322,2,2,6,23:44,-1,E09000033,5,2,1,1,1,19,"[5, 8]","[8, 5]",0,0,0,1,0,1,0,0,0,3,1
2024010497480,2024,010497480,536687,189067,-0.02855,51.58389,3,3,7,00:17,-1,E09000031,5,2,1,0,1,19,1,5,0,1,2,1,0,0,0,0,0,3,2
2024010497482,2024,010497482,525667,195814,-0.1851,51.64709,3,3,7,01:26,-1,E09000003,3,2,2,1,1,"[5, 2, 19, 6]","[7, 0, 3]","[3, 0, 7]",0,0,0,1,0,0,0,0,0,3,2
2024010497483,2024,010497483,511145,187617,-0.39749,51.57647,3,3,6,21:30,-1,E09000017,5,2,2,1,1,19,1,5,0,0,0,0,0,1,0,0,1,3,1
2024010497489,2024,010497489,539162,182286,0.00447,51.52235,3,3,6,23:55,-1,E09000025,3,2,2,1,1,"[13, 19]","[1, 5]","[5, 1]",0,"[7, 0]","[2, 0]",1,0,0,1,0,0,3,1
2024010497490,2024,010497490,533515,182277,-0.07688,51.52363,3,3,7,04:50,-1,E09000012,3,2,2,1,1,"[9, 7]","[7, 5]","[5, 7]","[11, 0]",0,"[1, 0]",1,0,0,0,0,0,3,2
2024010497493,2024,010497493,520277,190669,-0.26473,51.60203,3,3,6,23:51,-1,E09000003,5,2,2,1,1,5,3,7,0,0,0,0,0,0,1,0,0,3,1
2024010497494,2024,010497494,525809,183887,-0.18732,51.53987,3,3,7,02:20,-1,E09000007,4,2,2,1,1,"[19, 9]","[5, 1]","[1, 7]",0,0,0,1,0,1,0,0,0,3,2
2024010497497,2024,010497497,529309,180671,-0.13806,51.51018,3,3,7,03:53,-1,E09000033,3,2,1,1,1,"[19, 3]",4,8,"[4, 0]",0,0,1,0,0,0,0,0,3,2
2024010497500,2024,010497500,513395,186274,-0.36547,51.56395,2,2,7,08:11,-1,E09000015,5,0,2,1,1,"[19, 9]","[3, 7]","[7, 4]",0,0,0,1,0,1,0,0,0,3,2
2024010497507,2024,010497507,535237,198644,-0.04577,51.6703,3,3,6,12:15,-1,E09000010,6,0,2,1,1,99,9,9,99,9,99,1,0,1,0,0,0,3,1
2024010497508,2024,010497508,530863,166499,-0.12091,51.38246,3,3,7,08:48,-1,E09000008,3,0,2,1,1,9,"[7, 3]","[5, 1]",0,0,0,1,0,1,0,0,0,3,2
2024010497511,2024,010497511,538785,171505,-0.00519,51.42557,3,3,3,15:30,-1,E09000023,3,0,9,0,1,19,1,5,0,0,0,0,0,0,1,0,1,2,27
2024010497512,2024,010497512,531864,165459,-0.10692,51.37288,3,3,7,09:30,-1,E09000008,3,0,2,1,1,"[4, 19]",1,5,"[0, 4]",0,0,1,0,1,0,0,0,3,2
2024010497513,2024,010497513,539674,181093,0.01137,51.51151,3,3,7,03:25,-1,E09000025,3,2,2,1,1,99,9,9,99,9,99,1,0,0,0,0,0,3,2
2024010497515,2024,010497515,527535,173159,-0.16632,51.44307,3,3,6,10:55,-1,E09000032,6,0,8,0,1,99,9,9,99,9,99,1,0,0,0,1,0,3,1
2024010497518,2024,010497518,521735,190124,-0.24387,51.59682,2,2,7,11:00,-1,E09000003,5,0,2,1,1,5,5,1,0,0,0,1,0,0,0,0,1,3,2
2024010497523,2024,010497523,519948,180168,-0.27305,51.50772,3,3,6,15:05,-1,E09000009,3,0,8,0,1,99,9,9,99,9,99,0,0,1,0,0,1,3,1
2024010497526,2024,010497526,529035,169674,-0.14601,51.41141,3,3,7,08:13,-1,E09000024,5,0,2,1,1,"[19, 6]",1,"[5, 1]",0,0,0,1,0,0,0,0,0,3,2
2024010497528,2024,010497528,525404,183642,-0.19324,51.53776,3,3,7,11:05,-1,E09000005,3,0,2,1,1,"[9, 19]","[7, 1]","[4, 5]",0,0,0,1,0,1,0,0,0,3,2
2024010497534,2024,010497534,525912,165961,-0.19221,51.37875,3,3,6,08:15,-1,E09000029,4,0,2,1,1,99,9,9,99,9,99,1,0,0,0,0,1,3,1
2024010497535,2024,010497535,537356,170745,-0.02603,51.41909,3,3,4,09:00,-1,E09000006,6,0,8,-1,1,99,9,9,99,9,99,1,1,0,0,0,0,2,28
2024010497546,2024,010497546,554784,187069,0.23157,51.56127,3,3,7,11:20,-1,E09000016,5,0,9,-1,1,99,9,9,99,9,99,1,0,0,0,0,1,3,2
2024010497549,2024,010497549,531674,174440,-0.10632,51.45364,2,2,5,11:50,-1,E09000022,3,0,5,1,1,99,9,9,0,0,0,1,0,0,0,0,1,2,29
2024010497560,2024,010497560,510048,173499,-0.41772,51.44979,2,2,7,11:51,-1,E09000018,4,0,1,1,1,"[7, 19]","[6, 4]",8,0,0,0,1,0,1,0,0,0,3,2
2024010497561,2024,010497561,518390,177787,-0.29629,51.48665,3,3,7,14:48,-1,E09000018,3,0,1,1,2,19,7,3,"[10, 0]","[1, 0]","[11, 0]",0,0,1,0,0,0,3,2
2024010497565,2024,010497565,532215,179119,-0.09679,51.49556,3,3,6,17:00,-1,E09000028,6,0,1,0,1,99,9,9,99,9,99,1,0,0,0,0,0,3,1
2024010497568,2024,010497568,523947,186175,-0.21335,51.56084,2,2,6,18:30,-1,E09000003,6,2,2,1,1,99,9,9,99,9,99,0,0,1,0,0,1,3,1
2024010497569,2024,010497569,524189,196485,-0.20621,51.65345,3,3,7,14:50,-1,E09000003,6,0,1,0,1,19,"[4, 2]","[8, 6]",0,0,0,1,0,1,0,0,0,3,2
2024010497570,2024,010497570,512838,172072,-0.37804,51.43642,3,3,6,16:01,-1,E09000018,3,0,9,-1,1,99,9,9,99,9,99,1,0,1,0,0,0,3,1
2024010497571,2024,010497571,523150,178782,-0.22742,51.49458,3,3,7,18:55,-1,E09000013,3,2,1,0,1,99,9,9,99,9,99,1,0,0,0,0,1,2,17
2024010497572,2024,010497572,530618,169198,-0.12344,51.40677,3,3,7,16:50,-1,E09000008,5,0,1,0,1,99,9,9,99,9,99,1,0,0,0,0,1,3,2
2024010497573,2024,010497573,520365,178335,-0.26767,51.49116,3,3,7,16:30,-1,E09000018,3,0,1,1,1,19,3,7,0,0,0,1,0,0,0,0,1,3,2
2024010497575,2024,010497575,541384,182759,0.03667,51.52605,3,3,6,08:10,-1,E09000025,5,2,2,1,1,19,1,5,0,0,0,1,0,0,0,0,1,3,1
2024010497578,2024,010497578,536748,170144,-0.035,51.41383,3,3,7,13:35,-1,E09000006,6,0,1,0,1,"[9, 19]","[5, 3]","[3, 7]",0,0,0,1,0,0,0,0,0,3,2
2024010497581,2024,010497581,529934,181040,-0.12892,51.51335,3,3,7,14:05,-1,E09000033,3,0,1,1,1,"[5, 7]","[3, 1]","[7, 3]",0,0,0,1,1,0,0,0,0,3,2
2024010497586,2024,010497586,521162,192052,-0.25148,51.61427,3,3,5,16:45,-1,E09000003,3,0,9,-1,1,99,9,9,99,9,99,1,0,0,0,0,1,2,29
2024010497589,2024,010497589,517763,180743,-0.30433,51.51335,3,3,7,18:09,-1,E09000009,3,2,8,1,1,9,3,1,0,0,0,1,0,0,0,0,1,3,2
2024010497591,2024,010497591,531739,172783,-0.106,51.43873,2,2,2,09:40,-1,E09000022,3,0,2,1,1,"[13, 4]",5,1,0,"[9, 0]",0,1,0,1,0,0,0,2,26
2024010497592,2024,010497592,541611,178730,0.03832,51.48979,3,3,7,16:50,-1,E09000011,3,0,1,1,1,4,1,5,0,0,0,1,0,0,0,0,0,3,2
2024010497596,2024,010497596,525317,173213,-0.19819,51.44405,3,3,7,17:42,-1,E09000032,3,0,1,0,1,7,"[5, 1]","[7, 3]",0,0,0,1,0,1,0,0,0,3,2
2024010497598,2024,010497598,538537,183837,-0.00392,51.53644,3,3,6,17:29,-1,E09000025,3,0,8,1,1,99,9,9,99,9,99,1,1,0,0,0,0,3,1
2024010497599,2024,010497599,534684,194005,-0.05555,51.62875,3,3,5,07:10,-1,E09000010,5,0,8,0,1,99,9,9,99,9,99,1,0,0,0,0,0,2,29
2024010497602,2024,010497602,541431,184474,0.03803,51.54145,2,2,7,14:17,-1,E09000025,4,0,1,0,1,19,3,7,0,0,0,1,0,0,0,0,1,3,2
2024010497607,2024,010497607,517708,179810,-0.30543,51.50497,2,2,7,17:00,-1,E09000009,4,2,2,1,1,4,1,5,0,0,0,0,0,0,1,0,0,3,2
2024010497608,2024,010497608,520017,175330,-0.2737,51.46423,3,3,7,17:55,-1,E09000027,3,2,1,0,1,"[9, 19]",1,"[6, 5]",0,0,0,1,0,1,0,0,0,3,2
2024010497613,2024,010497613,533853,187738,-0.06993,51.57263,2,2,7,20:15,-1,E09000012,3,2,1,0,1,19,3,7,0,0,0,0,0,0,1,0,1,3,2
2024010497614,2024,010497614,525117,185586,-0.19669,51.55529,3,3,7,11:10,-1,E09000007,4,0,8,0,1,99,9,9,99,9,99,1,0,0,0,0,1,3,2
2024010497625,2024,010497625,516198,175954,-0.32845,51.47063,3,3,7,13:30,-1,E09000018,3,0,1,0,1,19,1,5,0,0,0,1,0,0,0,0,1,3,2
2024010497635,2024,010497635,526031,164034,-0.19118,51.3614,3,3,7,20:05,-1,E09000029,3,2,1,0,1,4,7,3,0,0,0,1,0,0,0,0,0,3,2
2024010497638,2024,010497638,525783,181799,-0.18844,51.52111,3,3,7,21:55,-1,E09000033,6,2,1,1,1,"[19, 2]","[7, 0, 3]","[3, 0, 7]","[0, 4]",0,0,1,0,1,0,0,0,3,2
2024010497640,2024,010497640,517804,169009,-0.30764,51.40788,3,3,7,23:43,-1,E09000021,3,2,1,1,1,19,"[5, 1]","[1, 5]",0,0,0,1,0,0,0,0,0,3,2
2024010497641,2024,010497641,518044,168548,-0.30435,51.40369,2,2,7,16:40,-1,E09000021,3,0,1,0,1,"[6, 13]","[1, 5]",1,0,0,0,1,0,1,0,0,0,3,2
2024010497642,2024,010497642,533784,181544,-0.07328,51.51698,3,3,7,22:50,-1,E09000030,3,2,1,0,1,"[19, 6]",1,"[5, 1]",0,0,0,1,0,1,0,0,0,3,2
2024010497645,2024,010497645,534330,193440,-0.06087,51.62375,3,3,7,18:39,-1,E09000010,3,2,1,0,1,99,9,9,99,9,99,1,0,1,0,0,0,3,2
2024010497647,2024,010497647,531624,162488,-0.11147,51.34624,3,3,7,23:25,-1,E09000008,5,2,1,0,1,19,"[3, 5]","[7, 1]",0,"[7, 2]","[11, 3]",1,0,0,0,0,0,3,2
2024010497651,2024,010497651,553796,187225,0.2174,51.56294,3,3,7,22:50,-1,E09000016,3,2,1,0,1,19,"[3, 7]","[7, 3]",0,0,0,1,0,0,0,0,0,3,2
2024010497652,2024,010497652,528809,180614,-0.14528,51.50978,3,3,1,03:55,-1,E09000033,5,2,1,0,1,19,8,4,0,0,0,1,0,0,0,0,0,3,3
2024010497653,2024,010497653,530556,186094,-0.11809,51.55863,3,3,1,00:40,-1,E09000019,3,2,1,0,1,"[19, 7]","[7, 1]",3,0,0,0,1,0,1,0,0,0,3,3
2024010497655,2024,010497655,527789,169179,-0.1641,51.40725,3,3,1,05:30,-1,E09000024,3,2,1,0,1,19,"[5, 1]","[1, 5]",0,0,0,1,0,0,0,0,0,3,3
2024010497657,2024,010497657,533437,188168,-0.07577,51.57659,3,3,1,06:28,-1,E09000014,6,0,8,1,1,19,3,7,11,0,0,1,0,0,0,0,0,3,3