collision_index,collision_year,collision_ref_no,location_easting_osgr,location_northing_osgr,longitude,latitude,casualty_severity,casualty_severity,day_of_week,time,local_authority_district,local_authority_ons_district,first_road_class,light_conditions,weather_conditions,road_surface_conditions,urban_or_rural_area,vehicle_manoeuvre,vehicle_direction_from,vehicle_direction_to,hit_object_in_carriageway,vehicle_leaving_carriageway,hit_object_off_carriageway,is_car,is_cyle,is_mcyle,is_goodsv,is_other,is_pedestrian,month,day
2024010498123,2024,010498123,518374,185229,-0.29402,51.55354,3,3,3,14:50,-1,E09000005,3,0,1,-1,1,99,9,9,99,9,99,0,1,0,0,0,0,3,5
2024010498126,2024,010498126,533641,175949,-0.07746,51.46674,3,3,3,16:59,-1,E09000028,6,0,1,0,1,19,1,5,0,0,0,1,1,0,0,0,0,3,5
2024010498133,2024,010498133,532180,187215,-0.09426,51.56832,3,3,5,18:00,-1,E09000012,3,2,2,1,1,99,9,9,99,9,99,1,0,0,0,0,1,2,29
2024010498138,2024,010498138,530431,170284,-0.12573,51.41658,3,3,3,16:38,-1,E09000022,3,0,1,0,1,"[9, 19]","[3, 5]",1,0,0,0,1,0,0,0,0,0,3,5
2024010498140,2024,010498140,530288,164024,-0.13008,51.36035,3,3,3,16:30,-1,E09000029,4,0,1,0,1,99,9,9,99,9,99,1,0,0,0,0,0,3,5
2024010498142,2024,010498142,544550,184472,0.08297,51.54064,3,3,3,09:10,-1,E09000002,3,0,1,0,1,99,9,9,99,9,99,1,0,0,0,0,0,3,5
2024010498143,2024,010498143,521648,167622,-0.25288,51.3946,3,3,3,18:34,-1,E09000021,3,2,1,0,1,"[19, 12]",7,3,0,0,0,1,0,1,0,0,0,3,5
2024010498144,2024,010498144,530147,180512,-0.12605,51.50856,2,2,3,20:15,-1,E09000033,3,2,1,0,1,4,7,3,0,1,0,0,0,0,1,0,0,3,5
2024010498145,2024,010498145,527908,179478,-0.15867,51.49978,3,3,2,18:37,-1,E09000020,6,2,1,0,1,99,9,9,99,9,99,1,1,0,0,0,0,3,4
2024010498149,2024,010498149,536086,182283,-0.03984,51.52307,3,3,3,10:55,-1,E09000030,3,0,8,0,1,19,9,9,99,9,99,1,0,0,0,0,0,3,5
2024010498158,2024,010498158,531814,186472,-0.09981,51.56173,3,3,1,16:53,-1,E09000012,3,0,8,0,1,99,9,9,99,9,99,1,0,0,0,0,0,3,3
2024010498162,2024,010498162,524436,178964,-0.20884,51.49593,3,3,3,18:20,-1,E09000013,3,2,1,0,1,"[7, 13]",3,"[5, 7]",0,0,0,1,1,0,0,0,0,3,5
2024010498163,2024,010498163,511634,183228,-0.39183,51.53693,3,3,7,15:50,-1,E09000009,4,0,1,0,1,99,9,9,99,9,99,1,0,0,0,0,0,3,2
2024010498164,2024,010498164,522439,165795,-0.24214,51.37801,3,3,3,16:30,-1,E09000029,6,0,1,0,1,19,1,5,0,0,0,1,0,0,0,0,0,3,5
2024010498166,2024,010498166,530099,171081,-0.13021,51.42382,3,3,7,10:30,-1,E09000022,3,0,2,1,1,99,9,9,99,9,99,1,1,0,0,0,0,3,2
2024010498167,2024,010498167,533506,184715,-0.07608,51.54554,3,3,3,16:58,-1,E09000012,3,0,1,0,1,"[7, 5]","[7, 5]","[2, 1]",0,0,0,1,0,0,1,0,0,3,5
2024010498168,2024,010498168,527669,175523,-0.16354,51.46429,3,3,1,18:51,-1,E09000032,6,2,1,0,1,99,9,9,99,9,99,1,0,1,0,0,0,3,3
2024010498169,2024,010498169,529786,159321,-0.139,51.3182,3,3,3,18:05,-1,E09000008,3,2,1,0,1,99,9,9,99,9,99,1,0,0,0,0,0,3,5
2024010498177,2024,010498177,533256,185286,-0.07947,51.55074,3,3,3,23:31,-1,E09000019,6,2,1,0,1,19,5,1,0,0,0,1,1,0,0,0,0,3,5
2024010498180,2024,010498180,514425,175929,-0.35397,51.47077,3,3,3,22:15,-1,E09000018,3,2,1,0,1,99,9,9,99,9,99,1,0,1,0,0,0,3,5
2024010498183,2024,010498183,535467,184903,-0.04775,51.54677,3,3,4,00:12,-1,E09000012,4,2,1,0,1,"[13, 9]","[7, 3]","[3, 1]","[0, 10]",0,0,1,0,0,0,0,0,3,6
2024010498187,2024,010498187,537554,174914,-0.02156,51.4565,3,3,4,03:25,-1,E09000023,4,2,1,0,1,"[19, 9]","[5, 7]","[1, 5]",0,0,0,1,0,1,0,0,0,3,6
2024010498190,2024,010498190,522873,180076,-0.23096,51.50627,3,3,3,14:15,-1,E09000013,3,0,1,0,1,5,7,3,0,0,0,0,0,0,1,0,0,3,5
2024010498193,2024,010498193,534074,196371,-0.06345,51.65015,3,3,7,21:40,-1,E09000010,3,2,9,-1,1,99,9,9,99,9,99,1,0,1,0,0,0,3,2
2024010498200,2024,010498200,525232,184183,-0.19553,51.54266,3,3,2,21:00,-1,E09000007,6,2,9,-1,1,99,9,9,99,9,99,1,0,1,0,0,0,3,4
2024010498204,2024,010498204,537719,163128,-0.02376,51.35055,3,3,4,07:31,-1,E09000008,5,0,1,-1,2,99,9,9,99,9,99,1,0,0,0,0,0,3,6
2024010498205,2024,010498205,534620,192135,-0.05719,51.61196,3,3,7,12:30,-1,E09000010,6,0,9,-1,1,99,9,9,99,9,99,1,0,1,0,0,0,3,2
2024010498208,2024,010498208,523126,179992,-0.22734,51.50546,3,3,4,08:35,-1,E09000013,3,0,1,0,1,"[19, 3]",3,7,4,0,0,1,0,0,1,0,0,3,6
2024010498215,2024,010498215,534468,197479,-0.05733,51.66002,3,3,6,16:20,-1,E09000010,5,0,1,0,1,99,9,9,99,9,99,1,0,1,0,0,0,3,1
2024010498216,2024,010498216,544760,173852,0.08165,51.44516,3,3,3,11:25,-1,E09000011,4,0,8,0,1,99,9,9,99,9,99,1,0,0,0,0,0,3,5
2024010498219,2024,010498219,528613,172230,-0.15115,51.43448,3,3,2,09:50,-1,E09000032,5,0,9,-1,1,99,9,9,99,9,99,1,0,1,0,0,0,3,4
2024010498227,2024,010498227,530633,188141,-0.11622,51.577,3,3,2,16:47,-1,E09000014,6,0,1,0,1,99,9,9,99,9,99,1,0,1,0,0,0,3,4
2024010498230,2024,010498230,521522,184595,-0.24886,51.54717,3,3,7,18:20,-1,E09000005,6,2,1,0,1,19,1,5,0,9,0,1,0,0,0,0,1,3,2
2024010498234,2024,010498234,528442,170053,-0.1544,51.41495,3,3,7,22:10,-1,E09000024,3,0,9,-1,1,99,9,9,99,9,99,1,0,1,0,0,0,3,2
2024010498235,2024,010498235,520245,189804,-0.26548,51.59426,3,3,7,17:45,-1,E09000005,6,0,1,0,1,99,9,9,99,9,99,1,0,0,0,0,0,3,2
2024010498237,2024,010498237,537778,182518,-0.01538,51.52478,3,3,3,18:28,-1,E09000030,6,2,1,0,1,"[2, 19]","[0, 5]","[0, 1]",0,0,0,1,0,0,0,0,0,3,5
2024010498238,2024,010498238,537261,189439,-0.02012,51.58709,3,3,4,18:55,-1,E09000031,6,2,1,0,1,99,9,9,99,9,99,1,0,0,0,0,1,3,6
2024010498241,2024,010498241,535159,165910,-0.05944,51.37616,2,2,3,13:20,-1,E09000008,3,0,1,0,1,99,9,9,99,9,99,1,0,1,0,0,0,3,5
2024010498242,2024,010498242,545120,175511,0.0875,51.45998,3,3,4,08:35,-1,E09000004,6,0,9,-1,1,99,9,9,99,9,99,1,0,0,0,0,1,3,6
2024010498246,2024,010498246,513620,185560,-0.36245,51.55749,3,3,3,13:40,-1,E09000015,3,0,1,0,1,"[19, 3]",9,9,99,9,99,1,0,1,0,0,0,3,5
2024010498249,2024,010498249,539592,181224,0.01024,51.5127,3,3,3,08:35,-1,E09000025,3,0,1,0,2,99,9,9,99,9,99,1,0,0,0,0,0,3,5
2024010498252,2024,010498252,525380,192441,-0.19045,51.61684,3,3,4,09:21,-1,E09000003,6,0,1,0,1,9,1,8,"[7, 0]",0,0,1,0,0,0,0,0,3,6
2024010498256,2024,010498256,523544,189038,-0.21815,51.58666,3,3,2,14:35,-1,E09000003,5,0,9,-1,1,99,9,9,99,9,99,1,0,1,0,0,0,3,4
2024010498258,2024,010498258,534199,190667,-0.06383,51.59887,3,3,1,16:45,-1,E09000014,4,2,9,-1,1,99,9,9,99,9,99,1,0,1,0,0,0,3,3
2024010498272,2024,010498272,546342,183669,0.10846,51.53297,3,3,1,20:30,-1,E09000002,3,2,1,-1,1,99,9,9,99,9,99,1,0,0,0,0,0,3,3
2024010498274,2024,010498274,509110,187648,-0.42683,51.57715,3,3,3,14:15,-1,E09000017,4,0,1,0,1,9,1,6,0,0,0,1,0,0,0,0,1,3,5
2024010498276,2024,010498276,533777,189281,-0.07044,51.58651,3,3,3,12:00,-1,E09000014,6,2,1,1,1,99,9,9,99,9,99,1,0,1,0,0,0,3,5
2024010498280,2024,010498280,537399,169821,-0.02577,51.41077,3,3,4,15:50,-1,E09000006,3,0,1,0,1,19,"[5, 1]","[1, 5]",0,0,0,1,1,0,0,0,0,3,6
2024010498288,2024,010498288,556218,183508,0.25066,51.52888,3,3,4,15:20,-1,E09000016,5,0,1,0,2,"[3, 10]",1,"[5, 7]",0,0,0,1,0,0,0,0,0,3,6
2024010498290,2024,010498290,555569,191691,0.24493,51.60258,3,3,1,09:10,-1,E09000016,5,0,2,1,1,99,9,9,99,9,99,1,0,0,0,0,0,2,11
2024010498291,2024,010498291,549886,183413,0.15941,51.52974,3,3,4,16:37,-1,E09000002,6,0,1,0,1,"[19, 2]","[4, 0, 2]","[8, 0, 6]","[0, 10]","[0, 7]","[0, 10]",1,0,0,0,0,0,3,6
2024010498292,2024,010498292,527767,168888,-0.16452,51.40464,3,3,4,17:23,-1,E09000024,3,0,9,1,1,"[19, 9]","[3, 5]","[7, 3]",0,0,0,1,0,0,0,0,0,3,6
2024010498294,2024,010498294,548917,175285,0.14202,51.45696,3,3,4,16:00,-1,E09000004,3,0,1,0,1,"[10, 15]",7,"[5, 3]",0,0,0,0,0,1,0,0,0,3,6
2024010498297,2024,010498297,512626,178992,-0.37888,51.49866,3,3,4,15:45,-1,E09000009,5,0,1,0,1,1,1,3,0,0,0,1,0,0,0,0,1,3,6
2024010498301,2024,010498301,536791,181666,-0.02992,51.51736,3,3,4,18:51,-1,E09000030,3,2,1,0,1,"[7, 9]","[7, 3]",1,0,0,0,1,1,0,0,0,0,3,6
2024010498304,2024,010498304,545142,188623,0.09322,51.57779,3,3,3,08:05,-1,E09000026,6,0,1,0,1,19,5,1,0,0,0,1,0,0,0,0,1,2,6
2024010498306,2024,010498306,527911,171820,-0.16139,51.43095,3,3,4,15:11,-1,E09000032,6,0,1,0,1,19,"[1, 5]","[5, 1]",0,0,0,1,0,0,0,0,0,3,6
2024010498313,2024,010498313,513212,184390,-0.36871,51.54706,3,3,4,16:00,-1,E09000009,6,0,1,0,1,19,7,3,0,0,0,1,0,0,0,0,1,3,6
2024010498320,2024,010498320,530033,171584,-0.13097,51.42835,3,3,4,18:14,-1,E09000022,3,2,1,0,1,"[7, 14]","[5, 1]","[6, 5]",0,"[0, 7]",0,1,1,0,0,0,0,3,6
2024010498324,2024,010498324,519304,191556,-0.27847,51.61021,3,3,4,18:15,-1,E09000003,3,0,1,0,1,99,9,9,99,9,99,1,0,0,0,0,1,3,6
2024010498326,2024,010498326,546676,168846,0.10713,51.39969,3,3,4,19:37,-1,E09000006,6,2,1,0,1,"[19, 2]","[5, 0]","[1, 0]","[4, 0]",0,0,1,0,0,0,0,0,3,6
2024010498330,2024,010498330,535178,181968,-0.05304,51.52046,3,3,4,18:47,-1,E09000030,3,2,1,0,1,99,9,9,99,9,99,1,1,0,0,0,0,3,6
2024010498337,2024,010498337,526370,177426,-0.18155,51.48168,3,3,3,15:26,-1,E09000020,3,0,1,0,1,99,9,9,99,9,99,1,1,0,0,0,0,3,5
2024010498341,2024,010498341,510602,188747,-0.40497,51.58673,3,3,4,19:33,-1,E09000017,4,2,2,1,1,"[19, 10]","[5, 1]","[1, 5, 6]","[0, 10]","[0, 3]","[0, 11]",1,0,0,0,0,0,3,6
2024010498343,2024,010498343,533866,171227,-0.076,51.42425,3,3,4,18:23,-1,E09000028,3,2,1,0,1,99,9,9,99,9,99,1,1,0,0,0,0,3,6
2024010498349,2024,010498349,535491,198393,-0.0422,51.66798,3,3,5,00:55,-1,E09000010,3,2,1,0,1,6,7,7,0,0,0,1,0,0,0,0,0,3,7
2024010498352,2024,010498352,532595,176746,-0.09221,51.47415,3,3,4,23:20,-1,E09000028,3,2,1,0,1,5,3,7,0,0,0,0,0,0,1,0,0,3,6
2024010498354,2024,010498354,523783,179892,-0.21792,51.50441,3,3,4,18:15,-1,E09000013,3,2,1,0,1,99,9,9,99,9,99,1,0,0,0,0,0,3,6
2024010498356,2024,010498356,528309,180424,-0.15255,51.50819,3,3,3,23:30,-1,E09000033,6,2,1,0,1,5,"[3, 5]","[7, 1]",0,0,0,1,0,1,0,0,0,3,5
2024010498357,2024,010498357,533414,189027,-0.07578,51.58432,3,3,4,23:40,-1,E09000014,3,2,1,0,1,7,1,4,0,0,0,1,0,0,0,0,1,3,6
2024010498361,2024,010498361,534495,185126,-0.06167,51.549,2,2,5,04:17,-1,E09000012,3,2,1,0,1,19,"[3, 1]","[7, 5]","[0, 10]",0,0,1,0,0,0,0,0,3,7
2024010498363,2024,010498363,531371,161478,-0.11547,51.33722,3,3,5,05:10,-1,E09000008,3,0,1,0,1,19,3,7,7,7,10,1,0,0,0,0,0,3,7
2024010498367,2024,010498367,531902,183845,-0.09953,51.5381,3,3,5,07:45,-1,E09000019,3,0,1,0,1,"[9, 19]","[5, 3]","[3, 7]",0,0,0,1,1,0,0,0,0,3,7
2024010498368,2024,010498368,539330,176260,0.00451,51.46816,3,3,5,11:30,-1,E09000023,6,0,1,0,1,"[4, 19]","[5, 2]","[1, 6]","[99, 4]",3,99,1,0,0,0,0,0,1,25
2024010498371,2024,010498371,548090,184424,0.13396,51.5393,3,3,2,19:45,-1,E09000002,5,2,9,-1,1,99,9,9,99,9,99,1,0,1,0,0,0,3,4
2024010498376,2024,010498376,534222,181586,-0.06696,51.51726,3,3,4,08:35,-1,E09000030,3,0,1,0,1,99,9,9,99,9,99,1,1,0,0,0,0,3,6
2024010498381,2024,010498381,532873,183890,-0.08552,51.53828,3,3,4,18:00,-1,E09000012,6,0,9,-1,1,99,9,9,99,9,99,1,0,1,0,0,0,3,6
2024010498385,2024,010498385,523573,177545,-0.22176,51.48337,3,3,4,10:35,-1,E09000013,6,0,9,-1,1,"[15, 11]",9,9,99,9,99,1,0,1,0,0,0,3,6
2024010498404,2024,010498404,538457,171411,-0.00994,51.4248,3,3,7,19:00,-1,E09000023,6,2,1,1,1,19,"[1, 5]","[5, 1]",0,0,0,1,0,0,0,0,0,3,2
2024010498405,2024,010498405,524595,180314,-0.20608,51.50803,2,2,5,10:00,-1,E09000020,6,0,1,0,1,19,3,7,0,0,0,1,1,0,0,0,0,3,7
2024010498406,2024,010498406,541314,191829,0.0393,51.60757,3,3,5,07:00,-1,E09000026,5,0,1,0,1,99,9,9,99,9,99,1,0,0,0,0,0,3,7
2024010498408,2024,010498408,529982,188400,-0.12551,51.57948,3,3,7,13:32,-1,E09000014,6,0,1,0,1,99,9,9,99,9,99,1,0,1,0,0,0,3,2
2024010498411,2024,010498411,518535,182572,-0.29259,51.52963,2,2,6,23:00,-1,E09000009,3,2,1,0,1,99,9,9,99,9,99,1,0,0,0,0,0,2,16
2024010498413,2024,010498413,544308,185701,0.07999,51.55175,3,3,4,12:45,-1,E09000026,6,0,9,-1,1,99,9,9,99,9,99,1,0,1,0,0,0,3,6
2024010498416,2024,010498416,533594,181604,-0.076,51.51757,3,3,4,12:25,-1,E09000030,6,0,1,0,1,99,9,9,"[0, 99]",9,"[0, 99]",0,1,1,0,0,0,3,6
2024010498417,2024,010498417,514720,176013,-0.3497,51.47146,3,3,4,15:00,-1,E09000018,3,0,1,0,1,99,9,9,99,9,99,1,0,0,0,0,0,2,28
2024010498426,2024,010498426,518553,182350,-0.29241,51.52763,3,3,5,11:00,-1,E09000009,3,0,1,0,1,99,9,9,99,9,99,1,0,1,0,0,0,3,7
2024010498428,2024,010498428,528367,189384,-0.14845,51.58869,3,3,4,18:05,-1,E09000014,6,0,1,0,1,99,9,9,99,9,99,1,0,1,0,0,0,3,6
2024010498432,2024,010498432,514413,182270,-0.35209,51.52776,3,3,4,22:17,-1,E09000009,3,2,1,0,1,19,1,5,0,0,0,1,0,0,0,0,1,2,14
2024010498436,2024,010498436,516685,186138,-0.31807,51.56206,3,3,5,14:00,-1,E09000005,3,0,1,0,1,4,5,1,0,0,0,1,0,0,0,0,1,3,7
2024010498438,2024,010498438,527215,177030,-0.16953,51.47793,3,3,5,07:50,-1,E09000032,3,0,1,0,1,"[-1, 13]","[1, 5]","[5, 1]",0,0,0,1,0,1,0,0,0,3,7
2024010498441,2024,010498441,526652,184331,-0.17501,51.54367,2,2,5,14:15,-1,E09000007,3,0,1,0,1,7,1,4,0,0,0,0,1,0,0,0,1,3,7
2024010498442,2024,010498442,528918,180271,-0.14384,51.50667,3,3,5,11:05,-1,E09000033,5,0,1,0,1,99,9,9,99,9,99,1,0,0,0,0,1,3,7
2024010498444,2024,010498444,544598,185977,0.08428,51.55415,3,3,4,11:11,-1,E09000026,6,0,9,-1,1,99,9,9,99,9,99,1,0,1,0,0,0,3,6
2024010498446,2024,010498446,531368,171650,-0.11176,51.42864,3,3,3,18:00,-1,E09000022,6,2,1,1,1,"[5, 19]",9,9,99,9,99,1,0,1,0,0,0,3,5
2024010498447,2024,010498447,528620,181385,-0.14772,51.51675,3,3,5,12:57,-1,E09000033,3,0,1,0,1,1,5,1,0,0,0,1,0,0,0,0,1,3,7
2024010498454,2024,010498454,544351,184486,0.08011,51.54082,3,3,5,12:30,-1,E09000002,3,0,1,0,1,3,2,6,0,0,0,1,0,0,0,1,0,3,7
2024010498459,2024,010498459,519086,170250,-0.2888,51.41877,3,3,5,15:20,-1,E09000021,5,0,1,0,1,"[2, 19]","[0, 5, 1]","[0, 1, 5]","[0, 4]",0,0,1,0,0,0,0,0,3,7
2024010498463,2024,010498463,539459,181508,0.00844,51.51529,3,3,2,08:30,-1,E09000025,3,0,1,0,1,99,9,9,99,9,99,1,1,0,0,0,0,3,4
2024010498468,2024,010498468,547465,175590,0.12127,51.46008,3,3,5,17:15,-1,E09000004,3,0,1,0,1,"[19, 5]",7,3,0,0,0,1,0,0,1,0,0,3,7
2024010498475,2024,010498475,538959,188139,0.00386,51.575,3,3,5,15:15,-1,E09000031,6,0,1,0,1,19,3,7,0,0,0,1,0,0,0,0,1,3,7
2024010498477,2024,010498477,552769,187410,0.20267,51.56488,3,3,5,11:28,-1,E09000016,3,0,1,0,1,1,3,7,0,1,0,1,0,0,0,0,1,3,7
2024010498487,2024,010498487,540786,183363,0.02829,51.53163,3,3,5,17:30,-1,E09000025,6,0,1,0,1,99,9,9,99,9,99,1,0,0,0,0,0,3,7
2024010498495,2024,010498495,524628,186249,-0.2035,51.56136,3,3,5,14:07,-1,E09000003,3,0,1,0,1,"[11, 19]",1,5,0,0,0,1,0,0,1,0,0,3,7
2024010498500,2024,010498500,532886,167246,-0.09158,51.38871,3,3,5,17:15,-1,E09000008,3,2,1,0,1,19,6,2,0,0,0,1,0,0,0,0,1,3,7
2024010498501,2024,010498501,535504,181180,-0.04865,51.5133,3,3,7,12:00,-1,E09000030,3,0,9,-1,1,99,9,9,99,9,99,1,0,0,0,0,1,3,2
2024010498502,2024,010498502,541629,169831,0.03502,51.40982,3,3,5,18:36,-1,E09000006,5,2,1,0,1,"[19, 9]","[1, 5]","[5, 2]",0,0,0,1,0,1,0,0,0,3,7
2024010498510,2024,010498510,533560,182780,-0.07604,51.52814,3,3,5,16:55,-1,E09000012,3,0,1,0,1,99,9,9,99,9,99,1,0,1,0,0,0,3,7
2024010498511,2024,010498511,537759,172948,-0.01938,51.43878,3,3,4,18:30,-1,E09000023,3,2,8,0,1,99,9,9,99,9,99,1,0,0,0,0,0,3,6
2024010498512,2024,010498512,503970,176441,-0.50429,51.47738,3,3,5,19:30,-1,E09000017,1,2,1,0,2,"[19, 11]",5,1,0,0,0,1,0,0,1,0,0,3,7
2024010498513,2024,010498513,510118,181303,-0.41428,51.51992,3,3,5,18:20,-1,E09000017,3,0,1,0,1,99,9,9,99,9,99,1,0,0,0,0,0,3,7
2024010498526,2024,010498526,530203,182587,-0.12448,51.52719,2,2,5,16:55,-1,E09000007,4,0,1,0,1,19,4,8,0,0,0,0,0,1,0,0,1,3,7
2024010498527,2024,010498527,533487,184189,-0.07656,51.54082,3,3,5,22:34,-1,E09000012,3,2,1,0,1,"[19, 9]",5,"[1, 3]",0,0,0,0,1,0,1,0,0,3,7
2024010498528,2024,010498528,511534,174712,-0.39596,51.4604,3,3,6,00:26,-1,E09000018,3,2,1,0,1,"[9, 19]","[1, 7]","[6, 5, 3]","[0, 7]",0,0,1,0,0,0,0,0,3,8
2024010498533,2024,010498533,535989,195182,-0.03625,51.63901,2,2,6,00:45,-1,E09000010,3,2,1,0,1,19,"[5, 1]","[1, 5]","[11, 0]","[1, 0]","[7, 0]",1,0,0,1,0,0,3,8
2024010498537,2024,010498537,531081,190407,-0.10891,51.59726,3,3,6,02:33,-1,E09000014,3,2,1,0,1,"[9, 19]","[1, 3, 7]","[7, 3]",0,0,0,1,0,0,0,0,0,3,8
2024010498545,2024,010498545,522394,184910,-0.23618,51.54981,3,3,4,13:13,-1,E09000005,6,0,9,-1,1,99,9,9,99,9,99,1,0,1,0,0,0,3,6
2024010498558,2024,010498558,537431,180955,-0.02098,51.51082,3,3,6,08:50,-1,E09000030,3,0,1,0,1,99,9,9,99,9,99,1,0,0,0,0,0,3,8
2024010498560,2024,010498560,541152,190269,0.03634,51.59359,3,3,6,07:45,-1,E09000026,3,0,1,0,2,"[3, 4]",3,7,0,0,0,1,0,0,0,0,0,3,8
2024010498564,2024,010498564,520360,179854,-0.26723,51.50481,3,3,4,18:55,-1,E09000009,4,0,2,1,1,19,9,9,99,9,99,1,0,1,0,0,0,3,6
2024010498571,2024,010498571,530265,181923,-0.12383,51.52121,3,3,5,20:42,-1,E09000007,3,2,1,0,1,19,1,5,0,0,0,0,1,0,1,0,0,3,7
2024010498572,2024,010498572,531133,167626,-0.11662,51.39253,3,3,5,14:47,-1,E09000008,6,0,9,-1,1,99,9,9,99,9,99,1,0,1,0,0,0,3,7
2024010498575,2024,010498575,532034,182216,-0.09824,51.52343,3,3,6,11:05,-1,E09000019,3,0,1,0,1,7,7,"[2, 8]",0,0,0,1,0,1,0,0,0,3,8
2024010498576,2024,010498576,528390,187350,-0.14886,51.57041,3,3,4,16:30,-1,E09000007,6,0,9,-1,1,99,9,9,99,9,99,1,0,1,0,0,0,3,6
2024010498578,2024,010498578,535059,180752,-0.05522,51.50956,2,2,6,06:50,-1,E09000030,3,0,1,0,1,"[9, 13]","[5, 3]","[2, 7]",0,0,0,1,0,1,0,0,0,3,8
2024010498581,2024,010498581,540891,178729,0.02795,51.48996,3,3,6,09:00,-1,E09000011,5,0,1,0,1,"[9, 19]","[4, 1]","[1, 5]",0,0,0,1,0,0,0,0,0,3,8
2024010498585,2024,010498585,527413,173238,-0.16804,51.44381,3,3,6,11:15,-1,E09000032,3,0,1,0,1,"[9, 19]",5,"[3, 1]",0,0,0,1,0,0,0,0,0,3,8
2024010498588,2024,010498588,540623,174754,0.02252,51.45431,3,3,6,12:12,-1,E09000011,3,0,1,0,1,19,7,3,0,0,0,1,0,0,0,0,0,3,8
2024010498589,2024,010498589,527779,170962,-0.1636,51.42327,3,3,4,12:35,-1,E09000032,6,0,1,0,1,99,9,9,99,9,99,1,0,1,0,0,0,3,6
2024010498593,2024,010498593,537367,190946,-0.01801,51.60061,3,3,5,18:00,-1,E09000031,4,0,1,0,1,99,9,9,99,9,99,1,0,0,0,0,0,3,7
2024010498595,2024,010498595,534822,194601,-0.05332,51.63407,2,2,5,08:41,-1,E09000010,3,0,1,0,1,99,9,9,99,9,99,1,1,0,0,0,0,3,7
2024010498597,2024,010498597,550956,190138,0.17771,51.58988,2,2,6,07:09,-1,E09000016,3,0,1,0,1,"[11, 2, 19]","[3, 0]","[7, 0]",0,"[0, 1]","[0, 2]",1,0,1,0,0,0,3,8
2024010498599,2024,010498599,531667,166766,-0.10927,51.38468,3,3,6,11:26,-1,E09000008,3,0,1,0,1,4,5,1,0,0,0,0,0,0,1,0,1,3,8
2024010498601,2024,010498601,533369,188679,-0.07656,51.5812,3,3,6,08:00,-1,E09000014,3,0,1,0,1,99,9,9,99,9,99,1,1,0,0,0,0,3,8
2024010498604,2024,010498604,523901,187702,-0.21347,51.57458,2,2,5,09:54,-1,E09000003,3,0,1,0,1,19,8,4,10,1,2,1,0,0,0,0,0,3,7
2024010498605,2024,010498605,514068,186156,-0.3558,51.56276,3,3,6,12:32,-1,E09000015,3,0,1,0,1,99,9,9,99,9,99,1,0,0,0,0,1,3,8
2024010498608,2024,010498608,528248,193666,-0.1486,51.6272,3,3,6,13:30,-1,E09000003,5,0,9,0,1,99,9,9,99,9,99,1,0,0,0,0,1,3,8
2024010498609,2024,010498609,531563,182817,-0.1048,51.52894,2,2,5,16:50,-1,E09000019,4,0,1,0,1,99,9,9,99,9,99,1,1,0,0,0,0,2,15
2024010498611,2024,010498611,511600,188551,-0.39063,51.58478,3,3,6,08:55,-1,E09000015,5,0,1,0,1,"[19, 9]","[3, 1]",7,0,"[1, 0]","[3, 0]",1,0,0,0,0,0,3,8
2024010498612,2024,010498612,523115,183018,-0.22645,51.53265,3,3,4,19:30,-1,E09000005,6,0,1,0,1,99,9,9,99,9,99,1,0,1,0,0,0,3,6
2024010498614,2024,010498614,531938,170993,-0.10381,51.4226,3,3,6,14:15,-1,E09000008,3,0,1,0,1,"[9, 13]","[5, 1]","[3, 5]",0,"[1, 0]","[11, 0]",1,0,0,0,0,0,3,8
2024010498616,2024,010498616,543925,177915,0.07129,51.48188,3,3,5,15:15,-1,E09000011,5,0,9,-1,1,99,9,9,99,9,99,1,0,1,0,0,0,3,7
2024010498618,2024,010498618,531453,190579,-0.10348,51.59872,3,3,5,11:45,-1,E09000014,3,0,9,-1,1,99,9,9,99,9,99,1,0,1,0,0,0,3,7
2024010498621,2024,010498621,528502,171095,-0.15316,51.42431,2,2,6,14:01,-1,E09000032,6,0,1,0,1,19,1,5,0,0,0,1,0,0,0,0,1,3,8
2024010498631,2024,010498631,546382,177304,0.1064,51.47576,3,3,6,16:19,-1,E09000011,6,0,1,0,1,"[19, 9]","[5, 1]","[1, 6, 5]","[0, 4]","[0, 1]",0,1,0,0,0,0,0,3,8
2024010498640,2024,010498640,537732,189771,-0.0132,51.58996,3,3,6,16:25,-1,E09000031,3,0,1,0,1,"[15, 12]",7,3,0,0,0,1,0,1,0,0,0,3,8
2024010498647,2024,010498647,546407,174626,0.10565,51.4517,3,3,6,18:19,-1,E09000004,3,0,1,0,1,19,7,3,0,0,0,1,0,0,0,0,0,3,8
2024010498648,2024,010498648,534863,184098,-0.05676,51.53968,3,3,6,13:54,-1,E09000012,6,0,1,0,1,"[9, 19]","[1, 5]","[7, 1]",0,0,0,1,0,0,0,0,0,3,8
2024010498651,2024,010498651,537476,179700,-0.02082,51.49953,3,3,6,15:34,-1,E09000030,6,0,1,0,1,"[19, 5]",1,5,0,0,0,1,1,0,0,0,0,3,8
2024010498654,2024,010498654,532266,178424,-0.09631,51.4893,3,3,6,09:05,-1,E09000028,3,0,1,0,1,99,9,9,99,9,99,1,1,0,0,0,0,3,8
2024010498655,2024,010498655,523859,181447,-0.21628,51.51837,3,3,6,15:01,-1,E09000020,4,0,1,0,1,"[9, 19]","[4, 7]","[2, 3]",0,0,0,1,1,0,0,0,0,3,8