collision_index,collision_year,collision_ref_no,location_easting_osgr,location_northing_osgr,longitude,latitude,casualty_severity,casualty_severity,day_of_week,time,local_authority_district,local_authority_ons_district,first_road_class,light_conditions,weather_conditions,road_surface_conditions,urban_or_rural_area,vehicle_manoeuvre,vehicle_direction_from,vehicle_direction_to,hit_object_in_carriageway,vehicle_leaving_carriageway,hit_object_off_carriageway,is_car,is_cyle,is_mcyle,is_goodsv,is_other,is_pedestrian,month,day
2024010498656,2024,010498656,540420,184992,0.02367,51.54636,3,3,6,15:10,-1,E09000025,6,0,1,0,1,99,9,9,99,9,99,1,0,0,1,0,0,2,16
2024010498664,2024,010498664,535708,174152,-0.04841,51.4501,3,3,6,20:41,-1,E09000023,4,2,1,0,1,"[3, 1, 2]","[3, 0]","[7, 0]",0,0,0,1,0,1,0,0,0,3,8
2024010498668,2024,010498668,544408,183500,0.08053,51.53195,3,3,6,19:27,-1,E09000002,5,2,1,0,1,19,1,5,7,0,0,1,0,0,0,0,0,3,8
2024010498673,2024,010498673,551375,181625,0.18009,51.51328,2,"[2, 3]",6,20:53,-1,E09000016,3,0,1,0,1,"[19, 4]",7,3,0,0,0,1,0,0,0,0,0,3,8
2024010498674,2024,010498674,532375,186372,-0.09176,51.5607,2,2,6,18:28,-1,E09000012,3,2,1,0,1,"[7, 19]",5,"[8, 1]","[0, 10]","[1, 7]",0,1,1,0,0,0,0,3,8
2024010498675,2024,010498675,553937,189639,0.22049,51.58459,3,3,6,18:55,-1,E09000016,5,2,1,0,1,99,9,9,99,9,99,0,1,0,0,0,1,3,8
2024010498676,2024,010498676,533922,184463,-0.07018,51.54318,2,2,6,21:20,-1,E09000012,4,2,1,0,1,19,"[5, 3]","[1, 7]",0,0,0,1,0,1,0,0,0,3,8
2024010498678,2024,010498678,535126,185495,-0.05244,51.55217,3,3,6,21:53,-1,E09000012,3,2,1,0,1,99,9,9,99,9,99,0,1,0,1,0,0,3,8
2024010498680,2024,010498680,534406,175558,-0.0666,51.46304,3,3,6,15:05,-1,E09000028,3,0,9,0,1,19,5,1,0,0,0,1,0,0,0,0,0,3,8
2024010498684,2024,010498684,530422,185288,-0.12032,51.55141,3,3,6,15:30,-1,E09000019,3,0,1,0,1,"[12, 9]","[5, 4]",1,0,0,0,1,0,1,0,0,0,3,8
2024010498685,2024,010498685,531556,176321,-0.10732,51.47057,3,3,6,15:18,-1,E09000022,5,0,1,0,1,5,5,1,0,0,0,1,1,0,0,0,0,3,8
2024010498687,2024,010498687,543896,182822,0.07288,51.52598,3,3,6,16:31,-1,E09000025,3,0,1,0,2,99,9,9,99,9,99,1,0,0,1,0,0,3,8
2024010498688,2024,010498688,507193,181488,-0.45636,51.52215,3,3,6,15:15,-1,E09000017,5,0,1,0,1,99,9,9,99,9,99,1,0,0,0,0,0,3,8
2024010498695,2024,010498695,535798,173172,-0.04749,51.44127,2,2,6,22:13,-1,E09000023,3,2,1,0,1,"[7, 19]","[5, 2]","[7, 6]",0,0,0,1,0,0,0,0,0,3,8
2024010498699,2024,010498699,523416,183543,-0.22193,51.53731,3,3,7,00:20,-1,E09000005,5,2,1,0,1,99,9,9,99,9,99,1,1,0,0,0,0,3,9
2024010498700,2024,010498700,529416,185503,-0.13474,51.55358,3,3,7,02:02,-1,E09000007,3,2,1,0,1,19,6,2,0,"[7, 1]","[0, 11]",1,0,0,0,0,0,3,9
2024010498701,2024,010498701,546241,174515,0.10322,51.45074,3,3,6,21:00,-1,E09000004,3,2,1,0,1,"[19, 9]","[5, 1]","[1, 7]",0,0,0,1,0,0,0,0,0,3,8
2024010498703,2024,010498703,532347,196702,-0.08827,51.65354,2,2,7,02:56,-1,E09000010,3,2,9,0,1,19,1,5,0,0,0,1,0,0,0,0,0,3,9
2024010498707,2024,010498707,535129,179474,-0.0547,51.49806,2,2,6,08:30,-1,E09000028,3,0,1,0,1,99,9,9,99,9,99,1,1,0,0,0,0,3,8
2024010498709,2024,010498709,529020,181076,-0.14207,51.51388,3,3,5,14:00,-1,E09000033,3,0,1,0,1,"[11, 19]",9,9,99,9,99,1,1,0,0,0,0,3,7
2024010498710,2024,010498710,530850,167385,-0.12077,51.39043,3,3,7,07:15,-1,E09000008,3,0,1,0,1,5,5,1,0,0,0,1,0,0,0,0,1,3,9
2024010498711,2024,010498711,534905,181298,-0.05723,51.51451,3,3,6,22:04,-1,E09000030,3,2,1,0,1,7,7,"[2, 1]",0,0,0,1,0,1,0,0,0,3,8
2024010498720,2024,010498720,520635,185051,-0.26149,51.55146,3,3,7,10:54,-1,E09000005,3,0,1,0,1,4,7,3,0,0,0,1,0,0,1,0,0,3,9
2024010498730,2024,010498730,519429,179639,-0.28071,51.50308,2,2,7,10:20,-1,E09000009,3,0,1,0,1,"[9, 19]","[6, 7]",3,0,0,0,1,0,1,0,0,0,3,9
2024010498735,2024,010498735,533384,185154,-0.07768,51.54952,3,3,7,10:45,-1,E09000012,5,0,1,0,1,"[9, 13]",3,"[1, 7]",0,0,0,1,0,1,0,0,0,3,9
2024010498742,2024,010498742,548835,185760,0.14526,51.5511,3,3,7,09:52,-1,E09000002,5,0,1,0,1,19,3,7,0,0,0,1,0,0,0,0,1,3,9
2024010498745,2024,010498745,532237,192924,-0.09129,51.61961,3,3,7,12:32,-1,E09000010,3,0,1,0,1,"[9, 19, 3]","[1, 7]","[7, 3]",0,0,0,1,0,0,0,0,0,3,9
2024010498746,2024,010498746,526028,182864,-0.18453,51.53063,3,3,7,10:42,-1,E09000033,3,0,1,0,1,"[5, 19]","[1, 3]","[5, 7]",0,0,0,1,1,0,0,0,0,3,9
2024010498749,2024,010498749,531998,166274,-0.1047,51.38018,3,3,7,12:25,-1,E09000008,3,0,1,0,1,"[2, 9]","[0, 8]","[0, 5]","[0, 4]",0,0,1,0,0,0,0,0,3,9
2024010498752,2024,010498752,524761,177703,-0.20461,51.48453,3,3,7,13:03,-1,E09000013,3,0,1,0,1,"[4, 6]",3,"[7, 3]",0,0,0,1,0,0,1,0,0,3,9
2024010498753,2024,010498753,538284,175647,-0.01078,51.46291,3,3,7,13:29,-1,E09000023,3,0,1,0,1,4,5,1,0,0,0,0,0,0,1,0,1,3,9
2024010498755,2024,010498755,524169,167523,-0.2167,51.39317,3,3,6,05:00,-1,E09000024,5,2,1,0,1,99,9,9,99,9,99,0,1,0,1,0,0,3,8
2024010498762,2024,010498762,518018,190641,-0.29734,51.60225,2,2,7,13:20,-1,E09000015,3,0,1,0,1,14,4,8,0,0,0,1,0,0,0,0,1,3,9
2024010498765,2024,010498765,527789,188599,-0.15707,51.58177,3,3,7,13:15,-1,E09000014,3,0,1,0,1,19,7,3,0,0,0,1,0,0,1,0,0,3,9
2024010498766,2024,010498766,545937,168741,0.09647,51.39894,3,3,7,12:07,-1,E09000006,5,0,1,0,1,"[4, 19]","[5, 1]","[1, 5]",0,"[0, 1]",0,1,1,0,0,0,0,3,9
2024010498769,2024,010498769,552656,184334,0.19971,51.53727,3,3,7,13:30,-1,E09000016,6,0,1,0,1,4,"[1, 5]","[5, 1]",0,0,0,1,0,0,0,0,0,3,9
2024010498770,2024,010498770,507993,182223,-0.44461,51.5286,3,3,7,14:30,-1,E09000017,3,0,1,0,1,19,5,1,0,0,0,0,1,0,0,0,1,3,9
2024010498778,2024,010498778,530829,166698,-0.12133,51.38426,3,3,7,13:30,-1,E09000008,3,0,1,0,1,"[9, 8, -1]","[1, 5]","[6, 2, 1]",0,1,0,1,0,0,0,0,0,3,9
2024010498781,2024,010498781,529007,181302,-0.14218,51.51592,3,3,7,13:35,-1,E09000033,3,0,1,0,1,99,9,9,99,9,99,0,0,1,0,0,0,3,9
2024010498784,2024,010498784,553238,180804,0.20656,51.5054,2,"[3, 2]",7,14:35,-1,E09000016,3,0,1,0,2,"[12, 13]",3,7,0,0,0,1,0,0,0,0,0,3,9
2024010498787,2024,010498787,514678,176147,-0.35026,51.47267,3,3,7,15:30,-1,E09000018,6,0,1,0,1,"[13, 10]","[5, 1]","[1, 6]",0,0,0,1,0,1,0,0,0,3,9
2024010498788,2024,010498788,543020,188435,0.06254,51.57664,3,3,6,19:45,-1,E09000026,3,2,1,0,1,99,9,9,"[99, 0]","[9, 0]","[99, 0]",1,0,0,0,0,0,3,8
2024010498790,2024,010498790,529319,181283,-0.13769,51.51568,3,3,7,15:10,-1,E09000033,3,0,1,0,1,"[7, 19]","[5, 3]",7,0,0,0,1,1,0,0,0,0,3,9
2024010498793,2024,010498793,520837,174031,-0.26235,51.45238,2,2,7,14:50,-1,E09000027,6,0,1,0,2,19,3,7,4,0,0,0,1,0,0,0,0,3,9
2024010498796,2024,010498796,541992,183383,0.04568,51.53151,2,2,7,13:27,-1,E09000025,3,0,1,0,1,19,6,2,0,0,0,0,0,0,1,0,0,3,9
2024010498800,2024,010498800,531580,183495,-0.1043,51.53503,2,2,7,12:50,-1,E09000019,3,0,1,0,1,99,9,9,99,9,99,1,0,0,0,0,1,3,9
2024010498807,2024,010498807,534279,193177,-0.06171,51.6214,3,3,7,18:40,-1,E09000010,3,2,1,0,1,4,1,5,0,0,0,0,0,0,1,0,0,3,9
2024010498808,2024,010498808,529192,183561,-0.13868,51.53618,3,3,7,16:46,-1,E09000007,5,0,1,0,1,19,"[7, 1]","[3, 5]",0,0,0,1,0,0,0,0,0,3,9
2024010498810,2024,010498810,539419,190546,0.01144,51.59651,3,3,7,05:10,-1,E09000031,3,0,8,0,2,99,9,9,99,9,99,1,0,0,0,0,0,3,9
2024010498812,2024,010498812,527379,177967,-0.16683,51.48632,3,3,7,19:16,-1,E09000020,6,2,1,0,1,14,1,5,0,0,0,1,0,0,0,0,1,3,9
2024010498815,2024,010498815,529837,182638,-0.12973,51.52774,3,3,7,19:40,-1,E09000007,3,2,1,0,1,"[9, 19]","[2, 7]","[7, 3]",0,0,0,1,0,1,0,0,0,3,9
2024010498817,2024,010498817,544119,172489,0.07188,51.43308,3,3,6,19:25,-1,E09000011,3,2,1,0,1,99,9,9,99,9,99,1,0,0,0,0,0,3,8
2024010498823,2024,010498823,533543,178422,-0.07793,51.48898,3,3,7,15:20,-1,E09000028,3,0,1,0,1,"[9, 19]","[5, 1]","[3, 5]",0,"[7, 0]",0,0,1,0,1,0,0,3,9
2024010498824,2024,010498824,530625,184456,-0.1177,51.54389,3,3,6,19:14,-1,E09000019,6,2,1,0,1,99,9,9,99,9,99,1,0,0,0,0,1,3,8
2024010498825,2024,010498825,549953,174341,0.15652,51.44821,3,3,7,16:05,-1,E09000004,3,0,1,0,2,99,9,9,99,9,99,1,0,0,0,0,0,3,9
2024010498828,2024,010498828,537044,183753,-0.02547,51.53605,3,3,7,15:00,-1,E09000030,3,0,1,0,1,"[19, 7]",5,"[1, 8]",0,0,0,1,0,1,0,0,0,3,9
2024010498830,2024,010498830,530309,160079,-0.13122,51.32489,3,3,7,16:10,-1,E09000008,6,0,1,0,1,"[19, 5]",1,5,0,0,0,1,1,0,0,0,0,3,9
2024010498832,2024,010498832,546998,168144,0.11146,51.3933,3,3,7,10:32,-1,E09000006,3,0,1,0,1,99,9,9,99,9,99,1,0,0,0,0,0,3,9
2024010498837,2024,010498837,542375,184005,0.05144,51.537,2,2,7,16:30,-1,E09000025,3,0,8,0,1,19,1,5,0,0,0,0,0,0,1,0,1,3,9
2024010498838,2024,010498838,538286,175351,-0.01086,51.46025,3,3,7,20:05,-1,E09000023,3,2,1,0,1,4,5,1,0,0,0,0,0,0,1,0,0,3,9
2024010498840,2024,010498840,511161,171368,-0.40237,51.43042,3,3,7,16:00,-1,E09000018,3,0,1,0,1,19,5,1,0,0,0,0,0,0,1,0,0,3,9
2024010498841,2024,010498841,542476,188381,0.05467,51.57629,3,3,5,03:21,-1,E09000026,3,2,1,0,1,"[19, 2]","[7, 0]","[3, 0]","[4, 0]",0,0,1,0,0,0,0,0,3,7
2024010498846,2024,010498846,539375,184625,0.00846,51.54332,3,3,7,18:50,-1,E09000025,4,2,1,0,1,"[9, 19]","[1, 5]","[7, 1]",0,0,0,1,0,1,0,0,0,3,9
2024010498847,2024,010498847,560081,187172,0.30797,51.56071,2,"[2, 3]",7,19:42,-1,E09000016,5,2,1,0,2,19,1,7,0,1,9,1,0,0,0,0,0,3,9
2024010498848,2024,010498848,543429,190086,0.06911,51.59137,3,3,7,16:15,-1,E09000026,5,0,1,0,1,19,7,3,0,0,0,1,0,1,0,0,0,3,9
2024010498849,2024,010498849,525964,164017,-0.19215,51.36126,3,3,7,18:15,-1,E09000029,3,2,1,0,1,5,7,3,0,0,0,0,0,1,0,0,1,3,9
2024010498853,2024,010498853,526132,196046,-0.1783,51.64907,3,3,7,16:30,-1,E09000003,3,0,1,0,1,7,7,1,0,0,0,1,0,0,0,0,1,3,9
2024010498855,2024,010498855,529475,195392,-0.13025,51.64243,3,3,7,17:45,-1,E09000010,5,0,1,0,1,"[19, 13]",1,5,0,0,0,1,0,1,0,0,0,3,9
2024010498859,2024,010498859,545710,178472,0.09721,51.48643,2,2,7,19:35,-1,E09000011,3,2,1,0,1,19,7,3,0,0,0,0,0,0,1,0,1,3,9
2024010498860,2024,010498860,507605,184233,-0.44959,51.54674,3,3,7,21:10,-1,E09000017,3,2,2,1,1,19,5,1,0,0,0,1,0,0,0,0,1,3,9
2024010498868,2024,010498868,513831,185314,-0.35949,51.55524,2,2,7,23:12,-1,E09000009,3,2,2,1,1,19,5,1,0,0,0,0,0,0,1,0,1,3,9
2024010498870,2024,010498870,524721,189396,-0.20105,51.58962,3,3,7,23:05,-1,E09000003,3,2,2,1,1,99,9,9,99,9,99,1,0,0,0,0,0,3,9
2024010498871,2024,010498871,526733,186186,-0.17317,51.56032,3,3,7,23:16,-1,E09000007,5,2,2,1,1,99,9,9,99,9,99,1,0,0,0,0,0,3,9
2024010498872,2024,010498872,531423,166326,-0.11294,51.38078,3,3,7,19:00,-1,E09000008,3,2,1,0,1,99,9,9,99,9,99,1,0,0,0,0,0,3,9
2024010498874,2024,010498874,534035,186924,-0.06762,51.56527,3,3,5,19:10,-1,E09000012,5,2,1,0,1,99,9,9,99,9,99,1,1,0,0,0,0,3,7
2024010498879,2024,010498879,523708,182588,-0.21805,51.52866,2,2,1,01:50,-1,E09000005,3,2,2,1,1,19,7,3,0,0,0,0,0,0,1,0,1,3,10
2024010498880,2024,010498880,540756,182886,0.02767,51.52735,2,2,1,01:32,-1,E09000025,3,2,1,1,1,19,"[1, 5]","[5, 1]",0,0,0,1,0,0,0,0,0,3,10
2024010498881,2024,010498881,537286,189345,-0.0198,51.58624,2,2,1,00:46,-1,E09000031,3,2,2,1,1,19,3,7,0,0,0,0,0,1,0,0,1,3,10
2024010498882,2024,010498882,550934,186604,0.17587,51.55813,2,2,1,00:40,-1,E09000002,5,2,1,1,1,4,5,1,0,1,0,1,0,0,0,0,0,3,10
2024010498884,2024,010498884,546363,187142,0.11021,51.56417,2,"[3, 2]",1,01:15,-1,E09000026,4,2,1,1,1,"[19, 9]","[5, 1]","[1, 6]",0,"[1, 0]",0,1,0,0,0,0,0,3,10
2024010498886,2024,010498886,525004,180385,-0.20016,51.50858,3,3,1,03:05,-1,E09000020,3,2,2,1,1,"[19, 2]","[7, 0]","[3, 0]",4,"[8, 0]","[1, 0]",1,0,0,0,0,0,3,10
2024010498889,2024,010498889,544763,167770,0.07921,51.39051,2,"[2, 3]",1,00:29,-1,E09000006,6,2,1,1,1,"[19, 4]","[7, 5]","[3, 1]","[4, 0]","[0, 7]","[0, 4]",1,0,0,0,0,0,3,10
2024010498890,2024,010498890,525199,174989,-0.19926,51.46004,2,2,1,00:45,-1,E09000032,3,2,2,1,1,"[19, 9]",5,"[1, 3]",0,0,0,1,0,1,0,0,0,3,10
2024010498892,2024,010498892,532993,190557,-0.08127,51.59816,3,3,7,22:57,-1,E09000014,3,2,2,1,1,"[19, 13]","[7, 3]","[3, 7]",0,0,0,1,1,0,0,0,0,3,9
2024010498893,2024,010498893,529092,181067,-0.14104,51.51379,2,2,7,23:53,-1,E09000033,3,2,2,1,1,7,3,5,0,0,0,1,0,0,0,0,1,3,9
2024010498895,2024,010498895,536788,181679,-0.02996,51.51748,3,3,7,22:24,-1,E09000030,3,2,1,0,1,7,7,1,0,0,0,1,0,1,0,0,0,3,9
2024010498902,2024,010498902,533080,178204,-0.08468,51.48714,3,3,7,21:45,-1,E09000028,6,2,2,1,1,19,"[4, 6]","[8, 2]",0,0,0,1,1,0,0,0,0,3,9
2024010498906,2024,010498906,529311,183225,-0.13709,51.53313,3,3,1,09:27,-1,E09000007,3,0,2,1,1,"[7, 19]",2,"[4, 6]",0,0,0,1,1,0,0,0,0,3,10
2024010498913,2024,010498913,529755,179196,-0.13218,51.49682,3,3,7,21:17,-1,E09000033,6,2,1,0,1,99,9,9,99,9,99,1,1,0,0,0,0,3,9
2024010498917,2024,010498917,537267,189362,-0.02007,51.5864,3,3,1,10:45,-1,E09000031,3,0,2,1,1,19,5,1,0,0,0,1,0,0,0,0,1,3,10
2024010498922,2024,010498922,540986,182860,0.03097,51.52706,3,3,1,09:08,-1,E09000025,3,0,2,1,1,19,2,6,0,0,0,0,0,0,1,0,1,3,10
2024010498940,2024,010498940,528465,173228,-0.15292,51.44348,3,3,1,11:50,-1,E09000032,3,0,2,1,1,"[3, 13]",5,1,0,0,0,1,0,1,0,0,0,3,10
2024010498941,2024,010498941,537486,179836,-0.02063,51.50075,2,2,1,11:35,-1,E09000030,5,0,2,1,1,"[19, 9]","[7, 5]",3,0,0,0,1,1,0,0,0,0,3,10
2024010498953,2024,010498953,535194,182769,-0.0525,51.52766,3,3,1,13:25,-1,E09000030,4,0,2,1,1,19,7,3,0,0,0,0,0,0,1,0,0,3,10
2024010498955,2024,010498955,534889,181666,-0.05732,51.51782,3,3,5,12:15,-1,E09000030,5,0,2,1,1,99,9,9,99,9,99,1,0,1,0,0,0,2,29
2024010498960,2024,010498960,528183,178825,-0.15495,51.49385,2,2,7,12:00,-1,E09000033,3,0,8,0,1,99,9,9,99,9,99,1,1,0,0,0,0,3,9
2024010498970,2024,010498970,537085,168646,-0.03073,51.40029,2,"[3, 2]",1,14:00,-1,E09000006,5,0,8,1,1,"[9, 19]","[7, 5]","[5, 1]",0,0,0,1,0,0,0,0,0,3,10
2024010498989,2024,010498989,534731,166718,-0.06528,51.38353,3,3,1,17:25,-1,E09000008,3,2,1,1,1,19,5,1,"[0, 10]",0,0,1,0,1,0,0,0,3,10
2024010498990,2024,010498990,535720,168030,-0.05058,51.39508,2,"[3, 2]",1,17:13,-1,E09000006,3,2,2,1,1,19,"[5, 1]","[1, 5]",0,0,0,1,0,0,0,0,0,3,10
2024010498991,2024,010498991,541404,181887,0.0366,51.51821,3,3,1,19:00,-1,E09000025,6,2,1,1,1,19,7,3,0,"[0, 1]","[0, 3]",1,0,0,0,0,0,3,10
2024010498994,2024,010498994,546050,165620,0.09681,51.37086,3,3,1,19:21,-1,E09000006,3,2,2,1,1,19,2,6,"[10, 0]","[7, 0]","[11, 0]",1,0,0,0,0,0,3,10
2024010498999,2024,010498999,517935,174942,-0.30379,51.46118,3,3,1,17:30,-1,E09000027,3,0,8,1,1,"[19, 3]",7,3,0,0,0,1,0,1,0,0,0,3,10
2024010499000,2024,010499000,531052,179330,-0.11345,51.49773,3,3,1,21:55,-1,E09000022,6,2,2,1,1,19,3,7,0,0,0,0,0,1,0,0,0,3,10
2024010499002,2024,010499002,517104,189575,-0.31088,51.59286,3,3,1,19:03,-1,E09000015,5,2,9,-1,1,99,9,9,0,"[9, 0]","[99, 0]",1,0,0,0,0,0,3,10
2024010499003,2024,010499003,537500,190834,-0.01613,51.59957,3,3,1,21:50,-1,E09000031,3,2,2,1,1,9,5,3,0,0,0,1,0,0,0,0,1,3,10
2024010499005,2024,010499005,540490,185284,0.02479,51.54896,2,2,1,20:10,-1,E09000025,3,2,2,1,1,14,5,1,0,0,0,0,0,0,1,0,1,3,10
2024010499006,2024,010499006,535780,171457,-0.0484,51.42586,3,3,1,19:30,-1,E09000023,3,2,2,1,1,"[3, 4]",7,3,0,0,0,1,0,0,0,0,0,3,10
2024010499008,2024,010499008,529093,184358,-0.13982,51.54336,3,3,7,18:55,-1,E09000007,3,2,1,0,1,99,9,9,99,9,99,1,1,0,0,0,0,3,9
2024010499015,2024,010499015,533533,185164,-0.07553,51.54957,2,2,1,22:25,-1,E09000012,3,2,2,1,1,9,1,7,10,1,2,1,0,0,0,0,1,3,10
2024010499018,2024,010499018,534464,189610,-0.06041,51.58931,3,3,1,22:02,-1,E09000014,3,2,2,1,1,99,9,9,99,9,99,1,0,0,0,0,0,3,10
2024010499022,2024,010499022,510941,176646,-0.40388,51.4779,2,2,1,22:28,-1,E09000018,3,2,2,1,1,19,"[5, 3]","[1, 7]",0,0,0,1,0,1,0,0,0,3,10
2024010499023,2024,010499023,534252,189550,-0.06349,51.58882,2,2,2,02:51,-1,E09000014,3,2,2,1,1,"[6, 19]",1,"[1, 5]",0,0,0,1,0,1,0,0,0,3,11
2024010499025,2024,010499025,536563,187314,-0.03102,51.56817,2,2,2,04:29,-1,E09000031,3,2,1,1,1,"[9, 19]","[3, 7]","[1, 3]",0,"[0, 1]",0,1,0,1,0,0,0,3,11
2024010499031,2024,010499031,531531,167041,-0.11112,51.38718,3,3,4,18:45,-1,E09000008,3,2,1,0,1,99,9,9,99,9,99,1,0,1,0,0,0,3,6
2024010499035,2024,010499035,504256,190860,-0.4959,51.60693,2,2,4,14:00,-1,E09000017,5,0,1,0,2,"[19, 99]","[5, 9]","[1, 9]","[0, 99]",9,99,1,1,0,0,0,0,3,6
2024010499037,2024,010499037,523605,175836,-0.2219,51.468,3,3,2,16:40,-1,E09000032,4,0,1,0,1,"[5, 19]",9,9,99,9,99,1,0,1,0,0,0,3,4
2024010499039,2024,010499039,527773,181927,-0.15972,51.52182,3,3,5,12:40,-1,E09000033,3,0,1,0,1,"[19, 3]",9,9,99,9,99,1,0,1,0,0,0,3,7
2024010499044,2024,010499044,531659,189260,-0.101,51.58682,3,3,5,19:00,-1,E09000014,3,2,1,0,1,99,9,9,99,9,99,1,0,1,0,0,0,3,7
2024010499046,2024,010499046,528436,171605,-0.15392,51.4289,3,3,1,19:10,-1,E09000032,6,2,2,1,1,99,9,9,99,9,99,1,1,0,0,0,0,3,10
2024010499047,2024,010499047,529583,170276,-0.13792,51.4167,3,3,4,18:05,-1,E09000022,4,2,1,1,1,99,9,9,99,9,99,1,0,1,0,0,0,3,6
2024010499055,2024,010499055,527689,171584,-0.16467,51.42888,3,3,5,16:50,-1,E09000032,6,0,1,0,1,99,9,9,99,9,99,1,0,1,0,0,0,3,7
2024010499056,2024,010499056,523443,183234,-0.22165,51.53452,3,3,6,19:30,-1,E09000005,5,2,9,-1,1,99,9,9,99,9,99,1,0,1,0,0,0,3,8
2024010499060,2024,010499060,518512,167061,-0.29812,51.39022,3,3,2,08:58,-1,E09000021,6,0,1,1,1,99,9,9,99,9,99,1,0,0,0,0,1,3,11
2024010499061,2024,010499061,540172,168447,0.01354,51.39775,3,3,2,07:30,-1,E09000006,4,0,8,1,1,99,9,9,99,0,0,1,0,0,0,0,1,3,11
2024010499063,2024,010499063,542851,183873,0.05825,51.53569,3,3,5,16:15,-1,E09000025,6,0,1,0,1,99,9,9,99,9,99,1,0,1,0,0,0,3,7
2024010499065,2024,010499065,537569,169447,-0.02347,51.40737,3,3,4,15:00,-1,E09000006,3,0,8,0,1,"[14, 9]","[3, 7]","[7, 4]",99,9,99,1,0,1,0,0,0,2,28
2024010499073,2024,010499073,535883,199262,-0.03619,51.6757,3,3,5,15:30,-1,E09000010,3,0,9,-1,1,99,9,9,99,9,99,1,0,1,0,0,0,3,7
2024010499077,2024,010499077,510478,176811,-0.4105,51.47948,3,3,2,06:21,-1,E09000018,3,0,1,1,1,19,"[3, 1]","[7, 5]",0,"[0, 3]",0,0,0,1,0,1,0,3,11
2024010499080,2024,010499080,529421,185187,-0.13479,51.55074,3,3,2,11:00,-1,E09000007,5,0,8,-1,1,99,9,9,99,9,99,1,1,0,0,0,0,3,11
2024010499085,2024,010499085,512549,175203,-0.3812,51.46462,3,3,2,06:20,-1,E09000018,3,0,1,1,1,"[9, 19]","[3, 7]","[1, 3]",0,0,0,1,1,0,0,0,0,3,11
2024010499086,2024,010499086,526826,167848,-0.17841,51.3955,3,3,7,11:00,-1,E09000024,5,0,9,-1,1,99,9,9,"[0, 99]",0,0,1,0,0,0,0,0,3,9
2024010499088,2024,010499088,535228,195986,-0.04693,51.64642,3,3,3,17:10,-1,E09000010,3,0,9,-1,1,99,9,9,99,9,99,1,0,1,0,0,0,3,5
2024010499089,2024,010499089,517239,192375,-0.308,51.618,3,3,1,04:25,-1,E09000015,3,2,2,1,1,99,9,9,99,9,99,1,0,0,0,0,0,3,10
2024010499094,2024,010499094,512795,179554,-0.37627,51.50367,2,2,7,17:00,-1,E09000009,3,0,9,-1,1,"[6, 19]",5,"[5, 1]",99,"[0, 9]","[0, 99]",1,0,1,0,0,0,2,24
2024010499095,2024,010499095,537611,173876,-0.02115,51.44716,3,3,2,13:01,-1,E09000023,6,0,1,0,1,"[9, 19]","[1, 7]","[6, 3]",0,0,0,1,0,1,0,0,0,3,11
2024010499109,2024,010499109,553508,190573,0.21471,51.5931,3,3,2,12:25,-1,E09000016,3,0,1,0,1,99,9,9,99,9,99,1,0,0,0,0,0,3,11
2024010499112,2024,010499112,535567,167621,-0.05293,51.39144,3,3,1,17:25,-1,E09000008,6,0,1,0,1,99,9,9,99,9,99,1,0,0,0,0,0,3,10
2024010499114,2024,010499114,525995,183680,-0.18471,51.53797,3,3,4,16:30,-1,E09000007,4,0,1,0,1,99,9,9,99,9,99,1,0,0,0,0,1,3,6
2024010499123,2024,010499123,538104,180751,-0.01137,51.50882,3,3,2,11:00,-1,E09000030,5,0,1,-1,1,99,9,9,"[8, 99]",9,99,1,1,0,0,0,0,3,11
2024010499142,2024,010499142,524551,186383,-0.20457,51.56258,3,3,2,16:10,-1,E09000003,3,0,1,0,1,19,5,1,0,0,0,1,0,1,0,0,0,3,11
2024010499146,2024,010499146,530019,171380,-0.13125,51.42652,3,3,2,16:10,-1,E09000022,3,0,1,0,1,"[5, 19]",1,5,"[10, 0]","[3, 0]","[1, 0]",1,0,0,0,0,0,3,11
2024010499156,2024,010499156,531592,184394,-0.10379,51.54311,3,3,2,15:04,-1,E09000019,3,0,1,0,1,99,9,9,99,9,99,1,0,0,0,0,0,3,11
2024010499158,2024,010499158,512333,176039,-0.38404,51.47217,3,3,7,17:15,-1,E09000018,3,0,1,0,1,99,9,9,99,9,99,1,0,1,0,0,0,3,9
2024010499161,2024,010499161,531122,180042,-0.11218,51.50411,3,3,2,15:54,-1,E09000022,3,0,1,0,1,99,9,9,99,9,99,1,1,0,0,0,0,3,11
2024010499166,2024,010499166,534063,178857,-0.07028,51.49277,3,3,6,15:00,-1,E09000028,3,0,9,-1,1,"[99, 6]",9,9,99,9,99,1,0,1,0,0,0,3,8
2024010499174,2024,010499174,516628,188299,-0.31818,51.58149,3,3,2,17:45,-1,E09000015,3,0,1,0,1,99,9,9,99,9,99,1,1,0,0,0,0,3,11
2024010499176,2024,010499176,531580,199816,-0.09818,51.6817,3,3,2,16:24,-1,E09000010,5,0,1,0,2,"[9, 19]","[3, 1]","[1, 5]",0,0,0,1,0,0,0,0,0,3,11
2024010499178,2024,010499178,504275,177274,-0.49965,51.48482,3,3,1,13:55,-1,E09000017,1,0,2,1,2,99,9,9,99,9,99,1,0,0,0,0,0,3,10