collision_index,collision_year,collision_ref_no,location_easting_osgr,location_northing_osgr,longitude,latitude,casualty_severity,casualty_severity,day_of_week,time,local_authority_district,local_authority_ons_district,first_road_class,light_conditions,weather_conditions,road_surface_conditions,urban_or_rural_area,vehicle_manoeuvre,vehicle_direction_from,vehicle_direction_to,hit_object_in_carriageway,vehicle_leaving_carriageway,hit_object_off_carriageway,is_car,is_cyle,is_mcyle,is_goodsv,is_other,is_pedestrian,month,day
2024010502616,2024,010502616,529999,175674,-0.12996,51.46511,3,3,1,06:59,-1,E09000022,3,0,1,0,1,19,2,6,0,0,0,1,0,0,0,0,1,3,31
2024010502617,2024,010502617,538139,187526,-0.00821,51.56969,3,3,1,08:25,-1,E09000031,3,0,1,0,1,"[9, 19]","[7, 1]","[4, 5]",0,"[0, 1]","[0, 10]",1,0,0,0,0,0,3,31
2024010502619,2024,010502619,539835,189212,0.01691,51.58442,3,3,7,15:00,-1,E09000026,6,0,1,0,1,99,9,9,99,9,99,1,0,0,0,0,0,3,30
2024010502621,2024,010502621,540794,168413,0.02246,51.39729,2,2,6,13:00,-1,E09000006,3,0,1,0,1,19,1,5,0,0,0,0,0,0,1,0,0,3,15
2024010502642,2024,010502642,526916,183252,-0.17159,51.53392,3,3,1,13:23,-1,E09000033,6,0,1,0,1,19,7,3,"[0, 4]",0,0,1,1,0,0,0,0,3,31
2024010502653,2024,010502653,519052,188031,-0.2833,51.57858,3,3,7,16:45,-1,E09000005,6,0,8,0,1,99,9,9,99,9,99,1,0,0,0,0,0,3,30
2024010502660,2024,010502660,556617,192523,0.26042,51.60976,3,3,3,04:00,-1,E09000016,1,2,2,1,2,99,9,9,99,9,99,1,0,0,0,0,0,1,2
2024010502662,2024,010502662,534252,189626,-0.06346,51.5895,3,3,1,17:27,-1,E09000014,3,0,1,0,1,19,2,6,0,0,0,1,0,0,0,0,1,3,31
2024010502664,2024,010502664,534007,195276,-0.06483,51.64033,2,2,1,17:20,-1,E09000010,5,0,1,0,1,"[19, 9]",3,"[7, 1]",0,0,0,1,0,0,0,0,0,3,31
2024010502665,2024,010502665,537172,177375,-0.0261,51.47871,2,2,1,14:30,-1,E09000023,3,0,1,0,1,19,7,3,0,3,0,1,0,0,0,0,1,3,31
2024010502668,2024,010502668,529798,181381,-0.13075,51.51645,3,3,7,22:40,-1,E09000033,3,2,1,0,1,99,9,9,"[99, 8]",9,99,1,1,0,0,0,0,3,30
2024010502669,2024,010502669,534144,189704,-0.06499,51.59023,3,3,7,21:30,-1,E09000014,6,2,1,0,1,99,9,9,99,9,99,1,0,0,0,0,0,3,30
2024010502670,2024,010502670,529674,170387,-0.13657,51.41768,3,3,1,13:45,-1,E09000022,4,0,1,0,1,19,5,7,0,7,1,1,0,0,0,0,0,3,31
2024010502675,2024,010502675,534838,173651,-0.06111,51.4458,3,3,1,12:50,-1,E09000023,6,0,9,-1,1,99,9,9,99,9,99,1,1,0,0,0,0,3,31
2024010502680,2024,010502680,520675,179536,-0.2628,51.50189,2,2,1,14:30,-1,E09000009,6,0,1,0,1,"[3, 19]",5,1,"[0, 8]",0,0,1,1,0,0,0,0,3,31
2024010502685,2024,010502685,538266,166393,-0.01464,51.37976,3,3,1,21:05,-1,E09000006,3,2,1,0,1,"[9, 5]","[5, 1]","[3, 5]",0,0,0,1,0,1,0,0,0,3,31
2024010502689,2024,010502689,534420,182317,-0.06383,51.52378,3,3,1,20:10,-1,E09000030,4,0,1,0,1,99,9,9,99,9,99,1,1,0,0,0,0,3,31
2024010502692,2024,010502692,535235,192319,-0.04824,51.61346,3,3,1,20:30,-1,E09000010,3,2,1,0,1,99,9,9,99,9,99,1,0,0,0,0,0,3,31
2024010502696,2024,010502696,531103,175300,-0.11421,51.4615,3,3,1,22:00,-1,E09000022,6,2,1,0,1,99,9,9,99,9,99,1,0,0,0,0,0,3,31
2024010502698,2024,010502698,531419,186742,-0.10541,51.56425,3,3,1,17:00,-1,E09000019,3,2,8,0,1,99,9,9,99,9,99,1,0,0,0,1,0,3,3
2024010502705,2024,010502705,540753,181741,0.02717,51.51706,2,2,1,23:25,-1,E09000025,3,2,1,0,1,19,"[3, 2]","[7, 6]","[0, 10]",0,0,1,0,0,0,0,0,3,31
2024010502709,2024,010502709,533610,176793,-0.07758,51.47433,3,3,2,06:10,-1,E09000028,3,0,1,0,1,9,3,1,0,0,0,1,0,0,0,0,1,4,1
2024010502710,2024,010502710,540517,182158,0.02394,51.52087,3,3,2,02:40,-1,E09000025,5,2,1,0,1,19,1,5,0,0,0,1,0,0,0,0,1,4,1
2024010502713,2024,010502713,541122,174364,0.02954,51.45068,3,3,2,03:04,-1,E09000011,3,2,1,0,1,19,1,5,0,1,11,1,0,0,0,0,0,4,1
2024010502717,2024,010502717,511631,176339,-0.39405,51.47501,2,2,2,05:01,-1,E09000018,3,2,1,0,1,19,7,3,0,0,0,1,0,0,0,0,1,4,1
2024010502718,2024,010502718,535681,193989,-0.04116,51.62836,3,3,2,08:40,-1,E09000010,3,0,1,0,1,"[19, 9]",5,"[1, 2]",0,0,0,1,0,0,0,0,0,4,1
2024010502724,2024,010502724,530028,185283,-0.126,51.55146,3,3,2,09:46,-1,E09000019,3,0,1,0,1,"[19, 9]","[1, 5]","[5, 3]",0,0,0,1,0,1,0,0,0,4,1
2024010502729,2024,010502729,534869,195513,-0.05229,51.64225,3,3,2,19:57,-1,E09000010,6,2,9,-1,1,99,9,9,99,9,99,1,0,1,0,0,0,3,25
2024010502738,2024,010502738,531985,177135,-0.10084,51.47778,2,2,2,11:13,-1,E09000028,5,0,1,0,1,7,3,5,0,0,0,1,0,0,0,0,1,4,1
2024010502741,2024,010502741,532444,176780,-0.09437,51.47449,2,2,2,08:37,-1,E09000028,3,0,1,0,1,19,4,8,0,0,0,0,0,0,0,0,1,4,1
2024010502746,2024,010502746,528905,190069,-0.14044,51.59473,3,3,4,13:30,-1,E09000014,6,0,9,-1,1,99,9,9,99,9,99,1,0,1,0,0,0,3,27
2024010502748,2024,010502748,544340,167541,0.07304,51.38856,3,3,2,11:30,-1,E09000006,5,0,8,0,1,"[19, 5]",9,9,99,9,99,1,0,0,0,0,0,4,1
2024010502749,2024,010502749,525906,184626,-0.18566,51.54649,3,3,1,21:35,-1,E09000007,5,2,9,-1,1,99,9,9,99,9,99,1,0,1,0,0,0,3,31
2024010502750,2024,010502750,547401,172207,0.11894,51.4297,3,3,2,12:01,-1,E09000004,5,0,1,0,1,99,9,9,99,9,99,1,0,0,0,0,1,3,25
2024010502753,2024,010502753,532690,168279,-0.09401,51.39803,3,3,6,14:17,-1,E09000008,4,0,1,0,1,99,9,9,99,9,99,0,0,1,0,0,0,3,29
2024010502756,2024,010502756,526519,183033,-0.17739,51.53204,3,3,7,19:00,-1,E09000033,4,2,1,0,1,99,9,9,99,9,99,1,0,1,0,0,0,3,30
2024010502758,2024,010502758,530338,177368,-0.12446,51.48026,3,3,2,15:02,-1,E09000022,3,0,1,0,1,"[9, 13]",1,"[6, 5]",0,"[0, 7]",0,1,0,1,0,0,0,4,1
2024010502761,2024,010502761,526945,177905,-0.1731,51.48586,3,3,2,13:50,-1,E09000020,3,0,1,0,1,7,1,4,0,0,0,1,0,0,0,0,1,4,1
2024010502765,2024,010502765,542361,184185,0.05132,51.53862,3,3,1,14:00,-1,E09000025,3,0,9,-1,1,99,9,9,99,9,99,0,0,1,1,0,0,3,31
2024010502772,2024,010502772,527087,166661,-0.17509,51.38478,3,3,2,16:11,-1,E09000029,5,0,8,0,1,4,7,3,0,0,0,1,0,0,0,0,1,4,1
2024010502785,2024,010502785,531238,178666,-0.11102,51.49172,3,3,1,20:20,-1,E09000022,3,2,1,0,1,99,9,9,99,9,99,1,0,0,0,0,0,3,31
2024010502789,2024,010502789,541682,169336,0.03558,51.40536,3,3,2,17:20,-1,E09000006,3,0,1,1,1,"[7, 19]","[2, 7]","[5, 3]",0,0,0,1,0,1,0,0,0,4,1
2024010502794,2024,010502794,532598,165623,-0.09632,51.37419,3,3,2,15:58,-1,E09000008,3,0,9,0,1,19,3,7,0,0,0,0,0,1,0,0,1,4,1
2024010502795,2024,010502795,538170,175707,-0.01239,51.46348,3,3,2,18:00,-1,E09000023,3,0,1,0,1,19,7,1,0,0,0,1,0,0,0,0,1,4,1
2024010502797,2024,010502797,523022,169312,-0.23255,51.4095,3,3,2,15:40,-1,E09000024,3,0,1,0,1,4,5,1,0,0,0,0,0,0,1,0,0,4,1
2024010502806,2024,010502806,540983,182778,0.0309,51.52632,3,3,2,16:58,-1,E09000025,6,0,1,0,1,"[6, 19]",1,"[1, 5]",0,"[1, 0]",0,1,0,0,0,0,0,4,1
2024010502815,2024,010502815,531840,172546,-0.10464,51.43658,3,3,2,19:00,-1,E09000022,3,0,1,0,1,"[19, 9]",7,"[3, 5]",0,0,0,1,0,1,0,0,0,4,1
2024010502821,2024,010502821,527084,185847,-0.16824,51.5572,3,3,2,21:00,-1,E09000007,6,2,1,0,1,99,9,9,99,9,99,1,0,0,0,0,1,4,1
2024010502830,2024,010502830,528361,187423,-0.14925,51.57107,3,3,2,16:17,-1,E09000007,4,0,1,0,1,"[19, 9]","[5, 6]","[1, 5]",0,0,0,1,0,0,0,0,0,4,1
2024010502831,2024,010502831,523615,189977,-0.2168,51.59509,3,3,1,00:22,-1,E09000003,3,2,2,1,1,19,"[3, 5]","[7, 1]",0,0,0,1,0,0,0,0,0,3,31
2024010502833,2024,010502833,530716,191406,-0.11381,51.60633,3,3,4,12:44,-1,E09000014,6,0,2,1,1,99,9,9,99,9,99,1,0,1,0,0,0,3,27
2024010502836,2024,010502836,527147,180853,-0.16913,51.51231,3,3,3,00:05,-1,E09000033,3,2,1,0,1,19,7,3,0,0,0,1,1,0,0,0,0,4,2
2024010502837,2024,010502837,540404,189112,0.02508,51.58338,3,3,1,17:40,-1,E09000026,3,0,1,0,1,"[99, 1]",9,9,99,9,99,1,0,0,0,0,0,3,31
2024010502839,2024,010502839,533656,187436,-0.07289,51.56996,3,3,2,17:18,-1,E09000012,3,0,1,0,1,99,9,9,99,9,99,1,1,0,0,0,0,4,1
2024010502843,2024,010502843,534282,185040,-0.06478,51.54828,2,2,3,02:50,-1,E09000012,3,2,1,0,1,19,7,3,7,0,0,0,0,1,0,0,0,4,2
2024010502847,2024,010502847,535285,182801,-0.05118,51.52792,3,3,2,23:45,-1,E09000030,4,2,1,0,1,7,7,1,0,0,0,1,1,0,0,0,0,4,1
2024010502853,2024,010502853,529996,180993,-0.12805,51.51292,3,3,5,22:05,-1,E09000007,6,2,1,0,1,99,9,9,99,9,99,1,0,0,0,0,1,3,14
2024010502854,2024,010502854,543364,188413,0.06749,51.57636,3,3,6,23:45,-1,E09000026,3,2,9,-1,1,99,9,9,99,9,99,1,0,1,0,0,0,3,29
2024010502859,2024,010502859,535624,182130,-0.04655,51.52181,3,3,3,07:22,-1,E09000030,3,0,1,0,1,"[15, 3]",7,3,8,0,0,1,1,0,0,0,0,4,2
2024010502865,2024,010502865,538756,177880,-0.00311,51.48286,3,3,3,07:15,-1,E09000011,3,0,2,1,1,"[9, 19]","[4, 3]","[1, 7]",0,0,0,1,0,0,1,0,0,4,2
2024010502866,2024,010502866,543961,160571,0.06478,51.32603,3,3,3,06:00,-1,E09000006,6,2,2,1,2,19,5,1,0,0,0,1,0,0,0,0,0,4,2
2024010502870,2024,010502870,534493,168704,-0.06795,51.40143,3,3,6,11:00,-1,E09000008,6,0,1,1,1,99,9,9,99,9,99,1,0,1,0,0,0,3,29
2024010502873,2024,010502873,533094,169768,-0.08765,51.41132,3,3,5,18:28,-1,E09000008,3,0,1,0,1,99,9,9,99,9,99,1,0,1,0,0,0,3,28
2024010502880,2024,010502880,525443,183015,-0.1929,51.53212,3,3,3,12:19,-1,E09000033,4,0,1,0,1,"[9, 19]","[5, 1]","[3, 5]",0,0,0,1,0,0,0,0,0,4,2
2024010502882,2024,010502882,519932,182881,-0.27236,51.53211,3,3,5,07:13,-1,E09000005,6,0,1,0,1,99,9,9,0,0,0,1,0,0,0,0,1,3,28
2024010502884,2024,010502884,542331,175342,0.04732,51.45917,2,"[2, 3]",3,11:30,-1,E09000011,3,0,1,0,1,"[19, 9]","[1, 8]","[5, 7]",0,0,0,1,0,1,0,0,0,4,2
2024010502886,2024,010502886,527459,183154,-0.1638,51.53291,2,2,3,11:55,-1,E09000033,6,0,1,0,1,19,2,6,0,0,0,1,1,0,0,0,0,4,2
2024010502887,2024,010502887,533396,188840,-0.07611,51.58264,2,2,3,09:42,-1,E09000014,6,0,1,0,1,1,3,7,0,0,0,1,0,0,0,0,1,4,2
2024010502891,2024,010502891,534394,175578,-0.06676,51.46323,3,3,3,12:46,-1,E09000028,3,0,1,0,1,"[7, 19]",5,"[7, 1]",0,0,0,1,1,0,0,0,0,4,2
2024010502892,2024,010502892,533878,187415,-0.0697,51.56972,3,3,6,13:30,-1,E09000012,6,0,9,0,1,99,9,9,99,9,99,1,0,1,0,0,0,3,29
2024010502894,2024,010502894,539046,179800,0.00182,51.50004,3,3,3,12:34,-1,E09000011,3,0,1,0,2,"[19, 4, 3]",1,5,0,0,0,1,0,1,1,0,0,4,2
2024010502896,2024,010502896,531356,187645,-0.10598,51.57238,3,3,5,13:30,-1,E09000014,4,0,2,1,1,99,9,9,99,9,99,1,0,1,0,0,0,3,28
2024010502898,2024,010502898,532593,184541,-0.08931,51.5442,3,3,3,13:00,-1,E09000019,3,0,1,1,1,"[5, 19]",1,5,0,0,0,1,0,1,0,0,0,4,2
2024010502899,2024,010502899,521625,180911,-0.24864,51.51404,3,3,3,13:00,-1,E09000013,3,2,1,0,1,3,3,7,0,0,0,1,0,1,0,0,0,4,2
2024010502903,2024,010502903,515723,186089,-0.33196,51.56182,3,3,3,08:29,-1,E09000015,3,0,8,0,1,5,7,3,0,0,0,1,1,0,0,0,0,4,2
2024010502905,2024,010502905,531698,172434,-0.10672,51.43561,3,3,1,12:00,-1,E09000022,6,0,9,-1,1,99,9,9,99,9,99,1,0,1,0,0,0,3,31
2024010502906,2024,010502906,530503,178054,-0.12183,51.48639,3,3,3,08:38,-1,E09000022,3,0,1,0,1,4,7,3,0,0,0,1,0,1,0,0,0,4,2
2024010502908,2024,010502908,525050,176733,-0.20079,51.47575,3,3,3,05:36,-1,E09000013,5,2,1,1,1,99,9,9,99,9,99,1,1,0,0,0,0,4,2
2024010502909,2024,010502909,530634,184439,-0.11758,51.54374,3,3,3,08:30,-1,E09000019,3,0,1,0,1,99,9,9,99,9,99,1,1,0,0,0,0,4,2
2024010502912,2024,010502912,538021,190941,-0.00857,51.60041,3,3,7,14:10,-1,E09000031,3,0,1,1,1,99,9,9,99,9,99,1,0,0,0,0,0,3,30
2024010502916,2024,010502916,532818,189089,-0.08435,51.58501,3,3,6,13:30,-1,E09000014,6,0,1,0,1,99,9,9,99,9,99,0,0,1,0,0,0,3,29
2024010502918,2024,010502918,537874,172319,-0.01797,51.4331,2,2,3,15:30,-1,E09000023,3,0,1,0,1,"[19, 13]",3,7,0,0,0,1,0,1,0,0,0,4,2
2024010502919,2024,010502919,523211,180970,-0.22578,51.51423,3,3,4,08:40,-1,E09000013,3,0,1,0,1,"[19, 6]",9,9,99,9,99,1,0,1,0,0,0,3,6
2024010502923,2024,010502923,513267,184535,-0.36787,51.54835,3,3,6,17:22,-1,E09000009,3,2,1,0,1,"[99, 19]","[9, 1]","[9, 5]","[99, 0]","[9, 0]","[99, 0]",1,0,0,1,0,0,2,9
2024010502925,2024,010502925,529829,182353,-0.12995,51.52518,3,3,3,16:25,-1,E09000007,6,0,1,0,1,19,1,5,0,0,0,1,0,0,0,0,1,4,2
2024010502929,2024,010502929,513493,175550,-0.3675,51.46755,3,3,3,15:43,-1,E09000018,6,0,1,0,1,19,3,7,0,0,0,1,0,0,0,0,1,4,2
2024010502935,2024,010502935,521685,186323,-0.24591,51.56267,3,3,3,16:42,-1,E09000005,5,0,1,0,1,19,"[4, 5]","[8, 1]","[0, 4]","[0, 8]","[0, 11]",1,0,0,0,0,0,4,2
2024010502940,2024,010502940,509505,187043,-0.42133,51.57163,3,3,3,18:15,-1,E09000017,6,0,2,1,1,99,9,9,99,9,99,1,0,0,0,0,1,3,26
2024010502947,2024,010502947,552364,176700,0.19221,51.46876,3,3,3,17:34,-1,E09000004,6,0,1,0,1,99,9,9,99,9,99,1,0,0,0,0,1,4,2
2024010502951,2024,010502951,524867,181977,-0.20157,51.52291,3,3,2,12:28,-1,E09000033,3,0,1,0,1,99,9,9,99,9,99,1,0,1,0,0,0,4,1
2024010502963,2024,010502963,535625,196244,-0.04109,51.64864,3,3,2,18:24,-1,E09000010,6,2,9,0,1,19,3,7,0,0,0,1,1,0,0,0,0,3,25
2024010502966,2024,010502966,529229,177307,-0.14044,51.47997,3,3,3,18:18,-1,E09000032,3,0,2,1,1,99,9,9,99,9,99,1,1,0,0,0,0,4,2
2024010502972,2024,010502972,535501,181202,-0.04868,51.5135,3,3,3,17:56,-1,E09000030,3,0,2,1,1,19,"[7, 5]","[3, 1]",0,0,0,1,1,0,0,0,0,4,2
2024010502973,2024,010502973,544888,184422,0.08782,51.54011,3,3,3,19:59,-1,E09000002,6,0,1,0,1,"[9, 19]","[5, 3]","[3, 7]",0,0,0,1,1,0,0,0,0,4,2
2024010502974,2024,010502974,534462,196768,-0.05769,51.65363,3,3,3,18:50,-1,E09000010,6,0,1,1,1,99,9,9,99,9,99,0,0,0,0,1,1,4,2
2024010502975,2024,010502975,520583,168362,-0.26793,51.40148,3,3,3,19:25,-1,E09000021,3,2,2,1,1,"[19, 9]","[4, 6]","[8, 4]",0,0,0,1,0,1,0,0,0,4,2
2024010502976,2024,010502976,534053,174641,-0.07203,51.45489,3,3,3,19:20,-1,E09000028,6,2,2,1,1,"[9, 19]","[3, 1]","[1, 5]",0,0,0,1,0,1,0,0,0,4,2
2024010502977,2024,010502977,532894,185416,-0.08464,51.55199,2,2,3,17:03,-1,E09000019,3,0,2,1,1,"[3, 19]",7,3,0,0,0,1,0,0,0,0,0,4,2
2024010502979,2024,010502979,526946,195729,-0.16665,51.64604,2,2,3,19:42,-1,E09000003,3,2,5,1,1,10,1,6,0,0,0,1,0,0,0,0,1,4,2
2024010502981,2024,010502981,526457,184520,-0.17775,51.54541,3,3,3,17:02,-1,E09000007,3,0,1,0,1,"[5, 14]",5,1,0,0,0,1,1,0,0,0,0,4,2
2024010502984,2024,010502984,516845,182288,-0.31704,51.52742,3,3,6,17:00,-1,E09000009,6,0,9,-1,1,1,5,1,99,9,99,1,0,0,0,0,1,3,29
2024010502988,2024,010502988,539697,173765,0.00881,51.44565,3,3,3,20:37,-1,E09000023,3,2,2,1,1,"[19, 5]","[7, 1]","[3, 5]",0,0,0,1,0,0,0,0,0,4,2
2024010502989,2024,010502989,523734,180199,-0.21852,51.50718,2,2,3,20:57,-1,E09000013,3,2,2,1,1,19,"[3, 1]","[7, 5]",0,0,0,0,1,1,0,0,0,4,2
2024010502990,2024,010502990,546621,184523,0.11284,51.54057,3,3,3,15:36,-1,E09000002,3,0,9,0,1,"[19, 13, 9]","[1, 3]","[5, 1]",0,0,0,1,0,1,0,0,0,4,2
2024010502998,2024,010502998,535434,195725,-0.04405,51.64402,3,3,3,22:40,-1,E09000010,3,2,2,1,1,1,1,5,0,0,0,1,0,0,0,0,1,4,2
2024010502999,2024,010502999,530446,173147,-0.12446,51.4423,2,2,3,19:58,-1,E09000022,3,2,2,1,1,"[9, 13]",1,"[6, 5]",0,0,0,0,0,1,1,0,0,4,2
2024010503003,2024,010503003,531023,185499,-0.11158,51.55317,3,3,3,19:50,-1,E09000019,3,2,2,1,1,99,9,9,99,9,99,1,1,0,0,0,0,4,2
2024010503005,2024,010503005,553793,187223,0.21735,51.56292,2,2,3,21:05,-1,E09000016,6,2,2,1,1,7,7,1,0,7,0,1,0,0,0,0,1,4,2
2024010503009,2024,010503009,542707,183627,0.05607,51.53352,3,3,3,21:52,-1,E09000025,6,2,2,1,1,"[4, 3, 19]",1,5,0,0,0,1,0,0,0,0,0,4,2
2024010503011,2024,010503011,528882,179190,-0.14475,51.49697,3,3,3,23:39,-1,E09000033,3,2,2,1,1,"[3, 5]",2,6,0,0,0,0,0,1,1,0,0,4,2
2024010503016,2024,010503016,516730,180450,-0.31931,51.51093,3,3,3,19:55,-1,E09000009,3,2,2,-1,1,99,9,9,0,3,0,0,0,1,0,0,1,4,2
2024010503017,2024,010503017,530074,171216,-0.13052,51.42503,3,3,3,23:46,-1,E09000022,3,2,2,1,1,"[4, 19]",1,5,0,0,0,0,0,1,1,0,0,4,2
2024010503018,2024,010503018,525654,179655,-0.19106,51.50187,3,3,2,20:34,-1,E09000020,3,2,1,1,1,5,1,5,0,0,0,1,0,0,0,0,1,4,1
2024010503019,2024,010503019,535160,195149,-0.04823,51.63891,3,3,4,06:22,-1,E09000010,3,0,1,1,1,"[19, 5]",1,5,0,0,0,1,1,0,0,0,0,4,3
2024010503020,2024,010503020,522067,172694,-0.24511,51.4401,3,3,4,05:00,-1,E09000032,3,2,1,1,1,19,3,7,10,1,2,1,0,0,0,0,0,4,3
2024010503023,2024,010503023,533140,165727,-0.0885,51.375,3,3,3,17:50,-1,E09000008,4,2,2,1,1,99,9,9,99,9,99,0,1,0,1,0,0,3,26
2024010503025,2024,010503025,513544,188535,-0.36259,51.58424,3,3,3,17:40,-1,E09000015,3,0,2,1,1,99,9,9,99,9,99,1,1,0,0,0,0,4,2
2024010503026,2024,010503026,537667,180981,-0.01757,51.51099,3,3,4,08:18,-1,E09000030,3,0,2,1,1,19,"[1, 3]","[5, 7]",0,0,0,0,1,0,0,1,0,4,3
2024010503035,2024,010503035,527459,177689,-0.16578,51.4838,3,3,4,09:10,-1,E09000020,6,0,1,0,2,19,7,3,0,0,0,0,1,0,0,0,1,4,3
2024010503037,2024,010503037,546073,183808,0.10464,51.53429,3,3,4,08:33,-1,E09000002,3,0,1,0,1,"[19, 7]","[6, 1]",2,0,0,0,1,0,0,1,0,0,4,3
2024010503039,2024,010503039,530902,188304,-0.11228,51.57841,3,3,2,09:00,-1,E09000014,6,0,1,0,1,99,9,9,99,9,99,1,0,0,0,0,0,3,18
2024010503042,2024,010503042,544550,186519,0.08381,51.55904,3,3,6,16:05,-1,E09000026,3,0,9,-1,1,4,7,3,0,0,0,1,0,0,1,0,0,3,8
2024010503047,2024,010503047,520856,178330,-0.2606,51.49101,3,3,6,14:15,-1,E09000018,6,0,9,-1,1,99,9,9,99,9,99,1,0,1,0,0,0,3,29
2024010503057,2024,010503057,512024,182856,-0.38633,51.53351,3,3,3,14:33,-1,E09000009,4,0,8,1,1,99,9,9,99,9,99,1,0,0,0,0,1,4,2
2024010503060,2024,010503060,540002,166230,0.01022,51.37787,3,3,3,16:56,-1,E09000006,6,0,2,1,1,99,9,9,99,9,99,1,0,0,0,0,0,4,2
2024010503061,2024,010503061,548674,175334,0.13855,51.45747,3,3,3,19:00,-1,E09000004,3,2,9,-1,1,99,9,9,99,9,99,1,0,1,0,0,0,4,2
2024010503063,2024,010503063,543602,171980,0.06424,51.42864,3,3,3,09:21,-1,E09000011,4,0,2,1,1,"[19, 2]","[1, 0]","[5, 0]","[4, 10]",0,0,1,0,0,0,0,0,3,12
2024010503065,2024,010503065,531031,185775,-0.11136,51.55565,3,3,3,07:25,-1,E09000019,3,2,2,1,1,99,9,9,99,9,99,1,0,0,0,0,1,4,2
2024010503073,2024,010503073,537429,169947,-0.02529,51.4119,3,3,7,18:55,-1,E09000006,3,2,8,0,1,99,9,9,99,9,99,1,0,0,0,0,0,3,23
2024010503075,2024,010503075,559288,185037,0.29557,51.54176,3,3,4,11:18,-1,E09000016,4,0,1,0,2,"[4, 19]",8,4,"[0, 4]",0,0,1,0,0,0,0,0,4,3
2024010503076,2024,010503076,533752,179730,-0.07443,51.50069,2,2,4,12:35,-1,E09000028,3,0,1,0,1,4,3,7,0,0,0,0,1,0,0,0,1,4,3
2024010503093,2024,010503093,531949,183928,-0.09882,51.53884,3,3,4,13:04,-1,E09000019,3,0,1,0,1,99,9,9,99,9,99,0,1,0,0,0,1,4,3
2024010503094,2024,010503094,523112,183018,-0.22649,51.53265,3,3,6,17:55,-1,E09000005,6,0,2,1,1,99,9,9,99,9,99,1,0,1,0,0,0,2,2
2024010503105,2024,010503105,537978,187965,-0.01036,51.57367,3,3,3,16:10,-1,E09000031,5,0,1,0,1,99,9,9,99,9,99,1,1,0,0,0,0,4,2
2024010503114,2024,010503114,549622,189055,0.158,51.5805,3,3,4,16:40,-1,E09000016,3,0,1,0,2,19,"[3, 7]","[7, 3]",0,"[0, 4]",0,1,0,0,0,0,0,4,3
2024010503122,2024,010503122,513084,180394,-0.37184,51.51117,3,3,3,10:27,-1,E09000009,6,0,1,0,1,99,9,9,99,9,99,1,0,0,0,0,0,4,2
2024010503127,2024,010503127,525772,188718,-0.18612,51.58329,3,3,4,13:20,-1,E09000003,6,0,1,0,1,99,9,9,99,9,99,1,0,1,0,0,0,4,3
2024010503144,2024,010503144,533275,183092,-0.08003,51.53101,3,3,4,17:25,-1,E09000012,6,0,1,0,1,99,9,9,99,9,99,0,1,1,0,0,0,4,3
2024010503147,2024,010503147,534916,192349,-0.05283,51.61381,3,3,4,18:28,-1,E09000010,4,0,1,0,1,9,"[1, 7]","[7, 5]",0,0,0,1,0,0,0,0,0,4,3
2024010503148,2024,010503148,540979,188386,0.03308,51.57672,3,3,4,18:40,-1,E09000026,3,0,1,0,1,"[3, 19]",7,3,0,0,0,1,0,0,0,0,0,4,3
2024010503149,2024,010503149,512760,180212,-0.37656,51.5096,2,"[3, 2]",4,18:55,-1,E09000009,3,0,1,0,1,"[19, 11]",1,5,0,0,0,1,0,0,1,0,0,4,3
2024010503151,2024,010503151,530061,175812,-0.12902,51.46634,3,3,4,13:20,-1,E09000022,3,0,1,0,1,5,5,1,0,0,0,0,0,0,1,0,0,4,3
2024010503152,2024,010503152,537480,188494,-0.01733,51.57855,3,3,4,09:26,-1,E09000031,3,0,1,0,1,99,9,9,99,9,99,1,0,0,0,0,0,3,20
2024010503155,2024,010503155,544896,178801,0.08563,51.4896,3,3,4,04:55,-1,E09000011,3,2,1,0,1,99,9,9,99,9,99,1,1,0,0,0,0,4,3
2024010503158,2024,010503158,529969,180821,-0.1285,51.51138,3,3,4,13:30,-1,E09000033,3,0,1,0,1,99,9,9,99,9,99,1,0,0,0,0,1,4,3
2024010503159,2024,010503159,536973,176892,-0.02915,51.47442,3,3,3,22:30,-1,E09000023,4,2,1,1,1,99,9,9,99,9,99,1,0,0,0,0,1,3,26
2024010503160,2024,010503160,538095,189320,-0.00814,51.58582,3,3,4,18:08,-1,E09000031,5,0,1,0,1,"[2, 5, 19]","[0, 3, 1]","[0, 7, 5]","[0, 4]","[1, 0]",0,1,0,0,0,0,0,4,3
2024010503164,2024,010503164,532088,166126,-0.10346,51.37883,3,3,4,14:20,-1,E09000008,3,0,1,0,1,5,7,3,0,0,0,0,0,0,1,0,0,4,3
2024010503170,2024,010503170,524004,175221,-0.21637,51.46239,2,2,2,14:10,-1,E09000032,3,0,1,0,1,99,9,9,99,9,99,0,1,0,0,0,1,2,19
2024010503171,2024,010503171,537601,183217,-0.01765,51.5311,2,2,4,20:35,-1,E09000030,3,2,1,0,1,19,4,8,0,0,0,1,1,0,0,0,0,4,3
2024010503173,2024,010503173,525267,173515,-0.19881,51.44678,2,2,4,20:24,-1,E09000032,3,2,1,0,1,"[19, 13]",1,5,0,"[0, 7]","[0, 4]",1,0,0,0,0,1,4,3