collision_index,collision_year,collision_ref_no,location_easting_osgr,location_northing_osgr,longitude,latitude,casualty_severity,casualty_severity,day_of_week,time,local_authority_district,local_authority_ons_district,first_road_class,light_conditions,weather_conditions,road_surface_conditions,urban_or_rural_area,vehicle_manoeuvre,vehicle_direction_from,vehicle_direction_to,hit_object_in_carriageway,vehicle_leaving_carriageway,hit_object_off_carriageway,is_car,is_cyle,is_mcyle,is_goodsv,is_other,is_pedestrian,month,day
2024010503181,2024,010503181,531828,187183,-0.09934,51.56812,1,"[3, 1]",4,22:25,-1,E09000012,3,2,2,1,1,"[9, 19]","[6, 2]","[3, 6]",0,0,0,1,0,1,0,0,0,4,3
2024010503183,2024,010503183,530669,192122,-0.11422,51.61277,3,3,4,13:25,-1,E09000010,3,0,8,0,1,99,9,9,99,9,99,1,0,0,0,0,0,4,3
2024010503188,2024,010503188,532482,187576,-0.08977,51.5715,3,3,4,20:56,-1,E09000012,5,2,1,0,1,99,9,9,99,9,99,1,0,0,0,0,0,4,3
2024010503189,2024,010503189,525453,170164,-0.19732,51.41662,3,3,5,08:46,-1,E09000024,6,0,1,0,1,99,9,9,99,9,99,1,0,0,0,0,1,3,14
2024010503190,2024,010503190,529038,184001,-0.14074,51.54017,3,3,4,23:00,-1,E09000007,3,2,2,1,1,"[19, 6]",3,"[7, 3]",0,0,0,1,0,1,0,0,0,4,3
2024010503191,2024,010503191,509764,175633,-0.42114,51.46903,3,3,5,03:40,-1,EHEATHROW,6,2,2,1,1,19,"[6, 3]","[2, 7]",0,0,0,1,1,0,0,0,0,4,4
2024010503193,2024,010503193,540336,183928,0.02203,51.53682,3,3,5,00:50,-1,E09000025,3,2,2,1,1,"[10, 19]","[1, 5]","[7, 1]",0,0,0,1,0,1,0,0,0,4,4
2024010503196,2024,010503196,532272,164766,-0.10132,51.36656,3,3,5,04:54,-1,E09000008,4,2,2,1,1,"[9, 19]","[1, 5]","[6, 1]",0,0,0,1,0,0,0,0,0,4,4
2024010503199,2024,010503199,535924,178708,-0.04355,51.49099,2,2,5,07:01,-1,E09000028,3,0,1,1,1,"[7, 19]","[2, 4]","[4, 8]",0,0,0,1,1,0,0,0,0,4,4
2024010503201,2024,010503201,528893,171518,-0.14738,51.42802,2,2,3,14:55,-1,E09000032,5,0,1,0,1,19,5,1,0,0,0,0,1,0,0,0,0,4,2
2024010503205,2024,010503205,530375,178094,-0.12366,51.48678,3,3,4,17:25,-1,E09000022,3,0,1,0,1,99,9,9,99,9,99,0,0,1,1,0,0,4,3
2024010503212,2024,010503212,528989,184947,-0.1411,51.54868,2,"[3, 2]",5,08:39,-1,E09000007,3,0,1,1,1,19,1,5,0,0,0,0,1,0,0,0,1,4,4
2024010503215,2024,010503215,535467,198286,-0.04258,51.66703,3,3,4,18:10,-1,E09000010,3,0,9,-1,1,99,9,9,99,9,99,1,0,1,0,0,0,4,3
2024010503228,2024,010503228,540491,185304,0.02482,51.54914,3,3,5,09:00,-1,E09000025,3,0,1,0,1,99,9,9,99,9,99,1,1,0,0,0,0,4,4
2024010503233,2024,010503233,524975,186447,-0.19843,51.56306,3,3,4,10:57,-1,E09000003,3,0,1,0,1,99,9,9,99,9,99,1,0,0,0,1,0,3,27
2024010503234,2024,010503234,530275,188522,-0.12124,51.58051,3,3,3,13:05,-1,E09000014,6,0,9,-1,1,99,9,9,99,9,99,1,0,1,0,0,0,4,2
2024010503235,2024,010503235,549640,173921,0.15185,51.44452,2,2,5,09:20,-1,E09000004,3,0,1,1,1,19,5,1,0,0,0,0,0,1,0,0,1,4,4
2024010503236,2024,010503236,516420,186674,-0.32171,51.56693,3,3,3,16:00,-1,E09000005,3,0,9,-1,1,99,9,9,99,9,99,1,0,1,0,0,0,4,2
2024010503237,2024,010503237,530930,165972,-0.12015,51.37771,2,"[3, 2]",5,10:45,-1,E09000008,3,0,1,0,1,"[13, 19]",1,5,"[0, 10]","[0, 1]","[0, 4]",1,0,0,0,0,0,4,4
2024010503241,2024,010503241,516485,179454,-0.32316,51.50203,3,3,3,16:30,-1,E09000009,6,0,9,-1,1,99,9,9,99,9,99,1,0,1,0,0,0,4,2
2024010503242,2024,010503242,536678,175282,-0.03402,51.46002,3,3,5,11:24,-1,E09000023,4,0,9,-1,1,99,9,9,0,0,0,1,1,0,0,0,0,4,4
2024010503249,2024,010503249,522298,185529,-0.23735,51.5554,3,3,1,19:10,-1,E09000005,5,2,9,-1,1,99,9,9,99,9,99,1,0,1,0,0,0,3,31
2024010503251,2024,010503251,526049,179927,-0.18527,51.50423,3,3,5,12:43,-1,E09000033,6,0,1,0,1,19,5,1,0,0,0,0,1,0,0,0,1,4,4
2024010503258,2024,010503258,548864,163057,0.13614,51.3471,3,3,5,10:00,-1,E09000006,3,0,1,0,2,99,9,9,99,9,99,1,0,0,0,0,0,4,4
2024010503259,2024,010503259,527948,172293,-0.16069,51.4352,2,2,3,20:45,-1,E09000032,3,2,2,1,1,99,9,9,99,9,99,1,0,1,0,0,0,3,26
2024010503270,2024,010503270,536037,174944,-0.04337,51.45714,3,3,5,12:40,-1,E09000023,6,0,1,0,1,19,3,7,0,0,0,1,0,0,0,0,1,4,4
2024010503272,2024,010503272,541562,188762,0.04164,51.57995,3,3,5,10:40,-1,E09000026,3,0,1,-1,2,99,9,9,99,9,99,1,0,0,0,0,0,4,4
2024010503275,2024,010503275,535448,192083,-0.04526,51.61129,1,1,5,14:16,-1,E09000010,3,0,4,0,1,19,3,7,0,0,0,1,0,0,0,0,1,4,4
2024010503278,2024,010503278,528347,176720,-0.15335,51.47489,3,3,5,14:20,-1,E09000032,3,0,2,1,1,19,7,3,0,0,0,0,0,0,1,0,0,4,4
2024010503279,2024,010503279,515676,173113,-0.33689,51.4452,2,2,5,16:04,-1,E09000027,3,0,1,1,1,4,3,7,0,0,0,1,0,0,0,0,1,4,4
2024010503284,2024,010503284,519429,192214,-0.27644,51.61609,3,3,5,15:57,-1,E09000003,5,0,2,1,1,19,3,7,0,0,0,0,0,1,0,0,0,4,4
2024010503297,2024,010503297,523866,182718,-0.21573,51.52979,2,2,3,15:00,-1,E09000005,4,0,9,-1,1,99,9,9,99,9,99,1,0,0,0,0,0,4,2
2024010503298,2024,010503298,516230,173470,-0.3288,51.4483,3,3,5,17:20,-1,E09000027,3,0,1,0,1,"[7, 19]","[5, 1]","[6, 5]",0,0,0,0,0,1,0,0,0,4,4
2024010503302,2024,010503302,533539,185025,-0.07549,51.54832,3,3,5,18:05,-1,E09000012,3,0,1,0,1,7,7,8,0,0,0,1,0,0,0,0,1,4,4
2024010503303,2024,010503303,544471,178951,0.07957,51.49105,2,"[3, 2]",5,15:15,-1,E09000011,3,0,1,0,1,"[19, 7]",5,"[1, 7]",0,"[1, 0]","[2, 0]",1,0,0,0,0,0,4,4
2024010503306,2024,010503306,526323,175441,-0.18293,51.46385,3,3,5,18:30,-1,E09000032,3,0,1,0,1,"[7, 19]",7,"[2, 3]",0,0,0,1,1,0,0,0,0,4,4
2024010503310,2024,010503310,530791,186232,-0.11465,51.55981,3,3,5,15:45,-1,E09000019,3,0,1,0,1,99,9,9,99,9,99,1,1,0,0,0,0,4,4
2024010503312,2024,010503312,509643,181788,-0.42097,51.52437,2,2,5,18:50,-1,E09000017,5,0,1,1,1,19,1,5,0,0,0,1,0,0,0,0,1,4,4
2024010503316,2024,010503316,530781,185658,-0.11501,51.55466,3,3,5,17:57,-1,E09000019,3,0,8,0,1,"[3, 19]",5,1,0,0,0,1,0,1,0,0,0,4,4
2024010503317,2024,010503317,518601,185246,-0.29074,51.55364,3,3,5,17:00,-1,E09000005,3,0,1,0,1,4,3,7,0,0,0,0,0,0,1,0,0,4,4
2024010503322,2024,010503322,512976,187366,-0.37116,51.57385,3,3,5,17:45,-1,E09000015,3,0,1,1,1,"[15, 4]",5,1,0,0,0,1,0,0,0,0,0,4,4
2024010503324,2024,010503324,525619,178862,-0.19185,51.49475,3,3,5,17:14,-1,E09000020,3,0,1,0,1,19,3,7,0,0,0,1,1,0,0,0,0,4,4
2024010503328,2024,010503328,526246,193931,-0.17741,51.63004,3,3,5,19:57,-1,E09000003,3,2,2,1,1,19,7,3,0,0,0,1,0,0,0,0,1,4,4
2024010503329,2024,010503329,529201,178185,-0.14052,51.48786,3,3,5,15:56,-1,E09000033,5,0,1,1,1,"[2, 5]","[0, 7]","[0, 3]",0,0,0,1,1,0,0,0,0,4,4
2024010503331,2024,010503331,535063,195222,-0.0496,51.63959,3,3,5,21:10,-1,E09000010,5,2,2,1,1,19,3,7,0,0,0,0,0,1,0,0,1,4,4
2024010503332,2024,010503332,532299,167999,-0.09973,51.39561,3,3,5,19:20,-1,E09000008,6,2,1,0,1,99,9,9,99,9,99,1,0,0,0,0,0,4,4
2024010503335,2024,010503335,526115,172796,-0.18687,51.44013,3,3,5,18:54,-1,E09000032,3,0,8,0,1,99,9,9,99,9,99,1,0,0,0,0,0,4,4
2024010503336,2024,010503336,524654,182623,-0.20441,51.52877,3,3,5,19:35,-1,E09000033,6,2,2,1,1,9,2,7,0,0,0,1,0,0,0,0,1,4,4
2024010503337,2024,010503337,538171,173676,-0.01317,51.44523,3,3,5,14:06,-1,E09000023,6,0,1,0,1,"[9, 19]","[4, 1]","[2, 5]",0,0,0,1,0,1,0,0,0,4,4
2024010503339,2024,010503339,523209,169325,-0.22986,51.40957,3,3,5,20:12,-1,E09000024,3,2,2,1,1,9,3,8,0,0,0,1,0,0,0,0,1,4,4
2024010503341,2024,010503341,528374,194575,-0.14645,51.63534,3,3,5,21:25,-1,E09000003,6,2,1,0,1,19,1,5,0,0,0,1,0,0,0,0,1,4,4
2024010503342,2024,010503342,524626,181299,-0.20528,51.51687,3,3,5,17:00,-1,E09000020,4,0,1,0,1,99,9,9,99,9,99,1,0,1,0,0,0,4,4
2024010503347,2024,010503347,527890,178838,-0.15916,51.49403,3,3,4,08:50,-1,E09000020,6,0,1,0,1,99,9,9,99,9,99,1,1,0,0,0,0,4,3
2024010503348,2024,010503348,515980,174989,-0.3319,51.462,3,3,5,20:46,-1,E09000018,3,2,2,1,1,"[4, 19]",7,3,0,0,0,1,0,1,0,0,0,4,4
2024010503350,2024,010503350,536280,197271,-0.03123,51.65771,3,3,5,20:04,-1,E09000010,6,2,2,1,1,"[8, 3]","[1, 5]","[2, 1]",0,0,0,1,0,0,0,0,0,4,4
2024010503353,2024,010503353,521235,185480,-0.25269,51.55519,3,3,5,20:15,-1,E09000005,3,2,2,1,1,99,9,9,99,9,99,1,0,0,0,0,0,4,4
2024010503357,2024,010503357,532198,166638,-0.10169,51.3834,3,3,5,21:32,-1,E09000008,3,2,2,1,1,"[19, 9]","[3, 5]","[7, 3]",0,0,0,1,0,1,0,0,0,4,4
2024010503359,2024,010503359,543977,178940,0.07246,51.49108,2,2,5,22:45,-1,E09000011,3,2,2,1,1,19,7,3,0,0,0,1,0,0,0,0,1,4,4
2024010503361,2024,010503361,533901,179457,-0.07239,51.4982,2,2,5,14:15,-1,E09000028,3,0,1,0,1,"[9, 19]","[6, 3]","[3, 7]",0,0,0,1,1,0,0,0,0,4,4
2024010503364,2024,010503364,538851,188027,0.00225,51.57402,3,3,5,19:30,-1,E09000031,6,0,1,0,1,19,6,2,0,1,10,1,0,0,0,0,0,4,4
2024010503365,2024,010503365,537889,174085,-0.01707,51.44897,2,2,5,21:58,-1,E09000023,3,2,2,1,1,19,1,5,0,0,0,0,0,1,0,0,1,4,4
2024010503366,2024,010503366,545925,183977,0.10258,51.53584,3,3,6,01:32,-1,E09000002,5,2,1,1,1,3,7,3,0,0,0,0,0,1,0,0,0,4,5
2024010503369,2024,010503369,534759,194445,-0.05429,51.63268,3,3,6,06:00,-1,E09000010,3,2,2,1,1,"[19, 3]","[5, 1]","[1, 5]",0,0,0,1,0,1,0,0,0,4,5
2024010503372,2024,010503372,529966,185329,-0.12688,51.55189,3,3,3,21:25,-1,E09000019,6,2,9,-1,1,99,9,9,99,9,99,1,0,1,0,0,0,4,2
2024010503376,2024,010503376,535209,195366,-0.04744,51.64085,3,3,4,16:02,-1,E09000010,3,0,9,-1,1,99,9,9,99,9,99,1,0,1,0,0,0,4,3
2024010503382,2024,010503382,535472,198279,-0.04251,51.66696,3,3,5,15:45,-1,E09000010,3,0,9,-1,1,99,9,9,99,9,99,1,0,1,0,0,0,4,4
2024010503394,2024,010503394,525844,162614,-0.19437,51.34868,3,3,5,14:50,-1,E09000029,4,0,1,0,1,99,9,9,99,9,99,1,0,1,0,0,0,4,4
2024010503395,2024,010503395,531175,168161,-0.11582,51.39733,3,3,5,17:55,-1,E09000008,3,0,9,-1,1,99,9,9,99,9,99,1,0,1,0,0,0,4,4
2024010503404,2024,010503404,529412,170053,-0.14046,51.41473,3,3,4,16:30,-1,E09000022,4,0,9,-1,1,99,9,9,99,9,99,1,0,1,0,0,0,4,3
2024010503409,2024,010503409,530027,171357,-0.13114,51.42631,3,3,6,14:17,-1,E09000022,3,0,1,0,1,"[1, 19]",9,9,99,9,99,1,0,1,0,0,0,3,22
2024010503410,2024,010503410,540944,182564,0.03025,51.52441,3,3,5,17:02,-1,E09000025,3,0,1,0,1,99,9,9,99,9,99,1,0,0,0,0,1,4,4
2024010503412,2024,010503412,530056,180521,-0.12736,51.50866,3,3,6,12:01,-1,E09000033,3,0,1,0,1,19,1,5,0,0,0,0,1,0,0,0,1,4,5
2024010503414,2024,010503414,538306,184840,-0.00686,51.54551,3,3,6,12:42,-1,E09000025,6,0,1,0,2,14,7,3,0,0,0,1,0,0,0,0,1,4,5
2024010503415,2024,010503415,527578,171676,-0.16623,51.42974,3,3,7,14:00,-1,E09000032,3,0,1,0,1,99,9,9,99,9,99,1,0,1,0,0,0,3,23
2024010503417,2024,010503417,522768,188780,-0.22944,51.58451,3,3,6,12:01,-1,E09000003,6,0,1,0,1,99,9,9,99,9,99,1,0,1,0,0,0,3,29
2024010503429,2024,010503429,528815,164303,-0.15112,51.3632,3,3,5,20:55,-1,E09000029,3,2,2,1,1,99,9,9,99,9,99,1,0,1,0,0,0,4,4
2024010503431,2024,010503431,533684,188050,-0.07225,51.57547,3,3,6,14:13,-1,E09000012,3,0,1,0,1,19,"[1, 5]","[5, 1]",0,0,0,1,0,0,1,0,0,4,5
2024010503434,2024,010503434,508077,174355,-0.44581,51.45787,3,3,6,14:05,-1,EHEATHROW,6,0,1,0,1,"[12, 3]",3,7,0,0,0,1,0,0,0,0,0,4,5
2024010503442,2024,010503442,518852,185235,-0.28713,51.55349,3,3,5,22:20,-1,E09000005,3,2,2,1,1,"[99, 3]","[9, 6]","[9, 2]","[99, 0]","[9, 0]","[99, 0]",1,1,0,0,0,0,4,4
2024010503451,2024,010503451,543959,185506,0.07488,51.55009,3,3,1,16:00,-1,E09000026,3,0,9,-1,1,99,9,9,99,9,99,1,0,0,0,0,1,2,18
2024010503453,2024,010503453,533351,180033,-0.08009,51.50351,3,3,6,08:49,-1,E09000028,3,0,1,1,1,99,9,9,99,9,99,1,1,0,0,0,0,4,5
2024010503456,2024,010503456,523305,182728,-0.22381,51.53001,3,3,5,09:40,-1,E09000005,3,0,1,1,1,4,7,3,0,0,0,1,1,0,0,0,0,4,4
2024010503457,2024,010503457,527291,189377,-0.16397,51.58888,3,3,6,15:57,-1,E09000003,3,0,1,0,1,"[2, 19]","[0, 1]","[0, 5]",0,"[0, 1]",0,1,0,0,0,0,0,4,5
2024010503458,2024,010503458,510409,184432,-0.40911,51.54799,3,3,6,07:30,-1,E09000017,3,2,5,1,1,99,9,9,99,9,99,1,0,0,0,0,0,4,5
2024010503460,2024,010503460,536506,182157,-0.03384,51.52184,3,3,3,12:10,-1,E09000030,3,0,1,0,1,"[1, 3]",9,9,99,9,99,1,0,1,0,0,0,3,26
2024010503463,2024,010503463,534650,181528,-0.06081,51.51663,3,3,6,10:00,-1,E09000030,6,0,1,0,1,99,9,9,99,9,99,1,0,1,0,0,0,4,5
2024010503471,2024,010503471,552266,189081,0.19615,51.58003,3,3,6,12:50,-1,E09000016,6,0,1,0,1,19,1,5,"[11, 0]",0,0,1,0,0,0,0,0,4,5
2024010503473,2024,010503473,519089,182340,-0.28469,51.52742,3,3,6,17:15,-1,E09000009,3,0,1,0,1,19,3,7,0,0,0,1,0,1,0,0,0,4,5
2024010503475,2024,010503475,524846,184370,-0.20103,51.54442,3,3,6,13:00,-1,E09000005,3,0,1,0,1,99,9,9,99,"[0, 9]","[0, 99]",1,0,0,0,0,0,4,5
2024010503485,2024,010503485,541450,174626,0.03436,51.45295,3,3,6,18:44,-1,E09000011,3,0,1,0,1,19,"[5, 1]","[1, 5]",0,0,0,0,0,1,0,0,0,4,5
2024010503492,2024,010503492,544603,170281,0.07793,51.41312,3,3,6,17:30,-1,E09000006,3,0,1,0,1,"[19, 8]","[3, 5]","[7, 5, 1]",0,0,0,1,0,0,0,0,0,4,5
2024010503497,2024,010503497,535957,184082,-0.041,51.53927,2,2,6,17:30,-1,E09000012,3,0,1,0,1,19,2,6,0,0,0,1,0,1,0,0,0,4,5
2024010503498,2024,010503498,518515,165865,-0.29848,51.37947,3,3,6,14:01,-1,E09000021,6,0,1,0,1,"[3, 4]",7,3,0,0,0,1,0,0,0,0,0,4,5
2024010503500,2024,010503500,546128,174073,0.10141,51.4468,2,2,6,14:40,-1,E09000004,6,0,1,-1,1,99,9,9,99,9,99,1,0,1,0,0,0,4,5
2024010503502,2024,010503502,535705,170212,-0.04996,51.41469,3,3,6,15:45,-1,E09000006,3,0,1,0,1,"[9, 19]","[4, 7]",3,0,0,0,1,1,0,0,0,0,4,5
2024010503503,2024,010503503,532182,190525,-0.09298,51.59807,3,3,6,18:59,-1,E09000014,3,0,1,0,1,"[4, 3]",3,7,0,0,0,1,0,0,0,0,0,4,5
2024010503504,2024,010503504,526667,180775,-0.17607,51.51171,3,3,6,18:50,-1,E09000033,3,0,1,0,1,"[7, 5]","[5, 3]","[8, 7]",0,0,0,1,1,0,0,0,0,4,5
2024010503506,2024,010503506,535748,192260,-0.04086,51.61281,2,"[3, 2]",6,19:35,-1,E09000010,6,0,1,0,1,19,"[7, 3]","[3, 7]",0,0,0,1,0,0,0,0,0,4,5
2024010503518,2024,010503518,535162,191746,-0.04951,51.60833,3,3,6,21:15,-1,E09000010,3,2,1,0,1,4,5,1,0,0,0,1,0,0,0,0,0,4,5
2024010503524,2024,010503524,532203,166116,-0.10181,51.37871,2,2,6,13:05,-1,E09000008,3,0,1,0,1,99,9,9,99,9,99,0,0,1,0,0,1,4,5
2024010503526,2024,010503526,518904,185537,-0.28628,51.5562,3,3,6,20:00,-1,E09000005,4,0,9,0,1,19,1,5,0,0,0,1,0,0,0,0,1,4,5
2024010503530,2024,010503530,523517,166065,-0.22657,51.38021,3,3,6,18:20,-1,E09000029,6,0,1,0,1,19,"[7, 1]","[3, 5]",0,0,0,1,0,0,0,0,0,4,5
2024010503533,2024,010503533,530024,177182,-0.12905,51.47866,3,3,5,22:03,-1,E09000022,3,2,2,1,1,99,9,9,99,9,99,0,1,0,0,1,0,4,4
2024010503540,2024,010503540,535743,171443,-0.04894,51.42575,3,3,6,19:25,-1,E09000023,3,0,1,0,1,99,9,9,99,9,99,1,0,1,0,0,0,4,5
2024010503541,2024,010503541,532930,182555,-0.0852,51.52627,3,3,6,22:42,-1,E09000012,3,2,1,0,1,"[5, 6]",3,"[7, 3]",0,0,0,1,0,1,0,0,0,4,5
2024010503546,2024,010503546,523252,180819,-0.22524,51.51286,2,"[2, 3]",7,04:20,-1,E09000013,3,2,1,0,1,"[6, 19]","[1, 5]",1,0,"[0, 1]","[0, 10]",1,0,0,0,0,0,4,6
2024010503547,2024,010503547,526892,172836,-0.17568,51.44031,3,3,7,05:55,-1,E09000032,4,0,1,0,1,"[19, 2]","[6, 0]","[2, 0]","[4, 0]","[0, 1]",0,1,0,0,0,0,0,4,6
2024010503552,2024,010503552,538026,177704,-0.01369,51.48146,3,3,7,06:00,-1,E09000011,3,0,1,0,1,"[2, 14]","[0, 1]","[0, 5]",0,0,0,1,0,0,0,0,0,4,6
2024010503554,2024,010503554,532476,165820,-0.098,51.37599,3,3,7,06:42,-1,E09000008,3,0,1,0,1,19,1,5,0,0,0,1,0,0,0,0,0,4,6
2024010503559,2024,010503559,528945,180250,-0.14345,51.50648,3,3,7,10:25,-1,E09000033,3,0,1,0,1,19,3,7,0,0,0,1,0,0,0,0,1,4,6
2024010503562,2024,010503562,514333,181947,-0.35335,51.52487,3,3,6,16:30,-1,E09000009,3,0,1,0,1,99,9,9,99,9,99,1,0,1,0,0,0,4,5
2024010503571,2024,010503571,527815,171899,-0.16274,51.43169,3,3,6,19:00,-1,E09000032,6,0,1,0,1,99,9,9,99,9,99,1,0,1,0,0,0,4,5
2024010503576,2024,010503576,527509,179397,-0.16444,51.49914,3,3,7,01:37,-1,E09000020,3,2,1,0,1,99,9,9,99,9,99,1,0,0,0,0,0,4,6
2024010503578,2024,010503578,510034,179898,-0.41593,51.50731,3,3,4,19:20,-1,E09000017,6,0,1,0,1,99,9,9,99,9,99,1,0,0,0,0,0,4,3
2024010503581,2024,010503581,525532,171396,-0.19575,51.42768,3,3,7,12:20,-1,E09000024,4,0,1,0,1,"[19, 10]",1,"[5, 6]",0,0,0,1,0,1,0,0,0,4,6
2024010503583,2024,010503583,519341,175987,-0.28321,51.47027,3,3,6,15:20,-1,E09000027,6,0,1,0,1,99,9,9,99,9,99,1,0,0,0,0,0,4,5
2024010503585,2024,010503585,517878,164095,-0.30821,51.3637,3,3,7,11:45,-1,E09000021,3,0,1,0,1,"[7, 5]",1,"[3, 5]",0,0,0,1,1,0,0,0,0,4,6
2024010503592,2024,010503592,531190,176332,-0.11258,51.47075,3,3,7,14:00,-1,E09000022,3,0,1,0,1,"[7, 19]",5,"[8, 1]",0,0,0,1,1,0,0,0,0,4,6
2024010503599,2024,010503599,539810,191462,0.01745,51.60465,3,3,7,13:05,-1,E09000026,3,0,1,0,2,"[3, 13]","[1, 5]","[5, 1]",0,0,0,1,0,0,0,0,0,4,6
2024010503601,2024,010503601,552118,187330,0.19325,51.56433,3,3,6,18:30,-1,E09000016,6,0,1,0,1,99,9,9,99,9,99,1,0,0,0,0,0,4,5
2024010503607,2024,010503607,528192,177834,-0.15517,51.48494,2,2,7,13:51,-1,E09000020,3,0,1,0,2,"[19, 6]",3,"[7, 3]",0,0,0,1,0,1,0,0,0,4,6
2024010503612,2024,010503612,526363,192339,-0.1763,51.6157,3,3,6,21:00,-1,E09000003,6,2,1,0,1,99,9,9,99,9,99,1,0,1,0,0,0,4,5
2024010503615,2024,010503615,530021,180361,-0.12792,51.50723,3,3,7,15:10,-1,E09000033,3,0,1,0,1,"[5, 13]","[0, 5]",1,"[0, 10]",0,0,1,0,1,0,0,0,4,6
2024010503624,2024,010503624,548457,183409,0.13882,51.53008,3,3,7,17:14,-1,E09000002,3,0,4,0,1,"[6, 9]",1,"[1, 7]",0,0,0,1,0,0,0,0,0,4,6
2024010503625,2024,010503625,545815,167829,0.09434,51.39077,3,3,7,14:20,-1,E09000006,5,0,1,0,1,"[14, 19]","[7, 3]","[3, 7]",0,0,0,1,0,0,0,0,0,4,6
2024010503629,2024,010503629,535433,185864,-0.04787,51.55541,3,3,7,17:08,-1,E09000012,5,0,1,0,1,99,9,9,99,9,99,1,1,0,0,0,0,4,6
2024010503633,2024,010503633,534941,178447,-0.0578,51.48888,3,3,7,16:49,-1,E09000028,3,0,1,0,1,99,9,9,99,9,99,1,0,0,0,0,0,4,6
2024010503637,2024,010503637,524112,176617,-0.21433,51.47491,3,3,7,17:10,-1,E09000013,3,0,1,0,1,"[4, 14]",5,1,0,0,0,0,1,0,1,0,0,4,6
2024010503643,2024,010503643,510576,174348,-0.40986,51.45732,2,2,7,17:50,-1,E09000018,3,0,1,0,1,"[9, 19]","[7, 1]",5,0,0,0,1,1,0,0,0,0,4,6
2024010503644,2024,010503644,514012,181446,-0.35813,51.52044,3,3,6,19:00,-1,E09000009,6,2,8,0,1,99,9,9,99,9,99,1,1,0,0,0,0,3,29
2024010503649,2024,010503649,537701,186988,-0.01474,51.56496,3,3,7,00:55,-1,E09000031,6,2,1,0,1,99,9,9,99,9,99,1,0,1,0,0,0,4,6
2024010503652,2024,010503652,534986,184137,-0.05498,51.54,3,3,7,18:05,-1,E09000012,3,0,1,0,1,19,5,1,0,0,0,1,0,0,0,0,1,4,6
2024010503653,2024,010503653,531934,179039,-0.10086,51.49491,3,3,7,19:20,-1,E09000028,3,2,1,0,1,19,1,5,0,0,0,0,0,0,1,0,0,4,6
2024010503657,2024,010503657,525492,179537,-0.19343,51.50085,3,3,7,14:32,-1,E09000020,3,0,1,0,1,"[7, 5]",5,"[7, 1]",0,1,0,1,1,0,0,0,0,4,6
2024010503661,2024,010503661,518414,182773,-0.29427,51.53146,3,3,7,23:20,-1,E09000009,3,2,1,0,1,19,"[1, 7]","[5, 3]",0,0,0,1,0,0,0,0,0,4,6
2024010503662,2024,010503662,543579,183959,0.06877,51.53628,3,3,7,17:40,-1,E09000002,3,0,1,0,1,7,5,7,0,0,0,1,1,0,0,0,0,4,6
2024010503664,2024,010503664,526508,178940,-0.17902,51.49526,3,3,7,17:13,-1,E09000020,3,0,1,0,1,"[4, 19]","[1, 5]","[5, 1]",0,0,0,1,0,0,0,1,0,4,6
2024010503665,2024,010503665,521729,184915,-0.24576,51.55,2,2,7,17:24,-1,E09000005,6,0,1,0,1,7,5,8,0,0,0,1,0,0,0,0,1,4,6
2024010503667,2024,010503667,519130,179406,-0.28509,51.50105,3,3,7,21:15,-1,E09000009,3,2,1,0,1,"[9, 19]","[5, 1]","[3, 5]",0,0,0,1,0,0,0,0,0,4,6
2024010503668,2024,010503668,519013,182424,-0.28576,51.52819,3,3,7,01:20,-1,E09000009,6,2,1,0,1,99,9,9,99,9,99,1,0,0,0,0,0,4,6
2024010503671,2024,010503671,527237,182770,-0.16714,51.52951,3,3,7,22:57,-1,E09000033,3,2,9,-1,1,99,9,9,99,9,99,1,0,0,0,0,1,4,6
2024010503672,2024,010503672,511503,183026,-0.39378,51.53514,3,3,7,20:10,-1,E09000009,6,2,1,0,1,19,2,6,0,0,0,1,0,0,0,0,1,4,6
2024010503675,2024,010503675,527923,181965,-0.15755,51.52212,3,3,7,22:26,-1,E09000033,3,2,1,0,1,99,9,9,99,9,99,1,0,1,0,0,0,4,6
2024010503679,2024,010503679,539426,190384,0.01148,51.59506,3,3,1,00:10,-1,E09000031,3,2,1,-1,2,99,9,9,99,9,99,1,0,0,0,0,0,4,7
2024010503681,2024,010503681,520636,178490,-0.26372,51.49249,3,3,1,01:00,-1,E09000018,3,2,1,0,1,99,9,9,99,9,99,0,1,0,0,0,0,4,7
2024010503683,2024,010503683,530010,171646,-0.13128,51.42891,3,3,1,01:19,-1,E09000022,3,2,4,0,1,19,"[1, 5]","[5, 1]",0,0,0,1,0,0,1,0,0,4,7
2024010503685,2024,010503685,528246,186992,-0.15107,51.56723,3,3,7,22:42,-1,E09000007,6,2,1,0,1,"[19, 2]","[1, 0]","[5, 0]","[4, 0]",0,0,1,0,0,0,0,0,4,6
2024010503692,2024,010503692,543627,184033,0.06949,51.53693,3,3,7,16:58,-1,E09000002,3,0,1,0,1,99,9,9,"[0, 99]","[0, 9]","[0, 99]",1,0,0,0,0,0,4,6
2024010503693,2024,010503693,537697,173559,-0.02003,51.44429,2,2,1,04:02,-1,E09000023,3,2,1,0,1,9,3,8,0,0,0,1,0,0,0,0,1,4,7
2024010503695,2024,010503695,523961,180256,-0.21523,51.50765,2,2,1,06:35,-1,E09000013,5,0,1,0,1,"[9, 19]","[7, 5]","[5, 1]",0,0,0,1,0,1,0,0,0,4,7