collision_index,collision_year,collision_ref_no,location_easting_osgr,location_northing_osgr,longitude,latitude,casualty_severity,casualty_severity,day_of_week,time,local_authority_district,local_authority_ons_district,first_road_class,light_conditions,weather_conditions,road_surface_conditions,urban_or_rural_area,vehicle_manoeuvre,vehicle_direction_from,vehicle_direction_to,hit_object_in_carriageway,vehicle_leaving_carriageway,hit_object_off_carriageway,is_car,is_cyle,is_mcyle,is_goodsv,is_other,is_pedestrian,month,day
2024010503703,2024,010503703,534588,176343,-0.06368,51.47005,3,3,1,09:41,-1,E09000028,6,0,4,0,1,"[9, 19]","[7, 4]","[4, 1]",0,0,0,1,1,0,0,0,0,4,7
2024010503709,2024,010503709,529625,178546,-0.13429,51.49101,3,3,1,10:10,-1,E09000033,3,0,1,0,1,19,5,1,0,0,0,1,1,0,0,0,0,4,7
2024010503711,2024,010503711,531454,186759,-0.1049,51.56439,3,3,1,06:18,-1,E09000019,3,0,8,0,1,"[19, 8]",1,"[5, 3]","[4, 0]",0,0,1,0,1,0,0,0,4,7
2024010503718,2024,010503718,529195,184184,-0.13841,51.54178,3,3,7,22:57,-1,E09000007,3,2,1,0,1,4,5,1,0,0,0,0,0,0,1,0,0,3,23
2024010503723,2024,010503723,530416,180379,-0.12222,51.5073,3,3,3,06:40,-1,E09000033,6,0,9,-1,1,99,9,9,0,0,0,0,0,1,1,0,0,2,27
2024010503725,2024,010503725,530156,191234,-0.12195,51.60491,3,3,7,14:45,-1,E09000014,3,0,1,0,1,19,5,1,0,0,0,1,0,0,0,0,1,4,6
2024010503727,2024,010503727,533475,183489,-0.077,51.53454,3,3,1,12:30,-1,E09000012,3,0,1,0,1,"[19, 7]","[1, 3]","[5, 6]",0,0,0,1,1,0,0,0,0,4,7
2024010503730,2024,010503730,531119,190409,-0.10836,51.59727,3,3,1,09:06,-1,E09000014,3,0,1,0,1,"[7, 19]","[5, 7]","[7, 3]",0,0,0,1,1,0,0,0,0,4,7
2024010503736,2024,010503736,539295,186851,0.00819,51.56334,3,3,1,10:30,-1,E09000031,6,0,1,0,1,99,9,9,99,9,99,1,0,0,0,0,1,4,7
2024010503740,2024,010503740,523527,179313,-0.22181,51.49927,2,2,1,12:38,-1,E09000013,3,0,4,0,1,"[2, 19]","[0, 5]","[0, 1]",0,0,0,0,1,0,1,0,0,4,7
2024010503745,2024,010503745,526980,179050,-0.17218,51.49614,3,3,1,12:20,-1,E09000020,3,0,1,0,1,99,9,9,99,9,99,0,1,0,0,0,0,1,28
2024010503748,2024,010503748,528378,181084,-0.15132,51.5141,2,2,1,14:23,-1,E09000033,3,0,1,0,1,4,7,3,0,0,0,1,0,0,0,0,1,4,7
2024010503752,2024,010503752,536663,171767,-0.03559,51.42844,3,3,1,15:48,-1,E09000023,3,0,1,0,1,"[12, 19]",3,7,0,"[0, 7]",0,1,0,0,0,0,0,4,7
2024010503756,2024,010503756,538343,183584,-0.00682,51.53422,3,3,1,13:45,-1,E09000025,3,0,1,0,1,99,9,9,99,9,99,1,1,0,0,0,0,4,7
2024010503767,2024,010503767,536537,183442,-0.03289,51.53338,3,3,1,17:48,-1,E09000030,6,0,1,0,1,"[5, 19]","[0, 1]",5,"[0, 4]",0,0,1,0,1,0,0,0,4,7
2024010503768,2024,010503768,535679,177960,-0.04736,51.48433,3,3,1,18:00,-1,E09000023,6,0,1,0,1,"[9, 19]","[5, 1]","[3, 5]",0,0,0,1,0,1,0,0,0,4,7
2024010503771,2024,010503771,523355,185873,-0.22199,51.55826,3,3,4,11:00,-1,E09000005,6,0,1,0,1,99,9,9,99,9,99,0,0,0,1,0,1,3,6
2024010503773,2024,010503773,534867,186227,-0.05589,51.55881,3,3,1,16:30,-1,E09000012,3,0,1,0,1,"[4, 19]",7,3,0,0,0,1,0,0,0,0,0,4,7
2024010503781,2024,010503781,515613,176458,-0.3367,51.47528,3,3,1,20:39,-1,E09000018,3,2,1,0,1,"[9, 19]","[3, 1]","[1, 5]",0,0,0,1,1,0,0,0,0,4,7
2024010503782,2024,010503782,507036,181906,-0.4585,51.52593,3,3,1,19:30,-1,E09000017,5,0,1,0,1,99,9,9,99,9,99,1,1,0,0,0,0,4,7
2024010503784,2024,010503784,528537,175209,-0.15116,51.46127,3,3,1,18:30,-1,E09000032,3,0,1,0,1,99,9,9,99,9,99,1,1,0,0,0,0,4,7
2024010503787,2024,010503787,529593,186697,-0.13175,51.56427,3,3,1,21:11,-1,E09000019,3,2,4,0,1,19,5,1,0,0,0,1,1,0,0,0,0,4,7
2024010503789,2024,010503789,539442,173719,0.00512,51.4453,3,3,1,19:03,-1,E09000023,3,0,1,0,1,99,9,9,99,9,99,1,0,0,0,0,0,4,7
2024010503790,2024,010503790,536588,163153,-0.03998,51.35105,2,2,1,15:15,-1,E09000008,3,0,1,0,1,"[13, 9]",5,"[1, 2]",0,0,0,1,0,1,0,0,0,4,7
2024010503791,2024,010503791,530496,175892,-0.12273,51.46696,3,3,5,08:30,-1,E09000022,6,0,2,1,1,99,9,9,99,9,99,1,0,0,0,0,0,4,4
2024010503792,2024,010503792,531436,183323,-0.10644,51.53352,3,3,1,18:23,-1,E09000019,4,0,1,0,1,"[3, 15]",2,6,"[0, 8]",0,0,1,0,1,0,0,0,4,7
2024010503797,2024,010503797,517805,169029,-0.30762,51.40806,3,3,1,15:30,-1,E09000021,5,0,1,0,1,"[1, 12]","[7, 1]","[3, 5]","[0, 10]",0,0,1,1,0,0,0,0,4,7
2024010503799,2024,010503799,522321,178645,-0.2394,51.49353,2,2,1,22:09,-1,E09000013,3,2,1,0,1,"[19, 7]","[3, 7]","[7, 1]",0,0,0,0,1,1,0,0,0,4,7
2024010503800,2024,010503800,527640,182000,-0.16161,51.5225,3,3,1,23:35,-1,E09000033,6,2,1,0,1,"[4, 99]","[1, 9]","[5, 9]","[0, 99]","[0, 9]","[0, 99]",1,0,1,0,0,0,4,7
2024010503805,2024,010503805,531922,192511,-0.09599,51.61597,2,2,1,22:55,-1,E09000010,3,2,1,0,1,"[15, 2]","[3, 0]","[7, 0]",0,"[0, 1]",0,1,0,0,0,0,0,4,7
2024010503806,2024,010503806,542001,184279,0.04617,51.53956,3,3,1,21:50,-1,E09000025,4,2,1,0,1,99,9,9,99,9,99,1,0,0,1,0,0,4,7
2024010503807,2024,010503807,537454,182564,-0.02002,51.52527,3,3,1,12:45,-1,E09000030,5,0,1,0,1,99,9,9,99,9,99,1,0,0,0,0,0,4,7
2024010503812,2024,010503812,538371,187911,-0.00471,51.57309,3,3,1,23:32,-1,E09000031,6,2,1,0,1,"[2, 19]","[0, 6]","[0, 2]","[0, 4]",0,0,1,0,1,0,0,0,4,7
2024010503818,2024,010503818,530126,172782,-0.1292,51.4391,3,3,1,21:25,-1,E09000022,4,2,1,0,1,19,"[8, 4]","[4, 8]",0,0,0,1,0,1,0,0,0,4,7
2024010503826,2024,010503826,527740,181339,-0.16041,51.51654,2,2,2,07:36,-1,E09000033,5,0,1,0,1,9,7,5,0,0,0,1,0,0,0,0,1,4,8
2024010503827,2024,010503827,548811,187371,0.1456,51.56558,3,3,7,18:00,-1,E09000002,3,2,2,1,1,99,9,9,99,9,99,1,0,0,0,0,0,4,6
2024010503828,2024,010503828,528833,170852,-0.14849,51.42205,3,3,6,14:40,-1,E09000032,6,0,1,0,1,99,9,9,99,9,99,1,0,1,0,0,0,4,5
2024010503837,2024,010503837,538309,165945,-0.0142,51.37572,3,3,7,12:00,-1,E09000006,3,0,1,0,1,99,9,9,99,9,99,1,1,0,0,0,0,4,6
2024010503838,2024,010503838,549700,182666,0.15641,51.52308,3,3,2,09:00,-1,E09000002,3,0,1,0,1,"[4, 3]",3,7,0,0,0,1,0,0,0,0,0,4,8
2024010503841,2024,010503841,551708,188558,0.18787,51.57548,3,3,2,09:50,-1,E09000016,5,0,1,0,1,99,9,9,99,9,99,1,1,0,0,0,0,4,1
2024010503842,2024,010503842,530947,190537,-0.1108,51.59846,3,3,7,17:00,-1,E09000014,3,0,1,0,1,99,9,9,99,9,99,1,0,1,0,0,0,4,6
2024010503843,2024,010503843,536085,196128,-0.03449,51.64749,3,3,6,15:07,-1,E09000010,5,0,1,0,1,99,9,9,99,9,99,1,0,0,0,0,1,2,23
2024010503845,2024,010503845,522751,184610,-0.23114,51.54704,3,3,7,14:30,-1,E09000005,3,0,1,0,1,99,9,9,99,9,99,1,0,1,0,0,0,4,6
2024010503848,2024,010503848,537325,199863,-0.01512,51.68075,3,3,7,01:22,-1,E09000010,1,2,1,0,1,99,9,9,99,9,99,1,0,0,0,0,0,3,23
2024010503849,2024,010503849,515443,168654,-0.34169,51.40517,3,3,7,08:40,-1,E09000027,3,0,1,0,2,99,9,9,99,9,99,1,1,0,0,0,0,3,30
2024010503850,2024,010503850,535526,186591,-0.04625,51.56192,3,3,6,16:55,-1,E09000012,3,0,1,0,2,99,9,9,99,9,99,1,1,0,0,0,0,4,5
2024010503851,2024,010503851,528264,172218,-0.15617,51.43445,3,3,5,19:34,-1,E09000032,3,0,1,0,1,99,9,9,99,9,99,1,0,1,0,0,0,4,4
2024010503857,2024,010503857,526083,188962,-0.18155,51.58542,3,3,2,06:40,-1,E09000003,3,0,1,0,1,"[19, 9]","[5, 3]",1,"[0, 10]","[0, 1]","[0, 7]",1,0,0,0,0,0,4,8
2024010503860,2024,010503860,531679,183794,-0.10276,51.5377,3,3,2,08:21,-1,E09000019,3,0,1,0,1,99,9,9,99,9,99,1,1,0,0,0,0,4,8
2024010503863,2024,010503863,533422,182796,-0.07802,51.52832,3,3,2,09:17,-1,E09000012,3,0,1,0,1,99,9,9,99,9,99,1,0,1,0,0,0,4,8
2024010503874,2024,010503874,530576,185133,-0.11816,51.54999,3,3,4,21:28,-1,E09000019,3,2,1,0,1,99,9,9,99,9,99,1,1,0,0,0,0,3,27
2024010503876,2024,010503876,531532,167044,-0.1111,51.38721,3,3,5,14:40,-1,E09000008,3,0,9,-1,1,99,9,9,99,9,99,1,0,1,0,0,0,4,4
2024010503884,2024,010503884,527828,197132,-0.1534,51.65845,3,3,2,11:41,-1,E09000010,3,0,1,0,1,19,"[5, 1]","[1, 5]",0,0,0,1,0,0,0,0,0,4,8
2024010503886,2024,010503886,523270,175873,-0.22671,51.46841,3,3,6,09:11,-1,E09000032,4,0,1,0,1,99,9,9,99,9,99,1,1,0,0,0,0,4,5
2024010503887,2024,010503887,539548,178798,0.00865,51.49092,3,3,7,16:15,-1,E09000011,3,0,1,0,1,99,9,9,99,9,99,1,0,0,0,0,0,4,6
2024010503888,2024,010503888,529169,181257,-0.13986,51.51548,3,3,2,13:00,-1,E09000033,3,0,1,0,1,"[3, 19]",3,7,0,0,0,1,1,0,1,0,0,4,8
2024010503891,2024,010503891,521479,177911,-0.25178,51.48711,3,3,7,14:45,-1,E09000018,3,0,1,0,1,99,9,9,99,9,99,1,0,0,0,0,0,4,6
2024010503893,2024,010503893,539718,166380,0.0062,51.37928,3,3,2,12:15,-1,E09000006,4,0,1,0,1,9,"[3, 5]","[1, 2]",0,0,0,1,0,0,0,0,0,4,8
2024010503894,2024,010503894,529818,184987,-0.12914,51.54885,3,3,2,13:30,-1,E09000019,3,0,1,0,1,5,"[1, 7]","[5, 3]",0,0,0,1,0,0,0,0,0,4,8
2024010503895,2024,010503895,528769,189669,-0.14254,51.59116,2,2,7,09:30,-1,E09000014,3,0,1,0,1,99,9,9,99,9,99,1,1,0,0,0,0,4,6
2024010503900,2024,010503900,537588,174072,-0.0214,51.44893,3,3,2,09:50,-1,E09000023,6,0,1,0,1,9,2,7,0,0,0,1,0,0,0,0,1,4,8
2024010503902,2024,010503902,520661,175541,-0.26436,51.46599,3,3,1,10:20,-1,E09000027,6,0,1,0,1,99,9,9,"[99, 0]","[9, 0]","[99, 0]",1,0,0,0,0,0,3,17
2024010503904,2024,010503904,517910,182730,-0.30155,51.53118,3,3,2,14:09,-1,E09000009,3,0,1,0,1,19,7,3,0,0,0,1,0,0,0,0,0,4,8
2024010503911,2024,010503911,527270,187574,-0.16493,51.57268,3,3,2,16:00,-1,E09000014,4,0,1,0,1,99,9,9,99,9,99,1,1,0,0,0,0,4,8
2024010503912,2024,010503912,531094,167589,-0.11719,51.3922,3,3,7,18:00,-1,E09000008,3,0,1,0,1,99,9,9,99,9,99,1,0,1,0,0,0,4,6
2024010503920,2024,010503920,534693,189523,-0.05714,51.58847,3,3,5,21:00,-1,E09000014,6,2,9,-1,2,99,9,9,99,9,99,1,0,1,0,0,0,4,4
2024010503926,2024,010503926,524300,181742,-0.20982,51.52093,3,3,2,13:55,-1,E09000020,5,0,1,0,1,"[99, 2]",9,9,"[8, 99]",9,99,1,1,0,0,0,0,4,8
2024010503932,2024,010503932,522468,184495,-0.23526,51.54607,3,3,5,17:15,-1,E09000005,6,0,9,-1,1,99,9,9,99,9,99,1,0,1,0,0,0,4,4
2024010503940,2024,010503940,532429,177395,-0.09435,51.48002,2,2,1,18:50,-1,E09000028,3,0,1,0,1,99,9,9,99,9,99,1,0,1,0,0,0,4,7
2024010503947,2024,010503947,525675,182189,-0.18985,51.52464,3,3,2,17:48,-1,E09000033,4,0,1,0,1,19,5,1,0,3,0,0,0,1,0,0,1,4,8
2024010503952,2024,010503952,534625,186798,-0.05916,51.564,3,3,2,19:08,-1,E09000012,3,2,2,1,1,"[19, 9]","[1, 5]","[5, 2]",0,0,0,0,1,1,0,0,0,4,8
2024010503953,2024,010503953,509755,181997,-0.41929,51.52623,3,3,2,19:32,-1,E09000017,6,2,2,1,1,"[19, 12]","[5, 7]","[1, 3]",0,0,0,1,0,1,0,0,0,4,8
2024010503957,2024,010503957,521804,181301,-0.24593,51.51751,3,3,2,15:30,-1,E09000013,6,0,1,0,1,19,"[4, 3]","[8, 7]",0,0,0,1,0,0,0,0,0,4,8
2024010503958,2024,010503958,542498,188851,0.05518,51.58051,3,3,2,19:50,-1,E09000026,5,2,2,1,1,"[3, 19, 2]","[5, 3, 0]","[1, 7, 0]","[0, 10]",0,0,1,0,0,0,0,0,4,8
2024010503959,2024,010503959,523584,181063,-0.22037,51.51498,2,2,2,19:10,-1,E09000020,3,2,1,0,1,"[19, 7]",3,"[7, 6]",0,0,0,1,0,1,0,0,0,4,8
2024010503960,2024,010503960,541686,188390,0.04328,51.57657,3,3,2,07:30,-1,E09000026,3,0,1,0,2,99,9,9,99,9,99,1,0,0,0,0,0,4,8
2024010503961,2024,010503961,524663,197556,-0.19898,51.66297,2,2,2,17:52,-1,E09000003,6,0,1,0,1,"[9, 19]","[7, 6]","[6, 2]",0,0,0,1,0,1,0,0,0,4,8
2024010503963,2024,010503963,531455,161399,-0.1143,51.33649,3,3,2,14:40,-1,E09000008,3,0,1,0,1,"[4, 19]",8,4,0,0,0,1,1,0,0,0,0,4,8
2024010503971,2024,010503971,535420,182052,-0.04952,51.52116,3,3,7,04:25,-1,E09000030,3,0,1,0,1,"[99, 19]","[9, 2]","[9, 6]",99,9,"[99, 0]",1,0,0,0,0,0,4,6
2024010503972,2024,010503972,535088,165980,-0.06044,51.37681,3,3,2,21:00,-1,E09000008,3,2,2,1,1,19,5,1,0,0,0,1,0,0,0,0,1,4,8
2024010503978,2024,010503978,533654,184796,-0.07392,51.54624,2,2,2,21:55,-1,E09000012,3,2,1,0,1,19,3,7,0,0,0,1,0,0,0,0,1,4,8
2024010503979,2024,010503979,525673,178424,-0.19122,51.49081,2,2,2,23:40,-1,E09000020,3,2,1,1,1,19,"[1, 3]","[5, 7]",0,0,0,0,1,1,0,0,0,4,8
2024010503982,2024,010503982,551950,174552,0.18533,51.44957,3,3,2,19:00,-1,E09000004,3,0,1,0,1,6,3,3,0,0,0,1,0,0,0,0,1,4,8
2024010503983,2024,010503983,538678,184421,-0.00166,51.54166,3,3,2,21:00,-1,E09000025,3,2,2,1,1,19,5,1,0,0,0,1,0,0,0,0,1,4,8
2024010503984,2024,010503984,534273,193150,-0.06181,51.62116,3,3,2,23:15,-1,E09000010,3,2,1,0,1,19,1,5,10,0,0,0,0,0,1,0,0,4,8
2024010503985,2024,010503985,537538,182904,-0.01868,51.5283,3,3,2,17:10,-1,E09000030,3,0,1,0,1,"[4, 19]",7,3,0,0,0,1,1,0,0,0,0,4,8
2024010503986,2024,010503986,535527,180958,-0.0484,51.5113,2,2,2,21:16,-1,E09000030,4,2,1,0,1,"[99, 19]","[9, 7]","[9, 3]","[99, 0]","[9, 0]","[99, 0]",1,1,0,0,0,0,4,8
2024010503994,2024,010503994,510732,174780,-0.40748,51.46117,3,3,3,06:38,-1,E09000018,6,0,2,1,1,"[9, 19]","[6, 2]","[4, 6]",0,"[7, 0]",0,1,0,1,0,0,0,4,9
2024010503995,2024,010503995,531946,179117,-0.10066,51.49561,3,3,3,07:20,-1,E09000028,3,0,2,1,1,99,9,9,99,9,99,0,1,0,0,0,1,4,9
2024010503998,2024,010503998,545542,178390,0.09476,51.48574,3,3,3,08:53,-1,E09000011,6,0,1,0,1,"[19, 2]","[5, 0, 1]","[1, 0, 5]","[0, 4]",0,0,1,0,0,0,0,0,4,9
2024010503999,2024,010503999,528709,176903,-0.14807,51.47645,3,3,3,08:20,-1,E09000032,3,0,1,1,1,5,"[3, 7]","[7, 3]",0,"[0, 1]",0,0,1,0,1,0,0,4,9
2024010504004,2024,010504004,520505,188555,-0.26216,51.58298,3,3,3,08:34,-1,E09000005,3,0,2,1,1,99,9,9,99,9,99,1,0,0,0,0,1,4,9
2024010504005,2024,010504005,535594,178991,-0.04819,51.49361,3,3,3,07:10,-1,E09000028,3,0,1,0,1,9,5,2,0,0,0,1,0,0,0,0,1,4,9
2024010504006,2024,010504006,545471,186730,0.09718,51.5607,3,3,6,15:35,-1,E09000026,3,0,1,0,1,99,9,9,99,9,99,1,0,1,0,0,0,4,5
2024010504011,2024,010504011,532984,180235,-0.0853,51.50541,3,3,3,08:25,-1,E09000028,3,0,9,-1,1,99,9,9,99,9,99,0,1,0,0,0,1,4,9
2024010504012,2024,010504012,515097,171585,-0.34571,51.43159,3,3,3,09:10,-1,E09000027,4,0,9,-1,1,99,9,9,99,0,0,1,0,0,0,0,1,4,9
2024010504014,2024,010504014,527822,172590,-0.16239,51.43789,3,3,1,18:30,-1,E09000032,3,0,9,-1,1,99,9,9,99,9,99,1,0,1,0,0,0,4,7
2024010504022,2024,010504022,524555,176469,-0.20801,51.47348,3,3,3,07:30,-1,E09000013,3,0,2,1,1,19,5,1,0,0,0,1,1,0,0,0,0,4,9
2024010504024,2024,010504024,537820,183006,-0.01458,51.52915,2,2,3,08:15,-1,E09000030,3,0,2,1,1,19,"[5, 3]","[1, 7]","[4, 0]","[3, 0]",0,1,1,0,0,0,0,4,9
2024010504030,2024,010504030,528472,181622,-0.14977,51.51892,2,2,3,08:30,-1,E09000033,5,0,2,1,1,9,1,7,0,0,0,1,0,0,0,0,1,4,9
2024010504037,2024,010504037,533527,188796,-0.07423,51.58221,3,3,4,13:10,-1,E09000014,3,0,9,-1,1,99,9,9,99,9,99,1,0,1,0,0,0,4,3
2024010504041,2024,010504041,523007,190425,-0.22541,51.59924,3,3,2,09:00,-1,E09000003,3,0,1,0,1,99,9,9,99,9,99,1,1,0,0,0,0,2,26
2024010504043,2024,010504043,535205,195366,-0.0475,51.64085,3,3,5,18:41,-1,E09000010,3,0,1,0,1,99,9,9,99,9,99,1,0,1,0,0,0,4,4
2024010504044,2024,010504044,531222,174094,-0.11295,51.45063,3,3,3,07:25,-1,E09000022,3,0,1,1,1,19,5,1,0,0,0,1,0,0,0,0,0,4,9
2024010504045,2024,010504045,514388,182243,-0.35246,51.52752,3,3,2,13:36,-1,E09000009,4,0,1,0,1,9,7,5,0,0,0,1,0,0,0,0,1,4,8
2024010504046,2024,010504046,530463,185999,-0.11947,51.55779,3,3,3,13:00,-1,E09000019,3,0,5,1,1,"[10, 12]",5,"[3, 1]",0,0,0,0,0,1,1,0,0,4,9
2024010504048,2024,010504048,517249,161591,-0.31807,51.34132,3,3,3,11:43,-1,E09000021,3,0,1,0,2,"[9, 3]","[3, 7]","[1, 3]",0,0,0,1,0,0,0,0,0,4,9
2024010504049,2024,010504049,528173,175042,-0.15646,51.45985,3,3,6,23:20,-1,E09000032,3,2,1,0,1,19,3,7,0,0,0,1,0,0,0,0,1,4,5
2024010504051,2024,010504051,530937,190079,-0.11111,51.59435,3,3,2,17:30,-1,E09000014,4,0,1,0,1,99,9,9,"[0, 99]","[0, 9]","[0, 99]",1,0,1,0,0,0,4,8
2024010504056,2024,010504056,535695,178767,-0.04682,51.49157,2,2,3,12:15,-1,E09000028,3,0,1,0,1,"[3, 19]",5,1,0,0,0,1,0,1,0,0,0,4,9
2024010504062,2024,010504062,545194,178659,0.08986,51.48825,3,3,5,19:50,-1,E09000011,3,2,9,-1,1,99,9,9,99,9,99,1,0,1,0,0,0,4,4
2024010504063,2024,010504063,532348,166092,-0.09974,51.37846,3,3,5,13:24,-1,E09000008,3,0,2,1,1,19,1,5,0,0,0,1,0,0,0,0,0,2,22
2024010504066,2024,010504066,532995,177162,-0.0863,51.47779,3,3,4,20:10,-1,E09000028,6,2,8,0,1,"[3, 99]",9,9,99,9,99,1,0,0,0,0,0,1,31
2024010504069,2024,010504069,532163,168148,-0.10163,51.39698,3,3,3,14:45,-1,E09000008,6,0,4,0,1,"[5, 19]","[2, 4]","[6, 8]",0,0,0,1,0,0,0,0,0,4,9
2024010504075,2024,010504075,517830,186307,-0.3015,51.56334,3,3,3,12:10,-1,E09000005,6,0,2,1,1,"[19, 1]",9,9,99,9,99,1,0,1,0,0,0,4,9
2024010504082,2024,010504082,523484,189222,-0.21895,51.58833,3,3,2,16:00,-1,E09000003,6,0,9,-1,1,99,9,9,99,9,99,1,0,1,0,0,0,4,8
2024010504090,2024,010504090,551727,174602,0.18215,51.45008,3,3,3,16:28,-1,E09000004,3,0,1,0,1,5,1,5,0,0,0,1,0,0,0,0,1,4,9
2024010504094,2024,010504094,543239,179194,0.06194,51.49355,3,3,3,17:25,-1,E09000011,3,0,1,0,1,"[3, 19]",7,3,0,0,0,1,0,0,0,0,0,4,9
2024010504097,2024,010504097,520049,189854,-0.2683,51.59475,2,2,6,17:15,-1,E09000005,5,0,1,0,1,99,9,9,99,9,99,1,1,0,0,0,0,4,5
2024010504098,2024,010504098,530164,179723,-0.12609,51.50146,3,3,3,16:48,-1,E09000033,3,0,1,0,1,19,3,7,0,0,0,0,0,0,1,0,0,4,9
2024010504107,2024,010504107,525451,168192,-0.19804,51.3989,3,3,3,16:15,-1,E09000024,3,0,1,0,1,"[7, 4]","[6, 5]",1,0,0,0,1,0,0,1,0,0,4,9
2024010504110,2024,010504110,520248,190650,-0.26515,51.60186,3,3,3,15:40,-1,E09000003,5,0,1,0,1,"[19, 4, 2]","[6, 0]","[2, 0]",0,0,0,1,0,1,0,0,0,4,9
2024010504111,2024,010504111,523405,187720,-0.22062,51.57485,2,2,3,19:58,-1,E09000003,3,2,1,1,1,19,3,7,0,0,0,0,0,1,0,0,0,4,9
2024010504113,2024,010504113,533184,179913,-0.08254,51.50247,3,3,6,17:10,-1,E09000028,3,0,1,0,1,99,9,9,99,9,99,0,1,0,0,0,0,4,5
2024010504116,2024,010504116,508174,191831,-0.43905,51.61492,2,2,3,20:14,-1,E09000017,3,2,1,0,1,"[7, 9]","[3, 7]","[6, 4]",0,0,0,1,0,0,0,0,0,4,9
2024010504119,2024,010504119,538167,180595,-0.01053,51.5074,3,3,3,17:50,-1,E09000030,3,0,1,0,1,99,9,9,99,9,99,0,0,1,0,0,0,4,9
2024010504122,2024,010504122,531086,190193,-0.10892,51.59534,2,2,3,19:54,-1,E09000014,3,2,1,0,1,19,5,1,0,0,0,0,0,1,0,0,1,4,9
2024010504124,2024,010504124,548181,187181,0.13643,51.56404,3,3,3,18:06,-1,E09000002,6,0,1,0,1,99,9,9,99,9,99,1,0,0,0,0,1,4,9
2024010504126,2024,010504126,537405,176145,-0.02323,51.4676,3,3,3,19:45,-1,E09000023,3,0,1,0,1,99,9,9,99,9,99,1,1,0,0,0,0,4,9
2024010504127,2024,010504127,525011,178647,-0.20068,51.49296,3,3,3,16:15,-1,E09000020,3,0,1,0,1,9,3,1,0,0,0,1,0,0,0,0,1,4,9
2024010504128,2024,010504128,538951,174284,-0.00172,51.4505,3,3,3,16:30,-1,E09000023,6,0,1,0,1,"[2, 5]",0,"[0, 1]","[0, 4]",0,0,1,0,0,0,0,0,4,9
2024010504129,2024,010504129,528552,177943,-0.14995,51.48584,3,3,3,11:25,-1,E09000033,3,0,1,0,1,99,9,9,99,9,99,1,0,0,0,0,1,4,9
2024010504130,2024,010504130,527571,181167,-0.16291,51.51503,3,3,3,20:15,-1,E09000033,3,2,1,0,1,19,"[3, 5]","[7, 1]","[0, 5]",0,0,1,1,0,0,0,0,4,9
2024010504131,2024,010504131,537873,173738,-0.01743,51.44586,3,3,3,18:30,-1,E09000023,3,0,1,0,1,99,9,9,99,9,99,1,0,0,0,0,1,4,9
2024010504132,2024,010504132,517174,191411,-0.30926,51.60935,2,2,3,15:05,-1,E09000015,5,0,1,0,1,4,1,5,0,0,0,1,0,0,0,0,1,4,9
2024010504134,2024,010504134,542783,183827,0.05725,51.5353,3,3,3,15:00,-1,E09000025,6,0,1,0,1,19,5,1,0,0,0,1,0,0,0,0,0,4,9
2024010504136,2024,010504136,529368,183874,-0.13603,51.53895,3,3,3,17:15,-1,E09000007,5,0,1,0,1,99,9,9,99,9,99,1,1,0,0,0,0,4,9
2024010504139,2024,010504139,521843,179150,-0.24611,51.49817,3,3,4,10:25,-1,E09000013,4,0,2,1,1,99,9,9,99,9,99,1,1,0,0,0,0,4,3
2024010504143,2024,010504143,532043,187608,-0.09608,51.57189,3,3,3,22:10,-1,E09000012,6,2,1,0,1,99,9,9,99,9,99,1,0,0,0,0,0,4,9
2024010504144,2024,010504144,522621,179428,-0.23481,51.5005,2,2,3,21:33,-1,E09000013,3,2,1,0,1,"[6, 13]",3,"[3, 7]",0,0,0,1,0,1,0,0,0,4,9
2024010504150,2024,010504150,528789,164225,-0.15152,51.3625,3,3,4,00:07,-1,E09000029,6,2,1,1,1,"[1, 4]",7,3,0,0,0,1,0,0,0,0,0,4,10
2024010504151,2024,010504151,534667,179161,-0.06147,51.49536,2,2,3,19:30,-1,E09000028,6,0,8,0,1,"[3, 19]","[3, 8]","[7, 4]",0,0,0,1,1,0,0,0,0,4,9
2024010504152,2024,010504152,544201,186521,0.07878,51.55914,3,3,3,23:50,-1,E09000026,3,2,1,0,1,99,9,9,99,9,99,1,0,0,0,0,0,4,9
2024010504158,2024,010504158,544021,175250,0.07159,51.45791,3,3,3,22:40,-1,E09000011,3,2,1,0,1,"[12, 19]",3,7,0,0,0,1,0,0,1,0,0,4,9
2024010504161,2024,010504161,540992,184835,0.03185,51.5448,3,3,4,02:33,-1,E09000025,4,2,1,0,1,"[19, 2, 9]","[1, 0, 7]","[5, 0]","[0, 4]",0,0,1,0,1,0,0,0,4,10
2024010504162,2024,010504162,551593,187476,0.18575,51.56579,3,3,4,05:00,-1,E09000016,3,2,1,0,1,19,3,8,0,0,0,1,0,0,0,0,1,4,10
2024010504164,2024,010504164,531736,188923,-0.10002,51.58378,3,3,3,19:05,-1,E09000014,3,0,1,0,1,99,9,9,99,9,99,0,0,0,0,0,1,4,9
2024010504172,2024,010504172,528490,188159,-0.14712,51.57766,3,3,5,17:43,-1,E09000014,3,0,1,0,1,99,9,9,99,9,99,1,0,0,0,0,0,4,4
2024010504175,2024,010504175,528710,182165,-0.14614,51.52374,3,3,4,07:23,-1,E09000033,3,0,1,0,1,11,3,7,0,0,0,0,0,0,1,0,0,4,10