collision_index,collision_year,collision_ref_no,location_easting_osgr,location_northing_osgr,longitude,latitude,casualty_severity,casualty_severity,day_of_week,time,local_authority_district,local_authority_ons_district,first_road_class,light_conditions,weather_conditions,road_surface_conditions,urban_or_rural_area,vehicle_manoeuvre,vehicle_direction_from,vehicle_direction_to,hit_object_in_carriageway,vehicle_leaving_carriageway,hit_object_off_carriageway,is_car,is_cyle,is_mcyle,is_goodsv,is_other,is_pedestrian,month,day
2024010504176,2024,010504176,534483,189686,-0.0601,51.58998,3,3,3,08:30,-1,E09000014,3,0,1,1,1,99,9,9,99,9,99,1,0,1,0,0,0,4,9
2024010504177,2024,010504177,522363,182940,-0.23731,51.53212,3,3,2,11:01,-1,E09000005,3,0,1,0,1,99,9,9,99,9,99,1,0,1,0,0,0,4,8
2024010504179,2024,010504179,532274,180227,-0.09552,51.5055,3,3,4,07:58,-1,E09000028,3,0,1,0,1,"[12, 19]",5,1,0,0,0,1,0,1,0,0,0,4,10
2024010504181,2024,010504181,530098,189281,-0.12351,51.58737,3,3,4,08:26,-1,E09000014,6,0,1,0,1,99,9,9,99,9,99,1,0,0,0,0,0,4,10
2024010504182,2024,010504182,531465,183252,-0.10605,51.53288,3,3,4,09:47,-1,E09000019,3,0,1,0,1,5,1,5,0,0,0,1,0,0,0,0,1,4,10
2024010504183,2024,010504183,534705,186686,-0.05805,51.56297,2,2,6,16:50,-1,E09000012,3,0,9,-1,1,19,1,5,12,9,99,1,1,0,0,0,0,2,16
2024010504184,2024,010504184,537669,173264,-0.02055,51.44165,3,3,4,09:22,-1,E09000023,3,0,1,0,1,"[5, 19]","[0, 5]",1,0,0,0,1,1,0,0,0,0,4,10
2024010504189,2024,010504189,528740,189374,-0.14307,51.58852,3,3,2,11:20,-1,E09000014,6,0,9,-1,1,99,9,9,99,9,99,1,0,1,0,0,0,4,8
2024010504190,2024,010504190,529857,190595,-0.12651,51.59924,3,3,3,12:40,-1,E09000014,6,0,9,-1,1,99,9,9,99,9,99,1,0,1,0,0,0,4,9
2024010504191,2024,010504191,530557,188139,-0.11732,51.577,3,3,2,17:27,-1,E09000014,6,0,9,-1,1,99,9,9,99,9,99,1,0,1,0,0,0,4,8
2024010504195,2024,010504195,536183,181728,-0.03866,51.51806,3,3,4,10:50,-1,E09000030,4,0,1,0,1,"[9, 19]","[1, 5]","[7, 1]","[7, 0]",0,0,1,0,0,0,0,0,4,10
2024010504199,2024,010504199,509821,172197,-0.42139,51.43813,3,3,3,15:15,-1,E09000018,3,0,1,0,1,99,9,9,99,9,99,1,0,0,1,0,0,4,9
2024010504200,2024,010504200,530297,182959,-0.12298,51.53051,3,3,1,00:30,-1,E09000007,3,2,9,-1,1,99,9,9,99,9,99,1,1,0,0,0,0,4,7
2024010504204,2024,010504204,525730,183293,-0.18867,51.53455,3,3,2,17:40,-1,E09000033,3,0,1,0,1,99,9,9,99,9,99,1,0,0,0,0,1,4,8
2024010504205,2024,010504205,529401,189158,-0.13361,51.58643,3,3,4,07:36,-1,E09000014,3,0,1,0,1,19,"[3, 5]","[7, 1]",0,"[0, 1]",0,1,1,0,0,0,0,4,10
2024010504206,2024,010504206,533872,180610,-0.07237,51.50857,3,3,3,09:24,-1,E09000030,3,0,5,1,1,99,9,9,99,9,99,1,0,1,0,0,0,4,9
2024010504210,2024,010504210,531965,187693,-0.09718,51.57267,3,3,3,18:02,-1,E09000012,3,0,8,0,1,"[3, 19]",5,1,0,0,0,0,1,0,1,0,0,3,19
2024010504212,2024,010504212,518028,185047,-0.29907,51.55198,3,3,4,11:52,-1,E09000005,3,0,1,0,1,"[3, 5]",3,7,0,0,0,0,0,1,1,0,0,4,10
2024010504216,2024,010504216,529700,191971,-0.12826,51.61164,3,3,3,20:10,-1,E09000010,6,2,1,0,1,99,9,9,99,9,99,1,0,1,0,0,0,4,9
2024010504222,2024,010504222,534650,181523,-0.06082,51.51659,3,3,3,19:15,-1,E09000030,6,0,1,0,1,99,9,9,99,9,99,1,0,1,0,0,0,4,9
2024010504223,2024,010504223,551989,189571,0.19236,51.5845,3,3,4,12:05,-1,E09000016,3,0,1,0,1,"[4, 3]",7,3,"[0, 4]",0,0,1,0,0,0,0,0,4,10
2024010504224,2024,010504224,534252,183144,-0.06593,51.53125,3,3,4,08:45,-1,E09000030,3,0,1,0,1,"[10, 19]","[7, 3]","[6, 7]",0,"[7, 0]",0,1,1,0,0,0,0,4,10
2024010504225,2024,010504225,535072,191364,-0.05096,51.60492,3,3,4,11:31,-1,E09000014,6,0,1,0,1,"[9, 19]","[3, 1]","[8, 5]",0,0,0,1,0,0,0,0,0,4,10
2024010504226,2024,010504226,537857,194684,-0.00947,51.63408,3,3,4,08:50,-1,E09000031,3,0,1,0,1,5,7,3,0,0,0,0,0,0,1,0,0,4,10
2024010504233,2024,010504233,524189,168823,-0.21595,51.40485,2,2,7,15:46,-1,E09000024,4,0,1,0,1,5,5,1,0,0,0,0,1,0,0,0,0,3,30
2024010504234,2024,010504234,539170,182363,0.00462,51.52304,3,3,4,12:59,-1,E09000025,3,0,4,0,1,9,"[7, 1]","[5, 7]",0,0,0,1,0,1,0,0,0,4,10
2024010504235,2024,010504235,542907,182263,0.0584,51.52121,3,3,3,14:34,-1,E09000025,3,0,1,0,1,99,9,9,99,9,99,1,0,1,0,0,0,4,9
2024010504236,2024,010504236,529332,183639,-0.13664,51.53685,3,3,4,11:50,-1,E09000007,3,0,1,0,1,"[19, 9]",8,"[4, 6]",0,0,0,1,0,0,0,0,0,4,10
2024010504239,2024,010504239,513127,174293,-0.37317,51.45632,3,3,4,08:35,-1,E09000027,3,0,1,0,1,19,"[5, 3]","[1, 7]","[4, 0]",0,0,1,0,1,0,0,0,4,10
2024010504240,2024,010504240,554013,186023,0.22,51.55208,3,3,4,12:50,-1,E09000016,6,0,1,0,1,"[19, 10]","[2, 6]","[6, 4]",0,0,0,1,0,1,0,0,0,4,10
2024010504241,2024,010504241,531566,166965,-0.11065,51.38649,3,3,3,13:15,-1,E09000008,3,0,1,0,1,99,9,9,99,9,99,1,0,1,0,0,0,4,9
2024010504242,2024,010504242,528018,196537,-0.15087,51.65306,3,3,7,15:59,-1,E09000010,3,0,1,0,2,"[4, 19]",1,5,0,0,0,1,0,0,0,0,0,4,6
2024010504246,2024,010504246,525902,176214,-0.18871,51.47089,3,3,4,13:10,-1,E09000013,6,0,9,-1,1,99,9,9,99,9,99,1,0,1,0,0,0,4,10
2024010504249,2024,010504249,533315,182675,-0.07961,51.52726,3,3,3,19:30,-1,E09000012,3,0,1,0,1,99,9,9,99,9,99,1,1,0,0,0,0,4,9
2024010504254,2024,010504254,520399,190804,-0.26292,51.60321,3,3,4,13:16,-1,E09000003,5,0,1,0,1,"[5, 7]",7,"[3, 1]",0,0,0,1,0,1,0,0,0,4,10
2024010504263,2024,010504263,518983,178019,-0.28767,51.48861,3,3,3,12:30,-1,E09000018,3,0,2,1,1,99,9,9,99,9,99,1,1,0,0,0,0,3,12
2024010504268,2024,010504268,537583,185852,-0.01688,51.55478,3,3,4,17:00,-1,E09000031,3,0,2,1,1,99,9,9,99,9,99,1,0,0,0,0,0,4,10
2024010504269,2024,010504269,531185,176331,-0.11265,51.47075,3,3,4,10:20,-1,E09000022,3,0,1,0,1,99,9,9,99,9,99,1,1,0,0,0,0,4,10
2024010504271,2024,010504271,535102,190713,-0.05078,51.59906,3,3,4,17:15,-1,E09000014,3,0,1,0,2,4,5,1,0,0,0,1,0,1,0,0,0,4,10
2024010504274,2024,010504274,532064,175701,-0.10024,51.46488,3,3,3,14:00,-1,E09000022,5,0,1,0,1,"[19, 2]",9,9,99,0,0,1,0,0,0,0,0,4,9
2024010504275,2024,010504275,534763,181828,-0.05907,51.5193,3,3,4,00:15,-1,E09000030,3,2,1,0,1,99,9,9,99,9,99,1,0,1,0,0,0,4,10
2024010504276,2024,010504276,532071,179708,-0.09864,51.50089,3,3,4,17:50,-1,E09000028,3,0,1,1,1,99,9,9,99,9,99,0,1,0,0,0,0,4,10
2024010504277,2024,010504277,530475,176459,-0.12282,51.47206,3,3,3,19:33,-1,E09000022,3,2,1,1,1,4,5,1,0,0,0,0,0,0,1,0,0,4,9
2024010504287,2024,010504287,540348,180914,0.02101,51.50973,2,2,4,15:04,-1,E09000025,3,0,1,0,1,19,3,7,0,0,0,0,0,1,0,0,0,4,10
2024010504291,2024,010504291,535137,179477,-0.05459,51.49809,3,3,3,06:35,-1,E09000028,3,0,1,0,1,99,9,9,99,9,99,0,1,0,0,0,0,4,9
2024010504294,2024,010504294,520923,177114,-0.26006,51.48007,3,3,4,15:40,-1,E09000018,3,2,2,1,1,"[3, 19]",3,7,0,0,0,1,0,1,0,0,0,4,10
2024010504296,2024,010504296,531083,190203,-0.10896,51.59543,2,2,4,16:18,-1,E09000014,3,0,2,1,1,19,1,5,0,0,0,0,0,0,1,0,1,4,10
2024010504299,2024,010504299,537374,191048,-0.01786,51.60153,3,3,4,18:50,-1,E09000031,3,0,1,0,1,"[19, 5]",7,3,0,0,0,1,0,0,0,0,0,4,10
2024010504301,2024,010504301,540375,184434,0.0228,51.54135,3,3,4,16:04,-1,E09000025,6,0,5,1,1,99,9,9,99,9,99,1,0,0,0,0,0,4,10
2024010504304,2024,010504304,526809,171138,-0.17748,51.42507,3,3,4,20:40,-1,E09000032,5,2,1,0,1,99,9,9,99,9,99,1,0,0,1,0,0,4,10
2024010504306,2024,010504306,532299,189905,-0.09153,51.59247,3,3,4,18:55,-1,E09000014,4,0,1,1,1,99,9,9,99,9,99,1,0,0,0,0,0,4,10
2024010504312,2024,010504312,541643,180070,0.03932,51.50182,3,3,4,20:10,-1,E09000025,6,2,1,0,1,"[19, 9]","[3, 5]","[7, 2]",0,0,0,1,0,1,0,0,0,4,10
2024010504315,2024,010504315,529255,184086,-0.13758,51.54088,3,3,4,08:15,-1,E09000007,3,0,1,0,1,99,9,9,99,9,99,1,1,0,0,0,0,4,10
2024010504317,2024,010504317,541981,182131,0.04501,51.52026,3,3,4,22:24,-1,E09000025,3,2,1,0,1,"[13, 19]",7,3,0,0,0,1,0,1,0,0,0,4,10
2024010504319,2024,010504319,531518,167109,-0.11128,51.38779,3,3,4,17:06,-1,E09000008,3,0,1,0,1,99,9,9,99,9,99,1,0,0,0,0,0,4,10
2024010504320,2024,010504320,537715,188206,-0.01406,51.5759,3,3,2,03:00,-1,E09000031,3,2,1,0,1,99,9,9,99,9,99,1,0,1,0,0,0,4,8
2024010504321,2024,010504321,538221,171826,-0.01317,51.42859,3,3,4,21:30,-1,E09000023,3,2,1,0,1,19,2,6,0,0,0,1,0,1,0,0,0,4,10
2024010504322,2024,010504322,537006,180532,-0.02727,51.50712,2,"[2, 3]",4,22:05,-1,E09000030,3,2,1,0,1,"[11, 19]",1,5,"[7, 0]",0,0,1,0,0,0,0,0,4,10
2024010504329,2024,010504329,515513,191695,-0.33314,51.61224,3,3,5,00:20,-1,E09000015,3,2,1,0,1,19,3,7,7,0,0,1,0,0,0,0,0,4,11
2024010504332,2024,010504332,548466,189257,0.14142,51.58262,3,3,5,05:59,-1,E09000002,6,0,1,0,1,"[7, 9]","[1, 5]",3,0,"[1, 0]","[9, 0]",1,0,0,0,0,0,4,11
2024010504334,2024,010504334,528466,176764,-0.15162,51.47526,3,3,5,06:17,-1,E09000032,3,0,1,0,1,"[19, 7]",7,"[3, 8]",0,0,0,1,0,1,0,0,0,4,11
2024010504335,2024,010504335,528554,186126,-0.14694,51.55937,3,3,3,16:45,-1,E09000007,6,0,9,-1,1,99,9,9,99,9,99,1,0,1,0,0,0,4,9
2024010504338,2024,010504338,539718,181619,0.01221,51.51622,2,2,5,06:25,-1,E09000025,3,0,1,0,1,"[12, 19]",3,7,0,"[0, 5]","[0, 2]",1,0,1,0,0,0,4,11
2024010504340,2024,010504340,514014,184328,-0.35717,51.54634,3,3,4,17:51,-1,E09000009,6,0,9,0,1,99,9,9,99,9,99,1,0,0,0,0,1,3,20
2024010504341,2024,010504341,505487,178355,-0.48188,51.49431,3,3,3,16:20,-1,E09000017,1,0,2,1,2,99,9,9,99,9,99,1,0,0,0,0,0,4,9
2024010504342,2024,010504342,532648,176093,-0.09169,51.46827,3,3,1,13:10,-1,E09000028,3,0,1,0,1,99,9,9,99,9,99,1,1,0,0,0,0,1,7
2024010504345,2024,010504345,520906,192961,-0.25486,51.62249,3,3,7,19:20,-1,E09000003,6,2,9,-1,1,99,9,9,99,9,99,1,0,1,0,0,0,4,6
2024010504346,2024,010504346,525208,182522,-0.19646,51.52774,3,3,5,08:20,-1,E09000033,6,0,1,0,1,19,1,5,0,0,0,0,1,0,1,0,0,4,11
2024010504349,2024,010504349,529359,181191,-0.13715,51.51484,2,2,5,08:45,-1,E09000033,5,0,1,0,1,19,"[6, 4]","[2, 8]",0,0,0,1,1,0,0,0,0,4,11
2024010504351,2024,010504351,538231,176687,-0.01113,51.47227,3,3,5,09:30,-1,E09000023,3,0,1,0,1,19,1,7,0,0,0,0,0,1,0,0,1,4,11
2024010504354,2024,010504354,522971,178553,-0.23008,51.49256,3,3,4,19:30,-1,E09000013,3,0,1,0,1,99,9,9,99,9,99,1,1,0,0,0,0,4,10
2024010504361,2024,010504361,533870,190327,-0.0687,51.59589,3,3,2,19:20,-1,E09000014,3,0,9,-1,1,99,9,9,99,9,99,1,0,1,0,0,0,4,8
2024010504368,2024,010504368,536187,175953,-0.04083,51.46617,3,3,5,10:55,-1,E09000023,4,0,1,0,1,"[3, 13]","[5, 1]","[1, 5]",0,0,0,1,0,1,0,0,0,4,11
2024010504372,2024,010504372,531347,179423,-0.10917,51.49849,3,3,5,08:00,-1,E09000028,3,0,1,0,1,9,4,1,0,0,0,1,0,1,0,0,0,4,11
2024010504373,2024,010504373,532189,179510,-0.09702,51.49908,3,3,3,20:45,-1,E09000028,3,2,1,0,1,99,9,9,99,9,99,0,0,1,1,0,0,4,9
2024010504375,2024,010504375,513562,191242,-0.36145,51.60857,3,3,4,17:37,-1,E09000015,3,0,1,1,1,99,9,9,99,9,99,1,0,0,0,0,0,4,10
2024010504384,2024,010504384,540948,172376,0.02624,51.43286,3,3,4,20:10,-1,E09000023,6,2,8,0,1,99,9,9,99,9,99,1,0,0,0,0,0,4,10
2024010504389,2024,010504389,538269,183802,-0.0078,51.53619,3,3,5,08:12,-1,E09000025,5,0,1,0,1,"[5, 2]","[4, 0]","[8, 0]",0,0,0,1,0,0,0,0,1,4,11
2024010504390,2024,010504390,532971,166415,-0.09067,51.38122,3,3,3,18:25,-1,E09000008,3,0,9,-1,1,99,9,9,99,9,99,1,0,1,0,0,0,4,9
2024010504395,2024,010504395,517622,167061,-0.3109,51.39041,3,3,3,19:57,-1,E09000021,6,2,5,1,1,99,9,9,99,9,99,1,0,0,0,0,0,3,26
2024010504399,2024,010504399,535720,185198,-0.04399,51.54936,3,3,5,14:10,-1,E09000012,6,0,1,0,1,"[3, 19]",1,5,"[0, 7]",0,0,1,0,0,0,0,0,4,11
2024010504408,2024,010504408,543681,186223,0.07117,51.5566,3,3,3,20:45,-1,E09000026,3,2,1,0,1,99,9,9,99,9,99,1,0,0,0,0,0,4,9
2024010504410,2024,010504410,518630,180449,-0.29194,51.51052,3,3,4,19:45,-1,E09000009,3,2,9,-1,1,99,9,9,99,9,99,0,1,0,0,0,0,4,10
2024010504414,2024,010504414,524624,186267,-0.20355,51.56152,3,3,4,14:50,-1,E09000003,3,0,1,0,1,99,9,9,99,9,99,1,0,1,0,0,0,2,28
2024010504415,2024,010504415,523924,181394,-0.21536,51.51788,3,3,4,18:00,-1,E09000020,4,0,1,0,1,99,9,9,99,9,99,1,0,1,0,0,0,4,10
2024010504421,2024,010504421,534305,185239,-0.06437,51.55006,3,3,5,07:45,-1,E09000012,5,0,1,0,1,99,9,9,99,9,99,1,0,1,0,0,0,4,11
2024010504428,2024,010504428,535004,181758,-0.05563,51.51862,3,3,5,11:10,-1,E09000030,6,0,9,-1,1,99,9,9,99,9,99,1,0,1,0,0,0,4,11
2024010504429,2024,010504429,514812,180183,-0.34702,51.50892,3,3,6,18:00,-1,E09000009,3,0,1,0,1,99,9,9,99,9,99,1,0,1,0,0,0,4,5
2024010504430,2024,010504430,532109,190533,-0.09403,51.59816,3,3,5,16:32,-1,E09000014,3,0,1,0,1,"[7, 19]",7,"[1, 3]",0,0,0,1,1,0,0,0,0,4,11
2024010504431,2024,010504431,533556,185324,-0.07513,51.55101,3,3,3,06:30,-1,E09000012,3,0,1,0,1,99,9,9,99,9,99,1,1,0,0,0,0,4,9
2024010504435,2024,010504435,544091,186931,0.07737,51.56286,3,3,5,16:00,-1,E09000026,6,0,1,0,1,1,2,8,0,0,0,1,0,0,0,0,0,4,11
2024010504439,2024,010504439,539932,178278,0.01397,51.48615,3,3,5,18:08,-1,E09000011,3,0,1,0,1,"[10, 14]",4,"[2, 8]",0,0,0,1,0,1,0,0,0,4,11
2024010504441,2024,010504441,519974,180139,-0.27269,51.50746,3,3,5,18:15,-1,E09000009,3,0,1,0,1,"[5, 19]","[6, 3]","[2, 7]",0,0,0,1,1,0,0,0,0,4,11
2024010504443,2024,010504443,524921,180473,-0.20133,51.50939,2,2,3,09:35,-1,E09000020,6,0,1,0,1,99,9,9,99,9,99,1,1,0,0,0,0,4,2
2024010504450,2024,010504450,532433,182402,-0.09242,51.52501,3,3,5,16:30,-1,E09000019,3,0,1,0,1,"[3, 19]","[7, 3]","[3, 7]",0,0,0,1,0,1,0,0,1,4,11
2024010504451,2024,010504451,530565,181389,-0.1197,51.51634,3,3,4,18:00,-1,E09000007,3,0,1,0,1,99,9,9,99,9,99,0,1,0,0,0,1,4,10
2024010504459,2024,010504459,542232,183462,0.04916,51.53216,3,3,5,17:48,-1,E09000025,3,0,1,0,1,"[19, 6]",3,"[7, 3]",0,0,0,1,0,0,0,0,0,4,11
2024010504462,2024,010504462,526548,179640,-0.17819,51.50154,3,3,5,18:05,-1,E09000033,3,0,1,0,1,"[10, 19]","[5, 3]","[2, 7]",0,0,0,1,1,0,0,0,0,4,11
2024010504463,2024,010504463,548960,184541,0.14655,51.54012,3,3,5,15:15,-1,E09000002,5,0,9,-1,1,99,9,9,99,9,99,1,0,0,0,0,1,4,11
2024010504470,2024,010504470,546423,183679,0.10963,51.53304,3,3,5,18:31,-1,E09000002,3,0,1,0,1,99,9,9,99,9,99,1,0,0,0,0,0,4,11
2024010504486,2024,010504486,534461,177854,-0.06494,51.48366,3,3,5,18:50,-1,E09000028,3,0,1,0,1,19,7,3,0,0,0,1,0,1,0,0,0,4,11
2024010504488,2024,010504488,541190,183166,0.03403,51.52976,3,3,5,21:54,-1,E09000025,6,2,9,0,1,"[19, 2]","[1, 0]","[5, 0]",0,0,0,1,0,0,0,0,0,4,11
2024010504490,2024,010504490,524721,189473,-0.20102,51.59031,3,3,5,21:33,-1,E09000003,3,2,1,0,1,5,"[5, 3]","[1, 7]",0,0,0,1,0,0,0,0,0,4,11
2024010504492,2024,010504492,525196,187430,-0.19489,51.57185,3,3,5,22:00,-1,E09000003,3,2,1,0,1,99,9,9,99,9,99,1,0,0,0,0,0,4,11
2024010504493,2024,010504493,528484,175760,-0.15173,51.46623,3,3,5,17:00,-1,E09000032,3,0,1,0,1,"[19, 9]","[7, 3]","[3, 2]",0,0,0,1,0,1,0,0,0,4,11
2024010504496,2024,010504496,529684,170361,-0.13644,51.41744,3,3,5,18:20,-1,E09000022,4,0,8,0,1,99,9,9,99,9,99,1,0,0,0,0,1,4,11
2024010504498,2024,010504498,537375,192550,-0.01726,51.61502,3,3,2,14:30,-1,E09000031,6,0,1,0,1,99,9,9,0,0,0,0,0,0,1,0,1,4,8
2024010504503,2024,010504503,528415,173280,-0.15362,51.44396,3,3,6,00:20,-1,E09000032,6,2,1,0,1,"[2, 19]","[0, 3]","[0, 7]","[0, 4]",0,0,1,0,0,0,0,0,4,12
2024010504504,2024,010504504,549341,182784,0.15129,51.52423,3,3,5,20:00,-1,E09000002,3,2,9,-1,2,99,9,9,99,9,99,1,0,0,1,0,0,4,11
2024010504506,2024,010504506,524647,179051,-0.20577,51.49667,2,2,5,23:20,-1,E09000020,3,2,1,0,1,"[9, 10]",5,2,0,0,0,1,0,1,0,0,0,4,11
2024010504507,2024,010504507,533920,190870,-0.06777,51.60076,3,3,5,08:45,-1,E09000014,3,2,1,0,1,99,9,9,99,9,99,1,0,0,0,0,0,4,11
2024010504510,2024,010504510,533918,190704,-0.06787,51.59927,3,3,5,22:25,-1,E09000014,3,2,1,0,1,99,9,9,99,9,99,1,0,0,0,0,0,4,11
2024010504511,2024,010504511,519952,180167,-0.27299,51.50771,3,3,6,03:13,-1,E09000009,3,2,1,0,1,19,7,3,0,0,0,1,0,1,0,0,0,4,12
2024010504515,2024,010504515,531638,164944,-0.11036,51.36831,2,2,6,08:03,-1,E09000008,3,0,1,0,1,"[4, 3, 15]","[7, 3]","[3, 7]","[10, 0]","[1, 0]",0,1,0,1,0,1,0,4,12
2024010504520,2024,010504520,531677,176953,-0.10534,51.47622,3,3,6,07:22,-1,E09000022,6,0,1,0,1,99,9,9,99,9,99,1,1,0,0,0,0,4,12
2024010504523,2024,010504523,531341,185088,-0.10715,51.5494,3,3,6,09:10,-1,E09000019,6,0,1,0,1,"[7, 9]","[3, 7]","[6, 5]",0,0,0,1,1,0,0,0,0,4,12
2024010504524,2024,010504524,528875,191757,-0.14025,51.6099,3,3,2,09:30,-1,E09000003,3,2,1,0,1,99,9,9,99,9,99,1,0,0,0,0,0,4,1
2024010504526,2024,010504526,505423,184050,-0.4811,51.54551,3,3,6,10:00,-1,E09000017,6,0,1,0,1,1,1,5,0,0,0,1,0,0,0,0,1,4,12
2024010504534,2024,010504534,528875,181203,-0.14411,51.51506,3,3,6,09:25,-1,E09000033,3,0,1,0,1,5,3,7,0,0,0,0,0,0,1,0,1,4,12
2024010504539,2024,010504539,529548,185182,-0.13296,51.55066,3,3,7,13:40,-1,E09000007,3,0,8,0,1,99,9,9,99,9,99,1,0,0,0,0,1,3,30
2024010504541,2024,010504541,549443,173568,0.14886,51.4414,3,3,6,09:20,-1,E09000004,3,0,1,0,1,"[5, 3]",2,6,"[4, 0]","[1, 0]","[10, 0]",1,0,0,1,0,0,4,12
2024010504546,2024,010504546,551241,188114,0.18095,51.57161,2,2,4,12:25,-1,E09000016,3,0,1,0,1,99,9,9,99,9,99,1,1,0,0,0,0,4,3
2024010504547,2024,010504547,537478,178605,-0.02122,51.48969,3,3,6,10:50,-1,E09000030,3,0,1,0,1,"[13, 19]","[7, 3]","[3, 7]",0,"[4, 0]",0,1,0,0,1,0,0,4,12
2024010504549,2024,010504549,533476,184918,-0.07644,51.54738,3,3,5,19:05,-1,E09000012,5,2,9,-1,1,99,9,9,99,9,99,1,0,1,0,0,0,4,11
2024010504552,2024,010504552,531391,168870,-0.11245,51.40365,3,3,5,14:50,-1,E09000008,6,0,9,-1,1,99,9,9,99,9,99,1,0,1,0,0,0,4,11
2024010504555,2024,010504555,546400,175853,0.10606,51.46272,3,3,5,15:52,-1,E09000004,3,0,9,-1,1,99,9,9,99,9,99,1,0,1,0,0,0,4,11
2024010504557,2024,010504557,531171,176492,-0.11279,51.4722,3,3,2,07:00,-1,E09000022,3,0,1,0,1,99,9,9,99,9,99,1,1,0,0,0,0,4,8
2024010504558,2024,010504558,523563,175835,-0.22251,51.468,3,3,5,15:20,-1,E09000032,4,0,1,0,1,99,9,9,99,9,99,1,0,0,0,0,1,4,11
2024010504560,2024,010504560,531036,164864,-0.11903,51.36773,3,3,5,15:47,-1,E09000008,3,0,1,0,1,99,9,9,99,9,99,1,0,1,0,0,0,4,11
2024010504565,2024,010504565,518066,190966,-0.29654,51.60516,3,3,3,08:40,-1,E09000015,6,0,1,1,1,99,9,9,99,9,99,1,1,0,0,0,0,4,9
2024010504566,2024,010504566,531715,188940,-0.10032,51.58393,3,3,6,12:34,-1,E09000014,3,0,1,0,1,19,1,5,0,0,0,0,0,1,0,0,1,4,12
2024010504572,2024,010504572,530011,181537,-0.12763,51.5178,3,3,6,12:50,-1,E09000007,3,0,1,0,1,"[9, 19]","[5, 1]","[3, 5]",0,0,0,1,1,0,0,0,0,4,12
2024010504576,2024,010504576,523985,175142,-0.21668,51.46168,2,2,6,12:15,-1,E09000032,3,0,1,0,1,9,3,1,0,0,0,0,0,0,1,0,1,4,12
2024010504578,2024,010504578,556095,186862,0.25038,51.55904,2,2,6,13:30,-1,E09000016,5,0,1,0,1,19,1,5,0,0,0,1,0,0,0,0,1,4,12
2024010504579,2024,010504579,520831,180768,-0.26013,51.51293,3,3,4,13:00,-1,E09000009,6,0,9,-1,1,99,9,9,99,9,99,1,0,1,0,0,0,4,10
2024010504580,2024,010504580,530373,178077,-0.12369,51.48662,3,3,5,18:00,-1,E09000022,3,0,1,0,1,99,9,9,99,9,99,1,1,0,0,0,0,4,11
2024010504581,2024,010504581,513717,175275,-0.36437,51.46503,3,3,6,14:20,-1,E09000018,3,0,1,0,1,"[4, 3]",6,2,0,0,0,1,0,0,0,0,0,4,12
2024010504582,2024,010504582,510513,178858,-0.40935,51.49787,3,3,6,08:58,-1,E09000018,3,0,1,0,1,"[4, 19]",5,1,0,0,0,1,0,0,0,0,0,4,12
2024010504583,2024,010504583,520200,180065,-0.26946,51.50674,3,3,6,11:32,-1,E09000009,3,0,9,-1,1,99,9,9,99,9,99,1,0,1,0,0,0,4,12
2024010504584,2024,010504584,531324,188822,-0.106,51.58296,3,3,5,18:30,-1,E09000014,4,0,1,0,1,99,9,9,99,9,99,1,0,1,0,0,0,4,11
2024010504587,2024,010504587,534497,187149,-0.06087,51.56718,3,3,6,13:40,-1,E09000012,3,0,1,0,1,19,7,3,0,0,0,0,0,0,1,0,0,4,12
2024010504594,2024,010504594,526037,166513,-0.19022,51.38368,3,3,6,11:00,-1,E09000029,4,0,1,0,1,"[7, 9]","[3, 5]","[5, 3]",0,"[1, 7]",0,1,0,1,0,0,0,4,12
2024010504599,2024,010504599,530650,181221,-0.11854,51.51481,3,3,4,18:30,-1,E09000033,3,2,1,-1,1,99,9,9,99,9,99,1,1,0,0,0,0,3,6
2024010504600,2024,010504600,518860,178419,-0.28931,51.49223,3,3,6,16:13,-1,E09000018,3,0,1,0,1,19,"[3, 7]","[7, 3]","[10, 0]",0,0,1,0,1,0,0,0,4,12
2024010504607,2024,010504607,538124,178364,-0.01202,51.48736,3,3,6,12:50,-1,E09000030,3,0,1,0,1,99,9,9,99,9,99,1,0,1,0,0,0,3,22
2024010504610,2024,010504610,534509,176776,-0.06465,51.47396,3,3,6,05:01,-1,E09000028,3,0,1,0,1,99,9,9,99,9,99,1,1,0,0,0,0,4,12
2024010504611,2024,010504611,524998,181306,-0.19992,51.51686,3,3,5,18:10,-1,E09000033,6,0,9,-1,1,99,9,9,99,9,99,1,0,1,0,0,0,4,11
2024010504615,2024,010504615,530504,178782,-0.12155,51.49293,2,2,6,12:55,-1,E09000022,3,0,1,0,1,"[19, 7]","[3, 5]",7,0,0,0,1,1,0,0,0,0,4,12
2024010504617,2024,010504617,518182,165348,-0.30343,51.3749,3,3,6,17:19,-1,E09000021,3,0,1,0,1,99,9,9,99,9,99,1,0,1,0,0,0,4,12
2024010504618,2024,010504618,513293,184881,-0.36739,51.55145,3,3,6,16:35,-1,E09000009,6,0,1,0,1,"[4, 14, 2, 3]","[7, 0]","[3, 0]","[0, 4]",0,0,1,0,0,1,0,0,4,12