collision_index,collision_year,collision_ref_no,location_easting_osgr,location_northing_osgr,longitude,latitude,casualty_severity,casualty_severity,day_of_week,time,local_authority_district,local_authority_ons_district,first_road_class,light_conditions,weather_conditions,road_surface_conditions,urban_or_rural_area,vehicle_manoeuvre,vehicle_direction_from,vehicle_direction_to,hit_object_in_carriageway,vehicle_leaving_carriageway,hit_object_off_carriageway,is_car,is_cyle,is_mcyle,is_goodsv,is_other,is_pedestrian,month,day
2024010504635,2024,010504635,514215,180275,-0.35559,51.50987,3,3,6,19:57,-1,E09000009,3,0,8,0,1,99,9,9,99,9,99,1,0,0,0,0,0,4,12
2024010504638,2024,010504638,522119,190881,-0.23807,51.60354,3,3,6,19:10,-1,E09000003,3,0,1,0,1,"[19, 12]",5,1,0,0,0,1,0,0,0,0,0,4,12
2024010504641,2024,010504641,521267,183746,-0.25283,51.5396,3,3,6,17:00,-1,E09000005,3,0,1,0,1,5,0,3,4,0,0,1,1,0,0,0,0,4,12
2024010504650,2024,010504650,531824,170990,-0.10545,51.4226,3,3,6,21:00,-1,E09000008,3,0,1,0,1,19,7,3,0,0,0,0,0,1,0,0,1,4,12
2024010504652,2024,010504652,528947,183794,-0.14213,51.53833,3,3,6,18:22,-1,E09000007,3,0,1,0,1,4,5,1,0,0,0,1,0,0,1,0,0,4,12
2024010504653,2024,010504653,528126,173413,-0.15773,51.44522,3,3,6,19:56,-1,E09000032,6,2,1,0,1,"[19, 5]","[1, 7]","[5, 3]",0,0,0,1,1,0,0,0,0,4,12
2024010504654,2024,010504654,525495,185007,-0.19144,51.55001,3,3,6,17:30,-1,E09000007,4,0,1,0,1,"[3, 4]",1,5,0,0,0,1,0,0,0,0,0,4,12
2024010504655,2024,010504655,532130,166057,-0.10288,51.3782,3,3,6,21:30,-1,E09000008,3,2,1,0,1,19,"[8, 7]","[4, 3]",0,0,0,1,0,0,0,0,0,4,12
2024010504664,2024,010504664,519206,186164,-0.28171,51.56177,3,3,6,15:54,-1,E09000005,3,0,1,0,1,"[19, 13]",3,7,0,0,0,1,1,0,0,0,0,4,12
2024010504670,2024,010504670,510651,181108,-0.40666,51.51807,3,3,7,01:39,-1,E09000017,5,2,1,0,1,19,7,1,0,0,0,1,0,0,0,0,1,4,13
2024010504675,2024,010504675,538150,180592,-0.01077,51.50738,3,3,7,01:47,-1,E09000030,3,2,1,0,1,99,9,9,99,9,99,1,0,0,0,0,0,4,13
2024010504677,2024,010504677,535424,179141,-0.05058,51.495,3,3,7,03:14,-1,E09000028,3,2,1,0,1,5,0,3,0,1,0,1,0,0,0,0,1,4,13
2024010504680,2024,010504680,552668,192152,0.20328,51.60751,3,3,6,22:10,-1,E09000016,5,2,1,0,2,19,7,3,10,7,4,1,0,0,0,0,0,4,12
2024010504683,2024,010504683,553290,182122,0.20788,51.51723,2,2,7,00:40,-1,E09000016,6,2,1,0,1,19,5,1,0,7,4,1,0,0,0,0,0,4,13
2024010504684,2024,010504684,519354,178270,-0.28225,51.49079,3,3,7,03:50,-1,E09000018,3,2,1,0,1,19,3,7,0,1,7,1,0,0,0,0,0,4,13
2024010504685,2024,010504685,529305,169331,-0.14226,51.40827,3,3,7,07:15,-1,E09000024,4,0,1,0,1,7,1,3,11,0,0,1,0,0,0,0,0,4,13
2024010504687,2024,010504687,532137,189419,-0.09405,51.58814,3,3,3,11:30,-1,E09000014,4,0,1,1,1,99,9,9,99,9,99,0,0,1,0,0,1,4,9
2024010504691,2024,010504691,527595,192052,-0.15862,51.61285,3,3,7,10:00,-1,E09000003,3,0,1,0,1,"[4, 13]",3,7,0,0,0,1,0,1,0,0,0,4,13
2024010504699,2024,010504699,541639,188587,0.04268,51.57836,3,3,6,10:23,-1,E09000026,3,0,1,0,2,99,9,9,99,9,99,1,0,0,0,0,0,4,12
2024010504703,2024,010504703,525304,189471,-0.19261,51.59017,3,3,6,17:40,-1,E09000003,3,0,1,0,1,99,9,9,99,9,99,1,0,1,0,0,0,4,12
2024010504704,2024,010504704,539480,178551,0.00757,51.48871,3,3,7,07:29,-1,E09000011,3,0,1,0,1,19,5,1,0,1,1,1,0,0,0,0,0,4,13
2024010504707,2024,010504707,527272,175696,-0.16919,51.46593,3,3,2,07:42,-1,E09000032,5,0,9,-1,1,99,9,9,99,9,99,0,0,0,1,0,0,3,18
2024010504708,2024,010504708,532479,165767,-0.09798,51.37551,3,3,7,11:22,-1,E09000008,3,0,1,0,1,"[19, 11]",5,1,0,0,0,1,0,0,1,0,0,4,13
2024010504709,2024,010504709,531013,177317,-0.11476,51.47965,3,3,7,11:03,-1,E09000022,3,0,1,0,1,99,9,9,99,9,99,1,1,0,0,0,0,4,13
2024010504710,2024,010504710,542301,189602,0.05264,51.58731,3,3,7,11:04,-1,E09000026,3,0,1,0,2,"[7, 19]",5,"[8, 1]",0,0,0,1,1,0,0,0,0,4,13
2024010504721,2024,010504721,517024,179400,-0.31542,51.50143,3,3,7,12:50,-1,E09000009,4,0,9,-1,1,99,9,9,99,9,99,1,0,0,0,0,1,4,13
2024010504725,2024,010504725,542736,182997,0.05624,51.52785,3,3,6,12:10,-1,E09000025,3,0,9,-1,1,99,9,9,99,9,99,1,0,1,0,0,0,4,12
2024010504726,2024,010504726,530663,176758,-0.12001,51.4747,2,2,7,12:55,-1,E09000022,3,0,1,0,1,"[11, 5]",5,1,"[0, 10]",0,0,1,1,0,0,0,0,4,13
2024010504727,2024,010504727,517956,183686,-0.30056,51.53976,3,3,7,10:50,-1,E09000005,3,0,1,0,1,99,9,9,99,9,99,1,0,0,0,0,0,4,13
2024010504729,2024,010504729,534980,177418,-0.05763,51.47962,3,3,7,13:13,-1,E09000028,3,0,1,0,1,"[7, 19]",4,"[6, 8]",0,0,0,1,1,0,0,0,0,4,13
2024010504731,2024,010504731,542693,176206,0.05287,51.46684,2,2,4,08:30,-1,E09000011,3,0,1,-1,1,5,0,1,99,0,0,1,0,0,0,0,0,2,28
2024010504740,2024,010504740,533579,185934,-0.07457,51.55648,3,3,7,15:27,-1,E09000012,3,0,1,0,1,"[7, 19]","[7, 5]",1,0,0,0,1,0,0,1,0,0,4,13
2024010504742,2024,010504742,551732,183665,0.18611,51.53151,3,3,7,13:35,-1,E09000016,3,0,1,0,1,99,9,9,99,0,0,1,0,1,0,0,0,4,13
2024010504743,2024,010504743,528582,190167,-0.14506,51.59568,3,3,7,14:35,-1,E09000014,4,0,1,0,1,"[7, 5]",1,"[4, 5]",0,0,0,1,0,0,1,0,0,4,13
2024010504744,2024,010504744,528416,185730,-0.14908,51.55585,3,3,7,14:50,-1,E09000007,4,0,1,0,1,99,9,9,99,9,99,1,0,1,0,0,0,4,13
2024010504745,2024,010504745,531967,183947,-0.09855,51.53901,3,3,7,16:20,-1,E09000019,3,0,1,0,1,"[5, 19]","[7, 3]","[3, 7]",0,0,0,1,1,0,0,0,0,4,13
2024010504746,2024,010504746,528788,189448,-0.14235,51.58917,3,3,6,16:55,-1,E09000014,6,0,1,0,1,99,9,9,99,9,99,1,0,1,0,0,0,4,12
2024010504747,2024,010504747,545133,178160,0.08878,51.48378,3,3,6,18:30,-1,E09000011,6,0,1,0,1,99,9,9,99,9,99,1,0,1,0,0,0,4,12
2024010504748,2024,010504748,524371,175327,-0.21106,51.46326,3,3,7,16:15,-1,E09000032,3,0,1,0,1,19,7,3,11,0,0,1,0,0,0,0,0,4,13
2024010504750,2024,010504750,521015,189330,-0.25454,51.58984,3,3,7,16:00,-1,E09000005,3,0,1,0,1,99,9,9,99,9,99,1,0,1,0,0,0,4,13
2024010504754,2024,010504754,515952,173120,-0.33292,51.44521,3,3,7,16:25,-1,E09000027,3,0,9,-1,1,99,9,9,99,9,99,1,1,0,0,0,0,4,13
2024010504755,2024,010504755,536267,168087,-0.0427,51.39546,2,2,7,13:48,-1,E09000006,3,0,1,0,1,"[2, 19]","[0, 1]","[0, 5]","[0, 4]","[3, 0]","[10, 0]",1,0,0,0,0,0,4,13
2024010504757,2024,010504757,533522,184908,-0.07578,51.54728,2,2,7,17:04,-1,E09000012,3,0,1,0,1,14,5,1,0,0,0,0,1,0,0,0,1,4,13
2024010504758,2024,010504758,546326,186985,0.10961,51.56277,3,3,2,20:40,-1,E09000026,4,2,1,1,1,"[1, 9]","[3, 8]","[7, 5]","[99, 12]",0,0,1,0,0,0,0,0,4,8
2024010504759,2024,010504759,531049,197973,-0.10655,51.66526,3,3,7,16:30,-1,E09000010,3,0,1,0,1,"[19, 7]","[4, 5]",8,0,0,0,1,0,0,0,0,0,4,13
2024010504761,2024,010504761,518179,184236,-0.29717,51.54465,3,3,7,16:50,-1,E09000005,3,0,1,0,1,19,3,7,0,0,0,0,0,0,1,0,0,4,13
2024010504762,2024,010504762,531091,189352,-0.10916,51.58778,3,3,6,12:15,-1,E09000014,4,0,1,0,1,99,9,9,99,9,99,1,0,1,0,0,0,4,12
2024010504764,2024,010504764,510203,190530,-0.41016,51.60284,3,3,7,15:20,-1,E09000017,3,0,1,0,1,19,3,7,0,0,0,1,0,0,0,0,1,4,13
2024010504769,2024,010504769,527556,183450,-0.1623,51.53555,3,3,2,17:00,-1,E09000033,3,0,1,0,1,99,9,9,99,9,99,1,0,1,0,0,0,3,18
2024010504775,2024,010504775,532153,187386,-0.09458,51.56987,3,3,7,17:15,-1,E09000012,6,0,1,0,1,"[19, 9]","[3, 1]",7,0,0,0,1,1,0,0,0,0,4,13
2024010504776,2024,010504776,535965,181146,-0.04202,51.51289,3,3,7,19:00,-1,E09000030,3,0,1,0,1,"[9, 7]","[7, 1]","[5, 3]",0,0,0,1,0,1,0,0,0,4,13
2024010504787,2024,010504787,509735,178719,-0.4206,51.49677,3,3,7,01:30,-1,E09000017,6,2,1,0,1,99,9,9,99,9,99,1,0,0,0,0,0,4,13
2024010504788,2024,010504788,553912,187346,0.21912,51.56399,3,3,4,17:15,-1,E09000016,6,0,1,0,1,"[2, 9, 19]","[0, 2, 5]","[0, 7, 1]",0,0,0,1,0,0,0,0,0,3,13
2024010504790,2024,010504790,527491,173118,-0.16696,51.44271,3,3,7,17:30,-1,E09000032,3,0,1,0,1,19,"[5, 1]","[1, 5]",0,0,0,1,0,0,0,0,0,4,13
2024010504794,2024,010504794,542579,170207,0.04882,51.41296,3,3,7,14:04,-1,E09000006,5,0,1,0,1,19,"[5, 1]","[1, 5]",0,0,0,1,0,0,0,0,0,4,13
2024010504796,2024,010504796,521443,183669,-0.25032,51.53887,3,3,7,20:00,-1,E09000005,3,0,1,0,1,19,1,5,0,0,0,0,0,0,1,0,0,4,13
2024010504797,2024,010504797,514262,180007,-0.355,51.50745,2,"[2, 3]",7,18:38,-1,E09000009,3,0,1,0,1,"[19, 9]","[1, 5]","[5, 3]",0,0,0,1,0,0,0,0,0,4,13
2024010504798,2024,010504798,517533,169377,-0.31142,51.41124,2,2,7,19:30,-1,E09000027,3,0,1,0,1,3,1,5,0,0,0,1,1,0,0,0,0,4,13
2024010504801,2024,010504801,535168,197156,-0.04734,51.65695,3,3,7,22:10,-1,E09000010,3,2,1,0,1,19,5,1,0,0,0,1,0,0,0,0,1,4,13
2024010504802,2024,010504802,526180,178926,-0.18375,51.4952,2,2,7,17:46,-1,E09000020,3,0,1,0,1,7,1,3,0,0,0,0,0,0,1,0,1,4,13
2024010504804,2024,010504804,537863,171496,-0.01845,51.42571,3,3,7,17:45,-1,E09000023,6,0,1,0,1,19,1,5,0,0,0,0,0,1,0,0,1,4,13
2024010504806,2024,010504806,535335,172821,-0.05428,51.43823,3,3,7,15:19,-1,E09000023,3,0,1,0,1,4,1,5,0,0,0,1,0,0,0,0,1,4,13
2024010504809,2024,010504809,548655,185737,0.14266,51.55094,3,3,7,22:15,-1,E09000002,5,2,9,0,1,19,7,3,0,0,0,1,0,0,0,0,1,4,13
2024010504813,2024,010504813,539003,181360,0.00181,51.51407,3,3,1,00:10,-1,E09000030,3,2,1,0,1,"[12, 19]",7,3,"[0, 10]",0,0,1,0,1,0,0,0,4,14
2024010504814,2024,010504814,534336,166432,-0.07106,51.38105,3,3,7,22:25,-1,E09000008,3,2,9,-1,1,99,9,9,99,9,99,1,0,0,0,0,0,4,13
2024010504815,2024,010504815,510544,178907,-0.40889,51.4983,3,3,7,23:50,-1,E09000018,5,2,1,0,1,"[19, 5]","[7, 1]","[3, 5]",0,0,0,1,0,0,0,0,0,4,13
2024010504817,2024,010504817,515296,174104,-0.34203,51.45419,2,2,7,23:00,-1,E09000027,4,2,9,0,1,"[19, 2]","[5, 0]","[1, 0]",0,0,0,1,0,0,0,0,0,4,13
2024010504821,2024,010504821,543317,182396,0.06436,51.5223,3,3,7,16:27,-1,E09000025,3,0,1,0,1,99,9,9,"[0, 99]","[0, 9]","[0, 99]",1,0,0,0,0,0,4,13
2024010504823,2024,010504823,509288,182152,-0.42597,51.52771,3,3,7,22:10,-1,E09000017,5,2,1,0,1,19,"[7, 1]","[3, 5]",0,0,0,1,0,0,0,0,0,4,13
2024010504825,2024,010504825,529311,185887,-0.13612,51.55705,3,3,7,23:10,-1,E09000019,5,2,1,0,1,19,"[7, 3]","[3, 7]",0,0,0,1,0,0,0,0,0,4,13
2024010504827,2024,010504827,524270,176400,-0.21213,51.47293,2,2,1,01:40,-1,E09000013,3,2,1,0,1,19,1,5,0,0,0,1,0,0,0,0,1,4,14
2024010504828,2024,010504828,512810,172040,-0.37845,51.43614,3,3,7,09:24,-1,E09000018,3,0,1,0,1,99,9,9,99,9,99,1,0,0,0,0,0,4,13
2024010504829,2024,010504829,523447,184609,-0.22111,51.54688,3,3,7,22:30,-1,E09000005,3,2,1,0,1,"[19, 5]","[5, 3]","[1, 7]",0,0,0,1,0,1,0,0,0,4,13
2024010504830,2024,010504830,525127,177120,-0.19955,51.47921,3,3,7,23:15,-1,E09000013,3,2,1,0,1,"[19, 9]","[3, 7]","[7, 4]",0,0,0,1,0,1,0,0,0,4,13
2024010504832,2024,010504832,537157,182780,-0.02422,51.52728,3,3,1,01:15,-1,E09000030,3,2,1,0,1,"[7, 4]","[7, 3]","[1, 7]",0,0,0,1,1,0,0,0,0,4,14
2024010504835,2024,010504835,532625,172125,-0.09351,51.43261,3,3,1,23:10,-1,E09000022,6,2,8,0,1,"[19, 6]",1,"[5, 1]",0,0,0,1,0,1,0,0,0,4,14
2024010504836,2024,010504836,523642,185296,-0.21805,51.55301,3,3,7,23:28,-1,E09000005,3,2,1,0,1,"[19, 2]","[2, 0]","[6, 0]",0,0,0,1,0,0,0,0,0,4,13
2024010504838,2024,010504838,543350,186258,0.06641,51.557,2,2,1,03:45,-1,E09000026,3,2,1,0,1,"[5, 19]","[1, 7]","[5, 3]",0,0,0,1,0,1,0,0,0,4,14
2024010504839,2024,010504839,527229,168132,-0.17252,51.39796,2,2,7,23:00,-1,E09000024,3,2,1,0,1,19,2,6,0,1,0,1,0,0,0,0,1,4,13
2024010504855,2024,010504855,537129,177682,-0.0266,51.48148,3,3,1,10:20,-1,E09000023,3,0,1,0,1,"[3, 19]",1,5,0,0,0,1,0,0,0,0,0,4,14
2024010504861,2024,010504861,535461,196299,-0.04344,51.64917,3,3,7,23:30,-1,E09000010,6,2,1,0,1,99,9,9,99,9,99,1,0,0,0,0,0,4,13
2024010504862,2024,010504862,521425,177927,-0.25255,51.48727,3,3,7,12:00,-1,E09000018,3,0,1,-1,1,99,9,9,99,9,99,1,0,0,0,0,0,4,13
2024010504868,2024,010504868,530852,179917,-0.11612,51.50305,3,3,1,11:44,-1,E09000022,3,0,1,0,1,"[15, 19]",5,1,0,"[2, 0]","[10, 0]",1,0,1,0,0,0,4,14
2024010504869,2024,010504869,527392,171510,-0.16897,51.42829,3,3,1,10:20,-1,E09000032,3,0,1,0,1,"[5, 19]",5,1,0,0,0,1,0,0,1,0,0,4,14
2024010504871,2024,010504871,531269,169242,-0.11407,51.40702,2,2,7,21:35,-1,E09000008,5,2,1,0,1,"[6, 19]","[1, 5]",1,0,0,0,1,1,0,0,0,0,4,13
2024010504876,2024,010504876,542849,183270,0.05798,51.53028,3,3,5,08:50,-1,E09000025,6,0,9,-1,1,1,1,5,0,9,0,1,0,0,0,0,1,4,11
2024010504878,2024,010504878,541131,183630,0.03337,51.53394,3,3,6,15:18,-1,E09000025,6,0,1,0,1,"[1, 99]","[7, 9]","[3, 9]","[0, 99]","[0, 9]","[0, 99]",1,0,0,0,0,0,4,12
2024010504879,2024,010504879,537744,163840,-0.02313,51.35694,3,3,1,13:10,-1,E09000008,5,0,9,0,1,19,"[1, 5]","[5, 1]",0,"[1, 0]",0,1,0,0,1,0,0,4,14
2024010504880,2024,010504880,545001,177715,0.0867,51.47981,3,3,1,13:00,-1,E09000011,5,0,9,0,1,"[19, 4]",1,5,0,0,0,1,0,0,0,0,0,4,14
2024010504881,2024,010504881,540521,180202,0.02322,51.50329,3,3,1,09:05,-1,E09000025,3,0,1,0,1,19,8,4,0,0,0,1,0,0,0,0,1,4,14
2024010504884,2024,010504884,528959,171058,-0.1466,51.42387,3,3,6,19:43,-1,E09000032,6,0,9,-1,1,99,9,9,99,9,99,0,0,1,0,0,1,4,12
2024010504886,2024,010504886,514523,175971,-0.35255,51.47112,3,3,1,12:20,-1,E09000018,3,0,8,0,1,99,9,9,99,9,99,1,0,1,0,0,0,4,14
2024010504893,2024,010504893,513445,179397,-0.36696,51.50213,3,3,1,15:50,-1,E09000009,6,0,1,0,1,"[5, 99]","[1, 9]","[5, 9]","[10, 0]",0,0,1,0,0,0,0,0,4,14
2024010504896,2024,010504896,553846,187337,0.21817,51.56393,3,3,7,14:17,-1,E09000016,6,0,1,0,1,99,9,9,99,9,99,1,0,1,0,0,0,4,13
2024010504898,2024,010504898,530626,177948,-0.1201,51.48541,3,3,5,07:00,-1,E09000022,3,0,1,0,1,19,9,9,99,9,99,1,1,0,0,0,0,4,11
2024010504900,2024,010504900,536224,166894,-0.04377,51.38475,3,3,1,15:05,-1,E09000008,5,0,1,0,1,99,9,9,99,9,99,1,0,0,0,0,1,4,14
2024010504905,2024,010504905,540425,168614,0.01724,51.39919,2,2,7,15:30,-1,E09000006,5,0,1,0,1,99,9,9,99,9,99,1,0,0,0,0,1,4,13
2024010504907,2024,010504907,528720,182617,-0.14583,51.5278,3,3,1,14:32,-1,E09000007,6,0,1,0,1,19,5,1,0,0,0,0,1,0,0,0,1,4,14
2024010504911,2024,010504911,512504,177707,-0.38105,51.48713,3,3,1,14:00,-1,E09000018,5,0,1,0,1,"[9, 19]",5,"[3, 1]",0,0,0,1,0,0,0,0,0,4,14
2024010504912,2024,010504912,535404,169892,-0.05441,51.41189,3,3,1,15:26,-1,E09000006,3,0,1,0,1,19,5,1,0,0,0,0,0,0,1,0,0,4,14
2024010504922,2024,010504922,505710,181039,-0.47786,51.51839,3,3,1,18:35,-1,E09000017,3,0,1,0,1,"[7, 19]",5,"[7, 1]",0,0,0,1,1,0,0,0,0,4,14
2024010504924,2024,010504924,530928,186008,-0.11276,51.55777,2,2,1,15:48,-1,E09000019,3,0,8,0,1,9,6,3,0,0,0,0,0,0,1,0,0,4,14
2024010504929,2024,010504929,534772,178837,-0.06008,51.49242,3,3,1,20:17,-1,E09000028,3,2,1,0,1,"[9, 7]","[5, 7]","[2, 1]",0,0,0,1,1,0,0,0,0,4,14
2024010504930,2024,010504930,513425,169763,-0.37033,51.41555,3,3,7,14:45,-1,E09000027,5,0,9,-1,1,99,9,9,99,9,99,1,0,0,0,0,1,4,13
2024010504936,2024,010504936,530055,175365,-0.12927,51.46232,3,3,1,19:47,-1,E09000022,4,0,1,0,1,"[19, 13]","[1, 5]","[5, 1]",0,0,0,1,0,1,0,0,0,4,14
2024010504942,2024,010504942,523078,189403,-0.22475,51.59004,3,3,1,14:18,-1,E09000003,3,0,1,0,1,19,"[7, 3]","[3, 7]",0,0,0,1,0,0,1,0,0,4,14
2024010504945,2024,010504945,547621,184354,0.12717,51.53879,3,3,6,14:10,-1,E09000002,5,0,1,0,1,99,9,9,99,9,99,1,0,0,0,0,0,4,12
2024010504947,2024,010504947,527961,172285,-0.16051,51.43512,3,3,1,21:00,-1,E09000032,3,0,1,0,1,"[19, 9]","[3, 7]","[7, 5]",0,0,0,1,0,1,0,0,0,4,14
2024010504953,2024,010504953,538172,180905,-0.01033,51.51019,2,2,1,21:50,-1,E09000030,3,2,1,0,1,-1,5,1,0,0,0,1,0,0,0,0,1,4,14
2024010504957,2024,010504957,538502,185269,-0.00386,51.54932,2,2,1,21:25,-1,E09000025,6,2,1,0,1,"[2, 1]","[0, 7]","[0, 3]",0,0,0,1,0,0,0,0,1,4,14
2024010504958,2024,010504958,533301,166861,-0.08577,51.38515,3,3,2,05:09,-1,E09000008,5,2,1,0,1,19,5,1,0,0,0,1,0,1,0,0,0,4,15
2024010504959,2024,010504959,542727,184988,0.05691,51.54574,3,3,1,21:40,-1,E09000025,4,2,1,0,1,19,7,3,0,0,0,1,0,0,0,0,1,4,14
2024010504964,2024,010504964,513573,181917,-0.36431,51.52476,2,2,2,04:06,-1,E09000009,5,0,1,0,1,5,"[5, 3]","[1, 7]",0,0,0,1,0,0,0,0,0,4,15
2024010504965,2024,010504965,506743,178928,-0.46362,51.49922,3,3,2,07:59,-1,E09000017,5,0,1,0,1,"[10, 14]",1,"[7, 5]",0,0,0,1,0,1,0,0,0,4,15
2024010504967,2024,010504967,533064,167330,-0.08899,51.38942,3,3,6,13:34,-1,E09000008,3,0,1,0,1,99,9,9,99,9,99,1,0,1,0,0,0,4,12
2024010504971,2024,010504971,531317,186927,-0.10681,51.56594,3,3,1,19:20,-1,E09000019,3,2,9,-1,1,99,9,9,99,9,99,1,1,0,0,0,0,4,14
2024010504975,2024,010504975,526899,181882,-0.17233,51.52161,3,3,7,13:20,-1,E09000033,3,0,1,0,1,99,9,9,99,9,99,1,0,1,0,0,0,4,13
2024010504982,2024,010504982,534495,187181,-0.06089,51.56747,3,3,1,18:50,-1,E09000012,6,0,9,-1,1,99,9,9,99,9,99,1,0,1,0,0,0,4,14
2024010504987,2024,010504987,533578,186027,-0.07455,51.55732,2,2,2,07:45,-1,E09000012,3,0,5,1,1,19,5,1,0,0,0,1,0,0,0,0,1,4,15
2024010504991,2024,010504991,540347,170122,0.01671,51.41276,3,3,4,10:52,-1,E09000006,6,0,1,0,1,"[5, 19]",9,9,99,9,99,1,0,1,0,0,0,4,10
2024010504999,2024,010504999,534083,180621,-0.06933,51.50862,3,3,2,12:18,-1,E09000030,3,0,4,0,1,"[9, 19]","[5, 7]","[2, 3]",0,0,0,1,0,1,0,0,0,4,15
2024010505001,2024,010505001,525524,184701,-0.19114,51.54725,3,3,5,17:27,-1,E09000007,4,0,9,-1,1,99,9,9,99,9,99,1,0,0,0,0,1,4,11
2024010505004,2024,010505004,542845,176676,0.05525,51.47102,2,2,2,11:10,-1,E09000011,3,0,4,1,1,4,3,7,0,0,0,0,0,0,1,0,0,4,15
2024010505005,2024,010505005,531516,193726,-0.10139,51.62699,3,3,5,21:30,-1,E09000010,6,2,9,-1,1,99,9,9,99,9,99,1,1,0,0,0,0,4,11
2024010505008,2024,010505008,545380,184879,0.0951,51.54409,3,3,2,11:40,-1,E09000002,5,0,1,0,1,"[10, 19]","[4, 6]",2,99,0,0,1,0,0,0,0,0,4,15
2024010505009,2024,010505009,527870,174563,-0.16099,51.45561,3,3,7,10:40,-1,E09000032,6,0,9,-1,1,99,9,9,99,9,99,1,0,1,0,0,0,4,13
2024010505012,2024,010505012,515959,188078,-0.3279,51.57964,3,3,1,22:40,-1,E09000015,3,2,1,0,1,99,9,9,99,9,99,1,0,0,0,0,0,4,14
2024010505013,2024,010505013,531283,186628,-0.10741,51.56326,3,3,2,08:44,-1,E09000019,3,0,5,1,1,19,2,6,0,1,0,0,0,0,0,0,1,4,15
2024010505014,2024,010505014,526250,164970,-0.18771,51.36976,2,2,2,09:37,-1,E09000029,5,0,2,1,1,"[19, 9]","[7, 1]","[3, 6]",0,0,0,1,0,0,0,0,0,4,15
2024010505015,2024,010505015,535249,178119,-0.05349,51.48586,3,3,6,21:36,-1,E09000028,6,2,1,0,1,99,9,9,99,9,99,1,0,1,0,0,0,4,12
2024010505017,2024,010505017,537677,181627,-0.01718,51.51679,2,2,2,11:45,-1,E09000030,6,0,1,0,1,99,9,9,0,0,0,1,0,0,0,0,1,4,15
2024010505022,2024,010505022,541058,165114,0.02494,51.36758,2,2,2,13:01,-1,E09000006,3,0,1,0,2,9,8,"[6, 5]",0,0,0,1,0,1,0,0,0,4,15
2024010505023,2024,010505023,544348,167534,0.07315,51.3885,3,3,2,12:45,-1,E09000006,5,0,4,0,1,19,5,1,0,0,0,1,0,0,0,0,1,4,15
2024010505028,2024,010505028,516986,185096,-0.31408,51.55263,3,3,7,10:54,-1,E09000005,3,0,1,0,1,99,9,9,99,9,99,1,0,0,0,0,0,4,13
2024010505034,2024,010505034,528799,184560,-0.14398,51.54524,3,3,2,12:07,-1,E09000007,5,0,1,0,1,19,"[3, 5]","[7, 1]",0,0,0,1,0,0,0,0,0,4,15
2024010505038,2024,010505038,534107,161086,-0.07637,51.33306,3,3,2,15:05,-1,E09000008,4,0,1,0,1,19,1,5,0,0,0,1,0,0,0,0,1,4,15
2024010505040,2024,010505040,549295,175324,0.14748,51.45721,2,2,2,15:05,-1,E09000004,5,0,1,0,1,19,3,7,0,0,0,1,0,0,0,0,1,4,15
2024010505054,2024,010505054,534862,183317,-0.05708,51.53266,3,3,7,22:29,-1,E09000030,3,2,1,0,1,99,9,9,99,9,99,1,0,1,0,0,0,4,13
2024010505059,2024,010505059,534690,167385,-0.06562,51.38953,3,3,2,09:33,-1,E09000008,3,0,1,0,1,99,9,9,99,9,99,1,0,0,0,0,0,4,15
2024010505061,2024,010505061,531332,181842,-0.10849,51.52024,2,2,2,13:00,-1,E09000007,4,0,1,0,1,19,5,1,0,0,0,1,0,0,0,0,1,4,15
2024010505063,2024,010505063,530360,193912,-0.11801,51.62893,3,3,2,15:34,-1,E09000010,3,0,2,1,1,"[14, 2]","[2, 0]","[6, 0]","[4, 0]",0,0,1,0,0,0,0,0,4,15
2024010505066,2024,010505066,515087,176331,-0.34431,51.47425,3,3,2,15:23,-1,E09000018,3,0,1,1,1,"[3, 5]",6,2,"[0, 4]",0,0,1,1,0,0,0,0,4,15
2024010505067,2024,010505067,524308,187936,-0.20752,51.57659,3,3,2,15:20,-1,E09000003,6,0,9,-1,1,99,9,9,99,9,99,1,0,1,0,0,0,4,15
2024010505070,2024,010505070,524624,184687,-0.20411,51.54732,3,3,2,08:10,-1,E09000005,3,0,1,0,1,99,9,9,99,9,99,0,0,1,0,0,1,4,15
2024010505077,2024,010505077,538189,171849,-0.01362,51.4288,3,3,2,18:17,-1,E09000023,3,0,1,0,1,5,4,8,10,1,11,1,0,0,0,0,0,4,15
2024010505078,2024,010505078,526238,182614,-0.18159,51.52833,3,3,2,11:58,-1,E09000033,3,0,4,0,1,"[9, 11]",6,"[4, 2]",0,0,0,1,0,0,0,0,0,4,15
2024010505080,2024,010505080,532941,170102,-0.08972,51.41436,3,3,2,15:30,-1,E09000008,6,0,1,0,1,5,0,1,0,0,0,1,0,0,0,0,1,4,15
2024010505082,2024,010505082,534284,187482,-0.06382,51.57023,3,3,1,17:40,-1,E09000012,3,0,1,0,1,99,9,9,99,9,99,1,1,0,0,0,0,4,14
2024010505083,2024,010505083,537939,176760,-0.01531,51.473,2,2,2,17:20,-1,E09000011,3,0,1,0,1,5,3,7,0,0,0,0,0,0,1,0,0,4,15