collision_index,collision_year,collision_ref_no,location_easting_osgr,location_northing_osgr,longitude,latitude,casualty_severity,casualty_severity,day_of_week,time,local_authority_district,local_authority_ons_district,first_road_class,light_conditions,weather_conditions,road_surface_conditions,urban_or_rural_area,vehicle_manoeuvre,vehicle_direction_from,vehicle_direction_to,hit_object_in_carriageway,vehicle_leaving_carriageway,hit_object_off_carriageway,is_car,is_cyle,is_mcyle,is_goodsv,is_other,is_pedestrian,month,day
2024010505084,2024,010505084,533414,188715,-0.07589,51.58151,3,3,2,16:00,-1,E09000014,3,0,1,0,1,"[3, 19]",7,3,0,0,0,1,0,0,0,0,0,4,15
2024010505085,2024,010505085,511036,180914,-0.40118,51.51625,3,3,2,16:00,-1,E09000017,3,0,1,0,1,99,9,9,99,9,99,1,0,0,0,0,0,4,15
2024010505093,2024,010505093,535055,169522,-0.05956,51.40865,3,3,4,14:58,-1,E09000006,3,2,9,-1,1,"[99, 19]","[9, 5]","[9, 1]","[99, 0]","[9, 0]","[99, 0]",1,0,0,1,0,0,3,27
2024010505100,2024,010505100,533331,178588,-0.08092,51.49053,2,2,2,16:29,-1,E09000028,3,0,4,0,1,15,1,5,0,0,0,0,0,1,0,0,1,4,15
2024010505101,2024,010505101,532866,186945,-0.08447,51.56574,3,3,2,20:17,-1,E09000012,4,2,1,1,1,19,1,5,0,0,0,0,1,0,0,0,1,4,15
2024010505104,2024,010505104,530477,176723,-0.1227,51.47443,3,3,1,13:08,-1,E09000022,3,0,1,0,1,99,9,9,99,9,99,1,0,0,0,0,0,4,14
2024010505105,2024,010505105,522764,187525,-0.22993,51.57324,3,3,2,18:39,-1,E09000003,1,0,1,0,1,19,1,7,0,0,0,1,0,0,0,0,0,4,15
2024010505108,2024,010505108,532266,180162,-0.09566,51.50492,3,3,2,14:48,-1,E09000028,3,0,1,0,1,99,9,9,99,9,99,1,1,0,0,0,0,4,15
2024010505109,2024,010505109,509652,175542,-0.42278,51.46823,3,3,2,18:40,-1,EHEATHROW,6,0,1,0,1,19,5,1,0,0,0,0,0,0,1,0,0,4,15
2024010505117,2024,010505117,531793,166588,-0.10752,51.38305,3,3,2,23:18,-1,E09000008,3,2,4,0,1,"[9, 19]","[1, 6]","[6, 1]",0,0,0,1,1,0,0,0,0,4,15
2024010505119,2024,010505119,534036,168892,-0.07444,51.40323,3,3,2,19:45,-1,E09000008,6,0,1,0,1,99,9,9,99,9,99,1,0,0,0,0,0,4,15
2024010505122,2024,010505122,524537,170906,-0.21022,51.42349,3,3,2,22:30,-1,E09000024,3,2,4,0,1,"[7, 19]",2,"[4, 6]",0,0,0,1,1,0,0,0,0,4,15
2024010505124,2024,010505124,534986,182127,-0.05575,51.52194,3,3,3,02:39,-1,E09000030,3,2,5,1,1,19,5,1,0,1,0,0,0,1,0,0,0,4,16
2024010505125,2024,010505125,530294,172702,-0.12681,51.43834,2,2,2,23:24,-1,E09000022,3,2,4,0,1,19,"[1, 5]","[5, 1]",0,0,0,0,1,0,1,0,0,4,15
2024010505136,2024,010505136,519889,180051,-0.27394,51.50668,3,3,3,08:32,-1,E09000009,6,0,1,0,1,19,"[7, 5]","[3, 1]",0,0,0,1,0,0,0,0,0,4,16
2024010505138,2024,010505138,530137,170734,-0.12979,51.42069,3,3,7,19:00,-1,E09000022,6,0,9,-1,1,99,9,9,99,9,99,1,0,1,0,0,0,4,13
2024010505141,2024,010505141,532864,182222,-0.08628,51.52329,3,3,2,13:50,-1,E09000019,6,0,1,0,1,99,9,9,99,9,99,0,1,0,0,0,0,4,15
2024010505146,2024,010505146,537118,176790,-0.02711,51.47346,2,2,5,17:10,-1,E09000023,6,0,1,0,1,"[10, 19]",5,"[2, 1]",0,0,0,1,1,0,0,0,0,3,28
2024010505149,2024,010505149,507594,181448,-0.4506,51.52171,3,3,3,08:34,-1,E09000017,4,0,1,0,1,"[3, 4]",3,7,0,0,0,1,0,0,0,0,0,4,16
2024010505154,2024,010505154,528198,172569,-0.157,51.43762,3,3,4,15:56,-1,E09000032,3,0,1,0,1,99,9,9,99,9,99,1,0,1,0,0,0,4,10
2024010505158,2024,010505158,538682,187417,-0.00042,51.56858,3,3,3,08:25,-1,E09000031,6,0,1,0,1,19,"[5, 7]","[1, 3]",0,0,0,1,1,0,0,0,0,4,16
2024010505165,2024,010505165,522417,184980,-0.23582,51.55044,3,3,7,14:15,-1,E09000005,6,0,1,0,1,99,9,9,99,9,99,1,0,1,0,0,0,4,13
2024010505166,2024,010505166,534091,161131,-0.07658,51.33347,3,3,3,07:20,-1,E09000008,4,0,9,0,1,"[13, 9]","[2, 6]","[6, 4]",0,0,0,1,0,1,0,0,0,4,16
2024010505169,2024,010505169,528680,178690,-0.14784,51.49252,3,3,2,10:40,-1,E09000033,3,0,1,1,1,99,9,9,99,9,99,0,1,0,1,0,0,4,15
2024010505172,2024,010505172,530697,169465,-0.12221,51.40916,3,3,2,18:50,-1,E09000008,3,2,9,-1,1,99,9,9,99,0,0,1,0,1,0,0,0,4,15
2024010505178,2024,010505178,505404,182022,-0.48198,51.52728,3,3,2,14:00,-1,E09000017,3,0,1,0,1,99,9,9,99,9,99,1,0,0,0,0,0,4,15
2024010505185,2024,010505185,535708,183114,-0.04497,51.53063,3,3,2,10:50,-1,E09000030,6,0,1,0,1,99,9,9,99,9,99,1,0,0,0,0,0,4,15
2024010505188,2024,010505188,530014,184573,-0.12647,51.54508,2,2,3,09:40,-1,E09000007,3,0,1,0,1,"[7, 19]",1,"[3, 5]",0,0,0,1,1,0,0,0,0,4,16
2024010505190,2024,010505190,539291,178151,0.0047,51.48516,3,3,4,12:15,-1,E09000011,3,0,1,0,1,19,5,1,99,9,99,0,0,1,0,0,1,3,27
2024010505192,2024,010505192,533036,180220,-0.08455,51.50526,3,3,2,16:55,-1,E09000028,3,0,9,1,1,"[6, 19]",9,9,99,9,99,1,1,0,0,0,0,4,15
2024010505194,2024,010505194,520504,180465,-0.26494,51.51027,3,3,3,10:02,-1,E09000009,6,0,9,-1,1,99,9,9,99,9,99,1,0,1,0,0,0,4,16
2024010505198,2024,010505198,550798,189404,0.17511,51.58332,2,2,3,12:00,-1,E09000016,3,0,1,0,1,19,4,8,0,0,0,1,0,1,0,0,0,4,16
2024010505200,2024,010505200,506003,184102,-0.47272,51.54587,3,3,3,10:30,-1,E09000017,4,0,2,1,1,"[13, 19]",5,1,0,0,0,1,0,0,0,0,0,4,16
2024010505201,2024,010505201,538985,172220,-0.00204,51.43194,3,3,3,11:30,-1,E09000023,6,0,2,1,1,19,5,1,0,0,0,0,0,0,0,0,0,4,16
2024010505202,2024,010505202,518564,191256,-0.28925,51.60767,3,3,3,09:39,-1,E09000015,4,0,1,0,1,"[14, 2]","[1, 0]","[5, 0]",0,0,0,1,0,0,0,0,0,4,16
2024010505204,2024,010505204,532943,197262,-0.07945,51.65843,3,3,6,17:20,-1,E09000010,5,0,1,0,1,99,9,9,99,9,99,1,0,1,0,0,0,4,12
2024010505205,2024,010505205,535304,183248,-0.05073,51.53193,3,3,3,13:14,-1,E09000030,6,0,2,1,1,"[5, 19]","[3, 1]","[7, 5]",0,0,0,1,1,0,0,0,0,4,16
2024010505210,2024,010505210,541762,182083,0.04184,51.51988,3,3,2,20:27,-1,E09000025,3,2,1,0,1,"[11, 19]",7,3,0,"[1, 0]",0,1,0,0,0,0,0,4,15
2024010505214,2024,010505214,533659,186776,-0.0731,51.56403,2,2,3,11:12,-1,E09000012,3,0,1,0,1,4,1,5,0,0,0,0,0,0,1,0,0,4,16
2024010505215,2024,010505215,555465,192006,0.24357,51.60543,3,3,3,14:31,-1,E09000016,5,0,1,0,1,"[1, 4]",5,1,"[4, 0]",0,0,1,0,0,0,0,0,4,16
2024010505216,2024,010505216,529848,163944,-0.13642,51.35973,2,"[3, 2]",3,13:42,-1,E09000029,4,0,1,0,1,19,"[3, 7]","[7, 3]",0,0,0,1,0,0,0,0,0,4,16
2024010505217,2024,010505217,532374,166431,-0.09924,51.3815,3,3,3,14:20,-1,E09000008,3,0,1,0,1,"[19, 14, 5]","[1, 5, 0]","[5, 1]",0,0,0,1,0,0,1,0,0,4,16
2024010505219,2024,010505219,534928,180206,-0.05732,51.50469,3,3,2,16:45,-1,E09000030,5,0,1,0,1,99,9,9,99,9,99,1,0,0,0,1,0,4,15
2024010505221,2024,010505221,551247,183225,0.17893,51.52769,3,3,1,20:15,-1,E09000016,6,2,1,0,1,99,9,9,99,9,99,1,0,1,0,0,0,4,14
2024010505228,2024,010505228,530366,176296,-0.12445,51.47062,2,"[3, 2]",3,11:37,-1,E09000022,3,0,1,0,1,19,5,1,0,0,0,0,0,0,1,0,0,4,16
2024010505229,2024,010505229,518465,173735,-0.29657,51.45022,2,2,4,13:40,-1,E09000027,4,0,9,0,1,19,4,8,0,0,0,1,1,0,0,0,0,4,10
2024010505239,2024,010505239,543850,181643,0.07173,51.5154,3,3,3,13:50,-1,E09000025,3,0,1,0,1,"[9, 19]","[8, 1]","[6, 5]",0,0,0,1,0,0,0,0,0,4,16
2024010505240,2024,010505240,539679,184688,0.01287,51.54381,3,3,1,01:00,-1,E09000025,3,2,9,-1,1,99,9,9,99,9,99,1,0,0,0,0,1,2,25
2024010505241,2024,010505241,533538,193534,-0.07227,51.62479,3,3,3,12:50,-1,E09000010,6,0,1,0,1,99,9,9,99,9,99,1,0,0,0,0,0,4,16
2024010505245,2024,010505245,531225,177548,-0.11163,51.48167,2,2,6,13:08,-1,E09000022,3,0,1,0,1,19,1,5,0,0,0,1,0,0,1,0,0,4,12
2024010505246,2024,010505246,526742,182041,-0.17454,51.52307,3,3,3,16:23,-1,E09000033,3,0,1,0,1,"[7, 10, 19]","[7, 1, 5]","[1, 7]",0,0,0,1,0,1,0,0,0,4,16
2024010505251,2024,010505251,525863,181642,-0.18734,51.51968,3,3,2,18:10,-1,E09000033,3,0,8,0,1,99,9,9,99,9,99,1,0,0,0,0,0,4,15
2024010505253,2024,010505253,530202,179313,-0.1257,51.49777,3,3,3,18:01,-1,E09000033,3,0,1,0,2,19,1,5,0,0,0,0,1,0,0,0,1,4,16
2024010505259,2024,010505259,539166,178088,0.00287,51.48463,3,3,3,16:00,-1,E09000011,3,0,1,0,1,"[9, 15]","[2, 8]","[7, 4]",0,0,0,1,0,1,0,0,0,4,16
2024010505265,2024,010505265,534702,195264,-0.0548,51.64006,2,2,3,17:48,-1,E09000010,5,0,1,0,1,"[19, 5]","[3, 7]","[7, 3]",0,0,0,1,0,1,0,0,0,4,16
2024010505267,2024,010505267,529942,176095,-0.13062,51.46891,3,3,3,14:20,-1,E09000022,5,0,8,1,1,"[5, 19]",9,9,99,9,99,1,0,1,0,0,0,4,16
2024010505271,2024,010505271,526450,178424,-0.18004,51.49063,3,3,3,15:25,-1,E09000020,6,0,1,0,1,"[3, 19]","[1, 3]","[5, 7]",0,0,0,1,1,0,0,0,0,4,16
2024010505273,2024,010505273,524735,180201,-0.2041,51.50698,3,3,3,15:00,-1,E09000020,6,0,8,0,1,99,9,9,99,9,99,1,0,1,0,0,0,4,16
2024010505276,2024,010505276,548977,169995,0.14066,51.40941,3,3,3,13:15,-1,E09000006,3,0,5,1,2,19,1,5,10,1,7,1,0,0,0,0,0,4,16
2024010505278,2024,010505278,508669,176918,-0.4365,51.48079,3,3,3,14:16,-1,E09000017,3,0,2,1,1,"[3, 4]",7,3,0,0,0,1,0,1,0,0,0,4,16
2024010505279,2024,010505279,546032,185560,0.10478,51.55004,3,3,3,15:51,-1,E09000002,3,0,1,0,1,"[99, 19]","[9, 4]","[9, 8]",99,9,99,1,0,0,0,0,0,4,16
2024010505281,2024,010505281,526204,183812,-0.18165,51.53911,3,3,3,20:01,-1,E09000033,6,2,1,0,1,"[2, 19, 13]","[0, 7, 3]","[0, 3, 7]","[0, 4]",0,0,1,0,0,0,0,0,4,16
2024010505283,2024,010505283,534961,184626,-0.05515,51.5444,3,3,3,17:56,-1,E09000012,3,0,1,0,1,10,3,8,0,0,0,0,0,0,1,0,0,4,16
2024010505285,2024,010505285,530793,187395,-0.11419,51.57026,2,2,3,15:11,-1,E09000014,3,0,9,0,1,"[9, 3]",5,"[2, 1]",10,0,0,1,0,1,0,0,0,4,16
2024010505286,2024,010505286,523141,186645,-0.2248,51.56524,3,3,3,16:48,-1,E09000005,3,0,1,0,1,"[19, 5]",1,5,0,0,0,1,0,1,0,0,0,4,16
2024010505292,2024,010505292,528879,182020,-0.14376,51.5224,2,2,3,20:05,-1,E09000033,4,2,1,0,1,19,1,5,0,0,0,1,1,0,0,0,0,4,16
2024010505293,2024,010505293,535243,195511,-0.04689,51.64215,3,3,3,21:10,-1,E09000010,3,2,1,1,1,"[9, 19]","[5, 1]","[2, 5]",0,0,0,1,1,0,0,0,0,4,16
2024010505296,2024,010505296,530578,185625,-0.11795,51.55441,3,3,3,18:00,-1,E09000019,3,0,1,0,1,19,1,5,0,0,0,1,1,0,0,0,0,4,16
2024010505302,2024,010505302,524422,186865,-0.20625,51.56694,3,3,3,17:50,-1,E09000003,3,0,1,0,1,19,7,3,0,0,0,1,0,0,0,0,1,4,16
2024010505306,2024,010505306,534325,196741,-0.05968,51.65342,3,3,2,23:22,-1,E09000010,3,2,1,1,1,99,9,9,99,9,99,1,0,0,0,0,0,4,15
2024010505308,2024,010505308,540885,174669,0.02625,51.45348,3,3,3,21:35,-1,E09000011,3,2,2,1,1,99,9,9,99,9,99,1,0,0,0,0,0,4,16
2024010505314,2024,010505314,528792,170663,-0.14915,51.42036,3,3,3,03:30,-1,E09000032,5,2,1,0,1,19,1,5,0,0,0,0,0,1,0,0,0,4,16
2024010505316,2024,010505316,543351,186297,0.06644,51.55735,3,3,3,22:50,-1,E09000026,3,2,1,1,1,"[7, 3, 19]","[8, 6]",2,0,0,0,1,0,0,1,0,0,4,16
2024010505317,2024,010505317,506246,174428,-0.47213,51.45887,3,3,3,20:43,-1,EHEATHROW,6,2,2,1,1,"[11, 19]",7,3,0,0,0,1,0,0,1,0,0,4,16
2024010505321,2024,010505321,507429,183270,-0.45242,51.53812,3,3,3,09:00,-1,E09000017,3,0,8,0,1,99,9,9,99,9,99,1,0,0,0,0,1,4,16
2024010505322,2024,010505322,532732,177721,-0.08987,51.48288,3,3,3,16:10,-1,E09000028,4,0,8,-1,1,99,9,9,99,9,99,1,0,0,0,0,0,4,16
2024010505325,2024,010505325,508773,187894,-0.43162,51.57942,3,3,3,22:16,-1,E09000017,3,2,1,1,1,"[19, 9]","[1, 3]","[5, 1]",0,0,0,1,0,1,0,0,0,4,16
2024010505329,2024,010505329,537353,192082,-0.01776,51.61082,3,3,4,06:21,-1,E09000031,3,0,1,0,1,19,1,5,7,0,0,1,0,0,0,0,0,4,17
2024010505333,2024,010505333,528697,184156,-0.1456,51.54164,3,3,3,11:15,-1,E09000007,3,0,9,-1,1,99,9,9,99,9,99,1,0,1,0,0,0,4,16
2024010505338,2024,010505338,542952,182151,0.05901,51.52019,3,3,4,23:50,-1,E09000025,3,2,9,-1,1,"[3, 19]",3,7,99,9,99,1,0,1,0,0,0,4,10
2024010505339,2024,010505339,543083,183931,0.06162,51.53616,3,3,2,09:30,-1,E09000025,6,0,9,-1,1,99,9,9,99,9,99,1,0,1,0,0,0,4,15
2024010505340,2024,010505340,519069,170355,-0.28901,51.41971,2,2,4,08:55,-1,E09000021,5,0,1,0,1,"[3, 5]","[1, 3]","[5, 7]",0,0,0,1,1,0,0,0,0,4,17
2024010505342,2024,010505342,534719,190170,-0.05651,51.59428,3,3,4,08:17,-1,E09000014,3,0,1,0,1,"[13, 6]",1,"[5, 1]",0,0,0,1,0,1,0,0,0,4,17
2024010505347,2024,010505347,513892,183119,-0.35932,51.5355,2,2,4,06:55,-1,E09000009,6,0,1,0,1,2,0,0,0,0,0,1,0,0,0,0,1,4,17
2024010505348,2024,010505348,532652,192545,-0.08544,51.61611,2,2,4,07:45,-1,E09000010,3,0,1,0,1,"[19, 11]",3,7,0,0,0,1,0,1,0,0,0,4,17
2024010505352,2024,010505352,524347,188048,-0.20692,51.57759,3,3,3,17:20,-1,E09000003,3,0,9,-1,1,99,9,9,99,9,99,1,0,1,0,0,0,4,16
2024010505354,2024,010505354,531073,168394,-0.1172,51.39944,3,3,3,14:40,-1,E09000008,3,0,1,0,1,99,9,9,99,9,99,1,0,1,0,0,0,4,16
2024010505355,2024,010505355,529305,183973,-0.13691,51.53985,3,3,4,09:12,-1,E09000007,3,0,1,0,1,"[5, 19]","[7, 1]","[3, 5]",0,0,0,1,1,0,0,0,0,4,17
2024010505356,2024,010505356,532836,176685,-0.08876,51.47354,3,3,4,06:53,-1,E09000028,3,0,1,0,1,7,"[5, 3]",6,0,"[7, 0]",0,1,0,1,0,0,0,4,17
2024010505357,2024,010505357,519557,175793,-0.28016,51.46848,3,3,4,16:15,-1,E09000027,3,0,2,1,1,99,9,9,99,9,99,1,1,0,0,0,0,4,10
2024010505363,2024,010505363,532331,162800,-0.10121,51.34888,3,3,6,18:30,-1,E09000008,3,0,1,0,1,"[11, 19]",9,9,99,9,99,1,1,0,0,0,0,4,12
2024010505365,2024,010505365,531983,171789,-0.10286,51.42974,3,3,3,06:15,-1,E09000022,5,0,1,0,1,99,9,9,99,9,99,1,0,1,0,0,0,4,16
2024010505367,2024,010505367,529886,183283,-0.12879,51.53352,3,3,3,14:00,-1,E09000007,3,0,9,-1,1,"[2, 19]",9,9,"[99, 8]",9,99,1,1,0,0,0,0,4,9
2024010505369,2024,010505369,539242,183914,0.00627,51.53696,2,2,4,09:50,-1,E09000025,3,0,1,0,1,9,3,8,0,0,0,1,1,0,0,0,0,4,17
2024010505372,2024,010505372,545694,192072,0.10261,51.60864,3,3,4,10:45,-1,E09000026,5,0,1,0,1,"[4, 19]","[3, 1]","[7, 5]",0,0,0,1,0,0,0,1,0,4,17
2024010505376,2024,010505376,534663,182255,-0.06035,51.52316,3,3,4,09:47,-1,E09000030,5,0,1,0,1,99,9,9,99,9,99,1,1,0,0,0,0,4,17
2024010505380,2024,010505380,549629,175505,0.15236,51.45875,3,3,3,23:49,-1,E09000004,3,2,1,0,1,"[9, 19]","[7, 3]","[5, 7]",0,0,0,1,0,0,0,0,0,4,16
2024010505382,2024,010505382,523342,178591,-0.22472,51.49282,2,2,4,10:00,-1,E09000013,3,0,1,0,1,19,7,3,0,0,0,0,0,0,1,0,1,4,17
2024010505385,2024,010505385,523283,189375,-0.2218,51.58975,3,3,4,09:58,-1,E09000003,3,0,1,0,1,9,1,7,0,0,0,1,1,0,0,0,0,4,17
2024010505389,2024,010505389,530694,169500,-0.12224,51.40947,3,3,3,18:50,-1,E09000008,3,0,1,0,1,99,9,9,99,9,99,1,0,1,0,0,0,4,16
2024010505392,2024,010505392,521738,178331,-0.24791,51.49083,3,3,4,10:09,-1,E09000018,6,0,1,0,1,19,"[3, 1]","[7, 5]",0,0,0,1,1,0,0,0,0,4,17
2024010505394,2024,010505394,532940,196571,-0.07975,51.65222,3,3,4,11:58,-1,E09000010,3,0,1,0,1,19,3,7,0,0,0,1,0,0,0,0,1,4,17
2024010505395,2024,010505395,546641,185440,0.11351,51.5488,3,3,4,10:49,-1,E09000002,5,0,1,0,1,"[5, 19, 4]",1,5,0,0,0,1,0,0,0,0,0,4,17
2024010505397,2024,010505397,526013,177642,-0.18661,51.4837,3,3,4,21:50,-1,E09000020,6,2,9,-1,1,99,9,9,"[8, 99]",9,99,1,0,1,0,0,0,4,10
2024010505400,2024,010505400,528332,181698,-0.15176,51.51963,2,2,4,10:21,-1,E09000033,4,0,1,0,1,"[2, 19]","[0, 5]","[0, 1]",0,0,0,1,0,1,0,0,0,4,17
2024010505401,2024,010505401,528765,176954,-0.14725,51.4769,3,3,6,12:00,-1,E09000032,3,0,9,-1,1,99,9,9,99,9,99,1,1,0,0,0,0,3,29
2024010505402,2024,010505402,541364,188368,0.03863,51.57646,3,3,4,10:04,-1,E09000026,3,0,1,0,2,"[4, 19]",3,7,0,0,0,1,0,1,0,0,0,4,17
2024010505403,2024,010505403,524855,177952,-0.20317,51.48674,3,3,5,19:45,-1,E09000013,4,2,2,1,1,99,9,9,99,9,99,0,0,1,0,0,1,4,4
2024010505405,2024,010505405,539123,185324,0.00511,51.54966,3,3,4,08:11,-1,E09000025,3,0,1,0,1,19,5,1,0,0,0,1,0,0,0,0,1,4,17
2024010505406,2024,010505406,538667,186510,-0.001,51.56043,2,2,4,11:55,-1,E09000031,3,0,1,0,1,4,3,7,0,0,0,0,0,0,1,0,0,4,17
2024010505408,2024,010505408,534119,168416,-0.07343,51.39893,3,3,4,13:23,-1,E09000008,3,0,1,0,1,"[3, 10, 1]","[7, 5, 1]","[3, 2, 5]","[0, 4]",0,0,1,0,0,0,0,0,4,17
2024010505411,2024,010505411,530901,190720,-0.11139,51.60012,3,3,4,10:49,-1,E09000014,3,0,1,0,1,19,1,5,0,0,0,0,0,0,1,0,0,4,17
2024010505413,2024,010505413,526034,163658,-0.19127,51.35802,3,3,3,19:25,-1,E09000029,4,2,2,1,1,99,9,9,99,9,99,1,0,0,0,0,0,4,16
2024010505414,2024,010505414,522927,189089,-0.22704,51.58726,3,3,4,14:08,-1,E09000003,6,0,1,0,1,5,7,3,11,0,0,1,0,0,0,0,0,4,17
2024010505424,2024,010505424,527289,189347,-0.16401,51.58861,3,3,3,14:00,-1,E09000003,3,0,1,0,1,99,9,9,99,9,99,1,0,1,0,0,0,4,16
2024010505427,2024,010505427,546528,185769,0.11202,51.55179,3,3,4,14:45,-1,E09000002,3,0,1,0,1,19,1,5,0,0,0,0,0,0,1,0,0,4,17
2024010505432,2024,010505432,509064,178825,-0.43023,51.49785,3,3,4,08:54,-1,E09000017,3,0,1,0,1,99,9,9,99,9,99,1,0,0,0,0,0,4,17
2024010505435,2024,010505435,530638,177251,-0.12018,51.47914,3,3,5,07:30,-1,E09000022,6,0,9,0,1,99,9,9,99,9,99,1,0,0,0,0,0,3,28
2024010505436,2024,010505436,527753,175163,-0.16246,51.46103,2,2,2,19:45,-1,E09000032,3,0,4,0,1,99,9,9,99,9,99,1,1,0,0,0,0,4,15
2024010505443,2024,010505443,528348,180042,-0.15213,51.50475,2,2,4,16:00,-1,E09000033,3,0,4,0,1,19,"[5, 1]","[1, 5]",0,0,0,0,1,0,0,0,0,4,17
2024010505450,2024,010505450,522347,173809,-0.2407,51.45006,3,3,4,08:00,-1,E09000032,6,0,1,0,1,99,9,9,99,9,99,1,1,0,0,0,0,4,17
2024010505453,2024,010505453,536040,162792,-0.04798,51.34793,2,2,4,16:30,-1,E09000008,3,0,1,0,1,19,3,7,0,0,0,1,0,0,0,0,1,4,17
2024010505454,2024,010505454,524251,187883,-0.20836,51.57613,3,3,3,16:30,-1,E09000003,6,0,2,1,1,99,9,9,99,9,99,1,0,1,0,0,0,4,16
2024010505455,2024,010505455,548514,188171,0.14165,51.57285,3,3,1,21:22,-1,E09000002,3,2,1,0,1,99,9,9,99,9,99,1,1,0,0,0,0,4,14
2024010505456,2024,010505456,530986,192118,-0.10965,51.61266,3,3,4,13:06,-1,E09000010,3,0,1,-1,1,99,9,9,99,9,99,1,0,0,0,0,0,4,17
2024010505457,2024,010505457,531532,167044,-0.1111,51.38721,3,3,4,13:40,-1,E09000008,3,0,1,0,1,99,9,9,99,9,99,1,0,1,0,0,0,4,17
2024010505459,2024,010505459,528421,169263,-0.15499,51.40786,3,3,4,11:25,-1,E09000024,5,0,1,0,1,99,9,9,99,9,99,1,0,0,0,0,0,4,17
2024010505465,2024,010505465,537084,169619,-0.03037,51.40903,3,3,4,17:43,-1,E09000006,3,0,1,0,1,19,"[1, 5]","[5, 1]",0,0,0,1,0,1,0,0,0,4,17
2024010505466,2024,010505466,530991,175262,-0.11584,51.46118,3,3,4,17:00,-1,E09000022,3,0,1,0,1,5,7,3,0,0,0,0,0,0,1,0,0,4,17
2024010505476,2024,010505476,510240,180388,-0.41281,51.51167,3,3,4,18:00,-1,E09000017,5,0,1,0,1,"[19, 10]","[5, 7]","[1, 4]",0,0,0,1,0,1,0,0,0,4,17
2024010505481,2024,010505481,530343,182981,-0.12231,51.5307,3,3,3,13:45,-1,E09000007,3,0,1,0,1,"[4, 19]",1,5,0,0,0,0,1,0,1,0,0,4,16
2024010505482,2024,010505482,537550,190549,-0.01552,51.597,2,2,4,12:47,-1,E09000031,3,0,1,0,1,4,1,5,0,0,0,0,0,0,1,0,0,4,17
2024010505483,2024,010505483,510801,177478,-0.40564,51.48541,3,3,4,06:00,-1,E09000018,5,0,1,0,1,99,9,9,99,9,99,1,0,0,0,0,1,4,17
2024010505486,2024,010505486,536546,171834,-0.03725,51.42907,3,3,4,18:40,-1,E09000023,3,0,1,0,1,99,9,9,99,9,99,1,0,0,0,0,0,4,17
2024010505488,2024,010505488,512543,183884,-0.37852,51.54264,3,3,3,20:50,-1,E09000009,3,2,1,0,1,99,9,9,99,9,99,1,0,0,0,0,0,4,16
2024010505489,2024,010505489,538868,171395,-0.00404,51.42456,3,3,4,18:52,-1,E09000023,3,0,1,0,1,99,9,9,99,9,99,1,0,0,1,0,0,4,17
2024010505492,2024,010505492,517181,177930,-0.31365,51.48819,3,3,4,20:10,-1,E09000018,3,2,1,0,1,"[4, 19]","[7, 5]","[3, 1]",0,0,0,1,1,0,0,0,0,4,17
2024010505498,2024,010505498,532911,176689,-0.08768,51.47356,3,3,4,21:10,-1,E09000028,3,2,1,0,1,19,3,7,0,0,0,1,0,1,0,0,0,4,17
2024010505500,2024,010505500,553302,183080,0.20847,51.52583,3,3,4,19:18,-1,E09000016,6,0,1,1,1,"[2, 19]","[0, 5]","[0, 1]","[0, 4]","[0, 7]",0,1,0,0,0,0,0,4,17
2024010505506,2024,010505506,544802,175184,0.0828,51.45712,3,3,4,20:40,-1,E09000011,3,2,9,0,1,19,1,5,0,0,0,1,0,0,0,0,0,4,17
2024010505507,2024,010505507,541068,184246,0.03271,51.53949,3,3,4,18:30,-1,E09000025,4,0,1,0,1,19,1,5,0,0,0,1,0,0,0,0,1,4,17
2024010505510,2024,010505510,533548,178201,-0.07795,51.487,3,3,4,15:20,-1,E09000028,4,0,1,0,1,99,9,9,99,9,99,1,0,0,0,0,0,4,17
2024010505511,2024,010505511,547796,186379,0.13055,51.55694,3,3,4,17:10,-1,E09000002,5,2,2,1,1,"[2, 19]","[0, 1]","[0, 5]","[0, 4]",0,0,1,1,0,0,0,0,4,17
2024010505512,2024,010505512,529106,172399,-0.144,51.43589,3,3,4,21:15,-1,E09000032,4,2,1,0,1,19,1,5,0,0,0,1,0,1,0,0,0,4,17
2024010505515,2024,010505515,523339,186398,-0.22204,51.56298,3,3,4,17:55,-1,E09000005,3,0,1,0,1,"[19, 9]",5,"[1, 2]","[11, 0]","[3, 0]","[10, 0]",1,1,0,0,0,0,4,17
2024010505521,2024,010505521,532933,192125,-0.08154,51.61227,3,3,4,21:45,-1,E09000010,5,2,1,0,1,99,9,9,99,9,99,1,0,0,0,0,0,4,17
2024010505523,2024,010505523,527568,164005,-0.16913,51.3608,3,3,4,19:50,-1,E09000029,4,0,1,0,1,19,5,1,0,0,0,1,0,1,0,0,0,4,17
2024010505524,2024,010505524,527837,179175,-0.1598,51.49707,3,3,4,23:55,-1,E09000020,4,2,1,0,1,-1,"[3, 7]","[7, 3]","[4, 0]",0,0,1,0,1,0,0,0,4,17
2024010505528,2024,010505528,532468,164462,-0.09862,51.36378,2,2,7,06:40,-1,E09000008,3,0,1,0,1,99,9,9,99,9,99,0,1,0,0,1,0,4,13