collision_index,collision_year,collision_ref_no,location_easting_osgr,location_northing_osgr,longitude,latitude,casualty_severity,casualty_severity,day_of_week,time,local_authority_district,local_authority_ons_district,first_road_class,light_conditions,weather_conditions,road_surface_conditions,urban_or_rural_area,vehicle_manoeuvre,vehicle_direction_from,vehicle_direction_to,hit_object_in_carriageway,vehicle_leaving_carriageway,hit_object_off_carriageway,is_car,is_cyle,is_mcyle,is_goodsv,is_other,is_pedestrian,month,day
2024010505535,2024,010505535,538602,183937,-0.00295,51.53733,3,3,4,22:36,-1,E09000025,3,2,1,1,1,"[19, 13]",5,1,"[0, 10]",0,0,1,0,0,1,0,0,4,17
2024010505536,2024,010505536,530298,175079,-0.12588,51.4597,3,3,5,00:00,-1,E09000022,3,2,2,1,1,"[2, 19]","[0, 1]","[0, 5]","[0, 4]",0,0,1,1,0,0,0,0,4,18
2024010505537,2024,010505537,520987,183380,-0.25699,51.53637,2,2,5,07:25,-1,E09000005,4,0,1,0,1,14,1,5,0,0,0,1,0,0,0,0,1,4,18
2024010505538,2024,010505538,522419,188523,-0.23456,51.58228,3,3,5,07:10,-1,E09000003,3,0,1,0,1,"[9, 19]","[1, 5]","[6, 1]",0,0,0,1,1,0,0,0,0,4,18
2024010505544,2024,010505544,525125,169910,-0.20212,51.41441,3,3,5,08:11,-1,E09000024,3,0,1,0,1,99,9,9,99,9,99,1,0,0,0,0,1,4,18
2024010505546,2024,010505546,528888,182174,-0.14357,51.52378,3,3,5,08:25,-1,E09000033,3,0,1,0,1,99,9,9,99,9,99,1,0,0,0,0,1,4,18
2024010505547,2024,010505547,536518,176987,-0.03566,51.47538,3,3,5,15:00,-1,E09000023,3,0,9,0,1,"[4, 2]","[5, 0]","[1, 0]","[4, 0]",0,0,1,0,0,1,0,0,4,11
2024010505549,2024,010505549,535602,186649,-0.04513,51.56242,3,3,5,09:40,-1,E09000031,3,0,1,0,1,"[7, 19]",3,"[5, 7]",0,0,0,1,1,0,0,0,0,4,18
2024010505556,2024,010505556,510353,184420,-0.40992,51.54789,3,3,5,07:15,-1,E09000017,3,0,1,0,1,"[19, 11]",7,3,0,0,0,1,0,1,0,0,0,4,18
2024010505560,2024,010505560,507934,183966,-0.44493,51.54428,3,3,5,07:57,-1,E09000017,6,0,1,0,1,99,9,9,99,9,99,1,0,0,0,0,0,4,18
2024010505561,2024,010505561,548515,175036,0.13614,51.45483,2,2,3,19:22,-1,E09000004,6,0,9,-1,1,99,9,9,99,9,99,0,0,0,0,0,0,4,16
2024010505566,2024,010505566,531391,187643,-0.10547,51.57235,3,3,5,07:35,-1,E09000014,4,0,1,0,1,99,9,9,99,9,99,1,1,0,0,0,0,4,18
2024010505570,2024,010505570,533436,182725,-0.07785,51.52768,3,3,5,10:20,-1,E09000012,3,0,1,0,1,"[11, 19]",1,5,0,0,0,1,1,0,0,0,0,4,18
2024010505572,2024,010505572,533203,187487,-0.0794,51.57053,3,3,5,11:25,-1,E09000012,5,0,1,0,1,5,7,3,0,0,0,1,0,0,0,0,1,4,18
2024010505573,2024,010505573,543966,178566,0.07215,51.48772,3,3,5,09:11,-1,E09000011,5,0,9,0,1,"[13, 5]",7,3,0,0,0,1,1,0,0,0,0,4,18
2024010505576,2024,010505576,538947,177966,-0.00033,51.48359,2,2,4,18:30,-1,E09000011,3,0,1,0,1,99,9,9,99,9,99,1,1,0,0,0,0,4,10
2024010505578,2024,010505578,526482,174231,-0.18108,51.45294,3,3,2,08:51,-1,E09000032,6,0,1,0,1,99,9,9,99,9,99,1,1,0,0,0,0,4,15
2024010505579,2024,010505579,530963,168666,-0.11868,51.40191,3,3,4,17:02,-1,E09000008,3,0,9,-1,1,99,9,9,99,9,99,1,0,1,0,0,0,4,17
2024010505582,2024,010505582,545288,190743,0.0962,51.5968,2,2,5,12:40,-1,E09000026,5,0,1,0,2,"[19, 3, 9]","[5, 7, 3]","[1, 3, 7, 4]",0,0,0,1,0,0,0,0,0,4,18
2024010505590,2024,010505590,510562,176775,-0.4093,51.47914,3,3,2,09:03,-1,E09000018,3,0,2,1,1,99,9,9,99,9,99,1,0,0,0,0,0,4,15
2024010505591,2024,010505591,514854,176535,-0.3476,51.47613,3,3,3,10:46,-1,E09000018,4,0,1,0,1,99,9,9,99,9,99,1,0,1,0,0,0,4,16
2024010505600,2024,010505600,535388,179179,-0.05109,51.49535,2,2,5,09:20,-1,E09000028,3,0,1,0,1,19,5,1,0,0,0,1,0,0,0,0,1,4,18
2024010505608,2024,010505608,515294,186501,-0.33801,51.56561,3,3,5,14:54,-1,E09000015,3,0,1,0,1,"[3, 5]",1,5,0,0,0,1,0,0,0,0,0,4,18
2024010505609,2024,010505609,533437,196367,-0.07265,51.65027,3,3,5,08:35,-1,E09000010,6,0,1,0,1,"[19, 7]","[7, 8]","[3, 1]",0,0,0,1,0,0,0,0,0,4,18
2024010505611,2024,010505611,533815,188274,-0.07028,51.57745,3,3,4,15:17,-1,E09000014,6,0,1,0,1,99,9,9,99,9,99,1,0,1,0,0,0,4,17
2024010505612,2024,010505612,519417,178299,-0.28133,51.49104,3,3,4,08:15,-1,E09000018,3,0,1,0,1,99,9,9,99,9,99,1,0,1,0,0,0,4,17
2024010505616,2024,010505616,523558,165116,-0.22631,51.37167,2,2,5,12:29,-1,E09000029,6,0,8,0,1,19,5,1,0,0,0,0,1,0,0,0,1,4,18
2024010505617,2024,010505617,544322,169738,0.07368,51.40831,3,3,5,15:05,-1,E09000006,6,0,1,0,1,99,9,9,0,0,0,1,0,0,0,0,1,4,18
2024010505618,2024,010505618,536564,171634,-0.03707,51.42727,3,3,5,15:40,-1,E09000023,6,0,1,0,1,"[19, 6]",5,"[1, 5]",0,0,0,1,0,0,0,0,0,4,18
2024010505623,2024,010505623,522855,180069,-0.23122,51.50621,2,2,5,11:40,-1,E09000013,3,0,1,0,1,"[9, 13]",7,"[5, 3]",0,0,0,1,0,1,0,0,0,4,18
2024010505624,2024,010505624,536609,174980,-0.03513,51.45732,3,3,5,13:25,-1,E09000023,4,0,1,0,1,19,"[2, 6]","[6, 2]",0,0,0,1,0,1,0,0,1,4,18
2024010505625,2024,010505625,521183,185888,-0.2533,51.55887,3,3,3,19:29,-1,E09000005,3,0,1,0,1,99,9,9,99,9,99,1,0,0,0,0,0,4,16
2024010505629,2024,010505629,533213,179283,-0.08236,51.4968,3,3,5,16:15,-1,E09000028,3,0,1,0,1,"[3, 8]",7,"[3, 2]",0,0,0,0,0,1,1,0,0,4,18
2024010505630,2024,010505630,528814,181188,-0.145,51.51494,2,2,5,15:55,-1,E09000033,3,0,1,0,1,19,"[7, 3]","[3, 7]",0,0,0,0,1,0,1,0,0,4,18
2024010505631,2024,010505631,524621,186255,-0.2036,51.56142,3,3,5,10:10,-1,E09000003,3,0,1,0,1,"[99, 5]","[9, 3]","[9, 7]","[99, 0]",9,"[99, 0]",1,0,0,0,0,0,4,18
2024010505635,2024,010505635,539222,165469,-0.00128,51.37122,3,3,5,09:40,-1,E09000006,3,0,1,0,1,99,9,9,99,9,99,1,1,0,0,0,0,4,18
2024010505636,2024,010505636,527120,185331,-0.1679,51.55255,3,3,5,13:20,-1,E09000007,3,0,1,0,1,99,9,9,99,9,99,1,0,1,0,0,0,4,18
2024010505637,2024,010505637,534579,181321,-0.06192,51.51479,3,3,5,12:30,-1,E09000030,3,0,1,0,1,99,9,9,99,9,99,1,0,1,0,0,0,4,18
2024010505641,2024,010505641,533478,184900,-0.07642,51.54721,3,3,5,11:30,-1,E09000012,5,0,9,-1,1,99,9,9,99,9,99,1,0,1,0,0,0,4,18
2024010505645,2024,010505645,518351,185214,-0.29436,51.55341,2,"[2, 3]",5,15:37,-1,E09000005,3,0,1,0,1,19,7,3,0,0,0,0,0,1,0,0,1,4,18
2024010505646,2024,010505646,546032,165956,0.09669,51.37389,2,2,6,17:30,-1,E09000006,6,0,9,0,1,5,0,3,0,0,0,1,0,0,0,0,1,4,12
2024010505653,2024,010505653,535547,184834,-0.04662,51.54613,3,3,5,15:00,-1,E09000012,4,0,1,0,1,"[9, 19]","[1, 5]","[6, 1]",0,0,0,1,1,0,0,0,0,4,18
2024010505660,2024,010505660,530999,175270,-0.11572,51.46125,3,3,3,19:39,-1,E09000022,3,2,1,0,1,99,9,9,99,9,99,1,0,1,0,0,0,4,16
2024010505662,2024,010505662,531241,185133,-0.10857,51.54983,3,3,5,18:00,-1,E09000019,3,0,1,0,1,9,3,1,0,0,0,1,0,0,0,0,1,4,18
2024010505669,2024,010505669,536042,183139,-0.04014,51.53078,2,2,5,16:00,-1,E09000030,3,0,1,0,1,19,7,3,0,0,0,0,0,1,0,0,1,4,18
2024010505671,2024,010505671,548969,188206,0.14823,51.57305,3,3,4,08:00,-1,E09000002,3,0,1,0,2,99,9,9,99,9,99,1,1,0,0,0,0,4,17
2024010505677,2024,010505677,528658,183614,-0.14636,51.53678,3,3,5,18:19,-1,E09000007,5,0,1,0,1,99,9,9,99,9,99,1,1,0,0,0,0,4,18
2024010505678,2024,010505678,530267,174196,-0.12665,51.45177,3,3,5,16:40,-1,E09000022,5,0,1,0,1,99,9,9,99,9,99,1,1,0,0,0,0,4,18
2024010505679,2024,010505679,533275,192574,-0.07643,51.61622,3,3,5,15:40,-1,E09000010,5,0,1,0,1,7,7,1,0,0,0,1,0,0,0,0,1,4,18
2024010505680,2024,010505680,510635,181076,-0.4069,51.51778,3,3,5,16:25,-1,E09000017,3,0,1,0,1,9,7,5,0,0,0,1,0,1,0,0,0,4,18
2024010505681,2024,010505681,547011,168180,0.11166,51.39362,3,3,5,12:30,-1,E09000006,3,0,1,0,1,99,9,9,99,9,99,0,1,0,1,0,0,4,18
2024010505683,2024,010505683,533590,186015,-0.07438,51.55721,3,3,6,21:58,-1,E09000012,3,2,8,0,1,99,9,9,99,9,99,1,0,1,0,0,0,4,12
2024010505691,2024,010505691,524538,166701,-0.21168,51.3857,2,2,5,16:36,-1,E09000029,4,0,1,0,1,19,"[3, 5]","[7, 1]",0,0,0,1,1,0,0,0,0,4,18
2024010505692,2024,010505692,538874,184184,0.00107,51.53948,3,3,5,20:53,-1,E09000025,6,2,2,1,1,19,1,5,0,0,0,1,0,0,0,0,1,4,18
2024010505693,2024,010505693,528032,176623,-0.15792,51.47409,3,3,5,17:06,-1,E09000032,3,0,1,0,1,"[9, 13]",7,"[5, 3]",0,0,0,1,0,1,0,0,0,4,18
2024010505694,2024,010505694,522262,184763,-0.23813,51.54852,3,3,5,20:38,-1,E09000005,3,2,1,1,1,19,5,1,0,0,0,1,0,0,0,0,1,4,18
2024010505696,2024,010505696,536522,187308,-0.03161,51.56812,3,3,5,17:40,-1,E09000031,3,0,1,0,1,"[9, 19]","[1, 7]","[6, 3]",0,0,0,1,1,0,0,0,0,4,18
2024010505698,2024,010505698,538129,175813,-0.01294,51.46444,3,3,5,14:12,-1,E09000023,3,0,1,0,1,19,7,3,0,0,0,0,1,0,1,0,0,4,18
2024010505702,2024,010505702,518161,165413,-0.30371,51.37549,2,2,5,16:30,-1,E09000021,3,0,1,0,1,"[5, 3]",5,1,0,0,0,1,0,0,0,0,0,4,18
2024010505703,2024,010505703,523688,177733,-0.22004,51.48503,3,3,5,18:55,-1,E09000013,3,0,4,0,1,9,8,5,7,7,10,1,0,0,0,0,0,4,18
2024010505708,2024,010505708,519296,186257,-0.28038,51.56258,3,3,5,20:50,-1,E09000005,3,2,1,0,1,99,9,9,99,9,99,1,0,0,0,0,1,4,18
2024010505711,2024,010505711,547080,168090,0.11262,51.39279,3,3,5,14:28,-1,E09000006,6,0,4,0,1,19,5,1,0,0,0,0,0,1,0,0,0,4,18
2024010505712,2024,010505712,546171,171650,0.10103,51.42502,3,3,5,22:15,-1,E09000004,3,2,2,1,1,19,"[1, 5]","[5, 1]",0,0,0,1,0,0,0,0,0,4,18
2024010505718,2024,010505718,532899,176689,-0.08786,51.47356,2,2,5,15:30,-1,E09000028,3,0,8,0,1,99,9,9,99,9,99,1,1,0,0,0,0,4,18
2024010505723,2024,010505723,515377,185202,-0.33724,51.55392,3,3,5,20:25,-1,E09000009,3,2,8,0,1,"[1, 99]","[4, 9]","[6, 9]",99,"[0, 9]","[0, 99]",1,0,0,0,0,0,4,18
2024010505725,2024,010505725,533562,185398,-0.07502,51.55167,3,3,5,23:57,-1,E09000012,3,2,1,0,1,"[6, 19]","[1, 5]",1,0,0,0,1,1,0,0,0,0,4,18
2024010505729,2024,010505729,543142,187823,0.06405,51.57111,2,2,6,01:14,-1,E09000026,3,2,2,1,1,19,5,1,10,2,11,1,0,0,0,0,0,4,19
2024010505731,2024,010505731,536197,181733,-0.03845,51.51811,2,"[2, 3]",6,04:46,-1,E09000030,4,2,1,1,1,"[7, 19]","[2, 7]",3,"[7, 0]","[1, 0]","[11, 0]",1,0,0,0,0,0,4,19
2024010505732,2024,010505732,544129,175760,0.07335,51.46247,3,3,6,06:15,-1,E09000011,5,0,1,0,1,"[1, 19, 2]","[3, 0]","[7, 0]",0,0,0,1,0,0,0,0,0,4,19
2024010505733,2024,010505733,543920,175229,0.07013,51.45775,3,3,2,03:20,-1,E09000011,3,2,1,0,1,19,3,7,0,0,0,1,0,0,0,0,0,4,15
2024010505739,2024,010505739,531134,167625,-0.11661,51.39252,3,3,3,15:15,-1,E09000008,3,0,9,-1,1,99,9,9,99,9,99,1,0,1,0,0,0,4,16
2024010505745,2024,010505745,513232,184493,-0.36839,51.54798,3,3,6,06:15,-1,E09000009,3,0,1,0,1,13,6,2,10,0,0,1,0,0,0,0,0,4,19
2024010505746,2024,010505746,529790,160016,-0.13869,51.32445,3,3,5,19:00,-1,E09000008,3,0,1,0,1,99,9,9,99,9,99,1,1,0,0,0,0,4,18
2024010505757,2024,010505757,529913,184643,-0.1279,51.54574,3,3,5,17:30,-1,E09000007,6,0,9,-1,1,99,9,9,99,9,99,1,0,1,0,0,0,4,18
2024010505765,2024,010505765,535193,197450,-0.04687,51.65958,3,3,4,18:55,-1,E09000010,3,2,9,-1,1,99,9,9,99,9,99,1,0,1,0,0,0,4,17
2024010505767,2024,010505767,551750,189355,0.18882,51.58263,3,3,4,19:25,-1,E09000016,5,0,1,0,1,99,9,9,99,9,99,1,0,1,0,0,0,4,17
2024010505769,2024,010505769,530809,179787,-0.11678,51.50189,3,3,6,10:15,-1,E09000022,3,0,1,0,1,"[15, 6]","[7, 3]",3,0,"[7, 1]",0,1,0,1,0,0,0,4,19
2024010505770,2024,010505770,517975,169189,-0.30513,51.40946,2,2,6,08:20,-1,E09000021,6,0,1,0,1,"[2, 5]",0,"[0, 1]",0,0,0,1,0,0,0,0,1,4,19
2024010505776,2024,010505776,537789,186430,-0.01369,51.55993,3,3,3,12:00,-1,E09000031,5,0,9,-1,1,99,9,9,99,9,99,1,0,0,0,0,0,4,16
2024010505779,2024,010505779,517509,174508,-0.31006,51.45736,2,2,7,18:20,-1,E09000027,6,0,1,0,1,99,9,9,99,9,99,0,1,0,0,0,1,4,13
2024010505781,2024,010505781,550360,174916,0.16262,51.45327,3,3,5,14:20,-1,E09000004,3,0,1,0,1,99,9,9,99,9,99,1,0,1,0,0,0,4,18
2024010505784,2024,010505784,518114,188924,-0.29653,51.5868,2,2,6,08:35,-1,E09000015,3,0,1,0,1,"[4, 5]",1,5,0,0,0,1,1,0,0,0,0,4,19
2024010505787,2024,010505787,540618,184130,0.02618,51.53856,3,3,4,12:30,-1,E09000025,6,0,1,0,1,99,9,9,99,9,99,1,0,0,0,0,1,4,10
2024010505792,2024,010505792,533701,175150,-0.0769,51.45954,3,3,4,16:15,-1,E09000028,6,0,1,-1,1,99,9,9,99,9,99,1,1,0,0,0,0,4,17
2024010505794,2024,010505794,543442,184313,0.06694,51.5395,3,3,6,08:48,-1,E09000025,3,0,1,0,1,99,9,9,99,9,99,0,0,1,0,0,0,4,19
2024010505795,2024,010505795,528442,184634,-0.1491,51.54599,3,3,5,20:30,-1,E09000007,5,2,9,-1,1,99,9,9,99,9,99,1,0,1,0,0,0,4,18
2024010505796,2024,010505796,509618,172397,-0.42424,51.43997,3,3,4,07:50,-1,E09000018,5,0,1,-1,1,19,4,8,0,0,0,1,0,0,0,0,1,4,17
2024010505798,2024,010505798,539447,190402,0.01179,51.59521,3,3,6,12:28,-1,E09000031,3,0,1,1,2,99,9,9,99,9,99,1,0,0,0,0,0,4,19
2024010505803,2024,010505803,532034,179068,-0.09941,51.49514,2,2,6,12:35,-1,E09000028,3,0,1,1,1,"[5, 19]","[1, 7]","[5, 3]",0,0,0,1,1,0,0,0,0,4,19
2024010505806,2024,010505806,534535,196609,-0.0567,51.65218,3,3,6,23:30,-1,E09000010,6,2,2,1,1,99,9,9,99,9,99,1,0,0,0,0,0,4,19
2024010505812,2024,010505812,538709,186496,-0.0004,51.5603,3,3,5,19:45,-1,E09000031,3,0,9,0,1,19,1,5,0,0,0,1,0,0,0,0,0,4,18
2024010505815,2024,010505815,515618,185589,-0.33364,51.55734,3,3,5,12:50,-1,E09000005,6,0,1,0,1,99,9,9,99,9,99,1,0,1,0,0,0,4,11
2024010505817,2024,010505817,543312,188450,0.06675,51.5767,3,3,5,17:45,-1,E09000026,3,0,1,0,1,99,9,9,99,9,99,1,0,1,0,0,0,4,18
2024010505823,2024,010505823,534452,183039,-0.06309,51.53026,3,3,5,10:30,-1,E09000030,6,2,2,1,1,99,9,9,99,9,99,1,0,0,0,0,0,4,18
2024010505826,2024,010505826,523509,178075,-0.2225,51.48815,3,3,6,12:06,-1,E09000013,3,0,1,0,1,"[13, 19]",4,8,0,0,0,1,0,0,1,0,0,4,19
2024010505827,2024,010505827,529816,170150,-0.13462,51.41551,3,3,5,18:30,-1,E09000022,6,0,1,0,1,99,9,9,99,9,99,1,0,0,0,0,0,4,18
2024010505834,2024,010505834,508715,181886,-0.43431,51.52543,3,3,6,16:30,-1,E09000017,6,0,1,0,1,19,7,3,11,0,0,1,0,0,0,0,1,4,19
2024010505836,2024,010505836,522944,190416,-0.22633,51.59918,3,3,6,09:21,-1,E09000003,3,0,1,0,1,19,8,4,0,0,0,1,0,0,0,0,0,4,19
2024010505846,2024,010505846,528401,173285,-0.15382,51.44401,3,3,6,15:05,-1,E09000032,6,0,1,0,1,99,9,9,99,9,0,1,0,0,0,0,1,4,19
2024010505847,2024,010505847,532952,168326,-0.09023,51.3984,3,3,3,17:47,-1,E09000008,4,0,1,0,1,99,9,9,99,9,99,1,0,1,0,0,0,4,16
2024010505849,2024,010505849,530916,158670,-0.12303,51.31209,3,3,6,14:54,-1,E09000008,4,0,9,0,1,"[9, 19]","[2, 5]",1,"[0, 10]","[0, 1]",0,1,0,0,0,0,0,4,19
2024010505853,2024,010505853,523454,183043,-0.22155,51.53281,3,3,4,21:30,-1,E09000005,6,2,1,0,1,99,9,9,99,9,99,1,0,1,0,0,0,4,17
2024010505855,2024,010505855,540075,190718,0.02098,51.5979,2,2,6,16:20,-1,E09000026,3,0,1,0,1,"[19, 9]",1,"[5, 7]",0,0,0,1,0,1,0,0,0,4,19
2024010505857,2024,010505857,537760,180993,-0.01623,51.51108,3,3,6,16:40,-1,E09000030,3,0,1,0,1,"[9, 19]",3,"[1, 7]",0,"[1, 0]",0,1,0,1,0,0,0,4,19
2024010505858,2024,010505858,544491,187148,0.08322,51.5647,3,3,6,17:30,-1,E09000026,5,0,1,0,1,"[5, 19]","[0, 5]","[3, 1]",0,0,0,1,0,0,0,0,0,4,19
2024010505865,2024,010505865,531925,190313,-0.09677,51.59622,3,3,5,10:38,-1,E09000014,6,2,1,1,1,99,9,9,99,9,99,1,0,1,0,0,0,4,18
2024010505870,2024,010505870,535192,197444,-0.04688,51.65953,2,2,6,15:45,-1,E09000010,3,0,1,0,1,"[7, 3, 19]","[1, 3]","[3, 7, 5]","[0, 10]",0,0,1,1,0,0,0,0,4,19
2024010505873,2024,010505873,534625,195625,-0.05578,51.64332,3,3,6,16:44,-1,E09000010,6,0,1,0,1,"[19, 13]",1,5,0,0,0,1,0,1,0,0,0,4,19
2024010505875,2024,010505875,539602,183615,0.01133,51.53419,3,3,6,15:15,-1,E09000025,6,0,1,0,1,"[9, 13]",7,"[5, 3]",0,"[1, 0]",0,1,0,0,0,0,0,4,19
2024010505877,2024,010505877,528339,180440,-0.15211,51.50832,2,2,6,19:15,-1,E09000033,6,0,1,0,1,5,0,5,11,0,0,1,0,0,0,0,1,4,19
2024010505881,2024,010505881,528240,195909,-0.14789,51.64736,3,3,6,14:17,-1,E09000010,6,0,8,0,1,"[19, 9, 2]","[3, 2, 0]","[7, 8, 0]",0,0,0,1,0,0,0,0,0,4,19
2024010505882,2024,010505882,523390,189019,-0.22038,51.58653,2,2,6,14:45,-1,E09000003,3,0,1,0,1,9,7,5,0,0,0,1,0,0,0,0,1,4,19
2024010505888,2024,010505888,532605,188828,-0.08752,51.58272,3,3,6,13:15,-1,E09000014,6,0,1,0,1,99,9,9,99,9,99,1,0,0,0,0,0,4,19
2024010505889,2024,010505889,525927,173555,-0.1893,51.44699,3,3,6,19:30,-1,E09000032,3,2,1,0,1,"[7, 19]","[3, 1]",5,0,0,0,1,1,0,0,0,0,4,19
2024010505895,2024,010505895,533943,186122,-0.06925,51.55809,2,2,6,15:25,-1,E09000012,3,0,2,1,1,7,1,4,0,"[0, 1]","[0, 1]",1,0,1,0,0,0,4,19
2024010505897,2024,010505897,536278,176957,-0.03913,51.47517,2,2,6,18:35,-1,E09000023,3,0,1,0,1,19,7,3,0,0,0,0,0,1,0,0,1,4,19
2024010505904,2024,010505904,516102,174306,-0.33037,51.45584,3,3,6,17:15,-1,E09000027,3,0,1,0,1,99,9,9,99,9,99,1,1,0,0,0,0,4,12
2024010505908,2024,010505908,516340,190399,-0.32163,51.60043,3,3,6,22:15,-1,E09000015,5,2,1,0,1,"[19, 9]","[6, 1]","[2, 6]",0,"[7, 0]",0,1,0,0,0,0,0,4,19
2024010505914,2024,010505914,517850,183769,-0.30206,51.54053,2,2,6,19:45,-1,E09000005,5,2,1,0,1,"[19, 5]","[1, 3]","[5, 7]",0,0,0,1,1,0,0,0,0,4,19
2024010505924,2024,010505924,532535,176695,-0.09309,51.4737,3,3,6,16:07,-1,E09000028,3,0,1,0,1,5,1,5,0,0,0,0,0,0,1,0,0,4,19
2024010505926,2024,010505926,509868,172216,-0.4207,51.4383,2,2,6,21:55,-1,E09000018,3,2,1,0,1,"[2, 14]","[0, 7]","[0, 3]",0,0,0,1,0,0,1,0,1,4,19
2024010505928,2024,010505928,535019,200015,-0.04839,51.68267,3,3,6,19:12,-1,E09000010,1,0,1,0,2,99,9,9,99,9,99,1,0,0,0,0,0,4,19
2024010505933,2024,010505933,521321,168738,-0.2572,51.4047,3,3,6,22:15,-1,E09000021,4,2,1,0,1,"[9, 19]","[7, 5]","[4, 1]",0,"[1, 0]",0,1,0,1,0,0,0,4,19
2024010505934,2024,010505934,521642,167026,-0.25317,51.38925,3,3,6,21:54,-1,E09000021,3,2,1,0,1,19,"[7, 3]","[3, 7]",0,"[1, 0]","[11, 0]",1,0,0,0,0,0,4,19
2024010505937,2024,010505937,518266,190264,-0.29389,51.59881,3,3,7,05:27,-1,E09000015,5,0,1,0,1,19,8,4,11,0,0,1,0,0,0,0,0,4,20
2024010505940,2024,010505940,532062,196705,-0.09239,51.65363,2,2,4,09:00,-1,E09000010,3,0,1,0,1,99,9,9,12,9,99,1,0,0,0,0,1,4,17
2024010505941,2024,010505941,511130,171367,-0.40282,51.43042,3,3,7,07:05,-1,E09000018,5,0,9,-1,1,4,3,7,99,9,99,1,0,0,0,0,0,4,20
2024010505949,2024,010505949,528438,188005,-0.14793,51.57629,3,3,6,22:35,-1,E09000014,4,2,1,0,1,99,9,9,99,9,99,1,1,0,0,0,0,4,19
2024010505950,2024,010505950,541130,190313,0.03604,51.59399,3,3,7,07:55,-1,E09000026,3,0,1,0,1,"[5, 19]",3,7,0,0,0,1,1,0,0,0,0,4,20
2024010505953,2024,010505953,543083,183934,0.06162,51.53618,3,3,5,21:14,-1,E09000025,6,2,1,0,1,99,9,9,99,9,99,1,0,1,0,0,0,4,18
2024010505958,2024,010505958,533259,185081,-0.07951,51.54889,2,2,5,06:45,-1,E09000019,5,0,1,0,1,"[9, 19]","[5, 2]","[2, 6]",0,0,0,1,1,0,0,0,0,4,18
2024010505968,2024,010505968,531227,178239,-0.11134,51.48788,3,3,6,15:10,-1,E09000022,3,0,1,1,1,99,9,9,"[99, 8]",9,99,1,1,0,0,0,0,4,19
2024010505975,2024,010505975,530545,181096,-0.1201,51.51371,3,3,7,10:37,-1,E09000033,5,0,1,0,1,19,"[5, 3]","[1, 7]",0,0,0,1,0,0,0,0,0,4,20
2024010505976,2024,010505976,512242,183610,-0.38294,51.54024,3,3,7,10:00,-1,E09000009,3,0,1,0,1,19,2,6,0,0,0,1,0,1,0,0,0,4,20
2024010505979,2024,010505979,511578,187768,-0.3912,51.57774,3,3,7,11:43,-1,E09000017,5,0,1,0,1,"[19, 3]","[3, 1]","[7, 5]",0,0,0,1,0,0,0,0,0,4,20
2024010505981,2024,010505981,545044,183252,0.08959,51.52955,3,3,7,12:02,-1,E09000002,3,0,1,0,1,"[7, 19]","[2, 7]",3,0,0,0,1,0,0,0,0,0,4,20
2024010505982,2024,010505982,555549,186613,0.2424,51.55696,3,3,7,09:30,-1,E09000016,6,0,1,0,1,99,9,9,99,9,99,1,0,1,0,0,0,4,20
2024010505984,2024,010505984,538127,175077,-0.01326,51.45783,3,3,7,07:17,-1,E09000023,3,0,8,0,1,99,9,9,99,9,99,0,1,0,0,0,0,4,20
2024010505985,2024,010505985,535192,181591,-0.05298,51.51707,3,3,5,16:00,-1,E09000030,5,0,9,-1,1,99,9,9,99,9,99,1,0,1,0,0,0,4,18
2024010505986,2024,010505986,511688,179029,-0.39238,51.49918,3,3,7,16:10,-1,E09000009,6,0,1,0,1,99,9,9,99,9,99,1,0,0,0,0,0,4,13
2024010505992,2024,010505992,530872,182338,-0.11493,51.5248,3,3,7,12:50,-1,E09000007,4,0,1,0,1,"[9, 19]","[5, 3]","[3, 7]",0,0,0,0,1,1,0,0,0,4,20
2024010505995,2024,010505995,537399,187801,-0.01877,51.57234,2,2,7,10:50,-1,E09000031,3,0,1,0,1,"[9, 19]","[3, 1]","[1, 5]",0,0,0,1,1,0,0,0,0,4,20
2024010505996,2024,010505996,530948,175764,-0.11627,51.4657,2,"[3, 2]",7,13:24,-1,E09000022,3,0,1,0,1,"[9, 19]","[4, 8]","[3, 4]",0,0,0,0,0,1,0,0,0,4,20
2024010505997,2024,010505997,542489,158458,0.04282,51.30741,3,3,7,12:08,-1,E09000006,3,0,1,0,1,-1,7,3,0,0,0,1,1,0,0,0,0,4,20
2024010506003,2024,010506003,527057,185380,-0.16879,51.55301,2,2,7,13:25,-1,E09000007,3,0,1,0,1,"[3, 19]",8,4,0,0,0,1,1,0,0,0,0,4,20
2024010506006,2024,010506006,509263,187338,-0.42472,51.57433,3,3,6,14:15,-1,E09000017,3,0,1,0,1,99,9,9,99,9,99,0,0,1,0,0,1,4,19
2024010506007,2024,010506007,526077,173217,-0.18726,51.44392,2,2,6,18:50,-1,E09000032,4,0,3,1,1,99,9,9,99,9,99,1,0,1,0,0,0,4,19
2024010506009,2024,010506009,527072,181508,-0.16997,51.51821,3,3,7,15:03,-1,E09000033,6,0,1,0,1,"[9, 5]","[5, 3]","[3, 7]",0,0,0,1,1,0,0,0,0,4,20
2024010506010,2024,010506010,538807,183383,-0.00021,51.5323,3,3,7,15:15,-1,E09000025,5,0,1,0,1,19,1,5,0,7,0,1,0,0,0,0,0,4,20