collision_index,collision_year,collision_ref_no,location_easting_osgr,location_northing_osgr,longitude,latitude,casualty_severity,casualty_severity,day_of_week,time,local_authority_district,local_authority_ons_district,first_road_class,light_conditions,weather_conditions,road_surface_conditions,urban_or_rural_area,vehicle_manoeuvre,vehicle_direction_from,vehicle_direction_to,hit_object_in_carriageway,vehicle_leaving_carriageway,hit_object_off_carriageway,is_car,is_cyle,is_mcyle,is_goodsv,is_other,is_pedestrian,month,day
2024010506507,2024,010506507,539991,188239,0.01878,51.57564,3,3,3,15:55,-1,E09000026,3,0,1,1,1,"[5, 9]","[1, 3]","[5, 1]",0,0,0,1,0,0,1,0,0,4,23
2024010506511,2024,010506511,538284,177699,-0.00997,51.48135,2,2,3,16:30,-1,E09000011,3,0,1,0,1,4,5,1,0,0,0,0,0,0,1,0,0,4,23
2024010506513,2024,010506513,515957,174709,-0.33232,51.45949,3,3,3,19:04,-1,E09000018,6,0,1,0,1,99,9,9,99,9,99,1,0,0,0,0,1,4,16
2024010506521,2024,010506521,532114,166087,-0.1031,51.37847,3,3,3,13:31,-1,E09000008,6,0,9,1,1,1,1,5,0,0,0,1,0,0,0,0,1,4,23
2024010506524,2024,010506524,518259,187331,-0.29497,51.57245,3,3,3,14:45,-1,E09000005,5,0,1,0,1,"[6, 99]","[1, 9]","[1, 9]",99,"[0, 9]","[0, 99]",1,0,0,0,0,0,4,23
2024010506526,2024,010506526,537272,179933,-0.02367,51.50167,3,3,7,18:25,-1,E09000030,5,0,9,-1,1,99,9,9,99,9,99,1,0,1,0,0,0,4,20
2024010506531,2024,010506531,535250,196148,-0.04655,51.64787,3,3,3,14:00,-1,E09000010,3,0,9,-1,1,99,9,9,99,9,99,1,0,1,0,0,0,4,23
2024010506532,2024,010506532,528723,171478,-0.14984,51.4277,2,2,2,18:50,-1,E09000032,5,0,1,0,1,99,9,9,99,9,99,1,1,0,0,0,0,4,22
2024010506533,2024,010506533,524343,163598,-0.21557,51.35785,3,3,1,09:10,-1,E09000029,3,0,9,-1,1,99,9,9,99,9,99,1,0,1,0,0,0,4,21
2024010506542,2024,010506542,543486,186283,0.06838,51.55719,2,2,3,18:12,-1,E09000026,3,0,9,0,1,"[5, 19]","[4, 6]","[8, 2]",0,0,0,1,1,0,0,0,0,4,23
2024010506547,2024,010506547,528544,163500,-0.1553,51.35604,3,3,3,16:50,-1,E09000029,4,0,1,0,1,19,3,7,0,0,0,1,0,0,0,0,1,4,23
2024010506549,2024,010506549,531555,173048,-0.10855,51.44116,3,3,3,16:15,-1,E09000022,3,0,1,0,1,5,7,3,0,0,0,1,0,0,0,0,1,4,23
2024010506552,2024,010506552,533873,192409,-0.06786,51.6146,3,3,3,13:06,-1,E09000010,3,0,1,0,1,99,9,9,99,9,99,1,0,0,0,0,0,4,23
2024010506553,2024,010506553,530361,160259,-0.13041,51.3265,3,3,3,17:53,-1,E09000008,3,0,1,0,1,"[9, 19]","[1, 5]","[7, 1]",0,0,0,1,0,1,0,0,0,4,23
2024010506562,2024,010506562,547147,177971,0.11768,51.48156,3,3,2,17:15,-1,E09000011,3,0,1,0,1,99,9,9,99,9,99,1,0,0,0,0,0,4,22
2024010506563,2024,010506563,527612,174519,-0.16472,51.45528,3,3,3,07:55,-1,E09000032,4,0,1,0,1,"[1, 99]",9,9,99,9,99,1,1,0,0,0,0,4,23
2024010506565,2024,010506565,519627,166017,-0.28245,51.38061,3,3,3,19:45,-1,E09000021,3,0,1,0,1,19,5,1,0,0,0,0,0,1,0,0,1,4,23
2024010506566,2024,010506566,537994,179741,-0.01335,51.49977,3,3,3,15:00,-1,E09000030,5,0,1,0,1,19,7,3,0,0,0,1,0,0,0,0,1,4,23
2024010506568,2024,010506568,533791,175314,-0.07554,51.461,3,3,3,20:00,-1,E09000028,3,2,1,0,1,"[19, 7]",1,"[5, 4]",0,0,0,1,0,0,0,0,0,4,23
2024010506573,2024,010506573,554187,189907,0.22421,51.58693,3,3,3,07:30,-1,E09000016,3,0,1,0,1,99,9,9,99,9,99,1,0,0,0,0,0,3,19
2024010506576,2024,010506576,523341,179957,-0.22426,51.5051,3,3,3,22:28,-1,E09000013,3,2,9,-1,1,99,9,9,99,9,99,0,0,0,1,0,1,4,23
2024010506578,2024,010506578,528830,176250,-0.14657,51.47056,2,"[2, 3]",3,22:27,-1,E09000032,4,2,1,0,1,"[2, 9, 19]","[0, 3, 5]","[0, 1]","[0, 10]","[0, 1]","[0, 2]",1,1,0,0,0,0,4,23
2024010506579,2024,010506579,532565,165240,-0.09694,51.37075,3,3,2,09:53,-1,E09000008,3,0,1,0,1,99,9,9,99,9,99,1,0,0,0,0,0,4,22
2024010506582,2024,010506582,541278,175980,0.03243,51.46516,3,3,3,22:28,-1,E09000011,5,2,1,0,1,"[19, 9]","[8, 4]","[4, 1]",0,0,0,1,0,1,0,0,0,4,23
2024010506586,2024,010506586,518631,185842,-0.29011,51.55899,2,"[3, 2]",3,21:50,-1,E09000005,5,2,1,1,1,19,"[7, 3]","[3, 7]",0,0,0,1,0,0,1,0,0,4,23
2024010506589,2024,010506589,548459,189077,0.14124,51.58101,2,"[3, 2]",3,21:22,-1,E09000002,3,2,1,0,1,"[19, 9]","[1, 5]","[5, 3]",0,0,0,1,0,0,0,0,0,4,23
2024010506590,2024,010506590,531430,162404,-0.11428,51.34553,2,2,3,21:55,-1,E09000008,3,2,1,0,1,"[19, 5]",5,1,0,0,0,1,0,1,0,0,0,4,23
2024010506591,2024,010506591,514396,182257,-0.35234,51.52765,3,3,4,01:26,-1,E09000009,3,2,1,0,1,7,7,1,0,1,2,1,0,0,0,0,0,4,24
2024010506592,2024,010506592,526263,183054,-0.18107,51.53228,3,3,3,22:30,-1,E09000033,5,2,1,0,1,"[9, 13]","[6, 5]","[3, 1]",0,0,0,1,0,1,0,0,0,4,23
2024010506594,2024,010506594,536071,187945,-0.03787,51.57396,2,2,4,02:06,-1,E09000031,6,2,1,0,1,19,"[1, 5]","[5, 1]","[4, 0]","[3, 0]",0,1,0,0,1,0,0,4,24
2024010506600,2024,010506600,527851,182197,-0.1585,51.52422,2,2,6,10:00,-1,E09000033,3,0,1,0,1,"[99, 5]","[9, 1]","[9, 5]",0,0,0,1,1,0,0,0,0,4,12
2024010506606,2024,010506606,530094,191344,-0.12281,51.60591,3,3,4,07:54,-1,E09000014,3,0,1,0,1,3,5,1,0,0,0,1,0,0,0,0,0,4,24
2024010506609,2024,010506609,532482,166803,-0.09755,51.38482,2,2,4,07:56,-1,E09000008,3,0,1,0,1,"[9, 19]","[5, 1]","[3, 5]",0,0,0,1,0,1,0,0,0,4,24
2024010506611,2024,010506611,525441,183016,-0.19293,51.53212,2,2,4,07:45,-1,E09000005,4,0,1,0,1,"[9, 19]","[1, 5]","[6, 1]",0,0,0,1,1,0,0,0,0,4,24
2024010506618,2024,010506618,532725,163958,-0.09512,51.3592,3,3,4,08:50,-1,E09000008,4,0,1,0,1,"[14, 9]","[1, 3]","[5, 1]",0,0,0,1,0,1,0,0,0,4,24
2024010506620,2024,010506620,536601,183293,-0.03203,51.53203,3,3,1,20:30,-1,E09000030,6,2,9,-1,1,99,9,9,99,9,99,1,1,0,0,0,0,4,14
2024010506625,2024,010506625,520513,175395,-0.26654,51.4647,2,2,4,09:00,-1,E09000027,3,0,1,0,1,19,3,7,0,0,0,0,0,0,1,0,1,4,24
2024010506627,2024,010506627,534196,199943,-0.06031,51.68222,3,3,3,14:44,-1,E09000010,1,0,1,-1,2,99,9,9,99,9,99,1,0,0,1,0,0,3,26
2024010506642,2024,010506642,547666,185788,0.12842,51.55166,3,3,2,21:15,-1,E09000002,3,2,1,0,1,19,"[3, 5]","[7, 1]",99,9,99,1,0,0,0,0,0,4,22
2024010506645,2024,010506645,525615,179616,-0.19164,51.50153,2,2,4,10:34,-1,E09000020,3,0,1,0,1,7,5,6,0,0,0,1,0,0,0,0,1,4,24
2024010506649,2024,010506649,533267,170611,-0.08485,51.41886,3,3,1,16:40,-1,E09000008,6,0,9,-1,1,99,9,9,99,9,99,1,0,1,0,0,0,4,21
2024010506652,2024,010506652,540141,176476,0.01627,51.4699,2,2,4,09:30,-1,E09000023,6,0,1,0,1,99,9,9,99,9,99,1,1,0,0,0,0,4,24
2024010506657,2024,010506657,535110,185334,-0.05273,51.55073,3,3,1,17:10,-1,E09000012,3,0,9,-1,1,99,9,9,99,9,99,0,0,0,1,0,0,4,14
2024010506660,2024,010506660,526529,181270,-0.17788,51.51619,3,3,4,10:30,-1,E09000033,3,0,1,0,1,"[3, 19]",1,5,"[0, 8]",0,0,1,0,1,0,0,0,4,24
2024010506662,2024,010506662,531713,175981,-0.10519,51.46748,3,3,4,07:20,-1,E09000022,5,0,1,0,1,19,5,1,0,0,0,1,0,0,0,0,1,4,24
2024010506666,2024,010506666,520545,186482,-0.26229,51.56434,3,3,3,01:15,-1,E09000005,3,2,1,0,1,99,9,9,"[99, 8]",9,99,1,0,1,0,0,0,4,23
2024010506669,2024,010506669,532280,192132,-0.09096,51.61249,3,3,4,12:30,-1,E09000010,6,0,1,0,1,"[19, 15]",3,7,0,0,0,1,0,0,0,0,0,4,24
2024010506675,2024,010506675,541978,175100,0.04214,51.45708,3,3,4,09:16,-1,E09000011,3,0,1,0,1,1,6,2,0,0,0,1,0,0,0,0,1,4,24
2024010506676,2024,010506676,521456,182501,-0.25053,51.52837,3,3,4,06:00,-1,E09000009,3,0,1,0,1,99,9,9,99,9,99,1,1,0,0,0,0,4,24
2024010506681,2024,010506681,527360,175544,-0.16798,51.46455,3,3,4,12:35,-1,E09000032,5,0,1,0,1,4,3,7,0,0,0,1,1,0,0,0,0,4,24
2024010506687,2024,010506687,529685,188119,-0.1299,51.57703,3,3,3,15:40,-1,E09000014,6,0,1,1,1,99,9,9,99,9,99,1,0,1,0,0,0,4,23
2024010506689,2024,010506689,520211,169087,-0.27303,51.40808,3,3,3,18:16,-1,E09000021,6,0,9,-1,1,99,9,9,99,9,99,1,0,1,0,0,0,4,23
2024010506692,2024,010506692,523300,180578,-0.22463,51.51069,3,3,4,13:53,-1,E09000013,3,0,4,0,1,9,"[3, 5]","[1, 3]",0,0,0,1,0,1,0,0,0,4,24
2024010506693,2024,010506693,536889,176579,-0.03048,51.47162,3,3,4,12:00,-1,E09000023,3,0,1,0,1,4,5,1,0,0,0,0,0,0,1,0,0,4,24
2024010506695,2024,010506695,535598,177963,-0.04853,51.48437,3,3,4,09:30,-1,E09000023,6,0,1,0,1,99,9,9,99,9,99,1,1,0,0,0,0,4,24
2024010506711,2024,010506711,537917,186119,-0.01196,51.5571,3,3,3,10:15,-1,E09000031,3,0,1,0,1,99,9,9,99,9,99,1,1,0,0,0,0,4,23
2024010506722,2024,010506722,532133,190535,-0.09369,51.59817,3,3,1,18:55,-1,E09000014,3,0,1,0,1,99,9,9,99,9,99,1,0,0,0,1,0,4,21
2024010506723,2024,010506723,533124,164714,-0.08911,51.3659,3,3,3,13:24,-1,E09000008,3,0,1,0,1,99,9,9,99,9,99,1,0,0,0,0,0,4,23
2024010506728,2024,010506728,537868,169079,-0.01932,51.40399,3,3,4,14:25,-1,E09000006,4,0,1,0,1,19,5,1,11,0,0,1,0,0,0,0,0,4,24
2024010506729,2024,010506729,542370,166071,0.04416,51.37585,3,3,7,14:10,-1,E09000006,3,0,1,0,1,99,9,9,99,9,99,1,0,0,0,1,0,4,20
2024010506734,2024,010506734,543009,185784,0.0613,51.55282,3,3,4,18:09,-1,E09000025,6,0,1,0,1,99,9,9,99,9,99,0,0,0,0,0,1,4,24
2024010506739,2024,010506739,533051,167109,-0.08926,51.38744,3,3,4,19:10,-1,E09000008,6,0,1,0,1,"[3, 19]","[5, 1]","[1, 5]",0,0,0,1,0,0,0,0,0,4,24
2024010506743,2024,010506743,536015,181137,-0.0413,51.51279,3,3,4,11:30,-1,E09000030,3,0,1,0,1,99,9,9,99,9,99,1,0,0,0,0,0,4,24
2024010506744,2024,010506744,538473,173333,-0.00896,51.44207,3,3,4,17:29,-1,E09000023,5,0,1,0,1,99,9,9,99,9,99,1,0,0,1,0,0,4,24
2024010506747,2024,010506747,533217,165457,-0.0875,51.37255,3,3,4,15:29,-1,E09000008,3,0,1,0,1,"[19, 3]","[3, 7]","[7, 1]",0,0,0,1,0,1,0,0,0,4,24
2024010506749,2024,010506749,520466,187980,-0.26292,51.57782,3,3,3,16:40,-1,E09000005,4,0,8,0,1,99,9,9,99,9,99,1,0,0,0,0,0,4,23
2024010506758,2024,010506758,527962,181331,-0.15722,51.51642,2,2,4,17:45,-1,E09000033,4,0,1,0,1,"[6, 19]",1,"[1, 5]",0,0,0,1,1,0,0,0,0,4,24
2024010506760,2024,010506760,534409,183176,-0.06366,51.5315,3,3,3,07:55,-1,E09000030,3,0,1,0,1,99,9,9,99,9,99,1,1,0,0,0,0,4,23
2024010506761,2024,010506761,525001,196135,-0.1946,51.65012,3,3,4,20:35,-1,E09000003,3,2,1,0,1,"[10, 19]","[7, 5]","[5, 1]",0,0,0,1,0,1,0,0,0,4,24
2024010506768,2024,010506768,521508,185778,-0.24865,51.55781,3,3,4,20:24,-1,E09000005,3,2,1,0,1,99,9,9,99,9,99,1,1,0,0,0,0,4,24
2024010506771,2024,010506771,531406,183351,-0.10686,51.53378,3,3,4,15:43,-1,E09000019,4,0,8,0,1,4,1,5,0,0,0,0,0,0,1,0,1,4,24
2024010506775,2024,010506775,522419,186959,-0.23511,51.56822,3,3,4,20:45,-1,E09000005,6,2,1,0,1,"[5, 19]",1,5,0,0,0,1,0,1,0,0,0,4,24
2024010506776,2024,010506776,533086,190750,-0.07985,51.59988,3,3,4,18:00,-1,E09000014,3,0,1,0,1,"[19, 9]",7,"[3, 6]",0,0,0,1,0,1,0,0,0,4,24
2024010506785,2024,010506785,536370,187195,-0.03385,51.56715,3,3,4,23:00,-1,E09000031,3,2,1,0,1,"[9, 5]","[3, 7]","[1, 3]",0,"[0, 1]",0,1,1,0,0,0,0,4,24
2024010506792,2024,010506792,539141,181417,0.00382,51.51455,3,3,5,09:48,-1,E09000030,3,0,1,0,1,99,9,9,99,9,99,1,0,0,1,0,0,4,18
2024010506793,2024,010506793,544893,188296,0.08949,51.57492,3,3,4,22:50,-1,E09000026,3,2,1,0,1,"[3, 19]",7,3,99,"[0, 9]","[0, 99]",1,0,0,0,0,0,4,24
2024010506795,2024,010506795,535490,176293,-0.05072,51.46939,3,3,5,21:00,-1,E09000023,4,2,1,0,1,"[9, 19]","[3, 1]","[8, 5]",0,0,0,1,1,0,0,0,0,4,25
2024010506796,2024,010506796,527408,183327,-0.16448,51.53448,3,3,4,22:50,-1,E09000033,3,2,1,0,1,"[3, 14]",3,7,"[0, 8]",0,0,1,0,1,0,0,0,4,24
2024010506799,2024,010506799,539557,177906,0.00843,51.4829,2,2,4,15:55,-1,E09000011,5,0,1,0,1,"[9, 19]",1,"[6, 5]",0,"[0, 9]",0,1,1,0,0,0,0,4,24
2024010506806,2024,010506806,528356,179778,-0.15211,51.50237,2,2,5,03:51,-1,E09000033,3,2,1,0,1,"[7, 5]","[7, 5]",1,0,0,0,1,1,0,0,0,0,4,25
2024010506812,2024,010506812,526814,181963,-0.17353,51.52236,3,3,5,07:43,-1,E09000033,3,0,1,0,1,19,1,5,0,0,0,0,0,0,1,0,0,4,25
2024010506815,2024,010506815,540424,168726,0.01727,51.40019,3,3,2,16:50,-1,E09000006,5,0,1,0,1,4,7,3,0,0,0,1,0,0,0,0,1,4,22
2024010506816,2024,010506816,523306,180487,-0.22458,51.50987,2,2,4,17:20,-1,E09000013,3,0,9,-1,1,99,9,9,99,9,99,1,1,0,0,0,0,4,24
2024010506818,2024,010506818,530048,175388,-0.12936,51.46253,3,3,3,21:40,-1,E09000022,4,2,8,0,1,"[19, 3]",9,9,99,9,99,1,0,1,0,0,0,4,23
2024010506819,2024,010506819,547677,176521,0.12471,51.46839,2,2,5,08:18,-1,E09000004,6,0,1,0,1,"[7, 19]","[3, 1]",5,0,"[2, 1]","[10, 0]",1,0,0,0,0,0,4,25
2024010506824,2024,010506824,515007,172977,-0.34655,51.44412,3,3,5,09:00,-1,E09000027,3,0,1,0,1,"[10, 19]",7,"[5, 3]",0,0,0,1,1,0,0,0,0,4,25
2024010506825,2024,010506825,538077,188056,-0.0089,51.57447,3,3,5,09:20,-1,E09000031,4,0,1,0,1,99,9,9,99,9,99,1,0,0,0,0,1,4,25
2024010506826,2024,010506826,534069,192062,-0.06517,51.61143,3,3,4,20:30,-1,E09000010,3,2,1,0,1,99,9,9,99,9,99,1,0,1,0,0,0,4,24
2024010506830,2024,010506830,528866,187793,-0.14183,51.57428,3,3,3,07:45,-1,E09000014,3,0,1,0,1,99,9,9,99,9,99,1,1,0,0,0,0,4,23
2024010506835,2024,010506835,530479,184778,-0.11969,51.54682,2,2,2,09:30,-1,E09000019,6,0,7,-1,1,99,9,9,99,9,99,1,0,0,0,0,1,4,22
2024010506836,2024,010506836,520402,177925,-0.26728,51.48747,3,3,5,09:52,-1,E09000018,5,0,1,0,1,19,3,7,0,0,0,1,0,0,0,0,0,4,25
2024010506837,2024,010506837,535413,192992,-0.04541,51.61947,2,2,2,18:50,-1,E09000010,3,0,1,0,1,"[4, 19]",5,1,0,0,0,1,0,1,0,0,0,4,22
2024010506841,2024,010506841,525858,177048,-0.18905,51.4784,3,3,5,10:10,-1,E09000013,3,0,1,0,1,19,7,3,"[0, 10]","[0, 1]","[0, 10]",0,1,0,1,0,0,4,25
2024010506843,2024,010506843,534650,181523,-0.06082,51.51659,3,3,4,12:30,-1,E09000030,6,0,9,-1,1,99,9,9,99,9,99,1,0,1,0,0,0,4,24
2024010506844,2024,010506844,532518,178734,-0.09257,51.49203,3,3,1,15:25,-1,E09000028,5,0,1,0,1,99,9,9,99,9,99,1,0,1,0,0,0,4,14
2024010506852,2024,010506852,512824,180441,-0.37557,51.51164,2,2,5,11:41,-1,E09000009,5,0,1,0,1,5,0,5,0,0,0,0,0,0,1,0,1,4,25
2024010506857,2024,010506857,521178,176302,-0.25666,51.47271,2,2,3,11:50,-1,E09000018,6,0,1,0,2,99,9,9,99,9,99,1,1,0,0,0,0,4,23
2024010506862,2024,010506862,532070,174087,-0.10076,51.45037,3,3,5,11:55,-1,E09000028,3,0,1,0,1,"[19, 9]","[1, 4]","[5, 1]",0,0,0,1,1,0,0,0,0,4,25
2024010506863,2024,010506863,529800,173336,-0.13368,51.44415,2,2,5,07:19,-1,E09000022,4,0,1,0,1,9,"[6, 8]","[4, 6]",0,7,0,1,1,0,0,0,0,4,25
2024010506868,2024,010506868,522893,184909,-0.22899,51.5497,3,3,5,09:20,-1,E09000005,6,0,1,0,1,99,9,9,99,9,99,1,0,1,0,0,0,4,25
2024010506869,2024,010506869,538671,181155,-0.00305,51.51231,3,3,3,09:00,-1,E09000030,3,2,2,1,1,99,9,9,99,9,99,0,0,1,0,0,0,4,16
2024010506870,2024,010506870,529037,180896,-0.14189,51.51226,3,3,5,08:20,-1,E09000033,4,0,1,0,1,99,9,9,99,9,99,1,1,0,0,0,0,4,25
2024010506874,2024,010506874,546417,166567,0.10247,51.37928,3,3,5,10:47,-1,E09000006,3,0,1,0,1,19,2,6,0,0,0,0,0,0,1,0,0,4,25
2024010506876,2024,010506876,515948,181235,-0.33031,51.51815,3,3,3,20:46,-1,E09000009,6,2,1,0,1,99,9,9,99,9,99,1,0,1,0,0,0,4,23
2024010506879,2024,010506879,535152,174111,-0.05642,51.44986,3,3,4,09:30,-1,E09000023,4,0,9,-1,1,99,9,9,99,9,99,1,0,1,0,0,0,4,24
2024010506880,2024,010506880,543655,184019,0.06989,51.5368,3,3,3,20:30,-1,E09000002,3,2,1,0,1,"[3, 19]","[3, 7]","[7, 3]",99,9,99,1,0,1,0,0,0,4,23
2024010506881,2024,010506881,536540,171825,-0.03734,51.42899,3,3,5,09:35,-1,E09000023,3,0,1,0,1,4,1,5,0,0,0,0,0,0,1,0,0,4,25
2024010506882,2024,010506882,533478,184901,-0.07642,51.54722,3,3,4,13:05,-1,E09000012,5,0,1,0,1,99,9,9,99,9,99,1,0,1,0,0,0,4,24
2024010506887,2024,010506887,537474,190982,-0.01645,51.60091,3,3,5,21:30,-1,E09000031,4,2,1,0,1,99,9,9,99,9,99,1,0,0,0,1,0,4,25
2024010506888,2024,010506888,520881,168042,-0.26375,51.39854,3,3,5,12:00,-1,E09000021,6,0,1,0,1,99,9,9,99,9,99,1,0,1,0,0,0,4,25
2024010506900,2024,010506900,523503,178620,-0.2224,51.49304,3,3,5,15:17,-1,E09000013,3,0,1,0,1,"[5, 3]",3,7,0,0,0,1,0,0,1,0,0,4,25
2024010506901,2024,010506901,524086,181881,-0.21286,51.52222,3,3,5,15:30,-1,E09000020,4,0,2,0,1,99,9,9,99,9,99,1,1,0,0,0,0,4,25
2024010506902,2024,010506902,511271,182510,-0.39729,51.53054,3,3,5,14:35,-1,E09000017,6,0,2,1,1,4,1,5,0,0,0,1,0,0,0,0,1,4,25
2024010506903,2024,010506903,523961,179793,-0.21539,51.50349,3,3,5,15:30,-1,E09000020,3,0,1,0,1,"[9, 15]","[3, 1]","[1, 5]",0,0,0,1,0,1,0,0,0,4,25
2024010506904,2024,010506904,533273,168513,-0.08555,51.4,3,3,5,16:35,-1,E09000008,6,0,2,1,1,"[9, 5]","[7, 3]","[5, 7]",0,0,0,1,0,1,0,0,0,4,25
2024010506909,2024,010506909,524490,181623,-0.20713,51.51982,2,2,7,21:00,-1,E09000020,6,2,1,0,1,99,9,9,99,9,99,0,0,1,0,0,1,4,6
2024010506910,2024,010506910,538354,180601,-0.00783,51.50741,2,2,5,16:20,-1,E09000030,3,0,2,1,1,7,"[3, 1]","[5, 4]",0,0,0,1,1,0,0,0,0,4,25
2024010506911,2024,010506911,524002,182084,-0.21399,51.52407,3,3,2,12:00,-1,E09000020,4,0,1,0,1,99,9,9,0,0,0,0,0,0,1,0,1,4,22
2024010506922,2024,010506922,528186,165132,-0.15985,51.37079,3,3,4,09:00,-1,E09000029,6,0,1,0,1,99,9,9,99,9,99,1,1,0,0,0,0,4,24
2024010506927,2024,010506927,551993,182317,0.18929,51.51933,3,3,5,16:00,-1,E09000016,4,0,1,1,2,"[9, 19]","[1, 3]","[8, 7]",0,0,0,1,0,0,0,0,0,4,25
2024010506931,2024,010506931,508746,188215,-0.43191,51.58231,3,3,5,15:45,-1,E09000017,3,0,1,0,1,19,5,1,0,0,0,0,0,0,1,0,0,4,25
2024010506933,2024,010506933,535033,169556,-0.05987,51.40896,2,2,5,19:00,-1,E09000006,3,0,2,1,1,19,1,5,0,0,0,1,0,1,0,0,1,4,25
2024010506935,2024,010506935,543188,179923,0.0615,51.50011,3,3,5,15:53,-1,E09000025,3,0,8,1,1,"[15, 4]",3,7,0,0,0,0,1,0,1,0,0,4,25
2024010506942,2024,010506942,547614,184352,0.12707,51.53877,3,3,5,16:55,-1,E09000002,5,0,9,-1,1,99,9,9,0,0,0,1,0,0,0,0,0,4,25
2024010506944,2024,010506944,539741,174814,0.00985,51.45507,3,3,5,16:24,-1,E09000023,6,0,1,0,1,1,7,1,0,0,0,1,0,0,0,0,1,4,25
2024010506945,2024,010506945,532549,192309,-0.08701,51.61401,3,3,5,18:15,-1,E09000010,3,0,2,1,1,19,5,1,0,0,0,1,0,0,0,0,1,4,25
2024010506948,2024,010506948,544610,186699,0.08475,51.56064,3,3,5,17:00,-1,E09000026,6,0,2,1,1,"[9, 19]","[3, 5]",1,0,0,0,1,0,0,0,0,0,4,25
2024010506952,2024,010506952,529822,181929,-0.13021,51.52137,3,3,5,19:44,-1,E09000007,6,2,8,1,1,"[10, 19]","[5, 3]","[2, 7]",0,0,0,1,1,0,0,0,0,4,25
2024010506953,2024,010506953,517830,167206,-0.30787,51.39167,3,3,5,16:09,-1,E09000021,4,0,2,1,1,19,7,3,11,0,0,0,0,1,0,0,1,4,25
2024010506955,2024,010506955,534022,180839,-0.07012,51.51059,3,3,5,18:15,-1,E09000030,4,0,2,1,1,99,9,9,99,9,99,0,1,0,0,0,0,4,25
2024010506957,2024,010506957,510284,172523,-0.41463,51.44097,3,3,5,17:33,-1,E09000018,3,0,2,1,1,5,"[7, 0]",3,0,0,0,1,0,1,0,0,0,4,25
2024010506960,2024,010506960,535309,197899,-0.04502,51.66359,3,3,5,19:00,-1,E09000010,3,0,1,0,1,"[9, 19]",5,"[3, 1]",0,0,0,1,1,0,0,0,0,4,25
2024010506962,2024,010506962,527953,188472,-0.15475,51.58059,3,3,5,17:44,-1,E09000014,3,0,8,1,1,19,"[5, 1]","[1, 5]",0,0,0,1,0,1,0,0,0,4,25
2024010506966,2024,010506966,526570,189939,-0.17417,51.59409,3,3,5,17:58,-1,E09000003,6,0,2,1,1,"[2, 19]","[0, 5, 1, 8]","[0, 1, 5, 4]",0,0,0,1,0,0,0,0,0,4,25
2024010506968,2024,010506968,529273,184049,-0.13734,51.54054,3,3,5,20:40,-1,E09000007,3,0,1,0,1,99,9,9,99,9,99,0,1,0,0,1,0,4,25
2024010506975,2024,010506975,535620,163864,-0.0536,51.35767,2,"[2, 3]",5,18:45,-1,E09000008,3,0,2,1,1,19,"[7, 3]","[3, 7]","[1, 0]",0,0,1,0,0,0,0,0,4,25
2024010506976,2024,010506976,546234,186992,0.10829,51.56285,3,3,5,12:30,-1,E09000026,3,0,1,0,1,99,9,9,99,9,99,1,0,1,0,0,0,4,25
2024010506980,2024,010506980,543542,185075,0.06869,51.54632,3,3,5,22:27,-1,E09000025,3,2,1,0,1,99,9,9,99,9,99,1,0,0,0,0,0,4,25
2024010506986,2024,010506986,534741,185112,-0.05813,51.54882,3,3,5,22:40,-1,E09000012,3,2,1,0,1,19,3,7,0,0,0,0,0,0,1,0,0,4,25
2024010506990,2024,010506990,528442,172052,-0.15367,51.43292,3,3,6,00:45,-1,E09000032,3,2,1,0,1,"[19, 9]","[1, 5]","[5, 2]",0,0,0,0,0,1,0,0,0,4,26
2024010507001,2024,010507001,507147,182833,-0.45662,51.53424,2,"[3, 2]",6,06:50,-1,E09000017,3,0,1,0,1,"[3, 19]",2,6,0,0,0,1,1,0,0,0,0,4,26
2024010507005,2024,010507005,526139,179654,-0.18408,51.50176,3,3,6,15:04,-1,E09000020,3,0,1,0,1,99,9,9,99,9,99,1,1,0,0,0,0,4,12
2024010507007,2024,010507007,521576,183315,-0.24852,51.53566,3,3,6,09:15,-1,E09000005,3,0,1,0,1,10,1,7,0,0,0,1,0,0,0,0,1,4,26
2024010507013,2024,010507013,551987,183393,0.18967,51.529,3,3,6,06:30,-1,E09000016,3,0,1,0,1,"[9, 19]",7,"[5, 3]",0,0,0,1,0,0,0,0,0,4,26
2024010507015,2024,010507015,540294,177268,0.01878,51.47698,3,3,7,19:32,-1,E09000011,4,0,1,0,1,19,3,7,0,9,0,1,0,0,0,0,1,4,20
2024010507016,2024,010507016,523598,177953,-0.22126,51.48703,3,3,5,21:15,-1,E09000013,3,0,9,0,1,99,9,9,99,9,0,0,1,0,0,0,1,4,25
2024010507020,2024,010507020,532439,177264,-0.09426,51.47884,3,3,5,15:45,-1,E09000028,3,0,9,0,1,4,"[1, 5]","[5, 1]",0,0,0,1,0,0,0,0,1,4,25
2024010507021,2024,010507021,523970,184226,-0.2137,51.54332,3,3,5,11:10,-1,E09000005,5,0,1,0,1,99,9,9,99,9,99,1,0,1,0,0,0,4,25
2024010507025,2024,010507025,509617,175515,-0.42329,51.468,3,3,6,07:20,-1,EHEATHROW,6,0,9,0,1,19,1,5,0,0,0,1,0,0,0,0,0,4,26