collision_index,collision_year,collision_ref_no,location_easting_osgr,location_northing_osgr,longitude,latitude,casualty_severity,casualty_severity,day_of_week,time,local_authority_district,local_authority_ons_district,first_road_class,light_conditions,weather_conditions,road_surface_conditions,urban_or_rural_area,vehicle_manoeuvre,vehicle_direction_from,vehicle_direction_to,hit_object_in_carriageway,vehicle_leaving_carriageway,hit_object_off_carriageway,is_car,is_cyle,is_mcyle,is_goodsv,is_other,is_pedestrian,month,day
2024010507027,2024,010507027,527566,171660,-0.16641,51.42959,3,3,5,19:50,-1,E09000032,3,2,9,0,1,"[15, 19]",1,5,0,0,0,1,1,0,0,0,0,4,25
2024010507032,2024,010507032,535787,176863,-0.04623,51.47444,3,3,5,19:00,-1,E09000023,3,0,2,1,1,"[19, 99]","[3, 9]","[7, 9]",99,9,99,1,0,1,0,0,0,4,25
2024010507034,2024,010507034,519375,188766,-0.27839,51.58512,3,3,4,16:15,-1,E09000005,3,0,1,0,1,99,9,9,99,9,99,0,0,0,0,1,0,4,24
2024010507037,2024,010507037,522580,175425,-0.23679,51.46453,3,3,4,17:30,-1,E09000032,6,0,9,-1,1,99,9,9,99,9,99,1,0,1,0,0,0,4,24
2024010507038,2024,010507038,526692,180771,-0.17571,51.51167,3,3,6,08:25,-1,E09000033,3,0,1,0,1,19,7,3,0,0,0,1,0,0,0,1,0,4,26
2024010507039,2024,010507039,519771,175698,-0.27712,51.46759,3,3,6,10:30,-1,E09000027,3,0,1,0,1,"[19, 5]","[5, 1]","[1, 5]",0,0,0,1,0,0,0,0,0,4,26
2024010507043,2024,010507043,537516,176886,-0.02134,51.47423,3,3,6,11:45,-1,E09000011,3,0,1,0,1,"[5, 19]",1,5,0,0,0,1,1,0,0,0,0,4,26
2024010507044,2024,010507044,536612,187352,-0.0303,51.5685,3,3,7,14:42,-1,E09000031,6,0,1,0,1,99,9,9,99,9,99,1,1,0,0,0,0,4,20
2024010507045,2024,010507045,531190,164545,-0.11694,51.36483,2,2,2,14:30,-1,E09000008,4,0,1,0,1,"[3, 14]",3,7,99,9,99,1,0,0,0,0,0,4,8
2024010507049,2024,010507049,528354,179753,-0.15215,51.50215,3,3,6,10:58,-1,E09000033,4,0,1,0,1,99,9,9,99,9,99,1,0,1,0,0,0,4,26
2024010507050,2024,010507050,525816,168499,-0.19269,51.40158,3,3,6,11:25,-1,E09000024,4,0,1,0,1,"[9, 19]","[7, 3]","[5, 7]",0,0,0,1,0,1,0,0,0,4,26
2024010507051,2024,010507051,541722,184142,0.04209,51.53839,3,3,6,08:26,-1,E09000025,4,0,1,0,1,19,5,1,0,3,0,1,0,0,0,0,1,4,26
2024010507052,2024,010507052,541183,178525,0.03208,51.48806,2,2,6,14:00,-1,E09000011,3,0,1,0,1,"[5, 3]",1,5,0,0,0,1,0,0,0,0,0,4,26
2024010507056,2024,010507056,530189,177829,-0.12643,51.48444,3,3,6,13:00,-1,E09000032,3,0,1,0,1,19,"[7, 5]","[3, 1]",0,0,0,1,0,0,0,0,0,4,26
2024010507057,2024,010507057,531763,188759,-0.09969,51.5823,3,3,5,20:45,-1,E09000014,3,2,1,0,1,4,5,1,0,0,0,0,0,0,1,0,1,4,25
2024010507059,2024,010507059,534555,191342,-0.05843,51.60485,3,3,5,09:05,-1,E09000014,6,2,9,-1,1,99,9,9,99,9,99,1,0,1,0,0,0,4,25
2024010507060,2024,010507060,525052,181060,-0.19923,51.51463,3,3,6,12:10,-1,E09000020,5,0,1,0,1,99,9,9,99,9,99,1,0,1,0,0,0,4,26
2024010507062,2024,010507062,535161,193326,-0.04892,51.62253,3,3,5,17:50,-1,E09000010,4,0,1,0,1,99,9,9,99,9,99,1,0,1,0,0,0,4,25
2024010507063,2024,010507063,527739,181681,-0.1603,51.51961,3,3,3,09:00,-1,E09000033,5,2,9,0,1,"[19, 99]","[3, 9]","[7, 9]",0,0,0,1,1,0,0,0,0,4,16
2024010507064,2024,010507064,534189,174480,-0.07013,51.45341,2,2,6,08:23,-1,E09000028,4,0,1,0,1,19,1,5,0,0,0,0,0,0,1,0,1,4,26
2024010507070,2024,010507070,530798,160652,-0.124,51.32993,3,3,5,08:45,-1,E09000008,6,0,1,0,1,99,9,9,99,9,99,1,0,0,0,0,0,4,18
2024010507074,2024,010507074,544497,188139,0.08372,51.57361,3,3,6,10:40,-1,E09000026,3,0,1,0,1,"[3, 19, 4]","[5, 1]","[1, 5]",0,0,0,1,0,0,0,0,0,4,26
2024010507081,2024,010507081,531002,192004,-0.10946,51.61163,3,3,1,15:20,-1,E09000010,3,0,1,0,1,99,9,9,99,9,99,1,0,0,0,0,1,3,31
2024010507082,2024,010507082,531593,168640,-0.10964,51.40153,2,2,6,15:50,-1,E09000008,6,0,1,0,1,19,7,3,0,0,0,0,0,1,0,0,1,4,26
2024010507086,2024,010507086,514778,183863,-0.34631,51.542,3,3,6,15:50,-1,E09000009,6,0,1,0,1,5,5,1,0,0,0,0,0,0,1,0,0,4,26
2024010507090,2024,010507090,525393,184170,-0.19321,51.54251,3,3,5,16:45,-1,E09000007,4,0,8,1,1,99,9,9,99,9,99,1,1,0,0,0,0,4,25
2024010507091,2024,010507091,516186,175963,-0.32862,51.47071,3,3,6,15:45,-1,E09000018,3,0,1,0,1,99,9,9,99,9,99,1,1,0,0,0,0,4,26
2024010507092,2024,010507092,532585,169891,-0.09492,51.41255,3,3,6,15:11,-1,E09000008,6,0,1,0,1,19,7,3,0,0,0,1,0,0,0,0,1,4,26
2024010507093,2024,010507093,526339,177276,-0.18205,51.48034,3,3,6,16:26,-1,E09000020,3,0,1,0,1,"[9, 19]","[5, 1]","[2, 5]",0,0,0,1,0,1,0,0,0,4,26
2024010507095,2024,010507095,536817,176371,-0.0316,51.46977,3,3,4,21:10,-1,E09000023,6,2,1,0,1,99,9,9,99,9,99,0,1,0,0,0,0,4,24
2024010507096,2024,010507096,532403,166479,-0.0988,51.38193,3,3,6,16:53,-1,E09000008,3,0,1,0,1,19,1,5,0,0,0,0,0,0,1,0,0,4,26
2024010507099,2024,010507099,531025,172342,-0.11643,51.43493,3,3,6,14:40,-1,E09000022,5,0,1,0,1,"[4, 19]",7,3,0,0,0,1,0,1,0,0,0,4,26
2024010507102,2024,010507102,531892,167513,-0.10576,51.39134,3,3,6,12:09,-1,E09000008,5,0,1,0,1,19,1,5,0,0,0,0,0,0,1,0,0,4,26
2024010507106,2024,010507106,526997,179026,-0.17195,51.49592,2,2,6,16:07,-1,E09000020,3,0,1,0,1,"[3, 6, 13]","[3, 4]","[7, 4]",0,0,0,1,0,1,0,0,0,4,26
2024010507108,2024,010507108,531464,166353,-0.11234,51.38101,3,3,6,17:55,-1,E09000008,3,0,1,0,1,5,3,7,0,0,0,1,0,0,0,0,1,4,26
2024010507113,2024,010507113,511893,171958,-0.39166,51.43558,3,3,6,15:25,-1,E09000018,3,0,1,0,1,"[19, 10]","[1, 3]","[5, 1]",0,0,0,1,0,1,0,0,0,4,26
2024010507119,2024,010507119,526401,179627,-0.18031,51.50145,3,3,6,17:24,-1,E09000033,3,0,1,0,1,99,9,9,99,9,99,0,1,0,0,0,0,4,26
2024010507124,2024,010507124,524346,175902,-0.21121,51.46843,3,3,6,17:35,-1,E09000013,3,0,1,0,1,"[9, 19]","[1, 5]","[8, 1]",0,0,0,0,1,0,1,0,0,4,26
2024010507126,2024,010507126,518145,170187,-0.30235,51.4184,3,3,6,17:50,-1,E09000021,6,0,1,0,1,"[9, 2]","[1, 0]","[6, 0]","[4, 0]",0,0,1,0,0,0,0,0,4,26
2024010507130,2024,010507130,519213,179453,-0.28388,51.50145,3,3,6,17:57,-1,E09000009,3,0,1,0,1,"[19, 6]","[1, 7]","[5, 7]",0,0,0,1,0,1,0,0,0,4,26
2024010507132,2024,010507132,524653,182589,-0.20444,51.52846,3,3,6,18:55,-1,E09000033,6,0,1,0,1,19,"[3, 7]","[7, 3]",0,0,0,1,0,0,0,0,0,4,26
2024010507133,2024,010507133,525200,177922,-0.19821,51.4864,3,3,6,18:08,-1,E09000013,6,0,1,0,1,9,1,6,0,0,0,1,0,0,0,0,1,4,26
2024010507136,2024,010507136,541480,188955,0.04054,51.5817,3,3,6,15:15,-1,E09000026,3,0,8,0,2,99,9,9,99,9,99,1,0,0,0,0,0,4,26
2024010507147,2024,010507147,523961,171093,-0.21844,51.4253,3,3,6,16:45,-1,E09000024,6,0,1,0,1,99,9,9,99,9,99,0,1,0,0,0,1,4,26
2024010507148,2024,010507148,531163,169535,-0.11548,51.40968,3,3,6,19:38,-1,E09000008,6,2,1,0,1,19,"[5, 1]","[1, 5]",0,0,0,0,1,1,0,0,0,4,26
2024010507153,2024,010507153,524368,181208,-0.20903,51.51611,3,3,6,20:35,-1,E09000020,4,2,1,0,1,"[19, 9]","[1, 5]","[5, 4]",0,0,0,0,0,1,0,0,0,4,26
2024010507155,2024,010507155,525372,177473,-0.19589,51.48233,3,3,6,13:45,-1,E09000013,6,0,1,0,1,99,9,9,0,0,0,1,0,0,0,0,1,4,26
2024010507174,2024,010507174,526233,181409,-0.1821,51.51751,3,3,6,23:09,-1,E09000033,3,2,1,0,1,9,"[6, 1]","[3, 6]",0,0,0,1,0,1,0,0,0,4,26
2024010507178,2024,010507178,536307,184749,-0.0357,51.54518,3,3,7,02:55,-1,E09000012,3,2,2,1,1,"[19, 10]",3,"[7, 8]",0,0,0,1,0,0,0,0,0,4,27
2024010507179,2024,010507179,530508,176486,-0.12234,51.47229,2,2,7,03:20,-1,E09000022,3,2,2,1,1,19,3,7,0,0,0,1,0,0,0,0,1,4,27
2024010507181,2024,010507181,545568,183421,0.09721,51.53094,3,3,5,21:50,-1,E09000002,3,2,1,0,1,"[19, 11]",7,3,0,0,0,1,0,0,0,0,0,4,25
2024010507185,2024,010507185,530613,187331,-0.11681,51.56973,3,3,7,03:28,-1,E09000019,5,2,2,1,1,19,6,2,0,0,0,1,0,0,0,0,1,4,27
2024010507186,2024,010507186,532414,177616,-0.09449,51.48201,3,3,6,14:20,-1,E09000028,3,0,1,0,1,"[5, 19]","[0, 5]",1,0,0,0,1,0,0,1,0,0,4,26
2024010507187,2024,010507187,529918,173756,-0.13183,51.4479,3,3,7,04:20,-1,E09000022,3,2,2,1,1,19,1,5,0,0,0,1,0,0,0,0,0,4,27
2024010507191,2024,010507191,529030,180920,-0.14199,51.51248,3,3,7,04:28,-1,E09000033,4,2,2,1,1,9,"[5, 2]","[2, 7]",0,0,0,1,0,0,0,0,0,4,27
2024010507192,2024,010507192,527823,171613,-0.16273,51.42911,3,3,6,22:50,-1,E09000032,6,2,1,0,1,"[2, 19]","[0, 1]","[0, 5]","[0, 4]",0,0,1,0,0,0,0,0,4,26
2024010507193,2024,010507193,528933,183626,-0.14239,51.53682,2,2,6,23:22,-1,E09000007,3,2,1,0,1,19,"[5, 8]","[1, 4]",0,0,0,0,1,1,0,0,0,4,26
2024010507203,2024,010507203,542572,180850,0.05301,51.5086,3,3,7,07:20,-1,E09000025,3,0,2,1,1,19,3,7,10,1,9,1,0,0,0,0,0,4,27
2024010507206,2024,010507206,540085,180734,0.01715,51.50818,3,3,7,08:16,-1,E09000025,6,0,1,0,1,7,1,4,0,0,0,1,0,0,0,0,1,4,27
2024010507210,2024,010507210,524286,189302,-0.20735,51.58887,3,3,7,10:49,-1,E09000003,3,0,1,1,1,19,1,5,0,0,0,1,0,1,0,0,0,4,27
2024010507211,2024,010507211,531652,180169,-0.1045,51.50513,3,3,6,16:00,-1,E09000028,3,0,8,0,1,99,9,9,99,9,99,1,1,0,0,0,0,4,26
2024010507212,2024,010507212,540794,182667,0.02813,51.52537,2,2,6,18:30,-1,E09000025,3,0,1,0,1,19,5,1,0,0,0,0,0,1,0,0,1,4,26
2024010507218,2024,010507218,527069,177980,-0.17129,51.4865,3,3,6,19:00,-1,E09000020,3,2,1,0,1,99,9,9,99,9,99,1,0,1,0,0,0,4,26
2024010507222,2024,010507222,509752,182662,-0.41913,51.53221,3,3,6,15:50,-1,E09000017,5,0,1,0,1,19,"[7, 5]","[3, 1]",0,0,0,1,1,0,0,0,0,4,26
2024010507224,2024,010507224,530182,181465,-0.12519,51.51711,3,3,7,12:10,-1,E09000007,3,0,1,1,1,19,3,7,0,0,0,0,0,0,1,0,1,4,27
2024010507238,2024,010507238,550762,189455,0.17462,51.58379,3,3,7,13:51,-1,E09000016,3,0,1,0,1,5,1,5,0,0,0,0,0,0,1,0,1,4,27
2024010507239,2024,010507239,529763,178668,-0.13226,51.49207,3,3,7,12:45,-1,E09000033,6,0,1,0,1,99,9,9,99,9,99,1,1,0,0,0,0,4,27
2024010507241,2024,010507241,527333,174569,-0.16871,51.45579,2,2,7,09:25,-1,E09000032,4,0,1,1,1,"[12, 19]","[5, 1]","[1, 5]",0,0,0,1,0,1,0,0,0,4,27
2024010507243,2024,010507243,548506,169996,0.1339,51.40955,3,3,7,06:00,-1,E09000006,3,0,2,1,2,99,9,9,99,9,99,1,0,0,0,0,0,4,27
2024010507244,2024,010507244,522800,184608,-0.23043,51.54701,3,3,5,08:50,-1,E09000005,3,0,1,0,1,99,9,9,99,9,99,1,1,0,0,0,0,4,25
2024010507248,2024,010507248,530160,179658,-0.12618,51.50088,3,3,7,14:46,-1,E09000033,3,0,2,0,1,4,3,7,0,0,0,0,0,0,1,0,0,4,27
2024010507250,2024,010507250,516683,180763,-0.31988,51.51375,3,3,7,12:23,-1,E09000009,4,0,1,0,1,9,3,1,0,0,0,1,0,0,0,0,1,4,27
2024010507251,2024,010507251,542533,184131,0.05377,51.53809,3,3,5,18:56,-1,E09000025,6,2,9,-1,1,99,9,9,99,9,99,1,0,1,0,0,0,4,25
2024010507256,2024,010507256,515487,184501,-0.33588,51.54759,3,3,7,11:35,-1,E09000009,6,0,1,0,1,"[19, 3]","[1, 3]","[5, 7]",0,0,0,1,0,0,0,0,0,4,27
2024010507263,2024,010507263,533698,181706,-0.07446,51.51846,3,3,7,15:20,-1,E09000030,3,0,1,0,1,99,9,9,99,9,99,1,0,0,0,0,0,4,27
2024010507265,2024,010507265,533889,168336,-0.07676,51.39827,3,3,2,11:42,-1,E09000008,3,0,1,0,1,99,9,9,99,9,99,1,1,0,0,0,0,1,15
2024010507268,2024,010507268,527026,179029,-0.17153,51.49594,3,3,7,16:24,-1,E09000020,3,0,1,0,1,9,5,2,0,0,0,0,0,1,0,0,1,4,27
2024010507270,2024,010507270,527502,179321,-0.16457,51.49846,3,3,6,18:00,-1,E09000020,6,0,1,0,1,99,9,9,99,9,99,1,0,1,0,0,0,4,26
2024010507278,2024,010507278,531459,190766,-0.10332,51.6004,3,3,7,13:18,-1,E09000014,6,0,1,0,1,19,"[1, 8]","[5, 4]",0,0,0,0,0,1,0,1,0,4,27
2024010507280,2024,010507280,519277,179517,-0.28294,51.50201,3,3,7,16:00,-1,E09000009,3,0,2,1,1,"[9, 14]",1,"[6, 5]",0,0,0,1,0,1,0,0,0,4,27
2024010507281,2024,010507281,521060,191584,-0.25311,51.61008,3,3,6,19:30,-1,E09000003,6,0,1,0,1,99,9,9,99,9,99,1,0,0,0,0,0,4,26
2024010507283,2024,010507283,521728,191332,-0.24356,51.60767,3,3,7,18:01,-1,E09000003,1,0,2,1,1,"[12, 19]",5,1,0,0,0,1,0,0,0,0,0,4,27
2024010507288,2024,010507288,530299,182959,-0.12296,51.53051,3,3,7,17:41,-1,E09000007,3,0,2,1,1,5,7,3,0,0,0,0,0,0,1,0,0,4,27
2024010507289,2024,010507289,532950,196574,-0.07961,51.65224,3,3,7,18:01,-1,E09000010,3,0,2,1,1,"[12, 19]",7,3,0,"[0, 7]",0,1,0,1,0,0,1,4,27
2024010507290,2024,010507290,534106,192419,-0.0645,51.61463,3,3,7,18:50,-1,E09000010,3,0,3,1,1,19,"[3, 5]","[7, 1]",0,0,0,1,0,0,0,0,0,4,27
2024010507291,2024,010507291,526827,183181,-0.1729,51.5333,3,3,7,18:11,-1,E09000033,3,0,2,1,1,19,4,8,0,0,0,1,0,1,0,0,1,4,27
2024010507297,2024,010507297,526053,174707,-0.18708,51.45732,2,2,7,18:30,-1,E09000032,3,2,2,1,1,"[3, 19]",3,7,0,0,0,1,0,1,0,0,0,4,27
2024010507299,2024,010507299,514182,190721,-0.35267,51.60376,3,3,7,13:30,-1,E09000015,5,0,1,0,1,99,9,9,99,9,99,1,0,0,0,0,0,4,27
2024010507300,2024,010507300,508775,178414,-0.43452,51.49422,3,3,7,15:59,-1,E09000017,1,0,1,0,1,"[11, 19]",7,3,0,0,0,1,0,0,0,0,0,4,27
2024010507307,2024,010507307,526872,162796,-0.17955,51.35009,3,3,7,21:14,-1,E09000029,5,2,2,1,1,19,5,1,0,1,2,1,0,0,0,0,0,4,27
2024010507314,2024,010507314,529982,192607,-0.12396,51.61729,3,3,7,21:20,-1,E09000010,4,2,2,1,1,19,5,1,0,0,0,1,0,0,0,0,0,4,27
2024010507315,2024,010507315,510600,179251,-0.40798,51.50138,3,3,7,22:19,-1,E09000017,3,2,2,1,1,"[19, 12]",1,5,0,0,0,1,0,0,0,0,0,4,27
2024010507320,2024,010507320,550351,177641,0.16365,51.47775,3,3,7,21:50,-1,E09000004,3,2,2,1,1,19,"[3, 5]","[7, 1]",0,"[0, 7]",0,1,0,0,0,0,0,4,27
2024010507324,2024,010507324,535187,177346,-0.05468,51.47893,3,3,7,23:39,-1,E09000028,3,2,2,1,1,"[5, 3]",3,7,0,0,0,1,0,1,0,0,0,4,27
2024010507328,2024,010507328,510260,174853,-0.41425,51.46192,2,2,7,21:50,-1,E09000018,3,2,2,1,1,19,8,4,0,"[7, 0]","[2, 0]",1,0,0,0,0,0,4,27
2024010507330,2024,010507330,531124,164234,-0.118,51.36205,3,3,7,09:41,-1,E09000008,3,0,1,0,1,99,9,9,99,9,99,1,0,0,0,0,0,4,27
2024010507333,2024,010507333,520045,182769,-0.27077,51.53108,2,"[3, 2]",7,22:23,-1,E09000005,5,2,2,1,1,5,7,3,0,0,0,1,0,0,0,0,0,4,27
2024010507336,2024,010507336,553086,175327,0.202,51.45623,1,1,7,22:32,-1,E09000004,3,2,2,1,2,19,"[3, 7]","[7, 3]","[0, 7]","[0, 7]","[0, 1]",1,0,0,1,0,0,4,27
2024010507338,2024,010507338,531822,188335,-0.099,51.57847,3,3,7,21:33,-1,E09000014,3,2,2,1,1,19,5,1,0,0,0,0,0,1,0,0,1,4,27
2024010507339,2024,010507339,517195,161466,-0.31888,51.34021,3,3,1,01:25,-1,E09000021,3,2,2,1,2,19,5,1,0,0,0,1,0,0,0,0,0,4,28
2024010507340,2024,010507340,540311,168997,0.01575,51.40265,3,3,1,02:11,-1,E09000006,5,2,2,1,1,19,1,5,10,0,0,1,0,0,0,0,0,4,28
2024010507345,2024,010507345,540936,175739,0.02741,51.46308,3,3,7,15:00,-1,E09000011,3,2,2,1,1,"[3, 12]",9,9,99,"[9, 0]","[99, 0]",1,0,0,0,0,0,4,27
2024010507346,2024,010507346,521393,183710,-0.25102,51.53925,3,3,1,01:05,-1,E09000005,3,2,2,1,1,19,6,2,0,0,0,0,0,1,0,0,1,4,28
2024010507347,2024,010507347,530068,182817,-0.12634,51.52929,2,"[3, 2]",1,00:35,-1,E09000007,5,2,2,1,1,"[3, 19]",1,5,"[0, 4]",0,0,1,0,0,0,0,0,4,28
2024010507350,2024,010507350,536714,174575,-0.03378,51.45366,3,3,1,03:35,-1,E09000023,5,2,2,1,1,"[19, 10]","[5, 7]","[1, 5]",0,0,0,1,0,0,0,0,0,4,28
2024010507351,2024,010507351,540834,177075,0.02648,51.47511,3,3,1,01:33,-1,E09000011,3,2,2,1,1,"[4, 6]","[3, 7]",7,0,0,0,1,0,1,0,0,0,4,28
2024010507357,2024,010507357,545708,186797,0.10062,51.56124,3,3,7,13:14,-1,E09000026,3,0,1,0,1,"[3, 19, 13]","[3, 7]","[7, 3]",0,0,0,1,0,0,0,0,0,4,27
2024010507359,2024,010507359,522429,165890,-0.24226,51.37887,3,3,1,05:50,-1,E09000029,3,0,2,1,1,"[6, 13]",8,"[8, 4]",0,0,0,1,0,0,0,0,0,4,28
2024010507360,2024,010507360,533592,186018,-0.07435,51.55723,3,3,7,19:50,-1,E09000012,3,0,2,1,1,99,9,9,99,9,99,1,0,0,0,0,1,4,27
2024010507362,2024,010507362,543969,185511,0.07503,51.55013,2,2,1,04:09,-1,E09000026,3,2,2,1,1,19,1,5,0,0,0,1,0,0,0,0,1,4,28
2024010507365,2024,010507365,545288,188425,0.09524,51.57597,3,3,7,22:59,-1,E09000026,3,2,2,1,1,19,3,7,0,0,0,1,0,0,0,0,0,4,27
2024010507374,2024,010507374,535747,164546,-0.05152,51.36377,3,3,1,10:10,-1,E09000008,5,0,2,1,1,19,1,5,0,1,2,1,0,0,0,0,0,4,28
2024010507375,2024,010507375,525637,188584,-0.18812,51.58212,3,3,6,12:30,-1,E09000003,6,0,9,-1,1,99,9,9,99,9,99,1,0,1,0,0,0,4,26
2024010507379,2024,010507379,533565,170835,-0.08048,51.4208,3,3,1,06:40,-1,E09000022,6,0,2,1,1,"[19, 2]","[1, 0]","[5, 0]","[4, 0]","[0, 7]",0,1,0,0,0,0,0,4,28
2024010507381,2024,010507381,537275,181958,-0.02284,51.51987,3,3,6,00:45,-1,E09000030,6,2,1,0,1,99,9,9,99,9,99,1,0,1,0,0,0,4,26
2024010507384,2024,010507384,531533,167044,-0.11109,51.38721,3,3,6,18:30,-1,E09000008,3,0,1,0,1,99,9,9,99,9,99,1,0,1,0,0,0,4,26
2024010507389,2024,010507389,522141,179145,-0.24182,51.49806,2,2,1,09:56,-1,E09000013,6,0,1,0,1,"[5, 19]","[0, 7]","[1, 7, 3]","[0, 8]",0,0,1,1,0,0,0,0,4,28
2024010507403,2024,010507403,533134,173778,-0.08557,51.44735,3,3,7,01:00,-1,E09000028,6,2,9,-1,1,19,9,9,99,9,99,1,0,1,0,0,0,4,27
2024010507404,2024,010507404,526267,178715,-0.18257,51.49329,3,3,1,14:36,-1,E09000020,6,0,2,1,1,19,7,3,0,0,0,1,1,0,0,0,0,4,28
2024010507408,2024,010507408,510898,180993,-0.40314,51.51698,3,3,1,15:30,-1,E09000017,3,0,1,0,1,"[3, 4]",1,5,"[4, 0]",0,0,1,0,0,0,0,0,4,28
2024010507409,2024,010507409,529715,165041,-0.13793,51.36962,2,"[3, 2]",1,15:30,-1,E09000029,3,0,1,1,1,19,3,7,10,7,2,1,0,0,0,0,0,4,28
2024010507412,2024,010507412,531036,164864,-0.11903,51.36773,3,3,1,14:45,-1,E09000008,3,0,1,0,1,"[19, 99]","[1, 9]","[5, 9]","[0, 99]","[0, 9]","[0, 99]",1,0,0,0,0,0,4,28
2024010507419,2024,010507419,532145,187500,-0.09465,51.57089,3,3,1,13:36,-1,E09000012,6,0,1,0,1,"[19, 2]","[7, 0]","[3, 0]",0,0,0,1,0,0,0,0,0,4,28
2024010507420,2024,010507420,535381,181844,-0.05016,51.5193,3,3,7,20:00,-1,E09000030,6,2,1,0,1,"[7, 9]","[7, 3]",1,0,0,0,1,0,1,0,0,0,4,20
2024010507424,2024,010507424,529173,185865,-0.13811,51.55689,3,3,1,17:40,-1,E09000019,3,0,1,0,1,"[19, 9]","[3, 1]",7,0,0,0,1,1,0,0,0,0,4,28
2024010507426,2024,010507426,508864,181836,-0.43218,51.52496,3,3,1,18:25,-1,E09000017,3,0,1,0,1,"[9, 19]","[1, 7]","[7, 3]",0,0,0,1,1,0,0,0,0,4,28
2024010507428,2024,010507428,533410,166274,-0.08442,51.37985,3,3,1,18:31,-1,E09000008,3,0,8,1,1,"[19, 2]","[5, 0, 3]","[1, 0, 7]",0,0,0,1,0,0,0,0,0,4,28
2024010507431,2024,010507431,531659,184217,-0.10289,51.5415,3,3,7,20:20,-1,E09000019,3,2,9,-1,1,99,9,9,99,8,99,0,0,1,0,0,0,4,27
2024010507433,2024,010507433,527818,190878,-0.15583,51.60225,3,3,1,18:58,-1,E09000014,6,0,1,0,1,"[1, 19]","[3, 5]","[7, 1]",0,0,0,1,0,0,0,0,0,4,28
2024010507434,2024,010507434,549084,184252,0.14821,51.53749,3,3,1,16:40,-1,E09000002,3,0,1,0,1,"[7, 19]",1,"[4, 5]",0,0,0,1,0,0,0,0,0,4,28
2024010507449,2024,010507449,539391,175205,0.00497,51.45867,3,3,1,13:50,-1,E09000023,3,0,1,1,1,5,0,1,0,0,0,0,0,0,1,0,0,4,28
2024010507450,2024,010507450,526319,171820,-0.18428,51.43131,3,3,1,19:21,-1,E09000032,4,0,1,0,1,99,9,9,99,9,99,1,1,0,0,0,0,4,28
2024010507451,2024,010507451,523604,181980,-0.21976,51.52322,3,3,1,20:03,-1,E09000020,5,0,1,0,1,19,3,7,0,0,0,1,0,1,0,0,0,4,28
2024010507452,2024,010507452,529031,183668,-0.14097,51.53718,2,2,1,20:28,-1,E09000007,3,2,1,0,1,19,3,7,0,3,0,0,0,1,0,0,1,4,28
2024010507453,2024,010507453,528782,178954,-0.14627,51.49487,2,"[3, 2]",4,08:20,-1,E09000033,3,0,1,0,1,"[99, 2]","[9, 0]","[9, 0]",99,9,99,1,1,0,1,1,0,4,24
2024010507454,2024,010507454,534613,185039,-0.06001,51.54819,3,3,1,21:32,-1,E09000012,6,2,1,0,1,"[9, 19]","[3, 7]","[1, 3]",0,"[0, 1]",0,1,1,0,0,0,0,4,28
2024010507457,2024,010507457,527119,195632,-0.16419,51.64513,3,3,1,14:48,-1,E09000003,3,0,1,1,1,"[19, 9]","[7, 5]",3,"[7, 0]",0,0,1,0,0,0,0,0,4,28
2024010507461,2024,010507461,548387,177708,0.13542,51.47887,3,3,6,08:50,-1,E09000004,6,0,1,0,1,99,9,9,99,9,99,1,0,0,0,0,0,4,26
2024010507468,2024,010507468,533276,182361,-0.08029,51.52445,3,3,1,23:57,-1,E09000012,3,2,1,0,1,19,"[5, 7]","[1, 3]",0,0,0,1,1,0,0,0,0,4,28
2024010507469,2024,010507469,521839,191968,-0.24173,51.61337,3,3,2,00:40,-1,E09000003,3,2,1,0,1,19,4,8,0,0,0,1,0,0,0,0,0,4,29
2024010507476,2024,010507476,535333,193724,-0.04628,51.62607,3,3,1,14:00,-1,E09000010,4,2,1,0,1,99,9,9,99,9,99,1,0,0,0,0,0,4,28
2024010507477,2024,010507477,540446,183150,0.02331,51.5298,3,3,1,22:48,-1,E09000025,3,2,1,0,1,"[3, 19]",3,7,0,0,0,1,0,0,0,0,0,4,28
2024010507479,2024,010507479,527121,176050,-0.17123,51.46915,3,3,1,22:50,-1,E09000032,5,2,1,0,1,"[4, 9]","[5, 7]","[1, 5]",0,0,0,0,1,0,1,0,0,4,28
2024010507480,2024,010507480,519997,190140,-0.26895,51.59733,2,2,2,01:27,-1,E09000005,6,2,1,0,1,"[2, 19]","[0, 5]","[0, 1]","[0, 4]",0,0,1,0,0,0,0,0,4,29
2024010507482,2024,010507482,510616,178722,-0.40791,51.49663,3,3,1,23:50,-1,E09000018,6,2,1,0,1,19,"[7, 5]","[3, 1]",0,0,0,1,1,0,0,0,0,4,28
2024010507486,2024,010507486,543020,183665,0.0606,51.53378,3,3,5,15:43,-1,E09000025,3,2,9,-1,1,99,9,9,99,9,99,1,0,1,0,0,0,4,25
2024010507488,2024,010507488,527645,164899,-0.1677,51.36882,3,3,2,06:42,-1,E09000029,4,0,1,0,1,99,9,9,99,9,99,1,0,0,0,0,0,4,29
2024010507489,2024,010507489,526092,191757,-0.18042,51.61053,3,3,2,07:56,-1,E09000003,3,0,1,0,1,7,5,6,0,0,0,1,0,0,0,0,1,4,29