collision_index,collision_year,collision_ref_no,location_easting_osgr,location_northing_osgr,longitude,latitude,casualty_severity,casualty_severity,day_of_week,time,local_authority_district,local_authority_ons_district,first_road_class,light_conditions,weather_conditions,road_surface_conditions,urban_or_rural_area,vehicle_manoeuvre,vehicle_direction_from,vehicle_direction_to,hit_object_in_carriageway,vehicle_leaving_carriageway,hit_object_off_carriageway,is_car,is_cyle,is_mcyle,is_goodsv,is_other,is_pedestrian,month,day
2024010507490,2024,010507490,534444,174435,-0.06648,51.45294,3,3,6,07:00,-1,E09000028,6,2,9,-1,1,99,9,9,99,9,99,1,0,1,0,0,0,4,26
2024010507493,2024,010507493,531194,168101,-0.11557,51.39678,3,3,6,18:35,-1,E09000008,3,0,1,0,1,99,9,9,99,9,99,1,0,1,0,0,0,4,26
2024010507494,2024,010507494,530743,169373,-0.12158,51.40832,3,3,2,07:15,-1,E09000008,3,0,1,0,1,19,5,1,0,0,0,1,0,0,0,0,0,4,29
2024010507496,2024,010507496,528875,164077,-0.15034,51.36115,3,3,6,13:45,-1,E09000029,3,0,9,-1,1,99,9,9,99,9,99,1,0,1,0,0,0,4,26
2024010507498,2024,010507498,522643,166196,-0.23908,51.38157,3,3,6,15:25,-1,E09000029,6,0,1,0,1,99,9,9,99,9,99,1,0,1,0,0,0,4,26
2024010507504,2024,010507504,523166,184149,-0.22532,51.54281,3,3,7,13:00,-1,E09000005,5,2,9,-1,1,"[5, 19]",9,9,99,9,99,1,0,1,0,0,0,4,27
2024010507507,2024,010507507,514093,176242,-0.35865,51.47365,3,3,5,15:30,-1,E09000018,6,0,2,1,1,99,9,9,99,9,99,1,0,0,0,0,1,4,25
2024010507510,2024,010507510,548812,187367,0.14561,51.56555,3,3,2,07:45,-1,E09000002,3,0,1,0,1,99,9,9,99,9,99,0,1,0,0,0,0,4,29
2024010507513,2024,010507513,532402,183898,-0.0923,51.53846,3,3,1,14:25,-1,E09000019,3,0,2,1,1,99,9,9,99,9,99,1,1,0,0,0,0,4,28
2024010507515,2024,010507515,511062,184513,-0.39967,51.54859,3,3,2,08:04,-1,E09000017,3,0,1,0,1,99,9,9,99,9,99,1,0,0,0,0,0,4,29
2024010507521,2024,010507521,553572,184953,0.21318,51.54258,3,3,2,09:50,-1,E09000016,5,0,1,0,1,19,5,1,7,7,10,1,0,0,0,0,0,4,29
2024010507524,2024,010507524,530902,168730,-0.11953,51.4025,3,3,7,21:40,-1,E09000008,6,2,1,0,1,99,9,9,99,9,99,1,0,1,0,0,0,4,27
2024010507534,2024,010507534,534637,185201,-0.0596,51.54964,3,3,6,14:50,-1,E09000012,3,0,9,-1,1,99,9,9,99,9,99,1,0,1,0,0,0,4,26
2024010507535,2024,010507535,522748,184611,-0.23118,51.54705,3,3,6,12:26,-1,E09000005,3,2,9,-1,1,99,9,9,99,9,99,1,0,1,0,0,0,4,26
2024010507541,2024,010507541,528923,183910,-0.14243,51.53938,3,3,4,07:15,-1,E09000007,3,0,1,-1,1,99,9,9,99,9,99,0,1,0,0,0,1,4,24
2024010507547,2024,010507547,535342,179258,-0.05172,51.49607,3,3,7,15:00,-1,E09000028,3,0,1,0,1,99,9,9,99,9,99,1,0,1,0,0,0,4,27
2024010507552,2024,010507552,529437,176305,-0.13781,51.47091,3,3,1,17:00,-1,E09000022,3,0,1,0,1,99,9,9,99,9,99,1,0,0,0,0,0,4,28
2024010507555,2024,010507555,549828,186298,0.1598,51.55567,3,3,2,12:48,-1,E09000002,3,0,1,0,1,4,5,1,"[4, 0]",0,0,1,0,0,0,0,0,4,29
2024010507560,2024,010507560,533680,187958,-0.07234,51.57465,3,3,2,13:02,-1,E09000012,3,0,1,0,1,4,5,1,0,0,0,1,0,0,0,0,0,4,29
2024010507569,2024,010507569,527895,174578,-0.16063,51.45574,3,3,6,19:30,-1,E09000032,6,0,9,-1,1,99,9,9,99,9,99,1,0,1,0,0,0,4,26
2024010507577,2024,010507577,522128,195556,-0.23631,51.64555,3,3,2,14:49,-1,E09000003,3,0,4,0,1,19,6,2,0,0,0,1,0,0,0,0,1,4,29
2024010507580,2024,010507580,529456,158594,-0.14399,51.31174,3,3,2,10:15,-1,E09000008,3,0,1,0,1,19,5,1,0,1,11,1,0,0,0,0,0,4,29
2024010507587,2024,010507587,529248,186936,-0.13664,51.56649,3,3,1,18:02,-1,E09000019,4,0,1,0,1,99,9,9,99,9,99,1,1,0,0,0,0,4,28
2024010507588,2024,010507588,533341,194677,-0.07468,51.6351,3,3,7,12:00,-1,E09000010,6,0,1,0,1,99,9,9,99,9,99,1,0,1,0,0,0,4,27
2024010507591,2024,010507591,534651,181516,-0.0608,51.51653,3,3,7,10:30,-1,E09000030,6,0,1,1,1,99,9,9,99,9,99,1,0,1,0,0,0,4,27
2024010507592,2024,010507592,532262,179580,-0.09594,51.49969,3,3,2,14:10,-1,E09000028,3,0,1,0,1,"[19, 99]",9,9,99,9,99,1,1,0,0,0,0,4,29
2024010507594,2024,010507594,549941,174177,0.15628,51.44674,3,3,2,07:13,-1,E09000004,3,0,1,0,1,99,9,9,99,9,99,1,1,0,0,0,0,4,29
2024010507595,2024,010507595,524384,189292,-0.20594,51.58876,3,3,1,20:40,-1,E09000003,3,2,1,0,1,99,9,9,99,9,99,1,0,0,0,0,0,4,28
2024010507601,2024,010507601,530972,165800,-0.11961,51.37616,2,"[3, 2]",2,15:45,-1,E09000008,3,0,1,0,1,"[19, 9]","[8, 4]","[4, 3]",0,0,0,1,0,1,0,0,0,4,29
2024010507604,2024,010507604,518182,169467,-0.30206,51.41192,2,2,2,11:00,-1,E09000021,6,0,1,0,1,19,8,4,0,0,0,0,1,0,0,0,1,4,29
2024010507606,2024,010507606,529349,176243,-0.1391,51.47038,3,3,2,17:41,-1,E09000022,3,0,1,0,1,"[9, 19]","[1, 5]","[7, 1]",0,0,0,1,1,0,0,0,0,4,29
2024010507609,2024,010507609,532239,190714,-0.09209,51.59975,3,3,2,16:33,-1,E09000014,3,0,1,0,1,5,0,1,0,0,0,0,0,0,1,0,0,4,29
2024010507612,2024,010507612,529557,192425,-0.13016,51.61575,2,2,2,17:15,-1,E09000010,3,0,1,0,1,"[9, 13]","[7, 3]","[4, 7]",0,"[0, 7]","[0, 10]",1,0,1,0,0,0,4,29
2024010507614,2024,010507614,542806,187057,0.05889,51.56431,3,3,7,14:30,-1,E09000026,6,0,1,0,1,19,"[1, 7]","[5, 3]",99,0,0,1,0,1,0,0,0,4,27
2024010507616,2024,010507616,532334,178233,-0.09541,51.48757,3,3,2,17:02,-1,E09000028,3,0,1,0,1,"[19, 9]","[5, 1]","[1, 6]",0,0,0,1,0,1,0,0,0,4,29
2024010507619,2024,010507619,508114,191237,-0.4401,51.6096,2,2,2,14:51,-1,E09000017,3,0,1,0,1,5,3,7,0,0,0,0,0,0,1,0,0,4,29
2024010507622,2024,010507622,549834,192224,0.16241,51.60892,3,3,2,15:20,-1,E09000016,6,0,1,0,1,"[2, 19, 5]","[0, 3]","[0, 7]","[0, 4]",0,0,1,0,0,1,0,0,4,29
2024010507624,2024,010507624,517727,188968,-0.3021,51.58728,3,3,2,17:45,-1,E09000005,3,0,1,0,1,9,"[1, 7]","[6, 4]",0,0,0,1,0,1,0,0,0,4,29
2024010507628,2024,010507628,520433,178524,-0.26663,51.49284,2,2,2,17:10,-1,E09000018,4,0,1,0,1,19,1,5,0,0,0,1,0,0,0,0,1,4,29
2024010507634,2024,010507634,520881,191186,-0.25583,51.60654,3,3,2,15:39,-1,E09000003,6,0,1,0,1,19,4,8,0,0,0,1,0,0,0,0,1,4,29
2024010507636,2024,010507636,527128,175160,-0.17145,51.46115,3,3,2,19:04,-1,E09000032,5,0,1,0,1,"[19, 4]",5,1,0,"[0, 1]",0,1,0,1,0,0,1,4,29
2024010507637,2024,010507637,520936,192980,-0.25442,51.62266,3,3,2,18:00,-1,E09000003,3,0,1,0,1,19,5,1,0,0,0,0,0,1,0,0,0,4,29
2024010507638,2024,010507638,517217,172273,-0.315,51.43734,3,3,2,16:00,-1,E09000027,6,0,1,0,1,19,7,3,0,0,0,1,0,0,0,0,1,4,29
2024010507640,2024,010507640,529787,168452,-0.13565,51.40026,3,3,2,08:37,-1,E09000024,6,0,1,0,1,99,9,9,99,9,99,1,0,0,0,0,0,4,29
2024010507641,2024,010507641,524388,184976,-0.20741,51.54997,3,3,2,18:30,-1,E09000005,3,0,1,0,1,99,9,9,99,9,99,1,0,1,0,0,0,4,29
2024010507642,2024,010507642,532697,184998,-0.08764,51.54828,3,3,2,20:18,-1,E09000019,3,0,1,0,1,"[4, 19]",5,1,0,0,0,1,1,0,0,0,0,4,29
2024010507643,2024,010507643,539316,179692,0.00566,51.49901,3,3,2,19:26,-1,E09000011,6,0,1,0,1,"[19, 3]",9,9,99,9,99,1,1,0,0,0,0,4,29
2024010507655,2024,010507655,530096,164837,-0.13254,51.3677,3,3,2,20:45,-1,E09000029,4,2,1,0,1,5,8,4,0,0,0,1,0,1,0,0,0,4,29
2024010507656,2024,010507656,521359,174364,-0.25472,51.45526,2,2,2,17:10,-1,E09000032,6,0,1,0,1,99,9,9,99,9,99,1,1,0,0,0,0,4,29
2024010507657,2024,010507657,530135,186353,-0.12406,51.56105,3,3,4,19:40,-1,E09000019,3,2,1,0,1,99,9,9,99,9,99,0,1,0,0,0,1,4,10
2024010507658,2024,010507658,526047,166635,-0.19003,51.38477,3,3,2,15:46,-1,E09000029,3,0,1,0,1,"[12, 19]",4,8,0,0,0,1,0,0,0,0,0,4,29
2024010507670,2024,010507670,526018,166577,-0.19047,51.38426,3,3,1,21:27,-1,E09000029,3,2,1,0,1,"[7, 19]","[2, 5]","[5, 1]",0,0,0,1,0,0,0,0,0,4,28
2024010507672,2024,010507672,538940,184357,0.00209,51.54102,3,3,2,20:42,-1,E09000025,3,2,1,0,1,5,7,3,0,0,0,1,0,0,0,0,1,4,29
2024010507673,2024,010507673,531366,178056,-0.10941,51.48621,3,3,2,17:30,-1,E09000022,6,0,1,0,1,"[19, 2, 3]","[1, 0, 5]","[5, 0, 1]","[4, 0]",0,0,1,0,0,0,0,0,4,29
2024010507677,2024,010507677,510134,180221,-0.41439,51.51019,3,3,2,16:00,-1,E09000017,5,0,1,0,1,4,7,3,0,0,0,1,0,0,0,0,1,4,29
2024010507678,2024,010507678,542953,182107,0.059,51.5198,3,3,2,21:50,-1,E09000025,3,2,1,0,1,19,5,"[1, 7]",0,0,0,1,1,0,0,0,0,4,29
2024010507684,2024,010507684,521631,181045,-0.24851,51.51524,3,3,2,23:23,-1,E09000013,5,2,1,0,1,"[2, 19]","[0, 3]","[0, 7]","[0, 4]",0,0,1,0,0,0,0,0,4,29
2024010507685,2024,010507685,516157,180289,-0.32761,51.5096,3,3,2,23:57,-1,E09000009,3,2,1,0,1,"[19, 9]","[3, 5]","[7, 3]",0,"[0, 3]",0,1,0,0,0,0,0,4,29
2024010507690,2024,010507690,524324,168715,-0.21405,51.40385,2,2,2,09:00,-1,E09000024,4,0,1,0,1,"[5, 9]",1,"[5, 7]",0,0,0,1,1,0,0,0,0,4,29
2024010507691,2024,010507691,529995,180358,-0.12829,51.50721,3,3,3,07:01,-1,E09000033,3,0,1,0,1,"[19, 4]",3,7,0,0,0,1,0,1,0,0,0,4,30
2024010507692,2024,010507692,531037,164461,-0.11917,51.36411,3,3,2,09:05,-1,E09000008,4,0,1,0,1,"[9, 13]",5,"[2, 1]",0,0,0,1,0,1,0,0,0,4,29
2024010507694,2024,010507694,532269,189188,-0.09223,51.58603,3,3,2,16:20,-1,E09000014,3,0,1,0,1,99,9,9,99,9,99,1,0,0,0,0,0,4,29
2024010507698,2024,010507698,524076,178752,-0.2141,51.49411,2,2,3,07:28,-1,E09000013,3,0,1,0,1,99,9,9,99,"[9, 0]","[99, 0]",1,1,0,0,0,0,4,30
2024010507701,2024,010507701,529011,171011,-0.14587,51.42343,3,3,1,11:00,-1,E09000032,6,0,9,-1,1,99,9,9,99,9,99,1,0,1,0,0,0,4,28
2024010507705,2024,010507705,527232,189598,-0.16475,51.59088,3,3,5,12:45,-1,E09000003,3,0,1,0,1,"[99, 19]","[9, 1]","[9, 5]","[99, 0]","[9, 0]","[99, 0]",1,0,1,0,0,0,4,25
2024010507706,2024,010507706,532542,163921,-0.09776,51.35891,3,3,7,23:10,-1,E09000008,3,0,1,0,1,99,9,9,99,9,99,1,0,1,0,0,0,4,27
2024010507707,2024,010507707,520314,186717,-0.26555,51.5665,2,2,3,08:26,-1,E09000005,3,0,1,0,1,13,1,5,0,0,0,0,0,1,0,0,1,4,30
2024010507710,2024,010507710,539505,184088,0.01012,51.53846,3,3,3,07:32,-1,E09000025,4,0,1,0,1,"[2, 19]","[0, 3]","[0, 7]","[4, 0]",0,0,1,0,0,0,0,0,4,30
2024010507712,2024,010507712,546184,178349,0.10398,51.48521,3,3,5,23:26,-1,E09000011,3,2,1,0,1,19,5,1,11,1,99,1,0,0,0,0,0,4,18
2024010507713,2024,010507713,524758,183084,-0.20275,51.53289,3,3,3,09:10,-1,E09000005,4,0,1,0,1,19,7,3,0,"[0, 3]",0,1,0,1,0,0,0,4,30
2024010507714,2024,010507714,544009,178928,0.07292,51.49097,3,3,3,07:41,-1,E09000011,3,0,1,0,1,"[5, 9]","[3, 7]","[7, 5]",0,0,0,1,0,0,0,0,0,4,30
2024010507721,2024,010507721,532607,192584,-0.08607,51.61647,3,3,2,13:15,-1,E09000010,3,0,1,0,1,99,9,9,99,9,99,1,0,1,0,0,0,4,29
2024010507723,2024,010507723,528860,180190,-0.1447,51.50596,3,3,2,13:40,-1,E09000033,3,0,1,0,1,99,9,9,99,9,99,0,0,1,0,0,1,4,29
2024010507725,2024,010507725,532862,168286,-0.09154,51.39806,2,2,3,08:27,-1,E09000008,4,0,1,0,1,"[9, 10]","[7, 6]","[6, 3]","[11, 0]",0,0,1,1,0,0,0,0,4,30
2024010507733,2024,010507733,520481,173980,-0.26748,51.45199,2,2,3,10:10,-1,E09000027,6,0,1,0,2,7,3,5,0,0,0,0,1,0,0,0,0,4,30
2024010507735,2024,010507735,523014,181746,-0.22835,51.52124,3,3,2,19:49,-1,E09000013,6,0,1,0,1,7,7,2,0,0,0,0,0,1,0,0,0,4,29
2024010507737,2024,010507737,536836,187732,-0.02692,51.57186,3,3,1,12:08,-1,E09000031,3,0,1,0,1,99,9,9,99,9,99,1,0,1,0,0,0,4,28
2024010507738,2024,010507738,529831,176762,-0.13198,51.47493,2,2,3,08:56,-1,E09000022,3,0,1,0,1,"[2, 19]","[0, 5]","[0, 1]",0,0,0,1,1,0,1,0,0,4,30
2024010507747,2024,010507747,516425,174434,-0.32568,51.45692,3,3,3,08:25,-1,E09000027,3,0,1,0,1,"[13, 9]",7,"[3, 5]",0,0,0,1,0,1,0,0,0,4,30
2024010507751,2024,010507751,533546,189001,-0.07388,51.58405,3,3,3,13:17,-1,E09000014,3,0,1,0,1,"[2, 14]","[0, 7]","[0, 3]","[0, 4]","[1, 0]",0,1,0,0,0,0,0,4,30
2024010507752,2024,010507752,521305,193568,-0.24889,51.62786,3,3,5,03:00,-1,E09000003,6,0,1,0,1,99,9,9,99,9,99,1,0,0,0,0,0,4,25
2024010507754,2024,010507754,518123,173908,-0.30143,51.45184,3,3,3,13:05,-1,E09000027,3,0,1,0,1,19,7,3,0,0,0,1,0,0,0,0,1,4,30
2024010507755,2024,010507755,544159,183047,0.07676,51.52794,3,3,3,13:45,-1,E09000025,6,0,1,0,2,"[4, 19]","[5, 6]","[1, 2]",0,0,0,1,0,0,0,0,0,4,30
2024010507757,2024,010507757,541283,176855,0.03285,51.47303,3,3,2,14:30,-1,E09000011,6,0,1,0,1,"[19, 5]",9,9,99,9,99,1,0,1,0,0,0,4,29
2024010507765,2024,010507765,530352,175439,-0.12497,51.46292,3,3,3,16:30,-1,E09000022,6,0,1,0,1,99,9,9,99,9,99,1,1,0,0,0,0,4,23
2024010507767,2024,010507767,548756,183083,0.14299,51.52707,3,3,3,06:50,-1,E09000002,3,0,1,0,1,"[15, 11]",3,7,0,0,0,1,0,1,0,0,0,4,30
2024010507774,2024,010507774,551888,176434,0.18525,51.4665,3,3,3,12:10,-1,E09000004,5,0,9,-1,1,99,9,9,99,9,99,1,0,1,0,0,0,4,30
2024010507784,2024,010507784,521147,172008,-0.25858,51.43413,3,3,3,15:50,-1,E09000021,6,0,1,0,1,19,1,5,0,0,0,0,0,0,1,0,0,4,30
2024010507789,2024,010507789,526791,171605,-0.17757,51.42927,3,3,3,12:45,-1,E09000032,6,0,9,-1,1,"[5, 99]",9,9,99,9,99,1,0,1,0,0,0,4,30
2024010507790,2024,010507790,546262,185703,0.10815,51.55126,3,3,3,15:35,-1,E09000002,6,0,1,0,1,19,4,8,0,0,0,0,1,0,0,0,1,4,30
2024010507791,2024,010507791,518058,168928,-0.30402,51.4071,2,2,3,16:34,-1,E09000021,3,0,1,0,1,19,"[5, 7]","[1, 3]","[9, 0]",0,0,1,0,0,1,0,0,4,30
2024010507796,2024,010507796,522335,173794,-0.24088,51.44993,3,3,3,16:50,-1,E09000032,3,0,1,0,1,"[19, 9]","[1, 5]","[5, 3]",0,0,0,1,1,0,0,0,0,4,30
2024010507799,2024,010507799,527653,183346,-0.16094,51.5346,3,3,3,16:40,-1,E09000033,6,0,1,0,1,19,3,7,0,0,0,1,1,0,0,0,0,4,30
2024010507801,2024,010507801,533313,164164,-0.0866,51.36091,3,3,5,08:30,-1,E09000008,5,0,8,0,1,99,9,9,99,9,99,1,0,0,0,0,0,4,18
2024010507803,2024,010507803,531983,174284,-0.10193,51.45216,3,3,3,14:25,-1,E09000022,3,0,1,0,1,99,9,9,99,9,99,1,1,0,0,0,0,4,30
2024010507805,2024,010507805,522471,179193,-0.23705,51.49842,3,3,1,04:59,-1,E09000013,4,2,9,-1,1,"[99, 2]","[9, 0]","[9, 0]","[99, 4]","[9, 1]",99,1,0,0,0,0,0,4,28
2024010507813,2024,010507813,528834,170851,-0.14847,51.42204,3,3,6,11:30,-1,E09000032,6,0,1,0,1,99,9,9,99,9,99,1,0,1,0,0,0,4,26
2024010507814,2024,010507814,507665,179855,-0.45006,51.50738,3,3,2,08:00,-1,E09000017,3,0,1,0,1,99,9,9,99,9,99,1,0,0,0,0,0,4,29
2024010507816,2024,010507816,533171,196810,-0.07633,51.65431,3,3,3,17:48,-1,E09000010,5,0,1,0,1,"[19, 9]","[1, 5]","[5, 3]",0,0,0,1,0,1,0,0,0,4,30
2024010507818,2024,010507818,532318,186728,-0.09245,51.56391,2,2,3,16:40,-1,E09000012,3,0,1,0,1,"[7, 19]",1,"[3, 5]",0,0,0,1,1,0,0,0,0,4,30
2024010507821,2024,010507821,517388,172120,-0.31259,51.43593,2,2,3,15:40,-1,E09000027,6,0,1,0,1,1,6,2,0,0,0,1,0,0,0,0,1,4,30
2024010507822,2024,010507822,530949,175141,-0.11649,51.46011,3,3,3,19:00,-1,E09000022,3,0,1,0,1,99,9,9,99,9,99,1,1,0,0,0,0,4,23
2024010507828,2024,010507828,523077,175308,-0.22968,51.46337,2,2,3,18:00,-1,E09000032,3,0,1,0,1,"[7, 19]","[4, 3]","[5, 7]",0,0,0,1,1,0,0,0,0,4,30
2024010507831,2024,010507831,541924,188307,0.04668,51.57577,3,3,2,17:40,-1,E09000026,3,0,1,0,1,99,9,9,99,9,99,1,0,0,0,0,0,4,29
2024010507832,2024,010507832,528111,192971,-0.15083,51.62099,3,3,3,07:50,-1,E09000003,6,0,1,0,1,19,3,7,0,0,0,1,0,0,0,0,1,4,30
2024010507833,2024,010507833,509962,175529,-0.41832,51.46806,3,3,3,19:25,-1,EHEATHROW,6,0,1,0,1,"[19, 4]",2,6,0,0,0,1,0,0,0,0,0,4,30
2024010507835,2024,010507835,512328,185743,-0.38102,51.55939,3,3,3,18:18,-1,E09000017,5,0,1,0,1,5,8,4,0,0,0,1,0,1,0,0,0,4,30
2024010507838,2024,010507838,543872,182439,0.07237,51.52255,2,2,3,17:10,-1,E09000025,3,0,1,0,1,"[19, 9]","[2, 6]","[6, 4]",0,0,0,1,0,1,0,0,0,4,30
2024010507842,2024,010507842,507523,178591,-0.45249,51.49605,3,3,3,18:20,-1,E09000017,1,0,1,0,1,"[19, 9]","[1, 7, 3]","[5, 3, 1]",0,0,0,1,0,0,0,0,0,4,30
2024010507844,2024,010507844,527284,164255,-0.17312,51.36311,3,3,3,17:28,-1,E09000029,3,0,1,0,1,"[9, 19]",7,"[6, 3]",0,0,0,1,0,1,0,0,0,4,30
2024010507853,2024,010507853,542944,182216,0.05892,51.52078,3,3,3,18:27,-1,E09000025,3,0,1,0,1,"[11, 19, 12]",3,7,0,0,0,1,0,1,0,0,0,4,30
2024010507854,2024,010507854,537700,177679,-0.01839,51.48131,3,3,3,20:25,-1,E09000011,3,0,1,0,1,99,9,9,99,9,99,1,1,0,0,0,0,4,30
2024010507855,2024,010507855,533351,187922,-0.0771,51.5744,3,3,3,19:27,-1,E09000012,3,0,1,0,1,"[19, 3]","[7, 1]","[3, 5]",0,0,0,1,1,0,0,0,0,4,30
2024010507857,2024,010507857,529096,184039,-0.13989,51.5405,3,3,3,20:13,-1,E09000007,3,0,1,0,1,19,"[7, 1]","[3, 5]",0,0,0,1,0,0,0,0,0,4,30
2024010507860,2024,010507860,547799,170535,0.12396,51.41457,3,3,3,18:50,-1,E09000004,3,0,1,0,1,"[9, 19]","[1, 6]","[6, 2]",0,0,0,1,0,0,0,0,0,4,30
2024010507866,2024,010507866,523197,174205,-0.22834,51.45343,3,3,3,21:46,-1,E09000032,6,2,1,0,1,"[19, 5]","[1, 5]","[5, 1]",0,0,0,1,0,1,0,0,0,4,30
2024010507867,2024,010507867,515932,181068,-0.3306,51.51665,3,3,3,15:04,-1,E09000009,6,0,1,0,1,"[19, 13]","[3, 7]","[7, 3]",0,"[0, 1]",0,1,0,1,0,0,0,4,30
2024010507873,2024,010507873,519823,182213,-0.27416,51.52613,3,3,3,12:05,-1,E09000009,3,0,1,0,1,99,9,9,99,9,99,1,0,0,0,0,0,4,30
2024010507876,2024,010507876,533139,197453,-0.07654,51.6601,3,3,2,15:55,-1,E09000010,6,0,1,0,1,99,9,9,99,9,99,1,0,1,0,0,0,4,29
2024010507881,2024,010507881,521582,166739,-0.25413,51.38668,3,3,3,19:03,-1,E09000021,5,0,1,0,1,"[19, 7]","[5, 4]","[1, 7]",0,0,0,0,1,1,0,0,0,4,30
2024010507882,2024,010507882,537923,178807,-0.01474,51.49139,2,2,4,02:49,-1,E09000030,5,2,1,0,1,19,1,5,0,1,4,0,0,1,0,0,0,5,1
2024010507883,2024,010507883,515868,170474,-0.33499,51.42145,2,2,3,08:49,-1,E09000027,4,0,1,0,1,"[9, 19]",7,"[5, 3]",0,0,0,1,1,0,0,0,0,4,16
2024010507884,2024,010507884,507451,175801,-0.45438,51.47098,3,3,4,05:15,-1,EHEATHROW,6,0,1,0,1,19,5,1,0,0,0,0,0,1,0,0,1,5,1
2024010507885,2024,010507885,522547,187367,-0.23312,51.57186,3,3,4,00:57,-1,E09000003,3,2,1,0,1,"[19, 7]",1,"[5, 4]","[0, 10]","[0, 1]","[0, 11]",1,0,0,0,0,0,5,1
2024010507886,2024,010507886,540709,172737,0.02295,51.43616,3,3,3,15:05,-1,E09000023,5,0,1,0,1,99,9,9,99,9,99,1,1,0,0,0,0,4,30
2024010507888,2024,010507888,532603,167250,-0.09565,51.38881,3,3,7,15:00,-1,E09000008,3,0,1,0,1,99,9,9,99,9,99,1,0,0,0,0,0,3,9
2024010507889,2024,010507889,512476,188170,-0.37811,51.58118,2,2,4,07:34,-1,E09000015,6,0,1,0,1,7,"[1, 7]","[3, 1]",0,0,0,1,1,0,0,0,0,5,1
2024010507891,2024,010507891,542811,182761,0.05722,51.52571,3,3,3,18:04,-1,E09000025,6,0,1,0,1,99,9,9,99,9,99,1,0,1,0,0,0,4,30
2024010507900,2024,010507900,527620,182557,-0.1617,51.52751,2,"[2, 3]",4,07:45,-1,E09000033,6,0,1,0,1,19,1,5,0,0,0,0,1,0,0,0,1,5,1
2024010507905,2024,010507905,530315,182937,-0.12273,51.53031,3,3,4,08:22,-1,E09000007,3,0,1,0,1,"[4, 19]","[7, 3]","[3, 7]","[0, 4]",0,0,0,1,0,1,0,0,5,1
2024010507908,2024,010507908,531679,164933,-0.10977,51.3682,3,3,4,08:15,-1,E09000008,3,0,1,0,1,"[19, 3]",5,1,"[4, 0]",0,0,1,0,0,1,0,0,5,1
2024010507914,2024,010507914,545231,178626,0.09038,51.48794,3,3,3,17:13,-1,E09000011,3,0,9,-1,1,"[19, 99]","[3, 9]","[7, 9]",99,9,"[0, 99]",1,1,0,0,0,0,4,23
2024010507917,2024,010507917,539657,186043,0.01309,51.55599,3,3,4,08:30,-1,E09000031,5,0,9,-1,1,99,9,9,99,9,99,1,1,0,0,0,0,5,1
2024010507919,2024,010507919,538269,186288,-0.00682,51.55853,3,3,3,20:25,-1,E09000031,3,0,1,0,1,99,9,9,99,9,99,1,1,0,0,0,0,4,30
2024010507920,2024,010507920,529457,180315,-0.13606,51.50695,3,3,3,14:00,-1,E09000033,6,0,9,-1,1,99,9,9,99,9,99,1,0,1,0,0,0,4,30
2024010507921,2024,010507921,528139,187494,-0.15243,51.57176,3,3,4,08:33,-1,E09000014,4,0,1,0,1,"[9, 14]","[1, 7]","[7, 3]",0,0,0,1,0,1,0,0,0,5,1
2024010507922,2024,010507922,523870,182497,-0.21575,51.52781,2,2,4,10:37,-1,E09000033,3,0,1,0,1,19,4,8,0,0,0,1,0,0,0,0,1,5,1
2024010507934,2024,010507934,524572,182535,-0.20562,51.52799,3,3,3,16:57,-1,E09000033,6,0,1,0,1,99,9,9,99,9,99,1,0,1,0,0,0,4,30
2024010507938,2024,010507938,533882,168329,-0.07687,51.3982,3,3,4,11:23,-1,E09000008,3,0,1,0,1,19,7,3,0,0,0,0,0,0,1,0,0,5,1
2024010507940,2024,010507940,541517,174627,0.03532,51.45295,3,3,3,20:20,-1,E09000011,6,0,1,0,1,99,9,9,99,9,99,1,0,0,0,0,0,4,30
2024010507941,2024,010507941,525675,195707,-0.18502,51.64612,3,3,3,15:00,-1,E09000003,6,0,1,0,1,99,9,9,99,9,99,1,0,1,0,0,0,4,30
2024010507943,2024,010507943,529149,185858,-0.13846,51.55683,3,3,3,11:30,-1,E09000007,3,0,1,0,1,99,9,9,99,9,99,0,1,0,0,0,1,4,30
2024010507948,2024,010507948,529099,180809,-0.14103,51.51147,3,3,4,12:23,-1,E09000033,5,0,1,0,1,99,9,9,99,9,99,1,0,0,0,0,1,5,1
2024010507951,2024,010507951,535349,180923,-0.05098,51.51103,3,3,2,18:30,-1,E09000030,4,0,1,0,1,99,9,9,99,9,99,1,1,0,0,0,0,4,29
2024010507952,2024,010507952,528743,181983,-0.14573,51.5221,3,3,3,19:37,-1,E09000033,3,0,1,0,1,99,9,9,99,9,99,1,1,0,0,0,0,4,30
2024010507958,2024,010507958,523403,185946,-0.22127,51.55891,3,3,3,09:40,-1,E09000005,6,0,1,0,1,99,9,9,99,9,99,1,0,1,0,0,0,4,30
2024010507961,2024,010507961,548461,173898,0.13488,51.44462,3,3,3,08:00,-1,E09000004,4,0,1,0,1,99,9,9,99,9,99,1,0,0,0,0,0,4,30
2024010507963,2024,010507963,553955,190091,0.22094,51.58864,3,3,2,13:10,-1,E09000016,6,0,9,-1,1,99,9,9,99,9,99,1,0,1,0,0,0,4,29