collision_index,collision_year,collision_ref_no,location_easting_osgr,location_northing_osgr,longitude,latitude,casualty_severity,casualty_severity,day_of_week,time,local_authority_district,local_authority_ons_district,first_road_class,light_conditions,weather_conditions,road_surface_conditions,urban_or_rural_area,vehicle_manoeuvre,vehicle_direction_from,vehicle_direction_to,hit_object_in_carriageway,vehicle_leaving_carriageway,hit_object_off_carriageway,is_car,is_cyle,is_mcyle,is_goodsv,is_other,is_pedestrian,month,day
2024010507966,2024,010507966,519054,185048,-0.28428,51.55177,2,2,4,11:04,-1,E09000005,3,0,1,0,1,"[7, 15]","[6, 4]",8,0,0,0,1,0,1,0,0,0,5,1
2024010507967,2024,010507967,534242,166398,-0.07243,51.38077,3,3,4,09:00,-1,E09000008,3,0,1,0,1,"[4, 14]",1,5,0,0,0,1,0,0,0,0,0,5,1
2024010507969,2024,010507969,527202,184490,-0.16703,51.54498,3,3,4,08:30,-1,E09000007,6,0,9,-1,1,99,9,9,99,9,99,1,0,1,0,0,0,5,1
2024010507972,2024,010507972,525603,171893,-0.19455,51.43213,3,3,4,09:28,-1,E09000024,3,0,1,0,1,99,9,9,99,9,99,1,0,0,0,0,1,5,1
2024010507977,2024,010507977,539720,181633,0.01225,51.51635,3,3,4,13:40,-1,E09000025,3,0,1,0,1,"[12, 19]",7,3,0,0,0,1,0,1,0,0,0,5,1
2024010507978,2024,010507978,516320,188089,-0.32269,51.57967,3,3,4,15:00,-1,E09000015,3,0,9,0,1,19,7,3,0,0,0,0,1,0,0,0,1,4,17
2024010507980,2024,010507980,526239,178434,-0.18307,51.49077,3,3,4,11:29,-1,E09000020,3,0,1,0,1,"[3, 9]",3,"[7, 1]",0,0,0,0,1,0,1,0,0,5,1
2024010507982,2024,010507982,526259,196391,-0.17634,51.65214,3,3,3,15:25,-1,E09000003,6,0,9,-1,1,99,9,9,99,9,99,1,0,1,0,0,0,4,30
2024010507985,2024,010507985,525233,177461,-0.1979,51.48225,3,3,4,01:58,-1,E09000013,6,0,8,0,1,99,9,9,99,9,99,1,0,0,0,0,1,5,1
2024010507987,2024,010507987,522944,178765,-0.23039,51.49447,3,3,3,20:19,-1,E09000013,3,0,1,0,1,99,9,9,99,9,99,1,0,1,0,0,0,4,30
2024010507991,2024,010507991,530005,173961,-0.1305,51.44972,3,3,4,13:20,-1,E09000022,6,0,1,0,1,"[9, 14]","[8, 3]","[5, 7]",0,0,0,1,1,0,0,0,0,5,1
2024010507992,2024,010507992,530367,181146,-0.12265,51.51421,3,3,3,17:40,-1,E09000033,4,0,1,0,1,99,9,9,99,9,99,1,1,0,0,0,0,4,30
2024010507993,2024,010507993,534915,183042,-0.05642,51.53018,3,3,3,19:10,-1,E09000030,3,0,9,-1,1,99,9,9,99,9,99,1,1,0,0,0,0,4,23
2024010507994,2024,010507994,527168,182231,-0.16833,51.52468,3,3,4,15:15,-1,E09000033,4,0,1,0,1,"[3, 19]",1,5,"[0, 4]",0,0,1,1,0,0,0,0,5,1
2024010507996,2024,010507996,517971,181066,-0.30123,51.51621,3,3,4,08:25,-1,E09000009,5,0,8,0,1,99,9,9,99,9,99,1,0,0,0,0,1,5,1
2024010507997,2024,010507997,531051,197969,-0.10652,51.66523,3,3,3,07:18,-1,E09000010,3,0,1,0,1,99,9,9,99,9,99,1,0,0,0,0,0,4,30
2024010508003,2024,010508003,530430,173093,-0.12471,51.44182,2,2,3,09:14,-1,E09000022,3,0,1,0,1,99,9,9,99,9,99,1,0,1,0,0,0,4,30
2024010508008,2024,010508008,528401,159185,-0.15891,51.31729,3,3,4,15:10,-1,E09000008,4,0,1,0,1,7,3,5,99,9,99,1,0,0,0,0,1,5,1
2024010508009,2024,010508009,519970,179468,-0.27297,51.50143,3,3,4,16:45,-1,E09000009,5,0,1,0,1,9,3,8,0,0,0,1,0,0,0,0,1,5,1
2024010508017,2024,010508017,521129,183837,-0.25478,51.54044,3,3,4,16:50,-1,E09000005,3,0,1,0,1,19,4,8,0,0,0,0,0,1,0,0,1,5,1
2024010508023,2024,010508023,510529,174352,-0.41053,51.45737,3,3,2,23:00,-1,E09000018,3,2,1,0,1,99,9,9,99,9,99,1,0,0,0,0,0,4,29
2024010508025,2024,010508025,530637,179289,-0.11944,51.49745,3,3,4,15:55,-1,E09000022,3,0,9,-1,1,99,9,9,99,9,99,1,0,0,0,0,1,5,1
2024010508028,2024,010508028,527693,179629,-0.16171,51.50118,3,3,4,12:10,-1,E09000033,3,0,1,0,1,99,9,9,99,9,99,1,0,0,0,0,0,5,1
2024010508032,2024,010508032,529452,170114,-0.13986,51.41527,3,3,5,15:50,-1,E09000022,4,0,2,1,1,99,9,9,99,9,99,1,0,1,0,0,0,4,25
2024010508033,2024,010508033,531436,184894,-0.10585,51.54764,3,3,4,18:15,-1,E09000019,3,0,1,0,1,"[7, 12]",5,"[7, 1]",0,0,0,1,1,0,0,0,0,5,1
2024010508034,2024,010508034,547483,174521,0.12108,51.45047,3,3,4,17:45,-1,E09000004,3,0,1,0,1,99,9,9,99,9,99,1,0,1,0,0,0,5,1
2024010508037,2024,010508037,531016,175277,-0.11547,51.46131,2,2,1,10:00,-1,E09000022,3,0,9,0,1,19,5,1,0,0,0,0,0,0,0,0,1,4,28
2024010508039,2024,010508039,514343,173331,-0.35599,51.44743,3,3,4,18:15,-1,E09000027,3,0,1,0,1,4,1,5,10,0,0,1,0,0,0,0,0,5,1
2024010508041,2024,010508041,536999,192718,-0.02262,51.61662,3,3,4,17:57,-1,E09000031,6,0,1,0,1,"[2, 19]","[0, 7]","[0, 3]",0,0,0,1,0,0,0,0,1,5,1
2024010508043,2024,010508043,538459,173612,-0.00905,51.44458,3,3,4,18:00,-1,E09000023,6,0,1,0,1,5,1,5,0,0,0,1,0,0,0,0,0,5,1
2024010508047,2024,010508047,542418,185354,0.05261,51.54911,3,3,4,12:30,-1,E09000025,6,0,1,-1,1,"[19, 4]",1,5,0,0,0,1,0,0,0,0,0,5,1
2024010508049,2024,010508049,519064,183375,-0.2847,51.53673,3,3,4,19:59,-1,E09000009,3,0,1,0,1,"[19, 12]",3,7,"[10, 0]",0,0,1,0,0,0,0,0,5,1
2024010508053,2024,010508053,530289,193968,-0.11902,51.62945,3,3,4,07:30,-1,E09000010,3,0,1,0,1,99,9,9,99,9,99,1,0,0,0,0,1,5,1
2024010508055,2024,010508055,532946,169197,-0.08999,51.40622,3,3,5,06:10,-1,E09000008,3,2,1,1,1,99,9,9,99,"[0, 9]","[0, 99]",1,0,1,0,0,0,4,18
2024010508058,2024,010508058,543125,177625,0.05966,51.47948,2,2,4,20:05,-1,E09000011,3,0,9,0,1,"[19, 9]","[1, 3]","[5, 1]",0,0,0,1,0,1,0,0,0,5,1
2024010508060,2024,010508060,513697,172970,-0.3654,51.44432,3,3,3,07:00,-1,E09000027,4,2,2,-1,1,99,9,9,99,9,99,1,0,1,0,0,0,3,26
2024010508063,2024,010508063,535171,181967,-0.05314,51.52045,3,3,4,18:50,-1,E09000030,3,0,8,0,1,99,9,9,99,9,99,1,0,1,0,0,0,5,1
2024010508066,2024,010508066,537361,179862,-0.02242,51.50101,3,3,4,19:41,-1,E09000030,5,0,1,0,1,"[14, 10]","[7, 1]","[3, 6]",0,0,0,1,0,1,0,0,0,5,1
2024010508071,2024,010508071,533660,187102,-0.07296,51.56696,3,3,4,17:05,-1,E09000012,3,0,1,0,1,"[7, 4]","[5, 1]","[7, 5]",0,0,0,1,1,0,0,0,0,5,1
2024010508072,2024,010508072,546057,175470,0.10097,51.45937,2,2,4,20:30,-1,E09000004,5,2,1,0,1,19,6,2,10,1,11,0,0,1,0,0,0,5,1
2024010508073,2024,010508073,543934,180891,0.07264,51.50862,3,3,4,15:30,-1,E09000025,6,0,1,0,2,19,1,5,0,0,0,1,0,0,0,0,1,5,1
2024010508078,2024,010508078,534436,180911,-0.06413,51.51114,3,3,4,18:37,-1,E09000030,4,0,1,0,1,99,9,9,99,9,99,1,1,0,0,0,0,5,1
2024010508080,2024,010508080,539969,181712,0.01587,51.517,3,3,4,23:00,-1,E09000025,3,2,1,0,1,19,7,3,0,0,0,1,0,1,0,0,0,5,1
2024010508081,2024,010508081,533212,171553,-0.08528,51.42733,2,2,4,22:00,-1,E09000022,5,2,1,0,1,"[2, 19]","[0, 5]","[0, 1]","[0, 4]","[0, 7]",0,1,1,0,0,0,0,5,1
2024010508082,2024,010508082,516468,186432,-0.3211,51.56475,3,3,4,22:44,-1,E09000005,3,2,2,1,1,99,9,9,99,9,99,1,0,1,0,0,0,5,1
2024010508083,2024,010508083,549652,178247,0.15385,51.48338,3,3,4,17:10,-1,E09000004,6,0,1,0,1,19,"[5, 1]","[1, 5]",0,0,0,1,1,0,0,0,0,5,1
2024010508086,2024,010508086,530604,185855,-0.11749,51.55647,2,2,4,19:25,-1,E09000019,3,0,9,-1,1,99,9,9,0,0,0,1,0,0,0,0,1,5,1
2024010508087,2024,010508087,536824,187471,-0.02719,51.56952,3,3,7,11:30,-1,E09000031,3,0,1,-1,1,15,2,6,0,0,0,0,0,0,0,0,1,4,27
2024010508091,2024,010508091,514306,182749,-0.35347,51.53209,3,3,3,15:07,-1,E09000009,6,0,1,0,1,"[3, 19]",1,5,0,0,0,1,0,0,0,0,0,4,30
2024010508094,2024,010508094,538690,190088,0.00075,51.59258,2,2,5,05:20,-1,E09000031,3,0,1,1,1,"[19, 7]","[1, 3]",5,0,0,0,1,0,1,0,0,0,5,2
2024010508097,2024,010508097,532979,167285,-0.09023,51.38903,3,3,4,12:57,-1,E09000008,3,0,1,0,1,"[19, 9]","[1, 3]","[5, 1]",0,0,0,1,0,1,0,0,0,5,1
2024010508098,2024,010508098,534217,181591,-0.06703,51.5173,3,3,5,06:46,-1,E09000030,3,0,1,1,1,"[3, 15]",3,7,0,0,0,1,0,0,0,0,0,5,2
2024010508106,2024,010508106,524837,189406,-0.19937,51.58969,3,3,5,07:54,-1,E09000003,3,0,2,1,1,19,"[3, 1]","[7, 5]",0,0,0,1,0,0,0,0,0,5,2
2024010508110,2024,010508110,533406,189032,-0.07589,51.58436,3,3,3,19:45,-1,E09000014,3,2,9,-1,1,99,9,9,99,9,99,1,0,1,0,0,0,4,30
2024010508111,2024,010508111,530650,180737,-0.11872,51.51046,3,3,5,06:37,-1,E09000033,3,0,8,1,1,"[11, 19]",5,1,0,0,0,0,1,0,1,0,0,5,2
2024010508116,2024,010508116,520696,186384,-0.26015,51.56343,3,3,6,21:10,-1,E09000005,3,2,1,0,1,"[99, 3]","[9, 8]","[9, 4]","[99, 0]",9,0,1,0,0,0,0,0,4,26
2024010508121,2024,010508121,520968,193100,-0.25392,51.62373,3,3,5,09:49,-1,E09000003,3,0,2,1,1,19,1,5,0,"[0, 1]",0,1,0,0,0,0,0,5,2
2024010508130,2024,010508130,531133,192853,-0.10725,51.61923,3,3,5,08:40,-1,E09000010,3,0,1,0,1,99,9,9,99,9,99,1,1,0,0,0,0,5,2
2024010508135,2024,010508135,526710,183323,-0.17454,51.5346,3,3,5,07:30,-1,E09000033,3,0,1,0,1,99,9,9,99,9,99,1,0,0,1,0,0,5,2
2024010508139,2024,010508139,523492,178622,-0.22255,51.49306,3,3,4,18:30,-1,E09000013,3,0,9,-1,1,99,9,9,99,9,99,1,1,0,0,0,0,5,1
2024010508141,2024,010508141,532987,177839,-0.08616,51.48388,3,3,4,12:00,-1,E09000028,4,0,9,-1,1,99,9,9,99,9,99,1,0,1,0,0,0,5,1
2024010508144,2024,010508144,534865,179560,-0.05847,51.4989,2,2,4,19:20,-1,E09000028,3,0,1,0,1,"[9, 15]","[3, 7]","[1, 3]",0,0,0,1,0,0,0,0,0,5,1
2024010508145,2024,010508145,520351,166785,-0.2718,51.38736,3,3,5,10:20,-1,E09000021,3,0,1,0,1,"[4, 19]",1,5,"[0, 10]",0,0,1,0,0,0,0,0,5,2
2024010508146,2024,010508146,543153,187698,0.06416,51.56999,2,"[2, 3]",5,06:48,-1,E09000026,3,0,1,1,1,"[19, 9]","[7, 3]","[3, 1]",0,0,0,1,0,0,0,0,0,5,2
2024010508150,2024,010508150,513647,176390,-0.36502,51.47507,3,3,5,10:04,-1,E09000018,3,0,1,0,1,19,5,1,0,0,0,1,0,0,0,0,0,5,2
2024010508151,2024,010508151,529735,176609,-0.13341,51.47358,3,3,5,06:43,-1,E09000022,3,0,1,0,1,19,5,1,0,0,0,1,1,0,0,0,0,5,2
2024010508152,2024,010508152,514168,190737,-0.35287,51.60391,3,3,4,15:45,-1,E09000015,5,0,8,0,1,99,9,9,99,9,99,1,1,0,0,0,0,5,1
2024010508160,2024,010508160,526072,170837,-0.18818,51.42253,3,3,4,14:24,-1,E09000024,3,0,1,0,1,19,5,1,0,0,0,1,0,0,0,0,0,5,1
2024010508161,2024,010508161,540494,176983,0.02155,51.47437,3,3,5,12:00,-1,E09000011,3,0,1,0,1,9,6,3,0,0,0,0,0,0,1,0,0,5,2
2024010508164,2024,010508164,556539,192710,0.25938,51.61146,3,3,5,08:50,-1,E09000016,1,0,1,1,2,"[3, 19]",1,5,0,0,0,1,0,0,0,0,0,5,2
2024010508166,2024,010508166,540538,177235,0.02228,51.47663,3,3,5,12:00,-1,E09000011,4,0,1,0,1,"[12, 19]",3,7,0,0,0,1,0,1,0,0,0,5,2
2024010508167,2024,010508167,531451,188822,-0.10417,51.58293,3,3,5,13:30,-1,E09000014,6,0,1,0,1,"[2, 4]","[0, 5]","[0, 1]","[0, 4]",0,0,1,0,0,0,0,1,5,2
2024010508171,2024,010508171,522695,182849,-0.23256,51.53123,2,2,7,16:50,-1,E09000013,6,0,1,0,1,"[99, 19]","[9, 3]","[9, 7]",99,9,99,1,0,0,0,0,0,4,20
2024010508175,2024,010508175,531023,185365,-0.11163,51.55197,3,3,5,13:28,-1,E09000019,3,0,1,0,1,13,5,1,0,0,0,0,0,1,0,0,1,5,2
2024010508183,2024,010508183,520593,181805,-0.2632,51.5223,3,3,5,13:53,-1,E09000009,3,0,1,0,1,"[5, 19, 3]",7,3,0,0,0,1,0,0,0,0,0,5,2
2024010508185,2024,010508185,530324,170458,-0.1272,51.41817,3,3,5,12:40,-1,E09000022,3,0,1,0,1,"[9, 19]","[1, 5]","[6, 1]",0,0,0,1,0,1,0,0,0,5,2
2024010508186,2024,010508186,549634,186640,0.15715,51.5588,3,3,5,12:00,-1,E09000002,3,0,1,0,1,"[3, 9]",1,"[5, 7]",0,0,0,1,0,0,0,0,0,5,2
2024010508190,2024,010508190,510873,176513,-0.4049,51.47672,3,3,5,08:45,-1,E09000018,3,0,9,0,1,"[8, 19, 9]","[5, 1]","[8, 1, 7]",0,0,0,1,0,0,0,0,0,5,2
2024010508193,2024,010508193,539687,187634,0.01415,51.57028,3,3,4,17:20,-1,E09000031,3,0,1,0,1,99,9,9,99,9,99,1,0,0,0,0,0,5,1
2024010508196,2024,010508196,529362,175207,-0.1393,51.46106,3,3,4,08:30,-1,E09000022,3,0,9,-1,1,99,9,9,99,0,0,1,1,0,0,0,0,5,1
2024010508199,2024,010508199,516270,177360,-0.32695,51.48325,3,3,5,12:51,-1,E09000018,3,0,1,0,1,"[19, 9]","[3, 5]","[7, 3]",0,0,0,1,0,0,0,1,0,5,2
2024010508205,2024,010508205,538031,186588,-0.01014,51.56129,3,3,5,13:30,-1,E09000031,3,0,1,0,1,99,9,9,99,9,99,1,1,0,0,0,0,5,2
2024010508206,2024,010508206,531917,179042,-0.10111,51.49494,3,3,4,18:15,-1,E09000028,3,0,9,-1,1,99,9,9,99,9,99,0,1,1,0,0,0,5,1
2024010508209,2024,010508209,550930,189209,0.17693,51.58154,3,3,5,16:24,-1,E09000016,3,0,1,0,1,19,5,1,0,0,0,0,0,0,1,0,0,5,2
2024010508215,2024,010508215,516280,187747,-0.32338,51.5766,3,3,3,07:45,-1,E09000005,6,0,1,0,1,99,9,9,99,9,99,1,0,0,0,0,1,4,30
2024010508219,2024,010508219,522142,183055,-0.24045,51.5332,3,3,5,16:27,-1,E09000005,3,0,1,0,1,19,8,4,0,"[0, 3]",0,1,0,0,0,0,0,5,2
2024010508227,2024,010508227,546257,178313,0.10502,51.48486,3,3,5,15:25,-1,E09000011,3,0,1,0,1,99,9,9,99,9,99,1,0,0,0,0,0,5,2
2024010508231,2024,010508231,538664,184419,-0.00186,51.54164,3,3,5,15:11,-1,E09000025,3,0,1,0,1,19,5,1,0,0,0,1,0,0,0,0,1,5,2
2024010508240,2024,010508240,553680,192655,0.2181,51.61175,3,3,5,17:30,-1,E09000016,5,0,1,0,1,"[19, 6]","[4, 6, 5]","[8, 2, 5]",0,0,0,1,0,1,0,0,0,5,2
2024010508242,2024,010508242,545424,176175,0.09215,51.46587,3,3,5,17:00,-1,E09000004,6,0,1,0,1,"[19, 7]","[3, 6]","[7, 1]",0,0,0,1,0,0,0,0,0,5,2
2024010508246,2024,010508246,509656,178864,-0.42169,51.49809,3,3,5,15:36,-1,E09000017,6,0,1,0,1,"[7, 4]",5,"[8, 1]",0,0,0,1,0,1,0,0,0,5,2
2024010508248,2024,010508248,526421,181208,-0.17946,51.51566,3,3,5,08:30,-1,E09000033,5,0,1,1,1,99,9,9,99,9,99,1,1,0,0,0,0,5,2
2024010508252,2024,010508252,529047,181106,-0.14167,51.51415,2,2,5,18:45,-1,E09000033,3,0,1,0,1,5,0,1,0,0,0,0,0,0,1,0,0,5,2
2024010508254,2024,010508254,535008,185716,-0.05405,51.55418,3,3,5,18:30,-1,E09000012,3,0,1,0,1,"[5, 7]","[5, 7]","[1, 2]",0,0,0,1,0,1,0,0,0,5,2
2024010508255,2024,010508255,540950,175544,0.02753,51.46133,3,3,3,18:47,-1,E09000011,6,0,1,0,1,99,9,9,0,0,0,1,0,0,0,0,1,4,30
2024010508260,2024,010508260,539478,185255,0.0102,51.54895,3,3,5,11:20,-1,E09000025,6,0,1,0,1,"[2, 99]",9,9,"[99, 8]",9,99,1,1,0,0,0,0,5,2
2024010508264,2024,010508264,523860,182716,-0.21582,51.52978,2,2,4,09:50,-1,E09000005,4,0,1,0,1,"[15, 19]",1,5,0,0,0,1,1,0,0,0,0,5,1
2024010508267,2024,010508267,541260,185151,0.03584,51.54758,3,3,5,14:55,-1,E09000025,3,0,1,0,1,99,9,9,99,9,99,1,1,0,0,0,0,5,2
2024010508268,2024,010508268,530729,169294,-0.12181,51.40761,3,3,5,16:49,-1,E09000008,3,0,1,0,1,"[19, 13]","[7, 5]","[3, 1]",0,0,0,0,1,0,0,0,0,5,2
2024010508270,2024,010508270,532055,174368,-0.10087,51.4529,3,3,4,18:00,-1,E09000028,3,0,1,0,1,"[99, 19]","[9, 1]","[9, 5]",99,9,99,1,1,0,0,0,0,5,1
2024010508273,2024,010508273,530008,183338,-0.12701,51.53399,3,3,5,20:20,-1,E09000007,6,2,1,0,1,"[19, 9]","[3, 7]","[7, 5]",0,0,0,1,1,0,0,0,0,5,2
2024010508276,2024,010508276,514787,187743,-0.34492,51.57687,2,2,5,20:50,-1,E09000015,5,2,2,1,1,19,3,7,0,0,0,1,0,0,0,0,1,5,2
2024010508279,2024,010508279,542713,183235,0.056,51.53,3,3,5,21:20,-1,E09000025,3,2,2,0,1,99,9,9,99,9,99,1,0,0,0,0,1,5,2
2024010508288,2024,010508288,535064,179595,-0.05559,51.49917,3,3,5,18:34,-1,E09000028,3,0,1,0,1,99,9,9,99,"[0, 9]","[0, 99]",1,0,0,0,0,0,5,2
2024010508292,2024,010508292,534854,182406,-0.05754,51.52448,3,3,5,23:15,-1,E09000030,4,2,2,1,1,19,"[7, 3]","[3, 7]",0,0,0,1,0,0,0,0,0,5,2
2024010508299,2024,010508299,531254,187039,-0.10768,51.56696,3,3,5,22:45,-1,E09000014,3,2,2,1,1,"[19, 9]","[5, 3]",1,0,0,0,1,1,0,0,0,0,5,2
2024010508304,2024,010508304,512705,175844,-0.37875,51.47035,3,3,6,01:15,-1,E09000018,3,2,2,1,1,"[19, 9]","[1, 5]","[5, 3]",0,0,0,1,0,1,0,0,0,5,3
2024010508305,2024,010508305,530602,163498,-0.12576,51.35555,3,3,6,03:39,-1,E09000029,6,2,2,1,1,5,0,7,0,0,0,1,0,0,0,0,1,5,3
2024010508307,2024,010508307,522085,175498,-0.24389,51.46529,3,3,6,04:55,-1,E09000027,3,2,2,1,1,"[19, 7]",7,"[3, 1]",0,0,0,1,0,1,0,0,0,5,3
2024010508311,2024,010508311,525595,178185,-0.19243,51.48867,3,3,6,07:35,-1,E09000020,3,0,2,1,1,9,3,1,0,0,0,1,0,0,0,0,1,5,3
2024010508317,2024,010508317,513557,184735,-0.36363,51.55009,3,3,4,17:45,-1,E09000009,3,0,9,-1,1,99,9,9,99,9,99,1,0,1,0,0,0,5,1
2024010508318,2024,010508318,517483,191773,-0.30468,51.61254,3,3,6,09:00,-1,E09000015,3,0,2,1,1,19,1,5,0,0,0,1,0,0,0,0,0,5,3
2024010508321,2024,010508321,530341,188433,-0.12032,51.5797,3,3,4,14:10,-1,E09000014,6,0,1,0,1,99,9,9,99,9,99,1,0,1,0,0,0,5,1
2024010508322,2024,010508322,536479,184894,-0.03317,51.54644,3,3,6,08:15,-1,E09000012,3,0,2,1,1,19,7,3,0,0,0,1,0,0,0,0,0,5,3
2024010508325,2024,010508325,516922,190136,-0.31332,51.59794,3,3,6,09:49,-1,E09000015,5,0,2,1,1,"[5, 19]","[3, 1]","[7, 5]",0,0,0,1,0,0,0,0,0,5,3
2024010508326,2024,010508326,543155,172254,0.05792,51.43121,3,3,6,09:35,-1,E09000011,6,0,2,1,1,99,9,9,99,9,99,1,0,0,0,0,1,5,3
2024010508329,2024,010508329,534649,172770,-0.06416,51.43793,3,3,6,07:50,-1,E09000028,5,0,2,1,1,99,9,9,99,9,99,1,1,0,0,0,0,5,3
2024010508330,2024,010508330,543392,165332,0.05854,51.36895,3,3,6,08:47,-1,E09000006,3,0,2,1,1,99,9,9,99,9,99,1,0,0,0,0,0,5,3
2024010508333,2024,010508333,531143,189524,-0.10835,51.58931,3,3,5,19:30,-1,E09000014,3,2,9,-1,1,99,9,9,99,9,99,1,0,1,0,0,0,5,2
2024010508335,2024,010508335,541183,169284,0.02839,51.40502,3,3,6,07:45,-1,E09000006,6,0,1,1,1,9,5,3,0,1,0,1,0,0,0,0,1,5,3
2024010508341,2024,010508341,508172,191803,-0.43909,51.61467,3,3,5,19:50,-1,E09000017,3,0,1,0,1,99,9,9,99,9,99,1,0,0,0,0,0,5,2
2024010508342,2024,010508342,535225,195986,-0.04697,51.64642,3,3,4,13:05,-1,E09000010,3,2,9,-1,1,99,9,9,99,9,99,1,0,1,0,0,0,5,1
2024010508345,2024,010508345,529646,182754,-0.13244,51.52882,3,3,3,19:30,-1,E09000007,3,0,1,0,1,99,9,9,99,9,99,1,1,0,0,0,0,4,30
2024010508349,2024,010508349,538162,175136,-0.01273,51.45835,3,3,6,10:40,-1,E09000023,3,0,2,1,1,"[12, 7]",1,"[5, 3]",0,0,0,1,0,0,1,0,0,5,3
2024010508352,2024,010508352,528505,184645,-0.14819,51.54608,3,3,5,12:45,-1,E09000007,5,0,1,0,1,99,9,9,99,9,99,1,0,0,0,0,0,5,2
2024010508353,2024,010508353,529045,170972,-0.1454,51.42308,2,2,6,11:30,-1,E09000032,6,0,2,1,1,19,1,5,0,0,0,1,0,0,0,0,1,5,3
2024010508355,2024,010508355,524173,185256,-0.21041,51.55254,3,3,6,09:45,-1,E09000007,3,0,1,1,1,99,9,9,99,9,99,1,0,1,0,0,0,5,3
2024010508358,2024,010508358,528097,190413,-0.15197,51.598,3,3,5,17:10,-1,E09000014,6,0,1,0,1,99,9,9,99,9,99,1,0,0,0,0,1,5,2
2024010508359,2024,010508359,527748,171154,-0.16398,51.42501,3,3,6,10:50,-1,E09000032,3,0,2,1,1,19,3,7,0,0,0,1,0,0,0,0,1,5,3
2024010508360,2024,010508360,532530,163236,-0.09819,51.35275,3,3,5,15:32,-1,E09000008,3,0,8,0,1,99,9,9,99,9,99,1,0,0,0,0,0,4,18
2024010508361,2024,010508361,525132,162599,-0.20459,51.3487,3,3,6,12:05,-1,E09000029,6,0,2,1,1,"[1, 19]","[3, 1]","[7, 5]",0,0,0,1,0,1,0,0,0,5,3
2024010508364,2024,010508364,534791,193878,-0.05405,51.62758,3,3,6,12:40,-1,E09000010,6,0,2,1,1,19,1,5,0,0,0,1,0,1,0,0,0,5,3
2024010508365,2024,010508365,548540,188106,0.142,51.57226,3,3,6,11:37,-1,E09000002,3,0,2,1,1,"[19, 3]",1,5,99,"[9, 0]","[99, 0]",1,0,0,0,0,0,5,3
2024010508366,2024,010508366,540360,184962,0.02279,51.5461,3,3,6,12:13,-1,E09000025,3,0,2,1,1,19,"[7, 5]","[3, 1]",0,0,0,1,0,1,0,0,0,5,3
2024010508369,2024,010508369,528867,179096,-0.145,51.49613,2,2,6,11:15,-1,E09000033,3,0,1,1,1,7,7,1,0,0,0,0,0,0,1,0,1,5,3
2024010508376,2024,010508376,544183,167519,0.07078,51.3884,3,3,5,22:07,-1,E09000006,6,2,1,1,1,99,9,9,99,9,99,1,0,0,0,0,1,5,2
2024010508380,2024,010508380,532062,194669,-0.09315,51.63533,3,3,5,09:30,-1,E09000010,3,0,1,1,1,99,9,9,99,9,99,1,1,0,0,0,0,5,2
2024010508382,2024,010508382,524748,180387,-0.20385,51.50865,2,2,6,14:30,-1,E09000020,4,0,2,1,1,19,"[3, 1]","[7, 5]",0,0,0,1,1,0,0,0,0,5,3
2024010508387,2024,010508387,532044,178855,-0.09935,51.49323,3,3,5,08:20,-1,E09000028,3,0,9,-1,1,"[19, 99]","[1, 9]","[5, 9]",99,"[0, 9]","[0, 99]",0,1,0,1,0,0,5,2
2024010508399,2024,010508399,533102,187201,-0.08097,51.56798,3,3,6,16:00,-1,E09000012,6,0,2,1,1,9,5,3,0,0,0,1,0,0,0,0,1,5,3
2024010508400,2024,010508400,544497,188144,0.08372,51.57365,3,3,6,16:00,-1,E09000026,3,0,2,1,1,"[9, 19]","[1, 5]","[7, 1]",0,"[4, 0]","[6, 0]",1,0,0,0,0,0,5,3
2024010508402,2024,010508402,522294,190735,-0.23559,51.60219,3,3,6,15:32,-1,E09000003,3,0,2,1,1,4,1,5,0,0,0,1,0,0,0,0,0,5,3
2024010508403,2024,010508403,531974,179366,-0.10017,51.49784,2,2,5,19:05,-1,E09000028,3,0,1,0,1,99,9,9,99,9,99,1,1,0,0,0,0,5,2
2024010508408,2024,010508408,534518,194183,-0.05787,51.63039,3,3,4,18:30,-1,E09000010,6,0,1,0,1,99,9,9,99,9,99,1,0,1,0,0,0,5,1
2024010508410,2024,010508410,527669,175522,-0.16354,51.46428,3,3,5,16:00,-1,E09000032,6,0,1,0,1,99,9,9,99,9,99,1,0,1,0,0,0,5,2
2024010508411,2024,010508411,529890,185087,-0.12806,51.54973,3,3,5,15:20,-1,E09000019,3,0,1,0,1,99,9,9,99,9,99,1,0,1,0,0,0,5,2
2024010508417,2024,010508417,536658,174386,-0.03465,51.45197,3,3,5,18:55,-1,E09000023,6,0,1,0,1,99,9,9,99,9,99,1,1,0,0,0,0,5,2
2024010508418,2024,010508418,531155,190039,-0.10798,51.59394,3,3,5,08:20,-1,E09000014,3,0,1,1,1,99,9,9,99,9,99,1,1,0,0,0,0,5,2
2024010508424,2024,010508424,534936,181288,-0.05679,51.51441,3,3,6,15:06,-1,E09000030,3,0,1,1,1,13,7,3,0,0,0,1,0,0,0,0,1,5,3
2024010508427,2024,010508427,509008,178533,-0.43113,51.49524,3,3,6,17:00,-1,E09000017,5,0,8,1,1,"[3, 10]",5,"[1, 3]",0,0,0,1,0,0,0,0,0,5,3