collision_index,collision_year,collision_ref_no,location_easting_osgr,location_northing_osgr,longitude,latitude,casualty_severity,casualty_severity,day_of_week,time,local_authority_district,local_authority_ons_district,first_road_class,light_conditions,weather_conditions,road_surface_conditions,urban_or_rural_area,vehicle_manoeuvre,vehicle_direction_from,vehicle_direction_to,hit_object_in_carriageway,vehicle_leaving_carriageway,hit_object_off_carriageway,is_car,is_cyle,is_mcyle,is_goodsv,is_other,is_pedestrian,month,day
2024010508429,2024,010508429,525508,185453,-0.1911,51.55401,3,3,6,16:52,-1,E09000007,3,0,1,1,1,"[19, 9]","[5, 1]","[1, 6]",0,1,0,1,0,0,0,1,0,5,3
2024010508433,2024,010508433,535140,198847,-0.04709,51.67215,3,3,6,18:40,-1,E09000010,6,0,8,0,1,99,9,9,"[99, 0]","[9, 0]","[99, 0]",1,0,0,0,0,0,5,3
2024010508443,2024,010508443,532843,185434,-0.08537,51.55216,3,3,5,15:10,-1,E09000012,3,0,9,-1,1,99,9,9,99,9,99,1,0,0,0,0,1,5,2
2024010508444,2024,010508444,533654,188126,-0.07266,51.57616,3,3,6,14:45,-1,E09000014,3,0,2,1,1,"[9, 19]","[1, 5]","[7, 1]",0,0,0,1,0,1,0,0,0,5,3
2024010508446,2024,010508446,531332,161479,-0.11603,51.33724,3,3,6,20:30,-1,E09000008,3,2,1,0,1,"[19, 7]","[5, 7]",1,0,0,0,1,0,0,1,0,0,5,3
2024010508447,2024,010508447,533636,188109,-0.07292,51.57601,3,3,6,19:35,-1,E09000014,3,0,1,1,1,"[19, 9]","[6, 1]","[2, 6]",0,"[1, 0]",0,1,0,1,0,0,0,5,3
2024010508450,2024,010508450,534186,195303,-0.06224,51.64053,3,3,2,11:30,-1,E09000010,3,2,1,0,1,99,9,9,99,9,99,1,0,0,0,0,0,4,29
2024010508451,2024,010508451,544160,182909,0.07671,51.5267,3,3,6,18:31,-1,E09000025,3,0,1,0,2,19,1,5,0,0,0,1,0,0,0,0,0,5,3
2024010508452,2024,010508452,522162,166146,-0.246,51.38123,3,3,6,19:00,-1,E09000021,3,0,1,0,1,"[15, 9]","[7, 5]",3,0,"[1, 0]","[7, 0]",1,0,0,0,0,1,5,3
2024010508456,2024,010508456,508192,173824,-0.44432,51.45307,3,3,6,21:10,-1,E09000018,3,2,1,0,1,"[5, 9]","[1, 3]","[5, 1]",0,0,0,1,0,0,0,0,0,5,3
2024010508458,2024,010508458,553980,187343,0.2201,51.56395,2,2,6,20:55,-1,E09000016,5,2,1,1,1,15,5,1,0,0,0,0,0,0,1,0,1,5,3
2024010508459,2024,010508459,534339,193583,-0.06069,51.62504,3,3,6,21:58,-1,E09000010,4,2,1,0,1,99,9,9,99,9,99,1,0,0,0,0,1,5,3
2024010508461,2024,010508461,521917,180108,-0.24472,51.50676,3,3,3,22:10,-1,E09000013,3,2,9,-1,1,"[2, 99]",9,9,"[99, 8]",9,99,1,1,0,0,0,0,4,30
2024010508463,2024,010508463,536045,178576,-0.04186,51.48977,2,"[2, 3]",6,19:50,-1,E09000023,3,0,1,0,1,14,5,1,0,0,0,1,0,0,0,0,1,5,3
2024010508475,2024,010508475,535687,185064,-0.04452,51.54816,3,3,6,22:07,-1,E09000012,3,0,1,0,1,19,3,7,0,0,0,1,0,0,0,0,0,5,3
2024010508477,2024,010508477,512853,184072,-0.37399,51.54427,3,3,6,12:10,-1,E09000009,3,0,9,-1,1,99,9,9,99,9,99,1,0,0,0,0,0,5,3
2024010508488,2024,010508488,543121,187846,0.06375,51.57132,3,3,7,01:21,-1,E09000026,6,2,1,0,1,"[3, 19, 2]","[1, 3, 0]","[5, 7, 0]","[10, 0]","[0, 4, 5]","[0, 7]",1,0,0,0,0,0,5,4
2024010508490,2024,010508490,530326,183002,-0.12255,51.53089,3,3,7,05:15,-1,E09000019,3,0,1,0,1,7,7,1,0,0,0,1,0,0,0,0,1,5,4
2024010508500,2024,010508500,543091,183933,0.06173,51.53617,3,3,1,21:00,-1,E09000025,6,2,1,0,1,99,9,9,99,9,99,1,0,1,0,0,0,4,28
2024010508507,2024,010508507,523407,185947,-0.22121,51.55891,3,3,6,12:40,-1,E09000005,6,0,1,1,1,99,9,9,99,9,99,1,0,1,0,0,0,5,3
2024010508510,2024,010508510,527708,176460,-0.16264,51.4727,3,3,7,19:15,-1,E09000032,3,0,9,-1,1,99,9,9,0,0,0,1,0,1,0,0,0,4,27
2024010508514,2024,010508514,528491,188461,-0.147,51.58037,3,3,7,09:00,-1,E09000014,4,0,1,0,1,"[4, 19]",1,5,0,"[0, 7]",0,1,1,0,0,0,0,5,4
2024010508518,2024,010508518,537558,187253,-0.0167,51.56738,3,3,4,23:08,-1,E09000031,5,2,9,-1,1,99,9,9,99,9,99,1,0,0,0,0,0,5,1
2024010508519,2024,010508519,523870,188121,-0.21377,51.57835,2,2,6,13:00,-1,E09000003,6,0,2,1,1,99,9,9,99,9,99,1,0,1,0,0,0,5,3
2024010508522,2024,010508522,533358,193917,-0.07472,51.62827,3,3,7,10:54,-1,E09000010,4,0,1,0,1,"[9, 19]","[1, 7]","[6, 3]",0,"[0, 1]",0,1,0,1,0,0,0,5,4
2024010508523,2024,010508523,541307,177069,0.03328,51.47494,3,3,5,18:03,-1,E09000011,3,0,1,0,1,99,9,9,99,9,99,1,0,1,0,0,0,5,2
2024010508527,2024,010508527,531948,185839,-0.09812,51.55601,3,3,7,12:05,-1,E09000019,3,0,1,0,1,19,5,1,0,0,0,1,0,0,0,0,1,5,4
2024010508535,2024,010508535,530369,182188,-0.12223,51.52357,3,3,6,16:17,-1,E09000007,4,0,1,1,1,99,9,9,99,9,99,1,0,0,0,0,1,5,3
2024010508536,2024,010508536,528224,185604,-0.15189,51.55476,3,3,7,14:00,-1,E09000007,4,0,1,0,1,"[9, 13]",5,"[3, 1]",0,0,0,1,0,1,0,0,0,5,4
2024010508537,2024,010508537,533162,166350,-0.08795,51.38059,3,3,6,19:08,-1,E09000008,3,0,1,0,1,99,9,9,99,9,99,1,0,0,0,0,1,5,3
2024010508538,2024,010508538,536856,195270,-0.02369,51.63959,3,3,7,13:30,-1,E09000010,3,0,1,0,2,"[19, 15]","[7, 3]","[3, 7]","[0, 10]","[0, 2]","[0, 4]",1,0,0,0,0,0,5,4
2024010508541,2024,010508541,524228,184291,-0.20996,51.54385,3,3,5,08:20,-1,E09000005,3,0,1,0,1,99,9,9,99,9,99,1,0,1,0,0,0,5,2
2024010508544,2024,010508544,544574,186022,0.08396,51.55456,3,3,7,15:00,-1,E09000026,6,0,1,0,1,"[19, 9]","[5, 3]","[1, 8]",0,0,0,1,0,1,0,0,0,5,4
2024010508545,2024,010508545,524822,189449,-0.19957,51.59007,3,3,6,13:22,-1,E09000003,3,0,2,1,1,99,9,9,99,9,99,1,0,1,0,0,0,5,3
2024010508546,2024,010508546,535050,181648,-0.05501,51.51762,3,3,7,14:50,-1,E09000030,5,0,1,0,1,3,3,7,0,0,0,1,0,0,0,0,1,5,4
2024010508552,2024,010508552,528861,181195,-0.14432,51.51499,3,3,7,15:30,-1,E09000033,3,0,1,0,1,19,"[5, 3]","[1, 7]",0,0,0,1,0,0,0,0,0,5,4
2024010508557,2024,010508557,529056,189521,-0.13846,51.58977,3,3,7,15:06,-1,E09000014,3,0,1,0,1,19,5,1,0,0,0,0,0,0,1,0,0,5,4
2024010508559,2024,010508559,542429,165989,0.04497,51.3751,3,3,7,10:05,-1,E09000006,3,0,1,0,1,9,6,4,0,0,0,1,0,0,0,0,1,5,4
2024010508561,2024,010508561,525919,164149,-0.19275,51.36246,2,2,4,15:30,-1,E09000029,6,0,9,-1,1,19,1,5,99,9,99,0,1,0,0,0,1,5,1
2024010508563,2024,010508563,530998,172098,-0.11691,51.43275,3,3,7,16:58,-1,E09000022,5,0,1,0,1,"[3, 4]","[3, 7]","[7, 3]",0,0,0,1,0,0,0,0,0,5,4
2024010508564,2024,010508564,546358,183112,0.10846,51.52796,3,3,7,10:10,-1,E09000002,5,0,1,0,1,"[19, 2]","[3, 0]","[7, 0]",4,0,0,1,0,0,0,0,0,5,4
2024010508565,2024,010508565,538186,182470,-0.00952,51.52425,3,3,6,03:10,-1,E09000030,6,0,1,0,1,99,9,9,99,9,99,1,0,1,0,0,0,5,3
2024010508567,2024,010508567,507472,178739,-0.45318,51.49739,3,3,7,16:20,-1,E09000017,3,0,8,0,1,19,"[3, 5]","[7, 1]",0,0,0,1,0,0,0,0,0,5,4
2024010508572,2024,010508572,527160,167774,-0.17364,51.39476,3,3,6,18:34,-1,E09000024,3,0,1,0,1,99,9,9,99,9,99,1,0,0,0,0,1,5,3
2024010508574,2024,010508574,528602,173373,-0.15089,51.44475,2,2,7,19:00,-1,E09000032,4,0,1,0,1,"[9, 19]",5,"[4, 1]",0,0,0,1,1,0,0,0,0,5,4
2024010508575,2024,010508575,544888,183814,0.08757,51.53464,3,3,7,13:02,-1,E09000002,3,0,1,0,1,19,"[3, 7]","[7, 3]",0,0,0,1,0,0,0,0,0,5,4
2024010508577,2024,010508577,528932,183622,-0.14241,51.53679,3,3,7,18:00,-1,E09000007,3,0,1,0,1,19,"[3, 1]","[7, 5]",0,"[0, 3]",0,1,0,1,0,0,0,5,4
2024010508579,2024,010508579,524800,184429,-0.20167,51.54497,3,3,7,18:10,-1,E09000005,3,0,1,0,1,1,5,1,0,0,0,1,0,0,0,0,1,5,4
2024010508588,2024,010508588,529942,180970,-0.12883,51.51272,3,3,7,14:58,-1,E09000033,3,0,1,0,1,"[15, 3]",7,3,0,0,0,1,0,1,0,0,0,5,4
2024010508590,2024,010508590,527234,182163,-0.1674,51.52406,3,3,7,18:57,-1,E09000033,4,0,1,0,1,"[19, 9]","[1, 5]","[5, 3]",0,0,0,1,0,1,0,0,0,5,4
2024010508597,2024,010508597,533701,189968,-0.07128,51.5927,3,3,7,18:47,-1,E09000014,6,0,1,0,1,9,5,3,0,0,0,1,0,0,0,0,1,5,4
2024010508599,2024,010508599,518350,185219,-0.29437,51.55345,3,3,7,16:12,-1,E09000005,3,0,1,0,1,19,7,3,0,0,0,1,0,0,0,0,1,5,4
2024010508601,2024,010508601,540974,173123,0.02692,51.43957,3,3,7,16:53,-1,E09000023,6,0,1,1,1,"[2, 19, 7]","[0, 1, 5]","[0, 5, 7]",0,0,0,1,0,0,0,0,0,5,4
2024010508608,2024,010508608,533481,178462,-0.07881,51.48936,3,3,7,18:10,-1,E09000028,3,0,1,0,1,19,5,1,0,0,0,0,0,1,0,0,1,5,4
2024010508609,2024,010508609,548550,187613,0.14194,51.56783,3,3,6,17:31,-1,E09000002,5,0,1,-1,1,99,9,9,99,9,99,1,0,0,0,0,0,5,3
2024010508610,2024,010508610,511716,176320,-0.39283,51.47482,3,3,7,19:32,-1,E09000018,3,0,1,0,1,3,1,5,0,0,0,1,0,0,0,0,1,5,4
2024010508616,2024,010508616,534240,181545,-0.06671,51.51688,3,3,7,19:10,-1,E09000030,5,0,1,0,1,19,1,5,0,1,0,1,0,0,0,0,1,5,4
2024010508618,2024,010508618,512171,180154,-0.38507,51.50919,2,2,7,18:30,-1,E09000009,6,0,1,0,1,19,5,1,0,0,0,1,0,0,0,0,1,5,4
2024010508625,2024,010508625,514291,175863,-0.35592,51.4702,2,2,7,22:30,-1,E09000018,3,2,1,0,1,4,3,7,0,0,0,0,0,0,1,0,0,5,4
2024010508626,2024,010508626,532271,170455,-0.09922,51.41769,2,"[3, 2]",7,20:42,-1,E09000008,3,0,1,0,1,19,"[7, 3]","[3, 7]",0,0,0,1,0,0,0,0,0,5,4
2024010508629,2024,010508629,532250,190523,-0.092,51.59803,3,3,7,23:40,-1,E09000014,3,2,1,0,1,19,"[1, 3]","[5, 7]",0,0,0,1,0,0,0,0,0,5,4
2024010508630,2024,010508630,526774,180828,-0.17451,51.51216,3,3,7,23:52,-1,E09000033,3,2,1,0,1,5,0,5,0,0,0,1,0,0,0,0,0,5,4
2024010508631,2024,010508631,518277,187072,-0.2948,51.57012,3,3,7,22:45,-1,E09000005,5,2,1,0,1,"[7, 19]","[5, 1]","[7, 5]","[0, 4]",0,0,1,1,0,0,0,0,5,4
2024010508632,2024,010508632,548451,188939,0.14107,51.57977,3,3,7,19:00,-1,E09000002,3,0,1,0,1,19,5,1,0,0,0,1,0,0,0,0,0,5,4
2024010508635,2024,010508635,536566,198764,-0.02652,51.67106,3,3,1,00:25,-1,E09000010,5,2,1,0,1,"[19, 7]",3,"[7, 5]",0,0,0,1,1,0,0,0,0,5,5
2024010508637,2024,010508637,517697,177417,-0.30639,51.48347,3,3,7,23:00,-1,E09000018,3,2,1,0,1,"[9, 19]","[3, 7]","[1, 3]",0,0,0,1,0,1,0,0,0,5,4
2024010508641,2024,010508641,531916,172256,-0.10365,51.43396,2,2,1,01:51,-1,E09000022,3,2,1,0,1,5,1,5,0,0,0,0,0,0,1,0,0,5,5
2024010508642,2024,010508642,546767,169882,0.10886,51.40897,3,3,1,00:28,-1,E09000006,6,2,1,0,1,19,"[1, 3]","[5, 7]",0,0,0,1,0,1,0,0,0,5,5
2024010508643,2024,010508643,539110,179360,0.00257,51.49607,2,2,7,12:50,-1,E09000011,3,0,1,0,1,19,5,1,0,0,0,1,0,0,0,0,0,5,4
2024010508646,2024,010508646,525252,174649,-0.19862,51.45697,2,2,1,04:45,-1,E09000032,3,0,1,0,1,19,3,7,10,0,0,0,0,1,0,0,0,5,5
2024010508649,2024,010508649,534239,189627,-0.06365,51.58951,3,3,1,04:45,-1,E09000014,3,0,1,0,1,19,8,4,10,1,1,1,0,0,0,0,0,5,5
2024010508650,2024,010508650,510541,178906,-0.40893,51.4983,3,3,1,03:45,-1,E09000018,3,2,1,0,1,19,1,5,0,0,0,1,0,0,0,0,0,5,5
2024010508653,2024,010508653,543008,182008,0.05975,51.5189,1,1,1,01:40,-1,E09000025,3,2,1,0,1,19,1,5,0,0,0,0,0,0,0,0,0,5,5
2024010508655,2024,010508655,528475,173229,-0.15277,51.44349,2,2,7,14:30,-1,E09000032,3,0,1,0,1,99,9,9,99,9,99,1,1,0,0,0,0,5,4
2024010508657,2024,010508657,543526,188605,0.0699,51.57804,3,3,7,09:35,-1,E09000026,3,0,1,-1,1,99,9,9,99,9,99,1,0,0,0,0,0,5,4
2024010508660,2024,010508660,532896,182548,-0.08569,51.52622,2,2,7,19:42,-1,E09000012,3,0,1,0,1,99,9,9,99,9,99,1,1,0,0,0,0,5,4
2024010508661,2024,010508661,539640,172297,0.00741,51.43247,3,3,1,08:08,-1,E09000023,6,0,1,0,1,"[2, 5]","[0, 7]","[0, 3]","[0, 4]","[0, 7]","[0, 10]",1,0,0,0,0,0,5,5
2024010508662,2024,010508662,548468,189099,0.14138,51.5812,2,"[3, 2]",1,10:09,-1,E09000002,3,0,1,0,1,"[4, 19]","[1, 3]","[5, 7]",0,0,0,1,0,0,0,0,0,5,5
2024010508666,2024,010508666,527203,182856,-0.1676,51.53029,3,3,6,18:35,-1,E09000033,3,0,9,-1,1,99,9,9,99,9,99,1,1,0,0,0,0,5,3
2024010508669,2024,010508669,532461,180293,-0.09281,51.50605,2,2,1,11:00,-1,E09000028,6,0,1,0,1,99,9,9,99,9,99,0,1,0,0,0,0,5,5
2024010508675,2024,010508675,531791,160841,-0.10968,51.3314,3,3,1,11:18,-1,E09000008,3,0,1,0,1,"[10, 19]",5,"[3, 1]",0,0,0,1,1,0,0,0,0,5,5
2024010508676,2024,010508676,529555,173934,-0.13698,51.44958,2,2,6,08:25,-1,E09000022,3,0,2,1,1,99,9,9,99,9,99,1,1,0,0,0,0,5,3
2024010508677,2024,010508677,521629,169984,-0.25234,51.41584,3,3,1,11:30,-1,E09000021,3,0,1,0,1,"[4, 5]",5,1,0,0,0,1,0,0,0,0,0,5,5
2024010508680,2024,010508680,544287,185698,0.07969,51.55173,3,3,6,14:40,-1,E09000026,6,0,2,1,1,19,"[1, 7]","[5, 3]",99,9,99,1,0,1,0,0,0,5,3
2024010508681,2024,010508681,534020,189560,-0.06683,51.58896,2,2,1,11:45,-1,E09000014,3,0,1,0,1,"[19, 6]",3,"[7, 3]",0,"[0, 7]",0,1,0,1,0,0,0,5,5
2024010508687,2024,010508687,517924,175102,-0.30389,51.46262,3,3,7,15:15,-1,E09000027,6,0,1,0,1,99,9,9,99,9,99,1,0,0,0,0,1,5,4
2024010508689,2024,010508689,518023,180830,-0.30056,51.51408,3,3,1,11:30,-1,E09000009,3,0,1,0,1,"[9, 19]","[7, 3]","[5, 7]",0,0,0,1,1,0,0,0,0,5,5
2024010508690,2024,010508690,554767,187052,0.23132,51.56112,3,3,1,13:23,-1,E09000016,5,0,1,0,1,"[6, 19]","[5, 1]",5,0,0,0,1,0,0,0,0,0,5,5
2024010508696,2024,010508696,525086,178575,-0.19962,51.49229,3,3,1,12:44,-1,E09000020,3,0,1,0,1,99,9,9,99,9,99,1,1,0,0,0,0,5,5
2024010508698,2024,010508698,524392,179318,-0.20935,51.49912,3,3,6,19:00,-1,E09000020,3,0,1,0,1,99,9,9,99,9,99,1,1,0,0,0,0,5,3
2024010508702,2024,010508702,514207,187239,-0.35345,51.57246,3,3,1,10:54,-1,E09000015,5,0,1,0,1,19,7,3,9,3,1,1,0,0,0,0,0,5,5
2024010508704,2024,010508704,526323,192513,-0.17681,51.61728,3,3,1,08:58,-1,E09000003,3,0,1,0,1,"[9, 19]","[2, 5, 1]","[8, 1, 5]",0,0,0,1,1,1,0,0,0,5,5
2024010508705,2024,010508705,537611,194829,-0.01296,51.63544,3,3,7,19:20,-1,E09000031,3,0,1,0,1,99,9,9,99,9,99,1,0,0,0,0,0,5,4
2024010508707,2024,010508707,529299,169396,-0.14232,51.40886,2,2,1,13:28,-1,E09000024,4,0,1,0,1,19,1,5,0,7,0,1,0,0,0,0,1,5,5
2024010508709,2024,010508709,527779,181912,-0.15964,51.52168,2,2,1,14:57,-1,E09000033,3,0,1,0,1,19,1,5,0,0,0,0,0,0,1,0,1,5,5
2024010508712,2024,010508712,528150,179406,-0.15521,51.49907,3,3,1,16:20,-1,E09000033,4,0,1,0,1,5,7,3,0,0,0,1,0,0,0,0,1,5,5
2024010508713,2024,010508713,525986,193961,-0.18116,51.63036,3,3,1,16:37,-1,E09000003,3,0,1,0,1,19,"[5, 1]","[1, 5]",0,0,0,1,0,0,0,0,1,5,5
2024010508717,2024,010508717,533146,167659,-0.08769,51.39236,3,3,1,16:00,-1,E09000008,3,0,1,0,1,"[19, 15]","[5, 1]","[1, 5]",0,0,0,1,0,0,0,0,0,5,5
2024010508719,2024,010508719,531448,177410,-0.10847,51.48038,3,3,1,17:00,-1,E09000022,3,0,1,0,1,19,3,7,0,0,0,1,0,0,0,0,0,5,5
2024010508723,2024,010508723,522011,191303,-0.23948,51.60735,3,3,1,16:10,-1,E09000003,5,0,1,0,1,"[4, 3]",3,7,0,0,0,1,0,0,0,0,0,5,5
2024010508724,2024,010508724,526737,177422,-0.17627,51.48156,3,3,1,16:10,-1,E09000020,3,0,1,0,1,99,9,9,99,9,99,1,1,0,0,0,0,5,5
2024010508727,2024,010508727,525919,189276,-0.1838,51.58828,2,2,2,08:40,-1,E09000003,6,0,9,-1,1,99,9,9,99,9,0,1,0,0,0,0,1,4,29
2024010508736,2024,010508736,519119,179401,-0.28525,51.501,3,3,1,18:50,-1,E09000009,3,0,1,0,1,"[19, 9]","[4, 8]","[8, 7]",0,0,0,1,0,1,0,0,0,5,5
2024010508737,2024,010508737,540092,173851,0.01452,51.44633,3,3,1,19:24,-1,E09000023,3,0,1,0,1,"[19, 9]","[5, 1]","[1, 6]",0,0,0,1,0,0,0,0,0,5,5
2024010508738,2024,010508738,532591,184565,-0.08933,51.54441,3,3,1,16:50,-1,E09000019,3,0,1,0,1,"[4, 19]",6,2,0,"[1, 0]",0,1,0,0,1,0,0,5,5
2024010508742,2024,010508742,521662,167653,-0.25267,51.39488,3,3,1,19:31,-1,E09000021,3,0,1,0,1,19,5,1,0,0,0,1,0,0,0,0,0,5,5
2024010508746,2024,010508746,547656,183569,0.12735,51.53173,3,3,1,19:26,-1,E09000002,3,0,1,0,1,11,7,3,7,0,0,0,0,1,0,0,0,5,5
2024010508749,2024,010508749,537752,186091,-0.01435,51.55689,3,3,1,12:50,-1,E09000031,3,0,1,0,1,99,9,9,99,9,99,1,0,0,0,0,0,5,5
2024010508751,2024,010508751,535763,183976,-0.04384,51.53837,3,3,1,14:36,-1,E09000012,3,0,1,0,1,99,9,9,99,9,99,1,0,0,0,0,1,5,5
2024010508757,2024,010508757,531662,184199,-0.10285,51.54134,3,3,1,19:15,-1,E09000019,3,0,1,0,1,"[13, 19]",1,5,0,0,0,1,1,0,0,0,0,5,5
2024010508759,2024,010508759,526539,184445,-0.1766,51.54472,3,3,1,21:22,-1,E09000007,3,2,1,0,1,"[3, 19]","[3, 5]","[7, 1]","[0, 4]",0,0,1,0,1,0,0,0,5,5
2024010508765,2024,010508765,535057,167301,-0.06038,51.38869,3,3,1,22:44,-1,E09000008,6,2,1,0,1,19,1,5,0,0,0,1,0,0,0,0,0,5,5
2024010508766,2024,010508766,530502,173918,-0.12337,51.44922,2,2,1,20:34,-1,E09000022,3,2,1,0,1,"[9, 19]","[1, 5]","[6, 1]",0,0,0,1,0,1,0,0,0,5,5
2024010508767,2024,010508767,532837,192578,-0.08275,51.61636,3,3,1,21:30,-1,E09000010,5,2,1,0,1,99,9,9,99,9,99,1,0,1,0,0,0,5,5
2024010508770,2024,010508770,519128,188787,-0.28195,51.58536,3,3,1,22:55,-1,E09000005,3,2,1,0,1,99,9,9,99,9,99,1,0,0,1,0,0,5,5
2024010508771,2024,010508771,539716,166377,0.00617,51.37926,3,3,1,21:09,-1,E09000006,4,2,1,0,1,"[19, 9]",5,"[1, 3]",0,0,0,1,0,0,0,0,0,5,5
2024010508773,2024,010508773,533709,189280,-0.07142,51.58652,3,3,1,13:01,-1,E09000014,3,0,1,0,1,"[3, 19]",1,5,0,0,0,1,1,0,0,0,0,5,5
2024010508774,2024,010508774,527865,183982,-0.15765,51.54026,3,3,1,18:30,-1,E09000007,5,0,1,0,1,19,7,3,0,0,0,1,0,0,0,0,1,5,5
2024010508775,2024,010508775,514148,187245,-0.35429,51.57253,2,2,1,20:00,-1,E09000015,5,0,2,0,1,19,1,5,0,0,0,1,0,0,0,0,1,5,5
2024010508776,2024,010508776,533958,182498,-0.07041,51.52552,3,3,2,00:10,-1,E09000030,3,2,1,0,1,"[5, 19]","[0, 7]",3,0,0,0,1,1,0,0,0,0,5,6
2024010508780,2024,010508780,519795,180231,-0.27523,51.50832,3,3,1,22:15,-1,E09000009,3,2,1,0,1,99,9,9,99,9,99,1,0,1,0,0,0,5,5
2024010508784,2024,010508784,543687,183797,0.07026,51.5348,3,3,1,22:52,-1,E09000025,3,0,1,0,1,19,5,1,"[4, 0]",0,0,1,0,0,0,0,0,5,5
2024010508786,2024,010508786,528132,178354,-0.15585,51.48962,2,2,1,23:00,-1,E09000020,3,2,1,0,1,9,5,2,0,0,0,1,0,0,0,0,1,5,5
2024010508796,2024,010508796,537908,189476,-0.01078,51.58727,3,3,2,01:10,-1,E09000031,6,2,8,0,1,99,9,9,99,9,99,1,0,0,0,0,0,5,6
2024010508805,2024,010508805,513901,175586,-0.36162,51.46779,3,3,2,10:30,-1,E09000018,3,0,2,1,1,19,3,7,0,0,0,0,0,0,1,0,1,5,6
2024010508815,2024,010508815,554771,192039,0.23357,51.60592,3,3,2,07:15,-1,E09000016,5,0,1,0,1,99,9,9,"[99, 0]",0,0,1,0,1,0,0,0,5,6
2024010508820,2024,010508820,524558,178525,-0.20724,51.49196,2,2,2,11:00,-1,E09000013,4,0,2,1,1,7,3,5,0,1,0,1,0,0,0,0,1,5,6
2024010508823,2024,010508823,525398,183495,-0.19338,51.53644,3,3,2,13:30,-1,E09000005,6,0,2,1,1,99,9,9,99,9,99,1,1,0,0,0,0,5,6
2024010508824,2024,010508824,505848,176842,-0.47713,51.48064,3,3,2,13:48,-1,EHEATHROW,6,0,1,1,1,4,7,3,0,0,0,0,0,0,1,0,0,5,6
2024010508830,2024,010508830,505953,180692,-0.47447,51.51523,3,3,2,13:40,-1,E09000017,3,0,2,1,1,"[19, 9]","[8, 5]","[4, 3]",0,0,0,1,0,0,0,0,0,5,6
2024010508838,2024,010508838,523679,189069,-0.21619,51.58691,3,3,2,14:54,-1,E09000003,6,0,2,1,1,19,5,1,0,"[7, 8]",7,1,0,0,0,0,0,5,6
2024010508840,2024,010508840,520653,185075,-0.26122,51.55167,3,3,6,10:04,-1,E09000005,3,2,1,0,1,99,9,9,99,9,99,1,0,1,0,0,0,5,3
2024010508842,2024,010508842,536718,177039,-0.03277,51.4758,3,3,2,13:00,-1,E09000023,3,0,2,1,1,"[8, 7]",2,4,0,0,0,1,0,0,1,0,0,5,6
2024010508847,2024,010508847,520716,180068,-0.26203,51.50666,3,3,3,14:30,-1,E09000009,3,0,1,0,1,"[99, 19]","[9, 5]","[9, 1]",99,"[9, 0]","[99, 0]",1,0,1,0,0,0,4,2
2024010508848,2024,010508848,543589,186812,0.07008,51.56191,3,3,7,15:00,-1,E09000026,6,0,1,0,1,"[1, 19]",3,7,0,"[1, 0]",0,1,0,0,0,0,0,5,4
2024010508853,2024,010508853,516331,182956,-0.32423,51.53353,3,3,2,08:25,-1,E09000009,3,0,1,1,1,19,7,3,0,0,0,1,0,1,0,0,0,5,6
2024010508859,2024,010508859,517076,180542,-0.31429,51.51168,3,3,7,11:46,-1,E09000009,3,0,1,0,1,99,9,9,99,9,99,1,1,0,0,0,0,5,4
2024010508861,2024,010508861,534942,184538,-0.05546,51.54361,3,3,1,20:50,-1,E09000012,3,2,2,1,1,99,9,9,99,9,99,1,1,0,0,0,0,5,5
2024010508862,2024,010508862,518836,183230,-0.28804,51.53548,3,3,2,09:15,-1,E09000009,3,0,1,0,1,99,9,9,99,9,99,1,0,0,0,0,0,5,6
2024010508865,2024,010508865,506043,184218,-0.47211,51.5469,3,3,2,14:00,-1,E09000017,4,0,2,1,1,19,5,1,0,0,0,0,0,0,1,0,0,5,6
2024010508867,2024,010508867,528875,163874,-0.15042,51.35933,3,3,2,15:28,-1,E09000029,6,0,1,1,1,5,3,7,0,0,0,1,0,0,0,0,1,5,6
2024010508869,2024,010508869,518690,181068,-0.29087,51.51608,3,3,2,19:30,-1,E09000009,3,0,2,1,1,"[13, 10]","[1, 3]","[5, 1]",0,0,0,1,0,0,0,0,0,5,6
2024010508874,2024,010508874,544645,183753,0.08405,51.53416,3,3,1,22:30,-1,E09000002,3,2,1,0,1,99,9,9,99,9,99,1,0,0,0,0,0,5,5
2024010508876,2024,010508876,525732,191117,-0.18584,51.60486,3,3,2,20:29,-1,E09000003,6,0,2,1,1,19,1,5,0,0,0,1,0,0,0,0,1,5,6
2024010508880,2024,010508880,535128,167207,-0.05939,51.38783,3,3,2,20:07,-1,E09000008,3,2,1,1,1,"[19, 3, 4]","[5, 1]","[1, 5]","[4, 0]",0,0,1,0,0,0,0,0,5,6
2024010508883,2024,010508883,552430,176879,0.19323,51.47035,2,2,2,21:05,-1,E09000004,6,2,1,1,1,"[2, 19]","[0, 5]","[0, 1]","[0, 4]",0,0,1,0,1,0,0,0,5,6
2024010508884,2024,010508884,523535,165178,-0.22662,51.37223,3,3,4,17:27,-1,E09000029,3,0,1,0,1,99,9,9,99,9,99,1,0,0,0,0,0,5,1
2024010508887,2024,010508887,531791,168944,-0.10668,51.40422,3,3,2,21:19,-1,E09000008,6,2,8,1,1,99,9,9,99,9,99,1,0,0,0,0,1,5,6
2024010508889,2024,010508889,529796,192396,-0.12672,51.61544,3,3,2,19:12,-1,E09000010,4,0,2,1,1,"[2, 19]","[0, 1]","[0, 5]",0,0,0,1,0,0,0,0,0,5,6