collision_index,collision_year,collision_ref_no,location_easting_osgr,location_northing_osgr,longitude,latitude,casualty_severity,casualty_severity,day_of_week,time,local_authority_district,local_authority_ons_district,first_road_class,light_conditions,weather_conditions,road_surface_conditions,urban_or_rural_area,vehicle_manoeuvre,vehicle_direction_from,vehicle_direction_to,hit_object_in_carriageway,vehicle_leaving_carriageway,hit_object_off_carriageway,is_car,is_cyle,is_mcyle,is_goodsv,is_other,is_pedestrian,month,day
2024010510655,2024,010510655,534659,177692,-0.06215,51.48216,3,3,4,18:20,-1,E09000028,3,0,1,0,1,99,9,9,99,9,99,1,1,0,0,0,0,5,15
2024010510657,2024,010510657,553062,192530,0.20913,51.6108,3,3,4,17:10,-1,E09000016,5,0,1,0,2,"[19, 1]","[4, 6, 2]","[8, 1, 6]",0,"[0, 8]","[0, 7]",1,0,0,0,0,0,5,15
2024010510659,2024,010510659,524348,169093,-0.21358,51.40724,3,3,4,20:00,-1,E09000024,6,0,1,0,1,19,"[7, 5]","[3, 1]",0,0,0,1,1,0,0,0,0,5,15
2024010510661,2024,010510661,513280,186282,-0.36712,51.56405,3,3,4,15:30,-1,E09000015,6,0,1,0,1,6,5,5,0,1,0,1,0,0,0,0,1,5,15
2024010510668,2024,010510668,525504,181807,-0.19245,51.52125,3,3,4,16:40,-1,E09000033,3,0,1,0,1,99,9,9,99,9,99,1,1,0,0,0,0,5,15
2024010510670,2024,010510670,535974,173287,-0.04491,51.44226,3,3,4,19:30,-1,E09000023,3,0,1,0,1,99,9,9,99,9,99,1,1,0,0,0,0,5,15
2024010510671,2024,010510671,524584,183088,-0.20525,51.53296,3,3,4,16:27,-1,E09000005,4,0,1,0,1,19,1,5,0,0,0,1,0,0,0,0,0,5,15
2024010510672,2024,010510672,538641,168565,-0.00841,51.39918,3,3,4,19:05,-1,E09000006,4,0,1,0,1,99,9,9,99,9,99,1,0,0,0,0,0,5,15
2024010510673,2024,010510673,510718,185153,-0.40442,51.55441,2,2,4,18:18,-1,E09000017,3,0,1,0,1,"[19, 9, 5]","[5, 1]","[1, 6, 5]",0,0,0,1,0,1,0,0,0,5,15
2024010510678,2024,010510678,534561,186905,-0.06004,51.56497,3,3,4,19:43,-1,E09000012,3,2,1,0,1,"[5, 3]","[5, 1]","[1, 5]",0,0,0,1,0,0,0,0,0,5,15
2024010510682,2024,010510682,511855,182969,-0.38873,51.53455,2,"[3, 2]",4,21:00,-1,E09000009,4,2,1,0,1,19,"[3, 7]","[7, 3]",10,"[0, 7]",0,1,0,0,0,0,1,5,15
2024010510683,2024,010510683,523883,174712,-0.21829,51.45784,3,3,4,19:58,-1,E09000032,3,0,1,0,1,99,9,9,99,9,99,1,1,0,0,0,0,5,15
2024010510690,2024,010510690,509776,181507,-0.41914,51.52182,3,3,4,16:25,-1,E09000017,3,0,1,0,1,3,5,1,"[4, 0]",0,0,1,0,1,0,0,0,5,15
2024010510694,2024,010510694,516195,189322,-0.32408,51.59078,2,2,4,08:56,-1,E09000015,5,0,1,0,1,99,9,9,99,9,99,1,0,1,0,0,0,5,15
2024010510696,2024,010510696,529745,180259,-0.13193,51.50638,2,2,4,20:20,-1,E09000033,5,0,1,0,1,19,3,7,10,0,0,1,0,0,0,0,0,5,15
2024010510697,2024,010510697,529977,182303,-0.12784,51.52469,3,3,3,22:25,-1,E09000007,3,0,2,1,1,99,9,9,99,9,99,1,1,0,0,0,0,5,14
2024010510698,2024,010510698,542394,184015,0.05172,51.53708,3,3,4,19:13,-1,E09000025,3,0,1,0,1,19,1,5,0,0,0,1,0,0,0,0,1,5,15
2024010510699,2024,010510699,535612,167737,-0.05224,51.39247,3,3,4,19:05,-1,E09000008,3,0,1,0,1,"[19, 5]","[5, 3]","[1, 7]",0,0,0,1,1,0,0,0,0,5,15
2024010510700,2024,010510700,534302,187461,-0.06356,51.57003,3,3,4,18:39,-1,E09000012,3,0,1,0,1,99,9,9,99,9,99,1,1,0,0,0,0,5,15
2024010510704,2024,010510704,535318,192653,-0.04691,51.61645,3,3,4,22:20,-1,E09000010,3,2,8,0,1,99,9,9,99,9,99,1,0,0,0,0,0,5,15
2024010510714,2024,010510714,535949,183398,-0.04138,51.53313,3,3,5,01:49,-1,E09000030,4,2,1,0,1,19,"[3, 7]","[7, 3]",0,0,0,1,0,0,0,0,0,5,16
2024010510715,2024,010510715,531244,186489,-0.10802,51.56202,3,3,5,00:37,-1,E09000019,3,2,1,0,1,19,3,7,0,0,0,0,0,0,1,0,0,5,16
2024010510716,2024,010510716,526069,181123,-0.18456,51.51497,3,3,5,01:35,-1,E09000033,6,2,8,0,1,99,9,9,99,9,99,1,1,0,0,0,0,5,16
2024010510720,2024,010510720,546194,185763,0.1072,51.55182,3,3,4,18:10,-1,E09000002,3,2,9,-1,1,99,9,9,99,9,99,1,0,1,0,0,0,5,15
2024010510724,2024,010510724,519812,182226,-0.27431,51.52625,3,3,1,21:15,-1,E09000009,3,2,1,0,1,"[19, 5]","[7, 1]","[3, 5]",0,0,0,1,0,0,0,0,0,5,12
2024010510728,2024,010510728,510227,180360,-0.413,51.51142,2,2,4,23:30,-1,E09000017,5,2,1,0,1,"[10, 14]",5,"[3, 1]",0,0,0,1,0,1,0,0,0,5,15
2024010510737,2024,010510737,517473,189374,-0.30563,51.59098,3,3,3,15:40,-1,E09000015,6,0,9,-1,1,99,9,9,99,9,99,1,0,1,0,0,0,5,14
2024010510741,2024,010510741,524486,179099,-0.20807,51.49713,2,2,4,10:00,-1,E09000020,6,0,1,0,1,99,9,9,"[99, 8]",9,99,1,1,0,0,0,0,5,15
2024010510744,2024,010510744,530753,176055,-0.11897,51.46837,3,3,2,14:50,-1,E09000022,3,0,1,0,1,99,9,9,99,9,99,0,1,1,0,0,0,5,13
2024010510747,2024,010510747,527938,179787,-0.15812,51.50255,3,3,5,08:50,-1,E09000033,6,0,1,1,1,"[5, 19]","[1, 3]","[5, 7]",0,0,0,0,1,0,0,0,0,5,16
2024010510753,2024,010510753,533623,188459,-0.07298,51.57916,3,3,4,18:15,-1,E09000014,3,0,9,-1,1,99,9,9,99,9,99,1,0,1,0,0,0,5,15
2024010510755,2024,010510755,533353,183242,-0.07885,51.53234,3,3,4,20:10,-1,E09000012,6,0,9,-1,1,99,9,9,99,9,99,1,0,1,0,0,0,5,15
2024010510756,2024,010510756,520888,166642,-0.26413,51.38596,3,3,1,20:45,-1,E09000021,6,0,1,0,1,99,9,9,99,9,99,1,1,0,0,0,0,5,12
2024010510757,2024,010510757,530972,185440,-0.11234,51.55265,3,3,4,14:01,-1,E09000019,3,0,1,0,1,"[9, 19]",3,"[8, 7]",0,0,0,1,0,1,0,0,0,5,15
2024010510758,2024,010510758,526173,178892,-0.18386,51.4949,2,2,5,09:35,-1,E09000020,3,0,1,1,1,"[19, 6]","[7, 3]",3,0,0,0,1,0,1,0,0,0,5,16
2024010510762,2024,010510762,531573,190447,-0.1018,51.59751,3,3,5,09:55,-1,E09000014,6,0,2,1,1,"[9, 19]","[3, 7]","[8, 3]",0,0,0,1,0,0,0,0,0,5,16
2024010510765,2024,010510765,526100,193078,-0.17983,51.6224,3,3,4,09:30,-1,E09000003,6,0,9,-1,1,99,9,9,99,9,99,1,0,1,0,0,0,5,15
2024010510766,2024,010510766,528992,183960,-0.14142,51.53981,3,3,4,15:02,-1,E09000007,3,0,1,0,1,5,0,5,0,0,0,0,0,0,1,0,0,5,15
2024010510767,2024,010510767,532949,188298,-0.08276,51.57787,3,3,3,17:50,-1,E09000014,3,0,1,0,1,99,9,9,99,9,99,1,0,1,0,0,0,5,14
2024010510777,2024,010510777,512643,183893,-0.37707,51.5427,3,3,4,01:05,-1,E09000009,3,2,9,-1,1,99,9,9,99,9,99,1,0,0,0,0,0,4,24
2024010510778,2024,010510778,512350,182348,-0.38179,51.52888,3,3,5,08:30,-1,E09000017,6,0,1,0,1,99,9,9,99,9,99,1,1,0,0,0,0,5,16
2024010510779,2024,010510779,521257,189916,-0.25084,51.59505,3,3,1,22:30,-1,E09000003,6,2,1,0,1,99,9,9,99,9,99,1,0,1,0,0,0,5,12
2024010510781,2024,010510781,542028,181715,0.04552,51.51651,3,3,5,08:30,-1,E09000025,5,0,8,1,1,19,7,3,0,0,0,1,0,0,0,0,1,5,16
2024010510788,2024,010510788,541096,174315,0.02914,51.45025,3,3,6,17:00,-1,E09000011,3,0,1,0,1,"[19, 99]","[5, 9]","[1, 9]",0,0,0,1,0,0,0,0,0,5,10
2024010510791,2024,010510791,518022,169798,-0.30425,51.41493,3,3,4,15:40,-1,E09000021,6,0,1,0,1,99,9,9,99,9,99,1,1,0,0,0,0,5,15
2024010510795,2024,010510795,531586,186680,-0.10302,51.56365,3,3,5,11:40,-1,E09000019,3,0,1,1,1,"[19, 6]","[1, 5]",5,0,0,0,1,0,1,0,0,0,5,16
2024010510796,2024,010510796,536768,184537,-0.02914,51.54317,3,3,5,10:00,-1,E09000012,3,0,1,0,1,19,5,1,0,0,0,1,0,0,0,0,0,5,16
2024010510798,2024,010510798,533969,187051,-0.06852,51.56643,3,3,4,13:30,-1,E09000012,6,0,9,-1,1,99,9,9,99,9,99,1,0,1,0,0,0,5,15
2024010510800,2024,010510800,545461,173150,0.09144,51.43868,3,3,5,07:40,-1,E09000004,4,0,1,1,1,"[9, 19]",5,2,0,0,0,1,0,1,0,0,0,5,16
2024010510801,2024,010510801,534732,181818,-0.05952,51.51922,3,3,5,09:32,-1,E09000030,3,0,1,1,1,"[2, 14]","[0, 3]","[0, 7]",0,0,0,0,1,0,1,0,0,5,16
2024010510803,2024,010510803,535206,179384,-0.05363,51.49723,2,2,4,17:50,-1,E09000028,3,0,1,0,1,99,9,9,99,9,99,1,1,0,0,0,0,4,24
2024010510804,2024,010510804,531452,179420,-0.10766,51.49844,3,3,4,16:20,-1,E09000028,3,0,1,0,1,99,9,9,99,9,99,0,1,0,0,0,1,5,15
2024010510808,2024,010510808,528682,177160,-0.14837,51.47877,2,2,5,09:00,-1,E09000032,3,0,2,1,1,"[13, 19]",9,9,"[99, 10]",9,99,0,1,0,1,0,0,5,16
2024010510812,2024,010510812,537526,182930,-0.01885,51.52854,3,3,5,09:27,-1,E09000030,3,0,2,1,1,19,7,3,0,0,0,0,1,0,0,0,1,5,16
2024010510813,2024,010510813,533877,183965,-0.07102,51.53872,3,3,5,14:55,-1,E09000012,6,0,1,0,1,4,7,3,0,0,0,1,0,1,0,0,0,5,16
2024010510825,2024,010510825,543853,182762,0.07223,51.52546,3,3,5,14:47,-1,E09000025,3,0,8,0,2,99,9,9,99,9,99,1,0,0,0,0,0,5,16
2024010510826,2024,010510826,555898,185872,0.2471,51.5502,3,3,5,15:35,-1,E09000016,4,0,9,-1,1,1,1,5,0,0,0,1,0,0,0,0,1,5,9
2024010510828,2024,010510828,535649,196125,-0.04079,51.64757,3,3,5,14:10,-1,E09000010,3,0,1,0,1,99,9,9,99,9,99,1,0,1,0,0,0,5,16
2024010510830,2024,010510830,514185,175824,-0.35746,51.46987,2,2,5,14:30,-1,E09000018,3,0,1,0,1,10,5,3,0,0,0,0,0,0,1,0,0,5,16
2024010510835,2024,010510835,530687,182133,-0.11767,51.523,3,3,5,15:40,-1,E09000007,6,0,1,0,1,99,9,9,99,9,99,1,0,0,0,0,1,5,16
2024010510836,2024,010510836,538812,188900,0.00204,51.58187,3,3,5,13:40,-1,E09000031,3,0,1,0,2,"[4, 9]","[5, 7]","[1, 5]",0,0,0,1,0,1,0,0,0,5,16
2024010510838,2024,010510838,521097,183993,-0.25519,51.54185,3,3,5,14:55,-1,E09000005,3,0,8,1,1,"[19, 9]","[5, 7]","[1, 5]",0,0,0,1,0,0,1,0,0,5,16
2024010510839,2024,010510839,517559,189761,-0.30426,51.59444,3,3,5,16:20,-1,E09000015,5,0,1,0,1,"[19, 2]","[3, 0]","[7, 0]",0,0,0,1,0,0,0,0,0,5,16
2024010510842,2024,010510842,527409,176349,-0.16698,51.47177,3,3,5,15:45,-1,E09000032,3,0,8,1,1,19,3,7,0,0,0,0,0,0,0,0,1,5,16
2024010510843,2024,010510843,518067,165053,-0.30518,51.37227,2,2,5,15:10,-1,E09000021,3,0,1,0,1,19,1,5,0,0,0,1,0,0,0,0,1,5,16
2024010510846,2024,010510846,536356,198768,-0.02955,51.67114,3,3,5,15:28,-1,E09000010,5,0,1,0,1,7,5,7,0,0,0,1,0,0,0,0,1,5,16
2024010510847,2024,010510847,511714,181981,-0.39107,51.5257,3,3,5,15:40,-1,E09000017,3,0,1,0,1,99,9,9,99,9,99,1,0,0,0,0,0,5,16
2024010510848,2024,010510848,545357,187260,0.09575,51.56549,3,3,5,17:15,-1,E09000026,6,0,1,0,1,"[19, 2]","[1, 0]","[5, 0]",0,0,0,1,0,0,0,0,0,5,16
2024010510850,2024,010510850,528478,188161,-0.14729,51.57768,3,3,5,16:33,-1,E09000014,3,0,1,0,1,4,5,1,0,0,0,1,0,0,0,0,1,5,16
2024010510858,2024,010510858,530407,177217,-0.12352,51.47889,3,3,4,13:45,-1,E09000022,3,0,1,0,1,99,9,9,99,9,99,1,1,0,0,0,0,5,15
2024010510859,2024,010510859,524848,169719,-0.20617,51.41275,3,3,3,16:30,-1,E09000024,3,0,1,0,1,99,9,9,99,9,99,1,0,1,0,0,0,5,14
2024010510862,2024,010510862,507727,183241,-0.44813,51.5378,3,3,6,07:50,-1,E09000017,6,0,8,0,1,99,9,9,99,9,99,1,0,0,0,0,1,5,10
2024010510867,2024,010510867,530525,183016,-0.11968,51.53097,2,2,5,14:57,-1,E09000019,3,0,1,1,1,15,7,3,0,0,0,1,0,0,0,0,1,5,16
2024010510874,2024,010510874,521597,180899,-0.24905,51.51394,3,3,5,18:17,-1,E09000009,3,0,1,1,1,"[5, 9]",5,"[1, 2]",0,0,0,1,0,1,0,0,0,5,16
2024010510875,2024,010510875,532906,182556,-0.08555,51.52628,3,3,5,13:10,-1,E09000012,3,0,1,1,1,99,9,9,99,9,99,0,1,0,0,0,1,5,16
2024010510878,2024,010510878,516449,176613,-0.32462,51.4765,3,3,5,08:30,-1,E09000018,3,0,1,0,1,"[9, 19]","[1, 5]","[7, 1]","[11, 99]",0,0,1,1,0,0,0,0,5,9
2024010510887,2024,010510887,534737,181859,-0.05943,51.51959,3,3,5,13:55,-1,E09000030,3,0,2,1,1,"[19, 11]",3,7,0,0,0,0,0,1,0,0,0,5,16
2024010510888,2024,010510888,542861,182332,0.05777,51.52184,3,3,5,17:34,-1,E09000025,3,0,1,0,1,14,1,5,0,0,0,1,0,0,0,0,1,5,16
2024010510889,2024,010510889,538096,186451,-0.00925,51.56004,3,3,5,20:26,-1,E09000031,3,2,1,0,1,"[4, 11]",8,4,0,0,0,1,0,0,0,0,0,5,16
2024010510891,2024,010510891,526228,175164,-0.1844,51.46138,3,3,5,20:55,-1,E09000032,3,2,2,1,1,"[19, 5]","[1, 7]","[5, 3]",0,0,0,0,1,1,0,0,0,5,16
2024010510893,2024,010510893,527890,174590,-0.16069,51.45585,3,3,4,18:50,-1,E09000032,6,0,1,0,1,99,9,9,99,9,99,1,0,0,0,1,0,5,15
2024010510895,2024,010510895,538250,171478,-0.01289,51.42546,3,3,5,15:47,-1,E09000023,3,0,1,0,1,19,3,7,0,0,0,1,0,0,0,0,0,5,16
2024010510898,2024,010510898,531203,182796,-0.10999,51.52884,3,3,5,14:39,-1,E09000019,5,0,1,0,1,3,3,7,0,0,0,0,1,0,0,0,0,5,16
2024010510899,2024,010510899,532340,178218,-0.09533,51.48743,2,2,4,11:45,-1,E09000028,3,0,1,0,1,99,9,9,99,9,99,0,1,0,1,0,0,5,15
2024010510901,2024,010510901,537483,182057,-0.0198,51.52071,3,3,5,21:09,-1,E09000030,6,2,1,0,1,"[19, 2]","[7, 3, 0]","[3, 7, 0]",0,0,0,1,0,0,0,0,0,5,16
2024010510908,2024,010510908,534725,191207,-0.05603,51.60359,2,2,5,21:20,-1,E09000014,6,2,1,0,1,1,3,7,0,0,0,1,0,0,0,0,1,5,16
2024010510910,2024,010510910,531783,165929,-0.10791,51.37713,2,2,5,21:23,-1,E09000008,3,2,8,1,1,5,5,1,7,6,10,1,0,0,0,0,1,5,16
2024010510912,2024,010510912,543917,184401,0.07382,51.54017,2,2,5,10:45,-1,E09000002,3,2,1,0,1,"[19, 5]",3,7,0,0,0,1,0,1,0,0,0,5,16
2024010510913,2024,010510913,532082,179728,-0.09848,51.50106,3,3,7,23:10,-1,E09000028,3,2,1,0,1,99,9,9,99,9,99,0,1,0,0,0,0,5,11
2024010510914,2024,010510914,533389,179402,-0.07978,51.49783,3,3,5,22:48,-1,E09000028,3,2,1,0,1,99,9,9,99,9,99,1,1,0,0,0,0,5,16
2024010510919,2024,010510919,528941,183903,-0.14218,51.53931,2,2,6,00:43,-1,E09000007,3,2,1,0,1,19,7,3,0,0,0,1,0,0,0,0,1,5,17
2024010510921,2024,010510921,537322,181656,-0.02228,51.51714,3,3,6,00:50,-1,E09000030,5,2,1,0,1,99,9,9,99,9,99,1,0,1,0,0,0,5,17
2024010510924,2024,010510924,531000,175273,-0.11571,51.46128,3,3,5,22:26,-1,E09000022,3,2,1,0,1,5,1,5,"[10, 0]",0,0,1,0,1,0,0,0,5,16
2024010510930,2024,010510930,531569,169756,-0.10957,51.41157,3,3,6,05:45,-1,E09000008,4,0,1,0,1,99,9,9,99,9,99,1,1,0,0,0,0,5,17
2024010510932,2024,010510932,529892,188658,-0.12672,51.58182,3,3,5,15:15,-1,E09000014,3,0,1,-1,1,99,9,9,99,9,99,1,0,0,0,0,1,5,16
2024010510935,2024,010510935,534111,189087,-0.0657,51.58469,3,3,6,07:04,-1,E09000014,3,0,1,0,1,"[5, 9]",1,"[5, 7]",0,0,0,1,0,1,0,0,0,5,17
2024010510937,2024,010510937,531212,166148,-0.11603,51.37923,3,3,3,06:30,-1,E09000008,6,0,2,1,1,99,9,9,99,9,99,1,0,0,0,1,0,5,14
2024010510939,2024,010510939,527149,170975,-0.17265,51.42353,3,3,6,07:00,-1,E09000032,3,0,1,0,1,"[7, 19]",2,"[5, 6]",0,0,0,1,1,0,0,0,0,5,17
2024010510943,2024,010510943,532813,188058,-0.08481,51.57575,3,3,4,17:20,-1,E09000014,3,0,1,0,1,99,9,9,99,9,99,0,0,1,0,0,0,5,15
2024010510945,2024,010510945,510813,175887,-0.40596,51.47111,3,3,6,08:25,-1,E09000018,3,0,1,0,1,4,7,3,0,0,0,1,0,0,0,0,0,5,17
2024010510946,2024,010510946,540690,171110,0.02203,51.42155,3,3,6,08:35,-1,E09000006,3,0,1,0,1,99,9,9,99,9,99,0,1,0,0,0,1,5,17
2024010510949,2024,010510949,531045,175452,-0.11499,51.46288,3,3,4,18:45,-1,E09000022,3,0,1,0,1,"[5, 19]",1,5,0,0,0,1,0,0,1,0,0,5,8
2024010510952,2024,010510952,521806,180503,-0.24618,51.51034,2,2,6,07:55,-1,E09000013,5,0,1,0,1,"[7, 15]",1,"[3, 5]",0,0,0,1,1,0,0,0,0,5,17
2024010510954,2024,010510954,543087,183937,0.06168,51.53621,3,3,5,11:50,-1,E09000025,6,0,9,-1,1,99,9,9,99,9,99,1,0,1,0,0,0,5,16
2024010510958,2024,010510958,518325,166655,-0.30094,51.38661,3,3,2,18:00,-1,E09000021,4,0,1,0,1,99,9,9,99,9,99,1,0,0,0,0,0,5,13
2024010510963,2024,010510963,530084,158829,-0.1349,51.31371,3,3,6,08:10,-1,E09000008,4,0,1,0,1,99,9,9,99,9,99,1,0,0,0,0,0,5,17
2024010510966,2024,010510966,526702,176530,-0.17709,51.47355,3,3,6,07:30,-1,E09000032,4,0,1,0,1,99,9,9,99,9,99,0,1,0,0,0,0,5,17
2024010510968,2024,010510968,533958,173914,-0.07367,51.44838,3,3,6,09:30,-1,E09000028,3,0,1,0,1,4,5,1,0,0,0,0,0,0,1,0,0,5,17
2024010510969,2024,010510969,528081,174291,-0.15806,51.45312,3,3,3,15:55,-1,E09000032,6,0,9,-1,1,99,9,9,99,9,99,1,0,1,0,0,0,5,14
2024010510973,2024,010510973,527536,173055,-0.16634,51.44214,3,3,7,14:00,-1,E09000032,3,0,1,0,1,99,9,9,99,9,99,1,0,1,0,0,0,5,11
2024010510977,2024,010510977,540404,168712,0.01697,51.40007,3,3,5,21:45,-1,E09000006,5,2,1,0,1,19,1,5,99,9,99,1,0,0,0,0,1,5,2
2024010510980,2024,010510980,538468,186454,-0.00389,51.55998,3,3,6,09:50,-1,E09000031,3,0,8,0,1,99,9,9,99,9,99,1,1,0,0,0,0,5,17
2024010510981,2024,010510981,545133,172191,0.08633,51.43014,3,3,5,16:20,-1,E09000004,3,0,1,0,1,99,9,9,99,9,99,1,0,1,0,0,0,5,16
2024010510982,2024,010510982,528080,178402,-0.15658,51.49007,2,2,6,11:45,-1,E09000020,3,0,1,0,1,9,3,8,0,0,0,1,0,0,0,0,1,5,17
2024010510983,2024,010510983,527181,173607,-0.17125,51.44718,3,3,2,16:55,-1,E09000032,3,0,1,0,1,99,9,9,99,9,99,1,0,1,0,0,0,5,13
2024010510986,2024,010510986,510809,175863,-0.40603,51.47089,3,3,7,07:20,-1,E09000018,3,0,1,0,1,99,9,9,99,9,99,1,0,0,0,0,0,5,11
2024010510990,2024,010510990,533084,164705,-0.08969,51.36582,2,2,6,09:40,-1,E09000008,3,0,1,0,1,"[19, 9]","[3, 5]","[7, 3]",0,0,0,1,0,1,0,0,0,5,17
2024010510992,2024,010510992,520893,195260,-0.25425,51.64315,3,3,7,17:50,-1,E09000003,3,0,9,-1,2,19,5,1,99,9,99,0,0,0,1,0,0,5,4
2024010510996,2024,010510996,551573,177119,0.18101,51.47274,2,"[2, 3]",6,08:54,-1,E09000004,3,0,1,0,1,19,1,5,0,0,0,1,0,0,0,0,1,5,17
2024010510997,2024,010510997,527652,177814,-0.16295,51.48488,3,3,6,15:00,-1,E09000020,4,0,9,-1,1,99,9,9,99,9,99,1,0,1,0,0,0,5,10
2024010511000,2024,010511000,551211,188080,0.1805,51.57132,3,3,6,10:33,-1,E09000016,3,0,1,0,1,"[8, 7]",7,2,0,0,0,1,0,1,0,0,0,5,17
2024010511002,2024,010511002,545327,183156,0.09363,51.52862,3,3,3,08:30,-1,E09000002,6,0,9,-1,1,19,1,5,99,9,99,1,0,0,0,0,1,4,30
2024010511004,2024,010511004,514022,191395,-0.35476,51.60985,3,3,6,12:25,-1,E09000015,3,0,1,0,1,"[9, 19]",7,"[5, 3]",0,"[0, 3]",0,1,0,1,0,0,0,5,17
2024010511009,2024,010511009,531825,188325,-0.09896,51.57838,3,3,7,19:45,-1,E09000014,3,0,1,0,1,99,9,9,99,9,99,1,1,0,0,0,0,5,11
2024010511010,2024,010511010,538308,166265,-0.01409,51.3786,3,3,4,08:15,-1,E09000006,3,0,9,-1,1,99,9,9,"[99, 8]",9,99,1,1,0,0,0,0,5,15
2024010511012,2024,010511012,535969,180889,-0.04206,51.51058,2,2,5,16:30,-1,E09000030,3,0,1,0,1,"[8, 19]",1,"[4, 5]",0,0,0,1,0,1,0,0,0,5,16
2024010511016,2024,010511016,534423,168928,-0.06887,51.40346,3,3,6,08:25,-1,E09000008,3,0,1,0,1,9,1,7,0,0,0,1,1,0,0,0,0,5,17
2024010511021,2024,010511021,527713,168310,-0.1655,51.39945,2,2,3,08:35,-1,E09000024,3,0,2,1,1,99,9,9,99,9,99,1,0,1,0,0,0,5,14
2024010511027,2024,010511027,548241,185930,0.13677,51.55279,3,3,6,07:25,-1,E09000002,3,0,1,0,1,19,"[5, 7]","[1, 3]","[0, 10]",0,0,1,0,0,0,0,0,5,17
2024010511031,2024,010511031,549449,185032,0.1538,51.5444,3,3,6,11:32,-1,E09000002,6,0,1,0,1,99,9,9,99,9,99,1,0,0,0,0,0,5,17
2024010511041,2024,010511041,521600,187612,-0.24669,51.57427,3,3,6,15:30,-1,E09000003,6,0,1,0,1,19,1,5,0,0,0,1,0,0,0,0,1,5,17
2024010511042,2024,010511042,526806,181985,-0.17363,51.52255,3,3,4,17:30,-1,E09000033,3,0,1,0,1,"[10, 13]",5,"[2, 1]",0,"[9, 0]",0,1,0,0,0,0,0,5,8
2024010511049,2024,010511049,537608,194312,-0.01321,51.6308,3,3,5,13:55,-1,E09000031,3,0,1,0,1,99,9,9,99,9,99,1,0,0,0,0,0,5,16
2024010511051,2024,010511051,537393,182693,-0.02085,51.52644,3,3,5,21:15,-1,E09000030,5,2,9,-1,1,99,9,9,99,9,99,1,0,1,0,0,0,5,16
2024010511055,2024,010511055,531174,190021,-0.10772,51.59377,3,3,6,16:10,-1,E09000014,3,0,1,0,1,5,8,4,0,0,0,0,0,0,1,0,0,5,17
2024010511063,2024,010511063,527910,177768,-0.15926,51.48441,2,2,6,18:20,-1,E09000020,3,0,1,0,1,"[9, 19]","[3, 7]","[1, 3]",0,"[0, 1]",0,1,1,0,0,0,0,5,17
2024010511067,2024,010511067,521955,192195,-0.23998,51.61538,3,3,6,16:30,-1,E09000003,4,0,8,0,1,99,9,9,99,9,99,1,0,1,0,0,0,5,17
2024010511069,2024,010511069,532573,182614,-0.09032,51.52688,2,2,2,14:20,-1,E09000019,6,0,1,0,1,"[99, 2]","[9, 0]","[9, 0]",99,9,99,1,0,0,0,1,1,5,13
2024010511080,2024,010511080,525509,179912,-0.19306,51.50421,3,3,6,14:00,-1,E09000020,3,2,9,-1,1,99,9,9,"[0, 8]",0,0,1,1,0,0,0,0,5,17
2024010511081,2024,010511081,528941,183406,-0.14236,51.53484,2,2,6,18:25,-1,E09000007,6,0,1,0,1,"[1, 19]","[7, 3]","[3, 7]",0,0,0,1,0,1,0,0,0,5,17
2024010511083,2024,010511083,532912,164296,-0.09231,51.36219,2,2,5,21:45,-1,E09000008,4,2,1,1,1,19,1,5,0,0,0,1,1,0,0,0,0,5,16
2024010511091,2024,010511091,525041,171026,-0.20294,51.42446,3,3,6,15:10,-1,E09000024,4,0,1,0,1,"[19, 4]",3,7,0,0,0,1,0,1,0,0,0,5,17
2024010511093,2024,010511093,532798,171556,-0.09123,51.42746,3,3,6,17:09,-1,E09000022,6,0,1,0,1,19,3,7,0,0,0,1,0,0,0,0,1,5,17
2024010511098,2024,010511098,531251,167912,-0.11482,51.39507,3,3,4,15:20,-1,E09000008,3,0,1,0,1,99,9,9,99,9,99,0,1,1,0,0,0,5,15
2024010511100,2024,010511100,526263,182620,-0.18123,51.52838,2,2,6,20:49,-1,E09000033,3,2,1,0,1,"[10, 19]","[6, 4]","[4, 8]",0,0,0,1,1,0,0,0,0,5,17
2024010511103,2024,010511103,512054,180540,-0.38663,51.51268,3,3,6,15:28,-1,E09000009,3,0,1,0,1,3,7,3,0,0,0,1,0,0,0,0,1,5,17
2024010511104,2024,010511104,530960,187273,-0.11183,51.56913,3,3,6,22:05,-1,E09000019,3,2,1,0,1,19,3,7,0,0,0,1,0,0,0,0,1,5,17
2024010511108,2024,010511108,531175,176448,-0.11275,51.4718,2,2,6,10:10,-1,E09000022,3,0,9,-1,1,99,9,9,99,9,99,1,0,0,0,0,1,5,17
2024010511112,2024,010511112,518015,183742,-0.2997,51.54025,3,3,6,20:30,-1,E09000005,3,0,1,0,1,"[9, 19]","[7, 3]","[5, 7]",0,0,0,1,0,1,0,0,0,5,17
2024010511117,2024,010511117,512015,177779,-0.38807,51.48788,3,3,5,21:45,-1,E09000018,1,2,1,0,1,"[19, 3]",3,7,99,9,99,1,0,0,0,0,0,5,16