collision_index,collision_year,collision_ref_no,location_easting_osgr,location_northing_osgr,longitude,latitude,casualty_severity,casualty_severity,day_of_week,time,local_authority_district,local_authority_ons_district,first_road_class,light_conditions,weather_conditions,road_surface_conditions,urban_or_rural_area,vehicle_manoeuvre,vehicle_direction_from,vehicle_direction_to,hit_object_in_carriageway,vehicle_leaving_carriageway,hit_object_off_carriageway,is_car,is_cyle,is_mcyle,is_goodsv,is_other,is_pedestrian,month,day
2024010511548,2024,010511548,510102,175219,-0.4164,51.46524,3,3,2,15:40,-1,E09000018,6,0,1,0,1,14,7,3,0,0,0,0,0,1,0,0,0,5,20
2024010511555,2024,010511555,535461,169956,-0.05356,51.41245,2,2,2,15:05,-1,E09000006,3,0,1,0,1,19,6,2,0,0,0,1,0,0,0,0,1,5,20
2024010511562,2024,010511562,525700,176229,-0.19162,51.47107,3,3,2,15:45,-1,E09000013,3,0,1,0,1,"[4, 19, 7]","[5, 1]","[1, 5, 8]",0,"[1, 0]",0,1,0,0,1,0,0,5,20
2024010511563,2024,010511563,532690,176017,-0.09111,51.46757,3,3,1,19:10,-1,E09000028,3,0,1,0,1,99,9,9,99,9,99,0,1,0,0,0,1,5,19
2024010511570,2024,010511570,550101,189205,0.16498,51.58172,3,3,2,14:00,-1,E09000016,5,0,1,0,1,"[19, 9]","[5, 1]","[1, 7]",0,0,0,1,0,0,0,0,0,5,20
2024010511571,2024,010511571,552837,185268,0.20272,51.54561,3,3,2,16:50,-1,E09000016,5,0,8,0,1,"[10, 19, 2]","[1, 0]","[7, 5, 0]",0,"[0, 8]","[0, 10]",1,0,1,0,0,0,5,20
2024010511572,2024,010511572,529794,186225,-0.12903,51.55998,2,2,2,09:15,-1,E09000019,6,0,1,0,1,99,9,9,99,9,99,1,1,0,0,0,0,5,20
2024010511573,2024,010511573,546602,163997,0.10407,51.35614,3,3,2,15:15,-1,E09000006,6,0,1,0,1,99,9,9,99,9,99,1,0,0,0,0,0,5,20
2024010511576,2024,010511576,516945,185221,-0.31463,51.55376,2,2,2,17:55,-1,E09000005,3,0,1,0,1,19,1,5,0,0,0,1,0,0,0,0,1,5,20
2024010511577,2024,010511577,547977,189728,0.13456,51.58698,3,3,1,12:00,-1,E09000002,6,0,1,0,1,"[10, 4]","[7, 1]",5,0,0,0,1,1,0,0,0,0,5,19
2024010511580,2024,010511580,545004,188315,0.0911,51.57506,3,3,2,17:43,-1,E09000026,3,0,1,0,1,"[3, 19]",3,7,"[0, 7]",0,0,1,0,0,0,0,0,5,20
2024010511586,2024,010511586,532133,179029,-0.098,51.49477,3,3,2,14:23,-1,E09000028,3,0,1,0,1,4,3,7,0,0,0,0,0,0,1,0,0,5,20
2024010511588,2024,010511588,519931,166052,-0.27808,51.38086,2,2,2,17:40,-1,E09000021,6,0,1,0,1,19,1,5,0,0,0,1,0,0,0,0,1,5,20
2024010511589,2024,010511589,527155,165303,-0.1746,51.37256,3,3,2,16:17,-1,E09000029,4,0,1,0,1,"[10, 9]","[7, 5]","[5, 3]",0,0,0,1,0,1,0,0,0,5,20
2024010511594,2024,010511594,525868,171438,-0.1909,51.42798,3,3,2,15:46,-1,E09000024,3,0,1,0,1,99,9,9,99,9,99,1,0,0,0,0,0,5,20
2024010511601,2024,010511601,533696,183014,-0.07399,51.53021,3,3,2,18:55,-1,E09000030,3,0,1,0,1,"[13, 9]",3,"[7, 1]",0,0,0,0,1,1,0,0,0,5,20
2024010511602,2024,010511602,533985,192431,-0.06624,51.61477,3,3,2,18:00,-1,E09000010,3,0,1,0,1,"[15, 19]","[3, 7]","[7, 3]",0,0,0,1,0,1,0,0,0,5,20
2024010511603,2024,010511603,530920,166011,-0.12028,51.37806,3,3,2,14:12,-1,E09000008,6,0,1,0,1,3,1,5,0,0,0,1,0,0,0,0,0,5,20
2024010511605,2024,010511605,532771,170935,-0.09185,51.42188,3,3,2,16:20,-1,E09000008,3,0,1,0,1,99,9,9,99,9,99,1,0,0,0,0,0,5,20
2024010511609,2024,010511609,517786,168892,-0.30794,51.40683,3,3,7,09:39,-1,E09000021,3,0,1,1,1,99,9,9,99,9,99,1,1,0,0,0,0,5,18
2024010511610,2024,010511610,530933,172124,-0.11783,51.433,3,3,2,18:50,-1,E09000022,5,0,1,0,1,"[19, 9]","[3, 5]","[7, 3]",0,0,0,0,0,1,1,0,0,5,20
2024010511613,2024,010511613,524993,163841,-0.20615,51.3599,3,3,2,18:33,-1,E09000029,3,0,1,0,1,99,9,9,99,9,99,1,1,0,0,0,0,5,20
2024010511614,2024,010511614,536848,190819,-0.02554,51.5996,3,3,2,19:03,-1,E09000031,4,0,1,0,1,"[19, 12, 9]",3,"[7, 1]","[0, 4]","[0, 7]","[0, 1]",1,0,0,0,0,0,5,20
2024010511617,2024,010511617,526433,182338,-0.17888,51.52581,2,2,2,19:46,-1,E09000033,3,0,1,0,1,5,7,3,0,0,0,0,0,0,1,0,0,5,20
2024010511619,2024,010511619,508218,181204,-0.44168,51.5194,3,3,1,19:50,-1,E09000017,6,0,8,0,1,99,9,9,99,9,99,1,0,0,0,0,0,5,19
2024010511620,2024,010511620,536520,167412,-0.03932,51.38934,3,3,2,18:20,-1,E09000006,6,0,1,0,1,"[19, 10]",5,"[1, 3]",0,"[7, 0]",0,1,1,0,0,0,0,5,20
2024010511621,2024,010511621,533652,179898,-0.07581,51.50222,2,2,2,18:54,-1,E09000028,6,0,1,0,1,"[9, 19]","[1, 5]","[6, 1]",0,0,0,0,1,0,0,0,0,5,20
2024010511624,2024,010511624,512457,173148,-0.38318,51.44617,3,3,7,19:28,-1,E09000027,3,0,1,0,1,99,9,9,99,9,99,1,0,0,0,0,0,5,18
2024010511632,2024,010511632,520599,178901,-0.26411,51.4962,3,3,2,16:45,-1,E09000009,4,0,1,0,1,99,9,9,99,9,99,1,0,0,0,0,0,5,20
2024010511634,2024,010511634,534837,181846,-0.058,51.51945,3,3,5,14:45,-1,E09000030,3,0,1,0,1,99,9,9,99,9,99,1,1,0,0,0,0,5,2
2024010511637,2024,010511637,548244,167029,0.12889,51.38296,3,3,2,20:52,-1,E09000006,6,2,1,0,2,19,"[1, 5]","[5, 1]",0,0,0,1,0,0,0,0,0,5,20
2024010511639,2024,010511639,513714,172825,-0.3652,51.44301,3,3,2,12:00,-1,E09000027,4,0,1,0,1,99,9,9,99,9,99,1,1,0,0,0,0,5,20
2024010511643,2024,010511643,541220,190268,0.03732,51.59357,3,3,2,14:30,-1,E09000026,3,0,1,0,2,99,9,9,99,9,99,1,0,0,0,0,0,5,20
2024010511644,2024,010511644,522571,175073,-0.23704,51.46137,3,3,2,17:59,-1,E09000032,6,0,1,0,1,19,5,1,0,0,0,1,0,0,0,0,1,5,20
2024010511649,2024,010511649,542088,187849,0.04886,51.57161,3,3,1,18:54,-1,E09000026,3,2,1,0,2,"[19, 11]",3,7,0,0,0,1,0,0,0,0,0,5,19
2024010511652,2024,010511652,539167,182912,0.00479,51.52798,3,3,2,23:00,-1,E09000025,3,2,1,0,1,19,3,7,"[7, 0]",0,0,1,0,1,0,0,0,5,20
2024010511662,2024,010511662,530426,177037,-0.12331,51.47727,3,3,7,20:30,-1,E09000022,3,2,1,0,1,"[10, 19]",1,"[6, 5]",99,0,0,1,0,1,0,0,0,5,18
2024010511664,2024,010511664,531676,193428,-0.09919,51.62427,3,3,3,07:00,-1,E09000010,6,0,1,0,1,19,"[5, 1]","[1, 5]",0,0,0,1,0,1,0,0,0,5,21
2024010511667,2024,010511667,516791,179371,-0.31878,51.50122,3,3,7,15:45,-1,E09000009,6,0,1,0,1,99,9,9,99,9,99,1,0,1,0,0,0,5,18
2024010511674,2024,010511674,535567,179572,-0.04836,51.49884,3,3,2,12:00,-1,E09000028,6,0,1,0,1,7,5,8,0,0,0,1,0,0,0,0,1,4,8
2024010511677,2024,010511677,523562,187935,-0.21828,51.57675,2,2,3,09:25,-1,E09000003,3,0,1,0,1,"[9, 19]",7,"[4, 3]",0,0,0,1,0,1,0,0,0,5,21
2024010511680,2024,010511680,532466,197552,-0.08623,51.66115,3,3,2,17:00,-1,E09000010,6,0,1,0,1,99,9,9,99,9,99,1,0,1,0,0,0,5,20
2024010511688,2024,010511688,526798,169712,-0.17815,51.41226,2,2,3,10:59,-1,E09000024,3,0,1,0,1,"[19, 15]",5,1,0,0,0,1,0,1,0,0,0,5,21
2024010511692,2024,010511692,534269,189499,-0.06326,51.58835,3,3,7,22:55,-1,E09000014,3,2,9,-1,1,99,9,9,99,9,99,1,0,1,0,0,0,5,18
2024010511693,2024,010511693,535436,198210,-0.04306,51.66635,3,3,7,15:00,-1,E09000010,3,2,9,-1,1,99,9,9,99,9,99,1,0,1,0,0,0,5,18
2024010511694,2024,010511694,539373,188458,0.00995,51.57776,3,3,3,07:30,-1,E09000031,3,0,1,0,2,"[9, 19]","[4, 5]",1,0,0,0,1,1,0,0,0,0,5,21
2024010511695,2024,010511695,534243,187865,-0.06426,51.57368,3,3,2,21:40,-1,E09000012,6,0,1,0,1,99,9,9,99,9,99,1,0,1,0,0,0,5,20
2024010511697,2024,010511697,521215,178638,-0.25533,51.4937,2,2,3,13:25,-1,E09000018,4,0,2,-1,1,"[19, 6]",9,9,99,9,99,1,0,1,0,0,0,4,23
2024010511699,2024,010511699,525463,163083,-0.19967,51.35298,3,3,3,10:00,-1,E09000029,6,0,1,1,1,1,5,1,0,0,0,1,0,0,0,0,1,5,21
2024010511700,2024,010511700,533357,183194,-0.07881,51.53191,3,3,2,16:50,-1,E09000012,6,0,9,-1,1,99,9,9,99,9,99,1,0,1,0,0,0,5,20
2024010511703,2024,010511703,526312,196263,-0.17562,51.65098,3,3,2,12:10,-1,E09000003,6,0,1,0,1,99,9,9,99,9,99,1,0,1,0,0,0,5,20
2024010511706,2024,010511706,537853,172647,-0.01814,51.43606,3,3,3,09:00,-1,E09000023,3,0,1,0,1,19,"[3, 1]","[7, 5]",0,0,0,0,1,0,1,0,0,5,21
2024010511707,2024,010511707,541542,188815,0.04138,51.58043,3,3,2,12:50,-1,E09000026,3,0,1,0,2,"[19, 4]",1,5,0,0,0,1,0,0,0,0,0,5,20
2024010511708,2024,010511708,516081,174430,-0.33063,51.45696,3,3,2,14:04,-1,E09000027,3,0,8,0,1,99,9,9,99,9,99,0,0,1,0,0,0,5,20
2024010511709,2024,010511709,532305,159154,-0.10293,51.31612,3,3,1,17:40,-1,E09000008,6,0,1,0,1,99,9,9,99,9,99,1,0,1,0,0,0,5,19
2024010511712,2024,010511712,529739,181556,-0.13154,51.51803,3,3,3,12:46,-1,E09000007,3,0,2,0,1,19,1,5,0,0,0,0,0,1,0,0,1,5,21
2024010511718,2024,010511718,529733,163773,-0.13814,51.35822,2,2,3,13:30,-1,E09000029,4,0,2,1,1,"[9, 8]","[6, 1]","[3, 4]",0,0,0,1,1,0,0,0,0,5,21
2024010511719,2024,010511719,525525,180657,-0.19256,51.51091,2,2,3,12:30,-1,E09000033,6,0,2,1,1,19,1,5,0,0,0,1,0,0,0,0,1,5,21
2024010511723,2024,010511723,534725,174564,-0.06239,51.45404,3,3,3,13:24,-1,E09000028,4,0,2,1,1,"[9, 19]","[3, 1]","[1, 5]","[0, 10]",0,0,1,0,0,0,0,0,5,21
2024010511726,2024,010511726,513708,175489,-0.36443,51.46696,3,3,3,14:00,-1,E09000018,3,0,2,1,1,5,3,7,0,0,0,0,0,0,1,0,0,5,21
2024010511727,2024,010511727,527444,185004,-0.16335,51.54954,3,3,3,13:45,-1,E09000007,3,0,2,1,1,"[4, 19]",5,1,0,0,0,1,0,0,0,0,0,5,21
2024010511731,2024,010511731,555426,191198,0.24265,51.59819,3,3,2,08:35,-1,E09000016,5,0,8,0,1,99,9,9,99,9,99,1,0,0,0,0,1,5,20
2024010511733,2024,010511733,546274,177601,0.10497,51.47846,3,3,3,06:33,-1,E09000011,3,0,1,0,1,99,9,9,99,9,99,1,0,0,0,0,0,5,21
2024010511741,2024,010511741,526178,178688,-0.18386,51.49307,3,3,2,16:40,-1,E09000020,6,0,1,0,1,99,9,9,99,9,99,0,1,0,0,1,0,5,20
2024010511752,2024,010511752,532808,182113,-0.08713,51.52233,3,3,1,15:18,-1,E09000019,3,2,9,-1,1,99,9,9,99,9,99,1,0,1,0,0,0,5,19
2024010511755,2024,010511755,534520,173201,-0.06586,51.44184,3,3,2,16:53,-1,E09000028,3,0,1,0,1,99,9,9,99,9,99,1,0,1,0,0,0,5,20
2024010511756,2024,010511756,540071,184888,0.0186,51.54551,3,3,3,10:45,-1,E09000025,3,0,1,0,1,5,5,1,0,1,0,1,1,0,0,0,0,5,21
2024010511763,2024,010511763,547603,170833,0.12127,51.4173,3,3,3,16:01,-1,E09000004,3,0,2,1,1,19,7,3,0,0,0,1,0,0,0,0,0,5,21
2024010511765,2024,010511765,505956,183822,-0.47348,51.54336,3,3,3,06:41,-1,E09000017,3,0,1,0,1,99,9,9,99,9,99,1,1,0,0,0,0,5,21
2024010511772,2024,010511772,507075,178389,-0.459,51.49431,3,3,3,17:13,-1,E09000017,3,0,2,1,2,19,"[5, 7]","[1, 3]",0,0,0,1,1,0,0,0,0,5,21
2024010511776,2024,010511776,538507,183821,-0.00436,51.53631,3,3,3,15:21,-1,E09000025,3,0,2,1,1,19,7,3,0,0,0,1,0,0,0,0,1,5,21
2024010511777,2024,010511777,531393,184354,-0.10667,51.5428,3,3,3,17:48,-1,E09000019,4,0,2,1,1,9,"[3, 7]","[1, 4]",0,0,0,1,1,0,0,0,0,5,21
2024010511779,2024,010511779,523969,185832,-0.21315,51.55776,3,3,3,16:55,-1,E09000003,3,0,2,1,1,99,9,9,99,9,99,1,0,1,0,0,0,5,21
2024010511781,2024,010511781,534959,184938,-0.05506,51.5472,3,3,3,15:31,-1,E09000012,3,0,2,1,1,"[9, 10]",1,7,0,0,0,0,1,0,1,0,0,5,21
2024010511784,2024,010511784,529966,175642,-0.13045,51.46483,3,3,3,08:00,-1,E09000022,3,0,1,0,1,99,9,9,99,9,99,1,1,0,0,0,0,5,21
2024010511787,2024,010511787,512790,179461,-0.37637,51.50284,3,3,3,17:00,-1,E09000009,3,0,2,1,1,19,1,5,0,0,0,1,0,0,0,0,1,5,21
2024010511791,2024,010511791,525407,183274,-0.19333,51.53445,3,3,3,18:01,-1,E09000005,5,0,2,1,1,4,2,6,0,0,0,0,0,0,1,0,0,5,21
2024010511793,2024,010511793,531807,184466,-0.10066,51.54371,3,3,3,18:30,-1,E09000019,3,0,2,1,1,99,9,9,99,9,99,1,1,0,0,0,0,5,21
2024010511795,2024,010511795,533743,187788,-0.0715,51.5731,3,3,3,19:30,-1,E09000012,3,2,2,1,1,5,3,7,0,0,0,0,0,0,1,0,0,5,21
2024010511803,2024,010511803,528506,180246,-0.14978,51.50654,3,3,3,08:00,-1,E09000033,5,0,2,1,1,99,9,9,99,9,99,1,0,0,0,0,1,5,21
2024010511804,2024,010511804,530117,177495,-0.12759,51.48145,3,3,3,18:45,-1,E09000022,3,0,2,1,1,"[6, 19]","[1, 5]",1,0,0,0,1,0,1,0,0,0,5,21
2024010511806,2024,010511806,544424,186478,0.08198,51.5587,3,3,2,14:52,-1,E09000026,6,0,1,0,1,"[19, 2]","[3, 0]","[7, 0]","[99, 0]","[9, 0]","[99, 0]",1,0,0,0,0,1,5,20
2024010511808,2024,010511808,540295,183234,0.02117,51.53059,3,3,3,19:00,-1,E09000025,3,0,2,1,1,3,8,4,0,0,0,1,0,0,0,0,0,5,21
2024010511809,2024,010511809,542304,184459,0.0506,51.5411,3,3,3,19:00,-1,E09000025,3,0,2,1,1,99,9,9,99,9,99,1,0,0,0,1,0,5,21
2024010511814,2024,010511814,526211,175157,-0.18465,51.46132,3,3,3,18:20,-1,E09000032,3,0,2,1,1,99,9,9,99,9,99,1,1,0,0,0,0,5,21
2024010511817,2024,010511817,519351,178450,-0.28223,51.49241,3,3,3,09:45,-1,E09000018,3,0,2,0,1,99,9,9,99,9,99,1,0,0,0,0,0,5,21
2024010511820,2024,010511820,515551,168854,-0.34007,51.40695,2,2,1,11:05,-1,E09000027,3,0,1,0,1,99,9,9,99,9,99,1,1,0,0,0,0,5,5
2024010511821,2024,010511821,548851,184363,0.1449,51.53855,3,3,3,21:00,-1,E09000002,6,2,2,1,1,99,9,9,99,9,99,1,0,0,0,0,0,5,21
2024010511824,2024,010511824,523432,178408,-0.22349,51.49115,3,3,3,18:32,-1,E09000013,3,0,2,1,1,99,9,9,99,9,99,0,1,0,1,0,0,5,21
2024010511826,2024,010511826,538307,177659,-0.00966,51.48098,3,3,3,15:28,-1,E09000011,3,0,2,1,1,19,5,1,0,0,0,1,0,0,0,0,1,5,21
2024010511827,2024,010511827,545340,187898,0.09577,51.57122,3,3,3,14:03,-1,E09000026,5,0,2,1,1,99,9,9,99,9,99,1,0,1,0,0,0,5,21
2024010511830,2024,010511830,534837,199653,-0.05116,51.67946,3,3,3,18:55,-1,E09000010,3,2,2,1,1,99,9,9,99,9,99,1,0,0,0,0,0,5,21
2024010511841,2024,010511841,528516,180907,-0.14939,51.51248,3,3,3,21:01,-1,E09000033,5,2,2,1,1,99,9,9,99,9,99,1,0,0,0,0,0,5,21
2024010511842,2024,010511842,532734,178990,-0.08937,51.49428,3,3,3,22:27,-1,E09000028,6,2,2,1,1,"[19, 7]","[3, 7]","[7, 1]",0,0,0,0,1,0,1,0,0,5,21
2024010511843,2024,010511843,531076,182454,-0.11195,51.5258,3,3,3,23:28,-1,E09000019,3,2,2,1,1,"[7, 13]",5,"[8, 1]",0,1,0,0,1,0,1,0,0,5,21
2024010511844,2024,010511844,521445,177929,-0.25226,51.48728,3,3,3,22:20,-1,E09000018,3,2,1,1,1,19,7,3,0,"[0, 3]","[0, 10]",1,0,0,0,0,0,5,21
2024010511845,2024,010511845,532777,180308,-0.08825,51.50611,3,3,3,22:47,-1,E09000028,3,2,2,1,1,7,1,2,0,0,0,1,1,0,0,0,0,5,21
2024010511846,2024,010511846,530184,192131,-0.12122,51.61296,3,3,3,22:53,-1,E09000010,3,2,2,1,1,"[19, 9]","[7, 5]",3,"[7, 0]","[3, 0]","[10, 0]",1,0,0,0,0,0,5,21
2024010511847,2024,010511847,536694,170420,-0.03567,51.41632,2,"[3, 2]",4,00:49,-1,E09000006,6,2,1,1,1,"[2, 19]","[0, 7]","[0, 3]","[0, 4]","[0, 7]","[0, 4]",1,0,0,0,0,0,5,22
2024010511848,2024,010511848,518085,173962,-0.30196,51.45234,2,2,4,02:20,-1,E09000027,3,2,2,1,1,19,"[1, 5]","[5, 1]",0,0,0,1,0,1,0,0,0,5,22
2024010511849,2024,010511849,546622,184703,0.11293,51.54218,2,2,3,21:50,-1,E09000002,5,2,2,1,1,19,3,7,0,0,0,1,0,0,0,0,1,5,21
2024010511853,2024,010511853,553872,193353,0.22118,51.61797,2,"[3, 2]",3,22:25,-1,E09000016,5,2,2,1,2,19,7,3,10,1,4,1,0,0,0,0,0,5,21
2024010511854,2024,010511854,527917,170553,-0.16176,51.41957,2,2,4,02:21,-1,E09000024,3,2,2,1,1,5,5,1,0,0,0,0,0,0,1,0,1,5,22
2024010511862,2024,010511862,515100,184259,-0.34154,51.5455,2,2,4,07:47,-1,E09000009,3,0,1,1,1,13,1,5,0,0,0,0,0,1,0,0,1,5,22
2024010511863,2024,010511863,512730,173637,-0.37909,51.45051,3,3,4,06:37,-1,E09000027,3,0,2,1,1,5,3,7,0,0,0,0,0,0,1,0,0,5,22
2024010511864,2024,010511864,531506,189637,-0.10307,51.59025,3,3,4,07:15,-1,E09000014,3,0,2,1,1,19,1,5,0,0,0,0,0,0,1,0,1,5,22
2024010511866,2024,010511866,542257,184696,0.05002,51.54324,3,3,6,23:08,-1,E09000025,3,2,2,0,1,9,1,7,0,0,0,1,0,0,0,0,1,5,17
2024010511869,2024,010511869,533778,189636,-0.07029,51.5897,3,3,4,08:50,-1,E09000014,3,0,2,1,1,"[19, 9]","[5, 7]","[1, 5]",0,0,0,1,0,1,0,0,0,5,22
2024010511870,2024,010511870,523850,182604,-0.216,51.52877,3,3,4,10:00,-1,E09000033,4,0,2,1,1,"[3, 5]","[5, 0]",1,0,0,0,0,1,0,1,0,0,5,22
2024010511873,2024,010511873,516759,190573,-0.31553,51.6019,2,2,4,11:05,-1,E09000015,5,0,2,1,1,"[9, 19]",7,"[4, 3]",0,"[0, 1]","[0, 11]",1,0,0,0,0,0,5,22
2024010511876,2024,010511876,518583,165263,-0.2977,51.37405,3,3,4,11:34,-1,E09000021,3,0,1,0,1,19,5,1,0,0,0,1,0,0,1,0,0,5,22
2024010511877,2024,010511877,528268,166865,-0.15805,51.38634,2,2,4,07:47,-1,E09000029,3,0,2,1,1,"[9, 19]","[7, 5]","[5, 1]",0,0,0,1,1,0,0,0,0,5,22
2024010511879,2024,010511879,521163,185872,-0.25359,51.55873,3,3,4,11:50,-1,E09000005,3,0,2,1,1,"[19, 4]",3,7,0,0,0,1,0,0,1,0,0,5,22
2024010511880,2024,010511880,533630,186586,-0.07359,51.56233,3,3,4,11:10,-1,E09000012,3,0,2,1,1,19,1,5,0,0,0,0,1,0,0,0,1,5,22
2024010511882,2024,010511882,532017,174322,-0.10143,51.4525,3,3,4,09:05,-1,E09000022,3,0,2,1,1,19,1,5,0,0,0,0,1,0,0,0,1,5,22
2024010511884,2024,010511884,525569,181742,-0.19154,51.52065,2,2,4,14:26,-1,E09000033,3,0,2,1,1,19,5,1,0,0,0,1,0,0,0,0,1,5,22
2024010511885,2024,010511885,552807,181932,0.20084,51.51565,3,3,4,14:30,-1,E09000016,4,0,2,1,1,"[19, 5]",7,3,0,0,0,1,0,0,0,0,0,5,22
2024010511886,2024,010511886,528662,189531,-0.14414,51.58995,3,3,4,15:45,-1,E09000014,3,0,2,1,1,5,1,5,0,0,0,1,0,0,0,0,1,5,22
2024010511888,2024,010511888,538907,189009,0.00345,51.58283,3,3,4,16:19,-1,E09000031,6,0,1,0,1,"[19, 7]","[1, 5]","[5, 8]",0,"[0, 1]",0,1,0,0,0,0,0,5,22
2024010511890,2024,010511890,534663,173454,-0.0637,51.44408,3,3,4,14:26,-1,E09000023,5,0,2,1,1,"[19, 9]",1,"[5, 6]",0,0,0,1,0,0,0,0,0,5,22
2024010511891,2024,010511891,529761,182589,-0.13084,51.52731,2,2,4,17:45,-1,E09000007,3,0,2,1,1,19,1,5,0,0,0,0,1,0,1,0,0,5,22
2024010511892,2024,010511892,550013,174357,0.15739,51.44833,3,3,4,12:16,-1,E09000004,3,0,1,1,2,19,1,5,0,1,10,1,0,0,0,0,0,5,22
2024010511893,2024,010511893,522095,166208,-0.24694,51.3818,2,"[3, 2]",4,15:55,-1,E09000021,3,0,2,1,1,"[19, 9]","[8, 6]",4,0,0,0,1,0,0,0,0,0,5,22
2024010511894,2024,010511894,518078,167646,-0.30416,51.39557,3,3,4,17:30,-1,E09000021,4,0,1,0,1,19,1,5,0,9,99,0,0,0,0,0,1,5,15
2024010511895,2024,010511895,540477,183785,0.02401,51.5355,3,3,4,16:54,-1,E09000025,6,0,2,1,1,"[3, 1]","[7, 3]","[3, 7]",0,0,0,1,0,0,1,0,0,5,22
2024010511896,2024,010511896,529040,183671,-0.14083,51.5372,2,2,4,14:59,-1,E09000007,3,0,2,1,1,19,5,1,0,0,0,0,0,0,1,0,0,5,22
2024010511897,2024,010511897,512357,185825,-0.38058,51.56012,3,3,4,13:45,-1,E09000017,5,0,2,1,1,19,1,5,0,0,0,1,0,0,0,0,1,5,22
2024010511898,2024,010511898,521597,180126,-0.24932,51.50699,3,3,4,16:00,-1,E09000009,3,0,2,1,1,"[5, 19]","[1, 3]","[5, 7]",0,0,0,1,0,1,0,0,0,5,22
2024010511900,2024,010511900,520547,181724,-0.26389,51.52158,3,3,4,15:10,-1,E09000009,3,0,2,1,1,19,"[3, 5]","[7, 1]",0,0,0,1,0,0,0,0,0,5,22
2024010511901,2024,010511901,531154,179178,-0.11204,51.49634,3,3,4,20:30,-1,E09000022,3,0,9,0,1,"[6, 15]","[5, 1]",5,0,0,0,1,0,1,0,0,0,5,22
2024010511902,2024,010511902,540064,168365,0.01195,51.39704,2,2,4,20:45,-1,E09000006,4,0,2,1,1,"[7, 9]","[8, 4]",2,"[10, 0]","[1, 0]",0,1,1,0,0,0,0,5,22
2024010511903,2024,010511903,519727,187414,-0.27377,51.57289,3,3,4,14:46,-1,E09000005,3,0,2,1,1,"[3, 19]",5,1,0,0,0,1,0,0,0,0,0,5,22
2024010511904,2024,010511904,509408,175157,-0.42641,51.46482,3,3,4,18:45,-1,E09000017,3,0,2,1,1,19,3,7,10,1,1,1,0,0,0,0,1,5,22
2024010511905,2024,010511905,526823,168223,-0.17832,51.39887,3,3,4,20:33,-1,E09000024,3,2,1,1,1,"[5, 19]","[1, 7]","[5, 3]",0,0,0,1,0,1,0,0,0,5,22
2024010511906,2024,010511906,542431,179014,0.05024,51.49214,3,3,4,16:50,-1,E09000011,3,0,2,1,1,5,3,7,0,0,0,0,0,0,1,0,0,5,22
2024010511907,2024,010511907,537718,177099,-0.01835,51.4761,3,3,4,17:30,-1,E09000011,3,0,2,1,1,"[10, 13]","[7, 2]","[4, 6]",0,0,0,1,0,1,0,0,0,5,22
2024010511909,2024,010511909,535638,171467,-0.05044,51.42599,3,3,4,15:45,-1,E09000023,3,0,2,1,1,"[9, 13]",5,"[3, 1]",0,0,0,1,0,1,0,0,0,5,22
2024010511910,2024,010511910,529904,171755,-0.13276,51.42992,2,2,4,23:20,-1,E09000022,3,2,1,1,1,"[19, 2]","[7, 0]","[3, 0]","[4, 0]",0,0,1,0,0,0,0,0,5,22
2024010511911,2024,010511911,520375,181227,-0.26654,51.51715,2,2,4,22:13,-1,E09000009,3,2,2,1,1,19,"[3, 7]","[7, 3]",0,0,0,1,0,1,0,0,0,5,22
2024010511913,2024,010511913,528198,168216,-0.15857,51.3985,3,3,4,21:45,-1,E09000024,5,2,2,1,1,"[4, 5]","[5, 6]","[1, 2]",0,0,0,1,0,0,0,0,0,5,22
2024010511914,2024,010511914,530657,184272,-0.11731,51.54223,3,3,5,00:00,-1,E09000019,3,2,1,1,1,"[9, 19]","[5, 1]","[3, 5]",0,0,0,1,0,1,0,0,0,5,23
2024010511918,2024,010511918,540015,169507,0.0117,51.40731,3,3,4,21:50,-1,E09000006,3,2,2,1,1,"[5, 4, 19]",3,7,0,0,0,1,0,0,1,0,0,5,22
2024010511919,2024,010511919,538221,177393,-0.011,51.47862,3,3,5,01:51,-1,E09000011,3,2,1,0,1,4,2,6,0,0,0,1,0,0,0,0,1,5,23
2024010511920,2024,010511920,526080,177723,-0.18562,51.48441,2,2,4,20:00,-1,E09000020,6,2,1,1,1,"[13, 9]",7,"[3, 5]",0,0,0,0,1,1,0,0,0,5,22
2024010511921,2024,010511921,538114,187881,-0.00843,51.57289,3,3,5,06:20,-1,E09000031,3,0,1,1,1,"[3, 19]","[3, 1]","[7, 5]",0,0,0,1,1,0,0,0,0,5,23
2024010511927,2024,010511927,533107,187061,-0.08095,51.56672,2,2,5,07:15,-1,E09000012,4,0,1,0,1,19,7,3,0,0,0,1,0,0,0,0,1,5,23
2024010511930,2024,010511930,535128,167207,-0.05939,51.38783,3,3,5,07:34,-1,E09000008,3,0,1,0,1,"[3, 9, 19]","[7, 1]","[3, 8]",0,0,0,1,0,1,1,0,0,5,23
2024010511935,2024,010511935,515439,171020,-0.34098,51.42644,2,2,6,12:15,-1,E09000027,3,0,2,1,1,19,3,7,0,0,0,1,0,0,0,0,1,5,3