collision_index,collision_year,collision_ref_no,location_easting_osgr,location_northing_osgr,longitude,latitude,casualty_severity,casualty_severity,day_of_week,time,local_authority_district,local_authority_ons_district,first_road_class,light_conditions,weather_conditions,road_surface_conditions,urban_or_rural_area,vehicle_manoeuvre,vehicle_direction_from,vehicle_direction_to,hit_object_in_carriageway,vehicle_leaving_carriageway,hit_object_off_carriageway,is_car,is_cyle,is_mcyle,is_goodsv,is_other,is_pedestrian,month,day
2024010511936,2024,010511936,511565,183111,-0.39286,51.53589,3,3,5,08:08,-1,E09000009,4,0,1,0,1,5,"[6, 7]","[2, 3]",0,0,0,1,1,0,0,0,0,5,23
2024010511937,2024,010511937,534850,183362,-0.05723,51.53307,1,1,5,10:45,-1,E09000030,3,0,1,0,1,19,1,5,0,0,0,0,0,0,1,0,1,5,23
2024010511938,2024,010511938,527480,182692,-0.16367,51.52876,3,3,5,09:15,-1,E09000033,6,0,1,1,1,"[7, 19]",1,"[3, 5]",0,"[1, 0]",0,1,1,0,0,0,0,5,23
2024010511939,2024,010511939,547178,188535,0.12254,51.57647,3,3,3,19:50,-1,E09000026,5,0,2,0,1,"[15, 3]","[5, 1]","[1, 5]",0,0,0,1,0,0,0,0,0,5,21
2024010511940,2024,010511940,525223,176425,-0.19841,51.47294,2,2,5,08:30,-1,E09000013,3,0,1,0,1,"[9, 19]","[5, 7]",3,0,0,0,1,1,0,0,0,0,5,23
2024010511944,2024,010511944,521225,185605,-0.25279,51.55631,3,3,5,10:00,-1,E09000005,3,0,1,0,1,"[19, 3]",3,7,0,0,0,1,0,1,0,0,0,5,23
2024010511946,2024,010511946,529681,159793,-0.14033,51.32247,2,2,5,13:32,-1,E09000008,3,0,1,0,1,"[10, 19]","[4, 2]","[1, 6]",0,0,0,1,1,0,0,0,0,5,23
2024010511948,2024,010511948,537715,173022,-0.01998,51.43946,3,3,5,13:00,-1,E09000023,3,0,2,0,1,"[9, 19]","[7, 1]","[6, 5]",0,0,0,1,0,1,0,0,0,5,23
2024010511950,2024,010511950,534040,168475,-0.07454,51.39948,3,3,5,08:00,-1,E09000008,3,0,1,0,1,19,8,4,0,0,0,0,0,1,0,0,1,5,23
2024010511953,2024,010511953,528737,184713,-0.14482,51.54663,3,3,5,15:00,-1,E09000007,5,0,1,0,1,"[19, 2]","[7, 0, 3, 1]","[3, 0, 7, 5]",0,0,0,1,0,1,0,0,1,5,23
2024010511954,2024,010511954,533658,191385,-0.07136,51.60545,3,3,5,14:40,-1,E09000014,5,0,1,0,1,"[19, 9]","[7, 1]","[3, 6]",0,0,0,1,0,0,0,0,0,5,23
2024010511956,2024,010511956,543261,188445,0.06602,51.57667,3,3,5,16:00,-1,E09000026,3,0,1,0,1,"[7, 11]","[4, 3]","[6, 7]","[10, 0]",0,0,1,0,0,1,0,0,5,23
2024010511957,2024,010511957,539996,165303,0.00977,51.36954,3,3,4,12:18,-1,E09000006,3,0,1,0,2,"[9, 19]","[1, 7]","[7, 3]",0,"[3, 0]","[4, 0]",1,0,0,0,0,0,5,22
2024010511958,2024,010511958,552828,187406,0.20352,51.56483,3,3,5,17:11,-1,E09000016,3,0,1,0,1,9,1,6,0,1,0,1,0,0,0,0,1,5,23
2024010511959,2024,010511959,515677,180206,-0.33455,51.50895,2,"[3, 2]",5,17:00,-1,E09000009,5,0,1,0,1,19,5,1,0,"[1, 0]",0,1,0,1,0,0,1,5,23
2024010511960,2024,010511960,548333,179459,0.13538,51.49462,3,3,5,16:58,-1,E09000004,5,0,1,0,1,"[19, 9]","[4, 8]","[8, 6]",0,0,0,1,0,0,0,0,0,5,23
2024010511961,2024,010511961,533799,181303,-0.07316,51.51481,3,3,5,15:50,-1,E09000030,3,0,1,0,1,19,3,7,0,0,0,0,0,0,1,0,1,5,23
2024010511962,2024,010511962,531667,183771,-0.10294,51.53749,2,2,5,17:00,-1,E09000019,3,0,1,0,1,"[7, 19]",6,"[7, 2]",0,0,0,1,1,0,0,0,0,5,23
2024010511963,2024,010511963,518001,180824,-0.30087,51.51403,3,3,5,18:16,-1,E09000009,3,0,8,1,1,19,3,7,0,0,0,0,0,1,0,0,1,5,23
2024010511964,2024,010511964,530574,185131,-0.11819,51.54997,3,3,5,15:40,-1,E09000019,3,0,1,0,1,"[7, 19]",5,"[7, 1]",0,0,0,1,1,0,0,0,0,5,23
2024010511965,2024,010511965,517968,185054,-0.29993,51.55205,3,3,5,13:30,-1,E09000005,3,0,1,0,1,19,3,7,0,0,0,1,1,0,0,0,0,5,23
2024010511968,2024,010511968,527019,170768,-0.17459,51.4217,2,2,5,17:20,-1,E09000024,3,0,1,0,1,19,3,7,10,0,0,0,1,0,0,0,0,5,23
2024010511969,2024,010511969,524065,189638,-0.21042,51.59194,3,3,5,18:20,-1,E09000003,3,0,1,0,1,"[19, 10]","[8, 7]","[4, 5]",0,0,0,1,0,0,0,0,0,5,23
2024010511970,2024,010511970,538101,181026,-0.01131,51.51129,3,3,5,19:15,-1,E09000030,3,0,1,0,1,19,3,7,0,0,0,0,0,1,0,0,1,5,23
2024010511971,2024,010511971,539077,189115,0.00594,51.58374,3,3,5,19:50,-1,E09000031,3,0,1,0,1,7,5,7,0,7,0,1,0,0,0,0,0,5,23
2024010511972,2024,010511972,530726,186247,-0.11558,51.55996,3,3,5,20:10,-1,E09000019,3,0,1,0,1,"[3, 15]","[4, 3]","[8, 7]","[0, 4]",0,0,1,1,0,0,0,0,5,23
2024010511975,2024,010511975,531237,163717,-0.11657,51.35737,3,3,5,18:59,-1,E09000008,3,0,1,0,1,"[3, 13]",5,1,0,0,0,1,0,1,0,0,0,5,23
2024010511976,2024,010511976,524099,177258,-0.21429,51.48067,3,3,5,14:15,-1,E09000013,6,0,1,0,1,"[19, 5]","[7, 0]",3,0,0,0,1,0,1,0,0,0,5,23
2024010511978,2024,010511978,524359,179736,-0.20968,51.50289,3,3,5,15:39,-1,E09000020,5,0,1,0,1,"[19, 9]",1,"[5, 6]",0,0,0,1,1,0,0,0,0,5,23
2024010511981,2024,010511981,523780,175101,-0.21964,51.46136,3,3,5,15:30,-1,E09000032,3,0,1,0,1,"[15, 9]","[3, 7]","[7, 5]",0,0,0,1,1,0,0,0,0,5,23
2024010511982,2024,010511982,523964,175056,-0.21701,51.46091,3,3,5,18:11,-1,E09000032,3,0,1,0,1,19,3,7,0,0,0,1,0,0,0,0,1,5,23
2024010511983,2024,010511983,539219,186228,0.00685,51.55776,3,3,5,21:08,-1,E09000031,3,2,1,0,1,"[9, 19]","[2, 1]","[1, 5]",0,0,0,1,1,0,0,0,0,5,23
2024010511985,2024,010511985,520720,189680,-0.25867,51.59304,2,2,5,22:15,-1,E09000005,3,2,1,0,1,9,1,7,0,0,0,1,0,0,0,0,1,5,23
2024010511986,2024,010511986,524742,183164,-0.20295,51.53361,3,3,5,20:38,-1,E09000005,6,0,1,0,1,"[19, 7]","[6, 5]","[2, 6]",0,0,0,1,0,1,0,0,0,5,23
2024010511987,2024,010511987,510537,178986,-0.40897,51.49901,3,3,5,01:19,-1,E09000018,3,2,1,0,1,19,1,5,0,0,0,1,0,0,0,1,0,5,23
2024010511988,2024,010511988,546446,187913,0.11173,51.57107,2,2,5,23:00,-1,E09000026,4,2,1,0,1,"[2, 4]","[0, 7]","[0, 3]","[0, 4]",0,0,1,0,0,0,0,1,5,23
2024010511990,2024,010511990,545368,185139,0.09504,51.54643,3,3,5,19:41,-1,E09000026,3,0,1,0,1,"[9, 13, 4]","[1, 5]","[7, 1, 5]",0,0,0,1,0,0,1,0,0,5,23
2024010511991,2024,010511991,527703,169039,-0.16538,51.40601,2,2,5,23:44,-1,E09000024,3,2,1,0,1,7,8,2,7,3,1,1,0,0,0,0,0,5,23
2024010511998,2024,010511998,529464,177905,-0.13684,51.48529,2,2,6,06:58,-1,E09000033,3,0,1,0,1,"[7, 19]","[5, 1]","[7, 5]",0,"[1, 0]",0,1,1,0,0,0,0,5,24
2024010512001,2024,010512001,529450,192935,-0.13152,51.62036,3,3,6,07:22,-1,E09000010,5,0,1,0,1,"[19, 2]","[5, 1, 0]","[1, 5, 0]",0,0,0,1,0,0,1,0,0,5,24
2024010512006,2024,010512006,519031,169526,-0.28984,51.41227,2,2,6,17:30,-1,E09000021,3,2,9,-1,1,99,9,9,99,9,99,1,0,0,0,0,1,4,12
2024010512007,2024,010512007,539610,181716,0.0107,51.51712,2,2,5,11:00,-1,E09000025,6,0,1,0,1,"[-1, 2]","[1, 0]","[5, 0]",4,0,0,1,0,0,1,0,1,5,23
2024010512008,2024,010512008,532263,180051,-0.09575,51.50392,3,3,6,11:50,-1,E09000028,3,0,1,0,1,5,"[5, 7]","[1, 3]",0,0,0,1,1,0,0,0,0,5,24
2024010512009,2024,010512009,528929,185365,-0.14181,51.55245,3,3,6,09:00,-1,E09000007,4,0,1,0,1,"[9, 19]","[3, 1]","[8, 5]",0,0,0,0,1,0,1,0,0,5,24
2024010512011,2024,010512011,529442,181316,-0.13591,51.51595,3,3,6,05:57,-1,E09000033,3,0,1,0,1,"[19, 13]",5,1,0,0,0,1,0,1,0,0,0,5,24
2024010512014,2024,010512014,534896,185961,-0.05557,51.55641,3,3,6,12:13,-1,E09000012,3,0,1,0,1,"[9, 19]","[4, 1]","[1, 5]",0,0,0,1,1,0,0,0,0,5,24
2024010512015,2024,010512015,533966,183375,-0.06996,51.53339,2,"[3, 2]",6,11:10,-1,E09000012,4,0,1,0,1,19,5,1,0,0,0,1,0,0,0,0,1,5,24
2024010512016,2024,010512016,530477,184778,-0.11972,51.54682,3,3,6,08:24,-1,E09000019,6,0,1,0,1,"[4, 15]",7,3,0,0,0,1,1,0,0,0,0,5,24
2024010512018,2024,010512018,525925,173400,-0.18938,51.4456,3,3,5,17:35,-1,E09000032,3,0,1,0,1,19,1,5,0,0,0,0,1,0,0,0,0,5,23
2024010512019,2024,010512019,529561,196157,-0.12872,51.64929,3,3,6,14:30,-1,E09000010,6,0,1,0,1,1,2,6,0,0,0,1,0,0,0,0,1,5,24
2024010512026,2024,010512026,531799,172621,-0.1052,51.43726,3,3,6,15:15,-1,E09000022,3,0,1,0,1,"[3, 13]",5,1,0,0,0,1,0,1,0,0,0,5,24
2024010512028,2024,010512028,521350,193220,-0.24836,51.62472,2,2,6,15:40,-1,E09000003,3,0,8,0,1,"[9, 19]",3,"[1, 7]",0,0,0,1,1,0,0,0,0,5,24
2024010512029,2024,010512029,537857,174930,-0.0172,51.45657,3,3,6,08:16,-1,E09000023,4,0,1,0,1,"[5, 19]",3,7,0,1,"[0, 11]",1,1,0,0,0,0,5,24
2024010512030,2024,010512030,527994,192156,-0.15282,51.61369,3,3,6,16:35,-1,E09000003,3,0,1,0,1,"[9, 19]","[3, 7]","[1, 3]",0,0,0,1,1,0,0,0,0,5,24
2024010512032,2024,010512032,523263,181666,-0.22479,51.52047,3,3,6,15:50,-1,E09000020,4,0,1,0,1,"[5, 14]","[0, 7]",3,"[0, 8]",0,0,1,1,0,0,0,0,5,24
2024010512037,2024,010512037,511429,174648,-0.39749,51.45985,3,3,6,14:49,-1,E09000018,3,0,1,0,1,"[1, 19]",6,2,0,0,0,1,1,0,0,0,0,5,24
2024010512038,2024,010512038,527102,177995,-0.17081,51.48663,3,3,6,15:59,-1,E09000020,3,0,9,0,1,"[9, 19]",1,"[7, 5]",0,0,0,1,0,1,0,0,0,5,24
2024010512039,2024,010512039,526756,169955,-0.17866,51.41445,3,3,6,19:15,-1,E09000024,3,0,2,0,1,"[5, 9]",7,"[3, 5]",0,0,0,1,0,1,0,0,0,5,24
2024010512040,2024,010512040,520379,178491,-0.26742,51.49256,3,3,6,19:25,-1,E09000018,3,0,1,0,1,"[19, 6]","[3, 7]",7,0,0,0,1,0,1,0,0,0,5,24
2024010512042,2024,010512042,530977,192350,-0.10969,51.61475,3,3,6,18:20,-1,E09000010,3,0,1,0,1,"[9, 19]","[5, 1]","[3, 5]",0,0,0,1,1,0,0,0,0,5,24
2024010512043,2024,010512043,549570,183373,0.15484,51.52946,3,3,6,17:56,-1,E09000002,4,0,1,0,1,19,5,1,10,0,0,1,0,0,0,0,0,5,24
2024010512044,2024,010512044,535771,199108,-0.03787,51.67434,3,3,6,17:05,-1,E09000010,3,0,1,0,1,19,2,6,0,0,0,1,0,0,0,0,0,5,24
2024010512045,2024,010512045,534145,181536,-0.06808,51.51683,3,3,6,17:23,-1,E09000030,3,0,1,0,1,"[3, 5]",2,6,0,0,0,1,1,0,0,0,0,5,24
2024010512046,2024,010512046,540265,169645,0.01535,51.40849,3,3,6,18:22,-1,E09000006,3,0,1,0,1,"[7, 12]",1,"[4, 5]",0,0,0,1,1,0,0,0,0,5,24
2024010512047,2024,010512047,528376,179879,-0.15178,51.50327,2,2,6,20:00,-1,E09000033,3,0,1,0,1,15,5,1,0,0,0,0,1,0,0,0,1,5,24
2024010512049,2024,010512049,513901,186170,-0.3582,51.56292,3,3,6,18:30,-1,E09000015,6,0,1,0,1,19,3,7,0,0,0,1,0,0,0,0,1,5,24
2024010512051,2024,010512051,540869,175316,0.02628,51.4593,3,3,6,15:44,-1,E09000011,3,0,1,0,1,"[5, 19]",5,1,0,0,0,1,0,1,0,0,0,5,24
2024010512052,2024,010512052,546426,177467,0.1071,51.47722,3,3,6,22:40,-1,E09000011,3,2,1,0,1,"[2, 19]","[0, 3]","[0, 7]","[0, 4]","[0, 7]",0,1,0,0,0,0,0,5,24
2024010512054,2024,010512054,539728,181634,0.01236,51.51635,3,3,6,22:50,-1,E09000025,3,0,1,0,1,19,3,7,0,0,0,1,0,0,1,0,0,5,24
2024010512057,2024,010512057,516123,174277,-0.33008,51.45557,3,3,6,22:10,-1,E09000027,3,2,1,0,1,"[6, 7, 19]","[7, 4, 5]","[7, 5, 1]",0,0,0,1,0,1,0,0,0,5,24
2024010512060,2024,010512060,534030,192407,-0.0656,51.61454,3,3,7,00:08,-1,E09000010,3,2,1,0,1,"[3, 1]",3,7,0,0,0,1,0,0,0,0,0,5,25
2024010512061,2024,010512061,533341,171189,-0.08357,51.42403,2,2,6,22:04,-1,E09000028,5,2,1,0,1,"[9, 19]","[7, 5]","[5, 1]",0,"[0, 7]","[0, 11]",1,1,0,0,0,0,5,24
2024010512062,2024,010512062,539141,188163,0.00649,51.57517,3,3,7,01:33,-1,E09000031,6,2,1,0,1,19,"[3, 7]","[7, 3]",0,0,0,1,0,1,0,0,0,5,25
2024010512063,2024,010512063,547807,186917,0.13093,51.56177,3,3,7,00:40,-1,E09000002,3,2,1,0,1,19,"[7, 3]","[3, 7]",0,0,0,1,0,0,0,0,0,5,25
2024010512064,2024,010512064,527977,168708,-0.16157,51.40297,2,2,3,16:30,-1,E09000024,3,0,2,1,1,"[9, 19]","[1, 6]","[6, 2]",0,0,0,1,1,0,0,0,0,5,21
2024010512066,2024,010512066,533400,178077,-0.08012,51.48592,3,3,6,08:36,-1,E09000028,4,0,1,0,1,"[4, 19]","[7, 5]","[3, 1]",0,0,0,1,1,0,0,0,0,5,24
2024010512068,2024,010512068,508117,181154,-0.44315,51.51897,3,3,7,05:04,-1,E09000017,3,0,1,0,1,"[8, 19]","[2, 8]",4,"[0, 10]","[0, 1]","[0, 11]",1,0,0,0,0,0,5,25
2024010512069,2024,010512069,527521,184348,-0.16248,51.54363,3,3,6,22:45,-1,E09000007,4,2,1,0,1,19,"[1, 3]","[5, 7]",0,0,0,1,0,0,0,0,0,5,24
2024010512073,2024,010512073,522960,187491,-0.22712,51.57289,3,3,7,07:20,-1,E09000003,3,0,1,0,1,-1,7,3,0,0,0,1,0,1,0,0,0,5,25
2024010512076,2024,010512076,524622,194267,-0.20074,51.63342,2,2,5,09:50,-1,E09000003,3,0,1,0,1,5,4,8,0,1,0,1,0,0,0,0,1,5,16
2024010512077,2024,010512077,531006,181991,-0.11313,51.52165,2,2,4,21:30,-1,E09000007,3,0,1,0,1,19,3,7,0,0,0,0,1,0,0,0,1,5,15
2024010512078,2024,010512078,536052,176866,-0.04242,51.4744,3,3,7,08:53,-1,E09000023,3,0,1,0,1,"[9, 19, 3]","[1, 2, 5]","[7, 6, 1]","[4, 0]",0,0,1,0,0,0,0,0,5,25
2024010512083,2024,010512083,507919,186360,-0.44441,51.5658,3,3,7,13:00,-1,E09000017,6,0,1,0,1,5,3,7,10,0,0,1,0,0,0,0,0,5,25
2024010512084,2024,010512084,531417,186831,-0.1054,51.56505,3,3,7,12:55,-1,E09000014,3,0,1,0,1,19,"[7, 8]","[3, 4]",0,0,0,1,0,1,1,0,0,5,25
2024010512086,2024,010512086,525969,184812,-0.18468,51.54815,3,3,7,13:01,-1,E09000007,6,0,1,0,1,"[7, 15]",1,"[3, 5]",0,0,0,1,1,0,0,0,0,5,25
2024010512087,2024,010512087,508986,179737,-0.43107,51.50607,2,2,7,13:05,-1,E09000017,3,0,1,0,1,5,5,1,0,0,0,1,0,0,0,0,1,5,25
2024010512092,2024,010512092,509499,187091,-0.4214,51.57206,3,3,7,15:00,-1,E09000017,5,0,1,0,1,19,1,5,0,0,0,1,0,0,0,0,1,5,25
2024010512094,2024,010512094,531130,189863,-0.10841,51.59236,3,3,7,15:50,-1,E09000014,6,0,1,0,1,1,5,1,0,0,0,1,0,0,0,0,1,5,25
2024010512096,2024,010512096,533170,182441,-0.08179,51.52519,2,2,7,14:45,-1,E09000012,3,0,1,0,1,5,7,3,"[0, 10]",0,0,1,1,0,0,0,0,5,25
2024010512097,2024,010512097,531092,197999,-0.10591,51.66549,3,3,7,14:51,-1,E09000010,6,0,1,0,1,19,7,3,0,0,0,1,0,0,0,0,0,5,25
2024010512098,2024,010512098,529513,181331,-0.13488,51.51606,2,2,7,16:00,-1,E09000033,3,0,1,0,1,19,7,3,0,0,0,0,1,0,0,0,1,5,25
2024010512101,2024,010512101,544362,173222,0.07567,51.4396,3,3,7,16:40,-1,E09000011,5,0,1,0,1,"[6, 19]","[1, 5]",1,0,0,0,1,0,0,0,0,0,5,25
2024010512102,2024,010512102,528922,180553,-0.14367,51.50921,3,3,7,14:00,-1,E09000033,5,0,1,0,1,1,"[2, 6]","[6, 2]",4,0,0,1,1,0,0,0,0,5,25
2024010512103,2024,010512103,535100,186190,-0.05255,51.55842,3,3,7,16:20,-1,E09000012,6,0,1,0,1,19,3,7,0,0,0,1,0,0,0,0,0,5,25
2024010512104,2024,010512104,521634,166886,-0.25333,51.38799,2,"[3, 2]",6,20:10,-1,E09000021,3,0,1,0,1,"[19, 7]",5,"[1, 7]",0,"[0, 7]",0,1,0,0,0,0,0,5,24
2024010512105,2024,010512105,537957,182352,-0.01286,51.52324,3,3,7,19:40,-1,E09000030,4,0,1,0,1,"[19, 9]","[7, 3]","[3, 8]",0,0,0,1,0,1,0,0,0,5,25
2024010512106,2024,010512106,531562,159511,-0.11346,51.3195,2,2,7,19:12,-1,E09000008,6,0,1,0,1,19,"[2, 4]","[6, 8]","[11, 0]",0,0,1,1,0,0,0,0,5,25
2024010512107,2024,010512107,514593,183630,-0.34905,51.53995,3,3,7,21:03,-1,E09000009,6,2,1,0,1,"[4, 19]",5,1,0,0,0,1,0,0,0,0,0,5,25
2024010512109,2024,010512109,535087,182746,-0.05405,51.52748,2,2,7,20:30,-1,E09000030,4,0,1,0,1,"[-1, 4]",5,1,0,0,0,1,0,1,0,0,0,5,25
2024010512110,2024,010512110,526846,169694,-0.17746,51.41209,3,3,7,20:30,-1,E09000024,3,0,1,0,1,19,4,8,0,0,0,0,1,0,0,0,0,5,25
2024010512111,2024,010512111,535183,187049,-0.05102,51.56612,3,3,7,20:35,-1,E09000012,6,0,1,0,1,"[2, 19]","[0, 5]","[0, 1]","[0, 4]",0,0,1,0,0,0,0,0,5,25
2024010512113,2024,010512113,534265,176766,-0.06817,51.47393,3,3,7,17:00,-1,E09000028,3,0,1,0,1,"[19, 3, 14]","[7, 3, 5]","[3, 7, 1]",0,0,0,1,1,0,0,0,0,5,25
2024010512116,2024,010512116,538489,180390,-0.00597,51.50548,3,3,7,14:28,-1,E09000030,3,0,1,0,1,"[4, 14]",5,1,"[0, 8]",0,0,1,1,0,0,0,0,5,25
2024010512117,2024,010512117,530431,183030,-0.12103,51.53112,3,3,7,22:01,-1,E09000019,3,2,1,0,1,4,1,5,11,0,0,1,0,0,0,0,1,5,25
2024010512118,2024,010512118,532563,178987,-0.09183,51.49429,3,3,7,22:20,-1,E09000028,3,2,8,0,1,"[7, 19]",7,"[2, 3]",0,0,0,1,0,1,0,0,0,5,25
2024010512129,2024,010512129,526977,170740,-0.17521,51.42146,3,3,1,04:44,-1,E09000024,3,2,2,1,1,19,7,3,0,0,0,1,0,0,0,0,1,5,26
2024010512130,2024,010512130,554187,189892,0.2242,51.58679,2,"[3, 2]",1,00:30,-1,E09000016,3,2,1,0,1,4,3,7,0,0,0,1,0,0,0,0,0,5,26
2024010512132,2024,010512132,523118,181513,-0.22693,51.51913,3,3,1,03:10,-1,E09000013,6,2,2,1,1,6,5,5,10,0,0,1,0,0,0,0,0,5,26
2024010512135,2024,010512135,543740,188788,0.07307,51.57963,3,3,1,04:10,-1,E09000026,3,2,2,1,1,"[19, 2]","[6, 0]","[2, 0]","[10, 0]","[1, 0]","[10, 0]",1,0,0,0,0,0,5,26
2024010512136,2024,010512136,540338,183922,0.02206,51.53676,3,3,1,05:49,-1,E09000025,4,0,2,1,1,"[9, 19]","[7, 3]","[6, 7]",0,"[0, 1]",0,1,1,0,0,0,0,5,26
2024010512138,2024,010512138,513303,175477,-0.37026,51.46693,2,2,1,08:50,-1,E09000018,3,0,8,0,1,19,2,6,0,0,0,1,0,0,0,0,1,5,26
2024010512140,2024,010512140,531251,183204,-0.10915,51.53249,3,3,1,10:12,-1,E09000019,5,0,1,0,1,"[19, 1]",5,1,0,0,0,1,0,0,0,0,0,5,26
2024010512141,2024,010512141,535725,183230,-0.04468,51.53167,3,3,1,06:49,-1,E09000030,4,0,1,1,1,19,8,4,7,1,11,1,0,0,0,0,0,5,26
2024010512142,2024,010512142,547955,162834,0.123,51.34534,3,3,1,10:09,-1,E09000006,3,0,1,0,2,19,7,3,12,1,2,1,0,0,0,0,0,5,26
2024010512144,2024,010512144,530393,160294,-0.12994,51.32681,2,2,2,13:45,-1,E09000008,3,0,1,0,1,14,1,5,99,0,0,0,0,1,0,0,1,4,29
2024010512145,2024,010512145,549037,185187,0.14793,51.5459,3,3,1,07:10,-1,E09000002,3,0,1,1,1,"[19, 7, 2]","[1, 3, 0]","[5, 0]",0,0,0,1,0,0,0,0,0,5,26
2024010512148,2024,010512148,533659,176793,-0.07688,51.47432,3,3,1,13:20,-1,E09000028,3,0,1,0,1,"[9, 14]",7,"[4, 3]",0,0,0,1,0,1,0,0,0,5,26
2024010512149,2024,010512149,524756,179126,-0.20418,51.49732,2,2,1,12:38,-1,E09000020,3,0,1,0,1,19,3,7,10,6,4,1,0,0,0,0,0,5,26
2024010512150,2024,010512150,542602,183516,0.05452,51.53255,2,2,1,09:20,-1,E09000025,3,0,1,0,1,9,8,5,0,0,0,1,0,0,0,0,1,5,26
2024010512151,2024,010512151,546694,176809,0.11068,51.47124,3,3,1,10:12,-1,E09000004,3,0,1,0,1,"[19, 9]","[5, 7]","[1, 5]",0,0,0,1,0,1,0,0,0,5,26
2024010512153,2024,010512153,534069,192438,-0.06502,51.61481,3,3,1,14:30,-1,E09000010,3,0,1,0,1,5,3,7,0,0,0,0,0,0,1,0,0,5,26
2024010512154,2024,010512154,537549,173953,-0.02201,51.44787,3,3,1,13:11,-1,E09000023,6,0,1,0,1,"[5, 19]","[7, 1]","[3, 5]",0,0,0,1,0,1,0,0,0,5,26
2024010512159,2024,010512159,536281,182774,-0.03684,51.52744,2,2,5,16:45,-1,E09000030,3,0,1,0,1,19,1,5,0,0,0,1,0,0,0,0,1,5,16
2024010512160,2024,010512160,526086,191728,-0.18051,51.61027,3,3,1,17:45,-1,E09000003,3,0,1,1,1,"[9, 19]","[3, 2]","[2, 6]",0,0,0,1,1,0,0,0,0,5,26
2024010512163,2024,010512163,516261,177369,-0.32707,51.48333,3,3,1,15:19,-1,E09000018,4,0,1,0,1,"[19, 9]","[5, 1]","[1, 7]",0,0,0,1,0,0,0,0,0,5,26
2024010512164,2024,010512164,531564,173024,-0.10843,51.44094,3,3,1,20:33,-1,E09000022,3,2,1,0,1,19,"[1, 3]","[5, 7]",0,0,0,1,0,0,0,0,0,5,26
2024010512167,2024,010512167,528296,170688,-0.15627,51.42069,3,3,1,16:45,-1,E09000024,6,0,1,0,1,"[3, 9]","[5, 6]","[1, 4]","[0, 4]",0,0,1,0,0,0,0,0,5,26
2024010512169,2024,010512169,528713,184146,-0.14537,51.54154,3,3,1,17:14,-1,E09000007,3,0,1,0,1,1,1,5,0,0,0,1,0,0,0,0,1,5,26
2024010512170,2024,010512170,513740,186397,-0.36045,51.56499,3,3,1,14:20,-1,E09000015,5,0,8,1,1,"[9, 19]","[7, 3]","[4, 7]",0,0,0,1,0,1,0,0,0,5,26
2024010512171,2024,010512171,537748,182568,-0.01579,51.52523,3,3,1,20:49,-1,E09000030,6,2,9,1,1,"[19, 9]","[5, 7]","[1, 5]",0,0,0,1,0,1,0,0,0,5,26
2024010512174,2024,010512174,533070,197772,-0.07742,51.66298,3,3,2,00:25,-1,E09000010,5,2,1,0,1,19,6,2,0,"[2, 0]","[11, 0]",1,0,0,0,0,0,5,27
2024010512175,2024,010512175,528590,185839,-0.14653,51.55679,3,3,2,01:25,-1,E09000007,4,2,1,0,1,19,7,3,11,0,0,1,0,0,0,0,0,5,27
2024010512177,2024,010512177,532350,189202,-0.09106,51.58614,3,3,2,00:29,-1,E09000014,3,2,1,0,1,19,3,7,0,0,0,0,0,0,1,0,1,5,27
2024010512178,2024,010512178,530880,174923,-0.11756,51.45816,3,3,1,23:52,-1,E09000022,3,2,1,0,1,19,1,5,0,0,0,1,0,0,0,0,1,5,26
2024010512179,2024,010512179,535145,180762,-0.05398,51.50963,3,3,1,21:30,-1,E09000030,3,2,1,0,1,"[19, 3]",3,7,0,0,0,1,0,1,0,0,0,5,26
2024010512180,2024,010512180,531774,188774,-0.09953,51.58243,2,2,1,23:09,-1,E09000014,3,2,1,0,1,7,1,3,0,0,0,0,0,0,1,0,0,5,26
2024010512184,2024,010512184,527557,196286,-0.15762,51.6509,2,2,2,04:34,-1,E09000003,6,2,1,0,1,"[19, 2]","[1, 0]","[5, 0]","[4, 0]",0,0,1,0,0,0,0,0,5,27
2024010512186,2024,010512186,541697,180895,0.04043,51.50922,3,3,2,05:27,-1,E09000025,3,0,1,0,1,19,5,1,7,6,6,1,0,0,0,0,0,5,27
2024010512187,2024,010512187,531458,183221,-0.10616,51.5326,3,3,2,07:50,-1,E09000019,3,0,1,0,1,"[19, 11]",1,5,0,0,0,1,0,1,0,0,0,5,27
2024010512188,2024,010512188,512849,178791,-0.37574,51.49681,3,3,2,09:20,-1,E09000009,3,0,1,0,1,"[2, 19]","[0, 1, 5]","[0, 5, 1]","[0, 4]",0,0,1,0,0,0,0,0,5,27
2024010512191,2024,010512191,511271,173062,-0.40026,51.44563,3,3,2,09:25,-1,E09000018,3,0,1,0,1,19,4,8,0,0,0,0,0,0,1,0,0,5,27
2024010512193,2024,010512193,558443,188332,0.28488,51.5716,3,3,2,08:50,-1,E09000016,1,0,1,0,2,19,5,1,9,0,0,1,0,0,0,0,0,5,27
2024010512195,2024,010512195,543591,184054,0.06898,51.53713,3,3,2,12:15,-1,E09000002,3,0,1,0,1,"[3, 5]",1,5,0,0,0,1,0,0,0,0,0,5,27
2024010512197,2024,010512197,537209,163698,-0.03086,51.35579,3,3,2,12:55,-1,E09000008,5,0,1,0,2,"[4, 3]","[5, 1]","[1, 5]",0,0,0,1,1,0,0,0,0,5,27