collision_index,collision_year,collision_ref_no,location_easting_osgr,location_northing_osgr,longitude,latitude,casualty_severity,casualty_severity,day_of_week,time,local_authority_district,local_authority_ons_district,first_road_class,light_conditions,weather_conditions,road_surface_conditions,urban_or_rural_area,vehicle_manoeuvre,vehicle_direction_from,vehicle_direction_to,hit_object_in_carriageway,vehicle_leaving_carriageway,hit_object_off_carriageway,is_car,is_cyle,is_mcyle,is_goodsv,is_other,is_pedestrian,month,day
2024010512577,2024,010512577,529005,183975,-0.14123,51.53994,3,3,3,18:40,-1,E09000007,3,0,2,1,1,99,9,9,99,9,99,1,1,0,0,0,0,5,21
2024010512584,2024,010512584,523066,186749,-0.22585,51.5662,3,3,4,10:15,-1,E09000003,3,0,1,1,1,99,9,9,99,9,99,1,0,1,0,0,0,5,22
2024010512585,2024,010512585,542374,184164,0.05149,51.53843,3,3,4,18:30,-1,E09000025,3,0,2,1,1,99,9,9,99,9,99,1,0,0,0,0,1,5,22
2024010512591,2024,010512591,530698,178651,-0.1188,51.49171,3,3,5,09:02,-1,E09000022,6,0,1,0,1,99,9,9,99,9,99,1,1,0,0,0,0,5,23
2024010512592,2024,010512592,532707,192577,-0.08463,51.61638,3,3,4,04:15,-1,E09000010,3,0,2,1,1,99,9,9,99,9,99,1,0,0,0,0,0,5,22
2024010512597,2024,010512597,530852,167107,-0.12085,51.38793,3,3,4,15:12,-1,E09000008,3,0,8,0,1,99,9,9,99,9,99,1,0,0,0,0,1,5,22
2024010512605,2024,010512605,527874,176453,-0.16025,51.4726,3,3,5,08:15,-1,E09000032,6,0,1,0,1,99,9,9,99,9,99,1,1,0,0,0,0,5,23
2024010512606,2024,010512606,535619,171473,-0.05071,51.42605,3,3,5,13:05,-1,E09000023,3,0,9,-1,1,99,9,9,99,9,99,1,0,1,0,0,0,5,23
2024010512609,2024,010512609,531366,182162,-0.10788,51.5231,3,3,5,07:45,-1,E09000019,3,0,1,0,1,99,9,9,99,9,99,1,1,0,0,0,0,5,23
2024010512616,2024,010512616,532704,182467,-0.08849,51.52553,3,3,5,15:40,-1,E09000019,3,0,8,0,1,99,9,9,99,9,99,1,1,0,0,0,0,5,23
2024010512623,2024,010512623,525401,185565,-0.1926,51.55504,3,3,5,08:25,-1,E09000007,3,0,8,0,1,99,9,9,99,9,99,1,0,0,0,0,0,5,23
2024010512626,2024,010512626,518336,164664,-0.30145,51.36872,3,3,3,07:30,-1,E09000021,6,0,8,0,1,19,1,5,0,0,0,0,0,0,0,1,1,5,21
2024010512641,2024,010512641,530634,185821,-0.11707,51.55616,3,3,5,19:56,-1,E09000019,3,0,1,0,1,99,9,9,99,9,99,1,1,0,0,0,0,5,23
2024010512647,2024,010512647,539152,185448,0.00557,51.55077,3,3,4,15:04,-1,E09000031,3,0,1,0,1,99,9,9,99,9,99,1,0,1,0,0,0,5,15
2024010512648,2024,010512648,539970,190434,0.01935,51.59537,3,3,2,22:00,-1,E09000026,3,2,1,0,1,99,9,9,99,9,99,1,0,0,0,0,0,5,20
2024010512653,2024,010512653,528741,173695,-0.14878,51.44762,3,3,2,19:40,-1,E09000032,3,0,9,-1,1,99,9,9,99,0,0,1,0,0,0,0,0,2,19
2024010512655,2024,010512655,513566,181912,-0.36441,51.52471,3,3,4,07:54,-1,E09000009,5,0,2,1,1,99,9,9,99,9,99,1,1,0,0,0,0,5,22
2024010512660,2024,010512660,543223,177581,0.06106,51.47906,3,3,4,11:48,-1,E09000011,6,0,8,0,1,99,9,9,99,9,99,1,0,0,0,0,0,5,22
2024010512661,2024,010512661,506731,182054,-0.46285,51.52732,3,3,5,16:00,-1,E09000017,5,0,1,0,1,99,9,9,99,9,99,1,0,0,0,0,0,5,23
2024010512665,2024,010512665,529028,171330,-0.14551,51.4263,3,3,4,18:55,-1,E09000032,6,0,1,0,1,99,9,9,99,9,99,1,0,1,0,0,0,5,22
2024010512666,2024,010512666,533274,168514,-0.08553,51.40001,3,3,2,13:25,-1,E09000008,4,0,1,0,1,"[13, 12]",9,9,99,9,99,1,0,1,0,0,0,5,20
2024010512678,2024,010512678,532534,163997,-0.09785,51.35959,3,3,5,16:39,-1,E09000008,3,0,1,0,1,99,9,9,99,9,99,1,0,1,0,0,0,5,23
2024010512679,2024,010512679,533453,182497,-0.07769,51.52563,2,2,6,10:10,-1,E09000012,3,0,1,0,1,99,9,9,99,9,99,1,1,0,0,0,0,5,17
2024010512688,2024,010512688,523576,185626,-0.21889,51.55599,3,3,3,13:47,-1,E09000005,6,0,1,1,1,99,9,9,99,9,99,1,0,1,0,0,0,5,21
2024010512691,2024,010512691,524394,188389,-0.20612,51.58064,3,3,5,15:50,-1,E09000003,6,0,9,-1,1,99,9,9,99,9,99,1,0,1,0,0,0,5,23
2024010512692,2024,010512692,524051,165993,-0.21893,51.37944,3,3,6,08:43,-1,E09000029,3,0,8,0,1,99,9,9,99,9,99,1,0,0,0,0,0,5,24
2024010512693,2024,010512693,529962,178305,-0.12952,51.48877,3,3,4,10:00,-1,E09000033,3,0,2,1,1,99,9,9,99,9,99,0,1,0,0,0,1,5,22
2024010512696,2024,010512696,546009,178734,0.10162,51.48871,3,3,5,17:15,-1,E09000011,6,0,1,0,1,99,9,9,99,9,99,1,0,0,0,0,0,5,23
2024010512698,2024,010512698,512831,173818,-0.37758,51.45211,3,3,3,18:45,-1,E09000027,3,0,8,0,1,99,9,9,99,9,99,1,1,0,0,0,0,5,7
2024010512704,2024,010512704,539398,173706,0.00449,51.4452,3,3,6,08:20,-1,E09000023,5,0,9,-1,1,99,9,9,99,9,99,1,0,1,0,0,0,5,24
2024010512715,2024,010512715,533035,169892,-0.08845,51.41245,3,3,5,15:50,-1,E09000008,3,0,9,-1,1,99,9,9,99,9,99,1,0,1,0,0,0,5,23
2024010512718,2024,010512718,529598,180747,-0.13387,51.5108,2,2,7,17:00,-1,E09000033,3,0,1,0,1,99,9,9,99,9,99,0,1,0,0,0,1,4,27
2024010512719,2024,010512719,530635,186786,-0.11669,51.56483,3,3,6,12:57,-1,E09000019,5,0,1,0,1,99,9,9,99,9,99,1,1,0,0,0,0,5,24
2024010512722,2024,010512722,516550,179759,-0.32213,51.50476,3,3,5,19:34,-1,E09000009,6,0,1,0,1,99,9,9,99,9,99,1,0,1,0,0,0,5,23
2024010512725,2024,010512725,537442,189789,-0.01738,51.5902,3,3,6,12:45,-1,E09000031,3,0,1,0,1,99,9,9,99,9,99,1,1,0,0,0,0,5,24
2024010512726,2024,010512726,543088,183930,0.06169,51.53615,3,3,5,14:34,-1,E09000025,6,0,1,0,1,99,9,9,99,9,99,1,0,1,0,0,0,5,23
2024010512741,2024,010512741,536008,183261,-0.04059,51.53188,3,3,5,18:30,-1,E09000030,3,0,8,0,1,99,9,9,99,9,99,1,0,1,0,0,0,5,23
2024010512749,2024,010512749,526763,177753,-0.17577,51.48453,3,3,5,20:27,-1,E09000020,5,0,1,0,1,99,9,9,99,"[9, 0]","[99, 0]",1,1,0,0,0,0,5,23
2024010512750,2024,010512750,531469,183237,-0.10599,51.53274,2,2,4,12:45,-1,E09000019,3,0,9,0,1,99,9,9,99,9,99,1,1,0,0,0,0,5,15
2024010512751,2024,010512751,523489,179223,-0.22239,51.49847,2,2,5,19:00,-1,E09000013,3,0,1,0,1,99,9,9,99,9,99,0,1,1,0,0,0,5,23
2024010512753,2024,010512753,535306,173835,-0.05431,51.44735,2,2,6,08:30,-1,E09000023,5,0,1,0,1,99,9,9,99,9,99,1,1,0,0,0,0,5,24
2024010512757,2024,010512757,529039,179135,-0.14251,51.49644,3,3,6,03:05,-1,E09000033,3,2,1,0,1,99,9,9,99,9,99,1,1,0,0,0,0,5,24
2024010512758,2024,010512758,532514,192588,-0.08741,51.61653,3,3,5,22:42,-1,E09000010,3,2,1,0,1,99,9,9,99,9,99,1,0,0,0,0,0,5,23
2024010512771,2024,010512771,533269,182332,-0.0804,51.52419,3,3,6,19:30,-1,E09000012,5,0,1,0,1,99,9,9,99,9,99,1,1,0,0,0,0,5,24
2024010512775,2024,010512775,533405,184778,-0.07752,51.54613,3,3,6,20:20,-1,E09000012,3,0,1,0,1,99,9,9,99,9,99,1,1,0,0,0,0,5,24
2024010512784,2024,010512784,534551,186940,-0.06017,51.56529,3,3,5,22:00,-1,E09000012,3,2,1,0,1,99,9,9,99,9,99,1,0,0,0,0,0,5,23
2024010512793,2024,010512793,546774,175786,0.11141,51.46202,3,3,6,18:45,-1,E09000004,3,0,1,0,1,99,9,9,99,9,99,1,0,1,0,0,0,5,24
2024010512795,2024,010512795,542535,174466,0.0499,51.45124,3,3,6,17:30,-1,E09000011,3,0,1,0,1,"[7, 19]",9,9,99,9,99,1,1,0,0,0,0,5,24
2024010512809,2024,010512809,543806,178986,0.07002,51.49154,3,3,7,10:39,-1,E09000011,3,0,1,0,1,99,9,9,99,9,99,1,0,0,0,0,0,5,25
2024010512817,2024,010512817,534170,189627,-0.06464,51.58953,3,3,6,23:00,-1,E09000014,3,2,1,0,1,99,9,9,99,9,99,1,0,0,0,0,0,5,24
2024010512825,2024,010512825,529648,175424,-0.1351,51.46295,3,3,7,02:40,-1,E09000022,3,2,8,0,1,99,9,9,99,9,99,1,0,0,0,0,0,5,25
2024010512829,2024,010512829,529935,173851,-0.13155,51.44875,2,2,7,09:15,-1,E09000022,4,0,1,0,1,99,9,9,99,9,99,1,0,0,0,0,1,5,25
2024010512834,2024,010512834,546362,183702,0.10876,51.53326,3,3,6,22:17,-1,E09000002,3,2,1,0,1,"[19, 3]",9,9,99,"[0, 9]","[0, 99]",1,0,0,0,0,0,5,24
2024010512837,2024,010512837,554806,180318,0.22892,51.5006,3,3,6,17:50,-1,E09000016,3,0,1,0,2,99,9,9,99,9,99,1,0,0,0,0,0,5,24
2024010512838,2024,010512838,526587,178108,-0.17818,51.48776,2,2,6,11:15,-1,E09000020,3,0,1,0,1,99,9,9,99,9,99,1,1,0,0,0,0,5,24
2024010512840,2024,010512840,530313,181534,-0.12328,51.5177,3,3,6,16:50,-1,E09000007,6,0,1,0,1,99,9,9,99,9,99,1,0,0,0,0,0,5,24
2024010512842,2024,010512842,535058,180244,-0.05543,51.505,2,2,2,19:00,-1,E09000030,5,0,1,0,1,"[11, 19]",9,9,99,9,99,0,1,0,0,0,0,5,20
2024010512848,2024,010512848,532554,168346,-0.09594,51.39867,3,3,6,21:16,-1,E09000008,4,0,1,0,1,99,9,9,99,9,99,1,0,1,0,0,0,5,24
2024010512849,2024,010512849,528976,181292,-0.14263,51.51584,3,3,7,15:11,-1,E09000033,6,0,1,0,1,99,9,9,99,9,99,1,0,0,0,0,1,5,25
2024010512851,2024,010512851,524545,166715,-0.21158,51.38582,3,3,1,16:25,-1,E09000029,3,0,1,-1,1,99,9,9,99,9,99,1,0,0,0,0,0,2,25
2024010512857,2024,010512857,529389,189527,-0.13365,51.58975,3,3,7,14:50,-1,E09000014,6,0,1,0,1,99,9,9,99,9,99,1,1,0,0,0,0,5,25
2024010512870,2024,010512870,526152,174737,-0.18564,51.45756,2,2,7,10:33,-1,E09000032,3,0,1,0,1,99,9,9,99,9,99,1,1,0,0,0,0,5,25
2024010512871,2024,010512871,527331,162388,-0.17311,51.34632,3,3,7,21:20,-1,E09000029,4,2,9,0,1,99,9,9,99,9,99,1,0,0,0,0,0,5,25
2024010512872,2024,010512872,533262,169884,-0.08519,51.41232,3,3,7,19:28,-1,E09000008,3,0,8,0,1,99,9,9,99,9,99,1,0,0,0,0,0,5,25
2024010512879,2024,010512879,532475,166676,-0.0977,51.38368,3,3,5,17:30,-1,E09000008,6,0,8,0,1,"[19, 99]","[5, 9]","[1, 9]","[0, 99]","[0, 9]","[0, 99]",1,0,0,0,1,0,4,11
2024010512886,2024,010512886,515571,185868,-0.33422,51.55986,3,3,7,22:50,-1,E09000015,3,2,1,0,1,99,9,9,99,9,99,1,0,0,0,0,0,5,25
2024010512887,2024,010512887,529846,176180,-0.13198,51.4697,3,3,5,03:00,-1,E09000022,5,2,1,0,1,99,"[7, 3]","[3, 7]",99,9,99,0,1,1,0,0,0,4,11
2024010512895,2024,010512895,518813,176827,-0.29052,51.47793,3,3,7,16:52,-1,E09000027,3,0,9,-1,1,99,9,9,99,9,99,0,1,0,0,0,1,5,25
2024010512902,2024,010512902,535424,178787,-0.05072,51.49182,3,3,7,10:45,-1,E09000028,3,0,1,0,1,99,9,9,99,9,99,1,1,0,0,0,0,5,25
2024010512908,2024,010512908,527536,173045,-0.16634,51.44205,3,3,6,16:50,-1,E09000032,3,0,9,-1,1,99,9,9,99,9,99,1,0,1,0,0,0,5,24
2024010512909,2024,010512909,523980,188424,-0.21208,51.58105,3,3,7,13:55,-1,E09000003,3,0,8,0,1,"[99, 19]","[9, 3]","[9, 7]","[99, 0]","[9, 0]","[99, 0]",1,1,0,0,0,0,5,25
2024010512913,2024,010512913,527396,187568,-0.16312,51.5726,3,3,2,17:50,-1,E09000014,4,0,1,0,1,99,9,9,99,9,99,1,0,0,0,0,0,5,20
2024010512916,2024,010512916,530882,174907,-0.11754,51.45802,3,3,1,01:15,-1,E09000022,3,2,2,1,1,99,9,9,99,9,99,1,0,0,0,0,0,5,26
2024010512918,2024,010512918,536127,172499,-0.04302,51.43514,3,3,1,09:20,-1,E09000023,4,0,1,0,1,99,9,9,99,9,99,1,1,0,0,0,0,5,26
2024010512922,2024,010512922,524453,169392,-0.21196,51.4099,3,3,7,16:40,-1,E09000024,3,0,1,0,1,99,9,9,99,9,99,1,0,1,0,0,0,5,25
2024010512935,2024,010512935,507047,178370,-0.45941,51.49415,3,3,7,20:50,-1,E09000017,3,0,1,0,2,99,9,9,99,9,99,1,0,0,0,0,0,5,25
2024010512949,2024,010512949,515702,179712,-0.33435,51.50451,3,3,1,09:15,-1,E09000009,3,0,1,0,1,99,9,9,99,9,99,0,1,0,0,0,0,5,26
2024010512956,2024,010512956,541711,188272,0.04359,51.57551,3,3,1,20:23,-1,E09000026,3,0,1,-1,2,"[19, 99]","[5, 9]","[1, 9]",99,9,99,1,0,0,0,0,0,5,26
2024010512961,2024,010512961,543680,186224,0.07115,51.55661,3,3,1,19:20,-1,E09000026,3,0,2,1,1,99,9,9,"[0, 99]","[0, 9]","[0, 99]",1,0,0,0,0,0,5,26
2024010512965,2024,010512965,532882,180287,-0.08675,51.5059,3,3,7,22:45,-1,E09000028,3,2,1,0,1,99,9,9,99,9,99,1,1,0,0,0,0,5,25
2024010512971,2024,010512971,511762,183426,-0.38992,51.53868,3,3,1,11:49,-1,E09000009,6,2,1,0,1,99,9,9,99,9,99,1,0,0,0,0,0,5,26
2024010512985,2024,010512985,533270,169897,-0.08507,51.41244,2,2,7,02:00,-1,E09000008,3,2,1,0,1,99,9,9,99,9,99,0,0,1,0,0,0,5,25
2024010512986,2024,010512986,529400,178705,-0.13747,51.49249,3,3,1,05:20,-1,E09000033,3,2,2,2,1,99,9,9,99,9,99,1,1,0,0,0,0,5,26
2024010512988,2024,010512988,540440,173455,0.01937,51.44268,3,3,7,18:11,-1,E09000023,6,0,1,0,1,99,9,9,99,9,99,1,1,0,0,0,0,5,25
2024010512998,2024,010512998,524795,166900,-0.20792,51.38743,3,3,7,11:42,-1,E09000029,6,0,8,0,1,99,9,9,99,9,99,1,1,0,0,0,0,5,25
2024010513003,2024,010513003,530935,190550,-0.11097,51.59858,3,3,1,19:20,-1,E09000014,3,0,8,0,1,99,9,9,99,9,99,1,0,0,0,0,0,5,26
2024010513023,2024,010513023,528437,189387,-0.14744,51.58871,3,3,7,16:20,-1,E09000014,6,0,1,0,1,99,9,9,99,9,99,1,0,1,0,0,0,5,25
2024010513034,2024,010513034,531880,188189,-0.09822,51.57715,3,3,1,19:58,-1,E09000014,3,0,9,-1,1,99,9,9,99,9,99,0,1,0,1,0,0,5,26
2024010513036,2024,010513036,508774,181869,-0.43347,51.52527,3,3,7,17:58,-1,E09000017,3,0,8,0,1,99,9,9,99,9,99,1,0,1,0,0,0,3,30
2024010513044,2024,010513044,513946,175798,-0.36091,51.46969,3,3,2,14:20,-1,E09000018,6,0,9,0,1,99,9,9,99,9,99,1,0,1,0,0,0,5,27
2024010513045,2024,010513045,542039,165206,0.03906,51.36816,3,3,2,14:44,-1,E09000006,3,0,1,0,1,99,9,9,99,9,99,0,0,0,1,0,0,5,27
2024010513048,2024,010513048,513354,189222,-0.36511,51.59046,3,3,4,15:15,-1,E09000015,3,0,2,1,1,99,9,9,99,9,99,1,0,0,0,0,1,5,22
2024010513051,2024,010513051,520624,178519,-0.26388,51.49276,3,3,2,14:45,-1,E09000018,6,0,1,0,1,99,9,9,99,9,99,1,1,0,0,0,0,5,27
2024010513059,2024,010513059,536840,177887,-0.03068,51.48339,3,3,4,15:34,-1,E09000023,3,0,2,1,1,99,9,9,99,9,99,1,1,0,0,0,0,5,22
2024010513065,2024,010513065,530726,179669,-0.11802,51.50085,3,3,2,16:10,-1,E09000022,3,0,1,0,1,99,9,9,99,9,99,0,1,0,0,0,1,4,29
2024010513068,2024,010513068,506013,184031,-0.4726,51.54523,3,3,2,17:04,-1,E09000017,4,0,1,0,1,99,9,9,99,9,99,1,0,1,0,0,0,5,27
2024010513071,2024,010513071,535772,175422,-0.047,51.4615,3,3,2,16:10,-1,E09000028,5,0,1,0,1,99,9,9,99,9,99,1,0,1,0,0,0,5,27
2024010513080,2024,010513080,529165,171344,-0.14354,51.42639,3,3,5,12:00,-1,E09000032,5,0,9,-1,1,99,9,9,99,9,99,1,0,1,0,0,0,5,23
2024010513083,2024,010513083,534252,189605,-0.06347,51.58931,3,3,6,12:10,-1,E09000014,3,0,1,0,1,99,9,9,99,9,99,1,0,1,0,0,0,5,24
2024010513087,2024,010513087,530075,191364,-0.12307,51.6061,3,3,2,20:10,-1,E09000014,3,2,1,0,1,99,9,9,99,9,99,1,0,0,0,0,0,3,18
2024010513088,2024,010513088,538134,180871,-0.01089,51.50989,3,3,2,07:02,-1,E09000030,6,0,1,0,1,99,9,9,99,9,99,0,0,0,1,0,0,5,27
2024010513092,2024,010513092,529347,176248,-0.13913,51.47042,2,2,6,18:00,-1,E09000022,3,0,1,0,1,99,9,9,99,9,99,1,1,0,0,0,0,5,3
2024010513101,2024,010513101,516422,178888,-0.32426,51.49695,3,3,2,13:30,-1,E09000009,6,0,9,-1,1,99,9,9,99,9,99,1,0,1,0,0,0,5,27
2024010513103,2024,010513103,532987,182092,-0.08455,51.5221,3,3,1,11:50,-1,E09000019,5,0,1,0,1,99,9,9,99,9,99,1,1,0,0,0,0,5,26
2024010513106,2024,010513106,534373,168509,-0.06975,51.39971,3,3,3,03:00,-1,E09000008,6,2,1,0,1,99,9,9,99,9,99,1,0,0,0,0,0,5,28
2024010513128,2024,010513128,540797,184009,0.02871,51.53743,3,3,3,16:40,-1,E09000025,4,0,2,1,1,99,9,9,99,9,99,1,0,0,0,0,1,5,21
2024010513135,2024,010513135,522243,175707,-0.24154,51.46714,2,2,4,08:40,-1,E09000027,3,0,1,0,2,99,9,9,99,0,0,1,0,0,0,0,1,5,15
2024010513137,2024,010513137,523997,182088,-0.21407,51.5241,3,3,2,08:10,-1,E09000020,4,0,4,0,1,99,9,9,99,9,99,1,0,0,0,0,0,4,29
2024010513142,2024,010513142,534089,192437,-0.06474,51.6148,3,3,3,11:50,-1,E09000010,3,0,2,1,1,99,9,9,99,9,99,1,0,0,0,0,0,5,28
2024010513143,2024,010513143,518754,165838,-0.29505,51.37918,3,3,7,16:30,-1,E09000021,6,0,1,-1,1,99,9,9,99,9,99,1,0,1,0,0,0,5,25
2024010513150,2024,010513150,527617,171822,-0.16562,51.43104,3,3,2,12:11,-1,E09000032,3,0,9,-1,1,99,9,9,99,9,99,1,0,1,0,0,0,5,27
2024010513158,2024,010513158,527379,181369,-0.1656,51.51689,3,3,7,00:20,-1,E09000033,3,2,9,-1,1,99,9,9,99,9,99,1,0,1,0,0,0,5,25
2024010513168,2024,010513168,522776,186376,-0.23016,51.56291,3,3,2,17:20,-1,E09000005,5,0,1,0,1,99,9,9,99,9,99,1,0,1,0,0,0,5,27
2024010513170,2024,010513170,525940,176179,-0.18818,51.47057,3,3,6,09:20,-1,E09000013,6,0,1,0,1,99,9,9,99,9,99,1,0,1,0,0,0,5,24
2024010513174,2024,010513174,531328,189859,-0.10555,51.59228,3,3,3,08:30,-1,E09000014,3,0,1,0,1,99,9,9,99,9,99,0,1,0,1,0,0,5,28
2024010513176,2024,010513176,521996,169762,-0.24714,51.41376,3,3,2,18:36,-1,E09000024,3,2,1,0,1,99,9,9,99,9,99,1,1,0,0,0,0,3,25
2024010513178,2024,010513178,516725,180428,-0.31938,51.51073,3,3,1,22:15,-1,E09000009,4,2,1,0,1,99,9,9,99,9,99,1,0,1,0,0,0,5,26
2024010513200,2024,010513200,537157,181547,-0.0247,51.5162,3,3,3,18:30,-1,E09000030,6,0,1,0,1,99,9,9,99,9,99,1,0,1,0,0,0,5,28
2024010513205,2024,010513205,504619,176125,-0.49504,51.47442,3,3,3,18:05,-1,EHEATHROW,6,0,1,0,2,99,9,9,99,9,99,1,0,0,0,0,0,5,28
2024010513221,2024,010513221,534476,181718,-0.06325,51.51838,3,3,3,22:30,-1,E09000030,3,2,2,1,1,"[2, 19]",9,9,"[8, 99]",9,99,1,1,0,0,0,0,5,28
2024010513222,2024,010513222,543434,186861,0.06787,51.56239,3,3,4,01:51,-1,E09000026,3,2,2,1,1,99,9,9,99,9,99,1,0,0,0,0,0,5,29
2024010513227,2024,010513227,527596,165331,-0.16825,51.37271,3,3,3,22:13,-1,E09000029,5,2,1,0,1,99,9,9,99,9,99,1,0,0,0,0,0,5,28
2024010513229,2024,010513229,530516,170163,-0.12455,51.41547,3,3,7,15:40,-1,E09000022,3,0,9,-1,1,99,9,9,99,9,99,1,0,1,0,0,0,5,25
2024010513231,2024,010513231,526235,178935,-0.18295,51.49527,3,3,2,17:06,-1,E09000020,3,0,1,0,1,99,9,9,99,9,99,1,0,0,0,0,1,5,27
2024010513239,2024,010513239,533043,166384,-0.08965,51.38092,3,3,5,15:26,-1,E09000008,3,0,1,0,1,99,9,9,99,9,99,1,0,0,0,0,1,5,9
2024010513243,2024,010513243,539265,186505,0.00762,51.56024,3,3,2,09:00,-1,E09000031,3,0,1,0,1,99,9,9,99,9,99,1,1,0,0,0,0,5,27
2024010513244,2024,010513244,533788,194340,-0.06835,51.63197,3,3,2,13:20,-1,E09000010,6,2,9,-1,1,99,9,9,99,9,99,1,0,1,0,0,0,5,27
2024010513252,2024,010513252,515055,171509,-0.34634,51.43091,3,3,7,14:01,-1,E09000027,6,0,9,-1,1,99,9,9,99,9,99,1,0,1,0,0,0,5,25
2024010513256,2024,010513256,532224,168892,-0.10048,51.40365,3,3,4,08:07,-1,E09000008,6,0,9,-1,1,"[1, 3]",9,9,99,9,99,1,0,1,0,0,0,5,29
2024010513262,2024,010513262,533804,175293,-0.07536,51.4608,3,3,2,21:15,-1,E09000028,3,0,1,-1,1,99,9,9,99,9,99,1,0,0,0,0,1,5,27
2024010513264,2024,010513264,534187,192783,-0.06319,51.61788,3,3,4,10:44,-1,E09000010,3,0,9,0,1,99,9,9,99,9,99,0,1,0,1,0,0,5,29
2024010513270,2024,010513270,534336,194315,-0.06045,51.63162,3,3,5,18:57,-1,E09000010,6,0,1,0,1,99,9,9,99,9,99,1,0,1,0,0,0,5,23
2024010513278,2024,010513278,533840,185242,-0.07107,51.5502,3,3,3,22:40,-1,E09000012,5,2,2,1,1,99,9,9,99,9,99,0,0,1,1,0,0,5,28
2024010513280,2024,010513280,525318,178918,-0.19616,51.49532,3,3,7,14:00,-1,E09000020,3,0,9,-1,1,99,9,9,99,9,99,1,0,1,0,0,0,5,25
2024010513281,2024,010513281,542336,184310,0.05101,51.53975,2,2,2,19:00,-1,E09000025,3,0,1,0,1,99,9,9,99,9,99,1,0,0,0,0,1,5,27
2024010513284,2024,010513284,532976,163049,-0.09186,51.35097,2,2,6,09:40,-1,E09000008,5,0,1,0,1,"[2, 99]","[0, 9]","[0, 9]","[0, 99]","[0, 9]","[0, 99]",1,0,0,0,1,1,5,17
2024010513286,2024,010513286,517776,174754,-0.30614,51.45952,3,3,1,16:00,-1,E09000027,3,0,9,-1,1,99,9,9,99,9,99,1,0,1,0,0,0,5,26
2024010513288,2024,010513288,523326,178396,-0.22502,51.49107,3,3,3,13:04,-1,E09000013,6,0,1,0,1,99,9,9,99,9,99,1,0,0,0,0,1,5,28
2024010513305,2024,010513305,526577,174865,-0.17948,51.45862,3,3,4,16:20,-1,E09000032,5,0,1,0,1,99,9,9,99,9,99,1,0,1,0,0,0,5,29
2024010513312,2024,010513312,510689,178889,-0.40681,51.49811,3,3,4,11:10,-1,E09000018,5,0,9,0,1,"[19, 3]",9,9,99,9,99,1,0,0,0,0,0,5,29
2024010513313,2024,010513313,530692,184847,-0.11659,51.54739,3,3,3,16:25,-1,E09000019,5,0,1,0,1,99,9,9,99,9,99,1,0,1,0,0,0,5,28
2024010513314,2024,010513314,529186,179712,-0.14018,51.50159,3,3,4,07:15,-1,E09000033,5,0,1,0,1,"[13, 99]",9,9,99,9,99,1,1,0,0,0,0,5,29
2024010513321,2024,010513321,525890,195949,-0.18183,51.64825,3,3,4,13:15,-1,E09000003,3,0,1,0,1,19,1,5,0,0,0,0,0,0,0,0,1,5,29
2024010513325,2024,010513325,516707,180670,-0.31956,51.51291,3,3,5,17:53,-1,E09000009,4,0,8,0,1,99,9,9,99,9,99,1,0,1,0,0,0,3,7
2024010513330,2024,010513330,531719,172993,-0.10621,51.44062,3,3,5,06:10,-1,E09000022,3,0,8,0,1,99,9,9,99,9,99,1,0,0,0,0,1,5,23
2024010513332,2024,010513332,532206,180039,-0.09657,51.50383,3,3,6,04:50,-1,E09000028,4,0,1,0,1,99,9,9,99,9,99,1,1,0,0,0,0,5,24
2024010513334,2024,010513334,542143,181708,0.04718,51.51642,3,3,4,18:39,-1,E09000025,5,0,1,0,1,99,9,9,99,9,99,1,1,0,0,0,0,5,29
2024010513338,2024,010513338,532041,179658,-0.09909,51.50044,3,3,4,16:15,-1,E09000028,3,0,5,1,1,99,9,9,99,9,99,0,1,0,0,0,0,5,22
2024010513339,2024,010513339,547269,173857,0.11773,51.44456,3,3,4,15:30,-1,E09000004,6,0,1,0,1,99,9,9,99,9,99,1,0,0,0,0,0,5,29
2024010513340,2024,010513340,521213,178728,-0.25533,51.49451,3,3,6,15:30,-1,E09000018,4,0,8,0,1,99,9,9,99,9,99,1,0,0,0,0,0,5,24
2024010513341,2024,010513341,530736,191407,-0.11352,51.60633,3,3,4,12:52,-1,E09000014,6,0,1,0,1,99,9,9,99,9,99,1,0,0,0,0,1,5,29
2024010513351,2024,010513351,526394,181108,-0.17988,51.51477,3,3,3,18:45,-1,E09000033,5,0,1,0,1,"[11, 19]",9,9,99,9,99,1,1,0,0,0,0,5,28
2024010513363,2024,010513363,526355,186018,-0.17868,51.5589,2,2,4,10:58,-1,E09000007,3,0,1,0,1,99,9,9,99,9,99,1,0,0,0,0,0,5,29