collision_index,collision_year,collision_ref_no,location_easting_osgr,location_northing_osgr,longitude,latitude,casualty_severity,casualty_severity,day_of_week,time,local_authority_district,local_authority_ons_district,first_road_class,light_conditions,weather_conditions,road_surface_conditions,urban_or_rural_area,vehicle_manoeuvre,vehicle_direction_from,vehicle_direction_to,hit_object_in_carriageway,vehicle_leaving_carriageway,hit_object_off_carriageway,is_car,is_cyle,is_mcyle,is_goodsv,is_other,is_pedestrian,month,day
2024010514342,2024,010514342,530703,169522,-0.1221,51.40967,2,"[2, 3]",3,23:46,-1,E09000008,3,2,1,0,1,"[19, 2]","[1, 0, 5]","[5, 0, 1]",0,0,0,1,0,0,0,0,0,6,4
2024010514343,2024,010514343,531167,190036,-0.10781,51.59391,3,3,3,22:00,-1,E09000014,3,2,9,0,1,"[19, 6]","[5, 1]",1,0,0,0,1,0,1,0,0,0,6,4
2024010514346,2024,010514346,542422,172370,0.04743,51.43244,3,3,3,21:45,-1,E09000006,6,2,3,1,1,1,6,2,0,7,11,1,0,0,0,0,1,6,4
2024010514352,2024,010514352,523512,179438,-0.22198,51.50039,3,3,4,06:03,-1,E09000013,3,0,1,1,1,"[9, 19]","[7, 1]",5,0,0,0,1,0,1,0,0,0,6,5
2024010514353,2024,010514353,535245,184875,-0.05096,51.54657,3,3,3,17:15,-1,E09000012,6,0,9,-1,1,99,9,9,99,9,99,0,1,0,0,0,0,6,4
2024010514363,2024,010514363,537757,175481,-0.01842,51.46155,3,3,4,17:54,-1,E09000023,6,0,1,0,1,3,"[7, 5]","[3, 1]",0,0,0,1,1,0,0,0,0,5,29
2024010514369,2024,010514369,536475,182296,-0.03423,51.5231,3,3,4,07:28,-1,E09000030,3,0,1,0,1,4,5,1,0,0,0,1,0,0,0,0,1,6,5
2024010514370,2024,010514370,531820,181864,-0.10145,51.52032,3,3,4,08:30,-1,E09000019,4,0,1,0,1,"[6, 2, 19]","[5, 0]","[5, 0, 1]",0,"[1, 0]",0,1,1,0,0,0,0,6,5
2024010514374,2024,010514374,533473,183742,-0.07693,51.53681,3,3,4,22:35,-1,E09000012,3,2,1,0,1,99,9,9,99,9,99,1,1,0,0,0,0,5,22
2024010514375,2024,010514375,522088,168405,-0.24629,51.40155,3,3,7,17:55,-1,E09000021,6,0,1,0,1,99,9,9,99,9,99,1,0,1,0,0,0,6,1
2024010514377,2024,010514377,531881,192065,-0.09675,51.61198,3,3,4,08:55,-1,E09000010,6,0,1,0,1,8,3,5,0,0,0,1,0,0,0,0,1,6,5
2024010514382,2024,010514382,531890,172373,-0.10398,51.43501,3,3,3,13:00,-1,E09000022,3,0,1,0,1,99,9,9,99,9,99,1,0,1,0,0,0,6,4
2024010514384,2024,010514384,518492,182776,-0.29315,51.53147,3,3,4,06:50,-1,E09000009,3,0,1,0,1,99,9,9,99,9,99,1,0,0,0,0,0,6,5
2024010514387,2024,010514387,536736,198759,-0.02406,51.67097,2,2,4,10:25,-1,E09000010,5,0,1,0,1,19,"[3, 7]","[7, 3]",0,0,0,1,0,1,0,0,0,6,5
2024010514388,2024,010514388,526334,182756,-0.18016,51.52959,2,2,4,08:10,-1,E09000033,6,0,1,0,1,99,9,9,99,9,99,1,1,0,0,0,0,6,5
2024010514392,2024,010514392,534632,178274,-0.06231,51.4874,2,2,4,08:30,-1,E09000028,4,0,1,0,1,19,7,3,0,0,0,1,0,0,0,0,1,6,5
2024010514398,2024,010514398,527628,175113,-0.16428,51.46061,3,3,3,11:45,-1,E09000032,6,0,1,0,1,99,9,9,99,9,99,1,0,1,0,0,0,6,4
2024010514405,2024,010514405,522363,179352,-0.23855,51.49987,3,3,4,10:00,-1,E09000013,3,0,1,0,1,"[19, 9]","[7, 3]","[3, 2]",0,0,0,1,0,1,0,0,0,6,5
2024010514408,2024,010514408,539975,168649,0.01079,51.39961,3,3,4,10:05,-1,E09000006,6,0,1,0,1,19,3,7,0,0,0,1,0,0,0,0,1,6,5
2024010514411,2024,010514411,531751,175909,-0.10467,51.46682,3,3,4,08:20,-1,E09000022,5,0,1,0,1,"[7, 19]",9,9,99,9,99,1,1,0,0,0,0,6,5
2024010514415,2024,010514415,530852,171774,-0.11913,51.42987,2,2,4,13:16,-1,E09000022,5,0,1,0,1,19,5,1,0,0,0,1,0,0,0,0,0,6,5
2024010514416,2024,010514416,533933,178133,-0.07243,51.4863,2,2,3,21:56,-1,E09000028,3,2,2,1,1,99,9,9,99,9,99,1,1,0,0,0,0,6,4
2024010514418,2024,010514418,514400,184861,-0.35143,51.55105,3,3,4,10:20,-1,E09000009,6,0,1,0,1,19,2,6,0,0,0,0,1,0,0,0,0,6,5
2024010514421,2024,010514421,531638,179051,-0.10512,51.49508,2,2,4,07:35,-1,E09000028,6,0,1,0,1,19,5,1,0,0,0,1,0,0,0,0,1,6,5
2024010514422,2024,010514422,527870,178579,-0.15954,51.49171,3,3,3,07:20,-1,E09000020,3,0,1,0,1,19,3,7,0,0,0,1,0,0,0,0,1,4,30
2024010514427,2024,010514427,548437,188825,0.14082,51.57875,3,3,6,19:50,-1,E09000002,3,0,8,0,1,99,9,9,99,9,99,1,0,1,0,0,0,5,31
2024010514440,2024,010514440,517892,191201,-0.29897,51.60731,3,3,4,15:15,-1,E09000015,4,0,8,0,1,19,1,5,0,0,0,1,0,0,0,0,1,6,5
2024010514443,2024,010514443,518200,184177,-0.29688,51.54412,3,3,4,13:31,-1,E09000005,3,0,1,0,1,99,9,9,99,9,99,1,0,1,0,0,0,6,5
2024010514451,2024,010514451,528962,170597,-0.14673,51.41973,3,3,3,17:05,-1,E09000032,3,0,1,0,1,99,9,9,99,9,99,0,1,1,0,0,0,6,4
2024010514458,2024,010514458,525749,176952,-0.19065,51.47756,3,3,4,06:30,-1,E09000013,3,0,1,0,1,99,9,9,99,9,99,1,1,0,0,0,0,6,5
2024010514461,2024,010514461,549078,184456,0.14821,51.53932,3,3,4,16:42,-1,E09000002,3,0,1,0,1,19,"[5, 7]","[1, 3]",0,0,0,1,1,0,0,0,0,6,5
2024010514464,2024,010514464,534388,178240,-0.06584,51.48715,3,3,3,19:30,-1,E09000028,4,0,1,0,1,99,9,9,99,9,99,1,1,0,0,0,0,6,4
2024010514466,2024,010514466,534150,198064,-0.0617,51.66535,3,3,4,15:40,-1,E09000010,6,0,1,0,1,7,3,5,0,0,0,1,0,0,0,0,1,6,5
2024010514478,2024,010514478,533960,186015,-0.06905,51.55712,3,3,4,17:00,-1,E09000012,3,0,1,0,1,9,8,5,0,0,0,0,0,0,1,0,0,6,5
2024010514479,2024,010514479,513333,174692,-0.37008,51.45987,3,3,4,16:42,-1,E09000018,3,0,1,0,1,19,7,3,0,0,0,1,0,0,0,0,1,6,5
2024010514481,2024,010514481,544564,186066,0.08383,51.55496,3,3,4,18:20,-1,E09000026,6,0,9,-1,1,"[99, 19]","[9, 1]","[9, 5]","[12, 99]",0,0,1,0,0,0,0,0,6,5
2024010514483,2024,010514483,547216,185027,0.12162,51.54494,3,3,7,19:40,-1,E09000002,3,0,1,0,1,99,9,9,99,9,99,1,0,0,0,0,0,5,25
2024010514492,2024,010514492,525377,178821,-0.19534,51.49444,2,2,4,14:50,-1,E09000020,3,0,1,0,1,5,"[2, 8]","[6, 4]",0,"[1, 0]",0,1,0,1,0,0,0,6,5
2024010514493,2024,010514493,531391,183424,-0.10705,51.53444,3,3,4,17:19,-1,E09000019,4,0,1,0,1,19,5,1,0,0,0,0,0,0,0,0,1,6,5
2024010514495,2024,010514495,528174,180662,-0.15441,51.51036,3,3,4,16:43,-1,E09000033,5,0,1,0,1,19,3,7,0,0,0,1,0,0,0,0,0,6,5
2024010514496,2024,010514496,517184,190162,-0.30953,51.59812,3,3,4,16:30,-1,E09000015,6,0,8,0,1,19,1,5,0,0,0,1,0,0,0,0,1,6,5
2024010514497,2024,010514497,535777,182178,-0.04433,51.52221,3,3,4,14:23,-1,E09000030,3,0,1,0,1,"[3, 5]",3,7,0,0,0,1,0,0,0,0,0,6,5
2024010514498,2024,010514498,521508,191569,-0.24665,51.60985,3,3,1,13:40,-1,E09000003,5,0,1,0,1,99,9,9,99,9,99,1,0,0,0,0,0,6,2
2024010514499,2024,010514499,544460,190521,0.08416,51.59502,3,3,7,20:34,-1,E09000026,3,0,1,0,1,19,"[1, 5]","[5, 1]",99,0,0,1,0,0,0,0,0,6,1
2024010514501,2024,010514501,530181,187145,-0.12311,51.56816,3,3,4,18:00,-1,E09000019,3,0,1,0,1,"[19, 3]",5,1,0,0,0,1,0,1,0,0,1,6,5
2024010514505,2024,010514505,533233,175460,-0.08351,51.46244,3,3,4,11:00,-1,E09000028,6,0,9,-1,1,9,5,2,0,9,0,0,0,0,1,0,1,6,5
2024010514508,2024,010514508,525552,181768,-0.19178,51.52088,3,3,4,19:05,-1,E09000033,3,0,1,0,1,5,7,3,0,0,0,0,0,0,1,0,0,6,5
2024010514509,2024,010514509,510477,176840,-0.4105,51.47974,2,2,4,19:02,-1,E09000018,3,0,1,0,1,19,1,5,0,0,0,0,0,0,1,0,1,6,5
2024010514510,2024,010514510,531239,178780,-0.11097,51.49274,2,2,4,16:48,-1,E09000022,3,0,1,0,1,99,9,9,99,9,99,1,1,0,0,0,0,6,5
2024010514512,2024,010514512,539170,165407,-0.00205,51.37068,3,3,4,18:44,-1,E09000006,3,0,1,0,1,19,6,2,0,0,0,0,0,1,0,0,1,6,5
2024010514517,2024,010514517,525786,169872,-0.19264,51.41392,3,3,1,23:40,-1,E09000024,3,2,1,0,1,99,9,9,99,9,99,1,0,0,0,0,0,6,2
2024010514518,2024,010514518,518508,182589,-0.29298,51.52978,2,2,3,03:31,-1,E09000009,3,2,1,0,1,7,5,8,0,0,0,0,0,0,1,0,0,6,4
2024010514522,2024,010514522,548994,191053,0.1498,51.59862,2,2,4,16:58,-1,E09000016,6,0,1,0,1,9,2,7,10,7,0,1,0,0,0,0,1,6,5
2024010514527,2024,010514527,538325,180579,-0.00826,51.50722,3,3,2,21:30,-1,E09000030,3,2,1,0,1,99,9,9,99,9,99,0,1,0,0,0,0,5,20
2024010514528,2024,010514528,532765,168439,-0.09287,51.39946,3,3,4,20:55,-1,E09000008,3,0,1,0,1,99,9,9,99,9,99,0,0,1,0,0,0,6,5
2024010514529,2024,010514529,529369,186735,-0.13497,51.56466,3,3,4,11:19,-1,E09000019,3,0,1,0,1,19,2,6,0,0,0,1,0,0,0,0,1,6,5
2024010514530,2024,010514530,554453,182277,0.2247,51.5183,3,3,4,21:10,-1,E09000016,5,0,1,0,2,19,"[5, 1]","[1, 5]",0,"[8, 7]","[10, 0]",1,0,0,0,0,0,6,5
2024010514538,2024,010514538,525874,171381,-0.19084,51.42746,3,3,4,08:05,-1,E09000024,3,0,1,0,1,9,5,3,0,0,0,1,0,0,0,0,1,6,5
2024010514540,2024,010514540,519186,192552,-0.27983,51.61918,3,3,4,22:41,-1,E09000003,6,2,1,0,1,"[19, 2]","[1, 0]","[5, 0]",0,0,0,1,1,0,0,0,0,6,5
2024010514541,2024,010514541,530874,185019,-0.11391,51.54889,3,3,4,21:45,-1,E09000019,5,2,1,0,1,19,7,3,0,0,0,1,0,0,0,0,1,6,5
2024010514542,2024,010514542,528415,179157,-0.15148,51.49678,3,3,4,22:18,-1,E09000033,4,2,1,0,1,19,"[2, 4]","[6, 8]",0,0,0,1,0,0,0,0,0,6,5
2024010514544,2024,010514544,545851,178416,0.09922,51.48589,2,2,4,18:10,-1,E09000011,3,0,1,0,1,"[13, 19]",9,9,99,9,99,0,1,0,1,0,0,6,5
2024010514547,2024,010514547,542612,182050,0.05407,51.51937,3,3,1,15:05,-1,E09000025,3,0,2,1,1,99,9,9,99,9,99,1,0,0,0,0,0,4,28
2024010514549,2024,010514549,528940,170569,-0.14705,51.41948,3,3,4,22:00,-1,E09000032,3,2,1,0,1,"[9, 19]","[2, 6]","[8, 2]",0,0,0,1,0,0,1,0,0,6,5
2024010514550,2024,010514550,512569,176578,-0.38047,51.47697,3,3,4,18:55,-1,E09000018,3,0,1,0,1,19,7,3,0,0,0,1,0,0,0,0,1,6,5
2024010514552,2024,010514552,529705,163585,-0.13861,51.35654,3,3,4,22:50,-1,E09000029,4,2,1,0,1,"[9, 19]","[1, 5]","[6, 1]",0,0,0,1,1,0,0,0,0,6,5
2024010514555,2024,010514555,534872,176762,-0.05944,51.47375,2,2,5,02:20,-1,E09000028,3,2,2,1,1,19,7,3,0,1,2,0,0,1,0,0,0,6,6
2024010514556,2024,010514556,526718,170316,-0.17908,51.41771,3,3,4,22:30,-1,E09000024,3,2,1,0,1,"[9, 19]","[3, 1]","[8, 5]",0,0,0,1,1,0,0,0,0,6,5
2024010514558,2024,010514558,549312,188283,0.15321,51.57365,2,2,1,20:25,-1,E09000016,3,0,1,0,1,19,"[5, 3]","[1, 7]",0,0,0,1,0,0,0,0,0,6,2
2024010514560,2024,010514560,528684,184161,-0.14579,51.54169,3,3,5,01:52,-1,E09000007,3,2,1,0,1,"[19, 2]","[5, 0]","[1, 0]","[0, 7, 4]","[1, 0]",0,1,0,0,0,0,0,6,6
2024010514561,2024,010514561,525034,178603,-0.20036,51.49256,3,3,5,04:16,-1,E09000020,3,2,1,0,1,7,5,7,0,0,0,1,0,0,0,0,0,6,6
2024010514568,2024,010514568,528541,192986,-0.14462,51.62103,3,3,7,10:00,-1,E09000003,5,0,1,0,1,19,4,8,0,0,0,0,0,0,1,0,0,5,25
2024010514569,2024,010514569,533180,196970,-0.07613,51.65575,3,3,3,20:00,-1,E09000010,5,0,1,0,1,99,9,9,99,9,99,1,0,1,0,0,0,6,4
2024010514573,2024,010514573,541718,168864,0.03591,51.40111,3,3,2,06:10,-1,E09000006,4,0,1,0,1,19,"[1, 3]",5,0,"[9, 1]",99,1,1,0,0,0,0,4,29
2024010514581,2024,010514581,528381,166076,-0.15671,51.37923,3,3,5,10:00,-1,E09000029,4,0,1,0,1,"[19, 2]","[7, 0]","[3, 0]","[4, 0]",0,0,1,0,0,0,0,0,6,6
2024010514582,2024,010514582,537824,183077,-0.01449,51.52979,3,3,4,16:00,-1,E09000030,3,0,1,0,1,99,9,9,99,9,99,1,0,0,1,0,0,6,5
2024010514589,2024,010514589,517981,175361,-0.30299,51.46493,2,2,5,10:25,-1,E09000027,3,0,1,0,1,"[7, 4]","[2, 3]","[5, 7]",0,0,0,1,1,0,0,0,0,6,6
2024010514590,2024,010514590,548445,188469,0.14078,51.57555,3,3,5,10:30,-1,E09000002,3,0,1,0,1,3,5,1,0,0,0,1,0,0,0,0,0,6,6
2024010514591,2024,010514591,510219,180331,-0.41313,51.51117,3,3,5,07:57,-1,E09000017,5,0,1,0,1,"[9, 15]",1,"[6, 5]",0,1,0,1,1,0,0,0,0,6,6
2024010514592,2024,010514592,508663,181897,-0.43506,51.52554,2,2,3,17:15,-1,E09000017,6,0,1,0,1,99,9,9,99,9,99,1,0,0,0,0,1,5,28
2024010514593,2024,010514593,525707,196000,-0.18445,51.64875,3,3,3,15:23,-1,E09000003,6,0,9,-1,1,99,9,9,99,9,99,1,0,1,0,0,0,6,4
2024010514598,2024,010514598,535242,195551,-0.04689,51.64251,3,3,4,17:50,-1,E09000010,3,0,9,-1,1,99,9,9,99,9,99,1,0,1,0,0,0,6,5
2024010514601,2024,010514601,533457,188747,-0.07526,51.58179,3,3,7,19:57,-1,E09000014,3,0,1,0,1,99,9,9,99,9,99,1,1,0,0,0,0,6,1
2024010514604,2024,010514604,547955,170621,0.12624,51.41531,3,3,4,08:20,-1,E09000004,3,0,9,-1,1,99,9,9,99,9,99,1,0,0,0,0,0,5,15
2024010514605,2024,010514605,535355,192088,-0.0466,51.61136,3,3,4,22:10,-1,E09000010,6,2,1,0,1,99,9,9,99,9,99,1,0,0,0,0,0,6,5
2024010514609,2024,010514609,526994,171055,-0.17485,51.42429,3,3,5,10:30,-1,E09000032,5,0,1,0,1,"[19, 7]",4,"[8, 7]",0,0,0,1,0,0,0,0,0,6,6
2024010514615,2024,010514615,517357,188981,-0.30743,51.58747,3,3,5,12:01,-1,E09000015,5,0,1,0,1,19,1,5,0,2,3,1,0,0,0,0,0,6,6
2024010514618,2024,010514618,534059,178064,-0.07064,51.48565,2,2,5,11:25,-1,E09000028,3,0,1,0,1,"[9, 19]","[1, 5]","[8, 1]",0,0,0,1,0,1,0,0,0,6,6
2024010514623,2024,010514623,514318,190740,-0.35071,51.6039,3,3,5,11:40,-1,E09000015,5,0,1,-1,1,99,9,9,99,9,99,0,1,0,1,0,0,6,6
2024010514624,2024,010514624,537371,192985,-0.01715,51.61893,3,3,5,07:23,-1,E09000031,3,0,4,0,1,"[19, 5]","[1, 0]","[5, 1]",0,0,0,1,0,1,0,0,0,6,6
2024010514625,2024,010514625,541844,168843,0.03771,51.40089,3,3,5,11:14,-1,E09000006,4,0,1,0,1,"[3, 4]",3,7,0,0,0,1,0,0,0,0,0,6,6
2024010514628,2024,010514628,536473,182306,-0.03426,51.52319,3,3,5,13:25,-1,E09000030,3,0,1,0,1,"[9, 10]","[3, 5]","[1, 3]",0,0,0,1,0,1,0,0,0,6,6
2024010514630,2024,010514630,534938,184665,-0.05547,51.54476,3,3,5,12:04,-1,E09000012,3,0,1,0,1,"[19, 9]","[5, 1]","[1, 7]",0,0,0,0,1,1,0,0,0,6,6
2024010514633,2024,010514633,551461,174771,0.17839,51.45167,3,3,5,08:50,-1,E09000004,3,0,9,0,1,4,1,5,0,0,0,1,0,0,0,0,1,6,6
2024010514636,2024,010514636,531055,185091,-0.11127,51.5495,3,3,2,15:45,-1,E09000019,5,0,1,0,1,99,9,9,99,9,99,1,0,1,0,0,0,6,3
2024010514637,2024,010514637,542151,176865,0.04534,51.4729,3,3,5,08:20,-1,E09000011,3,0,1,0,1,"[9, 5]","[3, 5]",1,0,0,0,1,1,0,0,0,0,6,6
2024010514638,2024,010514638,526556,174942,-0.17976,51.45932,2,2,5,13:14,-1,E09000032,5,0,1,0,1,19,3,7,0,0,0,0,0,0,1,0,0,6,6
2024010514639,2024,010514639,528978,183942,-0.14163,51.53965,3,3,5,11:06,-1,E09000007,3,0,1,0,1,19,1,5,0,0,0,0,0,0,1,0,0,6,6
2024010514640,2024,010514640,549591,192210,0.1589,51.60886,3,3,5,12:40,-1,E09000016,6,0,1,0,1,"[9, 19]","[2, 3]",7,0,0,0,1,0,0,0,0,0,6,6
2024010514657,2024,010514657,519911,180301,-0.27354,51.50892,2,2,5,12:08,-1,E09000009,3,0,1,0,1,9,6,4,0,0,0,1,0,0,0,0,1,6,6
2024010514658,2024,010514658,522384,173775,-0.24018,51.44974,3,3,5,13:42,-1,E09000032,3,0,1,0,1,"[19, 9]",1,"[5, 7]",0,"[7, 0]","[10, 0]",1,0,1,0,0,0,6,6
2024010514666,2024,010514666,534472,177798,-0.0648,51.48316,3,3,5,13:40,-1,E09000028,3,0,1,0,1,"[5, 19]","[5, 1]","[1, 5]",0,0,0,1,1,0,0,0,0,6,6
2024010514667,2024,010514667,526439,185231,-0.17776,51.55181,3,3,4,15:20,-1,E09000007,6,0,9,-1,1,99,9,9,99,9,99,1,0,1,0,0,0,6,5
2024010514671,2024,010514671,515735,190090,-0.33047,51.59777,3,3,5,13:23,-1,E09000015,5,0,1,0,1,"[3, 19, 5]","[5, 3, 1]","[1, 7, 5]",0,"[0, 3]",0,1,0,0,0,0,0,6,6
2024010514674,2024,010514674,534767,187194,-0.05696,51.56752,3,3,4,20:00,-1,E09000012,6,0,9,-1,1,99,9,9,99,9,99,1,0,1,0,0,0,6,5
2024010514679,2024,010514679,519340,192797,-0.27752,51.62135,2,2,5,16:45,-1,E09000003,3,0,1,0,1,19,"[3, 5]","[7, 1]",0,0,0,1,0,0,0,0,0,6,6
2024010514682,2024,010514682,549012,177994,0.14453,51.48128,3,3,4,12:06,-1,E09000004,5,0,1,0,1,99,9,9,99,9,99,1,0,0,0,0,1,6,5
2024010514686,2024,010514686,533019,180222,-0.0848,51.50528,3,3,5,10:11,-1,E09000028,3,0,1,0,1,99,9,9,99,9,99,0,1,0,0,0,1,6,6
2024010514687,2024,010514687,528879,180236,-0.14441,51.50637,3,3,5,10:47,-1,E09000033,3,0,9,-1,1,99,9,9,99,9,99,1,0,0,0,0,0,6,6
2024010514688,2024,010514688,519382,186328,-0.27912,51.5632,3,3,5,17:18,-1,E09000005,3,0,1,0,1,99,9,9,99,9,99,1,0,0,0,0,1,6,6
2024010514690,2024,010514690,543813,170912,0.06684,51.41899,3,3,5,17:15,-1,E09000006,3,0,1,0,1,"[19, 15]",9,9,99,9,99,1,1,0,0,0,0,6,6
2024010514692,2024,010514692,534742,196272,-0.05384,51.6491,2,2,5,17:33,-1,E09000010,6,0,1,0,1,8,1,3,0,0,0,1,0,0,0,0,1,6,6
2024010514694,2024,010514694,527546,182428,-0.16281,51.52637,3,3,5,14:35,-1,E09000033,3,0,1,0,1,"[5, 19]","[1, 5]","[5, 1]",0,0,0,1,1,0,0,0,0,6,6
2024010514695,2024,010514695,528690,187879,-0.14434,51.5751,3,3,4,20:30,-1,E09000014,6,2,9,-1,1,99,9,9,99,9,99,1,0,1,0,0,0,6,5
2024010514697,2024,010514697,515725,185152,-0.33224,51.5534,3,3,5,18:30,-1,E09000009,3,0,1,0,1,"[19, 7]",5,"[1, 7]",0,0,0,1,0,0,0,0,0,6,6
2024010514698,2024,010514698,534485,179467,-0.06398,51.49815,2,2,5,18:14,-1,E09000028,3,0,1,0,1,19,3,7,0,0,0,0,1,0,0,0,1,6,6
2024010514700,2024,010514700,510984,181535,-0.40173,51.52184,3,3,5,17:45,-1,E09000017,6,0,1,0,1,99,9,9,99,9,99,1,0,0,0,0,0,6,6
2024010514701,2024,010514701,513585,175105,-0.36632,51.46353,2,2,5,14:30,-1,E09000018,3,0,1,0,1,19,2,6,0,0,0,0,0,1,0,0,1,6,6
2024010514703,2024,010514703,524129,181776,-0.21227,51.52127,3,3,5,17:58,-1,E09000020,4,0,1,0,1,5,1,5,0,0,0,1,0,0,0,0,1,6,6
2024010514720,2024,010514720,528886,184961,-0.14258,51.54883,2,2,5,19:45,-1,E09000007,6,0,1,0,1,"[19, 2]","[1, 0]","[5, 0]","[0, 7]",0,0,1,0,0,0,0,0,6,6
2024010514721,2024,010514721,529317,181285,-0.13772,51.5157,3,3,5,18:57,-1,E09000033,3,0,1,0,1,"[19, 7]","[3, 5]",7,0,0,0,1,1,0,0,0,0,6,6
2024010514723,2024,010514723,528077,196404,-0.15007,51.65185,3,3,5,15:55,-1,E09000010,3,0,1,0,1,99,9,9,99,9,99,1,0,0,0,0,1,6,6
2024010514729,2024,010514729,521043,189317,-0.25414,51.58971,3,3,5,15:16,-1,E09000003,3,0,1,0,1,19,8,4,0,0,0,1,1,0,0,0,0,6,6
2024010514730,2024,010514730,531508,182898,-0.10556,51.52969,3,3,5,17:24,-1,E09000019,3,0,1,0,1,4,7,3,0,0,0,0,1,1,0,0,0,6,6
2024010514733,2024,010514733,520305,180357,-0.26785,51.50934,2,2,5,09:30,-1,E09000009,6,0,9,0,1,"[2, 19]","[0, 5]","[0, 1]","[0, 8]",0,0,1,1,0,0,0,0,6,6
2024010514734,2024,010514734,532217,166832,-0.10134,51.38514,3,3,5,19:12,-1,E09000008,3,0,1,0,1,"[9, 13]","[1, 7]","[7, 3]",7,0,0,1,0,0,0,0,0,6,6
2024010514736,2024,010514736,514642,186866,-0.34729,51.56902,3,3,5,12:30,-1,E09000015,3,0,1,0,1,99,9,9,99,9,99,1,0,0,0,0,0,6,6
2024010514740,2024,010514740,546631,185017,0.11319,51.545,3,3,5,20:40,-1,E09000002,5,0,1,0,1,"[10, 19]",5,"[3, 1]",99,0,0,1,0,0,0,0,0,6,6
2024010514741,2024,010514741,535281,179714,-0.05242,51.50018,3,3,5,16:45,-1,E09000028,3,0,1,0,1,"[3, 19]",1,5,0,0,0,1,1,0,0,0,0,6,6
2024010514742,2024,010514742,524258,191077,-0.20713,51.60483,2,2,5,08:50,-1,E09000003,4,0,1,0,1,99,9,9,99,9,99,1,0,0,0,0,1,6,6
2024010514746,2024,010514746,528274,191453,-0.14903,51.60731,3,3,5,22:00,-1,E09000003,3,2,1,0,1,"[19, 3]",7,3,0,0,0,1,0,0,0,0,0,6,6
2024010514755,2024,010514755,527531,171409,-0.167,51.42735,3,3,5,14:25,-1,E09000032,3,0,1,0,1,19,1,5,0,0,0,0,0,0,0,1,1,6,6
2024010514756,2024,010514756,539711,166371,0.0061,51.37921,3,3,5,21:20,-1,E09000006,6,0,1,0,1,99,9,9,99,9,99,1,0,0,0,0,1,6,6
2024010514766,2024,010514766,512800,179920,-0.37608,51.50696,2,"[3, 2]",6,03:54,-1,E09000009,5,2,1,0,1,"[19, 2]","[7, 0]","[3, 0]","[4, 0]","[1, 0]","[11, 0]",1,0,0,0,0,1,6,7
2024010514767,2024,010514767,538094,180572,-0.01159,51.50721,3,3,6,04:10,-1,E09000030,3,0,1,0,1,19,"[3, 7]","[7, 3]","[0, 10]",0,0,1,0,0,0,0,0,6,7
2024010514769,2024,010514769,527398,171377,-0.16893,51.42709,3,3,6,00:04,-1,E09000032,3,2,1,0,1,"[6, 19]","[5, 1]",5,0,0,0,1,0,0,0,0,0,6,7
2024010514773,2024,010514773,538178,171814,-0.0138,51.42849,2,2,6,07:40,-1,E09000023,3,0,1,0,1,19,4,8,0,0,0,1,0,0,0,0,1,6,7
2024010514775,2024,010514775,521204,172136,-0.25772,51.43527,3,3,4,07:30,-1,E09000021,3,0,1,0,1,99,9,9,99,9,99,1,0,1,0,0,0,6,5
2024010514779,2024,010514779,550398,183010,0.16661,51.52598,3,3,6,07:04,-1,E09000016,3,0,1,0,1,"[19, 3, 4]",4,8,0,0,0,1,0,0,0,0,0,6,7
2024010514781,2024,010514781,525973,173088,-0.18881,51.44278,3,3,5,08:30,-1,E09000032,3,0,1,0,1,99,9,9,99,"[9, 0]","[99, 0]",1,0,0,0,0,0,6,6
2024010514782,2024,010514782,530025,175707,-0.12957,51.46541,2,2,3,18:45,-1,E09000022,3,0,1,0,1,99,9,9,99,9,99,1,1,0,0,0,0,6,4
2024010514789,2024,010514789,532361,172440,-0.09719,51.43551,3,3,5,16:20,-1,E09000022,6,0,1,0,1,99,9,9,99,9,99,1,0,1,0,0,0,6,6
2024010514791,2024,010514791,535636,164914,-0.05297,51.3671,3,3,6,08:15,-1,E09000008,5,0,1,0,1,"[19, 9]",5,"[1, 3]",0,0,0,1,0,0,0,0,0,6,7
2024010514792,2024,010514792,529340,186635,-0.13542,51.56377,3,3,6,08:45,-1,E09000019,3,0,1,0,1,"[5, 13]",5,1,0,0,0,1,1,0,0,0,0,6,7
2024010514793,2024,010514793,540245,169334,0.01494,51.4057,3,3,1,18:30,-1,E09000006,3,0,1,0,1,"[19, 4]","[3, 7]","[7, 3]",0,0,0,0,1,1,0,0,0,5,19
2024010514794,2024,010514794,535574,162474,-0.05479,51.34519,2,2,6,10:14,-1,E09000008,6,0,1,0,1,19,"[1, 3]","[5, 7]",0,"[3, 1]",11,1,0,0,0,0,0,6,7
2024010514795,2024,010514795,531564,186716,-0.10333,51.56398,3,3,6,09:02,-1,E09000019,3,0,9,0,1,19,5,1,0,0,0,1,1,0,0,0,0,6,7
2024010514799,2024,010514799,526680,166885,-0.18085,51.38688,2,2,6,09:25,-1,E09000029,5,0,1,0,1,19,"[3, 1]","[7, 5]",0,"[1, 0]","[10, 0]",1,0,0,0,0,0,6,7
2024010514800,2024,010514800,529687,194278,-0.1276,51.63237,3,3,6,06:06,-1,E09000010,3,0,8,0,1,99,9,9,99,9,99,1,0,0,0,0,0,6,7