collision_index,collision_year,collision_ref_no,location_easting_osgr,location_northing_osgr,longitude,latitude,casualty_severity,casualty_severity,day_of_week,time,local_authority_district,local_authority_ons_district,first_road_class,light_conditions,weather_conditions,road_surface_conditions,urban_or_rural_area,vehicle_manoeuvre,vehicle_direction_from,vehicle_direction_to,hit_object_in_carriageway,vehicle_leaving_carriageway,hit_object_off_carriageway,is_car,is_cyle,is_mcyle,is_goodsv,is_other,is_pedestrian,month,day
2024010515829,2024,010515829,519250,170502,-0.28636,51.421,3,3,4,16:05,-1,E09000027,6,0,1,0,2,19,1,5,0,0,0,1,1,0,0,0,0,6,12
2024010515830,2024,010515830,532966,195140,-0.07992,51.63935,3,3,3,15:35,-1,E09000010,3,0,1,0,1,19,5,1,0,9,0,0,0,0,0,0,1,4,30
2024010515831,2024,010515831,530774,181869,-0.11652,51.52061,2,2,4,13:17,-1,E09000007,6,0,1,0,1,19,5,1,0,0,0,1,0,0,0,0,1,6,12
2024010515832,2024,010515832,529376,182092,-0.13657,51.52293,2,2,4,14:32,-1,E09000007,3,0,1,0,1,19,8,4,0,0,0,0,1,0,0,0,1,6,12
2024010515842,2024,010515842,528489,173214,-0.15258,51.44335,3,3,4,17:41,-1,E09000032,3,0,1,0,1,99,9,9,99,9,99,0,0,1,0,0,1,6,12
2024010515843,2024,010515843,532665,191359,-0.0857,51.60545,3,3,4,19:44,-1,E09000014,3,0,1,0,1,"[19, 5]","[1, 7]","[5, 3]",0,0,0,1,0,1,0,0,0,6,12
2024010515845,2024,010515845,534877,182414,-0.05721,51.52454,3,3,4,20:32,-1,E09000030,4,0,1,0,1,19,7,3,0,0,0,1,0,0,0,0,0,6,12
2024010515851,2024,010515851,514377,189941,-0.35011,51.59671,2,2,4,18:06,-1,E09000015,6,0,1,0,1,5,0,5,10,7,10,1,0,0,0,0,0,6,12
2024010515860,2024,010515860,543624,164502,0.06153,51.36144,2,2,4,16:20,-1,E09000006,6,0,1,0,1,"[14, 19]","[8, 5]","[4, 1]",0,"[0, 7]","[0, 10]",1,0,1,0,0,0,6,12
2024010515862,2024,010515862,529099,175847,-0.14285,51.46688,3,3,4,11:54,-1,E09000022,4,0,1,0,1,99,9,9,99,9,99,1,1,0,0,0,0,6,12
2024010515864,2024,010515864,511329,173026,-0.39944,51.44529,3,3,4,20:18,-1,E09000018,3,0,1,0,1,19,8,4,10,1,2,1,0,0,0,0,0,6,12
2024010515865,2024,010515865,519376,169912,-0.28475,51.41567,2,2,4,21:34,-1,E09000021,3,2,1,0,1,"[99, 19]","[9, 3]","[9, 7]","[99, 0]","[9, 0]","[99, 0]",1,1,0,0,0,0,6,12
2024010515869,2024,010515869,526165,193940,-0.17858,51.63014,3,3,4,22:55,-1,E09000003,3,2,1,0,1,9,1,7,0,0,0,1,0,0,0,0,1,6,12
2024010515870,2024,010515870,544697,184627,0.08516,51.542,3,3,4,18:55,-1,E09000002,3,0,1,0,1,"[19, 6]",3,"[7, 3]",99,9,99,1,0,0,0,0,0,6,12
2024010515872,2024,010515872,530160,164303,-0.13181,51.36289,3,3,4,21:00,-1,E09000029,4,0,1,0,1,"[5, 19]","[7, 5]","[3, 1]","[0, 10]","[0, 7]","[0, 11]",1,0,0,0,0,0,6,12
2024010515875,2024,010515875,547640,184358,0.12745,51.53882,3,3,4,21:00,-1,E09000002,5,2,1,0,1,"[4, 19]","[7, 9]","[3, 9]",0,0,0,1,1,0,0,0,0,6,12
2024010515883,2024,010515883,524606,182858,-0.20502,51.53089,3,3,5,00:05,-1,E09000033,6,2,1,0,1,"[19, 5]","[7, 1]","[3, 5]",0,0,0,1,0,1,0,0,0,6,13
2024010515884,2024,010515884,522552,180924,-0.23529,51.51396,3,3,4,22:00,-1,E09000013,5,2,1,0,1,19,5,1,0,7,4,1,0,0,0,0,0,6,12
2024010515885,2024,010515885,522127,175492,-0.24329,51.46523,3,3,4,22:50,-1,E09000027,3,2,8,0,1,19,7,3,0,0,0,0,0,1,0,0,1,6,12
2024010515886,2024,010515886,530995,189476,-0.1105,51.58892,2,2,5,01:47,-1,E09000014,4,2,1,0,1,"[15, 9]","[5, 1]","[1, 7]",0,0,0,1,0,1,0,0,0,6,13
2024010515888,2024,010515888,519812,176344,-0.27631,51.47338,3,3,4,23:55,-1,E09000027,3,2,1,0,2,19,1,5,0,0,0,0,0,1,0,0,0,6,12
2024010515892,2024,010515892,523997,175214,-0.21648,51.46233,3,3,5,07:40,-1,E09000032,3,0,1,0,1,19,3,7,0,0,0,0,0,1,0,0,1,6,13
2024010515893,2024,010515893,543088,183929,0.06169,51.53614,3,3,4,10:20,-1,E09000025,6,0,9,-1,1,99,9,9,99,9,99,1,0,1,0,0,0,6,12
2024010515896,2024,010515896,523484,183250,-0.22105,51.53466,3,3,5,07:55,-1,E09000005,5,0,1,0,1,1,4,8,0,0,0,1,0,0,0,0,1,6,13
2024010515897,2024,010515897,539169,165400,-0.00206,51.37061,3,3,5,07:15,-1,E09000006,3,0,1,0,1,15,6,2,0,0,0,0,0,1,0,0,1,6,13
2024010515899,2024,010515899,534170,168344,-0.07272,51.39827,3,3,3,13:05,-1,E09000008,3,0,1,0,1,"[19, 99]",9,9,99,9,99,1,0,1,0,0,0,6,11
2024010515902,2024,010515902,534031,185212,-0.06833,51.54989,3,3,4,09:11,-1,E09000012,5,0,1,0,1,19,"[3, 1]","[7, 5]",0,0,0,1,1,0,0,0,0,6,12
2024010515903,2024,010515903,534123,179501,-0.06918,51.49854,3,3,5,08:19,-1,E09000028,3,0,1,0,1,99,9,9,99,9,99,1,1,0,0,0,0,6,13
2024010515904,2024,010515904,521120,183998,-0.25486,51.54189,3,3,7,16:45,-1,E09000005,3,0,9,-1,1,99,9,9,99,9,99,1,0,1,0,0,0,6,8
2024010515906,2024,010515906,511715,183141,-0.39069,51.53613,3,3,5,09:15,-1,E09000009,3,0,1,0,1,"[7, 19]","[1, 5]","[3, 1]",0,0,0,1,1,0,0,0,0,6,13
2024010515910,2024,010515910,551928,189493,0.19145,51.58382,3,3,5,09:20,-1,E09000016,3,0,1,0,1,"[7, 19]","[1, 5]","[4, 1]",0,0,0,1,0,0,0,0,0,6,13
2024010515911,2024,010515911,517583,179029,-0.30749,51.49798,3,3,5,09:10,-1,E09000009,4,0,1,0,1,19,7,3,7,0,0,1,0,0,0,0,0,6,13
2024010515913,2024,010515913,532297,178997,-0.09565,51.49444,3,3,5,08:20,-1,E09000028,3,0,1,0,1,"[15, 7]",5,"[1, 7]",0,0,0,1,0,1,0,0,0,6,13
2024010515915,2024,010515915,527843,172552,-0.16211,51.43755,2,"[2, 3]",5,10:00,-1,E09000032,3,0,1,0,1,19,5,1,0,0,0,0,0,1,0,0,1,6,13
2024010515916,2024,010515916,527665,174384,-0.16401,51.45405,3,3,5,08:50,-1,E09000032,4,0,1,0,1,19,"[3, 5]","[7, 1]",0,0,0,1,1,0,0,0,0,6,13
2024010515923,2024,010515923,524622,171210,-0.20889,51.4262,3,3,5,07:40,-1,E09000024,6,0,9,-1,1,99,9,9,99,9,99,1,0,0,0,0,0,6,13
2024010515928,2024,010515928,532243,178468,-0.09663,51.4897,2,2,5,09:54,-1,E09000028,3,0,1,0,1,19,1,5,0,0,0,0,0,0,1,0,1,6,13
2024010515931,2024,010515931,527122,177607,-0.17066,51.48314,3,3,5,10:20,-1,E09000020,3,0,1,0,1,"[19, 15]",7,3,"[0, 10]",0,0,1,1,0,0,0,0,6,13
2024010515936,2024,010515936,521321,184229,-0.25188,51.54393,3,3,4,09:40,-1,E09000005,6,0,1,0,1,99,9,9,99,9,99,1,0,1,0,0,0,6,12
2024010515938,2024,010515938,509524,172107,-0.42568,51.43738,3,3,4,19:05,-1,E09000018,3,2,9,-1,1,99,9,9,99,9,99,1,1,0,0,0,0,6,12
2024010515943,2024,010515943,529833,180950,-0.13041,51.51257,3,3,5,11:10,-1,E09000033,3,0,1,0,1,7,5,8,0,0,0,0,0,0,1,0,1,6,13
2024010515945,2024,010515945,523810,185414,-0.21559,51.55404,3,3,4,14:05,-1,E09000005,6,0,1,0,1,99,9,9,99,9,99,1,0,1,0,0,0,6,12
2024010515946,2024,010515946,541795,184470,0.04327,51.54132,2,2,6,00:14,-1,E09000025,6,2,1,0,1,99,9,9,99,9,99,1,1,0,0,0,0,6,7
2024010515947,2024,010515947,531374,182151,-0.10777,51.523,3,3,4,16:10,-1,E09000019,3,0,1,0,1,99,9,9,99,9,99,1,1,0,0,0,0,6,12
2024010515949,2024,010515949,526013,173038,-0.18825,51.44233,3,3,4,13:15,-1,E09000032,3,0,1,0,1,99,9,9,99,9,99,1,1,0,0,0,0,2,28
2024010515951,2024,010515951,553993,187222,0.22024,51.56286,3,3,5,09:29,-1,E09000016,5,0,1,0,1,99,9,9,99,9,99,1,0,0,0,0,1,6,13
2024010515956,2024,010515956,514242,174300,-0.35713,51.45616,3,3,5,14:10,-1,E09000027,4,0,1,0,1,"[14, 10]",1,"[5, 7]",0,0,0,1,1,0,0,0,0,6,13
2024010515957,2024,010515957,508789,173708,-0.43576,51.45191,3,3,4,14:25,-1,E09000018,3,0,1,-1,1,"[9, 19]","[6, 2]","[4, 6]",0,0,0,1,0,0,0,0,0,6,12
2024010515958,2024,010515958,533695,198519,-0.0681,51.66955,3,3,3,15:30,-1,E09000010,6,0,9,-1,2,99,9,9,99,9,99,1,0,1,0,0,0,6,11
2024010515959,2024,010515959,538987,172854,-0.00176,51.43764,3,3,3,16:00,-1,E09000023,5,0,1,0,1,99,9,9,99,9,99,1,0,0,0,0,0,4,23
2024010515960,2024,010515960,528231,167165,-0.15847,51.38905,3,3,4,02:30,-1,E09000024,3,0,1,0,1,99,9,9,99,9,99,0,0,1,0,0,0,6,12
2024010515964,2024,010515964,539691,173765,0.00872,51.44565,3,3,4,17:00,-1,E09000023,3,0,1,0,1,99,9,9,99,9,99,1,0,0,0,0,0,6,12
2024010515968,2024,010515968,514603,186862,-0.34786,51.56899,3,3,5,14:50,-1,E09000015,3,0,1,0,1,"[5, 11]",7,3,0,0,0,1,0,0,1,0,0,6,13
2024010515969,2024,010515969,530252,169987,-0.12841,51.41395,3,3,4,11:20,-1,E09000022,5,0,9,-1,1,99,9,9,99,9,99,1,0,1,0,0,0,6,12
2024010515973,2024,010515973,532994,186445,-0.08281,51.56121,3,3,5,13:12,-1,E09000012,4,0,1,0,1,19,3,7,0,0,0,1,0,0,0,0,1,6,13
2024010515977,2024,010515977,533012,176077,-0.08646,51.46804,3,3,5,15:55,-1,E09000028,3,0,1,0,1,"[9, 19]","[3, 1]","[8, 5]",0,0,0,1,1,0,0,0,0,6,13
2024010515988,2024,010515988,530590,183317,-0.11863,51.53366,3,3,5,08:30,-1,E09000019,3,0,1,0,1,99,9,9,99,9,99,1,1,0,0,0,0,6,13
2024010515991,2024,010515991,530787,190352,-0.11318,51.59684,3,3,5,14:28,-1,E09000014,5,0,4,0,1,"[10, 19]","[1, 7]","[7, 3]",0,0,0,1,0,1,0,0,0,6,13
2024010516002,2024,010516002,536499,187286,-0.03195,51.56793,2,2,5,16:18,-1,E09000031,3,0,1,0,1,"[7, 19]","[8, 6]",2,0,0,0,1,1,0,0,0,0,6,13
2024010516008,2024,010516008,537044,181757,-0.02624,51.51812,3,3,5,15:46,-1,E09000030,4,0,1,0,1,19,"[3, 7]","[7, 3]",0,0,0,1,0,0,0,0,0,6,13
2024010516010,2024,010516010,517514,185190,-0.30643,51.55337,3,3,5,14:30,-1,E09000005,5,0,1,0,1,19,"[1, 5]","[5, 1]",0,0,0,1,0,0,0,0,0,6,13
2024010516012,2024,010516012,523037,179582,-0.22877,51.50179,3,3,5,16:35,-1,E09000013,3,0,1,0,1,19,2,6,0,0,0,0,0,1,0,0,1,6,13
2024010516014,2024,010516014,543723,186389,0.07184,51.55808,3,3,5,14:30,-1,E09000026,6,0,1,0,1,4,5,1,0,0,0,0,0,0,1,0,0,6,13
2024010516015,2024,010516015,529072,178749,-0.14217,51.49296,3,3,5,18:25,-1,E09000033,6,0,1,0,1,"[3, 19]",8,4,0,0,0,1,1,0,0,0,0,6,13
2024010516017,2024,010516017,540454,169465,0.01799,51.40683,2,2,5,15:50,-1,E09000006,3,0,1,0,1,19,1,5,0,0,0,0,0,1,0,0,1,6,13
2024010516018,2024,010516018,529340,179866,-0.13791,51.50294,2,2,5,19:30,-1,E09000033,5,0,1,0,1,"[19, 15]",6,2,0,0,0,1,1,0,0,0,0,6,13
2024010516020,2024,010516020,532053,186576,-0.09633,51.56261,3,3,4,20:15,-1,E09000012,5,0,1,0,1,99,9,9,99,9,99,1,0,1,0,0,0,6,12
2024010516021,2024,010516021,547630,183837,0.12709,51.53414,3,3,5,08:40,-1,E09000002,5,0,9,-1,1,99,9,9,"[99, 0]","[9, 0]","[99, 0]",1,1,0,0,0,0,6,13
2024010516025,2024,010516025,536876,181394,-0.02881,51.5149,3,3,5,18:50,-1,E09000030,3,0,1,0,1,"[5, 19]","[0, 7]","[7, 3]","[0, 4]",0,0,1,1,0,0,0,0,6,13
2024010516027,2024,010516027,532435,164663,-0.09902,51.3656,3,3,5,06:30,-1,E09000008,3,0,2,1,1,99,9,9,99,9,99,0,0,1,0,0,1,6,13
2024010516030,2024,010516030,532347,182846,-0.09349,51.52902,3,3,5,16:45,-1,E09000012,3,0,1,0,1,99,9,9,99,9,99,1,0,0,0,0,1,6,13
2024010516037,2024,010516037,510283,172519,-0.41464,51.44094,3,3,5,17:58,-1,E09000018,3,0,1,0,1,"[9, 19]","[6, 1]","[3, 5]",0,0,0,1,0,1,0,0,0,6,13
2024010516038,2024,010516038,523797,182840,-0.21668,51.53091,3,3,5,14:56,-1,E09000005,4,0,1,0,1,"[19, 5]","[5, 0]",1,"[11, 0]",0,0,0,1,1,0,0,0,6,13
2024010516039,2024,010516039,546629,184922,0.11312,51.54415,3,3,5,15:45,-1,E09000002,5,0,1,0,1,19,5,1,0,0,0,1,0,0,0,0,1,6,13
2024010516043,2024,010516043,518174,185106,-0.29695,51.55247,3,3,5,00:01,-1,E09000005,3,2,9,-1,1,99,9,9,99,9,99,1,0,0,0,0,1,6,13
2024010516047,2024,010516047,518337,191239,-0.29253,51.60756,3,3,5,20:53,-1,E09000015,4,2,2,1,1,19,7,3,0,0,0,0,0,1,0,0,0,6,13
2024010516048,2024,010516048,513018,175376,-0.37439,51.46608,3,3,5,19:07,-1,E09000018,3,0,1,1,1,19,"[1, 7]","[5, 3]",0,0,0,1,1,0,0,0,0,6,13
2024010516051,2024,010516051,525855,165594,-0.19316,51.37546,3,3,5,17:15,-1,E09000029,4,0,2,1,1,19,1,5,0,0,0,1,0,0,0,0,0,6,13
2024010516053,2024,010516053,510681,177307,-0.40742,51.4839,2,2,5,17:50,-1,E09000018,5,0,1,1,1,19,8,4,0,0,0,1,0,1,0,0,0,6,13
2024010516054,2024,010516054,548547,188102,0.1421,51.57222,3,3,5,21:36,-1,E09000002,3,2,2,1,1,"[3, 9]","[7, 1]","[3, 7]",0,0,0,1,0,1,0,0,0,6,13
2024010516055,2024,010516055,534408,166494,-0.07001,51.38159,3,3,5,20:08,-1,E09000008,3,0,2,1,1,"[2, 19]","[0, 2]","[0, 6]",0,0,0,1,1,0,0,0,0,6,13
2024010516060,2024,010516060,523647,177856,-0.22059,51.48615,3,3,3,02:45,-1,E09000013,3,0,8,0,1,99,9,9,99,9,99,0,1,0,0,0,0,6,11
2024010516061,2024,010516061,529963,178282,-0.12952,51.48856,3,3,5,20:35,-1,E09000033,3,2,1,0,1,"[3, 19]",9,9,99,9,99,1,0,0,0,0,0,6,13
2024010516065,2024,010516065,528931,180252,-0.14366,51.5065,3,3,5,15:45,-1,E09000033,3,0,1,0,1,99,9,9,99,9,99,1,0,0,0,0,1,6,13
2024010516070,2024,010516070,527290,189052,-0.16411,51.58596,3,3,5,23:20,-1,E09000003,3,2,2,1,1,99,9,9,99,9,99,1,0,0,0,0,1,6,13
2024010516075,2024,010516075,522700,182913,-0.23246,51.5318,3,3,6,00:58,-1,E09000005,3,2,1,1,1,"[19, 2]","[8, 0]","[4, 0]","[4, 0]",0,0,1,0,0,0,0,0,6,14
2024010516076,2024,010516076,532875,182550,-0.086,51.52624,2,2,5,21:20,-1,E09000012,3,2,2,1,1,19,7,3,0,0,0,1,1,0,0,0,0,6,13
2024010516083,2024,010516083,523659,177831,-0.22043,51.48592,3,3,7,19:20,-1,E09000013,3,0,1,0,1,99,9,9,99,9,99,0,1,0,0,0,1,6,1
2024010516085,2024,010516085,535684,183944,-0.04499,51.5381,3,3,5,07:10,-1,E09000012,5,0,1,0,1,99,9,9,99,9,99,1,1,0,0,0,0,6,13
2024010516087,2024,010516087,530631,180926,-0.11893,51.51217,2,2,5,19:35,-1,E09000033,3,2,8,-1,1,99,9,9,99,9,99,0,0,1,0,0,1,6,13
2024010516094,2024,010516094,530409,181191,-0.12202,51.5146,3,3,6,09:28,-1,E09000033,4,0,1,0,1,9,5,2,0,0,0,1,0,0,0,0,1,6,14
2024010516096,2024,010516096,534890,181654,-0.05731,51.51771,3,3,5,15:50,-1,E09000030,5,0,1,0,1,99,9,9,99,9,99,1,0,1,0,0,0,6,13
2024010516097,2024,010516097,521269,189018,-0.25098,51.58698,3,3,6,09:09,-1,E09000005,3,0,1,0,1,15,1,5,0,0,0,0,0,1,0,0,1,6,14
2024010516110,2024,010516110,516449,176804,-0.32455,51.47822,3,3,6,09:02,-1,E09000018,3,0,1,0,1,19,3,7,0,0,0,1,0,0,0,0,1,6,14
2024010516111,2024,010516111,523793,165550,-0.22278,51.37552,3,3,6,09:25,-1,E09000029,3,0,1,0,1,"[10, 4]","[7, 1]","[6, 5]",0,0,0,1,0,1,0,0,0,6,14
2024010516117,2024,010516117,512159,172478,-0.38767,51.4402,3,3,6,11:13,-1,E09000018,3,0,1,0,1,"[3, 14]",4,8,0,0,0,1,0,0,1,0,0,6,14
2024010516120,2024,010516120,530952,190515,-0.11073,51.59826,3,3,5,19:15,-1,E09000014,3,0,1,0,1,99,9,9,99,9,99,1,1,0,0,0,0,6,13
2024010516121,2024,010516121,545772,163963,0.09214,51.35605,3,3,6,10:36,-1,E09000006,6,0,2,1,1,"[9, 19]","[1, 5]","[7, 1]",0,0,0,1,1,0,0,0,0,6,14
2024010516124,2024,010516124,518965,180426,-0.28712,51.51025,3,3,6,10:53,-1,E09000009,3,0,1,0,1,"[2, 1, 3]","[0, 7]","[0, 3]",0,0,0,1,1,0,0,0,0,6,14
2024010516125,2024,010516125,550975,187434,0.17682,51.56558,3,3,6,11:30,-1,E09000016,3,0,1,0,1,"[10, 19]",5,"[2, 1]","[0, 4]",0,0,1,0,0,0,0,0,6,14
2024010516129,2024,010516129,545993,178396,0.10125,51.48568,3,3,6,12:40,-1,E09000011,3,0,1,0,1,19,3,7,0,0,0,0,0,1,0,0,1,6,14
2024010516130,2024,010516130,525697,164598,-0.19578,51.36654,3,3,5,07:43,-1,E09000029,4,0,1,0,1,99,9,9,99,9,99,1,0,1,0,0,0,6,13
2024010516132,2024,010516132,524390,174288,-0.21115,51.45392,3,3,2,09:20,-1,E09000032,3,0,1,0,1,99,9,9,99,9,99,1,1,0,0,0,0,6,10
2024010516137,2024,010516137,520947,168202,-0.26275,51.39997,3,3,6,12:26,-1,E09000021,3,0,1,0,1,"[3, 5]","[7, 3]","[3, 7]",0,0,0,1,0,0,0,0,0,6,14
2024010516139,2024,010516139,512532,173791,-0.38189,51.45193,3,3,6,07:50,-1,E09000018,6,0,1,0,1,5,3,7,0,0,0,0,0,0,1,0,1,6,14
2024010516140,2024,010516140,533249,183348,-0.08031,51.53332,3,3,5,08:50,-1,E09000012,6,0,1,0,1,99,9,9,99,9,99,1,1,0,0,0,0,6,13
2024010516144,2024,010516144,522438,180084,-0.23722,51.50643,3,3,4,18:00,-1,E09000013,3,0,1,0,1,99,9,9,99,9,99,1,1,0,0,0,0,6,12
2024010516146,2024,010516146,533703,192404,-0.07032,51.61459,3,3,4,14:40,-1,E09000010,3,0,1,0,1,99,9,9,99,9,99,1,0,1,0,0,0,6,12
2024010516148,2024,010516148,533655,187518,-0.07287,51.5707,3,3,3,11:00,-1,E09000012,3,0,1,0,1,"[4, 19]","[4, 1]","[8, 5]","[99, 0]","[9, 0]","[99, 0]",1,1,0,0,0,0,5,14
2024010516151,2024,010516151,536998,176995,-0.02875,51.47534,3,3,4,10:00,-1,E09000023,3,0,1,0,1,"[13, 99]",9,9,99,9,99,1,1,0,0,0,0,6,12
2024010516152,2024,010516152,516810,174536,-0.32011,51.45776,3,3,5,10:02,-1,E09000027,3,0,1,0,1,99,9,9,99,9,99,1,0,0,0,0,0,6,13
2024010516154,2024,010516154,535864,196161,-0.03767,51.64784,3,3,6,08:11,-1,E09000010,6,0,1,0,1,19,"[1, 7]","[5, 3]",0,0,0,1,0,0,0,0,0,6,14
2024010516159,2024,010516159,536306,185258,-0.03552,51.54976,3,3,6,13:15,-1,E09000012,4,0,1,0,1,14,3,7,0,0,0,0,0,1,0,0,1,6,14
2024010516160,2024,010516160,533460,182217,-0.07769,51.52311,3,3,4,19:55,-1,E09000012,3,0,1,0,1,99,9,9,99,9,99,1,1,0,0,0,0,6,12
2024010516161,2024,010516161,522450,178619,-0.23756,51.49326,3,3,6,11:30,-1,E09000013,3,0,2,1,1,"[7, 19]","[3, 7]","[5, 3]",0,0,0,1,1,0,0,0,0,6,14
2024010516163,2024,010516163,546282,166126,0.10035,51.37535,3,3,5,22:10,-1,E09000006,6,2,2,1,1,99,9,9,99,9,99,1,0,0,0,0,0,6,13
2024010516165,2024,010516165,545569,163938,0.08922,51.35587,3,3,6,11:10,-1,E09000006,4,0,1,0,1,19,"[3, 5]","[7, 1]",0,0,0,1,0,0,0,0,0,6,14
2024010516166,2024,010516166,527465,171500,-0.16792,51.42818,3,3,2,17:05,-1,E09000032,3,0,9,1,1,99,9,9,"[99, 8]",9,99,1,1,0,0,0,0,6,10
2024010516168,2024,010516168,530063,182356,-0.12658,51.52515,3,3,6,13:25,-1,E09000007,5,0,1,0,1,"[19, 9]",2,"[6, 8]",0,0,0,1,1,0,0,0,0,6,14
2024010516171,2024,010516171,529538,182052,-0.13425,51.52254,3,3,4,10:20,-1,E09000007,6,0,1,0,1,99,9,9,"[99, 8]",9,99,1,1,0,0,0,0,6,12
2024010516172,2024,010516172,538178,181333,-0.01008,51.51403,2,2,7,16:00,-1,E09000030,6,0,1,0,1,99,9,9,99,9,99,1,0,0,0,0,1,6,8
2024010516175,2024,010516175,540457,188122,0.02545,51.57447,3,3,6,15:07,-1,E09000026,3,2,1,0,1,"[4, 19]",7,3,0,0,0,1,0,0,0,0,0,6,14
2024010516183,2024,010516183,543632,186268,0.07048,51.55702,2,2,6,14:45,-1,E09000026,3,0,1,0,1,19,1,5,0,0,0,1,0,0,0,0,1,6,14
2024010516184,2024,010516184,535232,182006,-0.05225,51.52079,3,3,6,16:02,-1,E09000030,3,0,1,0,1,"[19, 3]",7,3,0,0,0,1,0,0,0,0,0,6,14
2024010516188,2024,010516188,523504,179282,-0.22215,51.49899,3,3,6,16:30,-1,E09000013,6,0,1,0,1,"[9, 14]","[3, 1]","[1, 5]",0,0,0,1,0,0,0,0,0,6,14
2024010516190,2024,010516190,514176,179810,-0.3563,51.5057,3,3,5,16:30,-1,E09000009,3,0,1,0,1,99,9,9,99,9,99,1,1,0,0,0,0,6,13
2024010516193,2024,010516193,543301,182386,0.06413,51.52222,3,3,5,04:40,-1,E09000025,3,0,1,0,1,99,9,9,99,9,99,1,0,0,1,0,0,6,13
2024010516194,2024,010516194,533345,189593,-0.07656,51.58942,3,3,6,17:00,-1,E09000014,4,0,1,0,1,19,7,3,0,0,0,0,0,0,1,0,0,6,14
2024010516199,2024,010516199,530957,163688,-0.1206,51.35718,3,3,6,12:05,-1,E09000008,6,0,9,-1,1,99,9,9,99,9,99,1,0,0,0,0,1,6,14
2024010516202,2024,010516202,540173,190337,0.02224,51.59445,3,3,6,16:20,-1,E09000026,3,0,1,0,1,19,5,1,0,"[0, 6]","[0, 1]",1,0,1,0,0,0,6,14
2024010516203,2024,010516203,525107,184037,-0.19738,51.54137,3,3,6,15:35,-1,E09000005,3,0,1,0,1,"[5, 19]",9,9,99,9,99,1,0,1,0,0,0,6,14
2024010516205,2024,010516205,521652,183313,-0.24743,51.53562,3,3,6,15:42,-1,E09000005,3,0,1,0,1,"[9, 19]","[5, 1]","[3, 5]",0,0,0,1,0,1,0,0,0,6,14
2024010516209,2024,010516209,531903,188308,-0.09784,51.57821,3,3,5,20:00,-1,E09000014,6,0,1,1,1,99,9,9,99,9,99,1,0,1,0,0,0,6,13
2024010516215,2024,010516215,523008,190421,-0.2254,51.59921,3,3,6,16:44,-1,E09000003,3,0,1,0,1,19,7,3,0,0,0,1,0,0,0,0,0,6,14
2024010516218,2024,010516218,551980,183386,0.18956,51.52894,3,3,6,18:10,-1,E09000016,3,0,1,0,1,"[5, 3]",5,1,0,0,0,1,0,0,0,0,0,6,14
2024010516222,2024,010516222,520910,186298,-0.25709,51.56261,3,3,6,16:45,-1,E09000005,6,0,1,0,1,1,4,8,0,0,0,1,0,0,0,0,1,6,14
2024010516223,2024,010516223,530052,175275,-0.12934,51.46152,3,3,6,09:40,-1,E09000022,4,0,1,0,1,"[19, 7]",9,9,99,9,99,1,1,0,0,0,0,6,14
2024010516224,2024,010516224,523624,175188,-0.22185,51.46217,3,3,6,18:35,-1,E09000032,3,0,1,0,1,99,9,9,99,9,99,0,1,0,1,0,0,6,14
2024010516225,2024,010516225,511541,177393,-0.39501,51.4845,3,3,6,04:30,-1,E09000018,5,2,2,1,1,99,9,9,99,9,99,1,1,0,0,0,0,6,14
2024010516228,2024,010516228,533862,189777,-0.06903,51.59095,3,3,6,19:10,-1,E09000014,6,0,1,0,1,19,3,7,0,0,0,1,0,0,0,0,1,6,14
2024010516235,2024,010516235,523866,165679,-0.22169,51.37666,3,3,3,11:30,-1,E09000029,6,0,1,0,1,5,4,8,0,0,0,0,0,0,1,0,1,6,4
2024010516236,2024,010516236,508154,173825,-0.44486,51.45309,3,3,6,14:00,-1,E09000018,3,0,1,0,1,99,9,9,99,9,99,1,0,0,0,0,0,6,14
2024010516239,2024,010516239,527125,173698,-0.17202,51.44801,3,3,6,12:35,-1,E09000032,3,0,9,-1,1,99,9,9,99,9,99,1,0,1,0,0,0,6,14
2024010516250,2024,010516250,507686,182266,-0.44902,51.52905,2,2,6,20:45,-1,E09000017,5,0,1,0,1,"[13, 9]",5,"[1, 3]",0,"[3, 0]","[2, 0]",1,0,1,0,0,0,6,14
2024010516252,2024,010516252,543432,173980,0.0626,51.44665,3,3,6,19:04,-1,E09000011,3,0,1,0,1,"[9, 13]","[7, 5]","[5, 1]",0,0,0,1,0,1,0,0,0,6,14
2024010516254,2024,010516254,518336,180542,-0.29614,51.51142,1,1,6,20:46,-1,E09000009,6,0,1,0,1,19,5,1,0,0,0,1,0,0,0,0,1,6,14
2024010516256,2024,010516256,523974,175031,-0.21687,51.46069,3,3,6,18:00,-1,E09000032,3,0,1,0,1,99,9,9,99,9,99,1,1,0,0,0,0,6,14
2024010516263,2024,010516263,527486,171650,-0.16756,51.42952,3,3,6,21:27,-1,E09000032,6,0,1,0,1,"[5, 2]","[5, 0]","[1, 0]","[4, 0]",0,0,1,0,0,0,0,1,6,14
2024010516264,2024,010516264,526990,194617,-0.16642,51.63603,3,3,6,17:54,-1,E09000003,6,0,1,0,1,99,9,9,99,9,99,1,1,0,0,0,0,6,14