collision_index,collision_year,collision_ref_no,location_easting_osgr,location_northing_osgr,longitude,latitude,casualty_severity,casualty_severity,day_of_week,time,local_authority_district,local_authority_ons_district,first_road_class,light_conditions,weather_conditions,road_surface_conditions,urban_or_rural_area,vehicle_manoeuvre,vehicle_direction_from,vehicle_direction_to,hit_object_in_carriageway,vehicle_leaving_carriageway,hit_object_off_carriageway,is_car,is_cyle,is_mcyle,is_goodsv,is_other,is_pedestrian,month,day
2024010516267,2024,010516267,537781,189334,-0.01266,51.58602,2,2,6,21:54,-1,E09000031,6,2,1,0,1,"[9, -1]","[5, 7]","[2, 3]",0,0,0,1,0,0,0,0,0,6,14
2024010516269,2024,010516269,529688,173866,-0.1351,51.44894,3,3,7,01:11,-1,E09000022,3,2,2,1,1,19,7,3,0,0,0,1,0,0,0,0,0,6,15
2024010516270,2024,010516270,541599,174644,0.03651,51.45308,3,3,6,23:30,-1,E09000011,3,2,2,1,1,19,1,5,0,3,2,1,0,0,0,0,0,6,14
2024010516276,2024,010516276,522042,167572,-0.24724,51.39407,2,"[3, 2]",7,01:20,-1,E09000021,6,2,8,1,1,19,6,5,10,7,4,1,0,0,0,0,0,6,15
2024010516277,2024,010516277,525455,178274,-0.19442,51.48951,2,2,7,03:25,-1,E09000020,3,2,2,1,1,19,"[3, 1]","[7, 5]",0,"[0, 1]","[0, 11]",1,1,0,0,0,0,6,15
2024010516278,2024,010516278,541741,174812,0.03862,51.45455,3,3,7,02:00,-1,E09000011,3,2,1,1,1,19,3,7,0,1,2,1,0,0,0,0,0,6,15
2024010516282,2024,010516282,510778,181047,-0.40485,51.51749,3,3,6,17:25,-1,E09000017,3,0,1,0,1,5,7,3,0,0,0,0,0,0,1,0,0,6,14
2024010516284,2024,010516284,534856,184884,-0.05656,51.54674,2,2,7,04:45,-1,E09000012,3,0,9,1,1,19,7,3,0,0,0,0,1,0,0,0,1,6,15
2024010516285,2024,010516285,526038,175468,-0.18702,51.46416,3,3,4,03:19,-1,E09000032,3,2,4,1,1,19,"[5, 1]","[1, 5]",0,0,0,1,0,0,0,0,0,5,15
2024010516286,2024,010516286,533417,182758,-0.07811,51.52798,3,3,6,23:45,-1,E09000012,6,2,2,1,1,"[4, 19]",5,1,0,0,0,1,1,0,0,0,0,6,14
2024010516290,2024,010516290,540771,172399,0.02371,51.43311,3,3,7,10:00,-1,E09000023,6,0,1,0,1,99,9,9,99,9,99,1,1,0,0,0,0,6,15
2024010516293,2024,010516293,546593,185779,0.11296,51.55186,3,3,7,11:19,-1,E09000002,3,0,1,0,1,19,7,3,99,0,0,1,0,0,0,0,1,6,1
2024010516297,2024,010516297,535632,198823,-0.03999,51.67181,2,2,7,09:35,-1,E09000010,5,0,2,1,1,7,3,5,0,0,0,1,1,0,0,0,0,6,15
2024010516299,2024,010516299,541599,188706,0.04215,51.57944,2,2,7,04:35,-1,E09000026,3,0,1,1,2,19,1,5,"[7, 0]","[1, 0]","[6, 0]",1,0,0,0,0,0,6,15
2024010516301,2024,010516301,524549,182951,-0.20581,51.53174,3,3,7,09:59,-1,E09000033,6,0,2,1,1,7,5,7,0,0,0,1,0,0,0,0,1,6,15
2024010516302,2024,010516302,548763,179403,0.14154,51.494,3,3,7,09:20,-1,E09000004,5,0,1,0,2,"[19, 4]",7,3,"[4, 0]",0,0,1,0,0,0,0,1,6,15
2024010516304,2024,010516304,536933,169312,-0.03266,51.40631,3,3,7,10:00,-1,E09000006,3,0,1,0,1,"[14, 4]",1,5,8,0,0,1,1,0,0,0,0,6,15
2024010516310,2024,010516310,525352,180480,-0.19512,51.50935,3,3,7,11:45,-1,E09000020,3,0,2,1,1,"[3, 14]",7,3,"[0, 8]",0,0,1,1,0,0,0,0,6,15
2024010516313,2024,010516313,513554,176201,-0.36642,51.47339,3,3,7,11:37,-1,E09000018,3,0,1,1,1,19,5,1,0,0,0,1,0,0,0,0,1,6,15
2024010516314,2024,010516314,538025,180985,-0.01242,51.51094,3,3,7,10:45,-1,E09000030,6,0,1,0,1,"[2, 13]","[0, 1]","[0, 5]","[0, 4]",0,0,1,0,1,0,0,0,6,15
2024010516315,2024,010516315,528594,175745,-0.15015,51.46607,3,3,7,09:24,-1,E09000022,3,0,1,0,1,99,9,9,99,9,99,1,0,0,1,0,0,6,15
2024010516319,2024,010516319,521695,184211,-0.2465,51.54368,3,3,5,19:50,-1,E09000005,6,0,1,0,1,99,9,9,99,9,99,1,0,1,0,0,0,6,13
2024010516322,2024,010516322,535427,198215,-0.04319,51.6664,3,3,7,13:05,-1,E09000010,6,0,1,0,1,"[7, 19]",5,"[8, 1]",0,0,0,1,1,0,0,0,0,6,15
2024010516325,2024,010516325,531909,197860,-0.09416,51.66405,3,3,7,13:35,-1,E09000010,5,0,8,0,1,5,3,7,0,0,0,1,0,0,0,0,1,6,15
2024010516326,2024,010516326,541519,181940,0.03828,51.51866,3,3,7,12:50,-1,E09000025,3,0,2,1,1,"[4, 19]",3,7,0,0,0,1,0,0,0,0,0,6,15
2024010516334,2024,010516334,522170,184616,-0.23951,51.54722,3,3,7,13:35,-1,E09000005,5,0,1,1,1,"[3, 19]",5,1,0,0,0,1,0,0,0,0,0,6,15
2024010516335,2024,010516335,516577,179273,-0.3219,51.50038,3,3,6,15:10,-1,E09000009,6,0,1,0,1,99,9,9,99,9,99,1,0,1,0,0,0,6,14
2024010516336,2024,010516336,533199,182622,-0.0813,51.52681,3,3,7,12:47,-1,E09000012,3,0,2,1,1,99,9,9,99,9,99,1,1,0,0,0,0,6,15
2024010516338,2024,010516338,526197,182149,-0.18235,51.52416,3,3,7,13:20,-1,E09000033,4,0,1,0,1,"[10, 19]",2,"[1, 6]",0,0,0,1,0,1,0,0,0,6,15
2024010516342,2024,010516342,547097,168859,0.11318,51.3997,3,3,7,12:40,-1,E09000006,3,0,2,1,1,4,5,1,0,0,0,1,0,0,0,0,0,6,15
2024010516343,2024,010516343,540010,187848,0.0189,51.57212,3,3,7,10:20,-1,E09000031,3,0,5,1,1,"[19, 4]",7,3,0,0,0,1,0,1,0,0,0,6,15
2024010516344,2024,010516344,527440,182524,-0.16431,51.52726,2,2,7,14:02,-1,E09000033,3,0,2,1,1,14,4,8,0,0,0,0,0,1,0,0,1,6,15
2024010516346,2024,010516346,532240,184213,-0.09452,51.54133,2,2,7,12:30,-1,E09000019,3,0,2,1,1,7,2,5,0,1,0,0,1,0,0,0,1,6,15
2024010516347,2024,010516347,525967,178862,-0.18684,51.49468,3,3,6,15:45,-1,E09000020,3,0,1,0,1,99,9,9,99,9,99,1,0,0,0,0,0,6,14
2024010516350,2024,010516350,528503,173211,-0.15238,51.44332,3,3,2,07:30,-1,E09000032,5,0,1,0,1,"[6, 19]",9,9,99,9,99,1,1,0,0,0,0,5,20
2024010516354,2024,010516354,527166,176202,-0.17053,51.4705,3,3,7,14:15,-1,E09000032,3,0,9,1,1,"[14, 9]","[1, 5]","[5, 4]",0,0,0,1,0,1,0,0,0,6,15
2024010516357,2024,010516357,510646,179422,-0.40726,51.50291,3,3,7,15:07,-1,E09000017,3,0,1,0,1,19,1,5,0,0,0,1,0,0,0,0,0,6,15
2024010516358,2024,010516358,532681,167527,-0.09442,51.39128,3,3,7,16:35,-1,E09000008,3,0,2,1,1,9,"[1, 5]","[7, 3]",0,"[1, 7]",0,1,0,1,0,0,0,6,15
2024010516363,2024,010516363,512148,180022,-0.38544,51.50801,3,3,6,18:30,-1,E09000009,6,0,1,0,1,99,9,9,99,9,99,1,0,0,0,0,1,6,14
2024010516365,2024,010516365,538913,190148,0.00399,51.59306,3,3,7,18:30,-1,E09000031,3,0,2,1,1,4,3,7,0,0,0,0,0,0,1,0,0,6,15
2024010516369,2024,010516369,518824,173619,-0.29144,51.4491,2,2,7,16:19,-1,E09000027,6,0,1,0,2,19,7,3,0,1,0,0,1,0,0,0,0,6,15
2024010516370,2024,010516370,538929,181214,0.00069,51.51278,3,3,7,17:20,-1,E09000030,3,0,9,1,1,4,3,7,0,0,0,1,0,0,0,0,0,6,15
2024010516372,2024,010516372,521774,180598,-0.24661,51.5112,3,3,7,17:47,-1,E09000013,5,0,2,1,1,19,5,1,0,0,0,1,1,0,0,0,0,6,15
2024010516373,2024,010516373,538087,184710,-0.01007,51.5444,3,3,7,17:35,-1,E09000025,6,0,1,1,1,"[6, 19]",9,9,99,9,99,1,0,0,0,0,0,6,15
2024010516374,2024,010516374,534741,186607,-0.05756,51.56225,2,2,2,08:50,-1,E09000012,3,0,8,-1,1,19,1,5,99,9,99,0,0,0,0,0,1,6,10
2024010516375,2024,010516375,524403,174291,-0.21096,51.45394,3,3,7,18:30,-1,E09000032,3,0,1,1,1,99,9,9,99,9,99,1,1,0,0,0,0,6,15
2024010516376,2024,010516376,520223,180247,-0.26906,51.50837,3,3,7,15:50,-1,E09000009,5,0,1,0,1,19,7,3,0,0,0,1,0,0,0,0,1,6,15
2024010516382,2024,010516382,528032,172356,-0.15946,51.43574,3,3,7,20:00,-1,E09000032,3,0,1,0,1,99,9,9,99,9,99,1,0,0,0,0,0,6,15
2024010516389,2024,010516389,533884,190207,-0.06855,51.59481,3,3,7,18:56,-1,E09000014,5,0,1,0,1,19,"[3, 5]","[7, 1]",0,0,0,1,1,0,0,0,0,6,15
2024010516394,2024,010516394,530192,178136,-0.12628,51.4872,3,3,7,13:02,-1,E09000022,3,0,1,-1,2,99,9,9,99,9,99,1,0,1,0,0,0,6,15
2024010516395,2024,010516395,519841,184257,-0.2732,51.54449,3,3,7,17:54,-1,E09000005,3,2,2,1,1,99,9,9,99,9,99,1,0,0,0,0,0,6,15
2024010516400,2024,010516400,547069,187023,0.12034,51.56291,3,3,7,18:15,-1,E09000002,3,0,8,1,1,"[99, 19]","[9, 7]","[9, 3]",99,9,99,1,0,0,0,0,0,6,15
2024010516402,2024,010516402,535215,195958,-0.04713,51.64617,3,3,6,00:37,-1,E09000010,3,2,1,0,1,99,9,9,99,9,99,1,0,0,0,0,0,4,26
2024010516405,2024,010516405,527218,177085,-0.16946,51.47843,3,3,7,15:00,-1,E09000032,5,0,1,0,1,99,9,9,"[12, 8]",9,99,1,1,0,0,0,0,6,15
2024010516408,2024,010516408,534850,199732,-0.05094,51.68017,3,3,7,11:15,-1,E09000010,3,0,1,0,1,99,9,9,99,9,99,1,0,0,0,0,0,6,15
2024010516409,2024,010516409,531618,184742,-0.10329,51.54623,2,2,7,19:15,-1,E09000019,3,0,1,0,1,19,5,1,0,0,0,0,1,0,0,0,0,6,15
2024010516411,2024,010516411,511286,182622,-0.39703,51.53155,3,3,7,19:52,-1,E09000017,5,0,9,-1,1,99,9,9,99,9,99,1,0,0,0,0,0,6,15
2024010516414,2024,010516414,545944,187274,0.10422,51.56546,3,3,5,17:07,-1,E09000026,3,0,8,0,1,19,3,7,0,0,0,1,0,0,0,0,1,6,13
2024010516415,2024,010516415,540813,178422,0.02671,51.48722,3,3,7,21:00,-1,E09000011,3,0,1,0,1,"[19, 9]",7,"[3, 4]",0,0,0,1,0,1,0,0,0,6,15
2024010516417,2024,010516417,527739,178605,-0.16142,51.49197,3,3,7,19:55,-1,E09000020,5,0,1,0,1,"[19, 9]",7,"[3, 6]",0,0,0,1,0,1,0,0,0,6,15
2024010516422,2024,010516422,533256,179271,-0.08174,51.49668,3,3,7,17:50,-1,E09000028,3,0,1,0,1,99,9,9,99,9,99,1,1,0,0,0,0,6,15
2024010516423,2024,010516423,536802,181659,-0.02977,51.51729,1,1,1,00:06,-1,E09000030,3,2,1,0,1,19,7,3,0,0,0,0,0,0,1,0,1,6,16
2024010516429,2024,010516429,541978,185091,0.04616,51.54686,3,3,7,22:34,-1,E09000025,6,2,1,1,1,"[4, 3, 1]",7,3,0,0,0,1,0,0,0,0,0,6,15
2024010516430,2024,010516430,538974,181307,0.00138,51.5136,2,"[3, 2]",1,03:50,-1,E09000030,3,2,1,0,1,19,"[1, 7]","[5, 3]",0,0,0,1,0,0,0,0,0,6,16
2024010516431,2024,010516431,526820,183170,-0.17301,51.5332,3,3,7,19:18,-1,E09000033,3,0,1,1,1,"[9, 19]","[1, 6]","[6, 2]",0,0,0,1,0,1,0,0,0,6,15
2024010516436,2024,010516436,533498,184186,-0.0764,51.54079,3,3,1,03:39,-1,E09000012,3,0,1,0,1,19,1,5,0,0,0,1,0,0,0,0,0,6,16
2024010516450,2024,010516450,531427,167466,-0.11246,51.39102,2,2,1,10:00,-1,E09000008,3,0,1,0,1,"[19, 7]",5,"[1, 8]","[7, 0]","[2, 0]","[10, 0]",1,0,1,0,0,0,6,16
2024010516451,2024,010516451,527548,179439,-0.16387,51.49951,3,3,1,10:04,-1,E09000020,3,0,1,0,1,4,3,7,0,0,0,1,0,0,1,0,0,6,16
2024010516453,2024,010516453,537432,180956,-0.02097,51.51082,3,3,1,06:58,-1,E09000030,3,0,1,0,1,19,7,3,7,0,0,1,0,0,0,0,0,6,16
2024010516454,2024,010516454,531625,176191,-0.10637,51.46939,3,3,5,18:20,-1,E09000022,5,0,1,0,1,99,9,9,0,0,0,0,1,0,0,0,1,6,13
2024010516456,2024,010516456,538512,183816,-0.00429,51.53626,3,3,1,11:00,-1,E09000025,3,0,1,0,1,19,"[1, 3]","[5, 7]",0,0,0,1,1,0,0,0,0,6,16
2024010516458,2024,010516458,507511,181258,-0.45185,51.52002,3,3,1,08:52,-1,E09000017,4,0,8,0,1,"[19, 2]","[5, 0]","[1, 0]",99,9,99,1,0,0,0,0,0,6,16
2024010516460,2024,010516460,526656,191985,-0.17219,51.61246,3,3,7,15:10,-1,E09000003,6,0,1,0,1,99,9,9,"[99, 8]",9,99,1,1,0,0,0,0,6,15
2024010516462,2024,010516462,527970,184609,-0.15591,51.54587,3,3,1,10:45,-1,E09000007,3,0,1,0,1,19,"[7, 1]","[3, 5]",0,0,0,1,1,0,0,0,0,6,16
2024010516464,2024,010516464,532043,171895,-0.10196,51.43068,3,3,1,09:10,-1,E09000022,3,0,1,0,1,99,9,9,99,9,99,1,0,0,0,0,1,6,16
2024010516473,2024,010516473,514164,172476,-0.35884,51.43978,2,2,1,12:48,-1,E09000027,3,0,1,0,1,"[19, 2]","[7, 0]","[3, 0]","[4, 0]",0,0,1,0,0,0,0,0,6,16
2024010516475,2024,010516475,548172,170010,0.1291,51.40976,3,3,7,19:21,-1,E09000006,3,0,2,1,2,19,4,8,11,2,7,1,0,0,0,0,0,6,15
2024010516478,2024,010516478,521161,185869,-0.25362,51.5587,3,3,1,11:20,-1,E09000005,3,0,1,0,1,99,9,9,99,9,99,1,0,0,0,0,0,6,16
2024010516482,2024,010516482,542962,177807,0.05739,51.48116,2,2,1,11:31,-1,E09000011,5,0,1,0,1,19,3,7,0,0,0,1,0,0,0,0,1,6,16
2024010516484,2024,010516484,530317,178049,-0.12451,51.48638,3,3,1,13:50,-1,E09000022,3,0,1,0,1,19,5,1,0,0,0,0,0,1,0,0,1,6,16
2024010516487,2024,010516487,517714,167168,-0.30955,51.39135,2,2,4,13:45,-1,E09000021,3,0,1,0,1,"[2, 99]",9,9,"[99, 8]",9,99,1,1,0,0,0,0,6,12
2024010516490,2024,010516490,549076,184439,0.14817,51.53917,3,3,1,14:40,-1,E09000002,3,0,1,0,1,19,3,7,0,0,0,1,0,0,0,0,0,6,16
2024010516499,2024,010516499,532961,191339,-0.08143,51.6052,2,2,1,10:40,-1,E09000014,5,0,1,0,1,"[13, 19]","[7, 3]","[3, 7]",0,0,0,1,0,0,0,0,0,6,16
2024010516501,2024,010516501,533143,178319,-0.08373,51.48815,3,3,1,14:50,-1,E09000028,6,0,1,0,1,99,9,9,99,9,99,1,0,1,0,0,0,6,16
2024010516502,2024,010516502,521214,178630,-0.25535,51.49363,3,3,1,13:30,-1,E09000018,4,0,1,0,1,99,9,9,99,9,99,1,1,0,0,0,0,6,16
2024010516503,2024,010516503,515903,190799,-0.32781,51.60411,3,3,1,15:10,-1,E09000015,5,0,1,0,1,19,"[5, 1]","[1, 5]",0,0,0,1,0,1,0,0,0,6,16
2024010516505,2024,010516505,515643,189377,-0.33203,51.59138,3,3,1,16:35,-1,E09000015,6,0,9,0,1,19,6,2,10,0,0,0,0,0,0,0,0,6,16
2024010516509,2024,010516509,525185,173853,-0.19987,51.44983,3,3,7,14:00,-1,E09000032,3,0,2,1,1,99,9,9,99,9,99,1,1,0,0,0,0,6,15
2024010516510,2024,010516510,528698,173595,-0.14943,51.44673,3,3,1,12:50,-1,E09000032,3,0,1,0,1,99,9,9,99,9,99,1,1,0,0,0,0,6,16
2024010516511,2024,010516511,549220,175716,0.14656,51.46076,3,3,6,07:40,-1,E09000004,5,0,1,0,1,99,9,9,99,9,99,1,0,0,0,0,1,6,14
2024010516513,2024,010516513,522414,184979,-0.23587,51.55043,3,3,7,14:10,-1,E09000005,6,0,9,-1,1,99,9,9,99,9,99,1,0,0,0,0,0,6,15
2024010516515,2024,010516515,526349,181789,-0.18029,51.5209,3,3,1,16:10,-1,E09000033,3,0,1,0,1,"[5, 19]","[1, 7]","[5, 3]",0,0,0,1,1,0,0,0,0,6,16
2024010516523,2024,010516523,534143,195544,-0.06277,51.64271,3,3,1,15:55,-1,E09000010,6,0,8,0,1,19,3,7,0,0,0,1,0,0,0,0,1,6,16
2024010516524,2024,010516524,528428,180910,-0.15066,51.51253,3,3,5,08:00,-1,E09000033,5,0,1,0,1,99,9,9,99,9,99,1,0,0,0,0,1,6,13
2024010516525,2024,010516525,535385,180783,-0.05051,51.50976,2,2,1,15:54,-1,E09000030,3,0,1,0,1,"[5, 9]","[7, 2]","[3, 7]",0,0,0,1,0,0,0,0,0,6,16
2024010516527,2024,010516527,535052,193702,-0.05035,51.62594,3,3,1,18:36,-1,E09000010,6,0,1,0,1,"[2, 19]","[0, 7]","[0, 3]","[0, 4]",0,0,1,0,0,0,0,1,6,16
2024010516532,2024,010516532,531807,188424,-0.09918,51.57927,3,3,1,18:27,-1,E09000014,3,0,1,0,1,19,1,5,0,0,0,0,0,0,0,0,1,6,16
2024010516533,2024,010516533,525449,179988,-0.19389,51.50491,3,3,1,15:55,-1,E09000020,3,0,1,1,1,"[9, 19]",1,"[6, 5]",0,0,0,1,0,1,0,0,0,6,16
2024010516536,2024,010516536,541093,178540,0.03079,51.48821,3,3,1,14:50,-1,E09000011,3,0,1,0,1,9,3,1,10,1,11,1,0,0,0,0,0,6,16
2024010516538,2024,010516538,534477,164411,-0.0698,51.36285,3,3,1,17:30,-1,E09000008,6,0,1,0,1,"[9, 19]","[4, 1]","[1, 5]",0,0,0,1,0,1,0,0,0,6,16
2024010516539,2024,010516539,528368,174711,-0.15378,51.45683,2,2,1,15:45,-1,E09000032,3,0,1,0,1,"[9, 5]","[7, 5]","[5, 1]",0,0,0,1,0,1,0,0,0,6,16
2024010516540,2024,010516540,520552,181515,-0.26389,51.5197,3,3,1,12:41,-1,E09000009,3,0,9,-1,1,"[19, 99]","[5, 9]","[1, 9]","[10, 99]",9,"[10, 99]",1,0,0,0,0,0,6,16
2024010516546,2024,010516546,536818,182659,-0.02915,51.52628,2,"[2, 3]",1,17:45,-1,E09000030,3,0,1,0,1,"[19, 9]","[3, 7]","[7, 5]","[0, 10]",0,0,1,0,0,0,0,0,6,16
2024010516547,2024,010516547,525886,171394,-0.19066,51.42758,2,2,1,14:40,-1,E09000024,4,0,1,0,1,"[19, 5]","[3, 1]","[7, 5]",0,"[3, 0]",0,1,1,0,0,0,0,6,16
2024010516548,2024,010516548,542159,177909,0.04588,51.48228,2,2,1,20:19,-1,E09000011,4,0,1,0,1,"[19, 9]","[6, 7]","[2, 4]",0,0,0,1,0,0,0,0,0,6,16
2024010516549,2024,010516549,509751,181997,-0.41935,51.52623,3,3,1,14:45,-1,E09000017,6,0,1,0,1,19,"[7, 5]","[3, 1]",0,"[3, 0]","[11, 0]",1,0,0,0,0,0,6,16
2024010516554,2024,010516554,525004,178614,-0.20079,51.49266,3,3,1,19:50,-1,E09000020,6,0,1,0,1,"[11, 8, 19]","[6, 5]","[2, 7]",0,0,0,1,0,1,0,0,0,6,16
2024010516555,2024,010516555,535810,192278,-0.03996,51.61296,3,3,1,14:32,-1,E09000010,3,0,1,0,1,19,7,3,0,0,0,1,0,0,0,0,0,6,16
2024010516557,2024,010516557,538472,176737,-0.00765,51.47266,2,2,1,20:37,-1,E09000023,3,0,1,0,1,19,3,7,0,0,0,1,0,0,0,0,1,6,16
2024010516559,2024,010516559,548255,188063,0.13787,51.57195,3,3,1,17:51,-1,E09000002,3,0,1,0,1,"[5, 13, 4, 19]","[7, 3, 1]","[3, 7, 5]",0,0,0,1,0,0,1,0,0,6,16
2024010516562,2024,010516562,535224,181261,-0.05265,51.5141,3,3,1,21:30,-1,E09000030,3,2,1,0,1,19,3,7,0,0,0,1,0,1,0,0,0,6,16
2024010516567,2024,010516567,538283,175396,-0.01089,51.46065,3,3,1,20:21,-1,E09000023,3,0,1,0,1,19,5,1,0,0,0,0,0,0,1,0,0,6,16
2024010516568,2024,010516568,551081,188375,0.17875,51.574,3,3,1,20:12,-1,E09000016,3,0,1,0,1,"[19, 3]",1,5,0,0,0,1,0,0,0,0,0,6,16
2024010516569,2024,010516569,548917,178303,0.14329,51.48408,2,2,1,21:10,-1,E09000004,3,0,1,0,1,"[19, 7]","[7, 1]",3,0,0,0,1,0,0,0,0,0,6,16
2024010516572,2024,010516572,525189,187206,-0.19507,51.56984,3,3,1,20:05,-1,E09000003,3,0,1,0,1,99,9,9,99,9,99,1,0,0,0,0,0,6,16
2024010516576,2024,010516576,546319,173946,0.1041,51.44561,3,3,1,10:41,-1,E09000004,5,0,1,0,1,99,9,9,99,9,99,1,0,0,0,0,0,6,16
2024010516577,2024,010516577,528861,180190,-0.14469,51.50596,3,3,1,22:47,-1,E09000033,3,2,1,0,1,"[9, 8]","[2, 6]","[8, 1]",0,0,0,1,1,0,0,0,0,6,16
2024010516579,2024,010516579,536911,171665,-0.03207,51.42746,3,3,1,13:25,-1,E09000023,6,0,1,0,1,99,9,9,99,9,99,1,0,0,0,0,0,6,16
2024010516580,2024,010516580,529256,178810,-0.1395,51.49347,3,3,6,08:50,-1,E09000033,3,0,1,0,1,99,9,9,99,9,99,1,1,0,0,0,0,6,7
2024010516583,2024,010516583,549596,183331,0.1552,51.52908,3,3,1,16:03,-1,E09000002,3,0,1,0,1,19,7,3,0,0,0,1,0,0,0,0,0,6,16
2024010516585,2024,010516585,525113,183961,-0.19732,51.54069,3,3,2,23:20,-1,E09000005,6,2,1,0,1,5,7,3,0,0,0,1,0,0,0,0,1,6,10
2024010516588,2024,010516588,519603,184605,-0.27652,51.54767,2,2,1,21:20,-1,E09000005,3,2,1,0,1,19,8,4,0,0,0,1,1,0,0,0,0,6,16
2024010516593,2024,010516593,508710,181368,-0.43454,51.52078,3,3,7,14:20,-1,E09000017,6,0,1,0,1,99,9,9,99,9,99,1,0,0,0,0,0,6,15
2024010516597,2024,010516597,538143,180408,-0.01094,51.50573,3,3,3,08:45,-1,E09000030,6,0,1,0,1,99,9,9,99,9,99,1,0,1,0,0,0,6,11
2024010516598,2024,010516598,540041,180445,0.0164,51.50559,3,3,2,06:01,-1,E09000025,3,0,1,0,1,99,9,9,99,9,99,1,1,0,0,0,0,6,17
2024010516601,2024,010516601,555413,192133,0.24288,51.60659,2,2,2,07:15,-1,E09000016,5,0,1,0,1,"[9, 14]",5,"[2, 1]",0,0,0,1,0,1,0,0,0,6,17
2024010516602,2024,010516602,529577,174462,-0.13647,51.45432,3,3,5,16:45,-1,E09000022,6,0,1,0,1,99,9,9,99,9,99,0,0,1,1,0,0,6,13
2024010516603,2024,010516603,529234,178554,-0.13991,51.49117,3,3,2,07:17,-1,E09000033,3,0,1,0,1,19,4,8,7,0,0,1,0,0,0,0,0,6,17
2024010516604,2024,010516604,526251,181261,-0.18189,51.51617,2,2,2,07:30,-1,E09000033,5,0,1,0,1,19,4,8,0,0,0,1,0,0,0,0,1,6,17
2024010516608,2024,010516608,548425,189075,0.14075,51.581,3,3,6,19:50,-1,E09000002,3,0,1,0,1,99,9,9,99,9,99,1,0,0,0,0,0,6,14
2024010516616,2024,010516616,525705,189840,-0.18669,51.59339,3,3,1,23:15,-1,E09000003,3,2,9,0,1,99,9,9,99,9,99,1,0,0,0,0,0,6,16
2024010516619,2024,010516619,507297,175904,-0.45656,51.47194,3,3,2,07:35,-1,EHEATHROW,6,0,1,0,1,19,"[3, 7]","[7, 3]",0,0,0,1,0,0,0,1,0,6,17
2024010516620,2024,010516620,532872,196749,-0.08067,51.65384,3,3,2,07:52,-1,E09000010,5,0,1,0,1,"[4, 19]",5,1,0,0,0,1,0,0,0,0,0,6,17
2024010516624,2024,010516624,518650,180277,-0.29171,51.50897,3,3,4,17:37,-1,E09000009,3,0,1,0,1,99,9,9,99,9,99,1,0,0,0,0,0,6,12
2024010516626,2024,010516626,519845,189408,-0.27139,51.59079,3,3,2,08:35,-1,E09000005,5,0,1,0,1,9,7,4,0,0,0,1,0,0,0,0,1,6,17
2024010516628,2024,010516628,530393,190412,-0.11884,51.59747,3,3,2,09:50,-1,E09000014,4,0,1,0,1,"[7, 10]","[1, 5]",3,0,0,0,1,1,0,0,0,0,6,17
2024010516630,2024,010516630,545193,178652,0.08984,51.48818,3,3,5,15:30,-1,E09000011,3,0,1,0,1,99,9,9,99,9,99,1,0,1,0,0,0,6,13
2024010516638,2024,010516638,537649,174970,-0.02017,51.45698,3,3,6,14:56,-1,E09000023,6,0,1,0,1,99,9,9,99,9,99,1,0,1,0,0,0,6,14
2024010516647,2024,010516647,527511,175582,-0.16579,51.46485,3,3,6,18:36,-1,E09000032,6,0,1,0,1,99,9,9,99,9,99,1,0,1,0,0,0,6,14
2024010516649,2024,010516649,535076,185592,-0.05312,51.55305,3,3,7,11:30,-1,E09000012,3,0,9,-1,1,99,9,9,99,9,99,1,0,0,0,0,0,6,15
2024010516650,2024,010516650,541438,177037,0.03515,51.47462,3,3,2,09:00,-1,E09000011,3,0,1,0,1,99,9,9,99,9,99,1,1,0,0,0,0,6,17
2024010516655,2024,010516655,535371,193863,-0.04568,51.62731,3,3,5,17:55,-1,E09000010,5,2,9,-1,1,99,9,9,99,9,99,1,0,1,0,0,0,6,13
2024010516660,2024,010516660,526235,178434,-0.18313,51.49077,3,3,7,16:56,-1,E09000020,3,2,9,-1,1,99,9,9,99,9,99,1,0,1,0,0,0,6,15
2024010516661,2024,010516661,527259,175724,-0.16936,51.46619,3,3,2,08:30,-1,E09000032,5,0,1,0,1,"[9, 10]","[7, 1]","[5, 7]",0,"[1, 0]",0,1,1,0,0,0,0,6,17
2024010516662,2024,010516662,528372,169316,-0.15567,51.40835,2,2,2,13:05,-1,E09000024,5,0,1,0,1,19,1,5,0,0,0,0,0,1,0,0,1,6,17
2024010516669,2024,010516669,517750,180842,-0.30448,51.51424,2,2,2,12:58,-1,E09000009,6,0,1,0,1,5,3,7,0,1,0,1,0,0,0,0,1,6,17
2024010516678,2024,010516678,536038,178001,-0.04218,51.48461,3,3,1,18:30,-1,E09000023,4,0,9,-1,1,99,9,9,99,9,99,1,0,1,0,0,0,6,16
2024010516679,2024,010516679,522459,184452,-0.2354,51.54568,3,3,6,15:21,-1,E09000005,6,0,9,-1,1,99,9,9,99,9,99,1,0,1,0,0,0,6,14
2024010516681,2024,010516681,532118,187911,-0.09489,51.57459,3,3,1,14:30,-1,E09000014,6,0,9,-1,1,99,9,9,99,9,99,1,0,1,0,0,0,6,16