collision_index,collision_year,collision_ref_no,location_easting_osgr,location_northing_osgr,longitude,latitude,casualty_severity,casualty_severity,day_of_week,time,local_authority_district,local_authority_ons_district,first_road_class,light_conditions,weather_conditions,road_surface_conditions,urban_or_rural_area,vehicle_manoeuvre,vehicle_direction_from,vehicle_direction_to,hit_object_in_carriageway,vehicle_leaving_carriageway,hit_object_off_carriageway,is_car,is_cyle,is_mcyle,is_goodsv,is_other,is_pedestrian,month,day
2024010517565,2024,010517565,526998,184442,-0.16998,51.54459,3,3,4,18:30,-1,E09000007,6,0,9,-1,1,99,9,9,99,9,99,1,0,1,0,0,0,6,19
2024010517566,2024,010517566,515067,190694,-0.33991,51.60334,3,3,6,17:30,-1,E09000015,6,0,8,0,1,5,0,1,11,0,0,1,0,0,0,0,0,6,21
2024010517567,2024,010517567,525757,176020,-0.19087,51.46918,3,3,5,17:40,-1,E09000013,3,0,9,-1,1,99,9,9,99,9,99,1,0,1,0,0,0,6,20
2024010517573,2024,010517573,538305,175693,-0.01046,51.46332,3,3,6,18:45,-1,E09000023,3,0,1,0,1,5,"[5, 1]","[1, 5]",0,0,0,1,1,0,0,0,0,6,21
2024010517577,2024,010517577,525929,173148,-0.18942,51.44333,2,2,5,18:15,-1,E09000032,3,0,1,0,1,"[19, 9]",7,"[3, 4]",0,0,0,1,1,0,0,0,0,6,20
2024010517580,2024,010517580,534063,195119,-0.06409,51.63891,3,3,6,19:00,-1,E09000010,6,0,1,0,1,"[2, 19, 9]","[0, 2, 4]","[0, 6, 2]",0,0,0,1,0,1,0,0,0,6,21
2024010517581,2024,010517581,548332,175408,0.13366,51.45822,3,3,6,16:50,-1,E09000004,3,0,1,0,1,15,3,7,0,0,0,0,0,1,0,0,1,6,21
2024010517582,2024,010517582,517841,189859,-0.30015,51.59526,3,3,6,18:14,-1,E09000015,5,0,1,0,1,"[4, 19]",7,3,0,0,0,1,0,1,0,0,0,6,21
2024010517585,2024,010517585,533770,189544,-0.07044,51.58888,3,3,6,18:45,-1,E09000014,3,0,1,0,1,8,7,1,0,0,0,0,0,1,0,0,0,6,21
2024010517586,2024,010517586,523363,184612,-0.22232,51.54693,3,3,6,18:45,-1,E09000005,3,0,1,0,1,"[6, 15]","[3, 7]",3,0,0,0,1,0,1,0,0,0,6,21
2024010517588,2024,010517588,536058,195853,-0.03499,51.64502,3,3,6,17:25,-1,E09000010,5,0,1,0,1,19,5,1,0,0,0,1,1,0,0,0,0,6,21
2024010517589,2024,010517589,540979,182413,0.03069,51.52304,3,3,6,18:57,-1,E09000025,6,0,1,0,1,"[9, 19]","[7, 5]","[5, 1]",0,0,0,1,0,1,0,0,0,6,21
2024010517593,2024,010517593,535107,193688,-0.04956,51.6258,3,3,6,20:45,-1,E09000010,6,2,1,0,1,19,"[7, 1]","[3, 5]",0,0,0,1,0,0,0,0,0,6,21
2024010517596,2024,010517596,530794,187198,-0.11425,51.56849,3,3,6,16:30,-1,E09000019,6,0,1,0,1,"[19, 7]","[3, 5]","[7, 8]",0,0,0,1,0,1,0,0,0,6,21
2024010517597,2024,010517597,518831,175601,-0.29068,51.46691,2,2,6,17:10,-1,E09000027,3,0,1,0,1,"[5, 9]","[1, 5]","[5, 3]",0,0,0,1,0,1,0,0,0,6,21
2024010517603,2024,010517603,533551,165529,-0.08268,51.37312,2,"[2, 3]",6,20:45,-1,E09000008,3,0,1,0,1,"[19, 4]",7,3,0,"[0, 1]",0,1,0,0,0,0,1,6,21
2024010517604,2024,010517604,535861,170861,-0.04747,51.42049,3,3,5,21:30,-1,E09000006,6,0,1,0,1,"[19, 2]",9,9,99,9,99,1,0,0,0,0,0,6,20
2024010517607,2024,010517607,547970,187995,0.13373,51.57141,3,3,6,15:38,-1,E09000002,3,0,1,0,1,"[5, 2]",0,"[3, 0]",0,0,0,1,0,0,0,0,0,6,21
2024010517610,2024,010517610,523768,178070,-0.21877,51.48804,2,2,6,17:00,-1,E09000013,6,0,8,0,1,99,9,9,99,9,99,1,0,0,0,0,1,6,21
2024010517615,2024,010517615,537791,182316,-0.01527,51.52296,3,3,6,16:27,-1,E09000030,4,0,1,0,1,"[2, 19]","[7, 1]","[3, 5]","[0, 8]","[7, 1]",0,1,1,0,0,0,0,6,21
2024010517620,2024,010517620,522977,190405,-0.22585,51.59907,3,3,4,18:22,-1,E09000003,3,0,1,0,1,99,9,9,99,9,99,1,0,1,0,0,0,6,19
2024010517626,2024,010517626,532379,177581,-0.095,51.4817,3,3,6,17:00,-1,E09000028,3,0,1,0,1,"[7, 15]",5,"[7, 1]",0,"[0, 1]","[0, 4]",1,1,0,0,0,0,6,21
2024010517630,2024,010517630,527907,180798,-0.1582,51.51164,3,3,6,22:44,-1,E09000033,3,0,1,0,1,"[7, 19]",5,"[8, 1]",0,0,0,1,0,0,1,0,0,6,21
2024010517632,2024,010517632,522832,180036,-0.23156,51.50592,3,3,7,02:15,-1,E09000013,3,2,1,0,1,19,7,3,0,0,0,0,1,0,0,0,1,6,22
2024010517633,2024,010517633,532595,193275,-0.08598,51.62268,3,3,7,02:32,-1,E09000010,6,2,1,0,1,"[19, 2]","[7, 0]","[3, 0]","[4, 0]",0,0,1,0,0,0,0,0,6,22
2024010517634,2024,010517634,534870,179565,-0.0584,51.49894,3,3,6,20:00,-1,E09000028,3,0,1,0,1,"[9, 19]","[1, 5]","[7, 1]",0,0,0,1,1,0,0,0,0,6,21
2024010517636,2024,010517636,541472,183227,0.03812,51.53024,3,3,7,02:40,-1,E09000025,3,2,9,-1,1,"[-1, 2]","[9, 0]","[9, 0]",0,0,0,1,0,0,0,0,0,6,22
2024010517637,2024,010517637,527134,185789,-0.16754,51.55667,3,3,7,04:37,-1,E09000007,5,0,1,1,1,"[2, 19]","[0, 1]","[0, 5]","[0, 4]","[0, 1]",0,1,0,0,0,0,0,6,22
2024010517638,2024,010517638,538597,190878,-0.00028,51.5997,3,3,6,12:20,-1,E09000031,3,0,1,0,1,"[19, 4, 12]",3,7,0,0,0,1,0,0,1,0,0,6,21
2024010517644,2024,010517644,552533,175416,0.19409,51.45718,3,3,7,07:13,-1,E09000004,3,0,8,1,1,19,7,3,0,0,0,1,0,0,0,0,0,6,22
2024010517645,2024,010517645,530564,180798,-0.11994,51.51103,3,3,6,19:00,-1,E09000033,3,0,1,0,1,99,9,9,99,9,99,1,1,0,0,0,0,6,21
2024010517647,2024,010517647,527137,175330,-0.17126,51.46267,3,3,7,04:25,-1,E09000032,3,2,1,1,1,19,"[7, 3]","[3, 7]",0,0,0,1,0,0,0,0,0,6,22
2024010517651,2024,010517651,532352,179118,-0.09482,51.49552,2,2,4,18:20,-1,E09000028,6,0,1,0,1,99,9,9,99,9,99,1,1,0,0,0,0,6,19
2024010517653,2024,010517653,528182,163405,-0.16053,51.35527,3,3,6,18:30,-1,E09000029,5,0,1,0,1,99,9,9,99,9,99,1,0,0,0,0,0,6,21
2024010517654,2024,010517654,535327,195351,-0.04574,51.64069,3,3,4,17:50,-1,E09000010,6,0,1,0,1,1,3,7,0,0,0,1,0,0,0,0,1,6,19
2024010517657,2024,010517657,556054,186677,0.2497,51.55739,3,3,7,10:25,-1,E09000016,5,0,1,0,1,9,5,2,0,0,0,1,0,0,0,0,1,6,22
2024010517659,2024,010517659,517230,182348,-0.31147,51.52788,3,3,7,09:58,-1,E09000009,6,0,1,0,1,"[4, 12]",7,3,0,0,0,1,0,1,0,0,0,6,22
2024010517661,2024,010517661,528249,183759,-0.1522,51.53817,2,2,6,20:05,-1,E09000007,5,0,1,0,1,"[15, 19]",5,1,0,0,0,1,0,1,0,0,0,6,21
2024010517662,2024,010517662,513068,174575,-0.37393,51.45887,3,3,1,18:00,-1,E09000018,3,0,1,0,1,99,9,9,99,9,99,1,0,1,0,0,0,6,2
2024010517664,2024,010517664,526842,170457,-0.17725,51.41895,3,3,5,18:25,-1,E09000024,3,0,1,0,1,99,9,9,99,9,99,1,0,0,0,0,1,6,20
2024010517672,2024,010517672,531372,169348,-0.11255,51.40795,2,2,7,11:15,-1,E09000008,6,0,1,0,1,"[19, 2]","[1, 0]","[5, 0]","[4, 0]",0,0,1,0,1,0,0,0,6,22
2024010517674,2024,010517674,531110,163950,-0.11831,51.3595,3,3,5,14:19,-1,E09000008,6,0,1,0,1,19,"[3, 7]","[7, 3]",0,0,0,1,0,0,0,0,0,6,20
2024010517675,2024,010517675,531151,185486,-0.10974,51.55303,3,3,5,07:57,-1,E09000019,5,0,1,0,1,99,9,9,99,9,99,1,1,0,0,0,0,6,20
2024010517677,2024,010517677,538254,185042,-0.00753,51.54734,3,3,7,12:00,-1,E09000025,6,0,1,0,2,99,9,9,"[0, 99]","[0, 9]","[0, 99]",1,0,1,0,0,0,6,22
2024010517679,2024,010517679,550752,191706,0.17544,51.60402,3,3,7,11:00,-1,E09000016,6,0,1,0,1,"[19, 2]","[1, 0]","[5, 0]","[4, 0]",0,0,1,0,0,0,0,0,6,22
2024010517682,2024,010517682,523957,182272,-0.21458,51.52577,2,2,7,12:30,-1,E09000020,4,0,8,0,1,"[4, 5]",1,5,0,0,0,1,0,1,0,0,0,6,22
2024010517686,2024,010517686,527538,198076,-0.15725,51.66699,3,3,6,19:26,-1,E09000010,3,0,1,0,1,"[19, 5]","[1, 7]","[5, 3]",0,0,0,1,0,1,0,0,0,6,21
2024010517693,2024,010517693,534018,191906,-0.06596,51.61004,3,3,6,23:25,-1,E09000010,3,2,1,0,1,"[3, 99]","[1, 9]","[5, 9]",0,0,0,1,0,1,0,0,0,6,21
2024010517694,2024,010517694,526579,164207,-0.18326,51.36283,3,3,7,00:53,-1,E09000029,3,2,1,0,1,99,9,9,99,9,99,1,0,0,0,0,0,6,22
2024010517697,2024,010517697,521253,175465,-0.25587,51.46518,3,3,6,15:35,-1,E09000027,3,0,1,0,1,99,9,9,99,9,99,1,0,1,0,0,0,6,21
2024010517703,2024,010517703,527029,185401,-0.16919,51.5532,2,"[2, 3]",7,13:45,-1,E09000007,3,0,1,0,1,"[9, 19]","[7, 3]","[5, 7]",0,0,0,1,0,0,0,1,0,6,22
2024010517708,2024,010517708,537685,188251,-0.01447,51.57632,3,3,6,05:45,-1,E09000031,6,0,1,0,1,99,9,9,99,9,99,1,0,1,0,0,0,6,21
2024010517710,2024,010517710,524398,188941,-0.20587,51.5856,3,3,7,15:15,-1,E09000003,5,0,1,0,1,"[99, 1]",9,9,99,9,99,1,0,0,0,0,1,6,22
2024010517712,2024,010517712,533623,188289,-0.07304,51.57763,3,3,7,10:58,-1,E09000014,3,0,2,1,1,"[19, 4, 5]",1,5,0,0,0,1,0,0,0,0,0,6,22
2024010517713,2024,010517713,548459,187603,0.14062,51.56776,3,3,7,16:41,-1,E09000002,5,0,1,0,1,"[19, 10]","[3, 1]",7,"[10, 0]",0,0,1,0,0,0,0,0,6,22
2024010517714,2024,010517714,537689,190914,-0.01337,51.60024,3,3,7,17:25,-1,E09000031,3,0,1,0,1,"[19, 4]",3,7,0,0,0,1,0,0,0,0,0,6,22
2024010517719,2024,010517719,529995,181459,-0.12789,51.5171,2,2,7,14:52,-1,E09000007,6,0,1,0,1,19,"[3, 1]","[7, 5]",0,0,0,1,1,0,0,0,0,6,22
2024010517721,2024,010517721,530783,174642,-0.11906,51.45566,3,3,7,06:58,-1,E09000022,3,0,8,0,1,99,9,9,99,9,99,1,0,0,0,0,0,6,15
2024010517723,2024,010517723,540220,187964,0.02197,51.57311,2,2,7,17:15,-1,E09000026,3,0,1,0,1,"[19, 4]",7,3,0,0,0,1,0,1,0,0,0,6,22
2024010517724,2024,010517724,526088,169975,-0.18826,51.41478,3,3,7,14:02,-1,E09000024,5,0,1,0,1,"[19, 9]","[6, 8]","[2, 6]",0,0,0,1,1,0,0,0,0,6,22
2024010517729,2024,010517729,549063,176830,0.14477,51.47081,2,2,7,16:10,-1,E09000004,5,0,1,0,1,"[19, 9]","[1, 5]","[5, 2]",0,0,0,1,0,1,0,0,0,6,22
2024010517731,2024,010517731,531027,172184,-0.11646,51.43351,3,3,7,17:15,-1,E09000022,6,0,1,0,1,19,"[7, 3]","[3, 7]",0,0,0,0,1,1,0,0,0,6,22
2024010517732,2024,010517732,526324,166850,-0.18598,51.38664,3,3,7,15:05,-1,E09000029,3,0,1,0,1,19,"[5, 1]","[1, 5]",0,0,0,1,0,0,1,0,0,6,22
2024010517736,2024,010517736,536879,189755,-0.02551,51.59003,3,3,7,18:00,-1,E09000031,3,0,1,0,1,"[7, 19]","[1, 7]",3,0,0,0,1,1,0,0,0,0,6,22
2024010517737,2024,010517737,521748,180298,-0.24708,51.50851,3,3,7,13:20,-1,E09000009,6,0,1,0,1,99,9,9,99,9,99,1,1,0,0,0,0,6,22
2024010517738,2024,010517738,527907,161622,-0.16512,51.33931,3,3,7,14:50,-1,E09000029,4,0,1,0,1,19,"[1, 5]","[5, 8]",0,0,0,1,0,0,0,0,0,6,22
2024010517740,2024,010517740,532016,187568,-0.09649,51.57153,3,3,7,17:41,-1,E09000012,3,0,1,0,1,5,5,1,0,0,0,0,0,0,1,0,0,6,22
2024010517744,2024,010517744,527002,179713,-0.17163,51.50209,2,2,7,15:19,-1,E09000033,6,0,1,0,1,19,7,3,0,0,0,0,1,0,0,0,1,6,22
2024010517745,2024,010517745,531288,180302,-0.10969,51.50641,2,2,7,15:19,-1,E09000022,3,0,1,0,1,"[3, 19]",7,3,0,0,0,1,0,0,0,1,0,6,22
2024010517746,2024,010517746,516114,187920,-0.32572,51.57819,3,3,6,21:10,-1,E09000005,3,2,1,0,1,99,9,9,99,9,99,1,0,0,0,0,0,6,21
2024010517751,2024,010517751,526528,175374,-0.18001,51.4632,2,2,7,19:01,-1,E09000032,6,0,1,0,1,19,7,3,0,0,0,0,1,0,0,0,1,6,22
2024010517756,2024,010517756,540452,177715,0.02123,51.48096,2,"[3, 2]",7,19:00,-1,E09000011,3,0,1,0,1,"[19, 12]",1,5,0,0,0,1,0,0,0,0,0,6,22
2024010517758,2024,010517758,529139,185833,-0.13862,51.55661,3,3,7,19:09,-1,E09000007,3,0,1,0,1,3,1,5,0,0,0,1,0,0,0,0,0,6,22
2024010517759,2024,010517759,508568,173611,-0.43897,51.45108,3,3,7,19:55,-1,E09000018,3,0,1,0,1,19,"[7, 3]","[3, 7]",0,0,0,1,0,0,0,0,0,6,22
2024010517760,2024,010517760,534890,166981,-0.0629,51.38585,3,3,7,21:00,-1,E09000008,3,2,1,0,1,"[19, 9]","[3, 5]","[7, 3]",0,0,0,1,0,0,0,0,0,6,22
2024010517766,2024,010517766,530263,168208,-0.1289,51.39796,3,3,7,19:18,-1,E09000024,6,0,1,0,1,"[19, 7]","[2, 4]",6,0,0,0,1,1,0,0,0,0,6,22
2024010517768,2024,010517768,553901,185908,0.21833,51.55108,3,3,7,12:00,-1,E09000016,5,0,1,0,1,99,9,9,99,9,99,1,0,0,0,0,0,6,22
2024010517769,2024,010517769,523854,182716,-0.2159,51.52978,3,3,7,15:45,-1,E09000005,4,0,8,0,1,5,5,1,0,0,0,1,0,0,0,0,1,6,22
2024010517775,2024,010517775,542865,188444,0.06031,51.57676,3,3,7,20:04,-1,E09000026,3,0,1,0,1,99,9,9,99,9,99,1,0,0,0,0,0,6,22
2024010517776,2024,010517776,519655,184580,-0.27577,51.54744,3,3,7,18:08,-1,E09000005,3,0,1,0,1,"[19, 9]","[8, 4]","[4, 2]",0,0,0,1,0,1,0,0,0,6,22
2024010517778,2024,010517778,553744,193231,0.21928,51.61691,3,3,7,14:49,-1,E09000016,5,0,1,0,1,19,7,3,0,0,0,1,0,0,0,0,1,6,22
2024010517780,2024,010517780,531073,192745,-0.10816,51.61828,3,3,7,23:15,-1,E09000010,3,2,1,0,1,19,3,7,0,0,0,0,0,0,0,0,0,6,22
2024010517783,2024,010517783,534200,187949,-0.06485,51.57444,3,3,7,23:45,-1,E09000012,6,2,1,0,1,19,1,5,0,0,0,1,0,0,0,0,1,6,22
2024010517785,2024,010517785,532539,182474,-0.09086,51.52563,3,3,5,00:10,-1,E09000019,3,2,1,0,1,99,9,9,99,9,99,1,1,0,0,0,0,5,23
2024010517788,2024,010517788,519065,185987,-0.2838,51.56021,2,2,1,00:10,-1,E09000005,4,2,1,0,1,"[5, 19]",1,5,0,0,0,1,0,1,0,0,0,6,23
2024010517789,2024,010517789,526392,163766,-0.1861,51.35891,3,3,1,00:28,-1,E09000029,6,2,1,0,1,5,"[1, 3]","[5, 7]",0,0,0,1,0,0,0,0,0,6,23
2024010517790,2024,010517790,529096,178276,-0.142,51.4887,3,3,7,23:57,-1,E09000033,6,2,1,0,1,"[2, 9]","[0, 6]","[0, 4]","[0, 4]",0,0,1,0,0,0,0,0,6,22
2024010517792,2024,010517792,539346,184817,0.00812,51.54505,3,3,7,23:55,-1,E09000025,4,2,1,0,1,19,"[4, 8]","[8, 4]",0,0,0,1,0,0,0,0,0,6,22
2024010517793,2024,010517793,520947,168199,-0.26275,51.39994,3,3,7,22:00,-1,E09000021,3,2,1,0,1,19,1,5,0,0,0,0,0,0,1,0,0,6,22
2024010517794,2024,010517794,531345,175385,-0.1107,51.46221,2,2,7,21:03,-1,E09000022,3,0,1,0,1,"[9, 19]","[7, 3]","[4, 7]",0,0,0,1,1,0,0,0,0,6,22
2024010517795,2024,010517795,551406,175680,0.17799,51.45985,3,3,1,03:00,-1,E09000004,3,2,1,0,1,"[19, 2]","[2, 0]","[6, 0]","[4, 0]",1,"[0, 11]",1,0,0,0,0,0,6,23
2024010517796,2024,010517796,535175,181271,-0.05335,51.5142,2,2,1,02:45,-1,E09000030,3,2,1,0,1,"[19, 6]","[7, 3]",3,0,0,0,1,1,0,0,0,0,6,23
2024010517797,2024,010517797,535377,180782,-0.05063,51.50976,3,3,1,02:53,-1,E09000030,3,2,1,0,1,"[-1, 13]","[3, 7]","[7, 3]",0,"[0, 7]","[0, 1]",1,0,0,0,0,0,6,23
2024010517798,2024,010517798,531013,175179,-0.11555,51.46043,3,3,1,03:23,-1,E09000022,3,2,1,0,1,19,1,5,0,0,0,0,0,1,0,0,0,6,23
2024010517800,2024,010517800,532141,178720,-0.098,51.49199,2,2,7,23:19,-1,E09000028,3,2,1,0,1,"[9, 5]","[5, 1]","[2, 5]",0,0,0,1,1,0,0,0,0,6,22
2024010517802,2024,010517802,525885,183561,-0.18634,51.53692,2,2,1,02:15,-1,E09000007,6,2,1,0,1,5,1,5,0,0,0,1,0,0,0,0,1,6,23
2024010517809,2024,010517809,519502,191468,-0.27564,51.60937,3,3,7,19:45,-1,E09000003,6,0,8,0,1,99,9,9,99,9,99,1,0,1,0,0,0,6,22
2024010517812,2024,010517812,525436,184782,-0.19238,51.548,3,3,7,18:45,-1,E09000007,4,0,1,0,1,99,9,9,99,9,99,1,1,0,0,0,0,6,22
2024010517816,2024,010517816,529689,176123,-0.13426,51.46922,2,2,1,08:23,-1,E09000022,5,0,1,0,1,19,"[7, 5]","[3, 1]",0,0,0,1,1,0,0,0,0,6,23
2024010517818,2024,010517818,536030,183145,-0.04031,51.53083,2,2,7,18:30,-1,E09000030,3,0,1,0,1,"[14, 3]",3,7,"[11, 0]",0,0,1,0,0,0,0,0,6,22
2024010517823,2024,010517823,513211,182762,-0.36925,51.53242,3,3,6,19:25,-1,E09000009,4,0,1,0,1,99,9,9,99,9,99,1,0,1,0,0,0,6,21
2024010517837,2024,010517837,517142,188721,-0.31062,51.58518,3,3,1,12:12,-1,E09000005,3,0,1,0,1,"[19, 7]",6,"[2, 1]",0,0,0,1,0,0,0,0,0,6,23
2024010517848,2024,010517848,531795,188527,-0.09932,51.5802,3,3,2,18:35,-1,E09000014,3,0,8,0,1,99,9,9,99,9,99,1,1,0,0,0,0,5,20
2024010517849,2024,010517849,518652,181153,-0.29139,51.51685,3,3,1,13:20,-1,E09000009,3,0,1,0,1,"[5, 9]","[1, 7]",5,0,0,0,1,0,1,0,0,0,6,23
2024010517854,2024,010517854,520214,180068,-0.26926,51.50677,3,3,7,19:53,-1,E09000009,3,2,9,-1,1,99,9,9,99,9,99,1,0,1,0,0,0,6,22
2024010517857,2024,010517857,536637,188933,-0.02932,51.5827,3,3,1,13:29,-1,E09000031,6,0,8,0,1,99,9,9,99,9,99,1,0,0,0,0,0,6,23
2024010517858,2024,010517858,526947,177004,-0.17339,51.47776,3,3,7,09:13,-1,E09000032,5,0,1,0,1,99,9,9,99,9,99,0,1,0,0,0,0,6,15
2024010517860,2024,010517860,517188,188751,-0.30995,51.58544,3,3,7,19:47,-1,E09000005,3,0,1,0,1,99,9,9,99,9,99,1,0,1,0,0,0,6,22
2024010517868,2024,010517868,531194,175966,-0.11266,51.46746,3,3,1,14:51,-1,E09000022,3,0,8,0,1,19,5,1,0,0,0,0,0,0,0,0,1,6,23
2024010517877,2024,010517877,530334,172843,-0.12618,51.4396,3,3,1,16:10,-1,E09000022,3,0,1,0,1,"[9, 19]","[1, 6]","[6, 2]",0,0,0,1,0,0,0,0,0,6,23
2024010517878,2024,010517878,531033,175800,-0.11504,51.46601,3,3,1,12:53,-1,E09000022,3,0,8,0,1,99,9,9,99,9,99,1,0,0,0,0,0,6,23
2024010517879,2024,010517879,515476,176434,-0.33868,51.47509,3,3,1,15:45,-1,E09000018,3,0,1,0,1,"[19, 10, 13]","[3, 7]","[7, 5]",0,0,0,1,0,1,0,0,0,6,23
2024010517885,2024,010517885,538291,174844,-0.01099,51.45569,2,2,1,17:34,-1,E09000023,6,0,1,0,1,5,1,5,0,0,0,1,0,0,0,0,1,6,23
2024010517886,2024,010517886,513435,189202,-0.36395,51.59026,3,3,1,15:50,-1,E09000015,3,0,1,0,1,99,9,9,99,9,99,1,0,0,0,0,1,6,23
2024010517887,2024,010517887,529358,180992,-0.13724,51.51305,3,3,1,16:30,-1,E09000033,6,0,8,0,1,"[5, 19]",9,9,99,9,99,0,1,1,0,0,0,6,23
2024010517893,2024,010517893,546663,187522,0.11469,51.5675,3,3,1,12:05,-1,E09000026,3,0,1,0,1,"[6, 19]",9,9,99,9,99,1,0,0,0,0,0,6,23
2024010517895,2024,010517895,532077,167582,-0.10308,51.39191,3,3,6,10:45,-1,E09000008,6,0,9,0,1,1,3,7,0,0,0,1,0,0,0,0,1,6,21
2024010517901,2024,010517901,523422,178435,-0.22363,51.4914,3,3,1,19:56,-1,E09000013,3,0,1,0,1,4,3,7,0,0,0,1,0,1,0,0,0,6,23
2024010517902,2024,010517902,537508,190998,-0.01595,51.60104,3,3,5,19:10,-1,E09000031,3,0,8,0,1,99,9,9,99,9,99,1,0,1,0,0,0,6,20
2024010517904,2024,010517904,540263,181146,0.01988,51.51184,3,3,1,15:30,-1,E09000025,6,0,1,0,1,19,1,5,0,0,0,1,0,0,0,0,0,6,23
2024010517905,2024,010517905,522207,175487,-0.24214,51.46517,3,3,1,19:55,-1,E09000027,3,0,9,-1,1,99,9,9,99,9,99,1,1,0,0,0,0,6,23
2024010517906,2024,010517906,532752,168807,-0.09292,51.40277,3,3,1,05:59,-1,E09000008,6,0,1,0,1,"[19, 5, 2]","[1, 5, 0]","[5, 1, 0]",0,0,0,1,0,0,0,0,0,6,23
2024010517907,2024,010517907,524255,178861,-0.21148,51.49505,3,3,1,20:06,-1,E09000013,3,0,1,0,1,"[19, 9]","[3, 7]","[7, 5]",0,0,0,1,0,0,0,0,0,6,23
2024010517908,2024,010517908,521185,185645,-0.25335,51.55668,2,2,1,18:10,-1,E09000005,3,0,1,0,1,19,5,1,0,1,0,1,0,0,0,0,1,6,23
2024010517911,2024,010517911,538698,184322,-0.00141,51.54076,3,3,5,23:50,-1,E09000025,3,2,8,-1,1,99,9,9,99,9,99,1,0,0,0,0,0,6,20
2024010517915,2024,010517915,511057,184506,-0.39974,51.54853,3,3,1,21:01,-1,E09000017,3,0,8,0,1,99,9,9,99,9,99,1,0,0,0,0,0,6,23
2024010517917,2024,010517917,537495,190900,-0.01618,51.60017,3,3,1,20:50,-1,E09000031,3,2,1,0,1,12,5,1,0,0,0,1,0,1,0,0,0,6,23
2024010517922,2024,010517922,543047,180048,0.05952,51.50127,3,3,1,17:55,-1,E09000025,6,0,1,0,1,"[2, 19, 4]","[0, 1]","[0, 5]","[7, 0, 4]",0,0,1,0,1,0,0,0,6,23
2024010517924,2024,010517924,535071,171636,-0.05853,51.42764,3,3,1,22:50,-1,E09000023,3,2,1,0,1,19,1,5,0,0,0,1,1,0,0,0,0,6,23
2024010517926,2024,010517926,525892,183068,-0.18641,51.53249,3,3,2,00:02,-1,E09000033,3,2,1,0,1,19,1,5,0,0,0,0,0,0,0,0,0,6,24
2024010517927,2024,010517927,531985,190143,-0.09597,51.59468,3,3,1,16:30,-1,E09000014,3,0,1,0,1,99,9,9,99,9,99,1,1,0,0,0,0,6,23
2024010517928,2024,010517928,537350,192772,-0.01754,51.61702,3,3,2,00:30,-1,E09000031,3,2,1,0,1,"[9, 19]","[7, 5]","[5, 1]",0,0,0,1,0,1,0,0,0,6,24
2024010517930,2024,010517930,509942,186571,-0.41517,51.5673,3,3,2,02:05,-1,E09000017,6,2,1,0,1,"[2, 19]","[0, 5]","[0, 1]","[0, 4]",0,0,1,0,0,0,0,0,6,24
2024010517931,2024,010517931,540725,183997,0.02767,51.53734,3,3,1,23:57,-1,E09000025,4,2,1,0,1,"[19, 9]","[3, 5]","[7, 2]",0,0,0,1,0,0,0,0,0,6,23
2024010517933,2024,010517933,532188,168278,-0.10122,51.39814,2,2,2,00:43,-1,E09000008,4,2,1,0,1,"[7, 19]",1,"[4, 5]","[10, 0]","[7, 0]","[10, 0]",1,0,0,0,0,0,6,24
2024010517935,2024,010517935,533375,192375,-0.07507,51.61441,3,3,6,21:25,-1,E09000010,3,2,1,0,1,"[19, 12]",7,3,0,0,0,1,0,0,0,0,0,6,21
2024010517936,2024,010517936,522422,189657,-0.23412,51.59247,3,3,6,09:45,-1,E09000003,3,0,1,0,1,99,9,9,99,9,99,1,0,0,0,0,0,6,21
2024010517938,2024,010517938,530842,174825,-0.11814,51.45729,2,2,2,06:30,-1,E09000022,3,0,1,0,1,"[7, 15]",5,"[7, 1]",0,0,0,1,0,1,0,0,0,6,24
2024010517940,2024,010517940,533112,173782,-0.08588,51.44739,2,2,2,08:00,-1,E09000028,5,0,1,0,1,"[5, 19]",1,5,0,0,0,1,1,0,0,0,0,6,24
2024010517943,2024,010517943,546574,184133,0.112,51.53708,3,3,2,08:26,-1,E09000002,3,0,1,0,1,19,1,5,0,0,0,0,0,0,1,0,0,6,24
2024010517945,2024,010517945,536567,188459,-0.03052,51.57846,2,2,2,09:45,-1,E09000031,3,0,1,0,1,19,5,1,0,0,0,1,0,0,0,0,1,6,24
2024010517948,2024,010517948,539783,172454,0.00953,51.43385,3,3,1,21:55,-1,E09000023,5,2,1,0,1,99,9,9,99,9,99,1,0,0,0,0,0,6,23
2024010517951,2024,010517951,518883,185246,-0.28668,51.55358,3,3,2,01:05,-1,E09000005,4,2,1,0,1,19,1,5,0,0,0,1,0,0,0,0,1,6,24
2024010517958,2024,010517958,523503,181925,-0.22124,51.52275,3,3,2,06:55,-1,E09000020,5,0,1,0,1,19,"[3, 7]","[7, 3]",0,0,0,1,0,0,0,0,0,6,24
2024010517959,2024,010517959,527776,183551,-0.15909,51.53641,3,3,2,09:41,-1,E09000033,3,0,1,0,1,19,3,7,0,0,0,0,0,0,1,0,1,6,24
2024010517960,2024,010517960,521818,178765,-0.2466,51.49471,3,3,6,10:25,-1,E09000018,5,0,1,0,1,99,9,9,99,9,99,1,0,1,0,0,0,6,7
2024010517965,2024,010517965,516033,187999,-0.32686,51.57892,3,3,6,16:25,-1,E09000015,3,0,1,0,1,99,9,9,99,9,99,1,0,1,0,0,0,6,21