collision_index,collision_year,collision_ref_no,location_easting_osgr,location_northing_osgr,longitude,latitude,casualty_severity,casualty_severity,day_of_week,time,local_authority_district,local_authority_ons_district,first_road_class,light_conditions,weather_conditions,road_surface_conditions,urban_or_rural_area,vehicle_manoeuvre,vehicle_direction_from,vehicle_direction_to,hit_object_in_carriageway,vehicle_leaving_carriageway,hit_object_off_carriageway,is_car,is_cyle,is_mcyle,is_goodsv,is_other,is_pedestrian,month,day
2024010517967,2024,010517967,531617,187932,-0.10211,51.5749,3,3,5,16:30,-1,E09000014,4,0,1,0,1,99,9,9,99,9,99,1,0,1,0,0,0,6,20
2024010517968,2024,010517968,520925,181828,-0.25841,51.52243,3,3,6,14:00,-1,E09000009,3,0,1,0,1,99,9,9,99,9,99,1,0,1,0,0,0,6,21
2024010517972,2024,010517972,533656,188910,-0.07233,51.58321,3,3,7,16:15,-1,E09000014,3,0,1,0,1,99,9,9,99,9,99,1,1,0,0,0,0,6,22
2024010517976,2024,010517976,547455,188120,0.12636,51.57267,2,2,2,08:54,-1,E09000026,5,0,1,0,1,9,5,2,0,0,0,1,0,0,0,0,1,6,24
2024010517979,2024,010517979,532480,183780,-0.09122,51.53738,3,3,7,18:15,-1,E09000019,3,0,1,0,1,"[13, 99]","[5, 9]","[1, 9]",99,9,99,1,1,0,0,0,0,6,22
2024010517991,2024,010517991,549236,191404,0.15344,51.60171,3,3,1,18:00,-1,E09000016,6,0,1,0,1,99,9,9,99,9,99,1,0,0,0,0,0,6,23
2024010517992,2024,010517992,534541,181753,-0.0623,51.51868,2,2,6,21:30,-1,E09000030,3,2,1,0,1,19,7,3,0,0,0,0,1,0,0,0,1,6,21
2024010517993,2024,010517993,532363,190521,-0.09037,51.59799,2,"[3, 2]",2,13:40,-1,E09000014,3,0,1,0,1,"[19, 3]",7,3,0,0,0,1,0,0,1,0,0,6,24
2024010517994,2024,010517994,529063,184406,-0.14023,51.5438,3,3,2,11:05,-1,E09000007,3,0,1,0,1,19,4,8,0,0,0,1,1,0,0,0,0,6,24
2024010517996,2024,010517996,528386,172961,-0.15415,51.4411,3,3,1,13:15,-1,E09000032,6,0,1,0,1,99,9,9,99,9,99,1,1,0,0,0,0,6,23
2024010517997,2024,010517997,523853,186363,-0.21464,51.56255,3,3,2,08:30,-1,E09000003,6,0,1,0,1,"[9, 14]","[2, 8]","[8, 4]",0,"[0, 7]",0,1,1,0,0,0,0,6,24
2024010518003,2024,010518003,534089,192221,-0.06482,51.61286,3,3,6,20:20,-1,E09000010,3,0,9,-1,1,99,9,9,99,9,99,1,0,1,0,0,0,6,21
2024010518004,2024,010518004,533278,169288,-0.08519,51.40696,2,2,2,07:50,-1,E09000008,3,0,1,0,1,19,4,8,0,0,0,1,0,1,0,0,0,6,24
2024010518007,2024,010518007,537532,185471,-0.01777,51.55137,3,3,2,14:08,-1,E09000025,3,0,1,0,2,"[11, 19]",1,5,0,0,0,1,0,1,0,0,0,6,24
2024010518008,2024,010518008,510949,176607,-0.40378,51.47755,3,3,5,17:20,-1,E09000018,3,0,8,0,1,99,9,9,99,9,99,1,0,0,0,0,0,6,20
2024010518013,2024,010518013,513678,175215,-0.36495,51.4645,3,3,2,14:05,-1,E09000018,3,0,1,0,1,"[4, 3]",7,3,0,0,0,1,0,0,0,0,0,6,24
2024010518015,2024,010518015,521629,167520,-0.25319,51.39369,3,3,2,15:16,-1,E09000021,3,0,1,0,1,19,5,1,7,0,0,1,0,0,0,0,0,6,24
2024010518017,2024,010518017,540825,182670,0.02858,51.52539,3,3,2,15:13,-1,E09000025,3,0,1,0,1,19,1,5,0,0,0,0,0,0,1,0,0,6,24
2024010518029,2024,010518029,530898,168917,-0.11952,51.40418,3,3,7,08:40,-1,E09000008,3,0,8,0,1,99,9,9,99,9,99,1,1,0,0,0,0,6,22
2024010518030,2024,010518030,535771,177431,-0.04624,51.47955,2,2,7,22:45,-1,E09000023,6,2,1,0,1,99,9,9,"[0, 99]","[0, 9]","[0, 99]",1,0,0,0,0,0,5,18
2024010518033,2024,010518033,512792,179179,-0.37643,51.5003,3,3,2,14:10,-1,E09000009,3,0,1,0,1,"[9, 19]","[5, 1]","[3, 5]",0,0,0,1,0,0,0,0,0,6,24
2024010518039,2024,010518039,530971,175193,-0.11615,51.46057,3,3,1,20:00,-1,E09000022,3,0,1,0,1,"[11, 19]",5,1,0,0,0,1,1,0,0,0,0,6,23
2024010518040,2024,010518040,529045,177904,-0.14287,51.48537,2,2,2,07:45,-1,E09000033,3,0,1,0,1,99,9,9,99,9,99,0,1,0,0,0,0,6,24
2024010518042,2024,010518042,539251,183905,0.00639,51.53688,3,3,2,10:55,-1,E09000025,3,0,1,0,1,"[19, 9]","[1, 5]","[5, 4]",0,0,0,1,0,0,0,0,0,6,24
2024010518044,2024,010518044,519718,188850,-0.27341,51.5858,3,3,2,16:40,-1,E09000005,3,0,1,0,1,"[8, 19]","[5, 3]",7,0,0,0,1,0,1,0,0,0,6,24
2024010518051,2024,010518051,524542,170580,-0.21027,51.42056,3,3,2,14:42,-1,E09000024,4,0,1,0,1,5,2,6,0,0,0,0,0,0,1,0,0,6,24
2024010518053,2024,010518053,533697,179966,-0.07513,51.50282,3,3,2,16:56,-1,E09000028,6,0,1,0,1,99,9,9,99,9,99,1,1,0,0,0,0,6,24
2024010518054,2024,010518054,521949,183964,-0.24292,51.54141,3,3,1,20:05,-1,E09000005,6,0,9,-1,1,99,9,9,99,9,99,1,0,1,0,0,0,6,23
2024010518056,2024,010518056,546989,183614,0.11776,51.5323,3,3,2,15:45,-1,E09000002,3,0,8,0,1,99,9,9,99,9,99,1,0,0,1,0,0,6,24
2024010518058,2024,010518058,529993,191434,-0.12423,51.60674,3,3,2,13:46,-1,E09000014,3,0,1,0,1,19,1,5,0,0,0,1,0,1,0,0,0,6,24
2024010518059,2024,010518059,526526,181628,-0.1778,51.51941,3,3,2,18:05,-1,E09000033,3,0,8,0,1,99,9,9,99,9,99,1,0,0,0,0,1,6,24
2024010518062,2024,010518062,525470,180870,-0.19328,51.51283,3,3,2,14:55,-1,E09000033,6,0,1,0,1,19,"[7, 1]","[3, 5]",0,0,0,1,1,0,0,0,0,6,24
2024010518064,2024,010518064,548346,184459,0.13767,51.53954,3,3,2,17:20,-1,E09000002,5,0,8,0,1,99,9,9,99,9,99,1,0,0,0,0,0,6,24
2024010518069,2024,010518069,549951,183664,0.16045,51.53198,3,3,1,16:07,-1,E09000002,6,0,1,0,1,99,9,9,99,9,99,1,0,0,0,0,0,6,23
2024010518070,2024,010518070,545620,183440,0.09797,51.5311,3,3,2,18:31,-1,E09000002,3,0,1,0,1,"[19, 12]",7,3,0,0,0,1,0,1,0,0,0,6,24
2024010518075,2024,010518075,532969,197824,-0.07886,51.66347,3,3,2,15:51,-1,E09000010,5,0,1,0,1,"[19, 10]",3,"[7, 8]",0,0,0,1,0,0,0,0,0,6,24
2024010518078,2024,010518078,534499,181728,-0.06291,51.51847,3,3,2,14:15,-1,E09000030,3,0,1,0,1,"[3, 19]",7,3,0,0,0,1,0,1,0,0,0,6,24
2024010518079,2024,010518079,520079,190455,-0.26766,51.60015,3,3,2,19:35,-1,E09000015,5,0,1,0,1,"[4, 9]","[3, 8]","[7, 5]",0,0,0,1,0,1,0,0,0,6,24
2024010518085,2024,010518085,530071,181260,-0.12687,51.5153,3,3,2,18:30,-1,E09000007,6,0,1,0,1,99,9,9,99,9,99,0,1,0,0,0,1,6,24
2024010518090,2024,010518090,523375,184779,-0.22208,51.54842,3,3,6,22:20,-1,E09000005,3,2,1,0,1,99,9,9,"[99, 8]",9,99,1,1,0,0,0,0,6,21
2024010518093,2024,010518093,528420,180951,-0.15076,51.5129,3,3,2,18:45,-1,E09000033,5,0,1,0,1,7,3,6,0,0,0,1,0,0,0,0,1,6,24
2024010518098,2024,010518098,537247,179952,-0.02402,51.50185,3,3,6,20:20,-1,E09000030,5,0,1,0,1,"[2, 13]","[0, 7]","[0, 3]",0,0,0,1,1,0,0,0,0,5,24
2024010518101,2024,010518101,518647,166615,-0.29633,51.38619,3,3,2,18:24,-1,E09000021,3,0,1,0,1,"[4, 19]",5,1,0,0,0,1,0,0,0,0,0,6,24
2024010518106,2024,010518106,524981,176911,-0.20172,51.47736,3,3,2,17:40,-1,E09000013,3,0,1,0,1,99,9,9,99,9,99,1,1,0,0,0,0,6,24
2024010518107,2024,010518107,514165,175684,-0.35779,51.46862,3,3,1,22:50,-1,E09000018,6,2,9,0,1,99,9,9,99,9,99,1,0,1,0,0,0,6,23
2024010518110,2024,010518110,542209,185618,0.0497,51.55153,3,3,2,19:09,-1,E09000025,3,0,1,0,1,99,9,9,99,9,99,1,0,0,0,0,0,6,24
2024010518111,2024,010518111,526950,177496,-0.17317,51.48218,2,2,2,17:12,-1,E09000020,3,0,1,0,1,19,1,5,0,0,0,0,1,0,1,0,0,6,24
2024010518115,2024,010518115,538369,189569,-0.00409,51.58799,3,3,2,15:25,-1,E09000031,6,0,1,0,1,99,9,9,99,9,99,1,0,0,0,0,1,6,24
2024010518116,2024,010518116,537771,173839,-0.01886,51.44679,3,3,3,18:45,-1,E09000023,3,0,1,0,1,"[6, 19]",9,9,99,9,99,1,1,0,0,0,0,4,23
2024010518117,2024,010518117,526355,184136,-0.17936,51.54199,3,3,5,16:45,-1,E09000007,4,0,9,-1,1,4,2,6,0,9,0,0,1,0,0,0,0,6,20
2024010518119,2024,010518119,538827,181173,-0.00079,51.51243,3,3,2,09:20,-1,E09000030,3,0,1,0,1,99,9,9,99,9,99,1,0,0,1,0,0,6,24
2024010518120,2024,010518120,528082,166237,-0.16095,51.38074,2,2,2,20:15,-1,E09000029,6,0,1,0,1,19,5,1,10,1,11,0,0,1,0,0,0,6,24
2024010518121,2024,010518121,534796,182365,-0.05839,51.52412,3,3,7,21:33,-1,E09000030,4,0,1,0,1,99,9,9,99,9,99,1,1,0,0,0,0,6,22
2024010518125,2024,010518125,522015,179775,-0.24342,51.50375,3,3,2,19:02,-1,E09000013,4,0,9,0,1,99,9,9,99,9,99,1,0,0,0,0,0,6,24
2024010518127,2024,010518127,539055,186971,0.00478,51.56448,3,3,2,17:20,-1,E09000031,3,0,1,0,1,99,9,9,99,9,99,1,0,0,0,0,0,6,24
2024010518129,2024,010518129,537001,180773,-0.02725,51.50928,2,2,2,23:21,-1,E09000030,6,2,1,0,1,19,"[7, 3]","[3, 7]",0,0,0,1,0,1,0,0,0,6,24
2024010518132,2024,010518132,519341,167904,-0.28593,51.39763,3,3,3,00:17,-1,E09000021,6,2,1,0,1,19,3,7,0,7,"[11, 0]",0,0,1,0,0,0,6,25
2024010518134,2024,010518134,532805,170939,-0.09136,51.42191,3,3,2,19:00,-1,E09000022,3,0,1,0,1,4,7,3,0,0,0,0,0,0,1,0,0,6,24
2024010518136,2024,010518136,533568,185642,-0.07484,51.55386,2,2,2,22:12,-1,E09000012,3,0,1,0,1,"[2, 19]","[0, 5]","[0, 1]",0,0,0,0,0,0,1,0,0,6,24
2024010518137,2024,010518137,538924,172361,-0.00286,51.43323,3,3,3,02:53,-1,E09000023,6,2,1,0,1,"[2, 1, 3]","[0, 5, 8]","[0, 1, 4]",0,"[0, 7]","[0, 11]",1,0,0,0,0,0,6,25
2024010518142,2024,010518142,511756,188671,-0.38834,51.58582,3,3,3,00:30,-1,E09000015,5,2,1,0,1,"[19, 3]",7,3,"[4, 0]",0,0,1,0,0,0,0,0,6,25
2024010518145,2024,010518145,535372,177222,-0.05207,51.47777,3,3,6,00:35,-1,E09000023,3,2,1,0,1,"[7, 9]",7,"[1, 5]",0,0,0,1,1,0,0,0,0,6,21
2024010518147,2024,010518147,551273,188600,0.18162,51.57597,3,3,1,17:00,-1,E09000016,6,2,9,-1,1,99,9,9,99,9,99,1,0,1,0,0,0,6,23
2024010518148,2024,010518148,529122,192487,-0.13642,51.61641,2,2,3,07:53,-1,E09000010,3,0,1,0,1,"[9, 19]","[3, 7]","[1, 3]",0,0,0,1,1,0,0,0,0,6,25
2024010518151,2024,010518151,529454,195993,-0.13033,51.64784,3,3,7,17:05,-1,E09000010,5,0,1,0,1,99,9,9,99,9,99,1,0,0,0,0,1,6,22
2024010518152,2024,010518152,538252,181535,-0.00893,51.51583,3,3,2,17:55,-1,E09000030,3,0,1,0,1,99,9,9,99,9,99,1,0,0,0,0,0,6,24
2024010518158,2024,010518158,552174,175101,0.18879,51.45444,3,3,2,18:32,-1,E09000004,4,0,9,0,1,99,9,9,99,9,99,1,0,0,0,0,0,6,24
2024010518161,2024,010518161,537383,171647,-0.02529,51.42718,2,2,3,09:05,-1,E09000023,3,0,1,0,1,"[9, 19]",5,"[2, 1]",0,0,0,1,0,1,0,0,0,6,25
2024010518162,2024,010518162,534330,185285,-0.06399,51.55047,3,3,3,07:45,-1,E09000012,5,0,1,0,1,"[19, 6]","[3, 7]",7,0,0,0,1,1,0,0,0,0,6,25
2024010518163,2024,010518163,519139,179405,-0.28496,51.50103,3,3,6,23:34,-1,E09000009,3,2,1,0,1,99,9,9,99,9,99,1,0,1,0,0,0,6,21
2024010518167,2024,010518167,550512,189422,0.171,51.58356,3,3,1,08:30,-1,E09000016,6,0,1,0,1,99,9,9,99,9,99,1,0,1,0,0,0,6,23
2024010518169,2024,010518169,523585,185675,-0.21874,51.55643,3,3,6,08:55,-1,E09000005,6,2,9,-1,1,99,9,9,99,9,99,1,0,1,0,0,0,6,21
2024010518170,2024,010518170,512712,183999,-0.37605,51.54364,3,3,2,11:52,-1,E09000009,3,0,1,0,1,"[19, 11]",1,5,0,0,0,0,0,1,1,0,0,6,24
2024010518171,2024,010518171,531086,183291,-0.11149,51.53331,3,3,3,08:45,-1,E09000019,5,0,1,0,1,99,9,9,99,9,99,1,1,0,0,0,0,6,25
2024010518174,2024,010518174,546646,166868,0.10588,51.38192,3,3,2,18:10,-1,E09000006,3,0,1,0,1,9,1,6,0,1,0,1,0,0,0,0,1,6,24
2024010518177,2024,010518177,532016,179069,-0.09967,51.49516,3,3,2,13:40,-1,E09000028,3,0,9,-1,1,"[13, 19]",9,9,99,9,99,1,0,1,0,0,0,6,24
2024010518178,2024,010518178,552076,181361,0.19007,51.51072,3,3,3,09:40,-1,E09000016,3,0,1,0,2,"[11, 19]",3,7,0,0,0,1,0,0,0,1,0,6,25
2024010518179,2024,010518179,537858,172649,-0.01807,51.43607,3,3,2,19:45,-1,E09000023,3,0,1,0,1,99,9,9,99,9,99,0,1,0,0,0,1,6,24
2024010518180,2024,010518180,519448,182120,-0.27959,51.52537,3,3,6,17:25,-1,E09000009,6,0,1,0,1,99,9,9,99,9,99,1,0,0,0,0,0,6,21
2024010518182,2024,010518182,537715,163136,-0.02382,51.35062,3,3,3,10:22,-1,E09000008,5,0,1,0,2,19,5,1,0,0,0,1,0,0,0,0,1,6,25
2024010518193,2024,010518193,529908,181773,-0.12903,51.51995,3,3,6,19:25,-1,E09000007,4,0,1,0,1,99,9,9,99,9,99,0,1,0,0,0,0,6,21
2024010518197,2024,010518197,529685,194153,-0.12767,51.63125,3,3,3,10:50,-1,E09000010,3,0,1,0,1,99,9,9,99,9,99,1,1,0,0,0,0,6,25
2024010518198,2024,010518198,531108,183123,-0.11124,51.5318,3,3,2,12:00,-1,E09000019,3,0,1,0,1,99,9,9,99,9,99,1,1,0,0,0,0,6,24
2024010518199,2024,010518199,542223,184813,0.04958,51.5443,2,2,2,03:00,-1,E09000025,3,2,1,0,1,99,9,9,99,9,99,1,0,0,0,0,1,6,24
2024010518200,2024,010518200,519797,176221,-0.27657,51.47228,2,2,3,08:30,-1,E09000027,3,0,1,0,2,"[15, 6]",6,"[2, 6]",0,1,0,1,0,1,0,0,0,6,25
2024010518201,2024,010518201,545873,183503,0.10164,51.5316,3,3,3,07:10,-1,E09000002,3,0,1,0,1,"[19, 15, 3]",3,7,0,0,0,1,0,1,1,0,0,6,25
2024010518205,2024,010518205,534690,198963,-0.05355,51.6733,3,3,2,16:13,-1,E09000010,6,0,1,0,1,99,9,9,99,9,99,1,0,0,0,0,0,6,24
2024010518207,2024,010518207,525594,185020,-0.19001,51.5501,3,3,5,11:45,-1,E09000007,6,0,1,-1,1,99,9,9,99,9,99,1,0,0,0,1,0,4,4
2024010518209,2024,010518209,521013,180509,-0.2576,51.51056,2,2,5,13:15,-1,E09000009,5,0,1,0,1,99,9,9,99,9,99,1,0,0,0,0,1,5,30
2024010518212,2024,010518212,533671,188073,-0.07243,51.57568,2,2,2,13:50,-1,E09000014,6,0,8,0,1,99,9,9,99,9,99,1,0,1,0,0,0,6,24
2024010518216,2024,010518216,529623,177965,-0.13453,51.48579,3,3,3,12:04,-1,E09000033,6,0,1,0,1,"[7, 5]",7,"[2, 3]",0,"[1, 0]",0,1,1,0,0,0,0,6,25
2024010518221,2024,010518221,543613,186477,0.07029,51.5589,3,3,3,13:01,-1,E09000026,3,0,1,0,1,19,1,5,99,9,99,1,0,0,0,0,1,6,25
2024010518223,2024,010518223,529772,182635,-0.13067,51.52772,3,3,3,12:36,-1,E09000007,3,0,1,0,1,"[19, 3, 9]","[1, 2]","[5, 8]",0,0,0,1,0,0,1,0,0,6,25
2024010518231,2024,010518231,534871,179552,-0.05839,51.49882,3,3,2,19:00,-1,E09000028,3,0,1,0,1,99,9,9,99,9,99,1,1,0,0,0,0,6,24
2024010518238,2024,010518238,505204,178324,-0.48596,51.49408,3,3,6,14:40,-1,E09000017,1,0,1,0,2,99,9,9,99,9,99,1,0,1,0,0,0,6,21
2024010518242,2024,010518242,530559,188346,-0.11721,51.57886,3,3,5,13:00,-1,E09000014,6,0,1,0,1,99,9,9,99,9,99,1,0,1,0,0,0,6,20
2024010518245,2024,010518245,530823,172191,-0.11939,51.43362,3,3,3,10:50,-1,E09000022,5,0,1,0,1,99,9,9,99,9,99,1,0,1,0,0,0,6,25
2024010518246,2024,010518246,536231,188916,-0.03518,51.58264,2,"[2, 3]",3,13:54,-1,E09000031,3,0,1,0,1,4,1,5,"[4, 0]",0,0,1,0,0,1,0,0,6,25
2024010518252,2024,010518252,520371,177950,-0.26772,51.4877,3,3,3,14:39,-1,E09000018,5,0,1,0,1,5,5,1,0,0,0,1,1,0,0,0,0,6,25
2024010518254,2024,010518254,531176,174437,-0.11348,51.45373,3,3,3,15:07,-1,E09000022,3,0,1,0,1,19,6,2,0,0,0,0,0,0,1,0,0,6,25
2024010518259,2024,010518259,533704,196485,-0.06875,51.65127,3,3,3,15:50,-1,E09000010,3,0,1,0,1,14,3,7,0,0,0,0,0,1,0,0,1,6,25
2024010518262,2024,010518262,515732,185159,-0.33213,51.55346,2,2,3,15:55,-1,E09000009,3,0,1,0,1,"[8, 19]","[1, 3]","[4, 7]",0,0,0,1,1,0,0,0,0,6,25
2024010518272,2024,010518272,526278,194569,-0.17672,51.63576,2,2,3,18:08,-1,E09000003,6,0,1,0,1,9,2,7,0,0,0,1,0,0,0,0,1,6,25
2024010518273,2024,010518273,532229,189707,-0.09261,51.59071,3,3,3,16:33,-1,E09000014,4,0,1,0,1,"[19, 9]","[1, 7]","[5, 4]",0,0,0,1,1,0,0,0,0,6,25
2024010518275,2024,010518275,527673,177953,-0.1626,51.48612,2,2,3,16:50,-1,E09000020,6,0,1,0,1,"[2, 14]","[0, 5]","[0, 1]","[8, 0]",0,0,1,1,0,0,0,0,6,25
2024010518278,2024,010518278,514119,175743,-0.35843,51.46916,3,3,3,15:07,-1,E09000018,3,0,1,0,1,"[19, 2]","[3, 0]","[7, 0]","[4, 0]",0,0,0,0,0,1,0,0,6,25
2024010518281,2024,010518281,510454,172775,-0.4121,51.44321,2,2,3,17:17,-1,E09000018,3,0,1,0,1,19,"[6, 3]","[2, 7]",0,0,0,1,1,0,0,0,0,6,25
2024010518288,2024,010518288,528431,200249,-0.14354,51.68632,3,3,3,18:02,-1,E09000010,1,0,1,0,2,99,9,9,99,9,99,1,0,0,0,0,0,6,25
2024010518294,2024,010518294,520650,181482,-0.26249,51.51938,3,3,4,16:20,-1,E09000009,3,0,1,0,1,19,7,3,0,9,0,1,0,0,0,0,1,6,12
2024010518300,2024,010518300,525923,191540,-0.18293,51.60862,2,2,3,16:40,-1,E09000003,3,0,1,0,1,"[9, 5]","[3, 5]",1,0,0,0,1,1,0,0,0,0,6,25
2024010518302,2024,010518302,509688,175287,-0.42234,51.46593,3,3,3,08:10,-1,E09000018,5,0,1,0,1,99,9,9,99,9,99,1,1,0,0,0,0,6,25
2024010518303,2024,010518303,529132,185892,-0.13869,51.55714,2,2,3,19:51,-1,E09000007,5,0,1,0,1,19,"[3, 5]","[7, 1]",0,0,0,1,0,1,0,0,0,6,25
2024010518304,2024,010518304,537344,181120,-0.02217,51.51232,3,3,3,19:48,-1,E09000030,6,0,1,0,1,19,"[3, 7]","[7, 3]",0,0,0,1,0,0,0,0,0,6,25
2024010518306,2024,010518306,524739,187673,-0.2014,51.57413,2,2,5,16:13,-1,E09000003,3,0,1,0,1,"[2, 19]","[0, 4]","[0, 8]","[0, 8]",0,0,1,1,0,0,0,0,6,20
2024010518308,2024,010518308,531643,189306,-0.10122,51.58724,3,3,3,19:53,-1,E09000014,3,0,1,0,1,9,3,1,0,0,0,0,0,0,1,0,0,6,25
2024010518310,2024,010518310,550069,189276,0.16455,51.58237,2,2,3,16:36,-1,E09000016,5,0,1,0,1,7,3,5,0,0,0,1,0,0,0,0,1,6,25
2024010518313,2024,010518313,526818,179391,-0.17439,51.49924,2,2,3,17:51,-1,E09000033,5,0,1,0,1,"[6, 14]",1,"[1, 5]",0,0,0,1,1,0,0,0,0,6,25
2024010518316,2024,010518316,540087,192031,0.02167,51.60969,3,3,3,21:05,-1,E09000026,3,2,1,0,1,19,"[8, 6]","[4, 2]",0,0,0,1,0,1,0,0,0,6,25
2024010518317,2024,010518317,546312,185802,0.10892,51.55214,3,3,3,18:23,-1,E09000002,3,0,1,0,1,"[19, 7]",7,"[3, 1]",0,"[0, 1]",0,1,0,0,1,0,0,6,25
2024010518318,2024,010518318,509498,180920,-0.42333,51.5166,3,3,5,15:30,-1,E09000017,5,0,1,0,1,99,9,9,99,9,99,1,0,1,0,0,0,6,6
2024010518319,2024,010518319,541674,179006,0.03934,51.49226,3,3,3,19:39,-1,E09000011,6,0,1,0,1,"[19, 5]","[5, 1]","[1, 5]",0,0,0,1,0,1,0,0,0,6,25
2024010518324,2024,010518324,544915,173630,0.08379,51.44313,3,3,3,21:27,-1,E09000004,4,0,1,0,1,"[19, 7]","[5, 1]","[1, 6, 5]",0,0,0,1,0,0,0,0,0,6,25
2024010518325,2024,010518325,514098,172449,-0.3598,51.43955,3,3,3,18:10,-1,E09000027,3,0,1,0,1,"[19, 6]","[7, 3]",3,0,0,0,1,0,1,0,0,0,6,25
2024010518328,2024,010518328,525866,181238,-0.18744,51.51605,3,3,3,07:47,-1,E09000033,3,0,1,0,1,99,9,9,99,9,99,0,1,0,0,0,1,6,25
2024010518330,2024,010518330,525432,165553,-0.19925,51.37519,3,3,3,21:21,-1,E09000029,6,2,1,0,1,1,5,1,0,0,0,1,0,0,0,0,1,6,25
2024010518334,2024,010518334,554512,182970,0.22585,51.52451,2,2,3,18:35,-1,E09000016,5,0,1,0,2,19,"[5, 3]","[1, 7]",0,0,0,1,0,0,0,0,0,6,25
2024010518335,2024,010518335,534324,180704,-0.06582,51.50931,3,3,2,18:50,-1,E09000030,3,0,1,0,1,99,9,9,99,9,99,1,0,1,0,0,0,6,24
2024010518336,2024,010518336,552436,176728,0.19326,51.46899,3,3,3,21:37,-1,E09000004,6,0,1,0,1,19,1,5,0,0,0,0,0,0,1,0,0,6,25
2024010518339,2024,010518339,522890,188660,-0.22772,51.58341,3,3,3,20:23,-1,E09000003,3,0,1,0,1,99,9,9,99,9,99,1,0,1,0,0,0,6,25
2024010518341,2024,010518341,537900,188284,-0.01136,51.57656,3,3,3,14:50,-1,E09000031,3,0,8,0,1,99,9,9,99,9,99,1,0,0,0,0,0,6,25
2024010518342,2024,010518342,538285,179366,-0.00931,51.49633,3,3,3,18:20,-1,E09000030,3,0,1,0,1,5,5,1,0,0,0,1,0,0,0,0,1,6,25
2024010518344,2024,010518344,530971,179572,-0.11453,51.49992,2,2,4,21:00,-1,E09000022,3,0,9,0,1,99,9,9,99,9,99,1,1,0,0,0,0,6,12
2024010518348,2024,010518348,522827,179529,-0.23181,51.50136,3,3,3,23:12,-1,E09000013,3,2,1,0,1,"[2, 19]","[0, 5]","[0, 1]",0,0,0,1,1,0,0,0,0,6,25
2024010518349,2024,010518349,543219,186230,0.06451,51.55678,3,3,3,18:35,-1,E09000026,3,0,1,0,2,99,9,9,99,9,99,1,0,0,0,0,0,6,25
2024010518353,2024,010518353,538529,178888,-0.00598,51.49197,3,3,4,04:32,-1,E09000030,3,0,1,0,1,"[2, 19]","[0, 5]","[0, 1]",0,0,0,1,0,1,0,0,0,6,26
2024010518354,2024,010518354,534214,181328,-0.06717,51.51494,3,3,4,00:50,-1,E09000030,3,2,1,0,1,9,2,7,0,0,0,0,0,1,0,0,1,6,26
2024010518356,2024,010518356,535440,176842,-0.05123,51.47434,3,3,4,05:30,-1,E09000023,3,0,1,0,1,99,9,9,99,9,99,1,1,0,0,0,0,6,26
2024010518365,2024,010518365,521132,170024,-0.25947,51.4163,3,3,3,07:23,-1,E09000021,3,0,1,0,1,99,9,9,99,9,99,1,1,0,0,0,0,6,25
2024010518374,2024,010518374,537468,179829,-0.02089,51.50069,3,3,4,08:43,-1,E09000030,5,0,1,0,1,"[19, 9]","[1, 5]","[5, 3]",0,0,0,1,0,1,0,0,0,6,26
2024010518378,2024,010518378,520883,167249,-0.264,51.39141,3,3,4,09:39,-1,E09000021,3,0,1,0,1,19,5,1,0,0,0,1,0,0,0,0,0,6,26
2024010518380,2024,010518380,550888,182880,0.17362,51.52468,3,3,3,09:06,-1,E09000016,3,0,1,0,1,"[1, 19]","[5, 3]","[3, 7]",0,"[1, 0]",0,1,1,0,0,0,0,6,25
2024010518383,2024,010518383,511335,190023,-0.39399,51.59806,2,2,4,08:51,-1,E09000015,3,0,8,0,1,9,5,3,0,0,0,1,0,0,0,0,1,6,26
2024010518388,2024,010518388,514193,182351,-0.35523,51.52853,3,3,4,09:00,-1,E09000009,6,0,1,0,1,"[6, 19]",1,"[1, 5]",0,0,0,1,0,1,0,0,0,6,26
2024010518393,2024,010518393,549483,179076,0.15177,51.49088,3,3,3,19:45,-1,E09000004,4,0,9,-1,1,99,9,9,99,9,99,1,1,0,0,0,0,6,25
2024010518396,2024,010518396,526317,189649,-0.17793,51.59154,3,3,4,09:21,-1,E09000003,3,0,8,0,1,99,9,9,99,9,99,1,0,0,0,0,0,6,26
2024010518398,2024,010518398,522472,175601,-0.23828,51.46614,3,3,4,07:35,-1,E09000027,4,0,1,0,2,99,9,9,99,9,99,1,1,0,0,0,0,6,19
2024010518401,2024,010518401,542522,190099,0.05603,51.59172,3,3,4,07:30,-1,E09000026,5,0,1,0,1,"[4, 3]","[3, 7]","[7, 3]",0,0,0,1,1,0,0,0,0,6,26
2024010518405,2024,010518405,530503,181577,-0.12053,51.51805,3,3,5,02:39,-1,E09000007,3,2,1,0,1,"[2, 19]",9,9,99,9,99,1,1,0,0,0,0,6,6
2024010518406,2024,010518406,520517,187392,-0.26239,51.57252,3,3,7,04:00,-1,E09000005,4,2,9,-1,1,99,9,9,99,9,99,0,1,0,0,0,0,6,15