collision_index,collision_year,collision_ref_no,location_easting_osgr,location_northing_osgr,longitude,latitude,casualty_severity,casualty_severity,day_of_week,time,local_authority_district,local_authority_ons_district,first_road_class,light_conditions,weather_conditions,road_surface_conditions,urban_or_rural_area,vehicle_manoeuvre,vehicle_direction_from,vehicle_direction_to,hit_object_in_carriageway,vehicle_leaving_carriageway,hit_object_off_carriageway,is_car,is_cyle,is_mcyle,is_goodsv,is_other,is_pedestrian,month,day
2024010518411,2024,010518411,516678,182015,-0.31954,51.52501,3,3,6,07:47,-1,E09000009,4,0,9,-1,1,99,9,9,99,9,99,1,0,1,0,0,0,6,14
2024010518414,2024,010518414,538292,175702,-0.01064,51.4634,3,3,4,12:00,-1,E09000023,3,0,1,0,1,4,5,1,0,0,0,0,0,0,1,0,0,6,26
2024010518415,2024,010518415,535620,171464,-0.0507,51.42596,3,3,4,11:50,-1,E09000023,3,0,9,0,1,"[13, 9]","[4, 8]","[8, 6]",0,0,0,1,0,1,0,0,0,6,26
2024010518416,2024,010518416,530801,183059,-0.11569,51.5313,3,3,4,09:14,-1,E09000019,3,0,1,0,1,5,7,3,0,0,0,0,0,0,1,0,0,6,26
2024010518422,2024,010518422,528365,184631,-0.15021,51.54598,3,3,3,14:45,-1,E09000007,4,0,1,0,1,"[2, 99]",9,9,"[99, 8]","[0, 9]","[0, 99]",1,1,0,0,0,0,6,25
2024010518423,2024,010518423,541083,182072,0.03205,51.51995,3,3,4,09:15,-1,E09000025,3,0,1,0,1,5,1,5,0,1,0,0,0,0,1,0,0,6,26
2024010518424,2024,010518424,533095,187702,-0.08088,51.57248,3,3,4,09:45,-1,E09000012,6,0,1,0,1,5,1,5,0,0,0,1,0,0,0,0,1,6,26
2024010518428,2024,010518428,523480,188008,-0.21944,51.57742,3,3,4,11:49,-1,E09000003,3,0,9,-1,1,99,9,9,99,9,99,1,0,1,0,0,0,6,26
2024010518429,2024,010518429,529630,180673,-0.13343,51.51012,3,3,3,08:00,-1,E09000033,3,0,1,0,1,99,9,9,99,9,99,1,0,1,0,0,0,6,25
2024010518430,2024,010518430,533962,178199,-0.07199,51.48688,2,2,4,12:45,-1,E09000028,6,0,1,0,1,"[19, 7]","[8, 6]","[4, 1]",0,0,0,1,1,0,0,0,0,6,26
2024010518432,2024,010518432,513134,183506,-0.37012,51.53913,2,2,4,13:57,-1,E09000009,5,0,1,0,1,"[5, 19]","[0, 5]",1,0,0,0,1,1,0,0,0,0,6,26
2024010518435,2024,010518435,525669,170497,-0.1941,51.41957,3,3,4,07:02,-1,E09000024,3,0,1,0,1,"[19, 10]","[1, 6]","[5, 3]",0,0,0,1,1,0,0,0,0,6,26
2024010518436,2024,010518436,543474,184242,0.06738,51.53885,3,3,5,18:00,-1,E09000025,3,0,1,0,1,19,5,1,0,0,0,1,0,0,1,0,0,5,30
2024010518438,2024,010518438,524051,177232,-0.21499,51.48045,3,3,4,10:00,-1,E09000013,6,0,9,-1,1,99,9,9,99,9,99,1,0,1,0,0,0,6,26
2024010518439,2024,010518439,529447,169708,-0.14008,51.41163,3,3,4,15:10,-1,E09000024,4,0,9,-1,1,99,9,9,99,9,99,1,0,1,0,0,0,6,19
2024010518440,2024,010518440,532335,176853,-0.09591,51.47517,3,3,3,19:00,-1,E09000028,3,0,1,0,1,99,9,9,99,9,99,1,0,1,0,0,0,6,25
2024010518441,2024,010518441,531530,178524,-0.10687,51.49037,3,3,4,07:45,-1,E09000022,3,0,1,0,1,19,3,7,0,0,0,1,0,0,0,0,1,6,26
2024010518444,2024,010518444,538563,180603,-0.00482,51.50738,3,3,4,13:39,-1,E09000030,3,2,1,0,1,"[4, 19]",1,5,"[0, 4]",0,0,1,0,1,0,0,0,6,26
2024010518449,2024,010518449,531249,186857,-0.10782,51.56532,3,3,4,08:44,-1,E09000019,6,0,1,0,1,19,5,1,0,0,0,0,0,0,1,0,1,6,26
2024010518450,2024,010518450,528924,177155,-0.14489,51.47867,3,3,4,08:45,-1,E09000032,3,0,2,0,1,"[6, 19]",7,"[7, 3]",0,0,0,1,1,0,0,0,0,6,26
2024010518454,2024,010518454,539478,175775,0.00645,51.46377,3,3,4,09:57,-1,E09000023,4,0,1,0,1,"[15, 7]","[6, 3]","[2, 6]",0,0,0,1,0,1,0,0,0,6,26
2024010518457,2024,010518457,539881,184769,0.01581,51.54449,3,3,4,13:34,-1,E09000025,3,0,1,0,1,"[19, 9]","[6, 1]","[2, 6]",0,0,0,1,0,1,0,0,0,6,26
2024010518459,2024,010518459,516108,172957,-0.33072,51.44371,3,3,1,15:00,-1,E09000027,3,0,1,0,1,99,9,9,99,9,99,1,1,0,0,0,0,5,19
2024010518460,2024,010518460,544015,170604,0.06962,51.41617,3,3,2,00:00,-1,E09000006,3,2,1,0,1,99,9,9,99,9,99,1,0,1,0,0,0,6,24
2024010518466,2024,010518466,540437,188602,0.02535,51.57879,3,3,4,15:00,-1,E09000026,5,0,1,0,1,99,9,9,99,9,99,1,0,0,0,0,1,6,26
2024010518473,2024,010518473,529182,193121,-0.13532,51.62209,3,3,5,19:00,-1,E09000010,5,0,1,0,1,99,9,9,99,9,99,1,0,0,0,0,0,5,9
2024010518474,2024,010518474,528703,180616,-0.14681,51.50982,3,3,4,14:50,-1,E09000033,5,0,1,0,1,19,7,3,0,0,0,1,0,0,0,0,1,6,26
2024010518476,2024,010518476,547357,179274,0.12125,51.49321,3,3,4,15:55,-1,E09000004,3,0,1,0,1,19,"[1, 5]","[5, 1]",0,0,0,1,0,0,0,0,0,6,26
2024010518478,2024,010518478,540144,180878,0.01806,51.50946,3,3,4,16:45,-1,E09000025,3,0,1,0,1,19,3,7,0,0,0,1,0,0,0,0,1,6,26
2024010518481,2024,010518481,519250,170407,-0.28639,51.42014,3,3,4,08:25,-1,E09000021,4,0,9,-1,1,99,9,9,99,9,99,1,1,0,0,0,0,6,26
2024010518484,2024,010518484,529855,181511,-0.12989,51.5176,3,3,3,15:14,-1,E09000007,5,0,1,0,1,1,5,1,0,0,0,1,0,0,0,0,1,6,25
2024010518485,2024,010518485,531774,179471,-0.10301,51.49883,3,3,4,17:20,-1,E09000028,3,0,1,0,1,"[9, 19]","[8, 3]","[6, 7]",0,0,0,0,1,0,0,0,0,6,26
2024010518502,2024,010518502,537976,172877,-0.01629,51.43809,3,3,4,18:51,-1,E09000023,6,0,1,0,1,19,7,3,0,0,0,1,0,0,0,0,1,6,26
2024010518503,2024,010518503,541783,167813,0.03643,51.39165,3,3,4,18:49,-1,E09000006,6,0,1,0,1,19,"[3, 5]","[7, 1]",0,"[3, 0]",0,1,0,0,0,0,0,6,26
2024010518508,2024,010518508,532046,177032,-0.1,51.47684,3,3,3,19:40,-1,E09000028,3,0,1,0,1,"[7, 19]",9,9,99,9,99,1,1,0,0,0,0,6,25
2024010518509,2024,010518509,526487,175590,-0.18052,51.46515,2,2,4,18:18,-1,E09000032,3,0,1,0,1,14,1,5,0,0,0,0,0,1,0,0,1,6,26
2024010518514,2024,010518514,521434,182490,-0.25085,51.52827,3,3,4,15:48,-1,E09000009,3,0,1,0,1,"[4, 15]",5,1,"[0, 8]",0,0,1,1,0,0,0,0,6,26
2024010518515,2024,010518515,530778,175170,-0.11894,51.46041,3,3,4,18:55,-1,E09000022,3,0,1,0,1,19,7,3,0,0,0,0,0,1,0,0,1,6,26
2024010518518,2024,010518518,511940,183403,-0.38736,51.53844,3,3,4,16:40,-1,E09000009,3,0,1,0,1,19,5,1,0,0,0,1,0,0,0,0,0,6,26
2024010518523,2024,010518523,522581,189658,-0.23183,51.59244,3,3,4,16:21,-1,E09000003,6,0,9,0,1,19,5,1,0,0,0,1,0,0,0,0,1,6,26
2024010518524,2024,010518524,534393,193422,-0.05997,51.62358,3,3,4,17:38,-1,E09000010,6,0,8,0,1,99,9,9,99,9,99,1,0,0,0,0,0,6,26
2024010518525,2024,010518525,529782,183045,-0.13037,51.53141,3,3,4,15:25,-1,E09000007,5,0,1,0,1,"[1, 19]","[4, 8]","[8, 4]",0,0,0,1,1,0,0,0,0,6,26
2024010518526,2024,010518526,551226,188105,0.18073,51.57154,3,3,3,16:20,-1,E09000016,3,2,9,0,1,19,1,5,0,0,0,1,0,0,0,0,0,6,25
2024010518527,2024,010518527,536963,193560,-0.02281,51.6242,2,"[3, 2]",4,15:43,-1,E09000031,3,0,1,0,1,"[19, 2]","[2, 0]","[6, 0]","[0, 10, 7]","[0, 1]","[0, 10]",1,0,0,0,0,0,6,26
2024010518531,2024,010518531,533804,188518,-0.07034,51.57965,3,3,5,14:10,-1,E09000014,6,0,1,0,1,99,9,9,99,9,99,1,0,0,0,0,0,3,28
2024010518532,2024,010518532,534504,187162,-0.06077,51.5673,3,3,4,06:00,-1,E09000012,3,0,8,0,1,99,9,9,99,9,99,1,0,0,0,0,0,6,26
2024010518537,2024,010518537,528550,179021,-0.14959,51.49552,3,3,4,15:55,-1,E09000033,3,0,1,0,1,19,4,8,0,0,0,0,0,1,0,0,0,6,26
2024010518539,2024,010518539,531489,182869,-0.10584,51.52943,3,3,4,18:45,-1,E09000019,3,2,1,0,1,19,"[7, 3]","[3, 7]",0,0,0,1,0,0,0,0,0,6,26
2024010518541,2024,010518541,531172,176676,-0.11271,51.47385,2,2,4,20:25,-1,E09000022,3,0,1,0,1,"[9, 19]","[5, 1]","[3, 5]",0,0,0,1,1,0,0,0,0,6,26
2024010518543,2024,010518543,526928,184182,-0.17109,51.54227,3,3,4,19:24,-1,E09000007,4,0,1,0,1,"[3, 19]",3,7,0,0,0,1,0,1,0,0,0,6,26
2024010518549,2024,010518549,533462,179177,-0.07881,51.49579,2,2,4,16:38,-1,E09000028,3,0,1,0,1,"[9, 14]",3,"[1, 7]",0,0,0,1,1,0,0,0,0,6,26
2024010518551,2024,010518551,515548,180528,-0.33631,51.51187,3,3,4,16:20,-1,E09000009,5,0,1,0,1,4,5,1,0,0,0,0,1,0,0,0,1,6,26
2024010518552,2024,010518552,530604,186139,-0.11738,51.55902,3,3,4,21:10,-1,E09000019,3,2,1,0,1,19,6,2,0,0,0,0,0,0,1,0,1,6,26
2024010518553,2024,010518553,525072,196059,-0.1936,51.64942,3,3,4,22:05,-1,E09000003,3,2,1,0,1,"[13, 9]","[1, 3]","[5, 1]",0,0,0,1,0,1,0,0,0,6,26
2024010518557,2024,010518557,535757,177957,-0.04624,51.48428,3,3,4,19:05,-1,E09000023,6,0,9,0,1,"[7, 19]",5,"[7, 1]",0,0,0,1,1,0,0,0,0,6,26
2024010518558,2024,010518558,522038,185006,-0.24128,51.55075,3,3,4,21:14,-1,E09000005,3,0,1,0,1,7,4,6,0,0,0,1,0,0,0,0,1,6,26
2024010518559,2024,010518559,532445,179230,-0.09344,51.4965,3,3,4,17:00,-1,E09000028,4,0,1,0,1,9,3,2,0,0,0,1,0,0,0,0,1,6,26
2024010518561,2024,010518561,533476,183508,-0.07697,51.53471,3,3,4,23:00,-1,E09000012,3,2,1,0,1,"[3, 4]",1,5,8,0,0,1,1,0,0,0,0,6,26
2024010518563,2024,010518563,534654,180905,-0.06099,51.51103,3,3,4,23:00,-1,E09000030,4,2,1,0,1,19,"[7, 5]","[3, 1]",0,0,0,1,0,0,0,0,0,6,26
2024010518570,2024,010518570,516317,190354,-0.32198,51.60003,3,3,4,08:10,-1,E09000015,5,0,1,0,1,99,9,9,99,9,99,1,1,0,0,0,0,6,26
2024010518571,2024,010518571,541548,191020,0.04235,51.60024,3,3,4,23:01,-1,E09000026,3,2,1,0,1,"[19, 10]",3,"[7, 2]",0,0,0,1,0,0,0,0,0,6,26
2024010518572,2024,010518572,522137,186556,-0.23931,51.56466,2,2,4,14:20,-1,E09000005,5,0,1,0,1,19,"[7, 1]","[3, 5]",0,0,0,1,0,1,0,0,0,6,26
2024010518574,2024,010518574,530068,179661,-0.1275,51.50093,3,3,1,22:05,-1,E09000033,3,2,1,0,1,99,9,9,99,9,99,1,0,0,0,0,0,6,16
2024010518576,2024,010518576,524552,169515,-0.2105,51.41099,3,3,4,23:08,-1,E09000024,3,2,1,0,1,19,3,7,0,0,0,1,0,0,0,0,0,6,26
2024010518580,2024,010518580,537843,181425,-0.01487,51.51494,2,2,5,01:20,-1,E09000030,5,2,1,0,1,19,5,1,0,7,3,1,0,0,0,0,0,6,27
2024010518581,2024,010518581,533812,189847,-0.06972,51.59159,3,3,4,21:10,-1,E09000014,3,2,1,0,1,"[3, 14]",1,5,0,0,0,1,1,0,0,0,0,6,26
2024010518582,2024,010518582,519177,178226,-0.28481,51.49043,3,3,4,14:05,-1,E09000018,3,0,9,0,1,99,9,9,99,9,99,1,0,1,0,0,0,6,26
2024010518585,2024,010518585,525213,169955,-0.20084,51.4148,3,3,5,04:20,-1,E09000024,3,2,1,0,1,19,1,5,"[0, 10]","[0, 3]","[0, 11]",1,0,0,0,0,0,6,27
2024010518586,2024,010518586,524842,165471,-0.20775,51.37458,3,3,5,03:22,-1,E09000029,6,2,1,0,1,"[4, 2, 6]","[8, 0, 1]","[4, 0, 1]",0,0,0,1,0,0,0,0,0,6,27
2024010518587,2024,010518587,534578,183231,-0.0612,51.53195,3,3,4,09:45,-1,E09000030,3,2,1,0,1,"[9, 7]","[7, 8]","[4, 3]",0,0,0,1,1,0,0,0,0,6,26
2024010518588,2024,010518588,528997,175991,-0.14426,51.46819,3,3,4,23:35,-1,E09000022,3,2,1,0,1,19,"[3, 5]","[7, 1]",0,0,0,1,1,0,0,0,0,6,26
2024010518589,2024,010518589,537331,192090,-0.01808,51.6109,3,3,4,23:09,-1,E09000031,3,2,1,0,1,"[6, -1]","[1, 5]",1,0,0,0,1,0,1,0,0,0,6,26
2024010518599,2024,010518599,521417,188806,-0.24892,51.58504,3,3,5,06:43,-1,E09000003,3,0,1,0,1,19,5,1,0,0,0,1,1,0,0,0,0,6,27
2024010518601,2024,010518601,528581,180144,-0.14873,51.50561,3,3,5,06:30,-1,E09000033,6,0,1,0,1,99,9,9,99,9,99,1,0,0,0,0,0,6,27
2024010518603,2024,010518603,517930,180132,-0.30213,51.50782,3,3,5,11:35,-1,E09000009,6,0,1,0,1,99,9,9,99,9,99,1,1,0,0,0,0,6,20
2024010518607,2024,010518607,527029,177332,-0.1721,51.48069,2,2,2,08:29,-1,E09000032,3,0,9,-1,2,99,9,9,99,0,0,1,1,0,0,0,0,6,17
2024010518609,2024,010518609,551733,176732,0.18314,51.46922,3,3,5,07:35,-1,E09000004,6,0,1,0,1,"[2, 19]","[0, 5]","[0, 1]",0,0,0,1,0,1,0,0,0,6,27
2024010518611,2024,010518611,524143,175613,-0.21424,51.46588,2,2,5,08:43,-1,E09000032,3,0,1,0,1,"[12, 19]",5,1,0,"[3, 7]",0,1,1,0,0,0,0,6,27
2024010518619,2024,010518619,534446,183569,-0.06297,51.53502,3,3,7,22:30,-1,E09000012,5,2,1,0,1,99,9,9,99,9,99,1,1,0,0,0,0,6,22
2024010518623,2024,010518623,520191,168533,-0.2735,51.4031,3,3,4,21:17,-1,E09000021,3,0,1,0,1,99,9,9,99,9,99,1,0,0,0,0,0,6,26
2024010518626,2024,010518626,529040,179135,-0.14249,51.49644,3,3,4,17:25,-1,E09000033,3,0,1,0,1,99,9,9,99,9,99,0,1,0,0,0,1,6,26
2024010518627,2024,010518627,539258,184541,0.00674,51.54259,3,3,5,10:05,-1,E09000025,3,0,1,0,1,9,3,1,0,1,3,1,0,0,0,0,0,6,27
2024010518632,2024,010518632,546146,177659,0.10315,51.47902,3,3,5,08:35,-1,E09000011,5,0,1,0,1,"[19, 2, 4]","[7, 0]","[3, 0]","[10, 0, 4]",0,0,1,0,0,0,0,0,6,27
2024010518633,2024,010518633,543265,188368,0.06604,51.57598,3,3,3,20:06,-1,E09000026,3,0,1,-1,1,19,5,1,0,0,0,0,0,0,1,0,0,6,18
2024010518637,2024,010518637,541190,168551,0.0282,51.39843,3,3,5,09:26,-1,E09000006,6,0,1,0,1,"[2, 19]","[0, 7, 5]","[0, 3, 1]",0,0,0,1,0,0,0,0,0,6,27
2024010518638,2024,010518638,548737,183100,0.14273,51.52723,3,3,6,08:30,-1,E09000002,3,0,1,0,1,"[99, 19]","[9, 5]","[9, 1]",99,"[9, 0]","[99, 0]",1,0,1,0,0,0,4,26
2024010518644,2024,010518644,529956,180938,-0.12864,51.51243,3,3,1,17:03,-1,E09000033,3,0,1,0,1,4,5,1,0,3,99,0,0,0,1,0,1,6,23
2024010518646,2024,010518646,512004,180046,-0.38751,51.50825,3,3,4,18:00,-1,E09000009,6,0,8,0,1,99,9,9,99,0,0,1,0,0,0,0,1,6,26
2024010518648,2024,010518648,530405,167102,-0.12727,51.38799,3,3,5,09:55,-1,E09000008,3,0,8,0,1,99,9,9,99,9,99,1,0,0,0,0,0,6,27
2024010518655,2024,010518655,545155,184978,0.0919,51.54503,3,3,5,08:30,-1,E09000002,3,0,1,0,1,"[10, 19]",3,"[8, 7]",0,0,0,1,1,0,0,0,0,6,27
2024010518656,2024,010518656,528156,195886,-0.14912,51.64717,3,3,5,12:15,-1,E09000010,6,0,1,0,1,19,1,5,0,1,4,1,0,0,0,0,0,6,27
2024010518659,2024,010518659,525663,178230,-0.19144,51.48906,2,2,5,11:45,-1,E09000020,6,0,1,0,1,3,5,1,0,0,0,1,0,0,0,0,1,6,27
2024010518660,2024,010518660,512741,181204,-0.37652,51.51852,3,3,5,09:54,-1,E09000009,6,0,1,0,1,9,4,1,0,0,0,1,0,0,0,0,1,6,27
2024010518663,2024,010518663,518084,167941,-0.30398,51.39822,3,3,5,12:45,-1,E09000021,4,0,1,0,1,99,9,9,99,9,99,0,1,1,0,0,0,6,27
2024010518665,2024,010518665,542536,173127,0.04938,51.43921,3,3,4,17:10,-1,E09000011,3,0,1,0,1,19,7,3,10,0,0,0,0,0,0,0,0,6,26
2024010518669,2024,010518669,515780,189493,-0.33002,51.5924,3,3,5,08:05,-1,E09000015,5,0,1,0,1,"[5, 9]","[5, 8]","[1, 5]",0,0,0,1,0,0,0,0,0,6,27
2024010518670,2024,010518670,523873,196418,-0.2108,51.65291,2,2,5,13:26,-1,E09000003,6,0,1,0,1,"[9, 19]","[1, 3]",7,0,"[0, 7]",0,1,0,1,0,0,0,6,27
2024010518672,2024,010518672,537449,169943,-0.025,51.41186,3,3,4,13:35,-1,E09000006,6,0,1,0,1,99,9,9,99,9,99,1,0,0,0,0,0,6,26
2024010518677,2024,010518677,533195,185782,-0.08016,51.55521,3,3,5,09:10,-1,E09000012,6,0,1,0,1,"[1, 3]","[3, 7]","[7, 3]",0,0,0,1,1,0,0,0,0,6,27
2024010518680,2024,010518680,537256,181828,-0.02316,51.5187,3,3,5,08:40,-1,E09000030,4,0,1,0,1,99,9,9,99,9,99,1,0,0,0,0,0,6,27
2024010518682,2024,010518682,521539,179887,-0.25024,51.50486,3,3,6,11:45,-1,E09000009,6,0,8,0,1,99,9,9,99,9,99,1,0,1,0,0,0,4,12
2024010518683,2024,010518683,543897,185125,0.07383,51.54668,3,3,3,20:10,-1,E09000026,6,0,1,0,1,99,9,9,99,9,99,0,1,0,0,0,0,6,25
2024010518684,2024,010518684,535335,180780,-0.05124,51.50975,3,3,5,11:20,-1,E09000030,3,0,1,0,1,"[13, 6]",3,"[7, 3]",0,0,0,1,0,1,0,0,0,6,27
2024010518688,2024,010518688,533644,159220,-0.08371,51.3164,3,3,5,12:36,-1,E09000008,3,2,9,-1,1,99,9,9,99,9,99,1,0,1,0,0,0,6,27
2024010518689,2024,010518689,525819,183890,-0.18717,51.5399,3,3,4,17:00,-1,E09000007,4,0,9,-1,1,"[13, 19]",9,9,99,9,99,1,0,1,0,0,0,6,26
2024010518690,2024,010518690,529055,163995,-0.14779,51.36037,3,3,5,10:22,-1,E09000029,6,0,9,0,1,19,"[7, 3]","[3, 7]",0,0,0,1,0,1,0,0,0,6,27
2024010518692,2024,010518692,533653,175401,-0.07749,51.46181,2,2,4,18:00,-1,E09000028,3,0,1,0,1,99,9,9,"[99, 8]",9,99,1,1,0,0,0,0,6,26
2024010518694,2024,010518694,543855,185797,0.0735,51.55273,3,3,5,10:46,-1,E09000026,3,0,1,0,1,19,1,5,0,0,0,1,0,0,0,0,1,6,27
2024010518695,2024,010518695,525056,184090,-0.1981,51.54186,3,3,2,01:10,-1,E09000005,3,0,8,0,1,99,9,9,99,9,99,0,1,0,0,0,1,6,24
2024010518696,2024,010518696,534947,181906,-0.05639,51.51996,3,3,5,15:15,-1,E09000030,3,0,1,0,1,99,9,9,99,9,99,1,1,0,0,0,0,6,27
2024010518698,2024,010518698,527889,179220,-0.15903,51.49746,3,3,5,15:15,-1,E09000020,3,0,1,0,1,5,0,5,0,0,0,0,0,0,1,0,0,6,27
2024010518705,2024,010518705,552971,192431,0.20777,51.60993,3,3,5,12:00,-1,E09000016,5,0,1,0,1,"[19, 12]","[2, 1]","[6, 5]",0,0,0,1,1,0,0,0,0,6,27
2024010518711,2024,010518711,536688,170144,-0.03586,51.41385,2,2,5,17:42,-1,E09000006,6,0,2,0,1,19,8,4,0,0,0,1,0,1,0,0,0,6,27
2024010518723,2024,010518723,541699,158975,0.0317,51.31225,3,3,5,17:32,-1,E09000006,6,0,1,0,1,"[2, 19]","[0, 4, 8]","[0, 8, 4]","[0, 4]",0,0,1,0,0,0,0,0,6,27
2024010518725,2024,010518725,556278,189094,0.25401,51.57905,3,3,5,18:18,-1,E09000016,5,0,1,0,2,"[9, 19]","[5, 7, 1]","[2, 6, 5]",0,0,0,1,0,1,0,0,0,6,27
2024010518730,2024,010518730,546138,183715,0.10554,51.53343,3,3,5,09:44,-1,E09000002,6,0,8,0,1,99,9,9,99,9,99,1,0,0,0,0,0,6,27
2024010518731,2024,010518731,507490,178696,-0.45293,51.497,3,3,5,08:30,-1,E09000017,1,0,8,0,1,99,9,9,99,9,99,1,0,0,0,0,0,6,27
2024010518743,2024,010518743,530217,172768,-0.12789,51.43895,3,3,5,18:30,-1,E09000022,5,0,1,0,1,"[4, 19]",5,1,0,0,0,1,0,1,0,0,0,6,27
2024010518744,2024,010518744,532523,192575,-0.08729,51.61641,3,3,5,10:30,-1,E09000010,3,0,1,0,1,99,9,9,99,9,99,1,0,0,0,0,0,6,27
2024010518746,2024,010518746,529864,181075,-0.12992,51.51368,3,3,5,15:44,-1,E09000033,3,0,1,0,1,19,7,3,0,0,0,1,0,0,0,0,1,6,27
2024010518747,2024,010518747,533619,189503,-0.07264,51.58854,3,3,5,16:14,-1,E09000014,4,0,1,0,1,19,5,8,0,0,0,0,1,0,0,0,1,6,27
2024010518748,2024,010518748,532412,177644,-0.09451,51.48226,3,3,5,02:40,-1,E09000028,3,0,8,0,1,99,9,9,99,9,99,1,0,0,0,0,0,6,27
2024010518749,2024,010518749,528782,173807,-0.14815,51.44861,2,2,5,18:10,-1,E09000032,3,0,1,0,1,"[2, -1]","[0, 1]","[0, 5]","[0, 7]",0,0,0,1,1,0,0,0,6,27
2024010518750,2024,010518750,537096,173224,-0.0288,51.44143,3,3,5,19:40,-1,E09000023,3,0,1,0,1,5,5,1,0,0,0,1,0,1,0,0,0,6,27
2024010518751,2024,010518751,529998,159036,-0.13606,51.31559,3,3,6,16:30,-1,E09000008,6,0,1,0,1,19,1,5,0,0,0,1,0,0,0,0,1,6,21
2024010518753,2024,010518753,524400,169359,-0.21273,51.40962,2,2,5,17:30,-1,E09000024,3,0,1,0,1,"[7, 5]",7,"[1, 3]",0,"[1, 0]",0,1,1,0,0,0,0,6,27
2024010518754,2024,010518754,522988,175334,-0.23095,51.46362,2,2,5,19:15,-1,E09000032,3,0,1,0,1,"[7, 19]","[7, 3]","[1, 7]",0,0,0,1,1,0,0,0,0,6,27
2024010518755,2024,010518755,534504,177794,-0.06434,51.48311,3,3,5,20:59,-1,E09000028,3,0,1,0,1,"[2, 19]","[0, 4]","[0, 8]",0,0,0,1,1,0,0,0,0,6,27
2024010518758,2024,010518758,517554,174345,-0.30947,51.45589,3,3,5,20:25,-1,E09000027,3,0,1,0,1,"[19, 11]",9,9,99,9,99,0,1,1,0,0,0,6,27
2024010518759,2024,010518759,545564,163251,0.08886,51.3497,3,3,5,19:15,-1,E09000006,3,0,1,0,2,99,9,9,99,9,99,1,1,0,0,0,0,6,27
2024010518761,2024,010518761,536475,174697,-0.03717,51.45481,3,3,3,19:35,-1,E09000023,4,0,9,-1,1,99,9,9,99,9,99,1,0,1,0,0,0,6,25
2024010518762,2024,010518762,544936,184470,0.08854,51.54053,3,3,5,13:50,-1,E09000002,6,0,1,0,1,19,"[8, 6]","[4, 2]",0,0,0,1,0,1,0,0,0,6,27
2024010518766,2024,010518766,530884,165803,-0.12087,51.3762,2,2,5,18:22,-1,E09000008,6,0,1,0,1,"[19, 9]","[1, 5]","[5, 3]",0,0,0,1,0,1,0,0,0,6,27
2024010518771,2024,010518771,548267,177084,0.13343,51.4733,2,2,5,21:00,-1,E09000004,6,0,1,0,1,"[7, 2]","[7, 0]","[8, 0]","[10, 0]","[2, 0]","[11, 0]",1,0,0,0,0,1,6,27
2024010518773,2024,010518773,536607,180830,-0.0329,51.50989,3,3,5,20:45,-1,E09000030,3,2,1,0,1,99,9,9,99,9,99,1,0,0,0,0,0,6,27
2024010518778,2024,010518778,524907,177214,-0.20268,51.4801,3,3,5,22:35,-1,E09000013,3,2,1,0,1,19,3,7,0,0,0,1,0,0,0,0,1,6,27
2024010518787,2024,010518787,535824,170300,-0.04822,51.41546,3,3,5,11:38,-1,E09000006,3,0,1,0,1,"[99, 19]","[9, 1]","[9, 5]","[99, 4]",9,99,1,0,0,0,0,0,6,27
2024010518788,2024,010518788,537501,192988,-0.01527,51.61893,3,3,5,21:53,-1,E09000031,6,2,1,0,1,"[19, 2]","[7, 0, 3]","[3, 0, 7]",0,0,0,1,0,0,0,0,1,6,27
2024010518792,2024,010518792,538202,175302,-0.01209,51.45983,3,3,6,02:12,-1,E09000023,3,2,1,0,1,19,1,5,0,1,11,1,0,0,0,0,0,6,28
2024010518796,2024,010518796,529944,180972,-0.1288,51.51274,3,3,6,04:10,-1,E09000033,3,2,1,0,1,"[9, 19]",5,"[2, 1]",0,0,0,1,1,0,0,0,0,6,28
2024010518797,2024,010518797,527323,196410,-0.16096,51.65207,3,3,5,23:13,-1,E09000003,6,2,1,0,1,19,"[7, 5]","[3, 1]",0,0,0,1,0,0,0,0,0,6,27
2024010518798,2024,010518798,524343,171489,-0.21281,51.42877,3,3,6,02:40,-1,E09000024,6,2,1,0,1,19,1,5,11,0,0,1,0,0,0,0,0,6,28
2024010518800,2024,010518800,513223,182768,-0.36908,51.53248,3,3,6,06:00,-1,E09000009,4,0,1,0,1,"[9, 19]","[5, 7]",3,0,0,0,1,1,0,0,0,0,6,28
2024010518801,2024,010518801,531775,188664,-0.09955,51.58144,2,2,7,18:52,-1,E09000014,3,0,1,0,1,5,1,5,0,0,0,0,0,0,1,0,0,6,22
2024010518808,2024,010518808,535379,180636,-0.05066,51.50844,2,2,6,06:55,-1,E09000030,5,0,9,-1,1,99,9,9,99,9,99,0,0,1,0,0,1,6,28
2024010518812,2024,010518812,533090,188483,-0.08065,51.5795,3,3,6,06:50,-1,E09000014,3,0,1,0,1,4,6,2,0,0,0,0,0,0,1,0,0,6,28
2024010518813,2024,010518813,541571,188765,0.04177,51.57997,3,3,6,07:40,-1,E09000026,3,0,1,0,2,"[3, 11]",1,5,0,0,0,1,0,0,1,0,0,6,28
2024010518816,2024,010518816,542594,182053,0.05381,51.5194,3,3,6,06:25,-1,E09000025,3,0,1,0,1,3,3,7,0,0,0,1,0,1,0,0,0,6,28