collision_index,collision_year,collision_ref_no,location_easting_osgr,location_northing_osgr,longitude,latitude,casualty_severity,casualty_severity,day_of_week,time,local_authority_district,local_authority_ons_district,first_road_class,light_conditions,weather_conditions,road_surface_conditions,urban_or_rural_area,vehicle_manoeuvre,vehicle_direction_from,vehicle_direction_to,hit_object_in_carriageway,vehicle_leaving_carriageway,hit_object_off_carriageway,is_car,is_cyle,is_mcyle,is_goodsv,is_other,is_pedestrian,month,day
2024010519197,2024,010519197,538194,181741,-0.00969,51.51769,3,3,7,20:15,-1,E09000030,6,0,1,0,1,99,9,9,99,9,99,1,1,0,0,0,0,6,29
2024010519202,2024,010519202,529223,179795,-0.13962,51.50233,3,3,1,09:14,-1,E09000033,5,0,1,0,1,19,1,5,0,0,0,0,1,0,0,0,1,6,30
2024010519210,2024,010519210,530201,181104,-0.12505,51.51387,3,3,1,12:14,-1,E09000033,6,0,1,0,1,"[3, 19]",3,7,"[0, 4]",0,0,1,1,0,0,0,0,6,30
2024010519213,2024,010519213,532841,159996,-0.09493,51.32356,3,3,7,12:00,-1,E09000008,3,0,9,-1,1,99,9,9,99,9,99,1,0,0,1,0,0,6,29
2024010519215,2024,010519215,531219,177277,-0.11181,51.47924,3,3,1,06:15,-1,E09000022,3,0,1,0,1,19,"[1, 5]","[5, 1]",0,0,0,1,0,0,0,0,0,6,30
2024010519221,2024,010519221,523265,187511,-0.22271,51.573,3,3,1,13:09,-1,E09000003,6,0,8,0,1,"[19, 15]","[1, 5]","[5, 1]",0,0,0,1,0,0,0,0,0,6,30
2024010519222,2024,010519222,510683,174122,-0.40839,51.45527,3,3,1,12:45,-1,E09000018,3,0,1,0,1,19,"[1, 5]","[5, 1]",0,0,0,1,0,0,0,0,0,6,30
2024010519224,2024,010519224,531182,178232,-0.11199,51.48783,3,3,4,20:00,-1,E09000022,3,0,9,-1,1,99,9,9,99,9,99,1,1,0,0,0,0,6,26
2024010519225,2024,010519225,535152,184172,-0.05257,51.54027,3,3,7,22:03,-1,E09000012,3,2,1,0,1,99,9,9,99,9,99,1,0,1,0,0,0,6,29
2024010519227,2024,010519227,547143,180477,0.11867,51.50408,3,3,1,14:10,-1,E09000011,3,0,1,0,1,"[19, 3]",5,1,0,0,0,1,0,1,0,0,0,6,30
2024010519230,2024,010519230,531487,190594,-0.10299,51.59885,3,3,1,14:35,-1,E09000014,3,0,1,0,1,"[10, 13]",3,"[1, 7]",0,0,0,1,0,1,0,0,0,6,30
2024010519232,2024,010519232,532409,187686,-0.09078,51.5725,3,3,5,22:40,-1,E09000012,3,2,1,0,1,99,9,9,99,9,99,1,0,0,0,0,0,6,27
2024010519242,2024,010519242,512074,175014,-0.38809,51.46301,3,3,1,13:40,-1,E09000018,3,0,1,0,1,"[19, 7]","[7, 6]","[3, 8]",0,0,0,1,1,0,0,0,0,6,30
2024010519246,2024,010519246,538286,180631,-0.0088,51.5077,3,3,1,16:15,-1,E09000030,3,0,1,0,1,"[15, 19]",3,7,0,0,0,1,0,1,0,0,0,6,30
2024010519251,2024,010519251,507268,176002,-0.45695,51.47282,3,3,1,15:13,-1,EHEATHROW,6,0,1,0,1,19,5,1,0,0,0,1,0,0,0,0,1,6,30
2024010519253,2024,010519253,531437,161558,-0.11449,51.33793,3,3,7,10:50,-1,E09000008,6,0,8,0,1,99,9,9,99,9,99,1,0,0,0,0,1,6,29
2024010519257,2024,010519257,525214,189432,-0.19392,51.58984,3,3,1,17:10,-1,E09000003,3,0,1,0,1,19,7,3,0,0,0,1,0,0,0,0,0,6,30
2024010519263,2024,010519263,533557,176768,-0.07836,51.47412,2,2,6,08:30,-1,E09000028,3,0,1,0,1,99,9,9,99,9,99,1,1,0,0,0,0,6,28
2024010519264,2024,010519264,514560,180192,-0.35065,51.50905,3,3,1,14:23,-1,E09000009,3,0,1,0,1,19,7,3,0,0,0,1,0,0,0,0,1,6,30
2024010519265,2024,010519265,539411,175823,0.00551,51.46422,3,3,1,19:20,-1,E09000023,4,0,1,0,1,"[19, 7]","[3, 1, 7]","[7, 5, 1]",0,0,0,1,0,0,0,0,0,6,30
2024010519266,2024,010519266,528830,184001,-0.14374,51.54021,3,3,1,16:47,-1,E09000007,3,0,1,0,1,19,5,1,0,1,0,0,0,1,0,0,1,6,30
2024010519269,2024,010519269,532498,188684,-0.08912,51.58145,3,3,1,18:41,-1,E09000014,4,0,1,0,1,"[2, 19]","[0, 5]","[0, 1]","[0, 4]",0,0,1,0,0,0,0,0,6,30
2024010519271,2024,010519271,544483,190387,0.08444,51.59381,3,3,1,19:45,-1,E09000026,3,0,1,0,1,"[7, 9]","[5, 1]","[7, 8]",0,0,0,1,1,0,0,0,0,6,30
2024010519272,2024,010519272,533174,186524,-0.08019,51.56188,3,3,1,16:08,-1,E09000012,4,0,1,0,1,"[7, 19]","[3, 7]","[5, 3]","[0, 8]",0,0,1,0,0,0,0,0,6,30
2024010519277,2024,010519277,528670,175318,-0.14921,51.46222,3,3,1,16:50,-1,E09000022,3,0,1,0,1,19,"[5, 7]","[1, 3]",0,0,0,1,0,0,1,0,0,6,30
2024010519282,2024,010519282,515589,189189,-0.33287,51.58971,3,3,6,20:15,-1,E09000015,3,0,1,0,1,99,9,9,99,9,99,1,0,0,0,0,0,6,28
2024010519286,2024,010519286,531686,166735,-0.10901,51.38439,3,3,7,14:29,-1,E09000008,3,0,1,0,1,99,9,9,99,9,99,1,1,0,0,0,0,6,29
2024010519288,2024,010519288,550731,173764,0.16747,51.44282,3,3,1,15:20,-1,E09000004,3,0,8,0,2,99,9,9,99,9,99,1,0,0,0,0,0,6,30
2024010519289,2024,010519289,547940,175469,0.12805,51.45887,3,3,1,16:10,-1,E09000004,3,0,1,0,1,"[14, 5]","[3, 5]","[7, 1]",0,"[1, 0]",0,1,0,1,0,0,0,6,30
2024010519290,2024,010519290,535973,173285,-0.04493,51.44224,3,3,1,13:42,-1,E09000023,3,0,1,0,1,99,9,9,99,9,99,1,1,0,0,0,0,6,30
2024010519292,2024,010519292,533762,189546,-0.07056,51.5889,3,3,7,23:15,-1,E09000014,3,2,8,0,1,99,9,9,99,9,99,1,1,0,0,0,0,6,29
2024010519293,2024,010519293,539786,187730,0.01562,51.57112,3,3,1,18:45,-1,E09000031,3,0,1,0,1,7,3,5,10,1,11,1,0,0,0,0,0,6,30
2024010519295,2024,010519295,525506,174816,-0.19491,51.45842,3,3,1,16:09,-1,E09000032,3,0,1,0,1,3,1,5,0,0,0,1,0,0,0,0,0,6,30
2024010519300,2024,010519300,542944,188268,0.06137,51.57516,3,3,1,06:01,-1,E09000026,4,0,1,0,1,99,9,9,99,9,99,1,0,0,0,0,0,6,30
2024010519306,2024,010519306,529788,175500,-0.13306,51.4636,3,3,1,23:44,-1,E09000022,3,2,1,0,1,19,5,1,0,0,0,0,0,0,1,0,1,6,30
2024010519309,2024,010519309,536803,181657,-0.02975,51.51728,3,3,1,23:45,-1,E09000030,3,2,1,0,1,19,"[5, 7]","[1, 3]",0,0,0,1,0,0,0,0,0,6,30
2024010519312,2024,010519312,552056,181365,0.18979,51.51076,3,3,2,02:25,-1,E09000016,3,2,9,0,2,19,"[8, 4]","[4, 8]",0,0,0,1,0,0,0,0,0,7,1
2024010519313,2024,010519313,530457,174782,-0.1237,51.45699,3,3,1,23:30,-1,E09000022,6,2,1,0,1,"[19, 3]",3,7,"[0, 8]",0,0,1,1,0,0,0,0,6,30
2024010519315,2024,010519315,526843,173640,-0.1761,51.44755,3,3,1,23:45,-1,E09000032,6,2,1,0,1,"[19, 2]","[3, 0]","[7, 0]","[4, 0]",0,0,1,0,0,0,0,0,6,30
2024010519317,2024,010519317,534862,183306,-0.05708,51.53256,3,3,2,01:15,-1,E09000030,3,2,1,0,1,"[9, 19]","[7, 3]","[5, 7]",0,0,0,1,0,0,0,0,0,7,1
2024010519318,2024,010519318,552490,184308,0.19731,51.53708,3,3,2,08:15,-1,E09000016,6,0,1,0,1,19,3,7,0,0,0,1,0,0,0,0,1,7,1
2024010519319,2024,010519319,533653,186766,-0.07319,51.56394,3,3,2,07:24,-1,E09000012,3,0,1,0,1,"[9, 19]","[2, 1]","[1, 5]",0,0,0,1,1,0,0,0,0,7,1
2024010519320,2024,010519320,527948,168106,-0.1622,51.39757,2,2,2,08:35,-1,E09000024,3,0,1,0,1,4,3,7,0,0,0,1,0,0,0,0,0,7,1
2024010519330,2024,010519330,527835,181716,-0.15891,51.51991,3,3,4,13:00,-1,E09000033,3,0,1,0,1,"[3, 19]",9,9,99,9,99,1,0,1,0,0,0,6,26
2024010519332,2024,010519332,540063,186454,0.01911,51.55958,3,3,7,20:24,-1,E09000026,5,2,1,-1,2,"[4, 19]",5,1,0,0,0,1,0,0,0,0,0,6,8
2024010519336,2024,010519336,531384,183749,-0.10703,51.53736,2,2,2,07:40,-1,E09000019,4,0,1,0,1,"[9, 19]","[5, 1]","[2, 5]",0,0,0,1,1,0,0,0,0,7,1
2024010519337,2024,010519337,529698,185183,-0.1308,51.55064,3,3,2,09:21,-1,E09000007,3,0,1,0,1,9,7,6,0,0,0,1,0,0,0,0,1,7,1
2024010519338,2024,010519338,524221,179514,-0.21174,51.50092,3,3,3,15:27,-1,E09000020,3,0,1,0,1,"[6, 13]",9,9,99,9,99,1,0,1,0,0,0,6,25
2024010519339,2024,010519339,528234,167166,-0.15843,51.38906,3,3,5,14:05,-1,E09000024,3,0,9,-1,1,19,"[1, 5]","[5, 1]",99,9,99,1,0,0,1,0,0,6,13
2024010519341,2024,010519341,505522,183915,-0.47971,51.54428,3,3,7,08:09,-1,E09000017,3,0,1,0,1,99,9,9,99,9,99,1,0,0,0,0,0,6,29
2024010519346,2024,010519346,528746,178866,-0.14682,51.49409,3,3,1,15:35,-1,E09000033,3,0,1,0,1,99,9,9,99,9,99,1,0,1,0,0,0,6,30
2024010519347,2024,010519347,524309,179173,-0.2106,51.49784,3,3,7,17:05,-1,E09000013,6,0,1,0,1,1,6,4,99,1,99,1,0,0,0,0,1,6,22
2024010519351,2024,010519351,533426,182797,-0.07796,51.52833,3,3,2,10:52,-1,E09000012,3,0,1,0,1,"[9, 19]",1,"[7, 5]",0,0,0,1,0,0,0,0,0,7,1
2024010519356,2024,010519356,550941,173615,0.17042,51.44142,3,3,1,14:00,-1,E09000004,3,0,1,0,2,99,9,9,99,9,99,1,0,0,0,0,0,6,30
2024010519360,2024,010519360,519390,184721,-0.27955,51.54876,3,3,2,08:15,-1,E09000005,3,0,1,0,1,"[13, 19]",9,9,99,9,99,1,1,0,0,0,0,7,1
2024010519363,2024,010519363,532688,182456,-0.08872,51.52544,3,3,2,15:15,-1,E09000019,3,0,1,0,1,19,3,7,0,0,0,1,1,0,0,0,0,6,24
2024010519367,2024,010519367,524641,181092,-0.20514,51.51501,3,3,1,14:20,-1,E09000020,4,0,1,0,1,"[19, 1]",9,9,99,9,99,1,0,1,0,0,0,6,30
2024010519368,2024,010519368,555019,190901,0.23665,51.59563,3,3,2,13:00,-1,E09000016,5,0,1,0,1,"[19, 2]","[1, 0]","[5, 0]",0,0,0,1,0,0,0,0,0,7,1
2024010519369,2024,010519369,536501,187289,-0.03192,51.56796,3,3,7,11:20,-1,E09000031,3,0,1,0,1,99,9,9,99,9,99,1,1,0,0,0,0,6,29
2024010519373,2024,010519373,531408,174609,-0.11008,51.45522,3,3,6,11:45,-1,E09000022,3,0,1,0,1,99,9,9,99,9,99,0,1,1,0,0,0,6,28
2024010519375,2024,010519375,520302,180532,-0.26783,51.51092,3,3,5,09:30,-1,E09000009,6,0,1,0,1,1,3,7,0,0,0,1,0,0,0,0,1,6,27
2024010519377,2024,010519377,519907,184319,-0.27223,51.54504,3,3,1,00:39,-1,E09000005,3,2,8,0,1,99,9,9,99,9,99,1,0,0,0,0,0,6,30
2024010519379,2024,010519379,520310,187749,-0.26525,51.57578,3,3,1,16:40,-1,E09000005,6,0,1,0,1,99,9,9,99,9,99,1,1,0,0,0,1,6,30
2024010519380,2024,010519380,542841,183629,0.05801,51.5335,2,2,2,10:02,-1,E09000025,3,0,1,0,1,5,7,3,0,0,0,0,0,0,1,0,1,7,1
2024010519381,2024,010519381,541792,168657,0.03689,51.39923,3,3,2,14:46,-1,E09000006,6,0,1,0,1,99,9,9,99,9,99,1,0,1,0,0,0,7,1
2024010519386,2024,010519386,512788,180305,-0.37613,51.51043,3,3,5,16:05,-1,E09000009,3,0,8,0,1,99,9,9,99,9,99,0,0,0,1,0,1,6,13
2024010519387,2024,010519387,532117,178754,-0.09834,51.4923,3,3,2,13:35,-1,E09000028,3,0,9,0,1,99,9,9,99,9,99,1,0,0,0,0,1,6,17
2024010519388,2024,010519388,536015,195274,-0.03584,51.63983,3,3,2,14:54,-1,E09000010,6,0,1,0,1,19,1,5,0,0,0,1,0,0,0,0,0,7,1
2024010519389,2024,010519389,527796,191377,-0.15596,51.60674,3,3,2,10:15,-1,E09000003,6,0,1,1,1,1,1,5,0,0,0,1,0,0,0,0,1,7,1
2024010519391,2024,010519391,523974,185517,-0.21319,51.55493,3,3,7,22:30,-1,E09000007,3,0,1,0,1,"[5, 19]",9,9,99,9,99,1,0,1,0,0,0,6,29
2024010519393,2024,010519393,534727,196251,-0.05406,51.64892,3,3,2,14:00,-1,E09000010,3,0,1,0,1,99,9,9,99,9,99,0,1,0,0,1,0,7,1
2024010519396,2024,010519396,520357,178581,-0.2677,51.49337,3,3,2,09:04,-1,E09000018,4,0,1,0,1,"[6, 14]",7,"[7, 3]",0,0,0,1,0,1,0,0,0,7,1
2024010519405,2024,010519405,527132,178326,-0.17026,51.4896,3,3,7,02:00,-1,E09000020,4,2,1,0,1,99,9,9,99,9,99,1,0,1,0,0,0,6,29
2024010519407,2024,010519407,543774,184092,0.07164,51.53743,3,3,1,16:30,-1,E09000002,3,0,9,-1,1,99,9,9,99,9,99,1,1,0,0,0,0,6,30
2024010519409,2024,010519409,539055,176685,0.00072,51.47205,3,3,2,07:20,-1,E09000011,3,0,1,0,1,"[13, 3]",3,7,"[10, 0]",0,0,1,0,0,0,0,0,7,1
2024010519410,2024,010519410,533559,190995,-0.07294,51.60197,2,2,6,18:00,-1,E09000014,6,0,9,0,1,4,1,5,0,0,0,1,1,0,0,0,0,6,28
2024010519412,2024,010519412,547328,171006,0.11739,51.41893,3,3,2,17:40,-1,E09000004,3,0,1,0,1,4,4,8,0,0,0,0,0,0,1,0,1,7,1
2024010519414,2024,010519414,540336,183932,0.02204,51.53685,3,3,7,10:15,-1,E09000025,3,0,1,0,1,99,9,9,99,9,99,1,1,0,0,0,0,6,29
2024010519418,2024,010519418,529902,195624,-0.12399,51.64442,3,3,2,16:40,-1,E09000010,5,0,1,0,1,"[9, 19]","[1, 3]",7,0,0,0,1,0,0,0,0,0,7,1
2024010519427,2024,010519427,535440,186526,-0.04751,51.56136,3,3,2,18:25,-1,E09000012,3,0,1,0,2,"[19, 9]","[7, 6]",3,0,0,0,1,0,1,0,0,0,7,1
2024010519429,2024,010519429,542398,191430,0.05478,51.60371,3,3,2,15:13,-1,E09000026,5,0,8,0,1,99,9,9,99,9,99,1,0,0,0,0,1,7,1
2024010519430,2024,010519430,514498,184883,-0.35001,51.55123,3,3,4,20:30,-1,E09000009,6,0,9,-1,1,99,9,9,99,9,99,1,0,1,0,0,0,6,26
2024010519432,2024,010519432,529039,180898,-0.14186,51.51228,2,"[3, 2]",2,17:25,-1,E09000033,4,0,1,0,1,19,7,3,0,0,0,0,1,0,0,0,1,7,1
2024010519436,2024,010519436,541824,182653,0.04296,51.52499,3,3,2,17:24,-1,E09000025,6,0,1,0,1,"[19, 5]","[1, 7]","[5, 3]",0,0,0,1,0,0,0,0,0,7,1
2024010519439,2024,010519439,516595,184949,-0.31976,51.55139,3,3,2,06:52,-1,E09000009,5,0,1,0,1,99,9,9,99,9,99,1,0,0,0,0,0,7,1
2024010519441,2024,010519441,550928,189185,0.17689,51.58132,3,3,2,16:05,-1,E09000016,3,0,1,0,1,-1,5,1,0,1,0,0,0,1,0,0,1,7,1
2024010519444,2024,010519444,548734,184495,0.14327,51.53976,2,2,2,16:49,-1,E09000002,5,0,1,0,1,19,3,7,0,0,0,1,0,0,0,0,1,7,1
2024010519450,2024,010519450,538109,181024,-0.01119,51.51127,3,3,7,07:15,-1,E09000030,3,0,1,0,1,99,9,9,99,9,99,1,0,1,0,0,0,5,25
2024010519451,2024,010519451,525844,179645,-0.18833,51.50174,3,3,2,20:41,-1,E09000020,6,0,1,0,1,"[4, 19]","[7, 3]","[3, 7]",0,0,0,1,1,0,0,0,0,7,1
2024010519452,2024,010519452,540071,184888,0.0186,51.54551,3,3,2,18:59,-1,E09000025,3,0,1,0,1,19,7,3,0,0,0,1,0,0,0,0,1,7,1
2024010519455,2024,010519455,523559,167658,-0.22541,51.39451,3,3,4,16:50,-1,E09000024,4,0,1,0,1,99,9,9,99,"[0, 9]","[0, 99]",1,0,0,0,0,0,6,19
2024010519458,2024,010519458,539043,179604,0.0017,51.49828,3,3,2,21:28,-1,E09000011,3,2,1,0,1,19,5,1,0,0,0,1,0,0,0,0,0,7,1
2024010519460,2024,010519460,537147,180165,-0.02538,51.50379,3,3,3,07:50,-1,E09000030,3,0,1,0,2,99,9,9,99,9,99,1,1,0,0,0,0,6,25
2024010519462,2024,010519462,525609,179309,-0.19183,51.49877,3,3,6,23:58,-1,E09000020,5,2,8,0,1,99,9,9,99,9,99,1,1,0,0,0,0,6,28
2024010519463,2024,010519463,544961,183805,0.08862,51.53454,3,3,2,15:45,-1,E09000002,6,0,1,0,1,19,7,3,0,0,0,1,0,0,0,0,1,7,1
2024010519464,2024,010519464,528495,188926,-0.14677,51.58455,3,3,2,20:30,-1,E09000014,4,2,1,0,1,19,5,1,0,0,0,0,0,0,1,0,0,7,1
2024010519467,2024,010519467,531531,167115,-0.11109,51.38784,3,3,2,19:30,-1,E09000008,6,0,1,0,1,9,5,3,0,0,0,1,0,0,0,0,1,7,1
2024010519480,2024,010519480,537641,182026,-0.01754,51.52039,2,"[3, 2]",3,00:39,-1,E09000030,5,2,1,0,1,"[2, 4, 14]","[0, 1]","[0, 5]","[4, 0, 10]",0,0,1,0,0,0,0,0,7,2
2024010519481,2024,010519481,545592,165744,0.09029,51.37209,3,3,2,22:58,-1,E09000006,3,2,1,0,1,19,3,7,0,0,0,1,0,0,0,0,1,7,1
2024010519483,2024,010519483,554753,188270,0.23165,51.57206,3,3,2,20:15,-1,E09000016,6,0,8,0,1,4,1,5,0,3,10,1,0,0,0,0,0,7,1
2024010519485,2024,010519485,529711,185202,-0.1306,51.55081,3,3,3,02:27,-1,E09000019,3,2,1,0,1,19,1,5,0,"[0, 1]","[0, 4]",1,0,0,0,0,0,7,2
2024010519502,2024,010519502,522438,183198,-0.23614,51.53442,3,3,3,07:48,-1,E09000005,5,0,1,0,1,99,9,9,99,9,99,1,0,1,0,0,0,7,2
2024010519505,2024,010519505,531082,190197,-0.10898,51.59538,3,3,3,09:10,-1,E09000014,3,0,1,0,1,99,9,9,99,9,99,1,0,0,0,0,0,7,2
2024010519510,2024,010519510,510955,188036,-0.4001,51.58027,3,3,3,09:01,-1,E09000017,5,0,1,0,1,4,5,1,0,0,0,0,0,0,1,0,0,7,2
2024010519516,2024,010519516,510658,173233,-0.40902,51.44728,3,3,3,08:45,-1,E09000018,3,0,1,0,1,99,9,9,99,9,99,1,1,0,0,0,0,7,2
2024010519517,2024,010519517,529246,173512,-0.14158,51.44586,3,3,5,14:30,-1,E09000022,5,0,1,0,1,99,9,9,99,9,99,1,1,0,0,0,0,6,27
2024010519520,2024,010519520,536146,165880,-0.04528,51.37566,2,2,3,15:15,-1,E09000008,3,0,9,-1,1,99,9,9,"[0, 99]",0,0,1,1,0,0,0,0,6,18
2024010519521,2024,010519521,509504,174035,-0.42538,51.45472,2,2,3,09:19,-1,E09000018,3,0,1,0,1,"[9, 19]","[1, 7]","[7, 3]",0,0,0,1,0,1,0,0,0,7,2
2024010519523,2024,010519523,514182,187537,-0.35371,51.57515,3,3,5,08:30,-1,E09000015,6,0,1,0,1,99,9,9,99,9,99,1,1,0,0,0,0,6,27
2024010519524,2024,010519524,521894,166370,-0.24977,51.3833,3,3,3,08:00,-1,E09000021,3,0,1,0,1,"[9, 15]","[8, 4]","[6, 8]",0,0,0,1,1,0,0,0,0,7,2
2024010519528,2024,010519528,533620,188266,-0.07309,51.57743,3,3,3,10:46,-1,E09000014,3,0,1,0,1,3,1,5,0,0,0,0,0,0,1,0,0,7,2
2024010519529,2024,010519529,534275,193178,-0.06177,51.62141,3,3,3,10:25,-1,E09000010,3,0,1,0,1,99,9,9,0,9,0,0,0,1,0,0,1,7,2
2024010519532,2024,010519532,532239,186350,-0.09373,51.56054,3,3,7,20:10,-1,E09000019,5,0,1,0,1,99,9,9,99,9,99,1,0,1,0,0,0,6,29
2024010519536,2024,010519536,527798,168979,-0.16404,51.40545,3,3,3,09:45,-1,E09000024,3,0,9,0,1,19,"[5, 3]","[1, 7]",0,0,0,1,0,0,0,0,0,7,2
2024010519539,2024,010519539,537662,177674,-0.01894,51.48128,2,2,3,08:00,-1,E09000011,3,0,1,0,1,"[7, 19]","[7, 3]","[1, 7]",0,"[1, 0]",0,1,1,0,0,0,0,7,2
2024010519542,2024,010519542,543375,164875,0.05811,51.36485,3,3,3,05:30,-1,E09000006,6,2,1,0,1,4,1,5,0,0,0,0,0,0,1,0,0,7,2
2024010519547,2024,010519547,533821,177667,-0.07422,51.48213,3,3,3,08:24,-1,E09000028,6,0,1,0,1,99,9,9,99,9,99,1,1,0,0,0,0,7,2
2024010519552,2024,010519552,518843,180456,-0.28887,51.51054,3,3,3,12:45,-1,E09000009,3,0,1,0,1,7,3,"[5, 4]",0,"[1, 0]",0,1,1,0,0,0,0,7,2
2024010519553,2024,010519553,524979,189397,-0.19732,51.58957,3,3,2,12:15,-1,E09000003,3,0,1,0,1,99,9,9,99,9,99,1,0,1,0,0,0,7,1
2024010519557,2024,010519557,530067,171234,-0.13061,51.4252,3,3,2,19:40,-1,E09000022,6,0,1,0,1,"[7, 19]",1,"[4, 5]",0,0,0,1,1,0,0,0,0,7,1
2024010519565,2024,010519565,525859,175748,-0.1895,51.46671,3,3,3,13:08,-1,E09000013,3,0,1,0,1,19,5,1,0,0,0,1,0,0,0,0,0,7,2
2024010519568,2024,010519568,531729,182915,-0.10237,51.52979,3,3,3,13:31,-1,E09000019,3,0,1,0,1,7,3,5,0,0,0,1,1,0,0,0,0,7,2
2024010519571,2024,010519571,529687,194583,-0.12748,51.63511,2,2,2,12:50,-1,E09000010,5,0,9,-1,1,15,5,1,99,9,99,1,0,0,0,0,1,7,1
2024010519575,2024,010519575,544126,178588,0.07446,51.48788,3,3,3,13:10,-1,E09000011,6,0,2,1,1,"[4, 19]",5,1,0,0,0,1,0,0,0,0,0,7,2
2024010519578,2024,010519578,542830,183575,0.05783,51.53302,3,3,2,18:50,-1,E09000025,3,0,1,0,1,99,9,9,99,9,99,1,0,0,0,0,1,7,1
2024010519580,2024,010519580,530475,170222,-0.12512,51.41601,3,3,2,18:55,-1,E09000022,6,0,1,0,1,99,9,9,99,9,99,1,0,1,0,0,0,7,1
2024010519581,2024,010519581,547700,187913,0.12981,51.57075,3,3,3,11:55,-1,E09000026,3,0,1,0,1,5,7,3,0,0,0,0,0,0,1,0,0,7,2
2024010519590,2024,010519590,523454,184882,-0.22091,51.54933,3,3,3,16:25,-1,E09000005,6,0,1,0,1,3,7,3,0,0,0,0,0,1,0,0,1,7,2
2024010519593,2024,010519593,525586,195678,-0.18632,51.64588,2,2,3,16:00,-1,E09000003,3,0,1,0,1,9,7,5,0,0,0,1,0,1,0,0,0,7,2
2024010519594,2024,010519594,524106,180307,-0.21312,51.50807,3,3,3,15:13,-1,E09000020,6,0,1,0,1,"[9, 19]","[3, 5]","[8, 1]",0,0,0,1,0,1,0,0,0,7,2
2024010519598,2024,010519598,546960,176911,0.11455,51.47208,3,3,3,17:26,-1,E09000004,5,0,1,0,1,"[9, 19]","[7, 1, 3]","[5, 7]",0,0,0,1,1,0,0,0,0,7,2
2024010519600,2024,010519600,528574,173394,-0.15129,51.44495,3,3,3,14:20,-1,E09000032,3,0,1,0,1,99,9,9,99,9,99,0,1,1,0,0,0,7,2
2024010519601,2024,010519601,550278,179002,0.16318,51.49,3,3,3,16:08,-1,E09000004,3,0,1,0,1,99,9,9,99,9,99,1,0,1,0,0,0,7,2
2024010519608,2024,010519608,509241,187369,-0.42503,51.57461,3,3,2,17:50,-1,E09000017,3,0,1,0,1,99,9,9,99,9,99,1,0,1,0,0,0,7,1
2024010519617,2024,010519617,533512,184580,-0.07605,51.54433,2,2,3,16:27,-1,E09000012,3,0,1,0,1,5,1,5,0,0,0,0,0,0,1,0,1,7,2
2024010519620,2024,010519620,533623,189487,-0.07259,51.5884,3,3,2,18:03,-1,E09000014,4,0,1,0,1,19,1,5,0,0,0,0,1,0,1,0,0,7,1
2024010519621,2024,010519621,529936,180476,-0.1291,51.50828,2,2,3,15:13,-1,E09000033,3,0,1,0,1,9,8,5,0,1,0,1,0,0,0,0,1,7,2
2024010519625,2024,010519625,530202,185485,-0.12342,51.55324,3,3,3,18:50,-1,E09000019,3,0,1,0,1,99,9,9,99,9,99,1,0,1,0,0,0,7,2
2024010519626,2024,010519626,526323,195435,-0.17576,51.64354,3,3,3,03:45,-1,E09000003,4,0,1,0,1,"[19, 99]","[3, 9]","[7, 9]","[0, 99]","[0, 9]","[0, 99]",1,0,0,0,0,0,7,2
2024010519627,2024,010519627,530184,180351,-0.12557,51.5071,3,3,3,16:22,-1,E09000033,3,0,1,0,1,"[13, 4]","[4, 8]","[8, 4]",0,0,0,0,1,1,0,0,0,7,2
2024010519628,2024,010519628,549614,173849,0.15144,51.44388,3,3,3,16:20,-1,E09000004,3,0,1,0,1,19,5,1,0,0,0,1,0,0,0,0,1,7,2
2024010519631,2024,010519631,533688,187878,-0.07226,51.57393,3,3,3,17:00,-1,E09000012,3,0,1,0,1,99,9,9,99,9,99,1,1,0,0,0,0,7,2
2024010519632,2024,010519632,510225,179705,-0.41324,51.50554,3,3,3,17:40,-1,E09000017,5,0,1,0,1,4,3,7,0,0,0,1,0,0,0,0,0,7,2
2024010519641,2024,010519641,510942,173928,-0.40472,51.45347,3,3,3,20:20,-1,E09000018,3,0,1,0,1,7,8,3,0,0,0,1,0,0,0,0,1,7,2
2024010519642,2024,010519642,529472,181258,-0.1355,51.51542,3,3,5,17:45,-1,E09000033,5,0,1,0,1,99,9,9,99,9,99,1,0,1,0,0,0,6,27
2024010519644,2024,010519644,526137,182008,-0.18326,51.52291,3,3,3,17:30,-1,E09000033,5,0,1,0,1,99,9,9,99,9,99,1,0,1,0,0,0,7,2
2024010519645,2024,010519645,535437,198213,-0.04305,51.66638,3,3,3,14:46,-1,E09000010,3,0,1,0,1,"[19, 5]","[5, 7]","[1, 3]",0,0,0,1,0,1,0,0,0,7,2
2024010519649,2024,010519649,524659,183151,-0.20415,51.53351,3,3,3,16:15,-1,E09000005,4,0,1,0,1,19,5,1,0,0,0,0,0,1,0,0,1,7,2
2024010519651,2024,010519651,551626,190599,0.18757,51.59384,3,3,5,13:28,-1,E09000016,3,0,1,0,1,"[11, 19]",7,3,"[0, 10]","[0, 1]",0,1,0,1,0,0,0,6,27
2024010519653,2024,010519653,527690,171868,-0.16455,51.43144,3,3,3,19:40,-1,E09000032,3,0,1,0,1,99,9,9,99,9,99,0,1,1,0,0,0,7,2
2024010519656,2024,010519656,533037,178261,-0.08528,51.48766,3,3,3,19:50,-1,E09000028,6,0,1,0,1,19,"[4, 8]","[8, 4]",0,0,0,0,1,0,1,0,0,7,2