collision_index,collision_year,collision_ref_no,location_easting_osgr,location_northing_osgr,longitude,latitude,casualty_severity,casualty_severity,day_of_week,time,local_authority_district,local_authority_ons_district,first_road_class,light_conditions,weather_conditions,road_surface_conditions,urban_or_rural_area,vehicle_manoeuvre,vehicle_direction_from,vehicle_direction_to,hit_object_in_carriageway,vehicle_leaving_carriageway,hit_object_off_carriageway,is_car,is_cyle,is_mcyle,is_goodsv,is_other,is_pedestrian,month,day
2024010519657,2024,010519657,534362,177904,-0.06634,51.48414,3,3,3,17:23,-1,E09000028,3,0,1,0,1,99,9,9,99,9,99,0,1,0,0,1,0,7,2
2024010519658,2024,010519658,519076,175033,-0.28734,51.46176,3,3,3,22:30,-1,E09000027,3,2,1,0,1,4,7,3,0,0,0,0,0,1,0,0,0,7,2
2024010519662,2024,010519662,540940,174629,0.02703,51.45311,3,3,3,22:34,-1,E09000011,3,2,1,0,1,5,1,5,0,0,0,1,1,0,0,0,0,7,2
2024010519663,2024,010519663,510088,187258,-0.41285,51.57345,3,3,3,22:44,-1,E09000017,5,2,1,0,1,19,5,1,0,0,0,1,0,0,0,0,1,7,2
2024010519664,2024,010519664,537611,194893,-0.01294,51.63602,3,3,3,23:31,-1,E09000031,3,2,1,0,1,5,0,1,0,0,0,0,0,1,0,0,0,7,2
2024010519672,2024,010519672,514845,192640,-0.34248,51.62087,3,3,3,22:05,-1,E09000015,3,2,1,0,1,19,"[1, 5]","[5, 1]","[0, 11]",0,0,1,0,0,0,0,0,7,2
2024010519674,2024,010519674,536619,188207,-0.02986,51.57618,3,3,3,21:33,-1,E09000031,3,2,8,0,1,"[15, 4]",1,5,0,0,0,1,0,1,0,0,0,7,2
2024010519675,2024,010519675,546491,183831,0.11068,51.53438,3,3,2,20:00,-1,E09000002,3,0,1,0,1,99,9,9,0,0,0,1,1,0,0,0,0,7,1
2024010519678,2024,010519678,533068,169385,-0.08817,51.40789,3,3,3,13:00,-1,E09000008,6,0,9,-1,1,99,9,9,99,9,99,1,0,0,0,0,0,7,2
2024010519682,2024,010519682,525350,171129,-0.19846,51.42532,3,3,4,08:40,-1,E09000024,5,0,1,0,1,99,9,9,0,0,0,1,0,0,0,0,1,7,3
2024010519684,2024,010519684,535664,181171,-0.04635,51.51318,3,3,3,16:55,-1,E09000030,3,0,1,0,1,99,9,9,99,9,99,1,0,0,0,0,1,7,2
2024010519691,2024,010519691,528989,189572,-0.13941,51.59024,3,3,4,07:57,-1,E09000014,3,0,1,1,1,19,1,5,0,0,0,1,0,0,0,0,1,7,3
2024010519692,2024,010519692,538587,173674,-0.00719,51.44511,3,3,4,08:16,-1,E09000023,3,0,2,1,1,99,9,9,0,0,0,1,0,0,0,0,1,7,3
2024010519693,2024,010519693,529209,180152,-0.13969,51.50554,3,3,2,11:50,-1,E09000033,6,0,1,0,1,1,4,8,0,0,0,1,0,0,0,0,1,7,1
2024010519695,2024,010519695,515541,177294,-0.33746,51.48281,3,3,3,12:11,-1,E09000018,3,0,1,0,1,"[4, 19]",3,7,0,0,0,1,0,0,0,0,0,7,2
2024010519696,2024,010519696,520925,175452,-0.2606,51.46513,3,3,3,16:05,-1,E09000027,3,0,1,0,1,99,9,9,99,9,99,1,0,1,0,0,0,7,2
2024010519699,2024,010519699,533127,183700,-0.08193,51.53651,3,3,4,08:39,-1,E09000012,5,0,8,1,1,"[10, 19]","[5, 1]","[3, 5]","[0, 4]",0,0,1,1,0,0,0,0,7,3
2024010519706,2024,010519706,545749,189559,0.10236,51.58604,3,3,6,16:30,-1,E09000026,6,0,1,0,2,99,9,9,99,9,99,1,0,0,0,0,0,6,7
2024010519710,2024,010519710,531145,189528,-0.10832,51.58935,3,3,5,13:00,-1,E09000014,3,0,8,0,1,99,9,9,99,9,99,1,0,0,0,0,1,6,13
2024010519714,2024,010519714,533483,183991,-0.07669,51.53904,3,3,4,10:12,-1,E09000012,3,0,1,0,1,99,9,9,99,9,99,1,1,0,0,0,0,7,3
2024010519717,2024,010519717,541238,190368,0.03762,51.59446,3,3,3,12:42,-1,E09000026,3,0,2,1,1,"[99, 13]",9,9,99,9,99,1,0,0,0,0,0,7,2
2024010519719,2024,010519719,518048,168357,-0.30435,51.40197,3,3,4,11:27,-1,E09000021,3,0,2,1,1,"[5, 19]","[3, 1]","[7, 5]",0,0,0,1,1,0,0,0,0,7,3
2024010519720,2024,010519720,539016,171063,-0.00204,51.42154,3,3,4,07:10,-1,E09000023,6,0,1,1,1,9,5,2,0,0,0,1,0,0,0,0,1,7,3
2024010519721,2024,010519721,544284,184121,0.079,51.53756,2,2,4,10:56,-1,E09000002,6,0,1,0,1,19,3,7,0,0,0,0,0,1,0,0,1,7,3
2024010519724,2024,010519724,526178,183484,-0.18214,51.53617,2,2,4,08:30,-1,E09000033,4,0,2,1,1,"[19, 9]",1,"[5, 7]",0,0,0,1,0,1,0,0,0,7,3
2024010519726,2024,010519726,531457,175550,-0.10903,51.46366,3,3,4,09:20,-1,E09000022,5,0,1,0,1,99,9,9,99,9,99,1,1,0,0,0,0,7,3
2024010519728,2024,010519728,550162,190257,0.16631,51.59116,1,1,4,12:24,-1,E09000016,4,0,1,1,1,"[2, 19]","[0, 1]","[0, 5]","[0, 4]",0,0,1,0,0,0,0,0,7,3
2024010519732,2024,010519732,548750,187604,0.14482,51.56769,3,3,4,13:00,-1,E09000002,3,0,2,1,1,19,1,5,0,0,0,1,0,1,0,0,0,7,3
2024010519733,2024,010519733,535463,181217,-0.04922,51.51365,3,3,4,01:00,-1,E09000030,3,2,1,0,1,99,9,9,99,9,99,0,0,1,0,0,1,6,26
2024010519734,2024,010519734,523178,188166,-0.22374,51.57891,3,3,2,22:00,-1,E09000003,3,2,1,0,1,99,9,9,99,9,99,1,0,0,0,0,0,7,1
2024010519735,2024,010519735,531931,164080,-0.10647,51.36048,3,3,3,18:01,-1,E09000008,5,0,1,0,1,19,5,1,0,0,0,1,0,0,0,0,0,7,2
2024010519737,2024,010519737,550264,182435,0.16444,51.52085,3,3,3,15:02,-1,E09000016,3,0,1,0,2,99,9,9,99,9,99,1,0,0,0,0,0,7,2
2024010519739,2024,010519739,539851,183464,0.01486,51.53277,2,2,4,08:24,-1,E09000025,3,0,1,0,1,19,7,3,0,0,0,1,0,0,0,0,1,7,3
2024010519741,2024,010519741,529042,177206,-0.14317,51.4791,3,3,6,19:27,-1,E09000032,3,0,9,0,1,99,9,9,99,9,99,0,1,1,0,0,0,6,21
2024010519744,2024,010519744,533681,178720,-0.07583,51.49163,3,3,4,10:50,-1,E09000028,6,0,1,0,1,"[7, 19]","[5, 7]","[7, 3]",0,0,0,1,0,0,0,0,0,7,3
2024010519746,2024,010519746,509047,181731,-0.42958,51.52398,2,2,4,11:50,-1,E09000017,3,0,2,1,1,19,4,8,0,0,0,0,0,0,1,0,1,7,3
2024010519749,2024,010519749,527665,175519,-0.1636,51.46425,3,3,4,13:42,-1,E09000032,3,0,1,0,1,"[6, 5]",7,"[7, 3]",0,0,0,1,0,1,0,0,0,7,3
2024010519751,2024,010519751,517315,183406,-0.3099,51.53738,3,3,4,13:05,-1,E09000009,6,0,9,-1,1,99,9,9,99,9,99,1,0,0,0,0,0,7,3
2024010519752,2024,010519752,509761,179531,-0.41997,51.50406,3,3,4,13:20,-1,E09000017,5,0,1,0,1,19,6,2,0,0,0,0,0,0,1,0,0,7,3
2024010519756,2024,010519756,524862,177915,-0.20308,51.48641,3,3,4,12:59,-1,E09000013,4,0,1,0,1,"[9, 14]","[3, 1]","[1, 5]",0,0,0,1,0,1,0,0,0,7,3
2024010519757,2024,010519757,506577,179156,-0.46594,51.5013,3,3,4,14:10,-1,E09000017,5,0,1,0,1,"[2, 19]","[0, 1]","[0, 5]","[0, 4]",0,0,1,0,0,0,0,0,7,3
2024010519758,2024,010519758,526958,178974,-0.17253,51.49546,2,2,4,13:32,-1,E09000020,3,0,1,0,1,"[14, 9]","[3, 5]","[7, 3]",0,0,0,1,0,1,0,0,0,7,3
2024010519759,2024,010519759,511110,178818,-0.40077,51.49739,3,3,4,07:45,-1,E09000018,5,0,1,0,1,"[7, 19]","[7, 2]","[8, 6]",0,"[0, 3]",0,1,1,0,0,0,0,7,3
2024010519770,2024,010519770,525840,180584,-0.18805,51.51018,3,3,3,13:30,-1,E09000033,3,0,9,-1,1,99,9,9,99,9,99,1,0,1,0,0,0,7,2
2024010519771,2024,010519771,523939,196424,-0.20984,51.65295,3,3,4,15:19,-1,E09000003,3,0,1,0,1,19,3,7,0,7,2,1,0,0,0,0,1,7,3
2024010519777,2024,010519777,530039,182205,-0.12698,51.5238,2,2,1,13:00,-1,E09000007,3,0,1,0,1,"[13, 19]",9,9,99,9,99,1,1,0,0,0,0,6,2
2024010519778,2024,010519778,527257,175386,-0.16951,51.46315,3,3,4,13:36,-1,E09000032,3,0,1,0,1,"[6, 19]","[5, 1]",5,0,0,0,1,0,1,0,0,0,7,3
2024010519781,2024,010519781,525005,173862,-0.20245,51.44995,3,3,7,15:50,-1,E09000032,5,0,1,0,1,99,9,9,99,9,99,1,1,0,0,0,0,6,22
2024010519782,2024,010519782,525453,177216,-0.19482,51.48,3,3,4,15:30,-1,E09000013,3,0,1,0,1,5,3,7,0,0,0,0,0,0,1,0,0,7,3
2024010519785,2024,010519785,551203,188108,0.1804,51.57157,3,3,4,15:35,-1,E09000016,3,0,1,0,1,19,1,5,0,0,0,1,0,1,0,0,0,7,3
2024010519789,2024,010519789,540504,172122,0.01976,51.43069,2,2,4,17:43,-1,E09000023,5,0,2,0,1,5,7,3,11,0,0,0,0,1,0,0,0,7,3
2024010519790,2024,010519790,540612,177313,0.02338,51.47731,3,3,4,16:50,-1,E09000011,3,0,1,0,1,11,1,5,0,0,0,1,0,0,0,0,0,7,3
2024010519797,2024,010519797,529588,187139,-0.13166,51.56824,2,2,4,18:00,-1,E09000019,5,0,1,0,1,"[9, 19]","[1, 7]","[6, 3]",0,0,0,1,1,0,0,0,0,7,3
2024010519798,2024,010519798,525827,177011,-0.18951,51.47807,2,2,4,17:00,-1,E09000013,3,0,1,0,1,"[15, 9]","[3, 7]","[7, 4]",0,0,0,0,1,1,0,0,0,7,3
2024010519801,2024,010519801,523807,173682,-0.21975,51.4486,3,3,4,17:30,-1,E09000032,6,0,1,0,1,99,9,9,99,9,99,1,0,0,0,0,0,7,3
2024010519803,2024,010519803,524333,181260,-0.20952,51.51659,3,3,3,22:50,-1,E09000020,4,2,1,-1,1,99,9,9,99,9,99,1,0,0,0,0,0,7,2
2024010519814,2024,010519814,531343,189583,-0.10544,51.5898,2,2,4,18:35,-1,E09000014,3,0,1,0,1,19,3,7,0,0,0,0,0,1,0,0,1,7,3
2024010519815,2024,010519815,530928,179625,-0.11513,51.50041,3,3,4,16:15,-1,E09000022,3,0,1,0,1,"[9, 19]","[3, 1]","[1, 5]",0,0,0,1,0,0,0,0,0,7,3
2024010519816,2024,010519816,538419,165652,-0.01273,51.37306,3,3,4,13:31,-1,E09000006,5,0,1,0,1,7,3,5,0,1,5,1,0,0,0,0,0,7,3
2024010519819,2024,010519819,517919,175078,-0.30397,51.4624,3,3,4,06:30,-1,E09000027,6,0,8,0,1,"[1, 3]",9,9,99,9,99,1,0,1,0,0,0,7,3
2024010519820,2024,010519820,536067,186980,-0.0383,51.56529,3,3,4,08:35,-1,E09000031,3,0,1,0,1,99,9,9,99,9,99,0,1,0,1,0,0,6,26
2024010519823,2024,010519823,528323,164629,-0.15807,51.36624,3,3,4,18:25,-1,E09000029,3,0,2,1,1,"[99, 19]","[9, 3]","[9, 7]",0,"[9, 0]",0,1,0,0,0,0,0,7,3
2024010519824,2024,010519824,516317,171107,-0.32833,51.42704,3,3,4,18:27,-1,E09000027,6,0,1,0,1,"[4, 2]","[1, 0]","[5, 0]","[0, 4]",0,0,1,0,0,0,0,0,7,3
2024010519825,2024,010519825,530457,181679,-0.12115,51.51897,3,3,4,19:41,-1,E09000007,3,0,1,0,1,5,"[7, 5]","[3, 1]",0,0,0,1,0,0,0,0,0,7,3
2024010519827,2024,010519827,531058,189419,-0.10961,51.58839,3,3,4,19:43,-1,E09000014,4,0,1,0,1,"[6, 19]",5,"[5, 1]",0,0,0,1,0,0,0,0,0,7,3
2024010519828,2024,010519828,536083,163596,-0.04706,51.35515,2,2,4,14:48,-1,E09000008,3,0,1,0,1,-1,4,8,0,0,0,1,0,0,0,0,0,7,3
2024010519829,2024,010519829,528244,173564,-0.15597,51.44655,3,3,4,20:30,-1,E09000032,6,0,1,0,1,19,1,5,0,0,0,1,1,0,0,0,0,7,3
2024010519831,2024,010519831,546697,168500,0.10729,51.39657,3,3,4,18:20,-1,E09000006,6,0,1,0,1,"[19, 10, 9]","[1, 5, 3]","[5, 2, 8]",0,0,0,1,0,0,0,0,0,7,3
2024010519832,2024,010519832,541433,168642,0.03173,51.39919,3,3,4,17:11,-1,E09000006,4,0,1,0,1,7,2,4,0,0,0,1,0,0,0,0,1,7,3
2024010519833,2024,010519833,513976,175141,-0.36069,51.46377,3,3,4,18:30,-1,E09000018,6,0,1,0,1,19,"[7, 5]","[3, 1]",0,0,0,1,1,0,0,0,0,7,3
2024010519835,2024,010519835,544257,189732,0.08091,51.58798,3,3,4,20:53,-1,E09000026,3,0,1,0,1,19,3,7,0,0,0,1,0,0,0,0,1,7,3
2024010519837,2024,010519837,542059,188282,0.04862,51.57551,3,3,4,20:50,-1,E09000026,6,0,9,-1,1,99,9,9,"[99, 12]",9,99,1,0,0,0,0,0,7,3
2024010519844,2024,010519844,524560,165600,-0.21175,51.3758,3,3,4,17:10,-1,E09000029,6,0,1,0,1,19,3,7,0,0,0,1,0,0,0,0,0,7,3
2024010519845,2024,010519845,537063,185248,-0.02461,51.54948,3,3,4,20:39,-1,E09000012,3,0,1,0,1,99,9,9,99,9,99,1,0,0,0,0,0,7,3
2024010519846,2024,010519846,510779,173540,-0.40719,51.45002,2,2,4,22:39,-1,E09000018,3,2,1,0,1,19,1,5,0,0,0,1,0,0,0,0,1,7,3
2024010519848,2024,010519848,540493,185302,0.02484,51.54913,3,3,4,17:45,-1,E09000025,3,0,1,0,1,"[9, 19]","[5, 1]","[3, 5]",0,0,0,1,0,1,0,0,0,7,3
2024010519849,2024,010519849,530044,171306,-0.13092,51.42585,3,3,4,21:40,-1,E09000022,3,2,1,0,1,19,1,5,0,0,0,1,0,0,0,0,1,7,3
2024010519850,2024,010519850,538023,174889,-0.01483,51.45616,3,3,4,21:05,-1,E09000023,3,0,1,0,1,99,9,9,99,9,99,1,0,0,0,0,0,7,3
2024010519851,2024,010519851,539919,185062,0.01648,51.54711,3,3,4,13:30,-1,E09000025,6,0,2,0,1,99,9,9,99,9,99,1,0,0,0,0,0,7,3
2024010519854,2024,010519854,530475,178945,-0.1219,51.4944,3,3,5,00:05,-1,E09000022,3,2,1,0,2,19,3,7,10,1,7,1,0,0,0,0,0,7,4
2024010519856,2024,010519856,528983,181372,-0.1425,51.51655,3,3,4,17:55,-1,E09000033,3,0,9,-1,1,4,8,4,99,9,99,0,0,0,1,0,0,7,3
2024010519861,2024,010519861,551995,183397,0.18978,51.52903,2,2,5,02:25,-1,E09000016,5,2,1,0,1,"[4, 19]","[5, 3]","[1, 7]",0,0,0,1,0,0,0,0,0,7,4
2024010519865,2024,010519865,534649,186761,-0.05883,51.56366,3,3,4,21:50,-1,E09000012,3,2,1,0,1,4,1,5,"[4, 0]",0,0,1,0,0,0,0,0,7,3
2024010519866,2024,010519866,538531,186400,-0.003,51.55948,3,3,4,22:00,-1,E09000031,3,2,1,0,1,19,"[4, 2]","[8, 6]",0,0,0,1,1,0,0,0,0,7,3
2024010519867,2024,010519867,531385,183672,-0.10704,51.53667,2,2,5,08:10,-1,E09000019,4,0,1,0,1,"[7, 19]",1,"[4, 5]",0,0,0,1,1,0,0,0,0,7,4
2024010519868,2024,010519868,540472,186922,0.02519,51.56369,3,3,5,07:00,-1,E09000026,3,0,1,0,2,99,9,9,99,9,99,1,1,0,0,0,0,7,4
2024010519870,2024,010519870,525328,173226,-0.19803,51.44417,3,3,2,11:00,-1,E09000032,3,0,9,0,1,"[19, 99]","[6, 9]","[2, 9]","[0, 99]","[0, 9]","[0, 99]",1,0,0,1,0,0,4,15
2024010519871,2024,010519871,522552,183621,-0.23435,51.5382,3,3,5,08:18,-1,E09000005,6,0,1,0,1,5,0,5,7,0,0,1,0,0,0,0,0,7,4
2024010519876,2024,010519876,537257,176597,-0.02518,51.4717,3,3,3,08:52,-1,E09000023,5,0,1,0,1,19,2,6,0,0,0,1,0,0,0,0,1,6,4
2024010519883,2024,010519883,530728,180618,-0.11764,51.50938,2,2,5,09:05,-1,E09000033,3,0,1,0,2,"[12, 19]",5,1,0,0,0,1,0,1,0,0,0,7,4
2024010519886,2024,010519886,539227,176818,0.00325,51.4732,3,3,5,09:00,-1,E09000011,4,0,2,0,1,"[4, 19]",5,1,"[4, 8]",0,0,1,1,0,0,0,0,7,4
2024010519887,2024,010519887,526322,166857,-0.186,51.38671,2,2,5,09:23,-1,E09000029,3,0,1,0,1,"[8, 14, 10]","[1, 7, 2]","[3, 7]",0,0,0,1,0,1,0,0,0,7,4
2024010519891,2024,010519891,527285,189440,-0.16404,51.58944,3,3,5,07:20,-1,E09000003,3,0,1,0,1,99,9,9,99,9,99,1,0,0,0,0,1,7,4
2024010519892,2024,010519892,533383,178535,-0.08019,51.49004,3,3,3,19:10,-1,E09000028,3,0,9,-1,1,"[19, 9]","[1, 5]","[5, 2]",0,9,99,0,1,1,0,0,0,6,18
2024010519894,2024,010519894,517447,178212,-0.30972,51.49067,3,3,5,08:32,-1,E09000018,4,0,1,0,1,19,5,1,0,0,0,1,0,0,0,0,1,7,4
2024010519899,2024,010519899,522583,175426,-0.23675,51.46454,3,3,3,11:10,-1,E09000027,3,0,1,0,1,99,9,9,99,9,99,1,1,0,0,0,0,7,2
2024010519916,2024,010519916,535027,182214,-0.05512,51.52271,3,3,5,08:40,-1,E09000030,3,0,1,0,1,"[5, 13]",1,5,0,0,0,1,0,0,1,0,0,7,4
2024010519919,2024,010519919,518652,177934,-0.29247,51.48792,3,3,4,08:00,-1,E09000018,3,0,1,0,1,"[19, 13]",9,9,99,9,99,0,1,1,0,0,0,7,3
2024010519923,2024,010519923,524362,196441,-0.20373,51.65301,3,3,5,10:59,-1,E09000003,3,0,1,0,1,19,7,3,0,1,10,1,0,0,0,0,1,7,4
2024010519924,2024,010519924,531526,189600,-0.10279,51.58991,3,3,5,21:05,-1,E09000014,3,0,8,0,1,99,9,9,99,9,99,0,0,1,0,0,1,6,27
2024010519926,2024,010519926,537038,180757,-0.02672,51.50913,3,3,5,11:30,-1,E09000030,6,0,1,0,1,9,5,4,0,0,0,0,0,0,1,0,0,7,4
2024010519930,2024,010519930,518248,189922,-0.29426,51.59574,3,3,2,17:18,-1,E09000015,5,0,1,0,1,"[19, 99]","[7, 9]","[3, 9]",0,0,0,1,1,0,0,0,0,7,1
2024010519933,2024,010519933,523681,174803,-0.22117,51.4587,3,3,5,19:51,-1,E09000032,6,0,9,-1,1,4,7,3,0,0,0,0,0,1,0,0,0,6,20
2024010519936,2024,010519936,527504,168517,-0.16843,51.40136,3,3,5,09:11,-1,E09000024,3,0,1,0,1,19,5,1,0,0,0,1,0,0,0,0,1,7,4
2024010519940,2024,010519940,525231,177207,-0.19802,51.47997,2,2,5,13:53,-1,E09000013,6,0,1,0,1,1,4,8,0,0,0,1,0,0,0,0,1,7,4
2024010519941,2024,010519941,535862,190100,-0.04005,51.59337,3,3,4,15:05,-1,E09000031,4,0,8,0,1,99,9,9,99,9,99,1,0,0,0,0,0,7,3
2024010519942,2024,010519942,534996,200148,-0.04867,51.68387,3,3,4,20:30,-1,E09000010,3,0,1,0,2,99,9,9,99,9,99,1,0,0,0,0,0,7,3
2024010519943,2024,010519943,525375,178842,-0.19537,51.49463,2,2,5,15:00,-1,E09000020,3,0,1,0,1,19,"[7, 5]","[3, 1]",0,0,0,1,1,0,0,0,0,7,4
2024010519945,2024,010519945,513694,172766,-0.36551,51.44249,2,"[2, 3]",5,14:05,-1,E09000027,3,0,1,0,1,4,7,3,0,0,0,1,0,0,1,0,0,7,4
2024010519946,2024,010519946,542362,171770,0.04633,51.42706,3,3,5,15:00,-1,E09000006,6,0,1,0,1,"[5, 19]",7,3,0,0,0,1,1,0,0,0,0,7,4
2024010519950,2024,010519950,531732,192457,-0.09875,51.61553,3,3,5,15:36,-1,E09000010,3,0,1,0,1,19,7,3,0,0,0,0,0,0,1,0,0,7,4
2024010519955,2024,010519955,535256,196210,-0.04644,51.64842,3,3,5,15:05,-1,E09000010,3,0,1,0,1,99,9,9,99,9,99,1,0,0,0,0,0,7,4
2024010519959,2024,010519959,532299,165639,-0.10061,51.3744,3,3,5,15:15,-1,E09000008,3,0,8,0,1,19,1,5,0,0,0,0,0,0,0,0,1,7,4
2024010519967,2024,010519967,537401,188831,-0.01834,51.5816,3,3,5,15:55,-1,E09000031,3,0,1,0,1,"[9, 19]","[3, 1]","[2, 5]",0,0,0,1,0,1,0,0,0,7,4
2024010519968,2024,010519968,524936,187982,-0.19845,51.57687,3,3,3,18:10,-1,E09000003,6,0,1,0,1,99,9,9,99,9,99,1,0,1,0,0,0,4,9
2024010519969,2024,010519969,521193,175459,-0.25674,51.46513,2,2,5,17:02,-1,E09000027,6,0,1,0,1,99,9,9,99,9,99,1,0,1,0,0,0,6,13
2024010519971,2024,010519971,546186,166115,0.09897,51.37528,2,2,5,16:05,-1,E09000006,3,0,1,0,1,3,5,1,0,0,0,1,0,1,0,0,0,7,4
2024010519978,2024,010519978,531603,189489,-0.10173,51.58889,3,3,4,16:10,-1,E09000014,3,0,9,-1,1,19,1,5,0,0,0,0,0,1,0,0,1,6,26
2024010519983,2024,010519983,521952,168768,-0.24812,51.40484,3,3,7,16:00,-1,E09000021,6,0,9,-1,1,99,9,9,99,9,99,1,0,1,0,0,0,6,29
2024010519987,2024,010519987,527922,172430,-0.16101,51.43643,2,2,5,17:55,-1,E09000032,3,0,1,0,1,3,"[8, 4]","[4, 8]",0,0,0,0,1,1,0,0,0,7,4
2024010519988,2024,010519988,530769,183053,-0.11615,51.53125,3,3,5,17:15,-1,E09000019,3,0,1,0,1,"[19, 7]","[7, 1]",3,0,0,0,1,1,0,0,0,0,7,4
2024010519991,2024,010519991,508442,179339,-0.43903,51.50259,3,3,5,16:50,-1,E09000017,6,0,1,0,1,5,5,1,0,0,0,0,1,0,0,0,1,7,4
2024010519993,2024,010519993,521609,180086,-0.24916,51.50663,3,3,5,15:55,-1,E09000009,3,0,1,0,1,19,3,7,0,0,0,1,0,0,0,0,1,7,4
2024010519994,2024,010519994,533452,192377,-0.07395,51.61441,3,3,5,15:23,-1,E09000010,3,0,1,0,1,19,7,3,0,0,0,1,0,0,1,0,0,7,4
2024010519996,2024,010519996,525357,189521,-0.19182,51.5906,3,3,5,19:11,-1,E09000003,3,0,1,0,1,19,3,7,0,0,0,1,0,0,0,0,0,7,4
2024010520004,2024,010520004,533655,186650,-0.0732,51.5629,3,3,5,21:04,-1,E09000012,3,0,1,0,1,"[9, 19]","[3, 1]","[8, 5]",0,0,0,1,1,0,0,0,0,7,4
2024010520005,2024,010520005,519900,180307,-0.2737,51.50898,3,3,5,16:15,-1,E09000009,3,0,4,0,1,99,9,9,99,9,99,1,1,0,0,0,0,7,4
2024010520006,2024,010520006,523253,168844,-0.2294,51.40524,3,3,5,08:08,-1,E09000024,6,0,1,0,1,99,9,9,99,9,99,1,1,0,0,0,0,7,4
2024010520013,2024,010520013,524269,178868,-0.21128,51.49511,3,3,5,18:30,-1,E09000013,3,0,1,0,1,"[19, 3]",3,7,0,0,0,1,1,0,0,0,0,7,4
2024010520015,2024,010520015,541347,190649,0.0393,51.59696,3,3,5,18:58,-1,E09000026,3,0,1,0,1,"[19, 3]",7,3,0,0,0,1,0,1,0,0,0,7,4
2024010520016,2024,010520016,541589,176997,0.03731,51.47422,3,3,5,11:30,-1,E09000011,3,0,1,0,1,99,9,9,99,9,99,1,0,0,0,0,0,7,4
2024010520018,2024,010520018,530014,172304,-0.13098,51.43483,2,2,5,21:30,-1,E09000022,6,2,1,0,1,19,7,3,0,0,0,0,0,1,0,0,0,7,4
2024010520025,2024,010520025,515940,176552,-0.33196,51.47606,3,3,5,16:02,-1,E09000018,3,0,1,0,1,"[-1, 4]",9,9,99,9,99,1,0,1,0,0,0,7,4
2024010520027,2024,010520027,512959,187222,-0.37145,51.57256,3,3,4,08:45,-1,E09000015,3,0,1,0,1,99,9,9,99,9,99,1,0,0,0,0,0,7,3
2024010520029,2024,010520029,528342,180238,-0.15214,51.50651,3,3,5,23:28,-1,E09000033,3,2,1,0,1,99,9,9,99,9,99,1,0,0,0,0,0,7,4
2024010520032,2024,010520032,540567,174739,0.02171,51.45419,3,3,5,19:24,-1,E09000011,3,0,1,0,1,"[99, 19]","[9, 1]","[9, 5]",99,9,99,1,0,0,0,0,0,7,4
2024010520039,2024,010520039,533855,178185,-0.07353,51.48678,2,2,5,00:00,-1,E09000028,3,2,1,0,1,99,9,9,99,9,99,0,0,1,0,0,1,7,4
2024010520041,2024,010520041,525151,182043,-0.19746,51.52344,2,2,5,22:05,-1,E09000033,3,2,1,0,1,"[6, 19]",7,"[7, 3]",0,0,0,1,1,0,0,0,0,7,4
2024010520042,2024,010520042,529229,185532,-0.13743,51.55388,2,2,5,22:26,-1,E09000007,6,2,1,0,1,5,1,5,0,0,0,0,0,0,0,0,0,7,4
2024010520043,2024,010520043,539849,174987,0.01148,51.4566,3,3,6,01:55,-1,E09000023,3,2,1,0,1,"[5, 15]",3,7,"[10, 0]",0,0,1,0,1,0,0,0,7,5
2024010520044,2024,010520044,532418,168409,-0.09787,51.39927,3,3,3,04:50,-1,E09000008,6,0,8,0,1,99,9,9,99,9,99,1,1,0,0,0,0,6,18
2024010520049,2024,010520049,527846,181385,-0.15887,51.51693,2,2,5,23:50,-1,E09000033,5,2,1,0,1,19,7,3,0,0,0,0,1,0,0,0,0,7,4
2024010520050,2024,010520050,534286,195795,-0.06061,51.64493,3,3,6,00:06,-1,E09000010,3,2,1,0,1,"[4, 3, 19]",5,1,"[0, 4]",0,0,1,0,0,0,0,0,7,5
2024010520051,2024,010520051,519239,178282,-0.2839,51.49092,3,3,5,22:07,-1,E09000018,3,2,1,0,1,19,7,3,0,0,0,1,1,0,0,0,0,7,4
2024010520052,2024,010520052,523428,181109,-0.22261,51.51543,2,2,5,22:49,-1,E09000013,3,2,1,0,1,19,"[3, 7]","[7, 3]",0,0,0,1,0,1,0,0,0,7,4
2024010520053,2024,010520053,539603,181782,0.01062,51.51772,3,3,4,01:15,-1,E09000025,6,2,1,0,1,99,9,9,99,9,99,1,0,0,0,0,0,6,5
2024010520055,2024,010520055,537168,177491,-0.02612,51.47975,3,3,7,23:00,-1,E09000023,3,2,9,-1,1,99,9,9,11,0,0,0,0,1,0,0,1,6,29
2024010520063,2024,010520063,551948,181784,0.18841,51.51455,3,3,6,07:06,-1,E09000016,5,0,2,1,1,99,9,9,99,9,99,1,0,0,0,0,0,7,5
2024010520070,2024,010520070,518319,175503,-0.29808,51.46614,3,3,6,08:30,-1,E09000027,3,0,2,1,1,"[9, 19]",2,"[7, 6]",0,0,0,1,1,0,0,0,0,7,5
2024010520088,2024,010520088,527815,175741,-0.16136,51.46621,3,3,5,18:56,-1,E09000032,6,0,9,-1,1,99,9,9,99,9,99,1,0,1,0,0,0,7,4
2024010520095,2024,010520095,525579,168498,-0.1961,51.40162,3,3,6,08:30,-1,E09000024,3,0,2,1,1,99,9,9,99,9,99,1,0,0,0,0,0,7,5