collision_index,collision_year,collision_ref_no,location_easting_osgr,location_northing_osgr,longitude,latitude,casualty_severity,casualty_severity,day_of_week,time,local_authority_district,local_authority_ons_district,first_road_class,light_conditions,weather_conditions,road_surface_conditions,urban_or_rural_area,vehicle_manoeuvre,vehicle_direction_from,vehicle_direction_to,hit_object_in_carriageway,vehicle_leaving_carriageway,hit_object_off_carriageway,is_car,is_cyle,is_mcyle,is_goodsv,is_other,is_pedestrian,month,day
2024010520100,2024,010520100,517709,179074,-0.30566,51.49836,3,3,5,19:15,-1,E09000009,4,0,9,-1,1,"[19, 3]",9,9,99,9,99,1,0,1,0,0,0,7,4
2024010520103,2024,010520103,530623,174201,-0.12153,51.45173,3,3,6,11:02,-1,E09000022,3,0,2,1,1,"[13, 19]","[1, 5]","[5, 1]",0,"[0, 1]",0,1,0,1,0,0,0,7,5
2024010520104,2024,010520104,511981,180553,-0.38768,51.51282,3,3,5,11:00,-1,E09000009,3,0,1,0,1,"[99, 19]","[9, 3]","[9, 7]","[99, 0]","[9, 0]","[99, 0]",1,0,0,1,0,0,7,4
2024010520105,2024,010520105,526419,193976,-0.1749,51.6304,3,3,7,20:30,-1,E09000003,3,2,1,0,1,99,9,9,99,9,99,1,0,0,0,0,0,4,13
2024010520110,2024,010520110,519375,184726,-0.27976,51.54881,2,2,6,22:15,-1,E09000005,3,2,8,0,1,19,5,1,0,0,0,1,0,0,0,0,1,6,21
2024010520111,2024,010520111,508172,186626,-0.44068,51.56814,3,3,5,10:48,-1,E09000017,4,0,1,0,1,4,7,3,0,0,0,1,0,0,0,0,0,7,4
2024010520112,2024,010520112,519399,178391,-0.28156,51.49187,3,3,5,16:01,-1,E09000018,3,0,1,0,1,"[19, 3]",9,9,99,9,99,1,0,0,0,0,0,7,4
2024010520116,2024,010520116,546843,178824,0.11366,51.4893,3,3,6,08:30,-1,E09000011,6,0,9,0,1,9,1,8,0,0,0,1,0,0,0,0,1,7,5
2024010520120,2024,010520120,514374,182245,-0.35266,51.52754,3,3,6,09:55,-1,E09000009,3,0,1,0,1,"[3, 5]","[5, 7]","[1, 3]",0,0,0,1,0,0,0,0,0,7,5
2024010520122,2024,010520122,530078,182794,-0.1262,51.52908,3,3,7,14:10,-1,E09000007,3,0,8,0,1,99,9,9,99,9,99,0,1,0,0,0,1,6,29
2024010520125,2024,010520125,532583,176751,-0.09238,51.47419,3,3,6,13:44,-1,E09000028,3,0,1,0,1,5,7,3,0,0,0,0,0,0,1,0,0,7,5
2024010520126,2024,010520126,528147,171858,-0.15799,51.43124,3,3,5,06:05,-1,E09000032,6,0,9,-1,1,99,9,9,99,9,99,1,0,0,0,0,1,7,4
2024010520127,2024,010520127,550588,188892,0.17187,51.57878,3,3,6,15:29,-1,E09000016,5,0,2,1,1,19,"[1, 5]","[5, 1]",0,0,0,1,0,0,0,1,0,7,5
2024010520130,2024,010520130,554725,184017,0.22938,51.53386,3,3,6,14:49,-1,E09000016,5,0,1,0,2,19,"[1, 5]","[5, 1]",0,0,0,1,0,0,0,0,0,7,5
2024010520131,2024,010520131,543442,185731,0.06752,51.55224,3,3,6,15:36,-1,E09000025,3,0,9,0,1,"[3, 19]",1,5,0,0,0,1,0,0,0,0,0,7,5
2024010520132,2024,010520132,525041,195824,-0.19414,51.64732,2,2,6,14:33,-1,E09000003,5,2,8,0,1,"[19, 2]","[7, 0]","[3, 0]",0,0,0,1,0,0,0,1,1,7,5
2024010520133,2024,010520133,528846,172423,-0.14773,51.43616,3,3,6,02:30,-1,E09000032,5,0,1,0,1,"[1, 99]",9,9,99,9,99,1,0,1,0,0,0,7,5
2024010520151,2024,010520151,517501,178131,-0.30897,51.48993,3,3,5,21:25,-1,E09000018,3,2,9,-1,1,"[19, 3]",9,9,99,9,99,1,0,1,0,0,0,7,4
2024010520152,2024,010520152,533471,183481,-0.07706,51.53446,3,3,7,21:40,-1,E09000012,3,2,1,0,1,"[10, 5]","[2, 1]","[1, 5]",0,0,0,0,1,1,0,0,0,6,29
2024010520153,2024,010520153,529581,180665,-0.13414,51.51006,3,3,1,00:45,-1,E09000033,3,2,1,0,1,5,8,4,0,0,0,0,0,0,1,0,0,6,30
2024010520154,2024,010520154,516711,180608,-0.31953,51.51235,3,3,6,16:53,-1,E09000009,4,0,2,1,1,"[19, 7]","[1, 5]","[5, 7]",0,0,0,1,0,1,0,0,0,7,5
2024010520158,2024,010520158,515662,186171,-0.33281,51.56257,3,3,4,08:45,-1,E09000015,3,0,1,1,1,99,9,9,99,9,99,1,0,0,0,0,0,7,3
2024010520162,2024,010520162,523545,173590,-0.22355,51.44783,3,3,6,17:11,-1,E09000032,3,0,2,1,1,"[4, 19]",1,5,0,0,0,1,0,0,0,0,0,7,5
2024010520165,2024,010520165,529154,164402,-0.14622,51.36401,3,3,6,16:40,-1,E09000029,6,0,1,0,1,19,"[7, 1]","[3, 5]",0,0,0,1,0,0,0,0,0,7,5
2024010520176,2024,010520176,541586,183262,0.03978,51.53052,2,2,6,17:15,-1,E09000025,3,0,2,1,1,"[19, 4]",3,7,0,0,0,0,0,1,0,0,0,7,5
2024010520177,2024,010520177,527157,175353,-0.17096,51.46287,3,3,6,19:27,-1,E09000032,3,0,2,1,1,"[9, 3]","[3, 7]","[1, 3]",0,0,0,1,1,0,0,0,0,7,5
2024010520178,2024,010520178,532312,179829,-0.09513,51.50192,3,3,6,17:45,-1,E09000028,3,0,2,1,1,"[19, 3]","[8, 6]","[4, 2]",0,"[0, 3]",0,1,1,0,0,0,0,7,5
2024010520180,2024,010520180,530027,171649,-0.13103,51.42894,3,3,4,16:20,-1,E09000022,3,0,1,0,1,99,9,9,99,9,99,1,1,0,0,0,0,7,3
2024010520182,2024,010520182,527274,183280,-0.16642,51.53409,3,3,2,06:50,-1,E09000033,6,0,1,0,1,99,9,9,99,9,99,1,0,0,0,0,0,7,1
2024010520187,2024,010520187,529601,176433,-0.13541,51.47203,2,2,6,18:50,-1,E09000022,3,0,2,1,1,"[19, 9]","[5, 3]",1,0,0,0,1,1,0,0,0,0,7,5
2024010520189,2024,010520189,546266,174669,0.10364,51.45212,3,3,6,18:16,-1,E09000004,3,0,2,1,1,19,7,3,0,0,0,1,0,0,0,0,0,7,5
2024010520191,2024,010520191,538007,172148,-0.01612,51.43154,3,3,6,19:20,-1,E09000023,3,0,1,1,1,"[9, 19]","[5, 1]","[3, 5]",0,"[1, 0]",0,1,0,0,0,0,0,7,5
2024010520192,2024,010520192,546197,183634,0.10636,51.53269,3,3,1,12:10,-1,E09000002,3,0,2,0,1,99,9,9,99,9,99,1,0,0,0,0,0,6,30
2024010520193,2024,010520193,523494,165110,-0.22723,51.37163,3,3,6,18:46,-1,E09000029,3,0,2,1,1,19,1,5,0,0,0,1,0,0,0,0,1,7,5
2024010520194,2024,010520194,529669,181217,-0.13267,51.515,3,3,6,17:43,-1,E09000033,6,0,2,1,1,19,5,1,0,0,0,1,1,0,0,0,0,7,5
2024010520195,2024,010520195,534813,184348,-0.05739,51.54194,3,3,6,19:00,-1,E09000012,6,0,2,1,1,19,"[1, 7]","[5, 3]",0,0,0,1,1,0,0,0,0,7,5
2024010520196,2024,010520196,530064,180304,-0.12732,51.50671,2,2,3,21:30,-1,E09000033,3,0,1,0,1,99,9,9,99,9,99,1,1,0,0,0,0,5,28
2024010520198,2024,010520198,515004,188596,-0.34151,51.5845,3,3,6,20:10,-1,E09000015,5,0,2,1,1,99,9,9,99,9,99,1,0,0,0,0,1,7,5
2024010520199,2024,010520199,531815,184468,-0.10055,51.54372,3,3,6,19:55,-1,E09000019,5,0,2,1,1,"[19, 7]","[8, 2]",4,0,"[0, 1]",0,0,1,1,0,0,0,7,5
2024010520200,2024,010520200,525586,192374,-0.1875,51.61619,3,3,6,17:30,-1,E09000003,6,0,2,1,1,99,9,9,99,9,99,1,0,0,0,0,1,7,5
2024010520202,2024,010520202,527114,179578,-0.17006,51.50085,2,2,6,17:45,-1,E09000033,6,0,2,1,1,5,1,5,0,0,0,1,0,0,0,0,1,7,5
2024010520204,2024,010520204,519743,189461,-0.27284,51.59128,3,3,6,15:40,-1,E09000005,6,0,8,1,1,4,1,5,0,0,0,1,0,0,0,0,1,7,5
2024010520205,2024,010520205,546369,187357,0.11038,51.5661,3,3,6,21:23,-1,E09000026,4,2,2,1,1,19,"[2, 5]","[3, 1]","[4, 0]","[0, 7]",0,1,0,1,0,0,0,7,5
2024010520206,2024,010520206,542357,166112,0.04399,51.37622,3,3,6,17:27,-1,E09000006,3,0,1,0,1,"[3, 19]",1,5,0,0,0,1,0,1,0,0,0,7,5
2024010520208,2024,010520208,531233,177653,-0.11147,51.48261,3,3,6,19:45,-1,E09000022,3,0,2,1,1,99,9,9,99,9,99,1,0,0,0,0,1,7,5
2024010520209,2024,010520209,525530,174846,-0.19455,51.45868,3,3,6,21:04,-1,E09000032,3,2,2,1,1,19,5,1,0,0,0,1,0,0,0,0,0,7,5
2024010520212,2024,010520212,538434,191420,-0.00242,51.60461,3,3,6,16:15,-1,E09000031,4,0,2,1,1,99,9,9,99,9,99,1,0,1,0,0,0,7,5
2024010520213,2024,010520213,537294,182829,-0.02223,51.52769,2,2,5,23:55,-1,E09000030,3,2,1,0,1,"[7, 19]",9,9,99,9,99,1,1,0,0,0,0,7,4
2024010520215,2024,010520215,531325,184573,-0.10757,51.54478,3,3,6,21:46,-1,E09000019,4,2,2,1,1,"[19, 13]","[5, 1]","[1, 5]",0,0,0,1,0,0,0,0,0,7,5
2024010520216,2024,010520216,536170,181108,-0.03908,51.5125,3,3,6,19:40,-1,E09000030,3,0,2,1,1,99,9,9,99,9,99,1,0,1,0,0,0,7,5
2024010520218,2024,010520218,534783,181965,-0.05873,51.52053,3,3,6,19:40,-1,E09000030,5,0,2,1,1,1,5,7,0,0,0,1,0,0,0,0,1,7,5
2024010520230,2024,010520230,523144,186655,-0.22476,51.56533,3,3,6,17:53,-1,E09000003,3,0,2,1,1,99,9,9,99,9,99,1,1,0,0,0,0,7,5
2024010520233,2024,010520233,519618,193280,-0.27335,51.62563,3,3,6,23:48,-1,E09000003,6,2,2,1,1,"[2, 19]","[0, 1, 5]","[0, 5, 1]","[10, 4, 0]","[1, 0]",0,1,0,0,1,0,0,7,5
2024010520235,2024,010520235,531005,175139,-0.11568,51.46008,3,3,6,23:00,-1,E09000022,3,2,5,1,1,99,9,9,99,9,99,1,1,0,0,0,0,7,5
2024010520237,2024,010520237,549350,185809,0.1527,51.55141,3,3,7,00:12,-1,E09000002,5,2,2,1,1,"[19, 10]","[5, 1]","[1, 7]",0,0,0,1,0,1,0,0,0,7,6
2024010520239,2024,010520239,538836,180315,-0.001,51.50472,3,3,6,22:14,-1,E09000011,3,2,2,1,2,19,1,5,0,0,0,1,0,0,0,0,0,7,5
2024010520240,2024,010520240,544044,177917,0.07301,51.48187,3,3,7,01:26,-1,E09000011,5,2,2,1,1,"[9, 19]",7,"[5, 3]",0,0,0,1,0,1,0,0,0,7,6
2024010520243,2024,010520243,539855,178706,0.01303,51.49001,3,3,7,03:05,-1,E09000011,6,2,2,1,1,11,7,3,0,0,0,0,0,0,1,0,1,7,6
2024010520244,2024,010520244,518465,173695,-0.29658,51.44986,3,3,6,22:35,-1,E09000027,4,2,2,1,1,19,"[5, 1]","[1, 5]",0,0,0,1,0,0,0,0,0,7,5
2024010520245,2024,010520245,543527,186274,0.06897,51.5571,3,3,6,18:42,-1,E09000026,3,0,2,1,1,"[2, 19]","[0, 3]","[0, 7]","[8, 4]","[1, 0]",0,1,1,0,0,0,0,7,5
2024010520249,2024,010520249,550630,189754,0.17284,51.58651,3,3,6,23:35,-1,E09000016,3,2,2,1,1,5,"[5, 1]","[1, 5]",0,0,0,1,0,0,0,0,0,7,5
2024010520251,2024,010520251,535560,182132,-0.04748,51.52184,3,3,6,21:40,-1,E09000030,3,2,2,1,1,"[9, 19]","[2, 7]","[7, 3]",0,0,0,1,1,0,0,0,0,7,5
2024010520254,2024,010520254,535485,170779,-0.0529,51.41984,2,2,7,03:40,-1,E09000006,3,2,1,0,1,19,3,7,7,0,0,1,0,0,0,0,0,7,6
2024010520255,2024,010520255,534652,180910,-0.06102,51.51108,1,1,7,00:30,-1,E09000030,4,2,2,1,1,19,"[3, 1, 7]","[7, 5, 3]",0,0,0,1,1,0,0,0,0,7,6
2024010520256,2024,010520256,550556,182321,0.16859,51.51975,3,3,6,23:40,-1,E09000016,3,2,2,1,2,4,1,5,0,0,0,1,0,0,1,0,0,7,5
2024010520260,2024,010520260,536462,184836,-0.03344,51.54593,2,2,7,05:50,-1,E09000012,3,0,2,1,1,-1,5,1,0,2,11,1,0,0,0,0,0,7,6
2024010520263,2024,010520263,525530,178608,-0.19322,51.49249,3,3,1,23:01,-1,E09000020,3,2,1,0,1,4,5,1,0,0,0,1,0,0,0,0,1,6,23
2024010520277,2024,010520277,529403,189215,-0.13356,51.58694,3,3,7,09:47,-1,E09000014,3,0,2,1,1,5,1,5,0,0,0,0,0,0,1,0,0,7,6
2024010520279,2024,010520279,540670,185469,0.02746,51.55058,3,3,6,16:15,-1,E09000025,6,0,9,1,1,99,9,9,99,9,99,1,0,1,0,0,0,7,5
2024010520280,2024,010520280,524805,189261,-0.19988,51.58839,3,3,7,10:29,-1,E09000003,3,0,2,1,1,"[7, 19]",5,"[7, 1]",0,0,0,1,1,0,0,0,0,7,6
2024010520282,2024,010520282,537124,189828,-0.02195,51.59062,3,3,7,09:59,-1,E09000031,3,0,2,0,1,99,9,9,99,9,99,1,0,0,0,0,1,7,6
2024010520283,2024,010520283,522051,184758,-0.24118,51.54852,3,3,7,08:25,-1,E09000005,3,0,2,1,1,19,8,4,0,0,0,1,0,0,0,0,1,7,6
2024010520285,2024,010520285,538893,171370,-0.00369,51.42433,3,3,7,06:30,-1,E09000023,3,0,2,1,1,"[9, 19]","[2, 8]","[8, 4]",0,0,0,1,0,0,0,0,0,7,6
2024010520286,2024,010520286,543500,186281,0.06858,51.55717,3,3,7,10:00,-1,E09000026,3,0,1,1,1,"[19, 12]",3,7,0,0,0,1,0,0,1,0,0,7,6
2024010520289,2024,010520289,548706,187742,0.14424,51.56895,3,3,7,11:34,-1,E09000002,3,0,3,1,1,4,1,5,0,0,0,1,0,1,0,0,0,7,6
2024010520292,2024,010520292,523196,175287,-0.22798,51.46316,2,2,7,11:30,-1,E09000032,3,0,2,1,1,99,9,9,99,9,99,1,0,1,0,0,0,7,6
2024010520297,2024,010520297,552292,182271,0.19357,51.51883,3,3,6,20:45,-1,E09000016,5,0,2,1,1,99,9,9,99,9,99,1,0,0,0,0,0,7,5
2024010520298,2024,010520298,522448,178624,-0.23758,51.49331,3,3,5,14:31,-1,E09000013,3,0,1,0,1,99,9,9,99,9,99,1,1,0,0,0,0,7,4
2024010520301,2024,010520301,547399,179109,0.12178,51.49172,3,3,7,11:30,-1,E09000004,3,0,2,1,1,99,9,9,99,9,99,1,0,0,0,0,0,7,6
2024010520302,2024,010520302,520990,175450,-0.25966,51.4651,3,3,6,17:05,-1,E09000027,3,0,1,0,1,99,9,9,99,9,99,1,0,1,0,0,0,7,5
2024010520311,2024,010520311,545342,179922,0.09251,51.49956,3,3,6,08:55,-1,E09000011,6,0,2,1,1,99,9,9,99,0,0,1,0,0,0,0,1,7,5
2024010520312,2024,010520312,531231,178400,-0.11122,51.48933,3,3,5,22:45,-1,E09000022,3,2,1,0,1,99,9,9,99,9,99,1,0,1,0,0,0,7,4
2024010520313,2024,010520313,527123,181617,-0.1692,51.51918,3,3,7,12:30,-1,E09000033,3,0,1,0,1,99,9,9,99,9,99,1,0,0,0,1,0,7,6
2024010520317,2024,010520317,537512,182437,-0.01924,51.52411,3,3,6,20:23,-1,E09000030,5,0,2,1,1,"[2, 99]",9,9,"[99, 8]",9,99,1,1,0,0,0,0,7,5
2024010520318,2024,010520318,537868,175841,-0.01669,51.46475,3,3,7,15:22,-1,E09000023,3,0,1,0,1,"[9, 19]","[5, 1]","[3, 5]",0,0,0,1,0,1,0,0,0,7,6
2024010520321,2024,010520321,525716,192922,-0.18543,51.62109,3,3,6,05:18,-1,E09000003,6,0,2,1,1,99,9,9,99,9,99,1,0,0,0,0,1,7,5
2024010520324,2024,010520324,537115,191272,-0.02151,51.6036,2,2,7,13:15,-1,E09000031,3,0,2,1,1,"[19, 15]",8,4,0,0,0,1,0,1,0,0,0,7,6
2024010520327,2024,010520327,514592,176008,-0.35154,51.47144,2,"[2, 3]",7,14:49,-1,E09000018,3,0,1,0,1,19,7,3,10,1,10,1,0,0,0,0,1,7,6
2024010520328,2024,010520328,528735,184122,-0.14507,51.54132,3,3,7,15:04,-1,E09000007,3,0,4,0,1,99,9,9,99,9,99,1,0,1,0,0,0,7,6
2024010520329,2024,010520329,525645,189060,-0.18783,51.5864,3,3,7,16:14,-1,E09000003,3,0,1,0,1,"[2, 19]","[0, 3]","[0, 7]","[0, 4]",0,0,1,0,0,0,0,0,7,6
2024010520331,2024,010520331,529997,188122,-0.1254,51.57698,3,3,7,14:58,-1,E09000014,3,0,1,0,1,"[9, 19]","[1, 5]","[7, 1]",0,0,0,1,1,0,0,0,0,7,6
2024010520333,2024,010520333,518388,170904,-0.29862,51.42479,3,3,5,16:25,-1,E09000021,6,0,1,0,1,99,9,9,99,9,99,1,0,1,0,0,0,7,4
2024010520344,2024,010520344,538058,186556,-0.00976,51.56099,2,2,7,16:15,-1,E09000031,3,0,8,0,1,"[9, 15]",1,"[7, 5]",0,0,0,0,1,1,0,0,0,7,6
2024010520347,2024,010520347,532424,177534,-0.09437,51.48127,3,3,6,23:07,-1,E09000028,3,2,2,1,1,99,9,9,99,9,99,1,0,0,0,0,0,7,5
2024010520348,2024,010520348,519160,178444,-0.28498,51.49239,3,3,7,16:00,-1,E09000018,3,0,8,1,1,"[19, 8]","[3, 5]",7,0,0,0,1,0,1,0,0,0,7,6
2024010520353,2024,010520353,541203,185361,0.0351,51.54948,3,3,7,17:15,-1,E09000025,5,0,8,0,1,99,9,9,99,9,99,1,0,1,0,0,0,7,6
2024010520354,2024,010520354,532368,166688,-0.09923,51.38381,3,3,7,14:10,-1,E09000008,3,0,1,0,1,"[5, 2, 19]","[3, 0, 7]","[7, 0, 3]","[4, 0]","[7, 0]","[11, 0]",1,0,0,1,0,0,7,6
2024010520356,2024,010520356,544976,183232,0.0886,51.52939,3,3,7,17:00,-1,E09000002,3,0,1,1,1,19,7,3,0,0,0,1,0,0,0,0,0,7,6
2024010520360,2024,010520360,558522,188552,0.28612,51.57355,3,3,7,13:51,-1,E09000016,1,0,1,0,2,19,7,3,0,"[0, 1]","[0, 10]",1,0,0,1,0,0,7,6
2024010520361,2024,010520361,536183,181127,-0.03889,51.51266,3,3,7,17:00,-1,E09000030,3,0,2,1,1,9,7,5,0,0,0,1,1,0,0,0,0,7,6
2024010520362,2024,010520362,523586,185170,-0.21891,51.55189,3,3,7,18:37,-1,E09000005,3,0,1,1,1,"[9, 19]",1,"[7, 5]",0,0,0,1,0,1,0,0,0,7,6
2024010520366,2024,010520366,553335,187547,0.21089,51.56596,3,3,7,19:24,-1,E09000016,6,0,1,0,1,19,1,5,0,0,0,1,0,0,0,0,1,7,6
2024010520374,2024,010520374,544700,173605,0.08068,51.44296,3,3,7,16:03,-1,E09000011,5,0,9,1,1,"[19, 5]","[3, 7]","[7, 3]",0,0,0,1,0,0,0,0,0,7,6
2024010520375,2024,010520375,534301,196261,-0.06021,51.64911,3,3,7,17:25,-1,E09000010,3,0,8,1,1,99,9,9,99,9,99,1,0,0,0,0,0,7,6
2024010520377,2024,010520377,527092,182840,-0.16921,51.53017,3,3,2,07:50,-1,E09000033,3,0,1,0,1,99,9,9,99,9,99,1,0,0,1,0,0,6,24
2024010520378,2024,010520378,530573,181063,-0.11971,51.51341,3,3,7,11:35,-1,E09000033,5,0,2,1,1,"[2, 7]","[0, 7]","[0, 1]","[0, 4]",0,0,1,0,0,0,0,0,7,6
2024010520380,2024,010520380,518145,183907,-0.29777,51.5417,3,3,7,14:55,-1,E09000005,3,0,2,1,1,10,8,6,0,0,0,1,0,0,0,0,1,7,6
2024010520382,2024,010520382,539673,176834,0.00967,51.47324,3,3,7,20:37,-1,E09000011,5,0,1,1,1,"[19, 4]",1,5,0,0,0,1,0,0,0,0,0,7,6
2024010520385,2024,010520385,530906,185518,-0.11326,51.55337,3,3,7,02:30,-1,E09000019,3,0,1,0,1,99,9,9,99,9,99,0,1,0,0,0,1,7,6
2024010520386,2024,010520386,534323,179440,-0.06632,51.49795,3,3,7,09:55,-1,E09000028,3,0,2,1,1,99,9,9,99,9,99,0,1,0,0,0,1,7,6
2024010520389,2024,010520389,523969,179843,-0.21526,51.50393,3,3,7,17:00,-1,E09000020,3,0,1,0,1,"[19, 4]",7,3,0,0,0,1,0,0,0,0,0,7,6
2024010520390,2024,010520390,515494,180185,-0.3372,51.5088,3,3,5,12:45,-1,E09000009,3,0,1,0,1,1,7,3,0,0,0,1,0,0,0,0,1,7,4
2024010520392,2024,010520392,533853,182408,-0.07196,51.52473,3,3,7,17:50,-1,E09000030,3,0,1,0,1,"[13, 9]",3,"[7, 8]",0,0,0,1,1,0,0,0,0,7,6
2024010520399,2024,010520399,524176,184793,-0.21053,51.54837,3,3,7,17:21,-1,E09000005,5,0,2,1,1,"[9, 19]",3,"[8, 7]",0,0,0,1,0,1,0,0,0,7,6
2024010520402,2024,010520402,525769,166969,-0.19391,51.38784,2,2,7,18:33,-1,E09000029,4,0,1,0,1,"[7, 19]","[1, 7]",3,0,"[0, 7]",0,1,0,1,0,0,0,7,6
2024010520403,2024,010520403,538211,171802,-0.01333,51.42838,3,3,7,15:43,-1,E09000023,3,0,1,0,1,"[3, 19]",5,1,0,0,0,1,0,0,0,0,0,7,6
2024010520405,2024,010520405,512442,185791,-0.37936,51.5598,3,3,7,19:45,-1,E09000015,5,0,1,0,1,19,2,6,0,0,0,0,0,0,0,0,1,7,6
2024010520410,2024,010520410,553334,190923,0.21235,51.59629,3,3,7,21:30,-1,E09000016,5,0,8,0,1,99,9,9,99,9,99,1,0,0,0,0,0,7,6
2024010520413,2024,010520413,542074,173936,0.04306,51.4466,3,3,7,20:36,-1,E09000011,6,0,1,0,1,19,6,2,0,0,0,0,0,0,1,0,0,7,6
2024010520414,2024,010520414,511929,181839,-0.38802,51.52438,3,3,1,22:30,-1,E09000017,6,2,1,0,1,19,5,1,7,0,0,1,0,0,0,0,0,7,7
2024010520418,2024,010520418,545472,176479,0.09297,51.46859,3,3,7,23:28,-1,E09000004,5,2,1,0,1,"[2, 19]","[0, 1]","[0, 5]","[0, 4]",0,0,1,0,0,0,0,0,7,6
2024010520422,2024,010520422,539456,173157,0.0051,51.44025,3,3,7,08:35,-1,E09000023,5,0,1,0,1,99,9,9,99,9,99,1,0,0,0,0,0,7,6
2024010520423,2024,010520423,513127,186134,-0.36938,51.56275,3,3,1,00:15,-1,E09000015,5,2,1,0,1,"[14, 6]",7,"[3, 7]",0,"[0, 7]","[0, 10]",1,0,0,1,0,0,7,7
2024010520424,2024,010520424,534168,167825,-0.07295,51.39361,3,3,7,17:45,-1,E09000008,5,0,1,0,1,99,9,9,99,9,99,1,0,0,0,0,1,7,6
2024010520429,2024,010520429,524428,181064,-0.20822,51.51481,2,"[2, 3]",1,02:15,-1,E09000020,4,2,1,0,1,19,"[1, 5]","[5, 1]",0,0,0,0,1,1,0,0,0,7,7
2024010520430,2024,010520430,520414,177951,-0.2671,51.4877,2,2,1,00:50,-1,E09000018,3,2,1,0,1,"[5, -1]","[7, 5]","[3, 1]",0,0,0,1,1,0,0,0,0,7,7
2024010520432,2024,010520432,544131,167448,0.07,51.38778,3,3,7,22:43,-1,E09000006,6,2,1,0,1,19,"[5, 3]","[1, 7]",0,"[0, 7]","[0, 11]",1,0,0,0,0,0,7,6
2024010520438,2024,010520438,514842,172053,-0.34923,51.43585,3,3,1,00:50,-1,E09000027,4,2,1,0,1,19,3,7,0,0,0,0,1,0,0,0,0,7,7
2024010520440,2024,010520440,536237,173164,-0.04118,51.44109,2,2,7,21:10,-1,E09000023,6,0,1,1,1,"[2, 19]","[0, 5]","[0, 1]","[0, 4]",0,0,1,0,0,0,0,0,7,6
2024010520443,2024,010520443,521169,186029,-0.25345,51.56014,3,3,1,00:42,-1,E09000005,3,2,1,0,1,19,6,2,0,0,0,1,0,0,0,0,0,7,7
2024010520445,2024,010520445,548171,178996,0.13285,51.4905,3,3,6,06:30,-1,E09000004,4,0,1,0,1,19,7,3,10,0,0,1,0,0,0,0,0,6,7
2024010520446,2024,010520446,532590,192635,-0.0863,51.61693,3,3,1,05:46,-1,E09000010,3,0,1,0,1,99,9,9,99,9,99,1,0,0,0,0,0,7,7
2024010520451,2024,010520451,532487,200702,-0.08473,51.68945,3,3,1,05:35,-1,E09000010,1,0,8,0,2,99,9,9,99,9,99,1,0,0,0,0,0,7,7
2024010520456,2024,010520456,543727,188765,0.07287,51.57943,3,3,1,08:04,-1,E09000026,3,0,1,0,1,"[2, 19]","[0, 7]","[0, 3]","[0, 4]",0,0,1,0,0,0,0,0,7,7
2024010520457,2024,010520457,545096,183255,0.09034,51.52957,3,3,7,12:22,-1,E09000002,3,0,2,1,1,99,9,9,99,9,99,1,0,0,0,0,0,7,6
2024010520463,2024,010520463,530327,177981,-0.12439,51.48577,2,2,1,09:41,-1,E09000022,3,0,1,0,1,19,7,3,0,0,0,1,0,0,0,0,1,7,7
2024010520470,2024,010520470,510947,176622,-0.40381,51.47769,2,2,1,11:35,-1,E09000018,3,0,1,0,1,19,"[1, 3]","[5, 7]",0,0,0,1,0,1,0,0,0,7,7
2024010520474,2024,010520474,532525,166981,-0.09687,51.38641,3,3,7,20:21,-1,E09000008,3,0,1,0,1,99,9,9,99,9,99,1,0,0,0,0,0,7,6
2024010520477,2024,010520477,533658,191378,-0.07136,51.60538,3,3,7,01:00,-1,E09000014,5,2,2,1,1,99,9,9,99,9,99,1,0,0,0,0,1,7,6
2024010520480,2024,010520480,532760,170040,-0.09235,51.41384,3,3,1,10:51,-1,E09000008,3,0,1,0,1,19,5,7,0,3,0,1,0,0,0,0,1,7,7
2024010520481,2024,010520481,530033,168152,-0.13223,51.39751,3,3,1,05:36,-1,E09000024,6,0,1,0,1,9,7,5,7,0,0,0,0,1,0,0,0,7,7
2024010520483,2024,010520483,541047,184666,0.03257,51.54327,3,3,1,12:53,-1,E09000025,4,0,1,0,1,9,3,1,0,0,0,1,0,0,0,0,1,7,7
2024010520485,2024,010520485,524020,178728,-0.21491,51.4939,3,3,1,11:50,-1,E09000013,3,0,1,0,1,9,4,1,0,0,0,1,0,0,0,0,1,7,7
2024010520488,2024,010520488,529893,181089,-0.12949,51.5138,3,3,1,13:59,-1,E09000007,3,0,2,1,1,5,0,7,0,0,0,1,0,0,0,0,1,7,7
2024010520490,2024,010520490,527874,178605,-0.15947,51.49194,3,3,1,12:50,-1,E09000020,3,0,1,-1,1,99,9,9,99,9,99,1,0,0,0,0,0,7,7
2024010520492,2024,010520492,524951,177702,-0.20187,51.48448,3,3,1,11:52,-1,E09000013,4,0,2,1,1,5,1,5,0,0,0,1,0,0,0,0,1,7,7
2024010520493,2024,010520493,535092,165964,-0.06038,51.37666,3,3,1,13:00,-1,E09000008,3,0,1,1,1,4,5,1,0,0,0,1,0,0,0,0,0,7,7
2024010520509,2024,010520509,537099,179763,-0.02623,51.50019,3,3,1,14:40,-1,E09000030,3,0,2,1,1,"[7, 19]",1,"[3, 5]",0,0,0,1,1,0,0,0,0,7,7
2024010520510,2024,010520510,508444,178467,-0.43927,51.49476,3,3,1,14:50,-1,E09000017,5,0,2,1,1,19,7,3,0,0,0,1,0,0,0,0,0,7,7