collision_index,collision_year,collision_ref_no,location_easting_osgr,location_northing_osgr,longitude,latitude,casualty_severity,casualty_severity,day_of_week,time,local_authority_district,local_authority_ons_district,first_road_class,light_conditions,weather_conditions,road_surface_conditions,urban_or_rural_area,vehicle_manoeuvre,vehicle_direction_from,vehicle_direction_to,hit_object_in_carriageway,vehicle_leaving_carriageway,hit_object_off_carriageway,is_car,is_cyle,is_mcyle,is_goodsv,is_other,is_pedestrian,month,day
2024010520512,2024,010520512,534602,193817,-0.0568,51.62708,3,3,1,16:40,-1,E09000010,3,0,1,0,1,"[10, -1]",5,"[3, 1]",0,0,0,1,0,0,0,0,0,7,7
2024010520526,2024,010520526,540899,182749,0.02967,51.52608,3,3,2,18:00,-1,E09000025,3,0,9,0,1,3,3,7,0,0,0,1,1,0,0,0,0,6,10
2024010520527,2024,010520527,533858,176355,-0.07418,51.47034,3,3,7,12:42,-1,E09000028,6,0,1,0,1,99,9,9,99,9,99,0,1,0,0,0,0,7,6
2024010520528,2024,010520528,523057,181769,-0.22772,51.52144,3,3,1,17:40,-1,E09000020,6,0,1,1,1,"[19, 5]","[7, 3]","[3, 7]",0,0,0,1,0,1,0,0,0,7,7
2024010520531,2024,010520531,527707,171899,-0.1643,51.43171,3,3,1,17:41,-1,E09000032,3,0,2,1,1,99,9,9,99,9,99,1,1,0,0,0,0,7,7
2024010520533,2024,010520533,525681,182197,-0.18977,51.52471,2,2,1,18:50,-1,E09000033,4,0,1,0,1,"[19, 9]","[7, 3]","[3, 1]",0,"[0, 1]",0,1,0,0,0,0,0,7,7
2024010520534,2024,010520534,532674,187331,-0.08709,51.56925,3,3,1,18:50,-1,E09000012,5,0,1,0,1,"[5, 19]","[0, 1]",5,0,0,0,1,1,0,0,0,0,7,7
2024010520536,2024,010520536,532132,180189,-0.09758,51.5052,3,3,7,22:50,-1,E09000028,3,2,1,0,1,99,9,9,99,9,99,1,1,0,0,0,0,6,29
2024010520539,2024,010520539,535932,183389,-0.04163,51.53305,3,3,7,12:00,-1,E09000030,3,0,2,1,1,99,9,9,99,9,99,1,1,0,0,0,0,7,6
2024010520540,2024,010520540,531121,166600,-0.11717,51.38331,3,3,1,18:50,-1,E09000008,3,0,1,0,1,19,"[5, 1]","[1, 5]",0,0,0,1,0,0,0,0,0,7,7
2024010520541,2024,010520541,517100,179115,-0.31442,51.49885,2,2,1,14:58,-1,E09000009,4,0,8,1,1,1,5,1,0,0,0,1,0,0,0,0,1,7,7
2024010520542,2024,010520542,529269,175212,-0.14063,51.46113,3,3,6,14:43,-1,E09000022,3,0,1,1,1,99,9,9,99,9,99,1,1,0,0,0,0,7,5
2024010520544,2024,010520544,526767,162955,-0.181,51.35154,3,3,1,18:20,-1,E09000029,6,0,2,1,1,19,7,3,0,0,0,1,0,0,0,0,0,7,7
2024010520548,2024,010520548,540416,182326,0.02255,51.5224,3,3,1,15:24,-1,E09000025,3,0,2,1,1,"[19, 9]","[1, 5]","[5, 2]",0,0,0,1,0,0,0,0,0,7,7
2024010520555,2024,010520555,521410,183328,-0.25091,51.53581,3,3,1,19:11,-1,E09000005,4,0,1,0,1,"[9, 5]","[3, 7]","[1, 3]",0,0,0,1,0,1,0,0,0,7,7
2024010520563,2024,010520563,529815,173752,-0.13331,51.44788,2,2,1,20:55,-1,E09000022,3,0,1,1,1,19,3,7,0,0,0,1,0,1,0,0,0,7,7
2024010520565,2024,010520565,531453,183147,-0.10626,51.53194,3,3,2,00:11,-1,E09000019,3,2,1,0,1,"[9, 19]","[5, 1]","[3, 5]",0,0,0,1,0,0,0,0,0,7,8
2024010520567,2024,010520567,540062,182044,0.01734,51.51996,2,2,1,22:30,-1,E09000025,3,2,1,0,1,19,7,3,0,0,0,1,0,0,0,0,1,7,7
2024010520576,2024,010520576,541768,188241,0.0444,51.57522,3,3,1,21:05,-1,E09000026,3,0,1,0,1,99,9,9,99,9,99,1,0,0,0,0,0,7,7
2024010520577,2024,010520577,514110,182325,-0.35644,51.52832,3,3,2,06:10,-1,E09000009,4,0,1,0,1,99,9,9,99,9,99,1,0,0,0,0,0,7,8
2024010520581,2024,010520581,521370,175487,-0.25418,51.46535,3,3,5,15:45,-1,E09000027,3,0,1,0,1,99,9,9,99,9,99,1,0,1,0,0,0,7,4
2024010520582,2024,010520582,521121,175455,-0.25777,51.46511,3,3,4,15:27,-1,E09000027,3,0,9,-1,1,99,9,9,99,9,99,1,0,1,0,0,0,7,3
2024010520583,2024,010520583,532683,176026,-0.09121,51.46766,3,3,2,08:13,-1,E09000028,3,0,1,0,1,99,9,9,99,9,99,1,1,0,0,0,0,7,8
2024010520588,2024,010520588,534130,187293,-0.06611,51.56856,3,3,2,08:45,-1,E09000012,6,0,1,0,1,99,9,9,99,9,99,1,0,0,0,0,1,7,8
2024010520598,2024,010520598,532296,187886,-0.09233,51.57433,3,3,3,18:45,-1,E09000014,6,0,1,0,1,99,9,9,99,9,99,1,1,0,0,0,0,6,25
2024010520602,2024,010520602,515933,188334,-0.32819,51.58195,3,3,1,20:05,-1,E09000015,6,0,1,0,1,99,9,9,99,9,99,1,1,0,0,0,0,6,30
2024010520604,2024,010520604,540490,181801,0.02341,51.51767,3,3,6,17:05,-1,E09000025,3,0,9,-1,1,99,9,9,99,9,99,0,0,0,1,0,1,6,28
2024010520605,2024,010520605,518615,180520,-0.29213,51.51117,3,3,3,23:30,-1,E09000009,3,2,1,0,1,99,9,9,99,9,99,1,0,0,0,0,0,7,2
2024010520606,2024,010520606,510832,175957,-0.40567,51.47173,3,3,7,18:20,-1,E09000018,3,2,2,1,1,99,9,9,99,9,99,1,0,1,0,0,0,7,6
2024010520607,2024,010520607,518504,189697,-0.29064,51.59367,3,3,1,12:30,-1,E09000015,3,0,1,0,1,99,9,9,99,9,99,1,0,0,0,0,0,7,7
2024010520609,2024,010520609,530861,167386,-0.12062,51.39043,3,3,6,11:35,-1,E09000008,3,0,9,-1,1,99,9,9,99,9,99,1,0,1,0,0,0,7,5
2024010520613,2024,010520613,529813,181459,-0.13051,51.51715,3,3,1,01:44,-1,E09000007,3,2,9,0,1,99,9,9,0,0,0,1,0,0,0,0,1,6,30
2024010520614,2024,010520614,532626,184838,-0.08872,51.54686,2,2,2,13:00,-1,E09000019,3,0,1,0,1,"[7, 19]",7,"[1, 3]",0,0,0,1,1,0,0,0,0,7,8
2024010520617,2024,010520617,544540,190428,0.08528,51.59416,3,3,2,06:15,-1,E09000026,3,0,9,-1,1,99,9,9,99,9,99,1,0,0,0,0,1,7,8
2024010520623,2024,010520623,522499,182791,-0.2354,51.53075,3,3,2,09:03,-1,E09000013,6,0,1,0,1,19,2,6,0,0,0,1,0,0,0,0,0,7,8
2024010520626,2024,010520626,515994,175202,-0.33163,51.46391,2,2,2,08:15,-1,E09000018,3,0,1,0,1,"[9, 19]","[2, 1]","[8, 5]",0,0,0,1,1,0,0,0,0,7,8
2024010520627,2024,010520627,530904,164826,-0.12094,51.36742,3,3,2,13:55,-1,E09000008,3,0,1,0,1,"[2, 19]","[0, 3, 7]","[0, 7, 3]","[0, 4]",0,0,1,0,0,0,0,0,7,8
2024010520628,2024,010520628,527456,168438,-0.16915,51.40066,2,2,2,12:29,-1,E09000024,3,0,1,0,1,"[19, 9]","[6, 2]","[2, 8]",0,0,0,1,0,1,0,0,0,7,8
2024010520631,2024,010520631,528359,179223,-0.15227,51.49738,3,3,2,13:40,-1,E09000033,4,0,1,0,1,"[19, 9]","[4, 2]",8,0,0,0,1,0,0,0,0,0,7,8
2024010520636,2024,010520636,530311,175079,-0.12569,51.4597,3,3,1,11:15,-1,E09000022,3,0,1,-1,1,"[2, 14]",9,9,"[99, 8]",9,99,1,1,0,0,0,0,7,7
2024010520637,2024,010520637,540306,177235,0.01894,51.47668,3,3,2,15:03,-1,E09000011,4,0,1,0,1,"[3, 19]",5,1,0,0,0,1,0,0,0,0,0,7,8
2024010520650,2024,010520650,547098,168743,0.11315,51.39865,3,3,2,16:23,-1,E09000006,3,0,1,0,1,"[14, 9]","[1, 3]","[5, 1]",0,0,0,1,0,1,0,0,0,7,8
2024010520656,2024,010520656,517429,170660,-0.31249,51.4228,2,2,2,15:00,-1,E09000027,5,0,1,1,1,19,1,5,0,0,0,0,1,0,0,0,1,6,24
2024010520660,2024,010520660,534250,187512,-0.06429,51.5705,3,3,2,16:50,-1,E09000012,3,0,1,0,1,19,5,1,0,0,0,1,0,0,0,0,1,7,8
2024010520663,2024,010520663,530357,180144,-0.12316,51.5052,2,2,2,16:45,-1,E09000033,3,0,1,0,2,19,5,1,0,0,0,1,0,0,0,0,1,7,8
2024010520664,2024,010520664,540956,181842,0.03013,51.51792,3,3,2,17:05,-1,E09000025,6,0,1,0,1,"[2, 19]","[0, 1, 7]","[0, 5, 3]",0,0,0,1,0,0,0,0,0,7,8
2024010520668,2024,010520668,543522,186278,0.0689,51.55713,3,3,2,15:25,-1,E09000026,3,0,1,0,1,7,2,5,0,0,0,1,0,0,0,0,1,7,8
2024010520679,2024,010520679,524908,177819,-0.20245,51.48554,3,3,2,17:00,-1,E09000013,3,0,1,0,1,99,9,9,99,9,99,1,1,0,0,0,0,7,8
2024010520685,2024,010520685,531251,164783,-0.11597,51.36695,3,3,2,17:30,-1,E09000008,3,0,8,0,1,99,9,9,99,9,99,1,0,0,0,0,0,7,8
2024010520694,2024,010520694,526159,176260,-0.185,51.47125,3,3,2,17:16,-1,E09000013,5,0,1,0,1,"[19, 3]","[3, 7]","[7, 3]",0,0,0,1,0,0,0,0,0,7,8
2024010520697,2024,010520697,526777,189477,-0.17135,51.58989,2,2,2,16:20,-1,E09000003,3,0,1,0,1,4,5,1,0,0,0,0,0,0,1,0,0,7,8
2024010520700,2024,010520700,524783,186358,-0.20123,51.5623,3,3,2,16:50,-1,E09000003,3,0,2,1,1,19,6,2,0,0,0,1,0,0,0,0,1,7,8
2024010520707,2024,010520707,521899,167866,-0.24919,51.39674,3,3,2,15:20,-1,E09000021,6,0,1,0,1,19,5,1,0,0,0,0,1,0,0,0,1,7,8
2024010520710,2024,010520710,543541,184096,0.06828,51.53752,3,3,2,19:58,-1,E09000025,3,0,1,1,1,"[13, 19]",9,9,99,9,99,1,0,0,0,0,0,7,8
2024010520711,2024,010520711,528812,193692,-0.14045,51.62731,3,3,1,13:15,-1,E09000003,5,0,2,1,1,99,9,9,99,9,99,1,0,0,0,0,1,7,7
2024010520719,2024,010520719,550167,188857,0.16578,51.57858,3,3,2,16:35,-1,E09000016,6,0,1,1,1,19,5,1,0,0,0,1,0,0,0,0,1,7,8
2024010520721,2024,010520721,522692,180617,-0.23338,51.51117,3,3,7,18:43,-1,E09000013,6,0,9,0,1,5,0,5,8,0,0,1,0,0,0,0,0,6,29
2024010520729,2024,010520729,517510,180662,-0.308,51.51267,3,3,2,19:15,-1,E09000009,3,0,2,1,1,"[7, 19]",3,"[6, 7]","[0, 4]",0,0,1,1,0,0,0,0,7,8
2024010520739,2024,010520739,536749,163397,-0.03758,51.3532,3,3,2,22:09,-1,E09000008,3,2,1,1,1,"[7, 19]",5,"[8, 1]",0,0,0,1,1,0,0,0,0,7,8
2024010520740,2024,010520740,528930,163798,-0.14965,51.35863,3,3,2,22:45,-1,E09000029,3,2,2,1,1,19,5,1,0,0,0,1,0,0,0,0,0,7,8
2024010520746,2024,010520746,536739,188881,-0.02787,51.58221,3,3,6,21:37,-1,E09000031,5,2,9,-1,1,99,9,9,99,9,99,1,0,1,0,0,0,7,5
2024010520748,2024,010520748,522014,185025,-0.24162,51.55093,2,2,3,07:38,-1,E09000005,3,0,1,1,1,"[19, 12]","[4, 8]","[8, 4]",0,0,0,1,1,0,0,0,0,7,9
2024010520752,2024,010520752,534378,196531,-0.05899,51.65152,3,3,7,22:20,-1,E09000010,6,2,9,-1,1,99,9,9,99,9,99,1,0,1,0,0,0,7,6
2024010520754,2024,010520754,538612,180224,-0.00426,51.50396,3,3,7,10:30,-1,E09000030,3,2,9,0,2,99,9,9,99,9,99,1,0,0,1,0,0,6,29
2024010520756,2024,010520756,530239,177818,-0.12572,51.48433,3,3,6,17:19,-1,E09000022,3,0,1,0,1,99,9,9,99,9,99,1,0,1,0,0,0,6,28
2024010520760,2024,010520760,527019,181688,-0.17067,51.51984,2,2,3,09:47,-1,E09000033,3,0,1,1,1,19,2,6,11,0,0,1,0,0,0,0,1,7,9
2024010520762,2024,010520762,514855,188227,-0.34378,51.58121,3,3,3,09:25,-1,E09000015,3,0,1,0,1,"[19, 9]",7,"[3, 5]",0,0,0,1,0,0,0,0,0,7,9
2024010520764,2024,010520764,534147,185508,-0.06654,51.55252,2,2,3,10:35,-1,E09000012,5,0,2,1,1,"[14, 6]","[5, 1]",1,0,0,0,1,0,1,0,0,0,7,9
2024010520765,2024,010520765,528158,164530,-0.16047,51.36538,3,3,3,09:48,-1,E09000029,3,0,1,1,1,5,7,3,0,0,0,1,0,0,0,0,1,7,9
2024010520770,2024,010520770,521565,175479,-0.25138,51.46523,3,3,2,14:50,-1,E09000027,3,0,9,-1,1,99,9,9,99,9,99,1,0,1,0,0,0,7,8
2024010520772,2024,010520772,526833,185537,-0.17197,51.55447,3,3,2,15:30,-1,E09000007,3,0,9,-1,1,"[19, 5]",9,9,99,9,99,1,0,1,0,0,0,7,8
2024010520780,2024,010520780,550630,189746,0.17284,51.58644,3,3,3,11:15,-1,E09000016,3,2,9,-1,1,"[8, 19]",5,"[6, 1]",99,9,99,1,0,0,0,0,0,7,2
2024010520784,2024,010520784,530037,181480,-0.12728,51.51728,3,3,2,11:22,-1,E09000007,3,0,1,0,1,99,9,9,99,9,99,1,1,0,0,0,0,6,17
2024010520788,2024,010520788,539609,173756,0.00754,51.44559,3,3,2,16:23,-1,E09000023,3,0,1,0,1,99,9,9,99,9,99,1,0,1,0,0,0,7,8
2024010520798,2024,010520798,524310,185108,-0.20849,51.55118,3,3,3,13:15,-1,E09000007,3,0,2,1,1,"[19, 9]",5,"[1, 2]",0,0,0,1,0,1,0,0,0,7,9
2024010520800,2024,010520800,524058,175683,-0.21544,51.46653,2,2,3,13:39,-1,E09000032,4,0,1,1,1,19,3,7,0,0,0,1,0,0,0,0,1,7,9
2024010520805,2024,010520805,537944,177697,-0.01487,51.48141,3,3,3,15:50,-1,E09000011,4,0,9,-1,1,99,9,9,99,9,99,1,0,1,0,0,0,7,2
2024010520810,2024,010520810,531073,190405,-0.10903,51.59725,3,3,2,17:35,-1,E09000014,3,0,1,0,1,99,9,9,99,9,99,0,0,1,0,0,1,6,24
2024010520812,2024,010520812,529789,177705,-0.13224,51.48341,3,3,7,23:50,-1,E09000032,3,2,9,-1,1,99,9,9,99,9,99,0,0,1,0,0,0,7,6
2024010520816,2024,010520816,529947,173896,-0.13136,51.44915,3,3,3,14:47,-1,E09000022,4,0,2,1,1,"[19, 9]","[1, 7]",5,0,0,0,1,0,0,0,0,0,7,9
2024010520825,2024,010520825,546977,179556,0.1159,51.49585,3,3,3,14:15,-1,E09000011,6,0,1,1,1,99,9,9,99,9,99,1,0,0,0,0,0,7,9
2024010520826,2024,010520826,525404,172705,-0.19712,51.43947,3,3,3,20:55,-1,E09000024,3,0,2,1,1,99,9,9,99,9,99,1,1,0,0,0,0,7,9
2024010520828,2024,010520828,523118,184665,-0.22583,51.54746,3,3,3,08:45,-1,E09000005,3,0,1,0,1,5,7,3,0,0,0,1,0,0,0,0,1,7,2
2024010520848,2024,010520848,519690,184537,-0.27528,51.54704,3,3,3,10:06,-1,E09000005,3,0,2,1,1,99,9,9,99,9,99,1,1,0,0,0,0,7,9
2024010520849,2024,010520849,513220,175573,-0.37143,51.46781,3,3,3,17:00,-1,E09000018,6,0,1,1,1,"[19, 3]",9,9,99,9,99,1,0,0,0,0,0,7,9
2024010520851,2024,010520851,510279,174790,-0.41399,51.46135,2,2,3,17:50,-1,E09000018,3,0,2,1,1,"[3, 19, 9]","[2, 5, 8]","[6, 1]",0,0,0,1,0,1,0,0,0,7,9
2024010520854,2024,010520854,533388,180015,-0.07956,51.50334,3,3,3,08:48,-1,E09000028,3,0,1,0,1,"[6, 19]",9,9,99,9,99,0,1,1,0,0,0,7,9
2024010520856,2024,010520856,532361,185555,-0.09227,51.55336,3,3,3,18:00,-1,E09000019,6,0,1,0,1,"[2, 19]","[0, 1]","[0, 5]",0,0,0,1,1,0,0,0,0,7,9
2024010520860,2024,010520860,529247,189090,-0.13586,51.58585,3,3,3,15:52,-1,E09000014,5,0,2,1,1,99,9,9,99,9,99,1,0,0,0,0,1,7,9
2024010520861,2024,010520861,543006,174425,0.05666,51.45076,2,2,3,17:03,-1,E09000011,3,0,2,1,1,"[19, 13]","[3, 7]","[7, 3]",0,0,0,0,1,0,1,0,0,7,9
2024010520868,2024,010520868,526465,169917,-0.18286,51.41418,3,3,3,20:20,-1,E09000024,3,0,8,1,1,3,1,5,0,0,0,1,0,0,0,0,0,7,9
2024010520870,2024,010520870,536856,177033,-0.03078,51.47571,2,2,3,18:05,-1,E09000023,3,0,2,1,1,"[19, 9]","[1, 7]",5,0,"[2, 0]","[2, 0]",1,0,1,0,0,0,7,9
2024010520871,2024,010520871,534970,187051,-0.05409,51.56619,3,3,3,15:31,-1,E09000012,6,0,2,1,1,19,3,7,0,0,0,1,0,0,0,0,1,7,9
2024010520872,2024,010520872,533537,182377,-0.07652,51.52453,3,3,3,15:37,-1,E09000012,6,0,1,0,1,"[19, 1]",1,5,0,0,0,1,0,0,0,0,0,7,9
2024010520876,2024,010520876,538064,189872,-0.00837,51.59079,3,3,3,16:40,-1,E09000031,3,0,1,1,1,19,3,7,0,0,0,0,0,1,0,0,1,7,9
2024010520879,2024,010520879,533131,192595,-0.0785,51.61645,3,3,3,20:18,-1,E09000010,5,0,1,1,1,19,3,7,0,0,0,1,0,0,0,0,1,7,9
2024010520884,2024,010520884,533186,196571,-0.0762,51.65216,3,3,3,17:40,-1,E09000010,3,0,8,1,1,99,9,9,99,9,99,1,0,0,0,0,0,7,9
2024010520885,2024,010520885,530403,190415,-0.11869,51.59749,2,2,3,16:05,-1,E09000014,4,0,2,1,1,19,7,3,0,0,0,0,1,0,0,0,0,7,9
2024010520886,2024,010520886,534830,180454,-0.05863,51.50694,3,3,3,16:15,-1,E09000030,5,0,1,0,1,19,5,1,0,0,0,1,0,0,0,0,1,7,9
2024010520887,2024,010520887,532247,184217,-0.09442,51.54137,3,3,3,21:20,-1,E09000019,3,2,1,1,1,9,5,2,0,0,0,0,1,0,0,0,0,7,9
2024010520889,2024,010520889,531844,183355,-0.10055,51.53371,3,3,3,21:02,-1,E09000019,6,0,1,0,1,99,9,9,99,9,99,1,1,0,0,0,0,7,9
2024010520892,2024,010520892,510598,174272,-0.40956,51.45663,3,3,3,17:28,-1,E09000018,3,0,1,1,1,19,1,5,0,0,0,1,0,0,0,0,1,7,9
2024010520902,2024,010520902,537235,189416,-0.02051,51.58689,3,3,3,23:55,-1,E09000031,3,2,8,1,1,"[19, 5]",8,4,0,0,0,1,0,1,0,0,0,7,9
2024010520904,2024,010520904,540647,181754,0.02565,51.51721,3,3,3,23:22,-1,E09000025,3,2,1,1,1,"[19, 12]",3,7,0,0,0,1,0,1,0,0,0,7,9
2024010520906,2024,010520906,536495,197870,-0.02789,51.66304,2,2,3,23:46,-1,E09000010,3,2,1,0,1,"[19, 3, 15]",5,1,"[0, 7]","[0, 1]",0,1,0,0,0,0,0,7,9
2024010520907,2024,010520907,510205,176917,-0.41439,51.48048,3,3,3,23:46,-1,E09000018,3,2,1,0,1,5,0,1,0,0,0,0,0,0,1,0,0,7,9
2024010520909,2024,010520909,537477,169599,-0.02473,51.40876,3,3,3,22:50,-1,E09000006,4,2,1,1,1,"[19, 7]","[1, 5]","[5, 8]",0,"[1, 0]",0,1,0,0,0,0,0,7,9
2024010520910,2024,010520910,533662,178305,-0.07626,51.48791,3,3,4,00:41,-1,E09000028,3,2,8,1,1,"[3, 19]",4,8,0,0,0,1,0,0,0,0,0,7,10
2024010520912,2024,010520912,517041,185093,-0.31328,51.55259,2,"[3, 2]",4,02:12,-1,E09000005,3,2,1,1,1,"[19, 8]","[4, 8]","[8, 5]",0,3,"[0, 1]",1,0,0,0,0,0,7,10
2024010520913,2024,010520913,528859,175910,-0.14628,51.4675,3,3,4,01:40,-1,E09000022,3,2,1,0,1,19,7,3,10,2,10,0,0,0,1,0,0,7,10
2024010520916,2024,010520916,526331,192363,-0.17675,51.61593,3,3,4,03:10,-1,E09000003,3,2,1,0,1,"[6, 15]",1,"[1, 5]",0,0,0,1,0,1,0,0,0,7,10
2024010520922,2024,010520922,511564,183266,-0.39283,51.53728,3,3,4,07:45,-1,E09000009,4,0,1,0,1,5,4,8,0,0,0,1,0,0,0,0,1,7,10
2024010520924,2024,010520924,535240,177328,-0.05392,51.47875,3,3,3,16:56,-1,E09000023,3,0,1,1,1,"[19, 6]","[7, 3]",3,0,0,0,1,1,0,0,0,0,7,9
2024010520931,2024,010520931,525762,179699,-0.18949,51.50224,3,3,4,08:10,-1,E09000020,3,0,1,0,1,99,9,9,99,9,99,1,0,0,0,0,1,7,10
2024010520932,2024,010520932,526045,175434,-0.18693,51.46385,3,3,4,18:50,-1,E09000032,3,0,1,0,1,99,9,9,99,9,99,0,1,0,0,0,1,6,26
2024010520933,2024,010520933,534951,181901,-0.05634,51.51991,3,3,4,08:50,-1,E09000030,3,0,1,0,1,99,9,9,99,9,99,1,1,0,0,0,0,7,10
2024010520942,2024,010520942,517865,167057,-0.30742,51.39032,2,2,4,09:32,-1,E09000021,3,0,1,0,1,5,8,4,0,0,0,1,0,0,0,0,1,7,10
2024010520943,2024,010520943,533073,191342,-0.07982,51.6052,3,3,4,09:55,-1,E09000014,5,0,1,0,1,"[9, 14]","[5, 7]",3,0,0,0,1,0,1,0,0,0,7,10
2024010520950,2024,010520950,514534,182226,-0.35036,51.52734,3,3,4,09:35,-1,E09000009,4,0,1,0,1,19,3,7,0,0,0,1,0,0,0,0,1,7,10
2024010520951,2024,010520951,543311,188458,0.06674,51.57678,3,3,2,08:09,-1,E09000026,3,2,9,-1,1,99,9,9,99,9,99,1,0,0,0,0,0,7,8
2024010520954,2024,010520954,536143,176899,-0.04109,51.47468,2,2,3,18:00,-1,E09000023,3,0,2,1,1,"[19, 7]",9,9,99,9,99,1,1,0,0,0,0,7,9
2024010520959,2024,010520959,521186,175460,-0.25684,51.46515,3,3,5,18:10,-1,E09000027,3,0,1,0,1,99,9,9,99,9,99,1,0,1,0,0,0,7,4
2024010520966,2024,010520966,527679,168332,-0.16598,51.39966,3,3,4,10:58,-1,E09000024,3,0,1,0,1,"[9, 14]","[6, 4]","[4, 8]",0,0,0,1,0,1,0,0,0,7,10
2024010520970,2024,010520970,528411,195824,-0.14546,51.64656,3,3,3,13:00,-1,E09000010,6,0,9,-1,1,99,9,9,99,9,99,1,0,0,0,0,0,7,9
2024010520974,2024,010520974,534910,181299,-0.05716,51.51451,3,3,7,16:40,-1,E09000030,3,0,1,0,1,99,9,9,99,9,99,1,0,1,0,0,0,7,6
2024010520975,2024,010520975,536223,171536,-0.04201,51.42647,2,2,2,09:00,-1,E09000023,3,0,1,0,1,99,9,9,99,9,99,1,0,0,0,0,1,7,8
2024010520981,2024,010520981,527958,175879,-0.15925,51.46742,3,3,4,12:20,-1,E09000032,6,0,1,0,1,19,"[3, 7]","[7, 3]",0,0,0,1,1,0,0,0,0,7,10
2024010520985,2024,010520985,530097,188334,-0.12388,51.57886,3,3,4,09:01,-1,E09000014,3,0,1,0,1,13,5,1,0,8,10,1,0,0,0,0,0,7,10
2024010520986,2024,010520986,529208,180828,-0.13946,51.51161,3,3,3,10:24,-1,E09000033,5,0,1,0,1,99,9,9,99,9,99,1,0,1,0,0,0,7,9
2024010520987,2024,010520987,523979,189557,-0.21169,51.59123,3,3,4,12:35,-1,E09000003,3,2,8,0,1,5,1,5,0,1,0,0,0,1,0,0,1,7,10
2024010520995,2024,010520995,523499,190104,-0.21843,51.59625,3,3,3,14:55,-1,E09000003,3,0,2,2,1,19,1,5,0,"[0, 1]",0,1,0,0,0,0,1,7,9
2024010521001,2024,010521001,529827,186623,-0.12841,51.56355,3,3,4,14:30,-1,E09000019,3,0,1,0,1,19,"[5, 1]","[1, 5]",0,0,0,1,1,0,0,0,0,7,10
2024010521002,2024,010521002,528501,176775,-0.15111,51.47535,3,3,3,17:50,-1,E09000032,6,0,2,0,1,99,9,9,99,9,99,1,1,0,0,0,0,7,9
2024010521007,2024,010521007,533701,191019,-0.07088,51.60215,2,2,3,15:34,-1,E09000014,6,0,1,0,1,99,9,9,0,0,0,1,0,0,0,0,1,7,9
2024010521010,2024,010521010,537352,177621,-0.02342,51.48088,3,3,4,12:57,-1,E09000011,3,0,1,0,1,"[3, 5]",1,5,0,0,0,1,0,0,0,0,0,7,10
2024010521014,2024,010521014,531484,192298,-0.10239,51.61416,3,3,4,15:30,-1,E09000010,3,0,1,0,1,"[19, 7]","[7, 5]","[3, 7]",0,0,0,1,0,1,0,0,0,7,10
2024010521016,2024,010521016,526812,195946,-0.16851,51.64802,3,3,3,20:46,-1,E09000003,3,0,1,0,1,99,9,9,"[99, 0]","[9, 0]","[99, 0]",1,0,0,0,0,0,7,9
2024010521020,2024,010521020,541001,184797,0.03196,51.54446,3,3,4,15:45,-1,E09000025,4,0,1,0,1,99,9,9,99,9,99,1,0,0,0,0,0,7,10
2024010521021,2024,010521021,519372,183603,-0.28019,51.53871,3,3,3,17:00,-1,E09000005,3,0,2,1,1,99,9,9,99,9,99,1,0,0,0,0,0,7,9
2024010521031,2024,010521031,513256,184500,-0.36804,51.54804,3,3,4,15:13,-1,E09000009,3,0,8,0,1,99,9,9,99,9,99,1,0,0,0,0,0,7,10
2024010521032,2024,010521032,529077,175352,-0.14334,51.46243,2,2,4,17:35,-1,E09000022,6,0,1,0,1,99,9,9,99,9,99,1,1,0,0,0,0,7,3
2024010521035,2024,010521035,527552,175495,-0.16523,51.46406,3,3,4,15:32,-1,E09000032,3,0,8,0,1,99,9,9,99,9,99,1,0,0,0,0,0,7,10
2024010521039,2024,010521039,516049,180287,-0.32917,51.5096,3,3,4,17:50,-1,E09000009,3,0,1,0,1,"[9, 15]",7,"[5, 3]",0,0,0,1,0,1,0,0,0,7,10
2024010521040,2024,010521040,527314,181418,-0.16652,51.51735,3,3,4,17:05,-1,E09000033,3,0,1,0,1,"[4, 19]",4,8,"[0, 8]",0,0,1,1,0,0,0,0,7,10
2024010521045,2024,010521045,531389,183245,-0.10714,51.53283,3,3,4,17:30,-1,E09000019,5,0,1,0,1,"[2, 15]","[0, 7]","[0, 3]",0,0,0,0,0,1,1,0,1,7,10
2024010521046,2024,010521046,532347,196693,-0.08827,51.65346,2,"[3, 2]",4,17:02,-1,E09000010,3,0,1,0,1,"[19, 9]","[3, 7]","[7, 5]",0,0,0,1,0,0,0,0,0,7,10
2024010521047,2024,010521047,533125,196544,-0.07709,51.65193,3,3,4,16:25,-1,E09000010,6,0,1,0,1,19,1,5,0,0,0,1,0,0,0,0,1,7,10
2024010521048,2024,010521048,509497,171863,-0.42615,51.43519,3,3,4,18:25,-1,E09000018,3,0,1,0,1,19,"[5, 1]","[1, 5]",0,"[1, 0]",0,1,0,0,0,0,0,7,10
2024010521053,2024,010521053,530288,172657,-0.12691,51.43794,2,"[3, 2]",4,16:03,-1,E09000022,3,0,1,0,1,"[3, 19]","[3, 1]","[7, 5]",0,0,0,1,0,1,1,0,0,7,10
2024010521054,2024,010521054,531348,178411,-0.10953,51.4894,3,3,4,17:33,-1,E09000022,3,0,1,0,1,"[6, 4]","[5, 1]",5,0,0,0,1,1,0,0,0,0,7,10