collision_index,collision_year,collision_ref_no,location_easting_osgr,location_northing_osgr,longitude,latitude,casualty_severity,casualty_severity,day_of_week,time,local_authority_district,local_authority_ons_district,first_road_class,light_conditions,weather_conditions,road_surface_conditions,urban_or_rural_area,vehicle_manoeuvre,vehicle_direction_from,vehicle_direction_to,hit_object_in_carriageway,vehicle_leaving_carriageway,hit_object_off_carriageway,is_car,is_cyle,is_mcyle,is_goodsv,is_other,is_pedestrian,month,day
2024010521057,2024,010521057,522746,180087,-0.23278,51.50639,3,3,4,17:32,-1,E09000013,3,0,1,0,1,19,7,3,0,0,0,1,0,0,0,0,1,7,10
2024010521061,2024,010521061,536931,171453,-0.03186,51.42555,3,3,4,18:40,-1,E09000006,6,0,1,0,1,"[9, 19]",5,"[4, 1]",0,0,0,1,0,1,0,0,0,7,10
2024010521062,2024,010521062,530981,192762,-0.10948,51.61845,3,3,4,18:48,-1,E09000010,6,0,9,0,1,19,1,5,0,0,0,1,0,0,0,0,1,7,10
2024010521065,2024,010521065,531088,166630,-0.11763,51.38359,3,3,4,18:15,-1,E09000008,3,0,1,0,1,"[4, 19]",5,1,0,0,0,1,0,0,0,0,0,7,10
2024010521066,2024,010521066,530159,187189,-0.12341,51.56856,2,2,4,19:11,-1,E09000019,3,0,1,0,1,19,"[7, 1]","[3, 5]",0,0,0,1,0,1,0,0,0,7,10
2024010521067,2024,010521067,545474,187069,0.09736,51.56374,3,3,4,16:10,-1,E09000026,3,0,1,0,1,7,5,7,0,0,0,1,0,0,0,0,1,7,10
2024010521068,2024,010521068,518102,185057,-0.298,51.55205,3,3,4,19:25,-1,E09000005,3,0,1,0,1,13,5,1,0,0,0,0,0,1,0,0,1,7,10
2024010521070,2024,010521070,523454,183493,-0.2214,51.53685,3,3,4,19:30,-1,E09000005,5,0,1,0,1,19,4,8,0,0,0,1,0,1,0,0,0,7,10
2024010521076,2024,010521076,533375,176727,-0.08099,51.47379,2,2,4,17:13,-1,E09000028,3,0,1,0,1,"[6, 19]",3,"[3, 7]",0,0,0,1,0,0,0,0,0,7,10
2024010521079,2024,010521079,531571,182690,-0.10473,51.5278,3,3,4,18:17,-1,E09000019,5,0,1,0,1,99,9,9,99,9,99,1,1,0,0,0,0,7,10
2024010521082,2024,010521082,532440,177364,-0.09421,51.47974,3,3,4,18:26,-1,E09000028,3,0,1,0,1,"[3, 15]",1,5,"[0, 8]",0,0,1,1,0,0,0,0,7,10
2024010521084,2024,010521084,529575,165058,-0.13994,51.36981,3,3,4,14:49,-1,E09000029,3,0,8,0,1,5,7,3,0,0,0,0,0,0,1,0,0,7,10
2024010521085,2024,010521085,547633,184358,0.12735,51.53882,3,3,4,07:35,-1,E09000002,5,0,9,0,1,99,9,9,99,9,99,1,0,0,0,0,1,7,10
2024010521089,2024,010521089,522147,179547,-0.2416,51.50167,2,2,4,13:43,-1,E09000013,4,0,1,0,1,"[6, 19]","[1, 5]",1,0,"[0, 1]",0,0,1,1,0,0,0,7,10
2024010521090,2024,010521090,551728,189341,0.1885,51.58251,2,2,4,17:22,-1,E09000016,3,0,1,0,1,19,1,5,0,0,0,0,0,0,1,0,0,7,10
2024010521091,2024,010521091,520244,180067,-0.26882,51.50675,3,3,4,21:03,-1,E09000009,3,2,1,0,1,"[4, 19]","[3, 7]","[7, 3]",0,0,0,1,1,0,0,0,0,7,10
2024010521092,2024,010521092,514421,185046,-0.35107,51.55271,3,3,4,16:54,-1,E09000009,3,0,1,0,1,99,9,9,99,9,99,1,1,0,0,0,0,7,10
2024010521094,2024,010521094,531012,175365,-0.1155,51.4621,3,3,4,17:20,-1,E09000022,3,0,1,0,1,19,5,1,0,0,0,1,0,0,0,0,1,7,10
2024010521095,2024,010521095,549024,183637,0.14709,51.53198,3,3,4,20:03,-1,E09000002,6,0,9,0,1,19,3,7,0,0,0,1,0,0,0,0,1,7,10
2024010521096,2024,010521096,524499,187894,-0.20478,51.57617,3,3,2,08:35,-1,E09000003,3,0,1,0,1,99,9,9,99,9,99,1,1,0,0,0,0,7,8
2024010521097,2024,010521097,530509,176486,-0.12232,51.47229,3,3,4,16:05,-1,E09000022,3,0,1,0,1,"[7, 19]",4,"[7, 8]",0,0,0,1,1,0,0,0,0,7,10
2024010521099,2024,010521099,528658,175796,-0.14921,51.46652,3,3,4,14:07,-1,E09000022,3,0,1,0,1,"[7, 19]",9,9,99,9,99,0,1,1,0,0,0,7,10
2024010521101,2024,010521101,519231,169175,-0.28708,51.40907,3,3,4,19:40,-1,E09000021,3,0,1,0,1,"[6, 19]","[1, 3]","[1, 7]",0,0,0,1,1,0,0,0,0,7,10
2024010521105,2024,010521105,541994,158794,0.03586,51.31055,3,3,4,17:18,-1,E09000006,3,0,1,0,1,19,"[5, 1]","[1, 5]",0,0,0,1,0,0,0,0,0,7,10
2024010521106,2024,010521106,540656,177031,0.0239,51.47476,3,3,4,17:10,-1,E09000011,3,0,1,0,1,99,9,9,99,9,99,1,0,0,1,0,0,7,10
2024010521108,2024,010521108,533714,189504,-0.07127,51.58853,3,3,2,13:30,-1,E09000014,3,0,9,-1,1,99,9,9,99,9,99,1,0,0,0,0,0,7,8
2024010521109,2024,010521109,533652,178569,-0.07631,51.49028,2,2,4,23:16,-1,E09000028,4,2,1,0,1,"[9, 19]","[7, 1]",5,0,0,0,1,1,0,0,0,0,7,10
2024010521112,2024,010521112,537953,182982,-0.01267,51.5289,3,3,4,23:31,-1,E09000030,3,2,1,0,1,19,7,3,0,0,0,1,0,0,0,0,0,7,10
2024010521114,2024,010521114,524529,182340,-0.20631,51.52625,2,2,5,00:14,-1,E09000033,3,2,1,0,1,13,7,3,10,1,4,1,0,0,0,0,1,7,11
2024010521117,2024,010521117,516681,181066,-0.31981,51.51648,2,2,4,23:00,-1,E09000009,6,2,1,0,1,19,3,7,10,1,2,0,1,0,0,0,0,7,10
2024010521118,2024,010521118,537948,171151,-0.01736,51.42259,2,"[3, 2]",4,23:18,-1,E09000023,3,2,1,0,1,19,"[3, 7]","[7, 3]",0,0,0,1,0,0,0,0,0,7,10
2024010521121,2024,010521121,534872,179558,-0.05837,51.49888,3,3,4,17:30,-1,E09000028,3,0,1,0,1,"[10, -1]","[3, 7]","[1, 3]",0,0,0,1,0,1,0,0,0,7,10
2024010521126,2024,010521126,518320,183043,-0.29553,51.5339,2,2,4,22:40,-1,E09000009,3,2,1,0,1,"[6, 13]",1,"[1, 5]",0,0,0,1,0,1,0,0,0,7,10
2024010521127,2024,010521127,524979,174603,-0.20257,51.45662,2,2,5,01:25,-1,E09000032,3,2,1,0,1,19,3,7,0,0,0,0,0,1,0,0,1,7,11
2024010521128,2024,010521128,529970,172836,-0.13142,51.43962,3,3,5,12:50,-1,E09000022,6,2,1,0,1,99,9,9,99,9,"[0, 99]",1,0,0,0,0,0,7,11
2024010521129,2024,010521129,513349,186249,-0.36614,51.56374,3,3,4,21:40,-1,E09000015,5,2,1,0,1,"[3, 4]",7,3,0,0,0,1,0,1,0,0,0,7,10
2024010521133,2024,010521133,529955,175638,-0.13061,51.4648,2,2,5,06:40,-1,E09000022,3,0,1,0,1,"[5, 19]","[4, 6]","[8, 2]",0,0,0,1,1,0,0,0,0,7,11
2024010521135,2024,010521135,524601,180315,-0.20599,51.50804,2,2,2,00:10,-1,E09000020,6,2,1,0,1,19,6,2,99,"[0, 1]","[0, 99]",1,1,0,0,0,0,7,1
2024010521136,2024,010521136,526681,166886,-0.18084,51.38689,3,3,5,07:55,-1,E09000029,5,0,1,0,1,"[9, 19]","[5, 3]","[3, 7]",0,0,0,1,0,0,0,0,0,7,11
2024010521142,2024,010521142,549686,175581,0.15321,51.45942,3,3,5,08:15,-1,E09000004,3,0,1,0,1,"[19, 3]",1,5,0,0,0,1,0,0,1,0,0,7,11
2024010521148,2024,010521148,530900,164102,-0.12126,51.36091,2,2,5,08:02,-1,E09000008,6,0,8,0,1,"[2, -1]","[0, 5]","[0, 1]","[0, 4]",0,0,1,1,0,0,0,0,7,11
2024010521152,2024,010521152,545345,178583,0.092,51.48752,3,3,7,18:40,-1,E09000011,3,0,9,-1,1,99,9,9,99,9,99,1,0,1,0,0,0,7,6
2024010521153,2024,010521153,526386,194098,-0.17533,51.63151,3,3,2,13:32,-1,E09000003,3,0,1,0,1,99,9,9,99,9,99,1,0,0,0,0,0,7,8
2024010521154,2024,010521154,528756,179071,-0.14661,51.49593,3,3,4,18:40,-1,E09000033,6,0,1,0,1,"[13, 19]",7,3,0,0,0,1,0,0,0,1,0,5,15
2024010521155,2024,010521155,517792,169547,-0.30764,51.41272,3,3,7,04:30,-1,E09000021,6,0,9,-1,1,"[19, 99]","[6, 9]","[2, 9]",99,9,99,1,1,0,0,0,0,6,29
2024010521164,2024,010521164,517432,164702,-0.31441,51.36925,3,3,5,11:05,-1,E09000021,5,0,1,0,1,19,5,1,11,1,4,1,0,0,0,0,0,7,11
2024010521165,2024,010521165,530899,191466,-0.11114,51.60682,2,2,5,10:50,-1,E09000014,3,0,1,0,1,19,5,1,0,0,0,0,0,0,1,0,1,7,11
2024010521166,2024,010521166,527871,172505,-0.16172,51.43712,3,3,5,10:50,-1,E09000032,3,0,1,0,1,99,9,9,99,9,99,0,0,0,1,0,1,7,11
2024010521168,2024,010521168,518292,189862,-0.29365,51.59519,3,3,5,09:05,-1,E09000015,3,0,1,0,1,99,9,9,99,9,99,1,0,1,0,0,0,7,11
2024010521171,2024,010521171,526519,183038,-0.17739,51.53208,2,2,3,19:09,-1,E09000033,4,0,1,0,1,19,2,6,11,1,99,1,0,0,0,0,1,7,2
2024010521174,2024,010521174,538184,175707,-0.01219,51.46347,3,3,5,20:05,-1,E09000023,6,0,1,0,1,99,9,9,99,9,99,1,0,0,0,0,0,6,20
2024010521181,2024,010521181,526195,177458,-0.18405,51.48201,2,2,5,12:35,-1,E09000020,3,0,1,0,1,"[19, 10]",5,"[1, 2]",0,0,0,1,0,1,0,0,0,7,11
2024010521183,2024,010521183,512753,185559,-0.37495,51.55765,2,2,6,08:30,-1,E09000015,6,0,9,-1,1,99,9,9,99,9,99,1,0,0,0,0,1,7,5
2024010521187,2024,010521187,516964,170501,-0.31922,51.42146,3,3,5,09:10,-1,E09000027,3,0,1,0,1,"[2, 14, 19]","[0, 5, 1]","[0, 1, 5]","[4, 0]",0,0,1,0,0,0,0,0,7,11
2024010521198,2024,010521198,538316,173025,-0.01134,51.43934,2,2,5,07:41,-1,E09000023,6,0,8,0,1,19,1,5,0,0,0,0,0,0,0,1,1,7,11
2024010521205,2024,010521205,532049,174431,-0.10093,51.45347,3,3,5,08:50,-1,E09000028,3,0,1,0,1,99,9,9,0,0,0,0,0,0,1,0,1,7,11
2024010521207,2024,010521207,549630,174928,0.15213,51.45357,3,3,5,09:52,-1,E09000004,3,0,1,0,1,"[19, 5]","[1, 3]","[5, 7]",0,0,0,1,1,0,0,0,0,7,11
2024010521211,2024,010521211,534647,185186,-0.05946,51.54951,3,3,5,15:55,-1,E09000012,3,0,1,0,1,"[19, 4]","[7, 3]","[3, 7]",0,0,0,1,0,0,0,0,1,7,11
2024010521216,2024,010521216,535036,194603,-0.05023,51.63404,2,2,5,18:59,-1,E09000010,6,0,1,0,1,"[2, 19]","[0, 7]","[0, 3]",0,"[0, 1]","[0, 11]",1,0,0,0,0,0,7,11
2024010521226,2024,010521226,512025,179170,-0.38748,51.50038,3,3,5,16:50,-1,E09000009,5,0,1,0,1,"[9, 19]",3,"[1, 7]",0,0,0,1,0,0,0,0,0,7,11
2024010521228,2024,010521228,523510,186117,-0.21967,51.56042,3,3,5,13:01,-1,E09000005,3,0,1,0,1,99,9,9,0,0,0,1,0,0,0,0,1,7,11
2024010521230,2024,010521230,530075,177310,-0.12826,51.4798,3,3,5,17:30,-1,E09000022,3,0,1,0,1,"[7, 13]","[2, 1]",5,0,0,0,0,1,0,0,1,0,7,11
2024010521236,2024,010521236,515790,188476,-0.33021,51.58326,3,3,4,19:45,-1,E09000015,6,0,1,0,1,99,9,9,99,9,99,1,0,1,0,0,0,7,10
2024010521244,2024,010521244,517033,179355,-0.3153,51.50103,3,3,5,15:14,-1,E09000009,4,0,1,0,1,"[13, 9]",1,"[5, 6]",0,0,0,1,0,1,0,0,0,7,11
2024010521245,2024,010521245,530636,180945,-0.11885,51.51234,3,3,5,17:22,-1,E09000033,3,0,1,0,1,"[6, 19]","[3, 7]",3,0,0,0,1,1,0,0,0,0,7,11
2024010521246,2024,010521246,518784,182688,-0.28897,51.53062,3,3,5,16:59,-1,E09000009,6,0,1,0,1,19,5,1,0,0,0,1,0,0,0,0,1,7,11
2024010521251,2024,010521251,534514,173353,-0.06588,51.4432,2,2,5,07:40,-1,E09000028,6,0,1,0,1,"[5, 19]",9,9,99,9,99,1,1,0,0,0,0,6,27
2024010521254,2024,010521254,534188,192960,-0.06311,51.61947,3,3,5,19:20,-1,E09000010,3,0,1,0,1,99,9,9,99,9,99,1,1,0,0,0,0,7,11
2024010521256,2024,010521256,522765,184611,-0.23094,51.54705,3,3,4,21:45,-1,E09000005,3,2,1,0,1,99,9,9,99,9,99,1,0,1,0,0,0,7,10
2024010521257,2024,010521257,521646,180829,-0.24837,51.5133,3,3,5,18:56,-1,E09000013,5,0,1,0,1,"[19, 4]",5,1,0,0,0,1,0,1,0,0,0,7,11
2024010521260,2024,010521260,511515,176424,-0.39569,51.4758,3,3,5,19:10,-1,E09000018,3,0,1,0,1,19,9,9,99,9,99,1,1,0,0,0,0,7,11
2024010521262,2024,010521262,542598,173105,0.05026,51.439,3,3,5,17:21,-1,E09000011,3,0,1,0,1,7,5,7,0,0,0,1,0,0,0,0,1,7,11
2024010521263,2024,010521263,510514,178170,-0.40955,51.49169,3,3,5,18:35,-1,E09000018,1,0,1,0,1,13,3,7,0,1,4,1,0,0,0,0,0,7,11
2024010521264,2024,010521264,544827,184566,0.087,51.54142,3,3,5,17:05,-1,E09000002,6,0,1,0,1,"[2, 19]","[0, 8]","[0, 4]","[4, 0]",0,0,1,0,0,0,0,0,7,11
2024010521265,2024,010521265,529987,184378,-0.12693,51.54334,3,3,5,17:37,-1,E09000007,5,0,1,0,1,14,7,3,0,0,0,1,0,1,0,0,0,7,11
2024010521266,2024,010521266,527051,182643,-0.16987,51.52841,3,3,5,19:45,-1,E09000033,6,0,1,0,1,"[2, 4, 19]","[0, 6]","[0, 2]","[0, 4]",0,0,1,0,0,0,0,0,7,11
2024010521267,2024,010521267,529577,181779,-0.13379,51.52008,3,3,5,20:10,-1,E09000007,3,0,1,0,1,19,1,5,0,0,0,0,1,0,0,0,1,7,11
2024010521270,2024,010521270,513000,182545,-0.37236,51.53052,3,3,5,18:19,-1,E09000009,5,0,1,0,1,19,"[1, 7]","[5, 3]",0,0,0,1,0,0,0,0,0,7,11
2024010521273,2024,010521273,532412,192607,-0.08888,51.61672,3,3,5,18:00,-1,E09000010,6,0,8,0,1,99,9,9,99,9,99,1,0,0,0,0,0,7,11
2024010521274,2024,010521274,544489,188911,0.08392,51.58055,3,3,5,20:21,-1,E09000026,5,0,1,0,1,"[19, 7]","[1, 3]","[5, 4]",0,0,0,1,1,0,0,0,0,7,11
2024010521275,2024,010521275,521260,172698,-0.25672,51.44031,2,"[2, 3]",5,19:09,-1,E09000027,6,0,1,0,2,19,"[1, 5]","[5, 1]",0,0,0,0,1,0,0,0,0,7,11
2024010521279,2024,010521279,550735,178771,0.16966,51.4878,3,3,5,13:15,-1,E09000004,3,0,1,0,1,99,9,9,99,9,99,1,1,0,0,0,0,7,11
2024010521280,2024,010521280,530022,171673,-0.1311,51.42915,3,3,5,20:03,-1,E09000022,3,0,1,0,1,99,9,9,99,9,99,1,0,0,0,0,0,7,11
2024010521282,2024,010521282,535406,184909,-0.04863,51.54684,3,3,5,18:13,-1,E09000012,4,0,1,0,1,99,9,9,99,9,99,1,1,0,0,0,0,7,11
2024010521284,2024,010521284,536785,184439,-0.02893,51.54228,3,3,5,18:50,-1,E09000030,5,0,1,0,1,99,9,9,99,9,99,1,1,0,0,0,0,7,11
2024010521287,2024,010521287,529544,180618,-0.13469,51.50965,3,3,5,22:40,-1,E09000033,3,2,9,1,1,19,5,1,0,0,0,1,0,0,0,0,1,7,11
2024010521293,2024,010521293,537616,194893,-0.01286,51.63602,3,3,5,23:30,-1,E09000031,3,2,1,0,1,"[9, 19]","[1, 5]","[7, 1]",0,0,0,1,0,0,0,0,0,7,11
2024010521296,2024,010521296,533649,187634,-0.07292,51.57174,2,2,5,21:47,-1,E09000012,3,2,1,0,1,"[9, 19]","[1, 5]","[7, 1]",0,0,0,1,1,0,0,0,0,7,11
2024010521298,2024,010521298,536012,192345,-0.03702,51.61351,3,3,6,00:32,-1,E09000010,6,2,1,0,2,19,"[5, 7]","[1, 3]",0,0,0,1,0,0,0,0,0,7,12
2024010521299,2024,010521299,527091,191058,-0.16625,51.60403,3,3,6,01:00,-1,E09000003,3,2,1,0,1,19,2,6,0,0,0,1,0,1,0,0,0,7,12
2024010521300,2024,010521300,531762,188053,-0.09997,51.57595,3,3,5,22:52,-1,E09000014,6,2,2,1,1,"[9, 2]","[2, 0]","[1, 0]","[4, 0]",0,0,1,0,0,0,0,0,7,11
2024010521301,2024,010521301,551344,177884,0.17804,51.47967,3,3,5,20:55,-1,E09000004,3,2,9,0,1,19,4,8,0,0,0,1,0,0,0,0,0,7,11
2024010521302,2024,010521302,524291,163577,-0.21632,51.35768,3,3,5,15:05,-1,E09000029,3,0,1,0,1,"[19, 3, 4]",3,7,0,0,0,1,0,0,0,0,0,7,11
2024010521310,2024,010521310,528816,164303,-0.15111,51.36319,3,3,4,13:00,-1,E09000029,3,0,9,-1,1,99,9,9,99,9,99,1,0,1,0,0,0,7,10
2024010521312,2024,010521312,507466,177870,-0.45353,51.48958,3,3,6,08:10,-1,E09000017,1,0,1,0,1,"[19, 12]",1,5,0,0,0,1,0,0,1,0,0,7,12
2024010521313,2024,010521313,527833,181029,-0.15919,51.51373,3,3,2,06:45,-1,E09000033,6,0,9,-1,1,"[99, 19]","[9, 5]","[9, 1]",99,9,99,1,1,0,0,0,0,4,15
2024010521315,2024,010521315,543726,186083,0.07176,51.55533,3,3,6,02:14,-1,E09000026,3,2,1,0,1,99,9,9,99,9,99,1,0,0,0,0,0,7,12
2024010521321,2024,010521321,523724,177612,-0.21957,51.48394,2,2,7,22:10,-1,E09000013,3,2,1,0,1,99,9,9,99,0,0,0,1,0,0,0,1,7,6
2024010521323,2024,010521323,523475,178170,-0.22296,51.48901,3,3,3,08:10,-1,E09000013,3,0,1,0,1,99,9,9,99,9,99,1,1,0,0,0,0,7,9
2024010521324,2024,010521324,527196,169528,-0.17249,51.41052,3,3,3,15:15,-1,E09000024,5,0,9,-1,1,99,9,9,99,9,99,1,0,1,0,0,0,7,9
2024010521326,2024,010521326,536185,181322,-0.03879,51.51442,3,3,6,10:20,-1,E09000030,6,0,9,-1,1,99,9,9,99,9,99,1,0,1,0,0,0,7,12
2024010521336,2024,010521336,535119,181861,-0.05393,51.51951,3,3,6,12:03,-1,E09000030,6,0,1,0,1,"[19, 2]","[3, 0]","[7, 0]",0,0,0,1,0,0,0,0,0,7,12
2024010521338,2024,010521338,535379,173044,-0.05356,51.44022,3,3,5,18:05,-1,E09000023,3,0,1,0,1,99,9,9,99,9,99,1,1,0,0,0,0,7,11
2024010521344,2024,010521344,530986,180138,-0.1141,51.505,2,2,5,07:55,-1,E09000022,3,0,1,0,1,"[7, 19]",9,9,99,9,99,1,1,0,0,0,0,7,11
2024010521346,2024,010521346,534190,180686,-0.06776,51.50918,3,3,6,12:09,-1,E09000030,3,0,1,0,1,"[7, 19]",9,9,99,9,99,1,1,0,0,0,0,7,12
2024010521348,2024,010521348,533875,182106,-0.07176,51.52201,2,2,5,09:12,-1,E09000030,4,0,9,0,1,99,9,9,99,9,99,1,1,0,0,0,0,7,11
2024010521350,2024,010521350,524954,181725,-0.20041,51.52063,3,3,6,01:22,-1,E09000033,3,2,1,1,1,99,9,9,99,9,99,1,0,0,0,0,0,7,12
2024010521352,2024,010521352,538508,183826,-0.00435,51.53635,3,3,7,15:24,-1,E09000025,3,0,1,0,1,99,9,9,99,9,99,1,1,0,0,0,0,7,6
2024010521355,2024,010521355,526886,177849,-0.17397,51.48537,3,3,6,12:00,-1,E09000020,3,0,1,0,1,"[19, 10]",7,"[3, 4]",0,0,0,0,0,1,0,0,0,7,12
2024010521359,2024,010521359,526766,177745,-0.17573,51.48446,2,2,1,22:05,-1,E09000020,3,2,1,0,1,99,9,9,99,9,99,0,1,0,0,0,0,6,30
2024010521364,2024,010521364,538902,184329,0.00153,51.54078,2,2,6,12:43,-1,E09000025,3,0,1,0,1,19,6,2,0,0,0,1,0,0,0,0,1,7,12
2024010521365,2024,010521365,538146,175369,-0.01287,51.46045,3,3,6,10:05,-1,E09000023,3,0,1,0,1,4,8,4,0,0,0,0,0,0,1,0,0,7,12
2024010521366,2024,010521366,529954,188041,-0.12605,51.57626,3,3,6,13:04,-1,E09000014,3,0,1,0,1,"[6, 14]","[5, 1]",5,0,0,0,1,0,1,0,0,0,7,12
2024010521371,2024,010521371,531509,179726,-0.10673,51.50118,3,3,6,14:50,-1,E09000028,5,0,1,0,1,"[9, 19]","[4, 3]","[1, 7]","[0, 10]","[3, 1]",0,1,1,0,0,0,0,7,12
2024010521375,2024,010521375,532960,165672,-0.09111,51.37454,3,3,6,15:24,-1,E09000008,3,0,1,0,1,5,3,7,0,0,0,0,0,0,1,0,0,7,12
2024010521376,2024,010521376,515051,177225,-0.34454,51.48229,2,2,6,15:30,-1,E09000018,3,0,1,0,1,"[8, 19]","[1, 3]","[3, 7]",0,0,0,1,1,0,0,0,0,7,12
2024010521381,2024,010521381,549080,176353,0.14482,51.46652,2,"[3, 2]",6,14:46,-1,E09000004,5,0,1,0,1,"[19, 2, 9]","[7, 0, 5, 3]","[3, 0, 1, 7]","[4, 0]",0,0,1,0,0,0,0,0,7,12
2024010521385,2024,010521385,548069,185669,0.13418,51.55049,2,2,6,15:17,-1,E09000002,6,0,1,0,1,5,0,7,0,0,0,1,0,0,0,0,1,7,12
2024010521389,2024,010521389,518656,178356,-0.29227,51.49171,3,3,5,22:50,-1,E09000018,3,2,2,1,1,"[3, 19]",9,9,99,9,99,1,0,0,0,0,0,7,11
2024010521393,2024,010521393,527680,172188,-0.16458,51.43431,3,3,3,14:50,-1,E09000032,6,0,1,0,1,99,9,9,99,9,99,0,1,1,0,0,0,7,2
2024010521396,2024,010521396,548559,183501,0.14033,51.53088,3,3,4,14:28,-1,E09000002,3,0,8,0,1,99,9,9,99,9,99,1,0,0,0,0,0,7,10
2024010521398,2024,010521398,548013,183551,0.13249,51.53147,3,3,5,07:32,-1,E09000002,3,0,1,0,1,99,9,9,99,9,99,1,0,1,0,0,0,7,11
2024010521403,2024,010521403,510578,177391,-0.40888,51.48467,3,3,5,06:00,-1,E09000018,3,0,1,0,1,"[19, 3]",9,9,99,9,99,1,0,0,0,0,0,7,11
2024010521408,2024,010521408,534468,184792,-0.06219,51.54601,3,3,3,08:40,-1,E09000012,3,0,2,1,1,99,9,9,99,9,99,1,0,1,0,0,0,7,9
2024010521409,2024,010521409,544095,189143,0.07833,51.58273,3,3,6,17:45,-1,E09000026,6,0,1,0,1,19,"[7, 1]","[3, 5]",0,"[0, 1]","[0, 11]",1,0,0,0,0,0,7,12
2024010521415,2024,010521415,531319,175120,-0.11117,51.45983,2,2,6,15:50,-1,E09000022,6,0,1,0,1,7,5,7,0,0,0,1,0,0,0,0,1,7,12
2024010521416,2024,010521416,538443,171643,-0.01005,51.42689,3,3,6,18:35,-1,E09000023,3,0,9,0,1,"[19, 9]",5,"[1, 3]",0,0,0,1,0,1,0,0,0,7,12
2024010521421,2024,010521421,534801,186434,-0.05676,51.56068,3,3,6,18:29,-1,E09000012,3,0,1,0,1,19,1,5,0,0,0,1,1,0,0,0,0,7,12
2024010521423,2024,010521423,542603,182330,0.05405,51.52189,3,3,5,08:11,-1,E09000025,5,0,1,0,1,19,3,7,0,0,0,1,0,0,0,0,1,6,27
2024010521425,2024,010521425,536727,177934,-0.03229,51.48384,3,3,6,19:45,-1,E09000023,3,0,1,0,1,"[7, 19]","[3, 1]",5,0,0,0,1,1,0,0,0,0,7,12
2024010521426,2024,010521426,539864,184822,0.01559,51.54497,3,3,6,16:35,-1,E09000025,6,0,1,0,1,19,1,5,0,0,0,1,0,0,0,0,1,7,12
2024010521429,2024,010521429,518980,175456,-0.28858,51.46558,3,3,6,15:31,-1,E09000027,4,0,1,0,1,19,1,5,0,0,0,0,1,0,0,0,0,7,12
2024010521430,2024,010521430,518273,185163,-0.2955,51.55297,3,3,6,19:20,-1,E09000005,3,0,1,0,1,99,9,9,99,9,99,1,0,0,0,0,0,7,12
2024010521431,2024,010521431,522808,187001,-0.22948,51.56852,3,3,6,13:35,-1,E09000005,3,0,1,0,1,"[3, 11]",9,9,99,9,99,1,0,0,0,0,0,7,12
2024010521435,2024,010521435,537416,194313,-0.01598,51.63085,2,"[3, 2]",6,19:53,-1,E09000031,3,0,1,0,1,"[19, 14]",2,6,0,7,0,1,0,0,0,0,0,7,12
2024010521436,2024,010521436,518388,182769,-0.29465,51.53143,3,3,6,20:53,-1,E09000009,3,0,1,0,1,"[19, 7]","[1, 8]","[2, 1]",0,0,0,1,0,0,0,0,0,7,12
2024010521440,2024,010521440,549855,185095,0.15968,51.54486,3,3,6,18:09,-1,E09000002,5,0,1,0,1,19,3,7,0,0,0,1,0,0,0,0,1,7,12
2024010521441,2024,010521441,541281,181799,0.0348,51.51745,3,3,6,19:51,-1,E09000025,3,0,1,0,1,19,3,7,0,0,0,1,0,0,0,0,0,7,12
2024010521442,2024,010521442,542958,188265,0.06157,51.57513,3,3,6,19:50,-1,E09000026,4,0,1,0,1,19,"[3, 1]","[7, 5]",0,0,0,1,0,1,0,0,0,7,12
2024010521444,2024,010521444,533010,192092,-0.08044,51.61195,3,3,6,21:20,-1,E09000010,5,0,1,0,1,19,"[7, 3]","[3, 7]",0,0,0,1,0,1,0,0,0,7,12
2024010521445,2024,010521445,549079,184241,0.14813,51.53739,3,3,6,18:40,-1,E09000002,3,0,1,0,1,19,"[1, 7]","[5, 3]",0,0,0,1,1,0,0,0,0,7,12
2024010521446,2024,010521446,530300,179667,-0.12416,51.50093,3,3,7,16:00,-1,E09000033,3,0,8,0,1,"[99, 4]","[9, 2]","[9, 6]","[99, 0]","[0, 9]","[0, 99]",1,1,0,0,0,0,6,1
2024010521447,2024,010521447,544065,178815,0.07368,51.48994,3,3,6,20:45,-1,E09000011,5,0,1,0,1,"[1, 5]","[7, 1]","[3, 5]",0,0,0,1,1,0,0,0,0,7,12
2024010521452,2024,010521452,541658,180175,0.03957,51.50276,2,2,6,21:06,-1,E09000025,3,0,2,0,1,19,7,3,7,0,0,1,0,0,0,0,0,7,12
2024010521453,2024,010521453,547602,187941,0.12841,51.57102,2,2,6,19:30,-1,E09000026,6,0,1,0,1,19,3,7,0,0,0,1,0,0,0,0,1,7,12
2024010521455,2024,010521455,535050,171879,-0.05874,51.42983,3,3,6,17:00,-1,E09000023,3,0,1,0,1,"[3, 19]",8,4,0,0,0,1,0,0,0,0,0,7,12
2024010521464,2024,010521464,543390,186995,0.06729,51.56361,3,3,6,22:50,-1,E09000026,3,2,1,0,1,"[19, 5]","[5, 3]","[1, 7]",0,0,0,1,1,0,0,0,0,7,12
2024010521465,2024,010521465,535541,184236,-0.04694,51.54076,3,3,7,00:00,-1,E09000012,5,2,1,0,1,99,9,9,99,9,99,1,1,0,0,0,0,7,13