collision_index,collision_year,collision_ref_no,location_easting_osgr,location_northing_osgr,longitude,latitude,casualty_severity,casualty_severity,day_of_week,time,local_authority_district,local_authority_ons_district,first_road_class,light_conditions,weather_conditions,road_surface_conditions,urban_or_rural_area,vehicle_manoeuvre,vehicle_direction_from,vehicle_direction_to,hit_object_in_carriageway,vehicle_leaving_carriageway,hit_object_off_carriageway,is_car,is_cyle,is_mcyle,is_goodsv,is_other,is_pedestrian,month,day
2024010521941,2024,010521941,530203,176087,-0.12687,51.46878,3,3,2,21:40,-1,E09000022,3,2,2,1,1,"[6, 4]","[8, 1]","[8, 5]",0,0,0,1,1,0,0,0,0,7,15
2024010521942,2024,010521942,522367,184692,-0.23664,51.54786,3,3,4,18:00,-1,E09000005,3,0,8,0,1,19,5,1,0,0,0,1,0,0,0,0,1,6,26
2024010521949,2024,010521949,540310,183927,0.02166,51.53682,3,3,2,15:30,-1,E09000025,4,0,1,0,1,"[9, 19]","[5, 3]","[2, 7]",0,0,0,1,0,1,0,0,0,7,15
2024010521953,2024,010521953,530849,180169,-0.11607,51.50531,3,3,3,20:00,-1,E09000022,6,2,2,1,1,99,9,9,0,0,0,1,0,0,0,0,1,7,9
2024010521954,2024,010521954,532577,176263,-0.09265,51.46981,2,2,2,15:00,-1,E09000028,3,0,1,0,1,"[19, 9, 15]","[5, 3, 1]","[1, 5]",0,0,0,1,1,0,0,0,0,7,15
2024010521959,2024,010521959,528871,184292,-0.14304,51.54282,3,3,1,14:20,-1,E09000007,5,0,1,0,1,99,9,9,99,9,99,0,1,0,0,0,1,7,14
2024010521965,2024,010521965,530256,187030,-0.12207,51.56711,3,3,2,17:50,-1,E09000019,3,0,1,0,1,99,9,9,99,9,99,1,1,0,0,0,0,7,15
2024010521966,2024,010521966,510690,179638,-0.40656,51.50485,3,3,7,15:50,-1,E09000017,3,0,1,0,1,19,5,1,0,0,0,1,0,0,0,0,0,7,13
2024010521968,2024,010521968,538243,175881,-0.01127,51.46502,3,3,2,08:26,-1,E09000023,3,0,1,0,1,"[7, 19]","[3, 1]","[6, 5]",0,0,0,1,1,0,0,0,0,7,15
2024010521971,2024,010521971,544887,184764,0.08795,51.54318,3,3,3,02:10,-1,E09000002,3,2,1,1,1,19,5,1,7,0,0,1,0,0,0,0,0,7,16
2024010521974,2024,010521974,515652,183001,-0.334,51.53408,3,3,2,13:40,-1,E09000009,3,0,1,0,1,19,7,3,0,0,0,1,0,0,0,0,0,7,15
2024010521975,2024,010521975,537754,180590,-0.01647,51.50746,3,3,2,13:12,-1,E09000030,3,0,1,0,1,19,7,3,0,0,0,1,0,1,0,0,0,7,15
2024010521977,2024,010521977,554624,180238,0.22627,51.49993,1,"[1, 3]",2,22:02,-1,E09000016,3,2,2,1,2,"[12, 19]",3,7,"[0, 1]",0,0,1,0,0,0,1,0,7,15
2024010521978,2024,010521978,537333,165710,-0.0283,51.37385,3,3,2,00:30,-1,E09000008,6,2,1,0,1,19,5,1,0,0,0,1,0,0,0,0,1,7,1
2024010521981,2024,010521981,518425,165131,-0.30001,51.3729,3,3,7,18:15,-1,E09000021,6,0,1,0,1,99,9,9,99,9,99,1,0,1,0,0,0,7,13
2024010521984,2024,010521984,522235,168087,-0.24429,51.39866,3,3,2,19:44,-1,E09000024,3,0,2,1,1,19,1,5,0,0,0,1,0,0,0,0,0,7,15
2024010521987,2024,010521987,530078,179575,-0.12739,51.50015,3,3,3,08:15,-1,E09000033,3,0,1,1,1,7,3,6,0,0,0,0,1,0,0,0,0,7,16
2024010521989,2024,010521989,533012,182517,-0.08403,51.52591,3,3,3,08:30,-1,E09000012,6,0,1,0,1,99,9,9,99,9,99,0,1,0,0,0,0,7,16
2024010522012,2024,010522012,526091,172914,-0.18717,51.44119,3,3,6,22:45,-1,E09000032,3,2,1,0,1,99,9,9,"[8, 99]",9,99,1,0,1,0,0,0,7,12
2024010522014,2024,010522014,515541,191072,-0.33294,51.60664,3,3,2,15:25,-1,E09000015,6,2,9,-1,1,99,9,9,99,9,99,1,0,1,0,0,0,7,15
2024010522018,2024,010522018,536634,183206,-0.03159,51.53124,3,3,7,12:20,-1,E09000030,6,0,8,0,1,99,9,9,99,9,99,1,0,0,0,0,0,5,11
2024010522023,2024,010522023,526290,179212,-0.18206,51.49775,3,3,2,08:02,-1,E09000020,6,0,1,0,1,99,9,9,99,9,99,1,1,0,0,0,0,7,8
2024010522024,2024,010522024,528240,172698,-0.15635,51.43877,3,3,6,17:15,-1,E09000032,6,0,1,0,1,99,9,9,99,9,99,1,0,1,0,0,0,4,5
2024010522028,2024,010522028,522481,179913,-0.23666,51.50489,3,3,2,11:18,-1,E09000013,6,0,9,-1,1,99,9,9,99,9,99,1,0,1,0,0,0,7,15
2024010522029,2024,010522029,531317,182585,-0.10843,51.52692,3,3,3,07:25,-1,E09000019,3,0,1,0,1,99,9,9,99,9,99,0,1,0,0,1,0,7,16
2024010522030,2024,010522030,527167,167791,-0.17353,51.39491,3,3,2,20:55,-1,E09000024,3,2,5,1,1,"[3, 5]","[5, 3]","[1, 7]",0,0,0,1,1,0,0,0,0,7,8
2024010522032,2024,010522032,530078,180382,-0.12709,51.50741,3,3,2,13:50,-1,E09000033,3,0,1,1,1,99,9,9,99,9,99,1,0,0,0,0,1,7,15
2024010522033,2024,010522033,528291,186338,-0.15066,51.56134,3,3,7,13:50,-1,E09000007,5,0,1,0,1,99,9,9,99,9,99,1,0,0,0,0,0,7,13
2024010522035,2024,010522035,536923,173298,-0.03126,51.44213,3,3,7,13:35,-1,E09000023,3,0,9,-1,1,99,9,9,99,9,99,1,0,1,0,0,0,7,13
2024010522038,2024,010522038,533529,178423,-0.07813,51.489,3,3,3,12:44,-1,E09000028,3,0,1,0,1,9,1,7,0,1,0,1,0,0,0,0,1,7,16
2024010522039,2024,010522039,518966,178056,-0.28791,51.48895,2,2,2,17:35,-1,E09000018,3,0,1,0,1,"[11, 19]",9,9,99,9,99,0,1,1,0,0,0,7,15
2024010522041,2024,010522041,532555,179697,-0.09168,51.50068,3,3,3,08:30,-1,E09000028,5,0,1,0,1,"[9, 19]","[6, 4]","[4, 8]",0,0,0,1,1,0,0,0,0,7,16
2024010522044,2024,010522044,520201,189568,-0.2662,51.59215,3,3,5,18:30,-1,E09000005,5,0,1,0,1,"[3, 19]",9,9,99,9,99,1,0,1,0,0,0,7,11
2024010522046,2024,010522046,542415,175471,0.04858,51.46031,2,2,3,07:30,-1,E09000011,3,0,1,0,1,"[7, 19]","[2, 3]","[5, 7]",0,0,0,0,1,1,0,0,0,7,16
2024010522055,2024,010522055,524979,171161,-0.20378,51.42569,3,3,3,14:14,-1,E09000024,6,0,1,0,1,"[2, 19]","[0, 3]","[0, 7]",0,0,0,1,0,0,0,0,0,7,16
2024010522057,2024,010522057,520346,181176,-0.26698,51.5167,3,3,3,07:13,-1,E09000009,3,0,1,0,1,9,5,2,0,0,0,1,0,1,0,0,0,7,16
2024010522059,2024,010522059,524957,179242,-0.20124,51.49832,2,2,3,08:30,-1,E09000020,6,0,1,0,1,"[5, 13]","[1, 7]","[5, 3]",1,"[0, 7]",0,0,0,1,1,0,0,7,16
2024010522060,2024,010522060,529849,160201,-0.13777,51.3261,3,3,3,08:30,-1,E09000008,3,0,9,-1,1,99,9,9,99,9,99,1,0,1,0,0,0,7,16
2024010522061,2024,010522061,525362,181991,-0.19443,51.52293,3,3,3,14:18,-1,E09000033,3,0,1,0,1,19,8,4,0,1,2,0,0,0,1,0,0,7,16
2024010522063,2024,010522063,535549,174832,-0.05043,51.45625,3,3,3,15:10,-1,E09000028,5,0,1,0,1,99,9,9,99,9,99,1,0,0,0,0,1,7,16
2024010522066,2024,010522066,526203,184847,-0.1813,51.54841,3,3,2,19:14,-1,E09000007,3,0,2,-1,1,99,9,9,99,9,99,1,0,0,0,0,1,7,15
2024010522067,2024,010522067,534134,181528,-0.06825,51.51676,3,3,3,13:26,-1,E09000030,3,0,1,0,1,9,5,3,0,0,0,1,0,0,0,0,1,7,16
2024010522073,2024,010522073,518172,182659,-0.2978,51.53048,2,2,3,07:20,-1,E09000009,3,0,1,0,1,99,9,9,99,9,99,1,0,1,0,0,0,6,4
2024010522074,2024,010522074,538265,190982,-0.00503,51.60071,3,3,3,15:08,-1,E09000031,4,0,1,0,1,"[19, 9]","[5, 1]","[1, 6]",0,"[0, 1]","[0, 1]",1,1,0,0,0,0,7,16
2024010522079,2024,010522079,546682,185764,0.11423,51.5517,3,3,3,15:34,-1,E09000002,3,0,1,0,1,9,5,3,0,0,0,1,0,0,0,0,0,7,16
2024010522083,2024,010522083,518045,172914,-0.30288,51.44293,3,3,3,15:05,-1,E09000027,3,0,1,0,1,19,5,1,0,1,11,1,0,0,0,0,0,7,16
2024010522084,2024,010522084,506939,185706,-0.45874,51.56011,3,3,2,15:07,-1,E09000017,6,0,1,0,1,99,9,9,99,9,99,1,0,0,0,0,1,7,15
2024010522086,2024,010522086,533616,184796,-0.07447,51.54625,3,3,3,14:15,-1,E09000012,3,0,9,-1,1,99,9,9,99,9,99,1,1,0,0,0,0,7,16
2024010522087,2024,010522087,527810,179723,-0.15999,51.502,2,2,3,14:30,-1,E09000033,3,0,1,0,1,99,9,9,99,9,99,1,1,0,0,0,0,7,16
2024010522091,2024,010522091,517453,177302,-0.30994,51.48249,3,3,3,17:11,-1,E09000018,3,0,1,0,1,"[19, 5]","[2, 5]","[6, 1]",0,0,0,1,0,1,0,0,0,7,16
2024010522092,2024,010522092,523173,187524,-0.22403,51.57314,3,3,3,07:24,-1,E09000003,3,0,1,0,1,99,9,9,99,9,99,1,0,0,0,0,0,7,16
2024010522099,2024,010522099,521601,184755,-0.24766,51.54859,3,3,3,15:28,-1,E09000005,3,0,1,1,1,"[6, 19]","[1, 5]",1,0,0,0,1,1,0,0,0,0,7,16
2024010522109,2024,010522109,543695,186161,0.07134,51.55604,3,3,7,13:55,-1,E09000026,3,0,1,0,1,99,9,9,99,9,99,1,0,0,0,0,0,6,8
2024010522114,2024,010522114,527079,170802,-0.17372,51.42199,3,3,2,23:55,-1,E09000024,6,2,9,-1,1,"[2, 99]","[0, 9]","[0, 9]",99,9,99,1,0,0,0,0,0,7,15
2024010522116,2024,010522116,517646,163170,-0.31185,51.35543,2,2,3,17:30,-1,E09000021,3,0,1,0,2,"[19, 7]","[1, 3]",5,0,"[7, 0]",0,1,0,1,0,0,0,7,16
2024010522117,2024,010522117,530819,177009,-0.11767,51.47692,3,3,3,17:06,-1,E09000022,3,0,1,0,1,"[19, 10]","[5, 3]",1,0,0,0,1,0,1,0,0,0,7,16
2024010522118,2024,010522118,525749,181520,-0.18903,51.51861,3,3,3,18:00,-1,E09000033,4,0,2,1,1,"[19, 9]","[5, 2]","[1, 7]",0,0,0,0,0,0,1,0,0,7,16
2024010522119,2024,010522119,546950,183437,0.11712,51.53072,3,3,3,15:20,-1,E09000002,5,0,9,0,1,99,9,9,99,0,0,1,0,0,0,0,1,7,16
2024010522125,2024,010522125,529106,181254,-0.14077,51.51546,3,3,3,19:44,-1,E09000033,3,0,1,0,1,99,9,9,99,9,99,1,1,0,0,0,0,7,16
2024010522127,2024,010522127,545758,187218,0.10152,51.56501,3,3,3,19:45,-1,E09000026,3,0,1,0,1,9,1,6,0,0,0,1,0,0,0,0,1,7,16
2024010522131,2024,010522131,531655,193598,-0.09943,51.62581,3,3,4,10:30,-1,E09000010,3,0,1,0,1,99,9,9,99,9,99,1,1,0,0,0,0,7,10
2024010522135,2024,010522135,544492,190322,0.08454,51.59322,3,3,3,16:42,-1,E09000026,3,0,1,0,1,5,3,7,0,0,0,0,0,0,1,0,1,7,16
2024010522141,2024,010522141,543798,183592,0.07178,51.53293,3,3,3,21:24,-1,E09000002,6,2,1,0,2,"[4, 19]","[3, 1]","[7, 5]",0,0,0,1,0,1,0,0,0,7,16
2024010522144,2024,010522144,547191,162738,0.112,51.34467,3,3,3,18:25,-1,E09000006,3,0,1,0,1,19,7,3,11,0,0,1,0,0,0,0,0,7,16
2024010522146,2024,010522146,529688,183448,-0.13158,51.53505,3,3,2,21:37,-1,E09000007,3,2,2,1,1,99,9,9,99,9,99,1,0,0,0,0,1,7,15
2024010522147,2024,010522147,508578,180772,-0.43663,51.51545,3,3,3,21:43,-1,E09000017,6,2,1,0,1,"[2, 9, 13]","[0, 1, 5]","[0, 7, 1]",0,0,0,1,0,0,0,0,0,7,16
2024010522148,2024,010522148,514938,184717,-0.34373,51.54965,3,3,3,14:20,-1,E09000009,6,0,1,0,1,99,9,9,99,9,99,1,0,1,0,0,0,7,16
2024010522149,2024,010522149,541418,181881,0.0368,51.51815,3,3,2,21:30,-1,E09000025,3,2,2,1,1,19,9,9,99,9,99,1,0,0,0,0,0,7,15
2024010522151,2024,010522151,531396,166959,-0.11309,51.38647,3,3,3,21:03,-1,E09000008,5,2,1,0,1,99,9,9,99,9,99,1,0,1,0,0,0,7,16
2024010522155,2024,010522155,530356,177624,-0.1241,51.48256,3,3,3,22:45,-1,E09000022,3,2,1,0,1,19,5,1,11,0,0,0,0,1,0,0,0,7,16
2024010522158,2024,010522158,543478,190571,0.07001,51.59572,3,3,1,13:57,-1,E09000026,6,0,2,1,1,"[1, 19]","[6, 2]","[4, 6]",0,0,0,1,0,1,0,0,0,7,7
2024010522164,2024,010522164,520884,167230,-0.26399,51.39124,3,3,3,21:37,-1,E09000021,3,2,2,1,1,19,7,3,0,0,0,1,0,0,0,0,0,7,16
2024010522167,2024,010522167,537906,181234,-0.01403,51.51321,3,3,3,18:06,-1,E09000030,5,0,9,-1,1,99,9,9,99,9,99,1,0,0,0,0,0,7,16
2024010522169,2024,010522169,525374,178877,-0.19537,51.49494,3,3,3,22:35,-1,E09000020,3,2,1,0,1,19,3,7,0,0,0,1,0,0,0,0,0,7,16
2024010522171,2024,010522171,544753,187232,0.08703,51.56539,3,3,4,04:30,-1,E09000026,6,2,1,0,1,5,0,1,0,0,0,1,0,0,0,0,1,7,17
2024010522173,2024,010522173,539675,184672,0.0128,51.54367,2,2,4,06:33,-1,E09000025,3,0,1,0,1,"[8, 19]","[1, 5]","[3, 1]",0,"[1, 3]",0,1,1,0,0,0,0,7,17
2024010522174,2024,010522174,537677,173495,-0.02035,51.44372,3,3,6,17:20,-1,E09000023,3,0,1,0,1,99,9,9,99,9,99,0,0,0,1,0,1,7,5
2024010522176,2024,010522176,541321,175958,0.03304,51.46496,3,3,4,07:30,-1,E09000011,5,0,1,0,1,19,3,7,0,0,0,1,0,0,0,0,0,7,17
2024010522177,2024,010522177,521764,175464,-0.24852,51.46506,2,2,7,11:30,-1,E09000027,3,0,1,0,2,99,9,9,99,9,99,1,1,0,0,0,0,7,13
2024010522183,2024,010522183,511097,184429,-0.39919,51.54783,3,3,4,08:09,-1,E09000017,3,0,1,0,1,19,5,1,0,0,0,1,0,0,0,0,0,7,10
2024010522185,2024,010522185,531807,184466,-0.10066,51.54371,3,3,4,08:40,-1,E09000019,5,0,1,0,1,99,9,9,99,9,99,1,1,0,0,0,0,7,17
2024010522188,2024,010522188,523180,164632,-0.23191,51.3674,3,3,4,09:35,-1,E09000029,3,0,1,0,1,19,5,1,0,0,0,1,0,0,0,0,0,7,17
2024010522189,2024,010522189,524724,166931,-0.20893,51.38773,3,3,3,19:56,-1,E09000029,3,2,9,-1,1,99,9,9,99,9,99,1,0,0,0,0,0,6,25
2024010522191,2024,010522191,537341,192359,-0.01783,51.61331,2,2,7,20:30,-1,E09000031,3,2,9,-1,1,99,9,9,99,9,99,1,0,1,0,0,0,7,13
2024010522192,2024,010522192,530132,178467,-0.12702,51.49018,2,2,4,09:09,-1,E09000033,3,0,1,0,1,"[7, 19]",7,"[1, 3]",0,0,0,1,1,0,0,0,0,7,17
2024010522204,2024,010522204,530322,170513,-0.12721,51.41866,3,3,3,19:00,-1,E09000022,3,0,2,1,1,99,9,9,99,9,99,0,1,0,0,0,0,7,16
2024010522206,2024,010522206,528565,185800,-0.1469,51.55644,3,3,4,09:45,-1,E09000007,4,0,1,0,1,99,9,9,99,9,99,1,1,0,0,0,0,7,17
2024010522208,2024,010522208,528978,185361,-0.14111,51.5524,3,3,4,10:05,-1,E09000007,3,0,1,-1,1,99,9,9,99,9,99,1,0,0,0,0,1,7,17
2024010522210,2024,010522210,532739,167891,-0.09345,51.39454,3,3,4,10:55,-1,E09000008,3,0,1,0,1,"[5, 19]","[8, 6]","[4, 2]",0,0,0,1,0,1,0,0,0,7,17
2024010522212,2024,010522212,553965,190077,0.22108,51.58851,3,3,3,14:00,-1,E09000016,3,0,8,0,1,99,9,9,99,9,99,1,0,0,0,0,0,7,16
2024010522213,2024,010522213,549056,184648,0.14798,51.54105,3,3,4,09:27,-1,E09000002,3,0,1,0,1,"[19, 6]",9,9,99,9,99,1,0,1,0,0,0,7,17
2024010522216,2024,010522216,546669,186988,0.11456,51.5627,3,3,4,08:44,-1,E09000026,3,0,1,0,1,99,9,9,0,0,0,1,0,0,0,0,1,7,17
2024010522220,2024,010522220,527150,178029,-0.1701,51.48693,3,3,4,09:40,-1,E09000020,3,0,1,0,1,19,"[3, 5]","[7, 1]",0,0,0,1,1,0,0,0,0,7,17
2024010522224,2024,010522224,513227,186473,-0.36783,51.56577,3,3,4,12:20,-1,E09000015,6,0,1,0,1,"[5, 19]","[1, 7]","[5, 3]",0,0,0,1,1,0,0,0,0,7,17
2024010522225,2024,010522225,529370,176097,-0.13885,51.46906,3,3,4,10:25,-1,E09000022,6,0,1,0,1,"[10, 19]",3,"[8, 7]",0,0,0,1,1,0,0,0,0,7,17
2024010522227,2024,010522227,524331,171642,-0.21293,51.43015,3,3,4,09:00,-1,E09000024,6,0,1,0,1,"[19, 7]",5,"[1, 8]",0,0,0,1,0,0,1,0,0,7,17
2024010522228,2024,010522228,512682,180037,-0.37774,51.50804,2,2,4,11:25,-1,E09000009,3,0,1,0,1,19,1,5,0,0,0,1,0,0,0,0,1,7,17
2024010522239,2024,010522239,531924,178803,-0.1011,51.49279,2,2,4,10:45,-1,E09000028,3,0,1,0,1,"[19, 13]","[3, 7]","[7, 3]",0,0,0,1,1,0,0,0,0,7,17
2024010522241,2024,010522241,545718,175398,0.09606,51.45881,3,3,4,12:00,-1,E09000004,6,0,1,0,1,19,6,2,0,0,0,1,0,0,0,0,0,7,17
2024010522243,2024,010522243,533582,185960,-0.07452,51.55671,2,2,4,13:03,-1,E09000012,3,0,1,0,1,"[15, 10]",5,"[1, 3]","[10, 0]","[0, 1]",0,0,1,0,1,0,0,7,17
2024010522251,2024,010522251,547629,184162,0.12721,51.53706,3,3,4,13:00,-1,E09000002,5,0,1,0,1,"[19, 14]","[1, 5]","[5, 1]",0,0,0,1,0,0,0,0,0,7,17
2024010522254,2024,010522254,525742,176133,-0.19105,51.4702,3,3,3,16:50,-1,E09000013,3,2,9,-1,1,99,9,9,99,9,99,1,0,1,0,0,0,7,16
2024010522257,2024,010522257,527770,179165,-0.16077,51.49699,3,3,4,10:13,-1,E09000020,4,0,8,0,1,99,9,9,99,9,99,1,0,1,0,0,0,7,17
2024010522260,2024,010522260,536452,184713,-0.03363,51.54482,3,3,1,22:13,-1,E09000012,3,2,1,0,1,99,9,9,99,9,99,0,1,0,0,0,0,7,14
2024010522264,2024,010522264,537937,176724,-0.01535,51.47267,2,2,4,16:05,-1,E09000011,3,0,1,0,1,19,1,5,0,0,0,1,0,0,0,0,1,7,17
2024010522270,2024,010522270,538172,177343,-0.01173,51.47818,2,2,4,06:37,-1,E09000011,3,0,9,0,1,19,5,1,0,0,0,0,0,0,1,0,1,7,17
2024010522274,2024,010522274,532468,168196,-0.09723,51.39734,2,2,4,11:30,-1,E09000008,6,0,1,0,1,99,9,9,0,0,0,1,0,0,0,0,1,7,17
2024010522280,2024,010522280,552459,177643,0.19398,51.47721,3,3,4,12:30,-1,E09000004,6,0,1,0,1,19,3,7,0,0,0,1,0,0,0,0,0,7,17
2024010522281,2024,010522281,532598,176740,-0.09217,51.47409,3,3,4,16:05,-1,E09000028,3,0,1,0,1,"[7, 19]","[8, 1]","[1, 5]",0,0,0,1,1,0,0,0,0,7,17
2024010522284,2024,010522284,516373,193847,-0.32001,51.63141,3,3,6,21:17,-1,E09000015,6,0,1,0,2,99,9,9,99,9,99,1,0,1,0,0,0,7,12
2024010522298,2024,010522298,524864,169732,-0.20594,51.41287,3,3,4,18:45,-1,E09000024,3,0,1,0,1,"[3, 15]",6,2,"[0, 8]",0,0,1,1,0,0,0,0,7,17
2024010522299,2024,010522299,535503,181202,-0.04865,51.5135,2,2,4,17:58,-1,E09000030,3,0,1,0,1,"[19, 7]",3,"[7, 5]",0,"[2, 0]","[1, 0]",1,0,1,0,0,0,7,17
2024010522300,2024,010522300,525755,176826,-0.19061,51.47643,3,3,4,14:50,-1,E09000013,6,0,1,0,1,19,"[4, 2]",6,0,0,0,1,1,0,0,0,0,7,17
2024010522301,2024,010522301,506048,184188,-0.47205,51.54663,3,3,2,17:35,-1,E09000017,4,0,1,0,1,99,9,9,99,9,99,1,0,0,0,0,0,6,17
2024010522310,2024,010522310,540837,190440,0.03186,51.59521,3,3,2,21:06,-1,E09000026,3,2,2,1,1,19,7,3,0,0,0,1,0,0,0,0,0,7,15
2024010522312,2024,010522312,531382,189596,-0.10487,51.58991,2,2,4,20:00,-1,E09000014,3,0,1,0,1,19,3,7,0,0,0,1,0,0,0,0,1,7,17
2024010522314,2024,010522314,529513,179224,-0.13565,51.49713,3,3,4,19:16,-1,E09000033,4,0,1,0,1,"[5, 19]","[0, 1]","[3, 5]",0,0,0,0,1,0,0,0,0,7,17
2024010522317,2024,010522317,507380,178838,-0.45447,51.49829,3,3,4,20:45,-1,E09000017,5,0,1,0,1,"[19, 11]","[5, 3]","[1, 7]",0,0,0,1,0,0,0,0,0,7,17
2024010522323,2024,010522323,539320,172809,0.00301,51.43715,3,3,4,21:29,-1,E09000023,5,2,1,0,1,"[99, 1]","[9, 7]","[9, 3]",99,"[9, 0]","[99, 0]",1,0,0,0,0,0,7,17
2024010522324,2024,010522324,539544,176206,0.00757,51.46762,3,3,4,21:05,-1,E09000023,4,0,1,0,1,"[19, 3]",6,2,"[4, 0]",0,0,1,0,0,1,0,0,7,17
2024010522328,2024,010522328,557217,183952,0.26525,51.53259,3,3,4,17:40,-1,E09000016,5,0,1,0,2,"[9, 10, 19]","[1, 7, 3]","[6, 4, 7]","[0, 4]",0,0,1,0,0,0,0,0,7,17
2024010522329,2024,010522329,532338,179808,-0.09476,51.50172,2,2,4,15:15,-1,E09000028,3,0,1,0,1,-1,7,3,0,0,0,1,1,0,0,0,0,7,17
2024010522332,2024,010522332,550040,176632,0.15875,51.46877,2,2,4,20:35,-1,E09000004,3,0,1,0,1,13,1,5,10,1,2,0,0,1,0,0,0,7,17
2024010522333,2024,010522333,542641,168657,0.04909,51.39902,3,3,4,21:39,-1,E09000006,6,2,1,0,1,19,"[1, 3]","[5, 7]",0,"[7, 0, 1]","[1, 0]",1,0,0,0,0,0,7,17
2024010522336,2024,010522336,532711,176912,-0.09048,51.47561,3,3,4,15:20,-1,E09000028,6,0,1,0,1,19,1,5,0,9,0,1,0,0,0,0,1,7,17
2024010522339,2024,010522339,528559,189449,-0.14565,51.58924,3,3,2,15:05,-1,E09000014,4,0,1,0,1,99,9,9,99,9,99,1,0,0,0,0,0,7,15
2024010522344,2024,010522344,541409,171321,0.03245,51.42327,3,3,5,03:21,-1,E09000006,6,2,1,0,1,19,"[5, 4]","[1, 8]",0,0,0,1,0,0,0,0,0,7,18
2024010522345,2024,010522345,536336,184767,-0.03528,51.54534,3,3,5,02:08,-1,E09000012,4,2,1,0,1,"[6, 5]",7,"[7, 3]",0,0,0,1,0,1,0,0,0,7,18
2024010522348,2024,010522348,531674,187966,-0.10127,51.57519,2,2,5,05:38,-1,E09000014,4,0,1,0,1,19,3,7,0,1,11,0,0,1,0,0,0,7,18
2024010522349,2024,010522349,524965,186738,-0.19847,51.56568,3,3,5,01:30,-1,E09000003,6,2,1,0,1,"[2, 19]","[0, 1]","[0, 5]","[0, 4]","[0, 1]","[0, 10]",1,0,0,0,0,0,7,18
2024010522351,2024,010522351,555267,192295,0.24084,51.60809,3,3,5,06:51,-1,E09000016,5,0,1,0,1,"[19, 2]","[7, 0]","[3, 0]","[4, 0]",0,0,1,0,0,0,0,0,7,18
2024010522352,2024,010522352,528895,177076,-0.14533,51.47797,3,3,5,07:40,-1,E09000032,3,0,1,0,1,9,2,8,0,0,0,1,0,0,0,0,1,7,18
2024010522368,2024,010522368,531684,184723,-0.10234,51.54604,3,3,7,03:30,-1,E09000019,3,2,1,0,1,99,9,9,99,9,99,1,1,0,0,0,0,7,13
2024010522378,2024,010522378,534539,180711,-0.06272,51.50932,3,3,5,09:15,-1,E09000030,3,0,8,0,1,99,9,9,99,9,99,0,0,1,0,0,0,7,18
2024010522380,2024,010522380,534154,187599,-0.06565,51.57131,3,3,5,08:24,-1,E09000012,3,0,1,0,1,19,7,3,0,0,0,0,1,0,1,0,0,7,18
2024010522383,2024,010522383,543860,189927,0.07526,51.58984,3,3,5,08:46,-1,E09000026,5,0,1,0,1,"[4, 19, 13]","[1, 7]","[5, 3]",0,"[0, 1]","[0, 11]",1,0,0,0,0,0,7,18
2024010522387,2024,010522387,534133,181526,-0.06826,51.51674,3,3,4,17:40,-1,E09000030,3,0,1,0,1,19,9,9,"[99, 0]","[9, 0]","[99, 0]",1,1,0,0,0,0,7,17
2024010522392,2024,010522392,528043,182495,-0.15563,51.52686,2,2,5,07:46,-1,E09000033,6,0,1,0,1,"[6, 19]",1,"[1, 5]",0,0,0,1,1,0,0,0,0,7,18
2024010522395,2024,010522395,521855,185351,-0.2438,51.55389,3,3,3,16:18,-1,E09000005,3,0,9,-1,1,99,9,9,99,9,99,1,0,1,0,0,0,7,16
2024010522397,2024,010522397,527483,181248,-0.16415,51.51578,3,3,5,10:00,-1,E09000033,3,0,1,0,1,19,5,1,0,0,0,1,0,0,0,0,1,7,18
2024010522401,2024,010522401,530079,180374,-0.12708,51.50733,3,3,5,11:30,-1,E09000033,3,0,1,0,1,99,9,9,99,9,99,1,0,1,0,0,0,7,18
2024010522404,2024,010522404,522799,186470,-0.2298,51.56375,3,3,4,21:08,-1,E09000005,6,0,1,0,1,99,9,9,0,0,0,1,0,0,0,0,0,6,26
2024010522414,2024,010522414,520045,175333,-0.2733,51.46425,3,3,5,10:30,-1,E09000027,3,0,1,0,1,99,9,9,99,9,99,1,0,1,0,0,0,7,18
2024010522417,2024,010522417,537442,169885,-0.02512,51.41134,3,3,3,12:15,-1,E09000006,3,0,1,0,1,99,9,9,99,9,99,1,0,1,0,0,0,7,16
2024010522421,2024,010522421,522448,178606,-0.23759,51.49315,3,3,5,10:59,-1,E09000013,3,0,1,0,1,"[9, 19]","[5, 3]","[3, 1, 7]",0,0,0,1,1,0,0,0,0,7,18
2024010522423,2024,010522423,522406,180426,-0.23756,51.50951,3,3,4,18:09,-1,E09000013,6,0,1,0,1,99,9,9,99,9,99,1,0,1,0,0,0,7,17
2024010522425,2024,010522425,534769,181303,-0.05919,51.51458,3,3,5,13:00,-1,E09000030,3,0,1,0,1,"[4, 19]",3,7,0,0,0,1,0,0,1,0,0,7,18
2024010522426,2024,010522426,528816,176683,-0.14661,51.47445,3,3,5,13:32,-1,E09000032,3,0,1,0,1,19,2,6,0,0,0,0,1,0,1,0,0,7,18