collision_index,collision_year,collision_ref_no,location_easting_osgr,location_northing_osgr,longitude,latitude,casualty_severity,casualty_severity,day_of_week,time,local_authority_district,local_authority_ons_district,first_road_class,light_conditions,weather_conditions,road_surface_conditions,urban_or_rural_area,vehicle_manoeuvre,vehicle_direction_from,vehicle_direction_to,hit_object_in_carriageway,vehicle_leaving_carriageway,hit_object_off_carriageway,is_car,is_cyle,is_mcyle,is_goodsv,is_other,is_pedestrian,month,day
2024010522432,2024,010522432,545207,179734,0.09049,51.4979,3,3,5,13:30,-1,E09000011,3,0,1,0,1,19,"[7, 8]","[3, 4]","[10, 0]",1,"[1, 0]",1,0,1,0,0,0,7,18
2024010522433,2024,010522433,518600,185891,-0.29054,51.55944,3,3,5,08:40,-1,E09000005,3,0,1,0,1,"[9, 15]","[1, 4]","[6, 8]",0,0,0,1,1,0,0,0,0,7,18
2024010522434,2024,010522434,548081,162899,0.12483,51.34589,3,3,4,19:45,-1,E09000006,3,0,1,0,2,99,9,9,99,9,99,1,1,0,0,0,0,7,17
2024010522435,2024,010522435,533614,188332,-0.07315,51.57802,3,3,4,17:50,-1,E09000014,3,0,1,0,1,99,9,9,99,9,99,1,0,0,0,0,0,7,17
2024010522437,2024,010522437,535287,182798,-0.05115,51.52789,3,3,5,15:23,-1,E09000030,4,0,1,0,1,"[9, 19]","[7, 3]","[4, 7]",0,0,0,1,1,0,0,0,0,7,18
2024010522442,2024,010522442,533806,168318,-0.07796,51.39812,3,3,5,16:01,-1,E09000008,3,0,1,0,1,15,5,1,0,0,0,1,0,0,0,0,1,7,18
2024010522443,2024,010522443,548261,188089,0.13797,51.57218,3,3,5,15:01,-1,E09000002,3,0,1,0,1,"[19, 15]",7,3,0,1,0,1,0,0,0,0,0,7,18
2024010522445,2024,010522445,533388,179387,-0.0798,51.49769,2,2,4,20:16,-1,E09000028,4,2,8,0,1,19,"[5, 7]","[1, 3]",0,0,0,1,0,1,0,0,0,7,17
2024010522447,2024,010522447,530511,180260,-0.1209,51.50621,3,3,5,14:18,-1,E09000033,6,0,1,0,2,19,5,1,0,0,0,0,0,0,1,0,1,7,18
2024010522448,2024,010522448,524575,179010,-0.20682,51.49631,3,3,7,11:46,-1,E09000020,3,0,9,-1,1,99,9,9,99,9,99,1,0,0,0,0,0,7,13
2024010522455,2024,010522455,543275,188157,0.0661,51.57408,3,3,4,15:33,-1,E09000026,3,0,1,0,1,99,9,9,99,9,99,0,0,0,1,0,0,7,10
2024010522459,2024,010522459,505403,184353,-0.4813,51.54823,3,3,5,15:19,-1,E09000017,3,0,1,0,1,"[5, 19]","[5, 1]","[1, 5]",0,0,0,1,0,1,0,0,0,7,18
2024010522461,2024,010522461,522370,183252,-0.2371,51.53492,2,"[3, 2]",5,18:00,-1,E09000005,5,0,1,0,1,19,"[3, 5]","[7, 1]",0,0,0,0,1,1,0,0,0,7,18
2024010522465,2024,010522465,520309,184560,-0.26635,51.54712,2,2,5,17:25,-1,E09000005,3,0,1,0,1,"[11, 19]",3,7,0,0,0,1,0,1,0,0,0,7,18
2024010522467,2024,010522467,540620,181908,0.02532,51.5186,3,3,5,12:00,-1,E09000025,6,0,1,0,1,99,9,9,99,9,99,1,0,0,0,0,0,7,18
2024010522473,2024,010522473,521702,183493,-0.24664,51.53723,3,3,4,18:28,-1,E09000005,3,0,1,0,1,99,9,9,99,9,99,1,0,0,0,0,1,7,17
2024010522477,2024,010522477,531050,174329,-0.11534,51.45279,3,3,5,16:46,-1,E09000022,6,0,1,0,1,19,"[5, 1]","[1, 5]",0,0,0,1,1,0,0,0,0,7,18
2024010522480,2024,010522480,531034,185772,-0.11132,51.55562,2,2,5,18:45,-1,E09000019,3,0,1,0,1,"[12, 13]",5,1,0,0,0,1,0,1,0,0,0,7,18
2024010522485,2024,010522485,506753,178686,-0.46355,51.49705,3,3,5,17:46,-1,E09000017,6,0,1,0,1,19,1,5,"[10, 0]",0,0,1,0,0,0,0,1,7,18
2024010522497,2024,010522497,536428,182509,-0.03483,51.52502,3,3,5,18:25,-1,E09000030,3,0,1,0,1,"[15, 19]","[7, 1]","[3, 5]",0,0,0,1,1,0,0,0,0,7,18
2024010522501,2024,010522501,534533,172396,-0.06597,51.4346,2,"[3, 2]",5,17:34,-1,E09000028,5,0,1,0,1,"[2, 19]","[0, 5]","[0, 1]","[0, 4]",0,0,1,0,0,0,0,0,7,18
2024010522502,2024,010522502,551974,186039,0.19062,51.55277,2,2,5,17:30,-1,E09000016,3,0,1,0,1,"[5, 19]",5,1,0,"[2, 0]","[10, 0]",1,0,1,0,0,0,7,18
2024010522505,2024,010522505,537007,180676,-0.0272,51.50841,2,2,5,21:20,-1,E09000030,3,2,1,0,1,"[19, 12]",5,1,0,0,0,0,1,0,1,0,0,7,18
2024010522508,2024,010522508,531322,177842,-0.11012,51.48429,3,3,5,20:18,-1,E09000022,3,0,1,0,1,99,9,9,99,9,99,0,1,0,0,1,0,7,18
2024010522509,2024,010522509,532111,168660,-0.10219,51.40159,2,2,5,23:08,-1,E09000008,6,2,1,0,1,"[19, 5]","[5, 3]","[1, 7]",0,"[7, 0]",0,1,0,1,0,0,0,7,18
2024010522518,2024,010522518,534373,172230,-0.06834,51.43314,3,3,5,09:17,-1,E09000028,5,0,1,0,1,99,9,9,99,9,99,1,0,1,0,0,0,7,18
2024010522520,2024,010522520,510287,180152,-0.4122,51.50954,3,3,6,01:40,-1,E09000017,6,2,1,0,1,"[2, 19, 13]","[0, 3]","[0, 7]",0,"[0, 1]",0,1,0,0,0,0,0,7,19
2024010522522,2024,010522522,542591,177486,0.05192,51.47837,2,2,5,14:10,-1,E09000011,6,0,1,0,1,19,5,1,0,0,0,0,0,0,1,0,1,7,18
2024010522523,2024,010522523,535886,176852,-0.04481,51.47432,2,2,6,01:50,-1,E09000023,3,2,1,0,1,19,3,7,0,0,0,1,0,0,0,0,1,7,19
2024010522526,2024,010522526,510871,190221,-0.40062,51.59993,3,3,5,23:35,-1,E09000015,3,2,1,0,1,19,"[7, 3]","[3, 7]",0,"[7, 0]",0,1,0,0,0,0,0,7,18
2024010522529,2024,010522529,534489,171525,-0.06694,51.42678,2,2,6,06:16,-1,E09000023,3,0,1,0,1,"[9, 19]",1,"[6, 5]",0,0,0,1,0,1,0,0,0,7,19
2024010522534,2024,010522534,540652,180113,0.02507,51.50246,3,3,6,21:30,-1,E09000025,3,0,9,-1,1,99,9,9,99,9,99,0,0,1,0,0,0,7,12
2024010522535,2024,010522535,513845,175687,-0.36239,51.46871,3,3,5,14:40,-1,E09000018,6,0,1,0,1,19,2,6,99,1,99,0,0,0,1,0,1,7,11
2024010522536,2024,010522536,517804,174630,-0.30578,51.4584,3,3,4,17:05,-1,E09000027,3,0,1,0,1,99,9,9,99,9,99,1,0,0,0,0,1,7,17
2024010522537,2024,010522537,508823,178797,-0.43371,51.49765,3,3,6,07:59,-1,E09000017,6,0,1,0,1,19,7,3,0,0,0,1,0,0,0,0,1,7,19
2024010522539,2024,010522539,548427,189070,0.14078,51.58095,3,3,6,08:42,-1,E09000002,3,0,1,0,1,19,"[5, 3]","[1, 7]",0,"[0, 1]",0,1,0,0,0,0,0,7,19
2024010522546,2024,010522546,523631,183178,-0.21896,51.53398,3,3,7,14:00,-1,E09000005,5,0,1,0,1,99,9,9,99,9,99,1,0,1,0,0,0,7,13
2024010522554,2024,010522554,535166,162380,-0.06068,51.34444,3,3,6,09:30,-1,E09000008,3,0,1,0,1,"[19, 10]",5,"[1, 2]","[4, 0]",0,0,1,0,0,0,0,0,7,19
2024010522560,2024,010522560,510751,179789,-0.40563,51.50619,3,3,6,10:14,-1,E09000017,5,0,1,0,1,19,"[5, 1]","[1, 5]",0,0,0,1,0,0,0,0,0,7,19
2024010522564,2024,010522564,548570,183340,0.14042,51.52943,2,"[2, 3]",6,11:52,-1,E09000002,3,0,1,0,1,19,3,7,0,0,0,1,0,0,1,0,0,7,19
2024010522567,2024,010522567,535181,181273,-0.05326,51.51422,3,3,6,12:01,-1,E09000030,3,0,1,0,1,3,3,7,0,0,0,1,1,0,0,0,0,7,19
2024010522570,2024,010522570,537145,177629,-0.02639,51.481,3,3,5,14:00,-1,E09000023,3,0,8,0,1,"[5, 19]","[7, 1]","[3, 5]",0,"[1, 0]",0,1,0,0,0,1,0,7,18
2024010522571,2024,010522571,514410,190750,-0.34937,51.60398,2,2,6,12:58,-1,E09000015,5,0,1,0,1,19,7,3,0,0,0,1,0,1,0,0,0,7,19
2024010522573,2024,010522573,544027,186566,0.07629,51.55959,3,3,4,18:45,-1,E09000026,6,0,1,0,1,99,9,9,99,9,99,0,1,0,0,0,1,7,17
2024010522574,2024,010522574,547683,185584,0.12858,51.54982,3,3,6,12:25,-1,E09000002,3,0,1,0,1,"[4, 5]",1,5,0,0,0,1,0,1,0,0,0,7,19
2024010522579,2024,010522579,543532,186568,0.06916,51.55974,3,3,6,11:50,-1,E09000026,6,0,1,0,1,4,7,3,0,0,0,1,0,0,0,0,1,7,19
2024010522581,2024,010522581,545078,173471,0.08606,51.44166,3,3,6,13:00,-1,E09000004,4,0,1,0,1,"[10, 19]",4,"[2, 8]",0,0,0,1,0,0,0,0,0,7,19
2024010522585,2024,010522585,517112,184558,-0.31244,51.54777,3,3,6,12:30,-1,E09000009,3,0,1,0,1,"[19, 9]",5,"[1, 2]",0,0,0,1,0,0,1,0,0,7,19
2024010522587,2024,010522587,553447,182242,0.2102,51.51826,3,3,6,12:08,-1,E09000016,3,0,1,0,1,"[9, 19]","[5, 7]","[2, 3]",0,0,0,1,0,0,0,1,0,7,19
2024010522589,2024,010522589,539613,173756,0.0076,51.44559,3,3,6,12:01,-1,E09000023,3,0,1,0,1,99,9,9,99,9,99,1,0,1,0,0,0,7,19
2024010522593,2024,010522593,533618,186548,-0.07377,51.56199,3,3,6,10:34,-1,E09000012,4,0,1,0,1,3,7,3,0,0,0,0,1,0,1,0,0,7,19
2024010522595,2024,010522595,536189,179334,-0.03949,51.49655,2,2,6,14:15,-1,E09000028,4,0,1,0,1,4,7,3,0,0,0,0,0,0,1,0,1,7,19
2024010522598,2024,010522598,539049,190184,0.00596,51.59335,3,3,6,14:35,-1,E09000031,3,0,1,0,2,"[15, 19]",2,6,0,0,0,0,0,0,0,1,0,7,19
2024010522600,2024,010522600,518473,185245,-0.29259,51.55366,3,3,5,21:20,-1,E09000005,3,0,9,-1,1,"[13, 6]",9,9,99,9,99,1,0,1,0,0,0,7,18
2024010522601,2024,010522601,531535,167170,-0.11101,51.38834,2,2,6,12:41,-1,E09000008,3,0,1,0,1,"[19, 9]","[1, 5]","[5, 3]",0,0,0,1,0,1,0,0,0,7,19
2024010522604,2024,010522604,526218,182906,-0.18178,51.53096,3,3,4,15:10,-1,E09000033,6,0,8,0,1,"[2, 99]",9,9,99,9,99,1,1,0,0,0,0,7,17
2024010522605,2024,010522605,533034,169892,-0.08846,51.41245,3,3,5,17:58,-1,E09000008,3,0,9,-1,1,99,9,9,99,9,99,1,0,1,0,0,0,7,18
2024010522606,2024,010522606,535483,181214,-0.04894,51.51361,3,3,6,09:54,-1,E09000030,3,0,8,0,1,99,9,9,99,9,99,1,0,1,0,0,0,7,19
2024010522607,2024,010522607,533610,170720,-0.07988,51.41976,3,3,6,13:24,-1,E09000022,3,0,1,0,1,19,7,3,0,0,0,1,0,0,0,0,1,7,19
2024010522608,2024,010522608,543881,182813,0.07266,51.52591,3,3,6,14:25,-1,E09000025,3,0,1,0,2,"[9, 11]","[7, 5]","[4, 1]",0,"[0, 1]","[0, 10]",0,0,1,1,0,0,7,19
2024010522615,2024,010522615,544489,186730,0.08302,51.56095,3,3,2,21:00,-1,E09000026,3,2,2,1,1,99,9,9,99,9,99,1,0,0,0,0,0,7,15
2024010522617,2024,010522617,533160,166251,-0.08802,51.3797,2,2,6,15:00,-1,E09000008,3,0,1,0,1,"[19, 15]",1,5,0,0,0,1,0,1,0,0,0,7,19
2024010522618,2024,010522618,535194,195334,-0.04767,51.64057,3,3,5,15:50,-1,E09000010,3,0,1,-1,1,99,9,9,0,0,0,0,0,1,0,0,1,7,18
2024010522620,2024,010522620,519024,182360,-0.28562,51.52762,3,3,6,14:00,-1,E09000009,3,0,1,-1,1,99,9,9,99,9,99,1,0,0,0,0,0,7,19
2024010522626,2024,010522626,539694,178744,0.01073,51.49039,3,3,5,12:49,-1,E09000011,3,0,9,-1,1,99,9,9,99,9,99,1,0,1,0,0,0,7,18
2024010522627,2024,010522627,506972,177843,-0.46065,51.48943,3,3,6,14:55,-1,E09000017,6,0,1,0,1,99,9,9,99,9,99,1,0,0,0,0,1,7,19
2024010522628,2024,010522628,528861,181189,-0.14432,51.51494,3,3,6,16:28,-1,E09000033,3,0,1,0,1,19,5,1,0,0,0,0,0,1,0,0,1,7,19
2024010522629,2024,010522629,537232,191168,-0.01987,51.60264,3,3,3,17:15,-1,E09000031,3,0,1,0,1,99,9,9,99,9,99,1,0,0,0,0,0,7,16
2024010522631,2024,010522631,519173,171825,-0.28702,51.4329,2,2,6,15:35,-1,E09000027,6,0,1,0,2,"[7, 19]",1,"[4, 5]",0,0,0,1,1,0,0,0,0,7,19
2024010522632,2024,010522632,509705,175375,-0.42207,51.46672,3,3,6,08:40,-1,E09000017,3,0,1,0,1,99,9,9,99,9,99,1,0,0,0,0,0,7,19
2024010522636,2024,010522636,529484,181382,-0.13528,51.51653,3,3,6,16:54,-1,E09000033,6,0,1,0,1,"[2, 5]","[0, 5]","[0, 1]",4,0,0,1,0,0,0,0,0,7,19
2024010522639,2024,010522639,525822,164734,-0.19394,51.36774,3,3,6,14:55,-1,E09000029,4,0,1,0,1,"[5, 4]","[3, 7]","[7, 3]",0,0,0,1,0,0,1,0,0,7,19
2024010522644,2024,010522644,532621,165600,-0.096,51.37398,3,3,6,17:45,-1,E09000008,5,0,1,0,1,"[7, 3]","[3, 1]",5,0,0,0,1,0,0,1,0,0,7,19
2024010522645,2024,010522645,538772,184163,-0.00041,51.53932,3,3,6,16:40,-1,E09000025,3,0,1,0,1,"[5, 9]","[8, 1]","[4, 6]",0,0,0,1,1,0,0,0,0,7,19
2024010522646,2024,010522646,538390,181060,-0.00713,51.51153,3,3,6,14:30,-1,E09000030,3,0,8,0,1,99,9,9,99,9,99,1,0,0,0,0,0,7,19
2024010522647,2024,010522647,532463,177177,-0.09395,51.47805,2,2,6,18:30,-1,E09000028,3,0,1,0,1,"[7, 19]",1,"[4, 5]",0,0,0,1,1,0,0,0,0,7,19
2024010522648,2024,010522648,532397,170347,-0.09745,51.41669,3,3,5,18:30,-1,E09000008,3,0,9,-1,1,99,9,9,99,9,99,1,0,1,0,0,0,7,18
2024010522661,2024,010522661,515726,180198,-0.33385,51.50887,2,2,6,19:16,-1,E09000009,3,0,1,0,1,19,"[7, 3]","[3, 7]",0,0,0,1,0,0,0,0,0,7,19
2024010522668,2024,010522668,519831,184356,-0.27331,51.54539,2,2,6,18:39,-1,E09000005,3,0,1,0,1,"[7, 19]",5,"[8, 1]",0,0,0,1,0,1,0,0,0,7,19
2024010522669,2024,010522669,541799,188408,0.04492,51.57671,3,3,6,18:29,-1,E09000026,3,0,9,0,1,"[19, 99]","[3, 9, 7]","[7, 9, 3]",99,0,0,1,0,0,0,0,0,7,19
2024010522674,2024,010522674,523818,179690,-0.21749,51.50259,3,3,6,19:55,-1,E09000013,6,0,1,0,1,99,9,9,99,9,99,0,0,1,0,0,1,7,19
2024010522681,2024,010522681,510245,178869,-0.41321,51.49802,3,3,6,17:49,-1,E09000017,3,0,8,0,1,99,9,9,99,9,99,1,0,0,0,0,0,7,19
2024010522684,2024,010522684,535296,179267,-0.05238,51.49616,3,3,6,14:50,-1,E09000028,3,0,9,0,1,"[7, 19]","[1, 3]","[3, 7]",0,0,0,1,0,1,0,0,0,7,19
2024010522687,2024,010522687,512705,175844,-0.37875,51.47035,2,2,6,15:45,-1,E09000018,3,0,1,0,1,"[2, 19]","[0, 4]","[0, 8]","[0, 4]","[7, 1, 0]",0,1,0,0,0,0,0,7,19
2024010522688,2024,010522688,533556,185189,-0.07518,51.54979,3,3,6,21:00,-1,E09000012,3,2,1,0,1,"[13, 9]",5,"[1, 3]",0,0,0,0,0,1,0,0,0,7,19
2024010522691,2024,010522691,533093,169747,-0.08767,51.41113,2,2,6,15:00,-1,E09000008,3,0,1,0,1,"[13, 9]",1,"[5, 6]",0,0,0,1,0,1,0,0,0,7,19
2024010522692,2024,010522692,517786,174581,-0.30605,51.45796,3,3,6,18:01,-1,E09000027,3,0,1,0,1,19,3,7,0,0,0,0,0,1,0,0,1,7,19
2024010522694,2024,010522694,515305,190061,-0.33668,51.5976,3,3,6,20:50,-1,E09000015,3,0,1,0,1,99,9,9,99,9,99,1,0,0,0,0,1,7,19
2024010522698,2024,010522698,506004,179996,-0.47394,51.50896,3,3,5,19:30,-1,E09000017,5,0,1,-1,1,99,9,9,99,0,0,1,0,0,0,1,0,7,18
2024010522701,2024,010522701,549839,189910,0.1615,51.58813,3,3,6,22:10,-1,E09000016,5,2,1,0,1,"[19, 9]","[5, 1]","[1, 6]",0,0,0,1,0,1,0,0,0,7,19
2024010522705,2024,010522705,531264,168292,-0.11449,51.39848,3,3,6,15:20,-1,E09000008,6,0,1,0,1,"[19, 2]","[7, 0, 4]","[4, 0, 7]",0,0,0,1,0,0,0,0,0,7,19
2024010522707,2024,010522707,518713,169329,-0.29447,51.41057,3,3,6,22:10,-1,E09000021,3,2,1,0,1,"[4, 5]",3,7,0,"[0, 1]",0,1,0,1,0,0,0,7,19
2024010522709,2024,010522709,535303,173934,-0.05432,51.44824,3,3,6,22:07,-1,E09000023,5,2,1,0,1,99,9,9,99,9,99,1,0,0,0,0,0,7,19
2024010522713,2024,010522713,528610,173341,-0.15079,51.44447,2,2,6,19:04,-1,E09000032,4,0,1,0,1,13,1,5,0,1,10,1,0,0,0,0,1,7,19
2024010522714,2024,010522714,540930,182785,0.03014,51.5264,3,3,7,00:24,-1,E09000025,3,2,1,0,1,19,"[3, 7]","[7, 3]",0,0,0,1,0,1,0,0,0,7,20
2024010522715,2024,010522715,514432,187513,-0.35011,51.57488,2,2,6,22:59,-1,E09000015,5,2,1,0,1,"[7, 19]","[3, 7]","[5, 3]",0,0,0,1,0,1,0,0,0,7,19
2024010522718,2024,010522718,531937,177103,-0.10154,51.47751,3,3,6,21:45,-1,E09000028,3,2,1,0,1,19,"[7, 5]","[3, 1]",0,0,0,1,0,1,0,0,0,7,19
2024010522719,2024,010522719,532320,177371,-0.09593,51.47983,2,2,6,21:30,-1,E09000028,6,2,1,0,1,19,7,3,0,7,0,1,0,0,0,0,1,7,19
2024010522722,2024,010522722,521666,184847,-0.2467,51.54941,3,3,6,22:10,-1,E09000005,3,2,1,0,1,19,7,3,0,0,0,1,0,0,0,0,1,7,19
2024010522725,2024,010522725,519341,192711,-0.27754,51.62058,3,3,4,14:00,-1,E09000003,5,0,1,0,1,99,9,9,99,9,99,1,0,0,0,0,1,7,3
2024010522726,2024,010522726,526775,190883,-0.17087,51.60253,3,3,7,04:00,-1,E09000003,3,2,1,0,1,19,3,7,0,0,0,1,0,0,0,0,0,7,20
2024010522728,2024,010522728,542393,183513,0.0515,51.53257,3,3,6,21:00,-1,E09000025,3,2,1,0,1,9,1,7,0,0,0,1,0,0,0,0,1,7,19
2024010522736,2024,010522736,518971,188141,-0.28443,51.57958,3,3,6,18:25,-1,E09000005,6,0,1,0,1,"[13, 4]",1,5,0,0,0,1,0,0,0,0,0,7,19
2024010522738,2024,010522738,535561,186618,-0.04573,51.56216,3,3,7,05:45,-1,E09000012,3,0,8,0,2,99,9,9,99,9,99,1,0,0,0,0,0,7,20
2024010522743,2024,010522743,524705,183534,-0.20335,51.53694,3,3,6,09:18,-1,E09000005,6,0,8,0,1,99,9,9,99,9,99,0,1,0,0,0,0,7,19
2024010522748,2024,010522748,533032,169892,-0.08849,51.41245,3,3,6,16:21,-1,E09000008,6,0,9,-1,1,99,9,9,99,9,99,1,0,1,0,0,0,7,19
2024010522749,2024,010522749,535609,179696,-0.04771,51.49994,2,2,6,20:00,-1,E09000028,6,0,1,0,1,99,9,9,99,9,99,0,1,0,0,0,0,7,19
2024010522750,2024,010522750,536391,197483,-0.02954,51.65959,3,3,6,13:30,-1,E09000010,3,0,1,0,1,99,9,9,99,9,99,1,0,1,0,0,0,7,19
2024010522752,2024,010522752,534817,191532,-0.05458,51.60649,3,3,7,08:05,-1,E09000014,4,0,1,0,1,"[2, 19]","[0, 5]","[0, 1]",0,0,0,1,0,0,0,0,0,7,20
2024010522757,2024,010522757,534229,189622,-0.06379,51.58947,3,3,7,00:30,-1,E09000014,3,2,1,0,1,99,9,9,99,9,99,1,0,0,0,0,0,7,20
2024010522758,2024,010522758,540958,178466,0.02881,51.48758,2,2,7,11:10,-1,E09000011,3,0,1,0,1,"[13, 19]",3,7,0,0,0,1,0,1,0,0,0,7,20
2024010522759,2024,010522759,526477,191094,-0.1751,51.60449,3,3,7,10:51,-1,E09000003,3,0,1,0,1,"[10, 15]","[3, 1]","[1, 5]",0,0,0,1,0,0,0,0,0,7,20
2024010522760,2024,010522760,515698,188420,-0.33155,51.58277,3,3,6,19:50,-1,E09000015,3,2,9,-1,1,99,9,9,99,9,99,1,0,1,0,0,0,7,19
2024010522765,2024,010522765,532049,187480,-0.09605,51.57073,2,2,7,09:35,-1,E09000012,3,0,1,0,1,"[9, 19]","[7, 1]",5,0,0,0,1,0,0,0,0,0,7,20
2024010522766,2024,010522766,553944,192536,0.22186,51.61061,3,3,6,17:20,-1,E09000016,6,0,1,0,1,99,9,9,99,9,99,0,0,0,0,0,0,7,19
2024010522767,2024,010522767,546652,168623,0.10669,51.39769,3,3,7,12:00,-1,E09000006,5,0,1,0,1,7,4,5,10,0,0,1,0,0,0,0,0,7,20
2024010522768,2024,010522768,535439,198461,-0.04292,51.66861,3,3,5,16:10,-1,E09000010,6,0,9,-1,1,99,9,9,99,9,99,1,0,1,0,0,0,7,18
2024010522773,2024,010522773,542993,182167,0.0596,51.52033,3,3,6,16:15,-1,E09000025,3,0,1,0,1,99,9,9,99,9,99,1,0,0,0,0,0,7,19
2024010522774,2024,010522774,533554,185282,-0.07518,51.55063,3,3,6,17:01,-1,E09000012,3,0,9,-1,1,99,9,9,99,9,99,1,0,1,0,0,0,7,19
2024010522775,2024,010522775,537665,192593,-0.01306,51.61534,3,3,7,12:20,-1,E09000031,6,0,2,1,1,"[19, 4]","[3, 5]","[7, 1]",0,0,0,1,0,1,0,0,0,7,20
2024010522778,2024,010522778,528470,189138,-0.14705,51.58646,3,3,7,12:55,-1,E09000014,4,0,2,1,1,99,9,9,99,9,99,1,1,0,0,0,0,7,20
2024010522780,2024,010522780,535928,181148,-0.04255,51.51291,3,3,7,12:32,-1,E09000030,3,0,1,0,1,19,3,7,0,0,0,1,0,0,0,0,1,7,20
2024010522781,2024,010522781,531742,182502,-0.10234,51.52607,2,2,6,18:10,-1,E09000019,4,0,1,0,1,19,3,7,0,0,0,0,0,0,0,0,0,7,19
2024010522786,2024,010522786,504635,176595,-0.49467,51.47865,3,3,7,13:09,-1,E09000017,3,0,1,0,2,19,"[1, 3]","[5, 7]",0,0,0,1,1,0,0,0,0,7,20
2024010522790,2024,010522790,519862,182215,-0.2736,51.52614,3,3,6,18:56,-1,E09000009,3,0,1,0,1,99,9,9,99,9,99,1,0,1,0,0,0,7,19
2024010522793,2024,010522793,537605,188261,-0.01562,51.57643,3,3,6,16:44,-1,E09000031,3,0,1,0,1,99,9,9,99,9,99,1,1,0,0,0,0,7,19
2024010522800,2024,010522800,521853,176248,-0.24697,51.47208,3,3,7,11:46,-1,E09000027,4,0,1,0,1,99,9,9,99,9,99,1,0,0,0,0,0,7,20
2024010522803,2024,010522803,511137,184453,-0.3986,51.54803,2,"[2, 3]",7,15:29,-1,E09000017,3,0,1,0,1,19,3,7,"[0, 9]",3,7,1,0,0,0,0,0,7,20
2024010522806,2024,010522806,553251,191376,0.21135,51.60038,3,3,6,15:27,-1,E09000016,5,0,1,0,1,99,9,9,0,0,0,1,0,0,0,0,1,7,19
2024010522808,2024,010522808,531315,161569,-0.11624,51.33805,3,3,7,13:45,-1,E09000008,3,0,1,0,1,5,1,5,0,0,0,0,0,0,1,0,0,7,20
2024010522810,2024,010522810,534771,166773,-0.06469,51.38401,3,3,7,15:10,-1,E09000008,3,0,1,0,1,"[19, 2]","[5, 0, 6, 1]","[1, 0, 2, 5]","[0, 4]",0,0,1,0,0,0,0,0,7,20
2024010522812,2024,010522812,534208,177982,-0.06853,51.48487,3,3,4,15:09,-1,E09000028,3,0,9,0,1,3,5,1,"[99, 0]","[9, 0]","[99, 0]",1,1,0,0,0,0,7,17
2024010522814,2024,010522814,520915,192934,-0.25474,51.62225,3,3,7,17:25,-1,E09000003,3,0,1,0,1,99,9,9,99,9,99,1,0,0,0,0,0,7,20
2024010522817,2024,010522817,536619,188209,-0.02986,51.5762,2,2,7,17:15,-1,E09000031,3,0,1,0,1,"[19, 7]",1,"[5, 3]",0,0,0,1,1,0,0,0,0,7,20
2024010522818,2024,010522818,511772,183201,-0.38985,51.53666,3,3,7,17:45,-1,E09000009,3,0,1,0,1,19,1,5,0,0,0,0,0,0,1,0,0,7,20
2024010522819,2024,010522819,524851,183987,-0.20109,51.54098,3,3,7,16:45,-1,E09000005,3,0,1,0,1,5,0,3,0,0,0,0,0,0,1,0,0,7,20
2024010522822,2024,010522822,533658,186733,-0.07313,51.56364,3,3,7,17:40,-1,E09000012,3,0,1,0,1,99,9,9,99,9,99,1,1,0,0,0,0,7,20
2024010522823,2024,010522823,526615,178110,-0.17778,51.48777,3,3,7,14:10,-1,E09000020,3,0,1,0,1,19,"[5, 7]","[1, 3]",0,0,0,1,1,0,0,0,0,7,20
2024010522826,2024,010522826,525720,176249,-0.19132,51.47125,3,3,7,17:45,-1,E09000013,3,0,1,0,1,99,9,9,99,9,99,1,0,1,0,0,0,7,20
2024010522834,2024,010522834,548367,176910,0.13479,51.47171,3,3,7,17:59,-1,E09000004,5,0,1,0,1,"[2, 14]","[0, 1]","[0, 5]","[0, 4]",0,0,1,0,0,0,0,0,7,20
2024010522839,2024,010522839,529188,184199,-0.13851,51.54191,3,3,7,12:42,-1,E09000007,3,0,1,0,1,"[19, 3]",5,1,0,0,0,1,0,0,1,0,0,7,20
2024010522842,2024,010522842,539085,184174,0.00411,51.53934,3,3,7,19:15,-1,E09000025,3,0,1,0,1,19,5,1,0,0,0,0,0,0,1,0,0,7,20
2024010522847,2024,010522847,528469,186431,-0.14806,51.56213,3,3,7,15:12,-1,E09000007,6,0,1,0,1,"[3, 2]","[7, 3, 0]","[3, 7, 0]","[0, 4]",0,0,1,0,0,0,0,0,7,20
2024010522848,2024,010522848,526035,177534,-0.18633,51.48273,2,2,7,15:58,-1,E09000020,3,0,1,0,1,99,9,9,99,9,99,1,1,0,0,0,0,7,20
2024010522850,2024,010522850,529201,164995,-0.14533,51.36933,3,3,7,20:20,-1,E09000029,3,0,1,0,1,19,"[3, 7]","[7, 3]",0,0,0,1,0,0,0,0,0,7,20
2024010522851,2024,010522851,542690,171465,0.05092,51.42424,3,3,7,17:18,-1,E09000006,5,0,1,0,1,"[19, 9]","[5, 7]","[1, 5]",0,0,0,1,0,0,0,0,0,7,20
2024010522852,2024,010522852,530322,177915,-0.12449,51.48518,2,2,7,12:30,-1,E09000022,3,0,1,0,1,19,7,3,0,0,0,0,0,0,1,0,0,7,20
2024010522855,2024,010522855,528849,182273,-0.1441,51.52468,3,3,7,18:10,-1,E09000007,3,0,1,0,1,19,5,1,0,0,0,1,0,0,0,0,1,7,20