collision_index,collision_year,collision_ref_no,location_easting_osgr,location_northing_osgr,longitude,latitude,casualty_severity,casualty_severity,day_of_week,time,local_authority_district,local_authority_ons_district,first_road_class,light_conditions,weather_conditions,road_surface_conditions,urban_or_rural_area,vehicle_manoeuvre,vehicle_direction_from,vehicle_direction_to,hit_object_in_carriageway,vehicle_leaving_carriageway,hit_object_off_carriageway,is_car,is_cyle,is_mcyle,is_goodsv,is_other,is_pedestrian,month,day
2024010523283,2024,010523283,521234,168520,-0.25852,51.40276,3,3,1,11:50,-1,E09000021,6,0,1,0,1,99,9,9,"[99, 0]",9,99,1,0,1,0,0,0,7,21
2024010523285,2024,010523285,549294,183925,0.1511,51.53449,3,3,3,11:09,-1,E09000002,6,0,1,0,1,15,1,5,0,0,0,1,0,0,0,0,1,7,23
2024010523290,2024,010523290,536128,172498,-0.043,51.43513,2,2,3,07:45,-1,E09000023,4,0,1,0,1,5,5,1,0,0,0,1,0,1,0,0,0,7,23
2024010523291,2024,010523291,515257,189662,-0.33751,51.59403,3,3,2,17:22,-1,E09000015,5,0,1,0,1,99,9,9,99,9,99,1,0,0,0,0,0,7,22
2024010523292,2024,010523292,532444,179745,-0.09326,51.50113,3,3,4,12:24,-1,E09000028,3,0,1,0,1,5,1,5,0,0,0,1,0,0,0,0,0,7,17
2024010523293,2024,010523293,525647,177242,-0.19202,51.48019,3,3,3,10:08,-1,E09000013,3,0,1,0,1,"[7, 19]",3,"[5, 7]",0,"[1, 0]",0,1,0,0,1,0,0,7,23
2024010523296,2024,010523296,533725,178413,-0.07532,51.48886,3,3,2,10:30,-1,E09000028,4,0,2,1,1,99,9,9,0,0,0,1,0,0,0,0,0,5,6
2024010523298,2024,010523298,528091,191282,-0.15174,51.60581,3,3,4,18:03,-1,E09000003,4,0,1,0,1,"[3, 99]","[1, 9]","[5, 9]",99,"[0, 9]","[0, 99]",1,0,0,0,0,0,7,17
2024010523303,2024,010523303,532000,179237,-0.09984,51.49667,3,3,3,07:30,-1,E09000028,3,0,2,1,1,"[3, 7]",7,"[3, 1]",0,0,0,1,1,0,0,0,0,7,23
2024010523306,2024,010523306,530640,184547,-0.11745,51.54471,3,3,6,12:00,-1,E09000019,3,0,8,0,1,99,9,9,99,9,99,0,1,0,0,0,1,7,19
2024010523310,2024,010523310,533636,186178,-0.07366,51.55866,3,3,4,06:45,-1,E09000012,6,0,1,1,1,99,9,9,99,9,99,1,1,0,0,0,0,6,26
2024010523311,2024,010523311,529311,183983,-0.13682,51.53994,3,3,3,11:56,-1,E09000007,3,0,1,0,1,99,9,9,99,9,99,1,1,0,0,0,0,7,23
2024010523313,2024,010523313,537751,188085,-0.01359,51.57481,3,3,7,10:30,-1,E09000031,3,0,1,0,1,99,9,9,99,9,99,1,1,0,0,0,0,7,20
2024010523314,2024,010523314,550069,189302,0.16456,51.5826,2,2,3,12:15,-1,E09000016,5,0,1,0,1,"[6, 19]","[5, 1]",5,0,0,0,1,0,1,0,0,0,7,23
2024010523319,2024,010523319,539783,187952,0.01566,51.57311,3,3,3,11:10,-1,E09000031,3,0,1,0,2,"[3, 19]","[7, 3]","[3, 7]","[0, 4]",0,0,1,0,1,0,0,0,7,23
2024010523320,2024,010523320,539646,181134,0.01099,51.51188,2,2,3,11:20,-1,E09000025,3,0,1,0,2,"[9, 13]","[5, 1]","[3, 5]",0,0,0,1,0,1,0,0,0,7,23
2024010523322,2024,010523322,524798,180310,-0.20315,51.50795,3,3,2,20:03,-1,E09000020,3,0,1,0,1,7,7,1,0,0,0,1,1,0,0,0,0,7,22
2024010523324,2024,010523324,528357,179852,-0.15207,51.50304,2,2,2,17:40,-1,E09000033,3,0,1,0,1,19,5,1,0,0,0,0,1,0,0,0,1,7,22
2024010523329,2024,010523329,526040,177685,-0.1862,51.48408,3,3,3,07:50,-1,E09000020,3,0,1,0,1,99,9,9,99,9,99,1,1,0,0,0,0,7,23
2024010523333,2024,010523333,532472,175029,-0.09462,51.45875,2,2,3,14:40,-1,E09000028,3,0,1,0,1,4,1,5,11,0,0,0,0,0,1,0,1,7,23
2024010523335,2024,010523335,516743,178560,-0.31974,51.49394,3,3,3,11:05,-1,E09000018,3,0,1,0,1,99,9,9,99,9,99,1,1,0,0,0,0,7,23
2024010523336,2024,010523336,526646,169799,-0.1803,51.41308,3,3,1,22:50,-1,E09000024,6,2,1,0,1,99,9,9,99,9,99,1,0,0,0,0,1,7,21
2024010523338,2024,010523338,555350,186758,0.23959,51.55832,3,3,3,15:01,-1,E09000016,3,0,1,0,1,"[19, 13]","[3, 7]","[7, 3]",0,0,0,1,0,1,0,0,0,7,23
2024010523339,2024,010523339,518414,185276,-0.29343,51.55395,3,3,3,15:22,-1,E09000005,3,0,1,0,1,"[5, 19]","[3, 7]","[7, 3]",0,0,0,1,0,0,1,0,0,7,23
2024010523341,2024,010523341,537529,192765,-0.01496,51.61692,3,3,3,11:50,-1,E09000031,3,0,9,-1,1,99,9,9,99,9,99,1,0,1,0,0,0,7,23
2024010523343,2024,010523343,523033,181584,-0.22813,51.51978,3,3,1,14:15,-1,E09000013,3,0,1,0,1,"[19, 3]",9,9,99,9,99,1,0,0,0,0,0,7,21
2024010523348,2024,010523348,534244,173537,-0.0697,51.44492,3,3,3,15:53,-1,E09000028,3,0,1,0,1,"[2, 19]","[0, 5]","[0, 1]","[0, 4]",0,0,1,0,0,0,0,0,7,23
2024010523351,2024,010523351,541080,184209,0.03287,51.53916,2,2,6,22:30,-1,E09000025,4,2,1,0,1,"[9, 19]",9,9,99,9,99,1,1,0,0,0,0,7,19
2024010523353,2024,010523353,530123,190550,-0.12268,51.59877,3,3,1,13:00,-1,E09000014,5,0,1,1,1,99,9,9,99,9,99,1,0,1,0,0,0,6,9
2024010523355,2024,010523355,532531,176726,-0.09314,51.47398,2,2,3,16:40,-1,E09000028,3,0,1,0,1,19,"[7, 5]","[3, 1]",0,0,0,1,0,1,0,0,0,7,23
2024010523356,2024,010523356,524092,174068,-0.21551,51.45201,3,3,3,13:50,-1,E09000032,3,0,9,-1,1,99,9,9,"[99, 0]","[0, 9]","[0, 99]",1,0,1,0,0,0,7,23
2024010523363,2024,010523363,547707,187228,0.12962,51.56459,3,3,1,14:00,-1,E09000002,6,0,1,0,1,99,9,9,99,9,99,1,0,0,0,0,0,7,21
2024010523367,2024,010523367,546260,173546,0.10309,51.44203,2,2,3,17:55,-1,E09000004,6,0,1,0,1,4,1,5,0,0,0,1,0,0,0,0,1,7,23
2024010523368,2024,010523368,545718,187191,0.10093,51.56477,3,3,1,14:45,-1,E09000026,3,0,1,0,1,"[13, 19]",9,9,99,9,99,1,0,1,0,0,0,7,21
2024010523381,2024,010523381,533247,178565,-0.08214,51.49034,3,3,3,20:02,-1,E09000028,5,0,1,0,1,"[9, 19]","[7, 3]","[6, 7]",0,0,0,1,0,1,0,0,0,7,23
2024010523398,2024,010523398,545283,183995,0.09334,51.53617,3,3,3,17:30,-1,E09000002,6,0,1,0,1,19,5,1,0,0,0,1,0,0,0,0,1,7,23
2024010523400,2024,010523400,526260,181889,-0.18153,51.52181,3,3,3,21:00,-1,E09000033,5,2,1,0,1,"[19, 13]",1,5,0,0,0,1,0,1,0,0,0,7,23
2024010523401,2024,010523401,535368,181558,-0.05046,51.51673,3,3,1,04:12,-1,E09000030,5,2,9,0,1,99,9,9,99,9,99,1,0,0,0,0,0,7,21
2024010523402,2024,010523402,531710,192012,-0.09924,51.61154,3,3,3,18:10,-1,E09000010,6,0,1,0,1,99,9,9,99,9,99,1,1,0,0,0,0,7,23
2024010523410,2024,010523410,537257,175039,-0.02579,51.4577,3,3,3,22:25,-1,E09000023,4,2,1,0,1,"[4, 19]",1,5,0,1,0,1,0,1,0,0,0,7,23
2024010523411,2024,010523411,537484,173594,-0.02308,51.44466,3,3,3,15:30,-1,E09000023,3,0,1,0,1,"[9, 5]","[3, 1]","[1, 5]",0,0,0,1,1,0,0,0,0,7,23
2024010523414,2024,010523414,529772,182635,-0.13067,51.52772,3,3,4,00:40,-1,E09000007,3,2,1,0,1,5,1,5,0,0,0,1,0,0,0,0,0,7,24
2024010523415,2024,010523415,543306,186111,0.06572,51.55569,3,3,3,08:10,-1,E09000025,3,0,1,0,1,"[19, 3]",9,9,99,9,99,1,0,0,0,0,0,7,23
2024010523416,2024,010523416,540005,181711,0.01638,51.51698,3,3,4,00:25,-1,E09000025,3,2,9,0,1,"[19, 11]",7,3,0,0,0,1,0,0,0,0,0,7,24
2024010523418,2024,010523418,526324,180902,-0.18097,51.51293,3,3,4,02:32,-1,E09000033,4,2,1,0,1,19,5,1,0,0,0,1,0,1,0,0,0,7,24
2024010523420,2024,010523420,522836,187422,-0.22893,51.57229,3,3,4,02:55,-1,E09000003,3,2,1,0,1,19,5,1,10,0,0,0,0,1,0,0,0,7,24
2024010523426,2024,010523426,546378,187442,0.11055,51.56686,3,3,4,06:30,-1,E09000026,3,0,1,0,1,19,1,5,0,0,0,1,0,0,0,0,1,7,24
2024010523427,2024,010523427,518615,180715,-0.29207,51.51292,3,3,6,20:00,-1,E09000009,3,0,8,0,1,99,9,9,99,9,99,1,0,1,0,0,0,7,19
2024010523433,2024,010523433,517154,182844,-0.3124,51.53236,3,3,3,14:50,-1,E09000009,3,0,1,0,1,99,9,9,99,9,99,1,0,1,0,0,0,7,23
2024010523434,2024,010523434,534360,194298,-0.06011,51.63146,3,3,4,08:40,-1,E09000010,6,0,1,0,1,19,"[5, 7]","[1, 3]",0,0,0,1,1,0,0,0,0,7,24
2024010523441,2024,010523441,515046,190917,-0.34014,51.60535,2,2,4,09:50,-1,E09000015,3,0,8,0,1,5,3,7,0,0,0,1,0,0,0,0,1,7,24
2024010523442,2024,010523442,538231,177707,-0.01073,51.48143,3,3,3,14:40,-1,E09000011,3,0,8,0,1,99,9,9,99,9,99,0,0,0,0,1,1,7,23
2024010523445,2024,010523445,540844,189878,0.03174,51.59016,3,3,4,06:50,-1,E09000026,3,0,1,0,1,"[19, 9]",1,"[5, 7]",0,0,0,1,0,1,0,0,0,7,24
2024010523449,2024,010523449,537064,180352,-0.0265,51.50549,3,3,3,19:15,-1,E09000030,3,0,1,0,1,99,9,9,99,9,99,1,1,0,0,0,0,7,23
2024010523452,2024,010523452,531537,186847,-0.10367,51.56517,2,2,4,10:40,-1,E09000012,3,0,1,0,1,5,3,7,0,0,0,1,0,0,0,0,1,7,24
2024010523457,2024,010523457,557226,191298,0.26866,51.59858,3,3,7,11:30,-1,E09000016,1,0,1,0,2,99,9,9,99,9,99,1,0,0,1,0,0,7,20
2024010523458,2024,010523458,532202,178560,-0.09719,51.49054,3,3,1,22:38,-1,E09000028,3,2,1,0,1,"[6, 19]",9,9,99,9,99,1,0,1,0,0,0,7,21
2024010523460,2024,010523460,534575,183221,-0.06125,51.53187,3,3,3,07:15,-1,E09000030,3,0,8,0,1,99,9,9,99,9,99,1,0,1,0,0,0,7,23
2024010523465,2024,010523465,552063,183321,0.19073,51.52833,3,3,4,10:05,-1,E09000016,3,0,1,0,1,"[7, 4]","[5, 3]",7,0,"[1, 0]",0,1,0,1,0,0,0,7,24
2024010523467,2024,010523467,542449,168424,0.04624,51.39697,2,2,4,12:15,-1,E09000006,5,0,1,0,1,"[19, 5]","[1, 7]","[5, 3]",0,"[1, 0]",0,1,0,1,0,0,0,7,24
2024010523469,2024,010523469,537376,189024,-0.01863,51.58334,3,3,3,12:00,-1,E09000031,3,0,9,-1,1,19,1,5,99,9,99,0,0,0,0,0,1,7,23
2024010523472,2024,010523472,516140,179446,-0.32813,51.50203,3,3,7,13:25,-1,E09000009,6,0,1,0,1,99,9,9,99,9,99,1,0,1,0,0,0,7,20
2024010523474,2024,010523474,525672,178794,-0.19111,51.49413,3,3,3,15:20,-1,E09000020,6,0,1,0,1,99,9,9,99,9,99,1,1,0,0,0,0,7,23
2024010523481,2024,010523481,524720,181439,-0.20388,51.51811,2,2,4,11:45,-1,E09000020,5,0,1,0,1,19,5,1,0,0,0,0,0,1,0,0,0,7,24
2024010523482,2024,010523482,544040,178705,0.07327,51.48895,3,3,2,15:00,-1,E09000011,5,0,1,0,1,99,9,9,99,9,99,1,0,0,1,0,0,7,22
2024010523484,2024,010523484,536544,195478,-0.02812,51.64154,3,3,4,12:40,-1,E09000010,3,0,1,0,2,"[19, 3]",7,3,0,0,0,1,0,0,0,0,0,7,24
2024010523485,2024,010523485,537823,188151,-0.01252,51.57538,3,3,4,09:47,-1,E09000031,3,0,1,0,1,"[7, 19]","[1, 3]","[3, 7]",0,0,0,0,1,0,1,0,0,7,24
2024010523487,2024,010523487,532034,179295,-0.09933,51.49718,3,3,4,07:48,-1,E09000028,3,0,1,0,1,99,9,9,99,9,99,1,1,0,0,0,0,7,24
2024010523489,2024,010523489,521196,189161,-0.25198,51.58828,2,2,5,08:21,-1,E09000003,3,0,1,0,1,99,9,9,0,9,99,1,0,0,0,0,1,7,18
2024010523493,2024,010523493,527459,181829,-0.16428,51.52101,3,3,4,07:10,-1,E09000033,4,0,1,0,1,99,9,9,99,9,99,0,1,1,0,0,0,7,24
2024010523497,2024,010523497,548877,183555,0.14493,51.53128,3,3,2,12:45,-1,E09000002,3,0,9,-1,1,99,9,9,99,9,"[10, 99]",1,0,1,0,0,0,7,22
2024010523503,2024,010523503,520923,183241,-0.25796,51.53513,3,3,4,13:10,-1,E09000009,4,0,1,0,1,"[2, 19]","[0, 1]","[0, 5]","[0, 4]",0,0,0,0,1,1,0,0,7,24
2024010523506,2024,010523506,526749,175042,-0.17695,51.46017,3,3,4,13:20,-1,E09000032,3,0,1,0,1,1,1,5,0,0,0,1,0,0,0,0,1,7,24
2024010523507,2024,010523507,533045,184815,-0.08269,51.54655,3,3,3,17:20,-1,E09000019,3,0,1,0,1,99,9,9,99,9,99,1,0,1,0,0,0,7,23
2024010523509,2024,010523509,524131,185294,-0.21101,51.55289,3,3,4,15:30,-1,E09000005,3,0,1,0,1,"[6, 19]","[1, 5]",1,0,0,0,1,0,1,0,0,0,7,24
2024010523516,2024,010523516,541658,183876,0.04106,51.53602,3,3,4,15:30,-1,E09000025,5,0,9,-1,1,99,9,9,99,9,99,1,1,0,0,0,0,7,24
2024010523519,2024,010523519,549698,185211,0.15746,51.54594,3,3,4,16:25,-1,E09000002,6,0,1,0,1,"[19, 2]","[5, 0]","[1, 0]","[4, 0]",0,0,1,0,0,0,0,1,7,24
2024010523525,2024,010523525,525852,175740,-0.1896,51.46664,3,3,4,13:52,-1,E09000013,3,0,1,0,1,99,9,9,99,9,99,1,1,0,0,0,0,7,24
2024010523526,2024,010523526,512680,179909,-0.37781,51.50689,3,3,3,17:15,-1,E09000009,3,0,8,0,1,99,9,9,0,0,0,0,0,1,0,0,1,6,25
2024010523535,2024,010523535,524963,196156,-0.19514,51.65032,3,3,4,16:45,-1,E09000003,3,0,1,0,1,3,1,5,0,0,0,1,0,0,0,0,0,7,24
2024010523536,2024,010523536,529397,182045,-0.13629,51.52251,3,3,2,17:40,-1,E09000007,3,0,1,0,1,99,9,9,99,9,99,1,1,0,0,0,0,7,22
2024010523537,2024,010523537,531115,190413,-0.10842,51.59731,3,3,4,16:18,-1,E09000014,3,0,1,0,1,"[10, 19]","[3, 5]","[2, 1]",0,0,0,1,0,1,0,0,0,7,24
2024010523541,2024,010523541,529282,169342,-0.14259,51.40837,3,3,4,17:20,-1,E09000024,4,0,1,0,1,19,1,5,0,0,0,0,0,0,1,0,0,7,24
2024010523542,2024,010523542,554705,187120,0.23045,51.56174,3,3,4,16:55,-1,E09000016,6,0,1,0,1,19,2,6,0,0,0,1,0,0,0,0,1,7,24
2024010523545,2024,010523545,533095,166176,-0.08898,51.37904,2,2,2,23:30,-1,E09000008,3,2,9,0,1,19,6,2,0,0,0,1,0,0,0,0,1,7,22
2024010523557,2024,010523557,517567,169446,-0.31091,51.41186,3,3,4,17:25,-1,E09000027,3,0,1,0,1,3,7,3,0,0,0,1,0,0,0,0,1,7,24
2024010523561,2024,010523561,509510,187721,-0.42104,51.57772,3,3,4,16:20,-1,E09000017,4,0,8,0,1,99,9,9,99,9,99,1,0,0,0,0,0,6,19
2024010523562,2024,010523562,535668,186698,-0.04416,51.56285,3,3,4,15:16,-1,E09000031,3,0,1,0,1,"[7, 19]",6,"[1, 2]",0,0,0,1,0,0,0,0,0,7,24
2024010523563,2024,010523563,533551,168967,-0.08138,51.40402,2,2,6,16:50,-1,E09000008,3,0,1,0,1,99,9,9,99,9,99,1,0,0,0,0,0,7,5
2024010523564,2024,010523564,524658,174424,-0.20725,51.45508,3,3,6,08:20,-1,E09000032,3,0,1,0,1,99,9,9,99,9,99,0,0,1,0,0,0,7,19
2024010523567,2024,010523567,528637,192422,-0.14344,51.61593,3,3,4,18:28,-1,E09000003,3,0,1,0,1,14,3,7,0,0,0,0,0,1,0,0,1,7,24
2024010523569,2024,010523569,519940,166187,-0.2779,51.38207,3,3,4,16:00,-1,E09000021,6,0,1,0,1,19,6,2,0,0,0,1,0,1,0,0,0,7,24
2024010523574,2024,010523574,529555,183983,-0.1333,51.53989,3,3,4,19:29,-1,E09000007,6,0,1,0,1,"[2, 19]","[0, 1]","[0, 5]",0,0,0,1,0,0,0,0,0,7,24
2024010523576,2024,010523576,523683,186686,-0.21697,51.56549,3,3,3,19:40,-1,E09000003,6,0,8,0,1,99,9,9,99,9,99,1,1,0,0,0,0,7,23
2024010523580,2024,010523580,520185,194222,-0.26484,51.63398,2,2,4,19:29,-1,E09000003,1,0,1,0,2,19,5,1,0,0,0,0,0,0,1,0,1,7,24
2024010523583,2024,010523583,539663,176732,0.00949,51.47232,3,3,7,02:19,-1,E09000023,5,2,1,0,1,99,9,9,99,9,99,1,1,0,0,0,0,7,20
2024010523584,2024,010523584,525594,178182,-0.19245,51.48865,2,2,4,17:09,-1,E09000020,3,0,1,0,1,"[9, 19]","[3, 7]","[1, 3]",0,0,0,1,1,0,0,0,0,7,24
2024010523585,2024,010523585,522724,189549,-0.2298,51.59143,3,3,4,13:55,-1,E09000003,5,0,1,0,1,"[5, 9, 8]","[5, 1, 7]","[1, 7]",0,0,0,1,0,1,0,0,0,7,24
2024010523590,2024,010523590,521482,184641,-0.24942,51.54759,3,3,4,21:17,-1,E09000005,3,2,1,0,1,9,4,2,0,0,0,1,0,0,0,0,1,7,24
2024010523593,2024,010523593,534765,194462,-0.0542,51.63283,3,3,4,21:33,-1,E09000010,3,2,1,0,1,"[9, 19]","[3, 5]",1,0,0,0,1,0,0,0,0,0,7,24
2024010523594,2024,010523594,549600,184953,0.15594,51.54365,2,2,4,19:00,-1,E09000002,5,0,1,0,1,4,1,5,0,0,0,1,0,0,0,0,1,7,24
2024010523601,2024,010523601,543007,181994,0.05973,51.51877,3,3,4,08:20,-1,E09000025,3,0,1,0,1,99,9,9,99,9,99,1,1,0,0,0,0,7,24
2024010523605,2024,010523605,513180,184421,-0.36916,51.54734,3,3,5,00:14,-1,E09000009,3,2,1,0,1,"[13, 19]",6,2,"[7, 0]",0,0,1,0,1,0,0,0,7,25
2024010523606,2024,010523606,528396,183743,-0.15009,51.53799,3,3,4,17:23,-1,E09000007,5,0,2,1,1,19,5,1,0,0,0,1,0,1,0,0,0,7,24
2024010523607,2024,010523607,548709,187347,0.14412,51.5654,3,3,4,19:50,-1,E09000002,6,0,1,0,1,1,5,1,0,0,0,1,0,0,0,0,1,7,24
2024010523608,2024,010523608,534533,196273,-0.05685,51.64916,3,3,5,01:00,-1,E09000010,3,2,2,1,1,"[9, 19]","[3, 7]","[1, 3]",0,0,0,1,1,0,0,0,0,7,25
2024010523613,2024,010523613,523190,175283,-0.22806,51.46312,3,3,5,01:05,-1,E09000032,3,2,1,0,1,19,"[5, 7]","[1, 3]",0,0,0,1,0,0,0,0,0,7,25
2024010523620,2024,010523620,526510,172096,-0.18144,51.43375,2,2,6,13:00,-1,E09000032,5,0,1,0,1,"[19, 13]",9,9,99,9,99,1,1,0,0,0,0,7,12
2024010523623,2024,010523623,524255,191081,-0.20717,51.60487,3,3,4,16:30,-1,E09000003,4,0,9,-1,1,99,9,9,99,9,99,1,0,1,0,0,0,7,24
2024010523631,2024,010523631,534932,181884,-0.05662,51.51977,3,3,5,07:00,-1,E09000030,3,0,1,0,1,"[7, 9]","[5, 1]",7,0,0,0,1,1,0,0,0,0,7,25
2024010523636,2024,010523636,528515,178775,-0.15018,51.49332,3,3,1,23:45,-1,E09000033,5,2,1,0,1,99,9,9,99,9,99,1,1,0,0,0,0,7,14
2024010523638,2024,010523638,542646,176139,0.05217,51.46625,3,3,5,07:53,-1,E09000011,3,0,1,0,1,"[9, 19]","[1, 5]","[6, 1]",0,0,0,1,0,1,0,0,0,7,25
2024010523645,2024,010523645,537151,191804,-0.02079,51.60837,3,3,4,16:40,-1,E09000031,6,0,1,0,1,99,9,9,99,9,99,1,1,0,0,0,0,7,24
2024010523646,2024,010523646,543908,177940,0.07106,51.48211,3,3,4,18:18,-1,E09000011,5,0,9,-1,1,99,9,9,99,9,99,1,0,1,0,0,0,7,24
2024010523649,2024,010523649,518216,183192,-0.29698,51.53526,2,2,5,09:50,-1,E09000005,3,0,1,1,1,4,1,5,0,0,0,0,0,0,1,0,0,7,25
2024010523655,2024,010523655,547193,177654,0.11821,51.4787,3,3,4,19:04,-1,E09000004,6,0,1,-1,1,99,9,9,99,9,99,1,0,1,0,0,0,7,24
2024010523662,2024,010523662,530176,178968,-0.1262,51.49468,3,3,5,12:22,-1,E09000033,4,0,1,0,1,"[4, 19]",7,3,0,0,0,1,0,0,1,0,0,7,25
2024010523665,2024,010523665,531822,188325,-0.099,51.57838,3,3,4,23:50,-1,E09000014,3,2,1,0,1,99,9,9,99,9,99,1,1,0,0,0,0,7,24
2024010523667,2024,010523667,524693,184588,-0.20315,51.54642,3,3,5,12:20,-1,E09000005,3,0,1,0,1,"[7, 19]",8,"[2, 4]",0,0,0,1,1,0,0,0,0,7,25
2024010523672,2024,010523672,509844,179867,-0.41867,51.50707,3,3,5,11:15,-1,E09000017,5,0,1,0,1,"[9, 19]",5,"[4, 1]",0,0,0,1,0,1,0,0,0,7,25
2024010523673,2024,010523673,534006,185984,-0.0684,51.55683,3,3,5,12:00,-1,E09000012,5,0,1,0,1,19,5,1,0,0,0,1,1,0,0,0,0,7,25
2024010523676,2024,010523676,532607,165340,-0.0963,51.37164,3,3,2,17:43,-1,E09000008,3,0,8,0,1,99,9,9,99,9,99,1,0,0,0,0,0,7,22
2024010523678,2024,010523678,530676,189053,-0.11526,51.58519,2,2,4,07:25,-1,E09000014,3,0,1,0,1,99,9,9,99,9,99,1,0,0,0,0,1,7,24
2024010523686,2024,010523686,534943,178749,-0.05766,51.49159,3,3,3,19:25,-1,E09000028,3,0,1,0,1,"[99, 13]",9,9,99,9,99,1,0,1,0,0,0,7,23
2024010523689,2024,010523689,528466,176764,-0.15162,51.47526,2,2,5,11:20,-1,E09000032,6,0,1,0,1,1,7,3,0,0,0,1,0,0,0,0,1,7,25
2024010523692,2024,010523692,530345,177942,-0.12415,51.48542,3,3,5,12:30,-1,E09000022,3,0,9,0,1,5,6,2,0,0,0,0,0,0,1,0,0,7,25
2024010523693,2024,010523693,507409,174030,-0.45552,51.45507,3,3,5,12:40,-1,E09000018,5,0,1,0,1,"[15, 6]",7,"[3, 7]",0,0,0,1,0,1,0,0,0,7,25
2024010523695,2024,010523695,536862,172998,-0.03226,51.43945,2,2,5,12:41,-1,E09000023,3,0,2,1,1,"[19, 15]",3,7,0,0,0,0,0,0,1,0,0,7,25
2024010523696,2024,010523696,536677,181104,-0.03178,51.51234,3,3,7,04:05,-1,E09000030,3,2,1,0,1,99,9,9,99,9,99,1,0,0,0,0,0,7,13
2024010523701,2024,010523701,549359,175299,0.14839,51.45697,3,3,5,15:45,-1,E09000004,3,0,1,0,1,10,1,7,0,0,0,0,0,0,1,0,0,7,25
2024010523702,2024,010523702,523514,187952,-0.21897,51.57691,3,3,1,16:20,-1,E09000003,3,0,1,0,1,99,9,9,99,9,99,1,0,0,0,0,0,7,21
2024010523704,2024,010523704,507506,178817,-0.45267,51.49808,3,3,5,15:10,-1,E09000017,3,0,1,0,1,19,"[7, 1]","[3, 5]",0,0,0,1,0,0,0,0,0,7,25
2024010523710,2024,010523710,534292,181626,-0.06593,51.5176,3,3,5,13:54,-1,E09000030,3,0,2,1,1,"[4, 3, 15]",3,7,"[0, 4]","[0, 1]",0,1,0,1,0,0,0,7,25
2024010523711,2024,010523711,527217,173036,-0.17093,51.44204,3,3,4,18:50,-1,E09000032,4,0,1,0,1,99,9,9,99,9,99,1,0,1,0,0,0,7,24
2024010523712,2024,010523712,546897,189170,0.11875,51.58225,3,3,3,19:00,-1,E09000026,3,0,1,0,2,99,9,9,99,9,99,1,0,0,0,0,0,7,23
2024010523713,2024,010523713,534016,185919,-0.06828,51.55624,3,3,5,16:20,-1,E09000012,5,0,1,0,1,19,1,5,0,7,2,1,0,0,0,0,0,7,25
2024010523718,2024,010523718,512826,180404,-0.37555,51.51131,3,3,5,16:39,-1,E09000009,3,0,1,0,1,19,7,3,"[11, 0]",0,0,1,0,0,0,0,0,7,25
2024010523719,2024,010523719,536019,178088,-0.04242,51.48539,3,3,5,17:15,-1,E09000023,4,0,1,1,1,19,1,5,0,0,0,1,1,0,0,0,0,7,25
2024010523725,2024,010523725,532354,178174,-0.09514,51.48704,3,3,5,18:25,-1,E09000028,3,0,1,0,1,8,7,2,0,0,0,1,0,0,0,0,1,7,25
2024010523730,2024,010523730,531061,189491,-0.10954,51.58904,3,3,5,14:10,-1,E09000014,3,0,9,0,1,1,5,1,0,0,0,1,0,0,0,0,1,7,25
2024010523737,2024,010523737,529832,190488,-0.12691,51.59828,3,3,2,09:35,-1,E09000014,5,0,1,0,1,99,9,9,99,9,99,1,1,0,0,0,0,7,22
2024010523739,2024,010523739,533298,188631,-0.0776,51.58078,3,3,5,15:55,-1,E09000014,3,0,1,0,1,"[19, 15]",6,2,0,0,0,1,0,1,0,0,0,7,25
2024010523740,2024,010523740,537964,176744,-0.01495,51.47285,3,3,5,20:25,-1,E09000011,3,0,1,0,1,19,"[1, 7, 5]","[5, 3, 1]",0,0,0,1,0,0,0,0,0,7,25
2024010523742,2024,010523742,523045,188639,-0.22549,51.58319,3,3,5,16:05,-1,E09000003,4,0,1,0,1,"[7, 19]",7,"[2, 3]",0,0,0,1,0,0,0,0,0,7,25
2024010523743,2024,010523743,541883,167502,0.03774,51.38883,3,3,5,16:15,-1,E09000006,5,0,1,0,1,7,5,7,0,0,0,1,0,0,0,0,1,7,25
2024010523745,2024,010523745,534329,177266,-0.06706,51.47841,2,2,5,20:10,-1,E09000028,5,2,1,0,1,"[19, 7]","[3, 5]",7,"[10, 0]",0,0,1,0,1,0,0,0,7,25
2024010523749,2024,010523749,528785,172900,-0.14843,51.44046,2,2,5,19:25,-1,E09000032,4,0,1,0,1,"[6, 19]","[5, 1]",5,0,0,0,1,1,0,0,0,0,7,25
2024010523751,2024,010523751,526875,170536,-0.17675,51.41965,3,3,5,07:45,-1,E09000024,3,0,1,0,1,99,9,9,99,9,99,1,1,0,0,0,0,7,25
2024010523752,2024,010523752,515452,182256,-0.33712,51.52742,3,3,5,14:52,-1,E09000009,4,0,1,0,1,"[19, 10]","[7, 3]","[3, 2]","[4, 0]",0,0,1,0,0,0,0,0,7,25
2024010523753,2024,010523753,527359,175443,-0.16803,51.46364,3,3,5,15:50,-1,E09000032,3,0,2,0,1,19,7,3,0,0,0,0,1,0,0,0,1,7,25