collision_index,collision_year,collision_ref_no,location_easting_osgr,location_northing_osgr,longitude,latitude,casualty_severity,casualty_severity,day_of_week,time,local_authority_district,local_authority_ons_district,first_road_class,light_conditions,weather_conditions,road_surface_conditions,urban_or_rural_area,vehicle_manoeuvre,vehicle_direction_from,vehicle_direction_to,hit_object_in_carriageway,vehicle_leaving_carriageway,hit_object_off_carriageway,is_car,is_cyle,is_mcyle,is_goodsv,is_other,is_pedestrian,month,day
2024010524609,2024,010524609,526512,186965,-0.17608,51.56738,3,3,3,22:41,-1,E09000007,4,2,1,0,1,19,"[3, 7]","[7, 3]",0,0,0,1,1,0,0,0,0,7,30
2024010524614,2024,010524614,527144,181610,-0.1689,51.51911,2,"[2, 3]",3,22:45,-1,E09000033,3,2,1,0,1,19,1,5,0,0,0,0,0,1,0,0,1,7,30
2024010524615,2024,010524615,522967,180057,-0.22961,51.50608,2,2,3,21:11,-1,E09000013,3,0,1,0,1,"[14, 19]","[7, 3]","[3, 7]",0,0,0,0,1,0,1,0,0,7,30
2024010524619,2024,010524619,532124,174372,-0.09987,51.45292,3,3,3,09:10,-1,E09000028,6,0,9,-1,1,"[3, 1]",9,9,99,9,99,1,0,0,0,0,0,7,30
2024010524623,2024,010524623,518698,180531,-0.29093,51.51125,2,2,3,23:15,-1,E09000009,3,2,1,0,1,"[7, 19]",7,"[1, 3]",0,0,0,1,1,0,0,0,0,7,30
2024010524630,2024,010524630,534862,172216,-0.06131,51.4329,3,3,2,17:45,-1,E09000023,5,0,1,0,1,99,9,9,99,9,99,1,0,1,0,0,0,7,29
2024010524632,2024,010524632,528269,171091,-0.15651,51.42432,3,3,4,07:00,-1,E09000032,6,0,8,0,1,99,9,9,99,9,99,0,1,0,1,0,0,7,31
2024010524641,2024,010524641,528023,171260,-0.15998,51.4259,3,3,3,10:00,-1,E09000032,5,0,1,0,1,99,9,9,99,9,99,1,0,1,0,0,0,7,30
2024010524643,2024,010524643,535136,199787,-0.04679,51.6806,3,3,3,17:30,-1,E09000010,3,0,8,0,1,99,9,9,99,9,99,1,0,0,0,0,0,7,30
2024010524646,2024,010524646,518458,167627,-0.29871,51.39532,3,3,3,12:30,-1,E09000021,3,0,1,0,1,99,9,9,99,9,99,1,0,1,0,0,0,7,30
2024010524647,2024,010524647,533788,185007,-0.07191,51.5481,3,3,4,15:41,-1,E09000012,6,0,1,0,1,19,1,5,0,0,0,0,1,0,0,0,1,7,3
2024010524649,2024,010524649,537154,169336,-0.02947,51.40647,3,3,3,16:23,-1,E09000006,3,0,1,0,1,99,9,9,99,9,99,1,0,1,0,0,0,7,30
2024010524654,2024,010524654,537911,174535,-0.01658,51.45301,2,2,4,09:40,-1,E09000023,3,0,1,0,1,"[7, 2, 19]","[6, 0, 5]","[1, 0]",0,"[0, 1]",0,1,1,0,1,0,0,7,31
2024010524666,2024,010524666,530481,169576,-0.12527,51.4102,3,3,3,11:13,-1,E09000008,6,0,1,0,1,99,9,9,99,9,99,1,0,1,0,0,0,7,30
2024010524667,2024,010524667,528753,181896,-0.14562,51.52131,3,3,4,11:20,-1,E09000033,3,0,1,0,1,"[15, 7]",5,"[1, 6]",0,0,0,1,0,1,0,0,0,7,31
2024010524671,2024,010524671,539842,174996,0.01138,51.45668,3,3,4,12:50,-1,E09000023,3,0,9,0,1,5,5,1,0,0,0,1,0,0,1,0,0,7,31
2024010524672,2024,010524672,523296,180764,-0.22463,51.51236,3,3,4,08:55,-1,E09000013,3,0,1,0,1,"[7, 15]",1,"[4, 5]",0,"[1, 0]",0,1,1,0,0,0,0,7,31
2024010524678,2024,010524678,526405,191972,-0.17582,51.6124,3,3,4,11:30,-1,E09000003,3,0,1,0,1,5,5,1,0,0,0,0,0,0,1,0,0,7,31
2024010524680,2024,010524680,522299,166021,-0.24408,51.38007,2,2,4,10:03,-1,E09000029,3,0,1,0,1,14,2,6,0,0,0,1,0,0,0,0,1,7,31
2024010524687,2024,010524687,514997,176236,-0.34564,51.47341,3,3,4,11:46,-1,E09000018,3,0,8,0,1,99,9,9,99,9,99,1,0,1,0,0,0,4,10
2024010524688,2024,010524688,536126,162417,-0.04689,51.34454,2,2,3,12:15,-1,E09000008,6,0,1,0,1,1,8,6,0,0,0,1,0,0,0,0,1,7,16
2024010524689,2024,010524689,534868,183228,-0.05702,51.53186,3,3,4,12:58,-1,E09000030,3,0,1,0,1,"[19, 7]","[7, 1]",3,0,0,0,1,0,1,0,0,0,7,31
2024010524692,2024,010524692,530222,180539,-0.12496,51.50878,3,3,4,12:15,-1,E09000033,3,0,1,0,1,4,3,7,0,0,0,0,0,0,1,0,0,7,31
2024010524694,2024,010524694,530980,192620,-0.10954,51.61717,3,3,4,12:50,-1,E09000010,3,0,1,0,1,"[14, 19]",5,1,0,0,0,1,0,1,0,0,0,7,31
2024010524699,2024,010524699,526284,177784,-0.18266,51.48492,3,3,2,11:30,-1,E09000020,3,0,9,0,1,99,9,9,99,9,99,1,0,1,0,0,0,7,29
2024010524700,2024,010524700,534345,197479,-0.05911,51.66005,3,3,4,15:36,-1,E09000010,5,0,1,0,1,19,"[7, 5]","[3, 1]",0,0,0,1,1,0,0,0,0,7,31
2024010524702,2024,010524702,521503,185786,-0.24872,51.55788,3,3,3,18:10,-1,E09000005,3,0,1,0,1,99,9,9,99,9,99,1,1,0,0,0,0,7,30
2024010524709,2024,010524709,528554,177894,-0.14994,51.4854,3,3,3,17:24,-1,E09000033,3,0,1,0,2,19,1,5,0,0,0,1,0,1,0,0,0,7,30
2024010524710,2024,010524710,540712,182894,0.02704,51.52743,3,3,4,13:30,-1,E09000025,3,0,1,0,1,99,9,9,99,9,99,1,0,0,0,0,0,7,31
2024010524711,2024,010524711,550031,185151,0.16224,51.54532,2,2,4,12:20,-1,E09000002,5,0,1,0,1,19,1,5,0,0,0,1,0,0,0,0,1,7,31
2024010524716,2024,010524716,520201,180071,-0.26944,51.5068,3,3,4,16:44,-1,E09000009,3,0,1,0,1,"[14, 9]","[7, 5]",3,0,0,0,1,0,1,0,0,0,7,31
2024010524718,2024,010524718,526694,180770,-0.17568,51.51166,2,2,4,16:19,-1,E09000033,3,0,1,0,1,"[11, 19]",7,3,0,0,0,1,0,1,0,0,0,7,31
2024010524719,2024,010524719,532346,169439,-0.09852,51.40854,3,3,4,09:30,-1,E09000008,6,0,9,-1,1,99,9,9,99,9,99,1,0,1,0,0,0,7,31
2024010524723,2024,010524723,531081,190407,-0.10891,51.59726,2,2,4,12:29,-1,E09000014,3,0,1,0,1,14,3,7,0,0,0,0,0,1,0,0,1,7,31
2024010524724,2024,010524724,528302,179830,-0.15287,51.50285,3,3,1,13:15,-1,E09000033,3,0,1,0,1,19,7,3,0,0,0,0,0,0,1,0,0,7,14
2024010524725,2024,010524725,526953,181842,-0.17157,51.52124,2,2,4,10:00,-1,E09000033,3,0,9,0,1,99,9,9,99,9,99,0,1,0,0,0,0,6,19
2024010524726,2024,010524726,529110,175401,-0.14285,51.46286,3,3,3,17:35,-1,E09000022,4,0,1,0,1,99,9,9,99,9,99,0,1,0,0,0,0,7,30
2024010524734,2024,010524734,529578,174462,-0.13646,51.45432,3,3,4,15:58,-1,E09000022,6,0,1,0,1,"[9, 19]","[1, 7]","[6, 3]",0,0,0,1,0,1,0,0,0,7,31
2024010524736,2024,010524736,534784,180746,-0.05918,51.50958,3,3,4,19:05,-1,E09000030,3,0,1,0,1,"[14, 13]","[3, 7]","[7, 3]",0,0,0,0,0,1,0,0,0,7,31
2024010524738,2024,010524738,513607,184766,-0.3629,51.55036,3,3,4,17:30,-1,E09000009,3,0,1,0,1,"[3, 4]",5,1,0,0,0,1,0,0,0,0,0,7,31
2024010524741,2024,010524741,544008,187313,0.07633,51.56631,3,3,4,19:20,-1,E09000026,6,0,1,0,1,19,"[2, 3]","[6, 7]",0,0,0,1,0,0,0,0,0,7,31
2024010524743,2024,010524743,529472,195419,-0.13028,51.64268,3,3,2,06:15,-1,E09000010,5,0,8,0,1,99,9,9,99,9,99,1,1,0,0,0,0,7,29
2024010524746,2024,010524746,535682,178946,-0.04694,51.49319,3,3,4,19:12,-1,E09000028,3,0,9,-1,1,99,9,9,99,9,99,1,0,0,0,0,1,7,31
2024010524749,2024,010524749,504557,176622,-0.49578,51.4789,1,1,4,16:00,-1,E09000017,5,0,1,0,2,19,7,3,10,7,4,1,0,0,0,0,0,7,31
2024010524750,2024,010524750,525618,178869,-0.19186,51.49482,3,3,4,15:16,-1,E09000020,3,0,1,0,1,"[4, 19]",7,3,0,0,0,1,0,0,0,0,0,7,31
2024010524757,2024,010524757,528425,179150,-0.15134,51.49671,2,2,4,16:30,-1,E09000033,4,0,1,0,1,"[19, 9]","[6, 2]","[2, 7]",0,0,0,1,0,1,0,0,0,7,31
2024010524758,2024,010524758,542312,188365,0.0523,51.57619,3,3,4,19:15,-1,E09000026,3,0,1,0,1,"[5, 9]","[3, 7]","[7, 4]",0,0,0,1,0,0,0,0,0,7,31
2024010524759,2024,010524759,538924,190725,0.00437,51.59824,3,3,4,17:40,-1,E09000031,3,0,1,0,2,"[13, 12, 19]",7,3,0,"[0, 1]","[0, 4]",1,0,0,0,0,0,7,31
2024010524761,2024,010524761,532446,196566,-0.08689,51.65229,3,3,4,10:48,-1,E09000010,3,0,1,0,1,"[13, 19]",5,1,0,0,0,1,0,0,0,0,0,7,31
2024010524763,2024,010524763,545557,183386,0.09704,51.53063,3,3,4,15:00,-1,E09000002,3,0,1,0,1,"[11, 19]",3,7,0,0,0,1,0,0,0,0,0,7,31
2024010524768,2024,010524768,509394,186780,-0.42301,51.56929,3,3,4,17:25,-1,E09000017,3,0,1,0,1,"[2, 19]","[0, 5]","[0, 1]","[0, 4]",0,0,1,0,0,0,0,0,7,31
2024010524776,2024,010524776,535751,164461,-0.0515,51.363,2,2,4,16:10,-1,E09000008,5,0,1,0,1,19,5,1,0,0,0,1,1,0,0,0,0,7,31
2024010524777,2024,010524777,538583,174444,-0.00695,51.45203,3,3,4,20:22,-1,E09000023,5,0,1,0,1,"[9, 19]","[8, 4]","[6, 8]",0,"[0, 1]","[0, 11]",1,0,1,0,0,0,7,31
2024010524778,2024,010524778,515731,179692,-0.33394,51.50432,2,2,3,18:40,-1,E09000009,3,0,1,0,1,19,7,3,99,0,0,1,0,0,0,0,1,7,30
2024010524780,2024,010524780,535524,180957,-0.04845,51.51129,3,3,3,07:40,-1,E09000030,4,0,1,0,1,99,9,9,99,9,99,1,1,0,0,0,0,7,30
2024010524784,2024,010524784,529441,181978,-0.13568,51.52189,3,3,4,23:50,-1,E09000007,3,2,1,0,1,"[3, 19]",4,8,0,0,0,1,0,0,0,0,0,7,31
2024010524786,2024,010524786,525021,184132,-0.19859,51.54225,3,3,4,16:44,-1,E09000005,3,0,1,0,1,99,9,9,99,9,99,1,0,1,0,0,0,7,31
2024010524795,2024,010524795,524165,189096,-0.20917,51.58705,3,3,5,02:20,-1,E09000003,3,2,1,0,1,99,9,9,99,9,99,1,0,0,0,0,0,8,1
2024010524796,2024,010524796,536402,184632,-0.03438,51.54411,3,3,4,22:14,-1,E09000012,6,2,1,0,1,"[2, 19]","[0, 1]","[0, 5]","[0, 4]",0,0,1,0,0,0,0,0,7,31
2024010524797,2024,010524797,526611,182602,-0.17622,51.52814,3,3,5,00:45,-1,E09000033,6,2,1,0,1,"[2, 1]","[0, 7]","[0, 3]","[0, 4]","[0, 7]","[0, 1]",1,0,1,0,0,0,8,1
2024010524798,2024,010524798,528781,176345,-0.14724,51.47142,1,1,5,02:31,-1,E09000032,4,2,1,0,1,19,4,8,0,0,0,0,0,1,0,0,0,8,1
2024010524800,2024,010524800,535836,169845,-0.04822,51.41136,3,3,4,17:20,-1,E09000006,3,0,1,0,1,99,9,9,99,9,99,1,0,0,0,0,0,7,31
2024010524808,2024,010524808,529357,189882,-0.13398,51.59294,3,3,5,09:07,-1,E09000014,6,0,1,0,1,19,3,7,0,1,10,1,0,0,0,0,0,8,1
2024010524813,2024,010524813,538172,173687,-0.01315,51.44532,3,3,5,08:55,-1,E09000023,3,0,9,-1,1,99,9,9,"[0, 99]",0,0,1,0,1,0,0,0,8,1
2024010524816,2024,010524816,523194,181028,-0.226,51.51475,3,3,5,06:04,-1,E09000013,3,2,9,0,1,19,"[5, 3]","[1, 7]","[0, 10, 7]","[0, 4]","[0, 1]",1,0,0,0,0,0,8,1
2024010524823,2024,010524823,534040,188393,-0.06699,51.57847,3,3,1,19:33,-1,E09000014,6,0,1,0,1,99,9,9,99,9,99,1,1,0,0,0,0,7,21
2024010524825,2024,010524825,526548,185656,-0.17603,51.5556,3,3,4,14:20,-1,E09000007,3,0,1,0,1,99,9,9,99,9,99,1,0,1,0,0,0,7,31
2024010524826,2024,010524826,534539,178116,-0.06371,51.486,3,3,5,08:47,-1,E09000028,3,0,1,0,1,19,"[6, 2]","[2, 6]",0,0,0,1,0,0,0,0,0,8,1
2024010524829,2024,010524829,528738,178301,-0.14715,51.48901,2,2,4,17:50,-1,E09000033,6,0,8,0,1,99,9,9,99,9,99,1,0,1,0,0,0,7,31
2024010524832,2024,010524832,532776,170038,-0.09212,51.41382,3,3,5,09:35,-1,E09000008,3,0,1,0,1,"[9, 13]",3,"[2, 7]",0,0,0,1,0,1,0,0,0,8,1
2024010524833,2024,010524833,528587,190105,-0.14501,51.59512,3,3,7,11:44,-1,E09000014,4,0,1,0,1,99,9,9,0,0,0,1,0,0,0,0,1,7,20
2024010524834,2024,010524834,528351,179849,-0.15215,51.50301,3,3,5,10:32,-1,E09000033,3,0,1,0,1,7,3,5,0,0,0,1,0,0,0,0,1,8,1
2024010524837,2024,010524837,523043,181477,-0.22802,51.51882,2,2,5,10:46,-1,E09000013,3,0,2,0,1,4,5,1,0,0,0,0,0,0,1,0,0,8,1
2024010524841,2024,010524841,544226,183946,0.07809,51.536,3,3,5,11:40,-1,E09000002,6,0,1,0,1,"[9, 19]","[5, 3]","[2, 7]",0,0,0,1,0,1,0,0,0,8,1
2024010524852,2024,010524852,527459,171483,-0.16801,51.42803,3,3,4,16:52,-1,E09000032,3,0,8,0,1,"[7, 19]",9,9,99,9,99,1,1,0,0,0,0,7,31
2024010524854,2024,010524854,533370,170850,-0.08328,51.42098,3,3,5,12:26,-1,E09000022,5,0,8,0,1,"[1, 19]",9,9,99,9,99,1,1,0,0,0,0,8,1
2024010524862,2024,010524862,521842,168338,-0.24985,51.401,3,3,4,12:15,-1,E09000021,6,0,1,0,1,99,9,9,99,9,99,1,0,1,0,0,0,7,31
2024010524864,2024,010524864,529065,194639,-0.13645,51.63576,2,2,5,12:50,-1,E09000010,3,0,1,0,1,"[9, 19]","[6, 8]",4,0,0,0,1,0,1,0,0,0,8,1
2024010524873,2024,010524873,518700,182513,-0.29024,51.52906,3,3,1,19:20,-1,E09000009,6,0,1,0,1,99,9,9,99,9,99,1,0,0,0,0,0,7,28
2024010524876,2024,010524876,531171,176817,-0.11267,51.47512,3,3,5,12:44,-1,E09000022,3,0,1,0,1,14,5,1,0,0,0,0,0,1,0,0,1,8,1
2024010524877,2024,010524877,513552,184072,-0.36391,51.54413,3,3,5,12:27,-1,E09000009,6,0,1,0,1,"[2, 19]","[0, 6]","[0, 2]","[0, 4]",0,0,1,0,0,0,0,0,8,1
2024010524878,2024,010524878,547900,187961,0.13271,51.57113,2,2,5,12:20,-1,E09000002,3,0,1,0,1,19,3,7,0,0,0,0,1,0,0,0,0,8,1
2024010524880,2024,010524880,535464,200044,-0.04195,51.68283,3,3,5,11:55,-1,E09000010,1,0,1,0,1,4,7,3,"[0, 4]",0,0,1,0,0,1,0,0,8,1
2024010524892,2024,010524892,508369,177381,-0.44068,51.48501,3,3,4,21:50,-1,E09000017,6,2,1,0,1,99,9,9,99,9,99,1,0,0,0,0,0,7,31
2024010524896,2024,010524896,531963,178900,-0.1005,51.49365,3,3,2,14:11,-1,E09000028,3,0,1,0,1,99,9,9,99,9,99,1,1,0,0,0,0,7,29
2024010524903,2024,010524903,528186,167954,-0.15884,51.39615,3,3,5,14:35,-1,E09000024,3,0,1,0,1,19,1,5,"[0, 4]",0,0,1,0,0,0,0,0,8,1
2024010524904,2024,010524904,539697,183574,0.01269,51.53379,3,3,5,12:40,-1,E09000025,3,0,1,0,1,99,9,9,99,9,99,0,1,1,0,0,0,8,1
2024010524905,2024,010524905,523304,187537,-0.22214,51.57323,3,3,5,15:32,-1,E09000003,6,0,1,0,1,"[5, 19]","[5, 3]","[1, 7]",0,0,0,1,0,0,0,0,0,8,1
2024010524907,2024,010524907,531435,184139,-0.10615,51.54085,3,3,4,18:15,-1,E09000019,4,0,9,-1,1,99,9,9,99,9,99,1,1,0,0,0,0,7,31
2024010524909,2024,010524909,519964,184781,-0.27125,51.54918,3,3,5,14:10,-1,E09000005,6,0,1,0,1,99,9,9,99,9,99,1,1,0,0,0,0,8,1
2024010524910,2024,010524910,539417,176185,0.00573,51.46747,3,3,1,18:05,-1,E09000023,6,0,9,-1,1,99,9,9,99,9,99,1,0,1,0,0,0,7,28
2024010524913,2024,010524913,530039,175587,-0.12942,51.46432,2,2,5,09:30,-1,E09000022,4,0,1,0,1,"[13, 19]",5,1,0,0,0,1,1,0,0,0,0,8,1
2024010524918,2024,010524918,520084,169524,-0.2747,51.41203,3,3,5,14:44,-1,E09000021,6,0,1,0,1,99,9,9,99,9,99,0,0,1,0,1,0,8,1
2024010524920,2024,010524920,528673,176437,-0.14876,51.47227,3,3,5,06:54,-1,E09000032,3,0,1,0,1,"[2, 14]","[0, 5]","[0, 1]",0,"[0, 1]","[0, 10]",1,0,0,0,0,1,8,1
2024010524921,2024,010524921,532639,187656,-0.08747,51.57218,3,3,5,17:00,-1,E09000012,6,0,1,0,1,5,2,6,10,1,2,1,0,0,0,0,0,8,1
2024010524923,2024,010524923,530345,181819,-0.12271,51.52026,3,3,5,14:40,-1,E09000007,3,0,1,0,1,14,1,5,0,0,0,0,0,1,0,0,1,8,1
2024010524925,2024,010524925,509143,181733,-0.42819,51.52398,3,3,5,18:20,-1,E09000017,3,0,2,1,1,"[19, 7]","[3, 7]","[7, 2]",0,0,0,1,0,1,0,0,0,8,1
2024010524930,2024,010524930,530717,183040,-0.1169,51.53114,3,3,3,11:42,-1,E09000019,3,0,8,0,1,99,9,9,99,9,99,1,1,0,0,0,0,7,30
2024010524935,2024,010524935,549189,168364,0.14302,51.3947,3,3,5,05:31,-1,E09000006,6,0,8,0,2,99,9,9,99,9,99,1,0,0,0,0,0,8,1
2024010524938,2024,010524938,509776,181518,-0.41914,51.52192,3,3,2,22:10,-1,E09000017,3,2,1,0,1,99,9,9,99,9,99,1,0,0,0,0,0,7,29
2024010524939,2024,010524939,527536,175519,-0.16545,51.46428,3,3,5,19:05,-1,E09000032,3,0,2,1,1,"[19, 9]","[1, 5]","[5, 2]",0,0,0,1,1,0,0,0,0,8,1
2024010524944,2024,010524944,528675,177179,-0.14846,51.47894,3,3,4,19:50,-1,E09000032,3,0,1,0,1,"[11, 19]",9,9,99,9,99,1,1,0,0,0,0,7,31
2024010524948,2024,010524948,551959,188202,0.19134,51.57221,3,3,5,20:22,-1,E09000016,5,0,2,1,1,"[9, 19]",1,"[7, 5]",0,0,0,1,1,0,0,0,0,8,1
2024010524950,2024,010524950,540314,177295,0.01908,51.47722,3,3,5,19:50,-1,E09000011,4,0,1,1,1,"[3, 19]",5,1,0,0,0,1,0,0,0,0,0,8,1
2024010524952,2024,010524952,542157,185057,0.04873,51.54651,3,3,5,19:40,-1,E09000025,3,0,2,1,1,19,5,1,11,1,2,1,0,0,0,0,0,8,1
2024010524955,2024,010524955,524609,179284,-0.20624,51.49877,3,3,5,17:13,-1,E09000020,3,0,1,0,1,"[19, 7]","[1, 2]",5,"[10, 0]","[1, 0]","[1, 0]",1,0,0,0,1,0,8,1
2024010524956,2024,010524956,521227,189055,-0.25157,51.58732,3,3,5,20:47,-1,E09000005,3,2,1,0,1,1,5,1,0,0,0,1,0,0,0,0,1,8,1
2024010524958,2024,010524958,542041,188342,0.04838,51.57605,3,3,5,15:48,-1,E09000026,3,0,9,-1,1,99,9,9,99,9,99,1,0,0,0,0,0,8,1
2024010524960,2024,010524960,554213,189877,0.22457,51.58665,3,3,5,21:30,-1,E09000016,3,2,1,0,1,"[3, 2, 19]","[7, 0, 3]","[3, 0, 7]","[0, 4]",0,0,1,0,0,0,0,0,8,1
2024010524962,2024,010524962,522184,183409,-0.23973,51.53637,3,3,5,14:33,-1,E09000005,5,0,1,0,1,9,"[3, 2]","[2, 8]",0,0,0,1,0,1,0,0,0,8,1
2024010524963,2024,010524963,529951,183161,-0.1279,51.53241,2,2,4,09:50,-1,E09000007,3,0,1,0,1,99,9,9,"[99, 8]",9,99,1,1,0,0,0,0,7,31
2024010524966,2024,010524966,507866,181479,-0.44667,51.52194,3,3,5,21:35,-1,E09000017,3,2,1,1,1,"[19, 9]",1,"[5, 7]",0,0,0,1,0,1,0,0,0,8,1
2024010524968,2024,010524968,510484,178871,-0.40977,51.49799,3,3,5,21:36,-1,E09000018,3,2,1,1,1,"[3, 19]","[7, 5]","[3, 7]",0,0,0,1,0,0,0,0,0,8,1
2024010524969,2024,010524969,510508,172890,-0.41129,51.44423,3,3,5,17:00,-1,E09000018,3,0,1,0,1,"[3, 7]","[1, 6]","[5, 7]",0,0,0,1,0,0,0,1,0,8,1
2024010524972,2024,010524972,529327,180985,-0.13768,51.513,3,3,5,16:30,-1,E09000033,6,0,1,0,1,99,9,9,99,9,99,1,0,0,0,0,1,8,1
2024010524974,2024,010524974,529255,191986,-0.13468,51.61188,3,3,3,19:52,-1,E09000010,3,0,1,0,1,99,9,9,99,9,99,1,0,1,0,0,0,7,30
2024010524978,2024,010524978,533604,189531,-0.07284,51.5888,3,3,5,23:14,-1,E09000014,4,2,8,0,1,"[19, 9, 13]","[4, 7]","[8, 5]",0,0,0,1,0,1,0,0,0,8,1
2024010524981,2024,010524981,532472,164459,-0.09857,51.36376,3,3,5,19:05,-1,E09000008,3,0,2,1,1,"[9, 19]","[8, 5]","[5, 1]",0,0,0,1,0,0,0,0,0,8,1
2024010524982,2024,010524982,515642,188685,-0.33227,51.58517,3,3,3,18:00,-1,E09000015,3,0,1,0,1,"[19, 9]","[5, 1]","[1, 7]",0,0,0,1,0,0,0,0,0,7,30
2024010524984,2024,010524984,513357,175290,-0.36954,51.46524,3,3,5,18:52,-1,E09000018,6,0,2,1,1,"[19, 5]",5,1,0,0,0,1,0,1,0,0,0,8,1
2024010524986,2024,010524986,528945,184191,-0.14201,51.5419,3,3,5,23:40,-1,E09000007,3,2,1,0,1,"[15, 19]",5,1,0,0,0,0,1,0,1,0,0,8,1
2024010524987,2024,010524987,511092,185358,-0.39897,51.55618,3,3,6,18:13,-1,E09000017,5,0,2,1,1,"[7, 19]",1,"[3, 5]",0,0,0,1,1,0,0,0,0,8,2
2024010524994,2024,010524994,519349,179016,-0.28207,51.49749,1,1,6,02:18,-1,E09000018,3,2,1,0,1,19,"[1, 7]","[5, 3]",0,0,0,1,0,0,1,0,1,8,2
2024010524995,2024,010524995,539290,168739,0.00098,51.40059,3,3,5,22:00,-1,E09000006,6,2,1,1,1,"[19, 2]","[3, 0]","[7, 0]","[4, 0]",0,0,1,0,1,0,0,0,8,1
2024010524998,2024,010524998,530925,166987,-0.11984,51.38683,3,3,6,03:00,-1,E09000008,6,2,1,0,1,"[2, 19]","[0, 5]","[0, 1]","[0, 4]",0,0,1,0,0,0,0,0,8,2
2024010525001,2024,010525001,533903,179454,-0.07236,51.49817,3,3,5,15:51,-1,E09000028,4,0,1,0,1,99,9,9,99,9,99,1,0,0,0,0,0,6,20
2024010525004,2024,010525004,528067,169604,-0.15995,51.411,3,3,5,18:00,-1,E09000024,6,0,1,0,1,99,9,9,99,9,99,1,0,0,0,0,1,8,1
2024010525005,2024,010525005,535209,179382,-0.05359,51.49722,3,3,6,17:40,-1,E09000028,3,0,1,0,1,19,5,1,99,0,0,1,1,0,0,0,0,7,26
2024010525006,2024,010525006,528917,163945,-0.14979,51.35995,3,3,6,13:30,-1,E09000029,6,0,1,0,1,"[99, 3]","[9, 7]","[9, 3]",0,0,0,1,1,0,0,0,0,7,19
2024010525007,2024,010525007,526415,193996,-0.17495,51.63058,3,3,6,08:10,-1,E09000003,3,0,1,0,1,"[7, 4, 9]","[3, 5]","[5, 1, 2]",0,0,0,1,0,0,0,0,0,8,2
2024010525009,2024,010525009,528132,194111,-0.15011,51.63123,3,3,5,18:30,-1,E09000003,4,0,1,0,1,99,9,9,99,9,99,1,0,1,0,0,0,8,1
2024010525011,2024,010525011,517567,184181,-0.30601,51.54429,3,3,6,08:15,-1,E09000005,3,0,1,0,1,"[3, 15]",2,6,"[0, 8]",0,0,1,1,0,0,0,0,8,2
2024010525014,2024,010525014,533061,183234,-0.08306,51.53234,2,2,5,13:20,-1,E09000012,5,0,1,0,1,"[9, 19]","[1, 5]","[7, 1]",0,0,0,1,1,0,0,0,0,8,1
2024010525016,2024,010525016,531822,180297,-0.10201,51.50624,2,2,4,07:53,-1,E09000028,3,0,1,0,1,"[19, 6]",5,"[1, 5]","[99, 0]",0,0,0,1,0,1,0,0,7,31
2024010525017,2024,010525017,539667,186506,0.01342,51.56015,3,3,6,09:10,-1,E09000031,6,0,8,0,1,99,9,9,99,9,99,1,0,0,0,0,0,8,2
2024010525022,2024,010525022,510325,181186,-0.41133,51.51883,2,2,6,10:35,-1,E09000017,3,0,1,0,1,7,5,7,0,0,0,0,0,0,0,1,1,8,2
2024010525025,2024,010525025,519287,191004,-0.2789,51.60525,2,2,6,11:05,-1,E09000015,5,0,1,0,1,"[6, 14]","[1, 3]","[1, 7]",0,0,0,1,0,1,0,0,0,8,2
2024010525028,2024,010525028,517043,179261,-0.31519,51.50018,3,3,4,13:08,-1,E09000009,4,0,1,0,1,1,9,9,99,9,99,1,0,0,0,0,1,7,31
2024010525030,2024,010525030,523779,178653,-0.21841,51.49328,3,3,5,16:15,-1,E09000013,3,0,1,0,1,99,9,9,99,9,99,1,1,0,0,0,0,7,25
2024010525033,2024,010525033,523464,179924,-0.2225,51.50477,3,3,5,16:23,-1,E09000013,3,0,1,0,1,99,9,9,99,9,99,1,0,1,0,0,0,8,1
2024010525034,2024,010525034,515227,184846,-0.33952,51.55075,3,3,5,13:05,-1,E09000009,3,0,9,-1,1,99,9,9,99,9,99,1,0,0,0,0,0,8,1
2024010525035,2024,010525035,539562,173755,0.00686,51.4456,3,3,6,12:15,-1,E09000023,3,0,1,0,1,"[19, 3, 4]","[3, 5, 6, 7]","[7, 1, 2, 3]","[0, 4]",0,0,1,0,1,0,0,0,8,2
2024010525037,2024,010525037,522673,187294,-0.23133,51.57118,3,3,1,00:25,-1,E09000003,3,2,8,0,1,99,9,9,99,9,99,1,0,0,0,0,0,7,14
2024010525038,2024,010525038,543281,174439,0.06062,51.45081,3,3,6,11:33,-1,E09000011,3,0,1,0,1,5,3,7,0,0,0,0,0,0,1,0,0,8,2
2024010525042,2024,010525042,521314,186475,-0.25121,51.56411,2,2,6,06:29,-1,E09000005,3,0,1,0,1,"[19, 12]",3,7,"[10, 0]",0,0,1,0,1,0,0,0,8,2
2024010525043,2024,010525043,536119,173731,-0.04266,51.44622,3,3,1,17:00,-1,E09000023,4,0,9,-1,1,99,9,9,99,9,99,1,0,1,0,0,0,7,28
2024010525045,2024,010525045,511703,181967,-0.39123,51.52558,3,3,2,16:21,-1,E09000017,3,0,2,1,1,19,1,5,0,1,2,0,0,0,1,0,0,7,15
2024010525047,2024,010525047,531970,173870,-0.10227,51.44845,3,3,5,15:30,-1,E09000022,3,0,1,0,1,99,9,9,99,9,99,1,0,0,0,0,1,8,1