collision_index,collision_year,collision_ref_no,location_easting_osgr,location_northing_osgr,longitude,latitude,casualty_severity,casualty_severity,day_of_week,time,local_authority_district,local_authority_ons_district,first_road_class,light_conditions,weather_conditions,road_surface_conditions,urban_or_rural_area,vehicle_manoeuvre,vehicle_direction_from,vehicle_direction_to,hit_object_in_carriageway,vehicle_leaving_carriageway,hit_object_off_carriageway,is_car,is_cyle,is_mcyle,is_goodsv,is_other,is_pedestrian,month,day
2024010525049,2024,010525049,548859,173752,0.14055,51.4432,3,3,6,06:45,-1,E09000004,4,0,1,0,1,"[2, 14]","[0, 3]","[0, 7]","[0, 4]",0,0,1,0,0,0,0,0,8,2
2024010525050,2024,010525050,517076,180543,-0.31429,51.51169,3,3,4,12:39,-1,E09000009,3,0,1,0,1,99,9,9,99,9,99,1,0,1,0,0,0,7,31
2024010525055,2024,010525055,535000,177430,-0.05734,51.47972,2,2,6,12:50,-1,E09000028,3,0,1,0,1,"[7, 19]","[5, 4]",8,0,1,0,1,0,1,0,0,0,8,2
2024010525056,2024,010525056,525099,174629,-0.20083,51.45683,2,2,6,08:08,-1,E09000032,3,0,1,0,1,"[9, 19]","[5, 1]","[2, 5]",0,0,0,1,0,1,0,0,0,8,2
2024010525063,2024,010525063,540770,191405,0.03128,51.6039,3,3,6,14:20,-1,E09000026,3,0,1,0,1,"[6, 19]",1,"[1, 5]",0,0,0,1,1,0,0,0,0,8,2
2024010525066,2024,010525066,524411,174888,-0.21064,51.45931,3,3,6,07:30,-1,E09000032,3,2,9,-1,1,99,9,9,99,9,99,1,1,0,0,0,0,8,2
2024010525069,2024,010525069,535210,183299,-0.05207,51.53242,3,3,6,10:00,-1,E09000030,6,0,1,0,1,19,3,7,7,0,0,1,0,0,0,0,0,8,2
2024010525071,2024,010525071,539748,191331,0.0165,51.60349,2,2,6,07:20,-1,E09000026,3,0,1,0,2,"[15, 19]",1,5,0,0,0,1,1,0,0,0,0,8,2
2024010525072,2024,010525072,529873,198063,-0.12351,51.66634,2,2,6,14:29,-1,E09000010,5,0,1,0,2,"[19, 13]",3,7,0,0,0,1,1,0,0,0,0,8,2
2024010525077,2024,010525077,544048,178350,0.07324,51.48576,3,3,6,13:10,-1,E09000011,5,0,1,0,1,19,"[5, 3]","[1, 7]",0,0,0,1,0,0,0,0,0,8,2
2024010525078,2024,010525078,516588,178660,-0.32194,51.49487,2,2,6,11:20,-1,E09000018,3,0,1,0,1,99,9,9,99,9,99,1,0,0,0,0,0,8,2
2024010525081,2024,010525081,524913,182062,-0.20088,51.52367,2,2,6,15:15,-1,E09000033,3,0,1,0,1,"[9, 19]",3,"[1, 7]",0,"[0, 1]",0,1,0,0,0,0,0,8,2
2024010525082,2024,010525082,521676,178097,-0.24888,51.48874,2,2,5,17:00,-1,E09000018,3,0,1,0,1,19,7,3,10,0,0,0,0,1,0,0,0,8,1
2024010525083,2024,010525083,528726,170338,-0.15021,51.41745,3,3,6,12:30,-1,E09000024,6,0,1,0,1,99,9,9,99,9,99,1,0,0,0,0,1,8,2
2024010525090,2024,010525090,531875,171653,-0.10447,51.42855,2,2,6,15:00,-1,E09000022,3,0,1,0,1,"[9, 19]","[3, 5]",1,0,0,0,1,1,0,0,0,0,8,2
2024010525091,2024,010525091,526541,181071,-0.17778,51.5144,3,3,6,15:15,-1,E09000033,4,0,1,0,1,"[7, 15]",5,"[7, 1]",0,0,0,1,1,0,0,0,0,8,2
2024010525095,2024,010525095,527479,179677,-0.16477,51.50166,3,3,5,18:50,-1,E09000033,3,0,2,-1,1,99,9,9,99,9,99,1,1,0,0,0,0,8,1
2024010525099,2024,010525099,511919,176235,-0.38994,51.47402,3,3,6,14:20,-1,E09000018,3,0,1,0,1,"[9, 19]","[5, 3]","[3, 7]",0,0,0,1,0,1,0,0,0,8,2
2024010525104,2024,010525104,542081,175193,0.04366,51.45789,3,3,6,15:55,-1,E09000011,3,0,1,0,1,"[4, 19]",7,3,0,0,0,1,0,0,0,0,0,8,2
2024010525105,2024,010525105,519597,173755,-0.28028,51.45016,2,2,6,15:50,-1,E09000027,6,0,1,0,2,19,1,5,0,0,0,0,1,0,0,0,0,8,2
2024010525106,2024,010525106,553924,188044,0.2196,51.57026,3,3,6,18:20,-1,E09000016,5,0,1,0,1,"[19, 5]","[1, 3]","[5, 7]",0,0,0,1,0,0,0,0,0,8,2
2024010525107,2024,010525107,536323,189296,-0.03371,51.58604,3,3,5,13:35,-1,E09000031,6,0,1,0,1,99,9,9,99,9,99,0,1,0,0,0,1,7,25
2024010525108,2024,010525108,540303,183512,0.02139,51.53309,3,3,6,13:15,-1,E09000025,6,0,1,0,1,"[19, 9]","[3, 5]","[7, 3]",0,0,0,1,0,0,0,0,0,8,2
2024010525109,2024,010525109,530218,188755,-0.12198,51.58262,2,2,6,17:28,-1,E09000014,6,0,1,0,1,"[3, 5]","[5, 1]","[1, 5]",0,0,0,1,1,0,0,0,0,8,2
2024010525111,2024,010525111,529689,173510,-0.13521,51.44574,3,3,4,00:45,-1,E09000022,6,2,1,0,1,99,9,9,99,9,99,1,0,1,0,0,0,1,3
2024010525115,2024,010525115,525185,181078,-0.19731,51.51476,3,3,6,17:25,-1,E09000020,5,0,1,0,1,5,7,3,11,1,3,0,0,1,0,0,0,8,2
2024010525117,2024,010525117,546247,172451,0.10245,51.43219,3,3,6,18:51,-1,E09000004,3,0,1,0,1,4,5,1,0,0,0,0,0,0,1,0,0,8,2
2024010525120,2024,010525120,535967,185689,-0.04024,51.55371,2,2,6,18:35,-1,E09000012,6,0,1,0,1,19,3,7,0,0,0,0,0,0,0,0,1,8,2
2024010525121,2024,010525121,536993,166034,-0.03306,51.37684,3,3,6,14:55,-1,E09000008,3,0,1,0,1,99,9,9,99,9,99,1,0,1,0,0,0,8,2
2024010525123,2024,010525123,535196,181504,-0.05296,51.51629,3,3,6,06:45,-1,E09000030,5,0,1,0,1,99,9,9,99,9,99,1,1,0,0,0,0,8,2
2024010525124,2024,010525124,540799,181230,0.02763,51.51246,3,3,5,08:45,-1,E09000025,6,0,8,0,1,99,9,9,99,9,99,1,0,0,0,0,1,8,1
2024010525126,2024,010525126,545776,170909,0.09505,51.41846,2,"[3, 2]",6,17:38,-1,E09000006,3,0,1,0,1,"[9, 19]","[4, 3]","[3, 7]",0,0,0,1,0,1,0,0,0,8,2
2024010525134,2024,010525134,526547,179637,-0.17821,51.50151,3,3,6,21:45,-1,E09000033,3,2,1,0,1,"[19, 9]","[3, 7]","[7, 6]","[8, 0]","[3, 7]","[0, 7]",1,0,0,0,0,0,8,2
2024010525138,2024,010525138,531688,172809,-0.10672,51.43898,2,"[3, 2]",6,15:30,-1,E09000022,5,0,1,0,1,19,3,7,0,0,0,0,1,0,0,0,1,8,2
2024010525139,2024,010525139,532581,191111,-0.087,51.60324,3,3,6,19:38,-1,E09000014,3,0,1,0,1,4,1,5,0,0,0,0,0,1,0,0,0,8,2
2024010525140,2024,010525140,546545,185779,0.11226,51.55187,3,3,6,21:15,-1,E09000002,3,2,1,0,1,19,7,3,0,0,0,1,0,0,0,0,1,8,2
2024010525141,2024,010525141,543693,184040,0.07045,51.53698,3,3,6,19:00,-1,E09000002,3,0,1,0,1,"[11, 3]",7,3,0,1,0,1,0,1,0,0,0,8,2
2024010525143,2024,010525143,516762,185535,-0.31716,51.55662,2,2,6,20:05,-1,E09000005,3,0,1,0,1,"[9, 19]","[4, 1]","[1, 5]",0,"[0, 1]",0,1,0,1,0,0,0,8,2
2024010525150,2024,010525150,526388,192082,-0.17603,51.61339,3,3,6,14:22,-1,E09000003,3,0,1,0,1,1,3,7,11,0,0,1,0,0,0,0,1,8,2
2024010525155,2024,010525155,530968,175180,-0.1162,51.46045,3,3,1,17:50,-1,E09000022,3,0,9,0,1,99,9,9,99,9,99,1,0,1,0,0,0,6,23
2024010525158,2024,010525158,509177,178483,-0.42871,51.49476,3,3,6,23:40,-1,E09000017,3,2,1,0,1,19,1,5,0,1,4,1,0,0,0,0,0,8,2
2024010525159,2024,010525159,525277,174848,-0.19819,51.45876,3,3,7,00:10,-1,E09000032,3,2,1,0,1,19,1,5,0,"[1, 0]",0,0,0,1,0,0,0,8,3
2024010525160,2024,010525160,535164,180905,-0.05365,51.51091,3,3,6,21:15,-1,E09000030,4,2,1,0,1,19,"[1, 3]","[5, 7]",0,0,0,1,1,0,0,0,0,8,2
2024010525170,2024,010525170,548499,175316,0.13602,51.45735,3,3,7,00:58,-1,E09000004,6,2,1,0,1,"[2, 19]","[0, 5]","[0, 1]","[0, 4]",0,0,1,0,0,0,0,0,8,3
2024010525176,2024,010525176,529915,175821,-0.13111,51.46645,2,"[3, 2]",7,04:04,-1,E09000022,6,2,1,0,1,"[2, 19]","[0, 3]","[0, 7]",0,0,0,1,0,0,0,0,0,8,3
2024010525179,2024,010525179,536445,178257,-0.03623,51.48681,3,3,7,01:40,-1,E09000023,3,2,1,0,1,"[19, 9]","[4, 6]","[8, 4]",0,0,0,1,0,0,0,0,0,8,3
2024010525183,2024,010525183,530103,182479,-0.12596,51.52625,3,3,3,17:20,-1,E09000007,6,0,1,0,1,99,9,9,99,9,99,1,1,0,0,0,0,7,23
2024010525190,2024,010525190,519268,184833,-0.28127,51.54979,3,3,4,17:30,-1,E09000005,3,0,1,0,1,99,9,9,99,9,99,1,0,1,0,0,0,7,31
2024010525193,2024,010525193,530002,180954,-0.12797,51.51256,3,3,7,10:12,-1,E09000033,6,0,8,0,1,99,9,9,99,9,99,1,0,0,0,0,1,8,3
2024010525201,2024,010525201,522611,186734,-0.23242,51.56616,3,3,7,10:35,-1,E09000005,6,0,1,0,1,"[19, 2]","[1, 0]","[5, 0]","[4, 0]",0,0,1,0,1,0,0,0,8,3
2024010525209,2024,010525209,528099,179595,-0.15588,51.50078,2,2,7,11:20,-1,E09000033,6,0,9,0,1,"[19, 7]","[1, 5]","[6, 8]",0,0,0,1,0,1,0,0,0,8,3
2024010525213,2024,010525213,550504,174906,0.16469,51.45314,1,1,7,09:00,-1,E09000004,3,0,1,0,1,19,"[3, 7]","[7, 3]","[10, 0]","[7, 0]",0,0,1,0,1,0,0,8,3
2024010525214,2024,010525214,535008,178345,-0.05688,51.48795,3,3,6,19:30,-1,E09000028,5,0,1,0,1,99,9,9,99,9,99,1,1,0,0,0,0,8,2
2024010525215,2024,010525215,537068,182760,-0.02551,51.52712,3,3,6,23:47,-1,E09000030,3,2,9,-1,1,"[11, 19]",9,9,99,9,99,1,1,0,0,0,0,6,14
2024010525218,2024,010525218,524322,178788,-0.21055,51.49437,2,2,2,12:00,-1,E09000013,4,0,9,-1,1,19,3,7,99,9,99,1,0,0,0,0,1,7,29
2024010525219,2024,010525219,528206,175205,-0.15593,51.46131,2,2,6,16:39,-1,E09000032,3,0,8,0,1,"[15, 12]",9,9,99,9,99,0,1,1,0,0,0,8,2
2024010525223,2024,010525223,529294,183237,-0.13733,51.53324,3,3,7,03:45,-1,E09000007,3,2,8,0,1,99,9,9,99,9,99,1,0,0,0,0,0,8,3
2024010525226,2024,010525226,510488,172825,-0.4116,51.44365,3,3,7,13:17,-1,E09000018,3,0,1,0,1,"[19, 6]",5,"[1, 5]",0,0,0,1,0,1,0,0,0,8,3
2024010525228,2024,010525228,519810,176335,-0.27634,51.4733,3,3,7,13:40,-1,E09000027,3,0,1,0,2,19,"[2, 8]","[6, 4]","[0, 10]","[0, 2]","[0, 2]",1,0,0,0,0,0,8,3
2024010525229,2024,010525229,539411,179071,0.00679,51.4934,3,3,7,13:30,-1,E09000011,3,0,1,0,1,19,5,1,0,0,0,1,0,1,0,0,0,8,3
2024010525235,2024,010525235,534986,184793,-0.05472,51.54589,2,2,5,16:15,-1,E09000012,3,0,1,0,1,99,9,9,99,9,99,1,1,0,0,0,0,8,1
2024010525240,2024,010525240,538126,189146,-0.00776,51.58425,3,3,7,15:36,-1,E09000031,5,0,1,0,1,"[19, 3, 2]","[5, 1, 0]","[1, 5, 0]",0,0,0,1,0,0,0,0,0,8,3
2024010525246,2024,010525246,524036,175320,-0.21588,51.46327,3,3,7,11:05,-1,E09000032,3,0,1,0,1,"[2, 19]",9,9,"[99, 8]",9,99,1,1,0,0,0,0,8,3
2024010525247,2024,010525247,534556,173158,-0.06535,51.44144,3,3,7,13:30,-1,E09000028,3,0,1,0,1,99,9,9,99,9,99,1,0,0,0,0,0,8,3
2024010525253,2024,010525253,541421,177047,0.03491,51.47472,3,3,7,15:48,-1,E09000011,3,0,1,0,1,4,7,3,0,0,0,0,0,0,1,0,0,8,3
2024010525259,2024,010525259,522082,184966,-0.24066,51.55039,2,2,2,17:30,-1,E09000005,3,0,1,0,1,99,9,9,99,9,99,0,0,0,1,0,1,7,29
2024010525268,2024,010525268,532436,179757,-0.09337,51.50124,3,3,7,16:00,-1,E09000028,3,0,1,0,1,"[19, 99]","[1, 9]","[5, 9]","[0, 99]","[0, 9]","[0, 99]",1,0,0,1,0,0,8,3
2024010525275,2024,010525275,540921,174229,0.02659,51.44952,3,3,7,19:24,-1,E09000011,3,0,1,0,1,19,"[3, 7]","[7, 3]",0,"[0, 1]","[0, 11]",1,0,0,0,0,0,8,3
2024010525276,2024,010525276,537056,182747,-0.02569,51.52701,3,3,7,18:54,-1,E09000030,3,0,1,0,1,"[7, 19]",3,"[6, 7]",0,0,0,1,1,0,0,0,0,8,3
2024010525283,2024,010525283,533541,185005,-0.07547,51.54814,3,3,7,14:10,-1,E09000012,3,0,1,0,1,"[19, 5]",1,5,0,0,0,1,0,1,0,0,0,8,3
2024010525287,2024,010525287,527730,175843,-0.16254,51.46715,3,3,7,20:50,-1,E09000032,3,2,1,0,1,"[19, 13]",7,3,0,0,0,1,1,0,0,0,0,8,3
2024010525292,2024,010525292,540829,174181,0.02525,51.44911,3,3,7,17:53,-1,E09000011,6,0,1,0,1,"[19, 5]","[1, 0]","[5, 1]",0,0,0,1,0,0,0,1,0,8,3
2024010525293,2024,010525293,548411,188086,0.14013,51.57211,3,3,7,20:17,-1,E09000002,3,0,1,0,1,"[10, 19]","[1, 7]","[7, 3]",0,0,0,1,0,0,0,0,0,8,3
2024010525298,2024,010525298,532901,176689,-0.08783,51.47356,2,2,7,22:10,-1,E09000028,3,2,1,0,1,"[13, 6]","[5, 1]",1,0,0,0,1,0,1,0,0,0,8,3
2024010525299,2024,010525299,530672,186196,-0.11638,51.55952,2,"[2, 3]",7,21:15,-1,E09000019,3,2,1,0,1,19,"[7, 3]","[3, 7]",0,0,0,0,1,1,0,0,0,8,3
2024010525300,2024,010525300,530024,181081,-0.12761,51.5137,3,3,7,19:42,-1,E09000007,6,0,1,0,1,19,1,5,0,0,0,1,0,0,0,0,1,8,3
2024010525303,2024,010525303,540176,178763,0.01768,51.49045,3,3,7,21:42,-1,E09000011,5,2,1,0,1,99,9,9,99,9,99,1,0,1,0,0,0,8,3
2024010525307,2024,010525307,531228,161723,-0.11743,51.33946,3,3,7,14:15,-1,E09000008,3,0,1,0,1,99,9,9,99,9,99,1,0,0,0,0,0,8,3
2024010525310,2024,010525310,529876,192263,-0.12561,51.61422,3,3,1,00:05,-1,E09000010,3,2,1,0,1,19,7,3,0,0,0,1,0,1,0,0,0,8,4
2024010525311,2024,010525311,524861,181999,-0.20165,51.52311,3,3,7,23:30,-1,E09000033,3,2,1,0,1,4,5,1,0,0,0,0,0,0,1,0,1,8,3
2024010525318,2024,010525318,522799,180869,-0.23175,51.51341,3,3,6,20:03,-1,E09000013,6,0,1,0,1,"[19, 5]","[1, 3]","[5, 7]",0,0,0,1,0,1,0,0,0,8,2
2024010525320,2024,010525320,527843,181701,-0.1588,51.51977,2,2,1,02:00,-1,E09000033,3,2,1,0,1,19,5,1,0,0,0,1,1,0,0,0,0,8,4
2024010525321,2024,010525321,510339,184439,-0.41011,51.54806,3,3,1,02:45,-1,E09000017,3,2,1,0,1,19,7,3,"[0, 10]","[0, 1]","[0, 2]",1,0,0,0,0,0,8,4
2024010525323,2024,010525323,546815,166817,0.10829,51.38142,3,3,1,02:40,-1,E09000006,3,2,1,0,1,19,5,1,10,0,0,1,0,0,0,0,0,8,4
2024010525328,2024,010525328,533687,173256,-0.07781,51.44253,2,2,7,12:40,-1,E09000028,3,0,1,0,1,99,9,9,99,9,99,0,1,0,0,0,0,8,3
2024010525329,2024,010525329,539558,187875,0.01239,51.57248,3,3,1,07:22,-1,E09000031,3,0,1,0,1,19,"[7, 3]","[3, 7]",0,0,0,1,0,0,0,0,0,8,4
2024010525334,2024,010525334,527921,181971,-0.15758,51.52218,3,3,1,08:30,-1,E09000033,3,0,1,0,1,"[19, 9]",7,"[3, 5]",0,0,0,1,0,0,0,0,0,8,4
2024010525335,2024,010525335,542334,188592,0.05271,51.57823,3,3,1,09:05,-1,E09000026,5,0,1,0,1,19,7,3,0,0,0,1,0,1,0,0,0,8,4
2024010525336,2024,010525336,529647,168680,-0.13758,51.40234,3,3,2,17:00,-1,E09000024,6,0,1,0,1,5,0,1,0,0,0,1,0,0,0,0,0,7,29
2024010525343,2024,010525343,524853,181152,-0.20206,51.5155,3,3,1,10:57,-1,E09000020,6,0,1,0,1,19,7,3,0,0,0,1,0,0,0,0,0,8,4
2024010525345,2024,010525345,525821,174833,-0.19037,51.4585,3,3,1,10:55,-1,E09000032,5,0,1,0,1,"[19, 9]",1,"[5, 7]",0,0,0,0,1,1,0,0,0,8,4
2024010525346,2024,010525346,515102,190754,-0.33939,51.60387,3,3,1,11:54,-1,E09000015,3,0,1,0,1,"[3, 19]",2,6,"[10, 0]",0,0,1,0,0,0,0,0,8,4
2024010525350,2024,010525350,540247,185289,0.02129,51.54907,3,3,7,00:05,-1,E09000025,5,2,1,0,1,99,9,9,99,9,99,1,0,0,0,0,0,8,3
2024010525352,2024,010525352,539546,178914,0.00867,51.49196,2,2,1,12:38,-1,E09000011,3,0,1,0,1,19,5,1,0,0,0,1,0,0,0,0,0,8,4
2024010525362,2024,010525362,513979,191415,-0.35538,51.61004,2,2,1,10:30,-1,E09000015,3,0,8,0,1,"[5, 19]","[1, 7]","[5, 3]",0,0,0,1,1,0,0,0,0,8,4
2024010525363,2024,010525363,523353,181307,-0.22362,51.51723,2,2,1,13:20,-1,E09000020,6,0,1,0,1,"[5, 19]","[7, 5]","[3, 1]",0,0,0,1,1,0,0,0,0,8,4
2024010525364,2024,010525364,526653,177590,-0.17741,51.48309,3,3,1,13:40,-1,E09000020,3,0,1,0,1,"[19, 6]",7,"[3, 7]",0,0,0,1,0,1,0,0,0,8,4
2024010525368,2024,010525368,526817,171898,-0.17709,51.4319,3,3,1,13:10,-1,E09000032,3,0,1,0,1,19,"[8, 4]","[4, 8]",0,"[1, 0]",0,1,0,0,0,0,0,8,4
2024010525378,2024,010525378,527845,180653,-0.15915,51.51035,3,3,7,18:05,-1,E09000033,6,0,9,0,1,99,9,9,99,9,99,0,1,0,0,0,0,8,3
2024010525383,2024,010525383,526483,181147,-0.17859,51.5151,3,3,1,15:20,-1,E09000033,5,0,1,0,1,"[-1, 6]","[5, 1]",1,0,0,0,1,1,0,0,0,0,8,4
2024010525385,2024,010525385,515998,189425,-0.32689,51.59174,3,3,1,15:40,-1,E09000015,6,0,8,0,1,99,9,9,99,9,99,1,1,0,0,0,0,8,4
2024010525386,2024,010525386,518641,185235,-0.29017,51.55354,3,3,1,14:15,-1,E09000005,3,0,1,0,1,"[9, 19]","[5, 7]",3,0,0,0,1,0,1,0,0,0,8,4
2024010525390,2024,010525390,536626,191653,-0.02842,51.60714,3,3,1,14:45,-1,E09000031,3,0,1,0,1,19,1,5,0,0,0,1,0,0,0,0,0,8,4
2024010525391,2024,010525391,519255,191613,-0.27915,51.61073,3,3,1,12:40,-1,E09000003,3,0,1,0,1,99,9,9,99,9,99,1,1,0,0,0,0,8,4
2024010525394,2024,010525394,530030,182755,-0.12691,51.52874,3,3,1,13:09,-1,E09000007,3,0,1,0,1,9,5,3,0,0,0,0,0,0,1,0,0,8,4
2024010525397,2024,010525397,531183,185192,-0.10939,51.55038,3,3,7,17:20,-1,E09000019,3,0,1,0,1,99,9,9,99,9,99,1,1,0,0,0,0,8,3
2024010525403,2024,010525403,519125,179403,-0.28516,51.50102,3,3,7,16:10,-1,E09000009,3,0,1,0,1,99,9,9,99,9,99,1,0,0,0,0,0,8,3
2024010525404,2024,010525404,541780,188393,0.04464,51.57658,3,3,7,17:00,-1,E09000026,3,0,1,0,2,99,9,9,99,9,99,1,0,0,0,0,0,8,3
2024010525412,2024,010525412,545858,183517,0.10143,51.53173,2,2,1,18:56,-1,E09000002,3,0,1,0,1,19,7,3,0,0,0,1,0,0,0,0,0,8,4
2024010525419,2024,010525419,528398,175746,-0.15297,51.46613,2,2,1,18:08,-1,E09000032,3,0,1,0,1,"[9, 19]","[2, 3]",7,0,0,0,1,1,0,0,0,0,8,4
2024010525423,2024,010525423,537754,188084,-0.01354,51.5748,3,3,1,18:35,-1,E09000031,3,0,1,0,1,19,1,5,0,0,0,1,0,0,0,0,1,8,4
2024010525425,2024,010525425,541653,168893,0.03499,51.40139,3,3,1,17:05,-1,E09000006,6,0,1,0,1,"[2, 19]","[0, 3]","[0, 7]","[0, 4]",0,0,1,0,0,0,0,0,8,4
2024010525426,2024,010525426,534263,193394,-0.06186,51.62336,2,2,7,10:15,-1,E09000010,6,0,9,0,1,1,1,5,0,0,0,1,0,0,0,0,1,8,3
2024010525428,2024,010525428,530407,186022,-0.12027,51.55801,3,3,1,14:47,-1,E09000019,3,0,1,0,1,"[9, 19]","[1, 5]","[7, 1]",0,0,0,1,0,0,0,0,0,8,4
2024010525429,2024,010525429,519765,175864,-0.27715,51.46908,2,2,1,13:00,-1,E09000027,3,0,1,0,1,99,9,9,99,9,99,1,0,1,0,0,0,8,4
2024010525431,2024,010525431,547999,164509,0.12433,51.36038,3,3,1,19:40,-1,E09000006,5,0,1,0,2,19,"[5, 1]","[1, 5]",0,0,0,1,0,1,0,0,0,8,4
2024010525435,2024,010525435,526341,192267,-0.17664,51.61506,3,3,1,17:17,-1,E09000003,3,0,8,0,1,19,1,5,0,0,0,1,0,0,0,0,1,8,4
2024010525442,2024,010525442,525995,175534,-0.18762,51.46476,3,3,1,22:27,-1,E09000032,3,2,1,0,2,19,"[5, 1]","[1, 5]",0,0,0,1,0,0,0,0,0,8,4
2024010525444,2024,010525444,521777,180099,-0.24674,51.50671,3,3,1,18:50,-1,E09000009,3,0,1,0,1,"[9, 19]","[1, 3]","[8, 7]",0,"[3, 0]",0,1,0,1,0,0,0,8,4
2024010525455,2024,010525455,518026,178632,-0.30125,51.49432,2,"[3, 2]",1,23:00,-1,E09000018,6,2,1,0,1,"[2, 19]","[0, 1]","[0, 5]","[0, 4]",0,0,1,0,0,0,0,0,8,4
2024010525458,2024,010525458,530824,181021,-0.11611,51.51298,3,3,1,23:00,-1,E09000033,6,2,1,0,1,"[4, 2]","[5, 0]","[1, 0]","[4, 0]",0,0,0,0,0,1,0,0,8,4
2024010525460,2024,010525460,543088,179933,0.06007,51.50023,3,3,1,20:16,-1,E09000025,3,2,1,0,1,"[10, 19]","[5, 3]","[3, 7]",0,0,0,1,0,0,0,0,0,8,4
2024010525463,2024,010525463,525613,176760,-0.19268,51.47586,3,3,1,20:05,-1,E09000013,3,0,1,0,1,99,9,9,99,9,99,0,0,1,0,0,0,8,4
2024010525468,2024,010525468,525903,167881,-0.19166,51.396,3,3,2,03:15,-1,E09000024,3,2,1,0,1,"[2, 19]","[0, 1]","[0, 5]","[0, 4]",0,0,1,0,0,0,0,0,8,5
2024010525472,2024,010525472,534593,169129,-0.06635,51.40523,3,3,1,23:20,-1,E09000006,3,2,1,0,1,"[14, 19]","[7, 1]","[3, 5]",0,0,0,1,0,1,0,0,0,8,4
2024010525475,2024,010525475,525841,186346,-0.18598,51.56196,3,3,2,06:10,-1,E09000007,6,0,1,0,1,"[2, 19]","[0, 1]","[0, 5]","[0, 4]",0,0,1,1,0,0,0,0,8,5
2024010525476,2024,010525476,538210,176704,-0.01143,51.47243,2,2,2,06:40,-1,E09000011,3,0,1,0,1,"[9, 19]","[7, 3]","[4, 7]",0,0,0,1,1,0,0,0,0,8,5
2024010525478,2024,010525478,507301,177521,-0.45601,51.48647,3,3,2,06:58,-1,E09000017,3,0,1,0,1,19,5,1,0,0,0,1,0,0,0,0,0,8,5
2024010525481,2024,010525481,538072,190973,-0.00782,51.60068,3,3,4,13:43,-1,E09000031,5,0,9,-1,1,99,9,9,99,9,99,1,0,1,0,0,0,7,31
2024010525483,2024,010525483,531185,177004,-0.1124,51.47679,2,2,2,08:54,-1,E09000022,3,0,1,0,1,"[3, 5]",1,5,"[0, 4]",0,0,1,1,0,0,0,0,8,5
2024010525485,2024,010525485,531799,188519,-0.09926,51.58013,3,3,2,08:51,-1,E09000014,3,0,1,0,1,"[9, 3]","[5, 1]","[3, 5]",0,"[1, 0]",0,1,1,0,0,0,0,8,5
2024010525490,2024,010525490,532976,192801,-0.08066,51.61833,3,3,2,09:20,-1,E09000010,6,0,1,0,1,"[5, 19]","[1, 5]","[5, 1]",0,0,0,1,0,1,0,0,0,8,5
2024010525494,2024,010525494,528735,176826,-0.14773,51.47576,2,2,3,07:30,-1,E09000032,3,0,1,0,1,19,5,1,0,9,0,0,1,0,0,0,1,7,30
2024010525501,2024,010525501,529752,180887,-0.1316,51.51202,3,3,2,10:30,-1,E09000033,3,0,1,0,1,19,7,3,0,0,0,0,0,0,1,0,1,8,5
2024010525506,2024,010525506,535770,176886,-0.04647,51.47465,3,3,2,08:25,-1,E09000023,3,0,1,0,1,"[3, 19]",5,1,0,0,0,1,0,0,1,0,0,8,5
2024010525508,2024,010525508,535790,183991,-0.04345,51.53849,3,3,2,11:15,-1,E09000012,3,0,1,0,1,99,9,9,99,9,99,1,0,0,0,0,1,8,5
2024010525511,2024,010525511,551000,189124,0.17791,51.58075,3,3,6,18:33,-1,E09000016,3,0,1,0,1,99,9,9,99,9,99,1,0,0,0,0,0,8,2
2024010525514,2024,010525514,521503,189971,-0.24727,51.59549,3,3,1,20:07,-1,E09000003,6,0,1,0,1,99,9,9,99,9,99,1,0,1,0,0,0,8,4
2024010525515,2024,010525515,524023,165600,-0.21946,51.37592,3,3,6,07:25,-1,E09000029,6,0,9,-1,1,99,9,9,99,9,99,1,0,1,0,0,0,8,2
2024010525517,2024,010525517,516244,177368,-0.32732,51.48333,3,3,2,10:21,-1,E09000018,3,0,1,0,1,99,9,9,99,9,99,1,0,1,0,0,0,8,5
2024010525519,2024,010525519,542432,183983,0.05226,51.53679,3,3,2,11:14,-1,E09000025,3,0,1,0,1,5,3,7,0,0,0,0,0,0,1,0,0,8,5
2024010525521,2024,010525521,537614,180973,-0.01834,51.51093,2,2,2,09:55,-1,E09000030,3,0,1,0,1,"[9, 19]","[3, 7]","[1, 3]",0,0,0,1,0,1,0,0,0,8,5
2024010525522,2024,010525522,531161,189489,-0.1081,51.589,3,3,7,13:20,-1,E09000014,3,0,9,-1,1,99,9,9,99,9,99,0,0,0,1,0,0,7,20
2024010525523,2024,010525523,537358,192692,-0.01745,51.6163,3,3,6,19:30,-1,E09000031,3,0,1,0,1,99,9,9,99,9,99,1,0,1,0,0,0,8,2
2024010525525,2024,010525525,531706,183988,-0.1023,51.53943,3,3,4,19:00,-1,E09000019,3,2,9,-1,1,99,9,9,99,9,99,1,1,0,0,0,0,7,31
2024010525539,2024,010525539,519236,166279,-0.28798,51.38304,2,2,2,10:46,-1,E09000021,3,0,1,0,1,14,1,5,0,0,0,0,0,0,1,0,1,8,5
2024010525541,2024,010525541,546978,180320,0.11623,51.50271,3,3,2,12:35,-1,E09000011,6,0,1,0,1,"[19, 9]","[7, 5]",3,0,0,0,1,1,0,0,0,0,8,5