collision_index,collision_year,collision_ref_no,location_easting_osgr,location_northing_osgr,longitude,latitude,casualty_severity,casualty_severity,day_of_week,time,local_authority_district,local_authority_ons_district,first_road_class,light_conditions,weather_conditions,road_surface_conditions,urban_or_rural_area,vehicle_manoeuvre,vehicle_direction_from,vehicle_direction_to,hit_object_in_carriageway,vehicle_leaving_carriageway,hit_object_off_carriageway,is_car,is_cyle,is_mcyle,is_goodsv,is_other,is_pedestrian,month,day
2024010526428,2024,010526428,534459,182324,-0.06326,51.52383,3,3,7,18:40,-1,E09000030,4,0,1,0,1,99,9,9,99,9,99,0,1,1,0,0,0,8,10
2024010526429,2024,010526429,548989,186892,0.14796,51.56123,3,3,7,17:28,-1,E09000002,3,0,8,0,1,99,9,9,99,9,99,1,0,0,0,0,0,8,10
2024010526433,2024,010526433,531157,179542,-0.11186,51.49961,3,3,7,15:30,-1,E09000022,4,0,1,0,1,19,5,1,0,0,0,1,0,0,0,0,1,8,10
2024010526441,2024,010526441,526361,185998,-0.17861,51.55872,3,3,7,20:20,-1,E09000007,3,0,8,0,1,99,9,9,99,9,99,1,0,0,0,0,0,8,10
2024010526445,2024,010526445,509842,172142,-0.4211,51.43764,3,3,7,19:30,-1,E09000018,5,0,1,0,1,5,5,1,0,0,0,0,0,0,1,0,0,8,10
2024010526451,2024,010526451,529389,186941,-0.1346,51.56651,3,3,7,01:57,-1,E09000019,3,2,1,0,1,99,9,9,99,9,99,1,0,0,0,0,0,8,10
2024010526452,2024,010526452,516695,190048,-0.31663,51.5972,3,3,2,00:00,-1,E09000015,6,0,1,0,1,99,9,9,99,9,99,0,0,1,0,1,0,8,5
2024010526453,2024,010526453,529645,175409,-0.13515,51.46281,2,2,7,23:30,-1,E09000022,3,2,1,0,1,"[9, 19]",5,"[3, 1]",0,0,0,1,1,0,0,0,0,8,10
2024010526458,2024,010526458,544161,190872,0.07999,51.59825,3,3,7,15:00,-1,E09000026,5,0,1,0,1,99,9,9,99,9,99,1,0,1,0,0,0,8,10
2024010526459,2024,010526459,525136,163025,-0.20439,51.35253,2,2,7,20:45,-1,E09000029,6,0,1,0,1,"[2, 19]","[0, 5]","[0, 1]","[0, 4]",0,0,1,0,0,0,0,0,8,10
2024010526461,2024,010526461,534227,187536,-0.06462,51.57072,3,3,7,21:40,-1,E09000012,3,2,1,0,1,"[7, 19]","[1, 8]",4,0,0,0,1,1,0,0,0,0,8,10
2024010526469,2024,010526469,534212,189097,-0.06424,51.58476,3,3,1,01:28,-1,E09000014,3,2,1,0,1,"[9, 19]","[3, 5]","[1, 2]",0,0,0,1,0,0,0,0,0,8,11
2024010526475,2024,010526475,513751,176740,-0.36341,51.47819,3,3,1,02:30,-1,E09000018,3,2,1,0,1,7,5,7,0,0,0,1,0,0,0,0,1,8,11
2024010526482,2024,010526482,526376,177413,-0.18147,51.48156,3,3,1,01:50,-1,E09000020,3,2,1,0,1,7,3,6,0,0,0,1,0,0,0,0,1,8,11
2024010526483,2024,010526483,544873,179132,0.08544,51.49258,3,3,1,00:05,-1,E09000011,3,2,1,0,1,"[15, 11]","[5, 3]","[1, 7]",0,0,0,1,0,0,0,0,0,8,11
2024010526485,2024,010526485,536524,183459,-0.03308,51.53354,3,3,7,22:24,-1,E09000030,6,2,9,0,1,"[9, 19]",5,"[2, 1]",0,0,0,1,1,0,0,0,0,8,10
2024010526486,2024,010526486,531770,170998,-0.10622,51.42268,3,3,3,12:04,-1,E09000022,3,0,1,0,1,19,5,1,0,0,0,1,0,0,0,0,1,7,30
2024010526488,2024,010526488,532211,173909,-0.09879,51.44874,3,3,7,13:10,-1,E09000028,3,0,1,0,1,99,9,9,99,9,99,1,0,0,0,0,0,8,10
2024010526490,2024,010526490,530934,190588,-0.11097,51.59892,3,3,1,08:19,-1,E09000014,3,0,1,0,1,"[4, 3]",1,5,0,0,0,1,0,0,0,0,0,8,11
2024010526496,2024,010526496,532008,187605,-0.09659,51.57187,3,3,1,10:50,-1,E09000012,3,0,1,0,1,"[15, 19]",1,5,"[0, 10]",0,0,1,1,0,0,0,0,8,11
2024010526499,2024,010526499,543608,186343,0.07016,51.5577,3,3,1,10:20,-1,E09000026,3,0,1,0,1,19,1,5,0,0,0,0,0,0,1,0,0,8,11
2024010526503,2024,010526503,546904,164133,0.10846,51.35728,2,2,1,08:35,-1,E09000006,6,0,1,0,2,"[19, 7]",5,"[1, 7]",0,0,0,1,0,0,0,0,0,8,11
2024010526507,2024,010526507,537983,177665,-0.01432,51.48112,2,2,5,16:50,-1,E09000011,4,0,8,1,1,99,9,9,99,9,99,1,1,0,0,0,0,8,8
2024010526509,2024,010526509,537235,181891,-0.02344,51.51927,3,3,7,02:20,-1,E09000030,5,2,9,-1,1,"[1, 2]","[1, 0]","[5, 0]","[4, 99]",9,99,1,0,0,0,0,0,8,3
2024010526519,2024,010526519,519390,186329,-0.279,51.56321,3,3,7,11:30,-1,E09000005,3,0,1,0,1,99,9,9,99,9,99,1,0,0,0,0,0,8,10
2024010526520,2024,010526520,528178,181049,-0.15421,51.51383,3,3,1,13:05,-1,E09000033,3,0,1,0,1,15,7,3,0,0,0,0,0,0,1,0,0,8,11
2024010526522,2024,010526522,538807,194056,0.004,51.6282,3,3,1,13:00,-1,E09000031,3,2,1,0,1,"[19, 5]",5,1,0,0,0,1,0,1,0,0,0,8,11
2024010526523,2024,010526523,534288,193240,-0.06156,51.62197,3,3,1,18:00,-1,E09000010,3,0,1,0,1,99,9,9,99,9,99,1,1,0,0,0,0,8,11
2024010526524,2024,010526524,536894,184490,-0.02734,51.54271,3,3,7,23:43,-1,E09000012,5,2,1,0,1,99,9,9,99,9,99,1,0,0,0,0,0,8,10
2024010526527,2024,010526527,547824,186789,0.13112,51.56061,3,3,1,15:09,-1,E09000002,6,0,1,0,1,"[19, 2]","[3, 0]","[7, 0]",0,0,0,1,0,1,0,0,0,8,11
2024010526529,2024,010526529,531683,184072,-0.1026,51.54019,3,3,6,21:45,-1,E09000019,3,2,1,0,1,99,9,9,99,9,99,1,0,1,0,0,0,8,9
2024010526535,2024,010526535,538507,182300,-0.00496,51.52264,2,2,1,16:24,-1,E09000025,6,0,1,0,1,"[14, 19]","[7, 3]","[3, 7]","[4, 0]",0,0,1,0,1,0,0,0,8,11
2024010526537,2024,010526537,538678,191682,0.0012,51.6069,3,3,5,19:00,-1,E09000031,5,0,1,0,1,99,9,9,99,9,99,1,0,1,0,0,0,8,8
2024010526539,2024,010526539,517512,178135,-0.30881,51.48996,2,2,1,13:47,-1,E09000018,3,0,1,0,1,"[14, 2]","[7, 0]","[3, 0]",0,0,0,1,0,0,0,0,1,8,11
2024010526540,2024,010526540,527774,161122,-0.16721,51.33484,2,"[3, 2]",1,14:15,-1,E09000029,3,0,1,0,1,"[4, 19]",3,7,0,0,0,1,0,0,0,0,0,8,11
2024010526541,2024,010526541,535174,195186,-0.04802,51.63924,3,3,1,04:30,-1,E09000010,3,0,8,0,1,99,9,9,99,9,99,1,0,0,0,0,0,8,11
2024010526544,2024,010526544,525587,182524,-0.191,51.52767,2,2,1,11:40,-1,E09000033,5,0,1,0,1,"[2, 19, 9]","[0, 6, 5]","[0, 2]",0,0,0,1,0,1,0,0,0,8,11
2024010526545,2024,010526545,507668,182504,-0.44921,51.53119,3,3,5,17:00,-1,E09000017,3,0,9,-1,1,99,9,9,99,9,99,1,0,0,0,0,1,8,1
2024010526557,2024,010526557,528094,168797,-0.15985,51.40375,2,2,1,15:40,-1,E09000024,5,0,1,0,1,19,5,3,0,2,7,1,0,0,0,0,1,8,11
2024010526558,2024,010526558,513694,191129,-0.35959,51.60753,3,3,1,18:15,-1,E09000015,5,0,1,0,1,"[4, 9]","[5, 1]","[1, 7]",0,0,0,1,0,0,0,0,0,8,11
2024010526563,2024,010526563,523530,178032,-0.22221,51.48775,3,3,1,17:10,-1,E09000013,3,0,1,0,1,99,9,9,99,9,99,1,1,0,0,0,0,8,11
2024010526577,2024,010526577,512998,187044,-0.37095,51.57095,3,3,1,19:33,-1,E09000015,3,0,1,0,1,"[14, 9]",4,"[8, 1]",0,0,0,1,0,1,0,0,0,8,11
2024010526578,2024,010526578,531498,192286,-0.10219,51.61405,3,3,1,19:52,-1,E09000010,5,0,1,0,1,"[2, 19]","[0, 5]","[0, 1]",0,0,0,1,0,1,0,0,0,8,11
2024010526580,2024,010526580,513389,186274,-0.36555,51.56395,3,3,1,20:35,-1,E09000015,3,0,9,0,1,"[9, 19]","[1, 7]","[7, 3]",0,0,0,1,0,0,0,0,0,8,11
2024010526584,2024,010526584,533602,186299,-0.0741,51.55976,3,3,1,20:11,-1,E09000012,3,0,1,0,1,19,5,1,0,0,0,1,0,0,0,0,1,8,11
2024010526591,2024,010526591,532594,192613,-0.08625,51.61673,3,3,1,22:40,-1,E09000010,3,2,1,0,1,3,1,5,0,3,0,1,0,0,0,0,0,8,11
2024010526593,2024,010526593,525279,170307,-0.19977,51.41794,3,3,1,18:55,-1,E09000024,5,0,1,0,1,"[4, 19]","[1, 5]","[5, 1]",4,0,0,1,0,1,0,0,0,8,11
2024010526594,2024,010526594,527994,170938,-0.16052,51.42301,3,3,1,23:17,-1,E09000032,3,2,1,0,1,"[5, 4]","[0, 5]","[5, 1]",0,7,0,1,1,0,0,0,0,8,11
2024010526596,2024,010526596,544367,186689,0.08125,51.56061,3,3,2,00:20,-1,E09000026,3,2,8,0,1,99,9,9,"[0, 99]","[0, 9]","[0, 99]",1,0,0,0,0,0,8,12
2024010526602,2024,010526602,534888,166980,-0.06293,51.38584,3,3,2,00:17,-1,E09000008,3,2,1,0,1,99,9,9,99,9,99,1,0,0,0,0,0,8,12
2024010526604,2024,010526604,533868,181400,-0.07213,51.51567,3,3,2,01:15,-1,E09000030,3,2,1,0,1,19,1,5,0,0,0,1,1,0,0,0,0,8,12
2024010526606,2024,010526606,525666,178072,-0.19145,51.48764,3,3,2,04:35,-1,E09000020,3,2,1,0,1,"[12, 19]",5,1,"[10, 0]",0,0,1,0,0,0,0,0,8,12
2024010526607,2024,010526607,549141,185786,0.14968,51.55126,3,3,1,19:00,-1,E09000002,5,0,1,0,1,19,"[3, 5]","[7, 1]",0,0,0,1,1,0,0,0,0,8,11
2024010526611,2024,010526611,512940,173988,-0.37596,51.45362,3,3,6,13:38,-1,E09000027,3,0,1,0,1,"[9, 13]","[7, 5]","[5, 1]","[0, 4]",0,0,1,0,0,0,0,0,3,29
2024010526612,2024,010526612,543441,184314,0.06693,51.53951,3,3,2,08:40,-1,E09000025,3,0,1,0,1,"[19, 2]","[1, 0]","[5, 0]",0,0,0,1,0,0,1,0,0,8,12
2024010526613,2024,010526613,537906,171573,-0.0178,51.42639,3,3,1,16:54,-1,E09000023,3,0,1,0,1,"[5, 19]",9,9,99,9,99,1,0,0,0,0,0,8,11
2024010526615,2024,010526615,528418,172395,-0.1539,51.43601,3,3,1,19:10,-1,E09000032,6,0,1,0,1,99,9,9,99,9,99,1,1,0,0,0,0,8,11
2024010526617,2024,010526617,535298,177263,-0.05312,51.47815,3,3,2,09:05,-1,E09000028,3,0,1,0,1,"[19, 9]","[5, 7]","[1, 5]",0,0,0,1,0,1,0,0,0,8,12
2024010526619,2024,010526619,528670,173212,-0.14998,51.44329,3,3,4,14:45,-1,E09000032,4,0,1,0,1,"[12, 13]",9,9,99,9,99,1,0,1,0,0,0,8,7
2024010526624,2024,010526624,530594,186515,-0.11739,51.5624,3,3,7,03:05,-1,E09000019,3,2,9,-1,1,2,0,0,99,0,0,1,0,0,0,0,0,8,10
2024010526626,2024,010526626,535759,195634,-0.03939,51.64313,3,3,6,08:00,-1,E09000010,6,0,1,0,1,99,9,9,99,9,99,1,0,0,0,0,0,7,26
2024010526628,2024,010526628,525749,165030,-0.19488,51.37042,3,3,2,09:44,-1,E09000029,4,0,1,0,1,"[10, 5]","[1, 5]","[7, 1]",0,0,0,1,0,0,0,0,0,8,12
2024010526632,2024,010526632,525041,169871,-0.20334,51.41408,3,3,7,18:10,-1,E09000024,3,0,1,0,1,99,9,9,99,9,99,1,0,1,0,0,0,8,10
2024010526635,2024,010526635,531555,186731,-0.10345,51.56412,2,2,7,14:15,-1,E09000012,3,0,8,0,1,99,9,9,99,9,99,1,0,1,0,0,0,8,10
2024010526640,2024,010526640,532305,186741,-0.09263,51.56403,3,3,2,11:30,-1,E09000012,3,0,1,0,1,99,9,9,99,9,99,1,0,0,0,0,0,8,12
2024010526641,2024,010526641,524113,186906,-0.2107,51.56738,3,3,2,11:30,-1,E09000003,6,0,1,0,1,"[19, 4]",5,1,"[4, 0]","[0, 1]",0,1,0,0,0,0,0,8,12
2024010526644,2024,010526644,532443,184377,-0.09153,51.54276,2,"[2, 3]",2,10:01,-1,E09000019,3,0,1,0,1,"[15, 9]","[2, 6]","[6, 4]",0,0,0,0,1,1,0,0,0,8,12
2024010526648,2024,010526648,509123,180868,-0.42875,51.5162,3,3,2,11:36,-1,E09000017,6,0,1,0,1,"[19, 2]","[5, 0]","[1, 0]",0,0,0,1,0,0,0,0,0,8,12
2024010526650,2024,010526650,547157,186988,0.12159,51.56258,3,3,6,23:45,-1,E09000002,3,2,1,0,1,99,9,9,99,9,99,1,0,0,0,0,0,8,9
2024010526652,2024,010526652,540344,183964,0.02216,51.53714,3,3,2,11:19,-1,E09000025,3,0,1,0,1,"[5, 19]","[1, 5]","[5, 1]",0,"[7, 0]",0,0,0,1,1,0,0,8,12
2024010526653,2024,010526653,531970,173861,-0.10228,51.44837,3,3,2,12:39,-1,E09000022,3,0,1,0,1,"[3, 5]",5,1,0,0,0,1,0,1,0,0,0,8,12
2024010526655,2024,010526655,550966,188697,0.17723,51.57693,3,3,2,13:11,-1,E09000016,3,0,1,0,1,99,9,9,99,9,99,1,0,0,0,0,0,8,12
2024010526656,2024,010526656,519356,178300,-0.28221,51.49106,3,3,2,10:10,-1,E09000018,3,0,1,0,1,"[19, 3]","[3, 7]","[7, 3]","[1, 0]",0,0,1,0,0,0,0,0,8,12
2024010526660,2024,010526660,546380,187433,0.11057,51.56678,3,3,2,07:10,-1,E09000026,3,0,1,0,1,99,9,9,99,9,99,1,1,0,0,0,0,8,12
2024010526661,2024,010526661,530447,163276,-0.12807,51.35359,3,3,1,18:00,-1,E09000029,6,0,1,0,1,19,3,7,0,0,0,1,0,0,0,0,1,8,11
2024010526662,2024,010526662,530321,187765,-0.12086,51.5737,3,3,2,13:35,-1,E09000019,3,0,1,0,1,19,1,5,0,0,0,0,1,0,0,0,0,8,12
2024010526663,2024,010526663,518539,178135,-0.29403,51.48975,3,3,2,13:25,-1,E09000018,6,0,1,0,1,"[7, 19]","[5, 7]","[7, 3]",0,0,0,1,0,0,0,0,0,8,12
2024010526667,2024,010526667,524583,177631,-0.2072,51.48392,2,2,2,12:44,-1,E09000013,3,0,8,0,1,"[19, 10]","[3, 5]","[7, 3]",0,0,0,1,0,1,0,0,0,8,12
2024010526668,2024,010526668,526615,190753,-0.17323,51.60139,3,3,2,13:05,-1,E09000003,3,0,1,0,1,4,1,5,0,4,0,1,0,1,0,0,0,8,12
2024010526672,2024,010526672,529825,184979,-0.12904,51.54878,3,3,7,15:12,-1,E09000007,3,0,1,0,1,"[2, 1]",9,9,99,9,99,1,0,1,0,0,0,8,10
2024010526676,2024,010526676,516490,179453,-0.32309,51.50202,2,2,2,10:20,-1,E09000009,6,0,1,0,1,19,"[6, 4]","[2, 8]",0,0,0,1,1,0,0,0,0,8,12
2024010526678,2024,010526678,528985,182201,-0.14217,51.524,3,3,7,21:00,-1,E09000007,3,2,1,0,1,99,9,9,99,9,99,1,0,1,0,0,0,8,10
2024010526685,2024,010526685,527293,192912,-0.16266,51.62064,3,3,1,11:57,-1,E09000003,4,0,1,0,1,99,9,9,99,9,99,1,0,0,0,0,0,8,11
2024010526692,2024,010526692,534099,192344,-0.06463,51.61396,2,"[2, 3]",2,14:56,-1,E09000010,6,0,1,0,1,"[19, 2]","[5, 0]","[1, 0]","[4, 0]",0,0,1,0,1,0,0,1,8,12
2024010526693,2024,010526693,526433,193935,-0.17471,51.63003,3,3,2,16:15,-1,E09000003,3,0,1,0,1,19,"[5, 1]","[1, 5]",0,0,0,1,0,1,0,0,0,8,12
2024010526694,2024,010526694,559078,187064,0.29346,51.56003,3,3,2,13:49,-1,E09000016,4,0,8,0,2,19,"[3, 7]","[7, 3]",0,0,0,1,0,1,0,0,0,8,12
2024010526696,2024,010526696,526292,183558,-0.18048,51.53681,3,3,7,16:00,-1,E09000033,6,0,9,-1,1,99,9,9,99,9,99,1,0,1,0,0,0,8,10
2024010526699,2024,010526699,533699,181693,-0.07445,51.51834,3,3,2,06:59,-1,E09000030,3,0,1,0,1,99,9,9,99,9,99,0,1,0,0,1,0,8,12
2024010526701,2024,010526701,545819,183487,0.10085,51.53147,3,3,1,20:48,-1,E09000002,3,0,1,0,1,99,9,9,99,9,99,1,0,0,0,0,0,8,11
2024010526702,2024,010526702,526896,178943,-0.17343,51.4952,3,3,2,14:40,-1,E09000020,3,0,1,0,1,"[19, 14]",3,7,0,0,0,1,0,1,0,0,0,8,12
2024010526703,2024,010526703,515225,180126,-0.34109,51.50833,3,3,3,12:30,-1,E09000009,3,0,2,1,1,99,9,9,99,9,99,1,1,0,0,0,0,8,6
2024010526704,2024,010526704,522392,189095,-0.23475,51.58743,3,3,2,15:30,-1,E09000003,3,0,1,0,1,19,5,1,10,0,0,0,0,1,0,0,0,8,12
2024010526707,2024,010526707,519065,182361,-0.28503,51.52762,3,3,2,15:10,-1,E09000009,3,0,1,0,1,99,9,9,99,9,99,1,0,0,0,0,0,8,12
2024010526712,2024,010526712,546653,167797,0.10636,51.39027,3,3,2,18:10,-1,E09000006,6,0,1,0,1,5,0,1,10,0,0,1,0,0,0,0,0,8,12
2024010526714,2024,010526714,528174,165864,-0.15976,51.37737,3,3,2,15:05,-1,E09000029,4,0,1,0,1,"[7, 19]","[5, 6]","[8, 2]",0,"[0, 1]",0,1,1,0,0,0,0,8,12
2024010526719,2024,010526719,524094,166052,-0.21829,51.37996,3,3,6,22:30,-1,E09000029,3,2,1,0,1,99,9,9,99,9,99,1,0,1,0,0,0,8,9
2024010526720,2024,010526720,540504,185855,0.02522,51.55409,3,3,2,15:20,-1,E09000025,3,0,1,0,2,"[9, 19]","[3, 7]","[1, 3]",0,"[0, 1]",0,1,1,0,0,0,0,8,12
2024010526729,2024,010526729,536840,182678,-0.02883,51.52644,3,3,2,19:34,-1,E09000030,3,0,1,0,1,19,7,3,0,0,0,1,1,0,0,0,0,8,12
2024010526730,2024,010526730,529284,174367,-0.14072,51.45353,3,3,2,16:50,-1,E09000022,5,0,1,0,1,99,9,9,99,9,99,1,1,0,0,0,0,8,12
2024010526733,2024,010526733,551980,188675,0.19185,51.57646,3,3,1,17:44,-1,E09000016,5,0,1,0,1,"[15, 19]","[3, 5]","[7, 1]",0,"[1, 0]",0,1,0,1,0,0,0,8,11
2024010526735,2024,010526735,530401,180285,-0.12247,51.50646,2,2,2,18:40,-1,E09000033,3,0,1,0,2,19,"[1, 5]","[5, 1]",0,0,0,0,1,0,0,0,0,8,12
2024010526737,2024,010526737,532740,182570,-0.08793,51.52645,3,3,7,21:18,-1,E09000012,3,2,1,0,1,99,9,9,99,9,99,1,0,1,0,0,0,8,10
2024010526739,2024,010526739,540072,170336,0.01285,51.41475,2,"[2, 3]",2,14:48,-1,E09000006,5,0,1,0,1,"[9, 19]",8,"[5, 4]",0,0,0,1,0,1,0,0,0,8,12
2024010526740,2024,010526740,537566,173528,-0.02193,51.44404,2,2,2,16:27,-1,E09000023,5,0,1,0,1,5,1,5,0,0,0,0,0,0,1,0,1,8,12
2024010526741,2024,010526741,530347,170419,-0.12689,51.41781,3,3,2,10:30,-1,E09000022,3,0,1,0,1,99,9,9,99,9,99,0,1,1,0,0,0,8,12
2024010526742,2024,010526742,518511,182798,-0.29286,51.53166,3,3,2,16:17,-1,E09000009,3,0,1,0,1,99,9,9,99,9,99,1,0,0,0,0,0,8,12
2024010526744,2024,010526744,549773,190210,0.16067,51.59084,3,3,2,18:05,-1,E09000016,6,0,1,0,1,"[5, 3]","[1, 5]","[5, 1]",0,"[0, 1]",0,1,0,0,0,0,0,8,12
2024010526745,2024,010526745,527086,182819,-0.1693,51.52999,3,3,2,19:30,-1,E09000033,3,0,1,0,1,"[15, 10]",5,"[1, 2]",0,"[7, 0]",0,1,0,1,0,0,0,8,12
2024010526754,2024,010526754,510124,188099,-0.41207,51.581,3,3,2,19:42,-1,E09000017,6,0,1,0,1,99,9,9,99,9,99,1,0,1,0,0,0,8,12
2024010526757,2024,010526757,546596,184078,0.11229,51.53658,3,3,2,18:30,-1,E09000002,3,0,1,0,1,"[19, 7]",1,"[5, 3]",0,0,0,1,1,0,0,0,0,8,12
2024010526759,2024,010526759,536322,184744,-0.03549,51.54513,3,3,2,23:05,-1,E09000012,4,2,1,0,1,5,3,7,"[0, 4]",0,0,1,0,1,0,0,0,8,12
2024010526761,2024,010526761,542425,183527,0.05197,51.53269,3,3,2,22:40,-1,E09000025,3,2,1,0,1,"[8, 19]",6,"[1, 2]",0,0,0,1,0,1,0,0,0,8,12
2024010526764,2024,010526764,533818,190123,-0.06953,51.59407,3,3,3,00:31,-1,E09000014,3,2,1,0,1,"[9, 19]","[8, 5]","[5, 1]",0,0,0,1,0,0,0,0,0,8,13
2024010526766,2024,010526766,538542,174522,-0.00751,51.45274,2,2,2,21:50,-1,E09000023,5,2,1,0,1,"[10, 19]","[4, 8]","[2, 4, 8]",0,0,0,1,0,1,0,0,0,8,12
2024010526767,2024,010526767,546725,187540,0.11559,51.56765,2,2,3,00:26,-1,E09000026,3,2,1,0,1,19,3,7,7,0,0,1,0,0,0,0,0,8,13
2024010526769,2024,010526769,523505,179337,-0.22212,51.49949,3,3,3,00:48,-1,E09000013,3,2,8,0,1,19,1,5,0,0,0,1,0,0,0,0,1,8,13
2024010526771,2024,010526771,546620,185054,0.11304,51.54534,2,2,2,21:30,-1,E09000002,5,2,8,0,1,"[2, 19]","[0, 5]","[0, 1]",0,0,0,1,1,0,0,0,0,8,12
2024010526772,2024,010526772,523855,187667,-0.21415,51.57427,3,3,2,23:21,-1,E09000003,6,2,1,0,1,19,3,7,0,0,0,1,0,0,0,0,0,8,12
2024010526776,2024,010526776,535440,186526,-0.04751,51.56136,3,3,1,11:45,-1,E09000012,3,0,1,0,2,99,9,9,99,9,99,1,1,0,0,0,0,8,11
2024010526777,2024,010526777,533046,197792,-0.07776,51.66317,3,3,3,12:50,-1,E09000010,5,0,2,1,1,99,9,9,99,9,99,1,1,0,0,0,0,8,6
2024010526783,2024,010526783,525851,165584,-0.19322,51.37537,3,3,2,23:50,-1,E09000029,4,2,1,0,1,99,9,9,99,9,99,1,0,1,0,0,0,8,12
2024010526790,2024,010526790,522428,189727,-0.23401,51.5931,3,3,3,08:20,-1,E09000003,3,0,1,0,1,99,9,9,99,9,99,1,0,0,1,0,0,8,13
2024010526793,2024,010526793,520935,181846,-0.25826,51.52259,2,2,3,08:04,-1,E09000009,3,0,1,0,1,19,4,8,10,7,4,1,0,0,0,0,1,8,13
2024010526794,2024,010526794,531719,169040,-0.10768,51.4051,2,2,3,09:54,-1,E09000008,6,0,1,0,1,"[19, 1]","[5, 1]","[1, 5]",0,0,0,1,0,1,0,0,0,8,13
2024010526804,2024,010526804,534514,176472,-0.0647,51.47123,3,3,1,18:00,-1,E09000028,6,0,1,0,1,99,9,9,99,9,99,1,0,0,0,0,1,8,11
2024010526805,2024,010526805,529774,195954,-0.12572,51.64741,3,3,3,11:27,-1,E09000010,6,0,1,0,1,"[19, 2]","[8, 0]","[4, 0]","[4, 0]",0,0,1,0,0,0,0,0,8,13
2024010526806,2024,010526806,533431,182201,-0.07812,51.52297,3,3,6,17:30,-1,E09000012,3,0,9,-1,1,99,9,9,99,9,99,0,0,1,0,0,1,8,9
2024010526810,2024,010526810,533320,177159,-0.08162,51.47769,3,3,2,18:25,-1,E09000028,4,0,8,0,1,99,9,9,99,9,99,1,1,0,0,0,0,6,10
2024010526812,2024,010526812,519314,176484,-0.28343,51.47475,2,"[3, 2]",3,10:10,-1,E09000027,6,0,1,0,1,"[19, 4, 2]","[5, 0]","[1, 0]","[4, 0]",0,0,1,0,0,0,0,0,8,13
2024010526819,2024,010526819,541252,177532,0.03267,51.47912,3,3,2,21:27,-1,E09000011,6,2,1,0,1,"[2, 4, 19]","[0, 5, 1]","[0, 1, 5]",0,0,0,1,0,0,0,0,0,8,12
2024010526823,2024,010526823,508808,187083,-0.43137,51.57213,3,3,3,11:25,-1,E09000017,5,0,9,-1,1,99,9,9,99,9,99,1,0,1,0,0,0,8,13
2024010526830,2024,010526830,533685,188007,-0.07225,51.57509,3,3,3,11:38,-1,E09000012,3,0,1,0,1,"[19, 7]",1,"[5, 3]",0,0,0,1,0,0,1,0,0,8,13
2024010526832,2024,010526832,516732,182009,-0.31876,51.52494,3,3,3,08:40,-1,E09000009,4,0,1,0,1,5,5,1,0,0,0,1,1,0,0,0,0,8,13
2024010526838,2024,010526838,527090,185463,-0.16829,51.55375,3,3,3,14:30,-1,E09000007,4,0,9,-1,1,"[13, 19]",9,9,99,9,99,1,0,1,0,0,0,8,13
2024010526845,2024,010526845,528799,180659,-0.14541,51.51019,3,3,4,08:45,-1,E09000033,5,0,1,0,1,"[5, 19]",9,9,99,9,99,1,1,0,0,0,0,8,7
2024010526846,2024,010526846,518038,174081,-0.30259,51.45342,3,3,3,06:03,-1,E09000027,3,0,1,0,2,99,9,9,99,9,99,0,1,0,0,1,0,8,13
2024010526847,2024,010526847,515540,188032,-0.33396,51.57932,3,3,3,14:35,-1,E09000015,5,0,1,0,1,4,5,1,0,0,0,0,0,0,1,0,0,8,13
2024010526848,2024,010526848,544681,185763,0.08539,51.55221,3,3,2,18:32,-1,E09000026,6,0,9,-1,1,99,9,9,99,9,99,1,0,1,0,0,0,8,12
2024010526851,2024,010526851,530625,169199,-0.12334,51.40678,3,3,3,09:15,-1,E09000008,5,0,8,0,1,99,9,9,99,9,99,1,0,1,0,0,0,8,13
2024010526853,2024,010526853,528388,169943,-0.15521,51.41398,3,3,3,15:47,-1,E09000024,3,0,1,0,1,"[19, 3]",5,1,0,0,0,1,0,1,1,0,0,8,13
2024010526854,2024,010526854,534156,192687,-0.06367,51.61703,3,3,3,14:50,-1,E09000010,3,0,1,0,1,"[19, 9]",1,"[5, 6]",0,0,0,1,0,1,0,0,0,8,13
2024010526859,2024,010526859,531095,192082,-0.10809,51.61231,3,3,3,15:10,-1,E09000010,3,0,1,0,1,19,3,7,0,0,0,0,0,1,0,0,0,8,13
2024010526869,2024,010526869,544181,185895,0.07824,51.55352,3,3,2,18:10,-1,E09000026,6,2,9,-1,1,99,9,9,99,9,99,1,0,1,0,0,0,8,12
2024010526874,2024,010526874,532593,190736,-0.08697,51.59987,3,3,3,17:48,-1,E09000014,6,0,8,0,1,99,9,9,99,9,99,1,1,0,0,0,0,8,13
2024010526875,2024,010526875,534065,170399,-0.07346,51.41676,3,3,3,17:16,-1,E09000006,3,0,1,0,1,7,3,5,0,0,0,1,0,0,0,0,1,8,13
2024010526876,2024,010526876,528990,185346,-0.14094,51.55226,2,2,3,15:20,-1,E09000007,3,0,1,0,1,"[9, 19]","[5, 1]","[3, 5]",0,0,0,1,1,0,0,0,0,8,13
2024010526878,2024,010526878,527105,181685,-0.16944,51.51979,3,3,3,17:15,-1,E09000033,3,0,1,0,1,19,"[7, 8]","[3, 4]",0,0,0,1,1,0,0,0,0,8,13