collision_index,collision_year,collision_ref_no,location_easting_osgr,location_northing_osgr,longitude,latitude,casualty_severity,casualty_severity,day_of_week,time,local_authority_district,local_authority_ons_district,first_road_class,light_conditions,weather_conditions,road_surface_conditions,urban_or_rural_area,vehicle_manoeuvre,vehicle_direction_from,vehicle_direction_to,hit_object_in_carriageway,vehicle_leaving_carriageway,hit_object_off_carriageway,is_car,is_cyle,is_mcyle,is_goodsv,is_other,is_pedestrian,month,day
2024010527304,2024,010527304,532588,165373,-0.09656,51.37194,2,2,6,07:50,-1,E09000008,3,0,1,0,1,99,9,9,99,9,99,1,1,0,0,0,0,8,16
2024010527306,2024,010527306,529144,180407,-0.14053,51.50784,3,3,6,11:15,-1,E09000033,3,0,1,0,1,11,7,3,0,0,0,1,0,0,0,0,1,8,16
2024010527307,2024,010527307,515693,171496,-0.33717,51.43067,2,2,6,10:15,-1,E09000027,3,0,1,0,1,"[19, 2]","[1, 0]","[5, 0]","[4, 0]",0,0,1,0,1,0,0,0,8,16
2024010527311,2024,010527311,533029,195360,-0.07893,51.64132,3,3,6,12:55,-1,E09000010,3,0,1,0,1,19,1,5,0,0,0,0,0,0,1,0,0,8,16
2024010527314,2024,010527314,518513,182581,-0.29291,51.52971,3,3,4,14:40,-1,E09000009,3,0,8,0,1,99,9,9,99,9,99,1,0,0,0,1,0,8,14
2024010527316,2024,010527316,527245,180977,-0.16767,51.5134,3,3,6,12:46,-1,E09000033,5,0,1,0,1,"[4, 2, 14]","[5, 0]","[1, 0]","[0, 4]",0,0,1,0,0,0,0,0,8,16
2024010527321,2024,010527321,545944,187281,0.10423,51.56552,2,"[3, 2]",6,12:42,-1,E09000026,3,0,1,0,1,19,7,3,0,0,0,0,0,1,0,0,1,8,16
2024010527323,2024,010527323,534861,183305,-0.0571,51.53255,3,3,5,11:55,-1,E09000030,3,0,1,0,1,99,9,9,99,9,99,1,0,0,0,0,1,8,15
2024010527328,2024,010527328,519816,186593,-0.27277,51.56549,3,3,6,00:00,-1,E09000005,3,2,9,-1,1,99,9,9,99,9,99,1,0,1,0,0,0,8,16
2024010527330,2024,010527330,523960,178703,-0.21579,51.49369,3,3,6,11:24,-1,E09000013,3,0,1,0,1,"[5, 14]",7,3,0,0,0,0,1,0,1,0,0,8,16
2024010527338,2024,010527338,530243,166845,-0.12969,51.38571,2,2,3,10:12,-1,E09000029,6,0,1,0,1,19,"[8, 5]",4,0,0,0,1,0,0,0,0,0,8,13
2024010527345,2024,010527345,528831,180908,-0.14486,51.51242,3,3,6,14:00,-1,E09000033,4,0,1,0,1,4,1,5,0,0,0,1,0,0,0,0,0,8,16
2024010527347,2024,010527347,530958,167475,-0.11919,51.39121,3,3,5,17:40,-1,E09000008,3,0,9,-1,1,99,9,9,99,9,99,0,0,1,0,0,0,8,15
2024010527349,2024,010527349,526720,183316,-0.17439,51.53454,3,3,6,14:50,-1,E09000033,3,0,1,0,1,3,5,1,0,0,0,1,0,0,0,0,0,8,16
2024010527350,2024,010527350,548105,189187,0.13618,51.58209,3,3,6,15:00,-1,E09000002,6,0,2,1,1,19,3,7,0,0,0,1,0,0,0,0,1,8,16
2024010527361,2024,010527361,530131,181604,-0.12588,51.51838,3,3,1,16:20,-1,E09000007,5,0,1,0,1,99,9,9,99,9,99,1,0,0,0,0,1,7,21
2024010527364,2024,010527364,523143,179518,-0.22727,51.50119,3,3,5,11:00,-1,E09000013,6,0,9,-1,1,99,9,9,99,9,99,1,0,1,0,0,0,8,15
2024010527365,2024,010527365,533557,185285,-0.07513,51.55066,3,3,6,16:26,-1,E09000012,5,0,1,0,1,19,3,7,0,0,0,1,0,0,0,0,1,8,16
2024010527367,2024,010527367,523927,174901,-0.21759,51.45953,3,3,6,07:40,-1,E09000032,3,0,1,0,1,99,9,9,99,9,99,1,1,0,0,0,0,8,16
2024010527372,2024,010527372,527386,164252,-0.17165,51.36306,3,3,6,14:50,-1,E09000029,3,0,1,0,1,"[14, 9]",7,"[3, 5]",0,0,0,1,0,1,0,0,0,8,16
2024010527375,2024,010527375,530048,171728,-0.1307,51.42964,3,3,5,18:15,-1,E09000022,3,0,1,0,1,99,9,9,99,9,99,1,0,1,0,0,0,8,15
2024010527380,2024,010527380,535801,194438,-0.03925,51.63237,2,2,6,16:55,-1,E09000010,3,0,1,0,2,"[19, 9]","[1, 5]","[5, 1, 3]",0,0,0,1,0,1,0,0,0,8,16
2024010527383,2024,010527383,543807,185923,0.07286,51.55387,3,3,6,17:12,-1,E09000026,3,0,1,0,1,"[19, 7]","[5, 1]","[1, 5, 3]",0,0,0,1,0,1,0,0,0,8,16
2024010527385,2024,010527385,548530,179361,0.13817,51.49369,3,3,6,17:10,-1,E09000004,5,0,1,0,1,7,7,2,0,0,0,1,0,0,0,0,1,8,16
2024010527386,2024,010527386,509411,179035,-0.42517,51.49967,3,3,6,14:44,-1,E09000017,3,0,1,0,1,4,5,1,0,"[1, 0]",0,1,0,0,1,0,0,8,16
2024010527387,2024,010527387,533888,171277,-0.07567,51.4247,3,3,6,16:20,-1,E09000028,3,0,1,0,1,"[13, 5]",1,5,0,0,0,1,0,0,1,0,0,8,16
2024010527390,2024,010527390,526665,180740,-0.17611,51.5114,3,3,6,14:20,-1,E09000033,3,0,1,0,1,99,9,9,99,9,99,1,1,0,0,0,0,8,16
2024010527394,2024,010527394,540080,171549,0.01344,51.42564,3,3,6,18:55,-1,E09000023,5,0,1,0,1,"[7, 8]",5,7,0,0,0,1,0,1,0,0,0,8,16
2024010527396,2024,010527396,535469,200042,-0.04187,51.68281,3,3,6,19:10,-1,E09000010,1,0,1,0,1,19,7,3,0,"[0, 1]",0,1,0,0,0,0,0,8,16
2024010527403,2024,010527403,512848,181498,-0.37489,51.52114,3,3,5,10:38,-1,E09000009,5,0,8,0,1,99,9,9,99,9,99,1,1,0,0,0,0,8,15
2024010527405,2024,010527405,527344,166737,-0.17137,51.3854,3,3,6,18:15,-1,E09000029,5,0,9,0,1,9,"[1, 2]","[6, 1]",0,0,0,1,0,1,0,0,0,8,16
2024010527406,2024,010527406,515661,176132,-0.33612,51.47234,3,3,6,19:34,-1,E09000018,3,0,1,0,1,"[9, 13]","[6, 4]","[3, 8]",0,0,0,1,1,0,0,0,0,8,16
2024010527407,2024,010527407,537896,174412,-0.01684,51.45191,2,2,6,16:28,-1,E09000023,3,0,1,0,1,"[19, 7]",5,"[1, 7]",0,0,0,1,0,1,0,0,0,8,16
2024010527408,2024,010527408,549950,191169,0.16364,51.59941,3,3,6,21:04,-1,E09000016,4,2,1,0,1,19,3,7,0,0,0,1,0,1,0,0,0,8,16
2024010527409,2024,010527409,537946,183151,-0.01271,51.53042,3,3,6,19:00,-1,E09000025,3,0,1,0,1,"[7, 19]",6,"[8, 2]",0,0,0,1,1,0,0,0,0,8,16
2024010527410,2024,010527410,522451,190651,-0.23336,51.6014,3,3,6,20:58,-1,E09000003,3,2,1,0,1,19,1,5,0,0,0,1,0,0,0,0,0,8,16
2024010527412,2024,010527412,530148,182855,-0.12517,51.52961,3,3,6,18:48,-1,E09000007,3,0,1,0,1,3,6,2,0,0,0,1,0,0,0,0,0,8,16
2024010527415,2024,010527415,551408,174835,0.17766,51.45226,3,3,6,15:40,-1,E09000004,3,0,1,0,1,"[19, 2]","[4, 0]","[8, 0]","[4, 0]",0,0,1,0,0,0,0,0,8,16
2024010527417,2024,010527417,527062,173798,-0.17289,51.44892,3,3,6,16:25,-1,E09000032,3,0,1,0,1,"[19, 9]","[1, 5]","[5, 2]",0,"[1, 0]",0,1,0,1,0,0,0,8,16
2024010527418,2024,010527418,531834,187197,-0.09925,51.56824,3,3,6,19:50,-1,E09000014,3,0,1,0,1,"[3, 5, 19]","[2, 6]","[6, 2]",0,0,0,1,0,1,0,0,0,8,16
2024010527421,2024,010527421,531038,175442,-0.1151,51.46279,3,3,6,21:12,-1,E09000022,3,2,1,0,1,99,9,9,99,9,99,1,0,0,0,0,0,8,16
2024010527429,2024,010527429,527037,168674,-0.17508,51.40288,3,3,6,21:54,-1,E09000024,5,2,1,0,1,19,7,3,0,0,0,0,0,1,0,0,1,8,16
2024010527431,2024,010527431,550847,188850,0.17558,51.57833,3,3,6,17:10,-1,E09000016,5,0,1,0,1,"[10, 19]","[5, 1]","[2, 5]",0,0,0,1,1,0,0,0,0,8,16
2024010527434,2024,010527434,533701,182790,-0.074,51.5282,3,3,6,21:45,-1,E09000030,4,2,1,0,1,99,9,9,99,9,99,1,1,0,0,0,0,8,16
2024010527435,2024,010527435,542490,189307,0.05525,51.58461,2,2,6,21:40,-1,E09000026,3,2,1,0,1,"[4, 19]",5,1,0,0,0,1,0,1,0,0,0,8,16
2024010527437,2024,010527437,537428,173579,-0.02389,51.44454,3,3,6,20:15,-1,E09000023,3,0,1,0,1,99,9,9,99,9,99,1,1,0,0,0,0,8,16
2024010527440,2024,010527440,524397,182290,-0.20823,51.52583,3,3,6,22:31,-1,E09000020,5,2,1,0,1,"[19, 3]",7,3,"[4, 0]",0,0,1,0,0,1,0,0,8,16
2024010527445,2024,010527445,530612,175572,-0.12118,51.46406,3,3,7,00:40,-1,E09000022,6,2,1,0,1,"[4, 1]",5,1,0,0,0,1,0,0,0,0,0,8,17
2024010527452,2024,010527452,517993,172674,-0.30371,51.44078,3,3,7,00:15,-1,E09000027,3,2,1,0,1,"[9, 19]",7,"[5, 3]",0,0,0,1,1,0,0,0,0,8,17
2024010527457,2024,010527457,525623,191209,-0.18738,51.60571,3,3,7,01:23,-1,E09000003,3,2,1,0,1,"[19, 9]","[3, 4]","[7, 1]",0,0,0,1,0,1,0,0,0,8,17
2024010527464,2024,010527464,518354,182895,-0.29509,51.53257,3,3,7,08:05,-1,E09000009,3,0,1,0,1,"[6, 19]",1,"[1, 5]",0,0,0,1,0,0,0,0,0,8,17
2024010527471,2024,010527471,531395,183770,-0.10686,51.53755,3,3,7,11:09,-1,E09000019,4,0,1,0,1,"[7, 19]",1,"[3, 5]",0,0,0,1,1,0,0,0,0,8,17
2024010527476,2024,010527476,534026,179533,-0.07056,51.49885,3,3,7,11:25,-1,E09000028,3,0,1,0,1,19,9,9,99,0,99,0,1,0,0,0,0,8,17
2024010527478,2024,010527478,523264,183750,-0.22404,51.5392,3,3,7,08:20,-1,E09000005,5,0,1,0,1,19,8,4,0,0,0,1,1,0,0,0,0,8,17
2024010527482,2024,010527482,543857,182759,0.07229,51.52543,3,3,7,13:00,-1,E09000025,3,0,1,0,2,"[13, 3]","[3, 5]","[7, 1]",0,0,0,1,0,1,0,0,0,8,17
2024010527487,2024,010527487,533716,189184,-0.07136,51.58565,3,3,7,12:19,-1,E09000014,3,0,1,0,1,5,1,5,0,0,0,0,0,0,1,0,0,8,17
2024010527488,2024,010527488,518842,183186,-0.28796,51.53508,3,3,6,13:55,-1,E09000009,3,0,1,0,1,"[4, 3]",3,7,0,0,0,1,0,0,1,0,0,8,16
2024010527491,2024,010527491,537527,182658,-0.01894,51.5261,3,3,7,11:35,-1,E09000030,6,0,1,0,1,19,5,1,0,0,0,0,1,0,0,0,1,8,17
2024010527492,2024,010527492,530128,163188,-0.13268,51.35288,3,3,7,10:45,-1,E09000029,5,0,1,0,1,5,0,3,0,0,0,1,0,0,0,0,0,8,17
2024010527493,2024,010527493,509406,173967,-0.42681,51.45412,3,3,7,11:00,-1,E09000018,3,0,1,0,1,"[19, 10]",3,"[7, 1]",0,0,0,1,0,0,0,0,0,8,17
2024010527496,2024,010527496,528906,176140,-0.14552,51.46955,3,3,7,10:21,-1,E09000022,4,0,1,0,1,"[9, 15]",4,"[2, 8]",0,0,0,1,1,0,0,0,0,8,17
2024010527497,2024,010527497,540522,173553,0.02059,51.44354,3,3,7,12:50,-1,E09000023,6,0,8,0,1,"[2, 19]","[0, 5]","[0, 1]","[4, 11]","[0, 1]","[0, 11]",1,0,0,0,0,0,8,17
2024010527498,2024,010527498,535672,181795,-0.04599,51.51879,2,2,7,09:30,-1,E09000030,4,0,1,0,1,"[13, 19]",3,7,0,0,0,1,1,0,0,0,0,8,17
2024010527499,2024,010527499,527611,192065,-0.15838,51.61296,3,3,7,13:30,-1,E09000003,3,0,1,0,1,99,9,9,99,9,99,1,1,0,0,0,0,8,17
2024010527501,2024,010527501,524613,178320,-0.20652,51.4901,2,2,6,22:30,-1,E09000013,4,2,1,0,1,99,9,9,99,9,99,0,1,0,0,0,1,8,16
2024010527504,2024,010527504,524283,183013,-0.20962,51.53235,3,3,7,14:29,-1,E09000033,4,0,1,0,1,19,7,3,0,0,0,1,1,0,0,0,0,8,17
2024010527506,2024,010527506,523310,180158,-0.22464,51.50691,3,3,6,22:35,-1,E09000013,3,2,8,0,1,5,9,9,99,9,99,1,0,0,0,0,0,8,16
2024010527512,2024,010527512,524585,173793,-0.20852,51.44943,3,3,7,14:30,-1,E09000032,6,0,9,0,1,"[19, 2]","[1, 0]","[5, 0]","[4, 0]",0,0,1,0,0,0,0,0,8,17
2024010527515,2024,010527515,524841,178492,-0.20318,51.4916,3,3,7,11:23,-1,E09000013,3,0,1,0,1,"[13, 19]",9,9,99,9,99,1,0,0,0,0,0,8,17
2024010527516,2024,010527516,532813,167208,-0.09264,51.38838,3,3,6,16:05,-1,E09000008,3,0,1,0,1,99,9,9,99,9,99,1,0,1,0,0,0,8,16
2024010527518,2024,010527518,548112,175453,0.13052,51.45868,3,3,6,18:00,-1,E09000004,3,0,1,0,1,99,9,9,99,9,99,1,0,1,0,0,0,8,16
2024010527519,2024,010527519,536802,183972,-0.02887,51.53808,2,2,7,16:32,-1,E09000030,5,0,1,0,1,"[5, 19]","[0, 4]","[7, 2]",0,0,0,1,1,0,0,0,0,8,17
2024010527520,2024,010527520,528466,173228,-0.1529,51.44348,3,3,7,16:10,-1,E09000032,3,0,1,0,1,"[9, 19]","[2, 6]","[8, 2]",0,0,0,1,1,0,0,0,0,8,17
2024010527521,2024,010527521,558392,185253,0.28276,51.54395,2,"[2, 3]",7,16:10,-1,E09000016,1,0,1,0,2,"[19, 12]",1,5,0,0,0,1,0,1,0,0,0,8,17
2024010527526,2024,010527526,547036,168431,0.11213,51.39587,3,3,6,18:50,-1,E09000006,3,0,1,0,1,99,9,9,99,9,99,1,0,1,0,0,0,8,16
2024010527528,2024,010527528,511886,180574,-0.38904,51.51302,3,3,7,16:16,-1,E09000009,3,0,1,0,1,19,3,7,0,0,0,1,0,0,0,0,0,8,17
2024010527529,2024,010527529,518170,179771,-0.29879,51.50453,3,3,7,16:01,-1,E09000009,6,0,1,0,1,"[19, 2]","[5, 0]","[1, 0]","[0, 4]",0,0,1,0,0,0,0,0,8,17
2024010527534,2024,010527534,511938,179191,-0.38873,51.50058,3,3,7,14:35,-1,E09000009,5,0,1,0,1,6,5,5,0,0,0,1,0,0,0,0,1,8,17
2024010527537,2024,010527537,538354,181052,-0.00765,51.51146,3,3,7,06:40,-1,E09000030,3,0,1,0,1,99,9,9,99,9,99,1,0,0,0,0,0,8,17
2024010527538,2024,010527538,543049,175590,0.05775,51.46121,3,3,7,09:54,-1,E09000011,5,0,1,0,1,19,"[7, 1]","[3, 5]","[10, 0]",0,0,1,0,0,0,0,0,8,17
2024010527539,2024,010527539,535923,183435,-0.04174,51.53347,3,3,7,15:59,-1,E09000030,3,0,9,-1,1,99,9,9,99,9,99,1,0,0,0,0,1,8,17
2024010527541,2024,010527541,528927,180786,-0.14352,51.5113,3,3,7,15:14,-1,E09000033,4,0,1,0,1,4,1,5,0,0,0,1,0,0,0,0,1,8,17
2024010527546,2024,010527546,533388,180018,-0.07956,51.50336,2,2,7,14:30,-1,E09000028,3,0,8,0,1,99,9,9,99,9,99,0,1,0,0,0,1,8,17
2024010527547,2024,010527547,532370,184869,-0.0924,51.5472,2,2,7,18:50,-1,E09000019,3,0,1,0,1,"[15, 9]","[1, 5]","[5, 2]",0,0,0,1,1,0,0,0,0,8,17
2024010527549,2024,010527549,532699,175996,-0.09099,51.46738,3,3,7,17:15,-1,E09000028,3,0,1,0,1,99,9,9,99,9,99,1,1,0,0,0,0,8,17
2024010527551,2024,010527551,534198,177994,-0.06867,51.48498,2,2,7,13:16,-1,E09000028,3,0,1,0,1,9,5,3,0,9,10,1,0,0,0,0,1,8,17
2024010527557,2024,010527557,520604,181506,-0.26315,51.51961,3,3,7,20:14,-1,E09000009,3,2,1,0,1,"[19, 2]","[5, 0]","[1, 0]",0,0,0,0,0,1,1,0,0,8,17
2024010527559,2024,010527559,539577,187896,0.01267,51.57266,2,2,7,20:54,-1,E09000031,3,2,1,0,1,19,7,3,0,0,0,1,0,1,0,0,0,8,17
2024010527562,2024,010527562,529348,186685,-0.13529,51.56422,3,3,7,17:53,-1,E09000019,3,0,1,0,1,7,5,8,0,0,0,1,0,1,0,0,0,8,17
2024010527564,2024,010527564,531818,188380,-0.09904,51.57888,3,3,7,20:06,-1,E09000014,3,0,1,0,1,99,9,9,99,9,99,1,1,0,0,0,0,8,17
2024010527568,2024,010527568,530990,186987,-0.1115,51.56655,3,3,7,21:00,-1,E09000019,6,2,1,0,1,"[9, 19]","[7, 5]","[5, 1]",0,0,0,1,0,1,0,0,0,8,17
2024010527569,2024,010527569,514913,187799,-0.34308,51.57735,2,2,7,20:43,-1,E09000015,3,2,1,0,1,"[19, 9]","[5, 1]","[1, 7]",0,0,0,1,0,1,0,0,0,8,17
2024010527571,2024,010527571,556925,183857,0.261,51.53182,2,"[2, 3]",7,13:55,-1,E09000016,5,0,1,0,2,19,"[2, 5]","[5, 2]",0,"[7, 2]","[0, 10]",1,0,0,0,0,0,8,17
2024010527574,2024,010527574,529253,182272,-0.13828,51.52458,3,3,7,22:15,-1,E09000007,3,2,1,0,1,9,5,4,11,1,1,1,0,0,0,0,0,8,17
2024010527575,2024,010527575,537881,182347,-0.01396,51.52322,3,3,7,13:46,-1,E09000030,4,0,8,0,1,"[4, 19]",3,7,0,0,0,1,0,1,0,0,0,8,17
2024010527576,2024,010527576,543817,177822,0.0697,51.48108,3,3,7,18:32,-1,E09000011,6,0,1,0,1,19,1,5,0,0,0,1,0,0,0,0,1,8,17
2024010527579,2024,010527579,536431,182503,-0.03479,51.52497,3,3,7,23:08,-1,E09000030,3,2,1,0,1,"[19, 9]",5,"[1, 3]",0,0,0,1,1,0,0,0,0,8,17
2024010527580,2024,010527580,538036,172103,-0.01573,51.43112,2,2,7,19:57,-1,E09000023,3,0,1,0,1,19,5,1,0,0,0,1,0,0,0,0,1,8,17
2024010527586,2024,010527586,535128,167202,-0.0594,51.38778,3,3,7,15:30,-1,E09000008,3,0,1,0,1,"[2, 14]",9,9,"[99, 8]",9,99,1,1,0,0,0,0,8,17
2024010527588,2024,010527588,531177,192163,-0.10687,51.61302,2,2,7,17:53,-1,E09000010,3,0,1,0,1,19,7,3,0,0,0,1,0,1,0,0,0,8,17
2024010527590,2024,010527590,556543,188654,0.25763,51.57502,3,3,7,15:30,-1,E09000016,5,0,8,0,2,19,"[1, 5]","[5, 1]",0,"[1, 0]",0,1,0,0,0,0,0,8,17
2024010527591,2024,010527591,534824,194592,-0.0533,51.63399,3,3,1,00:02,-1,E09000010,3,2,1,0,1,19,1,5,0,0,0,1,0,1,0,0,0,8,18
2024010527594,2024,010527594,525146,177328,-0.1992,51.48107,3,3,1,00:33,-1,E09000013,3,2,1,0,1,19,"[1, 5]","[5, 1]",0,0,0,0,0,1,0,0,0,8,18
2024010527595,2024,010527595,526355,184119,-0.17937,51.54183,3,3,1,01:40,-1,E09000007,5,2,1,0,1,19,3,7,9,0,0,1,0,0,0,0,0,8,18
2024010527598,2024,010527598,531422,186801,-0.10534,51.56478,3,3,1,01:20,-1,E09000019,3,2,1,0,1,4,7,3,0,0,0,0,0,0,1,0,1,8,18
2024010527600,2024,010527600,529585,192270,-0.12981,51.61435,2,2,1,00:47,-1,E09000010,3,2,1,0,1,"[9, 14]","[3, 7]","[1, 3]",0,0,0,1,0,1,0,0,0,8,18
2024010527601,2024,010527601,534145,176714,-0.06992,51.47349,2,2,1,03:45,-1,E09000028,3,2,9,0,1,19,1,5,0,0,0,1,1,0,0,0,0,8,18
2024010527604,2024,010527604,528783,184066,-0.14439,51.54081,2,2,7,22:30,-1,E09000007,3,2,1,0,1,"[7, 19]",4,"[6, 8]",0,0,0,0,1,1,0,0,0,8,17
2024010527606,2024,010527606,519279,180971,-0.28242,51.51508,2,2,7,21:50,-1,E09000009,5,2,1,0,1,"[19, 2]","[1, 0]","[5, 0]","[4, 0]","[1, 0]",0,1,0,1,0,0,0,8,17
2024010527608,2024,010527608,551457,189109,0.18449,51.5805,3,3,1,01:45,-1,E09000016,3,2,9,0,1,19,"[5, 7]","[1, 3]",0,0,0,1,0,0,0,0,0,8,18
2024010527609,2024,010527609,527957,170679,-0.16114,51.42069,2,2,1,03:30,-1,E09000032,5,2,1,0,1,9,1,6,0,1,0,1,0,0,0,0,1,8,18
2024010527611,2024,010527611,514323,175954,-0.35543,51.47101,3,3,1,01:04,-1,E09000018,5,2,1,0,1,19,1,5,0,0,0,1,0,1,0,0,0,8,18
2024010527615,2024,010527615,533661,179796,-0.07572,51.5013,3,3,1,05:00,-1,E09000028,3,0,1,0,1,19,"[4, 8]","[8, 4]",0,0,0,1,0,0,1,0,0,8,18
2024010527616,2024,010527616,529905,173754,-0.13202,51.44788,3,3,1,03:48,-1,E09000022,3,2,1,0,1,"[3, 19]",7,3,0,0,0,1,0,0,0,0,0,8,18
2024010527619,2024,010527619,535285,182801,-0.05118,51.52792,2,2,1,02:09,-1,E09000030,4,2,1,0,1,5,2,6,0,0,0,1,0,0,0,0,0,8,18
2024010527624,2024,010527624,524032,175020,-0.21604,51.46057,3,3,7,08:50,-1,E09000032,3,0,1,0,1,99,9,9,99,9,99,1,1,0,0,0,0,8,17
2024010527631,2024,010527631,532943,196546,-0.07972,51.65199,3,3,1,11:39,-1,E09000010,6,0,1,0,1,"[7, 19]","[1, 2]","[2, 1]",0,1,0,1,1,0,0,0,0,8,18
2024010527637,2024,010527637,544442,175305,0.07767,51.4583,3,3,1,12:03,-1,E09000011,3,0,1,0,1,"[4, 19]",9,9,99,9,99,1,0,0,0,0,0,8,18
2024010527640,2024,010527640,534303,196264,-0.06018,51.64914,3,3,1,12:05,-1,E09000010,3,0,1,0,1,99,9,9,99,9,99,1,0,0,0,0,0,8,18
2024010527641,2024,010527641,518997,182423,-0.28599,51.52819,3,3,1,11:05,-1,E09000009,3,0,1,0,1,"[4, 19]",7,3,0,0,0,1,0,0,0,0,0,8,18
2024010527651,2024,010527651,530887,177115,-0.11665,51.47786,3,3,6,19:30,-1,E09000022,3,0,1,0,1,99,9,9,99,9,99,1,1,0,0,0,0,8,16
2024010527652,2024,010527652,528974,189577,-0.13962,51.59029,3,3,1,12:56,-1,E09000014,3,0,1,0,1,"[2, 5, 9]","[0, 1]","[0, 5, 8]",0,"[0, 1]",0,1,0,1,0,0,0,8,18
2024010527654,2024,010527654,545532,175963,0.09362,51.46393,3,3,1,10:05,-1,E09000004,3,0,1,0,1,19,3,7,0,0,0,1,0,0,0,0,1,8,18
2024010527657,2024,010527657,514278,190749,-0.35128,51.60399,3,3,1,10:32,-1,E09000015,5,0,1,0,1,"[19, 4]",7,3,"[4, 0]",0,0,1,0,1,0,0,0,8,18
2024010527660,2024,010527660,521645,167138,-0.25309,51.39025,3,3,1,14:10,-1,E09000021,3,0,1,0,1,99,9,9,99,9,99,1,1,0,0,0,0,8,18
2024010527662,2024,010527662,537415,177276,-0.02264,51.47776,3,3,7,22:00,-1,E09000023,3,2,1,0,1,99,9,9,99,9,99,1,0,0,0,0,0,8,17
2024010527670,2024,010527670,533720,178270,-0.07544,51.48758,3,3,3,19:50,-1,E09000028,3,0,4,0,1,"[11, 19]",9,9,99,9,99,1,1,0,0,0,0,8,13
2024010527674,2024,010527674,515438,168645,-0.34176,51.40509,2,2,1,06:37,-1,E09000027,3,0,1,0,1,"[19, 9]","[5, 1]","[1, 7]",0,0,0,1,1,0,0,0,0,8,18
2024010527675,2024,010527675,533614,188319,-0.07316,51.57791,3,3,1,14:00,-1,E09000014,3,0,1,0,1,"[19, 13]",1,5,0,0,0,1,0,1,0,0,0,8,18
2024010527680,2024,010527680,533659,187145,-0.07296,51.56735,3,3,1,15:30,-1,E09000012,3,0,1,0,1,19,"[1, 3]","[5, 7]",0,0,0,1,1,0,0,0,0,8,18
2024010527685,2024,010527685,530838,179877,-0.11633,51.50269,3,3,1,15:07,-1,E09000022,3,0,1,0,1,99,9,9,99,9,0,0,1,0,0,0,1,8,18
2024010527686,2024,010527686,551265,188078,0.18128,51.57128,3,3,1,15:15,-1,E09000016,3,0,1,0,1,99,9,9,99,9,99,1,0,0,0,0,0,8,18
2024010527690,2024,010527690,548250,187195,0.13743,51.56415,1,"[3, 1]",1,13:10,-1,E09000002,6,0,1,0,1,19,6,2,10,7,0,1,0,0,0,0,1,8,18
2024010527692,2024,010527692,522986,189389,-0.22608,51.58994,3,3,1,15:48,-1,E09000003,3,0,1,0,1,19,3,7,0,0,0,1,0,0,0,0,1,8,18
2024010527696,2024,010527696,516263,177377,-0.32704,51.48341,3,3,6,21:36,-1,E09000018,3,2,1,0,1,99,9,9,99,9,99,1,0,0,0,0,0,8,16
2024010527699,2024,010527699,532572,162582,-0.09783,51.34687,2,2,1,15:20,-1,E09000008,6,0,1,0,1,19,"[4, 5]","[8, 1]",0,0,0,1,1,0,0,0,0,8,18
2024010527708,2024,010527708,531886,169311,-0.10518,51.4075,3,3,1,17:47,-1,E09000008,5,0,1,0,1,"[4, 9]","[1, 5]","[5, 3]",0,0,0,1,0,0,0,0,0,8,18
2024010527712,2024,010527712,526507,178952,-0.17903,51.49536,3,3,1,18:20,-1,E09000020,3,0,1,0,1,"[19, 99]","[8, 9]","[4, 9]",99,9,99,1,0,0,0,0,0,8,18
2024010527713,2024,010527713,534442,166538,-0.0695,51.38198,3,3,6,12:00,-1,E09000008,3,0,8,0,1,99,9,9,99,9,99,0,0,0,0,0,1,8,16
2024010527714,2024,010527714,516163,173159,-0.32987,51.44552,3,3,1,19:27,-1,E09000027,3,0,1,0,1,19,1,5,0,0,0,1,0,0,0,0,0,8,18
2024010527716,2024,010527716,533019,178927,-0.08529,51.49365,3,3,1,18:20,-1,E09000028,3,0,1,0,1,"[19, 13]",5,1,0,0,0,1,1,0,0,0,0,8,18
2024010527718,2024,010527718,530947,164349,-0.1205,51.36312,3,3,1,19:00,-1,E09000008,4,0,1,0,1,"[15, 2, 10]","[1, 0, 6]","[5, 0, 4]","[0, 4]",0,0,1,0,1,0,0,0,8,18
2024010527720,2024,010527720,530115,175714,-0.12828,51.46545,3,3,1,18:29,-1,E09000022,6,0,1,0,1,9,3,1,0,0,0,1,0,0,0,0,1,8,18
2024010527721,2024,010527721,535465,198263,-0.04262,51.66682,3,3,7,16:05,-1,E09000010,3,0,1,0,1,99,9,9,99,9,99,1,1,0,0,0,0,8,17
2024010527722,2024,010527722,530365,181606,-0.1225,51.51834,2,2,1,13:10,-1,E09000007,3,0,1,0,1,19,2,6,0,0,0,0,0,0,1,0,0,8,18
2024010527723,2024,010527723,529941,177231,-0.13022,51.47912,3,3,1,20:10,-1,E09000022,6,0,8,0,1,"[2, 19]",9,9,99,9,99,1,0,0,0,0,0,8,18
2024010527724,2024,010527724,551834,185657,0.18844,51.54938,3,3,1,08:10,-1,E09000016,3,0,1,0,1,99,9,9,99,9,99,1,0,1,0,0,0,8,18
2024010527726,2024,010527726,534619,177192,-0.06291,51.47768,3,3,7,14:45,-1,E09000028,6,0,9,0,1,99,9,9,99,9,99,1,0,0,0,0,0,8,17