collision_index,collision_year,collision_ref_no,location_easting_osgr,location_northing_osgr,longitude,latitude,casualty_severity,casualty_severity,day_of_week,time,local_authority_district,local_authority_ons_district,first_road_class,light_conditions,weather_conditions,road_surface_conditions,urban_or_rural_area,vehicle_manoeuvre,vehicle_direction_from,vehicle_direction_to,hit_object_in_carriageway,vehicle_leaving_carriageway,hit_object_off_carriageway,is_car,is_cyle,is_mcyle,is_goodsv,is_other,is_pedestrian,month,day
2024010528657,2024,010528657,527953,191341,-0.15371,51.60638,3,3,7,16:15,-1,E09000003,3,0,1,0,1,"[7, 19]","[8, 7]",3,0,0,0,1,0,0,0,0,0,8,24
2024010528659,2024,010528659,540831,181828,0.02833,51.51782,3,3,7,17:46,-1,E09000025,6,0,1,0,1,19,7,3,0,0,0,1,0,0,0,0,1,8,24
2024010528663,2024,010528663,517331,181292,-0.31037,51.51837,3,3,7,21:20,-1,E09000009,4,2,1,1,1,99,9,9,99,9,99,1,1,0,0,0,0,8,24
2024010528664,2024,010528664,537189,176957,-0.02602,51.47495,3,3,7,10:42,-1,E09000023,3,2,1,1,1,99,9,9,99,9,99,1,1,0,0,0,0,8,24
2024010528666,2024,010528666,546832,187044,0.11693,51.56316,2,2,7,21:10,-1,E09000026,3,2,1,1,1,19,7,3,0,0,0,1,0,0,0,0,1,8,24
2024010528667,2024,010528667,532465,177652,-0.09374,51.48232,3,3,7,03:47,-1,E09000028,4,2,2,1,1,99,9,9,99,9,99,1,0,0,0,0,0,8,24
2024010528670,2024,010528670,536348,182674,-0.03592,51.52653,3,3,1,00:56,-1,E09000030,3,2,1,0,1,19,5,1,0,0,0,1,1,0,0,0,0,8,25
2024010528678,2024,010528678,511399,180767,-0.39599,51.51485,3,3,1,02:00,-1,E09000017,3,2,1,0,1,"[14, 3]",3,7,0,0,0,1,0,0,0,0,0,8,25
2024010528679,2024,010528679,510554,174358,-0.41017,51.45742,3,3,7,23:00,-1,E09000018,3,2,1,1,1,"[9, 19]","[7, 3]","[5, 7]",0,0,0,1,0,1,0,0,0,8,24
2024010528681,2024,010528681,549122,176324,0.14541,51.46624,3,3,1,00:42,-1,E09000004,5,2,1,1,1,19,"[7, 3]","[3, 7]",0,0,0,1,0,0,0,0,0,8,25
2024010528683,2024,010528683,524298,177091,-0.21149,51.47913,3,3,1,00:50,-1,E09000013,5,2,1,0,1,"[2, 19]","[0, 1]","[0, 5]","[0, 4]",0,0,1,0,0,0,0,1,8,25
2024010528684,2024,010528684,534410,173344,-0.06738,51.44315,3,3,1,05:09,-1,E09000028,3,0,1,0,1,"[19, 13]","[1, 2, 5]","[5, 6, 1]","[0, 7, 10]",0,0,1,0,0,0,0,0,8,25
2024010528685,2024,010528685,525006,163898,-0.20595,51.36041,3,3,3,18:05,-1,E09000029,5,0,1,0,1,"[10, 19]","[5, 3]","[3, 7]",0,0,0,1,0,0,0,0,0,8,20
2024010528686,2024,010528686,535715,177005,-0.04721,51.47573,2,"[2, 3]",1,06:00,-1,E09000023,3,0,1,0,1,19,1,5,0,3,2,1,0,0,0,0,0,8,25
2024010528689,2024,010528689,523510,172592,-0.2244,51.43887,3,3,1,08:50,-1,E09000032,3,0,1,0,1,"[9, 19]","[7, 1]","[6, 5]",0,0,0,1,1,0,0,0,0,8,25
2024010528690,2024,010528690,532700,175990,-0.09098,51.46733,3,3,7,18:06,-1,E09000022,3,0,1,1,1,99,9,9,99,9,99,1,0,0,1,0,0,8,24
2024010528691,2024,010528691,525598,179615,-0.19188,51.50153,3,3,1,08:15,-1,E09000020,3,0,1,0,1,"[19, 6]",3,"[7, 3]",0,0,0,1,0,1,0,0,0,8,25
2024010528695,2024,010528695,517845,183766,-0.30214,51.5405,3,3,7,23:41,-1,E09000005,3,2,8,0,1,99,9,9,99,9,99,1,0,0,1,0,0,8,24
2024010528701,2024,010528701,546866,167130,0.10915,51.38422,2,2,1,11:40,-1,E09000006,5,0,1,0,1,19,1,5,0,0,0,0,1,0,0,0,0,8,25
2024010528704,2024,010528704,539046,172135,-0.00119,51.43116,3,3,1,07:00,-1,E09000023,5,0,1,0,1,"[4, 19]","[1, 3]","[5, 7]",4,"[0, 1]",0,1,0,0,0,0,0,8,25
2024010528711,2024,010528711,533056,179049,-0.08471,51.49473,3,3,1,11:50,-1,E09000028,3,0,1,0,1,"[3, 19]",1,5,0,0,0,1,0,0,0,0,0,8,25
2024010528717,2024,010528717,524203,180042,-0.21182,51.50567,3,3,1,13:50,-1,E09000020,3,0,1,0,1,"[7, 5]","[3, 1]",5,0,1,0,1,1,0,0,0,0,8,25
2024010528718,2024,010528718,530560,176585,-0.12155,51.47317,3,3,1,14:39,-1,E09000022,3,0,1,0,1,"[4, 9]","[1, 8]","[5, 6]",0,0,0,1,1,0,0,0,0,8,25
2024010528719,2024,010528719,527955,170700,-0.16116,51.42088,2,2,1,11:52,-1,E09000032,3,0,1,0,1,19,5,1,0,0,0,1,0,0,0,0,1,8,25
2024010528722,2024,010528722,543152,178539,0.06042,51.48769,3,3,1,06:15,-1,E09000011,4,0,1,0,1,"[19, 15]","[1, 5]","[5, 1]",0,0,0,1,1,0,0,0,0,8,25
2024010528723,2024,010528723,530132,180095,-0.12642,51.50481,3,3,1,14:55,-1,E09000033,3,0,1,0,1,7,1,3,0,0,0,0,0,0,1,0,1,8,25
2024010528732,2024,010528732,528314,165981,-0.15771,51.37839,3,3,3,19:34,-1,E09000029,4,0,1,0,1,99,9,9,99,9,99,1,0,0,0,0,1,8,20
2024010528737,2024,010528737,531138,168261,-0.11631,51.39823,3,3,6,18:20,-1,E09000008,3,0,1,0,1,99,9,9,99,9,99,1,0,1,0,0,0,8,23
2024010528740,2024,010528740,551987,182337,0.18921,51.51951,3,3,6,05:40,-1,E09000016,4,0,1,0,2,99,9,9,99,9,99,0,1,0,0,0,0,8,23
2024010528741,2024,010528741,547626,183854,0.12704,51.5343,3,3,2,17:30,-1,E09000002,6,0,1,0,1,99,9,9,99,9,99,1,0,0,0,0,0,7,29
2024010528742,2024,010528742,532460,182773,-0.09189,51.52834,3,3,1,15:40,-1,E09000012,3,0,1,0,1,"[19, 7]",7,"[3, 1]",0,"[0, 1]",0,1,0,1,0,0,0,8,25
2024010528748,2024,010528748,551774,185321,0.18743,51.54638,3,3,7,16:25,-1,E09000016,3,0,1,0,1,19,1,5,10,0,0,0,0,1,0,0,0,8,24
2024010528749,2024,010528749,533925,189146,-0.06836,51.58526,3,3,1,14:13,-1,E09000014,6,0,1,0,1,"[2, 19]","[0, 1]","[0, 5]",8,0,0,1,1,0,0,0,0,8,25
2024010528753,2024,010528753,542026,188354,0.04817,51.57617,2,"[3, 2]",1,16:44,-1,E09000026,3,0,1,0,1,"[3, 19]",7,3,0,0,0,1,0,0,0,0,0,8,25
2024010528757,2024,010528757,550765,182915,0.17186,51.52503,3,3,1,17:00,-1,E09000016,3,0,1,0,1,"[19, 7]",8,"[4, 1]",0,0,0,1,0,0,0,0,0,8,25
2024010528762,2024,010528762,543461,182471,0.06647,51.52294,3,3,1,17:50,-1,E09000025,3,0,1,0,1,4,7,3,0,0,0,1,0,0,0,0,0,8,25
2024010528767,2024,010528767,530560,189331,-0.11683,51.58772,3,3,1,18:35,-1,E09000014,3,0,1,0,1,"[19, 7]","[3, 5]",7,0,0,0,1,1,0,0,0,0,8,25
2024010528769,2024,010528769,550663,172890,0.16612,51.43498,3,3,1,15:49,-1,E09000004,4,0,1,0,1,19,1,5,0,0,0,1,0,1,0,0,0,8,25
2024010528774,2024,010528774,524755,182279,-0.20308,51.52565,3,3,1,20:05,-1,E09000033,6,0,1,0,1,"[2, 19]","[0, 1]","[0, 5]","[0, 4]",0,0,1,1,0,0,0,0,8,25
2024010528775,2024,010528775,543455,190077,0.06948,51.59129,3,3,1,20:12,-1,E09000026,5,2,1,0,1,"[19, 9]","[3, 7]","[7, 5]",0,0,0,1,0,1,0,0,0,8,25
2024010528776,2024,010528776,511543,183286,-0.39312,51.53747,3,3,1,18:50,-1,E09000009,4,2,1,0,1,19,1,5,0,0,0,0,0,0,1,0,0,8,25
2024010528787,2024,010528787,531550,175478,-0.10772,51.463,3,3,1,20:15,-1,E09000022,3,0,1,0,1,"[10, 19]",3,"[8, 7]",0,0,0,1,0,0,0,0,0,8,25
2024010528796,2024,010528796,510040,187319,-0.41352,51.57401,3,3,2,01:00,-1,E09000017,5,2,1,0,1,"[19, 9]",5,"[1, 2]","[0, 10]","[7, 0]",0,1,0,0,0,0,0,8,26
2024010528798,2024,010528798,521184,186096,-0.25321,51.56073,3,3,6,18:30,-1,E09000005,3,0,1,0,1,3,1,5,0,0,0,1,0,0,0,0,0,8,23
2024010528799,2024,010528799,518519,182595,-0.29282,51.52984,3,3,2,00:10,-1,E09000009,3,2,1,0,1,"[4, 3]",1,5,0,0,0,1,0,1,0,0,0,8,26
2024010528803,2024,010528803,533798,189935,-0.06989,51.59238,2,2,1,23:55,-1,E09000014,3,2,1,0,1,4,1,5,0,0,0,0,1,0,0,0,0,8,25
2024010528809,2024,010528809,526893,177856,-0.17386,51.48543,3,3,2,00:40,-1,E09000020,3,2,1,0,1,19,3,7,0,0,0,1,0,0,0,0,1,8,26
2024010528810,2024,010528810,531264,186625,-0.10769,51.56323,2,2,2,04:40,-1,E09000019,3,2,1,0,1,19,7,3,0,1,11,0,0,1,0,0,1,8,26
2024010528813,2024,010528813,507171,177946,-0.45776,51.49031,2,"[3, 2]",2,08:58,-1,E09000017,3,0,8,0,1,19,"[1, 5]","[5, 1]",0,0,0,1,0,1,0,0,0,8,26
2024010528815,2024,010528815,554672,191215,0.23178,51.59855,3,3,2,08:30,-1,E09000016,5,0,1,0,1,19,"[1, 5]","[5, 1]",0,0,0,1,0,0,0,0,0,8,26
2024010528820,2024,010528820,527795,181935,-0.1594,51.52188,3,3,2,09:48,-1,E09000033,3,0,1,0,1,"[19, 7]",7,"[3, 2]",0,0,0,1,1,0,0,0,0,8,26
2024010528823,2024,010528823,528955,177393,-0.14435,51.4808,3,3,7,13:13,-1,E09000032,6,0,1,-1,2,99,9,9,99,9,99,1,0,1,0,0,0,8,24
2024010528824,2024,010528824,528836,179334,-0.14536,51.49827,3,3,1,18:45,-1,E09000033,3,0,9,-1,1,99,9,9,99,9,99,1,0,0,0,0,0,8,25
2024010528825,2024,010528825,517181,185013,-0.31129,51.55185,3,3,2,09:20,-1,E09000005,3,0,1,0,1,"[9, 19]","[8, 3]","[6, 7]",0,0,0,1,1,0,0,0,0,8,26
2024010528830,2024,010528830,512555,189082,-0.37668,51.58936,2,2,2,07:35,-1,E09000015,3,0,1,0,1,"[9, 19]","[1, 5]","[7, 1]",0,0,0,1,1,0,0,0,0,8,26
2024010528842,2024,010528842,527218,173038,-0.17092,51.44206,3,3,6,11:40,-1,E09000032,4,0,9,-1,1,99,9,9,99,9,99,1,0,1,0,0,0,8,23
2024010528846,2024,010528846,539505,184596,0.01032,51.54303,3,3,1,17:40,-1,E09000025,3,0,9,-1,1,99,9,9,99,9,99,1,1,0,0,0,0,8,25
2024010528849,2024,010528849,548680,174462,0.13827,51.44963,3,3,2,11:30,-1,E09000004,6,0,1,0,1,"[19, 9]",6,"[2, 3]",0,0,0,1,1,0,0,0,0,8,26
2024010528853,2024,010528853,534339,187430,-0.06304,51.56975,2,2,2,10:27,-1,E09000012,3,0,1,0,1,19,5,1,7,0,0,0,0,1,0,0,0,8,26
2024010528855,2024,010528855,534223,181586,-0.06694,51.51726,2,"[3, 2]",3,08:14,-1,E09000030,3,0,1,0,1,99,9,9,99,9,99,1,1,0,0,0,0,8,20
2024010528858,2024,010528858,524135,176506,-0.21404,51.47391,3,3,2,12:00,-1,E09000013,6,0,1,0,1,"[4, 19]",2,6,0,0,0,1,1,0,0,0,0,8,26
2024010528859,2024,010528859,532565,192607,-0.08667,51.61669,3,3,1,17:44,-1,E09000010,3,0,1,0,1,99,9,9,99,9,99,1,0,0,0,0,0,8,25
2024010528861,2024,010528861,529706,179354,-0.13282,51.49825,2,2,2,14:00,-1,E09000033,3,0,1,0,1,19,3,7,0,0,0,0,1,0,0,0,1,8,26
2024010528864,2024,010528864,531383,161730,-0.11521,51.33948,3,3,2,14:16,-1,E09000008,3,0,1,0,1,19,1,5,0,"[7, 0]",0,1,1,0,0,0,0,8,26
2024010528865,2024,010528865,520871,192825,-0.25541,51.62128,2,2,2,13:17,-1,E09000003,3,0,8,0,1,"[11, 19]","[3, 5]","[7, 1]",0,0,0,1,0,1,0,0,0,8,26
2024010528871,2024,010528871,541166,177768,0.03153,51.48126,3,3,2,13:12,-1,E09000011,6,0,1,0,1,5,5,1,10,7,11,1,0,0,0,0,1,8,26
2024010528872,2024,010528872,536768,173289,-0.0335,51.44209,3,3,2,13:10,-1,E09000023,3,0,9,-1,1,99,9,9,99,9,99,1,0,0,0,0,0,8,26
2024010528873,2024,010528873,534130,177112,-0.06998,51.47707,3,3,1,17:55,-1,E09000028,4,0,1,0,1,99,9,9,99,9,99,1,0,1,0,0,0,8,25
2024010528894,2024,010528894,523895,182790,-0.21529,51.53043,3,3,2,17:09,-1,E09000005,4,0,1,0,1,"[1, 2]","[7, 0]","[3, 0]",0,0,0,1,0,0,0,0,1,8,26
2024010528900,2024,010528900,537384,168306,-0.02657,51.39716,3,3,2,18:07,-1,E09000006,5,0,1,0,1,19,"[1, 5]","[5, 1]",0,0,0,1,0,0,0,0,0,8,26
2024010528903,2024,010528903,516454,182933,-0.32246,51.5333,3,3,2,14:45,-1,E09000009,3,0,1,0,1,"[12, 13, 3]",7,3,0,0,0,1,0,1,0,0,0,8,26
2024010528907,2024,010528907,525607,171883,-0.1945,51.43204,3,3,2,15:40,-1,E09000024,3,0,1,0,1,19,5,1,10,1,0,1,0,0,0,0,1,8,26
2024010528911,2024,010528911,529720,180670,-0.13214,51.51008,3,3,1,22:21,-1,E09000033,6,2,1,0,1,99,9,9,99,9,99,1,0,0,0,0,0,8,25
2024010528918,2024,010528918,523897,185614,-0.21427,51.55581,3,3,1,22:30,-1,E09000005,3,2,1,0,1,99,9,9,99,9,99,1,1,0,0,0,0,8,25
2024010528919,2024,010528919,535174,181245,-0.05338,51.51397,2,2,2,19:01,-1,E09000030,3,0,1,0,1,"[14, 9]","[6, 1]","[2, 6]",0,0,0,1,0,1,0,0,0,8,26
2024010528922,2024,010528922,529791,180653,-0.13112,51.50991,3,3,1,23:50,-1,E09000033,6,2,1,0,1,"[9, 13]",1,"[6, 5]",0,0,0,1,0,0,0,0,0,8,25
2024010528924,2024,010528924,517732,191203,-0.30128,51.60736,3,3,2,17:37,-1,E09000015,3,0,1,0,1,19,"[7, 1]","[3, 5]",0,0,0,1,0,0,0,0,0,8,26
2024010528928,2024,010528928,519873,180281,-0.27409,51.50875,2,2,2,21:40,-1,E09000009,3,2,1,0,1,"[19, 4]",7,3,0,0,0,1,1,0,0,0,0,8,26
2024010528929,2024,010528929,527265,176146,-0.16913,51.46998,2,2,2,22:05,-1,E09000032,6,2,1,0,1,19,"[1, 3]","[5, 7]",0,0,0,1,0,1,0,0,0,8,26
2024010528930,2024,010528930,528420,180129,-0.15106,51.50551,3,3,2,21:32,-1,E09000033,3,2,1,0,1,"[11, 12]",1,5,0,0,0,1,0,1,0,0,0,8,26
2024010528933,2024,010528933,534443,176597,-0.06567,51.47237,3,3,2,17:09,-1,E09000028,3,0,1,0,1,9,5,3,0,0,0,0,0,0,1,0,0,8,26
2024010528934,2024,010528934,524167,182341,-0.21153,51.52634,3,3,2,16:30,-1,E09000020,5,0,1,0,1,"[19, 3]",7,3,0,0,0,1,0,0,1,0,0,8,26
2024010528935,2024,010528935,526761,182559,-0.17408,51.52772,3,3,2,22:35,-1,E09000033,3,2,1,0,1,"[5, 19]","[1, 7]","[5, 3]",0,0,0,1,0,0,0,0,0,8,26
2024010528936,2024,010528936,532258,190494,-0.0919,51.59777,1,1,2,21:47,-1,E09000014,4,2,1,0,1,19,1,5,0,0,0,1,0,0,0,0,1,8,26
2024010528938,2024,010528938,524841,181128,-0.20225,51.51529,3,3,2,20:30,-1,E09000020,6,2,1,0,1,4,3,7,0,0,0,0,0,0,1,0,1,8,26
2024010528943,2024,010528943,532663,191367,-0.08572,51.60552,3,3,1,23:50,-1,E09000014,3,2,1,0,1,99,9,9,99,9,99,1,0,0,0,0,0,8,4
2024010528949,2024,010528949,525838,183144,-0.18717,51.53319,3,3,2,23:20,-1,E09000033,3,2,1,0,1,"[5, 3]","[0, 8]",4,"[4, 0]",0,0,1,0,0,0,1,0,8,26
2024010528950,2024,010528950,550860,189316,0.17597,51.58252,3,3,3,00:01,-1,E09000016,3,2,1,0,1,19,5,1,10,1,11,1,0,0,0,0,0,8,27
2024010528951,2024,010528951,537571,173618,-0.02182,51.44485,3,3,3,01:57,-1,E09000023,3,2,1,0,1,"[19, 15]","[4, 8]","[8, 4]","[10, 0]",0,0,1,0,0,0,0,0,8,27
2024010528952,2024,010528952,550613,182937,0.16968,51.52527,3,3,3,04:50,-1,E09000016,3,2,1,0,1,"[9, 19]","[2, 8]","[7, 4]",0,0,0,1,0,0,0,0,0,8,27
2024010528954,2024,010528954,542625,177625,0.05247,51.47961,3,3,3,05:43,-1,E09000011,6,0,1,0,1,"[4, 11, 19]",1,5,0,0,0,1,0,0,0,0,0,8,27
2024010528955,2024,010528955,540600,172275,0.0212,51.43204,3,3,2,18:56,-1,E09000023,3,0,1,0,1,"[3, 19]",9,9,99,9,99,1,0,0,0,0,0,8,26
2024010528961,2024,010528961,535470,173014,-0.05227,51.43993,3,3,2,19:05,-1,E09000023,4,0,1,0,1,99,9,9,99,9,99,1,0,0,0,0,0,8,26
2024010528977,2024,010528977,529914,181043,-0.12921,51.51338,3,3,3,08:59,-1,E09000033,3,0,1,0,1,5,1,5,0,0,0,0,0,0,1,0,0,8,27
2024010528978,2024,010528978,515057,184053,-0.34223,51.54365,3,3,7,17:50,-1,E09000009,3,0,1,1,1,"[19, 3]",9,9,99,9,99,1,0,1,0,0,0,8,24
2024010528981,2024,010528981,541465,177035,0.03554,51.4746,3,3,5,16:55,-1,E09000011,3,2,9,-1,1,99,9,9,99,9,99,1,0,1,0,0,0,8,22
2024010528985,2024,010528985,527253,182128,-0.16714,51.52374,3,3,3,10:25,-1,E09000033,4,0,1,0,1,19,"[3, 1]","[7, 5]",0,0,0,1,1,0,0,0,0,8,27
2024010529002,2024,010529002,533461,186021,-0.07624,51.55729,3,3,3,08:46,-1,E09000012,6,0,1,0,1,"[2, 19]","[0, 1]","[0, 5]","[0, 10]","[0, 1]","[0, 10]",1,0,0,0,0,0,8,27
2024010529007,2024,010529007,532386,166496,-0.09904,51.38208,3,3,3,09:10,-1,E09000008,3,0,1,0,1,"[2, 19]","[0, 3, 5]","[0, 7, 1]",0,"[0, 1]","[0, 11]",1,0,0,0,0,0,8,27
2024010529008,2024,010529008,558368,185263,0.28242,51.54405,3,3,3,09:45,-1,E09000016,1,0,1,0,2,"[19, 3]",5,1,0,0,0,1,0,0,0,0,0,8,27
2024010529010,2024,010529010,527739,194237,-0.15574,51.63245,3,3,6,12:35,-1,E09000003,6,0,9,-1,1,99,9,9,99,9,99,1,0,1,0,0,0,8,23
2024010529013,2024,010529013,507549,176430,-0.45277,51.47662,3,3,3,08:58,-1,EHEATHROW,6,2,8,0,1,19,1,5,10,0,0,1,0,0,0,0,0,8,27
2024010529014,2024,010529014,553057,188955,0.2075,51.57868,3,3,3,12:24,-1,E09000016,5,0,1,0,1,19,8,4,0,0,0,0,0,1,0,0,0,8,27
2024010529017,2024,010529017,533587,186472,-0.07425,51.56131,3,3,2,01:00,-1,E09000012,3,2,9,-1,1,99,9,9,99,9,99,1,0,0,0,0,0,8,26
2024010529019,2024,010529019,534472,169010,-0.06813,51.40418,3,3,3,11:10,-1,E09000006,3,0,1,0,1,"[19, 9]",7,"[3, 5]",0,0,0,1,0,1,0,0,0,8,27
2024010529021,2024,010529021,518873,163712,-0.29405,51.36005,3,3,3,11:00,-1,E09000021,6,0,1,0,1,"[6, 13]","[5, 1]",5,0,0,0,1,1,0,0,0,0,8,27
2024010529022,2024,010529022,541122,183002,0.03299,51.5283,3,3,3,13:40,-1,E09000025,3,0,1,0,1,19,"[3, 5]","[7, 1]",0,0,0,1,1,0,0,0,0,8,27
2024010529024,2024,010529024,531936,189280,-0.097,51.58694,3,3,3,14:09,-1,E09000014,3,0,1,0,1,"[15, 4]","[3, 7]","[7, 3]",0,0,0,1,0,1,0,0,0,8,27
2024010529030,2024,010529030,530191,185540,-0.12356,51.55373,1,1,3,13:45,-1,E09000019,3,0,1,0,1,"[7, 19]",6,"[8, 2]",0,0,0,0,0,1,1,0,0,8,27
2024010529031,2024,010529031,515516,187511,-0.33448,51.57464,3,3,7,01:00,-1,E09000015,5,2,9,-1,1,99,9,9,99,9,99,0,1,0,0,0,0,8,24
2024010529034,2024,010529034,527192,177070,-0.16984,51.4783,2,2,2,19:15,-1,E09000032,3,0,1,0,1,99,9,9,99,9,99,1,0,0,0,0,1,7,22
2024010529035,2024,010529035,535706,177471,-0.04716,51.47992,3,3,3,14:55,-1,E09000023,6,0,1,0,1,"[4, 19]","[3, 1]","[7, 5]",0,0,0,1,1,0,0,0,0,8,27
2024010529038,2024,010529038,541269,183790,0.03542,51.53535,3,3,6,20:00,-1,E09000025,4,2,9,-1,1,99,9,9,99,9,99,1,0,0,0,0,1,8,23
2024010529046,2024,010529046,530100,180855,-0.1266,51.51165,3,3,6,13:12,-1,E09000033,6,0,1,0,1,99,9,9,99,9,99,1,1,0,0,0,0,8,23
2024010529048,2024,010529048,539326,188478,0.00928,51.57795,3,3,6,07:30,-1,E09000031,3,0,1,0,2,99,9,9,99,9,99,0,1,0,0,0,0,8,2
2024010529057,2024,010529057,553733,187219,0.21649,51.5629,2,"[3, 2]",3,16:21,-1,E09000016,3,0,1,0,1,"[19, 4]",3,7,0,0,0,1,0,0,1,0,0,8,27
2024010529062,2024,010529062,513249,174194,-0.37145,51.45541,3,3,3,14:26,-1,E09000027,4,0,1,0,1,99,9,9,99,9,99,1,0,0,0,0,0,8,27
2024010529065,2024,010529065,518931,185203,-0.286,51.55319,3,3,1,18:49,-1,E09000005,3,0,9,-1,1,99,9,9,99,9,99,1,0,1,0,0,0,8,25
2024010529073,2024,010529073,531805,188469,-0.09919,51.57968,3,3,2,13:30,-1,E09000014,3,0,1,0,1,99,9,9,99,9,99,1,0,0,0,0,0,8,26
2024010529074,2024,010529074,533269,182411,-0.08037,51.5249,3,3,3,17:01,-1,E09000012,5,0,1,0,1,5,5,1,0,0,0,0,0,0,1,0,0,8,27
2024010529076,2024,010529076,526200,183463,-0.18184,51.53597,3,3,6,18:50,-1,E09000033,4,0,9,-1,1,19,8,4,0,0,0,0,0,0,1,0,0,8,23
2024010529077,2024,010529077,532546,182736,-0.09066,51.52799,3,3,1,14:45,-1,E09000012,3,0,1,0,1,99,9,9,99,9,99,1,0,0,0,0,0,8,25
2024010529086,2024,010529086,548169,186869,0.13613,51.56124,2,2,3,17:15,-1,E09000002,3,0,1,0,1,"[9, 19]","[6, 3]","[3, 7]",0,0,0,1,1,0,0,0,0,8,27
2024010529094,2024,010529094,528946,180328,-0.14341,51.50718,3,3,6,13:00,-1,E09000033,3,0,9,0,1,"[5, 3]","[5, 1]","[1, 5]",0,0,0,1,1,0,0,0,0,8,16
2024010529095,2024,010529095,527084,181694,-0.16973,51.51988,3,3,3,17:45,-1,E09000033,3,0,1,0,1,"[5, 9]",3,"[7, 1]",0,0,0,0,0,1,1,0,0,8,27
2024010529098,2024,010529098,524304,170989,-0.21354,51.42429,2,2,3,17:40,-1,E09000024,3,0,1,0,1,"[19, 13]",5,1,0,0,0,1,0,1,0,0,0,8,27
2024010529100,2024,010529100,553766,190198,0.21826,51.58966,2,"[3, 2]",3,18:50,-1,E09000016,3,0,1,0,1,19,"[1, 3]","[5, 7]","[0, 11]",0,0,1,0,0,0,0,0,8,27
2024010529107,2024,010529107,515422,189663,-0.33513,51.594,2,2,3,20:25,-1,E09000015,3,2,1,0,1,19,1,5,0,0,0,0,0,0,1,0,1,8,27
2024010529108,2024,010529108,543182,187953,0.06468,51.57227,3,3,3,20:00,-1,E09000026,3,2,8,0,1,99,9,9,99,9,"[99, 0]",1,0,0,0,0,0,8,27
2024010529110,2024,010529110,536598,187356,-0.0305,51.56854,3,3,3,18:10,-1,E09000031,6,0,1,0,1,9,2,8,0,0,0,1,0,0,0,0,1,8,27
2024010529111,2024,010529111,530414,178044,-0.12311,51.48632,3,3,3,18:40,-1,E09000022,3,0,1,0,1,99,9,9,99,9,99,0,1,0,0,0,0,8,27
2024010529113,2024,010529113,535977,192272,-0.03755,51.61286,3,3,3,16:11,-1,E09000010,3,0,1,0,2,99,9,9,99,9,99,1,0,0,0,0,0,8,27
2024010529115,2024,010529115,544489,184493,0.0821,51.54085,3,3,3,13:04,-1,E09000002,3,0,1,0,1,99,9,9,99,9,99,1,0,0,0,0,0,8,27
2024010529117,2024,010529117,520501,186932,-0.26277,51.56839,3,3,3,15:56,-1,E09000005,4,0,1,0,1,19,"[1, 7]","[5, 3]",0,0,0,1,0,0,0,0,0,8,27
2024010529122,2024,010529122,535842,171650,-0.04744,51.42758,3,3,3,23:05,-1,E09000023,6,2,1,0,1,19,5,1,0,0,0,1,0,0,0,0,1,8,27
2024010529125,2024,010529125,526610,166148,-0.18212,51.38027,3,3,4,00:20,-1,E09000029,4,2,1,0,1,19,3,7,7,0,0,1,0,0,0,0,0,8,28
2024010529126,2024,010529126,534152,182589,-0.06758,51.52629,3,3,3,23:39,-1,E09000030,3,2,1,0,1,"[6, 19]",3,"[3, 7]",0,0,0,1,0,1,0,0,0,8,27
2024010529128,2024,010529128,532255,178436,-0.09647,51.48941,3,3,4,02:44,-1,E09000028,3,2,1,0,1,19,3,7,0,0,0,1,0,1,0,0,0,8,28
2024010529129,2024,010529129,536875,184452,-0.02763,51.54238,3,3,4,00:30,-1,E09000030,3,2,1,0,1,"[11, 19]",8,4,0,0,0,0,0,1,0,0,0,8,28
2024010529133,2024,010529133,532427,177796,-0.09423,51.48362,3,3,3,21:10,-1,E09000028,3,2,1,0,1,"[5, 15]","[3, 5]","[7, 1]",0,0,0,1,0,0,0,0,0,8,27
2024010529135,2024,010529135,516984,190274,-0.31238,51.59917,3,3,4,02:22,-1,E09000015,6,2,1,0,1,"[2, 19]","[0, 7]","[0, 3]","[0, 4]",0,0,1,0,0,0,0,0,8,28
2024010529138,2024,010529138,533037,178782,-0.08508,51.49234,3,3,2,00:39,-1,E09000028,6,2,1,0,1,"[10, 19]",4,"[1, 8]","[0, 7]","[0, 1]","[0, 1]",1,0,1,0,0,0,8,26
2024010529145,2024,010529145,528511,180678,-0.14955,51.51042,3,3,2,18:40,-1,E09000033,5,0,9,-1,1,99,9,9,99,9,99,1,0,0,0,0,1,8,26
2024010529146,2024,010529146,530373,181599,-0.12239,51.51827,2,2,4,08:27,-1,E09000007,3,0,1,0,1,"[5, 7]","[3, 5]",7,0,0,0,0,1,0,1,0,0,8,28
2024010529147,2024,010529147,517275,181510,-0.3111,51.52034,3,3,3,16:31,-1,E09000009,4,0,1,0,1,99,9,9,99,9,99,1,0,0,0,0,0,8,27
2024010529151,2024,010529151,530966,177673,-0.11531,51.48286,2,2,4,08:00,-1,E09000022,3,0,8,0,1,"[15, 19]",9,9,99,9,99,0,1,1,0,0,0,8,28
2024010529152,2024,010529152,530900,175832,-0.11694,51.46633,3,3,4,08:40,-1,E09000022,3,0,1,0,1,19,5,1,0,0,0,1,1,0,0,0,0,8,28