collision_index,collision_year,collision_ref_no,location_easting_osgr,location_northing_osgr,longitude,latitude,casualty_severity,casualty_severity,day_of_week,time,local_authority_district,local_authority_ons_district,first_road_class,light_conditions,weather_conditions,road_surface_conditions,urban_or_rural_area,vehicle_manoeuvre,vehicle_direction_from,vehicle_direction_to,hit_object_in_carriageway,vehicle_leaving_carriageway,hit_object_off_carriageway,is_car,is_cyle,is_mcyle,is_goodsv,is_other,is_pedestrian,month,day
2024010529160,2024,010529160,533560,179971,-0.0771,51.5029,3,3,3,17:40,-1,E09000028,3,0,1,0,1,"[7, 19]",9,9,99,9,99,1,1,0,0,0,0,8,27
2024010529161,2024,010529161,534706,198926,-0.05333,51.67296,3,3,3,15:30,-1,E09000010,3,0,8,0,1,99,9,9,99,9,99,1,0,1,0,0,0,8,27
2024010529164,2024,010529164,525105,185614,-0.19685,51.55555,3,3,3,12:15,-1,E09000007,4,0,1,0,1,99,9,9,99,9,99,0,0,0,1,0,1,8,27
2024010529178,2024,010529178,532459,176768,-0.09416,51.47438,2,2,4,08:10,-1,E09000028,3,0,1,0,1,"[7, 19]",4,"[6, 8]",0,0,0,1,1,0,0,0,0,8,28
2024010529179,2024,010529179,530776,180550,-0.11698,51.50875,3,3,7,21:00,-1,E09000033,3,0,9,-1,2,99,9,9,99,9,99,0,1,0,1,0,0,8,24
2024010529188,2024,010529188,524551,184857,-0.20511,51.54887,3,3,3,19:20,-1,E09000007,3,0,1,-1,1,99,9,9,99,9,99,1,0,1,0,0,0,8,27
2024010529190,2024,010529190,532456,179753,-0.09308,51.5012,3,3,3,21:45,-1,E09000028,3,2,1,0,1,99,9,9,99,9,99,1,1,0,0,0,0,8,27
2024010529191,2024,010529191,534273,180705,-0.06656,51.50933,3,3,4,12:10,-1,E09000030,3,0,1,0,1,19,3,7,0,"[0, 1]",0,1,1,0,0,0,0,8,28
2024010529194,2024,010529194,534569,176773,-0.06379,51.47392,3,3,7,21:50,-1,E09000028,3,2,1,1,1,99,9,9,99,9,99,1,1,0,0,0,0,8,24
2024010529200,2024,010529200,520544,183071,-0.26348,51.53368,3,3,7,23:40,-1,E09000005,6,0,1,0,1,99,9,9,99,9,99,1,0,1,0,0,0,8,24
2024010529201,2024,010529201,533168,171625,-0.08589,51.42799,3,3,4,09:50,-1,E09000028,3,0,1,0,1,3,3,7,0,"[7, 0]",0,1,0,0,0,0,0,8,28
2024010529206,2024,010529206,523966,189555,-0.21188,51.59122,3,3,4,11:08,-1,E09000003,3,0,1,0,1,"[9, 19]","[7, 5]","[6, 1]",0,0,0,1,0,0,0,0,0,8,28
2024010529208,2024,010529208,535033,182225,-0.05503,51.52281,3,3,3,16:10,-1,E09000030,3,0,1,0,1,99,9,9,99,9,99,0,1,0,0,0,1,8,27
2024010529210,2024,010529210,520137,184343,-0.26891,51.5452,3,3,4,12:44,-1,E09000005,6,0,1,0,1,19,"[7, 1]","[3, 5]",0,0,0,1,1,0,0,0,0,8,28
2024010529211,2024,010529211,518341,185209,-0.2945,51.55337,2,2,4,12:16,-1,E09000005,3,0,1,0,1,19,3,7,0,0,0,0,0,1,0,0,1,8,28
2024010529212,2024,010529212,535080,179598,-0.05536,51.49919,3,3,4,13:33,-1,E09000028,3,0,1,0,1,"[19, 99]","[6, 9]","[2, 9]",99,"[0, 9]","[0, 99]",1,0,1,0,0,0,8,28
2024010529213,2024,010529213,528061,181786,-0.15563,51.52048,2,2,3,05:35,-1,E09000033,4,0,1,0,1,99,9,9,99,9,99,0,1,0,0,0,0,8,27
2024010529220,2024,010529220,528551,170227,-0.15277,51.41649,3,3,3,22:15,-1,E09000024,3,2,9,-1,1,99,9,9,99,9,99,1,1,0,0,0,0,8,27
2024010529222,2024,010529222,541615,189073,0.04253,51.58273,3,3,4,15:39,-1,E09000026,6,0,1,0,1,19,5,1,7,0,0,1,0,0,0,0,0,8,28
2024010529223,2024,010529223,523174,196241,-0.22096,51.65148,3,3,5,17:00,-1,E09000003,3,0,9,-1,1,99,9,9,99,9,99,1,0,0,0,0,0,8,22
2024010529224,2024,010529224,530375,182176,-0.12215,51.52346,3,3,2,13:11,-1,E09000007,4,0,1,0,1,99,9,9,99,9,99,1,0,0,0,0,1,8,26
2024010529230,2024,010529230,516885,160491,-0.32365,51.33151,3,3,4,15:49,-1,E09000021,3,0,1,0,2,19,5,1,0,0,0,1,0,1,0,0,0,8,28
2024010529231,2024,010529231,520709,185082,-0.26041,51.55172,3,3,6,12:45,-1,E09000005,3,0,1,0,1,99,9,9,99,9,99,1,0,0,0,0,0,8,23
2024010529234,2024,010529234,521912,186949,-0.24242,51.56824,3,3,4,16:10,-1,E09000005,3,0,1,0,1,"[3, 19]",7,3,0,0,0,1,0,1,0,0,0,8,28
2024010529237,2024,010529237,530630,174234,-0.12141,51.45203,3,3,4,13:30,-1,E09000022,3,0,1,0,1,5,1,5,0,0,0,0,0,0,1,0,0,8,28
2024010529238,2024,010529238,510809,172121,-0.4072,51.43726,3,3,4,16:05,-1,E09000018,6,0,1,0,1,"[19, 9]",5,"[1, 3]",0,0,0,1,1,0,0,0,0,8,28
2024010529240,2024,010529240,537303,189231,-0.0196,51.58522,3,3,4,15:15,-1,E09000031,3,0,1,0,1,"[19, 15]",1,5,0,"[0, 1]",0,0,1,0,1,0,0,8,28
2024010529244,2024,010529244,514418,174050,-0.35468,51.45388,3,3,4,16:35,-1,E09000027,5,0,1,0,1,"[19, 9]","[7, 1]","[3, 7]",0,0,0,1,0,1,0,0,0,8,28
2024010529249,2024,010529249,533059,186482,-0.08186,51.56153,3,3,4,15:05,-1,E09000012,4,0,1,0,1,19,1,5,0,0,0,0,1,0,0,0,1,8,28
2024010529258,2024,010529258,527265,181763,-0.1671,51.52046,3,3,4,18:30,-1,E09000033,3,0,1,0,1,19,3,7,0,0,0,0,0,1,0,0,1,8,28
2024010529264,2024,010529264,531455,183265,-0.10619,51.533,3,3,4,19:50,-1,E09000019,3,0,8,0,1,99,9,9,99,9,99,1,1,0,0,0,0,8,28
2024010529267,2024,010529267,535012,192707,-0.05131,51.617,3,3,6,11:15,-1,E09000010,4,0,1,0,1,99,9,9,99,9,99,1,1,0,0,0,0,8,23
2024010529268,2024,010529268,546262,172552,0.10271,51.4331,3,3,4,20:30,-1,E09000004,3,2,9,0,1,"[4, 5]","[1, 0]",5,0,0,0,1,0,0,0,0,0,8,28
2024010529269,2024,010529269,512260,171912,-0.3864,51.4351,3,3,4,18:55,-1,E09000018,6,0,1,0,1,5,"[2, 6]","[6, 2]",0,0,0,1,0,1,0,0,0,8,28
2024010529272,2024,010529272,545295,183915,0.09348,51.53545,3,3,4,14:25,-1,E09000002,3,0,1,0,1,"[19, 9]","[3, 5]","[7, 3]",0,0,0,1,0,0,0,0,0,8,28
2024010529273,2024,010529273,529596,176442,-0.13548,51.47211,3,3,5,05:10,-1,E09000022,3,2,1,0,1,99,9,9,99,9,99,1,1,0,0,0,0,8,22
2024010529274,2024,010529274,540871,182726,0.02926,51.52588,3,3,4,15:45,-1,E09000025,3,0,1,0,1,99,9,9,99,9,99,1,0,1,0,0,0,8,28
2024010529276,2024,010529276,518508,167059,-0.29818,51.39021,3,3,4,20:04,-1,E09000021,6,2,1,0,1,"[4, 19]","[7, 1]","[3, 5]",0,0,0,1,1,0,0,0,0,8,28
2024010529279,2024,010529279,533221,178741,-0.08245,51.49193,3,3,4,17:33,-1,E09000028,3,0,1,0,1,"[8, 11]",8,"[2, 4]",0,0,0,1,0,0,1,0,0,8,28
2024010529282,2024,010529282,542320,188366,0.05242,51.5762,3,3,3,17:49,-1,E09000026,3,0,1,0,1,"[5, 3]",3,7,0,0,0,1,0,1,0,0,0,8,27
2024010529287,2024,010529287,505259,184247,-0.4834,51.54731,3,3,4,20:24,-1,E09000017,3,2,1,0,1,"[14, 3, 5]","[1, 5, 7]","[5, 1, 3]",0,0,0,1,0,0,1,0,0,8,28
2024010529290,2024,010529290,530581,185785,-0.11784,51.55584,3,3,4,21:05,-1,E09000019,3,2,1,0,1,"[19, 7]",3,"[7, 5]",0,0,0,0,0,1,1,0,0,8,28
2024010529292,2024,010529292,533658,187040,-0.07301,51.5664,3,3,4,18:03,-1,E09000012,3,0,1,0,1,"[6, 5]",1,"[1, 5]",0,0,0,1,0,0,0,0,0,8,28
2024010529293,2024,010529293,532182,176108,-0.09839,51.46851,3,3,4,14:50,-1,E09000022,3,0,1,0,1,"[5, 19]","[1, 3]","[5, 7]",0,0,0,1,1,0,0,0,0,8,28
2024010529294,2024,010529294,531221,197774,-0.10414,51.66343,3,3,3,08:00,-1,E09000010,5,0,1,0,1,99,9,9,99,9,99,1,1,0,0,0,0,8,27
2024010529295,2024,010529295,533150,178519,-0.08355,51.48995,3,3,4,16:30,-1,E09000028,5,0,1,0,1,"[9, 19]","[2, 6]","[8, 2]",0,0,0,1,0,1,0,0,0,8,28
2024010529301,2024,010529301,534453,169965,-0.06805,51.41277,3,3,4,19:05,-1,E09000006,3,0,1,0,1,99,9,9,99,9,99,1,0,0,0,0,0,8,28
2024010529302,2024,010529302,513904,190542,-0.35674,51.60221,3,3,3,14:40,-1,E09000015,5,0,1,0,1,99,9,9,99,9,99,1,1,0,0,0,0,8,27
2024010529303,2024,010529303,523406,181088,-0.22293,51.51525,3,3,4,23:30,-1,E09000013,3,2,1,0,1,"[4, 5]",5,1,0,0,0,1,0,0,0,0,0,8,28
2024010529306,2024,010529306,524456,183232,-0.20705,51.53428,3,3,2,18:30,-1,E09000005,4,0,1,0,1,99,9,9,99,9,99,1,0,1,0,0,0,8,26
2024010529310,2024,010529310,524051,176718,-0.21517,51.47583,2,2,5,00:20,-1,E09000013,3,2,1,0,1,19,1,5,0,0,0,1,1,0,0,0,0,8,29
2024010529312,2024,010529312,531459,177401,-0.10831,51.4803,2,2,4,23:35,-1,E09000022,3,2,1,0,1,"[15, 5]","[7, 3]","[3, 7]",0,"[1, 0]",0,0,1,0,1,0,0,8,28
2024010529313,2024,010529313,543862,186310,0.07381,51.55733,2,2,5,02:00,-1,E09000026,6,2,1,0,1,19,7,3,7,1,1,1,0,0,0,0,0,8,29
2024010529315,2024,010529315,513935,186007,-0.35777,51.56144,2,2,4,23:21,-1,E09000015,3,2,1,0,1,"[2, 7, 19]","[0, 1, 7]","[0, 3]",0,0,0,1,0,0,0,0,0,8,28
2024010529321,2024,010529321,535503,177962,-0.0499,51.48439,3,3,4,18:30,-1,E09000023,6,0,1,0,1,99,9,9,99,9,99,0,1,1,0,0,0,8,28
2024010529326,2024,010529326,530461,176737,-0.12292,51.47456,3,3,7,16:30,-1,E09000022,3,0,9,-1,1,99,9,9,0,9,0,0,1,1,0,0,0,8,17
2024010529329,2024,010529329,545733,178556,0.09758,51.48718,3,3,3,12:40,-1,E09000011,6,0,9,-1,1,99,9,9,99,9,99,1,0,1,0,0,0,8,27
2024010529330,2024,010529330,529473,195421,-0.13026,51.64269,3,3,5,07:49,-1,E09000010,5,0,1,0,1,"[19, 9]","[1, 5]","[5, 3]",0,0,0,1,1,0,0,0,0,8,29
2024010529332,2024,010529332,534564,176779,-0.06386,51.47398,3,3,5,07:55,-1,E09000028,3,0,1,0,1,"[19, 9]","[3, 7]","[7, 5]",0,0,0,1,0,1,0,0,0,8,29
2024010529334,2024,010529334,537752,172956,-0.01948,51.43886,3,3,5,07:00,-1,E09000023,3,0,1,0,1,"[19, 7]","[5, 4]","[1, 7]",0,0,0,1,0,1,0,0,0,8,29
2024010529336,2024,010529336,540029,166192,0.01059,51.37752,3,3,6,12:00,-1,E09000006,5,0,8,0,1,99,9,9,99,9,99,1,0,1,0,0,0,8,23
2024010529340,2024,010529340,546264,172606,0.10276,51.43358,3,3,5,07:50,-1,E09000004,3,0,1,0,1,99,9,9,99,9,99,1,0,1,0,0,0,8,29
2024010529342,2024,010529342,553531,180576,0.21068,51.50327,2,"[2, 3]",5,07:10,-1,E09000016,3,0,1,0,2,"[12, 5]",3,7,0,0,0,1,0,0,1,0,0,8,29
2024010529343,2024,010529343,542172,185599,0.04916,51.55137,3,3,2,21:00,-1,E09000025,3,0,1,0,1,99,9,9,99,9,99,1,0,1,0,0,0,8,26
2024010529345,2024,010529345,526405,180948,-0.17978,51.51333,3,3,7,16:45,-1,E09000033,4,0,9,0,1,5,0,7,0,0,0,1,0,0,0,0,0,6,8
2024010529346,2024,010529346,530011,174212,-0.13032,51.45197,3,3,4,19:35,-1,E09000022,4,0,1,0,1,19,1,5,99,0,0,0,1,1,0,0,0,8,14
2024010529349,2024,010529349,533772,189522,-0.07042,51.58868,2,2,5,04:31,-1,E09000014,3,2,1,0,1,19,5,1,0,"[0, 7]","[0, 3]",1,0,1,0,0,0,8,29
2024010529351,2024,010529351,530516,176495,-0.12222,51.47237,3,3,3,12:45,-1,E09000022,3,0,9,-1,1,"[19, 9]","[1, 5]","[5, 2]",99,9,99,0,1,1,0,0,0,8,20
2024010529353,2024,010529353,534326,168842,-0.0703,51.40271,3,3,4,16:30,-1,E09000008,3,0,8,0,1,99,9,9,99,9,99,1,0,0,0,0,0,8,28
2024010529354,2024,010529354,526921,177486,-0.17359,51.4821,3,3,5,07:45,-1,E09000020,3,0,1,0,1,99,9,9,99,9,99,1,0,0,0,0,0,8,29
2024010529357,2024,010529357,530981,175234,-0.11599,51.46093,3,3,4,17:48,-1,E09000022,3,0,1,0,1,"[19, 12]",9,9,99,9,99,1,0,1,0,0,0,8,28
2024010529361,2024,010529361,528400,175203,-0.15314,51.46125,3,3,5,06:55,-1,E09000032,3,0,1,0,1,4,7,3,11,0,0,1,0,0,0,0,0,8,29
2024010529362,2024,010529362,525187,182259,-0.19686,51.52538,2,2,5,10:08,-1,E09000033,5,0,1,0,1,19,3,7,0,0,0,1,1,0,0,0,0,8,29
2024010529365,2024,010529365,537397,187807,-0.0188,51.5724,3,3,5,07:20,-1,E09000031,3,0,8,0,1,99,9,9,99,9,99,1,1,0,0,0,0,8,29
2024010529366,2024,010529366,509271,187341,-0.42461,51.57436,3,3,5,11:20,-1,E09000017,3,0,1,0,1,1,4,8,0,0,0,1,0,0,0,0,1,8,29
2024010529368,2024,010529368,530046,182204,-0.12688,51.52379,3,3,4,12:40,-1,E09000007,3,0,1,0,1,99,9,9,99,9,99,1,1,0,0,0,0,8,28
2024010529369,2024,010529369,531544,172990,-0.10873,51.44064,3,3,5,06:33,-1,E09000022,6,0,1,0,1,99,9,9,99,9,99,1,1,0,0,0,0,8,29
2024010529372,2024,010529372,542060,183402,0.04666,51.53166,2,2,5,06:58,-1,E09000025,6,0,1,0,1,"[9, 19]","[7, 3]","[5, 7]",0,0,0,1,1,0,0,0,0,8,29
2024010529373,2024,010529373,523974,189469,-0.2118,51.59044,3,3,4,21:10,-1,E09000003,6,2,9,-1,1,99,9,9,99,9,99,1,0,1,0,0,0,8,28
2024010529378,2024,010529378,542829,176686,0.05502,51.47112,3,3,4,18:25,-1,E09000011,3,0,9,-1,1,99,9,9,99,9,99,1,1,0,0,0,0,8,28
2024010529379,2024,010529379,534209,168665,-0.07204,51.40115,3,3,4,17:51,-1,E09000008,3,0,1,0,1,99,9,9,99,9,99,1,0,1,0,0,0,8,28
2024010529384,2024,010529384,519015,177731,-0.28731,51.48602,3,3,5,08:07,-1,E09000027,3,0,1,0,1,"[19, 3]",9,9,99,9,99,1,0,0,0,0,0,8,29
2024010529395,2024,010529395,532500,177490,-0.0933,51.48085,2,2,5,08:25,-1,E09000028,4,0,1,0,1,"[6, 19]",3,"[3, 7]",0,0,0,1,1,0,0,0,0,8,29
2024010529400,2024,010529400,527366,171335,-0.1694,51.42672,3,3,5,08:10,-1,E09000032,3,0,1,0,1,99,9,9,99,9,99,1,1,0,0,0,0,8,29
2024010529402,2024,010529402,552625,175375,0.19539,51.45678,3,3,5,08:04,-1,E09000004,3,0,1,0,1,"[5, 4]",7,3,0,0,0,0,0,0,1,0,0,8,29
2024010529406,2024,010529406,512746,183794,-0.37562,51.54179,3,3,5,13:30,-1,E09000009,3,0,1,0,1,4,4,8,0,0,0,1,0,0,0,0,0,8,29
2024010529408,2024,010529408,547615,184610,0.1272,51.54109,3,3,5,14:30,-1,E09000002,5,0,1,0,1,19,1,5,0,0,0,1,0,0,0,0,1,8,29
2024010529411,2024,010529411,524724,170675,-0.20762,51.42137,3,3,5,08:00,-1,E09000024,4,0,1,0,1,5,5,1,0,0,0,1,0,0,0,0,1,8,29
2024010529412,2024,010529412,552274,182600,0.19346,51.52179,3,3,5,13:21,-1,E09000016,3,0,1,0,2,"[19, 13]",3,7,0,0,0,1,0,0,0,0,0,8,29
2024010529420,2024,010529420,536271,172226,-0.04105,51.43266,2,2,3,11:35,-1,E09000023,4,0,9,-1,1,99,9,9,99,9,99,0,1,0,0,0,0,8,13
2024010529421,2024,010529421,529027,170731,-0.14574,51.42091,3,3,5,14:10,-1,E09000032,3,0,9,-1,1,"[13, 99]",9,9,99,9,99,1,0,1,0,0,0,8,29
2024010529422,2024,010529422,526361,164525,-0.18627,51.36574,3,3,5,12:15,-1,E09000029,6,0,1,0,1,99,9,9,99,9,99,1,1,0,0,0,0,8,29
2024010529424,2024,010529424,539454,165808,0.00219,51.37421,3,3,5,04:10,-1,E09000006,5,0,1,0,1,99,9,9,99,9,99,1,0,0,0,0,0,8,29
2024010529431,2024,010529431,541573,159737,0.0302,51.31913,3,3,5,15:30,-1,E09000006,3,0,1,0,1,4,8,4,0,0,0,1,0,1,0,0,0,8,29
2024010529432,2024,010529432,551228,190407,0.18175,51.59222,3,3,5,17:21,-1,E09000016,3,0,1,0,1,19,"[5, 7]","[1, 3]",0,0,0,1,0,0,0,0,0,8,29
2024010529439,2024,010529439,530888,182311,-0.11471,51.52455,3,3,5,17:07,-1,E09000007,6,0,1,0,1,99,9,9,99,9,99,1,1,0,0,0,0,8,29
2024010529440,2024,010529440,543522,184121,0.06802,51.53775,2,2,5,17:52,-1,E09000025,3,0,1,0,1,4,5,1,0,0,0,1,0,1,0,0,0,8,29
2024010529441,2024,010529441,524389,185148,-0.20734,51.55152,3,3,4,10:00,-1,E09000007,6,0,1,0,1,99,9,9,99,9,99,1,1,0,0,0,0,8,28
2024010529448,2024,010529448,511600,176374,-0.39448,51.47533,3,3,5,15:20,-1,E09000018,3,0,1,0,1,"[19, 3]",3,7,0,0,0,1,0,1,0,0,0,8,29
2024010529449,2024,010529449,505718,181041,-0.47775,51.51841,3,3,5,15:08,-1,E09000017,3,0,1,0,1,"[19, 7]",5,"[1, 8]",0,0,0,1,0,1,0,0,0,8,29
2024010529451,2024,010529451,537146,177629,-0.02638,51.481,3,3,5,15:35,-1,E09000023,3,0,1,0,1,"[14, 9]",1,"[5, 7]",0,0,0,1,0,1,0,0,0,8,29
2024010529453,2024,010529453,531169,183388,-0.11026,51.53417,3,3,5,18:10,-1,E09000019,6,0,1,0,1,"[5, 19]","[5, 7]","[1, 3]",0,0,0,1,1,0,0,0,0,8,29
2024010529457,2024,010529457,531437,184895,-0.10584,51.54765,3,3,5,18:00,-1,E09000019,3,0,1,0,1,"[8, 15]",5,"[7, 1]",0,0,0,1,1,0,0,0,0,8,29
2024010529461,2024,010529461,535016,184833,-0.05428,51.54625,3,3,5,15:50,-1,E09000012,4,0,1,0,1,"[9, 19]","[3, 7]","[8, 3]",0,0,0,1,1,0,0,0,0,8,29
2024010529462,2024,010529462,537347,184514,-0.02081,51.54282,3,3,5,19:15,-1,E09000030,5,0,1,0,1,"[4, 13]",5,1,0,0,0,1,0,1,0,0,0,8,29
2024010529463,2024,010529463,530030,186471,-0.12553,51.56214,3,3,5,14:50,-1,E09000019,3,0,1,0,1,"[19, 13]","[4, 8]","[8, 4]",0,0,0,1,1,1,0,0,0,8,29
2024010529464,2024,010529464,532314,182810,-0.09398,51.52871,3,3,5,19:05,-1,E09000019,3,0,1,0,1,"[9, 19]","[8, 4]","[5, 8]",0,0,0,1,1,0,0,0,0,8,29
2024010529466,2024,010529466,550716,176093,0.16824,51.46375,3,3,5,18:50,-1,E09000004,5,0,1,0,1,"[19, 2]","[3, 7, 0]","[7, 3, 0]","[4, 0]",0,0,1,0,0,0,0,0,8,29
2024010529472,2024,010529472,526360,192120,-0.17642,51.61374,3,3,5,21:20,-1,E09000003,3,2,1,0,1,"[2, 14]","[0, 5]","[0, 1]",0,0,0,1,1,0,0,0,0,8,29
2024010529473,2024,010529473,539457,183984,0.00939,51.53754,3,3,5,18:35,-1,E09000025,4,0,1,0,1,19,5,1,0,0,0,1,0,0,0,0,1,8,29
2024010529474,2024,010529474,533937,168359,-0.07607,51.39846,3,3,5,16:20,-1,E09000008,3,0,1,0,1,99,9,9,99,9,99,1,1,0,0,0,0,8,29
2024010529479,2024,010529479,512384,189077,-0.37915,51.58935,3,3,5,15:18,-1,E09000015,6,0,1,0,1,1,1,5,0,0,0,1,0,0,0,0,1,8,29
2024010529480,2024,010529480,549448,177010,0.15039,51.47232,2,2,5,17:06,-1,E09000004,5,0,1,0,1,"[7, 15]","[3, 1]",5,0,"[0, 1]","[0, 10]",1,0,1,0,0,0,8,29
2024010529481,2024,010529481,525987,177756,-0.18694,51.48473,3,3,5,21:33,-1,E09000020,3,2,1,0,1,19,5,1,0,0,0,1,0,1,0,0,0,8,29
2024010529482,2024,010529482,534035,168449,-0.07462,51.39925,2,2,5,20:25,-1,E09000008,3,0,1,0,1,19,1,5,0,0,0,1,0,0,0,0,1,8,29
2024010529483,2024,010529483,533827,174109,-0.07548,51.45016,3,3,5,20:40,-1,E09000028,3,0,9,0,1,"[10, 19]",4,"[2, 8]",0,0,0,1,1,0,0,0,0,8,29
2024010529484,2024,010529484,526372,185648,-0.17857,51.55557,3,3,4,12:37,-1,E09000007,4,0,1,0,1,"[15, 4]",1,5,"[4, 0]",0,0,1,0,1,0,0,0,8,28
2024010529487,2024,010529487,514774,173650,-0.34969,51.45021,3,3,5,17:09,-1,E09000027,3,0,1,0,1,13,3,7,0,0,0,1,0,0,0,0,1,8,29
2024010529490,2024,010529490,523777,181499,-0.21744,51.51886,3,3,5,21:47,-1,E09000020,4,2,1,0,1,"[19, 13]","[6, 4]","[1, 8]",0,0,0,1,0,1,0,0,0,8,29
2024010529494,2024,010529494,507486,178659,-0.453,51.49666,3,3,5,21:43,-1,E09000017,1,2,1,0,1,99,9,9,99,9,99,1,0,0,0,0,0,8,29
2024010529497,2024,010529497,541115,175620,0.02994,51.46197,2,2,6,01:36,-1,E09000011,3,2,1,0,1,19,8,4,0,"[0, 1]","[0, 11]",1,0,0,0,0,0,8,30
2024010529499,2024,010529499,525232,190759,-0.19319,51.60176,3,3,5,22:10,-1,E09000003,3,2,1,0,1,"[9, 19]","[2, 5]","[8, 1]",0,0,0,1,0,0,0,0,0,8,29
2024010529500,2024,010529500,522231,184779,-0.23857,51.54867,2,2,6,01:37,-1,E09000005,3,2,1,0,1,19,8,4,0,0,0,1,0,0,0,0,1,8,30
2024010529503,2024,010529503,558846,186951,0.29007,51.55908,3,3,6,04:10,-1,E09000016,1,2,1,0,2,19,5,1,0,0,0,1,0,0,0,0,0,8,30
2024010529505,2024,010529505,534093,181495,-0.06885,51.51647,3,3,4,06:50,-1,E09000030,3,0,1,0,1,99,9,9,99,9,99,0,0,1,0,0,1,8,28
2024010529507,2024,010529507,536513,175892,-0.03616,51.46554,3,3,5,09:00,-1,E09000023,4,0,1,0,1,99,9,9,99,9,99,1,0,1,0,0,0,8,29
2024010529510,2024,010529510,523501,179794,-0.22201,51.5036,2,2,5,19:30,-1,E09000013,3,0,1,0,1,99,9,9,99,9,99,1,1,0,0,0,0,8,29
2024010529511,2024,010529511,519402,169586,-0.28449,51.41273,3,3,6,06:45,-1,E09000021,3,0,1,0,1,99,9,9,99,9,99,1,0,0,1,0,0,8,30
2024010529514,2024,010529514,528824,179046,-0.14564,51.49569,3,3,4,09:00,-1,E09000033,6,0,1,0,1,"[3, 99]","[7, 9]","[3, 9]",0,0,0,1,1,0,0,0,0,8,14
2024010529515,2024,010529515,550581,173015,0.16499,51.43613,2,2,5,10:00,-1,E09000004,4,0,1,0,1,99,9,9,99,9,99,1,0,0,0,0,1,8,29
2024010529519,2024,010529519,532802,180306,-0.08789,51.50609,2,2,5,23:00,-1,E09000028,3,2,9,-1,1,99,9,9,99,9,99,1,1,0,0,0,0,8,15
2024010529523,2024,010529523,523672,180297,-0.21938,51.50808,3,3,1,13:40,-1,E09000013,6,0,9,-1,1,"[5, 14]",9,9,99,9,99,1,0,1,0,0,0,8,25
2024010529526,2024,010529526,532779,165667,-0.09371,51.37454,3,3,6,08:19,-1,E09000008,5,0,1,0,1,19,3,7,0,0,0,0,0,1,0,0,1,8,30
2024010529527,2024,010529527,513827,184472,-0.35982,51.54767,3,3,1,16:00,-1,E09000009,6,0,5,-1,1,99,9,9,99,9,99,0,0,0,0,1,1,8,25
2024010529528,2024,010529528,518032,185056,-0.29901,51.55206,3,3,5,16:30,-1,E09000005,3,0,8,0,1,99,9,9,99,9,99,1,0,0,1,0,0,8,29
2024010529529,2024,010529529,531813,171066,-0.10558,51.42329,3,3,4,22:48,-1,E09000022,6,2,9,-1,1,"[9, 14]",9,9,99,9,99,1,0,1,0,0,0,8,28
2024010529532,2024,010529532,537302,169820,-0.02716,51.41079,3,3,5,10:30,-1,E09000006,3,0,1,0,1,99,9,9,99,9,99,1,0,0,0,0,1,8,22
2024010529533,2024,010529533,534834,184823,-0.0569,51.5462,3,3,5,19:00,-1,E09000012,6,0,8,0,1,"[5, 19]",9,9,99,9,99,1,0,1,0,0,0,8,29
2024010529536,2024,010529536,522781,196024,-0.22671,51.64961,3,3,6,10:50,-1,E09000003,3,0,1,0,1,"[3, 19]",3,7,0,"[7, 0]",0,1,0,1,0,0,0,8,30
2024010529539,2024,010529539,542046,179030,0.0447,51.49238,3,3,4,19:05,-1,E09000011,3,0,1,0,1,"[19, 11]",9,9,99,9,99,1,0,1,0,0,0,8,28
2024010529541,2024,010529541,532346,166295,-0.09969,51.38029,3,3,6,09:30,-1,E09000008,3,0,1,0,1,19,1,5,0,0,0,0,0,0,1,0,0,8,30
2024010529542,2024,010529542,529691,180748,-0.13253,51.51078,3,3,5,00:16,-1,E09000033,6,2,1,0,1,1,9,9,99,9,99,1,0,0,0,0,1,8,29
2024010529543,2024,010529543,538672,184388,-0.00176,51.54136,3,3,5,15:15,-1,E09000025,3,0,9,-1,1,99,9,9,99,9,99,0,0,0,1,0,1,8,22
2024010529544,2024,010529544,540235,183525,0.02042,51.53322,3,3,6,10:05,-1,E09000025,6,0,1,0,1,"[3, 19]",7,3,0,0,0,1,0,1,0,0,0,8,30
2024010529546,2024,010529546,524600,179022,-0.20646,51.49642,3,3,5,17:40,-1,E09000020,3,0,9,0,1,99,9,9,0,0,0,1,1,0,0,0,0,8,29
2024010529554,2024,010529554,528924,172452,-0.1466,51.4364,3,3,6,11:35,-1,E09000032,5,0,1,0,1,19,1,5,"[7, 0]",0,0,1,0,0,0,0,0,8,30
2024010529561,2024,010529561,525043,178613,-0.20023,51.49264,3,3,6,12:40,-1,E09000020,3,0,1,0,1,19,5,1,0,0,0,0,0,0,1,0,0,8,30
2024010529565,2024,010529565,552191,184133,0.19292,51.53559,3,3,6,12:42,-1,E09000016,6,0,1,0,1,5,5,1,0,0,0,1,0,0,0,0,0,8,30
2024010529569,2024,010529569,531146,192880,-0.10705,51.61947,3,3,5,17:10,-1,E09000010,3,2,9,-1,1,99,9,9,"[0, 99]",9,"[99, 0]",1,0,1,0,0,0,8,29