collision_index,collision_year,collision_ref_no,location_easting_osgr,location_northing_osgr,longitude,latitude,casualty_severity,casualty_severity,day_of_week,time,local_authority_district,local_authority_ons_district,first_road_class,light_conditions,weather_conditions,road_surface_conditions,urban_or_rural_area,vehicle_manoeuvre,vehicle_direction_from,vehicle_direction_to,hit_object_in_carriageway,vehicle_leaving_carriageway,hit_object_off_carriageway,is_car,is_cyle,is_mcyle,is_goodsv,is_other,is_pedestrian,month,day
2024010530513,2024,010530513,539344,181491,0.00678,51.51516,2,2,5,08:10,-1,E09000025,3,0,1,1,2,19,3,7,0,0,0,1,0,1,0,0,0,9,5
2024010530516,2024,010530516,525350,195848,-0.18966,51.64746,3,3,5,07:20,-1,E09000003,3,0,2,1,1,4,4,8,0,0,0,1,0,0,0,0,0,9,5
2024010530518,2024,010530518,535177,169284,-0.0579,51.40648,2,2,5,12:36,-1,E09000006,3,0,2,1,1,"[9, 13]",4,"[1, 8]",0,0,0,1,0,1,0,0,0,9,5
2024010530520,2024,010530520,526519,172499,-0.18116,51.43737,2,2,5,07:50,-1,E09000032,5,0,2,1,1,19,1,5,0,0,0,1,0,0,0,0,1,9,5
2024010530521,2024,010530521,546671,176643,0.11028,51.46975,2,2,5,13:32,-1,E09000004,3,0,8,1,1,19,3,7,0,0,0,1,0,0,0,0,1,9,5
2024010530530,2024,010530530,520204,184064,-0.26804,51.54268,3,3,4,16:00,-1,E09000005,3,0,1,0,1,99,9,9,99,9,99,0,0,1,0,1,0,9,4
2024010530534,2024,010530534,553125,187793,0.20797,51.56822,3,3,4,14:40,-1,E09000016,6,0,1,0,1,6,3,3,0,0,0,1,0,0,0,0,1,9,4
2024010530535,2024,010530535,525270,174854,-0.19829,51.45881,3,3,1,23:15,-1,E09000032,3,2,1,0,1,99,9,9,99,9,99,1,1,0,0,0,0,9,1
2024010530549,2024,010530549,537753,175915,-0.01831,51.46545,2,"[2, 3]",5,19:10,-1,E09000023,3,0,2,1,1,19,"[8, 2]","[4, 6]",0,0,0,0,0,1,1,0,1,9,5
2024010530550,2024,010530550,533670,187790,-0.07255,51.57314,3,3,5,17:30,-1,E09000012,3,0,1,0,1,19,5,1,0,0,0,0,0,1,0,0,1,9,5
2024010530553,2024,010530553,535156,185349,-0.05206,51.55085,3,3,5,19:25,-1,E09000012,3,2,2,1,1,3,7,3,0,0,0,1,0,0,0,0,0,9,5
2024010530556,2024,010530556,526596,182195,-0.17658,51.52449,2,2,5,18:20,-1,E09000033,3,0,1,0,1,9,5,3,0,0,0,1,0,0,0,0,1,9,5
2024010530559,2024,010530559,534712,179530,-0.06068,51.49866,3,3,4,21:06,-1,E09000028,3,2,1,0,1,99,9,9,99,9,99,0,1,0,0,0,0,9,4
2024010530562,2024,010530562,524998,163836,-0.20608,51.35985,3,3,5,15:38,-1,E09000029,3,0,2,1,1,"[5, 3]","[3, 5, 1]","[7, 1, 5]",0,0,0,1,0,0,0,0,0,9,5
2024010530565,2024,010530565,516490,180381,-0.32279,51.51036,3,3,5,20:15,-1,E09000009,3,2,1,0,1,99,9,9,99,9,99,1,0,0,0,0,1,9,5
2024010530566,2024,010530566,550191,184320,0.16419,51.53781,3,3,5,03:39,-1,E09000002,4,0,2,1,1,99,9,9,99,9,99,0,1,0,0,0,0,9,5
2024010530567,2024,010530567,527539,173047,-0.1663,51.44207,3,3,5,16:30,-1,E09000032,3,0,1,1,1,"[15, 19]","[2, 5]","[6, 1]",0,0,0,1,0,1,0,0,0,9,5
2024010530569,2024,010530569,530505,181326,-0.12059,51.51579,2,2,5,21:12,-1,E09000007,6,2,2,1,1,19,3,7,0,0,0,1,1,0,0,0,0,9,5
2024010530572,2024,010530572,530926,166902,-0.11986,51.38607,2,"[2, 3]",5,20:54,-1,E09000008,6,2,2,1,1,19,5,1,0,0,0,1,0,0,0,0,1,9,5
2024010530575,2024,010530575,550052,175138,0.15829,51.45534,3,3,5,14:56,-1,E09000004,6,0,2,1,1,"[5, 1]",1,5,"[4, 0]",0,0,1,0,0,0,0,0,9,5
2024010530576,2024,010530576,538174,175179,-0.01254,51.45873,3,3,5,22:15,-1,E09000023,3,2,2,1,1,"[14, 6]",1,"[5, 1]",0,0,0,1,0,0,1,0,0,9,5
2024010530579,2024,010530579,529618,174647,-0.13582,51.45597,3,3,5,18:35,-1,E09000022,6,0,1,0,1,"[13, 19]",9,9,99,9,99,1,1,0,0,0,0,9,5
2024010530581,2024,010530581,524807,165131,-0.20837,51.37153,3,3,5,20:54,-1,E09000029,3,2,2,1,1,"[19, 9]",5,"[1, 2]",0,0,0,1,0,0,0,1,0,9,5
2024010530583,2024,010530583,528016,181917,-0.15623,51.52167,3,3,5,19:52,-1,E09000033,6,2,2,1,1,5,7,3,0,0,0,1,0,0,0,0,1,9,5
2024010530585,2024,010530585,545767,184413,0.10049,51.5398,3,3,5,19:05,-1,E09000002,5,0,1,0,1,19,1,5,0,0,0,1,0,0,0,0,0,9,5
2024010530588,2024,010530588,533214,176711,-0.08331,51.47369,3,3,5,22:00,-1,E09000028,3,2,2,1,1,19,7,3,0,0,0,1,1,0,0,0,0,9,5
2024010530592,2024,010530592,534380,187432,-0.06245,51.56975,3,3,5,20:50,-1,E09000012,3,2,8,1,1,19,5,1,0,0,0,1,0,0,0,0,1,9,5
2024010530593,2024,010530593,523312,189229,-0.22143,51.58843,3,3,5,17:03,-1,E09000003,3,0,1,0,1,"[2, 4]","[0, 7]","[0, 3]",4,"[0, 7]","[0, 4]",1,0,0,0,0,0,9,5
2024010530594,2024,010530594,530018,198907,-0.1211,51.67389,2,2,5,21:05,-1,E09000010,3,2,1,0,2,13,8,4,10,1,2,1,0,0,0,0,0,9,5
2024010530596,2024,010530596,541805,188259,0.04495,51.57537,3,3,5,21:15,-1,E09000026,3,2,2,1,2,99,9,9,99,9,99,1,0,0,0,0,0,9,5
2024010530598,2024,010530598,538990,184264,0.00277,51.54017,3,3,5,22:35,-1,E09000025,3,2,2,1,1,99,9,9,99,9,99,1,1,0,0,0,0,9,5
2024010530604,2024,010530604,533854,181335,-0.07235,51.51509,3,3,5,22:10,-1,E09000030,3,2,2,1,1,"[3, 1]",3,7,0,0,0,1,0,1,0,0,0,9,5
2024010530606,2024,010530606,524847,189418,-0.19922,51.58979,3,3,6,03:50,-1,E09000003,3,2,1,0,1,"[3, 4]",7,3,0,0,0,1,0,0,0,0,0,9,6
2024010530607,2024,010530607,538307,181132,-0.0083,51.51219,3,3,6,04:45,-1,E09000030,3,2,1,0,1,99,9,9,99,9,99,1,0,0,0,0,0,9,6
2024010530608,2024,010530608,539431,184567,0.00925,51.54278,3,3,6,05:40,-1,E09000025,3,0,9,0,1,19,"[6, 4]","[2, 8]",0,0,0,1,0,0,0,0,0,9,6
2024010530611,2024,010530611,526316,178718,-0.18186,51.4933,3,3,5,12:20,-1,E09000020,5,0,9,-1,1,99,9,9,"[8, 99]",9,99,1,0,1,0,0,0,9,5
2024010530620,2024,010530620,546411,165253,0.10184,51.36747,3,3,5,19:20,-1,E09000006,6,0,2,1,1,99,9,9,99,9,99,1,0,0,0,0,0,9,5
2024010530621,2024,010530621,529736,160966,-0.13912,51.333,3,3,6,08:00,-1,E09000008,3,0,1,1,1,"[19, 9]","[5, 3]",1,0,"[1, 0]","[2, 0]",1,0,0,0,0,0,9,6
2024010530625,2024,010530625,518213,180839,-0.29782,51.51412,3,3,5,17:15,-1,E09000009,6,0,1,1,1,99,9,9,99,9,99,0,0,1,0,1,0,9,5
2024010530626,2024,010530626,529866,185126,-0.1284,51.55009,3,3,2,23:00,-1,E09000019,6,2,2,1,1,99,9,9,99,9,99,1,0,0,0,0,0,8,5
2024010530634,2024,010530634,547730,187918,0.13024,51.57078,3,3,5,16:00,-1,E09000002,3,0,1,0,1,99,9,9,"[99, 0]","[9, 0]","[99, 0]",1,0,0,0,1,0,9,5
2024010530640,2024,010530640,528070,188193,-0.15317,51.57806,3,3,6,09:15,-1,E09000014,4,0,1,0,1,5,4,8,0,0,0,1,0,0,0,0,1,9,6
2024010530644,2024,010530644,532563,171034,-0.09481,51.42282,3,3,6,01:15,-1,E09000022,3,2,2,1,1,"[1, 19]",9,9,99,9,99,1,0,0,0,0,0,9,6
2024010530654,2024,010530654,532015,187585,-0.0965,51.57169,2,2,6,10:47,-1,E09000012,3,0,1,0,1,19,1,5,0,"[2, 0]","[10, 0]",1,0,0,0,0,1,9,6
2024010530655,2024,010530655,509045,190906,-0.42676,51.60644,2,"[3, 2]",6,10:08,-1,E09000017,3,0,8,1,2,19,3,7,0,1,11,1,0,0,0,0,1,9,6
2024010530657,2024,010530657,527546,185449,-0.16172,51.55352,3,3,6,12:05,-1,E09000007,4,0,1,0,1,"[9, 15]",3,"[1, 7]",0,"[0, 1]","[0, 10]",1,0,1,0,0,0,9,6
2024010530667,2024,010530667,516687,179911,-0.3201,51.50609,3,3,5,14:21,-1,E09000009,6,0,1,-1,1,99,9,9,99,9,99,1,1,0,0,0,0,9,5
2024010530668,2024,010530668,514063,186152,-0.35587,51.56272,3,3,6,11:48,-1,E09000015,3,0,8,1,1,-1,4,8,0,0,0,1,0,0,0,0,1,9,6
2024010530669,2024,010530669,536595,183017,-0.03222,51.52955,3,3,5,13:50,-1,E09000030,6,0,1,0,1,99,9,9,99,9,99,1,1,0,0,0,0,9,5
2024010530670,2024,010530670,530852,186360,-0.11372,51.56095,3,3,6,11:30,-1,E09000019,3,0,1,0,1,99,9,9,99,0,0,1,0,0,0,0,1,9,6
2024010530672,2024,010530672,523943,178689,-0.21604,51.49357,3,3,5,17:10,-1,E09000013,3,0,1,1,1,"[11, 19]",9,9,99,9,99,1,1,0,0,0,0,9,5
2024010530675,2024,010530675,523768,188086,-0.21526,51.57806,3,3,6,08:54,-1,E09000003,6,0,1,0,1,"[3, 5]","[5, 7]","[1, 3]",0,0,0,1,1,0,0,0,0,9,6
2024010530678,2024,010530678,538646,189118,-0.00027,51.58387,3,3,6,12:40,-1,E09000031,4,0,9,-1,1,99,9,9,99,9,99,1,0,0,0,0,1,9,6
2024010530680,2024,010530680,524760,178093,-0.20448,51.48803,2,2,6,12:36,-1,E09000013,4,0,2,1,1,"[3, 19]",3,7,0,0,0,1,0,0,0,0,0,9,6
2024010530687,2024,010530687,536164,181079,-0.03918,51.51224,3,3,6,15:07,-1,E09000030,6,0,2,0,1,99,9,9,99,9,99,1,1,0,0,0,0,9,6
2024010530695,2024,010530695,527000,178326,-0.17216,51.48963,3,3,4,14:44,-1,E09000020,6,0,1,0,1,99,9,9,99,9,99,1,1,0,0,0,0,9,4
2024010530698,2024,010530698,513653,188739,-0.36095,51.58605,3,3,6,15:39,-1,E09000015,3,0,1,0,1,19,8,4,0,3,0,1,0,0,0,0,1,9,6
2024010530700,2024,010530700,526882,177473,-0.17416,51.48199,3,3,6,16:14,-1,E09000020,3,0,1,0,1,"[5, 19]",9,9,99,9,99,1,1,0,0,0,0,9,6
2024010530701,2024,010530701,533911,190714,-0.06796,51.59936,2,2,2,18:30,-1,E09000014,3,0,9,-1,1,99,9,9,99,9,99,1,1,0,0,0,0,9,2
2024010530703,2024,010530703,532596,197496,-0.08437,51.66061,3,3,6,12:00,-1,E09000010,6,0,1,-1,1,99,9,9,99,9,99,1,0,0,0,0,1,9,6
2024010530708,2024,010530708,529971,180873,-0.12845,51.51184,3,3,5,21:00,-1,E09000033,3,2,1,0,1,99,9,9,99,9,99,0,1,0,0,0,1,9,5
2024010530715,2024,010530715,539138,185677,0.00546,51.55283,2,2,6,16:50,-1,E09000031,3,0,1,0,1,"[19, 7]","[5, 4]","[1, 5]",0,0,0,1,0,0,0,0,0,9,6
2024010530716,2024,010530716,549499,191003,0.15706,51.59804,2,2,6,08:08,-1,E09000016,4,0,1,0,1,99,9,9,0,0,0,1,1,0,0,0,0,9,6
2024010530717,2024,010530717,531140,187681,-0.10908,51.57275,3,3,6,16:00,-1,E09000014,6,0,9,0,1,99,9,9,99,9,99,1,0,0,0,1,0,9,6
2024010530718,2024,010530718,532112,166139,-0.10311,51.37894,3,3,6,17:55,-1,E09000008,3,0,1,0,1,19,5,1,0,0,0,1,0,0,0,0,1,9,6
2024010530721,2024,010530721,522421,179362,-0.23772,51.49995,3,3,6,18:38,-1,E09000013,3,0,1,0,1,99,9,9,99,9,99,1,1,0,0,0,0,7,26
2024010530722,2024,010530722,546645,175807,0.10956,51.46225,2,"[3, 2]",6,17:30,-1,E09000004,3,0,2,1,1,"[15, 6]","[7, 3]",3,0,0,0,1,0,1,0,0,0,9,6
2024010530725,2024,010530725,531269,189562,-0.10652,51.58963,2,2,6,14:22,-1,E09000014,3,0,1,0,1,19,2,6,0,0,0,1,0,0,0,0,1,9,6
2024010530726,2024,010530726,532729,178650,-0.08957,51.49123,3,3,6,16:05,-1,E09000028,5,0,1,0,1,19,4,8,0,0,0,1,0,0,0,0,1,9,6
2024010530727,2024,010530727,544620,177773,0.08124,51.48043,2,2,6,14:10,-1,E09000011,5,0,1,0,1,"[19, 4]","[1, 3]","[5, 7]",0,0,0,1,0,1,0,0,0,9,6
2024010530728,2024,010530728,514615,189500,-0.34682,51.5927,3,3,6,14:17,-1,E09000015,5,2,1,1,1,19,3,7,0,0,0,1,0,0,0,0,1,9,6
2024010530729,2024,010530729,535280,177271,-0.05337,51.47823,3,3,6,16:01,-1,E09000028,3,0,1,1,1,12,7,3,0,0,0,1,1,0,0,0,0,9,6
2024010530730,2024,010530730,525815,181357,-0.18813,51.51713,3,3,6,16:57,-1,E09000033,4,0,1,0,1,19,3,7,0,0,0,1,0,0,0,0,1,9,6
2024010530733,2024,010530733,509752,181999,-0.41933,51.52625,3,3,5,17:35,-1,E09000017,6,0,1,0,1,99,9,9,99,9,99,0,0,1,0,0,0,9,5
2024010530742,2024,010530742,515740,190098,-0.33039,51.59784,3,3,6,15:45,-1,E09000015,5,0,1,0,1,"[7, 5, 3]",5,"[7, 1]",0,0,0,1,0,1,0,0,0,9,6
2024010530743,2024,010530743,528550,181128,-0.14882,51.51446,3,3,6,18:35,-1,E09000033,3,0,1,1,1,19,7,3,0,1,0,1,0,0,0,0,1,9,6
2024010530744,2024,010530744,530215,177861,-0.12605,51.48472,3,3,6,16:16,-1,E09000022,3,0,1,0,1,"[5, 11]",7,3,0,0,0,1,1,0,0,0,0,9,6
2024010530745,2024,010530745,528188,189629,-0.15094,51.59094,3,3,6,14:53,-1,E09000014,3,0,1,0,1,19,7,3,0,0,0,0,0,0,1,0,0,9,6
2024010530746,2024,010530746,535843,178494,-0.0448,51.48908,3,3,6,16:45,-1,E09000023,4,0,8,0,1,"[19, 13]",5,1,0,0,0,1,0,1,0,0,0,9,6
2024010530747,2024,010530747,533857,195781,-0.06681,51.6449,3,3,6,19:59,-1,E09000010,6,2,1,0,1,"[9, 5]","[7, 5]","[5, 1]",0,0,0,1,1,0,0,0,0,9,6
2024010530749,2024,010530749,549958,176307,0.15743,51.46587,3,3,6,20:46,-1,E09000004,3,2,1,0,1,8,1,3,0,0,0,1,0,0,0,0,1,9,6
2024010530751,2024,010530751,530015,167349,-0.13278,51.3903,2,2,6,16:13,-1,E09000008,3,0,1,1,1,9,3,1,0,0,0,1,0,0,0,0,1,9,6
2024010530754,2024,010530754,540170,184897,0.02003,51.54557,2,2,6,17:55,-1,E09000025,6,2,2,0,1,-1,"[1, 3]","[5, 7]",0,0,0,1,0,1,0,0,0,9,6
2024010530756,2024,010530756,528992,183884,-0.14145,51.53913,2,2,6,20:15,-1,E09000007,3,2,1,0,1,9,7,5,0,0,0,1,0,0,0,0,1,9,6
2024010530758,2024,010530758,525767,195881,-0.18363,51.64767,3,3,6,19:10,-1,E09000003,3,0,1,-1,1,99,9,9,99,9,99,1,1,0,0,0,0,9,6
2024010530761,2024,010530761,534017,185171,-0.06855,51.54952,3,3,6,20:30,-1,E09000012,5,2,1,0,1,19,"[5, 3]","[1, 7]",0,0,0,1,1,0,0,0,0,9,6
2024010530762,2024,010530762,540342,169599,0.01643,51.40806,3,3,6,21:20,-1,E09000006,3,2,1,0,1,19,1,5,0,7,0,1,0,0,0,0,1,9,6
2024010530765,2024,010530765,525323,190860,-0.19184,51.60264,3,3,6,19:51,-1,E09000003,3,2,1,0,1,-1,1,5,0,0,0,0,0,0,1,0,1,9,6
2024010530768,2024,010530768,528744,185560,-0.14441,51.55424,3,3,5,03:32,-1,E09000007,4,2,1,0,1,19,"[1, 3]","[5, 7]",0,0,0,1,0,0,0,0,0,9,5
2024010530770,2024,010530770,547030,168418,0.11204,51.39575,2,2,6,18:32,-1,E09000006,3,0,2,1,1,"[9, 19]","[7, 5]","[4, 1]",0,0,0,1,0,1,0,0,0,9,6
2024010530773,2024,010530773,549082,184229,0.14817,51.53728,3,3,6,20:30,-1,E09000002,3,2,1,1,1,"[99, 19]","[9, 5]","[9, 1]","[99, 0]","[9, 0]","[99, 0]",1,0,0,0,0,0,9,6
2024010530774,2024,010530774,533747,182326,-0.07352,51.52402,3,3,6,23:45,-1,E09000030,3,2,1,0,1,"[5, 19]","[0, 3]",7,0,0,0,1,1,0,0,0,0,9,6
2024010530786,2024,010530786,543376,186282,0.06679,51.55721,3,3,7,02:50,-1,E09000026,3,2,1,0,1,"[6, 19]",1,"[1, 5]",0,0,0,1,0,0,0,0,0,9,7
2024010530789,2024,010530789,527299,185136,-0.16539,51.55076,3,3,7,02:58,-1,E09000007,3,2,1,0,1,"[15, 2, 14]","[5, 0]","[1, 0]","[4, 0]",0,0,1,0,0,1,0,0,9,7
2024010530791,2024,010530791,530442,180369,-0.12185,51.50721,2,2,7,04:45,-1,E09000033,3,2,1,0,1,19,1,5,0,0,0,1,0,0,0,0,1,9,7
2024010530793,2024,010530793,529853,168609,-0.13465,51.40166,2,2,7,04:55,-1,E09000024,5,2,1,1,1,99,9,9,99,9,99,0,0,0,0,1,1,9,7
2024010530796,2024,010530796,526817,178820,-0.17461,51.49411,2,2,6,17:15,-1,E09000020,3,0,1,0,1,99,9,9,99,9,99,0,1,0,0,0,1,9,6
2024010530800,2024,010530800,523362,182706,-0.223,51.5298,2,2,7,09:14,-1,E09000005,3,0,1,0,1,"[6, 19]","[3, 7]",3,0,0,0,1,1,0,0,0,0,9,7
2024010530802,2024,010530802,525813,176995,-0.18972,51.47793,3,3,6,14:54,-1,E09000013,3,0,9,-1,1,"[9, 14]",9,9,99,9,99,1,0,1,0,0,0,9,6
2024010530803,2024,010530803,525279,181387,-0.19584,51.51752,3,3,6,19:24,-1,E09000033,5,0,2,-1,1,99,9,9,99,9,99,1,0,0,0,0,0,9,6
2024010530808,2024,010530808,521465,181480,-0.25075,51.51919,3,3,6,19:51,-1,E09000009,5,0,2,1,1,99,9,9,99,9,99,0,1,0,1,0,0,9,6
2024010530820,2024,010530820,530992,178126,-0.11476,51.48692,3,3,7,10:39,-1,E09000022,3,0,1,0,1,"[6, 19]",5,"[5, 1]",0,0,0,1,0,1,0,0,0,9,7
2024010530833,2024,010530833,523234,178409,-0.22634,51.49121,2,2,5,18:25,-1,E09000013,3,0,8,0,1,19,7,3,"[10, 0]",0,0,1,0,1,0,0,0,9,5
2024010530835,2024,010530835,539889,182316,0.01495,51.52244,3,3,6,11:40,-1,E09000025,6,0,1,0,1,99,9,9,99,9,99,1,0,1,0,0,0,9,6
2024010530837,2024,010530837,525568,172980,-0.19467,51.4419,3,3,7,13:29,-1,E09000032,6,0,1,0,1,"[11, 19]",9,9,99,9,99,1,1,0,0,0,0,9,7
2024010530839,2024,010530839,525668,174420,-0.19272,51.45482,3,3,7,11:30,-1,E09000032,3,0,1,0,1,5,5,1,0,0,0,0,1,0,0,0,1,9,7
2024010530843,2024,010530843,525035,184128,-0.19839,51.54221,3,3,7,13:30,-1,E09000005,3,0,1,0,1,"[19, 9]","[5, 3]",1,0,0,0,1,0,1,0,0,0,9,7
2024010530845,2024,010530845,528939,171877,-0.14659,51.43123,3,3,7,10:37,-1,E09000032,3,0,1,0,1,99,9,9,99,9,99,1,0,0,0,0,0,9,7
2024010530847,2024,010530847,522127,183380,-0.24056,51.53612,3,3,7,13:35,-1,E09000005,6,0,1,0,1,99,9,9,99,9,99,1,0,0,0,0,0,9,7
2024010530850,2024,010530850,550132,191256,0.1663,51.60014,3,3,7,14:35,-1,E09000016,4,0,1,0,1,19,3,7,0,0,0,1,0,0,0,0,1,9,7
2024010530851,2024,010530851,533825,174114,-0.0755,51.4502,3,3,6,16:40,-1,E09000028,3,0,9,-1,1,99,9,9,99,9,99,1,0,1,0,0,0,9,6
2024010530852,2024,010530852,509394,186784,-0.42301,51.56933,3,3,6,18:30,-1,E09000017,3,0,1,0,1,99,9,9,99,9,99,1,0,0,0,0,1,9,6
2024010530854,2024,010530854,516789,182886,-0.31765,51.53281,3,3,7,13:30,-1,E09000009,3,0,1,0,1,99,9,9,99,9,99,1,0,0,0,0,0,9,7
2024010530855,2024,010530855,527940,169551,-0.16179,51.41056,3,3,7,09:02,-1,E09000024,3,0,1,0,1,"[3, 19]",6,2,0,0,0,1,0,0,0,0,0,9,7
2024010530865,2024,010530865,529487,162473,-0.14214,51.3466,3,3,6,15:59,-1,E09000029,6,0,9,-1,1,99,9,9,99,9,99,1,0,1,0,0,0,9,6
2024010530868,2024,010530868,531435,186758,-0.10517,51.56439,3,3,3,12:50,-1,E09000019,3,0,9,-1,1,99,9,9,99,9,99,1,0,1,0,0,0,9,3
2024010530872,2024,010530872,549044,184870,0.1479,51.54305,2,2,7,15:00,-1,E09000002,3,0,1,0,1,"[9, 19]","[3, 7]","[1, 3]",0,0,0,1,0,1,0,0,0,9,7
2024010530876,2024,010530876,553600,193075,0.21713,51.61555,3,3,7,15:08,-1,E09000016,5,0,1,0,1,"[19, 9]","[1, 5]","[5, 2]",0,0,0,1,0,0,0,0,0,9,7
2024010530879,2024,010530879,513982,172415,-0.36148,51.43927,3,3,4,17:20,-1,E09000027,3,0,1,0,1,99,9,9,99,9,99,1,1,0,0,0,0,9,4
2024010530880,2024,010530880,510399,181194,-0.41026,51.51889,3,3,4,10:45,-1,E09000017,3,0,1,0,1,99,9,9,99,0,0,1,0,0,0,0,1,8,28
2024010530884,2024,010530884,544400,185817,0.08136,51.55277,2,2,6,15:55,-1,E09000026,6,0,1,0,1,99,9,9,"[8, 99]",9,99,1,0,1,0,0,0,9,6
2024010530885,2024,010530885,536805,186687,-0.02777,51.56248,3,3,7,15:59,-1,E09000031,3,0,1,0,1,19,"[5, 1]","[1, 5]",0,"[0, 1]",0,1,0,0,0,0,0,9,7
2024010530888,2024,010530888,511034,180906,-0.40121,51.51617,3,3,7,16:39,-1,E09000017,3,0,1,0,1,19,3,7,0,0,0,1,0,0,0,0,0,9,7
2024010530890,2024,010530890,534694,193686,-0.05552,51.62588,3,3,7,17:47,-1,E09000010,6,0,1,0,1,"[4, 19]",5,1,0,0,0,1,0,0,0,0,0,9,7
2024010530891,2024,010530891,541321,184673,0.03653,51.54327,3,3,7,16:30,-1,E09000025,6,0,1,0,1,9,7,5,0,0,0,1,0,0,0,0,1,9,7
2024010530894,2024,010530894,526567,164974,-0.18316,51.36973,3,3,7,18:48,-1,E09000029,5,0,1,1,1,19,"[3, 5]","[7, 1]",0,0,0,1,1,0,0,0,0,9,7
2024010530895,2024,010530895,532218,194809,-0.09085,51.63656,3,3,7,19:43,-1,E09000010,5,2,1,0,1,9,3,8,0,0,0,1,0,0,0,0,1,9,7
2024010530897,2024,010530897,527613,181118,-0.16232,51.51458,3,3,7,17:07,-1,E09000033,3,0,1,0,1,19,5,1,0,0,0,0,0,1,0,0,1,9,7
2024010530899,2024,010530899,542864,182493,0.05788,51.52329,3,3,7,07:30,-1,E09000025,3,0,9,-1,1,99,9,9,99,9,99,1,0,0,0,0,0,9,7
2024010530900,2024,010530900,534289,180704,-0.06633,51.50932,2,"[3, 2]",7,16:14,-1,E09000030,3,0,1,0,1,"[19, 6]","[7, 3]",3,0,0,0,1,0,1,0,0,0,9,7
2024010530903,2024,010530903,533882,168330,-0.07687,51.39821,2,2,7,20:10,-1,E09000008,3,2,1,0,1,7,8,2,0,0,0,0,0,1,0,0,1,9,7
2024010530904,2024,010530904,524480,182318,-0.20703,51.52606,2,2,7,17:30,-1,E09000020,5,0,1,0,1,19,7,3,0,0,0,0,0,0,0,0,0,9,7
2024010530910,2024,010530910,531803,188478,-0.09922,51.57976,3,3,7,20:25,-1,E09000014,3,2,1,0,1,"[19, 5]",5,1,0,0,0,1,0,1,0,0,0,9,7
2024010530912,2024,010530912,525735,164785,-0.19517,51.36822,3,3,7,20:25,-1,E09000029,4,2,1,0,1,"[2, 1]","[0, 1]","[0, 5]",0,0,0,1,0,0,0,0,0,9,7
2024010530913,2024,010530913,527507,171430,-0.16734,51.42754,3,3,2,12:35,-1,E09000032,3,0,9,-1,1,19,8,4,0,0,0,0,0,0,1,0,0,8,26
2024010530916,2024,010530916,528760,176940,-0.14732,51.47677,2,2,2,21:00,-1,E09000032,3,2,1,0,1,99,9,9,99,9,99,0,0,1,0,0,1,9,2
2024010530919,2024,010530919,522072,184985,-0.24079,51.55056,3,3,7,16:00,-1,E09000005,3,0,1,0,1,99,9,9,99,9,99,1,1,0,0,0,0,9,7
2024010530921,2024,010530921,538955,173353,-0.00202,51.44213,3,3,7,17:05,-1,E09000023,5,0,1,0,1,5,5,1,0,0,0,1,1,0,0,0,0,9,7
2024010530922,2024,010530922,523856,185639,-0.21485,51.55605,3,3,7,15:02,-1,E09000005,3,0,1,0,1,19,4,8,0,0,0,1,0,0,0,0,1,9,7
2024010530924,2024,010530924,525145,176406,-0.19954,51.47279,3,3,7,22:10,-1,E09000013,3,2,1,0,1,99,9,9,99,9,99,1,0,0,0,0,1,9,7
2024010530927,2024,010530927,505899,178372,-0.47594,51.49438,2,2,7,19:59,-1,E09000017,1,2,1,0,2,19,3,7,0,0,0,1,0,0,0,0,1,9,7
2024010530928,2024,010530928,532572,180038,-0.0913,51.50374,3,3,7,21:05,-1,E09000028,3,2,1,0,1,"[5, 19]","[0, 2]","[5, 6]",0,0,0,1,1,0,0,0,0,9,7
2024010530931,2024,010530931,540300,170998,0.01638,51.42064,3,3,7,21:42,-1,E09000006,6,2,9,1,1,19,4,8,0,0,0,1,0,0,0,0,1,9,7
2024010530932,2024,010530932,551694,177748,0.18302,51.47836,3,3,7,18:35,-1,E09000004,6,0,1,0,1,19,3,7,10,7,11,1,0,0,0,0,0,9,7
2024010530936,2024,010530936,521540,189553,-0.24689,51.59173,3,3,7,20:48,-1,E09000003,3,2,1,0,1,"[2, 19]","[0, 7]","[0, 3]","[0, 4, 10]",0,0,1,0,0,0,0,0,9,7
2024010530937,2024,010530937,529382,165055,-0.14271,51.36982,3,3,7,17:44,-1,E09000029,3,0,1,0,1,99,9,9,99,9,99,1,0,0,0,0,0,9,7
2024010530942,2024,010530942,520213,182055,-0.26859,51.52462,3,3,7,23:30,-1,E09000009,3,2,1,0,1,19,7,3,0,0,0,1,0,0,0,0,0,9,7
2024010530950,2024,010530950,523001,180053,-0.22912,51.50603,3,3,7,21:30,-1,E09000013,3,2,1,0,1,"[7, 9]","[1, 4]","[4, 1]",0,"[0, 1]",0,1,0,1,0,0,0,9,7
2024010530952,2024,010530952,524121,178374,-0.21358,51.4907,3,3,1,02:18,-1,E09000013,3,2,2,1,1,7,5,7,0,0,0,0,0,1,0,0,1,9,8
2024010530953,2024,010530953,521460,185071,-0.24959,51.55146,3,3,1,01:18,-1,E09000005,4,2,2,1,1,19,5,1,0,0,0,1,0,0,0,0,0,9,8
2024010530954,2024,010530954,532376,197360,-0.0876,51.65944,3,3,1,00:40,-1,E09000010,5,2,1,0,1,99,9,9,99,9,99,1,0,0,0,0,0,9,8