collision_index,collision_year,collision_ref_no,location_easting_osgr,location_northing_osgr,longitude,latitude,casualty_severity,casualty_severity,day_of_week,time,local_authority_district,local_authority_ons_district,first_road_class,light_conditions,weather_conditions,road_surface_conditions,urban_or_rural_area,vehicle_manoeuvre,vehicle_direction_from,vehicle_direction_to,hit_object_in_carriageway,vehicle_leaving_carriageway,hit_object_off_carriageway,is_car,is_cyle,is_mcyle,is_goodsv,is_other,is_pedestrian,month,day
2024010531420,2024,010531420,518196,193518,-0.2938,51.62807,3,3,3,17:45,-1,E09000003,3,0,2,1,2,"[4, 3]",1,5,0,0,0,1,0,0,0,0,0,9,10
2024010531425,2024,010531425,514446,182236,-0.35162,51.52745,3,3,3,15:10,-1,E09000009,4,0,8,0,1,1,1,5,0,0,0,1,0,0,0,0,1,9,10
2024010531433,2024,010531433,526088,168393,-0.18882,51.40056,3,3,3,17:00,-1,E09000024,3,0,1,1,1,"[14, 9]","[8, 2]","[4, 8]",0,0,0,1,0,1,0,0,0,9,10
2024010531440,2024,010531440,531935,191633,-0.09613,51.60808,3,3,7,18:00,-1,E09000014,6,0,1,0,1,"[19, 5]","[1, 3]","[5, 7]",0,0,0,1,1,0,0,0,0,8,31
2024010531442,2024,010531442,529456,171132,-0.13943,51.42442,3,3,3,19:40,-1,E09000032,6,2,2,1,1,"[3, 19]","[1, 5]","[5, 1]",0,0,0,1,0,1,0,0,0,9,10
2024010531444,2024,010531444,518949,185715,-0.28557,51.55779,3,3,3,18:20,-1,E09000005,4,0,2,1,1,5,1,5,0,0,0,0,0,0,1,0,0,9,10
2024010531449,2024,010531449,523139,187639,-0.22448,51.57418,3,3,4,15:35,-1,E09000003,6,0,1,0,1,99,9,9,99,9,99,1,0,0,0,0,0,8,28
2024010531450,2024,010531450,523959,180701,-0.2151,51.51165,2,2,3,15:30,-1,E09000020,6,0,1,0,1,19,8,4,0,0,0,1,0,0,0,0,1,9,10
2024010531460,2024,010531460,525517,179545,-0.19307,51.50091,3,3,3,20:05,-1,E09000020,3,2,2,1,1,99,9,9,99,9,99,1,0,0,0,0,1,9,10
2024010531463,2024,010531463,525682,184357,-0.18898,51.54412,3,3,3,18:45,-1,E09000007,6,0,2,1,1,"[4, 19]","[5, 3]","[1, 7]",0,0,0,1,0,0,0,0,1,9,10
2024010531466,2024,010531466,531233,178387,-0.1112,51.48921,3,3,3,22:29,-1,E09000022,3,2,1,1,1,99,9,9,99,9,99,1,1,0,0,0,0,9,10
2024010531473,2024,010531473,540958,176456,0.02801,51.46952,3,3,4,01:28,-1,E09000011,3,2,1,1,1,"[14, 4, 15]","[3, 5]","[7, 1]","[0, 2]",0,0,1,0,0,1,0,0,9,11
2024010531474,2024,010531474,512833,181329,-0.37516,51.51962,3,3,3,21:27,-1,E09000009,5,2,2,1,1,19,6,2,0,0,0,0,0,0,1,0,1,9,10
2024010531487,2024,010531487,518205,190301,-0.29475,51.59916,3,3,3,19:00,-1,E09000015,6,0,2,1,1,19,"[7, 5]","[3, 1]",0,0,0,1,0,0,0,0,0,9,10
2024010531490,2024,010531490,519281,192821,-0.27837,51.62158,3,3,3,07:58,-1,E09000003,3,0,1,0,1,99,9,9,99,9,99,1,0,0,0,0,0,9,3
2024010531495,2024,010531495,512151,179109,-0.38569,51.4998,2,2,4,08:12,-1,E09000009,6,0,1,0,1,19,7,3,0,0,0,1,0,0,0,0,1,9,11
2024010531497,2024,010531497,528246,172722,-0.15625,51.43898,3,3,3,19:20,-1,E09000032,3,2,2,1,1,"[7, 19]",9,9,99,9,99,1,1,0,0,0,0,9,10
2024010531504,2024,010531504,533598,194477,-0.07105,51.63325,3,3,3,22:15,-1,E09000010,3,2,1,0,1,99,9,9,99,9,99,1,0,0,0,1,0,9,10
2024010531506,2024,010531506,511535,174708,-0.39595,51.46037,1,1,4,09:37,-1,E09000018,3,0,1,0,1,"[7, 19]","[7, 1]","[2, 5, 3]",0,0,0,1,1,0,1,0,0,9,11
2024010531510,2024,010531510,510523,179569,-0.40899,51.50426,3,3,4,07:55,-1,E09000017,5,0,1,0,1,19,"[5, 1]","[1, 5]",0,0,0,1,0,0,0,0,0,9,11
2024010531514,2024,010531514,542352,184227,0.0512,51.539,3,3,5,00:01,-1,E09000025,3,0,1,0,1,"[4, 19]",1,5,0,0,0,1,0,0,0,0,0,9,5
2024010531515,2024,010531515,521056,192871,-0.25272,51.62165,3,3,3,14:30,-1,E09000003,6,0,1,0,1,99,9,9,99,9,99,1,0,1,0,0,0,9,10
2024010531516,2024,010531516,521674,185672,-0.24629,51.55682,3,3,2,17:20,-1,E09000005,3,2,9,-1,1,99,9,9,99,9,99,1,0,0,0,0,0,9,9
2024010531517,2024,010531517,542685,188973,0.05793,51.58156,3,3,4,09:05,-1,E09000026,4,0,1,0,1,99,9,9,99,9,99,1,0,0,0,0,0,9,11
2024010531520,2024,010531520,528765,181853,-0.14546,51.52093,2,2,4,09:35,-1,E09000033,3,0,9,0,1,"[7, 99]",9,9,99,9,99,1,1,0,0,0,0,9,11
2024010531521,2024,010531521,534620,181314,-0.06133,51.51472,3,3,1,18:40,-1,E09000030,3,2,9,-1,1,99,9,9,99,9,99,1,0,1,0,0,0,9,8
2024010531525,2024,010531525,511426,190084,-0.39265,51.59859,3,3,4,10:29,-1,E09000015,3,0,1,0,1,"[19, 9]","[1, 8]","[5, 6]",0,0,0,1,0,0,0,0,0,9,11
2024010531527,2024,010531527,526137,170105,-0.18751,51.41594,3,3,4,08:00,-1,E09000024,3,0,1,0,1,"[7, 19]","[7, 5]",1,0,0,0,1,1,0,0,0,0,9,11
2024010531528,2024,010531528,536393,197107,-0.02966,51.65621,3,3,4,09:20,-1,E09000010,5,2,9,-1,1,99,9,9,99,9,99,1,0,0,0,0,0,9,11
2024010531529,2024,010531529,533883,191393,-0.06811,51.60547,2,2,4,10:25,-1,E09000014,3,0,1,0,1,19,1,5,0,0,0,0,0,1,0,0,1,9,11
2024010531532,2024,010531532,513636,188746,-0.36119,51.58612,3,3,4,10:05,-1,E09000015,3,0,1,0,1,"[9, 19]",1,"[8, 5]",0,0,0,1,0,0,1,0,0,9,11
2024010531536,2024,010531536,533130,183703,-0.08189,51.53654,2,2,4,08:42,-1,E09000012,5,0,1,0,1,"[9, 19]","[3, 1]","[8, 5]",0,0,0,0,1,0,0,0,0,9,11
2024010531537,2024,010531537,534419,168934,-0.06892,51.40351,2,2,4,10:35,-1,E09000008,3,0,1,0,1,"[9, 13]",6,"[4, 2]",0,0,0,1,0,1,0,0,0,9,11
2024010531549,2024,010531549,536838,184458,-0.02816,51.54244,3,3,5,11:13,-1,E09000030,3,0,9,-1,1,99,9,9,99,9,99,1,0,0,0,0,0,8,29
2024010531551,2024,010531551,519366,182274,-0.28072,51.52677,2,2,4,19:50,-1,E09000009,3,2,2,1,1,"[7, 19]","[7, 3]","[1, 7]",0,0,0,1,1,0,0,0,0,9,11
2024010531552,2024,010531552,534567,167883,-0.0672,51.39403,3,3,4,11:00,-1,E09000008,3,0,1,0,1,99,9,9,99,9,99,1,0,1,0,0,0,9,11
2024010531555,2024,010531555,531428,177417,-0.10875,51.48045,2,2,4,08:30,-1,E09000022,3,0,1,0,1,99,9,9,99,9,99,1,1,0,0,0,0,9,11
2024010531559,2024,010531559,522551,174678,-0.23747,51.45782,3,3,4,15:00,-1,E09000032,5,0,1,0,1,99,9,9,99,9,99,1,1,0,0,0,0,9,11
2024010531561,2024,010531561,531388,183784,-0.10696,51.53768,3,3,4,13:30,-1,E09000019,4,0,1,0,1,"[7, 19]",1,"[4, 5]",0,0,0,1,1,0,0,0,0,9,11
2024010531562,2024,010531562,549280,184223,0.15102,51.53718,3,3,3,13:30,-1,E09000002,6,0,1,0,1,99,9,9,99,9,99,1,0,0,0,0,1,9,10
2024010531563,2024,010531563,546800,174406,0.11121,51.44962,3,3,4,07:20,-1,E09000004,3,0,1,0,1,"[19, 2]","[7, 0]","[3, 0]","[4, 0]",0,0,1,0,0,0,0,0,9,11
2024010531566,2024,010531566,528661,188049,-0.1447,51.57663,3,3,3,17:00,-1,E09000014,5,0,1,0,1,99,9,9,99,9,99,1,1,0,0,0,0,9,10
2024010531567,2024,010531567,534644,173872,-0.06382,51.44784,3,3,4,11:50,-1,E09000028,6,2,9,-1,1,99,9,9,99,9,99,1,0,1,0,0,0,9,11
2024010531568,2024,010531568,535196,197451,-0.04682,51.65959,3,3,4,10:55,-1,E09000010,3,0,9,-1,1,99,9,9,99,9,99,1,0,1,0,0,0,9,11
2024010531569,2024,010531569,515924,190774,-0.32751,51.60388,3,3,4,14:00,-1,E09000015,5,0,9,-1,1,"[99, 19]","[9, 5]","[9, 1]",0,0,0,1,0,1,0,0,0,9,11
2024010531571,2024,010531571,524825,178030,-0.20357,51.48745,3,3,4,16:00,-1,E09000013,4,0,1,0,1,"[7, 19]",4,"[7, 8]",0,0,0,1,1,0,0,0,0,9,4
2024010531574,2024,010531574,526792,178340,-0.17515,51.4898,3,3,4,08:50,-1,E09000020,3,0,1,0,1,99,9,9,99,9,99,1,1,0,0,0,0,9,11
2024010531578,2024,010531578,523667,169696,-0.22315,51.41281,3,3,4,15:00,-1,E09000024,4,0,2,1,1,99,9,9,99,9,99,1,0,1,0,0,0,9,11
2024010531583,2024,010531583,545097,186954,0.09188,51.5628,2,2,4,16:05,-1,E09000026,3,0,8,1,1,19,7,3,0,0,0,1,0,0,0,0,1,9,11
2024010531585,2024,010531585,526829,178996,-0.17438,51.49569,3,3,4,16:50,-1,E09000020,3,0,1,1,1,"[5, 19]","[7, 5]","[3, 1]",0,"[0, 1]",0,1,1,0,0,0,0,9,11
2024010531586,2024,010531586,540985,177140,0.02867,51.47566,2,2,4,07:50,-1,E09000011,4,0,1,0,1,99,9,9,99,9,99,1,1,0,0,0,0,9,11
2024010531588,2024,010531588,536517,177112,-0.03563,51.4765,3,3,4,17:58,-1,E09000023,6,0,1,1,1,"[4, 19]","[2, 1, 7]","[6, 5, 3]",0,0,0,1,1,0,0,0,0,9,11
2024010531591,2024,010531591,518721,167397,-0.295,51.3932,3,3,3,16:55,-1,E09000021,5,0,1,1,1,99,9,9,99,9,99,1,1,0,0,0,0,9,10
2024010531594,2024,010531594,536264,185257,-0.03613,51.54976,3,3,4,15:30,-1,E09000012,4,0,2,1,1,"[4, 13]",1,5,0,0,0,0,1,0,1,0,0,9,11
2024010531599,2024,010531599,532861,194852,-0.08155,51.63679,3,3,4,17:05,-1,E09000010,3,0,1,0,1,99,9,9,99,9,99,1,0,0,0,0,0,9,11
2024010531601,2024,010531601,549331,184019,0.15167,51.53533,2,2,4,17:26,-1,E09000002,6,0,1,1,1,5,0,1,0,0,0,1,0,0,0,0,1,9,11
2024010531603,2024,010531603,539088,190623,0.0067,51.59729,3,3,4,17:30,-1,E09000031,3,0,9,-1,2,99,9,9,99,9,99,1,0,0,0,0,0,9,11
2024010531604,2024,010531604,529109,181257,-0.14072,51.51549,2,2,4,16:44,-1,E09000033,3,0,1,1,1,"[9, 19]","[3, 7]","[1, 3]",0,0,0,1,1,0,0,0,0,9,11
2024010531606,2024,010531606,545978,175946,0.10003,51.46367,3,3,4,18:14,-1,E09000004,3,0,1,0,1,"[9, 19]",5,"[3, 1]",0,0,0,0,0,1,0,0,0,9,11
2024010531613,2024,010531613,531520,183397,-0.1052,51.53417,3,3,4,18:00,-1,E09000019,3,0,1,1,1,5,0,1,0,0,0,0,0,0,1,0,0,9,11
2024010531617,2024,010531617,529256,184089,-0.13757,51.54091,3,3,3,21:00,-1,E09000007,3,2,2,1,1,99,9,9,99,"[9, 0]",99,1,1,0,0,0,0,9,10
2024010531618,2024,010531618,542677,184933,0.05617,51.54526,3,3,4,19:32,-1,E09000025,4,2,1,0,1,19,1,5,0,0,0,1,1,0,0,0,0,9,11
2024010531619,2024,010531619,529237,179798,-0.13941,51.50235,3,3,4,19:26,-1,E09000033,5,2,1,0,1,"[4, 19]",1,5,0,0,0,1,0,1,0,0,0,9,11
2024010531623,2024,010531623,517800,167148,-0.30832,51.39115,2,2,4,18:58,-1,E09000021,4,0,2,1,1,19,1,5,0,0,0,0,0,1,0,0,1,9,11
2024010531624,2024,010531624,537392,191928,-0.01726,51.60943,2,2,4,15:38,-1,E09000031,3,0,1,0,1,"[7, 19]","[7, 5]","[8, 1]",0,0,0,1,0,1,0,0,0,9,11
2024010531630,2024,010531630,528182,167884,-0.15892,51.39552,2,2,4,16:05,-1,E09000024,3,0,1,0,1,"[9, 19]","[7, 5]","[5, 1]",0,0,0,1,1,0,0,0,0,9,11
2024010531633,2024,010531633,515458,188473,-0.335,51.5833,3,3,4,16:45,-1,E09000015,6,0,7,1,1,5,"[0, 5]",1,0,0,0,1,0,0,0,0,1,9,11
2024010531638,2024,010531638,517701,179071,-0.30578,51.49833,2,2,4,15:38,-1,E09000009,4,0,1,0,1,"[19, 10]","[1, 5]","[5, 3]",0,0,0,1,0,1,0,0,0,9,11
2024010531640,2024,010531640,545940,186884,0.104,51.56196,3,3,4,17:21,-1,E09000026,3,0,9,-1,1,99,9,9,99,9,99,1,0,0,0,0,0,9,11
2024010531641,2024,010531641,527145,175020,-0.17126,51.45988,3,3,4,16:04,-1,E09000032,3,0,2,1,1,"[5, 19]","[1, 7]","[5, 3]",0,0,0,1,1,0,0,0,0,9,11
2024010531644,2024,010531644,543138,186874,0.0636,51.56259,3,3,3,18:29,-1,E09000026,6,0,1,0,1,99,9,9,99,9,99,1,0,0,0,0,0,9,10
2024010531645,2024,010531645,526154,170105,-0.18726,51.41594,3,3,4,17:15,-1,E09000024,3,0,1,0,1,"[7, 19]","[7, 3]","[2, 7]",0,0,0,1,0,0,0,1,0,9,11
2024010531646,2024,010531646,521593,180892,-0.24911,51.51388,2,2,4,22:45,-1,E09000009,3,2,1,0,1,"[9, 3]","[3, 7]","[1, 3]",0,0,0,1,0,1,0,0,0,9,11
2024010531650,2024,010531650,532599,173064,-0.09353,51.44106,3,3,4,16:01,-1,E09000022,3,0,2,1,1,3,1,5,0,0,0,1,0,0,0,0,1,9,11
2024010531651,2024,010531651,536615,181114,-0.03267,51.51244,3,3,5,00:40,-1,E09000030,3,2,1,0,1,19,3,7,0,0,0,0,0,0,1,0,0,9,12
2024010531652,2024,010531652,524422,166528,-0.21341,51.38417,3,3,4,16:33,-1,E09000029,3,0,2,1,1,"[19, 9]","[2, 7]","[6, 4]",0,0,0,1,0,0,0,0,0,9,11
2024010531653,2024,010531653,528475,178195,-0.15097,51.48812,3,3,2,19:35,-1,E09000033,4,2,1,0,1,"[13, 9]",5,"[1, 2]",0,0,0,1,0,1,0,0,0,9,9
2024010531656,2024,010531656,534825,182722,-0.05784,51.52732,3,3,5,00:45,-1,E09000030,3,2,1,0,1,"[19, 7]",7,"[3, 1]",0,"[0, 1]",0,1,1,0,0,0,0,9,12
2024010531657,2024,010531657,534566,179493,-0.0628,51.49837,2,2,4,23:25,-1,E09000028,3,2,1,0,1,19,"[1, 3]","[5, 7]",0,0,0,0,1,0,0,0,0,9,11
2024010531658,2024,010531658,530112,188791,-0.12349,51.58297,2,2,4,22:38,-1,E09000014,5,2,1,0,1,"[9, 5]","[3, 1]","[1, 5]",0,0,0,1,0,1,0,0,0,9,11
2024010531661,2024,010531661,526940,173726,-0.17467,51.4483,3,3,4,22:18,-1,E09000032,6,2,1,0,1,"[19, 9]","[1, 5]","[5, 2]",0,0,0,0,1,1,0,0,0,9,11
2024010531662,2024,010531662,530035,181482,-0.1273,51.5173,3,3,4,19:10,-1,E09000007,3,0,1,0,1,99,9,9,99,9,99,0,1,0,0,0,0,9,11
2024010531663,2024,010531663,525528,184774,-0.19105,51.5479,2,2,5,00:33,-1,E09000007,4,2,1,0,1,19,"[3, 5]","[7, 1]",0,0,0,0,0,1,1,0,0,9,12
2024010531665,2024,010531665,543929,164352,0.06585,51.36001,3,3,5,05:15,-1,E09000006,4,2,1,0,1,"[3, 19]","[1, 4]","[5, 8]",0,0,0,1,0,0,1,0,0,9,12
2024010531673,2024,010531673,522687,186881,-0.23127,51.56746,3,3,4,17:17,-1,E09000005,5,0,1,0,1,99,9,9,99,9,99,1,0,0,0,0,0,9,11
2024010531674,2024,010531674,516082,172870,-0.33113,51.44294,2,2,5,07:30,-1,E09000027,3,0,1,0,1,"[19, 9, 11]","[5, 7]","[1, 3]",0,0,0,1,0,1,0,0,0,9,12
2024010531678,2024,010531678,542300,166873,0.04348,51.38307,3,3,5,08:15,-1,E09000006,6,0,1,0,1,9,6,3,0,0,0,1,0,0,0,0,1,9,12
2024010531682,2024,010531682,523962,169645,-0.21893,51.41228,3,3,3,18:32,-1,E09000024,5,0,1,0,1,99,9,9,99,9,99,1,0,1,0,0,0,9,10
2024010531684,2024,010531684,532734,187959,-0.08599,51.57488,2,2,2,09:00,-1,E09000014,3,0,9,0,1,"[19, 9]","[5, 3]","[1, 8]",0,"[0, 9]",0,0,1,0,1,0,0,8,5
2024010531689,2024,010531689,509958,178297,-0.41752,51.49294,2,2,5,08:45,-1,E09000017,1,0,1,0,1,4,7,3,0,0,0,1,0,1,0,0,0,9,12
2024010531692,2024,010531692,515530,185616,-0.3349,51.55761,3,3,4,19:45,-1,E09000005,6,2,9,-1,1,99,9,9,99,9,99,1,0,1,0,0,0,9,11
2024010531697,2024,010531697,547343,166379,0.11569,51.37735,3,3,4,15:39,-1,E09000006,6,0,1,0,1,99,9,9,99,9,99,1,0,0,0,0,0,9,11
2024010531699,2024,010531699,543205,177254,0.06066,51.47613,3,3,5,09:10,-1,E09000011,6,0,1,0,1,99,9,9,99,9,99,1,1,0,0,0,0,9,12
2024010531700,2024,010531700,523712,189255,-0.21565,51.58858,3,3,5,07:51,-1,E09000003,6,0,1,0,1,99,9,9,99,9,99,1,0,0,0,0,1,9,12
2024010531702,2024,010531702,529945,188575,-0.12598,51.58106,3,3,5,09:47,-1,E09000014,6,0,1,0,1,99,9,9,99,9,99,0,0,1,0,0,1,9,12
2024010531707,2024,010531707,534968,184927,-0.05493,51.5471,2,2,4,18:45,-1,E09000012,3,0,1,0,1,99,9,9,99,9,99,1,0,0,0,0,1,9,11
2024010531708,2024,010531708,523948,189082,-0.21231,51.58697,3,3,4,19:30,-1,E09000003,5,0,1,0,1,99,9,9,99,9,99,1,0,1,0,0,0,9,11
2024010531709,2024,010531709,526138,162447,-0.19021,51.34712,2,2,5,08:25,-1,E09000029,6,0,1,0,1,"[6, 14]","[7, 3]",7,0,0,0,1,1,0,0,0,0,9,12
2024010531712,2024,010531712,534934,185882,-0.05506,51.55569,3,3,5,08:30,-1,E09000012,3,0,1,0,1,"[6, 19]",1,"[1, 5]",0,"[1, 0]",0,1,0,1,0,0,0,9,12
2024010531716,2024,010531716,547693,187790,0.12965,51.56964,3,3,4,08:20,-1,E09000026,6,0,1,0,1,4,5,1,0,0,0,0,0,0,1,0,0,9,11
2024010531717,2024,010531717,533002,182291,-0.08426,51.52388,3,3,2,06:15,-1,E09000019,5,0,1,0,1,99,9,9,99,9,99,1,1,0,0,0,0,9,9
2024010531718,2024,010531718,529961,181291,-0.12844,51.5156,3,3,4,18:05,-1,E09000007,3,0,1,0,1,99,1,5,99,9,99,0,1,0,0,0,1,9,11
2024010531722,2024,010531722,533339,171190,-0.08359,51.42404,3,3,2,18:30,-1,E09000022,5,0,1,0,1,99,9,9,99,9,99,1,0,1,0,0,0,9,9
2024010531723,2024,010531723,530045,172422,-0.13049,51.43588,3,3,4,14:00,-1,E09000022,6,0,1,0,1,99,9,9,99,9,99,1,0,1,0,0,0,9,11
2024010531729,2024,010531729,545979,165878,0.0959,51.3732,3,3,5,09:15,-1,E09000006,3,0,8,0,1,99,9,9,99,9,99,1,0,1,0,0,0,9,12
2024010531740,2024,010531740,527515,178276,-0.16476,51.48906,3,3,5,11:45,-1,E09000020,3,0,1,0,1,5,3,7,0,0,0,0,0,0,1,0,0,9,12
2024010531745,2024,010531745,516173,185734,-0.32559,51.55853,3,3,5,08:30,-1,E09000005,3,0,1,0,1,-1,3,7,0,0,0,1,0,0,0,0,1,9,12
2024010531746,2024,010531746,524260,184272,-0.20951,51.54367,2,2,5,07:41,-1,E09000005,3,0,1,0,1,19,1,5,0,0,0,0,0,1,0,0,1,9,12
2024010531748,2024,010531748,530727,179668,-0.11801,51.50084,3,3,5,10:15,-1,E09000022,3,0,1,0,1,99,9,9,99,0,99,0,1,0,0,0,1,9,12
2024010531749,2024,010531749,532526,179745,-0.09208,51.50111,3,3,4,08:17,-1,E09000028,4,0,1,0,1,99,9,9,99,9,99,1,1,0,0,0,0,9,11
2024010531752,2024,010531752,540479,180180,0.0226,51.5031,3,3,4,14:20,-1,E09000025,3,0,1,0,1,99,9,9,99,9,99,1,0,0,0,0,0,9,11
2024010531754,2024,010531754,519976,180385,-0.27258,51.50967,3,3,4,16:50,-1,E09000009,3,0,2,1,1,99,9,9,99,9,99,1,0,1,0,0,0,9,11
2024010531755,2024,010531755,527157,179369,-0.16952,51.49897,3,3,7,15:05,-1,E09000033,6,0,1,0,1,99,9,9,99,9,99,1,0,0,0,0,1,9,7
2024010531760,2024,010531760,541446,183298,0.03777,51.53088,3,3,5,09:00,-1,E09000025,4,0,1,0,1,"[19, 9]","[1, 3]","[5, 1]",0,0,0,1,0,0,1,0,0,9,12
2024010531761,2024,010531761,528940,178527,-0.14416,51.491,2,2,5,13:00,-1,E09000033,4,0,1,0,1,"[15, 7]",2,"[6, 4]",0,0,0,1,0,1,0,0,0,9,12
2024010531764,2024,010531764,523475,179791,-0.22239,51.50357,3,3,5,14:00,-1,E09000013,3,0,1,0,1,19,2,6,0,0,0,0,0,0,1,0,1,9,12
2024010531765,2024,010531765,531908,172279,-0.10376,51.43416,3,3,5,10:30,-1,E09000022,3,0,1,0,1,19,1,5,0,0,0,0,0,0,1,0,0,9,12
2024010531768,2024,010531768,542324,184330,0.05084,51.53993,2,2,4,16:45,-1,E09000025,3,0,4,0,1,99,9,9,99,9,99,1,1,0,0,0,0,9,11
2024010531771,2024,010531771,528663,185712,-0.14552,51.55563,3,3,5,08:48,-1,E09000007,4,0,1,0,1,4,5,1,0,0,0,0,1,0,0,0,1,9,12
2024010531773,2024,010531773,517539,184277,-0.30638,51.54516,3,3,5,15:00,-1,E09000005,3,0,1,0,1,19,"[5, 1]","[1, 5]",0,"[0, 7]",0,1,0,1,0,0,0,9,12
2024010531777,2024,010531777,543173,171529,0.05789,51.42469,3,3,4,17:30,-1,E09000006,6,0,9,-1,1,99,9,9,99,9,99,1,0,1,0,0,0,9,11
2024010531780,2024,010531780,533264,183318,-0.0801,51.53305,3,3,1,04:21,-1,E09000012,6,0,8,0,1,99,9,9,99,9,99,1,1,0,0,0,0,9,8
2024010531781,2024,010531781,530496,200221,-0.1137,51.68559,3,3,4,18:00,-1,E09000010,5,0,1,0,2,99,9,9,99,9,99,1,1,0,0,0,0,9,11
2024010531784,2024,010531784,514321,188579,-0.35137,51.58448,3,3,3,10:54,-1,E09000015,6,0,9,-1,1,"[7, 19]",1,"[3, 5]",0,"[9, 0]",0,1,1,0,0,0,0,9,3
2024010531786,2024,010531786,537401,184753,-0.01993,51.54495,3,3,5,15:35,-1,E09000012,6,0,8,0,1,99,9,9,99,9,99,0,0,0,0,1,1,9,12
2024010531790,2024,010531790,527857,172533,-0.16191,51.43737,3,3,3,20:15,-1,E09000032,3,2,1,0,1,99,9,9,99,9,99,1,1,0,0,0,0,9,3
2024010531797,2024,010531797,511241,185588,-0.39675,51.55822,3,3,5,08:15,-1,E09000017,5,0,1,0,1,99,9,9,99,9,99,0,0,1,0,0,1,9,12
2024010531799,2024,010531799,537869,172485,-0.01798,51.4346,3,3,5,18:13,-1,E09000023,3,0,1,0,1,"[3, 19]",5,1,"[0, 4]",0,0,0,1,0,1,0,0,9,12
2024010531802,2024,010531802,516671,185755,-0.3184,51.55862,2,2,4,15:10,-1,E09000005,3,0,1,0,1,"[2, 99]","[0, 9]","[0, 9]","[0, 99]","[0, 9]","[0, 99]",1,1,0,0,0,0,9,11
2024010531803,2024,010531803,532632,164301,-0.09633,51.3623,3,3,5,16:25,-1,E09000008,4,0,8,0,1,9,1,8,0,0,0,1,0,0,0,0,1,9,12
2024010531804,2024,010531804,527538,198091,-0.15724,51.66713,3,3,3,12:35,-1,E09000010,5,0,9,-1,1,99,9,9,99,9,99,1,0,1,0,0,0,9,10
2024010531805,2024,010531805,523892,173873,-0.21846,51.4503,3,3,6,20:20,-1,E09000032,3,0,1,0,1,99,9,9,99,9,99,1,0,0,0,0,0,8,16
2024010531818,2024,010531818,526041,173003,-0.18786,51.442,2,2,5,17:49,-1,E09000032,3,0,1,0,1,19,1,5,0,0,0,1,0,1,0,0,0,9,12
2024010531820,2024,010531820,537953,162728,-0.02056,51.3469,2,2,5,06:50,-1,E09000008,5,0,1,0,1,99,9,9,99,9,99,1,1,0,0,0,0,9,12
2024010531829,2024,010531829,533077,166379,-0.08916,51.38087,2,2,5,18:44,-1,E09000008,3,0,1,0,1,"[6, 15]",3,"[3, 7]",0,"[3, 0]",0,1,0,0,0,0,0,9,12
2024010531836,2024,010531836,523310,180015,-0.22469,51.50562,3,3,5,19:30,-1,E09000013,3,2,1,0,1,"[6, 5]",1,"[1, 5]",0,"[7, 0]",0,1,0,1,0,0,0,9,12
2024010531837,2024,010531837,538510,181446,-0.00525,51.51496,2,2,5,16:48,-1,E09000030,4,0,1,0,1,"[19, 9]","[3, 7, 1]","[7, 3]",0,0,0,1,1,0,0,0,0,9,12
2024010531844,2024,010531844,530313,185785,-0.12171,51.55591,3,3,5,18:25,-1,E09000019,3,0,1,0,1,"[7, 19]",7,"[2, 3]",0,0,0,1,1,0,0,0,0,9,12
2024010531845,2024,010531845,532150,184130,-0.09585,51.54061,3,3,5,19:35,-1,E09000019,3,0,1,0,1,99,9,9,99,9,99,1,1,0,0,0,0,9,12
2024010531848,2024,010531848,526937,184185,-0.17095,51.5423,2,2,5,16:50,-1,E09000007,4,0,1,0,1,"[2, 19]","[1, 3]","[5, 7]","[0, 8]",0,0,1,1,0,0,0,0,9,12
2024010531855,2024,010531855,554805,184310,0.23066,51.53647,3,3,5,14:50,-1,E09000016,5,0,1,0,2,19,"[1, 5]","[5, 1]",0,0,0,1,0,1,0,0,0,9,12
2024010531856,2024,010531856,531860,191284,-0.09734,51.60496,3,3,5,22:19,-1,E09000014,5,2,1,0,1,"[19, 6]",3,"[7, 3]",0,0,0,1,0,0,0,0,0,9,12
2024010531859,2024,010531859,510540,178879,-0.40896,51.49805,2,"[2, 3]",5,23:15,-1,E09000018,3,2,1,0,1,19,"[7, 1]","[3, 5]",0,0,0,1,0,0,0,0,0,9,12
2024010531860,2024,010531860,535041,175902,-0.05733,51.46598,3,3,6,01:37,-1,E09000028,3,2,1,0,1,"[2, 19]","[0, 2]","[0, 6]","[0, 4]",0,0,1,0,0,0,0,0,9,13
2024010531862,2024,010531862,531031,175377,-0.11522,51.46221,3,3,3,15:35,-1,E09000022,3,0,1,0,1,4,1,5,0,0,0,0,0,0,1,0,0,9,10
2024010531865,2024,010531865,517131,184579,-0.31216,51.54796,3,3,6,21:45,-1,E09000009,3,2,9,0,1,"[4, 19]","[7, 4]","[3, 8]","[0, 4]",0,0,1,0,0,0,0,0,8,30
2024010531871,2024,010531871,511086,180917,-0.40045,51.51626,3,3,6,06:10,-1,E09000017,3,2,1,0,1,99,9,9,99,9,99,1,0,0,0,0,0,9,13
2024010531872,2024,010531872,539966,174170,0.01284,51.44922,3,3,6,07:50,-1,E09000023,3,0,1,0,1,5,5,1,0,0,0,0,1,0,0,0,1,9,13