collision_index,collision_year,collision_ref_no,location_easting_osgr,location_northing_osgr,longitude,latitude,casualty_severity,casualty_severity,day_of_week,time,local_authority_district,local_authority_ons_district,first_road_class,light_conditions,weather_conditions,road_surface_conditions,urban_or_rural_area,vehicle_manoeuvre,vehicle_direction_from,vehicle_direction_to,hit_object_in_carriageway,vehicle_leaving_carriageway,hit_object_off_carriageway,is_car,is_cyle,is_mcyle,is_goodsv,is_other,is_pedestrian,month,day
2024010531873,2024,010531873,523108,165299,-0.23271,51.37341,3,3,6,05:28,-1,E09000029,3,2,1,0,1,19,4,8,0,0,0,1,0,0,0,0,1,9,13
2024010531877,2024,010531877,530955,172125,-0.11752,51.433,3,3,6,08:35,-1,E09000022,5,0,9,-1,1,99,9,9,99,9,99,0,0,1,0,0,1,9,13
2024010531878,2024,010531878,527663,172353,-0.16477,51.4358,3,3,6,08:15,-1,E09000032,6,0,1,0,1,19,3,7,0,0,0,0,1,0,0,0,0,9,13
2024010531881,2024,010531881,535144,162078,-0.06111,51.34173,3,3,6,07:20,-1,E09000008,5,0,1,0,1,"[19, 10]","[5, 1]","[1, 6]",0,"[1, 0]","[11, 0]",1,0,0,0,0,0,9,13
2024010531889,2024,010531889,533592,188995,-0.07322,51.58399,3,3,5,13:30,-1,E09000014,3,0,1,1,1,99,9,9,99,9,99,1,0,1,0,0,0,9,12
2024010531890,2024,010531890,531980,186394,-0.09745,51.56099,3,3,6,08:30,-1,E09000019,5,0,8,0,1,99,9,9,99,9,99,1,1,0,0,0,0,9,13
2024010531893,2024,010531893,526645,184159,-0.17517,51.54213,3,3,4,15:55,-1,E09000007,3,0,1,1,1,99,9,9,99,9,99,1,0,1,0,0,0,9,11
2024010531899,2024,010531899,522523,183150,-0.23493,51.53397,3,3,6,09:45,-1,E09000005,5,0,1,0,1,19,4,8,0,0,0,1,1,0,0,0,0,9,13
2024010531908,2024,010531908,530009,191583,-0.12395,51.60808,3,3,5,13:10,-1,E09000014,4,0,1,0,1,99,9,9,99,9,99,1,0,1,0,0,0,9,12
2024010531910,2024,010531910,534548,164395,-0.06879,51.36269,3,3,5,16:09,-1,E09000008,3,0,1,0,1,99,9,9,99,9,99,1,0,0,0,0,0,9,12
2024010531914,2024,010531914,527335,193693,-0.16177,51.62765,3,3,6,11:46,-1,E09000003,3,0,1,0,1,19,"[3, 5]","[7, 1]",0,0,0,1,0,0,0,0,0,9,13
2024010531916,2024,010531916,526796,179603,-0.17463,51.50115,3,3,6,07:41,-1,E09000033,5,0,1,0,1,"[6, 13]",1,"[1, 5]",0,"[2, 0]","[10, 0]",1,1,0,0,0,0,9,13
2024010531919,2024,010531919,534151,181764,-0.06791,51.51887,3,3,4,20:00,-1,E09000030,6,0,1,0,1,99,9,9,99,9,99,1,0,1,0,0,0,9,11
2024010531925,2024,010531925,535194,181600,-0.05295,51.51715,3,3,6,11:45,-1,E09000030,5,0,1,0,1,"[8, 19]",3,"[4, 7]",0,0,0,1,1,0,0,0,0,9,13
2024010531926,2024,010531926,528349,179747,-0.15222,51.50209,3,3,6,10:45,-1,E09000033,3,0,1,0,1,3,7,3,0,0,0,1,0,0,0,0,1,9,13
2024010531929,2024,010531929,532725,182592,-0.08814,51.52665,3,3,5,19:00,-1,E09000019,3,0,1,0,1,99,9,9,99,9,99,1,0,1,0,0,0,9,12
2024010531930,2024,010531930,546320,186847,0.10947,51.56153,3,3,6,14:55,-1,E09000026,4,0,1,0,1,3,5,1,0,3,0,1,0,0,0,0,1,9,13
2024010531934,2024,010531934,529013,173784,-0.14483,51.44835,3,3,6,08:40,-1,E09000022,5,0,1,0,1,"[4, 3]",1,5,"[0, 4]",0,0,1,1,0,0,0,0,9,13
2024010531935,2024,010531935,518068,167371,-0.30439,51.3931,2,2,6,11:40,-1,E09000021,4,0,1,0,1,4,1,5,0,0,0,0,0,0,1,0,0,9,13
2024010531936,2024,010531936,517427,181120,-0.30904,51.51681,3,3,6,11:24,-1,E09000009,6,0,1,1,1,"[15, 2]","[3, 0]","[7, 0]",8,0,0,1,0,1,0,0,0,9,13
2024010531937,2024,010531937,511380,182901,-0.39559,51.53404,2,2,5,15:00,-1,E09000009,4,0,9,0,1,19,6,2,0,0,0,1,0,0,0,0,1,9,12
2024010531938,2024,010531938,530914,179945,-0.11521,51.50329,2,2,6,10:58,-1,E09000022,3,0,1,0,1,4,3,7,0,0,0,0,0,0,1,0,1,9,13
2024010531940,2024,010531940,533479,183907,-0.07678,51.53829,3,3,6,12:47,-1,E09000012,3,0,1,0,1,19,1,5,0,0,0,0,0,0,1,0,0,9,13
2024010531942,2024,010531942,528859,164119,-0.15056,51.36153,2,2,6,13:24,-1,E09000029,3,0,1,0,1,"[9, 19]","[1, 5]","[7, 1]",0,0,0,1,0,0,0,0,0,9,13
2024010531950,2024,010531950,541052,184537,0.03259,51.54211,3,3,6,12:15,-1,E09000025,4,0,1,0,1,"[9, 19]","[8, 5]","[5, 1]",0,0,0,1,1,0,0,0,0,9,13
2024010531952,2024,010531952,530262,173113,-0.12712,51.44204,3,3,5,11:50,-1,E09000022,6,0,1,0,1,99,9,9,99,9,99,1,0,1,0,0,0,9,12
2024010531953,2024,010531953,524255,188985,-0.20791,51.58603,3,3,5,13:45,-1,E09000003,5,0,1,0,1,99,9,9,99,9,99,1,0,1,0,0,0,9,12
2024010531954,2024,010531954,532582,165239,-0.0967,51.37074,3,3,5,12:58,-1,E09000008,3,0,1,0,1,99,9,9,99,9,99,1,0,1,0,0,0,9,12
2024010531955,2024,010531955,556949,184802,0.26177,51.5403,3,3,6,15:01,-1,E09000016,4,0,1,0,2,"[9, 7]","[5, 4]","[2, 5]",0,"[1, 7]",0,1,0,0,1,0,0,9,13
2024010531959,2024,010531959,534607,186643,-0.05948,51.56261,2,2,6,14:10,-1,E09000012,4,0,1,0,1,"[19, 15]","[7, 3]","[3, 7]",0,0,0,1,0,0,0,0,1,9,13
2024010531960,2024,010531960,530753,187125,-0.11487,51.56785,3,3,4,06:27,-1,E09000019,6,0,9,-1,1,99,9,9,99,9,99,1,1,0,0,0,0,9,11
2024010531963,2024,010531963,518220,178261,-0.29858,51.49095,3,3,6,11:00,-1,E09000018,3,0,1,0,1,"[5, 11]",9,9,99,9,99,1,1,0,0,0,0,9,13
2024010531965,2024,010531965,527648,173232,-0.16467,51.4437,2,2,6,14:55,-1,E09000032,4,0,1,0,1,"[9, -1]","[1, 5]","[6, 1]",0,0,0,1,1,0,0,0,0,9,13
2024010531968,2024,010531968,542098,166775,0.04054,51.38224,3,3,6,15:05,-1,E09000006,6,0,1,0,2,99,9,9,99,9,99,1,1,0,0,0,0,9,13
2024010531971,2024,010531971,536516,187297,-0.0317,51.56803,3,3,4,19:00,-1,E09000031,3,0,1,0,1,99,9,9,99,9,99,1,0,0,0,0,1,9,4
2024010531972,2024,010531972,537690,180058,-0.0176,51.50269,3,3,5,15:15,-1,E09000030,6,0,9,-1,1,99,9,9,99,9,99,1,0,1,0,0,0,9,12
2024010531980,2024,010531980,529309,170600,-0.14174,51.41967,3,3,6,16:07,-1,E09000032,6,0,1,0,1,"[2, 19]","[0, 1]","[0, 5]",0,0,0,1,0,0,0,1,0,9,13
2024010531983,2024,010531983,538259,186284,-0.00697,51.5585,3,3,6,08:45,-1,E09000031,3,0,1,0,1,99,9,9,99,9,99,1,1,0,0,0,0,9,13
2024010531987,2024,010531987,518869,189964,-0.28528,51.59599,3,3,6,17:36,-1,E09000015,6,0,1,0,1,"[2, 19]","[0, 3]","[0, 7]",0,0,0,1,0,0,0,0,1,9,13
2024010531988,2024,010531988,509692,179411,-0.421,51.503,3,3,5,16:15,-1,E09000017,5,0,1,0,1,99,9,9,99,9,99,1,0,0,0,0,0,9,12
2024010531989,2024,010531989,527546,184981,-0.16189,51.54931,2,2,6,16:40,-1,E09000007,6,0,1,0,1,9,2,7,0,0,0,1,0,0,0,0,1,9,13
2024010531991,2024,010531991,538735,171537,-0.0059,51.42587,2,2,6,15:35,-1,E09000023,3,0,1,0,1,4,1,5,0,0,0,0,0,0,1,0,0,9,13
2024010531992,2024,010531992,532723,174379,-0.09125,51.45285,3,3,6,17:25,-1,E09000028,3,0,1,0,1,"[6, 19]",4,"[4, 8]",0,0,0,1,0,1,0,0,0,9,13
2024010531994,2024,010531994,527467,171480,-0.1679,51.428,3,3,6,16:35,-1,E09000032,3,0,1,0,1,5,0,7,0,0,0,0,0,0,1,0,1,9,13
2024010531995,2024,010531995,515313,187986,-0.33725,51.57895,3,3,6,14:32,-1,E09000015,6,0,8,0,1,99,9,9,99,9,99,1,0,0,0,0,1,9,13
2024010531997,2024,010531997,547744,186899,0.13002,51.56162,3,3,6,17:09,-1,E09000002,5,0,1,0,1,99,9,9,99,9,99,1,0,0,0,0,0,9,13
2024010531998,2024,010531998,530052,171736,-0.13064,51.42971,3,3,6,16:20,-1,E09000022,3,0,1,0,1,"[4, 15]",5,1,0,0,0,0,0,0,1,0,0,9,13
2024010532001,2024,010532001,535609,197094,-0.04099,51.65628,3,3,6,19:05,-1,E09000010,5,2,1,0,1,19,7,3,0,0,0,1,0,0,0,0,1,9,13
2024010532004,2024,010532004,528951,168361,-0.1477,51.39963,3,3,6,16:15,-1,E09000024,5,0,1,0,1,"[4, 19, 9]","[1, 4]","[5, 8]",0,"[0, 1]",0,1,0,0,0,0,0,9,13
2024010532008,2024,010532008,535233,178025,-0.05376,51.48502,3,3,6,20:18,-1,E09000028,5,2,1,0,1,"[9, 15]",5,"[3, 1]",0,0,0,1,0,1,0,0,0,9,13
2024010532011,2024,010532011,530526,178033,-0.12151,51.48619,2,2,6,18:13,-1,E09000022,3,0,1,0,1,19,"[1, 5]","[5, 1]","[0, 10]","[0, 1]","[0, 2]",1,0,1,0,0,0,9,13
2024010532015,2024,010532015,534171,191505,-0.06391,51.6064,3,3,6,20:00,-1,E09000014,6,2,1,0,1,19,5,1,0,0,0,1,0,0,0,0,1,9,13
2024010532016,2024,010532016,531120,175791,-0.11379,51.46591,2,2,6,18:23,-1,E09000022,3,0,1,0,1,19,7,3,0,0,0,0,1,0,1,0,0,9,13
2024010532017,2024,010532017,526129,167195,-0.18866,51.38979,2,2,6,20:34,-1,E09000024,3,2,1,0,1,"[19, 9]",1,"[5, 7]",0,0,0,1,0,1,0,0,0,9,13
2024010532020,2024,010532020,530208,182904,-0.12429,51.53004,3,3,6,18:50,-1,E09000007,3,0,9,0,1,"[5, 3]",7,3,0,0,0,1,1,0,0,0,0,9,13
2024010532023,2024,010532023,542557,171226,0.04891,51.42212,2,2,6,17:50,-1,E09000006,5,0,1,0,1,"[19, 13]","[5, 1]","[1, 5]",0,0,0,1,0,1,0,0,0,9,13
2024010532025,2024,010532025,534350,176237,-0.06715,51.46916,3,3,6,20:15,-1,E09000028,3,0,9,0,1,19,1,5,0,0,0,1,1,0,0,0,0,9,13
2024010532029,2024,010532029,529644,168921,-0.13754,51.40451,3,3,6,20:35,-1,E09000024,4,2,1,0,1,"[19, 2]","[4, 0]","[8, 0]","[4, 0]",0,0,1,0,0,0,0,0,9,13
2024010532030,2024,010532030,511733,183094,-0.39044,51.5357,3,3,6,20:53,-1,E09000009,3,2,1,0,1,4,1,5,0,0,0,1,0,1,0,0,0,9,13
2024010532031,2024,010532031,524005,179761,-0.21477,51.50319,3,3,6,16:25,-1,E09000020,3,0,1,0,1,"[6, 14]","[1, 5]",1,0,0,0,1,0,1,0,0,0,9,13
2024010532032,2024,010532032,541686,188467,0.04331,51.57727,3,3,6,19:00,-1,E09000026,3,0,1,0,2,99,9,9,99,9,99,1,0,0,0,0,0,9,13
2024010532033,2024,010532033,532228,164674,-0.10199,51.36575,2,2,6,21:07,-1,E09000008,5,2,1,0,1,19,2,6,0,0,0,1,0,0,0,0,1,9,13
2024010532034,2024,010532034,529911,181042,-0.12925,51.51338,3,3,6,23:03,-1,E09000033,3,2,1,0,1,99,9,9,99,9,99,0,1,0,0,0,1,9,13
2024010532040,2024,010532040,540576,184903,0.02588,51.54552,2,2,2,16:00,-1,E09000025,3,0,9,0,1,19,1,5,0,0,0,0,0,0,0,0,1,9,9
2024010532042,2024,010532042,537432,180962,-0.02097,51.51088,3,3,6,22:10,-1,E09000030,3,2,1,0,1,"[19, 6]",3,"[7, 3]",0,"[0, 1]","[0, 2]",1,0,0,0,0,0,9,13
2024010532046,2024,010532046,551792,187121,0.18846,51.56254,1,1,6,21:44,-1,E09000016,3,2,1,0,1,"[19, 13]","[5, 1]","[1, 5]",0,0,0,1,0,1,0,0,0,9,13
2024010532048,2024,010532048,523963,175061,-0.21702,51.46096,3,3,6,22:54,-1,E09000032,3,2,1,0,1,"[4, 15]",1,5,0,0,0,1,0,1,0,0,0,9,13
2024010532049,2024,010532049,532731,186902,-0.08643,51.56538,3,3,7,01:33,-1,E09000012,4,2,1,0,1,"[2, 19]","[0, 3, 7]","[0, 7, 3]",0,0,0,1,0,0,0,0,0,9,14
2024010532050,2024,010532050,527744,182309,-0.16,51.52526,3,3,7,01:46,-1,E09000033,6,2,1,0,1,19,"[1, 3]","[5, 7]",0,0,0,1,0,0,0,0,0,9,14
2024010532053,2024,010532053,523793,179916,-0.21777,51.50463,3,3,7,02:32,-1,E09000013,3,2,9,0,1,"[13, 19]","[6, 5]","[2, 1]",0,0,0,1,0,0,0,0,0,9,14
2024010532054,2024,010532054,529983,182735,-0.12759,51.52857,2,2,6,22:55,-1,E09000007,3,2,1,0,1,19,3,7,0,0,0,1,0,0,0,0,1,9,13
2024010532055,2024,010532055,529498,176356,-0.13692,51.47136,3,3,7,02:12,-1,E09000022,3,2,1,0,1,7,1,3,0,1,0,0,0,1,0,0,0,9,14
2024010532057,2024,010532057,520583,179603,-0.2641,51.50251,2,2,7,00:37,-1,E09000009,4,2,1,0,1,"[5, 2]","[1, 0]","[5, 0]","[4, 0]","[1, 3]",0,1,0,0,0,0,0,9,14
2024010532059,2024,010532059,529958,175641,-0.13056,51.46483,3,3,6,07:38,-1,E09000022,6,0,1,0,1,99,9,9,99,9,99,1,1,0,0,0,0,9,13
2024010532060,2024,010532060,535263,192832,-0.04764,51.61807,3,3,7,06:10,-1,E09000010,6,0,1,0,1,19,5,1,0,0,0,1,0,1,0,0,0,9,14
2024010532061,2024,010532061,516559,171394,-0.32475,51.42957,3,3,7,06:00,-1,E09000027,3,0,1,0,1,19,"[1, 5]","[5, 1]",0,0,0,1,0,0,0,0,0,9,14
2024010532063,2024,010532063,525987,175249,-0.18783,51.4622,2,2,2,10:35,-1,E09000032,6,0,1,0,1,19,1,5,0,0,0,0,1,0,0,0,1,8,26
2024010532064,2024,010532064,514823,180157,-0.34687,51.50869,2,2,7,05:58,-1,E09000009,3,2,1,0,1,5,5,1,0,0,0,0,0,0,1,0,1,9,14
2024010532069,2024,010532069,507479,178822,-0.45305,51.49813,3,3,7,07:37,-1,E09000017,3,0,1,0,1,99,9,9,99,9,99,1,0,0,0,0,0,9,14
2024010532079,2024,010532079,536938,172920,-0.03119,51.43873,3,3,7,09:39,-1,E09000023,6,0,1,0,1,99,9,9,99,9,99,1,1,0,0,0,0,9,14
2024010532081,2024,010532081,521074,192762,-0.2525,51.62067,3,3,7,10:30,-1,E09000003,3,0,1,0,1,19,5,1,0,0,0,1,0,0,0,0,0,9,14
2024010532084,2024,010532084,542361,165110,0.04365,51.36722,3,3,6,15:05,-1,E09000006,3,0,8,0,1,99,9,9,99,9,99,1,0,0,0,0,0,9,13
2024010532085,2024,010532085,527545,192359,-0.15923,51.61562,2,2,7,11:03,-1,E09000003,4,0,1,0,1,"[9, 19]","[1, 7]","[7, 3]",0,0,0,1,1,0,0,0,0,9,14
2024010532086,2024,010532086,509058,191526,-0.42638,51.61201,3,3,7,11:30,-1,E09000017,6,0,1,0,1,5,"[3, 5]","[7, 1]",0,"[7, 0]",0,1,0,0,0,0,0,9,14
2024010532087,2024,010532087,556377,192931,0.25714,51.61349,3,3,7,11:52,-1,E09000016,1,0,1,0,2,"[4, 19]",1,5,0,0,0,1,0,0,0,0,0,9,14
2024010532089,2024,010532089,520884,192885,-0.2552,51.62181,3,3,6,04:30,-1,E09000003,3,0,1,0,1,19,"[5, 7]","[1, 3]",0,0,0,1,0,1,0,0,0,9,13
2024010532090,2024,010532090,534319,199635,-0.05866,51.67943,2,2,7,11:40,-1,E09000010,6,0,1,0,2,19,5,7,0,0,0,1,0,0,0,0,1,9,14
2024010532091,2024,010532091,537129,187338,-0.02285,51.56825,3,3,7,13:00,-1,E09000031,3,0,1,0,1,99,9,9,99,9,99,1,1,0,0,0,0,9,14
2024010532092,2024,010532092,547070,170392,0.11343,51.41348,3,3,7,12:15,-1,E09000004,3,0,1,0,2,99,9,9,99,9,99,1,1,0,0,0,0,9,14
2024010532093,2024,010532093,528017,181667,-0.1563,51.51942,3,3,3,20:10,-1,E09000033,3,2,2,1,1,99,9,9,99,9,99,0,1,0,0,0,1,9,10
2024010532094,2024,010532094,533335,175529,-0.08202,51.46304,2,2,7,08:50,-1,E09000028,3,0,1,0,1,19,"[8, 2]","[4, 6]",0,0,0,0,1,0,1,0,0,9,14
2024010532095,2024,010532095,528433,178067,-0.15162,51.48698,3,3,7,08:15,-1,E09000020,3,0,1,0,1,19,1,5,0,"[0, 1]",0,1,1,0,0,0,0,9,14
2024010532097,2024,010532097,524768,178300,-0.2043,51.48989,3,3,7,11:17,-1,E09000013,6,0,1,0,1,99,9,9,99,9,99,1,0,1,0,0,0,9,14
2024010532099,2024,010532099,520341,190177,-0.26397,51.59759,3,3,7,12:30,-1,E09000003,3,0,1,0,1,"[9, 19]","[5, 1]","[3, 5]",0,0,0,1,1,0,0,0,0,9,14
2024010532103,2024,010532103,526396,175492,-0.18186,51.46429,3,3,7,13:35,-1,E09000032,3,0,1,0,1,19,3,7,0,0,0,1,0,1,0,0,0,9,14
2024010532105,2024,010532105,523579,177820,-0.22158,51.48584,3,3,7,13:10,-1,E09000013,6,0,1,0,1,"[5, 4]",1,5,0,0,0,1,0,1,0,0,0,9,14
2024010532109,2024,010532109,527032,195453,-0.16551,51.64354,3,3,7,14:25,-1,E09000003,3,0,1,0,1,5,"[5, 7]","[1, 3]",0,0,0,1,0,0,0,0,0,9,14
2024010532113,2024,010532113,528133,191373,-0.1511,51.60662,3,3,7,15:05,-1,E09000003,3,0,1,0,1,"[3, 19]",2,6,0,0,0,1,0,0,0,0,0,9,14
2024010532115,2024,010532115,518179,184236,-0.29717,51.54465,3,3,7,12:40,-1,E09000005,3,0,1,0,1,19,7,3,0,0,0,0,0,0,1,0,0,9,14
2024010532116,2024,010532116,519319,191500,-0.27827,51.6097,3,3,6,16:00,-1,E09000015,3,0,1,0,1,99,9,9,99,9,99,1,0,0,0,0,1,9,13
2024010532122,2024,010532122,537435,189786,-0.01748,51.59017,3,3,7,13:50,-1,E09000031,3,0,9,-1,1,99,9,9,99,9,99,1,0,0,0,0,0,9,14
2024010532123,2024,010532123,519427,186584,-0.27838,51.56549,3,3,7,15:20,-1,E09000005,3,0,1,0,1,"[4, 1]","[3, 7]","[7, 3]",0,0,0,1,0,0,0,0,0,9,14
2024010532124,2024,010532124,537852,183068,-0.01409,51.5297,3,3,6,22:42,-1,E09000030,3,2,1,0,1,99,9,9,99,9,99,1,0,0,0,1,0,9,13
2024010532130,2024,010532130,536521,172435,-0.03738,51.43447,3,3,7,16:32,-1,E09000023,6,0,1,0,1,"[9, 19]","[7, 3]","[5, 7]",0,0,0,1,0,0,0,0,0,9,14
2024010532138,2024,010532138,516335,189269,-0.32208,51.59027,3,3,7,16:12,-1,E09000015,6,0,1,0,1,"[19, 6, 3]","[3, 7, 5]","[7, 1]",0,0,0,1,0,0,0,0,0,9,14
2024010532144,2024,010532144,525869,175046,-0.1896,51.4604,3,3,7,15:18,-1,E09000032,6,0,1,0,1,"[9, 19]",7,"[4, 3]",0,0,0,1,0,0,0,0,0,9,14
2024010532147,2024,010532147,520156,168554,-0.274,51.4033,3,3,7,12:52,-1,E09000021,3,0,1,0,1,99,9,9,99,9,99,1,0,0,0,0,0,9,14
2024010532152,2024,010532152,541354,191519,0.03975,51.60477,3,3,7,18:24,-1,E09000026,6,0,1,0,1,99,9,9,99,9,99,1,1,0,0,0,0,9,14
2024010532158,2024,010532158,536383,172701,-0.03926,51.4369,2,2,7,18:25,-1,E09000023,6,0,1,0,1,"[5, 19]","[0, 5]",1,0,0,0,1,0,0,0,0,0,9,14
2024010532160,2024,010532160,524276,177512,-0.21166,51.48292,3,3,7,18:15,-1,E09000013,3,0,1,0,1,"[2, 5]","[0, 3]","[0, 7]","[0, 4]",0,0,0,0,1,1,0,0,9,14
2024010532161,2024,010532161,540217,169516,0.01461,51.40734,3,3,7,19:10,-1,E09000006,3,2,1,0,1,4,3,7,0,0,0,0,0,0,1,0,0,9,14
2024010532164,2024,010532164,543520,169618,0.0621,51.40743,3,3,7,16:00,-1,E09000006,3,0,1,0,1,19,"[1, 5]","[5, 1]",0,"[7, 0]",0,1,0,0,0,0,0,9,14
2024010532170,2024,010532170,541513,190490,0.04163,51.59549,3,3,7,18:22,-1,E09000026,1,0,1,0,2,4,1,5,0,0,0,1,0,0,0,0,0,9,14
2024010532171,2024,010532171,528675,192277,-0.14294,51.61462,3,3,6,16:41,-1,E09000010,3,0,1,0,1,99,9,9,99,9,99,1,0,0,0,0,1,9,13
2024010532173,2024,010532173,529262,180764,-0.1387,51.51103,3,3,7,14:38,-1,E09000033,3,0,1,0,1,19,8,4,0,0,0,0,0,1,0,0,1,9,14
2024010532182,2024,010532182,550406,179753,0.16534,51.49671,2,2,7,05:57,-1,E09000004,6,0,8,0,1,7,8,2,0,0,0,1,0,0,0,0,1,9,14
2024010532183,2024,010532183,528375,179875,-0.1518,51.50324,3,3,7,19:25,-1,E09000033,3,2,1,0,1,"[3, 19]",3,7,"[0, 4]",0,0,0,1,0,1,0,0,9,14
2024010532190,2024,010532190,530103,171062,-0.13016,51.42364,3,3,7,13:35,-1,E09000022,6,0,1,0,1,"[19, 9]","[5, 2]","[1, 7]",0,0,0,1,0,1,0,0,0,9,14
2024010532193,2024,010532193,527754,172003,-0.16358,51.43263,3,3,7,19:39,-1,E09000032,3,2,1,0,1,99,9,9,99,9,99,1,0,0,0,0,0,9,14
2024010532196,2024,010532196,539894,186253,0.01659,51.55782,3,3,7,18:23,-1,E09000031,6,0,1,0,1,99,9,9,99,9,99,1,0,0,0,0,0,9,14
2024010532198,2024,010532198,531000,178468,-0.11452,51.48999,3,3,7,21:45,-1,E09000022,6,2,1,0,1,"[9, 19]","[2, 5]","[7, 1]",0,0,0,0,1,1,0,0,0,9,14
2024010532199,2024,010532199,529282,180875,-0.13837,51.51202,3,3,7,23:55,-1,E09000033,5,2,1,0,1,99,9,9,0,9,0,1,0,0,0,0,1,9,14
2024010532201,2024,010532201,537359,192769,-0.01741,51.61699,2,2,1,00:15,-1,E09000031,3,2,1,0,1,19,7,3,0,0,0,1,0,1,0,0,0,9,15
2024010532204,2024,010532204,525030,182378,-0.19908,51.52648,3,3,7,23:20,-1,E09000033,4,2,1,0,1,13,1,5,0,7,0,0,0,1,0,0,0,9,14
2024010532205,2024,010532205,519399,169108,-0.28469,51.40844,2,2,7,23:15,-1,E09000021,3,2,1,0,1,"[2, 19]","[0, 7]","[0, 3]","[0, 4]",0,0,1,0,0,0,0,0,9,14
2024010532209,2024,010532209,527460,171480,-0.168,51.428,2,2,1,00:40,-1,E09000032,3,2,1,0,1,5,3,7,0,0,0,1,0,0,0,0,1,9,15
2024010532211,2024,010532211,547433,185950,0.12513,51.55318,3,3,1,00:00,-1,E09000002,4,2,1,0,1,"[2, 1, 19]","[0, 1]","[0, 5]","[0, 4]",0,0,1,0,0,0,0,0,9,15
2024010532212,2024,010532212,526935,176994,-0.17357,51.47767,2,2,1,02:41,-1,E09000032,5,2,1,0,1,19,7,3,0,0,0,1,1,0,0,0,0,9,15
2024010532216,2024,010532216,530330,183298,-0.12238,51.53355,3,3,1,06:10,-1,E09000019,3,0,1,0,1,7,1,4,7,3,10,1,0,0,0,0,0,9,15
2024010532218,2024,010532218,536992,169374,-0.03179,51.40685,3,3,6,08:00,-1,E09000006,3,0,1,0,1,99,9,9,99,9,99,1,1,0,0,0,0,9,13
2024010532221,2024,010532221,531092,174818,-0.11455,51.45717,3,3,7,15:25,-1,E09000022,3,0,1,0,1,99,9,9,0,0,0,1,0,0,0,0,1,9,14
2024010532223,2024,010532223,532476,179717,-0.09281,51.50087,2,2,7,15:05,-1,E09000028,3,0,1,0,1,99,9,9,99,9,99,1,1,0,0,0,0,9,14
2024010532228,2024,010532228,535437,175978,-0.05161,51.46657,2,2,7,09:40,-1,E09000028,5,0,1,0,1,99,9,9,99,9,99,1,0,0,0,0,1,7,20
2024010532230,2024,010532230,533737,197884,-0.06774,51.66383,3,3,6,09:05,-1,E09000010,6,0,9,-1,1,99,9,9,99,9,99,1,0,1,0,0,0,9,13
2024010532231,2024,010532231,548960,186960,0.14757,51.56185,3,3,6,19:30,-1,E09000002,3,2,9,-1,1,99,9,9,99,9,99,1,0,1,0,0,0,9,13
2024010532232,2024,010532232,535464,185036,-0.04774,51.54796,3,3,7,20:50,-1,E09000012,3,0,1,0,1,"[15, 7]",1,"[5, 3]",0,"[0, 1]",0,1,1,0,0,0,0,8,31
2024010532236,2024,010532236,525341,183728,-0.19412,51.53855,3,3,7,08:09,-1,E09000005,3,0,1,0,1,99,9,9,99,9,99,1,1,0,0,0,0,9,14
2024010532237,2024,010532237,531890,179858,-0.10119,51.50228,3,3,1,10:42,-1,E09000028,5,0,1,0,1,99,9,9,99,9,99,1,1,0,0,0,0,9,15
2024010532238,2024,010532238,506601,182106,-0.46471,51.52781,3,3,7,19:15,-1,E09000017,5,0,1,0,1,99,9,9,99,9,99,0,1,0,1,0,0,9,14
2024010532241,2024,010532241,507617,179617,-0.45082,51.50525,3,3,1,12:07,-1,E09000017,3,0,1,0,1,"[4, 19]",1,5,0,0,0,1,0,0,1,0,0,9,15
2024010532247,2024,010532247,522521,187200,-0.23355,51.57037,2,2,1,07:30,-1,E09000005,3,0,1,0,1,"[2, 19]","[0, 3]","[0, 7]",0,"[0, 2]","[0, 5]",1,0,0,1,0,1,9,15
2024010532249,2024,010532249,539390,176742,0.00557,51.47248,2,"[3, 2]",1,10:26,-1,E09000011,3,0,1,0,1,19,"[3, 7]","[7, 3]",0,0,0,1,0,0,0,0,0,9,15
2024010532250,2024,010532250,542230,191654,0.05245,51.60577,3,3,1,10:12,-1,E09000026,3,0,1,0,1,5,3,7,0,0,0,0,1,0,0,0,0,9,15
2024010532255,2024,010532255,523408,170686,-0.22653,51.42176,2,2,1,12:40,-1,E09000024,4,0,1,0,1,-1,1,6,0,0,0,1,0,0,0,0,1,9,15
2024010532262,2024,010532262,529108,181160,-0.14077,51.51462,3,3,1,03:45,-1,E09000033,6,2,1,1,1,"[10, 8]","[1, 5]",7,0,0,0,1,0,0,0,0,1,9,15
2024010532263,2024,010532263,527754,177955,-0.16144,51.48612,3,3,1,13:30,-1,E09000020,6,0,1,0,1,"[9, 3]","[4, 2]","[1, 6]",0,0,0,1,0,1,0,0,0,9,15
2024010532266,2024,010532266,515439,168630,-0.34175,51.40496,3,3,7,05:50,-1,E09000027,3,2,9,-1,1,99,9,9,99,9,99,1,0,1,0,0,0,9,14
2024010532267,2024,010532267,518149,184428,-0.29753,51.54639,3,3,6,12:10,-1,E09000005,3,0,8,0,1,"[14, 2]",9,9,"[8, 99]",9,99,1,1,0,0,0,0,9,13