collision_index,collision_year,collision_ref_no,location_easting_osgr,location_northing_osgr,longitude,latitude,casualty_severity,casualty_severity,day_of_week,time,local_authority_district,local_authority_ons_district,first_road_class,light_conditions,weather_conditions,road_surface_conditions,urban_or_rural_area,vehicle_manoeuvre,vehicle_direction_from,vehicle_direction_to,hit_object_in_carriageway,vehicle_leaving_carriageway,hit_object_off_carriageway,is_car,is_cyle,is_mcyle,is_goodsv,is_other,is_pedestrian,month,day
2024010533621,2024,010533621,533160,171638,-0.086,51.42811,3,3,1,13:06,-1,E09000028,3,0,1,1,1,5,3,7,0,7,10,1,0,0,0,0,0,9,22
2024010533624,2024,010533624,537321,185401,-0.02084,51.55079,3,3,7,17:20,-1,E09000012,3,0,9,-1,1,"[99, 19]","[9, 1]","[9, 5]",99,9,"[99, 10]",1,0,0,0,0,0,9,21
2024010533627,2024,010533627,534820,186344,-0.05652,51.55987,3,3,1,10:37,-1,E09000012,3,0,2,1,1,19,5,1,10,1,10,1,0,0,0,0,1,9,22
2024010533629,2024,010533629,545930,185502,0.10329,51.54954,3,3,7,08:38,-1,E09000002,3,0,9,-1,1,99,9,9,0,0,0,1,0,0,0,0,0,9,21
2024010533637,2024,010533637,556797,192367,0.26295,51.60831,3,3,5,17:30,-1,E09000016,1,0,1,0,2,99,9,9,99,9,99,1,0,0,1,0,0,8,22
2024010533640,2024,010533640,526905,178875,-0.17333,51.49458,2,2,7,17:20,-1,E09000020,3,0,1,0,1,99,9,9,99,9,99,1,0,0,0,0,1,9,21
2024010533641,2024,010533641,531054,179504,-0.11336,51.49929,3,3,1,09:30,-1,E09000022,3,0,1,1,1,99,9,9,"[99, 8]",9,99,1,1,0,0,0,0,9,22
2024010533645,2024,010533645,529469,195418,-0.13032,51.64267,3,3,1,14:40,-1,E09000010,5,0,1,0,1,"[3, 19]",1,5,0,0,0,1,0,0,1,0,0,9,22
2024010533646,2024,010533646,534168,192726,-0.06349,51.61738,3,3,1,14:17,-1,E09000010,3,0,1,1,1,9,7,5,0,0,0,1,0,0,0,0,1,9,22
2024010533648,2024,010533648,510547,174336,-0.41028,51.45722,2,2,1,08:31,-1,E09000018,3,0,2,1,1,19,"[5, 3]","[1, 7]",0,0,0,1,0,1,0,0,0,9,22
2024010533652,2024,010533652,533081,190560,-0.08,51.59817,3,3,1,15:45,-1,E09000014,3,0,1,0,1,"[14, 19]","[7, 1]","[3, 5]",0,0,0,1,1,0,0,0,0,9,22
2024010533655,2024,010533655,533259,184797,-0.07961,51.54634,2,"[3, 2]",1,15:10,-1,E09000012,3,0,1,0,1,"[19, 5]","[7, 1]","[3, 5]",0,0,0,0,1,1,0,0,0,9,22
2024010533657,2024,010533657,524447,189310,-0.20503,51.58891,3,3,1,15:40,-1,E09000003,3,0,1,1,1,"[19, 3]",7,3,0,0,0,1,0,0,0,0,0,9,22
2024010533658,2024,010533658,540686,177526,0.02453,51.4792,3,3,3,20:30,-1,E09000011,4,2,1,0,1,99,9,9,99,9,99,1,0,0,0,0,1,9,17
2024010533661,2024,010533661,520703,191614,-0.25825,51.61043,3,3,1,18:27,-1,E09000003,6,0,1,1,1,19,"[5, 7]","[1, 3]","[7, 0]",0,0,1,0,0,0,0,0,9,22
2024010533664,2024,010533664,518734,185739,-0.28866,51.55805,3,3,1,14:15,-1,E09000005,5,0,1,1,1,"[15, 19]","[7, 3]","[3, 7]",0,0,0,1,0,0,0,0,0,9,22
2024010533671,2024,010533671,520438,190060,-0.26261,51.59652,3,3,1,19:00,-1,E09000005,3,2,2,1,1,5,7,3,0,0,0,1,0,0,0,0,1,9,22
2024010533675,2024,010533675,522453,184238,-0.23556,51.54376,3,3,1,19:40,-1,E09000005,3,2,2,1,1,"[19, 9]",5,"[1, 4]",0,0,0,1,1,0,0,0,0,9,22
2024010533678,2024,010533678,532836,185922,-0.08529,51.55655,3,3,1,17:53,-1,E09000012,6,2,1,0,1,19,"[7, 3]","[3, 7]",0,0,0,1,1,0,0,0,0,9,22
2024010533683,2024,010533683,536874,166037,-0.03477,51.37689,3,3,1,19:50,-1,E09000008,3,2,2,1,1,3,7,3,0,0,0,1,0,0,0,0,0,9,22
2024010533685,2024,010533685,533800,181124,-0.07321,51.51321,3,3,1,18:10,-1,E09000030,3,0,1,0,1,"[9, 19]","[7, 1]","[4, 5]",0,0,0,1,1,0,0,0,0,9,22
2024010533687,2024,010533687,528719,189815,-0.14321,51.59249,3,3,1,16:03,-1,E09000014,4,0,1,0,1,19,"[1, 5]","[5, 1]",0,0,0,1,0,0,0,0,0,9,22
2024010533692,2024,010533692,523544,187940,-0.21854,51.57679,3,3,1,21:05,-1,E09000003,3,2,2,1,1,"[2, 19]","[0, 5]","[0, 1]","[0, 4]",0,0,1,0,1,0,0,0,9,22
2024010533699,2024,010533699,533657,186899,-0.07308,51.56514,2,2,1,21:10,-1,E09000012,3,2,2,1,1,13,5,1,0,0,0,0,0,1,0,0,1,9,22
2024010533700,2024,010533700,533820,178894,-0.07377,51.49316,3,3,1,16:09,-1,E09000028,3,0,1,0,1,"[19, 7]","[7, 3]","[3, 5, 7]",0,0,0,1,0,0,0,0,0,9,22
2024010533703,2024,010533703,532115,184096,-0.09636,51.54031,3,3,1,18:55,-1,E09000019,3,2,1,0,1,19,"[1, 5]","[5, 1]",0,0,0,0,1,0,1,0,0,9,22
2024010533705,2024,010533705,506023,176774,-0.47464,51.48,3,3,1,22:06,-1,EHEATHROW,6,2,8,1,1,"[6, 19]","[3, 7]",3,0,0,0,1,0,0,0,0,0,9,22
2024010533708,2024,010533708,524855,177954,-0.20317,51.48676,3,3,1,19:45,-1,E09000013,4,2,1,1,1,19,1,5,0,0,0,0,0,1,0,0,1,9,22
2024010533710,2024,010533710,533000,176683,-0.0864,51.47349,3,3,1,23:56,-1,E09000028,3,2,2,1,1,4,3,7,0,0,0,1,0,1,0,0,0,9,22
2024010533713,2024,010533713,512141,180522,-0.38538,51.5125,3,3,1,22:25,-1,E09000009,3,2,2,1,1,"[3, 5]",7,3,0,0,0,1,0,0,0,0,0,9,22
2024010533714,2024,010533714,520671,185090,-0.26095,51.5518,3,3,7,23:38,-1,E09000005,3,2,2,1,1,"[19, 6]","[7, 1]","[3, 1]",0,0,0,1,0,0,0,0,0,9,21
2024010533720,2024,010533720,540089,176880,0.01568,51.47355,3,3,2,07:45,-1,E09000023,3,0,2,1,1,"[5, 7]","[5, 1]","[1, 3]",0,"[1, 0]",0,1,0,0,0,1,0,9,23
2024010533722,2024,010533722,531367,182158,-0.10787,51.52307,3,3,2,08:20,-1,E09000019,3,0,2,1,1,5,"[3, 5]","[7, 1]",0,0,0,1,1,0,0,0,0,9,23
2024010533723,2024,010533723,514964,176510,-0.34602,51.47588,2,2,2,06:45,-1,E09000018,4,2,2,1,1,99,9,9,99,9,99,1,1,0,0,0,0,9,23
2024010533726,2024,010533726,549682,175103,0.15295,51.45513,3,3,2,07:48,-1,E09000004,3,0,1,0,1,"[3, 9]","[1, 5]","[5, 3]",0,0,0,1,0,0,1,0,0,9,23
2024010533727,2024,010533727,526020,186265,-0.18343,51.56119,3,3,2,07:30,-1,E09000007,5,0,2,1,1,19,"[3, 1]","[7, 5]",0,0,0,1,0,0,0,0,0,9,23
2024010533729,2024,010533729,527425,173227,-0.16787,51.44371,3,3,2,07:45,-1,E09000032,3,0,2,1,1,"[7, 19]",9,9,99,9,99,1,1,0,0,0,0,9,23
2024010533730,2024,010533730,530867,183674,-0.11451,51.53681,3,3,2,08:45,-1,E09000019,5,0,1,1,1,7,7,2,0,0,0,0,0,0,1,0,0,9,23
2024010533734,2024,010533734,507786,181607,-0.44778,51.5231,3,3,2,09:35,-1,E09000017,3,0,9,0,1,"[5, 19]","[1, 5]","[5, 1]",0,0,0,1,0,0,0,0,0,9,23
2024010533735,2024,010533735,550500,178857,0.16631,51.48864,2,2,4,15:45,-1,E09000004,3,0,1,0,1,99,9,9,99,9,99,0,0,0,1,0,1,9,18
2024010533743,2024,010533743,532685,191465,-0.08537,51.6064,3,3,2,09:49,-1,E09000014,3,0,1,0,1,"[11, 19]",1,5,0,"[0, 1]","[0, 2]",1,0,0,0,0,0,9,23
2024010533745,2024,010533745,543495,188558,0.06944,51.57763,3,3,2,09:07,-1,E09000026,3,0,1,1,1,"[7, 19]","[2, 1]",5,0,0,0,1,0,0,1,0,0,9,23
2024010533746,2024,010533746,531054,164823,-0.11879,51.36736,3,3,2,14:56,-1,E09000008,3,0,1,0,1,99,9,9,99,9,99,1,0,0,0,0,0,9,16
2024010533749,2024,010533749,533806,178895,-0.07397,51.49317,3,3,2,10:05,-1,E09000028,3,0,1,0,1,99,9,9,99,9,99,1,0,0,0,1,0,9,23
2024010533751,2024,010533751,528092,181413,-0.15532,51.51712,2,2,6,15:15,-1,E09000033,3,0,1,0,1,99,9,9,99,9,99,0,0,0,1,0,1,9,20
2024010533754,2024,010533754,526394,180684,-0.18004,51.51096,3,3,2,08:21,-1,E09000033,3,0,2,1,1,99,9,9,99,9,99,1,1,0,0,0,0,9,23
2024010533764,2024,010533764,533857,181414,-0.07228,51.5158,2,2,1,23:30,-1,E09000030,3,2,1,0,1,99,9,9,99,9,99,1,1,0,0,0,0,9,22
2024010533768,2024,010533768,530651,185800,-0.11683,51.55596,3,3,2,11:45,-1,E09000019,3,0,1,0,1,19,1,5,0,0,0,0,1,0,0,0,0,9,23
2024010533772,2024,010533772,507478,180971,-0.45241,51.51745,2,2,2,07:50,-1,E09000017,3,0,2,1,1,19,5,1,9,3,0,0,0,1,0,0,0,9,23
2024010533775,2024,010533775,527138,177146,-0.17059,51.47899,3,3,1,17:50,-1,E09000032,3,0,9,-1,1,99,9,9,99,9,99,1,0,1,0,0,0,9,22
2024010533776,2024,010533776,515640,188853,-0.33225,51.58668,3,3,2,06:21,-1,E09000015,3,2,2,1,1,19,1,5,0,0,0,1,0,0,0,0,1,9,23
2024010533778,2024,010533778,525875,179405,-0.18797,51.49958,3,3,2,12:00,-1,E09000020,6,0,1,0,1,"[2, 19, 1]","[0, 1]","[0, 5]","[0, 8]",0,0,1,1,0,0,0,0,9,23
2024010533779,2024,010533779,539409,165066,0.00125,51.36755,3,3,2,08:50,-1,E09000006,6,0,8,1,1,"[2, 5]","[0, 1]","[0, 5]","[0, 4]",0,0,1,0,0,0,0,0,9,23
2024010533782,2024,010533782,534578,193763,-0.05717,51.6266,3,3,5,04:20,-1,E09000010,3,0,1,0,1,19,6,2,0,9,99,1,0,0,0,0,1,8,1
2024010533784,2024,010533784,538749,171613,-0.00567,51.42655,2,2,2,07:10,-1,E09000023,6,0,2,1,1,"[2, 19]","[0, 3]","[0, 7]","[4, 0]",0,0,1,0,0,0,0,1,9,23
2024010533785,2024,010533785,539501,178967,0.00804,51.49245,3,3,3,07:35,-1,E09000011,3,0,9,0,1,3,1,5,0,0,0,1,0,0,0,0,0,8,6
2024010533786,2024,010533786,531784,183637,-0.10131,51.53626,3,3,6,11:25,-1,E09000019,6,0,1,0,1,99,9,9,99,9,99,0,1,0,0,0,0,9,20
2024010533787,2024,010533787,537348,191985,-0.01787,51.60995,3,3,5,19:59,-1,E09000031,3,2,1,0,1,99,9,9,99,9,99,1,0,0,0,0,0,9,19
2024010533790,2024,010533790,529250,178547,-0.13969,51.4911,2,2,2,13:56,-1,E09000033,3,0,1,0,1,9,7,5,0,0,0,1,0,0,0,0,1,9,23
2024010533796,2024,010533796,532449,164807,-0.09877,51.36689,3,3,2,15:18,-1,E09000008,3,0,1,0,1,19,1,5,0,0,0,1,0,0,0,0,1,9,23
2024010533802,2024,010533802,529861,175550,-0.13199,51.46403,3,3,7,21:00,-1,E09000022,3,2,9,-1,1,"[11, 19]",9,9,99,9,99,1,1,0,0,0,0,9,21
2024010533803,2024,010533803,534803,179528,-0.05937,51.49863,3,3,2,15:44,-1,E09000028,3,0,1,0,1,4,3,7,0,0,0,0,0,0,1,0,0,9,23
2024010533812,2024,010533812,523752,174277,-0.22033,51.45396,3,3,2,08:57,-1,E09000032,3,0,2,1,1,"[1, 3]",9,9,99,9,99,1,1,0,0,0,0,9,23
2024010533822,2024,010533822,525837,177016,-0.18936,51.47812,3,3,2,18:10,-1,E09000013,3,0,1,0,1,99,9,9,99,9,99,0,1,1,0,0,0,9,16
2024010533829,2024,010533829,519346,178980,-0.28212,51.49717,3,3,2,16:04,-1,E09000018,3,0,1,0,1,"[5, 3]",1,5,0,0,0,1,0,0,0,0,0,9,23
2024010533833,2024,010533833,524716,183952,-0.20305,51.5407,3,3,2,18:15,-1,E09000005,3,2,2,1,1,"[7, 19]",3,"[5, 7]",0,0,0,1,1,0,0,0,0,9,23
2024010533834,2024,010533834,525116,180089,-0.19865,51.50589,3,3,2,16:46,-1,E09000020,5,0,1,1,1,"[14, 3]",5,1,0,0,0,1,0,0,0,0,0,9,23
2024010533837,2024,010533837,544138,177980,0.07439,51.48241,3,3,2,16:10,-1,E09000011,6,0,1,0,1,7,5,8,0,1,11,1,0,0,0,0,0,9,23
2024010533839,2024,010533839,524913,190242,-0.19797,51.59718,3,3,2,17:15,-1,E09000003,3,0,8,0,1,99,9,9,99,9,99,1,0,0,0,0,0,9,23
2024010533847,2024,010533847,544625,167625,0.07717,51.38924,2,2,2,14:07,-1,E09000006,6,0,1,0,1,"[1, 2]","[2, 0]","[4, 0]",0,0,0,1,0,0,0,0,0,9,23
2024010533851,2024,010533851,522717,187482,-0.23063,51.57286,3,3,2,14:52,-1,E09000003,1,0,2,1,1,5,"[1, 5]","[5, 1]",0,0,0,1,0,0,1,0,0,9,23
2024010533860,2024,010533860,524250,181436,-0.21065,51.51819,3,3,2,18:20,-1,E09000020,4,2,1,0,1,"[8, 3]","[1, 7]","[4, 3]",0,0,0,1,0,0,1,0,0,9,23
2024010533862,2024,010533862,505307,184295,-0.4827,51.54773,3,3,2,18:35,-1,E09000017,4,2,8,0,1,19,7,3,0,0,0,1,0,0,0,0,1,9,23
2024010533869,2024,010533869,544360,187594,0.08152,51.56874,3,3,5,08:10,-1,E09000026,6,0,1,0,1,99,9,9,99,9,99,1,0,0,0,0,1,9,12
2024010533870,2024,010533870,526277,168210,-0.18617,51.39888,3,3,2,17:56,-1,E09000024,3,0,1,0,1,19,3,7,10,7,0,1,0,0,0,0,1,9,23
2024010533879,2024,010533879,536805,183562,-0.02899,51.53439,3,3,2,21:00,-1,E09000030,6,2,1,1,1,"[2, 19]","[0, 5]","[0, 1]",0,0,0,1,0,0,0,0,1,9,23
2024010533885,2024,010533885,523992,165909,-0.2198,51.3787,3,3,2,21:30,-1,E09000029,3,2,1,0,1,"[7, 13]",1,"[3, 5]",0,0,0,1,0,0,1,0,0,9,23
2024010533886,2024,010533886,528443,175758,-0.15232,51.46622,3,3,2,08:25,-1,E09000032,3,0,2,1,1,"[9, 19]","[1, 5]","[7, 1]",0,0,0,1,1,0,0,0,0,9,23
2024010533888,2024,010533888,524023,182042,-0.21371,51.52368,3,3,5,19:22,-1,E09000020,4,0,1,0,1,99,9,9,99,9,99,0,1,0,0,0,0,8,1
2024010533891,2024,010533891,533483,183308,-0.07695,51.53291,3,3,3,12:50,-1,E09000012,3,2,2,1,1,"[9, 19]","[5, 1]","[2, 5]",0,"[7, 0]",0,1,1,0,0,0,0,9,24
2024010533893,2024,010533893,512250,186084,-0.38204,51.56247,3,3,3,02:00,-1,E09000017,5,2,2,1,1,"[19, 9]","[5, 1]","[1, 7]","[7, 0]","[7, 1]","[11, 2]",1,0,0,0,0,0,9,24
2024010533894,2024,010533894,530762,171016,-0.1207,51.42308,3,3,2,19:55,-1,E09000022,3,2,1,1,1,19,5,1,0,0,0,1,1,0,0,0,0,9,23
2024010533895,2024,010533895,513085,178626,-0.37239,51.49528,3,3,2,22:00,-1,E09000009,3,2,2,1,1,"[19, 9]","[4, 8]","[8, 6]",0,0,0,1,0,1,0,0,0,9,23
2024010533900,2024,010533900,553758,190455,0.21826,51.59197,3,3,2,13:15,-1,E09000016,6,0,2,1,1,99,9,9,99,9,99,1,0,0,0,0,0,9,23
2024010533903,2024,010533903,535068,181276,-0.05489,51.51427,3,3,2,12:10,-1,E09000030,3,0,1,0,1,99,9,9,99,9,99,1,1,0,0,0,0,9,23
2024010533904,2024,010533904,546874,192536,0.11983,51.6125,3,3,3,07:15,-1,E09000026,5,0,2,1,1,"[19, 7]","[6, 7]",2,0,0,0,1,0,0,0,0,0,9,24
2024010533905,2024,010533905,531397,186885,-0.10567,51.56554,3,3,2,15:25,-1,E09000014,3,0,1,0,1,99,9,9,99,9,99,0,1,0,0,0,0,9,23
2024010533912,2024,010533912,527738,181683,-0.16032,51.51963,2,2,3,08:37,-1,E09000033,5,0,1,1,1,"[9, 14]",6,"[4, 2]","[0, 4]",0,0,1,1,0,0,0,0,9,24
2024010533925,2024,010533925,534254,189475,-0.06349,51.58814,3,3,6,07:45,-1,E09000014,6,0,1,0,1,99,9,9,99,9,99,0,1,0,0,0,0,9,20
2024010533926,2024,010533926,542060,183399,0.04666,51.53163,3,3,3,08:56,-1,E09000025,3,0,1,0,1,"[9, 19]","[5, 3]","[4, 7]",0,0,0,1,0,1,0,0,0,9,24
2024010533927,2024,010533927,543693,186875,0.07161,51.56245,3,3,3,09:30,-1,E09000026,6,0,2,1,1,19,"[5, 7]","[7, 3]",0,0,0,1,0,1,0,0,0,9,24
2024010533928,2024,010533928,521248,189041,-0.25127,51.58719,3,3,2,16:30,-1,E09000005,3,0,9,-1,1,99,9,9,99,9,99,1,0,1,0,0,0,9,23
2024010533929,2024,010533929,533706,189278,-0.07147,51.5865,3,3,3,09:05,-1,E09000014,3,0,1,1,1,19,1,5,0,0,0,1,0,1,0,0,0,9,24
2024010533933,2024,010533933,527598,171711,-0.16593,51.43005,3,3,2,06:55,-1,E09000032,3,0,2,1,1,"[9, 19]",9,9,99,9,99,1,1,0,0,0,0,9,23
2024010533938,2024,010533938,534252,180885,-0.06679,51.51095,3,3,3,11:15,-1,E09000030,4,0,1,0,1,"[9, 19]",3,"[8, 7]",0,0,0,1,1,0,0,0,0,9,24
2024010533949,2024,010533949,530976,175338,-0.11603,51.46187,3,3,3,12:45,-1,E09000022,6,0,1,0,1,1,1,5,0,0,0,1,0,0,0,0,1,9,24
2024010533951,2024,010533951,513111,184336,-0.37019,51.54659,2,2,3,07:36,-1,E09000009,3,0,1,0,1,"[19, 13, 3]",5,1,0,0,0,1,0,1,0,0,0,9,24
2024010533952,2024,010533952,531462,188272,-0.10421,51.57799,3,3,2,17:35,-1,E09000014,4,0,1,0,1,99,9,9,99,9,99,0,0,0,0,0,1,9,23
2024010533953,2024,010533953,524193,174144,-0.21403,51.45267,3,3,3,12:35,-1,E09000032,3,0,1,0,1,"[9, 19]","[7, 5]","[5, 1]",0,0,0,1,0,1,0,0,0,9,24
2024010533954,2024,010533954,538324,186109,-0.0061,51.55691,3,3,2,17:45,-1,E09000031,3,0,1,0,1,99,9,9,99,9,99,1,0,1,0,0,0,9,23
2024010533957,2024,010533957,539630,179101,0.00995,51.49362,3,3,2,13:37,-1,E09000011,5,0,2,0,2,"[99, 19]","[9, 1]","[9, 5]",99,9,99,1,0,0,1,0,0,9,23
2024010533962,2024,010533962,535196,197478,-0.04681,51.65983,3,3,2,13:40,-1,E09000010,3,2,9,-1,1,99,9,9,99,9,99,1,0,1,0,0,0,9,23
2024010533971,2024,010533971,536768,169484,-0.03496,51.4079,3,3,2,17:10,-1,E09000006,3,0,1,0,1,99,9,9,99,9,99,1,0,1,0,0,0,9,23
2024010533972,2024,010533972,525560,168508,-0.19637,51.40171,3,3,3,12:40,-1,E09000024,3,0,1,0,1,"[12, 3, 19]",3,7,0,0,0,1,0,0,0,0,0,9,24
2024010533973,2024,010533973,545209,179721,0.09051,51.49778,3,3,3,14:15,-1,E09000011,3,0,1,0,1,19,3,7,0,0,0,1,0,0,0,0,1,9,24
2024010533974,2024,010533974,551326,188647,0.1824,51.57638,2,"[2, 3]",3,12:40,-1,E09000016,5,0,1,0,1,19,5,2,0,0,0,0,0,0,1,0,1,9,24
2024010533975,2024,010533975,539414,186971,0.00995,51.56439,3,3,3,11:46,-1,E09000031,3,0,1,0,1,19,"[5, 1]","[1, 5]","[0, 7]","[7, 0]",0,1,1,0,0,0,0,9,24
2024010533976,2024,010533976,521134,185261,-0.25422,51.55324,3,3,6,14:18,-1,E09000005,3,0,1,0,1,11,1,5,0,0,0,0,0,1,0,0,0,9,13
2024010533978,2024,010533978,519170,171832,-0.28707,51.43297,3,3,3,08:15,-1,E09000027,6,0,1,0,2,"[9, 19]","[7, 3]","[5, 7]",0,0,0,1,1,0,0,0,0,9,24
2024010533982,2024,010533982,545515,178532,0.09443,51.48702,3,3,6,07:30,-1,E09000011,3,0,9,-1,1,19,5,1,99,9,99,0,0,0,1,0,0,5,24
2024010533983,2024,010533983,553228,190349,0.21057,51.59116,3,3,3,09:05,-1,E09000016,6,0,2,1,1,19,"[7, 3]","[3, 7]",0,0,0,1,1,0,0,0,0,9,24
2024010533985,2024,010533985,528710,168847,-0.15098,51.40406,3,3,2,18:40,-1,E09000024,5,0,9,-1,1,99,9,9,99,9,99,1,0,1,0,0,0,9,23
2024010533987,2024,010533987,510828,178871,-0.40481,51.49792,3,3,3,13:32,-1,E09000018,5,0,1,0,1,11,3,7,0,0,0,1,0,0,0,0,1,9,24
2024010533989,2024,010533989,545996,184050,0.10363,51.53648,3,3,3,14:41,-1,E09000002,6,0,1,0,1,"[9, 4]","[1, 7]","[7, 3]","[4, 0]",0,0,1,0,1,0,0,0,9,24
2024010533990,2024,010533990,539207,185583,0.00642,51.55197,3,3,3,08:30,-1,E09000031,6,2,9,-1,1,99,9,9,99,9,99,1,0,1,0,0,0,9,24
2024010533992,2024,010533992,531024,175351,-0.11533,51.46198,3,3,2,11:30,-1,E09000022,3,0,1,0,1,99,9,9,99,9,99,0,0,0,1,0,1,9,23
2024010533996,2024,010533996,525556,178198,-0.19299,51.4888,2,2,2,18:40,-1,E09000020,3,0,1,0,1,99,9,9,99,9,99,1,0,0,0,0,1,9,23
2024010533999,2024,010533999,540135,173552,0.01502,51.44363,3,3,3,15:40,-1,E09000023,3,0,1,0,1,"[14, 4]","[5, 1]","[1, 5]",0,0,0,1,0,0,1,0,0,9,24
2024010534003,2024,010534003,543555,186327,0.06939,51.55757,3,3,3,14:40,-1,E09000026,6,0,1,0,1,"[2, 5]",0,"[0, 3]","[0, 4]","[0, 1]","[0, 11]",1,0,0,0,0,0,9,24
2024010534010,2024,010534010,518402,182617,-0.2945,51.53006,3,3,2,19:30,-1,E09000009,3,2,9,1,1,"[99, 12]","[9, 3]","[9, 7]","[0, 99]",0,0,1,0,0,0,0,0,9,23
2024010534015,2024,010534015,548531,176956,0.13717,51.47208,3,3,2,13:05,-1,E09000004,5,0,9,-1,1,99,9,9,99,9,99,1,0,1,0,0,0,9,23
2024010534019,2024,010534019,512354,185786,-0.38064,51.55977,3,3,3,15:45,-1,E09000017,5,0,1,0,1,4,5,1,0,0,0,1,0,0,0,0,1,9,24
2024010534022,2024,010534022,556416,192888,0.25769,51.6131,3,3,3,07:20,-1,E09000016,1,0,2,1,2,99,9,9,99,9,99,1,0,0,0,0,0,9,24
2024010534023,2024,010534023,519089,170200,-0.28878,51.41832,3,3,4,15:50,-1,E09000021,5,0,8,0,1,99,9,9,99,9,99,1,0,0,0,0,1,9,18
2024010534025,2024,010534025,528445,172040,-0.15364,51.43281,3,3,3,15:19,-1,E09000032,3,0,1,0,1,"[13, 19]",9,9,99,9,99,1,1,0,0,0,0,9,24
2024010534026,2024,010534026,528793,163572,-0.1517,51.35663,3,3,3,15:17,-1,E09000029,4,0,1,0,1,"[2, 19]","[0, 3]","[0, 7]","[0, 4]",0,0,1,0,0,0,0,0,9,24
2024010534027,2024,010534027,533479,182363,-0.07736,51.52442,3,3,1,03:00,-1,E09000012,3,2,2,-1,1,99,9,9,99,9,99,1,1,0,0,0,0,9,22
2024010534030,2024,010534030,544341,186683,0.08087,51.56056,3,3,7,16:45,-1,E09000026,3,0,1,0,1,99,9,9,99,9,99,1,0,1,0,0,0,8,24
2024010534033,2024,010534033,539166,182088,0.00445,51.52057,3,3,5,11:56,-1,E09000025,3,0,1,0,1,"[19, 3]",9,9,99,9,99,1,1,0,0,0,0,9,19
2024010534034,2024,010534034,543955,185522,0.07483,51.55023,3,3,3,17:29,-1,E09000026,3,0,1,0,1,99,9,9,99,9,99,1,0,0,0,0,0,9,24
2024010534037,2024,010534037,527552,192357,-0.15913,51.6156,3,3,3,14:43,-1,E09000003,4,0,1,0,1,"[19, 9]",7,"[3, 6]",0,0,0,1,1,0,0,0,0,9,24
2024010534043,2024,010534043,517320,177294,-0.31186,51.48244,2,2,3,17:49,-1,E09000018,3,0,1,0,1,"[19, 9]","[7, 1]","[3, 7]",0,0,0,0,1,0,1,0,0,9,24
2024010534045,2024,010534045,510621,180967,-0.40714,51.5168,3,3,3,17:51,-1,E09000017,6,0,1,0,1,"[5, 19]","[0, 3]","[1, 7]",0,0,0,1,0,1,0,0,0,9,24
2024010534053,2024,010534053,523801,182848,-0.21662,51.53098,3,3,2,19:40,-1,E09000005,4,2,1,1,1,99,9,9,99,9,99,0,0,1,0,0,1,9,23
2024010534054,2024,010534054,540383,170578,0.01741,51.41684,3,3,3,12:45,-1,E09000006,6,0,1,1,1,99,9,9,99,9,99,1,0,1,0,0,0,9,24
2024010534058,2024,010534058,534041,173793,-0.07252,51.44727,2,2,3,13:45,-1,E09000028,3,0,1,0,1,"[9, 15]",4,"[2, 8]","[0, 4]",0,0,1,0,1,0,0,0,9,24
2024010534064,2024,010534064,528544,164894,-0.1548,51.36857,2,2,3,19:56,-1,E09000029,3,0,1,0,1,19,5,1,10,1,11,1,0,0,0,0,0,9,24
2024010534069,2024,010534069,545217,187463,0.09382,51.56735,3,3,3,19:00,-1,E09000026,5,2,1,0,1,"[19, 2]","[1, 5, 0]","[5, 1, 0]",0,0,0,1,0,0,0,0,0,9,24
2024010534070,2024,010534070,540786,185059,0.02897,51.54687,2,2,1,03:05,-1,E09000025,3,2,2,1,1,99,9,9,99,9,99,1,1,0,0,0,0,9,22
2024010534075,2024,010534075,527368,181364,-0.16576,51.51685,3,3,3,19:40,-1,E09000033,3,2,1,0,1,"[19, 5]","[5, 3]","[1, 7]",0,0,0,0,1,0,1,0,0,9,24
2024010534078,2024,010534078,525340,177853,-0.19622,51.48575,2,2,3,19:40,-1,E09000013,6,2,1,0,1,"[9, 19]","[1, 5]","[7, 1]",0,0,0,1,1,0,0,0,0,9,24
2024010534079,2024,010534079,524349,175901,-0.21117,51.46842,3,3,3,17:55,-1,E09000013,3,0,1,0,1,"[10, 3]","[8, 5]","[6, 1]",0,"[0, 1]",0,0,1,0,1,0,0,9,24
2024010534081,2024,010534081,522441,184662,-0.23559,51.54758,3,3,1,17:20,-1,E09000005,3,0,1,1,1,99,9,9,99,9,99,1,0,0,0,0,0,9,22
2024010534085,2024,010534085,527536,181045,-0.16346,51.51394,3,3,3,22:31,-1,E09000033,6,2,1,0,1,"[10, 12]",5,"[4, 1]",0,0,0,1,0,0,0,0,0,9,24
2024010534086,2024,010534086,532748,167936,-0.09331,51.39494,3,3,3,22:16,-1,E09000008,3,2,1,0,1,19,"[1, 5]","[5, 1]",0,0,0,1,0,1,0,0,0,9,24
2024010534087,2024,010534087,511625,178641,-0.39341,51.4957,3,3,3,19:22,-1,E09000018,6,2,1,0,1,"[6, 19]","[3, 7]",3,0,0,0,1,0,1,0,0,0,9,24