collision_index,collision_year,collision_ref_no,location_easting_osgr,location_northing_osgr,longitude,latitude,casualty_severity,casualty_severity,day_of_week,time,local_authority_district,local_authority_ons_district,first_road_class,light_conditions,weather_conditions,road_surface_conditions,urban_or_rural_area,vehicle_manoeuvre,vehicle_direction_from,vehicle_direction_to,hit_object_in_carriageway,vehicle_leaving_carriageway,hit_object_off_carriageway,is_car,is_cyle,is_mcyle,is_goodsv,is_other,is_pedestrian,month,day
2024010534093,2024,010534093,533474,183066,-0.07717,51.53073,3,3,7,03:25,-1,E09000012,3,2,2,1,1,99,9,9,99,9,99,1,1,0,0,0,0,8,24
2024010534095,2024,010534095,521451,185885,-0.24944,51.55878,3,3,3,02:25,-1,E09000005,3,2,2,1,1,19,3,7,0,0,0,1,0,0,0,0,0,9,24
2024010534105,2024,010534105,506515,179307,-0.46679,51.50267,3,3,4,05:55,-1,E09000017,5,2,2,1,1,"[9, 19]","[6, 4]","[4, 8]",0,"[0, 7]",0,1,1,0,0,0,0,9,25
2024010534106,2024,010534106,525967,197802,-0.18005,51.66489,3,3,3,23:15,-1,E09000010,5,2,8,0,1,99,9,9,99,9,99,1,0,0,0,0,0,9,24
2024010534111,2024,010534111,542876,188413,0.06045,51.57648,3,3,4,07:28,-1,E09000026,3,0,2,1,1,4,"[3, 7]","[7, 3]",0,0,0,1,0,1,0,0,0,9,25
2024010534120,2024,010534120,530092,181448,-0.1265,51.51698,3,3,6,17:20,-1,E09000007,3,0,9,-1,1,99,9,9,99,9,99,1,1,0,0,0,0,9,20
2024010534129,2024,010534129,536617,190818,-0.02888,51.59964,3,3,4,07:50,-1,E09000031,4,0,2,1,1,"[19, 2]","[3, 7, 0]","[7, 3, 0]","[4, 10, 0]",0,0,1,0,0,0,0,0,9,25
2024010534131,2024,010534131,526365,177417,-0.18162,51.4816,3,3,4,07:50,-1,E09000020,3,0,2,1,1,"[3, 19]",3,7,0,"[0, 1]",0,1,0,1,0,0,0,9,25
2024010534136,2024,010534136,520021,165502,-0.27697,51.3759,2,2,4,09:32,-1,E09000021,3,0,2,1,1,"[10, 9]","[5, 1]","[3, 6]",0,0,0,1,0,0,1,0,0,9,25
2024010534138,2024,010534138,537501,190884,-0.0161,51.60002,3,3,1,06:22,-1,E09000031,3,2,2,1,1,99,9,9,99,9,99,1,0,0,0,0,0,9,22
2024010534142,2024,010534142,535494,181151,-0.0488,51.51304,3,3,3,21:20,-1,E09000030,6,2,9,-1,1,"[1, 3]",9,9,99,9,99,1,1,0,0,0,0,9,24
2024010534144,2024,010534144,526061,180612,-0.18486,51.51038,3,3,4,07:45,-1,E09000033,3,0,2,1,1,7,7,2,0,0,0,1,0,1,0,0,0,9,25
2024010534151,2024,010534151,523697,182597,-0.21821,51.52874,3,3,4,11:05,-1,E09000005,3,0,1,1,1,"[7, 4]",7,"[1, 3]",0,0,0,1,0,1,0,0,0,9,25
2024010534162,2024,010534162,511655,183131,-0.39156,51.53605,3,3,4,09:30,-1,E09000009,3,0,1,1,1,11,5,1,0,0,0,0,0,1,0,0,0,9,25
2024010534166,2024,010534166,549208,175395,0.14626,51.45787,3,3,3,15:15,-1,E09000004,5,0,1,-1,1,99,9,9,99,9,99,1,0,0,0,0,1,9,24
2024010534167,2024,010534167,530412,181740,-0.12178,51.51953,3,3,3,08:30,-1,E09000007,3,0,1,0,1,99,9,9,99,9,99,1,1,0,0,0,0,8,27
2024010534172,2024,010534172,537761,180990,-0.01622,51.51105,3,3,4,08:53,-1,E09000030,6,0,1,1,1,"[9, 14]","[3, 7]","[2, 3]",0,"[2, 0]","[11, 0]",1,0,0,0,0,0,9,25
2024010534175,2024,010534175,524286,181346,-0.21016,51.51737,3,3,3,14:00,-1,E09000020,4,0,9,0,1,19,"[1, 5]","[5, 1]",0,0,0,1,0,1,0,0,0,9,3
2024010534176,2024,010534176,518483,186032,-0.29218,51.56073,3,3,4,11:06,-1,E09000005,6,0,1,0,1,19,"[3, 1]","[7, 5]",0,0,0,1,0,0,0,1,0,9,25
2024010534177,2024,010534177,528968,181060,-0.14283,51.51375,3,3,4,11:50,-1,E09000033,5,0,1,0,1,"[2, 19]","[0, 7]","[0, 3]",8,0,0,1,1,0,0,0,0,9,25
2024010534182,2024,010534182,533336,171262,-0.08361,51.42469,3,3,4,09:02,-1,E09000028,5,0,2,1,1,"[7, 9]","[3, 5]","[5, 2]",0,0,0,1,0,0,0,0,0,9,25
2024010534184,2024,010534184,555058,186837,0.23542,51.55911,3,3,4,12:05,-1,E09000016,3,0,8,0,1,19,3,7,0,0,0,1,0,0,0,0,1,9,25
2024010534187,2024,010534187,533192,180114,-0.08235,51.50427,2,2,7,21:22,-1,E09000028,3,2,9,-1,1,"[5, 19]",5,1,99,9,99,0,1,0,0,0,0,9,7
2024010534189,2024,010534189,530350,185857,-0.12115,51.55654,3,3,4,09:55,-1,E09000019,3,0,1,1,1,"[11, 5]",6,2,0,0,0,1,0,0,0,0,0,9,25
2024010534193,2024,010534193,507635,184758,-0.449,51.55145,2,2,7,11:30,-1,E09000017,3,0,1,0,1,99,9,9,99,9,99,1,0,0,0,0,1,8,17
2024010534194,2024,010534194,528532,179810,-0.14956,51.50262,3,3,4,08:45,-1,E09000033,3,0,8,1,1,19,7,3,7,0,0,0,1,0,0,0,0,9,25
2024010534197,2024,010534197,532489,176438,-0.09385,51.4714,2,2,4,10:52,-1,E09000028,3,0,2,1,1,"[3, 4]",5,1,"[0, 4]",0,0,1,0,1,0,0,0,9,25
2024010534201,2024,010534201,531197,168097,-0.11553,51.39675,3,3,4,10:48,-1,E09000008,3,0,1,0,1,"[19, 11]",1,5,0,0,0,1,0,0,1,0,0,9,25
2024010534204,2024,010534204,530509,176496,-0.12232,51.47238,3,3,4,13:30,-1,E09000022,3,0,2,1,1,9,5,2,0,0,0,1,0,0,0,1,0,9,25
2024010534205,2024,010534205,535766,185976,-0.04303,51.55634,3,3,4,13:12,-1,E09000012,6,0,1,0,1,"[19, 9]","[5, 3]","[1, 8]",0,0,0,1,1,0,0,0,0,9,25
2024010534206,2024,010534206,527577,179479,-0.16343,51.49986,2,2,4,11:30,-1,E09000033,3,0,1,0,1,5,3,7,0,0,0,1,0,0,0,0,1,9,25
2024010534208,2024,010534208,526663,178209,-0.17705,51.48865,3,3,2,11:45,-1,E09000020,3,0,1,0,1,99,9,9,99,9,99,1,0,0,0,1,0,9,23
2024010534216,2024,010534216,525231,177285,-0.19799,51.48067,3,3,4,13:45,-1,E09000013,3,0,2,1,1,19,3,7,0,0,0,1,0,0,0,0,1,9,25
2024010534218,2024,010534218,526258,169878,-0.18585,51.41387,3,3,4,11:30,-1,E09000024,6,0,1,0,1,19,5,1,0,0,0,1,0,0,0,0,1,9,25
2024010534220,2024,010534220,527306,171205,-0.17031,51.42556,3,3,4,07:10,-1,E09000032,3,0,2,1,1,"[9, 19]","[8, 6]",2,99,9,99,1,1,0,0,0,0,9,25
2024010534225,2024,010534225,541869,190029,0.04658,51.59126,3,3,4,16:14,-1,E09000026,3,0,1,0,1,"[19, 1]",1,5,0,0,0,1,0,0,0,0,0,9,25
2024010534229,2024,010534229,529730,180687,-0.13199,51.51023,3,3,4,15:35,-1,E09000033,3,0,1,0,1,19,7,3,0,0,0,1,0,0,0,0,1,9,25
2024010534230,2024,010534230,533714,192333,-0.07019,51.61395,2,2,4,16:30,-1,E09000010,5,0,1,0,1,"[19, 14]","[1, 7]","[5, 3]",0,0,0,1,0,0,0,0,0,9,25
2024010534237,2024,010534237,532568,192612,-0.08662,51.61673,3,3,7,05:30,-1,E09000010,3,2,1,0,1,99,9,9,99,9,99,1,1,0,0,0,0,9,21
2024010534240,2024,010534240,524746,177696,-0.20483,51.48447,3,3,4,15:25,-1,E09000013,3,0,1,0,1,19,7,3,0,7,0,0,1,0,0,0,1,9,25
2024010534243,2024,010534243,532974,179065,-0.08588,51.4949,3,3,5,08:20,-1,E09000028,3,0,1,0,1,99,9,9,99,9,99,1,0,0,0,0,0,9,19
2024010534247,2024,010534247,524086,188852,-0.2104,51.58487,3,3,4,18:07,-1,E09000003,3,0,1,0,1,19,7,3,0,0,0,1,0,0,0,0,0,9,25
2024010534248,2024,010534248,524287,185122,-0.20882,51.55131,3,3,3,05:45,-1,E09000005,3,2,9,-1,1,99,9,9,99,9,99,1,1,0,0,0,0,9,24
2024010534249,2024,010534249,516024,173131,-0.33188,51.44529,2,"[3, 2]",4,17:03,-1,E09000027,3,0,1,0,1,"[7, 19]","[1, 7]","[4, 3]",0,"[1, 0]",0,1,0,0,0,0,0,9,25
2024010534250,2024,010534250,522462,188108,-0.23409,51.57854,3,3,3,15:00,-1,E09000003,6,0,9,-1,1,99,9,9,99,9,99,1,0,1,0,0,0,9,24
2024010534261,2024,010534261,534514,187134,-0.06063,51.56704,2,2,4,17:18,-1,E09000012,3,0,1,0,1,"[9, 19]","[1, 5]","[7, 1]",0,0,0,1,1,0,0,0,0,9,25
2024010534262,2024,010534262,520301,188667,-0.26507,51.58403,3,3,4,16:55,-1,E09000005,3,0,1,0,1,3,7,3,0,0,0,0,0,0,1,0,0,9,25
2024010534273,2024,010534273,520940,188646,-0.25585,51.5837,3,3,4,15:30,-1,E09000005,6,0,8,0,1,99,9,9,99,9,99,1,0,0,0,0,0,9,25
2024010534275,2024,010534275,535671,182143,-0.04587,51.52192,3,3,4,00:06,-1,E09000030,3,2,1,0,1,99,9,9,99,9,99,1,0,1,0,0,0,9,25
2024010534279,2024,010534279,507753,176978,-0.44967,51.4815,3,3,4,19:20,-1,E09000017,3,2,5,1,1,"[19, 9]","[1, 7]",5,0,0,0,1,0,0,0,0,0,9,25
2024010534280,2024,010534280,540461,176150,0.02074,51.46689,3,3,4,20:10,-1,E09000011,6,2,2,1,1,"[19, 3]",3,7,0,0,0,1,0,0,0,0,0,9,25
2024010534281,2024,010534281,533653,188555,-0.07251,51.58002,3,3,4,18:28,-1,E09000014,3,0,1,0,1,"[7, -1]",1,"[3, 5]",0,0,0,1,1,0,0,0,0,9,25
2024010534283,2024,010534283,541008,182344,0.03108,51.52242,3,3,3,16:40,-1,E09000025,3,0,1,0,1,4,1,5,0,0,0,1,0,0,0,0,1,9,24
2024010534289,2024,010534289,508748,187965,-0.43196,51.58007,3,3,4,10:30,-1,E09000017,3,0,2,-1,1,99,9,9,99,9,99,1,1,0,0,0,0,9,25
2024010534290,2024,010534290,513233,184636,-0.36833,51.54926,3,3,4,20:20,-1,E09000009,6,2,2,1,1,99,9,9,99,9,99,1,0,0,0,0,0,9,25
2024010534291,2024,010534291,517609,192604,-0.30258,51.61998,2,2,4,21:10,-1,E09000015,3,2,2,1,1,19,5,1,0,0,0,1,0,0,0,0,1,9,25
2024010534296,2024,010534296,513092,184315,-0.37047,51.54641,2,2,4,14:30,-1,E09000009,3,0,1,0,1,19,6,2,0,0,0,1,0,0,0,0,1,9,25
2024010534301,2024,010534301,525612,177260,-0.19252,51.48036,3,3,3,15:39,-1,E09000013,3,0,9,0,1,99,9,9,99,9,99,0,0,0,1,0,1,8,27
2024010534302,2024,010534302,532827,178624,-0.08816,51.49097,3,3,4,22:44,-1,E09000028,5,2,2,1,1,"[9, 19]",3,"[1, 7]",0,0,0,1,1,0,0,0,0,9,25
2024010534303,2024,010534303,534508,183373,-0.06216,51.53325,3,3,4,18:15,-1,E09000030,5,0,1,0,1,99,9,9,99,9,99,1,1,0,0,0,0,9,25
2024010534314,2024,010534314,523245,180814,-0.22534,51.51282,3,3,5,00:15,-1,E09000013,3,2,1,1,1,"[9, 19]",5,"[3, 1]",0,0,0,1,1,0,0,0,0,9,26
2024010534320,2024,010534320,543132,186032,0.06318,51.55502,3,3,4,21:43,-1,E09000025,6,2,2,1,1,99,9,9,99,9,99,1,1,0,0,0,0,9,25
2024010534333,2024,010534333,534074,180843,-0.06937,51.51062,3,3,4,18:51,-1,E09000030,4,0,1,0,1,99,9,9,99,9,99,1,0,0,0,0,1,9,25
2024010534336,2024,010534336,518993,177214,-0.2878,51.48137,3,3,5,08:45,-1,E09000027,3,0,1,1,1,"[3, 19]","[7, 1]","[3, 5]",0,0,0,0,1,0,1,0,0,9,26
2024010534346,2024,010534346,532346,184144,-0.09302,51.54069,3,3,5,07:55,-1,E09000019,6,0,1,1,1,99,9,9,99,9,99,1,1,0,0,0,0,9,26
2024010534351,2024,010534351,532814,183158,-0.08664,51.53172,3,3,5,06:55,-1,E09000012,3,0,2,1,1,"[19, 9]","[1, 3]","[5, 1]",0,0,0,1,0,0,0,0,0,9,26
2024010534358,2024,010534358,529623,180949,-0.13343,51.51261,3,3,2,22:00,-1,E09000033,5,2,9,-1,1,99,9,9,99,9,99,1,0,1,0,0,0,9,23
2024010534366,2024,010534366,535864,171443,-0.0472,51.42572,3,3,4,18:20,-1,E09000023,3,0,9,-1,1,99,9,9,99,9,99,1,0,1,0,0,0,9,25
2024010534367,2024,010534367,537513,190944,-0.0159,51.60056,3,3,5,09:40,-1,E09000031,3,0,1,1,1,"[5, 3]",3,7,0,0,0,1,0,1,0,0,0,9,26
2024010534371,2024,010534371,532025,179276,-0.09947,51.49702,3,3,5,07:55,-1,E09000028,3,0,2,1,1,99,9,9,99,9,99,1,1,0,0,0,0,9,26
2024010534373,2024,010534373,531525,167052,-0.1112,51.38728,3,3,5,08:05,-1,E09000008,3,0,1,1,1,99,9,9,99,"[9, 0]","[99, 0]",1,0,0,0,0,0,9,26
2024010534379,2024,010534379,532955,188308,-0.08267,51.57796,3,3,4,17:30,-1,E09000014,3,0,1,0,1,99,9,9,99,9,99,1,0,1,0,0,0,9,25
2024010534380,2024,010534380,514642,180191,-0.34946,51.50903,3,3,4,08:15,-1,E09000009,3,0,2,-1,1,99,9,9,99,9,99,1,0,0,0,1,0,9,25
2024010534382,2024,010534382,524323,191061,-0.2062,51.60467,2,"[3, 2]",5,11:07,-1,E09000003,4,0,2,1,1,19,"[1, 5]","[5, 1]",0,0,0,1,0,0,0,0,0,9,26
2024010534385,2024,010534385,525823,179723,-0.1886,51.50245,2,2,5,10:44,-1,E09000020,3,0,1,0,1,5,1,5,0,0,0,1,0,0,0,0,1,9,26
2024010534387,2024,010534387,521697,192304,-0.24367,51.61642,3,3,5,12:00,-1,E09000003,3,0,1,0,1,19,1,5,10,1,0,0,1,0,0,0,0,9,26
2024010534389,2024,010534389,530379,182165,-0.1221,51.52336,3,3,2,12:15,-1,E09000007,4,0,1,0,1,"[99, 2]","[9, 0]","[9, 0]",99,9,99,1,0,0,0,0,1,9,23
2024010534392,2024,010534392,529921,162746,-0.13581,51.34895,2,2,4,15:30,-1,E09000029,4,0,9,-1,1,19,5,1,99,0,0,1,0,0,0,0,1,9,25
2024010534393,2024,010534393,530344,172586,-0.12613,51.43728,3,3,5,09:59,-1,E09000022,5,0,1,0,1,"[9, 19]",5,"[2, 1]",0,0,0,1,1,0,0,0,0,9,26
2024010534395,2024,010534395,530353,178056,-0.12399,51.48644,3,3,3,07:24,-1,E09000022,3,0,9,-1,1,"[19, 3]",7,3,99,9,99,1,0,0,0,0,0,6,18
2024010534396,2024,010534396,556440,192849,0.25801,51.61274,2,"[3, 2]",5,05:50,-1,E09000016,1,2,2,1,2,19,5,1,0,0,0,1,0,0,1,0,0,9,26
2024010534397,2024,010534397,505829,183935,-0.47528,51.5444,3,3,4,10:54,-1,E09000017,3,0,1,0,1,99,9,9,99,9,99,1,0,0,0,0,0,9,25
2024010534398,2024,010534398,534569,167882,-0.06717,51.39403,3,3,4,17:00,-1,E09000008,3,0,9,-1,1,99,9,9,99,9,99,1,0,1,0,0,0,9,25
2024010534405,2024,010534405,516717,176953,-0.32065,51.4795,3,3,5,08:45,-1,E09000018,3,0,2,1,1,"[7, 19]",7,"[1, 3]",0,0,0,1,1,0,0,0,0,9,26
2024010534407,2024,010534407,526499,172547,-0.18143,51.4378,3,3,4,16:11,-1,E09000032,4,0,1,-1,1,99,9,9,99,9,99,1,0,1,0,0,0,9,25
2024010534408,2024,010534408,536215,174019,-0.04117,51.44878,3,3,5,13:36,-1,E09000023,4,0,2,1,1,"[4, 13]",7,3,0,"[0, 1]",0,1,0,1,0,0,1,9,26
2024010534409,2024,010534409,528799,180496,-0.14547,51.50872,3,3,3,15:10,-1,E09000033,5,0,1,0,1,9,6,3,0,0,0,1,0,0,0,0,1,8,27
2024010534417,2024,010534417,521628,167614,-0.25317,51.39454,3,3,5,09:44,-1,E09000021,3,0,8,1,1,"[19, 3]",2,6,"[7, 0]","[3, 0]","[2, 0]",1,0,0,0,0,0,9,26
2024010534421,2024,010534421,546274,166090,0.10022,51.37503,3,3,5,10:53,-1,E09000006,6,0,1,0,1,9,1,6,0,0,0,1,0,0,0,0,1,9,26
2024010534422,2024,010534422,527176,181729,-0.1684,51.52017,3,3,5,12:00,-1,E09000033,3,0,2,1,1,"[15, 3]",7,3,0,0,0,1,0,1,0,0,0,9,26
2024010534427,2024,010534427,526355,183261,-0.17967,51.53412,1,"[3, 1]",5,13:06,-1,E09000033,4,0,8,1,1,14,5,1,0,0,0,0,0,1,0,0,1,9,26
2024010534428,2024,010534428,526590,182420,-0.17659,51.52651,3,3,4,12:31,-1,E09000033,3,0,9,-1,1,"[12, 13]",9,9,99,9,99,1,0,1,0,0,0,9,25
2024010534434,2024,010534434,530829,180952,-0.11606,51.51235,3,3,5,14:09,-1,E09000033,3,0,2,1,1,7,7,1,0,0,0,1,0,0,0,0,1,9,26
2024010534442,2024,010534442,519550,179898,-0.27888,51.50538,3,3,5,15:25,-1,E09000009,3,0,2,1,1,99,9,9,99,9,99,0,0,1,0,0,1,9,26
2024010534443,2024,010534443,529428,174605,-0.13857,51.45564,3,3,5,14:41,-1,E09000022,5,0,2,1,1,19,5,1,0,0,0,0,1,0,0,0,0,9,26
2024010534448,2024,010534448,537990,187096,-0.01053,51.56586,3,3,5,10:15,-1,E09000031,3,0,2,1,1,99,9,9,99,9,99,1,0,0,0,0,0,9,26
2024010534450,2024,010534450,535128,196218,-0.04828,51.64853,3,3,5,15:24,-1,E09000010,3,0,2,1,1,99,9,9,99,9,99,1,0,0,0,0,0,9,26
2024010534455,2024,010534455,535751,176924,-0.04673,51.475,3,3,7,19:35,-1,E09000023,3,2,8,0,1,99,9,9,99,9,99,1,0,0,0,0,0,9,14
2024010534456,2024,010534456,527717,175162,-0.16298,51.46103,3,3,5,07:40,-1,E09000032,6,0,1,0,1,99,9,9,99,9,99,1,1,0,0,0,0,9,26
2024010534457,2024,010534457,531643,178587,-0.10522,51.49091,2,2,5,17:24,-1,E09000022,3,0,1,1,1,13,3,7,0,0,0,0,0,1,0,0,1,9,26
2024010534460,2024,010534460,530254,182917,-0.12362,51.53015,3,3,4,19:54,-1,E09000007,3,2,8,0,1,99,9,9,99,9,99,0,1,0,0,0,0,8,28
2024010534465,2024,010534465,513114,178588,-0.37199,51.49493,3,3,5,17:42,-1,E09000009,3,0,2,1,1,"[19, 4]",1,5,0,0,0,1,0,1,0,0,0,9,26
2024010534466,2024,010534466,545331,168271,0.08757,51.39487,3,3,5,15:38,-1,E09000006,3,0,9,1,1,19,1,5,0,0,0,1,0,0,0,0,0,9,26
2024010534472,2024,010534472,526881,177577,-0.17414,51.48292,3,3,5,16:20,-1,E09000020,3,0,1,1,1,"[19, 6]","[1, 5]",5,0,0,0,1,0,1,0,0,0,9,26
2024010534475,2024,010534475,533107,163949,-0.08964,51.35903,3,3,5,18:20,-1,E09000008,6,2,2,1,1,99,9,9,99,9,99,1,0,0,0,0,0,9,26
2024010534476,2024,010534476,534298,193282,-0.0614,51.62234,3,3,4,23:05,-1,E09000010,3,2,2,1,1,99,9,9,99,9,99,1,0,1,0,0,0,9,25
2024010534481,2024,010534481,542756,181666,0.05599,51.51589,3,3,5,15:30,-1,E09000025,5,0,1,1,1,19,"[1, 3]","[5, 7]",0,"[7, 0]",0,1,0,0,0,0,1,9,26
2024010534482,2024,010534482,536492,184915,-0.03297,51.54663,3,3,5,13:07,-1,E09000012,3,0,5,1,1,19,6,2,0,0,0,1,0,0,0,0,0,9,26
2024010534488,2024,010534488,538558,178847,-0.00558,51.4916,3,3,5,14:51,-1,E09000030,3,0,1,0,1,19,1,5,0,"[0, 1]","[0, 11]",1,0,0,0,0,0,9,26
2024010534489,2024,010534489,527488,181959,-0.16382,51.52217,3,3,5,20:08,-1,E09000033,6,2,9,1,1,9,1,8,0,0,0,1,0,0,0,0,1,9,26
2024010534491,2024,010534491,518029,182480,-0.29992,51.5289,3,3,5,15:25,-1,E09000009,6,0,2,1,1,"[2, 19]","[0, 5]","[0, 1]","[0, 4]",0,0,1,0,0,0,0,0,9,26
2024010534492,2024,010534492,537899,175908,-0.01621,51.46535,2,2,5,21:10,-1,E09000023,6,2,1,1,1,19,1,5,0,0,0,0,1,0,0,0,0,9,26
2024010534497,2024,010534497,546552,183955,0.11161,51.53548,3,3,5,21:04,-1,E09000002,3,2,2,1,1,"[14, 19]","[5, 1]","[1, 5]",0,0,0,1,0,0,0,0,0,9,26
2024010534498,2024,010534498,532104,183636,-0.0967,51.53618,3,3,5,19:30,-1,E09000019,6,2,1,1,1,99,9,9,99,9,99,1,1,0,0,0,0,9,26
2024010534501,2024,010534501,530162,177845,-0.12682,51.48459,2,2,5,17:32,-1,E09000022,3,0,2,1,1,19,"[5, 3]","[1, 7]",0,0,0,1,1,0,0,0,0,9,26
2024010534505,2024,010534505,523242,180858,-0.22537,51.51321,3,3,5,17:35,-1,E09000013,3,0,2,1,1,19,1,5,0,0,0,1,1,0,0,0,0,9,26
2024010534507,2024,010534507,532720,174906,-0.0911,51.45758,3,3,5,22:14,-1,E09000028,5,2,1,1,1,19,3,7,0,0,0,0,0,1,1,0,0,9,26
2024010534508,2024,010534508,526323,192826,-0.1767,51.62009,3,3,5,13:30,-1,E09000003,3,0,2,1,1,99,9,9,99,9,99,1,0,1,0,0,0,9,26
2024010534511,2024,010534511,521201,185711,-0.2531,51.55727,3,3,5,20:09,-1,E09000005,3,2,9,1,1,7,3,5,0,0,0,1,0,0,0,0,0,9,26
2024010534513,2024,010534513,539151,185440,0.00556,51.5507,3,3,5,04:00,-1,E09000031,3,0,1,-1,1,99,9,9,99,9,99,1,1,0,0,0,0,9,26
2024010534514,2024,010534514,540977,182411,0.03066,51.52303,2,2,5,22:12,-1,E09000025,3,2,2,1,1,"[19, 9]","[5, 7]","[1, 4]",0,0,0,1,0,0,0,0,0,9,26
2024010534517,2024,010534517,537919,188076,-0.01117,51.57469,1,1,5,21:00,-1,E09000031,3,2,1,1,1,19,5,1,0,0,0,0,0,0,1,0,1,9,26
2024010534521,2024,010534521,537068,173144,-0.02924,51.44071,3,3,6,03:07,-1,E09000023,3,2,1,1,1,19,2,6,0,1,10,1,0,0,0,0,0,9,27
2024010534524,2024,010534524,540491,182602,0.02374,51.52486,3,3,6,00:54,-1,E09000025,4,2,1,0,1,"[13, 9]",5,"[1, 4]",0,"[7, 0]",0,1,0,1,0,0,0,9,27
2024010534526,2024,010534526,534610,177360,-0.06298,51.47919,2,2,5,08:30,-1,E09000028,5,0,2,1,1,"[9, 7]","[6, 2]",4,99,0,0,1,1,0,0,0,0,9,26
2024010534527,2024,010534527,532763,182448,-0.08765,51.52535,3,3,5,22:10,-1,E09000019,3,2,1,1,1,5,1,5,0,0,0,1,0,0,0,0,1,9,26
2024010534533,2024,010534533,527811,176531,-0.16113,51.47331,3,3,6,07:09,-1,E09000032,3,0,2,1,1,"[4, 19]",5,1,"[0, 10]","[0, 1]",0,1,1,0,0,0,0,9,27
2024010534539,2024,010534539,548421,176068,0.13522,51.46413,3,3,6,08:14,-1,E09000004,6,0,2,1,1,"[19, 2]","[1, 7, 0]","[5, 3, 0]",0,"[1, 0]",0,1,0,0,0,0,0,9,27
2024010534545,2024,010534545,549051,185014,0.14806,51.54434,3,3,6,08:40,-1,E09000002,6,0,2,1,1,"[5, 19]","[7, 1]","[3, 5]",0,"[3, 0]",0,1,0,0,0,0,0,9,27
2024010534546,2024,010534546,540111,178424,0.01661,51.48742,3,3,6,08:50,-1,E09000011,3,0,2,1,1,19,1,5,6,0,0,1,0,0,0,0,0,9,27
2024010534547,2024,010534547,542250,168945,0.04359,51.40171,2,2,6,08:27,-1,E09000006,3,0,2,1,1,"[10, 19]","[3, 7]","[1, 3]",0,"[7, 0]","[11, 0]",1,0,1,0,0,0,9,27
2024010534548,2024,010534548,519016,175704,-0.28798,51.4678,3,3,3,18:30,-1,E09000027,3,0,9,-1,1,99,9,9,99,9,99,1,0,1,0,0,0,9,24
2024010534549,2024,010534549,521445,191621,-0.24754,51.61033,3,3,5,18:00,-1,E09000003,5,2,9,-1,1,99,9,9,99,9,99,1,0,1,0,0,0,9,26
2024010534550,2024,010534550,533937,194415,-0.06617,51.63261,3,3,6,09:40,-1,E09000010,6,2,2,1,1,99,9,9,99,9,99,1,0,0,0,0,0,9,27
2024010534553,2024,010534553,534110,194554,-0.06362,51.63382,3,3,5,08:10,-1,E09000010,6,0,9,-1,1,99,9,9,99,9,99,1,0,1,0,0,0,9,26
2024010534554,2024,010534554,556319,186970,0.25365,51.55995,2,2,6,09:10,-1,E09000016,6,0,2,1,1,"[9, 19]","[3, 7]","[2, 3]",0,0,0,1,0,0,0,0,0,9,27
2024010534559,2024,010534559,520378,190115,-0.26346,51.59703,3,3,2,10:00,-1,E09000005,3,0,2,1,1,"[9, 99]","[8, 9]","[6, 9]",99,9,"[0, 99]",1,0,0,0,0,0,9,23
2024010534561,2024,010534561,523334,178487,-0.22488,51.49189,3,3,6,09:40,-1,E09000013,3,0,2,1,1,"[11, 5]",5,1,0,0,0,1,1,0,0,0,0,9,27
2024010534562,2024,010534562,523399,175881,-0.22485,51.46845,3,3,6,10:22,-1,E09000032,4,0,2,1,1,"[9, 13]",7,"[5, 3]",0,0,0,1,0,1,0,0,0,9,27
2024010534570,2024,010534570,531892,185172,-0.09918,51.55003,3,3,4,18:15,-1,E09000019,6,2,9,-1,1,99,9,9,99,9,99,1,0,1,0,0,0,9,25
2024010534574,2024,010534574,528289,181080,-0.1526,51.51409,3,3,6,08:50,-1,E09000033,3,0,2,1,1,14,7,3,0,0,0,1,0,0,0,0,1,9,27
2024010534578,2024,010534578,511552,176389,-0.39517,51.47547,3,3,6,12:17,-1,E09000018,3,0,1,1,1,"[19, 11]",7,3,0,0,0,1,0,1,0,0,0,9,27
2024010534580,2024,010534580,529287,192446,-0.13405,51.616,2,2,6,18:40,-1,E09000010,3,0,9,-1,1,99,9,9,99,9,99,1,0,0,0,0,1,9,20
2024010534583,2024,010534583,531868,172466,-0.10426,51.43585,3,3,5,17:30,-1,E09000022,3,0,1,0,1,99,9,9,99,9,99,1,0,1,0,0,0,9,26
2024010534585,2024,010534585,510141,181286,-0.41395,51.51976,3,3,5,09:00,-1,E09000017,3,0,2,1,1,19,3,7,0,0,0,1,0,0,0,0,1,9,26
2024010534588,2024,010534588,514197,175809,-0.35729,51.46973,3,3,6,08:34,-1,E09000018,3,0,2,1,1,4,7,3,0,0,0,0,0,0,1,0,0,9,27
2024010534589,2024,010534589,523988,185698,-0.21292,51.55655,3,3,5,21:00,-1,E09000003,6,0,9,-1,1,99,9,9,99,9,99,1,0,1,0,0,0,9,26
2024010534594,2024,010534594,545939,192023,0.10612,51.60813,3,3,5,15:00,-1,E09000026,6,0,2,1,1,99,9,9,99,9,99,1,0,0,0,0,0,9,26
2024010534598,2024,010534598,526173,177688,-0.18429,51.48408,3,3,6,12:00,-1,E09000020,3,0,2,0,1,99,9,9,99,9,99,1,0,0,0,0,1,9,27