collision_index,collision_year,collision_ref_no,location_easting_osgr,location_northing_osgr,longitude,latitude,casualty_severity,casualty_severity,day_of_week,time,local_authority_district,local_authority_ons_district,first_road_class,light_conditions,weather_conditions,road_surface_conditions,urban_or_rural_area,vehicle_manoeuvre,vehicle_direction_from,vehicle_direction_to,hit_object_in_carriageway,vehicle_leaving_carriageway,hit_object_off_carriageway,is_car,is_cyle,is_mcyle,is_goodsv,is_other,is_pedestrian,month,day
2024010534607,2024,010534607,528647,183080,-0.14671,51.53198,3,3,6,08:55,-1,E09000007,6,0,5,1,1,99,9,9,99,9,99,0,1,0,0,1,0,9,27
2024010534611,2024,010534611,523526,165170,-0.22675,51.37216,2,2,6,14:00,-1,E09000029,3,0,2,1,1,4,6,2,0,0,0,1,0,0,0,0,1,9,27
2024010534617,2024,010534617,532385,186288,-0.09165,51.55994,3,3,5,18:50,-1,E09000019,3,0,9,-1,1,99,9,9,99,9,99,1,0,1,0,0,0,9,26
2024010534622,2024,010534622,516157,173559,-0.32982,51.44911,3,3,3,17:00,-1,E09000027,3,0,8,0,1,99,9,9,99,9,99,1,0,1,0,0,0,9,24
2024010534630,2024,010534630,532601,176745,-0.09212,51.47414,3,3,5,09:18,-1,E09000028,3,2,2,1,1,99,9,9,99,9,99,1,0,0,0,0,0,9,26
2024010534631,2024,010534631,540378,184435,0.02284,51.54136,3,3,6,17:00,-1,E09000025,3,0,3,0,1,99,9,9,99,9,99,1,0,0,0,0,1,9,27
2024010534633,2024,010534633,543280,188260,0.06622,51.575,3,3,5,06:55,-1,E09000026,3,2,2,1,1,99,9,9,99,9,99,1,0,0,0,0,0,9,26
2024010534635,2024,010534635,542250,173395,0.04537,51.44169,3,3,6,15:17,-1,E09000011,6,0,1,0,1,14,7,3,0,0,0,1,0,0,0,0,1,9,27
2024010534636,2024,010534636,531792,183023,-0.10142,51.53074,3,3,6,17:05,-1,E09000019,3,0,1,0,1,"[9, 19]","[1, 7]","[6, 3]",0,0,0,1,0,1,0,0,0,9,27
2024010534637,2024,010534637,525372,183688,-0.19369,51.53818,3,3,5,14:40,-1,E09000005,3,0,9,-1,1,99,9,9,99,9,99,1,0,1,0,0,0,9,26
2024010534645,2024,010534645,537922,175964,-0.01586,51.46585,3,3,6,16:04,-1,E09000023,3,0,1,1,1,4,5,1,0,0,0,1,0,0,0,0,1,9,27
2024010534650,2024,010534650,531961,160713,-0.10729,51.33021,3,3,6,16:55,-1,E09000008,6,0,8,1,1,5,6,2,0,0,0,1,0,0,0,0,1,9,27
2024010534652,2024,010534652,530850,177788,-0.11693,51.48392,3,3,6,16:45,-1,E09000022,3,0,1,0,1,99,9,9,99,9,99,1,1,0,0,0,0,9,27
2024010534654,2024,010534654,523089,181244,-0.22744,51.51672,3,3,6,14:25,-1,E09000013,3,0,1,0,1,"[12, 10]","[2, 8]",6,0,0,0,1,0,0,0,0,1,9,27
2024010534662,2024,010534662,526246,187399,-0.17976,51.57133,3,3,6,14:11,-1,E09000003,6,0,1,0,1,19,"[1, 5]","[5, 1]",0,0,0,1,0,0,0,0,0,9,27
2024010534665,2024,010534665,512707,175842,-0.37872,51.47033,2,2,6,15:25,-1,E09000018,3,0,1,0,1,19,1,5,0,0,0,1,0,0,0,0,1,9,27
2024010534667,2024,010534667,527087,174982,-0.17211,51.45956,3,3,6,17:25,-1,E09000032,3,0,1,0,1,99,9,9,99,9,99,1,1,0,0,0,0,9,27
2024010534671,2024,010534671,537333,192017,-0.01808,51.61024,3,3,6,16:25,-1,E09000031,3,0,1,0,1,19,3,7,0,1,0,0,0,0,1,0,0,9,27
2024010534672,2024,010534672,527722,175534,-0.16277,51.46437,3,3,6,19:30,-1,E09000032,3,2,1,0,1,"[14, 19]",7,3,0,0,0,1,0,1,0,0,0,9,27
2024010534675,2024,010534675,532640,183539,-0.08901,51.53518,3,3,6,18:35,-1,E09000012,3,0,1,0,1,"[19, 6]",1,"[5, 1]",0,0,0,1,0,1,0,0,0,9,27
2024010534683,2024,010534683,535843,185120,-0.04225,51.54863,2,2,6,16:20,-1,E09000012,3,0,1,0,1,19,3,7,0,0,0,0,1,0,0,0,1,9,27
2024010534684,2024,010534684,532359,186743,-0.09185,51.56404,3,3,6,03:30,-1,E09000012,4,2,1,0,1,99,9,9,99,9,99,1,0,0,0,0,0,9,27
2024010534686,2024,010534686,546186,172858,0.10174,51.43587,3,3,6,15:20,-1,E09000004,3,0,1,0,1,5,5,1,0,0,0,1,0,0,0,0,1,9,27
2024010534687,2024,010534687,533698,189196,-0.07161,51.58577,3,3,6,20:07,-1,E09000014,3,2,1,0,1,"[4, 13]",1,5,0,0,0,1,0,0,1,0,0,9,27
2024010534689,2024,010534689,532288,178353,-0.09602,51.48866,2,2,6,14:55,-1,E09000028,3,0,1,0,1,19,5,1,0,0,0,0,1,0,0,0,1,9,27
2024010534690,2024,010534690,547468,177957,0.1223,51.48135,2,2,6,15:23,-1,E09000011,3,0,1,1,1,4,3,7,0,0,0,1,0,1,0,0,0,9,27
2024010534692,2024,010534692,532652,168314,-0.09454,51.39836,3,3,6,19:38,-1,E09000008,4,2,1,0,1,"[9, 14]","[8, 7]","[6, 3]",0,0,0,1,0,1,0,0,0,9,27
2024010534693,2024,010534693,518037,185022,-0.29895,51.55175,3,3,6,21:55,-1,E09000005,3,2,1,0,1,"[14, 9]",5,"[1, 2]",0,0,0,0,0,1,0,0,0,9,27
2024010534695,2024,010534695,537562,183270,-0.01819,51.53159,2,2,6,21:11,-1,E09000030,3,2,1,1,1,19,1,5,0,0,0,1,0,0,0,0,0,9,27
2024010534697,2024,010534697,541653,188337,0.04278,51.57611,3,3,6,19:45,-1,E09000026,3,2,8,-1,2,99,9,9,99,9,99,1,0,0,0,0,0,9,27
2024010534701,2024,010534701,540763,173847,0.02417,51.44612,3,3,5,21:30,-1,E09000011,6,2,1,0,1,99,9,9,99,9,99,0,0,1,0,0,1,9,26
2024010534703,2024,010534703,520291,177640,-0.26897,51.48493,2,2,6,19:09,-1,E09000018,5,2,1,1,1,19,"[1, 7]","[5, 3]",0,0,0,1,0,1,0,0,0,9,27
2024010534705,2024,010534705,542690,188976,0.058,51.58159,3,3,5,18:00,-1,E09000026,5,0,1,1,1,99,9,9,99,9,99,1,0,1,0,0,0,9,26
2024010534706,2024,010534706,531981,179116,-0.10016,51.49559,2,2,6,19:26,-1,E09000028,3,2,1,1,1,-1,"[1, 3]","[5, 7]",0,0,0,1,1,0,0,0,0,9,27
2024010534708,2024,010534708,521419,179634,-0.25205,51.50261,3,3,7,22:15,-1,E09000013,5,2,1,0,1,19,"[3, 5]","[7, 1]",0,0,0,1,1,0,0,0,0,9,28
2024010534709,2024,010534709,517601,181084,-0.30655,51.51645,2,2,5,17:43,-1,E09000009,4,2,2,-1,1,99,9,9,99,9,99,1,0,0,0,0,1,2,8
2024010534710,2024,010534710,540214,177082,0.01756,51.47533,2,2,6,21:00,-1,E09000011,4,2,1,1,1,19,5,1,10,1,0,0,1,0,0,0,0,9,27
2024010534711,2024,010534711,513662,176882,-0.36464,51.47949,3,3,6,20:29,-1,E09000018,3,2,1,0,1,99,9,9,99,9,99,1,0,0,0,0,0,9,27
2024010534712,2024,010534712,539666,187626,0.01385,51.57021,3,3,6,20:15,-1,E09000031,3,2,1,1,1,"[7, 19]","[6, 2]","[8, 6]",0,0,0,1,1,0,0,0,0,9,27
2024010534714,2024,010534714,507461,175958,-0.45418,51.47239,3,3,6,23:12,-1,EHEATHROW,6,2,1,0,1,19,"[1, 3]","[5, 7]",0,0,0,1,0,0,0,0,0,9,27
2024010534715,2024,010534715,506848,181015,-0.46148,51.51796,3,3,6,22:44,-1,E09000017,3,2,1,0,1,"[19, 4]","[7, 3]","[3, 7]","[0, 10]",0,0,1,0,0,0,0,0,9,27
2024010534716,2024,010534716,525823,164495,-0.19401,51.36559,3,3,6,22:00,-1,E09000029,5,2,1,0,1,-1,7,3,0,0,0,1,0,1,0,0,0,9,27
2024010534717,2024,010534717,539399,173716,0.0045,51.44528,3,3,7,01:50,-1,E09000023,3,2,1,0,1,"[6, 19]","[3, 7]",3,0,"[0, 1]","[0, 10]",1,0,0,0,0,0,9,28
2024010534718,2024,010534718,533676,189505,-0.07181,51.58855,3,3,6,21:57,-1,E09000014,4,2,1,0,1,5,0,3,0,0,0,0,0,0,1,0,0,9,27
2024010534719,2024,010534719,537129,184093,-0.02411,51.53909,3,3,6,21:55,-1,E09000030,6,2,8,0,1,99,9,9,99,9,99,1,0,0,0,0,0,9,27
2024010534720,2024,010534720,536445,178251,-0.03623,51.48676,2,2,6,20:07,-1,E09000023,3,0,1,0,1,"[5, -1]","[7, 3]","[3, 7]",0,0,0,0,0,1,0,0,0,9,27
2024010534721,2024,010534721,527980,181764,-0.1568,51.5203,3,3,6,22:15,-1,E09000033,3,2,1,0,1,"[10, 19]","[1, 5]","[7, 1]",0,0,0,1,1,0,0,0,0,9,27
2024010534723,2024,010534723,540259,184932,0.02132,51.54586,3,3,7,00:42,-1,E09000025,3,2,1,0,1,"[10, 14]",7,"[4, 3]",0,0,0,1,1,0,0,0,0,9,28
2024010534725,2024,010534725,529820,181375,-0.13044,51.51639,3,3,7,04:06,-1,E09000033,3,2,1,0,1,19,3,7,0,0,0,0,0,0,1,0,1,9,28
2024010534730,2024,010534730,536682,168954,-0.0364,51.40315,3,3,6,22:30,-1,E09000006,3,2,1,0,1,19,"[5, 7]","[1, 3]",0,0,0,1,0,0,0,0,0,9,27
2024010534731,2024,010534731,529774,181482,-0.13106,51.51736,3,3,6,23:00,-1,E09000007,3,2,1,0,1,"[6, 19]",4,"[4, 8]",0,0,0,1,0,0,0,0,0,9,27
2024010534732,2024,010534732,512730,172044,-0.3796,51.43619,3,3,6,18:04,-1,E09000018,3,0,2,0,1,"[19, 9]",3,1,0,0,0,1,0,0,0,0,0,9,27
2024010534733,2024,010534733,526025,181622,-0.18502,51.51947,1,1,7,01:51,-1,E09000033,3,2,1,0,1,19,5,1,0,0,0,0,0,1,0,0,0,9,28
2024010534737,2024,010534737,524191,178339,-0.21259,51.49037,3,3,7,06:25,-1,E09000013,3,2,1,0,1,"[4, 19]",3,7,0,0,0,1,0,0,0,0,0,9,28
2024010534738,2024,010534738,548096,183557,0.13368,51.5315,3,3,6,06:16,-1,E09000002,3,2,2,1,1,99,9,9,99,9,99,0,0,0,1,0,0,9,27
2024010534739,2024,010534739,512835,176222,-0.37676,51.47372,3,3,7,06:10,-1,E09000018,3,2,1,1,1,99,9,9,99,9,99,1,0,0,0,0,0,9,28
2024010534744,2024,010534744,536382,192134,-0.03176,51.61153,3,3,7,08:55,-1,E09000031,3,0,1,0,1,19,"[3, 7]","[7, 3]",0,0,0,1,0,0,0,0,0,9,28
2024010534745,2024,010534745,529873,159075,-0.13784,51.31597,3,3,7,09:45,-1,E09000008,6,0,1,1,1,99,9,9,99,9,99,1,0,0,0,0,1,9,28
2024010534746,2024,010534746,527551,182007,-0.16289,51.52258,3,3,6,18:00,-1,E09000033,6,0,1,0,1,99,9,9,99,9,99,1,0,0,0,0,1,9,27
2024010534750,2024,010534750,520919,186196,-0.257,51.56169,3,3,7,10:14,-1,E09000005,3,0,1,1,1,"[12, 19]",3,7,0,0,0,1,0,0,0,0,0,9,28
2024010534755,2024,010534755,508227,186693,-0.43987,51.56873,3,3,7,11:55,-1,E09000017,4,0,1,0,1,"[19, 8]","[5, 3]","[1, 4]",0,0,0,1,0,1,0,0,0,9,28
2024010534757,2024,010534757,534071,174211,-0.07193,51.45102,3,3,6,17:40,-1,E09000028,4,0,2,1,1,99,9,9,99,9,99,1,0,1,0,0,0,9,27
2024010534758,2024,010534758,533576,180012,-0.07686,51.50327,2,2,3,16:00,-1,E09000028,3,0,1,0,1,99,9,9,99,9,99,0,1,0,0,0,1,9,24
2024010534761,2024,010534761,539426,183687,0.00883,51.53488,2,"[2, 3]",7,09:09,-1,E09000025,3,0,1,0,1,"[9, 19]",3,"[2, 7]",0,0,0,1,0,0,0,0,0,9,28
2024010534763,2024,010534763,538561,173671,-0.00756,51.44509,3,3,5,17:15,-1,E09000023,3,0,2,1,1,99,9,9,99,9,99,1,1,0,0,0,0,9,26
2024010534764,2024,010534764,533904,192569,-0.06736,51.61603,2,2,5,08:30,-1,E09000010,5,2,2,1,1,99,9,9,99,9,99,1,0,0,1,0,0,9,26
2024010534766,2024,010534766,523685,164612,-0.22466,51.36711,3,3,7,10:50,-1,E09000029,3,0,1,0,1,19,5,1,0,1,2,1,0,0,0,0,0,9,28
2024010534770,2024,010534770,542961,186035,0.06071,51.55509,3,3,4,16:00,-1,E09000025,3,0,1,0,1,99,9,9,99,9,99,1,1,0,0,0,0,9,25
2024010534771,2024,010534771,516861,179638,-0.31769,51.5036,3,3,7,12:38,-1,E09000009,4,0,8,-1,1,99,9,9,99,9,99,1,0,0,0,0,1,9,28
2024010534772,2024,010534772,528912,163944,-0.14986,51.35995,2,2,7,12:41,-1,E09000029,3,0,1,0,1,"[9, 14]","[3, 1]","[1, 5]",0,0,0,1,0,1,0,0,0,9,28
2024010534773,2024,010534773,538156,181369,-0.01038,51.51436,3,3,7,12:39,-1,E09000030,6,0,1,0,1,"[19, 9]","[7, 1]","[3, 7]",0,0,0,1,0,1,0,0,0,9,28
2024010534774,2024,010534774,519418,186406,-0.27857,51.5639,3,3,7,12:40,-1,E09000005,3,0,1,0,1,19,2,6,0,0,0,1,0,0,0,0,1,9,28
2024010534775,2024,010534775,530222,180683,-0.12491,51.51008,3,3,7,13:40,-1,E09000033,6,0,1,0,1,19,7,3,0,0,0,0,1,0,0,0,1,9,28
2024010534776,2024,010534776,532816,188381,-0.08465,51.57865,3,3,7,12:15,-1,E09000014,6,0,1,0,1,"[10, 19]","[5, 1]","[2, 5]",0,0,0,1,1,0,0,0,0,9,28
2024010534780,2024,010534780,537402,173573,-0.02427,51.44449,3,3,7,12:00,-1,E09000023,3,0,1,0,1,99,9,9,99,9,99,1,1,0,0,0,0,9,28
2024010534783,2024,010534783,515452,187797,-0.33531,51.57722,3,3,7,13:20,-1,E09000015,3,0,1,0,1,99,9,9,99,9,99,1,0,0,0,0,1,9,28
2024010534784,2024,010534784,556287,193038,0.25589,51.61448,3,3,7,09:32,-1,E09000016,1,0,1,0,2,"[12, 19]","[5, 1]","[1, 5]","[2, 0]",0,0,1,0,0,0,0,0,9,28
2024010534785,2024,010534785,533553,168138,-0.08167,51.39657,3,3,6,14:03,-1,E09000008,3,0,1,0,1,99,9,9,99,9,99,1,0,0,0,0,1,9,27
2024010534786,2024,010534786,543912,177932,0.07111,51.48204,3,3,7,11:00,-1,E09000011,5,0,1,0,1,9,1,6,0,0,0,1,0,0,0,0,1,9,28
2024010534789,2024,010534789,526139,181513,-0.18341,51.51846,3,3,7,12:50,-1,E09000033,5,0,1,0,1,19,1,5,0,0,0,1,0,1,0,0,0,9,28
2024010534794,2024,010534794,523822,169442,-0.22101,51.41049,3,3,7,14:14,-1,E09000024,3,0,1,0,1,14,3,7,0,0,0,1,0,0,0,0,1,9,28
2024010534795,2024,010534795,536867,170199,-0.03327,51.4143,3,3,7,09:21,-1,E09000006,6,0,1,0,1,"[4, 19]",1,5,0,0,0,1,1,0,0,0,0,9,28
2024010534814,2024,010534814,529158,185857,-0.13833,51.55682,3,3,7,11:41,-1,E09000019,3,0,1,0,1,99,9,9,99,9,99,1,0,0,0,0,1,9,28
2024010534819,2024,010534819,512181,185657,-0.38317,51.55865,3,3,7,13:30,-1,E09000017,5,0,1,0,1,"[13, 19, 9]","[3, 5]","[7, 3]",0,0,0,1,0,1,0,0,0,9,28
2024010534825,2024,010534825,552321,182061,0.1939,51.51694,3,3,6,08:20,-1,E09000016,4,2,9,0,1,99,9,9,99,9,99,1,0,0,0,0,0,9,27
2024010534832,2024,010534832,538670,184002,-0.00194,51.53789,3,3,7,13:20,-1,E09000025,3,0,1,0,1,"[7, 19]",3,"[5, 7]",0,0,0,1,1,0,0,0,0,9,28
2024010534834,2024,010534834,537934,177695,-0.01501,51.4814,3,3,7,17:42,-1,E09000011,3,0,1,0,1,"[3, 5]",3,7,0,0,0,1,0,0,0,0,0,9,28
2024010534836,2024,010534836,526471,178975,-0.17954,51.49558,3,3,7,17:10,-1,E09000020,3,0,1,0,1,"[19, 7]","[7, 1]",3,0,0,0,1,0,0,0,0,0,9,28
2024010534840,2024,010534840,510746,185284,-0.40398,51.55558,3,3,7,19:08,-1,E09000017,6,2,1,0,1,"[2, 19]","[0, 6]","[0, 2]",4,0,0,1,0,1,0,0,0,9,28
2024010534846,2024,010534846,515267,176412,-0.3417,51.47494,3,3,7,17:38,-1,E09000018,3,0,1,0,1,"[4, 19]",3,7,0,0,0,1,0,0,0,0,0,9,28
2024010534850,2024,010534850,533167,182609,-0.08177,51.5267,3,3,7,18:55,-1,E09000012,3,2,1,0,1,99,9,9,99,9,99,1,1,0,0,0,0,9,28
2024010534851,2024,010534851,530186,180823,-0.12537,51.51134,3,3,7,17:01,-1,E09000033,6,0,1,0,1,4,8,4,0,0,0,1,0,0,0,0,1,9,28
2024010534859,2024,010534859,531750,175901,-0.10468,51.46675,3,3,7,20:23,-1,E09000022,5,2,1,0,1,"[9, 19]","[7, 3]","[5, 7]",0,0,0,1,1,0,0,0,0,9,28
2024010534869,2024,010534869,539858,174883,0.01156,51.45566,3,3,7,16:30,-1,E09000023,3,0,1,0,1,19,1,5,0,0,0,0,0,0,1,0,0,9,28
2024010534873,2024,010534873,510016,178392,-0.41666,51.49378,3,3,7,11:00,-1,E09000017,6,0,1,0,1,99,9,9,99,9,99,1,0,0,0,0,0,9,28
2024010534878,2024,010534878,543561,184051,0.06855,51.53711,3,3,7,14:30,-1,E09000025,3,0,1,0,1,19,5,1,0,0,0,1,0,0,0,0,0,9,28
2024010534884,2024,010534884,507477,178734,-0.45311,51.49734,2,"[2, 3]",7,22:40,-1,E09000017,3,2,1,0,1,"[19, 12]",5,1,"[10, 0]",0,0,1,0,0,0,0,0,9,28
2024010534888,2024,010534888,537893,190933,-0.01042,51.60037,3,3,7,21:36,-1,E09000031,3,2,1,0,1,19,3,7,0,0,0,1,0,0,0,0,0,9,28
2024010534891,2024,010534891,539069,184640,0.00406,51.54353,3,3,7,19:10,-1,E09000025,3,2,1,0,1,"[9, 19]","[1, 5]","[7, 1]",0,0,0,1,0,0,0,0,0,9,28
2024010534895,2024,010534895,525058,162433,-0.20571,51.34723,3,3,7,23:28,-1,E09000029,3,2,1,0,1,-1,"[5, 1]","[1, 5]",0,"[0, 1]",0,1,0,0,0,0,0,9,28
2024010534896,2024,010534896,515448,168637,-0.34162,51.40502,3,3,7,15:00,-1,E09000027,3,0,1,0,1,99,9,9,99,9,99,1,1,0,0,0,0,9,28
2024010534898,2024,010534898,530164,192129,-0.12151,51.61295,3,3,1,00:20,-1,E09000010,3,2,1,0,1,19,"[1, 3]","[5, 7]",0,0,0,1,0,0,0,0,0,9,29
2024010534904,2024,010534904,525379,183667,-0.19359,51.53799,3,3,1,02:11,-1,E09000005,3,2,1,0,1,19,5,1,0,2,1,1,0,0,0,0,1,9,29
2024010534907,2024,010534907,534940,178968,-0.05762,51.49356,3,3,1,01:50,-1,E09000028,5,2,1,0,1,"[19, 2]","[5, 0]","[1, 0]",0,0,0,1,0,0,0,0,0,9,29
2024010534909,2024,010534909,532933,178431,-0.08671,51.48921,2,2,1,02:10,-1,E09000028,6,2,1,1,1,19,5,1,10,1,2,1,0,0,0,0,0,9,29
2024010534910,2024,010534910,535977,180889,-0.04195,51.51057,3,3,1,02:20,-1,E09000030,3,2,1,0,1,"[3, 19]",3,7,0,"[0, 1]",0,1,0,0,0,0,0,9,29
2024010534911,2024,010534911,524707,187702,-0.20185,51.5744,3,3,1,01:45,-1,E09000003,3,2,1,0,1,"[19, 13]",3,7,7,0,0,1,0,0,0,0,0,9,29
2024010534912,2024,010534912,535043,180756,-0.05545,51.5096,3,3,7,23:55,-1,E09000030,3,2,1,0,1,"[9, 19]","[7, 3]","[4, 7]",0,0,0,1,0,0,0,0,0,9,28
2024010534915,2024,010534915,529045,179096,-0.14244,51.49609,2,2,1,21:59,-1,E09000033,3,2,9,0,1,19,1,5,0,0,0,1,0,0,0,0,1,9,29
2024010534918,2024,010534918,532874,196807,-0.08062,51.65436,2,2,7,22:45,-1,E09000010,5,2,8,0,1,19,1,5,0,0,0,1,0,0,0,0,1,9,28
2024010534927,2024,010534927,524587,180203,-0.20623,51.50703,3,3,7,13:40,-1,E09000020,3,0,8,0,1,99,9,9,99,9,99,1,0,0,0,0,1,9,28
2024010534934,2024,010534934,510036,180061,-0.41585,51.50877,3,3,1,10:04,-1,E09000017,5,0,1,0,1,19,7,3,0,0,0,1,0,0,0,0,1,9,29
2024010534937,2024,010534937,519312,179102,-0.28257,51.49828,3,3,7,23:57,-1,E09000018,3,2,1,0,1,99,9,9,99,9,99,1,0,0,0,0,0,9,28
2024010534944,2024,010534944,527374,164121,-0.17187,51.36188,2,2,1,10:25,-1,E09000029,5,0,1,0,1,"[9, 19]","[3, 5]",1,0,0,0,1,1,0,0,0,0,9,29
2024010534948,2024,010534948,529281,186476,-0.13633,51.56235,3,3,1,09:25,-1,E09000019,3,0,1,0,1,99,9,9,99,9,99,1,1,0,0,0,0,9,29
2024010534952,2024,010534952,536731,163324,-0.03786,51.35255,3,3,1,13:11,-1,E09000008,3,0,1,0,1,"[8, 19]","[3, 1]",5,0,0,0,1,1,0,0,0,0,9,29
2024010534955,2024,010534955,531186,177002,-0.11239,51.47678,3,3,1,13:10,-1,E09000022,3,0,1,0,1,"[19, 9]","[3, 7]","[7, 4]",0,0,0,1,0,0,0,0,0,9,29
2024010534963,2024,010534963,504734,175861,-0.49346,51.47203,3,3,1,14:30,-1,E09000017,3,0,1,0,2,"[3, 19]",1,5,0,0,0,1,0,0,0,0,0,9,29
2024010534974,2024,010534974,516811,180685,-0.31806,51.51302,3,3,7,16:48,-1,E09000009,6,0,9,-1,1,99,9,9,99,9,99,1,0,1,0,0,0,9,14
2024010534975,2024,010534975,544439,191312,0.08418,51.60213,3,3,1,14:24,-1,E09000026,3,0,1,0,1,"[19, 2]","[5, 0]","[1, 0]",4,0,0,1,0,0,0,0,0,9,29
2024010534978,2024,010534978,529090,162596,-0.14779,51.34779,3,3,1,15:39,-1,E09000029,3,0,1,0,1,"[19, 9]","[5, 2]","[1, 7]",0,0,0,1,0,1,0,0,0,9,29
2024010534999,2024,010534999,517481,169351,-0.31217,51.41102,2,2,5,20:15,-1,E09000027,3,2,1,0,1,99,9,9,99,9,99,1,1,0,0,0,0,9,19
2024010535000,2024,010535000,523944,185562,-0.21361,51.55534,3,3,1,00:35,-1,E09000003,3,2,1,0,1,99,9,9,99,9,99,1,0,1,0,0,0,9,29
2024010535001,2024,010535001,535973,175783,-0.04397,51.46469,3,3,1,16:40,-1,E09000023,5,0,1,0,1,"[19, 5]","[7, 5]","[3, 1]",0,0,0,1,1,0,0,0,0,9,29
2024010535003,2024,010535003,534981,181832,-0.05593,51.51929,2,"[2, 3]",1,17:37,-1,E09000030,6,0,1,0,1,4,1,5,0,0,0,1,0,0,0,0,1,9,29
2024010535005,2024,010535005,552685,189896,0.20254,51.58724,3,3,1,18:43,-1,E09000016,3,2,1,0,1,2,0,0,0,0,0,1,0,0,0,0,1,9,29
2024010535006,2024,010535006,520994,178499,-0.25856,51.4925,3,3,1,17:24,-1,E09000018,3,0,1,0,1,99,9,9,99,9,99,1,1,0,0,0,0,9,29
2024010535014,2024,010535014,533870,166156,-0.07786,51.37868,3,3,1,18:55,-1,E09000008,3,2,1,0,1,"[9, 5]","[7, 5]","[5, 1]",0,0,0,1,1,0,0,0,0,9,29
2024010535019,2024,010535019,529042,179114,-0.14247,51.49625,3,3,7,22:00,-1,E09000033,3,2,1,0,1,99,9,9,99,9,99,1,1,0,0,0,0,9,28
2024010535023,2024,010535023,523480,179156,-0.22254,51.49787,3,3,1,16:35,-1,E09000013,3,0,1,0,1,"[19, 99]","[5, 9]","[1, 9]","[0, 99]","[0, 9]","[0, 99]",1,1,0,0,0,0,9,29
2024010535031,2024,010535031,539688,171842,0.00792,51.42837,3,3,1,20:02,-1,E09000023,6,2,2,1,1,99,9,9,99,9,99,1,0,0,0,0,0,9,29
2024010535032,2024,010535032,530767,186283,-0.11498,51.56028,3,3,1,18:11,-1,E09000019,3,0,1,0,1,99,9,9,99,9,99,1,1,0,0,0,0,9,29
2024010535040,2024,010535040,534147,192655,-0.06382,51.61674,3,3,5,20:35,-1,E09000010,3,2,2,1,1,99,9,9,99,9,99,0,0,1,0,0,1,9,26
2024010535046,2024,010535046,534160,177010,-0.06959,51.47615,3,3,1,19:15,-1,E09000028,4,2,8,0,1,99,9,9,99,9,99,1,0,0,0,0,1,9,29
2024010535048,2024,010535048,541295,173706,0.03176,51.44473,2,2,1,22:20,-1,E09000011,3,2,2,1,1,19,1,5,10,2,7,1,0,0,0,0,0,9,29
2024010535054,2024,010535054,532542,176748,-0.09297,51.47418,3,3,1,12:35,-1,E09000028,3,0,9,-1,1,99,9,9,99,9,99,1,1,0,0,0,0,9,29
2024010535055,2024,010535055,516417,186918,-0.32168,51.56913,3,3,1,16:15,-1,E09000005,3,0,1,0,1,9,7,5,0,0,0,1,0,0,0,0,1,9,29
2024010535058,2024,010535058,522525,187224,-0.23349,51.57058,3,3,2,00:16,-1,E09000005,3,2,1,1,1,"[19, 11]",7,3,0,0,0,1,0,0,1,0,0,9,30
2024010535059,2024,010535059,523879,180538,-0.21631,51.5102,2,2,2,00:30,-1,E09000020,5,2,1,1,1,19,"[5, 1]","[1, 5]",0,0,0,1,1,0,0,0,0,9,30
2024010535062,2024,010535062,525411,183635,-0.19314,51.53769,3,3,1,22:06,-1,E09000005,3,2,1,1,1,"[19, 11]",5,1,0,0,0,0,1,0,1,0,0,9,29
2024010535067,2024,010535067,533843,190214,-0.06913,51.59488,3,3,6,23:40,-1,E09000014,3,0,1,0,1,99,9,9,99,9,99,1,0,1,0,0,0,9,27
2024010535070,2024,010535070,527660,181064,-0.16166,51.51409,3,3,7,00:10,-1,E09000033,3,2,9,-1,1,"[11, 19]",9,9,99,9,99,1,1,0,0,0,0,8,3
2024010535071,2024,010535071,521979,168512,-0.24782,51.40253,3,3,6,17:00,-1,E09000021,6,0,9,-1,1,99,9,9,99,9,99,1,0,1,0,0,0,9,27
2024010535074,2024,010535074,531679,164227,-0.11004,51.36186,3,3,2,08:32,-1,E09000008,6,0,2,1,1,4,1,5,0,0,0,1,0,0,0,0,1,9,30
2024010535075,2024,010535075,534432,195794,-0.0585,51.64488,3,3,2,08:15,-1,E09000010,5,0,2,1,1,7,7,1,0,0,0,1,0,0,0,0,1,9,30
2024010535077,2024,010535077,523993,182084,-0.21412,51.52407,3,3,6,15:00,-1,E09000020,5,0,1,0,1,99,9,9,99,9,99,1,0,0,0,0,1,9,27
2024010535083,2024,010535083,530099,168427,-0.13118,51.39996,3,3,7,01:45,-1,E09000024,5,2,1,-1,1,99,9,9,99,9,99,1,0,0,0,0,0,9,28
2024010535084,2024,010535084,511027,178835,-0.40196,51.49756,3,3,1,15:04,-1,E09000018,5,0,1,0,1,99,9,9,99,9,99,1,0,0,0,0,0,9,29
2024010535085,2024,010535085,525603,191029,-0.18774,51.6041,3,3,6,15:00,-1,E09000003,6,0,9,-1,1,99,9,9,99,9,99,1,0,1,0,0,0,9,27
2024010535086,2024,010535086,522896,187501,-0.22804,51.57299,3,3,1,12:57,-1,E09000003,1,0,1,0,1,"[99, 4]","[9, 1]","[9, 5]","[99, 0]","[9, 0]","[99, 0]",1,0,0,0,0,0,9,29