collision_index,collision_year,collision_ref_no,location_easting_osgr,location_northing_osgr,longitude,latitude,casualty_severity,casualty_severity,day_of_week,time,local_authority_district,local_authority_ons_district,first_road_class,light_conditions,weather_conditions,road_surface_conditions,urban_or_rural_area,vehicle_manoeuvre,vehicle_direction_from,vehicle_direction_to,hit_object_in_carriageway,vehicle_leaving_carriageway,hit_object_off_carriageway,is_car,is_cyle,is_mcyle,is_goodsv,is_other,is_pedestrian,month,day
2024010535510,2024,010535510,530876,192126,-0.11123,51.61276,3,3,4,11:15,-1,E09000010,6,0,1,0,1,19,"[1, 3]","[5, 7]","[0, 7]","[0, 4]","[0, 11]",1,0,0,0,0,0,10,2
2024010535514,2024,010535514,536294,174022,-0.04003,51.44879,3,3,3,19:15,-1,E09000023,6,2,1,1,1,99,9,9,99,9,99,1,0,0,0,0,1,10,1
2024010535515,2024,010535515,524116,177036,-0.21413,51.47867,3,3,2,15:50,-1,E09000013,6,0,1,-1,1,99,9,9,99,9,99,1,0,1,0,0,0,9,30
2024010535517,2024,010535517,518283,187395,-0.29461,51.57302,3,3,3,19:37,-1,E09000005,5,2,1,0,1,99,9,9,99,9,99,1,0,1,0,0,0,4,30
2024010535525,2024,010535525,543598,184054,0.06909,51.53713,3,3,4,08:00,-1,E09000002,3,0,1,1,1,19,"[1, 7]","[5, 3]",0,0,0,1,1,0,0,0,0,10,2
2024010535526,2024,010535526,532089,166125,-0.10345,51.37882,2,2,6,09:48,-1,E09000008,3,0,2,1,1,99,9,9,"[8, 99]",9,99,1,0,0,1,0,0,9,27
2024010535527,2024,010535527,521499,185220,-0.24897,51.55279,3,3,3,13:27,-1,E09000005,4,0,2,1,1,99,9,9,99,9,99,1,0,1,0,0,0,10,1
2024010535531,2024,010535531,533171,166339,-0.08783,51.38049,3,3,4,12:56,-1,E09000008,3,0,5,1,1,19,1,5,0,0,0,0,0,0,1,0,0,10,2
2024010535532,2024,010535532,525075,180394,-0.19914,51.50864,3,3,4,13:25,-1,E09000020,3,0,1,1,1,"[12, 13]","[3, 7]","[7, 3]",0,0,0,1,0,1,0,0,0,10,2
2024010535536,2024,010535536,540454,172711,0.01928,51.43599,3,3,4,09:32,-1,E09000023,3,0,2,1,1,19,5,1,0,0,0,1,0,0,0,0,0,10,2
2024010535537,2024,010535537,528985,172499,-0.1457,51.43681,3,3,4,12:25,-1,E09000032,4,0,2,1,1,"[9, 19]",6,"[4, 2]",0,0,0,1,0,1,0,0,0,10,2
2024010535539,2024,010535539,526766,177749,-0.17573,51.4845,2,2,4,13:00,-1,E09000020,3,0,1,0,1,"[9, 5]","[7, 3]","[5, 7]",0,0,0,1,1,0,0,0,0,10,2
2024010535542,2024,010535542,535928,171448,-0.04628,51.42575,3,3,4,15:45,-1,E09000023,3,0,2,1,1,"[15, 9]",5,"[1, 3]",0,0,0,1,0,0,0,0,0,10,2
2024010535545,2024,010535545,540568,178381,0.02317,51.48692,2,2,4,07:40,-1,E09000011,3,0,2,1,1,"[5, 19]",9,9,99,"[9, 0]",99,1,1,0,0,0,0,9,25
2024010535548,2024,010535548,508237,181048,-0.44146,51.51799,3,3,4,15:19,-1,E09000017,3,0,1,1,1,99,9,9,99,9,99,1,0,0,0,0,1,10,2
2024010535550,2024,010535550,528815,174243,-0.14752,51.45252,2,2,7,13:00,-1,E09000022,3,0,9,0,1,5,1,5,0,0,0,0,0,0,1,0,0,9,28
2024010535552,2024,010535552,542179,192345,0.05199,51.61199,3,3,6,14:48,-1,E09000026,1,0,1,0,2,99,9,9,99,9,99,1,0,0,0,0,0,9,20
2024010535553,2024,010535553,543029,181896,0.06001,51.51788,3,3,4,12:20,-1,E09000025,3,0,9,-1,1,99,9,9,99,9,99,1,0,1,0,0,0,10,2
2024010535558,2024,010535558,533633,188462,-0.07283,51.57919,3,3,5,08:40,-1,E09000014,3,0,9,0,1,"[99, 19]","[9, 1]","[9, 5]","[99, 0]","[9, 0]","[99, 0]",1,1,0,0,0,0,9,26
2024010535559,2024,010535559,526707,181226,-0.17533,51.51576,2,2,6,18:40,-1,E09000033,3,0,1,0,1,99,9,9,99,9,99,1,1,0,0,0,0,9,27
2024010535565,2024,010535565,516255,177357,-0.32717,51.48323,3,3,4,16:32,-1,E09000018,3,0,1,1,1,99,9,9,99,9,99,0,1,0,0,0,1,10,2
2024010535571,2024,010535571,546132,171643,0.10047,51.42496,3,3,4,17:15,-1,E09000004,6,0,4,1,1,5,"[3, 5]","[7, 1]",0,0,0,1,1,0,0,0,0,10,2
2024010535573,2024,010535573,514738,172081,-0.35071,51.43612,2,2,4,16:40,-1,E09000027,4,0,1,0,1,9,"[1, 5]","[6, 2]",0,0,0,1,1,0,0,0,0,10,2
2024010535574,2024,010535574,535191,169265,-0.05771,51.40631,3,3,4,16:13,-1,E09000006,3,0,1,0,1,"[19, 3]",5,1,0,0,0,1,0,0,0,0,0,10,2
2024010535579,2024,010535579,509205,178361,-0.42834,51.49366,3,3,5,19:48,-1,E09000017,1,2,9,-1,1,"[19, 99]","[5, 9]","[1, 9]",99,9,99,1,0,0,0,0,0,9,26
2024010535588,2024,010535588,542474,181693,0.05194,51.5162,3,3,3,19:22,-1,E09000025,5,2,2,1,1,99,9,9,99,"[9, 0]","[99, 0]",1,0,0,0,0,0,10,1
2024010535592,2024,010535592,536516,172180,-0.03755,51.43218,3,3,4,19:00,-1,E09000023,3,0,1,1,1,"[19, 2, 6]","[5, 0, 1]","[1, 0]","[4, 0]",0,0,1,0,1,0,0,0,10,2
2024010535593,2024,010535593,534560,178144,-0.0634,51.48625,3,3,4,17:00,-1,E09000028,3,0,9,1,1,"[19, 10]",6,"[2, 3]",0,0,0,1,0,1,0,0,0,10,2
2024010535594,2024,010535594,512526,179019,-0.38032,51.49892,2,2,6,20:00,-1,E09000009,5,2,1,0,1,"[7, 19]","[4, 7]","[6, 3]",0,0,0,1,1,0,0,0,0,9,6
2024010535595,2024,010535595,513077,174580,-0.3738,51.45891,2,2,6,19:35,-1,E09000018,3,0,9,0,1,99,9,9,99,9,99,1,1,0,0,0,0,9,6
2024010535596,2024,010535596,530092,167298,-0.13169,51.38982,3,3,4,08:08,-1,E09000008,3,0,1,1,1,"[99, 15]",9,9,"[0, 8]","[0, 9]","[0, 99]",1,1,0,0,0,0,10,2
2024010535598,2024,010535598,553376,190554,0.2128,51.59296,3,3,4,18:08,-1,E09000016,3,0,1,0,1,19,"[3, 7]","[7, 3]",0,0,0,1,0,1,0,0,0,10,2
2024010535601,2024,010535601,538544,188751,-0.00189,51.5806,3,3,4,08:30,-1,E09000031,3,0,1,1,1,99,9,9,99,9,99,1,1,0,0,0,0,10,2
2024010535604,2024,010535604,538873,184303,0.0011,51.54055,3,3,4,15:29,-1,E09000025,3,0,1,0,1,1,3,7,0,0,0,1,0,0,0,0,1,10,2
2024010535606,2024,010535606,531841,183000,-0.10072,51.53052,2,2,4,19:55,-1,E09000019,3,2,1,1,1,"[9, 19]","[7, 5]","[5, 1]",0,0,0,1,0,1,0,0,0,10,2
2024010535607,2024,010535607,536030,187405,-0.03867,51.56912,3,3,2,08:37,-1,E09000031,6,0,2,1,1,99,9,9,99,9,99,1,1,0,0,0,0,9,30
2024010535611,2024,010535611,531440,178032,-0.10835,51.48597,2,2,4,22:12,-1,E09000028,3,2,1,0,1,19,3,5,7,0,0,0,0,1,0,0,0,10,2
2024010535612,2024,010535612,521255,168131,-0.25835,51.39926,3,3,4,18:44,-1,E09000021,6,2,1,0,1,"[4, 3]",1,5,0,0,0,1,1,0,0,0,0,10,2
2024010535613,2024,010535613,526439,175538,-0.18123,51.4647,3,3,4,01:34,-1,E09000032,3,0,1,0,1,99,9,9,99,9,99,0,1,0,0,1,0,10,2
2024010535615,2024,010535615,524059,179980,-0.21391,51.50515,2,2,4,17:35,-1,E09000020,3,0,8,1,1,4,7,3,0,0,0,1,0,1,0,0,0,10,2
2024010535618,2024,010535618,537002,181040,-0.02713,51.51168,3,3,4,21:42,-1,E09000030,3,2,1,0,1,"[19, 10]",5,"[1, 2]",0,0,0,0,1,0,1,0,0,10,2
2024010535629,2024,010535629,512072,180402,-0.38641,51.51144,3,3,3,19:42,-1,E09000009,6,2,8,1,1,"[19, 1]","[5, 1]","[1, 5]",0,0,0,1,0,0,0,0,0,10,1
2024010535630,2024,010535630,533067,179061,-0.08454,51.49484,3,3,4,21:05,-1,E09000028,3,2,1,0,1,"[19, 99]","[1, 9]","[5, 9]","[0, 99]","[1, 9]","[0, 99]",1,1,0,0,0,0,10,2
2024010535631,2024,010535631,520544,181706,-0.26394,51.52142,3,3,5,07:49,-1,E09000009,3,0,1,0,1,"[5, 19]","[1, 3]","[5, 7]",0,0,0,1,1,0,0,0,0,10,3
2024010535634,2024,010535634,534654,186751,-0.05876,51.56357,3,3,4,10:30,-1,E09000012,3,0,1,1,1,99,9,9,99,9,99,1,0,1,0,0,0,10,2
2024010535637,2024,010535637,530689,183687,-0.11707,51.53697,3,3,3,19:35,-1,E09000019,4,2,2,1,1,99,9,9,99,9,99,1,1,0,0,0,0,10,1
2024010535641,2024,010535641,531572,180390,-0.10557,51.50713,3,3,5,07:50,-1,E09000028,3,0,1,0,1,"[9, 19]","[2, 7]","[8, 3]",0,"[1, 0]",0,1,1,0,0,0,0,10,3
2024010535643,2024,010535643,554176,189919,0.22406,51.58704,3,3,3,19:00,-1,E09000016,3,2,1,1,1,99,9,9,99,9,99,1,1,0,0,0,0,10,1
2024010535648,2024,010535648,530388,180228,-0.12268,51.50595,2,2,3,21:30,-1,E09000033,3,2,2,1,2,99,9,9,99,9,99,0,1,0,0,0,0,10,1
2024010535652,2024,010535652,522167,186055,-0.23905,51.56015,3,3,1,12:50,-1,E09000005,5,0,1,0,1,99,9,9,99,9,99,1,1,0,0,0,0,9,29
2024010535657,2024,010535657,525637,183381,-0.18998,51.53536,3,3,4,16:07,-1,E09000007,3,0,9,0,1,99,9,9,99,9,99,1,0,1,0,0,0,10,2
2024010535659,2024,010535659,518995,175668,-0.28829,51.46748,3,3,5,07:20,-1,E09000027,3,0,1,0,1,99,9,9,99,9,99,1,1,0,0,0,0,10,3
2024010535660,2024,010535660,543214,179208,0.06159,51.49368,3,3,4,12:32,-1,E09000011,3,0,1,0,1,99,9,9,99,9,99,1,0,0,0,0,1,10,2
2024010535662,2024,010535662,505491,181400,-0.48091,51.52168,3,3,5,10:58,-1,E09000017,3,0,1,0,1,"[9, 3, 19]","[7, 3, 1]","[4, 7, 5]",0,0,0,1,0,0,0,0,0,10,3
2024010535668,2024,010535668,538025,171203,-0.01623,51.42304,2,2,5,06:34,-1,E09000023,3,0,1,0,1,13,7,3,7,0,0,0,0,1,0,0,0,10,3
2024010535669,2024,010535669,518628,180409,-0.29198,51.51017,3,3,5,08:14,-1,E09000009,3,0,1,0,1,"[4, 5]","[1, 3]","[5, 7]",0,"[0, 1]",0,1,1,0,0,0,0,10,3
2024010535670,2024,010535670,545421,176073,0.09206,51.46495,2,2,5,07:15,-1,E09000004,3,0,1,0,1,"[9, 19]",1,"[8, 5]",0,0,0,1,1,0,0,0,0,10,3
2024010535671,2024,010535671,551587,177389,0.18133,51.47516,3,3,5,08:46,-1,E09000004,3,0,1,0,1,19,5,1,0,0,0,0,0,1,0,0,1,10,3
2024010535674,2024,010535674,525744,176134,-0.19102,51.47021,3,3,4,18:55,-1,E09000013,6,2,1,0,1,"[11, 99]",9,9,99,9,99,1,1,0,0,0,0,10,2
2024010535677,2024,010535677,537762,175901,-0.01819,51.46532,2,"[2, 3]",6,12:30,-1,E09000023,3,0,1,0,1,"[19, 99]","[3, 9]","[7, 9]",99,9,99,1,0,1,0,0,0,8,30
2024010535678,2024,010535678,530736,185732,-0.11563,51.55533,3,3,5,08:43,-1,E09000019,3,0,1,0,1,"[9, 19]","[4, 8]","[2, 4]",0,0,0,1,1,0,0,0,0,10,3
2024010535679,2024,010535679,535123,185540,-0.05246,51.55257,3,3,5,12:38,-1,E09000012,3,0,1,0,1,19,1,5,0,0,0,0,0,0,1,0,0,10,3
2024010535683,2024,010535683,535770,194978,-0.03949,51.63723,3,3,5,11:30,-1,E09000010,6,0,1,0,1,"[19, 2]","[1, 0, 3]","[5, 0, 7]",0,0,0,1,0,1,0,0,0,10,3
2024010535684,2024,010535684,534569,176769,-0.06379,51.47389,3,3,5,10:36,-1,E09000028,3,0,1,0,1,"[7, -1]",3,"[5, 7]",0,0,0,1,1,0,0,0,0,10,3
2024010535685,2024,010535685,538691,184316,-0.00152,51.54071,3,3,5,12:14,-1,E09000025,3,2,1,0,1,"[19, 3]",3,7,0,0,0,1,0,0,0,0,0,10,3
2024010535686,2024,010535686,537497,182893,-0.01928,51.52822,3,3,5,10:43,-1,E09000030,3,0,1,0,1,"[19, 9]","[3, 5]","[7, 2]",0,0,0,1,0,1,0,0,0,10,3
2024010535689,2024,010535689,533500,190501,-0.07397,51.59754,3,3,4,11:45,-1,E09000014,3,0,1,0,1,99,9,9,99,9,99,1,0,1,0,0,0,10,2
2024010535692,2024,010535692,534892,185972,-0.05563,51.55651,3,3,5,13:15,-1,E09000012,3,0,1,0,1,5,1,5,0,0,0,0,0,0,1,0,0,10,3
2024010535693,2024,010535693,535105,177822,-0.05568,51.48322,3,3,5,11:50,-1,E09000028,6,0,9,-1,1,99,9,9,99,9,99,1,0,1,0,0,0,10,3
2024010535694,2024,010535694,529868,184948,-0.12843,51.54849,3,3,5,09:50,-1,E09000007,3,0,1,0,1,99,9,9,99,9,99,1,1,0,0,0,0,10,3
2024010535695,2024,010535695,521355,174353,-0.25478,51.45516,3,3,4,08:46,-1,E09000032,6,0,1,1,1,99,9,9,99,9,99,1,1,0,0,0,0,10,2
2024010535698,2024,010535698,529525,173064,-0.13773,51.44177,3,3,4,08:40,-1,E09000022,5,0,1,1,1,19,9,9,99,9,99,1,1,0,0,0,0,10,2
2024010535699,2024,010535699,532758,183277,-0.08741,51.5328,3,3,5,09:55,-1,E09000012,3,0,1,0,1,99,9,9,99,9,99,1,1,0,0,0,0,10,3
2024010535700,2024,010535700,528922,174466,-0.14589,51.4545,2,2,7,00:59,-1,E09000022,3,2,9,-1,1,99,9,9,99,9,99,1,1,0,0,0,0,9,21
2024010535702,2024,010535702,550788,176966,0.16965,51.47157,3,3,5,08:05,-1,E09000004,5,0,1,0,1,19,2,6,0,0,0,1,0,0,0,0,1,10,3
2024010535704,2024,010535704,535132,169583,-0.05843,51.40918,3,3,4,12:21,-1,E09000006,3,0,9,-1,1,99,9,9,99,9,99,1,0,1,0,0,0,10,2
2024010535708,2024,010535708,525076,167602,-0.20364,51.39368,3,3,5,08:02,-1,E09000024,3,0,1,0,1,99,9,9,99,9,99,1,1,0,0,0,0,10,3
2024010535711,2024,010535711,522779,182866,-0.23134,51.53136,3,3,5,12:40,-1,E09000005,3,0,1,0,1,"[2, 1]","[0, 3]","[0, 7]","[0, 4]",0,0,1,0,0,0,0,1,10,3
2024010535712,2024,010535712,518971,185242,-0.28541,51.55353,3,3,5,14:00,-1,E09000005,6,0,1,0,1,"[4, 19]","[8, 6]","[4, 2]",0,0,0,1,0,0,0,0,0,10,3
2024010535721,2024,010535721,550296,185066,0.16602,51.54448,3,3,5,08:00,-1,E09000002,3,0,1,0,1,3,1,5,0,0,0,1,0,0,0,0,1,10,3
2024010535722,2024,010535722,523603,177932,-0.2212,51.48684,3,3,5,14:26,-1,E09000013,3,0,1,0,1,"[9, 19]","[1, 5]","[7, 1]",0,0,0,1,0,1,0,0,0,10,3
2024010535727,2024,010535727,542906,182265,0.05839,51.52123,3,3,3,09:00,-1,E09000025,3,0,1,0,1,99,9,9,99,9,99,1,1,0,0,0,0,9,24
2024010535731,2024,010535731,527153,180861,-0.16904,51.51238,3,3,5,14:35,-1,E09000033,3,0,8,0,1,"[19, 6]",3,"[7, 3]",0,0,0,1,0,1,0,0,0,10,3
2024010535732,2024,010535732,530874,180977,-0.11541,51.51257,3,3,4,12:50,-1,E09000033,3,0,1,0,1,99,9,9,99,9,99,0,1,0,0,0,1,10,2
2024010535736,2024,010535736,504710,174949,-0.49408,51.46384,3,3,4,14:49,-1,E09000017,3,0,8,0,2,99,9,9,99,9,99,1,0,0,1,0,0,8,28
2024010535737,2024,010535737,529837,171521,-0.13381,51.42783,3,3,5,16:05,-1,E09000022,3,0,1,0,1,4,"[8, 4]","[4, 8]",0,0,0,1,0,0,1,0,0,10,3
2024010535739,2024,010535739,531250,183237,-0.10915,51.53279,1,1,5,14:25,-1,E09000019,5,0,1,0,1,9,5,3,0,0,0,0,0,0,1,0,1,10,3
2024010535741,2024,010535741,552613,186007,0.19982,51.55231,3,3,5,14:42,-1,E09000016,6,0,1,0,1,1,6,2,10,7,11,1,0,0,0,0,0,10,3
2024010535748,2024,010535748,535162,198207,-0.04702,51.66639,3,3,2,20:30,-1,E09000010,6,0,1,1,1,99,9,9,99,9,99,1,0,0,0,0,0,9,30
2024010535750,2024,010535750,541194,169041,0.02845,51.40283,3,3,4,08:25,-1,E09000006,6,0,2,1,1,99,9,9,99,9,99,1,1,0,0,0,0,10,2
2024010535754,2024,010535754,514346,188624,-0.35099,51.58488,3,3,5,14:49,-1,E09000015,6,0,1,0,1,99,9,9,99,9,99,1,0,0,0,0,0,10,3
2024010535758,2024,010535758,544252,167644,0.07182,51.38951,3,3,5,17:45,-1,E09000006,5,0,1,0,1,19,5,1,0,0,0,1,0,0,0,0,1,10,3
2024010535759,2024,010535759,533032,169895,-0.08849,51.41248,3,3,4,18:32,-1,E09000008,3,0,9,-1,1,99,9,9,99,9,99,1,0,1,0,0,0,10,2
2024010535760,2024,010535760,540391,172101,0.01813,51.43053,3,3,5,16:29,-1,E09000023,5,0,1,0,1,13,7,3,0,7,0,1,0,0,0,0,1,10,3
2024010535761,2024,010535761,526667,180775,-0.17607,51.51171,3,3,5,17:45,-1,E09000033,3,0,1,0,1,9,7,6,0,1,0,0,0,0,1,0,1,10,3
2024010535763,2024,010535763,544556,186756,0.084,51.56116,3,3,5,15:40,-1,E09000026,3,0,1,0,1,"[19, 9]","[7, 1]","[3, 7]",0,0,0,1,0,1,0,0,0,10,3
2024010535764,2024,010535764,520918,191152,-0.25531,51.60623,3,3,5,18:25,-1,E09000003,5,2,1,0,1,19,"[2, 6]","[6, 2]",0,0,0,1,0,0,0,0,0,10,3
2024010535768,2024,010535768,534738,181346,-0.05962,51.51498,3,3,5,17:02,-1,E09000030,3,0,1,0,1,99,9,9,99,9,99,1,1,0,0,0,0,10,3
2024010535775,2024,010535775,533827,195370,-0.0674,51.64122,3,3,2,15:40,-1,E09000010,5,0,2,1,1,99,9,9,99,9,99,1,0,0,0,0,1,9,2
2024010535779,2024,010535779,516965,185167,-0.31436,51.55327,3,3,5,18:40,-1,E09000005,3,2,1,0,1,99,9,9,99,9,99,1,0,0,0,0,0,10,3
2024010535785,2024,010535785,505538,191404,-0.47723,51.61158,3,3,5,15:40,-1,E09000017,5,0,1,0,2,19,1,5,0,0,0,1,0,0,0,0,0,10,3
2024010535794,2024,010535794,545601,173145,0.09345,51.4386,3,3,5,20:31,-1,E09000004,4,2,1,0,1,3,1,5,0,0,0,1,0,0,0,0,0,10,3
2024010535797,2024,010535797,539627,193909,0.01578,51.62668,3,3,5,09:30,-1,E09000031,6,0,1,0,1,99,9,9,99,9,99,1,0,0,0,0,1,10,3
2024010535798,2024,010535798,525917,177086,-0.18819,51.47873,3,3,5,20:35,-1,E09000013,3,2,1,0,1,19,"[3, 7]","[7, 3]",0,0,0,1,1,0,0,0,0,10,3
2024010535800,2024,010535800,526085,192145,-0.18038,51.61402,2,2,6,15:30,-1,E09000003,5,0,9,-1,1,19,7,3,0,0,0,1,0,0,0,0,1,9,13
2024010535801,2024,010535801,530775,179400,-0.11742,51.49842,3,3,5,06:53,-1,E09000022,3,0,1,0,1,99,9,9,99,9,99,0,1,0,0,1,0,10,3
2024010535805,2024,010535805,519626,184582,-0.27619,51.54746,3,3,5,16:58,-1,E09000005,3,0,1,0,1,15,3,7,0,0,0,0,0,1,0,0,0,10,3
2024010535806,2024,010535806,516737,188408,-0.31657,51.58245,3,3,5,19:22,-1,E09000015,3,0,1,0,1,"[3, 19]",7,3,0,0,0,1,0,0,0,0,0,10,3
2024010535810,2024,010535810,519012,177641,-0.28738,51.48521,3,3,5,22:04,-1,E09000027,3,2,7,1,1,"[19, 8]",2,"[6, 3]",0,"[0, 7]",0,1,0,1,0,0,0,10,3
2024010535811,2024,010535811,518418,167604,-0.29929,51.39512,2,2,2,18:00,-1,E09000021,4,0,1,0,1,99,9,9,99,9,99,1,0,1,0,0,0,9,23
2024010535813,2024,010535813,512220,175072,-0.38597,51.4635,3,3,5,17:45,-1,E09000018,3,0,1,0,1,"[13, 9]",7,"[3, 4]","[10, 0]","[7, 0]",0,1,0,1,0,0,0,10,3
2024010535817,2024,010535817,534836,199669,-0.05117,51.67961,3,3,5,21:05,-1,E09000010,3,2,1,0,1,"[3, 19]",5,1,0,"[0, 1]",0,1,0,0,0,0,0,10,3
2024010535819,2024,010535819,526145,178576,-0.18437,51.49207,3,3,5,22:53,-1,E09000020,6,2,1,0,1,"[2, 19]","[0, 3]","[0, 7]","[0, 4]",0,0,1,0,0,0,0,0,10,3
2024010535823,2024,010535823,531172,168175,-0.11586,51.39745,3,3,6,00:00,-1,E09000008,6,2,8,0,1,99,9,9,99,9,99,1,0,0,0,0,0,10,4
2024010535824,2024,010535824,527992,191536,-0.15307,51.60812,2,2,5,22:00,-1,E09000003,4,2,1,0,1,"[6, 19]",5,"[5, 1]",0,0,0,1,0,1,0,0,0,10,3
2024010535827,2024,010535827,549995,189120,0.16341,51.58099,3,3,5,22:20,-1,E09000016,3,2,1,0,2,19,3,7,0,0,0,1,0,0,0,0,0,10,3
2024010535828,2024,010535828,534588,181311,-0.06179,51.5147,3,3,6,04:55,-1,E09000030,3,2,1,0,1,"[19, 3]","[3, 5]","[7, 1]",0,0,0,0,1,1,0,0,0,10,4
2024010535830,2024,010535830,524805,170568,-0.20649,51.42039,3,3,6,05:59,-1,E09000024,4,2,1,0,1,19,1,5,"[7, 0]",0,0,1,0,0,0,0,0,10,4
2024010535835,2024,010535835,520922,168958,-0.26285,51.40677,3,3,5,10:00,-1,E09000021,6,0,9,-1,1,99,9,9,99,9,99,1,0,1,0,0,0,10,3
2024010535837,2024,010535837,516103,174276,-0.33036,51.45557,3,3,6,08:58,-1,E09000027,3,0,1,0,1,5,5,1,0,0,0,1,1,0,0,0,0,10,4
2024010535838,2024,010535838,531738,166545,-0.10833,51.38267,3,3,6,08:30,-1,E09000008,3,0,1,0,1,"[19, 9]",5,"[1, 2]",0,0,0,1,0,1,0,0,0,10,4
2024010535845,2024,010535845,538118,186425,-0.00895,51.5598,3,3,6,09:25,-1,E09000031,3,0,1,0,1,"[7, 19]",5,"[8, 1]",0,0,0,1,0,1,0,0,0,10,4
2024010535847,2024,010535847,524609,183086,-0.2049,51.53294,3,3,5,16:45,-1,E09000033,4,0,9,-1,1,99,9,9,99,9,99,1,0,1,0,0,0,10,3
2024010535849,2024,010535849,522289,180084,-0.23937,51.50647,3,3,6,09:11,-1,E09000013,3,0,1,0,1,4,3,7,0,0,0,0,0,0,1,0,0,10,4
2024010535853,2024,010535853,536310,184747,-0.03566,51.54516,3,3,6,09:40,-1,E09000012,3,0,1,0,1,19,"[3, 6]","[7, 2]",0,0,0,1,0,1,0,0,0,10,4
2024010535854,2024,010535854,527351,175536,-0.16811,51.46448,3,3,5,15:10,-1,E09000032,5,0,9,-1,1,99,9,9,99,9,99,1,0,1,0,0,0,10,3
2024010535855,2024,010535855,523850,182717,-0.21596,51.52979,3,3,6,06:45,-1,E09000005,4,2,1,0,1,"[5, 19]","[3, 1]","[7, 5]",0,0,0,1,1,0,0,0,0,10,4
2024010535857,2024,010535857,510785,185949,-0.40321,51.56155,3,3,6,10:33,-1,E09000017,6,0,1,0,1,"[2, 1]","[0, 3]","[0, 7]",0,0,0,1,0,0,0,0,1,10,4
2024010535859,2024,010535859,530340,172725,-0.12614,51.43853,3,3,5,10:03,-1,E09000022,3,0,1,0,1,99,9,9,99,9,99,0,0,1,0,0,0,10,3
2024010535867,2024,010535867,512575,191525,-0.37561,51.61131,3,3,6,08:10,-1,E09000015,6,0,1,0,1,99,9,9,99,9,99,1,0,0,0,0,1,10,4
2024010535869,2024,010535869,531165,184933,-0.10974,51.54805,3,3,6,11:27,-1,E09000019,4,0,1,0,1,19,1,5,0,0,0,1,0,0,0,0,1,10,4
2024010535872,2024,010535872,521176,189817,-0.25205,51.59418,3,3,6,12:40,-1,E09000003,5,0,1,0,1,99,9,9,99,9,99,1,0,0,0,0,0,10,4
2024010535873,2024,010535873,534248,186669,-0.06465,51.56293,3,3,3,06:50,-1,E09000012,4,0,1,0,1,99,9,9,99,9,99,1,1,0,0,0,0,10,1
2024010535874,2024,010535874,516015,170751,-0.33278,51.4239,2,2,6,11:00,-1,E09000027,6,0,1,0,1,19,3,7,0,0,0,1,0,0,0,0,1,10,4
2024010535875,2024,010535875,519554,188863,-0.27578,51.58595,3,3,5,18:00,-1,E09000005,3,0,1,0,1,99,9,9,99,9,99,1,0,1,0,0,0,10,3
2024010535877,2024,010535877,537183,177280,-0.02598,51.47785,3,3,1,11:00,-1,E09000023,3,0,1,0,1,"[99, 19]","[9, 5]","[9, 1]","[99, 0]",9,99,1,1,0,0,0,0,9,22
2024010535878,2024,010535878,525049,177525,-0.20053,51.48286,3,3,6,10:25,-1,E09000013,4,0,1,0,1,19,1,5,0,0,0,1,0,0,0,0,1,10,4
2024010535886,2024,010535886,529391,178735,-0.13759,51.49276,2,"[2, 3]",6,08:27,-1,E09000033,3,0,1,0,1,19,5,1,0,0,0,0,0,1,0,0,1,10,4
2024010535887,2024,010535887,552001,183399,0.18987,51.52905,3,3,6,09:30,-1,E09000016,5,0,1,0,1,"[19, 9]","[1, 6]","[5, 3]",0,0,0,1,0,0,0,0,0,10,4
2024010535888,2024,010535888,544626,176269,0.08071,51.46692,3,3,6,14:40,-1,E09000011,3,0,1,0,1,"[19, 4]",7,3,0,0,0,1,0,1,0,0,0,10,4
2024010535892,2024,010535892,526405,194144,-0.17504,51.63191,3,3,4,18:00,-1,E09000003,3,0,1,0,1,19,5,1,0,0,0,0,1,0,0,0,0,10,2
2024010535895,2024,010535895,546382,166082,0.10177,51.37493,3,3,5,20:22,-1,E09000006,6,2,1,0,1,99,9,9,99,9,99,0,0,0,1,0,0,10,3
2024010535897,2024,010535897,521567,181032,-0.24944,51.51514,3,3,6,14:20,-1,E09000009,5,0,1,0,1,99,9,9,99,9,99,0,1,1,0,0,0,10,4
2024010535899,2024,010535899,525294,186091,-0.19396,51.55979,3,3,6,09:35,-1,E09000007,5,0,1,0,1,99,9,9,99,9,99,1,0,1,0,0,0,10,4
2024010535901,2024,010535901,521532,190590,-0.24664,51.60105,3,3,6,14:55,-1,E09000003,6,0,1,0,1,1,8,2,11,7,10,1,0,0,0,0,0,10,4
2024010535902,2024,010535902,514021,169848,-0.36174,51.41619,3,3,6,14:38,-1,E09000027,6,0,1,0,1,"[5, 19]","[0, 5]","[3, 1]",0,0,0,1,1,0,0,0,0,10,4
2024010535905,2024,010535905,529948,191405,-0.12489,51.60649,3,3,6,13:20,-1,E09000014,4,0,1,0,1,"[3, 4]",6,2,"[0, 4]",0,0,1,0,0,0,0,0,10,4