collision_index,collision_year,collision_ref_no,location_easting_osgr,location_northing_osgr,longitude,latitude,casualty_severity,casualty_severity,day_of_week,time,local_authority_district,local_authority_ons_district,first_road_class,light_conditions,weather_conditions,road_surface_conditions,urban_or_rural_area,vehicle_manoeuvre,vehicle_direction_from,vehicle_direction_to,hit_object_in_carriageway,vehicle_leaving_carriageway,hit_object_off_carriageway,is_car,is_cyle,is_mcyle,is_goodsv,is_other,is_pedestrian,month,day
2024010536860,2024,010536860,548036,185493,0.13363,51.54891,3,3,4,16:09,-1,E09000002,5,0,2,1,1,19,5,1,0,0,0,1,0,0,0,0,1,10,9
2024010536862,2024,010536862,543325,177752,0.06259,51.48057,3,3,4,18:06,-1,E09000011,6,2,9,-1,1,"[99, 2]","[9, 0]","[9, 0]",99,0,0,1,0,0,0,0,0,10,9
2024010536865,2024,010536865,521846,169865,-0.24926,51.41472,2,2,4,13:17,-1,E09000024,3,0,1,0,1,"[19, 15]",1,5,0,0,0,1,0,1,0,0,0,10,9
2024010536867,2024,010536867,534330,183386,-0.06472,51.53341,3,3,4,17:45,-1,E09000012,5,2,9,1,1,13,5,1,"[0, 10]",0,0,0,1,0,0,0,0,10,9
2024010536875,2024,010536875,514374,189426,-0.35032,51.59208,3,3,4,17:30,-1,E09000015,5,2,2,1,1,"[19, 4]","[3, 6]","[7, 2]",0,0,0,1,0,0,0,0,0,10,9
2024010536879,2024,010536879,534562,181752,-0.062,51.51867,3,3,3,14:45,-1,E09000030,3,0,1,0,1,"[99, 5]",9,9,99,9,99,1,1,0,0,0,0,10,8
2024010536881,2024,010536881,525612,171407,-0.19459,51.42776,3,3,3,08:40,-1,E09000024,4,0,2,1,1,99,9,9,99,9,99,1,1,0,0,0,0,10,8
2024010536882,2024,010536882,524926,187661,-0.1987,51.57398,2,2,4,18:41,-1,E09000003,5,2,1,1,1,"[9, 19]","[1, 5]","[7, 1]",0,0,0,1,0,1,0,0,0,10,9
2024010536884,2024,010536884,511799,183248,-0.38944,51.53707,3,3,2,14:05,-1,E09000009,3,0,8,0,1,19,7,3,99,9,99,1,0,0,0,0,1,9,30
2024010536887,2024,010536887,534189,173584,-0.07047,51.44536,3,3,4,20:15,-1,E09000028,3,2,1,0,1,"[7, 19]",5,"[7, 1]",0,1,"[1, 0]",1,0,1,0,0,0,10,9
2024010536888,2024,010536888,524727,184764,-0.2026,51.54799,2,2,4,18:58,-1,E09000007,6,2,1,0,1,19,2,6,0,1,0,1,0,0,0,0,1,10,9
2024010536892,2024,010536892,531088,164531,-0.11841,51.36472,3,3,4,21:30,-1,E09000008,3,2,4,0,1,"[9, 19]","[3, 5]","[8, 1]",0,0,0,1,0,0,0,0,0,10,9
2024010536894,2024,010536894,519028,189104,-0.28328,51.58823,3,3,4,18:59,-1,E09000015,3,2,2,1,1,4,1,5,0,0,0,1,0,0,0,0,1,10,9
2024010536896,2024,010536896,537155,182787,-0.02425,51.52735,3,3,4,22:30,-1,E09000030,3,2,1,0,1,"[19, 9]","[3, 7]","[7, 4]",0,0,0,1,0,1,0,0,0,10,9
2024010536902,2024,010536902,543703,183754,0.07048,51.53441,3,3,4,22:47,-1,E09000025,3,2,2,1,1,"[12, 19]",5,1,"[0, 10]","[4, 5]",6,1,0,0,0,0,0,10,9
2024010536903,2024,010536903,525120,186714,-0.19624,51.56543,2,"[3, 2]",4,23:10,-1,E09000003,3,2,1,1,1,"[19, 2]","[5, 1, 0]","[1, 5, 0]",0,"[0, 1]",0,1,0,0,0,0,0,10,9
2024010536905,2024,010536905,531011,168551,-0.11803,51.40087,2,2,4,23:35,-1,E09000008,3,2,2,1,1,"[3, 19]",1,5,0,0,0,1,0,1,0,0,0,10,9
2024010536910,2024,010536910,529963,180403,-0.12874,51.50762,3,3,4,08:00,-1,E09000033,3,0,8,1,1,99,9,9,99,9,99,0,1,0,1,0,0,10,9
2024010536911,2024,010536911,520164,186615,-0.26774,51.56562,3,3,5,01:50,-1,E09000005,3,2,1,1,1,19,7,3,0,0,0,1,0,0,0,0,0,10,10
2024010536912,2024,010536912,532524,164074,-0.09796,51.36028,2,2,5,00:56,-1,E09000008,3,2,2,1,1,"[9, 19]","[5, 1]","[3, 5]",0,0,0,1,0,1,0,0,0,10,10
2024010536917,2024,010536917,535435,171615,-0.0533,51.42737,2,"[2, 3]",5,02:39,-1,E09000023,6,2,8,1,1,19,5,1,0,0,0,0,0,1,0,0,0,10,10
2024010536918,2024,010536918,533695,174410,-0.07726,51.4529,3,3,5,03:30,-1,E09000028,3,2,8,1,1,"[2, 19]","[0, 1]","[0, 5]","[0, 4]",0,0,1,0,0,0,0,0,10,10
2024010536920,2024,010536920,551457,189091,0.18448,51.58033,3,3,5,06:27,-1,E09000016,3,2,2,1,1,"[3, 19]",2,6,0,0,0,1,0,0,0,0,0,10,10
2024010536927,2024,010536927,538244,175852,-0.01127,51.46476,3,3,3,08:10,-1,E09000023,3,0,1,0,1,19,"[5, 1]","[1, 5]",99,"[0, 1]","[0, 99]",1,1,0,0,0,0,10,1
2024010536929,2024,010536929,534070,197606,-0.06303,51.66125,2,2,5,06:50,-1,E09000010,5,2,2,1,1,19,7,3,0,0,0,1,0,0,0,0,1,10,10
2024010536930,2024,010536930,550984,188978,0.17761,51.57945,3,3,5,17:00,-1,E09000016,3,0,1,0,1,4,5,1,0,0,0,0,0,0,1,0,0,9,12
2024010536936,2024,010536936,531717,168833,-0.10778,51.40324,3,3,5,08:07,-1,E09000008,5,0,2,1,1,"[19, 9]","[5, 7]","[1, 4]",0,0,0,1,0,0,0,0,0,10,10
2024010536938,2024,010536938,505844,178365,-0.47674,51.49433,3,3,5,07:00,-1,E09000017,1,0,8,1,1,"[19, 4]",3,7,0,0,0,1,0,0,0,0,0,10,10
2024010536945,2024,010536945,533033,169893,-0.08848,51.41246,3,3,4,17:29,-1,E09000008,3,0,1,0,1,99,9,9,99,9,99,1,0,1,0,0,0,10,9
2024010536946,2024,010536946,517002,189540,-0.31237,51.59257,3,3,4,14:50,-1,E09000015,5,0,1,0,1,99,9,9,99,9,99,1,0,1,0,0,0,10,9
2024010536950,2024,010536950,550239,184699,0.16504,51.5412,3,3,5,08:10,-1,E09000002,3,0,2,1,1,9,3,2,0,0,0,1,0,0,0,0,1,10,10
2024010536952,2024,010536952,535127,169888,-0.05839,51.41192,3,3,4,12:00,-1,E09000006,6,0,1,0,1,99,9,9,99,9,99,1,0,1,0,0,0,10,9
2024010536958,2024,010536958,530361,163719,-0.12914,51.35759,3,3,5,08:24,-1,E09000029,5,0,2,1,1,99,9,9,99,9,99,1,1,0,0,0,0,10,10
2024010536961,2024,010536961,553719,192808,0.21873,51.61312,3,3,5,08:11,-1,E09000016,5,0,2,1,1,1,3,1,0,0,0,1,0,0,0,0,1,10,10
2024010536968,2024,010536968,526580,164207,-0.18324,51.36283,3,3,5,15:45,-1,E09000029,3,0,8,0,1,99,9,9,99,9,99,1,0,0,0,0,0,9,19
2024010536971,2024,010536971,527860,179741,-0.15926,51.50215,3,3,2,17:30,-1,E09000033,3,0,1,0,1,99,9,9,0,0,0,1,0,0,0,0,1,10,7
2024010536973,2024,010536973,530713,183885,-0.11665,51.53874,3,3,5,09:40,-1,E09000019,3,0,1,1,1,"[19, 9]","[1, 3]","[5, 1]",0,0,0,1,0,1,0,0,0,10,10
2024010536977,2024,010536977,520235,184059,-0.26759,51.54263,3,3,5,08:00,-1,E09000005,3,0,1,1,1,19,5,1,0,0,0,1,0,0,0,0,1,10,10
2024010536978,2024,010536978,536180,185065,-0.03741,51.54805,3,3,5,21:08,-1,E09000012,3,2,1,-1,1,99,9,9,99,9,99,1,0,0,0,0,0,10,3
2024010536984,2024,010536984,527492,165166,-0.16981,51.37125,3,3,1,17:40,-1,E09000029,4,0,2,1,1,99,9,9,99,9,99,1,0,0,0,0,0,10,6
2024010536985,2024,010536985,510845,175976,-0.40548,51.4719,2,2,5,06:10,-1,E09000018,3,0,1,0,1,99,9,9,99,9,99,1,1,0,0,0,0,10,3
2024010536986,2024,010536986,543027,165008,0.05317,51.36613,3,3,5,09:35,-1,E09000006,3,0,9,0,1,10,3,1,0,0,0,1,0,1,0,0,0,10,10
2024010536988,2024,010536988,515642,171566,-0.33788,51.43131,3,3,5,12:21,-1,E09000027,3,0,1,0,1,"[6, 2, 19]","[1, 0]","[1, 0, 5]",0,0,0,1,0,1,0,0,0,10,10
2024010536989,2024,010536989,530852,180745,-0.11581,51.51049,3,3,4,17:40,-1,E09000033,3,0,1,0,2,99,9,9,99,9,99,0,1,0,0,0,0,10,9
2024010536990,2024,010536990,543894,189133,0.07543,51.58269,3,3,4,13:30,-1,E09000026,3,0,1,0,1,99,9,9,99,9,99,1,0,0,0,0,1,10,2
2024010536992,2024,010536992,539173,186295,0.00621,51.55837,2,2,4,21:45,-1,E09000031,4,2,1,0,1,99,9,9,99,9,99,1,0,0,0,0,1,9,25
2024010536993,2024,010536993,536828,183722,-0.02859,51.53583,3,3,5,09:35,-1,E09000030,4,0,1,1,1,19,3,7,0,0,0,1,0,0,0,0,1,10,10
2024010536995,2024,010536995,543269,188324,0.06608,51.57558,3,3,5,10:05,-1,E09000026,3,0,1,0,1,"[99, 2]","[9, 0]","[9, 0]","[8, 0]","[9, 0]","[99, 0]",1,0,0,0,0,0,10,10
2024010536998,2024,010536998,541146,174315,0.02986,51.45024,3,3,4,19:20,-1,E09000011,3,0,1,1,1,"[19, 3]",9,9,99,9,99,1,0,1,0,0,0,10,9
2024010537001,2024,010537001,533879,182119,-0.07169,51.52213,3,3,5,12:35,-1,E09000030,4,0,1,0,1,19,5,1,0,0,0,1,0,0,0,0,1,10,10
2024010537002,2024,010537002,534735,186619,-0.05764,51.56236,3,3,5,08:35,-1,E09000012,3,0,2,1,1,99,9,9,99,9,99,1,0,0,0,0,0,10,10
2024010537010,2024,010537010,532807,181923,-0.08721,51.52062,3,3,4,18:30,-1,E09000019,3,2,1,0,1,99,9,9,99,9,99,1,1,0,0,0,0,10,9
2024010537011,2024,010537011,541298,185017,0.03633,51.54636,3,3,5,08:56,-1,E09000025,4,0,2,1,1,4,5,1,0,0,0,1,0,0,0,0,1,10,10
2024010537013,2024,010537013,529201,180294,-0.13975,51.50682,3,3,1,11:50,-1,E09000033,3,0,9,0,1,"[6, 19]",5,"[5, 1]",0,0,0,1,0,1,0,0,0,10,6
2024010537018,2024,010537018,530077,181412,-0.12672,51.51666,3,3,5,14:30,-1,E09000007,4,0,1,0,1,"[9, 19]","[7, 1]",5,0,0,0,1,0,0,1,0,0,10,10
2024010537020,2024,010537020,534524,171301,-0.06652,51.42476,3,3,5,10:36,-1,E09000006,3,0,1,0,1,19,"[1, 3]","[5, 7]",0,0,0,1,1,0,0,0,0,10,10
2024010537024,2024,010537024,530502,182565,-0.12018,51.52693,3,3,5,15:20,-1,E09000007,5,0,1,0,1,99,9,9,99,9,99,1,1,0,0,0,0,10,10
2024010537025,2024,010537025,535605,182108,-0.04684,51.52162,2,2,5,16:22,-1,E09000030,3,0,1,0,1,"[9, 19]","[3, 7]","[1, 3]",0,"[3, 0]",0,1,1,0,0,0,0,10,10
2024010537038,2024,010537038,540332,182250,0.02131,51.52174,3,3,5,16:10,-1,E09000025,3,0,1,0,1,4,2,6,0,0,0,0,0,0,1,0,0,10,10
2024010537040,2024,010537040,526776,162980,-0.18086,51.35176,3,3,5,17:45,-1,E09000029,6,0,1,0,1,19,7,3,10,1,4,1,0,0,0,0,0,10,10
2024010537043,2024,010537043,524607,177793,-0.20679,51.48537,3,3,5,15:50,-1,E09000013,6,0,1,0,1,1,7,3,0,0,0,1,0,0,0,0,1,10,10
2024010537047,2024,010537047,527647,171241,-0.1654,51.42581,3,3,5,15:18,-1,E09000032,3,0,1,0,1,"[4, 3]",4,8,0,0,0,0,1,0,1,0,0,10,10
2024010537050,2024,010537050,528428,181417,-0.15047,51.51708,3,3,5,12:25,-1,E09000033,6,0,1,0,1,"[2, 19]","[0, 7]","[0, 3]",4,0,0,1,1,0,0,0,0,10,10
2024010537051,2024,010537051,533959,168260,-0.07579,51.39757,3,3,3,14:45,-1,E09000008,5,0,1,0,1,99,9,9,99,9,99,1,0,0,0,0,1,10,8
2024010537055,2024,010537055,530289,187879,-0.12128,51.57473,2,2,5,15:21,-1,E09000019,3,0,1,0,1,14,5,1,0,0,0,1,0,0,0,0,1,10,10
2024010537069,2024,010537069,530697,181840,-0.11764,51.52037,3,3,5,20:20,-1,E09000007,3,2,1,0,1,"[9, 19]","[7, 3]","[5, 7]",0,0,0,1,1,0,0,0,0,10,10
2024010537071,2024,010537071,531016,186463,-0.11132,51.56184,3,3,4,20:30,-1,E09000019,3,2,1,0,1,99,9,9,99,9,99,1,1,0,0,0,0,10,9
2024010537077,2024,010537077,532773,172709,-0.09116,51.43783,3,3,5,08:15,-1,E09000028,3,0,8,0,1,99,9,9,99,9,99,1,1,0,0,0,0,9,26
2024010537084,2024,010537084,534367,174915,-0.0674,51.45727,2,2,5,19:00,-1,E09000028,4,2,1,0,1,19,5,1,0,0,0,0,1,0,0,0,1,10,10
2024010537091,2024,010537091,529282,186474,-0.13632,51.56233,3,3,5,22:35,-1,E09000019,3,2,1,0,1,"[19, 9]","[7, 3]","[3, 1]",0,0,0,1,0,1,0,0,0,10,10
2024010537092,2024,010537092,534010,177144,-0.0717,51.47739,3,3,5,18:30,-1,E09000028,5,2,1,0,1,19,"[7, 3]","[3, 7]",0,0,0,1,0,0,0,0,0,10,10
2024010537093,2024,010537093,535928,178709,-0.04349,51.491,2,"[2, 3]",5,18:57,-1,E09000028,3,2,1,0,1,"[9, 19]","[1, 3, 7]","[6, 7, 3]",0,0,0,1,1,0,0,0,0,10,10
2024010537096,2024,010537096,531186,179967,-0.11129,51.50342,3,3,5,20:50,-1,E09000022,3,2,1,1,1,"[6, 19]",9,9,99,9,99,1,1,0,0,0,0,10,10
2024010537098,2024,010537098,524631,181299,-0.20521,51.51687,3,3,5,22:32,-1,E09000020,4,2,1,0,1,5,3,7,0,0,0,0,0,0,1,0,0,10,10
2024010537104,2024,010537104,535381,179187,-0.05118,51.49542,3,3,5,23:37,-1,E09000028,3,2,1,0,1,19,7,3,0,0,0,1,1,0,0,0,0,10,10
2024010537105,2024,010537105,551813,184685,0.18772,51.54065,2,2,5,13:30,-1,E09000016,3,0,9,0,1,"[19, 99]","[7, 9]","[3, 9]","[0, 99]","[0, 9]","[0, 99]",1,1,0,0,0,0,10,10
2024010537107,2024,010537107,533682,194598,-0.06979,51.63431,2,"[3, 2]",5,23:56,-1,E09000010,3,2,1,0,1,"[19, 3]",5,1,0,0,0,1,0,0,0,0,0,10,10
2024010537110,2024,010537110,529861,180445,-0.13019,51.50802,2,2,5,22:29,-1,E09000033,3,2,1,0,1,19,3,7,0,0,0,0,0,1,0,0,1,10,10
2024010537111,2024,010537111,536623,181117,-0.03256,51.51247,3,3,6,01:20,-1,E09000030,3,2,1,0,1,19,7,3,11,0,0,0,0,1,0,0,1,10,11
2024010537113,2024,010537113,539974,162831,0.00848,51.34733,3,3,5,23:00,-1,E09000006,6,2,1,0,2,19,5,1,0,0,0,0,0,1,0,0,0,10,10
2024010537117,2024,010537117,545553,163305,0.08873,51.35019,3,3,6,05:40,-1,E09000006,3,2,1,0,1,19,"[7, 1]","[3, 5]",0,0,0,1,0,0,0,0,0,10,11
2024010537119,2024,010537119,510808,175696,-0.4061,51.46939,2,2,6,05:46,-1,E09000018,6,2,1,0,1,"[9, 15]",1,"[7, 5]",0,"[0, 1]",0,1,0,1,0,0,0,10,11
2024010537120,2024,010537120,526393,193926,-0.17529,51.62996,3,3,6,06:49,-1,E09000003,3,0,1,0,1,"[19, 9]","[5, 7]","[1, 5]",0,0,0,1,0,0,0,0,0,10,11
2024010537127,2024,010537127,526033,185109,-0.18365,51.5508,3,3,6,06:15,-1,E09000007,3,2,1,0,1,"[2, 19]","[0, 5]","[0, 1]","[0, 4]","[1, 0]",0,1,0,0,0,0,0,10,11
2024010537132,2024,010537132,528242,196195,-0.14776,51.64993,2,"[3, 2]",6,07:50,-1,E09000010,5,0,1,0,1,"[9, 19]","[1, 4]","[6, 8]",0,0,0,1,0,0,0,0,0,10,11
2024010537137,2024,010537137,527586,176218,-0.16448,51.47055,2,2,6,07:20,-1,E09000032,3,0,1,0,1,99,9,9,99,9,99,1,1,0,0,0,0,10,11
2024010537146,2024,010537146,541425,181888,0.03691,51.51822,3,3,6,09:47,-1,E09000025,3,0,1,0,1,"[19, 11]",3,7,0,0,0,1,0,1,0,0,0,10,11
2024010537147,2024,010537147,520489,190702,-0.26166,51.60228,3,3,5,17:55,-1,E09000003,6,0,1,0,1,99,9,9,99,9,99,1,0,1,0,0,0,10,3
2024010537150,2024,010537150,541660,159920,0.03152,51.32075,3,3,6,08:33,-1,E09000006,6,0,1,0,1,"[9, 19]","[2, 5]",1,0,0,0,1,0,1,0,0,0,10,11
2024010537155,2024,010537155,505486,181404,-0.48098,51.52171,3,3,6,10:07,-1,E09000017,3,0,1,0,1,"[19, 7]","[1, 3]",5,0,0,0,1,0,0,0,0,0,10,11
2024010537156,2024,010537156,536751,169430,-0.03523,51.40741,3,3,5,18:10,-1,E09000006,6,2,9,-1,1,99,9,9,99,9,99,1,0,1,0,0,0,10,10
2024010537157,2024,010537157,532773,180320,-0.0883,51.50622,2,2,5,17:36,-1,E09000028,3,2,9,1,1,99,9,9,99,9,99,0,1,0,0,0,0,10,10
2024010537159,2024,010537159,527213,178790,-0.16892,51.49375,3,3,7,17:00,-1,E09000020,3,0,9,-1,1,"[6, 19]",9,9,99,9,99,1,0,1,0,0,0,10,5
2024010537161,2024,010537161,533592,182081,-0.07584,51.52185,3,3,5,12:30,-1,E09000030,3,0,1,0,1,99,9,9,99,9,99,1,0,1,0,0,0,10,10
2024010537165,2024,010537165,535179,169289,-0.05787,51.40652,3,3,6,09:06,-1,E09000006,3,0,1,0,1,"[7, 19]","[5, 3]",7,0,0,0,1,0,1,0,0,0,10,11
2024010537167,2024,010537167,530921,168830,-0.11922,51.4034,3,3,4,20:00,-1,E09000008,3,2,9,-1,1,99,9,9,99,9,99,1,0,1,0,0,0,10,9
2024010537168,2024,010537168,533280,164852,-0.08682,51.3671,3,3,6,10:40,-1,E09000008,4,0,1,0,1,"[14, 9]",5,"[1, 2]","[5, 0]",0,0,0,0,1,0,1,0,10,11
2024010537171,2024,010537171,510476,187072,-0.40731,51.5717,3,3,5,13:00,-1,E09000017,6,0,9,-1,1,99,9,9,99,9,99,1,0,1,0,0,0,10,10
2024010537172,2024,010537172,528302,181822,-0.15214,51.52075,3,3,5,19:19,-1,E09000033,4,2,9,-1,1,"[3, 19]",9,9,"[99, 8]",9,99,1,0,1,0,0,0,10,10
2024010537173,2024,010537173,544450,183977,0.08133,51.53622,3,3,3,18:45,-1,E09000002,3,0,8,0,1,99,9,9,99,9,99,1,0,0,0,0,0,9,10
2024010537176,2024,010537176,536137,185185,-0.03798,51.54914,3,3,6,07:45,-1,E09000012,4,0,8,0,1,"[9, 19]","[7, 3]","[5, 7]",0,0,0,1,1,0,0,0,0,10,11
2024010537177,2024,010537177,532758,187947,-0.08565,51.57477,3,3,6,08:55,-1,E09000012,3,0,1,0,1,14,3,7,0,0,0,0,0,1,0,0,1,10,11
2024010537179,2024,010537179,531829,177169,-0.10307,51.47813,3,3,3,15:56,-1,E09000022,3,0,2,1,1,99,9,9,99,9,99,0,1,1,0,0,0,10,8
2024010537180,2024,010537180,527062,173797,-0.17289,51.44891,3,3,5,10:40,-1,E09000032,3,0,9,-1,1,99,9,9,99,9,99,1,0,1,0,0,0,10,10
2024010537182,2024,010537182,554596,186081,0.22843,51.55244,3,3,7,18:22,-1,E09000016,6,2,9,-1,1,4,1,5,99,9,99,0,0,0,1,0,0,10,5
2024010537183,2024,010537183,524062,174035,-0.21596,51.45172,3,3,4,08:30,-1,E09000032,3,0,1,0,1,99,9,9,99,9,99,1,1,0,0,0,0,10,9
2024010537184,2024,010537184,524524,176050,-0.2086,51.46972,3,3,6,12:05,-1,E09000013,3,0,1,0,1,5,7,3,0,0,0,0,0,0,1,0,1,10,11
2024010537188,2024,010537188,531144,157346,-0.12025,51.30014,3,3,6,10:35,-1,E09000008,6,0,1,0,1,5,0,3,0,0,0,1,0,0,0,0,1,10,11
2024010537191,2024,010537191,529388,186948,-0.13462,51.56657,3,3,1,14:55,-1,E09000019,3,0,1,0,1,99,9,9,99,9,99,1,0,0,0,0,0,9,29
2024010537193,2024,010537193,529681,180871,-0.13263,51.51189,3,3,5,22:15,-1,E09000033,3,2,1,0,1,99,9,9,99,9,99,1,0,0,0,0,1,10,10
2024010537194,2024,010537194,523316,180051,-0.22459,51.50595,3,3,6,10:00,-1,E09000013,3,0,1,0,1,4,1,5,0,0,0,1,0,1,0,0,0,10,11
2024010537195,2024,010537195,529470,173969,-0.13819,51.44991,3,3,6,07:50,-1,E09000022,3,0,1,0,1,"[5, 14]",3,7,0,"[0, 7]","[0, 11]",1,0,1,0,0,0,10,11
2024010537197,2024,010537197,508750,181889,-0.43381,51.52545,3,3,6,13:20,-1,E09000017,3,0,1,0,1,19,8,4,0,0,0,1,0,0,0,0,1,10,11
2024010537198,2024,010537198,527779,168273,-0.16457,51.39911,3,3,5,12:36,-1,E09000024,3,0,1,0,1,99,9,9,99,9,99,1,0,1,0,0,0,10,10
2024010537199,2024,010537199,529264,179192,-0.13925,51.4969,2,2,6,12:10,-1,E09000033,3,0,1,0,1,19,3,7,0,0,0,1,0,0,1,0,0,10,11
2024010537201,2024,010537201,540049,182031,0.01714,51.51984,3,3,6,10:45,-1,E09000025,3,0,1,0,1,"[2, 15]","[0, 2]","[0, 6]",0,0,0,1,1,0,0,0,0,10,11
2024010537202,2024,010537202,536228,190223,-0.03472,51.59439,3,3,1,16:30,-1,E09000031,5,0,9,-1,1,99,9,9,"[99, 12]",9,99,1,0,1,0,0,0,9,15
2024010537203,2024,010537203,530925,189760,-0.11141,51.59149,3,3,3,16:05,-1,E09000014,4,0,9,-1,1,99,9,9,99,9,99,1,0,0,0,0,0,10,1
2024010537205,2024,010537205,527719,171198,-0.16438,51.42541,3,3,6,12:45,-1,E09000032,3,0,1,0,1,5,5,1,0,0,0,0,0,0,1,0,0,10,11
2024010537207,2024,010537207,530537,182766,-0.1196,51.52872,3,3,6,20:00,-1,E09000007,3,0,9,0,1,99,9,9,99,9,99,1,0,0,0,0,1,9,13
2024010537209,2024,010537209,519871,178594,-0.2747,51.49359,2,2,5,16:09,-1,E09000018,6,0,1,0,1,"[3, 5]",9,9,99,9,99,1,0,0,0,0,0,10,10
2024010537212,2024,010537212,534573,193756,-0.05724,51.62654,3,3,6,13:50,-1,E09000010,3,0,1,0,1,"[19, 5, 13]","[5, 1]","[1, 5]",0,0,0,1,0,1,0,0,0,10,11
2024010537214,2024,010537214,551341,187465,0.18211,51.56576,3,3,6,14:20,-1,E09000016,3,0,1,0,1,19,7,3,0,0,0,1,0,0,0,0,0,10,11
2024010537216,2024,010537216,523292,178600,-0.22544,51.49291,3,3,6,13:30,-1,E09000013,3,0,1,0,1,99,9,9,99,9,99,0,1,1,0,0,0,10,11
2024010537220,2024,010537220,532225,176174,-0.09775,51.46909,2,2,6,14:37,-1,E09000022,3,0,1,0,1,"[7, 19]","[6, 8]","[8, 4]",0,0,0,0,1,0,1,0,0,10,11
2024010537224,2024,010537224,553224,190375,0.21052,51.59139,3,3,6,14:35,-1,E09000016,3,0,1,0,1,"[4, 5]","[5, 7]","[1, 3]",0,0,0,0,0,0,1,0,0,10,11
2024010537225,2024,010537225,528484,180764,-0.14991,51.5112,3,3,6,15:20,-1,E09000033,5,0,1,0,1,99,9,9,99,9,99,1,1,0,0,0,0,10,11
2024010537227,2024,010537227,519716,190287,-0.27295,51.59871,3,3,6,14:40,-1,E09000015,6,0,1,0,1,99,9,9,99,9,99,1,0,0,0,0,0,10,11
2024010537229,2024,010537229,529424,191812,-0.1323,51.61027,3,3,6,15:10,-1,E09000014,3,0,1,0,1,99,9,9,99,9,99,1,0,1,0,0,0,10,11
2024010537231,2024,010537231,540510,185716,0.02525,51.55284,3,3,6,14:35,-1,E09000025,3,0,8,0,1,99,9,9,99,9,99,1,0,0,0,0,0,10,11
2024010537232,2024,010537232,548698,185046,0.14298,51.54472,3,3,6,15:48,-1,E09000002,5,0,1,0,1,"[3, 1]",7,3,0,0,0,1,0,1,0,0,0,10,11
2024010537249,2024,010537249,527960,169604,-0.16149,51.41103,3,3,6,18:22,-1,E09000024,3,0,1,0,1,99,9,9,99,9,99,1,0,0,0,0,1,10,11
2024010537256,2024,010537256,521011,170019,-0.26121,51.41628,3,3,6,15:25,-1,E09000021,4,0,1,0,1,99,9,9,99,9,99,1,1,0,0,0,0,10,11
2024010537258,2024,010537258,520886,192822,-0.2552,51.62125,3,3,6,11:35,-1,E09000003,3,0,1,0,1,99,9,9,99,9,99,1,0,0,0,0,0,10,11
2024010537259,2024,010537259,520204,191649,-0.26544,51.61085,3,3,6,19:00,-1,E09000003,3,2,1,0,1,5,1,5,0,0,0,1,0,0,0,0,1,10,11
2024010537261,2024,010537261,542181,170294,0.04314,51.41384,3,3,6,17:52,-1,E09000006,5,0,1,0,1,"[19, 2]","[7, 0]","[3, 0]",0,0,0,1,0,0,0,0,0,10,11
2024010537262,2024,010537262,545891,183953,0.10208,51.53564,2,2,6,16:00,-1,E09000002,3,0,1,0,1,19,3,7,0,0,0,1,0,0,0,0,1,10,11
2024010537265,2024,010537265,537252,177654,-0.02484,51.4812,2,2,6,18:45,-1,E09000023,3,2,1,1,1,14,7,3,0,0,0,0,0,1,0,0,1,10,11
2024010537268,2024,010537268,509692,186562,-0.41878,51.56727,3,3,6,18:13,-1,E09000017,3,0,1,0,1,"[19, 2]","[5, 0]","[1, 0]","[4, 0]",0,0,1,0,0,0,0,0,10,11
2024010537274,2024,010537274,523007,186387,-0.22683,51.56296,3,3,4,15:00,-1,E09000005,6,0,1,0,1,99,9,9,99,9,99,1,1,0,0,0,0,10,9
2024010537275,2024,010537275,535863,185700,-0.04174,51.55383,3,3,2,19:00,-1,E09000012,6,2,1,0,1,99,9,9,99,9,99,0,1,0,0,0,0,10,7
2024010537276,2024,010537276,533669,187898,-0.07253,51.57411,3,3,6,14:35,-1,E09000012,3,0,1,0,1,"[7, 13]",5,"[7, 1]",0,0,0,1,1,0,0,0,0,10,11
2024010537282,2024,010537282,523496,179284,-0.22226,51.49901,3,3,6,16:35,-1,E09000013,3,0,1,0,1,"[9, 19]","[3, 7]","[1, 3]",0,0,0,1,0,0,1,0,0,10,11
2024010537285,2024,010537285,532668,166500,-0.09499,51.38205,3,3,6,07:43,-1,E09000008,3,0,8,-1,1,99,9,9,99,9,99,1,0,0,0,0,0,10,11
2024010537287,2024,010537287,517545,185569,-0.30586,51.55677,3,3,5,17:15,-1,E09000005,6,0,8,0,1,99,9,9,99,9,99,0,0,1,0,0,0,10,10
2024010537289,2024,010537289,541053,184388,0.03255,51.54077,3,3,6,18:06,-1,E09000025,4,2,1,0,1,"[6, 19]",5,"[5, 1]",0,0,0,1,1,0,0,0,0,10,11
2024010537294,2024,010537294,526954,164600,-0.17773,51.36628,3,3,5,06:50,-1,E09000029,5,2,1,0,1,19,"[7, 5]","[3, 1]",0,0,0,1,1,0,0,0,0,10,10
2024010537295,2024,010537295,519258,191164,-0.27926,51.60669,3,3,6,21:45,-1,E09000015,6,2,1,0,1,5,1,5,4,0,0,1,0,0,0,0,0,10,11