collision_index,collision_year,collision_ref_no,location_easting_osgr,location_northing_osgr,longitude,latitude,casualty_severity,casualty_severity,day_of_week,time,local_authority_district,local_authority_ons_district,first_road_class,light_conditions,weather_conditions,road_surface_conditions,urban_or_rural_area,vehicle_manoeuvre,vehicle_direction_from,vehicle_direction_to,hit_object_in_carriageway,vehicle_leaving_carriageway,hit_object_off_carriageway,is_car,is_cyle,is_mcyle,is_goodsv,is_other,is_pedestrian,month,day
2024010537297,2024,010537297,531965,190553,-0.0961,51.59837,3,3,6,20:40,-1,E09000014,3,2,1,0,1,19,8,4,0,0,0,1,0,0,1,0,0,10,11
2024010537303,2024,010537303,534372,197469,-0.05872,51.65995,3,3,7,00:04,-1,E09000010,3,2,1,0,1,19,"[1, 3]","[5, 7]",0,0,0,1,0,0,0,0,0,10,12
2024010537305,2024,010537305,521264,171675,-0.25701,51.43111,3,3,5,12:29,-1,E09000021,3,0,1,0,1,99,9,9,99,9,99,1,1,0,0,0,0,10,10
2024010537307,2024,010537307,532292,165221,-0.10087,51.37065,3,3,6,19:10,-1,E09000008,3,2,1,0,1,99,9,9,99,9,99,1,0,0,0,0,0,10,11
2024010537308,2024,010537308,529742,180899,-0.13174,51.51213,2,2,6,23:22,-1,E09000033,3,2,1,0,1,19,7,3,0,0,0,1,0,0,0,0,1,10,11
2024010537310,2024,010537310,534130,192533,-0.06411,51.61565,3,3,6,22:45,-1,E09000010,3,2,9,0,1,19,1,5,0,0,0,1,0,0,0,0,0,10,11
2024010537319,2024,010537319,535039,184830,-0.05395,51.54621,3,3,7,01:01,-1,E09000012,4,2,1,0,1,5,1,5,"[0, 4]",0,0,1,0,1,0,0,0,10,12
2024010537320,2024,010537320,514699,183758,-0.34748,51.54108,3,3,7,01:41,-1,E09000009,6,2,1,0,1,19,"[1, 5]","[5, 1]",0,"[1, 0]",0,1,0,0,0,0,0,10,12
2024010537321,2024,010537321,537432,184074,-0.01975,51.53884,3,3,7,03:18,-1,E09000030,6,2,9,0,2,19,1,5,0,0,0,1,0,0,0,0,0,10,12
2024010537322,2024,010537322,536329,175605,-0.03892,51.46301,3,3,6,22:59,-1,E09000023,6,2,1,0,1,19,5,1,0,"[1, 0]",0,1,0,1,0,0,0,10,11
2024010537324,2024,010537324,518612,175107,-0.29399,51.46252,3,3,7,04:12,-1,E09000027,6,2,1,0,1,"[4, 19]","[3, 8]","[7, 4]",0,0,0,1,0,0,0,0,0,10,12
2024010537325,2024,010537325,535876,189336,-0.04014,51.5865,3,3,6,18:40,-1,E09000031,3,2,9,-1,1,99,9,9,99,9,99,0,0,0,0,1,1,10,4
2024010537329,2024,010537329,527971,178684,-0.15805,51.49263,3,3,7,06:00,-1,E09000020,3,2,1,0,1,-1,5,1,0,0,0,0,0,0,1,0,1,10,12
2024010537336,2024,010537336,544795,183187,0.08598,51.52903,3,3,6,10:30,-1,E09000002,3,0,1,0,1,"[3, 19]",9,9,99,9,99,1,0,0,0,0,0,10,11
2024010537340,2024,010537340,545282,188834,0.09532,51.57965,3,3,4,17:46,-1,E09000026,6,0,9,-1,1,99,9,9,99,9,99,1,0,1,0,0,0,10,9
2024010537344,2024,010537344,535035,182436,-0.05492,51.5247,2,2,7,07:30,-1,E09000030,3,0,1,0,1,19,1,5,0,0,0,1,0,0,0,0,1,10,12
2024010537345,2024,010537345,517151,188733,-0.31049,51.58529,3,3,6,21:23,-1,E09000015,3,2,1,0,1,"[19, 9]","[7, 4]","[3, 1]",0,0,0,1,0,1,0,0,0,10,11
2024010537354,2024,010537354,533476,184923,-0.07644,51.54742,3,3,6,13:30,-1,E09000012,5,0,9,-1,1,99,9,9,99,9,99,1,0,1,0,0,0,10,11
2024010537358,2024,010537358,512401,190916,-0.37832,51.60587,2,2,3,16:00,-1,E09000015,3,0,1,0,1,9,1,7,0,0,0,1,0,0,0,0,1,10,8
2024010537360,2024,010537360,522617,187622,-0.23202,51.57414,3,3,6,10:50,-1,E09000003,6,0,9,-1,1,99,9,9,99,9,99,1,0,1,0,0,0,10,11
2024010537361,2024,010537361,526797,179717,-0.17458,51.50217,3,3,6,11:00,-1,E09000033,6,0,1,0,1,99,9,9,99,9,99,0,1,1,0,0,0,10,11
2024010537362,2024,010537362,520478,175601,-0.26698,51.46656,2,2,7,10:56,-1,E09000027,4,0,2,1,1,9,5,3,0,3,0,1,0,0,0,0,1,10,12
2024010537364,2024,010537364,557234,187216,0.26695,51.56191,2,2,7,08:20,-1,E09000016,5,0,1,0,1,"[19, 9]","[1, 5]","[5, 3]",0,0,0,1,1,0,0,0,0,10,12
2024010537368,2024,010537368,537439,191599,-0.01671,51.60646,3,3,7,12:22,-1,E09000031,3,0,1,0,1,19,1,5,0,0,0,1,0,0,0,0,0,10,12
2024010537370,2024,010537370,522173,180270,-0.24097,51.50816,3,3,7,10:55,-1,E09000013,6,0,1,0,1,19,5,1,0,0,0,1,0,0,1,0,0,10,12
2024010537375,2024,010537375,533699,189187,-0.0716,51.58569,2,2,7,07:00,-1,E09000014,3,0,1,0,1,4,5,1,0,0,0,0,0,0,1,0,0,10,12
2024010537377,2024,010537377,547588,168146,0.11994,51.39316,2,2,7,07:15,-1,E09000006,6,0,9,-1,1,19,5,1,0,0,0,0,1,0,0,0,0,10,12
2024010537378,2024,010537378,531913,175727,-0.1024,51.46515,3,3,3,18:30,-1,E09000022,4,2,2,1,1,99,9,9,99,9,99,1,0,0,0,0,0,10,8
2024010537384,2024,010537384,526312,178728,-0.18192,51.49339,2,"[3, 2]",7,10:49,-1,E09000020,5,0,1,0,1,19,5,1,10,0,0,0,0,1,0,0,1,10,12
2024010537385,2024,010537385,544416,187045,0.0821,51.5638,3,3,6,22:20,-1,E09000026,5,2,8,0,1,99,9,9,99,9,99,1,0,0,0,0,1,10,11
2024010537387,2024,010537387,544535,190374,0.08518,51.59368,3,3,6,05:30,-1,E09000026,3,0,1,0,1,99,9,9,99,9,99,1,0,0,0,0,0,10,11
2024010537390,2024,010537390,515406,185388,-0.33676,51.55558,3,3,7,10:15,-1,E09000009,3,0,8,0,1,99,9,9,99,9,99,1,0,1,0,0,0,10,12
2024010537391,2024,010537391,534104,181866,-0.06855,51.5198,3,3,7,13:02,-1,E09000030,5,0,8,0,1,"[1, 19]",1,5,0,0,0,1,1,0,0,0,0,10,12
2024010537392,2024,010537392,533310,190587,-0.07668,51.59836,3,3,6,14:50,-1,E09000014,3,0,1,0,1,99,9,9,99,9,99,1,0,1,0,0,0,10,11
2024010537394,2024,010537394,544044,177907,0.073,51.48178,3,3,7,13:50,-1,E09000011,5,0,1,0,1,9,5,3,0,0,0,1,0,0,0,0,1,10,12
2024010537396,2024,010537396,524245,178829,-0.21164,51.49476,3,3,7,13:09,-1,E09000013,3,0,1,-1,1,99,9,9,99,9,99,1,1,0,0,0,0,10,12
2024010537398,2024,010537398,549992,174328,0.15708,51.44808,3,3,7,14:12,-1,E09000004,3,0,1,1,2,7,2,5,0,0,0,0,0,0,1,0,0,10,12
2024010537400,2024,010537400,542644,185872,0.05608,51.55371,3,3,7,13:56,-1,E09000025,3,0,2,1,1,19,7,3,0,0,0,1,0,0,0,0,1,10,12
2024010537404,2024,010537404,528328,180206,-0.15236,51.50622,3,3,1,13:30,-1,E09000033,3,0,1,0,1,99,9,9,99,9,99,1,0,1,0,0,0,10,6
2024010537406,2024,010537406,524555,166716,-0.21143,51.38583,3,3,7,15:05,-1,E09000029,3,0,1,0,1,19,"[5, 3]","[1, 7]",0,0,0,1,0,0,0,0,0,10,12
2024010537407,2024,010537407,538453,186731,-0.004,51.56247,2,2,2,18:20,-1,E09000031,4,0,1,0,1,"[13, 99]",9,9,0,0,0,1,1,0,0,0,0,10,7
2024010537415,2024,010537415,516773,188409,-0.31605,51.58245,3,3,5,19:45,-1,E09000005,3,2,1,0,1,99,9,9,99,9,99,1,0,0,0,0,0,10,10
2024010537416,2024,010537416,529043,181238,-0.14168,51.51534,3,3,7,15:45,-1,E09000033,3,0,1,1,1,99,9,9,99,9,99,1,0,0,0,0,1,10,12
2024010537417,2024,010537417,537923,182979,-0.01311,51.52888,3,3,6,16:50,-1,E09000030,3,0,1,0,1,"[5, 19]",4,8,0,0,0,1,0,1,0,0,0,10,11
2024010537426,2024,010537426,542210,184913,0.04943,51.5452,3,3,7,17:00,-1,E09000025,3,0,1,1,1,99,9,9,99,9,99,1,0,0,0,0,1,10,12
2024010537428,2024,010537428,531033,190398,-0.10961,51.59719,1,1,7,16:34,-1,E09000014,3,0,1,0,1,19,7,3,0,0,0,1,0,0,0,0,1,10,12
2024010537430,2024,010537430,526250,177368,-0.18329,51.48119,3,3,7,16:25,-1,E09000020,3,2,9,-1,1,"[19, 99]","[1, 9]","[5, 9]",99,9,99,1,0,0,1,0,0,10,12
2024010537433,2024,010537433,531137,189730,-0.10836,51.59117,3,3,7,11:15,-1,E09000014,6,0,1,0,1,99,9,9,99,9,99,1,1,0,0,0,0,10,12
2024010537440,2024,010537440,537232,185364,-0.02213,51.55048,2,2,7,17:14,-1,E09000012,3,0,9,0,1,"[14, 3]",7,3,0,0,0,1,0,0,0,0,0,10,12
2024010537442,2024,010537442,538046,171671,-0.01575,51.42724,2,"[2, 3]",7,17:15,-1,E09000023,3,0,1,0,1,"[19, 10]",5,"[1, 2]","[4, 0]",0,0,1,0,0,0,0,0,10,12
2024010537446,2024,010537446,533378,171588,-0.08288,51.42761,3,3,6,20:15,-1,E09000028,3,2,1,0,1,99,9,9,99,9,99,1,1,0,0,0,0,10,11
2024010537449,2024,010537449,525020,179273,-0.20032,51.49858,2,2,7,18:52,-1,E09000020,3,0,1,0,1,9,5,3,0,0,0,1,1,0,0,0,0,10,12
2024010537452,2024,010537452,522166,185090,-0.2394,51.55148,2,2,7,18:09,-1,E09000005,6,2,1,0,1,19,3,7,0,0,0,1,0,1,0,0,0,10,12
2024010537459,2024,010537459,530950,175705,-0.11627,51.46517,3,3,6,22:52,-1,E09000022,6,2,1,0,1,"[9, 19]","[7, 5]","[5, 1]",0,0,0,1,1,0,0,0,0,10,11
2024010537460,2024,010537460,541573,177012,0.03708,51.47436,3,3,7,20:01,-1,E09000011,3,2,1,0,1,"[19, 5]",7,3,0,0,0,1,0,0,0,0,0,10,12
2024010537462,2024,010537462,533893,174953,-0.07421,51.45773,2,2,7,14:58,-1,E09000028,6,0,2,1,1,19,7,3,0,0,0,0,0,0,0,0,1,10,12
2024010537463,2024,010537463,514159,176278,-0.35769,51.47396,3,3,7,20:30,-1,E09000018,5,2,1,1,1,"[8, 19]",5,"[8, 1]",0,"[0, 1]",0,1,1,0,0,0,0,10,12
2024010537468,2024,010537468,527731,175813,-0.16254,51.46688,3,3,7,19:00,-1,E09000032,3,2,1,0,1,"[4, 19]",1,5,0,0,0,1,0,1,0,0,0,10,12
2024010537473,2024,010537473,532515,192560,-0.08741,51.61628,3,3,7,19:05,-1,E09000010,3,2,8,0,1,99,9,9,99,9,99,1,0,0,0,0,0,10,12
2024010537474,2024,010537474,513698,187829,-0.3606,51.57787,3,3,7,22:30,-1,E09000015,5,2,1,1,1,19,"[5, 1]","[1, 5]",0,0,0,1,0,1,0,0,0,10,12
2024010537475,2024,010537475,510763,179883,-0.40543,51.50703,3,3,7,22:15,-1,E09000017,3,2,1,0,1,99,9,9,99,9,99,1,0,0,0,0,0,10,12
2024010537479,2024,010537479,538379,171695,-0.01095,51.42737,3,3,7,18:39,-1,E09000023,3,2,1,0,1,4,8,4,0,0,0,1,0,0,0,0,0,10,12
2024010537485,2024,010537485,518170,188913,-0.29573,51.58669,3,3,7,23:40,-1,E09000005,3,2,9,-1,1,99,9,9,99,9,99,1,0,0,0,0,0,10,12
2024010537487,2024,010537487,554177,191997,0.22498,51.60571,2,2,7,22:20,-1,E09000016,5,2,1,0,1,"[19, 2]","[1, 0]","[5, 0]","[4, 0]",0,0,1,0,1,0,0,0,10,12
2024010537492,2024,010537492,530389,178048,-0.12347,51.48636,3,3,1,02:35,-1,E09000022,3,2,1,0,1,19,8,4,0,0,0,0,1,1,0,0,0,10,13
2024010537497,2024,010537497,531101,180811,-0.1122,51.51102,3,3,1,03:40,-1,E09000033,3,2,1,0,2,19,3,7,0,1,0,0,1,0,0,0,0,10,13
2024010537498,2024,010537498,537907,186851,-0.01182,51.56368,2,2,1,02:20,-1,E09000031,5,2,1,0,1,19,4,8,0,0,0,0,0,0,0,0,0,10,13
2024010537500,2024,010537500,533425,189022,-0.07562,51.58427,3,3,1,00:25,-1,E09000014,3,2,1,0,1,5,7,3,0,0,0,1,0,0,0,0,1,10,13
2024010537501,2024,010537501,534324,176174,-0.06755,51.4686,3,3,1,01:12,-1,E09000028,3,2,1,0,1,19,1,5,0,0,0,0,0,0,1,0,1,10,13
2024010537502,2024,010537502,537436,170328,-0.02504,51.41532,3,3,1,04:05,-1,E09000006,3,2,1,0,1,"[19, 9]",3,"[7, 1]",0,0,0,1,0,0,0,0,0,10,13
2024010537507,2024,010537507,538914,185608,0.00221,51.55227,3,3,1,04:50,-1,E09000031,5,2,1,0,1,19,"[3, 7]","[7, 3]",0,0,0,1,0,0,0,0,0,10,13
2024010537511,2024,010537511,539285,186505,0.00791,51.56023,3,3,7,09:49,-1,E09000031,3,0,1,0,1,99,9,9,99,9,99,1,0,0,0,0,0,10,12
2024010537513,2024,010537513,529867,181082,-0.12987,51.51374,2,2,5,18:10,-1,E09000033,3,2,1,0,1,99,9,9,99,9,99,1,0,0,0,0,1,10,3
2024010537519,2024,010537519,525123,195874,-0.19293,51.64775,3,3,5,08:15,-1,E09000003,5,0,2,1,1,99,9,9,99,9,99,1,0,0,0,0,0,10,10
2024010537520,2024,010537520,528266,195998,-0.14749,51.64816,3,3,7,13:50,-1,E09000010,3,0,2,1,1,99,9,9,99,9,99,1,0,0,0,0,0,10,12
2024010537529,2024,010537529,523500,179284,-0.22221,51.49901,3,3,1,09:32,-1,E09000013,3,0,1,0,1,"[9, 19]","[3, 1]","[1, 5]",0,"[3, 0]",0,1,1,0,0,0,0,10,13
2024010537530,2024,010537530,525590,181725,-0.19124,51.52049,3,3,1,09:20,-1,E09000033,3,0,1,0,1,"[19, 5]",3,7,0,0,0,1,0,0,0,0,0,10,13
2024010537531,2024,010537531,538158,177329,-0.01193,51.47806,3,3,6,16:05,-1,E09000011,3,0,1,0,1,99,9,9,99,9,99,1,1,0,0,0,0,10,4
2024010537532,2024,010537532,531129,161391,-0.11898,51.3365,3,3,1,09:40,-1,E09000008,3,0,8,0,1,19,5,1,0,0,0,1,0,0,0,0,1,10,13
2024010537534,2024,010537534,538139,175398,-0.01296,51.46071,2,2,4,11:15,-1,E09000023,3,0,9,-1,1,99,9,9,99,9,99,0,1,0,0,0,1,10,2
2024010537536,2024,010537536,544123,184981,0.07703,51.54533,3,3,1,09:42,-1,E09000026,3,0,1,0,1,"[9, 19]","[7, 3]","[4, 7]",0,0,0,1,0,0,0,0,0,10,13
2024010537537,2024,010537537,529409,184840,-0.13509,51.54762,3,3,6,22:23,-1,E09000007,6,2,1,0,1,99,9,9,99,9,99,1,1,0,0,0,0,10,11
2024010537544,2024,010537544,536682,177479,-0.03311,51.47976,3,3,1,12:17,-1,E09000023,6,0,1,0,1,99,9,9,99,9,99,1,1,0,0,0,0,10,13
2024010537554,2024,010537554,528938,163962,-0.14948,51.3601,3,3,1,10:30,-1,E09000029,6,0,1,0,1,"[19, 99]","[1, 9]","[5, 9]",99,9,99,1,0,0,0,0,0,10,13
2024010537555,2024,010537555,530447,177923,-0.12268,51.48522,3,3,7,23:05,-1,E09000022,3,2,1,0,1,99,9,9,99,9,99,1,0,0,0,0,0,10,12
2024010537558,2024,010537558,542245,187582,0.05102,51.56917,3,3,7,16:45,-1,E09000026,3,0,1,1,2,19,5,1,0,0,0,1,0,1,0,0,0,10,12
2024010537561,2024,010537561,525491,196296,-0.18747,51.65146,3,3,1,13:01,-1,E09000003,6,0,1,0,1,19,"[3, 4]","[7, 8]","[0, 10]","[0, 1]","[0, 1]",1,0,0,0,0,0,10,13
2024010537563,2024,010537563,532539,167062,-0.09663,51.38713,3,3,1,06:18,-1,E09000008,6,2,1,0,1,99,9,9,99,9,99,1,0,0,0,0,1,10,13
2024010537564,2024,010537564,531651,192623,-0.09986,51.61704,3,3,1,12:10,-1,E09000010,6,0,1,0,1,19,"[5, 7]","[1, 3]",0,0,0,1,0,0,0,0,0,10,13
2024010537568,2024,010537568,523617,189973,-0.21677,51.59505,3,3,1,14:54,-1,E09000003,3,0,1,0,1,3,5,1,0,0,0,1,0,1,0,0,0,10,13
2024010537569,2024,010537569,526343,175462,-0.18264,51.46404,3,3,1,13:59,-1,E09000032,3,0,1,0,1,"[9, 15]","[3, 7]","[1, 3]",0,"[7, 0]",0,1,0,1,0,0,0,10,13
2024010537573,2024,010537573,523312,180081,-0.22464,51.50622,3,3,1,07:40,-1,E09000013,3,0,1,0,1,"[9, 19]",5,"[3, 1]",0,0,0,1,1,0,0,0,0,10,13
2024010537575,2024,010537575,513062,177485,-0.37309,51.48503,3,3,1,14:20,-1,E09000018,3,0,1,0,1,99,9,9,99,9,99,1,0,0,0,0,0,10,13
2024010537585,2024,010537585,535809,184511,-0.04297,51.54316,3,3,1,11:31,-1,E09000012,5,0,1,0,1,99,9,9,99,9,99,1,0,0,0,0,0,10,13
2024010537590,2024,010537590,521172,178496,-0.256,51.49243,3,3,7,15:55,-1,E09000018,3,0,9,1,1,99,9,9,99,9,99,1,1,0,0,0,0,10,12
2024010537591,2024,010537591,535518,197112,-0.0423,51.65647,3,3,1,16:51,-1,E09000010,5,0,1,0,1,"[2, 19]","[0, 7]","[0, 3]",0,0,0,1,0,0,0,0,0,10,13
2024010537594,2024,010537594,526950,181833,-0.17161,51.52116,3,3,1,17:48,-1,E09000033,3,2,1,0,1,"[5, 19]",8,4,0,0,0,1,0,0,0,0,0,10,13
2024010537596,2024,010537596,528953,184350,-0.14184,51.54332,3,3,1,18:07,-1,E09000007,3,2,1,0,1,"[5, 19]","[5, 1]","[1, 5]",0,0,0,1,1,0,0,0,0,10,13
2024010537597,2024,010537597,519482,183701,-0.27857,51.53957,3,3,5,12:34,-1,E09000005,3,0,2,0,1,99,9,9,99,9,99,1,0,0,0,0,0,10,10
2024010537603,2024,010537603,531549,186735,-0.10354,51.56416,3,3,1,18:03,-1,E09000019,3,2,1,0,1,19,8,4,"[0, 10]",0,0,0,1,0,1,0,0,10,13
2024010537604,2024,010537604,556257,186576,0.25258,51.55643,3,3,1,17:15,-1,E09000016,4,0,1,0,1,"[6, 19]",3,"[3, 7]",0,0,0,1,1,0,0,0,0,10,13
2024010537605,2024,010537605,534172,192398,-0.06355,51.61443,3,3,1,17:55,-1,E09000010,3,2,8,0,1,19,3,7,0,"[7, 0]",0,1,0,1,0,0,0,10,13
2024010537607,2024,010537607,516827,188655,-0.31519,51.58465,3,3,1,19:40,-1,E09000015,6,2,1,1,1,9,5,2,0,0,0,1,0,0,0,0,1,10,13
2024010537608,2024,010537608,519347,178467,-0.28228,51.49256,3,3,1,17:45,-1,E09000018,3,0,1,0,1,"[19, 4]",5,1,0,0,0,1,0,1,0,0,0,10,13
2024010537610,2024,010537610,530105,171066,-0.13013,51.42368,3,3,1,16:20,-1,E09000022,6,0,1,0,1,99,9,9,99,9,99,1,1,0,0,0,0,10,13
2024010537612,2024,010537612,523392,178419,-0.22406,51.49126,3,3,7,20:00,-1,E09000013,3,2,1,0,1,"[5, 19]",9,9,99,9,99,1,0,0,0,0,0,10,5
2024010537616,2024,010537616,529158,194563,-0.13513,51.63506,2,2,1,19:30,-1,E09000010,3,2,1,0,1,"[14, 19]",3,7,0,"[1, 0]",0,1,0,1,0,0,0,10,13
2024010537618,2024,010537618,540784,173159,0.0242,51.43994,3,3,1,17:05,-1,E09000023,6,0,1,0,1,-1,"[3, 5]","[7, 1]",0,0,0,1,0,0,0,0,0,10,13
2024010537619,2024,010537619,526805,175081,-0.17613,51.46051,2,2,1,15:15,-1,E09000032,3,0,1,0,1,"[10, 13]",6,"[4, 2]",0,0,0,1,0,1,0,0,0,10,13
2024010537626,2024,010537626,531168,167654,-0.11611,51.39277,3,3,1,21:20,-1,E09000008,3,2,1,0,1,19,5,1,0,0,0,1,0,0,0,0,1,10,13
2024010537629,2024,010537629,533655,187232,-0.07298,51.56813,3,3,1,17:15,-1,E09000012,3,2,1,0,1,19,"[1, 5]","[5, 1]","[0, 10]",0,0,1,0,0,0,0,0,10,13
2024010537640,2024,010537640,536453,183612,-0.03404,51.53493,3,3,1,19:40,-1,E09000030,4,2,1,0,1,99,9,9,99,9,99,1,0,0,0,0,0,10,13
2024010537650,2024,010537650,534801,195728,-0.05319,51.6442,3,3,5,22:07,-1,E09000010,5,2,9,-1,1,99,9,9,99,9,99,1,0,1,0,0,0,7,11
2024010537658,2024,010537658,536119,162829,-0.04684,51.34825,3,3,2,06:00,-1,E09000008,3,2,2,1,1,"[7, 19]",6,"[1, 2]",0,"[0, 1]",0,1,0,0,0,0,0,10,14
2024010537663,2024,010537663,523778,185769,-0.21593,51.55723,3,3,5,21:25,-1,E09000003,3,2,9,-1,1,99,9,9,99,9,99,1,0,1,0,0,0,10,10
2024010537665,2024,010537665,532205,194775,-0.09105,51.63625,3,3,3,15:31,-1,E09000010,3,0,2,-1,1,99,9,9,99,9,99,1,0,0,0,0,1,10,1
2024010537671,2024,010537671,531303,194274,-0.10426,51.63196,3,3,2,08:10,-1,E09000010,6,0,2,1,1,19,"[6, 8]","[2, 4]",0,0,0,1,0,0,0,0,0,10,14
2024010537674,2024,010537674,530491,173902,-0.12353,51.44908,3,3,7,06:02,-1,E09000022,3,2,8,0,1,99,9,9,99,9,99,1,0,0,0,0,0,10,12
2024010537676,2024,010537676,525782,175915,-0.19055,51.46823,3,3,2,08:40,-1,E09000013,3,0,2,1,1,99,9,9,99,9,99,1,1,0,0,0,0,10,14
2024010537681,2024,010537681,526853,184814,-0.17194,51.54797,3,3,5,07:10,-1,E09000007,5,0,1,0,1,99,9,9,99,9,99,1,1,0,0,0,0,10,10
2024010537686,2024,010537686,551402,187879,0.18317,51.56946,3,3,1,12:15,-1,E09000016,3,0,1,0,1,99,9,9,99,9,99,1,0,1,0,0,0,10,13
2024010537690,2024,010537690,532539,163986,-0.09778,51.35949,3,3,2,08:05,-1,E09000008,3,0,2,1,1,"[3, 19]",5,1,0,0,0,1,0,1,0,0,0,10,14
2024010537696,2024,010537696,531781,177076,-0.1038,51.4773,3,3,2,08:30,-1,E09000022,6,0,2,1,1,"[19, 1]","[2, 6]","[6, 2]",0,0,0,1,0,0,0,0,0,10,14
2024010537697,2024,010537697,530646,188243,-0.11599,51.57792,3,3,2,08:50,-1,E09000014,5,0,2,1,1,19,"[1, 5]","[5, 1]",0,0,0,1,0,0,0,0,0,10,14
2024010537704,2024,010537704,527151,185609,-0.16736,51.55505,3,3,1,15:30,-1,E09000007,6,0,1,0,1,99,9,9,99,9,99,1,0,1,0,0,0,10,13
2024010537709,2024,010537709,525924,162795,-0.19316,51.35029,3,3,2,09:16,-1,E09000029,4,0,2,1,1,"[9, 13]",1,"[6, 5]",0,0,0,1,0,0,0,0,0,10,14
2024010537710,2024,010537710,526283,172062,-0.18471,51.43349,3,3,2,11:30,-1,E09000032,3,0,1,1,1,"[5, 19]","[5, 3]","[1, 7]",0,0,0,1,1,0,0,0,0,10,14
2024010537714,2024,010537714,553823,191452,0.21964,51.60091,3,3,2,06:10,-1,E09000016,6,2,2,1,1,9,1,7,0,0,0,1,0,0,0,0,1,10,14
2024010537715,2024,010537715,532916,183177,-0.08517,51.53186,3,3,5,15:45,-1,E09000012,6,0,8,0,1,99,9,9,99,9,99,1,0,0,0,0,1,9,5
2024010537717,2024,010537717,528786,163177,-0.15195,51.35308,3,3,2,09:15,-1,E09000029,6,0,1,1,1,99,9,9,99,9,99,1,0,1,0,0,0,10,14
2024010537722,2024,010537722,529738,181932,-0.13142,51.52141,3,3,4,17:55,-1,E09000007,3,0,9,-1,1,99,9,9,99,9,99,1,1,0,0,0,0,8,28
2024010537724,2024,010537724,525262,173565,-0.19886,51.44723,2,2,2,06:35,-1,E09000032,3,2,2,1,1,19,1,5,0,0,0,1,0,0,0,0,1,10,14
2024010537725,2024,010537725,549026,175017,0.14348,51.45453,3,3,6,18:49,-1,E09000004,5,2,1,0,1,99,9,9,99,9,99,1,0,1,0,0,0,10,11
2024010537727,2024,010537727,540748,173905,0.02398,51.44665,2,2,2,06:53,-1,E09000011,6,2,2,1,1,9,1,7,0,0,0,1,0,0,0,0,1,10,14
2024010537728,2024,010537728,537422,166660,-0.02666,51.38236,3,3,2,11:28,-1,E09000006,5,0,2,1,1,"[2, 19]","[0, 1]","[0, 5]",0,0,0,1,0,0,0,0,0,10,14
2024010537733,2024,010537733,532713,167724,-0.09389,51.39304,3,3,2,14:20,-1,E09000008,3,0,1,1,1,"[9, 19]",1,"[7, 5]",0,0,0,1,0,1,0,0,0,10,14
2024010537735,2024,010537735,533767,196463,-0.06785,51.65105,3,3,6,08:04,-1,E09000010,3,0,1,0,1,99,9,9,99,9,99,1,0,0,0,0,1,10,11
2024010537736,2024,010537736,539759,170114,0.00826,51.41283,3,3,2,13:11,-1,E09000006,3,0,1,1,1,5,1,5,0,0,0,0,0,0,1,0,0,10,14
2024010537738,2024,010537738,527169,192267,-0.16469,51.61487,3,3,6,16:30,-1,E09000003,6,0,9,-1,1,99,9,9,99,9,99,1,0,1,0,0,0,10,11
2024010537741,2024,010537741,523668,181533,-0.219,51.51919,3,3,2,07:35,-1,E09000020,4,0,2,1,1,99,9,9,99,9,99,1,1,0,0,0,0,10,14
2024010537745,2024,010537745,526523,175634,-0.17999,51.46554,3,3,7,14:30,-1,E09000032,3,0,1,0,1,99,9,9,99,9,99,1,0,1,0,0,0,10,12
2024010537748,2024,010537748,543289,188252,0.06634,51.57493,3,3,2,10:54,-1,E09000026,3,0,2,1,1,"[6, 19]",1,"[1, 5]",0,0,0,1,1,0,0,0,0,10,14
2024010537749,2024,010537749,528257,171745,-0.15645,51.4302,3,3,7,21:15,-1,E09000032,5,0,1,0,1,"[1, 3]",9,9,99,9,99,1,0,1,0,0,0,10,12
2024010537750,2024,010537750,529009,185196,-0.14072,51.55091,3,3,2,14:00,-1,E09000007,3,0,1,1,1,99,9,9,99,9,99,1,1,0,0,0,0,10,14
2024010537758,2024,010537758,505373,181932,-0.48245,51.52648,3,3,2,15:30,-1,E09000017,3,0,1,0,1,19,"[3, 7]","[7, 3]",0,0,0,1,0,1,0,0,0,10,14
2024010537764,2024,010537764,522140,183053,-0.24048,51.53318,2,2,2,16:14,-1,E09000005,3,0,2,1,1,"[19, 9]","[8, 4]","[4, 2]",0,0,0,1,0,1,0,0,0,10,14
2024010537768,2024,010537768,529665,181369,-0.13267,51.51637,3,3,2,17:00,-1,E09000033,3,0,1,0,1,19,3,7,0,0,0,0,0,0,0,0,1,10,14
2024010537779,2024,010537779,546073,171162,0.09942,51.42066,3,3,2,16:00,-1,E09000004,3,0,1,1,1,99,9,9,99,9,99,1,0,1,0,0,0,10,14
2024010537784,2024,010537784,531040,175048,-0.11521,51.45925,1,1,2,16:00,-1,E09000022,3,0,1,0,1,"[5, 15]",1,5,0,0,0,0,1,0,1,0,0,10,14