collision_index,collision_year,collision_ref_no,location_easting_osgr,location_northing_osgr,longitude,latitude,casualty_severity,casualty_severity,day_of_week,time,local_authority_district,local_authority_ons_district,first_road_class,light_conditions,weather_conditions,road_surface_conditions,urban_or_rural_area,vehicle_manoeuvre,vehicle_direction_from,vehicle_direction_to,hit_object_in_carriageway,vehicle_leaving_carriageway,hit_object_off_carriageway,is_car,is_cyle,is_mcyle,is_goodsv,is_other,is_pedestrian,month,day
2024010538694,2024,010538694,529315,183973,-0.13676,51.53985,3,3,7,10:20,-1,E09000007,3,0,2,1,1,"[5, 19]","[7, 2]","[3, 6]",0,0,0,1,1,0,0,0,0,10,19
2024010538697,2024,010538697,529122,184062,-0.13951,51.5407,3,3,6,09:30,-1,E09000007,3,0,1,0,1,19,1,5,99,9,"[99, 0]",0,1,0,0,0,0,10,18
2024010538703,2024,010538703,508989,179718,-0.43103,51.50589,3,3,5,06:05,-1,E09000017,3,0,1,0,1,99,9,9,99,9,99,1,0,1,0,0,0,10,17
2024010538705,2024,010538705,532080,184050,-0.09689,51.5399,3,3,6,18:10,-1,E09000019,3,0,1,0,1,99,9,9,99,9,99,0,1,0,0,0,0,10,18
2024010538706,2024,010538706,512517,179549,-0.38028,51.50368,2,2,3,16:45,-1,E09000009,5,0,9,0,1,19,5,1,0,0,0,0,1,0,0,0,1,10,15
2024010538707,2024,010538707,512627,179804,-0.37861,51.50595,2,2,7,11:30,-1,E09000009,3,0,1,1,1,19,5,1,0,0,0,1,0,0,0,0,1,10,19
2024010538709,2024,010538709,531794,177191,-0.10357,51.47833,3,3,5,07:55,-1,E09000022,3,0,2,1,1,99,9,9,99,9,99,1,1,0,0,0,0,10,17
2024010538711,2024,010538711,533343,171188,-0.08354,51.42402,2,2,7,09:25,-1,E09000028,5,0,2,1,1,"[9, 13]",5,"[2, 1]",0,0,0,1,1,0,0,0,0,10,19
2024010538727,2024,010538727,548852,184359,0.14491,51.53851,3,3,7,10:37,-1,E09000002,6,0,2,1,1,19,"[2, 8]","[6, 4]",0,"[1, 0]","[10, 0]",1,0,0,0,0,0,10,19
2024010538730,2024,010538730,550555,189686,0.17173,51.58592,3,3,7,11:00,-1,E09000016,6,0,2,1,1,19,3,7,0,0,0,1,0,1,0,0,0,10,19
2024010538732,2024,010538732,541222,183934,0.0348,51.53665,3,3,6,13:30,-1,E09000025,4,0,1,0,1,19,5,1,0,0,0,0,0,0,1,0,0,1,19
2024010538733,2024,010538733,552182,182098,0.19192,51.51731,3,3,7,13:50,-1,E09000016,4,0,1,1,1,"[9, 7]","[5, 2]",3,0,0,0,1,0,0,1,0,0,10,19
2024010538734,2024,010538734,521551,184524,-0.24846,51.54653,2,2,1,07:05,-1,E09000005,6,0,1,0,1,19,"[6, 4]","[2, 8]",0,0,0,1,1,0,0,0,0,10,13
2024010538736,2024,010538736,536601,172268,-0.03629,51.43295,3,3,6,15:20,-1,E09000023,6,0,1,0,1,99,9,9,99,9,99,1,0,1,0,0,0,10,18
2024010538737,2024,010538737,524685,183952,-0.20349,51.5407,3,3,7,13:18,-1,E09000005,3,0,1,0,1,19,3,8,0,0,0,1,0,0,0,0,0,10,19
2024010538738,2024,010538738,526957,183008,-0.17109,51.53171,3,3,6,20:30,-1,E09000033,3,2,8,0,1,2,9,9,99,9,99,1,0,0,0,0,0,10,4
2024010538739,2024,010538739,531280,169970,-0.11364,51.41356,2,2,7,13:10,-1,E09000008,4,0,1,0,1,"[-1, 9]","[8, 4]","[4, 3]",0,0,0,1,0,1,0,0,0,10,19
2024010538743,2024,010538743,544261,181727,0.07769,51.51605,3,3,7,13:03,-1,E09000025,6,0,1,1,1,19,7,3,0,0,0,1,0,0,0,0,1,10,19
2024010538753,2024,010538753,520384,186574,-0.26458,51.5652,2,2,2,11:30,-1,E09000005,3,2,2,1,1,99,9,9,99,9,99,1,0,0,0,0,1,10,7
2024010538757,2024,010538757,530114,191312,-0.12253,51.60562,3,3,7,16:20,-1,E09000014,3,0,1,0,1,99,9,9,99,9,99,0,0,0,0,1,1,10,19
2024010538759,2024,010538759,543899,186209,0.0743,51.55642,3,3,7,14:45,-1,E09000026,6,0,1,0,1,1,1,5,0,0,0,1,0,0,0,0,1,10,19
2024010538763,2024,010538763,529136,180500,-0.14061,51.50868,3,3,7,16:45,-1,E09000033,4,0,1,0,1,19,1,5,0,0,0,1,0,0,0,0,1,10,19
2024010538764,2024,010538764,536910,173333,-0.03144,51.44245,3,3,6,17:30,-1,E09000023,6,0,1,0,1,99,9,9,99,9,99,1,0,1,0,0,0,10,18
2024010538765,2024,010538765,518520,182731,-0.29276,51.53106,3,3,7,03:15,-1,E09000009,3,2,2,1,1,99,9,9,99,9,99,1,0,0,0,0,0,10,19
2024010538766,2024,010538766,519990,190610,-0.26889,51.60156,3,3,7,05:25,-1,E09000015,3,0,8,0,1,99,9,9,99,9,99,1,0,1,0,0,0,10,19
2024010538767,2024,010538767,531748,175911,-0.10471,51.46684,2,2,2,08:30,-1,E09000022,5,0,1,1,1,99,9,9,99,9,99,1,1,0,0,0,0,10,7
2024010538773,2024,010538773,518306,187394,-0.29427,51.57301,3,3,7,18:10,-1,E09000005,5,2,1,0,1,19,3,7,0,0,0,1,0,1,0,0,0,10,19
2024010538775,2024,010538775,532976,176684,-0.08675,51.4735,3,3,7,17:20,-1,E09000028,6,0,9,0,1,4,5,1,0,0,0,0,0,0,1,0,0,10,19
2024010538778,2024,010538778,539800,173777,0.01029,51.44573,3,3,7,15:58,-1,E09000023,3,0,1,0,1,"[4, 19]",7,3,0,0,0,1,0,0,0,0,0,10,19
2024010538783,2024,010538783,541436,185205,0.0384,51.54802,3,3,7,17:50,-1,E09000025,3,2,1,0,1,"[5, 13]",3,7,0,0,0,1,0,0,0,0,0,10,19
2024010538788,2024,010538788,525548,184012,-0.19104,51.54105,3,3,7,14:25,-1,E09000007,4,0,1,0,1,19,5,1,0,0,0,0,0,1,0,0,1,10,19
2024010538790,2024,010538790,540605,184652,0.0262,51.54326,3,3,7,19:55,-1,E09000025,3,2,1,0,1,19,5,1,0,0,0,1,0,0,0,0,1,10,19
2024010538791,2024,010538791,528995,183713,-0.14147,51.53759,3,3,7,14:34,-1,E09000007,3,0,1,1,1,5,5,1,0,0,0,0,0,0,1,0,0,10,19
2024010538792,2024,010538792,530875,193625,-0.11069,51.62623,3,3,7,20:20,-1,E09000010,3,2,1,0,1,"[2, 14, 19]","[0, 1, 5]","[0, 5, 1]","[0, 4]",0,0,1,0,0,0,0,0,10,19
2024010538797,2024,010538797,538931,178051,-0.00052,51.48435,2,2,7,17:15,-1,E09000011,6,0,1,0,1,19,7,3,10,1,0,0,1,0,0,0,0,10,19
2024010538801,2024,010538801,530477,176189,-0.12289,51.46963,3,3,7,15:45,-1,E09000022,6,0,1,0,1,3,5,1,0,0,0,1,0,0,0,0,0,10,19
2024010538803,2024,010538803,520828,179621,-0.26057,51.50262,3,3,7,20:00,-1,E09000009,4,2,1,0,1,19,7,3,0,0,0,0,0,0,1,0,0,10,19
2024010538804,2024,010538804,531138,168262,-0.11631,51.39824,2,2,7,20:52,-1,E09000008,3,2,1,0,1,9,"[7, 3]","[5, 1]",0,0,0,1,0,1,0,0,0,10,19
2024010538807,2024,010538807,547532,185355,0.12631,51.54781,3,3,7,16:05,-1,E09000002,3,0,1,0,1,5,5,1,0,0,0,1,0,1,0,0,0,10,19
2024010538812,2024,010538812,550072,182520,0.16171,51.52166,3,3,7,21:46,-1,E09000002,3,2,1,0,1,"[19, 12]",7,3,0,"[0, 4]",0,1,0,0,0,0,0,10,19
2024010538821,2024,010538821,506138,182006,-0.47141,51.527,3,3,7,23:29,-1,E09000017,5,2,8,0,1,19,3,7,10,7,0,1,0,0,0,0,0,10,19
2024010538823,2024,010538823,515252,184998,-0.33911,51.55211,3,3,7,22:46,-1,E09000009,3,2,1,0,1,"[9, 13]",1,"[7, 5]",0,0,0,1,0,1,0,0,0,10,19
2024010538824,2024,010538824,534178,192437,-0.06345,51.61478,3,3,1,00:13,-1,E09000010,3,2,1,0,1,"[-1, 2]","[7, 0]","[3, 0]","[4, 0]",0,0,1,0,0,0,0,0,10,20
2024010538825,2024,010538825,515000,183880,-0.34311,51.54211,3,3,7,15:34,-1,E09000009,3,0,1,1,1,14,5,1,0,0,0,0,0,1,0,0,0,10,19
2024010538829,2024,010538829,537535,182125,-0.01903,51.5213,3,3,1,00:20,-1,E09000030,4,2,1,0,1,19,2,6,0,0,0,1,0,0,0,0,1,10,20
2024010538830,2024,010538830,507510,178818,-0.45261,51.49809,2,2,1,02:30,-1,E09000017,3,2,1,0,1,19,"[7, 1]","[3, 5]","[10, 0]","[4, 5]","[6, 2]",1,0,0,0,0,0,10,20
2024010538834,2024,010538834,530809,192789,-0.11195,51.61873,3,3,7,21:39,-1,E09000010,3,2,1,1,1,9,1,7,0,0,0,1,0,0,0,0,1,10,19
2024010538835,2024,010538835,517654,180698,-0.30591,51.51297,2,"[2, 3]",1,04:08,-1,E09000009,3,2,1,0,1,19,3,7,10,1,3,1,0,0,0,0,0,10,20
2024010538842,2024,010538842,538382,176742,-0.00894,51.47273,2,2,1,03:00,-1,E09000023,3,2,1,0,1,"[19, 4]","[2, 6]","[6, 2]",0,0,0,1,0,0,0,0,0,10,20
2024010538843,2024,010538843,534907,193586,-0.05249,51.62493,2,2,1,06:35,-1,E09000010,6,2,1,0,1,19,7,3,7,0,0,1,0,0,0,0,0,10,20
2024010538844,2024,010538844,525987,164271,-0.19173,51.36354,2,2,7,13:30,-1,E09000029,4,0,1,0,1,99,9,9,99,9,99,0,0,0,1,0,0,10,12
2024010538846,2024,010538846,533803,182375,-0.07269,51.52445,3,3,1,03:43,-1,E09000030,3,2,1,0,1,"[2, 19]","[0, 6]","[0, 2]","[0, 4]",0,0,1,0,0,0,0,0,10,20
2024010538850,2024,010538850,551647,187452,0.18652,51.56556,3,3,2,06:55,-1,E09000016,3,0,1,1,1,99,9,9,99,9,99,1,1,0,0,0,0,9,30
2024010538853,2024,010538853,528643,176282,-0.14925,51.47089,3,3,5,07:50,-1,E09000032,6,0,1,0,1,99,9,9,99,9,99,1,0,1,0,0,0,10,3
2024010538861,2024,010538861,522792,187372,-0.22958,51.57185,3,3,1,03:55,-1,E09000003,3,2,2,1,1,9,8,5,0,0,0,1,0,0,0,0,0,10,20
2024010538864,2024,010538864,530996,190011,-0.11029,51.59372,3,3,6,19:00,-1,E09000014,4,2,9,1,1,19,3,7,0,0,0,1,0,0,0,0,1,10,18
2024010538866,2024,010538866,545650,165718,0.09111,51.37185,3,3,4,06:28,-1,E09000006,3,2,2,-1,1,99,9,9,99,9,99,1,1,0,0,0,0,10,9
2024010538871,2024,010538871,551980,181863,0.18891,51.51525,3,3,1,11:24,-1,E09000016,5,0,2,1,1,19,"[8, 6]","[6, 8]",0,0,0,1,0,0,0,0,0,10,20
2024010538872,2024,010538872,532530,166541,-0.09696,51.38245,3,3,1,12:55,-1,E09000008,3,0,2,1,1,19,8,4,0,0,0,1,0,0,0,0,1,10,20
2024010538878,2024,010538878,542634,183842,0.05511,51.53547,2,2,1,11:28,-1,E09000025,6,0,2,1,1,"[2, 14]","[0, 1]","[0, 5]",0,0,0,1,1,0,0,0,0,10,20
2024010538887,2024,010538887,526234,184643,-0.18092,51.54657,3,3,1,14:20,-1,E09000007,5,0,2,1,1,9,8,6,0,0,0,1,0,0,0,0,1,10,20
2024010538891,2024,010538891,541306,183163,0.0357,51.5297,3,3,1,13:40,-1,E09000025,3,0,1,1,1,4,3,7,0,0,0,0,0,0,0,0,0,10,20
2024010538906,2024,010538906,534674,171192,-0.0644,51.42375,3,3,6,13:40,-1,E09000006,3,0,1,0,1,99,9,9,99,9,99,1,0,0,0,0,0,10,18
2024010538911,2024,010538911,535968,175006,-0.04434,51.45771,3,3,6,19:30,-1,E09000023,6,2,9,1,1,19,7,3,0,0,0,0,0,0,0,1,1,10,18
2024010538912,2024,010538912,533591,178370,-0.07726,51.48851,3,3,2,04:35,-1,E09000028,3,2,8,1,1,"[19, 12]",9,9,99,9,99,1,1,0,0,0,0,9,23
2024010538913,2024,010538913,537355,191203,-0.01808,51.60292,3,3,1,14:30,-1,E09000031,6,0,1,1,1,4,7,3,0,0,0,0,0,0,1,0,1,10,20
2024010538914,2024,010538914,521731,185630,-0.24549,51.55643,3,3,6,14:05,-1,E09000005,3,0,8,0,1,99,9,9,99,9,99,1,1,0,0,0,0,10,18
2024010538916,2024,010538916,518789,189632,-0.28655,51.59302,3,3,1,16:36,-1,E09000005,5,0,1,1,1,19,7,3,0,1,2,1,0,0,0,0,0,10,20
2024010538917,2024,010538917,547660,183594,0.12742,51.53195,3,3,1,10:40,-1,E09000002,3,0,2,1,1,99,9,9,99,9,99,1,0,0,0,0,0,10,20
2024010538919,2024,010538919,525657,183336,-0.18971,51.53495,3,3,1,16:48,-1,E09000033,3,0,1,1,1,9,1,7,0,0,0,1,0,0,0,0,1,10,20
2024010538920,2024,010538920,529524,183257,-0.13401,51.53337,3,3,1,04:45,-1,E09000007,6,0,2,1,1,99,9,9,99,9,99,1,0,1,0,0,0,10,20
2024010538921,2024,010538921,526160,170033,-0.1872,51.41529,3,3,7,22:43,-1,E09000024,6,2,1,-1,1,99,9,9,99,9,99,1,0,0,0,0,0,10,19
2024010538929,2024,010538929,512910,180301,-0.37438,51.51037,3,3,1,15:46,-1,E09000009,6,0,8,1,1,"[9, 5]",5,"[3, 1]",0,"[7, 0]",0,1,1,0,0,0,0,10,20
2024010538930,2024,010538930,529154,180648,-0.1403,51.51001,3,3,1,17:10,-1,E09000033,5,0,1,0,1,"[9, 19]","[8, 6]","[6, 2]","[0, 10]",0,0,1,1,0,0,0,0,10,20
2024010538936,2024,010538936,541657,180399,0.03965,51.50478,3,3,1,16:37,-1,E09000025,3,0,1,1,1,"[5, 3]",7,3,"[10, 0]","[2, 0]","[10, 0]",1,0,0,0,0,0,10,20
2024010538937,2024,010538937,528052,181050,-0.15602,51.51387,3,3,1,18:45,-1,E09000033,3,2,1,0,1,19,5,1,0,"[3, 0]",0,1,0,0,0,0,0,10,20
2024010538950,2024,010538950,527154,178030,-0.17005,51.48693,3,3,1,20:57,-1,E09000020,3,2,1,0,1,"[7, 19]",3,"[5, 7]",0,0,0,1,1,0,0,0,0,10,20
2024010538956,2024,010538956,525190,180582,-0.19741,51.51031,3,3,1,08:57,-1,E09000020,3,2,1,1,1,99,9,9,99,9,99,1,0,0,1,0,0,10,20
2024010538959,2024,010538959,525965,175578,-0.18803,51.46516,2,2,1,18:30,-1,E09000013,3,2,1,1,2,19,9,9,99,9,99,1,1,0,0,0,0,10,20
2024010538962,2024,010538962,534885,186150,-0.05566,51.55811,3,3,1,20:00,-1,E09000012,3,2,1,0,1,"[9, 13]",3,"[1, 7]",0,0,0,1,0,1,0,0,0,10,20
2024010538964,2024,010538964,533283,179411,-0.0813,51.49793,3,3,1,19:06,-1,E09000028,3,2,2,1,1,19,7,3,0,0,0,1,0,0,0,0,1,10,20
2024010538967,2024,010538967,520926,179624,-0.25915,51.50262,2,2,1,19:49,-1,E09000009,4,2,1,0,1,"[19, 5]","[3, 5]","[7, 1]",0,0,0,1,0,0,1,0,0,10,20
2024010538968,2024,010538968,535461,170774,-0.05325,51.4198,2,2,1,21:16,-1,E09000006,3,2,1,1,1,19,5,1,0,0,0,1,0,0,0,0,1,10,20
2024010538969,2024,010538969,547740,177210,0.1259,51.47457,3,3,1,16:14,-1,E09000004,5,0,1,1,1,"[5, 4]","[1, 5]","[5, 1]",0,0,0,1,0,0,0,0,0,10,20
2024010538974,2024,010538974,554176,189901,0.22405,51.58688,3,3,1,22:46,-1,E09000016,3,2,1,0,1,"[19, 9]","[4, 8]","[8, 6]",0,0,0,1,0,0,0,0,0,10,20
2024010538977,2024,010538977,519666,169624,-0.28068,51.41302,3,3,1,21:00,-1,E09000021,3,2,1,0,1,99,9,9,99,9,99,1,1,0,0,0,0,10,20
2024010538980,2024,010538980,522638,186656,-0.23205,51.56545,2,"[3, 2]",1,21:37,-1,E09000005,6,2,1,1,1,-1,"[1, 5]","[5, 1]",0,0,0,1,0,0,0,0,0,10,20
2024010538982,2024,010538982,512664,177045,-0.37896,51.48115,3,3,1,21:49,-1,E09000018,6,2,1,0,1,"[2, 19]","[0, 7, 3]","[0, 3, 7]",0,"[0, 7]",0,1,0,0,0,0,0,10,20
2024010538983,2024,010538983,540429,188102,0.02504,51.5743,3,3,1,23:56,-1,E09000026,3,2,1,0,1,19,6,2,0,0,0,1,0,0,0,0,0,10,20
2024010538986,2024,010538986,522052,183691,-0.24153,51.53893,2,2,1,23:45,-1,E09000005,6,2,1,0,1,"[19, 7]",3,"[7, 6]",0,0,0,1,0,0,0,0,0,10,20
2024010538995,2024,010538995,535038,181600,-0.0552,51.51719,3,3,1,22:40,-1,E09000030,6,2,1,0,1,19,"[1, 5]","[5, 1]",0,0,0,1,1,0,0,0,0,10,20
2024010538996,2024,010538996,538361,189591,-0.0042,51.58819,3,3,2,04:01,-1,E09000031,6,2,1,0,1,-1,5,1,0,0,0,0,0,1,0,0,1,10,21
2024010538997,2024,010538997,535219,183074,-0.05203,51.53039,2,2,2,03:38,-1,E09000030,4,2,9,0,1,"[2, 19]","[0, 7, 3]","[0, 3, 7]","[0, 4]","[0, 8]","[0, 7]",1,0,0,0,0,0,10,21
2024010538998,2024,010538998,531158,164072,-0.11757,51.36058,3,3,2,02:40,-1,E09000008,3,0,9,0,1,19,"[1, 5]","[5, 1]",0,0,0,1,0,0,0,0,0,10,21
2024010539007,2024,010539007,553762,192201,0.21908,51.60765,3,3,2,08:12,-1,E09000016,5,0,1,0,1,19,"[3, 1]","[7, 5]",0,0,0,1,1,0,0,0,0,10,21
2024010539008,2024,010539008,521502,185786,-0.24874,51.55788,3,3,2,07:18,-1,E09000005,3,0,1,0,1,9,8,5,0,0,0,0,0,1,0,0,0,10,21
2024010539012,2024,010539012,536811,182651,-0.02925,51.52621,3,3,2,08:50,-1,E09000030,3,0,1,0,1,"[7, 19]",3,"[6, 7]",0,0,0,1,1,0,0,0,0,10,21
2024010539019,2024,010539019,528607,179394,-0.14863,51.49886,3,3,2,08:57,-1,E09000033,6,0,1,0,1,19,7,3,0,0,0,1,0,0,0,0,1,10,21
2024010539022,2024,010539022,520348,177791,-0.2681,51.48627,3,3,6,13:00,-1,E09000018,5,2,1,0,1,99,9,9,99,9,99,1,0,0,0,0,0,10,18
2024010539024,2024,010539024,535337,192408,-0.04673,51.61424,3,3,6,16:20,-1,E09000010,6,0,1,0,1,99,9,9,99,9,99,1,0,1,0,0,0,10,18
2024010539025,2024,010539025,530028,185281,-0.126,51.55144,3,3,2,08:30,-1,E09000019,3,0,1,0,1,"[9, 19]","[6, 1]","[3, 5]",0,0,0,1,1,0,0,0,0,10,21
2024010539042,2024,010539042,534961,178455,-0.05751,51.48895,3,3,2,08:10,-1,E09000028,3,0,1,0,1,19,2,6,0,0,0,0,0,1,0,0,1,10,21
2024010539044,2024,010539044,522950,188586,-0.22688,51.58273,3,3,1,15:40,-1,E09000003,3,0,9,-1,1,99,9,9,99,9,99,1,0,1,0,0,0,10,20
2024010539053,2024,010539053,531459,179426,-0.10756,51.4985,3,3,6,18:29,-1,E09000028,3,2,9,-1,1,"[7, 19]",9,9,99,9,99,1,1,0,0,0,0,10,11
2024010539058,2024,010539058,530848,191051,-0.11204,51.60311,2,2,3,18:17,-1,E09000014,3,0,9,-1,1,99,9,9,99,9,99,0,0,0,1,0,0,10,8
2024010539061,2024,010539061,533799,189796,-0.06993,51.59113,3,3,2,11:15,-1,E09000014,3,0,1,0,1,"[19, 9]","[1, 5]","[5, 3]",0,0,0,1,0,1,0,0,0,10,21
2024010539064,2024,010539064,531958,165609,-0.10552,51.37421,3,3,2,13:20,-1,E09000008,5,0,1,0,1,19,"[1, 5]","[5, 1]",0,0,0,1,1,0,0,0,0,10,21
2024010539067,2024,010539067,525166,185868,-0.19588,51.55782,3,3,5,06:10,-1,E09000007,3,2,2,1,1,99,9,9,11,9,99,0,0,1,0,0,0,10,17
2024010539069,2024,010539069,539747,194003,0.01755,51.6275,3,3,7,16:56,-1,E09000031,3,0,2,0,1,99,9,9,99,9,99,1,0,1,0,0,0,10,19
2024010539071,2024,010539071,531685,183265,-0.10287,51.53294,3,3,2,12:25,-1,E09000019,6,0,1,0,1,1,1,3,0,0,0,1,0,0,0,0,1,10,21
2024010539079,2024,010539079,543869,171321,0.06781,51.42265,3,3,2,13:00,-1,E09000006,4,0,1,0,1,5,1,5,0,0,0,1,0,0,0,0,1,10,21
2024010539081,2024,010539081,522072,183309,-0.24138,51.5355,3,3,2,13:02,-1,E09000005,6,0,8,0,1,"[2, 9, 19]","[0, 1]","[0, 6, 5]",0,0,0,1,0,0,0,0,0,10,21
2024010539082,2024,010539082,531513,183132,-0.1054,51.53179,3,3,2,14:45,-1,E09000019,3,0,1,0,1,"[19, 4]",8,4,0,0,0,0,1,1,0,0,0,10,21
2024010539084,2024,010539084,528357,190867,-0.14805,51.60202,3,3,2,14:21,-1,E09000003,4,0,1,0,1,"[19, 2]","[5, 0]","[1, 0]","[4, 0]",0,0,1,0,0,0,0,0,10,21
2024010539088,2024,010539088,533644,191370,-0.07157,51.60532,2,2,7,14:36,-1,E09000014,5,0,1,0,1,99,9,9,99,9,99,1,0,0,0,0,1,10,19
2024010539090,2024,010539090,530733,171439,-0.12096,51.42689,3,3,2,13:30,-1,E09000022,5,0,9,-1,1,99,9,9,99,9,99,1,0,1,0,0,0,10,21
2024010539091,2024,010539091,549256,178333,0.14819,51.48426,3,3,2,11:30,-1,E09000004,3,0,1,0,1,19,"[1, 3]","[5, 7]",0,0,0,1,0,1,0,0,0,10,21
2024010539093,2024,010539093,551818,174588,0.18345,51.44993,3,3,1,08:05,-1,E09000004,3,0,2,1,1,19,"[1, 5]","[5, 1]",99,0,0,1,0,1,0,0,0,10,13
2024010539095,2024,010539095,523780,178646,-0.2184,51.49322,3,3,2,14:30,-1,E09000013,3,0,1,0,1,"[2, 5]","[0, 3]","[0, 7]","[0, 4]",0,0,0,0,0,1,0,0,10,21
2024010539097,2024,010539097,524573,181276,-0.20605,51.51668,3,3,2,14:19,-1,E09000020,4,0,1,0,1,3,7,3,0,0,0,0,0,0,1,0,0,10,21
2024010539101,2024,010539101,534756,179268,-0.06015,51.4963,2,2,2,15:24,-1,E09000028,5,0,1,0,1,"[2, 19]","[0, 1]","[0, 5]",0,"[0, 8]","[0, 10]",1,0,0,0,0,0,10,21
2024010539111,2024,010539111,534709,197475,-0.05385,51.65992,3,3,2,09:55,-1,E09000010,5,0,1,0,1,99,9,9,99,9,99,1,0,1,0,0,0,10,21
2024010539112,2024,010539112,512192,180510,-0.38465,51.51239,3,3,7,10:45,-1,E09000009,3,0,1,0,1,"[19, 99]","[1, 9]","[5, 9]",99,9,99,1,0,0,0,0,0,10,19
2024010539113,2024,010539113,534942,184168,-0.0556,51.54029,3,3,6,11:45,-1,E09000012,3,0,1,0,1,99,9,9,99,9,99,1,0,1,0,0,0,10,18
2024010539115,2024,010539115,524553,178540,-0.20731,51.4921,3,3,2,16:17,-1,E09000013,6,0,1,0,1,8,3,5,0,0,0,1,0,0,0,0,1,10,21
2024010539116,2024,010539116,530806,179558,-0.11691,51.49983,3,3,7,06:50,-1,E09000022,3,2,1,0,1,99,9,9,99,9,99,1,0,1,0,0,0,10,19
2024010539120,2024,010539120,534865,179560,-0.05847,51.4989,2,"[3, 2]",2,15:47,-1,E09000028,3,0,1,0,1,"[15, 9]","[7, 3]","[3, 1]",0,"[1, 0]","[3, 0]",1,0,1,0,0,0,10,21
2024010539122,2024,010539122,524717,181438,-0.20392,51.5181,3,3,2,15:00,-1,E09000020,5,0,9,-1,1,99,9,9,99,9,99,1,0,1,0,0,0,10,21
2024010539124,2024,010539124,518979,175448,-0.2886,51.46551,3,3,2,18:05,-1,E09000027,4,2,1,0,1,"[10, 19]","[3, 5]",1,0,0,0,1,1,0,0,0,0,10,21
2024010539130,2024,010539130,539997,193814,0.02109,51.62573,3,3,2,11:30,-1,E09000026,3,0,1,0,2,99,9,9,99,9,99,1,0,1,0,0,0,10,21
2024010539132,2024,010539132,513559,184737,-0.3636,51.55011,3,3,2,18:30,-1,E09000009,3,2,1,0,1,"[13, 9]",6,"[2, 4]","[10, 0]",0,0,1,0,1,0,0,0,10,21
2024010539134,2024,010539134,534095,189086,-0.06593,51.58468,3,3,1,20:05,-1,E09000014,3,2,1,0,1,99,9,9,99,9,99,1,1,0,0,0,0,10,20
2024010539136,2024,010539136,536974,174253,-0.03016,51.4507,3,3,2,02:50,-1,E09000023,5,0,1,0,1,99,9,9,99,9,99,1,0,0,0,0,0,10,21
2024010539138,2024,010539138,547290,174434,0.11827,51.44974,3,3,2,18:18,-1,E09000004,3,2,1,0,1,"[19, 12]",7,3,0,0,0,1,0,1,0,0,0,10,21
2024010539139,2024,010539139,542054,187867,0.04838,51.57178,3,3,1,22:00,-1,E09000026,3,2,1,0,2,19,5,1,0,0,0,1,0,0,0,0,0,10,20
2024010539140,2024,010539140,526533,177701,-0.1791,51.48412,2,2,1,15:00,-1,E09000020,6,0,1,0,1,"[19, 3]",3,7,0,0,0,1,1,0,0,0,0,10,20
2024010539141,2024,010539141,540356,168998,0.0164,51.40265,3,3,2,16:50,-1,E09000006,5,0,1,0,1,19,3,7,0,0,0,0,1,0,0,0,1,10,21
2024010539142,2024,010539142,533955,187726,-0.06847,51.5725,3,3,7,22:45,-1,E09000012,3,2,4,0,1,99,9,9,99,9,99,1,0,1,0,0,0,10,19
2024010539144,2024,010539144,531001,166858,-0.1188,51.38566,3,3,2,17:35,-1,E09000008,5,0,1,0,1,99,9,9,"[0, 99]","[0, 9]","[0, 99]",1,0,0,0,0,0,10,21
2024010539146,2024,010539146,527645,181317,-0.16179,51.51636,3,3,5,10:55,-1,E09000033,5,0,1,0,1,99,9,9,99,9,99,1,1,0,0,0,0,10,17
2024010539148,2024,010539148,547119,170313,0.1141,51.41276,3,3,2,18:12,-1,E09000006,3,2,1,0,2,19,5,1,0,0,0,1,0,0,0,0,0,10,21
2024010539154,2024,010539154,511092,180973,-0.40035,51.51677,3,3,2,19:00,-1,E09000017,3,2,1,0,1,11,1,5,0,0,0,1,0,1,0,0,0,10,21
2024010539161,2024,010539161,524528,174877,-0.20896,51.45918,3,3,2,14:29,-1,E09000032,6,0,1,1,1,19,1,5,"[0, 4]",0,0,1,1,0,0,0,0,10,21
2024010539162,2024,010539162,525670,174540,-0.19265,51.4559,2,2,2,15:52,-1,E09000032,3,0,1,0,1,15,1,5,0,0,0,0,0,1,0,0,1,10,21
2024010539163,2024,010539163,536194,171513,-0.04243,51.42627,3,3,2,06:44,-1,E09000023,3,0,1,0,1,99,9,9,99,9,99,1,0,1,0,0,0,10,21
2024010539168,2024,010539168,525058,189380,-0.19619,51.5894,3,3,1,01:00,-1,E09000003,3,2,1,0,1,99,9,9,99,9,99,1,0,0,0,1,0,10,20
2024010539170,2024,010539170,539789,178274,0.01191,51.48615,2,2,2,14:40,-1,E09000011,3,0,1,0,1,14,7,3,0,0,0,0,0,1,0,0,1,10,21
2024010539171,2024,010539171,543470,174435,0.06333,51.45073,3,3,2,15:15,-1,E09000011,3,0,1,0,1,"[7, 5]",3,"[5, 7]",0,0,0,1,0,0,0,0,0,10,21