collision_index,collision_year,collision_ref_no,location_easting_osgr,location_northing_osgr,longitude,latitude,casualty_severity,casualty_severity,day_of_week,time,local_authority_district,local_authority_ons_district,first_road_class,light_conditions,weather_conditions,road_surface_conditions,urban_or_rural_area,vehicle_manoeuvre,vehicle_direction_from,vehicle_direction_to,hit_object_in_carriageway,vehicle_leaving_carriageway,hit_object_off_carriageway,is_car,is_cyle,is_mcyle,is_goodsv,is_other,is_pedestrian,month,day
2024010540113,2024,010540113,521867,185279,-0.24365,51.55324,3,3,6,18:15,-1,E09000005,3,2,2,1,1,99,9,9,99,9,99,1,0,0,0,0,0,10,25
2024010540116,2024,010540116,518218,173291,-0.30027,51.44628,2,2,7,22:35,-1,E09000027,3,2,1,0,1,19,3,7,0,0,0,1,1,0,0,0,0,10,26
2024010540117,2024,010540117,518374,193340,-0.29129,51.62643,2,2,7,22:45,-1,E09000003,3,2,1,0,2,19,8,4,10,0,0,0,0,1,0,0,0,10,26
2024010540125,2024,010540125,535680,178770,-0.04704,51.4916,3,3,1,04:08,-1,E09000028,3,2,1,1,1,19,3,1,0,0,0,1,0,0,0,0,1,10,27
2024010540127,2024,010540127,535366,192074,-0.04644,51.61123,1,1,1,04:35,-1,E09000010,3,2,1,0,1,19,3,7,0,0,0,1,0,0,0,0,1,10,27
2024010540149,2024,010540149,528018,178234,-0.15753,51.48857,2,"[3, 2]",1,08:30,-1,E09000020,4,0,1,0,1,"[9, 19]",7,"[4, 3]",0,0,0,1,0,1,0,0,0,10,27
2024010540152,2024,010540152,528992,172571,-0.14558,51.43746,3,3,7,22:53,-1,E09000032,6,2,1,0,1,99,9,9,99,9,99,1,0,0,0,0,0,10,26
2024010540162,2024,010540162,524648,184645,-0.20378,51.54694,3,3,1,11:10,-1,E09000005,3,0,1,0,1,"[9, 19]","[1, 5]","[6, 1]",0,0,0,1,1,0,0,0,0,10,27
2024010540163,2024,010540163,534425,179684,-0.06476,51.50012,3,3,7,13:00,-1,E09000028,6,0,1,0,1,99,9,9,"[99, 8]",9,99,1,1,0,0,0,0,10,26
2024010540164,2024,010540164,546315,183632,0.10806,51.53264,3,3,1,09:25,-1,E09000002,3,0,1,0,1,"[10, 19]","[1, 7]","[7, 3]",0,0,0,1,1,0,0,0,0,10,27
2024010540167,2024,010540167,546081,187328,0.10622,51.56591,3,3,4,17:57,-1,E09000026,3,0,1,0,1,"[3, 19]",9,9,99,9,99,1,1,0,0,0,0,10,23
2024010540169,2024,010540169,533835,179234,-0.07342,51.49621,3,3,6,08:40,-1,E09000028,6,0,1,0,1,"[99, 3]",9,9,99,9,99,1,1,0,0,0,0,10,18
2024010540170,2024,010540170,525165,185905,-0.19588,51.55815,3,3,1,09:55,-1,E09000007,3,0,1,0,1,"[10, 19]",1,"[6, 5]",0,0,0,1,0,1,0,0,0,10,27
2024010540171,2024,010540171,534375,166736,-0.07039,51.38377,3,3,1,12:44,-1,E09000008,5,0,1,0,1,9,1,7,0,0,0,1,0,0,0,0,1,10,27
2024010540175,2024,010540175,530210,172291,-0.12817,51.43466,3,3,1,13:00,-1,E09000022,3,0,1,0,1,"[5, 4]","[1, 5]","[5, 1]",0,0,0,1,0,1,0,0,0,10,27
2024010540177,2024,010540177,535673,176811,-0.04789,51.474,3,3,1,09:25,-1,E09000023,3,0,1,0,1,19,"[3, 7]","[7, 3]",0,0,0,1,0,0,0,0,0,10,27
2024010540179,2024,010540179,549078,184456,0.14821,51.53932,3,3,1,13:55,-1,E09000002,3,0,1,0,1,19,"[7, 1]","[3, 5]",0,0,0,1,0,0,0,0,0,10,27
2024010540181,2024,010540181,515588,180183,-0.33584,51.50876,3,3,1,13:15,-1,E09000009,3,0,1,0,1,19,3,7,0,0,0,1,0,0,0,0,1,10,27
2024010540182,2024,010540182,553809,188581,0.21818,51.57512,3,3,1,13:27,-1,E09000016,5,0,1,0,1,19,"[5, 3]","[1, 7]",0,0,0,1,0,0,0,0,0,10,27
2024010540184,2024,010540184,553142,182487,0.20591,51.52054,3,3,1,12:20,-1,E09000016,3,0,1,0,1,"[3, 19]",5,1,0,0,0,1,0,0,0,0,0,10,27
2024010540186,2024,010540186,527034,195064,-0.16562,51.64004,3,3,7,16:37,-1,E09000003,6,2,9,-1,1,99,9,9,99,9,99,1,0,1,0,0,0,10,26
2024010540187,2024,010540187,531514,183403,-0.10528,51.53422,3,3,1,15:00,-1,E09000019,3,0,1,0,1,19,6,2,0,0,0,1,0,0,0,0,1,10,27
2024010540190,2024,010540190,514327,182265,-0.35333,51.52773,3,3,2,20:20,-1,E09000009,4,2,1,0,1,99,9,9,99,9,99,1,1,0,0,0,0,9,16
2024010540194,2024,010540194,508874,176842,-0.43358,51.48007,2,2,1,14:37,-1,EHEATHROW,6,0,2,0,1,14,5,1,0,0,0,1,0,0,0,0,1,10,27
2024010540196,2024,010540196,530351,180057,-0.12328,51.50442,3,3,7,12:30,-1,E09000033,3,0,1,0,2,19,7,3,0,0,0,1,0,0,0,0,1,10,26
2024010540198,2024,010540198,542448,187208,0.05379,51.56576,3,3,7,22:00,-1,E09000026,3,2,1,0,2,99,9,9,99,9,99,1,0,0,0,0,0,10,26
2024010540199,2024,010540199,537924,174577,-0.01637,51.45338,3,3,7,17:55,-1,E09000023,3,2,1,0,1,99,9,9,99,9,99,1,1,0,0,0,0,10,26
2024010540205,2024,010540205,535792,197034,-0.03837,51.6557,3,3,1,15:55,-1,E09000010,5,0,1,0,1,"[2, 19]","[0, 7]","[0, 3]",0,0,0,1,0,1,0,0,0,10,27
2024010540208,2024,010540208,514187,179803,-0.35614,51.50563,3,3,1,14:20,-1,E09000009,3,0,1,0,1,"[19, 9]","[5, 3]",1,0,0,0,1,0,1,0,0,0,10,27
2024010540210,2024,010540210,522800,175593,-0.23357,51.46599,3,3,1,13:00,-1,E09000032,6,0,1,0,1,"[11, 15]",5,1,0,0,0,1,1,0,0,0,0,10,27
2024010540212,2024,010540212,540888,174882,0.02638,51.45539,3,3,5,17:15,-1,E09000011,3,0,1,0,1,99,9,9,99,9,99,1,0,0,0,0,0,10,24
2024010540215,2024,010540215,530187,180821,-0.12536,51.51133,3,3,1,16:05,-1,E09000033,6,0,1,0,1,19,5,1,0,0,0,0,1,0,0,0,1,10,27
2024010540217,2024,010540217,504943,189536,-0.48638,51.59491,3,3,1,17:30,-1,E09000017,6,2,1,0,2,"[9, 5]","[7, 1]",5,0,0,0,1,1,0,0,0,0,10,27
2024010540222,2024,010540222,535895,196039,-0.03727,51.64673,3,3,2,07:30,-1,E09000010,6,0,8,0,1,99,9,9,99,9,99,1,1,0,0,0,0,9,16
2024010540223,2024,010540223,530323,183010,-0.12259,51.53097,3,3,1,17:30,-1,E09000007,3,2,1,0,1,99,9,9,99,9,99,1,0,0,0,0,0,10,27
2024010540225,2024,010540225,523770,185640,-0.21609,51.55608,3,3,1,18:50,-1,E09000005,6,2,1,0,1,14,7,3,0,0,0,0,0,1,0,0,1,10,27
2024010540226,2024,010540226,528547,179029,-0.14963,51.4956,3,3,1,19:25,-1,E09000033,3,2,1,0,1,19,"[5, 3]","[1, 7]",0,0,0,1,0,0,1,0,0,10,27
2024010540227,2024,010540227,550194,189311,0.16636,51.58265,3,3,1,18:05,-1,E09000016,3,0,9,0,1,19,1,5,0,0,0,1,0,0,0,0,0,10,27
2024010540232,2024,010540232,513294,175480,-0.37039,51.46696,3,3,1,16:45,-1,E09000018,3,2,1,0,1,99,9,9,99,9,99,1,0,0,0,0,0,10,27
2024010540233,2024,010540233,528493,182106,-0.14929,51.52326,3,3,1,19:15,-1,E09000033,3,2,1,0,1,4,"[7, 3]","[3, 7]",0,0,0,1,0,0,0,0,0,10,27
2024010540234,2024,010540234,518926,184206,-0.28641,51.54423,1,1,1,18:44,-1,E09000005,6,2,1,0,1,5,4,8,0,0,0,1,0,0,0,0,1,10,27
2024010540235,2024,010540235,510859,173812,-0.40595,51.45245,2,2,1,19:53,-1,E09000018,3,2,1,0,1,"[19, 4]",7,3,0,0,0,1,0,1,0,0,0,10,27
2024010540236,2024,010540236,530122,181457,-0.12606,51.51706,2,2,1,17:35,-1,E09000007,3,2,1,0,1,4,2,6,0,0,0,1,0,0,0,0,1,10,27
2024010540238,2024,010540238,533550,185249,-0.07525,51.55033,3,3,1,16:45,-1,E09000012,3,0,1,0,1,"[3, 2, 15]","[5, 0]","[1, 0]","[0, 8]","[1, 0]",0,1,1,0,0,0,0,10,27
2024010540239,2024,010540239,542010,177777,0.04368,51.48113,2,2,1,14:15,-1,E09000011,6,0,1,0,1,19,3,7,0,0,0,1,0,0,0,0,1,10,27
2024010540240,2024,010540240,549501,179070,0.15202,51.49082,3,3,1,11:30,-1,E09000004,4,0,8,0,1,99,9,9,99,9,99,1,0,0,0,0,0,10,27
2024010540241,2024,010540241,548159,188047,0.13648,51.57183,3,3,1,14:20,-1,E09000002,3,0,1,0,1,99,9,9,99,9,99,0,0,0,1,0,0,10,27
2024010540242,2024,010540242,542312,171886,0.04566,51.42812,3,3,1,18:39,-1,E09000006,6,2,1,0,1,19,5,1,0,0,0,1,1,0,0,0,0,10,27
2024010540245,2024,010540245,530162,164304,-0.13178,51.3629,2,2,1,18:07,-1,E09000029,4,2,1,0,1,"[19, 9]","[1, 5]","[5, 2]",0,0,0,1,0,1,0,0,0,10,27
2024010540249,2024,010540249,525249,190741,-0.19295,51.60159,3,3,1,15:40,-1,E09000003,3,0,1,0,1,1,4,8,0,0,0,1,0,0,0,0,1,10,27
2024010540255,2024,010540255,518972,178043,-0.28782,51.48883,2,2,1,20:30,-1,E09000018,3,2,1,0,1,5,0,1,0,0,0,1,0,0,0,0,1,10,27
2024010540256,2024,010540256,541115,181738,0.03238,51.51694,3,3,1,19:07,-1,E09000025,3,2,9,-1,1,99,9,9,99,9,99,0,0,1,0,0,0,10,27
2024010540259,2024,010540259,528531,177943,-0.15026,51.48584,3,3,1,22:01,-1,E09000020,3,2,1,0,2,4,7,3,0,0,0,1,0,1,0,0,0,10,27
2024010540260,2024,010540260,540430,188081,0.02505,51.57411,3,3,1,20:40,-1,E09000026,3,2,1,0,1,"[2, 14, 12]","[0, 7, 3]","[0, 3, 7]",0,0,0,1,0,0,0,0,1,10,27
2024010540261,2024,010540261,522773,173167,-0.2348,51.4442,3,3,1,21:09,-1,E09000032,3,2,1,0,1,"[19, 3]",1,5,0,"[1, 0]",0,1,0,0,0,0,0,10,27
2024010540262,2024,010540262,540514,185443,0.0252,51.55039,3,3,1,14:30,-1,E09000025,3,0,8,0,1,"[7, 19]",9,9,99,9,99,0,1,1,0,0,0,10,27
2024010540263,2024,010540263,516932,177064,-0.31752,51.48046,3,3,1,20:55,-1,E09000018,3,2,1,0,1,"[13, 9]",2,"[6, 8]",0,0,0,1,0,1,0,0,0,10,27
2024010540265,2024,010540265,547589,185784,0.12731,51.55165,3,3,1,14:25,-1,E09000002,3,0,1,0,1,"[19, 5]","[3, 7]","[7, 3]",0,0,0,1,0,1,0,0,0,10,27
2024010540267,2024,010540267,538338,171597,-0.01158,51.4265,3,3,1,23:42,-1,E09000023,3,2,1,0,1,19,1,5,10,0,0,1,0,0,0,0,0,10,27
2024010540277,2024,010540277,537440,191016,-0.01692,51.60122,2,2,2,03:23,-1,E09000031,3,2,1,1,1,19,1,5,9,8,1,1,0,0,0,0,0,10,28
2024010540281,2024,010540281,529744,176616,-0.13328,51.47364,3,3,1,12:52,-1,E09000022,3,0,1,0,1,99,9,9,99,9,99,0,1,0,0,0,1,10,27
2024010540284,2024,010540284,537615,194888,-0.01288,51.63597,3,3,2,07:40,-1,E09000031,3,0,1,0,1,19,1,5,0,0,0,0,1,0,0,0,0,10,28
2024010540286,2024,010540286,529646,175411,-0.13513,51.46283,3,3,5,12:00,-1,E09000022,3,0,1,0,1,99,9,9,99,9,99,0,1,1,0,0,0,10,24
2024010540288,2024,010540288,534955,181896,-0.05628,51.51987,3,3,6,15:40,-1,E09000030,3,0,9,0,1,19,"[7, 1]","[3, 5]",0,0,0,0,1,0,0,1,0,10,25
2024010540297,2024,010540297,536565,171866,-0.03696,51.42935,3,3,7,21:30,-1,E09000023,3,2,9,-1,1,99,9,9,99,9,99,1,0,1,0,0,0,10,26
2024010540300,2024,010540300,520680,186403,-0.26037,51.5636,3,3,1,07:25,-1,E09000005,3,0,1,0,1,99,9,9,99,9,99,1,0,1,0,0,0,10,27
2024010540307,2024,010540307,529866,181191,-0.12985,51.51472,3,3,4,13:45,-1,E09000007,3,0,1,0,1,"[6, 19]",9,9,99,9,99,1,1,0,0,0,0,10,23
2024010540313,2024,010540313,527414,181275,-0.16513,51.51604,3,3,7,23:20,-1,E09000033,6,2,1,0,1,"[2, 19, 99]",9,9,99,9,99,1,0,0,0,0,0,10,26
2024010540314,2024,010540314,532277,182349,-0.09469,51.52457,3,3,1,23:10,-1,E09000019,3,0,9,-1,1,99,9,9,99,9,99,1,1,0,0,0,0,10,27
2024010540324,2024,010540324,514658,182885,-0.34836,51.53324,3,3,2,12:15,-1,E09000009,3,0,2,1,1,19,5,1,0,0,0,0,0,1,0,0,1,10,28
2024010540325,2024,010540325,525781,189892,-0.18557,51.59384,3,3,2,12:41,-1,E09000003,3,0,2,1,1,"[3, 19]",1,5,0,0,0,1,0,0,0,0,0,10,28
2024010540326,2024,010540326,531198,168109,-0.11551,51.39685,3,3,6,17:00,-1,E09000008,3,0,2,1,1,99,9,9,99,9,99,1,1,0,0,0,0,10,25
2024010540328,2024,010540328,534837,181847,-0.058,51.51946,3,3,2,12:32,-1,E09000030,3,0,2,1,1,"[9, 19]","[5, 7]",3,0,0,0,1,0,1,0,0,0,10,28
2024010540329,2024,010540329,533429,182848,-0.0779,51.52879,3,3,6,17:19,-1,E09000012,3,2,9,-1,1,99,9,9,99,9,99,1,1,0,0,0,0,10,18
2024010540332,2024,010540332,544497,165844,0.07461,51.37327,3,3,2,12:00,-1,E09000006,3,0,2,1,1,"[7, 19]","[5, 7]","[7, 3]",0,0,0,1,0,0,0,0,0,10,28
2024010540334,2024,010540334,529829,177735,-0.13165,51.48368,3,3,5,19:20,-1,E09000032,3,2,9,0,1,99,9,9,99,9,99,1,1,0,0,0,0,10,24
2024010540338,2024,010540338,534533,196354,-0.05682,51.64989,3,3,5,20:30,-1,E09000010,6,2,1,0,1,99,9,9,99,9,99,1,0,0,0,0,0,10,17
2024010540340,2024,010540340,534596,185173,-0.0602,51.5494,3,3,1,01:00,-1,E09000012,3,2,1,0,1,99,9,9,99,9,"[99, 0]",1,0,0,0,0,0,10,27
2024010540341,2024,010540341,531991,174428,-0.10176,51.45346,2,2,1,19:20,-1,E09000022,4,2,1,0,1,99,9,9,99,9,99,0,1,0,0,0,1,10,27
2024010540344,2024,010540344,546491,176197,0.10751,51.46579,2,2,2,13:30,-1,E09000004,6,0,1,0,1,19,5,1,10,1,0,0,1,0,0,0,0,10,28
2024010540348,2024,010540348,533545,185066,-0.07539,51.54869,3,3,1,04:49,-1,E09000012,3,2,1,-1,1,99,9,9,99,9,99,1,0,0,0,0,0,10,27
2024010540350,2024,010540350,535575,193589,-0.04284,51.62479,1,1,2,14:03,-1,E09000010,3,0,1,1,2,19,"[5, 1]","[1, 5]",0,"[7, 0]",0,0,0,1,1,0,0,10,28
2024010540353,2024,010540353,533864,176353,-0.0741,51.47032,2,2,2,13:58,-1,E09000028,6,0,1,1,1,99,9,9,99,9,99,1,1,0,0,0,0,10,28
2024010540357,2024,010540357,525513,179555,-0.19313,51.501,2,2,2,15:35,-1,E09000020,3,2,1,1,1,4,1,5,0,0,0,0,0,0,1,0,0,10,28
2024010540358,2024,010540358,529027,179152,-0.14267,51.49659,3,3,2,13:30,-1,E09000033,3,0,1,1,1,99,9,9,99,9,99,0,0,0,1,0,1,10,28
2024010540360,2024,010540360,524746,169956,-0.20755,51.41491,3,3,1,08:00,-1,E09000024,6,0,1,1,1,99,9,9,99,9,99,1,1,0,0,0,0,10,27
2024010540363,2024,010540363,526997,178326,-0.1722,51.48963,3,3,2,16:35,-1,E09000020,6,0,1,1,1,99,9,9,99,9,99,1,1,0,0,0,0,10,28
2024010540373,2024,010540373,526458,181341,-0.17888,51.51685,3,3,2,17:10,-1,E09000033,3,2,2,1,1,19,5,1,0,0,0,0,0,0,1,0,0,10,28
2024010540381,2024,010540381,534928,184953,-0.0555,51.54735,3,3,2,18:09,-1,E09000012,3,2,1,0,1,5,1,5,0,0,0,0,0,0,1,0,0,10,28
2024010540388,2024,010540388,535718,177830,-0.04685,51.48315,3,3,2,15:46,-1,E09000023,6,0,1,1,1,1,1,5,0,0,0,1,0,0,0,0,1,10,28
2024010540390,2024,010540390,527193,166537,-0.17361,51.38364,3,3,7,23:15,-1,E09000029,6,2,1,0,1,99,9,9,99,9,99,1,0,0,0,0,1,10,26
2024010540392,2024,010540392,526004,163284,-0.19184,51.35467,3,3,2,20:30,-1,E09000029,4,2,2,1,1,"[10, 19]",5,"[2, 1]",0,0,0,1,0,1,0,0,0,10,28
2024010540394,2024,010540394,535902,176473,-0.04473,51.47091,2,2,2,16:30,-1,E09000023,6,2,2,1,1,"[12, 19]","[5, 1]","[1, 5]",0,0,0,1,1,0,0,0,0,10,28
2024010540397,2024,010540397,526441,193674,-0.17469,51.62768,3,3,2,19:07,-1,E09000003,3,0,2,1,1,"[3, 19]",1,5,0,0,0,1,0,1,0,0,0,10,28
2024010540398,2024,010540398,537454,190997,-0.01673,51.60105,3,3,2,15:36,-1,E09000031,3,0,1,0,1,"[4, 19]",7,3,0,0,0,1,0,0,1,0,0,10,28
2024010540399,2024,010540399,548863,184346,0.14507,51.53839,2,2,2,14:50,-1,E09000002,6,0,9,0,1,19,"[1, 7]","[5, 3]",0,0,0,1,1,0,0,0,0,10,28
2024010540401,2024,010540401,530536,185916,-0.11844,51.55703,3,3,2,21:00,-1,E09000019,3,2,1,0,1,99,9,9,99,9,99,1,0,0,0,0,0,10,28
2024010540403,2024,010540403,542125,188360,0.0496,51.57619,2,2,2,20:10,-1,E09000026,3,2,1,1,1,"[14, 4]",7,3,0,0,0,1,0,0,0,0,0,10,28
2024010540404,2024,010540404,527955,191664,-0.15356,51.60928,3,3,2,13:18,-1,E09000003,4,0,1,1,1,99,9,9,99,9,99,1,0,0,0,0,0,10,28
2024010540407,2024,010540407,539298,179176,0.0052,51.49437,2,2,2,22:15,-1,E09000011,3,2,1,1,1,19,5,1,0,0,0,0,0,1,0,0,0,10,28
2024010540408,2024,010540408,543990,170643,0.06927,51.41652,3,3,2,13:59,-1,E09000006,3,0,1,0,1,4,1,5,0,0,0,1,0,0,0,0,1,10,28
2024010540410,2024,010540410,535382,193916,-0.0455,51.62778,3,3,4,18:20,-1,E09000010,5,2,9,-1,1,99,9,9,99,9,99,1,0,1,0,0,0,10,9
2024010540411,2024,010540411,533560,176773,-0.07831,51.47416,3,3,5,18:09,-1,E09000028,3,2,8,0,1,99,9,9,99,9,99,1,0,0,0,0,0,10,24
2024010540414,2024,010540414,517508,180673,-0.30803,51.51277,3,3,2,23:50,-1,E09000009,3,2,2,-1,1,99,9,9,99,9,99,1,1,0,0,0,0,10,28
2024010540416,2024,010540416,537969,185730,-0.01137,51.55359,2,2,2,22:05,-1,E09000031,6,2,2,1,2,"[19, 13]","[4, 8]","[8, 4]",0,"[1, 7, 0]","[10, 0]",1,0,0,0,0,0,10,28
2024010540420,2024,010540420,537391,173565,-0.02443,51.44442,2,2,3,05:54,-1,E09000023,3,2,1,1,1,19,"[3, 7]","[7, 3]",0,0,0,1,0,0,0,0,1,10,29
2024010540421,2024,010540421,532286,171302,-0.09869,51.4253,3,3,2,18:50,-1,E09000022,4,2,1,0,1,99,9,9,99,9,99,1,1,0,0,0,0,10,28
2024010540423,2024,010540423,545949,184051,0.10296,51.5365,3,3,1,12:00,-1,E09000002,5,0,9,-1,1,99,9,9,99,9,99,1,0,1,0,0,0,10,27
2024010540427,2024,010540427,512837,174025,-0.37743,51.45397,3,3,1,14:15,-1,E09000027,6,0,9,-1,1,99,9,9,99,9,99,1,0,1,0,0,0,10,27
2024010540429,2024,010540429,525833,188797,-0.18522,51.58399,3,3,6,13:30,-1,E09000003,6,0,9,-1,1,99,9,9,99,9,99,1,0,1,0,0,0,10,25
2024010540431,2024,010540431,521372,183701,-0.25133,51.53917,3,3,1,17:30,-1,E09000005,3,2,9,-1,1,99,9,9,99,9,99,1,0,1,0,0,0,10,27
2024010540434,2024,010540434,541582,168742,0.03391,51.40005,3,3,2,11:30,-1,E09000006,4,0,9,-1,1,99,9,9,99,9,99,1,0,0,0,0,1,10,28
2024010540438,2024,010540438,514583,186795,-0.34817,51.56839,3,3,2,12:00,-1,E09000015,6,0,9,-1,1,99,9,9,99,9,99,1,0,1,0,0,0,10,28
2024010540439,2024,010540439,526816,179454,-0.1744,51.49981,3,3,3,07:49,-1,E09000033,5,0,2,1,1,99,9,9,99,9,99,1,1,0,0,0,0,10,29
2024010540444,2024,010540444,532612,171972,-0.09375,51.43124,3,3,3,09:30,-1,E09000022,6,0,1,0,1,99,9,9,99,9,99,1,1,0,0,0,0,10,29
2024010540449,2024,010540449,530371,180175,-0.12295,51.50548,2,2,7,13:25,-1,E09000033,3,0,8,0,1,99,9,9,99,9,99,0,1,0,0,0,0,10,5
2024010540452,2024,010540452,540580,189561,0.0278,51.58737,2,"[2, 3]",3,07:24,-1,E09000026,3,0,1,0,1,"[19, 3]","[3, 5]","[7, 1]",0,0,0,0,1,1,0,0,0,10,29
2024010540455,2024,010540455,531743,167464,-0.10792,51.39093,3,3,3,10:50,-1,E09000008,6,0,1,0,1,5,6,2,0,0,0,1,0,0,0,0,0,10,29
2024010540463,2024,010540463,543235,181452,0.0628,51.51384,3,3,3,07:39,-1,E09000025,6,0,1,1,1,5,2,6,0,1,11,1,0,0,0,0,0,10,29
2024010540470,2024,010540470,536467,174693,-0.03728,51.45478,3,3,3,07:30,-1,E09000023,4,0,9,1,1,"[9, 99]","[7, 9]","[5, 9]","[0, 99]","[0, 9]","[0, 99]",1,1,0,0,0,0,10,29
2024010540471,2024,010540471,536288,182761,-0.03675,51.52732,3,3,2,17:30,-1,E09000030,3,0,1,0,1,99,9,9,99,9,99,1,0,0,0,0,0,10,28
2024010540473,2024,010540473,545777,183475,0.10024,51.53137,3,3,2,19:00,-1,E09000002,3,2,2,1,1,19,7,3,0,0,0,1,0,1,0,0,0,10,28
2024010540475,2024,010540475,526028,185109,-0.18372,51.5508,3,3,7,11:35,-1,E09000007,3,0,1,0,1,99,9,9,99,9,99,1,1,0,0,0,0,10,19
2024010540479,2024,010540479,529006,189032,-0.13936,51.58539,3,3,3,12:15,-1,E09000014,5,0,1,0,1,19,"[7, 5]","[3, 1]",0,0,0,1,0,0,0,0,0,10,29
2024010540480,2024,010540480,530566,159143,-0.12788,51.31642,3,3,7,09:55,-1,E09000008,6,0,1,1,1,99,9,9,99,9,99,1,0,1,0,0,0,10,26
2024010540487,2024,010540487,541813,162666,0.03481,51.34539,3,3,3,08:48,-1,E09000006,3,0,2,0,1,"[19, 13]","[1, 5]","[5, 1]",0,0,0,1,0,1,1,0,0,10,29
2024010540491,2024,010540491,530346,177839,-0.12417,51.48449,3,3,3,13:20,-1,E09000022,3,0,1,0,1,19,3,7,0,0,0,1,1,0,0,0,0,10,29
2024010540494,2024,010540494,534118,178033,-0.0698,51.48535,3,3,3,13:24,-1,E09000028,3,0,1,0,1,99,9,9,99,9,99,0,1,0,0,0,0,10,29
2024010540500,2024,010540500,544471,184359,0.08179,51.53965,3,3,3,13:45,-1,E09000002,5,0,1,0,1,4,7,3,0,0,0,0,0,0,1,0,1,10,29
2024010540502,2024,010540502,531893,172007,-0.10408,51.43172,3,3,3,10:50,-1,E09000022,3,0,1,0,1,99,9,9,99,9,99,1,0,0,0,0,0,10,29
2024010540503,2024,010540503,528665,180280,-0.14748,51.50681,3,3,3,13:30,-1,E09000033,5,0,1,0,1,"[10, 4]",7,"[5, 3]",0,0,0,0,1,0,1,0,0,10,29
2024010540505,2024,010540505,521429,188716,-0.24878,51.58423,3,3,3,11:27,-1,E09000005,3,0,1,0,1,99,9,9,99,9,99,1,0,1,0,0,0,10,29
2024010540516,2024,010540516,516113,187944,-0.32572,51.57841,3,3,3,13:15,-1,E09000005,3,0,1,0,1,99,9,9,99,9,99,1,0,0,0,0,0,10,29
2024010540523,2024,010540523,524912,177791,-0.2024,51.48528,3,3,2,17:40,-1,E09000013,3,2,1,0,1,99,9,9,99,9,99,1,0,0,0,0,1,10,28
2024010540530,2024,010540530,517747,180722,-0.30457,51.51316,3,3,3,18:20,-1,E09000009,3,2,1,0,1,5,3,7,0,0,0,1,0,0,0,0,1,10,29
2024010540532,2024,010540532,529851,179201,-0.13079,51.49684,3,3,3,16:14,-1,E09000033,6,0,1,1,1,7,5,7,0,0,0,1,0,0,0,0,1,10,29
2024010540536,2024,010540536,537106,180818,-0.02572,51.50966,3,3,3,17:19,-1,E09000030,3,2,1,1,1,"[19, 9]","[3, 7]","[7, 5]",0,0,0,1,0,0,0,0,0,10,29
2024010540537,2024,010540537,532876,194876,-0.08132,51.637,3,3,3,18:02,-1,E09000010,4,2,1,0,1,"[9, 19]","[4, 5]",1,"[0, 10]",0,0,1,0,0,0,0,0,10,29
2024010540539,2024,010540539,534108,181343,-0.06869,51.5151,3,3,3,17:48,-1,E09000030,3,2,1,0,1,9,3,1,0,0,0,1,0,0,0,0,1,10,29
2024010540540,2024,010540540,519727,165819,-0.28108,51.37881,3,3,2,17:40,-1,E09000021,3,2,1,0,1,99,9,9,99,9,99,1,0,0,0,0,0,10,28
2024010540543,2024,010540543,526417,180947,-0.17961,51.51331,2,2,3,14:33,-1,E09000033,4,0,1,0,1,7,3,5,0,0,0,1,0,0,0,0,1,10,29
2024010540548,2024,010540548,534512,166579,-0.06848,51.38233,3,3,3,17:20,-1,E09000008,3,2,1,0,1,"[9, 10]","[1, 3]","[7, 1]",0,0,0,1,0,1,0,0,0,10,29
2024010540555,2024,010540555,544643,163615,0.0758,51.35321,3,3,3,19:35,-1,E09000006,5,2,1,1,2,19,7,3,11,0,0,1,0,0,0,0,0,10,29
2024010540557,2024,010540557,518983,166703,-0.29147,51.38691,3,3,3,08:50,-1,E09000021,5,0,1,0,1,99,9,9,99,9,99,1,1,0,0,0,0,10,29
2024010540559,2024,010540559,513215,182761,-0.36919,51.53241,2,2,3,13:30,-1,E09000009,4,0,1,0,1,19,"[3, 7]","[7, 3]",0,0,0,1,0,1,0,0,0,10,29
2024010540563,2024,010540563,551496,174770,0.1789,51.45165,3,3,3,12:00,-1,E09000004,3,0,1,0,1,99,9,9,99,9,99,1,0,0,0,0,1,10,29
2024010540566,2024,010540566,542977,185341,0.06066,51.54885,3,3,3,16:40,-1,E09000025,6,0,1,0,1,19,3,7,0,0,0,1,0,1,0,0,0,10,29
2024010540568,2024,010540568,510616,178882,-0.40786,51.49806,2,2,3,19:00,-1,E09000018,5,2,1,0,1,19,"[5, 3]","[1, 7]",0,0,0,1,1,0,0,0,0,10,29
2024010540571,2024,010540571,527143,170965,-0.17274,51.42344,3,3,3,18:42,-1,E09000032,3,2,1,0,1,"[5, 3]",9,9,99,9,99,1,1,0,0,0,0,10,29