collision_index,collision_year,collision_ref_no,location_easting_osgr,location_northing_osgr,longitude,latitude,casualty_severity,casualty_severity,day_of_week,time,local_authority_district,local_authority_ons_district,first_road_class,light_conditions,weather_conditions,road_surface_conditions,urban_or_rural_area,vehicle_manoeuvre,vehicle_direction_from,vehicle_direction_to,hit_object_in_carriageway,vehicle_leaving_carriageway,hit_object_off_carriageway,is_car,is_cyle,is_mcyle,is_goodsv,is_other,is_pedestrian,month,day
2024010540572,2024,010540572,535021,167548,-0.0608,51.39092,3,3,3,20:20,-1,E09000008,6,2,1,0,1,99,9,9,99,9,99,1,0,0,0,0,1,10,29
2024010540574,2024,010540574,525631,191226,-0.18726,51.60586,3,3,3,19:40,-1,E09000003,3,2,1,0,1,19,6,2,0,0,0,1,0,0,0,0,1,10,29
2024010540575,2024,010540575,528297,178724,-0.15334,51.49291,3,3,3,18:08,-1,E09000033,6,0,1,0,1,"[9, 13]",5,"[2, 1]",0,0,0,1,1,0,0,0,0,10,29
2024010540579,2024,010540579,517732,163645,-0.31046,51.35968,2,"[3, 2]",3,18:27,-1,E09000021,3,2,1,0,1,19,"[6, 2]","[2, 6]",0,0,0,1,1,0,0,0,0,10,29
2024010540581,2024,010540581,517777,178525,-0.30487,51.49341,3,3,3,16:40,-1,E09000018,4,0,1,0,1,"[19, 2]","[5, 0]","[1, 0]",0,0,0,1,0,0,0,0,0,10,29
2024010540584,2024,010540584,534911,177168,-0.05872,51.47739,3,3,3,15:25,-1,E09000028,5,0,1,0,1,8,8,1,0,0,0,1,1,0,0,0,0,10,29
2024010540586,2024,010540586,539254,167777,9e-05,51.39195,2,2,3,20:25,-1,E09000006,4,2,1,0,1,"[9, 19]",5,"[3, 1]",0,0,0,1,0,1,0,0,0,10,29
2024010540590,2024,010540590,528953,169583,-0.14723,51.41061,3,3,3,17:50,-1,E09000024,5,2,1,0,1,"[5, 13]",1,5,0,0,0,1,0,1,0,0,0,10,29
2024010540591,2024,010540591,535595,182115,-0.04698,51.52168,3,3,6,18:30,-1,E09000030,3,2,1,1,1,99,9,9,99,9,99,1,1,0,0,0,0,10,18
2024010540594,2024,010540594,536929,181070,-0.02817,51.51197,3,3,4,00:00,-1,E09000030,3,2,1,0,1,99,9,9,99,9,99,0,0,1,0,0,0,10,30
2024010540598,2024,010540598,530986,192074,-0.10966,51.61227,2,"[3, 2]",4,00:00,-1,E09000010,3,2,1,0,1,"[19, 9]","[3, 7]","[7, 5]",0,0,0,1,0,0,0,0,0,10,30
2024010540600,2024,010540600,526800,181314,-0.17396,51.51653,3,3,3,06:50,-1,E09000033,3,2,1,0,1,99,9,9,99,9,99,1,0,1,0,0,0,10,29
2024010540602,2024,010540602,548807,187375,0.14554,51.56562,3,3,3,20:03,-1,E09000002,3,2,1,0,1,"[9, 19]",5,"[2, 1]",0,0,0,1,0,1,0,0,0,10,29
2024010540604,2024,010540604,533417,178499,-0.07972,51.48971,2,2,4,03:15,-1,E09000028,3,2,1,0,1,"[2, -1]","[0, 5]","[0, 1]","[0, 4]",0,0,1,1,0,0,0,0,10,30
2024010540608,2024,010540608,532214,178538,-0.09702,51.49034,3,3,4,07:06,-1,E09000028,3,0,1,0,1,99,9,9,99,9,99,1,0,1,0,0,0,10,30
2024010540613,2024,010540613,523817,165622,-0.22242,51.37616,3,3,3,14:35,-1,E09000029,3,0,1,0,1,19,"[5, 7]","[1, 3]",0,0,0,1,1,0,0,0,0,10,29
2024010540616,2024,010540616,533424,190610,-0.07503,51.59854,3,3,2,18:30,-1,E09000014,3,0,1,0,1,99,9,9,99,9,99,1,0,1,0,0,0,10,28
2024010540617,2024,010540617,529628,193843,-0.12861,51.62848,3,3,3,15:00,-1,E09000010,6,0,9,-1,1,99,9,9,99,9,99,1,0,1,0,0,0,10,29
2024010540626,2024,010540626,529943,188826,-0.12592,51.58332,3,3,3,16:30,-1,E09000014,6,0,1,0,1,99,9,9,"[0, 99]",0,0,1,0,1,0,0,0,10,29
2024010540640,2024,010540640,532251,182928,-0.09484,51.52978,3,3,4,08:15,-1,E09000012,6,0,1,0,1,99,9,9,99,9,99,0,1,1,0,0,0,10,30
2024010540642,2024,010540642,525216,171328,-0.20031,51.42713,3,3,3,16:25,-1,E09000024,4,0,9,-1,1,99,9,9,99,9,99,1,0,1,0,0,0,10,29
2024010540646,2024,010540646,541597,184244,0.04033,51.53934,3,3,5,09:20,-1,E09000025,4,0,1,0,1,99,9,9,99,9,99,1,1,0,0,0,0,10,24
2024010540650,2024,010540650,507064,178402,-0.45916,51.49443,3,3,2,16:35,-1,E09000017,3,0,1,0,1,99,9,9,99,9,99,1,1,0,0,0,0,10,28
2024010540652,2024,010540652,529954,184943,-0.12719,51.54842,3,3,5,15:10,-1,E09000019,6,0,9,0,1,"[2, 99]","[0, 9]","[0, 9]",99,9,99,1,0,0,0,0,0,10,24
2024010540654,2024,010540654,536990,187833,-0.02466,51.57273,3,3,4,12:00,-1,E09000031,6,0,2,0,1,"[9, 19]","[3, 2]","[2, 6]",0,0,0,1,0,1,0,0,0,10,30
2024010540655,2024,010540655,536167,199991,-0.0318,51.68218,3,3,6,11:20,-1,E09000010,1,0,1,-1,1,99,9,9,99,9,99,1,0,0,0,0,0,9,27
2024010540659,2024,010540659,525495,179618,-0.19336,51.50158,2,2,4,10:22,-1,E09000020,6,0,1,0,1,1,3,7,0,0,0,1,0,0,0,0,1,10,30
2024010540663,2024,010540663,537441,169891,-0.02514,51.41139,3,3,4,11:30,-1,E09000006,3,0,1,0,1,99,9,9,99,9,99,1,0,0,0,0,1,10,30
2024010540666,2024,010540666,533664,187144,-0.07288,51.56734,3,3,4,10:40,-1,E09000012,3,0,1,0,1,"[8, 7]","[1, 2]","[4, 3]",0,0,0,1,1,0,0,0,0,10,30
2024010540668,2024,010540668,523523,177654,-0.22245,51.48436,3,3,2,17:00,-1,E09000013,6,0,9,-1,1,99,9,9,99,9,99,1,0,1,0,0,0,10,28
2024010540670,2024,010540670,525794,170044,-0.19246,51.41547,3,3,4,11:44,-1,E09000024,3,0,1,0,1,99,9,9,99,9,99,1,0,0,1,0,0,10,30
2024010540671,2024,010540671,530529,181466,-0.12019,51.51704,3,3,4,13:28,-1,E09000007,3,0,1,0,1,4,5,1,0,0,0,0,0,0,1,0,0,10,30
2024010540675,2024,010540675,529559,186738,-0.13223,51.56464,3,3,4,12:15,-1,E09000019,3,0,8,0,1,"[9, 4]","[8, 4]","[6, 8]",0,0,0,1,0,1,0,0,0,10,30
2024010540676,2024,010540676,535536,180608,-0.04841,51.50816,3,3,7,22:37,-1,E09000030,3,2,1,0,2,99,"[1, 5]","[5, 1]",99,9,99,1,0,0,0,0,0,10,26
2024010540679,2024,010540679,525415,185218,-0.19252,51.55192,3,3,3,13:40,-1,E09000007,4,0,8,0,1,"[99, 19]","[9, 3]","[9, 7]",99,9,"[99, 0]",1,0,0,0,0,0,10,29
2024010540680,2024,010540680,523637,178432,-0.22053,51.49133,1,1,4,12:48,-1,E09000013,3,0,1,0,1,7,5,7,0,0,0,1,0,0,0,0,1,10,30
2024010540682,2024,010540682,531441,187816,-0.10469,51.5739,3,3,2,17:30,-1,E09000014,4,2,2,1,1,99,9,9,99,9,99,0,0,1,0,0,0,10,28
2024010540689,2024,010540689,534453,180709,-0.06396,51.50932,2,2,4,16:07,-1,E09000030,3,0,1,0,1,"[19, 9]","[7, 3]","[3, 1]",0,0,0,1,0,1,0,0,0,10,30
2024010540694,2024,010540694,538139,175412,-0.01295,51.46083,3,3,2,15:40,-1,E09000023,3,0,1,1,1,99,9,9,99,9,99,1,1,0,0,0,0,10,28
2024010540695,2024,010540695,521232,192001,-0.25048,51.61379,3,3,4,13:05,-1,E09000003,3,0,1,0,1,"[5, 3]",3,7,0,0,0,1,0,0,0,0,0,10,30
2024010540701,2024,010540701,542253,175456,0.04624,51.46021,3,3,2,06:40,-1,E09000011,5,2,1,0,1,99,9,9,99,9,99,1,1,0,0,0,0,10,21
2024010540703,2024,010540703,529017,186181,-0.14025,51.55976,3,3,3,08:10,-1,E09000019,5,0,1,0,1,99,9,9,99,9,99,1,1,0,0,0,0,10,29
2024010540704,2024,010540704,539453,167024,0.00265,51.38514,3,3,4,15:34,-1,E09000006,4,0,1,0,1,"[9, 15]","[6, 4]","[4, 8]",0,0,0,1,0,1,0,0,0,10,30
2024010540711,2024,010540711,541684,169331,0.03561,51.40532,3,3,1,11:00,-1,E09000006,6,0,2,1,1,99,9,9,99,9,99,1,0,0,0,0,0,10,20
2024010540713,2024,010540713,511770,187789,-0.38842,51.57789,3,3,4,16:48,-1,E09000015,5,0,1,0,1,"[3, -1]",3,7,0,0,0,1,0,0,0,0,0,10,30
2024010540726,2024,010540726,547338,185715,0.12367,51.55109,3,3,4,15:52,-1,E09000002,3,0,1,0,1,19,"[5, 1]","[1, 5]",0,0,0,1,0,1,0,0,0,10,30
2024010540732,2024,010540732,533832,184291,-0.07155,51.54166,3,3,3,17:20,-1,E09000012,6,2,8,0,1,99,9,9,99,9,99,1,1,0,0,0,0,10,29
2024010540735,2024,010540735,525988,185149,-0.18429,51.55117,3,3,4,17:30,-1,E09000007,3,0,1,0,1,19,5,1,0,0,0,1,0,1,0,0,0,10,30
2024010540737,2024,010540737,543874,182453,0.07241,51.52267,3,3,4,18:00,-1,E09000025,3,2,1,0,1,99,9,9,99,9,99,1,0,0,0,0,0,10,30
2024010540746,2024,010540746,534277,170172,-0.0705,51.41467,2,2,4,20:00,-1,E09000006,3,2,1,0,1,"[5, 19]","[2, 8]","[6, 4]",0,0,0,1,1,0,0,0,0,10,30
2024010540753,2024,010540753,504729,174877,-0.49382,51.46319,2,2,4,19:30,-1,E09000017,3,2,1,0,2,19,"[5, 3]","[1, 7]",0,0,0,1,1,0,0,0,0,10,30
2024010540756,2024,010540756,541318,172234,0.03151,51.43149,3,3,4,17:20,-1,E09000023,4,0,1,0,1,"[9, 19]","[7, 3]","[4, 7]",0,"[0, 1]","[0, 11]",1,0,0,0,0,0,10,30
2024010540757,2024,010540757,524086,187409,-0.21091,51.5719,3,3,3,19:59,-1,E09000003,3,2,1,0,1,19,5,1,0,0,0,1,0,1,0,0,0,10,29
2024010540759,2024,010540759,517056,169123,-0.31836,51.40906,2,2,4,16:24,-1,E09000027,3,2,1,0,2,"[6, 14]","[5, 1]",5,0,0,0,1,0,1,0,0,0,10,30
2024010540762,2024,010540762,516502,177469,-0.32357,51.48418,2,2,4,21:45,-1,E09000018,3,2,1,0,1,"[19, 9]","[3, 7]","[7, 4]",0,0,0,1,0,0,0,0,0,10,30
2024010540763,2024,010540763,513395,186261,-0.36547,51.56384,3,3,4,20:05,-1,E09000015,3,2,1,0,1,"[19, 9]","[5, 1]","[1, 7]",0,0,0,1,0,1,0,0,0,10,30
2024010540765,2024,010540765,533510,189002,-0.0744,51.58407,3,3,4,21:20,-1,E09000014,6,2,1,0,1,9,7,4,0,0,0,1,0,0,0,0,1,10,30
2024010540766,2024,010540766,530673,185843,-0.1165,51.55634,3,3,4,22:20,-1,E09000019,3,2,1,0,1,99,9,9,99,9,99,1,0,1,0,0,0,10,30
2024010540768,2024,010540768,527106,195400,-0.16446,51.64304,3,3,4,21:20,-1,E09000003,4,2,1,0,1,"[19, 9]","[3, 1]",7,0,0,0,1,0,1,0,0,0,10,30
2024010540770,2024,010540770,548595,188113,0.1428,51.57231,3,3,4,15:20,-1,E09000002,3,0,1,0,1,3,1,5,0,0,0,1,0,0,0,0,1,10,30
2024010540771,2024,010540771,531058,184018,-0.11163,51.53985,3,3,4,15:55,-1,E09000019,6,0,1,0,1,99,9,9,99,9,99,1,0,0,1,0,0,10,30
2024010540772,2024,010540772,536339,182695,-0.03604,51.52672,2,2,4,22:50,-1,E09000030,3,2,1,0,1,"[19, 6]",1,"[5, 1]",0,0,0,1,0,1,0,0,0,10,30
2024010540775,2024,010540775,521274,189900,-0.2506,51.5949,3,3,5,00:28,-1,E09000003,5,2,1,0,1,"[9, 19]","[3, 7]","[1, 3]",0,0,0,1,1,0,0,0,0,10,31
2024010540776,2024,010540776,523829,177346,-0.21815,51.48152,3,3,5,00:10,-1,E09000013,3,2,1,0,1,19,1,5,7,0,0,0,0,1,0,0,0,10,31
2024010540777,2024,010540777,537929,190935,-0.0099,51.60037,3,3,5,00:06,-1,E09000031,3,2,1,0,1,99,9,9,99,9,99,1,0,0,0,0,0,10,31
2024010540781,2024,010540781,541626,184044,0.04067,51.53754,2,2,5,04:59,-1,E09000025,4,2,1,0,1,19,2,6,7,0,0,0,0,0,0,0,0,10,31
2024010540782,2024,010540782,528182,167877,-0.15892,51.39546,3,3,5,05:43,-1,E09000024,3,2,1,0,1,"[6, 19]",1,"[1, 5]",0,0,0,1,0,1,0,0,0,10,31
2024010540788,2024,010540788,537294,181640,-0.02269,51.517,3,3,1,19:10,-1,E09000030,6,2,1,0,1,"[99, 19]","[9, 1]","[9, 5]",99,"[9, 0]","[99, 0]",1,1,0,0,0,0,10,13
2024010540791,2024,010540791,533911,173996,-0.07431,51.44912,2,2,5,08:30,-1,E09000028,3,0,1,0,1,4,1,5,0,0,0,0,0,1,0,0,0,10,31
2024010540792,2024,010540792,555668,186631,0.24412,51.55709,3,3,4,13:40,-1,E09000016,3,0,9,-1,1,99,9,9,99,9,99,1,0,1,0,0,0,10,30
2024010540799,2024,010540799,523358,183276,-0.22286,51.53492,3,3,5,09:35,-1,E09000005,6,0,1,0,1,"[15, 4]",5,1,0,0,0,1,0,1,0,0,0,10,31
2024010540800,2024,010540800,544408,188137,0.08243,51.57361,3,3,5,09:25,-1,E09000026,3,0,1,0,1,"[4, 7]",3,"[7, 4]",0,"[0, 1]","[0, 11]",1,0,0,1,0,0,10,31
2024010540817,2024,010540817,546813,175660,0.11192,51.46088,3,3,5,12:00,-1,E09000004,6,0,1,0,1,"[2, 5]","[0, 5, 3]","[0, 1, 7]",0,0,0,1,0,0,0,0,0,10,31
2024010540818,2024,010540818,550943,188644,0.17688,51.57646,3,3,4,16:40,-1,E09000016,3,0,9,-1,1,99,9,9,99,9,99,1,0,1,0,0,0,10,30
2024010540821,2024,010540821,515062,188332,-0.34076,51.58211,3,3,5,09:15,-1,E09000015,5,0,1,0,1,99,9,9,99,9,99,1,0,0,0,0,0,10,31
2024010540822,2024,010540822,526053,178014,-0.1859,51.48704,3,3,5,10:04,-1,E09000020,6,0,1,0,1,9,3,1,0,0,0,1,0,0,0,0,1,10,31
2024010540824,2024,010540824,533449,189882,-0.07495,51.59199,3,3,4,13:26,-1,E09000014,6,0,9,-1,1,99,9,9,99,9,99,1,0,1,0,0,0,10,30
2024010540826,2024,010540826,525339,190894,-0.19159,51.60295,3,3,6,06:30,-1,E09000003,3,2,1,0,1,99,9,9,99,9,99,1,0,0,0,0,0,10,25
2024010540827,2024,010540827,531413,189750,-0.10437,51.59128,3,3,5,11:07,-1,E09000014,3,0,1,0,1,"[13, 19]",1,5,0,"[0, 1]",0,0,1,0,1,0,0,10,31
2024010540828,2024,010540828,525745,176973,-0.1907,51.47775,3,3,5,09:17,-1,E09000013,3,0,1,0,1,"[5, 19]","[1, 7]","[5, 3]",0,3,0,1,1,0,0,0,0,10,31
2024010540830,2024,010540830,519078,183881,-0.28433,51.54128,3,3,5,08:50,-1,E09000005,5,0,1,0,1,"[9, 19]","[1, 5]","[6, 1]",0,0,0,1,0,0,0,0,0,10,31
2024010540831,2024,010540831,535277,181989,-0.05161,51.52063,3,3,5,12:35,-1,E09000030,3,0,1,0,1,"[5, 19]",5,1,0,0,0,1,0,1,0,0,0,10,31
2024010540833,2024,010540833,531926,166572,-0.10562,51.38287,3,3,7,12:00,-1,E09000008,6,0,1,0,1,99,9,9,99,9,99,1,0,0,0,0,1,10,26
2024010540835,2024,010540835,532720,167850,-0.09374,51.39417,3,3,5,12:28,-1,E09000008,3,0,1,0,1,4,5,1,0,0,0,1,0,0,0,0,0,10,31
2024010540836,2024,010540836,521214,189110,-0.25174,51.58782,3,3,5,10:40,-1,E09000003,3,0,1,0,1,14,1,5,0,0,0,0,0,1,0,0,1,10,31
2024010540838,2024,010540838,511195,185457,-0.39745,51.55705,3,3,5,11:19,-1,E09000017,5,0,1,0,1,19,1,5,0,0,0,0,0,1,0,0,1,10,31
2024010540841,2024,010540841,529385,176269,-0.13858,51.4706,3,3,4,16:48,-1,E09000022,3,0,1,0,1,99,9,9,99,9,99,0,0,1,0,0,1,10,30
2024010540843,2024,010540843,520894,195255,-0.25424,51.64311,3,3,4,16:25,-1,E09000003,3,0,1,0,2,19,"[7, 3]","[3, 7]",0,0,0,1,0,0,0,0,0,10,30
2024010540846,2024,010540846,542437,189401,0.05452,51.58547,2,2,5,14:30,-1,E09000026,3,0,1,0,2,"[7, 19]",1,"[3, 5]",0,0,0,1,0,1,0,0,0,10,31
2024010540852,2024,010540852,531363,182159,-0.10792,51.52308,3,3,5,08:20,-1,E09000019,3,0,1,0,1,99,9,9,99,9,99,0,1,0,1,0,0,10,31
2024010540853,2024,010540853,539747,178278,0.01131,51.48619,3,3,5,10:57,-1,E09000011,3,0,1,0,1,4,7,3,0,0,0,0,0,0,1,0,1,10,31
2024010540856,2024,010540856,529837,176763,-0.13189,51.47494,3,3,4,20:30,-1,E09000022,3,2,1,0,1,99,9,9,99,9,99,1,0,0,0,0,0,10,30
2024010540859,2024,010540859,515611,186217,-0.33353,51.56299,3,3,5,10:15,-1,E09000015,3,0,9,-1,1,99,9,9,99,9,99,1,0,1,0,0,0,10,31
2024010540865,2024,010540865,522749,189083,-0.22961,51.58724,3,3,5,14:22,-1,E09000003,6,0,1,0,1,99,9,9,99,9,99,1,0,0,0,0,1,10,31
2024010540870,2024,010540870,532146,182886,-0.09637,51.52943,3,3,5,15:20,-1,E09000019,3,0,1,0,1,15,8,4,0,0,0,0,0,1,0,0,1,10,31
2024010540872,2024,010540872,506550,181446,-0.46564,51.52189,3,3,5,16:02,-1,E09000017,5,0,1,0,1,"[3, 9]",1,"[5, 6]",0,0,0,1,0,1,0,0,0,10,31
2024010540878,2024,010540878,531918,179039,-0.10109,51.49491,3,3,5,15:30,-1,E09000028,3,0,8,0,1,"[19, 5]",5,1,0,0,0,1,1,0,0,0,0,10,31
2024010540882,2024,010540882,518115,184762,-0.29791,51.5494,3,3,4,11:30,-1,E09000005,3,0,9,-1,1,99,9,9,99,9,99,1,0,1,0,0,0,10,30
2024010540884,2024,010540884,520787,185970,-0.25898,51.55969,3,3,5,16:50,-1,E09000005,6,2,1,0,1,"[19, 2]","[8, 4, 0]","[4, 8, 0]","[0, 4]",0,0,1,0,0,0,0,0,10,31
2024010540887,2024,010540887,533756,174255,-0.07644,51.45149,2,2,5,16:03,-1,E09000028,3,0,1,0,1,"[19, 2]","[1, 0]","[5, 0]",0,0,0,1,0,0,0,0,1,10,31
2024010540890,2024,010540890,523950,186173,-0.2133,51.56083,3,3,5,15:53,-1,E09000003,6,0,1,0,1,"[7, 19]",8,"[2, 4]",0,1,0,1,0,1,0,0,0,10,31
2024010540893,2024,010540893,532172,164946,-0.10269,51.3682,3,3,4,17:52,-1,E09000008,4,2,1,0,1,99,9,9,99,"[0, 9]","[0, 99]",1,0,0,0,0,0,10,30
2024010540895,2024,010540895,520454,168420,-0.26976,51.40203,3,3,5,16:00,-1,E09000021,3,2,9,-1,1,99,9,9,99,9,99,1,0,1,0,0,0,10,31
2024010540900,2024,010540900,538129,177320,-0.01235,51.47798,2,"[2, 3]",2,19:55,-1,E09000011,3,2,8,1,1,99,9,9,99,9,99,0,0,0,0,1,1,10,28
2024010540901,2024,010540901,523201,179643,-0.22639,51.5023,2,2,5,18:10,-1,E09000013,3,2,1,0,1,"[6, 19]",7,"[2, 3]",0,1,0,1,1,0,0,0,0,10,31
2024010540903,2024,010540903,550928,187609,0.17622,51.56716,3,3,2,17:15,-1,E09000016,5,0,1,0,1,"[99, 19]",9,9,99,9,99,1,0,0,0,0,0,7,1
2024010540907,2024,010540907,510403,189056,-0.40774,51.58955,2,2,5,17:05,-1,E09000017,4,2,1,0,1,"[19, 9]","[7, 8]","[2, 7]",0,0,0,1,0,1,0,0,0,10,31
2024010540912,2024,010540912,526375,185758,-0.17849,51.55656,3,3,5,16:30,-1,E09000007,3,2,1,0,1,5,5,1,0,0,0,1,0,0,0,0,1,10,31
2024010540913,2024,010540913,507881,182532,-0.44613,51.5314,3,3,5,18:08,-1,E09000017,6,2,1,0,1,99,9,9,99,9,99,1,1,0,0,0,0,10,31
2024010540917,2024,010540917,517821,182732,-0.30283,51.53121,3,3,5,16:15,-1,E09000009,3,0,1,0,1,"[3, 19]",3,7,"[0, 99]",9,99,1,0,0,0,0,0,10,31
2024010540921,2024,010540921,526824,183697,-0.17276,51.53794,3,3,5,18:48,-1,E09000033,6,2,1,0,1,"[19, 2]","[3, 0]","[7, 0]",0,0,0,1,0,1,0,0,0,10,31
2024010540922,2024,010540922,535647,194283,-0.04153,51.63101,3,3,5,17:18,-1,E09000010,6,2,1,0,1,"[19, 5]",5,1,0,0,0,1,1,0,0,0,0,10,31
2024010540924,2024,010540924,515557,170989,-0.33929,51.42614,3,3,5,17:32,-1,E09000027,3,2,8,0,1,99,9,9,99,9,99,1,1,0,0,0,0,10,31
2024010540933,2024,010540933,533935,183661,-0.0703,51.53597,3,3,5,19:52,-1,E09000012,4,2,1,0,1,"[4, 7]","[1, 3]",5,0,0,0,1,0,0,0,0,0,10,31
2024010540936,2024,010540936,511112,178824,-0.40074,51.49745,3,3,5,19:35,-1,E09000018,5,2,1,0,1,3,1,5,0,0,0,0,0,0,1,0,0,10,31
2024010540938,2024,010540938,550871,187412,0.17531,51.56541,3,3,5,20:02,-1,E09000016,3,2,1,0,1,"[19, 5]",7,3,0,0,0,1,0,1,0,0,0,10,31
2024010540939,2024,010540939,521445,190037,-0.24809,51.5961,3,3,5,21:20,-1,E09000003,5,2,1,0,1,10,5,4,0,0,0,1,0,0,0,0,1,10,31
2024010540940,2024,010540940,529243,184112,-0.13775,51.54112,3,3,5,17:15,-1,E09000007,3,2,9,-1,1,"[19, 99]","[3, 9]","[7, 9]",99,"[0, 9]","[0, 99]",1,0,0,0,0,0,10,31
2024010540941,2024,010540941,544682,179053,0.08265,51.49192,3,3,5,18:25,-1,E09000011,3,2,1,0,1,19,"[7, 1]","[3, 5]",0,0,0,1,0,1,0,0,0,10,31
2024010540943,2024,010540943,546533,185781,0.11209,51.55189,3,3,5,18:00,-1,E09000002,3,2,4,0,1,99,9,9,"[99, 8]",9,99,1,1,0,0,0,0,10,31
2024010540944,2024,010540944,524618,168612,-0.20986,51.40286,3,3,5,21:18,-1,E09000024,4,2,9,0,1,19,3,7,0,0,0,0,0,0,0,0,1,10,31
2024010540945,2024,010540945,540445,187102,0.02487,51.56531,3,3,5,15:48,-1,E09000026,3,0,1,0,1,"[3, 9]","[1, 3]","[5, 8]",0,0,0,1,0,0,0,0,0,10,31
2024010540946,2024,010540946,530369,181145,-0.12262,51.5142,3,3,4,20:50,-1,E09000033,4,2,1,0,1,99,9,9,99,9,99,1,1,0,0,0,0,10,30
2024010540954,2024,010540954,533158,159762,-0.09047,51.32139,3,3,5,21:00,-1,E09000008,3,2,1,0,1,4,1,5,0,0,0,1,0,0,0,0,0,10,31
2024010540958,2024,010540958,529126,180388,-0.1408,51.50768,3,3,5,18:00,-1,E09000033,3,2,1,0,1,4,3,7,0,0,0,0,0,0,1,0,1,10,31
2024010540960,2024,010540960,551570,187482,0.18542,51.56585,3,3,5,19:40,-1,E09000016,3,0,1,0,1,7,3,5,0,0,0,1,0,1,0,0,0,10,31
2024010540965,2024,010540965,530463,178523,-0.12223,51.49061,3,3,5,22:48,-1,E09000022,3,2,1,0,1,"[4, 13]",1,5,0,0,0,1,0,1,0,0,0,10,31
2024010540966,2024,010540966,538376,183673,-0.00631,51.53501,3,3,5,20:04,-1,E09000025,3,2,1,1,2,"[19, 3]",7,3,10,0,0,1,0,1,0,0,0,10,31
2024010540968,2024,010540968,526255,166404,-0.18713,51.38265,3,3,5,23:14,-1,E09000029,4,2,1,0,1,99,9,9,99,9,99,1,0,1,0,0,0,10,31
2024010540972,2024,010540972,533252,179275,-0.0818,51.49672,2,2,5,18:47,-1,E09000028,3,2,1,0,1,14,1,5,0,0,0,0,0,1,0,0,1,10,31
2024010540976,2024,010540976,541303,183154,0.03566,51.52962,3,3,6,01:14,-1,E09000025,3,2,1,0,1,"[19, 2]","[1, 0, 3, 5]","[5, 0, 7, 1]",0,0,0,1,0,0,0,0,0,11,1
2024010540978,2024,010540978,531021,192071,-0.10916,51.61223,3,3,5,09:30,-1,E09000010,3,0,1,0,1,99,9,9,99,9,99,1,0,0,0,0,0,10,31
2024010540980,2024,010540980,536056,198553,-0.03397,51.66928,3,3,5,22:31,-1,E09000010,6,2,1,0,1,"[1, 2]","[1, 0]","[5, 0]","[4, 0]",0,0,1,0,0,0,0,0,10,31
2024010540982,2024,010540982,514505,176520,-0.35263,51.47606,3,3,5,16:14,-1,E09000018,4,0,1,0,1,"[19, 15]",3,7,"[0, 99]","[9, 0]","[99, 0]",1,1,0,0,0,0,10,31
2024010540983,2024,010540983,524960,174606,-0.20284,51.45665,3,3,6,02:59,-1,E09000032,3,2,1,0,1,19,"[7, 3]","[3, 7]",0,0,0,1,0,0,0,0,0,11,1
2024010540984,2024,010540984,532977,187726,-0.08257,51.57273,2,2,5,19:35,-1,E09000012,5,2,1,0,1,"[2, 19]","[0, 1]","[0, 5]",0,0,0,1,0,1,0,0,0,10,31
2024010540985,2024,010540985,533471,176739,-0.07961,51.47388,2,2,6,02:30,-1,E09000028,3,2,1,0,1,19,3,7,0,0,0,1,1,0,0,0,0,11,1
2024010540986,2024,010540986,536637,188090,-0.02965,51.57512,3,3,3,10:45,-1,E09000031,3,0,1,0,1,99,9,9,99,9,99,1,1,0,0,0,0,10,29
2024010540995,2024,010540995,536891,182697,-0.02808,51.5266,3,3,6,01:48,-1,E09000030,3,2,1,0,1,"[19, 10]","[3, 7]","[7, 4]",0,0,0,1,1,0,0,0,0,11,1
2024010540997,2024,010540997,527104,178380,-0.17064,51.49009,3,3,3,17:25,-1,E09000020,4,0,1,0,1,99,9,9,0,0,0,1,0,0,0,0,1,9,17
2024010541002,2024,010541002,538152,180731,-0.01069,51.50863,2,2,5,19:45,-1,E09000030,5,2,1,0,1,19,3,7,0,0,0,1,0,0,0,0,1,10,31
2024010541003,2024,010541003,531476,183048,-0.10596,51.53104,3,3,6,09:00,-1,E09000019,3,0,1,0,1,99,9,9,99,9,99,0,1,0,1,0,0,11,1
2024010541004,2024,010541004,549641,179022,0.15402,51.49035,3,3,5,16:20,-1,E09000004,5,0,1,0,1,99,9,9,99,9,99,1,0,0,0,0,0,10,31
2024010541005,2024,010541005,528040,182127,-0.15581,51.52355,3,3,6,08:25,-1,E09000033,6,0,1,0,1,19,3,7,0,1,11,1,0,0,0,0,0,11,1
2024010541006,2024,010541006,530544,169889,-0.12425,51.413,3,3,5,18:42,-1,E09000008,3,2,1,0,1,"[11, 19]",9,9,99,9,99,1,1,0,0,0,0,10,31
2024010541009,2024,010541009,531974,172061,-0.10289,51.43219,2,2,6,09:05,-1,E09000022,3,0,1,0,1,"[7, 5]",5,"[8, 1]",0,0,0,1,1,0,0,0,0,11,1
2024010541013,2024,010541013,530618,190756,-0.11546,51.60051,3,3,5,11:00,-1,E09000014,3,0,9,-1,1,99,9,9,99,9,99,1,0,1,0,0,0,10,31