collision_index,collision_year,collision_ref_no,location_easting_osgr,location_northing_osgr,longitude,latitude,casualty_severity,casualty_severity,day_of_week,time,local_authority_district,local_authority_ons_district,first_road_class,light_conditions,weather_conditions,road_surface_conditions,urban_or_rural_area,vehicle_manoeuvre,vehicle_direction_from,vehicle_direction_to,hit_object_in_carriageway,vehicle_leaving_carriageway,hit_object_off_carriageway,is_car,is_cyle,is_mcyle,is_goodsv,is_other,is_pedestrian,month,day
2024010541944,2024,010541944,519588,166047,-0.283,51.38089,2,2,4,14:49,-1,E09000021,3,0,1,0,1,-1,3,7,0,0,0,0,0,0,1,0,0,11,6
2024010541945,2024,010541945,534294,186312,-0.06412,51.55971,3,3,3,17:20,-1,E09000012,6,0,9,-1,1,99,9,9,99,9,99,1,0,1,0,0,0,11,5
2024010541952,2024,010541952,531518,167110,-0.11128,51.3878,3,3,3,17:10,-1,E09000008,3,0,9,-1,1,99,9,9,99,9,99,1,0,1,0,0,0,11,5
2024010541956,2024,010541956,534129,181523,-0.06832,51.51671,3,3,3,06:15,-1,E09000030,3,2,1,0,1,99,9,9,99,9,99,1,0,1,0,0,0,11,5
2024010541964,2024,010541964,518289,187002,-0.29465,51.56949,3,3,4,14:00,-1,E09000005,5,0,1,0,1,19,"[1, 3]","[5, 7]",0,0,0,1,0,0,1,0,0,11,6
2024010541967,2024,010541967,531657,178400,-0.10509,51.48923,3,3,6,20:15,-1,E09000022,3,2,1,0,1,99,9,9,99,9,99,1,0,0,0,0,0,11,1
2024010541970,2024,010541970,535132,181621,-0.05384,51.51735,3,3,4,16:30,-1,E09000030,5,0,1,0,1,"[19, 2]","[5, 0]","[1, 0]",0,"[1, 0]","[11, 0]",1,0,0,0,0,1,11,6
2024010541971,2024,010541971,512134,182712,-0.38479,51.53219,3,3,4,17:06,-1,E09000009,6,2,1,0,1,"[4, 7]","[5, 3]","[1, 5]",0,0,0,1,0,0,0,0,0,11,6
2024010541972,2024,010541972,538842,181206,-0.00056,51.51273,3,3,3,17:38,-1,E09000030,3,2,1,0,1,99,9,9,99,9,99,1,0,0,0,0,0,11,5
2024010541973,2024,010541973,525364,172582,-0.19774,51.43837,3,3,3,21:08,-1,E09000024,6,2,1,0,1,99,9,9,99,9,99,1,0,0,0,0,0,11,5
2024010541976,2024,010541976,534153,183127,-0.06736,51.53112,3,3,3,18:08,-1,E09000012,3,2,1,0,1,99,9,9,99,9,99,1,1,0,0,0,0,11,5
2024010541982,2024,010541982,542206,184925,0.04938,51.54531,3,3,4,18:13,-1,E09000025,3,2,1,0,1,99,9,9,99,9,99,1,0,0,0,0,1,11,6
2024010541984,2024,010541984,525489,164540,-0.19879,51.36607,3,3,4,17:25,-1,E09000029,6,2,1,0,1,"[2, 19]","[0, 5]","[0, 1]",0,0,0,1,0,1,0,0,0,11,6
2024010541987,2024,010541987,538965,170964,-0.00282,51.42066,3,3,4,18:44,-1,E09000023,6,2,7,1,1,5,6,2,0,0,0,0,0,1,0,0,0,11,6
2024010541989,2024,010541989,542428,177197,0.04946,51.47581,3,3,4,14:45,-1,E09000011,6,0,1,1,1,"[4, 19]",6,2,0,0,0,0,0,1,1,0,0,11,6
2024010541994,2024,010541994,546241,192007,0.11047,51.60791,3,3,4,19:05,-1,E09000026,5,2,1,1,1,5,0,5,0,0,0,0,0,0,1,0,0,11,6
2024010541995,2024,010541995,528505,178772,-0.15033,51.4933,3,3,4,18:37,-1,E09000033,5,2,1,0,1,"[9, 19]","[5, 1]","[3, 5]",0,0,0,1,1,0,0,0,0,11,6
2024010541996,2024,010541996,526924,175151,-0.17439,51.46111,3,3,4,17:35,-1,E09000032,3,2,1,0,1,"[19, 9]","[2, 6]","[6, 4]",0,"[1, 0]",0,1,0,1,0,0,0,11,6
2024010542004,2024,010542004,526133,167262,-0.18858,51.39039,3,3,4,17:40,-1,E09000024,3,0,1,0,1,"[9, 19]","[7, 3]","[5, 7]",0,0,0,1,0,1,0,0,0,11,6
2024010542011,2024,010542011,545629,166229,0.09102,51.37644,3,3,4,16:07,-1,E09000006,6,0,9,0,1,99,9,9,99,9,99,1,0,0,0,0,0,11,6
2024010542014,2024,010542014,530379,167111,-0.12764,51.38807,3,3,4,19:30,-1,E09000008,3,2,1,1,1,"[9, 10]","[3, 5]","[8, 2]",0,0,0,1,0,0,0,0,0,11,6
2024010542019,2024,010542019,525921,173403,-0.18944,51.44563,3,3,4,18:15,-1,E09000032,3,2,1,0,1,"[9, 15]","[5, 1]","[3, 5]",0,0,0,1,1,0,0,0,0,11,6
2024010542021,2024,010542021,533192,178068,-0.08312,51.48589,3,3,4,19:30,-1,E09000028,6,2,1,0,1,"[13, 6]",4,"[8, 4]",0,7,0,1,1,0,0,0,0,11,6
2024010542029,2024,010542029,539550,178606,0.0086,51.48919,3,3,4,23:30,-1,E09000011,3,2,1,0,1,5,5,1,0,0,0,1,0,0,0,0,1,11,6
2024010542031,2024,010542031,537098,183362,-0.02484,51.53253,3,3,4,23:03,-1,E09000030,4,2,1,0,1,99,9,9,99,9,99,1,0,0,0,0,1,11,6
2024010542033,2024,010542033,531013,175284,-0.11552,51.46138,2,2,4,18:15,-1,E09000022,3,0,1,0,1,9,3,2,0,0,0,0,1,0,0,0,1,11,6
2024010542034,2024,010542034,529154,185878,-0.13838,51.55701,3,3,4,20:10,-1,E09000019,3,2,1,1,1,"[9, 3]",1,"[7, 5]",0,0,0,1,1,0,0,0,0,11,6
2024010542035,2024,010542035,532185,166640,-0.10188,51.38342,2,"[3, 2]",5,00:20,-1,E09000008,3,2,2,1,1,19,"[7, 3]","[3, 7]",0,0,0,1,0,1,0,0,1,11,7
2024010542037,2024,010542037,520319,188654,-0.26481,51.58391,1,1,5,00:27,-1,E09000005,3,2,1,0,1,19,8,4,0,0,0,1,0,0,0,0,1,11,7
2024010542039,2024,010542039,527653,171769,-0.16512,51.43055,3,3,4,20:30,-1,E09000032,3,2,1,0,1,"[9, 19]","[1, 5]","[8, 1]",0,0,0,1,1,0,0,0,0,11,6
2024010542041,2024,010542041,556362,189100,0.25522,51.57908,3,3,4,22:13,-1,E09000016,6,2,1,1,2,19,"[2, 6]","[6, 2]",0,0,0,1,0,0,0,0,0,11,6
2024010542046,2024,010542046,507424,178502,-0.45394,51.49526,2,2,5,04:55,-1,E09000017,1,2,1,0,1,19,5,1,0,0,0,1,0,0,0,0,0,11,7
2024010542055,2024,010542055,535037,184981,-0.05392,51.54757,3,3,5,08:04,-1,E09000012,6,0,1,0,1,19,7,3,0,0,0,0,0,0,1,0,1,11,7
2024010542060,2024,010542060,522330,173790,-0.24095,51.44989,3,3,5,06:45,-1,E09000032,3,0,1,1,1,"[9, 19]","[6, 2]","[4, 6]",0,0,0,1,1,0,0,0,0,11,7
2024010542063,2024,010542063,539151,176948,0.00221,51.47439,3,3,5,08:25,-1,E09000011,6,0,2,1,1,4,1,5,0,0,0,0,1,0,0,0,0,11,7
2024010542067,2024,010542067,531566,184785,-0.10402,51.54663,3,3,5,09:15,-1,E09000019,3,0,1,0,1,"[3, 19]",8,4,0,0,0,1,0,0,1,0,1,11,7
2024010542068,2024,010542068,537815,173933,-0.01819,51.44762,3,3,4,17:40,-1,E09000023,3,2,8,0,1,99,9,9,99,9,99,1,0,1,0,0,0,11,6
2024010542081,2024,010542081,526672,182198,-0.17549,51.5245,3,3,4,10:43,-1,E09000033,6,0,1,0,1,14,5,1,0,0,0,1,0,0,0,0,1,11,6
2024010542084,2024,010542084,534945,193845,-0.05184,51.62725,3,3,4,21:55,-1,E09000010,6,2,2,1,1,99,9,9,99,9,99,1,0,0,0,0,0,11,6
2024010542086,2024,010542086,544909,187800,0.08952,51.57045,3,3,4,15:55,-1,E09000026,6,0,9,-1,1,99,9,9,99,9,99,1,0,0,0,0,1,10,23
2024010542097,2024,010542097,530428,158254,-0.13018,51.30847,3,3,5,07:05,-1,E09000008,6,0,2,1,1,99,9,9,99,9,99,1,1,0,0,0,0,11,7
2024010542099,2024,010542099,529190,190585,-0.13613,51.5993,3,3,5,08:15,-1,E09000014,4,0,9,1,1,-1,7,3,0,0,0,1,0,0,0,0,1,11,7
2024010542104,2024,010542104,507294,185097,-0.45381,51.55457,3,3,4,20:55,-1,E09000017,3,2,1,0,1,19,7,3,10,2,7,1,0,0,0,0,0,11,6
2024010542107,2024,010542107,539997,193814,0.02109,51.62573,3,3,4,17:20,-1,E09000026,3,2,9,-1,2,99,9,9,99,9,99,1,0,1,0,0,0,11,6
2024010542111,2024,010542111,513596,173892,-0.36655,51.45263,3,3,5,12:19,-1,E09000027,5,0,1,0,1,4,1,5,0,0,0,1,0,0,0,0,0,11,7
2024010542113,2024,010542113,516362,177292,-0.32565,51.48262,3,3,5,07:35,-1,E09000018,4,0,1,0,1,"[19, 5]",1,5,0,0,0,1,0,0,0,0,0,11,7
2024010542115,2024,010542115,524768,184446,-0.20212,51.54513,3,3,5,08:30,-1,E09000005,3,0,1,0,1,3,5,1,8,0,0,1,0,1,0,0,0,11,7
2024010542116,2024,010542116,535623,170153,-0.05116,51.41418,3,3,5,12:10,-1,E09000006,3,0,1,0,1,4,7,3,0,0,0,0,0,0,1,0,0,11,7
2024010542118,2024,010542118,530817,165838,-0.12182,51.37653,3,3,5,12:07,-1,E09000008,6,0,1,0,1,"[6, 14]",5,"[5, 1]",0,0,0,1,0,1,0,0,0,11,7
2024010542121,2024,010542121,526214,190753,-0.17902,51.60148,3,3,5,08:24,-1,E09000003,6,0,1,0,1,"[2, 19, 7]","[0, 6, 1]","[0, 2]",0,0,0,1,0,0,0,0,0,11,7
2024010542125,2024,010542125,516439,186801,-0.3214,51.56807,3,3,5,09:18,-1,E09000005,3,0,1,0,1,"[9, 14]","[7, 5]","[5, 1]",0,0,0,1,0,1,0,0,0,11,7
2024010542126,2024,010542126,526144,172358,-0.18661,51.43619,2,2,5,13:35,-1,E09000032,3,0,1,0,1,14,5,1,0,1,0,0,1,0,0,0,1,11,7
2024010542131,2024,010542131,531274,189560,-0.10645,51.58961,2,2,5,12:38,-1,E09000014,3,0,1,1,1,19,"[7, 3]","[3, 7]",0,0,0,1,0,1,0,0,1,11,7
2024010542137,2024,010542137,512641,179948,-0.37836,51.50725,3,3,4,14:44,-1,E09000009,3,0,1,0,1,99,9,9,99,9,99,1,1,0,0,0,0,11,6
2024010542146,2024,010542146,549371,190980,0.1552,51.59786,3,3,4,18:00,-1,E09000016,4,2,9,-1,1,99,9,9,0,0,0,1,0,0,0,0,0,11,6
2024010542149,2024,010542149,549493,191004,0.15697,51.59805,3,3,5,15:25,-1,E09000016,4,0,1,0,1,"[9, 14]","[3, 7]","[8, 3]",0,0,0,1,0,1,0,0,0,11,7
2024010542150,2024,010542150,512848,181497,-0.37489,51.52113,3,3,5,15:40,-1,E09000009,5,0,1,0,1,"[7, 15]",1,"[3, 5]",0,0,0,1,1,0,0,0,0,11,7
2024010542151,2024,010542151,554880,190572,0.2345,51.59271,3,3,4,17:20,-1,E09000016,6,2,2,-1,1,99,9,9,99,9,99,1,0,0,0,0,1,11,6
2024010542152,2024,010542152,516067,171548,-0.33178,51.43106,2,2,4,12:25,-1,E09000027,6,0,1,0,1,"[2, 19]","[0, 1]","[0, 5]",8,0,0,1,1,0,0,0,0,11,6
2024010542154,2024,010542154,521348,192127,-0.24877,51.6149,3,3,5,16:32,-1,E09000003,6,2,8,0,1,"[19, 2]","[5, 1, 0]","[1, 5, 0]","[4, 0]",0,0,1,0,0,0,0,0,11,7
2024010542155,2024,010542155,530484,181365,-0.12088,51.51615,3,3,5,14:00,-1,E09000007,6,0,8,0,1,99,9,9,99,9,99,1,1,0,0,0,0,11,7
2024010542164,2024,010542164,519875,166068,-0.27887,51.38101,3,3,5,17:15,-1,E09000021,3,2,1,0,1,"[19, 11]",5,1,0,0,0,1,0,0,0,0,0,11,7
2024010542166,2024,010542166,517989,179175,-0.3016,51.49921,2,2,5,18:30,-1,E09000009,4,2,1,0,1,9,3,8,0,0,0,1,0,1,0,0,0,11,7
2024010542167,2024,010542167,524934,182083,-0.20057,51.52385,3,3,5,16:45,-1,E09000033,3,2,1,0,1,19,3,7,0,0,0,0,0,0,1,0,0,11,7
2024010542168,2024,010542168,519007,175858,-0.28806,51.46918,3,3,5,15:05,-1,E09000027,4,0,1,0,1,99,9,9,99,9,99,1,0,1,0,0,0,11,7
2024010542172,2024,010542172,525313,188813,-0.19271,51.58425,3,3,5,12:30,-1,E09000003,6,0,9,-1,1,99,9,9,99,9,99,1,0,1,0,0,0,11,7
2024010542174,2024,010542174,547834,170786,0.12457,51.41682,3,3,5,08:44,-1,E09000004,6,0,8,0,1,99,9,9,99,9,99,1,0,0,0,0,0,11,7
2024010542175,2024,010542175,519608,180212,-0.27793,51.50819,3,3,5,08:52,-1,E09000009,3,0,1,0,1,5,3,7,0,0,0,0,0,1,0,0,1,11,7
2024010542179,2024,010542179,541968,182121,0.04482,51.52017,2,2,5,18:12,-1,E09000025,3,2,1,0,1,"[12, 19]",7,3,0,0,0,1,0,1,0,0,0,11,7
2024010542185,2024,010542185,529683,183455,-0.13165,51.53511,3,3,4,09:36,-1,E09000007,3,0,1,0,1,99,9,9,99,9,99,1,0,0,0,0,1,11,6
2024010542186,2024,010542186,517290,188808,-0.30846,51.58593,2,"[3, 2]",5,15:08,-1,E09000005,3,0,1,1,1,19,8,4,0,0,0,1,0,0,0,0,1,11,7
2024010542187,2024,010542187,533877,191646,-0.0681,51.60774,3,3,5,15:50,-1,E09000014,3,0,1,0,1,5,3,7,0,0,0,1,0,0,0,0,1,11,7
2024010542188,2024,010542188,527589,185549,-0.16106,51.55441,3,3,5,17:00,-1,E09000007,5,2,1,1,1,99,9,9,99,9,99,1,0,1,0,0,0,11,7
2024010542189,2024,010542189,533552,185278,-0.07521,51.55059,3,3,5,17:46,-1,E09000012,3,2,1,0,1,99,9,9,99,9,99,0,1,1,0,0,0,11,7
2024010542191,2024,010542191,530539,190499,-0.1167,51.59822,3,3,5,16:20,-1,E09000014,4,2,1,0,1,19,5,1,0,0,0,1,0,0,0,0,1,11,7
2024010542195,2024,010542195,516998,174600,-0.31738,51.4583,3,3,5,17:25,-1,E09000027,3,2,1,0,1,19,3,7,0,0,0,0,0,1,1,0,0,11,7
2024010542197,2024,010542197,545208,188373,0.09406,51.57553,3,3,5,08:10,-1,E09000026,3,2,1,0,1,99,9,9,99,9,99,1,0,0,0,0,1,11,7
2024010542198,2024,010542198,534117,181516,-0.0685,51.51665,2,"[2, 3]",5,19:46,-1,E09000030,3,2,1,0,1,14,3,7,0,0,0,0,0,1,0,0,1,11,7
2024010542202,2024,010542202,539243,187441,0.00767,51.56866,3,3,5,19:50,-1,E09000031,3,2,1,0,1,19,7,3,0,0,0,1,0,0,0,0,0,11,7
2024010542203,2024,010542203,538528,162114,-0.01255,51.34124,3,3,5,17:25,-1,E09000008,6,2,1,1,1,"[2, 19]","[0, 3]","[0, 7]","[0, 4]",0,0,1,0,0,0,0,0,11,7
2024010542204,2024,010542204,524786,164100,-0.20903,51.36227,3,3,5,15:30,-1,E09000029,6,0,1,0,1,5,7,3,0,0,0,1,0,0,0,0,1,11,7
2024010542207,2024,010542207,527564,171648,-0.16644,51.42949,3,3,5,15:45,-1,E09000032,3,0,1,0,1,19,1,5,0,0,0,1,0,0,0,0,1,11,7
2024010542208,2024,010542208,547045,169164,0.11256,51.40245,3,3,5,16:53,-1,E09000006,3,2,1,0,1,19,3,7,12,0,0,1,0,0,0,0,1,11,7
2024010542210,2024,010542210,537080,191300,-0.02201,51.60386,3,3,5,20:29,-1,E09000031,3,2,1,0,2,19,1,5,0,0,0,1,0,0,0,0,0,11,7
2024010542211,2024,010542211,510533,178924,-0.40904,51.49846,3,3,5,08:55,-1,E09000018,3,0,1,0,1,"[3, 19]",1,5,0,0,0,1,0,0,0,0,0,11,7
2024010542212,2024,010542212,537373,192443,-0.01733,51.61406,1,1,5,14:16,-1,E09000031,3,0,1,0,1,13,5,1,0,0,0,1,0,0,0,0,1,11,7
2024010542213,2024,010542213,534639,185196,-0.05957,51.5496,3,3,5,18:30,-1,E09000012,3,2,1,0,1,5,"[1, 5]","[5, 1]",0,0,0,1,0,0,0,0,0,11,7
2024010542215,2024,010542215,537614,194896,-0.01289,51.63604,3,3,5,20:57,-1,E09000031,3,2,1,0,1,9,"[3, 7]","[8, 4]",0,0,0,1,0,1,0,0,0,11,7
2024010542217,2024,010542217,550556,188417,0.1712,51.57452,2,2,5,21:30,-1,E09000016,3,2,8,0,1,"[19, 10]","[3, 5]","[7, 2]",0,0,0,1,0,1,0,0,0,11,7
2024010542219,2024,010542219,514038,172432,-0.36067,51.43941,3,3,4,03:30,-1,E09000027,3,0,8,0,1,99,9,9,99,9,99,1,0,1,0,0,0,11,6
2024010542225,2024,010542225,523522,178084,-0.22231,51.48822,3,3,5,21:20,-1,E09000013,3,2,1,0,1,"[99, 19]","[9, 4]","[9, 8]",99,9,99,1,0,0,0,0,0,11,7
2024010542233,2024,010542233,535531,179561,-0.04888,51.49875,2,2,6,23:25,-1,E09000028,6,2,1,0,1,"[9, 19]","[7, 5]","[6, 1]",0,0,0,1,0,1,0,0,0,11,8
2024010542234,2024,010542234,533562,178399,-0.07767,51.48877,2,2,5,21:30,-1,E09000028,3,2,1,0,1,"[2, 19]","[0, 1]","[0, 5]","[0, 8]","[0, 1]",0,1,1,0,0,0,0,11,7
2024010542236,2024,010542236,530053,180867,-0.12727,51.51177,3,3,6,02:10,-1,E09000033,4,2,1,0,1,1,2,6,0,0,0,1,0,0,0,0,1,11,8
2024010542238,2024,010542238,540237,182072,0.01987,51.52016,3,3,2,14:00,-1,E09000025,6,0,1,0,1,5,3,7,0,0,0,0,0,1,0,0,1,10,28
2024010542239,2024,010542239,530808,179612,-0.11686,51.50032,3,3,5,16:15,-1,E09000022,3,2,1,0,1,99,9,9,99,9,99,1,1,0,0,0,0,11,7
2024010542240,2024,010542240,533566,178385,-0.07762,51.48865,3,3,6,08:10,-1,E09000028,3,0,1,0,1,"[7, 5]",4,"[6, 8]",0,0,0,1,0,0,1,0,0,11,8
2024010542241,2024,010542241,522544,178410,-0.23628,51.49137,3,3,6,07:15,-1,E09000013,3,0,1,0,1,19,7,3,0,0,0,1,0,1,0,0,0,11,8
2024010542246,2024,010542246,525907,175196,-0.189,51.46174,3,3,6,09:40,-1,E09000032,3,0,1,0,1,"[19, 3]",7,3,0,0,0,1,0,1,0,0,0,11,8
2024010542249,2024,010542249,528769,176368,-0.1474,51.47163,3,3,7,14:44,-1,E09000032,4,0,1,0,1,"[3, 19]",9,9,99,9,99,1,0,0,0,0,0,11,2
2024010542250,2024,010542250,531093,175646,-0.11423,51.46461,3,3,5,18:32,-1,E09000022,3,2,1,0,1,99,9,9,99,9,99,0,1,0,1,0,0,11,7
2024010542251,2024,010542251,531248,184821,-0.10859,51.54703,3,3,6,09:05,-1,E09000019,4,0,1,0,1,99,9,9,99,9,99,1,1,0,0,0,0,11,8
2024010542253,2024,010542253,523184,181569,-0.22596,51.51962,2,2,6,09:50,-1,E09000020,4,0,1,0,1,1,5,1,0,0,0,1,0,0,0,0,1,11,8
2024010542257,2024,010542257,524919,189417,-0.19818,51.58977,3,3,5,23:30,-1,E09000003,3,2,1,0,1,99,9,9,99,9,99,1,0,0,0,0,0,11,7
2024010542259,2024,010542259,525037,178612,-0.20031,51.49264,2,2,3,18:45,-1,E09000020,3,2,1,1,1,99,9,9,99,9,99,1,1,0,0,0,0,11,5
2024010542262,2024,010542262,518845,174518,-0.29084,51.45717,3,3,5,08:07,-1,E09000027,4,0,9,-1,1,99,9,9,99,9,99,1,0,0,0,0,1,11,7
2024010542265,2024,010542265,535715,178656,-0.04658,51.49057,3,3,6,08:45,-1,E09000023,6,0,1,0,1,99,9,9,99,9,99,1,1,0,0,0,0,11,8
2024010542266,2024,010542266,525788,177202,-0.19,51.4798,3,3,3,12:57,-1,E09000013,6,0,1,0,1,99,9,9,99,9,99,1,0,1,0,0,0,11,5
2024010542267,2024,010542267,532277,179605,-0.09571,51.49991,3,3,6,08:35,-1,E09000028,3,0,1,0,1,99,9,9,99,9,99,1,1,0,0,0,0,11,8
2024010542268,2024,010542268,533634,196206,-0.06987,51.64878,3,3,5,15:30,-1,E09000010,6,0,9,-1,1,99,9,9,99,9,99,1,0,0,0,0,0,11,7
2024010542269,2024,010542269,548453,183411,0.13877,51.5301,3,3,6,07:22,-1,E09000002,3,0,1,0,1,"[9, 19]","[3, 5]","[8, 1]",0,0,0,1,0,0,0,0,0,11,8
2024010542271,2024,010542271,523632,183173,-0.21894,51.53393,3,3,5,17:00,-1,E09000005,5,0,9,-1,1,99,9,9,99,9,99,1,0,1,0,0,0,11,7
2024010542272,2024,010542272,525012,176975,-0.20125,51.47793,2,2,2,12:50,-1,E09000013,3,0,1,0,1,99,9,9,99,9,99,0,1,0,1,0,0,11,4
2024010542275,2024,010542275,534093,192267,-0.06474,51.61327,3,3,5,18:00,-1,E09000010,3,2,1,0,1,99,9,9,99,9,99,1,0,1,0,0,0,11,7
2024010542276,2024,010542276,540894,190460,0.03269,51.59537,3,3,6,07:47,-1,E09000026,3,0,1,0,1,"[12, 11]",1,5,0,0,0,1,0,1,0,0,0,11,8
2024010542277,2024,010542277,528272,189887,-0.14964,51.59324,3,3,6,08:45,-1,E09000014,6,0,1,0,1,5,2,6,11,0,0,1,0,0,0,0,1,11,8
2024010542278,2024,010542278,536386,181912,-0.03566,51.51967,3,3,6,11:49,-1,E09000030,6,0,1,0,1,"[7, 19]",3,"[5, 7]",0,0,0,0,1,0,0,1,0,11,8
2024010542286,2024,010542286,528024,171260,-0.15997,51.4259,3,3,5,15:40,-1,E09000032,6,0,9,-1,1,99,9,9,99,9,99,1,0,1,0,0,0,11,7
2024010542291,2024,010542291,535199,197486,-0.04677,51.6599,3,3,5,15:25,-1,E09000010,3,0,1,0,1,99,9,9,99,9,99,1,0,1,0,0,0,11,7
2024010542299,2024,010542299,533653,188555,-0.07251,51.58002,3,3,6,13:30,-1,E09000014,3,0,1,0,1,19,1,5,0,0,0,0,1,0,0,0,0,11,8
2024010542300,2024,010542300,527909,184822,-0.15671,51.5478,3,3,6,13:35,-1,E09000007,6,0,1,0,1,5,0,"[7, 5]",0,0,0,1,0,1,0,0,0,11,8
2024010542301,2024,010542301,538636,177808,-0.00487,51.48224,3,3,6,08:10,-1,E09000011,3,0,1,0,1,19,3,7,4,0,0,0,1,0,0,0,0,11,8
2024010542302,2024,010542302,546691,176473,0.1105,51.46822,3,3,6,13:15,-1,E09000004,3,0,1,0,1,19,1,5,0,0,0,1,0,1,0,0,0,11,8
2024010542303,2024,010542303,521653,166953,-0.25304,51.38859,2,2,6,14:03,-1,E09000021,3,0,1,0,1,"[19, 9]","[1, 4]","[5, 2]",0,"[0, 7]",0,1,0,1,0,0,0,11,8
2024010542304,2024,010542304,529978,192606,-0.12401,51.61728,3,3,5,18:20,-1,E09000010,4,2,1,0,1,99,9,9,99,9,99,1,0,0,0,0,0,10,31
2024010542307,2024,010542307,534495,178017,-0.06438,51.48512,3,3,5,05:40,-1,E09000028,6,2,1,0,1,99,9,9,99,9,99,1,1,0,0,0,0,11,7
2024010542308,2024,010542308,532993,188362,-0.0821,51.57844,3,3,7,00:05,-1,E09000014,3,2,8,0,1,99,9,9,99,9,99,1,1,0,0,0,0,11,2
2024010542310,2024,010542310,537681,174074,-0.02006,51.44892,3,3,4,20:10,-1,E09000023,6,2,1,0,1,99,9,9,99,9,99,1,0,0,0,0,0,11,6
2024010542314,2024,010542314,553947,189548,0.22059,51.58377,3,3,6,12:00,-1,E09000016,5,0,1,0,1,7,3,5,0,0,0,1,0,0,0,0,1,11,8
2024010542316,2024,010542316,540534,185101,0.02535,51.54731,3,3,6,10:50,-1,E09000025,3,0,1,0,1,"[19, 12]",1,5,0,0,0,1,0,0,0,0,0,11,8
2024010542317,2024,010542317,525883,180750,-0.18737,51.51166,3,3,6,10:48,-1,E09000033,4,0,1,0,1,-1,5,1,0,7,4,1,0,0,0,0,1,11,8
2024010542321,2024,010542321,513622,180869,-0.36394,51.51533,3,3,5,19:30,-1,E09000009,5,0,9,-1,1,99,9,9,99,9,99,1,0,1,0,0,0,10,31
2024010542326,2024,010542326,520371,168456,-0.27094,51.40237,3,3,4,18:40,-1,E09000021,3,2,9,-1,1,99,9,9,99,9,99,1,0,1,0,0,0,11,6
2024010542330,2024,010542330,532896,195882,-0.08065,51.64604,3,3,5,17:35,-1,E09000010,3,2,1,1,1,99,9,9,99,9,99,1,1,0,0,0,0,11,7
2024010542331,2024,010542331,531131,182228,-0.11124,51.52375,3,3,5,09:40,-1,E09000019,3,0,1,0,1,99,9,9,99,9,99,1,1,0,0,0,0,11,7
2024010542338,2024,010542338,518235,189825,-0.29448,51.59487,3,3,6,12:20,-1,E09000015,5,0,1,0,1,99,9,9,99,9,99,1,0,0,0,0,1,11,8
2024010542340,2024,010542340,534045,182961,-0.06898,51.52966,3,3,5,11:50,-1,E09000030,6,0,1,0,1,99,9,9,99,9,99,1,1,0,0,0,0,10,31
2024010542341,2024,010542341,547807,185849,0.13048,51.55217,3,3,4,12:50,-1,E09000002,5,0,7,0,1,99,9,9,99,9,99,1,0,0,0,0,0,11,6
2024010542343,2024,010542343,529486,178643,-0.13625,51.49191,3,3,6,14:00,-1,E09000033,3,0,1,0,1,"[12, 19]",1,5,0,0,0,1,0,1,0,0,0,11,8
2024010542344,2024,010542344,542527,172423,0.04896,51.43289,3,3,6,17:10,-1,E09000006,3,2,1,0,1,19,6,2,0,0,0,0,0,1,0,0,1,11,8
2024010542348,2024,010542348,511239,182821,-0.39765,51.53335,3,3,6,16:50,-1,E09000009,4,2,1,0,1,"[3, 8, 19]",7,"[3, 2]","[0, 4]",0,0,1,0,0,1,0,0,11,8
2024010542349,2024,010542349,551208,188078,0.18046,51.5713,3,3,6,17:00,-1,E09000016,5,2,1,0,1,9,7,4,0,0,0,0,0,0,1,0,0,11,8
2024010542354,2024,010542354,523081,165322,-0.23309,51.37362,3,3,6,17:00,-1,E09000029,6,2,1,0,1,"[19, 9]","[4, 8]","[8, 6]",0,0,0,1,0,1,0,0,0,11,8
2024010542356,2024,010542356,553931,187877,0.21963,51.56876,3,3,6,14:50,-1,E09000016,5,0,9,0,1,99,9,9,99,9,99,1,0,0,0,0,1,11,8
2024010542357,2024,010542357,506277,182996,-0.46911,51.53587,3,3,6,15:00,-1,E09000017,3,0,1,0,1,3,1,5,0,0,0,0,0,1,0,0,0,11,8
2024010542366,2024,010542366,531327,188632,-0.10603,51.58126,3,3,6,18:13,-1,E09000014,4,2,1,0,1,19,5,1,0,0,0,0,1,0,0,0,1,11,8
2024010542368,2024,010542368,516311,187148,-0.32313,51.57121,3,3,6,16:40,-1,E09000005,3,2,1,0,1,13,1,5,10,0,0,1,0,0,0,0,0,11,8
2024010542370,2024,010542370,533666,191660,-0.07114,51.60792,3,3,6,17:25,-1,E09000014,5,2,1,0,1,"[19, 10]",1,"[5, 7]",0,0,0,1,0,1,0,0,0,11,8
2024010542371,2024,010542371,550572,188790,0.17159,51.57787,2,2,6,17:44,-1,E09000016,6,2,1,0,1,99,9,9,0,0,0,1,0,0,0,0,1,11,8
2024010542373,2024,010542373,528631,190061,-0.14439,51.59472,2,2,6,13:30,-1,E09000014,4,0,1,0,1,19,5,1,0,0,0,0,0,0,1,0,1,11,8