collision_index,collision_year,collision_ref_no,location_easting_osgr,location_northing_osgr,longitude,latitude,casualty_severity,casualty_severity,day_of_week,time,local_authority_district,local_authority_ons_district,first_road_class,light_conditions,weather_conditions,road_surface_conditions,urban_or_rural_area,vehicle_manoeuvre,vehicle_direction_from,vehicle_direction_to,hit_object_in_carriageway,vehicle_leaving_carriageway,hit_object_off_carriageway,is_car,is_cyle,is_mcyle,is_goodsv,is_other,is_pedestrian,month,day
2024010542834,2024,010542834,538192,163903,-0.01667,51.3574,2,2,2,14:49,-1,E09000008,5,0,1,0,1,"[2, 19]","[0, 1]","[0, 5]",0,"[0, 1]",0,1,0,1,0,0,0,11,11
2024010542840,2024,010542840,540043,182020,0.01705,51.51975,3,3,2,16:30,-1,E09000025,3,2,1,0,1,"[6, 13]",7,"[7, 3]",0,0,0,1,0,1,0,0,0,11,11
2024010542844,2024,010542844,525442,184886,-0.19225,51.54893,3,3,7,12:45,-1,E09000007,6,0,9,-1,1,99,9,9,99,9,99,1,0,1,0,0,0,11,9
2024010542845,2024,010542845,532605,176190,-0.09227,51.46915,3,3,2,15:29,-1,E09000028,3,0,1,0,1,-1,5,1,0,0,0,1,0,0,1,0,0,11,11
2024010542849,2024,010542849,535163,171891,-0.05711,51.42991,3,3,2,13:09,-1,E09000023,6,0,1,0,1,19,"[3, 7]","[7, 3]",0,0,0,1,0,1,0,0,0,11,11
2024010542850,2024,010542850,511284,177180,-0.39878,51.48264,3,3,2,14:15,-1,E09000018,6,0,1,0,1,"[2, 9]","[0, 2]","[0, 7]","[0, 4]",0,0,1,0,0,0,0,0,11,11
2024010542851,2024,010542851,531227,164856,-0.11629,51.36761,3,3,2,17:20,-1,E09000008,3,2,1,0,1,19,3,7,0,0,0,1,0,0,0,0,1,11,11
2024010542854,2024,010542854,535639,167828,-0.05182,51.39329,3,3,2,17:10,-1,E09000008,3,2,1,0,1,"[13, 9]","[2, 4]","[6, 2]",0,0,0,1,0,1,0,0,0,11,11
2024010542856,2024,010542856,534814,189420,-0.05543,51.58751,2,2,2,17:49,-1,E09000014,3,2,1,0,1,19,"[3, 7]","[7, 3]",0,0,0,1,1,0,0,0,0,11,11
2024010542857,2024,010542857,548819,174342,0.14022,51.44851,2,2,2,17:00,-1,E09000004,3,2,1,0,1,4,7,3,0,0,0,1,0,1,0,0,0,11,11
2024010542859,2024,010542859,520581,184938,-0.2623,51.55046,3,3,2,16:51,-1,E09000005,3,2,1,0,1,99,9,9,99,9,99,1,0,0,0,0,0,11,11
2024010542865,2024,010542865,528338,181515,-0.15174,51.51799,2,2,2,17:10,-1,E09000033,4,2,1,0,1,-1,3,7,0,0,0,1,0,0,0,0,1,11,11
2024010542866,2024,010542866,516850,185391,-0.31594,51.55531,3,3,2,18:50,-1,E09000005,3,2,1,0,1,19,5,1,0,0,0,1,0,0,0,0,1,11,11
2024010542868,2024,010542868,551658,182892,0.18471,51.52458,3,3,2,17:12,-1,E09000016,6,2,8,0,1,"[-1, 2]","[5, 0]","[1, 0]",4,0,0,1,0,0,0,0,0,11,11
2024010542871,2024,010542871,524847,169711,-0.20619,51.41268,2,2,2,17:21,-1,E09000024,3,2,1,0,1,7,1,3,10,1,2,1,0,0,0,0,0,11,11
2024010542875,2024,010542875,524861,182002,-0.20165,51.52314,3,3,2,16:55,-1,E09000033,3,0,1,0,1,4,1,5,0,0,0,0,0,0,1,0,0,11,11
2024010542877,2024,010542877,534449,196529,-0.05797,51.65148,3,3,2,18:38,-1,E09000010,6,2,1,0,1,"[7, 19]","[5, 3]","[8, 7]",0,0,0,1,0,1,0,0,0,11,11
2024010542879,2024,010542879,553857,188262,0.21873,51.57224,3,3,2,16:45,-1,E09000016,5,0,1,0,1,"[9, 19]","[2, 1]","[7, 5]",0,0,0,1,0,1,0,0,0,11,11
2024010542882,2024,010542882,525339,180447,-0.19531,51.50906,3,3,2,17:10,-1,E09000020,3,2,1,0,1,"[7, 19]","[5, 3]",7,0,0,0,1,0,0,0,1,0,11,11
2024010542884,2024,010542884,526032,171090,-0.18867,51.42481,2,2,2,18:21,-1,E09000024,3,2,8,0,1,99,9,9,99,9,99,1,1,0,0,0,0,11,11
2024010542887,2024,010542887,516235,185340,-0.32482,51.55498,3,3,6,01:30,-1,E09000005,5,2,1,0,1,"[19, 5]","[1, 3]","[5, 7]",0,0,0,1,1,0,0,0,0,11,8
2024010542889,2024,010542889,534991,173408,-0.059,51.44358,3,3,2,17:45,-1,E09000023,6,2,1,0,1,99,9,9,99,9,99,1,1,0,0,0,0,11,11
2024010542891,2024,010542891,516873,188522,-0.31457,51.58345,3,3,5,09:20,-1,E09000005,3,0,2,-1,1,99,9,9,99,9,99,1,0,0,0,0,0,11,7
2024010542892,2024,010542892,531939,178934,-0.10083,51.49396,3,3,2,21:07,-1,E09000028,3,0,1,0,1,99,9,9,99,9,99,1,0,1,0,0,0,11,11
2024010542896,2024,010542896,522626,187328,-0.23199,51.5715,3,3,2,10:43,-1,E09000003,3,0,1,0,1,99,9,9,99,9,99,1,0,0,0,0,0,11,11
2024010542900,2024,010542900,534429,190419,-0.0606,51.59658,3,3,2,22:13,-1,E09000014,5,2,1,0,1,"[19, 3, 2]","[3, 5, 0, 7]","[7, 1, 0, 3]","[0, 4]",0,0,1,0,1,0,0,0,11,11
2024010542903,2024,010542903,521687,191517,-0.24408,51.60935,2,2,2,19:42,-1,E09000003,5,2,1,0,1,"[13, 19]","[5, 1]","[1, 5]",0,0,0,1,0,1,0,0,0,11,11
2024010542904,2024,010542904,535019,192492,-0.05129,51.61507,3,3,2,20:30,-1,E09000010,4,2,1,0,1,99,9,9,99,9,99,1,0,0,0,0,0,11,11
2024010542906,2024,010542906,511422,181529,-0.39542,51.5217,3,3,7,19:00,-1,E09000017,3,2,1,0,1,99,9,9,99,9,99,1,0,0,0,0,0,10,19
2024010542909,2024,010542909,527844,169261,-0.16328,51.40797,2,2,3,14:48,-1,E09000024,3,0,1,0,1,14,2,6,0,0,0,0,0,1,0,0,1,11,12
2024010542911,2024,010542911,520408,177952,-0.26718,51.48771,3,3,2,21:43,-1,E09000018,3,2,1,0,1,"[19, 9]","[5, 1]","[1, 7]",0,0,0,1,0,1,0,0,0,11,11
2024010542913,2024,010542913,542286,182104,0.04939,51.51994,3,3,2,22:40,-1,E09000025,3,2,1,0,1,"[19, 11]",7,3,0,0,0,0,0,1,1,0,0,11,11
2024010542914,2024,010542914,538226,173396,-0.01249,51.4427,3,3,2,22:40,-1,E09000023,5,2,1,0,1,"[2, 19]","[0, 7]","[0, 3]","[0, 4]",0,0,1,0,0,0,0,0,11,11
2024010542916,2024,010542916,527412,181387,-0.16512,51.51704,3,3,3,02:15,-1,E09000033,6,2,1,0,1,"[5, 3, 2]","[0, 7]","[3, 0]","[4, 11]",0,0,1,0,0,0,0,0,11,12
2024010542917,2024,010542917,534263,176766,-0.0682,51.47393,3,3,3,00:22,-1,E09000028,3,2,1,0,1,"[4, 15]",1,5,0,0,0,1,0,1,0,0,0,11,12
2024010542919,2024,010542919,524295,188114,-0.20764,51.57819,2,2,3,06:40,-1,E09000003,3,2,9,0,1,19,3,7,0,0,0,1,0,1,0,0,0,11,12
2024010542924,2024,010542924,524657,187755,-0.20255,51.57489,3,3,3,08:05,-1,E09000003,3,0,1,0,1,"[9, 19]","[6, 8]",4,0,0,0,1,0,0,0,0,0,11,12
2024010542927,2024,010542927,528190,190138,-0.15073,51.59551,3,3,3,08:00,-1,E09000014,6,0,8,0,1,99,9,9,99,9,99,1,1,0,0,0,0,11,12
2024010542931,2024,010542931,543641,178657,0.06751,51.48862,3,3,2,16:30,-1,E09000011,6,2,8,-1,1,99,9,9,99,9,99,1,0,1,0,0,0,11,11
2024010542932,2024,010542932,525041,178607,-0.20026,51.49259,3,3,1,12:12,-1,E09000020,3,0,1,0,1,19,4,8,0,0,0,0,0,1,0,0,1,11,10
2024010542935,2024,010542935,547150,179119,0.1182,51.49187,3,3,3,08:05,-1,E09000011,6,0,1,0,1,"[2, -1]","[0, 1]","[0, 4]","[0, 4]",0,0,1,0,0,0,0,0,11,12
2024010542939,2024,010542939,543600,169724,0.0633,51.40837,3,3,4,07:45,-1,E09000006,6,0,8,0,1,3,4,8,0,9,99,1,0,0,0,0,1,10,23
2024010542942,2024,010542942,543434,182465,0.06608,51.52289,3,3,6,16:25,-1,E09000025,3,2,1,0,2,19,7,3,0,0,0,1,0,1,0,0,0,11,8
2024010542945,2024,010542945,524795,168615,-0.20732,51.40284,3,3,2,15:35,-1,E09000024,4,0,8,0,1,99,9,9,99,9,99,1,0,1,0,0,0,11,11
2024010542946,2024,010542946,544035,170563,0.06989,51.41579,3,3,3,08:25,-1,E09000006,3,0,1,0,1,"[3, 19]",4,8,0,0,0,1,0,0,1,0,0,11,12
2024010542949,2024,010542949,542838,182556,0.05753,51.52386,3,3,3,10:10,-1,E09000025,3,0,1,0,1,19,1,5,0,0,0,1,0,0,0,0,1,11,12
2024010542952,2024,010542952,524432,181583,-0.20798,51.51947,3,3,2,16:30,-1,E09000020,6,0,1,0,1,99,9,9,99,9,99,1,0,0,0,0,1,11,11
2024010542953,2024,010542953,525808,183887,-0.18733,51.53987,3,3,2,18:30,-1,E09000007,4,2,1,0,1,99,9,9,99,9,99,1,1,0,0,0,0,11,4
2024010542958,2024,010542958,515617,171824,-0.33816,51.43363,3,3,2,16:10,-1,E09000027,3,0,1,0,1,99,9,9,99,9,99,1,1,0,0,0,0,11,11
2024010542962,2024,010542962,528881,187722,-0.14164,51.57364,3,3,3,07:40,-1,E09000014,3,0,1,0,1,"[9, 19]","[5, 1]","[2, 5]",0,0,0,1,0,1,0,0,0,11,12
2024010542963,2024,010542963,537333,190943,-0.0185,51.60059,3,3,3,11:20,-1,E09000031,4,0,1,0,1,19,7,3,0,0,0,1,0,0,0,0,1,11,12
2024010542965,2024,010542965,521649,179157,-0.2489,51.49827,3,3,2,21:40,-1,E09000013,5,2,9,-1,1,99,9,9,99,9,99,1,0,1,0,0,0,11,11
2024010542976,2024,010542976,533923,191735,-0.0674,51.60853,3,3,2,18:45,-1,E09000014,3,2,1,0,1,99,9,9,99,9,99,1,1,0,0,0,0,11,11
2024010542979,2024,010542979,532816,193142,-0.08284,51.62144,3,3,3,12:50,-1,E09000010,3,0,1,0,1,"[4, 19]",1,5,0,0,0,1,0,0,0,0,0,11,12
2024010542980,2024,010542980,537799,176766,-0.01732,51.47308,3,3,3,11:38,-1,E09000011,3,0,1,0,1,"[4, 19]",5,1,0,0,0,1,0,0,0,0,0,11,12
2024010542983,2024,010542983,526936,171805,-0.17542,51.43104,3,3,3,08:57,-1,E09000032,3,0,1,0,1,"[7, 19]","[7, 1]","[1, 5]",0,0,0,1,1,0,0,0,0,11,12
2024010542987,2024,010542987,531234,180071,-0.11056,51.50434,3,3,2,10:50,-1,E09000022,5,0,1,0,1,99,9,9,"[8, 99]",9,99,1,1,0,0,0,0,11,11
2024010542988,2024,010542988,515458,187846,-0.3352,51.57766,3,3,3,10:58,-1,E09000015,3,0,1,0,1,"[19, 3, 4]",7,3,"[4, 1, 0]",0,0,1,0,1,0,0,0,11,12
2024010542989,2024,010542989,537568,182259,-0.0185,51.5225,2,2,3,08:30,-1,E09000030,5,0,1,0,1,99,9,9,99,9,99,1,0,0,0,0,1,11,12
2024010542991,2024,010542991,534099,192324,-0.06464,51.61378,2,2,2,18:50,-1,E09000010,3,2,1,0,1,99,9,9,99,9,99,1,1,0,0,0,0,11,11
2024010542992,2024,010542992,530889,166346,-0.1206,51.38108,3,3,3,11:30,-1,E09000008,3,0,9,-1,1,99,9,9,99,9,99,0,0,1,0,0,0,11,12
2024010542994,2024,010542994,542149,181121,0.04703,51.51114,3,3,2,15:55,-1,E09000025,3,0,1,0,1,99,9,9,99,9,99,1,0,0,0,0,0,11,11
2024010542995,2024,010542995,512219,175073,-0.38599,51.46351,3,3,3,07:19,-1,E09000018,3,0,1,0,1,19,"[3, 7]","[7, 3]",0,"[1, 0]",0,1,0,0,1,0,0,11,12
2024010542996,2024,010542996,526760,181016,-0.17465,51.51386,2,2,2,18:10,-1,E09000033,3,2,1,0,1,19,7,3,11,0,0,0,1,0,0,0,0,11,11
2024010542998,2024,010542998,531163,189530,-0.10806,51.58936,3,3,2,16:30,-1,E09000014,3,2,1,0,1,99,9,9,99,9,99,1,0,0,0,0,0,11,11
2024010543002,2024,010543002,513882,183602,-0.35931,51.53984,3,3,3,11:50,-1,E09000009,6,0,1,0,1,5,5,1,7,0,0,1,0,0,0,0,0,11,12
2024010543004,2024,010543004,522478,173611,-0.23889,51.44825,3,3,2,06:30,-1,E09000032,6,2,1,0,1,5,0,1,0,0,0,0,0,0,1,0,1,11,11
2024010543005,2024,010543005,532570,178933,-0.09175,51.49381,3,3,3,12:10,-1,E09000028,3,0,1,0,1,99,9,9,99,9,99,1,0,0,0,0,1,11,12
2024010543010,2024,010543010,535105,186807,-0.05224,51.56396,1,1,3,13:10,-1,E09000012,6,0,1,0,1,9,4,2,0,0,0,1,0,0,0,0,1,11,12
2024010543011,2024,010543011,533352,182275,-0.07923,51.52365,3,3,3,12:16,-1,E09000012,3,0,9,-1,1,99,9,9,99,9,99,1,0,1,0,0,0,11,12
2024010543015,2024,010543015,521295,168534,-0.25764,51.40288,3,3,2,20:30,-1,E09000021,6,2,9,-1,1,99,9,9,99,9,99,1,0,1,0,0,0,11,11
2024010543016,2024,010543016,514215,186356,-0.35362,51.56452,3,3,1,08:50,-1,E09000015,3,2,1,0,1,99,9,9,99,9,99,1,0,0,0,0,1,11,10
2024010543019,2024,010543019,530645,180637,-0.11883,51.50957,3,3,7,20:00,-1,E09000033,3,2,1,0,1,19,"[2, 6]","[6, 2]",0,0,0,0,1,0,0,0,0,11,2
2024010543021,2024,010543021,527161,166610,-0.17404,51.3843,3,3,2,17:15,-1,E09000029,5,2,1,0,1,99,9,9,99,"[9, 0]","[99, 0]",1,0,1,0,0,0,11,11
2024010543023,2024,010543023,537811,182336,-0.01497,51.52313,2,2,3,15:28,-1,E09000030,4,0,1,0,1,19,7,3,0,0,0,0,0,1,0,0,1,11,12
2024010543024,2024,010543024,540415,174787,0.01954,51.45466,3,3,3,16:05,-1,E09000011,3,0,1,0,1,"[9, 19]","[1, 7]","[7, 3]",0,0,0,1,0,1,0,0,0,11,12
2024010543025,2024,010543025,536227,192246,-0.03395,51.61257,2,"[3, 2]",3,11:38,-1,E09000031,3,0,1,0,2,"[11, 19]",3,7,0,"[1, 0]",0,1,0,0,0,0,0,11,12
2024010543027,2024,010543027,525277,190792,-0.19253,51.60204,3,3,3,16:00,-1,E09000003,6,0,1,0,1,7,4,6,0,0,0,1,0,0,0,0,1,11,12
2024010543031,2024,010543031,530236,181612,-0.12436,51.51842,3,3,3,14:00,-1,E09000007,6,0,1,0,1,1,5,1,0,0,0,1,0,0,0,0,1,11,12
2024010543032,2024,010543032,521708,192278,-0.24352,51.61618,3,3,3,09:00,-1,E09000003,3,0,1,0,1,99,9,9,99,9,99,1,0,0,0,0,0,11,12
2024010543038,2024,010543038,535097,179597,-0.05512,51.49918,3,3,3,09:00,-1,E09000028,3,0,1,0,1,99,9,9,99,9,99,1,0,0,1,0,0,10,15
2024010543040,2024,010543040,535108,162337,-0.06153,51.34407,3,3,3,14:46,-1,E09000008,3,0,1,1,1,"[11, 14]",6,2,0,0,0,1,0,0,0,0,0,11,12
2024010543044,2024,010543044,513043,170485,-0.3756,51.42211,2,2,3,18:24,-1,E09000027,5,2,1,1,1,"[2, 14]","[0, 5]","[0, 1]","[0, 4]",0,0,1,0,0,0,0,1,11,12
2024010543046,2024,010543046,514426,178582,-0.3531,51.49461,2,2,3,19:10,-1,E09000018,1,2,1,1,1,"[12, 13]",7,3,0,"[0, 1]","[0, 6]",1,0,1,0,0,0,11,12
2024010543052,2024,010543052,546385,172614,0.1045,51.43362,3,3,3,18:35,-1,E09000004,6,2,8,0,1,4,1,5,0,0,0,0,0,0,1,0,0,11,12
2024010543054,2024,010543054,533716,190247,-0.07095,51.59521,3,3,3,15:40,-1,E09000014,3,0,1,0,1,"[19, 9]","[8, 4]","[4, 3]",0,0,0,0,1,1,0,0,0,11,12
2024010543061,2024,010543061,523510,180209,-0.22174,51.50732,3,3,2,19:30,-1,E09000013,6,2,9,0,1,99,9,9,99,9,99,1,0,0,0,0,0,11,11
2024010543066,2024,010543066,537891,174168,-0.01701,51.44972,3,3,3,19:20,-1,E09000023,3,2,1,0,1,99,9,9,99,9,99,1,1,0,0,0,0,11,12
2024010543072,2024,010543072,530053,171259,-0.1308,51.42543,3,3,3,16:37,-1,E09000022,3,0,2,0,1,5,1,5,0,0,0,0,1,0,0,0,0,11,12
2024010543073,2024,010543073,529636,180666,-0.13335,51.51006,2,"[3, 2]",3,18:50,-1,E09000033,3,2,1,0,1,-1,7,3,0,7,11,1,0,0,0,0,1,11,12
2024010543074,2024,010543074,535225,195463,-0.04717,51.64172,2,2,4,17:35,-1,E09000010,3,2,1,0,1,99,9,9,99,9,99,1,0,0,0,0,0,11,6
2024010543075,2024,010543075,550618,182917,0.16974,51.52509,3,3,3,19:45,-1,E09000016,5,2,1,1,1,4,5,1,0,0,0,1,0,0,0,0,0,11,12
2024010543076,2024,010543076,509610,181595,-0.42151,51.52265,3,3,3,17:15,-1,E09000017,3,2,1,0,1,99,9,9,99,9,99,1,0,0,0,0,1,11,12
2024010543078,2024,010543078,548076,183540,0.13339,51.53136,3,3,3,10:20,-1,E09000002,3,0,1,0,1,99,9,9,99,9,99,1,0,0,0,0,0,11,12
2024010543080,2024,010543080,511474,176400,-0.39629,51.47559,3,3,3,19:52,-1,E09000018,3,2,9,0,1,19,1,5,0,0,0,1,0,0,0,0,1,11,12
2024010543082,2024,010543082,530161,179670,-0.12616,51.50099,3,3,3,10:00,-1,E09000033,3,0,1,0,1,99,9,9,99,9,99,0,1,0,0,0,1,11,12
2024010543086,2024,010543086,539091,173923,0.00016,51.44722,3,3,3,16:50,-1,E09000023,5,2,1,0,1,19,"[8, 6]","[4, 2]",0,3,0,1,0,0,0,0,0,11,12
2024010543087,2024,010543087,528277,178993,-0.15353,51.49533,3,3,3,18:00,-1,E09000033,6,2,2,1,1,"[19, 9]","[1, 5]","[5, 4]","[4, 0]",0,0,1,0,1,0,0,0,11,12
2024010543090,2024,010543090,515042,191782,-0.33991,51.61312,3,3,3,12:00,-1,E09000015,3,0,9,1,1,19,5,1,11,0,0,1,0,0,0,0,1,11,12
2024010543092,2024,010543092,535721,183223,-0.04474,51.53161,3,3,3,13:05,-1,E09000030,4,0,8,0,1,99,9,9,99,9,99,1,1,0,0,0,0,11,12
2024010543096,2024,010543096,534404,175484,-0.06666,51.46238,3,3,3,22:23,-1,E09000028,3,2,1,0,1,"[9, 19]","[6, 2]","[5, 6]",0,0,0,1,0,1,0,0,0,11,12
2024010543100,2024,010543100,532231,179944,-0.09625,51.50297,3,3,3,20:30,-1,E09000028,3,0,1,0,1,19,5,1,0,0,0,0,1,0,0,0,1,11,12
2024010543101,2024,010543101,530309,179671,-0.12403,51.50096,3,3,3,14:38,-1,E09000033,3,0,1,0,1,"[11, 99]",9,9,99,9,99,1,1,0,0,0,0,11,12
2024010543104,2024,010543104,536727,191586,-0.02699,51.60652,3,3,1,15:30,-1,E09000031,3,0,1,0,2,"[99, 19]","[9, 1]","[9, 5]","[99, 0]","[9, 0]","[99, 0]",1,0,0,0,0,0,11,10
2024010543106,2024,010543106,528959,179305,-0.1436,51.49798,3,3,3,17:16,-1,E09000033,3,2,2,1,1,19,1,5,0,0,0,0,1,0,0,0,1,11,12
2024010543107,2024,010543107,531522,182078,-0.10566,51.52231,3,3,3,19:00,-1,E09000019,3,2,1,0,1,99,9,9,99,9,99,1,1,0,0,0,0,11,12
2024010543108,2024,010543108,533507,179944,-0.07788,51.50267,2,2,3,21:03,-1,E09000028,3,2,1,0,1,"[2, 19]","[0, 7]","[0, 3]","[0, 4]",0,0,1,1,0,0,0,0,11,12
2024010543111,2024,010543111,528265,191215,-0.14925,51.60517,3,3,3,16:35,-1,E09000003,4,2,2,1,1,"[19, 3]",5,1,0,0,0,1,0,0,0,0,0,11,12
2024010543112,2024,010543112,541555,181963,0.03881,51.51886,3,3,4,00:01,-1,E09000025,3,2,2,1,1,19,3,7,0,0,0,1,0,0,0,0,0,11,13
2024010543114,2024,010543114,533695,183020,-0.074,51.53027,3,3,3,20:23,-1,E09000012,3,2,1,1,1,"[19, 9]","[7, 3]","[3, 8]",0,"[0, 7]",0,1,0,1,0,0,0,11,12
2024010543115,2024,010543115,544625,183119,0.0835,51.52847,2,2,4,00:55,-1,E09000002,3,2,2,1,1,"[7, -1]","[8, 7]",3,0,0,0,1,0,1,0,0,0,11,13
2024010543116,2024,010543116,533568,165574,-0.08241,51.37352,3,3,3,09:30,-1,E09000008,3,2,8,1,1,4,7,3,0,0,0,1,0,0,0,0,0,11,12
2024010543118,2024,010543118,519118,188753,-0.2821,51.58505,2,2,3,23:00,-1,E09000005,3,2,1,0,1,"[5, 19]","[5, 1]","[1, 5]",0,0,0,1,0,1,0,0,0,11,12
2024010543119,2024,010543119,532945,188305,-0.08281,51.57794,3,3,2,01:30,-1,E09000014,6,2,1,0,1,99,9,9,99,9,99,1,1,0,0,0,0,11,11
2024010543121,2024,010543121,543079,181554,0.06059,51.5148,2,2,4,00:45,-1,E09000025,3,2,2,1,1,19,1,5,0,0,0,1,0,0,0,0,1,11,13
2024010543129,2024,010543129,557392,190252,0.27059,51.58914,2,2,4,06:55,-1,E09000016,1,0,7,1,2,"[13, 3]",5,1,0,0,0,1,0,1,0,0,0,11,13
2024010543131,2024,010543131,526637,182152,-0.17601,51.52409,3,3,3,15:30,-1,E09000033,6,0,1,0,1,99,9,9,99,9,99,1,0,1,0,0,0,11,12
2024010543132,2024,010543132,536999,174107,-0.02986,51.44938,3,3,4,07:49,-1,E09000023,5,0,1,0,1,9,"[1, 7]","[7, 4]",0,0,0,1,0,1,0,0,0,11,13
2024010543133,2024,010543133,533982,181372,-0.07049,51.51539,3,3,4,05:20,-1,E09000030,3,0,1,0,1,99,9,9,99,9,99,0,0,1,0,0,1,11,13
2024010543139,2024,010543139,538145,186183,-0.00865,51.55762,3,3,7,13:00,-1,E09000031,3,0,9,-1,1,99,9,9,99,9,99,1,0,1,0,0,0,11,9
2024010543143,2024,010543143,541123,174277,0.02952,51.4499,2,2,4,08:20,-1,E09000011,3,0,1,0,1,-1,5,1,0,0,0,1,0,0,0,0,1,11,13
2024010543144,2024,010543144,519618,178408,-0.2784,51.49197,3,3,4,09:31,-1,E09000018,3,0,1,0,1,"[13, 9]",7,"[3, 5]",0,0,0,1,0,1,0,0,0,11,13
2024010543148,2024,010543148,513115,183672,-0.37034,51.54062,3,3,4,08:27,-1,E09000009,3,0,1,0,1,"[13, 12]",7,3,0,0,0,1,0,1,0,0,0,11,13
2024010543152,2024,010543152,515970,172474,-0.33287,51.4394,3,3,3,14:30,-1,E09000027,3,0,4,0,1,99,9,9,99,9,99,1,1,0,0,0,0,11,12
2024010543153,2024,010543153,514408,182232,-0.35217,51.52742,2,2,4,09:40,-1,E09000009,4,0,1,0,1,"[9, 19]","[1, 7]","[6, 3]",0,0,0,1,0,1,0,0,0,11,13
2024010543154,2024,010543154,547360,180186,0.12167,51.50141,3,3,4,11:15,-1,E09000004,3,0,1,0,2,19,3,7,0,0,0,1,0,0,0,1,0,11,13
2024010543155,2024,010543155,515430,168662,-0.34187,51.40525,3,3,3,15:16,-1,E09000027,3,0,1,0,2,99,9,9,99,9,99,1,1,0,0,0,0,11,12
2024010543157,2024,010543157,532301,182358,-0.09434,51.52465,3,3,6,12:30,-1,E09000019,3,0,9,-1,1,99,9,9,99,9,99,1,1,0,0,0,0,10,18
2024010543161,2024,010543161,541390,183458,0.03703,51.53233,3,3,4,11:13,-1,E09000025,6,0,1,0,1,99,9,9,99,9,99,1,0,0,0,0,1,11,13
2024010543166,2024,010543166,532869,194810,-0.08145,51.63641,2,2,4,07:59,-1,E09000010,4,0,1,0,1,"[1, 19]",5,1,0,0,0,1,1,0,0,0,0,11,13
2024010543169,2024,010543169,533650,197933,-0.06898,51.66429,3,3,3,16:50,-1,E09000010,5,2,9,-1,1,99,9,9,99,9,99,1,0,1,0,0,0,11,12
2024010543170,2024,010543170,531176,182860,-0.11036,51.52942,2,2,3,10:10,-1,E09000019,5,0,9,-1,1,99,9,9,0,0,0,1,1,0,0,0,0,11,12
2024010543173,2024,010543173,549650,183754,0.15615,51.53286,3,3,4,08:40,-1,E09000002,4,0,1,0,1,"[7, 9]","[7, 3]",1,0,0,0,1,0,1,0,0,0,11,13
2024010543174,2024,010543174,533862,190279,-0.06884,51.59546,2,2,4,12:10,-1,E09000014,3,0,1,0,1,19,1,5,0,0,0,0,0,0,1,0,1,11,13
2024010543176,2024,010543176,527946,196663,-0.15187,51.6542,3,3,4,12:40,-1,E09000010,3,0,1,0,2,"[4, 19]",5,1,0,0,0,1,0,0,0,0,0,11,13
2024010543177,2024,010543177,530819,166835,-0.12142,51.38549,3,3,4,09:40,-1,E09000008,3,0,1,0,1,99,9,9,99,9,99,1,0,0,0,0,0,11,13
2024010543178,2024,010543178,534091,180616,-0.06921,51.50857,3,3,4,11:30,-1,E09000030,3,0,1,0,1,99,9,9,99,9,99,1,1,0,0,0,0,11,13
2024010543181,2024,010543181,552064,182192,0.19026,51.51819,3,3,2,16:54,-1,E09000016,5,2,1,0,1,99,9,9,99,9,99,1,0,0,0,0,1,11,11
2024010543185,2024,010543185,526226,184054,-0.18125,51.54128,2,2,4,12:53,-1,E09000007,4,0,1,0,1,19,3,7,0,0,0,1,0,0,0,0,1,11,13
2024010543186,2024,010543186,547931,174313,0.12744,51.44849,3,3,2,17:30,-1,E09000004,3,2,1,0,1,99,9,9,99,9,99,1,0,0,0,0,0,11,4
2024010543188,2024,010543188,514194,173826,-0.35797,51.45191,3,3,4,12:45,-1,E09000027,5,0,1,0,1,99,9,9,99,9,99,1,0,1,0,0,0,11,13
2024010543192,2024,010543192,525491,174834,-0.19512,51.45858,3,3,4,11:58,-1,E09000032,3,0,1,0,1,5,1,5,0,0,0,0,0,1,1,0,0,11,13
2024010543194,2024,010543194,524484,196771,-0.20185,51.65595,3,3,4,12:00,-1,E09000003,3,0,1,0,1,99,9,9,99,9,99,1,0,1,0,0,0,11,13
2024010543204,2024,010543204,518700,176410,-0.29229,51.47421,2,2,4,10:30,-1,E09000027,3,0,1,1,1,4,5,1,0,0,0,1,0,1,0,0,0,11,13
2024010543210,2024,010543210,550945,189584,0.17731,51.5849,2,2,4,15:09,-1,E09000016,6,0,1,0,1,19,"[5, 1]","[1, 5]",0,0,0,1,1,0,0,0,0,11,13
2024010543211,2024,010543211,522405,175904,-0.23914,51.46887,2,2,4,15:40,-1,E09000027,3,0,1,0,2,"[6, 19]","[1, 5]",1,0,0,0,1,1,0,0,0,0,11,13
2024010543219,2024,010543219,534533,187087,-0.06038,51.56662,3,3,3,22:20,-1,E09000012,3,2,1,1,1,99,9,9,99,9,99,1,0,1,0,0,0,11,12
2024010543229,2024,010543229,545688,164664,0.09122,51.36237,3,3,6,18:30,-1,E09000006,3,2,9,-1,1,99,9,9,99,9,99,1,0,1,0,0,0,11,8