collision_index,collision_year,collision_ref_no,location_easting_osgr,location_northing_osgr,longitude,latitude,casualty_severity,casualty_severity,day_of_week,time,local_authority_district,local_authority_ons_district,first_road_class,light_conditions,weather_conditions,road_surface_conditions,urban_or_rural_area,vehicle_manoeuvre,vehicle_direction_from,vehicle_direction_to,hit_object_in_carriageway,vehicle_leaving_carriageway,hit_object_off_carriageway,is_car,is_cyle,is_mcyle,is_goodsv,is_other,is_pedestrian,month,day
2024010543231,2024,010543231,521427,182468,-0.25096,51.52808,2,2,4,14:22,-1,E09000009,3,0,1,0,1,"[7, -1]",5,"[8, 1]",0,0,0,0,1,0,1,0,0,11,13
2024010543235,2024,010543235,512716,180127,-0.37723,51.50884,3,3,4,17:05,-1,E09000009,3,2,1,0,1,"[19, 9]","[1, 5]","[5, 2]",0,0,0,1,0,1,0,0,0,11,13
2024010543237,2024,010543237,534843,183497,-0.05728,51.53428,3,3,4,14:09,-1,E09000030,3,0,1,0,1,"[19, 8]","[1, 3]",5,0,"[3, 7]",0,1,0,0,0,0,0,11,13
2024010543240,2024,010543240,515486,180237,-0.33729,51.50927,3,3,4,15:02,-1,E09000009,6,2,1,0,1,"[9, 13]",5,"[3, 1]",0,0,0,1,0,1,0,0,0,11,13
2024010543243,2024,010543243,521612,182767,-0.24819,51.53072,3,3,5,18:30,-1,E09000009,3,2,2,1,1,99,9,9,99,9,99,1,1,0,0,0,0,9,26
2024010543248,2024,010543248,526600,177420,-0.17824,51.48158,3,3,4,15:39,-1,E09000020,6,0,1,0,1,"[9, 19]","[3, 7]","[1, 3]",0,0,0,1,1,0,0,0,0,11,13
2024010543250,2024,010543250,516644,188299,-0.31794,51.58149,3,3,3,15:07,-1,E09000005,3,0,1,0,1,99,9,9,99,9,99,1,0,0,0,0,1,11,12
2024010543254,2024,010543254,532130,179452,-0.09789,51.49857,3,3,4,16:17,-1,E09000028,3,2,1,0,1,4,5,1,0,0,0,0,0,0,1,0,0,11,13
2024010543256,2024,010543256,541533,168048,0.03293,51.39382,3,3,4,15:45,-1,E09000006,6,0,1,0,1,19,2,6,0,3,2,1,0,0,0,0,0,11,13
2024010543262,2024,010543262,521298,172177,-0.25635,51.43562,3,3,4,15:19,-1,E09000021,3,0,1,0,1,"[3, -1]",5,1,0,0,0,1,0,0,1,0,0,11,13
2024010543266,2024,010543266,516763,176977,-0.31998,51.47971,2,2,4,15:55,-1,E09000018,3,0,1,0,1,"[8, 19]","[1, 7]","[4, 3]",0,0,0,1,0,0,0,0,0,11,13
2024010543268,2024,010543268,535035,182406,-0.05493,51.52443,3,3,4,18:15,-1,E09000030,3,2,1,0,1,"[7, 19]",3,5,0,0,0,1,1,0,0,0,0,11,13
2024010543271,2024,010543271,547700,187523,0.12964,51.56724,3,3,4,18:20,-1,E09000002,5,2,8,0,1,99,9,9,99,9,99,1,0,0,0,0,0,11,13
2024010543274,2024,010543274,537526,179821,-0.02006,51.5006,3,3,4,15:00,-1,E09000030,5,0,1,0,1,99,9,9,99,9,99,0,0,1,0,0,1,11,13
2024010543278,2024,010543278,539751,187698,0.0151,51.57084,3,3,4,17:44,-1,E09000031,3,2,1,1,1,19,1,5,0,0,0,1,0,0,0,0,1,11,13
2024010543279,2024,010543279,539904,182196,0.01512,51.52136,3,3,3,16:35,-1,E09000025,6,0,1,0,1,99,9,9,99,9,99,1,0,0,0,0,0,11,12
2024010543281,2024,010543281,522629,180091,-0.23447,51.50645,3,3,4,19:10,-1,E09000013,3,2,1,0,1,"[15, 19]",3,7,0,0,0,1,1,0,0,0,0,11,13
2024010543282,2024,010543282,508411,180851,-0.43901,51.51619,3,3,4,18:45,-1,E09000017,3,2,1,0,1,19,5,1,0,0,0,0,0,0,0,0,0,11,13
2024010543284,2024,010543284,505691,180385,-0.47833,51.51252,3,3,4,21:10,-1,E09000017,6,2,1,0,1,19,5,1,0,0,0,1,0,0,0,0,0,11,13
2024010543285,2024,010543285,527362,175446,-0.16798,51.46366,3,3,4,19:10,-1,E09000032,3,2,1,0,1,99,9,9,99,9,99,1,0,0,0,0,1,11,13
2024010543286,2024,010543286,529314,179856,-0.13828,51.50285,3,3,4,18:20,-1,E09000033,5,2,1,0,1,"[4, 19]",7,3,0,0,0,0,1,1,0,0,0,11,13
2024010543289,2024,010543289,528682,163609,-0.15328,51.35699,3,3,4,15:30,-1,E09000029,6,0,1,0,1,19,1,5,0,0,0,1,0,0,0,0,1,11,13
2024010543292,2024,010543292,535054,169521,-0.05958,51.40864,3,3,4,20:46,-1,E09000006,3,2,1,0,1,19,"[4, 2]","[8, 6]",0,"[0, 7]",0,1,0,1,0,0,0,11,13
2024010543293,2024,010543293,522091,175488,-0.24381,51.4652,3,3,4,15:30,-1,E09000032,3,0,1,0,1,99,9,9,99,9,99,1,0,0,0,0,1,11,13
2024010543294,2024,010543294,513165,174365,-0.3726,51.45696,3,3,4,19:20,-1,E09000027,3,2,1,0,1,"[7, -1]",1,"[3, 5]",0,0,0,1,1,0,0,0,0,11,13
2024010543296,2024,010543296,521559,178992,-0.25026,51.49681,2,2,4,20:28,-1,E09000018,4,2,1,0,1,19,3,7,0,0,0,0,0,1,0,0,1,11,13
2024010543297,2024,010543297,524829,189763,-0.19936,51.5929,3,3,4,19:40,-1,E09000003,3,2,1,0,1,"[19, 9]","[5, 7]","[1, 5]",0,0,0,1,0,1,0,0,0,11,13
2024010543300,2024,010543300,537014,183436,-0.02602,51.53321,3,3,4,20:58,-1,E09000030,4,2,1,0,1,19,5,1,0,0,0,1,0,0,0,0,1,11,13
2024010543302,2024,010543302,529961,188052,-0.12595,51.57636,3,3,4,08:10,-1,E09000014,3,0,1,0,1,"[7, -1]","[6, 5]",1,0,0,0,1,1,0,0,0,0,11,13
2024010543304,2024,010543304,535556,181577,-0.04775,51.51686,3,3,4,20:25,-1,E09000030,5,2,1,0,1,"[13, 9]",7,"[3, 5]",0,0,0,1,1,0,0,0,0,11,13
2024010543305,2024,010543305,536934,181055,-0.0281,51.51184,3,3,4,15:45,-1,E09000030,3,0,1,0,1,"[7, 19]","[1, 7]",3,0,0,0,1,1,0,0,0,0,11,13
2024010543307,2024,010543307,533854,192445,-0.06813,51.61493,3,3,4,21:45,-1,E09000010,5,2,1,0,1,"[19, 10]",3,"[7, 1]",0,0,0,1,0,0,0,0,0,11,13
2024010543309,2024,010543309,525823,177006,-0.18957,51.47803,3,3,3,17:20,-1,E09000013,3,2,2,1,1,99,9,9,99,9,99,1,0,1,0,0,0,11,12
2024010543310,2024,010543310,521364,168545,-0.25664,51.40296,3,3,4,09:15,-1,E09000021,4,0,1,0,1,99,9,9,99,9,99,1,1,0,0,0,0,11,13
2024010543311,2024,010543311,526904,193333,-0.16813,51.62451,3,3,4,22:27,-1,E09000003,4,2,1,0,1,19,3,7,0,0,0,1,0,0,0,0,0,11,13
2024010543316,2024,010543316,527979,179756,-0.15754,51.50226,3,3,4,10:20,-1,E09000033,3,0,9,-1,1,99,9,9,0,0,0,1,0,0,0,0,1,11,13
2024010543319,2024,010543319,512659,178999,-0.37841,51.49871,2,2,4,21:30,-1,E09000009,5,2,1,0,1,99,9,9,99,9,99,0,0,0,0,1,1,11,13
2024010543321,2024,010543321,539446,193391,0.01296,51.62207,3,3,5,02:15,-1,E09000031,6,2,9,0,1,"[2, 19]","[0, 8]","[0, 4]","[0, 10]","[0, 1]",0,1,0,0,0,0,0,11,14
2024010543323,2024,010543323,528371,173034,-0.15434,51.44176,3,3,5,01:40,-1,E09000032,3,2,1,0,1,"[3, 19]","[2, 5]","[6, 1]",0,0,0,1,0,0,0,0,0,11,14
2024010543327,2024,010543327,527875,175309,-0.16065,51.46232,3,3,5,05:25,-1,E09000032,3,2,1,0,1,"[2, 19]","[0, 5]","[0, 1]","[0, 4]",0,0,1,0,0,0,0,0,11,14
2024010543341,2024,010543341,540078,188409,0.0201,51.57715,3,3,5,08:40,-1,E09000026,3,0,1,0,1,99,9,9,99,9,99,1,0,0,0,0,1,11,14
2024010543347,2024,010543347,531519,166180,-0.11161,51.37944,3,3,3,20:10,-1,E09000008,6,2,1,0,1,99,9,9,99,9,99,1,0,1,0,0,0,11,12
2024010543351,2024,010543351,545288,178277,0.09106,51.48479,3,3,5,08:42,-1,E09000011,5,0,1,0,1,"[4, 3]",1,5,0,0,0,1,0,0,0,0,0,11,14
2024010543365,2024,010543365,539038,194558,0.00754,51.63266,2,2,5,10:30,-1,E09000031,3,0,1,0,1,"[6, 15]","[1, 5]",1,4,0,0,1,1,0,0,0,0,11,14
2024010543366,2024,010543366,529552,165061,-0.14027,51.36984,3,3,5,09:10,-1,E09000029,3,0,1,0,1,"[4, 9, 19]","[3, 1]",7,"[10, 0]",0,0,1,0,0,0,0,0,11,14
2024010543368,2024,010543368,539544,179163,0.00874,51.4942,2,2,5,10:40,-1,E09000011,6,0,1,0,2,"[19, 2]","[5, 0]","[1, 0]",0,0,0,1,0,0,0,0,1,11,14
2024010543375,2024,010543375,525060,186433,-0.19721,51.56292,3,3,5,22:25,-1,E09000003,3,2,9,-1,1,99,9,9,99,9,99,1,0,1,0,0,0,11,7
2024010543380,2024,010543380,537835,192552,-0.01062,51.61493,3,3,4,14:55,-1,E09000031,6,0,9,-1,1,"[99, 19]","[9, 5]","[9, 1]",99,"[9, 0]","[99, 0]",1,0,0,0,0,0,11,13
2024010543381,2024,010543381,537231,187729,-0.02122,51.57174,2,2,6,22:00,-1,E09000031,3,0,8,0,1,19,"[7, 3]","[3, 7]",0,0,0,0,1,0,0,0,0,8,23
2024010543383,2024,010543383,544655,167389,0.0775,51.38712,3,3,1,19:00,-1,E09000006,5,2,9,0,1,99,9,9,99,9,99,1,0,1,0,0,0,11,10
2024010543386,2024,010543386,545293,175008,0.08979,51.45541,3,3,5,06:53,-1,E09000004,3,2,1,1,1,"[11, 19]",3,7,0,0,0,0,0,1,0,0,0,11,14
2024010543387,2024,010543387,531545,192356,-0.10149,51.61467,2,2,5,11:13,-1,E09000010,6,0,1,0,1,7,1,3,0,0,0,1,0,0,0,0,1,11,14
2024010543388,2024,010543388,520852,188486,-0.25718,51.58228,3,3,2,19:02,-1,E09000005,3,2,1,0,1,99,9,9,99,9,99,1,0,0,0,0,1,11,11
2024010543395,2024,010543395,524783,187634,-0.20078,51.57377,3,3,4,17:50,-1,E09000003,3,2,9,-1,1,99,9,9,99,9,99,1,0,1,0,0,0,11,13
2024010543397,2024,010543397,523298,169267,-0.2286,51.40903,3,3,5,09:40,-1,E09000024,3,0,1,0,1,99,9,9,99,9,99,1,1,0,0,0,0,11,14
2024010543400,2024,010543400,534766,197836,-0.05289,51.66315,2,2,5,12:21,-1,E09000010,6,0,1,0,1,-1,1,5,0,0,0,1,0,1,0,0,0,11,14
2024010543403,2024,010543403,529821,181395,-0.13042,51.51657,3,3,4,17:20,-1,E09000033,3,2,1,0,1,99,9,9,99,9,99,0,1,0,0,1,0,11,13
2024010543404,2024,010543404,524802,184430,-0.20164,51.54497,3,3,4,22:15,-1,E09000005,3,2,9,-1,1,"[1, 99]",9,9,99,9,99,1,0,1,0,0,0,11,13
2024010543407,2024,010543407,533437,169120,-0.08296,51.40542,3,3,4,18:50,-1,E09000008,3,2,9,-1,1,99,9,9,99,9,99,1,0,1,0,0,0,11,13
2024010543413,2024,010543413,519773,180234,-0.27555,51.50835,3,3,5,13:45,-1,E09000009,3,0,1,0,1,99,9,9,99,9,99,0,1,0,0,0,0,11,14
2024010543414,2024,010543414,525956,193162,-0.18188,51.62319,3,3,4,18:30,-1,E09000003,6,0,9,-1,1,99,9,9,99,9,99,1,0,1,0,0,0,11,13
2024010543418,2024,010543418,529661,181113,-0.13283,51.51407,3,3,2,13:18,-1,E09000033,5,0,1,0,1,99,9,9,99,9,99,1,1,0,0,0,0,11,11
2024010543423,2024,010543423,528442,181124,-0.15038,51.51445,3,3,5,13:50,-1,E09000033,3,2,9,-1,1,99,9,9,"[99, 8]",9,99,1,0,1,0,0,0,11,14
2024010543426,2024,010543426,538068,163304,-0.01868,51.35205,3,3,5,15:58,-1,E09000008,5,2,1,0,1,"[19, 2]","[6, 0]","[2, 0]","[4, 0]","[1, 7, 0]","[10, 0]",1,0,0,0,0,0,11,14
2024010543429,2024,010543429,533935,184706,-0.06991,51.54536,2,2,5,16:40,-1,E09000012,4,2,1,0,1,"[9, 15]",5,"[3, 1]",0,"[0, 1]",0,1,1,0,0,0,0,11,14
2024010543430,2024,010543430,550678,187397,0.17252,51.56532,3,3,5,12:32,-1,E09000016,3,0,1,0,1,19,7,3,0,0,0,1,0,0,1,0,0,11,14
2024010543432,2024,010543432,529689,194087,-0.12764,51.63066,3,3,5,16:13,-1,E09000010,3,0,1,0,1,99,9,9,99,9,99,1,0,0,0,0,0,11,14
2024010543433,2024,010543433,516136,182424,-0.32721,51.52879,3,3,5,05:50,-1,E09000009,4,2,1,0,1,99,9,9,99,9,99,1,1,0,0,0,0,11,14
2024010543435,2024,010543435,518972,182249,-0.28641,51.52663,3,3,5,16:25,-1,E09000009,6,2,9,-1,1,99,9,9,99,9,99,1,0,0,0,0,1,11,14
2024010543443,2024,010543443,529028,180465,-0.14218,51.50839,3,3,5,16:16,-1,E09000033,5,0,1,0,1,5,1,5,0,0,0,0,1,0,0,0,1,11,14
2024010543451,2024,010543451,524006,175211,-0.21635,51.4623,3,3,5,17:19,-1,E09000032,3,2,1,0,1,19,2,6,0,3,0,0,1,0,0,0,1,11,14
2024010543455,2024,010543455,505886,176981,-0.47655,51.48188,3,3,4,08:00,-1,E09000017,3,0,1,0,1,99,9,9,99,9,99,0,0,1,0,0,1,11,13
2024010543456,2024,010543456,530935,192076,-0.1104,51.6123,3,3,5,06:45,-1,E09000010,3,0,9,0,1,99,9,9,99,9,99,1,0,0,0,0,0,11,14
2024010543457,2024,010543457,526765,177751,-0.17575,51.48451,2,2,5,14:45,-1,E09000020,3,0,1,0,1,"[5, 19]","[7, 1]","[3, 5]",0,0,0,1,0,1,0,0,0,11,14
2024010543458,2024,010543458,550411,173941,0.16294,51.44449,3,3,5,17:10,-1,E09000004,3,2,1,0,2,12,7,3,0,0,0,1,0,1,0,0,0,11,14
2024010543459,2024,010543459,527670,177704,-0.16274,51.48389,2,2,5,20:20,-1,E09000020,3,2,1,0,1,"[-1, 13]",7,3,0,0,0,1,1,0,0,0,0,11,14
2024010543465,2024,010543465,543933,188274,0.07564,51.57496,2,2,5,21:40,-1,E09000026,3,2,9,0,1,"[19, 12]",3,7,0,0,0,1,0,0,0,0,0,11,14
2024010543469,2024,010543469,537606,183236,-0.01757,51.53127,3,3,5,17:24,-1,E09000030,3,2,1,0,1,"[5, 3]",1,5,0,0,0,1,0,0,0,0,0,11,14
2024010543473,2024,010543473,518307,169307,-0.30032,51.41045,3,3,5,23:04,-1,E09000021,3,2,9,0,1,"[4, 3]",1,5,0,0,0,0,0,1,1,0,0,11,14
2024010543477,2024,010543477,529143,191925,-0.13632,51.61135,3,3,5,21:15,-1,E09000010,3,2,1,0,1,99,9,9,99,9,99,1,0,1,0,0,0,11,14
2024010543482,2024,010543482,531758,181832,-0.10236,51.52005,3,3,5,23:30,-1,E09000019,5,2,1,0,1,19,5,1,0,0,0,1,0,0,0,0,1,11,14
2024010543484,2024,010543484,550916,189247,0.17675,51.58188,3,3,5,20:30,-1,E09000016,3,2,8,0,1,99,9,9,99,9,99,0,0,0,1,0,0,11,14
2024010543485,2024,010543485,542345,177592,0.04843,51.47938,3,3,6,00:48,-1,E09000011,5,2,1,0,1,19,3,7,0,0,0,1,0,0,0,0,0,11,15
2024010543486,2024,010543486,526189,178439,-0.18379,51.49083,2,2,6,01:00,-1,E09000020,3,2,1,0,1,"[19, 15]",3,7,0,0,0,1,0,1,0,0,0,11,15
2024010543487,2024,010543487,537565,185492,-0.01728,51.55155,3,3,5,22:15,-1,E09000025,3,2,1,0,2,"[19, 7]","[7, 2, 3]","[3, 5, 7]",0,0,0,1,0,0,1,0,0,11,14
2024010543490,2024,010543490,534407,187346,-0.06209,51.56897,3,3,5,21:47,-1,E09000012,3,2,1,0,1,5,5,1,0,1,10,1,0,0,0,0,1,11,14
2024010543494,2024,010543494,556067,186739,0.24992,51.55795,3,3,5,16:05,-1,E09000016,5,2,1,0,1,"[2, 99]","[0, 9]","[0, 9]",99,9,99,1,1,0,0,0,0,11,14
2024010543495,2024,010543495,530636,180932,-0.11885,51.51222,3,3,5,22:10,-1,E09000033,3,2,1,0,1,19,3,7,0,0,0,1,0,0,0,0,1,11,14
2024010543501,2024,010543501,534690,180731,-0.06054,51.50946,2,2,6,07:05,-1,E09000030,3,0,1,0,1,"[13, 9]",3,"[7, 1]","[10, 0]","[7, 0]","[11, 0]",1,0,1,0,0,0,11,15
2024010543504,2024,010543504,511112,184438,-0.39897,51.5479,3,3,6,07:20,-1,E09000017,3,0,1,0,1,19,"[3, 1]","[7, 5]",0,0,0,1,0,0,0,0,0,11,15
2024010543506,2024,010543506,539610,173754,0.00755,51.44557,3,3,4,17:20,-1,E09000023,3,2,1,0,1,99,9,9,99,9,99,1,0,1,0,0,0,11,13
2024010543507,2024,010543507,533801,171614,-0.07679,51.42774,2,2,6,06:45,-1,E09000028,6,0,1,0,1,19,"[1, 5]","[5, 1]",0,0,0,0,1,1,0,0,0,11,15
2024010543519,2024,010543519,522455,165743,-0.24193,51.37754,3,3,4,15:25,-1,E09000029,6,0,9,-1,1,99,9,9,99,9,99,1,0,1,0,0,0,11,13
2024010543521,2024,010543521,520833,178492,-0.26088,51.49247,3,3,6,09:09,-1,E09000018,3,0,1,0,1,5,7,3,0,0,0,0,0,0,0,0,1,11,15
2024010543528,2024,010543528,531383,175908,-0.10996,51.4669,3,3,5,11:45,-1,E09000022,6,0,1,0,1,99,9,9,99,9,99,1,1,0,0,0,0,11,14
2024010543534,2024,010543534,528954,184399,-0.14181,51.54376,3,3,5,17:10,-1,E09000007,3,2,8,0,1,19,1,5,99,0,0,0,0,0,0,0,1,11,14
2024010543541,2024,010543541,543462,186298,0.06804,51.55733,3,3,6,11:45,-1,E09000026,3,0,1,0,1,"[12, 19]",3,7,0,0,0,1,0,0,1,0,0,11,15
2024010543546,2024,010543546,537355,181607,-0.02182,51.51669,3,3,3,12:30,-1,E09000030,5,0,9,-1,1,99,9,9,99,9,99,1,0,0,0,0,1,11,12
2024010543548,2024,010543548,539382,164406,0.0006,51.36163,3,3,6,07:38,-1,E09000006,6,0,1,0,1,"[4, 1]",1,5,0,0,0,1,0,1,0,0,0,11,15
2024010543552,2024,010543552,541558,185246,0.04017,51.54836,3,3,6,11:56,-1,E09000025,3,0,1,0,1,14,7,3,0,0,0,1,0,0,0,0,1,11,15
2024010543555,2024,010543555,535000,180924,-0.056,51.51112,2,2,5,21:15,-1,E09000030,4,2,4,0,1,99,9,9,99,9,99,0,1,0,0,0,0,10,17
2024010543556,2024,010543556,539904,169488,0.0101,51.40717,3,3,6,11:08,-1,E09000006,3,0,1,0,1,4,3,7,0,0,0,0,0,0,1,0,0,11,15
2024010543559,2024,010543559,530216,172397,-0.12804,51.43562,3,3,6,12:31,-1,E09000022,3,0,1,0,1,"[9, 19]",5,"[3, 1]",0,0,0,1,0,1,0,0,0,11,15
2024010543560,2024,010543560,524872,184665,-0.20055,51.54707,3,3,6,09:35,-1,E09000007,6,0,1,0,1,"[2, -1]","[0, 3]","[0, 7]",4,0,0,1,0,0,0,0,0,11,15
2024010543564,2024,010543564,527504,178459,-0.16485,51.49071,2,2,6,13:50,-1,E09000020,6,0,1,0,1,"[9, 19]","[1, 7]","[6, 3]",0,0,0,1,1,0,0,0,0,11,15
2024010543566,2024,010543566,533483,183926,-0.07672,51.53846,3,3,5,16:42,-1,E09000012,3,2,1,0,1,99,9,9,99,9,99,1,0,0,0,0,1,11,14
2024010543570,2024,010543570,534911,182737,-0.05659,51.52744,3,3,5,16:35,-1,E09000030,3,2,1,0,1,99,9,9,99,9,99,1,1,0,0,0,0,11,14
2024010543571,2024,010543571,516911,179189,-0.31712,51.49956,3,3,5,13:00,-1,E09000009,6,0,9,-1,1,99,9,9,99,9,99,1,0,1,0,0,0,11,14
2024010543572,2024,010543572,521008,172334,-0.26047,51.43709,2,2,6,12:55,-1,E09000027,6,0,1,0,2,19,7,3,0,0,0,0,1,0,0,0,0,11,15
2024010543575,2024,010543575,531116,176320,-0.11365,51.47066,3,3,4,18:00,-1,E09000022,6,2,1,0,1,99,9,9,99,9,99,1,0,0,0,0,1,11,13
2024010543580,2024,010543580,527488,177237,-0.16552,51.47973,2,2,5,19:17,-1,E09000032,3,2,9,1,1,19,6,2,7,0,0,0,1,0,0,0,0,11,7
2024010543582,2024,010543582,525200,177201,-0.19847,51.47992,3,3,6,12:55,-1,E09000013,3,0,1,0,1,5,5,1,0,0,0,0,0,0,1,0,0,11,15
2024010543586,2024,010543586,533066,183406,-0.08292,51.53389,3,3,6,15:40,-1,E09000012,5,0,1,0,1,99,9,9,99,9,99,1,1,0,0,0,0,11,15
2024010543589,2024,010543589,549544,178774,0.15252,51.48815,2,2,6,09:20,-1,E09000004,6,0,1,0,1,19,5,1,0,0,0,0,1,0,0,0,0,11,15
2024010543591,2024,010543591,535259,184767,-0.0508,51.5456,2,2,6,20:40,-1,E09000012,6,2,8,0,1,99,9,9,99,9,99,1,1,0,0,0,0,11,15
2024010543592,2024,010543592,532280,180221,-0.09544,51.50545,2,2,6,16:55,-1,E09000028,3,2,1,0,1,19,1,5,10,1,0,0,1,0,0,0,0,11,15
2024010543602,2024,010543602,531495,165202,-0.11232,51.37066,3,3,6,16:31,-1,E09000008,5,0,1,0,1,"[2, -1]","[0, 5, 1]","[0, 1, 5]","[0, 4]","[0, 1]",0,1,0,0,0,0,0,11,15
2024010543604,2024,010543604,526558,177668,-0.17875,51.48381,3,3,4,20:10,-1,E09000020,6,2,1,0,1,99,9,9,99,9,99,1,0,0,0,0,0,11,13
2024010543608,2024,010543608,525197,181357,-0.19704,51.51727,2,2,6,18:00,-1,E09000033,6,2,1,0,1,"[9, 19]","[3, 7]","[1, 3]",0,0,0,1,1,0,0,0,0,11,15
2024010543615,2024,010543615,531008,175283,-0.11559,51.46137,3,3,6,18:25,-1,E09000022,3,2,1,0,1,19,1,5,0,0,0,0,0,0,1,0,0,11,15
2024010543617,2024,010543617,533759,180626,-0.07399,51.50874,3,3,6,17:40,-1,E09000030,3,2,1,0,1,99,9,9,99,9,99,1,1,0,0,0,0,11,15
2024010543618,2024,010543618,528709,181089,-0.14655,51.51407,3,3,6,15:40,-1,E09000033,4,0,1,0,1,19,6,2,0,0,0,1,0,0,0,0,1,11,15
2024010543619,2024,010543619,521544,184526,-0.24856,51.54655,3,3,6,17:50,-1,E09000005,6,2,1,0,1,99,9,9,99,9,99,1,0,0,0,0,1,11,15
2024010543621,2024,010543621,534197,183138,-0.06673,51.53121,2,2,6,17:35,-1,E09000012,3,2,1,0,1,19,7,3,0,0,0,0,0,1,0,0,1,11,15
2024010543622,2024,010543622,525996,163120,-0.19201,51.35319,3,3,6,17:32,-1,E09000029,4,0,1,0,1,19,1,5,0,0,0,0,0,0,1,0,0,11,15
2024010543623,2024,010543623,532364,179683,-0.09443,51.50059,2,2,6,16:05,-1,E09000028,3,0,1,0,1,5,5,1,0,0,0,0,0,1,0,0,1,11,15
2024010543625,2024,010543625,526155,174733,-0.1856,51.45753,3,3,6,19:51,-1,E09000032,3,2,1,0,1,"[4, 7]",5,"[1, 7]",0,0,0,1,0,1,0,0,0,11,15
2024010543627,2024,010543627,542334,184541,0.05107,51.54183,3,3,6,18:34,-1,E09000025,6,2,1,0,1,"[1, 19]","[3, 7]","[7, 3]",0,0,0,1,1,0,0,0,0,11,15
2024010543630,2024,010543630,506206,185491,-0.46938,51.55831,2,2,6,17:04,-1,E09000017,3,2,1,0,1,7,1,4,10,4,1,0,0,1,0,0,0,11,15
2024010543631,2024,010543631,514463,187557,-0.34965,51.57527,3,3,6,14:35,-1,E09000015,5,0,1,0,1,"[10, -1]",1,"[7, 5]",0,0,0,1,0,1,0,0,0,11,15
2024010543632,2024,010543632,517567,184181,-0.30601,51.54429,3,3,6,19:05,-1,E09000005,3,2,1,0,1,4,5,1,0,0,0,0,0,1,0,0,0,11,15
2024010543633,2024,010543633,512931,174862,-0.37581,51.46148,3,3,6,16:05,-1,E09000018,3,0,1,0,1,"[5, 3]",5,1,0,0,0,1,0,0,0,0,0,11,15
2024010543637,2024,010543637,527979,180756,-0.15718,51.51125,3,3,4,16:50,-1,E09000033,3,0,1,0,1,99,9,9,99,9,99,1,0,0,1,0,0,7,17
2024010543638,2024,010543638,532798,185361,-0.08604,51.55152,2,2,6,20:25,-1,E09000019,3,2,1,0,1,4,5,1,0,0,0,1,0,0,0,0,1,11,15
2024010543640,2024,010543640,529286,183409,-0.13739,51.53479,3,3,5,10:45,-1,E09000007,4,0,1,0,1,99,9,9,99,9,99,1,0,0,0,0,1,11,14
2024010543642,2024,010543642,531795,178633,-0.10302,51.49129,2,2,6,20:40,-1,E09000028,3,2,1,0,1,19,1,5,0,0,0,0,0,1,0,0,1,11,15
2024010543643,2024,010543643,552875,187402,0.2042,51.56478,3,3,6,18:45,-1,E09000016,3,2,1,0,1,"[14, 10]","[7, 3]","[3, 2]",0,0,0,1,0,1,0,0,0,11,15
2024010543647,2024,010543647,524882,185148,-0.20023,51.55141,2,2,6,18:00,-1,E09000007,5,2,1,0,1,19,"[3, 7]","[7, 3]",0,0,0,0,0,1,0,0,0,11,15
2024010543652,2024,010543652,524446,184102,-0.20689,51.5421,3,3,6,18:55,-1,E09000005,3,2,1,0,1,"[9, 19]","[1, 4]","[7, 8]",0,0,0,1,0,1,0,0,0,11,15
2024010543653,2024,010543653,530325,186916,-0.12112,51.56607,3,3,6,17:05,-1,E09000019,3,2,1,0,1,99,9,9,99,9,99,1,1,0,0,0,0,11,15
2024010543657,2024,010543657,536680,188006,-0.02906,51.57436,3,3,5,17:33,-1,E09000031,3,2,1,1,1,99,9,9,99,9,99,1,1,0,0,0,0,11,14
2024010543663,2024,010543663,523773,175108,-0.21974,51.46142,2,2,6,21:10,-1,E09000032,3,2,1,0,1,19,3,7,"[0, 10]",0,0,1,1,0,0,0,0,11,15
2024010543664,2024,010543664,522005,179778,-0.24356,51.50378,3,3,6,22:05,-1,E09000013,4,2,1,0,1,"[19, 9]","[5, 1]","[1, 7]",0,0,0,1,0,1,0,0,0,11,15
2024010543666,2024,010543666,535966,180981,-0.04207,51.5114,2,2,6,17:40,-1,E09000030,3,2,1,0,1,19,1,5,0,0,0,0,0,1,0,0,1,11,15
2024010543676,2024,010543676,530510,183012,-0.1199,51.53094,2,2,6,23:00,-1,E09000019,3,2,9,0,1,19,7,3,0,0,0,1,1,0,0,0,0,11,15
2024010543677,2024,010543677,529082,167759,-0.14603,51.39419,3,3,6,19:27,-1,E09000024,3,2,1,0,1,19,"[2, 5]","[6, 1]",0,0,0,1,0,0,0,0,0,11,15
2024010543678,2024,010543678,550013,173042,0.15684,51.43652,1,1,6,23:32,-1,E09000004,4,2,1,0,1,-1,7,3,0,0,0,1,0,0,0,0,1,11,15
2024010543682,2024,010543682,532620,164850,-0.0963,51.36724,3,3,6,22:50,-1,E09000008,4,0,1,0,1,7,"[8, 4]","[3, 7]",0,0,0,1,1,0,0,0,0,11,15