collision_index,collision_year,collision_ref_no,location_easting_osgr,location_northing_osgr,longitude,latitude,casualty_severity,casualty_severity,day_of_week,time,local_authority_district,local_authority_ons_district,first_road_class,light_conditions,weather_conditions,road_surface_conditions,urban_or_rural_area,vehicle_manoeuvre,vehicle_direction_from,vehicle_direction_to,hit_object_in_carriageway,vehicle_leaving_carriageway,hit_object_off_carriageway,is_car,is_cyle,is_mcyle,is_goodsv,is_other,is_pedestrian,month,day
2024010544211,2024,010544211,510699,181172,-0.40595,51.51863,3,3,2,17:37,-1,E09000017,5,2,2,1,1,"[15, 4]",1,5,8,0,0,1,0,1,0,0,0,11,18
2024010544213,2024,010544213,535690,183932,-0.04491,51.53799,3,3,2,17:00,-1,E09000012,3,2,9,0,1,"[7, 19]",1,"[3, 5]",0,0,0,0,1,0,1,0,0,11,18
2024010544217,2024,010544217,534702,197474,-0.05395,51.65992,3,3,2,17:45,-1,E09000010,5,2,2,1,1,99,9,9,99,9,99,1,0,0,0,0,0,11,18
2024010544219,2024,010544219,532232,178742,-0.09669,51.49217,3,3,2,17:32,-1,E09000028,6,2,2,1,1,19,7,3,11,0,0,0,0,1,0,0,1,11,18
2024010544222,2024,010544222,532662,164253,-0.09592,51.36186,3,3,2,16:50,-1,E09000008,4,2,2,1,1,99,9,9,99,9,99,1,0,0,0,0,1,11,18
2024010544229,2024,010544229,549437,175198,0.14947,51.45604,3,3,2,19:00,-1,E09000004,5,2,1,1,1,19,1,5,0,0,0,0,0,0,1,0,1,11,18
2024010544230,2024,010544230,528639,184212,-0.14642,51.54215,3,3,2,19:00,-1,E09000007,3,2,2,1,1,19,1,5,0,0,0,0,0,1,0,0,1,11,18
2024010544234,2024,010544234,522740,187395,-0.23032,51.57207,2,2,2,18:30,-1,E09000003,3,2,2,1,1,19,7,3,0,0,0,1,0,1,0,0,0,11,18
2024010544235,2024,010544235,538400,177702,-0.0083,51.48135,3,3,1,20:30,-1,E09000011,3,2,2,1,1,99,9,9,99,9,99,1,0,1,0,0,0,11,17
2024010544239,2024,010544239,532923,178461,-0.08684,51.48948,3,3,2,08:45,-1,E09000028,6,0,1,1,1,99,9,9,99,9,99,1,1,0,0,0,0,11,18
2024010544240,2024,010544240,536322,172247,-0.04031,51.43283,3,3,3,09:47,-1,E09000023,6,0,1,0,1,99,9,9,99,9,99,1,0,0,0,0,0,11,12
2024010544244,2024,010544244,542836,182558,0.0575,51.52388,3,3,2,20:10,-1,E09000025,3,2,2,1,1,19,1,5,0,0,0,1,0,0,0,0,1,11,18
2024010544246,2024,010544246,524123,181192,-0.21257,51.51602,3,3,2,19:41,-1,E09000020,5,2,2,1,1,7,3,5,0,0,0,1,0,0,0,0,1,11,18
2024010544247,2024,010544247,510805,181044,-0.40446,51.51746,3,3,2,19:45,-1,E09000017,3,2,9,1,1,19,3,7,0,0,0,0,0,0,1,0,0,11,18
2024010544249,2024,010544249,546174,174485,0.10224,51.45049,3,3,2,20:25,-1,E09000004,3,2,2,1,1,19,3,7,0,0,0,1,0,0,0,0,1,11,18
2024010544252,2024,010544252,523415,178431,-0.22373,51.49136,3,3,2,20:13,-1,E09000013,3,2,2,1,1,19,"[3, 5]","[7, 1]",0,0,0,1,1,0,0,0,0,11,18
2024010544254,2024,010544254,524066,196429,-0.20801,51.65297,3,3,2,17:25,-1,E09000003,3,2,2,1,1,4,7,3,0,0,0,1,0,0,0,0,1,11,18
2024010544258,2024,010544258,514747,183170,-0.34698,51.53578,3,3,2,20:53,-1,E09000009,3,2,2,1,1,19,3,7,0,0,0,1,0,0,0,0,0,11,18
2024010544260,2024,010544260,534290,182978,-0.06545,51.52975,3,3,2,19:34,-1,E09000030,4,2,2,1,1,99,9,9,99,9,99,1,1,0,0,0,0,11,18
2024010544261,2024,010544261,532775,170037,-0.09213,51.41381,3,3,2,00:00,-1,E09000008,3,2,2,1,1,99,9,9,99,9,99,1,0,0,1,0,0,11,18
2024010544262,2024,010544262,532548,163667,-0.09777,51.35662,3,3,2,19:02,-1,E09000008,3,2,2,1,1,99,9,9,99,9,99,1,0,0,0,0,1,11,18
2024010544264,2024,010544264,530151,180102,-0.12614,51.50487,3,3,2,20:09,-1,E09000033,3,2,2,1,1,7,3,4,0,0,0,1,0,0,0,0,1,11,18
2024010544267,2024,010544267,553280,191150,0.21167,51.59834,3,3,2,21:38,-1,E09000016,5,2,2,1,1,"[2, 19]","[0, 1]","[0, 5]","[0, 7]","[0, 1]",0,1,0,0,0,0,0,11,18
2024010544268,2024,010544268,550175,182481,0.16318,51.52129,3,3,2,19:10,-1,E09000016,3,2,2,1,1,"[4, 19]",7,3,0,0,0,1,0,0,0,0,0,11,18
2024010544270,2024,010544270,536827,170304,-0.0338,51.41525,3,3,2,16:27,-1,E09000006,6,2,2,1,1,19,"[5, 1]","[1, 5]",0,0,0,1,0,0,0,0,0,11,18
2024010544278,2024,010544278,526131,196059,-0.17831,51.64919,2,2,2,17:19,-1,E09000003,3,2,2,1,1,99,9,9,99,9,99,1,0,0,0,0,1,11,18
2024010544279,2024,010544279,543823,183403,0.07206,51.53122,3,3,2,22:30,-1,E09000025,3,2,2,1,2,19,5,1,0,"[0, 1]","[0, 7]",1,0,0,0,0,0,11,18
2024010544282,2024,010544282,527349,181786,-0.16588,51.52064,3,3,2,21:30,-1,E09000033,3,2,2,1,1,4,3,7,0,0,0,0,0,0,1,0,0,11,18
2024010544286,2024,010544286,534545,181772,-0.06223,51.51885,3,3,2,23:06,-1,E09000030,3,2,2,1,1,19,7,3,0,0,0,0,1,0,0,0,0,11,18
2024010544289,2024,010544289,524939,181428,-0.20073,51.51796,3,3,2,21:48,-1,E09000033,4,2,2,1,1,"[10, 7]","[5, 3]","[3, 5]",0,0,0,1,0,1,0,0,0,11,18
2024010544290,2024,010544290,524283,183895,-0.20931,51.54028,3,3,3,04:55,-1,E09000005,5,2,2,1,1,19,1,5,0,0,0,1,0,0,0,0,0,11,19
2024010544293,2024,010544293,530618,174206,-0.1216,51.45178,3,3,1,02:45,-1,E09000022,3,0,1,0,1,99,9,9,99,9,99,0,1,0,0,0,1,10,27
2024010544294,2024,010544294,523062,178760,-0.2287,51.4944,3,3,3,07:49,-1,E09000013,3,0,2,1,1,19,3,7,0,0,0,1,0,0,0,0,1,11,19
2024010544298,2024,010544298,539787,172061,0.00943,51.43032,3,3,7,18:00,-1,E09000023,6,2,9,-1,1,99,9,9,0,9,0,1,0,0,0,0,1,9,28
2024010544300,2024,010544300,537234,168245,-0.02875,51.39665,3,3,3,07:12,-1,E09000006,5,0,2,1,1,19,3,7,0,0,0,1,0,0,0,0,1,11,19
2024010544301,2024,010544301,521360,189178,-0.24961,51.58839,3,3,2,13:20,-1,E09000003,6,0,8,0,1,99,9,9,99,9,99,1,0,1,0,0,0,11,18
2024010544302,2024,010544302,527039,181742,-0.17037,51.52032,3,3,3,07:20,-1,E09000033,3,0,2,1,1,"[4, 19, 12]","[2, 4]","[6, 8]","[0, 10]","[0, 4]","[0, 2]",1,0,0,1,0,0,11,19
2024010544309,2024,010544309,531829,177226,-0.10305,51.47864,2,2,6,07:00,-1,E09000028,6,2,1,0,1,"[99, -1]","[9, 3]","[9, 7]","[99, 0]","[9, 0]",0,1,1,0,0,0,0,11,8
2024010544310,2024,010544310,534312,193239,-0.06121,51.62195,3,3,3,07:43,-1,E09000010,6,0,3,1,1,9,5,3,0,0,0,1,0,0,0,0,1,11,19
2024010544313,2024,010544313,531279,182539,-0.10899,51.52651,3,3,3,08:55,-1,E09000019,3,0,3,1,1,"[9, 19]","[7, 1]","[6, 5]",0,0,0,1,1,0,0,0,0,11,19
2024010544318,2024,010544318,546649,176158,0.10977,51.4654,3,3,3,06:40,-1,E09000004,3,2,2,1,1,19,5,1,0,1,0,1,0,0,0,0,1,11,19
2024010544320,2024,010544320,531574,189748,-0.10205,51.59123,3,3,2,14:00,-1,E09000014,3,0,1,0,1,99,9,9,99,9,99,1,0,1,0,0,0,11,18
2024010544322,2024,010544322,547702,187614,0.12971,51.56806,3,3,3,08:15,-1,E09000002,5,0,3,1,1,5,0,1,0,0,0,1,0,0,0,0,1,11,19
2024010544323,2024,010544323,525814,176995,-0.1897,51.47793,3,3,3,09:20,-1,E09000013,3,0,2,1,1,99,9,9,99,9,99,1,1,0,0,0,0,11,19
2024010544324,2024,010544324,543817,184385,0.07238,51.54005,3,3,4,09:20,-1,E09000002,6,0,9,-1,1,4,1,5,99,9,99,1,0,0,0,0,0,11,13
2024010544329,2024,010544329,533460,195224,-0.07275,51.63999,3,3,3,08:30,-1,E09000010,5,0,3,2,1,"[19, 9]","[7, 5]",3,0,"[0, 1]",0,1,0,0,0,0,0,11,19
2024010544337,2024,010544337,537730,176778,-0.01831,51.47321,3,3,5,19:10,-1,E09000011,3,2,1,0,1,99,9,9,99,9,99,1,0,1,0,0,0,10,3
2024010544338,2024,010544338,512624,179826,-0.37865,51.50615,3,3,2,17:00,-1,E09000009,3,2,2,1,1,99,9,9,99,9,99,1,0,1,0,0,0,11,18
2024010544342,2024,010544342,528408,173307,-0.15371,51.44421,3,3,6,15:15,-1,E09000032,6,0,1,0,1,99,9,9,99,9,99,1,0,0,0,0,1,11,15
2024010544343,2024,010544343,525491,179535,-0.19345,51.50083,3,3,1,14:12,-1,E09000020,3,0,1,0,1,99,9,9,99,9,99,1,0,0,0,0,1,11,17
2024010544345,2024,010544345,548117,175462,0.13059,51.45876,3,3,1,17:30,-1,E09000004,5,2,1,0,1,"[19, 4, 99]","[1, 9]","[5, 9]","[0, 99]","[0, 1, 9]","[0, 99]",1,0,1,0,0,0,11,10
2024010544355,2024,010544355,530711,183887,-0.11668,51.53876,3,3,3,15:29,-1,E09000019,3,2,8,1,1,99,9,9,99,9,99,1,0,0,0,0,0,7,9
2024010544362,2024,010544362,513558,176208,-0.36636,51.47345,3,3,3,08:39,-1,E09000018,3,0,2,1,1,19,6,2,0,0,0,1,0,0,0,0,1,11,19
2024010544364,2024,010544364,521279,166686,-0.2585,51.38627,3,3,3,11:00,-1,E09000021,6,0,2,1,1,"[19, 9]","[7, 5]",3,0,0,0,1,0,0,0,0,0,11,19
2024010544367,2024,010544367,533291,190589,-0.07696,51.59838,3,3,2,17:40,-1,E09000014,3,2,9,-1,1,99,9,9,99,9,99,1,0,1,0,0,0,11,18
2024010544369,2024,010544369,549016,178010,0.1446,51.48142,3,3,2,18:40,-1,E09000004,5,2,2,1,1,99,9,9,99,9,99,1,0,0,0,0,1,11,18
2024010544371,2024,010544371,542477,175416,0.04945,51.4598,2,2,3,12:58,-1,E09000011,3,0,2,1,1,"[2, 19]","[0, 5]","[0, 1]",0,0,0,1,1,0,0,0,0,11,19
2024010544376,2024,010544376,519133,191938,-0.28081,51.61367,3,3,2,12:30,-1,E09000003,6,0,9,-1,1,99,9,9,99,9,99,1,0,1,0,0,0,11,18
2024010544378,2024,010544378,519455,186612,-0.27797,51.56574,3,3,3,12:00,-1,E09000005,3,0,2,1,1,"[4, 19]",1,5,0,0,0,1,0,1,0,0,0,11,19
2024010544381,2024,010544381,543573,179109,0.06671,51.4927,3,3,2,19:00,-1,E09000011,3,2,9,-1,1,"[5, 3]",9,9,99,9,99,1,0,1,0,0,0,11,18
2024010544383,2024,010544383,516978,182861,-0.31493,51.53255,3,3,2,19:55,-1,E09000009,3,2,2,1,1,19,7,3,0,0,0,1,0,0,0,0,0,11,18
2024010544384,2024,010544384,554885,191950,0.23518,51.60509,3,3,3,13:55,-1,E09000016,5,0,2,1,1,"[19, 9]","[2, 6]","[6, 4]",0,0,0,1,0,1,0,0,0,11,19
2024010544388,2024,010544388,545749,184430,0.10023,51.53996,3,3,7,20:55,-1,E09000002,5,2,8,1,1,99,9,9,99,9,99,1,0,0,0,0,0,11,16
2024010544391,2024,010544391,525371,192247,-0.19065,51.6151,3,3,7,19:25,-1,E09000003,5,2,9,-1,1,99,9,9,99,9,99,1,0,1,0,0,0,11,16
2024010544393,2024,010544393,538222,194168,-0.0044,51.62935,3,3,3,08:12,-1,E09000031,4,0,9,1,1,99,9,9,99,9,99,1,0,0,0,0,1,11,19
2024010544396,2024,010544396,531564,176670,-0.10707,51.4737,3,3,2,17:05,-1,E09000022,5,2,2,1,1,99,9,9,99,9,99,1,1,0,0,0,0,11,18
2024010544399,2024,010544399,543374,174617,0.06203,51.45239,3,3,3,15:15,-1,E09000011,5,2,8,1,1,"[19, 15, 10]",1,"[5, 6]",0,0,0,1,0,1,0,0,0,11,19
2024010544400,2024,010544400,530169,179670,-0.12604,51.50099,3,3,3,15:18,-1,E09000033,3,0,1,1,1,19,3,7,0,0,0,0,1,0,0,0,1,11,19
2024010544402,2024,010544402,534904,181492,-0.05717,51.51625,3,3,7,10:20,-1,E09000030,6,0,9,-1,1,99,9,9,99,9,99,1,0,0,0,0,0,11,16
2024010544403,2024,010544403,521323,180083,-0.25328,51.50666,3,3,2,19:00,-1,E09000009,3,2,2,1,1,99,9,9,99,9,99,1,1,0,0,0,0,11,18
2024010544404,2024,010544404,527643,182348,-0.16145,51.52563,3,3,3,15:07,-1,E09000033,3,0,8,1,1,"[9, 19]","[1, 5]","[6, 1]",0,0,0,1,0,0,0,0,0,11,19
2024010544406,2024,010544406,516496,180286,-0.32273,51.5095,3,3,2,09:30,-1,E09000009,6,0,9,-1,1,99,9,9,99,9,99,1,0,1,0,0,0,11,18
2024010544410,2024,010544410,521070,183873,-0.25562,51.54078,3,3,3,15:25,-1,E09000005,3,0,1,1,1,"[19, 9]","[3, 7]","[7, 4]",0,0,0,1,0,1,0,0,0,11,19
2024010544413,2024,010544413,525237,191339,-0.19291,51.60697,3,3,3,12:45,-1,E09000003,5,0,9,-1,1,99,9,9,99,9,99,1,0,1,0,0,0,11,19
2024010544415,2024,010544415,551421,188444,0.18369,51.57453,3,3,3,06:45,-1,E09000016,5,2,2,1,1,99,9,9,99,9,99,0,0,0,1,0,1,11,19
2024010544418,2024,010544418,523439,179946,-0.22285,51.50498,3,3,3,14:00,-1,E09000013,3,0,2,1,1,99,9,9,99,9,99,1,1,0,0,0,0,11,19
2024010544423,2024,010544423,523304,180522,-0.2246,51.51018,3,3,3,20:30,-1,E09000013,3,2,9,-1,1,99,9,9,99,9,99,1,1,0,0,0,0,11,19
2024010544429,2024,010544429,524604,178336,-0.20664,51.49025,3,3,3,15:30,-1,E09000013,4,0,2,1,1,"[9, 19]","[3, 5]",1,0,0,0,1,1,0,0,0,0,11,19
2024010544431,2024,010544431,517705,180503,-0.30524,51.5112,3,3,3,16:20,-1,E09000009,4,2,2,1,1,99,9,9,99,9,99,1,0,0,0,0,0,11,19
2024010544432,2024,010544432,518567,183875,-0.2917,51.54133,2,2,3,17:58,-1,E09000005,5,2,1,1,1,"[2, 19]","[0, 8]","[0, 4]","[4, 0]",0,0,1,0,1,0,0,0,11,19
2024010544433,2024,010544433,531697,191228,-0.09972,51.6045,3,3,4,08:30,-1,E09000014,5,0,9,-1,1,99,9,9,99,9,99,1,0,1,0,0,0,11,13
2024010544439,2024,010544439,509256,178364,-0.42761,51.49367,3,3,3,17:15,-1,E09000017,1,2,1,1,1,"[19, 4]",7,3,0,0,0,1,0,0,0,0,0,11,19
2024010544441,2024,010544441,537104,176973,-0.02724,51.47511,3,3,3,17:00,-1,E09000023,3,2,2,1,1,19,7,3,0,0,0,0,0,1,0,0,1,11,19
2024010544442,2024,010544442,525788,168185,-0.1932,51.39876,3,3,3,16:25,-1,E09000024,6,0,2,1,1,99,9,9,99,9,99,1,0,1,0,0,0,11,19
2024010544443,2024,010544443,519395,186244,-0.27896,51.56245,2,2,3,15:58,-1,E09000005,6,0,8,1,1,19,4,8,0,0,0,1,0,0,0,0,1,11,19
2024010544452,2024,010544452,531839,189323,-0.09838,51.58735,3,3,3,18:40,-1,E09000014,3,2,2,1,1,99,9,9,99,9,99,1,1,0,0,0,0,11,19
2024010544453,2024,010544453,536245,197001,-0.03184,51.65529,3,3,3,15:47,-1,E09000010,5,0,1,1,1,19,3,7,0,0,0,1,0,0,0,0,1,11,19
2024010544454,2024,010544454,530950,191645,-0.11034,51.60842,3,3,3,18:35,-1,E09000010,3,2,2,1,1,14,5,1,0,0,0,1,0,0,0,0,1,11,19
2024010544455,2024,010544455,545337,175859,0.09077,51.46305,2,2,3,19:30,-1,E09000004,3,2,1,1,1,"[9, 19]","[7, 3]","[5, 7]",0,"[0, 1]",0,1,0,1,0,0,0,11,19
2024010544458,2024,010544458,517270,190995,-0.30801,51.60559,2,2,3,14:52,-1,E09000015,5,0,2,1,1,"[7, 19]","[5, 3]",7,0,0,0,1,1,0,0,0,0,11,19
2024010544461,2024,010544461,526428,161990,-0.18621,51.34294,3,3,3,17:30,-1,E09000029,5,2,1,1,1,"[7, 19]","[7, 6]",2,0,0,0,1,1,0,0,0,0,11,19
2024010544463,2024,010544463,532335,176850,-0.09591,51.47514,2,2,2,19:20,-1,E09000028,3,2,2,1,1,"[10, 19]","[1, 5]","[7, 1]",0,0,0,1,1,0,0,0,0,11,18
2024010544464,2024,010544464,525924,191541,-0.18292,51.60863,3,3,3,18:50,-1,E09000003,3,2,8,1,1,99,9,9,99,9,99,1,0,0,0,0,1,11,19
2024010544465,2024,010544465,524861,167147,-0.20689,51.38964,3,3,3,17:03,-1,E09000024,3,2,2,1,1,19,6,2,0,0,0,1,0,0,0,0,1,11,19
2024010544472,2024,010544472,543489,181253,0.06638,51.51199,2,"[3, 2]",3,17:03,-1,E09000025,3,2,8,1,1,"[19, 3, 9]","[7, 3, 1]","[3, 7]","[4, 0]",0,0,1,0,0,1,0,0,11,19
2024010544473,2024,010544473,540282,168535,0.01515,51.39851,3,3,4,12:26,-1,E09000006,4,0,9,-1,1,99,9,9,99,9,99,1,0,0,1,0,0,11,13
2024010544475,2024,010544475,535455,184570,-0.04805,51.54378,3,3,3,17:50,-1,E09000012,5,2,1,1,1,"[6, 15]","[3, 7]",3,0,0,0,1,1,0,0,0,0,11,19
2024010544477,2024,010544477,520674,178492,-0.26317,51.4925,3,3,3,07:00,-1,E09000018,3,2,1,1,1,99,9,9,99,9,99,0,1,0,1,0,0,11,19
2024010544480,2024,010544480,515205,181837,-0.34082,51.52371,3,3,3,19:32,-1,E09000009,5,2,1,1,1,19,1,5,0,0,0,1,0,1,0,0,0,11,19
2024010544481,2024,010544481,535326,192079,-0.04702,51.61129,3,3,3,16:45,-1,E09000010,3,2,2,1,1,"[99, 19]","[9, 1]","[9, 5]","[99, 0]","[9, 0]","[99, 0]",1,0,0,0,0,0,11,19
2024010544484,2024,010544484,527298,164567,-0.17281,51.36591,2,2,3,18:30,-1,E09000029,5,2,1,1,1,19,7,3,0,0,0,1,0,0,0,0,1,11,19
2024010544488,2024,010544488,525882,163704,-0.19344,51.35847,3,3,3,20:30,-1,E09000029,6,2,1,1,1,"[19, 7]","[5, 3]","[1, 6]",0,0,0,0,0,1,1,0,0,11,19
2024010544490,2024,010544490,553168,186396,0.20798,51.55566,2,2,2,19:30,-1,E09000016,5,2,5,1,1,99,9,9,99,9,"[0, 99]",1,1,0,0,0,0,11,18
2024010544491,2024,010544491,529010,194419,-0.13732,51.6338,3,3,3,18:00,-1,E09000003,6,2,1,1,1,9,2,8,0,0,0,1,0,0,0,0,1,11,19
2024010544492,2024,010544492,527094,191883,-0.16591,51.61144,3,3,3,16:55,-1,E09000003,3,2,1,1,1,99,9,9,99,9,99,1,0,0,0,0,1,11,19
2024010544493,2024,010544493,505976,182019,-0.47374,51.52715,3,3,2,17:37,-1,E09000017,5,2,2,1,1,99,9,9,99,9,99,1,0,0,0,0,1,11,18
2024010544494,2024,010544494,524568,184579,-0.20496,51.54636,3,3,2,08:50,-1,E09000005,6,0,1,0,1,99,9,9,99,9,99,1,0,0,0,0,1,11,18
2024010544495,2024,010544495,526241,177362,-0.18343,51.48113,3,3,3,21:00,-1,E09000020,3,2,1,1,1,99,9,9,99,9,99,1,1,0,0,0,0,11,19
2024010544496,2024,010544496,524270,189858,-0.20739,51.59387,2,2,3,16:45,-1,E09000003,6,2,1,1,1,9,6,4,0,0,0,1,0,0,0,0,1,11,19
2024010544499,2024,010544499,528990,186665,-0.14046,51.56412,3,3,3,14:37,-1,E09000019,5,0,2,1,1,99,9,9,99,9,99,1,1,0,0,0,0,11,19
2024010544503,2024,010544503,527739,171986,-0.16381,51.43249,3,3,3,20:50,-1,E09000032,3,2,9,1,1,99,9,9,99,9,99,0,1,1,0,0,0,11,19
2024010544505,2024,010544505,534286,175455,-0.06837,51.46215,2,2,2,19:22,-1,E09000028,3,2,2,1,1,99,9,9,99,9,99,1,0,0,0,0,1,11,18
2024010544507,2024,010544507,533247,165458,-0.08707,51.37255,3,3,1,18:30,-1,E09000008,3,2,2,1,1,99,9,9,99,9,99,1,1,0,0,0,0,11,17
2024010544514,2024,010544514,522329,189229,-0.23561,51.58864,3,3,4,18:00,-1,E09000003,3,2,1,0,1,99,9,9,99,9,99,1,0,0,0,0,0,11,13
2024010544520,2024,010544520,519013,186595,-0.28435,51.56568,3,3,4,02:00,-1,E09000005,3,2,1,0,1,99,9,9,99,9,99,1,0,0,0,0,0,11,20
2024010544521,2024,010544521,518858,169359,-0.29238,51.41081,3,3,4,06:20,-1,E09000021,3,2,1,2,1,19,7,3,0,0,0,1,0,0,0,0,0,11,20
2024010544522,2024,010544522,530156,179665,-0.12623,51.50094,3,3,4,06:40,-1,E09000033,3,2,1,0,1,19,7,3,0,0,0,0,0,0,1,0,1,11,20
2024010544524,2024,010544524,527941,169555,-0.16178,51.41059,2,2,4,05:49,-1,E09000024,3,2,2,1,1,19,1,5,0,0,0,1,0,0,0,0,1,11,20
2024010544525,2024,010544525,536817,176641,-0.0315,51.4722,2,2,4,04:16,-1,E09000023,3,2,1,0,1,"[19, 4]","[3, 1, 7]","[7, 5, 3]",0,0,0,1,0,0,0,0,0,11,20
2024010544526,2024,010544526,543702,186690,0.07166,51.56079,3,3,4,06:25,-1,E09000026,6,2,1,1,1,9,5,2,0,0,0,1,0,0,0,0,1,11,20
2024010544531,2024,010544531,550898,189262,0.17649,51.58202,2,2,4,08:21,-1,E09000016,3,0,1,0,1,19,7,3,0,0,0,1,0,0,0,0,1,11,20
2024010544532,2024,010544532,530904,187072,-0.11271,51.56734,3,3,3,08:15,-1,E09000019,5,0,2,2,1,99,9,9,99,9,99,1,0,0,0,0,0,11,19
2024010544533,2024,010544533,530729,182257,-0.11702,51.52411,3,3,2,14:46,-1,E09000007,4,0,1,0,1,99,9,9,99,9,99,1,0,1,0,0,0,11,18
2024010544538,2024,010544538,520309,193857,-0.26317,51.63067,3,3,4,08:13,-1,E09000003,1,0,1,0,1,4,5,1,0,0,0,1,0,0,0,0,0,11,20
2024010544542,2024,010544542,527333,168258,-0.17098,51.39907,3,3,4,08:17,-1,E09000024,3,0,1,1,1,"[6, -1]",1,"[1, 5]",0,0,0,1,0,1,0,0,0,11,20
2024010544544,2024,010544544,542053,164699,0.03906,51.3636,3,3,4,07:30,-1,E09000006,3,0,1,2,1,"[19, 3]",5,1,0,0,0,1,0,0,0,0,0,11,20
2024010544547,2024,010544547,538274,175738,-0.01088,51.46373,3,3,4,08:27,-1,E09000023,3,0,1,0,1,"[9, 3]","[5, 1]","[3, 5]",0,0,0,1,1,0,0,0,0,11,20
2024010544555,2024,010544555,532460,184390,-0.09128,51.54287,3,3,4,10:30,-1,E09000019,3,0,1,0,1,5,1,5,0,0,0,0,0,0,1,0,0,11,20
2024010544556,2024,010544556,533324,192954,-0.07558,51.61963,3,3,4,15:30,-1,E09000010,5,0,9,0,1,99,9,9,99,9,99,1,0,0,0,0,1,11,13
2024010544557,2024,010544557,539035,190658,0.00595,51.59761,3,3,4,08:10,-1,E09000031,3,0,1,0,2,19,7,3,0,0,0,1,0,0,0,0,0,11,20
2024010544558,2024,010544558,525166,167433,-0.20241,51.39214,3,3,4,08:55,-1,E09000024,3,0,1,1,1,99,9,9,99,9,99,1,0,1,0,0,0,11,20
2024010544560,2024,010544560,534434,190297,-0.06058,51.59549,3,3,4,09:41,-1,E09000014,5,0,1,0,1,-1,"[3, 5]","[7, 1]",0,0,0,1,0,1,0,0,0,11,20
2024010544562,2024,010544562,525401,180160,-0.19452,51.50647,3,3,4,19:10,-1,E09000020,3,2,9,-1,1,19,1,5,99,9,99,1,0,0,0,0,1,11,13
2024010544563,2024,010544563,519707,183429,-0.27542,51.53708,3,3,4,05:43,-1,E09000005,6,2,1,1,1,99,9,9,99,9,99,1,0,1,0,0,0,11,20
2024010544564,2024,010544564,525400,180166,-0.19454,51.50652,3,3,2,21:06,-1,E09000020,3,2,9,-1,1,99,9,9,99,9,99,1,1,0,0,0,0,11,18
2024010544565,2024,010544565,530044,183257,-0.12652,51.53325,2,2,3,19:42,-1,E09000007,5,2,1,0,1,99,9,9,99,9,99,1,0,0,0,0,0,11,19
2024010544566,2024,010544566,547953,191681,0.13504,51.60454,3,3,4,10:39,-1,E09000026,3,0,1,0,2,4,5,1,0,1,0,0,0,0,1,0,0,11,20
2024010544567,2024,010544567,534764,190328,-0.0558,51.59569,2,2,4,07:45,-1,E09000014,3,0,1,0,2,"[19, 6]","[1, 5]",5,0,0,0,1,0,1,0,0,0,11,20
2024010544570,2024,010544570,530033,196473,-0.12179,51.65202,3,3,4,08:54,-1,E09000010,6,0,1,1,1,99,9,9,99,9,99,1,0,0,0,1,0,11,20
2024010544571,2024,010544571,533399,177103,-0.0805,51.47717,3,3,2,19:25,-1,E09000028,4,2,2,1,1,"[5, 14]",9,9,99,9,99,1,1,0,0,0,0,11,18
2024010544572,2024,010544572,518153,166832,-0.30335,51.38824,3,3,3,12:03,-1,E09000021,3,0,9,-1,1,99,9,9,99,9,99,1,0,0,1,0,0,11,19
2024010544573,2024,010544573,525249,183859,-0.1954,51.53974,2,2,4,11:35,-1,E09000007,3,0,1,0,1,"[19, 10]","[1, 5]","[5, 3]",0,0,0,1,0,1,0,0,0,11,20
2024010544576,2024,010544576,532982,184819,-0.0836,51.5466,3,3,3,12:00,-1,E09000019,3,0,2,1,1,99,9,9,99,9,99,1,1,0,0,0,0,11,19
2024010544577,2024,010544577,513020,174678,-0.37459,51.4598,2,2,4,11:04,-1,E09000018,3,0,1,0,1,-1,3,7,0,0,0,1,0,0,0,0,1,11,20
2024010544579,2024,010544579,530933,182057,-0.11416,51.52226,3,3,4,10:25,-1,E09000007,3,0,1,0,1,99,9,9,99,9,99,1,1,0,0,0,0,11,20
2024010544580,2024,010544580,532369,197353,-0.08771,51.65938,3,3,4,11:10,-1,E09000010,5,0,1,0,1,9,7,4,0,0,0,1,0,0,0,0,1,11,20
2024010544583,2024,010544583,519807,190856,-0.27145,51.60381,3,3,3,18:15,-1,E09000015,3,2,1,0,1,99,9,9,99,9,99,1,0,1,0,0,0,11,19
2024010544590,2024,010544590,543425,189614,0.06886,51.58713,3,3,4,09:32,-1,E09000026,5,0,1,1,1,"[7, 19]","[1, 7]","[4, 3]",0,0,0,1,1,0,0,0,0,11,20
2024010544591,2024,010544591,533430,176729,-0.0802,51.4738,3,3,3,14:50,-1,E09000028,3,0,2,1,1,99,9,9,99,9,99,1,0,1,0,0,0,11,19