collision_index,collision_year,collision_ref_no,location_easting_osgr,location_northing_osgr,longitude,latitude,casualty_severity,casualty_severity,day_of_week,time,local_authority_district,local_authority_ons_district,first_road_class,light_conditions,weather_conditions,road_surface_conditions,urban_or_rural_area,vehicle_manoeuvre,vehicle_direction_from,vehicle_direction_to,hit_object_in_carriageway,vehicle_leaving_carriageway,hit_object_off_carriageway,is_car,is_cyle,is_mcyle,is_goodsv,is_other,is_pedestrian,month,day
2024010544593,2024,010544593,528528,169108,-0.1535,51.40644,3,3,4,07:10,-1,E09000024,5,0,8,0,1,99,9,9,99,9,99,1,1,0,0,0,0,11,20
2024010544595,2024,010544595,517242,184996,-0.31042,51.55168,3,3,4,12:14,-1,E09000005,3,0,1,0,1,"[5, 3]",7,3,0,0,0,1,0,1,0,0,0,11,20
2024010544596,2024,010544596,534857,159853,-0.06607,51.3218,3,3,4,07:55,-1,E09000008,6,0,1,2,1,99,9,9,99,9,99,1,0,0,0,0,0,11,20
2024010544598,2024,010544598,536141,178498,-0.04051,51.48905,3,3,4,10:45,-1,E09000023,3,0,1,0,1,"[7, 3]","[1, 3]","[2, 7]",0,0,0,1,0,1,0,0,0,11,20
2024010544601,2024,010544601,548273,184446,0.13661,51.53944,3,3,4,10:00,-1,E09000002,5,0,1,0,1,-1,3,7,11,0,0,0,0,0,1,0,0,11,20
2024010544613,2024,010544613,525658,163141,-0.19685,51.35346,3,3,4,12:30,-1,E09000029,6,0,1,1,1,19,"[1, 3]","[5, 7]",0,"[7, 0]",0,1,0,0,0,0,0,11,20
2024010544622,2024,010544622,542328,184338,0.0509,51.54,3,3,4,13:30,-1,E09000025,3,0,1,0,1,99,9,9,99,9,99,1,0,0,1,0,0,11,20
2024010544626,2024,010544626,524135,178384,-0.21338,51.49079,3,3,2,10:23,-1,E09000013,3,0,1,0,1,99,9,9,99,9,99,1,0,1,0,0,0,11,18
2024010544629,2024,010544629,543852,183261,0.07242,51.52994,3,3,4,00:43,-1,E09000025,3,2,1,0,1,"[4, -1]",1,5,"[0, 4]",0,0,1,0,0,0,0,0,11,20
2024010544630,2024,010544630,542497,189314,0.05535,51.58467,2,2,4,08:00,-1,E09000026,3,0,9,0,1,-1,1,5,0,0,0,1,0,0,0,0,1,11,20
2024010544631,2024,010544631,528347,178995,-0.15252,51.49534,3,3,4,14:30,-1,E09000033,3,0,1,1,1,19,7,3,0,0,0,0,0,0,1,0,0,11,20
2024010544637,2024,010544637,531902,178177,-0.10165,51.48717,3,3,5,18:20,-1,E09000028,5,2,1,0,1,99,9,9,99,9,99,1,1,0,0,0,0,11,7
2024010544643,2024,010544643,536272,170952,-0.04153,51.42121,3,3,2,15:25,-1,E09000006,5,0,9,-1,1,99,9,9,99,9,99,1,0,1,0,0,0,11,18
2024010544645,2024,010544645,558359,188477,0.28373,51.57292,3,3,1,12:30,-1,E09000016,3,0,1,0,2,99,9,9,99,9,99,1,0,0,0,0,0,10,13
2024010544649,2024,010544649,532946,196117,-0.07984,51.64814,3,3,4,14:40,-1,E09000010,3,0,1,0,1,99,9,9,99,9,99,1,0,0,0,0,0,11,20
2024010544650,2024,010544650,529709,163584,-0.13855,51.35653,3,3,4,15:20,-1,E09000029,4,0,1,1,1,"[13, 3]","[1, 7]","[5, 3]",0,0,0,1,0,1,0,0,0,11,20
2024010544656,2024,010544656,518452,164741,-0.29975,51.36939,3,3,4,15:28,-1,E09000021,6,0,1,1,1,"[10, 15]","[3, 5]",1,0,0,0,1,0,1,0,0,0,11,20
2024010544657,2024,010544657,518888,185296,-0.28659,51.55403,3,3,1,23:45,-1,E09000005,4,0,1,0,1,99,9,9,99,9,99,1,0,1,0,0,0,11,17
2024010544658,2024,010544658,523951,164527,-0.22087,51.36629,3,3,4,15:20,-1,E09000029,6,0,1,0,1,99,9,9,99,9,99,1,0,0,0,0,0,11,20
2024010544660,2024,010544660,534837,181850,-0.058,51.51948,2,"[2, 3]",4,15:44,-1,E09000030,3,0,1,1,1,19,3,7,0,0,0,0,0,1,0,0,1,11,20
2024010544662,2024,010544662,532950,188298,-0.08274,51.57787,3,3,3,16:50,-1,E09000014,3,2,1,1,1,99,9,9,99,9,99,1,0,1,0,0,0,11,19
2024010544663,2024,010544663,524629,178275,-0.20631,51.4897,3,3,3,00:50,-1,E09000013,4,2,2,1,1,99,9,9,99,9,99,1,0,1,0,0,0,11,19
2024010544665,2024,010544665,515093,176335,-0.34422,51.47428,3,3,4,13:30,-1,E09000018,3,0,1,0,1,4,3,7,0,0,0,0,0,0,1,0,0,11,20
2024010544671,2024,010544671,535391,195691,-0.04469,51.64373,3,3,4,15:14,-1,E09000010,3,0,1,0,1,19,3,7,0,0,0,1,0,0,0,0,1,11,20
2024010544674,2024,010544674,545463,178541,0.09368,51.48712,3,3,4,19:34,-1,E09000011,3,2,1,0,1,"[3, 19]",3,7,0,0,0,1,0,1,0,0,0,11,20
2024010544676,2024,010544676,527915,175581,-0.15998,51.46475,3,3,4,19:20,-1,E09000032,3,2,1,0,1,99,9,9,99,9,99,1,1,0,0,0,0,11,20
2024010544678,2024,010544678,523166,181105,-0.22638,51.51545,3,3,3,18:15,-1,E09000013,3,2,2,1,1,99,9,9,99,9,99,1,1,0,0,0,0,11,12
2024010544682,2024,010544682,523901,188494,-0.21319,51.5817,3,3,4,18:06,-1,E09000003,3,2,1,1,1,99,9,9,99,9,99,1,0,0,0,0,1,11,20
2024010544688,2024,010544688,545219,178112,0.09,51.48332,3,3,4,11:05,-1,E09000011,6,0,1,1,1,99,9,9,99,9,99,1,0,0,0,0,0,11,20
2024010544693,2024,010544693,543179,179160,0.06106,51.49326,3,3,4,17:24,-1,E09000011,3,2,1,0,1,99,9,9,99,9,99,1,1,0,0,0,0,11,20
2024010544695,2024,010544695,526006,163424,-0.19176,51.35592,3,3,4,18:25,-1,E09000029,4,2,1,1,1,99,9,9,99,9,99,1,0,0,0,0,0,11,20
2024010544697,2024,010544697,543335,190088,0.06775,51.59142,3,3,4,21:05,-1,E09000026,5,2,1,2,1,"[19, 5]","[7, 3]","[3, 7]",0,"[1, 0]","[10, 0]",1,0,0,0,0,0,11,20
2024010544698,2024,010544698,536285,175943,-0.03942,51.46605,2,2,4,18:15,-1,E09000023,6,2,8,0,1,"[14, 9]","[7, 3]","[3, 1]",0,0,0,1,0,1,0,0,0,11,20
2024010544700,2024,010544700,532811,168258,-0.09228,51.39782,3,3,4,14:05,-1,E09000008,4,0,1,0,1,99,9,9,99,9,99,1,1,0,0,0,0,11,20
2024010544702,2024,010544702,547754,186221,0.12987,51.55553,3,3,4,15:21,-1,E09000002,5,0,1,0,1,7,1,3,0,0,0,1,0,0,0,0,1,11,20
2024010544704,2024,010544704,543989,183368,0.07444,51.53087,3,3,4,09:40,-1,E09000002,6,0,1,0,1,99,9,9,99,9,99,1,0,0,0,0,0,11,20
2024010544705,2024,010544705,538391,173346,-0.01014,51.44221,3,3,4,15:00,-1,E09000023,5,0,1,0,1,19,"[7, 1]","[3, 5]",0,0,0,1,0,1,0,0,0,11,20
2024010544706,2024,010544706,511374,182616,-0.39577,51.53148,3,3,3,20:50,-1,E09000017,6,2,8,1,1,99,9,9,99,9,99,1,0,0,0,0,0,11,19
2024010544708,2024,010544708,536095,169656,-0.04457,51.4096,3,3,4,18:07,-1,E09000006,3,2,2,1,1,"[19, 10]","[8, 1]","[4, 8]",0,0,0,1,0,1,0,0,0,11,20
2024010544710,2024,010544710,526181,172282,-0.1861,51.43549,3,3,4,17:08,-1,E09000032,4,2,1,0,1,99,9,9,99,9,99,1,1,0,0,0,0,11,20
2024010544711,2024,010544711,537524,187568,-0.01706,51.57022,3,3,4,22:09,-1,E09000031,5,2,8,0,1,"[19, 2]","[8, 0]","[4, 0]","[7, 0]","[1, 0]","[1, 0]",1,0,0,0,0,0,11,20
2024010544714,2024,010544714,537004,174849,-0.0295,51.45605,3,3,3,21:48,-1,E09000023,5,2,2,1,1,99,9,9,99,9,99,0,0,0,0,1,1,11,19
2024010544715,2024,010544715,544012,178915,0.07295,51.49085,3,3,4,20:45,-1,E09000011,3,2,1,1,1,"[19, 9]","[5, 1]","[1, 7]",0,0,0,1,0,0,0,0,0,11,20
2024010544724,2024,010544724,511728,183169,-0.39049,51.53638,3,3,6,02:30,-1,E09000009,3,0,1,0,1,99,9,9,99,9,99,1,0,0,0,0,0,11,15
2024010544725,2024,010544725,528545,185818,-0.14718,51.55661,3,3,4,19:00,-1,E09000007,5,2,8,2,1,"[19, 9]","[8, 4]","[4, 2]",0,0,0,1,0,0,0,0,0,11,20
2024010544726,2024,010544726,519053,164012,-0.29137,51.36271,3,3,5,00:48,-1,E09000021,5,2,1,1,1,19,4,8,7,0,0,1,0,0,0,0,0,11,21
2024010544727,2024,010544727,534949,172155,-0.06008,51.43233,3,3,5,00:23,-1,E09000023,3,2,1,1,1,"[4, 8]","[6, 2]","[2, 4]",0,0,0,1,0,1,0,0,0,11,21
2024010544730,2024,010544730,510748,177232,-0.40648,51.48321,3,3,5,05:50,-1,E09000018,3,2,1,2,1,19,5,1,0,"[0, 1]",0,1,0,0,0,0,0,11,21
2024010544731,2024,010544731,523423,187600,-0.2204,51.57377,3,3,4,11:16,-1,E09000003,6,0,1,1,1,19,8,4,0,0,0,1,0,0,0,0,0,11,20
2024010544741,2024,010544741,538051,172090,-0.01551,51.431,3,3,2,08:25,-1,E09000023,3,0,1,0,1,99,9,9,99,9,99,1,0,0,0,0,0,10,21
2024010544745,2024,010544745,541286,183711,0.03564,51.53463,3,3,5,08:30,-1,E09000025,4,0,1,0,1,5,0,1,0,0,0,0,0,0,1,0,0,11,21
2024010544754,2024,010544754,542295,171734,0.04535,51.42676,3,3,7,12:30,-1,E09000006,6,0,1,0,1,"[99, 19]","[9, 1]","[9, 5]",0,"[9, 0]","[99, 0]",1,1,0,0,0,0,11,9
2024010544756,2024,010544756,528532,200294,-0.14207,51.6867,3,3,5,07:25,-1,E09000010,1,0,8,1,2,99,9,9,99,9,99,1,0,0,0,0,0,11,21
2024010544757,2024,010544757,531126,192110,-0.10763,51.61256,3,3,4,19:25,-1,E09000010,3,2,2,1,1,99,9,9,99,9,99,1,0,0,0,0,0,11,6
2024010544760,2024,010544760,537285,189345,-0.01981,51.58624,3,3,4,17:05,-1,E09000031,3,2,1,0,1,99,9,9,99,9,99,1,0,0,0,0,1,11,20
2024010544767,2024,010544767,524491,183545,-0.20643,51.53709,3,3,4,16:15,-1,E09000005,5,2,9,-1,1,99,9,9,99,9,99,1,0,1,0,0,0,11,20
2024010544772,2024,010544772,531890,196708,-0.09487,51.6537,3,3,5,10:45,-1,E09000010,3,0,1,1,1,"[19, 9]","[7, 3, 1]","[3, 7]",0,0,0,1,0,0,0,0,0,11,21
2024010544774,2024,010544774,532238,182850,-0.09506,51.52908,2,2,5,17:30,-1,E09000019,3,2,1,0,1,99,9,9,99,9,99,1,1,0,0,0,0,4,25
2024010544775,2024,010544775,533127,174147,-0.08553,51.45067,3,3,4,16:23,-1,E09000028,5,0,1,0,1,99,9,9,99,9,99,0,1,1,0,0,0,11,20
2024010544778,2024,010544778,526814,179478,-0.17442,51.50002,3,3,5,09:45,-1,E09000033,5,0,1,0,1,"[6, 19]","[7, 3]",7,"[0, 10]",0,0,1,0,1,0,0,0,11,21
2024010544780,2024,010544780,544913,188296,0.08978,51.57491,3,3,1,12:19,-1,E09000026,3,0,1,0,1,99,9,9,99,9,99,1,0,0,0,0,0,11,3
2024010544784,2024,010544784,531142,175816,-0.11346,51.46613,3,3,5,12:42,-1,E09000022,3,0,1,0,1,"[4, 15]",1,5,0,0,0,0,1,0,1,0,0,11,21
2024010544792,2024,010544792,531388,183140,-0.1072,51.53189,2,2,5,13:29,-1,E09000019,3,0,1,0,1,"[4, 5]",7,3,0,0,0,1,1,0,0,0,0,11,21
2024010544796,2024,010544796,509484,187124,-0.4216,51.57236,3,3,4,16:50,-1,E09000017,5,2,1,1,1,99,9,9,99,9,99,1,0,1,0,0,0,11,20
2024010544798,2024,010544798,538979,184356,0.00265,51.541,2,2,4,17:25,-1,E09000025,3,2,1,2,1,19,3,7,0,0,0,0,1,0,0,0,1,11,20
2024010544800,2024,010544800,525763,173771,-0.19158,51.44897,3,3,4,13:15,-1,E09000032,6,0,9,-1,1,99,9,9,99,9,99,1,0,1,0,0,0,11,20
2024010544801,2024,010544801,532658,182499,-0.08914,51.52583,3,3,5,11:30,-1,E09000019,3,0,1,1,1,5,7,3,0,3,0,0,0,1,0,0,1,11,21
2024010544802,2024,010544802,553411,190530,0.21329,51.59274,3,3,4,17:30,-1,E09000016,3,2,2,1,1,5,"[8, 7]","[4, 3]",0,0,0,1,0,1,0,0,0,11,20
2024010544803,2024,010544803,529382,161696,-0.14393,51.33964,3,3,5,13:15,-1,E09000008,3,0,1,0,1,"[7, -1]","[1, 7]",3,0,"[1, 0]",0,1,0,1,0,0,0,11,21
2024010544808,2024,010544808,533598,179395,-0.07677,51.49772,3,3,5,14:30,-1,E09000028,4,0,1,0,1,5,0,1,11,0,0,1,0,0,0,0,0,11,21
2024010544809,2024,010544809,531298,190498,-0.10575,51.59803,3,3,5,13:42,-1,E09000014,3,0,1,0,1,1,3,7,0,0,0,1,0,0,0,0,1,11,21
2024010544816,2024,010544816,538975,187204,0.00372,51.56659,3,3,5,08:20,-1,E09000031,3,0,1,0,1,19,6,2,0,0,0,1,0,0,0,0,1,11,21
2024010544819,2024,010544819,538308,175445,-0.01051,51.46109,2,2,5,13:15,-1,E09000023,3,0,1,0,1,5,1,5,0,0,0,0,0,0,1,0,0,11,21
2024010544820,2024,010544820,534930,178346,-0.058,51.48797,3,3,5,13:20,-1,E09000028,5,0,1,0,1,"[19, 99]","[7, 9]","[3, 9]",0,0,0,1,0,0,0,0,0,11,21
2024010544821,2024,010544821,542314,188357,0.05232,51.57612,3,3,5,12:30,-1,E09000026,3,0,1,0,1,99,9,9,99,9,99,1,0,1,0,0,0,11,21
2024010544822,2024,010544822,553568,190368,0.21548,51.59124,3,3,5,14:19,-1,E09000016,3,0,1,0,1,"[13, 11]",7,3,"[0, 7]","[0, 1]","[0, 2]",1,0,0,0,0,0,11,21
2024010544826,2024,010544826,524788,180302,-0.2033,51.50788,3,3,5,16:00,-1,E09000020,3,2,1,0,1,5,7,3,0,0,0,1,0,0,0,0,0,11,21
2024010544827,2024,010544827,542967,171853,0.05506,51.42766,3,3,5,15:10,-1,E09000011,3,0,8,0,1,99,9,9,99,9,99,1,0,0,0,0,0,11,21
2024010544829,2024,010544829,526264,191010,-0.1782,51.60378,3,3,4,13:50,-1,E09000003,6,2,9,-1,1,99,9,9,99,9,99,1,0,1,0,0,0,11,20
2024010544837,2024,010544837,525158,187478,-0.19542,51.57229,3,3,2,08:40,-1,E09000003,3,0,2,1,1,"[19, 99]","[1, 9]","[5, 9]",99,9,99,0,1,0,1,0,0,11,18
2024010544840,2024,010544840,534237,189388,-0.06377,51.58736,3,3,5,15:01,-1,E09000014,3,0,1,0,1,"[5, 19]","[6, 1]","[2, 5]",0,0,0,1,0,1,0,0,1,11,21
2024010544841,2024,010544841,552325,187425,0.19628,51.56513,3,3,5,16:35,-1,E09000016,3,2,1,0,1,"[7, 19]","[7, 3]","[1, 7]",0,"[1, 0]",0,1,0,1,0,0,0,11,21
2024010544843,2024,010544843,514357,175899,-0.35496,51.47051,3,3,5,15:35,-1,E09000018,3,0,1,0,1,19,3,7,11,0,0,1,0,0,0,0,1,11,21
2024010544845,2024,010544845,512509,180418,-0.38011,51.5115,3,3,2,16:45,-1,E09000009,3,2,2,1,1,99,9,9,99,9,99,1,0,0,0,0,1,11,18
2024010544847,2024,010544847,529299,184019,-0.13697,51.54027,3,3,5,17:32,-1,E09000007,3,2,1,0,1,"[4, 2, -1]","[3, 0]","[7, 0]",0,0,0,1,0,0,1,0,0,11,21
2024010544848,2024,010544848,523440,184609,-0.22121,51.54688,3,3,5,15:55,-1,E09000005,3,0,8,0,1,99,9,9,99,9,99,1,0,0,0,0,0,11,21
2024010544849,2024,010544849,535397,165634,-0.05613,51.37363,3,3,5,17:08,-1,E09000008,3,2,1,1,1,19,3,7,0,0,0,0,1,0,1,0,0,11,21
2024010544850,2024,010544850,532172,169126,-0.10114,51.40577,3,3,5,14:10,-1,E09000008,6,0,9,-1,1,99,9,9,99,9,99,1,0,1,0,0,0,11,21
2024010544851,2024,010544851,525602,190561,-0.18792,51.59989,3,3,1,17:45,-1,E09000003,6,2,1,0,1,"[99, 6]","[9, 1]","[9, 1]","[99, 12]",9,99,1,0,0,0,0,0,11,17
2024010544854,2024,010544854,533612,184795,-0.07453,51.54624,3,3,5,08:00,-1,E09000012,3,0,1,0,1,99,9,9,99,9,99,1,0,1,0,0,0,11,21
2024010544856,2024,010544856,532253,190515,-0.09196,51.59796,3,3,5,17:38,-1,E09000014,3,2,1,0,1,19,"[1, 7]","[5, 3]",0,0,0,1,1,0,0,0,0,11,21
2024010544859,2024,010544859,532443,164564,-0.09894,51.36471,3,3,5,09:20,-1,E09000008,3,0,1,1,1,99,9,9,99,9,99,1,1,0,0,0,0,11,21
2024010544861,2024,010544861,515383,179243,-0.3391,51.50036,2,2,5,16:30,-1,E09000009,6,2,1,0,1,"[9, 19]","[6, 7]","[4, 3]",0,0,0,1,1,0,0,0,0,11,21
2024010544864,2024,010544864,528491,182260,-0.14926,51.52465,3,3,5,15:30,-1,E09000033,6,0,1,0,1,"[6, 13]","[1, 5]",1,0,0,0,1,0,1,0,0,0,11,21
2024010544866,2024,010544866,517309,180620,-0.31091,51.51234,2,"[3, 2]",5,18:10,-1,E09000009,3,2,1,0,1,"[9, -1]","[3, 7]","[1, 3]",0,"[0, 1]",0,1,1,0,0,0,1,11,21
2024010544868,2024,010544868,552217,188237,0.19507,51.57246,2,2,5,15:19,-1,E09000016,6,0,1,0,1,19,1,5,0,0,0,1,0,0,0,0,1,11,21
2024010544869,2024,010544869,528636,177382,-0.14895,51.48078,3,3,4,19:00,-1,E09000032,6,2,1,0,1,99,9,9,99,9,99,0,1,0,0,1,0,11,20
2024010544872,2024,010544872,535643,198862,-0.03982,51.67216,3,3,5,16:27,-1,E09000010,3,2,1,0,1,"[19, 15]",5,1,0,0,0,1,1,0,0,0,0,11,21
2024010544874,2024,010544874,531188,174237,-0.11339,51.45193,3,3,5,16:35,-1,E09000022,3,2,1,0,1,99,9,9,99,9,99,1,0,0,0,0,0,11,21
2024010544881,2024,010544881,546208,165444,0.09901,51.36924,3,3,5,17:12,-1,E09000006,6,2,1,1,1,19,3,7,0,7,10,1,0,0,0,0,0,11,21
2024010544883,2024,010544883,529443,180799,-0.13608,51.5113,2,"[2, 3]",5,19:10,-1,E09000033,6,2,1,0,1,19,"[3, 1]","[7, 5]","[11, 0]","[7, 0]","[11, 0]",0,1,1,0,0,1,11,21
2024010544884,2024,010544884,524623,183291,-0.20462,51.53478,3,3,5,21:15,-1,E09000005,4,2,1,2,1,"[14, 9]","[5, 7]","[1, 5]","[0, 4]",0,0,1,0,1,0,0,0,11,21
2024010544885,2024,010544885,554436,181261,0.22401,51.50918,3,3,5,20:12,-1,E09000016,3,2,1,1,2,19,"[7, 3]","[3, 7]","[10, 0]","[7, 0]",0,1,0,0,0,0,0,11,21
2024010544889,2024,010544889,538939,181016,0.00076,51.511,3,3,5,22:16,-1,E09000030,3,2,1,0,1,7,1,3,0,0,0,0,0,1,0,1,0,11,21
2024010544891,2024,010544891,505669,176960,-0.47968,51.48173,3,3,2,17:00,-1,E09000017,6,2,2,1,1,99,9,9,99,9,99,1,0,0,0,0,0,11,18
2024010544894,2024,010544894,514331,186468,-0.35191,51.56551,2,2,5,21:15,-1,E09000015,3,2,1,0,1,19,2,6,0,0,0,1,0,0,0,0,1,11,21
2024010544897,2024,010544897,516590,190474,-0.318,51.60105,3,3,5,22:51,-1,E09000015,5,2,1,2,1,"[19, 5]","[5, 1]","[1, 5]",0,0,0,1,0,0,0,0,0,11,21
2024010544900,2024,010544900,538540,186290,-0.00292,51.55849,3,3,5,22:04,-1,E09000031,3,2,1,1,1,19,3,7,"[0, 4]",0,0,1,0,0,0,0,0,11,21
2024010544902,2024,010544902,530844,166727,-0.1211,51.38452,3,3,5,22:57,-1,E09000008,3,2,1,0,1,19,5,1,0,0,0,1,0,0,0,0,0,11,21
2024010544911,2024,010544911,524703,165358,-0.20978,51.37359,3,3,7,14:55,-1,E09000029,5,0,8,0,1,99,9,9,99,9,99,1,1,0,0,0,0,11,16
2024010544912,2024,010544912,529148,177878,-0.1414,51.48512,3,3,5,22:00,-1,E09000033,3,2,8,0,2,11,3,7,10,6,0,0,0,1,0,0,0,11,21
2024010544919,2024,010544919,529119,183521,-0.13975,51.53583,3,3,6,19:45,-1,E09000007,3,2,1,0,1,99,9,9,99,9,99,1,1,0,0,0,0,9,6
2024010544921,2024,010544921,532520,191413,-0.08777,51.60597,2,2,6,06:05,-1,E09000014,5,2,1,1,1,"[3, 19]",7,3,0,0,0,1,0,0,0,0,0,11,22
2024010544922,2024,010544922,527644,164939,-0.1677,51.36917,3,3,4,16:50,-1,E09000029,4,0,9,-1,1,99,9,9,99,9,99,1,0,1,0,0,0,11,20
2024010544923,2024,010544923,539863,181817,0.01438,51.51797,3,3,6,06:30,-1,E09000025,3,0,2,1,1,4,5,1,0,0,0,1,0,1,0,0,0,11,22
2024010544929,2024,010544929,535170,162392,-0.06062,51.34455,3,3,3,16:00,-1,E09000008,3,0,9,-1,1,99,9,9,99,9,99,1,0,1,0,0,0,11,19
2024010544930,2024,010544930,530371,172922,-0.12562,51.4403,3,3,6,07:35,-1,E09000022,3,0,1,0,1,"[5, 19]",5,1,0,"[0, 6]",0,0,1,0,1,0,0,11,22
2024010544932,2024,010544932,549557,173614,0.15052,51.44178,3,3,4,15:10,-1,E09000004,3,0,1,0,1,99,9,9,99,9,99,0,0,0,1,0,1,11,20
2024010544934,2024,010544934,520378,190771,-0.26323,51.60292,3,3,5,09:10,-1,E09000003,5,0,1,0,1,99,9,9,99,9,99,1,0,0,0,0,0,11,21
2024010544935,2024,010544935,528766,187951,-0.14322,51.57573,3,3,6,04:48,-1,E09000014,3,2,1,0,1,99,9,9,99,9,99,1,0,0,0,0,0,11,22
2024010544936,2024,010544936,533239,179274,-0.08199,51.49671,2,"[3, 2]",6,07:35,-1,E09000028,3,0,1,0,1,19,5,1,7,0,0,1,0,0,0,0,0,11,22
2024010544937,2024,010544937,529986,170362,-0.1321,51.41738,2,2,7,13:00,-1,E09000022,6,0,1,0,1,9,3,2,0,1,0,1,0,0,0,0,1,11,16
2024010544938,2024,010544938,530748,171454,-0.12074,51.42702,3,3,5,16:30,-1,E09000022,5,0,9,-1,1,99,9,9,99,9,99,1,0,1,0,0,0,11,21
2024010544939,2024,010544939,526511,164200,-0.18423,51.36279,3,3,6,09:00,-1,E09000029,3,0,1,1,1,19,3,7,0,0,0,1,0,0,0,0,1,11,22
2024010544940,2024,010544940,529046,183432,-0.14084,51.53505,2,2,6,09:20,-1,E09000007,6,0,1,0,1,19,7,3,0,0,0,1,0,0,0,0,1,11,22
2024010544943,2024,010544943,554226,189546,0.22461,51.58367,3,3,6,07:36,-1,E09000016,6,0,8,0,1,99,9,9,99,9,99,1,0,0,0,0,0,11,22
2024010544945,2024,010544945,523896,182492,-0.21538,51.52776,3,3,2,17:30,-1,E09000033,3,2,2,1,1,99,9,9,99,9,99,1,1,0,0,0,0,11,18
2024010544949,2024,010544949,526906,191835,-0.16864,51.61105,3,3,4,19:30,-1,E09000003,3,2,9,-1,1,99,9,9,99,9,99,1,0,1,0,0,0,11,20
2024010544951,2024,010544951,530332,181100,-0.12317,51.5138,3,3,6,11:25,-1,E09000033,4,0,1,-1,1,99,9,9,99,9,99,0,1,0,1,0,0,11,15
2024010544953,2024,010544953,531959,179125,-0.10047,51.49567,3,3,4,14:45,-1,E09000028,3,0,9,-1,1,99,9,9,99,9,99,1,1,0,0,0,0,11,20
2024010544954,2024,010544954,540460,167641,0.01736,51.39043,3,3,5,16:50,-1,E09000006,4,0,1,0,1,99,9,9,99,9,99,1,0,1,0,0,0,11,21
2024010544955,2024,010544955,528731,182384,-0.14576,51.52571,3,3,6,08:05,-1,E09000007,6,0,1,0,1,19,1,5,0,0,0,1,0,0,0,0,0,11,22
2024010544958,2024,010544958,531050,182175,-0.11243,51.52329,3,3,5,17:40,-1,E09000007,6,0,9,-1,1,99,9,9,99,9,0,1,0,0,0,0,1,11,21
2024010544959,2024,010544959,522930,181228,-0.22974,51.51661,3,3,6,09:45,-1,E09000013,5,0,1,0,1,"[2, 13, 9]","[0, 7]","[0, 3, 4]","[0, 4, 10]",0,0,1,0,0,0,0,0,11,22
2024010544962,2024,010544962,511852,182987,-0.38876,51.53472,3,3,5,12:30,-1,E09000009,4,0,1,0,1,99,9,9,99,9,99,1,0,1,0,0,0,10,31
2024010544963,2024,010544963,526051,166543,-0.19001,51.38395,3,3,6,08:52,-1,E09000029,3,0,1,0,1,5,1,5,0,0,0,1,1,0,0,0,0,11,22
2024010544964,2024,010544964,519263,190454,-0.27943,51.60031,3,3,5,17:30,-1,E09000015,6,2,8,0,1,19,7,3,0,0,0,1,0,0,0,0,1,11,21
2024010544972,2024,010544972,546682,165073,0.10566,51.36579,3,3,6,12:30,-1,E09000006,6,0,1,0,1,19,7,3,0,0,0,1,0,0,0,0,0,11,22
2024010544974,2024,010544974,543104,183937,0.06192,51.5362,3,3,5,23:20,-1,E09000025,6,2,9,-1,1,99,9,9,99,9,99,1,0,1,0,0,0,11,21
2024010544977,2024,010544977,528266,182077,-0.15257,51.52305,3,3,5,18:11,-1,E09000033,3,2,8,0,1,99,9,9,99,9,99,0,1,0,0,0,1,11,21
2024010544979,2024,010544979,546624,184867,0.11302,51.54366,3,3,6,08:23,-1,E09000002,5,0,1,1,1,19,5,1,0,0,0,1,0,0,0,0,1,11,22
2024010544984,2024,010544984,519838,189427,-0.27149,51.59096,3,3,6,07:48,-1,E09000005,5,0,4,1,1,99,9,9,99,9,99,1,0,0,0,0,0,11,22
2024010544986,2024,010544986,527730,171935,-0.16395,51.43203,2,"[3, 2]",6,10:30,-1,E09000032,3,0,1,0,1,4,1,5,0,0,0,0,1,0,0,0,1,11,22
2024010544987,2024,010544987,536530,171910,-0.03745,51.42975,3,3,6,14:41,-1,E09000023,3,0,1,0,1,"[6, 19]","[5, 1]",5,0,0,0,1,0,1,0,0,0,11,22
2024010544988,2024,010544988,532197,166616,-0.10171,51.38321,3,3,6,14:10,-1,E09000008,3,0,1,0,1,"[7, 13]",3,"[6, 7]","[0, 10]","[0, 1]","[0, 11]",1,0,1,0,0,0,11,22
2024010545000,2024,010545000,529869,176820,-0.13141,51.47544,3,3,6,12:40,-1,E09000022,3,0,9,-1,1,"[19, 3]",9,9,99,9,99,1,0,1,0,0,0,11,22
2024010545002,2024,010545002,528701,176541,-0.14832,51.4732,3,3,4,19:05,-1,E09000032,3,2,1,0,1,99,9,9,99,9,99,1,1,0,0,0,0,11,20
2024010545003,2024,010545003,547618,179226,0.12499,51.49271,2,2,6,16:03,-1,E09000004,6,2,1,0,1,19,3,7,0,0,0,1,0,0,0,0,1,11,22