collision_index,collision_year,collision_ref_no,location_easting_osgr,location_northing_osgr,longitude,latitude,casualty_severity,casualty_severity,day_of_week,time,local_authority_district,local_authority_ons_district,first_road_class,light_conditions,weather_conditions,road_surface_conditions,urban_or_rural_area,vehicle_manoeuvre,vehicle_direction_from,vehicle_direction_to,hit_object_in_carriageway,vehicle_leaving_carriageway,hit_object_off_carriageway,is_car,is_cyle,is_mcyle,is_goodsv,is_other,is_pedestrian,month,day
2024010545471,2024,010545471,535202,181599,-0.05284,51.51714,3,3,2,09:02,-1,E09000030,5,0,1,0,1,99,9,9,99,9,99,1,0,0,0,0,0,11,25
2024010545474,2024,010545474,544885,177737,0.08504,51.48004,2,2,2,10:00,-1,E09000011,5,0,1,0,1,4,3,7,0,0,0,1,0,0,0,0,1,11,25
2024010545475,2024,010545475,513416,177243,-0.36807,51.48278,3,3,4,19:24,-1,E09000018,3,2,1,0,1,99,9,9,99,9,99,1,0,0,0,0,0,11,13
2024010545477,2024,010545477,523183,179444,-0.22672,51.50052,3,3,2,09:45,-1,E09000013,6,0,1,0,1,99,9,9,0,0,0,1,0,0,0,0,1,11,25
2024010545490,2024,010545490,524831,176807,-0.20392,51.47646,3,3,2,09:41,-1,E09000013,3,0,1,0,1,"[9, 19]","[2, 7]","[7, 3]",0,0,0,1,0,1,0,0,0,11,25
2024010545491,2024,010545491,534947,184729,-0.05531,51.54533,3,3,2,13:03,-1,E09000012,3,0,1,1,1,"[19, 7]","[5, 1]","[1, 2]",0,0,0,0,1,1,0,0,0,11,25
2024010545497,2024,010545497,526150,177137,-0.18482,51.47913,3,3,1,21:40,-1,E09000020,5,2,2,-1,1,99,9,9,99,9,99,1,1,0,0,0,0,11,24
2024010545499,2024,010545499,541720,184134,0.04206,51.53832,2,2,7,10:12,-1,E09000025,4,0,2,1,1,99,9,9,99,9,99,1,1,0,0,0,0,11,23
2024010545504,2024,010545504,531189,176317,-0.1126,51.47062,3,3,7,22:40,-1,E09000022,3,2,2,1,1,99,9,9,99,9,99,1,0,1,0,0,0,11,23
2024010545507,2024,010545507,528503,169315,-0.15379,51.40831,2,2,6,08:10,-1,E09000024,5,0,1,0,1,99,9,9,99,9,99,1,0,0,0,0,1,11,15
2024010545509,2024,010545509,541340,172175,0.0318,51.43096,3,3,2,12:58,-1,E09000023,6,0,1,0,1,"[6, 14]","[3, 7]",3,0,0,0,1,0,1,0,0,0,11,25
2024010545517,2024,010545517,525220,172159,-0.19996,51.4346,2,"[2, 3]",2,11:53,-1,E09000024,6,0,1,0,1,19,3,7,7,1,10,1,0,0,0,0,0,11,25
2024010545518,2024,010545518,545384,184380,0.09495,51.5396,3,3,2,14:00,-1,E09000002,6,0,1,0,1,19,"[1, 7]","[5, 3]",0,0,0,1,1,0,0,0,0,11,25
2024010545520,2024,010545520,530603,176331,-0.12103,51.47088,2,2,2,14:50,-1,E09000022,3,0,1,0,1,"[9, 19]","[3, 7]","[1, 3]",0,0,0,1,1,0,0,0,0,11,25
2024010545525,2024,010545525,539066,174733,0.00011,51.45451,3,3,6,05:30,-1,E09000023,6,2,2,1,1,99,9,9,99,9,99,0,1,0,0,0,0,11,22
2024010545530,2024,010545530,527140,176003,-0.17098,51.46872,2,2,2,12:52,-1,E09000032,5,0,1,0,1,19,5,1,0,0,0,0,0,1,0,0,1,11,25
2024010545531,2024,010545531,534325,173347,-0.0686,51.44319,3,3,2,14:50,-1,E09000028,3,0,8,0,1,"[19, 12]",9,9,99,9,99,1,0,0,1,0,0,11,25
2024010545534,2024,010545534,523007,166041,-0.2339,51.3801,3,3,2,08:30,-1,E09000029,6,0,9,-1,1,99,9,9,99,9,99,1,0,1,0,0,0,11,25
2024010545539,2024,010545539,532338,168317,-0.09905,51.39846,3,3,2,14:17,-1,E09000008,4,0,4,0,1,1,2,7,0,0,0,1,0,0,0,0,1,11,25
2024010545545,2024,010545545,509468,179176,-0.4243,51.50093,2,2,2,16:30,-1,E09000017,3,0,1,0,1,4,1,5,0,0,0,0,0,0,1,0,0,11,25
2024010545547,2024,010545547,529602,176437,-0.13539,51.47206,3,3,2,13:45,-1,E09000022,3,0,9,-1,1,99,9,9,"[8, 99]",9,99,1,0,1,0,0,0,11,25
2024010545550,2024,010545550,530161,179656,-0.12616,51.50086,3,3,2,06:20,-1,E09000033,3,2,8,-1,1,99,9,9,99,9,99,1,0,0,0,0,0,11,25
2024010545554,2024,010545554,522109,175142,-0.24367,51.46209,3,3,7,16:45,-1,E09000032,3,2,5,1,1,99,9,9,99,9,99,1,1,0,0,0,0,11,23
2024010545564,2024,010545564,510507,172876,-0.41131,51.4441,2,2,6,15:50,-1,E09000018,3,0,1,0,1,99,9,9,99,9,99,1,0,0,0,0,0,11,22
2024010545570,2024,010545570,535455,176049,-0.05132,51.46721,3,3,3,22:00,-1,E09000028,6,2,4,1,1,99,9,9,99,9,99,1,0,0,0,0,0,10,22
2024010545574,2024,010545574,532667,180216,-0.08987,51.50531,2,2,2,16:20,-1,E09000028,3,2,1,0,1,19,4,8,0,0,0,0,0,1,0,0,1,11,25
2024010545577,2024,010545577,540607,184504,0.02617,51.54193,3,3,2,11:00,-1,E09000025,3,0,1,-1,1,99,9,9,99,9,99,1,0,0,0,0,0,11,25
2024010545578,2024,010545578,518371,170527,-0.29899,51.4214,3,3,2,18:09,-1,E09000021,6,2,1,0,1,19,"[7, 3]","[3, 7]",0,0,0,1,0,0,0,0,0,11,25
2024010545580,2024,010545580,530123,165883,-0.13177,51.3771,3,3,6,15:27,-1,E09000029,4,0,1,0,1,99,9,9,99,9,99,1,0,0,0,0,1,11,22
2024010545582,2024,010545582,531251,163681,-0.11638,51.35705,3,3,2,17:33,-1,E09000008,3,2,1,0,1,"[4, -1]",5,1,0,0,0,1,0,0,0,0,0,11,25
2024010545583,2024,010545583,526389,192110,-0.176,51.61364,2,2,2,15:02,-1,E09000003,3,0,1,0,1,7,4,7,0,0,0,1,0,0,0,0,1,11,25
2024010545584,2024,010545584,521529,180895,-0.25003,51.51392,3,3,2,17:49,-1,E09000009,3,2,4,0,1,19,7,3,0,0,0,1,0,0,0,0,1,11,25
2024010545585,2024,010545585,535079,185557,-0.05309,51.55274,2,2,7,20:45,-1,E09000012,3,2,4,1,1,"[19, 9]",5,"[1, 3]",11,0,0,1,0,1,0,0,0,11,23
2024010545588,2024,010545588,535996,178626,-0.04255,51.49023,3,3,2,16:30,-1,E09000028,3,2,1,0,1,99,9,9,99,9,99,1,1,0,0,0,0,11,25
2024010545590,2024,010545590,535494,169417,-0.0533,51.4076,3,3,2,20:07,-1,E09000006,6,2,1,0,1,8,5,7,0,0,0,1,0,0,0,0,1,11,25
2024010545594,2024,010545594,536192,185835,-0.03694,51.55497,3,3,2,16:50,-1,E09000012,6,2,1,0,1,"[9, 19]","[8, 6]","[6, 2]",0,0,0,1,0,0,1,0,0,11,25
2024010545601,2024,010545601,521131,183992,-0.2547,51.54184,3,3,2,06:17,-1,E09000005,3,2,1,0,1,19,5,1,0,0,0,1,0,0,0,0,1,11,25
2024010545602,2024,010545602,531090,175490,-0.11433,51.46321,3,3,2,09:01,-1,E09000022,3,0,1,0,1,99,9,9,99,9,99,1,1,0,0,0,0,11,25
2024010545603,2024,010545603,549424,190977,0.15597,51.59782,3,3,2,20:20,-1,E09000016,4,2,1,1,1,9,7,5,0,0,0,1,0,0,0,0,1,11,25
2024010545604,2024,010545604,528042,180602,-0.15633,51.50985,3,3,2,20:20,-1,E09000033,3,2,1,0,1,"[9, 19]",7,"[6, 3]",0,0,0,1,0,1,0,0,0,11,25
2024010545608,2024,010545608,530064,172008,-0.13037,51.43215,3,3,2,13:15,-1,E09000022,6,0,1,0,1,99,9,9,99,9,99,1,1,0,0,0,0,11,25
2024010545611,2024,010545611,535581,198691,-0.04078,51.67064,3,3,2,09:13,-1,E09000010,3,0,2,0,1,99,9,9,99,9,99,1,0,0,0,0,0,11,25
2024010545613,2024,010545613,525651,183376,-0.18978,51.53531,3,3,2,20:20,-1,E09000007,3,2,1,0,1,99,9,9,99,9,99,1,1,0,0,0,0,11,25
2024010545614,2024,010545614,525934,173169,-0.18934,51.44352,3,3,2,21:40,-1,E09000032,3,2,1,0,1,"[9, 15]","[5, 1]","[3, 5]",0,0,0,1,1,0,0,0,0,11,25
2024010545616,2024,010545616,503685,175494,-0.50867,51.46892,3,3,2,18:15,-1,E09000017,1,2,1,0,2,99,9,9,99,9,99,1,0,0,0,0,0,11,25
2024010545617,2024,010545617,528402,180592,-0.15115,51.50968,2,2,2,19:55,-1,E09000033,6,2,1,0,1,5,0,3,0,0,0,1,0,0,0,0,0,11,25
2024010545618,2024,010545618,527287,170697,-0.17077,51.421,2,2,5,23:50,-1,E09000024,6,2,1,0,1,99,9,9,99,9,99,1,0,0,0,0,1,11,21
2024010545621,2024,010545621,536940,174447,-0.03058,51.45245,3,3,2,20:20,-1,E09000023,5,2,1,0,1,99,9,9,99,9,99,1,1,0,0,0,0,11,25
2024010545622,2024,010545622,529869,180490,-0.13006,51.50842,3,3,2,22:41,-1,E09000033,6,2,1,0,1,99,9,9,99,9,99,1,0,0,0,0,1,11,25
2024010545623,2024,010545623,518615,180754,-0.29205,51.51327,2,2,4,21:30,-1,E09000009,3,2,4,0,1,99,9,9,99,9,99,1,0,0,0,0,1,9,4
2024010545633,2024,010545633,534648,180906,-0.06108,51.51105,3,3,3,01:05,-1,E09000030,4,2,1,0,1,"[9, 19]",3,"[1, 7]",10,0,0,1,1,0,0,0,0,11,26
2024010545636,2024,010545636,523486,179218,-0.22243,51.49842,3,3,4,15:53,-1,E09000013,3,0,9,-1,1,99,9,9,99,9,99,1,0,0,0,0,1,11,13
2024010545639,2024,010545639,519374,169086,-0.28506,51.40824,3,3,6,10:07,-1,E09000021,3,0,1,0,1,99,9,9,99,9,99,1,1,0,0,0,0,11,22
2024010545640,2024,010545640,530464,186000,-0.11945,51.5578,3,3,3,07:47,-1,E09000019,3,0,1,0,1,9,6,4,0,0,0,0,0,0,1,0,0,11,26
2024010545642,2024,010545642,546721,189196,0.11623,51.58253,3,3,3,08:34,-1,E09000026,3,0,1,0,2,3,7,3,0,0,0,1,0,0,0,0,0,11,26
2024010545649,2024,010545649,535962,199754,-0.03486,51.6801,3,3,3,09:03,-1,E09000010,3,0,1,0,1,19,3,7,0,0,0,1,0,0,1,0,0,11,26
2024010545650,2024,010545650,551876,181424,0.18722,51.51134,3,3,3,08:28,-1,E09000016,3,0,1,0,2,"[11, 19]",7,3,0,0,0,1,0,1,0,0,0,11,26
2024010545651,2024,010545651,544072,186274,0.07682,51.55696,3,3,1,19:15,-1,E09000026,6,2,2,0,1,"[99, 19]","[9, 1]","[9, 5]",99,9,99,1,0,0,0,0,0,11,24
2024010545655,2024,010545655,538692,180174,-0.00313,51.50349,3,3,3,08:07,-1,E09000011,3,2,8,0,2,"[4, 19]",5,1,0,"[0, 3]",0,1,0,1,0,0,0,11,26
2024010545662,2024,010545662,529757,182595,-0.1309,51.52737,3,3,3,08:52,-1,E09000007,3,0,1,0,1,"[5, 19]","[0, 5]","[3, 1]",0,0,0,1,1,0,0,0,0,11,26
2024010545667,2024,010545667,527132,177585,-0.17052,51.48294,3,3,3,07:55,-1,E09000020,3,0,1,0,1,99,9,9,99,9,99,1,1,0,0,0,0,11,26
2024010545669,2024,010545669,545450,188560,0.09763,51.57714,3,3,3,09:20,-1,E09000026,3,0,1,0,1,4,7,3,0,0,0,0,0,0,1,0,1,11,26
2024010545676,2024,010545676,518330,187864,-0.29377,51.57723,3,3,3,08:27,-1,E09000005,6,0,1,0,1,"[5, 19]","[0, 1]",5,0,0,0,1,1,0,0,0,0,11,26
2024010545678,2024,010545678,527885,164690,-0.16433,51.36688,3,3,2,14:50,-1,E09000029,4,0,1,0,1,99,9,9,99,9,99,1,1,1,0,0,0,11,25
2024010545681,2024,010545681,543115,177493,0.05947,51.4783,3,3,3,08:15,-1,E09000011,6,0,1,0,1,"[9, 19]","[6, 4]","[4, 8]",0,0,0,1,1,0,0,0,0,11,26
2024010545690,2024,010545690,534912,199928,-0.04997,51.68192,3,3,3,09:06,-1,E09000010,3,0,1,0,1,99,9,9,99,9,99,1,0,0,0,0,0,11,26
2024010545692,2024,010545692,531183,175948,-0.11282,51.4673,2,2,5,18:00,-1,E09000022,3,2,9,-1,1,9,3,1,99,9,99,1,0,0,0,0,1,11,7
2024010545693,2024,010545693,525350,183021,-0.19424,51.53219,3,3,7,10:55,-1,E09000005,4,0,2,1,1,99,9,9,99,9,99,1,1,0,0,0,0,11,23
2024010545695,2024,010545695,515486,189538,-0.33424,51.59286,3,3,3,10:35,-1,E09000015,5,0,1,0,1,9,8,5,0,1,0,1,0,0,0,0,1,11,26
2024010545697,2024,010545697,517925,185063,-0.30055,51.55214,3,3,2,19:30,-1,E09000005,3,2,9,-1,1,99,9,9,99,9,99,1,0,1,0,0,0,11,25
2024010545700,2024,010545700,540889,174647,0.0263,51.45328,3,3,2,09:55,-1,E09000011,3,0,1,0,1,99,9,9,99,9,99,1,0,0,0,0,0,11,25
2024010545709,2024,010545709,531995,175476,-0.10132,51.46287,3,3,3,13:20,-1,E09000022,4,0,1,0,1,"[9, 19]","[1, 6]","[6, 2]",0,0,0,1,1,0,0,0,0,11,26
2024010545710,2024,010545710,510534,174353,-0.41046,51.45737,2,2,3,10:00,-1,E09000018,3,0,1,0,1,9,7,5,0,0,0,1,0,0,0,0,1,11,26
2024010545715,2024,010545715,514365,174554,-0.35528,51.45842,2,2,4,22:35,-1,E09000018,6,2,1,0,1,"[19, 2]","[7, 0]","[3, 0]","[4, 0]",0,0,1,0,0,0,0,0,11,20
2024010545716,2024,010545716,535845,185142,-0.04221,51.54882,3,3,1,03:15,-1,E09000012,5,0,9,-1,1,99,9,9,99,9,99,1,0,1,0,0,0,11,24
2024010545720,2024,010545720,524392,180143,-0.20906,51.50654,3,3,1,17:59,-1,E09000020,3,2,1,0,1,99,9,9,99,9,99,1,0,1,0,0,0,11,24
2024010545721,2024,010545721,518192,190033,-0.29503,51.59675,3,3,3,15:26,-1,E09000015,3,0,1,0,1,19,5,1,0,0,0,1,0,0,0,0,1,11,26
2024010545723,2024,010545723,527742,172003,-0.16376,51.43264,3,3,6,17:45,-1,E09000032,3,2,1,0,1,99,9,9,99,9,99,1,0,0,0,1,1,11,15
2024010545728,2024,010545728,515406,189892,-0.33528,51.59606,2,2,3,15:15,-1,E09000015,3,0,8,0,1,9,4,1,0,0,0,1,0,0,0,0,1,11,26
2024010545734,2024,010545734,536915,181320,-0.02827,51.51422,3,3,3,15:15,-1,E09000030,3,0,1,0,1,"[9, 14]","[1, 5]","[8, 1]",0,0,0,1,0,1,0,0,0,11,26
2024010545739,2024,010545739,512590,177061,-0.38002,51.48131,3,3,3,13:20,-1,E09000018,6,0,1,0,1,99,9,9,99,9,99,0,0,1,0,0,0,11,26
2024010545744,2024,010545744,532029,187453,-0.09634,51.5705,3,3,3,09:30,-1,E09000014,3,0,1,0,1,99,9,9,99,9,99,1,0,0,0,0,0,10,29
2024010545754,2024,010545754,558649,187993,0.2877,51.56849,3,3,3,16:24,-1,E09000016,1,2,1,0,2,19,1,5,0,0,0,1,0,0,1,0,0,11,26
2024010545759,2024,010545759,533742,185351,-0.07244,51.5512,3,3,2,18:40,-1,E09000012,5,2,9,-1,1,99,9,9,99,9,99,1,0,1,0,0,0,11,25
2024010545760,2024,010545760,515495,174295,-0.3391,51.45586,3,3,3,17:50,-1,E09000027,6,2,1,0,1,"[9, 19]","[4, 8]","[2, 4]",0,"[0, 1]",0,1,1,0,0,0,0,11,26
2024010545761,2024,010545761,536115,163579,-0.04661,51.35499,3,3,3,15:20,-1,E09000008,3,0,1,0,1,4,3,7,0,0,0,1,0,0,0,0,0,11,26
2024010545762,2024,010545762,527797,169006,-0.16405,51.40569,3,3,3,17:00,-1,E09000024,3,2,1,0,1,4,1,5,0,0,0,0,0,0,1,0,0,11,26
2024010545763,2024,010545763,527289,177619,-0.16825,51.48321,3,3,3,17:30,-1,E09000020,3,2,1,0,1,"[6, 14]","[3, 7]",3,0,0,0,1,0,1,0,0,0,11,26
2024010545768,2024,010545768,548145,185373,0.13515,51.54781,3,3,3,15:10,-1,E09000002,5,0,1,0,1,19,8,4,0,0,0,0,0,0,1,0,1,11,26
2024010545770,2024,010545770,539567,186157,0.01184,51.55704,3,3,3,12:30,-1,E09000031,6,0,1,0,1,"[2, 19]","[0, 4]","[0, 8]","[0, 4]",0,0,1,0,0,0,0,0,11,26
2024010545776,2024,010545776,536622,189904,-0.02916,51.59143,3,3,3,16:50,-1,E09000031,6,2,1,0,1,99,9,9,99,9,99,1,1,0,0,0,0,11,26
2024010545784,2024,010545784,519678,165952,-0.28174,51.38001,3,3,3,18:45,-1,E09000021,3,2,1,0,1,"[3, -1]",5,1,0,0,0,1,0,0,0,0,0,11,26
2024010545785,2024,010545785,551723,176040,0.1827,51.463,3,3,3,19:10,-1,E09000004,3,2,1,0,1,99,9,9,99,9,99,1,0,0,0,0,0,11,26
2024010545786,2024,010545786,526041,175255,-0.18706,51.46224,3,3,3,16:00,-1,E09000032,3,2,1,0,1,19,7,3,0,0,0,1,0,0,0,0,0,11,26
2024010545790,2024,010545790,519121,178173,-0.28564,51.48997,3,3,3,06:50,-1,E09000018,3,2,1,0,1,99,9,9,99,9,99,0,1,1,0,0,0,11,26
2024010545791,2024,010545791,542680,190249,0.05837,51.59303,3,3,3,10:43,-1,E09000026,6,0,8,0,1,99,9,9,99,9,99,1,0,0,0,1,0,11,26
2024010545792,2024,010545792,537603,182113,-0.01805,51.52118,2,2,3,05:50,-1,E09000030,5,2,1,0,1,99,9,9,0,0,0,0,1,0,0,0,1,11,26
2024010545793,2024,010545793,525963,181456,-0.18597,51.51799,3,3,3,18:09,-1,E09000033,5,2,1,0,1,9,7,5,0,0,0,0,0,1,0,0,0,11,26
2024010545797,2024,010545797,542768,174419,0.05323,51.45076,3,3,3,17:19,-1,E09000011,3,2,1,0,1,"[19, 5]","[7, 3]","[3, 7]",0,0,0,1,0,1,0,0,0,11,26
2024010545801,2024,010545801,524310,185108,-0.20849,51.55118,3,3,3,17:07,-1,E09000007,3,2,1,0,1,"[3, 19, 9]","[8, 5]","[4, 2]",0,0,0,1,0,0,0,0,0,11,26
2024010545802,2024,010545802,542060,183659,0.04677,51.53397,3,3,3,14:36,-1,E09000025,4,0,1,0,1,7,1,3,0,1,0,1,0,0,0,0,1,11,26
2024010545804,2024,010545804,522082,172743,-0.24488,51.44053,3,3,3,18:07,-1,E09000032,3,2,1,0,1,19,3,7,0,0,0,1,0,1,0,0,0,11,26
2024010545805,2024,010545805,526652,190476,-0.1728,51.5989,3,3,3,18:42,-1,E09000003,3,2,1,0,1,19,1,5,0,0,0,1,0,0,0,0,1,11,26
2024010545806,2024,010545806,537596,180967,-0.0186,51.51088,3,3,3,19:15,-1,E09000030,3,2,1,0,1,19,3,7,0,0,0,0,0,1,0,0,1,11,26
2024010545814,2024,010545814,535034,182437,-0.05494,51.52471,3,3,4,18:45,-1,E09000030,3,2,1,0,1,99,9,9,0,1,0,1,0,0,0,0,1,11,20
2024010545815,2024,010545815,522992,180050,-0.22925,51.50601,3,3,3,15:48,-1,E09000013,3,0,1,0,1,"[19, 9]","[3, 1]",7,0,0,0,1,0,1,0,0,0,11,26
2024010545816,2024,010545816,525116,177399,-0.19961,51.48172,3,3,3,15:22,-1,E09000013,4,0,1,0,1,19,5,1,0,0,0,0,0,1,0,0,1,11,26
2024010545821,2024,010545821,537976,175822,-0.01514,51.46456,3,3,3,19:36,-1,E09000023,3,2,1,0,1,"[3, 19]",7,3,0,0,0,1,0,0,0,0,0,11,26
2024010545826,2024,010545826,514544,183091,-0.34993,51.53511,3,3,3,17:50,-1,E09000009,6,2,9,-1,1,99,9,9,99,9,99,1,0,0,0,0,1,11,26
2024010545827,2024,010545827,549758,174020,0.15358,51.44537,3,3,3,19:04,-1,E09000004,3,2,1,0,2,19,"[7, 1]","[3, 5]",0,0,0,1,0,1,0,0,0,11,26
2024010545832,2024,010545832,529741,182618,-0.13112,51.52758,3,3,3,21:10,-1,E09000007,3,2,1,0,1,99,9,9,99,9,99,1,1,0,0,0,0,11,26
2024010545837,2024,010545837,537672,179796,-0.01796,51.50034,3,3,7,01:03,-1,E09000030,5,2,1,0,1,99,9,9,99,9,99,1,1,0,0,0,0,11,23
2024010545839,2024,010545839,547626,183841,0.12703,51.53418,3,3,4,01:19,-1,E09000002,5,2,2,1,1,19,"[1, 3]","[5, 7]",0,1,"[10, 0]",1,0,0,0,0,0,11,27
2024010545843,2024,010545843,538285,181063,-0.00864,51.51158,3,3,4,01:52,-1,E09000030,3,2,2,1,1,19,"[1, 7]","[5, 3]",0,0,0,1,0,0,0,0,0,11,27
2024010545852,2024,010545852,533257,187942,-0.07845,51.5746,3,3,4,06:45,-1,E09000012,3,2,5,1,1,99,9,9,99,9,99,1,0,0,0,0,1,11,27
2024010545855,2024,010545855,530329,180291,-0.12351,51.50653,3,3,4,07:45,-1,E09000033,3,0,2,1,1,"[9, 19]","[1, 6]","[6, 2]",0,0,0,1,1,0,0,0,0,11,27
2024010545861,2024,010545861,534490,168984,-0.06789,51.40395,3,3,2,17:56,-1,E09000006,3,0,9,-1,1,99,9,9,99,9,99,1,0,1,0,0,0,11,25
2024010545864,2024,010545864,534101,170331,-0.07297,51.41614,3,3,4,08:10,-1,E09000006,3,0,5,1,1,19,6,2,0,0,0,1,0,0,0,0,1,11,27
2024010545868,2024,010545868,530582,180808,-0.11967,51.51112,3,3,4,08:06,-1,E09000033,3,0,2,1,1,99,9,9,99,9,99,0,1,0,0,0,1,11,27
2024010545872,2024,010545872,526861,179138,-0.17387,51.49696,2,2,4,07:55,-1,E09000020,5,0,8,1,1,19,5,1,0,0,0,1,1,0,0,0,0,11,27
2024010545873,2024,010545873,540602,172346,0.02126,51.43268,3,3,3,07:50,-1,E09000023,3,0,9,1,1,99,9,9,99,"[9, 0]","[99, 0]",1,1,0,0,0,0,11,26
2024010545878,2024,010545878,530101,186406,-0.12453,51.56154,3,3,4,06:51,-1,E09000019,3,2,2,1,1,19,"[1, 7]","[5, 3]",0,"[1, 0]",0,1,1,0,0,0,0,11,27
2024010545882,2024,010545882,532402,186767,-0.09122,51.56424,3,3,4,09:05,-1,E09000012,4,0,2,1,1,"[19, 9]","[7, 1]","[3, 6]",0,0,0,1,0,1,0,0,0,11,27
2024010545887,2024,010545887,534259,181317,-0.06653,51.51483,3,3,4,10:22,-1,E09000030,3,0,2,1,1,"[7, 13]",3,"[5, 7]",0,"[6, 1]",0,1,0,1,0,0,0,11,27
2024010545888,2024,010545888,542933,165062,0.05184,51.36664,2,"[2, 3]",4,10:30,-1,E09000006,3,0,2,1,1,"[9, 19]",5,"[4, 1]",0,0,0,1,0,0,1,0,0,11,27
2024010545893,2024,010545893,523254,180817,-0.22521,51.51284,2,"[3, 2]",4,09:30,-1,E09000013,3,0,8,1,1,"[14, 19]",1,5,0,0,0,1,0,1,0,0,0,11,27
2024010545894,2024,010545894,517879,169113,-0.30653,51.4088,3,3,3,20:05,-1,E09000021,5,2,1,0,1,99,9,9,99,9,99,1,1,0,0,0,0,11,26
2024010545895,2024,010545895,530031,176788,-0.12909,51.47512,3,3,2,15:05,-1,E09000022,5,0,1,0,1,99,9,9,99,9,99,1,1,0,0,0,0,11,25
2024010545896,2024,010545896,527882,180831,-0.15855,51.51194,3,3,4,07:50,-1,E09000033,3,0,2,1,1,19,1,5,0,0,0,0,1,0,0,0,1,11,27
2024010545897,2024,010545897,509033,172642,-0.43258,51.44229,3,3,4,09:10,-1,E09000018,5,0,1,1,1,5,4,8,10,1,1,1,0,0,0,0,0,11,27
2024010545902,2024,010545902,537771,173836,-0.01886,51.44676,3,3,3,00:15,-1,E09000023,3,0,1,-1,1,99,9,9,99,9,99,1,0,1,0,0,0,11,26
2024010545903,2024,010545903,546294,191871,0.11118,51.60668,3,3,4,08:23,-1,E09000026,5,0,8,1,1,19,5,1,0,0,0,1,0,0,0,0,1,11,27
2024010545906,2024,010545906,534032,168475,-0.07466,51.39948,3,3,4,06:27,-1,E09000008,3,2,2,1,1,"[10, 19]","[8, 4]","[5, 8]",0,0,0,1,0,1,0,0,0,11,27
2024010545911,2024,010545911,511062,184612,-0.39964,51.54948,3,3,4,08:45,-1,E09000017,3,0,2,1,1,99,9,9,99,9,99,1,0,0,0,0,0,11,27
2024010545913,2024,010545913,529827,159634,-0.1383,51.321,3,3,7,16:32,-1,E09000008,4,0,9,-1,1,99,9,9,99,9,99,1,0,0,0,0,1,11,23
2024010545914,2024,010545914,525557,180549,-0.19214,51.50993,3,3,4,07:50,-1,E09000033,3,0,1,1,1,"[9, 19]","[1, 7]","[7, 3]",0,0,0,1,1,0,0,0,0,11,27
2024010545918,2024,010545918,533576,179867,-0.07691,51.50196,3,3,3,08:40,-1,E09000028,3,0,1,0,1,99,9,9,99,9,99,1,1,0,0,0,0,11,26
2024010545919,2024,010545919,532352,179661,-0.09461,51.5004,3,3,3,22:16,-1,E09000028,3,2,1,1,1,99,9,9,99,9,99,1,1,0,0,0,0,11,26
2024010545921,2024,010545921,533817,178099,-0.07411,51.48602,3,3,1,21:25,-1,E09000028,4,0,2,1,1,"[19, 6]",9,9,99,9,99,1,0,1,0,0,0,11,24
2024010545924,2024,010545924,528975,185379,-0.14115,51.55256,3,3,3,13:30,-1,E09000007,3,0,2,1,1,19,5,1,4,0,0,0,1,0,0,0,0,11,26
2024010545929,2024,010545929,553783,190418,0.21861,51.59163,3,3,4,12:15,-1,E09000016,6,0,1,1,1,"[19, 9]","[1, 2]","[5, 7]",0,0,0,1,0,0,0,0,0,11,27
2024010545932,2024,010545932,528207,167153,-0.15882,51.38895,3,3,4,13:25,-1,E09000024,3,0,1,1,1,99,9,9,99,9,99,1,0,0,0,1,0,11,27
2024010545935,2024,010545935,522307,173760,-0.24129,51.44963,3,3,4,13:08,-1,E09000032,6,0,1,1,1,"[9, -1]","[5, 1]","[2, 5]",0,0,0,1,1,0,0,0,0,11,27
2024010545936,2024,010545936,520758,189638,-0.25814,51.59266,3,3,4,13:24,-1,E09000005,3,0,1,0,1,"[3, 19]",5,1,0,0,0,1,0,1,0,0,0,11,27
2024010545938,2024,010545938,533902,181328,-0.07166,51.51501,2,2,6,21:30,-1,E09000030,3,2,1,0,1,99,9,9,99,9,99,0,1,0,0,0,1,11,22
2024010545942,2024,010545942,534426,178007,-0.06538,51.48505,3,3,1,13:50,-1,E09000028,3,0,1,0,1,99,9,9,99,9,99,1,0,1,0,0,0,11,24
2024010545945,2024,010545945,549647,183746,0.15611,51.53279,3,3,3,14:25,-1,E09000002,4,0,1,0,1,99,9,9,99,9,99,1,0,0,0,1,0,11,26
2024010545946,2024,010545946,524309,185098,-0.20851,51.55109,3,3,7,15:13,-1,E09000005,3,0,2,-1,1,99,9,9,99,9,99,1,0,0,0,0,0,11,23
2024010545947,2024,010545947,531874,175776,-0.10295,51.4656,3,3,4,19:00,-1,E09000022,3,2,9,-1,1,99,9,9,"[99, 12]",9,99,1,1,0,0,0,0,11,20