collision_index,collision_year,collision_ref_no,location_easting_osgr,location_northing_osgr,longitude,latitude,casualty_severity,casualty_severity,day_of_week,time,local_authority_district,local_authority_ons_district,first_road_class,light_conditions,weather_conditions,road_surface_conditions,urban_or_rural_area,vehicle_manoeuvre,vehicle_direction_from,vehicle_direction_to,hit_object_in_carriageway,vehicle_leaving_carriageway,hit_object_off_carriageway,is_car,is_cyle,is_mcyle,is_goodsv,is_other,is_pedestrian,month,day
2024010545957,2024,010545957,554427,191711,0.22846,51.60307,3,3,3,08:30,-1,E09000016,5,0,1,0,1,"[99, 19, 2]","[9, 5, 0]","[9, 1, 0]","[99, 0]","[9, 0]","[99, 0]",1,0,0,1,0,0,11,26
2024010545959,2024,010545959,542746,181922,0.05595,51.51819,3,3,4,08:40,-1,E09000025,6,0,2,1,1,99,9,9,99,9,99,1,0,0,0,0,1,11,27
2024010545964,2024,010545964,512662,179723,-0.37813,51.50522,3,3,4,15:47,-1,E09000009,3,0,2,1,1,"[3, 9]",1,"[5, 6]",0,"[1, 0]",0,1,1,0,0,0,0,11,27
2024010545969,2024,010545969,541938,169182,0.0392,51.40391,3,3,4,15:36,-1,E09000006,3,0,1,0,1,5,8,4,0,0,0,1,0,0,0,0,1,11,27
2024010545974,2024,010545974,548240,170015,0.13008,51.40979,3,3,4,16:00,-1,E09000006,3,2,1,0,2,19,7,3,0,"[0, 1]",0,1,0,0,0,0,0,11,27
2024010545975,2024,010545975,517223,178455,-0.31287,51.4929,3,3,4,16:45,-1,E09000009,4,2,1,0,1,"[7, 15]","[7, 1]","[1, 5]",0,0,0,1,0,1,0,0,0,11,27
2024010545976,2024,010545976,528672,181608,-0.14689,51.51875,3,3,4,15:34,-1,E09000033,5,0,1,0,1,"[14, 3]",1,5,"[0, 8]",0,0,1,0,1,0,0,0,11,27
2024010545978,2024,010545978,512139,176144,-0.3868,51.47316,3,3,4,07:50,-1,E09000018,3,0,2,1,1,19,8,4,0,0,0,1,0,0,0,0,1,11,27
2024010545981,2024,010545981,517919,187072,-0.29996,51.5702,3,3,4,16:00,-1,E09000005,6,0,1,0,1,"[19, 2]","[5, 0]","[1, 0]","[4, 0]","[0, 1]",0,1,0,0,0,0,1,11,27
2024010545985,2024,010545985,513890,174796,-0.36203,51.46069,3,3,5,15:15,-1,E09000018,6,0,1,0,1,99,9,9,99,9,99,1,0,0,0,0,1,10,24
2024010545999,2024,010545999,535137,193392,-0.04924,51.62313,3,3,4,17:00,-1,E09000010,6,2,1,0,1,99,9,9,99,9,99,1,0,0,0,0,0,11,27
2024010546000,2024,010546000,528745,182179,-0.14563,51.52386,3,3,4,15:27,-1,E09000033,3,0,1,0,1,"[3, 19]",3,7,"[0, 4]",0,0,1,0,0,0,0,0,11,27
2024010546002,2024,010546002,529231,171186,-0.14265,51.42496,2,2,4,18:28,-1,E09000032,5,2,1,0,1,7,6,1,0,0,0,1,0,0,0,0,1,11,27
2024010546003,2024,010546003,523725,174220,-0.22074,51.45345,3,3,4,15:20,-1,E09000032,3,0,1,0,1,9,4,3,0,0,0,0,1,0,1,0,0,11,27
2024010546006,2024,010546006,515933,171083,-0.33385,51.42691,3,3,4,18:30,-1,E09000027,3,2,9,0,1,"[-1, 7]","[1, 3]",5,0,0,0,1,1,0,0,0,0,11,27
2024010546011,2024,010546011,537896,179332,-0.01492,51.49612,3,3,4,15:39,-1,E09000030,6,0,1,0,1,19,3,7,0,0,0,1,0,0,0,0,1,11,27
2024010546014,2024,010546014,526616,177527,-0.17797,51.48253,2,2,4,15:21,-1,E09000020,6,0,1,0,1,19,7,3,0,0,0,1,0,0,0,0,0,11,27
2024010546017,2024,010546017,546326,186985,0.10961,51.56277,3,3,4,20:07,-1,E09000026,4,2,4,1,1,"[4, 9]",3,"[7, 1]",0,0,0,1,0,1,0,0,0,11,27
2024010546020,2024,010546020,525559,180545,-0.19211,51.50989,3,3,4,17:45,-1,E09000033,3,2,2,1,1,99,9,9,99,9,99,1,1,0,0,0,0,11,27
2024010546022,2024,010546022,529972,182303,-0.12791,51.52469,3,3,4,20:00,-1,E09000007,3,2,1,0,1,19,"[1, 7]","[5, 3]",0,0,0,1,1,0,0,0,0,11,27
2024010546023,2024,010546023,527837,181370,-0.159,51.5168,3,3,4,17:36,-1,E09000033,5,2,1,0,1,"[9, 15]","[7, 3]","[6, 7]",0,0,0,1,1,0,0,0,0,11,27
2024010546025,2024,010546025,514165,185940,-0.35447,51.5608,3,3,4,14:28,-1,E09000015,6,0,1,0,1,"[2, 19]","[0, 2]","[0, 6]","[0, 4]",0,0,1,0,0,0,0,1,11,27
2024010546032,2024,010546032,541286,190480,0.03835,51.59545,3,3,4,17:51,-1,E09000026,3,2,1,0,1,"[19, 9]","[5, 7]","[1, 5]",0,0,0,1,0,1,0,0,0,11,27
2024010546033,2024,010546033,524658,164944,-0.21058,51.36988,3,3,4,20:42,-1,E09000029,3,2,1,1,1,"[12, -1]",1,5,0,0,0,1,0,1,0,0,0,11,27
2024010546037,2024,010546037,527982,190850,-0.15347,51.60196,3,3,4,17:03,-1,E09000014,6,2,1,0,1,"[2, 19]","[0, 5]","[0, 1]",0,0,0,1,0,0,0,0,1,11,27
2024010546040,2024,010546040,517242,161594,-0.31816,51.34135,3,3,4,18:36,-1,E09000021,3,2,9,1,2,"[9, 19]","[5, 1]","[2, 5]",0,0,0,1,0,0,0,0,0,11,27
2024010546049,2024,010546049,533972,191752,-0.06669,51.60867,3,3,4,22:50,-1,E09000014,3,2,1,1,1,"[13, 19]",5,1,0,0,0,1,0,1,0,0,0,11,27
2024010546054,2024,010546054,532146,186507,-0.09501,51.56197,3,3,4,22:55,-1,E09000012,5,2,1,1,1,6,1,1,0,0,0,1,0,0,0,0,1,11,27
2024010546057,2024,010546057,541840,188316,0.04547,51.57587,3,3,4,21:26,-1,E09000026,3,2,1,0,1,99,9,9,99,9,99,1,0,0,1,0,0,11,27
2024010546060,2024,010546060,509053,181017,-0.42971,51.51756,2,"[3, 2]",4,19:50,-1,E09000017,5,2,1,0,1,"[-1, 4]","[5, 1]","[1, 5]",0,0,0,1,0,0,0,0,0,11,27
2024010546062,2024,010546062,528673,176411,-0.14877,51.47204,3,3,4,23:35,-1,E09000032,3,2,1,0,1,"[19, 9]","[5, 1]","[1, 7]",0,0,0,1,0,1,0,0,0,11,27
2024010546064,2024,010546064,540004,166232,0.01025,51.37788,3,3,4,22:00,-1,E09000006,5,2,1,1,1,9,7,4,0,0,0,0,0,0,1,0,0,11,27
2024010546065,2024,010546065,535536,181577,-0.04803,51.51686,3,3,3,16:30,-1,E09000030,5,2,9,0,1,"[19, 5]","[3, 5]","[7, 1]",0,0,0,1,0,0,0,0,0,11,12
2024010546067,2024,010546067,522573,188845,-0.23223,51.58514,3,3,5,04:09,-1,E09000003,3,2,1,2,1,"[2, 19]","[0, 6]","[0, 2]","[0, 4]","[1, 7, 0]","[1, 2, 0]",1,0,0,0,0,0,11,28
2024010546072,2024,010546072,528581,177679,-0.14963,51.48346,2,2,4,14:30,-1,E09000032,3,0,1,1,1,99,9,9,99,9,99,0,0,1,0,0,1,11,27
2024010546076,2024,010546076,532427,164892,-0.09905,51.36766,3,3,4,12:00,-1,E09000008,3,0,2,1,1,99,9,9,99,9,99,1,0,1,0,0,0,11,27
2024010546079,2024,010546079,527150,170977,-0.17264,51.42355,3,3,3,20:07,-1,E09000032,3,0,1,0,1,99,9,9,99,9,99,1,0,1,0,0,0,11,26
2024010546081,2024,010546081,530637,188973,-0.11585,51.58448,3,3,3,12:15,-1,E09000014,3,0,1,0,1,99,9,9,99,9,99,1,0,1,0,0,0,11,26
2024010546088,2024,010546088,527923,181954,-0.15755,51.52202,3,3,5,09:45,-1,E09000033,3,0,1,0,1,"[19, 3]","[1, 3]","[5, 7]",0,0,0,1,0,1,0,0,0,11,28
2024010546092,2024,010546092,534153,192443,-0.06381,51.61484,3,3,5,08:17,-1,E09000010,3,0,1,0,1,19,7,3,0,0,0,1,0,0,0,0,1,11,28
2024010546095,2024,010546095,524005,175205,-0.21637,51.46224,3,3,3,16:45,-1,E09000032,3,2,8,0,1,99,9,9,99,9,99,0,1,0,1,0,0,11,26
2024010546096,2024,010546096,512312,176522,-0.38419,51.47652,3,3,5,09:15,-1,E09000018,3,0,1,1,1,"[4, 19]",1,5,0,0,0,1,1,0,0,0,0,11,28
2024010546098,2024,010546098,543108,183936,0.06198,51.53619,3,3,3,23:06,-1,E09000025,6,2,9,-1,1,99,9,9,99,9,99,1,0,1,0,0,0,11,26
2024010546101,2024,010546101,529609,182018,-0.13324,51.52222,3,3,5,10:20,-1,E09000007,5,0,1,1,1,"[19, 5]",3,7,0,0,0,1,1,0,0,0,0,11,28
2024010546103,2024,010546103,518127,168009,-0.30333,51.39882,3,3,4,13:35,-1,E09000021,4,0,1,0,1,99,9,9,99,9,99,1,1,0,0,0,1,11,27
2024010546105,2024,010546105,523541,181040,-0.221,51.51478,2,2,7,12:45,-1,E09000020,6,0,9,1,1,"[19, 12]",5,1,"[10, 0]",0,0,1,0,1,0,0,0,11,23
2024010546123,2024,010546123,526690,187398,-0.17336,51.57123,2,2,5,10:50,-1,E09000003,4,0,8,1,1,"[9, -1]","[5, 3]","[3, 7]",0,0,0,1,1,0,0,0,0,11,28
2024010546132,2024,010546132,531069,175548,-0.11461,51.46374,3,3,5,13:19,-1,E09000022,3,0,1,0,1,"[19, 9]","[1, 7]",5,0,0,0,1,0,0,0,0,0,11,28
2024010546135,2024,010546135,512105,183516,-0.38495,51.53942,3,3,4,15:20,-1,E09000009,3,0,9,0,1,99,9,9,99,9,99,1,0,0,0,0,1,10,30
2024010546137,2024,010546137,535158,195163,-0.04826,51.63904,3,3,3,05:43,-1,E09000010,3,2,1,0,1,99,9,9,99,9,99,1,0,0,0,0,0,11,26
2024010546141,2024,010546141,513934,175382,-0.36121,51.46595,3,3,5,12:45,-1,E09000018,6,0,1,0,1,99,9,9,99,9,99,0,0,1,0,0,0,11,28
2024010546145,2024,010546145,521678,186283,-0.24603,51.56231,3,3,5,10:35,-1,E09000005,5,0,1,0,1,19,1,5,0,0,0,0,0,0,1,0,0,11,28
2024010546150,2024,010546150,537289,174502,-0.02553,51.45286,3,3,5,13:25,-1,E09000023,6,0,1,2,1,19,"[5, 1]","[1, 5]",0,0,0,1,1,0,0,0,0,11,28
2024010546153,2024,010546153,531685,169157,-0.10812,51.40616,3,3,5,12:00,-1,E09000008,6,0,1,0,1,"[9, 2, 19]","[3, 0]","[2, 0, 7]","[4, 0]",0,0,1,0,1,0,0,0,11,28
2024010546155,2024,010546155,516181,185729,-0.32547,51.55849,3,3,5,14:14,-1,E09000005,3,0,1,0,1,19,4,8,10,1,2,1,0,0,0,0,0,11,28
2024010546161,2024,010546161,524327,166391,-0.21482,51.38296,3,3,5,13:43,-1,E09000029,3,0,1,0,1,19,6,2,0,0,0,1,0,0,0,0,0,11,28
2024010546164,2024,010546164,525264,183850,-0.19519,51.53966,3,3,5,12:30,-1,E09000007,3,0,1,0,1,"[99, 19]","[9, 5]","[9, 1]",0,0,0,0,1,1,0,0,0,11,28
2024010546165,2024,010546165,514345,187064,-0.35151,51.57086,3,3,3,13:10,-1,E09000015,6,0,9,-1,1,99,9,9,99,9,99,1,0,1,0,0,0,11,26
2024010546169,2024,010546169,538161,180990,-0.01046,51.51095,3,3,3,21:00,-1,E09000030,3,2,1,0,1,99,9,9,99,9,99,1,0,0,0,0,0,11,26
2024010546172,2024,010546172,545090,178697,0.08838,51.48861,3,3,4,06:40,-1,E09000011,3,2,2,1,1,99,9,9,99,9,99,1,0,0,0,0,1,11,27
2024010546176,2024,010546176,531435,190365,-0.10382,51.5968,3,3,1,20:30,-1,E09000014,6,2,9,-1,1,99,9,9,99,9,99,1,0,1,0,0,0,11,24
2024010546188,2024,010546188,531112,182015,-0.11159,51.52184,3,3,4,10:50,-1,E09000007,3,0,1,0,1,99,9,9,99,9,99,0,1,0,0,0,1,11,13
2024010546190,2024,010546190,526120,178824,-0.18465,51.4943,3,3,5,16:25,-1,E09000020,6,2,1,0,1,99,9,9,99,9,99,1,0,0,0,0,0,11,28
2024010546193,2024,010546193,534095,192292,-0.06471,51.61349,3,3,5,16:50,-1,E09000010,3,2,1,0,1,99,9,9,99,9,99,0,0,0,1,0,0,11,28
2024010546195,2024,010546195,507642,184418,-0.449,51.5484,2,2,5,17:17,-1,E09000017,3,2,1,0,1,"[9, -1]","[1, 7]","[6, 3]",0,0,0,1,1,0,0,0,0,11,28
2024010546197,2024,010546197,531231,178364,-0.11124,51.489,3,3,2,18:35,-1,E09000022,3,2,1,1,1,99,9,9,99,9,99,1,1,0,0,0,0,11,25
2024010546201,2024,010546201,535139,179594,-0.05451,51.49914,3,3,5,16:00,-1,E09000028,3,2,1,0,1,"[4, 19]","[2, 8]","[6, 4]",0,0,0,1,1,0,0,0,0,11,28
2024010546206,2024,010546206,509429,191732,-0.42096,51.61379,3,3,5,15:30,-1,E09000017,6,0,1,0,1,5,5,1,0,0,0,1,0,0,0,0,1,11,28
2024010546209,2024,010546209,538442,183691,-0.00535,51.53516,3,3,5,18:24,-1,E09000025,3,2,1,0,1,"[4, 19]","[7, 1]","[3, 5]",0,0,0,1,0,0,0,0,0,11,28
2024010546211,2024,010546211,543958,185518,0.07487,51.55019,3,3,5,18:50,-1,E09000026,3,2,1,0,1,"[2, 4]","[0, 5]","[0, 1]",0,0,0,1,0,0,0,0,0,11,28
2024010546215,2024,010546215,531144,186554,-0.10944,51.56262,3,3,5,17:55,-1,E09000019,3,2,1,0,1,19,7,3,0,0,0,0,0,1,0,0,1,11,28
2024010546219,2024,010546219,536753,163384,-0.03753,51.35308,3,3,5,11:00,-1,E09000008,3,0,8,1,2,99,9,9,99,9,99,1,0,0,0,0,0,11,28
2024010546221,2024,010546221,530012,186477,-0.12579,51.56219,3,3,5,16:48,-1,E09000019,3,2,1,0,1,"[19, 9]","[5, 1]","[1, 7]",0,0,0,1,0,1,0,0,0,11,28
2024010546223,2024,010546223,525488,179245,-0.1936,51.49822,3,3,5,19:32,-1,E09000020,6,2,1,0,1,19,"[5, 7]","[1, 3]",0,0,0,1,0,1,0,0,0,11,28
2024010546225,2024,010546225,535593,181186,-0.04736,51.51334,3,3,5,18:08,-1,E09000030,3,2,1,0,1,"[19, 9]","[7, 3]","[3, 1]",0,0,0,1,0,1,0,0,0,11,28
2024010546227,2024,010546227,526594,174831,-0.17925,51.45831,3,3,5,08:12,-1,E09000032,3,0,9,-1,1,99,9,9,99,9,99,1,0,0,0,0,0,11,28
2024010546229,2024,010546229,513513,175980,-0.36708,51.47141,3,3,5,19:45,-1,E09000018,3,2,1,0,1,19,5,1,0,0,0,1,0,0,0,0,1,11,28
2024010546231,2024,010546231,518290,185179,-0.29525,51.55311,3,3,5,17:25,-1,E09000005,3,2,1,0,1,19,6,2,0,0,0,0,0,1,0,0,1,11,28
2024010546239,2024,010546239,512470,175172,-0.38235,51.46435,3,3,5,17:20,-1,E09000018,3,2,1,2,1,"[10, 19]","[7, 1]",5,0,0,0,1,0,0,0,0,0,11,28
2024010546240,2024,010546240,549395,175312,0.14891,51.45708,3,3,5,16:55,-1,E09000004,3,2,1,0,1,99,9,9,99,9,99,1,0,0,1,0,0,11,28
2024010546242,2024,010546242,518991,175727,-0.28833,51.46801,2,2,5,15:30,-1,E09000027,4,0,1,0,1,19,5,1,0,0,0,1,0,0,0,0,1,11,28
2024010546243,2024,010546243,536107,173692,-0.04285,51.44587,3,3,5,17:23,-1,E09000023,4,2,1,0,1,7,1,3,0,0,0,1,0,0,0,0,1,11,28
2024010546244,2024,010546244,538989,171019,-0.00245,51.42115,3,3,5,18:40,-1,E09000023,6,2,1,1,1,19,1,5,0,0,0,1,0,0,0,0,1,11,28
2024010546249,2024,010546249,529613,186714,-0.13146,51.56442,3,3,5,14:45,-1,E09000019,3,0,1,0,1,99,9,9,99,9,99,0,0,0,0,1,1,11,28
2024010546250,2024,010546250,530031,168415,-0.13216,51.39987,2,2,3,17:10,-1,E09000024,5,2,1,0,1,"[-1, 3]",9,9,99,9,99,1,0,1,0,0,0,11,26
2024010546251,2024,010546251,521403,182462,-0.25131,51.52803,3,3,5,14:35,-1,E09000009,3,0,1,0,1,"[19, 9]","[1, 5]","[5, 3]","[0, 99]","[3, 9]","[0, 99]",1,1,0,0,0,0,11,28
2024010546253,2024,010546253,504156,177084,-0.50142,51.48313,3,3,5,21:20,-1,E09000017,1,2,1,0,1,"[19, 99]","[5, 9]","[1, 9]",99,9,99,1,0,0,0,0,0,11,28
2024010546256,2024,010546256,508741,172845,-0.43672,51.44417,3,3,5,10:55,-1,E09000018,5,0,1,0,1,99,9,9,99,9,99,1,0,0,0,0,0,11,28
2024010546261,2024,010546261,533532,184793,-0.07568,51.54624,3,3,5,22:39,-1,E09000012,3,2,1,0,1,99,9,9,99,9,99,1,1,0,0,0,0,11,28
2024010546263,2024,010546263,530629,166963,-0.1241,51.38669,3,3,5,23:30,-1,E09000008,3,2,1,2,1,"[19, 2]","[8, 0, 4]","[4, 0, 8]","[4, 0]",0,0,1,0,0,0,0,0,11,28
2024010546266,2024,010546266,522230,181116,-0.23986,51.51575,2,2,2,12:11,-1,E09000013,5,0,1,0,1,"[9, 13]",3,"[8, 7]",0,0,0,1,0,1,0,0,0,10,28
2024010546270,2024,010546270,539492,192675,0.01334,51.61563,3,3,6,03:55,-1,E09000031,3,2,1,1,2,19,5,1,0,"[7, 0]","[4, 0]",1,0,0,0,0,0,11,29
2024010546272,2024,010546272,532101,190556,-0.09414,51.59836,3,3,6,02:12,-1,E09000014,3,2,1,0,1,19,7,3,0,0,0,1,0,0,0,0,1,11,29
2024010546273,2024,010546273,527030,176164,-0.1725,51.47019,3,3,6,00:30,-1,E09000032,3,2,1,0,1,"[3, 15]",7,3,0,0,0,1,0,1,0,0,0,11,29
2024010546274,2024,010546274,510495,178540,-0.40971,51.49501,2,"[2, 3]",5,23:21,-1,E09000018,3,2,1,1,1,19,1,5,0,0,0,1,0,0,0,0,0,11,28
2024010546275,2024,010546275,542488,172457,0.04842,51.4332,3,3,6,04:20,-1,E09000006,3,2,1,1,1,19,8,4,0,7,11,1,0,0,0,0,0,11,29
2024010546276,2024,010546276,530693,178060,-0.11909,51.4864,3,3,6,02:00,-1,E09000022,3,2,1,0,1,"[19, 3]",5,1,0,0,0,1,0,0,0,0,0,11,29
2024010546277,2024,010546277,539393,181507,0.00749,51.5153,3,3,5,13:10,-1,E09000025,3,0,1,0,1,"[19, 3]",3,7,0,0,0,1,0,1,0,0,0,11,28
2024010546281,2024,010546281,527876,180988,-0.15858,51.51335,2,2,6,23:00,-1,E09000033,3,2,1,0,1,-1,7,5,0,0,0,1,0,0,0,0,1,11,29
2024010546282,2024,010546282,518651,178350,-0.29234,51.49166,3,3,6,05:27,-1,E09000018,3,2,9,2,1,19,7,3,0,4,11,1,0,0,0,0,0,11,29
2024010546299,2024,010546299,510021,181365,-0.41566,51.5205,3,3,6,08:40,-1,E09000017,3,0,1,1,1,"[19, 7]",9,9,99,9,99,1,1,0,0,0,0,11,29
2024010546302,2024,010546302,522867,178554,-0.23157,51.49259,3,3,2,15:00,-1,E09000013,3,0,8,0,1,99,9,9,99,9,99,0,1,0,0,0,1,11,25
2024010546306,2024,010546306,524577,173833,-0.20862,51.44979,3,3,4,12:40,-1,E09000032,6,0,9,-1,1,99,9,9,99,9,99,1,0,1,0,0,0,11,27
2024010546311,2024,010546311,542021,185494,0.04694,51.55047,3,3,6,17:20,-1,E09000025,6,2,2,1,1,99,9,9,99,9,99,1,0,0,0,0,0,11,22
2024010546319,2024,010546319,523587,173755,-0.22289,51.4493,3,3,5,12:15,-1,E09000032,3,0,9,-1,1,99,9,9,99,0,0,1,0,1,0,0,0,11,28
2024010546324,2024,010546324,525028,173865,-0.20212,51.44998,3,3,5,12:30,-1,E09000032,5,0,9,-1,1,99,9,9,99,9,99,1,0,1,0,0,0,11,28
2024010546329,2024,010546329,534283,176771,-0.06791,51.47397,2,2,5,17:00,-1,E09000028,3,2,9,-1,1,99,9,9,99,9,99,1,1,0,0,0,0,11,28
2024010546330,2024,010546330,551237,188056,0.18087,51.57109,3,3,5,16:49,-1,E09000016,3,2,2,1,1,"[19, 99]","[5, 9]","[1, 9]","[0, 99]","[0, 9]","[0, 99]",1,0,0,1,0,0,11,28
2024010546336,2024,010546336,527848,178704,-0.15981,51.49283,3,3,6,11:50,-1,E09000020,6,0,1,0,1,"[3, -1]","[7, 3]","[3, 7]","[0, 8]",0,0,1,1,0,0,0,0,11,29
2024010546342,2024,010546342,526556,182207,-0.17716,51.52461,3,3,6,07:55,-1,E09000033,3,0,1,1,1,"[3, 7, 14]","[5, 2]","[1, 5]",0,0,0,1,1,0,0,0,0,11,29
2024010546357,2024,010546357,531725,184737,-0.10175,51.54616,3,3,6,13:20,-1,E09000019,3,0,1,0,1,99,9,9,99,9,99,1,1,0,0,0,0,11,29
2024010546359,2024,010546359,541287,185054,0.03619,51.5467,3,3,6,12:15,-1,E09000025,4,0,1,0,1,14,1,5,11,1,5,0,0,0,1,0,0,11,29
2024010546366,2024,010546366,542294,184853,0.05062,51.54464,3,3,6,13:00,-1,E09000025,6,0,1,0,1,"[19, 2]","[7, 0]","[3, 0]",0,0,0,1,0,0,0,0,0,11,29
2024010546369,2024,010546369,525614,179623,-0.19165,51.50159,3,3,6,13:45,-1,E09000020,3,0,1,0,1,99,9,9,99,9,99,1,1,0,0,0,0,11,29
2024010546376,2024,010546376,532861,183159,-0.08597,51.53171,3,3,4,19:08,-1,E09000012,6,2,1,0,1,99,9,9,99,9,99,1,0,1,0,0,0,11,27
2024010546384,2024,010546384,512533,177360,-0.38074,51.48401,3,3,6,11:45,-1,E09000018,5,0,1,1,1,-1,1,5,0,0,0,1,0,0,0,0,1,11,29
2024010546390,2024,010546390,540188,169697,0.01426,51.40898,3,3,5,19:25,-1,E09000006,3,2,8,1,1,99,9,9,99,9,99,1,0,0,0,0,1,11,28
2024010546391,2024,010546391,547115,187098,0.12103,51.56358,3,3,6,15:14,-1,E09000026,6,0,1,0,1,5,5,1,0,0,0,1,0,0,0,0,1,11,29
2024010546394,2024,010546394,536272,176234,-0.03949,51.46867,3,3,6,16:00,-1,E09000023,6,0,1,0,1,"[8, 7]",7,1,0,0,0,1,0,0,0,0,0,11,29
2024010546397,2024,010546397,546006,183903,0.10372,51.53516,2,2,6,13:20,-1,E09000002,3,0,1,0,1,19,3,7,0,0,0,1,0,0,0,0,1,11,29
2024010546398,2024,010546398,524652,180525,-0.20518,51.50991,3,3,6,15:05,-1,E09000020,4,0,1,0,1,9,5,2,0,0,0,1,0,0,0,0,1,11,29
2024010546402,2024,010546402,544336,185550,0.08033,51.55038,3,3,6,13:14,-1,E09000026,6,0,1,0,1,9,8,7,0,0,0,1,0,0,0,0,1,11,29
2024010546407,2024,010546407,538536,181434,-0.00488,51.51485,3,3,4,07:35,-1,E09000030,4,2,9,-1,1,99,9,9,0,0,0,0,0,1,0,0,1,11,27
2024010546412,2024,010546412,517178,192354,-0.30889,51.61782,3,3,5,16:32,-1,E09000015,3,2,1,0,1,99,9,9,99,9,99,1,0,0,0,0,0,11,28
2024010546414,2024,010546414,532569,178969,-0.09175,51.49413,3,3,6,13:45,-1,E09000028,3,2,9,0,1,"[7, 14]",3,"[5, 7]",0,0,0,1,1,0,0,0,0,11,29
2024010546415,2024,010546415,507417,178514,-0.45404,51.49537,3,3,6,14:10,-1,E09000017,1,0,1,0,1,19,3,7,0,0,0,1,0,0,1,0,0,11,29
2024010546421,2024,010546421,538259,177347,-0.01047,51.47819,3,3,3,10:35,-1,E09000011,4,0,9,0,1,99,9,9,99,0,0,1,0,0,0,0,1,11,26
2024010546427,2024,010546427,538123,187802,-0.00833,51.57217,3,3,6,11:30,-1,E09000031,3,0,9,0,1,99,9,9,99,0,0,1,0,0,0,0,1,11,29
2024010546430,2024,010546430,523480,178165,-0.22289,51.48896,2,2,6,12:15,-1,E09000013,3,0,9,0,1,"[15, 19]",5,1,0,0,0,1,1,0,0,0,0,11,22
2024010546431,2024,010546431,541694,180885,0.04038,51.50914,3,3,4,17:45,-1,E09000025,3,2,1,0,1,99,9,9,99,9,99,1,0,0,0,0,0,11,27
2024010546433,2024,010546433,529501,176010,-0.137,51.46825,3,3,3,20:00,-1,E09000022,5,2,9,-1,1,99,9,9,99,9,99,1,1,0,0,0,0,11,19
2024010546434,2024,010546434,540944,184014,0.03083,51.53744,3,3,6,16:45,-1,E09000025,4,2,4,0,1,19,3,7,0,0,0,0,0,0,1,0,0,11,29
2024010546435,2024,010546435,520170,190393,-0.26636,51.59957,3,3,6,16:46,-1,E09000005,3,2,1,0,1,"[9, 19]","[1, 5]","[7, 1]",0,0,0,1,0,1,0,0,0,11,29
2024010546436,2024,010546436,534407,175861,-0.06647,51.46577,3,3,6,16:15,-1,E09000028,3,2,1,0,1,4,5,1,0,0,0,0,0,0,1,0,0,11,29
2024010546441,2024,010546441,524948,182271,-0.2003,51.52554,3,3,6,16:30,-1,E09000033,4,2,1,1,1,7,5,7,0,0,0,0,1,0,0,0,1,11,29
2024010546442,2024,010546442,518108,167864,-0.30366,51.39753,3,3,6,18:09,-1,E09000021,4,2,1,0,1,19,3,7,0,0,0,1,0,0,0,0,1,11,29
2024010546443,2024,010546443,524772,177256,-0.20461,51.48051,3,3,6,19:12,-1,E09000013,3,2,1,0,1,"[10, 19]","[6, 2]","[4, 6]",0,0,0,1,0,1,0,0,0,11,29
2024010546444,2024,010546444,519139,169537,-0.28828,51.41235,3,3,6,14:11,-1,E09000021,3,0,1,0,1,"[2, 19]","[0, 3]","[0, 7]",0,"[0, 1]","[0, 11]",1,0,0,0,0,0,11,29
2024010546445,2024,010546445,546809,189191,0.11749,51.58246,3,3,6,19:31,-1,E09000026,3,2,1,0,1,"[9, -1]","[5, 7]",3,0,0,0,1,0,0,0,0,0,11,29
2024010546448,2024,010546448,537621,182276,-0.01773,51.52264,3,3,4,08:15,-1,E09000030,4,0,2,1,1,19,6,2,0,0,0,1,0,0,0,0,1,11,27
2024010546449,2024,010546449,537699,173058,-0.0202,51.43979,2,2,3,09:30,-1,E09000023,3,0,9,-1,1,"[99, 19]","[9, 1]","[9, 5]","[0, 99]","[0, 9]","[0, 99]",1,1,0,0,0,0,11,26
2024010546450,2024,010546450,518305,175489,-0.29828,51.46601,3,3,6,17:28,-1,E09000027,3,2,1,1,1,99,9,9,99,9,99,1,0,0,0,0,1,11,29
2024010546452,2024,010546452,526577,184978,-0.17586,51.5495,3,3,6,17:33,-1,E09000007,4,2,1,-1,1,99,9,9,99,9,99,1,0,1,0,0,0,11,29
2024010546453,2024,010546453,536621,170407,-0.03672,51.41623,3,3,6,08:15,-1,E09000006,6,0,1,0,1,99,9,9,99,9,99,1,1,0,0,0,0,11,29
2024010546458,2024,010546458,524716,180261,-0.20435,51.50753,3,3,6,18:17,-1,E09000020,3,2,1,0,1,"[9, 19]","[5, 3]","[2, 7]",0,0,0,1,0,1,0,0,0,11,29
2024010546462,2024,010546462,512050,171403,-0.38958,51.43056,2,2,6,16:20,-1,E09000018,5,0,1,0,1,"[2, -1]","[0, 1]","[0, 5]",0,0,0,1,1,0,0,0,0,11,29