collision_index,collision_year,collision_ref_no,location_easting_osgr,location_northing_osgr,longitude,latitude,casualty_severity,casualty_severity,day_of_week,time,local_authority_district,local_authority_ons_district,first_road_class,light_conditions,weather_conditions,road_surface_conditions,urban_or_rural_area,vehicle_manoeuvre,vehicle_direction_from,vehicle_direction_to,hit_object_in_carriageway,vehicle_leaving_carriageway,hit_object_off_carriageway,is_car,is_cyle,is_mcyle,is_goodsv,is_other,is_pedestrian,month,day
2024010546466,2024,010546466,537232,183871,-0.02271,51.53707,3,3,6,13:15,-1,E09000030,6,0,1,0,1,99,9,9,99,9,99,0,1,0,0,0,1,11,29
2024010546472,2024,010546472,540253,184432,0.02104,51.54137,3,3,6,18:20,-1,E09000025,6,2,1,0,1,"[6, 19]","[7, 3]",7,"[0, 10]",0,0,1,1,0,0,0,0,11,29
2024010546475,2024,010546475,533511,170415,-0.08141,51.41704,3,3,6,18:53,-1,E09000008,3,2,1,1,1,"[19, 4]",1,5,0,0,0,1,0,1,0,0,0,11,29
2024010546476,2024,010546476,532989,179062,-0.08567,51.49487,3,3,6,17:35,-1,E09000028,3,2,1,0,1,"[7, 13]",8,"[2, 4]",0,0,0,1,1,0,0,0,0,11,29
2024010546480,2024,010546480,526978,170771,-0.17518,51.42174,3,3,6,20:50,-1,E09000024,3,2,1,0,1,"[15, 7]",7,"[3, 1]",0,0,0,1,1,0,0,0,0,11,29
2024010546481,2024,010546481,515029,172949,-0.34625,51.44386,2,2,6,20:40,-1,E09000027,3,2,1,0,1,-1,1,5,0,0,0,0,0,1,0,0,1,11,29
2024010546482,2024,010546482,527656,179306,-0.16236,51.49829,3,3,3,21:44,-1,E09000020,6,2,1,0,1,99,9,9,99,9,99,1,0,0,0,0,1,10,29
2024010546484,2024,010546484,535931,178601,-0.04349,51.49003,3,3,6,07:10,-1,E09000023,5,0,8,-1,1,99,9,9,99,9,99,0,0,1,0,0,0,11,22
2024010546485,2024,010546485,528486,175754,-0.1517,51.46618,3,3,6,21:33,-1,E09000032,3,2,1,0,1,19,7,3,0,0,0,0,0,1,0,0,1,11,29
2024010546488,2024,010546488,519007,178010,-0.28733,51.48853,3,3,6,22:07,-1,E09000018,3,2,1,0,1,19,1,5,0,0,0,1,0,0,0,0,1,11,29
2024010546491,2024,010546491,530689,176185,-0.11984,51.46955,3,3,6,19:55,-1,E09000022,3,2,9,-1,1,99,9,9,99,9,99,1,0,1,0,0,0,11,29
2024010546493,2024,010546493,540492,185305,0.02483,51.54915,3,3,5,07:07,-1,E09000025,3,2,1,0,1,99,9,9,8,9,99,0,1,0,0,0,0,11,28
2024010546501,2024,010546501,526530,190807,-0.17444,51.6019,3,3,2,16:40,-1,E09000003,3,0,1,0,1,99,9,9,99,9,99,1,0,0,0,0,0,11,25
2024010546504,2024,010546504,518768,188818,-0.28713,51.58571,3,3,6,08:46,-1,E09000015,3,0,1,0,1,99,9,9,99,9,99,1,0,0,0,0,0,11,29
2024010546507,2024,010546507,535377,192073,-0.04629,51.61122,2,2,6,22:54,-1,E09000010,3,2,1,1,1,19,3,7,"[0, 7]","[0, 1]",0,1,0,0,0,0,0,11,29
2024010546508,2024,010546508,543908,184100,0.07357,51.53746,3,3,6,21:30,-1,E09000002,3,2,1,0,1,1,3,7,0,0,0,1,0,0,0,0,1,11,29
2024010546510,2024,010546510,534779,195662,-0.05354,51.64361,2,2,7,03:17,-1,E09000010,6,2,8,0,1,"[19, 2]","[1, 0]","[5, 0]","[4, 0]",0,0,1,0,0,0,0,0,11,30
2024010546512,2024,010546512,543515,185279,0.06839,51.54816,3,3,6,22:48,-1,E09000025,3,2,1,0,1,19,1,5,0,0,0,1,0,0,0,0,0,11,29
2024010546514,2024,010546514,531099,183106,-0.11137,51.53165,2,2,7,02:10,-1,E09000019,3,2,1,1,1,19,7,3,0,0,0,0,0,1,0,0,0,11,30
2024010546515,2024,010546515,528549,187365,-0.14656,51.57051,3,3,6,22:25,-1,E09000007,4,2,1,0,1,"[5, 19]","[0, 8]","[8, 4]",0,"[0, 7]",0,1,0,1,0,0,0,11,29
2024010546517,2024,010546517,528809,184066,-0.14402,51.5408,3,3,7,00:45,-1,E09000007,3,2,1,0,1,19,7,3,0,1,0,0,1,0,0,0,0,11,30
2024010546518,2024,010546518,528128,182024,-0.15458,51.52261,3,3,7,02:13,-1,E09000033,3,2,1,0,1,"[5, 12]",3,7,0,0,0,1,1,0,0,0,0,11,30
2024010546519,2024,010546519,538688,188859,0.00023,51.58153,3,3,7,05:45,-1,E09000031,3,2,1,0,1,19,3,7,0,0,0,1,0,0,0,0,1,11,30
2024010546521,2024,010546521,530397,180297,-0.12253,51.50657,2,2,7,05:45,-1,E09000033,3,2,1,0,2,19,"[3, 1]","[7, 5]",0,0,0,1,1,0,0,0,0,11,30
2024010546524,2024,010546524,536005,183136,-0.04068,51.53076,2,2,7,03:00,-1,E09000030,3,2,1,0,1,19,3,7,0,0,0,0,0,1,0,0,1,11,30
2024010546525,2024,010546525,544290,175714,0.07565,51.46201,3,3,7,01:20,-1,E09000011,3,2,1,1,1,"[2, 19]","[0, 3]","[0, 7]","[10, 0]",0,0,1,0,0,0,0,0,11,30
2024010546530,2024,010546530,547929,170589,0.12585,51.41503,3,3,6,16:25,-1,E09000004,3,2,1,0,1,99,9,9,99,9,99,1,0,0,0,0,0,11,29
2024010546537,2024,010546537,538118,187765,-0.00842,51.57184,3,3,6,17:20,-1,E09000031,3,2,1,0,1,99,9,9,99,9,99,1,0,0,0,0,0,11,29
2024010546550,2024,010546550,532502,166876,-0.09724,51.38547,3,3,7,10:20,-1,E09000008,3,0,1,0,1,99,9,9,99,9,99,1,0,0,0,0,0,11,30
2024010546552,2024,010546552,539911,188466,0.01771,51.5777,3,3,7,07:50,-1,E09000026,3,0,1,1,1,"[13, 2]","[5, 0]","[1, 0]","[10, 0]",0,0,1,0,0,0,0,0,11,30
2024010546555,2024,010546555,531885,175772,-0.10279,51.46556,3,3,7,11:40,-1,E09000022,3,0,1,1,1,99,9,9,99,9,99,0,1,0,0,1,0,11,30
2024010546559,2024,010546559,525646,183368,-0.18985,51.53524,2,2,2,17:00,-1,E09000033,3,2,9,-1,1,99,9,9,99,9,99,0,0,1,0,0,1,11,25
2024010546566,2024,010546566,520445,176509,-0.26714,51.47473,3,3,7,11:55,-1,E09000018,3,0,1,1,2,"[-1, 9]","[2, 5]","[6, 4]",0,0,0,1,0,1,0,0,0,11,30
2024010546567,2024,010546567,531079,164613,-0.11851,51.36546,3,3,7,10:50,-1,E09000008,3,0,2,1,1,99,9,9,99,9,99,1,0,0,0,0,0,11,30
2024010546569,2024,010546569,529820,170480,-0.13444,51.41848,2,2,6,19:01,-1,E09000022,4,2,1,0,1,14,2,6,0,0,0,0,0,1,0,0,1,11,29
2024010546571,2024,010546571,544838,164533,0.07897,51.36141,3,3,7,12:19,-1,E09000006,3,0,1,1,1,"[14, 4]",5,1,0,0,0,1,0,1,0,0,0,11,30
2024010546573,2024,010546573,516529,176817,-0.3234,51.47832,3,3,7,09:57,-1,E09000018,3,0,1,0,1,"[7, 10]","[3, 5]","[5, 3]","[7, 0]",0,0,1,0,0,0,0,0,11,30
2024010546574,2024,010546574,538650,191766,0.00083,51.60767,3,3,7,13:05,-1,E09000031,6,0,1,1,1,"[4, 19]",1,5,0,0,0,1,1,0,0,0,0,11,30
2024010546575,2024,010546575,524879,180760,-0.20183,51.51197,3,3,7,13:18,-1,E09000020,4,0,1,0,1,"[4, 9]","[5, 1]","[1, 7]",0,0,0,1,1,0,0,0,0,11,30
2024010546576,2024,010546576,533681,180743,-0.07507,51.50981,2,2,7,12:00,-1,E09000030,3,0,1,0,1,5,3,7,0,0,0,0,0,1,0,0,0,11,30
2024010546578,2024,010546578,526428,183901,-0.17839,51.53986,3,3,7,12:30,-1,E09000007,6,0,1,0,1,19,5,1,0,0,0,1,0,0,0,0,1,11,30
2024010546579,2024,010546579,537923,174579,-0.01639,51.4534,3,3,6,15:04,-1,E09000023,3,0,1,0,1,"[3, 19]",5,1,0,0,0,1,0,1,0,0,0,11,29
2024010546580,2024,010546580,522808,184615,-0.23031,51.54707,3,3,7,06:30,-1,E09000005,3,2,1,0,1,19,7,3,10,1,10,1,0,0,0,0,1,11,30
2024010546586,2024,010546586,521951,188061,-0.24147,51.57823,3,3,7,13:15,-1,E09000003,3,0,1,0,1,99,9,9,99,9,99,1,0,0,0,0,0,11,30
2024010546590,2024,010546590,537252,189618,-0.02018,51.58871,3,3,6,18:00,-1,E09000031,3,2,1,0,1,19,1,5,0,0,0,0,0,0,1,0,0,11,29
2024010546592,2024,010546592,523177,175286,-0.22825,51.46315,3,3,6,21:55,-1,E09000032,3,2,1,0,1,99,9,9,99,9,99,1,0,0,0,0,0,11,29
2024010546594,2024,010546594,521705,188447,-0.24489,51.58175,3,3,7,14:23,-1,E09000003,3,0,1,0,1,19,1,5,0,0,0,1,0,0,0,0,1,11,30
2024010546595,2024,010546595,535412,179814,-0.0505,51.50105,2,2,5,19:48,-1,E09000028,6,2,1,0,1,99,9,9,"[99, 8]",9,99,1,1,0,0,0,0,11,28
2024010546596,2024,010546596,525192,173853,-0.19977,51.44983,3,3,5,05:00,-1,E09000032,3,2,1,0,1,99,9,9,99,9,99,1,0,1,0,0,0,11,28
2024010546600,2024,010546600,536716,182630,-0.03063,51.52604,3,3,5,10:20,-1,E09000030,3,0,1,0,1,99,9,9,99,9,99,1,1,0,0,0,0,11,28
2024010546603,2024,010546603,533735,185343,-0.07255,51.55113,3,3,6,15:40,-1,E09000012,5,0,1,0,1,99,9,9,99,9,99,1,0,1,0,0,0,11,29
2024010546604,2024,010546604,524782,189404,-0.20016,51.58968,3,3,6,15:40,-1,E09000003,3,0,1,0,1,99,9,9,99,9,99,1,0,0,0,0,0,11,29
2024010546605,2024,010546605,506268,179725,-0.47022,51.50648,3,3,7,15:30,-1,E09000017,5,0,1,0,1,99,9,9,99,9,99,1,0,0,0,0,0,11,30
2024010546609,2024,010546609,536075,186976,-0.03819,51.56525,3,3,7,15:32,-1,E09000031,3,0,1,0,1,"[9, -1]","[5, 1]","[2, 5]",0,0,0,1,1,0,0,0,0,11,30
2024010546611,2024,010546611,536429,191992,-0.03113,51.61024,3,3,6,23:17,-1,E09000031,6,2,2,1,1,99,9,9,99,9,99,1,0,0,0,0,0,11,29
2024010546628,2024,010546628,523119,169043,-0.23125,51.40706,3,3,7,16:52,-1,E09000024,3,2,1,0,1,99,9,9,99,9,99,1,0,0,0,0,0,11,30
2024010546641,2024,010546641,531153,174609,-0.11375,51.45528,3,3,7,04:25,-1,E09000022,3,2,1,0,1,99,9,9,99,9,99,1,0,0,0,0,0,11,30
2024010546642,2024,010546642,510701,181068,-0.40595,51.5177,3,3,7,19:12,-1,E09000017,3,2,1,0,1,99,9,9,99,9,99,1,0,0,0,0,0,11,30
2024010546644,2024,010546644,521378,171094,-0.25557,51.42587,3,3,7,20:45,-1,E09000021,3,2,1,1,1,-1,5,1,0,"[4, 0]","[6, 0]",1,0,0,0,0,0,11,30
2024010546650,2024,010546650,536638,177714,-0.03366,51.48188,3,3,7,12:35,-1,E09000023,6,0,1,0,1,"[19, 3]","[5, 3]","[1, 7]",0,0,0,1,1,0,0,0,0,11,30
2024010546655,2024,010546655,536512,177023,-0.03574,51.4757,3,3,6,16:30,-1,E09000023,3,0,9,0,1,99,9,9,99,9,99,0,0,0,1,0,0,11,22
2024010546657,2024,010546657,534090,192181,-0.06482,51.6125,3,3,7,19:30,-1,E09000010,3,2,1,0,1,19,1,5,0,0,0,1,0,1,0,0,0,11,30
2024010546659,2024,010546659,531010,190396,-0.10994,51.59718,3,3,7,21:59,-1,E09000014,3,2,1,1,1,"[5, 9]",3,"[7, 1]",0,0,0,1,0,0,0,0,0,11,30
2024010546660,2024,010546660,531513,175466,-0.10825,51.4629,3,3,7,20:29,-1,E09000022,3,2,1,0,1,"[14, 5]","[7, 3]","[3, 7]",0,0,0,1,0,1,0,0,0,11,30
2024010546662,2024,010546662,526659,190611,-0.17265,51.60011,3,3,7,21:25,-1,E09000003,6,0,1,0,1,19,"[5, 1]","[1, 5]",0,0,0,1,0,0,0,0,0,11,30
2024010546667,2024,010546667,528644,180169,-0.14782,51.50582,3,3,6,00:41,-1,E09000033,6,2,1,0,1,99,9,9,99,9,99,1,0,0,0,0,0,11,29
2024010546668,2024,010546668,550840,187834,0.17505,51.56921,3,3,7,21:30,-1,E09000016,5,2,1,1,1,19,5,1,0,1,"[0, 5]",1,0,0,0,0,0,11,30
2024010546670,2024,010546670,528315,169856,-0.15629,51.41321,3,3,7,14:56,-1,E09000024,3,0,1,1,1,"[19, 4]",3,7,0,0,0,1,0,0,0,0,0,11,30
2024010546673,2024,010546673,536537,175643,-0.03591,51.4633,2,2,7,21:27,-1,E09000023,4,2,1,1,1,15,5,1,0,0,0,1,0,0,0,0,1,11,30
2024010546674,2024,010546674,524748,180282,-0.20388,51.50771,3,3,7,19:00,-1,E09000020,3,2,1,1,1,"[3, 19]","[7, 5]","[3, 1]",0,"[0, 1]",0,1,1,0,0,0,0,11,30
2024010546682,2024,010546682,535621,180819,-0.0471,51.51003,3,3,7,19:10,-1,E09000030,3,2,1,1,1,7,3,6,0,0,0,1,0,1,0,0,0,11,30
2024010546683,2024,010546683,554442,182264,0.22453,51.51819,2,2,1,00:38,-1,E09000016,5,2,1,1,2,19,5,1,0,0,0,1,0,0,0,0,0,12,1
2024010546685,2024,010546685,526737,166046,-0.18033,51.37933,3,3,7,18:35,-1,E09000029,4,2,9,1,1,"[10, 19]","[5, 1]","[3, 5]",0,0,0,1,1,0,0,0,0,11,30
2024010546690,2024,010546690,530136,186351,-0.12405,51.56103,3,3,1,00:48,-1,E09000019,3,2,8,0,1,19,1,5,0,0,0,0,0,1,0,0,0,12,1
2024010546693,2024,010546693,531038,175270,-0.11516,51.46124,3,3,7,23:51,-1,E09000022,3,2,1,0,1,"[14, 19]","[3, 7]","[7, 3]",0,0,0,1,0,1,0,0,0,11,30
2024010546694,2024,010546694,533882,163872,-0.07855,51.35815,3,3,1,01:35,-1,E09000008,5,2,8,1,1,-1,5,1,10,1,0,1,0,0,0,0,0,12,1
2024010546698,2024,010546698,528949,181054,-0.1431,51.5137,3,3,1,03:52,-1,E09000033,5,2,1,0,1,19,2,6,10,0,0,1,0,0,0,0,1,12,1
2024010546699,2024,010546699,530529,169706,-0.12453,51.41136,3,3,7,12:35,-1,E09000008,6,0,8,1,1,9,7,4,0,0,0,1,0,1,0,0,0,11,30
2024010546700,2024,010546700,526247,178898,-0.18279,51.49494,2,2,1,06:36,-1,E09000020,3,2,1,0,1,19,1,5,0,1,10,1,0,0,0,0,1,12,1
2024010546702,2024,010546702,519455,186487,-0.27801,51.56462,3,3,1,03:55,-1,E09000005,3,2,1,0,1,99,9,9,99,9,99,1,0,1,0,0,0,12,1
2024010546703,2024,010546703,536730,182628,-0.03043,51.52602,3,3,6,16:20,-1,E09000030,3,0,1,0,1,99,9,9,99,9,99,1,0,0,0,0,0,11,29
2024010546705,2024,010546705,519178,186155,-0.28212,51.56169,3,3,1,06:00,-1,E09000005,3,2,1,0,1,-1,6,2,0,3,11,1,0,0,0,0,0,12,1
2024010546707,2024,010546707,535201,191568,-0.04902,51.60672,3,3,1,05:25,-1,E09000014,3,0,1,0,1,-1,1,5,12,0,0,1,0,0,0,0,1,12,1
2024010546713,2024,010546713,540889,191389,0.03299,51.60372,3,3,1,09:31,-1,E09000026,6,0,1,0,1,99,9,9,99,9,99,1,1,0,0,0,0,12,1
2024010546714,2024,010546714,542786,182736,0.05685,51.52549,3,3,1,08:18,-1,E09000025,3,0,1,1,1,"[19, 15]","[7, 5]","[3, 1]",0,0,0,1,0,0,0,0,0,12,1
2024010546717,2024,010546717,540521,169428,0.01894,51.40648,2,2,1,11:13,-1,E09000006,3,0,2,1,1,19,1,5,0,0,0,1,0,0,0,0,1,12,1
2024010546720,2024,010546720,519838,182214,-0.27394,51.52613,3,3,1,11:03,-1,E09000009,3,0,2,1,1,19,7,3,0,0,0,1,0,1,0,0,0,12,1
2024010546721,2024,010546721,536741,177106,-0.03241,51.4764,3,3,1,11:43,-1,E09000023,6,0,2,1,1,"[7, -1]",1,"[3, 5]",0,0,0,1,1,0,0,0,0,12,1
2024010546724,2024,010546724,544317,189976,0.08187,51.59016,3,3,1,10:08,-1,E09000026,3,0,2,1,1,19,"[1, 3]","[5, 7]",0,"[0, 8]","[0, 1]",1,0,0,0,0,0,12,1
2024010546727,2024,010546727,545268,186643,0.09422,51.55997,3,3,5,18:45,-1,E09000026,3,2,9,-1,1,"[3, 19]",9,9,99,9,99,1,0,0,0,0,0,11,28
2024010546730,2024,010546730,507483,176870,-0.45359,51.48058,3,3,1,10:28,-1,E09000017,1,0,2,1,1,19,3,7,0,0,0,1,0,0,0,0,0,12,1
2024010546734,2024,010546734,527940,179517,-0.15819,51.50012,3,3,1,09:14,-1,E09000020,6,0,1,1,1,99,9,9,"[99, 8]",9,99,1,1,0,0,0,0,12,1
2024010546742,2024,010546742,531625,175875,-0.10649,51.46655,3,3,1,13:55,-1,E09000022,6,0,1,0,1,"[2, 19]","[0, 3]","[0, 7]",0,0,0,1,0,1,0,0,0,12,1
2024010546745,2024,010546745,539939,174323,0.01251,51.45061,3,3,1,13:17,-1,E09000023,3,0,2,1,1,9,7,5,0,0,0,1,0,0,0,0,1,12,1
2024010546749,2024,010546749,530631,169457,-0.12316,51.4091,3,3,1,10:30,-1,E09000008,5,0,2,1,1,19,7,3,0,0,0,1,0,0,0,0,1,12,1
2024010546750,2024,010546750,524352,175904,-0.21113,51.46845,2,2,5,17:30,-1,E09000013,3,2,1,0,1,99,9,9,99,9,99,1,1,0,0,0,0,11,28
2024010546753,2024,010546753,537190,181918,-0.02408,51.51953,2,2,7,10:27,-1,E09000030,5,0,1,1,1,19,1,5,0,0,0,0,1,0,0,0,0,11,30
2024010546757,2024,010546757,549069,184857,0.14825,51.54293,2,2,1,14:28,-1,E09000002,3,0,2,1,1,19,7,3,0,"[1, 0]",0,1,1,0,0,0,0,12,1
2024010546758,2024,010546758,536090,187051,-0.03794,51.56592,3,3,7,15:40,-1,E09000031,3,0,1,1,1,99,9,9,99,9,99,1,1,0,0,0,0,11,30
2024010546774,2024,010546774,523695,177690,-0.21996,51.48464,3,3,7,03:31,-1,E09000013,3,0,1,1,1,"[19, 4]",9,9,99,9,99,1,1,0,0,0,0,11,30
2024010546778,2024,010546778,541788,188224,0.04469,51.57506,3,3,1,15:53,-1,E09000026,3,2,1,1,1,"[4, 3, -1]",3,7,0,0,0,1,0,0,0,0,0,12,1
2024010546782,2024,010546782,543148,187989,0.0642,51.5726,3,3,7,19:50,-1,E09000026,4,2,1,0,1,1,9,9,99,9,99,1,0,0,0,0,1,11,30
2024010546785,2024,010546785,513537,178644,-0.36588,51.49535,2,2,6,13:55,-1,E09000009,3,0,1,0,1,99,9,9,99,9,99,1,0,0,0,0,1,11,29
2024010546795,2024,010546795,550171,182468,0.16311,51.52117,3,3,1,17:25,-1,E09000016,3,2,2,1,1,"[3, 19]","[7, 3]","[3, 7]",0,0,0,1,0,0,0,0,0,12,1
2024010546798,2024,010546798,520691,181505,-0.26189,51.51958,3,3,7,18:00,-1,E09000009,3,2,1,1,1,99,9,9,99,9,99,0,0,1,0,0,1,11,30
2024010546799,2024,010546799,541551,182863,0.03911,51.52694,3,3,7,19:16,-1,E09000025,5,2,2,-1,1,99,9,9,99,9,99,1,0,0,0,0,0,11,30
2024010546806,2024,010546806,506810,178522,-0.46278,51.49556,3,3,1,16:55,-1,E09000017,1,2,1,0,2,-1,3,7,0,0,0,1,0,0,0,0,0,12,1
2024010546807,2024,010546807,527944,174426,-0.15998,51.45437,3,3,1,18:28,-1,E09000032,5,2,1,1,1,9,1,6,0,0,0,1,0,0,0,0,1,12,1
2024010546810,2024,010546810,550939,188838,0.1769,51.5782,3,3,1,18:17,-1,E09000016,3,2,2,1,1,8,8,3,0,0,0,1,0,1,0,0,0,12,1
2024010546812,2024,010546812,538273,185063,-0.00725,51.54753,3,3,3,15:05,-1,E09000025,6,0,1,0,2,99,9,9,99,9,99,0,0,1,0,0,1,11,26
2024010546816,2024,010546816,540161,183545,0.01936,51.53342,3,3,1,19:49,-1,E09000025,6,2,1,1,1,"[4, 3]",7,3,0,0,0,1,0,0,0,0,0,12,1
2024010546817,2024,010546817,534058,176701,-0.07117,51.4734,3,3,1,19:07,-1,E09000028,3,2,3,1,1,3,7,3,0,0,0,1,0,1,0,0,0,12,1
2024010546823,2024,010546823,541165,188473,0.0358,51.57745,3,3,1,20:04,-1,E09000026,6,2,1,0,1,7,7,2,7,1,1,1,0,0,0,0,0,12,1
2024010546827,2024,010546827,532023,168488,-0.10352,51.40007,3,3,1,18:55,-1,E09000008,5,2,1,0,1,99,9,9,99,9,99,1,0,1,0,0,0,12,1
2024010546829,2024,010546829,536510,181310,-0.03411,51.51423,3,3,1,12:47,-1,E09000030,5,0,2,1,1,99,9,9,99,9,99,0,1,0,0,0,0,12,1
2024010546830,2024,010546830,528973,181352,-0.14265,51.51638,3,3,1,22:38,-1,E09000033,3,2,1,1,1,"[-1, 3]",3,7,0,0,0,1,0,0,1,0,0,12,1
2024010546835,2024,010546835,529838,160524,-0.13781,51.329,2,2,1,23:00,-1,E09000008,3,2,8,1,1,19,1,5,10,0,0,1,0,0,0,0,0,12,1
2024010546836,2024,010546836,538083,185695,-0.00974,51.55325,3,3,1,23:00,-1,E09000031,3,2,1,1,2,19,3,7,0,0,0,1,0,0,0,0,0,12,1
2024010546840,2024,010546840,556432,188914,0.25615,51.57739,3,3,2,01:37,-1,E09000016,5,2,8,1,2,19,1,5,0,0,0,1,0,0,0,0,0,12,2
2024010546843,2024,010546843,528529,179576,-0.14969,51.50052,3,3,2,02:38,-1,E09000033,3,2,1,0,1,19,4,8,0,0,0,1,0,0,0,0,0,12,2
2024010546844,2024,010546844,531242,183241,-0.10926,51.53283,3,3,1,23:15,-1,E09000019,5,2,1,0,1,9,3,1,0,0,0,1,0,0,0,0,1,12,1
2024010546847,2024,010546847,548402,188094,0.14,51.57219,3,3,1,19:30,-1,E09000002,6,2,2,1,1,5,5,1,0,0,0,1,0,0,0,0,1,12,1
2024010546848,2024,010546848,528826,182600,-0.14431,51.52762,3,3,2,02:15,-1,E09000007,3,2,1,1,1,19,1,5,10,0,0,1,0,0,0,0,0,12,2
2024010546854,2024,010546854,549657,186076,0.15724,51.55373,3,3,2,09:00,-1,E09000002,6,0,1,0,1,"[1, 19]","[7, 1]","[3, 5]",0,0,0,1,0,0,0,0,0,12,2
2024010546855,2024,010546855,528675,192279,-0.14294,51.61464,3,3,2,08:30,-1,E09000010,3,0,1,0,1,"[13, 9]",5,"[1, 2]",0,0,0,1,0,1,0,0,0,12,2
2024010546857,2024,010546857,527955,169620,-0.16155,51.41117,3,3,2,07:15,-1,E09000024,3,2,1,1,1,99,9,9,99,9,99,1,0,0,0,0,0,12,2
2024010546859,2024,010546859,536323,176226,-0.03876,51.46859,2,2,2,09:05,-1,E09000023,6,0,1,0,1,"[9, 19]","[7, 3]","[5, 7]",0,0,0,1,1,0,0,0,0,12,2
2024010546860,2024,010546860,547607,170439,0.12116,51.41376,2,2,2,08:38,-1,E09000004,3,0,1,1,1,"[7, 19]",3,"[6, 7]",0,0,0,1,1,0,0,0,0,12,2
2024010546861,2024,010546861,526179,178685,-0.18385,51.49304,2,2,2,09:00,-1,E09000020,6,0,1,1,1,19,"[7, 5]","[3, 1]",0,0,0,1,1,0,0,0,0,12,2
2024010546862,2024,010546862,533138,184404,-0.08151,51.54284,2,2,7,21:30,-1,E09000012,5,2,1,1,1,19,"[5, 3]","[1, 7]",0,0,0,1,1,0,0,0,0,11,30
2024010546871,2024,010546871,548533,183377,0.1399,51.52977,3,3,2,07:53,-1,E09000002,3,0,1,0,1,"[4, 19]",4,8,0,0,0,0,0,1,1,0,0,12,2
2024010546872,2024,010546872,528942,184708,-0.14187,51.54654,3,3,7,11:00,-1,E09000007,3,0,1,0,1,99,9,9,99,9,99,0,1,0,0,0,0,11,30
2024010546875,2024,010546875,529948,175650,-0.1307,51.46491,3,3,2,08:30,-1,E09000022,3,0,1,0,1,99,9,9,99,9,99,1,0,0,1,0,1,12,2
2024010546881,2024,010546881,506902,179512,-0.46115,51.50444,3,3,2,09:58,-1,E09000017,6,0,1,0,1,"[5, 19]","[3, 1]","[7, 5]",0,0,0,1,0,0,0,0,0,12,2
2024010546892,2024,010546892,520691,180330,-0.2623,51.50902,3,3,2,08:00,-1,E09000009,5,0,1,1,1,"[19, 3]",7,3,0,0,0,1,1,0,0,0,0,12,2
2024010546897,2024,010546897,549066,186573,0.14893,51.55835,3,3,2,09:30,-1,E09000002,6,0,1,0,1,"[4, 2]","[7, 0]","[3, 0]",0,0,0,1,0,0,0,0,1,12,2
2024010546902,2024,010546902,534982,182735,-0.05557,51.5274,2,2,2,09:58,-1,E09000030,3,0,1,0,1,"[9, 10]","[7, 3]","[5, 1]",0,0,0,1,1,0,0,0,0,12,2
2024010546903,2024,010546903,531923,188928,-0.09732,51.58378,2,2,5,19:20,-1,E09000014,6,0,5,1,1,99,9,9,99,9,99,0,1,1,0,0,0,7,25
2024010546909,2024,010546909,514992,186821,-0.34226,51.56855,3,3,4,17:40,-1,E09000015,5,2,9,-1,1,19,"[1, 7]","[5, 3]",0,0,0,1,0,1,0,0,0,11,20
2024010546910,2024,010546910,514410,188875,-0.34998,51.58712,3,3,6,07:45,-1,E09000015,6,0,1,0,1,99,9,9,99,9,99,1,1,0,0,0,0,11,29
2024010546912,2024,010546912,541820,188240,0.04515,51.57519,3,3,2,12:31,-1,E09000026,3,0,1,0,1,"[3, 19]","[1, 5]","[5, 1]",0,0,0,1,0,0,0,0,0,12,2
2024010546913,2024,010546913,507068,179496,-0.45877,51.50427,3,3,2,11:40,-1,E09000017,6,0,8,0,1,9,3,1,0,0,0,1,0,0,0,0,1,12,2
2024010546918,2024,010546918,529207,183538,-0.13848,51.53597,3,3,5,20:55,-1,E09000007,5,2,8,0,1,99,9,9,99,9,99,0,1,0,0,1,0,11,21
2024010546923,2024,010546923,536045,178036,-0.04207,51.48492,2,2,2,11:30,-1,E09000023,4,0,1,0,1,19,"[5, 1]","[1, 5]",0,0,0,1,1,0,0,0,0,12,2
2024010546926,2024,010546926,528540,173360,-0.15179,51.44465,2,2,2,12:10,-1,E09000032,6,0,1,0,1,7,7,1,0,0,0,1,1,0,0,0,0,12,2
2024010546927,2024,010546927,546527,162698,0.10246,51.34448,2,2,2,11:57,-1,E09000006,3,0,1,0,1,"[2, -1]","[0, 3]","[0, 7]","[0, 4]",0,0,1,0,0,0,0,0,12,2
2024010546928,2024,010546928,524082,185599,-0.2116,51.55564,3,3,5,18:15,-1,E09000007,6,2,9,-1,1,99,9,9,99,9,99,1,0,1,0,0,0,11,28
2024010546931,2024,010546931,523290,189367,-0.2217,51.58967,3,3,2,12:59,-1,E09000003,3,0,1,0,1,19,5,1,0,0,0,1,0,0,0,0,1,12,2
2024010546933,2024,010546933,531841,172539,-0.10463,51.43652,2,2,6,17:00,-1,E09000022,3,2,8,-1,1,19,3,7,11,0,0,0,1,0,0,0,1,11,29
2024010546934,2024,010546934,546945,167896,0.1106,51.39108,3,3,7,00:29,-1,E09000006,3,2,1,0,1,99,9,9,99,9,99,1,0,0,0,0,0,11,30