collision_index,collision_year,collision_ref_no,location_easting_osgr,location_northing_osgr,longitude,latitude,casualty_severity,casualty_severity,day_of_week,time,local_authority_district,local_authority_ons_district,first_road_class,light_conditions,weather_conditions,road_surface_conditions,urban_or_rural_area,vehicle_manoeuvre,vehicle_direction_from,vehicle_direction_to,hit_object_in_carriageway,vehicle_leaving_carriageway,hit_object_off_carriageway,is_car,is_cyle,is_mcyle,is_goodsv,is_other,is_pedestrian,month,day
2024010546937,2024,010546937,541885,173824,0.0403,51.44564,2,2,7,11:14,-1,E09000011,6,0,1,0,1,19,"[5, 1]","[1, 5]",0,0,0,1,0,1,0,0,0,11,2
2024010546940,2024,010546940,543833,183430,0.07222,51.53146,3,3,7,09:10,-1,E09000025,3,0,1,0,2,99,9,9,99,9,99,1,0,0,1,0,0,11,30
2024010546945,2024,010546945,537696,173059,-0.02024,51.4398,3,3,2,13:36,-1,E09000023,3,0,2,1,1,"[10, 19]","[7, 1]",5,0,0,0,1,0,1,0,0,0,12,2
2024010546947,2024,010546947,526241,191377,-0.1784,51.60709,3,3,7,17:10,-1,E09000003,5,2,1,0,1,99,9,9,99,9,99,1,0,1,0,0,0,11,30
2024010546948,2024,010546948,521269,186012,-0.25202,51.55996,3,3,2,11:55,-1,E09000005,6,0,9,-1,1,99,9,9,99,9,99,1,0,0,1,0,0,12,2
2024010546954,2024,010546954,531018,175306,-0.11543,51.46157,3,3,2,15:45,-1,E09000022,3,0,9,0,1,"[5, 7]",1,"[5, 4]",0,"[0, 3]",0,1,0,0,1,0,0,12,2
2024010546955,2024,010546955,529207,175573,-0.14139,51.46439,3,3,3,10:16,-1,E09000022,4,0,1,1,1,99,9,9,99,9,99,1,0,0,0,0,1,11,19
2024010546958,2024,010546958,523681,175451,-0.22094,51.46453,3,3,2,15:12,-1,E09000032,6,0,9,-1,1,99,9,9,99,9,99,1,1,0,0,0,0,12,2
2024010546965,2024,010546965,535966,177664,-0.04335,51.4816,3,3,2,14:10,-1,E09000023,6,0,1,0,1,99,9,9,99,9,99,1,0,1,0,0,0,12,2
2024010546979,2024,010546979,527788,194059,-0.1551,51.63084,3,3,2,17:00,-1,E09000003,4,2,8,1,1,"[4, 19]",7,3,0,0,0,1,0,1,0,0,0,12,2
2024010546981,2024,010546981,524373,178097,-0.21005,51.48815,3,3,7,10:36,-1,E09000013,6,0,9,-1,1,"[2, 99]",9,9,99,9,99,1,0,0,0,0,0,11,30
2024010546982,2024,010546982,534579,176342,-0.06381,51.47005,3,3,2,06:57,-1,E09000028,6,2,1,1,1,99,9,9,99,9,99,1,0,1,0,0,0,12,2
2024010546983,2024,010546983,549492,186959,0.15524,51.5617,3,3,2,14:33,-1,E09000002,3,0,1,0,1,4,3,7,10,0,0,1,0,0,0,0,1,12,2
2024010546984,2024,010546984,530990,181977,-0.11336,51.52153,3,3,2,14:12,-1,E09000007,3,0,8,0,1,99,9,9,99,9,99,1,1,0,0,0,0,12,2
2024010546985,2024,010546985,533061,183234,-0.08306,51.53234,3,3,2,17:35,-1,E09000012,5,2,1,0,1,"[9, 19]","[7, 5]","[5, 1]",0,0,0,1,1,0,0,0,0,12,2
2024010546987,2024,010546987,529267,178692,-0.13939,51.4924,3,3,2,17:57,-1,E09000033,4,2,1,0,1,"[19, 1]",7,3,0,0,0,1,0,1,0,0,0,12,2
2024010546989,2024,010546989,538076,175014,-0.01402,51.45727,2,2,2,18:09,-1,E09000023,3,2,1,0,1,-1,5,1,0,0,0,0,0,0,1,0,0,12,2
2024010546991,2024,010546991,541433,178635,0.03572,51.48898,3,3,2,15:35,-1,E09000011,3,0,1,0,1,99,9,9,99,9,99,1,0,0,0,0,0,12,2
2024010546993,2024,010546993,535139,191311,-0.05001,51.60443,3,3,2,17:08,-1,E09000014,3,2,1,0,1,19,1,5,7,4,10,1,0,0,0,0,0,12,2
2024010546996,2024,010546996,534536,182653,-0.06203,51.52677,3,3,2,16:05,-1,E09000030,3,0,1,0,1,5,7,3,0,0,0,1,0,0,0,0,1,12,2
2024010547000,2024,010547000,527540,173045,-0.16629,51.44205,3,3,2,17:40,-1,E09000032,3,2,1,0,1,"[5, -1]","[1, 3]","[5, 7]",0,"[1, 0]",0,1,0,1,0,0,0,12,2
2024010547007,2024,010547007,534283,179447,-0.06689,51.49802,2,2,2,17:25,-1,E09000028,3,2,1,0,1,19,7,3,0,0,0,0,0,0,0,1,1,12,2
2024010547012,2024,010547012,526291,196114,-0.17598,51.64964,3,3,2,16:25,-1,E09000003,3,2,1,0,1,14,2,6,0,0,0,1,0,0,0,0,1,12,2
2024010547015,2024,010547015,529189,191912,-0.13566,51.61123,3,3,2,18:55,-1,E09000010,3,2,1,0,1,99,9,9,99,9,99,1,0,0,0,1,0,12,2
2024010547016,2024,010547016,532916,171513,-0.08955,51.42704,3,3,2,17:17,-1,E09000022,6,2,1,0,1,9,3,1,0,0,0,1,0,0,0,0,1,12,2
2024010547017,2024,010547017,532706,182633,-0.0884,51.52702,3,3,2,21:15,-1,E09000019,3,2,1,0,1,"[9, 13]",1,"[6, 5]",0,0,0,1,0,1,0,0,0,12,2
2024010547025,2024,010547025,533605,182040,-0.07567,51.52148,3,3,2,10:15,-1,E09000030,3,2,1,0,1,99,9,9,99,9,99,1,0,1,0,0,0,12,2
2024010547031,2024,010547031,548438,188050,0.14051,51.57178,3,3,2,20:35,-1,E09000002,6,2,1,0,1,19,3,7,0,0,0,1,0,0,0,0,0,12,2
2024010547033,2024,010547033,529402,184483,-0.13532,51.54442,3,3,3,00:39,-1,E09000007,3,2,1,0,1,19,6,2,0,1,11,1,0,0,0,0,0,12,3
2024010547037,2024,010547037,528584,178695,-0.14922,51.49259,3,3,2,20:57,-1,E09000033,6,2,1,0,1,"[5, 7]",1,"[5, 3]",0,"[1, 7]",0,1,0,0,1,0,0,12,2
2024010547038,2024,010547038,530666,186193,-0.11647,51.55949,2,2,3,04:01,-1,E09000019,3,2,1,0,1,19,5,1,10,8,10,1,0,0,0,0,0,12,3
2024010547042,2024,010547042,540905,182764,0.02977,51.52622,3,3,3,05:25,-1,E09000025,3,2,2,0,1,19,2,6,0,0,0,1,0,1,0,0,0,12,3
2024010547043,2024,010547043,524266,163692,-0.21664,51.35872,2,2,5,18:55,-1,E09000029,3,2,1,0,1,99,9,9,99,9,99,1,0,0,0,0,1,11,21
2024010547048,2024,010547048,538596,176587,-0.00592,51.47128,2,2,3,08:24,-1,E09000023,6,0,1,0,1,-1,3,7,0,0,0,1,0,0,0,0,1,12,3
2024010547053,2024,010547053,533212,189571,-0.07848,51.58925,3,3,3,07:50,-1,E09000014,4,0,1,0,1,99,9,9,99,9,99,1,1,0,0,0,0,12,3
2024010547063,2024,010547063,530808,174715,-0.11867,51.45631,3,3,2,18:51,-1,E09000022,3,2,1,0,1,99,9,9,99,9,99,1,1,0,0,0,0,12,2
2024010547064,2024,010547064,539714,182174,0.01238,51.52121,2,2,3,07:00,-1,E09000025,5,0,1,0,1,"[8, 19]","[1, 5]","[4, 1]",0,0,0,1,1,0,0,0,0,12,3
2024010547068,2024,010547068,530477,188942,-0.11817,51.58424,3,3,7,12:20,-1,E09000014,6,0,1,0,1,99,9,9,99,9,99,1,0,1,0,0,0,11,30
2024010547071,2024,010547071,538911,165148,-0.00587,51.36841,3,3,3,06:50,-1,E09000006,3,2,1,0,1,19,"[6, 8]","[2, 4]",0,0,0,1,0,0,0,0,0,12,3
2024010547079,2024,010547079,542310,159384,0.04063,51.31578,3,3,3,08:23,-1,E09000006,5,0,1,0,1,19,3,7,0,0,0,1,0,0,0,0,1,12,3
2024010547081,2024,010547081,524651,169517,-0.20907,51.41098,3,3,2,16:00,-1,E09000024,3,0,2,-1,1,"[5, 10]",3,"[7, 8]",0,0,0,1,1,0,0,0,0,11,18
2024010547084,2024,010547084,537356,169805,-0.02639,51.41064,3,3,3,08:20,-1,E09000006,3,0,1,0,1,"[3, 19]",7,3,"[4, 0]",0,0,1,0,0,0,0,0,12,3
2024010547086,2024,010547086,519399,166305,-0.28563,51.38324,3,3,3,08:00,-1,E09000021,6,0,1,0,1,99,9,9,99,9,99,1,0,0,0,0,0,12,3
2024010547088,2024,010547088,541276,185100,0.03605,51.54711,3,3,2,22:30,-1,E09000025,4,2,1,0,1,99,9,9,99,9,99,1,0,0,0,0,0,12,2
2024010547089,2024,010547089,530860,192109,-0.11147,51.61261,3,3,6,21:40,-1,E09000010,3,2,9,-1,1,99,9,9,99,9,99,1,0,1,0,0,0,11,29
2024010547091,2024,010547091,536739,177934,-0.03212,51.48384,3,3,3,06:30,-1,E09000023,3,0,2,1,1,99,9,9,99,9,99,1,0,1,0,0,0,10,1
2024010547096,2024,010547096,531340,182049,-0.1083,51.52209,3,3,3,08:40,-1,E09000007,3,0,1,0,1,99,9,9,99,9,99,1,1,0,0,0,0,12,3
2024010547100,2024,010547100,542273,182095,0.0492,51.51986,3,3,3,09:14,-1,E09000025,3,0,1,0,1,"[11, 19]",3,7,0,0,0,1,0,1,0,0,0,12,3
2024010547101,2024,010547101,504766,174869,-0.49329,51.46311,3,3,2,14:30,-1,E09000017,3,0,1,1,2,99,9,9,99,9,99,1,0,0,1,0,0,12,2
2024010547108,2024,010547108,525951,177142,-0.18768,51.47922,3,3,6,08:56,-1,E09000013,3,0,1,0,1,99,9,9,99,9,99,1,1,0,0,0,0,11,22
2024010547111,2024,010547111,536470,182536,-0.03421,51.52526,3,3,2,17:27,-1,E09000030,3,2,1,0,1,99,9,9,99,9,99,1,1,0,0,0,0,12,2
2024010547115,2024,010547115,526065,178374,-0.1856,51.49027,3,3,3,07:55,-1,E09000020,6,0,1,0,1,19,1,5,0,0,0,1,0,0,0,0,1,12,3
2024010547116,2024,010547116,540870,175330,0.0263,51.45942,3,3,3,12:00,-1,E09000011,3,0,1,0,1,"[9, 19]","[1, 5]","[6, 1]",0,0,0,1,0,0,0,0,0,12,3
2024010547122,2024,010547122,548750,185957,0.14412,51.5529,3,3,3,14:17,-1,E09000002,6,0,1,0,1,19,1,5,0,1,11,1,0,0,0,0,0,12,3
2024010547127,2024,010547127,534386,193601,-0.06,51.62519,3,3,3,07:55,-1,E09000010,3,0,1,0,1,19,1,5,0,0,0,0,0,0,1,0,0,12,3
2024010547133,2024,010547133,511306,185250,-0.39592,51.55516,2,2,2,08:19,-1,E09000017,6,0,1,0,1,2,0,0,0,0,0,1,0,0,0,0,1,12,2
2024010547134,2024,010547134,545224,188995,0.09455,51.58111,3,3,3,13:55,-1,E09000026,6,0,1,0,1,99,9,9,99,9,99,1,1,0,0,0,0,12,3
2024010547138,2024,010547138,523223,179193,-0.22623,51.49826,3,3,3,14:00,-1,E09000013,6,0,1,0,1,99,9,9,99,9,99,1,0,1,0,0,0,12,3
2024010547149,2024,010547149,533754,189487,-0.0707,51.58837,3,3,1,23:40,-1,E09000014,3,2,2,1,1,99,9,9,99,9,99,1,0,0,0,0,0,11,24
2024010547151,2024,010547151,529505,177593,-0.13636,51.48247,3,3,3,09:25,-1,E09000032,3,0,1,0,1,9,3,1,10,4,6,1,0,0,0,0,0,12,3
2024010547152,2024,010547152,534413,183172,-0.0636,51.53146,3,3,3,12:37,-1,E09000030,3,0,1,0,1,"[15, 9]",3,"[7, 2]",0,0,0,1,0,1,0,0,0,12,3
2024010547156,2024,010547156,542768,184184,0.05718,51.53851,3,3,2,16:45,-1,E09000025,6,0,2,1,1,99,9,9,99,9,99,1,0,1,0,0,0,12,2
2024010547157,2024,010547157,520693,187804,-0.25971,51.57619,3,3,3,14:30,-1,E09000005,6,0,1,0,1,99,9,9,99,9,99,1,0,0,0,0,0,12,3
2024010547162,2024,010547162,530546,181097,-0.12009,51.51372,3,3,3,15:32,-1,E09000033,5,0,1,0,1,19,"[3, 1]","[7, 5]",0,0,0,1,0,1,0,0,0,12,3
2024010547165,2024,010547165,531773,188771,-0.09954,51.5824,2,2,7,15:00,-1,E09000014,3,0,9,0,1,7,1,3,11,0,0,1,0,0,0,0,1,11,23
2024010547168,2024,010547168,532616,164849,-0.09635,51.36723,3,3,3,16:59,-1,E09000008,3,2,1,0,1,"[-1, 9]","[5, 1]","[1, 6]",0,0,0,1,0,1,0,0,0,12,3
2024010547171,2024,010547171,544046,188048,0.07718,51.5729,3,3,3,18:00,-1,E09000026,6,2,1,0,1,"[2, 19]","[0, 5, 1]","[0, 1, 5]","[0, 4]",0,0,1,0,0,0,0,0,12,3
2024010547172,2024,010547172,529479,183477,-0.13458,51.53536,3,3,3,18:05,-1,E09000007,4,2,1,0,1,99,9,9,99,9,99,1,0,1,0,0,0,12,3
2024010547175,2024,010547175,523673,174088,-0.22153,51.45228,3,3,3,17:50,-1,E09000032,3,2,1,0,1,99,9,9,99,9,99,1,0,0,0,0,0,12,3
2024010547177,2024,010547177,538525,182265,-0.00471,51.52232,2,2,3,17:05,-1,E09000025,6,2,1,0,1,"[7, 4]",1,"[3, 5]",0,0,0,1,0,1,0,0,0,12,3
2024010547178,2024,010547178,517398,184784,-0.30824,51.54974,3,3,3,09:20,-1,E09000005,6,0,8,0,1,99,9,9,99,9,99,1,0,0,0,0,1,12,3
2024010547179,2024,010547179,534028,185215,-0.06837,51.54991,3,3,3,18:23,-1,E09000012,5,2,1,0,1,19,"[7, 1]","[3, 5]",0,0,0,1,1,0,0,0,0,12,3
2024010547186,2024,010547186,534862,179562,-0.05851,51.49892,3,3,3,18:55,-1,E09000028,3,2,1,0,1,"[15, 9]","[7, 3]","[3, 8]",0,"[1, 0]",0,1,0,1,0,0,0,12,3
2024010547189,2024,010547189,551168,190599,0.18096,51.59396,1,1,3,16:49,-1,E09000016,5,0,9,0,1,19,7,3,0,0,0,1,0,0,0,0,1,12,3
2024010547191,2024,010547191,523273,175873,-0.22666,51.46841,3,3,3,09:05,-1,E09000032,4,0,1,0,1,99,9,9,99,9,99,1,1,0,0,0,0,12,3
2024010547193,2024,010547193,520916,192951,-0.25472,51.6224,3,3,3,18:53,-1,E09000003,3,2,1,0,1,99,9,9,99,9,99,1,0,0,0,0,0,12,3
2024010547195,2024,010547195,520034,175325,-0.27346,51.46418,3,3,3,18:45,-1,E09000027,3,2,1,0,1,99,9,9,99,9,99,1,1,0,0,0,0,12,3
2024010547198,2024,010547198,532415,187691,-0.09069,51.57255,3,3,3,16:00,-1,E09000012,3,0,1,0,1,"[13, 99]",9,9,99,9,99,1,1,0,0,0,0,12,3
2024010547204,2024,010547204,528865,177079,-0.14576,51.478,3,3,3,18:00,-1,E09000032,5,2,9,-1,1,99,9,9,"[12, 99]",9,99,1,1,0,0,0,0,12,3
2024010547205,2024,010547205,514975,185089,-0.34307,51.55298,2,2,3,14:56,-1,E09000009,3,0,1,0,1,19,3,7,0,0,0,1,0,0,0,0,1,12,3
2024010547206,2024,010547206,546994,179560,0.11614,51.49588,2,2,3,18:54,-1,E09000011,6,2,1,0,1,19,3,7,0,0,0,1,0,0,0,0,1,12,3
2024010547208,2024,010547208,535343,169034,-0.05561,51.40419,3,3,3,16:30,-1,E09000006,3,2,1,0,1,"[14, 9]","[4, 6]","[8, 4]",0,0,0,1,0,1,0,0,0,12,3
2024010547210,2024,010547210,538174,173690,-0.01312,51.44535,3,3,3,18:05,-1,E09000023,3,0,1,0,1,19,"[1, 7]","[5, 3]",0,"[0, 7]",0,1,1,0,0,0,0,12,3
2024010547211,2024,010547211,529913,175582,-0.13123,51.46431,3,3,2,17:21,-1,E09000022,3,2,1,0,1,99,9,9,99,9,99,1,1,0,0,0,0,12,2
2024010547212,2024,010547212,553858,188935,0.21904,51.57828,3,3,3,21:45,-1,E09000016,5,2,1,0,1,"[19, 9]","[1, 3]","[5, 1]",0,0,0,1,0,0,0,0,0,12,3
2024010547213,2024,010547213,525738,170366,-0.19315,51.41837,3,3,3,18:20,-1,E09000024,3,2,8,0,1,19,5,1,0,0,0,0,0,1,0,0,0,12,3
2024010547214,2024,010547214,530254,187028,-0.1221,51.56709,2,2,3,21:15,-1,E09000019,3,2,1,0,1,"[13, 9]","[5, 4]","[1, 3]",0,0,0,1,0,1,0,0,0,12,3
2024010547215,2024,010547215,530429,178052,-0.1229,51.48639,3,3,3,09:20,-1,E09000022,3,0,9,-1,1,"[13, 19]",9,9,99,9,99,0,1,0,0,0,0,11,26
2024010547218,2024,010547218,549658,175510,0.15278,51.45879,3,3,3,14:03,-1,E09000004,3,0,2,0,1,"[9, -1]","[3, 7]","[1, 3]",0,0,0,1,0,1,0,0,0,12,3
2024010547221,2024,010547221,525761,170320,-0.19284,51.41795,3,3,3,18:35,-1,E09000024,3,2,8,0,1,"[19, 10]","[5, 7]","[1, 5]",0,0,0,1,0,1,0,0,0,12,3
2024010547224,2024,010547224,535939,174881,-0.04481,51.45659,3,3,3,13:17,-1,E09000028,6,0,1,0,1,99,9,9,99,9,99,1,1,0,0,0,0,12,3
2024010547225,2024,010547225,529906,181019,-0.12933,51.51317,3,3,3,21:48,-1,E09000033,3,2,9,-1,1,99,9,9,99,9,99,1,1,0,0,0,0,12,3
2024010547226,2024,010547226,531443,186763,-0.10505,51.56443,3,3,3,11:49,-1,E09000019,3,0,8,0,1,99,9,9,99,9,99,1,0,0,0,0,1,12,3
2024010547229,2024,010547229,510201,186926,-0.41132,51.57044,3,3,3,15:02,-1,E09000017,5,0,1,0,1,99,9,9,99,9,99,1,0,0,0,0,0,12,3
2024010547230,2024,010547230,520447,178351,-0.26649,51.49129,3,3,3,19:15,-1,E09000018,3,2,1,0,1,99,9,9,99,9,99,1,1,0,0,0,0,12,3
2024010547233,2024,010547233,543316,187228,0.06631,51.56572,2,2,3,22:40,-1,E09000026,3,2,1,1,1,19,"[1, 5]","[5, 1]","[10, 0]","[1, 0]","[2, 0]",1,0,0,0,0,0,12,3
2024010547234,2024,010547234,530377,172846,-0.12556,51.43961,3,3,4,00:05,-1,E09000022,6,2,1,0,1,"[2, 19]","[0, 1]","[0, 5]","[0, 4]","[0, 1]",0,1,0,0,0,0,1,12,4
2024010547235,2024,010547235,530894,188116,-0.11247,51.57672,3,3,4,02:33,-1,E09000014,6,2,1,0,1,"[2, 19]","[0, 5]","[0, 1]","[0, 4]",0,0,1,0,0,0,0,0,12,4
2024010547241,2024,010547241,530811,172164,-0.11957,51.43338,2,2,4,00:21,-1,E09000022,5,2,1,0,1,1,7,3,0,0,0,1,0,0,0,0,1,12,4
2024010547251,2024,010547251,532550,190513,-0.08768,51.59787,3,3,7,11:30,-1,E09000014,3,0,2,1,1,99,9,9,99,9,99,1,0,1,0,0,0,11,30
2024010547253,2024,010547253,523169,189768,-0.22331,51.59331,3,3,3,12:30,-1,E09000003,6,0,1,0,1,99,9,9,99,9,99,1,0,0,0,0,0,12,3
2024010547255,2024,010547255,533699,198317,-0.06812,51.66773,3,3,4,07:50,-1,E09000010,5,0,1,0,1,"[19, 2]","[2, 0]","[6, 0]","[4, 0]",0,0,1,0,0,0,0,0,12,4
2024010547260,2024,010547260,525721,176246,-0.19131,51.47122,3,3,4,07:45,-1,E09000013,3,2,8,0,1,99,9,9,99,9,99,0,0,1,0,0,1,12,4
2024010547261,2024,010547261,531443,162235,-0.11416,51.34401,3,3,4,08:25,-1,E09000008,3,0,1,1,1,19,1,5,10,1,2,1,0,0,0,0,0,12,4
2024010547265,2024,010547265,529217,182802,-0.1386,51.52935,2,2,4,09:50,-1,E09000007,3,0,1,0,1,99,9,9,99,9,99,0,1,0,0,0,1,11,20
2024010547267,2024,010547267,552744,184519,0.20106,51.53891,3,3,3,17:30,-1,E09000016,5,2,1,1,1,99,9,9,99,9,99,1,0,0,0,0,0,12,3
2024010547272,2024,010547272,545760,184737,0.10052,51.54271,3,3,4,08:50,-1,E09000002,6,0,1,0,1,19,1,5,0,0,0,1,0,0,0,0,1,12,4
2024010547275,2024,010547275,535385,192651,-0.04595,51.61641,2,2,4,08:20,-1,E09000010,6,0,1,0,1,1,1,5,0,0,0,1,0,0,0,0,1,12,4
2024010547280,2024,010547280,547212,186968,0.12237,51.56238,3,3,3,16:50,-1,E09000002,3,0,1,1,1,6,3,3,0,0,0,1,0,0,0,0,1,12,3
2024010547283,2024,010547283,543115,186338,0.06305,51.55778,3,3,1,00:15,-1,E09000026,3,2,2,0,1,19,1,5,0,0,0,1,0,0,0,0,0,12,1
2024010547284,2024,010547284,531040,187217,-0.11069,51.56861,3,3,4,09:55,-1,E09000014,3,0,1,0,1,"[5, 19]","[3, 1]","[7, 5]",0,0,0,1,1,0,0,0,0,12,4
2024010547290,2024,010547290,527782,178800,-0.16073,51.49371,3,3,3,16:55,-1,E09000020,6,2,1,0,1,99,9,9,99,9,99,1,0,1,0,0,0,12,3
2024010547293,2024,010547293,540188,190134,0.02237,51.59262,3,3,2,16:25,-1,E09000026,3,2,2,1,1,99,9,9,99,9,99,1,1,0,0,0,0,12,2
2024010547295,2024,010547295,521870,189016,-0.24231,51.58683,3,3,1,18:40,-1,E09000003,6,2,1,0,1,99,9,9,99,9,99,1,0,0,0,0,0,11,3
2024010547297,2024,010547297,510301,178846,-0.41241,51.4978,3,3,4,12:00,-1,E09000017,3,0,1,1,1,"[5, 1]","[3, 7]","[7, 3]",0,"[1, 0]",0,1,0,0,0,0,0,12,4
2024010547300,2024,010547300,528075,193163,-0.15128,51.62272,2,2,4,13:00,-1,E09000003,3,0,1,0,1,19,7,3,0,0,0,1,0,0,0,0,1,12,4
2024010547302,2024,010547302,522157,166136,-0.24608,51.38114,2,2,3,07:22,-1,E09000021,3,2,9,1,1,99,9,9,99,9,99,0,1,0,0,0,0,11,19
2024010547304,2024,010547304,530061,180581,-0.12726,51.5092,3,3,7,19:30,-1,E09000033,3,2,1,0,1,-1,5,1,99,9,99,0,1,0,0,0,1,11,30
2024010547306,2024,010547306,525402,177200,-0.19556,51.47987,3,3,4,11:40,-1,E09000013,3,0,1,1,1,"[7, 9]","[1, 7]","[4, 6]",0,0,0,1,0,0,1,0,0,12,4
2024010547308,2024,010547308,538577,185188,-0.00282,51.54857,3,3,4,12:52,-1,E09000025,3,0,8,0,1,19,4,8,0,0,0,1,0,0,0,0,1,12,4
2024010547310,2024,010547310,522802,179031,-0.23234,51.49689,3,3,4,11:50,-1,E09000013,6,0,1,0,1,99,9,9,99,9,99,1,0,1,0,0,0,12,4
2024010547314,2024,010547314,546684,176215,0.11029,51.4659,3,3,4,12:45,-1,E09000004,3,0,1,0,1,"[10, 19]",5,"[2, 1]",0,0,0,1,0,0,0,0,0,12,4
2024010547315,2024,010547315,531499,180497,-0.10658,51.50811,3,3,4,09:15,-1,E09000028,6,0,1,0,1,19,"[3, 7]","[7, 3]",10,"[0, 7]","[0, 2]",1,1,0,0,0,0,12,4
2024010547317,2024,010547317,521289,188985,-0.2507,51.58668,3,3,3,16:15,-1,E09000005,3,2,9,-1,1,99,9,9,99,9,99,1,0,1,0,0,0,12,3
2024010547327,2024,010547327,528746,184249,-0.14486,51.54246,3,3,4,07:40,-1,E09000007,5,0,1,0,1,"[-1, 3]",9,9,99,9,99,1,1,0,0,0,0,12,4
2024010547332,2024,010547332,538207,171825,-0.01338,51.42858,3,3,4,08:08,-1,E09000023,3,0,1,0,1,10,8,6,0,0,0,1,0,0,0,0,1,12,4
2024010547333,2024,010547333,532817,184822,-0.08597,51.54667,3,3,6,23:40,-1,E09000019,3,2,1,0,1,99,9,9,99,9,99,1,0,0,0,0,0,11,22
2024010547338,2024,010547338,540378,182291,0.02199,51.5221,3,3,2,09:25,-1,E09000025,3,0,1,0,1,99,9,9,99,9,99,1,1,0,0,0,0,12,2
2024010547339,2024,010547339,536220,169620,-0.04279,51.40925,3,3,4,13:15,-1,E09000006,3,0,1,0,1,99,9,9,99,9,99,1,0,1,0,0,0,12,4
2024010547341,2024,010547341,531462,183270,-0.10608,51.53304,3,3,4,16:30,-1,E09000019,3,2,1,0,1,19,5,1,0,0,0,0,0,0,1,0,1,12,4
2024010547343,2024,010547343,535347,183418,-0.05005,51.53345,3,3,3,19:20,-1,E09000030,4,2,2,1,1,99,9,9,99,9,"[0, 99]",1,1,0,0,0,0,12,3
2024010547344,2024,010547344,529215,175618,-0.14126,51.46479,3,3,4,08:30,-1,E09000022,4,0,8,0,1,99,9,9,99,9,99,0,1,0,0,0,1,12,4
2024010547347,2024,010547347,530954,166352,-0.11966,51.38112,3,3,4,15:42,-1,E09000008,6,0,1,0,1,9,4,1,0,0,0,1,0,0,0,0,1,12,4
2024010547353,2024,010547353,517605,174407,-0.30871,51.45644,2,2,4,07:50,-1,E09000027,3,0,8,1,1,99,9,9,99,9,99,1,1,0,0,0,0,12,4
2024010547364,2024,010547364,545631,187161,0.09966,51.56453,3,3,3,17:30,-1,E09000026,3,2,1,0,1,99,9,9,99,9,99,1,0,1,0,0,0,12,3
2024010547365,2024,010547365,518067,167397,-0.3044,51.39334,3,3,4,08:00,-1,E09000021,4,0,1,0,1,99,9,9,0,0,0,0,0,0,1,0,1,12,4
2024010547375,2024,010547375,510288,172526,-0.41457,51.441,3,3,4,17:45,-1,E09000018,3,2,1,0,1,99,9,9,99,9,99,1,0,0,0,0,0,12,4
2024010547378,2024,010547378,523158,184680,-0.22525,51.54758,3,3,3,12:08,-1,E09000005,3,0,1,0,1,99,9,9,99,9,99,0,0,1,0,0,0,12,3
2024010547393,2024,010547393,534258,181318,-0.06654,51.51484,3,3,4,20:00,-1,E09000030,3,2,2,1,1,"[7, 19]",3,"[6, 7]",0,0,0,1,1,0,0,0,0,12,4
2024010547396,2024,010547396,534461,168995,-0.0683,51.40405,3,3,4,21:15,-1,E09000006,3,2,2,1,1,19,7,3,0,0,0,1,0,0,0,0,1,12,4
2024010547400,2024,010547400,518675,178344,-0.292,51.4916,2,2,4,18:26,-1,E09000018,3,2,2,1,1,19,7,3,0,0,0,1,0,0,0,0,1,12,4
2024010547412,2024,010547412,535142,162370,-0.06103,51.34436,2,2,4,22:12,-1,E09000008,3,2,2,1,1,19,5,1,0,0,0,1,0,0,0,0,1,12,4
2024010547415,2024,010547415,539506,181645,0.00917,51.51651,3,3,5,00:15,-1,E09000025,3,2,2,1,1,19,3,7,0,0,0,0,0,1,0,0,1,12,5
2024010547416,2024,010547416,529708,186683,-0.1301,51.56412,3,3,5,01:45,-1,E09000019,3,2,2,1,1,19,"[1, 5]","[5, 1]",0,0,0,1,0,0,0,0,0,12,5
2024010547417,2024,010547417,529727,184867,-0.13049,51.54779,2,2,4,23:50,-1,E09000007,3,2,2,1,1,19,"[4, 2]","[8, 6]",0,0,0,1,1,0,0,0,0,12,4
2024010547420,2024,010547420,528103,169714,-0.15939,51.41198,2,2,4,22:50,-1,E09000024,3,2,1,1,1,19,7,3,0,0,0,1,0,0,0,0,1,12,4
2024010547421,2024,010547421,529812,181410,-0.13054,51.51671,3,3,5,03:30,-1,E09000033,3,2,2,1,1,19,5,1,0,0,0,1,1,0,0,0,0,12,5
2024010547422,2024,010547422,522489,182431,-0.23567,51.52751,3,3,4,22:10,-1,E09000013,3,2,2,1,1,9,1,7,0,3,0,1,0,0,0,0,1,12,4
2024010547423,2024,010547423,551454,187820,0.18389,51.56892,2,"[3, 2]",5,05:30,-1,E09000016,3,2,2,1,1,"[9, -1]","[1, 5]","[6, 1]",0,"[0, 1]",0,1,0,0,0,0,0,12,5
2024010547425,2024,010547425,554769,180259,0.22836,51.50008,3,3,5,05:40,-1,E09000016,3,2,2,1,2,99,9,9,99,9,99,1,0,0,0,0,0,12,5