collision_index,collision_year,collision_ref_no,location_easting_osgr,location_northing_osgr,longitude,latitude,casualty_severity,casualty_severity,day_of_week,time,local_authority_district,local_authority_ons_district,first_road_class,light_conditions,weather_conditions,road_surface_conditions,urban_or_rural_area,vehicle_manoeuvre,vehicle_direction_from,vehicle_direction_to,hit_object_in_carriageway,vehicle_leaving_carriageway,hit_object_off_carriageway,is_car,is_cyle,is_mcyle,is_goodsv,is_other,is_pedestrian,month,day
2024010547428,2024,010547428,532809,182484,-0.08697,51.52566,3,3,4,16:18,-1,E09000019,3,2,1,0,1,99,9,9,99,9,99,1,1,0,0,0,0,12,4
2024010547430,2024,010547430,523406,185945,-0.22123,51.5589,2,2,5,07:40,-1,E09000005,6,2,1,1,1,9,1,7,0,0,0,1,0,0,0,0,1,12,5
2024010547431,2024,010547431,530319,175076,-0.12558,51.45967,2,"[3, 2]",5,07:00,-1,E09000022,3,0,2,1,1,4,7,3,11,0,0,0,0,0,1,0,0,12,5
2024010547436,2024,010547436,528968,184960,-0.1414,51.5488,3,3,1,16:50,-1,E09000007,3,2,1,0,1,99,9,9,99,9,99,0,1,0,0,0,0,11,3
2024010547443,2024,010547443,533021,182589,-0.08388,51.52655,3,3,5,08:20,-1,E09000012,3,0,2,1,1,"[7, 19]","[1, 3]","[3, 7]",0,0,0,1,1,0,0,0,0,12,5
2024010547444,2024,010547444,531104,165667,-0.11776,51.37493,3,3,1,13:00,-1,E09000008,6,0,1,0,1,99,9,9,99,9,99,1,1,0,0,0,0,12,1
2024010547445,2024,010547445,530105,171065,-0.13013,51.42367,3,3,5,09:22,-1,E09000022,3,0,1,1,1,"[19, 9]","[5, 1]","[1, 6]",0,0,0,1,0,1,0,0,0,12,5
2024010547446,2024,010547446,511835,176283,-0.39113,51.47447,3,3,4,17:33,-1,E09000018,3,2,1,1,1,4,7,3,0,0,0,0,0,0,1,0,0,12,4
2024010547451,2024,010547451,538401,189505,-0.00365,51.58741,3,3,4,18:20,-1,E09000031,4,2,8,0,1,99,9,9,99,9,99,1,1,0,0,0,0,12,4
2024010547452,2024,010547452,515479,171022,-0.3404,51.42645,2,2,5,08:15,-1,E09000027,3,0,1,1,1,19,3,7,0,0,0,0,0,0,1,0,0,12,5
2024010547464,2024,010547464,533588,194895,-0.07103,51.63701,3,3,4,17:45,-1,E09000010,6,2,9,-1,1,99,9,9,99,9,99,1,0,1,0,0,0,12,4
2024010547467,2024,010547467,520967,167293,-0.26277,51.39179,3,3,5,07:09,-1,E09000021,3,2,1,1,1,19,3,7,0,0,0,1,0,0,0,0,0,12,5
2024010547468,2024,010547468,536500,178205,-0.03545,51.48633,3,3,5,11:49,-1,E09000023,3,0,1,0,1,14,1,5,0,0,0,0,0,1,0,0,1,12,5
2024010547469,2024,010547469,542302,184397,0.05055,51.54054,2,2,5,10:02,-1,E09000025,3,0,2,1,1,"[14, 2]","[5, 0]","[1, 0]",0,0,0,1,0,0,1,0,1,12,5
2024010547472,2024,010547472,533258,182639,-0.08044,51.52695,2,2,2,21:17,-1,E09000012,5,2,1,1,1,99,9,9,99,9,99,1,1,0,0,0,0,12,2
2024010547473,2024,010547473,528756,182263,-0.14544,51.52461,3,3,5,12:45,-1,E09000007,6,0,1,1,1,"[6, 13]",1,"[1, 5]",0,0,0,1,0,1,0,0,0,12,5
2024010547476,2024,010547476,527261,175718,-0.16934,51.46613,2,2,6,17:00,-1,E09000032,5,2,9,-1,1,99,9,9,99,9,99,1,1,0,0,0,0,10,11
2024010547478,2024,010547478,534033,182527,-0.06932,51.52576,2,2,6,21:04,-1,E09000030,3,2,1,1,1,99,9,9,99,9,99,1,1,0,0,0,0,11,29
2024010547482,2024,010547482,528980,184873,-0.14126,51.54802,3,3,5,12:15,-1,E09000007,3,0,1,0,1,9,3,1,0,0,0,0,0,1,0,0,1,12,5
2024010547484,2024,010547484,537665,177667,-0.01889,51.48121,3,3,3,11:45,-1,E09000011,3,0,1,1,1,99,9,9,99,9,99,0,0,1,0,0,1,11,5
2024010547485,2024,010547485,533676,189122,-0.07196,51.58511,3,3,5,07:05,-1,E09000014,3,2,2,1,1,19,5,1,0,0,0,1,0,0,0,0,0,12,5
2024010547487,2024,010547487,538975,162453,-0.006,51.34418,3,3,5,06:53,-1,E09000008,5,2,2,1,1,19,5,1,0,0,0,1,0,0,0,0,1,12,5
2024010547489,2024,010547489,530264,167165,-0.12927,51.38859,3,3,5,10:27,-1,E09000008,3,0,1,1,1,"[2, 4]","[0, 5, 1]","[0, 1, 5]","[0, 4]",0,0,1,0,0,0,0,0,12,5
2024010547493,2024,010547493,525274,188623,-0.19334,51.58255,3,3,5,12:30,-1,E09000003,6,0,8,1,1,99,9,9,99,9,99,1,1,0,0,0,0,12,5
2024010547499,2024,010547499,538232,175980,-0.01139,51.46592,3,3,5,14:20,-1,E09000023,3,0,1,0,1,1,5,1,7,0,0,1,0,0,0,0,1,12,5
2024010547504,2024,010547504,530187,185495,-0.12363,51.55333,3,3,4,01:38,-1,E09000019,3,2,1,0,1,99,9,9,99,9,99,1,0,1,0,0,0,12,4
2024010547505,2024,010547505,527227,196320,-0.16238,51.65128,3,3,3,16:50,-1,E09000003,6,0,9,-1,1,99,9,9,99,9,99,1,0,1,0,0,0,12,3
2024010547506,2024,010547506,550856,190042,0.17622,51.58904,3,3,5,15:15,-1,E09000016,3,2,1,1,1,5,7,3,0,0,0,0,0,0,1,0,0,12,5
2024010547508,2024,010547508,524409,186850,-0.20645,51.56681,3,3,5,14:13,-1,E09000003,3,0,1,0,1,19,"[1, 7]","[5, 3]",0,0,0,1,0,0,1,0,0,12,5
2024010547527,2024,010547527,546304,187895,0.10967,51.57095,3,3,5,16:00,-1,E09000026,6,2,2,1,1,19,7,3,0,0,0,0,0,0,1,0,0,12,5
2024010547530,2024,010547530,531647,180395,-0.10449,51.50716,2,2,3,23:30,-1,E09000028,3,2,1,0,1,99,9,9,99,9,99,1,1,0,0,0,0,12,3
2024010547547,2024,010547547,535260,176120,-0.0541,51.46789,2,2,5,17:20,-1,E09000028,3,2,2,1,1,"[4, 19]",6,2,"[11, 0]",0,0,1,1,0,0,0,0,12,5
2024010547549,2024,010547549,529365,192451,-0.13292,51.61603,3,3,5,16:50,-1,E09000010,3,2,2,1,1,"[9, 19]","[1, 7]","[7, 3]",0,0,0,0,1,0,1,0,0,12,5
2024010547550,2024,010547550,531421,186825,-0.10535,51.565,2,2,4,23:00,-1,E09000014,3,2,1,1,1,1,5,1,0,0,0,1,0,0,0,0,1,12,4
2024010547552,2024,010547552,546659,185630,0.11385,51.5505,3,3,5,18:00,-1,E09000002,5,2,2,1,1,"[9, 13]","[2, 6]","[8, 2]",0,0,0,1,0,1,0,0,0,12,5
2024010547553,2024,010547553,534337,179263,-0.06618,51.49635,3,3,5,18:00,-1,E09000028,5,2,2,1,1,"[7, 19]",3,"[5, 7]",0,0,0,1,1,0,0,0,0,12,5
2024010547558,2024,010547558,534095,168242,-0.07384,51.39737,3,3,5,18:50,-1,E09000008,6,2,2,1,1,19,7,3,0,0,0,0,0,1,0,0,1,12,5
2024010547562,2024,010547562,528031,172340,-0.15948,51.4356,3,3,5,19:35,-1,E09000032,3,2,2,1,1,99,9,9,99,9,99,1,0,0,0,0,1,12,5
2024010547566,2024,010547566,527036,195426,-0.16546,51.64329,3,3,5,17:05,-1,E09000003,4,2,5,1,1,99,9,9,99,9,99,1,1,0,0,0,0,12,5
2024010547567,2024,010547567,543930,184339,0.07399,51.53961,3,3,5,13:25,-1,E09000002,6,0,1,0,1,"[1, 2]",9,9,99,9,99,1,0,0,0,0,0,12,5
2024010547570,2024,010547570,524890,176848,-0.20305,51.47681,2,2,5,17:48,-1,E09000013,3,2,5,1,1,19,2,6,0,0,0,0,0,1,0,0,1,12,5
2024010547578,2024,010547578,532371,178130,-0.09491,51.48664,3,3,5,16:53,-1,E09000028,3,2,8,1,1,"[10, 19]","[7, 5]","[5, 1]",0,"[0, 7]",0,1,1,0,0,0,0,12,5
2024010547582,2024,010547582,512811,180348,-0.37579,51.51081,3,3,5,19:04,-1,E09000009,3,2,5,1,1,5,5,1,0,0,0,1,0,0,0,0,1,12,5
2024010547583,2024,010547583,528525,169115,-0.15355,51.40651,2,"[2, 3]",5,16:34,-1,E09000024,5,2,2,1,1,"[19, 7]","[5, 7]",1,0,0,0,1,0,1,0,0,0,12,5
2024010547584,2024,010547584,533759,180646,-0.07398,51.50892,3,3,5,08:15,-1,E09000030,3,0,9,-1,1,99,9,9,99,9,99,1,0,1,0,0,0,12,5
2024010547587,2024,010547587,559640,187306,0.30167,51.56204,2,2,5,19:30,-1,E09000016,4,2,5,1,2,19,5,1,0,0,0,1,1,0,0,0,0,12,5
2024010547588,2024,010547588,517293,173976,-0.31334,51.45263,3,3,5,09:00,-1,E09000027,3,0,1,0,1,99,9,9,99,9,99,1,1,0,0,0,0,12,5
2024010547593,2024,010547593,532963,185455,-0.08363,51.55232,3,3,3,18:45,-1,E09000012,5,2,2,1,1,99,9,9,99,9,99,1,0,0,0,0,1,12,3
2024010547594,2024,010547594,550189,188365,0.16589,51.57415,3,3,5,17:16,-1,E09000016,6,2,2,1,1,7,3,4,0,0,0,1,0,0,0,0,1,12,5
2024010547595,2024,010547595,551590,188819,0.18628,51.57786,3,3,5,09:40,-1,E09000016,5,0,2,1,1,99,9,9,99,9,99,1,0,0,0,0,1,12,5
2024010547596,2024,010547596,543664,178776,0.06789,51.48969,3,3,5,07:14,-1,E09000011,3,2,2,1,1,7,6,1,0,0,0,0,0,0,1,0,1,12,5
2024010547598,2024,010547598,517142,186208,-0.31146,51.56259,3,3,5,19:44,-1,E09000005,3,2,2,1,1,-1,3,7,0,0,0,1,0,0,0,0,1,12,5
2024010547599,2024,010547599,539572,167950,0.00472,51.39343,3,3,5,06:54,-1,E09000006,4,2,2,1,1,99,9,9,99,9,99,1,0,0,0,0,1,12,5
2024010547600,2024,010547600,525788,169520,-0.19273,51.41076,2,2,5,19:45,-1,E09000024,3,2,2,1,1,19,5,1,0,0,0,0,0,1,0,0,1,12,5
2024010547601,2024,010547601,544501,187797,0.08363,51.57053,3,3,5,16:10,-1,E09000026,5,2,2,1,1,-1,5,1,0,0,0,1,0,0,0,0,1,12,5
2024010547602,2024,010547602,532432,173646,-0.09571,51.44633,3,3,5,17:27,-1,E09000028,3,2,5,1,1,19,8,4,0,0,0,1,0,0,0,0,1,12,5
2024010547603,2024,010547603,518578,178332,-0.2934,51.49151,3,3,5,17:04,-1,E09000018,3,2,2,1,1,99,9,9,99,9,99,1,0,0,0,0,0,12,5
2024010547605,2024,010547605,548256,185927,0.13699,51.55276,3,3,2,17:45,-1,E09000002,3,2,1,0,1,99,9,9,99,9,99,1,1,0,0,0,0,11,11
2024010547607,2024,010547607,540394,170050,0.01736,51.4121,3,3,5,14:00,-1,E09000006,6,0,1,0,1,"[19, 2]","[5, 0]","[1, 0]","[4, 0]",0,0,1,0,0,0,0,0,12,5
2024010547608,2024,010547608,526144,181349,-0.1834,51.51699,3,3,5,19:30,-1,E09000033,3,2,2,1,1,19,1,5,0,0,0,1,0,0,0,0,1,12,5
2024010547609,2024,010547609,520196,176808,-0.27062,51.47747,3,3,5,19:20,-1,E09000018,5,2,8,1,1,99,9,9,99,9,99,1,0,0,0,0,1,12,5
2024010547623,2024,010547623,547286,173384,0.11777,51.44031,2,2,5,19:45,-1,E09000004,3,2,4,1,1,"[9, 19]","[3, 1]","[1, 5]",0,0,0,1,0,1,0,0,0,12,5
2024010547628,2024,010547628,524364,179428,-0.20972,51.50012,3,3,3,22:22,-1,E09000020,3,2,1,0,1,99,9,9,99,9,99,1,0,0,0,0,0,12,3
2024010547631,2024,010547631,508769,181856,-0.43354,51.52515,3,3,5,19:59,-1,E09000017,3,2,5,1,1,"[3, 19]",3,7,0,0,0,1,0,0,0,0,0,12,5
2024010547633,2024,010547633,549228,176375,0.14696,51.46667,3,3,5,18:11,-1,E09000004,6,2,1,1,1,99,9,9,99,9,99,1,1,0,0,0,0,12,5
2024010547634,2024,010547634,525220,186648,-0.19482,51.56481,3,3,5,21:13,-1,E09000003,6,2,4,1,1,"[2, 19]","[0, 2]","[0, 6]","[0, 4]","[0, 1]",0,1,0,0,0,0,0,12,5
2024010547635,2024,010547635,544255,183731,0.07842,51.53406,2,2,5,20:55,-1,E09000002,3,2,2,1,1,"[5, -1]","[5, 3]","[1, 7]",0,0,0,1,1,0,0,0,0,12,5
2024010547636,2024,010547636,538255,166414,-0.01479,51.37995,3,3,6,01:03,-1,E09000006,3,2,4,0,1,"[19, 9]","[8, 2]","[4, 8]",0,0,0,1,0,1,0,0,0,12,6
2024010547644,2024,010547644,524324,174926,-0.21187,51.45967,3,3,6,07:27,-1,E09000032,3,0,1,0,1,"[9, 19]","[5, 3]","[2, 7]",0,0,0,1,1,0,0,0,0,12,6
2024010547652,2024,010547652,528619,185775,-0.14613,51.5562,3,3,5,18:00,-1,E09000007,4,2,9,-1,1,"[99, 14]",9,9,99,9,99,1,0,1,0,0,0,12,5
2024010547653,2024,010547653,528474,188159,-0.14735,51.57766,3,3,6,08:30,-1,E09000014,3,0,1,0,1,19,"[5, 3]","[1, 7]",0,0,0,1,1,0,0,0,0,12,6
2024010547656,2024,010547656,533536,184914,-0.07558,51.54733,3,3,6,09:20,-1,E09000012,3,0,1,0,1,99,9,9,99,9,99,0,1,0,1,0,0,12,6
2024010547658,2024,010547658,517758,186264,-0.30256,51.56297,2,2,6,09:29,-1,E09000005,3,0,1,0,1,"[6, -1]",7,"[7, 3]",0,0,0,0,1,0,1,0,0,12,6
2024010547659,2024,010547659,529017,180355,-0.14238,51.50741,3,3,5,19:00,-1,E09000033,5,0,9,-1,1,99,9,9,99,9,99,1,0,1,0,0,0,12,5
2024010547664,2024,010547664,524723,183081,-0.20325,51.53287,3,3,5,19:20,-1,E09000033,4,2,5,1,1,99,9,9,99,9,99,1,0,0,0,0,1,12,5
2024010547667,2024,010547667,548981,186744,0.14778,51.55991,3,3,4,16:40,-1,E09000002,3,2,9,-1,1,5,7,3,99,3,99,0,0,0,1,0,0,12,4
2024010547677,2024,010547677,536847,170489,-0.03344,51.41691,3,3,6,08:27,-1,E09000006,6,0,1,0,1,19,1,5,0,0,0,1,0,0,0,0,1,12,6
2024010547680,2024,010547680,536643,182936,-0.03156,51.52881,3,3,6,10:52,-1,E09000030,6,0,1,0,1,"[5, 19]","[3, 1]","[7, 5]",0,0,0,1,0,1,0,0,0,12,6
2024010547681,2024,010547681,525513,185487,-0.19101,51.55432,2,2,6,10:03,-1,E09000007,3,0,1,0,1,"[9, 19]","[5, 1]","[2, 5]",0,0,0,1,0,1,0,0,0,12,6
2024010547683,2024,010547683,508205,185857,-0.44044,51.56122,3,3,6,08:45,-1,E09000017,6,0,1,0,1,19,5,1,0,0,0,1,0,0,0,0,1,12,6
2024010547684,2024,010547684,520017,175324,-0.2737,51.46417,3,3,6,07:15,-1,E09000027,3,2,1,0,1,19,"[3, 7]","[7, 3]",0,0,0,1,0,0,1,0,0,12,6
2024010547686,2024,010547686,526701,190268,-0.17216,51.59702,2,2,6,09:12,-1,E09000003,3,0,1,0,1,9,1,7,0,0,0,1,0,0,0,0,1,12,6
2024010547689,2024,010547689,517677,180494,-0.30565,51.51113,3,3,5,17:10,-1,E09000009,4,2,2,1,1,99,9,9,99,9,99,1,0,0,0,0,1,12,5
2024010547693,2024,010547693,527175,182854,-0.16801,51.53028,3,3,2,13:40,-1,E09000033,3,0,1,0,1,99,9,9,99,9,99,1,1,0,0,0,0,12,2
2024010547703,2024,010547703,530394,182943,-0.12159,51.53035,3,3,6,12:55,-1,E09000007,3,0,1,0,1,"[3, 7]",4,"[8, 7]",0,0,0,1,0,1,0,0,0,12,6
2024010547704,2024,010547704,528463,181916,-0.14979,51.52156,3,3,6,14:10,-1,E09000033,5,0,1,0,1,5,5,1,10,1,11,1,0,0,0,0,0,12,6
2024010547714,2024,010547714,538365,181083,-0.00748,51.51174,3,3,6,08:25,-1,E09000030,3,0,1,1,1,99,9,9,99,9,99,1,0,1,0,0,0,12,6
2024010547716,2024,010547716,534934,193730,-0.05204,51.62622,3,3,6,12:15,-1,E09000010,6,0,1,1,1,99,9,9,99,9,99,1,0,0,0,0,0,12,6
2024010547718,2024,010547718,534316,175464,-0.06793,51.46222,3,3,5,18:40,-1,E09000028,3,2,2,1,1,99,9,9,99,9,99,1,0,0,0,0,0,12,5
2024010547719,2024,010547719,542510,183727,0.05328,51.53447,3,3,6,04:40,-1,E09000025,3,2,1,0,1,99,9,9,99,9,99,0,1,0,0,0,0,12,6
2024010547720,2024,010547720,542630,183583,0.05495,51.53314,3,3,5,16:30,-1,E09000025,3,2,9,-1,1,99,9,9,99,9,99,1,0,1,0,0,0,12,5
2024010547723,2024,010547723,519876,180294,-0.27405,51.50887,3,3,5,17:30,-1,E09000009,6,2,1,1,1,99,9,9,99,9,99,1,1,0,0,0,0,12,5
2024010547729,2024,010547729,530283,192438,-0.11967,51.6157,3,3,6,09:40,-1,E09000010,5,0,1,0,1,99,9,9,99,9,99,1,0,0,0,0,0,12,6
2024010547731,2024,010547731,534035,168475,-0.07461,51.39948,3,3,5,18:00,-1,E09000008,3,2,9,1,1,99,9,9,99,9,99,1,0,0,0,0,1,12,5
2024010547735,2024,010547735,533681,190276,-0.07145,51.59548,3,3,6,16:05,-1,E09000014,3,2,1,0,1,19,1,5,0,0,0,0,0,1,0,0,1,12,6
2024010547741,2024,010547741,531523,182078,-0.10565,51.52231,3,3,6,15:52,-1,E09000019,3,0,1,0,1,99,9,9,99,9,99,1,0,0,0,1,0,12,6
2024010547745,2024,010547745,530616,181278,-0.11901,51.51533,3,3,6,08:25,-1,E09000007,3,0,1,0,1,99,9,9,99,9,99,1,0,0,0,0,1,12,6
2024010547747,2024,010547747,533476,183787,-0.07687,51.53721,2,2,6,17:24,-1,E09000012,3,2,2,1,1,"[7, 19]",1,"[3, 5]","[10, 0]",0,0,1,0,1,0,0,0,12,6
2024010547748,2024,010547748,546487,191350,0.11375,51.60194,3,3,6,16:10,-1,E09000026,5,2,1,0,2,19,7,3,0,0,0,1,1,0,0,0,0,12,6
2024010547752,2024,010547752,506120,184752,-0.47084,51.55169,3,3,3,19:50,-1,E09000017,4,2,1,0,1,99,9,9,99,9,99,1,0,1,0,0,0,12,3
2024010547753,2024,010547753,531589,186905,-0.10289,51.56568,3,3,6,14:48,-1,E09000012,3,0,1,0,1,"[4, 19]",6,2,0,0,0,1,0,0,0,0,0,12,6
2024010547754,2024,010547754,527094,176135,-0.17159,51.46992,3,3,6,16:40,-1,E09000032,3,2,1,0,1,19,1,5,0,0,0,0,0,0,1,0,1,12,6
2024010547756,2024,010547756,521597,183219,-0.24825,51.53479,3,3,6,18:10,-1,E09000005,3,2,8,0,1,14,1,5,0,0,0,0,0,1,0,0,1,12,6
2024010547757,2024,010547757,540846,181991,0.02861,51.51929,3,3,6,15:30,-1,E09000025,6,0,1,0,1,6,5,5,0,0,0,1,0,0,0,0,1,12,6
2024010547762,2024,010547762,514528,182231,-0.35044,51.52739,3,3,6,17:15,-1,E09000009,4,2,1,0,1,19,"[3, 1]","[7, 5]",0,0,0,0,1,1,0,0,0,12,6
2024010547764,2024,010547764,512346,182342,-0.38185,51.52882,3,3,6,18:26,-1,E09000017,6,2,1,1,1,19,5,1,0,1,0,0,0,1,0,0,0,12,6
2024010547765,2024,010547765,507503,182034,-0.45173,51.527,3,3,6,18:36,-1,E09000017,3,2,1,1,1,5,1,5,0,0,0,1,0,0,0,0,1,12,6
2024010547766,2024,010547766,543110,183672,0.0619,51.53382,3,3,6,12:30,-1,E09000025,3,0,9,0,1,99,9,9,99,9,99,1,0,0,0,0,1,11,15
2024010547768,2024,010547768,529408,185553,-0.13484,51.55403,3,3,6,15:23,-1,E09000007,3,0,1,0,1,99,9,9,99,9,99,1,1,0,0,0,0,12,6
2024010547769,2024,010547769,524831,184393,-0.20123,51.54463,3,3,6,18:00,-1,E09000007,3,2,1,0,1,99,9,9,99,9,99,0,0,1,0,0,1,12,6
2024010547771,2024,010547771,513180,174392,-0.37238,51.4572,3,3,6,18:25,-1,E09000027,3,2,2,1,1,19,7,3,0,0,0,1,0,0,0,0,1,12,6
2024010547773,2024,010547773,539564,181664,0.01001,51.51666,3,3,6,16:15,-1,E09000025,3,0,1,0,1,19,3,7,0,0,0,1,0,1,0,0,0,12,6
2024010547776,2024,010547776,531425,176341,-0.1092,51.47078,3,3,6,15:30,-1,E09000022,6,0,1,0,1,"[5, 3, 7]","[1, 5, 3]","[5, 1, 6]",0,0,0,1,0,0,0,0,0,12,6
2024010547779,2024,010547779,514912,187802,-0.34309,51.57738,3,3,6,17:15,-1,E09000015,3,2,1,0,1,99,9,9,99,9,99,1,0,1,0,0,0,12,6
2024010547780,2024,010547780,531919,192513,-0.09603,51.61599,3,3,6,18:00,-1,E09000010,3,2,4,1,1,"[4, 5]",3,7,0,"[0, 1]",0,1,0,0,0,0,0,12,6
2024010547781,2024,010547781,524035,175312,-0.2159,51.4632,3,3,6,15:00,-1,E09000032,3,0,1,0,1,19,1,5,0,0,0,0,1,0,0,0,1,12,6
2024010547783,2024,010547783,522254,187712,-0.23722,51.57503,3,3,6,19:40,-1,E09000003,3,2,2,1,1,"[11, 19]",5,1,0,0,0,1,0,1,0,0,0,12,6
2024010547785,2024,010547785,531905,180266,-0.10082,51.50594,2,2,6,15:45,-1,E09000028,3,0,1,0,1,"[6, 19]","[3, 7]",3,0,0,0,1,0,1,0,0,0,12,6
2024010547787,2024,010547787,533563,193836,-0.0718,51.6275,3,3,6,19:26,-1,E09000010,4,2,2,1,1,"[2, 19]","[0, 7]","[0, 3]","[4, 0]",0,0,1,0,0,0,0,0,12,6
2024010547788,2024,010547788,519461,188817,-0.27713,51.58556,3,3,6,16:05,-1,E09000005,3,2,1,0,1,99,9,9,99,9,99,1,0,0,0,0,1,12,6
2024010547789,2024,010547789,534744,176783,-0.06127,51.47397,3,3,6,17:56,-1,E09000028,3,2,1,1,1,99,9,9,99,9,99,1,1,0,0,0,0,12,6
2024010547790,2024,010547790,537453,173000,-0.02376,51.43933,3,3,6,16:30,-1,E09000023,6,2,2,1,1,19,5,1,0,0,0,0,1,0,0,0,1,12,6
2024010547791,2024,010547791,525347,178820,-0.19578,51.49444,3,3,5,18:45,-1,E09000020,3,2,1,1,1,99,9,9,99,9,99,1,0,0,1,0,0,12,5
2024010547792,2024,010547792,533388,192361,-0.07488,51.61428,3,3,6,17:44,-1,E09000010,3,2,2,1,1,19,7,3,0,0,0,1,0,0,0,0,0,12,6
2024010547794,2024,010547794,539737,181919,0.01261,51.51891,1,1,6,19:25,-1,E09000025,5,2,2,1,1,5,0,1,0,0,0,1,0,0,0,0,1,12,6
2024010547795,2024,010547795,526608,183526,-0.17593,51.53645,3,3,6,21:21,-1,E09000033,3,2,2,1,1,"[19, 6]",1,"[5, 1]",0,0,0,0,1,1,0,0,0,12,6
2024010547796,2024,010547796,533467,166468,-0.08353,51.38158,3,3,2,10:05,-1,E09000008,4,0,1,0,1,99,9,9,99,9,99,1,0,0,0,0,0,11,25
2024010547798,2024,010547798,536286,176233,-0.03929,51.46866,3,3,6,18:13,-1,E09000023,6,0,2,0,1,"[9, 19]",5,"[3, 1]",0,0,0,1,1,0,0,0,0,12,6
2024010547799,2024,010547799,533543,168151,-0.08181,51.39668,3,3,6,21:01,-1,E09000008,3,2,2,1,1,"[19, 9]","[5, 1]","[1, 7]",0,0,0,1,0,0,0,0,0,12,6
2024010547803,2024,010547803,537466,176912,-0.02205,51.47448,2,2,6,22:50,-1,E09000011,3,2,5,1,1,"[6, 19]","[5, 1]",5,0,0,0,1,0,1,0,0,0,12,6
2024010547805,2024,010547805,539921,184784,0.01639,51.54461,3,3,6,19:15,-1,E09000025,3,2,5,1,1,7,5,7,0,3,0,1,0,0,0,0,1,12,6
2024010547808,2024,010547808,523830,179889,-0.21724,51.50438,3,3,6,22:15,-1,E09000013,3,2,5,1,1,"[19, 11]",5,1,0,0,0,1,0,0,0,1,0,12,6
2024010547810,2024,010547810,526173,179197,-0.18375,51.49764,3,3,6,02:09,-1,E09000020,4,2,1,0,1,99,9,9,99,9,99,1,1,0,0,0,0,12,6
2024010547811,2024,010547811,525536,181780,-0.192,51.521,3,3,6,06:30,-1,E09000033,3,2,1,0,1,99,9,9,99,9,99,1,1,0,0,0,0,12,6
2024010547812,2024,010547812,534325,196739,-0.05968,51.6534,3,3,6,23:05,-1,E09000010,3,2,2,1,1,"[19, 9]","[1, 5]","[5, 3]",0,0,0,1,0,0,0,0,0,12,6
2024010547814,2024,010547814,537886,188077,-0.01164,51.5747,3,3,6,22:30,-1,E09000031,3,2,2,1,1,"[19, 4]",5,1,0,0,0,1,0,1,0,0,0,12,6
2024010547817,2024,010547817,523250,180824,-0.22527,51.51291,3,3,5,19:45,-1,E09000013,3,2,2,1,1,99,9,9,99,9,99,0,1,1,0,0,0,12,5
2024010547818,2024,010547818,544501,170629,0.07661,51.41627,3,3,7,00:30,-1,E09000006,6,2,8,1,1,19,5,1,7,0,0,1,0,0,0,0,0,12,7
2024010547826,2024,010547826,549063,184555,0.14804,51.54022,3,3,6,23:55,-1,E09000002,3,2,2,1,1,9,1,7,0,0,0,1,0,0,0,0,1,12,6
2024010547831,2024,010547831,538579,175329,-0.00666,51.45998,3,3,7,04:17,-1,E09000023,6,2,5,1,1,"[-1, 2]","[3, 0]","[5, 0]",0,0,0,1,0,0,0,0,0,12,7
2024010547833,2024,010547833,525915,180996,-0.18682,51.51387,3,3,7,02:00,-1,E09000033,6,2,5,1,1,19,"[7, 1]","[3, 5]",0,0,0,1,1,0,0,0,0,12,7
2024010547834,2024,010547834,529740,180644,-0.13186,51.50984,2,"[3, 2]",7,00:46,-1,E09000033,6,2,8,1,1,"[19, 2]","[1, 0]","[5, 0]",4,"[2, 0]","[11, 0]",1,0,0,0,0,0,12,7
2024010547835,2024,010547835,535877,180882,-0.04339,51.51054,3,3,7,02:18,-1,E09000030,3,2,1,0,1,19,1,5,0,0,0,1,1,0,0,0,0,12,7
2024010547837,2024,010547837,552771,181169,0.2,51.5088,3,3,6,09:05,-1,E09000016,3,0,1,0,2,"[12, 19]",3,7,0,"[1, 0]","[9, 0]",1,0,0,0,1,0,12,6
2024010547839,2024,010547839,527128,181731,-0.16909,51.5202,3,3,7,05:34,-1,E09000033,3,2,4,1,1,19,7,3,0,0,0,1,0,0,0,0,0,12,7
2024010547844,2024,010547844,505365,181929,-0.48257,51.52645,3,3,6,13:15,-1,E09000017,3,0,1,0,1,99,9,9,99,9,99,1,0,0,0,0,1,12,6
2024010547847,2024,010547847,528692,173158,-0.14968,51.4428,3,3,7,05:10,-1,E09000032,4,2,5,1,1,19,"[1, 3]","[5, 7]",0,"[0, 1]","[0, 2]",1,0,0,0,0,0,12,7
2024010547849,2024,010547849,524989,184184,-0.19903,51.54272,3,3,5,00:15,-1,E09000005,3,2,9,1,1,99,9,9,99,9,99,1,0,1,0,0,0,12,5
2024010547855,2024,010547855,533700,181698,-0.07443,51.51839,3,3,7,07:25,-1,E09000030,3,0,5,1,1,19,5,1,7,0,0,1,0,0,0,0,0,12,7
2024010547856,2024,010547856,534838,162476,-0.06535,51.34538,3,3,7,07:57,-1,E09000008,5,0,2,1,1,99,9,9,99,9,99,1,1,0,0,0,0,12,7