collision_index,collision_year,collision_ref_no,location_easting_osgr,location_northing_osgr,longitude,latitude,casualty_severity,casualty_severity,day_of_week,time,local_authority_district,local_authority_ons_district,first_road_class,light_conditions,weather_conditions,road_surface_conditions,urban_or_rural_area,vehicle_manoeuvre,vehicle_direction_from,vehicle_direction_to,hit_object_in_carriageway,vehicle_leaving_carriageway,hit_object_off_carriageway,is_car,is_cyle,is_mcyle,is_goodsv,is_other,is_pedestrian,month,day
2024010547860,2024,010547860,536827,176653,-0.03135,51.4723,3,3,5,13:40,-1,E09000023,3,0,9,0,1,99,9,9,99,9,99,1,0,0,0,0,1,12,5
2024010547861,2024,010547861,531436,184897,-0.10585,51.54767,3,3,5,18:15,-1,E09000019,3,2,2,1,1,99,9,9,99,9,99,1,1,0,0,0,0,12,5
2024010547864,2024,010547864,522998,179027,-0.22952,51.49681,3,3,6,17:55,-1,E09000013,6,2,2,1,1,99,9,9,99,9,99,1,1,0,0,0,0,12,6
2024010547867,2024,010547867,516401,186926,-0.3219,51.5692,2,2,4,17:00,-1,E09000005,3,2,1,0,1,99,9,9,99,9,99,1,0,0,0,0,1,12,4
2024010547868,2024,010547868,524149,178799,-0.21303,51.49451,3,3,7,08:30,-1,E09000013,3,0,5,1,1,9,"[3, 1]","[1, 7]",0,0,0,1,0,1,0,0,0,12,7
2024010547869,2024,010547869,532332,165361,-0.10024,51.3719,2,2,7,09:00,-1,E09000008,3,0,5,1,1,"[9, 19]",1,"[7, 5]",0,0,0,1,0,0,0,0,0,12,7
2024010547874,2024,010547874,533881,190332,-0.06854,51.59593,3,3,7,10:24,-1,E09000014,3,0,5,1,1,19,1,5,0,0,0,0,0,0,1,0,0,12,7
2024010547876,2024,010547876,534506,181301,-0.06297,51.51463,3,3,7,05:00,-1,E09000030,3,2,9,0,1,19,1,5,0,0,0,1,0,0,0,0,0,12,7
2024010547879,2024,010547879,535697,183888,-0.04483,51.53759,2,2,7,11:52,-1,E09000012,3,0,5,1,1,"[2, 19]","[0, 5]","[0, 1]",0,0,0,1,1,0,0,0,0,12,7
2024010547880,2024,010547880,532559,192528,-0.08679,51.61598,3,3,6,16:43,-1,E09000010,3,2,1,0,1,99,9,9,99,9,99,1,0,0,0,0,0,12,6
2024010547881,2024,010547881,542835,178546,0.05586,51.48783,3,3,7,11:34,-1,E09000011,6,0,2,1,1,99,9,9,99,9,99,1,0,0,0,0,0,12,7
2024010547884,2024,010547884,532374,196669,-0.08789,51.65323,3,3,7,11:55,-1,E09000010,3,0,2,1,1,99,9,9,99,9,99,1,0,0,0,0,0,12,7
2024010547885,2024,010547885,523333,178567,-0.22486,51.49261,3,3,6,18:15,-1,E09000013,3,2,1,1,1,99,9,9,99,9,99,1,0,0,0,0,0,12,6
2024010547894,2024,010547894,524728,187424,-0.20164,51.5719,2,2,7,09:35,-1,E09000003,6,0,5,1,1,19,"[1, 7]","[5, 3]",0,0,0,1,0,0,0,0,0,12,7
2024010547896,2024,010547896,517555,192593,-0.30337,51.61989,3,3,7,12:05,-1,E09000015,3,0,5,1,1,19,3,7,0,0,0,1,0,0,0,0,1,12,7
2024010547897,2024,010547897,534562,181392,-0.06213,51.51543,3,3,7,13:12,-1,E09000030,4,0,5,1,1,99,9,9,99,9,99,1,1,0,0,0,0,12,7
2024010547899,2024,010547899,515495,179874,-0.33728,51.50601,2,2,7,07:30,-1,E09000009,3,2,5,1,1,19,4,8,0,0,0,1,0,0,0,0,1,12,7
2024010547902,2024,010547902,524415,171377,-0.21181,51.42775,3,3,6,18:34,-1,E09000024,6,2,2,1,1,99,9,9,99,9,99,1,0,1,0,0,0,12,6
2024010547904,2024,010547904,530022,184569,-0.12635,51.54505,3,3,7,12:12,-1,E09000019,3,0,2,1,1,99,9,9,99,9,99,0,1,1,0,0,0,12,7
2024010547905,2024,010547905,510836,187617,-0.40195,51.57653,3,3,6,16:05,-1,E09000017,5,2,1,0,1,99,9,9,99,9,99,1,0,0,0,0,1,12,6
2024010547907,2024,010547907,537832,166087,-0.02099,51.37711,3,3,6,18:12,-1,E09000006,3,2,8,0,1,99,9,9,99,9,99,1,0,0,0,0,0,12,6
2024010547908,2024,010547908,533939,168562,-0.07596,51.40028,3,3,7,14:45,-1,E09000008,3,0,5,1,1,"[4, 3]",1,5,0,0,0,1,0,0,0,0,0,12,7
2024010547913,2024,010547913,525356,189138,-0.19198,51.58716,3,3,7,15:20,-1,E09000003,3,2,1,1,1,19,"[3, 1]","[7, 5]",0,0,0,1,0,0,0,0,0,12,7
2024010547915,2024,010547915,509411,179036,-0.42517,51.49968,3,3,7,15:30,-1,E09000017,3,0,5,1,1,19,"[5, 7]","[1, 3]",0,0,0,1,0,0,0,0,0,12,7
2024010547924,2024,010547924,522253,167689,-0.24416,51.39508,3,3,6,19:33,-1,E09000024,6,2,9,0,1,99,9,9,99,9,99,1,0,1,0,0,0,12,6
2024010547925,2024,010547925,525236,182579,-0.19604,51.52824,3,3,6,23:48,-1,E09000033,4,2,5,1,1,99,9,9,99,9,99,1,0,1,0,0,0,12,6
2024010547927,2024,010547927,532279,169040,-0.09963,51.40497,3,3,7,15:30,-1,E09000008,6,0,2,1,1,"[19, 5]",5,1,0,0,0,1,1,0,0,0,0,12,7
2024010547934,2024,010547934,538862,180942,-0.00038,51.51035,3,3,7,14:00,-1,E09000030,3,0,2,1,1,"[19, 11]","[3, 7]","[7, 3]",0,0,0,1,0,1,0,0,0,12,7
2024010547937,2024,010547937,532804,174462,-0.09006,51.45357,2,2,7,14:32,-1,E09000028,3,0,5,1,1,4,1,5,0,0,0,0,0,0,1,0,0,12,7
2024010547940,2024,010547940,525306,165948,-0.20092,51.37876,3,3,7,17:02,-1,E09000029,4,2,4,1,1,"[9, -1]","[1, 5]","[6, 1]",0,0,0,1,0,0,0,0,0,12,7
2024010547941,2024,010547941,522807,168832,-0.23581,51.40523,3,3,7,18:25,-1,E09000024,3,0,2,1,1,"[4, 19]",1,5,0,0,0,1,0,0,0,0,0,12,7
2024010547946,2024,010547946,515545,180035,-0.33651,51.50744,3,3,7,16:50,-1,E09000009,6,2,4,0,1,7,5,6,11,0,0,1,0,0,0,0,1,12,7
2024010547948,2024,010547948,547745,177201,0.12597,51.47449,3,3,7,19:00,-1,E09000004,5,2,2,1,1,99,9,9,99,9,99,1,0,0,0,0,0,12,7
2024010547949,2024,010547949,531064,165631,-0.11835,51.37462,2,2,7,18:37,-1,E09000008,6,2,5,1,1,19,3,7,0,0,0,1,0,0,0,0,1,12,7
2024010547956,2024,010547956,518887,185524,-0.28653,51.55608,3,3,7,19:30,-1,E09000005,4,2,5,1,1,"[9, 14]","[4, 5]",1,0,0,0,1,0,1,0,0,0,12,7
2024010547961,2024,010547961,543556,188370,0.07024,51.57592,1,1,7,16:15,-1,E09000026,3,2,5,1,1,19,7,3,0,"[1, 0]","[10, 0]",1,0,0,0,0,1,12,7
2024010547962,2024,010547962,545522,183399,0.09654,51.53075,3,3,7,17:45,-1,E09000002,3,2,5,1,1,"[12, 19]",3,7,0,0,0,1,0,0,1,0,0,12,7
2024010547963,2024,010547963,540862,184023,0.02965,51.53754,3,3,7,13:40,-1,E09000025,4,0,5,1,1,19,3,7,0,0,0,0,0,1,0,0,1,12,7
2024010547973,2024,010547973,541743,184125,0.04239,51.53824,2,2,7,19:26,-1,E09000025,4,2,5,1,1,-1,1,5,0,0,0,1,0,0,0,0,1,12,7
2024010547974,2024,010547974,530032,171320,-0.13108,51.42598,3,3,7,21:00,-1,E09000022,3,2,4,1,1,19,5,1,0,0,0,1,0,0,0,0,1,12,7
2024010547976,2024,010547976,512957,174815,-0.37545,51.46105,3,3,7,18:42,-1,E09000018,3,2,4,0,1,"[19, 4, 9]","[5, 1, 7]","[1, 5]",0,0,0,1,0,0,0,0,0,12,7
2024010547980,2024,010547980,537886,172448,-0.01775,51.43426,3,3,7,18:00,-1,E09000023,3,2,5,1,1,"[7, 12]",1,"[4, 5]",0,0,0,1,0,0,1,0,0,12,7
2024010547982,2024,010547982,508801,187164,-0.43144,51.57286,3,3,7,17:36,-1,E09000017,4,2,5,1,1,"[19, 9]","[7, 1]","[3, 7]",0,0,0,1,0,0,0,0,0,12,7
2024010547983,2024,010547983,534601,179493,-0.0623,51.49836,2,2,7,18:45,-1,E09000028,3,2,5,1,1,"[19, 13, 3]","[7, 3]","[3, 7]",0,"[0, 5]","[0, 6]",1,0,1,0,0,0,12,7
2024010547984,2024,010547984,530310,174999,-0.12573,51.45898,3,3,7,21:05,-1,E09000022,6,2,2,1,1,19,5,1,7,1,10,1,0,0,0,0,0,12,7
2024010547985,2024,010547985,533477,179693,-0.0784,51.50042,3,3,6,09:25,-1,E09000028,3,0,1,0,1,99,9,9,99,9,99,1,1,0,0,0,0,12,6
2024010547988,2024,010547988,533385,187877,-0.07663,51.57399,3,3,7,22:15,-1,E09000012,6,2,2,1,1,99,9,9,99,9,99,1,1,0,0,0,0,12,7
2024010547989,2024,010547989,524142,163973,-0.21832,51.36127,3,3,5,08:50,-1,E09000029,6,0,2,1,1,99,9,9,99,9,99,1,0,0,0,0,0,12,5
2024010547990,2024,010547990,534664,183501,-0.05986,51.53436,3,3,7,23:05,-1,E09000012,5,2,1,1,1,99,9,9,99,9,99,0,1,0,0,0,0,12,7
2024010547996,2024,010547996,533652,188894,-0.07239,51.58306,3,3,7,23:18,-1,E09000014,3,2,5,1,1,9,1,7,0,0,0,1,0,0,0,0,1,12,7
2024010547997,2024,010547997,529398,171478,-0.14014,51.42754,3,3,1,00:30,-1,E09000032,6,2,2,1,1,"[2, 19]","[0, 1]","[0, 5]","[0, 4]",0,0,1,0,0,0,0,0,12,8
2024010548002,2024,010548002,535957,180970,-0.0422,51.51131,3,3,1,00:55,-1,E09000030,3,2,2,1,1,19,3,7,0,0,0,1,0,0,0,0,0,12,8
2024010548003,2024,010548003,531029,192073,-0.10904,51.61225,3,3,1,03:15,-1,E09000010,3,2,5,1,1,99,9,9,99,9,99,1,0,0,0,0,0,12,8
2024010548004,2024,010548004,530319,179997,-0.12376,51.50389,3,3,1,00:50,-1,E09000033,3,2,5,1,2,"[19, 13]",1,5,0,"[7, 0]","[4, 0]",1,0,0,0,0,0,12,8
2024010548006,2024,010548006,539550,178835,0.00869,51.49125,3,3,1,04:45,-1,E09000011,3,2,5,1,1,9,3,1,0,0,0,0,0,0,1,0,1,12,8
2024010548010,2024,010548010,524388,175919,-0.2106,51.46858,3,3,1,03:48,-1,E09000013,3,2,5,1,1,"[13, 6]",1,"[5, 1]",0,0,0,1,0,0,0,0,0,12,8
2024010548014,2024,010548014,538385,161235,-0.01494,51.33338,2,"[2, 3]",1,06:15,-1,E09000008,5,2,5,1,2,-1,4,8,0,"[0, 1]","[0, 11]",1,0,0,1,0,0,12,8
2024010548019,2024,010548019,534501,185128,-0.06159,51.54902,3,3,1,06:15,-1,E09000012,3,2,2,1,1,1,6,1,0,0,0,1,0,0,0,0,1,12,8
2024010548021,2024,010548021,530755,186271,-0.11516,51.56017,3,3,5,09:50,-1,E09000019,3,0,1,0,1,99,9,9,99,9,99,1,0,0,0,0,0,12,5
2024010548023,2024,010548023,522279,190770,-0.2358,51.6025,3,3,1,09:25,-1,E09000003,3,0,5,1,1,"[3, 19]",1,5,0,"[0, 4]","[0, 6]",1,0,0,0,0,0,12,8
2024010548030,2024,010548030,523244,179991,-0.22565,51.50542,3,3,6,22:00,-1,E09000013,3,2,9,-1,1,99,9,9,99,9,99,1,0,1,0,0,0,12,6
2024010548032,2024,010548032,537349,189049,-0.01901,51.58357,3,3,7,20:10,-1,E09000031,3,2,2,1,1,99,9,9,99,9,99,1,0,0,0,0,0,12,7
2024010548033,2024,010548033,544294,189893,0.08151,51.58942,2,2,2,16:18,-1,E09000026,3,2,1,-1,1,99,9,9,99,9,99,1,0,0,0,0,1,12,2
2024010548035,2024,010548035,530432,164053,-0.128,51.36058,3,3,1,09:50,-1,E09000029,4,0,4,1,1,"[4, 19]",3,7,0,0,0,1,0,0,0,0,0,12,8
2024010548036,2024,010548036,532610,178982,-0.09115,51.49424,3,3,1,08:00,-1,E09000028,3,0,5,1,1,"[7, 19]",7,"[1, 3]",0,0,0,1,0,1,0,0,0,12,8
2024010548038,2024,010548038,524230,184288,-0.20993,51.54382,3,3,3,07:48,-1,E09000005,3,0,1,0,1,99,9,9,99,9,99,1,1,0,0,0,0,12,3
2024010548045,2024,010548045,508711,179227,-0.43519,51.50153,3,3,7,16:02,-1,E09000017,6,0,5,1,1,99,9,9,99,9,99,1,0,0,0,0,0,12,7
2024010548046,2024,010548046,532104,157134,-0.10656,51.29801,3,3,1,08:16,-1,E09000008,6,0,5,1,2,"[19, 9]","[7, 1]","[3, 7]",0,0,0,1,0,1,0,0,0,12,8
2024010548052,2024,010548052,531265,167882,-0.11463,51.3948,3,3,4,09:35,-1,E09000008,3,0,1,0,1,99,9,9,99,9,99,1,0,1,0,0,0,12,4
2024010548053,2024,010548053,534698,167404,-0.0655,51.3897,2,2,1,07:49,-1,E09000008,3,0,5,1,1,"[19, 2]","[1, 0]","[5, 0]","[4, 0]",0,0,1,0,0,0,0,0,12,8
2024010548054,2024,010548054,541809,188351,0.04504,51.57619,3,3,7,17:30,-1,E09000026,3,2,2,1,1,"[19, 3]",9,9,99,9,99,1,0,0,0,0,0,12,7
2024010548058,2024,010548058,538051,175822,-0.01406,51.46454,3,3,1,13:30,-1,E09000023,3,0,2,1,1,4,7,3,0,0,0,0,0,0,1,0,0,12,8
2024010548062,2024,010548062,523394,178624,-0.22396,51.4931,3,3,7,16:56,-1,E09000013,3,2,1,1,1,99,9,9,99,9,99,1,0,0,0,0,0,12,7
2024010548063,2024,010548063,540403,168683,0.01695,51.39981,3,3,7,13:25,-1,E09000006,5,0,5,1,1,19,5,1,0,0,0,1,0,0,0,0,1,12,7
2024010548065,2024,010548065,533474,183487,-0.07701,51.53452,2,"[3, 2]",1,11:40,-1,E09000012,3,0,2,1,1,"[9, 14]",1,"[7, 5]",0,"[0, 7]","[0, 11]",1,0,0,0,0,0,12,8
2024010548066,2024,010548066,538329,175766,-0.01008,51.46397,3,3,1,14:30,-1,E09000023,6,0,1,1,1,19,5,1,0,0,0,1,0,0,0,0,1,12,8
2024010548067,2024,010548067,528045,175278,-0.15822,51.462,3,3,7,11:30,-1,E09000032,6,0,2,1,1,99,9,9,99,9,99,1,0,0,0,0,1,12,7
2024010548068,2024,010548068,531291,182547,-0.10882,51.52658,3,3,7,18:30,-1,E09000019,3,2,9,-1,1,"[9, 19]","[5, 1]","[2, 5]",0,0,0,1,1,0,0,0,0,12,7
2024010548069,2024,010548069,529721,180982,-0.13201,51.51288,3,3,7,12:50,-1,E09000033,5,0,1,0,1,-1,5,1,11,0,0,1,0,0,0,0,1,11,16
2024010548072,2024,010548072,534851,183756,-0.05707,51.53661,3,3,7,22:56,-1,E09000012,3,2,5,-1,1,99,9,9,99,9,99,1,0,0,0,0,0,12,7
2024010548075,2024,010548075,532514,192676,-0.08738,51.61732,2,2,6,16:45,-1,E09000010,3,2,8,0,1,99,9,9,99,9,99,0,1,0,0,0,0,12,6
2024010548077,2024,010548077,531010,165397,-0.11921,51.37253,3,3,1,13:35,-1,E09000008,6,0,2,1,1,99,9,9,99,9,99,1,0,0,0,0,1,12,8
2024010548080,2024,010548080,527970,196366,-0.15163,51.65153,3,3,7,14:00,-1,E09000010,6,0,1,0,1,99,9,9,99,9,99,1,0,0,0,0,1,11,30
2024010548091,2024,010548091,526723,182025,-0.17482,51.52293,3,3,1,15:35,-1,E09000033,6,0,5,1,1,99,9,9,99,9,99,1,0,0,0,0,1,12,8
2024010548092,2024,010548092,514225,176023,-0.35682,51.47165,3,3,3,15:26,-1,E09000018,6,0,1,0,1,99,9,9,99,9,99,1,0,0,0,0,0,12,3
2024010548098,2024,010548098,545867,171824,0.09673,51.42666,3,3,1,18:55,-1,E09000004,3,2,5,1,1,"[9, 19]","[5, 3]","[3, 7]",0,0,0,1,1,0,0,0,0,12,8
2024010548099,2024,010548099,531362,193343,-0.10376,51.62358,3,3,1,18:15,-1,E09000010,3,2,5,1,1,"[9, 19]","[5, 1]","[3, 5]",0,0,0,1,0,1,0,0,0,12,8
2024010548101,2024,010548101,531887,168554,-0.10545,51.40069,3,3,1,14:00,-1,E09000008,5,0,2,1,1,19,1,5,0,0,0,0,1,0,0,0,0,12,8
2024010548103,2024,010548103,524461,189315,-0.20482,51.58895,3,3,1,00:15,-1,E09000003,3,2,5,1,1,99,9,9,99,9,99,1,0,0,0,0,0,12,8
2024010548106,2024,010548106,532900,172553,-0.08939,51.43639,3,3,1,05:06,-1,E09000028,5,2,1,0,1,99,9,9,99,9,99,1,1,0,0,0,0,12,8
2024010548107,2024,010548107,529115,180790,-0.14081,51.51129,3,3,1,18:30,-1,E09000033,5,2,9,1,1,"[-1, 2]","[8, 0, 6]","[4, 0, 2]",0,0,0,1,0,1,0,0,0,12,8
2024010548108,2024,010548108,540607,172130,0.02125,51.43073,3,3,7,11:30,-1,E09000023,3,0,2,1,1,99,9,9,99,9,99,1,0,0,0,0,0,12,7
2024010548115,2024,010548115,529007,185193,-0.14075,51.55089,3,3,1,20:13,-1,E09000007,3,2,4,1,1,"[4, 19]","[5, 3]","[1, 7]",0,0,0,1,1,0,0,0,0,12,8
2024010548118,2024,010548118,527580,179479,-0.16339,51.49986,3,3,1,17:30,-1,E09000033,3,2,2,1,1,99,9,9,99,9,99,1,0,1,0,0,0,12,8
2024010548124,2024,010548124,546231,186989,0.10824,51.56283,3,3,1,21:25,-1,E09000026,3,2,2,1,1,99,9,9,"[99, 0]","[9, 0]","[99, 0]",1,0,0,0,0,0,12,8
2024010548126,2024,010548126,531007,175297,-0.1156,51.46149,3,3,1,20:40,-1,E09000022,3,2,4,1,1,19,5,1,"[0, 4]",0,0,1,0,0,1,0,0,12,8
2024010548130,2024,010548130,521016,180373,-0.2576,51.50934,3,3,1,18:18,-1,E09000009,5,2,1,0,1,9,7,5,0,0,0,1,0,1,0,0,0,12,8
2024010548133,2024,010548133,529770,192316,-0.12712,51.61472,3,3,1,21:45,-1,E09000010,3,2,1,1,1,99,9,9,99,9,99,1,0,0,0,0,0,12,8
2024010548144,2024,010548144,533282,182469,-0.08016,51.52541,3,3,7,06:19,-1,E09000012,5,2,1,1,1,99,9,9,99,9,99,1,0,1,0,0,0,12,7
2024010548147,2024,010548147,558296,184562,0.28107,51.53777,3,3,1,23:05,-1,E09000016,1,2,1,1,2,19,5,1,0,0,0,1,0,0,0,0,0,12,8
2024010548148,2024,010548148,548315,183890,0.13698,51.53444,3,3,2,01:45,-1,E09000002,6,2,4,1,1,19,2,6,0,0,0,1,0,0,0,0,1,12,9
2024010548149,2024,010548149,544697,173594,0.08064,51.44286,3,3,2,02:25,-1,E09000011,5,2,2,1,1,19,1,5,0,2,4,1,0,0,0,0,0,12,9
2024010548152,2024,010548152,531692,189063,-0.1006,51.58504,3,3,2,07:50,-1,E09000014,3,0,1,0,1,"[13, 9]",5,"[1, 4]",0,0,0,1,0,1,0,0,0,12,9
2024010548155,2024,010548155,535095,185552,-0.05286,51.55269,3,3,6,13:00,-1,E09000012,3,0,1,1,1,99,9,9,99,9,99,1,0,0,0,0,0,11,8
2024010548165,2024,010548165,537501,190847,-0.01611,51.59969,3,3,1,17:00,-1,E09000031,3,2,2,1,1,99,9,9,99,9,99,1,0,0,0,0,0,12,8
2024010548168,2024,010548168,542093,192299,0.05073,51.6116,3,3,1,11:54,-1,E09000026,1,0,5,1,2,"[19, 12]",5,1,0,0,0,1,0,0,0,0,0,12,8
2024010548171,2024,010548171,534116,180635,-0.06885,51.50874,3,3,2,09:08,-1,E09000030,3,0,1,0,1,19,7,3,"[0, 7]",0,0,1,0,0,0,0,0,12,9
2024010548173,2024,010548173,529381,181299,-0.13679,51.51581,3,3,7,01:45,-1,E09000033,3,2,2,1,1,99,9,9,99,9,99,1,1,0,0,0,0,12,7
2024010548179,2024,010548179,532290,175345,-0.09712,51.46163,3,3,2,10:02,-1,E09000022,5,0,1,0,1,"[2, 19]","[0, 4]","[0, 8]","[0, 4]",0,0,1,0,0,0,1,0,12,9
2024010548180,2024,010548180,531532,167045,-0.1111,51.38721,3,3,6,17:30,-1,E09000008,3,0,9,-1,1,99,9,9,99,9,99,1,0,1,0,0,0,12,6
2024010548191,2024,010548191,532736,180264,-0.08886,51.50573,2,2,5,23:40,-1,E09000028,3,2,8,0,1,99,9,9,99,9,99,0,0,0,1,0,1,12,5
2024010548194,2024,010548194,534287,192329,-0.06192,51.61378,3,3,1,14:46,-1,E09000010,6,0,9,-1,1,2,0,0,"[99, 0]","[9, 0]","[99, 0]",1,0,0,0,0,1,12,8
2024010548201,2024,010548201,530863,186178,-0.11363,51.55931,2,"[3, 2]",1,14:30,-1,E09000019,3,0,2,1,1,19,1,5,0,9,0,0,0,1,0,0,1,11,24
2024010548203,2024,010548203,537147,177684,-0.02634,51.48149,3,3,2,09:00,-1,E09000023,3,0,1,0,1,99,9,9,99,9,99,1,1,0,0,0,0,12,9
2024010548215,2024,010548215,529313,195992,-0.13236,51.64786,3,3,7,13:20,-1,E09000010,3,0,1,0,1,99,9,9,99,9,99,1,0,1,0,0,0,12,7
2024010548218,2024,010548218,530139,192147,-0.12186,51.61312,3,3,1,07:36,-1,E09000010,3,0,2,1,1,99,9,9,99,9,99,1,0,0,0,0,0,12,8
2024010548219,2024,010548219,533945,184701,-0.06976,51.54532,3,3,2,13:52,-1,E09000012,4,0,1,0,1,"[9, 14]","[6, 5]","[4, 1]",0,0,0,1,0,1,0,0,0,12,9
2024010548221,2024,010548221,510602,188636,-0.405,51.58574,3,3,6,21:12,-1,E09000017,4,2,8,-1,1,99,9,9,99,9,99,0,0,0,0,0,0,11,29
2024010548231,2024,010548231,523013,184306,-0.22747,51.54425,3,3,2,08:16,-1,E09000005,5,0,1,1,1,19,1,5,0,0,0,0,0,1,0,0,1,12,9
2024010548233,2024,010548233,524793,189029,-0.20014,51.58631,3,3,2,13:43,-1,E09000003,3,0,1,0,1,9,1,7,0,0,0,1,0,0,0,0,1,12,9
2024010548239,2024,010548239,532428,178021,-0.09413,51.48564,3,3,7,12:50,-1,E09000028,3,0,1,0,1,99,9,9,99,9,99,1,1,0,0,0,0,12,7
2024010548243,2024,010548243,517907,163977,-0.30783,51.36263,3,3,7,08:30,-1,E09000021,3,0,1,1,1,99,9,9,99,9,99,1,0,0,0,0,0,11,30
2024010548245,2024,010548245,525395,180202,-0.19459,51.50685,3,3,2,15:32,-1,E09000020,3,0,1,1,1,19,5,1,0,0,0,0,1,0,0,0,1,12,9
2024010548246,2024,010548246,543893,190532,0.07599,51.59526,3,3,2,13:43,-1,E09000026,6,0,1,0,1,"[19, 10]","[4, 5]","[8, 2]",0,0,0,1,0,0,0,0,0,12,9
2024010548248,2024,010548248,507838,185870,-0.44573,51.56141,3,3,6,18:50,-1,E09000017,4,2,5,1,1,99,9,9,99,9,99,1,0,0,0,0,1,12,6
2024010548251,2024,010548251,524199,181110,-0.2115,51.51527,2,2,2,15:55,-1,E09000020,6,2,1,1,1,4,1,5,0,0,0,1,0,0,0,0,1,12,9
2024010548252,2024,010548252,544228,186574,0.0792,51.55961,3,3,2,07:53,-1,E09000026,3,0,1,1,1,3,1,5,0,0,0,1,0,1,0,0,0,12,9
2024010548257,2024,010548257,521169,183887,-0.25419,51.54088,3,3,6,11:45,-1,E09000005,3,2,2,1,1,99,9,9,99,9,99,1,0,1,0,0,0,12,6
2024010548266,2024,010548266,521714,192157,-0.24347,51.61509,3,3,2,17:13,-1,E09000003,6,2,1,0,1,6,1,1,0,0,0,1,0,0,0,0,1,12,9
2024010548267,2024,010548267,512660,180006,-0.37807,51.50776,2,2,7,14:00,-1,E09000009,3,0,9,-1,1,99,9,9,0,0,0,1,0,0,0,0,1,11,16
2024010548270,2024,010548270,530342,177992,-0.12417,51.48587,3,3,3,07:05,-1,E09000022,3,2,1,1,1,99,9,9,99,9,99,1,0,1,0,0,0,12,3
2024010548273,2024,010548273,526772,169688,-0.17853,51.41205,3,3,7,10:02,-1,E09000024,5,0,8,0,1,99,9,9,99,9,99,1,0,0,0,0,1,12,7
2024010548274,2024,010548274,550963,187437,0.17665,51.56561,3,3,6,21:00,-1,E09000016,3,2,9,-1,1,99,9,9,99,9,99,1,1,0,0,0,0,12,6
2024010548275,2024,010548275,535066,183161,-0.0542,51.53121,2,2,5,18:30,-1,E09000030,6,2,8,0,1,99,9,9,99,9,99,0,0,0,0,1,1,11,28
2024010548278,2024,010548278,532035,177041,-0.10016,51.47693,3,3,2,16:39,-1,E09000022,3,2,9,-1,1,99,9,9,99,9,99,1,1,0,0,0,0,12,9
2024010548283,2024,010548283,511165,184209,-0.39828,51.54584,2,2,2,17:30,-1,E09000017,3,2,1,1,1,"[9, 13]",1,"[7, 5]",0,0,0,1,0,1,0,0,0,12,9
2024010548284,2024,010548284,531169,176644,-0.11277,51.47356,3,3,2,18:05,-1,E09000022,3,2,9,0,1,99,9,9,99,9,99,0,1,1,0,0,0,12,9
2024010548285,2024,010548285,533727,194594,-0.06914,51.63427,3,3,2,15:30,-1,E09000010,5,0,4,0,1,19,7,3,0,0,0,1,0,0,0,0,1,12,9
2024010548291,2024,010548291,532049,197860,-0.09214,51.66401,2,2,2,17:48,-1,E09000010,5,2,1,0,1,9,3,1,0,0,0,1,0,0,0,0,1,12,9
2024010548299,2024,010548299,548425,175394,0.13499,51.45807,3,3,2,17:22,-1,E09000004,3,2,4,0,1,7,7,1,0,0,0,1,0,0,0,0,1,12,9
2024010548302,2024,010548302,531092,164608,-0.11832,51.36542,3,3,2,18:07,-1,E09000008,3,2,2,1,1,99,9,9,99,9,99,1,0,0,0,0,0,12,9
2024010548303,2024,010548303,536271,187122,-0.0353,51.56651,3,3,2,15:30,-1,E09000031,3,2,1,0,1,99,9,9,99,9,99,0,1,0,1,0,0,12,9
2024010548305,2024,010548305,537713,180243,-0.0172,51.50435,3,3,2,08:10,-1,E09000030,6,0,1,1,1,99,9,9,99,9,99,1,0,1,0,0,0,12,9
2024010548309,2024,010548309,538399,180974,-0.00704,51.51075,3,3,7,13:19,-1,E09000030,3,0,1,0,1,99,9,9,99,9,99,1,0,0,0,0,0,12,7
2024010548314,2024,010548314,523954,181108,-0.21503,51.51531,3,3,2,15:30,-1,E09000020,6,0,9,-1,1,1,1,5,0,0,0,1,0,0,0,0,1,12,2
2024010548316,2024,010548316,534384,193566,-0.06005,51.62487,3,3,2,10:06,-1,E09000010,4,0,1,0,1,99,9,9,99,9,99,1,0,0,1,0,0,12,9
2024010548317,2024,010548317,528063,167032,-0.16093,51.38789,2,2,4,06:10,-1,E09000024,5,0,9,0,1,"[9, -1]","[1, 5]","[7, 1]",0,0,0,1,0,0,0,0,0,12,4
2024010548318,2024,010548318,542119,185292,0.04827,51.54863,3,3,2,20:30,-1,E09000025,3,2,1,0,1,"[9, 19]","[5, 1]","[4, 5]",0,0,0,1,0,0,0,0,0,12,9
2024010548319,2024,010548319,537463,169472,-0.02498,51.40762,3,3,2,19:00,-1,E09000006,3,2,1,0,1,"[19, 99]","[5, 9]","[1, 9]","[0, 99]","[0, 9]","[0, 99]",1,0,0,0,0,0,12,9
2024010548320,2024,010548320,545212,179721,0.09056,51.49778,3,3,2,21:06,-1,E09000011,3,2,2,1,1,"[5, 3]","[1, 3]","[5, 7]",0,0,0,1,0,0,0,0,0,12,9