collision_index,collision_year,collision_ref_no,location_easting_osgr,location_northing_osgr,longitude,latitude,casualty_severity,casualty_severity,day_of_week,time,local_authority_district,local_authority_ons_district,first_road_class,light_conditions,weather_conditions,road_surface_conditions,urban_or_rural_area,vehicle_manoeuvre,vehicle_direction_from,vehicle_direction_to,hit_object_in_carriageway,vehicle_leaving_carriageway,hit_object_off_carriageway,is_car,is_cyle,is_mcyle,is_goodsv,is_other,is_pedestrian,month,day
2024010548326,2024,010548326,534781,174483,-0.06161,51.45329,2,2,2,20:24,-1,E09000028,4,2,1,0,1,"[2, 6, 13]","[0, 5, 1]","[0, 5]","[0, 4]",0,0,1,0,1,0,0,0,12,9
2024010548328,2024,010548328,516595,188270,-0.31866,51.58124,3,3,2,19:37,-1,E09000015,3,2,1,0,1,4,7,3,0,0,0,0,0,0,1,0,1,12,9
2024010548335,2024,010548335,521999,190956,-0.23978,51.60424,2,"[2, 3]",3,01:20,-1,E09000003,1,2,4,0,1,19,1,5,0,0,0,1,0,0,0,0,0,12,10
2024010548336,2024,010548336,522619,167620,-0.23893,51.39438,3,3,3,03:00,-1,E09000024,5,2,5,1,1,"[2, 1, 4]","[0, 1]","[0, 5]","[0, 4]",0,0,1,0,0,0,0,0,12,10
2024010548341,2024,010548341,540688,185339,0.02767,51.54941,3,3,3,22:27,-1,E09000025,5,2,2,1,1,19,3,7,0,0,0,0,1,0,0,0,1,12,10
2024010548344,2024,010548344,508034,184909,-0.4432,51.55273,3,3,2,22:57,-1,E09000017,3,2,1,0,1,"[19, 11]",3,7,0,"[1, 0]","[4, 0]",1,0,0,0,0,0,12,9
2024010548345,2024,010548345,521150,182355,-0.25499,51.52712,3,3,3,07:15,-1,E09000009,6,0,9,1,1,9,1,6,0,0,0,1,0,0,0,0,1,12,10
2024010548352,2024,010548352,538532,168370,-0.01005,51.39746,3,3,3,07:45,-1,E09000006,6,0,2,1,1,19,"[5, 3]","[1, 7]",0,0,0,1,0,0,0,0,0,12,10
2024010548356,2024,010548356,538351,175604,-0.00983,51.46251,3,3,3,08:22,-1,E09000023,3,0,8,1,1,"[9, 19]",3,"[1, 7]",0,0,0,1,0,1,0,0,0,12,10
2024010548358,2024,010548358,529547,173934,-0.1371,51.44958,1,"[2, 1]",3,00:03,-1,E09000022,3,2,5,1,1,19,4,8,0,1,10,0,0,1,0,0,1,12,10
2024010548361,2024,010548361,522150,179262,-0.24165,51.49911,2,2,3,08:05,-1,E09000013,3,0,2,1,1,"[9, 13]","[1, 7]","[7, 3]",0,0,0,1,0,1,0,0,0,12,10
2024010548364,2024,010548364,537498,178802,-0.02086,51.49145,3,3,2,21:30,-1,E09000030,5,2,9,0,1,19,1,5,0,0,0,1,0,0,0,0,1,12,9
2024010548366,2024,010548366,527648,184487,-0.1606,51.54485,2,2,3,07:20,-1,E09000007,6,2,1,1,1,19,"[5, 3]","[1, 7]",0,0,0,1,1,0,0,0,0,12,10
2024010548369,2024,010548369,530724,179664,-0.11805,51.5008,3,3,2,14:00,-1,E09000022,3,0,1,1,1,99,9,9,99,0,99,0,1,0,0,0,0,12,9
2024010548379,2024,010548379,559183,187076,0.29498,51.5601,3,3,3,10:10,-1,E09000016,4,0,9,1,2,"[9, -1]","[1, 5]","[7, 1]",0,0,0,1,0,0,0,0,0,12,10
2024010548384,2024,010548384,531755,170709,-0.10654,51.42009,3,3,3,08:50,-1,E09000008,3,0,8,1,1,"[9, -1]","[3, 1]","[1, 5]",0,0,0,1,1,0,0,0,0,12,10
2024010548388,2024,010548388,531643,183552,-0.10337,51.53553,2,2,3,07:30,-1,E09000019,3,0,1,1,1,19,4,8,0,0,0,1,0,0,0,0,1,12,10
2024010548389,2024,010548389,525920,190853,-0.18322,51.60245,3,3,1,07:15,-1,E09000003,6,2,1,-1,1,99,9,9,99,9,99,0,0,1,0,0,0,12,1
2024010548397,2024,010548397,533735,185343,-0.07255,51.55113,3,3,6,21:00,-1,E09000012,5,2,2,1,1,99,9,9,99,9,99,1,1,0,0,0,0,12,6
2024010548400,2024,010548400,525186,190688,-0.19388,51.60113,3,3,3,12:36,-1,E09000003,3,0,1,0,1,"[10, 13]",5,"[2, 1]",0,0,0,1,1,0,0,0,0,12,10
2024010548402,2024,010548402,531220,183748,-0.10939,51.53739,3,3,3,11:04,-1,E09000019,6,0,1,0,1,99,9,9,99,9,99,1,1,0,0,0,0,12,10
2024010548407,2024,010548407,540954,182442,0.03034,51.52331,3,3,3,09:05,-1,E09000025,3,0,9,0,1,9,5,3,0,1,0,1,0,0,0,0,1,12,10
2024010548411,2024,010548411,533327,183999,-0.07894,51.53915,3,3,2,18:30,-1,E09000012,5,2,2,1,1,99,9,9,99,9,99,1,1,0,0,0,0,11,18
2024010548414,2024,010548414,533415,170626,-0.08271,51.41896,2,2,3,12:45,-1,E09000008,5,0,9,0,1,5,5,1,0,0,0,0,0,0,1,0,1,12,10
2024010548416,2024,010548416,547997,179644,0.13062,51.49637,3,3,3,08:45,-1,E09000004,5,0,4,1,1,"[9, 19]","[8, 2]",6,0,0,0,1,1,0,0,0,0,12,10
2024010548418,2024,010548418,520357,179854,-0.26727,51.50481,3,3,1,19:00,-1,E09000009,4,2,1,0,1,99,9,9,99,9,99,0,0,1,0,0,1,11,10
2024010548420,2024,010548420,538071,176193,-0.01363,51.46787,3,3,5,20:36,-1,E09000023,6,2,2,1,1,99,9,9,99,9,99,1,0,0,0,1,0,12,5
2024010548428,2024,010548428,523338,178498,-0.22481,51.49198,3,3,3,09:06,-1,E09000013,3,0,1,0,1,19,5,1,0,0,0,1,0,0,0,0,1,12,10
2024010548429,2024,010548429,538054,162805,-0.01908,51.34757,3,3,3,12:10,-1,E09000008,5,0,1,0,1,5,0,3,0,0,0,0,0,0,1,0,0,12,10
2024010548431,2024,010548431,533732,185342,-0.07259,51.55113,3,3,2,16:00,-1,E09000012,5,0,9,-1,1,99,9,9,99,9,99,1,0,1,0,0,0,12,9
2024010548434,2024,010548434,524142,196864,-0.20675,51.65686,3,3,2,18:00,-1,E09000003,6,2,1,0,1,99,9,9,99,9,99,1,0,0,0,0,0,12,9
2024010548436,2024,010548436,531300,185051,-0.10775,51.54908,3,3,2,16:01,-1,E09000019,3,0,1,-1,1,99,9,9,99,9,99,1,1,0,0,0,0,12,9
2024010548438,2024,010548438,545235,178626,0.09044,51.48794,3,3,3,14:37,-1,E09000011,3,0,8,1,1,5,5,1,0,0,0,0,0,0,1,0,1,12,10
2024010548441,2024,010548441,538683,174260,-0.00558,51.45035,2,2,3,15:15,-1,E09000023,5,0,1,0,1,19,5,1,0,1,0,1,0,0,0,0,1,12,10
2024010548442,2024,010548442,549298,185664,0.15189,51.55012,3,3,3,15:12,-1,E09000002,6,0,8,1,1,19,5,1,0,0,0,1,0,0,0,0,1,12,10
2024010548443,2024,010548443,539917,191358,0.01895,51.60369,3,3,3,11:23,-1,E09000026,3,0,1,0,2,99,9,9,99,9,99,1,0,1,0,0,0,12,10
2024010548447,2024,010548447,543609,179096,0.06723,51.49258,3,3,2,21:45,-1,E09000011,3,2,1,-1,1,99,9,9,99,9,99,1,0,0,0,0,0,12,9
2024010548448,2024,010548448,515932,180265,-0.33086,51.50943,3,3,3,01:35,-1,E09000009,3,2,1,0,1,99,9,9,99,9,99,1,0,0,0,0,1,12,10
2024010548450,2024,010548450,531315,167702,-0.11398,51.39317,3,3,4,06:50,-1,E09000008,3,2,5,1,1,99,9,9,99,9,99,1,0,0,0,0,0,11,27
2024010548455,2024,010548455,533246,183436,-0.08032,51.53411,3,3,3,12:40,-1,E09000012,5,0,9,-1,1,99,9,9,0,9,0,1,1,0,0,0,0,12,10
2024010548474,2024,010548474,533498,196008,-0.07191,51.64703,3,3,3,15:30,-1,E09000010,5,0,1,0,1,"[5, 99]","[1, 9]","[5, 9]","[0, 99]","[0, 9]","[0, 99]",1,0,0,0,0,0,12,10
2024010548475,2024,010548475,558468,188439,0.28529,51.57255,3,3,3,17:47,-1,E09000016,1,0,1,0,2,19,3,7,0,0,0,1,0,0,0,0,0,12,10
2024010548478,2024,010548478,523254,180893,-0.22519,51.51353,3,3,3,17:05,-1,E09000013,6,2,1,0,1,5,7,3,11,0,0,0,0,0,1,0,0,12,10
2024010548483,2024,010548483,533339,169213,-0.08434,51.40628,3,3,2,18:05,-1,E09000008,3,2,1,1,1,99,9,9,99,9,99,1,0,0,0,0,0,12,9
2024010548486,2024,010548486,538337,171635,-0.01158,51.42684,3,3,2,18:40,-1,E09000023,3,2,8,1,1,99,9,9,99,9,99,1,0,0,0,0,0,12,9
2024010548488,2024,010548488,546060,178397,0.10222,51.48567,3,3,3,18:59,-1,E09000011,3,2,4,0,1,9,3,1,0,0,0,1,0,0,0,0,1,12,10
2024010548490,2024,010548490,533811,183094,-0.0723,51.53091,3,3,3,18:45,-1,E09000012,3,2,1,0,1,"[3, 4]","[3, 1]","[7, 5]",0,"[1, 0]",0,1,0,1,0,0,0,12,10
2024010548491,2024,010548491,545311,186007,0.09457,51.55424,3,3,3,09:20,-1,E09000026,5,0,2,1,1,99,9,9,99,9,99,1,0,0,0,0,0,12,10
2024010548496,2024,010548496,511101,187709,-0.3981,51.57731,3,3,3,16:02,-1,E09000017,5,0,1,0,1,"[19, 9]","[1, 5]","[5, 3]",0,0,0,1,0,0,0,0,0,12,10
2024010548497,2024,010548497,538247,188579,-0.00624,51.57913,3,3,3,07:25,-1,E09000031,6,2,2,1,1,99,9,9,99,9,99,1,1,0,0,0,0,12,10
2024010548500,2024,010548500,513946,170576,-0.36259,51.42275,2,2,6,20:00,-1,E09000027,5,2,9,0,1,"[13, 9]","[3, 1]",7,0,0,0,1,0,1,0,0,0,11,29
2024010548501,2024,010548501,510758,181057,-0.40514,51.51759,3,3,5,17:30,-1,E09000017,3,2,1,0,1,99,9,9,99,9,99,1,0,0,0,0,1,11,28
2024010548502,2024,010548502,529974,182299,-0.12788,51.52466,3,3,3,13:35,-1,E09000007,3,2,1,0,1,19,3,7,0,0,0,0,0,1,0,0,1,12,10
2024010548503,2024,010548503,523756,175684,-0.21978,51.4666,2,2,1,11:40,-1,E09000032,6,0,5,-1,1,99,9,9,99,9,99,1,0,0,0,0,0,12,8
2024010548504,2024,010548504,540893,165539,0.02274,51.37144,3,3,3,18:57,-1,E09000006,6,2,1,1,2,99,9,9,99,9,99,1,0,0,0,0,0,12,10
2024010548509,2024,010548509,525519,192182,-0.18854,51.61448,3,3,3,17:15,-1,E09000003,5,2,1,0,1,19,"[1, 3]","[5, 7]",0,"[7, 1]",0,1,0,1,0,0,0,12,10
2024010548513,2024,010548513,526972,181241,-0.17151,51.51583,3,3,3,17:59,-1,E09000033,3,2,1,0,1,"[6, 13]","[7, 3]",7,0,0,0,1,1,0,0,0,0,12,10
2024010548520,2024,010548520,543887,163407,0.06486,51.35153,3,3,3,18:33,-1,E09000006,5,2,2,1,2,"[19, 5]","[3, 7]","[7, 3]",0,0,0,1,0,0,0,0,0,12,10
2024010548521,2024,010548521,550118,179770,0.1612,51.49694,2,2,3,17:30,-1,E09000004,6,2,1,0,1,19,3,7,0,0,0,1,0,0,0,0,1,12,10
2024010548522,2024,010548522,517500,178140,-0.30898,51.49001,3,3,3,16:05,-1,E09000018,3,2,1,0,1,"[19, 9]","[5, 1]","[1, 7]",0,0,0,1,0,1,0,0,0,12,10
2024010548525,2024,010548525,534178,178843,-0.06863,51.49262,3,3,3,20:15,-1,E09000028,3,2,1,0,1,99,9,9,99,9,99,0,1,0,1,0,0,12,10
2024010548526,2024,010548526,536441,192207,-0.03088,51.61217,3,3,3,20:35,-1,E09000031,3,2,1,0,1,"[19, 7]","[2, 8]","[6, 2]",0,0,0,1,0,1,0,0,0,12,10
2024010548527,2024,010548527,519490,192141,-0.27558,51.61542,3,3,3,20:30,-1,E09000003,5,2,1,0,1,"[99, 3]","[9, 1]","[9, 5]",99,9,99,1,0,0,0,0,0,12,10
2024010548529,2024,010548529,529224,182557,-0.13859,51.52715,3,3,3,21:55,-1,E09000007,3,2,1,0,1,"[9, 19]","[7, 5, 1]","[5, 1]",0,0,0,1,0,0,0,0,0,12,10
2024010548531,2024,010548531,533312,169985,-0.08443,51.41322,3,3,3,21:00,-1,E09000008,3,2,2,1,1,15,2,6,0,0,0,1,0,0,0,0,1,12,10
2024010548532,2024,010548532,527994,170721,-0.1606,51.42106,3,3,3,18:48,-1,E09000024,3,2,1,0,1,99,9,9,99,9,99,1,0,0,0,0,0,12,10
2024010548533,2024,010548533,535183,176690,-0.05499,51.47303,2,2,3,21:37,-1,E09000028,3,2,1,0,1,"[5, 19]","[5, 3]","[1, 7]",0,0,0,1,0,1,0,0,0,12,10
2024010548539,2024,010548539,515566,172394,-0.3387,51.43876,3,3,3,20:45,-1,E09000027,5,2,1,0,1,99,9,9,99,9,99,1,0,1,0,0,0,12,10
2024010548542,2024,010548542,533507,184454,-0.07617,51.5432,3,3,3,19:40,-1,E09000012,3,2,9,-1,1,99,9,9,99,9,99,1,1,0,0,0,0,12,10
2024010548543,2024,010548543,509977,187884,-0.41425,51.5791,3,3,1,13:30,-1,E09000017,4,0,2,1,1,99,9,9,99,9,99,1,0,0,0,0,0,12,8
2024010548544,2024,010548544,512928,184789,-0.37268,51.5507,3,3,3,19:20,-1,E09000009,5,2,1,0,1,99,9,9,99,9,99,1,0,1,0,0,0,12,10
2024010548545,2024,010548545,525312,174087,-0.19796,51.45191,3,3,3,16:40,-1,E09000032,3,2,1,0,1,"[6, 14]",1,"[1, 5]",0,0,0,1,0,1,0,0,0,12,10
2024010548547,2024,010548547,526395,181502,-0.17973,51.51831,3,3,4,00:00,-1,E09000033,3,2,1,0,1,19,5,1,0,0,0,1,0,0,1,0,0,12,11
2024010548550,2024,010548550,532303,179619,-0.09533,51.50003,3,3,4,00:25,-1,E09000028,3,2,1,0,1,4,1,5,0,0,0,1,0,0,0,0,0,12,11
2024010548552,2024,010548552,505994,183994,-0.47288,51.5449,3,3,3,16:25,-1,E09000017,4,2,4,0,1,19,5,1,0,0,0,1,0,0,0,0,0,12,10
2024010548553,2024,010548553,526804,179477,-0.17456,51.50002,3,3,2,21:01,-1,E09000033,5,2,1,0,1,99,9,9,99,9,99,1,1,0,0,0,0,12,9
2024010548557,2024,010548557,544882,165821,0.08012,51.37297,3,3,4,07:00,-1,E09000006,3,2,2,1,1,-1,7,3,0,0,0,1,0,0,0,0,1,12,11
2024010548559,2024,010548559,528996,185020,-0.14097,51.54933,3,3,2,09:30,-1,E09000007,3,0,1,1,1,99,9,9,99,9,99,1,1,0,0,0,0,12,9
2024010548561,2024,010548561,540696,172222,0.02256,51.43154,3,3,4,08:10,-1,E09000023,4,0,1,1,1,"[19, 3]",2,6,0,0,0,1,0,0,0,0,0,12,11
2024010548565,2024,010548565,538738,165772,-0.00811,51.37406,3,3,4,08:30,-1,E09000006,3,0,2,-1,1,19,5,1,0,0,0,1,0,0,0,0,0,12,11
2024010548567,2024,010548567,530866,172483,-0.11866,51.43624,3,3,4,08:35,-1,E09000022,6,0,1,1,1,99,9,9,99,9,99,1,1,0,0,0,0,12,11
2024010548568,2024,010548568,521178,186019,-0.25333,51.56004,3,3,4,07:42,-1,E09000005,3,0,2,1,1,99,9,9,99,9,99,1,0,0,0,0,0,12,11
2024010548572,2024,010548572,534400,196707,-0.05861,51.65309,3,3,3,16:22,-1,E09000010,6,2,2,1,1,99,9,9,99,9,99,1,0,0,0,0,0,12,10
2024010548580,2024,010548580,515581,187806,-0.33344,51.57728,3,3,4,08:28,-1,E09000015,3,0,1,0,1,"[19, 9]",6,"[2, 3]","[7, 0]",0,0,1,0,0,0,0,0,12,11
2024010548584,2024,010548584,528491,173406,-0.15248,51.44508,3,3,3,14:00,-1,E09000032,6,0,9,-1,1,99,9,9,99,9,99,1,0,1,0,0,0,12,10
2024010548590,2024,010548590,515633,191852,-0.33136,51.61363,3,3,4,08:40,-1,E09000015,3,0,1,0,1,"[3, 5]","[5, 1]","[1, 5]",0,0,0,1,0,0,0,0,0,12,11
2024010548592,2024,010548592,543120,177593,0.05958,51.4792,3,3,4,11:23,-1,E09000011,3,0,1,1,1,"[10, 19]","[4, 1]","[1, 5]",0,0,0,1,0,1,0,0,0,12,11
2024010548603,2024,010548603,546831,186834,0.11683,51.56128,3,3,3,15:00,-1,E09000026,6,0,1,0,1,99,"[3, 7]","[7, 3]",99,9,99,1,0,1,0,0,0,12,10
2024010548604,2024,010548604,525458,191021,-0.18983,51.60406,3,3,2,17:30,-1,E09000003,3,2,1,0,1,"[99, -1]","[9, 1]","[9, 5]",99,9,99,1,1,0,0,0,0,12,9
2024010548608,2024,010548608,531939,177101,-0.10152,51.47749,3,3,4,13:20,-1,E09000028,3,0,9,0,1,19,"[5, 3]","[1, 7]",0,0,0,1,1,0,0,0,0,12,11
2024010548612,2024,010548612,536360,198775,-0.02949,51.67121,3,3,4,12:29,-1,E09000010,5,0,1,0,1,19,7,3,0,0,0,1,0,0,0,0,0,12,11
2024010548616,2024,010548616,530932,187821,-0.11203,51.57406,3,3,2,12:00,-1,E09000014,6,0,1,0,1,99,9,9,99,9,99,0,1,0,0,0,1,12,9
2024010548618,2024,010548618,532691,180189,-0.08953,51.50506,3,3,6,12:20,-1,E09000028,3,0,1,0,1,99,9,9,99,9,99,1,1,0,0,0,0,11,15
2024010548619,2024,010548619,522023,184788,-0.24157,51.5488,3,3,4,11:16,-1,E09000005,3,0,1,0,1,5,7,3,0,0,0,0,0,0,1,0,0,12,11
2024010548621,2024,010548621,527576,182331,-0.16242,51.52549,3,3,4,12:27,-1,E09000033,5,0,9,-1,1,19,7,3,99,9,99,1,0,0,0,0,1,12,11
2024010548623,2024,010548623,521236,168106,-0.25863,51.39904,3,3,4,13:25,-1,E09000021,3,0,1,0,1,"[9, 19]","[1, 3]","[6, 7]",0,0,0,1,0,1,0,0,0,12,11
2024010548628,2024,010548628,524320,171446,-0.21315,51.42839,3,3,2,21:39,-1,E09000024,6,2,9,0,1,99,9,9,99,9,99,1,0,1,0,0,0,12,9
2024010548630,2024,010548630,528860,164151,-0.15053,51.36182,3,3,4,11:43,-1,E09000029,3,0,1,0,1,"[7, 8]",7,1,0,0,0,1,0,1,0,0,0,12,11
2024010548632,2024,010548632,540456,186983,0.02498,51.56424,3,3,4,12:00,-1,E09000026,3,0,9,-1,1,99,9,9,99,9,99,1,0,1,0,0,0,12,11
2024010548645,2024,010548645,546061,179919,0.10286,51.49934,3,3,7,02:30,-1,E09000011,3,2,2,1,2,99,9,9,99,9,99,1,0,1,0,0,0,12,7
2024010548646,2024,010548646,540614,181762,0.02518,51.51729,3,3,3,09:00,-1,E09000025,3,0,9,-1,1,"[99, 19]","[9, 5]","[9, 1]","[99, 0]","[9, 0]","[99, 0]",1,0,0,0,0,0,12,10
2024010548648,2024,010548648,543594,184050,0.06903,51.5371,3,3,4,15:30,-1,E09000002,3,0,1,0,1,"[4, 19]","[1, 7]","[5, 3]","[0, 4]",0,0,1,1,0,0,0,0,12,11
2024010548649,2024,010548649,529704,181363,-0.13212,51.51631,3,3,4,16:20,-1,E09000033,3,2,1,0,1,19,3,7,11,0,0,0,1,0,0,0,1,12,11
2024010548650,2024,010548650,524485,174828,-0.20959,51.45875,3,3,2,07:26,-1,E09000032,6,0,1,0,1,99,9,9,99,9,99,1,1,0,0,0,0,12,9
2024010548651,2024,010548651,527622,192010,-0.15824,51.61246,3,3,4,13:52,-1,E09000003,4,0,1,0,1,"[19, 10]","[6, 2]","[2, 8]",0,0,0,1,0,1,0,0,0,12,11
2024010548653,2024,010548653,538606,169401,-0.00859,51.4067,3,3,3,16:30,-1,E09000006,3,2,2,1,1,"[2, 19]","[0, 1]","[0, 5]","[0, 4]",0,0,1,0,1,0,0,1,12,10
2024010548661,2024,010548661,519314,192809,-0.2779,51.62146,3,3,4,16:45,-1,E09000003,3,2,1,0,1,99,9,9,99,9,99,1,0,0,0,0,1,12,4
2024010548667,2024,010548667,512373,180456,-0.38206,51.51187,3,3,4,16:01,-1,E09000009,3,2,1,0,1,"[19, 9]","[7, 5]",3,0,0,0,0,0,1,0,0,0,12,11
2024010548670,2024,010548670,532359,167561,-0.09903,51.39166,2,2,1,17:00,-1,E09000008,5,2,2,1,1,"[19, 99]","[2, 9]","[6, 9]","[0, 99]","[0, 9]","[0, 99]",1,1,0,0,0,0,11,10
2024010548674,2024,010548674,550814,189398,0.17534,51.58327,3,3,4,17:21,-1,E09000016,3,2,1,0,1,"[19, 9]","[8, 2]","[4, 8]",0,0,0,1,0,1,0,0,0,12,11
2024010548679,2024,010548679,527720,173760,-0.16344,51.44843,2,2,4,17:19,-1,E09000032,4,2,1,0,1,"[19, 9]",1,"[5, 7]",0,0,0,1,1,0,0,0,0,12,11
2024010548680,2024,010548680,532268,180175,-0.09563,51.50504,3,3,4,10:30,-1,E09000028,3,0,1,0,1,99,9,9,99,9,99,1,1,0,0,0,0,12,11
2024010548684,2024,010548684,537914,175980,-0.01597,51.46599,2,2,4,18:00,-1,E09000023,3,2,1,1,1,5,3,7,0,1,10,0,0,1,0,0,0,12,11
2024010548686,2024,010548686,525797,170056,-0.19241,51.41557,3,3,4,18:25,-1,E09000024,3,2,1,0,1,19,"[5, 3]","[1, 7]",0,0,0,1,1,0,0,0,0,12,11
2024010548687,2024,010548687,529483,173760,-0.13808,51.44803,3,3,3,16:05,-1,E09000022,5,2,1,0,1,99,9,9,99,9,99,0,0,0,1,0,1,12,10
2024010548690,2024,010548690,529422,178698,-0.13715,51.49242,2,2,4,17:00,-1,E09000033,3,2,1,0,1,"[9, 19]","[1, 8]","[8, 4]",0,0,0,1,0,1,0,0,0,12,11
2024010548694,2024,010548694,522808,180092,-0.23189,51.50642,3,3,4,18:26,-1,E09000013,3,2,1,0,1,"[7, 5]",7,"[1, 3]",0,0,0,1,1,0,0,0,0,12,11
2024010548695,2024,010548695,530702,181035,-0.11786,51.51313,2,2,4,18:25,-1,E09000033,3,2,1,0,1,5,0,5,0,0,0,0,0,0,1,0,1,12,11
2024010548701,2024,010548701,530474,181685,-0.12091,51.51902,3,3,4,18:22,-1,E09000007,3,2,1,0,1,"[5, 4, 19]","[7, 5]","[3, 1]",0,0,0,0,1,0,1,1,0,12,11
2024010548702,2024,010548702,523715,167433,-0.22325,51.39246,3,3,4,18:00,-1,E09000024,4,2,1,0,1,"[2, 19]","[0, 1]","[0, 5]","[0, 4]",0,0,1,0,0,0,0,0,12,11
2024010548704,2024,010548704,526623,177572,-0.17785,51.48294,3,3,4,19:30,-1,E09000020,3,2,1,0,1,"[9, 15]","[5, 7]","[2, 3]",0,0,0,1,0,1,0,0,0,12,11
2024010548706,2024,010548706,542374,187347,0.05278,51.56703,3,3,4,19:38,-1,E09000026,3,2,1,0,1,19,"[1, 5]","[5, 1]",0,0,0,1,0,0,0,0,0,12,11
2024010548709,2024,010548709,535535,185531,-0.04653,51.55239,3,3,4,14:33,-1,E09000012,6,0,1,0,1,"[8, 1]","[7, 3]","[1, 7]",0,0,0,1,0,1,0,0,0,12,11
2024010548710,2024,010548710,534338,193444,-0.06076,51.62379,3,3,4,20:17,-1,E09000010,3,0,1,0,1,"[9, 19]","[5, 1]","[2, 5]",0,0,0,1,0,1,0,0,0,12,11
2024010548711,2024,010548711,535221,197576,-0.04641,51.66071,3,3,4,13:45,-1,E09000010,3,0,1,0,1,99,9,9,99,9,99,1,0,0,0,0,0,12,11
2024010548712,2024,010548712,532761,165666,-0.09397,51.37454,2,2,4,20:55,-1,E09000008,5,2,1,0,1,19,5,1,0,0,0,0,0,0,1,0,1,12,11
2024010548722,2024,010548722,537493,181119,-0.02003,51.51227,3,3,4,23:05,-1,E09000030,5,2,1,0,1,"[9, 19]","[1, 5]","[7, 1]",0,0,0,1,1,0,0,0,0,12,11
2024010548724,2024,010548724,516614,188252,-0.31839,51.58107,3,3,4,16:54,-1,E09000005,6,2,1,0,1,19,3,7,0,0,0,1,0,0,0,0,1,12,11
2024010548728,2024,010548728,541788,177867,0.04052,51.48199,1,1,4,19:09,-1,E09000011,4,2,1,0,1,"[10, 19]","[3, 7]","[1, 3]",0,"[0, 7]","[0, 10]",1,0,1,0,0,0,12,11
2024010548731,2024,010548731,535717,177006,-0.04718,51.47574,3,3,5,00:50,-1,E09000023,3,2,1,0,1,"[9, 19]","[5, 1]","[3, 5]",0,0,0,1,1,0,0,0,0,12,12
2024010548734,2024,010548734,536268,182768,-0.03703,51.52739,3,3,5,01:43,-1,E09000030,3,2,1,0,1,"[7, 19, 3]","[5, 1, 7]","[7, 5, 3]",0,0,0,1,0,1,0,0,0,12,12
2024010548737,2024,010548737,530157,179710,-0.1262,51.50135,2,2,4,21:45,-1,E09000033,3,2,1,0,1,"[19, 6]",1,"[5, 1]",0,0,0,1,0,1,0,0,0,12,11
2024010548742,2024,010548742,532178,190528,-0.09304,51.5981,3,3,5,03:00,-1,E09000014,3,2,2,1,1,"[4, 5]",3,7,0,0,0,1,0,0,0,0,0,12,12
2024010548765,2024,010548765,537901,172328,-0.01758,51.43318,3,3,5,09:47,-1,E09000023,3,0,2,1,1,9,6,5,0,0,0,1,0,0,0,0,1,12,12
2024010548766,2024,010548766,534860,186216,-0.056,51.55871,3,3,5,07:15,-1,E09000012,3,0,1,0,1,19,7,3,0,0,0,1,0,0,0,0,0,12,12
2024010548770,2024,010548770,553416,190491,0.21334,51.59238,2,2,5,15:40,-1,E09000016,3,0,8,-1,1,19,1,5,99,9,99,0,0,1,0,0,0,11,14
2024010548771,2024,010548771,544946,187797,0.09005,51.57042,3,3,5,08:48,-1,E09000026,6,0,8,0,1,99,9,9,"[99, 0]","[9, 0]","[99, 0]",1,0,0,0,0,0,12,12
2024010548772,2024,010548772,527018,171178,-0.17446,51.42539,2,"[3, 2]",5,10:36,-1,E09000032,6,0,1,1,1,19,1,5,0,1,11,1,0,0,0,0,1,12,12
2024010548778,2024,010548778,549678,185370,0.15724,51.54738,3,3,5,08:00,-1,E09000002,6,0,1,1,1,"[7, 10]","[5, 7]","[7, 5]",0,0,0,1,0,0,0,0,0,12,12
2024010548786,2024,010548786,525519,184569,-0.19125,51.54606,3,3,4,18:00,-1,E09000007,6,0,9,-1,1,99,9,9,99,9,99,1,0,1,0,0,0,12,11
2024010548789,2024,010548789,532175,164609,-0.10277,51.36517,3,3,5,09:00,-1,E09000008,5,0,2,1,1,19,6,2,10,0,0,0,0,0,0,1,1,12,12
2024010548793,2024,010548793,531922,164297,-0.10652,51.36243,3,3,4,15:53,-1,E09000008,4,0,9,-1,1,99,9,9,99,9,99,1,0,1,0,0,0,12,11
2024010548797,2024,010548797,533597,182301,-0.07569,51.52383,3,3,2,05:30,-1,E09000030,3,2,2,1,1,99,9,9,99,9,99,0,1,1,0,0,0,12,9
2024010548799,2024,010548799,529308,158116,-0.14629,51.30748,3,3,5,10:38,-1,E09000008,3,0,1,1,1,"[19, 8]",5,"[1, 8]",0,0,0,1,0,0,0,0,0,12,12
2024010548800,2024,010548800,529957,176128,-0.1304,51.4692,2,2,5,10:10,-1,E09000022,5,0,1,1,1,19,"[1, 7]","[5, 3]",0,0,0,1,1,0,0,0,0,12,12
2024010548804,2024,010548804,519107,191796,-0.28123,51.6124,3,3,5,07:52,-1,E09000015,3,0,1,0,1,19,1,5,0,0,0,1,0,0,0,0,1,12,12