collision_index,collision_year,collision_ref_no,location_easting_osgr,location_northing_osgr,longitude,latitude,casualty_severity,casualty_severity,day_of_week,time,local_authority_district,local_authority_ons_district,first_road_class,light_conditions,weather_conditions,road_surface_conditions,urban_or_rural_area,vehicle_manoeuvre,vehicle_direction_from,vehicle_direction_to,hit_object_in_carriageway,vehicle_leaving_carriageway,hit_object_off_carriageway,is_car,is_cyle,is_mcyle,is_goodsv,is_other,is_pedestrian,month,day
2024010548805,2024,010548805,538134,175357,-0.01305,51.46034,3,3,1,12:10,-1,E09000023,3,0,9,-1,1,"[19, 99]","[5, 9]","[1, 9]","[99, 0]",9,"[99, 0]",0,1,0,1,0,0,12,8
2024010548807,2024,010548807,535435,181216,-0.04963,51.51364,3,3,3,08:09,-1,E09000030,3,0,8,0,1,99,9,9,99,9,99,0,1,0,0,0,0,7,2
2024010548808,2024,010548808,529806,180406,-0.131,51.50768,2,2,5,12:15,-1,E09000033,3,0,1,0,1,5,3,7,0,0,0,1,1,0,0,0,0,12,12
2024010548809,2024,010548809,522545,178418,-0.23626,51.49144,3,3,5,11:56,-1,E09000013,3,0,1,1,1,19,"[7, 1]","[3, 5]",0,0,0,1,1,0,0,0,0,12,12
2024010548811,2024,010548811,534959,184885,-0.05508,51.54673,3,3,5,12:44,-1,E09000012,3,0,1,0,1,19,1,5,0,1,0,0,0,0,1,0,0,12,12
2024010548815,2024,010548815,524845,167127,-0.20712,51.38946,2,2,5,13:30,-1,E09000024,3,0,1,0,1,9,7,5,0,0,0,1,0,0,0,0,1,12,12
2024010548818,2024,010548818,539163,185495,0.00575,51.55119,3,3,4,21:28,-1,E09000031,3,2,1,0,1,"[19, 3]",9,9,99,9,99,1,0,0,0,0,0,12,11
2024010548822,2024,010548822,525630,176706,-0.19245,51.47538,3,3,5,07:45,-1,E09000013,3,0,1,0,1,"[19, 3]","[7, 1]","[3, 5]","[11, 0]",0,0,1,1,0,0,0,0,12,12
2024010548825,2024,010548825,533309,192097,-0.07612,51.61193,3,3,3,15:55,-1,E09000010,5,0,1,0,1,99,9,9,99,9,99,1,0,1,0,0,0,12,10
2024010548827,2024,010548827,542721,183602,0.05627,51.53329,2,2,6,12:20,-1,E09000025,3,0,8,0,1,99,9,9,0,0,0,0,0,0,1,0,0,11,29
2024010548829,2024,010548829,556874,192342,0.26405,51.60806,3,3,5,06:20,-1,E09000016,1,2,2,1,2,99,9,9,99,9,99,1,0,1,0,0,0,12,12
2024010548832,2024,010548832,524446,171374,-0.21137,51.42772,3,3,4,16:30,-1,E09000024,6,0,9,-1,1,99,9,9,99,9,99,1,0,1,0,0,0,12,11
2024010548836,2024,010548836,540072,183944,0.01824,51.53703,3,3,5,13:35,-1,E09000025,4,0,1,0,1,99,9,9,99,9,99,1,0,0,0,0,1,12,12
2024010548837,2024,010548837,530481,181373,-0.12092,51.51622,3,3,5,07:45,-1,E09000007,6,0,1,0,1,99,9,9,99,9,99,1,1,0,0,0,0,12,12
2024010548842,2024,010548842,504944,191826,-0.48568,51.61549,3,3,3,12:15,-1,E09000017,6,0,1,1,2,99,9,9,99,9,99,1,0,0,0,0,0,12,10
2024010548844,2024,010548844,528683,194273,-0.1421,51.63256,3,3,5,07:20,-1,E09000003,4,2,1,1,1,99,9,9,99,9,99,1,0,0,0,0,1,12,12
2024010548851,2024,010548851,544202,182877,0.07731,51.5264,3,3,5,16:40,-1,E09000025,3,2,2,1,2,"[19, 99]","[3, 9]","[7, 9]",0,0,0,0,1,0,0,0,0,12,12
2024010548852,2024,010548852,557239,191031,0.26873,51.59618,1,"[1, 2]",5,11:56,-1,E09000016,1,0,1,1,2,19,5,1,0,0,0,1,0,0,0,0,1,12,12
2024010548854,2024,010548854,542747,178655,0.05464,51.48883,3,3,5,16:28,-1,E09000011,6,2,2,1,1,19,1,5,0,0,0,0,0,1,0,0,1,12,12
2024010548855,2024,010548855,529214,182712,-0.13868,51.52854,3,3,5,15:20,-1,E09000007,3,0,2,1,1,99,9,9,99,9,99,1,1,0,0,0,0,12,12
2024010548856,2024,010548856,534089,192185,-0.06483,51.61253,3,3,7,19:40,-1,E09000010,3,2,9,-1,1,99,9,9,99,9,99,1,0,1,0,0,0,12,7
2024010548860,2024,010548860,523078,191529,-0.224,51.60915,3,3,5,17:30,-1,E09000003,5,2,9,1,1,9,7,5,0,0,0,1,0,0,0,0,1,12,12
2024010548861,2024,010548861,526526,183023,-0.1773,51.53195,3,3,5,04:30,-1,E09000033,4,2,2,1,1,99,9,9,99,9,99,1,0,0,0,0,1,12,12
2024010548862,2024,010548862,544237,184790,0.07859,51.54358,3,3,4,08:26,-1,E09000002,3,0,9,0,1,99,9,9,99,9,99,1,0,0,0,0,1,12,11
2024010548866,2024,010548866,541541,185219,0.03992,51.54812,3,3,5,16:45,-1,E09000025,3,2,2,1,1,4,7,3,0,0,0,0,0,0,1,0,0,12,12
2024010548867,2024,010548867,512078,175018,-0.38803,51.46305,3,3,5,06:45,-1,E09000018,3,2,1,1,1,"[10, 19]",7,"[6, 3]",0,0,0,1,1,0,0,0,0,12,12
2024010548868,2024,010548868,530332,177533,-0.12448,51.48174,3,3,1,22:45,-1,E09000022,3,2,2,1,1,99,9,9,99,9,99,1,0,0,0,0,0,12,8
2024010548870,2024,010548870,542626,179080,0.05307,51.49268,3,3,5,17:54,-1,E09000011,6,2,2,1,1,7,5,7,0,"[0, 1]",0,1,1,0,0,0,0,12,12
2024010548872,2024,010548872,535173,169292,-0.05796,51.40655,3,3,5,17:00,-1,E09000006,3,2,2,1,1,"[19, 3]","[5, 3]","[1, 7]",0,0,0,1,0,1,0,0,0,12,12
2024010548876,2024,010548876,548802,189064,0.14618,51.5808,3,3,5,17:20,-1,E09000002,3,2,1,1,2,19,7,3,0,0,0,1,0,0,0,0,0,12,12
2024010548878,2024,010548878,516735,174512,-0.32119,51.45756,3,3,5,18:00,-1,E09000027,3,2,2,1,1,"[9, 19]","[1, 3]",7,0,0,0,1,0,1,0,0,0,12,12
2024010548879,2024,010548879,524099,173400,-0.21565,51.446,3,3,5,18:35,-1,E09000032,6,2,2,1,1,9,1,7,0,0,0,1,0,0,0,0,1,12,12
2024010548880,2024,010548880,512352,185781,-0.38067,51.55973,3,3,5,16:40,-1,E09000017,5,2,8,1,1,5,0,5,0,0,0,1,0,0,0,0,1,12,12
2024010548884,2024,010548884,551590,187518,0.18572,51.56617,3,3,5,17:18,-1,E09000016,3,2,2,1,1,"[3, 19]",5,1,0,0,0,1,0,0,0,0,0,12,12
2024010548886,2024,010548886,526161,170547,-0.18701,51.41991,3,3,5,17:48,-1,E09000024,3,2,2,1,1,4,1,5,0,0,0,1,0,0,0,0,1,12,12
2024010548887,2024,010548887,534893,181655,-0.05727,51.51772,3,3,5,13:54,-1,E09000030,5,0,2,1,1,19,5,"[7, 1]",0,1,0,1,1,0,0,0,0,12,12
2024010548888,2024,010548888,539742,171343,0.0085,51.42388,3,3,5,17:57,-1,E09000023,6,2,2,1,1,19,"[5, 1]","[1, 5]",0,"[0, 1]",0,1,0,0,0,0,0,12,12
2024010548892,2024,010548892,528733,183950,-0.14516,51.53978,3,3,5,19:50,-1,E09000007,6,2,2,1,1,"[9, 19]","[7, 4]","[4, 8]",0,0,0,1,1,0,0,0,0,12,12
2024010548896,2024,010548896,506295,184060,-0.46853,51.54543,3,3,3,15:35,-1,E09000017,6,0,4,1,1,19,5,1,0,0,0,1,0,0,0,0,1,11,12
2024010548897,2024,010548897,540216,190472,0.02291,51.59565,3,3,5,19:16,-1,E09000026,3,2,1,1,1,4,"[5, 1]","[1, 5]",0,0,0,1,0,0,0,0,0,12,12
2024010548901,2024,010548901,549106,184460,0.14862,51.53935,3,3,4,18:46,-1,E09000002,3,2,2,0,1,99,9,9,99,9,99,1,0,0,0,0,1,12,11
2024010548904,2024,010548904,540287,190368,0.0239,51.5947,3,3,5,17:16,-1,E09000026,4,2,1,1,1,5,3,7,0,0,0,1,0,0,0,0,1,12,12
2024010548906,2024,010548906,548437,188821,0.14082,51.57871,3,3,4,18:52,-1,E09000002,3,2,1,0,1,99,9,9,99,9,99,1,0,0,0,0,0,12,11
2024010548907,2024,010548907,529132,174844,-0.14274,51.45785,3,3,5,17:35,-1,E09000022,3,2,2,1,1,"[3, 5, 19]","[3, 7, 1]","[7, 3, 5]",0,0,0,1,1,0,0,0,0,12,12
2024010548908,2024,010548908,531648,189310,-0.10114,51.58727,3,3,5,20:00,-1,E09000014,3,2,1,1,1,"[19, 9]",7,"[3, 4]",0,0,0,1,1,0,0,0,0,12,12
2024010548909,2024,010548909,532421,177765,-0.09433,51.48334,3,3,4,18:20,-1,E09000028,3,2,1,0,1,99,9,9,99,9,99,0,1,0,0,0,1,12,11
2024010548911,2024,010548911,522647,178986,-0.23459,51.49652,3,3,5,18:25,-1,E09000013,6,2,2,-1,1,99,9,9,99,9,99,1,0,0,0,0,1,12,12
2024010548914,2024,010548914,547169,179602,0.11868,51.49621,3,3,5,20:30,-1,E09000011,6,2,2,1,1,4,7,3,0,0,0,1,0,0,0,0,1,12,12
2024010548917,2024,010548917,535004,169041,-0.06048,51.40434,3,3,5,18:15,-1,E09000006,6,2,8,1,1,"[2, 19]","[0, 3]","[0, 7]","[0, 4]",0,0,1,0,0,0,0,1,12,12
2024010548919,2024,010548919,507883,182325,-0.44617,51.52954,3,3,5,19:21,-1,E09000017,3,2,1,1,1,99,9,9,99,9,99,1,0,0,0,0,0,12,12
2024010548921,2024,010548921,534758,189444,-0.05623,51.58774,3,3,5,19:05,-1,E09000014,6,2,8,0,1,"[19, 5]","[7, 3]","[3, 7]",0,0,0,1,1,0,0,0,0,12,12
2024010548922,2024,010548922,508205,173837,-0.44412,51.45319,3,3,5,20:45,-1,E09000018,3,2,2,1,1,99,9,9,99,9,99,1,0,0,0,0,0,12,12
2024010548923,2024,010548923,533420,177308,-0.08012,51.479,3,3,5,16:30,-1,E09000028,6,2,8,0,1,"[-1, 99]","[5, 9]","[1, 9]",99,"[0, 9]","[0, 99]",1,1,0,0,0,0,12,12
2024010548925,2024,010548925,534390,178238,-0.06581,51.48713,3,3,5,19:50,-1,E09000028,4,2,2,1,1,"[99, 9]",9,9,99,9,99,1,0,0,0,0,0,12,12
2024010548926,2024,010548926,537809,178742,-0.0164,51.49084,3,3,5,20:45,-1,E09000030,5,2,2,1,1,99,9,9,99,9,99,1,0,0,0,0,1,12,12
2024010548928,2024,010548928,505349,182751,-0.48255,51.53385,3,3,5,17:45,-1,E09000017,3,2,8,0,1,19,1,5,0,0,0,1,0,1,0,0,0,12,12
2024010548931,2024,010548931,549522,186103,0.15531,51.554,3,3,5,20:40,-1,E09000002,6,2,2,1,1,"[5, 2, -1]","[5, 0, 1]","[1, 0, 5]",0,0,0,1,0,0,0,0,0,12,12
2024010548933,2024,010548933,532967,184813,-0.08382,51.54655,3,3,5,20:00,-1,E09000012,3,2,1,0,1,"[19, 10]","[5, 1]","[1, 7]",0,0,0,1,0,0,0,0,0,12,12
2024010548934,2024,010548934,535065,177390,-0.05642,51.47935,2,2,5,19:50,-1,E09000028,3,2,2,1,1,"[8, 19]","[5, 4]",8,0,"[3, 0]",0,1,0,1,0,0,0,12,12
2024010548935,2024,010548935,534079,176680,-0.07088,51.4732,3,3,5,19:07,-1,E09000028,3,2,2,1,1,"[3, 19]",3,7,0,0,0,1,0,1,0,0,0,12,12
2024010548937,2024,010548937,542838,172018,0.05327,51.42917,3,3,4,08:40,-1,E09000006,3,0,8,1,1,99,9,9,99,9,99,1,0,1,0,0,0,12,11
2024010548938,2024,010548938,527949,176596,-0.15912,51.47387,3,3,5,21:01,-1,E09000032,3,2,2,-1,1,99,9,9,99,9,99,0,1,1,0,0,0,12,12
2024010548941,2024,010548941,528156,181222,-0.15446,51.51539,2,2,6,02:09,-1,E09000033,3,2,2,1,1,19,"[3, 7]","[7, 3]",0,0,0,1,0,1,0,0,0,12,13
2024010548949,2024,010548949,536372,182017,-0.03582,51.52062,3,3,5,21:43,-1,E09000030,6,2,2,1,1,"[5, -1]","[1, 5]","[5, 1]","[4, 0]",0,0,1,0,0,0,0,0,12,12
2024010548950,2024,010548950,545764,184612,0.10052,51.54159,3,3,6,23:13,-1,E09000002,6,2,1,1,1,"[2, 19, 5]","[0, 5, 1]","[0, 1, 5]",0,0,0,1,0,0,0,0,0,12,13
2024010548951,2024,010548951,530055,182857,-0.12651,51.52965,3,3,6,03:16,-1,E09000007,5,2,2,1,1,"[3, 4]",1,5,4,0,0,1,0,1,0,0,0,12,13
2024010548953,2024,010548953,526530,183023,-0.17724,51.53194,2,2,6,05:40,-1,E09000033,4,2,2,1,1,19,1,5,0,0,0,1,1,0,0,0,0,12,13
2024010548955,2024,010548955,529980,180360,-0.12851,51.50723,2,2,6,06:36,-1,E09000033,3,2,2,1,1,7,3,5,0,0,0,0,0,0,1,0,1,12,13
2024010548956,2024,010548956,521474,188723,-0.24812,51.58428,3,3,6,05:11,-1,E09000003,3,2,2,1,1,19,"[1, 5]","[5, 1]",0,0,0,1,0,0,0,0,0,12,13
2024010548957,2024,010548957,545548,163936,0.08891,51.35586,3,3,6,06:30,-1,E09000006,4,2,2,1,1,9,1,7,0,0,0,1,0,0,0,0,1,12,13
2024010548958,2024,010548958,531174,176501,-0.11275,51.47228,3,3,3,07:15,-1,E09000022,3,2,1,1,1,"[19, 10]",9,9,99,9,99,1,1,0,0,0,0,12,10
2024010548962,2024,010548962,516462,177194,-0.32424,51.48172,3,3,5,08:10,-1,E09000018,4,0,1,0,1,99,9,9,99,9,99,1,0,0,0,0,1,12,12
2024010548965,2024,010548965,520516,178372,-0.26548,51.49146,3,3,4,18:40,-1,E09000018,3,0,1,0,1,99,9,9,99,9,99,1,0,1,0,0,0,12,11
2024010548974,2024,010548974,514133,186247,-0.35483,51.56356,3,3,6,09:35,-1,E09000015,3,0,8,1,1,"[5, 9]","[5, 3]",1,0,0,0,1,0,1,0,0,0,12,13
2024010548979,2024,010548979,534784,184860,-0.05761,51.54654,3,3,5,12:50,-1,E09000012,3,2,9,-1,1,99,9,9,99,9,99,0,1,0,0,1,0,12,12
2024010548980,2024,010548980,528249,161284,-0.16033,51.33619,3,3,6,14:40,-1,E09000029,3,0,8,0,1,99,9,9,99,9,99,1,0,0,1,0,0,10,18
2024010548983,2024,010548983,521484,185866,-0.24897,51.5586,3,3,5,16:10,-1,E09000005,3,2,9,-1,1,99,9,9,99,9,99,1,0,1,0,0,0,12,12
2024010548985,2024,010548985,533911,168627,-0.07634,51.40088,3,3,6,08:30,-1,E09000008,3,0,2,1,1,99,9,9,99,9,99,0,0,0,1,0,0,12,13
2024010548988,2024,010548988,527567,192038,-0.15903,51.61273,3,3,1,12:20,-1,E09000003,3,0,1,-1,1,19,1,5,99,9,0,1,0,0,0,0,1,12,1
2024010548991,2024,010548991,546376,182337,0.1084,51.52099,3,3,5,15:30,-1,E09000002,6,0,2,1,2,1,1,5,0,0,0,1,0,0,0,0,1,12,12
2024010548994,2024,010548994,530697,169469,-0.12221,51.40919,3,3,6,07:30,-1,E09000008,3,0,9,1,1,19,"[1, 5]","[5, 1]",0,0,0,1,1,0,0,0,0,12,13
2024010548996,2024,010548996,528990,180949,-0.14255,51.51275,3,3,6,04:30,-1,E09000033,6,2,9,0,1,19,5,1,0,0,0,1,0,0,0,0,1,12,13
2024010548998,2024,010548998,532223,170482,-0.0999,51.41794,3,3,5,17:00,-1,E09000008,3,0,2,1,1,99,9,9,99,9,99,1,0,1,0,0,0,12,12
2024010549000,2024,010549000,547612,187871,0.12852,51.57039,2,2,6,10:24,-1,E09000026,3,0,2,1,1,4,7,3,0,0,0,1,0,0,0,0,1,12,13
2024010549001,2024,010549001,547366,188168,0.1251,51.57313,3,3,6,11:22,-1,E09000026,5,0,1,1,1,19,7,3,0,0,0,1,0,0,0,0,1,12,13
2024010549003,2024,010549003,532565,192393,-0.08675,51.61476,3,3,6,11:30,-1,E09000010,3,0,9,0,1,99,9,9,"[99, 0]",9,99,1,0,0,0,0,0,12,13
2024010549007,2024,010549007,527248,181503,-0.16744,51.51812,2,"[2, 3]",6,08:54,-1,E09000033,3,0,8,0,1,5,8,4,0,0,0,1,0,0,1,0,0,12,13
2024010549008,2024,010549008,523697,185388,-0.21723,51.55383,2,2,6,11:45,-1,E09000005,3,0,8,1,1,5,0,1,0,0,0,0,0,0,0,1,1,12,13
2024010549010,2024,010549010,528472,189021,-0.14707,51.58541,3,3,6,12:18,-1,E09000014,4,0,1,1,1,"[19, 9]","[1, 7]","[5, 4]",0,0,0,1,0,1,0,0,0,12,13
2024010549014,2024,010549014,529974,180768,-0.12845,51.5109,3,3,4,15:30,-1,E09000033,3,0,9,-1,1,"[1, 2]",9,9,99,9,99,1,1,0,0,0,0,12,11
2024010549015,2024,010549015,538248,181113,-0.00916,51.51204,3,3,6,12:54,-1,E09000030,3,0,1,1,1,"[-1, 7]",5,"[1, 8]",0,0,0,1,0,1,0,0,0,12,13
2024010549016,2024,010549016,514323,175891,-0.35545,51.47045,3,3,5,16:08,-1,E09000018,3,0,8,0,1,99,9,9,99,9,99,1,0,0,0,0,0,12,12
2024010549023,2024,010549023,530220,179128,-0.12551,51.4961,3,3,5,18:55,-1,E09000033,3,2,2,1,1,99,9,9,99,9,99,1,0,0,0,0,1,12,12
2024010549025,2024,010549025,532946,179035,-0.0863,51.49463,3,3,1,01:21,-1,E09000028,3,2,2,-1,1,99,9,9,99,9,99,1,0,0,0,0,0,12,8
2024010549027,2024,010549027,525095,170469,-0.20236,51.41944,3,3,6,14:20,-1,E09000024,3,0,1,0,1,9,5,3,0,0,0,1,0,0,0,0,1,12,13
2024010549028,2024,010549028,527462,173324,-0.16731,51.44457,2,2,6,07:45,-1,E09000032,4,2,2,1,1,"[14, 9]","[5, 1]","[1, 8]","[4, 0]",0,0,1,1,0,0,0,0,12,13
2024010549032,2024,010549032,534944,185879,-0.05491,51.55566,3,3,5,07:25,-1,E09000012,6,2,1,0,1,99,9,9,99,9,99,0,0,0,0,1,1,11,28
2024010549035,2024,010549035,534193,180675,-0.06772,51.50908,2,2,5,16:15,-1,E09000030,3,2,2,0,1,99,9,9,99,9,99,0,0,1,0,0,1,12,12
2024010549037,2024,010549037,530517,180907,-0.12057,51.51202,3,3,6,00:35,-1,E09000033,4,2,2,1,1,99,9,9,99,9,99,0,1,0,1,0,0,12,13
2024010549040,2024,010549040,519739,187391,-0.27361,51.57268,3,3,6,15:45,-1,E09000005,3,2,2,1,1,"[19, 4]",1,5,0,0,0,1,0,1,0,0,0,12,13
2024010549041,2024,010549041,536849,169185,-0.03391,51.40519,3,3,6,15:55,-1,E09000006,3,0,8,1,1,"[19, 9]","[5, 7]","[1, 5]",0,0,0,1,0,1,0,0,0,12,13
2024010549045,2024,010549045,534782,181312,-0.059,51.51466,3,3,7,11:00,-1,E09000030,3,0,2,1,1,99,9,9,99,9,99,1,0,1,0,0,0,12,7
2024010549047,2024,010549047,514617,183234,-0.34884,51.53638,3,3,6,14:50,-1,E09000009,3,0,1,0,1,99,9,9,99,9,99,1,0,0,0,0,0,12,13
2024010549048,2024,010549048,528027,181885,-0.15608,51.52138,3,3,6,13:58,-1,E09000033,6,2,1,1,1,4,5,1,0,0,0,1,0,0,0,0,1,12,13
2024010549050,2024,010549050,544546,190412,0.08536,51.59402,3,3,5,15:10,-1,E09000026,3,0,2,1,1,99,9,9,99,9,99,1,0,0,0,0,0,12,12
2024010549056,2024,010549056,542233,183463,0.04918,51.53216,3,3,4,21:00,-1,E09000025,3,2,8,0,1,99,9,9,99,9,99,1,0,1,0,0,0,12,11
2024010549059,2024,010549059,522108,167934,-0.24616,51.39731,3,3,6,07:05,-1,E09000024,6,2,2,1,1,99,9,9,99,9,99,1,0,0,0,0,0,12,13
2024010549069,2024,010549069,514748,177118,-0.34894,51.48139,3,3,6,13:49,-1,E09000018,3,0,1,0,1,"[12, 19]","[7, 3]","[3, 7]",0,0,0,1,0,1,0,0,0,12,13
2024010549071,2024,010549071,534572,178134,-0.06323,51.48615,3,3,6,17:45,-1,E09000028,3,2,1,0,1,99,9,9,99,9,99,1,1,0,0,0,0,12,13
2024010549077,2024,010549077,545276,185057,0.09368,51.54571,3,3,6,15:35,-1,E09000002,3,0,1,0,1,19,5,1,10,0,0,1,0,0,0,0,1,12,13
2024010549078,2024,010549078,542630,177576,0.05252,51.47917,2,2,6,17:40,-1,E09000011,6,2,1,1,1,-1,3,7,0,0,0,1,0,0,0,0,1,12,13
2024010549081,2024,010549081,529936,181352,-0.12878,51.51616,3,3,6,18:00,-1,E09000007,3,2,1,0,1,99,9,9,99,9,99,1,0,0,0,0,0,12,13
2024010549082,2024,010549082,516269,193551,-0.32161,51.62877,3,3,6,07:13,-1,E09000015,6,2,2,1,2,99,9,9,99,9,99,1,0,0,0,0,1,12,13
2024010549087,2024,010549087,525606,176772,-0.19278,51.47597,3,3,6,17:00,-1,E09000013,3,2,8,0,1,9,5,2,0,0,0,1,1,0,0,0,0,12,13
2024010549088,2024,010549088,538545,191772,-0.00068,51.60774,3,3,6,17:10,-1,E09000031,4,2,2,1,1,99,9,9,99,9,99,1,0,0,0,0,0,12,13
2024010549091,2024,010549091,510351,187393,-0.40901,51.57461,3,3,6,18:10,-1,E09000017,5,2,2,1,1,19,"[2, 6]","[6, 2]",0,0,0,1,0,0,0,0,0,12,13
2024010549093,2024,010549093,534056,183137,-0.06876,51.53123,3,3,6,20:28,-1,E09000012,6,2,1,0,1,99,9,9,99,9,99,1,0,0,0,0,1,12,13
2024010549096,2024,010549096,527167,179088,-0.16948,51.49644,3,3,6,19:31,-1,E09000020,3,2,2,1,1,19,5,1,0,0,0,0,1,0,0,0,0,12,13
2024010549097,2024,010549097,523765,167237,-0.2226,51.39069,3,3,6,18:25,-1,E09000024,4,2,1,0,1,5,1,5,0,0,0,1,0,0,0,0,1,12,13
2024010549098,2024,010549098,533672,178324,-0.07611,51.48807,2,2,6,15:10,-1,E09000028,3,0,1,0,1,"[19, 3]",1,5,0,0,0,1,1,0,0,0,0,12,13
2024010549099,2024,010549099,525636,178123,-0.19186,51.48811,3,3,6,20:00,-1,E09000020,3,2,1,0,1,99,9,9,99,9,99,1,0,0,0,0,0,12,13
2024010549100,2024,010549100,525988,178490,-0.18667,51.49133,3,3,5,07:47,-1,E09000020,5,0,8,0,1,99,9,9,99,9,99,1,1,0,0,0,0,12,12
2024010549102,2024,010549102,517556,192595,-0.30335,51.61991,3,3,6,21:29,-1,E09000015,3,2,2,1,1,19,5,1,0,0,0,1,0,0,0,0,1,12,13
2024010549105,2024,010549105,547300,187750,0.12397,51.56939,3,3,6,18:35,-1,E09000026,3,2,1,0,1,"[7, 19]",7,"[1, 3]",0,0,0,1,1,0,0,0,0,12,13
2024010549108,2024,010549108,528187,169352,-0.15832,51.40871,2,2,6,21:22,-1,E09000024,5,2,1,0,1,"[10, 7]","[5, 3]","[3, 5]",0,0,0,1,0,1,0,0,0,12,13
2024010549116,2024,010549116,535322,191845,-0.04717,51.60918,3,3,6,22:25,-1,E09000010,6,2,5,1,1,4,1,5,0,0,0,1,0,0,0,0,1,12,13
2024010549119,2024,010549119,549184,175095,0.14578,51.45518,3,3,6,23:42,-1,E09000004,5,2,1,0,1,2,0,0,0,0,0,1,0,0,0,0,1,12,13
2024010549122,2024,010549122,530697,181845,-0.11763,51.52041,2,2,6,22:55,-1,E09000007,3,2,2,1,1,5,3,7,0,0,0,0,0,0,1,0,1,12,13
2024010549123,2024,010549123,511679,176343,-0.39336,51.47504,3,3,6,23:55,-1,E09000018,3,2,1,1,1,"[19, 7]","[7, 1]","[3, 4]",0,0,0,1,0,0,0,0,0,12,13
2024010549124,2024,010549124,549780,186496,0.15919,51.55747,3,3,7,01:30,-1,E09000002,3,2,1,1,1,14,5,1,0,0,0,1,0,1,0,0,0,12,14
2024010549128,2024,010549128,531199,161502,-0.11793,51.33748,3,3,7,02:35,-1,E09000008,3,2,1,0,1,-1,"[5, 3]","[1, 5]","[0, 10]","[0, 6]","[0, 11]",1,0,0,0,0,0,12,14
2024010549136,2024,010549136,522949,193981,-0.225,51.63122,3,3,7,02:22,-1,E09000003,3,2,1,1,2,19,7,3,0,"[1, 0]","[2, 0]",1,0,0,0,0,0,12,14
2024010549139,2024,010549139,524410,178956,-0.20922,51.49587,3,3,7,04:00,-1,E09000013,3,2,1,1,1,-1,"[7, 3]","[3, 7]",0,0,0,1,0,0,0,0,0,12,14
2024010549141,2024,010549141,514183,190715,-0.35266,51.60371,3,3,6,05:10,-1,E09000015,5,2,1,1,1,"[7, 19]","[1, 5]","[2, 6]",0,0,0,1,0,0,0,0,0,12,13
2024010549143,2024,010549143,507362,186289,-0.45246,51.56527,3,3,7,06:10,-1,E09000017,4,2,2,1,1,"[2, 19]","[0, 1]","[0, 5]","[0, 4]",0,0,1,0,0,0,0,0,12,14
2024010549147,2024,010549147,540939,185068,0.03118,51.54691,3,3,7,05:58,-1,E09000025,3,2,2,1,1,19,7,3,0,8,1,1,0,0,0,0,0,12,14
2024010549149,2024,010549149,529270,178923,-0.13926,51.49448,3,3,6,06:36,-1,E09000033,6,2,2,1,1,99,9,9,99,9,99,1,1,0,0,0,0,12,13
2024010549161,2024,010549161,531434,166282,-0.11279,51.38038,3,3,7,09:10,-1,E09000008,3,0,1,0,1,"[3, 5]",1,5,0,0,0,1,0,0,0,0,0,12,14
2024010549167,2024,010549167,535339,176688,-0.05275,51.47298,3,3,7,08:25,-1,E09000023,3,0,2,1,1,"[-1, 9]","[1, 4]","[5, 1]",0,"[0, 1]",0,1,0,0,0,0,0,12,14
2024010549168,2024,010549168,529418,189279,-0.13332,51.58751,3,3,7,11:00,-1,E09000014,3,0,1,0,1,99,9,9,99,9,99,1,0,0,0,0,0,12,14
2024010549174,2024,010549174,522054,188026,-0.24,51.57789,3,3,7,11:38,-1,E09000003,3,0,1,1,1,"[3, 19]",1,5,0,0,0,1,0,0,0,0,0,12,14
2024010549177,2024,010549177,543034,171911,0.05605,51.42816,3,3,6,11:50,-1,E09000011,6,0,9,-1,1,99,9,9,99,9,99,1,0,1,0,0,0,12,13
2024010549180,2024,010549180,531870,175780,-0.103,51.46563,3,3,7,01:30,-1,E09000022,3,2,2,1,1,99,9,9,99,9,99,1,0,0,0,0,0,12,14
2024010549183,2024,010549183,527699,162848,-0.16766,51.35037,2,2,6,15:30,-1,E09000029,6,0,8,1,1,-1,5,1,0,0,0,1,0,0,0,0,1,12,13
2024010549187,2024,010549187,511721,181924,-0.39099,51.52519,2,2,7,03:40,-1,E09000017,3,2,2,1,1,19,1,5,10,3,9,1,0,0,0,0,0,12,14
2024010549189,2024,010549189,533806,190454,-0.06958,51.59705,2,2,7,13:30,-1,E09000014,6,0,1,0,1,"[1, 19]","[1, 7]","[5, 3]",0,0,0,1,0,0,0,0,0,12,14
2024010549192,2024,010549192,524741,196354,-0.19828,51.65215,3,3,7,13:20,-1,E09000003,3,2,1,0,1,"[9, 19]","[1, 3]","[6, 7]",0,0,0,1,0,1,0,0,0,12,14
2024010549201,2024,010549201,537979,173721,-0.01591,51.44568,3,3,7,14:33,-1,E09000023,3,0,1,0,1,4,"[3, 7]","[7, 3]",0,0,0,1,1,0,0,0,0,12,14
2024010549203,2024,010549203,524092,166050,-0.21832,51.37995,3,3,7,11:40,-1,E09000029,3,0,1,0,1,99,9,9,99,9,99,1,1,0,0,0,0,12,14