collision_index,collision_year,collision_ref_no,location_easting_osgr,location_northing_osgr,longitude,latitude,casualty_severity,casualty_severity,day_of_week,time,local_authority_district,local_authority_ons_district,first_road_class,light_conditions,weather_conditions,road_surface_conditions,urban_or_rural_area,vehicle_manoeuvre,vehicle_direction_from,vehicle_direction_to,hit_object_in_carriageway,vehicle_leaving_carriageway,hit_object_off_carriageway,is_car,is_cyle,is_mcyle,is_goodsv,is_other,is_pedestrian,month,day
2024010549206,2024,010549206,530436,173427,-0.1245,51.44482,1,1,7,12:40,-1,E09000022,3,0,1,0,1,19,5,1,0,"[3, 0]",0,0,1,0,1,0,0,12,14
2024010549212,2024,010549212,538056,182378,-0.01143,51.52345,3,3,6,21:30,-1,E09000030,3,0,9,-1,1,99,9,9,99,9,99,1,0,1,0,0,0,12,13
2024010549216,2024,010549216,532714,168191,-0.0937,51.39724,3,3,7,14:45,-1,E09000008,6,0,1,0,1,99,9,9,99,9,99,1,0,0,0,0,1,12,14
2024010549222,2024,010549222,522670,179666,-0.23402,51.50263,2,2,7,10:15,-1,E09000013,5,0,2,0,1,19,1,5,0,0,0,1,0,0,0,0,1,12,14
2024010549226,2024,010549226,537511,169608,-0.02424,51.40883,3,3,7,15:49,-1,E09000006,6,2,1,0,1,"[5, 2, 14]","[0, 5]","[1, 0]",0,0,0,1,0,0,0,0,0,12,14
2024010549230,2024,010549230,521726,188413,-0.2446,51.58144,3,3,7,13:37,-1,E09000003,3,0,1,0,1,"[7, 19]","[6, 5]",1,0,0,0,1,1,0,0,0,0,12,14
2024010549232,2024,010549232,539732,181935,0.01254,51.51906,3,3,7,14:40,-1,E09000025,5,0,1,0,1,4,1,5,0,0,0,0,0,0,1,0,0,12,14
2024010549238,2024,010549238,537944,190937,-0.00968,51.60039,3,3,7,16:59,-1,E09000031,3,2,1,0,1,"[4, 19, 11]",3,7,0,0,0,1,0,0,0,0,0,12,14
2024010549239,2024,010549239,531086,190158,-0.10893,51.59503,3,3,6,21:00,-1,E09000014,3,2,9,-1,1,99,9,9,99,9,99,1,0,0,1,0,0,12,13
2024010549241,2024,010549241,525420,179513,-0.19448,51.50065,3,3,7,10:00,-1,E09000020,3,0,1,0,1,99,9,9,99,9,99,1,0,0,0,0,1,12,14
2024010549242,2024,010549242,550684,187391,0.17261,51.56527,3,3,7,18:50,-1,E09000016,3,0,1,0,1,19,7,3,0,0,0,1,0,0,0,0,1,12,14
2024010549244,2024,010549244,515169,177227,-0.34284,51.48228,3,3,7,17:24,-1,E09000018,3,2,1,0,1,"[-1, 12]","[3, 7]","[7, 3]",0,"[4, 6, 0]",0,1,0,0,0,0,0,12,14
2024010549247,2024,010549247,546231,178334,0.10465,51.48506,3,3,6,14:13,-1,E09000011,3,0,2,1,1,99,9,9,99,9,99,1,0,0,0,0,0,12,13
2024010549252,2024,010549252,547026,168277,0.11192,51.39449,3,3,7,16:50,-1,E09000006,3,2,1,0,1,19,1,5,0,0,0,1,0,0,0,0,0,12,14
2024010549261,2024,010549261,551162,188184,0.17984,51.57226,3,3,7,15:27,-1,E09000016,3,0,8,0,1,"[3, 19]",9,9,99,9,99,1,0,1,0,0,0,12,14
2024010549262,2024,010549262,526132,163670,-0.18986,51.35811,2,"[3, 2]",7,19:06,-1,E09000029,6,2,1,0,1,19,6,2,0,0,0,0,0,1,0,0,1,12,14
2024010549263,2024,010549263,542667,172282,0.05092,51.43159,3,3,7,20:20,-1,E09000006,3,2,1,0,1,19,5,1,11,0,0,0,0,1,0,0,0,12,14
2024010549267,2024,010549267,531151,190042,-0.10804,51.59397,2,2,3,16:59,-1,E09000014,3,2,4,0,1,99,9,9,99,9,99,0,0,1,0,0,1,12,10
2024010549268,2024,010549268,524255,179625,-0.21122,51.50191,2,2,7,20:20,-1,E09000020,6,2,1,0,1,"[13, 12]",4,8,"[10, 0]","[7, 0]","[2, 0]",1,0,1,0,0,0,12,14
2024010549270,2024,010549270,531752,182108,-0.10234,51.52253,3,3,7,18:25,-1,E09000019,3,2,1,0,1,"[6, 13]",7,"[7, 3]",0,0,0,1,1,0,0,0,0,12,14
2024010549271,2024,010549271,538406,172522,-0.01024,51.4348,3,3,7,23:00,-1,E09000023,6,2,1,0,1,"[2, 5]","[0, 1]","[0, 5]",0,0,0,1,0,0,0,0,0,12,14
2024010549287,2024,010549287,544357,187120,0.08128,51.56449,3,3,7,22:01,-1,E09000026,6,2,1,0,1,99,9,9,99,9,99,1,0,0,0,0,0,12,14
2024010549288,2024,010549288,516533,177478,-0.32312,51.48426,2,"[3, 2]",7,22:48,-1,E09000018,3,2,1,0,1,19,"[7, 3]","[3, 7]","[10, 0]","[6, 0]",0,1,0,0,0,0,0,12,14
2024010549289,2024,010549289,515861,189352,-0.32889,51.59112,3,3,1,00:19,-1,E09000015,5,2,1,0,1,19,5,1,11,0,0,1,0,0,0,0,0,12,15
2024010549294,2024,010549294,510076,186025,-0.41341,51.56237,3,3,1,00:34,-1,E09000017,3,2,1,0,1,5,1,5,0,0,0,1,0,0,0,0,1,12,15
2024010549295,2024,010549295,534118,168417,-0.07344,51.39894,3,3,7,22:55,-1,E09000008,3,2,1,0,1,19,6,2,5,0,0,0,0,0,1,0,0,12,14
2024010549299,2024,010549299,516147,173570,-0.32996,51.44921,2,2,7,23:30,-1,E09000027,3,2,1,0,1,9,7,4,0,0,0,1,0,0,0,0,1,12,14
2024010549301,2024,010549301,535978,181160,-0.04183,51.51301,3,3,1,00:55,-1,E09000030,3,2,1,0,1,"[19, 9]","[7, 3]","[3, 1]",0,0,0,1,0,1,0,0,0,12,15
2024010549302,2024,010549302,512472,180427,-0.38064,51.51159,3,3,1,04:34,-1,E09000009,3,2,1,0,1,19,3,7,0,1,2,1,0,0,0,0,0,12,15
2024010549305,2024,010549305,541138,178531,0.03143,51.48812,3,3,1,03:50,-1,E09000011,3,2,1,0,1,"[3, 19]","[1, 8]","[5, 4]",0,0,0,1,0,0,0,0,0,12,15
2024010549312,2024,010549312,533555,193834,-0.07191,51.62748,3,3,5,15:23,-1,E09000010,4,0,8,0,1,99,9,9,99,9,99,0,0,0,1,0,1,12,12
2024010549320,2024,010549320,535653,186693,-0.04438,51.56281,3,3,1,10:05,-1,E09000031,3,0,1,0,1,19,"[7, 3]","[3, 7]",0,0,0,1,0,1,0,0,0,12,15
2024010549326,2024,010549326,532393,186283,-0.09154,51.5599,3,3,1,08:49,-1,E09000019,3,0,1,0,1,99,9,9,99,9,99,1,0,0,0,0,0,12,15
2024010549328,2024,010549328,507905,190957,-0.4432,51.60712,2,2,1,08:50,-1,E09000017,3,0,1,1,1,19,5,1,0,1,0,0,1,0,0,0,0,12,15
2024010549330,2024,010549330,530488,176653,-0.12256,51.4738,3,3,5,09:31,-1,E09000022,3,0,1,0,1,19,5,1,0,0,0,0,0,0,1,0,0,12,12
2024010549360,2024,010549360,541056,160459,0.02307,51.32575,3,3,1,11:40,-1,E09000006,3,0,1,0,1,"[10, 19]","[1, 7]","[7, 3]",0,0,0,1,1,0,0,0,0,12,15
2024010549361,2024,010549361,525791,171687,-0.19192,51.43023,3,3,1,13:57,-1,E09000024,3,0,1,0,1,"[19, 3]",8,4,0,0,0,1,0,0,0,0,0,12,15
2024010549362,2024,010549362,544425,164318,0.07295,51.35958,3,3,7,15:50,-1,E09000006,4,0,8,0,1,99,9,9,99,9,99,1,0,0,0,0,0,12,14
2024010549366,2024,010549366,512567,170724,-0.38236,51.42436,2,2,1,16:00,-1,E09000027,5,2,1,0,1,"[19, 2]","[5, 0]","[1, 0]","[4, 0]","[0, 7]",0,1,0,0,0,0,0,12,15
2024010549376,2024,010549376,545600,163326,0.08941,51.35037,3,3,1,12:45,-1,E09000006,3,0,1,0,1,"[19, 99]","[5, 9]","[1, 9]",99,"[0, 9]","[0, 99]",1,0,0,0,0,0,12,15
2024010549377,2024,010549377,531103,166623,-0.11742,51.38352,2,2,1,08:23,-1,E09000008,3,0,1,0,1,19,5,1,7,0,0,1,0,0,0,0,0,12,15
2024010549378,2024,010549378,537364,189814,-0.01849,51.59044,3,3,5,09:25,-1,E09000031,3,0,8,-1,1,99,9,9,99,9,99,1,1,0,0,0,0,12,5
2024010549380,2024,010549380,534974,181296,-0.05624,51.51447,3,3,1,00:00,-1,E09000030,3,2,1,0,1,19,7,3,0,0,0,1,0,0,0,0,0,12,15
2024010549389,2024,010549389,523092,180022,-0.22782,51.50573,3,3,1,14:30,-1,E09000013,3,0,8,0,1,4,3,7,0,0,0,1,0,0,0,0,1,12,15
2024010549390,2024,010549390,526266,186440,-0.17982,51.56271,3,3,1,17:32,-1,E09000007,3,2,1,0,1,19,2,6,0,3,11,1,0,0,0,0,0,12,15
2024010549392,2024,010549392,534508,182892,-0.06234,51.52893,3,3,1,17:35,-1,E09000030,4,2,1,0,1,99,9,9,99,9,99,1,1,0,0,0,0,12,15
2024010549395,2024,010549395,554630,189567,0.23045,51.58375,3,3,1,19:03,-1,E09000016,3,2,1,1,1,"[4, 11]",7,3,0,0,0,1,0,0,0,0,0,12,15
2024010549396,2024,010549396,548968,186608,0.14754,51.55869,2,2,1,18:35,-1,E09000002,3,2,1,0,1,19,5,1,0,0,0,1,0,0,0,0,1,12,15
2024010549406,2024,010549406,518820,180482,-0.28919,51.51078,2,2,1,14:40,-1,E09000009,3,0,1,0,1,"[7, 19]",9,9,99,9,99,1,1,0,0,0,0,12,15
2024010549414,2024,010549414,517454,188490,-0.3062,51.58304,3,3,1,19:35,-1,E09000005,5,2,1,0,1,"[2, 19]","[0, 1]","[0, 5]","[0, 4]",0,0,1,0,0,0,0,0,12,15
2024010549416,2024,010549416,530535,181365,-0.12015,51.51613,3,3,7,19:30,-1,E09000007,4,2,1,0,1,99,9,9,99,9,99,1,0,0,0,0,1,12,14
2024010549426,2024,010549426,523811,174479,-0.21941,51.45576,2,2,1,15:00,-1,E09000032,3,0,1,0,1,99,9,9,99,9,99,1,1,0,0,0,0,12,15
2024010549427,2024,010549427,539623,175857,0.00857,51.46447,3,3,1,21:35,-1,E09000023,4,2,1,0,1,"[3, 19]","[7, 3]","[3, 7]",0,0,0,1,1,0,0,0,0,12,15
2024010549433,2024,010549433,529497,180649,-0.13536,51.50994,3,3,1,21:40,-1,E09000033,3,2,1,0,1,99,9,9,99,9,99,0,1,0,0,0,0,12,15
2024010549440,2024,010549440,537495,182894,-0.01931,51.52822,3,3,1,21:30,-1,E09000030,3,2,1,0,1,"[3, 19]","[7, 1]","[3, 5]",0,0,0,1,0,0,0,0,0,12,15
2024010549445,2024,010549445,534757,184046,-0.05831,51.53924,3,3,2,03:00,-1,E09000012,6,2,1,0,1,"[1, 2]","[7, 0]","[3, 0]","[4, 0]",0,0,1,0,0,0,0,0,12,16
2024010549447,2024,010549447,515309,180152,-0.33987,51.50854,3,3,6,15:40,-1,E09000009,3,0,1,0,1,99,9,9,99,9,99,0,0,0,0,0,1,12,13
2024010549451,2024,010549451,533824,177794,-0.07413,51.48328,3,3,2,08:29,-1,E09000028,4,0,1,0,1,"[7, 19]",5,"[7, 1]",0,0,0,1,1,0,0,0,0,12,16
2024010549452,2024,010549452,527781,178798,-0.16074,51.49369,3,3,6,14:45,-1,E09000020,6,0,1,0,1,99,9,9,99,9,99,1,0,1,0,0,0,12,13
2024010549454,2024,010549454,536876,184443,-0.02762,51.54229,3,3,2,07:20,-1,E09000030,3,0,2,1,1,"[12, 3]",3,7,0,0,0,1,0,0,0,0,0,12,16
2024010549465,2024,010549465,545239,183270,0.09241,51.52967,3,3,2,06:30,-1,E09000002,3,2,1,0,1,"[7, 19]",5,"[8, 1]",0,0,0,1,0,0,0,0,0,12,16
2024010549470,2024,010549470,533587,179859,-0.07676,51.50189,2,2,2,08:50,-1,E09000028,3,2,1,1,1,"[7, 19]","[5, 7]","[8, 3]",0,0,0,1,1,0,0,0,0,12,16
2024010549471,2024,010549471,556535,188549,0.25747,51.57408,3,3,2,08:56,-1,E09000016,5,0,1,0,2,"[14, 8, 19]","[1, 3]","[5, 6, 4]","[0, 4]",0,0,1,0,0,0,0,0,12,16
2024010549476,2024,010549476,531224,184809,-0.10894,51.54692,3,3,1,15:18,-1,E09000019,4,0,1,0,1,99,9,9,99,9,99,1,1,0,0,0,0,12,15
2024010549480,2024,010549480,539873,191483,0.01837,51.60482,3,3,7,19:01,-1,E09000026,3,2,9,-1,2,"[99, 3]",9,9,99,9,99,1,0,1,0,0,0,12,14
2024010549481,2024,010549481,525189,183953,-0.19623,51.5406,3,3,7,12:30,-1,E09000007,3,0,1,0,1,5,5,1,0,0,0,0,0,1,0,0,1,11,30
2024010549484,2024,010549484,527689,178022,-0.16235,51.48674,3,3,6,16:27,-1,E09000020,6,0,1,0,1,99,9,9,99,9,99,1,0,1,0,0,0,12,13
2024010549485,2024,010549485,523852,181446,-0.21638,51.51837,3,3,4,14:14,-1,E09000020,4,0,1,0,1,99,9,9,99,9,99,1,1,0,0,0,0,12,11
2024010549490,2024,010549490,530110,177470,-0.1277,51.48123,3,3,1,07:58,-1,E09000022,3,0,1,0,1,99,9,9,99,9,99,1,0,0,0,0,0,12,15
2024010549491,2024,010549491,525032,180385,-0.19976,51.50857,3,3,7,14:30,-1,E09000020,3,0,1,0,1,99,9,9,99,9,99,1,0,1,0,0,0,12,14
2024010549497,2024,010549497,533531,184789,-0.0757,51.5462,3,3,2,10:20,-1,E09000012,3,0,1,0,1,19,1,5,0,0,0,0,1,0,1,0,0,12,16
2024010549499,2024,010549499,542118,185564,0.04837,51.55107,3,3,2,12:01,-1,E09000025,3,0,1,0,1,"[9, -1]","[4, 3]","[1, 7]",0,0,0,1,0,1,0,0,0,12,16
2024010549502,2024,010549502,524633,186229,-0.20344,51.56118,2,2,2,12:40,-1,E09000003,3,0,1,0,1,19,7,3,0,0,0,1,0,0,0,0,1,12,16
2024010549507,2024,010549507,526917,174884,-0.17459,51.45871,3,3,2,12:50,-1,E09000032,3,0,1,0,1,"[19, 5]",3,7,0,0,0,1,0,1,0,0,0,12,16
2024010549514,2024,010549514,526252,182621,-0.18139,51.52839,3,3,5,08:28,-1,E09000033,3,0,1,0,1,99,9,9,99,9,99,1,0,1,0,0,0,12,12
2024010549520,2024,010549520,551802,188584,0.18924,51.57569,3,3,2,08:30,-1,E09000016,5,0,1,1,1,"[3, -1]",3,7,0,0,0,1,0,0,1,0,0,12,16
2024010549526,2024,010549526,510015,187932,-0.41369,51.57952,2,2,2,14:24,-1,E09000017,4,0,1,0,1,"[9, 15]","[7, 3]","[6, 7]",0,"[0, 1]",0,1,0,1,0,0,0,12,16
2024010549527,2024,010549527,539397,173704,0.00447,51.44518,3,3,2,13:00,-1,E09000023,3,0,1,0,1,"[7, 19]",3,"[5, 7]",0,0,0,1,0,0,0,0,0,12,16
2024010549530,2024,010549530,524330,171480,-0.213,51.4287,3,3,6,18:00,-1,E09000024,6,2,9,-1,1,99,9,9,99,9,99,1,0,1,0,0,0,12,13
2024010549531,2024,010549531,546724,164330,0.10595,51.3591,3,3,3,17:00,-1,E09000006,6,0,1,0,1,99,9,9,99,9,99,1,0,1,0,0,0,12,10
2024010549534,2024,010549534,540807,178076,0.02649,51.48412,3,3,5,19:00,-1,E09000011,6,2,9,-1,1,"[3, 15]",9,9,99,9,99,1,0,1,0,0,0,12,12
2024010549540,2024,010549540,527406,169243,-0.16958,51.40791,3,3,2,06:29,-1,E09000024,3,2,1,0,1,"[9, 19]","[3, 5]",1,0,0,0,1,0,1,0,0,0,12,16
2024010549545,2024,010549545,527454,171490,-0.16808,51.42809,3,3,2,16:00,-1,E09000032,3,0,1,0,1,19,1,5,0,0,0,1,0,0,0,0,1,12,16
2024010549548,2024,010549548,531484,190599,-0.10303,51.5989,3,3,6,18:10,-1,E09000014,3,2,1,1,1,99,9,9,99,9,99,1,0,1,0,0,0,12,13
2024010549553,2024,010549553,535454,185050,-0.04788,51.54809,3,3,2,16:40,-1,E09000012,3,2,1,0,1,19,7,3,0,0,0,0,0,0,1,0,1,12,16
2024010549554,2024,010549554,533535,184881,-0.0756,51.54703,3,3,2,14:15,-1,E09000012,3,0,1,0,1,"[5, 9]","[1, 7]",5,0,0,0,0,1,1,0,0,0,12,16
2024010549555,2024,010549555,529833,159215,-0.13836,51.31724,3,3,2,04:10,-1,E09000008,3,0,1,0,1,99,9,9,99,9,99,1,0,0,0,0,0,12,16
2024010549557,2024,010549557,535269,192869,-0.04754,51.6184,3,3,1,06:00,-1,E09000010,6,2,2,1,1,99,9,9,99,9,99,1,0,0,0,0,0,12,8
2024010549564,2024,010549564,535016,182730,-0.05508,51.52735,3,3,2,15:28,-1,E09000030,4,0,1,0,1,"[12, 19]","[3, 7]","[7, 3]",0,0,0,1,0,0,1,0,0,12,16
2024010549566,2024,010549566,534129,187292,-0.06612,51.56855,3,3,2,16:30,-1,E09000012,6,2,1,0,1,1,7,3,0,0,0,1,0,0,0,0,1,12,16
2024010549567,2024,010549567,508002,173405,-0.44718,51.44934,3,3,2,17:40,-1,E09000018,3,2,1,-1,2,99,9,9,99,9,99,1,0,0,0,0,0,12,16
2024010549569,2024,010549569,522591,183615,-0.23379,51.53813,3,3,2,13:35,-1,E09000005,6,0,1,0,1,"[19, 4]",4,8,0,0,0,1,0,0,0,0,0,12,16
2024010549571,2024,010549571,533148,194634,-0.07748,51.63476,3,3,2,18:20,-1,E09000010,5,2,1,0,1,"[5, 19]","[3, 7]","[7, 3]",0,0,0,1,1,0,0,0,0,12,16
2024010549575,2024,010549575,530025,175715,-0.12957,51.46548,2,"[3, 2]",2,17:40,-1,E09000022,3,2,1,0,1,-1,"[1, 5]","[5, 1]","[1, 0]","[0, 1, 7]",0,1,0,0,0,0,0,12,16
2024010549583,2024,010549583,527490,171525,-0.16755,51.4284,3,3,2,19:00,-1,E09000032,3,2,1,0,1,19,7,3,0,0,0,0,0,0,1,0,0,12,16
2024010549586,2024,010549586,552059,183626,0.1908,51.53107,3,3,2,15:35,-1,E09000016,5,0,1,0,1,99,9,9,99,9,99,1,0,0,0,0,0,12,16
2024010549587,2024,010549587,528180,167883,-0.15895,51.39551,3,3,2,14:10,-1,E09000024,3,0,1,0,1,"[19, 9]","[5, 1]","[1, 6]",0,0,0,1,0,1,0,0,0,12,16
2024010549589,2024,010549589,532649,191538,-0.08586,51.60706,3,3,2,19:30,-1,E09000014,3,2,1,0,1,"[19, 7]",5,"[1, 7]",0,0,0,1,0,0,1,0,0,12,16
2024010549591,2024,010549591,546361,174630,0.10499,51.45174,3,3,2,16:15,-1,E09000004,3,2,1,0,1,"[4, 3]",7,3,0,0,0,1,0,0,0,0,0,12,16
2024010549593,2024,010549593,543731,188764,0.07293,51.57942,3,3,3,19:00,-1,E09000026,3,2,1,0,1,1,9,9,99,9,99,1,0,0,0,0,1,12,10
2024010549595,2024,010549595,529965,181418,-0.12834,51.51674,3,3,2,03:45,-1,E09000007,3,0,9,0,1,"[13, 19]",9,9,99,"[0, 9]","[0, 99]",1,0,1,0,0,0,12,16
2024010549597,2024,010549597,524489,184885,-0.20599,51.54913,3,3,2,19:30,-1,E09000007,3,2,8,0,1,"[19, 6]",1,"[5, 1]",0,0,0,1,0,1,0,0,0,12,16
2024010549599,2024,010549599,529837,182343,-0.12984,51.52508,2,2,2,18:06,-1,E09000007,6,2,1,0,1,5,1,5,0,0,0,0,0,0,1,0,1,12,16
2024010549600,2024,010549600,532986,182091,-0.08457,51.52209,3,3,2,18:20,-1,E09000019,5,2,1,0,1,99,9,9,99,9,99,1,1,0,0,0,0,12,16
2024010549601,2024,010549601,529225,185739,-0.13741,51.55574,3,3,2,20:17,-1,E09000019,3,2,1,0,1,19,1,5,0,0,0,0,0,1,0,0,0,12,16
2024010549606,2024,010549606,534217,177926,-0.06842,51.48437,3,3,5,18:30,-1,E09000028,6,2,9,0,1,99,9,9,99,9,99,1,0,0,0,0,0,12,12
2024010549607,2024,010549607,530102,164837,-0.13245,51.3677,3,3,2,17:25,-1,E09000029,3,0,1,0,1,"[9, 19]",3,"[2, 7]",0,0,0,1,0,1,0,0,0,12,16
2024010549610,2024,010549610,515444,168643,-0.34168,51.40507,3,3,2,18:40,-1,E09000027,3,2,1,0,1,99,9,9,99,9,99,1,0,0,0,0,0,12,16
2024010549613,2024,010549613,530828,168985,-0.1205,51.40481,3,3,5,17:45,-1,E09000008,3,2,2,1,1,99,9,9,99,9,99,1,0,0,0,0,1,12,12
2024010549615,2024,010549615,547358,179868,0.12151,51.49855,3,3,2,18:00,-1,E09000004,6,2,1,0,1,"[7, 5]","[1, 5]","[3, 1]",0,0,0,1,0,0,1,0,0,12,16
2024010549616,2024,010549616,528912,163943,-0.14986,51.35994,2,2,2,17:20,-1,E09000029,3,2,1,0,1,"[9, 13]","[3, 1]","[1, 5]",0,0,0,1,0,1,0,0,0,12,16
2024010549619,2024,010549619,527968,172384,-0.16037,51.43601,3,3,2,17:05,-1,E09000032,3,2,1,0,1,19,5,1,0,0,0,0,0,1,0,0,1,12,16
2024010549628,2024,010549628,533960,173918,-0.07364,51.44841,2,2,2,17:00,-1,E09000028,3,2,1,0,1,19,5,1,0,0,0,1,0,1,0,0,1,12,16
2024010549630,2024,010549630,536473,188620,-0.03181,51.57993,3,3,2,20:38,-1,E09000031,3,2,1,0,1,99,9,9,99,9,99,1,0,0,0,0,1,12,16
2024010549631,2024,010549631,549542,186989,0.15597,51.56196,3,3,2,16:05,-1,E09000002,3,2,1,0,1,"[9, 19]","[1, 6]","[6, 2]",0,0,0,1,1,0,0,0,0,12,16
2024010549632,2024,010549632,545034,191521,0.09286,51.60386,3,3,1,22:27,-1,E09000026,5,2,1,0,1,99,9,9,99,9,99,1,0,0,0,0,1,12,15
2024010549633,2024,010549633,523221,184188,-0.22451,51.54315,3,3,6,07:30,-1,E09000005,5,2,2,1,1,99,9,9,99,9,99,1,0,0,0,0,0,12,13
2024010549635,2024,010549635,553373,190488,0.21272,51.59237,3,3,2,22:46,-1,E09000016,3,2,1,0,1,"[19, 9]","[7, 4]","[3, 2]",0,0,0,1,0,0,0,0,0,12,16
2024010549640,2024,010549640,543428,185792,0.06734,51.55279,3,3,2,16:51,-1,E09000025,3,2,1,0,1,99,9,9,99,9,99,1,0,0,0,0,0,12,16
2024010549648,2024,010549648,522411,189712,-0.23426,51.59297,3,3,3,00:19,-1,E09000003,6,2,1,0,1,"[19, 9]","[5, 1]","[1, 7]",0,0,0,1,0,1,0,0,0,12,17
2024010549652,2024,010549652,537944,176762,-0.01523,51.47301,3,3,2,23:41,-1,E09000011,3,2,8,0,1,-1,"[1, 5]","[5, 1]",0,0,0,1,0,1,0,0,0,12,16
2024010549661,2024,010549661,530117,182243,-0.12584,51.52412,2,2,3,07:10,-1,E09000007,6,0,1,0,1,19,"[5, 7]","[1, 3]",0,0,0,1,0,1,0,0,0,12,17
2024010549665,2024,010549665,532440,176750,-0.09444,51.47422,3,3,1,18:28,-1,E09000028,6,2,1,0,1,99,9,9,99,9,99,1,0,1,0,0,0,12,15
2024010549667,2024,010549667,533884,182200,-0.07159,51.52285,3,3,2,16:33,-1,E09000030,4,2,1,0,1,99,9,9,99,9,99,1,0,0,0,0,0,12,16
2024010549669,2024,010549669,516075,185120,-0.3272,51.55304,3,3,5,17:10,-1,E09000009,3,2,2,1,1,99,9,9,99,9,99,1,0,0,0,0,0,12,5
2024010549674,2024,010549674,533924,192672,-0.06703,51.61695,3,3,3,09:38,-1,E09000010,5,0,1,0,1,99,9,9,99,9,99,1,0,0,0,0,0,12,17
2024010549676,2024,010549676,529868,181237,-0.1298,51.51514,3,3,2,17:50,-1,E09000007,3,2,1,1,1,"[2, 99]","[0, 9]","[0, 9]",99,9,99,1,1,0,0,0,0,12,16
2024010549687,2024,010549687,531661,172520,-0.10722,51.43639,3,3,7,07:59,-1,E09000022,6,0,1,0,1,99,9,9,99,9,99,0,1,0,0,0,0,12,7
2024010549688,2024,010549688,547066,184785,0.11936,51.54281,3,3,3,09:00,-1,E09000002,6,0,1,0,1,1,5,1,0,3,0,1,0,0,0,0,1,12,17
2024010549689,2024,010549689,518758,191353,-0.28642,51.6085,3,3,3,08:09,-1,E09000015,4,0,1,0,1,19,3,7,0,0,0,1,0,0,0,0,1,12,17
2024010549691,2024,010549691,528927,181454,-0.14327,51.5173,3,3,2,15:45,-1,E09000033,3,0,1,0,1,99,9,9,99,9,99,0,0,0,0,1,0,12,16
2024010549692,2024,010549692,525879,173211,-0.19011,51.44391,3,3,5,16:18,-1,E09000032,6,2,8,1,1,99,9,9,99,9,99,1,0,0,0,0,1,12,12
2024010549694,2024,010549694,524724,184514,-0.20273,51.54575,3,3,7,16:15,-1,E09000005,3,2,1,-1,1,99,9,9,99,9,99,1,0,0,0,0,0,12,14
2024010549699,2024,010549699,516686,190561,-0.31659,51.60181,2,2,3,12:37,-1,E09000015,5,0,1,0,1,19,7,3,0,0,0,1,0,0,0,0,1,12,17
2024010549705,2024,010549705,532031,179296,-0.09937,51.49719,3,3,3,07:05,-1,E09000028,3,2,5,1,1,"[9, 19]","[2, 5]",1,0,0,0,1,1,0,0,0,0,12,17
2024010549709,2024,010549709,536427,182506,-0.03484,51.525,3,3,3,12:41,-1,E09000030,3,0,1,1,1,19,7,3,0,0,0,0,0,0,1,0,1,12,17
2024010549710,2024,010549710,521701,183337,-0.24671,51.53583,3,3,6,14:30,-1,E09000005,3,0,8,0,1,99,9,9,99,9,99,1,1,0,0,0,0,12,13
2024010549711,2024,010549711,515074,171711,-0.346,51.43272,3,3,3,13:15,-1,E09000027,4,0,9,0,1,4,1,5,0,0,0,1,0,0,0,0,1,12,17
2024010549712,2024,010549712,529608,182799,-0.13297,51.52923,3,3,1,18:55,-1,E09000007,3,2,1,0,1,99,9,9,99,9,99,1,0,0,0,0,0,12,15
2024010549717,2024,010549717,540531,193680,0.02874,51.6244,2,2,3,09:35,-1,E09000026,3,0,1,0,1,"[9, -1]","[1, 5]","[6, 1]",0,"[0, 7]","[0, 11]",1,0,0,0,0,0,12,17
2024010549718,2024,010549718,543872,182424,0.07237,51.52241,3,3,3,11:40,-1,E09000025,3,0,1,0,1,7,1,3,0,3,0,1,0,0,0,0,0,12,17
2024010549720,2024,010549720,516609,171330,-0.32405,51.42899,3,3,3,09:00,-1,E09000027,5,0,1,0,1,99,9,9,99,9,99,0,1,0,0,1,0,12,17
2024010549736,2024,010549736,544443,190203,0.08379,51.59217,3,3,3,12:00,-1,E09000026,3,0,1,0,1,"[2, -1, 1]","[0, 5, 3]","[0, 1, 7]",0,0,0,1,0,0,0,0,0,12,17
2024010549742,2024,010549742,521238,183774,-0.25323,51.53985,3,3,2,19:20,-1,E09000005,3,0,1,0,1,99,9,9,99,9,99,1,0,1,0,0,0,12,16
2024010549745,2024,010549745,534623,186777,-0.0592,51.56381,3,3,3,15:36,-1,E09000012,3,2,1,0,1,"[5, 9]","[1, 5]","[5, 4]",0,"[0, 2]","[0, 10]",1,1,0,0,0,0,12,17
2024010549750,2024,010549750,524385,178273,-0.20982,51.48973,3,3,3,16:00,-1,E09000013,6,2,1,-1,1,99,9,9,99,9,99,1,0,0,0,0,0,12,17
2024010549757,2024,010549757,530303,185745,-0.12187,51.55555,3,3,3,16:40,-1,E09000019,3,2,1,0,1,"[9, 19]",5,"[2, 1]",0,0,0,1,0,1,0,0,0,12,17