collision_index,collision_year,collision_ref_no,location_easting_osgr,location_northing_osgr,longitude,latitude,casualty_severity,casualty_severity,day_of_week,time,local_authority_district,local_authority_ons_district,first_road_class,light_conditions,weather_conditions,road_surface_conditions,urban_or_rural_area,vehicle_manoeuvre,vehicle_direction_from,vehicle_direction_to,hit_object_in_carriageway,vehicle_leaving_carriageway,hit_object_off_carriageway,is_car,is_cyle,is_mcyle,is_goodsv,is_other,is_pedestrian,month,day
2024010550763,2024,010550763,525698,164785,-0.1957,51.36822,3,3,7,23:30,-1,E09000029,4,2,1,-1,1,99,9,9,99,9,99,0,0,0,0,1,1,12,7
2024010550777,2024,010550777,522361,190648,-0.23466,51.60139,3,3,5,06:31,-1,E09000003,3,2,2,1,1,99,9,9,99,9,99,1,0,0,0,0,0,12,19
2024010550779,2024,010550779,539291,161723,-0.00175,51.33754,3,3,2,11:30,-1,E09000008,5,0,1,0,1,"[19, 4]",5,1,0,0,0,1,0,1,0,0,0,12,23
2024010550783,2024,010550783,546171,185735,0.10686,51.55157,2,2,3,10:56,-1,E09000026,3,0,9,-1,1,99,9,9,99,9,99,1,0,0,0,0,1,12,10
2024010550793,2024,010550793,536032,199728,-0.03386,51.67985,3,3,2,11:30,-1,E09000010,3,0,1,0,1,99,9,9,99,9,99,1,0,0,1,0,0,12,23
2024010550794,2024,010550794,530211,180803,-0.12502,51.51116,3,3,3,17:40,-1,E09000033,6,2,9,0,1,99,9,9,99,9,99,1,0,0,0,0,1,12,17
2024010550807,2024,010550807,514718,173604,-0.35051,51.44981,2,2,2,13:29,-1,E09000027,3,0,1,0,1,19,3,7,0,0,0,0,0,1,0,0,1,12,23
2024010550808,2024,010550808,523821,177567,-0.21819,51.48351,2,2,1,13:50,-1,E09000013,3,0,1,0,1,99,9,9,99,9,99,0,0,0,1,0,0,12,22
2024010550809,2024,010550809,536702,168335,-0.03635,51.39759,3,3,2,11:12,-1,E09000006,5,2,1,0,1,"[19, 2]","[3, 0]","[7, 0]",0,"[0, 7]",0,1,0,0,0,0,0,12,23
2024010550810,2024,010550810,541906,188337,0.04643,51.57604,3,3,1,20:54,-1,E09000026,3,2,1,-1,1,99,9,9,99,9,99,1,0,0,0,0,0,12,22
2024010550811,2024,010550811,545814,187224,0.10233,51.56505,3,3,2,12:20,-1,E09000026,3,0,1,0,1,19,3,7,0,"[7, 0]","[11, 0]",1,0,0,0,0,0,12,23
2024010550822,2024,010550822,520558,186471,-0.26211,51.56424,3,3,7,12:00,-1,E09000005,3,0,1,0,1,99,9,9,99,9,99,1,0,0,0,0,0,12,21
2024010550824,2024,010550824,519490,182679,-0.2788,51.53039,3,3,2,07:30,-1,E09000005,6,2,1,0,1,99,9,9,99,9,99,1,0,0,0,0,0,12,23
2024010550828,2024,010550828,534512,187153,-0.06065,51.56721,3,3,2,14:57,-1,E09000012,3,0,1,0,1,5,3,7,0,0,0,0,0,0,1,0,0,12,23
2024010550833,2024,010550833,531526,189625,-0.10279,51.59013,3,3,7,18:40,-1,E09000014,3,2,1,0,1,99,9,9,99,9,99,0,1,0,0,0,0,12,21
2024010550836,2024,010550836,510841,176121,-0.40549,51.4732,3,3,1,17:15,-1,E09000018,3,0,1,0,1,99,9,9,99,9,99,1,0,1,0,0,0,12,22
2024010550838,2024,010550838,510979,174123,-0.40413,51.45522,3,3,2,15:00,-1,E09000018,3,0,1,1,1,"[10, 19]",7,"[6, 3]",0,0,0,1,0,1,0,0,0,12,23
2024010550841,2024,010550841,547777,186220,0.13021,51.55551,3,3,2,13:55,-1,E09000002,5,0,4,0,1,"[19, 5, 2]","[1, 7, 0]","[5, 3, 0]","[4, 0]",0,0,1,0,0,0,1,0,12,23
2024010550845,2024,010550845,526249,164962,-0.18773,51.36969,2,2,4,07:30,-1,E09000029,5,0,8,0,1,99,9,9,99,9,99,1,0,0,0,0,1,12,18
2024010550852,2024,010550852,528678,176438,-0.14869,51.47228,3,3,2,16:30,-1,E09000032,3,2,1,0,1,19,5,1,0,0,0,0,0,0,1,0,1,12,23
2024010550854,2024,010550854,536030,178768,-0.042,51.4915,3,3,2,00:00,-1,E09000028,6,2,1,-1,1,99,9,9,99,9,99,1,0,0,0,0,1,12,23
2024010550861,2024,010550861,526600,196134,-0.1715,51.64975,3,3,2,13:22,-1,E09000003,3,0,1,0,1,13,1,5,0,0,0,0,0,1,0,0,1,12,23
2024010550862,2024,010550862,526291,191992,-0.17746,51.6126,3,3,2,17:20,-1,E09000003,3,2,1,0,1,9,3,1,0,0,0,1,0,0,0,0,1,12,23
2024010550868,2024,010550868,519488,192155,-0.27561,51.61555,3,3,2,00:30,-1,E09000003,3,2,1,0,1,99,9,9,99,9,99,1,0,0,0,0,0,12,23
2024010550870,2024,010550870,537929,174625,-0.01628,51.45381,3,3,2,17:45,-1,E09000023,3,2,1,0,1,4,1,5,0,0,0,1,0,1,0,0,0,12,23
2024010550875,2024,010550875,556118,193277,0.25356,51.61667,3,3,2,18:12,-1,E09000016,1,2,1,0,2,19,7,3,0,0,0,1,0,0,1,0,0,12,23
2024010550877,2024,010550877,523552,186061,-0.21908,51.55991,3,3,2,14:05,-1,E09000003,3,0,1,0,1,99,9,9,99,9,99,1,0,0,0,0,0,12,23
2024010550879,2024,010550879,519266,191587,-0.279,51.61049,3,3,2,17:50,-1,E09000003,3,2,8,0,1,99,9,9,99,9,99,0,0,0,0,0,0,12,23
2024010550882,2024,010550882,520970,189703,-0.25506,51.5932,3,3,2,15:04,-1,E09000003,5,0,1,0,1,19,"[5, 7]","[1, 3]",0,0,0,1,0,0,0,0,0,12,23
2024010550885,2024,010550885,518239,185146,-0.296,51.55282,3,3,2,15:40,-1,E09000005,3,0,1,1,1,4,6,2,0,0,0,0,0,0,1,0,1,12,23
2024010550888,2024,010550888,532651,186187,-0.08785,51.55897,3,3,2,19:10,-1,E09000012,5,2,9,0,1,19,2,6,0,0,0,1,1,0,0,0,0,12,23
2024010550891,2024,010550891,535359,181212,-0.05072,51.51363,3,3,2,20:40,-1,E09000030,3,2,1,1,1,"[7, 19]","[5, 3]",7,0,"[1, 7]",0,1,0,0,0,0,0,12,23
2024010550893,2024,010550893,518997,177956,-0.28749,51.48804,3,3,2,21:05,-1,E09000018,3,2,2,1,2,19,5,1,0,0,0,1,0,1,0,0,0,12,23
2024010550895,2024,010550895,547054,187021,0.12012,51.5629,3,3,2,19:16,-1,E09000002,3,2,1,0,1,"[5, 19]","[0, 3]","[3, 7]",0,0,0,1,0,0,0,0,0,12,23
2024010550899,2024,010550899,526511,181284,-0.17814,51.51632,3,3,2,20:30,-1,E09000033,3,2,2,1,1,19,1,5,0,0,0,0,0,0,1,0,0,12,23
2024010550900,2024,010550900,516527,176819,-0.32343,51.47834,3,3,1,10:32,-1,E09000018,3,0,1,0,1,99,9,9,99,9,99,1,1,0,0,0,0,12,22
2024010550902,2024,010550902,517760,184801,-0.30302,51.54982,3,3,2,21:40,-1,E09000005,6,2,2,1,1,99,9,9,99,9,99,1,0,1,0,0,0,12,23
2024010550903,2024,010550903,534756,191192,-0.05559,51.60345,3,3,2,23:28,-1,E09000014,6,2,1,1,1,19,3,7,0,7,4,1,0,0,0,0,0,12,23
2024010550908,2024,010550908,529860,194389,-0.12506,51.63333,3,3,7,15:10,-1,E09000010,5,0,5,1,1,99,9,9,99,9,99,1,0,0,0,0,0,12,21
2024010550911,2024,010550911,545280,183302,0.09301,51.52994,3,3,2,12:30,-1,E09000002,3,0,1,0,1,99,9,9,99,9,99,1,0,0,0,0,0,12,16
2024010550915,2024,010550915,512888,184100,-0.37348,51.54451,3,3,2,20:57,-1,E09000009,3,2,2,1,1,6,5,5,0,0,0,1,0,0,0,0,0,12,23
2024010550919,2024,010550919,529741,163411,-0.13815,51.35497,3,3,3,01:25,-1,E09000029,4,2,1,1,1,"[2, 19]","[0, 1]","[0, 5]","[0, 4]",0,0,1,0,0,0,0,0,12,24
2024010550922,2024,010550922,545781,187211,0.10185,51.56494,3,3,3,02:28,-1,E09000026,3,2,1,1,1,"[4, 19]",5,1,0,0,0,1,0,1,0,0,0,12,24
2024010550923,2024,010550923,523603,179894,-0.22051,51.50447,2,2,3,04:48,-1,E09000013,3,2,8,1,1,19,7,3,0,0,0,1,0,0,0,0,1,12,24
2024010550925,2024,010550925,518254,187751,-0.2949,51.57623,3,3,3,06:55,-1,E09000005,5,2,1,1,1,19,"[6, 8]","[2, 4]",0,0,0,1,0,1,0,0,0,12,24
2024010550936,2024,010550936,529457,188408,-0.13308,51.57967,3,3,5,19:11,-1,E09000014,5,2,1,0,1,99,9,9,99,9,99,1,0,0,0,0,1,12,19
2024010550938,2024,010550938,531684,183815,-0.10268,51.53788,2,2,1,12:05,-1,E09000019,3,0,1,0,1,19,1,5,99,9,99,0,1,0,0,0,1,12,22
2024010550943,2024,010550943,529733,194417,-0.12688,51.63361,3,3,1,20:27,-1,E09000010,5,2,9,-1,1,99,9,9,99,9,99,1,0,1,0,0,0,12,22
2024010550946,2024,010550946,532827,192559,-0.08291,51.61619,3,3,3,10:05,-1,E09000010,5,0,1,0,1,-1,"[5, 7]","[1, 3]",0,0,0,1,0,0,0,0,0,12,24
2024010550953,2024,010550953,537189,187713,-0.02184,51.5716,3,3,3,09:31,-1,E09000031,3,0,1,0,1,"[2, -1]","[0, 6]","[0, 2]",4,0,0,1,0,0,0,0,1,12,24
2024010550954,2024,010550954,517160,192343,-0.30915,51.61773,3,3,3,11:30,-1,E09000015,3,0,1,1,1,19,7,3,0,0,0,0,0,0,1,0,0,12,24
2024010550956,2024,010550956,531632,184401,-0.10321,51.54316,2,2,3,10:58,-1,E09000019,3,0,8,1,1,"[9, 5]","[1, 5]","[7, 1]",0,0,0,1,1,0,0,0,0,12,24
2024010550958,2024,010550958,522925,182796,-0.22926,51.5307,3,3,2,11:00,-1,E09000005,3,0,1,0,1,99,9,9,99,9,99,1,0,1,0,0,0,12,23
2024010550959,2024,010550959,516604,180767,-0.32102,51.5138,2,2,2,21:50,-1,E09000009,6,2,2,1,1,99,9,9,99,9,99,1,0,0,0,0,1,12,23
2024010550961,2024,010550961,534087,195233,-0.0637,51.63992,3,3,3,12:15,-1,E09000010,5,0,1,1,1,19,7,3,0,0,0,1,0,0,0,0,0,12,24
2024010550962,2024,010550962,535778,179028,-0.04553,51.4939,3,3,3,11:15,-1,E09000028,4,0,1,0,1,19,5,1,0,0,0,0,1,0,0,0,1,12,24
2024010550968,2024,010550968,547668,183580,0.12753,51.53182,3,3,2,12:05,-1,E09000002,3,0,1,0,1,99,9,9,99,9,99,1,0,0,0,0,0,12,23
2024010550971,2024,010550971,546369,187230,0.11033,51.56496,3,3,1,17:55,-1,E09000026,4,2,1,0,1,19,1,5,99,9,0,1,0,0,0,0,1,12,22
2024010550973,2024,010550973,542711,183001,0.05588,51.52789,3,3,2,13:00,-1,E09000025,3,0,1,0,1,99,9,9,99,9,99,1,0,0,0,0,1,12,23
2024010550975,2024,010550975,518345,169511,-0.2997,51.41228,3,3,3,13:35,-1,E09000021,3,0,9,1,1,19,7,3,0,0,0,1,0,0,1,0,0,12,24
2024010550989,2024,010550989,528850,177078,-0.14598,51.47799,3,3,2,18:58,-1,E09000032,3,2,9,-1,1,"[3, 19]","[9, 5]","[9, 1]",99,9,99,1,0,0,0,0,0,12,23
2024010550993,2024,010550993,513072,177440,-0.37296,51.48462,3,3,3,15:37,-1,E09000018,3,0,1,1,1,"[9, 3]","[7, 1]",5,0,0,0,1,0,1,0,0,0,12,24
2024010551003,2024,010551003,538284,166056,-0.01451,51.37672,3,3,3,16:30,-1,E09000006,3,0,9,0,1,19,1,5,0,0,0,0,0,1,0,0,1,12,24
2024010551005,2024,010551005,510746,176697,-0.40668,51.4784,3,3,3,16:15,-1,E09000018,3,2,1,1,1,"[19, 7]",4,"[8, 5]",0,0,0,1,0,1,0,0,0,12,24
2024010551009,2024,010551009,531102,164984,-0.11804,51.36879,3,3,2,18:06,-1,E09000008,3,2,1,0,1,99,9,9,99,9,99,1,0,0,0,0,0,12,23
2024010551011,2024,010551011,535179,171595,-0.05699,51.42725,3,3,3,19:25,-1,E09000023,3,2,1,0,1,"[19, 3]",1,5,0,0,0,1,0,1,0,0,0,12,24
2024010551012,2024,010551012,532445,165849,-0.09844,51.37625,3,3,6,17:30,-1,E09000008,3,0,1,0,1,4,5,1,0,0,0,0,0,0,1,0,0,12,20
2024010551014,2024,010551014,520029,190597,-0.26833,51.60143,3,3,3,15:25,-1,E09000003,3,0,8,0,1,99,9,9,99,9,99,1,0,0,1,0,0,12,24
2024010551017,2024,010551017,511541,174712,-0.39586,51.4604,3,3,3,18:49,-1,E09000018,3,2,1,1,1,"[19, 9]",3,"[7, 1]",0,0,0,1,0,0,0,0,0,12,24
2024010551023,2024,010551023,535265,170100,-0.05633,51.41379,2,2,3,18:00,-1,E09000006,6,2,1,1,1,19,"[5, 3]","[1, 7]",0,0,0,1,0,1,0,0,0,12,24
2024010551026,2024,010551026,544257,172810,0.07399,51.43593,3,3,3,16:15,-1,E09000011,3,2,1,0,1,"[19, 2]","[8, 0]","[4, 0]","[4, 0]",0,0,1,0,0,0,0,0,12,24
2024010551029,2024,010551029,538921,171275,-0.00333,51.42347,3,3,3,16:25,-1,E09000023,3,2,1,0,1,6,4,4,0,7,0,1,0,0,0,0,1,12,24
2024010551031,2024,010551031,527826,181065,-0.15927,51.51406,3,3,3,19:37,-1,E09000033,6,2,1,0,1,99,9,9,99,9,99,1,0,0,0,0,1,12,24
2024010551033,2024,010551033,531845,188180,-0.09873,51.57707,3,3,3,20:50,-1,E09000014,3,2,1,0,1,"[6, 19]",1,"[1, 5]",0,0,0,1,0,0,0,0,0,12,24
2024010551035,2024,010551035,529016,177193,-0.14355,51.47899,3,3,3,16:56,-1,E09000032,3,2,1,1,1,"[3, 19]",5,1,"[0, 8]",0,0,1,1,0,0,0,0,12,24
2024010551038,2024,010551038,529868,182582,-0.1293,51.52722,3,3,3,20:59,-1,E09000007,6,2,1,1,1,19,1,5,0,1,11,1,0,0,0,0,0,12,24
2024010551040,2024,010551040,547945,186609,0.13279,51.55897,3,3,3,14:05,-1,E09000002,5,0,1,1,1,"[7, 19]","[2, 7]","[4, 3]",0,0,0,1,0,1,0,0,0,12,24
2024010551043,2024,010551043,531393,195308,-0.10258,51.64123,3,3,3,09:25,-1,E09000010,5,2,1,0,1,99,9,9,99,9,99,1,0,0,0,0,0,12,24
2024010551053,2024,010551053,541120,174327,0.02949,51.45035,3,3,1,23:49,-1,E09000011,3,2,1,0,1,99,9,9,99,9,99,1,0,0,0,0,0,12,22
2024010551056,2024,010551056,529595,180840,-0.13388,51.51163,3,3,4,00:48,-1,E09000033,6,2,1,0,1,"[3, 1]",9,9,99,0,0,1,0,0,0,0,0,12,25
2024010551057,2024,010551057,538004,172058,-0.0162,51.43073,3,3,3,21:55,-1,E09000023,6,2,1,0,1,"[2, 1]","[0, 1]","[0, 5]","[0, 4]",0,0,1,0,0,0,0,0,12,24
2024010551058,2024,010551058,544671,167425,0.07775,51.38744,3,3,3,22:33,-1,E09000006,5,2,1,0,1,"[2, 14]","[0, 5]","[0, 1]",4,0,0,1,0,0,0,0,0,12,24
2024010551059,2024,010551059,538994,181005,0.00154,51.51088,3,3,3,22:00,-1,E09000030,3,2,1,0,1,"[19, 11]",1,5,0,0,0,1,1,0,0,0,0,12,24
2024010551060,2024,010551060,513966,191409,-0.35557,51.60999,3,3,4,03:21,-1,E09000015,3,2,1,0,1,19,7,3,9,0,0,1,0,0,0,0,0,12,25
2024010551064,2024,010551064,535279,196211,-0.0461,51.64843,2,"[3, 2]",4,06:28,-1,E09000010,3,0,1,0,1,"[3, 19]","[7, 3]","[3, 7]","[4, 0]",0,0,1,0,0,0,0,0,12,25
2024010551070,2024,010551070,542073,182114,0.04633,51.52008,2,2,4,06:35,-1,E09000025,3,2,1,0,1,19,3,7,0,0,0,1,0,0,0,0,1,12,25
2024010551071,2024,010551071,517566,169386,-0.31094,51.41132,3,3,3,12:15,-1,E09000027,3,0,1,1,2,99,9,9,99,9,99,1,1,0,0,0,0,12,24
2024010551077,2024,010551077,513389,182560,-0.36675,51.53057,3,3,4,10:40,-1,E09000009,5,0,1,1,1,"[2, 19]","[0, 5]","[0, 1]","[0, 4]","[0, 7]","[0, 11]",1,0,0,0,0,0,12,25
2024010551086,2024,010551086,524839,181906,-0.202,51.52228,3,3,4,02:45,-1,E09000020,5,0,1,0,1,99,9,9,99,9,99,0,1,0,0,0,0,12,25
2024010551089,2024,010551089,515617,191840,-0.33159,51.61353,3,3,4,16:15,-1,E09000015,3,2,8,1,1,99,9,9,99,9,99,1,0,1,0,0,0,12,25
2024010551091,2024,010551091,528142,191335,-0.15098,51.60628,2,2,4,16:00,-1,E09000003,4,0,1,0,1,"[9, 19]",5,"[3, 1]",0,0,0,0,0,1,0,1,0,12,25
2024010551092,2024,010551092,544455,177820,0.07888,51.4809,3,3,4,16:50,-1,E09000011,5,2,8,0,1,"[8, 19]","[5, 3]",7,0,"[0, 1]","[0, 7]",1,0,0,0,0,0,12,25
2024010551093,2024,010551093,536605,181672,-0.0326,51.51746,3,3,4,18:05,-1,E09000030,4,2,1,0,1,"[19, 3]",7,3,0,"[1, 0]","[11, 0]",1,0,1,0,0,0,12,25
2024010551103,2024,010551103,526030,182862,-0.1845,51.53061,3,3,2,20:20,-1,E09000033,3,2,1,0,1,99,9,9,99,9,99,1,0,0,0,0,0,12,23
2024010551105,2024,010551105,541658,183283,0.04082,51.53069,3,3,4,21:20,-1,E09000025,3,2,1,0,1,"[9, -1]","[6, 3]","[3, 7]",0,0,0,1,0,1,0,0,0,12,25
2024010551106,2024,010551106,534451,184789,-0.06244,51.54599,3,3,4,22:35,-1,E09000012,3,2,1,0,1,"[13, 9]",7,"[3, 5]",0,0,0,1,0,0,0,0,0,12,25
2024010551109,2024,010551109,530707,177984,-0.11892,51.48571,3,3,4,23:07,-1,E09000022,3,2,8,1,1,99,9,9,99,9,99,1,0,0,0,0,0,12,18
2024010551110,2024,010551110,534246,176550,-0.06853,51.472,3,3,3,14:15,-1,E09000028,3,0,9,0,1,99,9,9,99,9,99,0,0,0,1,0,1,12,24
2024010551113,2024,010551113,523464,188019,-0.21966,51.57752,3,3,5,01:50,-1,E09000003,3,2,1,0,1,"[3, 5]",8,4,0,0,0,1,0,1,0,0,0,12,26
2024010551114,2024,010551114,520059,180125,-0.27147,51.50731,3,3,4,14:20,-1,E09000009,3,0,8,0,1,99,9,9,99,9,99,1,1,0,0,0,0,12,25
2024010551116,2024,010551116,519409,178386,-0.28142,51.49182,3,3,5,01:49,-1,E09000018,3,2,1,0,1,"[5, 19, 15]",1,5,0,0,0,1,0,0,0,0,0,12,26
2024010551117,2024,010551117,513921,190537,-0.3565,51.60216,2,2,5,00:45,-1,E09000015,5,2,1,1,1,19,3,7,0,0,0,1,0,0,0,0,0,12,26
2024010551120,2024,010551120,526059,183391,-0.18389,51.53536,3,3,5,03:10,-1,E09000033,6,2,1,0,1,"[2, 19]","[0, 7]","[0, 3]",0,"[0, 7]","[0, 2]",1,0,0,0,0,0,12,26
2024010551126,2024,010551126,534317,199986,-0.05855,51.68258,3,3,2,06:40,-1,E09000010,1,2,1,0,2,99,9,9,99,9,99,1,0,0,0,0,0,12,23
2024010551131,2024,010551131,528872,164089,-0.15038,51.36126,3,3,5,12:34,-1,E09000029,3,0,1,1,1,"[13, 5]","[1, 0]",5,0,0,0,1,0,0,1,0,0,12,26
2024010551135,2024,010551135,530978,170595,-0.11775,51.41925,3,3,5,14:00,-1,E09000008,6,0,1,0,1,"[5, 2]","[5, 0]","[1, 0]","[0, 4]",0,0,1,0,1,0,0,0,12,26
2024010551142,2024,010551142,528650,189423,-0.14435,51.58898,3,3,2,10:00,-1,E09000014,6,0,1,0,1,99,9,9,99,9,99,0,1,0,0,0,0,12,16
2024010551143,2024,010551143,534872,194709,-0.05256,51.63503,3,3,5,14:35,-1,E09000010,3,0,1,0,1,"[-1, 99]","[1, 9]","[5, 9]","[0, 99]","[0, 9]","[0, 99]",1,0,0,0,0,0,12,26
2024010551146,2024,010551146,509830,179839,-0.41888,51.50682,3,3,5,16:45,-1,E09000017,5,2,8,1,1,"[12, 19]",5,1,0,0,0,1,0,0,1,0,0,12,26
2024010551147,2024,010551147,531698,173034,-0.1065,51.441,3,3,5,17:29,-1,E09000022,3,2,2,0,1,9,7,6,0,7,2,1,0,0,0,0,0,12,26
2024010551149,2024,010551149,512537,175199,-0.38137,51.46458,3,3,5,18:00,-1,E09000018,3,2,2,1,1,4,7,3,0,0,0,0,0,0,1,0,0,12,26
2024010551152,2024,010551152,522712,188702,-0.23027,51.58382,3,3,5,18:48,-1,E09000003,6,2,1,0,1,99,9,9,99,9,99,0,1,0,0,0,0,12,26
2024010551153,2024,010551153,525549,195719,-0.18684,51.64626,3,3,5,19:10,-1,E09000003,3,2,1,0,1,19,1,5,0,0,0,1,0,0,0,0,1,12,26
2024010551154,2024,010551154,531546,177347,-0.10708,51.47979,3,3,5,15:50,-1,E09000022,3,2,1,1,1,"[19, 6]","[8, 4]",4,0,0,0,1,0,1,0,0,0,12,26
2024010551157,2024,010551157,521040,186163,-0.25527,51.56137,3,3,5,16:59,-1,E09000005,3,2,1,0,1,"[4, 19]",8,4,0,0,0,1,0,0,0,0,0,12,26
2024010551158,2024,010551158,529000,180679,-0.14251,51.51032,3,3,5,19:20,-1,E09000033,4,2,1,0,1,9,1,6,0,0,0,1,0,0,0,0,1,12,26
2024010551164,2024,010551164,530334,176284,-0.12491,51.47052,3,3,6,11:00,-1,E09000022,3,0,9,-1,1,99,9,9,12,9,10,1,0,0,0,0,1,12,20
2024010551166,2024,010551166,531497,189681,-0.10318,51.59064,3,3,5,21:20,-1,E09000014,3,2,8,0,1,19,5,1,0,0,0,0,1,0,0,0,1,12,26
2024010551169,2024,010551169,537916,180555,-0.01416,51.5071,3,3,5,19:50,-1,E09000030,3,2,1,0,1,"[3, 19]",9,9,99,9,99,1,0,0,0,0,0,12,26
2024010551177,2024,010551177,525347,178651,-0.19584,51.49292,3,3,5,20:40,-1,E09000020,6,2,1,0,1,19,"[4, 2]","[8, 6]",0,0,0,1,1,0,0,0,0,12,26
2024010551178,2024,010551178,526589,178097,-0.17815,51.48766,3,3,5,21:52,-1,E09000020,3,2,1,0,1,19,3,7,12,0,0,1,0,0,0,0,1,12,26
2024010551182,2024,010551182,514340,175950,-0.35519,51.47097,3,3,5,22:25,-1,E09000018,6,2,9,0,1,99,9,9,99,9,99,0,0,1,1,0,0,12,26
2024010551186,2024,010551186,535058,169523,-0.05952,51.40866,2,"[3, 2]",5,23:30,-1,E09000006,3,2,1,1,1,-1,"[3, 1]","[7, 5]",0,"[0, 7]","[0, 11]",1,0,0,0,0,0,12,26
2024010551187,2024,010551187,538205,185897,-0.0079,51.55504,3,3,6,01:01,-1,E09000031,3,2,1,1,1,19,5,1,0,1,0,1,0,0,0,0,0,12,27
2024010551190,2024,010551190,550280,188356,0.16719,51.57405,3,3,5,14:35,-1,E09000016,3,0,1,0,1,"[99, 19]",9,9,99,9,99,1,0,0,0,0,0,12,26
2024010551200,2024,010551200,539261,184516,0.00678,51.54237,3,3,5,22:30,-1,E09000025,3,2,8,1,1,"[19, 7]",7,"[3, 1]",0,"[0, 1]",0,1,1,0,0,0,0,12,26
2024010551201,2024,010551201,540451,182277,0.02303,51.52195,3,3,6,01:39,-1,E09000025,5,2,2,1,1,"[7, 9]","[5, 1]","[8, 6]",0,0,0,1,0,1,0,0,0,12,27
2024010551202,2024,010551202,536892,181390,-0.02858,51.51486,3,3,6,00:10,-1,E09000030,3,2,1,0,1,"[19, 15]",5,1,"[0, 10]",0,0,1,0,0,0,0,0,12,27
2024010551206,2024,010551206,532130,189191,-0.09424,51.58609,3,3,6,05:50,-1,E09000014,3,2,1,0,1,19,"[7, 3]","[3, 7]",0,0,0,1,0,0,0,1,0,12,27
2024010551210,2024,010551210,530219,167219,-0.1299,51.38908,3,3,2,15:50,-1,E09000008,3,0,1,0,1,99,9,9,99,9,99,1,0,1,0,0,0,12,23
2024010551212,2024,010551212,530867,179677,-0.11599,51.50089,3,3,6,08:15,-1,E09000022,3,0,1,0,1,99,9,9,99,9,99,0,0,0,0,1,1,12,27
2024010551214,2024,010551214,536565,163130,-0.04032,51.35085,3,3,6,06:43,-1,E09000008,3,2,7,1,1,"[19, 7]","[2, 4]",6,0,0,0,1,0,0,0,0,0,12,27
2024010551217,2024,010551217,520349,167932,-0.27144,51.39767,3,3,3,14:16,-1,E09000021,6,0,1,0,1,99,9,9,99,9,99,1,0,1,0,0,0,12,24
2024010551223,2024,010551223,532045,190496,-0.09497,51.59784,3,3,6,09:50,-1,E09000014,6,0,1,1,1,"[19, 7]","[1, 3]","[5, 4]",0,0,0,1,0,0,0,0,0,12,27
2024010551231,2024,010551231,513639,185560,-0.36218,51.55749,3,3,6,11:23,-1,E09000015,3,0,7,0,1,"[9, 5]","[3, 6]","[8, 2]",0,0,0,1,0,0,0,0,0,12,27
2024010551234,2024,010551234,550889,182877,0.17363,51.52465,3,3,6,10:37,-1,E09000016,3,0,1,1,1,"[19, 7]","[8, 2]",4,0,0,0,1,0,0,0,0,0,12,27
2024010551236,2024,010551236,530372,163840,-0.12894,51.35868,3,3,4,16:00,-1,E09000029,6,2,8,0,1,99,9,9,99,9,99,1,0,0,0,0,1,12,11
2024010551252,2024,010551252,522109,175215,-0.24364,51.46275,3,3,6,13:56,-1,E09000032,3,0,7,1,1,3,5,1,0,0,0,1,0,0,0,0,0,12,27
2024010551254,2024,010551254,523513,187936,-0.21899,51.57677,3,3,6,12:45,-1,E09000003,3,0,7,1,1,"[3, 19]",7,3,0,"[0, 3]",0,1,0,1,0,0,0,12,27
2024010551257,2024,010551257,532638,191337,-0.0861,51.60526,3,3,6,14:45,-1,E09000014,3,0,1,0,1,"[1, 11]","[1, 5]","[5, 1]",0,0,0,1,0,0,0,0,0,12,27
2024010551259,2024,010551259,534498,179479,-0.06378,51.49826,2,2,4,18:00,-1,E09000028,3,2,1,0,1,99,9,9,99,9,99,0,1,0,0,0,1,11,13
2024010551263,2024,010551263,530660,175819,-0.1204,51.46627,2,2,6,13:35,-1,E09000022,6,0,1,0,1,"[6, 19]",7,"[7, 3]",0,0,0,1,0,1,0,0,0,12,27
2024010551266,2024,010551266,510497,178760,-0.40961,51.49699,3,3,1,13:00,-1,E09000018,3,0,1,0,1,99,9,9,99,9,99,1,0,1,0,0,0,12,22
2024010551270,2024,010551270,515653,188535,-0.33216,51.58382,3,3,6,16:20,-1,E09000015,3,2,1,1,1,"[19, 9]","[8, 2]","[4, 8]",0,0,0,1,0,1,0,0,0,12,27
2024010551279,2024,010551279,544809,176216,0.08332,51.46639,3,3,6,16:54,-1,E09000004,3,2,7,1,1,19,3,7,7,0,0,1,0,0,0,0,0,12,27
2024010551282,2024,010551282,520065,180127,-0.27138,51.50733,3,3,6,16:22,-1,E09000009,3,2,1,0,1,"[19, 7]",9,9,99,9,99,1,1,0,0,0,0,12,27
2024010551286,2024,010551286,520399,190107,-0.26316,51.59695,3,3,6,19:00,-1,E09000005,3,2,7,0,1,"[9, 19]","[4, 8]","[2, 4]",0,0,0,1,1,0,0,0,0,12,27