collision_index,collision_year,collision_ref_no,location_easting_osgr,location_northing_osgr,longitude,latitude,casualty_severity,casualty_severity,day_of_week,time,local_authority_district,local_authority_ons_district,first_road_class,light_conditions,weather_conditions,road_surface_conditions,urban_or_rural_area,vehicle_manoeuvre,vehicle_direction_from,vehicle_direction_to,hit_object_in_carriageway,vehicle_leaving_carriageway,hit_object_off_carriageway,is_car,is_cyle,is_mcyle,is_goodsv,is_other,is_pedestrian,month,day
2024010551289,2024,010551289,512416,179393,-0.38178,51.5023,3,3,6,17:24,-1,E09000009,5,2,1,0,1,19,1,5,0,0,0,1,0,0,0,0,1,12,27
2024010551291,2024,010551291,528691,181154,-0.14678,51.51466,3,3,6,16:13,-1,E09000033,3,2,1,0,1,19,3,7,0,0,0,0,0,0,1,0,1,12,27
2024010551293,2024,010551293,531172,177585,-0.11237,51.48202,3,3,6,17:52,-1,E09000022,3,2,1,0,1,"[5, 4]","[0, 5]","[6, 1]",0,1,0,1,0,0,0,0,0,12,27
2024010551294,2024,010551294,505389,183249,-0.48183,51.53831,3,3,6,18:18,-1,E09000017,3,2,2,1,1,"[-1, 9]","[5, 1]","[1, 7]",0,0,0,1,0,0,0,0,0,12,27
2024010551295,2024,010551295,545514,164385,0.08861,51.3599,3,3,6,12:51,-1,E09000006,3,0,1,0,1,"[9, 19]","[1, 5]","[7, 1]",0,0,0,1,1,0,0,0,0,12,27
2024010551296,2024,010551296,525280,195883,-0.19066,51.64779,3,3,6,14:46,-1,E09000003,3,0,7,1,1,19,8,4,"[10, 0]",0,0,1,0,1,0,0,0,12,27
2024010551297,2024,010551297,531027,190371,-0.10971,51.59695,3,3,6,20:10,-1,E09000014,3,2,1,0,1,19,5,1,0,0,0,0,0,0,1,0,0,12,27
2024010551298,2024,010551298,539065,176126,0.00065,51.46702,3,3,6,16:19,-1,E09000023,6,2,7,0,1,1,5,1,0,0,0,1,0,0,0,0,1,12,27
2024010551301,2024,010551301,540596,181716,0.0249,51.51688,3,3,6,18:15,-1,E09000025,5,2,1,1,1,99,9,9,99,9,99,1,0,0,0,0,0,12,27
2024010551303,2024,010551303,554545,182987,0.22633,51.52466,3,3,6,19:15,-1,E09000016,5,2,9,0,2,"[9, 19]",1,"[7, 5]",0,0,0,1,0,0,0,0,0,12,27
2024010551304,2024,010551304,514720,172040,-0.35098,51.43575,2,2,6,20:45,-1,E09000027,3,2,1,1,1,"[19, 2, 3]","[1, 0]","[5, 0]","[4, 0]",0,0,1,0,0,0,0,0,12,27
2024010551306,2024,010551306,527909,170974,-0.16173,51.42335,3,3,6,17:47,-1,E09000032,3,2,1,1,1,"[3, 19]",1,5,"[0, 4]",0,0,1,0,0,0,0,0,12,27
2024010551309,2024,010551309,532539,184505,-0.0901,51.54389,3,3,6,21:17,-1,E09000019,3,2,1,0,1,"[14, 19, 2]","[6, 2, 0]","[2, 6, 0]","[0, 4]",0,0,1,0,0,0,0,0,12,27
2024010551310,2024,010551310,515073,188131,-0.34066,51.5803,3,3,6,18:04,-1,E09000015,5,2,1,0,1,19,5,1,0,0,0,1,0,0,0,0,1,12,27
2024010551312,2024,010551312,532207,176936,-0.09772,51.47594,2,2,6,22:45,-1,E09000028,3,2,8,0,1,"[7, 19]",1,"[4, 5]",0,"[1, 0]",0,1,1,0,0,0,0,12,27
2024010551314,2024,010551314,533143,184799,-0.08128,51.54639,3,3,6,23:30,-1,E09000012,3,2,1,0,1,"[5, 4, 3]","[1, 5]","[5, 1]","[0, 4]",0,0,1,0,0,0,0,0,12,27
2024010551318,2024,010551318,537384,169777,-0.026,51.41038,2,2,7,01:25,-1,E09000006,6,2,1,1,1,19,5,1,0,0,0,1,0,0,0,0,1,12,28
2024010551323,2024,010551323,528826,182181,-0.14446,51.52386,3,3,6,21:20,-1,E09000033,3,2,1,0,1,"[19, 2]","[1, 9]","[5, 9]","[4, 99]",9,99,1,0,0,1,0,0,12,27
2024010551324,2024,010551324,525780,175919,-0.19057,51.46827,3,3,6,21:25,-1,E09000013,3,2,8,1,1,"[9, 19]","[3, 5]",1,0,0,0,1,0,1,0,0,0,12,27
2024010551331,2024,010551331,529111,184052,-0.13967,51.54061,3,3,6,20:15,-1,E09000007,3,2,1,0,1,99,9,9,99,9,99,1,0,0,0,0,0,12,27
2024010551332,2024,010551332,542907,182263,0.0584,51.52121,3,3,1,13:40,-1,E09000025,3,0,1,0,1,99,9,9,99,9,99,1,1,0,0,0,0,9,22
2024010551333,2024,010551333,531662,179451,-0.10463,51.49867,3,3,6,17:30,-1,E09000028,3,2,7,0,1,"[19, 5]",9,9,99,9,99,1,1,0,0,0,0,12,27
2024010551335,2024,010551335,540316,190545,0.02439,51.59628,3,3,7,07:40,-1,E09000026,3,0,1,0,1,"[-1, 4]",3,7,"[4, 0]",0,0,1,0,0,0,0,0,12,28
2024010551338,2024,010551338,532861,161803,-0.09397,51.3398,3,3,7,10:00,-1,E09000008,5,2,1,1,1,"[2, 19]","[0, 8]","[0, 4]","[0, 4]",0,0,1,0,0,0,0,0,12,28
2024010551345,2024,010551345,525301,172180,-0.19879,51.43477,3,3,6,18:10,-1,E09000024,6,2,1,0,1,99,9,9,99,9,99,1,0,0,0,1,0,12,13
2024010551348,2024,010551348,526258,184805,-0.18052,51.54802,1,1,7,12:30,-1,E09000007,3,0,1,0,1,5,0,5,0,0,0,0,0,0,1,0,0,12,28
2024010551349,2024,010551349,532942,197469,-0.07938,51.66029,3,3,7,12:28,-1,E09000010,6,0,1,0,1,19,5,1,0,0,0,1,0,0,0,0,1,12,28
2024010551354,2024,010551354,535581,177098,-0.04911,51.4766,3,3,7,14:35,-1,E09000023,3,0,1,0,1,5,7,3,0,0,0,1,0,0,0,0,1,12,28
2024010551357,2024,010551357,520282,182415,-0.26748,51.52785,3,3,6,22:38,-1,E09000009,4,2,8,0,1,99,9,9,99,9,99,1,0,0,0,0,0,12,6
2024010551358,2024,010551358,533490,160951,-0.08527,51.33199,3,3,7,09:33,-1,E09000008,3,0,7,1,1,99,9,9,99,9,99,1,0,0,0,0,0,12,28
2024010551363,2024,010551363,534437,175252,-0.06627,51.46029,3,3,7,15:01,-1,E09000028,4,0,1,0,1,19,5,1,0,0,0,1,0,0,0,0,1,12,28
2024010551364,2024,010551364,525097,165528,-0.20407,51.37503,3,3,7,13:35,-1,E09000029,3,0,1,0,1,5,5,1,0,0,0,0,0,0,1,0,0,12,28
2024010551365,2024,010551365,530730,179444,-0.11805,51.49883,3,3,5,13:20,-1,E09000022,6,0,1,0,1,99,9,9,99,9,99,1,0,0,0,0,0,11,14
2024010551366,2024,010551366,532619,176143,-0.09209,51.46872,3,3,3,15:58,-1,E09000022,3,0,1,0,1,"[19, 13]",9,9,99,9,99,1,0,0,0,0,0,12,24
2024010551368,2024,010551368,533616,176762,-0.07751,51.47405,3,3,5,23:30,-1,E09000028,3,2,8,0,1,99,9,9,99,9,99,1,0,0,0,0,1,12,26
2024010551370,2024,010551370,533565,179991,-0.07702,51.50308,3,3,7,13:30,-1,E09000028,3,0,1,0,1,99,9,9,99,9,99,1,1,0,0,0,0,12,28
2024010551371,2024,010551371,530732,181043,-0.11743,51.5132,3,3,4,12:20,-1,E09000033,3,0,1,0,1,"[19, 3]","[5, 9]","[1, 9]","[0, 99]",9,"[0, 99]",1,0,0,0,0,0,12,25
2024010551378,2024,010551378,542496,175401,0.04972,51.45966,3,3,7,17:45,-1,E09000011,3,2,1,0,1,"[19, 7]","[5, 7]",1,0,0,0,1,0,0,0,0,0,12,28
2024010551382,2024,010551382,527559,181160,-0.16308,51.51497,3,3,7,05:58,-1,E09000033,3,2,2,1,1,"[5, 19]","[7, 5]","[3, 1]",0,"[0, 1]",0,1,1,0,0,0,0,12,28
2024010551386,2024,010551386,524315,175850,-0.21168,51.46797,3,3,7,16:34,-1,E09000013,3,2,1,0,1,"[6, 19]",1,"[1, 5]",0,0,0,1,1,0,0,0,0,12,28
2024010551389,2024,010551389,533120,180157,-0.08337,51.50468,3,3,7,18:05,-1,E09000028,3,2,1,0,1,"[19, 7]","[7, 4]","[3, 7]",0,0,0,1,1,0,0,0,0,12,28
2024010551390,2024,010551390,532002,175572,-0.10118,51.46373,3,3,6,18:23,-1,E09000022,4,2,1,0,1,"[99, 2]",9,9,"[8, 99]",9,99,1,0,0,0,0,0,12,27
2024010551394,2024,010551394,534956,184879,-0.05512,51.54667,3,3,6,18:09,-1,E09000012,3,2,1,0,1,9,1,7,0,0,0,0,0,0,1,0,1,12,27
2024010551404,2024,010551404,518452,185252,-0.29289,51.55373,2,"[3, 2]",7,20:04,-1,E09000005,3,2,2,0,1,19,7,3,0,0,0,0,0,1,0,0,1,12,28
2024010551406,2024,010551406,513271,186500,-0.36718,51.56601,3,3,7,14:15,-1,E09000015,3,0,1,1,1,"[3, 19]","[7, 5]","[3, 1]",0,"[4, 0]","[2, 0]",1,0,0,0,0,0,12,28
2024010551407,2024,010551407,516010,174808,-0.33153,51.46037,3,3,4,19:09,-1,E09000018,3,2,9,-1,1,4,1,5,99,9,99,1,0,1,0,0,0,12,25
2024010551409,2024,010551409,518162,184017,-0.29748,51.54269,3,3,7,10:40,-1,E09000005,3,0,1,0,1,99,9,9,99,9,99,1,1,0,0,0,0,12,28
2024010551414,2024,010551414,548245,176101,0.1327,51.46447,3,3,7,18:20,-1,E09000004,5,2,8,1,1,"[9, 19]","[5, 1]","[2, 5]",0,0,0,1,0,1,0,0,1,12,28
2024010551415,2024,010551415,553914,187193,0.21908,51.56262,3,3,7,20:45,-1,E09000016,3,2,1,0,1,19,3,7,0,0,0,1,0,0,0,0,1,12,28
2024010551417,2024,010551417,522163,188236,-0.23835,51.57976,3,3,7,17:50,-1,E09000003,3,2,1,1,1,19,1,5,0,0,0,1,0,0,0,0,1,12,28
2024010551418,2024,010551418,535259,196321,-0.04635,51.64942,3,3,7,21:40,-1,E09000010,3,2,1,0,1,"[9, 19]","[5, 1]","[3, 5]",0,0,0,1,1,0,0,0,0,12,28
2024010551422,2024,010551422,542710,188985,0.05829,51.58166,3,3,7,22:53,-1,E09000026,3,2,1,0,1,99,9,9,99,9,99,1,0,0,0,0,0,12,28
2024010551423,2024,010551423,537034,181756,-0.02639,51.51811,3,3,7,22:10,-1,E09000030,4,2,1,0,1,99,9,9,99,9,99,1,0,0,0,0,0,12,28
2024010551427,2024,010551427,522100,184715,-0.24048,51.54813,3,3,7,23:21,-1,E09000005,3,2,8,0,1,"[9, 19]","[1, 5]","[6, 1]",0,0,0,0,0,1,1,0,0,12,28
2024010551435,2024,010551435,533547,168146,-0.08175,51.39664,2,2,1,00:03,-1,E09000008,3,2,1,0,1,19,"[3, 1]","[7, 5]",0,"[0, 1]","[0, 1]",1,0,1,0,0,0,12,29
2024010551439,2024,010551439,512715,183820,-0.37606,51.54203,3,3,7,10:08,-1,E09000009,3,2,1,0,1,99,9,9,99,9,99,1,0,0,1,0,0,12,28
2024010551442,2024,010551442,531078,174897,-0.11472,51.45788,3,3,1,02:15,-1,E09000022,3,2,1,0,1,"[19, 7]","[1, 2]",5,0,0,0,1,0,0,0,0,0,12,29
2024010551445,2024,010551445,524022,188542,-0.21143,51.5821,2,2,1,03:15,-1,E09000003,3,2,1,0,1,19,7,3,0,0,0,0,0,1,0,0,0,12,29
2024010551448,2024,010551448,534956,170585,-0.06058,51.41822,3,3,7,21:30,-1,E09000006,6,2,1,0,1,9,5,3,0,0,0,1,0,0,0,0,1,12,28
2024010551450,2024,010551450,533357,182286,-0.07915,51.52375,3,3,1,05:21,-1,E09000012,3,2,1,0,1,"[6, 19]","[3, 7]",3,0,0,0,1,0,0,0,0,0,12,29
2024010551451,2024,010551451,533286,168068,-0.08553,51.396,3,3,1,06:33,-1,E09000008,6,2,7,1,1,99,9,9,99,9,99,1,0,0,0,0,0,12,29
2024010551457,2024,010551457,519129,171688,-0.2877,51.43168,2,2,1,09:20,-1,E09000027,6,0,1,1,2,19,2,6,0,0,0,0,1,0,0,0,0,12,29
2024010551462,2024,010551462,541057,177112,0.0297,51.47539,3,3,1,11:19,-1,E09000011,3,0,1,1,1,"[19, 13, 10]","[1, 7, 3]","[5, 3, 1]",0,0,0,1,0,0,0,0,0,12,29
2024010551463,2024,010551463,548646,187844,0.14342,51.56988,3,3,1,06:27,-1,E09000002,3,2,9,1,1,"[-1, 2]","[5, 0]","[1, 0]","[4, 0]",0,0,1,0,0,0,0,0,12,29
2024010551471,2024,010551471,524328,163242,-0.21591,51.35466,3,3,1,11:28,-1,E09000029,4,0,1,0,1,"[19, 7, 15]",5,"[1, 7]",0,"[0, 1]",0,1,0,1,0,0,0,12,29
2024010551474,2024,010551474,544009,178918,0.07291,51.49088,3,3,1,13:50,-1,E09000011,3,0,1,0,1,"[9, 5]","[7, 3]","[5, 7]",0,0,0,1,0,0,1,0,0,12,29
2024010551477,2024,010551477,531905,171825,-0.10397,51.43008,3,3,1,12:24,-1,E09000022,3,0,1,0,1,3,5,1,0,0,0,0,0,0,1,0,0,12,29
2024010551478,2024,010551478,515565,177418,-0.33708,51.48392,3,3,1,09:20,-1,E09000018,6,0,8,1,1,19,5,1,0,3,11,1,0,0,0,0,0,12,29
2024010551482,2024,010551482,536565,178748,-0.03431,51.49119,3,3,4,02:17,-1,E09000023,4,2,1,0,1,"[4, 19]",5,1,11,0,0,0,1,1,0,0,0,12,25
2024010551486,2024,010551486,531540,190655,-0.1022,51.59939,3,3,1,14:17,-1,E09000014,3,0,1,0,1,14,3,7,0,0,0,0,0,1,0,0,1,12,29
2024010551488,2024,010551488,527203,195347,-0.16308,51.64255,3,3,7,13:20,-1,E09000003,4,0,1,1,1,99,9,9,99,9,99,1,1,0,0,0,0,12,28
2024010551489,2024,010551489,534152,176713,-0.06982,51.47348,2,2,1,15:18,-1,E09000028,3,0,1,0,1,5,3,7,0,0,0,1,0,0,0,0,1,12,29
2024010551491,2024,010551491,538202,184906,-0.00833,51.54613,3,3,1,14:15,-1,E09000025,6,0,1,0,2,99,9,9,99,9,99,0,0,0,0,0,1,12,29
2024010551497,2024,010551497,535259,195724,-0.04658,51.64406,3,3,1,16:37,-1,E09000010,3,2,1,0,1,-1,"[3, 5]","[7, 1]",0,0,0,1,0,0,0,0,0,12,29
2024010551498,2024,010551498,525423,179510,-0.19444,51.50062,2,2,7,16:52,-1,E09000020,3,0,1,0,1,"[7, 19]",9,9,99,9,99,1,1,0,0,0,0,12,28
2024010551503,2024,010551503,528309,174770,-0.1546,51.45738,3,3,1,15:10,-1,E09000032,3,0,9,0,1,19,5,1,0,0,0,1,0,0,0,0,0,12,29
2024010551507,2024,010551507,532748,189809,-0.08509,51.5915,3,3,1,17:00,-1,E09000014,6,2,1,0,1,"[2, 19]","[0, 5]","[0, 1]","[0, 4]","[7, 0]","[4, 0]",1,0,0,0,0,0,12,29
2024010551511,2024,010551511,519458,191939,-0.27611,51.61361,2,2,1,18:35,-1,E09000003,3,2,1,0,1,9,1,6,0,0,0,0,0,0,1,0,1,12,29
2024010551520,2024,010551520,533006,174330,-0.0872,51.45234,3,3,1,16:45,-1,E09000028,5,2,1,0,1,"[4, 19]",5,1,0,0,0,1,0,1,0,0,0,12,29
2024010551523,2024,010551523,538360,181114,-0.00754,51.51202,2,2,1,13:25,-1,E09000030,3,0,1,0,1,19,1,5,0,0,0,0,0,1,0,0,0,12,29
2024010551528,2024,010551528,537827,162929,-0.02229,51.34873,2,2,1,20:15,-1,E09000008,5,2,7,1,1,"[5, 19]","[0, 5]","[5, 1]",0,0,0,1,0,0,0,0,0,12,29
2024010551530,2024,010551530,529585,189225,-0.13094,51.58699,3,3,1,17:38,-1,E09000014,3,2,1,0,1,19,4,8,0,0,0,1,0,0,0,0,1,12,29
2024010551534,2024,010551534,528282,172817,-0.1557,51.43983,3,3,1,19:10,-1,E09000032,3,2,1,0,1,19,1,5,0,0,0,0,1,1,0,0,0,12,29
2024010551538,2024,010551538,534860,183496,-0.05704,51.53427,3,3,7,15:35,-1,E09000030,3,0,1,0,1,99,9,9,99,9,99,1,1,0,0,0,0,12,28
2024010551547,2024,010551547,542448,190111,0.05497,51.59185,3,3,1,19:07,-1,E09000026,5,2,1,0,1,99,9,9,99,9,99,1,0,0,0,0,0,12,29
2024010551548,2024,010551548,544576,167218,0.0763,51.3856,3,3,1,19:45,-1,E09000006,5,2,1,0,1,19,"[1, 7]","[5, 3]",0,0,0,1,0,0,0,0,0,12,29
2024010551550,2024,010551550,538169,180929,-0.01037,51.5104,2,2,1,22:12,-1,E09000030,3,2,1,0,1,19,1,5,11,4,2,0,0,1,0,0,0,12,29
2024010551552,2024,010551552,528946,179106,-0.14386,51.4962,3,3,1,23:30,-1,E09000033,6,2,1,0,1,4,1,5,0,0,0,0,0,0,1,0,0,12,29
2024010551555,2024,010551555,510110,178676,-0.41521,51.49631,3,3,2,05:14,-1,E09000017,6,2,1,0,1,"[3, 1]","[1, 5]","[5, 1]",0,0,0,1,0,0,0,0,0,12,30
2024010551557,2024,010551557,549329,185812,0.1524,51.55144,3,3,2,00:40,-1,E09000002,5,2,9,0,1,"[9, 6]",5,"[3, 5]","[0, 4]",0,0,1,0,1,0,0,0,12,30
2024010551558,2024,010551558,537399,198716,-0.0145,51.67042,3,3,2,06:13,-1,E09000010,6,2,1,0,1,99,9,9,99,9,99,1,0,0,0,0,0,12,30
2024010551560,2024,010551560,537215,181792,-0.02377,51.51839,3,3,6,17:00,-1,E09000030,4,2,1,0,1,99,9,9,99,9,99,1,0,1,0,0,0,12,27
2024010551562,2024,010551562,530077,187487,-0.12448,51.57126,2,2,3,08:50,-1,E09000019,3,0,1,0,1,19,1,5,0,0,0,0,1,0,0,0,1,12,10
2024010551566,2024,010551566,536235,170478,-0.04224,51.41696,3,3,7,11:11,-1,E09000006,6,0,1,0,1,99,9,9,99,9,99,1,0,1,0,0,0,12,28
2024010551567,2024,010551567,522949,184421,-0.22835,51.5453,3,3,7,22:50,-1,E09000005,5,2,1,0,1,99,9,9,99,9,99,1,0,1,0,0,0,12,28
2024010551572,2024,010551572,539178,165415,-0.00193,51.37075,2,2,4,07:30,-1,E09000006,3,0,9,-1,1,99,9,9,99,9,99,1,0,0,0,0,1,12,18
2024010551577,2024,010551577,513414,186253,-0.3652,51.56376,3,3,2,10:48,-1,E09000015,3,0,1,0,1,19,1,5,0,0,0,1,0,1,0,0,0,12,30
2024010551584,2024,010551584,526627,194753,-0.17161,51.63734,3,3,2,11:22,-1,E09000003,6,0,1,0,1,19,6,2,10,1,2,1,0,0,0,0,0,12,30
2024010551594,2024,010551594,515910,188150,-0.32858,51.5803,2,2,2,13:30,-1,E09000015,3,0,1,0,1,"[7, 8]",6,8,0,0,0,1,0,1,0,0,0,12,30
2024010551596,2024,010551596,531109,174601,-0.11439,51.45522,3,3,2,13:50,-1,E09000022,5,0,9,0,1,19,"[7, 5]","[3, 1]",0,0,0,1,0,0,0,0,0,12,30
2024010551599,2024,010551599,550829,187874,0.1749,51.56957,3,3,2,14:54,-1,E09000016,5,0,1,0,1,19,"[5, 3]","[3, 7]",0,0,0,1,0,0,1,0,0,12,30
2024010551600,2024,010551600,530219,186252,-0.12289,51.56012,2,2,2,11:35,-1,E09000019,3,0,1,0,1,"[3, 19]",5,1,"[0, 4]","[0, 1]",0,1,1,0,0,0,0,12,30
2024010551603,2024,010551603,540491,181754,0.0234,51.51724,3,3,6,16:10,-1,E09000025,3,0,9,-1,1,99,9,9,99,9,99,1,0,0,0,0,0,12,27
2024010551605,2024,010551605,534695,176124,-0.06223,51.46806,3,3,6,18:00,-1,E09000028,6,2,9,-1,1,99,9,9,99,9,99,1,0,1,0,0,0,12,27
2024010551606,2024,010551606,531558,172259,-0.1088,51.43407,3,3,1,14:00,-1,E09000022,6,0,9,-1,1,99,9,9,99,9,99,1,0,1,0,0,0,12,29
2024010551609,2024,010551609,519328,166240,-0.28667,51.38267,3,3,2,10:00,-1,E09000021,3,0,1,0,1,99,9,9,99,9,99,1,0,1,0,0,0,12,30
2024010551610,2024,010551610,523076,186756,-0.2257,51.56626,2,2,2,15:29,-1,E09000003,6,0,1,0,1,9,4,3,0,0,0,0,0,0,1,0,1,12,30
2024010551622,2024,010551622,530799,169575,-0.1207,51.41012,3,3,2,14:10,-1,E09000008,5,0,8,0,1,"[9, 19]","[3, 6]","[8, 2]",0,0,0,1,1,0,0,0,0,12,30
2024010551623,2024,010551623,532360,166015,-0.0996,51.37777,3,3,3,12:54,-1,E09000008,3,0,1,0,1,99,9,9,99,9,99,1,0,0,0,0,0,12,24
2024010551630,2024,010551630,528422,169989,-0.15471,51.41438,2,2,2,17:20,-1,E09000024,3,2,1,0,1,19,1,5,0,0,0,1,0,1,0,0,0,12,30
2024010551642,2024,010551642,544740,186103,0.08638,51.55525,3,3,2,19:20,-1,E09000026,6,2,1,0,1,99,9,9,"[0, 99]","[0, 9]","[0, 99]",1,0,0,0,0,0,12,30
2024010551646,2024,010551646,533832,189535,-0.06955,51.58878,3,3,2,18:35,-1,E09000014,3,2,1,0,1,19,5,1,0,0,0,1,0,0,0,0,0,12,30
2024010551654,2024,010551654,532415,164597,-0.09933,51.36501,3,3,2,21:22,-1,E09000008,4,2,9,0,1,19,4,8,0,0,0,0,1,0,0,0,1,12,30
2024010551655,2024,010551655,527031,171704,-0.17409,51.43011,3,3,2,21:28,-1,E09000032,3,2,1,0,1,99,9,9,99,9,99,1,0,0,0,0,1,12,30
2024010551658,2024,010551658,524948,169091,-0.20495,51.40709,3,3,2,21:37,-1,E09000024,6,2,1,0,1,"[2, 5]","[0, 1]","[0, 5]","[0, 4]",0,0,1,1,0,0,0,0,12,30
2024010551661,2024,010551661,541390,178609,0.03509,51.48876,3,3,2,19:10,-1,E09000011,3,2,1,0,1,4,3,7,0,0,0,1,0,0,0,0,0,12,30
2024010551662,2024,010551662,536071,169667,-0.04491,51.40971,2,2,2,18:45,-1,E09000006,3,2,1,0,1,"[-1, 9]","[7, 1]","[3, 7]",0,0,0,1,0,1,0,0,0,12,30
2024010551663,2024,010551663,526976,175212,-0.17362,51.46165,3,3,1,17:55,-1,E09000032,3,2,1,0,1,99,9,9,99,9,99,1,0,0,1,0,0,12,29
2024010551664,2024,010551664,532399,166491,-0.09886,51.38203,3,3,2,17:45,-1,E09000008,3,2,1,0,1,99,9,9,99,9,99,1,1,0,0,0,0,12,30
2024010551678,2024,010551678,517839,186940,-0.30116,51.56903,2,2,2,23:02,-1,E09000005,6,2,1,0,1,"[19, 2]","[3, 0]","[7, 0]","[4, 0]","[1, 0]",0,1,0,1,0,0,0,12,30
2024010551681,2024,010551681,533640,188695,-0.07264,51.58128,3,3,2,21:52,-1,E09000014,3,2,1,0,1,19,5,1,0,0,0,0,0,1,0,0,0,12,30
2024010551691,2024,010551691,532174,171575,-0.1002,51.42778,3,3,1,17:02,-1,E09000022,4,2,9,-1,1,"[3, 99]",9,9,99,9,99,1,0,1,0,0,0,12,29
2024010551692,2024,010551692,523423,179764,-0.22315,51.50334,3,3,3,08:30,-1,E09000013,3,0,2,0,1,19,1,5,0,0,0,1,0,0,0,0,1,12,31
2024010551694,2024,010551694,526033,171512,-0.1885,51.42861,3,3,2,22:08,-1,E09000024,4,2,9,0,1,99,9,9,99,9,99,0,1,0,0,0,0,12,30
2024010551696,2024,010551696,531651,180504,-0.10439,51.50814,3,3,6,18:00,-1,E09000028,3,0,4,0,1,19,1,5,99,9,99,1,0,0,0,0,1,12,13
2024010551700,2024,010551700,529078,181070,-0.14124,51.51382,3,3,3,09:15,-1,E09000033,3,0,1,0,1,99,9,9,99,9,99,0,1,1,0,0,0,12,31
2024010551703,2024,010551703,537700,173652,-0.01995,51.44513,3,3,3,10:35,-1,E09000023,3,0,8,0,1,5,5,1,0,0,0,1,0,1,0,0,0,12,31
2024010551707,2024,010551707,532553,163346,-0.09782,51.35374,3,3,3,11:08,-1,E09000008,3,0,8,1,1,-1,1,5,0,0,0,1,0,1,0,0,0,12,31
2024010551712,2024,010551712,518153,169245,-0.30255,51.40993,2,2,3,10:02,-1,E09000021,5,0,1,0,1,3,1,5,0,0,0,0,0,0,1,0,0,12,31
2024010551713,2024,010551713,517755,174553,-0.30651,51.45772,3,3,3,11:15,-1,E09000027,3,0,1,0,1,19,7,3,0,0,0,1,0,0,0,0,1,12,31
2024010551715,2024,010551715,533044,190024,-0.08073,51.59336,3,3,3,12:18,-1,E09000014,6,0,1,0,1,"[-1, 3]","[5, 1]","[1, 5]","[4, 0]",0,0,1,0,0,1,0,0,12,31
2024010551720,2024,010551720,510903,180443,-0.40324,51.51204,3,3,2,19:40,-1,E09000017,3,2,1,0,1,19,1,5,"[0, 10]",0,0,1,0,1,0,0,0,12,30
2024010551723,2024,010551723,536013,199732,-0.03413,51.67989,3,3,2,12:30,-1,E09000010,3,0,1,0,1,99,9,9,99,9,99,1,0,0,1,0,0,12,30
2024010551724,2024,010551724,551451,187814,0.18385,51.56886,2,2,2,18:43,-1,E09000016,3,2,1,0,1,99,9,9,"[8, 99]",9,99,1,0,1,0,0,0,12,23
2024010551725,2024,010551725,531115,192852,-0.10751,51.61923,3,3,7,08:45,-1,E09000010,3,0,1,0,1,99,9,9,99,9,99,0,1,0,0,0,1,12,28
2024010551728,2024,010551728,515666,188523,-0.33198,51.5837,3,3,6,18:30,-1,E09000015,3,2,1,0,1,99,9,9,99,9,99,1,0,0,0,0,0,12,27
2024010551732,2024,010551732,530547,178990,-0.12085,51.49479,2,2,1,19:49,-1,E09000022,3,2,9,-1,1,19,1,5,99,9,99,0,0,0,0,0,1,12,8
2024010551736,2024,010551736,533472,183063,-0.0772,51.53071,2,"[2, 3]",7,14:40,-1,E09000012,3,0,9,-1,1,99,9,9,99,9,99,0,1,0,0,0,0,12,7
2024010551738,2024,010551738,532746,184823,-0.087,51.54669,3,3,3,10:40,-1,E09000019,3,0,1,0,1,99,9,9,99,9,99,1,1,0,0,0,0,12,31
2024010551740,2024,010551740,553410,190526,0.21327,51.5927,3,3,3,16:45,-1,E09000016,3,2,1,0,1,"[5, 19]","[3, 1]","[7, 5]",0,0,0,1,0,0,0,0,0,12,31
2024010551744,2024,010551744,543363,186132,0.06655,51.55586,3,3,6,16:35,-1,E09000026,3,2,5,1,1,99,9,9,99,9,99,1,0,0,1,0,0,12,20
2024010551746,2024,010551746,535079,192178,-0.05055,51.61223,1,1,3,12:44,-1,E09000010,6,0,1,0,1,11,3,7,10,1,7,1,0,0,0,0,1,12,31
2024010551747,2024,010551747,542242,171888,0.04465,51.42815,3,3,3,15:48,-1,E09000006,6,0,1,0,1,5,1,5,0,0,0,1,0,0,0,0,1,12,31
2024010551749,2024,010551749,526041,181664,-0.18477,51.51984,3,3,3,17:10,-1,E09000033,3,2,1,0,1,"[2, 3]","[0, 5]","[0, 1]","[0, 4]",0,0,1,0,1,0,0,0,12,31
2024010551754,2024,010551754,521852,180683,-0.24545,51.51194,3,3,3,15:10,-1,E09000013,6,0,1,0,1,"[2, 19, 5]","[0, 8]","[0, 4]",0,0,0,1,0,1,0,0,0,12,31
2024010551759,2024,010551759,517493,169641,-0.3119,51.41362,3,3,3,17:09,-1,E09000027,3,2,1,0,1,"[19, 14]",5,1,0,0,0,1,0,1,0,0,0,12,31
2024010551761,2024,010551761,547093,168698,0.11306,51.39825,2,2,3,19:45,-1,E09000006,3,2,1,0,1,19,"[7, 3]","[3, 7]","[0, 10]","[0, 7]","[0, 4]",1,0,0,0,0,0,12,31