collision_index,collision_year,collision_ref_no,location_easting_osgr,location_northing_osgr,longitude,latitude,casualty_severity,casualty_severity,day_of_week,time,local_authority_district,local_authority_ons_district,first_road_class,light_conditions,weather_conditions,road_surface_conditions,urban_or_rural_area,vehicle_manoeuvre,vehicle_direction_from,vehicle_direction_to,hit_object_in_carriageway,vehicle_leaving_carriageway,hit_object_off_carriageway,is_car,is_cyle,is_mcyle,is_goodsv,is_other,is_pedestrian,month,day
2024011505622,2024,011505622,527787,161127,-0.16702,51.33488,3,3,6,07:25,-1,E09000029,3,0,1,0,1,-1,"[7, 2]","[3, 6]",0,0,0,1,0,0,0,0,0,10,18
2024011507926,2024,011507926,533668,180264,-0.07544,51.50551,3,3,6,00:40,-1,E09000028,3,2,1,0,2,19,5,1,0,0,0,0,1,1,0,0,0,4,12
2024011510863,2024,011510863,533736,181276,-0.07407,51.51459,3,3,1,19:05,-1,E09000030,3,0,1,0,1,"[19, 4]",1,5,0,0,0,1,0,1,0,0,0,5,5
2024011513158,2024,011513158,558580,188387,0.28688,51.57205,3,3,4,15:39,-1,E09000016,3,0,1,0,2,"[19, 4, 5]","[1, 2, 8]",6,0,0,0,1,0,0,0,0,0,11,6
2024011563672,2024,011563672,533735,180440,-0.07441,51.50707,2,2,7,15:00,-1,E09000030,3,0,1,0,1,15,5,1,0,0,0,0,1,0,0,0,1,8,10
2024011563928,2024,011563928,532773,180378,-0.08828,51.50674,2,2,3,17:19,-1,E09000028,3,0,1,0,1,"[2, 19]","[0, 5]","[0, 1]",0,0,0,0,1,0,1,0,0,8,20
2024011563966,2024,011563966,533717,180748,-0.07455,51.50985,2,2,6,01:31,-1,E09000030,3,0,1,0,1,19,5,1,0,0,0,1,0,0,0,0,1,8,23
2024011564369,2024,011564369,533691,180753,-0.07492,51.5099,3,3,7,16:05,-1,E09000030,3,0,1,0,1,"[15, 19]",7,3,0,0,0,1,0,0,0,0,0,9,14
2024011566704,2024,011566704,531242,181592,-0.10988,51.51801,2,2,7,12:20,-1,E09000007,3,0,1,0,1,"[6, 19]",7,"[7, 3]",0,0,0,1,0,1,0,0,0,10,5
2024011569308,2024,011569308,533673,180268,-0.07536,51.50554,3,3,5,15:10,-1,E09000030,3,0,1,0,2,"[6, 19]",1,"[1, 5]",0,0,0,1,1,0,0,0,0,11,7
2024011570196,2024,011570196,533387,181935,-0.07885,51.52059,3,3,5,23:49,-1,E09000030,3,2,1,0,1,"[3, 19]",1,5,0,0,0,1,1,0,0,0,0,12,19
2024031393709,2024,031393709,340785,553595,-2.9243,54.8736,3,3,2,17:24,-1,E06000063,6,2,1,1,1,"[9, 19]","[1, 4]","[6, 1]",0,0,0,1,1,0,0,0,0,1,1
2024031393713,2024,031393713,341046,554956,-2.92052,54.88586,3,3,2,15:20,-1,E06000063,6,0,1,1,1,"[5, -1]","[4, 3]",8,"[0, -1]","[0, -1]",0,1,0,1,0,0,1,1,1
2024031393721,2024,031393721,297900,515641,-3.57907,54.52573,3,3,2,03:00,-1,E06000063,6,2,1,1,1,"[2, 19]","[0, 5]","[0, 1]",0,0,0,1,1,0,0,0,0,1,1
2024031393911,2024,031393911,347442,485406,-2.80836,54.2616,1,1,3,09:02,-1,E06000064,3,0,1,1,2,19,3,7,0,0,0,1,0,0,1,0,0,1,2
2024031394083,2024,031394083,352570,476642,-2.72825,54.18335,3,3,3,19:47,-1,E06000064,1,2,2,1,2,19,2,6,0,1,10,1,0,0,0,0,0,1,2
2024031394100,2024,031394100,340547,555394,-2.92838,54.88973,2,2,3,19:45,-1,E06000063,3,2,2,1,1,"[12, 19]",4,8,0,0,0,1,1,0,0,0,0,1,2
2024031394877,2024,031394877,329329,478571,-3.08476,54.198,3,3,5,14:33,-1,E06000064,3,0,1,1,1,19,6,2,11,2,2,1,0,0,0,0,0,1,4
2024031395225,2024,031395225,307106,531701,-3.44197,54.67178,3,3,5,15:44,-1,E06000063,6,0,1,0,2,19,7,3,0,0,0,1,0,0,0,0,1,1,4
2024031395272,2024,031395272,342684,557544,-2.8955,54.9093,3,3,6,18:20,-1,E06000063,1,2,1,1,2,19,5,1,0,0,0,1,0,0,1,0,0,1,5
2024031395290,2024,031395290,335820,564127,-3.00402,54.96761,3,3,6,06:00,-1,E06000063,6,2,7,1,2,7,1,3,0,3,9,1,0,0,0,0,0,1,5
2024031395314,2024,031395314,328776,472208,-3.09173,54.14075,2,"[2, 3]",6,22:15,-1,E06000064,3,2,1,1,2,19,3,6,10,1,11,1,0,0,0,0,0,1,5
2024031395409,2024,031395409,353482,561173,-2.72769,54.94304,2,"[3, 2]",7,09:40,-1,E06000063,3,0,7,1,2,"[9, 19]","[7, 3]","[3, 7]",0,0,0,1,0,0,0,0,0,1,6
2024031395415,2024,031395415,377530,496618,-2.34732,54.36458,3,3,7,10:23,-1,E06000064,4,0,7,1,2,19,5,8,0,0,0,1,0,0,0,0,0,1,6
2024031395434,2024,031395434,323941,474754,-3.16637,54.16293,3,3,7,12:34,-1,E06000064,6,0,1,0,2,"[13, 9]",4,8,0,0,0,1,0,0,0,0,0,1,6
2024031395558,2024,031395558,328390,546058,-3.11555,54.80426,2,2,1,09:30,-1,E06000063,4,0,7,2,2,19,4,4,0,0,0,1,0,0,0,0,0,1,7
2024031395727,2024,031395727,300592,527272,-3.54144,54.63075,2,2,2,06:11,-1,E06000063,6,2,1,2,1,5,1,3,0,0,0,0,0,1,0,0,0,1,8
2024031396131,2024,031396131,345219,577593,-2.85981,55.08973,3,3,6,22:15,-1,E06000063,6,2,7,2,2,19,3,6,0,7,0,1,0,0,0,0,0,1,5
2024031396552,2024,031396552,319403,471534,-3.23499,54.13331,3,3,3,20:31,-1,E06000064,6,2,1,0,2,"[9, 19]","[3, 1]","[1, 6]",0,0,0,1,0,0,0,0,0,1,9
2024031397090,2024,031397090,313807,481408,-3.32344,54.22112,3,3,5,07:15,-1,E06000063,3,2,1,1,2,19,"[1, 5]","[5, 1]",0,0,0,1,0,0,0,0,0,1,11
2024031397213,2024,031397213,330518,524329,-3.07727,54.60932,1,"[3, 1]",5,08:51,-1,E06000063,3,0,1,0,2,19,"[2, 7]","[2, 6]",0,"[0, 7]",0,1,0,0,0,1,0,1,11
2024031397709,2024,031397709,352699,492108,-2.72872,54.32235,3,3,6,15:38,-1,E06000064,6,0,1,0,1,19,3,7,0,0,0,1,0,0,0,0,1,1,12
2024031397919,2024,031397919,355551,519570,-2.68901,54.56939,3,3,7,11:50,-1,E06000064,1,0,1,0,2,19,1,5,0,1,11,1,0,0,0,0,0,1,13
2024031397927,2024,031397927,346412,546571,-2.83532,54.81112,2,"[3, 2]",7,07:40,-1,E06000064,3,2,1,1,2,"[2, 10, 19]","[0, 7, 5]","[0, 3, 1]",0,0,0,1,0,0,0,0,0,1,13
2024031398016,2024,031398016,298983,528205,-3.56667,54.63881,2,2,6,20:45,-1,E06000063,6,2,1,0,2,19,5,1,0,0,0,1,0,0,0,0,1,1,12
2024031398024,2024,031398024,319620,469398,-3.2311,54.11415,2,2,7,17:06,-1,E06000064,6,2,1,0,1,19,"[6, 4]","[6, 4]",0,0,0,1,0,1,0,0,0,1,13
2024031398285,2024,031398285,343531,551614,-2.88113,54.85612,3,3,1,20:51,-1,E06000063,6,2,1,2,2,19,"[4, 8]","[8, 4]",0,"[0, 1]",0,1,0,0,0,0,0,1,14
2024031398490,2024,031398490,352319,491248,-2.73443,54.31458,3,3,2,10:29,-1,E06000064,6,0,1,0,1,1,1,6,0,0,0,1,0,0,0,0,1,1,15
2024031398634,2024,031398634,351054,529245,-2.76018,54.65591,3,3,2,14:35,-1,E06000064,3,0,1,0,1,"[19, 9]","[1, 3]","[5, 7]",0,0,0,1,0,0,0,0,0,1,15
2024031398892,2024,031398892,307162,517153,-3.4365,54.5411,3,3,3,08:00,-1,E06000063,6,0,3,2,2,"[2, 19]","[5, 1]","[1, 5]","[0, 10]",0,0,1,0,0,0,0,1,1,16
2024031399036,2024,031399036,330687,483690,-3.06514,54.24419,2,2,2,14:15,-1,E06000064,3,0,1,2,2,19,2,6,0,0,0,0,0,0,0,1,0,1,15
2024031399391,2024,031399391,299061,519114,-3.56234,54.55716,3,3,4,08:50,-1,E06000063,6,0,8,2,2,19,8,2,0,0,0,1,0,0,0,0,1,1,17
2024031399651,2024,031399651,304770,502165,-3.46862,54.406,3,3,4,15:59,-1,E06000063,4,0,8,1,2,"[19, 2]",7,7,0,0,0,1,0,0,0,0,0,1,17
2024031400030,2024,031400030,302158,525678,-3.51665,54.61674,3,3,4,09:00,-1,E06000063,6,0,1,2,2,"[19, 10]","[4, 8]","[4, 6]",0,"[1, 0]",0,1,0,0,0,0,0,1,17
2024031400628,2024,031400628,299457,514654,-3.55469,54.51717,3,3,6,14:02,-1,E06000063,3,0,1,0,2,"[15, 10]",5,1,0,0,0,1,0,0,1,0,0,1,19
2024031400973,2024,031400973,337968,485161,-2.95373,54.25834,1,1,1,15:25,-1,E06000064,3,0,5,1,2,19,"[4, 7]","[8, 3]",0,"[0, 1]",0,1,0,0,1,0,0,1,21
2024031401028,2024,031401028,344041,545790,-2.87206,54.80384,3,3,1,23:30,-1,E06000064,1,2,5,1,2,19,8,5,0,1,4,0,0,0,1,0,0,1,21
2024031401142,2024,031401142,313837,481522,-3.32301,54.22214,3,3,2,07:00,-1,E06000063,3,2,2,1,2,19,"[1, 5]","[5, 1]",0,0,0,1,0,0,0,0,0,1,22
2024031401257,2024,031401257,345539,556435,-2.85077,54.89966,3,3,2,12:20,-1,E06000063,3,0,1,0,2,"[19, 9]","[3, 5]","[7, 3]",0,0,0,1,0,0,0,0,0,1,22
2024031401432,2024,031401432,351028,485392,-2.75331,54.26184,3,3,2,16:00,-1,E06000064,3,0,1,0,2,19,7,1,0,1,0,1,0,0,0,0,0,1,22
2024031401475,2024,031401475,318213,467876,-3.25221,54.10025,2,"[3, 2]",2,13:00,-1,E06000064,3,0,4,0,2,"[19, 3]","[3, 1]","[7, 3]",0,"[1, 0]",0,1,0,0,0,0,0,1,22
2024031401693,2024,031401693,305448,535909,-3.46904,54.70928,3,3,3,13:00,-1,E06000063,3,0,5,1,2,19,"[4, 7]","[7, 3]",0,0,0,1,0,0,0,0,0,1,23
2024031401824,2024,031401824,340213,556021,-2.93372,54.89533,3,3,3,15:22,-1,E06000063,6,0,8,1,1,19,5,1,0,0,0,1,0,0,0,0,1,1,23
2024031401831,2024,031401831,303600,536105,-3.49778,54.71069,2,2,3,19:16,-1,E06000063,6,2,5,1,2,7,5,7,0,0,0,1,0,0,0,0,1,1,23
2024031401850,2024,031401850,352463,492345,-2.73239,54.32445,2,2,3,17:45,-1,E06000064,6,2,5,1,1,19,8,4,0,0,0,1,0,0,0,0,1,1,23
2024031401862,2024,031401862,354764,521914,-2.70155,54.59038,3,3,3,21:20,-1,E06000064,1,2,5,1,2,19,5,1,7,1,0,0,0,0,1,0,0,1,23
2024031401872,2024,031401872,349019,535026,-2.79273,54.70765,3,3,4,00:36,-1,E06000064,1,2,5,1,2,19,7,5,0,1,0,0,0,0,1,0,0,1,24
2024031401986,2024,031401986,368414,520660,-2.49019,54.58015,3,3,6,08:45,-1,E06000064,6,0,1,1,2,4,2,6,0,0,0,1,0,0,0,0,1,1,19
2024031402187,2024,031402187,343152,554783,-2.88766,54.88455,3,3,2,16:45,-1,E06000063,6,2,5,1,1,7,5,7,0,7,11,1,0,0,0,0,1,1,22
2024031402463,2024,031402463,301337,509322,-3.52388,54.46964,3,3,4,16:55,-1,E06000063,3,0,1,0,2,15,1,5,0,0,0,1,0,0,0,0,0,1,24
2024031402540,2024,031402540,341990,553900,-2.90559,54.87648,3,3,5,12:20,-1,E06000063,3,0,1,1,1,"[7, 19]","[8, 3]","[3, 6]",0,0,0,1,0,0,0,0,0,1,25
2024031402678,2024,031402678,351648,491940,-2.74485,54.32074,2,2,7,18:44,-1,E06000064,3,2,8,-1,1,-1,-1,-1,-1,-1,0,1,0,0,0,0,1,1,20
2024031402842,2024,031402842,369467,519673,-2.47379,54.57135,3,3,6,09:05,-1,E06000064,4,0,1,0,2,"[19, 10]",3,7,0,"[0, 7]",0,1,0,0,0,0,0,1,26
2024031402912,2024,031402912,332982,552869,-3.04571,54.86609,3,3,6,11:45,-1,E06000063,6,0,1,0,2,19,3,5,0,1,4,1,0,0,0,0,0,1,26
2024031403007,2024,031403007,350585,528752,-2.76737,54.65143,3,3,6,14:02,-1,E06000064,3,0,1,0,2,"[19, 3]",7,3,0,0,0,1,0,0,0,0,0,1,26
2024031403289,2024,031403289,308090,531433,-3.42664,54.66956,2,"[3, 2]",7,13:57,-1,E06000063,6,0,1,0,2,19,"[3, 7]","[6, 7]",0,0,0,1,0,0,1,0,0,1,27
2024031403362,2024,031403362,363778,512139,-2.56086,54.50327,3,3,7,20:09,-1,E06000064,4,2,1,0,2,19,1,5,0,7,0,1,0,0,0,0,0,1,27
2024031403567,2024,031403567,341599,537427,-2.90836,54.72842,3,3,6,16:55,-1,E06000064,4,2,1,1,2,19,3,7,0,0,0,1,0,0,0,0,0,1,19
2024031403690,2024,031403690,299655,516041,-3.55211,54.52967,2,2,1,21:45,-1,E06000063,6,2,1,1,2,"[2, 19]","[0, 4]","[0, 8]","[0, 4]",0,0,1,0,1,0,0,0,1,28
2024031404002,2024,031404002,345348,527886,-2.84836,54.64311,3,3,2,12:56,-1,E06000064,3,0,2,1,2,19,7,3,0,1,0,1,0,0,0,0,0,1,29
2024031404237,2024,031404237,299101,520007,-3.56202,54.56519,3,3,3,06:30,-1,E06000063,6,2,2,1,2,19,1,5,0,1,0,1,0,0,0,0,0,1,30
2024031404312,2024,031404312,327660,559068,-3.13017,54.92104,3,3,3,11:00,-1,E06000063,6,0,1,0,2,19,8,4,12,0,0,0,0,1,0,0,0,1,30
2024031404379,2024,031404379,319905,469020,-3.22664,54.1108,2,2,3,12:32,-1,E06000064,6,0,1,0,1,"[7, 5]","[5, 3]","[1, 7]",0,"[1, 0]",0,1,0,1,0,0,0,1,30
2024031404414,2024,031404414,327222,544520,-3.13333,54.79027,3,3,2,18:50,-1,E06000063,6,2,2,1,2,19,8,4,0,1,0,1,0,0,0,0,0,1,29
2024031405310,2024,031405310,339342,559105,-2.94795,54.92293,3,3,5,17:27,-1,E06000063,6,2,1,1,1,"[9, 19]","[5, 6]","[1, 3]",10,1,0,1,0,0,0,0,0,2,1
2024031405907,2024,031405907,346880,550269,-2.82872,54.8444,3,3,7,14:39,-1,E06000063,6,0,1,0,2,19,"[4, 3]","[1, 7]",0,"[1, 0]",0,1,0,0,0,0,0,2,3
2024031406051,2024,031406051,299519,514568,-3.5537,54.51641,3,3,1,00:18,-1,E06000063,3,2,1,0,2,13,4,1,10,1,0,1,0,0,0,0,0,2,4
2024031406220,2024,031406220,350364,554282,-2.77517,54.88082,3,3,1,21:30,-1,E06000063,6,2,1,1,2,7,6,1,0,7,10,1,0,0,0,0,0,2,4
2024031406848,2024,031406848,354047,537979,-2.71517,54.73467,3,3,3,11:10,-1,E06000064,6,0,1,1,2,19,"[1, 5]","[5, 1]",0,"[0, 1]",0,1,0,0,0,1,0,2,6
2024031406994,2024,031406994,350118,487796,-2.76768,54.28335,2,2,3,21:10,-1,E06000064,3,2,1,0,2,19,5,1,0,2,0,1,0,0,0,0,0,2,6
2024031407428,2024,031407428,363500,525341,-2.56679,54.62188,3,3,5,02:42,-1,E06000064,3,2,1,1,2,19,5,8,0,0,0,0,0,0,1,0,0,2,8
2024031407847,2024,031407847,329655,521554,-3.08996,54.58427,2,2,7,07:22,-1,E06000063,3,0,1,0,2,19,3,3,0,7,0,1,0,0,0,0,0,2,3
2024031408193,2024,031408193,308640,529627,-3.41755,54.65343,3,3,6,18:38,-1,E06000063,6,2,2,1,2,19,5,1,0,0,0,1,0,0,0,0,0,2,9
2024031408237,2024,031408237,338803,476417,-2.93913,54.17987,2,2,6,21:02,-1,E06000064,4,2,2,1,2,19,6,5,0,0,0,1,0,0,0,0,0,2,9
2024031408356,2024,031408356,332898,556965,-3.04798,54.90288,3,3,7,11:00,-1,E06000063,4,0,8,0,2,-1,"[8, -1]","[6, -1]",-1,-1,0,1,1,0,0,0,0,2,10
2024031408436,2024,031408436,322036,524302,-3.20855,54.60784,3,3,7,16:01,-1,E06000063,4,0,1,1,2,19,"[3, 7]","[7, 3]",0,0,0,1,1,0,0,0,0,2,10
2024031408516,2024,031408516,355352,531557,-2.69392,54.67708,2,"[3, 2]",7,21:47,-1,E06000064,3,2,1,0,2,19,5,1,0,1,0,1,0,0,0,0,0,2,10
2024031408610,2024,031408610,329075,478077,-3.08854,54.19353,3,3,1,12:55,-1,E06000064,3,0,1,0,1,19,1,5,0,0,0,1,0,0,0,0,1,2,11
2024031409413,2024,031409413,345493,552280,-2.8507,54.86232,3,3,3,08:45,-1,E06000063,6,0,1,1,2,19,4,8,0,0,0,0,0,1,0,0,0,2,13
2024031409559,2024,031409559,339545,559117,-2.94479,54.92307,2,2,3,18:57,-1,E06000063,3,2,2,1,1,"[19, 9]","[5, 7]","[1, 5]",0,0,0,1,0,0,0,0,0,2,13
2024031409571,2024,031409571,350967,477541,-2.75296,54.19128,3,3,2,07:40,-1,E06000064,3,0,1,0,2,"[9, 13]",5,1,0,0,0,1,0,0,0,0,0,2,12
2024031410064,2024,031410064,354768,521698,-2.70145,54.58844,3,3,4,12:02,-1,E06000064,1,0,1,0,2,"[19, 4]",5,1,0,0,0,1,0,0,0,0,0,2,14
2024031410662,2024,031410662,333498,543742,-3.03557,54.78415,3,3,3,07:07,-1,E06000063,4,0,1,1,2,-1,"[5, -1]","[8, -1]",-1,-1,0,1,0,0,0,1,0,2,6
2024031411079,2024,031411079,345605,478740,-2.83535,54.20151,3,3,7,13:00,-1,E06000064,6,0,9,-1,2,-1,-1,-1,-1,-1,0,0,1,0,0,1,0,2,17
2024031411128,2024,031411128,327039,469522,-3.11767,54.11637,3,3,7,22:34,-1,E06000064,3,2,2,1,2,19,2,6,0,7,11,1,0,0,0,0,0,2,17
2024031411208,2024,031411208,298312,517179,-3.57324,54.53963,3,3,1,09:02,-1,E06000063,3,0,1,1,1,"[19, 9]","[5, 1]","[1, 5]",0,0,0,1,0,0,0,0,0,2,18
2024031411258,2024,031411258,302744,514579,-3.50391,54.51714,3,3,1,12:45,-1,E06000063,4,0,1,0,2,"[19, 7]","[8, 2]","[4, 7]",0,0,0,1,0,0,0,0,0,2,18
2024031411334,2024,031411334,326961,523285,-3.13207,54.59944,3,3,1,16:18,-1,E06000063,6,0,1,0,2,19,7,3,0,0,0,1,0,0,0,0,1,2,18
2024031411748,2024,031411748,336615,556241,-2.98986,54.89686,3,3,2,10:15,-1,E06000063,4,0,1,0,2,5,3,7,7,0,0,1,0,0,0,0,1,2,19
2024031412743,2024,031412743,340752,555635,-2.92524,54.89192,3,3,5,08:00,-1,E06000063,6,0,9,-1,1,7,6,8,0,0,0,1,0,0,0,0,1,2,22
2024031413413,2024,031413413,348678,541374,-2.79915,54.76466,3,3,6,11:10,-1,E06000064,6,0,1,0,2,1,6,2,0,0,0,1,0,0,0,0,1,2,23
2024031413666,2024,031413666,320694,468978,-3.21457,54.11054,2,2,7,14:20,-1,E06000064,6,0,1,0,1,7,8,3,0,0,0,1,0,0,0,0,1,2,24
2024031413714,2024,031413714,365412,505138,-2.5348,54.44047,3,3,7,17:14,-1,E06000064,3,2,1,0,2,"[3, 19]","[6, 3]","[1, 7]",0,0,0,1,0,0,0,1,0,2,24
2024031413992,2024,031413992,355849,547435,-2.68863,54.81981,3,3,4,14:55,-1,E06000064,6,0,1,1,2,4,1,5,0,1,0,1,0,0,0,0,0,2,14
2024031414083,2024,031414083,340281,554029,-2.93225,54.87744,3,3,2,07:00,-1,E06000063,6,0,1,0,1,5,3,7,0,0,0,1,0,0,0,0,1,2,26
2024031414184,2024,031414184,319488,471389,-3.23365,54.13202,3,3,2,08:45,-1,E06000064,6,0,1,0,1,19,1,5,0,0,0,1,0,0,0,0,1,2,26
2024031414518,2024,031414518,297869,515683,-3.57957,54.5261,2,2,5,18:45,-1,E06000063,6,2,2,1,1,14,5,1,0,0,0,1,0,0,0,0,1,2,22
2024031414654,2024,031414654,340652,499333,-2.91536,54.38601,3,3,3,08:30,-1,E06000064,3,0,2,1,2,19,"[8, 7]","[4, 2]",0,0,0,1,0,0,0,1,0,2,27
2024031415068,2024,031415068,300219,528235,-3.54754,54.63933,3,3,4,13:45,-1,E06000063,4,0,1,0,1,19,7,3,0,0,0,1,0,0,0,0,1,2,28
2024031415083,2024,031415083,298981,516310,-3.56261,54.53196,3,3,3,16:35,-1,E06000063,6,0,1,0,1,"[19, 9]","[6, 8]","[2, 6]",0,0,0,1,0,0,0,0,0,2,27
2024031415328,2024,031415328,340272,555710,-2.93274,54.89254,3,3,4,08:45,-1,E06000063,3,0,1,0,1,"[3, 5]",3,6,0,0,0,1,0,0,0,0,0,2,28
2024031415758,2024,031415758,322744,525566,-3.19793,54.61931,1,"[2, 1]",6,09:04,-1,E06000063,3,0,1,0,2,19,"[8, 5]","[4, 1]",0,0,0,1,0,0,0,0,0,3,1
2024031416095,2024,031416095,340992,553396,-2.92104,54.87184,3,3,1,19:15,-1,E06000063,6,2,1,0,1,5,1,1,10,1,0,1,0,0,0,0,1,2,25
2024031416266,2024,031416266,299313,521603,-3.55929,54.57957,3,3,7,16:26,-1,E06000063,3,0,2,1,2,4,1,5,0,0,0,1,0,0,0,0,0,3,2
2024031416424,2024,031416424,301568,514121,-3.52191,54.5128,3,3,7,23:00,-1,E06000063,6,2,1,1,2,4,5,1,12,0,0,1,0,0,0,0,0,3,2
2024031416425,2024,031416425,341978,555911,-2.90618,54.89455,3,3,1,11:20,-1,E06000063,3,0,1,0,2,"[4, 3]",3,7,0,0,0,1,0,0,0,0,0,3,3
2024031416502,2024,031416502,356454,561925,-2.68141,54.95006,2,"[3, 2]",7,12:00,-1,E06000063,3,0,1,-1,2,-1,-1,-1,-1,-1,0,1,0,0,0,0,0,3,2
2024031416574,2024,031416574,352871,482865,-2.72462,54.2393,3,3,1,17:54,-1,E06000064,3,2,1,0,2,19,7,3,0,2,7,1,0,0,0,0,0,3,3
2024031416655,2024,031416655,330679,547909,-3.0804,54.82121,2,2,2,08:30,-1,E06000063,6,0,1,2,2,19,5,3,0,1,0,1,0,0,0,0,0,3,4
2024031416685,2024,031416685,343827,532156,-2.87275,54.68131,2,2,2,08:00,-1,E06000064,6,0,1,1,2,19,"[1, 5]","[5, 8]",0,"[1, 0]",0,1,0,0,0,0,0,3,4
2024031416991,2024,031416991,300633,531854,-3.54236,54.67192,3,3,2,17:30,-1,E06000063,3,2,1,0,2,"[3, 6]","[2, 1]","[6, 5]",0,0,0,1,0,0,1,0,0,3,4
2024031417266,2024,031417266,328428,550375,-3.11603,54.84305,2,"[3, 2]",3,08:18,-1,E06000063,3,0,1,0,2,19,"[1, 6]","[6, 1]",0,"[7, 0]","[11, 0]",1,0,0,0,0,0,3,5
2024031417433,2024,031417433,297658,519217,-3.58406,54.5578,3,3,2,20:00,-1,E06000063,6,2,1,0,1,19,1,5,0,0,0,1,0,0,0,0,1,3,4
2024031417446,2024,031417446,317934,469203,-3.25683,54.11213,2,2,3,14:18,-1,E06000064,6,0,1,0,2,"[8, 19]",7,3,0,"[1, 0]",0,1,1,0,0,0,0,3,5
2024031417522,2024,031417522,301287,528634,-3.53113,54.64312,3,3,4,08:15,-1,E06000063,3,0,1,1,2,19,2,6,0,0,0,0,0,1,0,0,0,3,6
2024031417873,2024,031417873,321288,469323,-3.20557,54.11373,3,3,4,20:22,-1,E06000064,6,2,1,0,1,"[19, 2]","[3, 0, 1]","[1, 0, 7]",0,"[3, 0]","[11, 0]",1,0,0,0,0,1,3,6
2024031418067,2024,031418067,298263,515768,-3.57351,54.52694,3,3,5,10:21,-1,E06000063,6,0,1,0,1,"[2, 19]","[0, 1, 3]","[0, 5, 1]",0,0,0,1,0,0,0,0,0,3,7
2024031418511,2024,031418511,301743,530744,-3.52478,54.66217,3,3,6,14:05,-1,E06000063,6,0,1,0,1,"[4, 3]",2,7,0,0,0,1,0,0,0,0,0,3,8
2024031418643,2024,031418643,321184,469728,-3.20727,54.11736,3,3,6,19:00,-1,E06000064,6,2,1,0,1,19,6,1,0,0,0,1,0,0,0,0,1,3,8
2024031419517,2024,031419517,340206,556309,-2.93389,54.89792,2,2,6,11:45,-1,E06000063,3,0,1,0,1,19,8,4,0,0,0,0,0,1,0,0,0,3,8
2024031419593,2024,031419593,300525,528695,-3.54296,54.64352,3,3,2,23:24,-1,E06000063,3,2,1,0,1,"[19, 9]","[1, 6]","[5, 3]",0,0,0,1,0,0,0,0,0,3,11
2024031419719,2024,031419719,377405,509071,-2.3502,54.47649,3,3,3,08:10,-1,E06000064,6,0,2,1,2,9,"[8, 2]",6,0,0,0,1,0,1,0,0,0,3,12
2024031420213,2024,031420213,352160,493419,-2.73722,54.33408,3,3,4,10:35,-1,E06000064,3,0,2,1,1,"[19, 5]","[1, 3]",5,0,0,0,1,0,0,0,0,0,3,13
2024031420461,2024,031420461,320394,468911,-3.21914,54.10989,3,3,4,15:34,-1,E06000064,6,0,1,0,1,1,6,5,0,0,0,1,0,0,0,0,1,3,13
2024031420463,2024,031420463,328010,524061,-3.11602,54.60656,3,3,4,18:34,-1,E06000063,3,2,2,1,2,19,7,3,0,4,0,1,0,0,0,0,0,3,13
2024031420587,2024,031420587,339273,555896,-2.94835,54.89409,3,3,4,08:30,-1,E06000063,3,0,2,1,1,"[7, 19]","[7, 6]",2,0,0,0,1,1,0,0,0,0,3,13
2024031420844,2024,031420844,305704,504367,-3.45494,54.42596,3,3,5,17:43,-1,E06000063,3,0,2,1,2,"[19, 13]","[7, 8]",4,"[0, 10]",0,0,1,0,0,0,0,0,3,14
2024031421141,2024,031421141,298010,519340,-3.57866,54.55898,2,2,6,10:45,-1,E06000063,3,0,1,1,1,19,1,5,0,0,0,0,0,1,0,0,1,3,15
2024031421254,2024,031421254,338419,559260,-2.96238,54.92421,3,3,6,20:50,-1,E06000063,6,2,2,1,1,19,1,5,0,2,11,1,0,0,0,0,0,3,15
2024031421335,2024,031421335,338951,559921,-2.95422,54.93022,2,2,7,08:40,-1,E06000063,6,0,1,0,1,19,4,8,10,2,4,1,0,0,0,0,0,3,16
2024031421390,2024,031421390,340217,556009,-2.93366,54.89522,3,3,7,11:19,-1,E06000063,6,0,1,0,1,19,"[2, 5]",1,0,0,0,1,0,0,0,0,0,3,16
2024031421765,2024,031421765,302965,514473,-3.50046,54.51623,3,3,1,21:43,-1,E06000063,6,2,2,1,2,19,7,4,0,2,11,1,0,0,0,0,0,3,17
2024031422144,2024,031422144,309367,525551,-3.40502,54.61694,3,3,1,10:44,-1,E06000063,3,0,1,1,2,"[19, 5]","[5, 3, 1]","[7, 1, 5]",0,0,0,1,0,0,0,0,0,3,17
2024031422175,2024,031422175,359554,493033,-2.62347,54.33125,3,3,2,17:04,-1,E06000064,1,0,1,0,2,"[19, 9]","[2, 1]","[2, 1]",0,"[7, 0]",0,1,0,0,0,0,0,3,18
2024031422599,2024,031422599,317293,485114,-3.27101,54.25499,3,3,7,19:54,-1,E06000063,3,2,2,1,2,19,3,7,0,1,0,1,0,0,0,0,0,3,16
2024031423046,2024,031423046,310212,530952,-3.3936,54.66562,3,3,4,10:00,-1,E06000063,3,0,1,0,2,5,7,3,0,1,0,1,0,0,0,0,0,3,20
2024031423093,2024,031423093,302593,506804,-3.50367,54.44726,1,1,5,05:02,-1,E06000063,6,2,1,0,2,19,4,8,0,1,1,0,0,1,0,0,0,3,21
2024031423334,2024,031423334,352219,490525,-2.73585,54.30808,3,3,5,18:43,-1,E06000064,3,2,2,1,2,13,5,5,0,0,0,1,0,0,0,0,1,3,21