collision_index,collision_year,collision_ref_no,location_easting_osgr,location_northing_osgr,longitude,latitude,casualty_severity,casualty_severity,day_of_week,time,local_authority_district,local_authority_ons_district,first_road_class,light_conditions,weather_conditions,road_surface_conditions,urban_or_rural_area,vehicle_manoeuvre,vehicle_direction_from,vehicle_direction_to,hit_object_in_carriageway,vehicle_leaving_carriageway,hit_object_off_carriageway,is_car,is_cyle,is_mcyle,is_goodsv,is_other,is_pedestrian,month,day
2024031423370,2024,031423370,341251,495902,-2.90546,54.35525,3,3,5,19:33,-1,E06000064,4,2,2,1,2,19,3,7,0,1,4,1,0,0,0,0,0,3,21
2024031423392,2024,031423392,341344,498312,-2.9045,54.37691,3,3,5,12:36,-1,E06000064,6,0,1,1,2,19,8,4,0,0,0,1,0,0,0,0,1,3,21
2024031423803,2024,031423803,340623,554214,-2.92696,54.87914,2,2,6,22:21,-1,E06000063,6,2,2,1,1,"[19, 9]",8,"[4, 6]",0,"[0, 1]",0,1,1,0,0,0,0,3,22
2024031423809,2024,031423809,318543,486724,-3.25227,54.26966,2,2,6,21:41,-1,E06000063,3,2,1,0,2,19,2,6,0,7,4,1,0,0,0,0,0,3,22
2024031424095,2024,031424095,349823,481532,-2.77116,54.22703,2,2,4,07:50,-1,E06000064,4,0,9,0,2,-1,1,5,-1,-1,0,1,0,0,0,0,1,3,20
2024031424199,2024,031424199,355510,549573,-2.69424,54.83899,2,2,7,22:39,-1,E06000063,4,2,1,1,2,15,8,5,0,7,11,1,0,0,0,0,0,3,23
2024031424264,2024,031424264,321778,470547,-3.1984,54.12481,2,2,1,16:54,-1,E06000064,6,0,1,0,1,7,2,4,0,1,0,1,0,0,0,0,0,3,24
2024031424453,2024,031424453,306727,530076,-3.44733,54.65711,3,3,2,09:00,-1,E06000063,3,0,2,1,2,19,3,7,0,0,0,1,0,0,0,0,0,3,25
2024031424478,2024,031424478,339673,561915,-2.94338,54.94822,3,3,2,10:16,-1,E06000063,3,0,2,1,2,"[19, 4, 10]",5,1,0,0,0,1,0,0,0,0,0,3,25
2024031424722,2024,031424722,309379,525252,-3.40474,54.61426,3,3,2,17:45,-1,E06000063,3,0,2,1,2,19,1,5,0,1,4,1,0,0,0,0,0,3,25
2024031425125,2024,031425125,337982,568532,-2.97121,55.00747,2,2,3,17:00,-1,E06000063,3,0,1,0,2,"[6, 19]","[6, 5]","[3, 1]",0,0,0,1,0,0,0,0,0,3,26
2024031425561,2024,031425561,319970,469663,-3.22582,54.11658,3,3,4,20:15,-1,E06000064,6,2,1,1,1,19,"[1, 7]","[1, 3]",0,0,0,1,0,0,0,0,1,3,27
2024031425580,2024,031425580,347456,542655,-2.81837,54.77604,2,2,4,20:13,-1,E06000064,6,0,1,1,2,19,4,8,0,0,0,0,0,1,0,0,0,3,27
2024031425780,2024,031425780,317626,469404,-3.2616,54.11389,3,3,4,14:40,-1,E06000064,6,0,9,0,2,3,1,5,0,0,0,1,1,0,0,0,0,3,27
2024031425870,2024,031425870,340265,555620,-2.93283,54.89173,3,3,1,10:30,-1,E06000063,3,0,1,-1,1,-1,-1,-1,-1,-1,0,1,0,0,0,0,0,3,10
2024031425975,2024,031425975,320462,469505,-3.21825,54.11524,2,2,5,13:00,-1,E06000064,6,0,1,0,1,3,8,"[8, 7]",0,0,0,1,0,0,0,0,0,3,28
2024031426075,2024,031426075,339128,559780,-2.95143,54.92897,3,3,4,14:04,-1,E06000063,3,0,9,0,2,"[12, 5]",1,1,0,0,0,1,0,0,0,0,0,3,27
2024031426086,2024,031426086,320209,469165,-3.22203,54.11215,3,3,5,15:00,-1,E06000064,6,0,1,0,1,19,1,1,0,0,0,1,0,0,0,0,1,3,28
2024031426308,2024,031426308,321575,533213,-3.21808,54.68783,3,3,7,02:00,-1,E06000063,3,2,1,1,2,19,1,6,0,1,4,1,0,0,0,0,0,3,30
2024031426337,2024,031426337,347112,485331,-2.81341,54.2609,3,3,4,10:00,-1,E06000064,3,0,1,0,2,"[13, 6]","[5, 7]","[1, 3]",0,0,0,1,0,1,0,0,0,3,20
2024031426448,2024,031426448,331603,541461,-3.06449,54.7634,3,3,7,14:15,-1,E06000063,6,0,1,0,2,19,"[8, 2]","[4, 6]",0,0,0,1,0,1,0,0,0,3,30
2024031426465,2024,031426465,322983,481216,-3.18269,54.22085,3,3,7,11:00,-1,E06000064,3,0,1,0,2,19,"[5, 8]","[8, 5]",0,"[7, 1]","[0, 11]",1,0,0,0,0,0,3,30
2024031426469,2024,031426469,299405,516961,-3.55628,54.53789,3,3,7,14:53,-1,E06000063,4,0,1,0,2,4,7,3,0,0,0,1,0,0,0,0,0,3,30
2024031426686,2024,031426686,326928,520647,-3.13192,54.57573,3,3,1,12:24,-1,E06000063,4,0,1,0,2,19,5,1,0,0,0,1,0,0,0,0,1,3,31
2024031426769,2024,031426769,325655,548526,-3.15873,54.82603,3,3,1,16:41,-1,E06000063,4,0,1,0,2,"[10, 3, 4]","[6, 2]","[4, 2, 6]",0,0,0,1,0,0,0,0,0,3,31
2024031426799,2024,031426799,342803,520829,-2.88641,54.57942,3,3,2,00:59,-1,E06000064,3,2,1,0,2,19,7,3,0,2,11,1,0,0,0,0,0,4,1
2024031426894,2024,031426894,336716,486282,-2.97318,54.26826,3,3,2,14:30,-1,E06000064,6,0,1,1,2,"[9, 19]","[8, 6]","[5, 3]",0,"[8, 0]",0,1,0,0,0,0,0,4,1
2024031427000,2024,031427000,329065,491533,-3.09188,54.31444,3,3,3,00:36,-1,E06000064,3,2,2,1,2,19,5,1,0,1,11,1,0,0,0,0,0,4,2
2024031427127,2024,031427127,340551,554567,-2.92815,54.8823,3,3,3,08:30,-1,E06000063,6,0,1,1,1,19,6,2,0,0,0,1,0,0,0,0,1,4,2
2024031427190,2024,031427190,299812,528795,-3.55404,54.64428,3,3,3,11:28,-1,E06000063,4,0,1,0,1,"[10, 19]","[6, 8]",4,0,"[0, 1]","[0, 10]",1,0,0,0,0,0,4,2
2024031427194,2024,031427194,319439,470475,-3.23416,54.1238,3,3,6,14:35,-1,E06000064,6,0,2,1,1,9,7,3,0,0,0,1,0,0,0,0,1,3,29
2024031427348,2024,031427348,299395,528796,-3.5605,54.64421,2,"[2, 3]",3,21:49,-1,E06000063,6,2,1,0,1,19,"[7, 2]","[2, 6]",0,0,0,1,0,0,0,0,0,4,2
2024031427620,2024,031427620,322660,557841,-3.20783,54.90927,3,3,4,14:22,-1,E06000063,6,0,1,1,2,19,7,2,0,0,0,1,0,0,0,0,0,4,3
2024031427676,2024,031427676,362211,497613,-2.58319,54.37261,3,3,4,17:57,-1,E06000064,1,0,2,1,2,15,5,2,0,0,0,1,0,0,0,0,0,4,3
2024031428096,2024,031428096,299059,518733,-3.56224,54.55374,3,3,3,13:35,-1,E06000063,6,0,1,0,2,"[2, 19]",1,5,"[0, 4]",0,0,0,1,0,0,1,0,4,2
2024031428519,2024,031428519,306365,521683,-3.45025,54.58165,3,3,5,07:40,-1,E06000063,6,0,1,0,2,19,"[8, 1]","[5, 6]",0,0,0,1,0,0,0,0,0,4,4
2024031428541,2024,031428541,332974,552847,-3.04583,54.86589,3,3,7,01:30,-1,E06000063,6,2,2,1,2,19,3,7,0,7,4,1,0,0,0,0,0,4,6
2024031429303,2024,031429303,358705,565247,-2.64675,54.9801,3,3,1,19:20,-1,E06000063,6,0,1,1,2,19,7,2,0,8,4,1,0,0,0,0,0,4,7
2024031429307,2024,031429307,348165,496926,-2.79926,54.3652,2,2,7,23:15,-1,E06000064,3,2,1,0,2,19,1,5,0,0,0,0,0,1,0,0,0,4,6
2024031430062,2024,031430062,352273,530309,-2.74146,54.66559,3,3,3,18:22,-1,E06000064,6,0,1,1,1,"[19, 2]","[2, 3]","[6, 4]","[4, 0]",0,0,1,0,0,0,0,0,4,9
2024031430224,2024,031430224,299493,526983,-3.55836,54.62794,2,2,4,18:35,-1,E06000063,6,0,2,1,1,19,7,3,0,0,0,0,0,1,0,0,1,4,10
2024031430630,2024,031430630,321425,473594,-3.20459,54.15213,2,"[3, 2]",5,19:11,-1,E06000064,6,0,2,1,2,19,"[1, 5]","[5, 1]",0,"[1, 0]",0,1,0,0,0,0,0,4,11
2024031430947,2024,031430947,348922,485372,-2.78563,54.26145,2,2,6,14:30,-1,E06000064,3,0,1,0,2,"[12, 3]",3,7,"[11, 0]","[1, 0]",0,1,0,1,0,0,0,4,12
2024031431009,2024,031431009,324689,523699,-3.16733,54.60283,3,3,6,16:48,-1,E06000063,3,0,2,1,2,"[19, 9]",1,"[1, 6]",0,"[1, 0]",0,1,0,0,0,0,0,4,12
2024031431189,2024,031431189,330053,474594,-3.07274,54.16237,3,3,2,12:00,-1,E06000064,6,0,1,0,2,-1,-1,-1,-1,-1,0,1,0,0,0,0,1,4,8
2024031431284,2024,031431284,378120,515187,-2.33962,54.53148,1,"[1, 3]",7,16:58,-1,E06000064,3,0,1,1,2,19,"[7, 4]","[3, 7]",0,"[7, 8]","[11, 4]",1,0,0,0,0,0,4,13
2024031431335,2024,031431335,334738,553463,-3.01849,54.87166,2,2,1,03:20,-1,E06000063,6,2,4,1,2,19,3,6,0,1,9,1,0,0,0,0,0,4,14
2024031431362,2024,031431362,345969,541795,-2.84132,54.76816,2,"[2, 3]",7,12:50,-1,E06000064,1,0,1,0,2,19,5,8,0,5,0,1,0,0,0,0,0,4,13
2024031432665,2024,031432665,299634,527867,-3.55648,54.63591,3,3,4,10:26,-1,E06000063,4,0,1,0,1,19,"[2, 8]","[7, 3]",0,0,0,1,0,0,0,0,0,4,17
2024031432789,2024,031432789,342331,554277,-2.90035,54.87991,2,2,4,15:00,-1,E06000063,6,0,1,0,1,19,"[8, 4]","[4, 8]",0,"[0, 1]",0,1,0,0,0,0,0,4,17
2024031432864,2024,031432864,327638,477700,-3.11047,54.18994,2,"[3, 2]",4,23:55,-1,E06000064,3,2,1,0,2,19,6,2,0,2,10,1,0,0,0,0,0,4,17
2024031432939,2024,031432939,354658,528987,-2.70428,54.65393,2,"[2, 3]",6,09:43,-1,E06000064,3,0,1,0,2,"[19, 9]","[7, 1]","[3, 7]",0,0,0,1,0,0,0,0,0,4,5
2024031433223,2024,031433223,337933,568671,-2.972,55.00871,3,3,5,12:45,-1,E06000063,3,0,2,1,2,19,1,5,0,0,0,1,0,0,0,0,1,4,18
2024031433243,2024,031433243,326942,549435,-3.13893,54.83439,3,3,5,19:35,-1,E06000063,3,0,1,1,2,19,3,1,0,7,1,1,0,0,0,0,0,4,18
2024031433519,2024,031433519,340310,554222,-2.93184,54.87918,3,3,6,11:48,-1,E06000063,6,0,1,1,1,19,"[2, 8]",5,0,0,0,1,0,1,0,0,0,4,19
2024031433629,2024,031433629,351563,530166,-2.75245,54.66423,3,3,3,10:30,-1,E06000064,3,0,1,0,1,5,6,6,0,0,0,1,0,0,0,0,1,4,16
2024031433711,2024,031433711,340721,556086,-2.92581,54.89597,3,3,6,08:30,-1,E06000063,3,0,1,1,1,9,6,7,0,0,0,1,0,0,0,0,1,4,19
2024031433737,2024,031433737,331549,549808,-3.06731,54.83839,3,3,6,15:58,-1,E06000063,3,0,1,0,2,"[4, 10, 19]","[7, 3]","[3, 7]",0,"[0, 1]","[0, 11]",1,0,0,0,0,0,4,12
2024031433889,2024,031433889,336867,527314,-2.97963,54.63698,1,"[3, 1, 2]",7,13:30,-1,E06000064,3,0,1,0,2,"[19, 9]","[7, 3]","[3, 1]",0,0,0,1,0,1,0,0,0,4,20
2024031433913,2024,031433913,310871,497020,-3.37312,54.36088,2,2,7,14:45,-1,E06000063,3,0,1,0,2,19,3,7,0,0,0,0,0,1,0,0,0,4,20
2024031433929,2024,031433929,341605,553725,-2.91155,54.87486,3,3,5,08:20,-1,E06000063,6,0,1,0,1,7,1,3,0,0,0,1,0,0,0,0,1,4,18
2024031433982,2024,031433982,350439,533959,-2.77051,54.69821,3,3,1,01:53,-1,E06000064,3,2,1,0,2,19,7,4,0,3,0,1,0,0,0,0,0,4,21
2024031434133,2024,031434133,340692,555266,-2.9261,54.8886,3,3,1,16:29,-1,E06000063,3,0,1,0,1,"[7, 19]","[2, 8]",4,0,0,0,1,0,1,0,0,0,4,21
2024031434508,2024,031434508,299521,526904,-3.55789,54.62723,3,3,6,16:00,-1,E06000063,6,0,1,0,1,4,7,3,0,0,0,1,0,0,0,0,1,4,19
2024031434551,2024,031434551,339538,560047,-2.94509,54.93142,3,3,2,16:42,-1,E06000063,3,0,1,0,2,7,7,2,0,0,0,0,0,0,1,0,0,4,22
2024031434554,2024,031434554,297586,517679,-3.58463,54.54397,3,3,2,19:50,-1,E06000063,6,0,1,0,1,5,4,1,11,0,0,1,0,0,0,0,1,4,22
2024031434575,2024,031434575,338958,557483,-2.9536,54.90831,3,3,7,21:36,-1,E06000063,6,2,1,0,1,"[9, 19]","[6, 4]","[4, 8]",0,0,0,1,0,0,0,0,0,4,20
2024031434808,2024,031434808,336951,562724,-2.98605,54.95515,3,3,2,17:20,-1,E06000063,6,0,1,0,2,5,3,1,0,0,0,1,0,0,1,0,0,4,22
2024031434958,2024,031434958,340590,556173,-2.92787,54.89674,3,3,3,18:45,-1,E06000063,6,0,1,0,1,"[1, 19]","[5, 3]",7,0,0,0,1,0,0,0,0,0,4,23
2024031435359,2024,031435359,296959,512458,-3.59249,54.49694,3,3,4,17:50,-1,E06000063,4,0,1,0,2,19,"[5, 1]","[1, 5]",0,0,0,1,0,0,0,0,0,4,24
2024031435476,2024,031435476,302371,528427,-3.51428,54.64148,2,"[2, 3]",5,07:48,-1,E06000063,6,0,1,0,2,"[19, 5]",7,"[1, 3]",0,"[0, 1]",0,1,0,0,0,0,0,4,25
2024031435749,2024,031435749,348980,526136,-2.79178,54.62777,3,3,5,19:30,-1,E06000064,4,0,1,0,2,5,7,2,0,7,0,1,0,0,0,0,0,4,25
2024031436008,2024,031436008,336810,477208,-2.96983,54.18673,2,2,6,08:30,-1,E06000064,6,0,1,0,2,19,"[1, 5]","[5, 1]",0,0,0,1,1,0,0,0,0,4,26
2024031436184,2024,031436184,345543,556431,-2.8507,54.89962,3,3,6,17:47,-1,E06000063,6,0,2,1,2,"[19, 9]",7,3,"[11, 0]",0,0,1,0,0,0,0,0,4,26
2024031436297,2024,031436297,377602,505406,-2.34688,54.44356,2,2,6,12:13,-1,E06000064,4,0,1,0,2,19,"[1, 5]","[5, 1]",0,"[1, 0]","[11, 0]",1,0,1,0,0,0,4,26
2024031436353,2024,031436353,340089,556367,-2.93573,54.89842,3,3,7,07:00,-1,E06000063,3,0,1,0,2,19,7,3,0,0,0,1,0,0,0,0,1,4,27
2024031436398,2024,031436398,340189,567176,-2.93642,54.99555,2,2,7,09:20,-1,E06000063,3,0,1,0,2,10,2,8,0,0,0,1,0,0,0,0,1,4,27
2024031436487,2024,031436487,319413,470474,-3.23456,54.12378,3,3,7,14:29,-1,E06000064,6,0,1,0,1,19,7,3,11,0,0,1,0,0,0,0,1,4,27
2024031437123,2024,031437123,351887,493008,-2.74135,54.33036,3,3,2,08:45,-1,E06000064,3,0,1,0,1,19,1,1,0,0,0,1,0,0,0,0,1,4,29
2024031437498,2024,031437498,371331,504744,-2.44351,54.43729,3,3,1,14:40,-1,E06000064,3,0,4,0,2,19,7,4,0,0,0,1,0,0,0,0,0,4,28
2024031437606,2024,031437606,340011,556161,-2.9369,54.89656,3,3,3,16:30,-1,E06000063,6,0,1,0,1,"[5, 10]","[4, 7]","[7, 5]","[4, 0]",0,0,1,0,0,1,0,0,4,30
2024031438004,2024,031438004,340957,555033,-2.92192,54.88654,2,2,4,15:46,-1,E06000063,6,0,1,0,1,"[5, 19]","[5, 4]","[1, 5]",0,0,0,1,1,0,0,0,0,5,1
2024031438164,2024,031438164,299622,526767,-3.55628,54.62602,2,2,5,21:50,-1,E06000063,6,2,1,0,1,19,1,6,0,0,0,0,0,1,0,0,1,4,25
2024031438431,2024,031438431,297564,518292,-3.58519,54.54948,3,3,5,16:30,-1,E06000063,6,0,1,0,1,19,"[8, 2]","[4, 7]",0,0,0,1,0,0,0,0,0,5,2
2024031438565,2024,031438565,364996,515959,-2.5425,54.53768,3,3,1,21:10,-1,E06000064,4,2,1,0,2,19,4,6,0,1,0,1,0,0,0,0,0,4,28
2024031438832,2024,031438832,341074,554932,-2.92007,54.88565,2,2,5,16:10,-1,E06000063,3,0,1,0,1,5,4,2,0,0,0,0,0,0,1,0,1,5,2
2024031438904,2024,031438904,337163,555043,-2.98105,54.88617,3,3,6,19:20,-1,E06000063,6,0,2,1,1,"[5, 19]",3,7,0,0,0,1,0,0,0,0,0,5,3
2024031439114,2024,031439114,297185,518126,-3.59099,54.54791,3,3,7,14:15,-1,E06000063,4,0,2,1,1,5,5,2,0,0,0,1,0,0,0,0,1,5,4
2024031439234,2024,031439234,349880,484224,-2.77074,54.25123,3,3,7,22:01,-1,E06000064,6,2,1,1,2,19,3,7,0,0,0,1,0,0,0,0,0,5,4
2024031439265,2024,031439265,351013,495047,-2.75513,54.3486,2,2,7,21:09,-1,E06000064,6,2,1,1,2,19,5,8,0,0,0,1,0,0,0,0,0,5,4
2024031439268,2024,031439268,320179,470802,-3.22292,54.12685,2,"[3, 2]",7,18:33,-1,E06000064,6,0,1,1,1,19,"[1, 5]","[5, 1]",0,0,0,1,0,0,0,0,0,5,4
2024031439394,2024,031439394,319303,469085,-3.23587,54.11129,3,3,1,17:50,-1,E06000064,6,0,1,0,1,"[5, 19]","[5, 3]","[3, 7]",0,0,0,1,0,1,0,0,0,5,5
2024031439512,2024,031439512,334540,551428,-3.02111,54.85335,3,3,7,13:24,-1,E06000063,3,0,1,0,2,"[19, 9]","[6, 2]","[2, 7]",0,0,0,1,0,0,0,0,0,5,4
2024031439548,2024,031439548,331629,482687,-3.05045,54.2353,2,2,2,10:30,-1,E06000064,3,0,1,1,2,"[19, 7]",5,"[1, 8]",0,"[1, 0]",0,1,0,1,0,0,0,5,6
2024031439704,2024,031439704,352113,529127,-2.74375,54.65495,2,2,3,00:01,-1,E06000064,3,2,1,1,2,19,5,1,0,1,11,1,0,0,0,0,0,5,7
2024031439834,2024,031439834,346036,541378,-2.8402,54.76442,3,3,2,19:44,-1,E06000064,6,0,8,1,2,19,4,8,0,7,9,1,0,0,0,0,0,5,6
2024031439886,2024,031439886,310075,531023,-3.39574,54.66623,2,2,3,11:50,-1,E06000063,3,0,1,0,2,"[3, 6]","[1, 7]","[5, 3]",0,0,0,1,0,1,0,0,0,5,7
2024031440297,2024,031440297,299244,525638,-3.56175,54.61581,3,3,3,16:45,-1,E06000063,3,0,1,0,1,4,5,1,0,0,0,1,0,0,0,0,1,5,7
2024031440463,2024,031440463,316905,480272,-3.27563,54.21142,3,3,4,19:28,-1,E06000063,3,0,1,0,2,"[9, 19]","[5, 3]","[1, 7]",0,0,0,1,0,0,0,0,0,5,8
2024031440887,2024,031440887,325008,467114,-3.14813,54.09444,3,3,5,15:27,-1,E06000064,3,0,1,0,2,"[3, 19, 15]","[6, 2]","[2, 4]",0,"[0, 1]",0,1,0,0,0,0,0,5,9
2024031440904,2024,031440904,316412,525648,-3.29598,54.61903,2,2,5,16:30,-1,E06000063,6,0,1,0,2,19,2,6,10,8,11,1,0,0,0,0,0,5,9
2024031440941,2024,031440941,340468,554071,-2.92934,54.87784,3,3,5,18:58,-1,E06000063,6,0,1,0,1,19,6,2,0,0,0,1,0,0,0,0,1,5,9
2024031440942,2024,031440942,316913,480280,-3.27551,54.21149,2,2,5,19:15,-1,E06000063,6,0,1,0,2,"[9, 19]","[3, 7]","[1, 3]",0,0,0,1,1,0,0,0,0,5,9
2024031440998,2024,031440998,352446,492388,-2.73266,54.32484,3,3,5,07:56,-1,E06000064,6,0,1,0,1,19,4,1,0,1,99,1,0,0,0,0,1,5,9
2024031441108,2024,031441108,298704,513633,-3.56597,54.50785,3,3,5,23:00,-1,E06000063,6,2,7,1,2,19,2,5,0,7,0,1,0,0,0,0,0,5,9
2024031441181,2024,031441181,302907,514739,-3.50144,54.51861,3,3,6,12:15,-1,E06000063,6,0,1,0,2,"[10, 9]","[3, 6]","[7, 3]",0,0,0,1,0,0,0,0,0,5,10
2024031441356,2024,031441356,321986,469353,-3.19491,54.11411,3,3,6,18:05,-1,E06000064,6,0,1,0,2,"[9, 19]","[4, 7]","[1, 3]",0,0,0,1,1,0,0,0,0,5,10
2024031441363,2024,031441363,329764,491656,-3.08117,54.31564,2,"[2, 3]",6,18:10,-1,E06000064,6,0,1,0,2,19,"[5, 1]","[1, 5]",0,0,0,1,0,0,0,0,0,5,10
2024031441492,2024,031441492,319628,469408,-3.23098,54.11424,3,3,7,10:15,-1,E06000064,6,0,1,0,1,19,2,5,0,0,0,1,0,0,0,0,1,5,11
2024031441509,2024,031441509,361154,503209,-2.6002,54.42282,3,3,7,02:50,-1,E06000064,1,2,1,0,2,19,2,4,0,0,0,1,0,0,0,0,0,4,27
2024031441532,2024,031441532,346072,477794,-2.82802,54.19306,3,3,7,11:00,-1,E06000064,6,0,1,0,2,"[4, 19]",5,"[1, 8]",0,0,0,1,1,0,0,0,0,5,11
2024031441582,2024,031441582,328888,489046,-3.09401,54.29207,2,2,7,13:30,-1,E06000064,3,0,1,0,2,"[19, 6]","[3, 7]","[7, 3]",0,0,0,1,0,1,0,0,0,5,11
2024031441584,2024,031441584,352731,529479,-2.73423,54.65817,2,2,7,14:39,-1,E06000064,3,0,1,0,2,4,3,7,0,0,0,0,0,1,0,0,0,5,11
2024031441816,2024,031441816,346524,487825,-2.82288,54.28325,2,2,1,12:30,-1,E06000064,3,0,1,0,2,19,4,7,0,7,0,0,0,1,0,0,0,5,12
2024031441881,2024,031441881,331526,482420,-3.05197,54.23289,3,3,1,17:32,-1,E06000064,3,0,1,0,2,19,1,5,7,0,0,1,0,0,0,0,0,5,12
2024031441938,2024,031441938,320919,469595,-3.21129,54.11612,2,2,1,15:20,-1,E06000064,6,0,1,0,1,"[19, -1]",5,"[1, 3]","[0, -1]","[0, -1]",0,0,1,0,0,1,0,5,12
2024031442014,2024,031442014,340229,555964,-2.93346,54.89482,2,2,2,08:14,-1,E06000063,6,0,1,0,1,19,"[1, 7]","[5, 3]",0,"[0, 3]",0,1,1,0,0,0,0,5,13
2024031442256,2024,031442256,313917,528423,-3.33543,54.64354,2,2,2,13:55,-1,E06000063,6,0,1,0,2,19,"[7, 5]","[3, 1]",0,0,0,1,0,1,0,0,0,5,13
2024031442309,2024,031442309,353116,492155,-2.72232,54.32281,3,3,2,12:00,-1,E06000064,3,0,1,0,2,"[9, 19]",5,"[6, 1]",0,0,0,1,1,0,0,0,0,5,13
2024031442404,2024,031442404,339419,494137,-2.93328,54.33917,3,3,2,22:00,-1,E06000064,3,2,2,1,2,19,1,5,0,1,0,1,0,0,0,0,0,5,13
2024031442561,2024,031442561,328905,485449,-3.09289,54.25975,3,3,3,10:02,-1,E06000064,3,0,2,1,2,19,7,7,0,0,0,1,0,0,0,0,0,5,14
2024031442678,2024,031442678,319969,469719,-3.22585,54.11709,3,3,3,12:30,-1,E06000064,6,0,2,1,1,9,1,7,0,0,0,1,0,0,0,0,1,5,14
2024031442713,2024,031442713,338757,555434,-2.95629,54.88988,3,3,3,08:45,-1,E06000063,6,0,1,1,1,19,"[7, 3]","[4, 6]",0,0,0,1,1,0,0,0,0,5,14
2024031442905,2024,031442905,352888,478505,-2.72367,54.20012,2,2,3,20:35,-1,E06000064,1,0,1,0,2,19,"[8, 1]",5,0,0,0,1,0,0,0,0,0,5,14
2024031443218,2024,031443218,335441,484303,-2.99233,54.25032,3,3,4,11:05,-1,E06000064,3,0,1,0,2,19,7,3,0,0,0,1,0,0,0,0,0,5,15
2024031443447,2024,031443447,337476,504206,-2.96528,54.42942,2,2,7,20:30,-1,E06000064,3,0,1,0,2,19,5,1,11,0,0,1,0,0,0,0,1,5,11
2024031443687,2024,031443687,321923,469285,-3.19585,54.11349,3,3,5,11:21,-1,E06000064,3,0,1,0,1,"[6, 19]",6,2,0,0,0,1,0,0,0,0,0,5,16
2024031443817,2024,031443817,319818,468842,-3.22793,54.10918,3,3,5,19:00,-1,E06000064,6,0,1,0,1,4,5,1,0,0,0,1,0,0,0,0,0,5,16
2024031444145,2024,031444145,298110,519478,-3.57716,54.56024,3,3,2,23:20,-1,E06000063,6,2,1,0,1,9,5,3,0,1,0,1,0,0,0,0,0,5,13
2024031444160,2024,031444160,326584,476582,-3.12635,54.17974,2,2,6,14:35,-1,E06000064,3,0,1,0,2,"[19, 4]",2,6,"[10, 0]",0,0,1,0,1,0,0,0,5,17
2024031444421,2024,031444421,310975,553156,-3.38859,54.86523,3,3,7,10:32,-1,E06000063,4,0,1,0,2,19,7,3,0,7,0,1,0,0,0,0,1,5,18
2024031444445,2024,031444445,300506,527209,-3.54275,54.63017,2,2,7,12:52,-1,E06000063,6,0,1,0,1,19,1,5,0,0,0,0,0,0,0,0,0,5,18
2024031445011,2024,031445011,377407,509231,-2.35018,54.47793,3,3,1,12:51,-1,E06000064,3,0,1,0,2,"[19, 4]",5,1,0,0,0,1,0,1,0,0,0,5,19
2024031445090,2024,031445090,363979,491938,-2.55529,54.32174,3,3,2,10:30,-1,E06000064,3,0,1,0,2,19,4,7,11,0,0,1,0,0,0,0,0,5,20
2024031445200,2024,031445200,356982,480497,-2.66121,54.21838,3,3,2,14:40,-1,E06000064,3,0,1,0,2,19,4,8,0,1,0,1,0,0,0,0,0,5,20
2024031445203,2024,031445203,369446,491216,-2.47117,54.31561,2,2,1,12:02,-1,E06000064,3,0,1,0,2,"[9, 19]",7,"[1, 3]",0,0,0,1,0,1,0,0,0,5,19
2024031445302,2024,031445302,323471,530630,-3.188,54.66492,2,2,2,16:00,-1,E06000063,3,0,1,0,2,"[9, 19]","[6, 8]","[3, 5]",0,0,0,1,0,0,0,0,0,5,20
2024031445311,2024,031445311,368621,519718,-2.48688,54.5717,3,3,1,13:55,-1,E06000064,6,0,1,0,2,19,7,3,0,0,0,1,0,0,0,0,0,5,19
2024031445649,2024,031445649,304467,535630,-3.48417,54.70659,2,2,2,18:30,-1,E06000063,6,0,1,0,2,19,7,3,0,0,0,1,0,0,0,0,1,5,20
2024031445674,2024,031445674,341046,554958,-2.92052,54.88588,3,3,3,14:50,-1,E06000063,6,0,1,-1,1,-1,-1,-1,-1,-1,0,1,1,0,0,0,0,5,21
2024031445811,2024,031445811,349662,577866,-2.79026,55.09266,3,3,4,01:41,-1,E06000063,4,2,1,0,2,19,7,3,0,7,4,0,0,0,1,0,0,5,22
2024031446071,2024,031446071,354918,484448,-2.69345,54.25371,3,3,4,11:04,-1,E06000064,1,0,2,1,2,19,2,6,0,"[2, 0]","[4, 0]",1,0,0,1,0,0,5,22
2024031446295,2024,031446295,321598,473247,-3.20185,54.14904,2,2,4,12:53,-1,E06000064,6,0,2,1,2,19,5,7,10,0,0,1,0,0,0,0,0,5,22
2024031446319,2024,031446319,338915,476187,-2.93737,54.17781,3,3,4,01:30,-1,E06000064,4,2,2,1,2,9,3,7,0,0,0,1,0,0,0,0,0,5,15
2024031446401,2024,031446401,362122,497431,-2.58454,54.37097,3,3,4,16:20,-1,E06000064,1,0,2,1,2,19,5,2,0,1,0,1,0,0,0,0,0,5,22
2024031446517,2024,031446517,360246,507252,-2.61473,54.45908,3,3,4,16:50,-1,E06000064,1,0,2,1,2,19,8,4,0,4,0,1,0,0,0,0,0,5,22
2024031446563,2024,031446563,358400,511517,-2.64381,54.49726,3,3,4,19:30,-1,E06000064,1,0,2,1,2,19,1,5,0,8,6,1,0,0,0,0,0,5,22
2024031446705,2024,031446705,343401,550641,-2.88296,54.84736,3,3,4,21:46,-1,E06000063,1,2,2,1,2,19,6,1,0,1,0,1,0,0,0,0,0,5,22