collision_index,collision_year,collision_ref_no,location_easting_osgr,location_northing_osgr,longitude,latitude,casualty_severity,casualty_severity,day_of_week,time,local_authority_district,local_authority_ons_district,first_road_class,light_conditions,weather_conditions,road_surface_conditions,urban_or_rural_area,vehicle_manoeuvre,vehicle_direction_from,vehicle_direction_to,hit_object_in_carriageway,vehicle_leaving_carriageway,hit_object_off_carriageway,is_car,is_cyle,is_mcyle,is_goodsv,is_other,is_pedestrian,month,day
2024031446808,2024,031446808,337380,559273,-2.97859,54.9242,3,3,5,00:58,-1,E06000063,6,2,2,1,2,19,5,5,0,0,0,1,0,0,0,0,0,5,23
2024031447234,2024,031447234,307652,535993,-3.43487,54.71044,3,3,4,08:27,-1,E06000063,6,0,1,0,2,19,"[2, 7]","[6, 3]",0,0,0,1,0,0,0,0,0,5,22
2024031447303,2024,031447303,343265,555402,-2.88602,54.89012,3,3,5,15:44,-1,E06000063,1,0,2,1,2,"[11, 19]",5,1,0,"[0, 1]",0,1,0,1,0,0,0,5,23
2024031447519,2024,031447519,300468,521250,-3.54131,54.57663,3,3,6,00:30,-1,E06000063,6,2,7,1,2,19,3,8,0,1,0,1,0,0,0,0,0,5,24
2024031447548,2024,031447548,340413,560169,-2.93146,54.93262,2,"[3, 2]",5,13:44,-1,E06000063,3,0,2,1,2,"[19, 10]","[3, 4, 7]","[7, 3]",0,0,0,1,0,0,0,0,0,5,23
2024031447879,2024,031447879,334328,506121,-3.01423,54.44623,2,2,6,20:45,-1,E06000064,3,0,1,0,2,19,7,3,0,7,0,0,0,1,0,0,0,5,24
2024031448098,2024,031448098,365843,492149,-2.52666,54.32377,3,3,7,11:00,-1,E06000064,6,0,1,0,2,3,7,3,0,0,0,1,0,0,0,0,1,5,25
2024031448184,2024,031448184,300998,524409,-3.53418,54.60511,3,3,6,15:23,-1,E06000063,3,0,1,0,2,19,5,8,11,0,0,1,0,0,0,0,1,5,24
2024031448215,2024,031448215,337376,556121,-2.97797,54.89588,3,3,7,21:35,-1,E06000063,4,2,1,0,1,"[19, 9]",5,"[5, 7]",0,"[0, 1]",0,1,0,0,0,0,0,5,25
2024031448298,2024,031448298,329358,478608,-3.08433,54.19834,3,3,7,08:47,-1,E06000064,3,0,1,0,1,19,6,2,0,0,0,1,0,0,0,0,1,5,25
2024031448523,2024,031448523,299349,526394,-3.56038,54.62262,3,3,6,17:45,-1,E06000063,6,0,1,0,1,19,8,7,0,0,0,0,0,1,0,0,1,5,24
2024031448526,2024,031448526,340517,512657,-2.92012,54.50572,2,2,7,16:07,-1,E06000064,3,0,1,0,2,4,1,5,11,0,0,0,0,1,0,0,0,5,25
2024031448588,2024,031448588,339142,559802,-2.95122,54.92917,3,3,2,06:45,-1,E06000063,3,0,1,0,2,"[19, 11]","[7, 6]","[3, 2]",0,0,0,1,1,0,0,0,0,5,27
2024031448636,2024,031448636,354844,484349,-2.69457,54.25281,3,3,1,11:20,-1,E06000064,1,0,2,1,2,19,2,6,0,1,0,1,0,0,0,0,0,5,26
2024031448861,2024,031448861,358932,528643,-2.638,54.6512,3,3,2,10:40,-1,E06000064,3,0,8,1,2,"[19, 3]","[3, 0]","[3, 0, 7]",0,1,0,1,0,0,0,0,0,5,27
2024031449109,2024,031449109,320655,546452,-3.23597,54.80663,2,"[3, 2]",3,19:00,-1,E06000063,3,0,1,0,2,19,3,"[7, 6]",0,0,0,1,0,0,0,0,0,5,28
2024031449584,2024,031449584,297207,516184,-3.58997,54.53047,3,3,4,15:30,-1,E06000063,6,0,1,1,1,20,1,5,0,0,0,1,0,0,0,0,1,5,29
2024031449639,2024,031449639,345125,523355,-2.85096,54.60237,2,"[2, 3]",2,20:30,-1,E06000064,3,0,1,0,2,19,1,3,0,8,0,1,0,0,0,0,0,5,27
2024031449812,2024,031449812,319999,469402,-3.22531,54.11424,3,3,5,10:41,-1,E06000064,6,0,1,0,1,"[9, 19]","[5, 6]",2,0,0,0,1,0,0,0,0,0,5,30
2024031450421,2024,031450421,334794,484173,-3.00223,54.24907,3,3,6,18:02,-1,E06000064,3,0,1,0,2,19,3,7,7,6,0,1,0,0,0,0,0,5,31
2024031450486,2024,031450486,325628,545884,-3.15847,54.80229,3,3,6,20:42,-1,E06000063,6,0,1,0,2,19,5,1,0,2,11,1,0,0,0,0,0,5,31
2024031450497,2024,031450497,365572,505117,-2.53233,54.44029,3,3,6,23:10,-1,E06000064,3,2,1,0,2,19,7,3,0,0,0,1,0,1,0,0,0,5,31
2024031450593,2024,031450593,369692,543805,-2.47283,54.78822,3,3,6,14:25,-1,E06000064,3,0,1,0,2,19,7,2,0,2,11,1,0,0,0,0,0,5,31
2024031450689,2024,031450689,338686,555190,-2.95735,54.88768,2,2,7,15:05,-1,E06000063,6,0,1,0,1,5,3,7,0,0,0,0,0,1,0,0,0,6,1
2024031450716,2024,031450716,298079,519495,-3.57765,54.56039,2,2,6,15:55,-1,E06000063,3,0,1,0,1,"[5, 19]","[7, 1]","[3, 5]",0,0,0,1,0,0,1,0,0,5,31
2024031450722,2024,031450722,319876,493641,-3.23367,54.33202,3,3,7,15:04,-1,E06000063,6,0,1,0,2,19,8,5,0,0,0,0,1,0,0,0,0,6,1
2024031450904,2024,031450904,334425,526913,-3.01737,54.63306,2,2,1,11:10,-1,E06000064,3,0,1,0,2,"[19, 10]",3,7,0,0,0,1,0,1,0,0,0,6,2
2024031450917,2024,031450917,347966,543595,-2.81061,54.78454,2,2,1,13:45,-1,E06000064,3,0,1,0,2,19,8,4,0,"[0, 6]",0,1,0,0,0,1,0,6,2
2024031450983,2024,031450983,322391,513632,-3.20024,54.51203,3,3,1,00:01,-1,E06000063,4,2,1,0,2,19,3,7,0,7,0,1,0,0,0,0,0,6,2
2024031451139,2024,031451139,336951,550246,-2.98331,54.84304,2,2,4,16:34,-1,E06000063,4,0,2,1,2,19,1,6,0,0,0,1,0,0,0,0,1,5,22
2024031451598,2024,031451598,330771,480670,-3.06315,54.21706,3,3,3,13:26,-1,E06000064,3,0,2,1,2,19,8,2,0,0,0,1,0,0,0,0,0,6,4
2024031451720,2024,031451720,364351,541976,-2.55565,54.77143,2,2,1,12:14,-1,E06000064,3,0,1,0,2,19,6,2,0,1,0,0,0,1,0,0,0,6,2
2024031451769,2024,031451769,321595,469808,-3.201,54.11814,2,"[3, 2]",3,20:37,-1,E06000064,6,0,1,0,1,"[9, 19]","[1, 5]","[7, 1]",0,"[0, 1]",0,1,0,0,0,0,0,6,4
2024031452136,2024,031452136,339253,557273,-2.94895,54.90646,3,3,3,16:24,-1,E06000063,6,0,1,0,1,19,3,7,0,0,0,1,0,0,0,0,1,6,4
2024031452175,2024,031452175,356187,518638,-2.67904,54.56107,3,3,4,14:44,-1,E06000064,1,0,1,0,2,19,8,4,0,"[4, 0]",0,1,0,0,1,0,0,6,5
2024031452318,2024,031452318,353431,483598,-2.71614,54.24594,3,3,3,17:52,-1,E06000064,3,0,1,1,2,"[19, 5]","[5, 7]",1,0,0,0,1,0,0,0,0,0,6,4
2024031452380,2024,031452380,341545,555902,-2.91293,54.89442,3,3,4,14:20,-1,E06000063,3,0,1,0,1,19,"[3, 7]","[7, 3]",0,0,0,1,0,0,0,0,0,6,5
2024031452671,2024,031452671,309499,525067,-3.40283,54.61262,3,3,5,08:30,-1,E06000063,6,0,1,0,2,-1,-1,-1,-1,-1,0,1,0,0,0,0,1,6,6
2024031453068,2024,031453068,328015,477895,-3.10474,54.19175,3,3,3,15:00,-1,E06000064,6,0,9,0,2,1,0,0,0,0,0,1,0,0,0,0,1,6,4
2024031453128,2024,031453128,299643,527873,-3.55634,54.63596,2,2,6,19:29,-1,E06000063,4,0,1,0,1,2,3,7,0,0,0,1,0,0,0,0,1,6,7
2024031453210,2024,031453210,352100,529074,-2.74394,54.65447,3,3,6,14:50,-1,E06000064,3,0,1,0,2,"[4, 19]",6,2,0,"[1, 0]",0,1,0,0,0,0,0,6,7
2024031453329,2024,031453329,340055,556143,-2.93621,54.89641,3,3,7,12:00,-1,E06000063,6,0,1,0,1,1,1,5,0,0,0,1,0,0,0,0,1,6,8
2024031453530,2024,031453530,348617,559829,-2.80338,54.93048,3,3,1,11:11,-1,E06000063,3,0,1,0,2,"[19, 9]","[3, 7]","[7, 3]","[4, 0]",0,0,1,0,0,0,0,0,6,9
2024031453798,2024,031453798,303622,536145,-3.49745,54.71105,3,3,2,09:40,-1,E06000063,3,0,9,0,2,20,1,1,0,0,0,1,0,0,0,0,1,6,10
2024031453799,2024,031453799,376602,509396,-2.36261,54.47937,3,3,2,11:00,-1,E06000064,5,0,1,0,2,19,1,5,0,0,0,1,0,0,0,0,0,6,10
2024031454087,2024,031454087,337373,504822,-2.967,54.43494,3,3,1,14:00,-1,E06000064,3,0,1,0,2,4,8,2,0,0,0,0,0,0,0,1,1,6,9
2024031454190,2024,031454190,323998,513888,-3.17549,54.51457,3,3,2,10:25,-1,E06000063,4,0,1,0,2,19,7,3,0,0,0,0,1,0,0,0,0,6,10
2024031454650,2024,031454650,349557,484604,-2.77576,54.25461,2,2,4,06:28,-1,E06000064,3,0,1,0,2,5,6,2,0,7,4,1,0,0,0,0,0,6,12
2024031454802,2024,031454802,300088,528471,-3.54965,54.64142,3,3,3,15:20,-1,E06000063,6,0,8,0,1,"[19, 7]","[1, 5]","[5, 3]",0,0,0,1,0,0,0,0,0,6,11
2024031454816,2024,031454816,351538,530129,-2.75283,54.6639,3,3,4,11:53,-1,E06000064,6,0,1,0,1,1,5,8,0,0,0,1,0,0,0,0,1,6,12
2024031454875,2024,031454875,340242,555863,-2.93324,54.89391,3,3,4,12:42,-1,E06000063,6,0,1,0,1,19,1,5,0,0,0,0,0,0,1,0,1,6,12
2024031454945,2024,031454945,330097,479604,-3.07324,54.20739,2,2,4,13:55,-1,E06000064,3,0,1,0,2,4,"[2, 3]",5,0,0,0,1,0,1,0,0,0,6,12
2024031455354,2024,031455354,314318,541177,-3.33297,54.7582,3,3,4,04:01,-1,E06000063,4,2,4,0,2,19,6,1,6,0,0,1,0,0,0,0,0,6,12
2024031455418,2024,031455418,313881,541613,-3.33989,54.76204,3,3,5,14:48,-1,E06000063,3,0,2,1,2,"[2, 19]","[0, 4]","[0, 8]","[0, 4]",0,0,1,0,0,0,0,0,6,13
2024031455484,2024,031455484,297419,518435,-3.58748,54.55073,3,3,5,20:08,-1,E06000063,3,0,2,1,1,19,"[5, 3]","[1, 7]",0,0,0,1,0,0,0,0,0,6,13
2024031455485,2024,031455485,340431,555886,-2.93029,54.89414,2,2,5,19:31,-1,E06000063,3,0,2,1,1,"[19, 9]","[1, 7]",5,0,0,0,1,0,0,0,0,0,6,13
2024031455825,2024,031455825,377862,504549,-2.3428,54.43587,3,3,6,15:10,-1,E06000064,4,0,1,0,2,19,4,8,0,1,10,1,0,0,0,0,0,6,14
2024031455929,2024,031455929,351623,492064,-2.74526,54.32185,3,3,6,17:23,-1,E06000064,3,0,1,0,1,"[11, 2]",5,1,"[4, 0]",0,0,1,0,0,0,0,1,6,14
2024031455938,2024,031455938,297987,519275,-3.57899,54.55839,3,3,5,18:18,-1,E06000063,3,0,2,1,1,19,5,1,0,0,0,1,0,0,0,0,1,6,13
2024031455974,2024,031455974,347288,489466,-2.81144,54.29807,2,"[3, 2]",6,23:50,-1,E06000064,6,2,1,0,2,19,2,4,0,7,11,1,0,0,0,0,0,6,14
2024031456058,2024,031456058,354062,538523,-2.71503,54.73956,3,3,7,10:05,-1,E06000064,4,0,2,1,2,19,7,3,0,0,0,0,0,1,0,0,0,6,15
2024031456105,2024,031456105,297979,515497,-3.5778,54.52445,3,3,7,12:41,-1,E06000063,6,0,1,0,1,19,1,5,0,0,0,1,0,0,0,0,1,6,15
2024031456266,2024,031456266,298901,516999,-3.56408,54.53813,3,3,1,00:09,-1,E06000063,4,2,1,1,1,"[19, 2]","[2, 0]","[6, 0]",0,"[8, 0]","[11, 0]",1,0,0,0,0,0,6,16
2024031456436,2024,031456436,322713,472967,-3.18471,54.14669,3,3,1,18:30,-1,E06000064,6,0,1,0,2,5,"[3, 5]","[7, 1]",0,0,0,1,0,0,0,1,0,6,9
2024031456526,2024,031456526,338862,501329,-2.94333,54.40373,3,3,2,00:19,-1,E06000064,3,2,1,1,2,19,1,5,7,0,0,1,0,0,0,0,0,6,17
2024031456561,2024,031456561,318922,495057,-3.24872,54.34459,3,3,1,14:17,-1,E06000063,6,0,1,0,2,19,2,6,0,1,0,0,0,1,0,0,0,6,16
2024031456648,2024,031456648,362230,498067,-2.58296,54.37669,3,3,2,10:15,-1,E06000064,1,0,2,1,2,19,1,5,0,5,6,1,0,0,0,0,0,6,17
2024031456850,2024,031456850,335350,506425,-2.99853,54.44909,3,3,2,13:34,-1,E06000064,3,0,1,0,2,19,6,6,0,0,0,1,0,0,0,0,0,6,17
2024031456893,2024,031456893,335219,503442,-2.9999,54.42227,3,3,2,15:15,-1,E06000064,3,0,1,0,2,19,2,7,0,0,0,0,0,1,0,0,0,6,17
2024031457172,2024,031457172,336906,486410,-2.97029,54.26943,3,3,3,11:07,-1,E06000064,6,0,1,0,2,"[3, 5, 19]","[5, 1]","[1, 5]","[0, 4, -1]",0,0,1,0,0,0,0,0,6,18
2024031457222,2024,031457222,331018,499045,-3.06361,54.38221,3,3,3,14:00,-1,E06000064,3,0,1,0,2,19,1,5,0,0,0,1,0,0,0,0,0,6,18
2024031457233,2024,031457233,310507,488271,-3.37609,54.28221,3,3,3,16:00,-1,E06000063,6,0,9,0,2,4,1,5,0,0,0,0,0,0,1,0,1,6,18
2024031457714,2024,031457714,341370,554640,-2.9154,54.88306,2,2,4,17:48,-1,E06000063,6,0,1,0,1,"[7, 14]","[5, 8]","[1, 4]",0,0,0,1,0,1,0,0,0,6,19
2024031457820,2024,031457820,368683,521079,-2.48607,54.58393,3,3,7,11:20,-1,E06000064,6,0,1,0,2,19,7,3,0,0,0,1,0,0,0,0,1,6,8
2024031458090,2024,031458090,298714,516108,-3.56666,54.53009,3,3,5,16:03,-1,E06000063,6,0,1,0,1,"[19, 9]",7,8,0,0,0,1,0,1,0,0,0,6,20
2024031458107,2024,031458107,342408,566098,-2.90153,54.98613,2,2,5,17:00,-1,E06000063,6,0,1,0,2,4,5,1,0,0,0,0,0,1,0,0,0,6,20
2024031458136,2024,031458136,313057,482348,-3.33521,54.22943,3,3,5,16:09,-1,E06000063,3,0,1,0,2,"[13, 9]","[1, 3]","[5, 1]",0,0,0,1,0,0,0,0,0,6,20
2024031458413,2024,031458413,352252,529142,-2.7416,54.6551,3,3,6,11:00,-1,E06000064,3,0,1,0,2,"[3, 4]","[1, 8]",5,0,0,0,1,0,0,0,0,0,6,21
2024031458526,2024,031458526,301872,514997,-3.51751,54.52073,3,3,6,17:00,-1,E06000063,6,0,1,0,2,"[5, 19]","[8, 2]","[5, 6]",0,0,0,1,0,0,0,0,0,6,21
2024031458748,2024,031458748,338125,493634,-2.95308,54.3345,2,"[2, 3]",7,08:10,-1,E06000064,6,0,1,1,2,"[4, 19]","[6, 2]","[2, 6]",0,0,0,1,1,0,0,0,0,6,22
2024031458759,2024,031458759,299355,525677,-3.56004,54.61618,2,2,7,10:25,-1,E06000063,3,0,1,0,1,"[19, 4]","[5, 6]",6,0,0,0,1,0,1,0,0,0,6,22
2024031459012,2024,031459012,386175,510697,-2.21494,54.49142,2,2,1,11:48,-1,E06000064,6,0,1,0,2,19,3,7,0,1,0,0,0,1,0,0,0,6,23
2024031459060,2024,031459060,348535,536747,-2.80055,54.72307,3,3,7,16:00,-1,E06000064,1,0,1,0,2,19,5,1,0,0,0,1,0,0,1,0,0,6,22
2024031459122,2024,031459122,352942,529672,-2.73099,54.65993,3,3,7,18:00,-1,E06000064,3,0,1,0,2,"[19, 7]",6,"[1, 8]",0,0,0,1,0,1,0,0,0,6,22
2024031459130,2024,031459130,360751,506166,-2.6068,54.44936,3,3,1,19:30,-1,E06000064,1,0,1,0,2,19,3,6,10,0,0,1,0,0,0,0,0,6,23
2024031459172,2024,031459172,308581,499472,-3.4091,54.3825,3,3,1,20:17,-1,E06000063,6,0,1,0,2,19,"[2, 7]","[7, 2]",0,0,0,1,0,0,0,0,0,6,23
2024031459290,2024,031459290,349727,494680,-2.77485,54.34517,3,3,2,08:40,-1,E06000064,3,0,8,0,2,5,"[1, 8]",3,0,"[7, 0]",0,1,0,0,0,0,0,6,24
2024031459524,2024,031459524,347129,485313,-2.81315,54.26074,3,3,2,08:15,-1,E06000064,3,0,1,0,2,"[5, 3]","[5, 7]","[4, 7]",0,0,0,1,0,0,0,0,0,6,24
2024031459527,2024,031459527,347023,498488,-2.81712,54.37912,3,3,2,10:40,-1,E06000064,6,0,1,0,2,-1,-1,-1,-1,-1,0,1,1,0,0,0,0,6,24
2024031459599,2024,031459599,338743,517790,-2.94858,54.55163,1,1,2,20:14,-1,E06000064,3,0,1,0,2,19,1,5,0,1,0,0,0,1,0,0,0,6,24
2024031459686,2024,031459686,343181,556476,-2.88754,54.89976,3,3,3,07:49,-1,E06000063,1,0,1,0,2,19,5,1,0,0,0,0,0,1,0,0,0,6,25
2024031460474,2024,031460474,379305,512385,-2.32111,54.50635,3,3,4,12:32,-1,E06000064,3,0,1,0,2,19,1,5,0,1,0,1,0,0,0,0,0,6,26
2024031460561,2024,031460561,319890,471745,-3.2276,54.13528,2,2,4,17:01,-1,E06000064,6,0,1,0,1,19,5,1,0,1,0,0,0,1,0,0,0,6,26
2024031460744,2024,031460744,319384,469026,-3.23461,54.11077,3,3,2,07:30,-1,E06000064,6,0,1,0,1,"[9, 19]","[7, 4]","[5, 8]",0,0,0,1,1,0,0,0,0,5,20
2024031461034,2024,031461034,326917,484719,-3.12323,54.25291,3,3,5,15:00,-1,E06000064,3,0,1,0,2,-1,-1,-1,-1,-1,0,0,1,0,0,1,0,6,27
2024031461098,2024,031461098,351500,492835,-2.74728,54.32877,3,3,3,14:00,-1,E06000064,6,0,1,0,1,5,1,2,0,0,0,0,0,0,0,1,1,6,25
2024031461519,2024,031461519,311199,553400,-3.38517,54.86746,3,3,6,16:15,-1,E06000063,4,0,1,0,2,5,7,8,0,0,0,1,0,0,0,0,1,6,28
2024031461927,2024,031461927,340181,511032,-2.92498,54.49108,3,3,1,15:56,-1,E06000064,3,0,1,0,2,19,3,7,11,0,0,1,0,0,0,0,0,6,30
2024031462004,2024,031462004,343261,556059,-2.88621,54.89603,3,3,1,20:25,-1,E06000063,1,0,1,0,2,"[19, -1]","[7, -1]","[3, -1]","[0, -1]","[0, -1]",0,1,0,0,0,0,0,6,30
2024031462023,2024,031462023,318494,539783,-3.2677,54.74637,1,1,2,00:26,-1,E06000063,3,2,1,0,2,19,"[2, 6]","[6, 2]",0,0,0,1,0,0,0,0,0,7,1
2024031462605,2024,031462605,385430,514291,-2.22661,54.52369,2,2,3,09:25,-1,E06000064,3,0,1,0,2,"[19, 9]","[4, 3]",8,0,0,0,1,0,0,1,0,0,7,2
2024031462776,2024,031462776,301805,506805,-3.51582,54.44712,3,3,3,15:38,-1,E06000063,6,0,1,0,2,19,"[1, 3]","[5, 7]",0,0,0,1,0,1,0,0,0,7,2
2024031462982,2024,031462982,319624,469359,-3.23103,54.1138,3,3,4,09:45,-1,E06000064,6,0,1,0,1,19,8,4,0,0,0,1,0,0,0,0,1,7,3
2024031463152,2024,031463152,310728,488967,-3.3729,54.2885,3,3,4,10:52,-1,E06000063,6,0,1,0,2,19,1,5,0,0,0,1,0,0,0,0,1,7,3
2024031463196,2024,031463196,351480,493049,-2.74762,54.33069,3,3,4,15:15,-1,E06000064,3,0,1,1,1,4,5,1,0,0,0,1,0,0,0,0,1,7,3
2024031463756,2024,031463756,299959,528164,-3.55154,54.63864,2,2,5,16:45,-1,E06000063,4,0,1,0,1,4,1,5,0,0,0,1,1,0,0,0,0,7,4
2024031464029,2024,031464029,335991,527074,-2.99315,54.63471,2,2,5,00:25,-1,E06000064,3,2,2,1,2,19,7,3,0,7,0,1,0,0,0,0,0,6,27
2024031464085,2024,031464085,350958,528936,-2.76162,54.65312,3,3,6,16:03,-1,E06000064,1,0,1,0,2,4,5,"[8, 1]",0,0,0,1,0,0,1,0,0,7,5
2024031464090,2024,031464090,299250,525639,-3.56166,54.61582,3,3,7,17:00,-1,E06000063,3,0,1,0,1,7,1,3,0,0,0,1,0,0,0,0,1,6,29
2024031464097,2024,031464097,349762,494641,-2.7743,54.34483,3,3,6,23:50,-1,E06000064,3,2,1,0,2,19,"[7, 3]","[3, 7]",0,0,0,1,0,0,0,0,0,7,5
2024031464240,2024,031464240,342312,492141,-2.8884,54.32157,2,2,7,06:27,-1,E06000064,3,2,1,0,2,19,1,5,0,1,4,1,0,0,0,0,0,7,6
2024031464552,2024,031464552,342260,553892,-2.90138,54.87644,3,3,7,15:15,-1,E06000063,6,0,1,0,1,7,7,1,0,0,0,1,0,0,0,0,1,7,6
2024031464645,2024,031464645,308559,534609,-3.42036,54.69817,2,2,1,16:11,-1,E06000063,6,2,1,0,2,"[13, 19]",7,3,0,0,0,1,0,0,0,0,0,7,7
2024031464897,2024,031464897,337024,505431,-2.97251,54.44037,2,2,2,09:30,-1,E06000064,3,0,1,0,2,19,1,"[4, 5]",0,0,0,1,1,0,0,0,0,7,8
2024031464976,2024,031464976,319989,532175,-3.24239,54.67826,3,3,7,12:45,-1,E06000063,4,0,1,-1,2,"[9, 19]",1,5,"[11, 0]",0,0,1,0,1,0,0,0,7,6
2024031464980,2024,031464980,353576,482765,-2.71379,54.23847,3,3,2,15:35,-1,E06000064,1,0,1,0,2,"[19, 4]",2,6,0,0,0,1,0,0,0,0,0,7,8
2024031464987,2024,031464987,354688,539320,-2.70543,54.74678,3,3,1,18:00,-1,E06000064,6,0,8,0,2,5,1,1,0,0,0,1,0,0,0,0,1,7,7
2024031465381,2024,031465381,343235,481483,-2.87219,54.2259,2,2,3,11:15,-1,E06000064,3,0,2,1,2,5,4,7,0,1,4,1,0,0,0,0,0,7,9
2024031465905,2024,031465905,351683,529736,-2.75051,54.66038,3,3,4,11:45,-1,E06000064,6,0,1,1,1,19,2,6,0,0,0,1,0,0,0,0,1,7,10
2024031466001,2024,031466001,319580,469382,-3.23171,54.114,3,3,4,12:53,-1,E06000064,6,0,1,1,1,7,6,1,0,0,0,1,0,0,0,0,1,7,10
2024031466008,2024,031466008,350425,488874,-2.76314,54.29307,3,3,1,15:50,-1,E06000064,3,0,1,0,2,"[9, 19]","[3, 6]",2,0,0,0,1,0,0,0,0,0,6,30
2024031466192,2024,031466192,354111,523947,-2.71197,54.60859,2,2,5,02:20,-1,E06000064,1,2,1,0,2,19,4,8,0,0,0,1,0,0,1,0,0,7,11
2024031466371,2024,031466371,307202,519006,-3.43646,54.55775,3,3,4,16:57,-1,E06000063,6,0,1,1,2,19,"[5, 1]","[1, 5]","[10, 0]",0,0,1,0,0,0,0,0,7,10
2024031466391,2024,031466391,376581,515272,-2.36341,54.53218,2,2,5,10:00,-1,E06000064,3,0,1,0,2,19,"[3, 7]","[7, 3]",0,"[1, 0]",0,0,0,0,1,0,0,7,11
2024031466713,2024,031466713,328184,475491,-3.10158,54.17017,2,2,6,08:20,-1,E06000064,6,0,2,1,2,19,1,5,0,0,0,0,0,1,0,0,0,7,12
2024031467042,2024,031467042,342974,562072,-2.89188,54.95002,3,3,6,13:40,-1,E06000063,6,0,1,-1,2,-1,-1,-1,-1,-1,0,1,1,0,0,0,0,7,12
2024031467110,2024,031467110,310199,491025,-3.38165,54.3069,2,"[3, 2]",6,18:17,-1,E06000063,3,0,1,0,2,"[19, 7]",5,"[1, 7]",0,"[1, 7]",0,1,0,0,0,0,0,7,12
2024031467131,2024,031467131,320911,543046,-3.23105,54.77607,2,2,5,16:45,-1,E06000063,6,0,4,0,2,19,7,3,0,0,0,1,0,0,0,0,1,7,11
2024031467181,2024,031467181,374278,516605,-2.39911,54.54404,3,3,7,02:25,-1,E06000064,3,2,1,0,2,19,"[3, 7]","[7, 3]",0,0,0,1,0,0,1,0,0,7,13
2024031467245,2024,031467245,296805,516100,-3.59615,54.52963,2,2,6,14:39,-1,E06000063,6,0,1,0,1,"[3, 4]",1,5,0,0,0,1,0,1,0,0,0,7,12
2024031467391,2024,031467391,299030,528182,-3.56594,54.63862,1,"[1, 2]",7,18:23,-1,E06000063,6,0,1,0,2,19,4,8,10,1,0,0,0,1,0,0,0,7,13
2024031467404,2024,031467404,334272,506207,-3.01511,54.44699,3,3,7,15:55,-1,E06000064,3,0,1,0,2,19,"[5, 1]","[1, 5]",0,0,0,1,0,0,0,0,0,7,13
2024031467410,2024,031467410,297331,517998,-3.58869,54.54679,2,"[3, 2]",7,12:50,-1,E06000063,6,0,1,0,1,19,"[4, 2]",6,0,0,0,1,0,0,0,0,0,7,13
2024031467457,2024,031467457,341768,559019,-2.91009,54.92245,2,2,1,03:26,-1,E06000063,1,2,2,1,2,13,5,1,0,1,0,1,0,0,0,0,0,7,14
2024031467615,2024,031467615,318641,479697,-3.24886,54.20653,3,3,1,15:44,-1,E06000063,6,0,1,0,2,"[9, 19]","[2, 4]","[8, 7]",0,0,0,1,0,0,0,0,0,7,14
2024031468311,2024,031468311,319272,469415,-3.23643,54.11425,3,3,6,16:00,-1,E06000064,3,0,1,0,1,"[5, 19]",7,3,0,0,0,1,0,0,0,0,0,7,12
2024031468478,2024,031468478,365309,491996,-2.53485,54.32236,2,2,3,18:30,-1,E06000064,3,0,1,0,2,"[9, 19]","[1, 3]","[7, 1]",0,0,0,1,0,0,0,0,0,7,16
2024031468485,2024,031468485,352883,490497,-2.72564,54.30789,2,2,2,19:46,-1,E06000064,6,0,1,0,1,"[19, 2]","[4, 7]","[8, 6]","[4, 0]",0,0,1,0,0,0,0,0,6,24
2024031468809,2024,031468809,322000,469358,-3.19469,54.11416,3,3,4,11:20,-1,E06000064,3,0,1,0,2,7,3,7,0,0,0,1,0,0,0,0,1,7,17
2024031468840,2024,031468840,328435,523893,-3.1094,54.60511,2,2,3,17:20,-1,E06000063,3,0,1,0,2,"[19, 9]","[3, 4]","[7, 3]",0,"[0, 6]","[0, 10]",1,0,0,0,0,0,7,16
2024031468898,2024,031468898,350631,489368,-2.76006,54.29753,3,3,4,14:04,-1,E06000064,3,0,1,0,2,19,5,"[1, 2]",0,0,0,1,0,0,0,0,0,7,17
2024031468971,2024,031468971,335138,549936,-3.01147,54.84002,3,3,4,11:40,-1,E06000063,6,0,1,0,2,19,"[7, 3]","[3, 7]",0,"[1, 0]",0,1,0,0,0,0,0,7,17
2024031468983,2024,031468983,353456,482540,-2.7156,54.23643,3,3,4,10:49,-1,E06000064,1,0,1,0,2,"[3, 19]",1,5,0,0,0,1,0,0,0,0,0,7,17
2024031469031,2024,031469031,349898,494500,-2.77219,54.34357,3,3,4,17:01,-1,E06000064,3,0,1,0,2,19,"[5, 4]","[1, 5]",0,0,0,1,0,0,0,0,0,7,17
2024031469532,2024,031469532,365182,526343,-2.54086,54.63101,2,2,6,00:45,-1,E06000064,6,2,1,1,2,19,4,1,0,1,0,1,0,0,0,0,0,7,19
2024031469801,2024,031469801,322249,547404,-3.21143,54.81543,3,3,6,14:00,-1,E06000063,3,0,1,0,2,"[-1, 7]","[-1, 3]","[-1, 5]","[-1, 0]","[-1, 0]",0,1,0,0,0,0,0,7,19
2024031469856,2024,031469856,342222,554495,-2.90209,54.88185,2,2,4,19:08,-1,E06000063,6,0,1,0,1,4,7,3,0,0,0,1,0,0,0,0,1,6,19
2024031469949,2024,031469949,344103,555103,-2.8729,54.88753,2,2,6,19:35,-1,E06000063,6,0,1,0,1,5,4,4,0,0,0,1,0,0,0,0,1,7,19
2024031470175,2024,031470175,307987,538665,-3.43052,54.73451,2,2,5,18:10,-1,E06000063,3,0,1,0,2,13,1,5,0,0,0,1,0,1,0,0,0,7,11