collision_index,collision_year,collision_ref_no,location_easting_osgr,location_northing_osgr,longitude,latitude,casualty_severity,casualty_severity,day_of_week,time,local_authority_district,local_authority_ons_district,first_road_class,light_conditions,weather_conditions,road_surface_conditions,urban_or_rural_area,vehicle_manoeuvre,vehicle_direction_from,vehicle_direction_to,hit_object_in_carriageway,vehicle_leaving_carriageway,hit_object_off_carriageway,is_car,is_cyle,is_mcyle,is_goodsv,is_other,is_pedestrian,month,day
2024031470200,2024,031470200,301981,514942,-3.51581,54.52026,2,2,6,16:30,-1,E06000063,6,0,1,0,2,"[15, 5]","[2, 5]","[8, 2]",0,0,0,1,0,0,0,0,0,7,19
2024031470207,2024,031470207,305755,539040,-3.46529,54.73746,3,3,5,17:20,-1,E06000063,4,0,1,0,2,15,"[2, 4]",6,0,0,0,1,0,0,0,0,0,7,11
2024031470220,2024,031470220,319113,470015,-3.23902,54.11961,3,3,6,13:30,-1,E06000064,6,0,1,0,1,3,7,3,0,0,0,1,0,0,0,0,0,7,19
2024031470236,2024,031470236,299646,516870,-3.55253,54.53712,3,3,7,18:49,-1,E06000063,4,0,2,1,2,19,"[1, 5]","[5, 1]",0,0,0,1,0,0,0,0,0,7,20
2024031470293,2024,031470293,310018,533196,-3.3973,54.68574,3,3,1,02:00,-1,E06000063,3,2,1,1,2,19,0,0,10,0,0,1,0,0,0,0,0,7,21
2024031470368,2024,031470368,366522,491940,-2.5162,54.32193,3,3,3,18:00,-1,E06000064,3,0,1,0,2,"[19, 4]",4,8,0,0,0,1,0,0,0,0,0,7,16
2024031470396,2024,031470396,356692,512208,-2.67028,54.50333,3,3,6,14:10,-1,E06000064,3,0,1,0,2,19,"[2, 6]","[6, 7]",0,"[0, 7]",0,1,0,0,1,0,0,7,19
2024031470777,2024,031470777,350747,486906,-2.75787,54.27541,3,3,6,11:30,-1,E06000064,6,0,1,0,2,"[13, -1]","[7, -1]","[3, -1]","[0, -1]","[0, -1]",0,1,1,0,0,0,0,7,19
2024031470900,2024,031470900,344724,537824,-2.85991,54.73234,2,2,6,09:30,-1,E06000064,6,0,1,0,2,"[3, 19]","[2, 6]","[6, 2]",0,0,0,0,1,0,1,0,0,7,19
2024031470912,2024,031470912,335794,485643,-2.9872,54.2624,2,"[3, 2]",2,17:54,-1,E06000064,3,0,1,1,2,19,"[6, 2]","[2, 5]",0,0,0,1,0,0,0,0,0,7,22
2024031470924,2024,031470924,319630,470914,-3.23135,54.12777,3,3,7,11:30,-1,E06000064,6,0,1,0,1,1,3,7,0,0,0,1,0,0,0,0,1,7,20
2024031471063,2024,031471063,320801,474033,-3.21426,54.15598,3,3,2,14:48,-1,E06000064,3,0,1,0,2,"[3, 19]",7,2,0,0,0,1,0,0,0,0,0,7,22
2024031471159,2024,031471159,321727,501275,-3.20722,54.4009,3,3,1,10:40,-1,E06000063,6,0,1,0,2,7,3,5,0,"[0, 1]",0,1,0,1,0,0,0,7,21
2024031471768,2024,031471768,339303,500967,-2.93646,54.40053,3,3,4,16:40,-1,E06000064,3,0,1,0,2,19,1,5,0,0,0,1,0,0,0,0,0,7,24
2024031471874,2024,031471874,338796,476431,-2.93924,54.17999,3,3,2,20:59,-1,E06000064,4,0,1,0,2,19,7,3,0,0,0,1,0,0,0,0,0,7,22
2024031471939,2024,031471939,340552,555553,-2.92834,54.89116,2,2,4,15:19,-1,E06000063,6,0,1,0,1,19,8,6,0,0,0,1,0,0,0,0,1,7,17
2024031472146,2024,031472146,337610,504526,-2.96329,54.43231,3,3,5,14:06,-1,E06000064,3,0,1,0,2,19,2,6,0,0,0,1,0,0,0,0,1,7,25
2024031472490,2024,031472490,353114,477494,-2.72005,54.19106,2,2,6,15:52,-1,E06000064,6,0,1,0,2,"[19, 10]","[1, 5]","[5, 2]",0,"[1, 0]",0,0,0,1,0,1,0,7,26
2024031472491,2024,031472491,301085,510778,-3.52825,54.48267,3,3,6,12:30,-1,E06000063,6,0,1,0,2,1,1,5,0,0,0,1,0,0,0,0,1,7,26
2024031472494,2024,031472494,338833,567083,-2.95759,54.99455,2,2,6,15:00,-1,E06000063,3,0,1,0,2,"[19, 9]",5,"[8, 3]",0,0,0,1,0,1,0,0,0,7,26
2024031472731,2024,031472731,363510,525351,-2.56664,54.62197,3,3,7,10:20,-1,E06000064,6,0,2,1,2,"[15, 9]","[7, 3]","[5, 6]",0,0,0,1,0,0,1,0,0,7,27
2024031472848,2024,031472848,340123,546359,-2.93312,54.8085,3,3,7,15:56,-1,E06000063,6,0,1,0,2,19,"[3, 8]","[8, 3]",0,0,0,1,0,0,0,1,0,7,27
2024031473106,2024,031473106,359543,493035,-2.62364,54.33127,1,1,1,14:20,-1,E06000064,3,0,1,0,2,"[19, 5]","[4, 6]","[8, 2]",0,0,0,1,0,1,0,0,0,7,28
2024031473121,2024,031473121,341999,555914,-2.90586,54.89458,3,3,1,11:30,-1,E06000063,3,0,1,0,2,"[19, 9]",3,7,0,0,0,1,0,1,0,0,0,7,28
2024031473449,2024,031473449,337201,505699,-2.96984,54.4428,3,3,5,14:00,-1,E06000064,6,0,8,-1,2,19,-1,-1,-1,-1,0,1,0,0,0,0,1,7,25
2024031473540,2024,031473540,299351,528033,-3.56092,54.63734,3,3,2,18:08,-1,E06000063,3,0,3,0,1,19,"[7, 1]","[3, 5]",0,0,0,0,0,1,0,1,0,7,29
2024031473583,2024,031473583,323500,482277,-3.17504,54.23046,2,2,2,16:26,-1,E06000064,6,0,1,0,2,19,7,7,0,0,0,0,0,1,0,0,0,7,29
2024031473615,2024,031473615,332351,550574,-3.055,54.84538,3,3,2,20:13,-1,E06000063,3,0,1,0,2,"[5, 19]","[2, 8]","[6, 5]",0,0,0,1,1,0,0,0,0,7,29
2024031474494,2024,031474494,340102,554441,-2.93512,54.88112,3,3,4,19:26,-1,E06000063,6,0,1,0,1,19,2,6,0,0,0,1,0,0,0,0,1,7,31
2024031474572,2024,031474572,368483,521176,-2.48917,54.58479,3,3,5,06:24,-1,E06000064,3,0,2,1,2,"[12, 19]",3,7,0,"[4, 0]",0,1,0,0,1,0,0,8,1
2024031475010,2024,031475010,302152,533487,-3.51936,54.68689,3,3,5,18:25,-1,E06000063,6,0,1,0,2,-1,-1,-1,-1,-1,0,1,1,0,0,0,0,8,1
2024031475041,2024,031475041,330045,496903,-3.07808,54.36283,3,3,5,12:30,-1,E06000064,3,0,1,0,2,19,1,5,0,1,11,1,0,0,0,0,0,8,1
2024031475237,2024,031475237,298656,516717,-3.56777,54.53555,3,3,6,08:58,-1,E06000063,6,0,1,0,1,"[1, 2]","[3, 0]","[3, 0]","[4, 0]",0,0,1,0,0,0,0,0,8,2
2024031475295,2024,031475295,322358,526771,-3.20422,54.63007,3,3,6,16:07,-1,E06000063,3,0,1,0,2,"[12, 15]",5,5,"[0, 7]",0,0,1,0,0,0,0,0,8,2
2024031475344,2024,031475344,339671,556056,-2.94218,54.89558,3,3,6,16:00,-1,E06000063,6,0,1,0,1,"[5, 19]","[5, 2]","[3, 7]",0,0,0,1,1,0,0,0,0,8,2
2024031475561,2024,031475561,340183,511268,-2.92499,54.4932,2,2,6,10:30,-1,E06000064,3,0,1,0,2,19,1,5,0,0,0,1,0,0,0,0,0,8,2
2024031475726,2024,031475726,362660,492063,-2.57559,54.32277,2,2,1,08:45,-1,E06000064,3,0,1,0,2,19,"[3, 7]","[7, 3]",0,"[1, 0]",0,1,0,1,0,0,0,8,4
2024031476056,2024,031476056,334080,556764,-3.0295,54.90123,2,2,2,09:04,-1,E06000063,4,0,1,1,2,19,4,7,0,7,4,1,0,0,0,0,0,8,5
2024031476191,2024,031476191,335621,484418,-2.98959,54.25137,2,2,2,14:19,-1,E06000064,3,0,1,0,2,19,2,6,0,7,0,1,0,0,0,0,0,8,5
2024031476194,2024,031476194,355725,533847,-2.68849,54.6977,3,3,2,14:23,-1,E06000064,6,0,1,0,2,"[19, 9]","[8, 7]",8,0,"[0, 7]","[0, 11]",1,0,0,0,0,0,8,5
2024031476594,2024,031476594,369084,519828,-2.47973,54.57272,2,"[3, 2]",3,15:15,-1,E06000064,4,0,1,0,2,"[12, 19]","[3, 7]","[7, 3]",0,0,0,1,0,0,0,0,0,8,6
2024031476621,2024,031476621,319743,492558,-3.23542,54.32227,3,3,2,12:40,-1,E06000064,6,0,1,0,2,19,"[5, 1]","[1, 5]",0,"[0, 1]",0,1,0,0,0,0,0,8,5
2024031476633,2024,031476633,334536,483866,-3.00612,54.24628,3,3,3,17:45,-1,E06000064,6,0,1,0,2,19,7,3,0,0,0,1,0,0,0,0,1,8,6
2024031476671,2024,031476671,342087,553669,-2.90403,54.87442,3,3,3,16:38,-1,E06000063,6,0,1,0,1,19,3,7,0,0,0,1,0,0,0,0,1,8,6
2024031476683,2024,031476683,339467,556003,-2.94535,54.89508,3,3,3,14:30,-1,E06000063,3,0,1,0,1,5,"[4, 7]","[1, 3]",0,0,0,1,0,0,0,0,0,8,6
2024031476953,2024,031476953,340344,497017,-2.91963,54.36516,3,3,7,15:30,-1,E06000064,3,0,1,0,2,19,5,1,0,0,0,1,0,0,0,0,1,8,3
2024031477045,2024,031477045,343469,576956,-2.8871,55.08381,2,2,3,12:00,-1,E06000063,4,0,1,0,2,"[6, 19]",6,2,0,"[0, 1]",0,1,1,0,0,0,0,8,6
2024031477046,2024,031477046,319645,471847,-3.23137,54.13616,2,2,4,16:29,-1,E06000064,6,0,4,0,1,"[2, 19]","[0, 5]","[0, 1]",0,0,0,1,0,0,0,0,0,8,7
2024031477065,2024,031477065,311906,532256,-3.36774,54.67763,2,2,4,15:45,-1,E06000063,3,0,1,0,2,"[19, 9]","[6, 8]","[2, 6]",0,"[7, 0]",0,1,0,1,0,0,0,8,7
2024031477759,2024,031477759,318779,545451,-3.26486,54.79734,2,2,3,12:29,-1,E06000063,3,0,1,0,2,"[19, 7, 15]","[7, 3]","[1, 7]",0,0,0,1,0,0,1,0,0,8,6
2024031478047,2024,031478047,316390,530307,-3.29766,54.66089,3,3,6,14:30,-1,E06000063,6,0,1,0,2,"[19, 5]","[7, 5]","[3, 2]",0,0,0,1,1,0,0,0,0,8,9
2024031478120,2024,031478120,329066,477921,-3.08864,54.19213,3,3,7,12:51,-1,E06000064,6,0,1,0,1,"[2, 19]","[3, 5]","[3, 1, 7]",0,0,0,1,0,0,0,0,0,8,10
2024031478233,2024,031478233,309784,496653,-3.38973,54.35739,2,2,7,15:34,-1,E06000063,3,0,1,0,2,19,3,7,0,7,0,0,0,1,0,0,1,8,10
2024031478523,2024,031478523,342650,559032,-2.89633,54.92267,3,3,1,16:12,-1,E06000063,4,0,1,0,2,4,6,2,0,0,0,1,0,0,0,0,0,8,11
2024031478530,2024,031478530,340328,554579,-2.93163,54.88239,3,3,1,16:10,-1,E06000063,6,0,1,0,1,19,"[1, 5]","[2, 5]","[0, 4]",0,0,1,0,0,0,0,0,8,11
2024031478547,2024,031478547,349859,536927,-2.78003,54.72482,3,3,1,17:10,-1,E06000064,3,0,1,0,2,19,1,5,0,0,0,1,0,0,0,0,0,8,11
2024031478588,2024,031478588,345091,533727,-2.85344,54.69557,2,2,7,22:00,-1,E06000064,6,2,1,0,2,19,5,8,0,7,11,1,0,0,0,0,0,8,10
2024031479355,2024,031479355,339882,500458,-2.92744,54.39603,3,3,3,17:03,-1,E06000064,3,0,2,1,2,19,8,4,10,7,11,1,0,0,0,0,0,8,13
2024031479599,2024,031479599,321249,468873,-3.20605,54.10968,2,2,4,09:40,-1,E06000064,6,0,1,0,1,"[5, 19]",7,3,0,"[0, 1]","[0, 11]",1,0,1,0,0,0,8,14
2024031479606,2024,031479606,297645,515190,-3.58286,54.52163,3,3,4,12:00,-1,E06000063,6,0,1,0,2,7,1,7,0,0,0,0,0,1,0,0,0,8,14
2024031479727,2024,031479727,349731,494685,-2.77479,54.34522,3,3,4,14:30,-1,E06000064,3,0,1,0,2,"[19, 5]","[3, 1]",7,0,"[7, 0]",0,1,0,0,1,0,0,8,14
2024031479811,2024,031479811,351447,530322,-2.75427,54.66562,3,3,4,15:19,-1,E06000064,3,0,1,0,1,19,1,2,0,0,0,0,0,0,0,0,1,8,14
2024031479990,2024,031479990,303658,527002,-3.49387,54.62892,2,2,5,06:30,-1,E06000063,3,0,2,1,2,"[13, 19]","[2, 6]","[6, 2]",0,"[0, 1]",0,1,0,0,0,0,0,8,15
2024031480011,2024,031480011,359873,495616,-2.61891,54.35449,1,1,5,11:00,-1,E06000064,1,0,2,1,2,19,5,1,0,1,4,1,0,0,0,0,0,8,15
2024031480292,2024,031480292,303667,536459,-3.49685,54.71388,3,3,5,16:15,-1,E06000063,6,0,2,1,2,"[5, 19]","[4, 8]","[8, 4]",0,0,0,1,0,0,0,1,1,8,15
2024031480465,2024,031480465,338986,555893,-2.95282,54.89403,3,3,6,10:00,-1,E06000063,4,0,1,0,1,"[9, 19]","[3, 7]","[1, 3]",0,0,0,1,0,0,0,0,0,8,16
2024031480795,2024,031480795,331757,518976,-3.05684,54.56139,3,3,6,16:15,-1,E06000063,3,0,9,0,2,"[4, 19]","[5, 1]","[5, 2]",0,0,0,1,0,0,0,0,0,8,16
2024031480800,2024,031480800,324683,523708,-3.16743,54.60291,3,3,7,13:32,-1,E06000063,3,0,1,0,2,19,7,3,0,1,2,1,0,0,0,0,0,8,17
2024031480829,2024,031480829,340346,509572,-2.92213,54.47798,3,3,7,11:12,-1,E06000064,3,0,1,0,2,19,5,1,0,0,0,1,1,0,0,0,0,8,17
2024031480864,2024,031480864,299224,527157,-3.56258,54.62945,3,3,7,15:39,-1,E06000063,4,0,1,0,1,19,5,1,0,0,0,1,0,0,0,0,1,8,17
2024031480943,2024,031480943,334114,567597,-3.03146,54.99857,2,"[3, 2]",7,23:00,-1,E06000063,6,2,1,0,2,19,3,7,0,7,0,1,0,0,0,0,0,8,17
2024031481008,2024,031481008,320381,470143,-3.21966,54.12096,3,3,6,06:45,-1,E06000064,6,0,1,0,1,-1,-1,-1,-1,-1,0,1,0,0,0,0,0,8,16
2024031481073,2024,031481073,336532,555729,-2.99104,54.89225,3,3,7,19:05,-1,E06000063,6,0,1,0,2,"[13, 12]",4,"[8, 6]",0,"[0, 7]",0,1,1,0,0,0,0,8,17
2024031481217,2024,031481217,307944,500391,-3.41919,54.39065,2,"[3, 2]",6,10:00,-1,E06000063,3,0,1,0,2,"[3, 19, 9]","[5, 1]","[1, 5, 2]",0,"[0, 1]","[0, 9]",1,0,0,0,0,0,8,16
2024031481318,2024,031481318,321642,472223,-3.20091,54.13984,3,3,4,12:30,-1,E06000064,6,0,1,0,2,"[19, 7]",6,"[2, 6]",0,0,0,1,1,0,0,0,0,8,14
2024031481430,2024,031481430,340751,554030,-2.92492,54.8775,3,3,1,11:30,-1,E06000063,6,0,1,0,1,19,1,5,0,0,0,1,0,0,0,0,1,8,18
2024031481620,2024,031481620,338451,555440,-2.96107,54.88989,3,3,4,19:43,-1,E06000063,6,2,1,0,1,19,1,7,0,0,0,1,0,0,0,0,1,8,14
2024031481842,2024,031481842,335712,495683,-2.99062,54.35261,2,2,2,10:00,-1,E06000064,6,0,1,0,2,"[9, 19]","[1, 4]","[5, 1]",0,0,0,1,1,0,0,0,0,8,19
2024031481885,2024,031481885,346418,525783,-2.8314,54.62433,3,3,3,11:30,-1,E06000064,6,0,1,0,2,19,"[8, 4]","[4, 8]",0,0,0,1,0,0,0,0,0,8,20
2024031481985,2024,031481985,369736,496599,-2.46726,54.364,1,1,3,18:00,-1,E06000064,3,0,2,1,2,19,1,5,0,0,0,1,0,0,0,0,0,8,20
2024031482009,2024,031482009,341284,489519,-2.90369,54.29789,2,2,3,16:40,-1,E06000064,6,0,2,1,2,19,4,5,0,0,0,0,0,1,0,0,0,8,20
2024031482026,2024,031482026,321672,473088,-3.20068,54.14762,1,"[1, 2]",3,22:23,-1,E06000064,6,2,2,1,2,19,"[4, 8]","[8, 4]",0,0,0,1,0,0,0,0,0,8,20
2024031483033,2024,031483033,297269,518214,-3.58972,54.54872,3,3,6,12:30,-1,E06000063,3,0,1,0,1,9,5,3,0,0,0,1,0,0,0,0,1,8,23
2024031483046,2024,031483046,340586,497240,-2.91596,54.36719,3,3,6,11:00,-1,E06000064,3,0,1,0,2,"[19, -1]","[6, -1]","[2, -1]","[0, -1]","[0, -1]",0,1,0,0,0,0,0,8,23
2024031483108,2024,031483108,298744,516413,-3.5663,54.53283,2,2,6,16:12,-1,E06000063,6,0,1,0,1,19,4,8,0,0,0,1,0,0,0,0,1,8,23
2024031483149,2024,031483149,297655,518233,-3.58376,54.54896,3,3,6,17:00,-1,E06000063,6,0,1,0,1,3,1,7,0,0,0,1,0,0,0,0,0,8,23
2024031483237,2024,031483237,341990,555914,-2.906,54.89458,3,3,6,01:45,-1,E06000063,3,2,2,1,2,7,5,7,0,0,0,1,0,0,0,0,1,8,23
2024031483290,2024,031483290,346291,559890,-2.83969,54.93078,3,3,7,03:43,-1,E06000063,3,2,2,1,2,19,7,3,0,7,0,1,0,0,0,0,0,8,24
2024031483432,2024,031483432,324985,524012,-3.16283,54.60568,3,3,7,10:30,-1,E06000063,3,0,1,0,2,"[9, 19]","[7, 3]","[5, 7]",0,0,0,1,0,0,0,0,0,8,24
2024031484375,2024,031484375,319709,469497,-3.22977,54.11505,3,3,6,15:23,-1,E06000064,6,0,1,1,1,"[4, 9]","[5, 1]","[1, 3]",0,"[0, 7]","[0, 1]",1,0,0,0,0,0,8,23
2024031484518,2024,031484518,343609,551792,-2.87995,54.85773,3,3,4,09:32,-1,E06000063,3,0,1,0,2,5,6,1,0,0,0,1,0,0,0,0,1,8,28
2024031484725,2024,031484725,359466,497614,-2.62545,54.37241,1,"[1, 3]",5,17:20,-1,E06000064,3,0,1,0,2,19,2,6,0,2,11,1,0,0,0,0,0,8,22
2024031485075,2024,031485075,342672,555642,-2.89531,54.89221,2,2,5,13:33,-1,E06000063,6,0,1,0,1,19,2,6,0,0,0,1,0,0,0,0,0,8,29
2024031485275,2024,031485275,334845,484168,-3.00145,54.24903,3,3,5,11:00,-1,E06000064,3,0,1,0,2,19,0,0,0,0,0,1,0,0,0,0,1,8,29
2024031485628,2024,031485628,338881,559208,-2.95516,54.9238,3,3,7,01:15,-1,E06000063,6,2,1,0,1,"[2, 19]","[7, 2]","[7, 5]","[0, 4]",0,0,1,0,0,1,0,0,8,31
2024031485630,2024,031485630,311966,530690,-3.36633,54.66357,2,2,6,07:54,-1,E06000063,4,0,1,0,2,19,"[1, 5]","[5, 1]",0,0,0,1,0,1,0,0,0,5,17
2024031485850,2024,031485850,345703,553319,-2.84762,54.87168,3,3,7,16:50,-1,E06000063,4,0,1,0,2,19,"[6, 2]",6,0,0,0,1,0,1,0,0,0,8,31
2024031486129,2024,031486129,310457,530769,-3.38974,54.66402,2,"[3, 2]",1,17:48,-1,E06000063,6,0,1,0,2,19,5,8,10,7,4,1,0,0,0,0,0,9,1
2024031486145,2024,031486145,364653,505296,-2.54652,54.44183,3,3,1,21:05,-1,E06000064,3,2,2,1,2,19,3,7,12,0,0,1,0,0,0,0,0,9,1
2024031486494,2024,031486494,331140,520165,-3.06666,54.57199,3,3,2,16:35,-1,E06000063,3,0,1,1,2,19,8,4,0,0,0,1,0,0,0,0,0,9,2
2024031486757,2024,031486757,334440,526918,-3.01714,54.63311,2,"[3, 2]",3,10:47,-1,E06000064,3,0,1,0,2,"[19, 4, 3]",3,7,0,"[1, 0]",0,1,0,0,0,0,0,9,3
2024031486935,2024,031486935,301583,525348,-3.52544,54.61366,3,3,3,16:45,-1,E06000063,6,0,1,0,2,"[5, 10]","[1, 3]","[5, 8]",0,0,0,1,0,0,0,0,0,9,3
2024031486975,2024,031486975,327288,477306,-3.11574,54.18635,3,3,3,16:55,-1,E06000064,3,0,1,0,2,"[14, 5]","[6, 8]","[2, 5]",0,0,0,1,0,1,0,0,0,9,3
2024031487172,2024,031487172,328601,477662,-3.09571,54.18973,3,3,4,12:00,-1,E06000064,6,0,1,1,1,"[19, 5]","[5, 7]","[1, 5]",0,0,0,1,0,1,0,0,0,9,4
2024031487344,2024,031487344,352195,490865,-2.73627,54.31113,3,3,3,09:35,-1,E06000064,3,0,1,0,1,"[3, 19]",1,5,0,0,0,1,0,0,0,0,0,9,3
2024031487386,2024,031487386,318067,467719,-3.2544,54.09882,3,3,4,17:30,-1,E06000064,6,0,1,0,2,"[13, 19]",5,1,0,0,0,1,1,0,0,0,0,9,4
2024031487420,2024,031487420,296904,513474,-3.5937,54.50606,3,3,4,18:12,-1,E06000063,6,0,1,0,2,19,3,7,0,0,0,1,0,0,0,0,0,8,28
2024031487436,2024,031487436,297900,519980,-3.58058,54.56471,3,3,4,08:46,-1,E06000063,3,0,1,0,2,"[3, 19]",1,5,0,0,0,1,0,0,1,0,0,9,4
2024031487755,2024,031487755,338092,568324,-2.96944,55.00561,3,3,5,17:55,-1,E06000063,3,0,1,0,2,19,"[8, 5, 4]",8,0,0,0,1,0,0,0,1,0,9,5
2024031488149,2024,031488149,299815,519978,-3.55098,54.56507,3,3,6,14:30,-1,E06000063,6,0,1,0,2,"[19, 7]","[5, 7]",2,0,0,0,1,0,1,0,0,0,9,6
2024031488605,2024,031488605,309850,533287,-3.39993,54.68653,3,3,6,23:00,-1,E06000063,3,2,1,0,2,19,3,7,0,7,0,1,0,0,0,0,0,9,6
2024031488681,2024,031488681,327035,521298,-3.13043,54.5816,3,3,7,18:30,-1,E06000063,4,0,9,0,2,19,1,5,0,0,0,1,0,0,0,0,1,9,7
2024031488769,2024,031488769,361474,505507,-2.59557,54.4435,2,2,1,16:30,-1,E06000064,1,0,2,1,2,19,1,5,0,1,1,1,0,0,0,0,0,9,8
2024031488785,2024,031488785,297398,517931,-3.58763,54.5462,3,3,3,15:52,-1,E06000063,4,0,2,1,1,19,3,7,0,1,11,1,0,0,0,0,0,8,27
2024031488975,2024,031488975,320344,470130,-3.22022,54.12084,3,3,2,08:31,-1,E06000064,6,0,1,0,1,"[11, 19]",6,2,0,"[1, 0]","[11, 0]",1,0,0,0,0,0,9,9
2024031489269,2024,031489269,339466,556002,-2.94536,54.89507,3,3,2,19:32,-1,E06000063,3,0,1,0,1,"[5, 19]","[7, 1]","[3, 5]",0,0,0,1,0,0,0,0,0,9,9
2024031489433,2024,031489433,320101,469526,-3.22378,54.11537,2,2,3,08:35,-1,E06000064,6,0,2,1,1,19,3,1,0,0,0,1,0,0,0,0,1,9,10
2024031489659,2024,031489659,315023,524256,-3.31708,54.60629,2,2,3,12:50,-1,E06000063,6,0,1,0,2,19,"[5, 1]","[1, 5]",0,0,0,1,1,0,0,0,0,9,10
2024031489670,2024,031489670,340269,508736,-2.92315,54.47046,2,2,3,13:40,-1,E06000064,3,0,5,1,2,19,5,1,10,0,0,1,0,0,0,0,0,9,10
2024031489905,2024,031489905,338519,553773,-2.95965,54.87492,3,3,4,15:18,-1,E06000063,4,0,1,0,2,19,2,6,0,0,0,1,0,0,0,0,0,9,4
2024031490042,2024,031490042,372909,543379,-2.42276,54.78457,3,3,3,12:13,-1,E06000064,6,0,1,0,2,"[7, 8]",5,1,0,0,0,1,0,0,0,0,0,9,10
2024031490182,2024,031490182,299953,513420,-3.54661,54.50619,3,3,4,17:12,-1,E06000063,3,0,1,0,2,"[13, 6]",5,"[8, 4]",0,0,0,1,0,1,0,0,0,9,11
2024031491147,2024,031491147,337875,540015,-2.96673,54.75123,2,2,6,15:49,-1,E06000064,4,0,1,0,2,4,8,4,0,0,0,1,0,0,0,0,0,9,13
2024031491150,2024,031491150,340995,555902,-2.92151,54.89435,3,3,6,17:10,-1,E06000063,6,0,1,0,1,"[19, 2]","[3, 7, 2]","[7, 3, 6]",0,0,0,1,0,0,0,0,0,9,13
2024031491188,2024,031491188,359343,563018,-2.63647,54.96013,3,3,6,12:00,-1,E06000063,3,0,1,0,2,19,7,3,0,0,0,1,0,0,0,0,0,9,13
2024031491388,2024,031491388,341575,498648,-2.90101,54.37996,3,3,7,13:10,-1,E06000064,3,0,1,1,2,"[19, 10]",8,4,0,0,0,1,0,0,0,0,0,9,14
2024031491437,2024,031491437,325292,516872,-3.15626,54.54157,3,3,7,12:00,-1,E06000063,4,0,1,0,2,19,5,1,0,0,0,1,0,0,0,0,1,9,14
2024031491442,2024,031491442,305986,514042,-3.45367,54.51293,2,2,7,16:56,-1,E06000063,6,0,1,0,2,19,1,5,0,0,0,0,0,1,0,0,0,9,7
2024031491512,2024,031491512,367719,505127,-2.49923,54.44052,3,3,7,21:17,-1,E06000064,3,2,1,0,2,"[19, 13]","[3, 7]","[7, 3]","[0, -1]","[7, -1]",0,1,0,0,0,0,0,9,14
2024031491526,2024,031491526,343670,551601,-2.87896,54.85602,1,1,7,20:00,-1,E06000063,1,2,1,0,2,19,5,1,11,0,0,1,0,0,0,0,1,9,14
2024031491607,2024,031491607,308983,498126,-3.4025,54.37048,3,3,1,08:00,-1,E06000063,3,0,2,1,2,19,1,5,0,0,0,1,0,0,0,0,0,9,15
2024031491708,2024,031491708,363278,491093,-2.56596,54.3141,3,3,1,13:58,-1,E06000064,3,0,2,1,2,19,"[3, 7]","[7, 3]",0,0,0,1,0,0,0,0,0,9,15
2024031491734,2024,031491734,351895,493014,-2.74123,54.33041,3,3,6,09:00,-1,E06000064,3,0,1,0,1,"[4, 2]",2,1,0,0,0,1,0,0,0,0,0,9,13
2024031491802,2024,031491802,320380,475032,-3.22097,54.16489,2,2,1,22:50,-1,E06000064,6,2,1,1,2,19,6,2,0,7,11,1,0,0,0,0,0,9,15
2024031491809,2024,031491809,299092,518116,-3.56151,54.5482,3,3,5,12:26,-1,E06000063,6,0,1,0,2,"[19, 9]","[8, 2]","[4, 1]",0,"[1, 0]",0,1,0,0,0,0,0,9,12
2024031492199,2024,031492199,352303,493269,-2.735,54.33274,3,3,2,20:57,-1,E06000064,6,2,1,0,1,"[19, 9]","[3, 7]","[7, 4]",0,0,0,1,1,0,0,0,0,9,16
2024031492480,2024,031492480,300267,528739,-3.54697,54.64387,3,3,3,12:10,-1,E06000063,6,0,1,0,1,1,1,3,0,0,0,1,0,0,0,0,1,9,17
2024031492505,2024,031492505,300976,524475,-3.53454,54.6057,3,3,2,19:24,-1,E06000063,3,0,1,0,2,"[19, 3]",7,3,0,"[0, 7]",0,1,0,0,0,0,0,9,16
2024031492620,2024,031492620,339726,558153,-2.94176,54.91443,3,3,3,17:15,-1,E06000063,6,0,9,-1,1,19,-1,-1,-1,-1,0,1,0,0,0,0,1,9,17
2024031493051,2024,031493051,298016,519614,-3.57866,54.56144,2,2,4,15:23,-1,E06000063,3,0,8,0,2,"[19, 4]",5,1,0,0,0,1,0,1,0,0,0,9,18
2024031493066,2024,031493066,343896,552828,-2.87568,54.86707,3,3,4,15:40,-1,E06000063,1,0,1,0,2,19,1,5,10,0,0,1,0,0,0,0,0,9,18
2024031493186,2024,031493186,339987,556684,-2.93738,54.90126,3,3,4,15:30,-1,E06000063,3,0,1,0,1,19,8,4,0,0,0,0,1,0,0,0,0,9,18
2024031493454,2024,031493454,338446,560542,-2.96224,54.93573,3,3,4,10:45,-1,E06000063,6,0,1,0,1,19,8,4,0,0,0,1,0,0,0,0,0,9,18
2024031493474,2024,031493474,350436,528681,-2.76966,54.65078,3,3,5,09:10,-1,E06000064,3,0,1,0,2,19,3,7,0,0,0,0,0,1,0,0,0,9,19
2024031493511,2024,031493511,359547,493036,-2.62357,54.33128,1,"[3, 1]",5,11:50,-1,E06000064,1,0,1,0,2,19,"[6, 4]","[4, 8]",0,"[1, 7]",11,1,0,0,1,0,0,9,19
2024031493561,2024,031493561,351386,493184,-2.74909,54.33189,2,2,5,12:55,-1,E06000064,3,0,1,0,1,"[19, 4]","[7, 3]","[3, 7]",0,"[7, 0]",0,1,1,0,0,0,0,9,19