collision_index,collision_year,collision_ref_no,location_easting_osgr,location_northing_osgr,longitude,latitude,casualty_severity,casualty_severity,day_of_week,time,local_authority_district,local_authority_ons_district,first_road_class,light_conditions,weather_conditions,road_surface_conditions,urban_or_rural_area,vehicle_manoeuvre,vehicle_direction_from,vehicle_direction_to,hit_object_in_carriageway,vehicle_leaving_carriageway,hit_object_off_carriageway,is_car,is_cyle,is_mcyle,is_goodsv,is_other,is_pedestrian,month,day
2024031522836,2024,031522836,302914,535403,-3.50819,54.70425,3,3,5,15:02,-1,E06000063,6,0,1,0,2,19,"[8, 5]","[2, 1]",0,0,0,1,0,0,0,0,0,11,28
2024031522860,2024,031522860,362901,479365,-2.5703,54.20867,3,3,5,17:27,-1,E06000064,6,2,1,0,2,19,"[1, 5]","[5, 1]",0,0,0,1,0,0,0,1,0,11,28
2024031522864,2024,031522864,302739,513871,-3.50375,54.51078,2,2,5,15:00,-1,E06000063,6,2,4,1,2,19,"[1, 5]","[5, 1]",0,0,0,1,0,0,0,0,0,11,28
2024031523269,2024,031523269,339380,559861,-2.94752,54.92973,3,3,5,21:50,-1,E06000063,1,2,1,1,2,19,"[5, 4]","[3, 7]",0,0,0,1,0,0,0,0,0,11,21
2024031523525,2024,031523525,329909,548526,-3.09253,54.82665,2,2,6,09:14,-1,E06000063,3,0,1,0,2,19,"[6, 2]","[2, 6]",0,0,0,1,0,0,0,0,0,11,29
2024031524139,2024,031524139,296748,516412,-3.59714,54.53242,3,3,1,12:30,-1,E06000063,6,0,1,1,1,"[19, -1]","[5, 7]","[1, 3]",-1,"[0, -1]",0,1,0,0,0,0,0,12,1
2024031524224,2024,031524224,353434,483615,-2.7161,54.24609,3,3,2,09:12,-1,E06000064,3,0,1,1,2,"[19, 2, 5]","[5, 0, 7]","[1, 0, 7]","[4, 0]","[7, 0]",0,1,0,0,1,0,0,12,2
2024031524340,2024,031524340,298932,517016,-3.56361,54.53829,3,3,5,16:00,-1,E06000063,6,2,9,-1,1,-1,-1,-1,-1,-1,0,1,0,0,0,0,1,11,28
2024031524909,2024,031524909,344539,522825,-2.85993,54.59755,3,3,3,09:57,-1,E06000064,3,0,1,1,2,19,5,2,0,1,0,1,0,0,0,0,0,12,3
2024031525501,2024,031525501,299060,518747,-3.56222,54.55386,2,2,4,11:19,-1,E06000063,6,0,1,0,2,19,5,1,0,0,0,1,0,0,0,0,1,12,4
2024031525602,2024,031525602,349218,479726,-2.78013,54.21074,3,3,4,15:10,-1,E06000064,6,0,1,1,2,19,"[4, 8]","[8, 4]",0,0,0,1,0,0,0,0,0,12,4
2024031526391,2024,031526391,338393,571743,-2.96548,55.03637,3,3,5,17:45,-1,E06000063,3,2,2,1,2,19,"[1, 5]","[5, 1]",0,"[0, 7]",0,1,0,0,0,0,0,12,5
2024031526452,2024,031526452,300221,515021,-3.54302,54.52062,3,3,6,06:30,-1,E06000063,6,2,1,1,2,19,1,5,0,7,11,1,0,0,0,0,0,12,6
2024031526492,2024,031526492,350721,493659,-2.75939,54.3361,3,3,6,08:30,-1,E06000064,3,0,1,1,1,"[9, 10]","[3, 5]","[1, 3]",0,0,0,1,1,0,0,0,0,12,6
2024031526539,2024,031526539,353283,480783,-2.71798,54.22063,3,3,6,09:30,-1,E06000064,3,0,2,1,2,"[19, 6]",5,"[1, 5]",0,0,0,1,0,0,0,0,0,12,6
2024031526876,2024,031526876,352679,529439,-2.73503,54.65781,3,3,6,19:57,-1,E06000064,3,2,2,1,2,19,2,6,0,0,0,1,0,0,0,0,0,12,6
2024031526970,2024,031526970,339817,560119,-2.94075,54.9321,3,3,6,16:58,-1,E06000063,3,2,1,0,2,"[19, 3]",3,7,"[0, 11]",0,0,1,0,0,1,0,0,11,29
2024031527100,2024,031527100,297543,517480,-3.58523,54.54218,3,3,7,11:30,-1,E06000063,6,0,2,1,1,-1,-1,-1,-1,-1,0,1,0,1,0,0,0,12,7
2024031527167,2024,031527167,340747,553714,-2.92492,54.87466,3,3,7,16:56,-1,E06000063,6,2,1,1,1,"[5, 4]","[1, 2]","[5, 6]",0,0,0,1,0,0,0,0,0,12,7
2024031527393,2024,031527393,365956,491598,-2.52486,54.31882,2,2,3,13:33,-1,E06000064,6,0,1,1,2,19,7,4,0,0,0,0,0,1,0,0,0,12,3
2024031527402,2024,031527402,340883,553808,-2.92282,54.87552,3,3,6,17:50,-1,E06000063,6,2,2,1,1,7,3,5,0,0,0,1,0,0,0,0,1,12,6
2024031527469,2024,031527469,346723,499383,-2.8219,54.38713,3,3,1,13:30,-1,E06000064,6,0,1,0,2,19,5,1,0,0,0,1,0,0,0,0,1,12,8
2024031527894,2024,031527894,339660,562462,-2.9437,54.95313,3,3,2,15:26,-1,E06000063,3,0,1,0,2,"[7, 19]","[3, 1]","[1, 5]",0,"[7, 0]",0,1,0,0,0,0,0,12,9
2024031527918,2024,031527918,352083,530522,-2.74444,54.66748,3,3,2,16:42,-1,E06000064,6,0,1,1,1,19,4,8,0,0,0,1,0,0,0,0,1,12,9
2024031527937,2024,031527937,320105,470999,-3.22411,54.12861,3,3,2,18:40,-1,E06000064,6,2,1,0,1,19,8,4,0,7,0,1,0,0,0,0,0,12,9
2024031528300,2024,031528300,342231,553599,-2.90177,54.8738,3,3,3,09:20,-1,E06000063,6,0,8,0,1,"[19, 9]","[3, 7]","[7, 3]",0,0,0,1,0,0,0,1,0,12,10
2024031528377,2024,031528377,345691,498545,-2.83763,54.37949,3,3,2,16:41,-1,E06000064,3,2,1,0,2,"[10, 19]",5,1,0,0,0,1,0,0,0,0,0,12,9
2024031528637,2024,031528637,299616,528510,-3.55697,54.64168,2,2,4,06:30,-1,E06000063,6,2,9,0,1,9,1,2,0,0,0,1,0,0,0,0,1,12,11
2024031529233,2024,031529233,341286,498666,-2.90547,54.38009,3,3,6,18:24,-1,E06000064,3,2,5,1,2,9,5,5,0,0,0,1,0,0,0,0,1,12,6
2024031529383,2024,031529383,302361,525535,-3.51346,54.61549,3,3,5,19:10,-1,E06000063,3,2,1,0,2,19,2,6,0,0,0,1,0,0,0,0,0,12,12
2024031529403,2024,031529403,340177,554018,-2.93387,54.87733,3,3,5,18:37,-1,E06000063,6,2,1,0,1,19,3,7,0,0,0,0,0,0,0,1,1,12,12
2024031529746,2024,031529746,349550,563183,-2.78942,54.96071,3,3,6,12:40,-1,E06000063,3,0,1,1,2,19,8,4,0,0,0,1,0,0,0,0,0,12,13
2024031529887,2024,031529887,319399,471543,-3.23505,54.13339,2,2,6,18:15,-1,E06000064,3,2,1,1,2,19,1,"[6, 1]",0,0,0,1,0,1,0,0,0,12,13
2024031529890,2024,031529890,328868,478313,-3.09177,54.19562,2,2,6,21:45,-1,E06000064,3,2,8,1,1,19,6,4,0,1,0,1,0,0,0,0,0,12,13
2024031530495,2024,031530495,298919,527733,-3.5675,54.63456,3,3,7,13:20,-1,E06000063,6,0,1,0,1,5,5,1,0,0,0,1,0,0,0,0,1,12,14
2024031530541,2024,031530541,308608,531029,-3.41848,54.66602,2,2,5,16:00,-1,E06000063,3,0,1,1,2,19,3,7,0,0,0,1,0,0,0,0,0,12,12
2024031531261,2024,031531261,331013,524612,-3.06967,54.61193,3,3,3,11:47,-1,E06000063,3,0,1,0,2,"[2, 19]","[0, 3]","[0, 7]","[0, 4]",0,0,1,0,0,1,0,0,12,17
2024031531406,2024,031531406,320276,469190,-3.22101,54.11238,2,2,3,16:45,-1,E06000064,6,2,2,1,1,19,1,5,0,0,0,1,0,0,0,0,1,12,17
2024031531485,2024,031531485,342262,553926,-2.90136,54.87675,3,3,3,16:00,-1,E06000063,6,2,2,1,1,19,"[5, 3]","[1, 7]",0,0,0,1,0,0,0,1,0,12,17
2024031531949,2024,031531949,322286,549080,-3.2113,54.8305,3,3,4,18:30,-1,E06000063,4,2,1,1,2,19,"[7, 3]","[3, 7]",0,0,0,1,0,0,0,0,0,12,18
2024031532161,2024,031532161,319970,469714,-3.22583,54.11704,3,3,5,08:18,-1,E06000064,6,0,1,0,1,19,2,6,0,0,0,1,0,0,0,0,1,12,19
2024031532500,2024,031532500,327894,477934,-3.1066,54.19208,3,3,5,14:53,-1,E06000064,3,0,1,0,2,19,3,"[7, 1]",0,0,0,1,0,0,0,0,0,12,19
2024031533016,2024,031533016,339519,559848,-2.94535,54.92963,3,3,3,12:00,-1,E06000063,1,0,1,0,2,"[19, 3]",3,7,0,0,0,1,0,0,0,0,0,12,17
2024031533035,2024,031533035,329140,478399,-3.08762,54.19643,2,2,6,15:10,-1,E06000064,3,2,1,1,1,19,1,5,0,0,0,1,0,0,0,0,1,12,20
2024031533184,2024,031533184,353561,482738,-2.71402,54.23822,3,3,6,07:59,-1,E06000064,1,2,2,1,2,19,2,6,0,1,7,1,0,0,0,0,0,12,20
2024031533282,2024,031533282,350180,495348,-2.76799,54.35122,3,3,6,11:50,-1,E06000064,6,0,2,1,2,19,"[7, 3]","[3, 7]",0,"[2, 0]",0,1,0,0,0,0,0,12,20
2024031533310,2024,031533310,343761,552064,-2.87763,54.86019,3,3,7,12:22,-1,E06000063,1,0,4,1,2,19,5,1,0,0,0,1,0,0,0,0,0,12,21
2024031533445,2024,031533445,337762,555285,-2.97177,54.88842,3,3,5,07:47,-1,E06000063,6,2,1,0,1,19,2,7,0,0,0,1,0,0,0,0,1,12,19
2024031533552,2024,031533552,335150,551882,-3.01172,54.85751,3,3,2,14:40,-1,E06000063,3,0,1,0,2,19,6,3,0,0,0,1,0,0,0,0,0,12,2
2024031533765,2024,031533765,347122,485306,-2.81325,54.26067,2,2,7,16:46,-1,E06000064,3,2,2,1,2,"[19, 9]","[7, 4]","[2, 1]",0,0,0,1,0,0,0,0,0,12,21
2024031533802,2024,031533802,354090,493194,-2.70751,54.33223,3,3,2,02:00,-1,E06000064,6,2,1,0,2,19,5,1,0,0,0,1,0,0,0,0,0,12,23
2024031533991,2024,031533991,347938,538958,-2.81021,54.74287,3,3,2,11:30,-1,E06000064,1,0,2,1,2,19,5,8,0,2,4,1,0,0,0,0,0,12,23
2024031534010,2024,031534010,359844,478884,-2.6171,54.20412,3,3,5,15:00,-1,E06000064,3,0,8,0,2,"[4, 19]",7,3,0,0,0,1,0,0,0,1,0,12,19
2024031534527,2024,031534527,330496,479926,-3.06719,54.21034,2,2,2,17:15,-1,E06000064,3,2,2,1,2,13,2,5,0,2,4,1,0,0,0,0,0,12,23
2024031534716,2024,031534716,340278,510239,-2.92332,54.48396,2,2,4,13:55,-1,E06000064,3,0,1,1,2,19,5,1,0,0,0,0,0,1,0,0,0,12,25
2024031534745,2024,031534745,306425,503656,-3.4436,54.4197,3,3,4,16:56,-1,E06000063,3,2,2,1,2,19,8,5,10,1,4,1,0,0,0,0,0,12,25
2024031534757,2024,031534757,342956,548569,-2.88948,54.82869,2,2,4,23:12,-1,E06000063,1,2,1,0,2,19,5,1,0,0,0,1,0,0,0,0,1,12,25
2024031534979,2024,031534979,310864,532332,-3.38391,54.67813,3,3,5,14:32,-1,E06000063,3,0,1,0,2,19,8,4,0,"[0, 1]","[0, 11]",1,1,0,0,0,0,12,26
2024031535233,2024,031535233,307078,502591,-3.43321,54.41025,3,3,6,16:40,-1,E06000063,3,2,1,0,2,19,"[8, 4]","[4, 8]",12,0,0,1,0,0,0,0,0,12,27
2024031535309,2024,031535309,320859,471021,-3.21258,54.12892,3,3,6,22:21,-1,E06000064,6,2,2,1,1,5,1,3,0,0,0,1,0,0,0,0,1,12,27
2024031535381,2024,031535381,301079,510767,-3.52834,54.48257,3,3,7,10:55,-1,E06000063,6,0,1,0,2,"[2, 1]","[0, 1]","[0, 5]",0,0,0,1,0,0,0,0,0,12,28
2024031535410,2024,031535410,319212,469421,-3.23735,54.11429,2,2,6,14:55,-1,E06000064,6,0,9,-1,1,-1,-1,-1,-1,-1,0,1,0,0,0,0,1,12,27
2024031536034,2024,031536034,298679,516446,-3.56732,54.53312,3,3,2,15:30,-1,E06000063,6,0,9,0,1,"[19, -1]","[7, -1]","[3, -1]","[0, -1]","[0, -1]",0,1,0,0,0,0,0,12,23
2024031536096,2024,031536096,350465,478600,-2.76083,54.20075,2,"[2, 3]",2,22:10,-1,E06000064,3,2,2,1,2,"[19, 5]","[8, 1]","[4, 6]",0,7,11,1,0,0,0,0,0,12,30
2024031536400,2024,031536400,340252,555629,-2.93303,54.89181,3,3,3,19:42,-1,E06000063,3,2,5,1,1,9,3,7,0,0,0,1,0,0,0,0,1,12,31
2024031553712,2024,031553712,341413,554602,-2.91472,54.88272,3,3,7,19:45,-1,E06000063,3,2,1,0,1,5,4,8,0,0,0,1,0,0,0,0,1,12,28
2024031557807,2024,031557807,365668,522445,-2.53288,54.59601,3,3,4,06:57,-1,E06000064,3,2,1,1,2,19,"[8, 5]","[4, 1]",0,0,0,0,0,0,1,0,0,10,23
2024031559731,2024,031559731,340670,555890,-2.92657,54.89421,2,2,6,18:08,-1,E06000063,6,0,1,0,1,"[19, 9]",5,1,0,0,0,1,0,0,0,0,0,9,13
2024041393614,2024,041393614,357760,427467,-2.64191,53.74186,2,2,2,01:25,-1,E07000126,3,2,5,1,1,19,5,1,0,7,0,0,0,1,0,0,0,1,1
2024041393663,2024,041393663,358524,424758,-2.62996,53.71758,3,3,2,10:40,-1,E07000126,1,0,1,1,2,19,5,1,0,0,0,1,0,0,0,0,0,1,1
2024041393740,2024,041393740,351879,474773,-2.73854,54.16649,3,3,2,23:48,-1,E07000121,1,2,2,1,2,19,5,1,0,4,0,1,0,0,0,0,0,1,1
2024041393742,2024,041393742,359635,418402,-2.6123,53.66054,3,3,2,22:28,-1,E07000118,1,2,2,1,2,19,1,5,0,0,0,1,0,0,0,0,0,1,1
2024041393883,2024,041393883,349375,460722,-2.77453,54.03998,3,3,3,10:25,-1,E07000121,6,2,1,1,2,19,8,4,0,7,0,1,0,0,0,0,0,1,2
2024041394024,2024,041394024,332759,432346,-3.02197,53.78308,2,2,3,09:54,-1,E06000009,4,0,2,1,1,19,3,7,0,0,0,1,0,0,0,0,1,1,2
2024041394048,2024,041394048,346091,415536,-2.81673,53.63356,3,3,2,12:08,-1,E07000127,3,0,1,1,2,"[12, 13, 4]",1,5,0,"[7, 0]","[11, 0]",1,0,0,0,1,0,1,1
2024041394093,2024,041394093,350249,468600,-2.76249,54.11086,3,3,2,20:50,-1,E07000121,1,2,5,1,2,19,5,1,7,0,0,1,0,0,0,0,0,1,1
2024041394305,2024,041394305,384682,436514,-2.23418,53.82467,3,3,3,09:00,-1,E07000122,3,2,2,1,1,-1,-1,-1,-1,-1,0,1,0,0,0,0,1,1,2
2024041394508,2024,041394508,360147,427035,-2.60566,53.73817,3,3,4,17:08,-1,E07000118,3,2,2,1,2,"[19, 2]","[1, 5]","[5, 1]",0,"[1, 0]","[2, 0]",1,0,0,0,0,0,1,3
2024041394509,2024,041394509,356315,430131,-2.66419,53.76568,3,3,4,18:09,-1,E07000123,3,2,2,1,1,"[19, 4]",7,3,0,0,0,1,0,0,0,0,0,1,3
2024041394770,2024,041394770,348701,406553,-2.77578,53.55308,3,3,3,17:49,-1,E07000127,6,0,2,1,1,"[4, 3]",1,5,0,0,0,1,0,0,0,0,0,1,2
2024041394838,2024,041394838,333931,429523,-3.00358,53.75786,3,3,5,12:10,-1,E07000119,4,0,1,1,1,"[19, 9]","[4, 2]","[8, 6]",0,0,0,1,0,0,0,0,0,1,4
2024041394841,2024,041394841,385415,434375,-2.22295,53.80546,3,3,5,14:20,-1,E07000117,3,0,1,1,1,"[7, 19]","[3, 1]","[3, 2]",0,0,0,1,0,0,0,0,0,1,4
2024041394887,2024,041394887,354222,434634,-2.69661,53.80597,3,3,3,15:06,-1,E07000123,1,0,2,1,2,"[19, 11]",5,"[7, 1]",0,"[1, 0]","[7, 0]",1,0,0,0,0,0,1,2
2024041394931,2024,041394931,377298,438977,-2.34654,53.84653,3,3,5,17:10,-1,E07000124,6,2,1,0,2,19,1,5,0,3,0,1,0,0,0,0,0,1,4
2024041394947,2024,041394947,385474,434845,-2.22207,53.80969,3,3,3,17:48,-1,E07000117,6,2,2,1,1,"[9, 19]","[7, 5]","[3, 1]",0,"[0, 2]",0,1,0,0,0,0,0,1,2
2024041394984,2024,041394984,370812,428177,-2.44409,53.74914,3,3,5,12:50,-1,E06000008,3,0,1,0,1,19,"[1, 5]","[5, 1]",0,0,0,1,1,0,0,0,0,1,4
2024041394986,2024,041394986,371724,427359,-2.43019,53.74184,3,3,5,08:45,-1,E07000120,1,0,1,1,2,"[19, 3]",3,7,0,0,0,1,0,0,0,0,0,1,4
2024041395193,2024,041395193,341113,435865,-2.89588,53.81571,3,3,6,14:05,-1,E07000119,3,0,1,1,2,19,1,5,0,0,0,1,0,0,0,0,0,1,5
2024041395208,2024,041395208,350997,432251,-2.7452,53.78426,3,3,6,13:20,-1,E07000123,4,0,1,0,1,19,"[1, 7]","[5, 3]",0,0,0,1,0,0,0,0,0,1,5
2024041395238,2024,041395238,367278,429185,-2.49779,53.75799,3,3,6,15:21,-1,E06000008,6,0,1,1,1,"[2, 19]","[1, 6]","[5, 2]",0,0,0,1,0,0,0,0,0,1,5
2024041395361,2024,041395361,384937,444285,-2.2307,53.89452,3,3,7,08:26,-1,E07000124,3,0,8,2,2,19,3,7,0,1,11,1,0,0,0,0,0,1,6
2024041395387,2024,041395387,384929,434233,-2.23032,53.80417,3,3,7,09:40,-1,E07000117,6,0,1,0,1,"[19, 5]","[6, -1]","[2, -1]",0,0,0,1,0,0,0,0,0,1,6
2024041395411,2024,041395411,332824,445271,-3.02382,53.89923,2,2,7,09:15,-1,E07000128,4,0,8,1,2,"[14, 2]",1,5,0,0,0,1,0,0,1,0,0,1,6
2024041395418,2024,041395418,382825,448587,-2.26308,53.93312,3,3,7,12:53,-1,E07000124,3,0,1,2,2,15,1,5,0,"[0, 7]","[0, 11]",1,0,0,0,0,0,1,6
2024041395473,2024,041395473,363501,472592,-2.56028,54.14785,2,"[3, 2]",7,17:05,-1,E07000121,3,2,1,1,2,19,"[7, 3]","[3, 7]",0,0,0,1,0,0,0,0,0,1,6
2024041395516,2024,041395516,367672,427627,-2.49165,53.74401,3,3,6,14:30,-1,E06000008,3,0,1,0,1,"[9, 19]","[5, 7]",3,0,0,0,1,0,0,0,0,0,1,5
2024041395613,2024,041395613,353606,430640,-2.70536,53.77002,3,3,1,14:00,-1,E07000123,6,0,1,0,1,9,3,1,0,0,0,1,0,0,0,0,1,1,7
2024041395638,2024,041395638,353272,430454,-2.7104,53.76832,2,2,1,14:52,-1,E07000123,6,0,1,1,1,19,7,3,0,0,0,1,0,0,0,0,1,1,7
2024041395640,2024,041395640,356460,425481,-2.66133,53.7239,3,3,6,10:40,-1,E07000126,4,0,1,0,1,9,7,4,0,0,0,1,0,0,0,0,1,1,5
2024041395641,2024,041395641,352038,431078,-2.72922,53.77382,3,3,1,15:20,-1,E07000123,4,0,1,2,1,19,"[5, 1]","[1, 5]",0,0,0,1,1,0,0,0,0,1,7
2024041395655,2024,041395655,357345,413148,-2.64622,53.61313,2,2,1,12:50,-1,E07000118,6,0,1,2,2,19,3,7,0,0,0,0,0,1,0,0,0,1,7
2024041395684,2024,041395684,389133,440825,-2.16672,53.86353,2,"[3, 2]",7,15:30,-1,E07000122,6,0,1,0,1,"[19, 9, 2]","[5, 7, 0]","[1, 5, 0]","[0, 4]",0,0,1,0,0,0,0,0,1,6
2024041395690,2024,041395690,383694,422052,-2.24842,53.69465,2,2,1,16:30,-1,E07000125,6,2,1,1,1,"[9, 19]","[3, 1]","[7, 5]",0,0,0,1,1,0,0,0,0,1,7
2024041395692,2024,041395692,355176,429712,-2.68141,53.76182,3,3,7,21:46,-1,E07000123,3,2,1,1,1,"[9, 19]","[4, 2]","[2, 6]",0,0,0,1,0,0,0,0,0,1,6
2024041395796,2024,041395796,386325,437375,-2.20926,53.83245,2,2,7,10:00,-1,E07000122,6,0,1,0,1,19,"[7, 1]","[3, 5]",0,0,0,1,0,0,0,0,0,1,6
2024041395918,2024,041395918,339184,419991,-2.92204,53.67284,3,3,1,12:26,-1,E07000127,3,0,1,0,2,"[9, 19]",8,"[1, 8]",0,0,0,1,0,0,0,1,0,1,7
2024041396015,2024,041396015,358986,416587,-2.62188,53.64417,3,3,6,08:30,-1,E07000118,3,0,1,1,1,19,8,4,0,0,0,1,1,0,0,0,0,1,5
2024041396088,2024,041396088,347635,464487,-2.80175,54.07364,2,2,7,12:40,-1,E07000121,3,0,1,0,2,"[19, 2]",1,5,0,0,0,1,0,1,0,0,0,1,6
2024041396094,2024,041396094,381125,417970,-2.28708,53.65788,3,3,2,15:28,-1,E07000125,6,0,1,0,2,"[9, 13]","[2, 8]","[6, 4]",0,"[6, 7]",11,1,0,0,0,0,0,1,8
2024041396098,2024,041396098,352013,459071,-2.73399,54.02539,3,3,7,14:38,-1,E07000121,6,0,2,1,2,19,"[5, 3]","[1, 7]",0,"[0, 1]","[0, 11]",1,0,0,0,0,0,1,6
2024041396126,2024,041396126,347388,423489,-2.79847,53.70516,2,2,2,18:02,-1,E07000126,3,2,1,0,1,19,2,6,0,0,0,1,0,0,0,0,1,1,8
2024041396139,2024,041396139,351034,476267,-2.75173,54.17983,3,3,7,09:41,-1,E07000121,3,0,8,2,2,19,5,1,0,0,0,0,0,1,0,0,0,1,6
2024041396398,2024,041396398,353949,430104,-2.70008,53.76524,3,3,2,18:42,-1,E07000123,3,2,1,0,1,19,1,5,0,0,0,1,0,0,0,0,0,1,8
2024041396434,2024,041396434,388849,439012,-2.17097,53.84723,3,3,3,13:23,-1,E07000122,6,0,1,0,2,19,5,1,0,0,0,1,0,0,0,0,0,1,9
2024041396517,2024,041396517,336949,441733,-2.96032,53.86796,3,3,7,11:10,-1,E07000128,3,0,1,0,2,19,"[3, 7]","[7, 3]",0,0,0,1,0,0,1,0,0,1,6
2024041396520,2024,041396520,356430,443242,-2.66431,53.88353,2,2,3,15:15,-1,E07000123,6,2,8,2,2,19,6,2,0,1,0,0,0,1,0,0,0,1,9
2024041396557,2024,041396557,378475,424226,-2.32761,53.714,3,3,3,19:43,-1,E07000125,3,2,4,0,2,19,1,5,0,1,2,1,0,0,0,0,0,1,9
2024041396569,2024,041396569,354804,427250,-2.68669,53.73966,3,3,3,17:09,-1,E07000126,6,2,1,0,2,"[4, 13]",6,2,0,0,0,1,0,1,0,0,0,1,9
2024041396586,2024,041396586,373774,429695,-2.39931,53.76294,3,3,4,01:35,-1,E07000120,1,2,1,1,2,19,7,3,0,0,0,1,0,0,0,0,0,1,10
2024041396655,2024,041396655,375315,429367,-2.3759,53.76007,3,3,4,08:25,-1,E07000120,6,0,1,1,1,19,7,3,0,0,0,1,0,0,0,0,1,1,10
2024041396903,2024,041396903,351508,437641,-2.73829,53.83275,3,3,4,13:42,-1,E07000123,3,0,1,0,2,19,5,1,0,"[1, 7]","[11, 0]",1,0,0,0,0,0,1,10
2024041396924,2024,041396924,331048,432952,-3.04807,53.7883,3,3,3,08:50,-1,E06000009,4,0,1,0,1,19,"[5, 3]","[1, 7]",0,0,0,1,0,0,0,0,0,1,9
2024041396994,2024,041396994,332067,437779,-3.03367,53.83181,3,3,3,16:24,-1,E06000009,6,2,1,1,1,"[9, 19]","[5, 3]","[3, 7]",0,0,0,1,0,0,0,0,0,1,9
2024041397070,2024,041397070,369976,428323,-2.45678,53.7504,3,3,4,12:55,-1,E06000008,6,0,1,0,1,"[5, 19]",3,7,0,0,0,1,0,0,0,0,0,1,10
2024041397080,2024,041397080,355386,428231,-2.67801,53.74853,3,3,4,14:35,-1,E07000126,6,0,1,1,1,"[19, 6]",5,"[1, 5]",0,0,0,1,0,0,0,0,0,1,10
2024041397082,2024,041397082,356649,424948,-2.6584,53.71913,3,3,4,13:07,-1,E07000126,3,0,1,0,2,"[19, 11]","[5, 3]","[3, 7]",0,"[5, 0]",0,1,0,0,1,0,0,1,10
2024041397187,2024,041397187,352274,405041,-2.72163,53.53983,3,3,5,08:45,-1,E07000127,6,0,1,0,1,"[19, 5]","[1, 3]",5,0,0,0,1,0,0,0,0,0,1,11
2024041397250,2024,041397250,337663,439263,-2.94896,53.84585,3,3,5,09:30,-1,E07000119,4,0,1,1,1,"[1, 19]",1,"[3, 5]",0,0,0,1,0,0,0,0,0,1,11
2024041397296,2024,041397296,385462,432313,-2.22214,53.78693,2,2,3,11:23,-1,E07000117,6,0,1,0,1,19,3,7,0,0,0,0,1,0,0,0,0,1,9
2024041397364,2024,041397364,348141,447158,-2.79106,53.91796,3,3,4,19:28,-1,E07000128,4,2,1,1,2,19,"[5, 1]","[1, 5]",0,"[0, 1]",0,1,0,0,0,0,0,1,10
2024041397378,2024,041397378,372157,430895,-2.42394,53.77364,3,3,5,19:10,-1,E07000120,4,2,1,0,2,19,5,1,10,0,0,1,0,0,0,0,0,1,11
2024041397380,2024,041397380,344053,411416,-2.84681,53.59631,3,3,5,17:05,-1,E07000127,6,2,8,0,2,"[1, 3]","[7, 5]","[3, 1]","[4, 0]",0,0,1,0,0,0,0,0,1,11
2024041397414,2024,041397414,355345,430977,-2.67903,53.7732,3,3,7,16:30,-1,E07000123,6,0,1,0,1,"[9, 3]",7,3,0,0,0,1,0,0,0,0,0,1,6
2024041397425,2024,041397425,348296,446643,-2.78861,53.91334,3,3,5,23:40,-1,E07000128,4,2,1,0,2,19,4,8,0,1,10,1,0,0,0,0,0,1,11
2024041397566,2024,041397566,341478,434806,-2.89013,53.80624,3,3,6,09:50,-1,E07000119,3,0,1,0,2,19,5,1,0,0,0,1,0,0,0,0,0,1,12
2024041397744,2024,041397744,347319,461651,-2.80609,54.04812,3,3,4,07:45,-1,E07000121,6,0,1,1,1,19,5,1,0,0,0,1,0,0,0,0,1,1,10
2024041397767,2024,041397767,338027,438322,-2.94324,53.83744,2,2,6,18:40,-1,E07000119,4,2,1,1,2,19,"[6, 2]","[2, 6]",0,0,0,1,0,1,0,0,0,1,12
2024041397785,2024,041397785,331821,437169,-3.03728,53.8263,3,3,6,17:41,-1,E06000009,3,2,1,0,1,19,3,7,0,0,0,1,1,0,0,0,0,1,12
2024041397792,2024,041397792,336221,437483,-2.97051,53.82968,3,3,6,18:03,-1,E07000128,4,2,1,0,2,19,7,3,0,0,0,1,0,0,0,0,0,1,12
2024041397798,2024,041397798,332927,434818,-3.01996,53.80531,2,2,2,17:30,-1,E06000009,6,2,1,0,1,19,3,7,0,0,0,0,0,0,0,1,0,1,8
2024041397801,2024,041397801,330384,432609,-3.05807,53.78513,2,2,5,14:40,-1,E06000009,3,0,1,0,1,19,1,5,0,"[7, 0]","[2, 0]",1,0,0,0,1,0,1,11
2024041397931,2024,041397931,351272,429717,-2.74062,53.76151,3,3,4,15:00,-1,E07000123,6,0,1,0,1,"[7, 19]",3,"[5, 7]",0,0,0,1,1,0,0,0,0,1,10
2024041397984,2024,041397984,336953,446188,-2.96118,53.90799,3,3,7,14:20,-1,E07000128,6,0,1,1,2,19,3,7,0,3,11,0,0,1,0,0,0,1,13
2024041398037,2024,041398037,330596,435780,-3.05557,53.81365,2,2,7,18:25,-1,E06000009,3,2,8,0,1,19,5,1,0,0,0,1,0,0,0,0,0,1,13
2024041398052,2024,041398052,375680,428652,-2.37031,53.75366,2,2,7,02:05,-1,E07000120,6,2,1,0,1,19,-1,-1,0,0,0,1,0,0,0,0,1,1,13
2024041398094,2024,041398094,374028,437017,-2.39607,53.82876,3,3,7,18:46,-1,E07000124,6,2,1,0,2,"[19, 7]","[5, 1, 7]","[1, 5]",0,0,0,1,0,0,0,0,0,1,13
2024041398102,2024,041398102,349951,457699,-2.76524,54.01286,2,2,1,00:40,-1,E07000121,6,2,1,0,2,19,1,5,0,0,0,1,0,0,0,0,0,1,14