collision_index,collision_year,collision_ref_no,location_easting_osgr,location_northing_osgr,longitude,latitude,casualty_severity,casualty_severity,day_of_week,time,local_authority_district,local_authority_ons_district,first_road_class,light_conditions,weather_conditions,road_surface_conditions,urban_or_rural_area,vehicle_manoeuvre,vehicle_direction_from,vehicle_direction_to,hit_object_in_carriageway,vehicle_leaving_carriageway,hit_object_off_carriageway,is_car,is_cyle,is_mcyle,is_goodsv,is_other,is_pedestrian,month,day
2024041398124,2024,041398124,330643,431712,-3.05394,53.7771,2,"[2, 3]",7,22:46,-1,E06000009,3,2,1,0,1,"[9, 19]","[5, 1]","[1, 5]",0,0,0,1,0,0,0,0,0,1,13
2024041398228,2024,041398228,375947,428382,-2.36624,53.75125,3,3,6,07:00,-1,E07000120,6,2,1,0,1,19,3,7,0,0,0,1,1,0,0,0,0,1,12
2024041398250,2024,041398250,375097,430461,-2.3793,53.76989,3,3,6,09:00,-1,E07000120,3,0,1,0,1,"[19, 9]","[-1, 8]","[-1, 2]",0,0,0,1,0,0,0,0,0,1,12
2024041398290,2024,041398290,358014,416640,-2.63659,53.64457,3,3,2,18:55,-1,E07000118,4,2,5,1,1,19,"[4, 2]","[8, 6]",0,0,0,1,0,0,0,0,0,1,1
2024041398320,2024,041398320,349188,449689,-2.77554,53.9408,2,2,1,21:56,-1,E07000128,3,2,2,1,2,19,5,1,0,0,0,1,0,0,0,0,0,1,14
2024041398380,2024,041398380,342192,463157,-2.88467,54.0611,3,3,3,18:10,-1,E07000121,6,2,1,0,1,19,"[5, 3]","[1, 7]",0,0,0,0,0,1,0,0,0,1,9
2024041398544,2024,041398544,364673,425318,-2.53685,53.72306,3,3,2,12:23,-1,E06000008,3,0,1,1,1,19,5,1,0,0,0,1,0,0,1,0,0,1,15
2024041398609,2024,041398609,385452,435771,-2.22245,53.81801,2,2,5,15:59,-1,E07000122,6,2,1,0,1,19,1,5,0,0,0,1,0,0,0,0,1,1,11
2024041398638,2024,041398638,337214,427413,-2.95337,53.7393,3,3,7,10:31,-1,E07000119,6,0,1,0,1,7,5,1,0,0,0,1,0,0,0,0,1,1,13
2024041398687,2024,041398687,332600,429884,-3.02385,53.76093,3,3,2,21:03,-1,E07000119,6,2,1,2,1,"[4, 19]","[7, 5]","[3, 1]",0,"[0, 7]",0,1,0,0,0,0,0,1,15
2024041398699,2024,041398699,333686,443959,-3.01042,53.88756,2,2,2,20:30,-1,E07000128,6,2,9,0,1,19,-1,-1,0,0,0,1,0,0,0,0,1,1,15
2024041398705,2024,041398705,352774,421229,-2.71654,53.68537,3,3,2,21:40,-1,E07000126,6,2,1,0,1,"[9, 19]","[4, 3]","[8, 7]",0,0,0,1,0,0,0,0,0,1,15
2024041398756,2024,041398756,358115,425186,-2.63621,53.72139,3,3,3,07:00,-1,E07000126,6,2,3,2,1,19,"[2, 6]","[6, 2]",0,0,0,1,0,0,0,0,0,1,16
2024041398814,2024,041398814,352680,429409,-2.71922,53.75888,3,3,3,06:49,-1,E07000123,3,2,3,2,1,"[3, 19]",7,3,0,0,0,1,0,0,0,0,0,1,16
2024041399040,2024,041399040,350859,460176,-2.75179,54.03521,3,3,3,10:24,-1,E07000121,6,0,3,2,2,19,3,7,0,1,11,1,0,0,0,0,0,1,16
2024041399069,2024,041399069,383004,429348,-2.25928,53.76021,3,3,2,13:36,-1,E07000117,3,0,1,0,2,"[19, 9]","[5, 1]","[1, 5]",0,0,0,1,0,0,0,0,0,1,15
2024041399075,2024,041399075,339555,434766,-2.91932,53.80566,2,2,3,08:00,-1,E07000119,6,0,3,2,2,19,"[1, 5]","[5, 1]",0,0,0,1,0,0,0,0,0,1,16
2024041399089,2024,041399089,367983,429255,-2.4871,53.75866,3,3,7,16:28,-1,E06000008,6,0,1,0,1,19,8,2,0,0,0,1,0,0,0,0,1,1,13
2024041399201,2024,041399201,385839,434508,-2.21652,53.80667,2,2,3,19:00,-1,E07000117,6,2,9,2,1,19,1,5,0,7,2,1,0,0,0,0,0,1,9
2024041399213,2024,041399213,353066,434467,-2.71414,53.80437,2,2,2,15:27,-1,E07000123,3,0,1,0,2,"[4, 19]",1,5,0,0,0,1,0,0,0,0,0,1,15
2024041399217,2024,041399217,353451,429764,-2.70758,53.76214,2,2,3,23:00,-1,E07000123,3,2,2,1,1,7,5,1,0,2,0,1,0,0,0,0,0,1,16
2024041399337,2024,041399337,355667,423117,-2.67301,53.70259,3,3,4,08:35,-1,E07000118,6,0,1,1,2,"[9, 19]","[3, 1]","[1, 5]",0,0,0,1,0,0,0,0,0,1,17
2024041399373,2024,041399373,371368,423291,-2.43521,53.70526,2,"[2, 3]",7,14:20,-1,E06000008,6,0,2,1,2,19,2,6,0,0,0,1,0,0,0,0,0,1,13
2024041399405,2024,041399405,336399,429379,-2.96613,53.75687,3,3,4,07:40,-1,E07000119,6,0,1,2,2,19,"[1, 5]","[5, 1]",0,0,0,1,0,0,0,0,0,1,17
2024041399451,2024,041399451,345038,420622,-2.83356,53.67916,3,3,4,09:05,-1,E07000127,6,0,8,2,2,"[9, 19]","[5, 3]","[1, 7]",0,"[0, 1]",0,1,0,0,0,0,0,1,17
2024041399470,2024,041399470,352326,430334,-2.72473,53.76716,3,3,4,11:20,-1,E07000123,4,0,1,1,1,"[9, 19]","[2, 6]","[8, 4]",0,0,0,1,0,0,0,0,0,1,17
2024041399474,2024,041399474,358484,468541,-2.63652,54.11106,3,3,4,11:13,-1,E07000121,3,0,4,0,2,"[2, 19]",5,1,0,0,0,1,0,0,1,0,0,1,17
2024041399545,2024,041399545,352418,422059,-2.72206,53.6928,3,3,3,15:36,-1,E07000126,4,0,1,1,1,"[4, 19]",5,1,0,0,0,1,0,0,0,0,0,1,16
2024041399596,2024,041399596,331219,435305,-3.046,53.80947,3,3,2,08:45,-1,E06000009,3,0,1,0,1,4,-1,-1,0,0,0,0,0,0,1,0,1,1,15
2024041399603,2024,041399603,370012,423560,-2.45577,53.7076,3,3,2,07:30,-1,E06000008,6,0,1,2,2,19,"[5, 1]","[1, 5]",0,0,0,1,0,0,0,0,0,1,15
2024041399618,2024,041399618,350995,432258,-2.74523,53.78433,3,3,7,17:30,-1,E07000123,4,0,1,0,1,"[5, 19]","[7, 1]","[3, 5]",0,0,0,1,0,0,0,0,0,1,13
2024041399631,2024,041399631,333027,435637,-3.01862,53.81269,3,3,7,11:20,-1,E06000009,3,0,1,0,2,19,3,7,0,0,0,1,0,0,0,1,0,1,13
2024041399958,2024,041399958,367259,426740,-2.49782,53.73601,2,2,5,11:25,-1,E06000008,6,0,8,2,1,"[7, 9]","[3, 2]","[5, 3]",0,0,0,1,0,0,0,0,0,1,18
2024041400011,2024,041400011,333736,441362,-3.00909,53.86422,3,3,5,10:25,-1,E07000128,3,0,1,1,2,19,"[1, 3]","[5, 7]",0,0,0,1,0,0,0,0,0,1,18
2024041400017,2024,041400017,333357,427993,-3.01196,53.74403,3,3,5,11:30,-1,E07000119,3,0,8,0,1,19,"[1, 5]","[5, 1]",0,"[7, 0]","[11, 0]",1,0,0,0,0,0,1,18
2024041400035,2024,041400035,332087,446499,-3.0353,53.91017,2,2,5,07:50,-1,E07000128,3,0,1,2,1,"[2, 19]","[0, 1]","[0, 5]","[0, 4]",0,0,1,0,0,0,0,0,1,18
2024041400070,2024,041400070,347731,461800,-2.79982,54.0495,3,3,3,17:35,-1,E07000121,6,2,2,1,1,19,3,1,0,0,0,1,0,0,0,0,1,1,16
2024041400127,2024,041400127,387868,447126,-2.18621,53.92013,3,3,4,16:00,-1,E07000122,4,0,3,2,1,"[9, 19]","[3, -1]","[7, -1]",0,0,0,1,1,0,0,0,0,1,17
2024041400139,2024,041400139,331838,429717,-3.03537,53.75933,3,3,5,17:30,-1,E07000119,6,2,8,2,1,"[5, 19]","[3, 1]",5,0,0,0,1,0,0,0,0,0,1,18
2024041400146,2024,041400146,332598,429985,-3.0239,53.76184,2,2,4,15:40,-1,E07000119,6,0,1,0,1,9,7,5,0,0,0,1,0,0,0,0,1,1,17
2024041400163,2024,041400163,366733,428552,-2.50598,53.75226,3,3,3,09:25,-1,E06000008,6,0,3,2,1,2,5,1,0,0,0,1,0,0,0,0,0,1,16
2024041400187,2024,041400187,355486,421460,-2.67552,53.68768,2,2,5,23:20,-1,E07000126,4,2,8,2,2,"[2, 4]",3,3,"[0, 4]",0,0,1,0,0,0,0,0,1,18
2024041400200,2024,041400200,373547,436109,-2.4033,53.82058,3,3,5,08:00,-1,E07000124,4,0,1,2,2,"[9, 19]","[1, 5]","[6, 1]",0,0,0,1,0,0,0,0,0,1,18
2024041400235,2024,041400235,340013,438216,-2.91304,53.83672,3,3,6,07:30,-1,E07000119,4,2,2,1,2,"[19, 9]","[5, 3]","[1, 5]",0,0,0,1,0,0,0,0,0,1,19
2024041400380,2024,041400380,381191,422736,-2.28637,53.70072,3,3,6,12:10,-1,E07000125,6,0,4,2,1,19,3,7,0,0,0,1,0,0,0,0,1,1,19
2024041400436,2024,041400436,332742,442931,-3.02455,53.8782,3,3,4,16:10,-1,E07000128,3,0,1,0,1,19,"[5, 1]","[1, 5]",0,0,0,1,0,0,1,0,0,1,17
2024041400521,2024,041400521,355507,424768,-2.67567,53.71742,3,3,6,19:00,-1,E07000126,3,2,1,1,2,19,1,3,0,"[7, 1, 0]","[0, 7]",1,0,0,0,0,0,1,19
2024041400536,2024,041400536,367798,428346,-2.48981,53.75048,3,3,3,15:52,-1,E06000008,3,2,1,2,1,5,-1,-1,0,0,0,1,0,0,0,0,1,1,16
2024041400762,2024,041400762,358146,428927,-2.63625,53.75501,2,"[2, 3]",7,17:55,-1,E07000126,4,2,2,1,2,19,7,3,0,1,4,1,0,0,0,0,0,1,20
2024041400792,2024,041400792,348529,460153,-2.78735,54.03478,3,3,4,16:45,-1,E07000121,6,0,1,1,1,"[13, 9]",1,"[5, 7]",0,0,0,1,0,0,0,0,0,1,17
2024041400797,2024,041400797,353859,436313,-2.70237,53.82103,2,2,6,13:05,-1,E07000123,6,0,1,1,2,19,1,5,0,0,0,1,0,0,0,0,1,1,19
2024041400800,2024,041400800,386072,437624,-2.21312,53.83468,2,2,7,21:33,-1,E07000122,6,2,2,1,1,19,3,3,0,0,0,1,0,0,0,0,1,1,20
2024041400801,2024,041400801,353604,429244,-2.70518,53.75748,3,3,6,02:20,-1,E07000123,6,0,1,1,1,"[19, -1]","[1, -1]","[5, -1]","[0, -1]","[0, -1]",0,1,1,0,0,0,0,1,19
2024041400828,2024,041400828,370789,427913,-2.44442,53.74677,2,"[3, 2]",4,06:30,-1,E06000008,4,2,8,2,1,19,"[4, 6]","[8, 2]","[11, 0]",0,0,1,0,0,0,0,0,1,17
2024041400838,2024,041400838,393236,441111,-2.10434,53.86617,3,3,7,17:22,-1,E07000122,3,2,1,0,2,19,6,2,0,7,11,1,0,0,0,0,0,1,13
2024041400839,2024,041400839,376722,429450,-2.35457,53.76088,2,2,7,11:32,-1,E07000120,3,0,4,1,1,"[9, 19]",6,2,0,"[0, 1]",0,1,0,1,0,0,0,1,20
2024041400863,2024,041400863,358456,424741,-2.63099,53.71742,3,3,5,12:43,-1,E07000118,1,0,1,0,2,"[19, 12]",5,1,0,0,0,1,0,0,0,0,0,1,11
2024041400933,2024,041400933,350031,467684,-2.76567,54.1026,2,2,1,12:50,-1,E07000121,1,0,5,1,2,19,5,1,0,1,7,1,0,0,0,0,0,1,21
2024041400950,2024,041400950,389166,440338,-2.1662,53.85915,3,3,6,19:35,-1,E07000122,6,2,1,2,1,19,5,1,0,0,0,1,0,0,0,0,0,1,19
2024041401013,2024,041401013,349015,446439,-2.77763,53.91158,2,2,7,13:35,-1,E07000128,6,0,1,0,2,19,"[3, 5]","[7, 1]",0,0,0,1,1,0,0,0,0,1,13
2024041401036,2024,041401036,383103,435922,-2.25814,53.8193,3,3,3,07:40,-1,E07000122,6,2,3,2,2,19,1,5,0,1,4,1,0,0,0,0,0,1,16
2024041401131,2024,041401131,367689,425887,-2.49121,53.72837,3,3,1,19:45,-1,E06000008,6,2,1,0,1,1,1,5,0,0,0,1,0,0,0,0,1,1,14
2024041401344,2024,041401344,356372,426790,-2.66285,53.73566,3,3,6,13:00,-1,E07000126,4,0,1,0,1,"[9, 19]","[5, 6]","[3, 5]",0,0,0,1,0,0,0,0,0,1,19
2024041401438,2024,041401438,342353,432025,-2.87633,53.78134,3,3,2,18:20,-1,E07000119,6,2,4,1,1,9,6,2,0,0,0,1,0,0,0,0,1,1,22
2024041401441,2024,041401441,354763,433280,-2.6882,53.79385,2,2,2,18:20,-1,E07000123,6,2,4,0,1,"[14, 19]","[5, 1]","[1, 5]",0,0,0,1,0,0,0,0,0,1,22
2024041401444,2024,041401444,351534,417578,-2.73474,53.65244,3,3,5,17:35,-1,E07000118,4,2,1,0,2,19,"[1, 5]","[5, 1]","[0, 11]",0,0,1,0,0,0,0,0,1,11
2024041401489,2024,041401489,369945,428200,-2.45724,53.7493,2,"[2, 3]",7,09:05,-1,E06000008,3,0,1,1,1,"[19, 2]","[3, 0, 7]","[7, 0, 3]","[0, 4]",0,0,1,0,0,1,0,0,1,13
2024041401645,2024,041401645,332125,436195,-3.03244,53.81758,3,3,7,19:24,-1,E06000009,6,2,1,1,1,19,"[5, 3]","[1, 7]",0,0,0,1,0,0,0,0,0,1,20
2024041401650,2024,041401650,384317,432994,-2.23955,53.79302,3,3,3,18:25,-1,E07000117,6,2,1,1,1,19,1,5,0,0,0,1,0,0,0,0,1,1,16
2024041401786,2024,041401786,332822,442530,-3.02325,53.8746,3,3,3,16:24,-1,E07000128,3,2,4,1,2,19,"[1, 5]",3,0,0,0,1,0,0,0,0,0,1,23
2024041401793,2024,041401793,371023,428797,-2.44095,53.75472,3,3,3,13:45,-1,E07000120,1,0,5,1,2,19,6,8,0,"[0, 1]",0,1,0,0,0,0,0,1,23
2024041401825,2024,041401825,350777,432831,-2.74863,53.78945,3,3,4,13:15,-1,E07000123,4,0,2,1,1,19,"[1, 5]","[5, 1]",0,0,0,1,0,0,0,0,0,1,17
2024041401845,2024,041401845,366450,428543,-2.51028,53.75217,3,3,3,16:00,-1,E06000008,3,0,5,1,1,"[9, 19]","[3, 7]","[7, 3]",0,"[1, 0]",0,1,0,0,0,0,0,1,23
2024041402275,2024,041402275,357869,423045,-2.63965,53.70213,3,3,4,18:15,-1,E07000118,3,2,1,0,1,19,3,7,0,0,0,0,0,1,0,0,1,1,24
2024041402302,2024,041402302,333058,435722,-3.01817,53.81345,3,3,4,20:14,-1,E06000009,3,2,2,0,2,19,3,"[5, 7]",0,0,0,1,1,0,0,0,0,1,24
2024041402307,2024,041402307,384341,433503,-2.23921,53.79759,3,3,2,14:00,-1,E07000117,3,0,5,1,1,19,1,5,0,0,0,1,0,0,0,0,1,1,22
2024041402325,2024,041402325,354592,433600,-2.69084,53.79671,3,3,3,14:00,-1,E07000123,6,0,5,1,1,"[13, 9]",4,8,0,0,0,1,0,0,0,0,0,1,23
2024041402334,2024,041402334,382841,432432,-2.26192,53.78792,2,2,4,23:33,-1,E07000117,6,2,1,0,1,19,7,3,0,0,0,1,0,0,0,0,1,1,24
2024041402375,2024,041402375,352962,431318,-2.71523,53.77606,2,2,4,14:00,-1,E07000123,6,0,1,0,1,19,1,5,0,1,2,1,0,0,0,0,0,1,24
2024041402405,2024,041402405,349949,466107,-2.76666,54.08842,3,3,5,08:35,-1,E07000121,1,0,1,1,2,19,1,5,0,0,0,1,0,0,1,0,0,1,25
2024041402443,2024,041402443,335702,426936,-2.97619,53.73483,3,3,4,20:25,-1,E07000119,6,2,1,0,1,19,1,5,0,0,0,1,0,0,0,0,1,1,24
2024041402600,2024,041402600,383502,433585,-2.25195,53.7983,3,3,2,05:00,-1,E07000117,1,2,1,1,2,19,3,7,6,0,0,1,0,0,0,0,0,1,15
2024041402626,2024,041402626,332271,438371,-3.03071,53.83716,3,3,4,18:20,-1,E06000009,4,2,4,1,1,"[19, 7]","[1, 5]","[5, 3]",0,0,0,1,0,0,0,0,0,1,24
2024041402629,2024,041402629,367413,435698,-2.49643,53.81653,2,2,5,11:20,-1,E07000124,6,0,1,1,2,19,"[7, 3]","[3, 6]",0,0,0,1,1,0,0,0,0,1,25
2024041402636,2024,041402636,357012,424923,-2.65289,53.71894,3,3,2,06:30,-1,E07000126,6,2,8,1,1,9,2,8,0,0,0,0,0,0,1,0,1,1,22
2024041402935,2024,041402935,348457,468215,-2.78983,54.10722,2,2,2,14:05,-1,E07000121,3,0,1,0,2,"[19, 9]",5,1,0,0,0,1,0,1,0,0,0,1,8
2024041403048,2024,041403048,331945,435481,-3.03502,53.81114,2,2,6,10:02,-1,E06000009,6,0,1,0,1,"[2, 19]","[0, 6]","[0, 2]","[0, 4]",0,0,1,0,0,0,0,0,1,26
2024041403054,2024,041403054,333510,437176,-3.01162,53.82658,3,3,6,16:15,-1,E06000009,6,0,1,0,1,9,5,1,0,0,0,1,0,0,0,0,1,1,26
2024041403164,2024,041403164,389579,443497,-2.16003,53.88755,2,2,7,04:03,-1,E07000122,3,2,1,1,2,19,5,1,10,2,0,1,0,0,0,0,0,1,27
2024041403196,2024,041403196,354779,430600,-2.68756,53.76977,3,3,5,08:35,-1,E07000123,6,0,1,0,1,"[19, 5]","[5, 1]","[4, 2]",0,0,0,1,0,0,0,0,0,1,25
2024041403211,2024,041403211,385969,437566,-2.21468,53.83416,3,3,6,16:45,-1,E07000122,6,0,1,0,1,19,2,6,0,0,0,1,0,0,0,0,1,1,26
2024041403226,2024,041403226,385022,437135,-2.22905,53.83026,3,3,1,08:00,-1,E07000122,3,0,5,1,1,"[7, 13]",7,1,0,"[0, 7]",0,1,0,0,0,0,0,1,21
2024041403231,2024,041403231,349650,425653,-2.76456,53.72484,3,3,4,15:35,-1,E07000126,6,0,5,1,1,5,7,1,0,0,0,1,0,0,0,0,0,1,24
2024041403283,2024,041403283,350802,445005,-2.7502,53.89887,3,3,7,14:11,-1,E07000128,1,0,1,0,2,19,5,1,"[0, 1]","[0, 1]",0,1,0,0,0,0,0,1,27
2024041403297,2024,041403297,334909,438405,-2.99063,53.8378,2,2,3,09:38,-1,E07000128,6,0,1,1,1,"[2, 19]","[5, 1]","[1, 5]",0,0,0,1,0,0,0,0,0,1,16
2024041403353,2024,041403353,330792,436445,-3.05274,53.81965,3,3,7,19:15,-1,E06000009,3,2,1,0,1,19,5,1,0,0,0,1,0,0,0,0,1,1,27
2024041403416,2024,041403416,354628,414478,-2.68748,53.62486,3,3,1,03:24,-1,E07000118,1,2,1,0,2,19,1,5,0,0,0,1,0,0,0,0,0,1,28
2024041403426,2024,041403426,334730,436280,-2.9929,53.81868,3,3,1,07:25,-1,E07000119,6,0,1,0,1,19,"[5, 8]","[8, 5]",0,0,0,1,0,0,0,0,0,1,28
2024041403572,2024,041403572,358359,423119,-2.63224,53.70283,2,2,7,14:30,-1,E07000118,1,0,1,0,2,"[12, 19]",1,5,0,"[0, 4]","[0, 6]",1,0,0,0,0,0,1,27
2024041403597,2024,041403597,368033,427585,-2.48617,53.74365,2,2,1,18:20,-1,E06000008,3,2,1,0,1,19,5,1,0,0,0,1,0,0,0,0,1,1,28
2024041403613,2024,041403613,367224,426795,-2.49835,53.7365,2,"[3, 2]",1,22:20,-1,E06000008,6,2,1,1,1,19,"[3, 5]","[7, 1]",0,0,0,1,0,0,0,0,0,1,28
2024041403650,2024,041403650,378551,425313,-2.32654,53.72378,3,3,7,22:00,-1,E07000125,3,2,1,0,2,"[19, 5]","[1, 3]","[5, 7]",0,0,0,1,1,0,0,0,0,1,27
2024041404018,2024,041404018,387547,439821,-2.1908,53.85447,3,3,7,13:45,-1,E07000122,3,0,1,0,2,"[3, 19]","[1, 7]","[5, 3]","[0, 4]","[0, 4]","[0, 2]",1,0,0,0,0,0,1,27
2024041404043,2024,041404043,384245,436808,-2.24084,53.8273,3,3,2,17:20,-1,E07000122,1,2,2,1,2,19,3,7,0,0,0,1,0,0,0,0,0,1,29
2024041404048,2024,041404048,383837,436328,-2.24701,53.82297,2,2,2,15:15,-1,E07000122,1,0,2,1,2,19,7,3,0,1,11,1,0,0,0,0,0,1,29
2024041404099,2024,041404099,349957,426277,-2.76001,53.73047,2,2,2,11:09,-1,E07000126,3,2,2,1,2,19,"[3, 5]","[7, 1]",0,"[0, 1]","[0, 2]",1,1,0,0,0,0,1,29
2024041404101,2024,041404101,332416,448068,-3.03064,53.92432,2,2,2,20:02,-1,E07000128,6,2,2,1,1,"[2, 19]","[0, 3]","[0, 7]",0,0,0,1,0,0,0,0,0,1,29
2024041404140,2024,041404140,355180,427430,-2.68102,53.74131,2,2,4,21:56,-1,E07000126,3,2,1,0,2,19,"[1, 7]","[5, 3]",0,0,0,1,1,0,0,0,0,1,24
2024041404229,2024,041404229,354068,469800,-2.70426,54.122,3,3,3,19:05,-1,E07000121,4,2,4,1,2,19,3,7,11,0,0,1,0,0,0,0,0,1,23
2024041404263,2024,041404263,353252,430587,-2.71072,53.76952,2,2,3,09:55,-1,E07000123,6,0,1,1,1,-1,-1,-1,-1,-1,0,0,0,1,0,0,1,1,30
2024041404470,2024,041404470,378664,424244,-2.32475,53.71417,3,3,3,13:48,-1,E07000125,3,0,1,0,1,19,8,6,0,0,0,1,0,0,0,0,0,1,30
2024041404484,2024,041404484,359099,424639,-2.62123,53.71655,3,3,3,13:45,-1,E07000118,6,0,8,0,2,19,6,2,0,0,0,1,0,0,0,0,0,1,30
2024041404504,2024,041404504,332282,437462,-3.03034,53.82899,3,3,3,15:00,-1,E06000009,6,0,1,0,1,"[19, 4]",3,7,0,0,0,1,0,0,0,0,0,1,30
2024041404507,2024,041404507,355411,420943,-2.67658,53.68303,3,3,3,14:50,-1,E07000126,3,0,1,0,2,"[19, 9]","[5, 1]","[1, 5]",0,0,0,1,0,0,0,0,0,1,30
2024041404548,2024,041404548,385921,428399,-2.21499,53.75176,2,2,3,18:28,-1,E07000117,3,2,1,0,2,19,6,2,0,0,0,1,0,0,0,0,1,1,30
2024041404560,2024,041404560,358556,418258,-2.6286,53.65916,3,3,3,18:39,-1,E07000118,3,2,8,0,1,19,4,"[3, 5]",0,0,0,1,0,0,0,0,0,1,30
2024041404562,2024,041404562,333488,437134,-3.01195,53.8262,2,2,3,15:54,-1,E06000009,4,0,1,0,1,"[19, 7]","[2, 3]",6,0,0,0,1,0,1,0,0,0,1,30
2024041404572,2024,041404572,384185,434740,-2.24164,53.80871,3,3,3,16:25,-1,E07000117,6,0,1,0,1,"[9, 19]","[2, 6]",8,0,0,0,1,0,0,0,0,0,1,30
2024041404747,2024,041404747,346815,463776,-2.81416,54.06716,3,3,4,22:35,-1,E07000121,6,2,1,1,2,19,2,4,10,8,3,1,0,0,0,0,0,1,24
2024041404847,2024,041404847,384372,432798,-2.2387,53.79126,3,3,3,19:48,-1,E07000117,3,2,8,0,1,4,1,5,0,0,0,1,0,0,0,0,1,1,30
2024041404871,2024,041404871,354772,432980,-2.68802,53.79116,3,3,2,16:45,-1,E07000123,4,2,1,0,2,"[19, 9]","[7, 5]",3,0,0,0,1,1,0,0,0,0,1,8
2024041404874,2024,041404874,355537,422405,-2.67488,53.69618,3,3,3,17:10,-1,E07000118,1,2,1,0,1,"[9, 19]","[7, 3]","[5, 7]",0,0,0,1,0,0,0,0,0,1,30
2024041404945,2024,041404945,378019,421770,-2.33435,53.69191,3,3,4,13:26,-1,E07000125,6,0,1,0,1,"[19, 5]","[3, 1]","[7, 5]",0,0,0,1,0,0,0,0,0,1,31
2024041404955,2024,041404955,330847,431023,-3.05069,53.77094,2,2,4,14:30,-1,E07000119,3,0,5,1,2,"[9, 19]","[3, 1]","[7, 5]",0,"[1, 7]",0,1,0,0,0,0,0,1,31
2024041405019,2024,041405019,330911,434010,-3.05039,53.79779,2,"[3, 2]",4,15:40,-1,E06000009,4,0,5,1,1,4,5,1,0,0,0,1,0,0,0,0,0,1,31
2024041405026,2024,041405026,376346,428220,-2.36018,53.74981,2,2,4,17:30,-1,E07000120,3,2,2,1,1,"[5, 19]","[7, 4, 1]","[3, 8, 5]",0,0,0,1,1,0,0,0,0,1,31
2024041405050,2024,041405050,369922,425511,-2.45733,53.72513,3,3,5,16:00,-1,E06000008,4,0,1,0,1,"[19, 1]","[3, 7]","[7, 3]",0,0,0,1,0,0,1,0,0,1,25
2024041405069,2024,041405069,366419,428230,-2.51071,53.74935,3,3,4,20:20,-1,E06000008,6,2,8,1,1,"[2, 19]","[0, 5]","[0, 1]","[0, 4]",0,0,1,0,0,0,0,1,1,31
2024041405073,2024,041405073,352663,422927,-2.71848,53.70062,3,3,5,13:45,-1,E07000126,4,2,1,0,1,19,"[1, 7]",3,0,0,0,1,1,0,0,0,0,1,25
2024041405164,2024,041405164,354715,431527,-2.68867,53.77809,3,3,5,09:32,-1,E07000123,4,0,1,1,1,"[9, 19]","[3, 7]","[1, 3]",0,"[0, 1]",0,1,0,0,0,0,0,2,1
2024041405167,2024,041405167,354104,431793,-2.69798,53.78043,2,2,4,16:15,-1,E07000123,6,2,1,1,1,"[3, 19]",5,1,0,0,0,1,0,0,0,0,0,1,31
2024041405197,2024,041405197,367145,425927,-2.49946,53.7287,3,3,5,09:33,-1,E06000008,6,0,1,1,1,9,2,6,0,0,0,1,0,0,0,0,1,2,1
2024041405228,2024,041405228,369475,425715,-2.46412,53.72693,3,3,3,08:35,-1,E06000008,6,0,1,0,1,9,"[7, 5]","[5, 7]",0,0,0,1,0,0,0,0,0,1,30
2024041405308,2024,041405308,354726,429869,-2.68826,53.76319,3,3,4,16:30,-1,E07000123,4,2,5,1,1,5,2,6,0,0,0,1,0,0,0,0,1,1,31
2024041405312,2024,041405312,330718,437240,-3.05405,53.82679,3,3,5,15:00,-1,E06000009,6,0,1,0,1,5,"[1, 3]","[5, 7]",0,0,0,1,0,0,0,0,0,2,1
2024041405351,2024,041405351,331346,436447,-3.04433,53.81975,2,"[2, 3]",4,09:35,-1,E06000009,6,0,8,0,1,19,"[7, 5]","[3, 1]",0,0,0,1,0,0,0,0,0,1,31
2024041405376,2024,041405376,352457,430172,-2.72272,53.76571,3,3,5,21:02,-1,E07000123,6,2,1,0,1,"[6, 19]",3,7,0,0,0,1,1,0,0,0,0,2,1
2024041405398,2024,041405398,336346,447807,-2.97075,53.92247,3,3,7,17:30,-1,E07000128,4,2,1,0,2,19,1,5,0,0,0,1,0,0,0,0,0,1,27
2024041405411,2024,041405411,332463,439026,-3.02793,53.84307,2,2,6,15:43,-1,E06000009,6,0,1,0,1,19,5,1,0,0,0,1,0,0,0,0,1,1,12
2024041405416,2024,041405416,342954,463808,-2.87315,54.06704,3,3,4,19:00,-1,E07000121,6,2,1,0,1,19,7,3,0,0,0,1,0,0,0,0,0,1,31
2024041405451,2024,041405451,374090,427679,-2.39434,53.74484,3,3,2,18:25,-1,E07000120,4,2,1,1,1,"[5, 19, 2]","[5, -1, 0, 1]","[1, -1, 0, 5]",0,0,0,1,0,0,0,0,0,1,15
2024041405461,2024,041405461,389345,440244,-2.16348,53.85831,3,3,4,12:30,-1,E07000122,3,0,1,0,1,19,5,1,0,0,0,1,0,0,0,0,1,1,31
2024041405474,2024,041405474,368136,430707,-2.48493,53.77172,3,3,6,08:50,-1,E06000008,4,0,1,1,1,19,3,7,0,0,0,1,0,0,0,0,1,2,2
2024041405639,2024,041405639,353664,432383,-2.70474,53.78569,2,2,5,08:22,-1,E07000123,6,0,1,0,1,7,1,3,0,0,0,1,0,0,0,0,1,2,1
2024041405652,2024,041405652,350563,471535,-2.75816,54.13726,2,2,6,14:50,-1,E07000121,3,0,2,1,2,11,1,5,0,0,0,0,0,1,0,0,0,2,2
2024041405667,2024,041405667,387434,447041,-2.19281,53.91936,2,"[3, 2]",6,16:20,-1,E07000122,6,2,2,1,1,19,8,4,0,0,0,1,0,0,0,0,1,2,2