collision_index,collision_year,collision_ref_no,location_easting_osgr,location_northing_osgr,longitude,latitude,casualty_severity,casualty_severity,day_of_week,time,local_authority_district,local_authority_ons_district,first_road_class,light_conditions,weather_conditions,road_surface_conditions,urban_or_rural_area,vehicle_manoeuvre,vehicle_direction_from,vehicle_direction_to,hit_object_in_carriageway,vehicle_leaving_carriageway,hit_object_off_carriageway,is_car,is_cyle,is_mcyle,is_goodsv,is_other,is_pedestrian,month,day
2024041405714,2024,041405714,370019,426347,-2.45594,53.73265,2,2,6,17:20,-1,E06000008,3,2,1,1,1,19,"[8, 4]","[4, 1]",0,0,0,1,0,1,0,0,0,2,2
2024041405834,2024,041405834,342707,463482,-2.87686,54.06408,3,3,6,18:25,-1,E07000121,6,2,1,0,1,"[19, 8]",3,7,0,0,0,1,0,0,0,0,0,2,2
2024041405923,2024,041405923,355269,430082,-2.68005,53.76515,2,2,5,11:56,-1,E07000123,6,0,1,0,1,"[1, 19]","[8, 2]","[5, 6]",0,"[0, 1]",0,1,0,0,0,1,0,2,1
2024041405938,2024,041405938,332525,437182,-3.02658,53.8265,2,"[2, 3]",7,12:12,-1,E06000009,6,0,1,1,1,19,"[1, 3]","[5, 7]",0,0,0,1,0,0,0,0,0,2,3
2024041405952,2024,041405952,332067,436552,-3.0334,53.82078,3,3,4,14:30,-1,E06000009,6,0,1,0,1,19,5,1,0,0,0,1,0,0,0,0,1,1,24
2024041405972,2024,041405972,374734,430341,-2.3848,53.76879,2,2,7,17:00,-1,E07000120,1,2,1,0,1,"[4, 19]",7,3,0,0,0,1,0,0,0,0,0,2,3
2024041405984,2024,041405984,386766,438517,-2.20261,53.84273,3,3,7,17:13,-1,E07000122,6,2,1,0,1,"[9, 19]","[7, 5]","[3, 1]",0,0,0,1,0,0,0,0,0,2,3
2024041405994,2024,041405994,355992,430516,-2.66915,53.76912,2,2,7,17:35,-1,E07000123,3,2,1,0,1,"[4, 19]",7,3,0,0,0,1,0,0,0,0,0,2,3
2024041406017,2024,041406017,368866,427516,-2.47353,53.74309,3,3,7,22:07,-1,E06000008,6,2,1,0,1,19,7,3,0,7,11,1,0,0,0,0,0,2,3
2024041406042,2024,041406042,330716,436357,-3.05388,53.81885,2,2,7,20:36,-1,E06000009,6,2,1,0,1,19,7,3,0,0,0,1,0,0,0,0,1,2,3
2024041406069,2024,041406069,375289,425249,-2.37597,53.72306,2,"[3, 2]",7,14:30,-1,E07000120,4,0,1,1,2,19,4,8,0,1,4,1,0,0,0,0,0,2,3
2024041406127,2024,041406127,345237,421021,-2.83061,53.68276,1,"[3, 1]",1,08:26,-1,E07000127,6,0,1,0,2,"[19, 2]",1,5,0,"[1, 7, 0]","[4, 11, 0]",1,0,0,1,0,0,2,4
2024041406153,2024,041406153,362829,424548,-2.5647,53.71601,2,2,4,13:30,-1,E07000118,1,0,1,0,2,7,7,"[8, 2]",0,0,0,1,0,0,0,0,0,1,24
2024041406199,2024,041406199,331812,436086,-3.03717,53.81656,3,3,1,17:36,-1,E06000009,3,2,1,0,1,5,5,1,0,0,0,1,0,0,0,0,1,2,4
2024041406312,2024,041406312,344804,406830,-2.83465,53.55518,3,3,2,07:35,-1,E07000127,4,0,1,0,2,19,1,5,0,0,0,1,0,0,1,0,0,2,5
2024041406327,2024,041406327,350622,427771,-2.75017,53.74396,2,2,6,09:51,-1,E07000126,6,0,1,0,1,19,-1,-1,0,0,0,0,0,0,0,1,1,1,26
2024041406513,2024,041406513,368101,427966,-2.48518,53.74708,3,3,1,12:55,-1,E06000008,6,0,1,1,1,19,3,1,0,0,0,1,0,0,0,0,1,2,4
2024041406530,2024,041406530,379994,431951,-2.3051,53.78349,3,3,2,09:20,-1,E07000117,1,0,1,0,2,19,3,7,0,0,0,1,0,0,0,0,0,2,5
2024041406547,2024,041406547,333784,442177,-3.00854,53.87155,3,3,7,10:20,-1,E07000128,4,0,1,0,1,19,7,3,0,"[1, 0]",0,1,0,0,0,0,0,2,3
2024041406563,2024,041406563,341301,408509,-2.88783,53.56989,3,3,1,20:40,-1,E07000127,3,2,1,0,1,19,1,5,0,0,0,1,0,0,0,0,1,2,4
2024041406588,2024,041406588,334064,433523,-3.00242,53.79382,2,"[2, 3]",6,08:20,-1,E06000009,3,0,1,0,2,"[3, 19]",5,1,0,0,0,1,0,0,0,0,0,2,2
2024041406607,2024,041406607,331671,440722,-3.04035,53.85821,2,2,2,20:10,-1,E06000009,3,2,1,0,1,19,1,5,0,0,0,1,0,0,0,0,1,2,5
2024041406629,2024,041406629,355176,429718,-2.68141,53.76188,3,3,4,10:20,-1,E07000123,3,0,1,0,1,19,3,7,0,0,0,0,0,0,1,0,1,1,31
2024041406643,2024,041406643,358403,417203,-2.63078,53.64966,3,3,2,12:13,-1,E07000118,6,0,1,0,1,19,4,"[8, 2]",0,0,0,1,0,0,0,0,0,2,5
2024041406648,2024,041406648,370436,420845,-2.44909,53.68322,2,2,4,03:13,-1,E06000008,6,2,8,-1,1,7,1,5,0,0,0,1,0,0,0,0,1,1,31
2024041406687,2024,041406687,377723,429113,-2.33936,53.75789,3,3,3,07:44,-1,E07000120,3,0,5,1,2,19,5,1,0,0,0,1,0,0,0,0,0,2,6
2024041406974,2024,041406974,374791,431411,-2.38402,53.77841,3,3,7,12:05,-1,E07000120,6,0,1,0,1,"[9, 19]","[7, 1]",5,0,0,0,1,0,0,0,0,0,2,3
2024041407013,2024,041407013,380970,422693,-2.28972,53.70032,2,2,4,18:15,-1,E07000125,6,2,1,0,1,19,1,5,0,0,0,1,0,0,0,0,1,1,31
2024041407028,2024,041407028,357980,430008,-2.63892,53.76472,2,2,3,05:55,-1,E07000126,6,2,2,1,2,19,3,7,0,0,0,1,0,0,0,0,0,2,6
2024041407326,2024,041407326,368933,429557,-2.47272,53.76143,3,3,4,15:32,-1,E06000008,6,0,1,0,1,4,7,3,0,0,0,1,0,0,0,0,1,2,7
2024041407406,2024,041407406,369740,432049,-2.46073,53.78388,3,3,4,18:30,-1,E07000124,6,2,1,2,2,9,7,1,0,7,11,1,0,0,0,0,0,2,7
2024041407409,2024,041407409,353142,432758,-2.71272,53.78902,3,3,4,18:04,-1,E07000123,6,2,1,0,1,"[6, 19]",5,1,0,0,0,1,0,0,0,0,0,2,7
2024041407414,2024,041407414,383355,432272,-2.25411,53.7865,3,3,4,22:04,-1,E07000117,6,2,8,2,1,19,1,3,10,3,0,1,0,0,0,0,0,2,7
2024041407421,2024,041407421,382317,431926,-2.26985,53.78335,3,3,5,00:15,-1,E07000117,6,2,1,0,1,2,"[5, 0]","[1, 0]",0,0,0,1,0,0,0,0,0,2,8
2024041407426,2024,041407426,385167,434056,-2.2267,53.80259,2,2,3,17:30,-1,E07000117,6,2,1,0,1,19,"[6, 4]","[8, 2]",0,0,0,1,0,1,0,0,0,2,6
2024041407658,2024,041407658,339710,431580,-2.91635,53.77705,3,3,5,11:26,-1,E07000119,4,0,2,1,2,19,3,7,0,"[0, 2]","[0, 11]",1,0,0,0,0,0,2,8
2024041407664,2024,041407664,360135,437398,-2.60719,53.8313,3,3,5,14:00,-1,E07000124,6,0,3,2,2,19,5,1,0,7,11,1,0,0,0,0,0,2,8
2024041407711,2024,041407711,353981,430531,-2.69966,53.76908,3,3,5,14:27,-1,E07000123,6,0,5,1,1,"[19, 7]","[3, 5]","[7, 8]",0,0,0,1,0,0,0,0,0,2,8
2024041407772,2024,041407772,351124,432011,-2.74323,53.78212,3,3,2,17:56,-1,E07000123,4,2,1,0,1,19,5,1,0,0,0,1,0,0,0,0,0,2,5
2024041407786,2024,041407786,367254,424701,-2.49767,53.71769,3,3,5,16:05,-1,E06000008,6,0,6,2,2,13,5,1,0,8,0,1,0,0,0,0,0,2,8
2024041407852,2024,041407852,395496,438622,-2.06994,53.84382,2,2,3,14:30,-1,E07000122,6,0,1,1,2,19,"[4, 8]","[8, 4]",0,"[2, 7]",0,1,0,0,0,0,0,2,6
2024041407884,2024,041407884,352755,422230,-2.71698,53.69436,2,2,1,22:10,-1,E07000126,6,2,1,1,1,"[2, 19]","[0, 1]","[0, 5]","[0, 4]",0,0,1,0,0,0,0,0,2,4
2024041408222,2024,041408222,331625,440029,-3.04089,53.85197,3,3,6,18:55,-1,E06000009,3,2,2,1,1,19,1,5,0,0,0,1,0,0,0,0,1,2,9
2024041408270,2024,041408270,350835,432840,-2.74775,53.78954,3,3,5,15:20,-1,E07000123,6,0,3,1,1,19,3,7,0,0,0,1,0,0,0,0,1,2,8
2024041408281,2024,041408281,358155,429639,-2.63621,53.76141,3,3,7,03:00,-1,E07000126,1,2,1,1,2,19,5,1,10,0,0,1,0,0,0,0,0,2,10
2024041408284,2024,041408284,369292,421796,-2.46651,53.6917,3,3,5,17:30,-1,E06000008,3,2,1,0,1,19,-1,-1,0,0,0,1,0,0,0,0,1,2,8
2024041408365,2024,041408365,350786,433097,-2.74853,53.79185,2,2,6,08:05,-1,E07000123,6,0,2,1,1,"[1, 19]","[1, 7]","[5, 3]",0,0,0,1,1,0,0,0,0,2,9
2024041408383,2024,041408383,333741,441286,-3.009,53.86354,3,3,6,08:41,-1,E07000128,4,0,2,1,1,"[8, 3]",1,5,"[1, 0]",0,0,1,0,0,0,0,0,2,9
2024041408391,2024,041408391,382524,448668,-2.26766,53.93383,2,2,7,13:15,-1,E07000124,3,0,1,0,2,"[9, 14, 19]",7,3,0,0,0,1,0,1,0,0,0,2,10
2024041408428,2024,041408428,368011,428133,-2.48656,53.74858,2,2,5,14:25,-1,E06000008,6,0,3,1,1,19,5,1,0,0,0,1,0,0,0,0,1,2,8
2024041408431,2024,041408431,332801,442445,-3.02355,53.87384,2,2,4,17:30,-1,E07000128,6,0,1,0,2,19,"[3, 5]","[5, 1]",0,0,0,1,1,0,0,0,0,2,7
2024041408440,2024,041408440,330739,437039,-3.05368,53.82498,3,3,7,15:40,-1,E06000009,6,0,1,0,1,19,7,3,0,0,0,1,0,0,0,0,1,2,10
2024041408469,2024,041408469,343953,464502,-2.85802,54.07338,3,3,7,18:32,-1,E07000121,6,2,1,0,1,19,7,3,11,0,0,1,0,0,0,0,0,2,10
2024041408501,2024,041408501,352665,433043,-2.72001,53.79154,3,3,7,21:47,-1,E07000123,6,2,1,1,1,"[2, 19]","[0, 8]","[0, 2]","[0, 4]",0,0,1,0,0,0,0,0,2,10
2024041408502,2024,041408502,361706,412577,-2.58024,53.60834,3,3,3,10:20,-1,E07000118,1,0,5,1,2,19,5,1,0,0,0,1,0,0,0,0,0,2,6
2024041408504,2024,041408504,355857,424009,-2.67026,53.71062,2,2,7,16:20,-1,E07000118,3,0,1,0,2,19,1,5,0,0,0,1,1,0,0,0,0,2,10
2024041408635,2024,041408635,331384,434161,-3.04324,53.79921,3,3,4,11:59,-1,E06000009,6,0,1,0,1,19,5,1,0,0,0,1,0,0,0,0,0,1,24
2024041408686,2024,041408686,367613,428521,-2.49264,53.75204,3,3,1,20:55,-1,E06000008,3,2,1,0,1,"[9, 19]","[7, 3]","[3, 7]",0,0,0,1,0,0,0,0,0,2,11
2024041408688,2024,041408688,368918,428991,-2.47289,53.75635,3,3,1,17:58,-1,E06000008,3,2,1,0,1,"[19, 9, 2]","[3, 7, 0]","[7, 3, 0]",0,"[1, 0]","[1, 0]",1,0,0,0,0,1,2,11
2024041408691,2024,041408691,386059,437616,-2.21332,53.83461,3,3,4,20:49,-1,E07000122,6,2,1,0,1,19,"[1, 3]","[4, 7]","[0, 9]",0,0,1,0,0,0,0,0,1,31
2024041408925,2024,041408925,338329,434641,-2.93791,53.80439,3,3,2,11:03,-1,E07000119,6,0,1,0,2,"[9, 19]",3,7,0,"[0, 1]",0,1,0,0,0,0,0,2,12
2024041408970,2024,041408970,348914,454341,-2.7805,53.98258,3,3,2,12:30,-1,E07000121,1,0,1,1,2,19,3,7,0,0,0,1,0,0,0,0,0,2,12
2024041409032,2024,041409032,350427,403785,-2.74929,53.52837,3,3,2,11:39,-1,E07000127,6,0,1,0,1,19,7,3,0,0,0,1,0,0,0,0,0,2,12
2024041409083,2024,041409083,347362,457168,-2.80465,54.00783,2,2,2,13:59,-1,E07000121,6,0,1,0,2,19,"[3, 8]","[8, 3]",0,0,0,1,0,0,0,0,0,2,12
2024041409102,2024,041409102,355483,430143,-2.67681,53.76572,3,3,2,15:34,-1,E07000123,6,0,1,0,1,"[9, 2]","[5, 0]","[7, 0]",0,"[7, 0]",0,1,0,0,0,0,0,2,12
2024041409160,2024,041409160,376074,429334,-2.36439,53.75981,3,3,2,22:05,-1,E07000120,4,2,2,2,1,"[10, 19, 5, 2]","[7, 3, 5, 0]","[3, 7, 1, 0]",0,0,0,1,0,0,0,0,0,2,12
2024041409409,2024,041409409,333112,433436,-3.01685,53.79292,2,2,3,11:58,-1,E06000009,6,0,1,0,1,19,5,1,0,0,0,1,0,0,0,0,1,2,13
2024041409553,2024,041409553,331912,435872,-3.03561,53.81465,3,3,3,17:50,-1,E06000009,3,2,1,1,1,"[5, 14]",1,5,0,0,0,1,1,0,0,0,0,2,13
2024041409604,2024,041409604,368830,429351,-2.47427,53.75958,3,3,3,16:47,-1,E06000008,6,0,8,0,1,19,"[7, 5]","[3, 1]",0,0,0,1,0,0,0,0,0,2,13
2024041409610,2024,041409610,353727,416647,-2.70143,53.64427,3,3,3,21:55,-1,E07000118,6,2,2,1,2,19,1,7,0,1,0,1,0,0,0,0,0,2,13
2024041409630,2024,041409630,358160,429640,-2.63614,53.76142,3,3,4,04:11,-1,E07000126,1,2,2,1,2,19,5,1,0,1,0,0,0,0,1,0,0,2,14
2024041409639,2024,041409639,367273,428331,-2.49777,53.75031,3,3,2,17:10,-1,E06000008,3,2,1,0,1,19,"[4, 7]","[2, 3]",0,0,0,1,1,0,0,0,0,2,12
2024041409649,2024,041409649,383358,431247,-2.25401,53.77729,3,3,5,18:20,-1,E07000117,6,2,1,0,1,"[19, 9]",3,7,0,0,0,1,0,0,0,0,0,2,8
2024041409668,2024,041409668,383810,433163,-2.24725,53.79452,3,3,3,08:10,-1,E07000117,4,0,2,1,1,19,3,7,0,0,0,1,0,0,0,0,0,2,6
2024041409742,2024,041409742,349403,464830,-2.77479,54.0769,3,3,4,07:15,-1,E07000121,3,2,2,1,2,19,"[7, 5]","[5, 1]",0,0,0,1,0,0,0,1,0,2,14
2024041409799,2024,041409799,388180,416237,-2.18026,53.64251,3,3,4,08:22,-1,E07000125,3,0,2,1,1,19,5,1,0,0,0,1,0,0,0,0,1,2,14
2024041409941,2024,041409941,381575,427635,-2.28085,53.74476,2,2,4,13:20,-1,E07000117,3,0,2,1,2,"[9, 13]",6,2,0,"[0, 7]","[0, 11]",1,0,0,0,0,0,2,14
2024041410026,2024,041410026,384267,445257,-2.24094,53.90323,3,3,2,21:18,-1,E07000124,3,2,5,1,2,19,1,5,11,0,0,1,0,0,0,0,0,2,12
2024041410030,2024,041410030,355339,428609,-2.67878,53.75192,3,3,4,00:45,-1,E07000126,6,2,8,1,1,19,4,8,0,1,1,1,0,0,0,0,0,2,14
2024041410031,2024,041410031,350861,405125,-2.74296,53.54046,3,3,6,17:20,-1,E07000127,3,2,8,1,1,"[7, 19]","[5, 7]","[1, 3]",0,0,0,1,1,0,0,0,0,2,9
2024041410032,2024,041410032,351358,430509,-2.73944,53.76864,3,3,5,14:55,-1,E07000123,3,0,1,0,1,19,"[7, 1]","[3, 5]",0,"[0, 3]","[0, 10]",1,0,0,0,0,0,2,1
2024041410175,2024,041410175,332176,446914,-3.03404,53.91391,3,3,4,09:41,-1,E07000128,3,0,2,1,1,19,"[1, 7]","[5, 3]",0,0,0,1,1,0,0,0,0,2,14
2024041410240,2024,041410240,359022,430132,-2.62313,53.76591,3,3,5,09:23,-1,E07000126,3,0,2,1,2,"[19, 9]",7,3,"[11, 0]","[4, 0]","[2, 0]",1,0,0,0,0,0,2,15
2024041410518,2024,041410518,353059,433244,-2.71406,53.79338,3,3,5,12:55,-1,E07000123,3,2,1,0,1,"[19, 9]",1,"[5, 7]",0,0,0,1,0,1,0,0,0,2,15
2024041410568,2024,041410568,376072,428529,-2.36436,53.75257,2,2,5,15:08,-1,E07000120,6,0,1,1,1,"[2, 9, 19]","[1, 2]","[5, 4]","[0, 4]",0,0,1,0,0,0,0,0,2,15
2024041410663,2024,041410663,370563,431450,-2.44818,53.77854,3,3,6,11:49,-1,E07000120,6,0,2,1,2,19,"[7, 3]","[3, 7]",0,"[1, 7]",0,1,0,0,0,0,0,2,16
2024041410821,2024,041410821,347542,420862,-2.79569,53.68157,3,3,6,18:45,-1,E07000118,4,2,2,1,2,19,5,1,0,1,3,0,0,0,1,0,0,2,16
2024041410877,2024,041410877,342237,463368,-2.88402,54.063,3,3,6,22:00,-1,E07000121,6,2,2,1,1,19,3,7,0,0,0,1,0,0,0,0,1,2,16
2024041410921,2024,041410921,368487,428097,-2.47934,53.74828,2,"[2, 3]",5,21:50,-1,E06000008,6,2,1,0,1,6,0,0,0,0,0,1,0,0,0,0,0,2,15
2024041411032,2024,041411032,369296,426775,-2.46694,53.73645,3,3,3,23:00,-1,E06000008,6,2,1,1,1,-1,-1,-1,-1,-1,0,1,0,0,0,0,1,2,6
2024041411102,2024,041411102,331035,433062,-3.04829,53.78928,3,3,4,15:20,-1,E06000009,4,0,2,1,1,19,"[5, 3]","[1, 7]",0,0,0,1,1,0,0,0,0,1,31
2024041411200,2024,041411200,330581,436025,-3.05585,53.81585,3,3,7,16:45,-1,E06000009,3,0,2,1,1,19,1,5,0,0,0,1,0,0,0,0,1,2,17
2024041411348,2024,041411348,351156,443867,-2.74463,53.88867,3,3,7,19:41,-1,E07000128,1,2,2,1,2,"[19, 12]","[5, 8]","[1, 4]",0,"[0, 1]","[0, 6]",1,0,0,0,0,0,2,17
2024041411356,2024,041411356,346147,411077,-2.81511,53.59349,3,3,6,14:30,-1,E07000127,6,0,2,1,2,19,"[2, 3]","[6, 7]",0,"[6, 0]",0,1,0,0,0,0,0,2,16
2024041411369,2024,041411369,330679,435075,-3.05415,53.80733,3,3,1,16:46,-1,E06000009,6,0,1,0,1,19,"[1, 3]","[5, 7]",0,0,0,1,0,0,0,0,0,2,18
2024041411396,2024,041411396,357854,417630,-2.63914,53.65346,3,3,7,15:05,-1,E07000118,3,0,1,0,1,19,4,8,0,0,0,1,0,0,0,0,0,1,20
2024041411466,2024,041411466,378219,422565,-2.33138,53.69906,3,3,2,07:05,-1,E07000125,3,0,1,1,1,19,1,5,0,0,0,1,0,0,0,0,0,2,19
2024041411519,2024,041411519,373317,427743,-2.40607,53.74537,3,3,6,11:01,-1,E07000120,6,0,1,0,1,19,1,5,0,0,0,1,0,0,0,0,1,2,9
2024041411657,2024,041411657,373344,427981,-2.40568,53.74751,2,2,1,17:45,-1,E07000120,6,0,1,0,1,"[2, 9, 19]","[1, 3]","[5, 1]","[0, 11]",0,0,1,0,1,0,0,0,2,18
2024041411671,2024,041411671,367041,433531,-2.50185,53.79703,3,3,7,15:30,-1,E07000124,3,0,2,1,1,"[9, 19]","[1, 5]","[5, 1]",0,0,0,1,0,0,0,0,0,2,17
2024041411675,2024,041411675,334908,439593,-2.9909,53.84848,3,3,1,12:04,-1,E07000128,4,0,1,0,1,"[19, 3]",7,3,0,0,0,1,0,0,0,0,0,2,18
2024041411683,2024,041411683,339688,431655,-2.91669,53.77772,3,3,2,09:27,-1,E07000119,4,0,1,1,2,19,3,"[7, 5]",0,"[0, 1]",0,1,1,0,0,0,0,2,19
2024041411703,2024,041411703,332762,432326,-3.02192,53.7829,3,3,1,13:00,-1,E06000009,3,0,1,0,1,19,7,3,4,3,10,1,0,0,0,0,0,2,18
2024041411761,2024,041411761,353004,430453,-2.71446,53.76829,3,3,1,11:30,-1,E07000123,6,0,1,0,1,"[2, 19]","[0, 5]","[0, 1]",4,0,0,1,0,0,0,0,0,2,18
2024041411770,2024,041411770,360791,437611,-2.59725,53.83327,2,2,2,19:30,-1,E07000124,6,2,1,0,2,9,4,2,0,0,0,1,0,0,0,0,1,2,19
2024041411772,2024,041411772,354658,429791,-2.68928,53.76249,3,3,2,22:12,-1,E07000123,4,2,1,0,1,14,5,5,0,0,0,1,0,0,0,0,1,2,19
2024041411775,2024,041411775,356516,425687,-2.66052,53.72576,2,2,7,21:00,-1,E07000126,4,2,5,1,1,19,1,5,0,0,0,1,0,0,0,0,1,2,17
2024041411946,2024,041411946,332209,432134,-3.03027,53.7811,3,3,1,13:15,-1,E06000009,3,0,1,0,1,4,3,7,0,0,0,1,0,0,1,0,0,2,18
2024041412001,2024,041412001,346805,420785,-2.80684,53.6808,3,3,3,11:10,-1,E07000118,4,0,1,1,2,"[9, 10]","[2, 1]","[8, 5]",0,"[0, 7]","[0, 4]",1,0,0,0,0,0,2,20
2024041412028,2024,041412028,369385,427453,-2.46566,53.74255,3,3,6,17:25,-1,E06000008,6,0,1,1,1,9,1,7,0,0,0,1,0,0,0,0,1,2,16
2024041412067,2024,041412067,376716,428106,-2.35456,53.7488,3,3,3,12:26,-1,E07000120,6,0,1,0,2,19,7,3,0,0,0,1,0,0,0,0,1,2,20
2024041412127,2024,041412127,383949,433002,-2.24514,53.79308,3,3,3,16:24,-1,E07000117,6,0,1,0,1,1,3,7,0,0,0,1,0,0,0,0,1,2,20
2024041412143,2024,041412143,336658,437299,-2.96383,53.82808,3,3,3,15:10,-1,E07000128,4,0,2,1,2,19,7,3,5,0,0,1,0,0,0,0,0,2,20
2024041412208,2024,041412208,348384,409431,-2.78104,53.57892,3,3,3,20:20,-1,E07000127,6,2,8,0,2,19,"[2, 5]","[5, 2]",0,"[2, 0]","[10, 0]",1,0,0,0,0,0,2,20
2024041412354,2024,041412354,373046,427699,-2.41017,53.74496,3,3,7,05:20,-1,E07000120,4,2,1,1,1,"[19, 9]","[7, 1]","[3, 7]",0,0,0,1,0,1,0,0,0,2,17
2024041412569,2024,041412569,331779,443408,-3.0393,53.88236,3,3,4,14:20,-1,E07000128,3,0,1,1,1,"[5, 9]","[5, 1]","[1, 7]",0,0,0,1,0,0,0,0,0,2,21
2024041412582,2024,041412582,382490,432386,-2.26725,53.78749,3,3,4,16:55,-1,E07000117,6,0,1,0,1,19,7,3,0,1,11,1,0,0,0,0,1,2,21
2024041412621,2024,041412621,373792,441546,-2.40005,53.86945,2,2,4,18:06,-1,E07000124,6,2,1,0,1,19,"[4, 6]","[8, 2]",0,0,0,1,0,1,0,0,0,2,21
2024041412623,2024,041412623,354278,429915,-2.69506,53.76357,3,3,3,08:00,-1,E07000123,6,0,1,0,1,"[5, 19]",6,2,0,0,0,1,0,0,0,1,0,1,30
2024041412643,2024,041412643,333037,429630,-3.01716,53.7587,3,3,4,19:50,-1,E07000119,4,2,1,0,1,"[2, 19]","[0, 7]","[0, 3]",0,0,0,1,0,0,0,0,0,2,21
2024041412664,2024,041412664,370722,429005,-2.44554,53.75658,3,3,7,11:45,-1,E07000120,3,0,1,1,1,19,5,1,0,0,0,1,0,0,0,0,0,2,17
2024041412687,2024,041412687,349202,405954,-2.76813,53.54775,3,3,4,13:50,-1,E07000127,6,0,1,1,1,19,"[7, 5]","[5, 1]",0,0,0,1,0,0,0,0,0,2,21
2024041412706,2024,041412706,384262,432481,-2.24036,53.78841,3,3,5,08:39,-1,E07000117,6,2,9,0,1,19,1,5,0,0,0,1,0,0,0,0,0,2,8
2024041412788,2024,041412788,370844,428916,-2.44368,53.75578,3,3,4,15:10,-1,E07000120,3,0,1,0,2,19,"[5, 3]","[1, 7]",0,0,0,1,0,0,0,0,0,2,21
2024041412860,2024,041412860,354588,419155,-2.68877,53.66689,2,2,5,06:29,-1,E07000118,1,2,2,1,2,19,5,1,0,"[0, 1]",0,1,0,0,1,0,0,2,22
2024041412941,2024,041412941,364982,424951,-2.53213,53.71978,3,3,5,13:00,-1,E06000008,6,0,1,1,1,"[4, 19]",3,7,0,0,0,1,0,0,1,0,0,2,22
2024041412988,2024,041412988,387005,442051,-2.19913,53.8745,3,3,4,14:35,-1,E07000122,6,0,5,1,2,19,5,1,0,0,0,1,0,0,0,0,0,2,21
2024041413044,2024,041413044,367885,427825,-2.48844,53.7458,3,3,5,19:20,-1,E06000008,3,2,1,1,1,"[19, 9]","[1, 5]","[5, 1]",0,"[1, 7]","[0, 2]",1,0,0,0,0,0,2,22
2024041413053,2024,041413053,337559,439478,-2.95059,53.84777,2,"[2, 3]",6,20:50,-1,E07000119,3,2,2,1,1,19,1,5,0,0,0,1,0,0,0,0,0,2,9
2024041413062,2024,041413062,332467,443492,-3.02886,53.8832,2,2,5,20:10,-1,E07000128,6,2,1,1,1,19,3,7,0,0,0,1,0,0,0,0,1,2,22
2024041413080,2024,041413080,356996,432054,-2.65413,53.78302,2,"[2, 3]",2,15:59,-1,E07000123,6,0,1,0,1,"[19, 9]","[5, 7]","[1, 3]",0,0,0,1,0,0,0,0,0,2,19
2024041413082,2024,041413082,358745,472744,-2.63311,54.14885,3,3,5,21:45,-1,E07000121,4,2,2,1,2,19,5,1,0,0,0,1,0,0,0,0,0,2,22
2024041413182,2024,041413182,377948,421122,-2.33538,53.68608,3,3,6,08:25,-1,E07000125,4,0,3,2,1,19,"[8, 4]","[4, 8]",0,0,0,1,0,0,0,0,0,2,23
2024041413183,2024,041413183,353937,430119,-2.70026,53.76537,2,2,6,08:30,-1,E07000123,3,0,1,0,1,19,5,1,0,0,0,1,0,0,0,0,1,2,23
2024041413199,2024,041413199,356790,431899,-2.65723,53.78161,3,3,5,21:15,-1,E07000123,4,2,1,1,1,19,-1,-1,0,0,0,1,0,0,0,0,1,2,22
2024041413285,2024,041413285,356894,417920,-2.6537,53.65599,3,3,6,11:25,-1,E07000118,6,0,2,1,2,"[19, 9]",5,1,0,0,0,1,0,0,1,0,0,2,23
2024041413286,2024,041413286,385776,437736,-2.21762,53.83568,3,3,2,19:03,-1,E07000122,6,2,1,0,1,1,7,3,0,0,0,1,0,0,0,0,1,2,19
2024041413314,2024,041413314,385991,438033,-2.21437,53.83836,3,3,5,10:40,-1,E07000122,6,0,2,1,1,19,"[3, 1]","[7, 5]",0,0,0,1,0,1,0,0,0,2,22
2024041413337,2024,041413337,344594,464883,-2.84829,54.07688,3,3,5,16:52,-1,E07000121,3,0,1,0,1,19,5,1,0,0,0,1,0,0,0,0,0,2,22
2024041413429,2024,041413429,359109,419764,-2.62043,53.67274,2,2,6,15:53,-1,E07000118,3,0,1,1,2,19,6,2,0,1,2,1,0,0,0,0,0,2,23
2024041413453,2024,041413453,335327,433468,-2.98324,53.79349,2,"[3, 2]",6,19:24,-1,E07000119,1,2,1,0,2,19,3,7,0,0,0,1,0,0,0,0,0,2,23
2024041413618,2024,041413618,345828,416979,-2.82096,53.6465,3,3,5,09:15,-1,E07000127,3,0,1,0,2,"[19, 3]",3,"[3, 5]",0,0,0,1,0,0,0,0,0,2,22
2024041413624,2024,041413624,339717,431540,-2.91623,53.77669,3,3,5,09:45,-1,E07000119,4,0,1,0,2,19,"[1, 7]","[5, 3]",0,0,0,1,0,0,0,0,0,2,22
2024041413661,2024,041413661,367082,426336,-2.50046,53.73237,3,3,7,09:40,-1,E06000008,6,0,1,0,1,19,"[5, 7]","[1, 3]",0,0,0,1,0,0,0,0,0,2,24
2024041413700,2024,041413700,351806,428384,-2.73231,53.74958,3,3,7,16:08,-1,E07000126,6,0,1,0,1,19,7,3,0,0,0,1,0,0,0,0,0,2,17
2024041413718,2024,041413718,380316,422988,-2.29964,53.70295,3,3,4,14:35,-1,E07000125,6,0,2,1,1,19,3,7,0,0,0,1,0,0,0,0,1,2,21
2024041413797,2024,041413797,378207,450219,-2.33353,53.94761,3,3,1,04:20,-1,E07000124,6,2,1,1,2,19,1,5,0,7,4,1,0,0,0,0,0,2,25