collision_index,collision_year,collision_ref_no,location_easting_osgr,location_northing_osgr,longitude,latitude,casualty_severity,casualty_severity,day_of_week,time,local_authority_district,local_authority_ons_district,first_road_class,light_conditions,weather_conditions,road_surface_conditions,urban_or_rural_area,vehicle_manoeuvre,vehicle_direction_from,vehicle_direction_to,hit_object_in_carriageway,vehicle_leaving_carriageway,hit_object_off_carriageway,is_car,is_cyle,is_mcyle,is_goodsv,is_other,is_pedestrian,month,day
2024041413974,2024,041413974,354394,433608,-2.69385,53.79677,2,2,6,22:12,-1,E07000123,6,2,1,0,2,19,5,1,0,0,0,1,0,0,0,0,0,2,23
2024041413978,2024,041413978,361594,440073,-2.58536,53.85545,2,2,7,19:00,-1,E07000124,6,2,1,0,2,19,1,5,0,1,11,1,0,0,0,0,0,1,27
2024041414030,2024,041414030,353458,429216,-2.70739,53.75721,2,2,5,10:00,-1,E07000123,6,0,1,0,1,4,7,3,0,0,0,0,0,0,1,0,1,2,22
2024041414031,2024,041414031,341265,432517,-2.89293,53.78564,3,3,6,12:15,-1,E07000119,6,0,1,1,1,"[4, 19]",3,7,0,0,0,1,0,0,0,0,0,2,9
2024041414034,2024,041414034,333663,442216,-3.01039,53.87189,3,3,4,09:08,-1,E07000128,4,0,1,0,1,-1,-1,-1,-1,-1,0,1,0,0,0,0,1,1,31
2024041414035,2024,041414035,373430,432285,-2.40475,53.7862,2,2,7,10:00,-1,E07000120,6,0,1,0,1,19,-1,-1,0,0,0,1,0,0,0,0,1,1,20
2024041414072,2024,041414072,370775,425899,-2.44444,53.72866,2,2,2,07:45,-1,E06000008,4,0,1,0,1,"[5, 13]","[3, 5]",1,0,0,0,1,0,1,0,0,0,2,26
2024041414126,2024,041414126,368924,429807,-2.47289,53.76368,2,"[3, 2]",2,07:30,-1,E06000008,3,0,1,0,1,19,"[1, 5]","[5, 1]",0,"[0, 1]",0,1,0,0,0,0,0,2,26
2024041414241,2024,041414241,349398,403932,-2.76484,53.5296,2,2,2,12:45,-1,E07000127,6,0,1,0,1,19,8,5,0,0,0,1,0,0,0,0,0,2,26
2024041414268,2024,041414268,371927,435738,-2.42788,53.81716,2,2,3,15:45,-1,E07000124,6,0,2,1,2,5,1,5,0,0,0,1,0,0,0,0,1,1,23
2024041414309,2024,041414309,388933,418792,-2.16897,53.66549,2,2,6,17:07,-1,E07000125,6,0,1,0,1,19,"[5, 7]","[1, 3]",0,0,0,1,1,0,0,0,0,2,23
2024041414356,2024,041414356,376118,427996,-2.36362,53.74778,2,2,2,12:15,-1,E07000120,6,0,1,0,1,19,1,5,0,0,0,1,0,0,0,0,1,2,26
2024041414376,2024,041414376,365280,415820,-2.52659,53.63774,3,3,2,22:00,-1,E07000118,6,2,1,2,2,19,6,2,0,0,0,1,0,0,0,0,0,2,26
2024041414403,2024,041414403,385882,426888,-2.21551,53.73818,3,3,3,18:20,-1,E07000117,3,2,1,0,2,19,3,8,0,1,0,1,0,0,0,0,0,2,20
2024041414416,2024,041414416,345146,420544,-2.83191,53.67847,3,3,5,15:20,-1,E07000127,6,0,1,0,2,5,5,1,0,7,0,1,0,0,0,0,1,1,18
2024041414533,2024,041414533,331440,437790,-3.0432,53.83183,3,3,2,11:15,-1,E06000009,6,0,1,0,1,"[13, 9]",3,"[7, 1]",0,0,0,1,1,0,0,0,0,2,26
2024041414682,2024,041414682,373147,424011,-2.40832,53.71182,3,3,1,23:00,-1,E07000120,4,2,1,0,2,"[19, 9]","[5, 6]","[1, 4]",0,0,0,1,0,1,0,0,0,2,25
2024041414711,2024,041414711,382294,428093,-2.26997,53.7489,2,2,1,17:09,-1,E07000117,3,0,1,0,2,"[9, 19]","[2, 8]","[8, 2]",0,0,0,1,0,1,0,0,0,2,25
2024041414714,2024,041414714,332439,437908,-3.02805,53.83302,3,3,2,17:23,-1,E06000009,6,0,1,0,1,"[13, 19]","[1, 7]","[5, 3]",0,"[7, 0]","[11, 0]",1,0,0,0,0,0,2,26
2024041414751,2024,041414751,370472,428910,-2.44932,53.75571,3,3,6,11:55,-1,E06000008,6,0,1,0,2,19,1,5,0,0,0,0,0,0,1,0,1,2,23
2024041414836,2024,041414836,357050,425599,-2.65241,53.72501,3,3,3,23:30,-1,E07000126,1,2,1,0,1,19,5,1,0,"[0, 5]","[0, 6]",1,0,0,1,0,0,2,27
2024041414847,2024,041414847,333749,440002,-3.0086,53.852,1,1,4,00:05,-1,E07000128,4,2,1,1,1,"[2, 19, 13]","[5, 0]","[1, 0]","[0, 4]","[2, 0, 1]","[0, 11]",1,0,0,0,0,0,2,28
2024041415095,2024,041415095,357414,428071,-2.64724,53.74726,3,3,3,17:00,-1,E07000126,1,2,1,1,2,19,1,5,0,0,0,1,0,0,1,0,0,2,27
2024041415111,2024,041415111,347602,423724,-2.79527,53.7073,3,3,2,10:36,-1,E07000126,6,0,8,0,1,"[7, 19]",5,"[7, 1]",0,0,0,0,1,0,1,0,0,2,26
2024041415220,2024,041415220,352359,421559,-2.72288,53.6883,3,3,4,16:35,-1,E07000126,4,2,2,1,1,19,"[5, 3]","[1, 7]",0,0,0,1,0,0,0,0,0,2,28
2024041415269,2024,041415269,351967,475194,-2.73726,54.17028,2,"[3, 2]",4,23:24,-1,E07000121,1,2,2,1,2,19,1,5,0,1,4,1,0,0,0,0,0,2,28
2024041415495,2024,041415495,335473,440536,-2.98251,53.85702,2,2,5,12:00,-1,E07000128,3,0,1,0,1,"[5, 19]","[7, 5]","[3, 1]",0,0,0,1,0,0,0,0,0,2,29
2024041415506,2024,041415506,369204,422192,-2.46788,53.69525,3,3,2,16:31,-1,E06000008,3,0,1,0,1,19,-1,-1,0,0,0,1,0,0,0,0,1,2,26
2024041415888,2024,041415888,352982,433754,-2.7153,53.79795,3,3,6,08:20,-1,E07000123,3,0,1,0,1,19,1,5,0,1,1,1,0,0,0,0,0,3,1
2024041415904,2024,041415904,350496,432866,-2.7529,53.78974,2,2,6,16:30,-1,E07000123,6,0,1,1,2,"[9, 19]","[2, 8]","[8, 4]",0,0,0,1,1,0,0,0,0,3,1
2024041416017,2024,041416017,343137,463485,-2.87029,54.06415,3,3,6,19:53,-1,E07000121,6,2,1,1,1,"[2, 19]","[0, 6]","[0, 2]",0,"[0, 7]","[0, 11]",1,0,0,0,0,0,3,1
2024041416034,2024,041416034,366280,424187,-2.51238,53.713,3,3,6,06:30,-1,E06000008,1,0,1,0,2,19,3,7,0,0,0,1,0,0,1,0,0,3,1
2024041416109,2024,041416109,368803,429098,-2.47465,53.7573,3,3,6,13:40,-1,E06000008,6,0,1,0,1,"[19, 14]",5,1,0,0,0,1,0,0,0,0,0,3,1
2024041416207,2024,041416207,366821,428352,-2.50463,53.75047,3,3,6,16:26,-1,E06000008,6,2,1,1,1,9,3,7,0,0,0,1,0,0,0,0,1,2,23
2024041416322,2024,041416322,332483,436508,-3.02707,53.82044,3,3,6,18:40,-1,E06000009,4,2,1,1,1,"[19, 9]","[7, 1]",3,0,"[1, 0]","[11, 0]",1,0,0,0,0,0,3,1
2024041416358,2024,041416358,382631,432765,-2.26513,53.79091,3,3,1,00:45,-1,E07000117,6,2,2,1,1,"[19, 2]",1,5,"[4, 0]",0,0,1,0,0,0,0,0,3,3
2024041416454,2024,041416454,353298,431623,-2.71018,53.77883,2,2,1,11:09,-1,E07000123,3,0,1,0,1,"[2, 19]",5,1,0,0,0,1,0,0,0,0,1,3,3
2024041416463,2024,041416463,331942,443562,-3.03686,53.88376,2,2,1,09:40,-1,E07000128,6,0,1,0,1,9,7,5,0,0,0,1,0,0,0,0,1,3,3
2024041416505,2024,041416505,336144,408794,-2.96575,53.57185,3,3,1,15:20,-1,E07000127,3,0,1,0,2,19,"[5, 1]","[1, 5]",0,0,0,1,0,0,0,0,0,2,11
2024041416548,2024,041416548,374509,431217,-2.38828,53.77666,3,3,1,23:22,-1,E07000120,6,2,1,0,1,19,8,4,0,0,0,1,0,0,0,0,1,2,18
2024041416573,2024,041416573,369008,429163,-2.47155,53.7579,2,2,1,15:47,-1,E06000008,3,0,1,0,1,19,7,3,0,0,0,1,0,0,0,0,1,3,3
2024041416586,2024,041416586,355025,425115,-2.68303,53.72049,3,3,1,15:10,-1,E07000126,4,0,1,0,2,"[19, 3]",7,3,0,0,0,1,0,0,1,0,0,3,3
2024041416696,2024,041416696,334160,442047,-3.00279,53.87043,3,3,2,08:15,-1,E07000128,6,0,1,0,1,"[9, 19]","[7, 3]","[3, 7]",0,0,0,1,1,0,0,0,0,3,4
2024041416769,2024,041416769,333492,434504,-3.01132,53.80256,3,3,2,07:25,-1,E06000009,3,0,1,0,1,"[3, 19]",1,5,0,0,0,1,0,1,0,0,0,3,4
2024041416910,2024,041416910,384524,421752,-2.23584,53.69198,3,3,2,15:26,-1,E07000125,3,0,1,0,1,19,8,4,0,0,0,1,0,0,0,0,1,3,4
2024041416982,2024,041416982,331140,436739,-3.04752,53.82234,3,3,7,15:30,-1,E06000009,3,0,1,0,1,"[7, 4]",7,3,0,0,0,1,0,0,0,0,0,3,2
2024041417045,2024,041417045,374835,442451,-2.38426,53.87764,3,3,2,13:12,-1,E07000124,3,0,1,0,1,"[2, 19, 1]","[3, 2, 5]","[7, 8]",0,0,0,1,0,0,0,0,0,3,4
2024041417209,2024,041417209,334541,442176,-2.99703,53.87164,2,2,3,08:38,-1,E07000128,4,0,1,1,1,"[9, 19]","[5, 7]","[7, 3]",0,0,0,1,0,0,0,0,0,3,5
2024041417340,2024,041417340,333584,442574,-3.01167,53.8751,3,3,6,14:00,-1,E07000128,4,0,2,1,1,"[7, 9]",3,"[5, 1]",0,0,0,1,0,0,0,0,0,3,1
2024041417580,2024,041417580,384446,451814,-2.23855,53.96217,2,"[2, 3]",3,12:40,-1,E07000124,3,0,1,0,2,19,"[7, 3]","[3, 7]",0,0,0,1,0,0,0,0,0,3,5
2024041417616,2024,041417616,332122,442065,-3.03379,53.87033,3,3,2,08:55,-1,E06000009,6,0,2,1,1,"[5, 3, 19]","[3, 5, 1]","[7, 1, 5]",0,0,0,1,0,0,0,0,0,1,29
2024041417774,2024,041417774,369084,422319,-2.46971,53.69639,3,3,4,08:41,-1,E06000008,3,0,1,0,1,"[19, 9]","[5, 3]","[1, 5]",0,0,0,1,0,0,0,0,0,3,6
2024041417841,2024,041417841,350870,453200,-2.75049,53.97252,3,3,4,15:01,-1,E07000121,6,0,1,0,2,19,"[1, 3]","[1, 3]",0,0,0,1,0,0,0,0,0,3,6
2024041417918,2024,041417918,330575,436335,-3.05601,53.81864,3,3,1,17:30,-1,E06000009,3,0,1,0,1,19,1,5,0,0,0,1,0,0,0,0,0,3,3
2024041417936,2024,041417936,331673,435497,-3.03915,53.81125,2,2,1,16:30,-1,E06000009,6,0,1,0,1,"[6, 19]",3,7,0,0,0,1,0,1,0,0,0,3,3
2024041418006,2024,041418006,368598,427041,-2.47755,53.7388,3,3,4,10:56,-1,E06000008,3,0,1,0,1,"[7, 19]","[7, 5]","[5, 1]",0,0,0,1,0,1,0,0,0,3,6
2024041418162,2024,041418162,332327,435630,-3.02925,53.81253,3,3,5,14:55,-1,E06000009,6,0,1,0,1,6,1,5,0,7,2,1,0,0,0,0,0,3,7
2024041418185,2024,041418185,349310,460898,-2.77555,54.04155,3,3,5,16:41,-1,E07000121,6,0,1,1,2,19,1,5,10,0,0,1,0,0,0,0,0,3,7
2024041418196,2024,041418196,353183,421636,-2.71041,53.68906,2,2,5,16:50,-1,E07000126,6,0,1,0,1,"[19, 9]","[1, 7]","[5, 1]",0,0,0,1,0,1,0,0,0,3,7
2024041418197,2024,041418197,353021,422760,-2.71304,53.69915,2,"[2, 3]",6,08:50,-1,E07000126,4,0,1,0,1,19,"[1, 3]","[5, 7]",0,0,0,1,0,0,0,0,0,2,2
2024041418207,2024,041418207,354075,432510,-2.69852,53.78687,3,3,5,19:01,-1,E07000123,6,2,1,0,1,19,5,1,0,0,0,1,0,0,0,0,1,3,7
2024041418215,2024,041418215,353561,424564,-2.70513,53.71541,3,3,5,08:30,-1,E07000126,3,0,1,0,1,"[19, 3]","[1, 5]","[5, 1]",0,0,0,1,1,0,0,0,0,2,22
2024041418236,2024,041418236,351467,418206,-2.73586,53.65808,3,3,2,16:08,-1,E07000118,6,0,1,0,2,19,1,5,0,0,0,1,0,0,0,0,1,3,4
2024041418358,2024,041418358,353631,430517,-2.70496,53.76892,2,2,5,15:50,-1,E07000123,3,0,1,0,1,"[9, 19]","[1, 5]","[7, 1]",0,"[0, 1]",0,1,0,0,0,0,0,3,7
2024041418454,2024,041418454,356573,428279,-2.66002,53.74906,2,2,5,07:20,-1,E07000126,4,0,1,0,1,"[14, 19]","[7, 3]","[3, 7]",0,0,0,1,0,0,0,0,0,3,7
2024041418569,2024,041418569,372984,435826,-2.41183,53.818,3,3,6,17:40,-1,E07000124,6,0,1,0,2,"[7, 19]","[3, 7]","[5, 3]",0,"[0, 1]",0,1,0,0,0,0,0,3,8
2024041418605,2024,041418605,357799,424387,-2.64089,53.71418,2,"[3, 2]",5,08:42,-1,E07000118,6,0,1,0,1,"[10, 5]","[5, 4]","[6, 8]",0,0,0,1,0,0,0,0,0,3,7
2024041418618,2024,041418618,384859,434161,-2.23138,53.80352,3,3,6,20:55,-1,E07000117,6,2,1,0,1,"[2, 9, 19]",3,"[7, 1]",0,"[0, 1]",0,1,0,0,0,0,0,3,8
2024041418624,2024,041418624,382170,437004,-2.27237,53.82899,2,"[3, 2]",4,15:45,-1,E07000122,3,0,1,0,2,"[19, 4]",6,2,0,0,0,1,0,0,0,0,0,2,28
2024041418716,2024,041418716,357122,430714,-2.65203,53.77099,3,3,6,13:29,-1,E07000123,6,0,1,0,1,19,"[3, 5]","[7, 1]",0,0,0,1,0,0,0,0,0,1,19
2024041418785,2024,041418785,370699,427795,-2.44577,53.7457,3,3,6,16:21,-1,E06000008,4,0,1,0,1,19,"[3, 2]","[7, 6]",0,0,0,1,0,1,0,0,0,3,8
2024041418790,2024,041418790,350006,405249,-2.75588,53.54149,3,3,7,14:39,-1,E07000127,6,0,1,0,1,19,"[7, 5]","[3, 1]",0,0,0,1,0,0,0,0,0,3,9
2024041418818,2024,041418818,358748,414223,-2.62516,53.62291,3,3,7,15:29,-1,E07000118,3,0,1,0,2,4,"[5, 1]","[1, 5]",0,0,0,1,0,0,0,0,0,3,9
2024041418866,2024,041418866,354933,429605,-2.68508,53.76084,3,3,7,19:40,-1,E07000123,3,2,1,0,1,"[19, 9]","[2, 4]","[6, 2]",0,0,0,1,0,0,0,0,0,3,9
2024041418890,2024,041418890,354979,425886,-2.68384,53.72742,3,3,7,20:35,-1,E07000126,4,2,4,0,1,19,7,3,0,1,11,1,0,0,0,0,0,3,9
2024041418903,2024,041418903,383694,436380,-2.24919,53.82343,2,"[2, 3]",7,22:20,-1,E07000122,6,2,1,0,2,19,1,5,0,0,0,1,0,0,0,0,0,3,9
2024041418937,2024,041418937,347918,462381,-2.79706,54.05474,2,2,7,15:00,-1,E07000121,3,0,1,0,2,19,1,5,0,0,0,1,0,0,0,0,0,3,9
2024041418944,2024,041418944,330883,434249,-3.05087,53.79993,2,2,7,12:15,-1,E06000009,4,0,1,0,1,"[2, 19]","[0, -1]","[0, -1]",0,0,0,1,1,0,0,0,0,3,9
2024041418964,2024,041418964,341465,460607,-2.89528,54.0381,2,2,1,10:41,-1,E07000121,3,0,1,0,1,"[2, 19]","[0, 6]","[0, 2]","[0, 4]",0,0,1,0,0,0,0,0,3,10
2024041418983,2024,041418983,386538,426454,-2.20555,53.7343,2,2,1,06:20,-1,E07000117,3,0,1,0,2,19,8,4,0,1,0,1,0,0,0,0,0,3,10
2024041419054,2024,041419054,346336,429443,-2.81544,53.75857,2,"[2, 3]",7,20:05,-1,E07000119,3,2,1,0,2,"[19, 6]",3,7,0,"[8, 0]","[4, 0]",1,0,0,0,0,0,3,9
2024041419080,2024,041419080,330931,433813,-3.05004,53.79602,2,2,1,15:40,-1,E06000009,4,0,1,0,1,"[4, 19]","[7, 1]","[3, 5]",0,0,0,1,1,0,0,0,0,3,10
2024041419087,2024,041419087,332249,435850,-3.03048,53.8145,3,3,1,17:57,-1,E06000009,6,2,2,1,1,"[9, 19]","[7, 5]","[5, 1]",0,0,0,1,0,0,0,0,0,3,10
2024041419093,2024,041419093,368950,429163,-2.47243,53.75789,2,2,7,19:20,-1,E06000008,6,2,1,0,1,9,7,1,0,0,0,1,0,0,0,0,1,3,9
2024041419094,2024,041419094,353757,429969,-2.70297,53.76401,3,3,1,15:39,-1,E07000123,6,0,1,1,1,19,3,7,0,1,7,1,0,0,0,0,0,3,10
2024041419146,2024,041419146,370410,425749,-2.44995,53.72729,3,3,6,16:24,-1,E06000008,4,0,1,0,1,"[19, 9]","[1, 5]","[5, 1]",0,0,0,1,0,0,0,0,0,3,8
2024041419196,2024,041419196,370654,429059,-2.44657,53.75706,2,2,2,07:53,-1,E07000120,3,0,1,1,1,12,5,1,0,4,1,0,0,1,0,0,0,3,11
2024041419291,2024,041419291,377154,426668,-2.34781,53.73589,3,3,1,17:40,-1,E07000120,3,0,1,0,1,19,"[3, 1]","[7, 5]","[0, 11]",0,0,1,0,0,0,0,0,3,10
2024041419449,2024,041419449,334099,433456,-3.00188,53.79322,3,3,7,12:50,-1,E06000009,3,0,1,0,2,"[3, 19]",5,1,0,0,0,1,0,0,0,0,0,3,9
2024041419512,2024,041419512,346974,466374,-2.81218,54.09053,3,3,7,14:15,-1,E07000121,6,0,1,0,2,19,"[3, 7]","[7, 3]",0,0,0,1,0,0,0,0,0,3,9
2024041419574,2024,041419574,376490,428017,-2.35798,53.74799,3,3,2,18:10,-1,E07000120,3,0,1,0,1,"[19, 2]","[4, 0]","[8, 0]",0,0,0,1,0,0,0,0,0,3,11
2024041419590,2024,041419590,366812,417227,-2.50357,53.65048,3,3,2,21:03,-1,E06000008,3,2,1,0,2,"[13, 19]",8,1,0,0,0,1,0,0,0,0,0,3,11
2024041419597,2024,041419597,351825,418549,-2.73049,53.6612,3,3,2,09:00,-1,E07000118,4,0,9,0,2,19,"[-1, 5]","[-1, 1]",0,0,0,1,0,0,0,0,0,2,26
2024041419622,2024,041419622,372970,428328,-2.41138,53.75061,2,"[3, 2]",7,19:10,-1,E07000120,3,2,1,1,1,"[2, 19]","[0, 3, 7]","[0, 7, 3]",0,0,0,1,0,0,0,0,0,3,9
2024041419760,2024,041419760,384611,435212,-2.2352,53.81296,3,3,3,08:55,-1,E07000117,3,0,1,1,1,"[19, 5]","[3, 1]","[7, 5]",0,0,0,1,0,0,0,0,0,3,12
2024041419897,2024,041419897,342887,464356,-2.87428,54.07195,3,3,1,15:15,-1,E07000121,3,0,1,0,1,19,3,7,0,0,0,1,0,0,0,0,0,2,18
2024041419908,2024,041419908,344983,463539,-2.8421,54.06484,3,3,1,13:50,-1,E07000121,6,0,1,1,1,19,3,7,0,0,0,1,0,0,0,0,1,3,10
2024041419982,2024,041419982,342141,408314,-2.87512,53.56823,2,2,3,12:55,-1,E07000127,6,0,1,0,1,1,8,4,0,0,0,1,0,0,0,0,1,3,12
2024041419985,2024,041419985,383582,433820,-2.25075,53.80042,3,3,3,18:05,-1,E07000117,1,2,1,1,2,19,6,2,11,5,4,1,0,0,0,0,0,3,12
2024041420010,2024,041420010,332767,436636,-3.02279,53.82163,3,3,3,21:45,-1,E06000009,6,2,1,1,1,"[9, 19]","[1, 7]","[5, 3]",0,0,0,1,0,0,0,0,0,3,5
2024041420041,2024,041420041,348821,407004,-2.77405,53.55715,3,3,2,15:20,-1,E07000127,6,0,1,0,1,6,3,7,0,1,0,1,0,0,0,0,0,3,11
2024041420370,2024,041420370,331567,446765,-3.04328,53.9125,3,3,4,14:40,-1,E07000128,6,0,2,1,1,"[13, 2]","[4, 2]","[2, 6]",0,0,0,1,0,1,0,0,0,3,13
2024041420371,2024,041420371,332323,437455,-3.02971,53.82893,2,2,3,17:10,-1,E06000009,6,0,1,0,1,"[19, 5]","[3, 7]","[7, 3]",0,0,0,1,1,0,0,0,0,3,12
2024041420373,2024,041420373,331602,436821,-3.04052,53.82314,3,3,3,14:50,-1,E06000009,6,0,1,0,1,"[19, 5]","[3, 5]","[7, 1]",0,"[7, 0]","[1, 0]",1,0,0,0,0,0,3,12
2024041420400,2024,041420400,356839,420153,-2.65485,53.67605,3,3,1,15:04,-1,E07000118,6,0,1,0,2,"[10, 19]","[1, 5]","[5, 1]",0,0,0,1,0,0,0,0,0,2,18
2024041420425,2024,041420425,352972,433739,-2.71545,53.79782,3,3,4,15:10,-1,E07000123,6,0,8,1,1,"[19, 3]",7,3,0,0,0,1,0,0,0,0,0,3,13
2024041420456,2024,041420456,357248,416036,-2.64809,53.63908,3,3,4,15:28,-1,E07000118,6,0,1,1,2,"[19, 9]","[3, 6]","[7, 5]",0,0,0,1,0,0,0,0,0,3,13
2024041420474,2024,041420474,359358,437265,-2.61897,53.83005,2,2,4,20:21,-1,E07000123,4,2,2,1,2,"[19, 2]","[7, 0]","[3, 0]",0,0,0,1,0,0,0,0,0,3,13
2024041420496,2024,041420496,355999,431964,-2.66925,53.78213,3,3,3,08:30,-1,E07000123,6,0,9,0,1,"[9, 19]",3,"[1, 7]",0,0,0,1,0,0,0,0,0,2,27
2024041420666,2024,041420666,339718,431530,-2.91621,53.7766,3,3,4,17:20,-1,E07000119,6,0,1,0,2,19,"[5, 3]","[1, 7]",0,0,0,1,1,0,0,0,0,3,6
2024041420737,2024,041420737,332680,428966,-3.02243,53.75269,3,3,5,09:50,-1,E07000119,6,0,1,1,1,19,"[2, 8]","[6, 4]",0,"[3, 1]","[0, 1]",1,0,0,1,0,0,3,14
2024041420760,2024,041420760,389166,440128,-2.1662,53.85726,3,3,2,10:00,-1,E07000122,3,0,1,0,1,1,1,5,0,0,0,1,0,0,0,0,1,1,22
2024041420821,2024,041420821,378535,433969,-2.32739,53.80157,3,3,5,12:52,-1,E07000117,3,0,2,1,1,"[19, 10]","[1, 5]","[5, 7]",0,0,0,1,0,0,0,0,0,3,7
2024041420823,2024,041420823,333870,448156,-3.00853,53.9253,3,3,5,16:17,-1,E07000128,6,0,2,1,1,19,5,1,0,0,0,1,0,0,0,0,1,3,14
2024041420855,2024,041420855,359207,418330,-2.61876,53.65986,3,3,5,20:00,-1,E07000118,4,2,2,1,1,"[15, 10]",1,5,0,0,0,1,0,1,0,0,0,3,14
2024041421026,2024,041421026,339726,431541,-2.9161,53.7767,3,3,5,17:00,-1,E07000119,4,0,2,1,2,19,3,"[5, 7]",0,0,0,1,1,0,0,0,0,3,14
2024041421089,2024,041421089,353761,429550,-2.70285,53.76024,3,3,6,12:35,-1,E07000123,3,0,1,0,1,19,5,1,0,0,0,1,0,0,0,0,1,3,15
2024041421101,2024,041421101,360086,437020,-2.60788,53.8279,3,3,4,20:30,-1,E07000124,4,2,2,1,2,"[19, 5]","[1, 0]",5,0,0,0,1,0,1,0,0,0,3,13
2024041421129,2024,041421129,330706,433618,-3.05341,53.79424,2,2,4,19:52,-1,E06000009,6,2,2,1,1,19,3,7,0,0,0,1,0,0,0,0,0,3,13
2024041421134,2024,041421134,330806,434765,-3.05215,53.80456,2,2,3,17:07,-1,E06000009,4,0,1,1,1,"[5, 19]","[3, 6]","[3, 2]",0,0,0,1,0,1,0,0,0,3,12
2024041421145,2024,041421145,352802,432576,-2.71785,53.78735,2,2,6,15:10,-1,E07000123,6,0,1,0,1,19,7,3,0,0,0,1,0,0,0,0,1,3,15
2024041421149,2024,041421149,331953,443561,-3.03669,53.88375,2,2,6,09:32,-1,E07000128,6,0,2,1,1,"[9, 19]","[5, 7]","[1, 3]",0,0,0,1,0,0,0,0,0,3,15
2024041421180,2024,041421180,331821,437168,-3.03728,53.82629,3,3,6,16:20,-1,E06000009,3,0,1,0,1,5,5,1,0,0,0,1,0,0,0,0,1,3,15
2024041421213,2024,041421213,345290,463819,-2.83746,54.06739,3,3,6,19:07,-1,E07000121,6,2,1,0,1,"[19, 2]","[3, 0]","[7, 0, 3]",0,0,0,1,0,0,0,0,0,3,15
2024041421220,2024,041421220,331378,436391,-3.04383,53.81925,3,3,6,16:55,-1,E06000009,6,0,1,0,1,19,3,7,0,0,0,1,0,0,0,0,1,3,15
2024041421383,2024,041421383,373147,424010,-2.40832,53.71181,3,3,7,10:25,-1,E07000120,4,0,1,0,2,"[9, 19]",5,"[7, 1]",0,"[0, 7]","[0, 11]",1,0,0,0,0,0,3,16
2024041421417,2024,041421417,331549,433166,-3.04052,53.79029,3,3,5,15:25,-1,E06000009,6,0,2,1,1,"[12, 19]","[1, 7]","[5, 3]",0,0,0,1,1,0,0,0,0,3,14
2024041421447,2024,041421447,381657,432142,-2.27988,53.78527,3,3,6,07:00,-1,E07000117,6,0,1,1,1,"[5, 19]","[5, 3]","[1, 7]",0,0,0,1,0,0,0,0,0,3,15
2024041421463,2024,041421463,344393,462528,-2.85093,54.05569,3,3,5,08:05,-1,E07000121,6,0,2,1,1,"[3, 19]",1,5,0,0,0,0,1,0,1,0,0,3,14
2024041421488,2024,041421488,364261,475768,-2.54902,54.17644,3,3,7,17:35,-1,E07000121,3,2,2,1,2,19,7,3,0,0,0,1,0,0,0,0,0,3,16
2024041421493,2024,041421493,371072,428603,-2.44019,53.75298,3,3,5,21:00,-1,E07000120,6,2,1,0,2,19,"[3, 4]","[6, 7]",0,0,0,1,0,0,0,0,0,3,14
2024041421495,2024,041421495,354546,430567,-2.69109,53.76945,2,2,6,13:37,-1,E07000123,3,0,1,0,1,19,-1,-1,0,0,0,0,0,0,1,0,1,2,23
2024041421500,2024,041421500,384634,435111,-2.23484,53.81206,3,3,7,17:40,-1,E07000117,3,2,2,1,1,"[19, 7, 9]","[2, 1]","[3, 7]",0,0,0,1,0,0,0,0,0,3,16
2024041421520,2024,041421520,381129,432207,-2.28789,53.78584,3,3,7,21:30,-1,E07000117,1,2,2,1,2,"[19, 6]",3,7,"[0, 7]",0,0,1,0,0,0,0,0,3,16
2024041421556,2024,041421556,388080,439692,-2.18269,53.85332,3,3,4,14:14,-1,E07000122,6,0,2,1,1,"[19, 9]","[1, 7]",5,0,0,0,1,0,1,0,0,0,3,13
2024041421613,2024,041421613,330686,433771,-3.05375,53.79561,3,3,1,09:53,-1,E06000009,6,0,1,1,1,19,"[5, 2]","[1, 6]",0,"[1, 0]","[10, 0]",1,0,0,0,0,0,3,17
2024041421750,2024,041421750,350127,429722,-2.75799,53.76145,2,2,1,15:15,-1,E07000123,3,0,1,0,2,"[12, 19]","[5, 1]","[1, 5]","[0, 10]","[0, 4]","[0, 1]",1,0,0,0,0,0,3,17
2024041421764,2024,041421764,385700,436692,-2.21873,53.8263,3,3,3,12:15,-1,E07000122,6,0,1,0,1,"[1, 19]","[3, 1]","[7, 5]",0,0,0,1,0,0,0,0,0,3,12
2024041421791,2024,041421791,359611,424847,-2.6135,53.71846,1,"[2, 1, 3]",4,19:07,-1,E07000118,1,2,2,1,2,"[13, 19]",7,3,0,"[0, 2]","[0, 6]",1,0,0,0,0,0,3,13
2024041421921,2024,041421921,332153,433339,-3.03139,53.79192,2,2,2,09:12,-1,E06000009,6,0,1,1,1,19,"[3, 7]","[7, 3]",0,0,0,1,1,0,0,0,0,3,18
2024041421989,2024,041421989,370630,429080,-2.44694,53.75724,2,2,2,08:33,-1,E07000120,3,0,1,1,1,"[11, 19]",3,7,0,"[2, 0]","[7, 0]",1,0,0,1,0,0,3,18
2024041422142,2024,041422142,382956,432462,-2.26018,53.78819,3,3,2,11:21,-1,E07000117,4,0,1,0,1,"[15, 19]","[3, 7]","[7, 3]",0,0,0,1,0,0,1,0,0,3,18
2024041422148,2024,041422148,368129,424581,-2.4844,53.71666,3,3,7,07:50,-1,E06000008,6,0,1,0,1,"[9, 19]","[3, 1]",5,0,0,0,1,1,0,0,0,0,3,16
2024041422154,2024,041422154,364811,475371,-2.54055,54.17291,3,3,2,14:22,-1,E07000121,3,0,1,0,2,"[19, 13]","[4, 8]","[8, 4]",0,"[1, 0]",0,1,0,0,0,0,0,3,18