collision_index,collision_year,collision_ref_no,location_easting_osgr,location_northing_osgr,longitude,latitude,casualty_severity,casualty_severity,day_of_week,time,local_authority_district,local_authority_ons_district,first_road_class,light_conditions,weather_conditions,road_surface_conditions,urban_or_rural_area,vehicle_manoeuvre,vehicle_direction_from,vehicle_direction_to,hit_object_in_carriageway,vehicle_leaving_carriageway,hit_object_off_carriageway,is_car,is_cyle,is_mcyle,is_goodsv,is_other,is_pedestrian,month,day
2024041422185,2024,041422185,377296,438974,-2.34657,53.8465,2,"[2, 3]",7,12:45,-1,E07000124,6,0,1,0,2,"[19, -1]","[1, -1]","[5, -1]","[0, -1]","[0, -1]",0,1,0,0,0,0,0,3,16
2024041422234,2024,041422234,384308,432543,-2.23966,53.78896,3,3,1,01:17,-1,E07000117,6,2,1,1,1,5,5,1,0,0,0,1,0,0,0,0,1,3,17
2024041422339,2024,041422339,335316,433462,-2.98341,53.79343,3,3,3,08:30,-1,E07000119,1,0,1,1,2,19,5,1,0,0,0,1,0,0,0,0,0,3,19
2024041422474,2024,041422474,352812,434279,-2.71796,53.80266,3,3,3,15:42,-1,E07000123,6,0,8,0,2,19,1,5,0,0,0,1,0,0,0,0,1,2,6
2024041422563,2024,041422563,332165,434794,-3.03153,53.805,3,3,3,16:45,-1,E06000009,6,0,1,0,1,"[19, 5]","[5, 7]","[1, 3]",0,0,0,1,0,1,0,0,0,3,19
2024041422651,2024,041422651,350738,405467,-2.74487,53.54352,2,2,1,11:35,-1,E07000127,3,0,1,0,2,9,3,3,0,0,0,0,0,1,0,0,0,3,17
2024041422677,2024,041422677,365319,425511,-2.52709,53.72484,3,3,4,08:58,-1,E06000008,3,0,2,1,1,19,1,5,0,8,0,1,0,0,0,0,0,3,20
2024041422792,2024,041422792,363036,424518,-2.56156,53.71576,3,3,4,08:57,-1,E07000118,1,0,2,1,2,"[19, 4]","[3, 7]","[7, 3]",0,0,0,1,0,0,0,0,0,3,20
2024041422810,2024,041422810,372168,430990,-2.42378,53.7745,3,3,7,13:30,-1,E07000120,6,0,1,0,2,"[19, 9]","[5, 1]","[2, 5]",0,0,0,1,0,0,0,0,0,3,9
2024041422913,2024,041422913,350806,424825,-2.74691,53.71751,3,3,4,15:25,-1,E07000126,6,0,1,0,1,19,"[2, 6]","[6, 2]",0,"[1, 0]",0,0,0,0,1,0,0,3,20
2024041422930,2024,041422930,368165,429143,-2.48433,53.75767,3,3,4,16:15,-1,E06000008,6,0,1,0,1,19,"[3, 5]","[7, 1]",0,0,0,0,1,0,0,1,0,3,20
2024041422992,2024,041422992,352211,433659,-2.72699,53.79703,2,2,4,18:25,-1,E07000123,4,2,1,0,2,"[9, 19]","[7, 3]","[3, 7]",0,"[0, 1]",0,1,0,1,0,0,0,3,20
2024041423001,2024,041423001,370662,425508,-2.44611,53.72514,3,3,3,17:25,-1,E06000008,1,0,1,0,2,19,3,7,0,0,0,1,0,0,0,0,0,3,19
2024041423177,2024,041423177,383580,429990,-2.25058,53.766,2,2,7,02:05,-1,E07000117,6,2,1,0,2,19,7,3,0,1,11,1,0,0,0,0,0,3,16
2024041423208,2024,041423208,375623,428088,-2.37113,53.74859,3,3,4,08:30,-1,E07000120,6,0,1,0,1,19,"[1, 3]","[5, 7]",0,0,0,1,0,0,0,0,0,3,20
2024041423225,2024,041423225,354572,420770,-2.68925,53.6814,2,2,5,11:20,-1,E07000126,6,0,1,0,1,"[19, 9]","[3, 1]","[7, 5]",0,0,0,1,0,0,0,0,0,3,21
2024041423297,2024,041423297,356439,414192,-2.66006,53.62244,3,3,7,03:00,-1,E07000118,4,2,1,1,2,9,1,5,0,1,11,1,0,0,0,0,0,3,2
2024041423329,2024,041423329,342764,431821,-2.87005,53.77956,3,3,5,18:00,-1,E07000119,6,2,1,0,1,19,5,1,0,0,0,1,0,0,0,0,1,3,21
2024041423342,2024,041423342,356690,466713,-2.6637,54.09448,3,3,4,21:15,-1,E07000121,3,2,1,0,2,19,"[8, 4]","[4, 8]",0,7,"[0, 10]",1,0,0,0,0,0,3,20
2024041423346,2024,041423346,384549,433946,-2.23608,53.80158,3,3,5,15:19,-1,E07000117,3,0,1,0,1,19,1,1,0,0,0,1,0,0,0,0,0,3,21
2024041423362,2024,041423362,350309,447719,-2.75815,53.92321,2,2,2,19:20,-1,E07000128,1,2,1,0,2,19,1,5,0,1,0,1,0,0,0,0,0,3,18
2024041423384,2024,041423384,382919,432477,-2.26074,53.78833,2,2,5,00:45,-1,E07000117,6,2,1,0,1,"[9, 19]","[1, 7]","[5, 3]",0,0,0,1,0,0,0,0,0,3,14
2024041423393,2024,041423393,384539,433896,-2.23622,53.80113,2,2,5,15:15,-1,E07000117,3,0,1,0,1,14,2,6,0,0,0,0,0,1,0,0,1,3,21
2024041423400,2024,041423400,350092,470421,-2.76519,54.12721,2,2,6,23:59,-1,E07000121,4,2,2,1,2,19,-1,-1,0,0,0,1,0,0,0,0,0,3,22
2024041423410,2024,041423410,388780,440376,-2.17207,53.85948,3,3,6,04:30,-1,E07000122,3,2,1,1,1,19,3,7,0,0,0,0,0,1,0,0,1,3,22
2024041423468,2024,041423468,386983,422715,-2.19864,53.7007,3,3,4,08:30,-1,E07000125,3,0,1,0,1,19,5,1,0,0,0,1,0,0,0,0,0,3,20
2024041423606,2024,041423606,386093,437858,-2.21281,53.83679,3,3,7,11:15,-1,E07000122,3,0,1,0,1,"[3, 4]",5,1,0,0,0,1,0,0,0,0,0,3,9
2024041423645,2024,041423645,332314,435430,-3.0294,53.81073,2,2,6,10:05,-1,E06000009,6,0,1,0,1,"[2, 19]",7,3,"[0, 4]",0,0,1,0,0,0,0,1,3,22
2024041423716,2024,041423716,370087,426512,-2.45492,53.73413,2,2,6,17:25,-1,E06000008,4,0,1,0,1,19,"[1, 3]","[5, 7]",0,0,0,1,1,0,0,0,0,3,22
2024041423774,2024,041423774,381586,432176,-2.28096,53.78558,1,1,6,16:24,-1,E07000117,3,0,1,0,1,19,3,7,0,0,0,0,0,1,0,0,1,3,22
2024041423785,2024,041423785,350370,403988,-2.75019,53.53019,3,3,6,16:55,-1,E07000127,3,0,8,0,2,"[7, 19]",3,7,0,"[7, 0]",0,1,0,0,1,0,0,3,22
2024041423806,2024,041423806,357656,428449,-2.64362,53.75068,3,3,6,19:20,-1,E07000126,1,2,1,0,2,19,5,1,0,0,0,1,0,0,0,0,0,3,22
2024041423825,2024,041423825,381521,432357,-2.28195,53.7872,3,3,6,15:22,-1,E07000117,6,0,4,0,1,"[19, 2]","[2, 0]","[6, 0]","[4, 0]","[0, 1]",0,1,0,0,0,0,0,3,22
2024041423931,2024,041423931,353077,433086,-2.71376,53.79196,3,3,4,13:05,-1,E07000123,3,0,1,0,1,1,7,3,0,0,0,1,0,0,0,0,1,2,21
2024041423966,2024,041423966,349524,447358,-2.77004,53.91989,2,2,7,08:05,-1,E07000128,6,0,1,0,2,19,5,1,0,1,4,1,0,0,0,0,0,3,23
2024041424010,2024,041424010,332071,439843,-3.03407,53.85036,3,3,7,17:09,-1,E06000009,6,0,1,1,1,19,5,1,0,0,0,1,0,0,0,0,1,3,23
2024041424011,2024,041424011,383657,431477,-2.24949,53.77936,3,3,7,16:19,-1,E07000117,6,0,5,1,1,"[2, 19]","[4, 8]","[8, 4]",0,0,0,1,0,0,0,0,1,3,23
2024041424019,2024,041424019,368557,428338,-2.4783,53.75045,3,3,1,22:00,-1,E06000008,6,2,1,0,1,19,"[1, 5]","[5, 1]",0,0,0,1,0,0,0,0,0,2,18
2024041424082,2024,041424082,371570,428709,-2.43265,53.75396,2,"[3, 2]",7,23:20,-1,E07000120,1,2,1,1,2,19,6,2,0,4,0,1,0,0,0,0,0,3,23
2024041424090,2024,041424090,369642,428196,-2.46184,53.74924,2,2,7,19:09,-1,E06000008,3,2,2,1,1,-1,-1,-1,-1,-1,0,1,0,0,0,0,1,3,23
2024041424125,2024,041424125,356350,430142,-2.66366,53.76579,3,3,3,23:15,-1,E07000123,3,2,2,1,1,19,7,3,0,1,10,1,0,0,0,0,0,3,19
2024041424173,2024,041424173,331677,440786,-3.04027,53.85878,3,3,6,21:05,-1,E06000009,3,2,2,1,1,19,"[1, 7]","[5, 3]",0,0,0,1,1,0,0,0,0,3,22
2024041424228,2024,041424228,331261,429907,-3.04416,53.76096,3,3,1,13:20,-1,E07000119,3,0,1,0,1,"[9, 19]",5,1,0,0,0,1,0,0,0,0,0,2,18
2024041424248,2024,041424248,349978,426267,-2.75969,53.73039,3,3,7,15:50,-1,E07000126,6,0,1,0,2,19,"[3, 7]","[7, 3]",0,0,0,1,0,0,0,0,0,3,23
2024041424273,2024,041424273,367723,427667,-2.49088,53.74437,3,3,7,13:32,-1,E06000008,3,0,1,0,1,"[7, 19]","[5, 7]","[7, 3]",0,0,0,1,0,0,0,0,0,3,23
2024041424292,2024,041424292,376173,428798,-2.36285,53.75499,2,2,1,20:20,-1,E07000120,3,2,1,0,1,19,2,8,0,0,0,1,0,0,0,0,1,3,24
2024041424314,2024,041424314,359661,420686,-2.6122,53.68107,2,2,6,16:15,-1,E07000118,3,0,1,0,2,19,"[2, 6]","[6, 2]",0,"[0, 1]",0,1,0,1,0,0,0,3,22
2024041424316,2024,041424316,360385,413803,-2.60036,53.61926,2,"[3, 2]",7,21:49,-1,E07000118,3,2,2,1,1,"[19, 2]","[8, 0, 4]","[4, 0, 8]",0,0,0,1,0,0,0,0,0,3,23
2024041424345,2024,041424345,357234,427757,-2.64992,53.74442,3,3,6,15:28,-1,E07000126,1,0,1,0,1,"[4, 19]",5,1,0,0,0,1,0,0,0,0,0,3,22
2024041424418,2024,041424418,350447,429629,-2.75312,53.76065,3,3,2,08:38,-1,E07000123,6,0,2,1,1,"[3, 19]",3,5,0,0,0,1,1,0,0,0,0,3,25
2024041424487,2024,041424487,386367,421942,-2.20794,53.69374,3,3,2,07:10,-1,E07000125,3,0,2,1,1,"[7, 19]","[4, 2]",6,0,0,0,1,1,0,0,0,0,3,25
2024041424509,2024,041424509,379271,421912,-2.3154,53.69324,3,3,2,08:00,-1,E07000125,3,0,2,1,1,"[19, 9]","[3, 5]","[7, 3]",0,"[7, 1]",0,1,0,0,0,0,0,3,25
2024041424520,2024,041424520,330765,435804,-3.05301,53.81389,2,2,6,18:22,-1,E06000009,3,0,1,0,1,5,5,1,0,0,0,1,0,0,0,0,0,3,22
2024041424596,2024,041424596,352221,435527,-2.72713,53.81382,2,2,1,02:00,-1,E07000123,3,2,2,1,2,19,5,5,0,2,1,1,0,0,0,0,0,3,17
2024041424744,2024,041424744,334676,434406,-2.99332,53.80183,3,3,2,20:35,-1,E06000009,6,2,8,0,1,"[5, 9]","[1, 5]","[5, 3]",0,0,0,1,0,0,0,0,0,3,25
2024041424979,2024,041424979,344118,464180,-2.85544,54.07051,2,2,3,10:58,-1,E07000121,4,0,1,0,1,7,6,8,0,0,0,1,0,0,0,0,1,3,26
2024041424985,2024,041424985,389003,442252,-2.16875,53.87635,3,3,2,13:38,-1,E07000122,4,0,1,0,2,9,1,4,0,0,0,0,0,0,0,1,1,3,25
2024041424995,2024,041424995,353711,434590,-2.70436,53.80553,3,3,3,13:10,-1,E07000123,1,0,1,0,2,19,7,3,0,2,7,1,0,0,0,0,0,3,26
2024041425024,2024,041425024,357822,430011,-2.64131,53.76473,2,2,3,13:21,-1,E07000126,3,0,1,0,2,19,7,3,0,0,0,1,0,0,0,0,0,3,26
2024041425059,2024,041425059,385828,437977,-2.21684,53.83785,3,3,2,12:00,-1,E07000122,6,0,1,1,1,19,5,1,0,0,0,1,0,0,0,0,1,3,25
2024041425094,2024,041425094,375823,429341,-2.3682,53.75986,3,3,3,11:59,-1,E07000120,3,0,1,0,1,"[19, 5]","[5, 7]","[1, 3]",0,0,0,1,0,0,0,0,0,3,26
2024041425129,2024,041425129,350980,432859,-2.74555,53.78973,1,1,3,16:39,-1,E07000123,6,0,1,0,1,5,"[7, 6]","[3, 2]",0,0,0,1,1,0,0,0,0,3,26
2024041425152,2024,041425152,380931,422609,-2.2903,53.69956,2,2,1,12:10,-1,E07000125,3,0,1,0,2,7,5,3,0,0,0,1,0,0,0,0,1,3,24
2024041425182,2024,041425182,332792,437885,-3.02268,53.83286,2,"[3, 2]",3,21:03,-1,E06000009,6,2,2,1,1,"[19, 9]","[5, 7]","[1, 3]",0,0,0,1,0,0,0,0,0,3,26
2024041425217,2024,041425217,355668,425320,-2.67331,53.72239,3,3,3,17:34,-1,E07000126,3,0,1,0,2,"[12, 19]",1,5,0,0,0,1,0,0,0,0,0,3,19
2024041425246,2024,041425246,374251,441398,-2.39305,53.86815,3,3,6,19:15,-1,E07000124,4,2,1,0,1,19,8,4,0,0,0,1,0,0,0,0,1,3,22
2024041425392,2024,041425392,370522,429020,-2.44857,53.7567,3,3,2,09:15,-1,E07000120,6,0,1,0,1,-1,-1,-1,-1,-1,0,0,0,0,0,1,1,3,25
2024041425419,2024,041425419,375864,428863,-2.36754,53.75556,3,3,4,10:40,-1,E07000120,3,0,1,1,1,5,6,2,0,0,0,1,0,0,0,0,1,3,27
2024041425451,2024,041425451,382961,436078,-2.2603,53.82069,2,2,3,02:30,-1,E07000122,6,2,1,1,2,19,5,1,0,1,4,1,0,0,0,0,0,3,26
2024041425469,2024,041425469,331747,439761,-3.03898,53.84958,2,2,2,07:10,-1,E06000009,3,0,2,1,1,"[19, 6]",5,"[1, 3]",0,0,0,1,0,1,0,0,0,3,25
2024041425489,2024,041425489,383871,433056,-2.24632,53.79356,3,3,4,15:40,-1,E07000117,6,0,1,0,1,19,1,5,0,0,0,0,0,1,0,0,1,3,27
2024041425514,2024,041425514,384355,432460,-2.23894,53.78822,3,3,4,07:50,-1,E07000117,3,0,1,1,1,19,1,5,0,0,0,1,0,0,0,0,1,3,27
2024041425567,2024,041425567,352832,428991,-2.71685,53.75513,3,3,4,20:40,-1,E07000123,4,2,1,0,1,"[9, 19]","[1, 5]","[5, 1]",0,0,0,1,0,0,0,0,0,3,27
2024041425589,2024,041425589,333428,443818,-3.01431,53.88626,3,3,4,19:44,-1,E07000128,4,2,1,1,1,"[9, 19]","[5, 1]","[3, 5]",0,0,0,1,0,0,0,0,0,3,27
2024041425611,2024,041425611,352435,428653,-2.72282,53.75206,2,2,5,00:50,-1,E07000126,6,2,1,1,2,19,5,1,0,"[0, 1]",0,1,1,0,0,0,0,3,28
2024041425768,2024,041425768,368269,424245,-2.48225,53.71365,3,3,3,12:20,-1,E06000008,3,0,1,0,1,-1,-1,-1,-1,-1,0,1,0,0,0,0,1,3,19
2024041425869,2024,041425869,358629,416915,-2.62732,53.64709,3,3,5,13:06,-1,E07000118,3,0,1,0,1,19,1,5,7,3,0,1,0,0,0,0,0,3,28
2024041425902,2024,041425902,380320,431507,-2.30013,53.77952,2,2,3,22:10,-1,E07000117,3,2,2,1,2,19,7,3,2,0,0,0,0,1,0,0,0,3,26
2024041425918,2024,041425918,351021,470629,-2.75101,54.12917,3,3,5,16:45,-1,E07000121,2,0,1,0,2,4,5,1,0,0,0,1,0,1,0,0,0,3,28
2024041425919,2024,041425919,352967,427536,-2.71458,53.74207,3,3,5,17:10,-1,E07000126,6,0,2,1,1,19,"[7, 3]","[3, 7]",0,0,0,1,1,0,0,0,0,3,28
2024041425980,2024,041425980,367798,425154,-2.48948,53.72179,2,2,4,20:00,-1,E06000008,6,2,1,1,1,6,6,4,0,7,2,1,0,0,0,0,0,3,27
2024041425984,2024,041425984,351431,429874,-2.73824,53.76294,3,3,4,11:50,-1,E07000123,3,0,1,0,1,"[19, 6]",7,3,0,0,0,1,0,1,0,0,0,3,20
2024041426002,2024,041426002,369218,429170,-2.46836,53.75797,2,"[2, 3]",1,17:30,-1,E06000008,6,0,1,0,1,"[5, 19]","[1, 3]","[3, 7]",0,0,0,1,0,0,0,0,0,3,17
2024041426010,2024,041426010,349290,415034,-2.76828,53.62936,3,3,5,23:12,-1,E07000118,6,2,2,1,2,"[19, 2]","[3, 0]","[7, 0]","[4, 0]",0,0,1,0,0,0,0,0,3,28
2024041426041,2024,041426041,356603,425702,-2.6592,53.7259,3,3,3,15:43,-1,E07000126,6,2,2,1,1,19,"[1, 3]","[5, 7]",0,0,0,1,0,0,0,0,0,1,23
2024041426082,2024,041426082,348239,467889,-2.7931,54.10427,3,3,4,09:00,-1,E07000121,6,0,1,0,2,7,3,5,0,0,0,1,0,0,0,0,0,3,27
2024041426092,2024,041426092,375877,428745,-2.36733,53.7545,3,3,5,15:01,-1,E07000120,6,0,1,0,1,19,-1,-1,0,0,0,1,0,0,0,0,1,3,28
2024041426134,2024,041426134,344070,411429,-2.84655,53.59643,3,3,4,16:00,-1,E07000127,3,0,1,0,2,19,5,1,0,0,0,1,0,0,0,0,1,3,27
2024041426166,2024,041426166,369526,427738,-2.46355,53.74512,3,3,6,13:50,-1,E06000008,6,0,1,0,1,9,5,2,0,0,0,1,0,0,0,0,1,3,29
2024041426240,2024,041426240,356741,414726,-2.65557,53.62727,3,3,6,18:12,-1,E07000118,6,2,5,1,2,19,"[5, 1]","[1, 5]",0,0,0,1,0,0,0,0,0,3,29
2024041426261,2024,041426261,330667,431601,-3.05355,53.77611,2,2,6,16:07,-1,E07000119,3,0,2,1,2,"[9, 12]",5,1,0,"[0, 7]",0,1,0,0,0,0,0,3,29
2024041426272,2024,041426272,358191,432474,-2.63605,53.7869,3,3,6,23:00,-1,E07000123,6,2,1,0,1,19,"[5, 1]","[1, 5]",0,0,0,1,0,0,0,0,0,3,29
2024041426294,2024,041426294,388082,433518,-2.18242,53.79783,1,"[2, 1]",7,00:46,-1,E07000117,6,2,1,0,2,19,3,7,0,7,0,0,0,0,0,1,0,3,30
2024041426298,2024,041426298,378016,423474,-2.33452,53.70722,2,"[3, 2]",6,23:32,-1,E07000125,6,2,1,1,1,19,5,1,0,0,0,1,0,0,0,0,0,3,29
2024041426404,2024,041426404,345972,415348,-2.8185,53.63185,3,3,2,23:02,-1,E07000127,3,2,1,0,2,19,5,2,7,0,0,0,0,0,1,0,0,3,25
2024041426488,2024,041426488,379722,422897,-2.30863,53.70211,3,3,6,09:36,-1,E07000125,6,0,1,0,2,"[13, 9]",7,3,0,0,0,1,0,0,0,0,0,3,29
2024041426490,2024,041426490,354152,432934,-2.69742,53.79069,3,3,4,07:44,-1,E07000123,6,0,2,1,1,19,"[6, 5]","[2, 1]",0,0,0,1,1,0,0,0,0,3,20
2024041426508,2024,041426508,349847,452662,-2.76599,53.96759,2,2,6,12:34,-1,E07000121,1,0,1,0,2,"[19, 5]",5,1,0,0,0,1,0,0,0,0,0,3,29
2024041426513,2024,041426513,379703,433685,-2.30963,53.79907,3,3,5,15:00,-1,E07000117,3,0,1,0,1,"[5, 19]","[1, 3]","[3, 7]",0,0,0,1,1,0,0,0,0,3,28
2024041426526,2024,041426526,374615,435156,-2.387,53.81206,3,3,7,17:15,-1,E07000124,3,0,1,0,2,"[19, 5]",7,3,0,0,0,1,0,0,0,0,0,3,30
2024041426544,2024,041426544,379035,452916,-2.3211,53.97188,2,2,7,16:20,-1,E07000124,6,2,1,0,2,19,1,5,0,7,0,0,0,1,0,0,0,3,30
2024041426548,2024,041426548,362008,417319,-2.57626,53.65098,3,3,7,19:28,-1,E07000118,5,2,1,0,2,19,"[1, 5]","[5, 1]",0,0,0,1,0,1,0,0,0,3,30
2024041426572,2024,041426572,339285,431065,-2.92269,53.77237,2,2,7,16:30,-1,E07000119,4,0,1,0,2,19,"[5, 3]","[3, 5]","[4, 0]","[0, 1]",0,1,0,0,0,0,0,3,30
2024041426576,2024,041426576,381218,422203,-2.28593,53.69593,3,3,7,18:05,-1,E07000125,6,2,1,0,1,19,"[2, 3]","[6, 7]",0,0,0,1,1,0,0,0,0,3,30
2024041426597,2024,041426597,331360,435752,-3.04396,53.8135,2,"[3, 2]",7,21:40,-1,E06000009,4,2,1,0,1,19,"[5, 7]","[1, 3]",0,"[0, 1]","[0, 11]",1,0,0,0,0,0,3,30
2024041426607,2024,041426607,374632,441959,-2.38731,53.87321,3,3,7,08:30,-1,E07000124,3,0,1,0,1,19,-1,-1,0,0,0,1,0,0,0,0,1,3,30
2024041426701,2024,041426701,374744,429210,-2.38455,53.75863,3,3,1,13:53,-1,E07000120,4,0,1,0,1,"[9, 19]","[1, 7]","[1, 3]",0,0,0,1,0,0,0,0,0,3,31
2024041426794,2024,041426794,384843,436958,-2.23176,53.82866,1,1,1,20:30,-1,E07000122,3,2,1,0,2,13,3,7,0,0,0,1,0,0,0,0,1,3,31
2024041426822,2024,041426822,342562,403687,-2.86791,53.52669,2,"[2, 3]",6,15:50,-1,E07000127,1,0,2,1,2,19,7,3,0,1,11,1,0,0,0,0,0,3,29
2024041426823,2024,041426823,378210,422556,-2.33151,53.69898,3,3,1,22:17,-1,E07000125,3,2,1,0,1,19,5,1,0,2,7,1,0,0,0,0,0,3,31
2024041426907,2024,041426907,345558,462994,-2.83322,54.06,2,2,2,13:13,-1,E07000121,3,0,2,1,1,19,"[6, 3]","[2, 7]",0,0,0,1,0,0,0,0,0,4,1
2024041426951,2024,041426951,361624,415202,-2.5818,53.63193,2,2,2,20:30,-1,E07000118,6,2,1,1,2,19,5,1,0,0,0,1,0,0,0,0,0,4,1
2024041426964,2024,041426964,386864,437267,-2.20107,53.83149,2,2,2,14:15,-1,E07000122,6,0,1,0,1,5,1,5,0,0,0,1,0,0,0,0,1,3,18
2024041426970,2024,041426970,367326,428245,-2.49696,53.74954,3,3,4,22:46,-1,E06000008,6,2,1,0,1,5,1,5,0,0,0,1,0,0,0,0,1,3,27
2024041426974,2024,041426974,386054,437613,-2.21339,53.83458,3,3,2,21:29,-1,E07000122,6,2,1,1,1,"[9, 7]","[5, 1]","[1, 5]",0,0,0,1,0,0,0,0,0,4,1
2024041426998,2024,041426998,333219,431336,-3.01477,53.77406,3,3,2,14:54,-1,E07000119,4,0,2,1,2,"[19, 9]",1,5,0,0,0,1,0,0,0,0,0,4,1
2024041427021,2024,041427021,380104,419051,-2.3026,53.66755,3,3,3,06:58,-1,E07000125,3,0,1,1,1,19,5,1,0,0,0,0,0,1,0,0,0,4,2
2024041427179,2024,041427179,372772,430289,-2.41456,53.76823,2,2,2,17:00,-1,E07000120,3,0,1,0,2,19,7,3,0,0,0,1,0,0,0,0,1,3,25
2024041427225,2024,041427225,372403,430525,-2.42018,53.77033,3,3,5,14:10,-1,E07000120,6,0,9,0,2,5,7,3,0,0,0,1,0,0,0,0,1,3,28
2024041427228,2024,041427228,366354,415898,-2.51035,53.63851,3,3,3,07:10,-1,E06000008,6,0,7,1,2,19,3,7,0,1,9,1,0,0,0,0,0,4,2
2024041427273,2024,041427273,362318,414322,-2.5712,53.62407,3,3,3,14:48,-1,E07000118,6,0,1,0,2,19,"[3, 7]","[7, 3]",0,0,0,0,0,1,0,0,0,4,2
2024041427317,2024,041427317,343388,401144,-2.85499,53.50393,2,2,3,16:00,-1,E07000127,6,0,1,0,2,19,3,7,0,0,0,0,0,1,0,0,0,4,2
2024041427557,2024,041427557,330831,437771,-3.05245,53.83157,3,3,2,08:15,-1,E06000009,6,0,1,0,1,19,5,1,0,0,0,1,0,0,0,0,1,2,5
2024041427624,2024,041427624,352048,429840,-2.72887,53.76269,3,3,4,13:10,-1,E07000123,3,0,1,1,1,"[19, 9]","[3, 7]","[7, 1]",0,0,0,1,0,0,0,0,0,4,3
2024041427653,2024,041427653,345768,463247,-2.83006,54.0623,3,3,4,14:30,-1,E07000121,3,0,1,0,1,"[12, 19]","[5, 1]","[1, 5]",0,0,0,1,0,0,0,0,0,4,3
2024041427728,2024,041427728,331642,434260,-3.03935,53.80013,3,3,4,01:00,-1,E06000009,6,2,1,0,1,"[10, 19]",1,5,0,0,0,1,0,0,0,0,0,4,3
2024041427735,2024,041427735,386043,439741,-2.21366,53.85371,3,3,6,13:10,-1,E07000122,3,0,1,0,1,"[3, 4]","[6, 5]","[2, 1]",0,0,0,1,0,0,0,0,0,3,29
2024041427889,2024,041427889,353359,421343,-2.7077,53.68645,3,3,5,10:00,-1,E07000126,6,0,1,0,1,19,-1,-1,10,1,0,0,0,1,0,0,1,4,4
2024041428016,2024,041428016,383484,432756,-2.25218,53.79085,2,2,3,21:30,-1,E07000117,3,2,1,0,1,19,3,7,0,0,0,1,0,0,0,0,1,4,2
2024041428054,2024,041428054,358417,418554,-2.63075,53.66181,3,3,4,21:54,-1,E07000118,3,2,1,0,1,"[19, 7]",5,1,0,0,0,1,0,0,0,0,0,4,3
2024041428072,2024,041428072,347712,406963,-2.79078,53.55667,3,3,5,16:38,-1,E07000127,3,0,1,0,2,"[5, 4]",7,1,0,0,0,1,0,0,0,0,0,4,4
2024041428153,2024,041428153,372887,429554,-2.41275,53.76163,2,"[3, 2]",1,10:30,-1,E07000120,1,0,1,1,2,13,3,7,10,2,10,1,0,0,0,0,0,3,10
2024041428232,2024,041428232,330629,435311,-3.05496,53.80944,2,2,6,21:10,-1,E06000009,6,2,1,1,1,19,1,5,0,0,0,1,0,0,0,0,1,3,29
2024041428442,2024,041428442,342676,432144,-2.87145,53.78245,3,3,6,14:00,-1,E07000119,4,0,8,0,1,"[9, 19]","[7, 3]","[1, 3]",0,"[7, 0]",0,1,0,0,0,0,0,4,5
2024041428446,2024,041428446,332983,447374,-3.02186,53.91815,3,3,6,15:38,-1,E07000128,6,0,1,0,1,"[2, 9, 19]","[1, 4, 5]","[5, 2]","[0, 4]",0,0,1,0,0,0,0,0,4,5
2024041428457,2024,041428457,361606,475895,-2.58971,54.17739,2,2,6,13:30,-1,E07000121,6,0,5,1,2,19,"[8, 6]","[5, 1]","[4, 0]",0,0,1,0,1,0,0,0,4,5
2024041428479,2024,041428479,356118,439616,-2.66853,53.85091,2,2,6,17:05,-1,E07000123,6,0,8,0,2,"[9, 19]",7,"[7, 3]",0,0,0,1,0,0,0,0,0,4,5
2024041428481,2024,041428481,355533,413569,-2.67367,53.61677,3,3,6,16:01,-1,E07000118,3,0,1,0,2,"[2, 19]","[5, 1]","[1, 5]","[4, 0]",0,0,1,0,0,0,0,0,4,5
2024041428526,2024,041428526,341503,431961,-2.88921,53.78067,2,"[2, 3]",6,11:34,-1,E07000119,4,0,1,0,2,19,7,3,0,"[0, 1]",0,1,0,0,0,0,0,4,5
2024041428546,2024,041428546,356509,426013,-2.66067,53.72869,2,2,6,21:50,-1,E07000126,4,2,2,1,1,19,1,5,0,0,0,1,0,0,0,0,1,4,5
2024041428549,2024,041428549,331687,433685,-3.03854,53.79497,3,3,6,18:20,-1,E06000009,6,0,1,0,1,19,1,"[1, 5]","[11, 0]",0,0,1,1,0,0,0,0,4,5
2024041428668,2024,041428668,384365,432523,-2.2388,53.78879,3,3,4,08:45,-1,E07000117,3,0,1,0,1,"[19, 13]",5,"[1, 3]","[0, 7]",0,0,1,0,0,1,0,0,3,27
2024041428670,2024,041428670,378345,422714,-2.32948,53.70041,3,3,7,13:00,-1,E07000125,4,0,1,0,1,"[19, 5]",6,2,0,0,0,1,0,1,0,0,0,4,6
2024041428705,2024,041428705,356093,430811,-2.66766,53.77178,2,2,7,21:33,-1,E07000123,6,2,1,0,1,19,3,7,10,0,0,0,0,0,0,1,0,3,30
2024041428707,2024,041428707,371910,447901,-2.42925,53.92647,3,3,7,16:54,-1,E07000124,4,0,4,0,2,19,1,5,0,0,0,1,0,0,0,0,0,4,6
2024041428811,2024,041428811,347937,460276,-2.79641,54.03582,3,3,5,06:15,-1,E07000121,6,0,1,0,1,19,5,7,0,0,0,1,0,0,0,0,0,2,1
2024041428823,2024,041428823,352202,418683,-2.72481,53.66243,2,"[2, 3]",4,03:37,-1,E07000118,4,2,1,1,2,19,1,5,0,0,0,1,0,0,0,0,0,4,3