collision_index,collision_year,collision_ref_no,location_easting_osgr,location_northing_osgr,longitude,latitude,casualty_severity,casualty_severity,day_of_week,time,local_authority_district,local_authority_ons_district,first_road_class,light_conditions,weather_conditions,road_surface_conditions,urban_or_rural_area,vehicle_manoeuvre,vehicle_direction_from,vehicle_direction_to,hit_object_in_carriageway,vehicle_leaving_carriageway,hit_object_off_carriageway,is_car,is_cyle,is_mcyle,is_goodsv,is_other,is_pedestrian,month,day
2024041428897,2024,041428897,385598,438619,-2.22037,53.84361,2,"[3, 2]",7,13:16,-1,E07000122,3,0,1,0,1,"[19, 8]",7,1,0,0,0,1,0,0,0,0,0,4,6
2024041428911,2024,041428911,360227,427034,-2.60445,53.73816,3,3,1,12:40,-1,E07000118,3,0,1,1,2,19,3,7,0,1,2,1,0,0,0,0,0,4,7
2024041428945,2024,041428945,343027,462663,-2.87182,54.05675,3,3,1,11:43,-1,E07000121,4,0,4,0,1,19,7,3,0,3,7,1,0,0,0,0,0,4,7
2024041428986,2024,041428986,387488,430359,-2.19131,53.76942,2,2,1,20:15,-1,E07000117,6,2,2,1,2,19,5,1,0,0,0,1,0,0,0,0,0,4,7
2024041429008,2024,041429008,332277,437985,-3.03053,53.83369,3,3,1,19:45,-1,E06000009,4,0,1,0,1,19,1,5,0,0,0,1,0,0,0,0,0,4,7
2024041429034,2024,041429034,367956,428416,-2.48742,53.75112,2,"[3, 2]",1,14:15,-1,E06000008,3,0,2,1,1,"[9, 19]",3,7,0,0,0,1,0,0,0,0,0,4,7
2024041429198,2024,041429198,355512,420701,-2.67501,53.68086,3,3,2,13:15,-1,E07000126,6,0,1,1,2,"[5, 2]","[5, 1]",1,0,0,0,1,0,0,0,0,1,4,8
2024041429256,2024,041429256,383014,429311,-2.25912,53.75987,2,2,2,12:30,-1,E07000117,3,0,1,0,2,19,5,1,0,7,2,1,0,0,0,0,0,4,8
2024041429322,2024,041429322,331421,435109,-3.04289,53.80773,3,3,2,15:38,-1,E06000009,4,0,1,1,1,19,5,1,0,0,0,1,0,0,0,0,1,4,8
2024041429327,2024,041429327,368992,426644,-2.47154,53.73526,3,3,2,15:00,-1,E06000008,6,0,1,1,1,"[19, 2]","[1, 5]","[5, 1]",4,0,0,1,0,0,0,0,0,4,8
2024041429372,2024,041429372,370118,432283,-2.45501,53.786,3,3,2,18:45,-1,E07000124,6,0,4,1,2,19,5,1,10,0,0,1,0,0,0,0,0,4,8
2024041429383,2024,041429383,332205,443995,-3.03295,53.88769,3,3,2,17:00,-1,E07000128,6,0,2,1,1,19,"[3, 1]","[7, 5]",0,"[1, 0]",0,1,0,0,0,0,0,4,8
2024041429494,2024,041429494,332125,436196,-3.03244,53.81759,2,"[3, 2]",1,17:00,-1,E06000009,6,0,1,0,1,19,"[3, 7]","[7, 3]",0,0,0,1,0,0,0,0,0,3,3
2024041429509,2024,041429509,351477,428233,-2.73728,53.7482,3,3,2,15:30,-1,E07000126,6,2,1,0,1,19,3,7,0,0,0,1,1,0,0,0,0,1,29
2024041429553,2024,041429553,331943,445848,-3.03735,53.9043,3,3,4,15:25,-1,E07000128,3,0,1,0,1,19,1,5,0,0,0,0,0,1,0,0,1,3,20
2024041429582,2024,041429582,348549,431759,-2.78226,53.7796,2,"[3, 2]",3,09:55,-1,E07000123,3,0,2,1,2,19,"[6, 5]","[2, 1]",0,0,0,1,0,0,0,0,0,4,9
2024041429768,2024,041429768,385487,435904,-2.22193,53.81921,3,3,3,19:17,-1,E07000122,6,0,1,0,1,"[19, 5]","[5, 7]",1,0,0,0,1,0,1,0,0,0,4,9
2024041429792,2024,041429792,349116,452192,-2.77706,53.96329,2,"[3, 2]",3,17:18,-1,E07000128,3,0,1,0,2,4,5,1,0,"[0, 1]","[0, 11]",1,0,0,0,0,0,4,9
2024041429908,2024,041429908,374376,428579,-2.39008,53.75294,3,3,5,13:30,-1,E07000120,3,0,1,0,1,"[19, 7]","[1, 3]","[5, 7]",0,0,0,1,0,0,0,0,0,2,8
2024041429962,2024,041429962,375987,429649,-2.36573,53.76263,2,2,4,17:00,-1,E07000120,6,0,1,1,1,"[19, 12]","[2, 1]","[1, 2]",0,"[3, 0]",0,1,0,0,0,0,0,4,3
2024041430162,2024,041430162,353161,414992,-2.70974,53.62935,3,3,3,08:10,-1,E07000118,4,0,1,1,2,"[7, 19]",3,7,0,0,0,1,0,0,0,0,0,4,9
2024041430191,2024,041430191,350160,442332,-2.75954,53.87478,1,1,4,14:05,-1,E07000128,4,0,1,1,2,"[19, 6]","[8, 1]","[4, 8]",0,0,0,1,0,1,0,0,0,4,10
2024041430196,2024,041430196,354910,423023,-2.68446,53.70168,3,3,4,18:11,-1,E07000126,4,0,1,0,1,"[3, 19]",1,5,0,0,0,1,0,0,0,0,0,4,10
2024041430199,2024,041430199,355126,427511,-2.68185,53.74204,3,3,4,17:00,-1,E07000126,3,0,1,0,2,"[11, 19]",1,5,0,0,0,1,0,0,1,0,0,4,10
2024041430275,2024,041430275,347905,462022,-2.7972,54.05151,2,2,5,00:57,-1,E07000121,3,2,2,1,1,19,5,1,0,0,0,0,0,1,0,0,0,4,11
2024041430552,2024,041430552,355928,422297,-2.66894,53.69524,2,2,5,12:15,-1,E07000118,6,0,1,0,1,5,5,1,0,0,0,1,0,0,0,0,1,4,11
2024041430556,2024,041430556,359801,414805,-2.60932,53.62822,3,3,2,16:08,-1,E07000118,3,0,1,0,2,19,"[1, 5]","[5, 1]",0,0,0,1,0,0,0,0,0,4,8
2024041430559,2024,041430559,331625,436301,-3.04006,53.81847,3,3,5,13:29,-1,E06000009,6,0,1,0,1,"[7, 4]","[1, 5]","[5, 1]",0,0,0,1,0,0,0,0,0,4,11
2024041430565,2024,041430565,343388,464023,-2.86656,54.06902,3,3,2,12:15,-1,E07000121,6,0,1,1,1,19,"[3, 7]","[7, 3]",0,0,0,1,0,0,1,0,0,3,18
2024041430601,2024,041430601,336037,439302,-2.97368,53.846,3,3,2,14:42,-1,E07000128,6,0,1,0,2,19,"[2, 7]","[7, 2]",0,0,0,1,1,0,0,0,0,4,8
2024041430627,2024,041430627,355130,429068,-2.68201,53.75603,3,3,3,13:04,-1,E07000123,3,0,2,1,1,19,"[7, 5]","[3, 1]",0,0,0,1,0,0,0,0,0,4,9
2024041430635,2024,041430635,331736,434568,-3.03799,53.80291,3,3,5,12:37,-1,E06000009,4,0,1,0,1,"[9, 13]",1,3,0,0,0,1,1,0,0,0,0,4,11
2024041430640,2024,041430640,331362,436973,-3.0442,53.82447,3,3,6,10:25,-1,E06000009,3,0,1,0,1,9,1,7,0,0,0,1,0,0,0,0,1,3,29
2024041430649,2024,041430649,383487,435704,-2.25229,53.81735,3,3,4,21:20,-1,E07000122,1,2,1,1,2,"[19, 5]",3,7,0,0,0,1,0,0,0,0,0,4,10
2024041430920,2024,041430920,348781,469315,-2.78506,54.11714,2,"[3, 2]",5,13:40,-1,E07000121,3,0,1,0,2,"[19, 9]","[6, 2]","[2, 6]",0,0,0,1,0,0,1,0,0,4,11
2024041430921,2024,041430921,370585,425819,-2.44731,53.72793,2,2,5,17:28,-1,E06000008,6,0,2,1,1,19,5,1,0,0,0,1,0,1,0,0,0,4,11
2024041430927,2024,041430927,387396,438190,-2.19302,53.8398,3,3,6,23:50,-1,E07000122,6,2,1,0,1,19,"[2, 5]",1,0,0,0,1,0,0,0,0,0,3,29
2024041431001,2024,041431001,350806,444983,-2.75014,53.89867,3,3,3,17:07,-1,E07000128,1,0,1,0,2,19,"[1, 5]","[5, 1]",0,0,0,1,0,0,0,0,0,4,9
2024041431007,2024,041431007,356109,439629,-2.66867,53.85103,3,3,6,18:31,-1,E07000123,6,0,1,0,2,19,"[3, 1]","[7, 5]",0,"[0, 7]","[0, 11]",1,0,0,0,0,0,4,12
2024041431024,2024,041431024,344233,463118,-2.85348,54.06098,3,3,6,21:55,-1,E07000121,6,2,2,1,1,19,"[1, 2]","[1, 2]",0,0,0,0,1,1,0,0,0,4,12
2024041431041,2024,041431041,332275,437466,-3.03044,53.82902,3,3,6,21:28,-1,E06000009,3,2,1,0,1,"[6, 2]",1,5,0,0,0,1,0,0,0,0,0,4,12
2024041431046,2024,041431046,389262,445224,-2.16492,53.90307,2,"[3, 2]",6,18:20,-1,E07000122,4,0,1,0,2,19,4,8,0,"[1, 0]","[4, 0]",1,0,0,0,0,0,4,12
2024041431048,2024,041431048,369492,427213,-2.46401,53.7404,2,2,6,19:15,-1,E06000008,6,0,2,1,1,19,2,4,10,0,0,0,0,1,0,0,0,4,12
2024041431146,2024,041431146,332765,429252,-3.02121,53.75527,3,3,7,10:37,-1,E07000119,6,0,1,0,1,"[19, 9]","[3, 1]","[7, 5]",0,0,0,1,0,0,0,0,0,4,13
2024041431281,2024,041431281,349450,452635,-2.77204,53.96731,2,2,7,17:29,-1,E07000121,6,0,1,1,2,19,3,7,0,7,4,1,0,0,0,0,0,4,13
2024041431385,2024,041431385,390124,440356,-2.15164,53.85933,3,3,7,13:45,-1,E07000122,4,0,2,1,1,19,"[2, 1]",5,0,0,0,1,1,0,0,0,0,4,13
2024041431440,2024,041431440,331405,433433,-3.04276,53.79267,3,3,1,11:18,-1,E06000009,6,0,1,0,1,"[6, 19]","[7, 3]","[3, 7]",0,0,0,1,0,1,0,0,0,4,14
2024041431464,2024,041431464,379549,433768,-2.31198,53.79981,3,3,1,09:58,-1,E07000117,3,0,1,0,1,"[19, 5]","[4, 8]","[2, 4]",0,0,0,1,0,0,0,0,0,4,14
2024041431540,2024,041431540,370784,427909,-2.44449,53.74673,2,2,7,17:46,-1,E06000008,4,0,1,1,1,19,"[1, 7]","[5, 3]","[11, 0]",0,0,1,0,0,0,0,0,4,13
2024041431550,2024,041431550,373776,437296,-2.39993,53.83126,2,2,1,17:00,-1,E07000124,3,0,1,0,2,"[19, 13]","[7, 3]","[3, 7]","[0, 11]","[0, 7]","[0, 4]",1,0,1,0,0,0,4,14
2024041431558,2024,041431558,331901,435133,-3.03561,53.80801,2,"[3, 2]",7,15:54,-1,E06000009,4,0,8,0,1,"[19, 2]","[1, 6, 7]","[5, 2, 3]",0,"[1, 0]",0,1,0,0,0,0,0,4,13
2024041431615,2024,041431615,352378,421911,-2.72264,53.69146,2,2,3,09:50,-1,E07000126,4,0,1,1,1,7,1,5,0,0,0,1,0,0,0,0,0,2,27
2024041431715,2024,041431715,353162,424578,-2.71118,53.7155,3,3,5,16:16,-1,E07000126,3,0,1,0,2,19,"[3, 7]","[7, 3]",0,"[1, 0]",0,1,0,0,0,0,0,2,29
2024041431735,2024,041431735,368119,424527,-2.48455,53.71618,3,3,2,08:59,-1,E06000008,1,0,6,2,1,19,3,7,0,2,7,1,0,0,0,0,0,4,15
2024041431810,2024,041431810,345640,463335,-2.83203,54.06308,2,2,2,13:49,-1,E07000121,6,0,1,0,1,19,"[1, 7]","[5, 3]",0,0,0,1,1,0,0,0,0,4,15
2024041431842,2024,041431842,387540,446424,-2.19117,53.91381,3,3,7,20:50,-1,E07000122,6,2,1,0,1,19,1,5,0,0,0,1,0,0,0,0,1,4,13
2024041431847,2024,041431847,378932,422800,-2.32059,53.7012,3,3,1,10:37,-1,E07000125,3,0,1,0,1,"[9, 19]","[1, 7]","[5, 3]",0,0,0,1,1,0,0,0,0,4,14
2024041431921,2024,041431921,354369,429483,-2.69361,53.75969,3,3,6,17:35,-1,E07000123,6,0,1,0,1,9,3,5,0,0,0,0,0,0,1,0,0,4,12
2024041431969,2024,041431969,385423,427673,-2.22251,53.74523,2,"[3, 2]",4,14:10,-1,E07000117,4,0,2,1,2,"[19, 7]","[7, 1]","[7, 3]","[0, 4]","[0, 1]","[0, 7]",1,0,0,0,0,0,4,3
2024041431971,2024,041431971,381474,422675,-2.28208,53.70018,3,3,2,17:06,-1,E07000125,3,0,1,0,1,"[7, 19]","[5, 3]",7,0,0,0,1,0,0,0,0,0,4,15
2024041431979,2024,041431979,351149,441956,-2.74444,53.8715,2,2,1,15:48,-1,E07000128,1,0,1,0,2,19,5,1,0,1,4,1,0,0,0,0,0,4,14
2024041431984,2024,041431984,342870,463785,-2.87443,54.06682,3,3,1,00:30,-1,E07000121,6,2,1,1,1,"[6, 19]","[3, 7]","[1, 3]",0,0,0,1,1,0,0,0,0,4,14
2024041431985,2024,041431985,352587,430096,-2.72074,53.76504,2,"[3, 2]",2,16:30,-1,E07000123,3,2,2,1,1,"[3, 19]","[2, 5, 6]","[3, 1]",0,0,0,1,0,0,0,0,0,3,25
2024041431992,2024,041431992,357567,424194,-2.64438,53.71243,3,3,2,16:25,-1,E07000118,3,0,1,0,1,"[9, 8, 14]",1,"[3, 5]",0,0,0,1,0,1,0,0,0,4,15
2024041432008,2024,041432008,350030,412921,-2.75675,53.61045,3,3,3,12:00,-1,E07000127,6,0,2,1,2,19,1,5,0,1,11,1,0,0,0,0,0,1,2
2024041432010,2024,041432010,331751,432849,-3.03738,53.78747,2,2,5,11:30,-1,E06000009,6,0,1,0,1,"[4, 19]",5,1,0,0,0,1,1,0,0,0,0,4,11
2024041432042,2024,041432042,358235,425721,-2.63447,53.72621,2,"[3, 2]",2,11:59,-1,E07000126,1,0,5,1,2,19,5,1,0,0,0,1,0,0,0,0,0,4,15
2024041432150,2024,041432150,357831,428739,-2.641,53.7533,3,3,3,06:52,-1,E07000126,1,0,1,1,2,"[19, 12]",5,1,0,"[0, 5]","[0, 6]",1,0,0,0,0,0,4,16
2024041432242,2024,041432242,368467,424491,-2.47927,53.71587,2,2,7,06:20,-1,E06000008,3,0,1,0,2,19,3,7,0,4,1,1,0,0,0,0,0,3,30
2024041432342,2024,041432342,340922,407845,-2.89343,53.56388,3,3,3,15:20,-1,E07000127,4,0,1,0,1,7,"[5, 3]","[3, 5]",0,0,0,1,0,0,1,0,0,4,16
2024041432389,2024,041432389,330963,435614,-3.04996,53.81221,3,3,3,17:40,-1,E06000009,3,0,1,0,1,"[12, 19]","[1, 5]","[7, 1]",0,0,0,1,0,0,0,0,0,4,16
2024041432426,2024,041432426,340954,461075,-2.90317,54.04225,3,3,4,00:14,-1,E07000121,6,2,1,0,1,19,5,1,10,0,0,1,0,0,0,0,0,4,17
2024041432433,2024,041432433,349254,405285,-2.76723,53.54174,2,"[2, 3]",7,23:15,-1,E07000127,6,2,1,1,1,19,5,1,11,4,7,1,0,0,0,0,0,4,6
2024041432440,2024,041432440,353619,426976,-2.70461,53.7371,2,2,2,18:10,-1,E07000126,4,0,1,0,1,19,6,2,0,0,0,1,0,0,0,0,1,4,8
2024041432673,2024,041432673,375404,427435,-2.3744,53.74271,2,2,7,16:05,-1,E07000120,6,0,1,0,1,"[9, 19]","[1, 5]","[5, 1]",0,0,0,1,0,0,0,0,0,3,30
2024041432716,2024,041432716,353691,429381,-2.70388,53.75872,3,3,1,15:50,-1,E07000123,6,2,1,0,1,-1,-1,-1,-1,-1,0,1,0,0,0,0,1,4,14
2024041432735,2024,041432735,332221,435940,-3.03093,53.8153,3,3,4,14:20,-1,E06000009,6,0,1,0,1,"[19, 2]",1,5,0,0,0,1,0,0,0,0,0,4,17
2024041432746,2024,041432746,384793,432193,-2.23228,53.78583,3,3,4,13:10,-1,E07000117,3,0,1,0,1,"[19, 2, 3]",1,"[5, 1]",0,0,0,1,0,0,0,0,0,4,17
2024041432834,2024,041432834,387841,446722,-2.1866,53.9165,3,3,6,14:30,-1,E07000122,6,2,9,0,1,19,"[-1, 4]","[-1, 2]",0,0,0,1,1,0,0,0,0,4,12
2024041432856,2024,041432856,337518,429545,-2.94919,53.7585,3,3,5,00:45,-1,E07000119,6,2,1,0,2,19,1,5,0,7,9,1,0,0,0,0,0,4,18
2024041432857,2024,041432857,355172,431566,-2.68174,53.77848,3,3,3,15:30,-1,E07000123,6,0,1,0,1,"[9, 19]",3,"[1, 7]",0,"[0, 7]","[0, 11]",1,0,0,0,1,0,4,16
2024041432987,2024,041432987,370850,427713,-2.44347,53.74497,3,3,3,11:02,-1,E06000008,6,2,1,0,1,19,1,5,0,0,0,1,0,0,0,0,0,3,5
2024041433016,2024,041433016,369704,428369,-2.46091,53.7508,2,"[2, 3]",4,14:20,-1,E06000008,6,0,2,1,1,19,"[3, 7]","[7, 3]",0,"[7, 0]",0,1,0,0,0,0,0,4,10
2024041433183,2024,041433183,336755,407000,-2.95616,53.5558,3,3,5,15:00,-1,E07000127,4,0,2,1,2,19,"[7, 8]",3,0,"[0, 1]",0,1,0,0,0,0,0,4,18
2024041433205,2024,041433205,368151,429166,-2.48454,53.75787,2,2,5,15:30,-1,E06000008,6,0,2,1,1,19,1,5,0,0,0,1,0,0,0,0,1,4,18
2024041433238,2024,041433238,356517,425689,-2.6605,53.72578,3,3,5,16:15,-1,E07000126,4,0,2,1,1,19,1,5,0,0,0,1,0,0,0,0,1,4,18
2024041433324,2024,041433324,339737,431571,-2.91593,53.77697,3,3,5,08:45,-1,E07000119,4,0,1,0,2,19,3,7,0,0,0,1,0,0,0,0,1,3,28
2024041433382,2024,041433382,367962,429614,-2.48746,53.76189,2,2,6,01:16,-1,E06000008,4,2,2,1,1,"[19, 2]","[7, 0]","[3, 0]",0,"[0, 7]","[0, 3]",1,0,0,0,0,0,4,19
2024041433432,2024,041433432,331189,436538,-3.04673,53.82054,3,3,2,16:00,-1,E06000009,3,0,1,1,1,"[3, 19]","[1, 5]","[5, 1]",0,0,0,1,0,0,0,0,0,4,8
2024041433492,2024,041433492,342356,460053,-2.88157,54.03322,3,3,6,07:15,-1,E07000121,3,0,1,0,2,19,"[5, 1]","[1, 5]",0,0,0,1,0,0,0,1,0,4,19
2024041433510,2024,041433510,352201,430621,-2.72667,53.76973,3,3,6,12:38,-1,E07000123,6,0,1,0,1,"[2, 19]",2,6,"[0, 4]",0,0,1,0,1,0,0,0,4,19
2024041433556,2024,041433556,354048,429081,-2.69842,53.75605,3,3,6,14:24,-1,E07000123,6,0,1,1,1,"[7, 2, 19]","[-1, 1, 6]","[-1, 5, 2]","[-1, 0]","[-1, 0]",0,1,1,0,0,0,0,3,29
2024041433560,2024,041433560,355596,430499,-2.67515,53.76893,3,3,6,13:57,-1,E07000123,4,0,1,0,1,"[9, 19]","[6, 2]","[2, 6]",0,"[0, 1]","[0, 1]",1,0,0,0,0,0,4,19
2024041433566,2024,041433566,373085,432933,-2.41004,53.79201,3,3,6,08:30,-1,E07000120,6,0,1,1,1,"[19, 9]","[1, 3]","[5, 1]",0,0,0,1,0,0,0,0,0,4,19
2024041433595,2024,041433595,336755,427191,-2.96028,53.73725,3,3,5,16:25,-1,E07000119,6,0,1,0,1,1,3,7,0,0,0,1,0,0,0,0,1,4,18
2024041433639,2024,041433639,355362,431630,-2.67886,53.77908,3,3,6,18:15,-1,E07000123,4,0,1,0,1,"[3, 19]",7,3,0,0,0,1,0,0,0,0,0,4,19
2024041433644,2024,041433644,332278,437475,-3.0304,53.82911,3,3,6,18:45,-1,E06000009,3,0,1,0,1,"[19, 5]","[5, 6]",6,0,0,0,1,0,0,0,0,0,4,19
2024041433655,2024,041433655,332960,429567,-3.01832,53.75813,2,2,5,15:43,-1,E07000119,4,0,1,1,1,"[19, 5]","[2, -1]","[6, -1]",0,"[0, -1]",0,1,0,1,0,0,0,4,18
2024041433688,2024,041433688,378920,422808,-2.32078,53.70128,3,3,1,12:00,-1,E07000125,3,0,1,0,1,"[15, 7]",5,1,0,0,0,1,0,0,0,0,0,4,7
2024041433706,2024,041433706,383841,433093,-2.24678,53.79389,2,2,6,22:25,-1,E07000117,6,2,1,0,1,7,1,4,0,0,0,1,0,0,0,0,1,4,19
2024041433736,2024,041433736,331455,435605,-3.04249,53.81219,2,2,7,01:50,-1,E06000009,4,2,1,0,1,19,8,4,0,0,0,1,0,0,0,0,1,4,20
2024041433853,2024,041433853,353300,431247,-2.71009,53.77545,3,3,7,14:15,-1,E07000123,6,0,1,0,1,19,"[1, 7]","[5, 3]",0,0,0,1,0,0,0,0,0,4,20
2024041433904,2024,041433904,349070,446729,-2.77685,53.91419,3,3,7,15:35,-1,E07000128,3,0,1,0,2,"[19, 9]","[1, 7]","[5, 3]",0,0,0,1,0,1,0,0,0,4,20
2024041433977,2024,041433977,332958,434987,-3.01953,53.80684,2,2,3,17:28,-1,E06000009,6,0,1,0,1,"[5, 19]","[7, 6]","[3, 2]",0,0,0,1,1,0,0,0,0,4,16
2024041434010,2024,041434010,349809,452750,-2.76659,53.96837,2,2,1,05:04,-1,E07000121,1,2,1,0,2,19,1,5,0,0,0,1,0,0,0,0,1,4,21
2024041434083,2024,041434083,338348,412433,-2.9332,53.60481,2,"[3, 2]",1,11:15,-1,E07000127,3,0,1,0,2,"[19, 9]",1,"[3, 2]",0,0,0,1,0,0,0,0,0,4,21
2024041434307,2024,041434307,354187,429830,-2.69643,53.7628,3,3,7,16:28,-1,E07000123,3,0,1,0,1,"[19, 5]","[7, 1]",4,0,"[0, 1]",0,1,1,0,0,0,0,4,20
2024041434368,2024,041434368,337766,411478,-2.9418,53.59616,2,"[2, 3]",2,08:55,-1,E07000127,3,0,1,0,2,19,"[2, 6]","[6, 2]",0,0,0,1,0,0,0,0,0,4,22
2024041434438,2024,041434438,349860,443178,-2.76424,53.88236,3,3,1,17:45,-1,E07000128,4,0,1,0,2,19,5,1,0,1,5,1,0,0,0,0,0,4,21
2024041434463,2024,041434463,367957,426506,-2.48721,53.73395,3,3,2,08:26,-1,E06000008,6,0,2,1,1,"[19, 10]","[5, 3]","[1, 7]",0,"[1, 0]",0,0,0,1,0,0,0,4,22
2024041434483,2024,041434483,347594,461916,-2.80193,54.05053,3,3,7,14:00,-1,E07000121,3,0,1,0,1,19,-1,-1,0,0,0,1,0,0,0,0,1,4,20
2024041434501,2024,041434501,342443,463721,-2.88094,54.0662,3,3,7,15:10,-1,E07000121,3,0,1,0,1,19,4,2,0,0,0,1,0,0,0,0,1,4,20
2024041434578,2024,041434578,354350,434551,-2.69465,53.80524,3,3,2,04:51,-1,E07000123,1,2,1,0,2,19,1,5,0,5,0,1,0,0,0,0,0,4,22
2024041434825,2024,041434825,374766,431027,-2.38437,53.77496,3,3,3,11:51,-1,E07000120,6,0,1,0,1,9,"[1, 3]","[2, 1]",0,0,0,1,0,0,0,0,0,4,23
2024041434854,2024,041434854,331212,434728,-3.04598,53.80428,3,3,3,09:19,-1,E06000009,6,0,1,0,1,"[14, 9]","[7, 1]","[3, 5]",0,0,0,1,0,1,0,0,0,4,23
2024041434875,2024,041434875,352588,430059,-2.72071,53.76471,3,3,3,14:50,-1,E07000123,6,0,1,0,1,19,5,1,0,1,10,1,0,0,0,0,0,4,23
2024041434889,2024,041434889,348002,459350,-2.79526,54.02751,2,2,3,14:15,-1,E07000121,3,0,1,0,1,19,3,7,0,1,0,1,0,0,0,0,1,4,23
2024041434930,2024,041434930,332080,436926,-3.03329,53.82415,2,2,3,15:43,-1,E06000009,6,0,1,0,1,"[9, 19]","[7, 5]","[3, 1]",0,0,0,1,1,0,0,0,0,4,23
2024041434940,2024,041434940,381575,422986,-2.28057,53.70298,3,3,3,08:45,-1,E07000125,6,0,1,0,1,19,7,3,0,0,0,1,0,0,0,0,1,4,23
2024041434950,2024,041434950,350740,441573,-2.75059,53.86802,3,3,3,16:55,-1,E07000128,3,0,1,0,2,"[9, 19]","[3, 1]","[1, 5]",0,"[1, 0]",0,1,0,0,0,0,0,4,23
2024041434957,2024,041434957,385277,436439,-2.22514,53.82401,3,3,3,22:39,-1,E07000122,6,2,1,0,1,"[2, 19]","[0, 3]","[0, 3]",0,0,0,1,0,0,0,0,0,4,23
2024041434986,2024,041434986,376566,434526,-2.35732,53.80649,2,2,4,23:51,-1,E07000124,6,2,1,0,2,"[19, 9]","[1, 2]","[5, 8]",0,0,0,1,0,0,0,0,0,4,17
2024041435119,2024,041435119,364271,424444,-2.54284,53.71518,3,3,4,08:13,-1,E07000118,1,0,1,0,2,4,3,7,0,0,0,1,0,0,0,0,0,4,24
2024041435126,2024,041435126,333112,436381,-3.01749,53.81938,2,"[3, 2]",4,08:40,-1,E06000009,3,0,1,0,1,"[6, 19]",5,1,0,0,0,1,0,0,0,0,0,4,24
2024041435320,2024,041435320,371175,442307,-2.43992,53.87616,3,3,6,14:05,-1,E07000124,6,0,1,0,2,19,"[5, 1]","[1, 5]",0,0,0,1,0,0,0,0,0,4,19
2024041435322,2024,041435322,332217,437347,-3.0313,53.82795,3,3,4,16:00,-1,E06000009,3,0,1,0,1,"[5, 19]","[7, 1]","[3, 5]",0,0,0,1,0,1,0,0,0,4,24
2024041435492,2024,041435492,356525,414486,-2.65881,53.62509,3,3,4,17:00,-1,E07000118,4,0,1,0,2,19,2,6,0,0,0,1,0,0,0,0,1,4,24
2024041435572,2024,041435572,350759,432829,-2.7489,53.78943,3,3,5,08:49,-1,E07000123,4,0,2,1,1,19,"[1, 5]","[1, 5]",0,"[0, 1]","[0, 7]",1,0,0,0,0,0,4,25
2024041435644,2024,041435644,355004,427645,-2.68371,53.74323,3,3,5,09:00,-1,E07000126,3,0,2,1,2,19,5,1,0,1,4,1,0,0,0,0,0,4,25
2024041435651,2024,041435651,358608,420225,-2.62808,53.67684,3,3,4,15:05,-1,E07000118,1,0,1,0,2,19,5,1,0,5,6,1,0,0,0,0,0,4,24
2024041435653,2024,041435653,355564,428338,-2.67532,53.74951,3,3,5,08:13,-1,E07000126,3,0,2,1,1,19,5,1,0,0,0,1,0,0,0,0,1,4,25
2024041435655,2024,041435655,369015,429166,-2.47144,53.75792,2,2,5,09:10,-1,E06000008,3,0,1,0,1,19,"[3, 5]","[7, 1]",0,0,0,1,0,0,0,1,0,4,25
2024041435661,2024,041435661,384770,421754,-2.23211,53.69201,3,3,5,12:31,-1,E07000125,3,0,1,0,1,"[19, 9]",3,7,0,"[0, 8]","[0, 10]",1,0,0,0,0,0,4,25
2024041435748,2024,041435748,341768,440330,-2.88678,53.85592,2,2,5,18:53,-1,E07000119,3,0,1,0,2,"[13, 19]",3,7,0,"[1, 0]",0,1,0,1,0,0,0,4,25
2024041435833,2024,041435833,357431,431662,-2.64747,53.77954,2,"[3, 2]",2,11:50,-1,E07000123,1,0,2,1,2,19,1,5,0,0,0,1,0,0,0,0,0,4,15
2024041435875,2024,041435875,355119,429090,-2.68218,53.75623,3,3,5,16:30,-1,E07000123,3,2,2,1,1,"[19, 12]",5,1,0,0,0,1,0,0,0,0,0,4,18
2024041436002,2024,041436002,332237,443157,-3.03228,53.88016,2,2,6,10:07,-1,E07000128,6,0,1,0,1,"[19, 9]","[7, 3]","[3, 7]",0,0,0,1,0,0,0,0,0,4,26
2024041436063,2024,041436063,340330,429254,-2.90649,53.75621,3,3,6,11:43,-1,E07000119,6,0,1,0,2,"[9, 19]","[3, 2]","[5, 2]",0,0,0,1,0,0,0,0,0,4,26
2024041436074,2024,041436074,349074,446770,-2.77679,53.91456,3,3,6,12:38,-1,E07000128,3,0,1,0,2,19,"[1, 5]","[1, 5]",0,0,0,1,0,1,0,0,0,4,26
2024041436075,2024,041436075,331031,439804,-3.04987,53.84987,3,3,5,17:00,-1,E06000009,6,0,1,0,1,3,5,1,0,0,0,1,0,0,0,0,0,4,25
2024041436141,2024,041436141,341989,443500,-2.88402,53.88443,2,2,5,20:45,-1,E07000128,6,2,1,0,2,19,5,1,0,7,4,1,0,0,0,0,0,4,25
2024041436152,2024,041436152,339716,427956,-2.91555,53.74448,2,"[2, 3]",4,14:19,-1,E07000119,3,0,1,0,2,19,"[1, 5]","[5, 1]",0,0,0,1,0,0,1,0,0,4,24
2024041436164,2024,041436164,345822,410694,-2.81996,53.59001,3,3,6,15:40,-1,E07000127,4,0,1,0,2,"[13, 19]",7,5,0,0,0,1,1,0,0,0,0,4,26
2024041436198,2024,041436198,331608,437731,-3.04064,53.83132,2,"[2, 3]",6,15:35,-1,E06000009,4,0,1,0,1,"[5, 19]","[7, 5]","[5, 1]",0,0,0,1,0,1,0,0,0,4,26