collision_index,collision_year,collision_ref_no,location_easting_osgr,location_northing_osgr,longitude,latitude,casualty_severity,casualty_severity,day_of_week,time,local_authority_district,local_authority_ons_district,first_road_class,light_conditions,weather_conditions,road_surface_conditions,urban_or_rural_area,vehicle_manoeuvre,vehicle_direction_from,vehicle_direction_to,hit_object_in_carriageway,vehicle_leaving_carriageway,hit_object_off_carriageway,is_car,is_cyle,is_mcyle,is_goodsv,is_other,is_pedestrian,month,day
2024041443167,2024,041443167,384691,434021,-2.23392,53.80226,3,3,1,08:50,-1,E07000117,6,0,1,0,1,19,3,3,0,0,0,1,0,0,0,0,1,2,25
2024041443264,2024,041443264,347659,461449,-2.80086,54.04634,2,"[3, 2]",5,11:25,-1,E07000121,3,0,1,0,1,19,5,1,0,0,0,0,1,0,0,0,1,4,4
2024041443314,2024,041443314,333227,427706,-3.01387,53.74144,2,2,4,10:15,-1,E07000119,6,0,1,0,1,"[19, 2]","[1, 5]","[5, 1]","[4, 0]",0,0,1,0,0,0,0,0,5,15
2024041443327,2024,041443327,350420,430775,-2.75372,53.77094,3,3,3,14:20,-1,E07000123,6,0,1,0,1,19,"[2, 6]","[6, 2]",0,0,0,1,0,0,0,0,0,5,14
2024041443353,2024,041443353,332031,435507,-3.03372,53.81139,3,3,3,09:40,-1,E06000009,3,0,1,1,1,"[5, 19]","[3, 1]","[7, 5]",0,0,0,1,0,0,0,0,0,5,14
2024041443416,2024,041443416,355830,424066,-2.67068,53.71113,3,3,4,18:25,-1,E07000118,1,0,2,1,2,"[19, 4]",1,5,"[1, 0]",0,0,1,0,0,0,0,0,5,15
2024041443464,2024,041443464,367704,425861,-2.49098,53.72814,3,3,5,17:10,-1,E06000008,3,0,1,0,1,5,5,1,7,0,0,1,0,0,0,0,0,4,4
2024041443497,2024,041443497,332328,443504,-3.03097,53.88329,3,3,4,11:45,-1,E07000128,6,0,1,0,1,19,"[3, 1]","[7, 5]",0,0,0,1,0,0,0,0,0,5,15
2024041443554,2024,041443554,379977,419206,-2.30453,53.66894,2,2,4,15:29,-1,E07000125,4,0,2,0,1,"[13, 9]",5,1,"[0, 10]","[0, 1]",0,1,1,0,0,0,0,5,15
2024041443591,2024,041443591,369618,422153,-2.4616,53.69493,2,"[3, 2]",5,08:44,-1,E06000008,6,0,1,0,1,"[4, 9, 19]","[7, 1, 3]","[3, 5, 7]",0,0,0,1,0,0,0,0,0,3,21
2024041443732,2024,041443732,347906,430955,-2.79188,53.77231,3,3,7,08:23,-1,E07000123,6,0,1,0,2,19,3,4,0,0,0,1,0,0,0,0,1,5,11
2024041443741,2024,041443741,356002,436424,-2.66984,53.82222,2,2,4,16:50,-1,E07000123,6,0,1,0,2,"[19, 5]",5,5,0,"[0, 7]",0,1,0,1,0,0,0,5,15
2024041443782,2024,041443782,356695,431728,-2.65865,53.78007,3,3,6,10:39,-1,E07000123,6,0,1,0,1,19,"[6, 7]","[2, 3]",0,0,0,0,1,0,1,0,0,4,26
2024041443826,2024,041443826,356476,426198,-2.66119,53.73035,3,3,5,20:31,-1,E07000126,6,0,8,0,1,"[7, 19]","[3, 1]",5,0,0,0,1,1,0,0,0,0,5,16
2024041443828,2024,041443828,387556,421950,-2.18993,53.69384,3,3,5,14:40,-1,E07000125,3,0,1,0,1,19,"[1, 5]","[5, 1]",0,0,0,1,0,0,0,0,0,5,16
2024041443840,2024,041443840,379545,419439,-2.31109,53.67102,3,3,3,17:26,-1,E07000125,3,0,1,0,2,19,5,1,0,0,0,1,0,0,0,0,0,5,14
2024041443847,2024,041443847,340409,412149,-2.902,53.6025,3,3,2,03:58,-1,E07000127,4,2,1,1,2,19,7,3,0,7,11,1,0,0,0,0,0,5,6
2024041444077,2024,041444077,332790,433813,-3.02182,53.79626,3,3,1,07:40,-1,E06000009,6,0,1,0,1,"[19, 2]","[1, 0]","[5, 0]",0,0,0,0,1,0,1,0,0,4,28
2024041444119,2024,041444119,388421,417704,-2.17667,53.6557,3,3,6,14:50,-1,E07000125,6,0,1,0,1,19,"[5, 1]","[1, 5]",0,0,0,1,0,1,0,0,0,5,17
2024041444144,2024,041444144,338374,434602,-2.93722,53.80405,3,3,5,17:30,-1,E07000119,4,0,1,0,2,19,"[5, 7]","[1, 3]",0,0,0,1,1,0,0,0,0,5,16
2024041444164,2024,041444164,376961,426902,-2.35075,53.73799,3,3,6,14:40,-1,E07000120,3,0,1,0,1,19,5,1,7,0,0,1,0,0,0,0,0,5,17
2024041444171,2024,041444171,365300,475074,-2.53303,54.17028,2,2,6,15:16,-1,E07000121,3,0,1,0,2,19,7,3,0,7,11,1,0,0,0,0,0,5,17
2024041444202,2024,041444202,347823,405180,-2.78881,53.54066,1,"[1, 3]",6,12:56,-1,E07000127,1,0,1,0,2,"[3, 19]",3,7,0,0,0,1,0,0,1,0,0,5,17
2024041444404,2024,041444404,331852,432520,-3.03577,53.78452,3,3,5,08:30,-1,E06000009,6,0,1,0,1,"[6, 19]",5,"[3, 1]",0,0,0,1,0,0,0,0,0,5,16
2024041444435,2024,041444435,331655,437227,-3.03981,53.8268,2,2,7,11:09,-1,E06000009,4,0,1,0,1,19,1,5,0,0,0,1,0,0,0,0,1,5,18
2024041444491,2024,041444491,356101,427967,-2.66713,53.74622,3,3,7,13:17,-1,E07000126,3,0,1,0,1,"[19, 9]","[3, 7]","[7, 3]",0,0,0,1,0,1,0,0,0,5,18
2024041444539,2024,041444539,372161,430855,-2.42388,53.77328,3,3,5,14:11,-1,E07000120,4,0,1,0,2,19,"[5, 1]","[5, 1]",0,0,0,1,0,0,0,0,0,5,16
2024041444587,2024,041444587,357084,431972,-2.65278,53.78229,2,2,7,12:40,-1,E07000123,6,0,1,0,1,19,"[5, 3]","[1, 7]",0,0,0,1,0,1,0,0,0,5,18
2024041444638,2024,041444638,342081,434824,-2.88098,53.80647,3,3,7,19:12,-1,E07000119,1,0,1,0,2,19,3,7,0,1,7,1,0,0,0,0,0,5,18
2024041444654,2024,041444654,332362,447318,-3.0313,53.91757,2,2,6,19:45,-1,E07000128,6,0,1,0,1,"[7, 19]","[3, -1]","[7, -1]",0,0,0,1,0,1,0,0,0,5,17
2024041444806,2024,041444806,352252,459063,-2.73034,54.02534,2,2,1,12:45,-1,E07000121,6,0,1,0,2,19,"[3, 7]","[7, 3]",0,0,0,1,0,1,0,0,0,5,19
2024041444866,2024,041444866,369296,427670,-2.46703,53.74449,2,2,2,22:45,-1,E06000008,6,2,1,0,1,5,7,3,0,0,0,1,0,0,0,0,1,5,13
2024041444872,2024,041444872,350146,429724,-2.7577,53.76147,2,"[3, 2]",1,17:42,-1,E07000123,3,0,1,0,2,"[19, 5]",7,3,0,"[0, 1]","[0, 2]",1,0,0,0,0,0,5,19
2024041444882,2024,041444882,383542,423909,-2.25083,53.71134,1,"[1, 3, 2]",1,02:58,-1,E07000125,4,2,1,0,1,"[2, 5, 19]","[0, 7, 5]","[0, 3, 1]","[4, 0]","[0, 8]","[0, 11]",1,0,0,0,0,0,5,19
2024041444887,2024,041444887,355791,425202,-2.67143,53.72134,3,3,1,18:40,-1,E07000126,3,0,1,0,2,"[19, 11]",7,3,0,0,0,1,0,1,0,0,0,5,19
2024041444912,2024,041444912,351610,430605,-2.73564,53.76953,3,3,1,14:40,-1,E07000123,6,0,1,0,1,"[7, 5]","[1, 7]","[5, 7]",0,0,0,1,1,0,0,0,0,5,19
2024041444930,2024,041444930,338536,434786,-2.9348,53.80572,3,3,1,22:20,-1,E07000119,4,2,1,0,2,19,3,7,0,1,2,1,0,0,0,0,0,5,19
2024041444941,2024,041444941,343065,428590,-2.86489,53.75055,2,2,6,11:00,-1,E07000119,6,0,1,0,2,"[2, 19]","[0, 7]","[0, 3]","[0, 4]",0,0,1,0,0,0,0,0,5,10
2024041444964,2024,041444964,366731,427192,-2.50587,53.74004,3,3,2,07:30,-1,E06000008,4,0,1,0,1,19,2,4,0,0,0,1,0,0,0,0,0,5,20
2024041445152,2024,041445152,384543,433931,-2.23617,53.80145,3,3,4,21:50,-1,E07000117,3,0,1,0,1,19,5,1,0,0,0,1,1,0,0,0,0,5,15
2024041445198,2024,041445198,383677,423380,-2.24875,53.70659,3,3,5,14:30,-1,E07000125,4,0,1,0,1,"[19, 2]","[5, 0]","[1, 0]",0,0,0,1,0,0,0,0,1,5,9
2024041445234,2024,041445234,384929,421718,-2.2297,53.69169,2,2,2,15:50,-1,E07000125,3,0,1,0,1,19,7,3,0,0,0,1,0,0,0,0,1,5,20
2024041445267,2024,041445267,370654,425501,-2.44623,53.72508,3,3,4,17:15,-1,E06000008,1,0,1,0,2,"[4, 19]",3,7,0,"[0, 1]",0,1,0,0,0,0,0,5,15
2024041445296,2024,041445296,358679,417291,-2.62661,53.65048,3,3,4,16:30,-1,E07000118,4,0,1,0,1,"[19, 3]",7,3,0,0,0,1,0,0,0,0,0,5,15
2024041445297,2024,041445297,358385,423400,-2.63188,53.70536,3,3,7,20:30,-1,E07000118,1,0,1,0,1,19,1,5,0,0,0,1,0,0,0,0,0,5,18
2024041445303,2024,041445303,334444,434282,-2.99682,53.80069,2,2,2,18:54,-1,E06000009,6,0,1,0,1,19,"[3, 5]","[7, 1]",0,0,0,1,1,0,0,0,0,5,20
2024041445323,2024,041445323,350856,450292,-2.75023,53.94639,2,2,2,20:45,-1,E07000128,6,0,1,0,2,19,3,7,0,0,0,0,0,1,0,0,0,5,20
2024041445394,2024,041445394,357921,421963,-2.63872,53.69241,3,3,7,10:48,-1,E07000118,3,0,1,0,1,19,1,5,0,7,11,1,0,0,0,0,0,5,18
2024041445498,2024,041445498,356316,424556,-2.66339,53.71558,3,3,4,18:30,-1,E07000126,1,0,1,0,2,"[19, 15]","[2, 3]","[8, 7]",0,0,0,0,0,0,1,0,0,4,10
2024041445634,2024,041445634,368449,430946,-2.48021,53.77389,3,3,7,08:28,-1,E06000008,3,0,1,0,1,"[19, 5]","[3, 5]","[7, 1]",0,0,0,1,0,0,0,0,0,5,18
2024041445702,2024,041445702,353288,431617,-2.71033,53.77878,3,3,3,16:50,-1,E07000123,6,0,1,0,1,"[19, 9]","[5, 1]","[1, 5]",0,0,0,1,1,0,0,0,0,5,21
2024041445746,2024,041445746,368036,426699,-2.48603,53.73569,3,3,3,17:43,-1,E06000008,6,0,1,0,1,19,5,1,0,0,0,1,0,0,0,0,1,5,21
2024041445763,2024,041445763,357865,421373,-2.63948,53.6871,2,"[3, 2]",2,13:45,-1,E07000118,3,0,1,0,1,19,5,1,0,0,0,1,0,1,0,0,0,5,20
2024041445765,2024,041445765,368757,427534,-2.47519,53.74324,2,"[3, 2]",2,17:31,-1,E06000008,3,0,1,0,1,"[9, 13]","[7, 3]","[3, 7]",0,0,0,1,0,1,0,0,0,5,20
2024041445777,2024,041445777,332894,437515,-3.02105,53.82955,3,3,3,08:30,-1,E06000009,6,0,1,0,1,5,3,7,0,0,0,1,0,0,0,0,1,4,16
2024041445795,2024,041445795,363224,415557,-2.55765,53.63523,3,3,3,21:35,-1,E07000118,6,2,1,0,2,19,"[5, 8]","[1, 4]",0,"[2, 0]","[11, 0]",1,0,0,0,0,0,5,21
2024041445822,2024,041445822,340218,428256,-2.90799,53.74723,3,3,4,05:35,-1,E07000119,6,0,2,1,2,2,0,0,0,0,0,1,0,1,0,0,0,5,22
2024041446374,2024,041446374,367151,427575,-2.49954,53.74351,3,3,3,20:33,-1,E06000008,6,2,1,0,1,"[9, 19]","[3, 5]",1,0,"[0, 1]",0,1,0,0,0,0,0,5,21
2024041446380,2024,041446380,383719,432668,-2.24861,53.79007,3,3,5,16:05,-1,E07000117,3,0,1,0,1,19,-1,-1,0,0,0,0,0,1,0,0,1,5,16
2024041446486,2024,041446486,360187,436311,-2.60626,53.82154,3,3,4,15:30,-1,E07000124,6,0,2,1,2,"[19, 3]",1,5,0,0,0,1,0,0,0,0,0,5,22
2024041446575,2024,041446575,383472,434827,-2.25247,53.80947,3,3,4,19:24,-1,E07000117,1,0,2,1,2,19,3,7,0,1,4,1,0,0,0,0,0,5,22
2024041446586,2024,041446586,354009,430007,-2.69915,53.76437,3,3,3,17:25,-1,E07000123,6,0,1,0,1,"[19, 10, 9]","[8, 2, 4]","[8, 4, 6]",0,"[0, 1, 7]",0,1,0,0,0,0,0,5,21
2024041446613,2024,041446613,342807,403891,-2.86425,53.52855,3,3,4,18:12,-1,E07000127,1,0,5,1,2,19,3,7,0,5,4,1,0,0,0,0,0,5,22
2024041446634,2024,041446634,341522,434873,-2.88948,53.80685,3,3,4,17:35,-1,E07000119,1,0,2,1,2,19,7,3,0,1,4,1,0,0,0,0,0,5,22
2024041446676,2024,041446676,365989,419804,-2.5163,53.67359,2,2,4,17:45,-1,E06000008,3,0,5,1,2,19,5,1,0,8,11,1,0,0,0,0,0,5,22
2024041446744,2024,041446744,376302,431070,-2.36107,53.77542,3,3,4,21:40,-1,E07000120,1,2,5,1,2,19,3,7,0,"[0, 5]",0,1,0,0,0,0,0,5,22
2024041446764,2024,041446764,378447,431808,-2.32857,53.78215,3,3,4,16:42,-1,E07000117,3,0,2,1,2,"[4, 5]",1,5,0,0,0,1,0,0,0,0,0,5,22
2024041446809,2024,041446809,370455,422889,-2.449,53.70159,2,"[3, 2]",4,21:25,-1,E06000008,6,2,2,1,2,19,5,1,0,0,0,1,0,0,0,0,0,5,22
2024041447233,2024,041447233,368002,425398,-2.48641,53.724,3,3,5,07:20,-1,E06000008,3,0,2,1,1,"[9, 5]","[5, 7]","[1, 5]",0,0,0,1,0,0,0,0,0,5,23
2024041447238,2024,041447238,346178,440949,-2.81985,53.86195,3,3,4,16:20,-1,E07000128,6,0,2,1,2,"[19, 9]","[5, 1]","[1, 3]",0,0,0,1,0,0,1,0,0,5,22
2024041447248,2024,041447248,330681,438181,-3.05482,53.83524,3,3,5,08:20,-1,E06000009,3,0,1,1,1,4,1,"[7, 6, 5]",0,0,0,1,0,0,0,0,0,4,11
2024041447264,2024,041447264,385830,437412,-2.21679,53.83277,3,3,1,19:45,-1,E07000122,6,0,1,0,1,19,"[5, 1]","[1, 5]",0,0,0,1,0,0,0,0,0,5,19
2024041447292,2024,041447292,332819,443142,-3.02343,53.8801,3,3,5,13:30,-1,E07000128,3,0,1,0,1,"[13, 19]",1,5,0,"[1, 0]","[2, 0]",1,0,0,1,0,0,5,23
2024041447302,2024,041447302,346891,466511,-2.81348,54.09175,3,3,5,16:10,-1,E07000121,3,0,1,0,2,"[5, 19]",1,5,0,0,0,1,0,0,0,0,0,5,23
2024041447319,2024,041447319,378964,433860,-2.32087,53.80061,3,3,5,17:35,-1,E07000117,3,0,2,1,1,19,5,1,0,0,0,1,0,0,0,0,0,5,23
2024041447323,2024,041447323,386814,422377,-2.20119,53.69766,3,3,5,10:17,-1,E07000125,3,0,1,0,1,"[19, 10]",7,"[3, 5]","[4, 0]",0,0,1,0,0,1,0,0,5,2
2024041447419,2024,041447419,333292,435057,-3.01447,53.80751,2,"[2, 3]",4,15:38,-1,E06000009,6,0,2,1,1,19,"[1, 3]","[5, 7]",0,0,0,1,0,0,1,0,0,5,22
2024041447520,2024,041447520,354197,433214,-2.69678,53.79321,3,3,5,23:35,-1,E07000123,6,2,2,1,1,19,5,"[3, 1]",0,0,0,1,0,0,0,0,0,5,23
2024041447552,2024,041447552,388099,417664,-2.18154,53.65533,3,3,5,15:10,-1,E07000125,6,0,2,1,1,19,5,1,0,0,0,1,0,0,0,0,1,5,23
2024041447697,2024,041447697,374289,428525,-2.3914,53.75245,3,3,5,16:50,-1,E07000120,3,0,2,1,1,19,1,5,0,0,0,1,0,0,0,0,0,5,23
2024041447717,2024,041447717,331605,437826,-3.0407,53.83217,2,2,4,15:00,-1,E06000009,6,0,2,1,1,19,"[1, 7]","[5, 3]",0,0,0,1,1,0,0,0,0,5,22
2024041447750,2024,041447750,374691,427301,-2.3852,53.74147,3,3,6,08:55,-1,E07000120,6,0,1,1,1,"[19, 6]","[4, 6]","[8, 2]",0,0,0,1,0,0,0,0,0,5,24
2024041447841,2024,041447841,356374,430153,-2.6633,53.76589,3,3,5,06:00,-1,E07000123,3,0,2,1,1,"[7, 19]","[8, 7]","[4, 3]",0,0,0,1,0,0,0,0,0,5,23
2024041447892,2024,041447892,390288,440365,-2.14915,53.85941,3,3,6,17:10,-1,E07000122,3,0,1,0,1,19,"[-1, 3]","[-1, 7]",0,0,0,0,1,0,1,0,0,5,24
2024041447901,2024,041447901,366549,428167,-2.50873,53.74879,2,2,6,18:05,-1,E06000008,6,0,1,0,1,"[19, 7]","[5, 1]","[1, 5]",0,0,0,1,0,1,0,0,0,5,24
2024041447927,2024,041447927,368979,421871,-2.47125,53.69236,2,"[3, 2]",6,18:59,-1,E06000008,6,0,2,0,2,"[19, 7]","[-1, 8]","[-1, 8]","[-1, 0]","[-1, 3]",0,1,0,0,0,0,0,5,24
2024041447930,2024,041447930,348936,433931,-2.77675,53.79916,3,3,7,01:16,-1,E07000123,1,2,1,0,2,"[4, 19]","[5, 3]","[1, 7]",0,"[1, 3]",0,1,0,0,0,0,0,5,25
2024041447938,2024,041447938,377400,433021,-2.34455,53.793,2,"[2, 3]",6,21:29,-1,E07000120,3,2,1,1,2,"[12, 19]","[6, 2]","[2, 6]",0,0,0,1,0,0,0,0,0,5,24
2024041448016,2024,041448016,377431,434414,-2.34418,53.80553,3,3,7,07:32,-1,E07000124,3,0,8,0,2,"[19, 7]","[6, 1]","[7, 3]",0,"[1, 3]","[11, 0]",1,0,0,0,0,0,5,25
2024041448116,2024,041448116,378140,418526,-2.33229,53.66276,3,3,7,16:25,-1,E07000125,4,0,1,0,2,19,"[2, 1]","[1, 3]",0,"[1, 0]",0,1,0,0,0,0,0,5,25
2024041448195,2024,041448195,384247,433301,-2.24063,53.79578,3,3,7,18:10,-1,E07000117,3,0,1,0,2,"[19, 4]",3,7,0,0,0,1,0,0,0,0,0,5,25
2024041448304,2024,041448304,390569,446584,-2.14507,53.91532,3,3,7,11:10,-1,E07000122,6,0,1,0,2,19,7,3,0,0,0,1,0,0,0,0,1,5,25
2024041448357,2024,041448357,352629,412736,-2.71744,53.60903,3,3,1,09:05,-1,E07000127,6,0,1,1,2,19,1,5,0,0,0,1,0,0,0,0,0,5,26
2024041448414,2024,041448414,353264,430710,-2.71056,53.77062,3,3,7,17:08,-1,E07000123,6,0,1,0,1,19,"[-1, 3]","[-1, 7]",0,0,0,1,0,0,0,0,0,5,25
2024041448444,2024,041448444,332150,439064,-3.0327,53.84337,3,3,1,07:20,-1,E06000009,3,0,1,0,1,19,1,5,7,1,1,1,0,0,0,0,0,5,26
2024041448466,2024,041448466,352913,424387,-2.71492,53.71376,3,3,1,16:00,-1,E07000126,3,0,1,1,2,"[13, 9]",5,"[1, 3]",0,"[1, 0]",0,1,0,0,0,0,0,5,26
2024041448470,2024,041448470,353173,415591,-2.70965,53.63473,3,3,1,16:34,-1,E07000118,6,0,2,1,2,"[2, 19]","[0, 4]","[0, 8]",0,0,0,1,0,0,0,0,0,5,26
2024041448496,2024,041448496,381620,436914,-2.28072,53.82816,3,3,4,21:41,-1,E07000122,3,2,1,2,2,"[19, 7]","[6, 5]",2,0,"[0, 3]",0,1,0,0,0,0,0,5,15
2024041448524,2024,041448524,355579,427539,-2.67498,53.74233,3,3,1,20:41,-1,E07000126,6,0,2,1,1,"[2, 19, 4]","[0, 7, 5]","[0, 3, 8]",0,0,0,1,1,0,0,0,0,5,26
2024041448532,2024,041448532,371506,428892,-2.43363,53.7556,3,3,6,16:47,-1,E07000120,1,0,2,1,2,19,7,3,0,1,7,1,0,0,0,0,0,5,24
2024041448686,2024,041448686,355144,430142,-2.68196,53.76568,3,3,1,14:10,-1,E07000123,4,0,5,1,1,19,"[2, 7]","[6, 3]",0,0,0,0,1,0,1,0,0,5,26
2024041448711,2024,041448711,352833,424079,-2.71608,53.71099,3,3,2,13:25,-1,E07000126,4,0,1,0,2,19,5,1,0,"[0, 1]",0,1,0,0,0,0,0,5,27
2024041448718,2024,041448718,388781,418691,-2.17126,53.66458,3,3,2,17:30,-1,E07000125,3,0,1,0,1,19,5,1,0,0,0,0,0,0,1,0,1,5,27
2024041448782,2024,041448782,353335,433043,-2.70984,53.7916,2,2,3,01:00,-1,E07000123,6,2,1,0,1,19,-1,-1,0,0,0,1,0,0,0,0,1,5,28
2024041448916,2024,041448916,330865,434428,-3.05118,53.80154,3,3,2,08:40,-1,E06000009,4,0,2,1,1,19,1,5,0,0,0,0,0,1,0,0,0,5,27
2024041449044,2024,041449044,382875,428629,-2.26119,53.75374,3,3,3,13:33,-1,E07000117,3,0,2,1,2,"[9, 13]",1,5,0,0,0,1,0,0,0,0,0,5,28
2024041449048,2024,041449048,351965,405381,-2.72634,53.54286,2,2,3,14:15,-1,E07000127,3,0,1,0,1,19,5,1,0,1,11,1,0,0,0,0,0,5,28
2024041449079,2024,041449079,384135,432473,-2.24228,53.78833,3,3,7,17:05,-1,E07000117,6,0,1,0,1,"[19, 10]",8,6,0,0,0,1,0,0,0,0,0,5,25
2024041449101,2024,041449101,369032,444243,-2.47271,53.89343,2,2,3,17:04,-1,E07000124,6,0,2,1,2,4,3,7,0,0,0,1,0,0,0,0,0,5,28
2024041449132,2024,041449132,392905,443184,-2.10942,53.88479,2,2,3,18:26,-1,E07000122,6,0,1,0,2,19,3,7,0,2,11,1,0,0,0,0,0,5,28
2024041449147,2024,041449147,359012,430129,-2.62328,53.76589,3,3,3,20:43,-1,E07000126,3,2,5,1,2,19,7,3,0,1,11,1,0,0,0,0,0,5,28
2024041449412,2024,041449412,383705,432641,-2.24882,53.78983,3,3,4,11:50,-1,E07000117,3,0,1,0,1,19,1,5,0,0,0,1,0,0,0,0,1,5,29
2024041449497,2024,041449497,388726,439980,-2.17288,53.85592,3,3,1,18:28,-1,E07000122,6,0,1,0,1,19,7,3,0,0,0,1,0,0,0,0,1,5,26
2024041449499,2024,041449499,385827,428276,-2.21641,53.75066,2,2,3,08:25,-1,E07000117,3,0,1,1,2,"[5, 14, 2, 4]","[5, 1]","[1, 5]",0,0,0,1,0,1,0,1,0,5,28
2024041449529,2024,041449529,377103,431247,-2.34893,53.77705,2,"[3, 2]",2,09:43,-1,E07000120,1,0,2,1,2,19,7,3,0,0,0,1,0,0,0,0,0,5,27
2024041449539,2024,041449539,333148,446797,-3.01922,53.91299,2,2,2,11:29,-1,E07000128,6,0,1,0,2,19,3,7,0,0,0,1,1,0,0,0,0,5,27
2024041449542,2024,041449542,333428,413571,-3.00778,53.61444,2,2,4,13:45,-1,E07000127,6,0,1,0,1,"[15, 4]","[1, 5]","[5, 1]",0,0,0,1,0,0,0,0,0,5,29
2024041449588,2024,041449588,386601,437134,-2.20506,53.83029,3,3,4,17:01,-1,E07000122,6,0,1,0,1,"[19, 9]","[1, 3]","[5, 1]",0,0,0,1,0,0,0,0,0,5,29
2024041449595,2024,041449595,370935,422205,-2.44166,53.69547,2,2,4,15:53,-1,E06000008,6,0,2,1,2,19,"[3, 5]","[7, 1]",0,0,0,1,0,0,0,0,0,5,29
2024041449614,2024,041449614,374580,435214,-2.38754,53.81258,2,2,4,16:15,-1,E07000124,6,0,1,1,2,"[9, 19]","[5, 8]","[1, 4]",0,0,0,1,0,0,0,0,0,5,29
2024041449616,2024,041449616,330687,433617,-3.0537,53.79423,3,3,2,17:15,-1,E06000009,6,0,1,0,1,19,"[3, 7]","[7, 3]",0,0,0,1,0,1,0,0,0,5,27
2024041449640,2024,041449640,332027,433275,-3.03329,53.79133,3,3,5,10:15,-1,E06000009,6,0,1,0,1,19,1,"[7, 5]",0,0,0,1,1,0,0,0,0,5,16
2024041449655,2024,041449655,330988,435582,-3.04957,53.81192,2,2,3,16:25,-1,E06000009,3,0,2,1,1,"[19, 9]","[1, 5]","[5, 1]",0,"[0, 7]",0,1,0,1,0,0,0,5,28
2024041449878,2024,041449878,384676,421787,-2.23354,53.6923,3,3,5,09:50,-1,E07000125,3,0,1,1,1,"[2, 19]","[0, 7, 3]","[0, 3, 7]",0,0,0,1,0,0,0,0,0,5,30
2024041449881,2024,041449881,375320,430231,-2.3759,53.76783,3,3,2,19:20,-1,E07000120,3,0,1,0,1,19,"[7, 3]","[3, 7]",0,"[0, 1]",0,1,0,0,0,0,0,5,27
2024041449959,2024,041449959,331638,440294,-3.04075,53.85435,2,2,5,12:31,-1,E06000009,3,0,1,0,1,19,1,5,0,0,0,1,0,0,0,0,1,5,30
2024041449981,2024,041449981,358896,424811,-2.62433,53.71808,3,3,4,14:03,-1,E07000118,1,0,1,0,2,"[3, 19]",3,7,0,0,0,1,0,0,1,0,0,5,29
2024041450004,2024,041450004,354753,429886,-2.68785,53.76335,3,3,5,14:51,-1,E07000123,4,0,1,0,1,"[19, 9]",2,6,0,0,0,1,0,0,0,0,0,5,30
2024041450040,2024,041450040,331158,435130,-3.04689,53.80789,2,2,5,17:05,-1,E06000009,6,0,1,0,1,"[4, 9]","[7, 3]","[3, 7]",0,0,0,1,0,1,0,0,0,5,30
2024041450077,2024,041450077,379553,419466,-2.31097,53.67126,2,"[3, 2]",5,02:13,-1,E07000125,3,2,1,0,2,19,5,1,0,0,0,1,0,0,0,0,0,5,30
2024041450380,2024,041450380,357679,431207,-2.64365,53.77547,3,3,6,14:43,-1,E07000123,1,0,1,0,2,"[19, -1]","[1, -1]","[5, -1]","[0, -1]","[0, -1]",0,1,0,0,0,0,0,5,31
2024041450390,2024,041450390,331371,435771,-3.0438,53.81367,3,3,6,14:40,-1,E06000009,4,0,1,0,1,7,1,5,0,0,0,1,0,0,0,0,1,5,31
2024041450426,2024,041450426,356164,424360,-2.66566,53.7138,3,3,6,16:15,-1,E07000126,1,0,1,0,2,19,5,1,0,0,0,1,0,0,0,0,0,5,31
2024041450506,2024,041450506,330593,435322,-3.05551,53.80954,3,3,7,02:09,-1,E06000009,3,2,1,0,1,"[6, 19]",1,"[5, 1]",0,0,0,1,0,0,0,0,0,6,1
2024041450535,2024,041450535,333913,437176,-3.0055,53.82663,3,3,6,12:50,-1,E07000119,6,0,1,0,1,19,5,1,0,0,0,1,0,0,0,0,0,5,31
2024041450630,2024,041450630,341519,408378,-2.88452,53.56873,3,3,6,20:30,-1,E07000127,3,0,1,0,1,19,"[3, 1]","[7, 5]",0,0,0,1,0,1,0,0,0,5,31
2024041450637,2024,041450637,344207,411831,-2.84455,53.60006,3,3,7,11:07,-1,E07000127,3,0,1,0,2,"[19, 9]","[1, 5]","[5, 1]",0,0,0,1,0,0,0,0,0,6,1
2024041450645,2024,041450645,379118,421932,-2.31772,53.69341,3,3,7,08:30,-1,E07000125,3,0,1,0,1,19,1,5,0,0,0,1,0,0,0,0,1,6,1
2024041450646,2024,041450646,331577,439324,-3.04146,53.84563,2,2,7,10:34,-1,E06000009,4,0,1,0,1,"[9, 19]","[3, 1]","[1, 5]",0,0,0,1,0,1,0,0,0,6,1
2024041450673,2024,041450673,355384,417335,-2.67647,53.6506,2,2,5,13:42,-1,E07000118,3,0,1,0,1,19,5,1,0,"[0, 1]","[0, 2]",1,0,0,0,0,0,5,30
2024041450674,2024,041450674,350793,445139,-2.75036,53.90007,3,3,3,16:50,-1,E07000128,1,0,1,0,2,19,1,5,0,0,0,1,0,0,0,0,0,5,28
2024041450694,2024,041450694,344945,407450,-2.83263,53.56077,3,3,7,15:28,-1,E07000127,4,0,1,0,2,"[12, 19]","[5, 1]","[1, 5]",0,0,0,1,0,0,0,0,0,6,1
2024041450715,2024,041450715,386825,424275,-2.2011,53.71472,3,3,7,19:43,-1,E07000125,3,0,1,0,2,"[9, 19]","[3, 1]","[7, 5]",0,0,0,1,0,0,0,0,0,6,1
2024041450737,2024,041450737,333697,430624,-3.00737,53.76772,3,3,7,20:40,-1,E07000119,6,0,1,0,2,19,6,2,0,1,9,0,0,0,0,1,0,6,1