collision_index,collision_year,collision_ref_no,location_easting_osgr,location_northing_osgr,longitude,latitude,casualty_severity,casualty_severity,day_of_week,time,local_authority_district,local_authority_ons_district,first_road_class,light_conditions,weather_conditions,road_surface_conditions,urban_or_rural_area,vehicle_manoeuvre,vehicle_direction_from,vehicle_direction_to,hit_object_in_carriageway,vehicle_leaving_carriageway,hit_object_off_carriageway,is_car,is_cyle,is_mcyle,is_goodsv,is_other,is_pedestrian,month,day
2024041450764,2024,041450764,354934,431488,-2.68534,53.77776,3,3,7,18:32,-1,E07000123,4,0,1,0,1,"[19, 4]",3,7,0,0,0,1,0,0,0,0,0,6,1
2024041450766,2024,041450766,332774,437096,-3.02278,53.82576,3,3,7,21:25,-1,E06000009,6,2,1,0,1,19,5,1,0,0,0,1,0,0,0,0,0,6,1
2024041450786,2024,041450786,353014,434073,-2.71487,53.80082,3,3,7,23:50,-1,E07000123,1,2,1,0,2,"[3, 19]",3,7,0,0,0,1,0,0,0,1,0,6,1
2024041450862,2024,041450862,392116,442135,-2.1214,53.87535,2,2,1,09:25,-1,E07000122,6,0,9,0,2,19,3,3,0,"[1, 2]","[0, 7]",1,0,0,0,0,0,6,2
2024041450880,2024,041450880,331122,433826,-3.04714,53.79616,3,3,1,12:15,-1,E06000009,6,0,1,0,1,19,5,1,0,0,0,1,0,0,0,0,0,6,2
2024041450920,2024,041450920,366937,428496,-2.50289,53.75177,2,"[2, 3]",7,14:02,-1,E06000008,6,0,1,0,1,19,3,5,0,1,11,1,0,0,0,0,1,6,1
2024041450951,2024,041450951,335549,406219,-2.9742,53.54863,2,2,6,15:20,-1,E07000127,4,0,1,0,2,"[19, 13]","[7, 3]","[3, 7]",0,"[0, 7]",0,1,0,1,0,0,0,5,31
2024041450961,2024,041450961,368465,431001,-2.47997,53.77438,2,2,7,21:59,-1,E06000008,3,0,1,0,1,7,2,4,7,7,10,1,0,0,0,0,0,6,1
2024041451014,2024,041451014,365731,429530,-2.52129,53.76099,3,3,1,16:30,-1,E06000008,3,0,1,0,2,"[6, 19]",8,"[8, 4]",0,0,0,1,0,0,0,0,0,6,2
2024041451036,2024,041451036,336501,439353,-2.96664,53.84652,2,2,7,19:08,-1,E07000128,3,0,1,0,2,"[19, 2]","[7, 0]","[3, 0]",0,"[0, 1]",0,1,0,0,0,0,0,6,1
2024041451052,2024,041451052,362650,414515,-2.56621,53.62583,2,"[2, 3]",1,19:30,-1,E07000118,6,0,1,0,2,19,"[1, 5]","[1, 5]",0,0,0,1,0,0,0,0,0,6,2
2024041451057,2024,041451057,350779,450630,-2.75146,53.94942,2,2,7,18:35,-1,E07000128,1,0,1,0,2,19,5,1,0,5,0,0,0,1,0,0,0,6,1
2024041451063,2024,041451063,352545,429694,-2.72131,53.76143,3,3,4,16:15,-1,E07000123,3,0,9,0,1,19,"[1, -1]","[5, -1]",0,0,0,1,0,0,0,0,0,5,22
2024041451133,2024,041451133,386766,421953,-2.2019,53.69385,2,"[3, 2]",2,06:45,-1,E07000125,3,0,1,0,1,"[2, 19]","[0, 7]","[0, 3]",0,"[1, 0]",0,1,0,0,0,0,1,6,3
2024041451144,2024,041451144,354376,431226,-2.69377,53.77536,3,3,1,14:15,-1,E07000123,3,0,1,0,1,"[3, 4, 19]",3,7,0,0,0,1,0,0,0,0,0,6,2
2024041451210,2024,041451210,345752,409340,-2.82078,53.57784,2,"[2, 3]",6,12:50,-1,E07000127,6,0,1,0,2,19,7,3,0,0,0,1,0,1,0,0,0,5,3
2024041451261,2024,041451261,330903,440139,-3.05189,53.85286,3,3,2,13:40,-1,E06000009,3,0,1,0,1,19,5,1,0,0,0,1,0,0,0,0,0,6,3
2024041451263,2024,041451263,333016,440857,-3.01993,53.85959,3,3,2,08:30,-1,E07000128,6,0,1,0,2,"[9, 19]","[3, 1]","[1, 5]",0,0,0,1,0,1,0,0,0,6,3
2024041451313,2024,041451313,356027,430483,-2.66861,53.76882,3,3,6,14:30,-1,E07000123,3,0,1,0,1,9,1,7,0,0,0,1,1,0,0,0,0,5,31
2024041451337,2024,041451337,354747,431090,-2.68812,53.77417,3,3,2,19:20,-1,E07000123,3,0,1,0,1,"[9, 19]","[1, 7]","[7, 3]",0,0,0,1,0,1,0,0,0,6,3
2024041451340,2024,041451340,384571,436426,-2.23587,53.82387,2,2,2,15:30,-1,E07000122,4,0,1,0,1,"[9, 19]","[5, 1]","[1, 5]",0,0,0,1,0,1,0,0,0,6,3
2024041451380,2024,041451380,369290,425300,-2.46688,53.72319,3,3,2,21:00,-1,E06000008,4,2,1,0,1,"[2, 19]","[0, 3]","[0, 7]",0,"[0, 7]",0,1,0,1,0,0,0,6,3
2024041451399,2024,041451399,378037,433427,-2.33491,53.79668,3,3,6,17:18,-1,E07000117,3,0,1,0,1,19,"[2, 6]","[6, 2]",0,0,0,1,0,0,0,0,0,5,17
2024041451433,2024,041451433,352004,427928,-2.72924,53.7455,3,3,3,11:00,-1,E07000126,6,0,1,0,1,"[9, 19]","[7, 5]","[3, 1]",0,0,0,1,1,0,0,0,0,5,14
2024041451789,2024,041451789,378603,421620,-2.32549,53.69059,3,3,3,20:00,-1,E07000125,6,0,1,0,1,19,5,1,0,0,0,1,0,0,0,0,0,6,4
2024041451801,2024,041451801,333491,434496,-3.01133,53.80249,2,2,4,01:09,-1,E06000009,3,2,1,0,1,"[9, 19]","[7, 3]","[5, 7]",0,"[7, 0]",0,1,0,0,0,0,0,6,5
2024041451820,2024,041451820,369255,422045,-2.46709,53.69394,3,3,4,05:35,-1,E06000008,3,0,1,1,1,"[19, 9]","[1, 3]","[5, 1]",0,0,0,1,0,0,0,0,0,6,5
2024041452182,2024,041452182,368013,450325,-2.48885,53.94803,2,2,4,13:10,-1,E07000124,6,0,1,0,2,19,"[3, 7]","[7, 3]",0,"[2, 0]",0,0,0,1,1,0,0,6,5
2024041452194,2024,041452194,350069,468184,-2.76517,54.1071,3,3,4,18:29,-1,E07000121,1,0,2,1,2,19,5,1,0,1,4,1,0,0,0,0,0,6,5
2024041452204,2024,041452204,367342,427496,-2.49664,53.74281,3,3,4,17:25,-1,E06000008,3,0,1,0,1,"[15, 10]",7,"[3, 5]","[4, 0]",0,0,1,0,0,0,0,0,6,5
2024041452205,2024,041452205,357703,416249,-2.64124,53.64103,3,3,4,18:30,-1,E07000118,4,0,1,0,1,19,"[7, -1]","[3, -1]",0,0,0,1,0,0,0,0,0,6,5
2024041452213,2024,041452213,355023,425113,-2.68306,53.72048,2,2,4,19:15,-1,E07000126,4,0,1,0,2,"[12, 5]",5,1,0,0,0,1,0,0,0,0,0,6,5
2024041452221,2024,041452221,331573,437986,-3.04122,53.83361,3,3,4,15:40,-1,E06000009,4,0,1,0,1,"[13, 19]",1,5,0,0,0,1,0,1,0,0,0,6,5
2024041452244,2024,041452244,331308,442916,-3.04636,53.87787,2,2,4,19:35,-1,E07000128,6,0,1,0,1,"[3, 7]","[3, 1]",7,"[0, 4]",0,0,1,1,0,0,0,0,6,5
2024041452246,2024,041452246,332688,432580,-3.0231,53.78517,2,"[3, 2]",4,19:35,-1,E06000009,4,0,1,0,1,"[19, 5]","[5, 7]","[1, 5]",0,0,0,1,0,0,0,0,0,6,5
2024041452248,2024,041452248,383746,423036,-2.24769,53.7035,3,3,4,18:30,-1,E07000125,6,0,1,0,1,7,1,7,0,0,0,1,0,0,0,0,1,6,5
2024041452343,2024,041452343,353520,434458,-2.70724,53.80433,2,"[2, 3]",7,19:50,-1,E07000123,1,0,1,0,2,19,5,7,0,0,0,1,0,1,0,0,0,6,1
2024041452368,2024,041452368,353642,422661,-2.70362,53.69832,3,3,4,18:00,-1,E07000126,4,0,1,0,1,19,3,7,0,"[1, 0]",0,1,0,0,0,0,0,5,29
2024041452423,2024,041452423,367921,427846,-2.4879,53.74599,2,2,4,23:00,-1,E06000008,6,2,1,0,1,19,"[3, -1]","[7, -1]",0,0,0,1,1,0,0,0,0,6,5
2024041452438,2024,041452438,373385,423422,-2.40466,53.70654,2,2,4,19:30,-1,E07000120,4,2,9,0,2,19,5,1,0,0,0,1,0,0,0,0,1,6,5
2024041452458,2024,041452458,379680,418613,-2.30899,53.6636,3,3,4,07:35,-1,E07000125,3,0,1,0,2,19,"[3, 2]","[7, 6]",0,0,0,1,1,0,0,0,0,6,5
2024041452595,2024,041452595,331529,442857,-3.04298,53.87737,2,2,4,10:40,-1,E07000128,6,0,1,0,1,1,7,3,0,0,0,1,0,0,0,0,1,6,5
2024041452633,2024,041452633,331983,434229,-3.03416,53.7999,2,2,5,13:05,-1,E06000009,6,0,4,0,1,19,"[7, 1]","[3, 5]",0,0,0,1,0,0,0,1,0,6,6
2024041452637,2024,041452637,340659,413621,-2.8985,53.61576,3,3,5,15:38,-1,E07000127,6,0,1,0,2,5,5,5,0,0,0,1,0,0,0,0,1,6,6
2024041452673,2024,041452673,352049,421955,-2.72763,53.69183,2,2,5,19:00,-1,E07000126,4,0,1,0,1,19,5,1,0,0,0,1,0,0,0,0,1,6,6
2024041452699,2024,041452699,350197,426955,-2.75648,53.73659,2,2,5,16:24,-1,E07000126,3,0,1,0,1,19,1,5,0,0,0,0,0,1,0,0,1,6,6
2024041453025,2024,041453025,373920,441603,-2.39811,53.86997,3,3,6,14:30,-1,E07000124,4,0,1,0,1,19,7,3,0,0,0,1,0,0,0,0,1,6,7
2024041453070,2024,041453070,367686,427639,-2.49144,53.74412,3,3,6,16:15,-1,E06000008,3,0,1,0,1,4,2,6,0,0,0,1,0,0,0,0,1,6,7
2024041453107,2024,041453107,353290,429148,-2.70993,53.75659,3,3,6,16:30,-1,E07000123,6,0,1,0,1,19,1,5,0,0,0,1,0,1,0,0,0,6,7
2024041453117,2024,041453117,358032,432955,-2.63853,53.79121,3,3,6,22:30,-1,E07000123,4,2,2,1,1,19,"[7, 1]","[7, 5]",0,"[0, 7]",0,1,0,0,0,0,0,6,7
2024041453126,2024,041453126,333099,436782,-3.01778,53.82298,2,"[2, 3]",6,18:50,-1,E06000009,3,0,2,1,1,19,"[1, 2]",5,0,0,0,1,0,0,0,0,0,6,7
2024041453190,2024,041453190,331309,438437,-3.04534,53.83762,3,3,7,08:20,-1,E06000009,6,0,1,0,1,"[19, 2]","[3, 7, 5]","[7, 3, 1]",0,0,0,1,0,0,0,0,0,6,8
2024041453211,2024,041453211,383987,422721,-2.24402,53.70067,3,3,7,10:04,-1,E07000125,6,0,1,1,1,"[9, 19]","[3, 5]","[7, 1]",0,0,0,1,1,0,0,0,0,6,8
2024041453228,2024,041453228,356997,424790,-2.6531,53.71774,2,"[2, 3]",6,07:24,-1,E07000126,3,0,1,1,2,"[9, 19]","[1, 7]","[5, 3]",0,"[0, 7]",0,1,0,0,0,0,0,6,7
2024041453237,2024,041453237,370305,427261,-2.45169,53.74088,3,3,5,14:00,-1,E06000008,4,0,1,0,1,"[19, 10]",6,2,0,0,0,1,0,0,0,0,0,6,6
2024041453272,2024,041453272,352839,429214,-2.71678,53.75714,3,3,7,11:40,-1,E07000123,6,0,1,0,1,"[9, 19]","[8, 4]","[4, 6]",0,0,0,1,0,0,0,0,0,6,8
2024041453284,2024,041453284,348030,462091,-2.7953,54.05214,3,3,7,13:57,-1,E07000121,3,0,4,0,1,19,7,1,0,1,1,1,0,0,0,0,0,6,8
2024041453297,2024,041453297,354826,429561,-2.68669,53.76043,2,2,4,14:00,-1,E07000123,3,0,1,0,1,19,5,1,0,0,0,1,0,0,0,0,1,6,5
2024041453300,2024,041453300,332177,437259,-3.03189,53.82715,3,3,7,12:20,-1,E06000009,6,0,1,0,1,19,1,5,0,0,0,1,0,0,0,0,1,6,8
2024041453314,2024,041453314,352554,429953,-2.72121,53.76375,2,2,3,18:00,-1,E07000123,6,0,1,0,1,19,"[6, 4]",2,0,0,0,1,1,0,0,0,0,6,4
2024041453319,2024,041453319,330874,435574,-3.0513,53.81184,3,3,5,18:40,-1,E06000009,6,0,1,0,1,19,"[5, 7]","[1, 3]",0,0,0,1,1,0,0,0,0,6,6
2024041453386,2024,041453386,388767,440375,-2.17227,53.85947,2,2,7,12:40,-1,E07000122,3,0,2,1,1,"[19, 13]",3,7,0,0,0,1,0,1,0,0,0,2,17
2024041453414,2024,041453414,356093,466267,-2.67276,54.09042,3,3,7,16:35,-1,E07000121,3,0,1,0,2,19,6,2,0,7,11,1,0,0,0,0,0,6,8
2024041453435,2024,041453435,384980,434088,-2.22954,53.80287,3,3,1,01:23,-1,E07000117,6,2,1,0,1,19,"[7, 1]","[3, 5]",0,0,0,1,0,0,0,0,0,6,9
2024041453557,2024,041453557,385157,430467,-2.22668,53.77033,2,2,1,12:00,-1,E07000117,3,0,2,1,2,"[19, 4]",4,3,0,0,0,0,0,1,0,0,0,6,9
2024041453602,2024,041453602,389584,440448,-2.15985,53.86015,2,"[2, 3]",1,17:04,-1,E07000122,3,0,1,0,1,"[5, 19, 2]","[7, 3]","[3, 7]",0,0,0,1,0,0,0,0,0,6,9
2024041453611,2024,041453611,356783,431063,-2.65722,53.7741,3,3,1,15:08,-1,E07000123,6,0,2,1,1,19,"[5, 7]","[1, 3]",0,0,0,1,1,0,0,0,0,6,9
2024041453619,2024,041453619,372573,430263,-2.41757,53.76798,2,2,1,15:36,-1,E07000120,3,0,2,1,2,7,1,3,0,7,11,1,0,0,0,0,1,6,9
2024041453622,2024,041453622,384701,449323,-2.23454,53.93979,2,"[3, 2]",2,17:57,-1,E07000124,3,0,1,0,2,"[19, 14]","[3, 7]","[7, 3]",0,"[1, 7]",0,1,0,0,0,0,0,4,1
2024041453631,2024,041453631,369730,422182,-2.45991,53.6952,3,3,6,15:30,-1,E06000008,6,0,1,0,1,19,-1,-1,0,0,0,1,0,0,0,0,1,6,7
2024041453677,2024,041453677,385737,437681,-2.21821,53.83519,3,3,1,23:43,-1,E07000122,3,2,8,1,1,"[19, 2]","[7, 3, -1]","[7, 3, -1]",0,0,0,1,0,0,0,0,0,6,9
2024041453687,2024,041453687,353535,430726,-2.70645,53.77079,3,3,7,20:00,-1,E07000123,6,0,1,0,1,"[19, 2]","[7, 0]","[3, 0]",0,"[7, 0]","[11, 0]",1,0,0,0,0,0,6,8
2024041453861,2024,041453861,352530,430872,-2.72172,53.77201,2,"[2, 3]",7,15:14,-1,E07000123,6,0,1,0,1,"[19, 7]","[3, 5]",7,0,0,0,1,0,0,0,0,0,6,8
2024041453926,2024,041453926,348469,455429,-2.78747,53.99232,3,3,2,12:00,-1,E07000121,6,0,1,0,2,1,0,3,0,0,0,1,0,0,0,0,1,6,10
2024041453939,2024,041453939,334763,432339,-2.99156,53.78327,2,2,1,07:31,-1,E07000119,4,0,1,0,2,19,1,4,9,0,0,1,0,0,0,0,0,6,2
2024041453967,2024,041453967,357883,423566,-2.63951,53.70681,2,2,4,15:04,-1,E07000118,3,0,1,0,1,"[5, 19]","[5, 3]","[1, 7]",0,0,0,1,1,0,0,0,0,6,5
2024041453997,2024,041453997,334499,433543,-2.99582,53.79406,3,3,2,14:51,-1,E07000119,3,0,1,0,1,"[19, 11]",3,7,0,0,0,1,0,0,0,0,0,6,10
2024041454055,2024,041454055,370304,427256,-2.45171,53.74083,3,3,2,16:30,-1,E06000008,4,0,1,0,1,"[19, 9]","[5, 7]","[1, 5]",0,0,0,1,0,0,0,0,0,6,10
2024041454088,2024,041454088,348000,460394,-2.79547,54.03689,3,3,2,15:34,-1,E07000121,3,0,1,0,1,"[19, 9]",1,"[5, 7]",0,0,0,1,1,0,0,0,0,6,10
2024041454090,2024,041454090,354386,429546,-2.69337,53.76026,3,3,6,14:36,-1,E07000123,6,0,9,0,1,19,"[1, 5]","[5, 1]",0,0,0,1,1,0,0,0,0,5,17
2024041454233,2024,041454233,352726,433690,-2.71918,53.79736,3,3,3,08:15,-1,E07000123,6,0,1,0,1,"[19, 2]","[7, 0]","[3, 0]","[4, 0]",0,0,1,0,0,0,0,0,6,11
2024041454234,2024,041454234,386231,439829,-2.2108,53.8545,3,3,3,09:25,-1,E07000122,3,0,1,0,1,7,5,6,0,3,11,0,0,0,1,0,0,6,11
2024041454265,2024,041454265,354140,422642,-2.69607,53.69819,3,3,3,08:27,-1,E07000126,4,0,1,0,1,"[9, 19]","[3, 7]","[7, 3]",0,"[0, 3]","[0, 11]",1,0,0,0,0,0,6,11
2024041454460,2024,041454460,343244,463016,-2.86857,54.05995,3,3,3,13:32,-1,E07000121,6,0,1,0,1,"[9, 19]",6,2,0,0,0,1,0,0,0,0,0,6,11
2024041454549,2024,041454549,357209,418442,-2.64901,53.6607,3,3,3,15:24,-1,E07000118,6,0,1,0,1,19,7,3,0,6,2,1,0,0,0,0,0,6,11
2024041454552,2024,041454552,358573,417772,-2.62828,53.65479,3,3,2,17:00,-1,E07000118,3,0,1,0,1,9,3,7,0,0,0,1,0,0,0,0,0,6,3
2024041454557,2024,041454557,385588,437505,-2.22047,53.8336,3,3,5,12:37,-1,E07000122,3,0,1,0,1,"[19, 3]",1,5,0,0,0,1,0,0,0,0,0,6,6
2024041454624,2024,041454624,387742,446869,-2.18812,53.91782,2,2,4,18:00,-1,E07000122,4,0,1,0,1,19,3,4,0,0,0,1,0,0,0,0,1,6,5
2024041454646,2024,041454646,377805,437688,-2.33874,53.83497,2,2,3,17:00,-1,E07000124,6,0,1,0,2,19,8,6,0,0,0,1,0,0,0,0,1,6,11
2024041454648,2024,041454648,370604,426238,-2.44706,53.7317,3,3,3,17:07,-1,E06000008,6,0,1,1,1,19,"[1, 7]","[5, 1]",0,7,0,1,0,0,0,0,0,6,4
2024041454928,2024,041454928,367335,426841,-2.49667,53.73692,3,3,2,08:35,-1,E06000008,4,0,1,1,1,9,7,5,0,0,0,1,0,0,0,0,1,6,10
2024041454932,2024,041454932,349523,472144,-2.77418,54.14264,3,3,4,13:20,-1,E07000121,6,0,1,0,2,5,1,5,0,0,0,1,0,0,0,0,0,6,12
2024041455034,2024,041455034,340135,407230,-2.90519,53.55826,2,2,4,14:20,-1,E07000127,6,0,2,1,1,19,"[1, 3]","[5, 7]",0,0,0,1,0,0,0,0,0,5,22
2024041455040,2024,041455040,335088,433819,-2.98694,53.79661,3,3,4,19:47,-1,E06000009,6,0,1,0,2,4,7,3,0,0,0,1,0,0,0,0,0,6,12
2024041455048,2024,041455048,331374,434710,-3.04352,53.80414,2,2,4,18:44,-1,E06000009,6,0,1,0,1,"[19, 7]","[3, 5]","[7, 1]",0,0,0,1,0,0,0,0,0,6,12
2024041455049,2024,041455049,357765,428833,-2.64202,53.75414,3,3,7,14:25,-1,E07000126,4,0,1,0,2,19,7,3,0,0,0,1,0,0,0,0,0,6,8
2024041455052,2024,041455052,335354,433037,-2.98274,53.78962,3,3,3,18:05,-1,E07000119,3,0,1,0,1,"[7, 19]",5,"[7, 1]",0,0,0,1,1,0,0,0,0,6,11
2024041455059,2024,041455059,367684,426964,-2.4914,53.73805,3,3,4,21:30,-1,E06000008,6,2,1,0,1,"[19, 7]","[3, 5]",7,0,0,0,1,0,0,0,0,0,6,12
2024041455067,2024,041455067,362639,414470,-2.56637,53.62542,3,3,3,17:52,-1,E07000118,6,0,8,0,2,19,5,5,0,0,0,1,0,0,0,0,0,6,11
2024041455072,2024,041455072,384813,452210,-2.23298,53.96574,2,2,2,15:34,-1,E07000124,3,0,1,0,2,19,"[1, 5]","[5, 1]",0,0,0,0,0,0,1,1,0,6,10
2024041455074,2024,041455074,379461,433860,-2.31332,53.80063,3,3,3,23:40,-1,E07000117,6,2,1,0,1,"[9, 19]",7,"[1, 3]",0,0,0,0,0,1,1,0,0,6,11
2024041455197,2024,041455197,332769,437272,-3.0229,53.82735,3,3,4,08:20,-1,E06000009,3,0,1,0,1,"[7, 19]",1,5,0,0,0,1,1,0,0,0,0,6,12
2024041455281,2024,041455281,357591,424162,-2.64401,53.71214,2,2,5,12:00,-1,E07000118,3,0,1,0,1,"[13, 6]","[1, 5]","[5, 1]",0,0,0,1,0,1,0,0,0,6,13
2024041455349,2024,041455349,374919,428065,-2.38181,53.74835,3,3,2,11:50,-1,E07000120,6,0,1,0,1,19,"[8, 1]","[4, 3]",0,0,0,1,0,0,0,0,0,6,10
2024041455473,2024,041455473,342820,430827,-2.86902,53.77063,3,3,5,18:11,-1,E07000119,6,0,2,1,1,"[19, 2]",5,1,0,"[0, 7]",0,1,0,0,0,0,0,6,13
2024041455626,2024,041455626,362161,424558,-2.57483,53.71605,3,3,6,06:49,-1,E07000118,1,0,1,1,2,19,3,7,0,"[1, 0]",0,1,0,0,0,0,0,6,14
2024041455639,2024,041455639,363574,424496,-2.55341,53.7156,3,3,6,07:00,-1,E07000118,1,0,1,1,2,19,3,7,0,"[0, 4]",0,1,0,0,0,0,0,6,14
2024041455703,2024,041455703,385836,437981,-2.21672,53.83788,2,2,6,10:20,-1,E07000122,6,0,2,1,1,19,7,3,0,0,0,1,0,0,0,0,1,6,14
2024041455839,2024,041455839,351823,419545,-2.73068,53.67015,3,3,6,14:25,-1,E07000118,6,0,1,0,2,"[19, 5]","[3, 1]","[7, 5]",0,0,0,1,0,0,0,1,0,6,14
2024041455853,2024,041455853,372785,430292,-2.41436,53.76826,2,2,6,15:45,-1,E07000120,3,0,1,0,2,19,1,2,0,0,0,1,0,0,0,0,1,6,14
2024041455884,2024,041455884,332742,447114,-3.02547,53.91579,2,2,6,16:38,-1,E07000128,6,0,8,0,1,"[2, 19]","[0, 8]","[0, 4]",0,0,0,1,0,0,0,1,0,6,14
2024041455943,2024,041455943,373992,439709,-2.39685,53.85295,1,1,6,14:46,-1,E07000124,3,0,1,0,2,19,1,5,0,0,0,1,0,0,0,0,1,6,14
2024041455950,2024,041455950,354700,433950,-2.68925,53.79987,3,3,6,20:15,-1,E07000123,1,0,1,0,1,19,1,5,0,0,0,1,0,0,0,0,0,6,14
2024041455953,2024,041455953,375371,427689,-2.37492,53.74499,2,2,3,17:30,-1,E07000120,6,0,1,0,1,"[7, 19]","[6, 4]",8,0,0,0,1,0,0,0,1,0,6,11
2024041455955,2024,041455955,368283,428480,-2.48247,53.75171,3,3,4,09:20,-1,E06000008,6,0,1,0,1,"[-1, 19]","[-1, 7]","[-1, 3]","[-1, 0]","[-1, 0]",0,1,0,0,0,0,0,5,22
2024041455956,2024,041455956,374873,428095,-2.38251,53.74861,3,3,4,13:12,-1,E07000120,6,0,2,1,1,19,"[4, 2]","[8, 6]",0,0,0,1,0,0,0,0,0,5,22
2024041455983,2024,041455983,331726,436647,-3.0386,53.82159,3,3,6,23:00,-1,E06000009,4,2,1,0,1,"[19, 2]","[5, 0, 1]","[1, 0, 5]",0,"[7, 0]",0,1,0,0,0,0,0,6,14
2024041456004,2024,041456004,384962,445996,-2.2304,53.9099,2,2,5,16:46,-1,E07000122,6,0,2,1,2,19,"[8, 4]","[4, 8]",0,0,0,1,0,0,0,0,0,6,13
2024041456048,2024,041456048,331235,435233,-3.04574,53.80882,2,2,6,15:35,-1,E06000009,3,0,1,0,1,"[4, 19]",5,"[1, 5]","[0, 4]",0,0,1,0,1,0,0,0,6,14
2024041456102,2024,041456102,352119,473838,-2.73472,54.15811,2,2,7,12:30,-1,E07000121,3,0,5,1,2,19,2,6,0,2,0,0,0,1,0,0,0,6,15
2024041456144,2024,041456144,354643,431127,-2.6897,53.77449,2,"[3, 2]",7,12:09,-1,E07000123,3,0,2,1,1,"[2, 19, 9]","[0, 3, 5]","[0, 7, 6]",0,"[0, 1]","[0, 10]",1,0,0,0,0,0,6,15
2024041456180,2024,041456180,382808,448797,-2.26335,53.935,2,2,4,13:20,-1,E07000124,3,0,1,0,2,"[9, 19]","[5, 3]","[3, 7]",0,0,0,1,0,1,0,0,0,6,12
2024041456190,2024,041456190,375525,442325,-2.37376,53.87654,2,2,4,14:47,-1,E07000124,6,0,1,0,2,19,3,5,0,7,2,1,0,0,0,0,1,5,15
2024041456250,2024,041456250,341325,408527,-2.88748,53.57005,2,2,7,16:57,-1,E07000127,6,0,1,0,1,"[5, 19]","[7, 1]","[3, 5]",0,0,0,1,0,0,0,0,0,6,15
2024041456384,2024,041456384,369164,427632,-2.46903,53.74415,3,3,5,09:15,-1,E06000008,6,0,1,0,1,"[13, 9]","[7, 1]","[3, 5]",0,0,0,1,0,0,0,0,0,6,6
2024041456405,2024,041456405,354667,431287,-2.68936,53.77593,2,2,1,12:58,-1,E07000123,4,0,1,0,1,"[19, 5]","[3, 7]","[7, 5]",0,0,0,1,0,0,0,0,0,6,16
2024041456458,2024,041456458,382465,432596,-2.26764,53.78938,3,3,7,14:20,-1,E07000117,1,0,1,1,1,7,3,7,0,7,7,0,0,0,0,1,0,6,15
2024041456475,2024,041456475,358351,417314,-2.63158,53.65066,3,3,1,20:00,-1,E07000118,6,2,1,0,1,19,1,5,0,"[0, 1]",0,1,1,0,0,0,0,6,2
2024041456492,2024,041456492,347178,423001,-2.80157,53.70076,3,3,1,18:05,-1,E07000126,6,0,1,0,1,"[5, 19]","[3, 1]","[7, 5]",0,0,0,1,0,0,0,0,0,6,16
2024041456521,2024,041456521,375895,428929,-2.36707,53.75616,3,3,7,17:00,-1,E07000120,6,0,1,0,1,19,4,8,0,0,0,1,0,0,0,0,1,6,1
2024041456617,2024,041456617,373204,432256,-2.40818,53.78593,3,3,7,12:15,-1,E07000120,4,0,1,0,1,"[12, 19]","[3, -1]","[7, -1]",0,0,0,1,0,0,0,0,0,6,15
2024041456820,2024,041456820,353334,431259,-2.70958,53.77556,2,2,2,10:20,-1,E07000123,6,0,1,0,1,19,"[5, 3]","[1, 7]",0,0,0,1,0,0,0,0,0,6,17
2024041456852,2024,041456852,366232,425720,-2.51327,53.72678,2,2,2,16:35,-1,E06000008,3,0,1,0,1,19,3,7,0,1,11,1,0,0,0,0,0,6,17
2024041456862,2024,041456862,365974,437810,-2.51852,53.83542,3,3,2,16:13,-1,E07000124,4,0,1,0,2,"[19, 9]","[7, 1]","[3, 7]",0,0,0,1,0,0,0,0,0,6,17
2024041456895,2024,041456895,383731,430901,-2.24833,53.77419,2,2,2,19:55,-1,E07000117,3,0,1,0,1,"[19, 5]","[7, 2]","[3, 6]",0,0,0,1,0,1,0,0,0,6,17
2024041456899,2024,041456899,384387,432534,-2.23846,53.78889,3,3,7,13:00,-1,E07000117,3,0,2,1,1,"[5, 19]",5,1,0,0,0,1,0,0,0,0,0,6,15
2024041457134,2024,041457134,389616,440598,-2.15937,53.8615,2,2,7,11:30,-1,E07000122,6,0,1,0,1,"[9, 19]","[3, 1]","[1, 5]",0,0,0,1,0,0,0,1,0,6,15
2024041457144,2024,041457144,385745,437858,-2.2181,53.83678,3,3,1,18:00,-1,E07000122,4,0,1,0,1,19,"[-1, 7]","[-1, 3]",0,0,0,1,0,0,0,0,0,6,16
2024041457203,2024,041457203,339443,406169,-2.91543,53.54865,3,3,1,20:00,-1,E07000127,6,2,1,0,2,19,-1,-1,0,0,0,1,1,0,0,0,0,6,16
2024041457300,2024,041457300,383832,432183,-2.24687,53.78571,3,3,3,15:10,-1,E07000117,3,0,9,0,1,"[4, 3]",1,5,0,0,0,1,0,0,0,0,0,6,18
2024041457302,2024,041457302,359162,417451,-2.61933,53.65195,3,3,3,18:00,-1,E07000118,4,0,1,0,1,"[14, 2]","[3, 0]","[7, 0]","[4, 0]",0,0,1,0,0,0,0,0,6,18
2024041457364,2024,041457364,333069,437526,-3.0184,53.82967,3,3,2,21:25,-1,E06000009,6,2,1,0,1,"[1, 19]","[1, 7]","[5, 3]",0,0,0,1,1,0,0,0,0,6,17
2024041457375,2024,041457375,331962,428728,-3.03327,53.75046,2,2,2,17:59,-1,E07000119,6,0,1,0,1,14,7,3,0,0,0,0,0,1,0,0,0,6,17
2024041457437,2024,041457437,357518,423611,-2.64504,53.70719,3,3,6,15:36,-1,E07000118,6,0,1,0,1,19,5,1,0,0,0,1,0,0,0,0,1,5,31