collision_index,collision_year,collision_ref_no,location_easting_osgr,location_northing_osgr,longitude,latitude,casualty_severity,casualty_severity,day_of_week,time,local_authority_district,local_authority_ons_district,first_road_class,light_conditions,weather_conditions,road_surface_conditions,urban_or_rural_area,vehicle_manoeuvre,vehicle_direction_from,vehicle_direction_to,hit_object_in_carriageway,vehicle_leaving_carriageway,hit_object_off_carriageway,is_car,is_cyle,is_mcyle,is_goodsv,is_other,is_pedestrian,month,day
2024041457505,2024,041457505,388086,446632,-2.18287,53.91569,3,3,4,08:44,-1,E07000122,6,0,1,0,1,19,5,1,0,0,0,1,0,0,0,0,1,6,19
2024041457507,2024,041457507,350359,447392,-2.75733,53.92028,2,"[3, 2]",2,07:16,-1,E07000128,1,0,1,0,2,19,5,1,0,0,0,1,0,0,0,0,0,6,10
2024041457579,2024,041457579,351167,422209,-2.74103,53.69403,3,3,4,16:30,-1,E07000126,6,0,1,0,1,"[19, 9]","[5, 7, 1]","[1, 5]",0,0,0,1,1,0,1,0,0,6,12
2024041457637,2024,041457637,332026,441574,-3.03514,53.86591,2,2,4,14:33,-1,E06000009,4,0,1,0,1,19,1,5,0,0,0,1,0,0,0,0,0,6,19
2024041457645,2024,041457645,378452,424128,-2.32796,53.71312,2,2,3,14:40,-1,E07000125,2,0,1,0,2,"[2, 19]","[0, 5]","[0, 1]",0,0,0,1,0,0,1,0,0,6,18
2024041457668,2024,041457668,331775,441984,-3.03905,53.86956,3,3,4,14:50,-1,E06000009,6,0,1,0,1,19,"[1, 3]","[5, 7]",0,0,0,1,0,0,0,0,0,6,19
2024041457670,2024,041457670,354959,429622,-2.68469,53.76099,3,3,4,15:30,-1,E07000123,3,0,1,0,1,19,7,3,0,0,0,1,0,0,0,0,0,6,19
2024041457690,2024,041457690,353658,430410,-2.70454,53.76796,3,3,4,17:10,-1,E07000123,3,0,1,0,1,19,5,1,0,0,0,1,0,1,0,0,0,6,19
2024041457695,2024,041457695,345259,463692,-2.83791,54.06624,3,3,1,07:44,-1,E07000121,3,0,1,0,1,19,7,3,0,0,0,1,1,0,0,0,0,6,16
2024041457788,2024,041457788,330706,436239,-3.054,53.81779,2,2,4,17:50,-1,E06000009,6,0,1,0,1,19,5,1,0,1,0,0,0,0,0,0,1,6,19
2024041457900,2024,041457900,336909,439413,-2.96045,53.84711,3,3,5,09:46,-1,E07000119,3,0,1,0,2,19,"[3, -1]","[7, -1]",0,0,0,1,0,0,0,0,0,6,20
2024041458000,2024,041458000,367940,428417,-2.48767,53.75113,3,3,3,18:13,-1,E06000008,3,2,5,1,1,19,-1,-1,0,0,0,1,0,0,0,0,1,1,23
2024041458039,2024,041458039,370047,426348,-2.45551,53.73266,3,3,4,14:32,-1,E06000008,4,0,1,0,1,19,3,7,0,0,0,1,0,0,0,0,1,6,19
2024041458068,2024,041458068,345582,463688,-2.83298,54.06624,3,3,5,13:40,-1,E07000121,4,0,8,0,1,"[5, 3]",7,2,0,0,0,1,0,0,0,0,0,6,20
2024041458126,2024,041458126,370933,428986,-2.44233,53.75642,3,3,5,19:08,-1,E07000120,3,0,1,0,2,19,3,3,0,0,0,1,0,1,0,0,0,6,20
2024041458183,2024,041458183,333241,434903,-3.01521,53.80612,2,2,5,20:40,-1,E06000009,6,0,1,0,1,"[2, 19]",1,"[5, 1]",0,0,0,1,0,0,0,1,0,6,20
2024041458293,2024,041458293,337652,439482,-2.94917,53.84782,3,3,5,14:12,-1,E07000119,3,0,1,0,1,"[19, 12]",5,1,0,0,0,1,0,1,0,0,0,6,20
2024041458566,2024,041458566,342867,463197,-2.87436,54.06154,3,3,6,17:45,-1,E07000121,6,2,1,0,1,"[19, 4]","[2, 4, 6]","[6, 8, 2]",0,0,0,1,0,0,0,0,0,6,21
2024041458572,2024,041458572,360061,412878,-2.60514,53.61092,3,3,6,21:39,-1,E07000118,3,2,1,0,1,"[4, 19]",1,5,0,0,0,1,1,0,0,0,0,6,21
2024041458581,2024,041458581,356371,424645,-2.66257,53.71638,3,3,5,16:10,-1,E07000126,1,0,1,0,2,19,"[5, 3]","[1, 7]",0,0,0,1,0,0,0,0,0,6,20
2024041458597,2024,041458597,364742,431708,-2.53654,53.7805,3,3,6,16:20,-1,E07000124,3,0,1,0,2,"[19, 9]",3,7,0,0,0,1,0,0,0,0,0,6,21
2024041458651,2024,041458651,356324,431265,-2.66422,53.77588,3,3,6,19:04,-1,E07000123,6,0,1,0,1,19,"[-1, 1]","[-1, 1]",0,0,0,1,1,0,0,0,0,6,14
2024041458655,2024,041458655,355024,424723,-2.68299,53.71697,3,3,7,08:25,-1,E07000126,3,0,1,1,2,19,5,1,0,0,0,1,0,0,0,0,0,6,22
2024041458855,2024,041458855,386585,439083,-2.20539,53.84781,3,3,1,19:22,-1,E07000122,6,0,1,0,1,"[19, 5]",5,1,0,0,0,1,0,0,0,0,0,6,16
2024041458870,2024,041458870,343393,464101,-2.8665,54.06972,3,3,4,08:20,-1,E07000121,4,0,1,0,1,19,"[7, 5]","[3, 1]",0,0,0,1,1,0,0,0,0,6,19
2024041458874,2024,041458874,355848,430633,-2.67135,53.77016,3,3,7,13:30,-1,E07000123,4,0,1,0,1,19,"[1, 3]","[5, 7]",0,0,0,1,0,0,0,0,0,6,22
2024041458877,2024,041458877,354890,429417,-2.6857,53.75915,3,3,5,19:37,-1,E07000123,3,0,1,0,1,19,"[-1, 7]","[-1, 3]",0,0,0,1,0,0,0,0,0,6,20
2024041458910,2024,041458910,352048,405680,-2.72513,53.54556,3,3,7,23:49,-1,E07000127,3,2,1,0,1,"[2, 19]","[1, 5]",1,4,0,0,1,0,0,0,0,0,6,22
2024041458917,2024,041458917,375410,428401,-2.37439,53.75139,2,2,7,16:00,-1,E07000120,6,0,1,0,1,19,"[3, 5]","[7, 1]",0,"[1, 0]",0,1,1,0,0,0,0,6,22
2024041458919,2024,041458919,358489,425150,-2.63054,53.7211,2,2,5,16:11,-1,E07000126,1,0,1,0,2,19,5,1,0,0,0,1,0,0,0,0,0,6,20
2024041458922,2024,041458922,357320,426788,-2.64848,53.73572,2,"[3, 2]",2,10:57,-1,E07000126,1,0,1,0,2,19,5,1,0,0,0,1,0,0,1,0,0,6,17
2024041458927,2024,041458927,379642,433921,-2.31058,53.80119,2,2,6,14:21,-1,E07000117,6,0,1,0,1,19,"[1, 6]","[5, 2]",0,"[7, 0]","[11, 0]",1,0,0,0,0,0,6,21
2024041458962,2024,041458962,355326,429786,-2.67914,53.7625,3,3,7,12:40,-1,E07000123,3,0,1,0,1,19,7,3,0,0,0,1,0,1,0,0,0,6,22
2024041458992,2024,041458992,333006,441092,-3.02013,53.8617,2,"[3, 2]",7,16:35,-1,E07000128,6,0,1,0,2,15,7,3,0,7,0,1,0,0,0,0,0,6,22
2024041459005,2024,041459005,350271,464825,-2.76153,54.07694,3,3,6,08:05,-1,E07000121,6,0,1,0,2,19,1,5,0,0,0,0,0,0,1,0,1,6,14
2024041459024,2024,041459024,360593,419837,-2.59798,53.67351,3,3,4,15:30,-1,E07000118,6,0,1,0,2,19,"[7, 5]","[3, 1]",0,0,0,1,1,0,0,0,0,6,19
2024041459047,2024,041459047,357553,427668,-2.64507,53.74365,2,2,7,17:30,-1,E07000126,3,0,1,0,1,19,"[8, 4]","[4, 8]",0,"[1, 0]","[10, 0]",1,0,0,0,0,0,6,22
2024041459166,2024,041459166,354699,439996,-2.69016,53.85421,3,3,7,18:15,-1,E07000123,6,0,8,0,2,"[5, 19]","[5, 2]","[1, 6]",0,7,"[10, 0]",1,0,0,0,0,0,6,22
2024041459214,2024,041459214,332141,439073,-3.03284,53.84345,1,1,6,11:49,-1,E06000009,3,0,1,0,1,"[2, 1]","[0, 7]","[0, 3]",0,0,0,1,0,0,1,0,1,6,21
2024041459229,2024,041459229,358666,424773,-2.62781,53.71772,2,2,1,17:10,-1,E07000118,1,0,1,0,2,4,3,7,0,0,0,1,0,0,0,0,0,6,23
2024041459308,2024,041459308,387013,425431,-2.1983,53.72512,3,3,3,10:28,-1,E07000125,3,0,1,0,2,"[4, 19]","[1, -1]","[5, -1]",0,0,0,1,0,0,0,1,0,6,4
2024041459322,2024,041459322,374204,441240,-2.39376,53.86673,3,3,6,17:34,-1,E07000124,3,0,1,0,1,"[4, 19]",5,1,0,0,0,1,0,0,0,0,0,5,24
2024041459450,2024,041459450,335977,432763,-2.97323,53.78723,2,2,2,09:54,-1,E07000119,3,0,1,0,1,19,3,7,0,1,10,0,0,1,0,0,0,6,24
2024041459477,2024,041459477,357279,427845,-2.64925,53.74522,2,2,1,11:50,-1,E07000126,1,0,1,0,2,19,5,1,0,0,0,1,0,1,0,0,0,6,23
2024041459495,2024,041459495,330390,433003,-3.05807,53.78867,2,2,1,02:07,-1,E06000009,3,2,1,0,1,19,4,1,0,7,2,1,0,0,0,0,0,2,11
2024041459497,2024,041459497,347755,406936,-2.79013,53.55643,3,3,1,19:00,-1,E07000127,3,0,8,0,1,19,"[7, 1]","[3, 5]",0,0,0,1,0,0,0,0,0,6,23
2024041459533,2024,041459533,388754,419652,-2.17171,53.67322,2,2,2,15:50,-1,E07000125,3,0,1,0,1,"[19, 2]","[1, 0]","[5, 0]","[4, 0]",7,0,1,0,0,0,0,0,6,24
2024041459540,2024,041459540,355534,422411,-2.67493,53.69623,3,3,2,16:50,-1,E07000118,4,0,1,0,1,"[19, 9]","[5, 7]","[1, 5]",0,0,0,1,0,0,0,0,0,6,24
2024041459572,2024,041459572,332874,429499,-3.01961,53.75751,2,2,2,19:30,-1,E07000119,4,0,1,0,1,"[2, 4]","[0, 3]","[0, 7]","[0, 4]",0,0,1,0,1,0,0,0,6,24
2024041459611,2024,041459611,356010,433172,-2.66925,53.79299,2,"[3, 2]",1,18:25,-1,E07000123,1,0,1,0,2,"[19, 4]",1,5,0,"[0, 5]","[0, 6]",1,0,0,0,0,0,6,23
2024041459654,2024,041459654,359661,420686,-2.6122,53.68107,2,2,2,09:20,-1,E07000118,3,0,1,0,2,19,3,7,0,0,0,0,1,0,0,1,0,6,24
2024041459715,2024,041459715,359022,430137,-2.62313,53.76596,2,2,3,08:50,-1,E07000126,6,0,1,0,2,"[19, 5]","[7, 1]","[3, 5]",0,"[0, 7]",0,1,0,0,0,0,0,6,25
2024041459720,2024,041459720,331766,429833,-3.03648,53.76036,3,3,2,08:20,-1,E07000119,6,0,1,0,1,19,"[5, 1]","[1, 5]",0,0,0,1,0,0,0,0,0,6,24
2024041459967,2024,041459967,370263,427272,-2.45233,53.74097,3,3,5,08:15,-1,E06000008,6,0,1,0,1,19,-1,-1,0,0,0,1,0,0,0,0,1,6,13
2024041460050,2024,041460050,348112,425834,-2.7879,53.72631,2,2,1,09:50,-1,E07000126,6,0,1,0,1,"[19, -1]","[3, -1]","[7, -1]","[0, -1]","[0, -1]",0,1,0,0,0,1,0,6,23
2024041460080,2024,041460080,354395,415299,-2.69113,53.63222,3,3,3,13:50,-1,E07000118,1,0,1,0,2,19,5,1,0,0,0,1,0,0,0,1,0,6,25
2024041460106,2024,041460106,379496,421879,-2.31199,53.69295,2,2,3,15:55,-1,E07000125,4,0,1,0,1,"[19, 9]","[4, 8]","[8, 4]",0,0,0,1,0,0,0,0,0,6,25
2024041460217,2024,041460217,377792,424905,-2.33801,53.72008,2,2,4,16:40,-1,E07000125,4,0,1,0,2,"[13, 10]",8,2,0,"[1, 0]",0,1,0,0,0,0,0,6,12
2024041460576,2024,041460576,373333,436097,-2.40655,53.82046,2,2,3,16:23,-1,E07000124,6,0,1,0,2,"[9, 19]","[8, 2]","[4, 8]",0,0,0,1,1,0,0,0,0,6,25
2024041460619,2024,041460619,354227,433782,-2.69641,53.79832,2,2,4,17:55,-1,E07000123,4,0,1,0,2,19,"[5, 1]","[1, 5]",0,"[7, 0]",0,1,0,0,0,0,0,6,26
2024041460709,2024,041460709,330694,438396,-3.05467,53.83717,3,3,4,16:02,-1,E06000009,3,0,1,0,2,19,1,5,0,0,0,1,0,0,0,0,1,6,26
2024041460975,2024,041460975,380913,422849,-2.29059,53.70172,3,3,4,20:00,-1,E07000125,6,0,1,0,1,19,-1,-1,0,0,0,1,0,0,0,0,1,6,26
2024041460984,2024,041460984,348986,454050,-2.77935,53.97998,3,3,5,13:30,-1,E07000121,1,0,1,0,2,"[19, 12]",5,1,0,0,0,1,0,0,0,0,0,6,27
2024041461058,2024,041461058,370379,421498,-2.45002,53.68909,3,3,5,18:15,-1,E06000008,6,0,2,1,2,19,"[5, 7]","[7, 3]",0,0,0,1,0,0,0,0,0,6,27
2024041461082,2024,041461082,330684,435010,-3.05406,53.80674,2,2,5,17:35,-1,E06000009,6,2,1,0,1,1,-1,-1,0,0,0,1,0,0,0,0,1,6,27
2024041461089,2024,041461089,333714,434170,-3.00787,53.79959,3,3,5,19:40,-1,E06000009,6,0,1,0,1,"[19, 9]","[3, 5]","[7, 1]",0,0,0,1,0,0,0,0,0,6,27
2024041461148,2024,041461148,354411,433618,-2.69359,53.79686,3,3,5,22:45,-1,E07000123,6,2,1,0,1,"[2, 19]","[1, -1]","[5, -1]",0,0,0,1,0,0,0,0,0,6,27
2024041461300,2024,041461300,348056,466791,-2.79571,54.09438,2,"[2, 3]",6,09:00,-1,E07000121,3,0,1,0,2,"[2, 19]",1,5,"[0, 4]","[1, 0]",0,1,0,0,0,0,0,6,28
2024041461366,2024,041461366,343550,464546,-2.86418,54.07373,3,3,4,14:00,-1,E07000121,6,0,1,0,1,19,3,7,0,0,0,1,0,0,0,0,1,6,26
2024041461448,2024,041461448,346673,434393,-2.81119,53.80309,3,3,4,13:45,-1,E07000119,1,0,1,0,2,19,3,7,"[11, 0]",0,0,1,0,0,1,0,0,6,26
2024041461451,2024,041461451,359622,412975,-2.61179,53.61176,3,3,6,18:47,-1,E07000118,6,0,1,0,1,19,7,3,0,0,0,1,0,0,0,0,1,6,28
2024041461537,2024,041461537,374541,432994,-2.38795,53.79263,3,3,5,15:45,-1,E07000120,3,0,1,0,2,"[14, 7]",3,7,0,0,0,1,0,0,0,0,0,6,27
2024041461605,2024,041461605,341996,428873,-2.88115,53.75298,3,3,7,02:08,-1,E07000119,3,2,2,1,2,7,3,7,0,1,0,1,0,0,0,0,0,6,29
2024041461612,2024,041461612,368729,426205,-2.47548,53.73129,3,3,7,09:08,-1,E06000008,4,0,2,1,1,"[2, 19]","[0, 2, 6]","[0, 6, 2]",0,"[0, 1]",0,1,0,0,0,0,0,6,29
2024041461668,2024,041461668,384754,436135,-2.23307,53.82126,3,3,4,11:22,-1,E07000122,6,0,8,0,1,"[7, 2, 19]","[1, 0]","[1, 0]","[4, 0]",0,0,1,0,0,0,0,0,6,26
2024041461692,2024,041461692,354730,425416,-2.68754,53.72317,3,3,7,16:29,-1,E07000126,4,0,2,1,1,"[19, 9]",5,"[1, 7]",0,0,0,1,0,0,0,0,1,6,29
2024041461694,2024,041461694,333048,433599,-3.01786,53.79437,3,3,7,17:40,-1,E06000009,6,0,2,1,1,19,5,1,0,0,0,1,0,0,0,1,0,6,29
2024041461748,2024,041461748,354366,422358,-2.69261,53.69566,2,"[3, 2]",7,15:50,-1,E07000126,6,0,2,1,1,"[2, 19, 8, 9]","[5, 7, 3]","[5, 3, 1, 7]",0,"[0, 1]",0,1,0,0,0,0,0,6,29
2024041461773,2024,041461773,386129,440998,-2.21241,53.86501,3,3,7,16:29,-1,E07000122,3,0,2,1,2,19,1,1,0,0,0,1,0,0,0,0,1,6,29
2024041461789,2024,041461789,379684,433689,-2.30992,53.7991,3,3,5,14:50,-1,E07000117,3,0,1,0,1,"[15, 9]","[8, 6]","[4, 2]",0,"[0, 7]",0,0,0,1,0,0,0,6,27
2024041461828,2024,041461828,355749,423389,-2.67181,53.70504,2,2,5,08:07,-1,E07000118,3,0,1,0,2,"[4, 13]",1,5,0,"[1, 0]","[5, 0]",1,0,0,0,0,1,6,20
2024041461854,2024,041461854,349642,476921,-2.77316,54.18558,3,3,1,11:20,-1,E07000121,6,0,1,0,2,-1,7,3,0,7,4,1,0,0,0,0,0,6,30
2024041461918,2024,041461918,370796,427920,-2.44431,53.74683,3,3,1,14:19,-1,E06000008,4,0,1,0,1,19,"[3, 1]","[7, 5]",0,"[0, 3]",0,1,0,0,0,0,0,6,30
2024041462003,2024,041462003,344378,436065,-2.84633,53.81787,3,3,1,21:09,-1,E07000119,6,0,1,0,2,19,"[7, 3]","[3, 7]",0,"[7, 0]",0,1,0,0,0,0,0,6,30
2024041462075,2024,041462075,354935,429604,-2.68505,53.76083,3,3,2,07:57,-1,E07000123,3,0,1,0,1,"[11, 9]","[7, 5]",7,0,0,0,1,0,0,0,0,0,7,1
2024041462135,2024,041462135,351047,439787,-2.74564,53.85199,3,3,3,17:22,-1,E07000128,3,0,1,0,2,"[10, 19]","[1, 5]","[5, 1]",0,"[7, 0]",0,1,1,0,0,0,0,4,23
2024041462144,2024,041462144,347030,406407,-2.80098,53.55161,3,3,1,11:38,-1,E07000127,6,0,1,0,1,19,"[-1, 5]","[-1, 1]",0,0,0,1,1,0,0,0,0,6,30
2024041462211,2024,041462211,341335,408527,-2.88732,53.57005,3,3,2,10:37,-1,E07000127,6,0,2,1,1,19,"[3, 5]","[7, 1]",0,0,0,1,0,0,0,0,0,7,1
2024041462335,2024,041462335,357976,415908,-2.63706,53.63799,3,3,7,11:57,-1,E07000118,4,0,1,1,1,9,3,5,0,0,0,0,0,1,0,0,0,6,29
2024041462340,2024,041462340,331715,436754,-3.03879,53.82255,3,3,2,15:20,-1,E06000009,4,0,2,1,1,19,1,5,0,0,0,1,0,0,0,0,1,7,1
2024041462397,2024,041462397,355623,428308,-2.67443,53.74924,3,3,3,08:24,-1,E07000126,3,0,9,0,1,19,5,"[1, 2]",0,0,0,1,1,0,0,0,0,6,25
2024041462401,2024,041462401,346548,406366,-2.80825,53.55119,3,3,2,09:30,-1,E07000127,6,0,1,0,1,1,-1,-1,0,0,0,1,0,0,0,0,1,6,24
2024041462410,2024,041462410,359022,430141,-2.62313,53.76599,3,3,2,17:46,-1,E07000126,6,0,1,0,2,"[7, 8]","[7, 1]",3,0,0,0,1,0,0,0,0,0,7,1
2024041462419,2024,041462419,388614,438444,-2.17452,53.84211,2,2,1,16:32,-1,E07000122,6,0,2,1,2,19,1,5,0,1,9,0,1,0,0,0,0,6,30
2024041462427,2024,041462427,355345,430302,-2.67893,53.76714,3,3,2,15:35,-1,E07000123,4,0,2,1,1,8,1,7,0,0,0,1,0,0,0,0,1,7,1
2024041462438,2024,041462438,354566,429920,-2.69069,53.76364,3,3,4,13:50,-1,E07000123,3,0,1,0,1,9,"[7, 3]","[3, 1]",0,0,0,1,0,0,0,0,0,6,26
2024041462512,2024,041462512,367035,428136,-2.50136,53.74854,2,2,2,10:45,-1,E06000008,6,0,1,0,1,19,"[-1, 2]","[-1, 5]",0,0,0,1,0,0,0,0,0,7,1
2024041462543,2024,041462543,332223,446714,-3.03328,53.91212,2,2,1,17:20,-1,E07000128,6,0,1,0,1,19,-1,-1,0,0,0,1,0,0,0,0,1,6,30
2024041462603,2024,041462603,375268,430679,-2.37672,53.77186,3,3,2,20:15,-1,E07000120,1,2,1,0,2,19,7,3,0,0,0,1,0,0,0,0,0,4,22
2024041462647,2024,041462647,370228,428468,-2.45298,53.75172,3,3,7,21:46,-1,E06000008,6,2,1,1,1,19,4,8,0,1,1,1,0,0,0,0,0,6,29
2024041462722,2024,041462722,357915,432814,-2.64029,53.78993,3,3,3,12:50,-1,E07000123,4,0,1,0,1,19,1,5,0,7,4,1,0,0,0,0,0,7,2
2024041462736,2024,041462736,332889,429319,-3.01934,53.75589,3,3,3,14:15,-1,E07000119,6,0,1,0,1,"[2, 19]","[3, 7]","[7, 3]","[0, 4]","[1, 0]","[2, 0]",1,0,0,0,0,0,7,2
2024041462823,2024,041462823,340335,429265,-2.90641,53.75631,2,2,3,17:18,-1,E07000119,6,0,1,0,2,19,"[5, 3]","[5, 1]","[1, 0]",0,0,1,0,0,0,0,0,7,2
2024041462839,2024,041462839,354103,422055,-2.69654,53.69291,3,3,2,15:40,-1,E07000126,6,0,2,1,1,9,5,7,0,0,0,1,0,0,0,0,1,7,1
2024041462850,2024,041462850,344162,464149,-2.85476,54.07023,3,3,3,20:40,-1,E07000121,4,0,1,0,1,"[2, 19]","[0, 8]","[0, 4]","[0, 4]",0,0,1,0,0,0,0,0,7,2
2024041462991,2024,041462991,355543,428416,-2.67565,53.75021,3,3,3,05:45,-1,E07000126,3,0,1,0,1,19,5,7,0,0,0,0,0,1,0,0,1,7,2
2024041463110,2024,041463110,357178,415962,-2.64914,53.63841,3,3,4,18:35,-1,E07000118,4,0,8,0,2,"[7, 19]","[8, 6]","[4, 2]",0,0,0,1,1,0,0,0,0,6,26
2024041463146,2024,041463146,348084,462332,-2.79452,54.05432,2,2,3,21:30,-1,E07000121,3,0,1,0,1,"[19, 11]",1,5,0,0,0,1,0,1,0,0,0,7,2
2024041463161,2024,041463161,367800,450333,-2.4921,53.94809,3,3,1,17:46,-1,E07000124,6,0,1,0,2,"[1, 19]",5,1,0,0,0,1,0,1,0,0,0,6,30
2024041463186,2024,041463186,357640,428470,-2.64386,53.75087,3,3,6,15:30,-1,E07000126,1,0,1,0,2,19,5,1,0,0,0,1,0,0,0,0,0,6,28
2024041463209,2024,041463209,339405,410726,-2.91689,53.5896,3,3,2,17:08,-1,E07000127,3,0,8,1,2,19,"[8, 4]","[4, 6]",0,"[0, 7]",0,1,0,0,0,0,0,7,1
2024041463290,2024,041463290,379553,419370,-2.31096,53.6704,3,3,6,21:09,-1,E07000125,3,0,1,0,2,19,1,5,"[0, 11]","[5, 0]",0,1,0,0,0,0,0,5,31
2024041463302,2024,041463302,374015,437014,-2.39627,53.82873,2,2,4,11:00,-1,E07000124,6,0,1,0,2,19,7,3,0,0,0,1,0,0,0,0,1,6,12
2024041463478,2024,041463478,353890,429527,-2.70089,53.76005,3,3,3,13:00,-1,E07000123,6,0,8,0,1,19,2,8,0,0,0,0,1,0,0,0,1,7,2
2024041463500,2024,041463500,376224,428180,-2.36203,53.74944,3,3,4,15:45,-1,E07000120,6,0,2,1,1,"[19, 9]","[1, 4]","[6, 1]",0,0,0,1,0,0,0,0,0,7,3
2024041463563,2024,041463563,333243,430514,-3.01423,53.76668,2,2,2,14:24,-1,E07000119,6,0,1,0,1,"[2, 7]","[1, -1]","[5, -1]",0,0,0,1,0,0,1,0,0,7,1
2024041463610,2024,041463610,388805,440149,-2.17168,53.85744,1,1,5,11:11,-1,E07000122,6,0,1,0,1,9,8,4,0,0,0,1,0,0,0,0,1,7,4
2024041463671,2024,041463671,351258,429847,-2.74086,53.76268,2,2,5,19:30,-1,E07000123,3,0,1,0,1,19,"[3, 1]","[7, 5]",0,0,0,1,1,0,0,0,0,7,4
2024041463673,2024,041463673,359557,421116,-2.61383,53.68492,2,2,4,23:15,-1,E07000118,6,2,1,0,2,19,5,1,0,7,0,1,0,0,0,0,0,6,26
2024041463685,2024,041463685,332788,442474,-3.02375,53.8741,3,3,3,09:07,-1,E07000128,3,0,1,0,2,"[9, 19]","[7, 1]","[3, 5]",0,0,0,1,0,0,0,0,0,7,2
2024041463711,2024,041463711,372468,434678,-2.41956,53.80766,2,2,5,21:45,-1,E07000124,6,0,4,0,2,19,"[5, 1]","[1, 5]",0,0,0,1,0,0,0,1,0,7,4
2024041463794,2024,041463794,331320,446139,-3.0469,53.90684,3,3,5,10:10,-1,E07000128,6,0,1,0,1,"[19, 9]","[5, 1]","[1, 2]",0,0,0,1,1,0,0,0,0,7,4
2024041463884,2024,041463884,357887,421642,-2.63919,53.68952,3,3,4,14:20,-1,E07000118,3,0,1,0,1,19,-1,-1,0,0,0,1,0,0,0,0,1,7,3
2024041463934,2024,041463934,354518,422945,-2.69039,53.70095,3,3,6,12:38,-1,E07000126,6,0,1,0,1,19,5,1,0,0,0,1,0,0,0,0,0,7,5
2024041464027,2024,041464027,332329,440573,-3.03031,53.85695,3,3,6,15:40,-1,E06000009,6,0,1,0,1,4,6,2,0,0,0,1,0,1,0,0,0,7,5
2024041464046,2024,041464046,333730,438006,-3.00846,53.83407,3,3,6,16:48,-1,E06000009,6,0,1,0,1,19,"[6, 5]","[2, 1]",0,0,0,1,1,0,0,0,0,5,17
2024041464115,2024,041464115,371269,426631,-2.43702,53.73527,3,3,1,14:25,-1,E07000120,1,0,1,0,2,19,7,3,0,1,4,1,0,0,0,0,0,6,30
2024041464116,2024,041464116,385577,428071,-2.22019,53.74881,3,3,6,21:10,-1,E07000117,3,2,1,0,2,19,1,5,0,0,0,1,0,0,0,0,0,7,5
2024041464124,2024,041464124,330715,436354,-3.05389,53.81883,2,2,6,23:00,-1,E06000009,6,2,8,0,1,7,7,3,0,0,0,1,0,0,0,0,1,7,5
2024041464190,2024,041464190,356413,426353,-2.66217,53.73174,3,3,5,21:22,-1,E07000126,4,2,1,0,1,19,"[-1, 1]","[-1, 5]",0,0,0,1,1,0,0,0,1,7,4
2024041464196,2024,041464196,341871,408140,-2.87916,53.56663,3,3,6,08:35,-1,E07000127,3,0,1,0,1,19,-1,-1,0,0,0,1,0,0,0,0,1,7,5
2024041464294,2024,041464294,331483,436537,-3.04227,53.82057,3,3,7,13:30,-1,E06000009,6,0,1,0,1,19,3,7,0,0,0,1,0,0,0,0,1,7,6
2024041464312,2024,041464312,346362,403454,-2.81055,53.525,2,2,2,05:45,-1,E07000127,3,0,1,0,2,"[19, 9]",4,8,0,0,0,1,0,0,0,0,0,7,1
2024041464317,2024,041464317,378490,431775,-2.32792,53.78185,3,3,6,15:53,-1,E07000117,1,0,1,0,2,19,7,3,0,"[0, 1]",0,1,0,0,0,0,0,7,5
2024041464368,2024,041464368,374954,428596,-2.38132,53.75312,3,3,7,18:30,-1,E07000120,6,0,1,0,1,19,3,7,0,0,0,1,0,0,0,0,1,7,6
2024041464379,2024,041464379,352437,431699,-2.72326,53.77944,3,3,5,12:20,-1,E07000123,6,0,1,0,1,19,"[7, 1]","[3, 5]",0,0,0,1,0,0,0,1,0,7,4
2024041464541,2024,041464541,384562,437123,-2.23604,53.83014,3,3,1,09:35,-1,E07000122,1,0,2,1,2,4,7,3,0,1,7,1,0,0,0,0,0,7,7
2024041464569,2024,041464569,379780,433655,-2.30846,53.7988,3,3,7,17:53,-1,E07000117,3,0,1,0,1,19,3,7,0,0,0,1,0,0,0,0,1,7,6
2024041464621,2024,041464621,347981,460978,-2.79586,54.04214,2,"[3, 2]",1,18:30,-1,E07000121,6,0,1,0,1,"[9, 19]","[3, 7]","[7, 3]",0,0,0,1,0,0,0,0,0,7,7
2024041464673,2024,041464673,351495,430548,-2.73737,53.769,3,3,1,18:25,-1,E07000123,3,0,1,0,1,"[19, 9]","[3, 1]","[7, 3]",0,0,0,1,0,0,0,0,0,7,7
2024041464718,2024,041464718,384452,433624,-2.23753,53.79868,2,2,7,01:20,-1,E07000117,6,0,1,0,1,19,-1,-1,0,0,0,0,1,0,0,0,1,6,29
2024041464797,2024,041464797,339223,434118,-2.92424,53.7998,2,2,7,14:30,-1,E07000119,6,0,1,1,2,19,"[3, 7]","[7, 3]",0,0,0,1,1,0,0,0,0,7,6
2024041464807,2024,041464807,366347,434103,-2.51245,53.80213,3,3,2,07:13,-1,E07000124,4,0,1,0,2,19,8,4,0,1,9,1,0,0,0,0,0,7,8
2024041464951,2024,041464951,348205,456484,-2.79167,54.00177,3,3,6,12:01,-1,E07000121,6,0,1,0,2,7,1,5,0,0,0,0,0,1,0,0,0,7,5
2024041465023,2024,041465023,352700,420733,-2.71759,53.6809,2,"[3, 2]",2,15:45,-1,E07000126,4,0,1,0,2,"[19, 2]","[5, 1]","[1, 5]",0,0,0,1,0,0,0,0,0,7,8
2024041465051,2024,041465051,356226,420712,-2.66421,53.68102,2,2,2,17:00,-1,E07000118,6,0,1,0,1,"[4, 19]","[7, 1]","[3, 5]",0,0,0,1,1,0,0,0,0,7,8