collision_index,collision_year,collision_ref_no,location_easting_osgr,location_northing_osgr,longitude,latitude,casualty_severity,casualty_severity,day_of_week,time,local_authority_district,local_authority_ons_district,first_road_class,light_conditions,weather_conditions,road_surface_conditions,urban_or_rural_area,vehicle_manoeuvre,vehicle_direction_from,vehicle_direction_to,hit_object_in_carriageway,vehicle_leaving_carriageway,hit_object_off_carriageway,is_car,is_cyle,is_mcyle,is_goodsv,is_other,is_pedestrian,month,day
2024041465127,2024,041465127,365932,450028,-2.52052,53.94523,3,3,7,11:00,-1,E07000124,6,0,1,1,2,19,"[1, 7]","[5, 1]",0,0,0,1,0,0,0,0,0,7,6
2024041465180,2024,041465180,365373,431306,-2.52692,53.77693,2,"[3, 2]",3,08:50,-1,E07000124,6,0,2,1,2,19,"[6, 8]","[8, 6]",0,0,0,1,0,0,0,0,0,7,9
2024041465339,2024,041465339,352756,429173,-2.71803,53.75676,3,3,2,15:40,-1,E07000123,4,0,1,0,1,19,"[1, 5]","[1, 5]",0,"[0, 1]",0,1,1,0,0,0,0,7,8
2024041465384,2024,041465384,352750,471492,-2.72469,54.13708,2,2,7,16:50,-1,E07000121,6,0,1,0,2,19,"[5, 1]","[5, 1]",0,0,0,1,0,0,0,0,0,7,6
2024041465438,2024,041465438,374508,428734,-2.38809,53.75434,3,3,3,14:18,-1,E07000120,3,0,2,1,1,"[19, 4]",2,6,0,0,0,1,0,0,0,0,0,7,9
2024041465528,2024,041465528,378476,423901,-2.32758,53.71108,3,3,3,18:50,-1,E07000125,6,0,1,1,1,"[9, 19]","[1, 7]","[5, 3]",0,0,0,1,0,0,0,0,0,7,9
2024041465531,2024,041465531,344078,419625,-2.84791,53.67009,2,2,3,17:07,-1,E07000127,3,0,1,1,2,"[19, 6]",7,3,0,"[7, 0]",0,1,0,1,0,0,0,7,9
2024041466034,2024,041466034,332358,437869,-3.02927,53.83266,3,3,6,11:05,-1,E06000009,3,0,1,0,1,19,"[3, 1]","[1, 5]",0,0,0,1,1,0,0,0,0,6,28
2024041466104,2024,041466104,379878,421411,-2.30617,53.68876,3,3,3,08:20,-1,E07000125,3,0,2,1,2,"[19, 4]",1,5,0,0,0,1,0,0,1,0,0,7,9
2024041466125,2024,041466125,330667,437907,-3.05497,53.83278,3,3,4,17:20,-1,E06000009,3,0,2,0,1,19,"[4, 6]",1,0,"[0, 2]","[0, 11]",1,0,0,0,0,0,7,10
2024041466189,2024,041466189,383497,432542,-2.25197,53.78893,3,3,7,11:50,-1,E07000117,6,0,1,1,1,"[9, 3]",1,3,0,0,0,1,0,0,0,0,0,7,6
2024041466232,2024,041466232,332374,437712,-3.029,53.83125,3,3,4,07:46,-1,E06000009,6,0,1,0,1,19,"[7, 5]","[3, 1]",0,0,0,1,1,0,0,0,0,7,10
2024041466590,2024,041466590,334614,442492,-2.99599,53.87449,3,3,2,14:51,-1,E07000128,6,0,1,0,1,"[5, 19]","[2, -1]","[6, -1]",0,0,0,1,1,0,0,0,0,7,8
2024041466603,2024,041466603,332132,432922,-3.03161,53.78817,3,3,4,17:45,-1,E06000009,6,0,1,0,1,"[19, 8]",3,7,0,0,0,1,0,0,0,0,0,6,26
2024041466612,2024,041466612,349751,405504,-2.75977,53.54376,2,2,5,16:45,-1,E07000127,4,0,1,0,1,"[19, 4]",7,3,0,0,0,1,0,0,0,0,0,7,11
2024041466637,2024,041466637,357897,421690,-2.63904,53.68995,2,2,6,15:50,-1,E07000118,3,0,1,0,1,9,5,1,0,0,0,1,0,0,0,0,1,6,28
2024041466656,2024,041466656,351714,416812,-2.7319,53.64557,2,2,5,22:35,-1,E07000118,6,2,1,0,2,"[2, 19]","[0, 5]","[0, 1]",0,0,0,1,0,1,0,0,0,7,11
2024041466792,2024,041466792,358556,418304,-2.62861,53.65957,2,2,3,07:10,-1,E07000118,3,0,1,0,1,19,1,5,0,0,0,1,0,0,0,0,1,7,2
2024041466829,2024,041466829,346261,406321,-2.81257,53.55076,3,3,6,08:18,-1,E07000127,3,0,1,0,1,"[3, 5]",3,7,0,0,0,1,0,1,0,0,0,7,12
2024041467055,2024,041467055,342445,463384,-2.88085,54.06317,3,3,6,16:05,-1,E07000121,6,0,1,0,1,"[9, 19]","[3, 7]","[1, 7]",0,0,0,1,0,0,0,0,0,7,12
2024041467144,2024,041467144,356010,430501,-2.66887,53.76898,3,3,4,14:10,-1,E07000123,3,0,1,0,1,"[13, 9]",4,8,0,0,0,1,0,1,0,0,0,7,10
2024041467155,2024,041467155,348424,444698,-2.78634,53.89588,3,3,6,16:55,-1,E07000128,3,0,1,0,2,"[10, 9, 19]","[5, 3, 1]","[3, 8, 5]",0,"[1, 0]",0,1,0,0,0,0,0,7,12
2024041467213,2024,041467213,348266,458889,-2.79115,54.02339,3,3,4,17:20,-1,E07000121,6,0,1,0,1,"[5, 19]","[0, 5]","[7, 1]",0,0,0,1,1,0,0,0,0,7,10
2024041467334,2024,041467334,342930,463179,-2.8734,54.06138,3,3,7,15:50,-1,E07000121,6,0,1,0,1,"[19, 2, 5]","[5, 0]","[1, 0]",0,0,0,1,0,0,0,0,0,7,13
2024041467425,2024,041467425,357429,432391,-2.64761,53.78609,2,2,7,18:45,-1,E07000123,4,0,1,0,1,"[9, 13]",5,1,0,0,0,1,0,1,0,0,0,7,13
2024041467432,2024,041467432,368536,431002,-2.47889,53.7744,2,2,7,20:40,-1,E06000008,3,0,1,0,1,"[2, 19]","[0, 3]","[0, 7]","[0, 4]",0,0,1,0,0,0,0,0,7,13
2024041467433,2024,041467433,335986,440420,-2.97469,53.85604,3,3,7,22:33,-1,E07000119,3,2,1,0,1,19,4,8,0,1,7,0,0,1,0,0,0,7,13
2024041467447,2024,041467447,335685,440866,-2.97936,53.86001,3,3,7,23:05,-1,E07000128,6,2,1,0,2,19,6,2,0,7,9,1,0,0,0,0,0,7,13
2024041467562,2024,041467562,330902,436681,-3.05112,53.82179,3,3,1,12:30,-1,E06000009,3,0,1,0,1,"[2, 19]",1,5,0,0,0,1,0,0,0,0,0,7,14
2024041467595,2024,041467595,384775,432888,-2.23259,53.79208,2,2,1,11:20,-1,E07000117,3,0,1,0,1,"[5, 19]","[3, 1]","[3, 2, 1]",0,"[3, 0]",0,1,0,0,0,0,0,7,14
2024041467658,2024,041467658,352036,473751,-2.73597,54.15732,3,3,1,17:30,-1,E07000121,3,0,1,0,2,"[10, 19]",7,3,"[11, 0]",0,0,1,0,1,0,0,0,7,14
2024041467695,2024,041467695,383471,432010,-2.25234,53.78415,2,2,1,22:45,-1,E07000117,3,2,2,1,1,19,1,5,0,0,0,1,0,0,0,0,0,7,14
2024041467891,2024,041467891,347966,460709,-2.79604,54.03972,2,2,6,20:00,-1,E07000121,3,0,1,0,1,15,1,5,0,0,0,1,0,0,0,0,1,7,12
2024041468016,2024,041468016,356516,422719,-2.6601,53.69909,2,2,1,14:11,-1,E07000118,6,0,1,0,2,"[4, 9]","[6, 5]","[2, 6]",0,0,0,1,0,1,0,0,0,7,14
2024041468047,2024,041468047,333675,441363,-3.01002,53.86423,3,3,5,10:05,-1,E07000128,3,0,1,0,2,19,3,"[8, 6]",0,0,0,1,0,0,0,0,0,7,11
2024041468062,2024,041468062,370856,427710,-2.44338,53.74494,3,3,2,16:45,-1,E06000008,6,0,2,1,1,"[2, 19]","[0, 4]","[0, 8]","[4, 0]",0,0,1,0,0,0,0,0,7,15
2024041468079,2024,041468079,343578,464327,-2.86371,54.07177,3,3,4,10:30,-1,E07000121,4,0,1,0,1,1,7,3,0,0,0,1,0,0,0,0,1,7,10
2024041468089,2024,041468089,378396,425003,-2.32887,53.72098,3,3,7,00:05,-1,E07000125,3,2,1,0,2,19,5,1,0,0,0,1,0,0,0,0,0,7,6
2024041468105,2024,041468105,357763,418799,-2.64068,53.66396,3,3,6,08:27,-1,E07000118,6,0,1,0,1,19,"[5, 3]","[1, 7]",0,0,0,1,1,0,0,0,0,6,28
2024041468126,2024,041468126,351680,430621,-2.73458,53.76968,2,2,6,12:00,-1,E07000123,3,0,1,0,1,"[7, 19]","[1, 7]",3,0,0,0,1,1,0,0,0,0,5,10
2024041468160,2024,041468160,330657,435510,-3.05458,53.81123,2,2,6,18:10,-1,E06000009,6,0,1,0,1,"[10, 13]",3,7,0,0,0,1,1,0,0,0,0,6,28
2024041468265,2024,041468265,341708,408119,-2.88162,53.56643,3,3,3,11:15,-1,E07000127,3,0,8,0,1,"[2, 19]",1,1,4,0,0,1,0,0,0,0,0,7,16
2024041468345,2024,041468345,331468,442264,-3.04378,53.87204,2,"[2, 3]",3,12:50,-1,E06000009,6,0,2,1,1,"[19, 9]",3,"[7, 1]",0,0,0,1,0,0,0,0,0,7,16
2024041468386,2024,041468386,359690,418253,-2.61144,53.6592,3,3,3,13:27,-1,E07000118,1,0,1,0,2,19,5,1,0,7,6,1,0,0,0,0,0,7,16
2024041468408,2024,041468408,331113,433350,-3.04717,53.79188,3,3,2,12:10,-1,E06000009,6,0,1,0,1,"[19, 9]","[7, 3]","[3, 7]",0,0,0,1,0,1,0,0,0,7,15
2024041468418,2024,041468418,352887,425373,-2.71546,53.72262,3,3,3,12:06,-1,E07000126,3,0,1,0,1,"[19, 2]","[1, 0]","[1, 0]",0,0,0,1,0,0,1,0,0,7,16
2024041468477,2024,041468477,336439,427007,-2.96503,53.73556,3,3,3,15:03,-1,E07000119,3,0,1,0,1,"[4, 9, 19]","[7, 5, 3]","[3, 7]",0,0,0,1,0,0,0,1,0,7,16
2024041468511,2024,041468511,332357,434888,-3.02863,53.80587,2,2,3,18:08,-1,E06000009,3,0,8,0,1,"[5, 19]",8,4,0,0,0,1,1,0,0,0,0,7,16
2024041468544,2024,041468544,341120,408757,-2.89061,53.5721,3,3,3,21:11,-1,E07000127,3,2,1,0,1,"[5, 12]","[1, 5]","[5, 3]",0,0,0,1,0,1,0,0,0,7,16
2024041468552,2024,041468552,378075,422980,-2.33359,53.70279,3,3,3,22:35,-1,E07000125,6,2,1,0,1,19,"[3, 1]","[7, 5]",0,0,0,1,0,0,0,0,0,7,16
2024041468558,2024,041468558,384322,433465,-2.2395,53.79725,2,"[3, 2]",3,23:37,-1,E07000117,3,2,1,0,1,19,7,3,0,0,0,0,0,1,0,0,0,7,16
2024041468560,2024,041468560,350310,430344,-2.75531,53.76706,3,3,3,21:40,-1,E07000123,6,2,1,0,1,19,7,3,0,0,0,1,0,0,0,0,1,7,16
2024041468608,2024,041468608,334224,433557,-3.0,53.79415,2,"[3, 2]",3,14:35,-1,E06000009,3,0,1,0,1,"[3, 4]",3,7,0,0,0,1,0,0,0,0,0,7,16
2024041468695,2024,041468695,366452,428543,-2.51025,53.75217,3,3,3,19:30,-1,E06000008,3,2,1,0,1,19,"[3, 7]","[7, 3]",0,0,0,1,0,0,0,0,0,7,16
2024041468707,2024,041468707,330939,439795,-3.05126,53.84978,3,3,4,08:55,-1,E06000009,6,0,1,0,1,-1,-1,-1,0,0,0,1,0,0,0,0,1,7,17
2024041468787,2024,041468787,340465,436906,-2.90592,53.825,3,3,4,10:30,-1,E07000119,3,0,1,0,2,"[19, 9]","[5, 7]","[1, 3]",0,0,0,1,0,0,0,0,0,7,17
2024041468848,2024,041468848,334131,433759,-3.00146,53.79595,3,3,4,10:47,-1,E06000009,6,0,1,0,1,"[7, 9]","[5, 1]","[1, 5]",0,"[1, 7]",0,1,0,0,0,1,0,7,17
2024041468874,2024,041468874,368832,423152,-2.47361,53.70386,3,3,4,12:55,-1,E06000008,6,0,1,0,1,19,"[1, 3]","[5, 7]",0,0,0,1,0,0,0,0,0,7,17
2024041468920,2024,041468920,353672,418445,-2.70253,53.66043,3,3,1,10:02,-1,E07000118,3,0,2,1,2,19,4,8,0,0,0,0,1,0,1,0,0,7,14
2024041469044,2024,041469044,348789,444951,-2.78083,53.89819,2,2,4,21:46,-1,E07000128,6,2,1,0,2,19,3,7,0,0,0,0,0,1,0,0,0,7,17
2024041469046,2024,041469046,354667,425771,-2.68855,53.72636,2,2,2,17:15,-1,E07000126,6,0,1,0,1,19,5,1,0,0,0,1,0,0,0,0,1,7,15
2024041469051,2024,041469051,363059,414704,-2.56004,53.62755,2,2,5,19:15,-1,E07000118,6,0,1,0,2,"[13, 19]",6,2,0,"[0, 1]","[0, 11]",0,1,1,0,0,0,7,4
2024041469184,2024,041469184,353587,422615,-2.70444,53.6979,3,3,4,18:00,-1,E07000126,6,0,1,0,1,19,7,3,0,0,0,0,0,1,0,0,1,7,17
2024041469307,2024,041469307,370579,431914,-2.44798,53.78271,3,3,5,09:28,-1,E07000120,6,0,1,0,2,"[19, 9]","[4, 1]","[8, 5]",0,0,0,1,0,0,0,0,0,7,18
2024041469370,2024,041469370,332724,433855,-3.02283,53.79663,3,3,5,12:45,-1,E06000009,6,0,2,1,1,"[19, 2]","[8, 0, 4]","[4, 0, 8]",0,0,0,1,0,0,0,0,0,7,18
2024041469391,2024,041469391,335225,433374,-2.98477,53.79263,3,3,5,13:50,-1,E07000119,3,0,1,0,2,"[19, 11]",3,7,0,0,0,1,0,0,0,0,0,7,18
2024041469501,2024,041469501,349219,407214,-2.76807,53.55908,3,3,5,17:55,-1,E07000127,6,0,1,0,1,5,1,1,0,0,0,0,1,0,0,0,1,7,18
2024041469507,2024,041469507,382606,432359,-2.26549,53.78726,3,3,5,15:55,-1,E07000117,3,0,1,0,1,"[5, 19]","[1, 3]","[3, 7]",0,0,0,1,0,0,0,1,0,7,18
2024041469514,2024,041469514,333248,427772,-3.01356,53.74203,2,2,2,18:40,-1,E07000119,6,0,1,0,1,"[9, 19]","[1, 5]","[5, 1]",0,0,0,1,1,0,0,0,0,7,15
2024041469516,2024,041469516,333868,434225,-3.00555,53.8001,3,3,5,17:18,-1,E06000009,6,0,1,0,1,"[9, 13]",7,3,0,0,0,1,0,0,0,1,0,7,18
2024041469535,2024,041469535,353666,419561,-2.70279,53.67046,3,3,4,17:40,-1,E07000118,6,0,1,0,2,"[4, 19]","[2, 6]","[6, 2]","[11, 0]",0,0,1,0,0,0,0,0,7,17
2024041469615,2024,041469615,359388,418932,-2.6161,53.66528,3,3,5,08:03,-1,E07000118,4,0,1,0,2,"[9, 19]","[5, 1]","[2, 5]",0,0,0,1,1,0,0,0,0,7,18
2024041469708,2024,041469708,374304,428207,-2.39114,53.74959,3,3,2,09:40,-1,E07000120,6,0,1,0,1,19,3,7,0,0,0,1,0,0,0,0,1,7,15
2024041469745,2024,041469745,389363,440725,-2.16322,53.86263,3,3,6,11:20,-1,E07000122,3,0,1,0,1,"[19, 2]","[5, 0]","[1, 0]","[4, 0]",0,0,1,0,0,0,0,0,7,19
2024041469809,2024,041469809,333157,433348,-3.01615,53.79213,3,3,4,08:50,-1,E06000009,6,0,1,0,1,19,-1,-1,0,0,0,1,1,0,0,0,0,7,17
2024041469831,2024,041469831,355438,431701,-2.67772,53.77972,3,3,4,20:00,-1,E07000123,6,0,1,0,1,"[7, 19]","[5, 3]","[1, 7]",0,0,0,1,1,0,0,0,0,6,26
2024041469861,2024,041469861,353625,430512,-2.70505,53.76888,3,3,6,13:19,-1,E07000123,3,0,1,0,1,"[19, 9]","[1, 5]","[1, 5]",0,0,0,1,0,0,0,0,0,7,19
2024041469880,2024,041469880,347712,406962,-2.79078,53.55666,3,3,6,13:00,-1,E07000127,3,0,1,0,2,"[3, 4]",5,1,0,0,0,1,0,0,0,0,0,7,19
2024041469924,2024,041469924,354113,431574,-2.69781,53.77846,3,3,4,15:10,-1,E07000123,4,0,1,0,1,"[3, 19]","[1, 3]","[5, 7]",0,0,0,1,0,0,0,1,0,7,17
2024041469928,2024,041469928,364338,424418,-2.54183,53.71495,3,3,6,06:00,-1,E07000118,1,0,1,0,2,19,3,7,0,1,7,1,0,0,0,0,0,7,19
2024041469947,2024,041469947,378207,422563,-2.33156,53.69904,3,3,5,19:10,-1,E07000125,3,0,1,0,1,19,5,1,0,0,0,1,0,0,0,0,0,6,27
2024041469955,2024,041469955,346887,461500,-2.81266,54.04672,2,2,6,15:50,-1,E07000121,6,0,1,0,1,19,3,7,0,0,0,1,0,0,0,0,1,7,19
2024041469987,2024,041469987,330779,434117,-3.05242,53.79873,3,3,2,16:40,-1,E06000009,3,0,1,0,1,"[3, 19]","[1, 3, 5]","[5, 7]",0,0,0,1,0,0,0,0,0,4,29
2024041470005,2024,041470005,350198,418612,-2.75512,53.66161,2,2,6,21:15,-1,E07000118,3,0,1,0,2,19,3,2,0,7,0,1,0,0,0,0,0,7,19
2024041470038,2024,041470038,382958,436084,-2.26035,53.82075,3,3,4,18:47,-1,E07000122,6,0,1,0,2,19,"[4, 8]","[8, 4]",0,0,0,1,0,0,0,0,0,7,17
2024041470043,2024,041470043,362142,411467,-2.57351,53.5984,3,3,7,04:55,-1,E07000118,1,0,1,0,2,19,5,1,0,7,2,0,0,0,0,1,0,7,20
2024041470186,2024,041470186,330596,435194,-3.05544,53.80839,3,3,7,15:46,-1,E06000009,3,0,1,0,1,"[9, 13]",5,1,0,"[0, 7]",0,1,0,1,0,0,0,7,20
2024041470190,2024,041470190,345309,408119,-2.82725,53.56682,3,3,7,13:30,-1,E07000127,4,0,8,0,2,19,5,1,0,0,0,1,0,0,0,0,0,7,20
2024041470218,2024,041470218,332651,430554,-3.02322,53.76696,2,"[2, 3]",7,16:30,-1,E07000119,6,0,8,1,1,"[19, 2]","[1, 0]","[1, 0]","[4, 0]",0,0,1,0,0,0,0,0,7,20
2024041470268,2024,041470268,375267,426357,-2.37639,53.73301,2,"[2, 3]",7,20:10,-1,E07000120,6,0,2,1,2,19,5,1,0,1,11,1,0,0,0,0,0,7,20
2024041470282,2024,041470282,370869,428843,-2.44329,53.75513,2,2,1,00:35,-1,E07000120,3,2,1,1,2,"[9, 19]","[8, 3]","[5, 7]",0,0,0,1,0,0,0,0,0,7,21
2024041470284,2024,041470284,387842,423702,-2.18567,53.7096,3,3,7,18:50,-1,E07000125,3,0,1,1,2,"[2, 19, 1]","[2, 6, 8]",2,"[0, 4]",0,0,1,0,0,0,0,1,7,20
2024041470312,2024,041470312,354612,429726,-2.68996,53.7619,3,3,7,14:55,-1,E07000123,3,0,1,0,1,19,"[8, 6]","[4, 2]",0,"[0, 1]",0,1,0,0,0,0,0,7,20
2024041470314,2024,041470314,332910,437515,-3.02081,53.82955,3,3,6,19:18,-1,E06000009,6,0,1,0,1,19,-1,-1,0,0,0,1,0,0,0,0,1,7,19
2024041470317,2024,041470317,368257,422881,-2.48229,53.70139,3,3,6,08:03,-1,E06000008,6,0,1,0,1,19,"[7, 5]","[3, 1]",0,0,0,1,0,1,0,0,0,7,19
2024041470322,2024,041470322,367288,415874,-2.49623,53.63835,3,3,6,08:28,-1,E06000008,6,0,1,0,2,19,3,7,0,0,0,1,0,0,0,0,0,7,19
2024041470424,2024,041470424,343420,464489,-2.86616,54.07321,3,3,7,14:30,-1,E07000121,3,0,1,0,1,19,2,6,0,0,0,1,0,0,0,0,1,7,20
2024041470432,2024,041470432,348513,409060,-2.77904,53.5756,2,2,1,15:28,-1,E07000127,6,2,1,0,2,19,5,1,0,"[0, 1]",0,0,1,0,1,0,0,7,21
2024041470476,2024,041470476,355331,433536,-2.67961,53.7962,3,3,1,17:15,-1,E07000123,1,0,1,0,2,19,1,5,0,0,0,1,0,1,0,0,0,7,21
2024041470480,2024,041470480,354900,429593,-2.68558,53.76073,3,3,1,16:07,-1,E07000123,3,0,1,0,1,"[9, 19]","[7, 3]","[3, 7]",0,0,0,1,1,0,0,0,0,7,21
2024041470492,2024,041470492,367300,415873,-2.49604,53.63834,3,3,1,19:03,-1,E06000008,6,0,1,0,2,19,1,5,0,1,0,0,0,1,0,0,0,7,21
2024041470527,2024,041470527,351268,429882,-2.74071,53.763,3,3,6,14:19,-1,E07000123,6,0,1,0,1,"[3, 19]","[5, 1]","[1, 5]",0,0,0,1,0,0,0,0,0,7,19
2024041470551,2024,041470551,354555,429948,-2.69086,53.76389,3,3,1,23:00,-1,E07000123,3,2,1,0,1,"[2, 19]","[0, 5]","[0, 1]","[0, 4]",0,0,1,0,0,0,0,0,7,21
2024041470671,2024,041470671,365412,432310,-2.52644,53.78595,3,3,2,09:55,-1,E07000124,3,0,2,1,2,19,3,7,0,0,0,1,0,0,0,0,0,7,22
2024041470706,2024,041470706,368782,426098,-2.47466,53.73034,3,3,6,16:00,-1,E06000008,6,0,1,0,1,19,"[2, 4]","[6, 8]",0,0,0,1,0,0,0,0,0,6,28
2024041470712,2024,041470712,370483,428703,-2.44913,53.75385,2,"[3, 2]",6,16:30,-1,E06000008,3,0,1,0,2,"[19, 7]","[3, 5]","[7, 1]",0,0,0,1,0,0,0,0,0,7,5
2024041470789,2024,041470789,378420,431578,-2.32896,53.78008,3,3,2,08:30,-1,E07000117,3,0,1,0,2,19,1,5,0,0,0,1,0,0,1,0,0,7,22
2024041470915,2024,041470915,347353,464202,-2.80601,54.07105,2,"[3, 2]",7,14:52,-1,E07000121,3,0,1,0,2,"[9, 19]",3,7,0,0,0,1,0,0,0,0,0,7,20
2024041470919,2024,041470919,352011,439605,-2.73096,53.85045,1,"[2, 1]",2,13:58,-1,E07000123,1,0,1,0,2,19,1,5,0,1,0,1,0,0,0,0,0,7,22
2024041470958,2024,041470958,360525,437627,-2.60129,53.83339,3,3,3,00:05,-1,E07000124,6,2,1,0,2,"[19, 2]","[1, 5]","[5, 1]","[4, 0]",0,0,1,0,0,0,0,0,7,23
2024041470964,2024,041470964,350049,442645,-2.76128,53.87758,3,3,2,17:33,-1,E07000128,4,0,1,0,2,"[14, 9]","[1, 3]","[5, 7]",0,0,0,0,0,1,0,1,0,7,22
2024041470982,2024,041470982,342159,407208,-2.87464,53.55829,3,3,4,15:05,-1,E07000127,3,0,1,0,1,9,"[1, 3]",3,0,0,0,1,1,0,0,0,0,4,24
2024041471049,2024,041471049,332192,428757,-3.02979,53.75075,3,3,2,13:00,-1,E07000119,6,0,1,0,1,1,7,3,0,0,0,1,0,0,0,0,1,7,22
2024041471166,2024,041471166,354087,418322,-2.69623,53.65936,2,2,2,17:34,-1,E07000118,3,0,1,1,2,19,7,3,0,0,0,1,0,0,0,0,0,7,22
2024041471200,2024,041471200,372780,430294,-2.41444,53.76827,3,3,6,19:30,-1,E07000120,3,0,1,0,2,"[5, 19]","[-1, 3]","[-1, 7]",0,0,0,1,0,0,0,0,0,7,12
2024041471213,2024,041471213,368294,424124,-2.48186,53.71256,2,2,3,13:00,-1,E06000008,3,0,1,0,1,"[12, 19]","[3, 1]","[7, 5]",0,0,0,1,0,0,0,0,0,7,23
2024041471257,2024,041471257,347545,461649,-2.80263,54.04812,3,3,3,13:50,-1,E07000121,3,0,1,0,1,"[4, 19]",5,1,0,"[0, 1]",0,1,1,0,0,0,0,7,23
2024041471288,2024,041471288,384212,421942,-2.24057,53.69368,3,3,3,14:24,-1,E07000125,6,0,1,0,1,"[14, 9]",7,3,0,0,0,1,0,0,0,0,0,7,23
2024041471394,2024,041471394,368466,424490,-2.47929,53.71586,3,3,3,16:24,-1,E06000008,3,0,1,0,2,"[19, 12]",3,7,0,0,0,1,0,0,0,1,0,7,23
2024041471622,2024,041471622,347964,462115,-2.79632,54.05235,2,2,3,20:00,-1,E07000121,3,0,9,0,1,"[19, 7]",4,8,0,0,0,1,0,1,0,0,0,7,23
2024041471725,2024,041471725,378683,423300,-2.3244,53.70569,3,3,4,13:35,-1,E07000125,6,0,1,0,1,1,4,8,0,0,0,1,0,0,0,0,1,7,24
2024041471751,2024,041471751,349593,463198,-2.77162,54.06225,3,3,4,15:22,-1,E07000121,1,0,1,0,2,5,5,1,0,1,7,1,0,0,0,0,0,7,24
2024041471760,2024,041471760,335466,412105,-2.97668,53.60152,3,3,4,16:25,-1,E07000127,6,0,1,0,2,19,4,8,0,7,9,1,0,0,0,0,0,7,24
2024041471764,2024,041471764,349470,404548,-2.76385,53.53514,3,3,4,16:00,-1,E07000127,1,0,1,1,2,"[19, 5]","[7, 8]",3,0,0,0,1,0,0,1,0,0,7,24
2024041471803,2024,041471803,348746,432985,-2.77948,53.79064,2,"[3, 2]",4,17:31,-1,E07000123,3,0,1,1,2,"[3, 19]",1,5,0,0,0,1,0,0,0,0,0,7,24
2024041471805,2024,041471805,353903,436653,-2.70176,53.82409,3,3,2,19:55,-1,E07000123,6,0,1,0,2,"[19, 5]","[5, 7]","[1, 3]",0,0,0,1,0,0,0,0,0,7,22
2024041471819,2024,041471819,356105,470776,-2.67324,54.13095,3,3,4,18:50,-1,E07000121,4,0,2,1,2,19,2,6,0,2,11,1,0,0,0,0,0,7,24
2024041471831,2024,041471831,378422,431500,-2.32893,53.77938,3,3,2,08:27,-1,E07000117,3,0,1,0,2,"[4, 19]",5,1,0,"[1, 0]",0,1,0,0,0,0,0,7,22
2024041471848,2024,041471848,332455,434932,-3.02715,53.80628,3,3,4,20:32,-1,E06000009,6,2,1,1,1,"[19, 7]","[7, 3]","[3, 7]",0,0,0,1,0,0,0,1,0,7,24
2024041471858,2024,041471858,353594,429887,-2.70543,53.76326,3,3,4,22:43,-1,E07000123,3,2,1,0,1,"[7, 19]",6,8,0,0,0,1,0,1,0,0,0,7,24
2024041471904,2024,041471904,351143,430533,-2.74271,53.76884,2,2,4,14:15,-1,E07000123,3,0,1,0,1,"[19, 9]","[7, 5]","[3, 7]",0,0,0,1,1,0,0,0,0,7,24
2024041471925,2024,041471925,358142,420165,-2.63513,53.67626,3,3,3,11:10,-1,E07000118,3,0,1,0,1,"[9, 19]","[3, 1]","[1, 5]",0,0,0,1,0,0,0,0,0,7,23
2024041472116,2024,041472116,353584,430781,-2.70572,53.77129,2,2,5,12:16,-1,E07000123,3,0,1,0,1,"[9, 19]",5,"[3, 1]",0,"[7, 0]","[11, 0]",1,0,0,0,0,0,7,25
2024041472475,2024,041472475,355434,432450,-2.67789,53.78645,3,3,6,12:25,-1,E07000123,6,0,1,0,1,"[2, 19]","[0, 3]","[0, 7]",0,"[7, 0]",0,1,0,0,0,0,0,7,26
2024041472480,2024,041472480,370256,416422,-2.45139,53.64346,3,3,6,14:10,-1,E06000008,3,0,1,0,2,"[4, 19]",1,5,0,"[2, 0]","[11, 0]",1,0,0,0,0,0,7,26
2024041472502,2024,041472502,341307,408184,-2.88768,53.56697,3,3,3,18:55,-1,E07000127,3,0,1,0,1,"[4, 19]","[2, 4]","[6, 8]",0,0,0,1,1,0,0,0,0,7,23
2024041472533,2024,041472533,375391,427599,-2.37461,53.74418,3,3,3,18:24,-1,E07000120,6,0,1,0,1,19,"[3, 1]","[7, 5]",0,0,0,1,1,0,0,0,0,7,23
2024041472552,2024,041472552,353214,429510,-2.71114,53.75983,3,3,6,18:35,-1,E07000123,3,0,1,0,1,"[7, 19]","[1, 3]","[3, 7]",0,0,0,1,1,0,0,0,0,7,26
2024041472614,2024,041472614,340022,437662,-2.9128,53.83174,3,3,4,19:20,-1,E07000119,3,0,1,0,2,19,5,1,0,0,0,1,0,1,0,0,0,7,17
2024041472674,2024,041472674,381079,422639,-2.28806,53.69984,1,1,6,23:20,-1,E07000125,6,2,1,0,1,9,2,6,0,0,0,1,0,0,0,0,1,7,26
2024041472718,2024,041472718,332286,428948,-3.0284,53.75248,3,3,4,12:55,-1,E07000119,4,0,1,0,1,"[19, 5]",2,6,0,0,0,1,0,1,0,0,0,7,17
2024041472780,2024,041472780,331348,436445,-3.0443,53.81973,3,3,2,16:30,-1,E06000009,6,0,1,0,1,19,6,2,0,0,0,0,0,0,1,0,1,7,22
2024041472804,2024,041472804,332490,445140,-3.02887,53.89801,3,3,7,14:21,-1,E07000128,3,0,1,0,2,"[19, 9]","[1, 3]","[5, 7]",0,0,0,1,1,0,0,0,0,7,27
2024041472853,2024,041472853,375541,428164,-2.37238,53.74927,3,3,6,18:35,-1,E07000120,6,0,1,0,1,"[2, 19]","[7, 3]","[3, 7]",0,0,0,1,0,0,0,0,1,7,26