collision_index,collision_year,collision_ref_no,location_easting_osgr,location_northing_osgr,longitude,latitude,casualty_severity,casualty_severity,day_of_week,time,local_authority_district,local_authority_ons_district,first_road_class,light_conditions,weather_conditions,road_surface_conditions,urban_or_rural_area,vehicle_manoeuvre,vehicle_direction_from,vehicle_direction_to,hit_object_in_carriageway,vehicle_leaving_carriageway,hit_object_off_carriageway,is_car,is_cyle,is_mcyle,is_goodsv,is_other,is_pedestrian,month,day
2024041472898,2024,041472898,362874,414582,-2.56283,53.62644,3,3,7,17:58,-1,E07000118,6,0,1,0,2,"[19, 4]",7,3,0,0,0,1,0,0,0,0,0,7,27
2024041472942,2024,041472942,387646,446571,-2.18957,53.91514,3,3,7,02:45,-1,E07000122,4,2,1,0,1,9,1,3,0,0,0,0,0,0,0,1,0,7,27
2024041473003,2024,041473003,369605,421035,-2.46169,53.68488,3,3,5,18:00,-1,E06000008,3,0,1,0,1,19,4,8,0,0,0,1,0,0,0,0,1,7,18
2024041473057,2024,041473057,332480,438045,-3.02746,53.83425,3,3,1,10:59,-1,E06000009,3,0,1,0,1,19,"[8, 6]",4,0,0,0,1,0,0,0,0,0,7,28
2024041473069,2024,041473069,341166,458534,-2.89944,54.01944,3,3,1,12:10,-1,E07000121,6,0,1,0,2,"[19, 2]","[1, 0]","[5, 0]","[4, 0]","[1, 0]","[10, 0]",1,0,0,0,0,1,7,28
2024041473077,2024,041473077,351527,430080,-2.73681,53.7648,2,"[3, 2]",1,12:27,-1,E07000123,6,0,1,0,1,"[19, 2]",3,7,0,0,0,1,0,0,0,0,0,7,28
2024041473176,2024,041473176,348911,414374,-2.7739,53.6234,3,3,1,19:39,-1,E07000118,6,0,1,0,2,"[2, 19]","[0, 1]","[0, 5]","[0, 4]",0,0,1,0,0,0,0,0,7,28
2024041473247,2024,041473247,369245,423417,-2.46738,53.70627,3,3,2,07:46,-1,E06000008,6,0,1,0,2,19,"[8, 4]","[4, 8]",0,0,0,1,0,0,0,0,0,7,29
2024041473406,2024,041473406,333119,436793,-3.01748,53.82309,3,3,6,21:50,-1,E06000009,6,0,1,0,1,"[5, 19]","[1, 5]","[5, 1]",0,"[0, 1]",0,1,0,0,0,0,0,7,26
2024041473421,2024,041473421,369756,428235,-2.46011,53.7496,2,2,2,10:30,-1,E06000008,6,0,1,0,1,"[3, 19]",1,"[4, 5]",0,0,0,1,0,0,0,0,0,7,29
2024041473523,2024,041473523,333083,441963,-3.01915,53.86954,2,2,2,10:15,-1,E07000128,3,0,1,0,1,"[7, 19]","[5, 4]","[1, 8]",0,0,0,1,1,0,0,0,0,7,29
2024041473551,2024,041473551,339409,406173,-2.91595,53.54868,2,2,7,10:43,-1,E07000127,3,0,1,1,2,19,2,6,0,1,2,1,0,0,0,0,0,7,6
2024041473575,2024,041473575,332467,428365,-3.02553,53.74726,2,2,2,18:00,-1,E07000119,3,0,1,0,1,"[9, 19]","[3, 4]","[5, 8, 1]",0,0,0,1,0,1,0,0,0,7,29
2024041473907,2024,041473907,358419,423844,-2.63143,53.70935,3,3,2,11:20,-1,E07000118,1,0,1,0,1,19,5,1,0,0,0,1,0,0,0,0,0,7,29
2024041474024,2024,041474024,358418,424771,-2.63157,53.71768,2,2,3,09:43,-1,E07000126,1,0,1,0,2,"[19, 11]","[7, 5]","[1, 7]",0,0,0,1,0,1,0,0,0,7,30
2024041474045,2024,041474045,355182,422357,-2.68025,53.69572,3,3,3,19:45,-1,E07000126,4,0,1,0,1,"[4, 19]",7,3,0,0,0,1,0,0,0,0,0,7,30
2024041474057,2024,041474057,349612,470195,-2.77249,54.12513,2,2,3,18:17,-1,E07000121,3,0,1,0,2,"[9, 15]","[7, 5]","[5, 1]",0,0,0,1,0,1,0,0,0,7,30
2024041474404,2024,041474404,381466,432161,-2.28278,53.78544,3,3,3,17:31,-1,E07000117,3,0,1,0,1,19,"[1, 5]","[5, 1]",0,0,0,1,0,1,0,0,0,7,30
2024041474429,2024,041474429,369019,428051,-2.47127,53.7479,3,3,4,13:50,-1,E06000008,3,0,1,0,1,19,"[7, 1]","[3, 5]",0,0,0,1,0,0,0,0,0,7,31
2024041474433,2024,041474433,331715,442949,-3.04017,53.87822,2,2,4,11:30,-1,E07000128,3,0,1,0,1,"[9, 5]","[1, 7]","[7, 3]",0,0,0,1,1,0,0,0,0,7,31
2024041474457,2024,041474457,378635,423405,-2.32513,53.70663,2,2,7,09:45,-1,E07000125,6,0,1,0,1,1,1,5,0,0,0,0,0,0,1,0,1,7,27
2024041474511,2024,041474511,342051,463427,-2.88687,54.06351,3,3,3,17:24,-1,E07000121,3,0,1,0,1,-1,-1,-1,-1,0,0,0,0,0,1,0,1,7,30
2024041474535,2024,041474535,384866,449374,-2.23203,53.94025,3,3,3,16:40,-1,E07000124,3,0,1,0,2,"[4, 19]",3,7,0,0,0,1,0,0,0,0,0,7,30
2024041474538,2024,041474538,353014,463755,-2.71944,54.06758,3,3,4,22:40,-1,E07000121,6,2,1,0,2,19,5,1,0,1,11,1,0,0,0,0,0,7,31
2024041474662,2024,041474662,351729,405258,-2.72988,53.54173,3,3,5,06:55,-1,E07000127,3,0,1,1,1,"[2, 19]","[0, 7]","[0, 3]","[4, 0]",0,0,1,0,0,0,0,0,8,1
2024041474692,2024,041474692,331260,436383,-3.04562,53.81916,2,2,4,19:35,-1,E06000009,3,0,8,0,1,"[19, 5]","[7, 1]","[3, 5]",0,0,0,1,1,0,0,0,0,7,17
2024041474745,2024,041474745,354623,429740,-2.6898,53.76203,3,3,5,11:35,-1,E07000123,4,0,1,0,1,19,"[2, 1]","[6, 5]",0,0,0,1,0,0,0,0,0,8,1
2024041474956,2024,041474956,365959,426326,-2.51748,53.73221,3,3,5,23:12,-1,E06000008,6,2,1,0,1,19,"[5, 1]","[1, 5]",0,0,0,1,0,0,1,0,0,8,1
2024041474967,2024,041474967,368686,430323,-2.47655,53.7683,3,3,5,20:35,-1,E06000008,3,0,1,0,1,"[19, 9]","[1, 5]","[5, 1]",0,0,0,1,0,0,0,0,0,8,1
2024041474984,2024,041474984,341189,432153,-2.89402,53.78236,3,3,4,12:13,-1,E07000119,3,0,1,0,2,19,1,5,0,0,0,1,0,0,0,0,0,7,31
2024041475071,2024,041475071,372490,430444,-2.41885,53.76961,3,3,6,09:37,-1,E07000120,4,0,1,0,2,"[2, 19]","[0, 8]","[0, 4]","[0, 4]",0,0,1,0,0,0,0,0,8,2
2024041475208,2024,041475208,351265,429864,-2.74075,53.76284,2,2,6,05:00,-1,E07000123,3,2,1,0,1,19,7,3,0,0,0,0,0,1,0,0,0,8,2
2024041475298,2024,041475298,367903,430585,-2.48845,53.77061,3,3,5,08:55,-1,E06000008,3,0,1,0,1,19,2,6,0,7,1,1,0,0,0,0,0,8,1
2024041475414,2024,041475414,333880,440621,-3.00674,53.85758,2,2,4,15:50,-1,E07000128,4,0,1,0,1,"[13, 9]",5,1,0,0,0,1,0,1,0,0,0,7,31
2024041475438,2024,041475438,357193,419383,-2.64938,53.66916,3,3,6,20:10,-1,E07000118,4,0,2,1,2,19,"[7, 3]","[3, 7]",0,0,0,1,0,0,0,0,0,8,2
2024041475559,2024,041475559,349190,449686,-2.77551,53.94078,3,3,7,14:51,-1,E07000128,3,0,1,0,2,"[5, 9]",5,1,0,0,0,1,0,0,0,0,0,8,3
2024041475565,2024,041475565,357989,430009,-2.63878,53.76473,3,3,7,12:18,-1,E07000126,3,0,1,0,2,"[11, 5]",7,3,0,0,0,1,0,1,0,0,0,8,3
2024041475813,2024,041475813,333686,441411,-3.00986,53.86466,3,3,1,14:15,-1,E07000128,3,0,1,0,2,"[5, 19]","[3, 1]","[7, 5]",0,0,0,1,0,0,0,0,0,8,4
2024041475847,2024,041475847,362989,451497,-2.56554,53.95823,3,3,1,15:20,-1,E07000124,6,0,1,0,2,19,7,3,0,7,0,0,0,1,0,0,0,8,4
2024041475883,2024,041475883,336602,447456,-2.96678,53.91935,3,3,1,17:30,-1,E07000128,4,0,1,0,2,"[2, 19]","[0, 1, 5]","[0, 5, 1]","[0, 4]",0,0,1,0,0,0,0,0,8,4
2024041475915,2024,041475915,386622,422833,-2.20412,53.70176,3,3,2,02:54,-1,E07000125,6,2,1,0,1,19,5,1,0,0,0,1,0,0,0,0,0,8,5
2024041475917,2024,041475917,332701,447058,-3.02608,53.91528,3,3,2,05:48,-1,E07000128,6,0,1,0,1,"[19, 2]","[3, 0]","[7, 0]","[4, 0]",0,0,1,0,0,0,0,0,8,5
2024041475968,2024,041475968,384699,432542,-2.23373,53.78897,3,3,3,13:32,-1,E07000117,3,0,1,0,1,19,5,1,0,0,0,1,0,0,0,0,1,7,30
2024041476162,2024,041476162,358660,424768,-2.6279,53.71768,3,3,2,14:30,-1,E07000118,1,0,1,0,2,"[3, 4]",3,7,0,0,0,1,0,0,0,0,0,8,5
2024041476183,2024,041476183,387842,446631,-2.18658,53.91568,2,2,2,13:33,-1,E07000122,6,0,1,0,1,1,5,1,0,0,0,1,0,0,0,0,1,8,5
2024041476268,2024,041476268,367693,427870,-2.49136,53.7462,2,2,7,16:19,-1,E06000008,6,0,1,0,1,"[9, 4]","[5, 7]",7,0,0,0,1,0,0,0,0,0,8,3
2024041476386,2024,041476386,355766,427742,-2.67218,53.74417,1,1,7,14:50,-1,E07000126,4,0,1,0,1,19,4,8,0,1,0,0,0,1,0,0,0,7,13
2024041476402,2024,041476402,336570,440470,-2.96582,53.85656,3,3,3,08:12,-1,E07000119,3,0,1,0,2,19,"[1, 5]","[5, 1]",0,0,0,1,0,0,0,0,0,8,6
2024041476539,2024,041476539,349445,433929,-2.76902,53.79919,3,3,3,11:49,-1,E07000123,1,0,1,0,2,19,3,7,0,0,0,1,0,0,0,0,0,8,6
2024041476585,2024,041476585,342176,443219,-2.88112,53.88192,2,2,3,10:20,-1,E07000128,6,0,1,0,2,19,"[-1, 7]","[-1, 3]",0,0,0,1,1,0,0,0,0,8,6
2024041476605,2024,041476605,368712,426152,-2.47573,53.73082,2,"[2, 3]",3,12:16,-1,E06000008,6,0,1,0,1,1,3,7,0,0,0,0,0,0,0,1,1,8,6
2024041476643,2024,041476643,384994,432290,-2.22924,53.78671,2,2,3,14:30,-1,E07000117,6,0,8,0,1,"[19, 5]","[3, 1]","[7, 5]",0,0,0,1,0,0,0,0,0,8,6
2024041476646,2024,041476646,352439,428684,-2.72276,53.75234,3,3,3,17:50,-1,E07000126,3,0,1,0,2,19,5,1,0,0,0,1,0,0,0,0,0,8,6
2024041476665,2024,041476665,352846,428881,-2.71662,53.75415,3,3,3,19:50,-1,E07000123,4,0,1,0,2,19,"[7, 1]","[3, 5]",0,0,0,1,1,0,0,0,0,8,6
2024041476668,2024,041476668,342184,462675,-2.8847,54.05677,3,3,3,17:00,-1,E07000121,6,0,8,0,1,"[2, 19, 1]","[0, 4, 3]","[0, 2, 7]","[0, 4]",0,0,1,0,1,1,0,0,8,6
2024041476869,2024,041476869,340566,411637,-2.89953,53.59792,3,3,5,13:00,-1,E07000127,4,0,1,0,2,"[19, 8]",1,5,0,0,0,1,1,0,0,0,0,7,18
2024041476926,2024,041476926,331512,433718,-3.0412,53.79524,3,3,4,13:17,-1,E06000009,6,0,1,0,1,19,1,5,0,0,0,1,0,0,0,0,1,8,7
2024041476974,2024,041476974,367820,428357,-2.48948,53.75058,3,3,4,13:00,-1,E06000008,3,0,1,0,1,"[6, 19]",1,5,0,0,0,1,0,0,0,0,0,8,7
2024041477012,2024,041477012,348045,462026,-2.79506,54.05156,3,3,6,21:52,-1,E07000121,6,2,2,1,1,19,2,6,0,0,0,1,0,0,0,0,1,8,2
2024041477070,2024,041477070,386585,437587,-2.20532,53.83436,2,2,4,16:10,-1,E07000122,6,0,1,0,1,"[19, 2]",1,5,"[11, 0]","[7, 0]","[4, 0]",1,0,0,0,0,1,8,7
2024041477083,2024,041477083,369561,427618,-2.46301,53.74404,3,3,4,20:10,-1,E06000008,6,0,8,0,1,"[7, 2, 19]","[7, 0, 5]","[1, 0]",0,"[0, 3]",0,1,0,0,0,0,0,8,7
2024041477096,2024,041477096,354024,429757,-2.69889,53.76213,3,3,4,20:00,-1,E07000123,3,2,1,0,1,19,6,2,10,0,0,0,0,1,0,0,0,8,7
2024041477137,2024,041477137,354547,431582,-2.69122,53.77857,2,2,5,06:00,-1,E07000123,4,0,1,0,1,19,7,3,0,1,5,1,0,0,0,0,0,8,8
2024041477155,2024,041477155,378943,422778,-2.32042,53.70101,3,3,2,09:05,-1,E07000125,3,0,1,0,1,"[9, 19]","[5, 1]","[1, 5]",0,0,0,1,0,1,0,0,0,8,5
2024041477264,2024,041477264,375898,428414,-2.36699,53.75153,3,3,3,09:30,-1,E07000120,6,0,1,0,1,19,5,1,0,0,0,1,0,0,0,0,1,8,6
2024041477302,2024,041477302,357205,416036,-2.64874,53.63908,2,2,5,11:40,-1,E07000118,6,0,1,0,2,"[7, 19]","[5, 1]","[1, 5]",0,0,0,1,1,0,0,0,0,8,8
2024041477305,2024,041477305,357195,415930,-2.64888,53.63813,3,3,5,12:25,-1,E07000118,4,0,1,0,2,19,"[7, 5]","[3, 1]",0,0,0,1,1,0,0,0,0,8,8
2024041477421,2024,041477421,349639,433877,-2.76607,53.79875,3,3,2,16:22,-1,E07000123,1,0,1,0,2,"[19, 4]",7,3,0,0,0,1,0,0,0,0,0,7,29
2024041477489,2024,041477489,381297,432992,-2.28539,53.7929,2,2,2,19:25,-1,E07000117,3,0,1,0,1,19,1,"[5, 3]",0,0,0,1,0,1,0,0,0,8,5
2024041477546,2024,041477546,346251,421390,-2.81533,53.68618,3,3,5,20:30,-1,E07000118,4,2,2,1,2,19,4,8,0,0,0,1,0,0,0,0,0,8,8
2024041477553,2024,041477553,386995,438717,-2.19914,53.84453,3,3,5,21:35,-1,E07000122,3,2,2,1,1,19,3,7,0,"[7, 0]",0,1,0,0,0,0,0,8,8
2024041477565,2024,041477565,342195,462283,-2.88446,54.05325,2,2,5,18:10,-1,E07000121,6,0,1,0,1,"[19, 10]",8,6,0,0,0,1,1,0,0,0,0,8,8
2024041477755,2024,041477755,347989,405907,-2.78642,53.54721,2,"[3, 2]",5,12:40,-1,E07000127,3,0,1,0,1,19,5,"[3, 1]",0,0,0,1,0,0,1,0,0,7,18
2024041477842,2024,041477842,330912,439793,-3.05167,53.84976,3,3,6,15:55,-1,E06000009,6,0,1,0,1,"[19, 9]","[1, 3]","[5, 1]",0,0,0,1,0,1,0,0,0,8,9
2024041477915,2024,041477915,335748,432847,-2.97672,53.78796,2,"[3, 2]",6,17:04,-1,E07000119,3,0,1,0,2,"[19, 13]","[5, 1]","[1, 5]",0,"[0, 7]",0,1,0,0,0,0,0,8,9
2024041477938,2024,041477938,343630,406744,-2.85235,53.55428,3,3,4,15:20,-1,E07000127,6,0,1,0,2,"[19, 5]","[7, 1]","[3, 5]",0,0,0,1,0,0,0,0,0,7,31
2024041477953,2024,041477953,368472,430974,-2.47986,53.77414,3,3,6,22:50,-1,E06000008,3,2,1,0,1,19,"[7, 5]","[3, 1]",0,0,0,1,0,0,0,0,0,8,9
2024041477955,2024,041477955,369147,428120,-2.46933,53.74853,3,3,6,20:05,-1,E06000008,3,0,1,0,1,"[5, 9]","[3, 7]","[7, 3]",0,0,0,1,0,0,0,0,0,8,9
2024041478023,2024,041478023,348906,455820,-2.78087,53.99588,3,3,2,04:12,-1,E07000121,1,2,1,0,2,"[19, 4]",5,1,0,"[0, 1]",0,1,0,0,1,0,0,8,5
2024041478030,2024,041478030,353341,431420,-2.7095,53.77701,2,2,6,14:05,-1,E07000123,3,0,1,0,1,"[19, 9]","[5, 7]","[1, 5]",0,0,0,1,0,0,0,0,0,8,9
2024041478067,2024,041478067,333669,441351,-3.01011,53.86412,3,3,6,11:39,-1,E07000128,6,0,1,0,2,19,"[1, 3]","[5, 7]",0,0,0,1,0,0,0,0,0,8,9
2024041478146,2024,041478146,387857,433015,-2.18581,53.7933,3,3,7,21:49,-1,E07000117,6,2,1,0,2,19,8,2,0,7,11,1,0,0,0,0,0,8,3
2024041478272,2024,041478272,368500,423443,-2.47867,53.70646,3,3,5,13:32,-1,E06000008,3,0,1,0,1,"[9, 19]","[5, 1]","[1, 5]",0,0,0,1,1,0,0,0,0,8,1
2024041478301,2024,041478301,338838,430900,-2.92944,53.77083,2,2,7,22:30,-1,E07000119,4,2,1,0,2,19,5,3,0,0,0,0,0,1,0,0,0,8,10
2024041478325,2024,041478325,384670,434276,-2.23425,53.80455,2,2,7,21:35,-1,E07000117,3,2,1,0,1,"[9, 19]","[3, 1]","[5, 1]",0,0,0,1,1,0,0,0,0,8,10
2024041478344,2024,041478344,335313,433462,-2.98345,53.79343,3,3,1,00:40,-1,E07000119,3,2,1,0,2,19,"[3, 1]","[7, 5]",0,"[1, 0]",0,1,0,0,0,0,0,8,11
2024041478384,2024,041478384,369237,422175,-2.46738,53.6951,3,3,7,15:11,-1,E06000008,3,0,1,0,1,"[9, -1]","[2, -1]","[8, -1]","[0, -1]","[0, -1]",0,1,0,1,0,0,0,8,10
2024041478436,2024,041478436,353093,467493,-2.71882,54.10118,2,2,1,11:28,-1,E07000121,6,0,1,0,2,19,2,6,0,1,11,0,0,1,0,0,0,8,11
2024041478524,2024,041478524,343677,438867,-2.85749,53.84298,2,2,1,15:33,-1,E07000128,6,0,1,0,2,19,"[5, 1]","[1, 5]",0,0,0,1,0,1,0,0,0,8,11
2024041478539,2024,041478539,365257,415806,-2.52693,53.63761,3,3,1,15:46,-1,E07000118,6,0,1,0,2,19,1,5,0,0,0,1,1,0,0,0,0,8,11
2024041478542,2024,041478542,350655,459731,-2.75483,54.03119,2,2,7,17:15,-1,E07000121,6,0,1,0,2,19,"[1, 3]","[5, 7]",0,"[7, 0]",0,1,0,0,0,0,0,8,10
2024041478543,2024,041478543,385548,439036,-2.22115,53.84736,2,2,1,17:37,-1,E07000122,6,0,1,0,1,"[19, 2]","[1, 5, 0]","[5, 1, 0]","[0, 4]",0,0,1,0,1,0,0,0,8,11
2024041478553,2024,041478553,382300,432736,-2.27015,53.79063,3,3,1,17:30,-1,E07000117,6,0,8,0,1,"[2, 1]","[0, 5]","[0, 1]",0,0,0,1,0,0,0,0,0,8,11
2024041478566,2024,041478566,381157,432822,-2.28751,53.79137,3,3,1,17:45,-1,E07000117,6,0,1,0,1,"[19, 2]","[3, 0]","[7, 0]",0,0,0,1,0,0,0,0,1,8,11
2024041478610,2024,041478610,348904,469412,-2.78319,54.11802,2,2,1,22:00,-1,E07000121,3,2,1,0,2,19,"[1, 5]","[5, 1]","[1, 0]",0,0,1,0,0,0,0,0,8,11
2024041478617,2024,041478617,350570,469717,-2.75776,54.12093,2,"[2, 3]",2,00:10,-1,E07000121,1,2,1,0,2,"[12, 19]",1,5,0,0,0,1,0,0,0,0,0,8,12
2024041478641,2024,041478641,366864,430071,-2.50416,53.76592,2,2,1,15:36,-1,E06000008,3,0,1,0,1,"[19, 9]","[3, 2]",6,0,0,0,1,0,1,0,0,0,8,11
2024041478642,2024,041478642,382212,432256,-2.27146,53.78632,3,3,1,14:08,-1,E07000117,3,0,1,0,1,19,1,1,0,0,0,0,0,1,0,0,0,8,11
2024041478657,2024,041478657,343000,429192,-2.86599,53.75596,3,3,5,19:00,-1,E07000119,3,0,1,0,2,19,5,1,0,0,0,1,1,0,0,0,0,7,11
2024041478736,2024,041478736,354387,465037,-2.69866,54.07922,2,2,2,08:30,-1,E07000121,3,2,1,0,2,19,3,7,0,7,11,1,0,0,0,0,0,8,12
2024041478780,2024,041478780,380040,420748,-2.30368,53.6828,3,3,2,09:26,-1,E07000125,6,0,2,1,2,19,5,1,0,1,2,1,0,0,0,0,0,8,12
2024041478806,2024,041478806,332254,437761,-3.03083,53.83167,3,3,7,17:44,-1,E06000009,6,0,1,0,1,"[19, 5]","[5, 7]","[1, 3]",0,0,0,1,0,0,0,0,0,8,10
2024041478811,2024,041478811,348601,454097,-2.78523,53.98036,3,3,2,10:45,-1,E07000121,3,0,1,0,2,"[19, 9]","[1, 3]","[5, 7]",0,0,0,1,0,0,1,0,0,8,12
2024041478897,2024,041478897,352719,416984,-2.71673,53.64721,3,3,5,17:13,-1,E07000118,6,0,1,0,2,"[-1, 5]","[-1, 5]","[-1, 1]","[-1, 0]","[-1, 0]",0,1,1,0,0,0,0,8,8
2024041478936,2024,041478936,355803,429892,-2.67192,53.76349,3,3,2,19:15,-1,E07000123,6,0,1,0,1,"[5, 19]","[3, 5]","[7, 1]",0,0,0,1,0,0,0,0,0,8,12
2024041478945,2024,041478945,331123,437258,-3.0479,53.827,3,3,2,16:16,-1,E06000009,6,0,1,0,1,"[9, 19]",5,"[1, 5]",0,0,0,1,1,0,0,0,0,8,12
2024041478988,2024,041478988,332180,442667,-3.03304,53.87575,2,2,1,19:39,-1,E07000128,6,0,1,0,1,9,3,1,0,0,0,1,0,0,0,0,1,8,11
2024041478998,2024,041478998,351669,417378,-2.73267,53.65066,3,3,4,13:05,-1,E07000118,4,0,1,0,2,19,"[3, 5]","[7, 1]",0,0,0,1,0,0,0,0,0,8,7
2024041479006,2024,041479006,361878,429038,-2.57967,53.7563,2,"[3, 2]",2,23:55,-1,E07000126,6,2,1,0,2,19,5,1,0,1,0,1,0,0,0,0,0,8,12
2024041479050,2024,041479050,368841,427027,-2.47386,53.73869,3,3,2,11:00,-1,E06000008,3,0,1,0,1,"[8, 7]","[5, 3]","[1, 7]",0,0,0,1,0,0,0,0,0,8,12
2024041479156,2024,041479156,348414,446470,-2.78679,53.9118,3,3,2,18:00,-1,E07000128,4,0,1,0,2,19,5,1,0,1,11,1,0,0,0,0,0,8,12
2024041479324,2024,041479324,333291,443441,-3.01631,53.88285,3,3,3,12:18,-1,E07000128,6,0,2,1,1,"[2, 14]","[0, 1]","[0, 5]",0,0,0,1,1,0,0,0,0,8,13
2024041479380,2024,041479380,348506,462393,-2.78809,54.05491,3,3,3,18:52,-1,E07000121,6,2,2,1,1,"[2, 19]","[0, 5, 3]","[0, 1, 7]",0,0,0,1,1,0,0,0,0,8,13
2024041479453,2024,041479453,358624,419408,-2.62773,53.6695,2,"[3, 2]",3,21:30,-1,E07000118,3,2,2,1,2,19,3,7,0,4,2,1,0,0,0,0,0,8,13
2024041479478,2024,041479478,355810,425198,-2.67114,53.72131,3,3,2,18:40,-1,E07000126,3,0,1,0,2,"[19, -1]","[5, -1]","[1, -1]","[0, -1]","[0, -1]",0,1,0,0,0,0,0,8,12
2024041479708,2024,041479708,373783,444325,-2.40042,53.89443,2,2,4,12:56,-1,E07000124,6,0,1,0,2,19,"[7, 3]","[3, 7]",0,0,0,1,1,0,0,0,0,8,14
2024041479735,2024,041479735,352039,464379,-2.73444,54.0731,2,"[2, 3]",4,16:05,-1,E07000121,3,0,1,0,2,19,3,7,0,0,0,1,0,0,0,0,0,8,14
2024041479748,2024,041479748,340903,408014,-2.89375,53.56539,3,3,4,15:43,-1,E07000127,3,0,1,0,1,"[4, 19]",1,5,0,0,0,1,0,0,0,0,0,8,14
2024041479817,2024,041479817,358179,430092,-2.63591,53.76549,3,3,2,16:49,-1,E07000126,1,0,1,0,2,"[19, 11]",1,5,0,0,0,1,0,1,0,0,0,8,12
2024041479924,2024,041479924,330875,435570,-3.05128,53.8118,2,2,5,06:58,-1,E06000009,6,0,1,0,1,"[4, 19]","[5, 7]","[7, 3]",0,"[0, 1]",0,1,1,0,0,0,0,8,15
2024041480029,2024,041480029,375972,428847,-2.3659,53.75543,3,3,3,22:42,-1,E07000120,3,0,1,0,1,19,3,7,0,0,0,1,0,0,0,0,0,8,13
2024041480060,2024,041480060,379252,433985,-2.3165,53.80175,3,3,4,17:28,-1,E07000117,3,0,1,0,1,19,3,7,0,0,0,1,0,0,0,0,0,8,14
2024041480086,2024,041480086,374543,434135,-2.38801,53.80288,3,3,4,11:14,-1,E07000124,3,0,1,0,2,"[19, 9]",5,1,0,0,0,1,0,0,0,0,0,8,14
2024041480123,2024,041480123,348623,468569,-2.78735,54.11042,3,3,4,13:40,-1,E07000121,3,0,1,0,2,19,"[1, 5]","[5, 1]",0,0,0,1,0,0,0,0,0,8,14
2024041480143,2024,041480143,370560,431441,-2.44823,53.77846,3,3,5,15:28,-1,E07000120,6,0,2,1,2,19,2,6,0,7,9,1,0,0,0,0,0,8,15
2024041480161,2024,041480161,385582,439276,-2.22064,53.84952,3,3,5,16:10,-1,E07000122,6,0,1,1,1,19,5,1,0,7,11,1,0,0,0,0,0,8,15
2024041480169,2024,041480169,331170,436109,-3.04693,53.81668,3,3,5,16:20,-1,E06000009,6,0,1,1,1,19,"[7, 5]","[3, 1]",0,0,0,1,0,0,0,0,0,8,15
2024041480180,2024,041480180,331641,435405,-3.03962,53.81042,3,3,5,15:50,-1,E06000009,4,0,2,1,1,19,"[5, 3]","[1, 7]",0,0,0,1,0,0,0,0,0,8,15
2024041480191,2024,041480191,365569,421015,-2.5228,53.68445,2,"[2, 3]",5,16:04,-1,E07000118,3,0,2,1,2,19,"[1, 5]","[5, 1]",0,"[1, 0]",0,1,0,0,0,0,0,8,15
2024041480203,2024,041480203,351848,431500,-2.73216,53.77759,2,"[2, 3]",3,09:50,-1,E07000123,4,0,1,0,1,"[19, 9]","[5, 1]","[1, 3, 5]",0,0,0,1,0,0,0,0,0,8,13
2024041480231,2024,041480231,353995,430444,-2.69943,53.7683,3,3,5,20:50,-1,E07000123,6,2,1,0,1,"[10, 19]","[1, 5]","[5, 1]",0,0,0,1,1,0,0,0,0,8,15
2024041480255,2024,041480255,383455,448948,-2.2535,53.93638,3,3,5,18:15,-1,E07000124,3,0,1,0,2,19,3,7,0,1,11,1,0,0,0,0,0,8,15
2024041480261,2024,041480261,374559,428794,-2.38732,53.75488,3,3,5,23:05,-1,E07000120,3,2,1,1,1,19,3,7,11,7,1,1,0,0,0,0,0,8,15
2024041480349,2024,041480349,352082,433912,-2.72899,53.79929,3,3,1,18:37,-1,E07000123,1,0,1,0,2,"[13, 12]",7,3,0,0,0,1,0,1,0,0,0,8,11
2024041480478,2024,041480478,332072,443832,-3.03494,53.88621,2,"[2, 3]",6,11:00,-1,E07000128,6,0,1,0,1,"[2, 19]","[0, 1, 5]","[0, 5, 1]","[0, 4]",0,0,1,0,0,0,0,0,8,16
2024041480486,2024,041480486,346065,406357,-2.81553,53.55106,2,2,1,15:00,-1,E07000127,3,0,1,0,1,"[2, 4, 13]","[0, 7]","[0, 3]",0,0,0,1,0,1,0,0,0,7,28
2024041480516,2024,041480516,358454,424733,-2.63102,53.71735,3,3,5,17:16,-1,E07000118,1,0,2,1,2,19,3,7,0,0,0,1,0,0,0,0,0,8,15
2024041480524,2024,041480524,338950,405464,-2.92273,53.54225,3,3,6,08:15,-1,E07000127,3,0,1,1,2,"[19, 2]","[4, 0]","[8, 0]",0,0,0,1,0,0,0,0,0,8,16
2024041480541,2024,041480541,387293,439219,-2.19463,53.84905,3,3,5,14:04,-1,E07000122,6,0,1,0,1,19,1,"[1, 5]",0,0,0,1,1,0,0,0,0,7,4
2024041480663,2024,041480663,366450,426286,-2.51003,53.73188,2,2,6,17:50,-1,E06000008,6,0,1,0,1,19,7,3,0,0,0,1,0,0,0,0,1,8,16
2024041480826,2024,041480826,350822,445013,-2.7499,53.89894,3,3,5,13:59,-1,E07000128,1,0,2,1,2,19,1,5,0,0,0,1,0,0,0,0,0,8,15
2024041480841,2024,041480841,334384,428373,-2.99647,53.74758,3,3,6,15:18,-1,E07000119,6,0,1,0,1,19,"[3, 5]","[7, 1]",0,0,0,0,1,0,1,0,0,8,16
2024041480970,2024,041480970,372603,437115,-2.41773,53.82957,3,3,6,19:00,-1,E07000124,6,0,1,0,2,"[19, 9]","[1, 3]",5,0,0,0,1,1,0,0,0,0,8,16