collision_index,collision_year,collision_ref_no,location_easting_osgr,location_northing_osgr,longitude,latitude,casualty_severity,casualty_severity,day_of_week,time,local_authority_district,local_authority_ons_district,first_road_class,light_conditions,weather_conditions,road_surface_conditions,urban_or_rural_area,vehicle_manoeuvre,vehicle_direction_from,vehicle_direction_to,hit_object_in_carriageway,vehicle_leaving_carriageway,hit_object_off_carriageway,is_car,is_cyle,is_mcyle,is_goodsv,is_other,is_pedestrian,month,day
2024041480972,2024,041480972,358052,416431,-2.63598,53.6427,3,3,7,17:37,-1,E07000118,6,0,1,0,1,"[9, 19]",5,"[3, 1]",0,0,0,1,0,0,0,0,0,8,17
2024041481031,2024,041481031,382914,432231,-2.2608,53.78612,3,3,4,17:00,-1,E07000117,6,0,1,0,1,19,3,7,0,0,0,1,1,0,0,0,0,8,14
2024041481094,2024,041481094,349538,437826,-2.76825,53.83423,2,2,1,12:00,-1,E07000123,6,0,1,0,2,19,1,5,0,"[1, 0]",0,1,1,0,0,0,0,8,11
2024041481122,2024,041481122,360631,415847,-2.5969,53.63765,2,2,7,16:40,-1,E07000118,1,0,1,0,2,19,5,1,0,0,0,1,0,0,1,0,0,8,17
2024041481133,2024,041481133,341689,407854,-2.88185,53.56404,3,3,5,09:47,-1,E07000127,3,0,1,0,1,19,"[8, 2]","[4, 6]",0,0,0,1,0,0,0,0,0,8,15
2024041481137,2024,041481137,368544,422913,-2.47795,53.7017,3,3,1,12:40,-1,E06000008,6,0,1,0,1,19,"[2, 8]","[6, 4]",0,0,0,1,0,0,0,0,0,8,18
2024041481147,2024,041481147,330980,435594,-3.0497,53.81203,3,3,1,16:45,-1,E06000009,3,0,1,0,1,9,5,1,0,0,0,1,0,0,0,0,1,8,18
2024041481173,2024,041481173,355845,426046,-2.67074,53.72893,3,3,1,17:40,-1,E07000126,4,0,1,0,1,"[19, 9]","[7, 1]","[3, 6]",0,0,0,1,0,0,0,0,0,8,18
2024041481190,2024,041481190,349210,406165,-2.76804,53.54965,3,3,1,21:56,-1,E07000127,6,2,1,0,2,19,7,1,10,0,0,1,0,0,0,0,0,8,18
2024041481194,2024,041481194,356193,418661,-2.66441,53.66259,3,3,1,16:54,-1,E07000118,6,0,1,0,1,"[2, 19]","[0, 7]","[0, 3]","[0, 4]",0,0,1,0,0,0,0,0,8,18
2024041481456,2024,041481456,357423,418822,-2.64582,53.66414,3,3,1,14:30,-1,E07000118,6,0,1,0,1,"[19, -1]","[5, -1]","[1, -1]","[0, -1]","[0, -1]",0,1,1,0,0,0,0,8,18
2024041481551,2024,041481551,349266,405311,-2.76705,53.54198,3,3,2,19:45,-1,E07000127,6,0,2,1,1,11,7,3,0,2,4,1,0,0,0,0,0,8,19
2024041481572,2024,041481572,368817,426262,-2.47415,53.73181,3,3,6,07:10,-1,E06000008,6,0,1,0,1,"[7, 19]","[1, 3]","[5, 7]",0,0,0,1,1,0,0,0,0,8,16
2024041481577,2024,041481577,368035,430449,-2.48644,53.7694,3,3,2,15:10,-1,E06000008,4,0,1,0,1,"[2, 19]",5,1,"[0, 4]",0,0,1,0,0,0,0,0,8,19
2024041481611,2024,041481611,333111,443998,-3.01917,53.88783,3,3,3,02:35,-1,E07000128,6,2,1,1,1,"[2, 19]","[0, 1]","[0, 5]",4,0,0,1,0,0,0,0,0,8,20
2024041481647,2024,041481647,334025,414665,-2.99899,53.62434,2,2,6,16:10,-1,E07000127,4,0,1,0,1,19,7,3,0,0,0,1,0,0,0,0,1,8,16
2024041481723,2024,041481723,357323,424559,-2.64813,53.71569,3,3,4,05:20,-1,E07000118,1,0,1,0,1,19,3,7,0,"[1, 0]",0,1,0,0,0,0,0,8,14
2024041481732,2024,041481732,357214,424536,-2.64978,53.71547,3,3,4,06:35,-1,E07000126,1,0,1,0,2,19,3,7,0,0,0,1,0,0,0,0,0,8,14
2024041481740,2024,041481740,368443,430928,-2.4803,53.77373,2,2,6,15:55,-1,E06000008,3,0,1,0,1,7,"[1, 5]","[7, 1]",0,0,0,1,1,0,0,0,0,8,9
2024041481778,2024,041481778,345987,455994,-2.82542,53.99714,2,2,3,09:49,-1,E07000121,3,0,1,0,2,"[2, 19]","[1, 5]","[5, 1]","[0, 10]","[0, 1]","[0, 7]",1,0,0,0,0,0,8,20
2024041481808,2024,041481808,357896,427234,-2.63981,53.73978,2,"[3, 2]",3,10:30,-1,E07000126,3,0,1,1,2,"[7, 19]",8,"[5, 4]",0,0,0,1,0,0,0,0,0,8,20
2024041481908,2024,041481908,332907,437105,-3.02077,53.82586,3,3,2,17:20,-1,E06000009,3,0,1,0,1,19,5,1,0,0,0,1,0,0,0,0,0,8,19
2024041481975,2024,041481975,390064,444485,-2.15269,53.89644,3,3,3,16:40,-1,E07000122,3,0,1,0,2,"[9, 15]","[6, 2]","[2, 6]",0,0,0,1,0,0,0,0,0,8,20
2024041482018,2024,041482018,331547,442273,-3.04258,53.87213,3,3,3,20:00,-1,E06000009,6,0,8,0,1,19,"[1, 7]","[5, 3]",0,0,0,1,0,0,0,0,0,8,20
2024041482213,2024,041482213,370676,426897,-2.44603,53.73763,3,3,3,17:00,-1,E06000008,6,0,1,0,1,5,1,1,0,0,0,1,0,0,0,0,0,8,20
2024041482219,2024,041482219,385260,434845,-2.22532,53.80968,3,3,4,20:30,-1,E07000117,3,0,1,0,1,19,5,1,"[-1, 0]",0,0,1,1,0,0,0,0,8,14
2024041482320,2024,041482320,333729,441362,-3.0092,53.86422,3,3,4,12:30,-1,E07000128,3,0,1,0,2,"[11, 19]",1,5,0,0,0,1,0,0,0,0,0,8,21
2024041482371,2024,041482371,367361,428168,-2.49642,53.74885,3,3,1,22:20,-1,E06000008,6,2,1,0,1,"[2, 1]","[0, 8]","[0, 4]",0,0,0,1,0,0,0,0,0,8,18
2024041482383,2024,041482383,383531,433555,-2.25151,53.79804,2,2,4,17:21,-1,E07000117,4,0,1,0,2,"[4, 19]",7,3,0,0,0,1,0,0,0,0,0,8,14
2024041482444,2024,041482444,370790,427917,-2.4444,53.7468,2,"[2, 3]",1,16:50,-1,E06000008,4,0,1,0,1,19,"[5, 4]","[1, 8]",0,0,0,1,0,0,0,0,0,8,11
2024041482454,2024,041482454,332966,434891,-3.01939,53.80597,3,3,4,22:00,-1,E06000009,6,2,1,0,1,"[2, 19]","[0, 8]","[0, 4]",0,0,0,1,0,0,0,0,0,8,21
2024041482476,2024,041482476,358239,427226,-2.63461,53.73973,3,3,5,02:45,-1,E07000126,3,2,1,1,1,"[2, 19]",3,7,"[0, 4]",0,0,1,0,0,0,0,0,8,22
2024041482527,2024,041482527,356416,426338,-2.66212,53.7316,3,3,3,15:00,-1,E07000126,4,0,1,0,1,"[9, 19]",5,"[3, 1]",0,0,0,1,0,1,0,0,0,8,20
2024041482701,2024,041482701,330727,436170,-3.05367,53.81717,3,3,6,14:46,-1,E06000009,6,0,1,0,1,5,-1,-1,0,0,0,0,0,0,1,0,1,8,16
2024041482722,2024,041482722,358855,421293,-2.62448,53.68646,3,3,3,12:20,-1,E07000118,1,0,1,0,2,"[19, 2]",1,5,0,0,0,1,0,0,1,0,0,8,20
2024041482729,2024,041482729,332049,441681,-3.03481,53.86687,3,3,4,17:41,-1,E06000009,6,0,2,1,1,"[9, 19]","[3, 1]","[7, 5]",0,0,0,1,0,0,0,0,0,8,21
2024041482732,2024,041482732,356670,431605,-2.65901,53.77896,3,3,5,19:00,-1,E07000123,4,0,1,0,2,19,3,7,0,0,0,0,0,0,0,0,1,7,25
2024041482811,2024,041482811,369062,429278,-2.47074,53.75893,3,3,5,19:55,-1,E06000008,3,0,1,0,1,"[19, 2]","[5, 7]","[1, 3]",0,0,0,1,0,0,0,0,0,8,22
2024041482815,2024,041482815,333224,447580,-3.01824,53.92004,2,2,5,18:50,-1,E07000128,6,0,1,0,1,19,"[7, 1]",3,0,0,0,0,1,0,1,0,0,8,22
2024041482880,2024,041482880,369792,428214,-2.45956,53.74941,3,3,7,11:50,-1,E06000008,3,0,1,0,1,"[11, 19]",3,7,0,0,0,1,1,0,0,0,0,6,15
2024041483050,2024,041483050,376455,451044,-2.36028,53.95495,3,3,6,12:52,-1,E07000124,6,0,4,1,2,4,1,1,11,0,0,1,0,0,0,0,0,8,23
2024041483079,2024,041483079,348483,451990,-2.78667,53.96141,3,3,6,13:16,-1,E07000128,6,0,1,0,2,19,"[5, 1]","[1, 5]",0,0,0,1,0,0,0,0,0,8,23
2024041483123,2024,041483123,330654,434096,-3.05431,53.79853,3,3,6,12:56,-1,E06000009,6,0,4,0,1,"[13, 19]",1,5,0,0,0,1,0,0,0,1,0,8,23
2024041483182,2024,041483182,330598,435237,-3.05542,53.80877,3,3,6,18:25,-1,E06000009,3,0,9,0,1,19,"[5, -1]","[1, -1]",0,0,0,1,0,1,0,0,0,8,23
2024041483306,2024,041483306,383699,436083,-2.24909,53.82076,3,3,6,06:50,-1,E07000122,1,0,5,1,2,19,7,3,0,0,0,1,0,0,0,0,0,8,23
2024041483412,2024,041483412,332831,429354,-3.02023,53.7562,3,3,7,10:30,-1,E07000119,6,0,1,1,1,19,"[1, 3]","[5, 7]",0,0,0,1,1,0,0,0,0,8,24
2024041483457,2024,041483457,354131,422234,-2.69615,53.69452,2,2,5,14:00,-1,E07000126,6,0,1,0,1,"[9, 19]","[5, 1]","[3, 5]",0,0,0,1,1,0,0,0,0,8,22
2024041483606,2024,041483606,367891,429246,-2.4885,53.75857,3,3,1,19:40,-1,E06000008,6,0,1,0,1,19,5,1,0,0,0,1,0,0,0,0,1,8,11
2024041483630,2024,041483630,350276,441997,-2.75772,53.87178,3,3,3,08:00,-1,E07000128,4,0,1,0,2,"[19, 9]",5,1,0,0,0,1,0,0,0,1,0,8,6
2024041483694,2024,041483694,378423,431321,-2.3289,53.77777,3,3,7,15:28,-1,E07000117,3,0,1,0,2,"[4, 2]",1,5,"[4, 0]",0,0,1,0,0,0,0,0,8,24
2024041483697,2024,041483697,357985,415487,-2.63687,53.63421,3,3,6,17:50,-1,E07000118,6,0,1,0,1,19,"[7, 5]","[3, 1]",0,0,0,1,1,0,0,0,0,8,23
2024041483729,2024,041483729,374984,430581,-2.38102,53.77096,2,2,5,06:05,-1,E07000120,3,2,2,1,1,"[9, 19]",5,"[7, 1]",0,0,0,1,1,0,0,0,0,8,22
2024041483790,2024,041483790,350785,450626,-2.75137,53.94938,3,3,1,20:35,-1,E07000128,1,2,2,1,2,19,5,1,0,1,4,1,0,0,0,0,0,8,25
2024041483899,2024,041483899,351143,442158,-2.74456,53.87331,3,3,2,12:25,-1,E07000128,1,0,1,0,2,19,1,5,0,0,0,1,0,0,0,0,0,8,26
2024041483940,2024,041483940,347697,461383,-2.80027,54.04575,2,2,2,13:00,-1,E07000121,3,0,1,0,1,"[12, 19]",1,5,0,0,0,1,0,0,0,1,0,8,26
2024041483951,2024,041483951,375833,428959,-2.36802,53.75643,3,3,2,14:58,-1,E07000120,6,0,1,0,1,"[7, 9]","[7, 5]","[5, 7]",0,0,0,1,0,0,0,0,0,8,26
2024041483989,2024,041483989,358404,418584,-2.63095,53.66208,3,3,2,15:07,-1,E07000118,3,0,1,0,1,19,8,4,0,0,0,1,0,0,0,0,0,8,26
2024041484015,2024,041484015,359982,437927,-2.60958,53.83605,3,3,2,19:02,-1,E07000124,6,0,1,0,2,"[19, 5]","[7, 1]","[3, 5]",0,0,0,1,0,0,0,0,0,8,26
2024041484291,2024,041484291,336520,411312,-2.96059,53.59452,3,3,3,12:29,-1,E07000127,6,0,2,1,2,19,7,3,0,1,9,1,0,0,0,0,0,8,27
2024041484295,2024,041484295,378437,426449,-2.32835,53.73398,3,3,4,16:30,-1,E07000120,3,0,1,0,2,"[19, 2]",5,1,0,0,0,1,0,0,0,1,0,8,7
2024041484300,2024,041484300,340211,437224,-2.90984,53.82782,3,3,3,13:57,-1,E07000119,3,2,2,1,2,"[9, 19]","[2, 5]","[1, 5]",0,0,0,1,0,0,0,0,0,8,27
2024041484314,2024,041484314,369875,427977,-2.45828,53.74729,3,3,3,12:22,-1,E06000008,6,0,2,1,1,"[2, 19]","[0, 6]","[0, 8]","[0, 4]",0,0,1,0,0,0,0,0,8,27
2024041484329,2024,041484329,383795,430896,-2.24736,53.77415,2,2,3,16:06,-1,E07000117,3,0,8,1,2,"[11, 19]",3,"[8, 7]",0,0,0,1,0,0,0,0,0,8,27
2024041484450,2024,041484450,347719,475047,-2.8023,54.16854,3,3,3,13:54,-1,E07000121,6,0,2,1,2,19,"[2, 6]","[6, 2]",0,0,0,1,0,0,0,0,0,8,27
2024041484687,2024,041484687,353931,422594,-2.69923,53.69774,3,3,3,14:29,-1,E07000126,6,0,2,1,1,"[2, 1]","[0, 5]","[0, 1]","[0, 4]",0,0,1,0,0,0,0,0,8,27
2024041484729,2024,041484729,376304,431068,-2.36104,53.7754,3,3,2,16:41,-1,E07000120,1,0,1,0,2,19,"[7, 5]","[3, 1]",0,0,0,1,0,0,1,0,0,8,19
2024041484749,2024,041484749,370585,428736,-2.44759,53.75415,3,3,4,17:18,-1,E06000008,3,0,1,0,2,"[7, 19]","[3, 5]",7,0,0,0,1,0,1,0,0,0,8,28
2024041484750,2024,041484750,380155,420987,-2.30195,53.68496,3,3,3,15:40,-1,E07000125,6,2,2,1,2,"[9, 13]",1,"[3, 5]",0,0,0,1,0,0,0,0,0,8,27
2024041484756,2024,041484756,355093,431107,-2.68287,53.77435,3,3,4,19:15,-1,E07000123,6,0,1,0,1,"[19, 3]",3,7,"[-1, 0]",0,0,1,0,0,0,0,0,8,28
2024041484793,2024,041484793,368437,430936,-2.48039,53.7738,2,"[2, 3]",1,22:05,-1,E06000008,3,2,1,0,1,"[19, 5]","[3, 5]","[7, 1]",0,0,0,1,0,0,0,0,0,7,21
2024041484817,2024,041484817,335703,448416,-2.98067,53.92786,3,3,4,20:08,-1,E07000128,4,0,1,0,2,9,5,1,0,0,0,0,0,1,0,0,0,8,28
2024041485149,2024,041485149,340190,429483,-2.90866,53.75826,3,3,5,15:55,-1,E07000119,6,0,1,0,2,"[4, 19]","[1, 5]","[5, 1]","[0, 10]",0,0,1,0,0,0,0,0,8,29
2024041485168,2024,041485168,330579,436036,-3.05588,53.81595,3,3,5,19:18,-1,E06000009,3,0,1,0,1,19,1,5,0,1,10,1,0,0,0,0,0,8,29
2024041485184,2024,041485184,347544,438231,-2.79862,53.83767,3,3,5,18:00,-1,E07000128,6,0,1,0,2,19,"[5, 1]","[1, 5]",0,0,0,1,0,0,0,0,0,8,29
2024041485197,2024,041485197,335187,433638,-2.9854,53.795,2,"[3, 2]",5,17:49,-1,E06000009,3,0,1,0,2,19,7,"[1, 3]",0,0,0,1,0,0,0,0,0,8,29
2024041485200,2024,041485200,335202,433422,-2.98513,53.79306,3,3,3,17:20,-1,E07000119,3,0,1,0,2,"[19, 5]",5,1,0,0,0,1,0,0,0,0,0,8,27
2024041485220,2024,041485220,346807,406774,-2.80441,53.55488,2,2,5,18:56,-1,E07000127,3,0,1,0,1,"[9, 19]","[3, 7]","[5, 3]",0,0,0,1,0,1,0,0,0,8,29
2024041485221,2024,041485221,353620,434546,-2.70574,53.80513,2,"[3, 2]",4,17:55,-1,E07000123,1,0,1,0,2,"[19, 3]",7,3,0,0,0,1,0,0,0,0,0,8,28
2024041485224,2024,041485224,369537,428756,-2.46348,53.75427,2,"[3, 2]",5,22:49,-1,E06000008,6,2,1,0,1,19,"[3, 1]","[7, 5]",0,0,0,1,0,0,0,0,0,8,29
2024041485389,2024,041485389,366815,430068,-2.5049,53.76589,3,3,5,14:20,-1,E06000008,3,0,1,0,1,"[19, 1]","[3, 7]","[7, 3]",0,0,0,1,0,0,1,0,0,8,29
2024041485563,2024,041485563,361313,426667,-2.58794,53.73495,2,2,6,16:38,-1,E07000118,3,0,1,0,2,"[13, 2]",1,5,0,0,0,1,0,1,0,0,0,8,30
2024041485580,2024,041485580,382830,421984,-2.26151,53.69401,3,3,6,18:15,-1,E07000125,3,0,2,0,1,"[4, 13]","[3, 7]","[7, 3]",0,0,0,1,0,0,0,0,0,8,30
2024041485590,2024,041485590,337535,413918,-2.94578,53.61806,3,3,6,16:35,-1,E07000127,3,0,1,0,2,19,"[7, 3]","[3, 7]",0,"[1, 0]",0,1,0,0,0,0,0,8,30
2024041485598,2024,041485598,332974,446685,-3.02184,53.91196,2,2,4,12:30,-1,E07000128,3,0,2,1,2,19,"[1, 5]","[5, 1]",0,"[0, 1]",0,1,0,0,0,1,0,8,28
2024041485640,2024,041485640,339133,431050,-2.925,53.77222,3,3,7,03:40,-1,E07000119,4,2,1,0,2,"[7, 19]",3,7,0,0,0,1,0,0,0,0,0,8,31
2024041485660,2024,041485660,373566,430445,-2.40253,53.76967,2,2,7,19:28,-1,E07000120,3,0,1,0,2,19,8,2,0,0,0,1,0,0,0,0,0,8,24
2024041485760,2024,041485760,370651,425582,-2.44629,53.72581,2,2,7,11:02,-1,E06000008,1,0,1,0,2,19,1,5,9,1,1,1,0,0,0,0,0,8,31
2024041485785,2024,041485785,354707,413364,-2.68613,53.61485,3,3,7,10:15,-1,E07000118,1,0,1,0,2,"[4, 19]",1,5,0,0,0,1,0,0,0,0,0,8,31
2024041485831,2024,041485831,353819,435864,-2.70291,53.81699,3,3,7,16:50,-1,E07000123,4,0,1,0,2,"[19, 9]",6,2,0,0,0,1,0,0,0,0,0,8,31
2024041485896,2024,041485896,389054,441668,-2.16795,53.8711,3,3,1,02:08,-1,E07000122,3,2,1,0,2,19,1,5,10,7,11,1,0,0,0,0,0,9,1
2024041485933,2024,041485933,357178,427428,-2.65072,53.74146,3,3,7,12:30,-1,E07000126,1,0,1,0,2,19,1,5,0,0,0,1,0,0,0,0,0,8,31
2024041485937,2024,041485937,372755,425966,-2.41443,53.72937,2,2,7,14:25,-1,E07000120,4,0,1,0,2,"[9, 13]",1,"[3, 5]",0,"[0, 7]",0,1,0,1,0,0,0,8,31
2024041485941,2024,041485941,383463,432977,-2.25251,53.79284,3,3,1,14:30,-1,E07000117,6,0,1,0,1,19,6,2,0,0,0,1,0,0,0,0,1,5,12
2024041486065,2024,041486065,354191,429146,-2.69626,53.75665,2,2,6,12:10,-1,E07000123,6,0,1,0,1,"[4, 19]",7,3,0,"[0, 1]",0,1,1,0,0,0,0,8,30
2024041486079,2024,041486079,355414,419525,-2.67633,53.67029,3,3,6,09:40,-1,E07000118,3,0,1,0,1,5,5,1,0,0,0,1,0,0,0,0,0,8,30
2024041486085,2024,041486085,351273,441807,-2.74253,53.87017,2,2,1,16:22,-1,E07000128,6,0,2,1,2,"[7, 19]","[2, 1]","[6, 5]",0,0,0,1,1,0,0,0,0,9,1
2024041486153,2024,041486153,370117,424811,-2.4543,53.71885,3,3,5,16:58,-1,E06000008,1,0,1,0,1,19,3,7,0,0,0,1,0,0,1,0,0,8,29
2024041486434,2024,041486434,370020,420417,-2.45535,53.67935,3,3,1,16:01,-1,E06000008,6,0,1,0,1,"[19, 2]","[1, 5]","[5, 1]",0,0,0,1,1,0,0,0,0,9,1
2024041486461,2024,041486461,375371,430178,-2.37512,53.76736,3,3,6,14:00,-1,E07000120,3,0,1,0,1,19,-1,-1,0,0,0,1,0,0,0,0,1,8,30
2024041486512,2024,041486512,382064,432497,-2.27372,53.78848,3,3,1,19:20,-1,E07000117,1,0,8,1,1,11,7,3,10,"[0, 7]","[0, 4]",1,0,0,0,0,0,9,1
2024041486552,2024,041486552,348895,439793,-2.77835,53.85184,3,3,7,23:10,-1,E07000128,6,2,1,0,2,19,"[3, 7]","[7, 3]",0,0,0,1,0,0,0,0,0,7,27
2024041486566,2024,041486566,375530,428580,-2.37258,53.75301,3,3,2,20:47,-1,E07000120,6,2,1,1,1,"[9, 19]","[7, 5]","[4, 1]",0,"[7, 0]",0,1,0,0,0,0,0,9,2
2024041486606,2024,041486606,349333,408955,-2.76664,53.57473,2,2,3,06:59,-1,E07000127,6,0,1,0,2,19,5,1,0,1,2,1,0,0,0,0,0,9,3
2024041486764,2024,041486764,354103,429646,-2.69767,53.76113,3,3,5,18:05,-1,E07000123,6,0,1,0,1,19,3,7,0,0,0,1,0,0,0,0,1,8,22
2024041486820,2024,041486820,394050,441370,-2.09197,53.86851,3,3,5,12:10,-1,E07000122,3,0,4,0,2,"[19, 9]","[6, 4]","[2, 1]",0,"[7, 0]",0,1,0,0,0,0,0,8,22
2024041487502,2024,041487502,342092,417768,-2.87762,53.65319,3,3,5,08:00,-1,E07000127,4,0,1,0,2,19,7,3,0,1,0,1,0,0,0,0,0,9,5
2024041487537,2024,041487537,379860,433310,-2.30723,53.7957,3,3,4,19:40,-1,E07000117,6,0,1,0,1,1,-1,-1,0,0,0,1,0,0,0,0,1,9,4
2024041487549,2024,041487549,373812,427411,-2.39854,53.74241,3,3,5,12:04,-1,E07000120,4,0,1,0,1,19,2,6,0,0,0,0,0,0,1,0,1,9,5
2024041487699,2024,041487699,330887,434200,-3.05079,53.79949,3,3,5,15:13,-1,E06000009,4,0,8,0,1,"[10, 19]","[3, 5]","[5, 1]",0,"[3, 0]",0,1,0,0,0,0,0,9,5
2024041487717,2024,041487717,332332,443511,-3.03091,53.88335,3,3,7,18:30,-1,E07000128,6,0,1,0,1,"[9, 19]","[7, 1]",5,0,0,0,1,1,0,0,0,0,8,31
2024041487737,2024,041487737,388098,443838,-2.18258,53.89058,3,3,5,17:27,-1,E07000122,4,0,3,0,2,19,1,5,0,0,0,1,0,0,0,0,0,9,5
2024041487773,2024,041487773,330710,435852,-3.05385,53.81431,3,3,2,16:52,-1,E06000009,3,2,1,0,1,"[11, 19]",8,4,0,0,0,1,1,0,0,0,0,8,12
2024041487785,2024,041487785,361175,414757,-2.58854,53.62789,3,3,1,11:00,-1,E07000118,6,0,1,0,2,19,1,5,11,0,0,0,0,1,0,0,0,9,1
2024041487800,2024,041487800,368816,432607,-2.47481,53.78884,2,2,7,17:25,-1,E07000124,3,0,1,0,1,"[9, 19]","[7, 3]","[3, 7]",0,0,0,1,1,0,0,0,0,8,31
2024041487887,2024,041487887,370548,421732,-2.44748,53.6912,3,3,5,07:20,-1,E06000008,6,0,1,0,1,9,4,2,0,0,0,1,0,0,0,0,1,9,5
2024041488047,2024,041488047,354334,420761,-2.69285,53.6813,2,2,6,11:34,-1,E07000126,6,0,1,0,1,"[9, 19]","[7, 6]","[8, 6]",0,"[0, 7]","[0, 9]",1,0,1,0,0,0,9,6
2024041488082,2024,041488082,358163,416913,-2.63437,53.64704,3,3,5,09:33,-1,E07000118,4,0,1,0,1,19,"[6, 2]","[2, 6]",0,"[0, 1]",0,1,0,0,0,0,0,9,5
2024041488106,2024,041488106,335520,433511,-2.98032,53.7939,3,3,6,10:59,-1,E07000119,1,0,1,0,2,"[3, 12]",3,7,0,"[4, 0]",0,1,0,0,0,0,0,9,6
2024041488116,2024,041488116,345162,463629,-2.83938,54.06567,2,2,6,07:22,-1,E07000121,6,0,1,0,1,"[19, 9]","[2, 6]","[6, 4]",0,0,0,1,0,1,0,0,0,9,6
2024041488119,2024,041488119,385947,437241,-2.215,53.83124,3,3,6,09:45,-1,E07000122,6,0,1,0,1,"[19, 2]","[6, 8]","[2, 4]",0,0,0,1,0,0,0,0,0,9,6
2024041488120,2024,041488120,348555,454163,-2.78594,53.98095,2,2,6,15:34,-1,E07000121,3,0,1,0,2,"[9, 12]",1,2,0,1,0,1,0,1,0,0,0,9,6
2024041488134,2024,041488134,352452,435098,-2.72356,53.80998,3,3,6,12:00,-1,E07000123,4,0,1,0,2,19,"[3, 1]","[7, 5]",0,0,0,1,0,0,0,0,0,9,6
2024041488140,2024,041488140,370783,427921,-2.44451,53.74684,3,3,6,15:32,-1,E06000008,4,0,1,0,1,"[19, 5]","[1, 7]","[5, 3]",0,0,0,1,0,0,0,0,0,9,6
2024041488191,2024,041488191,359560,416974,-2.61324,53.6477,1,1,4,10:30,-1,E07000118,6,0,1,0,1,19,8,4,0,0,0,0,1,0,0,0,0,8,14
2024041488240,2024,041488240,370503,425811,-2.44855,53.72786,2,"[2, 3]",6,19:02,-1,E06000008,3,0,1,0,1,"[9, 19]","[1, 5]","[5, 1]",0,0,0,1,0,0,0,0,0,9,6
2024041488269,2024,041488269,332816,434464,-3.02157,53.80212,3,3,4,08:35,-1,E06000009,6,0,1,0,1,9,3,5,0,0,0,1,0,0,0,0,1,9,4
2024041488280,2024,041488280,371808,428009,-2.42897,53.74768,1,1,6,20:55,-1,E07000120,1,2,1,0,2,"[2, 19]","[0, 7]","[0, 3]",0,0,0,1,0,0,1,0,0,9,6
2024041488287,2024,041488287,334804,438499,-2.99225,53.83863,3,3,7,01:00,-1,E07000128,6,2,1,0,1,"[19, 2]",1,5,0,0,0,1,0,0,0,0,0,9,7
2024041488313,2024,041488313,345289,407906,-2.82752,53.5649,1,"[1, 3]",6,09:45,-1,E07000127,4,0,1,0,2,"[9, 19]","[3, 5]","[7, 1]",0,"[0, 1]","[0, 10]",1,0,1,0,0,0,9,6
2024041488368,2024,041488368,382682,432023,-2.26431,53.78424,3,3,6,15:14,-1,E07000117,6,0,1,0,1,"[19, 5]","[3, 5]","[7, 1]",0,0,0,1,0,1,0,0,0,9,6
2024041488453,2024,041488453,351679,436673,-2.73554,53.82407,3,3,7,13:04,-1,E07000123,3,0,1,0,2,19,1,5,0,1,0,0,0,1,0,0,0,9,7
2024041488503,2024,041488503,368257,427316,-2.48275,53.74125,3,3,7,14:51,-1,E06000008,3,0,1,0,1,"[9, 19]","[3, 7]","[7, 3]",0,0,0,1,0,1,0,0,0,9,7
2024041488524,2024,041488524,354836,425038,-2.68588,53.71978,3,3,5,10:40,-1,E07000126,3,0,1,1,2,19,3,7,0,0,0,1,0,0,0,0,0,9,5
2024041488562,2024,041488562,349451,408087,-2.76471,53.56694,2,"[3, 2]",7,22:03,-1,E07000127,6,2,1,0,2,19,5,1,0,1,4,1,0,0,0,0,0,9,7
2024041488599,2024,041488599,361549,412953,-2.58266,53.61171,2,"[3, 2]",1,00:29,-1,E07000118,1,2,1,0,2,19,1,5,0,0,0,1,0,0,0,0,0,9,8
2024041488687,2024,041488687,385798,421794,-2.21655,53.6924,3,3,4,07:26,-1,E07000125,6,0,1,0,1,19,-1,-1,0,-1,0,1,0,0,0,0,1,9,4
2024041488750,2024,041488750,351191,444943,-2.74427,53.89835,2,2,1,10:45,-1,E07000128,6,0,1,1,2,9,8,5,0,0,0,0,1,0,0,0,0,9,8
2024041488766,2024,041488766,350320,470215,-2.76167,54.12538,2,"[3, 2]",1,15:10,-1,E07000121,4,0,2,1,2,19,"[3, 6]","[7, 2]",0,0,0,1,0,0,0,0,0,9,8
2024041488772,2024,041488772,361360,470409,-2.59278,54.12807,3,3,7,13:05,-1,E07000121,6,0,1,0,2,"[9, 19]","[3, 6]","[7, 3]",0,0,0,1,0,1,0,0,0,9,7
2024041488808,2024,041488808,342969,429204,-2.86646,53.75606,3,3,4,08:45,-1,E07000119,3,0,1,0,2,19,7,3,0,0,0,1,0,0,0,0,0,9,4
2024041488825,2024,041488825,353850,431542,-2.70179,53.77815,3,3,1,21:42,-1,E07000123,4,2,8,1,1,19,3,7,0,0,0,1,0,0,0,0,1,9,8
2024041488840,2024,041488840,370386,429485,-2.45068,53.76087,2,2,6,10:44,-1,E07000120,6,0,1,0,1,4,"[2, 3]","[4, 1]",0,0,0,1,0,0,0,0,0,9,6
2024041488863,2024,041488863,342626,403745,-2.86695,53.52722,2,"[2, 3]",1,11:53,-1,E07000127,1,0,2,1,2,19,7,3,0,2,7,1,0,0,0,0,0,9,8
2024041489190,2024,041489190,378212,422556,-2.33148,53.69898,3,3,1,14:50,-1,E07000125,3,0,1,1,1,19,5,1,0,1,11,1,0,0,0,0,0,9,8
2024041489204,2024,041489204,341280,447765,-2.89563,53.92268,3,3,2,13:30,-1,E07000128,3,0,1,0,2,19,3,1,0,7,0,1,0,0,0,0,0,9,9