collision_index,collision_year,collision_ref_no,location_easting_osgr,location_northing_osgr,longitude,latitude,casualty_severity,casualty_severity,day_of_week,time,local_authority_district,local_authority_ons_district,first_road_class,light_conditions,weather_conditions,road_surface_conditions,urban_or_rural_area,vehicle_manoeuvre,vehicle_direction_from,vehicle_direction_to,hit_object_in_carriageway,vehicle_leaving_carriageway,hit_object_off_carriageway,is_car,is_cyle,is_mcyle,is_goodsv,is_other,is_pedestrian,month,day
2024041489222,2024,041489222,341813,408956,-2.88019,53.57396,2,2,2,17:24,-1,E07000127,4,0,1,0,1,7,5,7,0,0,0,1,0,0,0,0,1,9,9
2024041489225,2024,041489225,384499,431820,-2.23673,53.78247,2,2,6,17:40,-1,E07000117,6,0,1,0,1,19,"[3, 1]","[7, 1]",0,0,0,1,1,0,0,0,0,9,6
2024041489298,2024,041489298,353630,429943,-2.70489,53.76376,3,3,4,08:11,-1,E07000123,6,0,1,0,1,"[9, 19]","[5, 1]","[3, 5]",0,0,0,1,1,0,0,0,0,9,4
2024041489300,2024,041489300,356708,432296,-2.65853,53.78517,3,3,4,07:52,-1,E07000123,6,0,1,0,1,1,-1,-1,0,0,0,1,0,0,0,0,1,9,4
2024041489305,2024,041489305,356433,422591,-2.66134,53.69793,3,3,5,07:25,-1,E07000118,6,0,1,1,1,19,"[1, 3]","[5, 7]",0,"[7, 0]",0,1,1,0,0,0,0,9,5
2024041489313,2024,041489313,383749,432690,-2.24815,53.79027,2,2,2,20:06,-1,E07000117,3,2,1,0,1,19,2,4,0,0,0,1,0,0,0,0,1,9,9
2024041489481,2024,041489481,330829,438094,-3.05255,53.83448,2,2,2,13:25,-1,E06000009,6,0,1,0,1,19,"[1, 3]","[5, 7]",0,0,0,1,0,1,0,0,0,9,9
2024041489489,2024,041489489,360039,414175,-2.60564,53.62258,3,3,6,21:55,-1,E07000118,6,2,1,0,1,"[9, 19]","[-1, 5]","[-1, 1]",0,"[-1, 0]",0,1,1,0,0,0,0,8,30
2024041489652,2024,041489652,350745,441595,-2.75052,53.86821,2,2,3,07:20,-1,E07000128,6,0,4,1,2,"[9, 7]","[3, 1]","[7, 5]",0,"[0, 1]",0,1,0,0,0,0,0,9,10
2024041489683,2024,041489683,353456,427231,-2.70712,53.73937,3,3,7,05:28,-1,E07000126,4,2,1,1,1,19,2,6,0,0,0,1,0,0,0,0,1,8,24
2024041489689,2024,041489689,354218,411264,-2.69321,53.59594,2,"[2, 3]",6,14:03,-1,E07000127,1,0,1,0,1,"[19, 4]","[1, 5]","[5, 1]","[7, 0]","[6, 0, 1]","[6, 0, 7]",1,0,0,1,1,0,8,30
2024041489720,2024,041489720,353291,431647,-2.71029,53.77905,2,2,2,14:55,-1,E07000123,3,0,1,0,1,"[19, 6]",5,"[1, 5]",0,0,0,1,0,1,0,0,0,9,9
2024041489807,2024,041489807,350493,429663,-2.75243,53.76096,1,"[2, 1]",3,22:55,-1,E07000123,6,2,2,1,1,19,3,7,0,0,0,1,0,0,0,0,0,9,10
2024041489864,2024,041489864,378396,431656,-2.32933,53.78078,3,3,4,07:40,-1,E07000117,3,0,2,1,2,"[7, 19]","[1, 5]","[8, 7]",0,0,0,1,0,0,0,0,0,9,11
2024041489956,2024,041489956,350245,414039,-2.75368,53.62051,3,3,3,10:30,-1,E07000118,6,0,2,1,2,19,"[4, 8]","[8, 4]",0,0,0,1,0,0,0,0,0,9,10
2024041490121,2024,041490121,349616,429913,-2.76577,53.76312,3,3,4,14:30,-1,E07000123,6,0,1,1,1,5,8,4,0,7,9,1,0,0,0,0,0,9,11
2024041490275,2024,041490275,374432,429577,-2.38932,53.76191,3,3,6,15:40,-1,E07000120,3,0,1,0,2,4,8,4,0,0,0,0,0,1,0,0,0,7,19
2024041490286,2024,041490286,350855,405133,-2.74305,53.54053,3,3,5,04:00,-1,E07000127,5,2,2,1,1,9,7,1,7,0,0,1,0,0,0,0,0,9,12
2024041490395,2024,041490395,355490,428484,-2.67647,53.75081,3,3,5,08:14,-1,E07000126,3,0,1,1,1,19,5,1,0,0,0,0,0,1,0,0,0,9,12
2024041490407,2024,041490407,336746,433613,-2.96173,53.79496,3,3,5,09:11,-1,E07000119,1,0,8,1,2,11,3,7,0,1,0,0,0,1,0,0,0,9,12
2024041490539,2024,041490539,357598,426352,-2.64421,53.73183,2,"[3, 2]",5,08:00,-1,E07000126,1,0,1,0,2,19,5,1,0,0,0,1,0,0,0,0,0,9,12
2024041490722,2024,041490722,372669,427710,-2.41589,53.74504,2,2,5,07:45,-1,E07000120,4,0,1,0,1,"[19, 9]","[5, 1]","[5, 2]",0,0,0,1,0,0,0,0,0,9,12
2024041490732,2024,041490732,355073,427582,-2.68266,53.74267,3,3,5,15:15,-1,E07000126,3,0,1,0,2,"[9, 7, 19]","[1, 5]","[7, 5, 1]",0,"[6, 0]",0,1,0,0,0,0,0,9,12
2024041490761,2024,041490761,342245,440299,-2.87952,53.85569,2,"[3, 2]",5,16:50,-1,E07000128,3,0,1,0,2,"[3, 19]",3,7,"[0, 4]",0,0,1,0,0,0,0,0,9,12
2024041490788,2024,041490788,336060,440392,-2.97356,53.8558,3,3,5,17:02,-1,E07000119,3,0,1,0,1,19,"[5, 3]","[3, 1]",0,0,0,1,0,0,0,0,0,9,12
2024041490824,2024,041490824,332658,446760,-3.02667,53.91259,3,3,4,12:05,-1,E07000128,6,0,1,0,1,"[19, 2]","[5, 0]","[1, 0]",0,0,0,1,0,0,1,0,0,9,11
2024041490848,2024,041490848,348763,406378,-2.77482,53.55152,2,2,5,11:55,-1,E07000127,6,0,1,0,2,5,1,7,9,0,0,1,0,0,0,0,0,6,27
2024041490872,2024,041490872,356231,433070,-2.66588,53.79209,3,3,1,18:20,-1,E07000123,1,0,1,0,2,19,1,5,0,0,0,1,0,0,0,0,0,6,23
2024041490898,2024,041490898,352134,429683,-2.72754,53.76129,3,3,5,13:55,-1,E07000123,6,0,1,0,1,"[19, 5]","[1, 3]",5,0,0,0,1,0,0,0,0,0,7,11
2024041490910,2024,041490910,348202,425850,-2.78654,53.72646,3,3,6,15:00,-1,E07000126,6,0,1,0,1,"[19, 2, 14]","[5, 0, 1]","[1, 0, 5]","[0, 4]",0,0,1,0,0,0,0,0,7,19
2024041490996,2024,041490996,356304,432051,-2.66463,53.78294,3,3,3,19:00,-1,E07000123,6,0,1,0,1,19,2,6,0,0,0,0,0,1,0,0,1,9,10
2024041491041,2024,041491041,333515,447746,-3.01384,53.92157,3,3,6,10:43,-1,E07000128,6,0,1,0,1,9,7,5,0,0,0,1,0,0,0,0,1,9,13
2024041491094,2024,041491094,349551,425428,-2.76602,53.7228,2,2,5,20:40,-1,E07000126,3,2,1,0,1,19,"[5, 1]","[1, 5]","[0, 7]","[7, 0]","[0, 4]",1,0,0,0,0,0,9,12
2024041491096,2024,041491096,354980,431501,-2.68464,53.77788,3,3,6,13:55,-1,E07000123,4,0,1,0,1,19,3,3,0,0,0,1,0,0,0,0,1,9,13
2024041491112,2024,041491112,355220,428856,-2.68062,53.75413,2,2,6,08:10,-1,E07000123,3,0,1,0,1,"[19, 5]","[1, 3]","[5, 7]",0,0,0,0,1,0,1,0,0,9,13
2024041491120,2024,041491120,373149,432761,-2.40905,53.79047,3,3,5,21:12,-1,E07000120,6,2,1,1,1,"[19, 9]","[4, 2]","[2, 6]",0,0,0,1,0,0,0,0,0,9,12
2024041491133,2024,041491133,382619,432805,-2.26531,53.79127,3,3,3,12:40,-1,E07000117,6,0,1,0,1,19,1,5,0,0,0,1,0,0,0,0,1,9,10
2024041491201,2024,041491201,333708,441346,-3.00952,53.86408,3,3,6,18:30,-1,E07000128,3,0,1,0,1,"[19, 11]","[5, 3]",7,0,3,0,1,0,0,0,0,0,9,13
2024041491225,2024,041491225,355332,434451,-2.67973,53.80443,2,"[2, 3]",5,22:20,-1,E07000123,6,2,1,0,2,19,7,3,0,1,11,1,0,0,0,0,0,9,12
2024041491244,2024,041491244,385323,427712,-2.22402,53.74557,2,2,1,10:00,-1,E07000117,6,0,1,0,2,19,4,8,0,0,0,0,0,1,0,0,0,9,1
2024041491274,2024,041491274,382115,432646,-2.27295,53.78982,2,2,7,02:29,-1,E07000117,6,2,1,0,1,19,5,1,0,7,10,1,0,0,0,0,0,9,14
2024041491275,2024,041491275,376101,428868,-2.36394,53.75562,2,2,6,21:48,-1,E07000120,3,2,1,0,1,19,"[5, 1]","[1, 5]",0,0,0,1,0,0,0,0,0,9,13
2024041491278,2024,041491278,332358,430070,-3.02756,53.76257,2,"[3, 2]",7,03:41,-1,E07000119,6,2,1,0,1,"[2, 19]","[0, 3]","[0, 7]","[0, 4]",0,0,1,0,0,0,0,0,9,14
2024041491424,2024,041491424,347651,461576,-2.801,54.04748,2,2,5,21:00,-1,E07000121,6,2,1,0,1,2,7,3,0,0,0,0,0,0,1,0,1,9,12
2024041491426,2024,041491426,373904,437416,-2.39799,53.83234,2,2,7,08:05,-1,E07000124,3,0,1,0,2,19,7,3,0,0,0,0,0,1,0,0,0,9,14
2024041491456,2024,041491456,386110,437791,-2.21255,53.83618,3,3,7,15:27,-1,E07000122,3,0,1,0,1,"[9, 19]","[4, 5]","[6, 1]",0,0,0,1,0,0,0,0,0,9,14
2024041491562,2024,041491562,330590,435891,-3.05568,53.81465,3,3,7,23:20,-1,E06000009,3,2,1,1,2,19,5,1,0,0,0,1,0,0,0,0,1,9,14
2024041491590,2024,041491590,357320,426234,-2.64841,53.73074,3,3,5,16:45,-1,E07000126,1,0,1,0,2,19,1,5,0,0,0,1,0,0,0,0,0,9,12
2024041491603,2024,041491603,353803,421527,-2.70101,53.68814,3,3,6,18:25,-1,E07000126,4,0,1,0,1,19,7,3,0,0,0,1,0,0,0,0,1,9,13
2024041491605,2024,041491605,330672,434978,-3.05423,53.80645,3,3,6,21:00,-1,E06000009,4,2,1,0,1,"[19, 9]","[8, 5]","[3, 2]",0,0,0,1,0,1,0,0,0,9,13
2024041491687,2024,041491687,331842,440430,-3.03768,53.8556,2,2,5,08:50,-1,E06000009,6,0,1,0,1,19,5,1,0,0,0,1,0,0,0,0,1,9,12
2024041491761,2024,041491761,351153,450270,-2.7457,53.94622,3,3,1,03:06,-1,E07000128,6,2,1,0,2,19,5,1,0,1,4,1,0,0,0,0,0,9,8
2024041491796,2024,041491796,367576,428839,-2.49323,53.7549,2,2,1,18:30,-1,E06000008,6,2,2,1,1,19,1,5,0,0,0,1,0,0,0,0,1,9,15
2024041491865,2024,041491865,375333,430213,-2.3757,53.76767,3,3,1,14:15,-1,E07000120,3,0,1,0,1,9,3,7,0,0,0,1,0,0,0,0,1,9,15
2024041492042,2024,041492042,386910,422933,-2.19976,53.70266,2,2,2,08:30,-1,E07000125,3,0,1,0,1,7,1,5,0,0,0,1,0,0,0,0,1,9,16
2024041492049,2024,041492049,358694,419473,-2.62668,53.67009,3,3,4,21:21,-1,E07000118,3,2,1,0,2,19,5,1,0,0,0,1,0,0,0,0,0,9,11
2024041492175,2024,041492175,356502,426068,-2.66078,53.72918,2,2,4,07:20,-1,E07000126,4,0,1,0,1,"[9, 19]","[3, 1]","[1, 5]",0,0,0,1,1,0,0,0,0,9,4
2024041492206,2024,041492206,331313,438174,-3.04522,53.83526,2,"[3, 2]",1,19:12,-1,E06000009,4,2,1,0,1,19,"[5, 3]","[1, 7]",0,"[3, 0]","[3, 0]",1,0,0,0,0,0,9,15
2024041492211,2024,041492211,331224,441602,-3.04734,53.86605,2,2,2,17:01,-1,E06000009,3,0,1,0,1,"[19, 9]","[7, 3]","[7, 1]",0,0,0,1,0,1,0,0,0,9,16
2024041492231,2024,041492231,341096,408737,-2.89097,53.57191,3,3,2,21:57,-1,E07000127,3,2,1,0,1,19,"[3, 1]","[5, 3]",0,"[0, 1]","[0, 7]",1,0,0,0,0,0,9,16
2024041492241,2024,041492241,368805,428816,-2.47459,53.75477,3,3,6,13:50,-1,E06000008,3,0,1,0,1,"[19, 3]",5,1,0,0,0,1,0,0,0,0,0,9,6
2024041492245,2024,041492245,342095,401403,-2.87453,53.50611,2,"[3, 2]",2,22:20,-1,E07000127,6,2,1,0,2,19,"[5, 1]","[1, 5]",0,0,0,1,0,1,0,0,0,9,16
2024041492249,2024,041492249,332488,434616,-3.02658,53.80344,3,3,1,08:00,-1,E06000009,3,2,1,0,1,19,1,1,0,0,0,0,1,0,0,0,0,9,1
2024041492323,2024,041492323,350877,430601,-2.74675,53.76942,3,3,3,08:29,-1,E07000123,6,0,1,0,1,19,5,1,0,0,0,1,0,0,0,0,1,9,17
2024041492338,2024,041492338,348077,412881,-2.78626,53.6099,3,3,2,10:07,-1,E07000127,6,0,1,0,2,"[19, 11]","[2, 4]","[6, 8]",0,0,0,1,0,0,0,0,0,9,16
2024041492451,2024,041492451,374170,438231,-2.39402,53.83968,3,3,3,08:32,-1,E07000124,3,0,1,0,2,"[7, 19]",5,1,0,0,0,1,0,0,0,0,0,9,17
2024041492545,2024,041492545,372884,431829,-2.41299,53.78207,2,2,3,07:25,-1,E07000120,6,0,8,0,1,"[19, 2]",7,3,0,0,0,1,0,0,0,1,0,9,17
2024041492650,2024,041492650,332447,432585,-3.02676,53.78518,2,"[3, 2]",2,16:40,-1,E06000009,6,0,8,0,1,19,"[1, 7]","[1, 7]",0,"[3, 0]","[11, 0]",1,0,0,0,0,0,9,16
2024041492694,2024,041492694,370487,425877,-2.4488,53.72845,2,2,3,20:50,-1,E06000008,3,2,1,0,1,19,"[1, 5]","[7, 1]",0,0,0,1,0,1,0,0,0,9,17
2024041492712,2024,041492712,353289,429532,-2.71,53.76004,3,3,4,02:50,-1,E07000123,6,2,1,0,1,19,6,2,0,0,0,0,0,0,0,1,1,9,18
2024041492797,2024,041492797,333581,447599,-3.0128,53.92025,2,2,7,03:20,-1,E07000128,3,2,2,1,1,19,1,5,7,7,1,1,0,0,0,0,0,9,14
2024041492830,2024,041492830,342915,429364,-2.86731,53.75749,2,"[2, 3]",4,07:52,-1,E07000119,6,0,8,0,2,"[19, 6]",3,"[3, 7]",0,0,0,1,0,0,0,0,0,9,18
2024041492933,2024,041492933,370518,425800,-2.44832,53.72776,3,3,4,08:59,-1,E06000008,3,0,1,0,1,"[19, 9]","[1, 5]","[5, 3]",0,0,0,1,0,0,0,0,0,9,18
2024041493016,2024,041493016,357874,423586,-2.63965,53.70699,3,3,3,11:46,-1,E07000118,3,0,1,0,1,"[9, 19]","[1, 7]",3,0,0,0,1,0,1,0,0,0,9,17
2024041493032,2024,041493032,377363,445417,-2.34603,53.90442,2,2,1,19:48,-1,E07000124,3,2,2,1,2,19,3,7,0,0,0,1,0,0,0,0,1,9,8
2024041493114,2024,041493114,379243,431804,-2.31649,53.78214,3,3,4,17:18,-1,E07000117,1,0,1,0,2,19,"[7, -1]","[3, -1]",0,0,0,1,0,0,0,0,0,9,18
2024041493117,2024,041493117,347508,461744,-2.80322,54.04897,2,2,3,10:45,-1,E07000121,3,0,1,0,1,2,5,1,0,0,0,1,0,0,0,0,0,9,17
2024041493179,2024,041493179,366489,426070,-2.50942,53.72994,2,2,4,17:28,-1,E06000008,6,0,1,0,1,19,1,5,0,0,0,1,0,0,0,0,1,9,18
2024041493199,2024,041493199,384535,433908,-2.23629,53.80124,3,3,3,14:50,-1,E07000117,3,0,1,0,1,19,1,5,0,0,0,1,1,1,0,0,0,9,17
2024041493245,2024,041493245,333076,436822,-3.01814,53.82334,3,3,4,12:05,-1,E06000009,3,0,1,0,1,19,1,5,0,0,0,1,0,0,0,0,0,9,18
2024041493392,2024,041493392,349808,426653,-2.76233,53.73384,3,3,3,15:30,-1,E07000126,6,0,1,0,1,"[8, 19]",2,6,0,0,0,1,1,0,0,0,0,9,17
2024041493555,2024,041493555,348341,445197,-2.78768,53.90035,3,3,5,14:51,-1,E07000128,3,0,1,0,2,"[10, 19, 3]","[7, 5, 3]","[5, 1, 7]",0,0,0,1,0,0,0,0,0,9,19
2024041493583,2024,041493583,354056,421607,-2.69719,53.68888,3,3,4,20:30,-1,E07000126,4,2,1,0,1,19,1,5,0,0,0,0,0,1,0,0,0,9,18
2024041493669,2024,041493669,358521,417757,-2.62907,53.65465,3,3,5,16:45,-1,E07000118,6,0,1,0,1,"[9, 19]","[5, 7]",3,0,0,0,1,0,1,0,0,0,9,19
2024041493671,2024,041493671,368766,422905,-2.47458,53.70164,3,3,5,15:15,-1,E06000008,3,0,1,0,1,"[9, 19]",1,5,0,0,0,1,0,0,0,0,0,9,19
2024041493679,2024,041493679,368597,428731,-2.47774,53.75399,3,3,5,20:40,-1,E06000008,6,2,1,0,1,"[19, 2]","[1, 0]","[5, 0]","[4, 0]",0,0,1,0,0,0,0,0,9,19
2024041493760,2024,041493760,330971,438540,-3.05049,53.8385,3,3,6,06:50,-1,E06000009,6,0,1,0,1,"[19, 5]","[1, 7]","[5, 3]",0,0,0,1,0,0,0,0,0,9,20
2024041493811,2024,041493811,375888,427903,-2.3671,53.74694,3,3,5,19:00,-1,E07000120,6,2,1,0,1,-1,-1,-1,-1,-1,0,1,0,0,0,0,1,9,19
2024041493873,2024,041493873,355627,436361,-2.67553,53.82162,3,3,6,11:20,-1,E07000123,4,0,1,0,2,"[2, 19]","[0, 3]","[0, 7]",0,0,0,1,1,0,0,0,0,9,20
2024041494032,2024,041494032,388096,417668,-2.18159,53.65537,3,3,4,08:05,-1,E07000125,6,0,1,0,1,6,7,3,0,0,0,1,0,0,0,0,1,9,18
2024041494049,2024,041494049,339897,430733,-2.91334,53.76946,3,3,6,19:24,-1,E07000119,6,2,1,0,2,19,5,1,0,0,0,1,0,0,0,0,0,9,20
2024041494109,2024,041494109,366699,424730,-2.50609,53.71791,1,"[2, 3, 1]",6,20:56,-1,E06000008,6,2,1,0,2,19,"[1, 3]","[5, 7]",0,"[2, 0]","[11, 0]",1,0,0,0,0,0,9,20
2024041494163,2024,041494163,353024,426285,-2.71353,53.73083,3,3,5,16:30,-1,E07000126,6,0,1,0,2,19,-1,-1,0,0,0,1,0,0,0,0,1,9,19
2024041494212,2024,041494212,356556,414496,-2.65834,53.62518,3,3,7,07:48,-1,E07000118,6,0,8,0,2,5,7,3,10,7,1,1,0,0,0,0,1,9,21
2024041494300,2024,041494300,343128,462638,-2.87027,54.05654,1,1,7,07:51,-1,E07000121,4,0,1,0,2,19,7,3,0,0,0,1,1,0,0,0,0,9,21
2024041494312,2024,041494312,360081,436593,-2.6079,53.82406,3,3,4,15:30,-1,E07000124,4,0,1,0,2,19,-1,-1,0,0,0,1,0,0,0,0,1,9,18
2024041494357,2024,041494357,334343,428510,-2.99712,53.74881,3,3,7,22:05,-1,E07000119,6,2,1,0,1,"[19, 2]",3,8,0,0,0,1,0,0,0,0,0,9,21
2024041494404,2024,041494404,330624,437043,-3.05543,53.82501,2,2,1,01:56,-1,E06000009,3,2,1,1,1,"[19, 4]","[-1, 1]","[-1, 1]",0,0,0,1,0,0,0,0,0,9,22
2024041494413,2024,041494413,342877,406583,-2.86369,53.55275,3,3,1,02:22,-1,E07000127,3,2,1,1,2,"[7, 19]","[6, 4]",8,0,0,0,1,0,0,0,0,0,9,22
2024041494418,2024,041494418,364871,429958,-2.53438,53.76478,3,3,1,06:05,-1,E07000124,3,2,1,0,2,19,8,4,0,1,11,1,0,0,0,0,0,9,22
2024041494435,2024,041494435,332924,437049,-3.0205,53.82536,2,2,1,05:10,-1,E06000009,3,2,2,1,1,19,5,1,10,0,0,1,0,0,0,0,0,9,22
2024041494510,2024,041494510,353274,431827,-2.71058,53.78066,3,3,5,17:10,-1,E07000123,3,0,1,0,1,"[9, 19]","[5, 1]","[1, 5]",0,0,0,1,1,0,0,0,0,9,19
2024041494536,2024,041494536,363907,428024,-2.54878,53.74733,3,3,1,13:25,-1,E06000008,6,2,2,1,2,19,7,3,0,0,0,0,0,1,0,0,0,9,22
2024041494544,2024,041494544,332761,432329,-3.02194,53.78292,3,3,1,14:48,-1,E06000009,3,0,1,0,1,11,7,7,10,0,0,1,0,0,0,0,0,9,22
2024041494600,2024,041494600,378787,422971,-2.3228,53.70274,2,2,1,18:40,-1,E07000125,3,2,2,1,1,19,8,4,0,0,0,1,0,0,0,0,1,9,22
2024041494630,2024,041494630,331674,435495,-3.03914,53.81123,3,3,1,18:38,-1,E06000009,6,0,1,1,1,"[2, 19]","[0, 5, 3]","[0, 1, 7]","[0, 4]",0,0,1,0,0,0,0,0,9,22
2024041494695,2024,041494695,375511,429357,-2.37293,53.75999,3,3,1,19:45,-1,E07000120,6,2,9,0,1,19,-1,-1,0,0,0,0,0,1,0,0,1,9,22
2024041494701,2024,041494701,386040,438159,-2.21363,53.83949,3,3,1,16:30,-1,E07000122,3,0,1,0,1,"[19, 5]","[1, 3]","[5, 7]",0,0,0,1,0,1,0,0,0,7,28
2024041494820,2024,041494820,355733,423362,-2.67205,53.7048,2,"[3, 2]",2,10:20,-1,E07000118,3,0,2,1,2,"[3, 19]","[1, 5]","[5, 1]",0,0,0,1,0,1,0,0,0,9,23
2024041494966,2024,041494966,350998,432256,-2.74518,53.78431,2,2,2,16:50,-1,E07000123,4,0,2,1,1,19,"[1, 7]","[5, 3]",0,0,0,1,0,0,0,0,0,9,23
2024041494967,2024,041494967,355401,430355,-2.67809,53.76762,3,3,2,15:50,-1,E07000123,4,0,1,1,1,"[9, 13]",2,6,0,"[0, 7]",0,1,0,1,0,0,0,9,23
2024041494992,2024,041494992,344007,464466,-2.85719,54.07306,2,2,2,17:20,-1,E07000121,6,0,1,1,1,"[19, 2]","[7, 0]","[3, 0]","[4, 0]",0,0,1,0,0,0,0,0,9,23
2024041494994,2024,041494994,354696,469887,-2.69466,54.12284,3,3,2,17:18,-1,E07000121,6,0,1,1,2,19,1,5,0,1,0,1,0,0,0,0,0,9,23
2024041495062,2024,041495062,334695,427279,-2.99152,53.73779,2,"[3, 2]",2,15:37,-1,E07000119,6,0,1,0,2,"[19, 2]","[4, 0]","[8, 0]",0,0,0,1,0,0,0,0,0,9,16
2024041495304,2024,041495304,332835,437209,-3.02188,53.82679,3,3,4,08:30,-1,E06000009,3,0,1,0,1,19,5,1,0,0,0,0,0,1,0,0,1,9,4
2024041495496,2024,041495496,355412,425186,-2.67717,53.72116,3,3,3,17:15,-1,E07000126,3,0,1,0,2,"[4, 5]",3,7,0,0,0,1,0,1,0,0,0,9,24
2024041495527,2024,041495527,382905,432798,-2.26097,53.79121,2,2,6,13:09,-1,E07000117,1,0,1,0,1,"[19, 11]","[7, 3]","[3, 7]",0,"[0, 2]","[0, 7]",1,0,0,1,0,0,9,20
2024041495566,2024,041495566,358421,424770,-2.63152,53.71767,3,3,3,13:52,-1,E07000126,1,0,1,0,2,19,"[5, 7]","[1, 3]",0,0,0,1,0,0,1,0,0,9,24
2024041495582,2024,041495582,333092,436827,-3.01789,53.82339,2,2,3,15:14,-1,E06000009,3,0,1,0,1,19,"[5, 7]","[1, 3]",0,0,0,1,0,1,0,0,0,9,24
2024041495639,2024,041495639,376562,425131,-2.35667,53.72205,2,"[2, 3]",4,07:37,-1,E07000120,4,0,1,1,2,5,3,7,0,1,11,1,0,0,0,0,0,9,25
2024041495701,2024,041495701,382273,422569,-2.26997,53.69925,3,3,3,07:50,-1,E07000125,6,2,9,1,1,19,1,5,0,0,0,1,1,0,0,0,0,9,17
2024041495740,2024,041495740,353606,429681,-2.70522,53.76141,3,3,3,07:00,-1,E07000123,3,0,1,0,1,19,-1,-1,0,0,0,0,0,1,0,0,1,9,24
2024041495763,2024,041495763,336457,447959,-2.9691,53.92385,3,3,3,20:00,-1,E07000128,4,2,1,0,2,"[19, -1]","[5, -1]","[1, -1]","[0, -1]","[0, -1]",0,1,1,0,0,0,0,9,24
2024041495796,2024,041495796,354201,430540,-2.69632,53.76918,3,3,1,14:40,-1,E07000123,6,0,1,1,1,19,3,7,0,0,0,0,0,1,0,0,1,9,22
2024041495947,2024,041495947,332095,446544,-3.03519,53.91058,3,3,4,16:05,-1,E07000128,3,0,1,0,1,19,5,1,0,0,0,0,0,0,1,0,1,9,25
2024041495951,2024,041495951,373105,428298,-2.40933,53.75035,2,2,4,17:05,-1,E07000120,3,0,2,1,1,19,2,6,0,0,0,1,0,0,0,0,1,9,25
2024041496022,2024,041496022,381572,432037,-2.28116,53.78433,2,"[2, 3]",5,06:40,-1,E07000117,3,0,8,1,1,12,3,7,0,0,0,1,0,0,0,0,0,9,26
2024041496123,2024,041496123,354599,419341,-2.68863,53.66856,3,3,2,14:50,-1,E07000118,6,0,1,0,2,19,"[1, 5]","[5, 1]",0,0,0,1,0,0,0,0,0,9,23
2024041496268,2024,041496268,333858,448055,-3.00869,53.92439,2,2,5,11:24,-1,E07000128,6,0,2,1,1,19,1,5,11,0,0,0,1,0,0,0,0,9,26
2024041496274,2024,041496274,336365,447767,-2.97046,53.92211,3,3,4,15:30,-1,E07000128,4,0,1,0,2,"[2, 19]","[5, -1]","[1, -1]",0,0,0,1,0,0,0,0,0,9,25
2024041496332,2024,041496332,355633,436364,-2.67544,53.82164,3,3,5,12:00,-1,E07000123,4,0,1,1,2,19,"[5, 1]","[1, 5]",0,0,0,1,0,0,1,0,0,9,5
2024041496395,2024,041496395,352449,435093,-2.7236,53.80994,3,3,5,12:50,-1,E07000123,4,0,1,1,2,19,"[6, 1, 5]","[2, 5, 1]",0,"[1, 0, 7]",0,1,0,0,0,0,0,9,26
2024041496415,2024,041496415,330834,436641,-3.05215,53.82142,3,3,5,17:30,-1,E06000009,6,0,2,1,1,19,"[7, 1]","[3, 5]",0,0,0,1,0,0,0,0,0,9,26
2024041496483,2024,041496483,358301,434097,-2.6346,53.80149,2,"[2, 3]",5,21:50,-1,E07000123,4,2,2,1,1,19,"[1, 5]","[5, 1]",0,0,0,1,0,0,0,0,0,9,26
2024041496486,2024,041496486,368493,428759,-2.47932,53.75423,3,3,5,22:00,-1,E06000008,6,2,2,1,1,19,"[5, 2]","[1, 6]",0,"[0, 1]",0,1,0,0,0,0,0,9,26
2024041496496,2024,041496496,369164,427583,-2.46902,53.74371,3,3,4,18:00,-1,E06000008,6,2,1,1,1,19,"[5, 7]","[1, 3]",0,0,0,1,0,0,0,0,0,9,25
2024041496508,2024,041496508,356243,420369,-2.6639,53.67794,2,2,5,14:25,-1,E07000118,6,0,2,1,2,19,3,7,0,0,0,1,0,0,0,0,1,9,26
2024041496521,2024,041496521,374702,429115,-2.38518,53.75777,2,2,6,06:00,-1,E07000120,4,2,1,1,1,"[5, 19]","[5, 1]","[1, 5]",0,0,0,1,1,0,0,0,0,9,27
2024041496539,2024,041496539,378213,422557,-2.33147,53.69899,3,3,5,12:47,-1,E07000125,3,0,2,1,1,19,5,1,0,0,0,1,0,0,1,0,0,9,26
2024041496561,2024,041496561,383229,432696,-2.25605,53.79031,3,3,6,20:08,-1,E07000117,3,0,1,0,1,"[19, 4]",3,7,0,0,0,1,0,0,0,0,0,9,6
2024041496588,2024,041496588,357489,428246,-2.64612,53.74884,3,3,5,16:20,-1,E07000126,1,0,2,1,2,19,5,1,0,0,0,1,0,0,0,0,0,9,26
2024041496601,2024,041496601,333680,441357,-3.00994,53.86417,3,3,6,08:40,-1,E07000128,3,0,1,0,2,"[11, 19]",5,"[7, 1]",0,0,0,1,0,0,0,0,0,9,27
2024041496677,2024,041496677,383796,432117,-2.24741,53.78512,3,3,6,18:40,-1,E07000117,3,0,1,0,1,19,1,5,0,0,0,0,0,0,1,0,1,9,6
2024041496779,2024,041496779,341419,433749,-2.89083,53.79673,2,"[2, 3]",6,14:38,-1,E07000119,6,0,1,0,2,"[19, 4, 9]","[1, 3, 5]","[5, 7, 1]",0,0,0,1,0,0,0,0,0,9,27
2024041496791,2024,041496791,352952,428249,-2.71492,53.74848,2,"[3, 2]",6,15:13,-1,E07000126,4,0,1,0,1,19,1,5,0,0,0,0,1,0,0,0,1,9,27