collision_index,collision_year,collision_ref_no,location_easting_osgr,location_northing_osgr,longitude,latitude,casualty_severity,casualty_severity,day_of_week,time,local_authority_district,local_authority_ons_district,first_road_class,light_conditions,weather_conditions,road_surface_conditions,urban_or_rural_area,vehicle_manoeuvre,vehicle_direction_from,vehicle_direction_to,hit_object_in_carriageway,vehicle_leaving_carriageway,hit_object_off_carriageway,is_car,is_cyle,is_mcyle,is_goodsv,is_other,is_pedestrian,month,day
2024041496883,2024,041496883,378496,433961,-2.32798,53.8015,2,"[3, 2]",2,10:55,-1,E07000117,3,0,1,0,2,"[4, 19]","[3, 5]","[7, 1]",0,0,0,1,0,0,0,1,0,6,17
2024041496892,2024,041496892,352208,433659,-2.72704,53.79703,3,3,5,20:52,-1,E07000123,6,2,1,1,2,"[19, 9]",7,3,0,0,0,1,0,0,0,0,0,9,26
2024041496900,2024,041496900,331766,436326,-3.03792,53.81871,3,3,6,22:08,-1,E06000009,3,2,1,0,1,"[19, 9]","[1, 5]","[5, 1]",0,0,0,1,0,0,0,0,0,9,27
2024041496922,2024,041496922,351323,432382,-2.74027,53.78547,3,3,7,00:52,-1,E07000123,6,2,1,0,1,19,5,1,10,0,0,1,0,0,0,0,0,9,28
2024041496926,2024,041496926,334710,434456,-2.99282,53.80229,2,2,6,22:20,-1,E06000009,6,2,1,0,1,"[9, 19]",7,"[5, 3]",0,0,0,1,0,0,0,0,0,9,27
2024041496981,2024,041496981,361873,429010,-2.57974,53.75605,2,2,6,19:40,-1,E07000126,6,0,1,0,2,19,4,8,0,0,0,0,0,1,0,0,0,9,27
2024041497010,2024,041497010,385118,433815,-2.22743,53.80042,3,3,6,14:35,-1,E07000117,3,0,1,0,1,19,"[3, -1]","[7, -1]",0,0,0,1,1,0,0,0,0,9,27
2024041497108,2024,041497108,354044,429339,-2.69852,53.75837,3,3,6,13:50,-1,E07000123,6,0,1,0,1,1,5,1,0,0,0,1,0,0,0,0,1,9,27
2024041497126,2024,041497126,331660,440547,-3.04047,53.85663,2,2,7,06:25,-1,E06000009,3,0,1,0,1,"[19, 2]","[1, 0]","[5, 0]","[4, 0]",0,0,1,0,0,0,0,0,9,28
2024041497131,2024,041497131,367058,428083,-2.50101,53.74807,3,3,5,19:43,-1,E06000008,6,2,1,0,1,"[2, 4]","[0, 3]","[0, 7]","[0, 4]",0,0,1,0,0,0,0,0,9,19
2024041497175,2024,041497175,372581,430173,-2.41745,53.76718,3,3,7,18:30,-1,E07000120,3,2,1,1,2,19,"[3, 5]","[7, 1]",0,0,0,1,0,0,0,0,0,9,28
2024041497235,2024,041497235,368892,429196,-2.47331,53.75819,3,3,1,21:00,-1,E06000008,6,2,1,0,1,9,1,7,0,0,0,1,0,0,0,0,1,9,15
2024041497286,2024,041497286,388178,416244,-2.18029,53.64257,3,3,2,15:00,-1,E07000125,3,0,1,1,1,19,3,7,0,0,0,1,0,0,0,0,1,9,23
2024041497396,2024,041497396,352442,421228,-2.72157,53.68533,3,3,6,12:41,-1,E07000126,4,0,1,0,2,"[2, 1]",5,1,"[0, 4]",0,0,1,0,0,1,0,0,9,27
2024041497515,2024,041497515,356383,426476,-2.66264,53.73284,2,2,1,19:49,-1,E07000126,4,2,2,1,1,19,"[1, 5]","[5, 1]",0,0,0,1,0,0,0,0,1,9,29
2024041497561,2024,041497561,333793,434799,-3.00681,53.80525,3,3,1,12:35,-1,E06000009,6,0,8,-1,1,1,-1,-1,0,0,0,1,0,0,0,0,1,9,29
2024041497737,2024,041497737,383481,433445,-2.25226,53.79705,3,3,1,12:40,-1,E07000117,6,0,1,0,2,19,"[1, 5]","[5, 1]",0,1,0,1,0,0,0,0,0,9,29
2024041497749,2024,041497749,354372,429712,-2.6936,53.76175,3,3,3,17:15,-1,E07000123,3,0,9,0,1,"[3, 19]",5,1,0,0,0,1,0,0,0,0,0,9,24
2024041497766,2024,041497766,352321,404426,-2.72082,53.53431,3,3,2,12:20,-1,E07000127,1,0,2,1,2,-1,6,2,0,0,0,1,0,0,1,0,0,9,30
2024041497797,2024,041497797,332607,429886,-3.02374,53.76095,3,3,2,09:20,-1,E07000119,6,0,2,1,1,19,"[7, 1]","[3, 5]",0,0,0,1,0,0,0,0,0,9,30
2024041497866,2024,041497866,331769,441603,-3.03905,53.86613,3,3,2,15:10,-1,E06000009,4,0,2,1,1,"[12, 19]",1,5,0,0,0,1,0,0,0,0,0,9,30
2024041497880,2024,041497880,356096,424275,-2.66668,53.71304,3,3,2,19:16,-1,E07000118,1,2,1,1,2,19,1,5,0,1,7,1,0,0,0,0,0,9,30
2024041497911,2024,041497911,333575,443534,-3.01201,53.88372,3,3,2,15:20,-1,E07000128,4,0,2,1,1,19,5,1,0,0,0,1,0,0,0,0,0,9,30
2024041497935,2024,041497935,332937,429178,-3.01858,53.75463,2,"[3, 2]",2,14:20,-1,E07000119,6,0,2,1,1,19,"[3, 1]","[7, 5]",0,0,0,1,0,0,0,0,0,9,30
2024041498113,2024,041498113,332848,442508,-3.02285,53.87441,2,2,3,09:58,-1,E07000128,3,0,8,0,2,"[11, 19]","[1, 3]","[6, 7]",0,"[7, 0]",0,1,1,0,0,0,0,10,1
2024041498137,2024,041498137,383974,432685,-2.24474,53.79023,2,2,3,10:18,-1,E07000117,6,0,2,1,1,1,1,5,0,0,0,1,0,0,0,0,1,10,1
2024041498150,2024,041498150,335243,406045,-2.97879,53.54703,3,3,2,07:14,-1,E07000127,4,2,1,0,2,"[3, 19]",1,5,0,0,0,1,0,0,0,0,0,9,30
2024041498272,2024,041498272,331542,442270,-3.04265,53.8721,3,3,3,10:29,-1,E06000009,3,0,1,0,1,19,"[5, 1]","[3, 5]",0,0,0,1,0,0,0,0,0,10,1
2024041498314,2024,041498314,384563,435937,-2.23596,53.81948,3,3,3,14:00,-1,E07000122,3,0,1,1,1,"[9, 19]","[5, 7]","[7, 3]",0,0,0,1,0,0,0,0,0,10,1
2024041498343,2024,041498343,348780,453025,-2.78232,53.97074,3,3,3,16:30,-1,E07000121,3,0,1,0,2,"[19, 5]","[5, 3]","[1, 7]",0,"[0, 1]",0,1,0,0,0,0,0,10,1
2024041498397,2024,041498397,332214,443159,-3.03263,53.88018,3,3,3,17:25,-1,E07000128,6,0,1,0,1,"[19, 9]","[-1, 7]","[-1, 5]",0,0,0,1,1,0,0,0,0,10,1
2024041498402,2024,041498402,346080,462890,-2.82523,54.05912,3,3,3,17:38,-1,E07000121,3,0,1,0,1,"[19, 5]",3,7,0,0,0,1,0,0,0,0,0,10,1
2024041498435,2024,041498435,384040,429464,-2.24357,53.76128,3,3,4,03:00,-1,E07000117,6,2,8,1,2,4,5,1,0,1,9,1,0,0,0,0,0,10,2
2024041498471,2024,041498471,380031,431985,-2.30454,53.7838,1,"[3, 2, 1]",4,03:35,-1,E07000117,1,2,1,0,2,12,7,3,10,5,6,1,0,0,0,0,0,10,2
2024041498700,2024,041498700,388610,418283,-2.17383,53.66091,3,3,2,15:00,-1,E07000125,3,0,1,0,1,19,-1,-1,0,0,0,1,0,0,0,0,1,9,30
2024041498785,2024,041498785,369298,427672,-2.467,53.74451,3,3,4,16:53,-1,E06000008,6,0,8,0,1,4,3,7,0,0,0,1,0,0,0,0,1,10,2
2024041498809,2024,041498809,352451,429981,-2.72278,53.764,2,2,4,17:00,-1,E07000123,3,0,1,0,1,"[19, 6]",7,"[7, 2]",0,0,0,1,0,0,0,0,0,10,2
2024041498813,2024,041498813,347832,461798,-2.79828,54.04949,3,3,4,18:38,-1,E07000121,3,2,2,0,1,"[5, 19, 2]","[5, 3]","[1, 7]","[10, 0]","[0, 7]",0,1,0,0,0,0,0,10,2
2024041498825,2024,041498825,382165,437004,-2.27245,53.82899,3,3,7,08:30,-1,E07000122,3,0,2,1,2,19,7,3,0,0,0,1,1,0,0,0,0,9,28
2024041498826,2024,041498826,331828,437396,-3.03722,53.82834,3,3,4,17:08,-1,E06000009,6,0,1,0,1,"[19, 5]","[7, 3]","[3, 7]",0,"[0, 2]",0,1,0,0,0,0,0,10,2
2024041498941,2024,041498941,368251,424298,-2.48253,53.71413,3,3,5,08:10,-1,E06000008,3,0,1,0,1,19,"[5, 3]","[1, 7]",0,0,0,1,1,0,0,0,0,10,3
2024041499020,2024,041499020,332549,433033,-3.02531,53.78922,2,2,5,11:34,-1,E06000009,4,0,1,0,1,"[9, 19]",5,"[3, 1]",0,0,0,1,0,0,0,0,0,10,3
2024041499115,2024,041499115,358423,424883,-2.63151,53.71869,3,3,5,11:30,-1,E07000126,1,0,1,0,2,19,"[3, 5]","[7, 1]",0,0,0,1,0,0,1,0,0,10,3
2024041499219,2024,041499219,347922,475235,-2.79922,54.17025,3,3,4,20:07,-1,E07000121,6,2,1,0,2,19,7,3,0,1,9,1,0,0,0,0,0,10,2
2024041499271,2024,041499271,330994,435579,-3.04948,53.8119,3,3,5,20:10,-1,E06000009,3,2,1,0,1,"[9, 19]",1,"[7, 5]",0,0,0,1,0,1,0,0,0,10,3
2024041499275,2024,041499275,353201,431256,-2.7116,53.77552,3,3,5,16:25,-1,E07000123,6,0,1,0,1,"[9, 7]","[6, 1]","[4, 5]","[1, 0]","[0, 1]",0,1,1,0,0,0,0,10,3
2024041499278,2024,041499278,353466,434242,-2.70803,53.80238,2,2,2,16:45,-1,E07000123,6,0,2,1,2,"[7, 19]","[5, 3]",7,0,0,0,1,1,0,0,0,0,9,30
2024041499369,2024,041499369,333670,441363,-3.0101,53.86423,3,3,5,20:00,-1,E07000128,6,0,1,0,2,5,7,3,0,0,0,1,0,0,0,0,0,9,26
2024041499387,2024,041499387,356359,427890,-2.66321,53.74555,3,3,6,08:45,-1,E07000126,3,0,1,0,1,"[2, 19]","[0, 7]","[0, 3]",0,0,0,1,0,0,0,0,1,10,4
2024041499450,2024,041499450,335133,436156,-2.98675,53.81762,3,3,2,19:15,-1,E07000119,6,0,1,0,1,19,"[7, 3]","[3, 7]",0,0,0,1,0,0,0,0,0,9,16
2024041499566,2024,041499566,385131,433816,-2.22723,53.80043,3,3,5,18:40,-1,E07000117,3,2,1,0,1,19,6,2,0,0,0,1,0,0,0,0,1,10,3
2024041499584,2024,041499584,388184,416876,-2.18023,53.64825,3,3,6,13:36,-1,E07000125,3,0,1,0,1,"[19, 2]",5,5,0,0,0,1,0,0,0,0,0,10,4
2024041499592,2024,041499592,357308,417858,-2.64743,53.65546,2,2,6,11:38,-1,E07000118,3,0,1,0,2,"[15, 2]","[8, 0]","[4, 0]","[4, 0]",0,0,1,0,0,0,0,0,10,4
2024041499663,2024,041499663,332325,446755,-3.03174,53.91251,3,3,6,18:37,-1,E07000128,6,2,1,0,1,"[2, 4]","[0, 5]","[0, 1]","[0, 4]",0,0,1,0,0,0,0,0,10,4
2024041499683,2024,041499683,336997,441521,-2.95955,53.86606,3,3,6,17:55,-1,E07000128,3,0,1,0,2,19,"[6, 3]","[2, 3]",0,0,0,1,0,0,0,0,0,10,4
2024041499684,2024,041499684,333517,437158,-3.01151,53.82642,2,"[2, 3]",6,15:50,-1,E06000009,4,0,1,0,1,"[9, 19]","[1, 7]","[6, 3]",0,0,0,1,0,0,0,0,0,10,4
2024041499834,2024,041499834,383607,435403,-2.25046,53.81465,3,3,7,10:00,-1,E07000122,6,0,1,0,2,"[7, 19]","[7, 5]",1,0,"[1, 0]",0,1,0,0,0,0,0,10,5
2024041499861,2024,041499861,368579,423278,-2.47745,53.70498,3,3,5,13:50,-1,E06000008,3,0,1,0,1,19,3,7,0,0,0,1,1,0,0,0,0,10,3
2024041499878,2024,041499878,384592,436434,-2.23555,53.82394,3,3,7,18:00,-1,E07000122,4,0,1,0,1,"[19, 9]","[-1, 3]","[-1, 7]",0,0,0,1,0,0,0,0,0,9,28
2024041499885,2024,041499885,350963,470424,-2.75186,54.12732,3,3,6,16:20,-1,E07000121,1,0,1,0,2,4,5,1,0,0,0,1,0,0,0,0,0,10,4
2024041499896,2024,041499896,351748,462178,-2.73853,54.05329,2,2,7,11:29,-1,E07000121,6,0,1,0,2,19,8,4,0,0,0,0,0,1,0,0,0,10,5
2024041499904,2024,041499904,343612,463028,-2.86295,54.0601,3,3,7,12:45,-1,E07000121,6,0,1,0,1,19,3,7,0,"[0, 2]",0,1,0,0,0,0,0,10,5
2024041499943,2024,041499943,351181,422976,-2.74094,53.70092,2,2,7,17:58,-1,E07000126,6,0,1,0,1,"[19, 9]","[7, 3]","[3, 1]",0,0,0,1,0,1,0,0,0,10,5
2024041499946,2024,041499946,359125,417170,-2.61985,53.64942,3,3,7,17:40,-1,E07000118,6,0,1,0,1,"[5, 19, 2]","[3, 0]","[7, 0]","[0, 4]",0,0,1,0,0,0,0,0,10,5
2024041500008,2024,041500008,346146,430469,-2.8185,53.76777,3,3,7,16:15,-1,E07000119,3,0,1,0,2,"[3, 4]","[3, 4]","[7, 8]",0,0,0,1,0,0,0,0,0,10,5
2024041500238,2024,041500238,353065,433251,-2.71397,53.79344,3,3,7,13:25,-1,E07000123,3,0,1,0,1,19,1,5,0,0,0,1,0,0,0,0,0,10,5
2024041500246,2024,041500246,332673,433894,-3.02362,53.79698,3,3,5,18:10,-1,E06000009,6,0,1,0,1,19,"[1, 3]","[5, 7]",0,0,0,1,1,0,0,0,0,10,3
2024041500260,2024,041500260,364122,425294,-2.5452,53.72281,3,3,1,13:20,-1,E06000008,3,0,1,0,1,13,7,3,10,2,3,1,0,0,0,0,0,10,6
2024041500320,2024,041500320,352727,430946,-2.71874,53.77269,3,3,4,13:59,-1,E07000123,3,0,1,0,1,19,1,5,0,0,0,1,1,0,0,0,0,10,2
2024041500357,2024,041500357,352028,431119,-2.72937,53.77419,3,3,1,15:15,-1,E07000123,4,0,1,1,1,19,"[5, 1]","[1, 5]",0,0,0,1,0,0,1,0,0,10,6
2024041500375,2024,041500375,337559,411458,-2.94492,53.59596,3,3,2,01:00,-1,E07000127,6,2,1,1,2,19,8,4,0,0,0,1,0,0,0,0,0,10,7
2024041500376,2024,041500376,351146,442010,-2.74449,53.87198,3,3,2,01:28,-1,E07000128,1,2,7,1,2,"[19, 12]",1,5,0,"[0, 4]",0,1,0,0,1,0,0,10,7
2024041500400,2024,041500400,375883,428387,-2.36721,53.75129,2,2,6,15:20,-1,E07000120,6,0,9,0,1,5,2,6,0,0,0,1,0,0,0,0,0,9,20
2024041500406,2024,041500406,368193,427297,-2.48371,53.74108,3,3,4,18:00,-1,E06000008,3,0,1,0,1,19,"[3, 7]","[7, 3]",0,0,0,1,0,0,0,0,0,9,25
2024041500432,2024,041500432,354414,429210,-2.69289,53.75724,3,3,2,08:25,-1,E07000123,6,0,1,1,1,19,3,7,0,0,0,1,0,0,0,0,1,10,7
2024041500555,2024,041500555,376200,428417,-2.36241,53.75157,3,3,5,13:00,-1,E07000120,6,0,1,0,1,19,"[3, 5]","[7, 1]",0,0,0,1,0,0,0,0,0,10,3
2024041500575,2024,041500575,383228,432697,-2.25606,53.79031,2,2,4,15:44,-1,E07000117,3,0,9,0,1,"[3, 19]","[0, -1]","[0, -1]",0,0,0,1,0,0,0,0,0,9,18
2024041500760,2024,041500760,351622,411793,-2.73251,53.60046,2,"[3, 2]",4,12:38,-1,E07000127,6,0,1,0,2,19,"[3, 7]","[7, 3]",0,"[0, 7]","[0, 4]",1,0,0,0,0,0,10,2
2024041500765,2024,041500765,337314,443861,-2.95521,53.88713,3,3,2,16:10,-1,E07000128,6,0,1,0,2,"[19, 9]","[5, 1]","[1, 5]",0,0,0,1,0,0,1,0,0,10,7
2024041500779,2024,041500779,331062,435502,-3.04843,53.81122,2,2,2,19:54,-1,E06000009,3,2,1,0,1,19,-1,-1,0,0,0,0,1,0,0,0,1,10,7
2024041500805,2024,041500805,345432,431260,-2.82947,53.7748,3,3,2,16:20,-1,E07000119,6,0,1,0,2,"[9, 7, 19]","[5, 3]","[3, 5, 1]",0,0,0,1,1,0,0,0,0,10,7
2024041500825,2024,041500825,381932,422699,-2.27515,53.70041,3,3,1,22:40,-1,E07000125,3,2,2,1,1,19,3,7,9,0,0,1,0,0,0,0,0,10,6
2024041500913,2024,041500913,384676,436418,-2.23427,53.8238,3,3,4,13:02,-1,E07000122,3,0,1,0,1,19,1,5,0,0,0,1,0,0,0,0,0,8,28
2024041500988,2024,041500988,348881,455320,-2.78117,53.99138,3,3,3,07:04,-1,E07000121,1,2,1,0,2,19,1,5,0,0,0,1,0,0,0,0,0,10,1
2024041501136,2024,041501136,361800,412961,-2.57887,53.6118,3,3,3,13:10,-1,E07000118,3,0,1,0,2,19,5,1,0,0,0,0,0,0,1,0,1,10,8
2024041501228,2024,041501228,356263,414111,-2.66271,53.6217,3,3,3,16:31,-1,E07000118,6,0,1,0,2,"[19, 7]",7,"[3, 1]",0,0,0,1,0,0,0,0,1,10,8
2024041501229,2024,041501229,352201,429872,-2.72656,53.76299,3,3,2,13:16,-1,E07000123,3,0,1,0,1,"[19, 12]",7,3,0,0,0,1,0,0,0,0,0,10,7
2024041501240,2024,041501240,373678,427018,-2.40053,53.73888,3,3,7,15:00,-1,E07000120,6,0,1,0,1,19,4,1,0,0,0,1,0,0,0,0,1,10,5
2024041501248,2024,041501248,357560,421218,-2.64408,53.68568,3,3,3,18:20,-1,E07000118,4,2,1,1,2,19,7,1,0,1,0,1,0,0,0,0,0,10,8
2024041501301,2024,041501301,387207,438353,-2.1959,53.84126,3,3,3,15:50,-1,E07000122,6,0,2,1,1,"[19, 2, 10]","[5, 0, 7]","[1, 0]","[0, 4]",0,0,1,0,0,0,0,0,10,8
2024041501304,2024,041501304,330731,437351,-3.05387,53.82779,2,2,3,20:00,-1,E06000009,6,2,8,1,1,19,5,1,"[0, 4]",0,0,1,0,1,0,0,0,10,8
2024041501549,2024,041501549,345476,411096,-2.82525,53.59359,3,3,3,21:04,-1,E07000127,3,2,1,0,2,19,5,8,0,1,2,1,0,0,0,0,0,9,24
2024041501732,2024,041501732,368847,427298,-2.4738,53.74112,2,2,5,00:16,-1,E06000008,6,2,8,1,1,"[13, 9]",5,1,0,"[1, 0]","[11, 0]",1,0,0,0,0,0,8,22
2024041501816,2024,041501816,382762,432538,-2.26313,53.78887,3,3,7,11:08,-1,E07000117,3,0,1,0,1,19,7,3,0,0,0,1,0,0,0,0,0,10,5
2024041501837,2024,041501837,366431,427964,-2.5105,53.74696,3,3,6,16:37,-1,E06000008,4,0,1,0,1,"[19, 9]","[1, 7]","[5, 1]",0,0,0,1,0,0,0,0,0,9,27
2024041501878,2024,041501878,356633,436609,-2.66028,53.82393,2,2,3,14:01,-1,E07000123,4,0,1,0,2,"[2, 19]","[7, 3]","[3, 7]","[0, 4]","[1, 0]","[11, 0]",1,0,0,1,0,0,7,23
2024041501924,2024,041501924,346551,437444,-2.81357,53.83049,2,"[3, 2]",5,08:02,-1,E07000128,4,0,1,0,2,19,"[5, 1]","[1, 5]",0,0,0,1,0,0,0,0,0,10,10
2024041501953,2024,041501953,341893,408142,-2.87883,53.56665,3,3,4,15:20,-1,E07000127,3,0,1,0,1,19,-1,-1,0,0,0,1,0,0,0,0,1,10,2
2024041501992,2024,041501992,331640,440025,-3.04066,53.85194,3,3,5,09:44,-1,E06000009,6,0,1,0,1,19,"[5, 1]",7,0,0,0,1,0,1,0,0,0,10,10
2024041502067,2024,041502067,350827,430654,-2.74752,53.76989,3,3,5,08:35,-1,E07000123,6,0,1,0,1,19,7,3,11,0,0,1,0,0,0,0,1,10,10
2024041502252,2024,041502252,365372,425529,-2.52628,53.72501,3,3,4,14:06,-1,E06000008,3,0,1,0,1,1,1,5,0,0,0,1,0,0,0,0,1,10,2
2024041502255,2024,041502255,368712,428628,-2.47598,53.75307,2,2,4,09:30,-1,E06000008,3,0,2,1,1,19,1,5,0,0,0,1,0,0,0,0,1,10,9
2024041502269,2024,041502269,353345,433049,-2.70969,53.79165,3,3,5,17:05,-1,E07000123,6,0,1,0,1,19,1,7,0,0,0,1,0,0,0,0,1,10,10
2024041502314,2024,041502314,348280,468414,-2.79257,54.10899,2,"[3, 2]",5,23:45,-1,E07000121,6,2,1,0,2,"[19, 2]","[3, 7]","[7, 3]","[4, 0]",0,0,1,0,0,0,1,0,10,10
2024041502329,2024,041502329,374283,441961,-2.39262,53.87321,3,3,5,10:53,-1,E07000124,6,0,1,0,1,19,-1,-1,0,0,0,1,0,0,0,0,1,10,10
2024041502359,2024,041502359,347177,462988,-2.80849,54.06012,3,3,5,08:51,-1,E07000121,4,0,1,0,1,19,1,5,0,0,0,1,1,0,0,0,0,10,10
2024041502590,2024,041502590,353536,424522,-2.7055,53.71503,3,3,6,15:48,-1,E07000126,6,0,1,0,1,"[4, 19]",1,5,0,0,0,1,0,0,0,0,0,10,11
2024041502653,2024,041502653,356646,418023,-2.65747,53.65689,3,3,5,17:25,-1,E07000118,4,0,2,1,1,"[19, 8]","[5, 7]",1,0,0,0,1,0,0,0,0,0,9,26
2024041502661,2024,041502661,368544,427109,-2.47837,53.73941,2,2,6,19:10,-1,E06000008,3,2,1,0,1,"[19, 7]","[8, 2]","[4, 6]","[0, -1]",0,0,1,0,0,0,0,0,10,11
2024041502682,2024,041502682,348043,459582,-2.79468,54.0296,2,"[2, 3]",6,15:20,-1,E07000121,3,0,1,0,1,19,"[1, 5]","[5, 1]",0,0,0,1,0,0,0,0,0,10,11
2024041502685,2024,041502685,348358,409451,-2.78144,53.5791,3,3,6,22:10,-1,E07000127,6,2,1,0,2,19,5,1,0,1,0,1,0,0,0,0,0,10,11
2024041502733,2024,041502733,332166,442384,-3.03319,53.87321,2,2,7,00:15,-1,E06000009,6,2,1,0,1,19,5,1,0,0,0,1,0,0,0,0,1,10,12
2024041502794,2024,041502794,383492,422140,-2.25149,53.69544,3,3,6,15:40,-1,E07000125,4,0,1,0,1,19,7,3,0,0,0,1,0,0,0,0,1,10,11
2024041502820,2024,041502820,341856,428702,-2.88324,53.75143,3,3,7,10:36,-1,E07000119,3,0,1,0,2,"[19, 5]",3,7,0,0,0,1,0,0,0,0,0,10,12
2024041502865,2024,041502865,354974,421535,-2.68328,53.68831,2,2,7,11:50,-1,E07000126,6,0,1,0,1,"[5, 13]","[5, 3]","[1, 7]",0,0,0,1,0,1,0,0,0,10,12
2024041502881,2024,041502881,385538,434926,-2.22111,53.81042,2,2,7,14:32,-1,E07000117,6,0,2,1,1,19,3,7,0,0,0,1,0,0,0,0,1,10,12
2024041502893,2024,041502893,331011,434328,-3.04894,53.80066,3,3,5,07:38,-1,E06000009,6,0,1,0,1,19,-1,-1,0,0,0,1,0,0,0,0,1,10,10
2024041502942,2024,041502942,331776,434654,-3.0374,53.80369,3,3,7,17:25,-1,E06000009,6,0,1,1,1,19,1,5,0,0,0,0,1,0,0,0,0,10,12
2024041502956,2024,041502956,356190,424612,-2.6653,53.71607,2,2,3,10:00,-1,E07000126,1,0,1,1,2,19,5,7,0,0,0,1,0,0,0,0,0,10,8
2024041503140,2024,041503140,331760,441600,-3.03919,53.86611,3,3,1,13:30,-1,E06000009,3,0,1,0,1,5,7,7,0,0,0,1,0,0,0,0,0,10,13
2024041503145,2024,041503145,347441,462191,-2.80432,54.05298,3,3,7,12:07,-1,E07000121,6,0,1,0,1,"[2, 5]","[0, 1]","[0, 1]","[0, 7]",0,0,1,0,0,0,0,0,10,12
2024041503185,2024,041503185,354541,431584,-2.69132,53.77859,3,3,1,16:15,-1,E07000123,4,0,1,1,1,4,3,7,0,0,0,1,0,0,0,0,0,10,13
2024041503225,2024,041503225,330646,431698,-3.05389,53.77698,2,2,1,21:10,-1,E07000119,3,2,1,0,2,9,"[1, 5]","[5, 1]",0,0,0,1,0,0,0,0,0,10,13
2024041503259,2024,041503259,389133,426964,-2.16623,53.73894,3,3,1,22:25,-1,E07000117,3,2,1,0,2,19,1,3,0,0,0,1,0,0,0,0,0,10,13
2024041503313,2024,041503313,385004,433992,-2.22917,53.80201,3,3,2,08:15,-1,E07000117,6,2,1,1,1,19,1,5,0,0,0,1,0,0,0,0,1,10,14
2024041503410,2024,041503410,367214,424304,-2.49824,53.71412,2,"[3, 2]",2,07:25,-1,E06000008,1,0,1,0,2,19,3,7,0,0,0,1,0,0,0,0,0,10,14
2024041503433,2024,041503433,334621,439625,-2.99527,53.84873,3,3,2,10:00,-1,E07000128,4,0,1,0,1,"[2, 19, 10]","[0, 8, 2, 4]","[0, 4, 8]","[0, 4]",0,0,1,0,0,0,0,0,10,14
2024041503482,2024,041503482,330973,440733,-3.05096,53.85821,2,2,2,06:30,-1,E06000009,6,2,1,0,2,19,5,1,0,0,0,1,1,0,0,0,0,10,14
2024041503554,2024,041503554,348695,464294,-2.78552,54.07201,3,3,2,01:18,-1,E07000121,6,2,2,1,2,19,1,5,0,1,0,1,0,0,0,0,0,10,7
2024041503584,2024,041503584,369145,428086,-2.46936,53.74822,3,3,2,14:54,-1,E06000008,6,0,1,0,1,"[5, 19]",5,3,0,0,0,1,1,0,0,0,0,10,14
2024041503638,2024,041503638,395656,438543,-2.0675,53.84311,3,3,1,18:00,-1,E07000122,6,2,1,0,2,19,8,4,0,7,11,1,0,0,0,0,0,10,13
2024041503769,2024,041503769,354232,422165,-2.69461,53.69391,2,2,2,11:00,-1,E07000126,4,0,1,0,1,"[19, 5]",5,"[1, 7]",0,0,0,1,0,0,0,0,0,10,14
2024041503840,2024,041503840,331900,443208,-3.03742,53.88058,3,3,3,09:36,-1,E07000128,6,0,1,1,1,"[5, 19]",1,5,0,0,0,1,1,0,0,0,0,10,15
2024041503878,2024,041503878,344737,463313,-2.84582,54.06278,3,3,4,14:52,-1,E07000121,6,0,1,0,1,19,7,3,0,0,0,1,0,0,0,0,0,10,2
2024041504053,2024,041504053,374184,428494,-2.39299,53.75217,3,3,4,14:13,-1,E07000120,3,0,1,0,1,"[19, 2]",3,7,"[4, 0]",0,0,1,0,0,0,0,0,9,18
2024041504107,2024,041504107,380920,422802,-2.29048,53.7013,2,2,3,17:00,-1,E07000125,6,0,1,0,1,"[19, 7]","[7, 3, 5]","[3, 7]",0,0,0,1,0,0,0,0,0,10,15
2024041504162,2024,041504162,356381,470093,-2.66891,54.12483,3,3,4,00:06,-1,E07000121,6,2,2,1,2,19,7,3,0,0,0,1,0,0,0,0,0,10,16
2024041504170,2024,041504170,343452,459203,-2.86468,54.02571,2,2,3,20:00,-1,E07000121,6,2,1,0,2,19,"[5, 1]","[1, 5]",0,"[1, 0]","[9, 0]",1,1,0,0,0,0,10,15
2024041504173,2024,041504173,362109,411728,-2.57405,53.60074,1,"[2, 1, 3]",3,23:30,-1,E07000118,1,2,2,1,2,"[19, 13]",1,5,"[1, 0]","[4, 2]","[6, 7]",1,0,0,0,0,0,10,15
2024041504176,2024,041504176,356388,425319,-2.6624,53.72244,3,3,6,10:17,-1,E07000126,6,0,1,0,1,9,1,7,0,0,0,1,0,0,0,0,1,9,6
2024041504213,2024,041504213,351614,430424,-2.73555,53.7679,3,3,2,08:45,-1,E07000123,3,0,1,0,1,19,-1,-1,0,0,0,1,0,0,0,0,1,10,14
2024041504215,2024,041504215,370800,427932,-2.44425,53.74694,3,3,1,19:35,-1,E06000008,4,2,1,0,1,"[9, 19]","[5, -1]","[7, -1]",0,0,0,1,0,0,0,0,0,10,13
2024041504337,2024,041504337,347697,405269,-2.79072,53.54145,2,2,4,08:45,-1,E07000127,1,0,2,1,2,19,7,3,0,0,0,0,0,1,0,0,0,10,16
2024041504518,2024,041504518,345947,434451,-2.82222,53.80353,3,3,4,13:25,-1,E07000119,1,0,2,1,2,19,3,7,0,1,0,1,0,0,0,0,0,10,16
2024041504519,2024,041504519,354107,431737,-2.69792,53.77993,3,3,3,06:00,-1,E07000123,6,0,1,0,1,19,-1,-1,0,0,0,1,0,0,0,0,1,10,15