collision_index,collision_year,collision_ref_no,location_easting_osgr,location_northing_osgr,longitude,latitude,casualty_severity,casualty_severity,day_of_week,time,local_authority_district,local_authority_ons_district,first_road_class,light_conditions,weather_conditions,road_surface_conditions,urban_or_rural_area,vehicle_manoeuvre,vehicle_direction_from,vehicle_direction_to,hit_object_in_carriageway,vehicle_leaving_carriageway,hit_object_off_carriageway,is_car,is_cyle,is_mcyle,is_goodsv,is_other,is_pedestrian,month,day
2024041504530,2024,041504530,368384,427330,-2.48082,53.74138,3,3,4,10:53,-1,E06000008,3,0,2,1,1,19,"[1, 3]","[4, 7]",0,0,0,1,0,0,0,0,0,10,16
2024041504575,2024,041504575,349026,454002,-2.77873,53.97955,3,3,4,13:00,-1,E07000121,1,0,2,1,2,19,5,1,0,1,0,1,0,0,0,0,0,10,16
2024041504669,2024,041504669,349857,425997,-2.76148,53.72795,3,3,4,20:08,-1,E07000126,3,2,2,1,2,19,1,5,0,0,0,1,0,0,0,0,0,10,16
2024041504684,2024,041504684,366848,431028,-2.50451,53.77453,2,"[3, 2]",4,19:49,-1,E07000124,6,2,2,1,1,"[19, 5]","[3, 1]","[7, 5]",0,0,0,1,0,0,0,0,0,10,16
2024041504691,2024,041504691,362888,413892,-2.56253,53.62024,3,3,5,00:45,-1,E07000118,6,2,2,1,2,19,5,1,11,0,0,1,0,0,0,0,0,10,10
2024041504715,2024,041504715,348496,430143,-2.7828,53.76508,2,2,4,17:25,-1,E07000123,6,0,2,1,2,19,1,5,7,5,2,1,0,0,0,0,0,10,16
2024041504733,2024,041504733,358676,418474,-2.62682,53.66111,2,2,4,21:00,-1,E07000118,4,2,2,1,1,"[3, 19]","[7, 3]","[3, 7]",0,0,0,1,0,0,0,0,1,10,16
2024041504781,2024,041504781,375809,428323,-2.36833,53.75071,3,3,6,12:55,-1,E07000120,6,0,1,0,1,19,"[3, 1]","[7, 5]",0,0,0,1,0,0,0,0,0,10,4
2024041504856,2024,041504856,369627,428630,-2.46211,53.75314,2,2,4,11:54,-1,E06000008,6,0,1,1,1,19,2,4,0,7,10,1,0,0,0,0,0,10,16
2024041504877,2024,041504877,353345,430308,-2.70927,53.76702,3,3,2,09:00,-1,E07000123,6,0,1,1,1,19,4,8,0,0,0,1,0,0,0,0,1,10,14
2024041504982,2024,041504982,356791,431920,-2.65722,53.7818,3,3,5,09:25,-1,E07000123,4,0,1,1,1,19,"[5, 3]","[1, 7]",0,0,0,1,0,0,0,0,0,10,17
2024041505002,2024,041505002,353450,431203,-2.70781,53.77507,3,3,5,08:40,-1,E07000123,3,0,1,1,1,"[4, 19]",1,1,0,0,0,1,0,1,0,0,0,10,17
2024041505061,2024,041505061,384704,432522,-2.23365,53.78879,3,3,4,14:20,-1,E07000117,6,0,2,1,1,"[9, 5]","[7, 3]","[3, 7]",0,0,0,1,0,0,0,0,0,10,16
2024041505082,2024,041505082,359942,437110,-2.61008,53.8287,2,2,5,08:30,-1,E07000124,4,0,1,0,2,19,5,1,0,0,0,1,0,0,0,0,1,10,17
2024041505197,2024,041505197,342916,410385,-2.86379,53.58693,3,3,7,13:46,-1,E07000127,3,0,1,1,2,"[19, 5]",5,1,0,0,0,1,0,0,0,0,0,10,12
2024041505208,2024,041505208,349607,460735,-2.77099,54.04011,3,3,5,17:05,-1,E07000121,1,0,1,0,2,19,1,5,0,"[0, 5]",0,1,0,0,1,0,0,10,17
2024041505231,2024,041505231,345255,463678,-2.83797,54.06612,3,3,5,18:45,-1,E07000121,3,2,1,0,1,19,4,8,0,0,0,1,0,0,0,0,1,10,17
2024041505244,2024,041505244,354056,429924,-2.69843,53.76363,2,2,5,22:09,-1,E07000123,3,2,1,0,1,19,5,1,0,0,0,1,0,0,0,0,1,10,17
2024041505291,2024,041505291,369016,429169,-2.47143,53.75795,3,3,1,18:31,-1,E06000008,3,2,1,0,1,9,3,7,0,0,0,1,0,0,0,0,1,10,13
2024041505305,2024,041505305,332530,436562,-3.02637,53.82093,3,3,2,09:34,-1,E06000009,6,0,1,0,1,19,"[5, 7]","[1, 3]",0,0,0,1,0,1,0,0,0,10,7
2024041505410,2024,041505410,386676,436884,-2.20391,53.82805,3,3,5,12:29,-1,E07000122,6,0,1,0,1,19,1,5,0,0,0,1,1,0,0,0,0,10,17
2024041505474,2024,041505474,358113,429340,-2.63681,53.75872,2,"[3, 2]",6,10:58,-1,E07000126,1,0,1,0,2,19,5,1,0,0,0,1,0,0,0,0,0,10,18
2024041505608,2024,041505608,357328,431814,-2.64906,53.78089,3,3,5,10:38,-1,E07000123,1,0,1,0,1,"[19, 4]",5,1,0,0,0,1,0,0,0,0,0,10,17
2024041505666,2024,041505666,334179,438825,-3.00181,53.84148,3,3,6,18:00,-1,E07000128,6,2,1,0,1,19,"[3, 1]","[7, 5]",0,0,0,1,0,0,0,0,0,10,18
2024041505669,2024,041505669,357908,432793,-2.64039,53.78974,2,2,5,10:49,-1,E07000123,6,0,1,0,1,"[9, 19]",1,5,0,0,0,1,0,1,0,0,0,10,17
2024041505685,2024,041505685,346640,405448,-2.8067,53.54295,3,3,7,00:20,-1,E07000127,1,2,2,1,1,19,7,3,0,1,4,1,0,0,0,0,0,10,19
2024041505704,2024,041505704,359115,416317,-2.61989,53.64176,3,3,7,02:20,-1,E07000118,6,2,1,1,2,"[10, 7]","[1, 3]","[5, 7]",0,0,0,1,0,0,0,0,0,10,19
2024041505736,2024,041505736,356207,426158,-2.66526,53.72997,3,3,7,02:28,-1,E07000126,4,2,2,1,1,19,3,7,11,0,0,1,0,0,0,0,0,10,19
2024041505779,2024,041505779,366426,428213,-2.5106,53.7492,3,3,7,09:40,-1,E06000008,6,0,1,1,1,"[7, 19]","[7, 1]","[3, 1]",0,0,0,1,1,0,0,0,0,10,19
2024041505886,2024,041505886,385850,439393,-2.21657,53.85058,3,3,7,13:00,-1,E07000122,3,0,1,0,1,19,6,2,0,0,0,1,0,0,0,0,1,10,19
2024041505890,2024,041505890,355086,429157,-2.68269,53.75683,3,3,7,15:25,-1,E07000123,3,0,1,1,1,19,7,3,11,0,0,1,0,0,0,0,0,10,19
2024041505891,2024,041505891,375591,429789,-2.37175,53.76387,2,"[3, 2]",5,12:04,-1,E07000120,6,0,2,1,1,"[7, 19]","[3, 1]",5,0,0,0,1,0,0,0,0,0,9,26
2024041505895,2024,041505895,347296,423391,-2.79985,53.70427,3,3,7,14:30,-1,E07000126,3,0,1,1,1,19,3,7,0,0,0,1,0,0,0,0,1,10,19
2024041505985,2024,041505985,348320,405764,-2.7814,53.54596,2,2,7,20:30,-1,E07000127,4,2,1,1,2,19,1,5,0,0,0,0,0,1,0,0,0,10,19
2024041505989,2024,041505989,331065,432850,-3.04779,53.78738,3,3,7,17:10,-1,E06000009,4,0,1,0,1,19,"[1, 5]","[5, 1]",0,0,0,1,0,0,1,0,0,10,19
2024041506026,2024,041506026,352443,469040,-2.729,54.11502,3,3,7,23:40,-1,E07000121,6,2,1,0,2,19,7,3,0,0,0,1,0,0,0,0,0,10,19
2024041506156,2024,041506156,350979,430565,-2.7452,53.76911,3,3,7,15:55,-1,E07000123,3,0,1,0,1,"[19, 5]","[3, 5]","[7, 1]",0,"[0, 1]",0,1,0,0,0,0,0,10,19
2024041506157,2024,041506157,353984,434889,-2.70026,53.80824,2,2,2,02:29,-1,E07000123,1,2,1,0,2,19,5,1,0,7,6,1,0,0,0,0,0,10,14
2024041506247,2024,041506247,361874,417604,-2.57832,53.65353,3,3,1,20:30,-1,E07000118,6,2,4,1,2,7,2,4,0,1,0,1,0,0,0,0,0,10,20
2024041506286,2024,041506286,385644,438730,-2.21967,53.84461,2,"[2, 3]",4,13:46,-1,E07000122,3,0,2,1,1,"[5, 19]","[7, 5]","[3, 1]",0,"[3, 0]",0,1,0,0,0,0,0,10,16
2024041506349,2024,041506349,355844,430628,-2.67141,53.77011,3,3,2,07:13,-1,E07000123,4,0,1,0,1,"[19, 9]",1,"[5, 3]",0,0,0,1,0,0,0,0,0,10,21
2024041506435,2024,041506435,368030,425331,-2.48598,53.7234,2,2,5,08:50,-1,E06000008,3,0,1,0,1,19,3,7,0,0,0,0,0,1,0,0,0,10,10
2024041506484,2024,041506484,354332,415900,-2.69217,53.63761,3,3,2,09:30,-1,E07000118,1,0,1,0,2,19,5,1,0,0,0,1,0,0,0,0,0,10,21
2024041506493,2024,041506493,341142,408579,-2.89025,53.5705,3,3,6,14:51,-1,E07000127,6,0,2,1,1,5,6,2,0,0,0,1,0,0,0,0,1,10,18
2024041506542,2024,041506542,352564,429157,-2.72094,53.7566,3,3,2,12:45,-1,E07000123,3,0,1,0,2,19,5,1,0,0,0,1,0,0,0,0,0,10,21
2024041506574,2024,041506574,332018,434250,-3.03364,53.80009,3,3,2,16:38,-1,E06000009,4,0,9,0,1,19,-1,-1,0,0,0,0,0,0,1,0,1,10,14
2024041506611,2024,041506611,361452,476049,-2.59209,54.17877,1,"[1, 3]",2,13:21,-1,E07000121,3,0,1,0,2,19,"[5, 1]","[1, 5]",0,0,0,1,0,1,0,0,0,10,21
2024041506621,2024,041506621,331808,440455,-3.0382,53.85582,3,3,2,16:29,-1,E06000009,6,0,1,0,1,19,1,5,7,0,0,1,0,0,0,0,0,10,21
2024041506646,2024,041506646,351786,426797,-2.73237,53.73532,3,3,2,16:09,-1,E07000126,3,0,1,0,2,"[19, 11]",5,1,0,0,0,1,0,1,0,0,0,10,21
2024041506664,2024,041506664,373666,432273,-2.40117,53.78611,3,3,2,14:55,-1,E07000120,6,0,1,0,1,19,-1,-1,0,0,0,1,0,0,0,0,1,10,21
2024041506675,2024,041506675,358376,440232,-2.6343,53.85663,2,"[3, 2]",2,18:48,-1,E07000123,6,2,1,0,2,19,"[5, 7]","[1, 3]",0,0,0,1,0,0,0,0,0,10,21
2024041506676,2024,041506676,351112,440329,-2.74474,53.85687,3,3,2,18:45,-1,E07000128,3,2,1,0,2,"[19, 4]",1,5,0,0,0,1,0,0,0,0,0,10,21
2024041506692,2024,041506692,356354,430130,-2.6636,53.76568,2,2,2,06:03,-1,E07000123,3,2,1,0,1,"[19, 1]","[3, 7]","[7, 5]",0,0,0,1,0,1,0,0,0,10,21
2024041506806,2024,041506806,384688,432075,-2.23387,53.78477,2,2,3,06:37,-1,E07000117,6,2,2,1,1,19,"[7, 3]","[3, 7]",0,"[0, 7]",0,1,0,0,0,0,0,10,22
2024041506867,2024,041506867,374597,428830,-2.38675,53.75521,3,3,2,14:50,-1,E07000120,3,0,1,0,1,"[10, 19]",5,1,0,0,0,1,0,0,0,0,0,10,21
2024041506977,2024,041506977,373336,436156,-2.40651,53.82099,3,3,3,09:25,-1,E07000124,4,0,1,1,2,19,"[5, 1]","[1, 5]",0,"[0, 7]","[0, 10]",1,0,0,0,0,0,10,22
2024041506982,2024,041506982,358008,419147,-2.63702,53.6671,2,"[3, 2]",3,12:44,-1,E07000118,4,0,8,0,1,"[19, 9]","[7, 3]","[3, 1]",0,0,0,1,0,0,0,0,0,10,22
2024041507007,2024,041507007,332913,442221,-3.02179,53.87184,3,3,2,11:58,-1,E07000128,3,0,1,1,2,19,5,1,0,0,0,1,0,1,0,0,0,10,21
2024041507116,2024,041507116,357514,424958,-2.64529,53.71929,2,"[2, 3]",3,13:08,-1,E07000126,6,0,1,0,1,19,"[8, 4]","[4, 8]",0,"[0, 1]",0,1,0,0,0,0,0,10,22
2024041507122,2024,041507122,360809,415489,-2.59416,53.63445,3,3,3,13:35,-1,E07000118,1,0,1,0,2,19,1,5,0,0,0,1,0,0,0,0,0,10,22
2024041507130,2024,041507130,353433,429205,-2.70777,53.75711,3,3,5,15:05,-1,E07000123,6,0,1,0,1,19,7,3,0,0,0,0,0,0,1,0,1,10,3
2024041507166,2024,041507166,378463,426566,-2.32796,53.73503,3,3,2,14:10,-1,E07000120,3,0,1,0,2,19,1,5,0,5,6,0,0,0,0,1,0,10,21
2024041507180,2024,041507180,374415,439053,-2.39036,53.84708,3,3,1,13:32,-1,E07000124,3,0,8,1,2,19,5,5,"[11, 0]",0,0,1,0,0,0,0,0,10,20
2024041507202,2024,041507202,353963,432467,-2.70022,53.78648,3,3,3,21:14,-1,E07000123,6,2,8,0,1,"[19, -1]","[7, -1]","[3, -1]",0,"[3, 0]",0,1,1,0,0,0,0,10,22
2024041507483,2024,041507483,358566,417764,-2.62839,53.65472,3,3,4,17:20,-1,E07000118,3,0,1,0,1,"[19, 9]","[5, 7]","[1, 5]",0,0,0,1,0,0,0,0,0,10,2
2024041507624,2024,041507624,355253,434386,-2.68092,53.80383,2,2,3,10:10,-1,E07000123,6,0,1,1,2,"[5, 19]","[1, 7]","[5, 3]",0,0,0,1,0,1,0,0,0,10,22
2024041507670,2024,041507670,331964,439212,-3.03556,53.84467,2,2,4,12:59,-1,E06000009,3,0,1,0,1,19,3,1,0,0,0,1,0,0,0,0,1,10,23
2024041507779,2024,041507779,348511,463206,-2.78815,54.06221,2,2,4,20:40,-1,E07000121,3,2,1,0,1,19,1,5,0,0,0,1,0,0,0,0,1,10,23
2024041507795,2024,041507795,336848,439411,-2.96138,53.84708,3,3,4,19:50,-1,E07000119,3,2,1,0,2,"[9, 19]","[7, 3]","[4, 7]",0,0,0,1,0,0,0,0,0,10,23
2024041507859,2024,041507859,331143,432188,-3.04646,53.78145,3,3,2,10:30,-1,E06000009,4,0,1,0,1,19,-1,-1,0,0,0,0,0,0,0,1,1,10,14
2024041507875,2024,041507875,369547,428171,-2.46327,53.74901,3,3,2,19:00,-1,E06000008,6,2,1,0,1,19,"[5, 3]","[1, 7]",0,0,0,1,1,0,0,0,0,10,14
2024041508201,2024,041508201,357699,424849,-2.64247,53.71833,1,1,5,18:35,-1,E07000126,6,2,1,0,1,19,7,3,0,0,0,1,0,0,0,0,1,10,24
2024041508369,2024,041508369,355175,415833,-2.67941,53.63708,3,3,6,08:45,-1,E07000118,3,0,1,0,2,19,6,2,10,1,3,0,0,0,0,1,0,10,25
2024041508393,2024,041508393,348781,406128,-2.77451,53.54927,3,3,4,12:10,-1,E07000127,6,0,1,0,2,"[19, 4]",3,7,0,0,0,1,0,0,0,0,0,10,23
2024041508527,2024,041508527,382795,432224,-2.26261,53.78605,3,3,6,11:20,-1,E07000117,6,0,1,0,1,"[19, 9]",8,8,0,0,0,1,0,0,0,0,0,10,25
2024041508554,2024,041508554,355147,430145,-2.68191,53.76571,2,2,6,14:30,-1,E07000123,4,0,1,0,1,"[9, 13]",6,2,0,0,0,1,0,1,0,0,0,10,25
2024041508578,2024,041508578,369835,426521,-2.45874,53.7342,3,3,6,11:42,-1,E06000008,3,0,1,0,1,19,"[1, 3]","[5, 7]",0,"[1, 0]",0,1,0,0,0,0,0,10,25
2024041508611,2024,041508611,352005,459056,-2.73411,54.02526,2,"[3, 2]",6,13:35,-1,E07000121,6,0,8,0,2,7,"[3, 5]",1,"[0, 11]",0,0,1,0,0,0,1,0,10,25
2024041508635,2024,041508635,332147,442367,-3.03347,53.87305,3,3,6,18:16,-1,E06000009,6,2,1,0,1,19,"[3, 5]","[7, 1]",0,0,0,1,0,0,0,0,0,10,25
2024041508641,2024,041508641,356530,424649,-2.66016,53.71643,3,3,6,19:20,-1,E07000118,1,2,1,0,2,19,5,1,0,"[0, 1]",0,1,0,0,0,0,0,10,25
2024041508663,2024,041508663,348288,460807,-2.79114,54.04063,2,2,6,21:15,-1,E07000121,6,2,1,1,1,19,1,5,0,0,0,0,0,1,0,0,0,10,25
2024041508738,2024,041508738,343511,401144,-2.85314,53.50394,2,"[3, 2]",7,05:40,-1,E07000127,6,2,7,0,2,19,7,3,0,1,4,1,0,0,0,0,0,10,26
2024041508763,2024,041508763,352083,430752,-2.72848,53.77089,2,2,7,08:04,-1,E07000123,4,0,1,1,1,9,1,5,7,0,0,1,0,0,0,0,0,10,26
2024041508780,2024,041508780,356771,413467,-2.65494,53.61595,3,3,4,17:00,-1,E07000118,6,0,1,0,2,"[2, 19]",4,8,0,0,0,1,0,0,0,0,1,10,16
2024041508789,2024,041508789,379647,422244,-2.30973,53.69624,3,3,5,11:56,-1,E07000125,3,0,1,1,2,19,3,7,0,0,0,1,0,0,0,0,0,10,24
2024041508820,2024,041508820,348610,454105,-2.78509,53.98043,2,"[2, 3]",7,11:15,-1,E07000121,6,0,1,0,2,"[9, 7]","[3, 1, 7]","[1, 3, 5]",0,0,0,1,0,0,0,0,0,10,26
2024041508847,2024,041508847,347341,411993,-2.79723,53.60184,3,3,7,11:06,-1,E07000127,6,0,1,1,2,19,"[6, 2]","[2, 6]",0,"[0, 1]",0,1,0,1,0,0,0,10,26
2024041508869,2024,041508869,367796,428846,-2.4899,53.75497,3,3,7,12:54,-1,E06000008,6,0,1,0,1,9,1,7,0,0,0,1,0,0,0,0,1,10,26
2024041508895,2024,041508895,358624,419408,-2.62773,53.6695,3,3,7,12:10,-1,E07000118,3,0,1,1,2,19,3,7,0,1,2,1,0,0,0,0,0,10,26
2024041508897,2024,041508897,369062,416166,-2.46943,53.64109,2,2,7,14:10,-1,E06000008,6,0,1,0,2,19,"[6, 8]","[8, 6]",0,0,0,1,1,0,0,0,0,10,26
2024041508913,2024,041508913,351016,430654,-2.74465,53.76991,3,3,7,10:10,-1,E07000123,6,0,2,1,1,19,"[1, 5]","[1, 5]",0,0,0,1,0,0,0,0,0,10,26
2024041508936,2024,041508936,342331,463287,-2.88257,54.06228,3,3,7,15:55,-1,E07000121,6,0,1,0,1,19,"[7, 2]","[3, 6]",0,0,0,1,0,0,0,0,0,10,26
2024041508950,2024,041508950,364124,430458,-2.54577,53.76922,3,3,7,18:23,-1,E07000126,3,2,1,0,2,19,3,7,0,1,4,1,0,0,0,0,0,10,26
2024041509026,2024,041509026,369123,422261,-2.46911,53.69587,2,2,7,12:35,-1,E06000008,3,0,1,0,1,7,3,7,0,0,0,1,0,0,0,0,1,10,26
2024041509041,2024,041509041,364207,422503,-2.54359,53.69773,3,3,7,10:22,-1,E07000118,3,0,1,0,2,"[2, 19]",3,7,"[0, 4]","[1, 0]",0,1,0,0,0,0,0,10,26
2024041509093,2024,041509093,356059,433113,-2.6685,53.79246,3,3,1,11:17,-1,E07000123,1,0,1,0,2,19,5,1,0,0,0,1,0,0,0,0,0,10,27
2024041509134,2024,041509134,348532,406511,-2.77833,53.55269,2,2,1,12:42,-1,E07000127,6,0,1,0,1,19,3,7,0,0,0,1,0,0,0,0,1,10,27
2024041509176,2024,041509176,341659,428535,-2.8862,53.7499,3,3,5,21:01,-1,E07000119,6,2,1,1,2,"[9, 19]","[7, 3]","[3, 7]",0,0,0,1,1,0,0,0,0,10,24
2024041509178,2024,041509178,330782,435099,-3.05259,53.80756,2,2,5,00:32,-1,E06000009,6,2,1,1,1,19,-1,-1,0,0,0,1,0,0,0,0,1,10,10
2024041509242,2024,041509242,333617,447760,-3.01229,53.9217,3,3,5,16:15,-1,E07000128,6,0,1,0,1,19,"[1, 7]","[5, 3]",0,0,0,1,0,0,0,0,0,10,24
2024041509257,2024,041509257,372076,435483,-2.42559,53.81487,3,3,7,23:08,-1,E07000124,6,2,1,1,2,"[19, 2]","[5, 1]","[1, 5]","[4, 0]",0,0,1,0,0,0,0,0,10,26
2024041509284,2024,041509284,358149,430176,-2.63638,53.76624,2,"[3, 2]",6,18:30,-1,E07000123,1,2,1,0,2,19,5,1,0,0,0,1,0,0,0,0,0,10,25
2024041509285,2024,041509285,347789,406005,-2.78946,53.54807,2,2,1,22:25,-1,E07000127,6,2,2,1,1,5,4,3,0,0,0,1,0,0,0,0,0,10,27
2024041509507,2024,041509507,356057,433115,-2.66853,53.79248,3,3,1,11:20,-1,E07000123,1,0,1,0,2,19,5,1,0,0,0,1,0,0,0,0,0,10,27
2024041509546,2024,041509546,339154,432584,-2.92498,53.786,3,3,2,10:57,-1,E07000119,4,0,2,1,2,9,1,5,0,1,2,1,0,0,0,0,0,10,28
2024041509604,2024,041509604,357105,415969,-2.65024,53.63847,3,3,6,14:10,-1,E07000118,6,0,1,0,2,"[9, 7]","[5, 3]","[3, 5]",0,0,0,1,0,0,0,0,0,10,25
2024041509683,2024,041509683,374160,427790,-2.39329,53.74584,2,2,2,16:36,-1,E07000120,4,0,1,1,1,"[9, 19]","[3, 1]","[1, 6]",0,0,0,1,0,0,0,1,0,10,28
2024041509700,2024,041509700,330697,438411,-3.05463,53.83731,3,3,2,19:30,-1,E06000009,3,2,1,0,2,"[19, 9]","[-1, 1]","[-1, 3]",0,0,0,0,0,1,1,0,0,10,28
2024041509713,2024,041509713,331919,442744,-3.03702,53.87641,1,"[1, 2, 3]",2,19:28,-1,E07000128,4,2,1,1,1,2,"[7, 0]","[3, 0]",0,0,0,1,0,1,0,0,1,10,28
2024041509729,2024,041509729,332647,433907,-3.02401,53.79709,2,2,3,06:00,-1,E06000009,6,2,8,1,1,"[15, 19]","[7, 1]","[3, 5]",0,0,0,1,1,0,0,0,0,10,29
2024041509754,2024,041509754,351266,429849,-2.74073,53.7627,3,3,3,06:24,-1,E07000123,3,0,8,1,1,19,"[3, 1]","[7, 5]",0,"[5, 0]","[1, 0]",1,0,0,0,0,0,10,29
2024041509798,2024,041509798,368232,427814,-2.48318,53.74573,2,2,2,17:50,-1,E06000008,6,0,1,0,1,19,5,1,0,0,0,1,0,0,0,0,1,9,9
2024041509849,2024,041509849,359185,417548,-2.61899,53.65283,3,3,7,16:00,-1,E07000118,6,0,1,0,1,19,7,3,0,0,0,1,0,0,0,0,1,10,26
2024041509984,2024,041509984,332869,433743,-3.02061,53.79564,2,"[3, 2]",3,13:25,-1,E06000009,6,0,1,0,1,"[9, 19]","[3, 7]","[1, 3]",0,0,0,1,0,0,0,0,0,10,29
2024041510028,2024,041510028,331006,436553,-3.04952,53.82065,2,2,7,12:00,-1,E06000009,3,0,1,0,1,19,5,1,0,0,0,1,0,0,0,0,1,6,1
2024041510072,2024,041510072,362062,424564,-2.57633,53.7161,3,3,5,08:10,-1,E07000118,1,0,1,0,2,19,3,7,0,0,0,1,0,0,0,0,0,10,17
2024041510094,2024,041510094,369017,429172,-2.47141,53.75798,2,2,7,13:15,-1,E06000008,3,0,9,0,1,19,2,6,0,0,0,1,0,0,0,0,1,5,25
2024041510109,2024,041510109,383670,433294,-2.24939,53.79569,3,3,6,16:15,-1,E07000117,6,0,9,0,1,19,"[7, 4]","[4, 7]",0,0,0,1,0,0,0,0,0,10,11
2024041510116,2024,041510116,358328,419349,-2.6322,53.66895,3,3,2,19:25,-1,E07000118,3,2,1,1,1,19,1,5,0,0,0,0,1,0,0,0,0,10,28
2024041510145,2024,041510145,382518,433225,-2.26687,53.79504,2,2,3,16:45,-1,E07000117,6,2,1,0,1,19,3,7,0,0,0,1,0,0,0,0,1,10,29
2024041510147,2024,041510147,369249,422106,-2.46719,53.69448,2,"[2, 3]",1,19:10,-1,E06000008,3,2,2,1,1,"[4, 19]",1,5,0,0,0,1,0,0,0,0,0,10,6
2024041510157,2024,041510157,354812,433613,-2.6875,53.79685,3,3,3,18:33,-1,E07000123,6,2,1,0,1,"[15, 19, 9]",1,1,0,0,0,1,0,0,0,0,0,10,29
2024041510180,2024,041510180,356058,431983,-2.66835,53.78231,3,3,3,18:55,-1,E07000123,6,2,1,1,1,"[7, 15]","[6, 8]",7,0,"[7, 0]",0,1,0,1,0,0,0,10,29
2024041510199,2024,041510199,369510,425628,-2.46358,53.72615,3,3,1,15:35,-1,E06000008,6,0,1,0,1,"[19, 2]","[3, 5]","[7, 1]",0,"[0, 2]",0,1,0,0,0,0,0,10,27
2024041510228,2024,041510228,379941,431965,-2.30591,53.78362,3,3,2,02:30,-1,E07000117,1,2,2,1,2,19,7,3,0,0,0,1,0,0,0,0,0,10,28
2024041510534,2024,041510534,336994,441506,-2.95959,53.86592,2,2,3,11:45,-1,E07000128,3,0,1,0,2,"[10, 9, 19]","[1, 7]","[7, 3]",0,0,0,1,1,0,0,0,0,10,29
2024041510673,2024,041510673,380601,433109,-2.29596,53.79393,3,3,3,15:06,-1,E07000117,6,0,1,0,1,19,6,2,0,0,0,0,0,0,1,0,1,10,29
2024041510716,2024,041510716,353026,422766,-2.71296,53.69921,3,3,4,21:30,-1,E07000126,6,2,1,0,1,"[19, 9]","[1, 5]","[5, 3]",0,0,0,1,0,0,0,0,0,10,30
2024041510887,2024,041510887,378412,431634,-2.32909,53.78058,3,3,2,07:42,-1,E07000117,3,0,9,0,2,19,5,1,0,0,0,1,0,0,1,0,0,10,28
2024041510968,2024,041510968,351909,430686,-2.73111,53.77028,3,3,4,21:50,-1,E07000123,3,2,1,0,1,19,3,7,0,0,0,1,1,0,0,0,0,10,23
2024041510992,2024,041510992,352108,429834,-2.72796,53.76264,2,"[3, 2]",2,10:16,-1,E07000123,3,0,1,0,1,"[9, 19]","[7, 3]","[5, 7]",0,0,0,1,0,0,0,0,0,10,28
2024041511006,2024,041511006,365731,424157,-2.52069,53.7127,3,3,4,16:46,-1,E06000008,1,2,2,1,2,19,3,7,0,0,0,1,0,0,0,0,0,10,30
2024041511046,2024,041511046,390267,440357,-2.14946,53.85934,3,3,5,16:35,-1,E07000122,3,2,2,1,1,19,7,3,0,7,3,1,0,0,0,0,0,10,31
2024041511049,2024,041511049,347808,461187,-2.79854,54.044,3,3,5,15:25,-1,E07000121,3,0,1,1,1,19,5,1,0,0,0,1,0,0,0,0,1,10,31
2024041511079,2024,041511079,352951,436372,-2.71617,53.82148,3,3,2,14:02,-1,E07000123,1,0,1,0,2,19,5,1,0,0,0,1,0,0,0,0,0,9,16
2024041511107,2024,041511107,349940,442866,-2.76297,53.87956,2,2,5,21:50,-1,E07000128,4,2,1,0,2,"[3, 14]",1,5,0,0,0,1,0,0,1,0,1,10,31
2024041511117,2024,041511117,389417,440987,-2.16241,53.86499,3,3,3,21:03,-1,E07000122,6,2,2,1,1,19,7,3,0,0,0,1,0,0,0,0,0,10,29
2024041511137,2024,041511137,357561,435093,-2.64598,53.81038,3,3,6,05:24,-1,E07000123,6,2,2,1,2,19,"[7, 3]","[3, 7]","[0, 11]","[1, 7]","[0, 4]",1,0,0,0,0,0,11,1
2024041511156,2024,041511156,388421,446896,-2.17778,53.91808,3,3,5,05:46,-1,E07000122,6,2,2,1,1,5,8,4,0,0,0,1,0,0,0,0,1,10,17
2024041511371,2024,041511371,348875,424269,-2.77608,53.71232,3,3,6,09:41,-1,E07000126,6,0,1,0,2,19,"[4, 8]","[8, 4]",0,"[0, 7]",0,1,0,0,0,0,0,11,1
2024041511399,2024,041511399,339047,406823,-2.92154,53.55448,3,3,7,12:33,-1,E07000127,6,0,1,0,2,"[3, 19]","[1, 5]","[5, 1]",0,0,0,1,0,0,1,0,1,9,7
2024041511462,2024,041511462,386538,437899,-2.20605,53.83717,2,2,5,17:27,-1,E07000122,6,2,1,1,1,9,-1,-1,0,0,0,1,0,0,0,0,1,10,31
2024041511486,2024,041511486,361454,413539,-2.58417,53.61697,2,"[3, 2]",7,06:31,-1,E07000118,1,2,2,1,2,19,5,1,"[0, 1]","[0, 5]","[0, 6]",1,0,0,1,0,0,10,19
2024041511503,2024,041511503,373697,438306,-2.40121,53.84033,3,3,3,11:45,-1,E07000124,6,0,1,0,2,"[19, -1]","[1, -1]","[5, -1]","[0, -1]","[0, -1]",0,1,0,0,0,1,0,10,29
2024041511567,2024,041511567,368033,425324,-2.48594,53.72333,3,3,4,16:30,-1,E06000008,3,2,1,1,1,"[9, 14]","[5, 1]","[7, 5]",0,0,0,1,0,1,0,0,0,10,30
2024041511583,2024,041511583,351843,430185,-2.73203,53.76577,3,3,3,10:57,-1,E07000123,3,0,1,0,1,19,"[2, -1]","[6, -1]",0,0,0,1,0,0,0,0,0,10,29