collision_index,collision_year,collision_ref_no,location_easting_osgr,location_northing_osgr,longitude,latitude,casualty_severity,casualty_severity,day_of_week,time,local_authority_district,local_authority_ons_district,first_road_class,light_conditions,weather_conditions,road_surface_conditions,urban_or_rural_area,vehicle_manoeuvre,vehicle_direction_from,vehicle_direction_to,hit_object_in_carriageway,vehicle_leaving_carriageway,hit_object_off_carriageway,is_car,is_cyle,is_mcyle,is_goodsv,is_other,is_pedestrian,month,day
2024041518916,2024,041518916,351834,430194,-2.73217,53.76585,3,3,3,05:23,-1,E07000123,3,2,1,0,1,19,"[3, 5]","[7, 1]","[-1, 0]","[-1, 0]",0,1,0,0,0,0,0,10,29
2024041518923,2024,041518923,348288,445171,-2.78849,53.90011,3,3,4,15:07,-1,E07000128,6,0,1,0,2,19,"[1, 5]","[5, 1]",0,0,0,1,0,0,0,0,0,11,20
2024041519095,2024,041519095,331423,432945,-3.04238,53.78828,3,3,4,00:05,-1,E06000009,6,2,1,1,1,19,"[7, 1]","[3, 5]",0,"[7, 1]","[10, 11]",1,0,0,0,0,0,11,20
2024041519124,2024,041519124,373193,432248,-2.40834,53.78586,3,3,4,14:07,-1,E07000120,4,0,1,0,1,19,-1,-1,0,0,0,1,0,0,0,0,1,11,20
2024041519285,2024,041519285,333215,438313,-3.01635,53.83676,3,3,3,08:30,-1,E06000009,4,0,1,0,1,5,3,5,0,0,0,1,0,0,0,0,1,11,19
2024041519335,2024,041519335,353948,430103,-2.70009,53.76523,3,3,4,21:12,-1,E07000123,3,2,1,1,1,"[19, -1]","[8, -1]","[4, -1]","[0, -1]","[0, -1]",0,1,1,0,0,0,0,11,20
2024041519430,2024,041519430,331853,435204,-3.03635,53.80864,3,3,5,10:37,-1,E06000009,4,0,1,1,1,"[19, 3]","[4, 2, 6]","[8, 6, 2]",0,0,0,1,0,0,0,0,0,11,21
2024041519461,2024,041519461,348259,413495,-2.78361,53.61543,3,3,5,12:35,-1,E07000127,4,0,1,0,2,"[4, 12]","[1, 5]",3,0,0,0,1,0,0,0,0,0,11,21
2024041519612,2024,041519612,383810,432663,-2.24723,53.79003,3,3,5,18:15,-1,E07000117,6,2,3,2,1,"[2, 19]","[0, -1]","[0, -1]","[4, 0]",0,0,1,0,0,0,0,0,11,21
2024041519648,2024,041519648,356324,432723,-2.66442,53.78898,3,3,5,22:49,-1,E07000123,4,2,2,1,2,"[4, 19]",3,7,0,0,0,1,0,0,0,0,0,11,21
2024041519664,2024,041519664,352775,422303,-2.71669,53.69502,2,2,5,21:00,-1,E07000126,6,2,5,1,1,19,5,1,10,1,11,1,0,0,0,0,0,11,21
2024041519702,2024,041519702,355482,431802,-2.67707,53.78063,3,3,5,14:43,-1,E07000123,4,0,1,1,1,"[9, 19]","[2, 6]","[1, 2]",0,0,0,1,0,0,0,0,0,11,21
2024041519712,2024,041519712,379854,421847,-2.30657,53.69268,3,3,6,07:12,-1,E07000125,3,0,3,2,2,19,1,5,0,0,0,1,0,0,0,0,0,11,22
2024041519716,2024,041519716,385477,435113,-2.22204,53.8121,2,2,6,07:16,-1,E07000117,6,0,1,2,1,19,2,6,0,0,0,1,0,0,0,0,0,11,22
2024041519773,2024,041519773,355778,423464,-2.67138,53.70572,3,3,6,06:35,-1,E07000118,3,2,1,1,2,"[19, 9]","[6, 2]","[2, 7]",0,"[2, 0]",0,1,0,0,0,0,0,11,22
2024041519831,2024,041519831,348049,413667,-2.78681,53.61696,3,3,4,09:00,-1,E07000127,4,0,1,2,2,"[4, 3]",4,8,0,0,0,1,0,0,0,0,0,11,20
2024041520025,2024,041520025,348962,430076,-2.77572,53.76452,3,3,7,18:24,-1,E07000123,3,2,1,1,2,19,7,3,0,1,2,1,0,0,0,0,0,11,16
2024041520068,2024,041520068,365195,425966,-2.52902,53.72892,3,3,4,13:24,-1,E06000008,3,0,1,2,1,"[2, 19]","[0, 2]","[0, 6]",0,0,0,1,0,0,0,0,0,11,20
2024041520073,2024,041520073,369109,425283,-2.46963,53.72303,3,3,3,08:33,-1,E06000008,4,0,1,0,1,5,"[1, 3]","[5, 7]",0,0,0,1,0,0,0,0,0,11,19
2024041520149,2024,041520149,388750,419641,-2.17177,53.67312,3,3,6,16:00,-1,E07000125,3,2,3,2,1,"[19, 2]","[1, 0]","[5, 0]",0,"[7, 0]",0,1,0,0,0,0,0,11,22
2024041520256,2024,041520256,388143,416426,-2.18083,53.64421,2,2,7,01:20,-1,E07000125,3,2,1,2,1,"[19, 2]","[5, 0]","[1, 0]",0,0,0,1,0,0,0,0,0,11,23
2024041520260,2024,041520260,364683,430196,-2.53726,53.7669,2,"[3, 2]",7,20:20,-1,E07000124,3,2,1,0,2,19,"[4, 8]","[8, 4]",0,0,0,1,0,0,0,0,0,11,9
2024041520301,2024,041520301,361548,412977,-2.58268,53.61192,3,3,7,07:40,-1,E07000118,1,0,5,1,2,11,1,5,0,0,0,1,0,0,0,0,0,11,23
2024041520390,2024,041520390,367142,428687,-2.4998,53.7535,3,3,7,09:40,-1,E06000008,6,0,5,1,1,"[5, 19]","[7, 5]","[3, 1]",0,0,0,1,0,0,0,0,0,11,23
2024041520405,2024,041520405,339718,431536,-2.91622,53.77665,2,"[3, 2]",7,12:09,-1,E07000119,4,0,5,1,2,"[5, 19]","[1, 2]","[5, 6]",0,0,0,1,0,0,0,0,0,11,23
2024041520496,2024,041520496,358279,417129,-2.63264,53.64899,3,3,6,14:44,-1,E07000118,4,0,2,1,1,"[9, 19]","[1, 5]","[1, 5]",0,0,0,1,0,0,0,0,0,11,22
2024041520525,2024,041520525,348012,459488,-2.79513,54.02875,3,3,7,18:29,-1,E07000121,3,2,5,1,1,19,5,1,0,0,0,1,0,0,0,0,1,11,23
2024041520617,2024,041520617,383517,430843,-2.25158,53.77366,3,3,1,00:04,-1,E07000117,3,2,2,1,1,19,3,7,0,7,4,1,0,0,0,0,0,11,24
2024041520645,2024,041520645,353600,468122,-2.71116,54.10688,3,3,3,14:40,-1,E07000121,6,0,1,0,2,19,6,2,0,0,0,1,0,0,0,1,0,11,12
2024041520877,2024,041520877,355774,432433,-2.67273,53.78633,3,3,1,19:28,-1,E07000123,4,2,1,1,1,7,2,6,0,0,0,1,0,0,0,0,1,11,24
2024041520879,2024,041520879,330775,436432,-3.053,53.81953,2,2,1,04:20,-1,E06000009,3,2,2,1,1,19,3,7,0,0,0,1,0,0,0,0,1,11,24
2024041520903,2024,041520903,352862,428699,-2.71635,53.75251,3,3,3,18:20,-1,E07000123,6,2,1,0,1,7,1,3,0,0,0,1,0,0,0,0,1,11,19
2024041520909,2024,041520909,331543,442272,-3.04264,53.87212,3,3,1,22:00,-1,E06000009,3,2,2,1,1,"[19, 5]","[1, 5]","[5, 3]",0,0,0,1,0,1,0,0,0,11,24
2024041520915,2024,041520915,369227,427650,-2.46807,53.74431,3,3,5,17:17,-1,E06000008,6,2,3,2,1,5,7,3,0,0,0,1,0,0,0,0,1,11,21
2024041521046,2024,041521046,381225,436659,-2.28671,53.82586,3,3,2,08:51,-1,E07000122,3,0,1,0,2,"[19, 10]","[6, 8]","[2, 6]",0,0,0,1,0,0,0,0,0,11,25
2024041521106,2024,041521106,365748,429523,-2.52103,53.76093,3,3,2,10:24,-1,E06000008,3,0,2,2,2,19,2,6,0,7,1,1,0,0,0,0,0,11,25
2024041521167,2024,041521167,331667,433174,-3.03873,53.79037,3,3,2,11:45,-1,E06000009,6,0,1,0,1,19,"[5, 7]","[1, 3]",0,0,0,1,1,0,0,0,0,11,25
2024041521222,2024,041521222,369194,428972,-2.46871,53.75619,3,3,2,12:22,-1,E06000008,6,0,2,1,1,"[9, 8, 19]","[6, 4, 2]","[2, 6]",0,0,0,1,0,0,0,0,0,11,25
2024041521310,2024,041521310,385370,427673,-2.22331,53.74522,3,3,2,15:05,-1,E07000117,6,0,4,1,2,4,3,3,11,0,0,1,0,0,0,0,0,11,25
2024041521611,2024,041521611,345920,420207,-2.82013,53.67552,3,3,3,09:25,-1,E07000127,3,0,1,1,2,"[5, 19]","[5, 7]",3,"[6, 0]",0,0,1,0,0,0,0,0,11,26
2024041521730,2024,041521730,358512,417068,-2.62911,53.64846,3,3,3,09:04,-1,E07000118,6,0,1,1,1,19,8,5,10,0,0,1,0,0,0,0,0,11,26
2024041521763,2024,041521763,357487,417814,-2.64472,53.65508,3,3,3,11:40,-1,E07000118,3,0,1,1,1,"[19, 5]","[3, 5]","[7, 3]",0,0,0,1,0,1,0,0,0,11,26
2024041521793,2024,041521793,331704,433033,-3.03813,53.78911,3,3,3,16:10,-1,E06000009,6,2,1,0,1,"[19, 9]",5,1,0,0,0,1,0,1,0,0,0,11,26
2024041521881,2024,041521881,331311,435949,-3.04475,53.81527,2,2,3,19:05,-1,E06000009,4,2,1,0,1,19,-1,-1,0,0,0,1,0,0,0,0,1,11,26
2024041521891,2024,041521891,356816,432651,-2.65695,53.78837,3,3,2,17:27,-1,E07000123,1,2,1,0,2,19,1,5,0,0,0,1,0,0,0,0,0,11,25
2024041521971,2024,041521971,366628,428723,-2.5076,53.75379,3,3,3,23:29,-1,E06000008,6,2,1,0,1,19,"[3, 1]","[7, 5]",0,0,0,1,0,0,0,0,0,11,26
2024041522004,2024,041522004,330756,435092,-3.05298,53.80749,2,2,4,08:09,-1,E06000009,6,0,1,0,1,"[9, 19]","[7, 3]","[3, 7]",0,0,0,1,1,0,0,0,0,11,27
2024041522079,2024,041522079,346221,421396,-2.81578,53.68623,2,2,3,11:08,-1,E07000118,4,0,1,1,2,"[19, 9]",5,"[1, 7]",0,0,0,1,0,0,0,0,0,11,26
2024041522240,2024,041522240,351795,426800,-2.73223,53.73535,3,3,2,22:25,-1,E07000126,3,0,1,0,2,"[3, 19]",5,1,0,0,0,1,0,0,0,0,0,11,25
2024041522264,2024,041522264,354726,430549,-2.68836,53.7693,2,2,4,15:51,-1,E07000123,6,0,1,0,1,19,3,7,0,0,0,1,0,0,0,0,1,11,27
2024041522275,2024,041522275,332884,442016,-3.02219,53.86999,2,2,4,13:50,-1,E07000128,6,0,1,0,1,"[19, 2]","[1, 0]","[1, 0]","[4, 0]",0,0,1,0,0,0,0,0,11,27
2024041522406,2024,041522406,366482,415869,-2.50842,53.63826,2,2,4,20:19,-1,E06000008,6,2,1,2,2,19,3,7,11,8,10,1,0,0,0,0,0,11,27
2024041522712,2024,041522712,344748,422704,-2.83832,53.69784,3,3,5,12:22,-1,E07000127,6,0,1,1,2,"[9, 19]","[5, 1]","[3, 5]",0,0,0,1,0,0,0,0,0,11,28
2024041522719,2024,041522719,388193,446237,-2.18123,53.91215,3,3,5,08:40,-1,E07000122,4,0,1,0,1,19,4,8,0,0,0,1,0,0,0,0,1,11,28
2024041522744,2024,041522744,353468,418556,-2.70563,53.66141,3,3,3,06:50,-1,E07000118,3,2,1,1,2,19,5,3,0,7,0,1,0,0,0,0,0,11,26
2024041522749,2024,041522749,378389,431804,-2.32945,53.78211,3,3,1,20:28,-1,E07000117,3,2,8,1,2,"[9, 11]",5,"[3, 1]",0,"[0, 6]",0,1,0,0,0,0,0,11,17
2024041522823,2024,041522823,356546,424581,-2.6599,53.71582,3,3,5,19:59,-1,E07000118,1,2,1,0,2,"[19, 13]",7,"[1, 3]",0,0,0,1,0,0,0,0,0,11,7
2024041522942,2024,041522942,353948,430115,-2.70009,53.76534,3,3,5,17:47,-1,E07000123,6,2,8,0,1,"[6, 9, 19]",5,1,0,0,0,1,0,0,0,0,0,11,28
2024041522973,2024,041522973,374853,443250,-2.38405,53.88482,2,2,5,20:02,-1,E07000124,6,2,1,0,1,"[2, 19]","[0, 2]","[0, 4]",0,0,0,1,0,0,0,0,0,11,28
2024041522980,2024,041522980,355179,430937,-2.68154,53.77283,3,3,5,23:20,-1,E07000123,3,2,1,1,1,9,5,3,0,0,0,1,0,0,0,0,1,11,28
2024041523003,2024,041523003,382080,432482,-2.27348,53.78834,3,3,3,17:25,-1,E07000117,1,2,1,0,1,19,3,7,0,1,0,1,0,0,0,0,0,11,26
2024041523099,2024,041523099,383725,433275,-2.24855,53.79553,3,3,6,14:30,-1,E07000117,4,0,1,0,1,19,-1,-1,0,0,0,1,0,0,0,0,1,11,8
2024041523109,2024,041523109,342696,432169,-2.87115,53.78268,3,3,6,08:44,-1,E07000119,6,0,1,1,1,19,5,5,11,0,0,1,0,0,0,0,0,11,29
2024041523126,2024,041523126,338169,413125,-2.93604,53.61101,3,3,5,13:55,-1,E07000127,3,0,1,0,2,"[19, 4]",5,1,0,0,0,1,0,0,0,0,0,11,28
2024041523363,2024,041523363,331820,442507,-3.03848,53.87427,3,3,4,20:20,-1,E06000009,6,2,1,2,1,19,1,8,0,0,0,1,0,0,0,0,1,11,27
2024041523394,2024,041523394,331145,441201,-3.04845,53.86244,3,3,6,16:43,-1,E06000009,3,2,2,1,2,"[19, 9]","[1, 3]","[5, 7]",0,0,0,1,0,1,0,0,0,11,29
2024041523424,2024,041523424,368228,427384,-2.48319,53.74186,3,3,6,09:00,-1,E06000008,3,0,1,0,1,19,6,2,0,0,0,1,0,0,0,0,1,11,22
2024041523463,2024,041523463,356241,433030,-2.66573,53.79173,3,3,5,21:04,-1,E07000123,1,2,1,0,2,19,5,1,0,0,0,1,0,0,0,0,0,11,28
2024041523510,2024,041523510,363975,425249,-2.54742,53.72239,3,3,6,21:47,-1,E07000118,3,2,8,1,2,"[14, 2]","[7, 0]","[3, 0]","[4, 0]",1,11,1,0,0,0,0,0,11,29
2024041523625,2024,041523625,358660,424803,-2.6279,53.71799,3,3,7,10:00,-1,E07000118,1,0,1,1,2,5,3,7,0,0,0,1,0,0,0,0,0,11,30
2024041523797,2024,041523797,350401,403988,-2.74972,53.5302,3,3,7,19:30,-1,E07000127,3,2,1,1,2,"[19, 12]","[6, 2]","[2, 8]",0,"[6, 8]",4,1,0,0,0,0,0,11,30
2024041523807,2024,041523807,374173,435866,-2.39377,53.81842,3,3,6,15:00,-1,E07000124,3,0,1,0,2,19,"[7, 5]","[3, 1]",0,0,0,1,0,0,0,0,0,11,15
2024041523810,2024,041523810,369731,428286,-2.46049,53.75006,3,3,2,14:30,-1,E06000008,6,0,1,0,1,"[5, 19]","[1, 7]","[5, 3]",0,0,0,1,1,0,0,0,0,11,4
2024041523826,2024,041523826,331843,439530,-3.03747,53.84752,2,2,7,18:18,-1,E06000009,6,2,2,1,1,"[7, 19]","[8, 5]","[2, 8]",0,0,0,1,0,0,0,0,0,11,30
2024041523867,2024,041523867,352753,430084,-2.71822,53.76495,1,1,7,20:47,-1,E07000123,3,2,1,1,1,19,3,7,0,0,0,1,0,0,0,0,1,11,30
2024041523890,2024,041523890,348508,459987,-2.78765,54.03328,2,2,1,02:25,-1,E07000121,6,2,1,1,1,"[19, 2]","[1, 0]","[5, 0]","[4, 0]","[0, 1]",0,1,0,0,0,0,0,12,1
2024041523930,2024,041523930,356763,445035,-2.6595,53.89967,2,2,1,06:40,-1,E07000128,6,2,2,1,2,19,7,3,0,0,0,1,0,0,0,0,0,12,1
2024041523968,2024,041523968,368259,424269,-2.4824,53.71387,3,3,1,10:30,-1,E06000008,3,0,1,1,1,"[4, 19]","[4, -1]","[8, -1]",0,0,0,1,0,0,1,0,0,12,1
2024041523980,2024,041523980,345307,420720,-2.8295,53.68006,2,2,1,10:20,-1,E07000127,6,0,8,1,2,"[9, 19]",7,"[7, 3]",0,"[3, 0]",0,1,1,0,0,0,0,12,1
2024041523987,2024,041523987,331853,435201,-3.03635,53.80861,2,2,5,09:25,-1,E06000009,4,0,1,0,1,19,"[4, 6]","[8, 2]",0,0,0,1,0,0,0,0,0,11,21
2024041524019,2024,041524019,334068,433518,-3.00236,53.79378,2,2,1,02:30,-1,E06000009,3,2,1,0,2,19,5,1,0,4,0,1,0,0,0,0,0,11,24
2024041524067,2024,041524067,347934,461561,-2.79668,54.04737,2,2,2,19:45,-1,E07000121,6,2,1,1,1,1,7,3,0,0,0,1,0,0,0,0,1,11,11
2024041524149,2024,041524149,352790,428850,-2.71747,53.75386,3,3,7,17:13,-1,E07000123,4,2,1,0,2,19,6,2,0,0,0,1,0,0,0,0,0,11,30
2024041524161,2024,041524161,356829,425107,-2.65569,53.72057,3,3,1,09:59,-1,E07000126,1,0,1,0,1,"[19, 7]",5,1,0,"[1, 0]",0,1,0,0,0,0,0,12,1
2024041524167,2024,041524167,352857,434194,-2.71727,53.8019,2,2,1,13:17,-1,E07000123,6,0,1,0,2,19,5,1,0,1,1,1,0,0,0,0,0,12,1
2024041524311,2024,041524311,345047,462627,-2.84096,54.05665,3,3,2,05:35,-1,E07000121,6,2,1,1,1,5,7,3,0,0,0,1,0,0,0,0,1,12,2
2024041524371,2024,041524371,333697,448452,-3.01122,53.92793,2,2,1,14:35,-1,E07000128,6,0,1,0,1,"[19, 2]","[6, 2]",2,0,"[1, 0]","[10, 0]",1,0,0,0,0,0,12,1
2024041524429,2024,041524429,365309,425169,-2.5272,53.72177,2,2,2,12:05,-1,E06000008,6,0,2,1,2,19,7,3,0,0,0,1,0,0,0,0,0,12,2
2024041524498,2024,041524498,354010,426551,-2.69862,53.73331,3,3,2,14:30,-1,E07000126,6,0,1,0,1,"[11, 9]","[7, 1]","[3, 7]",0,0,0,1,0,0,0,0,0,12,2
2024041524519,2024,041524519,369200,426772,-2.4684,53.73642,2,2,5,16:53,-1,E06000008,3,2,1,0,1,"[19, 5]","[5, 7]","[1, 3]",0,0,0,1,0,0,0,1,0,10,31
2024041524571,2024,041524571,332539,436783,-3.02628,53.82292,3,3,2,19:48,-1,E06000009,6,2,1,0,1,19,"[5, 3]","[1, 7]",0,0,0,1,0,0,0,0,0,12,2
2024041524599,2024,041524599,352191,418633,-2.72497,53.66198,3,3,2,19:55,-1,E07000118,3,2,1,1,2,"[13, 9]",3,"[7, 1]",0,0,0,1,0,0,0,0,0,12,2
2024041524694,2024,041524694,362427,470264,-2.57643,54.12685,3,3,7,02:00,-1,E07000121,6,2,2,1,2,19,6,2,0,8,0,1,0,0,0,0,0,11,30
2024041524873,2024,041524873,330721,434900,-3.05347,53.80576,3,3,3,11:10,-1,E06000009,4,0,1,0,1,19,"[1, 3]","[5, 7]",0,0,0,1,1,0,0,0,0,12,3
2024041524893,2024,041524893,389230,440209,-2.16523,53.85799,3,3,1,11:10,-1,E07000122,6,0,1,0,1,19,-1,-1,0,0,0,1,0,0,0,0,1,12,1
2024041524941,2024,041524941,358452,424728,-2.63105,53.7173,2,"[3, 2]",1,22:50,-1,E07000118,1,2,1,0,2,19,1,5,0,0,0,1,0,0,0,0,0,12,1
2024041525001,2024,041525001,357690,428528,-2.64311,53.75139,3,3,2,10:30,-1,E07000126,1,0,1,0,2,19,1,5,0,0,0,1,0,0,0,0,0,12,2
2024041525020,2024,041525020,361532,415049,-2.58318,53.63055,2,2,7,18:52,-1,E07000118,6,2,1,1,2,19,5,8,0,0,0,0,0,1,0,0,0,11,30
2024041525172,2024,041525172,384154,436749,-2.24222,53.82676,3,3,3,17:20,-1,E07000122,1,2,1,0,2,19,7,3,0,0,0,1,0,0,0,0,0,12,3
2024041525455,2024,041525455,347470,464268,-2.80423,54.07165,3,3,2,14:15,-1,E07000121,3,0,1,0,2,19,3,7,0,0,0,1,0,0,0,0,0,12,2
2024041525484,2024,041525484,352377,425420,-2.7232,53.723,3,3,4,07:25,-1,E07000126,6,2,1,1,1,2,7,3,"[0, 4]",0,0,1,0,0,0,0,0,12,4
2024041525573,2024,041525573,368064,427157,-2.48566,53.73981,3,3,7,15:30,-1,E06000008,3,2,1,0,1,19,-1,-1,0,0,0,1,0,0,0,0,1,11,30
2024041525586,2024,041525586,357821,429999,-2.64133,53.76462,3,3,4,11:25,-1,E07000126,3,0,1,1,2,"[13, 19]","[3, 7]","[7, 3]","[0, 7]","[0, 6, 1]","[0, 4]",1,0,0,0,0,0,12,4
2024041525607,2024,041525607,384375,432578,-2.23865,53.78928,3,3,6,08:43,-1,E07000117,3,0,3,2,1,19,"[3, 1]","[7, 5]","[7, 0]",0,0,1,0,0,0,0,0,11,22
2024041525639,2024,041525639,347747,461291,-2.79949,54.04493,3,3,4,15:00,-1,E07000121,3,0,2,1,1,19,7,3,0,0,0,1,0,0,0,0,1,12,4
2024041525685,2024,041525685,383962,432929,-2.24493,53.79242,3,3,4,15:55,-1,E07000117,6,2,2,1,1,"[8, 7]",1,4,0,"[3, 0]",0,1,0,0,0,0,0,12,4
2024041525701,2024,041525701,342688,463642,-2.87718,54.06551,3,3,4,18:51,-1,E07000121,6,2,2,1,1,"[19, 5]","[2, 4]","[6, 8]",0,0,0,1,0,0,0,0,0,12,4
2024041525729,2024,041525729,330656,431721,-3.05374,53.77718,2,2,4,18:00,-1,E06000009,3,2,2,1,1,"[9, 19]","[5, 1]","[3, 5]",0,0,0,1,0,0,0,0,0,12,4
2024041525930,2024,041525930,370065,426297,-2.45524,53.7322,3,3,6,22:00,-1,E06000008,3,2,1,0,1,19,"[-1, 3]","[-1, 7]",0,0,0,1,1,0,0,0,0,11,29
2024041526321,2024,041526321,378509,425228,-2.32717,53.72301,3,3,6,19:51,-1,E07000125,3,2,1,1,2,19,1,"[5, 7]",0,"[7, 0]",0,1,0,0,0,0,0,11,15
2024041526442,2024,041526442,364615,442604,-2.53972,53.87842,2,2,4,17:40,-1,E07000124,6,2,1,1,2,19,4,8,0,1,3,0,1,0,0,0,0,12,4
2024041526499,2024,041526499,354574,429659,-2.69053,53.76129,3,3,6,07:08,-1,E07000123,3,0,1,1,1,"[5, 9]","[1, 4]","[5, 3]",0,0,0,1,0,0,0,0,0,12,6
2024041526593,2024,041526593,375545,428547,-2.37235,53.75271,3,3,5,10:13,-1,E07000120,6,0,1,0,1,19,"[-1, 1]","[-1, 5]",0,0,0,1,0,0,0,0,0,12,5
2024041526620,2024,041526620,388476,440259,-2.17669,53.85842,2,2,6,10:25,-1,E07000122,3,0,1,0,1,12,5,1,0,0,0,1,0,0,0,0,1,12,6
2024041526733,2024,041526733,354458,429393,-2.69225,53.75889,3,3,3,21:00,-1,E07000123,6,2,1,0,1,19,-1,-1,0,0,0,1,0,0,0,0,1,12,3
2024041526734,2024,041526734,346068,415519,-2.81708,53.6334,3,3,4,16:27,-1,E07000127,4,2,1,1,2,"[10, 9]",7,"[5, 1]",0,0,0,1,0,0,1,0,0,12,4
2024041526739,2024,041526739,334190,433141,-3.00043,53.7904,2,2,6,09:00,-1,E07000119,6,0,1,1,2,"[5, 19]",1,5,0,0,0,1,1,0,0,0,0,12,6
2024041526881,2024,041526881,355487,429856,-2.67671,53.76314,2,2,3,07:27,-1,E07000123,3,0,1,0,1,19,7,3,0,0,0,0,0,0,1,0,1,12,3
2024041526926,2024,041526926,348801,443070,-2.78033,53.88128,3,3,6,17:50,-1,E07000128,3,2,5,1,2,"[19, 9]","[5, 7]","[1, 3]",0,0,0,1,0,0,0,0,0,12,6
2024041526930,2024,041526930,386078,437628,-2.21303,53.83472,2,2,6,23:25,-1,E07000122,6,2,5,1,1,19,7,3,0,0,0,1,0,0,0,0,1,12,6
2024041526969,2024,041526969,352103,429828,-2.72804,53.76259,3,3,5,13:16,-1,E07000123,6,0,1,0,1,"[4, 3]",5,1,0,0,0,1,0,0,0,0,0,11,28
2024041527081,2024,041527081,382672,422156,-2.26391,53.69555,3,3,4,13:13,-1,E07000125,3,0,1,0,1,"[13, 9]",4,8,0,0,0,0,1,0,1,0,0,12,4
2024041527094,2024,041527094,349984,426486,-2.75963,53.73235,1,1,7,08:55,-1,E07000126,3,0,4,0,1,19,5,1,0,1,4,1,0,0,0,0,0,12,7
2024041527134,2024,041527134,343967,464550,-2.85781,54.07382,3,3,4,07:40,-1,E07000121,6,0,1,0,1,19,3,7,0,0,0,1,0,0,0,0,1,12,4
2024041527141,2024,041527141,330834,436648,-3.05215,53.82148,2,2,7,22:06,-1,E06000009,6,2,1,0,1,9,1,3,0,0,0,1,0,0,0,0,1,11,30
2024041527216,2024,041527216,352405,430135,-2.7235,53.76538,3,3,6,16:45,-1,E07000123,6,2,5,1,1,"[4, 19]","[6, 4]","[2, 8]","[0, 10]",0,0,1,0,0,0,0,1,12,6
2024041527231,2024,041527231,331962,432064,-3.034,53.78044,3,3,7,20:19,-1,E07000119,3,2,1,1,1,"[19, 9]","[7, 3]","[3, 7]",0,0,0,1,0,0,0,0,0,12,7
2024041527265,2024,041527265,349685,473834,-2.77199,54.15784,2,"[2, 3]",7,20:30,-1,E07000121,6,2,8,1,2,19,2,4,0,7,11,1,0,0,0,0,0,12,7
2024041527334,2024,041527334,330967,438454,-3.05054,53.83773,3,3,1,10:43,-1,E06000009,6,0,1,0,1,"[19, 5]","[1, 3]","[5, 7]",0,"[7, 0]","[11, 0]",1,0,0,0,0,0,12,8
2024041527352,2024,041527352,369042,422315,-2.47034,53.69635,3,3,3,17:00,-1,E06000008,6,2,2,1,1,19,3,7,0,0,0,1,0,0,0,0,1,11,26
2024041527365,2024,041527365,381240,422890,-2.28564,53.7021,3,3,6,16:00,-1,E07000125,6,0,1,0,1,19,-1,-1,0,0,0,0,0,0,1,0,1,12,6
2024041527431,2024,041527431,332793,438387,-3.02278,53.83737,3,3,1,11:57,-1,E06000009,6,0,1,0,1,"[19, 9]","[2, 6]","[6, 2]",0,0,0,1,0,0,0,0,0,12,8
2024041527446,2024,041527446,350566,404250,-2.74727,53.53257,3,3,5,14:16,-1,E07000127,1,0,1,0,2,19,7,3,0,"[0, 5]","[0, 6]",1,0,0,0,0,0,12,5
2024041527458,2024,041527458,351553,429468,-2.73632,53.7593,1,1,1,15:45,-1,E07000123,6,0,4,0,1,19,3,7,0,1,2,0,0,1,0,0,0,12,8
2024041527487,2024,041527487,353659,430521,-2.70454,53.76896,3,3,1,17:25,-1,E07000123,6,2,1,0,1,19,7,3,0,0,0,1,0,0,0,0,1,12,8
2024041527499,2024,041527499,350654,404211,-2.74594,53.53222,3,3,1,17:05,-1,E07000127,6,2,1,1,1,19,3,7,0,7,2,1,0,0,0,0,0,12,8
2024041527535,2024,041527535,331726,434773,-3.03819,53.80475,2,2,2,01:04,-1,E06000009,6,2,2,1,1,"[14, 2, 19]","[7, 0]","[3, 0]",0,"[1, 0]","[11, 0]",1,0,0,0,0,0,12,9
2024041527563,2024,041527563,374165,441875,-2.3944,53.87243,3,3,7,15:58,-1,E07000124,6,0,1,1,1,19,1,5,0,0,0,1,0,0,0,0,1,10,12
2024041527594,2024,041527594,334195,428675,-2.9994,53.75027,3,3,2,08:42,-1,E07000119,6,0,1,0,1,19,7,3,0,0,0,1,0,0,0,0,1,12,9
2024041527843,2024,041527843,334139,433071,-3.00119,53.78977,2,2,2,09:30,-1,E07000119,3,0,1,0,2,"[5, 11]","[7, 1]",7,0,"[3, 0]","[7, 0]",1,0,0,0,0,0,12,9
2024041527886,2024,041527886,369246,422145,-2.46724,53.69483,1,1,2,10:47,-1,E06000008,3,0,1,0,1,5,1,5,0,0,0,0,0,0,1,0,1,12,9
2024041527917,2024,041527917,345453,463706,-2.83495,54.06639,2,2,2,16:35,-1,E07000121,6,2,1,0,1,9,"[5, 7]","[2, 5]",0,0,0,1,0,0,0,0,0,12,9
2024041528015,2024,041528015,350461,469388,-2.75937,54.11796,3,3,2,23:00,-1,E07000121,1,2,1,1,2,19,1,5,0,0,0,1,0,0,0,0,0,12,9
2024041528050,2024,041528050,376311,431064,-2.36093,53.77537,2,2,2,13:45,-1,E07000120,1,0,1,0,2,19,3,7,0,2,0,1,0,0,0,0,0,12,9