collision_index,collision_year,collision_ref_no,location_easting_osgr,location_northing_osgr,longitude,latitude,casualty_severity,casualty_severity,day_of_week,time,local_authority_district,local_authority_ons_district,first_road_class,light_conditions,weather_conditions,road_surface_conditions,urban_or_rural_area,vehicle_manoeuvre,vehicle_direction_from,vehicle_direction_to,hit_object_in_carriageway,vehicle_leaving_carriageway,hit_object_off_carriageway,is_car,is_cyle,is_mcyle,is_goodsv,is_other,is_pedestrian,month,day
2024041528245,2024,041528245,358544,424788,-2.62966,53.71785,2,2,3,10:15,-1,E07000118,1,0,1,0,2,19,1,5,0,5,6,1,0,0,0,0,0,12,10
2024041528385,2024,041528385,350150,448499,-2.7607,53.9302,3,3,3,15:05,-1,E07000128,6,0,1,0,2,19,1,5,0,0,0,1,0,0,0,0,0,12,10
2024041528445,2024,041528445,332838,442380,-3.02297,53.87326,3,3,2,17:00,-1,E07000128,3,0,9,1,1,19,1,5,0,0,0,1,0,0,1,0,0,11,25
2024041528449,2024,041528449,344803,407053,-2.8347,53.55718,2,2,3,19:03,-1,E07000127,3,2,8,0,2,"[19, 9]","[5, 1]","[1, 5]",0,0,0,1,0,0,0,0,0,12,10
2024041528460,2024,041528460,349190,449690,-2.77551,53.94081,3,3,3,20:37,-1,E07000128,3,2,1,0,2,"[19, 9]","[1, 3]","[5, 1]",0,"[0, 1]",0,1,0,0,1,0,0,12,10
2024041528461,2024,041528461,383916,432553,-2.24561,53.78904,2,2,1,01:23,-1,E07000117,6,2,1,1,1,5,4,6,0,0,0,1,0,0,0,0,1,12,8
2024041528495,2024,041528495,370431,427440,-2.4498,53.74249,2,2,7,18:55,-1,E06000008,4,2,2,1,1,19,3,7,0,0,0,1,0,0,0,0,1,12,7
2024041528587,2024,041528587,348009,459480,-2.79518,54.02868,3,3,2,08:30,-1,E07000121,3,0,1,0,1,"[9, 19]","[5, -1]","[1, -1]",0,0,0,1,1,0,0,0,0,12,9
2024041528760,2024,041528760,355242,430224,-2.68048,53.76643,3,3,3,14:00,-1,E07000123,4,0,1,0,1,19,"[7, 5, 3]","[3, 1, 7]",0,0,0,1,0,0,0,0,0,12,10
2024041528847,2024,041528847,378602,423043,-2.32561,53.70337,2,2,2,17:00,-1,E07000125,4,2,1,0,1,9,8,4,0,0,0,1,0,0,0,0,1,12,9
2024041528897,2024,041528897,379890,419904,-2.30589,53.67521,3,3,4,16:35,-1,E07000125,6,2,1,1,1,"[19, 9]","[5, 1]","[1, 8]",0,0,0,1,0,0,0,0,0,12,11
2024041528960,2024,041528960,331213,433706,-3.04574,53.7951,2,"[2, 3]",4,21:35,-1,E06000009,6,2,1,0,1,19,3,7,0,0,0,0,1,1,0,0,0,12,11
2024041528987,2024,041528987,338713,407467,-2.9267,53.56023,1,"[1, 2]",4,21:09,-1,E07000127,6,2,1,0,2,19,5,1,0,7,10,1,0,0,0,0,0,12,11
2024041528996,2024,041528996,348393,410228,-2.78104,53.58608,2,2,5,02:00,-1,E07000127,6,2,1,0,2,19,5,1,0,7,11,1,0,0,0,0,0,12,12
2024041529000,2024,041529000,383057,432275,-2.25864,53.78652,1,1,4,23:32,-1,E07000117,4,2,1,0,1,19,"[1, 3]","[5, 7]",0,"[0, 1]",0,1,0,1,0,0,0,12,11
2024041529003,2024,041529003,385816,421827,-2.21628,53.69269,3,3,5,22:25,-1,E07000125,3,2,1,0,1,19,3,7,0,0,0,1,0,0,0,0,0,10,17
2024041529085,2024,041529085,357462,417824,-2.6451,53.65517,3,3,5,08:05,-1,E07000118,3,0,1,0,1,19,1,5,0,0,0,1,0,0,0,0,1,12,12
2024041529109,2024,041529109,331548,442271,-3.04256,53.87211,2,"[2, 3]",5,07:46,-1,E06000009,6,0,1,0,1,19,"[7, 5]","[3, 1]",0,0,0,1,0,0,0,0,0,12,12
2024041529121,2024,041529121,366326,427041,-2.51199,53.73866,2,2,5,08:45,-1,E06000008,3,0,1,0,1,12,6,2,11,0,0,1,0,0,0,0,0,12,12
2024041529260,2024,041529260,333500,434347,-3.01116,53.80115,3,3,4,13:00,-1,E06000009,6,0,1,0,1,"[19, 9]",1,"[5, 3]",0,0,0,1,0,0,1,0,0,12,11
2024041529282,2024,041529282,367119,427824,-2.50005,53.74575,2,2,5,12:21,-1,E06000008,6,0,1,0,1,"[19, 3]","[7, 3, 1]","[3, 7, 5]",0,0,0,1,0,0,0,0,0,12,12
2024041529320,2024,041529320,385493,438180,-2.22194,53.83966,3,3,4,17:38,-1,E07000122,1,2,1,0,2,"[19, 11]",7,3,0,0,0,1,0,0,0,0,0,12,11
2024041529340,2024,041529340,368596,427043,-2.47758,53.73882,3,3,5,14:48,-1,E06000008,3,0,1,0,1,"[9, 19]","[6, -1]","[2, -1]",0,0,0,1,1,0,0,0,0,12,12
2024041529365,2024,041529365,335322,439106,-2.9845,53.84415,3,3,2,11:40,-1,E07000128,3,0,1,0,1,"[19, 5]",1,5,0,0,0,1,0,1,0,0,0,12,9
2024041529440,2024,041529440,345442,418719,-2.8271,53.6621,2,2,1,19:30,-1,E07000127,3,2,1,0,2,19,1,5,0,0,0,0,0,0,1,0,1,12,8
2024041529472,2024,041529472,357609,423465,-2.64365,53.70588,3,3,3,17:21,-1,E07000118,6,2,1,0,1,19,"[1, 6]","[6, 2]",0,"[0, 8]",0,1,0,0,0,0,0,12,10
2024041529515,2024,041529515,375899,427891,-2.36693,53.74683,3,3,6,06:25,-1,E07000120,6,2,1,1,1,"[7, 9]","[8, 4]","[4, 8]",0,0,0,1,0,0,0,0,0,12,13
2024041529519,2024,041529519,389369,440710,-2.16313,53.8625,3,3,4,20:19,-1,E07000122,3,2,1,0,1,19,"[7, 5]","[3, 7]",0,"[1, 0]",0,1,0,1,0,0,0,12,11
2024041529741,2024,041529741,348605,462078,-2.78652,54.05208,2,2,6,12:15,-1,E07000121,6,0,1,0,1,19,1,5,0,0,0,1,0,0,1,0,1,12,13
2024041529857,2024,041529857,342772,431669,-2.8699,53.77819,2,2,4,19:00,-1,E07000119,3,2,1,0,1,19,1,5,0,0,0,1,0,0,0,0,1,12,4
2024041529889,2024,041529889,383368,432719,-2.25394,53.79052,2,2,6,17:05,-1,E07000117,3,2,1,1,1,"[19, 13]",7,3,0,0,0,1,1,0,0,0,0,12,13
2024041529897,2024,041529897,384641,436422,-2.2348,53.82384,2,2,6,17:23,-1,E07000122,4,2,1,0,1,19,1,5,0,7,0,1,0,0,0,0,1,12,13
2024041530131,2024,041530131,334737,438032,-2.99317,53.83443,3,3,6,15:20,-1,E07000128,6,0,1,0,1,19,1,5,0,0,0,1,0,0,0,0,1,12,13
2024041530238,2024,041530238,331196,436475,-3.04661,53.81998,2,"[3, 2]",7,19:19,-1,E06000009,3,2,2,1,1,"[19, 2]","[3, 0, 5]","[3, 0, 5]",0,"[1, 0]",0,1,0,0,0,0,0,12,14
2024041530255,2024,041530255,332086,446490,-3.03532,53.91009,3,3,7,23:14,-1,E07000128,3,2,2,1,1,"[9, 19]","[3, 5]",1,0,"[0, 1]",0,1,0,0,0,0,0,12,14
2024041530382,2024,041530382,351095,472381,-2.75016,54.14492,2,2,1,11:40,-1,E07000121,3,0,2,1,2,"[6, 19]",1,"[1, 5]",0,0,0,1,0,0,0,0,0,12,15
2024041530412,2024,041530412,354090,420088,-2.69645,53.67523,2,"[3, 2]",1,10:45,-1,E07000118,6,0,1,1,2,19,5,1,0,1,4,1,0,0,0,0,0,12,15
2024041530416,2024,041530416,330668,437056,-3.05476,53.82513,3,3,1,11:45,-1,E06000009,6,0,1,1,1,19,3,5,0,1,11,1,0,0,0,0,0,12,15
2024041530444,2024,041530444,333813,433545,-3.00624,53.79399,3,3,1,15:40,-1,E06000009,6,2,1,1,2,"[19, 4]","[3, 7]","[7, 3]","[6, 0]",0,0,1,0,0,0,0,0,12,15
2024041530524,2024,041530524,339578,419255,-2.91594,53.66627,3,3,1,20:33,-1,E07000127,6,2,1,0,2,"[2, 19]","[0, 3]","[0, 7]",0,"[0, 1, 7]",0,1,0,0,0,0,0,12,15
2024041530529,2024,041530529,385144,437197,-2.2272,53.83082,1,1,1,20:30,-1,E07000122,3,2,4,1,1,19,3,7,0,0,0,1,0,0,0,0,1,12,15
2024041530606,2024,041530606,355601,426057,-2.67443,53.72901,3,3,1,11:55,-1,E07000126,3,0,1,1,1,"[19, 5, 4]","[1, 3]",5,0,0,0,1,0,0,0,0,0,12,15
2024041530724,2024,041530724,355935,429699,-2.66989,53.76177,3,3,2,10:48,-1,E07000123,6,0,1,0,1,19,5,1,"[7, 0]",0,0,1,0,0,0,0,0,12,16
2024041530806,2024,041530806,360072,436883,-2.60808,53.82667,2,2,3,15:25,-1,E07000124,4,2,1,0,2,4,1,5,0,0,0,0,0,0,1,0,1,11,26
2024041530812,2024,041530812,387546,439279,-2.19079,53.84959,3,3,6,16:20,-1,E07000122,3,0,1,0,1,"[3, 5, -1]","[3, -1]","[7, -1]",0,0,0,1,0,0,0,0,0,12,13
2024041530914,2024,041530914,333000,437470,-3.01943,53.82915,3,3,2,08:15,-1,E06000009,6,0,1,0,1,19,5,1,0,0,0,1,1,0,0,0,0,12,2
2024041530920,2024,041530920,334301,434530,-2.99904,53.8029,3,3,2,17:29,-1,E06000009,3,2,1,0,1,"[19, 9]",3,7,0,0,0,1,0,0,0,0,0,12,16
2024041530932,2024,041530932,332412,437539,-3.02838,53.8297,3,3,2,15:20,-1,E06000009,6,0,1,1,1,19,3,7,0,0,0,0,0,1,0,0,1,12,16
2024041530970,2024,041530970,347397,464286,-2.80535,54.07181,3,3,7,11:25,-1,E07000121,3,0,2,1,2,9,5,1,0,0,0,1,0,0,0,0,0,12,14
2024041531024,2024,041531024,347208,434371,-2.80306,53.80294,2,2,3,19:07,-1,E07000123,1,2,1,0,2,19,7,3,0,1,7,1,0,0,0,0,0,12,3
2024041531055,2024,041531055,366640,428316,-2.50737,53.75014,2,2,4,17:37,-1,E06000008,6,2,1,0,1,19,-1,-1,0,0,0,1,0,0,0,0,1,11,27
2024041531172,2024,041531172,354429,425742,-2.69215,53.72608,3,3,2,07:48,-1,E07000126,4,2,1,0,1,"[4, 2]","[5, 1]","[1, 5]","[4, 0]",0,0,1,0,0,0,1,0,12,16
2024041531194,2024,041531194,374281,428067,-2.39148,53.74833,3,3,4,09:00,-1,E07000120,4,0,1,0,1,19,-1,-1,0,0,0,1,0,0,0,0,1,12,11
2024041531239,2024,041531239,367822,430539,-2.48968,53.77019,3,3,1,11:30,-1,E06000008,3,0,2,1,1,19,"[6, 8, 7]","[6, 4, 3]",0,"[4, 0]",0,1,0,0,0,0,0,12,15
2024041531293,2024,041531293,351998,405182,-2.72581,53.54108,3,3,3,08:25,-1,E07000127,6,0,1,0,1,19,7,3,0,"[7, 0]",0,1,0,0,0,0,0,12,17
2024041531305,2024,041531305,352006,430075,-2.72955,53.7648,2,2,3,12:50,-1,E07000123,3,0,1,0,1,19,3,8,0,0,0,1,0,0,0,0,1,12,17
2024041531349,2024,041531349,358137,416578,-2.63472,53.64403,3,3,6,11:00,-1,E07000118,6,0,1,0,1,19,-1,-1,0,0,0,0,0,0,1,0,1,12,13
2024041531430,2024,041531430,330695,436960,-3.05433,53.82427,3,3,3,16:06,-1,E06000009,6,2,2,1,1,"[14, 5]",1,5,0,0,0,1,0,0,0,0,0,12,17
2024041531448,2024,041531448,355105,425873,-2.68193,53.72731,3,3,3,17:20,-1,E07000126,6,2,2,1,1,19,"[5, 3]","[1, 7]",0,0,0,1,0,0,0,0,0,12,17
2024041531466,2024,041531466,369321,427673,-2.46665,53.74452,3,3,3,17:40,-1,E06000008,6,2,2,1,1,19,-1,-1,0,0,0,1,0,0,0,0,1,12,17
2024041531472,2024,041531472,331619,440033,-3.04098,53.85201,3,3,3,16:44,-1,E06000009,3,2,2,1,1,19,1,5,0,0,0,1,0,0,0,0,1,12,17
2024041531542,2024,041531542,383719,435323,-2.24875,53.81393,3,3,3,12:45,-1,E07000122,6,0,1,1,2,19,4,8,0,1,11,1,0,0,0,0,0,11,26
2024041531625,2024,041531625,349863,406176,-2.75819,53.54981,3,3,6,11:35,-1,E07000127,6,0,1,0,1,19,1,5,0,0,0,1,0,0,1,0,0,12,6
2024041531697,2024,041531697,389596,426715,-2.1592,53.73672,3,3,3,16:45,-1,E07000117,3,2,5,1,2,19,"[5, 1]","[1, 5]",0,0,0,1,0,1,0,0,0,12,17
2024041531802,2024,041531802,347049,462520,-2.81036,54.0559,3,3,3,07:40,-1,E07000121,3,0,1,1,2,4,7,3,0,0,0,1,0,0,0,0,1,12,17
2024041531897,2024,041531897,381247,422741,-2.28552,53.70076,2,2,7,13:35,-1,E07000125,6,0,2,1,1,9,7,3,0,0,0,1,0,0,0,0,1,12,14
2024041531944,2024,041531944,358055,432958,-2.63818,53.79123,3,3,4,16:47,-1,E07000123,6,2,1,1,1,"[7, 19]","[5, 4]","[7, 6]",0,"[1, 0]",0,1,1,0,0,0,0,12,18
2024041532008,2024,041532008,349653,430554,-2.76531,53.76888,3,3,2,17:00,-1,E07000123,6,2,1,1,1,"[2, 5]","[7, 3]","[3, 7]","[0, 4]",0,0,1,0,0,0,0,0,12,16
2024041532022,2024,041532022,330764,434118,-3.05264,53.79874,2,2,4,15:22,-1,E06000009,3,0,1,0,1,"[19, -1]","[5, -1]","[1, -1]",0,0,0,1,1,0,0,0,0,12,11
2024041532176,2024,041532176,355017,427543,-2.6835,53.74231,3,3,4,13:45,-1,E07000126,6,0,1,1,2,4,"[7, 3]","[3, 7]",0,0,0,1,0,0,0,0,0,12,18
2024041532282,2024,041532282,357582,431328,-2.64514,53.77655,3,3,5,10:15,-1,E07000123,1,0,1,0,2,19,5,1,0,0,0,1,0,0,1,0,0,12,19
2024041532292,2024,041532292,352995,433108,-2.71501,53.79215,3,3,2,09:20,-1,E07000123,6,0,1,0,1,"[19, 2]","[1, 0]","[5, 0]",0,0,0,1,0,0,0,0,1,12,9
2024041532309,2024,041532309,354792,431076,-2.68743,53.77405,3,3,4,08:00,-1,E07000123,3,2,1,1,1,"[19, 9]",7,3,0,0,0,1,1,0,0,0,0,12,18
2024041532370,2024,041532370,341738,462362,-2.89145,54.05391,2,2,6,15:30,-1,E07000121,4,0,1,0,1,"[9, 19]",5,1,0,0,0,1,0,0,0,0,0,10,18
2024041532434,2024,041532434,367134,428691,-2.49992,53.75354,3,3,7,16:20,-1,E06000008,6,2,2,1,1,"[19, 3]","[6, 4, 8]","[2, 8, 4]",0,"[0, 1]","[0, 11]",1,0,0,0,0,0,12,7
2024041532442,2024,041532442,377263,438871,-2.34706,53.84558,3,3,5,14:54,-1,E07000124,6,0,1,0,2,19,1,5,0,0,0,1,0,0,0,0,0,12,19
2024041532482,2024,041532482,354502,430253,-2.69171,53.76662,3,3,3,13:30,-1,E07000123,3,0,1,0,1,"[10, 1]","[5, 3]","[3, 7]",0,0,0,1,0,0,0,0,0,12,17
2024041532523,2024,041532523,347645,463869,-2.80149,54.06808,3,3,2,08:36,-1,E07000121,3,0,1,0,1,"[19, 9]","[5, 3]","[1, 5]",0,0,0,1,0,1,0,0,0,12,16
2024041532563,2024,041532563,330602,435116,-3.05533,53.80769,3,3,5,16:49,-1,E06000009,3,2,1,0,1,"[19, 11]",1,5,0,"[1, 0]","[10, 0]",1,0,0,0,0,0,12,19
2024041532577,2024,041532577,389878,437563,-2.15529,53.83422,3,3,5,17:20,-1,E07000122,6,2,1,1,2,19,6,2,0,2,11,1,0,0,0,0,0,12,19
2024041532591,2024,041532591,358449,418467,-2.63025,53.66103,3,3,7,08:00,-1,E07000118,6,0,1,0,1,"[19, 4]",5,1,0,0,0,1,0,0,0,0,0,12,14
2024041532621,2024,041532621,385381,434742,-2.22348,53.80876,2,2,5,11:33,-1,E07000117,3,0,1,1,1,19,"[3, 2]","[7, 6]",0,0,0,1,0,1,0,0,0,12,19
2024041532788,2024,041532788,375440,428564,-2.37394,53.75286,3,3,5,09:30,-1,E07000120,6,0,1,0,1,19,1,5,0,0,0,1,0,0,0,0,0,11,28
2024041532874,2024,041532874,334239,427612,-2.99851,53.74072,2,2,6,08:45,-1,E07000119,3,0,1,0,1,19,5,1,0,0,0,1,0,0,0,0,1,12,20
2024041532976,2024,041532976,334288,442027,-3.00084,53.87027,2,"[2, 3]",6,13:15,-1,E07000128,4,0,1,1,1,"[14, 5]","[3, 5]","[7, 3]",0,0,0,1,0,0,0,0,0,12,20
2024041533066,2024,041533066,356841,426599,-2.65572,53.73398,3,3,2,17:00,-1,E07000126,6,2,1,0,1,19,7,7,0,0,0,0,0,0,1,0,1,12,16
2024041533072,2024,041533072,374180,435866,-2.39367,53.81842,2,2,5,16:55,-1,E07000124,3,2,1,1,2,"[19, 9]","[1, 3]","[5, 1]",0,0,0,1,0,0,0,0,0,12,19
2024041533121,2024,041533121,369489,429026,-2.46424,53.75669,3,3,6,17:38,-1,E06000008,6,2,2,1,1,19,3,7,0,1,0,1,0,0,0,0,1,12,20
2024041533174,2024,041533174,354633,431131,-2.68985,53.77453,3,3,6,21:40,-1,E07000123,3,2,1,1,1,19,"[5, 7]","[1, 3]",0,0,0,1,0,0,0,0,0,12,20
2024041533195,2024,041533195,351758,407411,-2.72978,53.56109,3,3,7,19:34,-1,E07000127,6,2,1,1,2,19,"[1, 5]","[5, 1]",0,0,0,1,0,0,0,0,0,12,14
2024041533200,2024,041533200,355600,426057,-2.67445,53.72901,3,3,6,10:30,-1,E07000126,3,0,1,0,1,"[19, 11]",5,1,0,0,0,1,0,0,0,0,0,12,20
2024041533317,2024,041533317,352552,430127,-2.72127,53.76532,3,3,7,14:37,-1,E07000123,4,0,2,1,1,"[9, 19]","[3, 7]","[1, 3]",0,0,0,1,0,0,0,0,0,12,21
2024041533339,2024,041533339,386743,439672,-2.20301,53.85311,3,3,6,15:03,-1,E07000122,1,2,2,1,2,19,7,3,0,0,0,1,0,0,0,0,0,12,20
2024041533535,2024,041533535,362435,423618,-2.57056,53.70763,2,2,1,05:01,-1,E07000118,3,2,4,1,2,19,5,1,0,0,0,1,0,0,0,0,0,12,22
2024041533605,2024,041533605,376300,431069,-2.3611,53.77541,2,"[3, 2]",1,10:30,-1,E07000120,1,0,6,2,2,"[5, 11]",7,3,0,0,0,1,0,0,0,0,0,12,22
2024041533618,2024,041533618,383985,432503,-2.24456,53.78859,3,3,5,11:50,-1,E07000117,6,0,1,1,1,19,5,5,0,0,0,0,0,0,0,0,1,12,19
2024041533623,2024,041533623,373504,429600,-2.40339,53.76207,3,3,1,10:30,-1,E07000120,1,0,5,2,2,19,7,3,0,4,0,1,0,0,0,0,0,12,22
2024041533638,2024,041533638,381124,426065,-2.28759,53.73063,2,2,4,15:00,-1,E07000125,3,0,1,1,1,"[9, 13]",5,1,0,0,0,1,0,0,0,0,0,12,4
2024041533648,2024,041533648,358661,417280,-2.62688,53.65038,2,2,1,12:00,-1,E07000118,4,0,2,1,1,5,7,3,0,0,0,1,0,0,0,0,1,12,22
2024041533658,2024,041533658,332511,433982,-3.02609,53.79775,3,3,1,11:09,-1,E06000009,6,0,4,1,1,"[4, 19]",7,3,0,0,0,1,0,0,0,0,0,12,22
2024041533700,2024,041533700,331455,432719,-3.04184,53.78626,2,2,4,19:30,-1,E06000009,6,2,1,0,1,19,"[7, -1]","[3, -1]",0,0,0,1,0,0,0,1,0,12,18
2024041533742,2024,041533742,358413,423826,-2.63152,53.70919,2,"[2, 3]",1,17:37,-1,E07000118,1,2,4,0,1,19,5,1,0,0,0,1,0,0,0,0,0,12,22
2024041533796,2024,041533796,361459,437242,-2.58705,53.83,3,3,1,22:00,-1,E07000124,4,2,1,0,2,7,7,3,0,1,11,1,0,0,0,0,0,12,22
2024041533805,2024,041533805,335148,433616,-2.98599,53.79479,2,2,4,11:00,-1,E06000009,3,0,1,1,2,11,5,1,10,1,9,1,0,0,0,0,0,12,18
2024041533817,2024,041533817,350742,445337,-2.75117,53.90184,2,2,5,06:00,-1,E07000128,1,2,1,0,2,19,5,1,0,0,0,1,0,0,1,0,0,12,19
2024041534033,2024,041534033,374369,429886,-2.3903,53.76469,3,3,1,14:12,-1,E07000120,3,0,1,1,2,"[19, 8]",3,7,0,0,0,1,0,0,0,0,0,12,22
2024041534062,2024,041534062,368599,428391,-2.47767,53.75093,3,3,2,11:39,-1,E06000008,3,0,1,0,1,"[8, 5]","[0, 2]","[0, 2]",0,0,0,1,0,0,0,0,0,12,23
2024041534095,2024,041534095,335080,438185,-2.98799,53.83584,3,3,3,16:29,-1,E07000128,6,0,4,0,1,5,7,3,0,0,0,1,0,0,0,0,1,12,10
2024041534100,2024,041534100,349340,464808,-2.77575,54.07669,3,3,2,13:30,-1,E07000121,3,0,2,1,2,19,7,3,0,0,0,1,0,0,0,0,0,12,23
2024041534161,2024,041534161,345900,463128,-2.82802,54.06124,3,3,7,13:59,-1,E07000121,3,0,5,1,1,19,3,7,0,"[0, 1]",0,1,0,1,0,0,0,12,21
2024041534325,2024,041534325,331448,433446,-3.04211,53.79279,2,2,2,14:45,-1,E06000009,6,0,1,1,1,"[9, 19]","[5, 3]","[2, 7]",0,0,0,1,0,0,0,0,0,12,23
2024041534483,2024,041534483,377587,430883,-2.34155,53.7738,3,3,3,12:20,-1,E07000120,6,0,2,1,1,19,"[5, 1]","[1, 5]",0,0,0,1,0,0,0,0,0,12,24
2024041534568,2024,041534568,331755,433801,-3.03753,53.79602,3,3,3,17:45,-1,E06000009,6,2,1,1,1,"[9, 19]","[3, 5]","[5, 1]",0,0,0,1,1,0,0,0,0,12,24
2024041534596,2024,041534596,379232,446882,-2.31768,53.91766,2,2,6,13:25,-1,E07000124,3,0,5,1,2,19,7,7,0,4,0,1,0,0,0,0,0,12,20
2024041534662,2024,041534662,347453,461703,-2.80405,54.0486,3,3,6,14:00,-1,E07000121,6,0,8,1,1,19,3,7,0,0,0,0,1,0,0,0,1,12,20
2024041534669,2024,041534669,371068,429193,-2.44031,53.75829,2,2,3,22:35,-1,E07000120,3,2,2,1,2,19,2,6,7,1,0,0,0,1,0,0,0,12,24
2024041534713,2024,041534713,342978,429211,-2.86632,53.75612,3,3,4,13:05,-1,E07000119,6,0,1,1,2,"[5, 19]","[1, 7]","[5, 3]",0,0,0,1,0,0,0,0,0,12,25
2024041534754,2024,041534754,342197,463574,-2.88467,54.06485,2,2,4,22:05,-1,E07000121,3,2,2,1,1,19,7,3,0,0,0,1,0,0,0,0,0,12,25
2024041534807,2024,041534807,382836,432072,-2.26198,53.78468,3,3,2,21:43,-1,E07000117,6,2,2,1,1,19,-1,-1,0,0,0,1,0,0,0,0,1,12,23
2024041534839,2024,041534839,332831,442394,-3.02308,53.87338,2,2,5,11:16,-1,E07000128,3,0,1,0,1,19,8,4,0,0,0,1,0,0,0,0,0,12,26
2024041534845,2024,041534845,352979,431029,-2.71493,53.77346,2,2,5,13:15,-1,E07000123,3,0,1,1,1,19,"[1, 7]","[5, 3]",0,0,0,1,0,0,0,0,0,12,26
2024041534914,2024,041534914,344444,407674,-2.84023,53.56273,1,1,5,18:50,-1,E07000127,6,2,7,1,2,19,1,6,0,0,0,1,1,0,0,0,0,12,26
2024041534919,2024,041534919,358657,424914,-2.62797,53.71899,3,3,5,20:35,-1,E07000118,1,2,7,1,2,19,1,3,0,1,4,1,0,0,0,0,0,12,26
2024041535148,2024,041535148,385793,437920,-2.21737,53.83734,3,3,6,10:45,-1,E07000122,6,0,8,1,1,19,"[6, 8]","[2, 4]",0,1,11,1,0,0,0,0,0,12,27
2024041535299,2024,041535299,335315,442966,-2.98543,53.87884,2,"[3, 2]",6,19:20,-1,E07000128,6,2,7,1,1,7,7,4,0,6,11,1,0,0,0,0,0,12,27
2024041535431,2024,041535431,354038,421608,-2.69746,53.68889,3,3,7,13:00,-1,E07000126,4,0,2,1,1,5,"[5, 3]",7,0,0,0,1,0,0,0,0,0,12,28
2024041535438,2024,041535438,358811,419432,-2.6249,53.66973,3,3,7,14:45,-1,E07000118,3,0,7,1,2,12,1,5,0,0,0,1,0,0,0,0,0,12,28
2024041535453,2024,041535453,335124,433534,-2.98634,53.79405,3,3,5,18:00,-1,E06000009,3,2,9,0,2,"[12, 19]",5,1,0,0,0,1,0,0,0,0,0,12,12
2024041535456,2024,041535456,353641,430188,-2.70476,53.76596,3,3,7,16:00,-1,E07000123,3,2,2,1,1,"[6, 19]",5,1,0,0,0,1,1,0,0,0,0,12,28
2024041535526,2024,041535526,333244,434171,-3.01501,53.79954,3,3,7,16:25,-1,E06000009,6,2,1,1,1,"[9, 19]","[7, 2]","[3, 6]",0,"[0, 2]","[0, 3]",1,0,0,0,0,0,12,28
2024041535549,2024,041535549,370278,421065,-2.4515,53.68519,2,2,7,17:30,-1,E06000008,6,2,2,1,1,"[19, 2]","[2, 0]","[1, 0]","[11, 0]","[1, 0]","[2, 0]",1,0,0,0,0,0,12,28
2024041535575,2024,041535575,361429,420217,-2.58538,53.67699,3,3,7,15:48,-1,E07000118,6,0,1,0,2,19,-1,-1,0,0,0,0,0,0,1,0,1,12,28
2024041535625,2024,041535625,348566,462695,-2.78722,54.05763,3,3,7,15:45,-1,E07000121,6,0,1,0,1,19,1,5,0,0,0,1,0,0,0,0,1,12,28
2024041535649,2024,041535649,358229,427224,-2.63476,53.73971,2,2,7,13:45,-1,E07000126,3,0,1,1,1,"[2, 19]","[0, 3]","[0, 7]","[4, 0]",0,0,1,0,0,0,0,0,12,28
2024041535700,2024,041535700,367023,415898,-2.50024,53.63855,2,"[3, 2]",2,20:05,-1,E06000008,6,2,1,1,2,19,3,7,0,7,9,1,0,0,0,0,0,12,9
2024041535719,2024,041535719,383790,432165,-2.2475,53.78555,3,3,7,18:57,-1,E07000117,3,2,2,1,1,"[19, 9]",3,7,0,0,0,1,0,1,0,0,0,12,14
2024041535772,2024,041535772,333020,445052,-3.02079,53.89729,2,2,6,21:05,-1,E07000128,4,2,1,0,2,"[9, 19]","[4, 8]","[8, 4]",0,0,0,1,0,1,0,0,0,10,4
2024041535802,2024,041535802,374537,433003,-2.38801,53.79271,2,2,2,08:00,-1,E07000120,3,0,1,0,1,"[19, 12]","[7, 1]",3,"[0, 11]","[0, 1]",0,1,0,0,0,1,0,12,30
2024041535837,2024,041535837,341282,448439,-2.89573,53.92873,1,1,7,10:12,-1,E07000128,6,0,2,1,2,5,7,3,0,3,0,1,0,0,0,0,0,12,28
2024041535961,2024,041535961,348363,460575,-2.78996,54.03855,2,2,5,17:30,-1,E07000121,6,2,1,0,1,19,1,5,0,0,0,1,0,0,0,0,1,12,19
2024041535986,2024,041535986,354369,429481,-2.69361,53.75968,3,3,3,19:00,-1,E07000123,6,2,9,0,1,-1,-1,-1,-1,-1,0,1,0,0,0,0,1,12,17
2024041536063,2024,041536063,335510,439125,-2.98165,53.84435,3,3,2,19:25,-1,E07000128,6,2,2,1,1,19,"[5, 7]","[1, 3]",0,"[0, 2]",0,1,0,0,0,0,0,12,30
2024041536070,2024,041536070,350522,427204,-2.75159,53.73886,2,2,2,16:20,-1,E07000126,3,2,1,0,2,"[19, 5]","[5, 3]","[1, 7]",0,0,0,1,0,0,0,0,0,12,30
2024041536074,2024,041536074,368554,427088,-2.47822,53.73922,3,3,2,20:25,-1,E06000008,3,2,1,1,1,19,3,1,0,0,0,1,0,0,0,0,1,12,30
2024041536079,2024,041536079,330399,432224,-3.05776,53.78167,2,2,2,16:10,-1,E06000009,3,2,1,1,1,"[2, 19, 5]","[0, 5, 2]","[0, 1, 5]",0,0,0,1,0,0,0,0,0,12,30
2024041536121,2024,041536121,368589,428378,-2.47782,53.75082,2,"[2, 3]",3,01:04,-1,E06000008,3,2,1,0,1,19,"[1, 3]","[5, 7]",0,0,0,1,0,0,0,0,0,12,31