collision_index,collision_year,collision_ref_no,location_easting_osgr,location_northing_osgr,longitude,latitude,casualty_severity,casualty_severity,day_of_week,time,local_authority_district,local_authority_ons_district,first_road_class,light_conditions,weather_conditions,road_surface_conditions,urban_or_rural_area,vehicle_manoeuvre,vehicle_direction_from,vehicle_direction_to,hit_object_in_carriageway,vehicle_leaving_carriageway,hit_object_off_carriageway,is_car,is_cyle,is_mcyle,is_goodsv,is_other,is_pedestrian,month,day
2024052400215,2024,052400215,333182,417816,-3.01241,53.65255,3,3,1,14:36,-1,E08000014,6,0,1,1,2,19,7,3,0,0,0,1,0,0,0,0,1,1,21
2024052400217,2024,052400217,337554,391097,-2.94094,53.41297,3,3,3,21:51,-1,E08000012,6,2,4,1,1,1,1,5,0,0,0,1,0,0,0,0,1,1,23
2024052400218,2024,052400218,340073,388700,-2.90259,53.39172,3,3,3,14:00,-1,E08000012,3,0,4,1,1,19,2,6,0,0,0,1,0,0,0,0,0,1,23
2024052400219,2024,052400219,334499,394143,-2.98752,53.43997,2,2,4,07:45,-1,E08000012,3,0,4,0,1,19,1,5,0,0,0,1,0,0,0,0,1,1,24
2024052400220,2024,052400220,335007,390624,-2.97915,53.40841,2,2,3,09:40,-1,E08000012,3,0,2,1,1,19,2,6,0,0,0,1,0,0,0,0,1,1,23
2024052400221,2024,052400221,328664,391991,-3.07486,53.41987,2,2,1,00:42,-1,E08000015,6,2,1,0,1,5,5,1,0,0,0,1,0,0,0,0,1,1,14
2024052400222,2024,052400222,331984,390645,-3.02462,53.40822,3,3,4,12:00,-1,E08000015,6,0,1,0,1,1,1,5,0,0,0,1,0,0,0,0,1,1,24
2024052400225,2024,052400225,330531,388683,-3.04604,53.39039,3,3,6,17:30,-1,E08000015,6,2,1,0,1,"[19, 13]",7,3,0,0,0,1,1,0,0,0,0,1,19
2024052400226,2024,052400226,334753,390125,-2.98287,53.40389,3,3,7,21:05,-1,E08000012,4,2,1,1,1,19,2,6,0,0,0,0,0,0,1,0,1,1,20
2024052400228,2024,052400228,338751,388591,-2.92244,53.39059,3,3,4,17:30,-1,E08000012,6,2,1,1,1,19,3,7,0,0,0,1,0,0,0,0,1,1,24
2024052400229,2024,052400229,337318,400847,-2.94643,53.50057,2,2,5,11:25,-1,E08000014,3,0,1,0,1,19,5,1,0,0,0,1,0,0,0,0,1,1,25
2024052400230,2024,052400230,321317,386657,-3.18405,53.37089,3,3,6,11:00,-1,E08000015,6,0,1,0,1,19,5,1,0,0,0,1,0,0,0,0,1,1,19
2024052400231,2024,052400231,339766,394916,-2.90839,53.44755,3,3,5,14:35,-1,E08000012,6,0,1,0,1,19,2,6,0,0,0,1,0,0,0,0,1,1,25
2024052400232,2024,052400232,334086,396718,-2.99428,53.46306,2,2,5,08:10,-1,E08000014,6,0,2,1,1,19,5,1,0,0,0,1,0,0,0,0,1,1,25
2024052400234,2024,052400234,335692,394589,-2.96966,53.44413,3,3,6,10:35,-1,E08000012,3,0,1,0,1,"[19, 10]","[6, 8]","[2, 6]",0,0,0,1,0,1,0,0,0,1,26
2024052400235,2024,052400235,355663,396747,-2.66932,53.46559,2,2,5,17:30,-1,E08000013,3,2,1,0,1,19,"[3, 7]","[7, 3]",0,0,0,0,1,0,1,0,0,1,25
2024052400236,2024,052400236,342566,384593,-2.86436,53.35508,3,3,5,17:09,-1,E08000012,6,2,1,0,1,"[9, 19]","[1, 5]","[7, 1]",0,0,0,1,0,1,0,0,0,1,25
2024052400237,2024,052400237,351290,391235,-2.73433,53.41566,3,3,6,15:45,-1,E08000013,6,0,1,0,1,19,"[2, 6]","[6, 2]",0,0,0,1,0,0,0,0,0,1,26
2024052400238,2024,052400238,336240,395787,-2.96165,53.45496,2,2,6,22:14,-1,E08000012,3,2,1,0,1,19,1,5,0,0,0,1,0,0,0,0,1,1,26
2024052400243,2024,052400243,349292,390160,-2.76421,53.40581,2,2,7,17:28,-1,E08000013,6,0,1,0,2,4,3,7,0,0,0,0,1,0,0,0,0,1,27
2024052400246,2024,052400246,340989,383795,-2.8879,53.34774,3,3,1,17:00,-1,E08000012,6,2,1,0,1,"[9, 13]","[8, 6]","[6, 2]",0,0,0,1,0,0,0,0,0,1,28
2024052400247,2024,052400247,338131,393733,-2.93277,53.43673,3,3,1,17:58,-1,E08000012,3,2,1,0,1,"[9, 19]","[8, 4]","[6, 8]",0,"[0, 1]",0,1,0,0,0,0,0,1,28
2024052400248,2024,052400248,334996,390564,-2.9793,53.40787,3,3,2,08:55,-1,E08000012,3,0,2,1,1,19,2,6,0,0,0,0,0,0,1,0,1,1,29
2024052400249,2024,052400249,339309,397431,-2.91576,53.4701,3,3,7,21:20,-1,E08000011,6,2,1,1,1,"[4, 19]",1,5,0,0,0,1,0,0,0,0,0,1,27
2024052400250,2024,052400250,333913,400314,-2.99764,53.49536,3,3,1,10:52,-1,E08000014,6,0,1,1,1,"[4, 19]",4,8,0,0,0,1,0,0,0,0,0,1,28
2024052400251,2024,052400251,336534,389285,-2.95591,53.39656,2,2,6,19:19,-1,E08000012,4,2,1,0,1,"[9, 19]","[3, 1]","[1, 5]",0,0,0,1,1,0,0,0,0,1,26
2024052400252,2024,052400252,340875,390257,-2.89082,53.4058,3,3,2,08:08,-1,E08000012,3,0,2,1,1,"[19, 9]","[5, 1]","[1, 7]",0,0,0,1,0,0,0,0,0,1,29
2024052400255,2024,052400255,336680,397761,-2.95543,53.47276,3,3,2,17:20,-1,E08000014,3,2,2,1,1,"[19, 3]",1,5,0,0,0,1,0,0,0,0,0,1,29
2024052400256,2024,052400256,335875,398714,-2.96775,53.48122,3,3,2,17:15,-1,E08000014,3,2,2,1,1,"[9, 19]","[8, 4]","[7, 8]",0,0,0,1,1,0,0,0,0,1,29
2024052400257,2024,052400257,335193,389078,-2.97603,53.39454,3,3,5,16:00,-1,E08000012,3,0,1,0,1,19,5,1,0,0,0,1,1,0,0,0,0,1,25
2024052400258,2024,052400258,336986,399957,-2.95126,53.49253,3,3,3,08:37,-1,E08000014,3,0,1,0,2,19,"[2, 4]","[6, 8]",0,0,0,1,0,0,0,0,0,1,30
2024052400260,2024,052400260,347113,391391,-2.79719,53.41666,3,3,3,08:05,-1,E08000011,5,0,1,1,1,19,"[4, 2]","[8, 6]",0,0,0,1,0,0,0,0,0,1,30
2024052400261,2024,052400261,326416,387951,-3.10773,53.38326,2,2,6,18:25,-1,E08000015,4,2,1,0,1,"[9, 19]","[2, 6]","[1, 2]",0,0,0,1,1,0,0,0,0,1,26
2024052400263,2024,052400263,336812,399927,-2.95387,53.49224,3,3,3,09:25,-1,E08000014,3,0,1,0,1,19,"[5, 3]","[1, 7]",0,0,0,1,0,0,0,0,0,1,30
2024052400264,2024,052400264,336798,396904,-2.95348,53.46507,3,3,3,13:10,-1,E08000012,6,0,1,0,1,19,3,7,0,0,0,1,0,0,0,0,1,1,30
2024052400266,2024,052400266,342459,384004,-2.86586,53.34978,3,3,3,13:45,-1,E08000012,3,0,1,0,1,19,"[3, 1]","[7, 5]",0,0,0,1,0,0,0,0,0,1,30
2024052400267,2024,052400267,331346,387454,-3.03352,53.37946,3,3,1,17:22,-1,E08000015,3,2,2,1,1,3,1,5,0,0,0,1,0,0,0,0,0,1,28
2024052400269,2024,052400269,351625,394121,-2.72973,53.44163,3,3,3,15:30,-1,E08000013,3,0,1,0,2,19,5,1,0,0,0,1,0,0,0,0,0,1,30
2024052400270,2024,052400270,350886,395692,-2.7411,53.45568,2,2,3,12:30,-1,E08000013,6,0,1,0,1,9,1,7,0,0,0,1,0,0,0,0,1,1,30
2024052400271,2024,052400271,341737,390762,-2.87795,53.41044,2,2,3,16:00,-1,E08000011,6,0,1,0,1,19,3,7,0,0,0,1,0,0,0,0,0,1,30
2024052400272,2024,052400272,341540,391795,-2.88111,53.4197,3,3,3,16:10,-1,E08000012,3,0,1,0,1,19,"[7, 1]","[3, 6]",0,0,0,1,0,1,0,0,0,1,30
2024052400273,2024,052400273,355463,397512,-2.67244,53.47245,3,3,5,18:00,-1,E08000013,3,2,1,0,1,"[19, 11]",3,7,0,0,0,1,0,0,1,0,0,1,25
2024052400274,2024,052400274,337914,395281,-2.93635,53.45061,3,3,3,12:15,-1,E08000012,4,0,1,0,1,"[2, 19]","[0, 1]","[0, 5]",0,0,0,1,0,0,0,1,0,1,30
2024052400275,2024,052400275,340203,390374,-2.90095,53.40678,3,3,1,15:10,-1,E08000012,3,0,1,0,1,"[19, 4]",3,7,0,0,0,1,0,1,0,0,0,1,28
2024052400278,2024,052400278,327857,387205,-3.0859,53.37675,3,3,2,09:00,-1,E08000015,6,0,8,0,1,19,8,4,0,0,0,1,0,0,0,0,1,1,15
2024052400281,2024,052400281,342456,395645,-2.86803,53.4544,3,3,2,09:15,-1,E08000011,1,0,4,0,2,"[3, 19]",5,1,"[4, 0]","[1, 0]","[11, 0]",1,0,0,1,0,0,1,15
2024052400282,2024,052400282,335029,417311,-2.98437,53.64825,3,3,5,14:45,-1,E08000014,6,0,1,0,1,19,3,7,0,0,0,1,0,0,0,0,1,2,1
2024052400283,2024,052400283,337651,402828,-2.94181,53.51841,3,3,5,17:15,-1,E08000014,3,2,1,0,1,"[9, 19]","[2, 6]","[1, 2]",0,0,0,1,0,1,0,0,0,2,1
2024052400284,2024,052400284,338792,395777,-2.92322,53.45517,3,3,5,20:12,-1,E08000012,6,2,1,0,1,19,"[2, 8]","[6, 4]",0,0,0,1,0,0,0,0,0,2,1
2024052400286,2024,052400286,338587,397364,-2.92662,53.46941,3,3,5,18:00,-1,E08000012,3,0,1,0,1,"[10, 19]","[5, 7]","[1, 3]",0,"[0, 1]","[0, 10]",1,0,0,0,0,0,2,1
2024052400287,2024,052400287,334222,417152,-2.99654,53.64672,3,3,5,20:30,-1,E08000014,6,2,1,0,1,19,"[6, 4]","[2, 8]",0,"[1, 7]",11,1,0,0,0,0,0,2,1
2024052400288,2024,052400288,330665,389647,-3.04424,53.39908,3,3,6,02:30,-1,E08000015,6,2,1,1,1,19,"[7, 3]","[3, 7]",0,0,0,1,0,0,0,0,0,2,2
2024052400290,2024,052400290,356298,397023,-2.65979,53.46812,3,3,6,08:30,-1,E08000013,3,0,1,0,1,"[2, 19]","[0, 7]","[0, 3]",0,0,0,1,0,0,0,0,1,2,2
2024052400291,2024,052400291,329597,386802,-3.05966,53.37337,3,3,5,08:20,-1,E08000015,6,0,1,0,1,19,1,5,0,0,0,1,0,0,0,0,1,2,1
2024052400292,2024,052400292,331133,388425,-3.03694,53.38815,3,3,5,18:00,-1,E08000015,6,2,1,0,1,"[2, 1]","[0, 7]","[0, 3]",0,0,0,1,0,0,0,0,0,2,1
2024052400293,2024,052400293,351014,395219,-2.7391,53.45144,3,3,4,16:50,-1,E08000013,6,2,1,0,1,5,2,6,0,0,0,1,0,0,0,0,1,1,31
2024052400294,2024,052400294,337168,386215,-2.94577,53.36905,3,3,5,20:00,-1,E08000012,6,2,1,0,1,19,"[4, 8]","[8, 4]",0,0,0,0,1,0,0,0,0,2,1
2024052400295,2024,052400295,326765,381657,-3.10103,53.32674,3,3,2,18:15,-1,E08000015,6,0,1,0,1,"[19, 2]","[2, 0]","[6, 0]",0,0,0,1,0,0,0,0,1,1,29
2024052400296,2024,052400296,339206,392511,-2.91636,53.42587,3,3,4,15:45,-1,E08000012,3,0,1,0,1,19,8,4,0,1,11,1,0,0,0,0,0,1,24
2024052400297,2024,052400297,335218,393985,-2.97667,53.43864,3,3,6,18:52,-1,E08000012,6,2,1,0,1,19,8,4,0,0,0,1,0,0,0,0,1,2,2
2024052400298,2024,052400298,332655,386555,-3.01366,53.37155,3,3,6,22:49,-1,E08000015,4,2,1,0,1,"[2, 19]","[0, 3]","[0, 7]","[0, 4]",0,0,1,1,0,0,0,0,2,2
2024052400300,2024,052400300,334202,394005,-2.99197,53.4387,3,3,6,12:00,-1,E08000012,6,0,1,0,1,9,6,4,0,0,0,1,0,0,0,0,1,2,2
2024052400304,2024,052400304,335794,379961,-2.96514,53.31267,3,3,7,09:39,-1,E08000015,3,0,1,1,1,"[3, 19]",7,3,0,0,0,1,0,0,0,0,0,2,3
2024052400305,2024,052400305,342869,388801,-2.86057,53.39294,3,3,6,12:30,-1,E08000012,4,0,1,0,1,"[19, 5]",4,8,0,0,0,1,0,0,0,0,0,2,2
2024052400307,2024,052400307,337887,395329,-2.93676,53.45104,3,3,7,15:45,-1,E08000012,4,0,1,0,1,19,4,8,0,0,0,1,0,0,0,0,1,2,3
2024052400308,2024,052400308,337529,389481,-2.94099,53.39844,3,3,7,17:30,-1,E08000012,6,2,1,0,1,19,"[7, 5]","[3, 1]",0,0,0,1,1,0,0,0,0,2,3
2024052400309,2024,052400309,334339,396828,-2.99049,53.46408,3,3,7,18:40,-1,E08000014,6,2,1,0,1,"[9, 19]","[1, 5]","[5, 1]",0,0,0,1,0,0,0,0,0,2,3
2024052400311,2024,052400311,343151,391399,-2.8568,53.41632,2,2,7,18:00,-1,E08000011,6,2,1,0,1,19,5,1,0,0,0,1,1,0,0,0,0,2,3
2024052400312,2024,052400312,337512,391584,-2.94166,53.41734,3,3,1,20:00,-1,E08000012,6,2,1,0,1,1,3,7,0,0,0,1,0,0,0,0,1,2,4
2024052400313,2024,052400313,329983,389907,-3.05455,53.40132,1,"[1, 2]",1,18:50,-1,E08000015,6,2,1,0,1,"[9, 19]","[1, 5]","[7, 1]",0,0,0,1,0,0,0,0,0,2,4
2024052400314,2024,052400314,335752,388152,-2.96744,53.38628,3,3,1,18:00,-1,E08000012,3,2,1,0,1,19,"[7, 5]","[4, 2]",0,0,0,1,0,0,0,0,0,2,4
2024052400316,2024,052400316,334732,417515,-2.9889,53.65005,3,3,2,00:00,-1,E08000014,4,2,1,0,1,9,1,7,0,1,1,1,0,0,0,0,0,2,5
2024052400317,2024,052400317,347984,392518,-2.78427,53.42687,2,"[3, 2]",1,16:30,-1,E08000011,6,0,1,0,1,"[19, 4]",5,1,0,0,0,1,0,0,0,0,0,2,4
2024052400318,2024,052400318,340736,387821,-2.89245,53.38389,2,"[2, 3]",1,16:30,-1,E08000012,3,0,1,0,1,19,"[6, 8]","[2, 4]",0,0,0,1,0,1,0,0,0,2,4
2024052400319,2024,052400319,348186,392976,-2.78131,53.43101,2,2,6,19:15,-1,E08000013,6,2,1,0,1,19,2,6,0,0,0,1,0,0,0,0,1,2,2
2024052400320,2024,052400320,353223,393387,-2.70557,53.43518,3,3,6,10:20,-1,E08000013,6,0,1,0,1,"[19, 5]","[7, 5]","[3, 1]",0,"[1, 0]","[10, 0]",1,0,0,0,0,0,1,12
2024052400321,2024,052400321,329176,392319,-3.06723,53.42289,3,3,2,12:30,-1,E08000015,3,0,1,0,1,1,5,1,0,0,0,1,0,0,0,0,1,2,5
2024052400322,2024,052400322,330969,393391,-3.04049,53.43276,2,2,4,19:00,-1,E08000015,6,2,1,0,1,19,5,1,0,0,0,1,0,0,0,0,1,1,24
2024052400323,2024,052400323,336178,392116,-2.96184,53.42196,3,3,6,16:25,-1,E08000012,3,0,1,0,1,19,6,2,0,0,0,1,0,0,0,0,1,2,2
2024052400324,2024,052400324,336806,399885,-2.95396,53.49186,3,3,6,16:47,-1,E08000014,3,0,1,0,1,"[5, 19]","[7, 5]","[3, 1]",0,0,0,1,0,0,0,0,0,2,2
2024052400326,2024,052400326,342916,396377,-2.86124,53.46103,3,3,3,01:47,-1,E08000011,6,2,1,0,1,1,3,7,0,0,0,1,0,0,0,0,1,2,6
2024052400329,2024,052400329,338146,394200,-2.93264,53.44093,3,3,5,18:15,-1,E08000012,3,2,1,0,1,"[9, 19]","[3, 5]",1,0,0,0,1,0,0,0,0,0,2,1
2024052400331,2024,052400331,322052,386358,-3.17294,53.36832,3,3,2,08:58,-1,E08000015,6,0,1,0,1,19,7,3,0,0,0,1,0,0,0,0,1,2,5
2024052400334,2024,052400334,339532,398715,-2.91265,53.48167,2,"[2, 3]",3,08:20,-1,E08000011,1,0,2,1,2,19,5,1,0,0,0,1,0,0,0,0,0,2,6
2024052400335,2024,052400335,333719,385360,-2.99742,53.36094,3,3,3,08:00,-1,E08000015,6,0,1,0,1,"[5, 19]","[7, 5]","[3, 1]",0,0,0,1,1,0,0,0,0,2,6
2024052400338,2024,052400338,348660,388249,-2.77341,53.38857,3,3,4,09:00,-1,E08000011,3,0,1,0,2,"[9, 19]",1,5,0,0,0,1,0,0,1,0,0,2,7
2024052400339,2024,052400339,334370,390414,-2.98869,53.40644,3,3,4,13:00,-1,E08000012,6,0,1,0,1,19,7,3,0,0,0,0,0,0,0,0,1,2,7
2024052400341,2024,052400341,351339,395924,-2.73432,53.45781,2,"[2, 3]",3,17:40,-1,E08000013,6,2,1,1,1,"[3, 19, 9]","[5, 3, 7]","[1, 7, 5]",0,"[0, 1]","[0, 11]",1,0,0,0,0,0,2,6
2024052400342,2024,052400342,331952,382829,-3.02342,53.33797,3,3,3,17:45,-1,E08000015,3,2,2,1,2,"[19, 11]",4,8,0,0,0,1,0,0,0,0,0,2,6
2024052400344,2024,052400344,340687,384875,-2.89264,53.35741,3,3,2,08:14,-1,E08000012,4,0,1,0,1,5,6,2,0,0,0,1,0,0,0,0,1,2,5
2024052400345,2024,052400345,338563,388514,-2.92525,53.38987,3,3,5,15:19,-1,E08000012,3,0,2,1,1,"[9, 19]","[1, 7]","[7, 3]",0,0,0,1,0,0,0,0,0,2,8
2024052400346,2024,052400346,335858,387857,-2.96579,53.38365,3,3,5,16:30,-1,E08000012,6,0,2,1,1,"[19, 5]","[4, 6]","[8, 2]",0,0,0,1,0,0,0,0,0,2,8
2024052400347,2024,052400347,335981,395324,-2.96546,53.45077,3,3,5,18:31,-1,E08000012,3,2,1,0,1,19,1,5,0,0,0,1,0,0,0,0,1,2,8
2024052400348,2024,052400348,344514,392168,-2.83643,53.42337,3,3,6,06:15,-1,E08000011,6,2,2,1,1,"[9, 19]",7,"[5, 3]",0,0,0,1,1,0,0,0,0,2,9
2024052400350,2024,052400350,356075,396856,-2.66313,53.4666,3,3,5,17:45,-1,E08000013,3,2,2,1,1,"[2, 19]","[0, 1]","[0, 5]","[0, 4]",0,0,1,0,0,0,0,0,1,25
2024052400351,2024,052400351,333911,394615,-2.99647,53.44414,3,3,5,12:00,-1,E08000014,3,0,1,0,1,"[5, 19]","[7, 5]",1,0,0,0,1,0,0,0,0,0,2,8
2024052400352,2024,052400352,340043,391075,-2.90349,53.41306,3,3,5,15:30,-1,E08000012,3,0,2,1,1,19,8,4,0,0,0,1,0,0,0,0,0,2,8
2024052400353,2024,052400353,332971,396387,-3.011,53.45995,2,2,6,21:15,-1,E08000014,3,2,2,1,1,19,8,4,0,1,1,1,0,0,0,0,0,2,9
2024052400354,2024,052400354,334894,389851,-2.98069,53.40145,2,2,7,03:05,-1,E08000012,6,2,1,1,1,19,8,4,0,0,0,1,0,0,0,0,1,2,10
2024052400356,2024,052400356,350899,397256,-2.74115,53.46974,3,3,3,11:00,-1,E08000013,6,0,1,0,2,19,"[1, 5]","[5, 1]",0,0,0,1,0,0,0,0,0,1,9
2024052400357,2024,052400357,339279,387824,-2.91436,53.38375,3,3,6,11:05,-1,E08000012,6,0,1,0,1,1,1,5,0,0,0,1,0,0,0,0,1,2,9
2024052400358,2024,052400358,343552,383820,-2.84941,53.34824,3,3,7,20:15,-1,E08000012,3,2,1,1,1,19,"[3, 1]","[7, 5]",0,"[1, 0]","[11, 0]",1,0,0,0,0,0,2,10
2024052400359,2024,052400359,324327,389480,-3.1395,53.3967,3,3,7,20:10,-1,E08000015,3,2,1,0,2,"[19, 2]","[5, 0]","[1, 0]",0,0,0,1,0,0,0,0,0,2,10
2024052400360,2024,052400360,335761,390978,-2.96788,53.41168,3,3,1,04:37,-1,E08000012,3,2,7,0,1,19,"[7, 5]","[3, 1]",0,0,0,1,0,0,0,0,0,2,11
2024052400361,2024,052400361,335310,417961,-2.98025,53.65413,3,3,1,07:00,-1,E08000014,3,0,1,1,1,19,5,1,0,2,2,1,0,0,0,0,0,2,11
2024052400363,2024,052400363,336891,392666,-2.95122,53.42699,3,3,7,18:00,-1,E08000012,3,2,1,0,1,"[9, 19]","[2, 6]","[8, 2]",0,0,0,1,1,0,0,0,0,2,10
2024052400364,2024,052400364,336194,390714,-2.96132,53.40936,3,3,1,13:30,-1,E08000012,4,0,1,0,1,19,5,1,0,0,0,1,0,0,0,0,1,2,11
2024052400366,2024,052400366,332729,399061,-3.01522,53.48395,3,3,6,15:10,-1,E08000014,6,0,2,1,1,19,"[1, 3]","[5, 7]",0,0,0,1,1,0,0,0,0,2,9
2024052400367,2024,052400367,335426,390109,-2.97274,53.40383,3,3,5,13:15,-1,E08000012,6,0,2,1,1,"[19, 9]","[1, 5]","[5, 3]",0,0,0,1,0,0,0,0,0,2,8
2024052400368,2024,052400368,337678,390170,-2.93889,53.40465,3,3,6,15:45,-1,E08000012,6,0,1,0,1,"[19, 4]","[5, 6]",2,0,0,0,1,0,0,0,0,0,2,9
2024052400369,2024,052400369,335691,389485,-2.96863,53.39826,3,3,7,22:45,-1,E08000012,6,2,1,0,1,"[9, 19]","[5, 1]","[3, 5]",0,0,0,1,1,0,0,0,0,2,10
2024052400370,2024,052400370,336702,390974,-2.95373,53.41176,3,3,1,18:45,-1,E08000012,3,2,1,0,1,19,3,7,0,0,0,1,0,0,0,0,1,2,11
2024052400371,2024,052400371,340433,389288,-2.89729,53.39704,3,3,7,22:20,-1,E08000012,3,2,1,0,1,"[19, 5]","[3, 5]","[7, 1]",0,0,0,1,0,0,0,0,0,2,10
2024052400372,2024,052400372,332867,386619,-3.01048,53.37215,2,2,2,09:30,-1,E08000015,4,0,1,0,1,19,3,7,0,0,0,1,0,0,0,0,1,2,12
2024052400374,2024,052400374,339893,391352,-2.9058,53.41553,3,3,2,20:50,-1,E08000012,3,2,1,0,1,19,5,1,0,4,1,1,0,0,0,0,0,2,12
2024052400376,2024,052400376,348601,393762,-2.77519,53.43811,2,2,6,11:30,-1,E08000013,3,0,1,0,1,19,6,2,0,1,4,1,0,0,0,0,0,1,19
2024052400377,2024,052400377,338616,389911,-2.92473,53.40243,2,2,2,15:00,-1,E08000012,4,0,1,0,1,"[19, 5]","[2, 4]","[6, 8]",0,0,0,1,0,1,0,0,0,2,12
2024052400378,2024,052400378,327077,381722,-3.09636,53.32737,3,3,1,10:03,-1,E08000015,3,0,1,0,1,7,8,2,0,0,0,1,0,0,0,0,1,1,28
2024052400379,2024,052400379,333273,383430,-3.00371,53.34354,3,3,2,08:40,-1,E08000015,6,0,1,0,1,19,"[5, 7]","[1, 3]",0,0,0,1,1,0,0,0,0,2,12
2024052400380,2024,052400380,334564,389989,-2.98568,53.40265,2,2,7,22:21,-1,E08000012,4,2,1,0,1,5,6,2,0,0,0,0,0,0,1,0,1,1,13
2024052400381,2024,052400381,350447,395900,-2.74774,53.45751,3,3,3,21:00,-1,E08000013,6,2,1,1,1,"[7, 19]","[1, 3]","[3, 7]",0,0,0,1,0,0,0,0,0,2,13
2024052400382,2024,052400382,346849,387875,-2.80057,53.38503,3,3,3,17:32,-1,E08000011,3,2,1,1,2,19,5,1,0,0,0,1,0,0,0,0,0,2,13
2024052400387,2024,052400387,332570,386923,-3.01501,53.37484,2,2,2,07:35,-1,E08000015,4,0,1,0,1,"[9, 19]",1,"[7, 5]",0,0,0,1,1,0,0,0,0,2,12
2024052400388,2024,052400388,346775,391678,-2.80232,53.4192,3,3,3,14:30,-1,E08000011,6,0,1,0,1,19,"[5, 7]","[1, 3]",0,0,0,1,0,0,0,0,0,2,13
2024052400389,2024,052400389,335556,417113,-2.97635,53.64654,3,3,4,18:00,-1,E08000014,6,2,2,1,1,"[9, 19]","[7, 5]","[5, 1]",0,0,0,1,0,1,0,0,0,2,14
2024052400390,2024,052400390,342785,391877,-2.86239,53.42057,2,2,4,16:25,-1,E08000011,6,2,2,1,1,19,"[5, 3]","[1, 7]",0,0,0,1,1,0,0,0,0,2,14
2024052400391,2024,052400391,358946,395812,-2.61975,53.45745,3,3,4,18:15,-1,E08000013,3,2,2,1,1,9,1,7,0,0,0,1,0,0,0,0,1,2,14
2024052400392,2024,052400392,334008,398909,-2.99592,53.48274,3,3,4,18:05,-1,E08000014,4,2,2,1,1,"[14, 19]",5,1,0,0,0,1,0,0,1,0,0,2,14
2024052400397,2024,052400397,358401,396792,-2.62808,53.46621,2,2,3,12:30,-1,E08000013,1,0,1,0,2,"[19, 3]",4,8,0,0,0,1,0,0,0,0,0,2,13
2024052400400,2024,052400400,336235,418843,-2.96644,53.66217,3,3,6,11:07,-1,E08000014,3,0,2,1,1,4,6,8,0,0,0,1,0,0,0,0,0,2,16
2024052400402,2024,052400402,333973,398144,-2.99628,53.47586,2,2,6,16:15,-1,E08000014,4,0,1,1,1,"[9, 19]","[3, 2]","[2, 6]",0,0,0,1,0,1,0,0,0,2,16
2024052400404,2024,052400404,342504,386698,-2.86567,53.374,3,3,6,18:27,-1,E08000012,6,2,1,0,1,19,"[2, 6]","[6, 2]","[0, 10]",0,0,1,0,0,0,0,0,2,16
2024052400405,2024,052400405,334507,389799,-2.9865,53.40093,3,3,6,19:35,-1,E08000012,3,2,1,0,1,"[1, 3]","[8, 4]","[4, 8]",0,0,0,1,1,0,0,0,0,2,16
2024052400409,2024,052400409,329209,389402,-3.06608,53.39668,3,3,6,22:11,-1,E08000015,6,2,1,0,2,19,"[5, 3]","[1, 7]",0,0,0,1,0,0,0,0,0,2,16
2024052400413,2024,052400413,333440,417166,-3.00837,53.64675,3,3,7,02:00,-1,E08000014,6,2,1,0,1,"[2, 19]","[0, 2]","[0, 6]",0,0,0,1,0,0,0,0,0,2,17
2024052400416,2024,052400416,339097,393678,-2.91823,53.43635,2,2,7,05:50,-1,E08000012,6,2,2,1,1,19,"[4, 6]","[8, 2]",0,"[0, 1]","[0, 1]",1,0,0,0,0,0,2,10
2024052400417,2024,052400417,336190,390537,-2.96134,53.40777,3,3,7,19:00,-1,E08000012,3,2,2,1,1,19,1,5,0,0,0,1,0,0,0,0,1,2,17
2024052400418,2024,052400418,338434,393495,-2.92817,53.43462,3,3,7,18:15,-1,E08000012,3,2,2,1,1,"[4, 19]",4,8,0,"[0, 4]",0,1,0,0,0,0,0,2,17
2024052400420,2024,052400420,330531,388683,-3.04604,53.39039,2,2,7,20:00,-1,E08000015,6,2,1,1,1,19,"[7, 1]","[3, 5]",0,0,0,1,1,0,0,0,0,2,17
2024052400422,2024,052400422,352368,397893,-2.71912,53.4756,3,3,6,06:55,-1,E08000013,3,0,1,1,2,"[19, 9]","[1, 7]",5,0,0,0,1,0,0,0,0,0,2,16
2024052400423,2024,052400423,339321,393814,-2.91488,53.43759,3,3,2,18:25,-1,E08000012,6,2,1,0,1,19,"[8, 2]","[4, 6]",0,0,0,1,0,0,0,0,0,2,12
2024052400424,2024,052400424,330801,406972,-3.04602,53.55479,3,3,7,09:55,-1,E08000014,3,0,1,0,1,"[3, 4]",1,5,0,0,0,1,0,0,0,0,0,2,17
2024052400425,2024,052400425,346119,389461,-2.81181,53.39921,3,3,6,15:20,-1,E08000011,3,0,1,0,1,"[4, 19]",8,3,0,0,0,1,0,0,0,0,0,2,16
2024052400426,2024,052400426,342236,399121,-2.87198,53.48562,2,2,7,00:00,-1,E08000011,6,0,1,0,1,19,1,5,0,0,0,0,0,0,0,0,0,2,10
2024052400427,2024,052400427,358532,393870,-2.62572,53.43996,3,3,6,13:05,-1,E08000013,6,0,1,0,1,1,3,7,0,0,0,1,0,0,0,0,1,2,16
2024052400428,2024,052400428,334854,390137,-2.98135,53.40401,3,3,7,23:30,-1,E08000012,6,2,1,-1,1,7,4,6,-1,9,-1,1,0,0,0,0,1,2,10
2024052400429,2024,052400429,335025,396509,-2.9801,53.4613,3,3,4,19:00,-1,E08000014,6,2,2,1,1,19,1,5,0,0,0,1,0,0,0,0,1,2,14