collision_index,collision_year,collision_ref_no,location_easting_osgr,location_northing_osgr,longitude,latitude,casualty_severity,casualty_severity,day_of_week,time,local_authority_district,local_authority_ons_district,first_road_class,light_conditions,weather_conditions,road_surface_conditions,urban_or_rural_area,vehicle_manoeuvre,vehicle_direction_from,vehicle_direction_to,hit_object_in_carriageway,vehicle_leaving_carriageway,hit_object_off_carriageway,is_car,is_cyle,is_mcyle,is_goodsv,is_other,is_pedestrian,month,day
2024052400644,2024,052400644,336639,397137,-2.95592,53.46714,3,3,5,08:00,-1,E08000012,3,0,1,0,1,"[19, 5]",5,1,0,0,0,1,0,0,0,1,0,3,21
2024052400645,2024,052400645,331822,387020,-3.02627,53.37562,3,3,3,21:30,-1,E08000015,6,2,1,0,1,19,3,7,0,0,0,1,0,0,0,0,1,3,19
2024052400646,2024,052400646,335053,390027,-2.97834,53.40305,2,2,4,18:00,-1,E08000012,6,0,1,0,1,19,4,8,0,0,0,0,1,0,0,0,1,3,20
2024052400647,2024,052400647,352223,391874,-2.72039,53.42149,3,3,4,15:40,-1,E08000013,6,0,1,0,1,19,"[6, 2]","[2, 6]",0,0,0,1,0,0,0,0,0,3,20
2024052400649,2024,052400649,342725,392214,-2.86335,53.4236,2,2,4,11:45,-1,E08000011,6,0,1,0,1,19,"[4, 2]","[8, 6]",0,"[4, 0]","[11, 0]",1,0,0,0,0,0,3,20
2024052400650,2024,052400650,331754,391983,-3.02837,53.42021,3,3,5,19:20,-1,E08000015,3,2,1,0,1,"[2, 19]","[0, 4]","[0, 8]",0,0,0,1,0,0,0,0,0,3,21
2024052400651,2024,052400651,347272,397066,-2.79575,53.46768,3,3,5,08:35,-1,E08000013,3,0,1,0,2,"[4, 8]",5,1,0,0,0,1,0,0,0,0,0,3,21
2024052400652,2024,052400652,342117,398337,-2.87363,53.47856,3,3,5,16:30,-1,E08000011,3,0,1,0,1,"[19, 5]",4,1,0,0,0,1,0,0,0,0,0,3,21
2024052400654,2024,052400654,330844,393310,-3.04235,53.43202,3,3,5,11:00,-1,E08000015,4,0,2,1,1,19,3,7,0,0,0,1,0,0,0,0,1,3,21
2024052400655,2024,052400655,357263,395373,-2.64503,53.45337,3,3,6,09:40,-1,E08000013,6,0,1,0,1,19,"[5, 7]","[1, 3]",0,0,0,1,0,0,0,0,0,3,22
2024052400656,2024,052400656,333596,397056,-3.00173,53.46604,2,2,6,16:55,-1,E08000014,6,0,1,0,1,"[1, 19]","[1, 5]","[5, 1]",0,0,0,1,1,0,0,0,0,3,22
2024052400659,2024,052400659,340401,395707,-2.89898,53.45473,3,3,6,14:00,-1,E08000012,6,0,1,0,1,19,"[6, 9]","[2, 9]","[0, 99]","[0, 9]","[0, 99]",1,1,0,0,0,0,3,22
2024052400660,2024,052400660,335511,398488,-2.97318,53.47915,3,3,5,21:29,-1,E08000014,3,2,1,0,1,"[2, 4]","[0, 5]","[0, 1]",0,0,0,1,0,0,0,0,0,3,21
2024052400661,2024,052400661,338466,388494,-2.92671,53.38968,3,3,1,00:00,-1,E08000012,3,2,1,0,1,"[9, 19]","[7, 3]","[5, 7]",0,0,0,1,1,0,0,0,0,3,3
2024052400662,2024,052400662,334134,398011,-2.99383,53.47469,3,3,7,12:15,-1,E08000014,6,0,1,0,1,"[1, 9]","[4, 6]","[8, 4]",0,0,0,1,1,0,0,0,0,3,23
2024052400666,2024,052400666,340685,386105,-2.8929,53.36847,3,3,7,19:40,-1,E08000012,4,2,1,0,1,"[10, 19]",5,1,0,0,0,1,0,0,0,0,0,3,23
2024052400667,2024,052400667,352961,399971,-2.7105,53.49433,3,3,7,20:10,-1,E08000013,3,2,2,1,2,"[19, 2]","[5, 0]","[1, 0]",0,0,0,1,0,0,0,0,0,3,23
2024052400668,2024,052400668,331066,388072,-3.03787,53.38497,3,3,1,21:20,-1,E08000015,6,0,1,0,1,"[2, 19]","[0, 1]","[0, 5]",0,0,0,1,0,0,0,0,0,3,17
2024052400669,2024,052400669,340792,393412,-2.89266,53.43415,3,3,6,14:30,-1,E08000012,6,0,1,0,1,"[19, 4]",3,7,0,0,0,1,0,0,0,0,0,3,22
2024052400674,2024,052400674,333965,396743,-2.99611,53.46327,3,3,1,17:24,-1,E08000014,6,0,1,0,1,19,3,7,0,0,0,1,0,0,0,0,1,3,24
2024052400675,2024,052400675,335022,390370,-2.97887,53.40613,3,3,1,18:39,-1,E08000012,3,2,1,0,1,19,8,4,0,0,0,0,0,0,0,0,1,2,25
2024052400676,2024,052400676,337375,402739,-2.94595,53.51758,3,3,2,13:16,-1,E08000014,3,0,2,1,1,19,1,5,0,0,0,1,0,0,0,0,0,3,25
2024052400680,2024,052400680,333854,417551,-3.00219,53.65026,2,2,2,22:00,-1,E08000014,6,2,1,0,1,19,"[7, 5]","[3, 1]",0,0,0,1,0,1,0,0,0,3,25
2024052400681,2024,052400681,336830,396764,-2.95297,53.46381,2,2,2,22:18,-1,E08000012,4,2,1,0,1,19,8,4,0,0,0,1,0,0,0,0,1,3,25
2024052400682,2024,052400682,334716,390183,-2.98344,53.40441,3,3,1,01:58,-1,E08000012,6,2,1,0,1,19,3,7,0,0,0,1,0,0,0,0,1,3,24
2024052400684,2024,052400684,337326,391016,-2.94435,53.41221,2,2,4,23:04,-1,E08000012,3,2,1,0,1,19,3,7,0,0,0,1,0,0,0,0,1,3,20
2024052400685,2024,052400685,341057,391663,-2.88835,53.41846,2,2,3,09:00,-1,E08000012,6,0,1,0,1,5,4,7,0,0,0,1,0,0,0,0,1,3,26
2024052400686,2024,052400686,336496,389412,-2.95651,53.3977,3,3,3,12:25,-1,E08000012,3,0,1,0,1,"[3, 9]","[8, 4]","[4, 2]",0,0,0,1,0,0,0,1,0,3,26
2024052400687,2024,052400687,335013,394998,-2.97996,53.44772,3,3,3,07:10,-1,E08000014,3,0,1,0,1,19,3,7,0,0,0,1,0,1,0,0,0,3,26
2024052400689,2024,052400689,352194,394014,-2.72115,53.44072,3,3,3,16:00,-1,E08000013,3,0,1,0,1,"[5, 19]","[3, 1]","[7, 5]",0,0,0,1,0,0,0,0,0,3,26
2024052400690,2024,052400690,332000,382737,-3.02268,53.33715,3,3,1,09:30,-1,E08000015,4,0,1,0,2,19,5,1,0,0,0,1,0,0,0,0,0,3,17
2024052400691,2024,052400691,332165,399630,-3.02384,53.48899,3,3,4,14:40,-1,E08000014,6,0,1,1,1,"[9, 19]","[1, 5]","[6, 1]",0,0,0,1,1,0,0,0,0,3,27
2024052400692,2024,052400692,336982,399039,-2.95113,53.48428,3,3,4,16:15,-1,E08000014,3,0,1,1,1,"[19, 3]",5,1,0,0,0,1,0,0,0,0,0,3,27
2024052400695,2024,052400695,337214,397143,-2.94726,53.46727,3,3,4,20:10,-1,E08000012,3,2,1,0,1,19,2,6,0,0,0,1,0,0,0,0,1,3,27
2024052400697,2024,052400697,333518,383133,-2.99997,53.3409,3,3,5,09:00,-1,E08000015,4,0,1,0,1,"[4, 19]",3,7,0,0,0,1,0,0,0,0,0,3,28
2024052400698,2024,052400698,336108,391151,-2.9627,53.41328,3,3,5,11:00,-1,E08000012,3,0,1,0,1,19,1,5,0,0,0,1,0,0,0,0,0,3,28
2024052400699,2024,052400699,336268,417949,-2.96576,53.65414,3,3,3,10:28,-1,E08000014,6,0,1,1,1,"[9, 7]","[3, 7]","[1, 3]",0,0,0,1,0,1,0,0,0,3,26
2024052400701,2024,052400701,334687,390070,-2.98385,53.40339,3,3,5,19:40,-1,E08000012,4,2,1,1,1,"[5, 19]","[6, 2]","[8, 6]",0,0,0,1,1,0,0,0,0,3,28
2024052400703,2024,052400703,334725,390257,-2.98332,53.40508,3,3,6,18:20,-1,E08000012,6,2,2,1,1,19,3,7,0,0,0,0,1,0,0,0,1,3,29
2024052400704,2024,052400704,334384,390365,-2.98847,53.406,3,3,7,01:00,-1,E08000012,6,2,1,0,1,5,8,4,0,0,0,1,0,0,0,0,1,3,30
2024052400707,2024,052400707,336568,391377,-2.95582,53.41537,3,3,1,18:00,-1,E08000012,6,0,1,0,1,1,1,5,0,0,0,1,0,0,0,0,1,3,31
2024052400709,2024,052400709,338014,401673,-2.93611,53.50807,3,3,7,11:12,-1,E08000014,6,0,1,0,1,"[19, 5]","[7, 5]","[3, 1]",0,0,0,1,0,0,0,0,0,3,30
2024052400712,2024,052400712,344149,392420,-2.84196,53.4256,2,2,5,17:10,-1,E08000011,6,0,2,1,1,19,"[7, 1]","[3, 5]",0,0,0,1,0,1,0,0,0,3,28
2024052400713,2024,052400713,339617,391195,-2.90992,53.41409,2,2,3,15:00,-1,E08000012,3,0,1,1,1,19,7,3,0,0,0,0,1,0,0,0,1,2,20
2024052400716,2024,052400716,335935,386809,-2.96442,53.37424,3,3,6,22:10,-1,E08000012,6,2,2,1,1,19,8,6,0,1,2,1,0,0,0,0,0,3,22
2024052400718,2024,052400718,332541,388846,-3.01586,53.39212,3,3,4,06:50,-1,E08000015,6,0,1,1,1,19,"[2, 8]","[6, 4]",0,0,0,1,0,0,0,0,0,3,27
2024052400719,2024,052400719,334485,394200,-2.98775,53.44048,3,3,4,00:00,-1,E08000012,3,2,2,1,1,"[9, 19]","[1, 5]","[7, 1]",0,0,0,1,1,0,0,0,0,4,3
2024052400720,2024,052400720,338200,394365,-2.93186,53.44242,2,2,4,15:30,-1,E08000012,3,0,1,0,1,"[5, 19]","[2, 7]","[5, 3]",0,0,0,1,1,0,0,0,0,3,27
2024052400721,2024,052400721,329457,394019,-3.06338,53.43821,2,2,6,21:40,-1,E08000015,6,2,1,0,2,19,6,2,0,0,0,1,0,0,0,0,0,3,29
2024052400722,2024,052400722,340007,384620,-2.9028,53.35504,3,3,4,16:30,-1,E08000012,6,0,1,0,1,"[2, 19]","[0, 8]","[0, 6]",0,0,0,1,1,0,0,0,0,4,3
2024052400723,2024,052400723,339286,397436,-2.91611,53.47014,3,3,4,14:40,-1,E08000011,3,0,1,0,1,"[4, 3]",7,3,0,0,0,1,0,0,0,0,0,4,3
2024052400724,2024,052400724,348541,391194,-2.77568,53.41503,2,2,3,13:26,-1,E08000013,6,0,1,0,1,"[19, 3]",7,"[3, 2]",0,0,0,1,0,1,0,0,0,4,2
2024052400725,2024,052400725,335118,383201,-2.97595,53.34171,3,3,4,08:00,-1,E08000015,6,0,1,0,1,"[1, 2]","[1, 0]","[5, 0]","[0, 4]",0,0,1,0,0,0,0,0,4,3
2024052400728,2024,052400728,353623,393276,-2.69953,53.43421,2,"[3, 2]",4,15:45,-1,E08000013,6,0,1,0,1,"[2, 9, 19]","[0, 7, 2]","[0, 4, 6]","[0, 4]",0,0,1,0,0,0,0,0,4,3
2024052400729,2024,052400729,331663,391075,-3.02954,53.41204,3,3,4,18:30,-1,E08000015,6,0,1,0,1,"[19, 4]",7,"[3, 5]",0,0,0,1,0,0,0,0,0,4,3
2024052400730,2024,052400730,339013,395712,-2.91988,53.45462,3,3,4,15:55,-1,E08000012,3,0,1,1,1,"[4, 19]",2,6,0,0,0,1,0,0,0,0,0,4,3
2024052400731,2024,052400731,354367,397505,-2.68895,53.47229,2,"[2, 3]",5,14:15,-1,E08000013,3,0,1,0,1,"[6, 19]","[3, 7]",3,0,0,0,1,0,0,0,0,0,3,28
2024052400732,2024,052400732,330727,408513,-3.04748,53.56863,3,3,5,12:00,-1,E08000014,6,0,1,0,2,19,"[3, 5]","[7, 1]",0,0,0,1,1,0,0,0,0,4,4
2024052400734,2024,052400734,328955,389833,-3.06999,53.40052,3,3,5,16:40,-1,E08000015,6,0,1,1,1,19,"[5, 1]","[1, 5]",0,0,0,1,0,0,0,0,0,4,4
2024052400736,2024,052400736,336193,396108,-2.96243,53.45784,3,3,5,22:00,-1,E08000012,3,2,2,1,1,"[19, 6]",5,"[1, 5]",0,0,0,1,0,0,0,0,0,4,4
2024052400738,2024,052400738,328593,390826,-3.07566,53.40939,3,3,5,12:30,-1,E08000015,3,0,1,0,2,19,1,5,0,0,0,1,0,0,0,0,0,4,4
2024052400739,2024,052400739,331305,402856,-3.03751,53.51787,3,3,1,22:00,-1,E08000014,4,2,1,1,2,19,"[3, 7]","[7, 3]",0,0,0,1,0,0,0,0,0,3,31
2024052400740,2024,052400740,347103,390881,-2.79726,53.41207,2,2,5,09:00,-1,E08000011,6,0,2,1,1,1,3,1,0,0,0,1,0,0,0,0,1,3,14
2024052400741,2024,052400741,341302,398975,-2.88603,53.4842,2,2,6,22:30,-1,E08000011,6,2,1,1,1,19,3,7,0,0,0,1,0,0,0,0,1,4,5
2024052400742,2024,052400742,338027,386962,-2.93301,53.37586,2,2,7,09:30,-1,E08000012,6,0,1,0,1,9,"[6, 8]","[4, 6]",0,0,0,1,1,0,0,0,0,4,6
2024052400744,2024,052400744,341619,392989,-2.88014,53.43044,3,3,6,10:00,-1,E08000012,6,0,1,1,1,19,"[2, 4]","[6, 8]",0,0,0,1,0,0,0,0,0,4,5
2024052400745,2024,052400745,327514,391584,-3.09207,53.41606,3,3,6,18:05,-1,E08000015,6,0,1,0,1,19,"[3, 7]","[7, 3]",0,0,0,1,0,0,0,0,0,4,5
2024052400747,2024,052400747,331374,412240,-3.03853,53.60221,2,2,3,14:36,-1,E08000014,6,0,1,0,1,9,5,3,0,0,0,1,0,0,0,0,1,4,2
2024052400748,2024,052400748,337253,395991,-2.94644,53.45692,2,2,1,13:30,-1,E08000012,6,0,4,0,1,"[9, 19]","[7, 5]",1,0,0,0,1,0,1,0,0,0,4,7
2024052400750,2024,052400750,333470,394763,-3.00314,53.44542,3,3,7,23:10,-1,E08000014,6,2,1,1,1,"[19, 6]","[5, 1]",1,0,0,0,1,0,1,0,0,0,4,6
2024052400751,2024,052400751,333373,397095,-3.0051,53.46636,2,"[3, 2]",1,14:15,-1,E08000014,4,0,1,0,1,19,8,4,0,0,0,1,0,0,0,0,0,4,7
2024052400752,2024,052400752,342749,393929,-2.86331,53.43901,3,3,1,19:00,-1,E08000011,6,0,1,0,1,"[10, 19, 9]","[3, 1]","[1, 5]",0,0,0,1,0,0,1,0,0,4,7
2024052400753,2024,052400753,335787,387277,-2.96674,53.37842,2,2,1,22:30,-1,E08000012,6,2,1,0,1,19,2,6,0,3,10,1,0,0,0,0,0,4,7
2024052400754,2024,052400754,336328,396617,-2.9605,53.46243,3,3,7,11:45,-1,E08000012,3,0,1,0,1,5,"[3, 2]","[8, 6]",0,0,0,1,0,0,0,0,0,4,6
2024052400755,2024,052400755,334070,384617,-2.99199,53.35431,3,3,3,21:45,-1,E08000015,3,2,1,0,1,19,4,8,0,0,0,1,0,0,0,0,1,2,20
2024052400756,2024,052400756,340466,389092,-2.89675,53.39529,2,2,1,20:50,-1,E08000012,6,2,1,0,1,19,6,2,0,0,0,0,0,0,0,0,0,4,7
2024052400760,2024,052400760,328298,390244,-3.07997,53.40412,3,3,7,15:10,-1,E08000015,6,0,1,0,1,"[13, 19]",7,3,0,0,0,1,1,0,0,0,0,4,6
2024052400763,2024,052400763,330040,408035,-3.05774,53.56424,3,3,7,17:15,-1,E08000014,6,0,1,1,1,"[9, 2, 19]","[5, 0, 1]","[2, 0, 5]","[0, 4]",0,0,1,0,1,0,0,0,4,6
2024052400764,2024,052400764,339332,391891,-2.91434,53.42031,3,3,4,10:30,-1,E08000012,6,0,2,1,1,"[19, 9]","[1, 5]","[5, 3]",0,"[0, 1]","[0, 1]",1,0,0,0,0,0,4,10
2024052400765,2024,052400765,335094,390728,-2.97786,53.40935,3,3,4,09:20,-1,E08000012,3,0,2,1,1,19,3,7,0,0,0,0,0,0,0,0,0,4,10
2024052400766,2024,052400766,350836,395543,-2.74183,53.45434,3,3,4,12:45,-1,E08000013,3,0,1,0,1,5,2,6,0,0,0,1,0,0,0,0,1,4,10
2024052400767,2024,052400767,338315,392441,-2.92975,53.42514,3,3,3,13:10,-1,E08000012,4,0,1,1,1,"[3, 4]",4,8,0,0,0,1,0,0,0,0,0,4,9
2024052400768,2024,052400768,340432,395776,-2.89853,53.45535,2,2,4,17:30,-1,E08000012,6,0,1,1,1,19,6,2,0,0,0,0,1,1,0,0,0,4,10
2024052400769,2024,052400769,332309,388708,-3.01932,53.39085,2,2,4,21:15,-1,E08000015,6,2,1,0,1,"[5, 19]","[5, 3]",7,0,0,0,1,1,0,0,0,0,4,10
2024052400770,2024,052400770,359000,397297,-2.61913,53.4708,3,3,4,19:30,-1,E08000013,1,0,1,0,2,"[13, 4, 19]",5,1,0,0,0,1,0,0,1,0,0,4,10
2024052400773,2024,052400773,335081,392053,-2.97833,53.42126,3,3,5,15:17,-1,E08000012,6,0,1,1,1,19,5,1,0,0,0,1,0,0,0,0,0,4,11
2024052400775,2024,052400775,334883,390913,-2.98108,53.41099,3,3,6,08:20,-1,E08000012,3,0,1,0,1,19,7,3,0,0,0,0,0,1,0,0,0,4,5
2024052400776,2024,052400776,350375,389820,-2.74787,53.40286,3,3,6,01:55,-1,E08000013,1,2,1,0,1,19,7,3,0,0,0,1,0,0,1,0,0,4,12
2024052400778,2024,052400778,352634,395761,-2.71479,53.45646,3,3,6,16:15,-1,E08000013,3,0,1,0,1,19,"[6, 2]","[2, 6]",0,"[1, 0]",0,1,0,0,0,0,0,4,12
2024052400779,2024,052400779,331115,388526,-3.03723,53.38906,3,3,6,17:20,-1,E08000015,6,0,1,0,1,1,3,7,0,0,0,1,0,0,0,0,1,4,12
2024052400780,2024,052400780,335206,389077,-2.97584,53.39453,3,3,6,22:00,-1,E08000012,3,2,1,0,1,"[19, 3]",4,8,0,0,0,1,0,0,0,0,0,4,12
2024052400782,2024,052400782,337481,389305,-2.94168,53.39685,2,2,5,19:40,-1,E08000012,6,2,1,0,1,19,"[4, 8]","[8, 4]",0,0,0,1,0,0,0,0,0,4,11
2024052400783,2024,052400783,331588,391489,-3.03076,53.41575,3,3,7,16:20,-1,E08000015,3,0,1,0,1,"[4, 19]",1,5,0,0,0,1,0,0,0,0,0,4,13
2024052400785,2024,052400785,327943,381251,-3.08325,53.32326,3,3,6,16:30,-1,E08000015,3,0,1,0,1,"[19, 5]","[7, 1]","[3, 5]",0,0,0,1,1,0,0,0,0,4,12
2024052400786,2024,052400786,343113,385030,-2.85622,53.35907,3,3,7,19:20,-1,E08000012,3,0,1,1,1,"[19, 9]","[3, 7]","[7, 5]",0,"[2, 0]","[11, 0]",1,0,0,0,0,0,4,13
2024052400787,2024,052400787,337045,390571,-2.94849,53.40818,3,3,1,00:30,-1,E08000012,3,2,1,0,1,"[19, 4]",1,5,0,0,0,1,0,0,0,0,0,4,14
2024052400789,2024,052400789,344759,391531,-2.83263,53.41767,3,3,1,13:50,-1,E08000011,4,0,1,0,1,19,8,4,0,0,0,1,0,0,0,0,1,4,14
2024052400791,2024,052400791,329435,393059,-3.0635,53.42958,3,3,1,08:25,-1,E08000015,6,0,1,0,1,"[19, 5]",3,"[7, 6]",0,0,0,1,0,0,0,0,0,4,14
2024052400792,2024,052400792,321806,386979,-3.17679,53.37386,3,3,5,13:45,-1,E08000015,6,0,1,0,1,19,7,3,0,1,0,1,0,0,0,0,1,4,4
2024052400793,2024,052400793,336497,396880,-2.958,53.46482,3,3,5,17:40,-1,E08000012,6,0,1,1,1,19,5,1,0,0,0,0,0,0,1,0,1,4,11
2024052400794,2024,052400794,336075,396699,-2.96432,53.46314,2,2,1,17:20,-1,E08000012,6,0,1,0,1,1,4,8,0,0,0,1,0,0,0,0,1,4,7
2024052400795,2024,052400795,335928,417233,-2.97075,53.64766,3,3,1,20:30,-1,E08000014,6,2,1,0,1,"[2, 19]","[0, 3]","[0, 7]",0,0,0,1,0,0,0,0,0,4,14
2024052400796,2024,052400796,334365,391099,-2.98891,53.4126,3,3,6,14:20,-1,E08000012,3,0,1,1,1,"[11, 19]",8,4,0,0,0,1,0,0,0,0,0,4,5
2024052400798,2024,052400798,344014,391164,-2.84377,53.4143,3,3,5,17:17,-1,E08000011,6,0,1,0,1,4,5,1,0,0,0,1,0,0,0,0,1,4,11
2024052400799,2024,052400799,335766,394388,-2.9685,53.44233,3,3,2,14:45,-1,E08000012,6,0,4,0,1,1,3,7,0,0,0,1,0,0,0,0,1,4,15
2024052400801,2024,052400801,350776,395486,-2.74273,53.45382,3,3,3,12:30,-1,E08000013,3,0,1,0,1,19,2,6,0,0,0,1,0,0,0,0,1,4,16
2024052400802,2024,052400802,334358,391126,-2.98902,53.41284,3,3,1,06:20,-1,E08000012,3,0,1,0,1,19,"[6, 8]","[2, 4]",0,0,0,1,0,0,1,0,0,4,14
2024052400804,2024,052400804,351739,390889,-2.72752,53.41259,3,3,3,17:05,-1,E08000013,4,0,1,0,1,"[2, 19]","[0, 5]","[0, 1]",0,0,0,1,0,0,0,0,0,4,16
2024052400807,2024,052400807,335345,394427,-2.97485,53.44263,3,3,3,21:05,-1,E08000012,6,2,1,0,1,19,"[1, 3]","[5, 7]",0,0,0,1,1,0,0,0,0,4,16
2024052400811,2024,052400811,337736,392233,-2.93842,53.4232,3,3,4,07:59,-1,E08000012,3,0,1,0,1,"[5, 19]","[8, 2]","[2, 6]",0,0,0,1,1,0,0,0,0,4,17
2024052400815,2024,052400815,336238,395809,-2.96169,53.45516,2,2,4,19:45,-1,E08000012,3,0,1,0,1,"[19, 9]","[5, 1]","[1, 7]",0,0,0,1,0,1,0,0,0,4,17
2024052400816,2024,052400816,342485,397873,-2.868,53.47443,3,3,4,16:55,-1,E08000011,3,0,1,0,1,"[19, 4]",4,"[8, 2]",0,0,0,1,0,0,0,0,0,4,17
2024052400817,2024,052400817,337955,389484,-2.93459,53.39852,3,3,4,17:31,-1,E08000012,6,0,1,0,1,"[1, 19]","[3, 7]","[7, 3]",0,0,0,1,1,0,0,0,0,4,17
2024052400818,2024,052400818,336035,390445,-2.96365,53.40693,3,3,5,07:30,-1,E08000012,3,0,1,0,1,9,4,2,0,0,0,1,0,0,0,0,0,4,18
2024052400819,2024,052400819,358107,395168,-2.63229,53.4516,3,3,5,15:30,-1,E08000013,6,0,1,0,1,"[9, 13]",5,"[3, 1]",0,0,0,0,1,0,1,0,0,4,18
2024052400820,2024,052400820,336658,389701,-2.95413,53.40032,3,3,4,17:20,-1,E08000012,6,0,1,0,1,19,5,1,0,0,0,1,0,0,0,0,1,4,17
2024052400821,2024,052400821,336540,390075,-2.95598,53.40366,3,3,5,17:45,-1,E08000012,6,0,2,1,1,19,"[1, 6]","[5, 3]",0,0,0,1,0,0,0,0,0,4,18
2024052400823,2024,052400823,326778,381911,-3.10089,53.32903,3,3,6,10:00,-1,E08000015,3,0,1,0,1,7,4,7,0,0,0,1,0,0,0,0,1,4,19
2024052400824,2024,052400824,340155,395531,-2.90265,53.45312,3,3,3,16:30,-1,E08000012,6,0,1,0,1,"[13, 9]",3,"[7, 1]",0,0,0,1,0,1,0,0,0,4,16
2024052400825,2024,052400825,339876,394461,-2.90665,53.44347,3,3,5,17:10,-1,E08000012,6,0,2,1,1,"[19, 4]",8,4,0,0,0,1,0,1,0,0,0,4,18
2024052400826,2024,052400826,335409,390288,-2.97304,53.40544,3,3,6,21:40,-1,E08000012,6,2,1,0,1,"[19, 9]","[3, 7]","[7, 5]",0,"[0, 1]",0,1,0,1,0,0,0,4,19
2024052400829,2024,052400829,343018,387880,-2.85816,53.38468,3,3,7,16:45,-1,E08000012,4,0,1,0,1,"[9, 13]",6,"[4, 2]",0,0,0,1,0,1,0,0,0,4,20
2024052400830,2024,052400830,335167,397884,-2.97824,53.47368,3,3,6,15:25,-1,E08000014,6,0,1,0,1,"[5, 19]","[2, 8]","[6, 4]",0,0,0,1,1,0,0,0,0,4,19
2024052400832,2024,052400832,353706,395198,-2.69856,53.4515,2,2,7,19:25,-1,E08000013,6,0,1,0,1,19,3,7,0,0,0,1,0,0,0,0,1,4,20
2024052400835,2024,052400835,338175,394313,-2.93223,53.44195,2,2,7,12:30,-1,E08000012,6,0,1,0,1,19,2,6,0,0,0,1,0,0,0,0,1,4,20
2024052400837,2024,052400837,344307,383538,-2.83802,53.34579,2,2,7,18:30,-1,E08000012,6,0,1,0,1,19,"[1, 7]","[5, 3]",0,0,0,1,0,1,0,0,0,4,20
2024052400841,2024,052400841,336958,393054,-2.95029,53.43049,3,3,1,04:45,-1,E08000012,6,2,1,0,1,5,2,6,0,0,0,1,0,0,0,0,1,4,21
2024052400842,2024,052400842,346412,389192,-2.80736,53.39682,2,2,1,16:43,-1,E08000011,1,0,1,0,2,19,1,5,0,0,0,0,0,1,0,0,0,4,21
2024052400843,2024,052400843,336456,388547,-2.95694,53.38992,3,3,1,20:10,-1,E08000012,6,0,1,0,1,"[2, 19]","[0, 8]","[0, 4]",0,0,0,1,0,0,0,0,0,4,21
2024052400846,2024,052400846,360189,395306,-2.60096,53.453,3,3,3,20:45,-1,E08000013,1,2,1,0,2,"[19, 11]",8,4,0,0,0,1,0,0,1,0,0,4,9
2024052400847,2024,052400847,341370,398844,-2.88498,53.48303,2,2,6,19:30,-1,E08000011,6,2,1,0,1,"[5, 19]","[7, 5]","[3, 1]",0,0,0,1,1,0,0,0,0,4,19
2024052400849,2024,052400849,349028,396817,-2.76926,53.46561,3,3,2,11:00,-1,E08000013,6,0,1,0,1,15,2,4,0,0,0,1,0,0,0,0,1,4,22
2024052400852,2024,052400852,341393,399004,-2.88466,53.48447,3,3,2,21:40,-1,E08000011,3,2,1,0,1,"[19, 9]","[1, 5]","[5, 3]",0,0,0,1,0,0,0,0,0,4,22
2024052400855,2024,052400855,349138,397241,-2.76767,53.46944,2,2,7,06:20,-1,E08000013,3,0,1,0,1,"[19, 9]","[7, 3]","[3, 1]",0,0,0,1,0,0,0,0,0,3,9
2024052400857,2024,052400857,340702,387812,-2.89296,53.38381,3,3,3,17:21,-1,E08000012,3,0,1,0,1,19,2,8,0,0,0,1,0,0,0,0,1,4,23
2024052400858,2024,052400858,338385,395422,-2.92928,53.45194,3,3,3,13:00,-1,E08000012,3,0,1,0,1,"[11, 19]",6,2,0,0,0,1,0,1,0,0,0,4,23
2024052400860,2024,052400860,336569,393162,-2.95617,53.43141,3,3,2,17:40,-1,E08000012,6,0,1,0,1,1,7,3,0,0,0,1,0,0,0,0,1,4,22
2024052400861,2024,052400861,332454,387753,-3.01693,53.38229,3,3,3,18:45,-1,E08000015,6,0,1,0,1,"[2, 19]","[0, 1]","[0, 5]",0,0,0,1,0,1,0,0,0,4,23
2024052400866,2024,052400866,337683,391123,-2.939,53.41322,2,2,4,15:40,-1,E08000012,3,0,1,0,1,"[3, 19]",2,6,0,0,0,1,1,0,0,0,0,3,27
2024052400867,2024,052400867,330757,389633,-3.04285,53.39896,3,3,3,16:45,-1,E08000015,6,0,1,0,1,"[19, 7]",5,"[1, 7]",0,0,0,1,1,0,0,0,0,4,23
2024052400870,2024,052400870,330119,390215,-3.05258,53.40411,2,2,3,17:13,-1,E08000015,3,0,1,0,1,"[19, 9]","[7, 5]",3,0,0,0,1,0,1,0,0,0,4,16
2024052400871,2024,052400871,334668,389122,-2.98394,53.39487,3,3,4,15:50,-1,E08000012,3,0,1,0,1,4,5,1,0,0,0,0,0,0,1,0,0,4,24
2024052400872,2024,052400872,351914,397522,-2.7259,53.47222,3,3,3,07:35,-1,E08000013,3,0,1,0,1,"[19, 4]",3,7,0,0,0,1,0,0,0,0,0,4,23
2024052400873,2024,052400873,337185,388089,-2.94589,53.38589,2,2,5,11:15,-1,E08000012,6,0,2,1,1,"[2, 19]","[0, 2]","[0, 5]","[0, 4]",0,0,1,1,0,0,0,0,4,25
2024052400874,2024,052400874,352804,399288,-2.71276,53.48818,3,3,5,11:55,-1,E08000013,6,0,1,0,2,"[2, 5]","[0, 1]","[0, 5]","[0, 4]","[0, 7]","[0, 10]",1,0,0,0,0,0,4,25
2024052400875,2024,052400875,326676,381193,-3.10226,53.32256,1,"[3, 2, 1]",1,13:30,-1,E08000015,6,0,1,0,1,"[2, 1]","[0, 8]","[0, 4]","[0, 4]","[0, 1]","[0, 11]",1,0,0,0,0,1,4,21