collision_index,collision_year,collision_ref_no,location_easting_osgr,location_northing_osgr,longitude,latitude,casualty_severity,casualty_severity,day_of_week,time,local_authority_district,local_authority_ons_district,first_road_class,light_conditions,weather_conditions,road_surface_conditions,urban_or_rural_area,vehicle_manoeuvre,vehicle_direction_from,vehicle_direction_to,hit_object_in_carriageway,vehicle_leaving_carriageway,hit_object_off_carriageway,is_car,is_cyle,is_mcyle,is_goodsv,is_other,is_pedestrian,month,day
2024052401100,2024,052401100,333972,393841,-2.99539,53.43719,3,3,1,04:30,-1,E08000012,3,2,1,0,1,19,1,5,0,0,0,1,1,0,0,0,0,5,19
2024052401103,2024,052401103,333495,397213,-3.00329,53.46744,3,3,2,12:05,-1,E08000014,3,0,1,0,1,"[4, 19]",3,7,0,0,0,1,0,0,0,0,0,5,20
2024052401107,2024,052401107,331168,389750,-3.0367,53.40007,3,3,1,16:15,-1,E08000015,3,0,1,0,1,19,"[5, 7]","[1, 3]",0,0,0,1,0,0,0,0,0,5,5
2024052401109,2024,052401109,334571,384073,-2.98435,53.34948,2,2,1,10:30,-1,E08000015,6,0,1,0,1,"[9, 19]","[6, 2]","[4, 7]",0,0,0,1,1,0,0,0,0,5,19
2024052401111,2024,052401111,352309,391454,-2.71903,53.41772,3,3,2,22:45,-1,E08000013,6,2,1,0,1,"[2, 1]","[0, 1]","[0, 5]",0,0,0,1,0,0,0,0,0,5,20
2024052401112,2024,052401112,336178,390369,-2.96149,53.40626,3,3,3,10:40,-1,E08000012,3,0,1,0,1,5,1,5,0,0,0,1,0,0,0,0,1,5,21
2024052401113,2024,052401113,350921,396004,-2.74062,53.45849,3,3,3,10:00,-1,E08000013,6,0,1,0,1,"[2, 4]","[0, 1]","[0, 5]",0,0,0,1,1,0,0,0,0,5,21
2024052401115,2024,052401115,333053,396291,-3.00975,53.45909,3,3,7,13:40,-1,E08000014,3,0,1,0,1,"[7, 19]","[5, 1]","[7, 5]",0,0,0,1,0,1,0,0,0,5,18
2024052401117,2024,052401117,335965,400256,-2.96671,53.49509,2,2,7,13:00,-1,E08000014,4,0,1,0,1,19,"[1, 3]","[5, 7]",0,0,0,1,1,0,0,0,0,5,18
2024052401118,2024,052401118,333044,383191,-3.0071,53.34136,3,3,2,17:23,-1,E08000015,3,2,2,1,1,"[2, 19]","[0, 7]","[0, 3]","[0, 4]",0,0,1,0,0,0,0,0,5,20
2024052401120,2024,052401120,328152,383145,-3.08055,53.34031,2,2,7,07:47,-1,E08000015,3,0,1,0,2,"[7, 19]","[7, 5]",1,0,0,0,1,1,0,0,0,0,5,4
2024052401121,2024,052401121,334160,393254,-2.99244,53.43194,3,3,6,16:20,-1,E08000012,6,0,1,0,1,"[13, 9, 2]","[1, 0]","[5, 7, 0]","[4, 0]",0,0,1,0,0,0,0,0,3,22
2024052401122,2024,052401122,353968,392987,-2.6943,53.43165,3,3,3,16:00,-1,E08000013,4,0,1,0,2,19,3,7,0,0,0,1,1,0,0,0,0,5,21
2024052401124,2024,052401124,349578,394499,-2.76061,53.44483,3,3,4,14:45,-1,E08000013,3,0,2,1,1,9,7,3,0,0,0,1,0,0,0,0,1,5,22
2024052401125,2024,052401125,333537,417611,-3.007,53.65076,3,3,3,14:15,-1,E08000014,6,0,1,0,1,"[19, 9]","[6, 3]","[2, 1]",0,1,"[1, 0]",1,0,0,0,0,0,5,21
2024052401126,2024,052401126,343457,395978,-2.85302,53.4575,3,3,4,13:20,-1,E08000011,4,0,1,0,1,"[7, 19]","[7, 5]",1,0,0,0,1,1,0,0,0,0,3,27
2024052401129,2024,052401129,327012,387720,-3.09872,53.38126,2,2,1,14:00,-1,E08000015,3,0,1,0,1,"[7, 19]",6,2,"[0, 10]",0,0,1,0,0,0,1,0,5,19
2024052401131,2024,052401131,350428,389941,-2.74709,53.40395,3,3,5,08:10,-1,E08000013,6,0,2,1,2,"[4, 19]",4,1,0,0,0,1,0,0,0,0,0,5,23
2024052401132,2024,052401132,337733,389967,-2.93802,53.40283,3,3,5,08:20,-1,E08000012,4,0,2,1,1,"[3, 19]",8,4,0,0,0,1,0,0,0,0,0,5,23
2024052401133,2024,052401133,327644,387835,-3.08925,53.38239,3,3,6,15:55,-1,E08000015,3,0,1,0,1,19,5,1,"[10, 0]",0,0,1,0,0,0,0,0,5,17
2024052401134,2024,052401134,335003,390022,-2.97909,53.403,3,3,5,13:45,-1,E08000012,6,0,2,1,1,19,"[4, 2]","[8, 6]",0,0,0,1,1,0,0,0,0,5,23
2024052401135,2024,052401135,337853,395222,-2.93725,53.45008,2,2,5,15:59,-1,E08000012,3,0,2,1,1,19,7,3,0,0,0,0,0,0,1,0,1,5,23
2024052401136,2024,052401136,348844,398957,-2.77238,53.48483,3,3,5,15:35,-1,E08000013,6,0,2,1,2,"[19, 9]","[1, 7]",5,0,0,0,1,0,0,0,0,0,5,23
2024052401137,2024,052401137,353282,400680,-2.70577,53.50073,3,3,5,18:16,-1,E08000013,3,0,2,1,2,"[9, 19]","[5, 1]","[3, 5]",0,0,0,1,0,0,0,0,0,5,23
2024052401139,2024,052401139,336789,397575,-2.95375,53.4711,3,3,1,18:10,-1,E08000012,6,0,1,0,1,5,3,7,0,0,0,1,0,0,0,0,0,5,19
2024052401140,2024,052401140,350738,395393,-2.74328,53.45298,3,3,5,17:30,-1,E08000013,3,0,1,1,1,19,7,3,0,0,0,1,0,0,0,0,1,5,16
2024052401141,2024,052401141,349530,394391,-2.76131,53.44386,3,3,6,11:05,-1,E08000013,3,0,1,0,1,"[19, 7]","[5, 3]","[1, 7]",0,0,0,1,0,0,0,0,0,5,24
2024052401142,2024,052401142,345841,387862,-2.81572,53.38481,3,3,6,09:00,-1,E08000011,4,0,2,1,2,19,8,4,0,0,0,0,0,1,0,0,0,5,24
2024052401143,2024,052401143,336590,388594,-2.95493,53.39036,3,3,6,12:30,-1,E08000012,4,0,1,0,1,19,4,6,0,0,0,1,0,0,0,0,1,5,24
2024052401144,2024,052401144,342212,393536,-2.87132,53.43542,3,3,6,17:30,-1,E08000011,6,0,1,0,1,19,2,6,0,0,0,1,1,0,0,0,0,5,17
2024052401145,2024,052401145,342262,389353,-2.8698,53.39783,3,3,4,11:30,-1,E08000012,4,0,2,1,1,"[19, 9]","[4, 6]","[8, 4]",0,0,0,1,0,0,0,0,0,5,22
2024052401146,2024,052401146,348819,395839,-2.77225,53.4568,3,3,2,16:00,-1,E08000013,4,0,1,0,1,"[13, 19]",7,2,0,"[0, 2]","[0, 10]",1,1,0,0,0,0,5,13
2024052401147,2024,052401147,337001,387355,-2.94851,53.37927,3,3,7,01:30,-1,E08000012,6,2,1,0,1,"[2, 19]","[0, 7]","[0, 3]",0,0,0,1,0,0,0,0,0,5,25
2024052401149,2024,052401149,334880,415355,-2.98621,53.63065,3,3,7,12:15,-1,E08000014,6,0,1,0,2,19,3,7,0,0,0,1,0,0,0,0,1,5,25
2024052401151,2024,052401151,329902,388876,-3.05554,53.39205,3,3,7,12:10,-1,E08000015,6,0,1,0,1,19,"[1, 3]","[5, 7]",0,0,0,1,0,0,0,0,0,5,25
2024052401152,2024,052401152,338153,388956,-2.9315,53.3938,3,3,7,12:05,-1,E08000012,6,0,1,0,1,19,4,8,0,0,0,1,0,0,0,0,1,5,25
2024052401153,2024,052401153,342862,392018,-2.86126,53.42185,3,3,7,18:00,-1,E08000011,3,0,1,0,1,"[3, 19]",7,3,0,0,0,1,0,0,0,0,0,5,25
2024052401156,2024,052401156,332162,399507,-3.02386,53.48788,2,2,6,15:15,-1,E08000014,6,0,1,0,1,19,5,1,0,0,0,1,0,0,0,0,1,5,24
2024052401157,2024,052401157,334807,392551,-2.98256,53.4257,3,3,7,23:10,-1,E08000012,3,2,1,0,1,19,5,1,0,0,0,1,0,0,0,0,1,5,11
2024052401158,2024,052401158,338006,388833,-2.93369,53.39267,2,2,7,13:08,-1,E08000012,3,0,1,0,1,19,"[6, 4]","[2, 8]",0,0,0,1,1,0,0,0,0,5,25
2024052401159,2024,052401159,335129,389874,-2.97716,53.40168,3,3,2,01:00,-1,E08000012,6,2,1,-1,1,99,9,9,99,0,0,1,0,0,0,0,1,5,20
2024052401160,2024,052401160,334046,390393,-2.99356,53.40621,3,3,1,19:00,-1,E08000012,3,0,1,0,1,"[3, 7]","[2, 4]",6,0,0,0,1,1,0,0,0,0,5,26
2024052401164,2024,052401164,339450,395107,-2.91319,53.44923,2,2,2,16:15,-1,E08000012,6,0,1,0,1,19,4,8,0,0,0,0,0,1,0,0,0,2,5
2024052401165,2024,052401165,349345,391278,-2.76359,53.41586,2,2,2,14:09,-1,E08000013,6,0,1,0,1,19,8,4,0,0,0,1,0,0,0,0,1,5,27
2024052401166,2024,052401166,336989,399961,-2.95121,53.49256,3,3,2,08:23,-1,E08000014,3,0,1,1,2,19,"[1, 3]","[5, 7]",0,0,0,1,0,0,0,0,0,5,27
2024052401168,2024,052401168,337043,390558,-2.94851,53.40806,3,3,2,20:00,-1,E08000012,3,0,1,1,1,"[9, 5]","[1, 5]","[3, 1]",0,0,0,1,0,1,0,0,0,5,27
2024052401169,2024,052401169,352087,397518,-2.7233,53.4722,3,3,2,17:00,-1,E08000013,6,0,1,0,1,99,9,9,99,9,99,0,0,0,0,1,1,5,27
2024052401174,2024,052401174,331119,392815,-3.03811,53.42761,3,3,3,09:50,-1,E08000015,6,0,1,1,1,"[2, 19]","[0, 4]","[0, 8]","[0, 4]",0,0,1,0,0,0,0,0,5,28
2024052401177,2024,052401177,339747,391761,-2.90807,53.41919,3,3,3,19:10,-1,E08000012,3,0,1,1,1,19,5,1,0,0,0,1,0,0,0,0,1,5,28
2024052401179,2024,052401179,336933,393092,-2.95068,53.43082,2,2,4,14:30,-1,E08000012,6,0,1,0,1,"[5, 2]","[6, 0]","[2, 0]",0,0,0,1,0,0,0,0,1,5,29
2024052401180,2024,052401180,335486,393650,-2.97257,53.43566,3,3,4,17:00,-1,E08000012,3,0,2,1,1,"[9, 19]","[7, 5]","[5, 1]",0,0,0,1,0,0,0,0,0,5,29
2024052401181,2024,052401181,335064,389531,-2.97807,53.39859,3,3,4,18:00,-1,E08000012,6,0,1,0,1,"[2, 9]","[0, 6]","[0, 4]",8,0,0,1,1,0,0,0,0,5,29
2024052401183,2024,052401183,336109,391149,-2.96268,53.41326,3,3,5,11:45,-1,E08000012,3,0,1,0,1,19,1,5,0,0,0,1,0,0,0,0,0,5,30
2024052401184,2024,052401184,330197,391187,-3.05162,53.41285,3,3,4,18:40,-1,E08000015,6,0,1,0,1,19,2,6,0,0,0,1,0,0,0,0,1,5,29
2024052401185,2024,052401185,336949,389502,-2.94972,53.39856,3,3,5,19:50,-1,E08000012,3,0,1,0,1,"[19, 7]","[5, 1]","[2, 4]",0,0,0,1,0,0,0,0,0,5,30
2024052401187,2024,052401187,351454,393981,-2.73228,53.44035,3,3,5,12:12,-1,E08000013,6,0,1,0,2,19,5,1,0,0,0,1,0,1,0,0,0,5,30
2024052401191,2024,052401191,332218,388591,-3.02066,53.38979,3,3,4,16:57,-1,E08000015,6,0,1,0,1,5,3,7,0,0,0,1,0,0,0,0,1,5,29
2024052401192,2024,052401192,344478,390702,-2.83671,53.41019,3,3,5,16:30,-1,E08000011,6,0,1,0,1,"[7, 15]",6,2,0,0,0,1,1,0,0,0,0,5,30
2024052401193,2024,052401193,339170,394715,-2.91733,53.44567,3,3,5,14:15,-1,E08000012,6,0,1,0,1,"[5, 19]","[7, 2]",8,0,0,0,1,1,0,0,0,0,5,30
2024052401194,2024,052401194,341529,390383,-2.88101,53.40701,3,3,6,17:00,-1,E08000011,6,0,1,0,1,"[4, 19]",3,7,0,0,0,1,0,0,0,0,0,5,31
2024052401196,2024,052401196,340875,390256,-2.89082,53.40579,3,3,7,07:30,-1,E08000012,3,0,1,0,1,19,"[3, 1]","[7, 5]",0,0,0,1,0,0,0,0,0,6,1
2024052401197,2024,052401197,353223,393387,-2.70557,53.43518,3,3,6,17:10,-1,E08000013,6,0,1,0,1,19,"[7, 1]","[3, 5]",0,0,0,1,0,1,0,0,0,5,17
2024052401198,2024,052401198,331987,388481,-3.02411,53.38877,2,2,7,17:00,-1,E08000015,3,0,1,0,1,19,7,3,0,0,0,1,0,0,0,0,1,6,1
2024052401199,2024,052401199,333551,397767,-3.00256,53.47242,3,3,7,12:20,-1,E08000014,6,0,1,0,1,"[6, 19]","[1, 5]",1,0,0,0,1,0,1,0,0,0,6,1
2024052401203,2024,052401203,336825,400040,-2.9537,53.49325,2,2,7,18:20,-1,E08000014,3,0,1,0,2,19,"[5, 7]","[1, 3]",0,0,0,1,1,0,0,0,0,6,1
2024052401204,2024,052401204,346999,399237,-2.80023,53.48716,3,3,1,14:35,-1,E08000013,4,0,1,0,2,19,1,5,0,7,11,1,0,0,0,0,0,6,2
2024052401206,2024,052401206,357941,397346,-2.63509,53.47116,3,3,1,18:05,-1,E08000013,3,0,1,0,2,19,"[3, 5]","[7, 1]",0,0,0,1,0,0,0,0,0,6,2
2024052401207,2024,052401207,334527,419406,-2.9924,53.66701,3,3,1,14:12,-1,E08000014,6,0,1,0,2,"[2, 19]","[0, 7]","[0, 3]",0,0,0,1,0,0,0,0,0,6,2
2024052401208,2024,052401208,333860,417548,-3.0021,53.65023,3,3,7,13:05,-1,E08000014,3,0,1,0,1,"[19, 9]","[2, 6]","[6, 4]",0,0,0,1,1,0,0,0,0,6,1
2024052401209,2024,052401209,338699,388543,-2.92321,53.39015,3,3,5,05:40,-1,E08000012,3,0,1,0,1,"[5, 19]","[2, 7]","[5, 3]",0,0,0,1,1,0,0,0,0,5,30
2024052401210,2024,052401210,333853,417543,-3.0022,53.65019,2,2,7,14:30,-1,E08000014,3,0,1,0,1,"[19, 5]","[6, 8]","[2, 4]",0,0,0,1,0,0,1,0,0,6,1
2024052401212,2024,052401212,329514,392095,-3.0621,53.42092,3,3,2,11:30,-1,E08000015,3,0,1,0,1,19,4,8,0,0,0,0,1,0,0,0,0,6,3
2024052401215,2024,052401215,344572,390534,-2.83527,53.40869,2,2,2,20:00,-1,E08000011,6,0,1,0,1,19,9,9,0,1,0,0,0,1,0,0,0,6,3
2024052401216,2024,052401216,322083,386362,-3.17247,53.36836,3,3,2,23:10,-1,E08000015,6,2,1,0,1,19,3,7,0,0,0,1,0,0,0,0,0,6,3
2024052401217,2024,052401217,340176,388122,-2.90093,53.38654,2,"[2, 3]",3,03:00,-1,E08000012,3,2,1,0,1,19,8,4,0,1,2,1,0,0,0,0,0,6,4
2024052401218,2024,052401218,344540,391789,-2.83597,53.41997,3,3,2,13:42,-1,E08000011,6,0,1,0,1,19,2,6,0,0,0,1,0,0,0,0,1,6,3
2024052401219,2024,052401219,351941,397722,-2.72553,53.47402,3,3,1,13:30,-1,E08000013,6,0,1,0,1,"[4, 19]","[4, 8]","[8, 4]",0,0,0,1,1,0,0,0,0,6,2
2024052401225,2024,052401225,333551,396365,-3.00226,53.45982,3,3,3,15:17,-1,E08000014,3,0,2,1,1,"[5, 19]","[5, 3]","[1, 7]",0,0,0,1,1,0,0,0,0,6,4
2024052401227,2024,052401227,337557,393189,-2.94131,53.43177,3,3,4,18:10,-1,E08000012,3,0,1,0,1,19,2,6,0,0,0,1,0,0,0,0,1,5,1
2024052401228,2024,052401228,337173,388130,-2.94607,53.38626,3,3,3,18:50,-1,E08000012,6,0,1,0,1,"[19, 5]",5,1,0,0,0,1,0,0,0,0,0,6,4
2024052401229,2024,052401229,334912,382851,-2.97898,53.33854,3,3,2,17:00,-1,E08000015,6,0,1,0,1,5,7,3,0,0,0,1,0,0,0,0,1,5,27
2024052401232,2024,052401232,350646,395837,-2.74474,53.45696,3,3,1,17:00,-1,E08000013,6,0,1,0,1,19,7,3,0,0,0,1,0,0,0,0,1,6,2
2024052401233,2024,052401233,333154,396727,-3.00832,53.46303,3,3,4,14:54,-1,E08000014,6,0,1,0,1,"[9, 19]","[1, 5]","[5, 1]",0,0,0,1,0,0,0,0,0,6,5
2024052401235,2024,052401235,342525,393362,-2.86657,53.43389,2,2,2,10:10,-1,E08000011,6,0,2,1,1,"[7, 19]","[5, 7]","[1, 3]",0,"[1, 0]",0,1,1,0,0,0,0,4,22
2024052401237,2024,052401237,327960,387309,-3.08438,53.3777,3,3,5,14:46,-1,E08000015,6,0,1,0,1,"[19, 9]","[7, 5]",3,0,0,0,1,0,0,0,0,0,6,6
2024052401238,2024,052401238,341832,400639,-2.87835,53.49922,2,2,3,14:00,-1,E08000011,6,0,2,1,1,"[19, 5]","[3, 5]","[7, 1]",0,0,0,1,1,0,0,0,0,6,4
2024052401240,2024,052401240,326818,391721,-3.10257,53.41719,3,3,3,11:48,-1,E08000015,6,0,1,1,1,"[2, 19, 9]","[0, 7, 1]","[0, 3, 7]",0,0,0,1,0,0,0,0,0,6,4
2024052401242,2024,052401242,344185,392707,-2.84147,53.42818,3,3,7,14:30,-1,E08000011,4,0,1,0,1,"[4, 19]",7,3,0,0,0,1,0,0,0,0,0,5,18
2024052401243,2024,052401243,358822,396518,-2.62171,53.46379,3,3,4,08:45,-1,E08000013,1,0,1,0,2,"[19, 11]",1,5,0,0,0,1,0,0,0,0,0,3,27
2024052401244,2024,052401244,330149,412225,-3.05704,53.60191,2,2,5,11:30,-1,E08000014,6,0,1,0,2,"[13, 19]",5,1,0,0,0,1,0,1,0,0,0,6,6
2024052401245,2024,052401245,337591,386106,-2.93939,53.36812,2,2,5,20:30,-1,E08000012,6,0,1,0,2,19,6,2,10,7,4,1,0,0,0,0,0,6,6
2024052401247,2024,052401247,327871,388941,-3.08609,53.39236,3,3,6,23:45,-1,E08000015,6,2,1,0,1,"[19, 2]","[5, 0]","[1, 0]",0,0,0,1,0,0,0,0,0,5,24
2024052401248,2024,052401248,331861,388654,-3.02604,53.39031,2,2,6,11:35,-1,E08000015,6,0,1,0,1,1,5,1,0,0,0,1,0,0,0,0,1,5,31
2024052401249,2024,052401249,332535,417348,-3.0221,53.64827,3,3,1,12:00,-1,E08000014,6,0,1,0,2,19,5,1,0,0,0,1,0,0,0,0,0,6,2
2024052401250,2024,052401250,339287,392214,-2.91508,53.42321,3,3,6,19:30,-1,E08000012,3,0,1,0,1,"[19, 4]",1,5,0,0,0,1,0,0,0,0,0,5,17
2024052401251,2024,052401251,338104,388708,-2.93219,53.39156,3,3,7,00:53,-1,E08000012,3,2,2,1,1,9,7,4,0,0,0,1,0,0,0,0,1,6,8
2024052401252,2024,052401252,333420,396617,-3.00429,53.46207,2,2,6,20:00,-1,E08000014,6,0,1,0,1,19,1,5,0,0,0,0,0,1,0,0,0,6,7
2024052401253,2024,052401253,342210,391871,-2.87104,53.42046,3,3,6,09:30,-1,E08000012,3,0,1,0,1,19,"[1, 7]","[5, 3]",0,0,0,1,0,0,0,0,0,6,7
2024052401255,2024,052401255,339658,390478,-2.90917,53.40765,3,3,2,16:15,-1,E08000012,3,0,1,0,1,"[4, 19]",4,8,0,0,0,1,0,0,0,0,0,4,15
2024052401258,2024,052401258,350940,396167,-2.74036,53.45995,2,2,7,14:28,-1,E08000013,6,0,1,0,1,19,"[5, 3]","[1, 7]","[10, 0]","[1, 0]","[10, 0]",1,0,1,0,0,0,6,8
2024052401260,2024,052401260,332585,388345,-3.01509,53.38762,2,"[2, 3]",7,21:34,-1,E08000015,6,2,1,0,1,9,5,2,"[0, 10]",0,0,0,0,1,0,0,0,6,8
2024052401262,2024,052401262,356419,397074,-2.65798,53.46859,3,3,1,01:00,-1,E08000013,3,2,1,0,1,"[19, 2]","[6, 0]","[2, 0]","[4, 0]","[7, 0]","[5, 0]",1,0,0,0,0,0,6,9
2024052401263,2024,052401263,336022,417169,-2.96932,53.6471,3,3,1,12:15,-1,E08000014,6,0,2,1,1,"[9, 19]","[3, 1]","[1, 5]",0,0,0,1,0,1,0,0,0,6,9
2024052401264,2024,052401264,338020,393563,-2.93441,53.43519,3,3,7,14:35,-1,E08000012,3,0,1,0,1,"[9, 19]","[8, 2]",6,0,0,0,1,0,0,0,0,0,6,8
2024052401266,2024,052401266,335821,393809,-2.96756,53.43713,3,3,4,08:00,-1,E08000012,3,0,1,0,1,"[19, 9]","[6, 2]","[2, 8]",0,0,0,1,0,1,0,0,0,5,22
2024052401267,2024,052401267,350892,397418,-2.74128,53.47119,2,"[3, 2]",1,22:00,-1,E08000013,3,2,2,1,2,19,7,3,0,"[1, 0]","[4, 0]",1,0,0,0,0,0,6,9
2024052401268,2024,052401268,333687,417575,-3.00472,53.65045,3,3,7,18:30,-1,E08000014,6,0,1,0,1,19,2,6,0,0,0,1,0,0,0,0,1,6,8
2024052401269,2024,052401269,339511,387940,-2.91089,53.38482,3,3,6,09:30,-1,E08000012,6,0,1,0,1,"[4, 19]",6,2,0,0,0,1,0,0,0,0,0,6,7
2024052401270,2024,052401270,336373,390568,-2.95859,53.40807,3,3,5,22:45,-1,E08000012,6,2,1,0,1,5,4,8,0,0,0,1,1,0,0,0,0,6,6
2024052401271,2024,052401271,325423,390204,-3.12319,53.40337,3,3,2,08:00,-1,E08000015,6,0,1,0,1,19,5,1,0,0,0,1,0,0,0,0,1,6,10
2024052401273,2024,052401273,331154,404560,-3.04016,53.53316,3,3,2,09:45,-1,E08000014,3,0,1,0,2,"[19, 4]","[4, 8]","[8, 4]",0,0,0,1,0,0,0,0,0,6,10
2024052401277,2024,052401277,338190,394324,-2.932,53.44205,3,3,2,16:25,-1,E08000012,6,0,1,0,1,19,"[4, 3]","[8, 7]",0,0,0,1,1,0,0,0,0,6,10
2024052401278,2024,052401278,347239,391627,-2.79534,53.41879,3,3,2,17:59,-1,E08000011,6,0,1,0,1,19,4,7,0,7,4,1,0,0,0,0,0,6,10
2024052401279,2024,052401279,359516,395573,-2.61113,53.45535,1,"[1, 2]",2,22:33,-1,E08000013,3,2,2,1,1,19,3,7,10,7,4,1,0,0,0,0,0,6,10
2024052401280,2024,052401280,338224,401586,-2.93292,53.50732,3,3,2,20:16,-1,E08000014,6,0,1,0,1,"[19, 5]","[5, 7]","[1, 3]",0,0,0,1,0,0,0,0,0,6,10
2024052401281,2024,052401281,337747,404889,-2.94077,53.53694,3,3,2,16:30,-1,E08000014,6,0,1,0,2,"[19, 4]",4,"[8, 2]",0,0,0,1,0,0,0,0,0,6,10
2024052401283,2024,052401283,335212,389850,-2.97591,53.40148,3,3,1,05:20,-1,E08000012,3,0,1,0,1,3,6,2,0,0,0,1,0,0,0,0,1,5,5
2024052401284,2024,052401284,354551,388968,-2.68494,53.39557,3,3,3,11:00,-1,E08000013,3,0,1,0,2,19,"[3, 7]","[7, 3]",0,0,0,1,0,0,0,0,0,6,11
2024052401288,2024,052401288,335216,390297,-2.97594,53.4055,3,3,5,17:00,-1,E08000012,6,0,1,0,1,5,8,4,0,0,0,1,0,0,0,0,1,5,30
2024052401293,2024,052401293,342391,386859,-2.8674,53.37543,2,2,4,11:00,-1,E08000012,6,0,1,0,1,4,0,5,11,0,0,1,0,0,0,0,1,6,12
2024052401294,2024,052401294,341794,397845,-2.87841,53.4741,3,3,4,11:00,-1,E08000011,6,0,1,0,1,"[19, 1]","[5, 1]","[1, 5]",0,0,0,1,0,0,0,0,0,6,12
2024052401296,2024,052401296,338114,393732,-2.93303,53.43672,3,3,4,19:40,-1,E08000012,3,0,1,0,1,"[19, 9]","[6, 2]","[2, 8]",0,0,0,1,0,0,0,0,0,6,12
2024052401300,2024,052401300,357263,395370,-2.64503,53.45334,3,3,4,10:49,-1,E08000013,6,0,1,0,1,"[19, 4]","[1, 3]","[5, 7]",0,"[0, 1]","[0, 4]",1,0,0,0,0,0,6,12
2024052401301,2024,052401301,347088,390513,-2.79742,53.40876,3,3,5,18:00,-1,E08000011,6,0,1,1,1,"[9, 19]","[5, 7]",3,0,0,0,1,0,0,0,0,0,6,13
2024052401304,2024,052401304,338140,393756,-2.93264,53.43694,2,2,5,06:10,-1,E08000012,3,0,1,0,1,19,2,6,0,0,0,0,0,0,1,0,1,6,13
2024052401306,2024,052401306,334303,395492,-2.99076,53.45207,3,3,6,09:00,-1,E08000014,6,0,1,1,1,19,1,5,0,0,0,1,0,0,0,0,1,6,14
2024052401308,2024,052401308,354726,396969,-2.68346,53.4675,3,3,6,09:04,-1,E08000013,6,0,2,1,1,1,7,3,0,0,0,1,0,0,0,0,1,6,14
2024052401309,2024,052401309,342947,384975,-2.8587,53.35856,3,3,2,16:10,-1,E08000012,3,0,1,0,1,"[19, 4]",1,5,0,0,0,1,0,0,0,0,0,6,10
2024052401310,2024,052401310,336644,387543,-2.95391,53.38092,3,3,4,12:40,-1,E08000012,3,0,1,0,1,"[5, 13]","[2, 8]","[6, 4]",0,0,0,1,0,0,0,0,0,6,12
2024052401311,2024,052401311,333112,381295,-3.00567,53.32433,2,2,5,15:20,-1,E08000015,6,0,1,0,2,"[3, 19]",7,3,0,0,0,1,0,0,0,0,0,6,13
2024052401313,2024,052401313,327790,387283,-3.08693,53.37744,3,3,7,08:45,-1,E08000015,6,0,1,0,1,"[2, 19]","[0, 7]","[0, 3]","[0, 4]","[0, 7]","[0, 3]",1,0,0,0,0,0,6,15
2024052401314,2024,052401314,330655,387601,-3.04394,53.38069,3,3,7,15:29,-1,E08000015,6,0,2,1,1,"[19, 1]",7,3,0,0,0,1,0,0,0,0,0,6,15
2024052401315,2024,052401315,336988,392787,-2.94979,53.42809,3,3,6,08:45,-1,E08000012,6,0,1,0,1,"[19, 9]","[4, 8]","[8, 6]",0,0,0,1,0,0,0,0,0,6,14
2024052401318,2024,052401318,331399,388093,-3.03286,53.38521,3,3,7,18:45,-1,E08000015,3,0,1,0,1,"[19, 9]","[6, 2]","[2, 7]",0,0,0,1,0,1,0,0,0,6,15
2024052401319,2024,052401319,335221,390887,-2.97599,53.4108,3,3,1,04:19,-1,E08000012,4,2,1,0,1,19,"[2, 4]","[6, 8]",0,"[4, 0]","[1, 0]",1,0,0,0,0,0,6,16
2024052401320,2024,052401320,341857,383960,-2.87489,53.34932,3,3,1,11:00,-1,E08000012,3,0,1,0,2,19,7,3,0,0,0,1,0,0,0,0,0,6,16
2024052401324,2024,052401324,341253,398597,-2.8867,53.4808,3,3,1,15:20,-1,E08000011,6,0,1,0,1,5,2,8,0,0,0,1,0,0,0,0,1,6,16
2024052401325,2024,052401325,338713,390680,-2.92342,53.40936,3,3,7,16:00,-1,E08000012,6,0,1,0,1,19,1,5,0,0,0,1,0,0,0,0,1,6,15
2024052401326,2024,052401326,334182,390095,-2.99145,53.40355,3,3,7,13:30,-1,E08000012,3,0,1,0,1,19,8,4,0,0,0,1,0,0,0,0,1,6,8
2024052401327,2024,052401327,333878,391066,-2.99622,53.41224,3,3,5,15:45,-1,E08000012,3,0,1,0,1,4,1,4,0,0,0,1,0,0,0,0,0,6,13
2024052401332,2024,052401332,331641,386361,-3.02885,53.36967,3,3,2,16:40,-1,E08000015,6,0,1,0,1,19,7,3,0,0,0,1,0,0,0,0,0,6,17
2024052401333,2024,052401333,346685,390940,-2.80355,53.41256,3,3,2,18:40,-1,E08000011,6,0,1,0,1,19,"[1, 5]","[5, 1]",0,0,0,1,0,0,0,0,0,6,17
2024052401334,2024,052401334,330264,413327,-3.05555,53.61183,2,2,1,11:50,-1,E08000014,6,0,1,0,2,19,5,1,0,1,10,0,1,0,0,0,0,6,16
2024052401340,2024,052401340,333825,418063,-3.00274,53.65486,3,3,3,17:40,-1,E08000014,6,0,1,0,2,19,"[1, 5]","[5, 1]",0,0,0,1,0,0,0,0,0,6,18
2024052401341,2024,052401341,342949,388686,-2.85934,53.39191,3,3,3,15:10,-1,E08000012,6,0,1,0,1,1,4,8,0,0,0,1,0,0,0,0,1,6,18
2024052401342,2024,052401342,342130,398428,-2.87345,53.47938,2,2,3,18:20,-1,E08000011,6,0,1,0,1,19,"[1, 5]","[5, 1]",0,0,0,1,0,1,0,0,0,6,18