collision_index,collision_year,collision_ref_no,location_easting_osgr,location_northing_osgr,longitude,latitude,casualty_severity,casualty_severity,day_of_week,time,local_authority_district,local_authority_ons_district,first_road_class,light_conditions,weather_conditions,road_surface_conditions,urban_or_rural_area,vehicle_manoeuvre,vehicle_direction_from,vehicle_direction_to,hit_object_in_carriageway,vehicle_leaving_carriageway,hit_object_off_carriageway,is_car,is_cyle,is_mcyle,is_goodsv,is_other,is_pedestrian,month,day
2024052401343,2024,052401343,337579,394077,-2.94115,53.43975,3,3,3,09:26,-1,E08000012,3,0,1,0,1,"[19, 9]","[4, 8]","[8, 6]","[0, 7]",0,0,1,0,0,0,0,0,6,11
2024052401344,2024,052401344,338957,391433,-2.9199,53.41615,2,2,2,20:14,-1,E08000012,4,2,1,1,1,"[10, 19]","[5, 1]","[3, 5]",0,0,0,1,1,0,0,0,0,1,29
2024052401345,2024,052401345,336546,388576,-2.95559,53.39019,3,3,3,23:15,-1,E08000012,4,2,1,0,1,19,"[2, 6]","[8, 2]",0,0,0,1,0,0,0,0,0,6,18
2024052401346,2024,052401346,335944,387957,-2.96451,53.38456,2,2,4,15:25,-1,E08000012,3,0,1,0,1,1,2,6,0,0,0,1,0,0,0,0,1,6,19
2024052401347,2024,052401347,335118,390241,-2.9774,53.40498,2,2,4,13:21,-1,E08000012,6,0,1,0,1,19,4,1,0,0,0,1,0,0,0,0,1,6,19
2024052401348,2024,052401348,328982,389773,-3.06958,53.39998,3,3,4,16:40,-1,E08000015,4,0,4,0,2,19,5,1,0,0,0,1,0,0,0,0,1,6,19
2024052401349,2024,052401349,336282,387747,-2.95939,53.38271,2,2,4,18:00,-1,E08000012,6,0,1,0,1,"[19, 1]","[6, 7]","[2, 3]",0,0,0,1,0,1,0,0,0,6,19
2024052401350,2024,052401350,341325,389557,-2.88392,53.39956,3,3,4,20:15,-1,E08000012,4,0,1,0,1,19,"[6, 8]","[2, 4]",0,0,0,1,0,0,0,0,0,6,19
2024052401351,2024,052401351,338242,394711,-2.9313,53.44553,3,3,4,13:00,-1,E08000012,6,0,1,0,1,"[19, 9]","[5, 2]","[2, 7]",0,0,0,1,0,0,0,0,0,6,19
2024052401352,2024,052401352,334948,394289,-2.9808,53.44134,2,2,3,02:00,-1,E08000012,3,2,1,0,1,19,4,8,0,0,0,0,1,0,0,0,0,5,21
2024052401353,2024,052401353,349249,391212,-2.76503,53.41526,3,3,4,08:40,-1,E08000013,6,0,1,0,1,5,1,5,0,0,0,1,0,0,0,0,1,6,19
2024052401354,2024,052401354,335757,416377,-2.97316,53.63995,3,3,5,08:50,-1,E08000014,4,0,1,0,1,"[9, 19]","[1, 8]","[7, 4]",0,0,0,1,1,0,0,0,0,6,20
2024052401355,2024,052401355,333925,416631,-3.00092,53.642,3,3,4,19:45,-1,E08000014,6,0,1,0,1,"[19, 5]","[4, 7]","[1, 3]",0,0,0,1,1,0,0,0,0,6,19
2024052401356,2024,052401356,337396,397279,-2.94454,53.46851,3,3,5,16:51,-1,E08000012,6,0,1,0,1,19,4,8,0,0,0,1,0,0,0,0,1,6,20
2024052401357,2024,052401357,329304,406964,-3.06861,53.55452,3,3,5,16:50,-1,E08000014,6,0,1,0,1,"[19, 7]","[1, 3]","[5, 7]",0,0,0,1,0,0,0,0,0,6,20
2024052401358,2024,052401358,338344,394171,-2.92965,53.44069,2,2,5,17:00,-1,E08000012,6,0,1,0,1,19,7,3,0,0,0,1,0,0,0,0,1,6,20
2024052401359,2024,052401359,336351,399882,-2.96081,53.49178,3,3,5,21:30,-1,E08000014,6,0,1,0,1,"[10, 19]",5,"[3, 1]",0,0,0,1,1,0,0,0,0,6,20
2024052401360,2024,052401360,335097,382295,-2.97608,53.33357,3,3,6,18:15,-1,E08000015,3,0,1,0,1,5,7,3,0,0,0,1,0,0,0,0,1,6,14
2024052401361,2024,052401361,354859,395110,-2.68119,53.4508,3,3,5,17:00,-1,E08000013,6,0,1,0,1,19,"[5, 3]","[1, 7]",0,0,0,1,1,0,0,0,0,6,20
2024052401362,2024,052401362,341878,383917,-2.87457,53.34893,3,3,6,10:35,-1,E08000012,6,0,1,0,2,5,5,1,0,0,0,1,0,0,0,0,1,6,21
2024052401363,2024,052401363,347537,385075,-2.78976,53.35993,2,"[3, 2]",5,19:30,-1,E08000011,3,0,1,0,2,"[4, 19]",1,5,0,0,0,1,0,0,0,0,0,6,20
2024052401364,2024,052401364,341336,398983,-2.88552,53.48428,2,2,6,17:00,-1,E08000011,3,0,1,0,1,19,"[3, 5]","[7, 1]",0,0,0,1,1,0,0,0,0,6,21
2024052401365,2024,052401365,336392,397975,-2.95981,53.47464,3,3,6,10:18,-1,E08000014,6,0,1,0,1,19,1,5,0,0,0,1,1,0,0,0,0,6,21
2024052401366,2024,052401366,336542,393157,-2.95657,53.43136,3,3,6,20:09,-1,E08000012,6,0,1,0,1,"[15, 19]",6,2,0,0,0,1,0,1,0,0,0,6,21
2024052401367,2024,052401367,336477,393056,-2.95753,53.43045,3,3,6,23:10,-1,E08000012,6,2,2,1,1,9,4,2,0,0,0,1,0,0,0,0,1,6,21
2024052401368,2024,052401368,346960,399116,-2.8008,53.48607,2,2,4,14:34,-1,E08000013,4,0,1,0,2,19,2,5,0,1,0,0,0,1,0,0,0,6,19
2024052401369,2024,052401369,340445,403100,-2.89973,53.52118,3,3,1,15:00,-1,E08000014,4,0,1,0,2,"[19, 5]","[5, 7]",1,0,0,0,1,0,0,0,0,0,5,19
2024052401373,2024,052401373,330103,386736,-3.05205,53.37284,3,3,2,14:40,-1,E08000015,3,0,1,0,1,"[19, 9]","[3, 5]","[7, 3]",0,"[7, 0]","[2, 0]",1,0,0,0,0,0,3,4
2024052401374,2024,052401374,335513,393785,-2.97219,53.43688,3,3,7,14:00,-1,E08000012,3,0,1,0,1,"[5, 19]","[2, 8]","[6, 4]",0,0,0,1,1,0,0,0,0,6,22
2024052401377,2024,052401377,321392,387244,-3.18307,53.37618,3,3,1,13:45,-1,E08000015,6,0,1,0,1,"[3, 1]",1,5,0,0,0,1,0,0,0,0,0,6,23
2024052401378,2024,052401378,334062,390456,-2.99333,53.40678,3,3,1,23:00,-1,E08000012,6,2,1,0,1,5,4,8,0,0,0,1,0,0,0,0,1,6,23
2024052401379,2024,052401379,334505,398054,-2.98825,53.47512,3,3,6,19:00,-1,E08000014,6,0,1,0,1,7,8,4,0,0,0,1,0,0,0,0,1,6,21
2024052401380,2024,052401380,332304,397860,-3.02136,53.4731,3,3,6,12:15,-1,E08000014,3,0,1,0,1,"[19, 4]",1,5,0,0,0,1,0,0,0,0,0,6,21
2024052401381,2024,052401381,337067,391007,-2.94824,53.4121,3,3,5,16:34,-1,E08000012,3,0,2,1,1,"[4, 19]",7,3,0,0,0,1,0,0,0,0,0,6,13
2024052401382,2024,052401382,333201,397111,-3.00769,53.46648,3,3,6,15:20,-1,E08000014,3,0,1,0,1,19,7,3,0,0,0,1,0,0,0,0,0,6,21
2024052401383,2024,052401383,349963,395342,-2.75494,53.45245,3,3,6,12:00,-1,E08000013,6,0,1,0,1,"[19, 5]","[3, 1]","[7, 5]",0,0,0,1,1,0,0,0,0,6,21
2024052401384,2024,052401384,336007,380016,-2.96196,53.31319,3,3,6,18:30,-1,E08000015,6,0,1,0,1,"[7, 19]","[2, 4]","[4, 8]",0,0,0,1,0,0,0,0,0,6,21
2024052401385,2024,052401385,331686,403872,-3.03198,53.52705,3,3,6,15:25,-1,E08000014,3,0,1,0,2,"[9, 19]","[5, 1]","[3, 5]",0,0,0,1,0,0,0,0,0,6,21
2024052401387,2024,052401387,331376,387531,-3.03309,53.38015,2,2,2,20:05,-1,E08000015,3,0,1,0,1,"[19, 9]","[5, 7]","[1, 5]",0,0,0,1,0,1,0,0,0,6,24
2024052401388,2024,052401388,335367,390547,-2.97372,53.40776,3,3,2,15:50,-1,E08000012,6,0,1,0,1,19,8,5,0,0,0,1,0,0,0,0,0,6,24
2024052401389,2024,052401389,336354,388116,-2.95838,53.38603,3,3,7,12:25,-1,E08000012,4,0,1,0,1,19,4,8,0,0,0,1,0,0,0,0,1,5,25
2024052401390,2024,052401390,331711,387013,-3.02794,53.37554,3,3,2,16:45,-1,E08000015,6,0,1,0,1,1,7,3,0,0,0,1,0,0,0,0,1,6,24
2024052401391,2024,052401391,327264,383541,-3.09397,53.34374,3,3,3,19:00,-1,E08000015,4,0,1,0,1,19,"[7, 1]","[3, 5]",0,0,0,1,1,0,0,0,0,6,25
2024052401392,2024,052401392,331927,384612,-3.02418,53.35399,2,2,4,02:15,-1,E08000015,6,2,1,0,1,19,3,7,10,7,4,1,0,0,0,0,0,6,26
2024052401393,2024,052401393,346805,392909,-2.80208,53.43027,3,3,3,14:25,-1,E08000011,3,0,1,0,1,19,"[1, 5]","[5, 1]",0,0,0,1,0,0,0,0,0,6,25
2024052401394,2024,052401394,339035,385355,-2.91755,53.36154,3,3,3,08:30,-1,E08000012,6,0,1,0,1,14,5,1,0,0,0,1,0,0,0,0,1,6,25
2024052401397,2024,052401397,337531,392113,-2.94148,53.4221,3,3,4,18:25,-1,E08000012,6,0,1,0,1,19,"[7, 3]","[3, 7]",0,0,0,1,0,1,0,0,0,6,26
2024052401398,2024,052401398,349967,395474,-2.7549,53.45363,2,2,4,19:50,-1,E08000013,6,0,1,0,1,19,3,7,0,0,0,1,0,0,0,0,1,6,26
2024052401399,2024,052401399,334952,390385,-2.97993,53.40625,3,3,4,19:25,-1,E08000012,3,0,1,0,1,19,"[6, 5]","[2, 1]",0,0,0,1,0,1,0,0,0,6,26
2024052401400,2024,052401400,334399,395544,-2.98932,53.45255,3,3,4,21:43,-1,E08000014,3,2,1,0,1,19,3,"[8, 7]",0,0,0,1,1,0,0,0,0,6,26
2024052401401,2024,052401401,327135,387310,-3.09678,53.3776,2,2,4,16:18,-1,E08000015,3,0,1,0,1,19,"[5, 1]","[1, 5]",0,0,0,1,0,0,0,0,1,6,26
2024052401403,2024,052401403,357694,395469,-2.63855,53.45427,3,3,5,08:15,-1,E08000013,6,0,1,0,1,19,"[5, 7]","[1, 3]",0,0,0,1,1,0,0,0,0,6,20
2024052401404,2024,052401404,333743,416889,-3.00373,53.6443,3,3,3,20:00,-1,E08000014,3,0,1,0,1,"[2, 19]","[0, 8]","[0, 4]",0,0,0,1,1,0,0,0,0,6,25
2024052401405,2024,052401405,321208,387638,-3.18594,53.37969,3,3,4,10:25,-1,E08000015,3,0,1,0,1,"[1, 19]","[7, 5]","[3, 1]",0,0,0,1,1,0,0,0,0,6,26
2024052401406,2024,052401406,339323,390676,-2.91424,53.40939,3,3,3,16:45,-1,E08000012,3,0,1,0,1,"[9, 19]","[7, 3]","[5, 7]",0,0,0,1,0,0,0,0,0,6,25
2024052401408,2024,052401408,337615,389146,-2.93963,53.39544,3,3,3,17:55,-1,E08000012,3,0,1,0,1,"[9, 19]","[2, 8]","[6, 4]",0,0,0,1,0,0,0,0,0,6,25
2024052401410,2024,052401410,333157,396198,-3.00816,53.45827,3,3,5,17:40,-1,E08000014,3,0,1,0,1,5,"[5, 7]","[1, 3]",0,0,0,1,1,0,0,0,0,6,27
2024052401413,2024,052401413,335021,392979,-2.97943,53.42958,3,3,4,15:00,-1,E08000012,6,0,1,0,1,"[5, 19]","[7, 1]","[3, 5]",0,0,0,1,1,0,0,0,0,6,26
2024052401414,2024,052401414,337079,397081,-2.94928,53.46669,3,3,3,08:28,-1,E08000012,3,0,1,0,1,"[19, 11]",2,6,0,0,0,1,0,0,0,0,0,6,4
2024052401415,2024,052401415,322642,390274,-3.16503,53.40359,3,3,6,16:00,-1,E08000015,6,0,1,0,2,"[2, 19]","[0, 3]","[0, 7]",0,0,0,1,1,0,0,0,0,6,28
2024052401416,2024,052401416,340016,395551,-2.90475,53.45328,3,3,6,15:10,-1,E08000012,6,0,1,0,1,19,4,8,0,0,0,1,0,0,0,0,1,6,28
2024052401417,2024,052401417,338156,394654,-2.93258,53.44501,2,2,6,15:45,-1,E08000012,4,0,1,0,1,19,7,4,0,0,0,1,0,0,0,0,1,6,28
2024052401418,2024,052401418,337492,387514,-2.94116,53.38076,2,2,5,23:15,-1,E08000012,6,2,1,0,1,"[9, 19]","[1, 5]","[7, 1]",0,0,0,1,1,0,0,0,0,6,27
2024052401419,2024,052401419,336644,387542,-2.95391,53.38091,3,3,2,09:40,-1,E08000012,3,0,1,0,1,19,"[2, 4]","[6, 8]",0,0,0,1,1,0,0,0,0,6,17
2024052401420,2024,052401420,344179,384741,-2.84015,53.35659,3,3,7,16:42,-1,E08000011,6,0,1,1,1,"[19, 2]","[3, 0]","[7, 0]",0,0,0,1,0,0,0,0,0,6,29
2024052401422,2024,052401422,353274,395457,-2.70511,53.45379,3,3,7,18:40,-1,E08000013,3,0,2,1,1,19,"[5, 1]","[1, 5]",0,0,0,1,1,0,0,0,0,6,29
2024052401424,2024,052401424,337971,389296,-2.93431,53.39683,3,3,7,19:55,-1,E08000012,6,0,2,1,1,19,"[6, 4]","[2, 8]",0,0,0,1,0,0,0,0,0,6,29
2024052401428,2024,052401428,338970,390731,-2.91956,53.40985,3,3,1,10:30,-1,E08000012,3,0,1,0,1,19,"[3, 5]","[7, 1]",0,0,0,1,1,0,0,0,0,6,30
2024052401431,2024,052401431,335790,416218,-2.97263,53.63852,3,3,1,15:40,-1,E08000014,6,0,1,0,1,"[2, 19]","[0, 5]","[0, 1]",0,0,0,1,0,0,0,0,0,6,30
2024052401434,2024,052401434,336531,396918,-2.9575,53.46516,2,2,1,22:45,-1,E08000012,3,2,1,0,1,19,6,2,0,0,0,0,1,0,0,0,0,6,30
2024052401436,2024,052401436,331636,387105,-3.02909,53.37636,3,3,3,14:28,-1,E08000015,6,0,1,0,1,19,3,7,0,0,0,1,0,0,0,0,0,7,2
2024052401438,2024,052401438,334809,397576,-2.98357,53.47086,3,3,3,16:18,-1,E08000014,6,0,1,0,1,"[7, 19]","[3, 1]","[7, 5]",0,0,0,1,1,0,0,0,0,7,2
2024052401439,2024,052401439,339008,392777,-2.91939,53.42824,3,3,6,07:50,-1,E08000012,6,0,1,0,1,7,2,4,0,0,0,1,0,0,0,0,1,6,28
2024052401440,2024,052401440,342151,399163,-2.87327,53.48599,3,3,3,18:17,-1,E08000011,6,0,1,0,1,1,7,3,0,0,0,1,0,0,0,0,1,7,2
2024052401442,2024,052401442,333466,397630,-3.00381,53.47118,3,3,4,00:01,-1,E08000014,6,2,2,1,1,19,8,4,0,7,"[11, 0]",1,0,0,0,0,0,7,3
2024052401444,2024,052401444,336510,396815,-2.95779,53.46423,3,3,3,17:50,-1,E08000012,6,0,1,0,1,99,"[4, 8]","[8, 4]",0,0,0,1,0,1,0,0,0,7,2
2024052401445,2024,052401445,326537,387977,-3.10592,53.38351,3,3,5,10:20,-1,E08000015,4,0,1,0,1,5,2,4,0,0,0,1,0,0,0,0,0,6,27
2024052401447,2024,052401447,348656,391089,-2.77393,53.4141,2,2,6,14:30,-1,E08000013,6,0,1,0,1,"[2, 19]","[0, 8]","[0, 4]",0,0,0,1,1,0,0,0,0,6,28
2024052401448,2024,052401448,332748,391055,-3.01322,53.412,3,3,6,15:45,-1,E08000015,6,0,1,0,2,"[4, 19]",7,3,0,0,0,1,0,0,0,0,0,6,28
2024052401449,2024,052401449,337760,389385,-2.9375,53.39761,3,3,3,08:45,-1,E08000012,6,0,1,0,1,19,4,8,0,0,0,0,1,0,0,0,1,7,2
2024052401455,2024,052401455,334932,390238,-2.9802,53.40493,2,2,4,17:10,-1,E08000012,4,0,2,1,1,19,6,2,0,0,0,0,0,0,0,0,1,7,3
2024052401456,2024,052401456,339628,391194,-2.90976,53.41408,3,3,6,16:30,-1,E08000012,3,0,1,0,1,1,3,7,0,0,0,1,0,0,0,0,1,6,28
2024052401457,2024,052401457,341754,392167,-2.87796,53.42307,2,2,4,15:05,-1,E08000012,6,0,2,1,1,19,"[2, 8]","[6, 4]",0,0,0,1,1,0,0,0,0,7,3
2024052401458,2024,052401458,336001,390574,-2.96419,53.40808,3,3,4,15:00,-1,E08000012,6,0,1,0,1,4,1,5,0,0,0,1,0,0,0,0,0,7,3
2024052401459,2024,052401459,337463,389212,-2.94193,53.39602,3,3,6,15:30,-1,E08000012,3,0,1,0,1,"[4, 19]",4,8,0,0,0,1,0,0,0,0,0,6,28
2024052401460,2024,052401460,342163,391457,-2.87167,53.41673,2,2,6,20:00,-1,E08000012,6,0,1,0,1,19,2,6,0,0,0,0,0,0,0,0,0,6,28
2024052401461,2024,052401461,338714,390707,-2.92341,53.4096,3,3,7,10:45,-1,E08000012,6,0,1,0,1,"[19, 5]","[5, 3]","[1, 7]",0,0,0,1,0,0,0,0,0,6,29
2024052401462,2024,052401462,351658,395602,-2.72946,53.45494,3,3,4,12:00,-1,E08000013,6,0,1,0,1,"[5, 19]",2,6,0,0,0,1,1,0,0,0,0,6,26
2024052401463,2024,052401463,335850,416412,-2.97176,53.64027,3,3,6,15:30,-1,E08000014,6,0,1,0,1,5,2,5,0,0,0,1,0,0,0,0,1,6,28
2024052401465,2024,052401465,336483,392637,-2.95736,53.42668,3,3,5,13:25,-1,E08000012,3,0,1,0,1,"[7, 19]",4,"[6, 8]",0,0,0,1,1,0,0,0,0,7,4
2024052401467,2024,052401467,333258,396357,-3.00667,53.45971,2,2,5,17:20,-1,E08000014,3,0,1,0,1,"[6, 19]",7,"[7, 3]",0,0,0,1,0,1,0,0,0,7,4
2024052401469,2024,052401469,336156,397143,-2.96319,53.46714,3,3,2,19:20,-1,E08000012,6,0,1,0,1,19,2,6,0,0,0,1,0,0,0,0,1,7,1
2024052401470,2024,052401470,349379,399808,-2.76446,53.49253,3,3,5,22:20,-1,E08000013,6,2,1,0,1,19,7,3,0,1,3,1,0,0,0,0,0,7,4
2024052401472,2024,052401472,339103,390767,-2.91757,53.41018,3,3,5,14:00,-1,E08000012,6,0,1,0,1,"[8, 19]",6,2,0,0,0,1,0,0,0,0,0,7,4
2024052401473,2024,052401473,358043,395577,-2.63331,53.45527,3,3,5,08:55,-1,E08000013,6,0,1,0,1,19,1,5,0,0,0,1,0,0,0,0,1,7,4
2024052401474,2024,052401474,330761,388545,-3.04255,53.38918,3,3,4,15:20,-1,E08000015,6,0,1,0,1,19,7,3,0,3,11,1,0,0,0,0,0,7,3
2024052401475,2024,052401475,338802,392622,-2.92246,53.42682,3,3,6,23:30,-1,E08000012,6,2,1,0,1,19,1,5,0,0,0,1,0,0,0,0,1,7,5
2024052401476,2024,052401476,341163,400303,-2.88837,53.49612,3,3,6,21:42,-1,E08000011,3,0,1,0,1,"[7, 10]","[4, 5]","[8, 3]",0,0,0,1,0,0,0,0,0,7,5
2024052401477,2024,052401477,339530,394784,-2.91192,53.44634,3,3,6,18:05,-1,E08000012,6,0,1,0,1,19,4,8,0,0,0,1,0,0,0,0,1,7,5
2024052401478,2024,052401478,352566,397541,-2.71608,53.47245,3,3,6,16:35,-1,E08000013,6,0,1,0,1,19,"[6, 3]","[1, 7]",0,0,0,1,0,1,0,0,0,7,5
2024052401479,2024,052401479,329140,387357,-3.06666,53.37829,3,3,7,21:10,-1,E08000015,6,0,1,0,1,19,"[7, 1]","[3, 5]",0,0,0,1,1,0,0,0,0,7,6
2024052401480,2024,052401480,352782,399922,-2.71319,53.49387,3,3,6,16:30,-1,E08000013,6,0,1,0,2,"[5, 19]","[5, 7]","[1, 3]",0,0,0,1,1,0,0,0,0,7,5
2024052401481,2024,052401481,335926,390623,-2.96533,53.40851,3,3,6,09:55,-1,E08000012,3,0,1,0,1,19,7,3,0,0,0,1,0,0,0,0,1,7,5
2024052401482,2024,052401482,330719,411996,-3.04837,53.59993,2,2,6,15:30,-1,E08000014,6,0,1,0,1,14,7,3,0,0,0,1,0,0,0,0,1,7,5
2024052401483,2024,052401483,338117,393741,-2.93299,53.4368,3,3,2,11:10,-1,E08000012,3,0,1,0,1,"[4, 3]",5,1,0,0,0,1,0,0,1,0,0,7,8
2024052401484,2024,052401484,342267,399320,-2.87155,53.48741,3,3,6,20:25,-1,E08000011,6,0,1,0,1,19,3,7,0,0,0,1,0,0,0,0,1,7,5
2024052401486,2024,052401486,351624,392506,-2.7295,53.42711,3,3,2,11:20,-1,E08000013,4,0,1,0,1,"[19, 10, 3]",6,2,0,0,0,1,0,0,0,0,0,7,8
2024052401487,2024,052401487,340529,387874,-2.89558,53.38435,3,3,1,15:05,-1,E08000012,6,0,1,0,1,"[4, 19]",3,7,0,0,0,1,0,0,0,0,0,7,7
2024052401489,2024,052401489,337568,394076,-2.94132,53.43974,3,3,1,14:20,-1,E08000012,3,0,1,0,1,"[9, 19]","[2, 6]","[8, 2]",0,0,0,1,0,0,0,0,0,7,7
2024052401490,2024,052401490,345274,383748,-2.82353,53.34778,3,3,3,08:15,-1,E08000012,3,0,2,1,2,19,3,7,0,0,0,1,0,0,0,0,0,7,9
2024052401492,2024,052401492,331899,391150,-3.02601,53.41274,3,3,2,11:50,-1,E08000015,6,0,1,0,1,9,"[1, 7]","[7, 5]",0,0,0,1,0,0,0,0,0,7,8
2024052401493,2024,052401493,331614,388972,-3.02982,53.39313,2,"[3, 2]",3,17:25,-1,E08000015,3,0,1,0,1,"[9, 19]","[3, 7]","[1, 3]",0,0,0,1,0,0,0,0,0,7,9
2024052401495,2024,052401495,337507,392958,-2.94201,53.42969,3,3,3,13:10,-1,E08000012,6,0,1,0,1,"[5, 19]","[3, 1]","[7, 5]",0,0,0,1,0,0,1,0,0,7,9
2024052401496,2024,052401496,333777,417240,-3.00329,53.64745,2,2,4,12:15,-1,E08000014,3,0,1,1,1,19,7,3,0,0,0,0,1,0,0,0,1,7,10
2024052401498,2024,052401498,334797,392598,-2.98272,53.42612,3,3,4,17:14,-1,E08000012,3,0,1,0,1,"[3, 19, 7]","[7, 3, 5]","[3, 7, 1]",0,0,0,1,0,0,0,0,0,7,10
2024052401499,2024,052401499,338855,390293,-2.92121,53.4059,2,2,3,15:00,-1,E08000012,4,0,1,1,1,"[9, 19]","[2, 6]","[7, 2]",0,0,0,1,0,1,0,0,0,7,9
2024052401500,2024,052401500,335778,394675,-2.96838,53.44491,3,3,4,15:45,-1,E08000012,3,0,1,0,1,19,2,6,0,0,0,0,0,0,0,0,1,7,10
2024052401502,2024,052401502,341037,391731,-2.88866,53.41907,3,3,5,08:40,-1,E08000012,3,0,1,0,1,"[19, 7]",1,5,0,0,0,1,0,0,0,0,0,7,11
2024052401503,2024,052401503,350988,395904,-2.7396,53.45759,3,3,4,18:50,-1,E08000013,6,0,1,0,1,"[4, 19]",5,1,0,0,0,1,0,0,0,0,0,7,10
2024052401504,2024,052401504,338749,390768,-2.9229,53.41015,2,2,3,18:32,-1,E08000012,3,0,1,1,1,"[4, 19]",3,7,0,0,0,1,0,0,0,0,0,7,9
2024052401505,2024,052401505,337251,389320,-2.94514,53.39696,3,3,5,18:10,-1,E08000012,6,0,5,1,1,19,3,7,0,0,0,1,0,0,0,0,1,7,11
2024052401506,2024,052401506,336164,390886,-2.9618,53.41091,3,3,5,20:30,-1,E08000012,3,2,1,0,1,19,7,3,0,0,0,1,0,0,0,0,1,7,11
2024052401507,2024,052401507,338364,388512,-2.92825,53.38983,3,3,5,09:30,-1,E08000012,3,0,1,0,1,"[19, 5]","[3, 5]","[7, 8]",0,0,0,1,0,0,0,0,0,7,11
2024052401508,2024,052401508,342386,397588,-2.86944,53.47186,3,3,5,16:00,-1,E08000011,3,0,1,0,1,5,"[4, 6]","[7, 1]",0,0,0,1,1,0,0,0,0,7,11
2024052401509,2024,052401509,333886,392729,-2.99645,53.42719,3,3,6,13:30,-1,E08000012,6,0,1,0,1,"[19, 13]","[2, 3]",7,0,0,0,1,1,0,0,0,0,7,12
2024052401510,2024,052401510,335507,389548,-2.97141,53.3988,3,3,7,23:45,-1,E08000012,6,2,1,0,1,"[19, 4]",1,"[5, 7]",0,0,0,1,0,0,0,0,0,6,15
2024052401511,2024,052401511,335251,393381,-2.97605,53.43322,3,3,3,12:45,-1,E08000012,6,0,1,0,1,19,3,7,0,0,0,1,1,0,0,0,0,7,9
2024052401512,2024,052401512,330440,387890,-3.04724,53.38326,2,"[2, 3]",7,00:40,-1,E08000015,6,2,1,0,1,19,"[8, 7]","[4, 3]",0,"[3, 7]",11,1,0,0,0,0,0,7,13
2024052401514,2024,052401514,336378,394478,-2.95931,53.44321,3,3,7,09:00,-1,E08000012,3,0,2,1,1,"[9, 19]","[7, 3]","[5, 7]",0,0,0,1,1,0,0,0,0,7,13
2024052401523,2024,052401523,335196,418057,-2.982,53.65497,3,3,7,16:00,-1,E08000014,6,0,1,0,1,19,8,5,0,1,2,1,0,0,0,0,0,7,13
2024052401524,2024,052401524,328979,386432,-3.06887,53.36996,3,3,7,18:26,-1,E08000015,3,0,1,0,1,19,"[8, 7]","[4, 3]",0,0,0,1,1,0,0,0,0,7,13
2024052401525,2024,052401525,331557,388381,-3.03055,53.38781,3,3,7,13:05,-1,E08000015,3,0,1,0,1,19,"[1, 3]","[5, 7]",0,0,0,1,1,0,0,0,0,3,30
2024052401527,2024,052401527,330598,392053,-3.04578,53.42069,3,3,6,08:10,-1,E08000015,6,0,1,0,1,19,"[6, 1]","[2, 5]",0,0,0,1,1,0,0,0,0,7,5
2024052401529,2024,052401529,346545,385127,-2.80467,53.3603,3,3,5,07:10,-1,E08000011,6,0,1,0,2,19,"[7, 5]","[3, 1]",0,0,0,1,0,0,0,0,0,6,27
2024052401531,2024,052401531,336433,387958,-2.95716,53.38462,3,3,7,19:50,-1,E08000012,4,0,1,0,1,19,8,4,0,0,0,1,1,0,0,0,0,7,13
2024052401533,2024,052401533,336763,389236,-2.95246,53.39615,3,3,1,20:10,-1,E08000012,6,0,1,0,1,19,"[7, 3]",1,0,0,0,1,1,0,0,0,0,7,14
2024052401536,2024,052401536,346660,390209,-2.80381,53.40599,3,3,2,00:48,-1,E08000011,6,2,1,0,1,"[2, 19]","[0, 6]","[0, 4]",0,0,0,1,0,0,0,0,0,7,15
2024052401537,2024,052401537,333996,390213,-2.99427,53.40459,3,3,2,09:36,-1,E08000012,6,0,1,0,1,"[1, 4]","[4, 8]","[8, 4]",0,0,0,1,0,0,0,0,0,6,17
2024052401538,2024,052401538,334646,390043,-2.98446,53.40314,2,2,7,20:00,-1,E08000012,4,0,1,0,1,19,6,2,0,0,0,1,0,0,0,0,1,7,13
2024052401539,2024,052401539,323608,387815,-3.14991,53.38164,3,3,7,12:55,-1,E08000015,4,0,1,0,2,19,7,3,0,0,0,1,0,0,0,0,0,7,6
2024052401540,2024,052401540,333897,397947,-2.99739,53.47408,3,3,2,15:30,-1,E08000014,6,0,1,0,1,19,1,5,0,2,4,1,0,0,0,0,0,7,8
2024052401543,2024,052401543,331737,388977,-3.02798,53.39319,3,3,4,15:30,-1,E08000015,3,0,1,0,1,"[8, 19]",5,"[7, 1]",0,0,0,1,0,0,0,0,0,7,3
2024052401544,2024,052401544,336313,388187,-2.95901,53.38667,3,3,2,21:47,-1,E08000012,4,2,2,1,1,19,"[1, 4]","[4, 1]",0,0,0,1,0,0,0,0,0,7,15
2024052401546,2024,052401546,333946,395734,-2.99618,53.4542,3,3,5,15:00,-1,E08000014,3,0,1,0,1,1,7,2,0,0,0,1,0,0,0,0,1,7,11
2024052401547,2024,052401547,341512,391423,-2.88146,53.41635,3,3,5,11:10,-1,E08000012,6,0,1,0,1,"[19, 5]","[4, 8]","[8, 3]",0,0,0,1,0,0,1,0,0,6,27
2024052401548,2024,052401548,330178,387677,-3.05113,53.38131,3,3,3,12:50,-1,E08000015,6,0,1,0,1,19,7,3,0,0,0,1,0,0,0,0,0,7,16