collision_index,collision_year,collision_ref_no,location_easting_osgr,location_northing_osgr,longitude,latitude,casualty_severity,casualty_severity,day_of_week,time,local_authority_district,local_authority_ons_district,first_road_class,light_conditions,weather_conditions,road_surface_conditions,urban_or_rural_area,vehicle_manoeuvre,vehicle_direction_from,vehicle_direction_to,hit_object_in_carriageway,vehicle_leaving_carriageway,hit_object_off_carriageway,is_car,is_cyle,is_mcyle,is_goodsv,is_other,is_pedestrian,month,day
2024052401775,2024,052401775,337489,392126,-2.94212,53.42221,3,3,6,17:16,-1,E08000012,3,0,1,0,1,19,3,7,0,4,4,0,0,0,1,0,0,8,16
2024052401776,2024,052401776,340788,390833,-2.89224,53.41097,3,3,7,09:40,-1,E08000011,6,0,1,0,1,"[1, 19]","[3, 1]","[7, 5]",0,0,0,1,0,0,0,1,0,8,17
2024052401777,2024,052401777,334931,390240,-2.98021,53.40495,3,3,7,16:45,-1,E08000012,4,0,1,0,1,19,2,6,0,0,0,1,0,0,0,0,1,8,17
2024052401778,2024,052401778,352917,395889,-2.71055,53.45764,2,2,1,02:50,-1,E08000013,6,2,1,0,1,19,3,7,0,1,0,0,0,1,0,0,0,8,18
2024052401779,2024,052401779,332079,390771,-3.02322,53.40936,3,3,7,14:30,-1,E08000015,6,0,1,0,1,"[2, 19]","[0, 1]","[0, 5]",0,0,0,1,1,0,0,0,0,8,17
2024052401780,2024,052401780,341804,391774,-2.87713,53.41954,3,3,7,11:30,-1,E08000012,6,0,1,0,1,4,5,7,0,0,0,1,0,0,0,0,1,8,17
2024052401783,2024,052401783,334777,395142,-2.98355,53.44899,2,2,1,23:15,-1,E08000014,3,2,1,0,1,19,3,7,0,0,0,0,1,0,0,0,0,8,18
2024052401787,2024,052401787,344931,392636,-2.83024,53.42762,3,3,6,21:05,-1,E08000011,4,2,1,0,1,19,"[7, 5]","[3, 1]",0,0,0,1,1,0,0,0,0,8,16
2024052401789,2024,052401789,347546,385186,-2.78964,53.36093,3,3,5,19:00,-1,E08000011,3,0,5,1,2,11,1,5,7,0,0,1,0,0,0,0,0,8,15
2024052401792,2024,052401792,339704,396161,-2.90957,53.45873,2,2,5,17:00,-1,E08000012,6,0,2,1,1,19,3,7,0,0,0,0,1,0,0,0,1,8,15
2024052401795,2024,052401795,333176,383187,-3.00511,53.34134,3,3,7,19:30,-1,E08000015,4,0,1,0,1,"[19, 9]","[5, 1]","[1, 7]",0,0,0,1,0,0,0,0,0,6,22
2024052401796,2024,052401796,341307,387426,-2.8838,53.38041,3,3,3,17:50,-1,E08000012,6,0,1,0,1,19,2,6,0,0,0,1,0,0,0,0,1,8,20
2024052401797,2024,052401797,341438,389433,-2.8822,53.39846,3,3,3,23:36,-1,E08000012,3,2,1,0,1,19,1,5,0,2,3,1,0,0,0,0,0,8,20
2024052401798,2024,052401798,340729,390067,-2.89298,53.40408,2,"[2, 3]",2,12:30,-1,E08000012,6,0,1,0,1,"[9, 19]","[2, 6]","[8, 2]",0,0,0,1,0,0,0,0,0,8,19
2024052401799,2024,052401799,327712,390670,-3.08888,53.40787,3,3,4,17:20,-1,E08000015,3,0,1,0,2,19,5,1,0,0,0,1,0,0,0,0,1,8,21
2024052401800,2024,052401800,327653,386342,-3.08877,53.36897,3,3,4,18:48,-1,E08000015,3,0,1,0,1,"[9, 19]","[7, 3]","[5, 7]",0,0,0,1,0,0,0,0,0,8,21
2024052401801,2024,052401801,336031,390454,-2.96371,53.40701,3,3,3,15:25,-1,E08000012,3,0,1,0,1,"[19, 5]","[4, 7]","[8, 3]",0,0,0,1,1,0,0,0,0,8,20
2024052401802,2024,052401802,335347,416560,-2.9794,53.64154,2,2,4,15:05,-1,E08000014,6,0,1,0,1,19,"[3, 1]","[7, 5]",0,0,0,1,0,0,0,0,0,8,21
2024052401805,2024,052401805,333873,392193,-2.99654,53.42237,3,3,5,12:15,-1,E08000012,3,0,1,0,1,19,1,5,"[0, 2]",0,0,1,0,0,0,0,0,8,22
2024052401807,2024,052401807,330575,386828,-3.04497,53.37373,3,3,5,13:00,-1,E08000015,3,0,1,0,1,"[5, 19]","[1, 7]","[5, 3]",0,0,0,1,1,0,0,0,0,8,22
2024052401809,2024,052401809,336353,396644,-2.96012,53.46268,3,3,6,14:50,-1,E08000012,3,0,1,0,1,19,2,6,0,0,0,1,0,0,0,0,1,8,23
2024052401810,2024,052401810,340880,398817,-2.89236,53.48274,3,3,6,18:21,-1,E08000011,3,0,1,0,2,11,7,3,0,0,0,1,0,0,1,0,0,8,23
2024052401811,2024,052401811,358513,395135,-2.62618,53.45133,2,2,6,17:00,-1,E08000013,6,0,1,0,1,19,"[7, 5]","[3, 1]",0,0,0,1,0,1,0,0,0,8,23
2024052401812,2024,052401812,332294,388653,-3.01953,53.39035,3,3,6,19:00,-1,E08000015,6,0,1,0,1,5,3,7,0,0,0,1,0,0,0,0,1,8,23
2024052401813,2024,052401813,338858,390314,-2.92117,53.40608,3,3,6,19:40,-1,E08000012,6,0,1,0,1,"[7, 19]",6,"[8, 2]",0,0,0,1,1,0,0,0,0,8,23
2024052401814,2024,052401814,336942,388463,-2.94961,53.38922,3,3,6,18:10,-1,E08000012,4,0,1,0,1,"[5, 19]","[3, 1]","[7, 5]",0,0,0,1,0,0,0,0,0,8,23
2024052401815,2024,052401815,332188,398542,-3.02326,53.47921,3,3,7,15:00,-1,E08000014,3,0,1,0,1,5,5,1,0,0,0,1,0,0,0,0,1,8,17
2024052401816,2024,052401816,336083,390871,-2.96302,53.41076,2,2,7,07:10,-1,E08000012,3,0,1,0,1,4,3,7,0,0,0,0,0,0,1,0,1,8,24
2024052401817,2024,052401817,335305,393667,-2.97529,53.43579,3,3,7,13:50,-1,E08000012,6,0,1,0,1,9,3,1,0,0,0,1,0,0,0,0,1,8,24
2024052401824,2024,052401824,338796,391326,-2.9223,53.41517,3,3,1,13:30,-1,E08000012,3,0,1,0,1,19,7,3,0,0,0,0,0,0,0,0,1,8,25
2024052401826,2024,052401826,335850,393332,-2.96702,53.43285,3,3,1,21:00,-1,E08000012,6,2,1,0,1,"[2, 19]","[0, 3]","[0, 7]",0,0,0,1,0,0,0,0,1,8,25
2024052401827,2024,052401827,334524,400974,-2.98857,53.50137,3,3,6,07:40,-1,E08000014,3,0,1,0,2,19,"[1, 5]","[5, 1]",0,0,0,1,0,0,0,0,0,7,26
2024052401828,2024,052401828,334370,395132,-2.98967,53.44884,2,2,1,20:30,-1,E08000014,3,2,1,0,1,"[5, 19]","[7, 1]","[3, 5]",0,0,0,1,1,0,0,0,0,8,25
2024052401829,2024,052401829,346695,390182,-2.80327,53.40575,3,3,2,15:40,-1,E08000011,6,0,1,0,1,"[9, 19]","[8, 6]","[6, 2]",0,0,0,1,0,1,0,0,0,8,26
2024052401836,2024,052401836,336731,389621,-2.95302,53.39961,3,3,7,14:00,-1,E08000012,6,0,1,0,1,19,7,5,0,0,0,0,1,0,0,0,0,6,15
2024052401839,2024,052401839,329888,407199,-3.05985,53.55671,2,2,7,11:30,-1,E08000014,6,0,1,0,1,7,5,7,0,0,0,1,0,0,0,0,1,8,10
2024052401841,2024,052401841,357400,396314,-2.6431,53.46184,3,3,2,19:15,-1,E08000013,4,0,1,0,2,19,1,5,0,1,2,1,0,0,0,0,0,8,26
2024052401843,2024,052401843,335466,388211,-2.97175,53.38678,3,3,3,19:40,-1,E08000012,6,2,2,1,1,19,"[3, 5]","[7, 1]",0,0,0,1,1,0,0,0,0,8,27
2024052401845,2024,052401845,345023,391449,-2.82864,53.41696,3,3,3,22:30,-1,E08000011,6,2,1,1,1,"[19, 2]","[4, 0]","[8, 0]","[4, 0]",0,0,1,0,0,0,0,0,8,27
2024052401849,2024,052401849,347958,391864,-2.78456,53.42099,3,3,3,13:00,-1,E08000011,6,0,1,0,1,"[5, 19]","[7, 5]","[3, 1]",0,0,0,1,1,0,0,0,0,8,27
2024052401851,2024,052401851,347603,391339,-2.78981,53.41624,3,3,4,15:00,-1,E08000011,6,0,1,0,1,19,"[1, 3]","[5, 7]",0,0,0,1,1,0,0,0,0,8,28
2024052401852,2024,052401852,334978,388085,-2.97906,53.38559,3,3,4,18:30,-1,E08000012,6,0,1,0,1,"[5, 19]","[2, 1]","[6, 5]",0,0,0,1,1,0,0,0,0,8,28
2024052401855,2024,052401855,337037,390113,-2.94852,53.40406,3,3,4,14:35,-1,E08000012,4,0,1,0,1,19,"[3, 5]","[7, 1]",0,0,0,1,0,0,0,0,0,8,28
2024052401856,2024,052401856,340531,398140,-2.89749,53.47661,3,3,1,16:45,-1,E08000011,4,0,1,0,2,"[19, 4]",1,5,0,0,0,1,0,0,0,0,0,8,25
2024052401857,2024,052401857,335035,416907,-2.98419,53.64462,3,3,4,09:00,-1,E08000014,6,0,1,1,1,"[19, 5]","[4, 2]","[8, 6]",0,0,0,1,0,0,0,0,0,8,28
2024052401859,2024,052401859,339979,398900,-2.90595,53.48338,2,2,4,15:58,-1,E08000011,6,0,1,0,1,"[19, 3]","[1, 3]","[5, 7]",0,0,0,1,0,1,0,0,0,8,28
2024052401860,2024,052401860,335910,415638,-2.9707,53.63332,3,3,4,14:30,-1,E08000014,6,0,1,0,1,"[19, 4]",7,4,0,0,0,1,0,0,1,0,0,8,28
2024052401862,2024,052401862,340868,390190,-2.89091,53.4052,2,"[3, 2]",5,11:34,-1,E08000012,6,0,1,0,1,"[19, 2]","[1, 0]","[6, 0]",0,"[1, 0]","[10, 0]",1,0,0,0,0,0,8,29
2024052401863,2024,052401863,337920,395255,-2.93625,53.45038,3,3,6,00:06,-1,E08000012,3,2,1,0,1,19,"[1, 7]","[5, 3]",0,0,0,1,0,0,0,0,0,8,30
2024052401864,2024,052401864,352918,395124,-2.71042,53.45076,2,2,5,16:00,-1,E08000013,6,0,1,0,1,"[7, 19]",7,"[1, 3]",0,0,0,1,1,0,0,0,0,8,29
2024052401865,2024,052401865,346208,389310,-2.81045,53.39786,3,3,5,03:03,-1,E08000011,1,2,1,0,2,"[19, 12]",3,7,0,0,0,1,0,0,0,1,0,5,16
2024052401866,2024,052401866,336403,394483,-2.95893,53.44326,3,3,5,13:15,-1,E08000012,3,0,1,0,1,19,"[6, 8]","[2, 4]",0,0,0,0,1,0,1,0,0,8,29
2024052401867,2024,052401867,333873,391246,-2.99634,53.41386,3,3,6,08:15,-1,E08000012,3,0,1,0,1,"[6, 19]",2,"[2, 6]",0,0,0,1,0,0,0,0,0,8,30
2024052401868,2024,052401868,331351,387190,-3.03339,53.37708,3,3,4,09:38,-1,E08000015,6,0,1,0,1,19,1,5,0,0,0,1,0,0,0,0,0,8,28
2024052401870,2024,052401870,337026,396348,-2.94993,53.4601,3,3,6,17:00,-1,E08000012,4,0,1,0,1,"[6, 19]",8,"[8, 4]",0,0,0,1,0,1,0,0,0,8,30
2024052401871,2024,052401871,334666,390052,-2.98416,53.40323,3,3,6,19:25,-1,E08000012,4,0,1,0,1,7,4,6,0,0,0,1,0,0,0,0,1,8,30
2024052401872,2024,052401872,349068,391294,-2.76776,53.41598,3,3,6,21:55,-1,E08000013,6,2,1,0,1,7,5,7,0,0,0,1,0,0,0,0,1,8,30
2024052401874,2024,052401874,341742,393082,-2.87831,53.43129,3,3,6,15:00,-1,E08000012,6,0,1,0,1,"[19, 9]","[4, 8]","[8, 6]",0,0,0,1,0,0,0,0,0,8,30
2024052401875,2024,052401875,347848,396625,-2.787,53.46377,3,3,7,12:25,-1,E08000013,6,0,1,0,2,19,"[3, 7]","[7, 3]",0,0,0,1,0,0,0,0,0,8,31
2024052401876,2024,052401876,336944,397358,-2.95137,53.46917,3,3,6,17:50,-1,E08000012,6,0,1,0,1,"[5, 19]",6,2,0,0,0,1,0,1,0,0,0,8,30
2024052401877,2024,052401877,340585,394249,-2.89594,53.44165,3,3,1,14:23,-1,E08000012,6,0,1,0,2,19,8,4,0,0,0,1,0,0,0,0,1,9,1
2024052401878,2024,052401878,334236,399792,-2.99267,53.49071,3,3,6,16:00,-1,E08000014,6,0,1,0,1,19,"[5, 2]","[1, 6]",0,0,0,0,1,0,0,0,0,8,30
2024052401879,2024,052401879,326997,388139,-3.09905,53.38503,3,3,7,21:30,-1,E08000015,6,2,1,0,1,"[7, 19]",1,"[3, 5]",0,0,0,1,1,0,0,0,0,8,31
2024052401880,2024,052401880,341537,398986,-2.88249,53.48433,3,3,2,11:38,-1,E08000011,6,0,2,1,1,9,1,7,0,0,0,1,0,0,0,0,1,9,2
2024052401881,2024,052401881,330610,391843,-3.04555,53.4188,3,3,2,21:15,-1,E08000015,6,2,1,0,1,"[4, 19]",4,8,0,0,0,1,1,0,0,0,0,9,2
2024052401882,2024,052401882,334572,390508,-2.98567,53.40731,3,3,6,17:00,-1,E08000012,6,0,1,0,1,19,8,4,0,0,0,0,0,0,0,0,1,8,30
2024052401883,2024,052401883,335427,390690,-2.97285,53.40905,2,2,2,18:40,-1,E08000012,3,0,1,0,1,"[2, 19]","[0, 7]","[0, 3]",0,0,0,1,0,0,0,0,0,9,2
2024052401885,2024,052401885,332018,391513,-3.0243,53.41602,2,"[3, 2]",3,21:25,-1,E08000015,3,2,1,0,1,"[19, 9]",8,4,0,"[7, 0]","[11, 0]",1,0,0,0,0,0,9,3
2024052401886,2024,052401886,334155,394099,-2.99269,53.43953,2,"[2, 3]",4,06:02,-1,E08000012,3,2,1,0,1,19,"[3, 1]","[7, 5]",0,0,0,1,0,0,0,0,0,9,4
2024052401887,2024,052401887,332425,399856,-3.01997,53.49105,3,3,3,11:00,-1,E08000014,6,0,1,0,1,"[19, 2]","[3, 0]","[7, 0]",0,0,0,1,1,0,0,0,0,9,3
2024052401889,2024,052401889,334946,389942,-2.97993,53.40227,3,3,1,03:15,-1,E08000012,6,2,2,1,1,4,4,8,0,0,0,1,0,0,0,0,0,9,1
2024052401892,2024,052401892,336329,388295,-2.9588,53.38764,3,3,4,16:24,-1,E08000012,6,0,1,0,1,19,6,2,0,0,0,1,0,0,0,0,1,9,4
2024052401893,2024,052401893,328762,382300,-3.0712,53.33279,2,2,4,18:30,-1,E08000015,6,0,1,0,2,19,7,3,0,0,0,0,0,1,0,0,0,9,4
2024052401894,2024,052401894,340658,384940,-2.89308,53.35799,3,3,4,16:45,-1,E08000012,6,0,1,0,1,1,3,7,0,0,0,1,0,0,0,0,1,9,4
2024052401895,2024,052401895,331271,411740,-3.03998,53.5977,3,3,4,21:47,-1,E08000014,6,2,2,1,1,"[9, 19]","[2, 7]","[7, 4]",0,"[0, 8]","[0, 10]",1,0,0,0,0,0,9,4
2024052401896,2024,052401896,349149,391362,-2.76656,53.4166,3,3,3,14:37,-1,E08000013,3,0,1,0,1,"[19, 4]",3,7,0,0,0,1,0,0,0,0,0,9,3
2024052401897,2024,052401897,353224,400589,-2.70663,53.49991,2,2,3,13:00,-1,E08000013,3,0,1,0,2,"[19, 3]",2,6,0,0,0,1,0,0,0,0,0,9,3
2024052401898,2024,052401898,334506,392778,-2.98713,53.42771,2,2,4,15:15,-1,E08000012,6,0,1,0,1,"[19, 15]","[7, 3]","[3, 7]",0,0,0,1,1,0,0,0,0,9,4
2024052401899,2024,052401899,338877,395167,-2.92183,53.4497,3,3,2,11:00,-1,E08000012,6,0,1,0,1,1,7,4,0,0,0,1,0,0,0,0,1,8,19
2024052401900,2024,052401900,331897,416015,-3.03146,53.6362,3,3,5,10:55,-1,E08000014,6,0,1,0,2,19,"[5, 1]","[1, 5]",0,0,0,1,0,0,0,0,0,9,5
2024052401901,2024,052401901,350329,393419,-2.74913,53.4352,3,3,2,19:44,-1,E08000013,6,2,1,0,1,2,0,0,0,0,0,1,0,0,0,0,1,9,2
2024052401902,2024,052401902,337693,394159,-2.93945,53.4405,3,3,4,10:40,-1,E08000012,6,0,2,1,1,"[9, 19]","[1, 7]","[7, 3]",0,0,0,1,0,0,0,0,0,9,4
2024052401903,2024,052401903,322443,386789,-3.16717,53.37225,2,2,4,15:39,-1,E08000015,3,0,1,0,1,19,5,1,0,0,0,1,0,0,0,0,1,9,4
2024052401904,2024,052401904,331232,412219,-3.04067,53.602,3,3,3,09:30,-1,E08000014,6,0,1,0,1,"[2, 19]","[0, 7]","[0, 3]","[8, 0]",0,0,1,1,0,0,0,0,9,3
2024052401907,2024,052401907,340595,393212,-2.89559,53.43233,3,3,5,19:19,-1,E08000012,6,0,1,0,1,19,"[2, 4]","[6, 8]",0,0,0,1,0,1,0,0,0,9,5
2024052401908,2024,052401908,329729,406569,-3.06211,53.55103,3,3,5,17:20,-1,E08000014,6,0,1,0,1,15,3,7,0,0,0,1,0,0,0,0,1,9,5
2024052401909,2024,052401909,345403,384690,-2.82176,53.35626,3,3,6,08:45,-1,E08000011,3,0,1,0,2,19,"[1, 7]","[5, 3]",0,0,0,1,1,0,0,0,0,9,6
2024052401911,2024,052401911,333898,417924,-3.0016,53.65362,3,3,3,17:00,-1,E08000014,6,0,1,0,1,1,4,6,0,0,0,1,0,0,0,0,1,7,9
2024052401914,2024,052401914,335296,415955,-2.98005,53.6361,2,"[2, 3]",2,17:00,-1,E08000014,6,0,1,0,1,"[5, 14]",6,"[2, 8]",0,0,0,1,0,0,0,0,0,9,2
2024052401915,2024,052401915,338185,389199,-2.93107,53.39599,3,3,5,12:00,-1,E08000012,6,0,1,0,1,1,8,4,0,0,0,1,0,0,0,0,1,9,5
2024052401917,2024,052401917,342121,392772,-2.87254,53.42854,2,2,3,19:30,-1,E08000012,6,0,1,0,1,"[5, 3]","[7, 4]","[3, 8]",0,0,0,1,1,0,0,0,0,9,3
2024052401918,2024,052401918,330571,413999,-3.05106,53.61791,3,3,6,12:35,-1,E08000014,6,0,1,0,2,19,5,1,0,0,0,1,0,0,0,0,0,9,6
2024052401919,2024,052401919,332900,387060,-3.01008,53.37612,3,3,6,16:30,-1,E08000015,4,0,1,0,1,"[19, 7]",5,1,0,0,0,1,0,1,0,0,0,9,6
2024052401920,2024,052401920,343335,385414,-2.85295,53.36255,3,3,6,12:50,-1,E08000011,6,0,1,0,1,"[19, 7]",5,"[1, 7]",0,"[0, 1]",0,1,0,0,0,0,0,9,6
2024052401921,2024,052401921,341449,399605,-2.88393,53.48988,3,3,6,18:56,-1,E08000011,6,0,1,0,1,"[3, 19]",1,5,0,0,0,1,0,0,0,0,0,9,6
2024052401924,2024,052401924,337479,385976,-2.94105,53.36694,3,3,7,00:30,-1,E08000012,6,2,1,0,2,19,1,4,0,0,0,1,0,0,0,0,0,9,7
2024052401925,2024,052401925,330763,393960,-3.04372,53.43785,3,3,6,22:40,-1,E08000015,3,2,1,0,1,19,"[1, 3]","[5, 7]",0,0,0,1,1,0,0,0,0,9,6
2024052401927,2024,052401927,330684,412445,-3.049,53.60396,3,3,7,01:05,-1,E08000014,6,2,1,0,1,"[19, 2]","[5, 0]","[1, 0]",0,"[1, 0]","[1, 0]",1,0,0,0,0,0,9,7
2024052401928,2024,052401928,331601,379496,-3.02797,53.30797,2,2,3,17:00,-1,E08000015,6,0,1,0,2,19,"[1, 7]","[5, 3]",0,0,0,1,0,0,0,0,0,9,3
2024052401931,2024,052401931,339405,391129,-2.9131,53.41347,2,2,7,11:51,-1,E08000012,3,0,1,0,1,19,7,3,0,0,0,1,0,0,1,0,1,9,7
2024052401932,2024,052401932,339236,390907,-2.9156,53.41146,3,3,7,16:45,-1,E08000012,3,0,1,0,1,"[19, 4]",2,6,0,0,0,1,0,0,0,0,0,9,7
2024052401933,2024,052401933,349206,397155,-2.76664,53.46867,3,3,7,19:45,-1,E08000013,3,0,1,0,1,"[19, 9]","[4, 5]","[8, 4]",0,0,0,1,0,0,0,0,0,9,7
2024052401934,2024,052401934,336362,390045,-2.95865,53.40337,3,3,7,16:30,-1,E08000012,6,0,1,0,1,19,2,6,0,0,0,1,1,0,0,0,0,9,7
2024052401936,2024,052401936,342477,390697,-2.86681,53.40993,3,3,1,05:30,-1,E08000011,6,2,2,1,1,19,"[1, 5]","[5, 1]","[0, 4]",0,0,1,0,1,0,0,0,9,8
2024052401938,2024,052401938,337525,389476,-2.94105,53.3984,3,3,7,10:35,-1,E08000012,6,0,1,0,1,"[5, 19]","[5, 7]","[1, 3]",0,"[0, 1]",0,1,1,0,0,0,0,9,7
2024052401939,2024,052401939,337063,390659,-2.94823,53.40897,3,3,1,13:35,-1,E08000012,4,0,2,1,1,"[9, 19]","[5, 1]","[3, 5]",0,0,0,1,0,0,0,0,0,9,8
2024052401940,2024,052401940,334884,399711,-2.98288,53.49006,2,2,1,18:55,-1,E08000014,6,0,2,1,1,9,3,7,0,0,0,1,0,0,0,0,1,9,8
2024052401941,2024,052401941,336664,397517,-2.95562,53.47056,3,3,7,20:00,-1,E08000012,3,2,1,0,1,"[3, 9]",5,"[1, 2]",0,0,0,1,0,0,0,0,0,9,7
2024052401943,2024,052401943,341770,389630,-2.87724,53.40027,3,3,1,20:58,-1,E08000012,4,2,2,1,1,"[19, 13]",7,3,0,"[7, 0]",0,1,0,0,0,0,0,9,8
2024052401945,2024,052401945,347521,385209,-2.79002,53.36114,3,3,2,00:03,-1,E08000011,3,2,2,1,2,19,5,1,0,0,0,0,0,1,0,0,0,9,9
2024052401946,2024,052401946,341829,391852,-2.87677,53.42024,3,3,6,23:57,-1,E08000012,3,2,1,0,1,"[7, 5, 10]","[7, 1]","[1, 5, 3]",0,0,0,1,0,0,0,0,0,7,26
2024052401947,2024,052401947,334329,416439,-2.99477,53.64033,3,3,1,17:00,-1,E08000014,3,0,2,1,1,19,"[7, 4]","[3, 8]",0,0,0,1,1,0,0,0,0,9,8
2024052401948,2024,052401948,332512,387957,-3.0161,53.38413,3,3,4,16:04,-1,E08000015,3,0,1,0,1,5,3,5,0,0,0,1,0,0,0,0,0,9,4
2024052401949,2024,052401949,326023,389882,-3.1141,53.40056,3,3,2,06:10,-1,E08000015,6,2,1,0,1,"[5, 19]","[2, 7]","[5, 3]",0,0,0,1,1,0,0,0,0,9,9
2024052401952,2024,052401952,339550,398922,-2.91242,53.48353,3,3,5,19:30,-1,E08000011,6,0,1,0,1,"[19, 15]",3,7,"[10, 0]",0,0,1,0,0,0,0,0,9,5
2024052401954,2024,052401954,338422,392226,-2.9281,53.42322,3,3,2,15:35,-1,E08000012,4,0,1,0,1,"[5, 19]","[2, 8]","[6, 4]",0,0,0,1,1,0,0,0,0,9,9
2024052401955,2024,052401955,333036,400296,-3.01086,53.49509,3,3,3,08:35,-1,E08000014,6,0,4,1,1,19,8,4,0,0,0,1,0,0,0,0,1,9,10
2024052401956,2024,052401956,339192,387948,-2.91569,53.38486,3,3,3,07:45,-1,E08000012,3,0,1,0,1,19,2,6,0,0,0,1,0,0,0,0,1,9,10
2024052401957,2024,052401957,344280,391064,-2.83975,53.41343,3,3,3,12:50,-1,E08000011,4,0,2,1,1,"[19, 9]","[6, 2]","[2, 1]",0,0,0,1,0,0,0,0,0,9,10
2024052401958,2024,052401958,337043,388221,-2.94805,53.38706,3,3,3,15:00,-1,E08000012,4,0,1,1,1,19,"[6, 4]","[2, 1]",0,0,0,1,0,1,0,0,0,9,10
2024052401959,2024,052401959,338311,385545,-2.92846,53.36316,2,2,3,16:25,-1,E08000012,6,0,1,0,1,19,"[8, 4]","[4, 8]",0,0,0,1,0,0,0,0,0,9,10
2024052401960,2024,052401960,331876,391757,-3.02649,53.4182,3,3,3,12:10,-1,E08000015,3,0,2,1,1,"[9, 19]","[8, 4]","[6, 8]",0,0,0,1,0,0,0,0,0,9,10
2024052401961,2024,052401961,334331,391206,-2.98944,53.41356,3,3,3,19:25,-1,E08000012,3,0,1,0,1,"[4, 19]",4,8,0,0,0,1,0,1,0,0,0,9,10
2024052401963,2024,052401963,325921,390284,-3.11572,53.40416,3,3,3,20:45,-1,E08000015,6,2,2,1,1,"[4, 9]","[3, 1]",7,0,0,0,1,0,1,0,0,0,9,10
2024052401964,2024,052401964,335968,390856,-2.96474,53.41061,3,3,3,20:30,-1,E08000012,3,2,1,1,1,"[6, 19]",3,"[3, 7]",0,0,0,1,1,0,0,0,0,9,10
2024052401965,2024,052401965,340865,398793,-2.89258,53.48252,2,2,2,11:50,-1,E08000011,3,0,2,1,2,"[12, 19]",2,6,0,0,0,1,1,0,0,0,0,9,9
2024052401966,2024,052401966,339365,397192,-2.91487,53.46796,3,3,3,16:20,-1,E08000011,6,0,1,0,1,19,1,5,0,0,0,1,0,0,0,0,1,9,10
2024052401967,2024,052401967,335206,389866,-2.976,53.40162,3,3,4,11:50,-1,E08000012,6,0,2,1,1,19,4,8,7,0,0,1,0,0,0,0,0,9,11
2024052401969,2024,052401969,330090,408100,-3.057,53.56484,3,3,3,12:20,-1,E08000014,4,0,1,0,1,"[19, 4]",7,3,0,0,0,1,0,0,0,0,0,9,10
2024052401970,2024,052401970,337438,420328,-2.94854,53.67566,3,3,4,13:25,-1,E08000014,3,0,2,1,1,19,5,1,0,0,0,1,0,0,0,0,1,9,11
2024052401971,2024,052401971,324219,388635,-3.14092,53.38909,2,2,4,12:35,-1,E08000015,6,0,1,0,2,19,"[1, 5]","[5, 1]",0,0,0,1,0,0,0,0,0,9,11
2024052401972,2024,052401972,339498,388314,-2.91116,53.38818,3,3,4,16:50,-1,E08000012,3,0,2,1,1,"[4, 19]",8,4,0,0,0,1,0,0,0,0,0,9,11
2024052401973,2024,052401973,334894,389851,-2.98069,53.40145,3,3,3,11:05,-1,E08000012,6,0,2,1,1,"[5, 19]","[8, 4]","[4, 8]",0,0,0,1,1,0,0,0,0,9,10
2024052401974,2024,052401974,354893,390893,-2.68007,53.41291,3,3,4,15:00,-1,E08000013,1,0,2,1,2,"[19, 12]",3,7,0,0,0,1,0,0,0,0,0,9,11
2024052401975,2024,052401975,336555,399501,-2.95766,53.48838,3,3,3,08:50,-1,E08000014,3,0,1,0,1,"[4, 19]",1,5,0,0,0,1,0,0,0,0,0,9,10
2024052401976,2024,052401976,329607,389976,-3.06022,53.40189,3,3,4,15:30,-1,E08000015,3,0,2,1,1,19,7,3,0,0,0,1,0,0,0,0,1,9,11
2024052401977,2024,052401977,342361,387764,-2.86802,53.38356,3,3,3,18:00,-1,E08000012,6,0,1,0,1,"[5, 19]","[2, 4]","[4, 8]",0,0,0,1,1,0,0,0,0,9,10
2024052401978,2024,052401978,334927,389096,-2.98004,53.39467,3,3,4,15:15,-1,E08000012,6,0,2,1,1,19,4,8,0,0,0,1,0,0,0,0,1,9,11
2024052401979,2024,052401979,339280,386730,-2.91413,53.37392,3,3,5,00:55,-1,E08000012,6,0,5,1,1,9,3,1,0,0,0,1,0,0,0,0,1,9,12
2024052401980,2024,052401980,333100,381304,-3.00586,53.32441,3,3,4,22:27,-1,E08000015,6,2,2,1,2,9,6,5,0,3,11,1,0,0,0,0,0,9,11
2024052401982,2024,052401982,331559,388365,-3.03052,53.38767,3,3,5,17:36,-1,E08000015,6,0,1,0,1,19,"[7, 3]","[3, 7]",0,0,0,1,0,1,0,0,0,9,12
2024052401983,2024,052401983,335604,392461,-2.97055,53.42499,3,3,3,09:05,-1,E08000012,3,0,1,0,1,19,1,5,0,0,0,1,0,0,0,0,1,9,10
2024052401984,2024,052401984,334468,399717,-2.98915,53.49006,3,3,5,17:30,-1,E08000014,6,0,1,0,2,19,"[3, 5]","[7, 1]",0,0,0,1,1,0,0,0,0,9,12
2024052401985,2024,052401985,336959,394732,-2.95061,53.44557,3,3,4,11:36,-1,E08000012,3,0,1,0,1,"[19, 7]","[2, 6]",6,0,0,0,1,0,0,0,0,0,7,31
2024052401986,2024,052401986,322512,387259,-3.16625,53.37648,3,3,4,08:40,-1,E08000015,4,0,1,1,1,4,2,6,0,0,0,1,0,0,0,0,1,9,11
2024052401987,2024,052401987,338394,397063,-2.92947,53.46669,3,3,6,08:30,-1,E08000012,6,0,1,1,1,19,7,3,0,0,0,1,0,0,0,0,1,9,13