collision_index,collision_year,collision_ref_no,location_easting_osgr,location_northing_osgr,longitude,latitude,casualty_severity,casualty_severity,day_of_week,time,local_authority_district,local_authority_ons_district,first_road_class,light_conditions,weather_conditions,road_surface_conditions,urban_or_rural_area,vehicle_manoeuvre,vehicle_direction_from,vehicle_direction_to,hit_object_in_carriageway,vehicle_leaving_carriageway,hit_object_off_carriageway,is_car,is_cyle,is_mcyle,is_goodsv,is_other,is_pedestrian,month,day
2024052401988,2024,052401988,336175,388378,-2.96113,53.38837,3,3,5,14:00,-1,E08000012,6,0,1,0,1,19,"[8, 6]","[4, 2]",0,0,0,1,0,0,0,0,0,9,12
2024052401989,2024,052401989,341820,391828,-2.8769,53.42003,3,3,6,16:15,-1,E08000012,3,0,1,0,1,"[19, 9]","[3, 7]","[7, 5]",0,0,0,1,0,0,0,0,0,9,13
2024052401990,2024,052401990,329315,392421,-3.06516,53.42383,3,3,6,09:00,-1,E08000015,6,0,1,0,1,5,4,1,0,0,0,1,0,0,0,0,1,9,13
2024052401991,2024,052401991,335318,395948,-2.97557,53.4563,3,3,6,14:30,-1,E08000014,3,0,1,0,1,5,"[7, 5]","[3, 1]",0,0,0,1,0,0,1,0,0,9,13
2024052401993,2024,052401993,325918,387597,-3.11514,53.38001,2,2,6,18:21,-1,E08000015,4,0,1,0,1,19,2,6,0,0,0,0,0,1,0,0,0,9,13
2024052401995,2024,052401995,340289,399483,-2.90139,53.48865,3,3,4,14:14,-1,E08000011,6,0,1,0,1,"[4, 19]",5,1,0,0,0,1,0,0,0,0,0,9,11
2024052401998,2024,052401998,336139,390017,-2.962,53.40309,2,2,7,10:00,-1,E08000012,3,0,1,0,1,19,"[3, 5]","[7, 1]",0,0,0,1,0,0,0,0,0,9,14
2024052402001,2024,052402001,334903,388332,-2.98024,53.3878,3,3,6,12:37,-1,E08000012,6,0,1,0,1,"[19, 5]","[1, 7]","[5, 1]",0,0,0,1,0,1,0,0,0,9,13
2024052402003,2024,052402003,331566,389062,-3.03056,53.39394,2,2,7,17:10,-1,E08000015,6,0,1,0,1,19,8,4,0,0,0,1,0,0,0,0,1,9,14
2024052402004,2024,052402004,338537,391964,-2.92632,53.42088,3,3,2,19:08,-1,E08000012,6,0,1,1,1,19,7,3,0,0,0,1,0,0,0,0,0,7,15
2024052402006,2024,052402006,335755,417504,-2.97343,53.65007,3,3,1,17:05,-1,E08000014,6,0,1,1,1,19,"[7, 1]","[3, 5]",0,0,0,1,0,0,0,0,0,9,15
2024052402007,2024,052402007,329401,389989,-3.06332,53.40198,2,2,2,10:00,-1,E08000015,3,0,2,0,1,"[19, 7]","[3, 7]","[7, 1]",0,0,0,1,1,0,0,0,0,9,16
2024052402010,2024,052402010,335921,415658,-2.97053,53.6335,3,3,2,10:00,-1,E08000014,3,0,1,0,1,19,6,1,0,0,0,1,0,0,0,0,0,9,16
2024052402011,2024,052402011,334592,397932,-2.98691,53.47404,3,3,1,13:20,-1,E08000014,3,0,1,0,1,"[4, 11]",6,2,0,0,0,1,0,0,0,0,0,9,15
2024052402013,2024,052402013,351198,395992,-2.73645,53.4584,2,2,2,16:15,-1,E08000013,3,0,1,0,1,19,"[5, 3]","[1, 7]",0,0,0,1,0,0,0,0,0,9,16
2024052402014,2024,052402014,335202,389863,-2.97606,53.40159,3,3,2,18:51,-1,E08000012,6,0,1,0,1,7,6,8,7,0,0,1,0,0,0,0,0,9,16
2024052402015,2024,052402015,338001,388827,-2.93376,53.39262,2,2,2,16:30,-1,E08000012,3,0,1,0,1,"[19, 9]","[2, 4]",6,0,0,0,1,1,0,0,0,0,9,16
2024052402016,2024,052402016,338080,385536,-2.93193,53.36305,3,3,2,14:00,-1,E08000012,6,0,1,0,2,19,2,6,0,0,0,1,0,0,0,0,1,9,16
2024052402017,2024,052402017,333183,383180,-3.00501,53.34128,3,3,3,08:59,-1,E08000015,4,0,1,0,1,"[19, 9]","[5, 1]","[1, 7]",0,0,0,1,0,1,0,0,0,9,17
2024052402018,2024,052402018,332582,388651,-3.0152,53.39037,3,3,7,22:21,-1,E08000015,6,2,1,0,1,4,5,1,0,0,0,0,0,1,0,0,0,9,14
2024052402021,2024,052402021,338515,389623,-2.92619,53.39983,3,3,1,20:15,-1,E08000012,4,2,1,1,1,"[6, 19]",4,"[4, 8]",0,0,0,1,0,1,0,0,0,9,15
2024052402022,2024,052402022,337023,392864,-2.94928,53.42879,3,3,3,15:47,-1,E08000012,6,0,1,0,1,19,1,5,0,0,0,1,0,0,0,0,1,9,17
2024052402024,2024,052402024,335184,390026,-2.97637,53.40306,3,3,3,13:30,-1,E08000012,3,0,1,0,1,99,8,4,99,9,99,0,0,0,1,0,1,9,17
2024052402026,2024,052402026,329841,387995,-3.05626,53.38412,3,3,3,15:20,-1,E08000015,4,0,1,0,1,"[3, 19]","[6, 8, 7]","[2, 4, 8]","[0, 7]",0,0,1,0,0,0,0,0,9,17
2024052402027,2024,052402027,337637,388291,-2.93913,53.38776,3,3,2,13:15,-1,E08000012,6,0,1,0,1,"[4, 19]",2,7,0,0,0,1,0,0,0,0,0,9,16
2024052402028,2024,052402028,330119,387732,-3.05203,53.38179,3,3,2,15:30,-1,E08000015,4,0,1,0,1,19,"[7, 5]","[3, 1]",0,0,0,1,0,0,0,0,0,9,16
2024052402029,2024,052402029,336793,391645,-2.95249,53.4178,3,3,4,07:15,-1,E08000012,3,0,1,0,1,"[5, 19]","[8, 2]","[6, 4]",0,0,0,1,0,0,0,0,0,9,18
2024052402030,2024,052402030,331873,386877,-3.02548,53.37434,3,3,4,08:43,-1,E08000015,6,0,1,0,1,5,5,1,0,0,0,1,0,0,0,0,1,9,18
2024052402032,2024,052402032,335115,389719,-2.97734,53.40029,2,2,4,14:20,-1,E08000012,6,0,1,0,1,"[7, 19]",4,"[6, 8]",0,0,0,1,1,0,0,0,0,9,18
2024052402034,2024,052402034,354176,396833,-2.69173,53.46623,2,2,3,21:50,-1,E08000013,6,2,1,0,1,"[2, 19]","[0, 5]","[0, 1]","[0, 4]",0,0,1,0,0,0,0,0,9,17
2024052402036,2024,052402036,347563,402812,-2.79233,53.51935,3,3,4,14:30,-1,E08000013,6,0,1,0,2,"[19, 4]",4,7,0,0,0,1,1,0,0,0,0,9,18
2024052402037,2024,052402037,334376,383995,-2.98726,53.34875,3,3,4,18:50,-1,E08000015,3,0,1,0,1,19,"[8, 7]","[5, 3]",0,0,0,1,1,0,0,0,0,9,18
2024052402038,2024,052402038,342950,382913,-2.85829,53.34003,3,3,3,13:55,-1,E08000012,6,0,1,0,1,"[19, 5]","[1, 3]","[5, 7]",0,0,0,1,1,0,0,0,0,9,17
2024052402039,2024,052402039,339921,390464,-2.90521,53.40755,3,3,4,08:28,-1,E08000012,3,0,1,0,1,"[19, 4]",3,7,0,0,0,1,0,0,0,0,0,9,18
2024052402040,2024,052402040,360153,395350,-2.60151,53.45339,3,3,3,11:56,-1,E08000013,1,0,1,0,2,"[19, 11]","[6, 4]","[2, 8]",0,0,0,1,0,0,1,0,0,9,17
2024052402041,2024,052402041,332921,400319,-3.0126,53.49528,3,3,4,08:15,-1,E08000014,6,0,1,0,1,"[5, 19]","[4, 6]","[8, 2]",0,0,0,1,1,0,0,0,0,9,18
2024052402042,2024,052402042,340950,392341,-2.89008,53.42454,3,3,6,08:30,-1,E08000012,6,0,1,0,1,19,2,6,0,0,0,1,1,0,0,0,0,9,13
2024052402043,2024,052402043,329255,389269,-3.06536,53.39549,2,"[3, 2]",1,02:10,-1,E08000015,4,2,1,1,1,"[19, 9]","[3, 1]","[7, 5]",0,"[8, 0]","[2, 0]",1,0,0,0,0,0,9,15
2024052402044,2024,052402044,332054,385521,-3.02246,53.36218,3,3,5,10:05,-1,E08000015,6,0,1,0,1,"[19, 9]","[7, 1]","[3, 7]",0,0,0,1,0,1,0,0,0,9,19
2024052402046,2024,052402046,347817,397121,-2.78755,53.46823,3,3,5,12:00,-1,E08000013,3,0,1,0,2,"[19, 5]","[7, 5]","[3, 1]",0,0,0,1,0,0,0,0,0,9,19
2024052402049,2024,052402049,346651,402454,-2.80602,53.51604,3,3,3,15:10,-1,E08000013,3,0,1,0,2,19,"[5, 3]","[1, 7]",0,0,0,1,1,0,0,0,0,9,17
2024052402050,2024,052402050,330141,380638,-3.05013,53.31804,3,3,5,15:00,-1,E08000015,6,0,1,0,2,19,6,2,0,0,0,1,0,0,0,0,1,9,19
2024052402052,2024,052402052,332131,386968,-3.02162,53.37519,2,2,4,07:56,-1,E08000015,6,0,1,0,1,"[7, 19]","[1, 3]","[3, 8]",0,0,0,1,1,0,0,0,0,9,18
2024052402053,2024,052402053,339217,390712,-2.91585,53.4097,2,2,6,09:00,-1,E08000012,3,0,1,0,1,"[5, 19]","[5, 3]","[1, 7]",0,0,0,1,1,0,0,0,0,9,20
2024052402054,2024,052402054,357141,397018,-2.64709,53.46814,2,2,6,10:00,-1,E08000013,4,0,1,0,1,"[19, 9]","[5, 7]","[1, 5]",0,0,0,1,0,1,0,0,0,9,20
2024052402055,2024,052402055,336821,392109,-2.95216,53.42198,3,3,6,12:15,-1,E08000012,6,0,1,0,1,"[19, 5]","[6, 8]","[2, 4]",0,0,0,1,0,0,0,0,0,9,20
2024052402056,2024,052402056,338868,390320,-2.92102,53.40614,3,3,6,12:00,-1,E08000012,6,0,1,0,1,"[19, 5]","[4, 7]","[1, 3]",0,0,0,1,0,0,1,0,0,9,20
2024052402057,2024,052402057,340752,394069,-2.89339,53.44005,3,3,6,08:00,-1,E08000012,6,0,1,0,1,19,4,"[8, 1]",0,0,0,1,1,0,0,0,0,9,20
2024052402058,2024,052402058,328756,392209,-3.07353,53.42185,3,3,5,18:00,-1,E08000015,6,0,1,0,1,"[5, 19]","[5, 3]","[1, 7]",0,0,0,1,1,0,0,0,0,9,19
2024052402059,2024,052402059,350180,390060,-2.75084,53.40499,3,3,6,11:04,-1,E08000013,3,0,1,0,1,"[4, 19]",4,8,0,0,0,1,0,0,0,0,0,9,20
2024052402060,2024,052402060,341344,388182,-2.88338,53.38721,2,2,6,15:55,-1,E08000012,6,0,1,0,1,19,8,4,0,0,0,1,0,0,0,0,1,9,20
2024052402061,2024,052402061,335593,416140,-2.97559,53.6378,3,3,6,21:00,-1,E08000014,6,2,1,0,1,"[7, 19]","[8, 6]",2,0,0,0,1,1,0,0,0,0,9,20
2024052402063,2024,052402063,343562,396870,-2.8516,53.46553,2,2,5,06:40,-1,E08000011,3,0,1,0,2,19,"[3, 1]","[7, 5]",0,0,0,1,0,1,0,0,0,9,19
2024052402064,2024,052402064,341150,387379,-2.88615,53.37997,1,"[3, 2, 1]",7,12:38,-1,E08000012,3,0,1,0,1,"[9, 19]","[4, 8]","[2, 4]",0,"[7, 1]","[1, 5]",1,0,0,0,0,0,9,21
2024052402065,2024,052402065,353568,394138,-2.70049,53.44196,2,2,6,15:15,-1,E08000013,6,0,1,0,1,19,5,1,0,0,0,1,0,0,0,0,1,9,20
2024052402066,2024,052402066,359266,395643,-2.6149,53.45596,3,3,7,13:30,-1,E08000013,6,0,1,0,1,19,8,4,0,0,0,1,0,0,0,0,1,9,21
2024052402068,2024,052402068,337094,397085,-2.94905,53.46673,3,3,6,16:40,-1,E08000012,3,0,1,0,1,"[4, 19]",2,6,0,0,0,1,0,0,0,0,0,9,20
2024052402070,2024,052402070,327785,381154,-3.0856,53.32236,3,3,7,21:10,-1,E08000015,3,2,2,1,1,9,6,2,0,0,0,1,0,0,0,0,1,9,21
2024052402071,2024,052402071,333611,390671,-3.00016,53.40866,2,2,7,18:35,-1,E08000012,6,0,1,1,1,19,5,1,0,0,0,0,0,0,0,0,0,9,21
2024052402073,2024,052402073,331133,391666,-3.03764,53.41728,2,2,6,21:35,-1,E08000015,3,2,1,0,1,19,3,7,0,0,0,1,0,0,0,0,1,9,20
2024052402077,2024,052402077,333641,396968,-3.00103,53.46525,2,2,6,15:00,-1,E08000014,6,0,1,0,1,19,3,7,0,0,0,1,0,0,0,0,1,9,20
2024052402079,2024,052402079,337091,390997,-2.94788,53.41201,3,3,1,07:14,-1,E08000012,3,2,2,1,1,"[9, 19]","[5, 7]",3,0,0,0,1,0,0,0,0,0,9,22
2024052402080,2024,052402080,323133,390088,-3.1576,53.40199,3,3,1,16:20,-1,E08000015,6,0,2,1,1,"[2, 19]","[0, 3]","[0, 7]",0,0,0,1,1,0,0,0,0,9,22
2024052402082,2024,052402082,335716,417158,-2.97394,53.64696,3,3,1,19:15,-1,E08000014,6,2,2,1,1,"[19, 9]",5,1,0,0,0,1,0,0,0,0,0,9,22
2024052402084,2024,052402084,333751,391958,-2.99832,53.42024,3,3,2,04:15,-1,E08000012,6,2,2,1,1,"[2, 19]","[0, 7]","[0, 3]",0,0,0,1,0,0,0,0,0,9,23
2024052402086,2024,052402086,347820,391674,-2.7866,53.41927,2,2,2,08:10,-1,E08000011,6,0,2,1,1,19,7,3,0,0,0,1,0,0,0,0,1,9,23
2024052402087,2024,052402087,331378,388638,-3.0333,53.3901,3,3,2,18:10,-1,E08000015,6,0,2,1,1,"[19, 7]","[7, 1]","[3, 5]",0,0,0,1,1,0,0,0,0,9,23
2024052402088,2024,052402088,351112,395758,-2.73771,53.45629,3,3,1,22:30,-1,E08000013,6,2,1,0,1,19,5,1,0,0,0,1,0,0,0,0,1,9,22
2024052402089,2024,052402089,350551,395857,-2.74617,53.45713,3,3,2,20:25,-1,E08000013,3,2,2,1,1,"[19, 9]","[3, 7]","[7, 5]",0,0,0,1,0,0,0,0,0,9,23
2024052402090,2024,052402090,334959,390328,-2.97981,53.40574,2,2,3,00:30,-1,E08000012,3,2,1,0,1,5,4,1,0,0,0,1,0,0,0,0,1,9,3
2024052402091,2024,052402091,338236,386020,-2.92968,53.36742,2,2,4,15:40,-1,E08000012,6,0,1,0,1,1,8,4,0,0,0,1,0,0,0,0,1,9,18
2024052402094,2024,052402094,337361,390066,-2.94363,53.40368,3,3,3,13:56,-1,E08000012,4,0,1,0,1,"[4, 3]",8,4,0,0,0,1,0,0,0,0,0,9,24
2024052402097,2024,052402097,326038,390523,-3.11402,53.40632,3,3,3,15:30,-1,E08000015,6,0,1,0,1,5,1,5,0,0,0,0,0,0,1,0,1,9,24
2024052402098,2024,052402098,345228,389507,-2.82522,53.39953,3,3,3,22:10,-1,E08000011,3,2,5,0,1,19,"[5, 1]","[1, 5]",0,0,0,1,0,0,0,0,0,9,24
2024052402103,2024,052402103,332119,391294,-3.02273,53.41407,3,3,4,16:00,-1,E08000015,3,0,1,0,1,19,7,3,0,0,0,1,0,0,0,0,0,9,18
2024052402106,2024,052402106,334981,399287,-2.98133,53.48626,3,3,5,19:05,-1,E08000014,6,0,1,0,1,19,"[1, 5]","[5, 1]",0,0,0,1,0,1,0,0,0,7,18
2024052402108,2024,052402108,334414,390287,-2.988,53.40531,2,"[3, 2]",7,16:00,-1,E08000012,6,0,1,0,1,19,7,3,7,0,0,1,0,0,0,0,0,8,3
2024052402109,2024,052402109,336618,417951,-2.96046,53.6542,3,3,3,17:50,-1,E08000014,6,0,1,0,1,19,3,7,0,1,0,1,0,0,0,0,1,7,30
2024052402111,2024,052402111,339433,395123,-2.91345,53.44937,3,3,6,07:58,-1,E08000012,6,0,1,1,1,9,2,8,0,0,0,1,0,0,0,0,1,9,27
2024052402113,2024,052402113,343114,398673,-2.85867,53.48169,3,3,6,12:00,-1,E08000011,6,0,1,0,1,"[19, 9]","[3, 7]","[7, 5]",0,0,0,1,0,0,0,0,0,9,27
2024052402114,2024,052402114,329181,392763,-3.06726,53.42688,3,3,5,15:00,-1,E08000015,4,0,2,1,1,"[9, 19]","[3, 1]","[1, 5]",0,0,0,1,0,1,0,0,0,9,26
2024052402118,2024,052402118,341559,391384,-2.88074,53.41601,2,2,5,06:34,-1,E08000012,6,2,1,1,1,19,8,4,0,0,0,1,0,0,0,0,1,9,26
2024052402119,2024,052402119,329061,406481,-3.07217,53.55015,2,2,6,14:20,-1,E08000014,6,0,1,0,1,19,"[2, 6]","[6, 2]",0,0,0,1,1,0,0,0,0,9,27
2024052402120,2024,052402120,337760,391140,-2.93785,53.41338,3,3,6,17:18,-1,E08000012,3,0,1,0,1,"[9, 19]","[5, 3]","[3, 7]",0,0,0,1,0,1,0,0,0,9,27
2024052402124,2024,052402124,335752,389238,-2.96766,53.39604,2,2,3,10:25,-1,E08000012,3,0,1,0,1,"[9, 19]","[4, 1]","[2, 4]",0,0,0,1,1,0,0,0,0,9,17
2024052402126,2024,052402126,331557,388379,-3.03055,53.3878,3,3,7,10:43,-1,E08000015,3,0,1,1,1,"[3, 5]",1,5,0,0,0,1,0,0,0,0,0,9,28
2024052402128,2024,052402128,329454,389284,-3.06237,53.39565,3,3,7,13:05,-1,E08000015,6,0,2,1,1,"[10, 7]","[3, 8]","[1, 2]",0,0,0,1,0,0,0,0,0,9,28
2024052402129,2024,052402129,334432,399621,-2.98968,53.4892,2,"[3, 2]",7,20:51,-1,E08000014,6,2,1,1,2,19,"[2, 4]","[6, 8]",0,"[7, 0]",0,1,0,0,0,0,0,9,28
2024052402130,2024,052402130,339672,388739,-2.90862,53.39202,3,3,1,01:35,-1,E08000012,6,2,1,0,1,"[9, 19]","[8, 6]","[6, 2]",0,0,0,1,0,0,0,0,0,9,29
2024052402132,2024,052402132,335931,393097,-2.96576,53.43075,3,3,3,19:50,-1,E08000012,3,2,1,0,1,"[9, 19]","[2, 8]","[8, 4]",0,0,0,1,0,1,0,0,0,9,24
2024052402133,2024,052402133,333235,400659,-3.00794,53.49837,3,3,7,11:20,-1,E08000014,6,0,1,0,2,"[19, 3]",7,3,0,0,0,1,0,0,0,0,0,9,28
2024052402134,2024,052402134,340622,398991,-2.89628,53.48427,3,3,3,15:25,-1,E08000011,6,0,2,1,1,19,8,4,0,0,0,1,0,0,0,0,1,7,9
2024052402135,2024,052402135,350107,389676,-2.75188,53.40154,2,2,1,22:35,-1,E08000013,1,2,2,1,2,19,3,7,0,1,11,1,0,0,0,0,0,9,29
2024052402136,2024,052402136,321308,388240,-3.18458,53.38512,2,2,7,11:49,-1,E08000015,6,0,1,0,1,19,1,5,0,0,0,1,1,0,0,0,0,9,28
2024052402137,2024,052402137,333226,415907,-3.01134,53.6354,3,3,1,23:35,-1,E08000014,6,2,2,1,1,"[2, 19]","[0, 5]","[0, 1]",0,0,0,1,0,0,0,0,0,9,29
2024052402139,2024,052402139,334959,392467,-2.98025,53.42497,3,3,5,10:05,-1,E08000012,6,0,2,1,1,"[9, 19]","[7, 3]","[5, 7]",0,0,0,1,0,0,0,0,0,9,26
2024052402141,2024,052402141,336167,389336,-2.96144,53.39698,3,3,2,20:25,-1,E08000012,3,2,2,1,1,"[9, 19]",8,"[6, 4]",0,0,0,1,0,0,0,0,0,9,30
2024052402142,2024,052402142,334552,417127,-2.99154,53.64654,2,"[3, 2]",2,19:22,-1,E08000014,6,2,2,1,1,"[19, 2]","[3, 0]","[7, 0]",0,0,0,1,0,1,0,0,1,9,30
2024052402146,2024,052402146,341117,396595,-2.88837,53.46279,3,3,3,19:59,-1,E08000011,6,2,1,0,2,19,3,7,0,"[0, 1]","[0, 4]",1,0,0,0,0,0,10,1
2024052402148,2024,052402148,344169,386785,-2.84066,53.37496,3,3,1,19:15,-1,E08000011,6,2,1,0,2,19,1,5,0,0,0,1,1,0,0,0,0,9,29
2024052402149,2024,052402149,327060,390330,-3.09861,53.40473,3,3,5,13:15,-1,E08000015,3,0,1,0,1,"[4, 19]",2,5,0,0,0,1,0,0,0,0,0,9,26
2024052402150,2024,052402150,333686,415354,-3.00426,53.63049,3,3,2,15:45,-1,E08000014,6,0,2,1,1,"[1, 19]","[7, 1]","[3, 5]",0,0,0,1,0,0,0,0,0,9,30
2024052402151,2024,052402151,335956,388397,-2.96442,53.38851,3,3,3,08:15,-1,E08000012,6,0,1,0,1,"[5, 19]","[4, 2]","[8, 6]",0,0,0,1,1,0,0,0,0,10,1
2024052402152,2024,052402152,335668,388887,-2.96885,53.39288,3,3,5,19:30,-1,E08000012,6,2,1,0,1,"[9, 19]","[4, 8]","[2, 4]",0,0,0,1,1,0,0,0,0,9,26
2024052402153,2024,052402153,337350,397378,-2.94526,53.46939,2,2,2,08:00,-1,E08000012,6,0,2,1,1,4,8,4,0,0,0,1,0,0,0,0,1,9,30
2024052402154,2024,052402154,337888,395328,-2.93675,53.45103,3,3,4,07:15,-1,E08000012,4,0,1,1,1,"[19, 4]",8,4,0,0,0,1,0,0,0,0,0,10,2
2024052402155,2024,052402155,338696,388550,-2.92326,53.39021,3,3,6,16:30,-1,E08000012,6,0,1,0,1,4,2,6,0,0,0,1,0,0,0,0,1,9,27
2024052402160,2024,052402160,335636,396677,-2.97093,53.46289,3,3,4,13:15,-1,E08000012,3,0,1,0,1,"[9, 19]","[7, 3]","[5, 7]",0,0,0,1,0,1,0,0,0,10,2
2024052402161,2024,052402161,336551,394562,-2.95672,53.44399,3,3,4,09:30,-1,E08000012,3,0,1,0,1,"[4, 19]",8,4,0,0,0,1,0,0,0,0,0,10,2
2024052402163,2024,052402163,341838,396320,-2.87746,53.4604,3,3,5,09:45,-1,E08000011,1,0,1,0,2,19,5,1,10,1,1,1,0,0,0,0,0,10,3
2024052402165,2024,052402165,333908,394628,-2.99652,53.44426,3,3,5,08:30,-1,E08000014,3,0,1,0,1,19,"[6, 8]","[2, 4]",0,0,0,1,0,0,1,0,0,10,3
2024052402167,2024,052402167,334095,418937,-2.99884,53.66275,3,3,5,17:45,-1,E08000014,6,0,1,0,2,"[19, 4]","[6, 2]","[2, 6]","[0, 10]","[0, 1]",0,1,0,0,0,1,0,10,3
2024052402168,2024,052402168,335406,399138,-2.9749,53.48498,3,3,5,19:00,-1,E08000014,6,2,1,0,1,"[19, 5]","[7, 1]","[3, 5]",0,0,0,1,1,0,0,0,0,10,3
2024052402172,2024,052402172,338176,401520,-2.93363,53.50672,3,3,5,08:39,-1,E08000014,6,0,1,0,1,19,8,4,0,0,0,1,0,0,0,0,1,10,3
2024052402173,2024,052402173,330864,388105,-3.04091,53.38524,3,3,6,08:40,-1,E08000015,6,0,1,0,1,"[19, 9]","[4, 7]","[8, 4]",0,"[7, 0]","[11, 0]",1,0,0,0,0,0,10,4
2024052402174,2024,052402174,343529,383697,-2.84973,53.34713,3,3,6,14:50,-1,E08000012,6,0,1,0,1,19,"[3, 7, 2]","[7, 3, 6]",0,0,0,1,0,0,0,0,0,10,4
2024052402176,2024,052402176,331034,392370,-3.03929,53.4236,3,3,5,16:30,-1,E08000015,6,0,1,0,1,"[2, 19]","[0, 1]","[0, 5]","[0, 4]",0,0,1,0,0,0,0,0,10,3
2024052402177,2024,052402177,337033,389440,-2.94844,53.39801,3,3,6,15:00,-1,E08000012,6,0,1,0,1,5,6,2,0,0,0,1,0,0,0,0,1,10,4
2024052402178,2024,052402178,335090,389208,-2.97761,53.39569,3,3,5,08:45,-1,E08000012,3,0,1,0,1,19,"[8, 6]","[4, 2]",0,0,0,1,1,0,0,0,0,10,3
2024052402179,2024,052402179,332497,412835,-3.02169,53.6077,3,3,6,16:45,-1,E08000014,6,0,1,0,1,"[2, 19]","[0, 2]","[0, 6]","[0, 4]",0,0,1,0,0,0,0,0,10,4
2024052402180,2024,052402180,353692,393049,-2.69846,53.43218,3,3,7,13:45,-1,E08000013,6,0,1,0,1,"[5, 19]","[1, 6]","[4, 2]",0,0,0,1,1,0,0,0,0,10,5
2024052402181,2024,052402181,334368,383966,-2.98738,53.34849,3,3,7,12:35,-1,E08000015,3,0,1,0,1,19,4,8,0,0,0,1,0,1,0,0,0,10,5
2024052402182,2024,052402182,333058,414340,-3.01354,53.6213,3,3,7,14:30,-1,E08000014,3,0,1,0,1,19,2,6,0,0,0,1,0,0,0,0,1,10,5
2024052402183,2024,052402183,358134,397336,-2.63218,53.47108,3,3,7,19:40,-1,E08000013,1,2,1,0,2,19,3,7,0,4,2,1,0,0,0,0,0,10,5
2024052402184,2024,052402184,335349,390606,-2.974,53.40829,3,3,7,18:00,-1,E08000012,4,0,1,0,1,5,4,8,0,0,0,1,0,0,0,0,0,10,5
2024052402185,2024,052402185,332599,387795,-3.01476,53.38268,3,3,1,12:40,-1,E08000015,3,0,1,1,1,19,"[1, 7]","[5, 3]",0,0,0,1,1,0,0,0,0,10,6
2024052402186,2024,052402186,340212,399063,-2.90247,53.48487,2,2,1,16:15,-1,E08000011,6,0,1,0,1,19,5,1,0,0,0,0,0,1,0,0,0,10,6
2024052402187,2024,052402187,335238,390889,-2.97573,53.41082,3,3,1,19:15,-1,E08000012,3,2,2,1,1,"[19, 9]","[2, 4]","[6, 2]",0,1,0,1,0,0,0,0,0,10,6
2024052402189,2024,052402189,351589,394135,-2.73028,53.44175,3,3,6,18:50,-1,E08000013,3,2,1,0,2,"[4, 19]",8,4,0,0,0,1,0,0,0,0,0,10,4
2024052402190,2024,052402190,339629,396137,-2.91069,53.45851,3,3,2,08:30,-1,E08000012,3,0,1,1,1,19,7,3,0,0,0,1,0,0,0,0,0,10,7
2024052402191,2024,052402191,345014,382951,-2.8273,53.34059,3,3,7,13:19,-1,E08000012,6,0,1,0,1,"[19, 3]","[3, 1, 5]","[7, 5, 1]",0,"[1, 0]",0,1,0,0,0,0,0,10,5
2024052402193,2024,052402193,353774,393062,-2.69723,53.4323,3,3,2,09:00,-1,E08000013,4,0,1,0,1,7,1,5,0,0,0,1,0,1,0,0,0,10,7
2024052402194,2024,052402194,335172,400290,-2.97866,53.4953,3,3,2,14:00,-1,E08000014,3,0,1,0,1,"[19, 7]",5,1,0,0,0,1,0,0,0,0,0,10,7
2024052402195,2024,052402195,336955,388210,-2.94937,53.38695,2,2,2,20:40,-1,E08000012,6,2,1,0,1,9,3,1,0,0,0,0,0,1,0,0,0,10,7
2024052402196,2024,052402196,350736,395382,-2.74331,53.45288,3,3,2,07:35,-1,E08000013,3,0,1,1,1,"[12, 19]",2,5,0,0,0,1,0,0,0,0,0,10,7
2024052402197,2024,052402197,334899,390227,-2.98069,53.40483,3,3,2,16:00,-1,E08000012,4,0,1,0,1,1,2,6,0,0,0,1,0,0,0,0,1,10,7
2024052402198,2024,052402198,343600,392285,-2.8502,53.42433,2,2,3,07:50,-1,E08000011,3,0,2,1,1,19,1,5,0,0,0,1,0,0,0,0,1,10,8
2024052402199,2024,052402199,334754,390832,-2.983,53.41025,3,3,6,11:00,-1,E08000012,3,0,1,0,1,7,6,1,0,0,0,1,0,0,0,0,1,10,4
2024052402200,2024,052402200,348095,395222,-2.78305,53.45119,3,3,2,15:15,-1,E08000013,6,0,1,0,1,"[4, 7]","[7, 5]","[3, 7]",0,0,0,1,0,0,0,0,0,10,7
2024052402201,2024,052402201,339330,390670,-2.91414,53.40934,3,3,3,00:00,-1,E08000012,3,0,1,0,1,19,"[5, 3]","[1, 7]",0,0,0,1,0,0,0,0,0,10,8
2024052402202,2024,052402202,336986,399956,-2.95126,53.49252,3,3,3,07:32,-1,E08000014,3,0,1,1,2,19,"[5, 3]","[1, 7]",0,"[0, 1]",0,1,0,0,0,0,0,10,8
2024052402203,2024,052402203,330790,391940,-3.04286,53.4197,3,3,3,15:30,-1,E08000015,3,0,1,0,1,19,8,4,0,0,0,1,0,0,0,0,1,10,8
2024052402204,2024,052402204,349964,395334,-2.75493,53.45238,3,3,3,19:30,-1,E08000013,6,2,2,1,1,"[3, 4]","[7, 1]","[3, 5]",0,0,0,1,0,0,0,0,0,10,8
2024052402206,2024,052402206,339381,388123,-2.91288,53.38645,2,"[3, 2]",4,12:20,-1,E08000012,3,0,2,1,1,"[5, 19]","[8, 2]","[4, 6]",10,1,0,1,0,0,0,0,0,10,9
2024052402207,2024,052402207,347949,392213,-2.78475,53.42413,2,2,5,15:45,-1,E08000011,4,0,1,0,1,"[9, 19]","[5, 1]","[1, 5]",0,0,0,1,0,1,0,0,0,10,10