collision_index,collision_year,collision_ref_no,location_easting_osgr,location_northing_osgr,longitude,latitude,casualty_severity,casualty_severity,day_of_week,time,local_authority_district,local_authority_ons_district,first_road_class,light_conditions,weather_conditions,road_surface_conditions,urban_or_rural_area,vehicle_manoeuvre,vehicle_direction_from,vehicle_direction_to,hit_object_in_carriageway,vehicle_leaving_carriageway,hit_object_off_carriageway,is_car,is_cyle,is_mcyle,is_goodsv,is_other,is_pedestrian,month,day
2024052402429,2024,052402429,341878,396928,-2.87697,53.46587,3,3,2,14:00,-1,E08000011,6,0,1,0,1,"[1, 19]","[8, 6]","[4, 2]",0,0,0,1,0,1,0,0,0,11,4
2024052402430,2024,052402430,335637,387857,-2.96911,53.38362,3,3,2,16:08,-1,E08000012,6,0,1,0,1,9,8,6,0,0,0,0,1,0,0,0,1,11,4
2024052402431,2024,052402431,339992,391851,-2.90441,53.42003,2,2,2,15:20,-1,E08000012,6,0,1,0,1,19,6,2,0,0,0,1,0,0,0,0,1,11,4
2024052402432,2024,052402432,340800,394997,-2.89284,53.44839,3,3,2,12:20,-1,E08000012,6,0,1,0,2,"[4, 19]",7,3,0,0,0,1,0,0,0,0,1,11,4
2024052402433,2024,052402433,335773,389779,-2.96746,53.40091,3,3,2,21:45,-1,E08000012,3,2,1,0,1,19,"[7, 3]","[5, 7]",0,0,0,0,0,0,1,0,0,11,4
2024052402436,2024,052402436,331932,391587,-3.02561,53.41668,2,2,2,18:30,-1,E08000015,3,2,1,0,1,19,7,3,0,1,11,1,0,0,0,0,0,11,4
2024052402437,2024,052402437,326347,389326,-3.10909,53.39561,3,3,3,10:50,-1,E08000015,3,0,1,0,1,"[9, 7]","[1, 7]","[7, 1]",0,0,0,1,0,0,0,0,0,11,5
2024052402438,2024,052402438,337814,391159,-2.93704,53.41356,3,3,3,14:00,-1,E08000012,3,0,1,0,1,"[7, 19]","[8, 6]",2,0,0,0,1,1,0,0,0,0,11,5
2024052402440,2024,052402440,334315,389922,-2.98941,53.40201,3,3,5,11:00,-1,E08000012,3,0,1,0,1,19,8,4,0,0,0,1,0,0,0,0,0,10,24
2024052402441,2024,052402441,335052,395900,-2.97956,53.45583,3,3,3,15:30,-1,E08000014,6,0,1,0,1,19,1,5,0,0,0,0,1,0,0,0,1,11,5
2024052402442,2024,052402442,331636,388533,-3.0294,53.38919,2,2,3,17:30,-1,E08000015,6,0,1,0,1,1,4,8,0,0,0,1,0,0,0,0,1,11,5
2024052402443,2024,052402443,338231,388550,-2.93025,53.39016,3,3,3,19:07,-1,E08000012,3,2,1,0,1,"[4, 19]",3,7,0,0,0,1,0,0,0,0,0,11,5
2024052402446,2024,052402446,341966,387941,-2.87399,53.38511,3,3,7,05:50,-1,E08000012,6,2,1,0,1,19,4,8,0,0,0,1,0,0,0,0,0,11,2
2024052402449,2024,052402449,341273,391734,-2.88511,53.41912,3,3,4,21:40,-1,E08000012,3,2,1,0,1,19,3,7,0,0,0,1,0,0,0,0,1,10,30
2024052402451,2024,052402451,336648,390250,-2.95439,53.40525,3,3,4,17:10,-1,E08000012,4,0,1,0,1,"[19, 9]","[7, 3]","[3, 1]",0,0,0,1,0,0,0,0,0,11,6
2024052402452,2024,052402452,341177,391739,-2.88656,53.41916,3,3,4,16:18,-1,E08000012,3,0,1,0,1,19,"[1, 7]","[7, 3]",0,0,0,1,0,0,0,0,0,11,6
2024052402453,2024,052402453,336089,387837,-2.96231,53.38349,3,3,3,16:30,-1,E08000012,3,0,1,0,1,"[9, 5]","[4, 6]","[8, 2]",0,0,0,1,0,0,0,0,0,11,5
2024052402454,2024,052402454,342543,390550,-2.86579,53.40862,3,3,6,18:30,-1,E08000011,6,0,1,0,2,"[4, 7]",3,5,0,0,0,1,0,0,0,0,0,11,1
2024052402455,2024,052402455,351194,396003,-2.73651,53.4585,2,2,4,16:50,-1,E08000013,3,2,1,0,1,19,3,7,0,0,0,1,0,0,0,0,1,11,6
2024052402456,2024,052402456,352571,397578,-2.71601,53.47279,2,2,5,06:20,-1,E08000013,3,2,1,0,2,"[11, 19]",7,3,0,0,0,1,0,1,0,0,0,11,7
2024052402457,2024,052402457,327669,386530,-3.08858,53.37066,3,3,5,06:40,-1,E08000015,6,2,1,0,1,"[9, 19]","[1, 7]","[7, 3]",0,0,0,1,1,0,0,0,0,11,7
2024052402458,2024,052402458,338184,397318,-2.93268,53.46895,3,3,4,17:38,-1,E08000012,3,2,1,0,1,19,3,7,0,0,0,1,0,0,0,0,0,10,30
2024052402459,2024,052402459,342978,383432,-2.85796,53.34469,2,2,4,22:30,-1,E08000012,6,2,1,0,1,19,1,5,0,0,0,1,1,0,0,0,0,11,6
2024052402460,2024,052402460,341916,383933,-2.874,53.34908,3,3,6,06:20,-1,E08000012,3,2,1,1,2,19,3,7,0,0,0,0,0,1,0,0,0,11,8
2024052402461,2024,052402461,357993,397514,-2.63433,53.47267,3,3,4,08:30,-1,E08000013,1,0,1,0,1,"[19, 4]",1,5,0,0,0,1,0,0,0,0,0,11,6
2024052402462,2024,052402462,336915,392163,-2.95076,53.42247,3,3,5,15:45,-1,E08000012,6,0,1,0,1,5,8,4,0,0,0,1,0,0,0,0,1,11,7
2024052402463,2024,052402463,342555,386845,-2.86493,53.37532,3,3,5,16:02,-1,E08000012,6,0,1,0,1,19,8,4,0,0,0,1,0,0,0,0,1,9,19
2024052402464,2024,052402464,345151,390666,-2.82658,53.40994,3,3,6,12:55,-1,E08000011,6,0,1,0,1,5,5,1,0,0,0,1,0,0,0,0,1,11,8
2024052402465,2024,052402465,333468,386064,-3.00134,53.36724,3,3,1,19:52,-1,E08000015,6,0,1,0,1,"[8, 9]","[1, 3]","[3, 1]",0,0,0,1,0,0,0,0,0,7,21
2024052402466,2024,052402466,340298,394640,-2.90033,53.44513,3,3,7,12:35,-1,E08000012,6,0,1,0,1,19,"[6, 2]","[2, 6]",0,0,0,1,0,0,0,0,0,11,9
2024052402467,2024,052402467,332480,387319,-3.01645,53.37839,3,3,7,16:24,-1,E08000015,6,0,1,0,1,19,5,1,0,0,0,1,1,0,0,0,0,11,9
2024052402468,2024,052402468,335721,393373,-2.96897,53.4332,3,3,7,16:05,-1,E08000012,3,0,1,0,1,"[19, 9]","[2, 6]","[6, 4]",0,0,0,1,0,0,0,0,0,11,9
2024052402470,2024,052402470,334816,390175,-2.98193,53.40435,3,3,7,18:55,-1,E08000012,4,2,1,0,1,19,2,6,0,0,0,0,0,0,1,0,1,11,9
2024052402471,2024,052402471,333693,392585,-2.99933,53.42587,3,3,4,07:55,-1,E08000012,6,0,1,0,1,1,2,6,0,0,0,1,0,0,0,0,1,11,6
2024052402472,2024,052402472,334628,390449,-2.98481,53.40679,2,2,7,22:20,-1,E08000012,6,2,1,0,1,19,8,2,0,0,0,0,0,0,1,0,1,11,9
2024052402475,2024,052402475,339234,389335,-2.91532,53.39733,2,2,7,18:39,-1,E08000012,6,2,1,0,1,19,1,5,0,0,0,1,0,0,0,0,1,11,9
2024052402477,2024,052402477,336054,393052,-2.9639,53.43036,2,2,7,21:15,-1,E08000012,6,2,1,0,1,19,3,7,0,0,0,1,0,0,0,0,1,11,9
2024052402478,2024,052402478,338187,401664,-2.9335,53.50801,3,3,7,19:00,-1,E08000014,6,2,1,0,1,"[13, 19]",7,3,0,0,0,1,1,0,0,0,0,11,9
2024052402479,2024,052402479,335016,389775,-2.97884,53.40078,3,3,6,09:25,-1,E08000012,6,0,1,0,1,"[5, 19]","[6, 4]","[2, 8]",0,0,0,1,1,0,0,0,0,11,8
2024052402480,2024,052402480,350509,395148,-2.74669,53.45075,2,2,6,20:05,-1,E08000013,6,2,1,0,1,7,2,3,0,0,0,1,0,0,0,0,1,11,8
2024052402481,2024,052402481,331794,385446,-3.02635,53.36147,2,2,5,17:45,-1,E08000015,6,2,1,0,1,"[5, 19]","[5, 3]","[1, 7]",0,0,0,1,1,0,0,0,0,11,7
2024052402482,2024,052402482,335041,398191,-2.9802,53.47642,3,3,1,16:58,-1,E08000014,3,2,2,1,1,"[9, 19, 2]","[3, 0]","[1, 7, 0]",0,0,0,1,0,0,0,0,0,11,10
2024052402483,2024,052402483,335162,397858,-2.97831,53.47344,3,3,6,12:05,-1,E08000014,3,0,1,0,1,"[19, 4]",5,1,0,0,0,1,0,0,0,0,0,9,20
2024052402484,2024,052402484,347295,391444,-2.79446,53.41715,2,"[2, 3]",7,14:15,-1,E08000011,6,0,1,0,1,"[19, 1]","[3, 5]","[7, 1]",0,0,0,1,0,0,0,0,0,11,9
2024052402485,2024,052402485,334775,382598,-2.98098,53.33625,3,3,1,17:00,-1,E08000015,6,2,1,0,1,9,1,6,0,0,0,1,0,0,0,0,1,11,10
2024052402487,2024,052402487,340108,395373,-2.90333,53.4517,3,3,2,09:00,-1,E08000012,6,0,1,0,1,1,1,5,0,0,0,1,0,0,0,0,1,11,11
2024052402489,2024,052402489,333645,383826,-2.99821,53.34714,3,3,2,10:49,-1,E08000015,6,0,1,0,1,19,"[5, 7]","[1, 3]",0,0,0,1,0,0,0,0,0,11,11
2024052402491,2024,052402491,335748,388151,-2.9675,53.38627,2,2,2,08:57,-1,E08000012,3,0,1,0,1,"[9, 19]","[8, 4]","[6, 8]",0,0,0,1,1,0,0,0,0,11,11
2024052402492,2024,052402492,337284,389306,-2.94464,53.39684,2,2,2,08:10,-1,E08000012,3,0,1,0,1,"[19, 5]","[4, 6]","[8, 4]",0,0,0,1,1,0,0,0,0,11,11
2024052402493,2024,052402493,333567,397232,-3.00221,53.46762,2,2,2,17:20,-1,E08000014,3,2,1,0,1,19,7,3,0,0,0,1,0,0,0,0,1,11,11
2024052402494,2024,052402494,339254,394949,-2.91611,53.44779,3,3,3,07:50,-1,E08000012,6,0,1,0,1,19,2,6,0,0,0,0,1,0,0,0,1,11,12
2024052402495,2024,052402495,336389,399721,-2.96021,53.49034,3,3,2,11:33,-1,E08000014,6,0,1,0,1,"[1, 19]",2,"[6, 5]",0,0,0,1,1,0,0,0,0,11,11
2024052402496,2024,052402496,336650,391782,-2.95467,53.41902,3,3,6,17:50,-1,E08000012,6,0,1,0,1,"[5, 19]",4,8,0,0,0,1,0,1,0,0,0,8,2
2024052402499,2024,052402499,341843,396773,-2.87747,53.46447,3,3,2,15:45,-1,E08000011,3,2,1,0,1,19,"[1, 5]","[5, 8, 2]",0,0,0,1,0,0,0,0,0,11,11
2024052402501,2024,052402501,335515,393782,-2.97216,53.43685,3,3,3,22:10,-1,E08000012,3,2,1,0,1,19,2,6,0,0,0,0,1,0,0,0,1,11,5
2024052402502,2024,052402502,333194,386460,-3.00554,53.37076,2,2,3,17:53,-1,E08000015,4,2,1,0,1,"[19, 9]",5,"[1, 3]",0,0,0,1,0,1,0,0,0,11,12
2024052402503,2024,052402503,337307,389038,-2.94424,53.39443,2,2,3,13:45,-1,E08000012,6,0,1,0,1,19,1,5,0,0,0,0,1,0,0,0,0,11,12
2024052402504,2024,052402504,343994,389672,-2.84381,53.40089,3,3,7,13:11,-1,E08000011,1,0,2,1,1,19,3,7,7,0,0,1,0,0,0,0,0,8,10
2024052402507,2024,052402507,352316,395408,-2.71952,53.45326,3,3,3,23:00,-1,E08000013,6,2,1,0,1,"[3, 19]",1,4,0,0,0,1,0,0,0,0,0,11,12
2024052402509,2024,052402509,349712,394733,-2.75863,53.44695,3,3,4,17:10,-1,E08000013,3,2,2,1,1,"[3, 4]",2,6,0,0,0,1,0,0,0,0,0,11,13
2024052402510,2024,052402510,338297,395803,-2.93068,53.45535,3,3,4,17:08,-1,E08000012,6,2,2,1,1,19,6,2,0,0,0,1,0,0,0,0,1,11,13
2024052402511,2024,052402511,333759,414876,-3.00306,53.62621,3,3,3,08:20,-1,E08000014,5,0,1,0,1,19,8,4,0,0,0,1,0,0,0,0,1,11,12
2024052402512,2024,052402512,332439,388978,-3.01742,53.39329,3,3,5,11:00,-1,E08000015,6,0,1,0,1,19,4,8,0,0,0,1,0,0,0,0,1,11,14
2024052402514,2024,052402514,339063,394833,-2.91896,53.44672,3,3,4,15:15,-1,E08000012,6,0,1,-1,1,"[1, 3]","[2, 6]","[6, 2]",0,0,0,1,0,1,0,0,0,11,6
2024052402515,2024,052402515,336390,390480,-2.95832,53.40728,3,3,5,18:00,-1,E08000012,3,2,1,0,1,"[9, 19]","[3, 7]","[1, 3]",0,0,0,1,0,0,0,0,0,11,14
2024052402516,2024,052402516,336758,390473,-2.95278,53.40727,3,3,5,15:20,-1,E08000012,3,0,1,0,1,"[5, 19]","[1, 3]","[5, 7]",0,0,0,1,1,0,0,0,0,11,14
2024052402521,2024,052402521,336428,394659,-2.95859,53.44485,3,3,4,15:00,-1,E08000012,3,0,2,1,1,19,5,1,0,0,0,1,0,0,0,0,1,11,13
2024052402522,2024,052402522,342322,389302,-2.86888,53.39738,3,3,5,17:20,-1,E08000012,4,2,1,1,1,19,4,8,0,0,0,0,1,0,0,0,1,11,14
2024052402523,2024,052402523,335858,417206,-2.97181,53.64741,3,3,5,11:32,-1,E08000014,6,0,1,0,1,19,"[1, 3]","[5, 7]",0,0,0,1,0,0,0,0,0,11,14
2024052402524,2024,052402524,334844,392446,-2.98198,53.42476,2,2,6,07:04,-1,E08000012,3,2,1,1,1,19,6,2,0,0,0,1,0,0,0,0,1,11,15
2024052402526,2024,052402526,339155,394621,-2.91753,53.44483,3,3,6,13:15,-1,E08000012,6,0,1,1,1,"[2, 5]","[0, 4]","[0, 8]",0,0,0,1,0,0,0,0,1,11,15
2024052402527,2024,052402527,322695,389909,-3.16414,53.40032,2,"[3, 2]",5,16:55,-1,E08000015,6,2,1,0,1,19,"[3, 7]","[7, 3]",0,0,0,1,0,0,0,0,0,11,14
2024052402528,2024,052402528,331492,411612,-3.03661,53.59658,3,3,6,12:25,-1,E08000014,3,0,1,0,1,19,2,6,0,0,0,1,0,0,0,0,1,11,15
2024052402529,2024,052402529,337088,391003,-2.94793,53.41207,3,3,6,21:50,-1,E08000012,3,2,1,0,1,"[9, 19]","[7, 3]","[5, 7]",0,0,0,1,0,1,0,0,0,11,15
2024052402530,2024,052402530,348830,398947,-2.77259,53.48474,3,3,6,23:23,-1,E08000013,6,2,2,1,2,9,8,6,0,0,0,0,0,1,0,0,0,11,15
2024052402531,2024,052402531,353237,400595,-2.70643,53.49996,3,3,6,14:40,-1,E08000013,3,0,1,0,2,19,"[1, 5]","[5, 1]",0,0,0,1,0,0,1,0,0,11,15
2024052402533,2024,052402533,346086,384448,-2.81145,53.35415,3,3,7,14:50,-1,E08000011,3,0,1,0,2,19,"[7, 3]","[3, 7]",0,0,0,1,0,0,0,0,0,11,16
2024052402535,2024,052402535,331067,389304,-3.03812,53.39605,2,2,7,18:30,-1,E08000015,3,2,1,0,1,19,"[3, 1]","[7, 5]",0,0,0,1,1,0,0,0,0,11,16
2024052402536,2024,052402536,331126,403228,-3.04029,53.52119,3,3,1,02:00,-1,E08000014,4,2,1,1,2,19,1,5,10,1,0,1,0,0,0,0,0,11,17
2024052402537,2024,052402537,336835,400006,-2.95354,53.49295,3,3,3,00:45,-1,E08000014,3,2,1,0,2,19,"[7, 5]","[3, 1]",0,"[1, 0]",0,1,0,0,0,0,0,11,12
2024052402538,2024,052402538,355038,397512,-2.67884,53.47241,3,3,1,12:05,-1,E08000013,3,0,2,1,2,19,7,3,0,0,0,1,0,0,0,0,0,11,17
2024052402540,2024,052402540,342213,391562,-2.87094,53.41768,3,3,7,16:50,-1,E08000012,6,2,1,1,1,19,4,8,0,0,0,1,0,0,0,0,1,11,16
2024052402541,2024,052402541,333788,391201,-2.99761,53.41344,3,3,1,11:35,-1,E08000012,3,0,2,1,1,19,3,5,0,0,0,1,0,0,0,0,1,11,17
2024052402543,2024,052402543,350529,396607,-2.74662,53.46387,2,2,1,16:20,-1,E08000013,6,0,1,1,1,19,3,7,0,0,0,1,0,0,0,0,1,11,17
2024052402544,2024,052402544,334782,395384,-2.98352,53.45116,3,3,2,08:20,-1,E08000014,3,0,1,0,1,"[10, 19]","[5, 1]","[3, 5]",0,0,0,1,1,0,0,0,0,11,18
2024052402545,2024,052402545,335455,394974,-2.97331,53.44756,3,3,2,07:00,-1,E08000012,3,0,1,1,1,4,5,1,0,0,0,1,0,0,0,0,0,11,18
2024052402548,2024,052402548,339892,394322,-2.90638,53.44222,3,3,7,08:30,-1,E08000012,6,0,1,0,1,"[19, 13]",6,2,0,0,0,1,0,0,0,0,0,11,16
2024052402549,2024,052402549,333190,399524,-3.00837,53.48817,2,2,2,16:30,-1,E08000014,6,2,2,1,1,"[9, 19]","[3, 7]","[7, 3]",0,0,0,1,0,1,0,0,0,11,18
2024052402550,2024,052402550,345716,392756,-2.81844,53.42878,3,3,2,16:45,-1,E08000011,3,2,2,1,2,19,3,7,0,0,0,1,0,0,0,0,0,11,18
2024052402551,2024,052402551,338438,391278,-2.92767,53.4147,3,3,2,17:30,-1,E08000012,3,2,2,1,1,19,7,3,0,0,0,1,0,0,0,0,1,11,18
2024052402553,2024,052402553,338224,394341,-2.93149,53.4422,3,3,2,21:10,-1,E08000012,6,2,1,0,1,19,2,6,0,0,0,1,0,0,0,0,1,11,11
2024052402554,2024,052402554,342075,391878,-2.87307,53.4205,3,3,2,19:00,-1,E08000012,3,2,2,1,1,7,7,1,0,0,0,1,0,0,0,0,1,11,18
2024052402555,2024,052402555,353042,393983,-2.70838,53.44052,3,3,2,14:40,-1,E08000013,6,0,1,0,1,"[19, 5]",8,4,0,0,0,1,0,0,0,0,0,11,11
2024052402556,2024,052402556,356326,395115,-2.6591,53.45097,1,1,2,09:40,-1,E08000013,3,0,1,1,2,"[19, 2]","[5, 0]","[1, 0]","[4, 0]","[7, 1]","[2, 0]",1,0,0,0,0,0,10,28
2024052402557,2024,052402557,336544,388581,-2.95562,53.39024,3,3,3,08:00,-1,E08000012,4,2,1,2,1,"[5, 19]","[5, 3]","[8, 1]",0,0,0,1,1,0,0,0,0,11,19
2024052402559,2024,052402559,336359,392929,-2.95928,53.42929,3,3,3,17:27,-1,E08000012,6,2,1,1,1,"[19, 4]","[4, 8]","[8, 4]",0,"[8, 0, 1]","[10, 0]",1,0,0,1,0,0,10,29
2024052402563,2024,052402563,332457,387575,-3.01685,53.38069,2,2,3,08:45,-1,E08000015,4,0,1,1,1,19,3,7,0,0,0,1,0,0,0,0,1,11,19
2024052402564,2024,052402564,330768,392593,-3.04334,53.42557,2,2,3,15:40,-1,E08000015,4,0,1,0,1,19,1,5,0,0,0,1,0,0,0,0,1,11,19
2024052402566,2024,052402566,340940,393474,-2.89045,53.43472,3,3,2,18:00,-1,E08000012,6,2,2,1,1,"[9, 19]","[4, 6]",2,0,0,0,1,0,0,0,0,0,11,18
2024052402567,2024,052402567,337977,389297,-2.93422,53.39684,3,3,3,17:00,-1,E08000012,6,2,1,0,1,19,3,7,0,0,0,1,0,0,0,0,1,11,19
2024052402568,2024,052402568,330117,388139,-3.05215,53.38545,3,3,3,19:30,-1,E08000015,6,2,1,0,1,19,"[3, 5]","[7, 1]",0,0,0,1,1,0,0,0,0,11,19
2024052402569,2024,052402569,336647,390256,-2.95441,53.4053,3,3,3,20:25,-1,E08000012,4,2,1,0,1,19,"[7, 1]","[3, 5]",0,0,0,1,0,0,0,0,0,11,19
2024052402570,2024,052402570,337869,395358,-2.93704,53.4513,3,3,3,16:30,-1,E08000012,4,2,1,0,1,19,4,8,0,0,0,1,0,0,0,0,1,11,19
2024052402571,2024,052402571,331223,392121,-3.03639,53.42138,3,3,3,19:50,-1,E08000015,6,2,2,1,1,19,1,5,0,0,0,0,0,1,0,0,1,11,19
2024052402572,2024,052402572,336743,419562,-2.9589,53.66869,3,3,3,12:00,-1,E08000014,3,0,1,1,1,"[12, 19]",6,2,0,0,0,1,0,0,0,0,0,11,19
2024052402573,2024,052402573,336122,387319,-2.96171,53.37884,3,3,4,08:45,-1,E08000012,6,0,1,1,1,19,6,2,0,0,0,1,0,0,0,0,1,11,20
2024052402575,2024,052402575,348903,391444,-2.77027,53.41731,3,3,3,15:25,-1,E08000013,6,0,1,1,1,7,4,8,0,0,0,1,0,0,0,0,1,11,19
2024052402576,2024,052402576,342502,386718,-2.86571,53.37418,3,3,4,13:40,-1,E08000012,6,0,1,0,1,7,8,2,0,0,0,1,0,0,0,0,1,11,20
2024052402577,2024,052402577,332316,393379,-3.02022,53.43283,3,3,3,19:20,-1,E08000015,4,2,1,0,2,"[7, 19]","[5, 1]","[7, 5]",0,0,0,1,1,0,0,0,0,11,19
2024052402578,2024,052402578,331929,398011,-3.02704,53.47441,3,3,5,19:22,-1,E08000014,6,0,1,0,1,19,7,3,0,0,0,1,0,0,0,0,0,11,14
2024052402579,2024,052402579,349762,393483,-2.75767,53.43572,3,3,4,17:00,-1,E08000013,6,2,1,1,1,"[5, 19]","[5, 3]","[1, 7]",0,0,0,1,0,0,0,0,0,11,20
2024052402580,2024,052402580,335199,390195,-2.97617,53.40458,3,3,4,15:57,-1,E08000012,6,0,1,1,1,9,4,1,0,0,0,1,0,0,0,0,1,11,20
2024052402582,2024,052402582,336120,416833,-2.96777,53.64409,3,3,3,08:55,-1,E08000014,6,0,1,0,1,"[19, 2]","[8, 0, 2]","[4, 0, 6]",0,0,0,1,0,0,0,0,0,11,19
2024052402583,2024,052402583,332499,384080,-3.01547,53.34928,3,3,4,19:05,-1,E08000015,6,2,1,1,1,"[19, 5]",3,7,0,0,0,1,0,0,0,0,0,11,20
2024052402584,2024,052402584,331600,388659,-3.02997,53.39032,2,2,4,19:45,-1,E08000015,6,2,1,0,1,19,"[1, 3]","[5, 7]",0,0,0,1,1,0,0,0,0,11,20
2024052402586,2024,052402586,337495,401454,-2.94389,53.50604,2,2,4,10:00,-1,E08000014,6,0,1,2,1,"[19, 4, 2]","[7, 0]","[3, 0]",0,0,0,1,0,0,0,0,1,11,20
2024052402587,2024,052402587,336315,391343,-2.95962,53.41503,3,3,4,08:00,-1,E08000012,3,0,1,1,1,"[19, 5]","[2, 8]","[6, 4]",0,0,0,1,1,0,0,0,0,11,20
2024052402590,2024,052402590,347254,397079,-2.79603,53.46779,2,2,6,01:45,-1,E08000013,3,2,5,1,2,"[7, 19]","[5, 7]","[1, 3]",0,"[6, 0]","[4, 0]",1,0,0,0,0,0,11,22
2024052402591,2024,052402591,338841,392919,-2.92193,53.42949,3,3,5,16:00,-1,E08000012,3,0,1,1,1,19,4,8,0,0,0,1,0,0,0,0,1,11,21
2024052402593,2024,052402593,338554,389625,-2.92561,53.39986,1,1,6,19:16,-1,E08000012,4,2,1,1,1,9,4,2,0,0,0,1,0,0,0,0,1,11,22
2024052402594,2024,052402594,335318,395957,-2.97557,53.45638,3,3,2,15:50,-1,E08000014,3,2,2,1,1,19,"[7, 5]","[3, 1]",0,0,0,1,0,0,0,0,0,11,4
2024052402596,2024,052402596,334992,390274,-2.9793,53.40526,3,3,7,23:40,-1,E08000012,3,2,2,1,1,19,6,1,0,0,0,1,0,0,0,0,1,11,23
2024052402599,2024,052402599,335860,417208,-2.97178,53.64743,3,3,1,07:38,-1,E08000014,6,0,2,1,1,19,"[1, 7]","[5, 3]",0,"[0, 7]","[0, 10]",1,0,0,0,0,0,11,24
2024052402603,2024,052402603,333814,385160,-2.99595,53.35915,3,3,7,18:06,-1,E08000015,4,2,1,0,1,"[7, 19]",8,"[2, 4]",0,0,0,1,0,0,0,0,0,11,16
2024052402604,2024,052402604,335017,390624,-2.979,53.40841,2,"[3, 2]",7,10:45,-1,E08000012,3,0,5,1,1,"[3, 19]","[6, 5]","[2, 1]",0,0,0,1,0,0,1,0,0,11,23
2024052402606,2024,052402606,338844,387049,-2.92075,53.37674,3,3,6,15:54,-1,E08000012,6,0,1,0,1,"[19, 4]",8,4,0,0,0,1,0,0,0,0,0,11,22
2024052402607,2024,052402607,333277,386289,-3.00425,53.36923,3,3,1,15:15,-1,E08000015,6,0,1,0,1,"[19, 9]","[5, 1]","[1, 7]",0,0,0,1,1,0,0,0,0,11,24
2024052402608,2024,052402608,322809,387482,-3.16184,53.37853,3,3,2,08:25,-1,E08000015,6,0,1,0,2,19,3,7,0,0,0,1,0,0,0,0,1,11,25
2024052402609,2024,052402609,330766,388669,-3.04251,53.3903,3,3,2,08:30,-1,E08000015,6,0,1,0,1,"[5, 19]","[8, 5]","[6, 1]",0,0,0,1,1,0,0,0,0,11,25
2024052402611,2024,052402611,342901,388612,-2.86005,53.39124,3,3,2,08:30,-1,E08000012,6,0,1,1,1,"[19, 2]","[6, 0]","[2, 0]",0,0,0,1,1,0,0,0,0,11,25
2024052402612,2024,052402612,333937,398361,-2.99687,53.47781,2,2,2,21:25,-1,E08000014,6,2,1,0,1,"[2, 9, 19]","[0, 2]","[0, 8, 6]",0,0,0,1,0,0,0,0,0,11,25
2024052402613,2024,052402613,327978,383707,-3.08329,53.34533,3,3,2,10:00,-1,E08000015,3,0,1,1,2,"[5, 19]","[6, 1]","[3, 5]",0,0,0,1,0,1,0,0,0,11,25
2024052402614,2024,052402614,345213,392855,-2.82603,53.42962,3,3,3,07:54,-1,E08000011,1,0,1,1,2,"[4, 19, 12]",4,8,0,0,0,1,0,0,1,0,0,11,26
2024052402615,2024,052402615,328030,390002,-3.08394,53.40191,2,2,6,12:00,-1,E08000015,6,0,1,0,2,19,1,5,0,0,0,0,1,0,0,0,1,11,22
2024052402617,2024,052402617,336556,392452,-2.95622,53.42503,3,3,3,12:58,-1,E08000012,6,0,1,0,1,1,8,4,0,0,0,1,0,0,0,0,1,11,26
2024052402618,2024,052402618,335343,394426,-2.97488,53.44262,3,3,3,16:32,-1,E08000012,6,2,1,0,1,5,1,5,0,0,0,1,0,0,0,0,1,11,26
2024052402619,2024,052402619,340083,385143,-2.90176,53.35975,3,3,2,11:01,-1,E08000012,6,0,1,0,1,"[2, 19]","[0, 4]","[0, 8]",0,0,0,1,0,0,0,0,0,11,25
2024052402621,2024,052402621,358625,393552,-2.62428,53.43711,3,3,4,19:15,-1,E08000013,6,2,3,2,2,"[19, 4]",1,5,0,0,0,1,0,0,0,0,0,11,20
2024052402622,2024,052402622,329630,393131,-3.06058,53.43025,3,3,3,12:27,-1,E08000015,6,0,1,0,1,"[19, 5]",7,3,0,0,0,1,0,1,0,0,0,11,26
2024052402623,2024,052402623,322790,387472,-3.16212,53.37844,3,3,3,15:12,-1,E08000015,6,0,1,0,1,19,3,7,0,0,0,1,0,0,0,0,1,11,26
2024052402624,2024,052402624,334455,383780,-2.98603,53.34683,3,3,3,08:15,-1,E08000015,3,0,1,0,1,"[19, 4]",1,5,0,0,0,1,0,0,0,0,0,11,26
2024052402625,2024,052402625,331863,390472,-3.0264,53.40665,3,3,4,12:23,-1,E08000015,3,0,1,1,1,"[19, 6]","[3, 7]",7,0,0,0,1,0,0,0,0,0,11,27
2024052402626,2024,052402626,337275,388438,-2.9446,53.38904,3,3,4,13:00,-1,E08000012,4,0,1,0,1,"[6, 19]",7,"[7, 3]",0,0,0,1,0,0,0,0,0,11,27
2024052402627,2024,052402627,332354,417077,-3.02478,53.64581,3,3,4,17:05,-1,E08000014,6,2,1,0,2,"[4, 19]",1,5,0,0,0,1,0,0,0,0,0,11,27
2024052402628,2024,052402628,333862,391109,-2.99647,53.41263,3,3,4,19:10,-1,E08000012,3,2,1,0,1,19,7,3,0,0,0,1,0,0,0,0,1,11,27
2024052402629,2024,052402629,330459,389598,-3.04733,53.39861,3,3,2,14:30,-1,E08000015,3,0,1,0,1,19,8,4,4,0,0,1,0,0,0,0,0,11,25