collision_index,collision_year,collision_ref_no,location_easting_osgr,location_northing_osgr,longitude,latitude,casualty_severity,casualty_severity,day_of_week,time,local_authority_district,local_authority_ons_district,first_road_class,light_conditions,weather_conditions,road_surface_conditions,urban_or_rural_area,vehicle_manoeuvre,vehicle_direction_from,vehicle_direction_to,hit_object_in_carriageway,vehicle_leaving_carriageway,hit_object_off_carriageway,is_car,is_cyle,is_mcyle,is_goodsv,is_other,is_pedestrian,month,day
2024052402632,2024,052402632,358381,395517,-2.62821,53.45475,3,3,5,09:15,-1,E08000013,6,0,1,2,1,19,5,1,0,0,0,1,1,0,0,0,0,11,28
2024052402633,2024,052402633,336988,397039,-2.95064,53.4663,3,3,5,14:35,-1,E08000012,3,0,1,1,1,"[9, 19]",6,"[4, 2]",0,0,0,1,0,1,0,0,0,11,28
2024052402634,2024,052402634,332367,397685,-3.02038,53.47154,3,3,4,12:00,-1,E08000014,3,0,1,0,1,"[19, 9]","[8, 3]","[5, 8]",0,0,0,1,0,0,0,0,0,11,27
2024052402636,2024,052402636,341829,391209,-2.87665,53.41446,3,3,4,19:50,-1,E08000012,6,2,2,1,1,"[19, 9]","[8, 2]","[4, 8]",0,0,0,1,0,0,0,0,0,11,13
2024052402637,2024,052402637,338277,390774,-2.93,53.41015,3,3,5,16:43,-1,E08000012,3,2,1,0,1,"[19, 9]","[3, 7]","[7, 5, 3]",0,"[1, 0]","[7, 0]",1,0,0,0,0,0,11,28
2024052402638,2024,052402638,338833,394121,-2.92228,53.4403,2,"[2, 3]",6,20:13,-1,E08000012,6,2,1,0,1,"[19, 2]","[7, 0]","[3, 0]",0,"[1, 0]","[4, 0]",1,0,0,0,0,0,11,29
2024052402639,2024,052402639,346703,392162,-2.80349,53.42355,3,3,5,11:15,-1,E08000011,6,0,1,1,2,"[19, 5]","[4, 6]","[8, 2]",0,0,0,1,0,0,0,0,0,11,28
2024052402640,2024,052402640,335022,394589,-2.97974,53.44405,3,3,6,11:57,-1,E08000014,6,0,1,0,1,"[19, 2]","[8, 2, 0]","[4, 6, 0]",0,"[0, 7]","[0, 11]",1,0,0,0,0,0,11,29
2024052402642,2024,052402642,341995,391870,-2.87427,53.42042,3,3,6,18:00,-1,E08000012,3,2,2,1,1,19,"[7, 3]","[3, 7]",0,0,0,1,0,0,0,1,0,11,29
2024052402645,2024,052402645,337280,391239,-2.94509,53.41421,3,3,7,08:36,-1,E08000012,4,0,1,1,1,"[19, 9]","[4, 6]","[8, 4]",0,0,0,1,0,0,0,0,0,11,30
2024052402646,2024,052402646,357360,395058,-2.64353,53.45055,3,3,6,16:00,-1,E08000013,6,0,1,1,1,"[4, 19]",6,2,0,0,0,1,0,0,0,0,0,11,29
2024052402647,2024,052402647,352396,394387,-2.71817,53.44409,3,3,7,10:45,-1,E08000013,6,0,1,1,1,"[19, 5]","[3, 7]","[7, 3]",0,0,0,1,0,0,0,0,0,11,30
2024052402649,2024,052402649,339921,394375,-2.90596,53.4427,3,3,7,16:00,-1,E08000012,6,2,1,1,1,4,8,4,0,0,0,1,0,0,0,0,1,11,30
2024052402650,2024,052402650,356586,394890,-2.65516,53.44897,3,3,7,19:00,-1,E08000013,6,0,1,1,1,"[4, 19]",7,2,0,0,0,1,0,0,0,0,0,11,30
2024052402651,2024,052402651,327913,387125,-3.08504,53.37604,1,"[2, 1]",7,18:10,-1,E08000015,6,2,1,1,1,19,"[4, 8]","[8, 4]",0,0,0,0,0,1,0,0,0,11,30
2024052402652,2024,052402652,337041,390118,-2.94846,53.40411,3,3,7,20:10,-1,E08000012,4,2,1,1,1,19,3,7,0,0,0,0,0,0,1,0,1,11,30
2024052402653,2024,052402653,349915,389633,-2.75476,53.40113,2,"[2, 3]",1,07:15,-1,E08000013,1,2,2,1,2,19,3,7,0,"[0, 1]",0,1,0,0,0,0,0,12,1
2024052402654,2024,052402654,349221,391336,-2.76547,53.41637,3,3,6,08:40,-1,E08000013,3,0,1,0,1,5,7,3,0,0,0,1,0,0,0,0,1,11,15
2024052402655,2024,052402655,352871,395008,-2.71111,53.44971,3,3,1,15:20,-1,E08000013,6,0,1,0,1,"[9, 19]","[3, 5]",1,0,0,0,1,0,0,0,0,0,12,1
2024052402656,2024,052402656,329304,407341,-3.06869,53.55791,2,"[2, 3]",1,18:45,-1,E08000014,6,2,1,1,1,19,5,1,0,0,0,0,1,0,0,0,1,12,1
2024052402657,2024,052402657,328989,391503,-3.06986,53.41553,3,3,1,13:15,-1,E08000015,1,0,1,0,2,"[19, 11]",7,2,0,0,0,1,0,0,0,0,0,12,1
2024052402658,2024,052402658,339562,386196,-2.90979,53.36916,3,3,2,13:05,-1,E08000012,6,0,1,1,1,"[9, 19]","[4, 8]","[2, 4]",0,1,"[10, 2]",1,0,0,0,0,0,12,2
2024052402659,2024,052402659,336088,388284,-2.96242,53.38751,3,3,2,13:05,-1,E08000012,6,0,1,0,1,"[5, 19]","[6, 4]","[2, 8]",0,0,0,1,0,0,0,0,0,12,2
2024052402660,2024,052402660,337430,388314,-2.94225,53.38794,3,3,3,11:30,-1,E08000012,6,0,1,0,1,"[7, 19]","[1, 3]","[5, 7]",0,0,0,1,1,0,0,0,0,12,3
2024052402661,2024,052402661,347648,387864,-2.78856,53.38501,2,2,3,15:00,-1,E08000011,6,0,1,0,2,19,"[7, 5]","[3, 1]",0,7,11,1,0,0,0,0,0,12,3
2024052402663,2024,052402663,343767,390529,-2.84737,53.40856,3,3,3,07:50,-1,E08000011,4,0,1,0,1,19,"[5, 3]","[1, 7]",0,0,0,1,0,0,0,0,0,12,3
2024052402664,2024,052402664,340886,388337,-2.8903,53.38855,3,3,6,15:45,-1,E08000012,6,0,1,0,1,"[2, 19]","[0, 8]","[0, 4]",0,0,0,1,0,0,0,0,1,11,29
2024052402665,2024,052402665,327864,390404,-3.08653,53.4055,3,3,3,17:25,-1,E08000015,3,2,1,0,2,19,2,6,0,0,0,1,0,0,0,0,0,12,3
2024052402666,2024,052402666,354946,400189,-2.68061,53.49646,3,3,2,08:27,-1,E08000013,6,0,1,1,2,"[5, 19]","[5, 3]","[1, 7]",0,0,0,1,0,0,0,0,0,12,2
2024052402667,2024,052402667,333553,385717,-2.99998,53.36413,2,2,3,15:35,-1,E08000015,4,0,1,0,1,19,1,5,0,0,0,1,0,0,0,0,1,12,3
2024052402668,2024,052402668,339256,391037,-2.91532,53.41263,3,3,3,23:00,-1,E08000012,3,2,1,1,1,19,"[8, 4]","[4, 8]",0,0,0,1,0,0,0,0,0,12,3
2024052402669,2024,052402669,341293,388221,-2.88416,53.38755,2,2,3,18:20,-1,E08000012,6,2,1,1,1,19,"[1, 8]",4,0,0,0,1,0,0,0,0,0,12,3
2024052402670,2024,052402670,336178,390880,-2.96159,53.41085,3,3,1,18:51,-1,E08000012,3,2,1,1,1,"[9, 19]","[2, 8]","[8, 4]",0,0,0,1,0,0,0,0,0,12,1
2024052402671,2024,052402671,344104,391792,-2.84253,53.41995,3,3,3,16:20,-1,E08000011,6,2,1,0,1,19,1,5,0,0,0,1,0,0,0,0,1,12,3
2024052402673,2024,052402673,332206,398893,-3.02306,53.48237,3,3,4,18:35,-1,E08000014,6,2,2,1,1,9,1,7,0,0,0,1,0,0,0,0,1,12,4
2024052402676,2024,052402676,326452,389970,-3.10766,53.40141,2,2,4,20:04,-1,E08000015,3,2,2,1,1,19,"[7, 3]","[3, 7]",0,0,0,1,0,0,0,0,0,12,4
2024052402677,2024,052402677,338317,392442,-2.92972,53.42515,3,3,4,22:00,-1,E08000012,3,2,1,1,1,"[5, 19]","[4, 2]","[8, 6]",0,0,0,1,0,0,0,0,0,12,4
2024052402678,2024,052402678,337157,387535,-2.9462,53.38091,3,3,4,19:00,-1,E08000012,6,2,1,1,1,"[19, 2]","[6, 0]","[2, 0]",0,0,0,1,1,0,0,0,0,12,4
2024052402679,2024,052402679,323181,389885,-3.15683,53.40018,3,3,5,09:20,-1,E08000015,6,0,1,1,1,"[7, 19]","[8, 5]","[3, 1]",0,0,0,1,1,0,0,0,0,12,5
2024052402680,2024,052402680,335110,389839,-2.97744,53.40137,2,"[3, 2]",4,18:20,-1,E08000012,6,2,1,1,1,19,2,6,7,0,0,1,0,0,0,0,0,12,4
2024052402682,2024,052402682,358109,397283,-2.63255,53.4706,3,3,5,07:50,-1,E08000013,6,2,1,1,2,"[19, 11]",1,5,0,0,0,1,0,0,0,0,0,12,5
2024052402683,2024,052402683,338064,390703,-2.93319,53.40949,3,3,5,12:30,-1,E08000012,6,0,1,1,1,19,"[7, 1]","[3, 5]",0,0,0,1,0,0,0,0,0,12,5
2024052402686,2024,052402686,333674,396069,-3.00035,53.45718,2,2,5,18:03,-1,E08000014,6,2,2,1,1,19,1,5,0,3,1,1,0,0,0,0,1,12,5
2024052402687,2024,052402687,331752,389315,-3.02782,53.39623,3,3,5,16:45,-1,E08000015,6,2,2,1,1,"[2, 19]","[0, 3, 1]","[0, 7, 5]",0,0,0,1,0,0,0,0,0,12,5
2024052402688,2024,052402688,334913,382009,-2.97879,53.33097,2,2,5,16:00,-1,E08000015,6,2,1,1,1,1,5,1,0,0,0,1,0,0,0,0,1,12,5
2024052402689,2024,052402689,333699,417400,-3.0045,53.64888,3,3,5,18:10,-1,E08000014,3,2,2,1,1,19,"[8, 2]","[4, 6]",0,0,0,1,1,0,0,0,0,12,5
2024052402690,2024,052402690,334814,391053,-2.98214,53.41224,3,3,5,12:45,-1,E08000012,3,0,1,1,1,19,1,5,0,0,0,1,0,0,0,0,1,12,5
2024052402691,2024,052402691,338998,395716,-2.92011,53.45465,3,3,5,20:39,-1,E08000012,3,2,5,1,1,"[19, 9]","[6, 2]","[2, 1]",0,0,0,1,0,0,0,0,0,12,5
2024052402695,2024,052402695,339663,387712,-2.90856,53.38279,3,3,6,08:20,-1,E08000012,6,0,1,0,1,9,2,8,0,0,0,1,0,0,0,0,1,12,6
2024052402696,2024,052402696,336301,392948,-2.96016,53.42945,3,3,6,16:00,-1,E08000012,3,2,5,1,1,19,4,8,0,0,0,0,1,0,0,0,1,12,6
2024052402697,2024,052402697,334434,390908,-2.98783,53.41089,3,3,6,15:50,-1,E08000012,3,2,5,1,1,"[19, 11]",6,3,0,0,0,1,1,0,0,0,0,12,6
2024052402698,2024,052402698,331900,391117,-3.02599,53.41245,2,2,5,20:20,-1,E08000015,6,2,1,1,1,19,5,2,0,0,0,1,0,0,0,0,1,11,21
2024052402699,2024,052402699,333176,385213,-3.00554,53.35955,3,3,6,14:30,-1,E08000015,4,0,2,1,1,"[15, 5, 19]","[4, 6]",8,0,0,0,1,1,0,1,0,0,12,6
2024052402700,2024,052402700,331519,384076,-3.03019,53.34912,3,3,7,08:00,-1,E08000015,4,0,5,1,1,19,1,5,0,1,9,1,0,0,0,0,0,12,7
2024052402702,2024,052402702,335754,416657,-2.97327,53.64246,3,3,6,12:10,-1,E08000014,6,0,1,0,1,"[9, 19]","[2, 1]","[6, 5]",0,0,0,1,1,0,0,0,0,12,6
2024052402703,2024,052402703,340485,395882,-2.89775,53.45631,3,3,6,15:30,-1,E08000012,6,0,5,1,1,"[6, 19]","[6, 2]",6,0,0,0,1,1,0,0,0,0,12,6
2024052402704,2024,052402704,340674,385927,-2.89303,53.36686,3,3,7,11:30,-1,E08000012,4,0,5,1,1,"[9, 19]","[4, 8]","[2, 4]",0,0,0,1,1,0,0,0,0,12,7
2024052402706,2024,052402706,333134,414489,-3.01242,53.62265,3,3,7,09:45,-1,E08000014,3,0,5,1,1,19,"[7, 1]","[3, 5]",0,0,0,1,0,1,0,0,0,12,7
2024052402707,2024,052402707,349345,395343,-2.76425,53.4524,3,3,6,18:53,-1,E08000013,6,2,5,1,1,"[19, 5, 2]","[3, 7, 0]","[7, 3, 0]",0,0,0,1,0,1,0,0,0,12,6
2024052402708,2024,052402708,340457,396277,-2.89825,53.45986,2,2,5,15:40,-1,E08000012,6,0,1,1,1,4,1,6,0,0,0,1,0,0,0,0,1,12,5
2024052402710,2024,052402710,329655,392610,-3.06009,53.42557,3,3,6,23:45,-1,E08000015,6,2,1,0,1,"[7, 19]","[7, 1]","[1, 5]",0,0,0,1,0,0,0,0,0,12,6
2024052402711,2024,052402711,340791,390262,-2.89209,53.40584,3,3,7,16:00,-1,E08000012,3,2,1,0,1,19,"[3, 1]","[7, 5]",0,0,0,1,0,0,0,0,0,11,16
2024052402713,2024,052402713,343652,391054,-2.8492,53.41327,3,3,6,19:00,-1,E08000011,6,2,1,1,1,"[1, 19]","[5, 7]","[1, 3]",0,0,0,1,0,0,0,0,0,12,6
2024052402716,2024,052402716,334959,390324,-2.97981,53.40571,3,3,1,03:15,-1,E08000012,3,2,1,0,1,19,4,8,0,0,0,1,0,0,0,0,1,11,24
2024052402717,2024,052402717,327424,385092,-3.09193,53.3577,3,3,1,16:45,-1,E08000015,6,2,1,0,1,19,"[1, 3]","[5, 7]",0,0,0,1,0,0,0,0,0,12,8
2024052402718,2024,052402718,337367,395710,-2.94467,53.4544,2,2,1,16:45,-1,E08000012,6,2,1,0,1,"[9, 19]","[4, 2]","[2, 6]",0,0,0,1,0,1,0,0,0,12,8
2024052402719,2024,052402719,337108,392027,-2.94783,53.42127,3,3,5,11:50,-1,E08000012,3,0,1,0,1,19,"[8, 6]","[5, 2]",0,0,0,1,0,0,0,0,0,12,5
2024052402720,2024,052402720,338694,394156,-2.92438,53.44059,3,3,7,14:10,-1,E08000012,6,0,1,1,1,"[5, 3]",4,8,0,0,0,1,0,0,0,0,0,12,7
2024052402721,2024,052402721,337759,391139,-2.93786,53.41337,3,3,6,07:30,-1,E08000012,3,0,1,0,1,"[19, 5]","[3, 5]","[7, 1]",0,0,0,1,0,0,0,0,0,12,6
2024052402722,2024,052402722,328221,387822,-3.08057,53.38235,3,3,2,08:25,-1,E08000015,6,0,1,0,1,"[19, 10]","[8, 2]","[4, 8]",0,0,0,1,0,0,0,0,0,12,9
2024052402724,2024,052402724,326256,388683,-3.11031,53.38981,2,"[2, 3]",2,09:35,-1,E08000015,6,0,1,0,1,19,3,7,0,0,0,0,0,1,0,0,1,12,9
2024052402725,2024,052402725,341423,398386,-2.8841,53.47892,3,3,2,14:00,-1,E08000011,6,0,1,0,1,"[4, 19]",6,2,0,0,0,1,0,0,0,0,0,12,9
2024052402727,2024,052402727,329982,406957,-3.05838,53.55455,2,2,2,13:10,-1,E08000014,6,0,1,0,1,5,7,3,0,0,0,1,0,0,0,0,1,12,9
2024052402728,2024,052402728,339243,386085,-2.91456,53.36812,3,3,2,15:56,-1,E08000012,6,2,1,1,1,19,"[5, 7]","[1, 3]",0,"[1, 0]","[4, 0]",1,0,0,0,0,0,12,9
2024052402729,2024,052402729,333910,390466,-2.99562,53.40685,3,3,2,16:45,-1,E08000012,3,2,1,0,1,"[4, 19]",4,8,0,0,0,1,0,0,0,0,0,12,9
2024052402730,2024,052402730,335586,390663,-2.97045,53.40883,3,3,2,21:55,-1,E08000012,3,2,1,1,1,"[5, 19]","[3, 5]","[7, 1]",0,0,0,1,0,0,0,0,0,12,9
2024052402731,2024,052402731,333628,401333,-3.00216,53.50448,3,3,2,20:20,-1,E08000014,3,2,1,1,2,"[19, 5]","[4, 7]","[1, 3]",0,0,0,1,0,0,0,0,0,12,9
2024052402733,2024,052402733,321519,389033,-3.18161,53.39228,3,3,2,09:15,-1,E08000015,6,0,1,0,1,19,"[7, 1]","[3, 5]",0,0,0,1,1,0,0,0,0,12,9
2024052402734,2024,052402734,333863,391119,-2.99646,53.41272,3,3,4,17:54,-1,E08000012,3,0,1,0,1,"[9, 19]","[7, 1]",5,0,0,0,1,0,0,0,0,0,11,27
2024052402735,2024,052402735,341249,399502,-2.88693,53.48893,3,3,7,09:50,-1,E08000011,3,0,2,1,1,"[9, 19]","[4, 8]","[2, 4]",0,0,0,1,0,0,0,0,0,12,7
2024052402737,2024,052402737,334980,390255,-2.97948,53.40509,2,"[3, 2]",3,22:05,-1,E08000012,3,2,1,0,1,19,3,7,0,0,0,0,1,0,0,0,1,12,10
2024052402738,2024,052402738,339922,391355,-2.90536,53.41556,3,3,3,20:10,-1,E08000012,3,2,1,0,1,"[9, 19]","[4, 8]","[2, 4]",0,0,0,1,1,0,0,0,0,12,10
2024052402740,2024,052402740,341428,397713,-2.88389,53.47287,3,3,3,08:25,-1,E08000011,6,0,1,0,1,19,"[7, 5]","[3, 1]",0,0,0,1,0,0,0,0,0,12,10
2024052402741,2024,052402741,352582,391791,-2.71497,53.42077,3,3,3,09:00,-1,E08000013,6,0,1,0,1,19,3,7,0,0,0,1,0,0,0,0,1,12,10
2024052402742,2024,052402742,334804,390516,-2.98218,53.40741,3,3,4,09:32,-1,E08000012,6,0,1,0,1,19,1,5,0,0,0,0,0,0,1,0,1,12,11
2024052402744,2024,052402744,342506,386704,-2.86564,53.37405,3,3,4,13:48,-1,E08000012,6,0,1,0,1,19,3,7,0,0,0,1,0,0,0,0,0,12,11
2024052402746,2024,052402746,343415,391850,-2.85291,53.4204,3,3,4,19:30,-1,E08000011,3,2,1,0,1,19,9,9,0,0,0,1,0,0,0,0,1,12,11
2024052402747,2024,052402747,326771,383788,-3.10143,53.34589,3,3,4,15:30,-1,E08000015,6,0,1,0,1,"[2, 19]","[0, 3]","[0, 7]",0,0,0,1,0,0,0,0,0,12,11
2024052402750,2024,052402750,340128,390902,-2.90218,53.41151,3,3,4,19:45,-1,E08000012,3,2,1,0,1,"[3, 19]","[3, 5]","[7, 1]",0,0,0,1,0,0,0,0,0,12,11
2024052402753,2024,052402753,336717,389470,-2.9532,53.39825,3,3,5,09:00,-1,E08000012,3,0,1,0,1,"[9, 19]","[5, 2]","[2, 6]",0,0,0,1,0,0,0,0,0,12,12
2024052402755,2024,052402755,329888,391776,-3.0564,53.41811,3,3,5,15:57,-1,E08000015,6,0,8,0,1,1,5,1,0,0,0,1,0,0,0,0,1,12,12
2024052402756,2024,052402756,343679,391050,-2.84879,53.41324,3,3,5,19:05,-1,E08000011,6,2,1,0,1,"[7, 19]","[1, 3]","[3, 7]",0,0,0,1,1,0,0,0,0,12,12
2024052402757,2024,052402757,335192,394541,-2.97717,53.44364,1,1,5,19:45,-1,E08000014,3,2,2,1,1,19,1,6,0,1,0,1,0,0,0,0,1,12,12
2024052402758,2024,052402758,334529,379899,-2.98412,53.31196,3,3,3,13:13,-1,E08000015,6,0,1,0,1,19,4,8,0,7,2,1,0,0,0,0,0,12,3
2024052402759,2024,052402759,335240,390891,-2.9757,53.41084,3,3,2,23:17,-1,E08000012,3,2,8,1,1,19,"[2, 8]","[6, 4]",0,0,0,1,0,0,0,0,0,10,28
2024052402760,2024,052402760,339359,388379,-2.91326,53.38875,2,2,4,16:45,-1,E08000012,3,2,1,1,1,7,8,2,0,0,0,1,0,0,0,0,1,12,4
2024052402762,2024,052402762,335521,394941,-2.9723,53.44727,3,3,5,14:50,-1,E08000012,3,0,1,0,1,"[19, 2]","[3, 0]","[7, 0]",0,0,0,1,0,0,0,0,0,12,12
2024052402763,2024,052402763,337540,394082,-2.94174,53.43979,3,3,6,12:25,-1,E08000012,3,0,1,0,1,12,2,8,0,0,0,1,0,0,0,0,1,12,13
2024052402764,2024,052402764,336230,392985,-2.96123,53.42978,3,3,5,18:30,-1,E08000012,3,2,1,0,1,9,5,3,0,0,0,1,0,0,0,0,1,12,12
2024052402765,2024,052402765,335382,389122,-2.9732,53.39496,3,3,6,20:35,-1,E08000012,3,2,2,1,1,"[9, 19]","[5, 3]","[3, 7]",0,0,0,1,0,0,0,0,0,12,13
2024052402767,2024,052402767,335057,390266,-2.97832,53.4052,3,3,7,15:16,-1,E08000012,3,0,1,0,1,19,4,8,0,0,0,0,0,0,1,0,1,12,14
2024052402769,2024,052402769,338727,393154,-2.92369,53.43159,3,3,7,20:02,-1,E08000012,3,2,1,0,1,"[9, 19]","[6, 2]","[4, 6]",0,0,0,1,0,0,0,0,0,12,14
2024052402773,2024,052402773,339175,390996,-2.91653,53.41225,3,3,5,19:45,-1,E08000012,6,2,1,1,1,4,8,4,0,0,0,1,0,0,0,0,1,12,12
2024052402776,2024,052402776,336078,390871,-2.96309,53.41076,3,3,7,19:20,-1,E08000012,3,2,1,0,1,"[6, 5]","[3, 7]",3,0,0,0,1,0,0,0,0,0,12,14
2024052402777,2024,052402777,357416,395177,-2.6427,53.45162,3,3,1,16:00,-1,E08000013,6,0,1,1,1,5,5,2,0,0,0,1,0,0,0,0,1,12,15
2024052402778,2024,052402778,334836,390194,-2.98163,53.40452,3,3,1,00:58,-1,E08000012,4,2,1,0,1,19,2,4,0,0,0,1,0,0,0,0,1,12,15
2024052402785,2024,052402785,338566,385976,-2.92471,53.36706,3,3,1,19:16,-1,E08000012,3,2,1,1,1,"[9, 2, 19]","[3, 0, 2]","[2, 0, 3]",0,0,0,1,0,0,0,0,0,12,15
2024052402787,2024,052402787,336282,388773,-2.9596,53.39193,3,3,2,02:16,-1,E08000012,4,2,1,0,1,19,5,1,10,7,0,1,0,0,0,0,0,12,16
2024052402788,2024,052402788,336168,390367,-2.96164,53.40624,3,3,2,09:34,-1,E08000012,3,0,1,0,1,5,"[1, 7]","[5, 3]",0,0,0,1,0,0,0,0,0,12,16
2024052402789,2024,052402789,336529,392577,-2.95665,53.42615,3,3,6,08:40,-1,E08000012,3,0,1,0,1,"[7, 19]",8,"[2, 4]",0,0,0,1,0,0,0,0,0,12,13
2024052402790,2024,052402790,335213,390883,-2.97611,53.41076,2,2,2,07:00,-1,E08000012,3,2,1,0,1,19,2,6,0,0,0,1,0,0,0,0,1,12,16
2024052402792,2024,052402792,338552,389613,-2.92563,53.39975,3,3,2,15:11,-1,E08000012,4,0,1,0,1,"[4, 15]",4,8,0,0,0,1,0,0,0,0,0,12,16
2024052402793,2024,052402793,353209,395954,-2.70616,53.45825,2,2,2,15:15,-1,E08000013,6,0,1,0,1,19,7,3,0,0,0,1,0,0,0,0,1,12,16
2024052402794,2024,052402794,348893,396711,-2.77128,53.46465,3,3,2,11:30,-1,E08000013,6,0,1,0,1,1,5,1,0,0,0,1,0,0,0,0,1,12,16
2024052402795,2024,052402795,341627,391336,-2.87971,53.41558,3,3,2,15:00,-1,E08000012,6,0,1,0,1,4,4,8,0,0,0,1,0,0,0,0,1,12,16
2024052402796,2024,052402796,339959,392996,-2.90512,53.43032,3,3,7,23:30,-1,E08000012,6,2,1,0,1,"[4, 9]","[2, 4]","[6, 2]",0,0,0,1,0,0,0,0,0,12,14
2024052402797,2024,052402797,343594,391679,-2.85018,53.41888,3,3,3,13:20,-1,E08000011,6,0,1,0,1,"[2, 19]","[0, 8]","[0, 4]","[0, 4]",0,0,1,0,0,0,0,0,12,17
2024052402798,2024,052402798,350961,396011,-2.74002,53.45855,3,3,3,17:20,-1,E08000013,6,2,1,0,1,9,5,3,0,0,0,1,0,0,0,0,1,12,17
2024052402799,2024,052402799,334664,400023,-2.98626,53.49284,3,3,1,10:48,-1,E08000014,4,0,1,1,2,19,1,5,0,0,0,1,0,0,0,0,1,12,15
2024052402800,2024,052402800,338522,383591,-2.92491,53.34562,3,3,3,16:45,-1,E08000015,6,0,1,0,2,"[9, 19]","[3, 4]","[7, 8]",0,0,0,1,0,1,0,0,0,12,17
2024052402801,2024,052402801,330208,388324,-3.05082,53.38713,3,3,4,08:25,-1,E08000015,6,0,1,1,1,19,6,2,0,0,0,1,0,0,0,0,1,12,18
2024052402802,2024,052402802,330008,408073,-3.05823,53.56458,2,2,3,16:20,-1,E08000014,6,0,1,0,1,"[19, 5]","[5, 7]","[1, 3]",0,0,0,1,0,0,0,0,0,12,17
2024052402803,2024,052402803,334271,395763,-2.99129,53.4545,2,"[3, 2]",3,12:50,-1,E08000014,3,0,1,0,1,7,5,7,0,7,4,1,0,0,0,0,1,12,17
2024052402806,2024,052402806,344232,382979,-2.83905,53.34076,2,2,4,10:05,-1,E08000012,6,0,1,0,1,9,1,7,0,0,0,1,0,0,0,0,1,12,18
2024052402807,2024,052402807,350472,395729,-2.74734,53.45597,3,3,4,16:37,-1,E08000013,3,2,2,1,1,19,4,8,0,0,0,1,0,0,0,0,1,12,18
2024052402809,2024,052402809,340310,392168,-2.89968,53.42291,2,2,4,20:32,-1,E08000012,6,2,2,1,1,19,8,4,0,0,0,1,0,0,0,0,1,12,18
2024052402810,2024,052402810,328589,386673,-3.07478,53.37207,3,3,4,15:00,-1,E08000015,6,0,2,1,1,19,5,1,0,0,0,1,0,0,0,0,1,12,18
2024052402812,2024,052402812,340426,389241,-2.89738,53.39662,3,3,5,19:25,-1,E08000012,3,2,2,1,1,19,6,2,0,0,0,1,0,0,0,0,1,12,19
2024052402813,2024,052402813,334810,392447,-2.98249,53.42477,2,2,4,19:04,-1,E08000012,3,2,2,1,1,19,5,1,0,0,0,1,0,0,0,0,1,12,18
2024052402814,2024,052402814,340281,391983,-2.90008,53.42125,3,3,4,17:15,-1,E08000012,6,2,2,1,1,19,2,6,0,0,0,0,1,0,0,0,1,12,18
2024052402815,2024,052402815,347476,385869,-2.79081,53.36706,3,3,5,08:47,-1,E08000011,3,2,1,1,2,19,1,5,0,0,0,1,0,0,0,0,0,12,19
2024052402816,2024,052402816,341970,391864,-2.87465,53.42037,2,2,3,19:44,-1,E08000012,3,2,2,1,1,19,7,3,0,0,0,1,1,0,0,0,0,12,17
2024052402817,2024,052402817,353761,395412,-2.69777,53.45342,3,3,5,10:50,-1,E08000013,3,0,1,0,1,19,"[7, 3]","[3, 7]",0,0,0,1,0,0,1,0,0,12,12
2024052402818,2024,052402818,336172,394548,-2.96242,53.44382,3,3,4,17:00,-1,E08000012,6,2,1,0,1,"[19, 9]",5,"[1, 3]",0,0,0,1,1,0,0,0,0,12,18
2024052402819,2024,052402819,332482,387932,-3.01655,53.3839,3,3,1,01:25,-1,E08000015,6,2,1,1,1,"[2, 9]","[0, 5]","[0, 2]",0,"[0, 7]",0,1,0,0,0,0,0,12,15
2024052402821,2024,052402821,335688,389489,-2.96868,53.39829,3,3,4,22:20,-1,E08000012,6,2,2,1,1,"[9, 5]","[5, 1]","[7, 5]",0,0,0,1,1,0,0,0,0,12,18
2024052402822,2024,052402822,321451,386890,-3.1821,53.37301,3,3,5,09:20,-1,E08000015,6,0,1,1,1,19,7,3,0,0,0,1,0,0,0,0,1,12,19
2024052402823,2024,052402823,338971,397393,-2.92084,53.46972,2,2,5,15:40,-1,E08000012,3,2,1,1,1,19,7,3,0,0,0,1,0,0,0,0,1,12,19
2024052402824,2024,052402824,322458,387193,-3.16704,53.37588,3,3,5,22:20,-1,E08000015,4,2,2,1,1,19,2,6,0,0,0,1,0,0,0,0,0,12,19
2024052402825,2024,052402825,335044,400326,-2.9806,53.49561,2,2,4,08:35,-1,E08000014,6,0,2,1,2,"[19, 5]","[4, 6]","[8, 2]",0,0,0,1,0,0,1,0,0,12,18
2024052402826,2024,052402826,326011,390914,-3.11452,53.40983,2,2,5,15:48,-1,E08000015,6,0,1,0,2,"[19, 4]","[3, 7]","[7, 3]",0,0,0,1,0,1,0,0,0,12,19
2024052402827,2024,052402827,336577,392563,-2.95593,53.42603,2,"[2, 3]",6,22:20,-1,E08000012,6,2,1,1,1,"[19, 2]","[6, 2, 0]","[2, 6, 0]",0,0,0,1,0,0,0,0,0,12,20
2024052402832,2024,052402832,330324,389659,-3.04937,53.39914,3,3,5,14:42,-1,E08000015,3,0,1,1,1,19,8,4,0,0,0,1,0,0,0,0,0,12,5
2024052402833,2024,052402833,334655,416251,-2.9898,53.63868,2,2,6,14:00,-1,E08000014,3,0,1,1,1,19,"[7, 5]","[3, 1]",0,0,0,1,1,0,0,0,0,12,20