collision_index,collision_year,collision_ref_no,location_easting_osgr,location_northing_osgr,longitude,latitude,casualty_severity,casualty_severity,day_of_week,time,local_authority_district,local_authority_ons_district,first_road_class,light_conditions,weather_conditions,road_surface_conditions,urban_or_rural_area,vehicle_manoeuvre,vehicle_direction_from,vehicle_direction_to,hit_object_in_carriageway,vehicle_leaving_carriageway,hit_object_off_carriageway,is_car,is_cyle,is_mcyle,is_goodsv,is_other,is_pedestrian,month,day
2024061434220,2024,061434220,381344,399666,-2.28267,53.49336,3,3,4,16:30,-1,E08000006,3,0,1,0,1,"[7, -1]",-1,-1,"[0, -1]","[0, -1]",0,1,0,1,0,0,0,4,10
2024061434296,2024,061434296,378486,400639,-2.32581,53.502,2,2,2,08:00,-1,E08000006,6,0,1,0,1,"[3, 19]",3,7,0,0,0,1,0,0,0,0,0,4,22
2024061434332,2024,061434332,383974,399734,-2.24303,53.49406,3,3,5,06:47,-1,E08000003,6,0,1,1,1,"[5, 19]","[5, 3]","[1, 7]",0,0,0,1,0,0,0,0,0,4,4
2024061434336,2024,061434336,380475,401709,-2.29589,53.5117,2,"[2, 3]",2,09:59,-1,E08000006,6,0,1,1,2,"[9, 19]","[6, 2]","[4, 6]",0,0,0,1,0,0,0,0,0,4,22
2024061434424,2024,061434424,384088,397577,-2.2412,53.47468,2,2,7,16:15,-1,E08000003,3,0,1,0,1,19,-1,-1,0,0,0,0,1,0,0,0,0,4,20
2024061434488,2024,061434488,382169,400315,-2.27027,53.49923,3,3,1,11:15,-1,E08000006,6,0,1,0,1,19,4,"[7, 1]",0,0,0,1,0,0,1,0,0,4,21
2024061434494,2024,061434494,376806,407658,-2.35166,53.56502,3,3,6,08:00,-1,E08000002,3,0,1,0,1,"[19, 2]","[5, 0]","[1, 0]",4,0,0,1,0,0,0,0,0,4,19
2024061434517,2024,061434517,383865,398358,-2.2446,53.48169,3,3,1,00:03,-1,E08000003,3,2,1,0,1,"[9, 19]","[7, 5]","[5, 1]",0,0,0,1,1,0,0,0,0,4,21
2024061434532,2024,061434532,383863,399883,-2.24471,53.4954,3,3,1,21:55,-1,E08000003,6,2,2,1,1,19,"[1, 7]","[5, 3]",0,0,0,1,0,0,0,0,0,4,21
2024061434541,2024,061434541,378122,398930,-2.33118,53.48662,3,3,2,16:40,-1,E08000006,1,0,1,0,1,"[99, 3]",-1,-1,0,0,0,1,0,0,0,0,0,4,22
2024061434559,2024,061434559,382483,405744,-2.26584,53.54803,2,"[2, 3]",2,14:31,-1,E08000002,1,0,1,1,2,"[19, 7]",6,2,0,0,0,1,0,0,0,0,0,4,22
2024061434611,2024,061434611,385358,397047,-2.22204,53.46995,2,2,3,07:00,-1,E08000003,3,0,1,0,1,19,"[4, 1]","[2, 5]",0,0,0,1,1,0,0,0,0,4,23
2024061434614,2024,061434614,393229,404940,-2.10364,53.54106,3,3,1,15:45,-1,E08000004,3,0,1,0,1,"[3, 19]",7,3,0,0,0,1,0,0,0,0,0,3,31
2024061434676,2024,061434676,391887,402925,-2.12384,53.52293,3,3,4,17:45,-1,E08000004,3,0,8,0,1,-1,-1,-1,-1,-1,0,1,0,0,0,0,0,4,3
2024061434717,2024,061434717,384277,397909,-2.23837,53.47767,3,3,6,22:00,-1,E08000003,6,2,9,0,1,19,6,2,"[0, -1]","[0, 1]",0,1,1,0,0,0,0,4,12
2024061434760,2024,061434760,366680,409409,-2.50473,53.58021,3,3,7,16:40,-1,E08000001,6,0,1,0,1,-1,-1,-1,-1,-1,0,1,1,0,0,0,0,3,30
2024061434775,2024,061434775,370732,408564,-2.44345,53.57286,3,3,2,16:33,-1,E08000001,3,0,2,-1,1,-1,-1,-1,-1,-1,0,1,0,0,0,0,0,4,8
2024061434780,2024,061434780,370816,408459,-2.44217,53.57192,3,3,5,21:00,-1,E08000001,6,2,1,0,1,"[5, 19, 2]","[1, 0]","[1, 0]","[4, 0]",0,0,1,0,0,0,0,0,4,4
2024061434817,2024,061434817,365019,409657,-2.52984,53.58233,3,3,2,12:53,-1,E08000001,6,0,1,0,1,"[5, 19]","[5, 3]","[1, 7]",0,0,0,1,0,0,0,1,0,4,22
2024061434835,2024,061434835,388906,395948,-2.16855,53.46016,2,2,2,23:08,-1,E08000003,3,2,1,0,1,"[9, 4]",-1,-1,0,0,0,1,0,0,0,0,0,4,22
2024061434863,2024,061434863,391892,397790,-2.12363,53.47677,3,3,6,15:00,-1,E08000008,1,0,1,0,1,19,6,2,0,0,0,1,0,0,0,0,0,4,19
2024061434922,2024,061434922,358692,405310,-2.62483,53.5428,3,3,3,15:40,-1,E08000010,3,0,1,0,1,19,5,1,0,0,0,1,0,0,0,0,1,4,23
2024061434953,2024,061434953,395466,397927,-2.06978,53.47805,2,2,3,15:45,-1,E08000008,4,0,8,0,1,"[19, 7]",-1,-1,0,0,0,1,1,0,0,0,0,4,23
2024061434964,2024,061434964,388882,389501,-2.16869,53.40221,2,2,3,22:20,-1,E08000007,6,2,2,1,1,19,5,7,0,0,0,1,0,0,0,0,1,4,23
2024061435045,2024,061435045,380738,389345,-2.29116,53.40057,2,2,3,17:40,-1,E08000003,3,0,1,0,1,3,-1,-1,0,0,0,1,0,0,0,0,0,4,23
2024061435117,2024,061435117,384798,398570,-2.23055,53.48363,2,2,2,20:33,-1,E08000003,3,2,2,1,1,19,"[1, 7]","[5, 3]",0,0,0,1,1,0,0,0,0,4,8
2024061435151,2024,061435151,384074,398450,-2.24146,53.48253,3,3,5,20:00,-1,E08000003,6,2,9,-1,1,-1,-1,-1,-1,-1,0,0,0,0,0,1,1,4,18
2024061435167,2024,061435167,377172,400901,-2.34564,53.5043,2,2,4,09:30,-1,E08000006,3,0,1,0,1,"[14, 4]",-1,-1,"[0, 10]","[0, 1]",0,1,0,1,0,0,0,4,24
2024061435282,2024,061435282,372796,410438,-2.41245,53.58981,3,3,3,18:00,-1,E08000001,3,0,1,0,1,5,1,5,0,0,0,1,0,0,0,0,1,4,23
2024061435295,2024,061435295,383658,398326,-2.24772,53.4814,3,3,3,16:40,-1,E08000003,6,0,1,0,1,10,-1,-1,0,0,0,1,0,0,0,0,1,4,23
2024061435367,2024,061435367,384377,401011,-2.23702,53.50555,2,2,3,15:55,-1,E08000003,3,0,1,0,1,"[9, 19]","[6, 4]","[7, 8]",0,0,0,1,0,0,1,0,0,4,23
2024061435418,2024,061435418,393180,398586,-2.10424,53.48395,1,1,4,23:57,-1,E08000008,3,2,1,0,1,19,2,6,0,0,0,1,0,0,0,1,1,4,24
2024061435488,2024,061435488,370484,404954,-2.44685,53.54039,3,3,3,23:59,-1,E08000001,3,2,1,0,1,"[2, 19]","[0, 8]","[0, 4]",0,"[0, 1]","[0, 11]",1,0,0,0,0,0,3,12
2024061435493,2024,061435493,390619,414430,-2.14332,53.62632,3,3,5,08:30,-1,E08000005,6,0,1,1,1,19,5,1,0,0,0,1,1,0,0,0,0,4,25
2024061435620,2024,061435620,385060,396454,-2.2265,53.46461,3,3,5,09:20,-1,E08000003,3,0,1,0,1,99,-1,-1,1,1,99,1,0,0,0,0,0,4,25
2024061435629,2024,061435629,383171,388976,-2.25455,53.39734,3,3,5,12:47,-1,E08000003,6,0,1,0,1,19,"[-1, 3]","[-1, 7]","[-1, 0]","[-1, 0]",0,1,0,0,0,0,0,4,25
2024061435699,2024,061435699,369371,402032,-2.46336,53.51407,2,2,5,08:30,-1,E08000010,3,0,2,1,1,"[99, -1]",-1,-1,"[0, -1]","[0, -1]",0,1,0,0,0,0,0,4,25
2024061435731,2024,061435731,371807,410201,-2.42737,53.58763,3,3,5,15:29,-1,E08000001,4,0,1,1,1,19,"[2, 4]","[6, 8]",0,0,0,1,0,0,0,0,0,4,25
2024061435820,2024,061435820,366060,399864,-2.51305,53.49438,3,3,6,06:00,-1,E08000010,6,0,1,1,1,"[19, 9]","[1, 3]","[5, 8]",0,0,0,1,0,0,0,0,0,4,26
2024061435865,2024,061435865,352657,405117,-2.71586,53.54055,1,1,5,04:25,-1,E08000010,3,2,2,0,1,19,7,3,10,7,0,0,0,1,0,0,0,4,25
2024061436001,2024,061436001,360791,401159,-2.59263,53.50565,3,3,5,18:05,-1,E08000010,3,0,2,1,1,"[10, 19]","[5, 1]","[3, 5]",0,0,0,1,0,0,0,0,0,4,25
2024061436026,2024,061436026,389862,412167,-2.15469,53.60596,3,3,6,08:15,-1,E08000005,6,0,1,0,1,19,-1,-1,0,0,0,1,0,0,0,0,1,4,26
2024061436076,2024,061436076,389826,413348,-2.15527,53.61658,3,3,5,20:03,-1,E08000005,6,2,2,1,1,-1,-1,-1,0,0,0,1,0,0,0,0,1,4,11
2024061436101,2024,061436101,383367,398325,-2.2521,53.48138,2,2,6,09:00,-1,E08000003,6,0,1,0,1,"[9, 19]","[7, 3]","[5, 7]",0,0,0,1,1,0,0,0,0,4,26
2024061436106,2024,061436106,373457,406419,-2.40212,53.55372,2,"[2, 3]",5,07:50,-1,E08000001,3,0,1,0,1,19,"[3, 5]","[7, 1]",0,0,0,1,0,0,1,0,0,4,25
2024061436110,2024,061436110,374325,411937,-2.38947,53.60336,3,3,6,13:18,-1,E08000001,4,0,1,0,1,1,8,4,0,0,0,1,0,0,0,0,1,4,26
2024061436212,2024,061436212,361364,401053,-2.58398,53.50474,3,3,6,17:33,-1,E08000010,6,0,1,0,1,19,7,1,0,0,0,1,0,0,0,0,1,4,26
2024061436236,2024,061436236,395749,414211,-2.06575,53.62442,2,2,5,00:20,-1,E08000005,1,2,1,0,2,19,3,7,0,1,0,1,0,0,0,0,0,4,25
2024061436243,2024,061436243,355772,406107,-2.669,53.54972,2,2,6,22:40,-1,E08000010,6,2,1,0,1,"[9, 19]","[6, 1]","[7, 5]",0,0,0,1,1,0,0,0,0,4,26
2024061436441,2024,061436441,383336,395405,-2.25241,53.45513,3,3,6,16:45,-1,E08000003,6,0,1,0,1,"[19, 7]",-1,-1,0,0,0,1,1,0,0,0,0,4,26
2024061436529,2024,061436529,385672,396684,-2.21729,53.4667,3,3,7,22:09,-1,E08000003,3,2,1,0,1,"[19, 9]","[5, 1]","[1, 5]",0,0,0,1,0,0,0,0,0,4,27
2024061436543,2024,061436543,380992,395709,-2.28773,53.45779,3,3,7,21:53,-1,E08000009,3,2,1,0,1,"[12, 19]","[3, 7]","[7, 3]",0,0,0,1,0,0,0,0,0,4,27
2024061436564,2024,061436564,385862,395943,-2.2144,53.46004,3,3,1,03:11,-1,E08000003,6,2,1,0,1,19,7,3,0,0,0,1,0,0,0,0,0,4,28
2024061436578,2024,061436578,387056,391554,-2.19623,53.42062,2,2,7,09:00,-1,E08000007,6,0,1,0,1,"[4, 19]",4,"[6, 8]",0,0,0,1,0,1,0,0,0,4,27
2024061436687,2024,061436687,361436,404461,-2.58331,53.53537,3,3,7,16:25,-1,E08000010,3,0,1,0,1,"[9, 19]","[4, 3]","[2, 7]",0,0,0,1,1,0,0,0,0,4,27
2024061436711,2024,061436711,383885,395205,-2.24414,53.45335,2,2,6,11:15,-1,E08000003,6,0,1,0,1,"[3, 1]",-1,-1,0,0,0,1,0,0,0,0,0,4,26
2024061436763,2024,061436763,382139,387563,-2.26999,53.38461,2,2,1,17:50,-1,E08000003,6,0,1,0,1,19,8,4,0,0,0,1,0,0,0,0,1,4,28
2024061436766,2024,061436766,388087,400514,-2.18106,53.50118,3,3,1,15:30,-1,E08000003,6,0,1,0,1,"[9, 13]",8,"[5, 4]",0,0,0,1,0,1,0,0,0,4,28
2024061436769,2024,061436769,370113,409772,-2.45291,53.58368,3,3,1,17:50,-1,E08000001,6,0,1,0,1,19,2,6,0,0,0,1,0,0,0,0,1,4,28
2024061436782,2024,061436782,375155,387116,-2.37496,53.3803,3,3,1,19:20,-1,E08000009,4,0,1,0,1,"[5, 19]","[5, 3]","[1, 7]",0,"[0, 7]","[0, 11]",1,0,0,0,0,0,4,28
2024061436791,2024,061436791,384978,411070,-2.22844,53.59598,3,3,1,17:21,-1,E08000005,6,0,1,0,1,"[4, 19]","[3, 5]","[7, 1]",0,0,0,1,0,0,0,0,0,4,28
2024061436841,2024,061436841,387430,399788,-2.19094,53.49464,2,2,2,04:13,-1,E08000003,6,2,1,0,1,"[9, 19]","[8, 2]",6,"[0, 10]","[0, 8]","[0, 10]",1,0,0,0,0,0,4,29
2024061436899,2024,061436899,392325,395382,-2.11705,53.45514,3,3,4,14:25,-1,E08000008,6,0,9,-1,1,-1,-1,-1,-1,-1,0,1,1,0,0,0,0,4,17
2024061436970,2024,061436970,375861,410281,-2.36613,53.58855,2,2,6,15:16,-1,E08000002,4,0,1,0,2,19,-1,-1,0,0,0,1,0,0,0,0,0,4,26
2024061436974,2024,061436974,384127,397167,-2.24059,53.47099,3,3,7,14:25,-1,E08000003,2,0,9,-1,1,-1,-1,-1,-1,-1,0,1,0,0,0,0,0,4,20
2024061436983,2024,061436983,354708,408593,-2.68542,53.57197,2,2,1,13:25,-1,E08000010,4,0,1,0,1,19,"[4, 1]","[1, 4]",0,0,0,1,0,1,0,0,0,3,31
2024061436995,2024,061436995,372406,388488,-2.4164,53.3925,3,3,5,16:03,-1,E08000009,4,0,1,0,2,"[2, 4]","[1, 8]",3,0,0,0,1,0,1,0,0,0,4,4
2024061437004,2024,061437004,390344,390635,-2.14673,53.41243,3,3,4,12:55,-1,E08000007,6,0,2,1,1,"[9, 19]",1,"[7, 5]",0,0,0,1,0,0,0,0,0,4,3
2024061437016,2024,061437016,381116,396479,-2.28591,53.46471,2,2,6,19:02,-1,E08000009,6,0,1,-1,1,-1,-1,-1,-1,-1,0,1,1,0,0,0,0,4,12
2024061437151,2024,061437151,391222,387854,-2.13344,53.38745,3,3,2,15:20,-1,E08000007,3,0,1,0,1,"[9, 19]",-1,-1,0,0,0,1,0,0,0,0,0,4,29
2024061437193,2024,061437193,387811,394776,-2.185,53.4496,3,3,2,21:02,-1,E08000003,6,2,2,1,1,"[1, 10]",-1,-1,0,0,0,1,1,0,0,0,0,4,29
2024061437205,2024,061437205,398033,395338,-2.03109,53.45479,2,2,2,14:45,-1,E08000008,1,0,1,0,2,"[19, 4]",7,3,0,0,0,1,0,0,1,0,0,4,29
2024061437212,2024,061437212,378927,390715,-2.31849,53.41282,3,3,3,02:10,-1,E08000009,6,2,1,0,1,19,7,3,0,0,0,1,0,0,0,0,0,4,30
2024061437232,2024,061437232,392912,400352,-2.10832,53.49982,3,3,2,11:20,-1,E08000008,6,0,1,0,1,19,"[1, 7]","[7, 2]",0,0,0,1,0,0,0,0,0,4,29
2024061437234,2024,061437234,357138,400646,-2.64763,53.50075,3,3,3,21:30,-1,E08000010,3,2,4,-1,1,-1,-1,-1,-1,-1,0,1,0,1,0,0,0,4,9
2024061437245,2024,061437245,372228,406150,-2.42064,53.55124,3,3,3,12:25,-1,E08000001,6,0,5,-1,1,-1,-1,-1,-1,-1,0,1,0,0,0,0,0,4,9
2024061437250,2024,061437250,371663,410976,-2.42961,53.59459,3,3,7,07:54,-1,E08000001,6,0,1,0,1,"[5, 2]","[5, 1]",1,0,0,0,1,0,0,0,0,0,4,27
2024061437319,2024,061437319,386501,400120,-2.20496,53.4976,3,3,3,08:30,-1,E08000003,3,0,4,0,1,"[4, 19]",-1,-1,0,0,0,1,1,0,0,0,0,4,30
2024061437349,2024,061437349,389974,404144,-2.15273,53.53385,3,3,3,08:20,-1,E08000004,3,0,1,0,1,-1,-1,-1,-1,-1,0,1,0,0,0,0,1,4,30
2024061437395,2024,061437395,385488,394190,-2.21995,53.44428,3,3,2,18:35,-1,E08000003,6,0,1,0,1,"[19, 2]","[3, 0, 5]","[7, 0, 1]",0,0,0,1,0,0,0,0,0,4,29
2024061437425,2024,061437425,385846,390790,-2.21441,53.41372,2,2,2,11:15,-1,E08000007,6,0,1,0,1,"[2, 19]",-1,-1,"[0, 8]",0,0,1,1,0,0,0,0,4,29
2024061437443,2024,061437443,371909,404642,-2.42532,53.53767,2,2,3,12:07,-1,E08000006,6,0,1,0,1,1,8,4,0,0,0,1,0,0,0,0,1,4,30
2024061437572,2024,061437572,392133,407150,-2.12024,53.56091,3,3,3,15:50,-1,E08000004,3,0,1,0,1,"[9, 19]","[7, 2]","[5, 7]",0,0,0,1,0,0,0,0,0,4,30
2024061437580,2024,061437580,386575,407352,-2.20415,53.56261,3,3,3,16:05,-1,E08000005,3,0,1,0,1,-1,-1,-1,-1,-1,0,1,0,0,0,0,1,4,30
2024061437601,2024,061437601,385533,410465,-2.22003,53.59056,2,2,2,13:10,-1,E08000005,6,0,1,0,1,19,3,7,0,3,0,1,0,0,0,0,0,4,29
2024061437610,2024,061437610,391902,402925,-2.12361,53.52293,3,3,5,08:50,-1,E08000004,3,0,1,0,1,"[19, 9]","[3, 5]","[7, 2]",0,0,0,1,0,0,1,0,0,4,25
2024061437683,2024,061437683,360413,397912,-2.59792,53.47644,2,2,4,05:30,-1,E08000010,6,2,1,0,1,"[2, 19]","[0, 3]","[0, 7]",0,0,0,1,1,0,0,0,0,5,1
2024061437809,2024,061437809,379268,393676,-2.31356,53.43945,3,3,4,13:25,-1,E08000009,6,0,1,0,2,3,6,8,0,0,0,1,0,0,0,0,1,4,17
2024061437890,2024,061437890,387476,384615,-2.18964,53.35826,2,2,3,18:35,-1,E08000007,4,0,1,0,1,"[19, 7]","[3, 7]","[7, 3]",0,0,0,1,0,0,0,0,0,4,30
2024061437954,2024,061437954,394175,400027,-2.08927,53.49691,3,3,3,18:00,-1,E08000008,6,0,1,0,1,-1,-1,-1,-1,-1,0,1,0,0,0,0,1,4,30
2024061438033,2024,061438033,384090,397120,-2.24115,53.47057,3,3,4,22:10,-1,E08000003,3,2,8,0,1,"[99, -1]",-1,-1,"[99, -1]","[3, -1]",0,1,0,0,0,0,0,5,1
2024061438051,2024,061438051,390890,398035,-2.13873,53.47896,2,2,1,11:03,-1,E08000008,3,0,1,0,1,"[19, 6]","[7, 3]","[3, 7]",0,0,0,1,0,1,0,0,0,4,28
2024061438091,2024,061438091,394063,395205,-2.09087,53.45357,3,3,4,12:15,-1,E08000008,3,0,1,0,1,19,1,1,0,0,0,1,0,0,0,0,1,4,10
2024061438202,2024,061438202,384824,396260,-2.23005,53.46286,3,3,4,09:52,-1,E08000003,4,0,1,0,1,"[19, 10]",4,"[8, 2]",0,0,0,1,0,0,1,0,0,5,1
2024061438345,2024,061438345,384064,397804,-2.24157,53.47672,2,2,7,18:10,-1,E08000003,3,0,1,0,1,19,6,2,0,0,0,0,0,0,1,0,1,3,30
2024061438365,2024,061438365,373313,403357,-2.40403,53.52619,2,"[2, 3]",5,10:45,-1,E08000006,6,0,1,0,1,19,"[8, 6]","[5, 2]",0,0,0,1,0,0,0,0,0,5,2
2024061438466,2024,061438466,382569,385492,-2.26341,53.36601,3,3,5,17:45,-1,E08000003,3,0,1,0,1,19,3,7,0,0,0,1,0,0,0,0,1,5,2
2024061438482,2024,061438482,365738,400798,-2.51801,53.50275,2,2,5,18:00,-1,E08000010,4,0,1,0,1,19,1,5,0,0,0,1,0,0,0,0,1,5,2
2024061438486,2024,061438486,390200,413906,-2.14963,53.6216,3,3,3,23:00,-1,E08000005,3,2,2,0,1,"[19, 2, 5]","[6, 0, 4]","[2, 0, 8]","[4, 0]","[0, 1]",0,1,0,0,0,0,0,4,30
2024061438499,2024,061438499,378190,415532,-2.33132,53.63585,3,3,5,15:15,-1,E08000002,3,0,1,0,1,-1,-1,-1,-1,-1,0,1,0,0,0,0,1,5,2
2024061438523,2024,061438523,392202,405266,-2.11915,53.54397,3,3,6,22:49,-1,E08000004,6,2,8,0,1,19,"[5, 7]","[5, 7]",0,0,0,1,0,0,0,0,0,2,2
2024061438737,2024,061438737,398711,396469,-2.02088,53.46496,3,3,5,19:21,-1,E08000008,6,0,1,0,1,19,4,8,7,0,0,1,0,0,0,0,0,5,2
2024061438771,2024,061438771,384907,398070,-2.22889,53.47913,3,3,5,16:50,-1,E08000003,6,0,1,0,1,19,4,8,0,7,3,1,0,0,0,0,1,5,2
2024061438868,2024,061438868,380863,395401,-2.28965,53.45501,3,3,6,16:20,-1,E08000009,6,0,1,0,1,3,-1,-1,0,1,0,1,0,0,0,0,1,5,3
2024061438906,2024,061438906,358765,405405,-2.62374,53.54366,3,3,6,15:15,-1,E08000010,6,0,1,0,1,19,-1,-1,0,0,0,1,0,0,0,0,0,5,3
2024061438924,2024,061438924,393312,401634,-2.10232,53.51134,3,3,4,01:30,-1,E08000004,6,2,1,0,2,19,6,3,0,1,9,1,0,0,0,0,0,5,1
2024061438931,2024,061438931,380929,410392,-2.28958,53.58976,3,3,7,21:35,-1,E08000002,6,0,2,1,1,-1,-1,-1,-1,-1,0,1,0,0,0,0,1,4,6
2024061439086,2024,061439086,384711,393522,-2.23162,53.43825,3,3,5,21:45,-1,E08000003,6,2,1,0,1,19,-1,-1,0,0,0,1,1,0,0,0,0,5,2
2024061439092,2024,061439092,381895,410640,-2.275,53.59202,3,3,5,17:22,-1,E08000002,4,0,2,1,1,9,-1,-1,0,0,0,1,0,0,0,0,0,4,25
2024061439142,2024,061439142,380827,395972,-2.29023,53.46014,2,2,7,14:30,-1,E08000009,3,0,1,0,1,19,1,3,0,7,0,1,0,0,0,0,1,5,4
2024061439253,2024,061439253,388542,400899,-2.17422,53.50465,2,2,7,18:00,-1,E08000004,3,0,1,0,1,19,"[6, 5]","[2, 1]",0,"[2, 0]",0,1,0,0,0,0,0,5,4
2024061439338,2024,061439338,393271,398944,-2.10288,53.48717,3,3,7,16:24,-1,E08000008,6,0,1,0,1,19,6,2,0,0,0,1,0,0,0,0,1,5,4
2024061439341,2024,061439341,386907,401496,-2.19889,53.50998,2,2,7,20:04,-1,E08000003,6,0,1,0,1,19,3,7,0,0,0,1,0,0,0,0,1,5,4
2024061439360,2024,061439360,364092,400074,-2.54274,53.49613,3,3,7,20:10,-1,E08000010,6,0,1,0,1,19,1,5,0,0,0,1,0,0,0,0,1,5,4
2024061439412,2024,061439412,357965,410370,-2.63648,53.58822,2,2,1,17:33,-1,E08000010,3,0,1,0,2,"[13, 19]","[5, 1]","[1, 5]",0,0,0,1,1,0,0,0,0,5,5
2024061439416,2024,061439416,383997,397193,-2.24255,53.47122,2,2,7,22:30,-1,E08000003,6,2,1,0,1,5,8,4,0,0,0,0,0,0,1,0,1,5,4
2024061439432,2024,061439432,368543,402261,-2.47587,53.51608,2,2,1,09:44,-1,E08000010,3,0,1,0,1,9,5,2,0,0,0,1,0,0,0,0,1,5,5
2024061439462,2024,061439462,397460,394339,-2.03971,53.44581,3,3,1,18:47,-1,E08000008,6,0,1,0,1,19,7,"[7, 6]",0,0,0,1,0,0,0,0,0,5,5
2024061439644,2024,061439644,383240,398906,-2.25405,53.4866,3,3,4,14:30,-1,E08000006,3,0,1,0,1,"[99, -1]",-1,-1,"[0, -1]","[0, -1]",0,1,0,0,0,0,0,4,24
2024061439889,2024,061439889,378472,396946,-2.32577,53.46881,2,2,3,14:21,-1,E08000009,3,0,1,0,1,"[19, 99]",-1,-1,0,0,0,0,1,0,1,0,0,4,23
2024061440171,2024,061440171,383721,388880,-2.24628,53.3965,2,2,1,20:23,-1,E08000003,1,0,1,0,1,19,1,1,0,0,0,1,0,0,0,0,0,4,21
2024061440173,2024,061440173,382703,397686,-2.26207,53.47561,3,3,4,07:45,-1,E08000003,3,0,1,0,1,"[-1, 19]",-1,-1,"[-1, 0]","[-1, 0]",0,1,0,0,0,0,0,5,8
2024061440227,2024,061440227,385696,412084,-2.21764,53.60512,3,3,6,13:15,-1,E08000005,4,0,2,1,2,19,7,2,0,0,0,1,0,0,0,0,0,4,5
2024061440240,2024,061440240,360150,403112,-2.60254,53.52315,3,3,2,10:25,-1,E08000010,3,0,8,0,1,1,-1,-1,0,0,0,1,0,0,0,0,1,5,6
2024061440342,2024,061440342,375245,397752,-2.37444,53.47591,3,3,3,08:30,-1,E08000006,3,0,1,0,1,19,3,6,0,0,0,1,0,0,0,0,1,5,7
2024061440416,2024,061440416,381881,394002,-2.27424,53.44247,3,3,1,14:05,-1,E08000003,3,0,1,0,1,"[-1, 99]",-1,-1,"[-1, 99]","[-1, 9]","[0, 99]",1,0,0,0,0,0,4,28
2024061440440,2024,061440440,387375,394199,-2.19154,53.44441,3,3,4,16:00,-1,E08000003,3,0,1,0,1,19,1,5,0,0,0,1,0,0,0,0,1,5,8
2024061440468,2024,061440468,374317,405360,-2.38905,53.54425,3,3,4,17:54,-1,E08000001,3,0,1,0,1,5,3,7,0,0,0,1,0,0,0,0,1,5,8
2024061440483,2024,061440483,392627,397054,-2.11254,53.47017,2,"[3, 2]",4,19:47,-1,E08000008,3,0,1,0,1,"[13, 7]","[1, 5]","[5, 1]",0,7,"[10, 0]",1,0,0,0,0,0,5,8
2024061440489,2024,061440489,371323,411672,-2.43481,53.60082,2,"[3, 2]",4,18:35,-1,E08000001,3,0,1,0,1,19,3,7,0,0,0,1,0,0,0,0,0,5,8
2024061440513,2024,061440513,387016,399495,-2.19717,53.492,2,2,4,17:40,-1,E08000003,6,0,1,0,1,"[9, 19]","[3, 6]","[8, 2]",0,"[0, 1]",0,0,0,0,1,0,0,5,8
2024061440621,2024,061440621,380687,407933,-2.29308,53.56765,3,3,4,17:30,-1,E08000002,6,0,1,0,1,"[9, 15]",-1,-1,1,0,0,1,1,0,0,0,0,5,8
2024061440780,2024,061440780,371201,408487,-2.43636,53.57219,3,3,5,07:06,-1,E08000001,4,0,1,0,1,19,3,7,0,0,0,1,1,0,0,0,0,5,9
2024061440800,2024,061440800,374298,410032,-2.38972,53.58624,3,3,4,17:00,-1,E08000001,6,0,1,0,1,19,"[3, 1]","[7, 5]",0,0,0,1,0,0,0,0,0,5,1
2024061440920,2024,061440920,372571,392392,-2.41426,53.4276,2,"[2, 3]",7,08:52,-1,E08000009,3,0,1,0,2,"[13, 9]",5,1,0,0,0,1,0,1,0,0,0,3,30
2024061440946,2024,061440946,381506,401909,-2.28036,53.51353,3,3,5,18:52,-1,E08000006,6,0,1,0,1,"[19, 5]","[7, 1]","[3, 5]",0,0,0,1,0,0,0,0,0,5,9
2024061440958,2024,061440958,374610,403008,-2.38444,53.52312,2,"[3, 2]",5,15:45,-1,E08000006,3,0,1,0,1,"[9, 13]",3,7,0,0,0,1,0,1,0,0,0,5,9
2024061440991,2024,061440991,389500,396649,-2.15963,53.46647,3,3,5,21:10,-1,E08000003,6,2,1,0,1,19,7,3,0,0,0,1,0,0,0,0,1,5,9
2024061441140,2024,061441140,380587,399087,-2.29404,53.48813,3,3,5,08:50,-1,E08000006,6,0,1,0,1,"[2, 20]","[0, 5]",0,"[0, 4]",0,0,1,0,0,0,0,1,5,9
2024061441172,2024,061441172,383584,398126,-2.24882,53.4796,3,3,3,19:00,-1,E08000003,3,0,1,0,1,"[11, 19]",-1,-1,0,0,0,1,1,0,0,0,0,4,30
2024061441176,2024,061441176,396730,402103,-2.05078,53.51559,2,2,5,15:15,-1,E08000008,3,0,1,0,1,19,5,1,0,0,0,1,1,0,0,0,0,5,9
2024061441180,2024,061441180,383978,385275,-2.24223,53.3641,2,2,5,08:12,-1,E08000003,4,0,1,0,1,9,-1,-1,0,0,0,1,1,0,0,0,0,5,9
2024061441309,2024,061441309,389274,398225,-2.16309,53.48064,2,2,5,14:50,-1,E08000008,3,0,1,0,1,"[9, 19]","[6, 7, 3]","[3, 7]",0,0,0,1,0,1,0,0,0,5,9
2024061441319,2024,061441319,381687,397579,-2.27737,53.47462,2,2,6,15:49,-1,E08000006,6,0,1,0,1,19,1,5,0,0,0,1,0,0,0,0,1,5,10
2024061441347,2024,061441347,375534,397856,-2.3701,53.47686,2,2,3,07:47,-1,E08000006,3,0,1,0,1,"[9, 19]","[4, 1]","[1, 5]",0,0,0,1,0,0,0,0,0,5,7
2024061441374,2024,061441374,385291,395839,-2.22299,53.45909,2,2,5,14:15,-1,E08000003,6,0,1,0,1,1,1,1,0,0,0,1,0,0,0,0,1,5,9