collision_index,collision_year,collision_ref_no,location_easting_osgr,location_northing_osgr,longitude,latitude,casualty_severity,casualty_severity,day_of_week,time,local_authority_district,local_authority_ons_district,first_road_class,light_conditions,weather_conditions,road_surface_conditions,urban_or_rural_area,vehicle_manoeuvre,vehicle_direction_from,vehicle_direction_to,hit_object_in_carriageway,vehicle_leaving_carriageway,hit_object_off_carriageway,is_car,is_cyle,is_mcyle,is_goodsv,is_other,is_pedestrian,month,day
2024061441401,2024,061441401,393085,414997,-2.10604,53.63145,2,"[3, 2]",6,22:28,-1,E08000005,6,2,1,0,1,19,5,1,0,0,0,1,0,0,0,0,0,5,10
2024061441646,2024,061441646,375595,398250,-2.36921,53.4804,2,2,7,16:57,-1,E08000006,6,0,1,0,1,1,3,2,0,0,0,1,0,0,0,0,1,5,11
2024061441652,2024,061441652,402200,405794,-1.96827,53.54878,2,2,7,15:58,-1,E08000004,3,0,1,0,2,19,2,6,"[7, 0]",0,0,0,0,1,0,0,0,5,11
2024061441772,2024,061441772,385098,395548,-2.22589,53.45647,3,3,1,10:40,-1,E08000003,4,0,1,0,1,"[7, 5]",-1,-1,"[99, 0]","[0, 1]",0,1,1,0,0,0,0,5,12
2024061441776,2024,061441776,374485,400724,-2.38613,53.50258,2,2,7,19:57,-1,E08000006,3,0,1,0,2,"[7, 15]",1,5,0,0,0,1,1,0,0,0,0,5,11
2024061441813,2024,061441813,382158,395230,-2.27014,53.45352,3,3,7,14:30,-1,E08000009,6,0,1,0,1,5,0,8,0,1,0,1,0,0,0,0,0,5,11
2024061441833,2024,061441833,378449,388396,-2.32553,53.39195,2,2,1,14:10,-1,E08000009,3,0,1,0,1,19,7,3,10,0,0,0,0,1,0,0,0,5,12
2024061441858,2024,061441858,370481,389334,-2.44542,53.4,3,3,1,15:35,-1,E08000009,6,0,1,0,2,-1,-1,-1,-1,-1,0,1,1,0,0,0,0,5,12
2024061441861,2024,061441861,372909,413148,-2.41098,53.61417,3,3,1,13:10,-1,E08000001,4,0,1,0,1,19,"[5, 3]","[1, 7]",0,0,0,1,0,1,0,0,0,5,12
2024061441865,2024,061441865,379618,395452,-2.30841,53.45542,3,3,1,15:28,-1,E08000009,6,0,1,0,1,19,3,2,0,0,0,0,0,1,0,0,0,5,12
2024061441878,2024,061441878,396427,405411,-2.05539,53.54532,3,3,1,15:40,-1,E08000004,6,0,1,0,1,"[19, 9]",-1,-1,0,"[0, 8]",0,1,0,0,0,0,0,5,12
2024061441988,2024,061441988,368234,402582,-2.48056,53.51894,3,3,1,11:44,-1,E08000010,3,0,1,0,1,"[9, 19]","[4, 8]","[1, 4]",0,0,0,1,1,0,0,0,0,5,12
2024061441995,2024,061441995,375442,407391,-2.37223,53.56255,3,3,4,08:35,-1,E08000001,3,2,1,0,1,-1,-1,-1,"[0, -1]","[0, -1]",0,1,0,1,0,0,0,5,8
2024061442005,2024,061442005,371074,409007,-2.43833,53.57686,3,3,1,01:24,-1,E08000001,6,0,1,0,1,-1,-1,-1,-1,-1,0,1,0,0,0,0,1,4,21
2024061442016,2024,061442016,384717,393496,-2.23152,53.43802,3,3,7,09:48,-1,E08000003,6,0,1,1,1,"[15, 19]","[5, -1]","[1, -1]",0,0,0,1,1,0,0,0,0,5,4
2024061442057,2024,061442057,379573,396769,-2.30917,53.46726,3,3,2,09:12,-1,E08000009,3,0,1,0,1,19,1,5,0,0,0,1,0,0,0,0,0,5,13
2024061442060,2024,061442060,374617,405195,-2.38451,53.54278,3,3,7,12:30,-1,E08000001,3,0,1,0,1,-1,-1,-1,0,0,0,1,0,0,0,0,0,4,20
2024061442071,2024,061442071,393924,399964,-2.09306,53.49634,3,3,3,16:46,-1,E08000008,6,0,9,-1,1,"[10, 19]",-1,-1,0,0,0,1,0,0,0,0,0,4,30
2024061442120,2024,061442120,390807,393049,-2.13984,53.43414,2,2,2,08:05,-1,E08000007,6,0,8,1,1,"[19, 3]",-1,-1,"[0, 10]",0,0,1,1,0,0,0,0,5,13
2024061442183,2024,061442183,353069,404506,-2.70955,53.5351,2,2,2,07:57,-1,E08000010,4,0,1,0,1,19,1,5,0,0,0,1,0,0,0,0,1,5,13
2024061442209,2024,061442209,388079,395233,-2.18098,53.45372,3,3,2,11:42,-1,E08000003,4,0,1,0,1,"[7, 19, 3]","[1, 5]","[5, 3, 1]","[0, 4]",0,0,1,0,0,0,0,0,5,13
2024061442250,2024,061442250,392860,391441,-2.1089,53.41972,3,3,2,13:40,-1,E08000007,3,0,1,0,1,"[19, 5]","[0, 3]","[7, 5]",0,0,0,1,0,0,0,0,0,5,13
2024061442332,2024,061442332,382427,396309,-2.26615,53.46323,3,3,7,22:40,-1,E08000009,6,2,1,0,1,"[19, 9]",-1,-1,99,0,0,1,0,0,0,0,0,5,11
2024061442357,2024,061442357,372336,407863,-2.41917,53.56664,3,3,5,15:30,-1,E08000001,6,0,1,0,1,-1,-1,-1,-1,-1,0,1,0,0,0,0,1,5,9
2024061442375,2024,061442375,385153,395397,-2.22505,53.45512,3,3,2,18:25,-1,E08000003,4,0,1,0,1,"[-1, 19]",-1,-1,"[-1, 0]","[-1, 0]",0,1,1,0,0,0,0,5,13
2024061442422,2024,061442422,362190,396896,-2.57102,53.46744,2,2,2,22:31,-1,E08000010,4,2,1,0,1,4,7,4,0,0,0,1,0,0,0,0,1,5,13
2024061442456,2024,061442456,384821,394998,-2.23003,53.45152,3,3,2,10:15,-1,E08000003,6,0,1,0,1,19,"[4, 1]","[7, 5]",0,0,0,1,0,0,0,0,0,5,13
2024061442527,2024,061442527,387141,398342,-2.19524,53.48164,3,3,7,13:59,-1,E08000003,3,0,1,0,1,"[9, 19]",3,7,0,0,0,1,0,0,0,0,0,5,11
2024061442657,2024,061442657,388310,400330,-2.1777,53.49954,3,3,2,15:31,-1,E08000003,6,0,1,0,1,5,1,5,0,0,0,1,0,0,0,0,1,5,13
2024061442676,2024,061442676,377507,398572,-2.34042,53.48338,3,3,3,09:45,-1,E08000006,3,0,2,1,1,5,7,3,0,0,0,1,0,0,0,0,1,5,14
2024061442692,2024,061442692,372815,402587,-2.41147,53.51925,2,"[3, 2]",4,15:08,-1,E08000006,6,0,1,0,1,"[19, 7]",-1,-1,0,0,0,1,0,0,0,0,0,5,1
2024061442733,2024,061442733,384647,398032,-2.2328,53.47879,3,3,3,10:02,-1,E08000003,3,0,1,0,1,"[19, 6]","[1, 5]","[5, 1]",0,0,0,1,0,0,0,0,0,5,14
2024061442769,2024,061442769,374750,410086,-2.3829,53.58674,3,3,3,08:04,-1,E08000001,6,0,2,1,1,"[19, 9]",5,"[3, 7]",0,0,0,1,0,0,0,0,1,5,14
2024061442927,2024,061442927,383984,396766,-2.24273,53.46739,2,"[3, 2]",3,08:05,-1,E08000003,6,0,1,1,1,"[9, 19]",-1,-1,0,0,0,1,0,0,0,0,0,5,14
2024061442952,2024,061442952,390937,402331,-2.13815,53.51757,2,2,3,15:32,-1,E08000004,6,0,1,0,1,19,"[1, 6]","[5, 2]",0,0,0,1,0,1,0,0,0,5,14
2024061443109,2024,061443109,357321,400705,-2.64488,53.5013,3,3,4,12:40,-1,E08000010,4,0,1,0,2,"[3, 4]",4,"[2, 8]",0,0,0,1,0,1,0,0,0,5,1
2024061443142,2024,061443142,394232,392797,-2.08828,53.43193,3,3,4,13:20,-1,E08000007,3,0,1,0,1,19,6,2,0,1,0,1,0,0,0,0,0,5,1
2024061443325,2024,061443325,378162,398435,-2.33054,53.48218,3,3,4,13:40,-1,E08000006,3,0,1,0,1,"[4, 3]",1,5,0,0,0,1,0,0,1,0,0,5,15
2024061443331,2024,061443331,363487,411714,-2.55322,53.60071,3,3,4,16:20,-1,E08000001,3,0,1,0,1,"[2, 19]",-1,-1,0,0,0,1,1,0,0,0,0,5,15
2024061443339,2024,061443339,383354,397722,-2.25227,53.47596,2,2,3,17:30,-1,E08000003,3,0,1,0,1,3,-1,-1,10,1,0,1,0,0,0,0,1,5,14
2024061443344,2024,061443344,394294,405342,-2.08758,53.54469,3,3,4,14:00,-1,E08000004,6,0,1,0,1,-1,-1,-1,-1,-1,0,1,0,0,0,0,0,5,15
2024061443376,2024,061443376,381391,394643,-2.28166,53.44822,3,3,4,18:25,-1,E08000003,6,0,1,1,1,"[19, 9]",-1,-1,0,"[1, 0]",0,1,1,0,0,0,0,5,15
2024061443380,2024,061443380,391754,407999,-2.12598,53.56853,3,3,3,08:00,-1,E08000004,6,0,9,-1,1,"[15, 7]",-1,-1,99,"[1, 7]",99,1,1,0,0,0,0,5,14
2024061443540,2024,061443540,370705,415310,-2.44449,53.63349,3,3,2,17:00,-1,E08000001,3,0,1,0,1,19,"[5, 1]","[1, 5]",0,0,0,1,0,0,0,0,0,4,8
2024061443583,2024,061443583,392485,412750,-2.11506,53.61125,3,3,4,10:55,-1,E08000005,3,0,1,0,1,-1,-1,-1,-1,-1,0,1,0,0,0,0,0,4,24
2024061443612,2024,061443612,371276,405900,-2.43499,53.54894,2,2,4,18:00,-1,E08000001,4,0,1,0,1,19,-1,-1,0,1,0,1,0,0,0,0,1,5,8
2024061443616,2024,061443616,383875,393603,-2.2442,53.43895,3,3,4,12:45,-1,E08000003,3,0,1,0,1,"[11, 19]",5,1,0,0,0,1,0,1,0,0,0,5,15
2024061443636,2024,061443636,386925,404818,-2.19876,53.53984,2,"[3, 2]",7,21:10,-1,E08000005,6,0,1,0,1,-1,-1,-1,-1,-1,0,1,0,0,0,0,1,4,27
2024061443699,2024,061443699,389459,395729,-2.16022,53.4582,2,2,3,17:45,-1,E08000003,3,0,1,0,1,"[19, 5]","[7, 1]","[3, 5]",0,0,0,1,0,0,0,0,0,4,30
2024061443711,2024,061443711,385518,390475,-2.21933,53.41088,3,3,4,10:45,-1,E08000003,3,0,1,0,1,"[4, 5]",-1,-1,0,0,0,1,0,0,0,0,0,5,15
2024061443750,2024,061443750,385971,401956,-2.21303,53.51409,3,3,5,07:50,-1,E08000003,3,0,1,0,1,"[8, -1]",-1,-1,"[8, -1]","[0, -1]",0,0,1,0,0,1,0,5,16
2024061443766,2024,061443766,386677,390319,-2.20188,53.40951,3,3,3,17:30,-1,E08000007,6,0,1,0,1,"[9, 19]",-1,-1,0,0,0,1,1,0,0,0,0,4,30
2024061443773,2024,061443773,384165,395199,-2.23992,53.45331,3,3,5,16:30,-1,E08000003,6,0,1,0,1,19,-1,-1,0,0,0,1,1,0,0,0,0,5,16
2024061443821,2024,061443821,381450,399836,-2.28108,53.4949,1,1,5,15:53,-1,E08000006,6,0,1,0,1,19,"[5, 4]","[1, 2]",0,0,0,0,1,0,1,0,0,5,16
2024061443830,2024,061443830,392307,398313,-2.11739,53.48148,3,3,5,19:16,-1,E08000008,3,0,1,0,1,"[19, 9]","[3, 1, 7]","[7, 5, 3]",0,0,0,1,0,0,0,0,0,5,16
2024061443858,2024,061443858,391918,392015,-2.12309,53.42487,3,3,5,22:55,-1,E08000007,3,2,1,0,1,"[3, 4]",1,5,0,0,0,1,0,0,0,0,0,5,16
2024061443868,2024,061443868,385587,397952,-2.21863,53.47809,3,3,4,19:48,-1,E08000003,3,0,1,0,1,"[9, 19]","[1, 7]",5,0,0,0,1,0,0,0,0,0,5,15
2024061443883,2024,061443883,395001,397802,-2.07679,53.47692,3,3,2,09:40,-1,E08000008,4,0,2,-1,1,-1,-1,-1,-1,-1,0,1,0,0,0,0,0,4,22
2024061443910,2024,061443910,384883,398476,-2.22927,53.48278,3,3,6,23:10,-1,E08000003,3,2,2,1,1,"[9, 19]","[7, 5]","[5, 1]",0,0,0,1,0,0,0,0,0,5,3
2024061443922,2024,061443922,365711,411401,-2.51958,53.59805,3,3,7,20:25,-1,E08000001,4,0,1,0,2,"[9, 19]","[7, 5]","[5, 1]",0,0,0,1,1,0,0,0,0,5,11
2024061444056,2024,061444056,370019,408244,-2.45419,53.56994,2,2,5,15:35,-1,E08000001,6,0,1,0,1,5,5,1,0,0,0,1,0,0,0,0,1,5,16
2024061444103,2024,061444103,377453,389772,-2.3406,53.40428,3,3,6,13:30,-1,E08000009,4,0,1,0,1,"[20, 15]",3,7,0,"[0, 1]",0,1,1,0,0,0,0,5,17
2024061444219,2024,061444219,382739,398574,-2.26158,53.4836,3,3,5,08:30,-1,E08000006,6,0,1,0,1,10,-1,-1,0,0,0,1,0,0,0,0,1,5,16
2024061444252,2024,061444252,364423,410787,-2.53897,53.59244,3,3,6,19:34,-1,E08000001,6,0,1,0,1,1,3,7,0,0,0,1,0,0,0,0,1,5,17
2024061444285,2024,061444285,388343,412152,-2.17764,53.6058,2,2,6,19:00,-1,E08000005,6,0,1,0,1,99,-1,-1,0,0,0,1,0,0,0,0,1,5,17
2024061444321,2024,061444321,396185,407229,-2.05907,53.56166,3,3,6,23:50,-1,E08000004,6,2,1,0,2,"[19, 2]","[8, 4, 0]","[4, 8, 0]",0,0,0,1,0,0,0,0,0,5,17
2024061444429,2024,061444429,394828,395563,-2.07936,53.45679,3,3,5,19:00,-1,E08000008,6,0,1,0,1,19,5,1,0,0,0,1,0,0,0,0,1,5,16
2024061444639,2024,061444639,397952,413204,-2.03243,53.61538,1,"[2, 1]",7,15:56,-1,E08000004,3,0,1,0,2,19,1,5,0,0,0,0,0,1,0,0,1,5,18
2024061444697,2024,061444697,360523,403043,-2.59691,53.52256,2,2,7,08:55,-1,E08000010,3,0,1,0,1,19,4,1,0,0,0,1,0,0,0,0,1,5,18
2024061444713,2024,061444713,394557,403649,-2.08358,53.52947,2,2,7,10:10,-1,E08000004,6,0,8,0,1,"[13, 9]",-1,-1,"[11, 0]","[7, 0]","[11, 0]",1,0,0,0,0,0,5,18
2024061444724,2024,061444724,360958,411738,-2.59144,53.60074,3,3,1,08:55,-1,E08000001,4,0,1,0,2,19,2,6,0,0,0,1,0,0,0,0,0,5,19
2024061444765,2024,061444765,373666,403076,-2.39868,53.52368,2,2,6,09:45,-1,E08000006,3,0,1,0,1,99,-1,-1,0,0,0,1,0,0,0,0,1,5,17
2024061444874,2024,061444874,374730,414939,-2.3836,53.63036,2,2,1,16:20,-1,E08000001,3,0,1,0,2,"[19, 9]","[2, 5]","[5, 3]",0,0,0,1,0,0,0,0,0,5,19
2024061444958,2024,061444958,392384,387818,-2.11597,53.38715,3,3,5,12:40,-1,E08000007,6,0,1,0,2,19,5,1,0,0,0,1,0,0,0,0,1,5,9
2024061445154,2024,061445154,384409,404781,-2.23673,53.53944,2,2,7,13:20,-1,E08000005,1,0,8,0,2,"[19, 4]",-1,-1,0,0,0,1,0,0,0,0,0,5,18
2024061445186,2024,061445186,389933,413086,-2.15364,53.61422,3,3,2,11:00,-1,E08000005,3,0,1,0,1,2,7,3,0,0,0,1,0,0,0,0,1,5,20
2024061445250,2024,061445250,384623,398837,-2.2332,53.48602,3,3,2,12:09,-1,E08000003,3,0,1,0,1,"[99, 14]",-1,-1,0,"[0, 1]",0,1,0,0,0,0,0,5,20
2024061445269,2024,061445269,390998,403225,-2.13726,53.52561,2,2,1,15:55,-1,E08000004,3,0,1,0,1,"[9, 19]","[5, 1]","[5, 1]",0,0,0,1,0,0,0,0,0,5,19
2024061445330,2024,061445330,392749,403128,-2.11084,53.52477,3,3,5,12:11,-1,E08000004,3,0,1,0,1,19,1,5,0,0,0,1,0,0,0,0,1,4,25
2024061445342,2024,061445342,386614,395836,-2.20307,53.4591,3,3,3,20:20,-1,E08000003,3,0,1,0,1,"[9, 19]","[6, 4]","[5, 6]",0,0,0,1,0,0,0,0,0,4,30
2024061445405,2024,061445405,393255,399753,-2.10314,53.49444,3,3,6,15:15,-1,E08000008,6,0,1,0,1,19,4,-1,0,0,0,1,0,0,0,0,1,5,10
2024061445492,2024,061445492,384268,400982,-2.23866,53.50529,2,2,2,19:50,-1,E08000003,6,0,1,0,1,19,3,7,0,0,0,1,0,0,0,0,1,5,20
2024061445647,2024,061445647,383996,398236,-2.24262,53.4806,2,2,7,12:50,-1,E08000003,6,0,1,0,1,19,-1,-1,0,0,0,1,1,0,0,0,0,5,18
2024061445652,2024,061445652,360960,397702,-2.58965,53.47459,3,3,7,09:59,-1,E08000010,6,0,1,0,1,99,2,6,99,9,99,1,0,0,0,0,1,5,18
2024061445705,2024,061445705,388109,390402,-2.18035,53.41029,3,3,3,14:30,-1,E08000007,3,0,1,0,1,19,-1,-1,0,0,0,1,0,0,0,0,1,5,21
2024061445739,2024,061445739,390149,397313,-2.14988,53.47246,3,3,3,08:00,-1,E08000008,3,0,1,0,1,"[10, 15]",3,7,0,0,0,1,0,0,0,0,0,5,21
2024061445748,2024,061445748,365739,411210,-2.51914,53.59633,3,3,3,18:03,-1,E08000001,6,0,1,0,2,19,5,1,0,0,0,1,0,1,0,0,0,5,21
2024061445752,2024,061445752,381731,396180,-2.27663,53.46205,3,3,3,17:19,-1,E08000009,4,0,1,0,1,"[7, 19]",-1,-1,0,0,0,1,1,0,0,0,0,5,21
2024061445793,2024,061445793,392230,405035,-2.11872,53.5419,1,1,3,21:10,-1,E08000004,3,0,1,0,1,19,5,1,0,0,0,1,0,0,0,0,1,5,21
2024061445828,2024,061445828,389645,394392,-2.15737,53.44619,3,3,7,18:00,-1,E08000007,4,0,1,0,1,"[9, 19]","[5, 1]","[3, 5]",0,0,0,1,1,0,0,0,0,5,18
2024061445877,2024,061445877,390237,390992,-2.14835,53.41564,3,3,5,18:00,-1,E08000007,3,0,1,0,1,"[7, 19]",5,"[7, 1]",0,0,0,1,0,0,0,0,0,5,9
2024061446040,2024,061446040,393952,399716,-2.09263,53.49411,3,3,6,07:40,-1,E08000008,6,0,1,0,1,19,5,1,0,0,0,1,0,0,0,0,1,5,10
2024061446162,2024,061446162,370828,409699,-2.44211,53.58306,3,3,3,08:35,-1,E08000001,6,0,2,0,1,9,4,1,0,0,0,1,0,0,0,0,1,5,14
2024061446236,2024,061446236,380373,389317,-2.29665,53.40031,3,3,3,17:09,-1,E08000003,6,0,1,0,1,"[9, 19]",-1,-1,0,"[0, 1]",0,1,1,0,0,0,0,5,21
2024061446273,2024,061446273,376693,386933,-2.35182,53.37873,3,3,5,13:00,-1,E08000009,6,2,1,0,1,19,5,1,0,0,0,1,1,0,0,0,0,4,25
2024061446300,2024,061446300,364539,407628,-2.53686,53.56406,3,3,4,12:44,-1,E08000001,3,0,2,1,2,19,"[4, 8]","[8, 4]",0,0,0,1,0,0,0,0,0,5,22
2024061446399,2024,061446399,381228,404904,-2.28473,53.54044,3,3,4,16:27,-1,E08000002,3,0,2,1,1,"[3, 9]",5,1,0,0,0,1,0,1,0,0,0,5,22
2024061447005,2024,061447005,383843,397913,-2.24491,53.47769,3,3,5,13:15,-1,E08000003,3,0,1,0,1,-1,-1,-1,-1,-1,0,1,0,0,0,0,1,5,16
2024061447027,2024,061447027,379842,389268,-2.30464,53.39985,3,3,6,10:28,-1,E08000003,6,0,1,0,1,"[2, 1]","[0, 7]","[0, 3]",0,0,0,1,0,0,1,0,0,5,3
2024061447036,2024,061447036,371858,409141,-2.4265,53.5781,3,3,6,12:40,-1,E08000001,3,0,1,0,1,5,1,5,0,0,0,1,0,0,0,0,1,5,10
2024061447153,2024,061447153,391192,392277,-2.13402,53.42721,3,3,7,16:00,-1,E08000007,6,0,1,0,1,"[4, 7]","[8, 4]","[3, 1]",0,0,0,1,0,1,0,0,0,5,18
2024061447169,2024,061447169,388370,404329,-2.17694,53.53548,3,3,6,13:20,-1,E08000004,6,0,1,0,1,"[19, 8]",3,"[7, 5]",0,0,0,1,0,1,0,0,0,4,26
2024061447208,2024,061447208,387862,400096,-2.18444,53.49742,3,3,1,18:56,-1,E08000003,6,0,1,0,1,19,6,2,0,0,0,1,0,0,0,0,0,5,5
2024061447278,2024,061447278,375930,415011,-2.36546,53.63107,3,3,5,13:16,-1,E08000002,3,0,2,1,2,19,"[3, 7]","[7, 3]",0,0,0,1,0,0,0,0,0,5,23
2024061447377,2024,061447377,392441,398382,-2.11537,53.4821,3,3,5,02:42,-1,E08000008,3,2,2,1,1,"[9, 19]","[2, 7]","[5, 3]",0,0,0,1,0,0,0,0,0,5,23
2024061447424,2024,061447424,398477,403672,-2.02445,53.5297,3,3,5,19:15,-1,E08000004,3,2,8,1,1,19,"[1, 7]",3,0,"[1, 0]",0,1,0,0,0,0,0,5,23
2024061447437,2024,061447437,387288,400549,-2.19311,53.50148,2,2,4,20:15,-1,E08000003,3,0,2,1,1,"[9, 19]",7,"[1, 3]",0,0,0,1,0,0,0,0,0,5,22
2024061447538,2024,061447538,357105,398590,-2.64785,53.48227,3,3,5,06:50,-1,E08000010,1,0,2,1,1,"[11, 19]",4,8,0,0,0,1,0,0,1,0,0,5,23
2024061447572,2024,061447572,384712,391199,-2.23149,53.41737,3,3,1,18:30,-1,E08000003,3,0,1,0,1,"[2, 19]",-1,-1,0,0,0,1,1,0,0,0,0,5,19
2024061447595,2024,061447595,385825,397275,-2.21502,53.47201,3,3,6,08:47,-1,E08000003,6,0,5,1,1,-1,-1,-1,-1,-1,0,1,0,0,0,0,0,5,24
2024061447604,2024,061447604,383999,398258,-2.24258,53.4808,3,3,5,17:05,-1,E08000003,6,0,1,0,1,"[7, 19]",-1,-1,0,0,0,1,1,0,0,0,0,5,23
2024061447655,2024,061447655,362527,398790,-2.56617,53.48448,3,3,6,08:41,-1,E08000010,6,0,2,1,2,19,1,5,0,0,0,1,0,0,0,0,0,5,24
2024061447706,2024,061447706,358872,405001,-2.62207,53.54003,2,"[3, 2]",5,15:45,-1,E08000010,3,0,2,1,1,3,8,4,0,0,0,1,0,0,0,0,0,5,23
2024061447727,2024,061447727,385997,393880,-2.21227,53.4415,3,3,7,00:48,-1,E08000003,6,2,1,0,1,"[19, 2]",7,3,0,0,0,1,0,0,0,0,1,5,11
2024061447803,2024,061447803,384488,402131,-2.2354,53.51562,3,3,4,16:15,-1,E08000003,6,0,1,0,1,"[9, 19]","[7, 5, 1]","[5, 1]",0,0,0,1,0,0,0,0,0,5,15
2024061447900,2024,061447900,370062,409648,-2.45367,53.58256,2,2,6,19:50,-1,E08000001,6,0,1,0,1,"[2, 19]","[0, 5]","[0, 1]",0,0,0,1,0,0,0,0,1,5,24
2024061447907,2024,061447907,383964,387916,-2.24257,53.38784,3,3,6,15:29,-1,E08000007,4,0,1,0,1,19,5,2,0,1,11,1,0,0,0,0,0,5,24
2024061447911,2024,061447911,384345,397843,-2.23734,53.47708,3,3,6,18:18,-1,E08000003,6,0,1,0,1,"[19, 2]","[2, 0, 4]","[6, 0, 8]",0,0,0,1,0,0,1,0,0,5,24
2024061447980,2024,061447980,356644,399358,-2.6549,53.48914,3,3,4,15:14,-1,E08000010,1,0,2,1,2,"[12, 19]",5,1,0,0,0,1,0,0,0,0,0,5,22
2024061448038,2024,061448038,382311,396370,-2.2679,53.46377,3,3,7,10:30,-1,E08000009,3,0,1,0,1,"[99, 19]","[5, 7]","[1, 3]",0,0,0,1,1,0,0,0,0,5,25
2024061448058,2024,061448058,390094,398629,-2.15075,53.48428,3,3,6,19:10,-1,E08000008,6,0,1,1,1,19,"[3, 1]","[7, 5]",0,0,0,1,1,0,0,0,0,5,24
2024061448090,2024,061448090,363280,397688,-2.5547,53.47463,2,2,6,19:00,-1,E08000010,3,0,1,0,1,19,5,1,0,1,0,1,0,0,0,0,1,5,24
2024061448166,2024,061448166,388655,388587,-2.17207,53.39399,3,3,6,19:33,-1,E08000007,6,0,1,1,1,19,-1,-1,"[0, 4]",0,0,1,1,0,0,0,0,5,24
2024061448214,2024,061448214,385685,390950,-2.21684,53.41516,3,3,7,20:36,-1,E08000003,3,0,1,0,1,9,4,1,0,0,0,1,0,0,0,0,1,5,25
2024061448278,2024,061448278,385876,412182,-2.21493,53.606,3,3,7,22:15,-1,E08000005,4,2,1,0,1,"[19, 9]","[6, 4]","[2, 8]",0,"[1, 0]","[11, 0]",1,0,0,0,0,0,5,25
2024061448314,2024,061448314,384605,401867,-2.23362,53.51325,2,2,7,20:00,-1,E08000003,6,0,8,0,1,19,5,1,0,0,0,1,0,0,0,0,1,5,25
2024061448369,2024,061448369,392762,403030,-2.11064,53.52389,3,3,4,17:10,-1,E08000004,3,0,2,1,1,"[9, 5]",-1,-1,0,0,0,1,0,0,0,0,0,5,22
2024061448412,2024,061448412,381650,404660,-2.27835,53.53826,3,3,1,12:15,-1,E08000002,3,0,2,1,1,"[19, 13, 2]","[1, 0]","[5, 0]",0,"[0, 1]",0,1,0,0,0,0,0,5,26
2024061448465,2024,061448465,359377,405603,-2.61453,53.54548,3,3,1,14:46,-1,E08000010,6,0,1,0,1,19,"[5, 7]","[1, 4]",0,0,0,1,1,0,0,0,0,5,26
2024061448493,2024,061448493,384914,387948,-2.22829,53.38815,3,3,7,22:10,-1,E08000007,6,2,1,0,1,"[14, 9]",-1,-1,1,0,0,1,1,0,0,0,0,5,25
2024061448509,2024,061448509,386761,384291,-2.20037,53.35533,3,3,1,19:05,-1,E08000007,3,0,1,0,2,19,"[1, 5]","[5, 1]","[0, -1]","[1, 0]",0,1,0,0,0,0,0,5,26
2024061448511,2024,061448511,389362,390963,-2.16152,53.41536,3,3,1,16:30,-1,E08000007,6,0,1,0,1,19,"[2, 3]","[8, 7]",0,0,0,1,1,0,0,0,0,5,26
2024061448517,2024,061448517,357464,403953,-2.64317,53.5305,3,3,1,19:37,-1,E08000010,4,0,1,1,2,-1,-1,-1,-1,-1,0,0,0,0,1,0,1,5,26
2024061448521,2024,061448521,383840,397784,-2.24495,53.47653,3,3,2,01:40,-1,E08000003,6,2,1,0,1,9,2,4,0,0,0,1,0,0,0,0,1,1,1
2024061448796,2024,061448796,383086,406104,-2.25676,53.55129,3,3,2,13:05,-1,E08000002,1,0,2,1,2,19,2,6,0,0,0,1,0,0,0,0,0,5,27
2024061448818,2024,061448818,391175,403608,-2.1346,53.52906,2,2,5,17:15,-1,E08000004,6,0,1,0,1,19,1,"[6, 5]",0,0,0,0,1,0,0,1,0,5,2
2024061448995,2024,061448995,387232,414007,-2.19451,53.62244,3,3,3,12:00,-1,E08000005,3,0,2,1,1,"[7, 19]",-1,-1,0,0,0,1,1,0,0,0,0,5,28
2024061449130,2024,061449130,370522,401509,-2.44595,53.50943,2,2,3,16:17,-1,E08000010,6,0,1,0,1,"[19, 5]","[8, 4]","[4, 1]",0,0,0,1,0,1,0,0,0,5,28
2024061449131,2024,061449131,386466,393939,-2.20522,53.44205,3,3,3,08:10,-1,E08000003,3,0,1,0,1,"[5, 9]",-1,-1,99,0,0,1,1,0,0,0,0,5,28
2024061449137,2024,061449137,367416,403203,-2.49296,53.52447,3,3,3,22:49,-1,E08000010,3,2,1,0,1,19,"[7, 1]","[3, 5]",0,0,0,1,1,0,0,0,0,5,21
2024061449148,2024,061449148,395112,398180,-2.07512,53.48032,3,3,5,13:20,-1,E08000008,4,0,1,1,1,19,"[5, 7]","[1, 3]",0,0,0,1,0,0,0,0,0,5,23
2024061449200,2024,061449200,383183,395311,-2.25471,53.45428,3,3,3,13:50,-1,E08000003,6,0,1,-1,1,-1,-1,-1,-1,-1,0,1,0,0,0,0,0,5,14
2024061449248,2024,061449248,359920,405357,-2.6063,53.54331,3,3,6,17:00,-1,E08000010,6,0,1,0,1,-1,-1,-1,-1,-1,0,1,0,0,0,0,0,5,3
2024061449312,2024,061449312,354974,404921,-2.68087,53.53899,3,3,5,21:27,-1,E08000010,6,2,2,1,1,19,1,5,0,0,0,1,0,0,0,0,1,4,18
2024061449318,2024,061449318,386843,400697,-2.19983,53.5028,3,3,4,07:10,-1,E08000003,6,0,1,0,1,19,"[4, 2]",7,0,0,0,1,1,0,0,0,0,5,29
2024061449393,2024,061449393,378941,411722,-2.3197,53.60164,3,3,1,16:00,-1,E08000002,6,0,1,0,1,"[19, 2]","[1, 0]","[6, 0]",0,0,0,1,0,0,0,0,0,5,19