collision_index,collision_year,collision_ref_no,location_easting_osgr,location_northing_osgr,longitude,latitude,casualty_severity,casualty_severity,day_of_week,time,local_authority_district,local_authority_ons_district,first_road_class,light_conditions,weather_conditions,road_surface_conditions,urban_or_rural_area,vehicle_manoeuvre,vehicle_direction_from,vehicle_direction_to,hit_object_in_carriageway,vehicle_leaving_carriageway,hit_object_off_carriageway,is_car,is_cyle,is_mcyle,is_goodsv,is_other,is_pedestrian,month,day
2024061449400,2024,061449400,385953,402520,-2.21333,53.51916,3,3,4,05:30,-1,E08000003,3,0,1,1,1,"[6, 14]",1,5,0,0,0,1,0,0,0,0,0,5,29
2024061449410,2024,061449410,394749,399486,-2.08061,53.49205,3,3,5,08:30,-1,E08000008,3,0,1,0,1,19,6,2,0,0,0,0,0,0,1,0,1,4,18
2024061449508,2024,061449508,382973,405693,-2.25844,53.54759,3,3,3,15:05,-1,E08000002,1,0,1,0,2,4,4,8,0,0,0,1,0,0,0,0,0,5,28
2024061449551,2024,061449551,376553,388956,-2.35408,53.39691,2,2,2,12:50,-1,E08000009,6,0,1,0,1,1,3,7,0,0,0,1,0,0,0,0,1,3,18
2024061449552,2024,061449552,391393,406241,-2.13138,53.55273,2,"[3, 2]",5,22:39,-1,E08000004,3,2,2,1,1,"[5, 19]","[2, 1]","[7, 5]",0,0,0,1,0,0,0,0,0,5,23
2024061449619,2024,061449619,388738,397438,-2.17114,53.47355,3,3,4,11:00,-1,E08000003,6,0,9,1,1,19,"[1, 5]","[5, 1]",0,0,0,1,0,1,0,0,0,5,22
2024061449645,2024,061449645,379455,408086,-2.31169,53.56897,3,3,3,19:40,-1,E08000002,6,0,2,1,1,"[5, 19, 2]","[5, 1, 0]","[1, 5, 0]","[0, 4]","[0, 1]",0,1,0,0,0,0,0,5,28
2024061449668,2024,061449668,356282,406983,-2.66142,53.55764,3,3,5,18:13,-1,E08000010,6,0,1,0,1,19,"[4, 6]","[8, 2]",0,0,0,1,0,0,0,0,0,4,18
2024061449729,2024,061449729,356645,402744,-2.65536,53.51957,3,3,7,08:50,-1,E08000010,6,0,1,0,1,"[9, 19]","[3, 7]","[8, 3]",0,0,0,1,0,1,0,0,0,5,25
2024061450001,2024,061450001,393454,397143,-2.10008,53.47098,2,2,2,15:03,-1,E08000008,6,0,1,0,1,-1,-1,-1,-1,-1,0,1,1,0,0,0,0,5,13
2024061450014,2024,061450014,395908,393822,-2.06307,53.44115,2,2,5,15:00,-1,E08000008,3,0,1,0,1,19,1,5,10,3,11,1,0,0,0,0,0,5,30
2024061450078,2024,061450078,386260,398262,-2.20851,53.4809,3,3,5,07:10,-1,E08000003,6,0,1,0,1,"[4, 7]",-1,-1,0,0,0,1,0,0,0,0,0,5,30
2024061450112,2024,061450112,379016,396262,-2.31753,53.46268,3,3,5,13:47,-1,E08000009,6,0,1,0,1,"[19, 9]","[5, 1]","[1, 7]",0,0,0,1,0,1,0,0,0,5,30
2024061450124,2024,061450124,382534,402145,-2.26487,53.51569,3,3,5,08:45,-1,E08000006,6,0,1,-1,1,-1,-1,-1,-1,-1,0,1,0,0,0,0,0,5,16
2024061450140,2024,061450140,396272,399251,-2.05766,53.48996,3,3,2,08:23,-1,E08000008,6,0,1,-1,1,-1,-1,-1,-1,-1,0,1,0,0,0,0,0,5,13
2024061450141,2024,061450141,387879,395928,-2.18402,53.45996,2,"[3, 2]",5,06:48,-1,E08000003,6,0,1,0,1,"[2, 19]","[0, 7, 3]","[0, 3, 7]",0,0,0,1,0,0,0,0,0,5,30
2024061450183,2024,061450183,390701,404628,-2.14178,53.53822,2,2,3,15:35,-1,E08000004,6,0,1,0,1,19,3,7,0,0,0,1,0,0,0,0,1,5,7
2024061450199,2024,061450199,382899,399236,-2.2592,53.48955,3,3,7,15:03,-1,E08000006,3,0,1,-1,1,-1,-1,-1,-1,-1,0,1,0,0,0,0,0,5,11
2024061450213,2024,061450213,375905,403534,-2.36494,53.52791,3,3,6,08:55,-1,E08000006,1,0,1,0,2,"[19, 12]",-1,-1,0,0,0,1,0,0,1,0,0,5,31
2024061450293,2024,061450293,391227,387858,-2.13337,53.38749,3,3,6,09:58,-1,E08000007,6,0,1,0,1,"[3, 19]",1,1,0,0,0,1,1,0,0,0,0,5,31
2024061450402,2024,061450402,363921,400193,-2.54533,53.49719,2,2,7,17:30,-1,E08000010,6,0,1,0,1,"[14, 9]",-1,-1,0,0,0,1,0,1,0,0,0,5,25
2024061450410,2024,061450410,383616,397492,-2.24831,53.4739,3,3,5,09:00,-1,E08000003,6,0,1,0,1,"[14, 19]",-1,-1,"[1, 0]",0,0,1,1,0,0,0,0,5,30
2024061450433,2024,061450433,375905,403592,-2.36495,53.52843,3,3,6,17:50,-1,E08000006,1,0,1,0,2,"[4, 19]",1,5,0,0,0,1,0,0,0,0,0,5,31
2024061450468,2024,061450468,379160,417259,-2.31677,53.65141,2,2,3,17:30,-1,E08000002,3,0,1,0,1,2,0,0,"[4, 0]",0,0,1,0,0,0,0,0,5,7
2024061450507,2024,061450507,392903,386265,-2.10813,53.3732,2,"[2, 3]",6,23:06,-1,E08000007,6,2,1,0,1,"[9, 19]","[6, 3]","[3, 1]",0,0,0,1,0,1,0,0,0,5,31
2024061450618,2024,061450618,384981,393391,-2.22755,53.43708,1,1,6,11:51,-1,E08000003,6,0,1,0,1,19,4,8,0,0,0,1,0,0,0,0,1,5,31
2024061450822,2024,061450822,383900,397887,-2.24405,53.47746,3,3,7,13:40,-1,E08000003,3,0,1,0,1,"[9, 4]",6,"[4, 2]",0,0,0,1,0,0,0,1,0,6,1
2024061450881,2024,061450881,367623,398539,-2.48936,53.48257,3,3,1,07:44,-1,E08000010,3,0,1,0,2,"[19, 6]","[3, 7]","[7, 3]",0,0,0,1,0,0,0,0,0,6,2
2024061450910,2024,061450910,370814,408484,-2.4422,53.57214,3,3,7,19:47,-1,E08000001,6,0,1,0,1,"[19, 1]",1,"[5, 1]",0,0,0,1,0,0,0,0,0,6,1
2024061450941,2024,061450941,384539,397295,-2.23439,53.47216,3,3,1,15:20,-1,E08000003,2,0,1,0,1,"[19, 3]",-1,-1,0,0,0,1,0,0,0,0,0,6,2
2024061450953,2024,061450953,371825,405653,-2.42668,53.54675,3,3,7,23:00,-1,E08000001,6,2,1,0,1,"[13, 2, 9]","[7, 1, 3]","[3, 1]",0,"[8, 0]",0,1,0,0,0,0,0,6,1
2024061450997,2024,061450997,392206,386895,-2.11863,53.37885,3,3,7,22:00,-1,E08000007,3,2,1,0,1,"[19, 99]",-1,-1,"[0, 99]",0,0,1,0,0,0,0,0,6,1
2024061451064,2024,061451064,358083,405981,-2.6341,53.54878,3,3,4,14:10,-1,E08000010,4,0,1,0,1,19,8,4,0,0,0,1,0,0,0,0,1,5,15
2024061451084,2024,061451084,365033,406295,-2.52925,53.55211,3,3,3,08:40,-1,E08000001,6,0,1,0,2,19,"[6, 5]","[2, 1]",0,0,0,1,1,0,0,0,0,5,14
2024061451087,2024,061451087,394517,405396,-2.08422,53.54517,1,"[1, 3, 2]",1,23:41,-1,E08000004,6,2,1,0,1,"[19, 2]","[7, 0]","[3, 0]",0,0,0,1,0,0,0,0,0,6,2
2024061451089,2024,061451089,385861,393856,-2.21432,53.44128,2,2,7,04:30,-1,E08000003,6,0,1,0,1,19,"[1, 7]","[5, 3]",0,0,0,1,1,0,0,0,0,6,1
2024061451120,2024,061451120,381554,394009,-2.27917,53.44253,3,3,6,04:48,-1,E08000003,3,0,1,0,1,19,3,7,0,0,0,1,0,0,0,0,1,5,10
2024061451143,2024,061451143,370961,406991,-2.43984,53.55873,2,2,6,21:50,-1,E08000001,6,2,1,0,1,"[19, 2]","[1, 0, 5]","[5, 0, 1]","[0, 4]",0,0,1,0,0,0,0,0,2,2
2024061451153,2024,061451153,376838,399061,-2.35054,53.48775,2,"[2, 3]",7,00:40,-1,E08000006,1,2,1,0,1,19,7,3,7,0,0,1,0,0,0,0,0,6,1
2024061451174,2024,061451174,386915,396303,-2.19856,53.46331,3,3,2,10:05,-1,E08000003,6,0,1,0,1,19,"[1, 5]","[5, 1]",0,0,0,1,0,0,0,0,0,6,3
2024061451191,2024,061451191,384329,398496,-2.23762,53.48295,3,3,7,12:35,-1,E08000003,3,0,1,0,1,19,3,7,0,0,0,0,0,0,1,0,0,5,25
2024061451216,2024,061451216,382900,397864,-2.25911,53.47722,2,2,5,21:57,-1,E08000003,3,2,1,0,1,19,3,7,0,"[1, 0]",0,1,0,0,0,0,0,5,30
2024061451236,2024,061451236,370120,409419,-2.45277,53.58051,3,3,2,13:50,-1,E08000001,3,0,1,0,1,19,"[1, 3]","[5, 7]",0,0,0,1,1,0,0,0,0,5,27
2024061451389,2024,061451389,380298,410648,-2.29913,53.59204,3,3,2,22:00,-1,E08000002,6,0,1,0,1,19,3,7,11,3,0,1,0,0,0,0,0,6,3
2024061451479,2024,061451479,385210,395412,-2.22419,53.45525,2,2,2,00:55,-1,E08000003,6,2,1,0,1,"[2, 19]","[7, 3]","[6, 7, 3]",0,0,0,1,0,0,0,0,0,4,29
2024061451697,2024,061451697,394209,398954,-2.08874,53.48727,3,3,7,12:45,-1,E08000008,3,0,1,0,1,"[19, 5]",-1,-1,0,0,0,1,0,0,0,0,0,6,1
2024061451698,2024,061451698,382886,399657,-2.25942,53.49334,2,2,3,07:07,-1,E08000006,3,0,1,0,1,"[5, 19]",-1,-1,0,0,0,1,1,0,0,0,0,6,4
2024061451813,2024,061451813,365196,404133,-2.52655,53.53269,2,2,1,16:10,-1,E08000001,6,0,1,0,2,19,"[2, 7]","[6, 2]",0,0,0,1,0,1,0,0,0,6,2
2024061451917,2024,061451917,388078,397588,-2.18109,53.47488,2,"[3, 2]",4,14:07,-1,E08000003,6,0,1,0,1,"[8, 19]","[1, 5, 7]","[3, 1]",0,0,0,1,0,0,0,0,0,5,29
2024061451920,2024,061451920,384650,392922,-2.2325,53.43285,3,3,3,17:56,-1,E08000003,6,0,1,1,1,"[19, 3]",-1,-1,"[4, 0]",0,0,1,0,0,0,0,0,6,4
2024061451942,2024,061451942,389607,409471,-2.15845,53.58173,3,3,1,18:45,-1,E08000005,2,0,2,-1,2,-1,-1,-1,-1,-1,0,1,0,0,0,0,0,5,12
2024061452170,2024,061452170,379482,399539,-2.31072,53.49215,3,3,4,09:30,-1,E08000006,3,0,1,1,1,4,-1,-1,0,0,0,1,0,0,0,0,0,6,5
2024061452215,2024,061452215,388159,390195,-2.17959,53.40843,3,3,4,18:05,-1,E08000007,1,0,1,0,1,"[19, 11]",-1,-1,0,0,0,1,0,0,1,0,0,6,5
2024061452240,2024,061452240,382886,388349,-2.2588,53.3917,3,3,4,17:25,-1,E08000003,6,0,1,0,1,3,2,6,0,0,0,1,0,0,0,0,1,6,5
2024061452279,2024,061452279,383619,397443,-2.24826,53.47346,3,3,5,23:31,-1,E08000003,3,2,8,0,1,19,8,5,0,0,0,0,0,0,1,0,1,6,6
2024061452301,2024,061452301,384361,398805,-2.23715,53.48572,2,2,2,17:24,-1,E08000003,3,0,1,0,1,99,-1,-1,0,0,0,0,0,0,1,0,1,6,3
2024061452344,2024,061452344,387010,394953,-2.19707,53.45117,3,3,7,18:59,-1,E08000003,3,0,1,0,1,-1,-1,-1,0,0,0,1,0,0,0,0,0,5,11
2024061452367,2024,061452367,394612,397829,-2.08265,53.47716,3,3,6,18:00,-1,E08000008,4,0,1,0,1,19,1,1,0,0,0,1,0,0,0,0,1,5,17
2024061452373,2024,061452373,363738,411320,-2.54938,53.59719,3,3,4,19:06,-1,E08000001,3,0,1,0,1,-1,-1,-1,-1,-1,0,0,0,0,1,0,1,5,8
2024061452512,2024,061452512,371593,406167,-2.43023,53.55136,3,3,4,16:55,-1,E08000001,6,0,2,1,1,"[19, 9]",-1,-1,"[1, 0]","[0, 7]",0,1,1,0,0,0,0,5,22
2024061452588,2024,061452588,389537,390467,-2.15887,53.41091,1,1,6,10:00,-1,E08000007,6,0,1,0,1,1,2,6,0,0,0,1,0,0,0,0,1,5,31
2024061452664,2024,061452664,373039,403343,-2.40816,53.52605,3,3,5,18:19,-1,E08000006,3,0,1,0,1,12,4,8,0,0,0,1,1,0,0,0,0,6,6
2024061452679,2024,061452679,377690,402827,-2.33797,53.52163,3,3,5,09:48,-1,E08000006,6,0,1,0,1,"[19, 2]",8,8,0,0,0,1,0,0,0,0,0,6,6
2024061452700,2024,061452700,384663,402379,-2.23277,53.51786,2,2,2,20:30,-1,E08000003,6,0,1,0,1,19,"[5, 7]","[1, 3]",0,0,0,1,0,0,0,0,0,6,3
2024061452745,2024,061452745,383270,400768,-2.2537,53.50334,1,1,6,02:17,-1,E08000006,3,2,1,0,1,7,5,1,0,0,0,1,0,0,0,0,1,6,7
2024061452769,2024,061452769,378534,401030,-2.32511,53.50552,3,3,3,08:51,-1,E08000006,6,0,9,0,1,1,0,1,0,0,0,1,0,0,0,0,1,6,4
2024061452794,2024,061452794,375654,409084,-2.36916,53.57778,3,3,5,14:00,-1,E08000002,3,0,1,0,1,"[7, 19]",7,3,0,0,0,1,0,0,0,0,0,6,6
2024061452870,2024,061452870,389061,402754,-2.16646,53.52134,3,3,6,08:57,-1,E08000003,6,0,1,0,1,"[9, 19]",-1,-1,0,0,0,1,0,0,0,0,0,6,7
2024061452950,2024,061452950,367985,402760,-2.48433,53.52053,3,3,6,07:40,-1,E08000010,3,0,1,0,1,"[4, 19]",4,8,0,0,0,1,0,0,0,0,0,6,7
2024061452983,2024,061452983,390127,411834,-2.15067,53.60297,3,3,6,12:50,-1,E08000005,3,0,1,0,1,"[19, 13]","[7, 2]","[2, 6]",0,0,0,1,0,0,0,0,0,6,7
2024061453049,2024,061453049,392573,404835,-2.11354,53.54011,2,2,6,16:37,-1,E08000004,6,0,1,0,1,"[5, 19]","[8, 3]","[4, 7]",0,0,0,1,0,0,0,0,0,6,7
2024061453083,2024,061453083,363822,402287,-2.54707,53.51601,3,3,6,19:00,-1,E08000010,3,0,1,0,1,"[19, 2]","[5, 0]","[1, 0]",0,0,0,1,0,0,0,0,1,6,7
2024061453105,2024,061453105,379927,389268,-2.30336,53.39985,2,2,6,22:00,-1,E08000003,6,0,1,0,1,-1,-1,-1,-1,-1,0,1,0,0,0,0,1,5,31
2024061453150,2024,061453150,389411,413607,-2.16155,53.6189,3,3,6,09:06,-1,E08000005,3,0,1,0,1,19,"[3, 7]","[7, 3]","[0, 7]",0,0,1,0,0,0,0,0,6,7
2024061453203,2024,061453203,386795,388982,-2.20005,53.3975,2,2,5,11:45,-1,E08000007,3,0,8,0,1,19,-1,-1,0,0,0,1,1,0,0,0,0,6,6
2024061453207,2024,061453207,384196,415299,-2.24048,53.63397,3,3,7,09:25,-1,E08000005,3,0,1,1,2,19,4,8,0,1,1,1,0,0,0,0,0,6,8
2024061453332,2024,061453332,382344,393368,-2.26724,53.43679,2,2,7,14:15,-1,E08000003,6,0,1,0,1,19,2,5,0,0,0,1,1,0,0,0,0,6,8
2024061453355,2024,061453355,390230,391128,-2.14846,53.41686,3,3,7,15:45,-1,E08000007,3,0,1,0,1,"[19, 11]",1,1,0,0,0,1,0,0,0,0,0,6,8
2024061453371,2024,061453371,355681,403982,-2.67007,53.53061,2,2,7,18:14,-1,E08000010,3,0,1,0,1,"[19, 7]",8,2,"[0, 10]","[0, 7]",0,1,0,1,0,0,0,6,8
2024061453375,2024,061453375,387512,402941,-2.18983,53.52299,3,3,7,14:13,-1,E08000003,6,0,1,0,1,19,"[3, 7]","[7, 3]",0,0,0,1,0,0,0,0,0,6,8
2024061453382,2024,061453382,382895,399971,-2.25931,53.49616,2,2,7,19:55,-1,E08000006,6,0,1,0,1,"[7, 19]","[8, 1]","[4, 5]",0,"[0, 1]","[0, 10]",1,1,0,0,0,0,6,8
2024061453391,2024,061453391,384700,391271,-2.23167,53.41802,2,2,7,00:07,-1,E08000003,4,2,1,0,1,19,5,1,0,0,0,1,0,0,0,0,1,6,1
2024061453433,2024,061453433,355020,410449,-2.68097,53.58868,3,3,7,20:57,-1,E08000010,3,2,1,0,2,19,7,4,0,1,2,1,0,0,0,0,0,6,8
2024061453531,2024,061453531,386885,405553,-2.1994,53.54645,3,3,7,18:10,-1,E08000005,3,0,1,0,2,"[9, 19]",5,"[3, 1]",0,0,0,1,1,0,0,0,0,6,8
2024061453546,2024,061453546,389321,397525,-2.16236,53.47434,2,2,1,07:00,-1,E08000003,6,0,1,1,1,19,3,5,10,0,0,1,0,0,0,0,0,6,9
2024061453625,2024,061453625,387343,405844,-2.1925,53.54907,3,3,1,00:05,-1,E08000005,3,2,1,1,1,"[15, 9]","[3, 7]","[7, 3]",0,0,0,1,0,0,0,0,0,6,9
2024061453663,2024,061453663,383259,398922,-2.25376,53.48674,3,3,1,03:58,-1,E08000006,3,2,1,0,1,19,6,2,0,0,0,1,0,0,0,0,1,6,9
2024061453668,2024,061453668,383445,400806,-2.25106,53.50368,3,3,1,21:40,-1,E08000003,3,2,2,1,1,"[2, 19, 13]","[0, 4, 8]","[0, 8, 4]",0,"[0, 1]",0,1,0,0,0,0,0,6,9
2024061453672,2024,061453672,384038,404452,-2.24231,53.53647,3,3,1,23:00,-1,E08000003,3,2,2,1,2,19,1,5,0,4,0,0,0,1,0,0,1,6,9
2024061453721,2024,061453721,371750,407503,-2.42798,53.56337,3,3,1,13:30,-1,E08000001,6,0,9,-1,1,19,"[3, 5]","[5, 1]",0,0,0,1,1,0,0,0,0,4,28
2024061453925,2024,061453925,357991,400225,-2.63472,53.49704,2,2,2,07:49,-1,E08000010,4,0,1,0,1,"[19, 9]",8,"[4, 2]",0,0,0,0,0,1,1,0,0,6,10
2024061453971,2024,061453971,389391,390307,-2.16106,53.40947,3,3,2,13:40,-1,E08000007,6,0,1,0,1,"[19, 4]",2,6,0,"[7, 0]",0,1,0,0,0,0,0,6,10
2024061453987,2024,061453987,386566,413552,-2.20456,53.61834,2,2,2,08:17,-1,E08000005,6,0,1,0,1,"[5, 4]",-1,-1,"[99, 0]",0,0,1,1,0,0,0,0,6,10
2024061454044,2024,061454044,371581,410560,-2.43081,53.59084,3,3,4,17:25,-1,E08000001,3,0,1,0,1,-1,-1,-1,-1,-1,0,1,0,0,0,0,1,6,5
2024061454050,2024,061454050,387193,391438,-2.19417,53.41958,2,2,2,15:46,-1,E08000007,6,0,1,0,1,19,1,5,0,0,0,1,0,0,0,0,1,6,10
2024061454052,2024,061454052,355239,403125,-2.67662,53.52287,2,2,6,14:10,-1,E08000010,3,0,1,0,1,"[9, 19]","[5, 1]","[3, 5]",0,0,0,1,0,1,0,0,0,6,7
2024061454054,2024,061454054,377995,389549,-2.33243,53.4023,3,3,2,08:10,-1,E08000009,4,0,1,0,1,7,-1,-1,0,0,0,1,1,0,0,0,0,6,10
2024061454073,2024,061454073,378014,402550,-2.33306,53.51916,3,3,6,08:45,-1,E08000006,6,0,1,0,1,19,"[8, 3]","[4, 6]",0,0,0,1,0,0,0,0,0,6,7
2024061454114,2024,061454114,374515,405842,-2.3861,53.54859,3,3,3,02:48,-1,E08000001,6,2,1,0,1,"[19, 2]","[5, 0]","[1, 0]",0,0,0,1,0,0,0,0,0,6,11
2024061454128,2024,061454128,357298,405264,-2.64585,53.54227,3,3,5,13:20,-1,E08000010,3,0,9,-1,1,"[19, 5]","[6, 1]",2,0,0,0,1,1,0,0,0,0,4,25
2024061454145,2024,061454145,377907,407984,-2.33506,53.56799,3,3,1,09:45,-1,E08000002,6,0,1,0,1,19,"[1, 7]","[5, 3]",0,0,0,1,0,0,0,0,0,6,9
2024061454160,2024,061454160,384961,386576,-2.22752,53.37582,3,3,1,13:00,-1,E08000007,6,0,2,1,1,19,5,1,0,0,0,1,0,0,0,0,1,6,9
2024061454174,2024,061454174,357268,399577,-2.64553,53.49116,3,3,6,22:10,-1,E08000010,6,2,1,0,1,"[2, 19]","[4, 1]","[8, 4]","[0, 4]",0,0,1,0,0,0,0,0,4,26
2024061454196,2024,061454196,382447,400008,-2.26606,53.49648,2,2,1,23:50,-1,E08000006,4,2,2,1,1,-1,-1,-1,-1,-1,0,1,0,0,0,0,1,6,9
2024061454288,2024,061454288,388223,410637,-2.1794,53.59218,2,2,2,19:15,-1,E08000005,3,0,1,0,1,19,8,4,0,0,0,1,0,0,0,0,1,6,10
2024061454385,2024,061454385,394713,399164,-2.08115,53.48916,3,3,1,12:30,-1,E08000008,6,0,1,0,1,"[19, 10]",4,"[8, 2]",0,0,0,1,0,0,0,0,0,5,5
2024061454427,2024,061454427,394673,401356,-2.08179,53.50886,2,2,3,12:33,-1,E08000008,6,0,1,0,1,"[19, 4]",1,5,"[0, 10]","[0, 1]",0,1,0,1,0,0,0,6,11
2024061454524,2024,061454524,395460,407964,-2.07002,53.56826,2,"[3, 2]",2,23:00,-1,E08000004,3,2,1,0,1,"[9, 19]","[7, 1]","[5, 1]",0,"[0, 7]",0,1,0,0,0,0,0,6,10
2024061454526,2024,061454526,373621,405414,-2.39956,53.5447,1,1,3,16:35,-1,E08000001,6,0,1,0,1,"[2, 1]","[0, 1]","[0, 3]",0,0,0,1,0,0,0,0,1,6,11
2024061454556,2024,061454556,356283,406989,-2.66141,53.55769,3,3,6,21:36,-1,E08000010,4,2,1,0,1,19,"[6, 4]","[2, 8]",0,0,0,1,0,0,0,0,0,2,2
2024061454734,2024,061454734,383996,398237,-2.24262,53.48061,2,2,7,23:00,-1,E08000003,6,2,1,0,1,19,-1,-1,0,0,0,1,1,0,0,0,0,6,8
2024061454750,2024,061454750,384457,396022,-2.23556,53.46071,3,3,5,15:32,-1,E08000003,6,0,1,0,1,"[19, 3]",5,5,0,0,0,1,0,0,0,0,0,5,16
2024061454765,2024,061454765,359532,403640,-2.61193,53.52785,2,2,3,16:37,-1,E08000010,6,0,1,0,1,"[9, 19]","[1, 5]","[7, 1]",0,0,0,1,1,0,0,0,0,6,11
2024061454779,2024,061454779,392411,404597,-2.11598,53.53796,3,3,4,10:22,-1,E08000004,3,0,1,0,1,"[15, 7]","[1, -1]","[1, -1]",0,"[0, 1]",0,1,0,0,0,0,0,5,22
2024061454873,2024,061454873,396767,398596,-2.05019,53.48407,3,3,3,19:55,-1,E08000008,4,0,8,0,1,"[19, 2]","[3, 0]","[6, 0]",99,0,0,1,0,0,0,0,0,6,11
2024061454879,2024,061454879,367306,399937,-2.49428,53.49511,3,3,4,12:15,-1,E08000010,3,0,1,0,1,"[99, 4]",-1,-1,0,0,0,1,0,1,0,0,0,6,12
2024061455069,2024,061455069,388703,388576,-2.17134,53.39389,2,2,4,18:30,-1,E08000007,6,0,1,0,1,"[19, 2]","[7, 3]","[3, 7]","[4, 0]","[2, 0]","[2, 0]",1,0,0,0,1,0,6,12
2024061455102,2024,061455102,377001,409374,-2.34884,53.58045,3,3,4,14:30,-1,E08000002,3,0,1,0,1,19,7,2,0,8,4,1,0,0,0,0,0,6,12
2024061455111,2024,061455111,383758,387399,-2.24564,53.38318,2,2,3,17:05,-1,E08000003,6,0,1,0,1,19,1,1,0,0,0,1,0,0,0,0,1,6,11
2024061455341,2024,061455341,377495,394452,-2.34031,53.44635,3,3,2,02:32,-1,E08000009,1,2,2,1,1,19,5,1,0,1,"[7, 0]",1,0,0,0,1,0,6,10
2024061455427,2024,061455427,392132,415709,-2.12047,53.63784,2,2,5,17:00,-1,E08000005,3,0,2,1,1,4,6,2,0,0,0,1,0,0,0,0,1,6,13
2024061455433,2024,061455433,397290,395439,-2.04228,53.4557,3,3,4,10:30,-1,E08000008,1,0,1,0,2,-1,-1,-1,-1,-1,0,1,0,0,0,0,0,6,12
2024061455490,2024,061455490,391388,409721,-2.13156,53.584,3,3,4,08:05,-1,E08000004,6,0,1,0,1,"[13, 19]",-1,-1,0,0,0,1,1,0,0,0,0,6,12
2024061455491,2024,061455491,387582,394004,-2.18842,53.44266,3,3,2,21:30,-1,E08000003,6,2,1,0,1,19,3,7,0,0,0,1,1,0,0,0,0,6,10
2024061455500,2024,061455500,383999,398256,-2.24258,53.48078,2,2,4,13:30,-1,E08000003,6,0,1,0,1,19,-1,-1,0,0,0,1,1,0,0,0,0,6,12
2024061455519,2024,061455519,370512,405375,-2.44647,53.54418,3,3,5,23:02,-1,E08000001,1,2,1,1,1,19,5,1,0,0,0,1,0,0,0,0,0,6,13
2024061455565,2024,061455565,372049,408210,-2.42353,53.56975,3,3,5,17:20,-1,E08000001,6,0,1,0,1,"[9, 15]","[6, 4]","[4, 8]",0,0,0,1,0,0,0,0,0,4,25
2024061455776,2024,061455776,370689,407880,-2.44403,53.5667,2,2,5,09:30,-1,E08000001,3,0,1,0,1,3,-1,-1,0,0,0,0,1,0,0,0,0,6,13
2024061455863,2024,061455863,383514,396746,-2.2498,53.46719,3,3,5,16:40,-1,E08000003,3,0,2,1,1,5,3,7,0,0,0,1,0,0,0,0,1,6,13
2024061455869,2024,061455869,357833,399233,-2.63697,53.48811,2,"[2, 3]",6,17:09,-1,E08000010,3,0,1,0,1,19,8,3,0,0,0,1,0,0,0,0,1,6,14
2024061455875,2024,061455875,390751,403861,-2.141,53.53132,3,3,2,15:14,-1,E08000004,6,0,1,0,1,19,"[8, 4]","[4, 8]",0,0,0,1,0,0,0,0,0,6,10
2024061455994,2024,061455994,395449,404533,-2.07014,53.53743,3,3,7,00:30,-1,E08000004,3,2,1,0,1,"[3, 19]",3,7,0,0,0,1,0,0,0,0,0,6,15
2024061456046,2024,061456046,358085,405197,-2.63397,53.54173,3,3,6,19:42,-1,E08000010,3,0,1,0,1,"[19, 9]",4,"[8, 2]",0,0,0,1,0,0,0,0,0,6,14
2024061456071,2024,061456071,381402,398057,-2.2817,53.4789,2,"[2, 3]",7,09:30,-1,E08000006,3,0,1,0,1,"[19, 5]",3,7,0,0,0,1,0,0,0,0,0,6,15
2024061456083,2024,061456083,371313,411673,-2.43496,53.60083,2,2,7,10:00,-1,E08000001,3,0,1,0,1,5,1,5,0,0,0,1,0,0,0,0,1,6,15
2024061456141,2024,061456141,380421,406278,-2.29699,53.55276,3,3,6,20:18,-1,E08000002,3,0,1,0,1,"[19, 9]","[1, 8]","[5, 1]","[0, 11]","[0, 7]","[0, 11]",1,0,0,0,0,0,6,14
2024061456145,2024,061456145,381245,396312,-2.28396,53.46321,3,3,7,00:01,-1,E08000009,3,2,2,1,1,"[19, -1]",-1,-1,"[1, -1]","[0, -1]",0,1,0,0,0,0,0,6,15
2024061456169,2024,061456169,380717,395851,-2.29188,53.45905,3,3,7,13:32,-1,E08000009,3,0,1,0,1,"[3, 19]",1,5,0,0,0,1,0,0,0,0,0,6,15
2024061456228,2024,061456228,371303,404253,-2.43443,53.53414,2,2,7,16:38,-1,E08000006,3,0,1,1,1,"[19, 5]","[3, 5]","[7, 3]",0,0,0,1,0,1,0,0,0,6,15
2024061456440,2024,061456440,390962,402613,-2.13778,53.52011,3,3,5,15:00,-1,E08000004,3,0,1,0,1,"[19, 2]",3,7,0,0,0,1,0,0,1,0,0,6,13
2024061456500,2024,061456500,383256,389461,-2.2533,53.4017,3,3,1,21:30,-1,E08000003,4,2,2,1,1,4,"[7, 5]","[8, 5]","[10, 0]","[7, 0]",0,1,0,0,0,0,0,6,16
2024061456511,2024,061456511,383387,396262,-2.25169,53.46284,2,2,1,18:30,-1,E08000003,6,0,2,1,1,9,2,6,0,1,11,0,0,1,0,0,0,6,16
2024061456534,2024,061456534,391826,402967,-2.12476,53.5233,3,3,2,01:30,-1,E08000004,6,2,1,0,1,"[19, 9]","[5, 4]","[1, 8]",0,0,0,1,0,1,0,0,0,6,17
2024061456779,2024,061456779,364584,398607,-2.53516,53.48298,3,3,3,17:30,-1,E08000010,3,0,1,1,2,"[9, 3]",6,"[4, 2]",0,0,0,1,0,0,0,0,0,6,4
2024061456809,2024,061456809,388971,394302,-2.16752,53.44537,2,2,7,07:30,-1,E08000007,6,0,1,0,1,99,-1,-1,99,0,0,1,0,0,0,0,0,6,15
2024061456825,2024,061456825,372810,403076,-2.41159,53.52364,3,3,2,16:16,-1,E08000006,6,0,1,0,1,3,5,1,0,0,0,1,0,0,0,0,1,6,17