collision_index,collision_year,collision_ref_no,location_easting_osgr,location_northing_osgr,longitude,latitude,casualty_severity,casualty_severity,day_of_week,time,local_authority_district,local_authority_ons_district,first_road_class,light_conditions,weather_conditions,road_surface_conditions,urban_or_rural_area,vehicle_manoeuvre,vehicle_direction_from,vehicle_direction_to,hit_object_in_carriageway,vehicle_leaving_carriageway,hit_object_off_carriageway,is_car,is_cyle,is_mcyle,is_goodsv,is_other,is_pedestrian,month,day
2024061464323,2024,061464323,370205,408379,-2.45139,53.57116,3,3,6,18:45,-1,E08000001,3,0,1,0,1,19,7,3,0,0,0,1,0,0,0,0,1,7,5
2024061464333,2024,061464333,384379,397015,-2.23679,53.46964,3,3,7,17:15,-1,E08000003,4,0,1,0,1,19,4,"[1, 8]",0,0,0,0,1,0,1,0,0,7,6
2024061464394,2024,061464394,355569,406093,-2.67206,53.54958,3,3,7,17:48,-1,E08000010,6,0,1,0,1,19,5,1,0,0,0,1,1,0,0,0,0,7,6
2024061464539,2024,061464539,388934,388940,-2.16788,53.39717,3,3,7,19:00,-1,E08000007,6,0,1,0,1,19,7,3,0,0,0,1,0,0,0,0,1,7,6
2024061464628,2024,061464628,371921,409653,-2.42559,53.58271,3,3,1,16:20,-1,E08000001,3,0,1,0,1,19,1,5,"[0, 11]",0,0,1,0,0,0,0,0,7,7
2024061464636,2024,061464636,381918,403977,-2.27427,53.53213,3,3,1,18:45,-1,E08000002,6,0,1,0,1,19,"[1, 5]","[5, 1]",0,0,0,1,0,1,0,0,0,7,7
2024061464643,2024,061464643,391985,404387,-2.1224,53.53607,3,3,1,18:30,-1,E08000004,6,0,1,0,1,19,2,6,0,0,0,1,0,0,0,0,1,7,7
2024061464661,2024,061464661,380683,412451,-2.29342,53.60826,2,2,1,13:19,-1,E08000002,6,0,8,0,1,"[-1, 99]",-1,-1,"[-1, 8]","[-1, 2]",0,1,0,0,0,0,0,7,7
2024061464675,2024,061464675,370173,398578,-2.45094,53.48307,2,"[3, 2]",1,23:15,-1,E08000010,6,2,1,0,2,19,1,3,0,0,0,1,0,0,0,0,0,7,7
2024061464677,2024,061464677,390466,402623,-2.14526,53.52019,2,2,1,23:57,-1,E08000004,3,2,1,0,1,19,8,4,0,0,0,0,1,0,0,0,0,7,7
2024061464757,2024,061464757,380211,389408,-2.29909,53.40112,3,3,1,03:08,-1,E08000003,6,0,1,0,1,4,-1,-1,0,0,0,1,0,0,0,0,0,7,7
2024061464774,2024,061464774,380537,395728,-2.29458,53.45794,3,3,2,14:40,-1,E08000009,3,0,1,0,1,"[19, 10]",2,"[6, 8]",0,0,0,1,0,0,0,0,0,6,24
2024061464793,2024,061464793,394928,401690,-2.07795,53.51187,3,3,1,16:20,-1,E08000008,6,0,8,1,1,99,-1,-1,0,0,0,0,1,0,0,0,1,7,7
2024061464831,2024,061464831,390957,396996,-2.13769,53.46962,3,3,2,10:07,-1,E08000008,1,0,1,0,1,"[19, 12]",6,2,0,"[2, 0]","[2, 0]",1,0,0,1,0,0,7,8
2024061464908,2024,061464908,372851,412965,-2.41184,53.61253,3,3,3,22:32,-1,E08000001,4,2,1,0,1,"[6, 19]",-1,-1,0,0,0,1,1,0,0,0,0,7,2
2024061464977,2024,061464977,385897,391503,-2.21367,53.42014,2,2,2,13:55,-1,E08000003,3,0,1,0,1,19,5,5,0,0,0,1,0,1,0,0,0,7,8
2024061464989,2024,061464989,390842,389829,-2.13922,53.4052,2,2,2,16:30,-1,E08000007,3,0,1,0,1,"[4, 3]",-1,-1,0,0,0,1,0,0,0,0,0,7,8
2024061465047,2024,061465047,382928,392183,-2.25838,53.42616,2,2,5,08:45,-1,E08000003,6,0,1,0,1,"[7, 4]","[3, 7]","[7, 3]",0,"[1, 0]",0,1,1,0,0,0,0,7,4
2024061465065,2024,061465065,393204,398639,-2.10388,53.48442,3,3,2,21:11,-1,E08000008,3,0,1,0,1,19,"[7, 1]","[3, 6]",0,0,0,1,0,0,0,0,0,7,8
2024061465073,2024,061465073,385032,395584,-2.22688,53.45679,3,3,2,21:15,-1,E08000003,6,2,1,0,1,6,4,8,0,0,0,1,0,0,0,0,1,7,8
2024061465082,2024,061465082,388792,390354,-2.17007,53.40988,3,3,6,14:00,-1,E08000007,1,0,1,0,1,19,7,3,0,0,0,1,0,0,0,0,0,7,5
2024061465129,2024,061465129,390136,403479,-2.15027,53.52788,3,3,3,08:50,-1,E08000004,6,0,1,0,1,-1,-1,-1,-1,-1,0,1,0,0,0,0,1,6,11
2024061465155,2024,061465155,372186,408381,-2.42148,53.57129,3,3,2,11:00,-1,E08000001,6,0,1,0,1,"[7, 19]",1,5,0,0,0,1,1,0,0,0,0,7,8
2024061465214,2024,061465214,386006,403353,-2.21256,53.52665,3,3,3,07:15,-1,E08000003,6,0,2,1,1,10,-1,-1,99,0,0,1,1,0,0,0,0,7,9
2024061465321,2024,061465321,379164,398690,-2.31546,53.48451,3,3,3,09:34,-1,E08000006,1,0,2,1,1,"[-1, 3]","[-1, 5]","[-1, 7]","[-1, 0]","[-1, 0]",0,1,0,0,0,0,0,7,9
2024061465344,2024,061465344,371906,393626,-2.42438,53.43865,3,3,3,12:00,-1,E08000006,6,0,1,0,1,19,1,1,0,0,0,1,0,0,0,0,0,6,18
2024061465429,2024,061465429,388695,407650,-2.17216,53.56534,2,2,3,13:18,-1,E08000005,6,0,2,1,1,19,5,1,10,1,0,1,0,0,0,0,1,7,9
2024061465456,2024,061465456,377888,402844,-2.33498,53.52179,2,2,2,19:34,-1,E08000006,3,0,1,0,1,"[3, 9, 7]","[1, 5]","[1, 3]",0,0,0,1,0,1,0,0,0,7,8
2024061465586,2024,061465586,376655,405774,-2.3538,53.54808,3,3,4,00:02,-1,E08000001,3,2,2,1,2,19,2,6,0,0,0,1,0,0,0,0,0,7,10
2024061465684,2024,061465684,365938,406781,-2.51565,53.55654,3,3,3,16:30,-1,E08000001,3,0,1,0,1,19,4,8,0,0,0,1,0,0,0,0,1,6,18
2024061465699,2024,061465699,385446,397256,-2.22073,53.47183,2,2,7,18:30,-1,E08000003,6,0,1,0,1,19,"[1, 6]","[5, 3]",0,0,0,1,1,0,0,0,0,4,20
2024061465707,2024,061465707,395827,388447,-2.06421,53.39284,2,2,6,20:07,-1,E08000007,6,0,1,1,1,19,"[4, 8]","[7, 4]",0,0,0,1,1,0,0,0,0,4,12
2024061465727,2024,061465727,380531,410497,-2.2956,53.59069,2,2,3,14:45,-1,E08000002,3,0,1,0,1,"[3, 19]",7,3,0,"[0, -1]",0,1,0,0,0,0,0,6,18
2024061465733,2024,061465733,383967,398265,-2.24306,53.48086,2,2,1,19:30,-1,E08000003,6,0,1,0,1,"[7, 19]",-1,-1,0,0,0,1,1,0,0,0,0,6,30
2024061465745,2024,061465745,384857,396211,-2.22955,53.46242,3,3,4,20:00,-1,E08000003,4,0,1,0,1,19,8,4,0,0,0,1,1,0,0,0,0,7,3
2024061466035,2024,061466035,384442,394120,-2.23569,53.44362,2,2,6,19:15,-1,E08000003,3,0,1,0,1,"[-1, 19]",-1,-1,"[-1, 0]","[-1, 0]",0,1,1,0,0,0,0,7,5
2024061466044,2024,061466044,391881,387157,-2.12352,53.3812,3,3,7,16:45,-1,E08000007,6,0,1,0,1,"[7, 19]","[6, 4]",1,0,0,0,1,0,0,0,0,0,6,29
2024061466116,2024,061466116,390429,405508,-2.14591,53.54612,3,3,4,18:10,-1,E08000004,3,0,1,1,1,19,"[5, 7]","[1, 3]",0,0,0,1,0,0,0,0,0,7,10
2024061466165,2024,061466165,371263,408539,-2.43543,53.57266,3,3,4,15:07,-1,E08000001,3,0,1,0,1,"[-1, 3]","[-1, 2]","[-1, 6]","[-1, 0]","[-1, 0]",0,1,0,0,0,0,0,7,10
2024061466245,2024,061466245,389771,411623,-2.15604,53.60107,3,3,5,21:45,-1,E08000005,3,0,1,0,1,"[15, 19]",2,"[6, 7]",0,0,0,1,0,0,0,0,0,6,27
2024061466394,2024,061466394,388666,412193,-2.17276,53.60617,3,3,2,09:10,-1,E08000005,6,0,1,0,1,-1,-1,-1,-1,-1,0,1,0,0,0,0,0,6,24
2024061466395,2024,061466395,399082,395561,-2.01529,53.4568,3,3,5,17:55,-1,E08000008,3,0,2,0,1,"[19, 4]",7,3,0,0,0,1,0,0,0,0,0,6,13
2024061466412,2024,061466412,386194,401895,-2.20966,53.51355,2,2,6,11:55,-1,E08000003,6,0,1,0,1,-1,-1,-1,-1,-1,0,1,0,0,0,0,1,6,21
2024061466440,2024,061466440,360350,402919,-2.5995,53.52143,3,3,3,16:36,-1,E08000010,3,0,1,0,1,-1,-1,-1,-1,-1,0,1,0,0,0,0,0,6,18
2024061466532,2024,061466532,389285,393583,-2.16276,53.43891,3,3,5,15:16,-1,E08000007,6,0,1,1,1,19,5,1,0,0,0,1,0,0,0,0,1,7,11
2024061466620,2024,061466620,382558,401788,-2.26449,53.51248,3,3,5,20:00,-1,E08000006,3,0,1,0,1,19,4,8,0,0,0,0,0,0,1,0,0,7,11
2024061466665,2024,061466665,389232,412660,-2.16423,53.61038,2,2,5,22:15,-1,E08000005,3,2,1,0,1,19,5,1,0,0,0,1,0,0,0,0,1,7,11
2024061466671,2024,061466671,374440,398675,-2.38665,53.48417,2,2,6,02:45,-1,E08000006,1,2,1,0,2,19,3,7,0,0,0,0,0,0,1,0,1,7,12
2024061466676,2024,061466676,382858,400577,-2.2599,53.5016,3,3,5,19:25,-1,E08000006,3,0,1,0,1,9,7,5,7,7,11,1,0,0,0,0,1,7,4
2024061466714,2024,061466714,380706,396100,-2.29206,53.46129,2,2,1,17:28,-1,E08000009,6,0,1,0,1,"[10, 19]",5,2,0,0,0,1,0,0,0,0,0,4,7
2024061466769,2024,061466769,386603,400186,-2.20342,53.4982,3,3,6,08:40,-1,E08000003,6,0,1,0,1,"[9, 19]","[3, 6]","[8, 2]",0,0,0,1,0,0,0,0,0,7,12
2024061466865,2024,061466865,384347,400092,-2.23742,53.49729,3,3,4,19:45,-1,E08000003,3,0,1,1,1,19,"[1, 7]","[5, 3]",0,0,0,1,1,0,0,0,0,7,10
2024061467079,2024,061467079,395397,395611,-2.07079,53.45723,3,3,6,17:15,-1,E08000008,6,0,2,1,1,19,-1,-1,0,0,0,1,1,0,0,0,0,7,12
2024061467098,2024,061467098,362402,402016,-2.56845,53.51347,2,"[2, 3]",6,19:10,-1,E08000010,4,0,2,1,2,"[2, 19]","[0, 7]","[0, 3]","[0, 4]",1,0,1,0,0,0,0,0,7,12
2024061467120,2024,061467120,391190,397990,-2.13421,53.47856,2,2,6,19:04,-1,E08000008,3,0,2,1,1,"[99, 3]","[-1, 5]","[-1, 1]","[1, 99]","[0, 8]",0,1,1,0,0,0,0,7,12
2024061467248,2024,061467248,373795,410346,-2.39735,53.58903,2,2,4,13:42,-1,E08000001,6,0,1,0,1,"[9, 13]","[5, 4]","[3, 4]",0,"[0, 1]",0,1,0,1,0,0,0,7,3
2024061467281,2024,061467281,387193,389307,-2.19408,53.40043,3,3,7,13:20,-1,E08000007,3,0,1,0,1,"[7, 19]","[1, 5]","[5, 1]",0,0,0,1,0,0,0,0,0,7,13
2024061467427,2024,061467427,369879,410256,-2.45649,53.58801,3,3,7,21:36,-1,E08000001,4,2,1,0,1,"[19, 2, 13]","[1, 0]","[1, 0]","[4, 0]","[1, 0]",0,1,0,1,0,0,0,7,13
2024061467472,2024,061467472,387190,397515,-2.19446,53.47421,3,3,7,22:52,-1,E08000003,3,2,1,0,1,"[9, 19]","[6, 2]","[3, 4]",0,0,0,1,0,0,0,0,0,7,13
2024061467544,2024,061467544,360544,402131,-2.59648,53.51437,2,2,1,10:57,-1,E08000010,3,0,1,1,1,5,1,5,0,0,0,1,0,0,0,0,0,7,14
2024061467553,2024,061467553,387152,398318,-2.19507,53.48142,3,3,1,10:05,-1,E08000003,3,0,2,1,1,4,-1,-1,0,0,0,1,0,0,0,0,0,7,14
2024061467612,2024,061467612,383396,398654,-2.25168,53.48434,3,3,1,01:30,-1,E08000006,3,2,1,0,1,"[-1, 19]",-1,-1,"[-1, 0]","[-1, 0]",0,1,0,0,0,0,0,7,14
2024061467636,2024,061467636,378347,387139,-2.32697,53.38065,2,2,1,18:24,-1,E08000009,6,0,1,0,1,19,7,3,0,0,0,1,0,0,0,0,1,7,14
2024061467691,2024,061467691,392080,391650,-2.12064,53.42159,2,2,1,20:55,-1,E08000007,3,0,1,0,1,19,7,3,10,1,11,1,0,0,0,0,0,7,14
2024061467733,2024,061467733,376575,387796,-2.35366,53.38648,2,2,6,19:15,-1,E08000009,6,0,1,0,1,"[2, 15]",8,"[4, 2]",0,0,0,1,1,0,0,0,0,3,29
2024061467854,2024,061467854,387089,396517,-2.19594,53.46523,3,3,4,11:37,-1,E08000003,3,0,8,1,1,19,"[6, 3]","[1, 7]",0,0,0,1,1,0,0,0,0,3,13
2024061467980,2024,061467980,388904,390863,-2.1684,53.41445,3,3,2,11:30,-1,E08000007,3,0,1,0,1,"[3, 19]",1,"[2, 5]",0,"[0, 7]",0,1,1,0,0,0,0,7,15
2024061468075,2024,061468075,385321,411076,-2.22326,53.59605,2,2,2,15:33,-1,E08000005,6,0,1,0,1,19,3,7,0,0,0,1,0,0,0,0,1,7,15
2024061468137,2024,061468137,382063,390876,-2.27132,53.41438,3,3,2,08:25,-1,E08000003,1,0,1,0,2,"[19, 4]",7,3,0,0,0,1,0,0,1,0,0,7,15
2024061468198,2024,061468198,367607,404229,-2.49019,53.53371,3,3,2,15:55,-1,E08000010,6,0,1,0,1,19,8,4,0,0,0,1,0,0,0,0,1,2,26
2024061468228,2024,061468228,353844,403370,-2.69769,53.52496,3,3,2,09:45,-1,E08000010,1,0,1,0,2,"[13, 12]",-1,-1,0,0,0,1,0,0,1,0,0,7,15
2024061468242,2024,061468242,390137,390203,-2.14983,53.40855,3,3,4,11:06,-1,E08000007,4,0,1,0,1,"[19, 9]","[4, 8]","[2, 4]",0,0,0,1,0,0,0,0,0,6,19
2024061468400,2024,061468400,388104,400713,-2.18082,53.50297,3,3,3,10:00,-1,E08000003,3,0,1,0,1,"[19, 9]","[7, 1]","[3, 6]",0,0,0,1,0,0,0,0,0,7,16
2024061468534,2024,061468534,388135,394954,-2.18013,53.45121,3,3,3,20:34,-1,E08000003,4,0,1,0,1,"[3, 19, 13]","[1, 5]","[5, 1]","[0, 10]","[0, 7]","[0, 11]",1,0,0,0,0,0,7,16
2024061468543,2024,061468543,390609,402631,-2.14311,53.52026,3,3,3,21:35,-1,E08000004,1,2,1,1,1,"[9, 19]","[6, 1]","[4, 6]",0,0,0,1,0,0,0,0,0,7,16
2024061468587,2024,061468587,389443,390594,-2.16028,53.41205,3,3,5,12:30,-1,E08000007,6,0,1,0,1,19,2,8,0,0,0,1,0,0,0,0,1,2,1
2024061468614,2024,061468614,387272,393599,-2.19307,53.43901,3,3,3,11:30,-1,E08000003,6,0,8,-1,1,-1,-1,-1,-1,-1,0,1,1,0,0,0,0,7,9
2024061468621,2024,061468621,368836,402150,-2.47144,53.5151,2,2,2,18:52,-1,E08000010,6,0,1,0,1,19,1,3,0,0,0,1,0,0,0,0,1,6,24
2024061468656,2024,061468656,384730,391052,-2.23121,53.41605,3,3,4,17:02,-1,E08000003,6,0,1,-1,1,-1,-1,-1,-1,-1,0,1,1,0,0,0,0,6,19
2024061468675,2024,061468675,393810,399364,-2.09476,53.49095,3,3,5,16:20,-1,E08000008,6,0,1,0,1,15,1,3,0,0,0,1,0,0,0,0,1,6,20
2024061468776,2024,061468776,389408,391402,-2.16084,53.41931,3,3,4,06:20,-1,E08000007,3,0,1,0,1,19,"[7, 6]","[4, 3]",0,0,0,1,1,0,0,0,0,7,17
2024061468784,2024,061468784,400703,396402,-1.99088,53.46436,3,3,7,15:30,-1,E08000008,6,0,1,0,1,2,8,"[4, 8]",0,0,0,1,0,0,0,0,0,7,13
2024061468952,2024,061468952,384049,399261,-2.24187,53.48981,3,3,3,09:50,-1,E08000003,6,0,1,0,1,-1,-1,-1,-1,-1,0,1,0,0,0,0,1,7,16
2024061468955,2024,061468955,374400,405314,-2.38779,53.54384,3,3,4,16:20,-1,E08000001,3,0,1,0,1,3,-1,-1,0,0,0,1,0,0,0,0,0,7,17
2024061469020,2024,061469020,394192,417147,-2.08934,53.65079,1,1,6,07:28,-1,E08000005,3,0,1,0,1,"[19, 6]",5,1,0,0,0,1,0,1,0,0,0,7,12
2024061469042,2024,061469042,398344,402063,-2.02644,53.51524,3,3,4,09:58,-1,E08000008,6,0,1,0,1,"[19, 99]",-1,-1,"[11, 0]","[1, 0]","[11, 0]",1,0,0,0,0,0,7,17
2024061469111,2024,061469111,377432,409334,-2.34233,53.58011,3,3,4,13:35,-1,E08000002,4,0,1,0,1,-1,-1,-1,-1,-1,0,1,0,0,0,0,0,6,26
2024061469113,2024,061469113,372284,405624,-2.41975,53.54651,3,3,6,17:40,-1,E08000001,6,0,1,0,1,19,1,1,0,0,0,1,1,0,0,0,0,7,5
2024061469217,2024,061469217,380065,394318,-2.3016,53.44525,2,2,4,17:15,-1,E08000009,3,0,1,-1,1,-1,-1,-1,-1,-1,0,1,0,0,0,0,1,7,17
2024061469414,2024,061469414,355664,406443,-2.67068,53.55273,3,3,4,14:14,-1,E08000010,6,0,1,0,1,19,7,3,0,0,0,1,0,0,0,0,0,7,17
2024061469456,2024,061469456,356894,403163,-2.65166,53.52335,3,3,5,17:22,-1,E08000010,4,0,1,0,1,"[4, 13]",-1,-1,0,0,0,1,0,0,0,0,0,7,18
2024061469491,2024,061469491,392088,403864,-2.12083,53.53137,3,3,5,19:25,-1,E08000004,6,0,1,0,1,"[3, 1]","[4, 2]",8,0,0,0,1,0,0,0,0,0,7,18
2024061469492,2024,061469492,378489,392144,-2.32518,53.42565,3,3,3,15:18,-1,E08000009,3,0,1,0,1,19,"[1, 7]","[5, 3]",0,0,0,1,1,0,0,0,0,7,16
2024061469494,2024,061469494,364512,398526,-2.53623,53.48225,2,2,5,16:00,-1,E08000010,3,0,1,0,1,"[3, 12, 4]",6,"[2, 3]",0,0,0,1,1,0,0,0,0,7,18
2024061469513,2024,061469513,381433,398055,-2.28123,53.47889,3,3,6,18:18,-1,E08000006,3,0,1,0,1,"[3, 19]",4,8,0,0,0,1,0,0,0,0,0,7,5
2024061469530,2024,061469530,388854,397367,-2.16939,53.47291,2,2,5,23:00,-1,E08000003,3,2,1,0,1,19,3,7,0,0,0,1,0,0,0,0,1,7,18
2024061469542,2024,061469542,377272,400962,-2.34414,53.50485,3,3,5,23:00,-1,E08000006,3,2,1,0,1,"[10, 19]","[2, 6]","[6, 2]",0,0,0,1,0,0,1,0,0,7,18
2024061469560,2024,061469560,394670,394526,-2.08172,53.44747,3,3,6,14:37,-1,E08000008,6,0,1,0,1,"[3, 19]","[4, 1]","[8, 1]",0,0,0,1,0,0,0,0,0,6,7
2024061469588,2024,061469588,376985,403165,-2.34863,53.52464,3,3,6,08:00,-1,E08000006,1,0,1,0,2,"[19, 12, 11]",3,7,0,0,0,1,0,0,1,0,0,7,19
2024061469689,2024,061469689,360694,398324,-2.59374,53.48016,2,2,6,08:20,-1,E08000010,3,0,1,0,1,19,5,1,0,0,0,1,0,0,0,0,1,7,19
2024061469753,2024,061469753,403341,406085,-1.95104,53.55139,3,3,6,10:15,-1,E08000004,3,0,1,0,2,19,3,7,0,1,0,1,0,0,0,0,0,7,19
2024061469823,2024,061469823,383940,392181,-2.24315,53.42617,3,3,3,10:18,-1,E08000003,6,0,1,0,1,99,-1,-1,99,0,0,1,0,0,0,0,1,7,2
2024061469873,2024,061469873,383865,398520,-2.24461,53.48315,3,3,6,17:32,-1,E08000003,6,0,1,0,1,19,3,7,0,0,0,1,0,0,0,0,1,7,19
2024061469912,2024,061469912,395382,407810,-2.0712,53.56688,2,2,5,15:00,-1,E08000004,3,0,1,0,1,19,5,1,0,0,0,0,0,0,0,1,1,7,18
2024061469950,2024,061469950,388820,409938,-2.17035,53.58591,3,3,6,20:25,-1,E08000005,1,0,1,0,2,19,3,7,0,1,7,1,0,0,0,0,0,7,19
2024061470042,2024,061470042,367173,411130,-2.49746,53.59571,3,3,4,20:00,-1,E08000001,4,0,1,0,2,"[19, 3]","[3, 7]","[7, 3]",0,0,0,1,0,0,0,0,0,7,17
2024061470067,2024,061470067,379058,411683,-2.31793,53.60129,3,3,6,19:06,-1,E08000002,4,0,1,0,1,"[5, 19]",-1,-1,0,0,0,1,1,0,0,0,0,7,19
2024061470112,2024,061470112,393985,406163,-2.09226,53.55206,3,3,6,13:50,-1,E08000004,6,0,1,0,1,"[9, 19]","[1, 4]","[2, 8]",0,0,0,1,0,0,0,1,0,7,19
2024061470119,2024,061470119,393770,404122,-2.09546,53.53371,3,3,1,22:30,-1,E08000004,6,2,1,0,1,19,"[3, 4]",8,0,0,0,1,0,0,0,0,0,7,14
2024061470133,2024,061470133,395433,394721,-2.07023,53.44923,3,3,6,18:45,-1,E08000008,6,0,1,0,1,19,7,3,0,0,0,1,0,0,0,0,0,7,19
2024061470141,2024,061470141,392549,396727,-2.11371,53.46723,3,3,7,13:55,-1,E08000008,6,0,1,0,1,19,"[5, 3]",3,0,0,0,1,0,0,0,0,0,7,20
2024061470188,2024,061470188,387394,394459,-2.19127,53.44674,3,3,5,19:26,-1,E08000003,3,0,1,0,1,"[5, 2, 19]","[5, 0]","[1, 0]",0,0,0,1,0,0,1,0,0,7,18
2024061470225,2024,061470225,381528,398467,-2.27982,53.48259,3,3,3,08:45,-1,E08000006,6,0,1,0,1,"[-1, 2]",-1,-1,-1,"[0, -1]",0,1,0,0,0,0,0,7,16
2024061470275,2024,061470275,370029,410612,-2.45426,53.59122,2,2,7,20:15,-1,E08000001,6,0,2,1,1,"[2, 19]","[0, 5]","[0, 1]",0,0,0,1,0,0,0,0,1,7,20
2024061470350,2024,061470350,387745,402917,-2.18631,53.52278,3,3,7,13:22,-1,E08000003,6,0,1,0,1,"[19, -1]","[7, -1]","[3, -1]","[0, -1]","[0, -1]",0,1,1,0,0,0,0,7,20
2024061470361,2024,061470361,388395,390381,-2.17604,53.41011,3,3,1,10:40,-1,E08000007,6,0,1,0,1,"[8, -1]",-1,-1,"[0, -1]","[0, -1]",0,1,0,0,0,0,0,7,21
2024061470416,2024,061470416,365757,401467,-2.5178,53.50877,2,"[3, 2]",6,13:46,-1,E08000010,4,0,1,0,1,"[19, 2, 15]","[3, 0, 4]","[5, 0, 2]",0,0,0,1,0,0,0,0,0,7,19
2024061470457,2024,061470457,392710,395764,-2.11126,53.45857,2,"[3, 2]",1,12:20,-1,E08000008,3,0,1,0,1,"[13, -1]",-1,-1,"[4, -1]","[0, -1]",0,1,0,0,0,0,0,7,21
2024061470517,2024,061470517,381057,404411,-2.28728,53.536,3,3,7,22:30,-1,E08000002,6,2,1,0,1,"[1, 2]","[1, 0]","[5, 0]","[4, 0]",0,0,1,0,0,0,0,1,7,20
2024061470533,2024,061470533,364343,403456,-2.53934,53.52655,2,"[3, 2]",7,23:48,-1,E08000010,6,2,1,1,2,19,"[7, 3]","[3, 7]",0,"[2, 0]",0,1,0,0,0,0,0,7,20
2024061470637,2024,061470637,373631,406290,-2.39948,53.55257,3,3,6,21:00,-1,E08000001,3,2,1,0,1,19,6,2,0,0,0,1,0,0,0,0,0,7,5
2024061470697,2024,061470697,365119,402125,-2.52749,53.51464,2,2,2,08:00,-1,E08000010,6,0,1,0,1,19,"[7, 2]","[2, 3]",0,0,0,1,0,0,0,0,0,7,22
2024061470769,2024,061470769,378023,414128,-2.33374,53.62322,3,3,2,13:13,-1,E08000002,4,0,1,0,1,19,"[4, 2]","[8, 6]",0,0,0,1,0,0,0,0,1,7,22
2024061470815,2024,061470815,370066,407362,-2.45339,53.56201,2,2,2,14:02,-1,E08000001,3,0,1,0,1,19,"[3, 5, 7]","[7, 3, 1]",0,"[7, 0]",0,1,0,0,0,0,0,7,22
2024061470859,2024,061470859,389908,413046,-2.15402,53.61386,3,3,2,17:29,-1,E08000005,3,0,1,0,1,"[4, 1]",-1,-1,0,0,0,1,0,0,0,0,0,7,22
2024061470881,2024,061470881,395408,397510,-2.07065,53.4743,2,"[3, 2]",2,17:10,-1,E08000008,6,0,1,0,1,"[19, 9]",6,"[1, 3]",0,0,0,1,0,1,0,0,0,7,22
2024061470921,2024,061470921,371608,403129,-2.42973,53.52405,2,2,4,18:22,-1,E08000006,3,0,1,0,1,"[9, 19]",-1,-1,0,0,0,1,1,0,0,0,0,7,17
2024061470930,2024,061470930,389308,385541,-2.16214,53.36663,3,3,2,15:11,-1,E08000007,3,0,1,0,1,19,5,1,0,1,11,1,0,0,0,0,0,7,22
2024061470959,2024,061470959,388045,414727,-2.18225,53.62893,3,3,2,22:15,-1,E08000005,6,2,1,0,1,19,1,5,0,0,0,1,0,1,0,0,1,7,22
2024061470962,2024,061470962,382165,392917,-2.26991,53.43273,3,3,3,00:15,-1,E08000003,6,2,1,0,1,19,7,2,0,0,0,1,0,0,0,0,1,7,23
2024061470969,2024,061470969,395293,404590,-2.07249,53.53794,1,1,2,23:22,-1,E08000004,3,2,1,0,1,19,2,6,10,1,10,1,0,0,0,0,0,7,22
2024061471114,2024,061471114,385073,396744,-2.22632,53.46722,3,3,1,13:30,-1,E08000003,6,0,1,0,1,"[20, 19]","[0, 4]","[0, 8]",0,0,0,1,1,0,0,0,0,7,14
2024061471155,2024,061471155,370991,404478,-2.43916,53.53614,3,3,6,07:40,-1,E08000006,3,0,1,0,1,19,7,3,0,0,0,0,0,0,1,0,1,7,19
2024061471205,2024,061471205,389057,384474,-2.16588,53.35703,3,3,6,17:30,-1,E08000007,3,0,1,0,1,15,4,8,0,0,0,1,0,0,0,0,1,6,28
2024061471210,2024,061471210,374039,396788,-2.39253,53.46719,3,3,2,19:00,-1,E08000006,3,0,1,0,2,19,5,1,0,0,0,0,0,1,1,0,0,7,22
2024061471222,2024,061471222,355637,405321,-2.67092,53.54265,3,3,6,09:40,-1,E08000010,6,0,1,1,1,"[4, 19]",7,3,0,0,0,1,0,0,0,0,0,6,28
2024061471278,2024,061471278,390788,388088,-2.13998,53.38955,3,3,3,12:03,-1,E08000007,3,0,1,0,1,19,4,8,0,0,0,1,0,0,0,0,0,7,23
2024061471286,2024,061471286,384249,397224,-2.23876,53.47151,3,3,2,16:56,-1,E08000003,2,0,1,0,1,"[4, 19]",7,3,0,0,0,1,0,0,0,0,0,7,22
2024061471290,2024,061471290,378216,402342,-2.33,53.5173,3,3,3,15:21,-1,E08000006,3,0,1,0,1,19,"[4, 5]","[8, 1]",0,0,0,1,1,0,0,0,0,7,23
2024061471323,2024,061471323,384205,394090,-2.23926,53.44334,2,2,3,14:47,-1,E08000003,3,0,1,0,1,"[10, 19]","[5, 7]","[7, 3]","[0, 4]",0,0,1,0,1,0,0,0,7,23
2024061471333,2024,061471333,386727,388476,-2.20105,53.39295,3,3,3,16:40,-1,E08000007,6,0,1,0,1,"[10, 19]",3,7,"[0, 4]",0,0,1,0,0,0,0,0,7,23
2024061471334,2024,061471334,394949,399193,-2.07759,53.48942,3,3,3,16:30,-1,E08000008,6,0,1,0,1,19,"[5, 1]","[1, 5]",0,0,0,1,1,0,0,0,0,7,23
2024061471354,2024,061471354,372653,407716,-2.41437,53.56534,3,3,3,17:41,-1,E08000001,4,0,1,0,1,"[7, 3, 19]","[1, 2, 4, 5]","[4, 8, 3]",0,0,0,1,0,0,0,0,1,7,23
2024061471496,2024,061471496,372797,410307,-2.41242,53.58863,3,3,2,12:15,-1,E08000001,3,0,1,0,1,"[19, 3]",1,6,0,0,0,1,0,0,0,0,0,7,15
2024061471620,2024,061471620,390099,397313,-2.15063,53.47245,2,2,1,15:45,-1,E08000003,3,0,1,0,1,"[9, 19]","[1, 7]","[7, 3]",0,0,0,1,0,1,0,0,0,7,21