collision_index,collision_year,collision_ref_no,location_easting_osgr,location_northing_osgr,longitude,latitude,casualty_severity,casualty_severity,day_of_week,time,local_authority_district,local_authority_ons_district,first_road_class,light_conditions,weather_conditions,road_surface_conditions,urban_or_rural_area,vehicle_manoeuvre,vehicle_direction_from,vehicle_direction_to,hit_object_in_carriageway,vehicle_leaving_carriageway,hit_object_off_carriageway,is_car,is_cyle,is_mcyle,is_goodsv,is_other,is_pedestrian,month,day
2024061479241,2024,061479241,387066,400420,-2.19645,53.50032,3,3,2,18:30,-1,E08000003,3,0,1,0,1,"[7, 19]","[4, 2]",6,0,0,0,1,1,0,0,0,0,7,29
2024061479274,2024,061479274,387641,386432,-2.18723,53.3746,3,3,3,11:42,-1,E08000007,6,0,1,0,1,19,5,1,0,0,0,1,0,0,0,0,1,8,13
2024061479276,2024,061479276,381683,390513,-2.27702,53.41111,3,3,3,09:40,-1,E08000003,6,0,1,0,1,1,-1,-1,99,0,0,1,0,0,0,0,1,8,13
2024061479366,2024,061479366,385339,388433,-2.22192,53.39253,3,3,3,18:07,-1,E08000007,3,0,2,1,1,"[9, 4]",3,"[1, 7]",0,0,0,1,0,0,0,0,0,8,13
2024061479418,2024,061479418,395256,395004,-2.0729,53.45177,3,3,3,20:45,-1,E08000008,6,2,2,1,1,"[99, 10]",5,"[1, 3]","[99, 0]",0,0,1,0,0,0,0,0,8,13
2024061479481,2024,061479481,376924,397028,-2.34909,53.46948,3,3,2,14:30,-1,E08000009,4,0,1,0,2,"[19, -1]",1,"[4, -1]","[0, -1]","[0, -1]",0,1,1,0,0,0,0,8,5
2024061479574,2024,061479574,383399,397603,-2.25158,53.47489,3,3,3,16:40,-1,E08000003,3,0,1,0,1,9,7,5,0,0,0,1,0,0,0,0,1,8,13
2024061479646,2024,061479646,373484,406874,-2.40175,53.55781,3,3,3,14:01,-1,E08000001,3,0,1,0,1,19,"[3, 5]","[8, 1]",0,0,0,1,0,0,0,0,0,8,13
2024061479753,2024,061479753,390166,389531,-2.14937,53.40251,2,2,4,15:00,-1,E08000007,6,0,2,1,1,"[19, 9, 4]","[7, 5, 3]","[3, 2, 7]",0,0,0,1,0,0,0,0,0,8,14
2024061479754,2024,061479754,379107,400482,-2.31644,53.50061,3,3,4,18:15,-1,E08000006,6,0,1,0,1,7,-1,-1,0,0,0,1,0,0,0,0,1,8,14
2024061479775,2024,061479775,377454,401041,-2.3414,53.50557,2,2,4,17:05,-1,E08000006,6,0,1,0,1,"[19, 99]",-1,-1,"[0, 99]","[0, 9]","[0, 99]",1,1,0,0,0,0,8,14
2024061479796,2024,061479796,387828,393278,-2.18469,53.43614,3,3,4,19:40,-1,E08000003,3,0,1,0,1,"[9, 14]","[3, 1]","[1, 5]",0,"[0, 1]",0,1,0,0,0,0,0,8,14
2024061479887,2024,061479887,377056,390066,-2.34659,53.40691,2,2,4,15:28,-1,E08000009,3,0,8,0,1,"[2, 15, 10]","[0, 1]","[0, 5, 7]","[0, 10]","[0, 3]",0,1,0,0,0,0,0,8,14
2024061480001,2024,061480001,383754,403633,-2.24655,53.5291,3,3,5,11:30,-1,E08000003,3,0,8,1,1,"[19, 4]","[5, 7]","[1, 3]",0,0,0,1,0,1,0,0,0,8,15
2024061480097,2024,061480097,390138,410927,-2.15048,53.59482,3,3,5,12:01,-1,E08000005,6,0,1,0,1,"[3, 1]",3,"[7, 5]","[0, 4]",0,0,1,0,0,0,0,0,8,15
2024061480188,2024,061480188,385093,395571,-2.22596,53.45668,2,2,5,17:30,-1,E08000003,4,2,2,1,1,9,7,5,0,0,0,1,0,0,0,0,1,8,15
2024061480207,2024,061480207,385942,387718,-2.21282,53.38611,3,3,5,17:46,-1,E08000007,3,0,2,1,1,"[7, 19]","[5, 4]",8,0,0,0,1,0,0,1,0,0,8,15
2024061480210,2024,061480210,365569,399698,-2.52043,53.49285,2,2,4,06:40,-1,E08000010,6,0,8,0,1,"[8, 19]",-1,-1,0,0,0,1,1,0,0,0,0,8,14
2024061480224,2024,061480224,379148,393340,-2.31534,53.43642,3,3,5,15:15,-1,E08000009,3,0,1,1,2,"[19, 12]",-1,-1,0,0,0,1,0,0,0,0,0,8,15
2024061480267,2024,061480267,385672,408411,-2.21784,53.5721,3,3,5,16:30,-1,E08000005,1,0,2,1,2,"[19, 12]","[6, 7]",2,0,0,0,0,0,1,0,1,0,8,15
2024061480294,2024,061480294,376875,402420,-2.35023,53.51794,3,3,5,11:47,-1,E08000006,6,0,1,0,1,19,"[3, 5]","[7, 1]",0,0,0,1,0,0,0,0,0,8,15
2024061480307,2024,061480307,368506,410920,-2.4773,53.5939,3,3,5,10:00,-1,E08000001,6,0,1,0,1,5,5,1,0,0,0,1,0,0,0,0,0,8,15
2024061480312,2024,061480312,384719,398957,-2.23176,53.4871,3,3,5,13:28,-1,E08000003,6,0,1,0,1,"[5, 19]","[6, 4]","[2, 8]",0,0,0,1,0,0,0,0,0,8,15
2024061480342,2024,061480342,386121,389453,-2.21021,53.40171,2,2,6,07:30,-1,E08000007,1,0,1,0,2,"[19, 11]",5,1,0,0,0,1,0,1,0,0,0,8,16
2024061480543,2024,061480543,389573,393847,-2.15844,53.44129,2,2,2,12:30,-1,E08000007,6,0,1,0,1,9,5,1,0,0,0,1,0,0,0,0,1,7,8
2024061480720,2024,061480720,389113,411503,-2.16598,53.59998,3,3,7,07:01,-1,E08000005,2,0,1,0,1,"[2, 99]",-1,-1,99,"[3, 0]",0,1,0,0,0,0,0,8,17
2024061480881,2024,061480881,387838,385637,-2.18424,53.36746,2,2,7,16:30,-1,E08000007,3,0,1,0,1,19,4,1,0,0,0,1,0,0,0,0,1,8,17
2024061480890,2024,061480890,398397,395384,-2.02561,53.45521,3,3,6,23:15,-1,E08000008,3,2,1,0,2,19,"[5, 7]","[1, 3]",0,"[1, 0]",0,1,0,0,0,0,0,8,16
2024061480905,2024,061480905,386633,394815,-2.20274,53.44992,3,3,7,20:45,-1,E08000003,6,0,1,0,1,5,5,1,0,0,0,1,0,0,0,0,1,8,17
2024061481038,2024,061481038,389218,401550,-2.16405,53.51052,3,3,7,19:30,-1,E08000004,6,0,1,0,1,3,-1,-1,99,0,0,1,0,0,0,0,0,8,17
2024061481054,2024,061481054,368369,401048,-2.47837,53.50516,3,3,7,17:55,-1,E08000010,6,0,1,0,2,"[2, 19]","[0, 7]","[0, 3]",0,0,0,1,0,0,0,0,1,8,17
2024061481067,2024,061481067,393397,405582,-2.10112,53.54683,3,3,1,14:50,-1,E08000004,4,0,1,0,1,"[7, 19]","[5, 8]","[8, 4]",0,0,0,1,0,1,0,0,0,8,18
2024061481089,2024,061481089,382610,395869,-2.26337,53.45928,3,3,1,13:55,-1,E08000009,6,0,1,0,1,"[10, 1]",-1,-1,0,0,0,1,0,0,0,0,0,8,18
2024061481158,2024,061481158,390293,391070,-2.14751,53.41634,2,2,1,18:25,-1,E08000007,3,0,1,0,2,"[13, 4]",3,7,0,0,0,1,0,0,0,0,0,8,18
2024061481168,2024,061481168,386431,414277,-2.20663,53.62485,3,3,7,21:34,-1,E08000005,6,2,1,0,1,19,7,3,0,0,0,1,0,0,0,0,0,8,17
2024061481210,2024,061481210,381005,404471,-2.28807,53.53654,2,"[2, 3]",1,20:13,-1,E08000002,3,0,1,0,1,"[19, 9]","[5, 1, 7]","[1, 7, 5]","[0, 10]",0,0,1,0,0,0,0,0,8,18
2024061481250,2024,061481250,363286,397683,-2.55461,53.47459,3,3,2,07:43,-1,E08000010,3,0,1,0,1,"[9, 19]","[4, 6]","[2, 8]",0,0,0,1,0,0,0,0,0,8,19
2024061481371,2024,061481371,382375,393250,-2.26676,53.43573,3,3,5,16:00,-1,E08000003,6,0,9,0,1,"[1, 2]","[4, 0]","[8, 0]",0,0,0,1,0,0,0,0,0,7,25
2024061481377,2024,061481377,354894,405674,-2.68219,53.54575,2,"[3, 2]",1,05:03,-1,E08000010,6,0,1,0,1,19,"[1, 3]","[5, 1]",0,"[0, 1]",0,1,0,0,0,0,0,8,18
2024061481442,2024,061481442,372547,401656,-2.41543,53.51086,3,3,7,17:40,-1,E08000006,4,0,1,0,1,-1,-1,-1,-1,-1,0,1,0,0,0,0,0,8,10
2024061481474,2024,061481474,360962,402338,-2.5902,53.51626,3,3,2,13:34,-1,E08000010,4,0,1,0,1,"[14, 10]","[7, 8]","[3, 5]",0,"[0, 3]","[0, 1]",1,0,0,0,0,0,8,19
2024061481675,2024,061481675,372905,411265,-2.41087,53.59725,3,3,1,12:50,-1,E08000001,3,0,1,0,1,"[9, 19]","[1, 5]","[7, 1]",0,0,0,1,0,0,0,0,0,8,11
2024061481857,2024,061481857,379920,394796,-2.30382,53.44954,2,2,6,22:25,-1,E08000009,6,2,1,0,1,"[99, 3]",-1,-1,99,0,0,1,0,0,0,0,0,8,16
2024061481888,2024,061481888,387061,406357,-2.19677,53.55368,3,3,3,10:32,-1,E08000005,3,0,1,0,1,"[19, 9]","[1, 5]","[5, 2]",0,0,0,1,0,1,0,0,0,8,20
2024061481936,2024,061481936,382115,397462,-2.27092,53.47358,2,"[2, 3]",3,17:10,-1,E08000006,6,0,1,0,1,"[4, -1]",-1,-1,"[99, -1]","[1, -1]",0,1,0,0,0,0,0,8,20
2024061481938,2024,061481938,392124,404948,-2.12032,53.54112,3,3,7,09:55,-1,E08000004,6,0,1,0,1,"[1, -1]","[1, -1]","[5, -1]","[0, -1]","[0, -1]",0,1,0,0,0,0,1,8,17
2024061482066,2024,061482066,384453,406065,-2.23613,53.55098,3,3,3,17:15,-1,E08000005,3,0,1,0,2,"[-1, 19]",-1,-1,"[-1, 1]","[-1, 0]",0,1,0,0,0,0,0,8,20
2024061482388,2024,061482388,391179,403688,-2.13454,53.52977,1,1,4,12:36,-1,E08000004,3,0,1,0,1,5,5,1,0,0,0,0,0,0,1,0,1,8,21
2024061482410,2024,061482410,388903,389892,-2.16838,53.40573,3,3,3,21:18,-1,E08000007,6,2,1,1,1,"[2, 9]","[0, 4]","[0, 1]",0,0,0,1,0,0,0,0,0,8,20
2024061482417,2024,061482417,368974,412690,-2.47041,53.60984,3,3,4,16:50,-1,E08000001,6,0,1,1,2,19,"[1, 4]","[1, 4]","[0, 11]","[1, 0]",0,1,0,0,0,0,0,8,21
2024061482443,2024,061482443,387372,394182,-2.19159,53.44425,3,3,4,18:30,-1,E08000003,3,0,8,1,1,"[19, 9]",-1,-1,"[0, 7]","[0, 2]","[0, 10]",1,0,0,0,0,0,8,21
2024061482485,2024,061482485,384523,396917,-2.23461,53.46876,2,2,4,18:00,-1,E08000003,6,0,1,0,1,"[7, 19]",-1,-1,0,0,0,1,1,0,0,0,0,8,21
2024061482561,2024,061482561,391202,403865,-2.1342,53.53137,3,3,4,18:45,-1,E08000004,6,0,1,0,1,"[19, 9]","[1, 3]","[5, 1]",0,0,0,1,1,0,0,0,0,8,21
2024061482603,2024,061482603,391730,405645,-2.12628,53.54737,3,3,2,16:20,-1,E08000004,3,0,1,0,1,"[19, 7]","[4, 6]","[8, 6]",0,0,0,1,0,0,0,0,0,8,12
2024061482668,2024,061482668,372267,404070,-2.41987,53.53255,2,2,5,12:25,-1,E08000006,6,0,1,0,1,19,"[5, 1]","[1, 5]",0,0,0,1,0,0,0,0,0,8,22
2024061482740,2024,061482740,376376,395740,-2.35725,53.45788,3,3,5,08:40,-1,E08000009,4,0,1,0,1,"[19, 99]",-1,-1,0,0,0,1,1,0,0,0,0,8,22
2024061482761,2024,061482761,391436,387830,-2.13023,53.38724,3,3,5,13:50,-1,E08000007,6,0,2,1,1,"[7, 19]",-1,-1,0,0,0,1,1,0,0,0,0,8,22
2024061482808,2024,061482808,369300,406881,-2.46491,53.55765,3,3,5,17:19,-1,E08000001,3,0,2,1,1,"[5, 4, 3]",3,1,0,0,0,1,0,0,0,0,0,8,22
2024061482824,2024,061482824,394387,400771,-2.08609,53.5036,3,3,5,21:50,-1,E08000008,6,2,2,1,1,19,6,3,0,"[0, 1]",0,1,1,0,0,0,0,8,22
2024061482843,2024,061482843,355231,406638,-2.67724,53.55445,2,2,5,23:58,-1,E08000010,6,2,2,1,1,"[19, 15, 2]","[7, 3, 0]","[3, 7, 0]",0,"[1, 0]",0,1,0,0,1,0,0,8,22
2024061482864,2024,061482864,392985,394934,-2.1071,53.45112,3,3,1,12:45,-1,E08000008,6,0,1,0,1,"[4, 1]",5,"[7, 1]",0,0,0,1,0,0,0,0,0,8,4
2024061482963,2024,061482963,374443,398699,-2.3866,53.48438,3,3,3,17:11,-1,E08000006,1,0,1,0,2,"[15, 13]",-1,-1,"[0, 99]","[5, 0]","[7, 0]",1,0,0,0,0,0,8,20
2024061482997,2024,061482997,382961,397262,-2.25816,53.47181,3,3,6,02:35,-1,E08000003,3,2,2,1,1,19,-1,-1,0,0,0,1,1,0,0,0,0,8,23
2024061483043,2024,061483043,388347,411625,-2.17756,53.60106,3,3,5,09:06,-1,E08000005,3,0,2,1,1,"[9, 99]",-1,-1,0,0,0,1,0,0,0,0,0,8,22
2024061483047,2024,061483047,383312,401453,-2.2531,53.50949,3,3,6,12:30,-1,E08000006,3,0,1,0,1,"[13, -1]",-1,-1,"[0, -1]","[0, -1]",0,1,0,0,0,0,0,8,23
2024061483051,2024,061483051,359787,403417,-2.60806,53.52587,2,2,6,07:00,-1,E08000010,3,0,8,1,1,"[9, 19]",-1,-1,0,0,0,1,1,0,0,0,0,8,23
2024061483134,2024,061483134,365971,399913,-2.5144,53.49481,3,3,6,16:32,-1,E08000010,3,0,1,0,1,19,2,6,0,0,0,0,0,0,1,0,0,8,23
2024061483135,2024,061483135,356612,406651,-2.6564,53.55468,3,3,5,16:55,-1,E08000010,4,0,1,0,1,"[5, 19]",-1,-1,0,0,0,1,0,0,0,0,0,8,22
2024061483186,2024,061483186,389826,410082,-2.15516,53.58722,3,3,1,12:20,-1,E08000005,2,0,1,0,2,"[19, 4]",3,7,0,0,0,1,0,0,0,0,0,8,18
2024061483257,2024,061483257,387049,396531,-2.19655,53.46536,3,3,7,02:00,-1,E08000003,3,2,1,0,1,19,"[1, 3]","[5, 7]",0,0,0,1,0,0,0,0,0,8,24
2024061483384,2024,061483384,377552,395202,-2.3395,53.45309,3,3,6,10:45,-1,E08000009,1,0,1,0,1,"[-1, 4]",-1,-1,"[-1, 0]","[-1, 0]",0,1,0,0,0,0,0,8,23
2024061483512,2024,061483512,381527,410729,-2.28057,53.59281,3,3,6,18:40,-1,E08000002,6,0,1,0,1,"[10, 19]",-1,-1,0,0,0,1,0,0,0,0,0,8,23
2024061483513,2024,061483513,394345,406045,-2.08682,53.551,2,"[2, 3]",7,00:20,-1,E08000004,3,2,1,0,1,"[5, 9]","[6, 1]","[2, 5]","[0, 10]",0,0,1,0,0,0,0,0,8,24
2024061483573,2024,061483573,400348,395997,-1.99623,53.46072,3,3,5,10:00,-1,E08000008,3,2,1,1,2,"[4, 19]",-1,-1,0,0,0,1,0,0,0,0,0,8,22
2024061483614,2024,061483614,371451,411722,-2.43288,53.60128,3,3,7,14:15,-1,E08000001,3,0,1,1,1,3,5,"[1, 5]","[1, 0]",0,0,1,0,0,0,0,0,8,24
2024061483656,2024,061483656,394208,399136,-2.08876,53.4889,3,3,5,11:30,-1,E08000008,3,0,1,0,1,9,6,2,0,1,0,1,0,0,0,0,1,8,22
2024061483702,2024,061483702,382498,398329,-2.2652,53.48139,3,3,3,22:20,-1,E08000006,6,2,1,0,1,7,6,8,0,0,0,1,0,0,0,0,1,8,20
2024061483755,2024,061483755,374980,399325,-2.37856,53.49003,3,3,1,15:12,-1,E08000006,1,0,1,0,1,19,5,8,0,0,0,1,0,0,0,0,0,8,25
2024061483929,2024,061483929,392443,404221,-2.11549,53.53459,3,3,1,20:15,-1,E08000004,3,2,1,0,1,19,"[5, 7]","[1, 8]",0,0,0,1,0,0,0,1,0,8,25
2024061483986,2024,061483986,384623,402384,-2.23338,53.5179,2,2,2,17:54,-1,E08000003,6,0,1,0,1,19,5,1,0,0,0,1,0,0,0,0,1,8,26
2024061484146,2024,061484146,399174,404722,-2.01393,53.53914,3,3,5,10:50,-1,E08000004,3,0,1,0,2,"[3, 19]",6,2,0,0,0,1,0,0,0,0,0,7,25
2024061484179,2024,061484179,379051,394174,-2.31686,53.44391,2,2,3,09:35,-1,E08000009,6,0,1,0,1,19,"[7, 3]","[3, 7]",0,0,0,1,0,0,0,0,0,8,27
2024061484199,2024,061484199,377622,411773,-2.33964,53.60204,3,3,1,16:00,-1,E08000002,6,0,1,0,1,"[9, 4]","[5, 1]","[3, 5]",0,0,0,1,1,0,0,0,0,8,18
2024061484246,2024,061484246,381102,396156,-2.2861,53.46181,3,3,3,13:25,-1,E08000009,3,0,1,0,1,19,"[1, 2]","[5, 6]",0,0,0,1,0,0,0,0,0,8,27
2024061484269,2024,061484269,379031,410601,-2.31827,53.59156,2,"[2, 3]",3,12:40,-1,E08000002,6,0,2,1,1,19,"[1, 7]","[5, 3]",0,0,0,1,0,1,0,0,0,8,27
2024061484275,2024,061484275,380530,389474,-2.2943,53.40173,3,3,4,18:09,-1,E08000003,6,0,1,0,1,"[4, 9]","[3, 5]","[7, 3]",0,0,0,1,1,0,0,0,0,8,21
2024061484333,2024,061484333,375688,394271,-2.3675,53.44464,2,2,3,15:17,-1,E08000009,6,0,2,1,1,2,2,2,10,0,0,1,0,0,0,0,0,8,27
2024061484348,2024,061484348,392383,404775,-2.1164,53.53956,3,3,3,17:50,-1,E08000004,6,0,1,0,1,19,3,7,0,0,0,1,0,0,0,0,1,8,27
2024061484381,2024,061484381,364356,397302,-2.53844,53.47124,3,3,6,07:52,-1,E08000010,3,0,2,1,2,19,7,2,0,0,0,1,0,0,0,0,0,8,23
2024061484458,2024,061484458,382121,408483,-2.27146,53.57264,3,3,1,20:13,-1,E08000002,1,2,1,1,2,19,5,1,"[0, 7]",0,0,1,0,0,0,0,0,8,25
2024061484567,2024,061484567,393113,390368,-2.10507,53.41008,2,2,3,15:32,-1,E08000007,6,0,2,1,1,1,1,6,0,3,11,1,0,0,0,0,0,8,27
2024061484621,2024,061484621,362549,409367,-2.56711,53.57955,3,3,3,11:05,-1,E08000001,4,0,1,0,1,"[9, 19]","[6, 4]","[3, 1]",0,0,0,1,0,0,0,0,0,8,27
2024061484779,2024,061484779,388717,389519,-2.17117,53.40237,3,3,4,19:48,-1,E08000007,6,0,1,0,1,"[19, 5]","[7, 5]","[3, 1]",0,0,0,1,0,0,0,0,0,8,28
2024061484862,2024,061484862,374932,399454,-2.37929,53.49119,3,3,4,13:45,-1,E08000006,1,0,2,1,1,"[19, 12]","[1, 3]","[5, 7]",0,0,0,1,0,0,0,0,0,8,28
2024061485071,2024,061485071,383998,398253,-2.24259,53.48075,2,2,4,22:00,-1,E08000003,6,2,1,0,1,19,"[3, 5]","[7, 1]",0,0,0,1,1,0,0,0,0,8,28
2024061485231,2024,061485231,387249,394918,-2.19347,53.45087,3,3,5,18:13,-1,E08000003,3,0,1,0,1,15,5,4,0,0,0,1,0,0,0,0,0,8,29
2024061485258,2024,061485258,383891,393723,-2.24397,53.44003,3,3,4,11:19,-1,E08000003,3,0,1,0,1,"[19, 5]",1,5,0,0,0,0,0,0,1,0,0,8,28
2024061485261,2024,061485261,389372,387854,-2.16126,53.38742,3,3,5,10:50,-1,E08000007,6,0,1,0,1,"[19, 9]","[1, 3]","[5, 7]",0,"[0, 1]",0,0,0,1,0,0,0,8,29
2024061485265,2024,061485265,388219,390350,-2.17869,53.40983,3,3,5,12:00,-1,E08000007,3,0,1,0,1,7,1,7,0,"[2, 1]",0,1,0,0,1,0,0,8,29
2024061485332,2024,061485332,392640,388223,-2.11213,53.39079,3,3,4,09:30,-1,E08000007,6,0,1,0,2,19,5,1,0,0,0,1,0,0,0,0,1,8,21
2024061485411,2024,061485411,372839,407714,-2.41156,53.56533,3,3,6,07:35,-1,E08000001,3,0,1,0,1,"[9, 5]",-1,-1,0,0,0,1,0,0,0,0,0,8,30
2024061485435,2024,061485435,379530,389299,-2.30933,53.40011,3,3,6,13:40,-1,E08000003,3,0,1,0,1,5,-1,-1,0,0,0,1,0,0,0,0,1,8,30
2024061485460,2024,061485460,390753,403557,-2.14096,53.52859,2,2,6,13:56,-1,E08000004,6,0,1,0,1,"[2, 19]",8,4,0,0,0,1,0,0,1,0,1,8,30
2024061485518,2024,061485518,384462,400943,-2.23573,53.50494,3,3,6,14:02,-1,E08000003,6,0,1,0,1,-1,-1,-1,-1,-1,0,1,0,0,0,0,1,8,30
2024061485578,2024,061485578,388191,402446,-2.17957,53.51855,3,3,6,12:24,-1,E08000003,6,0,1,0,1,"[7, 8]","[6, 4]","[4, 6]",10,"[1, 2]","[2, 11]",1,0,0,0,0,0,8,30
2024061485687,2024,061485687,386061,396340,-2.21142,53.46362,2,2,6,17:00,-1,E08000003,3,0,1,0,1,"[7, 19]",-1,-1,0,0,0,1,1,0,0,0,0,8,30
2024061485720,2024,061485720,389514,393634,-2.15932,53.43937,2,2,6,15:09,-1,E08000007,4,0,1,0,1,19,5,1,0,0,0,1,0,0,0,0,1,8,30
2024061485723,2024,061485723,388417,395933,-2.17592,53.46002,2,2,6,16:20,-1,E08000003,6,0,1,0,1,19,5,1,0,0,0,1,0,0,0,0,1,8,30
2024061485729,2024,061485729,372307,408240,-2.41964,53.57003,2,2,7,12:20,-1,E08000001,6,0,1,0,1,"[7, 19]",8,"[2, 4]",0,0,0,1,0,0,0,1,0,8,31
2024061485737,2024,061485737,393178,400218,-2.10431,53.49862,3,3,7,11:23,-1,E08000008,6,0,1,0,1,"[19, 5]","[7, 1]","[7, 1]",0,0,0,1,0,1,0,0,0,8,31
2024061485838,2024,061485838,384278,397724,-2.23835,53.47601,3,3,7,20:01,-1,E08000003,3,0,1,0,1,-1,-1,-1,-1,-1,0,1,0,0,0,0,1,8,31
2024061485841,2024,061485841,380792,386250,-2.29016,53.37276,3,3,6,05:30,-1,E08000009,1,0,1,0,1,7,7,3,7,0,0,1,0,0,0,0,0,8,16
2024061485844,2024,061485844,386482,393676,-2.20496,53.43968,2,2,7,04:40,-1,E08000003,3,2,1,0,1,19,1,5,10,4,0,1,0,0,0,0,0,8,31
2024061485905,2024,061485905,393634,398949,-2.09741,53.48722,3,3,7,01:51,-1,E08000008,3,2,1,0,1,19,1,4,0,0,0,1,0,0,0,0,0,8,31
2024061486004,2024,061486004,392006,405946,-2.12212,53.55008,2,2,7,21:30,-1,E08000004,3,2,1,0,1,"[9, 7]","[1, 3]","[2, 3]",0,0,0,1,1,0,0,0,0,8,31
2024061486123,2024,061486123,394920,400233,-2.07805,53.49877,2,2,1,19:34,-1,E08000008,4,0,4,0,1,"[2, 19]","[0, 5]","[0, 1]",0,0,0,1,0,0,0,0,0,9,1
2024061486137,2024,061486137,393112,394033,-2.10517,53.44302,2,"[3, 2]",1,18:27,-1,E08000008,6,0,2,1,1,19,7,4,0,0,0,1,0,0,0,0,0,9,1
2024061486448,2024,061486448,379534,394121,-2.30958,53.44346,3,3,7,20:24,-1,E08000009,6,2,1,0,1,"[3, 19]",-1,-1,0,0,0,1,1,0,0,0,0,8,31
2024061486532,2024,061486532,371174,409521,-2.43686,53.58148,3,3,2,14:03,-1,E08000001,3,0,2,1,1,"[5, -1]",-1,-1,"[10, -1]","[0, -1]",0,1,0,0,1,0,0,9,2
2024061486581,2024,061486581,386072,395261,-2.21121,53.45392,1,1,2,21:22,-1,E08000003,3,2,1,0,1,19,7,2,0,0,0,1,0,0,0,0,1,9,2
2024061486592,2024,061486592,399584,395790,-2.00773,53.45886,3,3,2,11:55,-1,E08000008,3,0,2,1,1,"[19, 4]",3,7,0,0,0,1,0,0,1,0,0,9,2
2024061486598,2024,061486598,383789,398627,-2.24576,53.48411,2,2,7,11:59,-1,E08000003,3,0,1,0,1,"[7, 4]","[3, 6]","[6, 2]",0,0,0,1,1,0,0,0,0,8,31
2024061486618,2024,061486618,372674,403512,-2.41368,53.52755,3,3,4,21:15,-1,E08000006,3,0,1,0,1,"[8, 9]","[5, 7]","[1, 5]",0,0,0,1,0,0,0,0,0,8,28
2024061486644,2024,061486644,387018,406042,-2.19741,53.55085,3,3,6,15:00,-1,E08000005,6,0,1,0,1,"[3, 19]",6,2,0,0,0,1,0,0,0,0,0,8,9
2024061486691,2024,061486691,383600,399497,-2.24865,53.49192,3,3,2,15:10,-1,E08000003,3,0,1,0,1,19,1,5,0,-1,0,1,1,0,0,0,0,7,22
2024061486859,2024,061486859,382338,394036,-2.26737,53.44279,3,3,3,01:06,-1,E08000003,3,2,2,1,1,"[19, 4]","[7, 5]","[3, 1]",0,0,0,1,0,0,0,0,0,9,3
2024061486901,2024,061486901,375557,388427,-2.36901,53.39211,2,2,3,15:24,-1,E08000009,6,0,1,0,1,19,"[7, 1]","[3, 5]",0,0,0,1,1,0,0,0,0,9,3
2024061486928,2024,061486928,363104,397486,-2.55733,53.4728,2,2,3,10:05,-1,E08000010,3,0,1,0,1,19,1,5,"[0, -1]","[0, -1]",0,1,0,0,0,0,0,9,3
2024061486999,2024,061486999,373485,409412,-2.40195,53.58062,3,3,2,22:43,-1,E08000001,3,2,1,1,1,"[19, 6]",7,3,0,0,0,1,0,0,0,0,0,9,2
2024061487042,2024,061487042,390219,402792,-2.14899,53.5217,3,3,6,20:16,-1,E08000004,1,0,1,0,1,"[11, 19]",5,1,0,1,0,1,0,0,0,0,0,8,9
2024061487118,2024,061487118,383657,399096,-2.24777,53.48832,3,3,4,08:33,-1,E08000003,3,0,1,0,1,3,7,3,0,0,0,1,1,0,0,0,0,9,4
2024061487190,2024,061487190,370851,408043,-2.4416,53.56818,3,3,3,13:30,-1,E08000001,3,0,1,0,1,"[4, 19]",2,6,0,0,0,1,0,0,0,0,0,8,13
2024061487209,2024,061487209,387115,406042,-2.19595,53.55085,3,3,1,17:35,-1,E08000005,4,0,1,0,1,1,2,6,0,0,0,1,0,0,0,0,1,9,1
2024061487276,2024,061487276,386359,413388,-2.20768,53.61686,3,3,4,13:50,-1,E08000005,6,0,1,0,1,19,1,5,0,0,0,1,0,0,0,0,1,9,4
2024061487321,2024,061487321,389164,396635,-2.16469,53.46634,2,2,4,16:14,-1,E08000003,6,0,1,0,1,19,5,1,0,0,0,1,0,0,0,0,1,9,4
2024061487389,2024,061487389,382873,400309,-2.25966,53.4992,3,3,4,22:17,-1,E08000006,4,2,1,1,1,"[19, 9]","[6, 5]","[4, 1]",0,0,0,1,0,0,0,0,0,9,4
2024061487392,2024,061487392,392418,404428,-2.11587,53.53645,3,3,4,05:25,-1,E08000004,3,2,1,0,1,19,-1,-1,0,0,0,1,0,0,0,0,0,9,4
2024061487399,2024,061487399,362542,398886,-2.56596,53.48535,2,2,1,14:30,-1,E08000010,6,0,1,0,2,"[3, 8]","[3, 7]","[7, 5]",0,"[0, 3]",0,1,0,0,0,0,1,9,1
2024061487413,2024,061487413,370550,408539,-2.4462,53.57262,2,2,6,23:00,-1,E08000001,3,2,9,0,1,19,7,3,0,0,0,0,0,1,0,0,1,8,23
2024061487419,2024,061487419,373183,406618,-2.40627,53.5555,3,3,4,11:20,-1,E08000001,6,0,1,0,1,"[19, 2]","[6, 0]","[2, 0]",0,0,0,1,0,0,0,0,0,9,4
2024061487425,2024,061487425,361878,398084,-2.57587,53.47809,2,2,5,13:30,-1,E08000010,6,0,1,0,1,"[19, 10]",5,1,0,0,0,1,0,1,0,0,0,8,1
2024061487466,2024,061487466,371547,410879,-2.43135,53.59371,3,3,4,14:38,-1,E08000001,3,0,1,1,1,14,1,5,10,0,0,1,0,0,0,0,1,9,4
2024061487629,2024,061487629,363930,408124,-2.54611,53.56848,3,3,6,18:08,-1,E08000001,3,0,1,0,2,"[4, 19]",-1,-1,0,0,0,1,0,0,0,0,0,8,30
2024061487653,2024,061487653,373459,406419,-2.40209,53.55372,3,3,5,11:40,-1,E08000001,3,0,1,0,1,19,"[1, 4]","[5, 1]",0,0,0,1,0,0,0,0,0,9,5