collision_index,collision_year,collision_ref_no,location_easting_osgr,location_northing_osgr,longitude,latitude,casualty_severity,casualty_severity,day_of_week,time,local_authority_district,local_authority_ons_district,first_road_class,light_conditions,weather_conditions,road_surface_conditions,urban_or_rural_area,vehicle_manoeuvre,vehicle_direction_from,vehicle_direction_to,hit_object_in_carriageway,vehicle_leaving_carriageway,hit_object_off_carriageway,is_car,is_cyle,is_mcyle,is_goodsv,is_other,is_pedestrian,month,day
2024061494155,2024,061494155,367060,406230,-2.49865,53.55166,3,3,2,15:45,-1,E08000001,3,0,1,0,2,3,-1,-1,0,0,0,1,0,0,0,0,0,9,16
2024061494178,2024,061494178,388868,396291,-2.16914,53.46324,3,3,7,09:50,-1,E08000003,6,0,1,0,1,3,-1,-1,0,0,0,1,0,0,0,0,0,9,21
2024061494189,2024,061494189,383073,389632,-2.25606,53.40323,3,3,7,10:46,-1,E08000003,6,0,1,0,1,19,4,8,10,0,0,1,0,0,0,0,0,9,21
2024061494255,2024,061494255,386470,400107,-2.20542,53.49749,3,3,7,15:00,-1,E08000003,3,0,1,0,1,"[19, 10]",2,6,0,0,0,1,0,1,0,0,0,9,21
2024061494326,2024,061494326,378495,398811,-2.32555,53.48557,3,3,6,23:40,-1,E08000006,1,2,1,0,1,19,3,7,0,0,0,1,0,0,0,0,0,9,20
2024061494495,2024,061494495,383583,397793,-2.24882,53.4766,3,3,7,23:00,-1,E08000003,6,2,2,1,1,-1,-1,-1,-1,-1,0,1,0,0,0,0,1,9,21
2024061494497,2024,061494497,382117,411339,-2.27169,53.59831,3,3,5,15:35,-1,E08000002,6,0,1,0,1,19,5,1,0,1,0,0,0,1,0,0,1,9,19
2024061494523,2024,061494523,389658,385403,-2.15688,53.36539,3,3,5,20:15,-1,E08000007,6,2,1,0,1,7,5,8,0,0,0,1,0,0,0,0,1,9,19
2024061494531,2024,061494531,383530,398090,-2.24963,53.47927,2,2,3,23:30,-1,E08000003,6,2,1,0,1,3,-1,-1,"[8, 99]","[0, 2]",0,1,1,0,0,0,0,9,17
2024061494540,2024,061494540,392917,402183,-2.10829,53.51627,3,3,1,14:28,-1,E08000004,6,0,2,1,1,"[9, 19]","[1, 5]","[6, 1]",0,0,0,1,1,0,0,0,0,9,22
2024061494597,2024,061494597,383428,398279,-2.25118,53.48097,3,3,7,00:09,-1,E08000003,6,2,1,0,1,19,4,1,7,1,10,1,0,0,0,0,0,9,21
2024061494604,2024,061494604,385853,390885,-2.21431,53.41458,3,3,4,08:58,-1,E08000007,6,0,1,0,1,19,"[5, 3]","[1, 7]","[99, 0]",0,0,1,1,0,0,0,0,9,18
2024061494605,2024,061494605,386961,394440,-2.19778,53.44656,2,2,7,21:19,-1,E08000003,3,2,2,1,1,13,5,1,0,0,0,1,0,0,0,0,1,9,21
2024061494615,2024,061494615,388130,413992,-2.18093,53.62233,2,2,7,21:44,-1,E08000005,3,2,1,1,1,5,"[5, 7]","[6, 3]",0,0,0,1,0,0,0,1,1,9,21
2024061494618,2024,061494618,368183,407794,-2.48186,53.56579,2,2,1,18:55,-1,E08000001,3,2,2,1,2,19,"[4, 1]","[8, 4]","[0, 7]","[0, 6]",0,1,0,0,0,0,0,9,22
2024061494663,2024,061494663,384502,395510,-2.23486,53.45611,3,3,6,14:30,-1,E08000003,6,0,1,0,1,"[99, 2]",-1,-1,"[99, 8]","[9, 0]","[99, 0]",1,1,0,0,0,0,9,20
2024061494670,2024,061494670,390099,394714,-2.15055,53.44909,3,3,3,15:20,-1,E08000007,6,0,1,-1,1,9,-1,-1,0,1,0,0,0,0,1,0,1,9,10
2024061494672,2024,061494672,382944,395965,-2.25835,53.46015,3,3,1,12:50,-1,E08000009,6,0,2,1,1,"[7, 19]","[5, 7]","[7, 3]",0,0,0,1,1,0,0,0,0,9,22
2024061494708,2024,061494708,372693,405951,-2.41361,53.54948,3,3,7,16:30,-1,E08000001,6,0,1,0,1,-1,-1,-1,-1,-1,0,1,0,0,0,0,1,8,24
2024061494733,2024,061494733,359760,405518,-2.60874,53.54475,3,3,2,07:50,-1,E08000010,3,0,1,1,1,3,-1,-1,0,0,0,1,0,0,0,0,1,9,23
2024061494754,2024,061494754,384217,399103,-2.23933,53.4884,3,3,2,08:30,-1,E08000003,3,0,8,1,1,19,-1,-1,11,2,1,1,0,0,0,0,1,9,23
2024061494789,2024,061494789,357656,399029,-2.63961,53.48626,3,3,6,22:35,-1,E08000010,3,2,1,0,1,"[3, 19]",7,3,0,0,0,1,0,0,0,0,0,8,16
2024061494805,2024,061494805,358976,405402,-2.62055,53.54365,2,2,4,16:55,-1,E08000010,6,0,1,0,1,"[8, 99]","[8, 6]","[6, 3]",0,0,0,1,1,0,0,0,0,9,18
2024061494931,2024,061494931,389363,390281,-2.16148,53.40923,3,3,2,09:53,-1,E08000007,6,0,1,1,1,19,-1,-1,0,0,0,1,0,0,0,0,0,9,23
2024061494962,2024,061494962,365051,401858,-2.52848,53.51223,3,3,2,15:15,-1,E08000010,6,0,1,0,1,19,-1,-1,0,0,0,1,0,0,0,0,1,9,23
2024061494973,2024,061494973,391637,387502,-2.1272,53.3843,3,3,2,17:21,-1,E08000007,3,0,1,0,1,"[9, 19, 7]","[7, 1, 4, 5]","[3, 6, 8, 7]",0,0,0,1,0,1,0,0,0,9,23
2024061495003,2024,061495003,385540,399445,-2.21941,53.49151,2,2,2,17:40,-1,E08000003,3,0,8,0,1,"[19, 7]","[6, 8]",2,0,7,0,1,0,0,0,0,0,9,23
2024061495047,2024,061495047,385766,392643,-2.21569,53.43038,3,3,2,23:55,-1,E08000003,6,2,2,1,1,"[2, 19, 5]","[0, 1, 7]","[0, 5, 3]",0,"[0, 7]",0,1,0,0,0,0,0,9,23
2024061495060,2024,061495060,387033,396477,-2.19679,53.46487,3,3,1,13:30,-1,E08000003,3,0,2,1,1,"[10, 1]","[5, 1]","[1, 5]","[0, 11]",0,0,1,0,0,0,0,0,9,22
2024061495064,2024,061495064,389269,390330,-2.16289,53.40967,3,3,7,15:00,-1,E08000007,3,0,1,0,1,19,"[4, 8]",4,0,0,0,1,1,0,0,0,0,8,3
2024061495090,2024,061495090,392199,404187,-2.11917,53.53428,2,2,4,16:00,-1,E08000004,6,0,1,1,1,19,1,4,0,0,0,1,0,0,0,0,1,8,28
2024061495141,2024,061495141,392440,395816,-2.11533,53.45904,3,3,3,15:30,-1,E08000008,6,0,1,0,1,9,1,6,0,0,0,1,0,0,0,0,1,9,3
2024061495228,2024,061495228,385034,395692,-2.22686,53.45776,3,3,6,06:50,-1,E08000003,4,0,1,0,1,"[9, 5]","[7, 1]",4,0,0,0,1,1,0,0,0,0,9,6
2024061495233,2024,061495233,392640,416023,-2.1128,53.64067,3,3,3,21:38,-1,E08000005,3,2,1,0,1,19,8,4,0,3,0,1,0,0,0,0,1,9,17
2024061495303,2024,061495303,383043,385920,-2.25631,53.36987,2,2,2,17:00,-1,E08000003,6,0,1,0,1,1,7,3,0,0,0,1,0,0,0,0,1,9,23
2024061495350,2024,061495350,365030,401889,-2.5288,53.51251,2,2,2,15:27,-1,E08000010,6,0,2,1,1,19,5,1,0,0,0,1,0,0,0,0,1,9,23
2024061495484,2024,061495484,370279,400363,-2.44951,53.49912,3,3,2,14:00,-1,E08000010,3,0,1,0,1,"[3, 19]",7,3,0,0,0,1,0,0,1,0,0,9,23
2024061495489,2024,061495489,371356,403916,-2.4336,53.53111,2,2,3,18:00,-1,E08000006,6,0,1,0,1,5,5,1,0,0,0,1,0,0,0,0,1,9,24
2024061495500,2024,061495500,356892,401367,-2.65144,53.50721,3,3,3,19:40,-1,E08000010,3,2,1,0,1,"[2, 19]","[0, 5]","[0, 1]",0,0,0,1,1,0,0,0,0,9,24
2024061495505,2024,061495505,391262,414048,-2.13358,53.62289,2,2,3,17:30,-1,E08000005,3,0,1,0,1,"[5, 13]","[6, 7]","[2, 1]",0,0,0,1,0,1,0,0,0,9,24
2024061495531,2024,061495531,391576,393090,-2.12826,53.43452,3,3,3,17:20,-1,E08000007,1,0,1,0,2,"[12, 19]",5,1,0,0,0,1,0,1,0,0,0,9,24
2024061495548,2024,061495548,394545,399361,-2.08369,53.49093,3,3,3,21:15,-1,E08000008,3,2,2,1,1,"[19, 2]","[6, 0, 2]","[2, 0, 6]",0,0,0,1,0,0,0,0,0,9,24
2024061495551,2024,061495551,384166,397419,-2.24002,53.47326,3,3,3,10:00,-1,E08000003,6,2,2,1,1,"[7, 19]","[4, 5]","[6, 1]",0,0,0,1,1,0,0,0,0,9,24
2024061495695,2024,061495695,385747,395832,-2.21613,53.45904,2,2,2,15:04,-1,E08000003,6,0,1,0,1,-1,-1,-1,-1,-1,0,1,0,0,0,0,1,9,23
2024061495734,2024,061495734,382478,390002,-2.26503,53.40654,2,2,4,09:09,-1,E08000003,4,0,1,0,1,19,3,7,0,0,0,1,0,0,0,0,1,9,25
2024061495737,2024,061495737,384549,395519,-2.23415,53.45619,2,2,2,18:40,-1,E08000003,6,0,1,0,1,-1,-1,-1,-1,-1,0,1,0,0,0,0,1,9,23
2024061495749,2024,061495749,381266,396291,-2.28364,53.46303,3,3,2,16:22,-1,E08000009,3,0,1,0,1,19,"[7, 5]","[3, 1]",0,0,0,1,0,0,0,0,0,9,23
2024061495777,2024,061495777,370696,405330,-2.44369,53.54379,3,3,4,09:00,-1,E08000001,1,0,1,0,1,"[4, 19]",8,"[4, 3]",0,0,0,1,0,0,0,0,0,9,25
2024061495793,2024,061495793,370897,409063,-2.441,53.57735,2,2,6,14:20,-1,E08000001,4,0,1,0,1,"[9, 19]",7,"[5, 3]",0,"[0, 8]",0,1,0,0,0,0,0,9,20
2024061495837,2024,061495837,384378,394757,-2.23669,53.44934,3,3,5,23:00,-1,E08000003,6,2,1,0,1,"[19, 9]","[3, 5]","[7, 3]",0,0,0,1,0,0,0,0,0,9,5
2024061495897,2024,061495897,371298,409555,-2.43499,53.58179,3,3,4,16:42,-1,E08000001,3,0,2,1,1,"[3, 19]",-1,-1,0,0,0,1,0,0,0,0,0,9,25
2024061495919,2024,061495919,390069,391038,-2.15088,53.41605,3,3,4,16:15,-1,E08000007,1,0,2,1,1,"[5, 4, 19]",6,2,0,0,0,1,0,0,0,0,0,9,25
2024061495938,2024,061495938,389187,396523,-2.16434,53.46534,2,2,4,15:35,-1,E08000003,6,0,2,1,1,19,5,1,0,0,0,1,0,0,0,0,1,9,25
2024061495945,2024,061495945,385331,397714,-2.22248,53.47595,2,"[3, 2]",3,23:50,-1,E08000003,6,2,2,1,1,19,8,5,0,0,0,1,0,0,0,0,1,9,24
2024061496006,2024,061496006,352806,404648,-2.71354,53.53635,3,3,6,08:35,-1,E08000010,1,0,1,0,2,19,7,3,0,0,0,1,0,0,0,0,0,9,20
2024061496198,2024,061496198,385711,392350,-2.21651,53.42774,3,3,4,16:31,-1,E08000003,6,0,2,1,1,"[19, 5]","[2, 3]","[6, 7]",0,0,0,1,1,0,0,0,0,9,25
2024061496212,2024,061496212,370018,409391,-2.45431,53.58025,2,2,2,16:22,-1,E08000001,3,0,1,0,1,19,3,7,0,0,0,1,0,0,0,0,1,9,9
2024061496246,2024,061496246,385917,406740,-2.21406,53.55709,2,2,5,11:15,-1,E08000005,6,0,2,0,1,"[4, 5]",-1,-1,0,"[7, 0]","[10, 0]",1,1,0,0,0,0,9,26
2024061496284,2024,061496284,363644,408526,-2.55048,53.57207,3,3,5,13:22,-1,E08000001,3,0,2,1,2,"[5, 3]",8,"[1, 2]",0,0,0,1,0,0,0,0,0,9,26
2024061496299,2024,061496299,389423,401023,-2.16094,53.50579,2,2,3,07:55,-1,E08000004,6,0,1,0,1,19,7,3,0,0,0,1,0,0,0,0,1,9,17
2024061496302,2024,061496302,381830,410649,-2.27598,53.5921,3,3,6,01:15,-1,E08000002,3,0,2,-1,1,-1,-1,-1,-1,-1,0,1,0,0,0,0,0,9,6
2024061496315,2024,061496315,357195,409126,-2.64794,53.57697,2,2,1,05:46,-1,E08000010,3,2,1,1,1,19,4,8,0,7,0,1,0,0,0,0,0,9,15
2024061496317,2024,061496317,382637,401669,-2.26329,53.51141,3,3,5,11:00,-1,E08000006,3,0,1,1,1,"[5, 19]","[3, 1]","[7, 5]",0,0,0,1,1,0,0,0,0,9,26
2024061496342,2024,061496342,392567,385892,-2.11318,53.36984,3,3,4,22:23,-1,E08000007,3,2,2,1,1,19,-1,-1,0,0,0,1,0,0,0,0,0,9,25
2024061496348,2024,061496348,383913,402407,-2.24409,53.51809,3,3,5,15:15,-1,E08000003,6,0,2,1,1,2,0,0,0,0,0,1,0,0,0,0,1,9,26
2024061496388,2024,061496388,389071,391674,-2.16592,53.42175,2,2,4,15:40,-1,E08000007,3,0,2,-1,1,"[2, 15]",-1,-1,0,0,0,1,1,0,0,0,1,9,25
2024061496391,2024,061496391,375334,397761,-2.3731,53.47599,3,3,4,23:20,-1,E08000006,3,2,2,1,1,"[19, -1]",-1,-1,"[0, -1]","[0, -1]",0,1,0,0,0,0,0,9,25
2024061496432,2024,061496432,393782,388745,-2.09497,53.3955,2,2,5,18:46,-1,E08000007,3,2,1,1,2,19,1,1,0,0,0,0,1,0,0,0,0,9,26
2024061496489,2024,061496489,386595,405677,-2.20378,53.54755,2,2,5,21:57,-1,E08000005,3,2,2,1,1,19,"[7, 2]","[3, 7]",0,0,0,1,0,1,0,0,0,9,26
2024061496501,2024,061496501,387112,396526,-2.1956,53.46532,2,2,6,02:14,-1,E08000003,3,2,2,1,1,19,"[7, 3]","[4, 6]",0,0,0,1,1,0,0,0,0,9,27
2024061496511,2024,061496511,383522,396103,-2.24965,53.46141,3,3,2,09:55,-1,E08000003,6,0,2,1,1,19,"[7, 5]","[3, 1]",0,0,0,1,0,0,0,0,0,9,23
2024061496575,2024,061496575,395172,394340,-2.07416,53.4458,3,3,5,20:00,-1,E08000008,6,2,1,0,1,"[-1, 3]",-1,-1,"[-1, 0]","[-1, 0]",0,1,0,0,0,0,0,9,26
2024061496604,2024,061496604,386891,398031,-2.19899,53.47884,2,2,5,14:55,-1,E08000003,6,0,1,0,1,"[19, 2]","[3, 7]","[7, 3]",0,0,0,1,0,0,0,0,0,9,19
2024061496609,2024,061496609,390549,397473,-2.14386,53.4739,3,3,5,15:00,-1,E08000008,3,0,2,1,1,"[9, 19]","[3, 7]","[8, 3]",0,0,0,1,0,1,0,0,0,9,26
2024061496679,2024,061496679,378196,401291,-2.33023,53.50785,3,3,5,16:30,-1,E08000006,3,0,1,1,1,19,3,7,0,0,0,1,0,0,0,0,1,9,26
2024061496741,2024,061496741,381838,398887,-2.27518,53.48638,3,3,6,13:56,-1,E08000006,6,0,1,0,1,19,5,1,99,0,0,1,0,0,0,0,1,9,27
2024061496746,2024,061496746,383018,394045,-2.25713,53.4429,3,3,6,20:11,-1,E08000003,6,2,1,0,1,9,7,5,0,0,0,1,0,0,0,0,1,2,23
2024061496761,2024,061496761,368311,403276,-2.47947,53.52519,3,3,3,11:37,-1,E08000010,6,0,1,0,1,19,7,3,0,3,0,1,0,0,0,0,0,9,24
2024061496809,2024,061496809,367322,406828,-2.49476,53.55705,3,3,6,16:10,-1,E08000001,1,0,1,0,1,"[12, 19]",4,8,"[7, 0]",0,0,1,0,0,0,0,0,9,27
2024061496813,2024,061496813,387040,392568,-2.19652,53.42974,3,3,6,11:07,-1,E08000003,6,0,1,0,1,"[19, 9]",5,"[1, 3]",0,"[1, 0]",0,1,0,1,0,0,0,9,27
2024061496853,2024,061496853,392511,409433,-2.11459,53.58143,3,3,6,16:00,-1,E08000004,6,0,1,0,1,19,7,3,0,0,0,1,0,0,0,0,1,9,27
2024061496909,2024,061496909,389790,401107,-2.15541,53.50655,2,"[3, 2]",6,22:09,-1,E08000004,6,2,1,0,1,"[5, 19]","[6, 4]","[2, 8]",0,0,0,1,0,0,0,0,0,9,27
2024061497025,2024,061497025,386330,403312,-2.20767,53.52629,3,3,5,18:05,-1,E08000003,6,0,1,0,1,19,"[2, 3]","[5, 7]",0,0,0,1,1,0,0,0,0,9,26
2024061497028,2024,061497028,391531,404925,-2.12926,53.5409,2,"[3, 2]",6,19:28,-1,E08000004,3,2,1,0,1,"[5, 7]","[1, 7, 5]","[5, 1]",0,0,0,1,0,0,0,0,0,9,27
2024061497057,2024,061497057,385480,408520,-2.22074,53.57308,2,2,6,16:37,-1,E08000005,3,0,1,0,2,19,2,6,0,0,0,1,0,0,0,0,1,9,27
2024061497066,2024,061497066,363838,411731,-2.54792,53.60089,3,3,6,15:15,-1,E08000001,4,0,1,0,1,19,7,3,0,0,0,1,0,0,0,0,1,9,27
2024061497176,2024,061497176,384173,397430,-2.23991,53.47336,3,3,3,23:20,-1,E08000003,6,2,1,0,1,"[9, 19]","[5, 1]","[1, 5]",0,0,0,1,1,0,0,0,0,9,10
2024061497179,2024,061497179,360111,403171,-2.60314,53.52368,2,2,7,00:25,-1,E08000010,3,2,1,0,1,19,8,4,0,0,0,1,0,0,0,0,0,9,28
2024061497243,2024,061497243,371874,411501,-2.42647,53.59932,3,3,1,03:10,-1,E08000001,3,2,1,0,1,"[2, 9]","[0, 4]","[0, 6]",0,"[0, 1]","[0, 11]",1,0,0,0,0,0,9,29
2024061497361,2024,061497361,392517,391752,-2.11407,53.42251,2,2,7,19:00,-1,E08000007,3,2,1,1,1,9,7,4,0,0,0,1,0,0,0,0,1,9,28
2024061497481,2024,061497481,388394,405161,-2.17661,53.54296,1,1,1,19:05,-1,E08000005,6,2,2,1,1,9,5,2,0,0,0,1,0,0,0,0,1,9,29
2024061497488,2024,061497488,382944,397260,-2.25842,53.47179,3,3,1,19:30,-1,E08000003,3,2,1,1,1,19,2,6,0,0,0,1,0,0,0,0,1,9,29
2024061497499,2024,061497499,368251,402569,-2.4803,53.51883,3,3,6,22:00,-1,E08000010,3,2,1,1,1,19,4,8,0,0,0,1,0,0,0,0,1,9,27
2024061497514,2024,061497514,383481,397537,-2.25034,53.4743,2,2,7,22:40,-1,E08000003,6,2,1,0,1,"[19, 2]","[7, 0]","[3, 0]",0,"[1, 0]",0,1,0,0,0,0,1,9,28
2024061497519,2024,061497519,358055,405379,-2.63445,53.54337,2,2,1,16:13,-1,E08000010,3,0,1,0,1,9,2,4,0,0,0,1,0,0,0,0,1,9,29
2024061497521,2024,061497521,385526,400348,-2.21966,53.49963,1,1,1,21:48,-1,E08000003,3,2,2,1,1,19,5,1,11,0,0,1,0,0,0,0,1,9,29
2024061497532,2024,061497532,367056,399608,-2.49801,53.49214,3,3,1,22:22,-1,E08000010,3,2,2,1,1,"[2, 7]","[0, 7]","[0, 2]",0,0,0,0,0,0,0,1,0,9,29
2024061497693,2024,061497693,386835,395523,-2.19973,53.45629,2,2,6,20:25,-1,E08000003,3,0,1,0,1,"[99, 19]","[0, 5]","[0, 1]",0,0,0,1,1,0,0,0,0,9,27
2024061497698,2024,061497698,371834,409827,-2.42692,53.58427,3,3,2,12:20,-1,E08000001,3,0,2,1,1,19,"[1, 7]","[5, 3]",0,0,0,1,0,0,0,0,0,9,30
2024061497808,2024,061497808,384522,407751,-2.23517,53.56614,3,3,3,17:07,-1,E08000005,1,0,1,0,2,"[2, 99]",1,1,"[0, 4]",0,0,1,0,0,0,0,0,9,24
2024061497885,2024,061497885,378996,392930,-2.3176,53.43273,3,3,2,07:45,-1,E08000009,3,0,2,1,1,"[9, 19]","[3, 5]","[7, 2]",0,0,0,1,1,0,0,0,0,9,30
2024061497994,2024,061497994,376224,392700,-2.35931,53.43054,3,3,6,16:26,-1,E08000009,3,0,1,0,2,19,"[7, 5]","[3, 1]",0,0,0,1,1,0,0,0,0,9,20
2024061498003,2024,061498003,363965,411605,-2.54599,53.59976,3,3,5,18:20,-1,E08000001,4,0,1,0,1,"[19, 3]",1,5,"[4, 0]",0,0,1,0,0,0,0,0,9,12
2024061498134,2024,061498134,360273,397110,-2.59993,53.46922,3,3,2,17:36,-1,E08000010,3,0,2,1,2,4,7,3,0,0,0,1,0,0,0,0,0,9,30
2024061498166,2024,061498166,382825,391533,-2.2599,53.42031,2,2,2,19:30,-1,E08000003,3,2,2,1,1,19,5,1,0,0,0,1,0,0,0,0,1,9,30
2024061498198,2024,061498198,393604,399013,-2.09786,53.48779,3,3,3,11:30,-1,E08000008,3,0,2,1,1,"[19, 9]",1,"[4, 6]",0,0,0,1,0,0,0,0,0,10,1
2024061498244,2024,061498244,371984,401126,-2.42388,53.50607,3,3,3,06:20,-1,E08000006,3,2,2,1,1,"[5, 19]","[1, 3]","[4, 6]","[7, 0]",0,0,1,0,0,1,0,0,10,1
2024061498312,2024,061498312,382156,410575,-2.27105,53.59145,3,3,3,03:08,-1,E08000002,3,2,2,1,2,"[19, 9]",5,2,0,"[0, 3]","[0, 1]",1,0,0,0,0,0,10,1
2024061498357,2024,061498357,358967,404731,-2.6206,53.53761,2,2,3,15:47,-1,E08000010,3,0,1,0,1,19,1,5,0,0,0,1,0,0,0,0,1,10,1
2024061498381,2024,061498381,373177,406509,-2.40635,53.55452,3,3,3,15:33,-1,E08000001,6,0,1,0,1,19,3,7,0,0,0,1,0,0,0,0,1,10,1
2024061498551,2024,061498551,391830,395904,-2.12451,53.45982,3,3,4,07:55,-1,E08000008,6,0,1,1,1,19,8,4,0,0,0,1,0,0,0,0,1,10,2
2024061498614,2024,061498614,382408,403948,-2.26687,53.53189,3,3,4,09:40,-1,E08000002,3,0,1,0,1,19,"[8, 5]","[4, 8]",0,0,0,1,0,0,0,0,0,10,2
2024061498720,2024,061498720,380905,399210,-2.28926,53.48925,3,3,3,13:15,-1,E08000006,6,0,1,0,1,19,-1,-1,0,0,0,1,1,0,0,0,0,10,1
2024061498767,2024,061498767,374145,410185,-2.39205,53.5876,2,2,4,16:45,-1,E08000001,6,0,1,0,1,19,-1,-1,"[0, 99]","[0, 1]","[0, 99]",1,1,0,0,0,0,10,2
2024061498769,2024,061498769,391237,392864,-2.13336,53.43249,3,3,4,17:00,-1,E08000007,6,0,1,0,1,"[4, 15]",-1,-1,0,0,0,1,1,0,0,0,0,10,2
2024061498791,2024,061498791,391011,389358,-2.13666,53.40097,3,3,4,17:42,-1,E08000007,6,0,1,0,1,7,7,1,0,0,0,1,0,0,0,0,0,10,2
2024061498799,2024,061498799,385237,389694,-2.22352,53.40386,3,3,4,19:43,-1,E08000003,3,2,1,0,1,"[19, 4]",1,5,0,0,0,1,0,0,0,0,0,10,2
2024061498822,2024,061498822,378680,399213,-2.32279,53.48919,3,3,4,20:48,-1,E08000006,3,0,1,0,1,19,7,3,0,0,0,1,0,0,0,0,0,10,2
2024061498850,2024,061498850,383921,395204,-2.24359,53.45334,2,2,4,15:55,-1,E08000003,6,0,1,0,1,19,5,1,0,0,0,1,0,0,0,0,1,10,2
2024061498860,2024,061498860,380554,408516,-2.29513,53.57288,1,1,4,21:30,-1,E08000002,3,2,1,0,1,19,1,5,0,0,0,1,0,0,0,0,1,10,2
2024061498912,2024,061498912,374818,401929,-2.38121,53.51343,3,3,1,19:45,-1,E08000006,3,2,2,-1,1,-1,-1,-1,-1,-1,0,1,0,0,0,0,0,9,22
2024061498924,2024,061498924,387852,400827,-2.18462,53.50399,2,2,4,15:10,-1,E08000003,6,0,1,0,1,"[99, -1]",-1,-1,"[0, -1]","[7, -1]","[99, 0]",1,0,0,0,0,0,10,2
2024061499046,2024,061499046,391944,388593,-2.12261,53.39411,3,3,4,12:34,-1,E08000007,6,0,1,0,1,5,1,5,0,0,0,0,0,0,1,0,0,9,25
2024061499058,2024,061499058,392198,405217,-2.11921,53.54353,3,3,4,14:20,-1,E08000004,3,0,9,-1,1,19,5,1,0,0,0,1,0,0,0,0,1,9,25
2024061499060,2024,061499060,386200,409785,-2.20992,53.58447,2,2,3,08:30,-1,E08000005,3,0,2,1,1,"[9, 19]",-1,-1,0,0,0,1,0,1,0,0,0,10,1
2024061499081,2024,061499081,391001,395646,-2.13699,53.45749,2,2,5,12:30,-1,E08000008,1,0,1,0,1,3,-1,-1,0,0,0,1,0,0,0,0,0,10,3
2024061499100,2024,061499100,381036,395167,-2.28704,53.45292,3,3,4,12:14,-1,E08000009,6,0,1,0,1,"[5, 19]","[0, 7]","[0, 3]",0,"[3, 0]",0,1,1,0,0,0,0,10,2
2024061499139,2024,061499139,378441,399193,-2.32639,53.489,3,3,2,16:25,-1,E08000006,3,0,1,0,1,2,0,0,0,7,0,1,0,0,0,0,1,7,15
2024061499142,2024,061499142,375803,395124,-2.36583,53.45231,3,3,5,06:22,-1,E08000009,4,2,1,0,1,19,-1,-1,0,0,0,1,1,0,0,0,0,10,3
2024061499156,2024,061499156,371387,409491,-2.43364,53.58122,3,3,5,14:00,-1,E08000001,6,0,1,0,1,4,-1,-1,0,0,0,1,0,0,0,0,0,10,3
2024061499280,2024,061499280,365521,401321,-2.52134,53.50744,2,2,5,13:00,-1,E08000010,6,0,9,-1,1,"[2, 4]","[0, 1]","[0, 5]",0,0,0,1,0,0,0,0,0,10,3
2024061499286,2024,061499286,382010,399675,-2.27263,53.49347,2,2,5,21:45,-1,E08000006,4,2,1,0,1,19,2,6,0,0,0,1,0,0,0,0,1,10,3
2024061499344,2024,061499344,373399,395562,-2.40207,53.45613,3,3,4,07:00,-1,E08000006,4,2,1,0,1,19,6,2,"[10, 0]",0,0,1,0,0,0,0,0,9,25
2024061499392,2024,061499392,393202,398697,-2.10391,53.48494,3,3,4,12:25,-1,E08000008,6,0,5,1,1,-1,-1,-1,-1,-1,0,1,0,0,0,0,0,9,18
2024061499495,2024,061499495,382954,395819,-2.25819,53.45884,2,2,3,07:00,-1,E08000009,4,0,8,1,1,19,"[5, 1]","[1, 5]",0,0,0,1,1,0,0,0,0,9,24
2024061499538,2024,061499538,386871,403027,-2.1995,53.52374,3,3,6,08:30,-1,E08000003,6,0,1,0,1,"[3, 19]",3,7,0,"[1, 0]",0,1,0,0,0,0,0,10,4
2024061499572,2024,061499572,385878,410423,-2.21482,53.59019,3,3,6,13:04,-1,E08000005,6,0,1,0,1,"[19, 7]","[7, 1]",3,0,"[0, 7]",0,1,0,0,0,0,0,10,4
2024061499580,2024,061499580,384301,397498,-2.23799,53.47398,3,3,3,20:45,-1,E08000003,6,2,1,1,1,"[5, 19]",-1,-1,0,0,0,1,1,0,0,0,0,10,1
2024061499582,2024,061499582,378972,394868,-2.3181,53.45015,3,3,6,12:44,-1,E08000009,6,0,1,0,1,2,6,6,0,0,0,1,0,0,0,0,0,10,4
2024061499643,2024,061499643,388630,396044,-2.17271,53.46102,3,3,5,09:45,-1,E08000003,3,0,1,0,1,"[4, 19]",-1,-1,99,0,0,1,0,0,0,0,0,10,3
2024061499726,2024,061499726,386172,406514,-2.2102,53.55507,2,2,6,20:45,-1,E08000005,6,2,1,0,1,19,4,8,0,0,0,1,0,0,0,0,1,10,4
2024061499972,2024,061499972,371468,411693,-2.43262,53.60102,3,3,7,15:59,-1,E08000001,3,0,1,0,1,"[9, 19]","[5, 2]","[3, 6]",0,0,0,1,0,0,0,0,0,10,5
2024061499975,2024,061499975,376651,389233,-2.35262,53.3994,3,3,7,19:40,-1,E08000009,6,2,1,0,1,9,-1,-1,10,0,0,1,0,0,0,0,0,10,5
2024061499976,2024,061499976,393611,409174,-2.09797,53.57912,3,3,6,23:43,-1,E08000004,4,2,1,0,1,"[7, 19, 9]","[3, 7, 5]","[1, 3, 7]",0,0,0,1,0,1,0,0,0,10,4
2024061499984,2024,061499984,364271,407800,-2.54093,53.56559,3,3,7,20:15,-1,E08000001,3,2,1,0,2,"[19, 9]","[1, 5]","[5, 1]",0,0,0,1,0,1,0,0,0,10,5
2024061499988,2024,061499988,392748,416095,-2.11116,53.64132,3,3,7,18:37,-1,E08000005,3,0,1,0,1,"[19, 13]","[2, 6]","[6, 2]","[0, 7]",0,0,1,0,0,0,1,0,10,5