collision_index,collision_year,collision_ref_no,location_easting_osgr,location_northing_osgr,longitude,latitude,casualty_severity,casualty_severity,day_of_week,time,local_authority_district,local_authority_ons_district,first_road_class,light_conditions,weather_conditions,road_surface_conditions,urban_or_rural_area,vehicle_manoeuvre,vehicle_direction_from,vehicle_direction_to,hit_object_in_carriageway,vehicle_leaving_carriageway,hit_object_off_carriageway,is_car,is_cyle,is_mcyle,is_goodsv,is_other,is_pedestrian,month,day
2024061500292,2024,061500292,373945,402149,-2.39439,53.51537,3,3,1,15:10,-1,E08000006,3,0,8,1,1,"[10, 13]","[-1, 1]","[-1, 3]",0,0,0,1,0,0,0,0,0,10,6
2024061500327,2024,061500327,378745,400692,-2.32191,53.50249,3,3,3,11:30,-1,E08000006,3,0,1,0,1,"[3, 19]","[0, 3]",7,"[0, 4]",0,0,1,0,0,0,0,0,7,16
2024061500429,2024,061500429,383212,398572,-2.25445,53.48359,2,2,5,13:15,-1,E08000006,3,0,1,0,1,"[9, 19]","[7, 3]","[5, 6]",0,0,0,1,1,0,0,0,0,10,3
2024061500460,2024,061500460,366304,406582,-2.5101,53.55477,3,3,2,08:20,-1,E08000001,3,0,8,1,1,"[-1, 3]",-1,-1,"[-1, 0]","[-1, 0]",0,1,0,0,0,0,0,10,7
2024061500551,2024,061500551,386515,413730,-2.20534,53.61993,3,3,7,23:32,-1,E08000005,6,0,1,0,1,9,7,1,10,0,0,1,0,0,0,0,0,9,7
2024061500758,2024,061500758,375565,408070,-2.37043,53.56866,2,2,2,16:50,-1,E08000001,6,0,1,0,1,"[19, 9]",1,"[5, 7]",0,0,0,1,0,1,0,0,0,10,7
2024061500827,2024,061500827,383021,385414,-2.25662,53.36532,2,2,2,20:20,-1,E08000003,3,2,2,1,1,5,6,8,0,0,0,1,0,0,0,0,1,10,7
2024061500843,2024,061500843,383815,393247,-2.24509,53.43575,3,3,2,07:25,-1,E08000003,6,0,1,0,1,"[19, 8]","[1, 3]",5,0,0,0,1,0,0,0,0,1,10,7
2024061500850,2024,061500850,383009,388930,-2.25699,53.39692,3,3,2,16:45,-1,E08000003,3,0,1,0,1,5,1,1,0,0,0,1,0,0,0,0,0,10,7
2024061500867,2024,061500867,389726,413388,-2.15678,53.61693,2,2,7,20:41,-1,E08000005,6,2,1,0,1,19,6,4,0,0,0,0,0,0,0,0,1,8,10
2024061500908,2024,061500908,380418,398614,-2.29656,53.48388,2,2,2,06:11,-1,E08000006,6,2,1,1,1,"[9, 19]","[5, 3]","[3, 7]",0,0,0,1,0,1,0,0,0,10,7
2024061500994,2024,061500994,387390,399856,-2.19154,53.49525,2,2,6,08:15,-1,E08000003,6,0,1,0,1,19,8,4,0,0,0,0,0,0,0,0,1,9,20
2024061501143,2024,061501143,378329,409826,-2.32882,53.58457,2,2,3,13:30,-1,E08000002,3,0,1,0,1,5,1,5,0,0,0,1,0,0,0,0,0,10,8
2024061501195,2024,061501195,391394,407123,-2.13139,53.56065,3,3,2,17:30,-1,E08000004,6,0,1,0,1,"[-1, 19]","[-1, 6]","[-1, 8]","[-1, 0]","[-1, 0]",0,1,1,0,0,0,0,10,7
2024061501214,2024,061501214,389382,390170,-2.16119,53.40824,3,3,3,15:33,-1,E08000007,3,0,1,0,1,"[4, 19]",8,4,0,"[0, 1]",0,1,1,0,0,0,0,10,8
2024061501224,2024,061501224,389883,401513,-2.15402,53.5102,3,3,3,16:30,-1,E08000004,6,0,2,1,1,9,4,8,0,0,0,1,0,0,0,0,1,10,8
2024061501302,2024,061501302,376784,397296,-2.35122,53.47188,3,3,2,16:00,-1,E08000009,4,0,1,0,1,"[2, 19]",-1,-1,0,0,0,1,1,0,0,0,0,10,7
2024061501315,2024,061501315,383873,393646,-2.24424,53.43934,3,3,3,20:45,-1,E08000003,3,2,1,1,1,19,-1,-1,11,0,0,0,1,0,0,0,0,10,8
2024061501323,2024,061501323,386185,400929,-2.20976,53.50487,2,2,7,03:00,-1,E08000003,6,0,2,1,1,"[4, 19]",-1,-1,0,0,0,1,0,1,0,0,0,9,28
2024061501348,2024,061501348,387269,404906,-2.19358,53.54064,3,3,3,07:23,-1,E08000005,6,0,2,1,1,19,"[7, 1]","[3, 5]",0,0,0,1,0,0,0,0,0,10,8
2024061501434,2024,061501434,390690,398056,-2.14175,53.47914,3,3,3,08:30,-1,E08000008,3,0,1,0,1,"[9, 4]","[4, 3]",3,0,0,0,1,0,0,0,1,0,10,8
2024061501510,2024,061501510,394359,405570,-2.0866,53.54674,3,3,3,18:37,-1,E08000004,6,0,2,1,1,"[2, 19]","[0, 8]","[0, 5]",0,0,0,1,1,0,0,0,1,10,8
2024061501544,2024,061501544,389925,388664,-2.15297,53.39471,3,3,3,19:00,-1,E08000007,3,2,2,1,1,-1,-1,-1,-1,-1,0,1,0,0,0,0,1,10,8
2024061501747,2024,061501747,380664,384442,-2.29198,53.3565,3,3,4,10:00,-1,E08000003,6,0,1,0,2,"[3, 19]",1,1,99,0,0,1,1,0,0,0,0,10,9
2024061501756,2024,061501756,365433,400971,-2.52263,53.50429,2,"[3, 2]",4,15:24,-1,E08000010,3,0,2,1,1,"[-1, 10]",-1,-1,"[-1, 0]","[-1, 0]",0,1,0,0,0,0,0,10,9
2024061501785,2024,061501785,375532,386580,-2.36925,53.3755,3,3,4,08:40,-1,E08000009,4,0,2,1,1,19,"[8, 6]",4,0,0,0,1,0,0,0,0,0,10,9
2024061501834,2024,061501834,390795,414746,-2.14066,53.62916,3,3,4,23:05,-1,E08000005,3,2,1,0,1,"[19, -1]",-1,-1,"[2, -1]","[0, -1]",0,1,0,0,0,0,0,10,9
2024061501888,2024,061501888,356693,404847,-2.65492,53.53847,2,2,6,23:00,-1,E08000010,3,2,1,1,1,"[19, 7]","[1, 3]","[5, 1]",0,"[2, 0]","[2, 0]",1,0,0,0,0,0,10,4
2024061501925,2024,061501925,386875,405540,-2.19955,53.54633,3,3,4,06:02,-1,E08000005,3,2,1,0,1,"[19, -1]",-1,-1,"[0, -1]","[0, -1]",0,1,1,0,0,0,0,9,18
2024061501954,2024,061501954,383432,399174,-2.25117,53.48901,3,3,2,08:45,-1,E08000006,6,2,2,1,1,"[19, 4]",-1,-1,0,0,0,1,0,0,0,0,0,10,7
2024061502055,2024,061502055,385840,396902,-2.21477,53.46866,2,2,4,17:49,-1,E08000003,3,2,1,0,1,"[6, 4]",7,"[7, 3]",0,"[0, 7]",0,1,0,0,0,0,0,10,9
2024061502157,2024,061502157,385822,393151,-2.21487,53.43495,2,2,1,19:33,-1,E08000003,6,2,1,1,1,"[19, -1]",-1,-1,"[10, -1]","[1, -1]","[99, 0]",1,0,0,0,1,0,10,6
2024061502191,2024,061502191,381531,388335,-2.27918,53.39152,3,3,5,15:35,-1,E08000003,6,0,1,0,1,19,3,7,0,0,0,1,0,0,0,0,1,10,10
2024061502279,2024,061502279,362428,396925,-2.56744,53.46771,3,3,5,20:30,-1,E08000010,3,2,1,0,1,"[19, 4]",-1,-1,0,0,0,1,0,0,1,0,0,10,10
2024061502318,2024,061502318,389372,395779,-2.16153,53.45865,2,2,5,22:00,-1,E08000003,3,2,1,0,1,9,6,3,0,0,0,1,0,0,0,0,1,10,10
2024061502337,2024,061502337,383800,391252,-2.24521,53.41782,2,2,1,17:25,-1,E08000003,4,0,1,0,1,"[19, 9]","[5, 3]",1,0,0,0,1,1,0,0,0,0,9,29
2024061502378,2024,061502378,361583,404291,-2.58108,53.53386,2,2,6,07:50,-1,E08000010,3,0,1,1,1,19,"[2, 7]","[6, 3]",0,0,0,0,0,1,0,1,0,10,11
2024061502404,2024,061502404,383073,396612,-2.25644,53.46597,3,3,6,21:00,-1,E08000003,3,0,1,-1,1,"[-1, 9]",-1,-1,"[-1, 0]","[-1, 0]",0,1,0,0,0,0,0,9,20
2024061502424,2024,061502424,382744,397617,-2.26145,53.475,3,3,2,15:30,-1,E08000003,3,0,1,-1,1,-1,-1,-1,-1,-1,0,1,0,0,0,0,0,9,23
2024061502468,2024,061502468,370720,410544,-2.44382,53.59065,3,3,5,14:44,-1,E08000001,6,0,1,0,1,"[2, 14]",1,1,"[0, 4]","[0, 3]",0,1,0,0,0,0,0,10,10
2024061502481,2024,061502481,382547,410553,-2.26515,53.59126,3,3,6,08:52,-1,E08000005,3,0,1,0,1,"[15, 10]",7,3,0,0,0,0,1,0,1,0,0,10,11
2024061502602,2024,061502602,389978,389023,-2.15219,53.39794,3,3,6,14:33,-1,E08000007,3,0,1,0,1,19,5,1,0,0,0,1,0,0,0,0,1,10,11
2024061502605,2024,061502605,388736,410954,-2.17166,53.59504,3,3,6,15:45,-1,E08000005,6,0,1,0,1,"[5, 19]",-1,-1,"[0, 10]",0,0,1,0,0,0,1,0,10,11
2024061502662,2024,061502662,389033,399027,-2.16675,53.48784,3,3,3,12:48,-1,E08000008,6,0,1,0,1,"[9, 2, 19]","[1, 0, 7]","[3, 0, 7]",0,0,0,1,0,0,0,0,0,10,8
2024061502679,2024,061502679,390365,390651,-2.14642,53.41258,3,3,4,08:37,-1,E08000007,3,0,2,1,1,"[19, 9]","[2, 6]","[7, 5]",0,0,0,1,0,0,0,0,0,10,9
2024061502707,2024,061502707,385937,401869,-2.21354,53.51331,3,3,6,18:00,-1,E08000003,3,0,1,0,1,"[9, 19]","[5, 3]","[3, 7]",0,"[7, 0]",0,1,1,0,0,0,0,10,11
2024061502711,2024,061502711,393958,407495,-2.09269,53.56403,2,2,6,23:08,-1,E08000004,6,2,1,0,2,19,1,5,0,0,0,0,0,0,0,1,1,10,11
2024061502737,2024,061502737,372940,404751,-2.40978,53.5387,1,1,6,22:57,-1,E08000001,1,2,1,0,1,19,7,3,0,0,0,1,0,0,0,0,1,10,11
2024061502769,2024,061502769,381439,401005,-2.28131,53.5054,3,3,7,18:10,-1,E08000006,6,0,9,0,1,"[99, 19]",-1,-1,99,0,0,1,1,0,0,0,0,10,12
2024061502898,2024,061502898,379347,401274,-2.31287,53.50774,3,3,2,11:50,-1,E08000006,3,0,1,0,1,"[15, 11]",1,1,0,0,0,1,0,1,0,0,0,8,12
2024061502920,2024,061502920,398717,407488,-2.02084,53.564,3,3,7,09:50,-1,E08000004,3,0,1,0,1,"[10, 7]",1,1,0,0,0,1,0,0,0,0,0,10,12
2024061502924,2024,061502924,384344,400557,-2.23749,53.50147,2,2,7,14:00,-1,E08000003,6,0,1,1,1,19,1,5,0,0,0,1,0,0,0,0,1,10,12
2024061502945,2024,061502945,389038,402776,-2.16681,53.52154,2,2,7,18:18,-1,E08000003,6,0,1,1,1,19,4,8,0,0,0,0,0,0,1,0,1,10,12
2024061502949,2024,061502949,383746,397013,-2.24632,53.4696,3,3,5,22:25,-1,E08000003,3,2,1,1,1,19,1,5,0,7,2,1,0,0,0,0,0,10,10
2024061502974,2024,061502974,368417,402278,-2.47777,53.51622,2,2,5,08:23,-1,E08000010,6,0,8,0,1,99,-1,-1,99,9,99,1,0,0,0,0,1,10,10
2024061502977,2024,061502977,380757,396541,-2.29132,53.46526,2,2,6,21:15,-1,E08000009,3,2,8,1,1,"[5, 19]",-1,-1,0,"[0, 7]",0,1,0,0,0,0,0,10,11
2024061503010,2024,061503010,378533,398348,-2.32494,53.48141,3,3,1,03:27,-1,E08000006,3,2,1,1,1,19,"[7, 3]","[3, 7]","[0, 11]",0,0,1,0,0,0,0,0,10,13
2024061503053,2024,061503053,391452,413123,-2.13068,53.61458,3,3,7,17:20,-1,E08000005,3,0,2,1,1,"[9, 19]","[7, 2]","[5, 2]",0,0,0,1,0,0,0,0,0,10,12
2024061503078,2024,061503078,387998,402900,-2.1825,53.52263,2,2,5,14:30,-1,E08000003,6,0,1,0,1,"[19, 9]",-1,-1,0,0,0,1,1,0,0,0,0,10,10
2024061503113,2024,061503113,390957,398021,-2.13772,53.47883,3,3,6,19:50,-1,E08000008,3,2,1,1,1,"[19, 7]","[3, 5]",7,0,0,0,1,0,1,0,0,0,10,11
2024061503122,2024,061503122,375134,401590,-2.37642,53.5104,3,3,7,12:05,-1,E08000006,6,0,1,0,1,9,-1,-1,99,0,0,1,0,0,0,0,1,10,12
2024061503150,2024,061503150,383369,396166,-2.25196,53.46197,3,3,1,13:30,-1,E08000003,6,0,1,0,1,19,5,"[8, 2]",0,0,0,1,0,0,0,0,0,10,13
2024061503201,2024,061503201,390273,413761,-2.14853,53.6203,3,3,6,17:13,-1,E08000005,6,0,1,0,1,19,-1,-1,99,0,0,1,0,0,0,0,1,10,11
2024061503231,2024,061503231,392777,398223,-2.11031,53.48068,3,3,1,23:15,-1,E08000008,6,2,1,0,1,"[19, 2]","[1, 7, 0]","[1, 7, 0]",0,0,0,1,0,0,0,0,0,10,13
2024061503256,2024,061503256,392732,404602,-2.11113,53.53801,3,3,2,01:54,-1,E08000004,6,2,1,0,1,2,1,5,0,1,0,1,0,0,0,0,1,10,14
2024061503302,2024,061503302,393052,404529,-2.1063,53.53736,3,3,2,08:30,-1,E08000004,6,0,1,0,1,-1,-1,-1,-1,-1,0,1,0,0,0,0,1,10,14
2024061503356,2024,061503356,383072,387750,-2.25598,53.38632,2,2,7,22:00,-1,E08000003,6,2,1,0,1,19,5,1,0,0,0,1,1,0,0,0,0,6,22
2024061503413,2024,061503413,390366,390651,-2.1464,53.41258,3,3,1,15:15,-1,E08000007,3,0,1,0,1,"[9, 19]",-1,-1,0,0,0,1,0,0,0,0,0,10,13
2024061503422,2024,061503422,395194,398829,-2.0739,53.48615,3,3,2,10:18,-1,E08000008,3,0,1,0,1,2,"[5, 4]","[7, 1]",0,0,0,1,0,0,0,0,1,10,14
2024061503446,2024,061503446,371322,411685,-2.43483,53.60094,3,3,6,16:55,-1,E08000001,3,0,1,0,1,19,7,3,0,0,0,1,0,0,0,0,0,9,20
2024061503469,2024,061503469,372635,393791,-2.41342,53.44018,3,3,2,15:15,-1,E08000006,4,0,1,0,2,"[9, 19]",-1,-1,"[99, 0]",0,0,1,1,0,0,0,0,10,7
2024061503486,2024,061503486,379341,388135,-2.3121,53.38964,3,3,2,13:05,-1,E08000009,6,0,1,0,1,19,"[1, 7]","[5, 3]",0,0,0,1,0,0,0,0,0,10,14
2024061503490,2024,061503490,394716,385478,-2.08087,53.36614,2,2,1,12:45,-1,E08000007,3,0,1,0,1,4,7,3,0,0,0,1,0,0,0,0,0,10,6
2024061503547,2024,061503547,387059,396552,-2.1964,53.46555,3,3,7,13:14,-1,E08000003,3,0,1,0,1,19,"[7, 5]","[3, 1]","[4, 0]",0,0,1,0,0,0,0,0,10,12
2024061503553,2024,061503553,370888,406984,-2.44095,53.55866,3,3,6,15:10,-1,E08000001,6,0,1,0,1,"[19, 1]","[5, 3]","[1, 7]",0,0,0,1,0,0,0,0,0,9,20
2024061503619,2024,061503619,366884,398274,-2.50046,53.48014,3,3,7,12:15,-1,E08000010,3,0,8,0,2,"[3, 5]",-1,-1,0,0,0,1,1,0,0,0,0,10,12
2024061503703,2024,061503703,369126,401705,-2.46702,53.51111,2,2,2,11:57,-1,E08000010,6,0,1,0,1,19,1,5,"[10, 0]",0,0,0,0,0,1,1,0,10,14
2024061503946,2024,061503946,371289,412088,-2.43536,53.60456,2,2,2,16:00,-1,E08000001,6,0,1,0,1,19,4,8,0,0,0,1,0,0,0,0,1,10,14
2024061504048,2024,061504048,376568,399544,-2.35464,53.49208,3,3,7,14:02,-1,E08000006,4,0,8,0,1,-1,-1,-1,-1,-1,0,1,0,0,0,0,1,10,5
2024061504097,2024,061504097,386984,405948,-2.19792,53.55,3,3,3,05:55,-1,E08000005,6,2,1,0,1,19,"[2, 7]","[7, 8]",0,"[3, 0]","[99, 0]",1,1,0,0,0,0,10,15
2024061504127,2024,061504127,360960,411738,-2.59141,53.60074,2,2,3,17:17,-1,E08000001,4,0,1,0,2,"[9, 19]","[5, 4]","[1, 8]",0,0,0,1,0,0,0,0,0,10,15
2024061504128,2024,061504128,389890,387916,-2.15347,53.38799,3,3,3,16:37,-1,E08000007,3,0,1,0,1,"[9, 19]","[1, 5]","[7, 1]",0,0,0,1,1,0,0,0,0,10,15
2024061504165,2024,061504165,383741,396828,-2.24639,53.46794,2,2,3,23:44,-1,E08000003,3,2,2,1,1,19,7,3,0,0,0,1,0,0,0,0,1,10,15
2024061504207,2024,061504207,365845,399305,-2.51623,53.48934,3,3,1,15:37,-1,E08000010,6,0,1,0,1,"[2, 19]","[0, 2]","[0, 6]","[0, 4]",0,0,1,0,0,0,0,0,10,13
2024061504288,2024,061504288,380351,410560,-2.29832,53.59125,3,3,3,20:10,-1,E08000002,6,2,1,0,1,9,-1,-1,0,0,0,0,0,0,1,0,1,10,15
2024061504389,2024,061504389,387807,395900,-2.1851,53.45971,2,2,2,10:07,-1,E08000003,6,0,9,-1,1,19,3,7,0,0,0,1,0,0,0,0,0,10,7
2024061504469,2024,061504469,368969,412679,-2.47048,53.60974,3,3,5,18:32,-1,E08000001,6,0,1,0,2,"[7, 19]","[4, 2]",7,0,0,0,1,0,0,0,0,0,10,3
2024061504481,2024,061504481,373312,403280,-2.40404,53.5255,2,2,4,00:16,-1,E08000006,6,2,1,0,1,19,4,8,0,0,0,1,0,0,0,0,1,10,16
2024061504658,2024,061504658,364562,397381,-2.53535,53.47196,3,3,3,19:00,-1,E08000010,3,2,2,1,2,"[4, 19]",3,"[8, 7]",0,0,0,1,0,0,0,0,0,10,15
2024061504676,2024,061504676,395121,396180,-2.07495,53.46234,3,3,4,14:54,-1,E08000008,6,0,1,1,1,"[19, 3]",-1,-1,0,0,0,1,0,0,0,0,0,10,16
2024061504680,2024,061504680,384570,401794,-2.23415,53.5126,3,3,4,15:30,-1,E08000003,6,0,1,1,1,19,7,3,0,0,0,1,0,0,0,0,1,10,16
2024061504829,2024,061504829,380843,398321,-2.29014,53.48126,2,2,5,06:37,-1,E08000006,1,0,1,1,1,"[19, 3]",7,3,0,0,0,1,0,0,0,0,0,10,17
2024061504843,2024,061504843,381475,394326,-2.28038,53.44537,3,3,5,08:00,-1,E08000003,6,0,1,1,1,"[9, 10]",-1,-1,99,0,0,1,1,0,0,0,0,10,17
2024061504869,2024,061504869,391770,408170,-2.12575,53.57007,3,3,7,18:40,-1,E08000004,3,0,1,1,1,"[19, 20]",1,5,0,0,0,1,0,0,0,0,0,9,28
2024061504923,2024,061504923,382145,410603,-2.27122,53.5917,3,3,6,16:35,-1,E08000002,3,0,1,0,2,"[1, 19]","[3, 5]",7,0,0,0,1,0,0,0,0,0,9,27
2024061504999,2024,061504999,390233,399066,-2.14867,53.48821,2,2,5,08:50,-1,E08000008,6,0,1,1,1,19,8,4,0,0,0,1,0,0,0,0,1,10,17
2024061505111,2024,061505111,382775,397607,-2.26098,53.47491,3,3,5,16:50,-1,E08000003,3,0,1,0,1,19,-1,-1,0,0,0,0,1,0,0,0,1,10,17
2024061505126,2024,061505126,393468,409206,-2.10013,53.57941,2,2,5,11:50,-1,E08000004,4,0,1,0,1,"[19, 5, 3]","[7, 5, 1]","[3, 1, 5]",0,0,0,1,0,1,0,0,0,10,17
2024061505149,2024,061505149,385036,388443,-2.22648,53.39261,3,3,5,17:10,-1,E08000007,3,0,1,0,1,19,"[1, 2]","[5, 8]",0,"[7, 0]",0,1,0,0,0,0,0,10,17
2024061505154,2024,061505154,378473,406276,-2.3264,53.55267,3,3,5,19:00,-1,E08000002,6,2,1,0,1,"[9, 8]",-1,-1,0,0,0,1,0,0,0,0,0,10,17
2024061505185,2024,061505185,389234,403538,-2.16388,53.52839,2,2,5,03:39,-1,E08000004,1,2,2,1,1,19,7,3,0,7,0,1,0,0,0,0,0,10,17
2024061505187,2024,061505187,378428,396851,-2.32642,53.46795,3,3,5,16:46,-1,E08000009,3,0,1,0,1,"[15, 3]",-1,-1,0,0,0,1,0,0,0,0,0,10,17
2024061505198,2024,061505198,387792,396794,-2.18537,53.46774,2,2,5,19:34,-1,E08000003,6,2,1,1,1,"[9, 13, 19]","[5, 3]","[3, 7]",0,0,0,1,0,0,0,0,0,10,17
2024061505225,2024,061505225,389235,391195,-2.16343,53.41745,3,3,5,23:30,-1,E08000007,6,2,1,0,1,19,3,7,0,"[0, 1]",0,1,0,0,0,0,0,10,17
2024061505246,2024,061505246,379819,394365,-2.30531,53.44566,2,2,5,12:30,-1,E08000009,3,0,1,0,1,19,3,7,0,0,0,1,0,0,0,0,1,10,17
2024061505251,2024,061505251,376431,387878,-2.35583,53.38721,3,3,4,08:33,-1,E08000009,6,0,1,0,1,19,1,1,0,0,0,1,1,0,0,0,0,10,16
2024061505264,2024,061505264,354605,401738,-2.68598,53.51035,2,"[3, 2]",6,04:07,-1,E08000010,6,2,1,-1,2,-1,-1,-1,-1,-1,0,1,0,0,0,0,0,10,18
2024061505267,2024,061505267,374377,405334,-2.38814,53.54402,3,3,2,09:20,-1,E08000001,3,0,1,0,1,"[19, 3]",1,1,0,0,0,1,0,0,0,0,0,9,30
2024061505313,2024,061505313,386429,393464,-2.20575,53.43778,3,3,3,18:57,-1,E08000003,6,2,1,0,1,"[8, 7]","[3, 1]","[5, 3]",0,"[0, 7]",0,1,0,0,0,0,0,10,15
2024061505330,2024,061505330,380848,396008,-2.28992,53.46047,3,3,2,13:50,-1,E08000009,3,2,1,0,1,"[19, 3]",7,3,0,0,0,1,0,0,0,0,0,9,23
2024061505382,2024,061505382,356985,405230,-2.65057,53.54194,3,3,3,13:30,-1,E08000010,6,0,1,0,1,"[2, 1]","[2, 3]",1,"[0, 4]",0,0,1,0,0,0,0,0,10,1
2024061505461,2024,061505461,382830,391507,-2.25982,53.42008,2,2,6,11:00,-1,E08000003,3,0,1,0,1,"[8, 4]",-1,-1,99,0,0,1,1,0,0,0,0,10,11
2024061505502,2024,061505502,385028,388401,-2.2266,53.39223,3,3,5,17:15,-1,E08000007,3,0,1,0,1,4,5,1,0,0,0,1,0,0,0,0,1,10,17
2024061505564,2024,061505564,380472,406437,-2.29623,53.55419,3,3,5,20:29,-1,E08000002,6,2,1,0,1,5,3,6,0,0,0,1,0,0,0,0,1,10,17
2024061505573,2024,061505573,384234,398263,-2.23904,53.48085,2,"[3, 2]",6,14:30,-1,E08000003,6,0,1,0,1,"[7, 19]","[5, 7]","[7, 3]",0,0,0,0,0,0,1,1,0,10,18
2024061505606,2024,061505606,384712,403083,-2.23207,53.52419,2,"[2, 3]",6,15:03,-1,E08000003,6,0,1,0,1,"[19, 2]","[3, 7, 0]","[7, 3, 0]",0,0,0,1,0,0,1,0,0,10,18
2024061505651,2024,061505651,361921,405392,-2.57611,53.54378,2,2,6,17:48,-1,E08000010,6,2,1,0,1,19,5,1,0,0,0,1,0,0,0,0,1,10,18
2024061505705,2024,061505705,398037,395320,-2.03103,53.45463,3,3,7,02:00,-1,E08000008,1,2,2,1,2,19,3,7,0,0,0,1,0,0,0,0,0,10,19
2024061505706,2024,061505706,385465,394738,-2.22032,53.4492,2,2,7,02:25,-1,E08000003,3,2,2,1,1,19,"[1, 5]","[5, 1]",0,0,0,1,1,0,0,0,0,10,19
2024061505751,2024,061505751,391522,404928,-2.1294,53.54093,2,2,6,10:53,-1,E08000004,6,0,1,0,1,"[19, 7]","[7, 1]","[3, 8]","[10, 0]",0,0,1,0,0,0,0,0,3,29
2024061505770,2024,061505770,382245,405632,-2.26943,53.54702,3,3,7,07:51,-1,E08000002,1,0,2,1,1,19,6,3,0,"[0, 2]",0,1,0,0,0,0,0,10,19
2024061505774,2024,061505774,379504,394874,-2.31009,53.45022,3,3,6,19:00,-1,E08000009,6,2,1,0,1,19,7,1,0,0,0,1,0,0,0,0,1,10,18
2024061505802,2024,061505802,383189,400240,-2.25489,53.49859,2,2,5,05:41,-1,E08000003,3,2,2,1,1,5,4,8,0,0,0,1,0,0,0,0,1,10,17
2024061505812,2024,061505812,374138,405645,-2.39177,53.5468,2,"[2, 3]",7,09:40,-1,E08000001,3,0,1,0,1,"[9, 19]","[7, 5]","[1, 5]","[2, 0]",0,0,1,0,0,1,0,0,10,19
2024061505826,2024,061505826,383951,399168,-2.24335,53.48898,3,3,6,18:00,-1,E08000003,3,0,2,1,1,19,"[4, 3]","[2, 6]",0,0,0,1,0,0,0,0,0,10,18
2024061505897,2024,061505897,385043,395674,-2.22672,53.4576,3,3,7,10:26,-1,E08000003,4,0,1,0,1,"[3, 19]",-1,-1,0,0,0,1,1,0,0,0,0,10,19
2024061505903,2024,061505903,388918,390381,-2.16818,53.41012,3,3,6,18:37,-1,E08000007,1,2,1,0,1,"[4, 99]",7,3,0,0,0,1,0,0,0,0,0,10,18
2024061505929,2024,061505929,360446,397900,-2.59742,53.47633,3,3,3,15:00,-1,E08000010,6,0,1,0,1,3,-1,-1,0,0,0,1,0,0,0,0,1,10,15
2024061505935,2024,061505935,388003,414798,-2.18288,53.62957,3,3,7,17:05,-1,E08000005,6,2,1,0,1,-1,-1,-1,-1,-1,0,1,0,0,0,0,1,10,19
2024061505952,2024,061505952,377596,411075,-2.33998,53.59576,3,3,6,01:03,-1,E08000002,6,2,2,1,1,"[19, 2]","[5, 0]","[1, 0]",0,"[0, 1]",0,1,0,0,0,0,0,10,18
2024061506042,2024,061506042,391226,402710,-2.1338,53.52099,2,"[3, 2]",7,13:45,-1,E08000004,3,0,1,0,1,"[4, -1]",-1,-1,"[0, -1]","[0, -1]",0,1,0,0,0,0,0,10,19
2024061506048,2024,061506048,389460,382842,-2.15977,53.34237,3,3,7,14:30,-1,E08000007,3,0,1,0,1,"[7, 19]",-1,-1,"[99, 0]",0,0,1,1,0,0,0,0,10,19
2024061506051,2024,061506051,365058,409650,-2.52925,53.58227,3,3,7,16:30,-1,E08000001,6,0,1,0,1,"[8, 99]",-1,-1,0,0,0,1,0,0,0,0,0,10,19
2024061506093,2024,061506093,354105,408505,-2.69451,53.57113,2,2,7,10:30,-1,E08000010,4,0,8,0,1,99,-1,-1,11,0,0,1,0,0,0,0,1,10,19
2024061506126,2024,061506126,388734,396256,-2.17116,53.46293,3,3,7,11:00,-1,E08000003,6,0,1,1,1,"[19, 7]","[7, 8]","[3, 2]",0,"[0, 7]",0,1,0,0,0,0,0,10,19
2024061506206,2024,061506206,358055,405379,-2.63445,53.54337,3,3,7,20:50,-1,E08000010,3,2,1,0,1,19,7,3,0,0,0,1,0,0,0,0,1,10,19
2024061506223,2024,061506223,375160,387118,-2.37488,53.38032,3,3,7,23:00,-1,E08000009,3,2,1,0,1,19,"[2, 4]","[6, 8]",0,0,0,1,0,0,0,0,0,10,19
2024061506359,2024,061506359,383296,398058,-2.25316,53.47898,3,3,3,09:25,-1,E08000003,6,0,1,0,1,10,-1,-1,0,0,0,1,0,0,0,0,1,10,8
2024061506361,2024,061506361,397906,399666,-2.03303,53.49369,3,3,1,19:55,-1,E08000008,6,2,2,1,1,"[2, 19]",6,"[6, 2]","[0, 4]",0,0,1,1,0,0,0,0,9,29
2024061506373,2024,061506373,383098,400396,-2.25627,53.49999,3,3,2,08:46,-1,E08000006,4,0,1,0,1,9,1,7,0,0,0,1,0,0,0,0,1,10,21
2024061506400,2024,061506400,373264,411960,-2.40551,53.60351,3,3,7,03:53,-1,E08000001,3,2,1,0,1,19,"[1, 6]","[6, 1]",0,0,0,1,0,0,0,0,0,9,28
2024061506431,2024,061506431,391008,395649,-2.13689,53.45751,3,3,1,20:05,-1,E08000008,3,2,2,0,1,"[99, -1]",-1,-1,"[0, -1]","[0, -1]",0,1,0,0,0,1,0,10,20
2024061506475,2024,061506475,386608,392038,-2.203,53.42496,3,3,4,09:30,-1,E08000003,6,0,1,0,1,19,"[6, 4]","[2, 1]",0,0,0,1,1,0,0,0,0,9,25
2024061506529,2024,061506529,384369,398103,-2.23699,53.47942,2,2,7,17:20,-1,E08000003,3,0,2,1,1,"[9, 19]","[6, 2]","[4, 6]",0,0,0,1,1,0,0,0,0,9,28