collision_index,collision_year,collision_ref_no,location_easting_osgr,location_northing_osgr,longitude,latitude,casualty_severity,casualty_severity,day_of_week,time,local_authority_district,local_authority_ons_district,first_road_class,light_conditions,weather_conditions,road_surface_conditions,urban_or_rural_area,vehicle_manoeuvre,vehicle_direction_from,vehicle_direction_to,hit_object_in_carriageway,vehicle_leaving_carriageway,hit_object_off_carriageway,is_car,is_cyle,is_mcyle,is_goodsv,is_other,is_pedestrian,month,day
2024061513725,2024,061513725,379109,399203,-2.31632,53.48912,3,3,5,08:05,-1,E08000006,6,0,1,0,1,"[2, 8]",4,"[8, 5]",0,"[0, 1]",0,1,0,0,1,0,1,11,7
2024061513810,2024,061513810,389797,414176,-2.15574,53.62402,3,3,2,16:35,-1,E08000005,3,0,8,-1,1,-1,-1,-1,-1,-1,0,1,0,0,0,0,0,10,14
2024061513814,2024,061513814,381947,403587,-2.2738,53.52863,3,3,3,07:55,-1,E08000002,6,0,1,0,1,19,"[5, 3]","[1, 8]",0,0,0,1,1,0,0,0,0,10,29
2024061513942,2024,061513942,379205,401445,-2.31503,53.50927,3,3,6,11:30,-1,E08000006,3,0,1,0,1,"[19, 7]",8,4,0,0,0,1,0,0,1,0,0,11,8
2024061513954,2024,061513954,358251,405645,-2.63152,53.54577,2,2,6,11:50,-1,E08000010,6,0,1,0,1,1,5,8,0,1,11,1,0,0,0,0,1,11,8
2024061513970,2024,061513970,373340,406186,-2.40386,53.55162,3,3,6,15:10,-1,E08000001,6,0,8,0,1,"[1, 9]",-1,-1,99,0,0,1,0,0,0,0,0,11,8
2024061513990,2024,061513990,383577,395947,-2.24881,53.46001,3,3,5,16:15,-1,E08000003,4,0,1,0,1,"[5, 19]",-1,-1,"[0, 1]","[3, 0]",0,1,1,0,0,0,0,11,7
2024061514097,2024,061514097,381260,401465,-2.28404,53.50953,3,3,6,16:10,-1,E08000006,6,0,1,0,1,19,7,2,0,0,0,1,0,0,0,0,1,11,8
2024061514182,2024,061514182,384934,399319,-2.22854,53.49036,2,"[3, 2]",7,08:30,-1,E08000003,3,0,1,0,1,"[19, 2]",2,6,0,"[0, 1]",0,0,0,0,1,0,0,11,9
2024061514385,2024,061514385,370552,409828,-2.44629,53.58421,2,"[3, 2]",7,22:37,-1,E08000001,4,2,1,0,1,19,"[8, 4, 3]","[4, 8, 7]",0,0,0,1,0,0,0,0,0,11,9
2024061514417,2024,061514417,391170,403607,-2.13467,53.52905,3,3,1,07:06,-1,E08000004,3,0,1,1,1,19,"[1, 3]","[5, 7]",0,"[0, 2]",0,1,0,0,0,0,0,11,10
2024061514552,2024,061514552,389969,390954,-2.15238,53.41529,3,3,1,16:15,-1,E08000007,6,2,2,1,1,19,"[8, 3]","[4, 7]",0,0,0,1,1,0,0,0,0,11,10
2024061514557,2024,061514557,381755,404585,-2.27676,53.53759,3,3,1,19:25,-1,E08000002,3,2,1,1,1,"[3, 99]",8,4,"[0, 99]","[0, 8]","[0, 99]",1,0,1,0,0,0,11,10
2024061514559,2024,061514559,382989,388973,-2.25729,53.39731,2,2,1,17:15,-1,E08000003,4,2,2,1,1,7,3,7,0,3,5,1,0,0,0,0,1,11,10
2024061514573,2024,061514573,392446,404530,-2.11545,53.53736,3,3,7,21:29,-1,E08000004,3,2,1,0,1,19,"[3, 1]",5,0,0,0,1,0,0,0,0,0,11,9
2024061514576,2024,061514576,378015,412547,-2.33375,53.60901,2,2,1,17:25,-1,E08000002,4,2,1,1,1,19,8,3,0,0,0,1,0,0,0,0,1,11,10
2024061514610,2024,061514610,397437,394405,-2.04006,53.4464,3,3,6,19:00,-1,E08000008,6,2,1,1,2,"[19, 9]","[4, 0]","[7, 0]",0,0,0,1,0,0,0,0,0,11,8
2024061514626,2024,061514626,389720,391787,-2.15616,53.42278,2,2,4,16:47,-1,E08000007,4,0,2,1,1,"[9, 13]","[1, 5]","[7, 1]",0,0,0,1,0,1,0,0,0,9,25
2024061514707,2024,061514707,385337,395203,-2.22227,53.45338,2,2,3,20:42,-1,E08000003,6,0,1,0,1,1,-1,-1,0,0,0,1,0,0,0,0,1,10,29
2024061514723,2024,061514723,396943,398212,-2.04753,53.48062,3,3,4,11:11,-1,E08000008,3,0,1,0,1,19,4,8,0,0,0,1,0,0,0,0,1,11,6
2024061514775,2024,061514775,387902,398232,-2.18376,53.48067,3,3,5,19:15,-1,E08000003,6,2,1,0,1,"[5, 19]","[0, 8]",4,0,"[1, 0]",0,1,0,0,0,0,0,10,17
2024061514823,2024,061514823,390711,405135,-2.14164,53.54277,3,3,6,10:15,-1,E08000004,6,0,1,0,1,"[9, 3]","[5, 3]","[3, 8]","[4, 0]","[0, 1]",0,1,0,0,1,0,0,11,8
2024061514839,2024,061514839,377458,390556,-2.34058,53.41133,3,3,1,16:40,-1,E08000009,6,2,2,1,1,3,-1,-1,0,0,0,1,1,0,0,0,0,11,10
2024061514883,2024,061514883,394077,395451,-2.09066,53.45578,3,3,1,15:45,-1,E08000008,1,0,1,0,1,19,3,7,0,0,0,1,0,0,0,0,0,10,27
2024061514913,2024,061514913,393584,408204,-2.09835,53.5704,3,3,2,17:40,-1,E08000004,4,2,1,0,1,5,5,1,0,0,0,1,0,0,0,0,1,11,11
2024061514920,2024,061514920,389800,395674,-2.15508,53.45772,2,2,2,16:36,-1,E08000003,3,2,1,0,1,"[19, 9]","[3, 7]","[7, 5]",0,0,0,1,0,1,0,0,0,11,11
2024061514922,2024,061514922,356335,404421,-2.66027,53.53462,3,3,2,18:15,-1,E08000010,3,2,1,0,1,15,-1,-1,0,0,0,0,1,0,0,0,0,11,11
2024061514964,2024,061514964,380343,409673,-2.29839,53.58327,3,3,2,19:17,-1,E08000002,6,2,1,0,1,"[9, 19]","[5, 3]","[3, 7]",0,0,0,1,0,0,0,0,0,11,11
2024061514966,2024,061514966,378885,407454,-2.32026,53.56327,3,3,2,20:13,-1,E08000002,3,2,1,1,1,"[7, 9]",-1,-1,0,0,0,1,0,0,0,0,0,11,11
2024061515163,2024,061515163,356373,405715,-2.65987,53.54625,2,2,2,16:15,-1,E08000010,6,0,1,0,1,19,-1,-1,0,0,0,1,0,0,0,0,1,11,11
2024061515165,2024,061515165,381196,410739,-2.28557,53.59289,3,3,3,08:10,-1,E08000002,3,0,1,0,1,11,3,7,0,"[1, 0]",0,1,0,0,1,0,0,11,12
2024061515173,2024,061515173,373577,405767,-2.40025,53.54787,2,2,2,18:00,-1,E08000001,3,2,9,0,1,-1,-1,-1,-1,-1,0,0,0,0,0,1,1,11,11
2024061515228,2024,061515228,378345,414357,-2.32889,53.62529,3,3,2,16:14,-1,E08000002,4,0,1,0,1,"[19, 9]","[4, 2]","[8, 7]",0,0,0,1,0,1,0,0,0,11,11
2024061515244,2024,061515244,376644,403142,-2.35377,53.52442,3,3,2,16:15,-1,E08000006,1,0,1,0,2,"[11, 19]",3,7,0,"[0, 2]","[0, 7]",1,0,0,0,0,0,11,11
2024061515250,2024,061515250,390205,411887,-2.14949,53.60345,2,2,3,10:40,-1,E08000005,3,0,1,0,1,"[2, 5]","[0, 1]","[0, 5]",0,0,0,1,0,0,1,0,1,11,12
2024061515335,2024,061515335,377885,407883,-2.33539,53.56709,2,2,5,16:20,-1,E08000002,4,0,1,0,1,"[9, 19]","[8, 3, 4]","[4, 7, 8]",11,0,0,1,0,1,0,0,0,10,24
2024061515344,2024,061515344,384017,410101,-2.24291,53.58725,3,3,3,09:45,-1,E08000005,6,0,1,0,1,"[19, 10]","[7, 1]","[3, 7]",0,"[1, 0]",0,1,0,0,0,0,0,11,12
2024061515437,2024,061515437,382288,390028,-2.26789,53.40677,2,2,3,17:20,-1,E08000003,4,2,1,0,1,19,3,7,0,0,0,1,1,0,0,0,0,11,12
2024061515471,2024,061515471,381307,393828,-2.28287,53.44089,3,3,3,19:52,-1,E08000003,3,2,1,0,1,"[7, 19]",3,"[5, 7]","[0, 10]","[0, 1]",0,1,1,0,0,0,0,11,12
2024061515580,2024,061515580,395078,385333,-2.07543,53.36484,3,3,7,08:45,-1,E08000007,3,0,9,-1,1,"[6, -1]",-1,-1,"[0, -1]","[0, -1]",0,1,0,0,0,0,0,10,26
2024061515594,2024,061515594,393800,411632,-2.09516,53.60122,3,3,4,08:30,-1,E08000005,3,0,1,0,1,99,-1,-1,0,0,0,1,0,0,0,0,1,11,13
2024061515599,2024,061515599,387968,402929,-2.18295,53.52289,3,3,7,09:50,-1,E08000003,6,2,1,0,1,"[-1, 19]",-1,-1,"[-1, 0]","[-1, 0]",0,1,0,0,0,0,0,11,2
2024061515610,2024,061515610,390771,390916,-2.14032,53.41497,3,3,4,18:25,-1,E08000007,6,0,1,0,1,1,1,2,0,0,0,1,0,0,0,0,1,10,23
2024061515621,2024,061515621,368742,411162,-2.47376,53.59609,3,3,2,13:00,-1,E08000001,6,0,1,0,1,"[2, 19]","[0, 6]","[0, 2]",0,0,0,1,0,0,0,0,1,10,14
2024061515654,2024,061515654,388398,403063,-2.17647,53.5241,3,3,3,15:00,-1,E08000003,4,0,1,0,1,-1,-1,-1,-1,-1,0,0,1,1,0,0,0,10,29
2024061515662,2024,061515662,384092,399169,-2.24122,53.48899,3,3,3,08:59,-1,E08000003,3,0,1,0,1,"[12, 19]","[8, 1]","[5, 2]",0,0,0,1,0,1,0,0,0,2,20
2024061515678,2024,061515678,379825,398295,-2.30547,53.48099,2,2,4,16:10,-1,E08000006,6,0,1,0,1,19,1,"[2, 1]",0,0,0,1,1,0,0,0,0,10,30
2024061515688,2024,061515688,373921,387464,-2.39353,53.38337,2,2,3,19:18,-1,E08000009,4,2,1,0,2,19,3,7,0,2,0,1,0,0,0,0,0,11,12
2024061515767,2024,061515767,390504,411641,-2.14497,53.60125,3,3,2,13:45,-1,E08000005,6,0,1,0,1,19,"[5, 7]","[1, 3]",0,0,0,1,1,0,0,0,0,10,28
2024061515822,2024,061515822,391127,395566,-2.13509,53.45677,3,3,4,07:36,-1,E08000008,3,0,1,0,1,"[5, 4]",1,5,0,"[0, 1]",0,1,0,0,0,0,0,11,13
2024061515923,2024,061515923,365449,409843,-2.52337,53.58403,3,3,4,16:00,-1,E08000001,3,0,1,0,1,"[19, 5]","[3, 5]","[1, 3]",0,0,0,1,1,0,0,0,0,11,6
2024061515934,2024,061515934,378525,399206,-2.32512,53.48912,3,3,3,18:10,-1,E08000006,3,2,1,0,1,-1,-1,-1,-1,-1,0,1,0,0,0,0,1,11,12
2024061515978,2024,061515978,361740,404108,-2.57868,53.53222,3,3,3,07:40,-1,E08000010,6,0,1,0,1,"[10, 19]",-1,-1,0,0,0,1,0,0,0,0,0,11,12
2024061515986,2024,061515986,381497,399103,-2.28033,53.48831,2,2,4,20:05,-1,E08000006,3,2,7,1,1,19,"[4, 2]","[8, 6]",0,0,0,1,1,0,0,0,0,11,13
2024061516012,2024,061516012,396624,389881,-2.05225,53.40574,3,3,4,16:50,-1,E08000007,3,2,1,0,1,3,"[5, -1]","[1, -1]",0,0,0,1,0,0,0,0,0,11,13
2024061516041,2024,061516041,374888,397867,-2.37983,53.47693,2,2,2,15:28,-1,E08000006,6,0,1,0,1,20,2,6,0,1,0,1,0,0,0,0,1,11,11
2024061516204,2024,061516204,390655,402497,-2.14241,53.51906,3,3,5,08:20,-1,E08000004,3,0,1,0,1,"[11, 19]",-1,-1,0,0,0,1,0,0,0,0,0,11,14
2024061516260,2024,061516260,383813,395325,-2.24523,53.45443,3,3,1,17:35,-1,E08000003,3,2,2,1,1,3,-1,-1,0,0,0,1,0,0,0,0,0,11,10
2024061516353,2024,061516353,359767,406889,-2.60881,53.55707,3,3,1,18:15,-1,E08000010,4,2,2,1,1,"[19, 4, 3]",3,7,0,0,0,1,0,0,0,0,0,10,27
2024061516363,2024,061516363,371304,414136,-2.43533,53.62297,3,3,5,11:49,-1,E08000001,3,0,1,0,1,2,-1,-1,0,0,0,1,0,0,0,0,1,11,14
2024061516433,2024,061516433,381691,394521,-2.27713,53.44713,2,"[2, 3]",3,17:20,-1,E08000003,4,2,1,0,1,15,1,5,10,1,11,0,0,1,0,0,1,11,12
2024061516475,2024,061516475,391077,406740,-2.13617,53.55721,3,3,5,14:40,-1,E08000004,6,0,1,0,1,"[19, 9]",-1,-1,99,0,0,1,0,0,0,0,0,11,14
2024061516497,2024,061516497,376661,389415,-2.35249,53.40104,3,3,5,17:30,-1,E08000009,3,2,1,1,1,19,5,1,0,0,0,1,0,0,0,0,1,11,14
2024061516526,2024,061516526,361737,410765,-2.57955,53.59206,2,2,5,16:53,-1,E08000001,4,0,1,0,1,"[2, 19]","[0, 4]","[0, 8]",0,"[1, 0]","[10, 0]",1,0,0,0,0,0,11,14
2024061516530,2024,061516530,391787,397227,-2.1252,53.47171,2,2,5,06:30,-1,E08000008,4,2,1,0,1,19,7,3,0,0,0,1,0,0,0,0,1,11,14
2024061516536,2024,061516536,357646,398965,-2.63975,53.48569,3,3,5,18:15,-1,E08000010,6,2,7,1,1,-1,-1,-1,-1,-1,0,1,0,0,0,0,1,11,14
2024061516537,2024,061516537,390415,398014,-2.14589,53.47876,3,3,5,10:35,-1,E08000008,6,0,8,0,1,"[7, 99]",-1,-1,"[0, 10]","[0, 1]","[0, 99]",1,0,1,0,0,0,11,14
2024061516539,2024,061516539,378985,412551,-2.31909,53.60909,2,2,5,08:10,-1,E08000002,6,0,1,1,1,"[19, -1]",-1,-1,"[0, -1]","[0, -1]",0,1,0,0,0,0,0,11,14
2024061516656,2024,061516656,374330,408932,-2.38915,53.57635,3,3,2,11:00,-1,E08000001,6,0,8,0,1,"[5, 4]",1,2,"[8, 0]",0,0,1,0,0,0,0,0,11,11
2024061516666,2024,061516666,389563,393073,-2.15856,53.43433,3,3,6,07:45,-1,E08000007,6,0,8,1,1,19,2,2,0,0,0,1,0,0,0,0,1,11,15
2024061516681,2024,061516681,384930,389142,-2.22811,53.39889,2,2,1,09:20,-1,E08000007,1,0,1,0,2,-1,-1,-1,-1,-1,0,1,0,0,0,0,0,10,20
2024061516740,2024,061516740,389255,388965,-2.16306,53.3974,3,3,3,18:16,-1,E08000007,6,0,1,0,1,"[19, 2]",1,1,0,0,0,1,0,0,0,0,0,11,5
2024061516767,2024,061516767,362121,403985,-2.57292,53.53115,3,3,6,21:58,-1,E08000010,3,2,1,0,1,"[9, 19]","[2, 7]","[7, 4]",0,"[0, 7]",0,1,0,0,0,0,0,11,8
2024061516768,2024,061516768,359793,398703,-2.60736,53.4835,2,2,5,12:35,-1,E08000010,6,0,1,0,1,20,5,1,0,0,0,1,0,0,0,0,1,11,14
2024061516785,2024,061516785,382357,412798,-2.26814,53.61143,2,2,5,20:20,-1,E08000005,6,2,1,0,2,19,8,4,0,0,0,0,0,1,0,0,0,11,14
2024061516854,2024,061516854,388755,397375,-2.17088,53.47298,2,"[3, 2]",5,16:18,-1,E08000003,3,2,1,0,1,"[19, 9]","[7, 1, 3]","[3, 7]",0,0,0,1,1,1,0,0,0,11,14
2024061516967,2024,061516967,386230,399973,-2.20904,53.49628,2,2,6,16:20,-1,E08000003,3,0,1,0,1,"[9, 15]",-1,-1,0,1,0,1,0,0,0,0,0,11,15
2024061516989,2024,061516989,391097,387929,-2.13533,53.38812,3,3,6,16:43,-1,E08000007,3,2,1,0,1,"[19, 6]","[4, 8]",8,0,"[1, 0]","[11, 0]",1,0,0,0,0,0,11,15
2024061517014,2024,061517014,395434,397572,-2.07026,53.47486,2,2,6,16:54,-1,E08000008,4,2,1,0,1,19,6,2,0,0,0,1,0,0,0,0,1,11,15
2024061517095,2024,061517095,369500,410755,-2.46227,53.59248,3,3,7,01:40,-1,E08000001,6,2,2,1,1,19,"[3, 5]","[7, 1]",0,"[0, 1]","[0, 11]",1,0,0,0,0,0,11,16
2024061517118,2024,061517118,393973,395245,-2.09223,53.45393,3,3,6,13:40,-1,E08000008,3,0,1,1,1,"[12, 13]",-1,-1,0,0,0,0,1,0,1,0,0,11,15
2024061517187,2024,061517187,375177,398110,-2.37549,53.47912,3,3,6,18:00,-1,E08000006,1,0,1,0,1,19,"[7, 3]","[3, 7]",0,0,0,1,0,0,0,0,0,11,15
2024061517191,2024,061517191,388560,395261,-2.17374,53.45398,3,3,6,15:55,-1,E08000003,6,0,1,0,1,19,7,3,0,0,0,1,0,0,0,0,0,11,15
2024061517250,2024,061517250,371318,411520,-2.43487,53.59946,3,3,7,14:00,-1,E08000001,6,0,1,0,1,9,5,7,10,7,0,1,0,0,0,0,0,11,16
2024061517349,2024,061517349,372243,408820,-2.42066,53.57524,3,3,5,09:12,-1,E08000001,6,0,8,0,1,"[7, 19]",8,4,0,"[1, 0]",0,1,1,0,0,0,0,11,14
2024061517509,2024,061517509,389534,403405,-2.15935,53.5272,3,3,1,14:00,-1,E08000004,1,0,1,1,1,9,6,4,0,0,0,1,0,0,0,0,1,11,17
2024061517514,2024,061517514,370314,411043,-2.45,53.59511,3,3,1,16:30,-1,E08000001,6,2,2,1,1,"[3, 13]","[6, 2]","[2, 6]","[0, 4]",0,0,1,0,1,0,0,0,11,17
2024061517533,2024,061517533,384050,397780,-2.24178,53.4765,3,3,1,13:22,-1,E08000003,3,0,2,1,1,19,-1,-1,0,0,0,1,0,0,0,0,0,11,17
2024061517544,2024,061517544,396041,398637,-2.06113,53.48443,3,3,3,17:28,-1,E08000008,4,0,1,0,1,19,4,7,0,0,0,1,0,0,0,0,1,10,8
2024061517583,2024,061517583,376107,403408,-2.36189,53.52679,3,3,1,04:00,-1,E08000006,1,2,2,1,2,19,1,5,7,0,0,1,0,0,0,0,0,11,17
2024061517623,2024,061517623,371915,405060,-2.42527,53.54143,2,"[3, 2]",2,05:28,-1,E08000001,1,2,7,1,1,19,"[1, 7]","[5, 3]","[0, 4]","[4, 2, 0]","[0, 7]",1,0,0,0,0,0,11,18
2024061517658,2024,061517658,363711,403846,-2.54892,53.53001,2,2,2,06:55,-1,E08000010,6,2,7,0,1,2,0,0,0,0,0,1,0,0,0,0,1,11,18
2024061517681,2024,061517681,362466,403801,-2.5677,53.52952,3,3,2,08:10,-1,E08000010,3,0,1,0,1,"[13, 1]","[7, 5]",3,0,0,0,1,0,1,0,0,0,11,18
2024061517741,2024,061517741,383809,401816,-2.24562,53.51277,2,2,1,05:30,-1,E08000003,3,0,9,1,1,99,-1,-1,99,0,0,1,0,0,0,0,1,11,17
2024061517828,2024,061517828,385212,411044,-2.22491,53.59576,3,3,5,09:20,-1,E08000005,6,0,1,1,1,9,-1,-1,0,0,0,1,0,0,0,0,1,11,14
2024061517843,2024,061517843,386028,400189,-2.21209,53.49821,2,2,5,11:06,-1,E08000003,6,0,1,1,1,19,6,8,7,1,0,1,0,0,0,0,0,11,14
2024061517862,2024,061517862,382032,410606,-2.27293,53.59172,3,3,2,09:15,-1,E08000002,3,0,1,1,2,4,-1,-1,0,0,0,1,0,0,0,0,0,11,18
2024061517879,2024,061517879,365430,400967,-2.52267,53.50425,3,3,2,12:00,-1,E08000010,6,0,1,0,1,5,-1,-1,99,7,99,1,0,0,0,0,0,11,18
2024061517912,2024,061517912,391145,412442,-2.13531,53.60846,3,3,2,12:30,-1,E08000005,3,0,1,0,1,"[99, 3]",-1,-1,0,0,0,1,0,0,0,0,0,11,18
2024061517967,2024,061517967,377361,389818,-2.34199,53.40469,3,3,6,08:25,-1,E08000009,4,0,1,0,1,19,4,7,0,0,0,1,0,0,0,0,1,10,25
2024061517980,2024,061517980,381336,408623,-2.28332,53.57387,2,2,2,07:56,-1,E08000002,6,0,1,0,1,19,"[2, 6]","[6, 2]",0,0,0,1,0,0,0,1,0,11,18
2024061518054,2024,061518054,379196,386296,-2.31415,53.37311,1,1,2,17:31,-1,E08000009,6,2,2,1,1,19,5,1,0,1,11,1,0,0,0,0,1,11,18
2024061518087,2024,061518087,394994,397087,-2.07688,53.47049,3,3,3,10:00,-1,E08000008,4,0,1,1,1,-1,-1,-1,-1,-1,0,1,0,0,0,0,1,11,19
2024061518145,2024,061518145,377453,394489,-2.34094,53.44668,3,3,2,14:33,-1,E08000009,4,0,1,1,1,"[19, 9]","[7, 1]","[3, 7]",0,0,0,1,0,0,0,0,0,11,18
2024061518189,2024,061518189,376883,387846,-2.34903,53.38694,3,3,2,17:47,-1,E08000009,6,2,2,1,1,7,4,2,0,1,0,1,0,0,0,0,1,11,18
2024061518244,2024,061518244,384703,393692,-2.23174,53.43978,3,3,7,18:50,-1,E08000003,6,0,9,-1,1,9,1,8,0,0,0,0,0,0,0,1,1,10,26
2024061518318,2024,061518318,387858,391788,-2.18418,53.42275,3,3,3,17:05,-1,E08000007,4,2,1,1,1,"[19, 3]",-1,-1,0,0,0,1,0,0,0,0,0,11,19
2024061518342,2024,061518342,360281,397107,-2.59981,53.46919,2,2,3,17:30,-1,E08000010,3,2,1,0,2,"[19, 9]","[7, 5]","[3, 1]",0,0,0,1,0,1,0,0,0,11,19
2024061518402,2024,061518402,383826,395213,-2.24503,53.45342,2,"[2, 3]",3,17:10,-1,E08000003,3,2,1,0,1,4,-1,-1,0,0,0,0,0,1,0,0,1,11,19
2024061518591,2024,061518591,379706,394378,-2.30701,53.44577,3,3,4,08:43,-1,E08000009,3,0,1,0,1,10,8,4,0,0,0,1,0,0,0,0,1,11,20
2024061518594,2024,061518594,393826,405063,-2.09464,53.54217,3,3,4,08:00,-1,E08000004,3,2,1,0,1,9,3,1,0,0,0,1,0,0,0,0,1,11,6
2024061518662,2024,061518662,379352,401333,-2.3128,53.50827,3,3,6,14:02,-1,E08000006,3,0,1,0,1,19,-1,-1,99,0,0,1,0,0,0,0,1,11,15
2024061518712,2024,061518712,366937,409353,-2.50084,53.57972,3,3,2,16:54,-1,E08000001,3,2,1,0,1,"[3, 19]",3,7,0,0,0,1,0,0,0,0,0,11,4
2024061518741,2024,061518741,391570,393119,-2.12835,53.43478,3,3,3,18:25,-1,E08000007,1,2,1,0,2,"[19, 2]","[5, 0, 1]","[1, 0]",0,0,0,1,0,0,0,0,0,11,19
2024061518752,2024,061518752,360707,404742,-2.59435,53.53785,3,3,1,14:52,-1,E08000010,6,0,1,0,2,"[4, 12]",2,6,0,"[0, 7]",0,1,0,0,0,0,0,10,27
2024061518772,2024,061518772,378920,391252,-2.31864,53.41764,2,2,4,12:31,-1,E08000009,6,0,1,0,1,9,1,7,0,0,0,1,0,0,0,0,1,11,20
2024061518871,2024,061518871,381468,398193,-2.28071,53.48013,1,1,4,12:59,-1,E08000006,3,0,1,0,1,19,2,6,0,0,0,0,0,0,1,0,1,11,20
2024061518959,2024,061518959,395239,397209,-2.07319,53.47159,2,2,4,14:14,-1,E08000008,4,0,1,0,1,19,6,2,0,0,0,1,0,0,0,0,1,11,20
2024061518960,2024,061518960,381922,393269,-2.27358,53.43589,3,3,4,17:15,-1,E08000003,3,2,1,0,1,"[19, 5]","[5, 7, 3]","[1, 3, 7]","[10, 0]",0,0,1,0,0,0,0,0,11,20
2024061518962,2024,061518962,361719,404408,-2.57904,53.53492,3,3,2,08:20,-1,E08000010,3,0,1,1,1,19,-1,-1,99,0,0,1,0,0,0,0,0,11,18
2024061518981,2024,061518981,383166,398563,-2.25514,53.48351,3,3,4,19:10,-1,E08000006,6,2,1,0,1,19,-1,-1,0,0,0,1,1,0,0,0,0,11,20
2024061518996,2024,061518996,384810,391193,-2.23001,53.41732,2,2,4,19:52,-1,E08000003,6,2,1,0,1,7,1,4,0,0,0,1,0,0,0,0,1,11,20
2024061519050,2024,061519050,380741,409866,-2.29239,53.58502,3,3,2,18:55,-1,E08000002,6,2,2,1,1,19,"[4, 6]","[1, 2]",0,0,0,1,0,0,0,0,0,11,18
2024061519206,2024,061519206,382939,397358,-2.2585,53.47267,3,3,3,16:00,-1,E08000003,3,0,1,0,1,"[19, 9]",8,"[4, 6]",0,0,0,1,0,0,0,0,0,10,22
2024061519231,2024,061519231,366410,403040,-2.50812,53.52295,3,3,5,09:59,-1,E08000010,6,0,1,1,1,19,4,8,0,1,2,1,0,0,0,0,0,11,21
2024061519253,2024,061519253,387499,394715,-2.1897,53.44905,2,2,2,07:45,-1,E08000003,6,0,1,1,1,19,3,7,0,0,0,1,0,0,0,0,1,11,11
2024061519327,2024,061519327,380993,412682,-2.28875,53.61034,3,3,4,17:30,-1,E08000002,6,2,1,0,1,99,-1,-1,0,0,0,1,0,0,0,0,0,11,20
2024061519369,2024,061519369,387699,405985,-2.18713,53.55035,2,2,4,18:50,-1,E08000005,3,2,1,0,1,"[9, 19]","[2, 6]","[8, 2]",99,0,0,1,1,0,0,0,0,11,20
2024061519395,2024,061519395,380863,396440,-2.28972,53.46435,3,3,4,12:00,-1,E08000009,6,0,1,0,1,19,"[3, 5]","[7, 1]",0,0,0,1,1,0,0,0,0,11,6
2024061519437,2024,061519437,372094,394371,-2.42161,53.44536,2,2,7,00:05,-1,E08000006,4,2,1,0,1,"[9, 19]",1,"[7, 5]",0,0,0,1,0,0,0,0,0,11,2
2024061519539,2024,061519539,389124,389733,-2.16505,53.4043,3,3,5,17:50,-1,E08000007,6,2,2,2,1,"[3, -1]",-1,-1,"[0, -1]","[0, -1]",0,1,0,0,0,0,0,11,21
2024061519582,2024,061519582,356331,405653,-2.6605,53.54569,3,3,5,17:20,-1,E08000010,6,2,2,1,1,19,"[3, 5]","[7, 1]",0,0,0,1,1,0,0,0,0,11,21
2024061519601,2024,061519601,384541,398776,-2.23444,53.48547,2,2,5,15:55,-1,E08000003,3,0,3,1,1,19,4,2,0,0,0,1,0,0,0,0,1,11,21
2024061519604,2024,061519604,385000,396558,-2.22741,53.46555,3,3,5,16:21,-1,E08000003,3,0,1,1,1,"[7, 19]","[8, 2]",4,0,"[0, 1]",0,1,1,0,0,0,0,11,21
2024061519690,2024,061519690,377922,403381,-2.33451,53.52662,3,3,4,12:50,-1,E08000006,1,0,1,0,2,"[19, 4]",3,7,0,0,0,1,0,0,0,0,0,11,20
2024061519699,2024,061519699,383212,398567,-2.25445,53.48355,3,3,3,16:12,-1,E08000006,6,0,8,0,1,-1,-1,-1,-1,-1,0,1,0,0,0,0,0,11,19
2024061519752,2024,061519752,383754,398727,-2.24629,53.48501,3,3,3,12:55,-1,E08000006,3,0,8,0,1,19,"[3, 7]","[7, 3]",0,0,0,0,1,0,0,0,0,11,5
2024061519840,2024,061519840,391774,415989,-2.12589,53.64035,3,3,6,09:07,-1,E08000005,6,0,1,2,1,2,0,0,0,0,0,1,0,0,0,0,0,11,22
2024061519914,2024,061519914,386491,408135,-2.20546,53.56965,2,2,4,16:30,-1,E08000005,3,0,1,0,2,"[19, 3]",1,5,0,0,0,1,0,0,0,0,0,8,14
2024061519922,2024,061519922,383408,398531,-2.2515,53.48323,3,3,5,19:20,-1,E08000006,6,2,1,0,1,9,3,1,0,0,0,1,0,0,0,0,1,11,7
2024061519944,2024,061519944,378161,403481,-2.33091,53.52753,3,3,6,08:25,-1,E08000006,1,0,1,1,1,"[12, 19]",3,7,0,0,0,1,0,0,0,0,0,11,22
2024061519972,2024,061519972,373617,405512,-2.39963,53.54558,2,2,5,17:00,-1,E08000001,3,2,3,2,1,19,5,1,0,0,0,1,0,0,0,0,1,11,21
2024061520100,2024,061520100,394490,396934,-2.08447,53.46911,3,3,6,12:57,-1,E08000008,6,0,1,1,1,"[-1, 19]",-1,-1,"[-1, 0]","[-1, 1]",0,1,1,0,0,0,0,11,22
2024061520103,2024,061520103,360627,398728,-2.5948,53.48379,3,3,6,16:30,-1,E08000010,3,2,1,1,1,"[9, 19]","[7, 4]","[4, 1]",0,0,0,1,0,0,0,0,0,11,22
2024061520105,2024,061520105,394992,395024,-2.07688,53.45195,2,2,6,15:45,-1,E08000008,6,0,2,1,1,"[9, 13]","[8, 1]","[5, 6]",0,0,0,1,0,0,0,1,0,11,22