collision_index,collision_year,collision_ref_no,location_easting_osgr,location_northing_osgr,longitude,latitude,casualty_severity,casualty_severity,day_of_week,time,local_authority_district,local_authority_ons_district,first_road_class,light_conditions,weather_conditions,road_surface_conditions,urban_or_rural_area,vehicle_manoeuvre,vehicle_direction_from,vehicle_direction_to,hit_object_in_carriageway,vehicle_leaving_carriageway,hit_object_off_carriageway,is_car,is_cyle,is_mcyle,is_goodsv,is_other,is_pedestrian,month,day
2024061520182,2024,061520182,373111,395299,-2.40638,53.45376,3,3,6,18:00,-1,E08000006,4,0,1,1,1,9,4,2,0,3,11,1,0,0,0,0,0,11,22
2024061520264,2024,061520264,385311,396992,-2.22275,53.46946,2,2,7,03:45,-1,E08000003,3,2,2,1,1,19,4,8,0,0,0,1,0,0,0,0,1,11,23
2024061520413,2024,061520413,379028,410349,-2.31829,53.5893,2,2,7,11:59,-1,E08000002,3,0,2,1,1,"[19, 9]","[2, 8]","[6, 2]",0,0,0,1,0,0,0,0,0,11,23
2024061520501,2024,061520501,365424,400973,-2.52276,53.5043,3,3,7,17:35,-1,E08000010,3,2,2,1,1,"[9, 19]","[2, 6]","[8, 2]",0,0,0,1,0,0,0,0,0,11,23
2024061520541,2024,061520541,376360,396385,-2.35754,53.46367,2,2,7,16:25,-1,E08000009,4,2,2,1,2,"[8, 19]",-1,-1,0,0,0,1,0,0,0,0,0,11,23
2024061520546,2024,061520546,391012,403213,-2.13705,53.5255,3,3,7,17:50,-1,E08000004,6,2,2,1,1,9,1,5,0,0,0,1,0,0,0,0,1,11,23
2024061520555,2024,061520555,375457,403752,-2.37172,53.52985,2,2,5,23:40,-1,E08000001,1,2,2,2,2,"[19, 4]",7,3,0,0,0,1,0,0,1,0,0,11,21
2024061520628,2024,061520628,384805,398564,-2.23045,53.48357,3,3,1,03:55,-1,E08000003,3,2,2,1,1,19,8,4,0,0,0,1,0,0,0,0,1,11,24
2024061520697,2024,061520697,387837,400076,-2.18482,53.49724,2,2,1,10:36,-1,E08000003,6,0,1,1,1,19,2,6,0,0,0,1,0,0,0,0,1,11,24
2024061520729,2024,061520729,393261,404972,-2.10316,53.54135,3,3,7,23:00,-1,E08000004,6,2,2,1,1,19,"[5, 3]","[1, 7]",0,0,0,1,1,0,0,0,0,9,21
2024061520743,2024,061520743,384483,396899,-2.23522,53.4686,3,3,7,14:15,-1,E08000003,6,0,2,1,1,19,6,2,0,0,0,0,1,0,1,0,0,11,23
2024061520861,2024,061520861,386138,388057,-2.20989,53.38917,2,2,7,22:30,-1,E08000007,6,2,2,1,1,"[7, 19]",7,"[1, 3]",0,0,0,1,0,0,0,0,0,11,23
2024061520995,2024,061520995,395005,398895,-2.07675,53.48674,2,"[3, 2]",7,17:15,-1,E08000008,6,2,1,0,1,7,-1,-1,99,0,0,1,0,0,0,0,0,11,23
2024061521006,2024,061521006,384253,399833,-2.23883,53.49496,2,"[3, 2]",7,23:16,-1,E08000003,3,2,1,0,1,"[2, 4]","[0, 5]","[0, 1]","[0, 4]",0,0,1,0,0,0,0,0,11,16
2024061521070,2024,061521070,381600,404197,-2.27908,53.5341,2,2,2,08:16,-1,E08000002,6,0,1,0,1,19,3,7,0,0,0,1,0,0,0,0,1,11,25
2024061521104,2024,061521104,389992,404177,-2.15246,53.53415,3,3,3,18:50,-1,E08000004,3,2,1,0,1,"[9, 19]","[6, 2]","[4, 6]",0,0,0,1,0,0,0,0,0,11,5
2024061521164,2024,061521164,380786,412527,-2.29187,53.60894,2,2,2,09:19,-1,E08000002,6,0,1,1,1,7,8,3,0,1,0,1,0,0,0,0,1,11,25
2024061521264,2024,061521264,385880,395757,-2.21412,53.45837,2,2,2,11:30,-1,E08000003,6,0,1,0,1,"[19, 99]",-1,-1,0,0,0,1,1,0,0,0,0,11,11
2024061521292,2024,061521292,382105,402500,-2.27136,53.51886,3,3,2,16:27,-1,E08000002,6,2,1,0,1,"[3, 19]",3,7,0,0,0,1,0,0,0,0,0,11,25
2024061521294,2024,061521294,379746,398695,-2.30669,53.48458,2,"[3, 2]",4,17:46,-1,E08000006,6,0,1,1,1,"[13, 9]",3,"[7, 1]","[11, 0]","[7, 0]",0,1,0,1,0,0,0,11,20
2024061521301,2024,061521301,382161,411379,-2.27102,53.59867,3,3,2,03:23,-1,E08000002,4,0,1,0,1,"[10, 19]",-1,-1,0,0,0,1,1,0,0,0,0,11,25
2024061521349,2024,061521349,386459,403796,-2.20575,53.53064,3,3,2,17:25,-1,E08000003,6,2,8,0,1,"[19, 2]","[3, 0]","[7, 0]","[0, 4]",0,0,1,0,0,0,0,0,11,25
2024061521352,2024,061521352,383017,394487,-2.25717,53.44687,3,3,2,12:02,-1,E08000003,6,0,1,0,1,19,"[1, 5]",5,0,0,0,1,0,0,0,1,0,11,25
2024061521355,2024,061521355,384099,401284,-2.24122,53.508,2,"[2, 3]",2,08:53,-1,E08000003,3,0,1,1,1,"[19, -1]",-1,-1,"[0, -1]","[0, -1]",0,1,0,0,0,0,0,11,25
2024061521367,2024,061521367,369503,410342,-2.46218,53.58877,2,2,2,19:50,-1,E08000001,4,2,2,1,1,"[19, 2]","[7, 0]","[3, 0]",0,0,0,1,0,0,0,0,0,11,25
2024061521408,2024,061521408,379306,394116,-2.31302,53.4434,3,3,7,11:15,-1,E08000009,6,0,9,-1,1,19,"[7, 1]","[3, 5]",0,0,0,1,1,0,0,0,0,11,16
2024061521490,2024,061521490,380936,388288,-2.28812,53.39108,2,2,2,17:10,-1,E08000003,6,2,1,1,1,"[4, 14]",-1,-1,"[99, 8]","[0, 1]",0,1,1,0,0,0,0,11,25
2024061521528,2024,061521528,354164,409651,-2.69379,53.58144,2,2,3,07:00,-1,E08000010,1,0,1,1,2,4,1,5,0,0,0,1,0,0,0,0,0,11,26
2024061521547,2024,061521547,379712,394403,-2.30692,53.446,3,3,4,05:50,-1,E08000009,3,2,1,0,1,"[19, -1]","[7, -1]","[3, -1]","[0, -1]","[0, -1]",0,1,0,0,0,0,0,11,6
2024061521587,2024,061521587,391402,399615,-2.13106,53.49317,3,3,5,09:15,-1,E08000008,6,0,1,0,1,3,-1,-1,0,0,0,1,0,0,0,0,0,11,21
2024061521628,2024,061521628,386343,390520,-2.20692,53.41131,3,3,3,07:57,-1,E08000007,6,0,1,0,1,"[1, 3]","[1, 5]","[5, 1]",0,0,0,1,0,0,1,0,0,11,12
2024061521644,2024,061521644,365600,401349,-2.52015,53.50769,2,2,3,09:00,-1,E08000010,6,0,1,1,1,19,5,1,0,0,0,1,0,0,0,0,1,11,26
2024061521908,2024,061521908,382503,397724,-2.26509,53.47595,3,3,1,00:40,-1,E08000006,4,2,2,1,1,10,-1,-1,0,0,0,1,0,0,0,0,0,11,24
2024061521935,2024,061521935,394212,398949,-2.0887,53.48722,3,3,3,12:20,-1,E08000008,3,0,1,1,1,19,"[3, 1]","[3, 1]",0,"[0, 2]",0,1,0,0,0,0,0,11,26
2024061521946,2024,061521946,383933,397303,-2.24352,53.47221,3,3,4,20:14,-1,E08000003,6,0,1,-1,1,-1,-1,-1,-1,-1,0,1,0,0,0,0,1,11,13
2024061521991,2024,061521991,377751,408359,-2.33744,53.57136,3,3,4,06:47,-1,E08000002,6,2,1,1,1,"[19, 5]","[4, 7]","[8, 4]",0,0,0,1,0,1,0,0,0,11,27
2024061521992,2024,061521992,376535,387814,-2.35426,53.38664,2,2,4,09:25,-1,E08000009,6,0,8,1,1,4,-1,-1,0,0,0,1,0,0,0,0,0,11,27
2024061522023,2024,061522023,383059,400663,-2.25687,53.50238,2,2,5,17:05,-1,E08000006,3,2,2,1,1,"[3, 19]",1,1,0,0,0,1,0,0,0,0,0,11,21
2024061522060,2024,061522060,384687,393526,-2.23198,53.43828,2,2,1,17:40,-1,E08000003,6,0,2,1,1,9,1,8,0,0,0,1,0,0,0,0,1,10,27
2024061522072,2024,061522072,390046,383599,-2.15099,53.34919,3,3,3,12:15,-1,E08000007,3,0,1,0,1,"[3, 7]","[5, 2]","[2, 5]","[0, 7]",0,0,1,0,0,0,0,0,11,26
2024061522155,2024,061522155,394968,399564,-2.07731,53.49276,3,3,4,08:00,-1,E08000008,6,0,1,0,1,19,1,1,0,0,0,1,0,0,0,0,0,11,27
2024061522230,2024,061522230,392522,395394,-2.11408,53.45525,3,3,4,13:06,-1,E08000008,6,0,1,0,1,20,5,1,0,0,0,1,0,0,0,0,1,11,27
2024061522304,2024,061522304,393227,407206,-2.10372,53.56143,3,3,4,16:40,-1,E08000004,4,2,1,1,1,"[3, 14]",-1,-1,"[0, 8]","[0, 1]","[0, 4]",1,1,0,0,0,0,11,27
2024061522316,2024,061522316,382909,395130,-2.25883,53.45265,3,3,4,18:30,-1,E08000003,6,2,1,1,1,-1,-1,-1,-1,-1,0,1,0,0,0,0,1,11,27
2024061522319,2024,061522319,389936,388501,-2.1528,53.39325,2,2,4,15:30,-1,E08000007,3,2,1,0,1,"[6, 19]","[7, 1]","[3, 7]",0,0,0,1,0,1,0,0,0,11,27
2024061522346,2024,061522346,391793,391875,-2.12497,53.4236,3,3,4,13:15,-1,E08000007,3,0,1,0,2,"[3, 19]",-1,-1,0,0,0,1,0,0,0,0,0,11,27
2024061522349,2024,061522349,381329,387316,-2.28216,53.38236,2,2,4,19:50,-1,E08000003,6,2,8,0,1,"[19, 9]","[7, 1]","[7, 1]",0,0,0,1,0,1,0,0,0,11,27
2024061522350,2024,061522350,359520,403683,-2.61212,53.52824,3,3,4,17:15,-1,E08000010,3,2,1,0,1,19,5,1,0,0,0,1,0,0,0,0,1,11,27
2024061522365,2024,061522365,368017,400883,-2.48366,53.50366,2,2,4,15:37,-1,E08000010,6,0,1,0,2,19,5,1,0,0,0,1,0,0,0,0,1,11,27
2024061522438,2024,061522438,380698,391984,-2.29193,53.42429,2,2,4,22:34,-1,E08000009,1,2,1,0,1,"[19, 2]","[8, 0]","[4, 0]",0,"[1, 0]",0,1,0,0,0,0,1,11,27
2024061522458,2024,061522458,393569,408734,-2.09859,53.57517,3,3,5,18:40,-1,E08000004,6,2,1,0,1,19,"[1, 5]","[5, 1]",0,0,0,1,0,0,0,0,0,10,31
2024061522461,2024,061522461,377410,389798,-2.34125,53.40451,2,2,4,07:40,-1,E08000009,4,0,1,0,1,19,7,3,0,0,0,1,0,0,0,0,1,11,27
2024061522484,2024,061522484,377678,389688,-2.33721,53.40354,3,3,5,07:07,-1,E08000009,6,2,8,2,1,"[10, 19]",-1,-1,"[99, 0]",0,0,1,1,0,0,0,0,11,28
2024061522494,2024,061522494,377234,393023,-2.34413,53.43349,3,3,4,17:10,-1,E08000009,6,0,1,0,1,19,8,4,0,0,0,0,1,1,0,0,0,10,23
2024061522594,2024,061522594,372509,411400,-2.41687,53.59844,3,3,4,08:15,-1,E08000001,6,0,1,0,1,"[7, 19]",3,"[5, 1]",0,0,0,1,0,0,0,1,0,10,23
2024061522625,2024,061522625,358097,405940,-2.63389,53.54841,3,3,4,17:16,-1,E08000010,6,2,1,-1,1,-1,-1,-1,-1,-1,0,1,0,0,0,0,1,11,20
2024061522676,2024,061522676,385569,398910,-2.21895,53.4867,3,3,3,16:35,-1,E08000003,6,2,1,0,1,-1,-1,-1,-1,-1,0,1,0,0,0,0,1,11,26
2024061522767,2024,061522767,387292,388118,-2.19254,53.38974,3,3,5,10:50,-1,E08000007,6,0,1,0,1,"[9, 19]","[3, 7]","[7, 3]",0,0,0,1,0,0,0,0,0,11,28
2024061522948,2024,061522948,391400,391144,-2.13086,53.41703,3,3,5,18:55,-1,E08000007,4,2,1,0,1,"[3, 19]",-1,-1,"[0, 99]",0,0,1,0,0,0,0,0,11,28
2024061522997,2024,061522997,385522,397655,-2.2196,53.47542,3,3,7,22:10,-1,E08000003,4,2,1,1,1,"[2, 19]","[0, 1]","[0, 5]",0,0,0,1,1,0,0,0,0,10,19
2024061523049,2024,061523049,387360,395271,-2.19181,53.45404,3,3,6,18:10,-1,E08000003,6,2,1,0,1,7,3,5,0,0,0,1,0,0,0,0,1,10,18
2024061523083,2024,061523083,384202,397833,-2.2395,53.47698,2,2,5,20:20,-1,E08000003,3,2,1,0,1,9,-1,-1,0,0,0,1,0,0,0,0,1,11,28
2024061523113,2024,061523113,389622,409926,-2.15824,53.58582,3,3,3,09:00,-1,E08000005,2,0,1,0,2,"[5, 19]",5,1,0,0,0,1,0,0,0,0,0,11,5
2024061523137,2024,061523137,359987,405376,-2.60529,53.54349,3,3,6,08:05,-1,E08000010,3,0,1,0,1,-1,-1,-1,-1,-1,0,1,0,0,0,0,1,11,29
2024061523155,2024,061523155,377846,390683,-2.33475,53.41249,3,3,6,08:45,-1,E08000009,6,0,1,-1,1,-1,-1,-1,-1,-1,0,1,0,0,0,0,0,11,22
2024061523323,2024,061523323,380508,408743,-2.29584,53.57492,3,3,3,16:00,-1,E08000002,6,2,1,0,1,"[19, 9]","[1, 3]","[5, 1]",0,0,0,1,0,1,0,0,0,11,26
2024061523356,2024,061523356,391006,395648,-2.13692,53.45751,3,3,5,23:43,-1,E08000008,3,2,8,0,1,"[12, 19]",-1,-1,"[99, 0]",0,0,1,0,0,0,0,0,11,28
2024061523518,2024,061523518,392961,398172,-2.10753,53.48022,3,3,6,21:13,-1,E08000008,3,2,1,1,1,9,-1,-1,0,7,0,1,0,0,0,0,1,11,29
2024061523561,2024,061523561,364447,409440,-2.53846,53.58034,3,3,6,18:01,-1,E08000001,6,2,2,1,1,"[3, 99]",-1,-1,0,0,0,1,0,0,0,0,0,11,29
2024061523587,2024,061523587,389904,413794,-2.15411,53.62059,3,3,7,09:59,-1,E08000005,3,0,1,1,1,19,"[1, 6]","[5, 3]",0,0,0,1,0,0,0,0,0,11,30
2024061523602,2024,061523602,377612,398841,-2.33886,53.4858,3,3,1,07:22,-1,E08000006,1,2,2,1,1,19,3,7,0,0,0,1,0,0,0,0,0,11,24
2024061523648,2024,061523648,379717,404379,-2.3075,53.53567,3,3,6,18:00,-1,E08000002,1,2,2,1,2,"[19, 11]",6,2,0,0,0,1,0,0,0,0,0,11,29
2024061523663,2024,061523663,381226,408448,-2.28497,53.5723,3,3,3,16:04,-1,E08000002,6,0,8,0,1,19,-1,-1,0,0,0,1,0,0,0,0,0,11,26
2024061523774,2024,061523774,380647,398364,-2.29309,53.48164,3,3,7,16:50,-1,E08000006,1,2,1,0,1,"[19, 2]",7,3,"[4, 0]",0,0,1,0,0,0,0,0,11,30
2024061523946,2024,061523946,353598,404994,-2.70164,53.53953,2,2,4,13:50,-1,E08000010,3,0,1,0,1,19,3,7,0,0,0,1,0,0,0,0,1,11,27
2024061523948,2024,061523948,391285,392686,-2.13263,53.43089,3,3,6,18:30,-1,E08000007,6,2,1,2,1,19,3,7,0,0,0,1,0,0,0,0,1,11,29
2024061524071,2024,061524071,376226,398278,-2.3597,53.48068,3,3,1,18:14,-1,E08000006,3,2,8,1,1,"[10, 19]",-1,-1,0,0,0,1,0,0,0,0,0,12,1
2024061524112,2024,061524112,372519,404352,-2.41609,53.53509,3,3,7,13:50,-1,E08000006,6,0,1,1,1,"[9, 19]","[2, 8]","[8, 4]",0,0,0,1,0,0,0,0,0,11,30
2024061524125,2024,061524125,396224,396422,-2.05834,53.46453,2,2,1,17:30,-1,E08000008,6,2,2,1,1,19,3,7,0,0,0,1,0,0,0,0,0,12,1
2024061524160,2024,061524160,386136,395287,-2.21024,53.45415,3,3,6,07:50,-1,E08000003,3,0,1,0,1,19,"[1, 3]",6,0,0,0,1,1,0,0,0,0,10,18
2024061524170,2024,061524170,399277,406589,-2.01238,53.55593,2,2,7,20:20,-1,E08000004,6,2,2,1,1,"[5, 2]","[8, 0]","[4, 0]",0,0,0,1,0,0,0,0,0,11,30
2024061524202,2024,061524202,386743,404871,-2.20151,53.54031,3,3,2,09:20,-1,E08000005,3,0,2,1,1,"[3, 5]",2,5,0,0,0,1,0,1,0,0,0,12,2
2024061524210,2024,061524210,393133,395976,-2.10489,53.46049,3,3,4,16:30,-1,E08000008,6,0,1,0,1,"[19, 3]",8,4,0,0,0,1,0,0,0,0,0,10,16
2024061524331,2024,061524331,384981,393069,-2.22753,53.43419,3,3,4,19:30,-1,E08000003,6,2,8,-1,1,-1,-1,-1,-1,-1,0,1,0,0,0,0,1,11,27
2024061524350,2024,061524350,387825,400063,-2.185,53.49712,2,2,2,15:00,-1,E08000003,6,0,1,0,1,19,"[5, 2]","[2, 6]",0,0,0,1,0,0,0,0,0,10,14
2024061524360,2024,061524360,375230,395117,-2.37446,53.45222,2,2,2,07:25,-1,E08000009,6,0,2,1,1,-1,-1,-1,-1,-1,0,1,0,0,0,0,1,12,2
2024061524484,2024,061524484,384119,386067,-2.24015,53.37122,3,3,2,14:55,-1,E08000003,4,2,2,1,1,"[19, 9]","[3, 7]","[7, 5]",0,0,0,1,0,0,0,0,0,12,2
2024061524497,2024,061524497,356782,404357,-2.65351,53.53408,3,3,2,16:02,-1,E08000010,6,0,1,1,1,19,7,3,0,0,0,1,0,0,0,0,1,12,2
2024061524581,2024,061524581,384337,399609,-2.23755,53.49295,3,3,2,19:20,-1,E08000003,6,2,1,1,1,19,"[5, 6]","[8, 2]",0,0,0,1,0,0,0,0,0,12,2
2024061524643,2024,061524643,360421,397495,-2.59775,53.47269,3,3,5,08:59,-1,E08000010,6,0,1,0,1,19,"[1, 4]",4,0,0,0,1,0,0,0,0,0,10,10
2024061524646,2024,061524646,376432,402400,-2.35691,53.51774,2,2,7,12:40,-1,E08000006,3,0,1,0,1,"[19, 9]","[7, 3]","[3, 7]",0,0,0,1,0,1,0,0,0,11,30
2024061524700,2024,061524700,391128,407370,-2.13542,53.56287,3,3,3,08:12,-1,E08000004,4,0,1,1,1,19,7,4,0,0,0,1,0,0,0,0,1,12,3
2024061524706,2024,061524706,365539,409858,-2.52201,53.58417,2,2,4,15:25,-1,E08000001,3,0,2,1,1,"[15, 8, 19]","[7, 6]","[4, 2]",0,0,0,1,0,1,0,0,0,9,25
2024061524742,2024,061524742,395162,396086,-2.07433,53.4615,3,3,2,07:45,-1,E08000008,6,0,1,-1,1,-1,-1,-1,-1,-1,0,1,0,0,0,0,1,11,11
2024061524883,2024,061524883,361888,404661,-2.57652,53.53721,3,3,3,07:30,-1,E08000010,6,2,1,0,1,"[5, 9]",1,1,0,"[1, 0]",0,1,1,0,0,0,0,12,3
2024061524912,2024,061524912,357507,406132,-2.64282,53.55009,2,2,2,14:00,-1,E08000010,6,0,8,1,1,19,6,7,0,0,0,1,0,0,0,0,1,9,9
2024061525037,2024,061525037,370321,405700,-2.44938,53.54709,3,3,1,21:00,-1,E08000001,6,2,2,1,1,19,"[8, 4]","[4, 8]",0,0,0,1,0,0,0,0,0,11,17
2024061525049,2024,061525049,386493,407057,-2.20538,53.55996,3,3,3,13:56,-1,E08000005,6,0,1,0,1,"[19, 9]","[8, 6]","[5, 3]",0,0,0,1,0,0,0,0,0,12,3
2024061525130,2024,061525130,380925,404821,-2.2893,53.53968,3,3,3,18:22,-1,E08000002,3,2,1,0,1,5,1,4,0,0,0,1,0,0,1,0,0,12,3
2024061525135,2024,061525135,371783,404020,-2.42717,53.53207,3,3,3,18:25,-1,E08000006,3,2,1,0,1,19,8,3,0,0,0,1,0,0,0,0,1,12,3
2024061525159,2024,061525159,393317,405666,-2.10233,53.54759,3,3,3,20:09,-1,E08000004,4,2,1,0,1,5,1,1,"[0, 4]",0,0,1,0,0,0,0,0,12,3
2024061525187,2024,061525187,378127,394958,-2.33083,53.45092,3,3,2,20:30,-1,E08000009,6,2,2,1,1,"[19, 99]",-1,-1,10,1,"[0, 99]",1,0,0,0,0,0,12,2
2024061525224,2024,061525224,388655,411925,-2.17292,53.60376,1,1,3,21:25,-1,E08000005,3,2,1,0,1,19,"[7, 1]","[3, 5]",0,0,0,1,0,0,0,0,0,12,3
2024061525344,2024,061525344,383751,397001,-2.24625,53.46949,3,3,1,21:00,-1,E08000003,3,2,8,1,1,-1,-1,-1,-1,-1,0,1,0,0,0,0,0,11,24
2024061525396,2024,061525396,383632,395926,-2.24798,53.45982,3,3,4,15:20,-1,E08000003,4,0,1,0,1,-1,-1,-1,-1,-1,0,1,0,0,0,0,1,11,27
2024061525423,2024,061525423,372553,408423,-2.41594,53.57169,3,3,3,16:17,-1,E08000001,3,2,1,1,1,"[19, 12]",1,5,0,"[1, 0]",0,1,0,0,0,1,0,12,3
2024061525440,2024,061525440,384589,396610,-2.2336,53.466,3,3,3,16:16,-1,E08000003,4,0,1,0,1,13,5,1,0,0,0,0,0,1,0,0,1,12,3
2024061525453,2024,061525453,385080,389291,-2.22586,53.40023,3,3,6,16:20,-1,E08000007,3,0,1,0,2,19,"[5, 6]",1,0,0,0,1,0,0,1,0,0,11,15
2024061525556,2024,061525556,390218,398127,-2.14886,53.47977,2,2,4,12:16,-1,E08000008,6,0,1,0,1,5,3,1,0,0,0,1,0,0,0,0,1,12,4
2024061525659,2024,061525659,374595,404058,-2.38475,53.53256,3,3,4,16:13,-1,E08000001,1,2,1,0,2,19,7,"[3, 4]",0,0,0,1,0,1,1,0,0,12,4
2024061525678,2024,061525678,394998,403169,-2.07692,53.52516,3,3,1,06:30,-1,E08000004,4,0,2,1,2,"[9, 19]","[2, 5]","[8, 5]",0,"[0, 3]","[0, 2]",1,0,0,0,0,0,12,1
2024061525710,2024,061525710,377523,401761,-2.34041,53.51204,2,2,4,18:10,-1,E08000006,4,2,2,1,1,9,1,6,0,0,0,1,0,0,0,0,1,12,4
2024061525763,2024,061525763,383616,397435,-2.2483,53.47339,3,3,4,17:40,-1,E08000003,3,2,2,1,1,"[9, 99]",-1,-1,"[0, 99]","[0, 8]","[0, 99]",1,1,0,0,0,0,12,4
2024061525770,2024,061525770,388335,402899,-2.17741,53.52263,3,3,4,17:57,-1,E08000003,4,2,2,1,1,"[19, 9]","[1, 7]","[5, 3]",0,"[0, 4]",0,1,0,0,0,0,0,12,4
2024061525852,2024,061525852,361604,404687,-2.58081,53.53742,3,3,5,10:10,-1,E08000010,6,0,1,0,1,6,6,8,0,0,0,1,0,0,0,0,1,11,7
2024061525981,2024,061525981,374764,400487,-2.38191,53.50047,2,2,6,13:00,-1,E08000006,3,0,1,0,1,"[4, 5]",-1,-1,"[1, 0]","[3, 1]","[0, 11]",1,1,0,0,0,0,11,29
2024061526025,2024,061526025,389269,405834,-2.16343,53.54903,3,3,7,21:15,-1,E08000004,6,2,2,1,1,19,"[6, 2]","[2, 6]",0,0,0,1,0,0,0,0,0,11,16
2024061526039,2024,061526039,383514,392777,-2.2496,53.43152,3,3,5,07:17,-1,E08000003,6,2,8,1,1,"[19, -1]",-1,-1,"[0, -1]","[0, -1]",0,1,1,0,0,0,0,12,5
2024061526069,2024,061526069,365718,400704,-2.5183,53.5019,3,3,4,19:52,-1,E08000010,4,2,1,1,1,-1,-1,-1,-1,-1,0,1,0,0,0,0,1,12,4
2024061526176,2024,061526176,385432,391017,-2.22065,53.41575,3,3,3,18:20,-1,E08000003,6,2,1,0,1,"[7, 19]","[4, 2]",6,0,0,0,1,1,0,0,0,0,11,12
2024061526268,2024,061526268,374695,405151,-2.38333,53.54239,2,2,5,15:35,-1,E08000001,3,2,2,1,1,10,-1,-1,0,0,0,1,1,0,0,0,0,12,5
2024061526307,2024,061526307,385299,404149,-2.22327,53.53379,3,3,4,14:50,-1,E08000003,3,0,1,0,1,"[2, 19]","[0, 1]","[0, 5]","[0, 4]","[0, 3]","[0, 99]",1,0,0,0,0,0,12,4
2024061526329,2024,061526329,379843,396782,-2.3051,53.46739,3,3,2,12:10,-1,E08000009,3,0,1,1,1,"[3, 12]",-1,-1,0,0,0,1,0,0,1,0,0,12,2
2024061526333,2024,061526333,397274,398412,-2.04255,53.48242,3,3,5,15:22,-1,E08000008,6,2,2,1,1,19,8,3,0,0,0,1,0,0,0,0,1,12,5
2024061526365,2024,061526365,380473,391479,-2.29528,53.41975,2,"[3, 2]",2,11:11,-1,E08000009,6,0,2,1,1,"[9, 19]","[5, 7]","[1, 3]",0,"[0, 2]",0,1,0,0,0,0,0,12,2
2024061526389,2024,061526389,390844,389263,-2.13917,53.40011,3,3,5,16:00,-1,E08000007,6,2,2,1,1,99,-1,-1,0,0,0,1,0,0,0,0,0,12,5
2024061526413,2024,061526413,392802,405060,-2.11009,53.54213,2,"[3, 2]",5,18:10,-1,E08000004,4,2,1,0,1,"[19, -1]",-1,-1,"[0, -1]","[0, -1]",0,1,0,0,0,0,0,12,5
2024061526420,2024,061526420,393295,392103,-2.10237,53.42568,2,2,5,20:45,-1,E08000007,6,2,1,1,1,19,4,1,0,0,0,1,0,0,0,0,1,12,5
2024061526493,2024,061526493,384597,397193,-2.23351,53.47124,3,3,5,19:05,-1,E08000003,6,2,2,1,1,"[7, 19]","[2, 5]","[4, 1]",0,0,0,1,1,0,0,0,0,12,5
2024061526502,2024,061526502,391333,412205,-2.13246,53.60633,3,3,6,17:48,-1,E08000005,3,2,2,1,2,19,7,3,0,0,0,1,0,0,0,0,0,11,29
2024061526505,2024,061526505,386404,394250,-2.20616,53.44484,3,3,3,21:00,-1,E08000003,3,2,1,0,1,19,1,5,0,0,0,1,0,0,0,0,1,11,5
2024061526702,2024,061526702,385731,397275,-2.21643,53.47201,3,3,5,14:45,-1,E08000003,6,0,1,0,1,2,2,7,0,0,0,1,0,0,0,0,1,11,14
2024061526745,2024,061526745,384198,401618,-2.23975,53.511,3,3,6,14:35,-1,E08000003,6,0,1,0,1,19,4,"[5, 4]",0,"[3, 0]",0,1,0,0,0,0,0,12,6
2024061526797,2024,061526797,380007,394327,-2.30248,53.44533,3,3,6,18:10,-1,E08000009,3,2,2,1,1,"[9, 19]",-1,-1,0,0,0,0,1,0,1,0,0,12,6
2024061526808,2024,061526808,383139,387673,-2.25496,53.38563,3,3,6,16:50,-1,E08000003,6,2,2,1,1,"[19, 5]","[7, 5]",7,0,"[0, 7]","[0, 11]",1,0,0,0,0,0,12,6
2024061526823,2024,061526823,378292,398299,-2.32857,53.48096,3,3,4,17:33,-1,E08000006,3,2,2,1,1,"[7, 3]",3,7,0,"[6, 0]",0,1,1,0,0,0,0,12,4
2024061526871,2024,061526871,387005,398709,-2.1973,53.48493,3,3,4,21:34,-1,E08000003,3,2,1,1,1,5,8,4,0,0,0,1,0,0,0,0,1,12,4
2024061526934,2024,061526934,388071,395620,-2.18112,53.45719,2,2,6,21:40,-1,E08000003,4,2,5,1,1,19,1,5,0,0,0,1,0,0,0,0,1,12,6
2024061526936,2024,061526936,373150,411817,-2.40722,53.60222,2,2,6,17:23,-1,E08000001,3,2,2,1,1,19,1,5,0,0,0,1,0,0,0,0,1,12,6
2024061526951,2024,061526951,379651,400572,-2.30824,53.50145,3,3,7,04:16,-1,E08000006,3,2,2,1,1,19,3,3,7,0,0,1,0,0,0,0,0,12,7
2024061526953,2024,061526953,364680,411496,-2.53517,53.59883,3,3,6,21:15,-1,E08000001,4,2,2,1,1,"[19, 7]",3,"[7, 5]",0,0,0,1,0,0,0,0,0,12,6
2024061526966,2024,061526966,390948,402118,-2.13798,53.51566,3,3,3,18:35,-1,E08000004,1,2,1,0,1,"[19, 4]",5,1,0,0,0,1,0,0,0,0,0,12,3
2024061527000,2024,061527000,381217,404188,-2.28485,53.53401,2,2,6,17:05,-1,E08000002,6,2,5,1,1,9,2,8,0,0,0,1,0,0,0,0,1,12,6
2024061527024,2024,061527024,375817,395124,-2.36562,53.45231,3,3,6,17:55,-1,E08000009,4,2,2,1,1,19,-1,-1,0,0,0,1,1,0,0,0,0,12,6
2024061527062,2024,061527062,381053,397083,-2.2869,53.47014,2,2,5,22:45,-1,E08000006,6,2,2,1,1,"[2, -1]",-1,-1,"[0, -1]","[3, -1]",0,1,0,0,0,1,0,12,5