collision_index,collision_year,collision_ref_no,location_easting_osgr,location_northing_osgr,longitude,latitude,casualty_severity,casualty_severity,day_of_week,time,local_authority_district,local_authority_ons_district,first_road_class,light_conditions,weather_conditions,road_surface_conditions,urban_or_rural_area,vehicle_manoeuvre,vehicle_direction_from,vehicle_direction_to,hit_object_in_carriageway,vehicle_leaving_carriageway,hit_object_off_carriageway,is_car,is_cyle,is_mcyle,is_goodsv,is_other,is_pedestrian,month,day
2024061527111,2024,061527111,383608,397461,-2.24843,53.47362,3,3,7,14:50,-1,E08000003,6,0,1,1,1,19,5,1,0,0,0,1,0,0,0,0,1,12,7
2024061527166,2024,061527166,370820,409692,-2.44223,53.583,3,3,7,17:28,-1,E08000001,4,2,2,1,1,5,1,1,0,0,0,1,0,0,0,0,1,12,7
2024061527191,2024,061527191,386554,395890,-2.20397,53.45958,2,2,7,12:22,-1,E08000003,3,0,1,0,1,1,-1,-1,4,0,0,1,0,0,0,0,0,12,7
2024061527219,2024,061527219,389770,397649,-2.1556,53.47547,3,3,7,20:07,-1,E08000008,6,2,1,1,1,19,6,2,0,0,0,1,0,0,0,0,0,12,7
2024061527384,2024,061527384,378785,399937,-2.32126,53.4957,3,3,1,12:25,-1,E08000006,3,0,1,0,1,19,-1,-1,4,0,0,0,0,0,0,0,1,12,8
2024061527456,2024,061527456,373333,402421,-2.40365,53.51778,2,2,6,08:45,-1,E08000006,4,0,1,0,1,5,-1,-1,0,0,0,1,1,0,0,0,0,12,6
2024061527503,2024,061527503,387954,398496,-2.18299,53.48304,2,"[3, 2]",1,18:30,-1,E08000003,6,2,2,1,1,2,0,0,0,"[1, 0]",0,1,0,0,0,0,0,12,8
2024061527510,2024,061527510,386750,399225,-2.20116,53.48957,3,3,1,04:21,-1,E08000003,3,2,2,1,1,9,5,1,10,0,0,1,0,0,0,0,0,12,1
2024061527549,2024,061527549,382948,397276,-2.25836,53.47194,3,3,5,19:40,-1,E08000003,3,2,1,0,1,19,"[6, 4]","[2, 8]",0,0,0,1,0,0,0,0,0,11,21
2024061527729,2024,061527729,382151,402223,-2.27065,53.51638,3,3,5,23:55,-1,E08000006,3,2,1,1,1,19,"[4, 8]","[8, 4]",0,0,0,1,0,0,0,0,0,12,5
2024061527748,2024,061527748,377707,388760,-2.33671,53.3952,2,2,2,03:56,-1,E08000009,6,2,1,0,1,19,5,8,"[10, 0]","[7, 0]",0,1,0,0,0,0,0,12,9
2024061527966,2024,061527966,385751,410690,-2.21675,53.59259,3,3,2,18:25,-1,E08000005,3,2,1,1,1,"[5, 19]","[5, 7]","[1, 3]",0,0,0,1,0,0,0,0,0,12,9
2024061527967,2024,061527967,382989,400606,-2.25792,53.50187,2,2,2,15:37,-1,E08000006,3,2,1,0,1,"[5, 19]","[5, 2]","[8, 7]",0,0,0,1,1,0,0,0,0,12,9
2024061527999,2024,061527999,376520,391749,-2.35478,53.42201,3,3,6,16:10,-1,E08000009,6,0,8,0,1,-1,-1,-1,-1,-1,0,1,0,0,0,0,1,12,6
2024061528000,2024,061528000,379716,416844,-2.30833,53.6477,3,3,2,17:00,-1,E08000002,6,2,1,0,1,4,-1,-1,0,0,0,1,0,0,0,0,1,12,9
2024061528107,2024,061528107,384922,396058,-2.22856,53.46105,3,3,2,14:18,-1,E08000003,4,0,1,0,1,"[7, 19]",-1,-1,0,0,0,1,0,0,0,0,0,12,9
2024061528229,2024,061528229,390280,413942,-2.14843,53.62192,2,"[2, 3]",2,19:11,-1,E08000005,3,2,1,0,1,"[13, 2]","[6, 2, 0]","[2, 6, 0]",0,0,0,1,0,0,0,0,0,12,9
2024061528237,2024,061528237,383553,409153,-2.24987,53.57871,3,3,3,07:50,-1,E08000005,6,0,1,0,1,"[9, 19]",-1,-1,0,0,0,1,0,0,0,0,0,12,10
2024061528264,2024,061528264,385317,395052,-2.22257,53.45202,2,2,3,09:40,-1,E08000003,6,0,1,0,1,"[4, 19]",4,8,0,0,0,1,1,0,0,0,0,12,10
2024061528265,2024,061528265,381503,401915,-2.2804,53.51359,2,2,3,18:30,-1,E08000006,6,2,9,1,1,9,3,1,0,0,0,1,0,0,0,0,1,12,3
2024061528288,2024,061528288,392119,395504,-2.12015,53.45623,3,3,2,09:06,-1,E08000008,3,0,1,0,1,"[19, 9]","[7, 5]",3,0,0,0,1,1,0,0,0,0,12,9
2024061528297,2024,061528297,363102,397483,-2.55736,53.47278,3,3,3,12:30,-1,E08000010,3,0,1,0,1,"[7, 19]",-1,-1,0,0,0,1,0,0,0,0,0,12,10
2024061528356,2024,061528356,394266,395667,-2.08782,53.45772,3,3,2,15:30,-1,E08000008,6,0,1,1,1,19,-1,-1,0,0,0,1,1,0,0,0,0,12,9
2024061528431,2024,061528431,386672,390325,-2.20196,53.40957,3,3,3,09:30,-1,E08000007,6,0,1,0,1,"[19, 8]",-1,-1,0,0,0,1,1,0,0,0,0,12,10
2024061528439,2024,061528439,377955,402858,-2.33397,53.52192,3,3,3,18:20,-1,E08000006,6,2,1,0,1,"[2, 19]","[0, 2]","[0, 7]",0,"[0, 1]",0,1,0,1,0,0,0,12,10
2024061528440,2024,061528440,384118,396458,-2.24069,53.46462,3,3,6,19:26,-1,E08000003,6,2,2,1,1,9,2,7,0,0,0,1,0,0,0,0,1,12,6
2024061528491,2024,061528491,386881,402151,-2.19931,53.51587,3,3,4,02:18,-1,E08000003,6,2,1,0,1,"[6, 2]","[1, 5]",5,"[4, 0]",0,0,1,0,0,0,0,0,12,11
2024061528500,2024,061528500,384346,395199,-2.23719,53.45331,3,3,3,23:40,-1,E08000003,6,2,1,0,1,"[9, 19, 2]","[1, 5, 0]","[6, 1, 0]","[0, 4]","[1, 0]",0,1,0,0,0,0,0,12,10
2024061528520,2024,061528520,380900,385068,-2.28847,53.36214,3,3,7,05:53,-1,E08000003,6,0,2,1,1,9,6,4,0,0,0,0,0,0,0,1,1,11,23
2024061528565,2024,061528565,383280,398917,-2.25345,53.4867,3,3,1,05:19,-1,E08000006,3,2,1,0,1,"[4, 3]",4,"[6, 8]",0,0,0,1,0,0,0,0,0,12,8
2024061528586,2024,061528586,360463,402550,-2.59775,53.51813,3,3,3,10:00,-1,E08000010,6,0,1,0,1,"[9, 19]","[3, 1]","[8, 5]",0,0,0,1,1,0,0,0,0,11,26
2024061528693,2024,061528693,367109,403742,-2.49765,53.5293,3,3,5,14:00,-1,E08000010,6,0,1,0,1,9,1,7,0,0,0,1,0,0,0,0,1,11,28
2024061528704,2024,061528704,371602,403124,-2.42982,53.52401,3,3,5,17:30,-1,E08000006,3,0,1,0,1,"[9, 19]",0,0,0,0,0,1,1,0,0,0,0,9,12
2024061528713,2024,061528713,379073,416953,-2.31806,53.64866,3,3,4,10:10,-1,E08000002,6,0,1,0,1,5,7,3,0,0,0,1,0,0,0,0,1,12,11
2024061528747,2024,061528747,395089,394831,-2.07541,53.45022,3,3,3,16:00,-1,E08000008,3,0,1,0,1,19,"[4, 6]","[8, 2]",0,0,0,1,0,0,0,0,0,12,10
2024061528809,2024,061528809,376682,389396,-2.35217,53.40087,3,3,5,10:50,-1,E08000009,6,0,1,-1,1,-1,-1,-1,-1,-1,0,1,0,0,0,0,1,11,21
2024061528903,2024,061528903,389386,390160,-2.16113,53.40815,3,3,4,18:30,-1,E08000007,3,2,1,0,1,19,-1,-1,0,0,0,1,0,0,0,0,0,12,11
2024061528907,2024,061528907,385245,401769,-2.22397,53.51239,3,3,4,09:35,-1,E08000003,6,0,8,0,1,"[2, 1]",-1,-1,"[4, 0]",1,"[0, 99]",1,0,0,1,0,0,12,11
2024061528931,2024,061528931,392157,405545,-2.11983,53.54648,3,3,4,19:15,-1,E08000004,6,2,1,0,1,"[99, 19]",-1,-1,0,0,0,1,0,0,0,0,0,12,11
2024061528989,2024,061528989,376799,402284,-2.35137,53.51671,2,2,4,04:20,-1,E08000006,3,0,1,1,1,19,-1,-1,0,0,0,1,0,0,1,0,0,12,11
2024061529021,2024,061529021,381313,404210,-2.28341,53.53421,3,3,5,11:00,-1,E08000002,6,0,1,0,1,9,1,6,0,0,0,1,0,0,0,0,1,11,21
2024061529035,2024,061529035,366856,398296,-2.50089,53.48033,3,3,3,07:15,-1,E08000010,3,0,1,0,2,-1,-1,-1,-1,-1,0,1,0,0,0,0,0,11,26
2024061529059,2024,061529059,376420,394687,-2.35651,53.44841,3,3,7,12:34,-1,E08000009,6,0,8,0,1,9,3,1,0,0,0,1,0,0,0,0,1,9,28
2024061529083,2024,061529083,372296,408238,-2.4198,53.57001,3,3,2,16:30,-1,E08000001,4,0,1,0,1,"[7, 19]",1,"[3, 5]",0,0,0,1,1,0,0,0,0,9,16
2024061529137,2024,061529137,386586,407999,-2.20402,53.56843,3,3,2,10:45,-1,E08000005,6,0,1,0,2,-1,-1,-1,-1,-1,0,0,0,0,0,1,1,11,18
2024061529201,2024,061529201,371441,411539,-2.43302,53.59963,2,2,7,14:50,-1,E08000001,3,0,5,1,1,"[5, 9]","[5, 2]","[1, 7]",0,0,0,1,0,1,0,0,0,12,7
2024061529236,2024,061529236,389838,407633,-2.1549,53.56521,2,2,4,07:30,-1,E08000004,2,2,1,0,2,4,8,"[5, 4]",0,0,0,1,0,0,0,0,0,12,11
2024061529300,2024,061529300,387248,405206,-2.1939,53.54334,3,3,4,16:23,-1,E08000005,6,2,1,0,1,"[8, 7]",-1,-1,0,0,0,1,0,0,0,0,0,12,11
2024061529373,2024,061529373,386494,393930,-2.20479,53.44197,2,2,5,07:50,-1,E08000003,3,2,8,0,1,99,-1,-1,0,0,0,1,0,0,0,0,1,12,12
2024061529419,2024,061529419,373550,403117,-2.40043,53.52405,2,2,5,15:17,-1,E08000006,3,2,1,0,1,19,7,3,0,4,6,1,0,0,0,0,1,12,12
2024061529458,2024,061529458,385320,397079,-2.22262,53.47024,3,3,3,21:00,-1,E08000003,3,2,1,0,1,19,-1,-1,0,0,0,1,1,0,0,0,0,12,10
2024061529568,2024,061529568,377100,392568,-2.34611,53.4294,3,3,5,13:23,-1,E08000009,3,0,1,0,1,19,1,1,0,0,0,1,0,0,0,0,0,12,12
2024061529600,2024,061529600,374582,411710,-2.38557,53.60133,3,3,5,15:32,-1,E08000001,6,0,1,0,1,19,5,1,0,0,0,1,0,0,0,0,1,11,28
2024061529615,2024,061529615,388791,398311,-2.17037,53.4814,3,3,6,20:14,-1,E08000003,3,2,7,1,1,-1,-1,-1,-1,-1,0,1,0,0,0,0,0,11,22
2024061529724,2024,061529724,383817,396848,-2.24525,53.46812,3,3,6,14:00,-1,E08000003,3,0,1,0,1,19,-1,-1,"[11, 0]",0,0,1,1,0,0,0,0,12,13
2024061529870,2024,061529870,389767,412583,-2.15614,53.6097,2,2,5,07:38,-1,E08000005,4,2,1,0,1,"[19, 9]","[4, 3]","[4, 8]",0,0,0,1,0,1,0,0,0,12,12
2024061529873,2024,061529873,385469,397564,-2.22039,53.4746,3,3,6,21:00,-1,E08000003,3,2,2,1,1,"[2, 4]",5,1,0,0,0,1,0,0,0,0,0,12,13
2024061529935,2024,061529935,382434,386932,-2.26552,53.37894,3,3,6,23:22,-1,E08000003,6,2,2,1,1,"[5, 19]","[6, 4]","[1, 8]",0,0,0,1,0,0,0,0,0,12,13
2024061529949,2024,061529949,379195,407607,-2.31559,53.56466,2,2,3,17:06,-1,E08000002,3,2,1,1,1,5,7,3,0,0,0,1,0,0,0,0,1,12,10
2024061529988,2024,061529988,394144,398556,-2.08971,53.48369,3,3,7,05:50,-1,E08000008,4,2,1,1,1,19,-1,-1,0,"[0, 3]",0,1,1,0,0,0,0,12,14
2024061530031,2024,061530031,386296,403999,-2.20822,53.53246,3,3,2,15:30,-1,E08000003,3,0,1,0,1,"[19, 9]","[8, 4]","[4, 1]",0,0,0,1,0,0,0,0,0,12,9
2024061530076,2024,061530076,392443,395825,-2.11528,53.45912,3,3,7,13:50,-1,E08000008,3,0,1,0,1,19,1,5,0,0,0,1,0,0,0,0,1,12,14
2024061530078,2024,061530078,389705,409792,-2.15698,53.58461,3,3,7,13:07,-1,E08000005,2,0,1,1,2,19,1,"[5, 3]",0,"[4, 0]","[4, 0]",1,0,0,0,1,0,12,14
2024061530121,2024,061530121,388627,396661,-2.17278,53.46656,3,3,7,15:30,-1,E08000003,6,2,1,0,1,9,4,1,0,0,0,1,0,0,0,0,1,12,14
2024061530208,2024,061530208,371604,394984,-2.42905,53.45084,2,"[3, 2]",6,20:50,-1,E08000006,1,2,2,1,2,19,2,6,0,0,0,1,0,0,0,0,0,12,13
2024061530216,2024,061530216,386524,404434,-2.2048,53.53638,3,3,7,20:25,-1,E08000005,3,2,2,1,1,11,2,4,0,0,0,1,0,0,0,0,1,12,14
2024061530239,2024,061530239,388562,396065,-2.17374,53.46121,2,2,7,21:26,-1,E08000003,3,2,2,1,1,19,3,7,0,0,0,1,0,0,0,0,1,12,14
2024061530270,2024,061530270,366158,411203,-2.51281,53.5963,1,1,7,21:41,-1,E08000001,4,2,2,1,2,19,"[3, 7]","[7, 3]",0,0,0,1,0,1,0,0,0,12,14
2024061530421,2024,061530421,378292,407434,-2.32921,53.56307,2,2,6,17:45,-1,E08000002,3,2,1,1,1,"[7, 2]","[3, 0]","[1, 0]",0,0,0,1,0,1,0,0,0,12,13
2024061530440,2024,061530440,384821,393322,-2.22995,53.43646,3,3,1,15:30,-1,E08000003,6,2,8,1,1,"[1, 2, 19]","[3, 7]","[7, 3]",0,0,0,1,0,0,0,0,0,12,15
2024061530451,2024,061530451,353934,402501,-2.69621,53.51715,2,2,1,14:10,-1,E08000010,6,0,1,1,2,19,"[4, 7]","[8, 3]",1,"[7, 0]","[11, 0]",1,1,0,0,0,0,12,15
2024061530453,2024,061530453,374132,405618,-2.39186,53.54656,2,2,7,04:59,-1,E08000001,3,2,2,1,1,-1,-1,-1,-1,-1,0,1,0,1,0,0,0,12,14
2024061530535,2024,061530535,382892,399964,-2.25935,53.4961,3,3,1,23:32,-1,E08000006,3,2,2,1,1,"[19, 9]","[1, 5]","[5, 3]",0,0,0,1,0,0,0,0,0,12,15
2024061530565,2024,061530565,390463,398174,-2.14517,53.4802,3,3,4,20:05,-1,E08000008,6,2,1,0,1,1,1,6,0,0,0,1,0,0,0,0,1,12,11
2024061530573,2024,061530573,383061,389485,-2.25623,53.40191,3,3,2,11:20,-1,E08000003,6,0,1,0,1,19,"[2, 7]",6,0,0,0,0,0,1,0,1,0,11,25
2024061530648,2024,061530648,384389,398693,-2.23672,53.48472,3,3,5,18:30,-1,E08000003,6,2,8,0,1,-1,-1,-1,-1,-1,0,0,0,0,1,0,0,12,12
2024061530752,2024,061530752,393814,395333,-2.09462,53.45472,2,2,2,17:20,-1,E08000008,3,2,1,0,1,"[6, 14]",-1,-1,0,0,0,1,0,1,0,0,0,12,9
2024061530774,2024,061530774,390831,406051,-2.13986,53.55101,3,3,3,11:35,-1,E08000004,6,0,1,0,1,1,7,5,0,0,0,1,0,0,0,0,1,12,3
2024061530805,2024,061530805,372061,404377,-2.42301,53.53529,3,3,4,18:30,-1,E08000006,6,2,1,0,1,19,1,5,0,0,0,1,0,0,0,0,1,11,20
2024061530902,2024,061530902,390433,405516,-2.14585,53.54619,2,2,5,18:15,-1,E08000004,3,2,1,0,1,5,-1,-1,0,0,0,1,0,0,0,0,0,12,12
2024061530968,2024,061530968,388576,404925,-2.17385,53.54084,3,3,2,20:30,-1,E08000004,4,2,1,0,1,"[19, 7]","[7, 1]","[3, 7]",0,0,0,1,0,0,0,0,0,12,16
2024061530994,2024,061530994,393398,394290,-2.10086,53.44533,3,3,2,19:44,-1,E08000008,6,2,1,0,1,"[5, 4, 3]","[7, 8, 1]","[3, 8, 4, 5]",0,"[0, 3]",0,1,0,1,0,0,0,12,16
2024061531059,2024,061531059,388895,413241,-2.16934,53.6156,3,3,3,07:25,-1,E08000005,3,2,1,1,1,19,-1,-1,0,0,0,1,0,0,0,0,1,12,17
2024061531111,2024,061531111,380543,398351,-2.29466,53.48152,2,2,6,16:10,-1,E08000006,3,2,8,2,1,"[19, 9]","[1, 3]","[5, 1]",0,0,0,1,0,1,0,0,0,11,22
2024061531216,2024,061531216,388167,402478,-2.17993,53.51884,2,2,4,07:46,-1,E08000003,4,0,1,0,1,"[5, 19]","[3, 2]","[1, 4]",0,0,0,1,0,0,0,0,0,6,26
2024061531294,2024,061531294,371680,407987,-2.42908,53.56772,2,2,5,22:57,-1,E08000001,6,2,2,1,1,5,1,5,0,0,0,1,0,0,0,0,1,11,21
2024061531335,2024,061531335,395034,394231,-2.07623,53.44482,3,3,3,14:51,-1,E08000008,3,0,1,1,1,"[5, 19]","[3, 1]","[7, 5]",0,0,0,1,0,0,0,0,0,12,17
2024061531429,2024,061531429,383323,390398,-2.25234,53.41013,3,3,3,08:03,-1,E08000003,1,0,1,0,2,"[4, 19]",-1,-1,"[99, 4]",0,0,1,0,0,0,0,0,12,17
2024061531437,2024,061531437,393485,416261,-2.10002,53.64282,2,2,3,17:21,-1,E08000005,3,2,2,1,1,"[19, 3]",3,6,0,"[1, 0]","[11, 0]",1,0,0,0,0,0,12,17
2024061531514,2024,061531514,371992,408768,-2.42444,53.57476,3,3,4,01:19,-1,E08000001,3,2,1,1,1,9,1,6,0,0,0,1,0,0,0,0,1,12,18
2024061531611,2024,061531611,382575,406345,-2.26449,53.55344,2,2,4,07:00,-1,E08000002,1,2,2,1,2,19,5,1,0,0,0,1,0,1,0,0,0,12,18
2024061531630,2024,061531630,358446,405398,-2.62855,53.54357,2,2,1,19:20,-1,E08000010,3,2,2,-1,1,-1,-1,-1,-1,-1,0,1,0,0,0,0,1,12,1
2024061531646,2024,061531646,387084,400439,-2.19618,53.50049,3,3,1,13:05,-1,E08000003,3,2,1,1,1,"[7, 9]","[5, 3]","[7, 1]",0,0,0,1,0,0,0,0,0,11,24
2024061531699,2024,061531699,377253,407787,-2.34492,53.5662,3,3,4,07:50,-1,E08000002,6,0,2,1,1,19,"[3, 5]","[7, 1]",0,0,0,1,0,0,0,0,0,12,18
2024061531814,2024,061531814,387446,395771,-2.19054,53.45854,3,3,4,07:33,-1,E08000003,6,2,2,1,1,-1,-1,-1,-1,-1,0,1,1,0,0,0,0,12,18
2024061531924,2024,061531924,384812,396274,-2.23023,53.46299,2,2,4,16:25,-1,E08000003,4,2,2,1,1,19,4,8,0,0,0,0,0,0,1,0,1,12,18
2024061531925,2024,061531925,393871,408866,-2.09403,53.57636,3,3,3,16:45,-1,E08000004,6,2,1,0,1,"[9, 19]",-1,-1,0,0,0,1,1,0,0,0,0,12,10
2024061531929,2024,061531929,382863,398536,-2.25971,53.48326,3,3,4,18:15,-1,E08000006,3,2,2,1,1,19,-1,-1,0,0,0,0,0,0,0,0,1,12,18
2024061531953,2024,061531953,389102,397361,-2.16565,53.47287,3,3,6,15:26,-1,E08000003,3,0,1,0,1,6,7,3,0,0,0,1,0,0,0,0,1,12,13
2024061531965,2024,061531965,396900,386925,-2.04806,53.37917,2,2,4,14:15,-1,E08000007,4,0,2,1,1,"[14, 2, 19]","[4, 0, 7]","[8, 0, 3]",0,0,0,1,0,1,1,0,0,12,18
2024061531967,2024,061531967,373877,401629,-2.39538,53.51069,3,3,4,18:02,-1,E08000006,3,2,5,1,2,19,2,6,0,0,0,1,0,0,1,0,0,12,18
2024061531968,2024,061531968,383865,399883,-2.24468,53.4954,3,3,4,18:54,-1,E08000003,6,2,5,1,1,"[19, 5]","[5, 7]","[1, 3]",0,0,0,1,0,0,0,0,0,12,18
2024061531978,2024,061531978,390367,390657,-2.14639,53.41263,2,"[2, 3]",4,17:41,-1,E08000007,3,2,2,1,1,"[19, 10]","[1, 5]","[5, 2]",0,0,0,1,0,0,0,0,0,12,18
2024061531997,2024,061531997,357514,406674,-2.64279,53.55496,3,3,4,19:45,-1,E08000010,6,2,2,1,1,4,-1,-1,0,0,0,1,0,0,0,0,1,12,18
2024061532032,2024,061532032,390363,390662,-2.14645,53.41268,2,2,4,21:02,-1,E08000007,3,2,2,1,1,"[9, 19]","[5, 8]","[3, 5]",0,"[0, 1]",0,1,0,0,0,0,0,12,18
2024061532059,2024,061532059,396071,398424,-2.06067,53.48252,2,2,4,22:20,-1,E08000008,6,2,2,1,1,"[9, 4]","[7, 6]","[3, 2]",0,0,0,1,1,0,0,0,0,12,18
2024061532086,2024,061532086,378749,388438,-2.32102,53.39234,2,"[2, 3]",3,18:50,-1,E08000009,3,2,1,1,1,19,"[3, 7]",1,0,0,0,1,0,0,0,0,0,12,17
2024061532090,2024,061532090,389502,410037,-2.16006,53.58681,3,3,1,15:50,-1,E08000005,2,0,8,1,2,-1,-1,-1,-1,-1,0,1,0,0,0,0,0,12,1
2024061532099,2024,061532099,391174,405886,-2.13468,53.54953,3,3,5,07:31,-1,E08000004,6,2,1,1,1,19,3,"[7, 8]",0,0,0,1,1,0,0,0,0,12,19
2024061532130,2024,061532130,384475,398537,-2.23542,53.48332,3,3,5,06:59,-1,E08000003,6,2,2,1,1,"[5, 19]","[6, 4]","[4, 8]",0,0,0,1,1,0,0,0,0,12,19
2024061532149,2024,061532149,392361,404114,-2.11672,53.53362,3,3,2,15:20,-1,E08000004,6,0,1,0,1,"[2, 4, -1]","[0, 1, -1]","[0, 4, -1, 5]","[0, -1]","[0, -1]",0,1,0,0,0,0,0,12,16
2024061532191,2024,061532191,384967,393135,-2.22774,53.43478,3,3,5,09:43,-1,E08000003,4,0,1,0,1,"[19, 9]",1,5,0,0,0,1,0,1,0,0,0,12,19
2024061532221,2024,061532221,357297,405260,-2.64587,53.54224,3,3,5,08:50,-1,E08000010,6,0,1,1,1,19,-1,-1,0,0,0,1,0,0,0,0,0,12,19
2024061532287,2024,061532287,380293,409724,-2.29914,53.58373,3,3,5,12:00,-1,E08000002,3,0,1,1,1,"[15, 19]","[1, 7]","[5, 3]",0,0,0,1,0,0,0,0,0,12,19
2024061532324,2024,061532324,372010,400886,-2.42346,53.50391,3,3,4,17:15,-1,E08000006,3,2,2,1,1,3,-1,-1,0,0,0,1,0,0,0,0,0,12,18
2024061532476,2024,061532476,376191,390811,-2.35966,53.41356,3,3,5,17:00,-1,E08000009,6,0,1,0,1,"[19, 4, 2, 15]","[1, 0, 8]","[5, 8, 0, 1]","[0, 10]","[0, 3]",0,1,0,0,0,0,0,12,19
2024061532534,2024,061532534,370229,405218,-2.45073,53.54275,2,2,5,17:45,-1,E08000001,3,2,8,0,1,"[19, 3]",-1,-1,0,0,0,1,0,0,0,0,0,12,19
2024061532549,2024,061532549,384129,398019,-2.24061,53.47865,3,3,4,16:16,-1,E08000003,6,2,2,1,1,"[99, 15]",-1,-1,"[99, 8]","[9, 0]","[99, 0]",1,1,0,0,0,0,12,18
2024061532554,2024,061532554,380867,410743,-2.29054,53.59291,2,2,2,17:37,-1,E08000002,6,0,1,0,1,"[19, 10]","[5, 1]","[1, 5]",0,0,0,1,0,1,0,0,0,10,21
2024061532576,2024,061532576,390437,398121,-2.14556,53.47972,3,3,6,22:36,-1,E08000008,6,2,1,1,1,9,4,2,0,0,0,1,0,0,0,0,1,12,13
2024061532581,2024,061532581,394469,408972,-2.085,53.57731,2,2,5,19:48,-1,E08000004,6,2,2,1,1,"[9, 19]",5,1,0,0,0,1,1,0,0,0,0,12,19
2024061532609,2024,061532609,386740,399255,-2.20132,53.48984,3,3,5,23:50,-1,E08000003,3,2,2,1,1,"[19, 9]","[8, 4, 5]",2,0,0,0,1,0,0,0,0,0,12,19
2024061532639,2024,061532639,386741,387887,-2.20082,53.38765,2,2,2,16:50,-1,E08000007,6,2,1,-1,1,"[9, 19]","[3, 5]",1,0,0,0,1,1,0,0,0,0,12,2
2024061532658,2024,061532658,392407,398426,-2.11589,53.4825,3,3,3,19:12,-1,E08000008,1,2,1,0,1,"[4, 12]",-1,-1,0,0,0,1,0,0,0,0,0,12,3
2024061532700,2024,061532700,388891,389499,-2.16855,53.40219,2,2,7,20:37,-1,E08000007,6,2,2,1,1,"[5, 19]","[0, 7]",3,0,"[3, 0]","[11, 0]",1,0,0,0,0,0,12,14
2024061532781,2024,061532781,379849,409266,-2.30582,53.5796,3,3,5,07:20,-1,E08000002,6,2,8,0,1,"[6, 2]",-1,-1,99,0,0,1,1,0,0,0,0,12,19
2024061532810,2024,061532810,383736,403548,-2.24682,53.52834,3,3,5,19:27,-1,E08000003,3,2,1,0,1,"[9, 19]",1,5,0,0,0,1,0,1,0,0,0,12,19
2024061532832,2024,061532832,393075,387134,-2.10557,53.38101,2,2,5,07:56,-1,E08000007,3,0,1,0,1,19,7,3,0,1,2,0,0,0,1,0,0,12,19
2024061532837,2024,061532837,383586,402172,-2.24901,53.51596,2,2,4,15:33,-1,E08000003,6,0,1,1,1,"[19, 3, -1]",-1,-1,"[0, -1]","[0, -1]",0,1,0,0,0,0,0,12,18
2024061532875,2024,061532875,398235,394719,-2.02804,53.44923,2,"[2, 3]",5,14:00,-1,E08000008,6,0,1,0,1,"[19, 2]","[1, 0]","[5, 0]","[4, 0]",0,0,0,0,0,1,1,0,12,19
2024061532879,2024,061532879,354700,408667,-2.68555,53.57264,2,2,5,08:40,-1,E08000010,6,0,1,1,1,19,1,5,0,0,0,1,0,0,0,0,1,12,19
2024061532912,2024,061532912,375700,397967,-2.3676,53.47786,3,3,6,12:20,-1,E08000006,6,0,1,1,1,"[19, 9]","[5, 7]","[1, 3]",0,0,0,1,0,0,0,0,0,12,20
2024061532945,2024,061532945,384252,397271,-2.23871,53.47193,3,3,6,15:15,-1,E08000003,3,0,2,1,1,"[99, 3]",-1,-1,"[99, 0]",0,0,1,0,0,0,0,0,12,20
2024061532970,2024,061532970,355381,404527,-2.67467,53.53549,3,3,6,13:15,-1,E08000010,3,0,1,1,1,"[9, 15]","[5, 3]","[3, 7]",0,0,0,1,0,0,0,0,0,12,6
2024061533051,2024,061533051,370481,389335,-2.44542,53.40001,2,2,6,16:30,-1,E08000009,6,2,1,1,2,"[9, 19]","[3, 5]","[8, 3]",0,0,0,1,1,0,0,0,0,12,20
2024061533189,2024,061533189,384581,397812,-2.23378,53.47681,2,2,6,19:00,-1,E08000003,6,2,1,1,1,19,4,8,0,0,0,0,0,0,1,0,1,11,29
2024061533331,2024,061533331,374613,400317,-2.38417,53.49893,3,3,5,06:30,-1,E08000006,1,2,1,0,2,"[11, 19]",-1,-1,0,0,0,1,0,0,1,0,0,12,12
2024061533395,2024,061533395,383415,398813,-2.25141,53.48577,3,3,7,19:14,-1,E08000006,3,2,2,1,1,19,8,4,0,0,0,1,0,0,0,0,1,12,21
2024061533411,2024,061533411,382463,390009,-2.26526,53.4066,3,3,6,16:21,-1,E08000003,4,2,2,1,1,"[19, 3]",3,7,0,0,0,1,0,0,0,0,0,12,6
2024061533415,2024,061533415,392865,404691,-2.10913,53.53882,2,"[3, 2]",7,16:25,-1,E08000004,3,2,2,1,1,19,"[6, 2]","[2, 6]",0,"[0, 6]",0,1,0,0,0,0,0,12,21
2024061533537,2024,061533537,373519,406777,-2.40121,53.55694,2,2,7,22:14,-1,E08000001,3,2,2,1,1,19,5,1,0,0,0,1,0,0,0,0,1,12,21
2024061533585,2024,061533585,385865,395948,-2.21435,53.46009,2,2,1,01:26,-1,E08000003,6,2,1,0,1,"[2, 19]","[0, 2]","[0, 6]","[0, 4]","[1, 0]","[11, 0]",1,0,0,0,0,0,9,29
2024061533673,2024,061533673,389321,385547,-2.16195,53.36668,3,3,5,18:15,-1,E08000007,6,2,1,0,1,9,5,2,0,0,0,1,0,0,0,0,1,12,19
2024061533738,2024,061533738,376855,396258,-2.35007,53.46255,3,3,1,17:45,-1,E08000009,1,2,1,0,1,"[19, 3]",3,7,0,0,0,1,0,0,1,0,0,12,22