collision_index,collision_year,collision_ref_no,location_easting_osgr,location_northing_osgr,longitude,latitude,casualty_severity,casualty_severity,day_of_week,time,local_authority_district,local_authority_ons_district,first_road_class,light_conditions,weather_conditions,road_surface_conditions,urban_or_rural_area,vehicle_manoeuvre,vehicle_direction_from,vehicle_direction_to,hit_object_in_carriageway,vehicle_leaving_carriageway,hit_object_off_carriageway,is_car,is_cyle,is_mcyle,is_goodsv,is_other,is_pedestrian,month,day
2024061533786,2024,061533786,393899,405636,-2.09355,53.54732,3,3,1,21:50,-1,E08000004,6,2,1,0,1,19,5,4,0,0,0,1,0,0,0,0,0,12,22
2024061533889,2024,061533889,373820,410252,-2.39696,53.58819,3,3,6,20:30,-1,E08000001,6,2,1,0,1,"[4, 19]",5,1,0,0,0,1,0,0,0,0,0,12,6
2024061533931,2024,061533931,381575,403376,-2.2794,53.52672,3,3,1,15:20,-1,E08000002,3,0,5,1,1,19,-1,-1,0,1,3,1,0,0,0,0,0,12,22
2024061534008,2024,061534008,384428,392812,-2.23584,53.43186,3,3,1,18:00,-1,E08000003,6,2,1,1,1,"[99, 19]",-1,-1,0,0,0,1,1,0,0,0,0,12,15
2024061534114,2024,061534114,383150,395292,-2.25521,53.45411,2,"[3, 2]",2,13:30,-1,E08000003,6,2,1,0,1,"[19, 2]","[2, 0]","[6, 0]","[4, 0]",0,0,1,0,0,0,0,0,12,23
2024061534155,2024,061534155,391389,404316,-2.13139,53.53542,2,2,2,17:46,-1,E08000004,4,2,2,1,1,"[19, -1]","[5, -1]","[1, -1]","[0, -1]","[0, -1]",0,1,0,0,0,0,0,12,23
2024061534222,2024,061534222,370274,410037,-2.45051,53.58607,3,3,2,18:35,-1,E08000001,4,2,2,1,1,"[19, 9]","[4, 2]",8,0,0,0,1,0,1,0,0,0,12,23
2024061534243,2024,061534243,376606,392297,-2.35353,53.42694,1,1,2,19:50,-1,E08000009,6,2,2,1,1,19,5,1,0,0,0,1,0,0,0,0,1,12,23
2024061534259,2024,061534259,384523,395136,-2.23453,53.45275,2,2,3,12:05,-1,E08000003,6,0,1,0,1,"[7, 19]",-1,-1,0,0,0,1,1,0,0,0,0,12,17
2024061534279,2024,061534279,385969,412485,-2.21354,53.60873,2,2,3,01:00,-1,E08000005,6,2,2,1,1,19,"[1, 5]","[5, 1]","[10, 0]","[8, 0]","[11, 0]",1,0,0,0,0,0,12,24
2024061534288,2024,061534288,365233,401593,-2.52571,53.50986,2,2,2,10:30,-1,E08000010,6,0,1,0,1,19,1,5,0,0,0,1,0,0,0,0,1,12,23
2024061534356,2024,061534356,373395,405090,-2.40294,53.54177,2,2,2,15:20,-1,E08000001,3,0,1,1,1,"[19, 7]",-1,-1,"[0, 11]",0,0,1,0,0,0,0,0,12,23
2024061534418,2024,061534418,381984,405509,-2.27336,53.54591,3,3,2,18:43,-1,E08000002,1,0,1,1,1,4,6,"[3, 2]",0,0,0,1,0,0,0,0,0,12,23
2024061534429,2024,061534429,384167,388249,-2.23954,53.39084,2,2,2,18:00,-1,E08000007,6,2,2,1,1,9,6,2,0,0,0,1,0,0,0,0,1,12,23
2024061534437,2024,061534437,390949,413020,-2.13828,53.61365,3,3,2,20:00,-1,E08000005,6,2,2,1,1,9,8,5,0,0,0,1,0,0,0,0,1,12,23
2024061534502,2024,061534502,384939,396014,-2.2283,53.46066,2,2,3,05:40,-1,E08000003,4,2,8,1,1,19,-1,-1,0,0,0,1,0,0,0,0,0,12,24
2024061534547,2024,061534547,371455,412997,-2.43294,53.61274,3,3,3,16:05,-1,E08000001,3,2,2,1,1,19,8,4,0,0,0,1,0,0,0,0,1,12,24
2024061534615,2024,061534615,391965,404804,-2.12271,53.53982,3,3,3,20:45,-1,E08000004,3,2,1,1,1,19,"[6, 3]","[4, 7]",0,0,0,1,1,0,0,0,0,12,24
2024061534700,2024,061534700,384425,395437,-2.23602,53.45545,2,2,6,06:30,-1,E08000003,6,2,2,1,1,"[5, 12]",-1,-1,99,"[1, 0]",0,1,0,0,0,1,0,12,20
2024061534829,2024,061534829,375354,403774,-2.37328,53.53004,3,3,5,11:17,-1,E08000001,1,0,1,0,2,19,1,7,0,0,0,1,0,0,0,0,0,12,26
2024061534866,2024,061534866,394119,399415,-2.09011,53.49141,2,2,3,13:05,-1,E08000008,6,0,1,0,1,"[2, 19]","[-1, 1]","[-1, 3]","[99, 0]","[0, 3]","[0, 11]",1,0,0,0,0,0,12,24
2024061534965,2024,061534965,369997,407297,-2.45443,53.56143,3,3,5,09:00,-1,E08000001,3,0,1,1,1,19,6,2,0,0,0,1,0,1,0,0,0,12,26
2024061534972,2024,061534972,379512,411222,-2.31104,53.59716,3,3,4,18:37,-1,E08000002,6,2,2,1,1,"[2, 9, 19]","[0, 2, 4]","[0, 8]",0,0,0,1,0,0,0,0,0,12,18
2024061535002,2024,061535002,378856,401678,-2.3203,53.51135,3,3,5,20:52,-1,E08000006,3,2,1,-1,1,-1,-1,-1,-1,-1,0,1,0,0,0,0,1,12,26
2024061535032,2024,061535032,370117,408333,-2.45271,53.57074,3,3,4,19:40,-1,E08000001,3,2,9,-1,1,-1,-1,-1,-1,-1,0,1,1,0,0,0,0,12,25
2024061535080,2024,061535080,384569,398583,-2.234,53.48374,3,3,6,14:15,-1,E08000003,6,0,8,1,1,-1,-1,-1,-1,-1,0,0,0,0,1,0,0,12,20
2024061535107,2024,061535107,383774,401899,-2.24616,53.51352,3,3,3,13:20,-1,E08000003,3,0,8,-1,1,-1,-1,-1,-1,-1,0,1,0,0,0,0,1,12,24
2024061535139,2024,061535139,383981,397217,-2.24279,53.47144,3,3,1,21:10,-1,E08000003,6,2,1,0,1,"[9, 19]",-1,-1,0,0,0,1,1,0,0,0,0,12,22
2024061535238,2024,061535238,386681,387303,-2.2017,53.3824,2,2,6,17:30,-1,E08000007,3,2,7,1,1,"[5, 19]",-1,-1,0,0,0,1,1,0,0,0,0,12,27
2024061535576,2024,061535576,362783,397452,-2.56216,53.47248,3,3,1,07:00,-1,E08000010,6,2,1,1,1,2,8,4,0,0,0,1,0,0,0,0,1,12,29
2024061535601,2024,061535601,387136,398600,-2.19532,53.48396,2,2,7,15:40,-1,E08000003,6,0,1,0,1,19,3,1,0,0,0,1,0,0,0,0,1,12,28
2024061535607,2024,061535607,381382,404820,-2.2824,53.53969,2,"[2, 3]",2,17:00,-1,E08000002,3,2,2,1,1,"[4, 19]",7,4,0,"[0, 1]",0,1,0,0,0,0,1,12,23
2024061535628,2024,061535628,394061,405307,-2.0911,53.54437,3,3,7,15:50,-1,E08000004,6,2,7,1,1,"[7, 10]","[3, 5]","[5, 3]",0,"[7, 0]","[10, 0]",1,0,0,0,0,0,12,28
2024061535641,2024,061535641,383548,402164,-2.24958,53.51589,3,3,7,18:36,-1,E08000003,3,2,1,1,1,19,8,4,0,0,0,1,0,0,0,0,0,12,28
2024061535661,2024,061535661,381403,410958,-2.28245,53.59486,3,3,1,16:15,-1,E08000002,4,2,2,1,1,"[19, 9]","[7, 1, 5]","[3, 1]","[11, 0]",1,0,1,1,0,0,0,0,12,29
2024061535745,2024,061535745,382882,399348,-2.25947,53.49056,2,"[2, 3]",1,21:36,-1,E08000006,3,2,1,1,1,19,"[5, 1]","[8, 1, 4]",0,0,0,1,0,0,1,0,0,12,29
2024061535836,2024,061535836,363938,403226,-2.54542,53.52445,3,3,5,14:15,-1,E08000010,6,2,2,1,1,9,"[5, 3]","[3, 1]",0,0,0,1,1,0,0,0,0,12,5
2024061535916,2024,061535916,384220,394086,-2.23904,53.4433,3,3,6,21:00,-1,E08000003,3,2,7,0,1,"[9, 19]","[1, 3]","[5, 7]",99,0,0,1,1,0,0,0,0,12,27
2024061536294,2024,061536294,396741,389940,-2.05049,53.40627,2,2,3,11:35,-1,E08000007,3,0,1,0,1,"[2, 19]","[0, 7]","[0, 3]",0,0,0,1,0,0,0,0,0,12,31
2024061536404,2024,061536404,385453,392816,-2.22041,53.43192,3,3,3,18:36,-1,E08000003,6,2,5,1,1,9,7,5,0,0,0,1,0,0,0,0,1,12,31
2024061536429,2024,061536429,386731,409189,-2.20188,53.57912,2,2,3,20:40,-1,E08000005,1,2,2,1,1,19,6,2,0,1,0,1,0,0,0,0,0,12,31
2024061536477,2024,061536477,371981,401121,-2.42392,53.50603,3,3,3,22:10,-1,E08000006,3,2,2,1,1,19,"[1, 3]","[4, 7]","[0, 7]","[0, 1]",0,1,0,0,0,0,0,12,31
2024061536479,2024,061536479,384328,400062,-2.23771,53.49702,2,2,3,19:00,-1,E08000003,3,2,2,1,1,19,5,1,0,0,0,1,0,0,0,0,1,12,31
2024061536502,2024,061536502,383999,397746,-2.24255,53.4762,2,2,3,22:12,-1,E08000003,3,2,2,1,1,5,3,1,0,0,0,1,0,0,0,0,1,12,31
2024061536511,2024,061536511,392608,395285,-2.11278,53.45427,3,3,3,21:50,-1,E08000008,3,2,2,1,1,"[4, 3]",1,5,0,0,0,1,0,0,0,0,0,12,31
2024061536761,2024,061536761,383372,400842,-2.25216,53.504,3,3,1,18:55,-1,E08000006,3,2,1,0,1,"[9, 7]","[6, 4]","[4, 6]",0,0,0,1,0,0,0,0,0,12,8
2024061536795,2024,061536795,372651,407709,-2.4144,53.56527,3,3,1,12:45,-1,E08000001,4,0,1,0,1,19,4,8,0,0,0,1,0,0,0,1,1,12,8
2024061536838,2024,061536838,378435,412229,-2.32738,53.60617,3,3,3,14:15,-1,E08000002,4,0,2,1,1,"[10, 19]",-1,-1,"[99, 0]",0,0,1,0,0,0,0,0,12,31
2024061536839,2024,061536839,400175,408452,-1.99883,53.57267,2,2,3,20:20,-1,E08000004,3,2,7,1,2,"[19, 6]",5,"[1, 5]",0,0,0,1,0,0,0,0,0,12,24
2024061536962,2024,061536962,375821,398626,-2.36583,53.48379,3,3,3,20:15,-1,E08000006,6,2,2,1,1,19,1,"[5, 1]",0,0,0,1,0,0,0,0,0,12,31
2024061537151,2024,061537151,386137,410288,-2.2109,53.58899,3,3,6,15:00,-1,E08000005,3,0,8,0,1,19,"[3, 1]","[7, 5]",0,0,0,1,0,0,0,0,0,12,6
2024061537449,2024,061537449,393007,409376,-2.10709,53.58093,3,3,3,09:45,-1,E08000004,4,0,1,0,1,"[13, 9]",8,"[4, 6]",0,"[0, 1]",0,1,0,0,0,0,0,12,31
2024061537656,2024,061537656,365093,400174,-2.52766,53.4971,3,3,2,17:45,-1,E08000010,3,2,1,1,1,19,"[1, 8]","[6, 4]",0,0,0,1,0,0,0,0,0,12,30
2024061537716,2024,061537716,390926,405046,-2.1384,53.54198,3,3,3,17:40,-1,E08000004,6,2,2,1,1,19,7,3,"[0, 10]",1,11,1,0,0,0,0,0,12,31
2024061538082,2024,061538082,391207,387855,-2.13367,53.38746,3,3,7,17:00,-1,E08000007,3,2,2,1,1,1,8,4,0,0,0,1,0,0,0,0,1,12,14
2024061538098,2024,061538098,386532,399247,-2.20445,53.48976,3,3,5,14:15,-1,E08000003,6,0,9,-1,1,-1,-1,-1,-1,-1,0,1,0,0,0,0,0,12,12
2024061538115,2024,061538115,388292,402790,-2.17806,53.52165,3,3,6,14:30,-1,E08000003,4,0,1,-1,1,-1,-1,-1,-1,-1,0,1,0,0,0,0,0,12,13
2024061538509,2024,061538509,380827,410501,-2.29113,53.59073,3,3,5,13:30,-1,E08000002,6,0,1,1,1,19,3,5,0,0,0,1,0,0,0,0,1,12,19
2024061539223,2024,061539223,389276,396601,-2.163,53.46604,3,3,6,14:15,-1,E08000003,6,0,1,0,1,19,7,3,0,0,0,1,0,0,0,0,1,12,13
2024061539244,2024,061539244,371316,409261,-2.4347,53.57915,2,2,3,17:20,-1,E08000001,3,2,1,0,1,5,1,5,0,0,0,1,0,0,0,0,1,12,24
2024061539270,2024,061539270,365149,409589,-2.52787,53.58173,2,2,7,22:09,-1,E08000001,6,2,1,0,1,19,"[8, 6]","[4, 2]",0,0,0,1,0,0,0,0,0,12,21
2024061539301,2024,061539301,389591,391642,-2.15809,53.42147,3,3,6,21:40,-1,E08000007,4,2,1,0,1,19,7,3,-1,-1,0,1,0,0,0,0,1,12,20
2024061539824,2024,061539824,384270,399891,-2.23858,53.49548,3,3,5,10:26,-1,E08000003,3,0,1,1,1,19,"[2, 6]","[5, 2]",0,0,0,1,0,0,0,0,0,11,14
2024061540722,2024,061540722,384068,401315,-2.24169,53.50828,3,3,2,11:50,-1,E08000003,3,0,1,0,1,"[19, 12]",1,5,0,0,0,1,0,0,0,0,0,12,16
2024061540734,2024,061540734,365537,399697,-2.52092,53.49284,3,3,4,08:45,-1,E08000010,3,0,2,1,1,"[19, 9]","[1, 3]","[5, 1]",0,0,0,1,0,0,0,0,0,12,18
2024061541353,2024,061541353,383925,398493,-2.2437,53.48291,3,3,5,18:55,-1,E08000003,6,0,9,-1,1,19,1,5,0,0,0,0,1,0,0,0,1,11,21
2024061543506,2024,061543506,386842,406555,-2.20009,53.55545,3,3,6,13:30,-1,E08000005,6,0,1,1,1,19,-1,-1,0,0,0,1,0,0,0,0,0,12,20
2024061547161,2024,061547161,392911,402316,-2.10838,53.51747,3,3,1,14:42,-1,E08000004,3,0,1,0,1,19,5,5,11,0,0,0,0,1,0,0,0,12,22
2024061548583,2024,061548583,384548,397175,-2.23425,53.47108,3,3,3,08:05,-1,E08000003,3,0,1,0,1,"[19, 9]",1,1,7,0,0,1,0,0,0,0,0,12,3
2024061553360,2024,061553360,380395,391809,-2.29648,53.42271,3,3,3,17:35,-1,E08000009,4,2,1,0,1,"[19, 5]",4,6,0,0,0,1,0,1,0,0,0,12,10
2024061553403,2024,061553403,395285,405987,-2.07263,53.55049,3,3,5,17:35,-1,E08000004,6,2,1,0,1,19,5,1,0,0,0,1,0,0,0,0,1,12,19
2024061553438,2024,061553438,371525,391303,-2.4299,53.41775,2,2,7,15:11,-1,E08000009,3,0,1,1,1,19,"[5, 1]","[1, 5]",0,0,0,1,0,0,0,0,0,12,28
2024061554715,2024,061554715,386111,385718,-2.21019,53.36814,3,3,5,19:00,-1,E08000007,3,2,1,0,2,4,1,5,0,0,0,1,0,0,1,0,0,12,12
2024061557617,2024,061557617,353858,404513,-2.69765,53.53523,3,3,5,17:10,-1,E08000010,1,2,9,0,2,19,6,1,0,"[0, 1]",0,1,0,0,1,0,0,12,12
2024061561217,2024,061561217,385079,397722,-2.22628,53.47601,3,3,7,23:14,-1,E08000003,4,2,2,1,1,4,3,7,0,0,0,1,0,0,0,0,1,12,14
2024061567658,2024,061567658,383472,399749,-2.2506,53.49418,3,3,7,13:45,-1,E08000003,3,0,1,1,1,19,"[4, 8]","[8, 4]",0,0,0,1,0,0,0,0,0,12,28
2024061570379,2024,061570379,386211,395963,-2.20914,53.46023,2,2,7,09:15,-1,E08000003,3,0,1,0,1,"[19, 9]","[4, 6]","[8, 4]",0,"[0, 7]",0,1,0,0,0,0,0,9,14
2024061573398,2024,061573398,384675,391340,-2.23205,53.41864,3,3,5,14:09,-1,E08000003,6,0,1,0,1,"[7, 19]",5,"[7, 1]",0,"[1, 0]",0,1,1,0,0,0,0,10,24
2024061574446,2024,061574446,395180,404595,-2.0742,53.53798,3,3,3,19:25,-1,E08000004,3,2,2,1,1,5,3,7,0,0,0,1,0,0,0,0,1,12,31
2024061574620,2024,061574620,381131,398995,-2.28584,53.48733,2,2,1,04:34,-1,E08000006,6,2,1,0,1,1,5,1,0,0,0,1,0,0,0,0,0,12,22
2024061581408,2024,061581408,391587,405360,-2.12843,53.54481,3,3,2,15:00,-1,E08000004,6,0,1,0,1,7,7,5,0,0,0,1,0,0,0,0,0,12,23
2024070000131,2024,070000131,355448,361651,-2.66761,53.15012,3,3,3,11:45,-1,E06000050,3,0,1,0,2,"[19, 4]",8,4,0,0,0,1,0,0,0,0,0,12,31
2024070001125,2024,070001125,359776,358209,-2.60247,53.11953,2,2,3,11:00,-1,E06000049,3,0,1,0,2,"[13, 7]",1,5,0,0,0,1,0,1,0,0,0,12,31
2024070001190,2024,070001190,351030,388293,-2.73778,53.38919,3,3,3,16:30,-1,E06000006,4,2,2,1,1,"[9, 19]","[7, 5]","[5, 1]",0,0,0,1,1,0,0,0,0,12,31
2024070012121,2024,070012121,341653,368672,-2.87514,53.21189,3,3,2,06:30,-1,E06000050,6,2,1,0,1,"[2, 19]","[0, 2]","[0, 6]",0,0,0,1,0,0,0,0,0,1,1
2024070012437,2024,070012437,355721,355414,-2.66267,53.09408,3,3,2,10:30,-1,E06000049,3,0,1,0,2,19,5,1,0,7,4,1,0,0,0,0,0,1,1
2024070013810,2024,070013810,361855,390083,-2.57524,53.40618,3,3,2,17:10,-1,E06000007,3,2,2,1,1,"[19, 2]",4,"[8, 4]","[4, 0]",0,0,1,0,1,0,0,0,1,1
2024070014104,2024,070014104,359559,389096,-2.60965,53.39713,3,3,2,18:25,-1,E06000007,6,2,2,1,1,19,3,7,0,0,0,1,0,0,0,0,1,1,1
2024070016871,2024,070016871,365219,352524,-2.52053,53.06881,2,2,3,13:15,-1,E06000049,6,0,1,0,1,"[19, 9]","[3, 5]","[7, 3]",0,0,0,1,0,0,1,0,0,1,2
2024070018016,2024,070018016,370795,358617,-2.43787,53.12392,2,2,3,16:30,-1,E06000049,5,2,5,1,2,"[9, 19]","[5, 3]","[3, 7]",0,0,0,1,1,0,0,0,0,1,2
2024070018380,2024,070018380,369545,355376,-2.45624,53.09471,3,3,3,18:27,-1,E06000049,5,2,1,1,1,5,"[7, 3]",1,0,0,0,1,1,0,0,0,0,1,2
2024070020324,2024,070020324,361057,388586,-2.58706,53.39266,3,3,4,05:46,-1,E06000007,3,2,1,0,1,"[5, 19]","[7, 6]","[3, 2]",0,0,0,1,1,0,0,0,0,1,3
2024070020891,2024,070020891,351502,371830,-2.72816,53.24127,3,3,4,11:30,-1,E06000050,4,0,2,1,2,"[7, 19]","[8, 6]","[4, 8]",0,"[1, 7]",0,1,0,0,0,0,0,1,3
2024070021418,2024,070021418,364715,353725,-2.52818,53.07958,3,3,4,13:27,-1,E06000049,3,0,1,1,2,19,"[5, 2]","[1, 5]",0,0,0,1,0,0,0,0,0,1,3
2024070022782,2024,070022782,370669,355371,-2.43946,53.09473,3,3,4,20:07,-1,E06000049,3,2,8,1,1,19,"[3, 1]","[7, 5]",0,0,0,1,1,0,0,0,0,1,3
2024070022921,2024,070022921,357786,378986,-2.63496,53.30613,3,3,4,21:28,-1,E06000050,3,2,2,1,2,"[19, 15]","[3, 7]","[7, 3]",0,"[1, 0]","[9, 0]",1,0,0,0,0,0,1,3
2024070023785,2024,070023785,367523,349038,-2.48579,53.03762,2,2,5,09:54,-1,E06000049,3,0,1,1,2,19,1,5,0,"[0, 1]",0,0,1,0,1,0,0,1,4
2024070024623,2024,070024623,342926,372817,-2.85683,53.24928,3,3,5,14:15,-1,E06000050,1,0,1,0,2,19,3,7,0,0,0,1,0,0,0,0,0,1,4
2024070025812,2024,070025812,350194,385204,-2.74986,53.36135,2,2,5,17:50,-1,E06000006,3,2,1,1,2,19,4,8,0,0,0,1,0,0,0,0,0,1,4
2024070028378,2024,070028378,370449,355648,-2.44277,53.09721,3,3,6,09:44,-1,E06000049,6,0,1,0,1,"[19, 5]","[3, 1]",7,0,0,"[0, 11]",1,0,0,0,0,0,1,5
2024070030036,2024,070030036,380573,362933,-2.29202,53.16316,3,3,6,16:15,-1,E06000049,3,2,1,0,2,19,3,7,0,7,4,1,0,0,0,0,0,1,5
2024070031842,2024,070031842,372419,353157,-2.41313,53.07492,3,3,6,23:35,-1,E06000049,3,2,1,1,2,19,5,8,"[0, 9]",0,0,1,0,0,0,0,0,1,5
2024070032984,2024,070032984,355500,361595,-2.66683,53.14962,3,3,7,09:15,-1,E06000050,3,0,1,0,2,4,8,4,0,0,0,1,0,0,1,0,0,1,6
2024070033009,2024,070033009,365455,394629,-2.52159,53.44729,3,3,7,09:29,-1,E06000007,3,0,8,2,2,19,2,6,0,0,4,1,0,0,0,0,0,1,6
2024070033124,2024,070033124,341768,367500,-2.87321,53.20137,2,"[2, 3]",7,10:52,-1,E06000050,3,0,1,0,1,19,"[7, 3]","[3, 7]","[0, 1]","[0, 1]","[0, 11, 5]",1,0,0,0,0,0,1,6
2024070033632,2024,070033632,356517,367746,-2.65246,53.20499,3,3,7,12:37,-1,E06000050,3,0,1,-1,2,4,4,7,0,0,0,1,0,0,0,0,0,1,6
2024070034701,2024,070034701,374599,370255,-2.38196,53.22872,3,3,7,19:10,-1,E06000050,3,2,7,1,2,19,"[5, 3]","[1, 7]",0,"[1, 3]","[11, 1]",1,0,0,0,0,0,1,6
2024070034980,2024,070034980,341743,366906,-2.87347,53.19603,3,3,7,15:30,-1,E06000050,6,0,1,1,1,19,"[3, 8]","[7, 5]",0,0,0,1,1,0,0,0,0,1,6
2024070036139,2024,070036139,384676,372267,-2.23111,53.2472,3,3,1,05:01,-1,E06000049,3,2,1,1,2,19,"[5, 1]","[1, 5]","[0, 10]","[0, 1]","[0, 4]",1,0,0,0,0,0,1,7
2024070037417,2024,070037417,352244,370865,-2.7169,53.23266,3,3,1,15:40,-1,E06000050,5,0,1,1,2,"[5, 4]","[3, 5]","[7, 1]",0,0,0,1,0,0,0,0,0,1,7
2024070037852,2024,070037852,367005,352585,-2.49388,53.06948,3,3,1,16:10,-1,E06000049,4,0,1,0,2,19,"[8, 7]",3,0,0,0,1,1,0,0,0,0,1,7
2024070042004,2024,070042004,361649,374012,-2.57639,53.26171,3,3,2,21:56,-1,E06000050,4,2,1,1,2,5,"[8, 1]","[4, 8]",0,0,0,1,0,1,0,0,0,1,8
2024070043623,2024,070043623,352925,367119,-2.70614,53.19905,3,3,3,10:45,-1,E06000050,5,0,1,0,2,"[9, 19]","[3, 1]","[1, 5]",0,0,0,1,0,0,0,0,0,1,9
2024070045283,2024,070045283,366272,388915,-2.50868,53.39598,3,3,3,16:47,-1,E06000007,1,2,1,0,2,"[19, 4]",5,1,0,0,0,1,0,0,0,0,0,1,9
2024070045606,2024,070045606,379429,355345,-2.30864,53.09491,3,3,3,15:30,-1,E06000049,6,0,1,0,1,19,8,4,0,0,0,1,0,0,0,0,1,1,9
2024070045666,2024,070045666,365353,369592,-2.52038,53.22224,3,3,3,18:10,-1,E06000050,6,2,1,0,1,2,4,8,0,1,11,1,0,0,0,0,0,1,9
2024070047790,2024,070047790,339052,367801,-2.91392,53.20377,3,3,4,08:35,-1,E06000050,5,0,1,2,1,"[5, 19]","[7, 5]","[3, 1]",0,0,0,1,0,0,0,0,0,1,10
2024070047862,2024,070047862,371026,357184,-2.43429,53.11105,3,3,4,08:40,-1,E06000049,5,0,1,1,1,5,7,3,0,0,0,1,0,0,0,0,1,1,10
2024070049933,2024,070049933,348360,385110,-2.7774,53.36033,2,"[3, 2]",4,16:57,-1,E06000006,3,2,1,0,2,"[19, 11]",4,8,0,0,0,1,0,1,0,0,0,1,10
2024070050720,2024,070050720,350171,368059,-2.74751,53.20725,3,3,4,19:45,-1,E06000050,3,2,1,0,2,"[4, 13]",2,6,0,0,0,1,0,0,0,0,0,1,10
2024070051485,2024,070051485,348082,361732,-2.77776,53.15018,3,3,4,23:43,-1,E06000050,6,2,1,0,2,7,5,1,0,7,0,1,0,0,0,0,0,1,10
2024070052020,2024,070052020,377559,379975,-2.33831,53.31623,3,3,5,08:50,-1,E06000049,6,0,1,1,2,19,"[1, 5]","[5, 1]",0,"[0, 1]",0,1,0,0,0,0,0,1,11
2024070054758,2024,070054758,342468,364248,-2.86214,53.17222,3,3,5,19:20,-1,E06000050,4,2,1,1,2,19,1,5,7,1,11,1,0,0,0,0,0,1,11
2024070054816,2024,070054816,358323,390722,-2.62845,53.41165,3,3,5,19:35,-1,E06000007,3,2,1,0,2,19,"[5, 3]","[1, 7]",0,"[0, 1]","[0, 1]",1,0,0,0,0,0,1,11
2024070057385,2024,070057385,350066,385199,-2.75178,53.36129,3,3,6,12:32,-1,E06000006,3,0,1,0,2,"[4, 19]",3,7,0,"[0, 1]",0,1,0,0,0,0,0,1,12
2024070057629,2024,070057629,369073,356599,-2.46341,53.10568,3,3,6,13:20,-1,E06000049,5,0,1,0,1,"[5, 9]","[3, 7]","[7, 5]",0,0,0,1,0,0,0,0,0,1,12
2024070058539,2024,070058539,361473,387627,-2.58069,53.38407,3,3,6,16:00,-1,E06000007,3,0,1,0,1,19,3,7,0,0,0,1,0,0,0,0,1,1,12
2024070058770,2024,070058770,338103,377012,-2.92992,53.28645,2,2,6,16:48,-1,E06000050,4,2,1,0,1,"[9, 19]","[6, 8]","[3, 4]",0,0,0,1,0,0,0,0,0,1,12
2024070059603,2024,070059603,366624,374104,-2.50182,53.26288,3,3,6,16:55,-1,E06000050,3,2,1,0,1,"[19, 5]","[6, 4]",2,0,0,0,1,0,1,0,0,0,1,12
2024070060319,2024,070060319,360903,393661,-2.59001,53.43827,3,3,6,23:01,-1,E06000007,5,2,1,0,2,9,7,3,0,0,0,1,0,0,0,0,0,1,12
2024070060828,2024,070060828,361910,390047,-2.57441,53.40586,3,3,6,18:50,-1,E06000007,3,2,1,0,1,19,"[4, 2]","[8, 6]",0,0,0,1,1,0,0,0,0,1,12
2024070062311,2024,070062311,351161,384971,-2.7353,53.35935,2,2,7,14:53,-1,E06000006,3,0,1,0,1,19,"[3, 7]","[6, 3]",0,0,0,1,0,1,0,0,0,1,13
2024070063283,2024,070063283,340216,365960,-2.89615,53.18736,3,3,7,12:00,-1,E06000050,6,0,8,0,1,19,5,1,0,0,0,1,0,0,0,0,1,1,13
2024070063817,2024,070063817,394383,373953,-2.08567,53.26255,3,3,7,21:20,-1,E06000049,3,2,8,1,2,19,6,1,0,7,11,1,0,0,0,0,0,1,13
2024070069346,2024,070069346,361412,389414,-2.58182,53.40013,3,3,2,09:24,-1,E06000007,6,0,1,0,1,19,2,6,0,0,0,1,0,0,0,0,1,1,15
2024070069597,2024,070069597,350683,385035,-2.74249,53.35988,3,3,2,10:32,-1,E06000006,5,0,1,0,2,"[19, 2]",2,2,0,0,0,1,0,0,0,0,0,1,15
2024070072056,2024,070072056,391772,373123,-2.12479,53.25505,3,3,1,14:00,-1,E06000049,3,0,1,1,1,19,2,6,0,0,0,1,1,0,0,0,0,1,14
2024070072239,2024,070072239,391630,375912,-2.12699,53.28012,3,3,2,21:03,-1,E06000049,3,2,1,2,1,19,1,5,0,0,0,0,0,1,0,0,0,1,15
2024070072544,2024,070072544,367304,366035,-2.4908,53.19039,3,3,2,22:15,-1,E06000050,6,2,1,0,2,"[5, 9]","[5, 1]","[1, 7]",0,0,0,1,0,0,0,0,0,1,15
2024070073650,2024,070073650,366433,392190,-2.50661,53.42543,3,3,3,07:38,-1,E06000007,6,0,3,2,2,"[7, 5]","[5, 7]","[7, 3]",0,"[1, 0]",0,1,0,0,0,0,0,1,16
2024070073777,2024,070073777,358527,364685,-2.62197,53.17764,3,3,3,08:36,-1,E06000050,6,0,3,2,2,19,2,6,0,0,3,1,0,0,0,0,0,1,16
2024070073955,2024,070073955,368608,366962,-2.47137,53.1988,3,3,3,10:01,-1,E06000050,3,0,3,2,2,"[9, 13]",8,4,0,"[0, 1]","[0, 4]",1,0,0,1,0,0,1,16
2024070075755,2024,070075755,341684,367461,-2.87446,53.20101,3,3,3,16:23,-1,E06000050,3,0,1,0,1,9,"[5, 1]","[3, 7]",0,0,0,1,1,0,0,0,0,1,16
2024070078120,2024,070078120,368859,364909,-2.46741,53.18036,2,2,4,05:28,-1,E06000050,3,2,1,1,2,"[19, 9]","[5, 7]","[2, 5]",0,0,0,1,0,1,0,0,0,1,17
2024070080725,2024,070080725,339272,376582,-2.9123,53.28272,3,3,4,17:40,-1,E06000050,6,2,1,2,1,19,"[7, 3]","[3, 7]",0,0,0,1,0,1,0,0,0,1,17