collision_index,collision_year,collision_ref_no,location_easting_osgr,location_northing_osgr,longitude,latitude,casualty_severity,casualty_severity,day_of_week,time,local_authority_district,local_authority_ons_district,first_road_class,light_conditions,weather_conditions,road_surface_conditions,urban_or_rural_area,vehicle_manoeuvre,vehicle_direction_from,vehicle_direction_to,hit_object_in_carriageway,vehicle_leaving_carriageway,hit_object_off_carriageway,is_car,is_cyle,is_mcyle,is_goodsv,is_other,is_pedestrian,month,day
2024070081284,2024,070081284,372293,353709,-2.41506,53.07988,3,3,4,08:00,-1,E06000049,3,0,9,0,2,"[10, 9]",5,1,0,0,0,1,0,0,0,0,0,1,17
2024070081529,2024,070081529,368771,372791,-2.46951,53.25121,3,3,4,18:00,-1,E06000050,4,2,9,2,2,"[19, 3]",4,8,0,0,0,1,0,0,0,0,0,1,17
2024070082093,2024,070082093,368884,366769,-2.46722,53.19708,1,1,5,04:44,-1,E06000050,3,2,1,0,2,"[13, 19]","[7, 3]","[3, 7]",0,0,0,1,0,0,1,0,0,1,18
2024070082150,2024,070082150,366942,384283,-2.49812,53.35439,3,3,5,06:35,-1,E06000049,1,2,8,2,2,19,5,7,0,"[8, 0]","[6, 0]",1,0,0,0,0,0,1,18
2024070085203,2024,070085203,362426,389017,-2.56653,53.39664,3,3,5,13:15,-1,E06000007,3,0,1,0,1,"[19, 3]",4,8,0,0,0,1,0,0,0,0,0,1,18
2024070089528,2024,070089528,355361,362714,-2.66906,53.15967,3,3,6,18:45,-1,E06000050,6,0,1,0,2,"[3, 7]",5,7,0,0,0,1,0,0,0,0,0,1,19
2024070089614,2024,070089614,385185,381426,-2.22391,53.32954,3,3,6,19:05,-1,E06000049,3,2,1,0,2,19,5,1,0,0,0,1,0,0,0,0,0,1,19
2024070092001,2024,070092001,391519,371694,-2.12854,53.2422,3,3,7,12:05,-1,E06000049,6,0,5,1,1,"[2, 15]","[0, 2]","[0, 5]","[0, 4]",0,0,1,0,0,0,0,0,1,20
2024070092161,2024,070092161,344655,366933,-2.82989,53.19658,3,3,7,12:45,-1,E06000050,3,0,1,0,2,19,3,7,0,0,0,1,0,0,0,0,0,1,20
2024070093222,2024,070093222,384384,381227,-2.23593,53.32773,3,3,7,17:22,-1,E06000049,6,2,1,0,1,"[9, 19]","[3, 6]","[7, 2]",0,"[0, 1]","[0, 11]",1,0,1,0,0,0,1,20
2024070094059,2024,070094059,353049,382433,-2.70655,53.33671,3,3,7,20:55,-1,E06000006,5,2,1,-1,1,19,6,2,12,1,0,0,0,0,0,1,0,1,20
2024070096118,2024,070096118,391821,374433,-2.12409,53.26683,3,3,1,12:40,-1,E06000049,3,0,2,1,1,19,0,0,0,0,0,0,0,1,0,0,0,1,21
2024070096215,2024,070096215,360401,386249,-2.59663,53.37161,3,3,1,10:55,-1,E06000007,3,0,1,0,1,19,1,5,0,0,0,1,0,0,0,0,1,1,21
2024070096608,2024,070096608,364705,365770,-2.52966,53.18784,3,3,6,17:00,-1,E06000050,6,0,1,1,1,"[9, 7]","[1, 5]",7,0,0,0,1,0,0,0,0,0,1,19
2024070100596,2024,070100596,353611,380791,-2.69787,53.322,3,3,2,13:50,-1,E06000006,6,0,1,0,2,19,2,5,0,0,0,1,0,0,0,0,0,1,22
2024070104507,2024,070104507,355288,379887,-2.67257,53.31402,3,3,3,11:30,-1,E06000006,3,0,5,1,2,19,1,5,0,0,0,0,0,1,0,0,0,1,23
2024070106678,2024,070106678,375794,360910,-2.36335,53.14478,3,3,3,19:14,-1,E06000049,3,2,1,0,1,19,5,6,0,0,0,1,0,0,0,0,1,1,23
2024070108490,2024,070108490,368770,357976,-2.46807,53.11804,3,3,4,08:31,-1,E06000049,6,0,1,0,2,5,"[7, 4]","[3, 2]",0,"[0, 1]",0,1,0,0,0,0,0,1,24
2024070108726,2024,070108726,361485,373852,-2.57883,53.26026,3,3,4,08:05,-1,E06000050,6,0,4,0,2,19,8,4,0,0,0,1,0,0,0,0,1,1,24
2024070108786,2024,070108786,327758,378399,-3.08538,53.2976,3,3,4,10:00,-1,E06000050,4,0,4,1,1,19,8,4,0,0,11,1,0,0,0,0,0,1,24
2024070109779,2024,070109779,386935,365452,-2.19697,53.186,2,"[2, 3]",4,14:06,-1,E06000049,3,0,1,0,2,19,"[2, 6]","[6, 2]",0,0,0,1,0,0,0,0,0,1,24
2024070109934,2024,070109934,361478,386144,-2.58043,53.37074,3,3,5,19:30,-1,E06000007,3,2,9,0,1,"[19, 9]","[7, 3]","[3, 1]",0,0,0,1,0,1,0,0,0,1,18
2024070110508,2024,070110508,335394,373375,-2.96981,53.25343,3,3,4,16:23,-1,E06000050,3,0,1,0,2,"[19, 5]","[1, 3]","[5, 1]",0,0,0,1,0,0,1,0,0,1,24
2024070110901,2024,070110901,364765,390979,-2.53157,53.41443,3,3,4,17:50,-1,E06000007,6,2,1,0,2,9,"[8, 2]",4,0,"[0, 7]",0,1,0,0,0,0,0,1,24
2024070112589,2024,070112589,362743,389149,-2.56178,53.39785,3,3,5,06:35,-1,E06000007,3,2,2,1,1,"[9, 19]","[1, 7]","[5, 3]",0,0,0,1,1,0,0,0,0,1,25
2024070114382,2024,070114382,390922,382179,-2.13779,53.33644,3,3,5,15:15,-1,E06000049,3,0,1,0,2,19,"[1, 5]","[5, 1]",0,0,0,1,0,0,0,0,0,1,25
2024070115409,2024,070115409,350374,368139,-2.74449,53.20799,2,2,5,18:43,-1,E06000050,3,2,1,0,2,13,6,2,11,0,0,0,0,1,0,0,0,1,25
2024070118764,2024,070118764,384582,378290,-2.23281,53.30133,3,3,6,14:00,-1,E06000049,6,0,1,0,1,7,5,8,0,0,0,1,0,0,0,0,1,1,26
2024070119588,2024,070119588,381601,382899,-2.27781,53.34266,3,3,6,17:05,-1,E06000049,3,2,1,0,2,19,"[3, 7]","[7, 3]",0,0,0,1,0,0,0,0,0,1,26
2024070122408,2024,070122408,337288,376425,-2.94202,53.28107,3,3,7,11:52,-1,E06000050,3,0,1,0,1,"[9, 19]","[1, 7]","[5, 3]",0,"[0, 1]","[0, 11]",1,0,0,0,0,0,1,27
2024070122653,2024,070122653,370941,354055,-2.43528,53.08292,3,3,7,12:45,-1,E06000049,4,0,1,0,1,19,1,5,0,0,0,1,0,0,0,0,1,1,27
2024070122739,2024,070122739,363653,379608,-2.54699,53.31215,2,2,7,13:00,-1,E06000050,3,0,1,0,2,9,2,8,0,0,0,0,0,1,0,0,0,1,27
2024070123393,2024,070123393,339399,363118,-2.90783,53.16172,3,3,7,18:30,-1,E06000050,3,2,1,0,2,19,6,2,10,0,1,1,0,0,0,0,0,1,27
2024070124795,2024,070124795,372249,379275,-2.41795,53.30968,2,2,7,13:00,-1,E06000049,3,0,1,0,2,19,"[5, 7]","[1, 3]",0,0,0,1,1,0,0,0,0,1,27
2024070124857,2024,070124857,346528,374611,-2.80315,53.26578,2,2,1,10:45,-1,E06000050,3,0,1,0,2,4,4,8,0,4,6,0,0,1,0,0,0,1,28
2024070125710,2024,070125710,365849,389640,-2.51512,53.40247,3,3,1,18:33,-1,E06000007,1,2,1,0,2,19,1,5,0,0,0,1,0,0,0,0,0,1,28
2024070125794,2024,070125794,370352,358247,-2.44446,53.12057,3,3,1,18:20,-1,E06000049,5,2,1,0,2,"[2, 5]","[0, 2]","[0, 6]",0,0,0,1,0,0,0,0,0,1,28
2024070126227,2024,070126227,379165,379741,-2.31419,53.31419,3,3,1,20:45,-1,E06000049,4,2,1,0,2,19,6,2,0,1,11,1,0,0,0,0,0,1,28
2024070126341,2024,070126341,365803,356008,-2.51219,53.10017,3,3,1,19:29,-1,E06000049,4,2,1,1,2,"[19, 9]","[5, 1]","[1, 3, 5]",0,"[8, 0]","[4, 0]",1,0,0,0,0,0,1,28
2024070126931,2024,070126931,366717,383908,-2.50146,53.351,3,3,5,17:55,-1,E06000049,1,2,2,1,2,"[19, 12]",7,"[1, 7]",0,0,0,1,0,0,0,0,0,1,25
2024070126948,2024,070126948,365524,352813,-2.51601,53.07143,3,3,6,11:20,-1,E06000049,6,0,1,1,1,9,8,6,0,0,0,1,0,0,0,0,1,1,26
2024070128824,2024,070128824,346782,374830,-2.79938,53.26778,3,3,2,17:36,-1,E06000050,1,2,2,1,2,19,7,3,0,0,0,1,0,1,0,0,0,1,29
2024070130518,2024,070130518,360474,387859,-2.59573,53.38608,3,3,7,15:00,-1,E06000007,3,0,1,0,1,19,7,3,0,0,0,1,0,0,0,0,1,1,27
2024070131065,2024,070131065,358337,367933,-2.62524,53.20682,2,2,3,13:32,-1,E06000050,3,0,1,0,2,"[9, 19]","[3, 2]","[2, 5]",0,0,0,1,0,1,0,0,0,1,30
2024070131331,2024,070131331,352629,377058,-2.71206,53.28836,3,3,3,14:49,-1,E06000050,6,0,1,0,2,"[5, 19]","[2, 7]",5,0,0,0,1,1,0,0,0,0,1,30
2024070131797,2024,070131797,390453,373282,-2.14456,53.25646,3,3,3,16:57,-1,E06000049,6,0,1,0,1,19,"[1, 7]","[5, 3]",0,0,0,1,1,0,0,0,0,1,30
2024070131911,2024,070131911,335892,377093,-2.96309,53.28691,3,3,3,17:38,-1,E06000050,3,2,1,0,1,"[19, 1]","[1, 5]","[5, 1]",0,0,0,1,0,0,0,0,0,1,30
2024070132133,2024,070132133,385361,363065,-2.22042,53.1645,2,2,3,19:23,-1,E06000049,6,2,1,0,1,19,3,7,0,0,0,1,0,0,0,0,1,1,30
2024070133077,2024,070133077,328134,379032,-3.07988,53.30334,2,2,5,00:01,-1,E06000050,4,2,1,0,2,19,3,7,10,7,9,1,0,0,0,0,0,2,1
2024070134548,2024,070134548,380907,356324,-2.28663,53.10377,2,2,4,15:43,-1,E06000049,3,0,2,1,1,19,5,1,0,0,0,1,0,0,0,0,1,1,31
2024070134625,2024,070134625,360582,389203,-2.59428,53.39817,2,2,4,16:06,-1,E06000007,3,0,1,0,1,"[19, 9]","[5, 1]","[1, 7]",0,0,0,1,0,1,0,0,0,1,31
2024070134787,2024,070134787,360384,390966,-2.59748,53.414,3,3,4,17:00,-1,E06000007,3,2,5,1,1,"[5, 4]","[2, 1]",5,0,0,0,1,0,1,0,0,0,1,31
2024070134854,2024,070134854,352396,385612,-2.71684,53.36522,3,3,4,17:30,-1,E06000006,3,2,2,1,1,19,"[3, 5]",7,0,0,0,1,0,0,0,0,0,1,31
2024070135002,2024,070135002,361540,374087,-2.57803,53.26238,3,3,4,18:20,-1,E06000050,6,2,1,0,2,19,8,4,0,0,0,1,0,0,0,0,1,1,31
2024070135158,2024,070135158,367039,352563,-2.49337,53.06928,3,3,4,19:50,-1,E06000049,3,2,1,1,2,19,"[4, 3]","[8, 7]",9,0,0,1,1,0,0,0,0,1,31
2024070135694,2024,070135694,369286,356230,-2.46019,53.10238,3,3,6,02:05,-1,E06000049,3,2,1,0,1,7,7,3,7,7,1,1,0,0,0,0,0,2,2
2024070136493,2024,070136493,373196,366921,-2.40269,53.19869,3,3,5,10:50,-1,E06000050,3,0,1,0,2,"[10, 19]",7,3,0,"[0, 1]",0,1,0,0,1,0,0,2,1
2024070136776,2024,070136776,362146,386142,-2.57039,53.37078,3,3,5,12:27,-1,E06000007,3,0,1,0,1,19,3,7,0,0,0,1,0,0,0,0,1,2,1
2024070137217,2024,070137217,343049,365997,-2.85376,53.188,2,2,5,14:30,-1,E06000050,3,0,1,0,1,"[9, 19]","[3, 1]",5,0,0,0,1,0,0,0,0,0,2,1
2024070137849,2024,070137849,364745,383329,-2.53102,53.34567,3,3,5,17:10,-1,E06000007,1,2,1,0,2,19,3,7,0,0,0,1,0,0,0,0,0,2,1
2024070138143,2024,070138143,342204,368775,-2.86691,53.21288,3,3,5,07:40,-1,E06000050,3,0,1,0,1,"[19, 3]",1,5,0,0,0,1,0,0,0,0,0,2,1
2024070138361,2024,070138361,362496,361457,-2.56221,53.14892,3,3,5,21:07,-1,E06000049,5,2,1,1,2,19,7,3,0,7,9,1,0,0,0,0,0,2,1
2024070138377,2024,070138377,365302,383547,-2.52267,53.34767,3,3,5,17:30,-1,E06000007,1,2,1,0,2,19,7,3,0,0,0,1,0,0,0,0,0,2,1
2024070138430,2024,070138430,390798,373316,-2.13939,53.25677,2,"[3, 2]",5,21:46,-1,E06000049,4,2,1,0,1,19,"[2, 0, 6]","[6, 0, 2]",0,0,0,1,0,0,0,0,0,2,1
2024070138981,2024,070138981,372385,344024,-2.41286,52.99283,3,3,6,05:30,-1,E06000049,3,2,1,0,2,19,"[4, 8]","[8, 4]",0,0,0,1,0,0,0,0,0,2,2
2024070139701,2024,070139701,359462,384399,-2.6105,53.35491,3,3,6,11:54,-1,E06000007,6,0,1,0,2,19,"[7, 1]","[3, 5]",0,"[3, 0]","[0, 3]",1,0,0,0,0,0,2,2
2024070139839,2024,070139839,329949,379027,-3.05265,53.30354,2,2,6,12:42,-1,E06000050,3,0,1,0,1,"[6, 19]",8,4,0,"[0, 4]",0,1,0,1,0,0,0,2,2
2024070139950,2024,070139950,363806,372303,-2.54386,53.2465,3,3,6,13:16,-1,E06000050,3,0,1,0,1,"[2, 19]","[0, 5]","[0, 1]","[0, 10]",0,"[0, 10]",1,0,0,0,0,0,2,2
2024070140117,2024,070140117,366153,353539,-2.5067,53.078,2,2,6,14:30,-1,E06000049,3,0,1,1,2,"[2, 19]","[0, 8]","[0, 4]",0,"[0, 1]",0,1,0,0,1,0,0,2,2
2024070140696,2024,070140696,368781,356667,-2.46778,53.10627,3,3,6,16:40,-1,E06000049,5,0,1,0,1,4,1,5,0,0,0,1,1,0,0,0,0,2,2
2024070142145,2024,070142145,361071,388543,-2.58684,53.39228,3,3,7,06:07,-1,E06000007,6,2,2,1,1,"[19, 7]","[6, 5]","[7, 6]",0,0,0,1,0,1,0,0,0,2,3
2024070142616,2024,070142616,341498,375277,-2.87868,53.27124,3,3,7,11:49,-1,E06000050,1,0,1,0,2,"[19, 13]",5,1,0,"[0, 5]","[0, 7]",1,0,0,0,0,0,2,3
2024070143437,2024,070143437,385033,380459,-2.22615,53.32084,3,3,7,17:50,-1,E06000049,3,2,1,0,2,3,3,7,0,0,0,1,0,0,0,0,0,2,3
2024070145254,2024,070145254,377663,352465,-2.33481,53.06895,3,3,1,12:06,-1,E06000049,3,0,9,0,2,11,"[1, 7]","[5, 2]",0,0,0,1,0,0,0,0,0,2,4
2024070146826,2024,070146826,362982,348474,-2.55345,53.03226,3,3,2,06:28,-1,E06000049,3,2,1,1,2,19,"[7, 3]","[3, 7]",0,0,0,0,0,0,1,0,0,2,5
2024070147565,2024,070147565,365956,353672,-2.50965,53.07918,3,3,2,11:49,-1,E06000049,3,0,1,0,2,"[4, 3]",2,6,0,0,0,1,0,0,0,0,0,2,5
2024070148765,2024,070148765,351167,382963,-2.7349,53.3413,3,3,2,18:03,-1,E06000006,4,2,1,0,1,"[13, 6]",7,3,0,0,0,1,0,0,0,0,0,2,5
2024070148880,2024,070148880,369923,354541,-2.45052,53.08723,3,3,2,11:30,-1,E06000049,6,0,1,0,1,19,1,5,0,0,0,1,0,0,0,0,1,2,5
2024070149838,2024,070149838,386338,382658,-2.20665,53.34064,3,3,3,07:20,-1,E06000049,4,2,2,1,1,10,8,4,0,0,0,1,0,0,0,0,1,2,6
2024070150838,2024,070150838,370654,365595,-2.44062,53.18663,3,3,3,13:32,-1,E06000049,3,0,1,0,1,"[9, 19]","[7, 1]",5,0,0,0,1,0,0,0,0,0,2,6
2024070151336,2024,070151336,362478,388922,-2.56573,53.39579,3,3,3,15:50,-1,E06000007,3,0,1,0,1,"[15, 19]","[8, 4]","[4, 8]",0,0,0,1,0,0,0,0,0,2,6
2024070154197,2024,070154197,355638,379824,-2.66731,53.31348,3,3,4,15:30,-1,E06000006,1,0,1,0,2,"[19, 15]",2,6,0,"[1, 0]","[7, 0]",1,0,0,0,0,0,2,7
2024070154266,2024,070154266,361334,374066,-2.58112,53.26217,3,3,4,15:30,-1,E06000050,6,0,1,0,2,15,1,5,0,0,0,1,0,0,0,0,1,2,7
2024070154612,2024,070154612,366502,366315,-2.50283,53.19286,3,3,4,17:30,-1,E06000050,4,2,1,0,1,19,8,4,0,0,0,1,0,0,0,0,1,2,7
2024070154676,2024,070154676,370536,355078,-2.44142,53.09209,3,3,4,17:55,-1,E06000049,3,2,1,0,1,"[13, 12]",1,5,0,0,0,0,1,0,1,0,0,2,7
2024070154889,2024,070154889,365323,391451,-2.52323,53.41871,3,3,4,17:20,-1,E06000007,6,2,9,0,1,19,4,8,0,0,0,1,0,0,0,0,1,2,7
2024070155287,2024,070155287,377185,354179,-2.34207,53.08434,3,3,4,22:35,-1,E06000049,1,2,1,0,2,19,5,1,0,0,0,1,0,0,1,0,0,2,7
2024070156017,2024,070156017,364702,365769,-2.52971,53.18783,3,3,5,09:15,-1,E06000050,6,0,2,1,1,"[19, 9]","[1, 7]","[5, 3]",0,0,0,1,0,0,0,0,0,2,8
2024070157448,2024,070157448,364532,366421,-2.53232,53.19368,3,3,5,15:00,-1,E06000050,6,0,2,1,1,7,2,4,0,0,0,1,0,0,0,0,1,2,8
2024070159002,2024,070159002,369517,354110,-2.45654,53.08333,1,1,6,10:08,-1,E06000049,3,0,1,1,1,19,6,2,7,0,1,1,0,0,0,0,1,2,9
2024070159772,2024,070159772,369200,356595,-2.46151,53.10565,3,3,6,14:09,-1,E06000049,5,0,1,0,1,5,"[7, 5]","[3, 1]",0,3,0,1,0,0,0,0,0,2,9
2024070162140,2024,070162140,370986,354792,-2.43467,53.08955,3,3,7,13:52,-1,E06000049,3,0,1,0,1,"[3, 19]",7,3,0,0,0,1,0,0,0,0,0,2,10
2024070162853,2024,070162853,365040,352017,-2.52315,53.06424,3,3,7,12:46,-1,E06000049,6,0,1,0,1,"[13, 9]",5,"[1, 3]",0,0,0,1,1,0,0,0,0,2,10
2024070163102,2024,070163102,359671,389193,-2.60798,53.39801,3,3,7,18:55,-1,E06000007,6,2,1,0,1,"[19, 9]","[8, 4]","[4, 2]",0,0,0,1,0,1,0,0,0,2,10
2024070163117,2024,070163117,370783,354636,-2.43769,53.08813,3,3,7,17:10,-1,E06000049,4,0,9,0,1,19,8,4,0,0,0,0,0,0,1,0,1,2,10
2024070163144,2024,070163144,360534,390272,-2.59514,53.40778,3,3,7,19:00,-1,E06000007,3,2,9,0,1,19,"[4, 6]","[8, 2]",0,0,0,1,1,0,1,0,0,2,10
2024070164354,2024,070164354,361422,388315,-2.58154,53.39025,2,2,1,08:30,-1,E06000007,6,0,1,1,1,19,7,3,0,0,0,1,0,0,0,0,1,2,11
2024070164442,2024,070164442,370395,356990,-2.4437,53.10927,3,3,1,10:30,-1,E06000049,6,0,2,1,1,"[5, 19]","[3, 1]","[7, 5]",0,0,0,1,1,0,0,0,0,2,11
2024070164698,2024,070164698,360228,375549,-2.59788,53.27542,3,3,1,13:05,-1,E06000050,3,0,1,0,2,"[19, 10]",4,8,0,0,0,1,0,0,0,0,0,2,11
2024070165919,2024,070165919,344922,373306,-2.827,53.25389,2,2,1,22:44,-1,E06000050,4,2,1,1,2,"[19, 9]","[5, 8]","[1, 4]",0,"[0, 1]","[0, 9]",1,0,0,0,0,0,2,11
2024070166490,2024,070166490,358162,388811,-2.63062,53.39446,3,3,2,08:53,-1,E06000007,5,0,1,0,1,"[4, 8]",8,5,0,0,0,1,0,0,0,0,0,2,12
2024070167115,2024,070167115,351214,388827,-2.7351,53.39401,3,3,2,12:17,-1,E06000006,4,0,1,0,2,"[19, 2]","[1, 0]","[5, 0]","[4, 0]",0,0,1,0,0,1,0,0,2,12
2024070167171,2024,070167171,372414,355398,-2.4134,53.09507,2,2,2,12:30,-1,E06000049,4,0,1,0,2,19,"[7, 3]","[3, 7]",0,0,0,1,0,0,1,0,0,2,12
2024070168289,2024,070168289,369560,355965,-2.45607,53.10001,3,3,2,18:37,-1,E06000049,3,2,2,1,1,19,8,4,0,0,0,0,0,1,0,0,0,2,12
2024070169306,2024,070169306,374980,360494,-2.37548,53.141,3,3,3,07:38,-1,E06000049,6,0,1,0,1,19,1,5,0,0,0,1,0,0,0,0,1,2,13
2024070170369,2024,070170369,385905,363150,-2.21228,53.16528,3,3,3,11:30,-1,E06000049,6,0,1,0,1,2,5,1,0,0,0,1,0,0,0,0,0,2,13
2024070172516,2024,070172516,339982,377424,-2.90181,53.29036,3,3,4,10:28,-1,E06000050,1,0,1,0,1,"[4, 19]",4,8,0,0,0,0,0,0,1,0,0,2,14
2024070172926,2024,070172926,338191,370019,-2.92724,53.22361,3,3,4,12:50,-1,E06000050,3,0,1,1,2,19,7,4,0,1,9,1,0,0,0,0,0,2,14
2024070173847,2024,070173847,340696,372420,-2.89017,53.24547,3,3,4,18:00,-1,E06000050,3,0,1,0,2,19,"[5, 1]","[1, 5]",0,0,0,1,0,0,0,0,0,2,14
2024070173902,2024,070173902,362673,390613,-2.563,53.411,3,3,4,18:00,-1,E06000007,5,2,2,1,1,"[5, 19]",5,"[7, 1]",0,0,0,1,1,0,0,0,0,2,14
2024070173927,2024,070173927,338580,378238,-2.923,53.29752,2,2,4,18:39,-1,E06000050,4,2,2,1,2,19,8,4,9,3,1,1,0,0,0,0,0,2,14
2024070174015,2024,070174015,362790,365878,-2.55833,53.18868,3,3,4,19:20,-1,E06000050,3,2,1,1,1,"[15, 19]",1,5,0,"[0, 1]",0,1,1,0,0,0,0,2,14
2024070174214,2024,070174214,341563,375053,-2.87766,53.26923,3,3,4,19:00,-1,E06000050,1,2,9,0,2,4,5,1,0,0,0,1,0,0,0,0,0,2,14
2024070174983,2024,070174983,384358,381991,-2.23635,53.33459,2,2,5,09:00,-1,E06000049,4,0,1,0,1,"[5, 19]","[7, 5]","[5, 1]",0,"[0, 7]",0,1,0,0,0,1,0,2,15
2024070175542,2024,070175542,349203,384839,-2.76469,53.35798,3,3,5,11:54,-1,E06000006,5,0,1,0,1,"[19, 3]","[7, 3]","[3, 7]",0,"[0, 7]",0,1,0,0,1,0,0,2,15
2024070177599,2024,070177599,385719,363539,-2.21508,53.16877,2,"[3, 2]",6,01:39,-1,E06000049,3,2,1,1,1,7,2,4,10,0,11,1,0,0,0,0,0,2,16
2024070177807,2024,070177807,341730,367282,-2.87374,53.19941,3,3,5,08:40,-1,E06000050,6,0,1,0,1,19,"[7, 1]","[3, 5]",0,0,0,1,0,0,0,0,0,2,15
2024070178978,2024,070178978,352143,386289,-2.72074,53.37128,3,3,6,11:25,-1,E06000006,6,0,1,0,1,"[9, 19]","[5, 7]",3,0,0,0,1,0,0,0,0,0,2,16
2024070179400,2024,070179400,349773,386516,-2.7564,53.3731,2,2,6,16:18,-1,E06000006,5,0,1,0,1,"[9, 19]","[1, 5]","[7, 1]",0,0,0,1,1,0,0,0,0,2,16
2024070179961,2024,070179961,384936,381109,-2.22763,53.32668,3,3,6,08:30,-1,E06000049,4,0,9,1,1,19,8,4,0,0,0,1,0,0,0,0,1,2,16
2024070181309,2024,070181309,384816,361530,-2.22849,53.15069,3,3,7,11:29,-1,E06000049,5,0,1,0,2,"[9, 19]","[8, 7]",3,0,0,0,1,0,0,0,1,0,2,17
2024070181950,2024,070181950,334907,374152,-2.97726,53.26036,3,3,7,16:21,-1,E06000050,3,0,2,1,2,19,"[2, 8]","[6, 4]",0,0,0,1,0,0,0,0,0,2,17
2024070183650,2024,070183650,384845,382055,-2.22904,53.33518,3,3,1,12:00,-1,E06000049,5,0,1,1,1,"[14, 2]",1,6,0,0,0,1,0,0,0,0,0,2,18
2024070184355,2024,070184355,362753,392652,-2.56204,53.42933,3,3,1,17:47,-1,E06000007,1,2,1,0,2,"[12, 19]",5,1,0,0,0,1,0,0,1,0,0,2,18
2024070184688,2024,070184688,361380,389229,-2.58228,53.39847,2,2,1,20:00,-1,E06000007,6,2,1,1,1,9,7,5,0,0,0,1,0,0,0,0,1,2,18
2024070184942,2024,070184942,365829,391375,-2.51561,53.41806,3,3,7,01:00,-1,E06000007,6,2,1,0,1,4,3,7,0,0,0,1,0,0,0,0,1,2,17
2024070185434,2024,070185434,350757,385103,-2.74139,53.3605,3,3,2,07:29,-1,E06000006,4,0,1,1,1,9,5,1,0,0,10,1,0,0,0,0,0,2,19
2024070185617,2024,070185617,362348,389115,-2.56771,53.39751,3,3,2,09:00,-1,E06000007,3,0,1,0,1,"[9, 19, 2]","[3, 1]","[7, 5, 1]",0,0,0,1,0,1,0,0,0,2,19
2024070186543,2024,070186543,358829,388723,-2.62058,53.39372,3,3,2,14:08,-1,E06000007,3,0,1,0,2,"[19, 9]","[1, 7]",5,"[9, 0]",0,0,1,0,1,0,0,0,2,19
2024070187523,2024,070187523,365852,389673,-2.51508,53.40277,3,3,2,07:09,-1,E06000007,1,2,2,1,2,4,1,5,0,0,0,1,0,0,0,0,0,1,22
2024070188398,2024,070188398,363864,391427,-2.54518,53.4184,2,2,3,08:00,-1,E06000007,1,0,1,0,2,"[19, 4, 12]",5,1,0,0,0,1,0,0,0,0,0,2,20
2024070190434,2024,070190434,376211,367239,-2.35758,53.20169,3,3,3,19:16,-1,E06000049,3,2,2,1,2,5,5,3,0,0,0,1,0,0,0,0,1,2,20
2024070190445,2024,070190445,370500,355409,-2.44198,53.09506,3,3,3,19:23,-1,E06000049,3,2,2,1,1,9,5,3,0,0,0,1,0,0,0,0,1,2,20
2024070190716,2024,070190716,357397,391151,-2.64244,53.41543,3,3,3,21:31,-1,E06000007,3,2,1,-1,2,19,3,7,10,7,11,1,0,0,0,0,0,2,20
2024070192132,2024,070192132,345006,375249,-2.82608,53.27136,3,3,4,12:48,-1,E06000050,4,0,1,1,2,19,1,5,0,0,0,1,0,0,0,0,0,2,21
2024070192319,2024,070192319,343460,366674,-2.84773,53.19413,3,3,4,13:45,-1,E06000050,3,0,1,0,2,"[19, 7]","[1, 3]",5,0,"[0, 1]",0,1,0,0,1,0,0,2,21
2024070192840,2024,070192840,352531,379122,-2.71383,53.3069,3,3,4,16:50,-1,E06000050,1,0,1,0,2,4,7,3,0,0,0,1,0,0,0,0,0,2,21
2024070193153,2024,070193153,362133,387024,-2.57069,53.3787,3,3,4,17:38,-1,E06000007,5,2,8,0,1,"[9, 10]","[1, 5]","[6, 3]",0,0,0,1,0,0,0,0,0,2,21
2024070195755,2024,070195755,366812,351900,-2.49669,53.06331,3,3,4,18:23,-1,E06000049,3,2,1,1,2,"[19, 9]","[7, 3]","[5, 7]",0,0,0,1,0,0,0,0,0,2,21
2024070196003,2024,070196003,359653,391806,-2.60858,53.4215,3,3,5,16:50,-1,E06000007,5,0,8,1,1,"[10, 4]",8,4,0,0,0,1,0,0,0,0,0,2,22
2024070196192,2024,070196192,360486,387954,-2.59557,53.38694,3,3,5,17:44,-1,E06000007,6,2,2,1,1,19,"[1, 7]","[5, 3]",0,0,0,1,0,0,0,0,0,2,22
2024070197842,2024,070197842,332514,376377,-3.0136,53.28006,3,3,6,11:05,-1,E06000050,3,0,1,0,2,4,8,4,0,0,0,1,0,0,0,0,0,2,23
2024070199025,2024,070199025,386413,384185,-2.20559,53.35437,3,3,4,10:45,-1,E06000049,6,0,2,1,1,10,1,4,0,0,0,1,0,0,0,0,1,2,14
2024070199414,2024,070199414,362962,353999,-2.55438,53.08192,2,"[3, 2]",6,20:22,-1,E06000049,3,2,1,1,2,"[9, 19]","[4, 2]","[2, 6]",10,"[1, 0]","[11, 4]",1,0,0,0,0,0,2,23
2024070199625,2024,070199625,361212,389093,-2.58479,53.39723,2,2,6,21:49,-1,E06000007,6,2,1,1,1,19,5,1,0,0,0,1,0,0,0,0,1,2,23
2024070200561,2024,070200561,351111,351111,-2.73085,53.055,2,2,7,09:59,-1,E06000049,5,0,1,1,2,9,5,3,0,0,0,1,0,0,0,0,1,2,24
2024070201176,2024,070201176,391324,377120,-2.13161,53.29097,2,2,6,17:30,-1,E06000049,3,2,1,1,2,"[5, 19]","[8, 6]","[4, 2]",0,0,0,1,1,0,0,0,0,2,23