collision_index,collision_year,collision_ref_no,location_easting_osgr,location_northing_osgr,longitude,latitude,casualty_severity,casualty_severity,day_of_week,time,local_authority_district,local_authority_ons_district,first_road_class,light_conditions,weather_conditions,road_surface_conditions,urban_or_rural_area,vehicle_manoeuvre,vehicle_direction_from,vehicle_direction_to,hit_object_in_carriageway,vehicle_leaving_carriageway,hit_object_off_carriageway,is_car,is_cyle,is_mcyle,is_goodsv,is_other,is_pedestrian,month,day
2024070201395,2024,070201395,359957,390357,-2.60383,53.4085,3,3,7,17:25,-1,E06000007,6,2,2,1,1,"[19, 3]",7,3,0,0,0,1,0,0,0,0,0,2,24
2024070201412,2024,070201412,337422,378322,-2.94039,53.29814,3,3,7,17:30,-1,E06000050,6,2,1,1,2,"[19, 9]","[1, 7]",5,0,0,0,1,0,0,0,0,0,2,24
2024070202856,2024,070202856,370540,385979,-2.44422,53.36985,3,3,1,11:15,-1,E06000007,3,0,1,0,2,"[19, 7, 9]","[1, 3, 7]","[5, 7, 3]",0,0,0,1,0,0,0,0,0,2,25
2024070205326,2024,070205326,365063,387072,-2.52666,53.37934,2,2,7,10:43,-1,E06000007,3,0,1,0,1,"[19, 5]","[1, 3]","[5, 7]",0,0,0,1,0,1,0,0,0,2,24
2024070205343,2024,070205343,352038,386310,-2.72232,53.37146,3,3,2,10:49,-1,E06000006,6,0,1,0,1,-1,6,2,0,0,0,1,0,0,0,0,1,2,26
2024070205369,2024,070205369,332642,376247,-3.01166,53.2789,3,3,2,10:55,-1,E06000050,3,0,1,0,2,"[4, 3]",4,8,2,0,0,1,0,0,1,0,0,2,26
2024070206335,2024,070206335,356180,350859,-2.65519,53.05318,2,2,2,15:49,-1,E06000049,6,0,1,0,2,19,"[3, 7]","[7, 3]",0,"[0, 1]","[0, 4]",1,0,0,0,1,0,2,26
2024070206577,2024,070206577,360151,372418,-2.59864,53.24727,3,3,2,17:11,-1,E06000050,6,0,1,0,2,4,5,1,0,0,0,1,0,0,0,0,1,2,26
2024070206636,2024,070206636,358653,392891,-2.62377,53.43117,3,3,2,17:34,-1,E06000007,5,0,1,0,2,"[3, 19]",3,7,2,0,0,1,0,0,0,0,0,2,26
2024070207131,2024,070207131,359236,391087,-2.61477,53.415,3,3,2,21:12,-1,E06000007,3,2,1,0,1,"[5, 19]","[1, 7]","[5, 3]",0,0,0,1,1,0,0,0,0,2,26
2024070207670,2024,070207670,340290,368466,-2.89551,53.20989,3,3,3,05:25,-1,E06000050,3,2,1,0,1,19,1,5,0,0,0,1,0,0,0,0,1,2,27
2024070210666,2024,070210666,344867,374860,-2.8281,53.26785,3,3,4,06:54,-1,E06000050,3,0,8,1,1,19,3,3,0,0,0,1,0,1,0,0,0,2,28
2024070211278,2024,070211278,367022,367022,-2.49512,53.19924,2,2,4,11:08,-1,E06000050,3,0,8,0,1,19,"[2, 5]","[7, 1]",0,0,0,1,1,0,0,0,0,2,28
2024070211643,2024,070211643,338247,378039,-2.92796,53.29569,3,3,4,13:10,-1,E06000050,1,0,1,1,2,19,1,5,7,1,0,1,0,0,0,0,0,2,28
2024070212447,2024,070212447,376323,366948,-2.35589,53.19908,3,3,4,16:29,-1,E06000049,3,0,2,1,2,"[9, 19]","[5, 1]","[3, 5]",0,0,0,1,0,0,0,0,0,2,28
2024070212979,2024,070212979,384997,380447,-2.22668,53.32073,3,3,4,08:24,-1,E06000049,3,0,8,1,2,"[19, 15]",3,7,0,0,0,1,0,0,0,0,0,2,28
2024070213048,2024,070213048,375392,365138,-2.36968,53.18277,3,3,4,21:04,-1,E06000050,1,2,1,1,2,"[4, 19]",8,4,0,0,0,1,0,0,0,0,0,2,28
2024070213940,2024,070213940,373204,366921,-2.40257,53.19869,3,3,5,10:00,-1,E06000050,3,0,1,1,2,"[19, 10]",7,3,"[0, 4]",0,0,1,0,0,1,0,0,2,29
2024070214719,2024,070214719,362586,390565,-2.5643,53.41056,3,3,5,14:01,-1,E06000007,5,0,1,1,1,4,6,2,0,1,2,1,0,0,0,0,0,2,29
2024070214879,2024,070214879,360786,370699,-2.58892,53.23187,3,3,5,14:46,-1,E06000050,3,0,1,1,2,"[5, 19]","[5, 3]","[1, 7]","[10, 0]",0,0,1,0,0,0,0,0,2,29
2024070215448,2024,070215448,346418,374717,-2.80482,53.26673,3,3,4,16:30,-1,E06000050,1,0,1,0,2,"[4, 3]",6,4,0,0,0,1,0,0,0,0,0,2,28
2024070217247,2024,070217247,342902,366057,-2.85597,53.18852,2,2,6,11:59,-1,E06000050,3,0,1,0,1,"[9, 19]","[5, 3]","[3, 7]",0,0,0,1,0,1,0,0,0,3,1
2024070218124,2024,070218124,351067,388071,-2.73719,53.3872,3,3,6,10:00,-1,E06000006,4,0,2,1,1,"[3, 19]",5,1,2,0,0,1,0,0,0,0,0,3,1
2024070220493,2024,070220493,384009,374198,-2.2412,53.26453,3,3,1,15:06,-1,E06000049,3,0,1,0,2,"[3, 9]","[1, 3]","[3, 2]",0,0,"[0, 1]",1,0,0,0,0,0,3,3
2024070220541,2024,070220541,359397,381782,-2.61114,53.33138,3,3,7,15:25,-1,E06000007,1,0,8,1,2,19,3,7,0,0,0,1,0,0,0,0,0,3,2
2024070221245,2024,070221245,374211,367462,-2.38754,53.2036,2,"[3, 2]",7,20:50,-1,E06000049,1,2,2,1,2,"[11, 19]",1,5,0,0,"[7, 0]",1,0,0,0,0,0,3,2
2024070221826,2024,070221826,393224,376313,-2.10309,53.28374,3,3,1,02:04,-1,E06000049,6,2,1,1,2,19,8,4,0,7,11,1,0,0,0,0,0,3,3
2024070222251,2024,070222251,365590,362665,-2.51608,53.15999,3,3,1,09:03,-1,E06000050,4,0,1,2,2,19,"[8, 4]","[4, 8]",0,0,0,1,0,0,0,0,0,3,3
2024070223670,2024,070223670,340842,366726,-2.88692,53.19431,3,3,1,20:16,-1,E06000050,3,2,1,0,1,19,5,7,11,0,0,1,0,0,0,0,1,3,3
2024070224505,2024,070224505,366252,388987,-2.50899,53.39663,3,3,2,08:57,-1,E06000007,1,0,1,0,2,"[4, 19]",1,5,0,0,0,1,0,0,0,0,0,3,4
2024070224643,2024,070224643,392623,373459,-2.11204,53.25808,1,1,2,09:40,-1,E06000049,3,0,1,0,1,9,7,3,0,0,0,1,0,0,0,0,1,3,4
2024070225169,2024,070225169,363976,372102,-2.54129,53.24471,3,3,2,08:35,-1,E06000050,6,0,1,0,1,9,6,4,0,0,0,1,0,0,0,0,1,3,4
2024070225213,2024,070225213,373040,362067,-2.40462,53.15505,3,3,2,12:00,-1,E06000049,6,0,1,0,2,19,3,7,10,3,0,1,0,0,0,0,0,3,4
2024070225361,2024,070225361,369823,356161,-2.45216,53.10179,3,3,2,13:15,-1,E06000049,4,0,1,0,1,"[2, 19]","[0, 7]","[0, 3]",0,0,0,1,0,0,1,0,0,3,4
2024070225489,2024,070225489,350627,384984,-2.74332,53.35941,3,3,2,13:30,-1,E06000006,4,0,1,0,2,10,2,6,0,0,0,1,0,0,1,0,0,3,4
2024070225773,2024,070225773,392967,363886,-2.10667,53.17204,1,1,2,15:00,-1,E06000049,3,0,1,0,2,"[19, 13]","[8, 4]","[4, 8]",0,"[1, 0]",0,1,0,1,0,0,0,3,4
2024070226333,2024,070226333,366772,360656,-2.4982,53.14201,3,3,2,17:40,-1,E06000049,5,0,1,0,2,"[3, 4]",2,6,0,0,0,1,0,0,0,0,0,3,4
2024070228858,2024,070228858,340097,367484,-2.89822,53.20104,3,3,3,15:30,-1,E06000050,3,0,1,0,1,"[9, 19]",4,8,0,0,0,1,0,0,0,0,0,3,5
2024070229186,2024,070229186,360481,389426,-2.59583,53.40017,3,3,3,16:00,-1,E06000007,6,0,1,0,1,"[3, 1]",3,7,0,0,0,1,0,0,0,0,0,3,5
2024070229339,2024,070229339,370217,366069,-2.4472,53.19087,3,3,3,08:30,-1,E06000049,6,0,1,0,1,9,2,4,0,0,0,1,0,0,0,0,1,3,5
2024070230812,2024,070230812,363895,373360,-2.54265,53.25601,3,3,4,09:45,-1,E06000050,5,0,1,0,2,"[4, 19]","[5, 3]","[1, 7]",0,"[0, 7]",0,1,0,0,0,0,0,3,6
2024070231118,2024,070231118,358176,370089,-2.62793,53.22619,2,"[2, 3]",4,11:35,-1,E06000050,3,0,1,0,2,19,"[7, 1]","[3, 5]",0,0,0,1,0,0,0,0,0,3,6
2024070231407,2024,070231407,354491,368540,-2.68291,53.21196,3,3,4,12:56,-1,E06000050,3,0,1,0,2,"[3, 4]",4,8,0,0,0,1,0,0,0,0,0,3,6
2024070231907,2024,070231907,361443,386127,-2.58095,53.37059,2,2,4,00:20,-1,E06000007,3,2,1,0,1,19,3,7,0,0,0,1,0,0,0,0,0,3,6
2024070232048,2024,070232048,362669,387011,-2.56263,53.37862,2,2,4,15:55,-1,E06000007,4,0,1,0,1,"[9, 19]","[1, 7]","[5, 3]",0,0,0,1,0,1,0,0,0,3,6
2024070232231,2024,070232231,396200,377234,-2.05847,53.29205,3,3,4,16:53,-1,E06000049,4,0,1,0,2,19,6,2,10,1,11,1,0,0,0,0,0,3,6
2024070232334,2024,070232334,372398,355404,-2.41364,53.09512,3,3,4,08:22,-1,E06000049,3,0,1,0,2,"[4, 3]",2,6,0,0,0,1,0,0,0,0,0,3,6
2024070232946,2024,070232946,360384,386275,-2.59689,53.37184,3,3,4,19:25,-1,E06000007,6,2,1,0,1,19,7,5,0,0,0,1,1,0,0,0,0,3,6
2024070235014,2024,070235014,362307,384235,-2.56774,53.35365,3,3,5,14:10,-1,E06000007,6,0,1,0,1,6,5,1,0,1,4,1,0,0,0,0,1,3,7
2024070236115,2024,070236115,383018,382463,-2.2565,53.33879,3,3,5,22:47,-1,E06000049,3,2,1,0,2,19,7,3,0,"[0, 1]","[0, 2, 11]",1,0,0,0,0,0,3,7
2024070236936,2024,070236936,329199,379963,-3.06411,53.31185,3,3,6,09:35,-1,E06000050,3,0,1,0,2,"[19, 9]","[1, 3]","[5, 1]",0,0,0,1,0,0,1,0,0,3,8
2024070237924,2024,070237924,351903,385608,-2.72425,53.36514,3,3,6,13:55,-1,E06000006,5,0,1,0,1,4,6,"[8, 1]",0,0,0,1,0,0,0,0,0,3,8
2024070238291,2024,070238291,350380,368140,-2.7444,53.208,3,3,6,15:54,-1,E06000050,3,0,1,0,2,"[13, 19]",3,7,"[10, 0]","[7, 0]","[2, 0]",1,0,0,0,0,0,3,8
2024070238469,2024,070238469,366468,373903,-2.50414,53.26106,3,3,6,16:39,-1,E06000050,6,0,9,0,1,"[5, 7]",4,"[8, 1]",0,0,0,1,1,0,0,0,0,3,8
2024070238705,2024,070238705,354541,380102,-2.68381,53.31589,3,3,6,17:45,-1,E06000006,3,0,1,0,1,"[11, 19]",5,1,0,0,0,1,0,0,0,0,0,3,8
2024070241232,2024,070241232,371038,355668,-2.43397,53.09742,3,3,7,18:42,-1,E06000049,6,2,1,0,1,9,5,3,0,0,0,1,0,0,0,0,1,3,9
2024070243710,2024,070243710,361140,388602,-2.58581,53.39281,3,3,1,21:45,-1,E06000007,6,2,2,1,1,19,"[2, 4]","[5, 8]",0,0,0,1,1,0,0,0,0,3,10
2024070244285,2024,070244285,356331,360632,-2.65427,53.14104,3,3,2,08:35,-1,E06000050,3,0,1,0,2,19,"[8, 3]","[3, 8]",0,0,0,1,0,0,0,0,0,3,11
2024070244586,2024,070244586,375120,378597,-2.37481,53.30373,3,3,2,10:09,-1,E06000049,6,0,1,0,1,"[5, 2]",1,5,0,0,0,1,0,0,0,0,0,3,11
2024070245331,2024,070245331,363860,354704,-2.54106,53.08832,3,3,2,14:20,-1,E06000049,5,0,1,0,2,7,2,4,0,0,9,1,0,0,0,0,0,3,11
2024070246036,2024,070246036,375817,354528,-2.36252,53.08741,3,3,2,17:05,-1,E06000049,4,0,1,0,2,19,4,8,0,0,0,1,1,0,0,0,0,3,11
2024070246074,2024,070246074,335394,373378,-2.96981,53.25346,2,2,2,18:30,-1,E06000050,3,2,1,0,2,"[19, 9]","[3, 1]","[1, 5]",0,0,0,1,0,1,0,0,0,3,11
2024070246284,2024,070246284,348859,375606,-2.76837,53.27496,2,2,2,20:08,-1,E06000050,3,2,1,0,2,"[9, 19]","[1, 6]","[7, 2]",0,0,0,1,0,0,0,0,0,3,11
2024070248403,2024,070248403,355525,383104,-2.66947,53.34295,2,2,3,14:58,-1,E06000006,6,0,1,0,2,19,"[1, 5]","[5, 1]",0,0,0,1,0,0,0,0,0,3,12
2024070248705,2024,070248705,376106,373331,-2.35962,53.25644,3,3,3,16:33,-1,E06000049,3,0,1,0,2,19,"[2, 6]","[6, 2]",0,0,0,1,0,0,1,0,0,3,12
2024070248899,2024,070248899,368013,377542,-2.48135,53.29386,3,3,4,17:30,-1,E06000049,6,0,2,1,2,19,8,3,0,0,4,1,0,0,0,0,0,3,13
2024070248941,2024,070248941,340901,368987,-2.88646,53.21464,3,3,3,17:45,-1,E06000050,5,0,1,0,1,"[19, 5]","[1, 4]",5,0,0,0,1,1,0,0,0,0,3,12
2024070250424,2024,070250424,341277,366962,-2.88046,53.19648,3,3,4,07:45,-1,E06000050,6,0,1,0,1,5,3,1,0,0,0,1,0,0,0,0,1,3,13
2024070252221,2024,070252221,350535,347769,-2.73893,53.02491,3,3,4,19:46,-1,E06000050,6,2,8,1,2,19,3,7,0,1,9,1,0,0,0,0,0,3,13
2024070254589,2024,070254589,360497,390321,-2.5957,53.40822,3,3,5,15:45,-1,E06000007,6,0,1,0,1,5,6,1,0,0,0,1,0,0,0,0,1,3,14
2024070254700,2024,070254700,369489,356610,-2.45719,53.1058,3,3,5,16:00,-1,E06000049,5,0,1,0,1,"[3, 19]",5,1,0,0,0,1,0,0,0,0,0,3,14
2024070255155,2024,070255155,359375,388817,-2.61238,53.39461,3,3,5,19:05,-1,E06000007,6,2,1,0,1,"[19, 10]",1,5,0,0,0,1,0,0,0,0,0,3,14
2024070256432,2024,070256432,346564,384255,-2.80424,53.35247,3,3,6,10:05,-1,E06000006,5,0,1,0,2,"[2, 19]","[0, 3]","[0, 7]",0,0,0,1,1,0,0,0,0,3,15
2024070257406,2024,070257406,370621,354699,-2.44011,53.08869,3,3,6,15:00,-1,E06000049,3,0,2,1,1,"[19, 13]",5,"[7, 1]",0,0,0,1,1,0,0,0,0,3,15
2024070257637,2024,070257637,379950,355742,-2.30089,53.0985,3,3,6,12:16,-1,E06000049,6,0,2,1,1,1,1,5,0,0,0,1,0,0,0,0,1,3,15
2024070257646,2024,070257646,363262,392161,-2.55432,53.42495,2,"[3, 2]",6,16:15,-1,E06000007,1,0,1,0,2,"[11, 19]",8,4,0,"[0, 6]","[0, 7]",1,0,0,1,0,0,3,15
2024070258279,2024,070258279,367711,372599,-2.48537,53.24942,3,3,6,20:30,-1,E06000050,6,0,1,0,1,"[19, 2]","[6, 0]","[2, 0]",0,0,0,1,0,0,0,0,0,3,15
2024070259154,2024,070259154,373277,373564,-2.40204,53.2584,3,3,7,06:09,-1,E06000050,1,0,1,0,2,19,5,1,0,4,6,1,0,0,0,0,0,3,16
2024070259500,2024,070259500,364248,391007,-2.53935,53.41465,3,3,7,10:45,-1,E06000007,1,0,1,0,2,"[19, 12]",8,4,0,"[5, 0]","[6, 0]",1,0,0,0,0,0,3,16
2024070259569,2024,070259569,339057,362463,-2.91282,53.15579,3,3,7,11:35,-1,E06000050,3,0,1,1,2,"[9, 19]",5,"[7, 5]",0,"[0, 7]","[0, 1]",1,0,0,0,0,0,3,16
2024070260240,2024,070260240,367367,368899,-2.49015,53.21614,3,3,7,17:00,-1,E06000050,5,0,1,0,2,19,8,4,0,2,1,1,0,0,0,0,0,3,16
2024070262163,2024,070262163,351177,384965,-2.73505,53.35929,3,3,1,14:08,-1,E06000006,3,0,1,0,1,"[19, 9, 2]","[3, 7, 0]","[7, 5, 0]",0,"[1, 0]","[4, 0]",1,0,0,0,0,0,3,17
2024070262689,2024,070262689,354249,381815,-2.68844,53.33126,3,3,1,18:45,-1,E06000006,6,2,1,0,1,19,7,3,0,0,0,1,0,0,0,0,1,3,17
2024070262747,2024,070262747,340171,364918,-2.89663,53.17799,3,3,6,15:40,-1,E06000050,3,0,1,0,1,"[3, 19]",5,1,0,0,0,1,0,0,0,0,0,3,15
2024070262931,2024,070262931,371062,353371,-2.43341,53.07678,2,2,1,20:43,-1,E06000049,4,2,1,0,2,19,1,7,0,0,0,1,0,0,0,0,0,3,17
2024070264789,2024,070264789,371890,373115,-2.42279,53.25429,3,3,2,13:59,-1,E06000050,5,0,1,0,2,"[14, 9]",3,"[7, 1]",0,0,0,1,0,1,0,0,0,3,18
2024070265041,2024,070265041,340126,365097,-2.89733,53.17959,2,2,2,15:08,-1,E06000050,3,0,1,0,1,5,3,7,9,1,11,1,0,0,0,0,0,3,18
2024070265579,2024,070265579,370803,354471,-2.43737,53.08665,3,3,2,15:40,-1,E06000049,6,0,1,0,1,19,7,3,0,0,0,1,0,0,0,0,1,3,18
2024070265929,2024,070265929,334183,371592,-2.98759,53.23726,3,3,2,19:54,-1,E06000050,3,2,1,0,2,19,"[2, 6]","[6, 8]",0,"[0, 1]",0,1,0,0,0,0,0,3,18
2024070266670,2024,070266670,367074,395887,-2.49735,53.4587,3,3,3,05:52,-1,E06000007,3,0,1,1,2,"[19, 7]","[2, 4]",6,0,0,0,1,0,1,0,0,0,3,19
2024070266742,2024,070266742,365627,392760,-2.5188,53.4305,3,3,3,07:20,-1,E06000007,6,0,1,1,1,19,3,7,0,1,4,1,0,0,0,0,0,3,19
2024070267493,2024,070267493,340410,375068,-2.89495,53.26924,3,3,3,12:30,-1,E06000050,4,0,1,0,1,"[3, 19]",4,8,0,0,0,1,0,0,0,0,0,3,19
2024070268478,2024,070268478,340134,365145,-2.89722,53.18002,3,3,3,15:08,-1,E06000050,3,0,1,0,1,19,"[7, 8]",4,0,0,0,1,0,0,1,0,0,3,19
2024070268835,2024,070268835,365724,358538,-2.51364,53.1229,3,3,3,07:30,-1,E06000049,4,0,1,0,2,19,"[5, 1]","[1, 5]","[0, 6]",0,"[0, 10]",1,0,0,0,0,0,3,19
2024070271744,2024,070271744,362131,386980,-2.57072,53.37831,3,3,4,18:13,-1,E06000007,5,0,1,0,1,"[9, 19]","[1, 4]","[6, 8]",0,0,0,1,0,1,0,0,0,3,20
2024070272057,2024,070272057,365566,353282,-2.51543,53.07565,3,3,4,20:00,-1,E06000049,4,2,1,0,1,19,2,6,0,0,0,1,0,0,0,0,1,3,20
2024070273448,2024,070273448,338583,375877,-2.9225,53.2763,3,3,5,08:10,-1,E06000050,4,0,1,0,1,19,7,3,0,0,0,1,0,0,0,0,1,3,21
2024070274231,2024,070274231,373424,358644,-2.39859,53.1243,3,3,5,15:23,-1,E06000049,5,0,2,1,2,19,3,7,0,0,4,1,0,0,0,0,0,3,21
2024070276038,2024,070276038,370582,366318,-2.44176,53.19313,3,3,6,08:55,-1,E06000049,3,0,1,0,1,"[5, 19]","[5, 1]","[2, 6]",0,0,0,1,0,0,0,0,0,3,22
2024070278043,2024,070278043,392631,383437,-2.11216,53.34777,3,3,6,17:00,-1,E06000049,5,0,1,0,1,"[9, 19]","[5, 4]","[3, 7]",0,0,0,1,1,0,0,0,0,3,22
2024070278172,2024,070278172,376790,358456,-2.34828,53.12277,2,2,6,21:28,-1,E06000049,5,2,1,0,2,19,8,3,0,0,0,1,0,0,0,0,0,3,22
2024070279106,2024,070279106,353455,363419,-2.69767,53.16584,3,3,7,10:05,-1,E06000050,3,0,1,0,2,19,"[7, 3]","[3, 7]",0,"[0, 7]","[0, 11]",1,0,0,0,0,0,3,23
2024070279249,2024,070279249,371327,379073,-2.43177,53.30782,3,3,7,11:30,-1,E06000049,4,0,1,1,2,"[19, 9]","[8, 4]","[4, 8]",0,0,0,1,0,0,0,0,0,3,23
2024070280050,2024,070280050,360855,387809,-2.59,53.38566,3,3,7,16:55,-1,E06000007,3,0,1,1,1,"[11, 19]",1,5,0,0,0,1,0,0,0,0,0,3,23
2024070282057,2024,070282057,391894,377166,-2.12306,53.29139,3,3,1,15:00,-1,E06000049,4,0,1,0,2,19,"[3, 7]","[7, 3]",0,0,0,1,0,1,0,0,0,3,24
2024070283720,2024,070283720,357245,381329,-2.64339,53.32714,3,3,2,10:33,-1,E06000006,1,0,1,1,2,19,7,3,0,"[0, 1]","[0, 7]",1,0,0,1,0,0,3,25
2024070284656,2024,070284656,391169,375259,-2.13389,53.27424,3,3,2,14:11,-1,E06000049,6,0,1,0,1,"[9, 19]","[6, 8]","[2, 4]",0,0,0,1,0,0,0,0,0,3,25
2024070284829,2024,070284829,339743,367228,-2.90347,53.1987,3,3,2,15:30,-1,E06000050,5,0,1,0,1,"[19, 9]","[3, 8]","[8, 6]",0,0,0,1,0,0,0,0,0,3,25
2024070286671,2024,070286671,359553,384951,-2.60921,53.35988,3,3,2,11:15,-1,E06000007,3,0,1,0,2,4,1,5,0,0,0,1,0,0,0,0,0,3,25
2024070286958,2024,070286958,391961,373400,-2.12196,53.25754,3,3,4,11:46,-1,E06000049,6,0,1,0,1,"[1, 2]","[3, 0]","[7, 0]",0,"[3, 0]","[10, 0]",1,0,0,0,0,0,3,27
2024070286985,2024,070286985,338499,376998,-2.92398,53.28637,3,3,3,11:00,-1,E06000050,4,0,1,0,1,"[7, 19]",3,"[5, 7]",0,0,0,1,0,0,0,0,0,3,26
2024070287398,2024,070287398,352162,378230,-2.71924,53.29885,3,3,3,14:00,-1,E06000050,6,0,1,1,2,"[-1, 2]","[1, 0]","[5, 0]","[4, 0]",0,0,1,0,1,0,0,0,3,26
2024070287726,2024,070287726,349538,386220,-2.75988,53.37042,3,3,3,15:05,-1,E06000006,4,0,9,0,1,19,3,7,0,0,0,0,0,0,0,0,1,3,26
2024070288366,2024,070288366,369517,357502,-2.45686,53.11382,3,3,3,18:47,-1,E06000049,6,2,2,1,1,"[5, 19]","[5, 3]","[3, 7]",0,0,0,1,0,1,0,0,0,3,26
2024070289257,2024,070289257,377633,359814,-2.33578,53.13501,3,3,4,05:10,-1,E06000049,1,2,1,1,2,19,1,5,6,0,7,0,0,0,1,0,0,3,27
2024070289422,2024,070289422,369973,354084,-2.44973,53.08312,3,3,4,08:09,-1,E06000049,6,2,1,0,1,19,6,2,0,0,0,1,0,0,0,0,1,3,27
2024070289572,2024,070289572,352333,377261,-2.71653,53.29016,3,3,4,09:15,-1,E06000050,4,0,1,0,2,"[10, 19]",1,"[7, 5]",0,0,0,1,0,0,0,0,0,3,27
2024070291353,2024,070291353,329864,376726,-3.05342,53.28285,3,3,3,13:30,-1,E06000050,6,0,1,0,1,"[1, 19]",5,1,0,0,0,1,1,0,0,0,0,3,19
2024070292486,2024,070292486,360715,345079,-2.58683,53.00158,3,3,5,10:00,-1,E06000049,3,0,1,1,2,19,2,6,0,7,4,0,0,0,0,1,0,3,28
2024070293092,2024,070293092,376595,366934,-2.35181,53.19896,3,3,5,08:16,-1,E06000049,3,0,9,0,2,19,7,3,0,0,0,1,0,0,0,0,1,3,28
2024070293803,2024,070293803,352403,387475,-2.71701,53.38197,2,2,5,16:22,-1,E06000006,3,0,1,1,1,"[2, 19]",1,5,"[0, 4]",0,0,1,0,0,0,0,0,3,28
2024070294034,2024,070294034,357862,388398,-2.63508,53.39073,3,3,5,17:20,-1,E06000007,6,0,2,1,1,"[9, 19]","[3, 7]","[1, 3]",0,0,0,1,0,0,0,1,0,3,28
2024070294153,2024,070294153,377552,352935,-2.3365,53.07317,3,3,3,06:10,-1,E06000049,1,0,1,0,2,"[11, 19]",5,1,0,"[0, 4]","[0, 6]",1,0,0,1,0,0,3,19
2024070294313,2024,070294313,392471,372850,-2.1143,53.25261,3,3,5,19:48,-1,E06000049,6,2,2,1,1,5,4,8,0,7,11,1,0,0,0,0,0,3,28
2024070294749,2024,070294749,365194,368266,-2.52262,53.21031,2,2,5,23:48,-1,E06000050,6,2,1,1,2,19,5,1,0,0,0,1,0,0,0,0,1,3,28
2024070294754,2024,070294754,331361,377660,-3.03117,53.29144,3,3,5,00:00,-1,E06000050,4,2,1,1,2,-1,7,1,0,2,11,1,0,0,0,0,0,3,28
2024070295352,2024,070295352,340948,369740,-2.8859,53.22141,3,3,6,09:40,-1,E06000050,3,0,1,0,1,"[7, 3]",4,8,0,0,0,1,0,0,0,0,0,3,29
2024070296890,2024,070296890,389908,372338,-2.1527,53.24796,3,3,6,22:32,-1,E06000049,6,2,1,0,1,19,1,3,0,7,4,1,0,0,0,0,0,3,29
2024070297110,2024,070297110,340485,376307,-2.89406,53.28038,3,3,7,00:15,-1,E06000050,6,2,1,0,1,"[3, 19]","[8, 3]","[4, 8]",2,0,0,1,0,0,0,0,0,3,30
2024070297878,2024,070297878,352330,377264,-2.71657,53.29018,3,3,7,10:42,-1,E06000050,4,0,1,0,2,"[5, 19]","[3, 8]","[1, 4]",0,"[1, 0]",0,1,0,0,0,0,0,3,30
2024070297975,2024,070297975,360406,390980,-2.59715,53.41413,3,3,7,11:45,-1,E06000007,6,0,1,0,1,5,3,7,0,0,0,1,0,0,0,0,1,3,30
2024070298800,2024,070298800,383157,356977,-2.25306,53.10971,2,2,5,07:44,-1,E06000049,3,0,2,1,1,4,5,1,0,0,0,1,0,0,0,0,0,3,28
2024070300974,2024,070300974,341684,367476,-2.87446,53.20114,3,3,1,16:50,-1,E06000050,5,0,1,0,1,19,1,5,0,0,0,1,0,0,0,0,1,3,31
2024070302375,2024,070302375,353371,379030,-2.70122,53.30615,3,3,2,06:45,-1,E06000006,3,0,2,1,2,19,"[3, 1]","[7, 5]",0,0,0,1,0,0,0,0,0,4,1
2024070302974,2024,070302974,355985,394553,-2.66416,53.44589,3,3,6,19:15,-1,E06000007,3,2,2,1,2,"[19, 9]","[5, 7]","[1, 5]",0,0,0,1,0,1,0,0,0,3,29
2024070303919,2024,070303919,395054,375929,-2.07564,53.28031,2,2,2,21:50,-1,E06000049,4,2,1,0,2,-1,7,3,0,1,11,1,0,0,0,0,0,4,1
2024070304592,2024,070304592,353247,382930,-2.70365,53.34119,3,3,3,08:10,-1,E06000006,3,0,1,0,1,"[19, 11]",5,"[3, 1]",0,0,0,1,0,0,0,0,0,4,2
2024070306199,2024,070306199,390717,378218,-2.14075,53.30083,3,3,3,17:23,-1,E06000049,3,0,1,0,2,19,"[1, 5]","[5, 1]",0,"[7, 0]","[11, 0]",1,0,0,0,0,0,4,2
2024070306785,2024,070306785,366290,384029,-2.50789,53.35206,3,3,3,17:42,-1,E06000049,1,0,1,0,2,19,6,4,0,0,0,1,0,0,0,0,0,4,2
2024070306805,2024,070306805,375614,360825,-2.36603,53.14401,3,3,3,21:44,-1,E06000049,3,2,9,0,1,"[13, 9]","[5, 3]",1,0,0,0,1,0,0,0,0,0,4,2
2024070306937,2024,070306937,360151,370916,-2.59846,53.23377,3,3,3,22:50,-1,E06000050,6,2,1,1,2,"[14, 2]","[3, 0]","[7, 0]","[4, 0]","[0, 1]",0,1,0,0,0,0,0,4,2
2024070307102,2024,070307102,382803,357031,-2.25835,53.11019,3,3,4,00:25,-1,E06000049,5,2,2,1,2,19,3,7,0,0,4,1,0,0,0,0,0,4,3
2024070308710,2024,070308710,372236,379603,-2.41817,53.31263,3,3,4,14:45,-1,E06000049,3,0,1,0,2,19,"[3, 1]","[7, 5]",0,0,0,1,0,0,0,0,0,4,3
2024070309433,2024,070309433,365659,395144,-2.51858,53.45193,3,3,4,18:00,-1,E06000007,3,0,1,0,2,7,8,4,0,7,10,1,0,0,0,0,0,4,3
2024070310102,2024,070310102,371554,356750,-2.42636,53.10718,3,3,4,23:40,-1,E06000049,5,2,2,1,1,19,4,8,0,1,4,0,0,1,0,0,0,4,3
2024070312408,2024,070312408,362702,389137,-2.56239,53.39773,3,3,5,17:29,-1,E06000007,3,0,2,1,1,"[19, 2]",3,7,0,0,0,1,0,0,0,0,0,4,4