collision_index,collision_year,collision_ref_no,location_easting_osgr,location_northing_osgr,longitude,latitude,casualty_severity,casualty_severity,day_of_week,time,local_authority_district,local_authority_ons_district,first_road_class,light_conditions,weather_conditions,road_surface_conditions,urban_or_rural_area,vehicle_manoeuvre,vehicle_direction_from,vehicle_direction_to,hit_object_in_carriageway,vehicle_leaving_carriageway,hit_object_off_carriageway,is_car,is_cyle,is_mcyle,is_goodsv,is_other,is_pedestrian,month,day
2024070531534,2024,070531534,360157,388769,-2.60062,53.39424,3,3,7,20:00,-1,E06000007,6,0,1,1,1,19,8,4,0,0,0,1,0,0,0,0,0,6,15
2024070532517,2024,070532517,369528,365532,-2.45746,53.186,3,3,1,10:17,-1,E06000049,3,0,1,0,2,19,5,1,0,1,4,0,0,0,1,0,0,6,16
2024070532645,2024,070532645,343104,368561,-2.8534,53.21105,3,3,1,11:30,-1,E06000050,3,0,1,0,2,"[5, 3]",4,8,0,0,0,1,0,0,0,0,0,6,16
2024070532822,2024,070532822,345795,361879,-2.81197,53.15128,3,3,1,13:06,-1,E06000050,3,0,1,0,2,19,"[7, 3]","[3, 7]",0,0,0,1,0,0,0,0,0,6,16
2024070533079,2024,070533079,353007,380393,-2.70688,53.31837,3,3,1,14:45,-1,E06000006,5,0,1,0,1,9,5,2,10,1,11,1,0,0,0,0,0,6,16
2024070533278,2024,070533278,359003,370258,-2.61557,53.22777,3,3,1,15:56,-1,E06000050,3,0,1,0,2,"[3, 19]",3,7,0,0,0,1,0,0,0,0,0,6,16
2024070533546,2024,070533546,362164,391021,-2.57071,53.41463,2,2,1,17:45,-1,E06000007,6,0,1,0,1,"[10, 13]",5,"[3, 1]",0,0,0,1,0,1,0,0,0,6,16
2024070534543,2024,070534543,369424,368064,-2.45926,53.20875,1,1,2,03:00,-1,E06000050,3,2,1,1,2,19,1,5,0,0,3,0,0,1,0,0,0,6,17
2024070534764,2024,070534764,364759,350670,-2.52719,53.05212,2,2,2,07:31,-1,E06000049,3,0,1,0,2,19,"[5, 1]","[1, 5]",0,"[1, 7]","[9, 11]",1,0,0,1,0,0,6,17
2024070534821,2024,070534821,372676,361846,-2.41004,53.15304,3,3,2,08:20,-1,E06000049,6,0,9,0,2,19,3,7,0,3,9,1,0,0,0,0,0,6,17
2024070535785,2024,070535785,350990,363871,-2.73461,53.16968,2,2,2,13:39,-1,E06000050,5,0,1,0,2,"[2, 19]","[0, 7]","[0, 3]",0,0,0,1,1,0,0,0,0,6,17
2024070536397,2024,070536397,356213,368505,-2.65712,53.21179,1,"[2, 1]",2,16:33,-1,E06000050,3,0,1,0,2,19,"[7, 2]","[2, 7]",0,"[0, 1]","[0, 4]",1,0,0,0,0,0,6,17
2024070536750,2024,070536750,350239,386322,-2.74936,53.3714,3,3,2,19:00,-1,E06000006,4,0,1,0,1,19,3,7,0,0,1,1,0,0,0,0,0,6,17
2024070537353,2024,070537353,385622,381873,-2.21737,53.33357,2,2,2,23:38,-1,E06000049,3,2,1,0,1,19,5,1,0,0,0,1,0,0,0,0,1,6,17
2024070537409,2024,070537409,369338,373711,-2.4611,53.25951,1,1,3,00:16,-1,E06000050,3,2,1,0,2,19,5,1,0,0,0,0,0,0,1,0,1,6,18
2024070538699,2024,070538699,369424,354521,-2.45797,53.08702,3,3,3,13:40,-1,E06000049,6,0,1,0,1,"[-1, 4]",7,3,0,0,0,1,0,0,0,0,0,6,18
2024070539531,2024,070539531,391104,380402,-2.13501,53.32047,3,3,3,17:42,-1,E06000049,3,0,1,0,2,"[5, 13]",5,1,0,0,0,0,1,0,1,0,0,6,18
2024070539682,2024,070539682,370588,366308,-2.44167,53.19304,3,3,2,16:45,-1,E06000049,6,0,9,0,1,"[14, -1]","[4, 2]","[8, 6]",0,0,0,1,1,0,0,0,0,3,25
2024070540057,2024,070540057,340232,367227,-2.89615,53.19875,3,3,3,21:35,-1,E06000050,3,2,1,0,1,"[14, 10]","[5, 7]","[1, 3]",0,0,"[10, 0]",1,0,0,0,0,0,6,18
2024070540073,2024,070540073,365653,352247,-2.51402,53.06635,3,3,3,17:25,-1,E06000049,4,0,1,0,1,9,"[3, 5]","[1, 2]",9,0,0,1,0,0,0,0,0,6,18
2024070540767,2024,070540767,343079,368475,-2.85376,53.21028,2,2,4,08:55,-1,E06000050,3,0,1,0,2,19,6,2,0,0,0,0,1,0,0,0,0,6,19
2024070541066,2024,070541066,372307,355555,-2.41501,53.09647,3,3,7,16:00,-1,E06000049,5,0,4,0,2,"[3, 19]",8,4,0,0,0,1,0,0,0,0,0,6,15
2024070541521,2024,070541521,332487,376372,-3.01401,53.28001,3,3,4,12:56,-1,E06000050,3,0,1,0,2,19,4,8,0,1,0,0,0,0,0,1,0,6,19
2024070542234,2024,070542234,339739,375930,-2.90518,53.27691,3,3,4,15:30,-1,E06000050,4,0,1,0,1,"[19, 3]",4,8,0,0,0,1,0,0,0,0,0,6,19
2024070542584,2024,070542584,336148,361175,-2.95606,53.14388,3,3,4,18:30,-1,E06000050,5,0,1,0,2,"[7, 9]","[2, 7]","[7, 2]",0,0,0,1,1,0,0,0,0,6,19
2024070543062,2024,070543062,368088,353175,-2.47778,53.07484,3,3,4,17:00,-1,E06000049,3,0,1,0,1,"[7, 19]",2,6,0,0,0,1,1,0,0,0,0,6,19
2024070543565,2024,070543565,344969,375410,-2.82666,53.27281,2,2,5,06:20,-1,E06000050,5,0,1,0,1,19,"[3, 5]","[7, 1]",0,0,"[10, 0]",1,0,0,0,0,0,6,20
2024070543694,2024,070543694,368307,374615,-2.47664,53.26757,3,3,5,08:00,-1,E06000050,3,0,1,0,1,"[2, 15, 19]","[0, 6, 2]","[0, 2, 6]",0,0,0,1,0,0,0,0,0,6,20
2024070543751,2024,070543751,339180,362523,-2.911,53.15635,3,3,5,08:35,-1,E06000050,3,0,9,0,2,19,4,8,0,0,0,1,0,0,0,0,0,6,20
2024070544698,2024,070544698,365809,371418,-2.51375,53.23868,3,3,5,13:30,-1,E06000050,3,0,1,0,1,19,3,7,0,0,0,1,0,1,0,0,0,6,20
2024070545344,2024,070545344,341142,375438,-2.88405,53.27265,2,2,5,16:29,-1,E06000050,6,0,1,0,1,"[19, 4]","[6, 2]","[2, 6]",0,"[1, 0]","[10, 0]",1,0,1,0,0,0,6,20
2024070545461,2024,070545461,350298,368115,-2.74562,53.20777,2,2,5,17:10,-1,E06000050,3,0,1,0,2,"[19, 5]","[7, 1]",3,0,0,0,0,0,1,0,0,0,6,20
2024070547835,2024,070547835,372807,378949,-2.40955,53.30678,3,3,4,15:10,-1,E06000049,5,0,1,0,2,"[13, 19]","[8, 4]","[4, 8]",0,"[0, 1]",0,1,1,0,0,1,0,6,19
2024070547935,2024,070547935,365702,353431,-2.51342,53.077,3,3,6,14:20,-1,E06000049,4,0,1,0,1,"[9, 19]","[8, 6]","[4, 2]",0,0,0,1,0,0,0,0,0,6,21
2024070548502,2024,070548502,361113,372701,-2.58426,53.24989,2,2,6,17:00,-1,E06000050,6,0,1,0,2,"[4, 19]","[5, 1]","[1, 5]",0,0,0,1,0,1,0,0,0,6,21
2024070549236,2024,070549236,395364,377663,-2.07102,53.2959,2,2,6,22:45,-1,E06000049,5,2,1,0,2,19,3,7,0,8,4,1,0,0,0,0,0,6,21
2024070550392,2024,070550392,346573,374668,-2.80249,53.2663,3,3,7,12:44,-1,E06000050,1,0,1,0,2,"[4, 19]",1,4,0,0,0,1,0,0,0,0,0,6,22
2024070550405,2024,070550405,377038,376886,-2.3459,53.28844,2,2,7,12:51,-1,E06000049,3,0,1,0,2,19,8,4,0,0,0,0,0,1,0,0,0,6,22
2024070550464,2024,070550464,361437,391106,-2.58165,53.41534,3,3,7,13:30,-1,E06000007,6,0,1,0,1,"[13, 9]",8,"[4, 6]",0,0,0,1,0,0,0,0,0,6,22
2024070552573,2024,070552573,366375,383660,-2.50657,53.34875,3,3,1,07:16,-1,E06000049,5,0,1,0,2,19,7,3,0,0,0,0,0,0,0,1,1,6,23
2024070552725,2024,070552725,345185,354248,-2.81979,53.08262,3,3,1,09:23,-1,E06000050,3,0,1,0,2,"[13, 19]","[3, 7]","[7, 3]",0,"[0, 1]","[0, 9]",1,0,0,0,0,0,6,23
2024070552886,2024,070552886,343003,367670,-2.85475,53.20303,2,2,1,11:00,-1,E06000050,3,0,1,0,1,"[19, 5]","[8, 2]","[4, 6]","[10, 0]","[7, 0]","[2, 0]",1,0,1,0,0,0,6,23
2024070554537,2024,070554537,351220,373130,-2.73259,53.25293,3,3,1,23:25,-1,E06000050,4,2,1,1,2,19,2,6,0,1,4,1,0,0,0,0,0,6,23
2024070555120,2024,070555120,340531,377001,-2.8935,53.28662,3,3,2,08:20,-1,E06000050,3,0,1,0,1,"[19, 12]",7,1,0,0,0,1,0,1,0,0,0,6,24
2024070555662,2024,070555662,352170,387908,-2.72058,53.38584,3,3,6,19:00,-1,E06000006,6,0,1,0,1,19,"[4, 2]","[2, 4]",0,0,0,1,1,0,0,0,0,6,21
2024070557227,2024,070557227,367358,373559,-2.49076,53.25802,3,3,2,20:06,-1,E06000050,4,0,1,0,1,"[10, 19]","[7, 1]","[8, 5]",0,0,0,1,0,0,0,0,0,6,24
2024070558065,2024,070558065,352403,383176,-2.71637,53.34333,3,3,3,07:10,-1,E06000006,6,0,1,0,2,"[19, 7]","[2, 3]",6,0,0,0,1,0,0,0,0,0,6,25
2024070559578,2024,070559578,370103,375401,-2.44979,53.27474,3,3,3,15:45,-1,E06000050,3,0,1,0,2,"[19, 10]","[1, 2]",6,0,"[1, 0]",0,1,0,0,0,0,0,6,25
2024070559628,2024,070559628,370208,354543,-2.44626,53.08726,3,3,3,15:30,-1,E06000049,3,0,1,0,1,"[7, 4]",2,6,0,0,0,1,0,0,0,0,0,6,25
2024070559665,2024,070559665,357133,382836,-2.64528,53.34068,3,3,3,16:10,-1,E06000006,5,0,1,0,2,"[19, 4]",1,4,0,0,0,1,0,0,0,0,0,6,25
2024070559801,2024,070559801,365258,352026,-2.51989,53.06434,3,3,3,08:30,-1,E06000049,5,0,1,0,1,19,"[5, 3]","[1, 7]",0,0,0,1,1,0,0,0,0,6,25
2024070560262,2024,070560262,360428,392851,-2.59705,53.43095,3,3,3,19:16,-1,E06000007,3,0,1,0,2,"[19, 9]","[5, 3]",1,0,0,0,1,0,0,0,0,1,6,25
2024070561310,2024,070561310,353019,379685,-2.7066,53.31201,3,3,4,08:00,-1,E06000006,3,0,1,0,2,"[11, 19]",8,4,0,0,0,1,0,0,1,0,0,6,26
2024070561758,2024,070561758,343145,368555,-2.85278,53.211,3,3,4,10:48,-1,E06000050,3,0,1,0,2,"[19, 9]","[2, 4]",6,0,0,0,0,0,1,1,0,0,6,26
2024070562553,2024,070562553,350159,349190,-2.74475,53.03765,3,3,4,14:45,-1,E06000050,3,0,1,0,2,"[19, 5]","[8, 3]","[4, 7]",0,"[0, 1]",0,1,0,0,0,0,0,6,26
2024070562954,2024,070562954,351722,377918,-2.72579,53.29601,3,3,4,17:00,-1,E06000050,3,0,1,0,2,"[3, 5]",6,2,0,0,0,1,0,0,0,0,0,6,26
2024070562983,2024,070562983,341063,362997,-2.88293,53.16082,3,3,4,17:18,-1,E06000050,3,0,1,0,2,4,3,6,0,0,0,1,0,0,0,0,0,6,26
2024070563012,2024,070563012,359267,392779,-2.61452,53.43021,3,3,4,17:25,-1,E06000007,5,0,1,0,2,"[19, 9]","[3, 5]","[7, 3]",0,0,0,1,0,0,0,0,0,6,26
2024070563068,2024,070563068,393686,381718,-2.09627,53.33233,3,3,4,16:40,-1,E06000049,6,0,1,0,2,"[19, 9]","[2, 3]","[6, 2]",0,0,0,1,1,0,0,0,0,6,26
2024070563285,2024,070563285,351306,384683,-2.73307,53.35677,3,3,4,16:15,-1,E06000006,3,0,1,0,1,"[7, 19]",5,"[6, 2]",0,0,0,1,0,0,0,0,0,6,26
2024070563400,2024,070563400,361403,388238,-2.58181,53.38956,3,3,4,16:15,-1,E06000007,6,0,1,0,1,19,"[6, 3]",1,0,0,0,1,1,0,0,0,0,6,26
2024070565043,2024,070565043,369029,363163,-2.4647,53.16468,2,"[2, 3]",5,11:30,-1,E06000050,3,0,1,0,2,19,"[1, 5]","[5, 1]",0,0,0,1,0,0,0,0,0,6,27
2024070565983,2024,070565983,385874,383341,-2.21365,53.34677,3,3,5,15:50,-1,E06000049,4,0,1,0,1,"[19, 5]","[8, 5]","[4, 1]",0,0,0,1,1,0,0,0,0,6,27
2024070566127,2024,070566127,341059,375310,-2.88527,53.27149,3,3,5,16:01,-1,E06000050,6,0,1,0,1,19,7,3,0,0,0,1,0,0,0,0,1,6,27
2024070566282,2024,070566282,375736,352797,-2.3636,53.07185,3,3,5,17:14,-1,E06000049,3,0,1,0,2,"[19, 4]",2,6,0,0,0,1,0,0,0,0,0,6,27
2024070567772,2024,070567772,370533,355648,-2.44151,53.09721,3,3,5,12:45,-1,E06000049,6,0,1,0,1,1,3,7,0,0,0,1,0,0,0,0,1,6,27
2024070568014,2024,070568014,369835,350849,-2.45148,53.05404,2,2,7,17:00,-1,E06000049,4,0,1,0,1,19,"[4, 8]","[8, 4]",0,0,0,1,0,0,0,1,0,6,8
2024070568287,2024,070568287,350371,388338,-2.7477,53.38954,3,3,3,14:35,-1,E06000006,3,0,1,0,1,"[7, 19]",6,"[7, 2]",0,0,0,1,0,0,0,0,0,6,25
2024070570200,2024,070570200,390521,384023,-2.14387,53.35301,3,3,6,22:09,-1,E06000049,5,0,1,0,1,19,"[2, 6]","[6, 2]",0,0,0,1,0,0,0,0,0,6,28
2024070571894,2024,070571894,392017,373806,-2.12113,53.26119,3,3,7,15:51,-1,E06000049,6,0,1,0,1,19,5,1,0,0,0,1,0,0,0,0,1,6,29
2024070572109,2024,070572109,364106,365957,-2.53865,53.18948,3,3,7,11:41,-1,E06000050,3,0,1,0,1,"[19, 5]",2,6,0,0,0,1,0,0,0,0,0,6,29
2024070572203,2024,070572203,333851,373904,-2.99304,53.258,2,2,7,17:13,-1,E06000050,6,0,2,1,2,19,3,7,0,0,0,0,0,1,0,0,0,6,29
2024070572497,2024,070572497,338311,378059,-2.927,53.29588,3,3,7,20:21,-1,E06000050,1,0,2,1,2,19,7,3,0,2,1,1,0,0,0,0,0,6,29
2024070573642,2024,070573642,365120,393042,-2.52646,53.433,2,2,1,07:42,-1,E06000007,1,0,1,0,1,12,7,3,0,0,0,0,0,0,1,0,1,6,30
2024070574413,2024,070574413,331726,374510,-3.02502,53.26317,3,3,1,15:30,-1,E06000050,6,0,1,0,2,7,7,1,0,1,0,1,0,0,0,0,1,6,30
2024070578157,2024,070578157,360455,391010,-2.59642,53.4144,3,3,2,14:30,-1,E06000007,6,0,2,1,1,19,"[6, 2, 8]","[2, 6, 4]",0,0,0,1,0,1,0,0,0,7,1
2024070579104,2024,070579104,363691,386864,-2.54726,53.37737,3,3,3,09:30,-1,E06000007,3,0,1,0,1,19,3,7,0,0,0,1,0,0,0,0,1,7,2
2024070580423,2024,070580423,359342,371827,-2.61069,53.2419,3,3,1,16:15,-1,E06000050,5,0,1,0,2,-1,7,3,0,0,0,1,1,0,0,0,0,7,7
2024070585312,2024,070585312,365533,395339,-2.5205,53.45367,3,3,5,08:25,-1,E06000007,6,0,1,0,2,4,3,7,0,0,0,1,0,0,0,0,1,7,4
2024070588429,2024,070588429,365271,366043,-2.52122,53.19033,2,2,6,08:55,-1,E06000050,5,0,1,0,1,"[7, 19]","[2, 6]","[6, 2]",0,0,0,1,1,0,0,0,0,7,5
2024070589521,2024,070589521,345986,374449,-2.81125,53.26427,3,3,6,14:38,-1,E06000050,1,0,1,0,2,4,7,2,0,0,0,1,0,0,0,0,0,7,5
2024070590027,2024,070590027,360202,344450,-2.5944,52.99589,3,3,6,17:15,-1,E06000049,3,0,1,0,2,19,"[2, 6]","[6, 2]",0,0,0,1,0,0,0,0,0,7,5
2024070590723,2024,070590723,355680,394828,-2.66879,53.44834,2,2,6,21:46,-1,E06000007,3,2,1,0,2,19,7,3,0,"[1, 0]","[2, 0]",1,0,0,0,0,0,7,5
2024070591871,2024,070591871,369605,381130,-2.45781,53.32621,3,3,7,11:30,-1,E06000049,1,0,1,-1,2,19,1,5,0,0,0,1,0,0,0,0,0,7,6
2024070592372,2024,070592372,362596,388513,-2.56391,53.39212,2,2,7,16:25,-1,E06000007,3,0,1,0,1,"[2, 15]","[0, 1]","[0, 5]","[10, 4]","[1, 0]","[2, 0]",1,0,0,0,0,0,7,6
2024070593090,2024,070593090,375374,383114,-2.37135,53.34434,3,3,7,23:15,-1,E06000049,5,2,1,0,2,19,6,2,0,0,0,1,0,0,0,0,1,7,6
2024070593173,2024,070593173,370013,355439,-2.44926,53.09531,3,3,1,00:20,-1,E06000049,5,2,1,0,1,"[5, 19]",5,1,0,0,0,1,0,0,0,0,0,7,7
2024070593861,2024,070593861,366890,384409,-2.49891,53.35552,3,3,1,10:17,-1,E06000049,1,0,1,1,2,19,8,4,0,7,0,1,0,0,0,0,0,7,7
2024070594401,2024,070594401,340417,376742,-2.89516,53.28428,3,3,1,15:40,-1,E06000050,3,0,1,0,1,"[3, 19]",6,2,0,0,0,1,0,0,0,0,0,7,7
2024070594652,2024,070594652,346549,367893,-2.80171,53.20541,3,3,1,18:10,-1,E06000050,4,0,1,0,2,"[9, 19]","[1, 5]","[5, 1]",0,0,0,1,1,0,0,0,0,7,7
2024070594891,2024,070594891,366221,351568,-2.50548,53.06028,3,3,1,20:15,-1,E06000049,6,0,1,0,1,"[8, 19]","[3, 1]","[7, 5]",0,0,0,1,1,0,0,0,0,7,7
2024070597543,2024,070597543,356660,392826,-2.65376,53.43043,3,3,2,14:20,-1,E06000007,5,0,1,0,2,19,3,7,0,0,0,1,0,0,0,0,1,7,8
2024070597950,2024,070597950,361891,387415,-2.57438,53.3822,3,3,2,16:09,-1,E06000007,3,0,1,0,1,"[5, 3]","[5, 6]","[1, 4]",0,0,0,1,1,0,0,0,0,7,8
2024070598655,2024,070598655,339894,371884,-2.90209,53.24056,3,3,2,19:30,-1,E06000050,6,0,1,0,2,"[8, 9]","[4, 7]","[7, 4]",0,0,0,1,0,0,0,0,0,7,8
2024070599436,2024,070599436,385530,384433,-2.21887,53.35658,3,3,3,07:10,-1,E06000049,3,0,2,1,2,19,3,7,0,5,6,1,0,0,0,0,0,7,9
2024070599713,2024,070599713,366382,367039,-2.5047,53.19936,3,3,3,08:30,-1,E06000050,6,0,2,1,1,"[9, 19]",3,"[5, 7]",0,0,0,1,1,0,0,0,0,7,9
2024070600867,2024,070600867,365923,372897,-2.5122,53.25198,3,3,3,16:49,-1,E06000050,3,0,1,0,1,"[9, 19]","[1, 7]","[2, 3]",0,0,0,1,1,0,0,0,0,7,9
2024070602659,2024,070602659,364704,377498,-2.53098,53.29326,2,2,4,10:57,-1,E06000050,3,0,1,0,2,"[19, 9]","[7, 5]","[3, 1]",0,0,0,1,0,0,1,0,0,7,10
2024070603885,2024,070603885,376231,367188,-2.35728,53.20123,3,3,5,16:40,-1,E06000049,3,0,1,0,2,19,1,5,0,0,0,1,0,0,0,0,1,7,11
2024070603902,2024,070603902,385511,363407,-2.21819,53.16758,2,2,4,16:46,-1,E06000049,3,0,1,0,1,19,"[6, 4]","[2, 8]",0,0,0,1,0,0,0,1,0,7,10
2024070604055,2024,070604055,371270,355570,-2.4305,53.09655,3,3,4,17:40,-1,E06000049,6,0,1,0,1,4,"[7, 1]","[3, 5]",0,0,0,1,1,0,0,0,0,7,10
2024070604163,2024,070604163,339538,376687,-2.90833,53.28369,3,3,4,18:26,-1,E06000050,5,0,1,0,1,"[9, 19]","[7, 3]","[5, 7]",0,0,0,1,0,0,0,0,0,7,10
2024070605110,2024,070605110,356779,391104,-2.65173,53.41496,1,"[1, 2]",5,05:30,-1,E06000007,1,0,2,1,2,"[4, 3]","[2, 0]","[7, 0]",1,0,0,1,0,0,1,0,0,7,11
2024070605598,2024,070605598,365079,352469,-2.52261,53.06831,3,3,5,10:20,-1,E06000049,5,0,1,1,1,-1,"[3, 4]","[7, 8]",0,0,0,1,0,0,0,1,0,7,11
2024070605782,2024,070605782,385959,363038,-2.21147,53.16427,3,3,5,08:30,-1,E06000049,6,0,2,1,1,"[7, 19]",5,"[7, 1]",0,0,0,1,1,0,0,0,0,7,11
2024070606668,2024,070606668,347036,354369,-2.79218,53.0839,3,3,5,15:11,-1,E06000050,3,0,2,1,2,"[4, 19]","[7, 3]","[3, 7]",0,0,0,1,0,0,0,0,0,7,11
2024070607164,2024,070607164,350111,355685,-2.74648,53.09602,3,3,5,17:30,-1,E06000050,5,0,2,1,2,19,5,1,0,8,4,1,0,0,0,0,0,7,11
2024070607765,2024,070607765,369840,355699,-2.45187,53.09763,3,3,5,21:45,-1,E06000049,3,2,1,0,1,4,4,8,0,0,0,1,0,0,0,0,1,7,11
2024070608811,2024,070608811,361823,382722,-2.57483,53.34001,3,3,6,10:27,-1,E06000007,3,0,1,0,2,"[9, 19]","[5, 3]","[3, 7]",0,"[3, 0]","[2, 0]",1,0,0,0,0,0,7,12
2024070610099,2024,070610099,352822,382163,-2.70992,53.33426,3,3,6,16:30,-1,E06000006,6,0,1,0,1,4,4,8,0,0,0,1,0,0,0,0,0,7,12
2024070611646,2024,070611646,369323,381246,-2.46205,53.32724,3,3,7,06:00,-1,E06000049,1,0,1,0,2,19,5,1,0,0,0,1,0,0,1,0,0,7,13
2024070611713,2024,070611713,356209,368903,-2.65723,53.21537,3,3,7,07:30,-1,E06000050,4,0,1,1,2,19,5,1,0,1,2,1,0,0,0,0,1,7,13
2024070614857,2024,070614857,399922,368825,-2.00263,53.21648,3,3,1,12:50,-1,E06000049,3,0,1,1,2,9,5,1,0,1,0,0,0,1,0,0,0,7,14
2024070614883,2024,070614883,340591,366018,-2.89055,53.18792,3,3,1,13:07,-1,E06000050,6,0,1,0,1,"[2, 19, 9]","[5, 0, 1]","[1, 0, 5]","[0, 4]",0,0,1,1,0,1,0,0,7,14
2024070615056,2024,070615056,353504,378885,-2.6992,53.30486,2,2,1,14:31,-1,E06000050,3,0,9,0,2,19,2,6,0,0,0,1,0,0,0,0,1,7,14
2024070615406,2024,070615406,391777,373123,-2.12471,53.25505,3,3,1,17:05,-1,E06000049,3,0,1,1,1,"[5, 19]","[3, 8]",6,0,0,0,1,0,1,0,0,0,7,14
2024070615555,2024,070615555,356372,386769,-2.65725,53.37596,3,3,1,18:00,-1,E06000007,5,0,9,0,2,19,"[1, 7]","[5, 3]",0,0,0,1,1,0,0,0,0,7,14
2024070615717,2024,070615717,362028,390305,-2.57267,53.40818,3,3,1,19:50,-1,E06000007,6,0,1,0,1,19,"[5, 7]","[1, 3]",0,0,0,1,1,0,0,0,0,7,14
2024070615736,2024,070615736,372020,345149,-2.41839,53.00292,1,1,1,20:08,-1,E06000049,3,0,1,0,2,19,"[5, 1]","[1, 5]",0,"[1, 7]",0,0,0,1,1,0,0,7,14
2024070616606,2024,070616606,352560,378258,-2.71327,53.29914,3,3,2,05:00,-1,E06000050,3,0,1,0,2,"[5, 19]","[1, 6]","[6, 3]",0,0,0,1,1,0,0,0,0,7,15
2024070616888,2024,070616888,362137,354992,-2.56681,53.09079,3,3,2,09:20,-1,E06000049,3,0,1,0,2,19,"[4, 8]","[8, 4]",0,0,0,1,0,0,0,0,0,7,15
2024070618176,2024,070618176,351287,385347,-2.73346,53.36274,3,3,2,15:10,-1,E06000006,4,0,1,0,1,19,1,5,0,0,0,1,0,0,0,0,0,7,15
2024070620020,2024,070620020,374403,385522,-2.38613,53.36594,3,3,3,09:39,-1,E06000049,3,0,1,1,2,19,3,"[1, 6]",0,0,0,1,0,0,1,0,0,7,16
2024070620284,2024,070620284,370720,355749,-2.43873,53.09813,3,3,3,10:15,-1,E06000049,3,0,2,1,1,"[5, 19]","[4, 1]","[1, 7]",0,0,0,1,1,0,0,0,0,7,16
2024070621056,2024,070621056,391643,371394,-2.12667,53.23951,3,3,3,12:59,-1,E06000049,3,0,1,0,1,"[-1, 5]","[5, 7]",1,0,0,0,1,0,0,0,0,0,7,16
2024070621419,2024,070621419,387529,376005,-2.1885,53.28087,3,3,4,16:50,-1,E06000049,4,0,1,0,2,19,"[2, 8]","[6, 4]",0,0,0,1,0,0,0,0,0,7,17
2024070624078,2024,070624078,346146,354458,-2.80548,53.08461,3,3,4,15:10,-1,E06000050,3,0,1,0,2,6,7,7,0,0,0,0,0,1,0,0,0,7,17
2024070624125,2024,070624125,333290,375771,-3.00184,53.27471,3,3,4,15:25,-1,E06000050,3,0,1,0,2,"[19, 7, 4]","[5, 7]",1,0,"[1, 0]","[2, 0]",1,0,1,0,0,0,7,17
2024070625973,2024,070625973,362054,376135,-2.57057,53.28082,1,"[2, 1]",5,09:15,-1,E06000050,3,0,1,0,2,19,"[8, 4]","[4, 8]",0,0,0,1,0,0,0,0,0,7,18
2024070626299,2024,070626299,369487,357971,-2.45735,53.11804,3,3,5,10:20,-1,E06000049,6,0,1,0,1,"[10, 19]",7,3,0,0,0,1,0,1,0,0,0,7,18
2024070626577,2024,070626577,339360,374346,-2.91056,53.26263,3,3,5,09:00,-1,E06000050,3,0,1,0,1,"[9, 19]","[3, 6]","[6, 5]",0,0,0,1,0,0,0,0,0,7,18
2024070626808,2024,070626808,367995,355731,-2.47942,53.09781,3,3,5,13:30,-1,E06000049,3,0,1,0,1,"[9, 14]",6,2,0,0,0,1,1,0,0,0,0,7,18
2024070627160,2024,070627160,341889,368149,-2.87151,53.20722,3,3,5,15:15,-1,E06000050,6,0,1,0,1,"[13, 5]",6,2,0,0,0,1,1,0,0,0,0,7,18
2024070627552,2024,070627552,353091,378538,-2.70534,53.3017,3,3,5,17:15,-1,E06000050,3,0,1,0,2,"[4, 3]",2,6,0,0,0,1,0,0,0,0,0,7,18
2024070627588,2024,070627588,340162,364731,-2.89673,53.1763,2,"[3, 2]",5,17:32,-1,E06000050,3,0,1,0,2,"[19, 3]",5,1,0,0,0,1,0,0,0,0,0,7,18
2024070627650,2024,070627650,372522,354981,-2.41175,53.09133,2,2,5,17:53,-1,E06000049,3,0,1,0,2,19,"[8, 4]","[4, 8]",0,0,0,1,0,0,1,0,0,7,18
2024070627864,2024,070627864,397440,384654,-2.03993,53.35876,3,3,4,17:30,-1,E06000049,3,0,9,0,1,"[3, 19]",7,"[6, 3]",0,0,0,1,0,0,0,0,0,7,17
2024070628945,2024,070628945,338373,375919,-2.92566,53.27665,3,3,6,08:49,-1,E06000050,6,0,1,0,1,"[4, 9]","[1, 5]","[5, 3]",0,0,0,1,0,0,0,0,0,7,19
2024070629021,2024,070629021,338320,374745,-2.92622,53.2661,3,3,6,08:34,-1,E06000050,6,0,1,0,1,"[19, 2]","[8, 5]","[4, 1]",0,0,0,1,1,0,0,0,0,7,19
2024070631808,2024,070631808,344205,365897,-2.83645,53.18722,3,3,6,18:30,-1,E06000050,5,0,1,0,1,19,"[8, 7]","[7, 8]",0,"[1, 0]",0,0,0,1,0,0,0,7,19
2024070632619,2024,070632619,340989,366967,-2.88477,53.19649,3,3,7,10:38,-1,E06000050,3,0,1,0,1,9,1,3,0,0,0,0,0,0,1,0,1,7,20
2024070633607,2024,070633607,360743,387878,-2.59169,53.38628,3,3,7,18:07,-1,E06000007,5,0,1,0,1,5,"[7, 5]","[3, 1]",0,0,0,1,1,0,0,0,0,7,20
2024070633626,2024,070633626,369711,357964,-2.45401,53.11799,2,"[3, 2]",7,18:15,-1,E06000049,6,0,1,0,1,"[19, 7]","[3, 5]","[7, 1]",0,0,0,1,0,1,0,0,0,7,20
2024070634460,2024,070634460,357511,383413,-2.63968,53.34589,3,3,1,00:39,-1,E06000006,3,2,1,1,2,19,"[7, 3]","[3, 7]",2,0,0,1,0,0,0,0,0,7,21
2024070635068,2024,070635068,354755,368488,-2.67895,53.21152,1,1,1,09:14,-1,E06000050,3,0,1,0,2,19,"[7, 3]","[3, 7]",0,"[0, 1]",0,1,0,1,0,0,0,7,21