collision_index,collision_year,collision_ref_no,location_easting_osgr,location_northing_osgr,longitude,latitude,casualty_severity,casualty_severity,day_of_week,time,local_authority_district,local_authority_ons_district,first_road_class,light_conditions,weather_conditions,road_surface_conditions,urban_or_rural_area,vehicle_manoeuvre,vehicle_direction_from,vehicle_direction_to,hit_object_in_carriageway,vehicle_leaving_carriageway,hit_object_off_carriageway,is_car,is_cyle,is_mcyle,is_goodsv,is_other,is_pedestrian,month,day
2024070734962,2024,070734962,353154,379682,-2.70457,53.31199,3,3,7,19:30,-1,E06000006,1,0,1,0,2,19,3,1,0,1,10,0,0,1,0,0,0,8,24
2024070739120,2024,070739120,384885,381339,-2.22841,53.32875,3,3,2,13:13,-1,E06000049,3,0,8,0,1,3,1,5,0,0,0,1,0,0,0,0,1,8,26
2024070739518,2024,070739518,342834,368108,-2.85736,53.20695,3,3,2,16:05,-1,E06000050,3,0,1,0,1,"[19, 5]","[2, 8]",6,0,0,0,1,0,1,0,0,0,8,26
2024070739591,2024,070739591,391340,373666,-2.13128,53.25992,2,2,2,16:35,-1,E06000049,6,0,1,0,1,"[13, 12]",5,1,0,0,0,1,1,0,0,0,0,8,26
2024070740155,2024,070740155,353471,380430,-2.69992,53.31874,2,2,2,21:25,-1,E06000006,6,2,1,1,2,4,3,7,0,0,0,1,0,1,0,0,0,8,26
2024070741012,2024,070741012,368730,366738,-2.46952,53.1968,2,"[3, 2]",3,10:07,-1,E06000050,3,0,1,0,2,"[19, 5]","[7, 4]","[3, 8]",0,"[1, 0]",0,1,0,0,0,0,0,8,27
2024070741306,2024,070741306,376030,375663,-2.36093,53.2774,2,"[2, 3]",3,11:45,-1,E06000049,3,0,1,0,2,"[19, 9]","[7, 3]","[3, 7]",0,"[0, 1]",0,1,0,0,0,0,0,8,27
2024070741370,2024,070741370,383779,380597,-2.24498,53.32205,3,3,3,11:55,-1,E06000049,6,0,1,0,1,14,3,7,0,0,0,1,1,0,0,0,0,8,27
2024070741384,2024,070741384,354291,358670,-2.68449,53.12323,3,3,3,11:43,-1,E06000050,5,0,1,0,2,"[1, 19]","[4, 7]","[8, 3]",0,0,0,1,0,0,1,0,0,8,27
2024070741448,2024,070741448,391650,371534,-2.12657,53.24076,3,3,3,12:00,-1,E06000049,3,0,1,0,1,"[9, 19]","[7, 5]","[3, 1]",0,0,0,1,1,0,0,0,0,8,27
2024070742424,2024,070742424,361208,388366,-2.58476,53.3907,3,3,7,15:30,-1,E06000007,6,0,2,1,1,19,8,4,0,0,0,1,1,0,0,0,1,8,24
2024070744500,2024,070744500,338053,374358,-2.93015,53.26259,3,3,3,16:25,-1,E06000050,3,0,1,0,1,"[4, 19]","[8, 6]","[4, 2]",0,0,0,1,1,0,0,0,0,8,27
2024070745175,2024,070745175,354159,381834,-2.6898,53.33142,2,2,4,15:15,-1,E06000006,6,0,1,0,1,"[19, 13]","[3, 7]","[7, 3]",0,0,0,1,1,0,0,0,0,8,28
2024070746045,2024,070746045,374060,361345,-2.3893,53.14861,3,3,4,22:24,-1,E06000049,3,2,1,1,1,"[13, 9]",4,8,0,"[7, 0]","[10, 0]",1,0,0,0,0,0,8,28
2024070748113,2024,070748113,361460,388583,-2.581,53.39267,3,3,5,16:00,-1,E06000007,3,0,1,0,1,"[12, 3]",2,7,0,0,0,1,0,0,0,0,0,8,29
2024070748370,2024,070748370,350067,385202,-2.75177,53.36132,3,3,5,18:02,-1,E06000006,3,0,1,0,2,19,7,3,"[7, 0]","[5, 0]","[6, 0]",1,0,1,0,0,0,8,29
2024070750822,2024,070750822,380921,357006,-2.28646,53.1099,2,2,6,15:12,-1,E06000049,3,0,1,0,2,"[19, 9]","[5, 3]","[1, 5]","[10, 0]","[1, 0]","[4, 0]",1,0,0,0,0,0,8,30
2024070750971,2024,070750971,342772,368108,-2.85829,53.20694,3,3,6,16:02,-1,E06000050,3,0,1,0,1,"[19, 5]",7,"[1, 3]",0,0,0,1,0,0,0,0,0,8,30
2024070751067,2024,070751067,355773,361299,-2.66271,53.14699,3,3,6,16:30,-1,E06000050,3,0,1,0,2,19,"[6, 2]","[2, 6]",0,0,0,1,0,0,0,0,0,8,30
2024070751448,2024,070751448,370314,356906,-2.4449,53.10851,2,2,6,19:00,-1,E06000049,6,0,1,0,1,9,1,7,0,1,11,0,0,1,0,0,0,8,30
2024070751786,2024,070751786,363573,390546,-2.54946,53.41046,2,"[3, 2]",5,21:35,-1,E06000007,3,2,1,0,2,19,"[3, 7]","[7, 3]",0,"[7, 0]","[4, 0]",1,0,0,0,0,0,8,29
2024070753061,2024,070753061,371053,355665,-2.43375,53.0974,3,3,7,12:22,-1,E06000049,3,0,1,0,1,"[4, 3]",1,5,"[4, 0]","[2, 0]","[2, 0]",1,0,0,0,0,0,8,31
2024070753071,2024,070753071,375673,378631,-2.36651,53.30406,3,3,6,12:13,-1,E06000049,4,0,1,0,1,19,1,5,0,0,0,1,1,0,0,0,0,8,30
2024070753553,2024,070753553,352559,381889,-2.71383,53.33177,3,3,7,16:13,-1,E06000006,4,0,1,0,1,19,"[8, 4]","[4, 8]",0,0,0,1,0,0,0,0,0,8,31
2024070755465,2024,070755465,337789,376534,-2.93453,53.28211,2,2,1,11:00,-1,E06000050,6,0,1,0,1,19,1,5,10,3,11,0,0,1,0,0,0,9,1
2024070756754,2024,070756754,385861,381980,-2.21378,53.33454,3,3,1,21:50,-1,E06000049,3,2,1,1,1,19,6,2,9,1,4,1,0,0,0,0,0,9,1
2024070756815,2024,070756815,364741,376727,-2.53034,53.28633,3,3,1,22:20,-1,E06000050,5,2,8,1,2,19,1,5,0,1,1,1,0,0,0,0,0,9,1
2024070760786,2024,070760786,352064,356665,-2.71746,53.10501,2,2,2,18:30,-1,E06000050,6,0,1,0,2,19,"[2, 4]","[4, 2]",0,0,0,1,0,0,0,1,0,9,2
2024070760846,2024,070760846,343950,365674,-2.84022,53.18519,3,3,3,11:43,-1,E06000050,6,0,1,0,1,19,1,8,0,0,0,1,0,0,0,0,1,9,3
2024070761574,2024,070761574,377139,365448,-2.34356,53.18563,3,3,3,15:10,-1,E06000049,3,0,1,0,2,"[19, 8, 9]","[1, 2, 5]","[5, 1]",0,"[1, 0]","[1, 0]",1,0,0,0,0,0,9,3
2024070761598,2024,070761598,340809,366371,-2.88735,53.19112,3,3,3,15:20,-1,E06000050,6,0,1,0,1,19,3,7,0,0,0,0,0,0,0,0,1,9,3
2024070762728,2024,070762728,352156,384646,-2.7203,53.35652,2,2,2,22:36,-1,E06000006,3,2,5,1,2,"[19, 13]",8,4,0,0,0,0,0,1,0,0,0,9,2
2024070763535,2024,070763535,340052,364954,-2.89841,53.1783,3,3,4,08:30,-1,E06000050,6,0,1,0,1,"[19, 3]","[1, 5]","[5, 1]",0,0,0,1,0,0,0,0,0,9,4
2024070764061,2024,070764061,349817,386296,-2.7557,53.37113,2,2,4,13:09,-1,E06000006,5,0,2,1,1,5,1,5,0,0,0,1,0,0,0,0,1,9,4
2024070764616,2024,070764616,351220,368284,-2.73184,53.20937,3,3,5,15:34,-1,E06000050,6,0,1,0,2,"[5, 4]",3,7,0,0,0,0,0,0,1,0,0,9,5
2024070765532,2024,070765532,361907,361162,-2.57098,53.14623,3,3,4,20:56,-1,E06000049,5,2,8,1,2,"[19, 9]",6,2,0,0,0,1,0,1,0,0,0,9,4
2024070767011,2024,070767011,374905,369180,-2.37729,53.21907,1,1,5,12:13,-1,E06000049,3,0,1,0,2,"[19, 5]","[5, 7]","[1, 3]",0,0,0,1,0,0,0,0,0,9,5
2024070768279,2024,070768279,362396,352974,-2.56271,53.07267,2,2,5,18:43,-1,E06000049,6,0,1,0,2,19,"[6, 1]","[2, 5]",0,"[7, 0]",0,1,0,0,0,0,0,9,5
2024070768624,2024,070768624,354821,373780,-2.67871,53.25909,2,"[2, 3]",5,21:14,-1,E06000050,4,2,1,0,2,19,"[5, 7]","[1, 3]",0,0,0,1,0,0,0,0,0,9,5
2024070771013,2024,070771013,378922,379700,-2.31783,53.31381,2,2,5,15:00,-1,E06000049,4,0,1,0,2,19,"[7, 3]","[3, 7]",0,0,0,1,0,0,0,1,0,8,29
2024070771123,2024,070771123,352690,360821,-2.70873,53.14242,2,2,6,18:00,-1,E06000050,6,0,1,0,2,19,3,7,0,1,3,1,0,0,0,0,0,9,6
2024070771641,2024,070771641,374519,361263,-2.38244,53.14789,3,3,6,21:00,-1,E06000049,6,2,9,0,1,19,"[5, 1]","[1, 5]",0,1,"[4, 0]",1,1,0,0,0,0,9,6
2024070771784,2024,070771784,356566,387914,-2.65449,53.38627,3,3,6,18:57,-1,E06000007,5,0,1,0,1,19,"[3, 1]","[3, 1]",0,0,0,1,1,0,0,0,0,9,6
2024070773474,2024,070773474,346348,351537,-2.80197,53.05838,1,1,7,16:22,-1,E06000050,6,0,1,0,2,19,3,7,0,7,9,0,0,1,0,0,0,9,7
2024070774735,2024,070774735,379900,353900,-2.30152,53.08194,3,3,1,02:34,-1,E06000049,5,2,2,1,2,19,1,5,0,8,10,1,0,0,0,0,0,9,8
2024070777334,2024,070777334,366715,354284,-2.49839,53.08473,3,3,2,09:56,-1,E06000049,3,0,1,0,2,"[19, 5]",4,2,0,0,0,1,0,0,1,0,0,9,9
2024070778287,2024,070778287,369765,366476,-2.45401,53.1945,2,2,2,09:40,-1,E06000049,3,0,1,0,1,"[19, 9]",3,1,0,0,0,1,0,1,0,0,0,9,9
2024070778467,2024,070778467,369880,352130,-2.45093,53.06556,3,3,2,15:38,-1,E06000049,5,0,1,0,1,19,4,8,0,0,0,1,0,0,0,0,1,9,9
2024070779354,2024,070779354,353715,381199,-2.69637,53.32567,2,2,2,21:25,-1,E06000006,6,2,1,0,1,"[9, 19]","[2, 4]","[6, 8]",0,0,0,1,1,0,0,0,0,9,9
2024070779541,2024,070779541,367536,373467,-2.48808,53.25721,3,3,2,23:00,-1,E06000050,4,2,1,0,1,19,"[7, 3]","[3, 7]",0,0,0,1,1,0,0,0,0,9,9
2024070782036,2024,070782036,358415,387978,-2.62671,53.387,3,3,3,17:38,-1,E06000007,5,0,1,0,1,"[9, 4]","[5, 1]","[1, 5]",0,0,0,1,1,0,0,0,0,9,10
2024070783253,2024,070783253,352485,386029,-2.71556,53.36898,2,"[2, 3]",3,18:00,-1,E06000006,5,0,1,0,1,9,5,7,0,0,0,1,0,0,0,0,1,9,10
2024070783322,2024,070783322,368924,356192,-2.46559,53.10201,3,3,4,08:30,-1,E06000049,3,0,2,1,1,"[9, 19]","[5, 3]","[7, 3]",0,0,0,1,1,0,0,0,0,9,11
2024070783868,2024,070783868,339407,375358,-2.91004,53.27173,3,3,4,08:15,-1,E06000050,3,0,2,1,1,19,5,1,0,0,0,1,0,0,0,0,1,9,11
2024070785013,2024,070785013,361756,390740,-2.57681,53.41207,3,3,4,06:50,-1,E06000007,6,0,1,1,1,19,"[2, 8]","[6, 4]",0,0,0,1,1,0,0,0,0,9,11
2024070785430,2024,070785430,378018,384349,-2.33172,53.35556,3,3,4,22:33,-1,E06000049,6,2,2,1,2,19,1,5,0,7,11,1,0,0,0,0,0,9,11
2024070785958,2024,070785958,362385,390371,-2.5673,53.4088,3,3,5,08:06,-1,E06000007,5,0,1,0,1,14,6,2,0,0,0,1,0,0,0,0,1,9,12
2024070786598,2024,070786598,341814,376416,-2.87415,53.28151,2,2,5,12:32,-1,E06000050,6,0,1,1,1,"[9, 19]","[1, 7]","[6, 3]",0,0,0,0,1,0,1,0,0,9,12
2024070787557,2024,070787557,360035,375832,-2.60081,53.27795,3,3,5,17:23,-1,E06000050,3,0,1,0,2,"[4, 9]",6,2,0,0,0,1,0,1,0,0,0,9,12
2024070787851,2024,070787851,338394,378090,-2.92576,53.29617,3,3,4,16:51,-1,E06000050,1,0,2,1,2,"[4, 19]",3,7,0,0,0,1,0,0,0,0,0,9,11
2024070788497,2024,070788497,366663,360607,-2.49982,53.14156,3,3,5,16:26,-1,E06000049,4,0,1,0,2,9,"[3, 7]","[1, 3]",0,0,0,1,0,0,0,0,0,9,12
2024070788611,2024,070788611,353941,379470,-2.69273,53.31015,3,3,6,05:04,-1,E06000050,5,2,2,1,1,19,5,1,0,1,3,1,0,0,0,0,0,9,13
2024070790370,2024,070790370,360852,389335,-2.59024,53.39938,3,3,6,15:30,-1,E06000007,6,0,1,0,1,19,"[1, 8]",2,0,0,0,1,1,0,0,0,0,9,13
2024070790515,2024,070790515,364029,386825,-2.54217,53.37705,3,3,5,19:00,-1,E06000007,3,2,9,0,1,19,3,7,0,0,0,1,0,0,0,0,0,9,12
2024070790540,2024,070790540,385527,363430,-2.21795,53.16779,3,3,6,10:00,-1,E06000049,6,0,1,0,1,7,8,1,0,0,0,1,1,0,0,0,0,9,13
2024070790861,2024,070790861,340655,366741,-2.88973,53.19442,2,2,6,19:52,-1,E06000050,6,2,1,0,1,"[12, 13, 2]","[3, 0]","[3, 0]",0,"[7, 0]",0,1,0,0,0,0,0,9,13
2024070791086,2024,070791086,343979,365455,-2.83975,53.18323,2,2,6,21:26,-1,E06000050,6,2,1,0,2,14,7,3,0,0,0,1,0,0,0,0,0,9,13
2024070792132,2024,070792132,385668,383188,-2.21674,53.34539,1,1,7,10:38,-1,E06000049,4,0,1,0,1,19,6,2,0,0,0,1,1,0,0,0,0,9,14
2024070794214,2024,070794214,376132,378385,-2.35961,53.30187,2,2,1,04:48,-1,E06000049,6,2,1,0,1,19,3,2,10,8,4,1,0,0,0,0,0,9,15
2024070794993,2024,070794993,378693,376289,-2.32104,53.28314,3,3,1,12:00,-1,E06000049,3,0,1,0,2,"[10, 19]",4,8,"[0, 4]",0,0,1,0,0,1,0,0,9,15
2024070795804,2024,070795804,369985,354546,-2.44959,53.08728,3,3,1,21:05,-1,E06000049,6,2,1,0,1,5,1,5,0,0,0,1,0,0,0,0,1,9,15
2024070796383,2024,070796383,377149,360124,-2.34303,53.13777,3,3,2,06:59,-1,E06000049,3,0,1,1,2,"[5, 19]","[2, 8]","[6, 4]",0,0,0,1,0,0,0,0,0,9,16
2024070796402,2024,070796402,368119,347030,-2.47671,53.01961,2,2,2,07:14,-1,E06000049,3,2,7,0,2,4,2,4,11,0,4,0,0,1,0,0,0,9,16
2024070796747,2024,070796747,336732,377343,-2.95055,53.28926,3,3,2,09:00,-1,E06000050,3,0,1,0,1,"[19, 4]",5,1,0,0,0,1,1,0,0,0,0,9,16
2024070797262,2024,070797262,335704,378489,-2.9662,53.29943,3,3,2,12:38,-1,E06000050,4,0,1,0,2,"[9, 19]","[1, 7]","[3, 7]",0,0,0,1,0,0,1,0,0,9,16
2024070798279,2024,070798279,360449,391012,-2.59651,53.41442,3,3,2,16:05,-1,E06000007,6,2,1,0,1,"[19, 9]","[7, 5]",3,0,0,0,1,0,1,0,0,0,9,16
2024070798423,2024,070798423,390866,376858,-2.13848,53.28861,3,3,2,18:00,-1,E06000049,3,0,1,0,1,19,"[5, 1]","[1, 5]",0,"[1, 0]","[11, 0]",1,0,0,0,0,0,9,16
2024070798443,2024,070798443,337001,378746,-2.94679,53.3019,2,2,2,18:07,-1,E06000050,4,0,1,0,2,19,"[4, 2]","[2, 4]",0,0,0,1,0,0,0,0,0,9,16
2024070800919,2024,070800919,343144,368551,-2.8528,53.21097,3,3,3,15:13,-1,E06000050,3,0,1,0,2,"[12, 19]","[8, 6]","[8, 6]",0,0,0,1,0,0,0,0,0,9,17
2024070801352,2024,070801352,355298,345971,-2.66767,53.00917,2,"[3, 2]",3,17:39,-1,E06000049,6,0,1,0,2,19,"[3, 7]","[7, 3]",0,0,0,1,0,0,0,1,0,9,17
2024070801426,2024,070801426,389140,376728,-2.16436,53.28741,3,3,3,18:04,-1,E06000049,6,0,1,0,1,"[19, 7]","[3, 1]","[7, 5]",0,0,0,1,1,0,0,0,0,9,17
2024070801661,2024,070801661,340205,366205,-2.89636,53.18956,3,3,3,19:44,-1,E06000050,6,2,1,0,1,"[7, 19]",1,"[-1, 1]","[-1, 0]","[-1, 3]","[-1, 0]",1,1,0,0,0,0,9,17
2024070802700,2024,070802700,369724,355506,-2.45358,53.09589,3,3,3,14:45,-1,E06000049,5,0,1,0,1,19,7,3,0,0,0,1,0,0,0,0,1,9,17
2024070802744,2024,070802744,370742,354736,-2.43831,53.08903,2,2,4,06:00,-1,E06000049,3,2,2,1,1,19,"[3, 7]","[7, 3]",0,0,0,1,1,0,0,0,0,9,18
2024070803994,2024,070803994,360837,349547,-2.58556,53.04175,2,2,4,15:12,-1,E06000049,5,0,1,0,2,19,"[7, 3]","[3, 7]",0,0,0,1,0,0,0,0,0,9,18
2024070804093,2024,070804093,359123,381706,-2.61525,53.33068,3,3,4,15:39,-1,E06000007,1,0,1,0,2,"[19, 4]",7,3,0,0,0,1,0,0,0,0,0,9,18
2024070804378,2024,070804378,384899,381372,-2.2282,53.32904,3,3,4,17:05,-1,E06000049,4,0,1,0,1,4,5,1,0,1,0,1,0,0,0,0,1,9,18
2024070804480,2024,070804480,388314,373590,-2.17664,53.25918,3,3,4,17:45,-1,E06000049,3,0,1,0,2,"[4, 19]",7,3,0,0,0,1,0,0,0,0,0,9,18
2024070804880,2024,070804880,370156,354167,-2.447,53.08388,2,2,4,20:26,-1,E06000049,6,2,1,0,1,"[2, 19]","[0, 7]","[0, 3]","[0, 4]",0,0,1,1,0,0,0,0,9,18
2024070805655,2024,070805655,361927,348883,-2.56923,53.03586,3,3,5,04:44,-1,E06000049,5,2,1,0,2,19,5,1,0,7,3,1,0,0,0,0,0,9,19
2024070806293,2024,070806293,368564,353976,-2.47075,53.08207,3,3,4,15:00,-1,E06000049,6,0,1,0,1,19,"[5, 1]","[1, 5]",0,0,0,1,1,0,0,0,0,9,18
2024070807333,2024,070807333,343055,365944,-2.85366,53.18752,3,3,4,07:50,-1,E06000050,3,0,4,0,1,19,"[3, 1]","[1, 5]",0,0,0,1,1,0,0,0,0,9,18
2024070807641,2024,070807641,384394,374520,-2.23544,53.26744,3,3,5,18:13,-1,E06000049,4,0,1,0,2,"[9, 19]","[5, 7]","[7, 3]",0,0,0,1,0,0,0,0,0,9,19
2024070807875,2024,070807875,391600,370737,-2.1273,53.2336,3,3,5,19:53,-1,E06000049,3,2,2,1,1,19,"[5, 1]","[1, 5]",0,0,0,1,0,1,0,0,0,9,19
2024070808854,2024,070808854,373304,373919,-2.40166,53.26159,3,3,6,07:36,-1,E06000050,1,0,1,0,2,19,1,5,0,0,0,0,0,0,1,0,0,9,20
2024070809446,2024,070809446,343539,365732,-2.84638,53.18567,2,2,6,11:14,-1,E06000050,3,0,1,0,2,19,"[4, 8]","[8, 4]",0,0,"[0, 10]",1,0,0,1,0,0,9,20
2024070809942,2024,070809942,369326,381244,-2.46201,53.32722,3,3,6,13:45,-1,E06000049,1,0,1,0,2,"[11, 19]",5,1,0,"[1, 0]","[11, 0]",1,0,0,1,0,0,9,20
2024070810511,2024,070810511,338107,368319,-2.92816,53.20832,2,2,6,15:00,-1,E06000050,6,0,1,0,1,19,"[1, 5]","[3, 7]",0,0,0,1,0,1,0,0,0,9,20
2024070812704,2024,070812704,376723,361682,-2.34951,53.15176,3,3,7,13:49,-1,E06000049,3,0,1,0,2,"[9, 7]","[2, 7]","[7, 2]",0,"[7, 0]","[1, 0]",1,0,0,0,0,0,9,21
2024070814917,2024,070814917,342617,369980,-2.86095,53.22375,2,2,1,12:49,-1,E06000050,1,0,2,1,2,19,5,1,0,0,0,0,0,1,0,0,0,9,22
2024070815008,2024,070815008,346365,371817,-2.80512,53.24066,3,3,1,13:48,-1,E06000050,3,0,2,1,2,"[19, 5]","[7, 1]","[3, 5]",0,0,0,1,0,0,0,0,0,9,22
2024070815502,2024,070815502,389779,379216,-2.15486,53.30978,3,3,1,17:58,-1,E06000049,4,0,2,1,2,19,8,4,0,1,4,1,0,0,0,0,0,9,22
2024070816339,2024,070816339,356247,380462,-2.65826,53.31927,2,"[2, 3]",2,05:18,-1,E06000006,1,2,2,1,2,19,7,3,0,0,6,1,0,0,0,0,0,9,23
2024070817463,2024,070817463,373737,356066,-2.3937,53.10114,3,3,6,12:40,-1,E06000049,5,0,9,0,2,5,9,9,0,0,0,1,0,0,0,0,1,9,13
2024070819558,2024,070819558,339766,363741,-2.90246,53.16736,3,3,3,08:50,-1,E06000050,3,0,2,1,2,19,6,2,0,0,0,1,0,0,0,0,1,9,24
2024070819559,2024,070819559,356543,367732,-2.65207,53.20487,3,3,3,08:57,-1,E06000050,3,0,1,0,2,19,"[3, 7]","[7, 3]",0,0,0,1,0,0,0,0,0,9,24
2024070821184,2024,070821184,341607,369160,-2.87592,53.21627,3,3,3,15:34,-1,E06000050,6,0,1,0,1,19,"[1, 9]","[5, 9]",0,0,0,1,1,0,0,0,0,9,24
2024070821581,2024,070821581,360855,388534,-2.59009,53.39218,2,2,3,19:57,-1,E06000007,3,2,1,0,1,19,7,3,0,0,0,1,0,0,0,0,1,9,24
2024070821933,2024,070821933,369313,390532,-2.46311,53.4107,2,2,3,23:22,-1,E06000007,3,2,1,0,2,19,"[7, 3]","[3, 7]",0,0,0,1,0,0,1,0,0,9,24
2024070822386,2024,070822386,355424,380318,-2.67059,53.3179,3,3,4,07:54,-1,E06000006,6,0,1,0,1,19,1,5,0,0,0,1,0,0,0,0,0,9,25
2024070822644,2024,070822644,374521,359742,-2.38228,53.13422,3,3,4,07:23,-1,E06000049,6,0,1,0,2,4,6,2,0,0,0,1,0,0,0,0,1,9,25
2024070823788,2024,070823788,379931,355567,-2.30116,53.09692,3,3,4,15:34,-1,E06000049,4,0,2,1,1,"[9, 19]","[5, 7]","[1, 3]",0,0,0,1,0,0,0,0,0,9,25
2024070823971,2024,070823971,377554,352953,-2.33647,53.07333,3,3,4,16:37,-1,E06000049,1,0,2,1,2,19,5,1,0,0,0,1,0,0,0,0,0,9,25
2024070824274,2024,070824274,349087,387178,-2.76681,53.37899,2,2,4,18:42,-1,E06000006,6,0,1,1,1,9,3,1,0,0,0,1,0,0,0,0,1,9,25
2024070825179,2024,070825179,340400,370203,-2.89419,53.22551,3,3,5,07:41,-1,E06000050,3,0,2,1,1,19,5,1,10,0,10,0,0,1,0,0,0,9,26
2024070826182,2024,070826182,361966,389952,-2.57356,53.40501,3,3,5,13:27,-1,E06000007,3,0,1,0,1,19,"[5, 3]",7,0,0,0,1,1,0,0,0,0,9,26
2024070826713,2024,070826713,337445,377407,-2.93986,53.28992,3,3,5,15:41,-1,E06000050,6,0,1,0,1,"[5, 19]",2,3,0,0,0,1,0,1,0,0,0,9,26
2024070827030,2024,070827030,378281,358088,-2.32597,53.11952,3,3,5,17:31,-1,E06000049,5,0,1,0,2,"[9, 7]","[1, 5]","[5, 1]",0,0,0,1,0,0,0,0,0,9,26
2024070827406,2024,070827406,339640,367434,-2.90505,53.20054,3,3,5,20:19,-1,E06000050,3,2,2,1,1,"[9, 19]","[6, 2]","[4, 6]",0,0,0,1,0,0,0,0,0,9,26
2024070828875,2024,070828875,338845,368192,-2.91709,53.20726,3,3,6,12:24,-1,E06000050,6,0,1,0,1,"[3, 14]",3,7,0,0,0,1,1,0,0,0,0,9,27
2024070829374,2024,070829374,365226,373410,-2.5227,53.25655,2,2,2,16:30,-1,E06000050,3,0,9,-1,1,19,9,9,99,9,99,1,0,0,0,0,1,9,23
2024070829758,2024,070829758,361341,389246,-2.58287,53.39862,3,3,6,16:41,-1,E06000007,5,0,1,0,1,"[5, 19]","[5, 3]","[6, 3]",0,0,0,1,0,1,0,0,0,9,27
2024070831082,2024,070831082,381513,362711,-2.27795,53.1612,2,2,7,03:04,-1,E06000049,3,2,1,0,2,19,3,7,0,7,4,1,0,0,0,0,0,9,28
2024070832158,2024,070832158,386416,383978,-2.20554,53.35251,2,2,6,13:30,-1,E06000049,6,0,1,0,1,99,9,9,0,0,0,1,0,0,0,0,1,9,27
2024070832404,2024,070832404,366346,383965,-2.50704,53.35149,3,3,7,17:04,-1,E06000049,1,0,1,0,2,"[19, 13]",3,7,0,0,0,1,0,0,0,0,0,9,28
2024070833480,2024,070833480,352230,386600,-2.71948,53.37409,2,2,1,02:24,-1,E06000006,6,2,1,0,1,"[2, 19]","[0, 7]","[0, 3]","[0, 4]",0,0,1,0,0,0,0,0,9,29
2024070833682,2024,070833682,377662,352724,-2.33485,53.07128,3,3,1,05:15,-1,E06000049,1,2,1,0,2,19,1,5,0,0,10,1,0,0,0,0,0,9,29
2024070834514,2024,070834514,397273,373418,-2.04234,53.25776,2,2,1,15:24,-1,E06000049,3,0,1,1,2,19,3,7,0,"[0, 1]","[0, 11]",1,0,1,0,0,0,9,29
2024070834547,2024,070834547,355998,394816,-2.664,53.44826,3,3,1,15:41,-1,E06000007,3,0,2,1,2,"[19, 9]","[2, 5]","[6, 2]",0,0,0,1,1,0,0,0,0,9,29
2024070834566,2024,070834566,341031,374361,-2.88551,53.26295,3,3,1,15:00,-1,E06000050,4,0,1,0,1,19,7,3,0,0,0,1,0,0,0,0,1,9,29
2024070835284,2024,070835284,359418,391807,-2.61212,53.42149,2,"[2, 3]",1,21:53,-1,E06000007,1,2,2,1,2,"[19, 2]","[3, 0]","[7, 0]",0,0,0,1,0,0,0,0,0,9,29
2024070836801,2024,070836801,361399,389380,-2.58201,53.39982,3,3,2,13:28,-1,E06000007,6,0,3,1,1,19,1,5,0,0,0,1,0,0,0,0,0,9,30
2024070837557,2024,070837557,373942,360904,-2.39103,53.14464,3,3,2,17:46,-1,E06000049,6,0,2,1,1,19,"[3, 5]","[7, 1]",0,"[0, 1]",0,1,0,0,0,0,0,9,30
2024070837655,2024,070837655,361906,390056,-2.57447,53.40594,3,3,2,18:32,-1,E06000007,3,2,2,1,1,"[9, 19]","[3, 7]","[1, 3]",0,0,0,1,0,1,0,0,0,9,30
2024070837688,2024,070837688,366388,388570,-2.5069,53.39289,3,3,2,18:52,-1,E06000007,1,0,2,1,2,19,5,1,0,4,9,0,0,0,1,0,0,9,30
2024070838005,2024,070838005,369453,392560,-2.4612,53.42894,3,3,2,21:36,-1,E06000007,4,2,2,1,2,19,5,1,0,1,11,1,0,0,0,0,0,9,30
2024070839201,2024,070839201,360742,386123,-2.59149,53.3705,2,2,3,11:38,-1,E06000007,6,0,1,0,1,19,7,3,0,0,0,1,1,0,0,0,0,10,1
2024070843121,2024,070843121,359119,353136,-2.61164,53.07388,3,3,2,06:30,-1,E06000049,3,2,2,1,2,19,2,6,11,0,0,0,0,1,0,0,0,9,30
2024070844553,2024,070844553,340074,375904,-2.90015,53.27671,3,3,5,08:25,-1,E06000050,6,0,1,0,1,19,2,6,0,0,0,1,0,0,0,0,0,10,3
2024070844772,2024,070844772,391880,373617,-2.12318,53.25949,2,2,5,09:20,-1,E06000049,3,0,1,0,1,"[9, 19]","[1, 5]","[5, 7]",0,0,0,1,1,0,0,0,0,10,3
2024070845111,2024,070845111,350755,385144,-2.74142,53.36086,2,2,5,11:53,-1,E06000006,4,0,1,0,1,4,1,3,0,0,0,1,0,0,0,0,0,10,3
2024070845682,2024,070845682,364818,391678,-2.53085,53.42072,3,3,5,14:50,-1,E06000007,3,0,1,0,2,"[12, 19]","[6, 4]","[2, 8]",0,0,0,1,0,0,0,0,0,10,3
2024070846194,2024,070846194,362790,365878,-2.55833,53.18868,3,3,5,17:14,-1,E06000050,6,0,2,1,1,19,1,5,0,0,0,0,0,1,0,0,0,10,3
2024070846280,2024,070846280,357348,379994,-2.64167,53.31515,2,2,5,17:55,-1,E06000006,5,0,1,0,2,19,"[1, 5]","[5, 1]",0,0,0,1,0,1,0,0,0,10,3
2024070846964,2024,070846964,365246,352992,-2.52018,53.07302,2,2,5,22:46,-1,E06000049,6,2,1,0,1,"[4, 7]","[3, 1]","[7, 5]",0,0,0,1,1,0,0,0,0,10,3