collision_index,collision_year,collision_ref_no,location_easting_osgr,location_northing_osgr,longitude,latitude,casualty_severity,casualty_severity,day_of_week,time,local_authority_district,local_authority_ons_district,first_road_class,light_conditions,weather_conditions,road_surface_conditions,urban_or_rural_area,vehicle_manoeuvre,vehicle_direction_from,vehicle_direction_to,hit_object_in_carriageway,vehicle_leaving_carriageway,hit_object_off_carriageway,is_car,is_cyle,is_mcyle,is_goodsv,is_other,is_pedestrian,month,day
2024101409169,2024,101409169,428046,562316,-1.5636,54.9547,1,1,2,23:41,-1,E08000037,3,2,1,1,1,19,7,3,0,0,0,0,0,0,1,0,1,2,12
2024101409201,2024,101409201,421659,565742,-1.66307,54.98581,3,3,5,17:56,-1,E08000021,4,2,2,1,1,"[19, 9]","[6, 8]","[2, 5]",0,0,0,1,0,1,0,0,0,2,8
2024101409261,2024,101409261,436343,558295,-1.43456,54.91804,3,3,2,18:35,-1,E08000024,3,2,1,1,1,"[5, 19]","[3, 2]","[5, 4]",0,0,0,1,1,0,0,0,0,2,12
2024101409382,2024,101409382,433570,556989,-1.47797,54.9065,3,3,3,08:20,-1,E08000024,3,0,1,0,2,"[19, 4]",2,7,0,0,0,1,0,0,0,0,0,2,13
2024101409405,2024,101409405,426028,581886,-1.59333,55.13067,2,2,1,21:59,-1,E06000057,3,2,1,1,1,19,3,7,0,0,0,0,0,0,1,0,1,2,11
2024101409614,2024,101409614,402546,559232,-1.9618,54.92777,2,2,3,18:55,-1,E06000057,3,2,1,1,2,19,1,5,0,"[7, 1]",0,1,0,0,0,1,0,2,13
2024101409633,2024,101409633,419562,611588,-1.69269,55.39785,2,2,2,20:00,-1,E06000057,6,2,2,1,2,9,6,8,0,0,0,0,0,0,1,0,1,2,12
2024101409644,2024,101409644,439201,555473,-1.39036,54.89247,2,2,3,14:50,-1,E08000024,5,0,1,1,1,19,3,1,0,0,0,1,0,0,0,0,1,2,13
2024101409700,2024,101409700,425882,562302,-1.59739,54.95469,3,3,3,16:00,-1,E08000037,4,0,1,0,1,"[9, 19]",1,5,0,0,0,1,1,0,0,0,0,2,13
2024101409728,2024,101409728,425999,568804,-1.59498,55.01312,3,3,3,11:45,-1,E08000022,6,0,1,0,1,"[10, 9, 5, 3]","[7, 1, 3]","[1, 3, 7]",0,0,0,1,0,0,0,0,0,2,13
2024101409751,2024,101409751,424049,560953,-1.62613,54.94266,3,3,6,23:30,-1,E08000037,4,2,1,1,1,4,7,"[3, 5]",0,0,0,1,0,0,0,0,0,2,2
2024101410062,2024,101410062,436034,554823,-1.43981,54.88686,3,3,4,08:30,-1,E08000024,6,0,7,1,2,19,"[8, 4]","[4, 8]",0,0,0,1,0,0,0,0,0,2,14
2024101410100,2024,101410100,434032,572820,-1.46889,55.04872,3,3,3,15:40,-1,E08000022,3,0,1,0,1,19,2,6,0,0,0,1,0,0,0,0,1,1,30
2024101410222,2024,101410222,428848,572490,-1.55006,55.04608,3,3,5,09:05,-1,E08000022,3,0,2,1,2,"[19, 9]","[1, 3]","[1, 5]",0,0,0,1,0,0,0,0,0,2,15
2024101410366,2024,101410366,421031,560276,-1.67328,54.93672,3,3,5,16:02,-1,E08000037,6,0,1,1,1,19,"[1, 5]","[5, 1]",0,0,0,1,0,0,0,0,0,2,15
2024101410443,2024,101410443,423009,566143,-1.64195,54.98935,3,3,5,20:06,-1,E08000021,3,2,1,0,1,"[4, 19]",4,8,0,"[7, 0]",0,1,0,0,0,0,0,2,15
2024101410655,2024,101410655,431335,553639,-1.51319,54.87654,3,3,6,09:08,-1,E08000024,5,0,1,0,1,"[4, 19]",7,3,0,0,0,1,0,0,0,0,0,2,16
2024101410674,2024,101410674,422385,566153,-1.6517,54.98947,3,3,5,18:30,-1,E08000021,6,2,1,1,1,"[19, 3]",3,7,0,0,0,1,0,0,0,0,0,2,15
2024101410740,2024,101410740,425569,563572,-1.60217,54.96612,3,3,5,09:15,-1,E08000037,5,0,2,1,1,"[3, 9]",1,5,0,0,0,1,0,0,0,0,0,2,15
2024101410769,2024,101410769,429600,566559,-1.5389,54.99274,3,3,6,04:05,-1,E08000022,6,2,1,1,1,"[2, 1]","[0, 8]","[0, 4]",0,0,0,1,0,0,0,0,0,2,16
2024101410802,2024,101410802,419657,568279,-1.69418,55.00869,3,3,6,15:30,-1,E08000021,6,0,1,1,1,7,5,8,0,0,0,1,0,0,0,0,1,2,16
2024101410849,2024,101410849,425767,560092,-1.59938,54.93484,2,2,6,19:50,-1,E08000037,6,2,1,0,1,"[9, 19]","[1, 5]","[5, 1]",0,"[0, 1]",0,1,0,1,0,0,0,2,16
2024101410929,2024,101410929,438978,557154,-1.39361,54.90759,3,3,5,19:42,-1,E08000024,3,2,1,-1,1,19,"[1, 2]","[5, 6]",0,0,0,1,1,0,0,0,0,2,15
2024101410952,2024,101410952,426959,574636,-1.57942,55.06547,3,3,6,18:37,-1,E06000057,3,2,1,1,2,"[4, 15]",5,1,0,0,0,1,0,0,0,0,0,2,16
2024101410967,2024,101410967,421663,563818,-1.66315,54.96852,3,3,6,12:38,-1,E08000021,4,0,1,1,1,"[7, 19]","[7, 5]",1,0,0,0,1,0,1,0,0,0,2,16
2024101411331,2024,101411331,429948,570263,-1.53308,55.026,3,3,1,16:09,-1,E08000022,6,0,1,0,1,"[9, 4]","[5, 1]","[1, 2]",0,"[0, 1]",0,0,1,0,1,0,0,2,18
2024101411385,2024,101411385,424555,563898,-1.61798,54.9691,3,3,1,03:10,-1,E08000021,3,2,1,1,1,5,3,7,0,0,0,1,0,0,0,0,1,2,18
2024101411388,2024,101411388,424363,563831,-1.62098,54.96851,3,3,2,00:07,-1,E08000021,3,2,1,0,1,"[20, 19]","[0, 7]","[0, 3]",0,0,0,1,0,0,0,0,0,2,19
2024101411723,2024,101411723,436693,566518,-1.42805,54.9919,2,"[3, 2]",2,16:00,-1,E08000023,3,0,1,0,1,"[9, 19]","[7, 1]",5,0,0,0,1,0,0,0,0,0,2,19
2024101411749,2024,101411749,434697,555111,-1.46062,54.88954,2,2,1,16:40,-1,E08000024,3,0,2,0,2,19,"[3, 7]","[7, 3]",0,0,0,1,1,0,0,0,0,2,18
2024101411816,2024,101411816,429774,555568,-1.53732,54.89397,3,3,5,18:35,-1,E08000024,6,2,2,0,1,"[14, 2]","[5, 0]","[1, 0]","[4, 0]",0,0,1,0,0,0,0,0,2,15
2024101411827,2024,101411827,439414,558784,-1.38659,54.9222,3,3,7,12:45,-1,E08000024,3,0,1,1,1,"[9, 19]","[5, 1]","[3, 5]",0,0,0,1,0,0,0,0,0,2,17
2024101411859,2024,101411859,424658,564628,-1.6163,54.97566,3,3,3,11:30,-1,E08000021,4,0,1,0,1,19,"[7, 3]","[3, 7]",0,0,0,1,0,0,1,0,0,2,13
2024101411950,2024,101411950,430142,571135,-1.52995,55.03383,3,3,7,13:10,-1,E08000022,3,0,1,0,2,"[5, 19]",8,4,0,0,0,1,0,0,0,0,0,2,17
2024101412030,2024,101412030,424849,564129,-1.61336,54.97116,3,3,7,10:55,-1,E08000021,6,0,1,0,1,19,"[7, 5]","[3, 1]",0,0,0,1,1,0,0,0,0,2,17
2024101412038,2024,101412038,436505,565902,-1.43107,54.98638,3,3,3,10:15,-1,E08000023,4,0,1,0,1,19,1,1,0,0,0,0,0,0,1,0,1,2,20
2024101412091,2024,101412091,424938,565424,-1.61186,54.9828,3,3,1,16:15,-1,E08000021,2,0,1,0,1,"[7, 19]",4,"[8, 2]",0,0,0,1,0,1,0,0,0,2,18
2024101412244,2024,101412244,430114,556492,-1.53192,54.90225,3,3,3,12:15,-1,E08000024,6,0,9,0,1,19,2,6,0,0,0,1,1,0,0,0,0,2,20
2024101412273,2024,101412273,424394,567917,-1.62015,55.00523,3,3,3,10:05,-1,E08000021,4,0,1,0,1,"[9, 19]","[1, 5]","[7, 1]",0,0,0,1,1,0,0,0,0,2,20
2024101412661,2024,101412661,432399,567139,-1.49509,54.99778,2,"[3, 2]",4,20:39,-1,E08000022,3,2,1,0,1,"[9, 19]","[1, 3]","[3, 7]",0,0,0,1,0,1,0,0,0,2,21
2024101412679,2024,101412679,425252,560951,-1.60735,54.94259,3,3,4,11:30,-1,E08000037,5,0,1,0,1,"[19, 2]","[4, 0]","[1, 0]","[4, 0]",0,0,1,0,0,0,0,0,2,21
2024101412786,2024,101412786,432588,549676,-1.49411,54.84085,3,3,4,23:05,-1,E08000024,3,2,1,0,1,9,1,7,0,0,0,1,0,0,0,0,1,2,21
2024101412829,2024,101412829,424495,578506,-1.61767,55.10037,3,3,5,07:10,-1,E06000057,3,2,1,0,2,19,"[1, 6]","[5, 2]",0,0,0,1,1,0,0,0,0,2,22
2024101413094,2024,101413094,420140,566854,-1.68673,54.99586,2,2,6,16:30,-1,E08000021,6,0,1,0,1,19,"[3, 5]","[7, 1]",0,0,0,1,0,0,0,0,0,2,16
2024101413244,2024,101413244,439277,554738,-1.38927,54.88585,3,3,5,18:30,-1,E08000024,4,2,1,0,1,"[1, 19]","[4, 7]","[8, 3]",0,0,0,1,1,0,0,0,0,2,22
2024101413307,2024,101413307,428438,587508,-1.55498,55.18105,3,3,5,17:30,-1,E06000057,6,0,1,0,1,1,7,3,0,0,0,1,0,0,0,0,1,2,22
2024101413511,2024,101413511,441053,552873,-1.36186,54.86895,2,2,6,16:30,-1,E08000024,4,0,1,0,1,"[5, 19]","[8, 7]","[4, 3]",0,0,0,1,0,1,0,0,0,2,23
2024101413551,2024,101413551,420937,558733,-1.67486,54.92285,2,2,6,15:00,-1,E08000037,3,0,1,0,1,19,2,6,0,0,0,0,0,0,1,0,1,2,23
2024101413568,2024,101413568,427041,564836,-1.57906,54.9774,2,2,5,12:00,-1,E08000021,4,0,1,0,1,"[5, 19]",0,"[1, 2]","[0, 4]",0,0,1,0,0,0,0,0,2,15
2024101413685,2024,101413685,437329,555027,-1.4196,54.8886,3,3,5,08:56,-1,E08000024,4,0,1,0,1,"[7, 19]","[2, 8]","[6, 4]",0,0,0,1,0,0,0,0,0,2,22
2024101413802,2024,101413802,435265,559144,-1.45127,54.92574,3,3,7,19:20,-1,E08000024,5,2,1,0,1,"[19, 5]","[3, 5]","[7, 1]",0,0,0,1,1,0,0,0,0,2,24
2024101413827,2024,101413827,424968,567098,-1.61125,54.99784,3,3,6,21:30,-1,E08000021,4,2,1,0,1,9,5,3,0,0,0,1,0,0,0,0,0,2,23
2024101413955,2024,101413955,430866,579094,-1.51776,55.1053,3,3,1,14:59,-1,E06000057,3,0,1,0,2,"[3, 4]",5,5,0,0,0,1,0,0,0,0,0,2,25
2024101413977,2024,101413977,438210,566191,-1.40439,54.98885,2,2,1,17:21,-1,E08000023,3,0,1,1,1,19,5,1,0,0,0,1,0,0,0,0,1,2,25
2024101413996,2024,101413996,423138,629623,-1.63473,55.55975,2,2,7,22:43,-1,E06000057,4,2,1,0,2,19,1,5,0,1,0,1,0,0,0,0,0,2,17
2024101414048,2024,101414048,435358,572693,-1.44815,55.04749,3,3,1,16:33,-1,E08000022,3,0,1,0,1,"[3, 19, 2]",5,1,0,0,0,1,1,0,0,0,0,2,25
2024101414115,2024,101414115,422302,569533,-1.65273,55.01984,3,3,4,18:00,-1,E08000021,3,2,1,0,2,"[4, 19]","[5, 3]","[1, 7]",0,0,0,1,1,0,0,0,0,2,21
2024101414163,2024,101414163,439572,558263,-1.38419,54.91751,3,3,7,14:40,-1,E08000024,6,0,1,0,1,19,2,6,0,0,0,1,0,0,0,0,1,2,24
2024101414317,2024,101414317,435910,565528,-1.44041,54.98306,2,2,2,14:45,-1,E08000023,3,0,1,1,1,19,"[5, 6]","[1, 2]",0,0,0,1,0,1,0,0,0,2,26
2024101414328,2024,101414328,423343,561367,-1.63711,54.94642,2,2,2,05:20,-1,E08000037,3,2,2,1,1,19,5,1,0,1,7,1,0,0,0,0,0,2,26
2024101414377,2024,101414377,419651,575534,-1.69378,55.07388,2,2,2,21:20,-1,E06000057,6,2,1,1,2,"[19, 2]","[7, 0]","[3, 0]",0,1,"[11, 0]",1,0,0,1,0,0,2,26
2024101414378,2024,101414378,425567,563358,-1.60222,54.9642,2,"[2, 3]",2,20:35,-1,E08000037,6,2,1,0,1,"[7, 19]",3,7,0,"[0, 7]",0,1,0,0,0,0,0,2,26
2024101414404,2024,101414404,435088,568197,-1.45293,55.00711,3,3,2,09:30,-1,E08000022,3,0,1,0,1,19,-1,-1,0,0,0,1,0,0,0,0,1,2,26
2024101414512,2024,101414512,434494,564196,-1.4627,54.97119,3,3,2,05:40,-1,E08000023,6,2,2,1,1,"[5, 19]","[7, 5]","[3, 1]",0,0,0,1,0,1,0,0,0,2,26
2024101414560,2024,101414560,427261,568876,-1.57524,55.0137,3,3,2,15:30,-1,E08000022,6,0,1,0,1,5,7,3,0,0,0,1,0,0,0,0,1,2,26
2024101414694,2024,101414694,425764,561527,-1.5993,54.94774,3,3,3,21:38,-1,E08000037,3,2,1,0,1,"[3, 7]","[1, 7]","[7, 1]",0,0,0,1,0,0,0,0,0,2,20
2024101414702,2024,101414702,421143,572732,-1.67062,55.04864,3,3,4,06:34,-1,E08000021,6,2,2,1,2,"[7, 19]",1,"[7, 5]",0,0,0,1,0,1,0,0,0,2,21
2024101414708,2024,101414708,424629,565301,-1.6167,54.98171,3,3,4,09:30,-1,E08000021,4,0,1,1,1,19,"[3, 5]","[7, 1]",0,0,0,1,1,0,0,0,0,2,21
2024101414728,2024,101414728,439328,559080,-1.38789,54.92487,3,3,3,14:35,-1,E08000024,3,0,1,0,1,19,5,1,11,0,0,1,0,0,0,0,1,2,27
2024101414870,2024,101414870,424744,564744,-1.61495,54.9767,3,3,3,11:55,-1,E08000021,6,0,1,0,1,1,1,5,0,0,0,0,0,0,1,0,0,2,27
2024101414932,2024,101414932,380224,564855,-2.31051,54.97791,3,3,3,14:10,-1,E06000057,3,0,1,1,2,19,3,7,0,0,0,1,0,0,1,0,0,2,27
2024101415049,2024,101415049,425158,564296,-1.60852,54.97265,3,3,4,12:39,-1,E08000021,6,0,1,0,1,"[5, 19]","[0, 5]",1,0,0,0,1,0,0,0,1,0,2,28
2024101415100,2024,101415100,430130,575631,-1.52966,55.07423,3,3,3,20:22,-1,E06000057,3,2,1,0,2,19,7,3,0,0,0,1,0,0,0,0,1,2,27
2024101415376,2024,101415376,420551,566745,-1.68032,54.99487,3,3,4,11:50,-1,E08000021,3,0,1,0,1,"[4, 19]",3,6,0,0,0,1,0,0,0,0,0,2,28
2024101415430,2024,101415430,426952,567323,-1.58021,54.99976,2,"[2, 3]",4,18:48,-1,E08000021,3,2,2,1,1,19,"[1, 7]","[6, 5]",0,0,0,1,0,0,0,0,0,2,28
2024101415460,2024,101415460,435488,559273,-1.44778,54.92689,3,3,4,16:15,-1,E08000024,5,0,1,0,1,"[9, 19]","[6, 1]","[3, 5]",0,0,0,1,1,0,0,0,0,2,28
2024101415650,2024,101415650,436776,566657,-1.42674,54.99315,2,2,5,16:55,-1,E08000023,6,0,1,0,1,19,"[5, 2]","[8, 6]",0,0,0,1,0,0,0,0,0,2,29
2024101415705,2024,101415705,427198,556009,-1.57744,54.89808,3,3,4,14:30,-1,E08000037,3,0,1,0,1,"[19, 9]","[5, 3]",1,0,0,0,1,0,1,0,0,0,2,28
2024101415750,2024,101415750,420165,568115,-1.68625,55.00719,3,3,5,12:45,-1,E08000021,6,0,1,0,1,19,"[7, 1]","[3, 5]",0,0,0,1,0,1,0,0,0,2,29
2024101415781,2024,101415781,426298,558494,-1.59124,54.92045,3,3,5,16:15,-1,E08000037,3,0,1,0,1,"[5, 19]",1,5,0,0,0,1,0,0,1,0,0,2,22
2024101415840,2024,101415840,435459,572085,-1.44665,55.04202,3,3,5,16:37,-1,E08000022,3,0,1,0,1,19,6,2,0,0,0,1,0,0,0,0,1,2,29
2024101415884,2024,101415884,434953,568359,-1.45502,55.00857,2,2,5,18:30,-1,E08000022,3,2,1,0,1,19,7,2,0,0,0,1,0,0,0,0,0,2,29
2024101415991,2024,101415991,435917,551307,-1.44207,54.85528,1,"[3, 1]",5,22:30,-1,E08000024,5,2,1,0,2,19,3,7,0,7,4,1,0,0,0,0,0,2,29
2024101416025,2024,101416025,384230,597035,-2.24972,55.26721,3,3,4,14:14,-1,E06000057,3,0,1,0,2,19,5,1,0,0,0,1,0,0,0,0,0,2,28
2024101416038,2024,101416038,430023,566241,-1.53232,54.98986,2,2,6,19:00,-1,E08000022,6,2,2,1,1,"[9, 19]","[4, 2]",6,0,0,0,1,1,0,0,0,0,3,1
2024101416071,2024,101416071,439500,552966,-1.38604,54.86991,3,3,6,08:45,-1,E08000024,6,0,1,1,1,"[19, 9]","[6, 8]","[2, 6]",0,0,0,1,0,0,0,0,0,3,1
2024101416086,2024,101416086,439427,556631,-1.38668,54.90285,3,3,5,17:51,-1,E08000024,6,0,1,0,1,"[4, 9]","[8, 2]","[4, 7]",0,0,0,1,0,0,1,0,0,2,22
2024101416108,2024,101416108,428479,559531,-1.55712,54.92965,3,3,5,18:17,-1,E08000024,4,0,1,0,2,"[10, 19]",2,6,0,0,0,1,0,0,0,0,0,2,29
2024101416138,2024,101416138,434149,568716,-1.46755,55.01183,3,3,5,17:40,-1,E08000022,6,0,1,0,1,"[9, 10]",6,"[4, 1]",0,0,0,1,0,0,0,0,0,2,29
2024101416170,2024,101416170,422523,564548,-1.64966,54.97504,3,3,5,14:00,-1,E08000021,6,0,9,0,1,"[4, 3]",1,5,0,0,0,1,1,0,0,0,0,2,29
2024101416245,2024,101416245,426970,574586,-1.57925,55.06502,3,3,6,12:30,-1,E06000057,4,0,1,0,2,"[3, 19]",6,2,0,0,0,1,0,0,0,0,0,3,1
2024101416384,2024,101416384,426827,583354,-1.58067,55.14382,3,3,7,09:37,-1,E06000057,6,0,1,1,1,"[20, 10, 19]",3,7,0,0,0,1,0,1,0,0,0,3,2
2024101416386,2024,101416386,426142,561935,-1.59337,54.95138,3,3,7,18:42,-1,E08000037,5,0,9,0,1,-1,-1,-1,0,0,0,1,0,0,0,0,1,3,2
2024101416395,2024,101416395,423944,563867,-1.62752,54.96885,3,3,6,09:53,-1,E08000021,6,0,1,0,1,"[4, 19]",7,3,0,0,0,1,0,0,1,0,0,3,1
2024101416448,2024,101416448,439427,556630,-1.38668,54.90284,3,3,7,23:25,-1,E08000024,6,2,1,0,1,"[9, 19]","[2, 8]","[8, 4]",0,0,0,1,0,0,0,0,0,2,24
2024101416450,2024,101416450,433019,565020,-1.48564,54.9787,3,3,1,09:15,-1,E08000023,3,0,1,1,1,19,3,7,0,3,0,1,0,0,0,0,0,3,3
2024101416524,2024,101416524,429213,556652,-1.54595,54.90374,3,3,6,15:20,-1,E08000024,6,0,2,1,1,"[19, 7]","[1, 7]","[5, 1]",0,0,0,1,0,0,0,0,0,3,1
2024101416534,2024,101416534,440805,561660,-1.36448,54.94793,3,3,1,14:15,-1,E08000023,3,0,1,0,1,3,5,1,0,0,0,1,0,0,0,0,0,3,3
2024101416536,2024,101416536,434035,569135,-1.46928,55.01561,3,3,7,19:50,-1,E08000022,4,2,2,1,1,"[4, 3]",1,5,0,0,0,1,0,0,0,0,0,3,2
2024101416718,2024,101416718,435361,569213,-1.44854,55.01622,3,3,1,14:23,-1,E08000022,6,0,1,0,1,"[1, 4]",7,"[3, 4]",0,0,0,1,0,0,0,0,0,3,3
2024101416755,2024,101416755,422539,597184,-1.64684,55.2683,3,3,2,08:57,-1,E06000057,6,0,1,0,2,"[19, 9]","[1, 7]","[5, 3]",0,"[1, 0]",0,1,0,0,0,0,0,3,4
2024101416827,2024,101416827,436672,555053,-1.42984,54.88888,3,3,6,15:49,-1,E08000024,6,0,2,1,1,"[19, 4]",7,3,0,0,0,1,0,0,0,0,0,3,1
2024101416904,2024,101416904,428737,581132,-1.55093,55.12374,3,3,2,14:45,-1,E06000057,6,0,1,0,1,5,5,1,0,0,0,1,0,0,0,0,1,3,4
2024101417051,2024,101417051,424357,568499,-1.62068,55.01046,3,3,2,20:15,-1,E08000021,4,2,1,1,1,19,5,1,0,0,0,1,0,0,0,0,1,3,4
2024101417083,2024,101417083,431801,557748,-1.50547,54.91343,2,2,6,11:30,-1,E08000024,6,0,1,0,1,"[14, 13]",7,3,0,0,0,1,1,0,0,0,0,3,1
2024101417169,2024,101417169,423803,564182,-1.6297,54.97169,2,2,6,08:40,-1,E08000021,4,0,1,0,1,19,1,5,0,0,0,1,0,0,0,0,1,3,1
2024101417205,2024,101417205,425822,562508,-1.59831,54.95655,2,2,2,13:02,-1,E08000037,4,0,1,0,1,"[19, 11]","[4, 2]",7,0,0,0,1,0,0,1,0,0,3,4
2024101417277,2024,101417277,438089,554859,-1.40778,54.88703,3,3,2,15:55,-1,E08000024,4,0,1,0,1,19,3,7,0,0,0,1,0,0,0,0,0,3,4
2024101417312,2024,101417312,421893,558461,-1.65997,54.92037,3,3,2,07:40,-1,E08000037,6,0,1,1,2,19,8,4,0,0,0,1,0,0,0,0,0,3,4
2024101417331,2024,101417331,438830,558420,-1.39575,54.91898,3,3,3,10:55,-1,E08000024,4,0,1,0,1,"[19, 7]","[7, 1]","[3, 5]",0,0,0,1,0,0,0,0,0,2,27
2024101417372,2024,101417372,431399,555275,-1.51201,54.89124,3,3,3,08:10,-1,E08000024,3,0,1,0,2,4,7,3,0,0,0,1,0,0,0,0,0,3,5
2024101417557,2024,101417557,426942,559890,-1.58107,54.93296,3,3,2,16:35,-1,E08000037,4,0,1,0,1,"[19, 13]",3,7,0,0,0,1,0,0,0,0,0,2,19
2024101417712,2024,101417712,435154,571720,-1.45147,55.03876,3,3,4,08:30,-1,E08000022,6,0,1,0,1,"[5, 19]","[4, 6]","[8, 4]",0,0,0,1,1,0,0,0,0,3,6
2024101417775,2024,101417775,427379,561282,-1.57411,54.94545,2,2,4,10:03,-1,E08000037,5,0,1,1,1,15,1,5,0,0,0,1,0,0,0,0,1,3,6
2024101417995,2024,101417995,435557,565433,-1.44594,54.98224,3,3,1,12:30,-1,E08000023,5,0,2,1,1,"[19, 4]",5,1,0,0,0,1,0,0,0,0,0,3,3
2024101418057,2024,101418057,427226,555346,-1.57706,54.89212,3,3,2,09:27,-1,E08000037,3,0,1,1,1,"[4, 19]",2,"[5, 6]",0,0,0,1,1,0,0,0,0,3,4
2024101418118,2024,101418118,422840,564452,-1.64472,54.97416,1,1,6,19:20,-1,E08000021,3,2,2,1,1,19,3,7,0,0,0,1,0,0,0,0,1,3,1
2024101418238,2024,101418238,432056,567551,-1.50041,55.0015,3,3,5,20:23,-1,E08000022,6,2,8,1,1,19,7,3,0,0,0,1,0,0,0,0,0,3,7
2024101418319,2024,101418319,425350,566068,-1.60537,54.98856,3,3,7,22:10,-1,E08000021,4,2,1,1,1,"[9, -1]","[5, -1]","[1, -1]","[0, -1]","[0, -1]",0,1,0,0,0,0,0,2,24
2024101418461,2024,101418461,430538,566524,-1.52424,54.99237,3,3,6,08:40,-1,E08000022,3,0,1,0,1,19,3,7,0,0,0,0,1,0,0,0,1,3,8
2024101418663,2024,101418663,426924,568315,-1.58056,55.00867,3,3,6,08:17,-1,E08000021,3,0,1,0,1,"[2, 19]",7,3,0,0,0,1,1,0,0,0,0,3,8
2024101418677,2024,101418677,418020,571775,-1.71956,55.04016,3,3,6,11:32,-1,E06000057,3,0,1,0,2,"[2, 1]","[4, 8]","[8, 4]",0,0,0,1,0,0,0,0,0,3,8
2024101418712,2024,101418712,416312,571984,-1.74627,55.0421,3,3,5,18:00,-1,E06000057,4,0,1,0,2,"[9, 19]","[5, 2]",5,0,0,0,1,0,0,0,0,0,3,7
2024101418881,2024,101418881,433916,560948,-1.47211,54.94205,3,3,1,00:50,-1,E08000023,3,2,1,0,2,19,"[3, 7]","[7, 3]",0,0,0,1,0,0,0,0,0,3,10
2024101418887,2024,101418887,425921,564762,-1.59656,54.9768,3,3,1,00:12,-1,E08000021,6,2,1,0,1,5,3,1,0,0,0,1,0,0,0,0,1,3,10
2024101418942,2024,101418942,429959,556244,-1.53436,54.90003,3,3,7,12:52,-1,E08000024,6,0,1,0,1,"[2, 19]",1,5,0,0,0,1,0,0,1,0,1,3,9
2024101419271,2024,101419271,435672,572092,-1.44332,55.04206,3,3,1,21:15,-1,E08000022,6,2,1,0,1,"[4, 20]","[8, 7]",4,0,0,0,1,0,0,1,0,0,3,10
2024101419324,2024,101419324,420131,585453,-1.68557,55.16299,2,2,1,21:20,-1,E06000057,4,2,1,0,1,19,6,1,0,0,0,1,0,0,0,0,1,3,10
2024101419430,2024,101419430,439306,554862,-1.38881,54.88697,2,2,6,16:04,-1,E08000024,6,0,2,0,1,1,6,2,0,0,0,1,0,0,0,0,1,3,8
2024101419526,2024,101419526,437183,564818,-1.42061,54.97659,3,3,2,10:56,-1,E08000023,5,0,1,1,1,2,7,7,0,0,0,1,0,0,0,0,1,3,11
2024101419591,2024,101419591,405849,601783,-1.9094,55.3101,3,3,2,08:00,-1,E06000057,4,0,2,1,2,4,6,2,0,0,0,0,0,0,1,0,1,3,11
2024101419753,2024,101419753,437561,564921,-1.4147,54.97749,3,3,2,11:42,-1,E08000023,5,0,1,0,1,14,7,3,0,0,0,1,0,0,0,0,1,3,11
2024101419790,2024,101419790,429966,586496,-1.53109,55.17187,3,3,2,07:50,-1,E06000057,3,0,1,0,2,19,"[1, 7]",5,0,0,0,1,0,0,0,0,0,3,11
2024101419829,2024,101419829,435955,564435,-1.43985,54.97324,3,3,3,13:05,-1,E08000023,4,0,1,0,1,19,"[7, 5]","[5, 1]",0,0,0,1,0,0,0,0,0,3,12
2024101419848,2024,101419848,427043,566406,-1.57888,54.99151,3,3,6,17:00,-1,E08000021,3,0,1,0,1,"[13, 5]",1,1,0,0,0,1,0,0,1,0,0,3,8
2024101419878,2024,101419878,403719,568502,-1.94338,55.01106,2,"[3, 2]",6,12:57,-1,E06000057,4,0,1,0,2,"[19, 10]",7,"[3, 5]",0,0,0,1,0,0,0,0,0,3,8
2024101419891,2024,101419891,426539,566796,-1.58672,54.99504,3,3,1,14:15,-1,E08000021,6,0,2,1,1,15,5,1,0,0,0,1,0,0,0,0,1,3,10
2024101419898,2024,101419898,437138,558975,-1.42207,54.92409,3,3,5,08:50,-1,E08000024,6,0,1,1,1,"[19, 10]",1,5,0,0,0,1,0,0,0,0,0,3,7
2024101419911,2024,101419911,441437,552591,-1.35591,54.86639,3,3,4,08:14,-1,E08000024,3,0,2,1,1,"[4, 3]",5,1,0,"[0, 1]",0,1,0,0,0,0,0,3,6
2024101419923,2024,101419923,438458,562393,-1.40102,54.9547,3,3,6,08:15,-1,E08000023,3,0,1,0,1,"[7, 19]",5,1,"[7, 0]",1,0,1,0,0,0,0,0,3,8
2024101419932,2024,101419932,437314,559569,-1.41925,54.92942,2,2,3,09:39,-1,E08000024,6,0,1,0,1,"[4, 19]","[1, 3]","[5, 7]",0,0,0,1,1,0,0,0,0,3,12
2024101419973,2024,101419973,431051,580866,-1.51467,55.12121,3,3,3,16:13,-1,E06000057,3,0,1,0,1,"[4, 5]","[3, 8]","[7, 4]",0,0,0,1,0,0,0,0,0,3,12
2024101420171,2024,101420171,420685,565202,-1.67833,54.981,3,3,2,08:42,-1,E08000021,3,0,1,0,1,"[4, 13, 14]",7,3,0,0,0,1,0,0,1,0,0,3,11
2024101420283,2024,101420283,438124,558720,-1.40672,54.92173,3,3,4,08:38,-1,E08000024,6,0,1,0,1,19,5,1,0,0,0,1,0,0,0,0,1,3,13
2024101420340,2024,101420340,424650,566816,-1.61624,54.99532,3,3,2,10:28,-1,E08000021,3,0,1,1,1,19,"[3, 1]","[7, 5]",0,0,0,1,1,0,0,0,0,3,11
2024101420471,2024,101420471,424486,577977,-1.61785,55.09562,2,2,4,20:18,-1,E06000057,3,2,1,0,2,"[19, 2]","[1, 0]","[5, 0]","[4, 0]",0,0,1,0,0,0,0,0,3,13