collision_index,collision_year,collision_ref_no,location_easting_osgr,location_northing_osgr,longitude,latitude,casualty_severity,casualty_severity,day_of_week,time,local_authority_district,local_authority_ons_district,first_road_class,light_conditions,weather_conditions,road_surface_conditions,urban_or_rural_area,vehicle_manoeuvre,vehicle_direction_from,vehicle_direction_to,hit_object_in_carriageway,vehicle_leaving_carriageway,hit_object_off_carriageway,is_car,is_cyle,is_mcyle,is_goodsv,is_other,is_pedestrian,month,day
2024101432295,2024,101432295,420978,564212,-1.67383,54.97209,2,"[3, 2]",1,13:25,-1,E08000021,6,0,1,0,2,"[6, 19]","[7, 1]","[3, 1]",0,0,0,1,0,0,0,0,0,4,14
2024101432456,2024,101432456,434790,555093,-1.45917,54.88938,3,3,1,12:22,-1,E08000024,3,0,1,0,2,19,3,7,0,0,0,1,0,0,0,0,0,4,14
2024101432483,2024,101432483,432237,568465,-1.49747,55.00971,3,3,3,09:15,-1,E08000022,3,0,1,0,1,19,8,4,0,0,0,1,0,0,0,0,0,4,16
2024101432579,2024,101432579,425008,564360,-1.61086,54.97323,3,3,3,12:30,-1,E08000021,6,0,1,0,1,4,3,7,0,0,0,0,0,0,1,0,0,4,16
2024101432747,2024,101432747,418348,571211,-1.71446,55.03508,3,3,4,13:40,-1,E08000021,3,0,1,0,2,19,1,5,0,0,0,1,0,0,0,0,1,4,17
2024101432751,2024,101432751,430787,556574,-1.52142,54.90295,2,2,4,07:42,-1,E08000024,6,0,1,0,1,"[9, 10]","[8, 6]","[5, 2]",0,0,0,1,1,0,0,0,0,4,17
2024101432760,2024,101432760,421686,562469,-1.6629,54.95639,3,3,4,15:55,-1,E08000037,6,0,1,0,1,5,"[7, 5]",3,0,"[2, 0]",0,1,0,0,0,0,0,4,17
2024101432858,2024,101432858,419725,567246,-1.69319,54.9994,2,"[2, 3]",4,21:15,-1,E08000021,4,0,1,0,1,19,3,7,0,0,0,1,0,0,1,0,0,4,17
2024101432870,2024,101432870,424464,578111,-1.61819,55.09682,2,2,4,17:07,-1,E06000057,3,0,1,0,2,19,5,1,0,"[0, 1]",0,1,1,0,0,0,0,4,17
2024101432871,2024,101432871,423160,564372,-1.63973,54.97343,3,3,4,08:30,-1,E08000021,3,0,1,0,1,19,3,7,0,0,0,1,0,0,0,0,1,4,17
2024101432893,2024,101432893,433785,566853,-1.47346,54.99512,3,3,4,09:55,-1,E08000022,3,0,1,0,1,5,3,5,0,0,0,1,0,0,0,0,0,4,17
2024101432936,2024,101432936,425746,560254,-1.5997,54.9363,3,3,3,13:45,-1,E08000037,3,0,1,0,1,5,5,1,0,0,0,1,0,0,0,0,1,4,16
2024101432979,2024,101432979,430588,570200,-1.52307,55.0254,3,3,5,08:29,-1,E08000022,6,0,1,0,2,"[9, 19]","[1, 7]","[5, 3]",0,0,0,1,0,0,0,0,0,4,18
2024101432994,2024,101432994,422545,564873,-1.6493,54.97796,3,3,4,15:20,-1,E08000021,6,0,1,0,1,19,7,3,0,0,0,1,0,0,0,0,1,4,17
2024101433097,2024,101433097,426816,568777,-1.5822,55.01283,3,3,4,15:40,-1,E08000022,6,0,1,0,1,"[10, 19]",6,"[5, 2]",0,0,0,1,0,0,0,0,0,4,17
2024101433290,2024,101433290,394157,562423,-2.09277,54.95641,2,2,5,09:00,-1,E06000057,6,2,1,1,2,19,"[1, 3]","[5, 7]",0,"[7, 0]","[4, 0]",1,0,0,0,0,0,4,18
2024101433357,2024,101433357,421410,566525,-1.66691,54.99285,3,3,5,08:05,-1,E08000021,6,0,1,0,1,"[8, 19]","[7, 1]",5,0,0,0,1,1,0,0,0,0,4,18
2024101433405,2024,101433405,425668,563170,-1.60066,54.96251,3,3,4,10:37,-1,E08000037,6,0,1,0,1,"[3, 19]",1,5,0,0,0,1,0,0,1,0,0,4,17
2024101433447,2024,101433447,425741,560340,-1.59977,54.93707,3,3,6,07:22,-1,E08000037,3,0,1,0,1,19,"[1, 3]","[5, 7]",0,0,0,1,0,0,0,0,0,4,19
2024101433520,2024,101433520,423194,560625,-1.6395,54.93976,3,3,5,17:38,-1,E08000037,6,0,1,0,1,"[9, 3, 8]","[4, 8, 2]","[2, 4]",0,0,0,1,0,0,0,0,0,4,18
2024101433548,2024,101433548,435479,572085,-1.44634,55.04201,2,"[2, 3]",1,02:46,-1,E08000022,3,2,1,1,1,19,1,5,0,3,0,1,0,0,0,0,0,4,7
2024101433699,2024,101433699,438393,557025,-1.40275,54.90647,3,3,6,22:10,-1,E08000024,5,2,1,0,1,"[9, 19]","[4, 1]","[1, 5]",0,0,0,1,0,0,0,0,0,4,19
2024101433752,2024,101433752,440739,562212,-1.36543,54.9529,3,3,6,11:40,-1,E08000023,6,0,1,0,1,"[1, 19]","[1, 7]","[5, 3]",0,0,0,1,0,0,0,0,0,4,19
2024101433783,2024,101433783,425461,566706,-1.60358,54.99429,3,3,6,02:50,-1,E08000021,4,0,1,0,1,19,3,7,0,0,0,1,1,0,0,0,0,4,19
2024101434024,2024,101434024,421437,567514,-1.66641,55.00174,3,3,4,18:57,-1,E08000021,3,0,1,0,1,"[3, 4]",1,5,0,0,0,1,0,0,0,0,0,4,17
2024101434034,2024,101434034,420251,565370,-1.6851,54.98252,3,3,5,12:57,-1,E08000021,3,0,1,0,1,"[5, 4]","[7, 5]","[3, 1]",0,0,0,1,0,0,0,0,0,4,18
2024101434074,2024,101434074,421273,628167,-1.66441,55.54675,1,1,7,13:20,-1,E06000057,4,0,1,1,2,19,"[1, 5]","[5, 1]",0,"[0, 7]",0,1,0,1,0,0,0,4,13
2024101434085,2024,101434085,427533,554231,-1.57238,54.88208,3,3,5,18:40,-1,E08000037,6,0,1,0,1,19,7,3,0,0,0,1,0,0,0,0,1,4,18
2024101434287,2024,101434287,428718,572419,-1.5521,55.04545,3,3,7,08:40,-1,E08000022,3,0,1,0,2,"[19, 3]",4,6,0,0,0,1,0,0,0,0,0,4,20
2024101434343,2024,101434343,426434,559252,-1.58905,54.92726,3,3,2,11:12,-1,E08000037,6,0,1,1,1,2,3,6,0,0,0,1,0,0,0,0,1,4,22
2024101434479,2024,101434479,433431,551967,-1.48072,54.86138,2,2,2,12:29,-1,E08000024,3,0,2,1,1,19,1,5,0,0,0,0,0,1,0,0,0,4,22
2024101434562,2024,101434562,433799,569005,-1.47299,55.01445,3,3,2,17:33,-1,E08000022,3,0,2,1,1,"[19, 4]",7,3,0,0,0,1,0,0,0,0,0,4,22
2024101434697,2024,101434697,431439,557571,-1.51114,54.91186,3,3,5,19:35,-1,E08000024,3,0,1,0,2,"[19, 7]","[7, 1]","[3, 5]",0,0,0,1,0,0,0,0,0,4,18
2024101434742,2024,101434742,431170,561428,-1.51492,54.94654,3,3,3,08:45,-1,E08000023,3,0,1,0,2,"[3, 4]",1,5,0,0,0,1,0,0,1,0,0,4,23
2024101434758,2024,101434758,420575,562037,-1.68028,54.95256,3,3,4,13:28,-1,E08000037,6,0,1,0,1,19,"[6, 1]","[2, 5]",0,0,0,0,0,1,1,0,0,4,17
2024101434886,2024,101434886,416269,563294,-1.74744,54.96401,3,3,3,16:19,-1,E08000037,3,0,1,0,2,19,"[5, 3]","[2, 7]",0,0,0,1,0,0,0,0,0,4,23
2024101434913,2024,101434913,425041,564618,-1.61032,54.97555,2,2,2,13:10,-1,E08000021,6,0,1,0,1,19,1,5,0,0,0,0,0,0,1,0,1,4,22
2024101434926,2024,101434926,428785,572461,-1.55105,55.04582,3,3,3,18:47,-1,E08000022,3,0,1,0,2,"[9, 19]","[7, 3]","[3, 7]",0,0,0,1,0,0,0,0,0,4,23
2024101435164,2024,101435164,428331,565761,-1.55881,54.98564,3,3,4,11:19,-1,E08000021,6,0,1,0,1,19,5,1,0,0,0,1,0,0,0,0,1,4,24
2024101435304,2024,101435304,432983,577276,-1.48479,55.08883,3,3,4,08:39,-1,E06000057,3,0,1,0,2,"[19, 5]","[1, 3]","[5, 7]",0,0,0,0,1,0,1,0,0,4,24
2024101435558,2024,101435558,436679,567011,-1.42821,54.99633,3,3,4,18:30,-1,E08000023,3,0,1,0,1,"[19, 7]",4,"[1, 8]",0,0,0,1,1,0,0,0,0,4,24
2024101435945,2024,101435945,434926,555134,-1.45705,54.88973,3,3,5,13:40,-1,E08000024,3,0,1,0,2,"[19, 3]","[3, 8]","[8, 7]",0,0,0,1,0,0,0,0,0,4,25
2024101436000,2024,101436000,403774,581676,-1.94235,55.12944,2,2,6,09:50,-1,E06000057,3,0,1,0,2,"[13, 9]",4,8,0,"[0, 7]",0,1,0,0,0,0,0,4,26
2024101436013,2024,101436013,436689,555965,-1.42946,54.89708,3,3,3,16:30,-1,E08000024,4,0,1,0,1,"[3, 10]",1,"[5, 7]",0,0,0,1,0,0,0,0,0,4,23
2024101436035,2024,101436035,426020,573576,-1.59422,55.056,3,3,5,17:20,-1,E08000022,4,0,1,0,1,"[2, 19]","[7, 2]","[3, 6]",0,0,0,1,0,0,0,0,0,4,25
2024101436303,2024,101436303,436740,565365,-1.42746,54.98154,3,3,6,08:30,-1,E08000023,6,0,1,0,1,19,"[6, 2]","[2, 5]",0,0,0,1,1,0,0,0,0,4,26
2024101436374,2024,101436374,436593,545918,-1.43222,54.8068,1,1,6,20:13,-1,E08000024,3,0,1,0,1,19,2,6,"[0, 10]","[0, 1]","[0, 11]",0,0,1,0,0,0,4,19
2024101436518,2024,101436518,397491,571562,-2.04079,55.03857,1,1,6,13:25,-1,E06000057,3,0,1,0,2,19,"[4, 1]","[8, 5]",0,1,0,1,0,0,0,0,0,4,26
2024101436581,2024,101436581,429857,569979,-1.53453,55.02346,2,"[2, 3]",7,12:40,-1,E08000022,4,0,1,0,1,"[3, 19]",7,3,0,0,0,1,0,0,0,0,0,4,27
2024101436622,2024,101436622,425411,558510,-1.60508,54.92064,2,2,2,07:40,-1,E08000037,3,0,1,0,2,19,5,1,0,0,0,1,0,0,1,0,0,4,22
2024101436709,2024,101436709,424182,608814,-1.61999,55.37272,2,2,7,14:15,-1,E06000057,3,0,1,0,2,"[19, 13]","[5, 1]","[1, 5]",0,"[0, 1]",0,1,0,1,0,0,0,4,27
2024101436830,2024,101436830,434828,573256,-1.45638,55.05258,2,2,2,15:41,-1,E08000022,3,0,1,0,1,19,3,7,0,0,0,1,0,0,0,0,1,4,22
2024101436895,2024,101436895,429248,556748,-1.5454,54.9046,3,3,6,19:52,-1,E08000024,6,0,9,0,1,"[2, 19]",3,7,"[0, 4]",0,0,1,0,1,0,0,0,4,26
2024101436943,2024,101436943,431033,564529,-1.51672,54.97441,3,3,6,20:00,-1,E08000023,6,0,1,0,1,19,6,2,0,0,0,0,0,0,0,0,1,4,26
2024101437086,2024,101437086,430240,554872,-1.53012,54.88768,3,3,1,16:11,-1,E08000024,3,0,1,0,2,19,3,7,0,0,0,1,0,1,0,0,0,3,24
2024101437091,2024,101437091,440688,563658,-1.36602,54.96589,3,3,6,22:40,-1,E08000023,3,2,1,0,2,"[9, 15]","[7, 1]",5,0,0,0,1,0,0,0,0,0,4,26
2024101437129,2024,101437129,430933,564417,-1.5183,54.97341,3,3,2,15:05,-1,E08000023,4,0,1,0,1,19,1,5,0,0,0,1,0,0,0,0,1,4,29
2024101437156,2024,101437156,426390,576521,-1.58815,55.08244,3,3,7,06:55,-1,E06000057,3,0,1,2,1,"[19, 5]","[5, 7]","[1, 3]",0,"[7, 0]",0,1,0,1,0,0,0,4,27
2024101437224,2024,101437224,424990,564069,-1.61117,54.97062,3,3,1,01:30,-1,E08000021,3,2,1,0,1,19,1,5,0,0,0,1,0,0,0,0,1,4,21
2024101437350,2024,101437350,440617,553103,-1.36862,54.87106,3,3,3,19:00,-1,E08000024,4,0,1,1,1,19,3,7,0,0,0,0,0,0,1,0,1,4,23
2024101437356,2024,101437356,433283,558520,-1.48227,54.92027,3,3,4,06:55,-1,E08000024,3,0,1,1,2,19,6,2,0,0,0,1,0,0,0,0,0,4,24
2024101437385,2024,101437385,436671,557015,-1.42961,54.90651,2,2,2,17:54,-1,E08000024,6,0,1,0,1,19,3,7,0,0,0,1,0,0,0,0,1,4,29
2024101437446,2024,101437446,431441,568441,-1.50992,55.00954,3,3,4,16:45,-1,E08000022,6,0,1,0,1,7,2,6,0,0,0,1,0,0,0,0,1,4,24
2024101437467,2024,101437467,424259,569278,-1.62215,55.01746,3,3,1,20:22,-1,E08000021,6,0,1,0,1,19,"[6, 5]","[2, 1]",0,0,0,1,1,0,0,0,0,4,28
2024101437508,2024,101437508,428323,565813,-1.55893,54.98611,3,3,2,15:40,-1,E08000021,6,0,1,0,1,19,1,5,0,0,0,1,0,0,0,0,1,4,29
2024101437701,2024,101437701,440226,559256,-1.37385,54.92638,3,3,2,21:47,-1,E08000024,6,2,8,-1,1,"[19, -1]",-1,-1,"[0, -1]","[0, -1]",0,1,0,0,0,0,0,4,29
2024101437720,2024,101437720,428497,563924,-1.5564,54.96913,3,3,3,12:39,-1,E08000021,6,0,1,0,1,19,3,7,0,0,0,1,0,0,0,0,1,4,30
2024101437766,2024,101437766,432834,556533,-1.4895,54.90245,3,3,3,18:40,-1,E08000024,6,0,1,0,2,19,"[5, 3]","[1, 7]",0,0,0,1,0,0,0,0,0,4,30
2024101437818,2024,101437818,431746,558266,-1.50628,54.91809,3,3,2,18:30,-1,E08000024,6,0,1,0,1,19,3,7,0,"[1, 0]",0,1,1,0,0,0,0,4,29
2024101437916,2024,101437916,427068,561126,-1.57898,54.94406,3,3,2,06:10,-1,E08000037,5,0,1,0,1,"[19, 7]","[3, 6]","[8, 7]",0,0,0,1,0,0,0,0,0,4,29
2024101437922,2024,101437922,424431,568126,-1.61955,55.0071,3,3,7,18:50,-1,E08000021,3,0,1,0,1,"[3, 4]",5,"[7, 1]",0,0,0,1,0,0,1,0,0,4,27
2024101438116,2024,101438116,425257,564536,-1.60695,54.9748,3,3,3,11:20,-1,E08000021,2,0,1,0,1,"[11, 4]","[3, 5]","[7, 1]",0,0,0,1,0,0,0,0,0,4,30
2024101438222,2024,101438222,429584,569691,-1.53883,55.02089,3,3,4,09:50,-1,E08000022,3,0,1,0,1,"[5, 19]",6,2,0,0,0,1,0,0,0,0,0,5,1
2024101438234,2024,101438234,428628,564580,-1.55429,54.97502,2,2,5,08:35,-1,E08000021,4,0,1,0,1,19,3,7,0,0,0,1,0,0,0,0,1,5,2
2024101438631,2024,101438631,427660,571501,-1.56874,55.03726,3,3,4,15:16,-1,E08000022,6,0,1,0,1,5,1,5,0,0,0,1,0,0,0,0,1,4,17
2024101438668,2024,101438668,436571,566888,-1.42991,54.99524,3,3,4,14:55,-1,E08000023,3,0,9,0,1,19,"[1, 5]","[5, 2]",0,0,0,1,0,0,0,0,0,5,1
2024101438785,2024,101438785,425237,561967,-1.60749,54.95172,3,3,4,18:30,-1,E08000037,6,0,1,0,1,"[5, 19]","[2, 8]","[6, 4]",0,0,0,1,1,0,0,0,0,5,1
2024101439000,2024,101439000,409411,636919,-1.85211,55.62576,3,3,6,10:50,-1,E06000057,3,0,1,0,2,"[19, 20]","[4, 8]","[8, 4]",0,"[1, 7]",0,1,0,0,0,0,0,5,3
2024101439044,2024,101439044,425193,562396,-1.60814,54.95557,3,3,6,15:05,-1,E08000037,6,0,1,0,1,"[6, 19]","[5, 1]","[3, 5]",0,0,0,1,0,0,0,0,0,5,3
2024101439055,2024,101439055,419849,565569,-1.69137,54.98433,3,3,5,17:00,-1,E08000021,3,0,1,0,1,3,"[5, 3]","[1, 7]",0,0,0,1,0,0,0,0,0,5,2
2024101439072,2024,101439072,433929,563082,-1.47165,54.96122,1,1,6,22:35,-1,E08000023,3,2,1,0,1,19,"[5, 1]","[1, 5]",0,0,0,1,0,1,0,0,0,4,12
2024101439083,2024,101439083,427739,563975,-1.56824,54.96963,3,3,5,19:30,-1,E08000021,4,0,1,0,2,"[1, 4]",3,7,0,0,0,1,0,0,0,0,0,5,2
2024101439154,2024,101439154,427078,568134,-1.57817,55.00704,2,2,1,21:00,-1,E08000021,3,2,1,0,1,9,1,5,0,7,0,1,0,0,0,0,1,4,21
2024101439233,2024,101439233,424834,563977,-1.61361,54.9698,2,2,6,12:30,-1,E08000021,3,2,1,0,1,19,2,6,0,0,0,1,0,0,0,0,1,5,3
2024101439340,2024,101439340,426240,577946,-1.59037,55.09525,1,1,1,10:19,-1,E06000057,6,0,1,0,2,19,"[7, 1]","[3, 7]","[9, 0]","[3, 7]",0,1,0,0,0,0,0,5,5
2024101439508,2024,101439508,384925,579066,-2.23782,55.10577,2,"[2, 3]",1,13:01,-1,E06000057,4,0,2,1,2,19,8,5,0,0,0,1,0,0,0,0,0,5,5
2024101439522,2024,101439522,438148,558321,-1.4064,54.91814,2,2,7,20:00,-1,E08000024,3,0,1,0,1,19,"[7, 5]","[3, 1]",0,0,0,1,0,0,0,0,0,4,13
2024101439598,2024,101439598,429746,556514,-1.53766,54.90247,3,3,7,13:30,-1,E08000024,3,0,1,0,1,"[19, 9]",7,"[3, 5]",0,0,0,1,0,0,0,0,0,5,4
2024101439864,2024,101439864,414893,564246,-1.76888,54.97261,3,3,3,08:30,-1,E08000037,4,0,1,0,1,"[13, 9]",7,"[3, 5]",0,0,0,1,0,1,0,0,0,5,7
2024101439896,2024,101439896,430418,565272,-1.52625,54.98113,2,2,6,22:00,-1,E08000023,6,2,2,1,1,"[3, 19]",1,5,0,0,0,1,0,0,0,0,0,5,3
2024101439912,2024,101439912,424982,564362,-1.61127,54.97325,3,3,7,08:31,-1,E08000021,6,0,1,0,1,7,7,1,0,1,11,0,0,0,1,0,1,4,6
2024101439938,2024,101439938,424438,560553,-1.62009,54.93905,3,3,5,16:55,-1,E08000037,6,0,2,1,1,"[19, 9]","[1, 3]","[1, 3]","[0, 4]",0,0,1,0,0,0,0,0,5,2
2024101439946,2024,101439946,422960,563287,-1.64294,54.96369,3,3,6,13:36,-1,E08000021,6,0,1,0,1,4,5,1,0,0,0,1,0,0,0,0,0,5,3
2024101439962,2024,101439962,398853,626524,-2.01973,55.53244,3,3,2,17:50,-1,E06000057,6,0,2,1,2,"[19, 20]","[6, 0]","[2, 0]",0,0,0,1,1,0,0,0,1,4,22
2024101439967,2024,101439967,420649,565210,-1.67889,54.98107,2,2,1,14:42,-1,E08000021,3,0,1,0,1,"[5, 19]","[5, 3]","[1, 7]",0,0,0,1,0,0,0,0,0,5,5
2024101440108,2024,101440108,429897,556536,-1.5353,54.90266,3,3,3,12:20,-1,E08000024,3,0,1,0,1,"[19, 12]",3,7,0,"[4, 0]",0,0,0,1,1,0,0,5,7
2024101440121,2024,101440121,429446,588158,-1.53908,55.18683,3,3,3,08:31,-1,E06000057,3,0,1,0,2,"[3, 5]",5,1,0,0,0,1,0,0,0,0,0,5,7
2024101440123,2024,101440123,438232,558585,-1.40505,54.9205,3,3,3,14:37,-1,E08000024,6,0,1,0,1,"[9, 4]","[8, 1]","[3, 5]",0,0,0,1,0,0,0,0,0,5,7
2024101440133,2024,101440133,435069,559300,-1.45431,54.92716,1,1,3,19:00,-1,E08000024,6,0,1,0,1,"[5, 7]","[5, 3]","[1, 7]",0,0,0,1,1,0,0,0,0,5,7
2024101440183,2024,101440183,430771,558046,-1.52151,54.91617,3,3,3,19:00,-1,E08000024,6,0,1,0,1,"[4, 19]","[4, 6]","[8, 2]",0,0,0,1,1,0,0,0,0,5,7
2024101440230,2024,101440230,435923,564486,-1.44034,54.9737,3,3,3,17:25,-1,E08000023,6,0,1,0,1,1,5,3,0,0,0,1,0,0,0,0,1,5,7
2024101440279,2024,101440279,429941,567909,-1.53343,55.00485,3,3,2,20:17,-1,E08000022,6,0,1,0,1,19,"[7, 5]","[3, 1]",0,0,0,1,0,1,0,0,0,5,6
2024101440431,2024,101440431,427738,560329,-1.5686,54.93687,3,3,3,11:25,-1,E08000037,6,0,1,0,1,"[4, 13]",3,2,0,0,0,1,0,0,0,0,0,5,7
2024101440449,2024,101440449,429784,566317,-1.53605,54.99056,3,3,3,07:25,-1,E08000022,6,0,1,0,1,"[3, 19]","[5, 3]","[1, 7]",0,0,0,1,1,0,0,0,0,5,7
2024101440528,2024,101440528,427580,565310,-1.57059,54.98163,2,2,4,23:58,-1,E08000021,3,2,1,0,1,19,7,3,0,0,0,0,0,0,1,0,1,5,8
2024101440676,2024,101440676,430896,581425,-1.51704,55.12625,3,3,4,15:23,-1,E06000057,3,0,1,0,1,"[3, 19]","[6, 5]",1,0,0,0,1,0,0,0,0,0,5,8
2024101440737,2024,101440737,436978,555030,-1.42507,54.88865,3,3,4,06:40,-1,E08000024,6,0,1,0,1,19,"[3, 1]","[7, 5]",0,"[1, 0]",0,1,0,0,0,0,0,5,8
2024101440822,2024,101440822,409472,608784,-1.85209,55.37295,3,3,6,20:45,-1,E06000057,3,2,1,1,2,19,5,1,0,1,11,1,0,0,0,0,0,5,3
2024101440874,2024,101440874,417836,620193,-1.71939,55.47524,3,3,5,11:50,-1,E06000057,3,0,1,0,2,"[5, 19]","[3, 5]",1,0,"[1, 0]",0,1,0,0,0,1,0,5,9
2024101440905,2024,101440905,437290,564352,-1.419,54.9724,2,2,5,17:45,-1,E08000023,5,0,1,0,1,"[9, 19]","[6, 8]","[4, 6]",0,0,0,1,1,0,0,0,0,5,9
2024101441002,2024,101441002,435644,561938,-1.44501,54.95082,3,3,4,16:51,-1,E08000023,4,0,1,0,1,19,"[7, 3]","[3, 7]",0,0,0,1,1,0,0,0,0,5,8
2024101441105,2024,101441105,429802,582119,-1.53412,55.13255,2,2,5,13:10,-1,E06000057,6,0,1,0,1,"[9, 10]","[1, 7]","[7, 5]",0,0,0,1,1,0,0,0,0,5,9
2024101441260,2024,101441260,429618,579027,-1.53733,55.10478,3,3,5,08:42,-1,E06000057,6,0,1,0,2,"[19, 9]","[3, 1]","[7, 5]",0,0,0,1,0,0,0,0,0,5,9
2024101441443,2024,101441443,372281,563976,-2.43452,54.96963,1,1,1,23:39,-1,E06000057,3,2,1,0,2,19,3,7,0,0,0,1,0,0,1,0,1,5,5
2024101441447,2024,101441447,398104,654339,-2.0318,55.78236,1,"[1, 3]",7,10:12,-1,E06000057,3,0,1,1,2,-1,4,7,0,7,0,0,0,1,0,0,0,5,4
2024101441454,2024,101441454,419757,564006,-1.69291,54.97029,3,3,6,16:25,-1,E08000021,3,0,1,0,2,"[4, 19]",1,5,0,"[1, 0]",0,1,0,0,0,0,0,5,10
2024101441469,2024,101441469,439800,557985,-1.38067,54.91499,3,3,6,10:37,-1,E08000024,3,0,1,0,1,"[19, 12]",7,3,0,0,0,1,0,0,0,0,0,5,10
2024101441702,2024,101441702,425172,564619,-1.60828,54.97555,2,2,7,19:05,-1,E08000021,6,0,1,0,1,19,4,8,0,0,0,1,0,0,0,0,1,5,11
2024101441725,2024,101441725,435313,568563,-1.44937,55.01038,2,2,7,16:45,-1,E08000022,3,0,1,0,1,19,7,3,0,0,0,0,0,1,0,0,1,5,11
2024101441726,2024,101441726,413797,599027,-1.78432,55.28518,2,2,7,10:10,-1,E06000057,3,0,1,0,2,"[9, 19]","[5, 4]","[2, 1]",0,"[0, 7]",0,1,0,1,0,0,0,5,11
2024101441737,2024,101441737,434116,568042,-1.46814,55.00578,3,3,5,11:30,-1,E08000022,3,0,1,0,1,19,"[5, 7]","[8, 2]",0,0,0,1,1,0,0,0,0,5,9
2024101441815,2024,101441815,423393,563088,-1.63619,54.96188,2,2,4,10:45,-1,E08000021,6,0,1,0,1,1,1,1,0,0,0,1,0,0,0,0,1,5,8
2024101442003,2024,101442003,425129,561914,-1.60918,54.95125,3,3,1,13:37,-1,E08000037,6,0,1,0,1,19,"[4, 2]","[8, 6]",0,0,0,1,1,0,0,0,0,5,12
2024101442091,2024,101442091,439462,556801,-1.38611,54.90438,3,3,6,16:00,-1,E08000024,6,0,1,0,1,19,1,5,0,0,0,0,1,0,0,0,1,5,10
2024101442108,2024,101442108,425314,564754,-1.60605,54.97676,3,3,2,09:00,-1,E08000021,2,0,1,0,1,"[3, 12]",5,1,0,0,0,1,0,0,0,0,0,5,13
2024101442111,2024,101442111,425918,558071,-1.59721,54.91667,3,3,1,12:30,-1,E08000037,3,0,1,0,2,19,4,8,0,0,0,1,0,0,0,0,0,5,12
2024101442447,2024,101442447,436980,555030,-1.42504,54.88865,3,3,2,08:46,-1,E08000024,6,0,1,0,1,"[19, 9]","[7, 3]","[3, 1]",0,0,0,1,0,0,0,0,0,5,13
2024101442670,2024,101442670,425619,577047,-1.60018,55.08721,2,2,2,16:00,-1,E06000057,3,0,1,0,2,19,7,3,0,"[1, 0]",0,1,1,0,0,0,0,5,13
2024101442697,2024,101442697,419189,564233,-1.70177,54.97235,3,3,3,07:05,-1,E08000021,6,0,1,0,2,7,4,8,"[0, 10]","[0, 5]",0,1,1,0,0,0,0,5,14
2024101442736,2024,101442736,436830,545734,-1.42856,54.80513,3,3,5,10:41,-1,E08000024,3,0,1,0,1,19,4,8,0,0,0,1,0,0,1,0,0,5,9
2024101442751,2024,101442751,435654,559343,-1.44518,54.92751,3,3,6,17:07,-1,E08000024,6,0,1,0,1,19,5,1,0,0,0,1,0,0,0,0,1,5,10
2024101442782,2024,101442782,436343,556363,-1.4348,54.90068,3,3,7,18:55,-1,E08000024,6,0,1,0,1,"[19, 1]","[1, 5]","[5, 1]",0,0,0,1,0,0,0,0,0,5,11
2024101442792,2024,101442792,435595,563258,-1.44562,54.96269,3,3,1,17:18,-1,E08000023,6,0,1,0,1,19,"[8, 4]","[4, 8]",0,0,0,1,0,0,0,0,0,5,12
2024101442801,2024,101442801,393899,564088,-2.09684,54.97137,2,2,3,11:35,-1,E06000057,6,0,1,0,1,20,5,1,0,0,0,1,0,0,0,0,0,5,14
2024101442817,2024,101442817,435964,564237,-1.43973,54.97146,3,3,1,14:20,-1,E08000023,4,0,1,0,1,19,5,1,0,0,0,1,0,0,0,0,0,5,12
2024101442826,2024,101442826,430433,558341,-1.52675,54.91885,3,3,7,19:37,-1,E08000024,6,0,1,0,1,"[4, 19]","[8, 6]","[4, 2]",0,0,0,1,1,0,0,0,0,5,11
2024101442841,2024,101442841,385374,575059,-2.23057,55.06978,1,"[2, 1]",1,18:35,-1,E06000057,6,0,1,1,2,19,3,7,0,8,0,1,0,0,0,0,0,5,5
2024101442970,2024,101442970,438806,558864,-1.39606,54.92297,3,3,1,12:30,-1,E08000024,4,0,1,0,1,"[19, 5]","[2, 1]","[6, 5]",0,0,0,1,0,1,0,0,0,5,12
2024101443356,2024,101443356,424922,562539,-1.61236,54.95687,2,2,4,15:54,-1,E08000037,4,0,1,0,1,19,6,2,0,0,0,1,0,0,1,0,1,5,15
2024101443455,2024,101443455,428086,574043,-1.56183,55.06008,3,3,3,16:10,-1,E06000057,6,0,1,0,2,"[9, 13]","[6, 2]","[2, 6]",0,"[0, 7]",0,1,0,1,0,0,0,5,14
2024101443504,2024,101443504,421018,566210,-1.67306,54.99004,3,3,4,17:22,-1,E08000021,3,0,1,0,1,"[2, 19]","[3, 8]","[7, 4]","[0, 8]",0,0,0,0,0,1,0,0,5,15
2024101443557,2024,101443557,432032,569338,-1.50058,55.01756,3,3,4,13:20,-1,E08000022,6,0,1,0,2,"[10, 19]",5,"[2, 8]",0,0,0,1,0,0,0,0,0,5,15
2024101443609,2024,101443609,430992,564665,-1.51735,54.97564,3,3,2,16:15,-1,E08000023,6,0,1,0,1,"[2, 14]","[6, 2]","[2, 6]",0,0,0,1,0,0,0,0,1,5,13
2024101443613,2024,101443613,429628,569735,-1.53814,55.02128,3,3,3,09:11,-1,E08000022,3,0,1,0,1,"[4, 19]","[2, 8]","[6, 4]",0,0,0,1,0,0,0,0,0,5,14
2024101443751,2024,101443751,403281,561983,-1.9503,54.95248,2,"[3, 2]",1,09:37,-1,E06000057,6,0,1,0,2,19,"[4, 8]","[8, 4]",0,0,0,0,1,0,0,0,0,5,12
2024101443783,2024,101443783,434958,569614,-1.45479,55.01985,3,3,5,17:25,-1,E08000022,4,0,1,0,1,"[19, 4]",5,1,0,0,0,1,0,0,0,0,0,5,16