collision_index,collision_year,collision_ref_no,location_easting_osgr,location_northing_osgr,longitude,latitude,casualty_severity,casualty_severity,day_of_week,time,local_authority_district,local_authority_ons_district,first_road_class,light_conditions,weather_conditions,road_surface_conditions,urban_or_rural_area,vehicle_manoeuvre,vehicle_direction_from,vehicle_direction_to,hit_object_in_carriageway,vehicle_leaving_carriageway,hit_object_off_carriageway,is_car,is_cyle,is_mcyle,is_goodsv,is_other,is_pedestrian,month,day
2024101443881,2024,101443881,433156,564424,-1.48357,54.97333,2,"[3, 2]",6,16:35,-1,E08000023,6,0,1,0,2,19,"[5, 1]","[1, 5]",0,0,0,1,0,0,0,0,0,5,10
2024101443946,2024,101443946,433840,549727,-1.47461,54.84122,3,3,5,15:36,-1,E08000024,3,0,1,0,2,19,3,7,0,0,0,1,0,0,0,0,1,5,16
2024101443986,2024,101443986,427860,569756,-1.56578,55.02157,3,3,6,08:46,-1,E08000022,6,0,1,0,1,"[4, 19]",3,"[1, 7]",0,0,0,1,0,0,0,0,0,5,17
2024101444138,2024,101444138,398432,654085,-2.02657,55.78008,3,3,5,13:30,-1,E06000057,3,0,1,0,2,"[19, 10]",6,"[2, 4]","[4, 0]",0,0,1,0,0,0,0,0,4,11
2024101444166,2024,101444166,427051,568387,-1.57857,55.00931,3,3,4,11:00,-1,E08000022,3,0,1,0,1,3,1,5,0,0,0,1,0,0,0,0,0,5,15
2024101444196,2024,101444196,425595,564150,-1.60171,54.97132,3,3,4,13:35,-1,E08000021,3,0,1,0,1,4,7,2,0,0,0,1,0,0,0,0,1,5,8
2024101444349,2024,101444349,433750,563510,-1.4744,54.96508,3,3,5,15:10,-1,E08000023,3,0,1,0,2,19,"[1, 5]","[5, 1]",0,0,0,1,1,0,0,0,0,5,9
2024101444370,2024,101444370,439599,557140,-1.38393,54.90741,2,2,5,15:10,-1,E08000024,6,0,1,0,1,19,3,7,0,0,0,0,1,0,0,0,1,5,16
2024101444406,2024,101444406,426717,576990,-1.58299,55.08664,3,3,4,18:00,-1,E06000057,6,0,1,0,1,"[19, 2]","[5, 0]","[1, 0]",0,0,0,1,1,0,0,0,0,5,15
2024101444420,2024,101444420,424388,567759,-1.62026,55.00381,3,3,6,11:05,-1,E08000021,4,0,1,0,1,"[9, 19]","[1, 5]","[7, 1]",0,0,0,1,0,1,0,0,0,5,17
2024101444438,2024,101444438,427919,573845,-1.56446,55.05831,1,1,6,12:13,-1,E06000057,3,0,1,0,2,"[12, 19]",1,5,0,"[5, 0]","[6, 0]",1,0,1,0,0,0,5,17
2024101444447,2024,101444447,440657,554744,-1.36776,54.8858,3,3,5,12:13,-1,E08000024,4,0,1,0,1,4,5,1,0,0,0,1,0,1,0,0,0,5,16
2024101444721,2024,101444721,435558,564989,-1.44598,54.97825,3,3,7,11:38,-1,E08000023,4,0,1,0,1,5,4,2,0,0,0,1,0,0,0,0,1,5,18
2024101444723,2024,101444723,399021,654783,-2.01718,55.78636,2,"[3, 2]",1,10:40,-1,E06000057,3,0,1,0,2,"[19, 4]",8,4,0,0,0,1,0,0,0,0,0,5,12
2024101444728,2024,101444728,437245,556862,-1.42067,54.9051,3,3,7,17:00,-1,E08000024,6,0,1,0,1,19,"[5, 3]","[1, 7]",0,0,0,1,1,0,0,0,0,5,18
2024101444729,2024,101444729,427462,568007,-1.57218,55.00588,3,3,7,14:55,-1,E08000022,6,0,1,0,1,"[19, 9]","[1, 5]","[5, 3]",0,0,0,1,0,0,0,0,0,5,18
2024101444783,2024,101444783,426723,557567,-1.5847,54.9121,3,3,6,11:25,-1,E08000037,3,0,1,0,2,"[3, 19]","[7, 8]",3,0,0,0,1,0,0,0,0,0,5,17
2024101444843,2024,101444843,431233,580610,-1.51185,55.1189,3,3,1,16:50,-1,E06000057,3,0,1,0,1,"[19, 5]","[8, 4]","[4, 6]",0,0,0,1,1,0,0,0,0,5,19
2024101445059,2024,101445059,440014,561991,-1.37678,54.95097,3,3,4,15:30,-1,E08000023,6,0,1,0,2,"[5, 19]","[4, 3]","[6, 7]",0,0,0,1,0,0,0,0,0,5,15
2024101445247,2024,101445247,437064,567519,-1.42212,55.00087,3,3,7,13:45,-1,E08000023,3,0,1,0,1,"[19, 4]",2,6,0,0,0,1,0,0,0,0,0,5,18
2024101445361,2024,101445361,404958,562023,-1.92412,54.95283,3,3,6,17:10,-1,E06000057,4,0,1,0,2,"[7, 9]","[3, 1]","[7, 5]",0,"[7, 0]","[10, 0]",1,0,0,0,0,0,5,17
2024101445398,2024,101445398,431395,557692,-1.51181,54.91295,3,3,1,16:03,-1,E08000024,6,0,1,0,2,19,"[5, 7]","[1, 3]",0,0,0,1,0,0,0,0,0,2,18
2024101445467,2024,101445467,436544,565891,-1.43046,54.98628,3,3,6,15:20,-1,E08000023,4,0,1,0,1,"[19, 3]",3,7,0,0,0,1,0,0,0,0,0,5,17
2024101445508,2024,101445508,420853,566506,-1.67561,54.99271,3,3,7,15:30,-1,E08000021,6,0,9,0,1,20,-1,-1,0,0,0,1,0,0,0,0,1,5,18
2024101445547,2024,101445547,428721,572422,-1.55205,55.04548,2,2,3,11:00,-1,E08000022,3,0,1,0,2,"[3, 19]",5,1,0,0,0,1,0,0,0,0,0,5,21
2024101445565,2024,101445565,431786,565016,-1.50491,54.97874,3,3,3,16:57,-1,E08000023,6,0,1,0,1,19,7,3,0,0,0,1,0,0,0,0,1,5,14
2024101445568,2024,101445568,423855,560806,-1.62917,54.94135,3,3,1,11:53,-1,E08000037,4,0,1,0,1,"[19, 12]",6,2,0,0,0,1,0,0,0,0,0,5,19
2024101445602,2024,101445602,437987,556371,-1.40917,54.90063,3,3,4,12:41,-1,E08000024,3,0,1,0,1,14,7,7,0,0,0,1,0,0,0,0,1,5,15
2024101445623,2024,101445623,434656,559168,-1.46077,54.926,3,3,7,22:31,-1,E08000024,6,2,1,0,1,"[19, 2]","[7, 0]","[3, 0]",0,"[1, 0]","[11, 0]",1,0,0,0,0,0,5,18
2024101445636,2024,101445636,428288,559047,-1.56014,54.92532,2,2,7,06:50,-1,E08000024,4,0,1,0,2,19,4,8,0,0,0,0,0,0,1,0,1,4,20
2024101445818,2024,101445818,428987,569019,-1.54823,55.01488,3,3,4,00:01,-1,E08000022,3,2,2,1,1,"[19, 3]",2,"[4, 6]",0,0,0,1,0,0,0,0,0,5,22
2024101445987,2024,101445987,421350,564576,-1.66799,54.97534,3,3,3,15:25,-1,E08000021,6,0,1,0,1,"[3, 19]","[4, 8]","[8, 4]",0,0,0,1,0,0,1,0,0,5,21
2024101446064,2024,101446064,437763,559149,-1.4123,54.92561,3,3,3,15:20,-1,E08000024,6,0,1,0,1,"[19, 12]","[7, 1]",4,0,0,0,1,1,0,0,0,0,5,21
2024101446089,2024,101446089,422776,563840,-1.64577,54.96867,2,2,6,15:15,-1,E08000021,4,0,1,0,1,9,1,2,0,0,0,1,0,0,0,0,1,5,17
2024101446165,2024,101446165,428674,568942,-1.55314,55.01421,3,3,3,18:10,-1,E08000022,3,0,1,0,2,19,7,3,0,0,0,1,0,0,0,0,1,5,21
2024101446546,2024,101446546,429395,588242,-1.53987,55.18759,3,3,3,11:30,-1,E06000057,3,0,1,1,2,"[19, 3]",7,3,0,0,0,1,0,0,0,0,0,5,21
2024101447136,2024,101447136,423351,564741,-1.63671,54.97674,3,3,4,09:00,-1,E08000021,6,0,1,0,1,1,3,7,0,0,0,1,0,0,0,0,1,5,22
2024101447166,2024,101447166,428189,565596,-1.56105,54.98417,3,3,4,15:45,-1,E08000021,3,0,2,1,1,"[3, 4]",7,3,0,0,0,1,0,0,0,0,0,5,22
2024101447202,2024,101447202,435822,558135,-1.44271,54.91664,3,3,4,17:45,-1,E08000024,6,0,2,1,1,19,1,5,0,0,0,1,0,0,0,0,1,5,22
2024101447221,2024,101447221,433699,563918,-1.47515,54.96875,3,3,3,17:00,-1,E08000023,3,0,2,0,1,"[19, 11]",5,1,0,0,0,1,0,1,0,0,0,5,21
2024101447383,2024,101447383,400647,568596,-1.99142,55.01192,2,2,5,18:04,-1,E06000057,4,0,2,1,2,19,3,7,10,8,0,1,0,0,0,0,0,5,23
2024101447641,2024,101447641,425507,568090,-1.60273,55.00672,3,3,3,07:35,-1,E08000021,3,0,1,0,1,19,5,1,0,0,0,1,0,0,0,0,1,5,21
2024101447762,2024,101447762,430736,570577,-1.52072,55.02878,3,3,3,10:00,-1,E08000022,3,0,1,0,2,19,"[7, 8]","[3, 4]",0,0,0,1,0,0,0,0,0,5,21
2024101447874,2024,101447874,436556,562711,-1.43068,54.9577,2,2,4,17:00,-1,E08000023,6,0,2,1,1,19,7,3,0,0,0,1,0,0,0,0,1,5,22
2024101447896,2024,101447896,428973,581832,-1.54715,55.13002,3,3,6,19:10,-1,E06000057,3,0,1,1,1,19,7,3,0,0,0,1,0,0,0,0,0,5,24
2024101447897,2024,101447897,377561,601895,-2.35506,55.31062,3,3,6,02:05,-1,E06000057,3,2,1,1,2,19,"[1, 5]","[5, 1]",0,0,0,1,0,0,0,0,0,5,24
2024101447909,2024,101447909,400654,568598,-1.99131,55.01194,2,2,6,18:50,-1,E06000057,4,0,1,1,2,19,3,7,0,7,0,1,0,0,0,0,0,5,24
2024101447918,2024,101447918,426716,557560,-1.58481,54.91204,2,"[3, 2]",5,23:28,-1,E08000037,3,2,1,1,2,19,8,4,"[0, 7]","[0, 3]","[0, 10]",1,0,0,0,0,0,5,23
2024101447954,2024,101447954,424880,571937,-1.6122,55.04133,3,3,5,22:23,-1,E08000022,3,2,1,1,2,19,3,7,0,1,0,1,0,0,0,0,0,5,23
2024101447972,2024,101447972,435852,571051,-1.44063,55.0327,2,2,7,00:19,-1,E08000022,3,2,1,0,1,19,5,1,9,0,0,1,0,0,0,0,0,5,25
2024101447995,2024,101447995,428404,565492,-1.5577,54.98322,3,3,6,08:40,-1,E08000021,6,0,1,0,1,"[7, 19]","[8, 4]","[5, 8]",0,0,0,1,1,0,0,0,0,5,17
2024101448021,2024,101448021,424947,564741,-1.61178,54.97666,3,3,6,15:05,-1,E08000021,6,0,1,0,1,19,1,5,0,0,0,1,0,0,0,0,1,5,24
2024101448040,2024,101448040,436732,566973,-1.42738,54.99599,3,3,5,14:30,-1,E08000023,5,0,1,0,1,"[19, 3]",2,6,0,0,0,1,0,0,0,0,0,5,23
2024101448125,2024,101448125,436572,566888,-1.4299,54.99524,3,3,7,13:45,-1,E08000023,3,0,1,0,1,19,"[2, 1]",5,0,0,0,1,0,0,0,0,0,5,25
2024101448226,2024,101448226,397717,651229,-2.03794,55.75442,2,2,6,11:50,-1,E06000057,3,0,1,0,2,19,5,1,0,0,0,1,0,1,0,0,0,5,24
2024101448292,2024,101448292,409615,563015,-1.85137,54.96168,3,3,7,09:13,-1,E06000057,6,0,1,0,1,9,3,1,0,0,0,1,0,0,0,0,1,5,25
2024101448317,2024,101448317,419497,567161,-1.69676,54.99865,3,3,6,21:35,-1,E08000021,6,2,1,0,1,"[19, -1]","[5, 7]","[1, 3]",0,0,0,1,0,1,0,0,0,5,24
2024101448328,2024,101448328,428122,562218,-1.56242,54.95382,3,3,5,17:00,-1,E08000037,6,0,1,0,1,"[19, 3]",6,2,0,0,0,1,0,0,0,0,0,5,23
2024101448342,2024,101448342,436140,564788,-1.43691,54.9764,3,3,6,17:30,-1,E08000023,4,0,1,0,1,"[9, 19]","[4, 6]",2,0,0,0,1,1,0,0,0,0,5,24
2024101448351,2024,101448351,420438,584834,-1.68079,55.15742,2,2,7,23:12,-1,E06000057,6,2,1,0,1,"[9, 19]","[1, 4]","[6, 8]",0,0,0,1,1,0,0,0,0,5,18
2024101448362,2024,101448362,418224,563454,-1.71689,54.96538,2,2,6,19:20,-1,E08000037,3,0,1,0,1,19,4,7,10,0,0,1,0,0,0,0,1,5,24
2024101448693,2024,101448693,426469,561896,-1.58826,54.95102,3,3,2,14:20,-1,E08000037,6,0,1,1,1,"[2, 19]","[0, 3]","[0, 7]","[0, 4]","[0, 1]",0,1,0,0,0,0,0,5,27
2024101448993,2024,101448993,436362,565003,-1.43342,54.97831,2,"[3, 2]",4,17:43,-1,E08000023,4,0,1,0,1,"[19, 3]",6,2,0,"[1, 0]",0,1,0,0,0,0,0,5,1
2024101449013,2024,101449013,425437,565215,-1.60408,54.98089,2,2,4,16:47,-1,E08000021,4,0,2,1,1,19,3,7,0,0,0,1,0,0,0,0,1,5,22
2024101449034,2024,101449034,435916,558226,-1.44123,54.91745,3,3,3,14:15,-1,E08000024,6,0,1,0,1,19,5,1,0,0,0,1,1,0,0,0,0,5,21
2024101449040,2024,101449040,439571,559580,-1.38403,54.92934,3,3,4,17:00,-1,E08000024,4,0,9,-1,1,5,7,3,0,0,0,1,0,0,0,0,1,5,22
2024101449075,2024,101449075,431670,556109,-1.5077,54.89871,3,3,2,16:10,-1,E08000024,3,0,1,0,2,"[19, 7]","[3, 2]","[7, 2]",0,0,0,1,0,0,0,0,0,5,27
2024101449089,2024,101449089,433315,570112,-1.48043,55.02443,3,3,3,13:16,-1,E08000022,3,0,2,1,1,4,7,3,0,0,0,1,0,0,0,0,1,5,28
2024101449198,2024,101449198,424899,558588,-1.61306,54.92137,3,3,3,20:20,-1,E08000037,3,0,1,0,2,"[3, 4]",1,5,0,0,0,1,0,0,0,0,0,5,28
2024101449225,2024,101449225,434926,557888,-1.45671,54.91448,3,3,3,18:30,-1,E08000024,6,0,1,0,1,"[3, 19]","[1, 7]",3,0,0,0,1,1,0,0,0,0,5,28
2024101449290,2024,101449290,423642,564612,-1.63218,54.97556,2,2,6,23:24,-1,E08000021,6,2,1,0,1,19,3,7,0,0,0,1,1,0,0,0,0,5,24
2024101449349,2024,101449349,416015,569045,-1.75109,55.0157,3,3,3,17:45,-1,E06000057,4,0,2,1,2,"[7, 10]","[7, 1]","[1, 7]",0,0,0,1,0,0,0,0,0,5,28
2024101449576,2024,101449576,420946,562701,-1.67444,54.95851,3,3,4,14:19,-1,E08000037,5,0,1,0,1,"[5, 9]","[1, 3]","[5, 1]",0,0,0,1,0,0,0,0,0,5,29
2024101449677,2024,101449677,429474,564184,-1.54111,54.97141,2,2,4,13:30,-1,E08000021,6,0,2,1,1,"[19, 9]","[5, 2]","[1, 7]",0,0,0,1,0,1,0,0,0,5,29
2024101449709,2024,101449709,424552,563885,-1.61802,54.96899,3,3,7,17:00,-1,E08000021,6,0,1,0,1,"[1, 3]",5,"[4, 5]",0,0,0,1,0,0,0,0,0,5,25
2024101449758,2024,101449758,420055,563765,-1.68828,54.96811,3,3,4,16:45,-1,E08000021,3,0,2,1,1,19,"[8, 3]","[6, 8]",0,0,0,1,0,0,1,0,0,5,29
2024101449764,2024,101449764,414754,562329,-1.77115,54.95539,1,"[2, 1]",7,19:38,-1,E08000037,5,0,1,1,1,"[9, 19]","[3, 7]","[7, 3]",11,0,0,1,0,1,0,0,0,4,13
2024101449807,2024,101449807,422605,563999,-1.64843,54.9701,3,3,4,18:15,-1,E08000021,6,0,2,1,1,"[19, 3]","[1, 3]","[3, 8]",0,0,0,1,0,0,0,0,0,5,29
2024101450013,2024,101450013,425585,562199,-1.60204,54.95378,3,3,3,18:53,-1,E08000037,5,0,1,0,1,"[5, 19]","[7, 1]","[1, 5]",0,0,0,1,0,0,1,0,0,5,28
2024101450184,2024,101450184,415060,557272,-1.76663,54.90994,3,3,6,06:48,-1,E08000037,3,0,1,1,2,19,5,2,10,1,0,1,0,0,0,0,0,5,31
2024101450200,2024,101450200,412441,558910,-1.80741,54.92473,3,3,3,10:31,-1,E08000037,5,0,9,-1,2,-1,-1,-1,-1,-1,0,1,0,0,0,0,0,5,28
2024101450321,2024,101450321,440345,553113,-1.37285,54.87117,3,3,3,20:30,-1,E08000024,6,0,1,0,1,"[4, 19]","[5, 7]","[1, 3]",0,0,0,1,1,0,0,0,0,5,28
2024101450391,2024,101450391,402581,644786,-1.9605,55.69653,1,"[1, 2, 3]",6,15:06,-1,E06000057,3,0,1,0,2,19,"[5, 1]","[1, 5]",0,0,0,1,0,0,0,0,0,5,31
2024101450489,2024,101450489,419785,566424,-1.69231,54.99201,2,2,6,17:45,-1,E08000021,6,0,1,0,1,19,7,3,0,0,0,1,0,0,0,0,1,5,31
2024101450516,2024,101450516,425538,585071,-1.60073,55.15931,3,3,5,14:30,-1,E06000057,6,0,1,0,2,20,5,1,0,3,11,1,0,0,0,0,0,5,30
2024101450553,2024,101450553,424825,562397,-1.61389,54.9556,3,3,6,18:08,-1,E08000037,5,0,1,0,1,-1,-1,-1,-1,-1,0,1,0,0,0,0,0,5,31
2024101450567,2024,101450567,426917,573997,-1.58014,55.05973,3,3,5,16:15,-1,E08000022,6,0,1,0,1,"[5, 19]","[5, 3]","[1, 7]",0,0,0,1,1,0,0,0,0,5,30
2024101450787,2024,101450787,410933,607234,-1.8291,55.359,3,3,7,22:54,-1,E06000057,4,2,1,1,2,19,6,2,0,8,0,1,0,0,0,0,0,6,1
2024101450810,2024,101450810,426388,564201,-1.58932,54.97173,3,3,1,02:08,-1,E08000021,3,2,8,0,1,13,3,3,0,0,0,1,0,0,0,0,0,6,2
2024101450820,2024,101450820,430458,563046,-1.52586,54.96112,3,3,7,18:53,-1,E08000023,3,0,1,0,1,19,6,2,0,0,0,1,0,0,0,0,0,6,1
2024101450840,2024,101450840,427633,557047,-1.57055,54.90738,3,3,7,18:56,-1,E08000037,3,0,1,0,2,"[3, 19]",1,5,0,0,0,1,0,0,0,0,0,6,1
2024101450870,2024,101450870,427430,587979,-1.57076,55.18534,2,2,1,03:30,-1,E06000057,3,2,1,0,1,19,3,7,0,7,2,1,0,0,0,0,0,6,2
2024101451114,2024,101451114,388949,643609,-2.17733,55.68583,3,3,1,04:10,-1,E06000057,6,2,2,1,2,19,1,5,0,8,4,1,0,0,0,0,0,3,31
2024101451281,2024,101451281,429741,569847,-1.53636,55.02228,3,3,7,13:15,-1,E08000022,3,0,1,0,1,"[10, 3, 4, 19]",6,"[4, 2]",0,0,0,1,0,0,0,0,0,6,1
2024101451284,2024,101451284,440957,552667,-1.36338,54.86711,3,3,1,23:45,-1,E08000024,4,2,1,0,1,19,"[6, 2]","[2, 6]",0,0,0,1,0,0,0,0,0,3,31
2024101451330,2024,101451330,435050,568267,-1.45352,55.00774,3,3,2,18:40,-1,E08000022,3,0,1,0,1,5,8,4,0,0,0,1,0,0,0,0,1,6,3
2024101451487,2024,101451487,423059,564638,-1.64128,54.97582,3,3,2,07:10,-1,E08000021,6,0,1,0,1,"[3, 19]",5,1,0,0,0,1,1,0,0,0,0,6,3
2024101451554,2024,101451554,433283,567479,-1.48123,55.00078,2,2,2,12:40,-1,E08000022,3,0,1,1,2,"[19, 11]",7,3,0,0,0,1,0,1,0,0,0,5,27
2024101451630,2024,101451630,418581,591678,-1.70949,55.21899,3,3,3,12:45,-1,E06000057,3,0,1,0,2,19,5,1,0,0,0,1,0,0,0,0,0,6,4
2024101451647,2024,101451647,427877,564706,-1.56601,54.97619,3,3,1,01:30,-1,E08000021,6,2,1,-1,1,5,5,1,0,0,0,1,0,0,0,0,1,6,2
2024101451653,2024,101451653,430568,561592,-1.5243,54.94805,3,3,2,11:00,-1,E08000037,6,0,1,0,1,-1,-1,-1,-1,-1,0,1,1,0,0,0,0,6,3
2024101451664,2024,101451664,434911,555170,-1.45728,54.89006,3,3,4,13:10,-1,E08000024,3,0,1,0,2,12,3,3,"[0, 10]","[0, 7]",0,1,0,1,0,0,0,5,29
2024101451675,2024,101451675,437555,563731,-1.41494,54.9668,3,3,4,23:35,-1,E08000023,3,2,2,1,2,"[2, 19]","[0, 1]","[0, 5]","[4, 0]",0,0,1,0,0,0,0,0,5,29
2024101451676,2024,101451676,435470,559079,-1.44808,54.92515,3,3,3,14:55,-1,E08000024,5,0,2,1,1,19,7,4,0,0,0,1,0,0,0,0,1,6,4
2024101451683,2024,101451683,431001,564324,-1.51725,54.97257,3,3,6,11:50,-1,E08000023,3,0,1,0,1,19,"[8, 4]","[4, 8]",0,0,0,1,0,0,0,0,0,5,31
2024101451699,2024,101451699,434024,550041,-1.47171,54.84403,2,"[2, 3]",7,14:34,-1,E08000024,5,0,1,0,1,9,8,6,0,0,0,1,0,0,0,0,1,6,1
2024101451705,2024,101451705,438156,558461,-1.40626,54.9194,3,3,3,08:20,-1,E08000024,6,0,1,0,1,19,"[7, 1]","[3, 5]",0,0,0,1,1,0,0,0,0,6,4
2024101451724,2024,101451724,430192,557298,-1.53062,54.90949,2,2,2,17:49,-1,E08000024,6,0,1,0,1,19,5,1,0,0,0,1,0,0,0,0,1,6,3
2024101451764,2024,101451764,409574,636725,-1.84953,55.62401,3,3,2,14:04,-1,E06000057,3,0,1,0,2,"[19, 4]",5,1,0,"[1, 0]",0,1,0,0,0,0,0,6,3
2024101451806,2024,101451806,423204,566028,-1.63891,54.98831,3,3,3,18:50,-1,E08000021,3,0,1,0,1,19,"[1, 3]","[5, 7]",0,0,0,1,0,0,0,0,0,6,4
2024101452023,2024,101452023,426011,562713,-1.59534,54.95838,3,3,4,09:30,-1,E08000037,4,0,1,0,1,10,2,8,0,3,0,1,1,0,0,0,0,6,5
2024101452039,2024,101452039,403124,561867,-1.95275,54.95144,2,2,4,11:06,-1,E06000057,3,0,8,0,2,19,5,1,0,1,0,0,0,1,0,0,0,6,5
2024101452192,2024,101452192,411423,568510,-1.82292,55.01102,3,3,4,15:58,-1,E06000057,4,0,1,1,2,19,"[5, 1]","[1, 5]",0,"[0, 1]",0,1,0,0,0,0,0,6,5
2024101452358,2024,101452358,422860,568838,-1.64406,55.01357,3,3,4,15:50,-1,E08000021,6,0,1,0,1,19,4,1,0,0,0,1,0,0,0,0,1,6,5
2024101452455,2024,101452455,420638,566163,-1.679,54.98963,3,3,3,08:10,-1,E08000021,6,0,1,0,1,"[4, 19]",2,6,0,0,0,1,0,0,1,0,0,6,4
2024101452574,2024,101452574,435709,571886,-1.44276,55.04021,3,3,3,17:40,-1,E08000022,6,0,1,0,1,"[9, 7]","[1, 7]","[7, 1]",0,0,0,1,0,1,0,0,0,6,4
2024101452761,2024,101452761,435200,547765,-1.45367,54.8235,3,3,5,21:50,-1,E08000024,3,0,1,0,1,19,"[5, 1]","[1, 5]",0,0,0,1,1,0,0,0,0,6,6
2024101452770,2024,101452770,430588,561591,-1.52399,54.94804,3,3,4,11:00,-1,E08000037,6,0,1,0,1,-1,-1,-1,-1,-1,0,1,0,0,0,0,1,6,5
2024101452857,2024,101452857,435018,570216,-1.45378,55.02525,3,3,6,09:10,-1,E08000022,6,0,1,0,1,"[3, 19]",2,6,0,0,0,1,0,0,0,0,0,6,7
2024101453162,2024,101453162,423100,561849,-1.64087,54.95076,2,2,6,18:00,-1,E08000037,5,0,2,1,1,"[9, 19]",2,"[8, 6]",0,0,0,0,1,0,0,1,0,6,7
2024101453191,2024,101453191,434581,549812,-1.46306,54.84194,3,3,6,17:30,-1,E08000024,6,0,1,0,1,19,"[1, 4]","[4, 1]",0,0,0,1,1,0,0,0,0,6,7
2024101453221,2024,101453221,437213,565530,-1.42005,54.98299,3,3,6,16:00,-1,E08000023,3,0,1,0,1,5,5,1,0,0,0,1,0,0,0,0,1,6,7
2024101453298,2024,101453298,433750,569475,-1.4737,55.01868,3,3,7,13:08,-1,E08000022,6,0,1,0,1,19,1,5,0,0,0,1,0,0,0,0,1,6,8
2024101453309,2024,101453309,435320,571842,-1.44885,55.03984,3,3,7,12:00,-1,E08000022,3,0,1,0,1,19,5,1,0,0,0,1,1,0,0,0,0,6,8
2024101453468,2024,101453468,433163,564899,-1.48341,54.9776,2,2,7,14:44,-1,E08000023,6,0,1,0,1,"[1, 2]","[7, 0]","[3, 0]","[4, 0]",0,0,1,0,0,0,0,0,6,8
2024101453480,2024,101453480,434364,571069,-1.46391,55.03296,3,3,6,15:30,-1,E08000022,6,0,1,0,1,3,2,6,0,0,0,1,0,0,0,0,0,6,7
2024101453486,2024,101453486,421236,562262,-1.66994,54.95455,3,3,7,15:15,-1,E08000037,3,0,1,0,1,"[11, 19]",5,1,0,0,0,1,0,0,0,0,0,6,8
2024101453583,2024,101453583,414822,594661,-1.76841,55.24592,3,3,1,12:50,-1,E06000057,3,0,1,0,2,"[19, 5, 7]","[1, 5]","[5, 1]",0,"[1, 0]",0,1,0,0,0,0,0,6,9
2024101453615,2024,101453615,434766,558299,-1.45916,54.91819,3,3,1,00:55,-1,E08000024,6,2,1,0,1,"[19, 7]","[1, 3]","[5, 6]",0,0,0,1,0,0,0,0,0,6,9
2024101453733,2024,101453733,421077,558978,-1.67266,54.92505,3,3,5,13:45,-1,E08000037,3,0,1,0,1,5,1,5,0,0,0,1,0,0,0,0,1,6,6
2024101453770,2024,101453770,422201,568492,-1.65439,55.01049,3,3,7,18:50,-1,E08000021,6,0,8,0,1,"[19, 1]","[7, 3]","[3, 7]",0,0,0,1,0,0,0,0,0,6,8
2024101453933,2024,101453933,420545,565518,-1.6805,54.98384,3,3,5,16:45,-1,E08000021,3,0,1,0,1,"[6, 14]",6,2,0,0,0,1,0,1,0,0,0,6,6
2024101453994,2024,101453994,421055,566220,-1.67248,54.99013,1,"[1, 2]",2,01:13,-1,E08000021,3,2,1,0,1,19,8,4,0,1,0,1,0,0,0,0,0,6,10
2024101454077,2024,101454077,427519,570266,-1.57107,55.02617,3,3,2,18:28,-1,E08000022,6,0,1,0,1,10,3,5,0,0,0,1,0,0,0,0,1,6,10
2024101454315,2024,101454315,435577,546865,-1.44791,54.81538,2,2,2,16:00,-1,E08000024,4,0,1,0,1,4,3,7,0,0,0,1,0,0,0,0,1,6,10
2024101454346,2024,101454346,421810,565591,-1.66072,54.98444,3,3,2,11:25,-1,E08000021,6,0,1,0,1,19,3,7,0,0,0,0,0,0,0,1,1,6,10
2024101454369,2024,101454369,427124,567973,-1.57746,55.00559,3,3,7,13:15,-1,E08000021,3,0,1,0,1,"[19, 9]","[1, 7]","[5, 1]",0,0,0,1,0,0,0,0,0,6,8
2024101454405,2024,101454405,427062,566520,-1.57857,54.99254,2,2,1,13:07,-1,E08000021,3,0,1,0,1,19,"[2, 1]","[6, 5]",0,0,0,1,1,0,0,0,0,6,9
2024101454446,2024,101454446,436758,566220,-1.42707,54.98922,3,3,3,16:17,-1,E08000023,3,0,1,0,1,19,8,4,0,0,0,0,0,0,1,0,1,6,4
2024101454637,2024,101454637,425336,563732,-1.60579,54.96757,3,3,3,09:33,-1,E08000037,3,0,1,0,2,19,"[1, 5]","[5, 1]",0,0,0,0,1,0,0,0,0,6,11
2024101454973,2024,101454973,416604,566713,-1.74201,54.99473,3,3,4,14:51,-1,E08000021,4,0,1,0,2,19,7,3,0,0,0,1,0,0,0,0,1,6,12
2024101455012,2024,101455012,418557,564081,-1.71165,54.97101,2,2,1,21:25,-1,E08000021,6,2,1,0,1,1,7,3,0,0,0,1,0,0,0,0,1,6,2
2024101455110,2024,101455110,431730,563705,-1.50593,54.96697,3,3,4,08:45,-1,E08000023,6,0,1,0,1,19,6,2,0,0,0,1,0,0,0,0,1,6,12
2024101455133,2024,101455133,425766,561668,-1.59926,54.949,3,3,4,10:15,-1,E08000037,3,0,1,0,1,1,1,5,0,0,0,1,0,0,0,0,1,6,12
2024101455212,2024,101455212,426745,560292,-1.5841,54.93659,3,3,2,07:40,-1,E08000037,4,0,1,0,1,"[9, 19]","[1, 5]","[6, 1]",0,0,0,1,0,0,0,0,0,6,10
2024101455257,2024,101455257,425892,565670,-1.59693,54.98496,3,3,4,17:00,-1,E08000021,4,0,1,0,1,19,2,6,0,0,0,1,0,0,0,0,1,6,12
2024101455319,2024,101455319,405293,642079,-1.91741,55.67218,3,3,5,18:10,-1,E06000057,3,0,1,0,2,"[19, 10]","[5, 1]","[1, 5]",0,0,0,1,0,0,0,0,0,2,1