collision_index,collision_year,collision_ref_no,location_easting_osgr,location_northing_osgr,longitude,latitude,casualty_severity,casualty_severity,day_of_week,time,local_authority_district,local_authority_ons_district,first_road_class,light_conditions,weather_conditions,road_surface_conditions,urban_or_rural_area,vehicle_manoeuvre,vehicle_direction_from,vehicle_direction_to,hit_object_in_carriageway,vehicle_leaving_carriageway,hit_object_off_carriageway,is_car,is_cyle,is_mcyle,is_goodsv,is_other,is_pedestrian,month,day
2024101467100,2024,101467100,428040,586681,-1.56131,55.17364,3,3,3,13:09,-1,E06000057,6,0,1,0,1,19,1,5,0,0,0,1,0,0,0,0,1,7,9
2024101467190,2024,101467190,424919,564021,-1.61228,54.97019,2,2,6,11:55,-1,E08000021,3,0,1,0,1,5,1,5,0,0,0,0,0,0,1,0,1,7,12
2024101467318,2024,101467318,420843,563016,-1.67602,54.96135,3,3,6,16:50,-1,E08000037,6,0,1,0,1,-1,-1,-1,-1,-1,0,1,0,0,0,0,0,7,12
2024101467492,2024,101467492,433001,567399,-1.48565,55.00008,3,3,7,13:30,-1,E08000022,3,0,2,1,2,"[19, 10]",8,4,0,0,0,1,0,0,0,0,0,7,13
2024101467504,2024,101467504,428879,576251,-1.54919,55.07987,3,3,3,20:46,-1,E06000057,4,0,2,1,2,19,7,5,0,1,0,1,0,0,0,0,1,7,9
2024101467510,2024,101467510,427106,566288,-1.5779,54.99045,3,3,6,16:10,-1,E08000021,6,0,1,1,1,19,"[1, 7]","[5, 3]",0,0,0,0,1,0,0,0,0,7,12
2024101467525,2024,101467525,423993,560605,-1.62703,54.93954,2,2,7,18:00,-1,E08000037,6,0,2,1,1,"[5, 19]","[4, 2]",7,-1,"[0, -1]",0,1,1,0,0,0,0,7,13
2024101467559,2024,101467559,426990,587004,-1.57776,55.1766,3,3,5,15:05,-1,E06000057,6,0,1,0,1,19,5,1,0,0,0,1,0,0,0,0,1,7,11
2024101467723,2024,101467723,424157,563792,-1.6242,54.96817,2,2,1,22:15,-1,E08000021,6,2,2,1,1,5,5,1,0,0,0,1,0,0,0,0,1,7,14
2024101467729,2024,101467729,422393,566154,-1.65157,54.98948,3,3,1,15:00,-1,E08000021,6,0,1,0,1,"[19, 3]",3,7,0,0,0,1,0,0,0,0,0,7,14
2024101467767,2024,101467767,424839,564115,-1.61352,54.97104,3,3,7,23:40,-1,E08000021,4,2,2,1,1,7,2,4,0,0,0,1,0,0,0,0,1,7,13
2024101467815,2024,101467815,421717,565264,-1.6622,54.98151,3,3,7,22:00,-1,E08000021,6,2,2,1,1,9,7,5,0,0,0,1,0,0,0,0,1,7,13
2024101467922,2024,101467922,432591,549486,-1.49408,54.83914,3,3,7,14:20,-1,E08000024,4,0,2,1,1,19,5,1,0,0,0,1,0,0,0,0,1,7,13
2024101468001,2024,101468001,430133,567600,-1.53046,55.00206,2,2,6,12:50,-1,E08000022,6,0,9,0,1,-1,"[3, 5]","[1, 3]","[-1, 0]","[-1, 0]",0,1,0,0,0,0,0,7,12
2024101468002,2024,101468002,430586,581018,-1.52195,55.12261,3,3,2,12:44,-1,E06000057,6,0,8,0,1,"[2, 19]","[1, 5]",1,0,"[0, 7]",0,1,0,0,0,0,0,7,15
2024101468022,2024,101468022,434435,570040,-1.46292,55.02371,2,2,2,12:39,-1,E08000022,6,0,2,1,1,19,7,3,0,0,0,0,0,1,0,0,0,7,15
2024101468196,2024,101468196,434754,558346,-1.45934,54.91861,3,3,2,12:40,-1,E08000024,6,0,1,0,1,"[19, 3]",5,1,0,0,0,1,0,0,0,0,0,7,15
2024101468327,2024,101468327,429585,581878,-1.53755,55.1304,3,3,2,16:30,-1,E06000057,6,0,1,0,1,7,3,5,0,0,0,1,0,0,0,0,1,7,15
2024101468380,2024,101468380,422273,564606,-1.65357,54.97557,2,2,6,22:34,-1,E08000021,3,2,1,0,1,"[19, 9]","[8, 4]","[4, 1]",0,0,0,1,1,0,0,0,0,7,12
2024101468455,2024,101468455,424458,560001,-1.61982,54.93409,3,3,3,16:47,-1,E08000037,6,0,1,0,1,19,1,5,2,0,0,0,1,0,0,0,0,7,16
2024101468466,2024,101468466,425767,562639,-1.59916,54.95773,2,2,2,17:37,-1,E08000037,4,0,1,0,1,"[7, 5]","[5, 3]","[1, 5]",0,"[0, 1]","[0, 1]",1,0,0,1,0,0,7,15
2024101468591,2024,101468591,422325,564638,-1.65275,54.97586,3,3,3,15:50,-1,E08000021,6,0,1,0,1,"[1, 3]","[4, 8]","[8, 4]",0,0,0,1,0,0,0,0,0,7,16
2024101468631,2024,101468631,425111,566621,-1.60905,54.99354,2,2,3,13:30,-1,E08000021,6,0,1,0,1,19,"[4, 1]","[1, 4]",0,0,0,1,1,0,0,0,0,7,16
2024101468683,2024,101468683,428263,564468,-1.56,54.97403,3,3,5,17:46,-1,E08000021,4,0,1,0,1,5,3,7,0,0,0,0,0,0,1,0,0,7,11
2024101468705,2024,101468705,427333,559084,-1.57504,54.9257,3,3,4,14:00,-1,E08000037,4,0,1,0,1,"[7, 2]","[7, 1]","[1, 7]","[4, 0]",0,0,1,0,0,1,0,0,5,15
2024101468940,2024,101468940,431530,566637,-1.50873,54.99332,2,2,2,07:45,-1,E08000022,6,0,1,0,1,19,"[3, 7]","[7, 3]",0,0,0,0,1,1,0,0,0,7,15
2024101469187,2024,101469187,429966,560660,-1.53379,54.93971,3,3,4,11:00,-1,E08000037,4,0,1,0,2,"[19, 9]","[2, 6]","[6, 4]",0,0,0,1,0,0,0,0,0,7,17
2024101469210,2024,101469210,401570,555023,-1.97705,54.88995,2,"[2, 3]",5,18:20,-1,E06000057,5,0,1,0,2,19,1,5,0,7,0,1,0,0,0,0,0,7,4
2024101469244,2024,101469244,436901,567076,-1.42473,54.9969,3,3,4,15:10,-1,E08000023,6,0,1,0,1,"[5, 2]","[1, 0]","[2, 0]",0,0,0,1,0,0,0,0,0,7,17
2024101469282,2024,101469282,424251,569277,-1.62227,55.01745,3,3,4,13:20,-1,E08000021,6,0,1,0,1,5,"[7, 1]","[3, 5]",0,0,0,1,1,0,0,0,0,7,3
2024101469359,2024,101469359,427377,564903,-1.5738,54.97799,2,2,2,18:50,-1,E08000021,3,0,2,1,1,19,"[6, 1]","[2, 4]",0,0,0,1,0,0,0,0,0,7,15
2024101469606,2024,101469606,421149,566407,-1.67099,54.9918,3,3,4,08:30,-1,E08000021,6,0,1,0,1,"[19, 2]","[7, 3]","[3, 7]",0,0,0,1,0,0,0,0,0,7,17
2024101469706,2024,101469706,423562,601360,-1.63039,55.30578,3,3,6,08:45,-1,E06000057,6,0,1,0,2,19,1,5,0,1,0,1,0,0,0,0,0,7,19
2024101469892,2024,101469892,422073,569774,-1.65629,55.02202,2,2,6,15:14,-1,E08000021,6,0,1,0,1,"[9, 19]","[3, 1]","[1, 5]",0,0,0,1,0,1,0,0,0,7,19
2024101470059,2024,101470059,421844,566047,-1.66016,54.98854,3,3,6,16:50,-1,E08000021,6,0,1,0,1,19,"[8, 6]",4,0,0,0,1,1,0,0,0,0,7,19
2024101470063,2024,101470063,434058,569118,-1.46892,55.01545,3,3,1,22:55,-1,E08000022,3,2,2,1,1,19,7,3,0,3,10,1,0,0,0,0,0,7,14
2024101470072,2024,101470072,435434,568514,-1.44748,55.00993,3,3,6,14:00,-1,E08000022,6,0,1,0,1,9,7,4,0,0,0,1,0,0,0,0,1,7,19
2024101470075,2024,101470075,429248,584772,-1.54254,55.15642,3,3,7,08:27,-1,E06000057,6,0,1,0,2,19,"[2, 8]",6,"[10, 0]",0,0,1,0,0,0,0,0,7,20
2024101470172,2024,101470172,427856,578995,-1.56495,55.10459,3,3,4,14:00,-1,E06000057,3,0,1,0,2,"[3, 19]","[2, 3]",6,0,0,0,1,0,0,0,0,0,7,17
2024101470320,2024,101470320,424527,564583,-1.61836,54.97526,3,3,1,02:35,-1,E08000021,6,2,2,1,1,"[3, 9]","[6, 1]","[1, 6]",0,0,0,1,0,0,0,0,0,7,21
2024101470326,2024,101470326,434521,572022,-1.46133,55.04152,3,3,7,10:20,-1,E08000022,6,0,1,0,1,5,2,4,0,0,0,1,0,0,0,0,1,7,20
2024101470336,2024,101470336,429416,588264,-1.53954,55.18779,3,3,7,17:51,-1,E06000057,3,0,1,0,2,19,"[5, 7]","[8, 5]",0,0,0,1,0,0,0,0,0,7,20
2024101470348,2024,101470348,439724,559601,-1.38164,54.92952,3,3,6,13:50,-1,E08000024,4,0,1,0,1,"[4, 12]","[5, 1]","[1, 7]",0,0,0,1,0,0,1,0,0,7,19
2024101470391,2024,101470391,425429,582637,-1.60266,55.13745,3,3,5,20:06,-1,E06000057,6,0,1,0,1,"[19, 6]","[5, 3]",7,0,0,0,1,0,0,0,0,0,7,18
2024101470557,2024,101470557,437872,553889,-1.41129,54.87833,2,2,1,18:46,-1,E08000024,6,0,1,0,1,19,2,6,0,"[0, 1]",0,1,0,1,0,0,0,7,21
2024101470607,2024,101470607,436486,563254,-1.4317,54.96259,3,3,6,18:05,-1,E08000023,5,0,1,0,1,"[4, 19]",6,"[3, 2]",0,0,0,1,0,0,0,0,0,7,19
2024101470766,2024,101470766,421306,566739,-1.66852,54.99478,1,1,1,09:45,-1,E08000021,6,0,1,0,1,"[9, 19]","[1, 5]","[5, 1]",0,0,0,1,0,1,0,0,0,7,21
2024101471076,2024,101471076,436868,545704,-1.42797,54.80486,3,3,2,13:52,-1,E08000024,3,0,1,0,1,19,"[8, 5]","[4, 8]",0,0,0,1,0,0,1,0,0,7,22
2024101471215,2024,101471215,372120,566156,-2.43724,54.98921,3,3,7,11:00,-1,E06000057,4,0,1,0,2,"[13, 19]",3,7,0,0,0,0,1,1,0,0,0,7,20
2024101471221,2024,101471221,429518,572246,-1.5396,55.04385,3,3,6,14:45,-1,E08000022,4,0,1,0,2,"[3, 19]",5,1,0,0,0,1,0,0,0,0,0,7,19
2024101471226,2024,101471226,429586,567452,-1.53903,55.00077,3,3,3,16:45,-1,E08000022,3,0,1,0,1,"[4, 19]",2,"[4, 6]",0,0,0,1,0,0,1,0,0,7,16
2024101471248,2024,101471248,425623,561261,-1.60153,54.94535,3,3,2,14:20,-1,E08000037,6,0,1,1,1,"[5, 19]","[4, 1]","[6, 5]",0,0,0,1,1,0,0,0,0,7,22
2024101471266,2024,101471266,434269,561630,-1.46652,54.94815,2,2,3,14:10,-1,E08000023,6,0,1,0,1,7,6,1,0,0,0,1,0,0,0,0,1,7,23
2024101471284,2024,101471284,426278,564230,-1.59103,54.972,3,3,1,22:22,-1,E08000021,3,2,1,0,1,19,7,4,0,0,0,1,0,0,0,0,1,7,14
2024101471327,2024,101471327,435354,569047,-1.44867,55.01472,3,3,3,17:01,-1,E08000022,6,0,1,0,1,"[2, 7]","[1, 7]","[5, 1]",0,0,0,1,0,1,0,0,0,7,23
2024101471488,2024,101471488,434620,561620,-1.46104,54.94804,3,3,3,17:33,-1,E08000023,5,0,1,0,1,1,8,4,0,0,0,1,0,0,0,0,1,7,23
2024101471547,2024,101471547,427783,564426,-1.5675,54.97368,3,3,3,11:22,-1,E08000021,4,0,1,0,1,7,7,1,0,0,0,1,0,0,0,0,1,7,23
2024101471671,2024,101471671,428154,584967,-1.55969,55.15824,3,3,2,17:15,-1,E06000057,6,0,1,0,2,19,6,2,0,0,0,1,1,0,0,0,0,6,17
2024101471766,2024,101471766,435389,547066,-1.45081,54.8172,3,3,4,17:00,-1,E08000024,3,0,1,0,1,19,4,8,0,0,0,1,0,0,0,0,1,7,24
2024101471812,2024,101471812,415841,570643,-1.75372,55.03007,3,3,3,14:22,-1,E06000057,6,0,1,0,1,"[2, 19]","[0, 3]","[0, 7]","[0, 4]",0,0,1,0,0,0,0,0,7,23
2024101471979,2024,101471979,439037,554859,-1.393,54.88696,3,3,3,11:00,-1,E08000024,4,0,1,0,1,"[5, 19]","[3, 1]","[8, 6]",0,0,0,1,0,0,1,0,0,7,23
2024101472036,2024,101472036,436691,553420,-1.42975,54.87421,3,3,4,19:47,-1,E08000024,6,0,1,0,1,19,"[8, 1]","[4, 5]",0,0,0,1,0,0,0,0,0,7,24
2024101472051,2024,101472051,371291,563680,-2.44995,54.96691,3,3,5,07:50,-1,E06000057,3,0,1,0,2,19,2,6,0,3,7,1,0,0,0,0,0,7,25
2024101472090,2024,101472090,424893,564195,-1.61267,54.97176,3,3,5,08:45,-1,E08000021,6,0,1,0,1,19,2,6,0,0,0,1,0,0,0,0,1,7,25
2024101472106,2024,101472106,436620,555067,-1.43065,54.88901,2,2,5,13:20,-1,E08000024,6,0,1,0,1,"[9, 19]",4,8,0,"[0, 7]",0,1,1,0,0,0,0,7,25
2024101472153,2024,101472153,398974,564396,-2.01756,54.97418,3,3,5,14:00,-1,E06000057,4,0,1,0,2,9,7,5,0,0,0,1,0,0,0,0,1,7,25
2024101472442,2024,101472442,398323,565278,-2.02774,54.9821,3,3,6,11:35,-1,E06000057,3,0,1,0,2,"[19, 12]","[3, 4]","[7, 8]","[10, 0]","[5, 0]","[6, 0]",1,0,0,1,0,0,7,19
2024101472575,2024,101472575,438893,561438,-1.39436,54.94609,3,3,1,11:50,-1,E08000023,3,0,1,0,2,-1,-1,-1,-1,-1,0,1,0,0,0,0,0,7,14
2024101472593,2024,101472593,419321,585433,-1.69828,55.16284,3,3,6,18:30,-1,E06000057,6,0,1,0,1,"[2, 19]",3,7,"[0, 4]","[0, 7]",0,1,0,0,0,0,0,7,26
2024101472699,2024,101472699,424117,577162,-1.6237,55.08831,3,3,5,09:15,-1,E06000057,3,0,1,0,2,19,6,2,0,0,0,1,0,0,0,0,0,7,25
2024101472712,2024,101472712,370582,564023,-2.46106,54.96995,3,3,5,17:40,-1,E06000057,6,0,1,0,2,19,2,6,0,0,0,1,1,0,0,0,0,7,25
2024101472728,2024,101472728,433309,565380,-1.48107,54.98191,3,3,2,19:15,-1,E08000023,6,0,1,0,1,19,4,6,0,0,0,1,0,0,0,0,1,7,15
2024101472841,2024,101472841,424945,565407,-1.61175,54.98264,2,2,7,15:09,-1,E08000021,2,0,1,0,1,"[19, 5]","[1, 7]",5,0,0,0,1,0,1,0,0,0,7,27
2024101472963,2024,101472963,425186,571825,-1.60743,55.0403,3,3,2,11:15,-1,E08000022,3,0,1,1,2,"[19, 3]","[3, -1]","[7, -1]",0,0,0,1,0,0,0,0,0,7,22
2024101472964,2024,101472964,426962,587053,-1.5782,55.17705,3,3,6,17:50,-1,E06000057,6,0,1,0,1,1,"[1, 5]","[5, 1]",0,0,0,1,0,0,0,0,0,7,26
2024101472978,2024,101472978,423189,564621,-1.63925,54.97567,3,3,4,15:45,-1,E08000021,6,0,1,0,1,4,6,"[4, 3]",0,0,0,1,0,0,0,0,0,7,17
2024101473096,2024,101473096,427345,568492,-1.57396,55.01024,2,2,1,15:10,-1,E08000022,3,0,1,0,1,5,7,3,0,1,11,1,0,0,0,0,0,7,28
2024101473196,2024,101473196,415421,625963,-1.75728,55.52717,3,3,5,11:50,-1,E06000057,3,0,1,0,2,"[19, 5]","[1, 5, 3]","[5, 1]",0,"[0, 1]",0,1,0,0,0,0,0,7,11
2024101473344,2024,101473344,427380,560708,-1.57415,54.94029,3,3,5,08:31,-1,E08000037,6,0,1,0,1,"[19, 10]",5,1,0,0,0,1,0,0,0,0,0,6,27
2024101473399,2024,101473399,426752,560270,-1.584,54.93639,3,3,6,13:30,-1,E08000037,4,0,1,0,1,"[19, -1]",-1,-1,"[0, -1]","[0, -1]",0,1,0,0,1,0,0,7,26
2024101473521,2024,101473521,427681,577866,-1.5678,55.09445,3,3,2,15:12,-1,E06000057,4,0,1,0,2,19,5,1,0,0,0,1,0,0,0,0,1,7,29
2024101473599,2024,101473599,435226,567852,-1.45081,55.004,3,3,2,21:27,-1,E08000022,3,0,1,0,1,"[13, 9]",6,2,0,0,0,1,0,0,0,0,0,7,29
2024101473755,2024,101473755,424628,571264,-1.6162,55.03529,3,3,7,15:00,-1,E08000021,6,0,2,1,2,19,5,1,-1,-1,0,1,0,0,0,0,1,7,27
2024101473930,2024,101473930,425460,565431,-1.6037,54.98283,3,3,6,14:20,-1,E08000021,3,0,1,0,1,"[3, 19]",2,6,0,0,0,1,0,0,0,0,0,7,26
2024101473933,2024,101473933,422404,563562,-1.6516,54.96618,2,2,3,17:49,-1,E08000021,6,0,8,0,1,"[19, 9]","[3, 5]","[7, 3]","[0, 10]",0,0,1,0,1,0,0,0,7,23
2024101473949,2024,101473949,424741,564149,-1.61505,54.97135,2,2,7,00:30,-1,E08000021,6,2,1,0,1,19,2,6,0,0,0,1,0,0,0,0,1,7,27
2024101473985,2024,101473985,432401,550165,-1.49696,54.84525,3,3,3,13:20,-1,E08000024,5,0,1,0,1,19,1,5,0,0,0,1,0,0,0,0,0,7,30
2024101474034,2024,101474034,430894,565047,-1.51884,54.97908,2,2,3,18:16,-1,E08000023,6,0,1,0,1,"[19, 5]","[2, 5]","[6, 3]",0,0,0,1,0,1,0,0,0,7,30
2024101474157,2024,101474157,441284,552943,-1.35825,54.86956,3,3,1,22:15,-1,E08000024,4,2,9,1,1,19,"[1, 4]","[6, 1]",0,0,0,1,0,0,0,0,0,7,28
2024101474179,2024,101474179,431280,581703,-1.51099,55.12872,3,3,6,15:00,-1,E06000057,6,0,1,0,1,19,7,3,0,0,0,1,0,0,0,0,1,7,26
2024101474186,2024,101474186,433811,576344,-1.47193,55.0804,3,3,2,17:10,-1,E06000057,3,0,1,0,2,"[19, 4]",4,8,0,0,0,1,0,0,0,0,0,7,29
2024101474218,2024,101474218,429218,556664,-1.54587,54.90385,3,3,6,15:47,-1,E08000024,6,0,1,0,1,3,1,5,0,0,0,0,0,0,1,0,0,7,26
2024101474267,2024,101474267,426492,560779,-1.58801,54.94098,3,3,3,18:17,-1,E08000037,4,0,1,0,1,"[12, 19]",8,"[4, 5]",0,0,0,1,0,0,0,0,0,7,30
2024101474344,2024,101474344,430030,579819,-1.53079,55.11187,3,3,2,20:00,-1,E06000057,6,0,1,0,1,19,"[8, 6]","[4, 2]",0,0,0,1,1,0,0,0,0,7,29
2024101474579,2024,101474579,435538,565705,-1.4462,54.98468,3,3,4,07:30,-1,E08000023,5,0,1,0,1,"[7, 19]","[3, 5]","[5, 1]",0,0,0,1,1,0,0,0,0,7,31
2024101474638,2024,101474638,403172,551179,-1.95212,54.8554,3,3,3,04:45,-1,E06000057,4,0,1,0,2,"[9, 19]","[6, 4]","[3, 7]",0,0,0,1,0,0,0,0,0,7,30
2024101474877,2024,101474877,425388,563204,-1.60503,54.96283,3,3,5,17:10,-1,E08000037,3,0,1,0,1,3,1,5,0,0,0,1,0,0,0,0,0,8,1
2024101474985,2024,101474985,431769,555699,-1.5062,54.89502,3,3,4,13:40,-1,E08000024,6,0,1,0,1,2,1,5,0,0,0,0,0,0,1,0,0,7,31
2024101475013,2024,101475013,425613,564492,-1.6014,54.97439,3,3,5,16:35,-1,E08000021,3,0,1,0,1,"[3, -1]","[7, -1]","[3, -1]","[0, -1]","[0, -1]",0,1,0,0,0,0,0,8,1
2024101475058,2024,101475058,439674,557332,-1.38273,54.90913,3,3,4,15:55,-1,E08000024,3,0,1,0,1,"[4, 11]",1,5,0,0,0,1,0,0,1,0,0,7,24
2024101475252,2024,101475252,414013,563045,-1.78268,54.96184,3,3,6,14:46,-1,E08000037,3,0,8,0,2,"[4, 19]",1,5,0,0,0,1,0,0,0,0,0,8,2
2024101475276,2024,101475276,364212,564845,-2.56066,54.97692,3,3,6,12:05,-1,E06000057,3,0,1,0,2,"[4, 19]",3,7,0,0,0,1,0,0,0,0,0,8,2
2024101475369,2024,101475369,410730,635536,-1.83122,55.61331,2,2,4,16:15,-1,E06000057,3,0,1,0,2,19,"[4, 8]","[8, 4]",0,0,0,1,0,0,0,0,0,7,31
2024101475429,2024,101475429,435617,572104,-1.44417,55.04218,3,3,5,15:24,-1,E08000022,6,0,1,0,1,5,3,7,0,0,0,0,0,0,1,0,0,8,1
2024101475454,2024,101475454,418064,564902,-1.7193,54.9784,2,2,6,17:10,-1,E08000021,6,0,1,0,1,19,5,1,0,0,0,0,0,1,0,0,1,8,2
2024101475461,2024,101475461,431455,581524,-1.50826,55.1271,3,3,5,11:04,-1,E06000057,6,0,1,0,1,19,3,7,0,0,0,0,0,0,0,0,1,8,1
2024101475558,2024,101475558,414394,633603,-1.77315,55.59584,2,2,7,10:00,-1,E06000057,4,0,1,0,2,19,7,3,0,3,11,0,0,1,0,0,0,8,3
2024101475667,2024,101475667,418555,564971,-1.71163,54.979,3,3,7,22:10,-1,E08000021,6,2,1,0,1,19,1,5,0,0,0,1,0,0,0,0,1,8,3
2024101475676,2024,101475676,384720,552448,-2.2396,54.86657,3,3,7,23:15,-1,E06000057,4,2,1,0,2,7,5,1,0,0,0,1,0,0,0,0,0,8,3
2024101475691,2024,101475691,419955,565076,-1.68975,54.97989,2,2,7,14:06,-1,E08000021,3,0,1,0,1,"[6, 19]","[5, 1]","[1, 5]",0,0,0,1,0,0,0,0,0,8,3
2024101475714,2024,101475714,424779,576911,-1.61335,55.08603,3,3,7,12:00,-1,E06000057,6,0,1,0,1,"[5, 19]","[7, 1]","[3, 5]",0,0,0,1,0,0,0,0,0,8,3
2024101475735,2024,101475735,418397,596769,-1.71205,55.26474,3,3,6,10:30,-1,E06000057,3,0,1,0,2,"[19, 3]",5,1,0,0,0,1,0,0,0,0,0,8,2
2024101475940,2024,101475940,435734,563972,-1.44336,54.96909,3,3,3,16:50,-1,E08000023,5,0,1,0,1,19,"[6, 2]","[2, 6]",0,0,0,1,0,0,1,0,0,7,30
2024101475996,2024,101475996,435919,571490,-1.43953,55.03664,3,3,3,13:00,-1,E08000022,6,0,1,0,1,"[-1, 19]","[0, 2]","[0, 6]",0,0,0,1,1,0,0,0,0,7,30
2024101476044,2024,101476044,431133,562893,-1.51534,54.95971,3,3,6,16:20,-1,E08000023,6,0,1,0,1,2,0,0,0,0,0,0,0,0,1,0,0,8,2
2024101476117,2024,101476117,420848,566429,-1.6757,54.99201,3,3,7,16:30,-1,E08000021,3,0,9,0,1,19,"[8, 6]","[4, 2]",0,0,0,1,0,0,0,0,0,8,3
2024101476138,2024,101476138,435372,570044,-1.44826,55.02368,3,3,6,10:22,-1,E08000022,3,0,1,0,1,"[9, 19]","[1, 7]","[7, 3]",0,0,0,1,0,0,0,0,0,8,2
2024101476200,2024,101476200,423186,564780,-1.63929,54.97709,3,3,4,18:03,-1,E08000021,6,0,1,0,1,19,1,5,0,0,0,1,0,0,0,0,1,7,31
2024101476360,2024,101476360,409319,607882,-1.85454,55.36485,2,2,2,15:16,-1,E06000057,3,0,1,0,2,19,5,1,0,8,4,1,0,0,0,0,0,8,5
2024101476364,2024,101476364,416593,562869,-1.7424,54.96018,3,3,7,22:12,-1,E08000037,5,2,2,1,2,19,"[8, 4]","[4, 8]",0,0,0,1,0,0,0,0,0,8,3
2024101476518,2024,101476518,426436,574771,-1.58759,55.06671,2,"[3, 2]",3,09:46,-1,E06000057,3,0,1,0,2,"[19, 4]",7,3,0,0,0,1,0,0,0,0,0,8,6
2024101476589,2024,101476589,437574,565077,-1.41447,54.97889,3,3,4,17:30,-1,E08000023,5,0,1,0,1,"[19, 5]",4,8,0,0,0,1,0,0,0,0,0,7,31
2024101476735,2024,101476735,418546,566060,-1.7117,54.98879,3,3,2,16:35,-1,E08000021,6,0,1,0,1,"[8, 19]",1,3,0,0,0,1,0,0,0,0,0,7,22
2024101476821,2024,101476821,396529,650887,-2.05686,55.75134,2,2,7,15:50,-1,E06000057,3,0,1,0,2,"[15, 12]",6,"[2, 3]",0,"[0, 7]",0,1,1,0,0,0,0,6,22
2024101476879,2024,101476879,429681,554857,-1.53884,54.88758,3,3,1,19:52,-1,E08000024,6,0,1,0,2,-1,-1,-1,-1,-1,0,1,0,0,0,0,0,7,28
2024101476883,2024,101476883,430836,575350,-1.51864,55.07166,3,3,2,16:08,-1,E06000057,3,0,1,0,2,"[10, 19]",8,4,0,0,0,1,0,0,0,0,0,7,29
2024101477118,2024,101477118,436135,563769,-1.43712,54.96724,2,2,4,21:57,-1,E08000023,3,2,1,0,2,19,3,7,10,3,1,0,0,1,0,0,0,8,7
2024101477245,2024,101477245,399164,628010,-2.01481,55.5458,3,3,2,14:30,-1,E06000057,6,0,1,0,2,7,6,8,0,0,0,1,0,0,0,0,1,8,5
2024101477255,2024,101477255,425429,565432,-1.60419,54.98284,3,3,5,08:54,-1,E08000021,4,0,1,0,1,"[19, 11]",7,3,0,0,0,1,0,0,1,0,0,3,7
2024101477326,2024,101477326,419752,564000,-1.69299,54.97023,2,2,5,12:45,-1,E08000021,3,0,1,0,2,3,5,5,0,0,0,1,0,0,0,0,0,8,8
2024101477594,2024,101477594,440499,553905,-1.37034,54.87827,2,2,6,13:04,-1,E08000024,4,0,1,0,1,"[9, 19]","[3, 7]","[1, 3]",0,0,0,1,0,1,0,0,0,8,2
2024101477745,2024,101477745,439423,556638,-1.38674,54.90292,3,3,2,07:57,-1,E08000024,6,0,9,0,1,19,"[8, 3]","[4, 7]",0,0,0,1,0,0,1,0,0,7,22
2024101477820,2024,101477820,417165,633659,-1.72918,55.59626,3,3,1,10:22,-1,E06000057,4,0,1,0,2,19,6,2,0,"[0, 1]",0,1,1,0,0,0,0,8,4
2024101477874,2024,101477874,424928,593945,-1.60953,55.23908,3,3,6,17:24,-1,E06000057,6,0,1,0,2,19,5,1,0,0,0,1,0,0,0,0,1,8,9
2024101478016,2024,101478016,435191,554221,-1.45303,54.88151,3,3,6,16:35,-1,E08000024,6,0,1,0,2,19,"[1, 5]","[5, 1]",0,0,0,1,0,0,0,0,0,8,9
2024101478135,2024,101478135,397494,563580,-2.04067,54.96684,3,3,7,09:25,-1,E06000057,3,0,1,0,2,"[4, 19]",7,3,0,0,0,1,0,0,0,0,0,8,10
2024101478176,2024,101478176,392952,563808,-2.11162,54.96884,3,3,7,15:10,-1,E06000057,4,0,1,0,1,19,7,3,0,0,0,1,0,0,0,0,0,8,10
2024101478223,2024,101478223,413779,610877,-1.78403,55.39166,3,3,7,14:50,-1,E06000057,4,0,1,0,2,19,"[6, 8]","[2, 4]",0,0,0,1,0,0,0,0,0,8,10
2024101478385,2024,101478385,440310,553127,-1.3734,54.8713,3,3,4,23:00,-1,E08000024,4,2,1,0,1,"[9, -1]","[3, -1]","[1, -1]",0,0,0,1,0,1,0,0,0,8,7
2024101478403,2024,101478403,433832,563541,-1.47311,54.96535,3,3,7,18:49,-1,E08000023,3,0,1,0,2,"[3, 19, -1]","[2, 1, -1]","[5, 6, -1]","[0, -1]","[0, -1]",0,1,0,0,0,0,0,8,10
2024101478483,2024,101478483,433786,569000,-1.47319,55.01441,3,3,1,13:10,-1,E08000022,3,0,1,0,1,4,7,3,0,0,0,1,0,0,0,0,0,8,11
2024101478527,2024,101478527,419650,567306,-1.69436,54.99994,2,2,7,11:20,-1,E08000021,4,0,1,0,1,9,7,4,0,0,0,1,0,0,0,0,1,8,10
2024101478534,2024,101478534,402393,563721,-1.96415,54.96811,2,2,7,18:00,-1,E06000057,3,0,1,0,2,"[19, 12]",7,"[3, 6]",0,0,0,1,0,0,0,1,0,8,10
2024101478654,2024,101478654,437030,566037,-1.42285,54.98756,3,3,1,11:00,-1,E08000023,4,0,1,0,1,19,2,6,0,0,0,1,0,0,0,0,1,8,11
2024101478753,2024,101478753,422310,564595,-1.65299,54.97547,3,3,1,18:40,-1,E08000021,3,0,1,0,1,19,"[6, 3]","[3, 8]",0,0,0,1,0,0,0,0,0,8,11
2024101478849,2024,101478849,423437,557056,-1.63599,54.90767,3,3,7,12:00,-1,E08000037,6,0,2,1,2,19,"[1, 5]","[5, 1]",0,0,0,1,0,0,0,0,0,7,27