collision_index,collision_year,collision_ref_no,location_easting_osgr,location_northing_osgr,longitude,latitude,casualty_severity,casualty_severity,day_of_week,time,local_authority_district,local_authority_ons_district,first_road_class,light_conditions,weather_conditions,road_surface_conditions,urban_or_rural_area,vehicle_manoeuvre,vehicle_direction_from,vehicle_direction_to,hit_object_in_carriageway,vehicle_leaving_carriageway,hit_object_off_carriageway,is_car,is_cyle,is_mcyle,is_goodsv,is_other,is_pedestrian,month,day
2024101502101,2024,101502101,430538,563378,-1.52458,54.9641,3,3,6,18:09,-1,E08000023,3,0,1,0,1,"[19, 3]",1,5,0,0,0,1,0,0,0,0,0,10,4
2024101502322,2024,101502322,428413,563921,-1.55771,54.96911,3,3,5,19:51,-1,E08000021,6,2,1,1,1,"[19, 2]","[1, 3]","[5, 7]",0,"[7, 0]",0,1,0,0,0,0,0,10,10
2024101502340,2024,101502340,428220,556519,-1.56145,54.9026,3,3,5,16:14,-1,E08000037,3,0,2,1,2,4,1,5,0,0,0,1,0,0,0,0,0,10,3
2024101502375,2024,101502375,431307,570087,-1.51184,55.02434,3,3,4,13:36,-1,E08000022,6,0,1,0,1,19,4,1,0,0,0,1,0,0,0,0,1,10,9
2024101502413,2024,101502413,426419,587901,-1.58664,55.18469,3,3,4,16:32,-1,E06000057,3,0,2,1,1,"[3, 4]",5,8,0,0,0,1,0,0,0,0,0,10,9
2024101502502,2024,101502502,438935,556495,-1.39437,54.90167,3,3,4,19:03,-1,E08000024,3,2,2,1,1,"[19, 9]","[2, 4]","[6, 7, 2]","[0, 1]",0,0,1,0,0,0,0,0,10,9
2024101502563,2024,101502563,435966,553187,-1.44108,54.87217,3,3,4,19:15,-1,E08000024,6,2,2,1,1,9,6,3,0,0,0,1,0,0,0,0,1,10,9
2024101502727,2024,101502727,424828,564304,-1.61368,54.97274,3,3,7,00:49,-1,E08000021,6,2,1,0,1,19,1,1,11,0,0,1,0,0,0,0,1,10,12
2024101502784,2024,101502784,425196,562831,-1.60806,54.95948,3,3,4,07:15,-1,E08000037,4,0,2,1,1,"[19, 4]",7,"[2, 3]",0,0,0,1,0,0,0,0,0,10,9
2024101502795,2024,101502795,416640,572878,-1.74109,55.05012,3,3,5,11:00,-1,E06000057,3,0,2,1,1,"[19, 3]",7,3,0,0,0,1,0,0,0,0,0,10,10
2024101502827,2024,101502827,425885,562295,-1.59735,54.95463,3,3,5,14:00,-1,E08000037,4,0,1,0,1,4,5,1,0,0,0,0,0,0,1,0,0,10,10
2024101502866,2024,101502866,430173,579160,-1.52862,55.10594,3,3,7,13:00,-1,E06000057,4,0,1,0,2,"[9, 19]","[7, 5]","[5, 1]",0,"[3, 0]",0,1,0,0,1,0,0,10,12
2024101502889,2024,101502889,421354,566270,-1.6678,54.99056,3,3,5,18:25,-1,E08000021,3,2,2,1,1,19,2,6,0,0,0,1,0,0,0,0,1,10,10
2024101503022,2024,101503022,428537,587057,-1.55347,55.17699,2,2,5,17:00,-1,E06000057,6,0,1,0,1,19,7,3,0,0,0,1,0,0,0,0,0,4,11
2024101503036,2024,101503036,433233,567435,-1.48202,55.00039,3,3,7,10:42,-1,E08000022,3,0,9,0,2,"[19, 5]","[2, 6]",7,0,0,0,0,0,0,1,0,0,9,28
2024101503042,2024,101503042,437562,555762,-1.41587,54.89519,3,3,5,16:15,-1,E08000024,6,0,1,1,1,"[9, 13]",5,"[3, 1]",0,0,0,1,0,0,0,0,0,10,10
2024101503054,2024,101503054,404094,588073,-1.93724,55.18692,3,3,4,17:00,-1,E06000057,6,2,2,1,2,19,1,6,0,8,11,1,0,0,0,0,0,10,9
2024101503057,2024,101503057,439722,559612,-1.38167,54.92962,3,3,6,10:55,-1,E08000024,4,0,1,0,1,5,5,8,0,0,0,0,0,0,1,0,0,10,11
2024101503269,2024,101503269,423437,563242,-1.63549,54.96326,3,3,5,17:04,-1,E08000021,3,0,1,0,1,"[19, 9]","[6, 2]","[2, 6]",0,0,0,1,0,0,0,0,0,9,19
2024101503362,2024,101503362,423811,560795,-1.62985,54.94126,3,3,7,16:16,-1,E08000037,3,0,1,0,1,19,"[8, 7]","[4, 3]",0,0,0,1,0,0,0,0,0,10,12
2024101503407,2024,101503407,414061,562222,-1.78197,54.95445,3,3,2,09:30,-1,E08000037,4,0,1,0,1,19,5,1,0,0,0,1,0,0,0,0,1,10,14
2024101503438,2024,101503438,430186,566443,-1.52975,54.99166,3,3,1,17:15,-1,E08000022,3,0,1,0,1,"[2, 19]","[7, 3]","[3, 7]",0,0,0,1,0,0,0,0,0,10,13
2024101503758,2024,101503758,426116,562674,-1.5937,54.95803,3,3,6,09:07,-1,E08000037,6,0,1,0,1,"[9, 19]","[8, 4]","[5, 8]",0,0,0,1,1,0,0,0,0,10,11
2024101504072,2024,101504072,420167,565423,-1.68641,54.983,3,3,3,16:14,-1,E08000021,3,0,1,1,1,19,5,1,0,0,0,1,0,0,0,0,1,10,15
2024101504292,2024,101504292,418887,563609,-1.70653,54.96675,3,3,2,15:19,-1,E08000037,6,0,1,0,1,19,"[1, 3]","[5, 7]",0,0,0,1,1,0,0,0,0,10,14
2024101504404,2024,101504404,385765,577881,-2.22459,55.09515,3,3,5,09:15,-1,E06000057,4,0,1,1,2,19,5,1,0,0,0,0,0,1,0,0,0,10,10
2024101504454,2024,101504454,429542,556410,-1.54085,54.90155,3,3,2,17:07,-1,E08000024,3,0,1,0,1,"[19, 13]",3,7,0,0,0,1,0,0,0,0,0,10,14
2024101504598,2024,101504598,440578,555695,-1.36886,54.89435,3,3,2,13:53,-1,E08000024,6,0,1,0,1,"[9, 19]","[8, 4]","[4, 8]",0,0,0,1,0,0,0,0,0,10,14
2024101504760,2024,101504760,423861,564815,-1.62874,54.97738,3,3,4,16:00,-1,E08000021,3,0,1,0,1,"[11, -1]","[3, -1]","[7, -1]","[0, -1]","[0, -1]",0,1,0,0,1,0,0,10,16
2024101504803,2024,101504803,436453,563091,-1.43224,54.96113,3,3,5,19:30,-1,E08000023,6,0,1,0,1,"[15, 19]","[6, 8]","[2, 5]",0,0,0,1,1,0,0,0,0,10,10
2024101504913,2024,101504913,430887,571240,-1.51828,55.03473,3,3,3,16:55,-1,E08000022,4,0,1,0,1,"[7, 9]","[8, 4]",2,0,0,0,1,0,1,0,0,0,10,15
2024101505035,2024,101505035,368996,563652,-2.48579,54.96652,3,3,5,08:30,-1,E06000057,3,0,1,0,2,"[9, 15]","[7, 3]","[1, 7]",0,0,0,1,0,0,0,0,0,10,17
2024101505190,2024,101505190,409613,563013,-1.8514,54.96166,2,2,5,19:56,-1,E06000057,6,2,1,0,1,"[19, 9]","[5, 1]","[1, 7]",0,0,0,1,0,0,0,0,0,10,17
2024101505214,2024,101505214,425955,571751,-1.5954,55.0396,3,3,5,21:50,-1,E08000022,3,2,1,0,2,"[4, 6]",7,3,0,0,0,1,0,0,0,0,0,10,17
2024101505315,2024,101505315,425292,561818,-1.60665,54.95038,3,3,7,18:03,-1,E08000037,6,0,1,0,1,"[19, 5]","[1, 3]","[5, 7]",0,0,0,1,0,1,0,0,0,10,12
2024101505341,2024,101505341,439721,559617,-1.38168,54.92966,3,3,5,15:20,-1,E08000024,4,0,1,0,1,5,1,5,0,0,0,1,0,0,0,0,1,10,17
2024101505386,2024,101505386,424868,565053,-1.61299,54.97947,3,3,3,08:57,-1,E08000021,4,0,1,0,1,19,4,8,0,0,0,0,1,0,0,0,1,10,15
2024101505453,2024,101505453,399632,651405,-2.00743,55.75601,3,3,6,08:45,-1,E06000057,3,0,1,0,1,"[2, 19]",5,1,0,0,0,1,0,0,0,0,1,10,18
2024101505466,2024,101505466,429108,581685,-1.54505,55.12869,3,3,5,12:02,-1,E06000057,6,0,1,0,1,1,8,4,0,0,0,1,0,0,0,0,1,10,17
2024101505487,2024,101505487,436612,563309,-1.42973,54.96307,3,3,5,08:50,-1,E08000023,5,0,1,0,1,"[13, 9]",6,"[2, 4]",0,0,0,1,0,0,0,0,0,10,10
2024101505625,2024,101505625,424837,566998,-1.6133,54.99695,2,2,6,16:28,-1,E08000021,3,0,1,0,1,19,6,2,0,0,0,1,0,0,0,0,1,10,18
2024101505661,2024,101505661,439668,557969,-1.38274,54.91486,3,3,5,15:25,-1,E08000024,3,0,1,0,1,19,"[5, 8]","[1, 4]",0,0,0,1,0,0,0,0,0,10,17
2024101505748,2024,101505748,421456,564245,-1.66636,54.97236,3,3,5,08:17,-1,E08000021,4,0,1,0,1,5,3,7,0,0,0,1,0,0,0,0,1,10,3
2024101505795,2024,101505795,422050,565004,-1.65702,54.97916,2,"[3, 2]",6,08:00,-1,E08000021,6,0,1,-1,1,-1,-1,-1,-1,-1,0,1,0,0,0,0,0,10,18
2024101505822,2024,101505822,439137,557089,-1.39114,54.90699,3,3,6,15:55,-1,E08000024,3,0,1,0,1,"[11, 9]",5,"[1, 2]",0,0,0,1,0,0,0,0,0,10,18
2024101506022,2024,101506022,432996,564962,-1.48601,54.97818,3,3,7,20:30,-1,E08000023,6,2,1,0,1,9,1,6,0,0,0,1,0,0,0,0,1,10,19
2024101506037,2024,101506037,419643,567380,-1.69446,55.00061,3,3,5,14:52,-1,E08000021,6,0,1,0,1,"[3, 9]","[2, 7]",5,0,0,0,1,0,0,0,0,0,10,17
2024101506107,2024,101506107,396457,561452,-2.05684,54.94771,3,3,1,11:20,-1,E06000057,6,0,1,1,2,19,7,3,0,7,11,1,0,0,0,0,0,10,20
2024101506201,2024,101506201,422958,555649,-1.64358,54.89505,3,3,1,16:30,-1,E08000037,5,0,4,1,2,"[19, 5]","[8, 2]","[5, 8]",0,"[1, 3]",0,1,0,0,0,0,0,10,20
2024101506389,2024,101506389,431737,581148,-1.50388,55.1237,3,3,6,08:20,-1,E06000057,6,0,1,0,1,19,"[4, 6]","[8, 2]",0,0,0,1,0,0,0,0,0,10,18
2024101506755,2024,101506755,435871,559608,-1.44176,54.92987,3,3,1,15:30,-1,E08000024,6,0,2,1,1,19,"[5, 6]","[7, 1]",0,0,0,1,0,0,0,1,0,10,20
2024101506800,2024,101506800,432933,550959,-1.48859,54.85235,3,3,6,20:50,-1,E08000024,6,2,1,0,1,7,"[1, 6]","[1, 6]","[0, 10]",0,0,1,0,0,0,0,0,10,18
2024101506825,2024,101506825,428334,556168,-1.55971,54.89944,3,3,6,20:30,-1,E08000037,2,2,1,1,2,4,5,1,0,0,0,1,0,0,0,0,0,10,18
2024101506900,2024,101506900,427669,578074,-1.56797,55.09632,3,3,2,07:50,-1,E06000057,4,0,1,0,2,19,5,1,0,0,0,1,0,0,0,0,1,10,21
2024101506947,2024,101506947,432025,567786,-1.50086,55.00362,3,3,2,12:00,-1,E08000022,6,0,1,0,1,19,"[6, 7]","[2, 3]",0,0,0,1,1,0,0,0,0,10,21
2024101507099,2024,101507099,405975,597704,-1.9075,55.27345,2,2,1,12:06,-1,E06000057,4,0,1,0,2,19,"[2, 5]","[5, 2]",0,0,0,1,0,1,0,0,0,9,29
2024101507137,2024,101507137,421588,562143,-1.66445,54.95347,3,3,3,12:16,-1,E08000037,3,0,1,0,2,"[19, 11]",5,1,"[0, 10]","[0, 1]",0,1,0,0,0,0,0,10,22
2024101507323,2024,101507323,439784,557224,-1.38103,54.90815,2,2,6,11:43,-1,E08000024,5,0,1,0,1,19,1,5,0,0,0,1,0,0,1,0,0,10,18
2024101507406,2024,101507406,417225,566493,-1.73232,54.99273,2,2,3,07:40,-1,E08000021,4,0,1,0,2,"[5, 19]","[5, 3]","[1, 7]",0,0,0,1,1,0,0,0,0,10,22
2024101507533,2024,101507533,425198,562827,-1.60803,54.95945,3,3,2,17:10,-1,E08000037,4,0,1,0,1,5,1,5,0,0,0,1,0,0,0,0,1,10,21
2024101507655,2024,101507655,426233,566027,-1.59157,54.98815,1,1,3,01:16,-1,E08000021,3,2,1,0,1,19,2,6,0,0,0,0,0,0,1,0,1,10,22
2024101507714,2024,101507714,422233,577133,-1.65322,55.08814,3,3,3,21:30,-1,E06000057,3,2,1,0,2,"[2, 19]","[0, 5]","[0, 1]","[0, 4]","[0, 1]",0,1,0,0,1,0,0,10,22
2024101507728,2024,101507728,419606,564034,-1.69527,54.97054,3,3,7,14:58,-1,E08000021,3,0,1,1,1,"[9, 19]",7,"[1, 3]",0,0,0,1,0,0,0,0,0,10,12
2024101507803,2024,101507803,424423,567484,-1.61973,55.00133,2,2,2,14:55,-1,E08000021,6,0,1,0,1,9,1,5,0,0,0,1,0,0,0,0,1,10,21
2024101507820,2024,101507820,423434,565311,-1.63537,54.98185,3,3,4,13:20,-1,E08000021,6,0,1,0,1,"[4, 19]",2,6,0,0,0,1,1,0,0,0,0,10,23
2024101507852,2024,101507852,422095,564612,-1.65635,54.97563,2,2,3,17:00,-1,E08000021,6,0,1,0,1,19,5,1,0,0,0,1,0,0,0,0,1,10,22
2024101507898,2024,101507898,415426,566960,-1.76041,54.99698,3,3,2,11:45,-1,E08000021,6,0,1,0,1,"[4, 2]",5,"[4, 3]",0,"[1, 0]",0,1,0,0,0,0,0,10,21
2024101507947,2024,101507947,426190,558383,-1.59294,54.91946,3,3,4,18:24,-1,E08000037,5,0,1,0,1,"[2, 19]",1,5,"[0, 8]","[0, 8]",0,1,1,0,0,0,0,10,23
2024101507952,2024,101507952,424125,616465,-1.62023,55.44147,3,3,5,07:40,-1,E06000057,4,0,1,1,2,"[9, 19]","[6, 1]","[2, 6]",11,1,0,1,0,0,0,0,0,10,24
2024101508051,2024,101508051,411799,604550,-1.81555,55.33486,3,3,5,10:15,-1,E06000057,3,0,1,0,2,"[19, 6]",5,1,0,0,0,1,0,0,0,0,0,10,24
2024101508070,2024,101508070,428239,586927,-1.55816,55.17584,2,"[2, 3]",5,12:15,-1,E06000057,6,0,1,0,1,19,"[6, 8]","[2, 4]",0,"[7, 0]","[11, 0]",1,0,0,0,0,0,10,24
2024101508146,2024,101508146,431242,580601,-1.51171,55.11882,3,3,5,09:00,-1,E06000057,3,0,1,0,1,"[7, 9]","[7, 3]",1,0,0,0,1,0,0,0,0,0,10,24
2024101508169,2024,101508169,431911,580685,-1.50121,55.11953,2,2,5,11:49,-1,E06000057,4,0,1,0,1,19,1,5,7,0,0,1,0,0,0,0,0,10,24
2024101508274,2024,101508274,393497,563994,-2.10311,54.97052,3,3,4,12:25,-1,E06000057,6,0,1,0,1,5,3,7,0,1,0,1,0,0,0,0,1,10,23
2024101508318,2024,101508318,423973,573546,-1.62626,55.05583,3,3,4,08:30,-1,E08000022,4,0,1,0,2,19,"[1, 3]","[5, 7]",0,0,0,0,1,0,1,0,0,10,23
2024101508336,2024,101508336,426160,587944,-1.59071,55.18509,3,3,6,08:19,-1,E06000057,3,0,1,0,1,19,3,7,0,0,0,1,0,0,0,0,1,10,25
2024101508361,2024,101508361,420056,563739,-1.68826,54.96787,3,3,4,18:20,-1,E08000021,6,2,1,0,1,19,5,2,0,0,0,0,0,0,0,0,1,10,23
2024101508363,2024,101508363,428277,578522,-1.5584,55.10032,3,3,2,16:35,-1,E06000057,3,0,1,0,2,"[19, 3]",3,"[6, 7]",0,0,0,1,0,0,0,0,0,10,21
2024101508376,2024,101508376,420031,566529,-1.68846,54.99295,3,3,5,16:50,-1,E08000021,6,0,1,0,1,"[19, 6]",7,2,0,"[7, 0]","[2, 0]",1,0,0,0,0,0,10,24
2024101508394,2024,101508394,435666,563449,-1.44448,54.9644,3,3,5,08:30,-1,E08000023,6,0,1,0,1,19,1,5,0,0,0,1,0,0,0,0,1,10,24
2024101508435,2024,101508435,425507,568001,-1.60274,55.00593,3,3,1,17:18,-1,E08000021,3,0,1,0,1,"[7, 19]","[3, 1]","[5, 4]",0,0,0,1,1,0,0,0,0,10,20
2024101508466,2024,101508466,421858,564262,-1.66008,54.9725,3,3,6,08:30,-1,E08000021,4,0,1,0,1,19,1,5,0,0,0,1,0,0,0,0,0,10,25
2024101508475,2024,101508475,437956,564295,-1.40861,54.97183,3,3,3,08:30,-1,E08000023,3,0,1,0,1,19,"[7, 5]","[3, 8]",0,0,0,1,1,0,0,0,0,10,22
2024101508712,2024,101508712,399124,654583,-2.01554,55.78456,3,3,6,23:48,-1,E06000057,3,2,1,1,1,"[19, 7]","[5, 7]","[1, 3]",0,0,0,1,0,0,0,0,0,10,25
2024101508777,2024,101508777,436381,546050,-1.43551,54.808,3,3,5,08:30,-1,E08000024,3,0,1,0,1,5,8,4,0,0,0,0,0,0,1,0,0,10,24
2024101508898,2024,101508898,427263,565439,-1.57553,54.98281,2,2,7,14:20,-1,E08000021,3,0,1,0,1,"[19, 9]","[1, 7]",5,0,0,0,1,0,1,0,0,0,10,26
2024101508983,2024,101508983,432248,568611,-1.49729,55.01102,2,2,6,07:41,-1,E08000022,6,0,1,0,1,"[9, 19]","[7, 5]","[3, 1]",0,0,0,1,0,1,0,0,0,10,25
2024101509047,2024,101509047,427371,564942,-1.57389,54.97834,3,3,7,17:30,-1,E08000021,3,0,1,0,1,19,5,1,0,0,0,1,0,0,0,0,1,10,26
2024101509067,2024,101509067,436969,554283,-1.42531,54.88194,3,3,7,13:45,-1,E08000024,3,0,1,0,1,"[3, 19]",6,2,0,0,0,1,0,0,0,0,0,10,19
2024101509102,2024,101509102,432868,557681,-1.48884,54.91276,3,3,6,07:32,-1,E08000024,6,0,1,1,1,"[7, 19]",-1,-1,0,0,0,1,1,0,0,0,0,10,25
2024101509302,2024,101509302,423388,564629,-1.63615,54.97573,3,3,7,13:06,-1,E08000021,6,0,1,0,1,2,0,0,0,0,0,0,0,0,1,0,0,10,26
2024101509322,2024,101509322,422641,565356,-1.64776,54.9823,3,3,7,18:25,-1,E08000021,6,2,1,0,1,19,5,1,0,0,0,0,1,0,0,0,1,10,26
2024101509354,2024,101509354,426975,566848,-1.5799,54.99549,3,3,3,10:15,-1,E08000021,6,0,1,0,1,"[19, 5]","[1, 3]","[5, 1]",0,0,0,1,0,0,0,0,0,10,22
2024101509358,2024,101509358,426711,557407,-1.5849,54.91066,3,3,4,18:30,-1,E08000037,3,0,1,0,2,"[19, 3]",5,1,0,0,0,1,0,0,0,0,0,10,23
2024101509364,2024,101509364,423372,567668,-1.63615,55.00304,3,3,6,17:07,-1,E08000021,3,2,1,0,1,4,2,6,0,0,0,0,0,0,1,0,0,10,25
2024101509385,2024,101509385,429383,567130,-1.54223,54.99789,3,3,1,17:00,-1,E08000022,3,0,1,0,1,"[3, 19]",8,4,0,0,0,1,1,0,0,0,0,10,27
2024101509408,2024,101509408,436151,562007,-1.43709,54.95141,3,3,5,16:00,-1,E08000023,4,0,1,0,2,"[5, 19]",3,7,0,0,0,1,0,0,0,0,0,10,24
2024101509496,2024,101509496,426868,564774,-1.58177,54.97686,3,3,3,14:15,-1,E08000021,6,0,1,0,1,19,6,5,11,0,0,1,0,0,0,0,1,1,23
2024101509574,2024,101509574,425078,567191,-1.60952,54.99867,1,1,2,11:53,-1,E08000021,3,0,1,0,1,19,7,3,0,0,0,0,0,0,1,0,1,10,28
2024101509625,2024,101509625,422800,563947,-1.64539,54.96963,3,3,1,12:15,-1,E08000021,6,0,1,0,1,"[19, 7]","[5, 7]",1,0,0,0,1,0,1,0,0,0,10,27
2024101509743,2024,101509743,439263,556626,-1.38924,54.90282,3,3,7,16:15,-1,E08000024,3,0,1,0,1,"[19, 12]",5,"[1, 2]",0,0,0,1,0,0,0,0,0,10,26
2024101509800,2024,101509800,429263,578949,-1.5429,55.1041,3,3,2,22:30,-1,E06000057,3,2,1,0,2,"[4, 19]",6,2,0,0,0,1,0,0,0,0,0,10,21
2024101509807,2024,101509807,424866,564866,-1.61303,54.97779,3,3,2,13:07,-1,E08000021,4,0,1,0,1,4,3,7,0,0,0,0,0,0,1,0,1,10,28
2024101509852,2024,101509852,423517,574548,-1.63332,55.06485,3,3,1,11:00,-1,E08000022,3,0,1,0,2,"[19, 11]","[5, 4]","[1, 7]",0,0,0,1,0,0,0,0,0,10,27
2024101509972,2024,101509972,433557,558647,-1.47798,54.9214,3,3,5,23:50,-1,E08000024,3,2,1,0,1,"[19, 5]","[6, 1]","[2, 5]",0,0,0,1,0,0,1,0,0,10,24
2024101510036,2024,101510036,439199,565123,-1.38908,54.97918,3,3,5,14:45,-1,E08000023,6,0,1,0,1,"[6, 19]","[5, 1]","[1, 5]",0,0,0,1,0,0,0,0,0,10,24
2024101510057,2024,101510057,415961,588332,-1.75086,55.18901,3,3,3,03:33,-1,E06000057,6,2,1,1,2,19,7,4,0,1,0,1,0,0,0,0,0,10,29
2024101510225,2024,101510225,438325,556476,-1.40388,54.90155,3,3,2,15:40,-1,E08000024,3,0,1,0,1,19,2,6,0,0,0,0,1,0,0,0,1,10,28
2024101510251,2024,101510251,434489,569062,-1.46219,55.01492,3,3,3,17:30,-1,E08000022,6,2,1,0,1,"[9, 19]","[7, 3]","[5, 7]",0,0,0,1,1,0,0,0,0,10,29
2024101510305,2024,101510305,440450,556827,-1.3707,54.90453,3,3,3,17:10,-1,E08000024,3,0,1,0,1,"[3, 19]",8,4,0,0,0,1,0,0,0,0,0,10,29
2024101510404,2024,101510404,427550,565289,-1.57106,54.98145,3,3,2,16:57,-1,E08000021,3,0,1,0,1,"[9, 19]","[1, 7]","[6, 2]",0,0,0,1,0,1,0,0,0,10,21
2024101510418,2024,101510418,421878,566065,-1.65963,54.9887,3,3,1,13:50,-1,E08000021,4,0,1,0,1,"[3, 19]",2,6,0,0,0,1,0,0,0,0,0,10,27
2024101510561,2024,101510561,424332,560300,-1.62176,54.93678,3,3,3,16:04,-1,E08000037,5,0,1,0,1,19,"[1, 7]","[5, 3]",0,0,0,1,0,0,0,0,0,10,29
2024101510598,2024,101510598,437380,554980,-1.41881,54.88817,3,3,4,19:52,-1,E08000024,3,2,1,0,1,19,"[8, 6]","[4, 2]",0,0,0,1,0,0,0,0,0,10,30
2024101510679,2024,101510679,427249,575361,-1.57481,55.07197,3,3,1,21:38,-1,E06000057,4,2,1,0,1,19,2,6,0,0,0,1,1,0,0,0,0,10,27
2024101510694,2024,101510694,439081,559119,-1.39174,54.92524,3,3,5,15:20,-1,E08000024,4,0,1,0,1,"[4, 19]",6,2,0,0,0,1,0,0,0,0,0,10,24
2024101511084,2024,101511084,428328,554204,-1.55999,54.88179,3,3,4,18:25,-1,E08000037,2,0,1,0,1,"[4, 19]",5,1,0,0,0,1,0,0,0,0,0,10,30
2024101511123,2024,101511123,437638,564265,-1.41358,54.97159,3,3,6,17:19,-1,E08000023,6,2,1,0,1,"[19, 5]","[1, 3]","[5, 7]",0,0,0,1,1,0,0,0,0,10,25
2024101511159,2024,101511159,420583,566759,-1.67981,54.99499,3,3,5,09:55,-1,E08000021,3,0,1,0,1,"[19, 3]",8,4,0,0,0,1,0,0,0,0,0,10,31
2024101511201,2024,101511201,424955,558484,-1.6122,54.92043,3,3,5,22:30,-1,E08000037,5,2,1,0,2,"[19, 3]","[4, 3]","[6, 8]",0,0,0,1,0,0,0,0,0,10,31
2024101511204,2024,101511204,423097,564970,-1.64066,54.97881,3,3,7,14:30,-1,E08000021,6,0,1,0,1,"[2, -1]","[0, -1]","[0, -1]","[-1, 0]","[-1, 0]",0,1,0,0,0,1,0,10,26
2024101511209,2024,101511209,437050,545578,-1.42516,54.80371,3,3,6,07:30,-1,E08000024,3,0,1,0,2,19,"[7, 3]","[3, 7]",0,0,0,1,0,0,0,0,0,11,1
2024101511288,2024,101511288,439429,556629,-1.38665,54.90283,3,3,4,11:21,-1,E08000024,6,0,1,0,1,19,"[8, 2]","[4, 8]",0,0,0,1,0,0,1,0,0,10,30
2024101511325,2024,101511325,431932,580515,-1.5009,55.118,3,3,6,10:00,-1,E06000057,4,0,1,0,1,19,1,5,0,0,0,0,0,1,0,0,0,11,1
2024101511511,2024,101511511,437561,555764,-1.41589,54.89521,3,3,6,22:20,-1,E08000024,6,2,2,1,1,19,"[7, 1]","[3, 5]",0,"[0, 1]",0,1,0,0,0,0,0,11,1
2024101511552,2024,101511552,430927,566347,-1.51818,54.99076,3,3,6,05:56,-1,E08000022,3,2,1,0,1,"[5, 19]","[2, 8]","[6, 5]",0,0,0,1,0,0,0,0,0,11,1
2024101511584,2024,101511584,436545,567758,-1.43021,55.00306,3,3,6,15:50,-1,E08000023,6,0,1,0,1,"[2, 14]",6,2,0,0,0,1,1,0,0,0,0,11,1
2024101511612,2024,101511612,428672,589211,-1.55113,55.19634,3,3,6,17:30,-1,E06000057,3,2,2,1,2,19,"[3, 4]","[7, 8]",0,0,0,1,1,0,0,0,0,11,1
2024101511730,2024,101511730,423139,564614,-1.64004,54.9756,3,3,3,22:11,-1,E08000021,6,2,1,0,1,"[19, 2]","[3, 7, 0]","[7, 3, 0]",0,0,0,1,0,0,0,0,0,10,29
2024101511755,2024,101511755,378490,567987,-2.33783,55.00598,2,2,7,17:50,-1,E06000057,4,2,1,1,2,19,3,7,0,0,0,1,0,0,0,0,1,11,2
2024101511921,2024,101511921,416745,559106,-1.74025,54.92636,3,3,7,14:50,-1,E08000037,3,0,1,0,2,"[3, 19]","[6, 5]",1,0,0,0,1,0,0,0,0,0,11,2
2024101511983,2024,101511983,396743,569120,-2.05247,55.01662,2,2,1,14:19,-1,E06000057,4,0,1,0,2,4,7,3,0,0,0,0,0,1,0,0,0,11,3
2024101512099,2024,101512099,435192,563797,-1.45184,54.96756,2,2,1,16:00,-1,E08000023,5,2,1,0,1,"[3, 19]","[3, 1]","[7, 5]",0,0,0,1,0,1,0,0,0,11,3
2024101512112,2024,101512112,434130,567043,-1.46804,54.9968,3,3,6,18:00,-1,E08000022,3,2,9,0,2,"[3, 19]","[8, 7]",3,0,0,0,1,0,0,0,0,0,10,18
2024101512131,2024,101512131,415642,593895,-1.75556,55.23901,3,3,6,16:15,-1,E06000057,3,0,2,0,2,"[19, 4]",4,8,0,0,0,1,0,0,0,0,0,11,1
2024101512171,2024,101512171,437428,553077,-1.41831,54.87107,3,3,6,15:45,-1,E08000024,6,0,1,0,2,"[19, 3]",7,3,0,0,0,1,0,0,0,0,0,10,25
2024101512261,2024,101512261,424622,565141,-1.61682,54.98027,3,3,2,12:13,-1,E08000021,6,0,1,0,1,19,3,7,0,0,0,1,0,0,0,0,1,11,4
2024101512410,2024,101512410,416265,572815,-1.74696,55.04957,3,3,1,09:58,-1,E06000057,6,0,1,0,1,19,3,1,0,0,0,1,0,0,0,0,1,10,13
2024101512431,2024,101512431,427686,576401,-1.56786,55.08129,3,3,2,20:16,-1,E06000057,3,2,1,0,1,"[4, 19]",5,1,0,0,0,1,0,0,0,0,0,11,4
2024101512449,2024,101512449,423980,564626,-1.6269,54.97567,3,3,3,01:16,-1,E08000021,6,2,1,0,1,19,"[5, 1]","[1, 7]",0,"[1, 0]",0,1,0,0,0,0,1,11,5
2024101512470,2024,101512470,421348,565132,-1.66798,54.98034,3,3,2,08:30,-1,E08000021,6,0,1,0,1,19,"[8, 5]","[4, 2]",0,0,0,1,0,0,0,0,0,11,4
2024101512492,2024,101512492,435280,563149,-1.45055,54.96173,3,3,2,17:20,-1,E08000023,6,0,1,0,1,19,4,8,0,0,0,1,0,0,0,0,1,11,4
2024101512531,2024,101512531,440245,555312,-1.37411,54.89094,3,3,2,09:52,-1,E08000024,4,0,1,0,1,1,2,6,0,0,0,1,0,0,0,0,1,11,4
2024101512753,2024,101512753,440081,557743,-1.37633,54.91279,3,3,5,14:10,-1,E08000024,6,0,1,0,1,"[19, 7]","[7, 3]","[3, 4]",0,0,0,1,0,0,0,0,0,10,31
2024101512918,2024,101512918,433556,569543,-1.47672,55.01931,2,2,3,15:15,-1,E08000022,4,0,1,0,1,19,8,5,0,0,0,1,0,0,0,0,1,11,5