collision_index,collision_year,collision_ref_no,location_easting_osgr,location_northing_osgr,longitude,latitude,casualty_severity,casualty_severity,day_of_week,time,local_authority_district,local_authority_ons_district,first_road_class,light_conditions,weather_conditions,road_surface_conditions,urban_or_rural_area,vehicle_manoeuvre,vehicle_direction_from,vehicle_direction_to,hit_object_in_carriageway,vehicle_leaving_carriageway,hit_object_off_carriageway,is_car,is_cyle,is_mcyle,is_goodsv,is_other,is_pedestrian,month,day
2024101512938,2024,101512938,423677,574594,-1.63081,55.06526,2,2,4,07:10,-1,E06000057,3,0,1,0,2,"[4, 19]",3,7,0,0,0,1,0,0,0,0,0,11,6
2024101512965,2024,101512965,436816,566113,-1.42618,54.98825,3,3,3,14:40,-1,E08000023,3,0,1,0,1,19,"[5, 4]",8,0,0,0,1,1,0,0,0,0,11,5
2024101512983,2024,101512983,436543,570370,-1.42991,55.02653,3,3,5,01:45,-1,E08000022,6,2,8,0,1,19,"[1, 5]","[6, 1]",0,0,0,1,0,1,0,0,0,9,5
2024101512991,2024,101512991,425629,581956,-1.59959,55.13132,3,3,3,16:00,-1,E06000057,3,0,1,0,1,"[3, 19]","[4, 3]",7,0,0,0,1,0,0,0,0,0,11,5
2024101513054,2024,101513054,424979,564069,-1.61134,54.97062,3,3,7,23:40,-1,E08000021,3,2,1,0,1,5,6,2,0,0,0,1,0,0,0,0,1,11,2
2024101513118,2024,101513118,429751,566686,-1.53653,54.99387,3,3,5,23:24,-1,E08000022,3,2,1,0,1,"[19, 9]","[4, 6]","[8, 4]",0,0,0,1,0,0,0,0,0,10,31
2024101513119,2024,101513119,438252,554662,-1.40526,54.88525,3,3,6,18:51,-1,E08000024,5,2,2,1,1,-1,-1,-1,-1,-1,0,1,0,0,0,0,0,11,1
2024101513260,2024,101513260,425542,562370,-1.60269,54.95532,2,2,4,22:44,-1,E08000037,6,2,1,0,1,19,"[7, 1]","[3, 5]",0,0,0,1,0,0,0,0,0,11,6
2024101513297,2024,101513297,429796,561435,-1.53637,54.94669,3,3,3,07:50,-1,E08000037,3,0,1,0,1,"[11, 19]",7,3,0,0,0,0,0,1,1,0,0,11,5
2024101513319,2024,101513319,431051,555740,-1.51739,54.89544,2,2,3,19:35,-1,E08000024,5,2,1,0,1,19,5,1,0,0,0,1,0,0,0,0,1,11,5
2024101513395,2024,101513395,437024,546422,-1.42545,54.8113,3,3,6,20:15,-1,E08000024,6,2,2,1,2,19,3,1,0,0,0,1,0,0,0,0,0,11,1
2024101513468,2024,101513468,424468,578477,-1.61809,55.10011,3,3,5,06:40,-1,E06000057,3,2,1,0,2,19,5,1,0,0,0,1,0,0,0,0,1,11,7
2024101513569,2024,101513569,432954,564189,-1.48675,54.97124,2,2,5,14:41,-1,E08000023,6,2,1,0,1,"[19, 9]",5,1,0,0,0,0,1,0,1,0,0,11,7
2024101513631,2024,101513631,433319,570090,-1.48037,55.02424,3,3,5,18:36,-1,E08000022,3,2,8,0,1,19,"[3, 5]","[7, 1]",0,0,0,1,1,0,0,0,0,11,7
2024101513723,2024,101513723,418543,565409,-1.71179,54.98294,3,3,5,17:38,-1,E08000021,6,2,1,1,1,7,1,3,0,0,0,0,0,1,0,0,1,11,7
2024101513735,2024,101513735,437000,555853,-1.42462,54.89605,3,3,5,14:30,-1,E08000024,3,0,1,0,1,"[7, 19]",3,1,0,0,0,1,1,0,0,0,0,11,7
2024101513755,2024,101513755,425988,576903,-1.59442,55.08589,3,3,5,16:30,-1,E06000057,6,2,1,0,1,7,7,1,0,0,0,1,0,0,0,0,1,11,7
2024101513765,2024,101513765,435683,561352,-1.44448,54.94556,3,3,6,06:40,-1,E08000023,6,2,1,0,1,5,1,7,0,0,0,1,0,0,0,0,1,11,8
2024101513794,2024,101513794,370908,563836,-2.45595,54.96829,3,3,5,10:50,-1,E06000057,6,0,1,1,2,19,5,1,0,0,0,1,0,0,0,0,1,10,31
2024101513803,2024,101513803,425947,574787,-1.59525,55.06688,3,3,5,17:15,-1,E06000057,3,2,1,0,1,"[3, 12]",3,7,0,0,0,1,0,0,0,0,0,11,7
2024101513819,2024,101513819,435020,547167,-1.45654,54.81814,3,3,5,15:30,-1,E08000024,4,0,1,0,1,5,5,1,0,0,0,0,0,0,1,0,1,11,7
2024101513910,2024,101513910,420761,564958,-1.67716,54.9788,3,3,6,08:45,-1,E08000021,6,0,1,0,1,19,7,1,0,0,0,1,0,0,0,0,1,11,8
2024101514025,2024,101514025,406696,603237,-1.89602,55.32316,1,"[1, 2]",4,15:10,-1,E06000057,4,0,1,0,2,19,1,5,0,1,0,1,0,0,0,0,0,11,6
2024101514229,2024,101514229,433968,568622,-1.47039,55.011,3,3,6,16:30,-1,E08000022,5,2,1,0,1,"[2, 19]","[0, 2]","[0, 6]",0,0,0,1,1,0,0,0,0,11,8
2024101514457,2024,101514457,426496,560761,-1.58795,54.94082,2,2,6,17:02,-1,E08000037,4,2,1,0,1,"[2, 19]","[0, 5]","[0, 1]",0,0,0,1,0,1,0,0,1,11,8
2024101514616,2024,101514616,422214,564626,-1.65449,54.97575,3,3,5,13:00,-1,E08000021,3,0,1,0,1,"[19, 5]",7,3,0,0,0,1,0,0,0,0,0,11,7
2024101514636,2024,101514636,418543,587454,-1.71036,55.18103,3,3,7,18:30,-1,E06000057,6,0,1,1,2,"[5, 19]","[3, 1]","[7, 5]",0,0,0,1,0,0,0,0,0,11,9
2024101514663,2024,101514663,418306,563442,-1.71561,54.96527,3,3,7,17:30,-1,E08000037,3,2,1,0,1,19,3,7,"[10, 0]","[2, 0]",0,1,0,0,0,0,0,11,9
2024101514745,2024,101514745,422005,566513,-1.65761,54.99272,3,3,3,18:12,-1,E08000021,3,2,1,0,1,19,7,3,0,0,0,1,0,0,0,0,1,11,5
2024101514786,2024,101514786,420931,558944,-1.67494,54.92475,3,3,3,16:15,-1,E08000037,4,2,1,0,1,"[13, 19]",1,"[5, 4]",0,0,0,1,0,1,0,0,0,11,5
2024101514940,2024,101514940,436138,565914,-1.4368,54.98652,3,3,7,13:45,-1,E08000023,3,0,1,0,1,"[5, 19]","[2, 7]","[6, 3]",0,0,0,1,0,1,0,0,0,11,9
2024101514965,2024,101514965,433621,554260,-1.47749,54.88197,2,2,2,19:39,-1,E08000024,3,2,1,0,2,14,6,2,0,0,0,1,0,0,0,0,1,11,11
2024101514967,2024,101514967,418827,592449,-1.70557,55.22591,3,3,1,14:51,-1,E06000057,3,0,1,0,2,"[5, 19]","[5, 1]","[6, 5]",0,0,0,1,0,0,0,0,0,11,10
2024101515028,2024,101515028,421419,565262,-1.66686,54.9815,3,3,2,16:05,-1,E08000021,4,0,1,0,1,1,4,6,0,0,0,1,0,0,0,0,1,11,11
2024101515031,2024,101515031,435786,552233,-1.444,54.86361,3,3,3,08:10,-1,E08000024,3,0,1,0,2,19,8,4,0,0,0,1,0,0,0,0,0,10,22
2024101515037,2024,101515037,436439,567222,-1.43193,54.99825,3,3,7,03:45,-1,E08000023,6,2,1,1,1,1,1,5,0,0,0,1,0,0,0,0,1,11,2
2024101515058,2024,101515058,425631,563092,-1.60124,54.96181,2,2,2,09:30,-1,E08000037,6,0,1,0,1,19,3,6,0,0,0,1,0,0,0,0,1,11,11
2024101515073,2024,101515073,438324,562340,-1.40312,54.95424,3,3,4,17:55,-1,E08000023,5,0,1,0,1,19,3,7,0,0,0,1,0,0,0,0,1,11,6
2024101515140,2024,101515140,433552,569628,-1.47678,55.02007,3,3,2,13:40,-1,E08000022,6,0,1,0,1,1,5,1,0,0,0,1,0,0,0,0,1,11,11
2024101515149,2024,101515149,419542,565281,-1.69619,54.98175,3,3,3,08:25,-1,E08000021,3,0,1,0,1,19,1,5,0,0,0,1,0,0,0,0,0,11,12
2024101515229,2024,101515229,433434,572470,-1.47829,55.04562,3,3,2,08:35,-1,E08000022,3,0,1,0,1,19,"[6, 8]",2,0,0,0,1,1,0,0,0,0,11,11
2024101515408,2024,101515408,421998,563999,-1.65791,54.97013,3,3,3,16:13,-1,E08000021,4,2,1,0,1,"[19, 9]","[3, 7]","[7, 5]",0,0,0,1,0,0,0,0,0,11,12
2024101515545,2024,101515545,427847,569755,-1.56599,55.02156,3,3,3,16:57,-1,E08000022,6,0,1,0,1,"[3, 1]","[3, 2]","[7, 3]",0,0,0,1,0,0,0,0,0,11,12
2024101515609,2024,101515609,430209,560038,-1.53007,54.93411,3,3,7,10:10,-1,E08000037,2,0,1,0,2,"[4, 2]",3,6,0,0,0,1,0,0,0,0,0,11,9
2024101515657,2024,101515657,438140,559054,-1.40643,54.92473,2,2,3,10:10,-1,E08000024,6,0,1,0,1,"[5, 9]","[7, 1]","[3, 7]",0,0,0,1,1,0,0,0,0,11,12
2024101515713,2024,101515713,434576,557322,-1.46224,54.90942,3,3,3,15:20,-1,E08000024,3,0,1,0,2,"[19, 7]",6,"[2, 1]",0,0,0,1,0,0,0,0,0,11,12
2024101515812,2024,101515812,427365,574435,-1.57308,55.06364,3,3,4,06:40,-1,E06000057,3,2,1,0,2,19,4,8,0,"[0, 1]",0,1,0,0,1,0,0,11,13
2024101515830,2024,101515830,424800,577179,-1.613,55.08843,3,3,4,09:08,-1,E06000057,3,0,1,0,2,19,1,5,0,0,0,1,0,0,0,0,1,11,13
2024101516116,2024,101516116,438576,555529,-1.4001,54.89302,3,3,4,17:20,-1,E08000024,3,2,1,0,1,"[11, 19]",3,7,0,0,0,1,0,0,0,0,0,11,13
2024101516129,2024,101516129,435590,558265,-1.44631,54.91782,3,3,4,16:40,-1,E08000024,6,2,1,0,1,"[10, 19]",2,"[7, 6]",0,0,0,1,0,0,0,0,0,11,13
2024101516388,2024,101516388,436176,555647,-1.4375,54.89426,3,3,1,15:50,-1,E08000024,6,0,1,0,1,"[19, 9]","[2, 4]","[6, 2]",0,0,0,1,0,1,0,0,0,11,10
2024101516411,2024,101516411,393549,563334,-2.10229,54.96459,2,2,5,09:50,-1,E06000057,6,0,4,0,1,"[5, 19]","[7, 5]","[3, 1]",0,0,0,1,0,0,0,0,0,11,14
2024101516444,2024,101516444,430809,570170,-1.51962,55.02512,3,3,5,06:35,-1,E08000022,3,2,1,0,2,19,1,5,0,0,0,1,0,1,0,0,0,11,14
2024101516449,2024,101516449,417712,620599,-1.72133,55.47889,2,2,5,10:38,-1,E06000057,3,0,1,0,2,"[9, 19]","[5, 1]","[3, 5]",0,0,0,1,0,0,0,0,0,11,14
2024101516492,2024,101516492,427902,569752,-1.56513,55.02153,2,2,4,13:16,-1,E08000022,4,0,1,0,1,5,7,3,0,0,0,0,0,0,1,0,0,11,13
2024101516495,2024,101516495,409520,562900,-1.85286,54.96065,2,2,5,15:53,-1,E06000057,6,0,1,0,1,19,5,1,0,0,0,1,0,0,0,0,1,11,14
2024101516498,2024,101516498,424209,563552,-1.62341,54.96601,3,3,5,15:45,-1,E08000021,3,0,1,0,1,"[19, 7]",2,4,0,0,0,1,0,0,1,0,0,11,14
2024101516624,2024,101516624,382884,570653,-2.2693,55.03011,3,3,1,13:26,-1,E06000057,4,0,1,0,2,15,7,3,0,"[0, 7]","[0, 10]",1,0,0,0,0,0,9,29
2024101516715,2024,101516715,427009,587769,-1.57739,55.18348,3,3,4,18:30,-1,E06000057,6,2,9,0,1,"[19, 10]",1,"[5, 7]",0,0,0,1,0,0,0,0,0,11,13
2024101516743,2024,101516743,435976,565301,-1.43941,54.98102,3,3,4,09:30,-1,E08000023,6,0,1,0,1,"[9, 19]","[2, 1]",6,0,0,0,1,0,0,0,0,0,11,13
2024101516799,2024,101516799,436754,554721,-1.4286,54.88589,3,3,5,11:30,-1,E08000024,6,0,1,0,1,"[9, 19]","[7, 2]","[4, 6]",0,0,0,1,0,0,0,0,0,11,14
2024101516946,2024,101516946,420120,585674,-1.68572,55.16498,3,3,4,13:45,-1,E06000057,3,0,1,1,1,19,1,5,0,0,0,1,0,0,0,0,1,11,13
2024101517062,2024,101517062,395363,575317,-2.07415,55.07229,3,3,6,19:15,-1,E06000057,4,2,1,1,2,19,7,3,0,0,0,1,0,0,0,0,0,11,15
2024101517107,2024,101517107,408942,611783,-1.86036,55.39991,1,1,5,17:00,-1,E06000057,3,2,1,0,2,19,1,5,0,"[1, 0]",0,1,0,0,0,1,0,11,14
2024101517159,2024,101517159,438173,564472,-1.40519,54.97341,1,1,7,11:35,-1,E08000023,5,0,1,0,1,9,8,6,0,0,0,1,0,0,0,0,1,11,16
2024101517180,2024,101517180,426845,562935,-1.5823,54.96033,3,3,4,08:35,-1,E08000037,6,0,1,0,1,-1,-1,-1,-1,-1,0,1,1,0,0,0,0,11,13
2024101517182,2024,101517182,433045,567079,-1.485,54.9972,3,3,7,12:00,-1,E08000022,3,0,1,0,2,"[4, 1, 3]",5,1,0,"[1, 0]",0,1,0,0,0,0,0,11,16
2024101517453,2024,101517453,433533,556987,-1.47855,54.90648,3,3,1,10:20,-1,E08000024,3,0,1,0,2,19,7,3,0,0,0,1,0,0,0,0,0,11,17
2024101517500,2024,101517500,425864,577078,-1.59634,55.08747,3,3,1,07:30,-1,E06000057,3,0,1,1,2,19,"[5, 7]","[1, 3]",0,0,0,1,0,0,0,0,0,11,17
2024101517606,2024,101517606,426397,587924,-1.58699,55.1849,3,3,4,16:55,-1,E06000057,3,2,1,0,1,19,3,7,0,0,0,1,0,0,0,0,1,10,30
2024101517651,2024,101517651,434014,557104,-1.47103,54.9075,3,3,5,17:30,-1,E08000024,3,2,1,0,2,"[19, 3]",6,2,0,0,0,1,0,0,0,0,0,11,14
2024101517696,2024,101517696,423200,564115,-1.63912,54.97112,3,3,6,15:40,-1,E08000021,6,0,1,0,1,19,1,5,0,0,0,1,0,0,0,0,1,9,6
2024101517713,2024,101517713,424908,564458,-1.61241,54.97412,3,3,7,14:45,-1,E08000021,6,0,1,0,1,19,6,2,0,0,0,0,1,0,0,0,1,11,16
2024101517978,2024,101517978,425332,563759,-1.60585,54.96782,3,3,7,09:45,-1,E08000037,3,0,1,0,2,"[19, 2]",1,5,"[4, 0]",0,0,1,0,1,0,0,0,11,16
2024101517991,2024,101517991,424887,565046,-1.61269,54.9794,2,"[3, 2]",7,11:47,-1,E08000021,4,0,1,0,1,"[19, 9]","[5, 1]","[1, 8]",0,0,0,1,0,0,0,0,0,11,16
2024101518104,2024,101518104,422396,563917,-1.6517,54.96938,3,3,6,16:20,-1,E08000021,4,0,1,0,1,"[19, 7]",3,"[7, 5]",0,0,0,1,1,0,0,0,0,11,15
2024101518125,2024,101518125,434096,564865,-1.46883,54.97723,3,3,5,07:39,-1,E08000023,3,0,1,0,1,19,3,7,0,0,0,0,1,0,1,0,0,11,14
2024101518179,2024,101518179,436530,553396,-1.43226,54.874,3,3,7,10:23,-1,E08000024,6,0,1,0,1,"[2, 19]","[0, 6]","[0, 2]",0,0,0,1,0,0,0,0,1,11,16
2024101518235,2024,101518235,429779,560847,-1.53669,54.9414,3,3,3,13:20,-1,E08000037,6,0,1,1,1,7,5,7,0,0,0,1,0,0,0,0,1,11,19
2024101518243,2024,101518243,434832,555137,-1.45851,54.88977,3,3,3,04:50,-1,E08000024,3,2,1,2,2,19,5,1,0,0,0,1,0,0,1,0,0,11,19
2024101518336,2024,101518336,421797,566148,-1.66089,54.98945,3,3,3,11:50,-1,E08000021,6,0,1,1,1,"[5, 9]","[1, 3]","[7, 1]",0,0,0,1,0,0,0,0,0,11,19
2024101518448,2024,101518448,424107,563829,-1.62498,54.96851,3,3,3,17:20,-1,E08000021,6,2,1,1,1,19,3,7,0,0,0,1,0,0,0,0,1,11,19
2024101518471,2024,101518471,440612,556479,-1.36822,54.90139,3,3,2,07:00,-1,E08000024,6,0,1,0,1,19,"[8, 2]","[4, 6]",0,0,0,1,0,0,0,0,0,11,18
2024101518508,2024,101518508,424383,567920,-1.62032,55.00525,3,3,4,16:15,-1,E08000021,6,0,1,0,1,1,2,6,0,0,0,1,0,0,0,0,1,11,13
2024101518580,2024,101518580,385796,578051,-2.22411,55.09668,3,3,4,12:55,-1,E06000057,4,0,1,0,2,"[19, 9]",4,"[8, 2]",0,0,0,1,0,0,0,1,0,11,13
2024101518624,2024,101518624,422752,569463,-1.6457,55.0192,3,3,3,14:40,-1,E08000021,6,0,1,0,1,"[19, 10, 3]","[8, 7]","[4, 3]",0,0,0,1,0,0,0,0,0,10,29
2024101518667,2024,101518667,434188,571856,-1.46656,55.04005,3,3,4,09:12,-1,E08000022,6,0,3,2,1,2,0,0,0,0,0,1,0,0,0,0,0,11,20
2024101518735,2024,101518735,435962,566680,-1.43946,54.99341,3,3,3,19:10,-1,E08000023,5,2,9,0,1,19,6,2,0,0,0,1,0,0,0,0,1,11,19
2024101518929,2024,101518929,435248,569296,-1.45029,55.01697,3,3,4,10:35,-1,E08000022,3,0,1,1,1,-1,5,1,-1,-1,0,1,0,0,0,0,1,11,20
2024101519114,2024,101519114,424899,566781,-1.61235,54.99499,3,3,3,08:55,-1,E08000021,6,0,1,0,1,"[9, 19]","[3, 1]","[7, 5]",0,0,0,1,1,0,0,0,0,11,19
2024101519147,2024,101519147,437137,566094,-1.42117,54.98806,3,3,4,17:25,-1,E08000023,4,2,1,0,1,"[9, 19]","[8, 6]","[6, 2]",0,0,0,1,1,0,0,0,0,11,20
2024101519201,2024,101519201,439218,559304,-1.38957,54.92689,3,3,4,14:30,-1,E08000024,4,0,9,0,1,"[19, 3]",6,2,0,0,0,1,0,0,0,0,0,11,20
2024101519286,2024,101519286,435609,563598,-1.44535,54.96574,3,3,4,17:00,-1,E08000023,3,2,1,0,2,"[9, 19]","[6, 2]","[4, 6]",0,0,0,1,0,0,0,0,0,11,20
2024101519800,2024,101519800,425802,585271,-1.59657,55.16109,3,3,5,08:23,-1,E06000057,3,2,8,2,2,3,6,2,0,0,0,1,0,0,0,0,1,11,21
2024101519839,2024,101519839,427151,565938,-1.57723,54.9873,3,3,4,15:56,-1,E08000021,3,0,1,0,1,19,1,5,0,0,0,1,0,0,0,0,1,11,20
2024101519901,2024,101519901,423720,563249,-1.63107,54.96331,3,3,6,09:55,-1,E08000021,6,0,1,0,1,"[5, 19]","[5, 1]","[1, 7]",0,0,0,1,0,0,0,0,0,11,22
2024101519930,2024,101519930,437513,558310,-1.41631,54.91809,2,2,5,10:38,-1,E08000024,6,0,1,0,1,9,1,5,0,0,0,1,0,0,0,0,1,11,21
2024101520005,2024,101520005,427029,564831,-1.57925,54.97736,3,3,4,17:20,-1,E08000021,4,2,1,0,1,"[3, 19]",7,3,0,0,0,1,0,0,0,0,0,11,20
2024101520217,2024,101520217,421010,561265,-1.67354,54.9456,2,2,6,23:40,-1,E08000037,4,2,8,2,1,5,0,3,0,0,0,0,0,0,1,0,1,11,22
2024101520255,2024,101520255,428828,560310,-1.55159,54.93663,3,3,7,00:05,-1,E08000037,6,2,1,2,1,7,2,6,0,7,3,1,0,0,0,0,0,11,23
2024101520291,2024,101520291,436320,571595,-1.43324,55.03755,3,3,6,11:52,-1,E08000022,6,0,1,0,1,"[9, 19]","[2, 5]","[7, 2]",0,0,0,1,1,0,0,0,0,11,22
2024101520401,2024,101520401,395306,603652,-2.07553,55.32691,3,3,7,09:45,-1,E06000057,6,0,3,2,2,"[19, 3]",7,3,0,0,0,1,0,0,0,0,0,11,23
2024101520615,2024,101520615,414064,574488,-1.78133,55.06467,1,"[1, 2]",5,16:48,-1,E06000057,3,2,8,1,2,19,"[4, 8]","[8, 4]",0,1,"[11, 0]",1,0,0,0,0,0,11,21
2024101520635,2024,101520635,425574,564019,-1.60205,54.97014,2,2,6,18:43,-1,E08000021,4,2,1,0,1,"[19, 12]",7,3,0,0,0,1,0,1,0,0,0,11,22
2024101520653,2024,101520653,415229,562535,-1.76372,54.95723,2,"[2, 3]",5,17:45,-1,E08000037,5,2,1,1,2,"[19, 7]","[6, 8]","[3, 6]",0,0,0,1,0,0,0,0,0,11,21
2024101520672,2024,101520672,437320,550517,-1.42032,54.84807,3,3,7,10:10,-1,E08000024,6,0,3,2,2,"[20, 19]",2,6,0,0,0,1,0,0,0,0,0,11,23
2024101520682,2024,101520682,440335,558285,-1.37229,54.91764,3,3,7,12:30,-1,E08000024,6,0,1,0,1,9,7,5,0,0,0,1,0,0,0,0,1,11,23
2024101520829,2024,101520829,439012,560133,-1.39268,54.93435,3,3,6,11:34,-1,E08000024,3,0,1,0,1,19,1,5,0,0,0,1,0,0,0,0,0,11,22
2024101520934,2024,101520934,424111,559777,-1.62526,54.93209,2,"[2, 3]",2,06:00,-1,E08000037,6,2,1,1,1,"[5, 19]","[3, 5, 8]","[8, 5]",0,0,0,1,0,0,0,0,0,11,25
2024101520936,2024,101520936,422302,563778,-1.65318,54.96813,3,3,1,16:07,-1,E08000021,6,2,1,0,1,"[5, 19]","[7, 5]","[3, 1]",0,0,0,1,0,0,1,0,0,11,24
2024101520937,2024,101520937,425284,565772,-1.60642,54.98591,2,2,2,12:03,-1,E08000021,6,0,1,0,1,19,4,7,0,0,0,0,0,0,1,0,1,11,18
2024101520947,2024,101520947,423197,564364,-1.63915,54.97336,3,3,2,06:45,-1,E08000021,3,2,1,1,1,19,8,4,0,0,0,1,0,0,0,0,1,11,25
2024101520960,2024,101520960,430869,587583,-1.5168,55.18158,3,3,1,19:50,-1,E06000057,4,2,1,0,2,"[19, 15]","[1, 5]","[5, 1]",0,0,0,1,1,0,0,0,0,11,24
2024101521029,2024,101521029,423314,564335,-1.63732,54.97309,3,3,4,12:15,-1,E08000021,3,0,1,0,1,"[-1, 3]","[3, 1]",7,"[-1, 0]","[-1, 0]",0,1,0,0,1,0,0,11,13
2024101521120,2024,101521120,436450,569946,-1.43141,55.02272,3,3,5,17:46,-1,E08000022,6,0,1,0,1,"[19, 2]",3,7,"[4, 0]","[1, 0]",0,1,0,0,0,0,0,10,3
2024101521213,2024,101521213,421943,562051,-1.65892,54.95263,1,1,2,10:10,-1,E08000037,3,0,1,1,2,19,8,4,0,0,0,0,0,0,1,0,1,11,25
2024101521273,2024,101521273,427572,576361,-1.56965,55.08094,3,3,2,09:50,-1,E06000057,4,0,1,0,1,"[9, 4]","[2, 5]","[3, 6]",0,0,0,1,0,1,0,0,0,11,25
2024101521419,2024,101521419,421166,561208,-1.67111,54.94509,3,3,2,12:00,-1,E08000037,4,0,1,0,1,9,4,1,0,0,0,1,0,0,0,0,1,11,25
2024101521448,2024,101521448,424622,562942,-1.61701,54.96051,3,3,2,22:00,-1,E08000037,3,2,1,0,2,"[3, 19]",8,4,0,0,0,1,0,0,0,0,0,11,25
2024101521510,2024,101521510,435901,566869,-1.44039,54.99511,3,3,7,21:27,-1,E08000023,6,2,8,1,1,"[7, 19]","[7, 5]",1,0,0,0,1,0,0,0,0,0,11,23
2024101521551,2024,101521551,417476,562257,-1.72865,54.95465,3,3,2,12:20,-1,E08000037,6,0,1,0,1,"[19, 9]","[5, 3]","[8, 1]",0,0,0,1,0,0,0,0,0,11,25
2024101521955,2024,101521955,437145,554612,-1.42252,54.88488,3,3,3,20:20,-1,E08000024,3,2,1,0,1,"[4, 19]","[6, 5]",2,0,0,0,1,0,0,0,0,0,11,26
2024101521958,2024,101521958,429511,560550,-1.54091,54.93875,3,3,4,07:20,-1,E08000037,6,2,8,2,1,8,1,3,0,0,0,1,0,0,0,0,1,11,27
2024101522063,2024,101522063,424210,563550,-1.62339,54.96599,3,3,3,15:05,-1,E08000021,3,0,1,0,1,"[3, 19]",2,"[4, 5]",0,0,0,1,0,0,0,0,0,11,26
2024101522136,2024,101522136,436522,564436,-1.43099,54.97321,3,3,3,17:05,-1,E08000023,5,0,1,0,1,"[19, 9]","[2, 8]",6,0,0,0,1,0,0,0,0,0,11,26
2024101522181,2024,101522181,421996,566526,-1.65775,54.99284,2,2,2,12:19,-1,E08000021,3,0,1,0,1,"[19, 3]",4,8,0,0,0,0,0,0,1,0,0,11,25
2024101522258,2024,101522258,436396,566724,-1.43267,54.99378,3,3,4,12:15,-1,E08000023,3,0,1,0,1,-1,-1,-1,-1,-1,0,1,0,0,0,0,1,11,20
2024101522382,2024,101522382,421883,565551,-1.65959,54.98408,3,3,4,17:50,-1,E08000021,6,2,1,1,1,"[9, 19]","[2, 8]","[7, 4]",0,0,0,1,0,1,0,0,0,11,27
2024101522467,2024,101522467,420162,565302,-1.6865,54.98192,3,3,7,00:20,-1,E08000021,3,2,1,1,1,"[19, 5]","[2, 4]","[6, 2]",0,0,0,1,0,0,0,0,0,11,23
2024101522552,2024,101522552,436149,563788,-1.4369,54.96741,3,3,4,17:00,-1,E08000023,3,2,1,1,2,"[7, 19]","[8, 7]",3,0,0,0,1,0,0,0,0,1,11,27
2024101522578,2024,101522578,399566,565460,-2.00831,54.98374,2,2,5,08:45,-1,E06000057,3,0,8,2,2,"[19, 3]",7,3,0,"[1, 0]",0,1,0,0,1,0,0,11,28
2024101522596,2024,101522596,437021,566038,-1.42299,54.98757,3,3,4,08:14,-1,E08000023,3,0,1,1,1,19,8,6,0,0,0,1,0,0,0,0,1,11,27
2024101522750,2024,101522750,434155,571833,-1.46708,55.03984,2,2,5,10:07,-1,E08000022,6,0,1,1,1,9,2,6,0,0,0,1,0,0,0,0,1,11,28
2024101522976,2024,101522976,430883,582065,-1.51718,55.132,2,2,5,21:08,-1,E06000057,4,2,8,1,1,19,6,6,10,0,0,1,0,0,0,0,0,11,28
2024101523019,2024,101523019,422913,563838,-1.64363,54.96864,2,2,5,19:03,-1,E08000021,4,2,1,1,1,19,3,7,0,2,11,1,0,0,0,0,1,11,28
2024101523076,2024,101523076,423724,563723,-1.63097,54.96757,3,3,5,08:56,-1,E08000021,6,0,1,0,1,"[1, 3]","[8, 4]","[4, 8]",0,0,0,1,0,0,0,0,0,11,28
2024101523129,2024,101523129,421271,564934,-1.6692,54.97856,3,3,5,17:45,-1,E08000021,3,2,1,0,1,19,"[2, 4]","[6, 8]",0,0,0,1,0,0,0,0,0,11,28
2024101523161,2024,101523161,427137,556577,-1.57833,54.90318,3,3,5,11:55,-1,E08000037,3,0,1,0,1,"[9, 19]","[7, 5]","[4, 1]",0,0,0,1,0,0,0,0,0,11,28
2024101523252,2024,101523252,436332,571220,-1.4331,55.03418,3,3,6,08:40,-1,E08000022,6,0,1,0,1,19,3,7,0,0,0,1,0,0,0,0,1,11,29
2024101523287,2024,101523287,432302,568391,-1.49647,55.00904,3,3,2,10:50,-1,E08000022,3,0,1,0,1,"[19, 3]",2,6,0,0,0,1,0,0,0,0,0,11,25
2024101523318,2024,101523318,424208,563547,-1.62343,54.96597,3,3,6,14:15,-1,E08000021,3,0,1,0,1,5,2,6,0,0,0,1,0,0,0,1,0,11,29
2024101523408,2024,101523408,439986,556393,-1.37799,54.90067,2,2,6,18:10,-1,E08000024,3,2,1,1,1,19,"[1, 5]","[5, 1]",0,0,0,1,0,1,0,0,0,11,29
2024101523605,2024,101523605,430785,556578,-1.52145,54.90298,3,3,7,09:20,-1,E08000024,6,0,1,0,1,"[9, 19]","[7, 5]","[5, 1]",0,0,0,1,1,0,0,0,0,11,30
2024101523645,2024,101523645,421730,566127,-1.66193,54.98926,3,3,6,19:00,-1,E08000021,3,2,1,0,1,19,5,3,0,0,0,1,0,0,0,0,1,11,29
2024101523695,2024,101523695,419442,565025,-1.69777,54.97946,3,3,6,16:30,-1,E08000021,3,2,1,0,1,"[3, 19]",1,5,0,0,0,1,0,0,0,0,0,11,29
2024101523750,2024,101523750,415920,567491,-1.75266,55.00174,1,"[1, 2]",5,23:32,-1,E08000021,3,2,1,0,2,19,3,7,7,2,0,1,0,0,0,0,0,11,28