collision_index,collision_year,collision_ref_no,location_easting_osgr,location_northing_osgr,longitude,latitude,casualty_severity,casualty_severity,day_of_week,time,local_authority_district,local_authority_ons_district,first_road_class,light_conditions,weather_conditions,road_surface_conditions,urban_or_rural_area,vehicle_manoeuvre,vehicle_direction_from,vehicle_direction_to,hit_object_in_carriageway,vehicle_leaving_carriageway,hit_object_off_carriageway,is_car,is_cyle,is_mcyle,is_goodsv,is_other,is_pedestrian,month,day
2024101523911,2024,101523911,436360,563328,-1.43366,54.96326,2,2,1,09:54,-1,E08000023,4,0,1,0,1,"[19, 5]","[1, 3]","[5, 7]",0,"[0, 7]",0,1,0,0,0,0,0,9,29
2024101523913,2024,101523913,426953,568594,-1.58008,55.01118,2,2,2,18:04,-1,E08000022,3,0,1,0,1,19,5,1,0,7,0,0,0,1,0,0,0,8,5
2024101523941,2024,101523941,423116,561424,-1.64065,54.94694,3,3,7,16:30,-1,E08000037,6,2,1,0,1,"[2, 5]","[0, 6]","[0, 2]",0,0,0,1,0,0,0,0,0,11,30
2024101523974,2024,101523974,416849,565275,-1.73826,54.9818,3,3,6,12:00,-1,E08000021,3,0,1,0,1,"[19, 3]",7,3,0,0,0,1,0,0,0,1,0,11,29
2024101523992,2024,101523992,422074,564664,-1.65667,54.9761,3,3,7,19:17,-1,E08000021,3,2,1,0,1,"[9, 19]","[5, 8]",4,0,0,0,1,0,0,0,0,0,11,30
2024101524002,2024,101524002,430362,582001,-1.52535,55.13145,2,2,1,13:47,-1,E06000057,6,0,2,1,1,"[10, 9]","[3, 1]","[8, 6]",0,0,0,1,0,0,0,0,0,12,1
2024101524009,2024,101524009,423542,574631,-1.63292,55.0656,3,3,7,21:00,-1,E08000022,3,2,1,1,2,"[19, 11]",6,"[1, 2]",0,0,0,1,0,0,0,0,0,11,30
2024101524133,2024,101524133,425362,565208,-1.60526,54.98083,3,3,7,18:40,-1,E08000021,4,2,2,1,1,"[19, 9]","[7, 8]",3,0,0,0,1,0,1,0,0,0,11,30
2024101524327,2024,101524327,441386,553004,-1.35665,54.8701,3,3,1,14:05,-1,E08000024,3,0,1,0,2,"[4, 19]",1,5,0,0,0,1,0,0,0,0,0,12,1
2024101524391,2024,101524391,426912,567153,-1.58086,54.99823,2,2,1,15:00,-1,E08000021,3,2,1,1,1,"[19, 9]","[1, 5]","[5, 3]",0,0,0,1,0,1,0,0,0,12,1
2024101524419,2024,101524419,424493,564034,-1.61893,54.97033,3,3,1,14:36,-1,E08000021,3,0,1,0,1,9,5,3,0,0,0,1,0,0,0,0,1,12,1
2024101524620,2024,101524620,399743,571728,-2.00556,55.04006,3,3,7,15:40,-1,E06000057,6,0,1,1,2,"[7, 9]","[7, 5]","[3, 1]",0,0,0,1,0,0,0,0,0,11,30
2024101524682,2024,101524682,419995,565371,-1.6891,54.98254,2,2,2,08:30,-1,E08000021,6,0,2,1,1,9,7,3,0,0,0,1,0,0,0,0,1,12,2
2024101524695,2024,101524695,421460,569168,-1.66593,55.0166,3,3,6,19:10,-1,E08000021,6,0,1,0,1,"[19, 3]",5,1,0,0,0,1,0,0,0,0,0,11,29
2024101524765,2024,101524765,426521,564601,-1.5872,54.97532,2,2,3,09:52,-1,E08000021,4,0,1,0,1,19,1,5,11,0,0,1,0,0,0,0,1,12,3
2024101524797,2024,101524797,437391,554973,-1.41864,54.88811,3,3,5,15:35,-1,E08000024,3,0,1,0,1,19,2,6,0,0,0,1,0,0,0,0,0,11,28
2024101525074,2024,101525074,436407,565053,-1.43271,54.97876,3,3,3,15:25,-1,E08000023,4,0,1,1,1,19,6,2,0,0,0,1,0,0,0,0,1,12,3
2024101525275,2024,101525275,414815,563562,-1.77013,54.96647,3,3,3,15:39,-1,E08000037,3,2,2,1,2,"[19, 5]","[7, 1]",3,0,"[1, 0]",0,1,0,0,0,0,0,12,3
2024101525283,2024,101525283,372662,563973,-2.42856,54.96962,3,3,5,19:57,-1,E06000057,3,0,1,1,2,"[3, 4]",7,3,0,"[0, 1]",0,1,0,0,0,0,0,11,28
2024101525324,2024,101525324,430494,567688,-1.52481,55.00283,3,3,2,20:28,-1,E08000022,6,2,1,0,1,19,6,7,0,0,0,1,0,0,0,0,1,12,2
2024101525486,2024,101525486,420233,565356,-1.68538,54.9824,3,3,3,17:44,-1,E08000021,3,0,2,1,1,-1,-1,-1,-1,-1,0,1,0,0,0,0,0,9,24
2024101525543,2024,101525543,435943,556314,-1.44105,54.90027,3,3,4,07:20,-1,E08000024,5,2,1,0,1,"[7, 19]","[6, 2]","[8, 6]",0,"[0, 8]",0,1,1,0,0,0,0,12,4
2024101525620,2024,101525620,434688,557746,-1.46044,54.91322,1,1,2,20:45,-1,E08000024,3,2,1,0,1,19,5,1,0,0,0,1,0,0,0,0,1,12,2
2024101525667,2024,101525667,429076,563987,-1.54735,54.96966,2,2,4,17:30,-1,E08000021,6,2,2,1,1,7,3,5,0,0,0,1,0,0,0,0,1,12,4
2024101525920,2024,101525920,437680,552355,-1.41448,54.86456,3,3,4,10:15,-1,E08000024,6,0,1,0,1,"[7, 19]","[7, 5]",1,0,0,0,1,1,0,0,0,0,12,4
2024101526257,2024,101526257,425511,561848,-1.60322,54.95063,3,3,5,15:22,-1,E08000037,6,0,2,1,1,19,2,2,0,0,0,1,0,0,0,0,1,12,5
2024101526292,2024,101526292,427148,556438,-1.57818,54.90193,3,3,4,18:37,-1,E08000037,3,2,9,0,1,19,1,5,0,0,0,1,0,0,0,0,1,12,4
2024101526314,2024,101526314,434916,556551,-1.45703,54.90247,3,3,3,06:30,-1,E08000024,3,2,1,1,2,"[19, 4]",5,1,0,0,0,1,0,0,0,0,0,12,3
2024101526529,2024,101526529,399332,652642,-2.01221,55.76712,3,3,5,18:45,-1,E06000057,3,2,1,1,1,19,"[2, 8]","[6, 5]",0,0,0,1,0,0,0,0,0,12,5
2024101526592,2024,101526592,425891,566021,-1.59692,54.98811,3,3,5,21:00,-1,E08000021,6,2,1,1,1,19,"[1, 3]","[5, 7]",0,0,0,1,0,0,0,0,0,12,5
2024101526678,2024,101526678,436203,566134,-1.43576,54.98849,3,3,4,12:40,-1,E08000023,3,0,1,0,1,"[9, 19]",1,"[7, 5]",0,0,0,1,0,0,0,0,0,12,4
2024101526685,2024,101526685,425354,564861,-1.60541,54.97772,2,2,1,14:25,-1,E08000021,2,0,1,0,1,"[19, 2]",1,5,0,0,0,1,0,0,1,0,0,11,24
2024101526689,2024,101526689,424872,564714,-1.61295,54.97642,3,3,6,11:57,-1,E08000021,6,0,1,0,1,6,1,3,0,0,0,0,0,1,0,0,1,12,6
2024101526749,2024,101526749,421695,600449,-1.65987,55.29768,3,3,6,13:35,-1,E06000057,4,0,1,1,2,19,"[6, 2]","[2, 6]",0,0,0,1,0,0,0,0,0,12,6
2024101526837,2024,101526837,370378,606120,-2.46866,55.34821,3,3,4,18:22,-1,E06000057,3,2,2,1,2,19,1,5,0,1,7,1,0,0,0,0,0,12,4
2024101526902,2024,101526902,425348,565385,-1.60546,54.98243,3,3,6,22:16,-1,E08000021,2,2,2,1,1,19,3,7,0,0,0,0,0,0,1,0,1,12,6
2024101526939,2024,101526939,426790,556278,-1.58377,54.90052,2,2,6,23:56,-1,E08000037,6,2,2,1,1,19,1,5,0,0,0,1,0,0,0,0,0,12,6
2024101526997,2024,101526997,420819,563098,-1.67639,54.96208,3,3,6,19:10,-1,E08000037,6,2,1,1,1,"[3, 19]",6,1,0,0,0,1,0,0,0,0,0,12,6
2024101527038,2024,101527038,419322,563524,-1.69974,54.96597,3,3,7,12:06,-1,E08000037,3,0,5,1,1,19,7,3,0,0,0,1,0,0,0,0,0,12,7
2024101527070,2024,101527070,437805,556784,-1.41195,54.90435,3,3,6,22:17,-1,E08000024,6,2,1,1,1,19,8,4,0,0,0,1,0,0,0,0,1,12,6
2024101527243,2024,101527243,425328,564736,-1.60583,54.9766,3,3,7,22:35,-1,E08000021,2,2,5,1,1,"[11, 19]",1,5,0,0,0,1,0,0,0,0,0,12,7
2024101527252,2024,101527252,436730,556256,-1.42878,54.89969,3,3,7,21:16,-1,E08000024,4,2,5,1,1,19,5,1,0,0,0,1,0,0,0,0,1,12,7
2024101527307,2024,101527307,427270,554679,-1.57644,54.88612,2,2,7,13:25,-1,E08000037,3,0,5,1,1,"[19, 5]","[5, 7]","[1, 5]",0,"[0, 7]",0,1,0,0,0,0,0,12,7
2024101527626,2024,101527626,428424,563919,-1.55754,54.96909,3,3,7,13:37,-1,E08000021,6,0,2,0,1,19,"[3, 1]","[7, 5]",0,0,0,1,1,0,0,0,0,12,7
2024101527641,2024,101527641,421364,565150,-1.66773,54.9805,3,3,5,08:00,-1,E08000021,4,0,1,-1,1,-1,-1,-1,-1,-1,0,1,0,0,0,0,1,2,15
2024101527749,2024,101527749,436851,555171,-1.42703,54.88993,3,3,1,14:00,-1,E08000024,6,0,1,0,1,"[19, 9]","[5, 8]","[2, 5]",0,0,0,1,0,1,0,0,0,12,8
2024101527864,2024,101527864,438844,558890,-1.39546,54.9232,3,3,7,12:25,-1,E08000024,4,0,2,1,1,"[3, 19]",6,2,0,0,0,1,0,0,0,0,0,12,7
2024101527940,2024,101527940,440113,557254,-1.37589,54.9084,3,3,7,19:53,-1,E08000024,3,2,1,0,1,19,"[7, 1]","[2, 3]",0,0,0,1,0,0,0,0,0,12,7
2024101528014,2024,101528014,425213,562839,-1.60779,54.95955,3,3,2,19:18,-1,E08000037,4,2,1,1,1,19,7,3,0,0,0,1,0,0,0,0,1,12,9
2024101528026,2024,101528026,429232,571837,-1.54411,55.04019,2,2,2,22:22,-1,E08000022,3,2,1,0,2,19,1,5,0,2,7,1,0,0,0,0,0,12,9
2024101528040,2024,101528040,427181,557285,-1.57758,54.90954,3,3,2,16:45,-1,E08000037,3,2,1,1,2,19,5,1,0,0,0,1,0,0,0,0,0,12,9
2024101528045,2024,101528045,412512,569262,-1.80586,55.01775,3,3,7,19:20,-1,E06000057,6,2,2,1,2,19,7,3,0,0,0,1,0,0,0,0,0,11,2
2024101528114,2024,101528114,431380,563667,-1.5114,54.96665,2,2,2,15:10,-1,E08000023,6,0,1,0,1,2,0,0,0,0,0,1,0,0,0,0,0,12,9
2024101528133,2024,101528133,432912,567860,-1.48699,55.00423,3,3,3,09:18,-1,E08000022,6,0,1,1,1,"[19, 5]","[3, 5]","[7, 1]",0,0,0,1,0,0,1,0,0,12,10
2024101528156,2024,101528156,428607,574427,-1.55364,55.0635,3,3,2,15:15,-1,E06000057,6,0,1,0,2,19,3,7,0,0,0,1,0,0,0,0,1,12,9
2024101528247,2024,101528247,409426,563634,-1.8543,54.96724,2,2,6,06:50,-1,E06000057,3,2,1,0,1,"[19, 9]","[7, 3]","[3, 7]",0,0,0,1,0,0,1,0,0,12,6
2024101528281,2024,101528281,409618,563004,-1.85132,54.96158,3,3,6,16:50,-1,E06000057,4,0,1,0,1,"[9, 19]","[1, 5]","[6, 1]",0,0,0,1,0,0,0,0,0,12,6
2024101528306,2024,101528306,436610,564495,-1.42961,54.97373,2,2,5,16:07,-1,E08000023,5,2,1,0,1,19,1,1,0,0,0,1,0,0,0,0,1,12,5
2024101528326,2024,101528326,435898,555919,-1.4418,54.89672,3,3,2,17:00,-1,E08000024,6,2,1,0,1,9,1,2,0,0,0,1,0,0,0,0,1,12,9
2024101528393,2024,101528393,422031,612750,-1.65362,55.40819,2,"[2, 3]",7,15:35,-1,E06000057,3,0,1,0,2,"[10, 19]","[3, 7]","[7, 3]",0,"[0, 1]",0,1,0,0,0,0,0,11,30
2024101528592,2024,101528592,425677,564496,-1.6004,54.97442,2,2,2,15:15,-1,E08000021,3,0,1,0,1,19,7,3,0,0,0,1,0,0,0,0,1,12,2
2024101528632,2024,101528632,424750,564752,-1.61486,54.97677,2,2,2,15:07,-1,E08000021,6,0,1,0,1,2,0,0,0,0,0,0,0,0,1,0,0,12,9
2024101528715,2024,101528715,435453,552621,-1.44914,54.86712,3,3,2,08:00,-1,E08000024,3,0,1,1,1,"[12, 3]","[5, 4]","[1, 8]",0,0,0,1,0,0,1,0,0,12,9
2024101528875,2024,101528875,428247,580270,-1.55869,55.11602,3,3,5,09:36,-1,E06000057,3,0,8,0,2,19,5,1,0,0,0,1,0,0,0,0,0,12,5
2024101528966,2024,101528966,429622,569721,-1.53823,55.02115,3,3,4,19:10,-1,E08000022,3,2,1,0,1,"[5, 3]",2,6,0,0,0,1,0,0,1,0,0,12,11
2024101529473,2024,101529473,414256,559363,-1.77907,54.92875,2,2,5,18:11,-1,E08000037,6,2,1,1,2,"[2, 19]","[0, 1]","[0, 5]","[0, 4]",0,0,1,0,1,0,0,0,12,12
2024101529551,2024,101529551,412860,601536,-1.79896,55.30775,3,3,5,11:30,-1,E06000057,6,0,1,0,2,"[1, 3]",1,5,0,0,0,1,0,0,1,0,0,12,12
2024101529654,2024,101529654,424269,560482,-1.62273,54.93842,3,3,5,14:25,-1,E08000037,5,0,1,0,1,"[19, 7]","[5, 3]",1,0,0,0,1,0,0,0,0,0,12,12
2024101529699,2024,101529699,424812,564451,-1.61391,54.97406,2,"[3, 2]",6,10:31,-1,E08000021,6,0,1,0,1,9,5,7,0,0,0,1,0,0,0,0,1,12,13
2024101529761,2024,101529761,422093,563391,-1.65647,54.96466,2,2,6,08:09,-1,E08000021,3,0,1,0,1,"[19, 9]",7,"[3, 1]",0,"[1, 0]","[1, 0]",1,0,0,0,0,0,12,13
2024101529941,2024,101529941,418534,562446,-1.71212,54.95631,2,2,6,22:25,-1,E08000037,6,2,1,1,1,19,7,3,0,7,0,1,0,0,0,0,0,12,13
2024101529980,2024,101529980,431122,561287,-1.51568,54.94528,2,2,6,17:45,-1,E08000023,2,2,1,1,2,19,2,6,0,0,0,0,0,1,0,0,0,12,13
2024101530025,2024,101530025,434604,570994,-1.46016,55.03227,2,2,6,08:20,-1,E08000022,3,0,1,0,1,19,5,1,0,0,0,1,0,0,0,0,1,12,13
2024101530040,2024,101530040,428396,556186,-1.55874,54.8996,3,3,5,17:29,-1,E08000037,2,2,2,1,2,19,1,5,0,0,0,1,0,0,0,0,0,12,12
2024101530044,2024,101530044,432604,567853,-1.4918,55.00418,3,3,7,10:00,-1,E08000022,3,0,1,0,2,4,1,5,0,0,0,1,0,0,0,0,0,12,14
2024101530129,2024,101530129,419964,563464,-1.68972,54.96541,3,3,7,14:30,-1,E08000037,3,0,1,0,2,"[19, 3]",5,8,"[99, 0]",0,0,1,0,0,0,0,0,12,14
2024101530282,2024,101530282,427142,562745,-1.57768,54.95861,3,3,1,01:58,-1,E08000037,3,2,1,1,2,5,7,3,0,0,0,1,0,0,0,0,1,12,15
2024101530356,2024,101530356,434913,572429,-1.45515,55.04515,2,2,6,08:00,-1,E08000022,6,2,2,1,1,"[9, 19]","[8, 7]",2,0,0,0,1,1,0,0,0,0,12,13
2024101530423,2024,101530423,425656,558384,-1.60127,54.9195,3,3,3,17:50,-1,E08000037,3,2,1,0,2,"[12, 13]",7,4,0,0,0,1,0,0,1,0,0,12,10
2024101530570,2024,101530570,425374,581495,-1.60363,55.12719,2,2,1,15:23,-1,E06000057,6,2,1,0,2,"[19, 2]","[7, 0]","[3, 0]","[4, 0]",0,0,1,0,0,0,0,0,12,15
2024101530651,2024,101530651,439109,560336,-1.39113,54.93617,2,2,2,08:10,-1,E08000024,5,0,1,0,1,19,4,8,-1,-1,0,0,1,0,0,0,1,12,16
2024101530712,2024,101530712,431955,579347,-1.50067,55.10751,3,3,1,18:10,-1,E06000057,3,2,1,1,2,19,8,4,0,0,0,1,1,0,0,0,0,12,15
2024101531090,2024,101531090,420722,566577,-1.67765,54.99335,3,3,2,11:10,-1,E08000021,3,0,1,0,1,"[3, -1]",4,8,0,0,0,1,0,0,0,0,0,12,16
2024101531129,2024,101531129,440034,558091,-1.37701,54.91592,3,3,2,18:10,-1,E08000024,6,2,1,0,1,1,6,2,0,0,0,1,0,0,0,0,1,12,16
2024101531196,2024,101531196,427278,568877,-1.57497,55.0137,3,3,3,08:30,-1,E08000022,6,0,1,0,1,-1,3,7,0,0,0,1,0,0,0,0,1,12,17
2024101531210,2024,101531210,425172,566396,-1.60812,54.99152,3,3,3,13:44,-1,E08000021,6,0,1,0,1,19,1,1,0,0,0,1,0,0,0,0,1,12,10
2024101531235,2024,101531235,423798,568207,-1.62944,55.00786,3,3,4,18:36,-1,E08000021,6,2,2,1,1,5,4,8,0,0,0,1,0,0,0,0,1,12,11
2024101531309,2024,101531309,421062,566213,-1.67237,54.99007,3,3,3,08:05,-1,E08000021,3,0,1,0,1,19,-1,-1,0,0,0,1,0,0,0,0,1,12,17
2024101531360,2024,101531360,418625,613261,-1.70737,55.41292,2,2,3,16:28,-1,E06000057,4,2,1,1,2,19,2,6,0,0,0,0,0,0,1,0,1,12,17
2024101531393,2024,101531393,420705,567041,-1.67789,54.99752,3,3,2,16:41,-1,E08000021,3,2,1,0,1,"[3, 7]",1,5,0,0,0,1,0,0,0,0,0,12,16
2024101531512,2024,101531512,415473,564178,-1.75982,54.97198,3,3,4,00:46,-1,E08000037,6,2,1,1,1,19,4,8,0,0,0,1,0,0,0,0,1,12,18
2024101531527,2024,101531527,433786,561932,-1.47402,54.9509,3,3,3,07:45,-1,E08000023,3,0,1,0,2,19,5,1,0,0,0,1,0,0,0,0,0,12,17
2024101531528,2024,101531528,417402,606821,-1.72709,55.3551,2,2,3,07:47,-1,E06000057,3,2,1,0,2,19,1,5,0,0,0,1,0,0,1,1,0,12,17
2024101531543,2024,101531543,432374,564886,-1.49573,54.97754,2,2,3,16:05,-1,E08000023,4,2,1,1,1,"[9, 7]","[3, 1]","[1, 7]",0,0,0,1,0,1,0,0,0,12,17
2024101531623,2024,101531623,417145,563954,-1.73372,54.96991,3,3,4,08:33,-1,E08000037,6,0,4,0,1,19,3,7,0,0,0,1,0,0,0,0,1,12,18
2024101531701,2024,101531701,434153,575709,-1.46665,55.07467,3,3,1,18:20,-1,E06000057,3,2,1,0,2,"[19, 13]",5,1,0,0,0,1,0,1,0,0,0,12,15
2024101531864,2024,101531864,421431,567511,-1.6665,55.00171,3,3,2,16:00,-1,E08000021,3,0,1,0,1,-1,"[2, 8]","[5, 6]",-1,-1,0,1,0,0,0,0,0,12,16
2024101531943,2024,101531943,427615,566697,-1.56991,54.9941,3,3,4,18:15,-1,E08000021,3,2,1,0,1,19,7,3,0,0,0,1,0,0,0,0,0,12,18
2024101532199,2024,101532199,434832,571322,-1.45655,55.0352,3,3,4,11:30,-1,E08000022,3,0,1,0,1,19,"[6, 8]","[2, 4]",0,0,0,1,1,0,0,0,0,12,11
2024101532220,2024,101532220,394102,561983,-2.09362,54.95246,3,3,2,16:09,-1,E06000057,6,2,1,0,2,"[4, 19]","[1, 5]","[5, 1]",0,"[2, 0]",0,1,0,0,0,0,0,12,16
2024101532305,2024,101532305,434214,571879,-1.46616,55.04025,3,3,3,07:50,-1,E08000022,6,0,1,0,1,"[9, 19]","[6, 2]","[4, 6]",0,0,0,1,1,0,0,0,0,12,17
2024101532339,2024,101532339,427331,562185,-1.57478,54.95357,3,3,5,11:00,-1,E08000037,4,0,1,0,1,"[10, 13]",4,8,0,0,0,1,0,0,0,0,0,12,19
2024101532427,2024,101532427,426824,564782,-1.58245,54.97693,3,3,4,15:15,-1,E08000021,4,0,1,0,1,2,7,3,0,0,0,0,0,0,1,0,0,12,18
2024101532725,2024,101532725,422230,564087,-1.65428,54.97091,3,3,4,16:50,-1,E08000021,6,0,9,0,1,19,"[2, 5]","[5, 2]",0,0,0,1,0,0,0,0,0,12,18
2024101532767,2024,101532767,435141,547059,-1.45467,54.81716,2,2,6,08:30,-1,E08000024,4,0,1,1,1,19,5,1,0,0,0,1,0,0,0,0,1,12,20
2024101532827,2024,101532827,421618,563483,-1.66388,54.96551,3,3,3,10:00,-1,E08000021,3,0,1,0,1,"[9, 19]","[4, 8]","[1, 4]",0,0,0,1,0,0,0,0,0,12,10
2024101532988,2024,101532988,421385,568774,-1.66713,55.01306,3,3,6,11:52,-1,E08000021,6,0,1,1,1,10,7,2,0,0,0,1,0,0,0,0,1,12,20
2024101533229,2024,101533229,436625,558557,-1.43013,54.92037,3,3,5,15:15,-1,E08000024,6,0,1,0,1,"[2, 20]","[0, 3]","[0, 1]",0,0,0,1,0,0,0,0,0,12,19
2024101533267,2024,101533267,428584,561848,-1.55525,54.95047,2,2,6,21:25,-1,E08000037,4,2,1,0,1,"[4, 19]","[4, 1]","[8, 4]","[0, 1]",0,0,1,1,0,0,0,0,12,20
2024101533285,2024,101533285,440467,558183,-1.37024,54.91672,3,3,5,15:30,-1,E08000024,6,0,1,0,1,"[7, 19]","[2, 4]","[4, 8]",0,0,0,1,0,0,0,0,0,12,19
2024101533303,2024,101533303,432012,566457,-1.50122,54.99168,2,2,5,09:20,-1,E08000022,6,0,1,0,1,"[7, 19]","[2, 8]","[5, 4]",0,0,0,1,1,0,0,0,0,12,19
2024101533329,2024,101533329,432105,578895,-1.49837,55.10344,3,3,7,14:01,-1,E06000057,3,0,4,0,2,"[6, 19]",1,5,0,0,0,1,0,0,0,0,0,12,21
2024101533429,2024,101533429,427722,587522,-1.56622,55.18122,3,3,7,13:00,-1,E06000057,6,0,4,0,1,1,0,0,0,0,0,1,0,0,0,0,1,12,21
2024101533457,2024,101533457,424248,564086,-1.62276,54.97081,3,3,7,23:40,-1,E08000021,3,2,5,1,1,"[19, 9]","[1, 5]","[5, 3]",0,"[0, 7]",0,1,0,0,0,0,0,12,21
2024101533582,2024,101533582,426765,567353,-1.58313,55.00004,3,3,5,20:25,-1,E08000021,6,2,9,0,1,"[19, 9]","[5, 7]","[1, 5]",0,0,0,1,0,0,0,0,0,12,19
2024101533589,2024,101533589,428621,561913,-1.55466,54.95105,3,3,6,18:15,-1,E08000037,4,2,1,0,1,"[-1, 19]","[6, 2]","[-1, 6]",0,0,0,1,0,0,1,0,0,12,20
2024101533597,2024,101533597,438265,556463,-1.40482,54.90143,3,3,6,17:30,-1,E08000024,3,2,1,0,1,"[1, 2]","[8, 0]","[4, 0]",0,0,0,1,0,0,0,0,0,12,20
2024101533637,2024,101533637,424680,564646,-1.61596,54.97582,3,3,7,16:55,-1,E08000021,6,2,1,0,1,19,3,7,0,0,0,0,0,0,1,0,1,12,21
2024101533657,2024,101533657,420929,562312,-1.67473,54.95502,3,3,7,18:30,-1,E08000037,5,0,1,0,2,9,3,1,0,0,0,1,0,0,0,0,0,12,21
2024101533875,2024,101533875,430877,567235,-1.51887,54.99874,3,3,2,15:37,-1,E08000022,6,2,1,0,1,5,5,1,0,0,0,1,0,0,0,0,1,12,16
2024101533911,2024,101533911,397791,651165,-2.03676,55.75384,2,2,7,14:00,-1,E06000057,3,0,1,1,2,19,"[4, 8]","[6, 4]",0,0,0,1,0,0,0,0,0,11,16
2024101533933,2024,101533933,420548,566747,-1.68036,54.99488,3,3,5,16:30,-1,E08000021,3,2,1,0,1,"[19, 5]","[2, -1]","[7, -1]",0,0,0,1,0,0,0,0,0,12,19
2024101534097,2024,101534097,417890,562512,-1.72217,54.95693,3,3,2,12:55,-1,E08000037,6,0,1,1,1,"[19, 5]","[7, 3]","[3, 7]",0,0,0,1,0,1,0,0,0,12,23
2024101534195,2024,101534195,436688,555711,-1.42951,54.89479,3,3,2,16:40,-1,E08000024,3,0,2,1,1,19,3,7,0,0,0,0,0,0,1,0,0,12,23
2024101534201,2024,101534201,399917,626922,-2.00287,55.53602,3,3,7,10:20,-1,E06000057,3,0,1,1,2,"[2, 4, 19]",5,1,0,"[0, 7]",0,1,0,0,0,0,0,12,21
2024101534264,2024,101534264,425544,562973,-1.60261,54.96074,2,2,2,23:15,-1,E08000037,3,2,1,1,1,19,2,6,0,0,0,1,0,0,0,0,1,12,23
2024101534432,2024,101534432,436674,569136,-1.42801,55.01543,3,3,4,17:26,-1,E08000022,3,2,9,0,1,"[2, 19]","[0, 2]","[0, 7]",0,0,0,1,0,0,0,0,0,12,18
2024101534449,2024,101534449,428743,567864,-1.55216,55.00452,3,3,2,20:15,-1,E08000022,6,2,1,0,1,"[2, 1]","[0, 8]","[0, 1]",0,0,0,1,0,0,0,0,0,12,23
2024101534477,2024,101534477,425230,567274,-1.60714,54.99941,3,3,2,11:45,-1,E08000021,6,0,1,0,1,19,1,7,0,0,0,1,0,0,0,0,0,12,23
2024101534712,2024,101534712,436895,558440,-1.42593,54.9193,2,"[3, 2]",7,16:07,-1,E08000024,3,2,1,0,1,"[19, 9]","[7, 5]",3,"[4, 0]",0,0,1,0,1,0,0,0,11,16
2024101534729,2024,101534729,438598,565014,-1.39848,54.97825,2,2,2,15:18,-1,E08000023,6,0,2,1,1,"[1, 2]","[5, 0]","[1, 0]","[4, 0]",0,0,1,0,0,0,0,0,12,23
2024101534806,2024,101534806,439931,559690,-1.3784,54.9303,3,3,3,16:00,-1,E08000024,6,2,2,1,1,9,3,1,0,0,0,1,0,0,0,0,1,12,24
2024101534816,2024,101534816,421935,566610,-1.65869,54.9936,3,3,5,11:00,-1,E08000021,3,0,1,0,1,19,8,4,0,0,0,1,0,0,0,0,1,12,26
2024101534832,2024,101534832,436382,558297,-1.43395,54.91805,3,3,6,14:30,-1,E08000024,3,0,1,0,1,19,6,2,0,"[1, 0]",0,1,0,0,1,0,0,12,20
2024101534835,2024,101534835,431426,561248,-1.51094,54.94491,3,3,5,12:18,-1,E08000023,3,0,1,1,2,"[12, 19]",7,3,10,4,0,1,0,0,0,0,0,12,26
2024101534910,2024,101534910,424620,562947,-1.61704,54.96055,2,"[2, 3]",5,17:51,-1,E08000037,3,2,1,1,2,"[4, 3]",1,5,0,0,0,1,0,0,0,0,0,12,26
2024101535014,2024,101535014,436135,564564,-1.43702,54.97439,3,3,5,12:30,-1,E08000023,6,0,1,0,1,"[-1, 7]","[3, 7]","[7, 3]","[-1, 0]","[-1, 0]",0,1,0,1,0,0,0,12,26
2024101535183,2024,101535183,433743,563532,-1.47451,54.96528,3,3,7,09:55,-1,E08000023,3,0,1,0,1,19,"[4, 6]","[1, 2]",0,0,0,1,0,0,0,0,0,12,21
2024101535274,2024,101535274,436543,549881,-1.4325,54.84242,3,3,5,14:24,-1,E08000024,4,0,1,1,2,19,"[1, 5]","[5, 1]",0,0,0,1,0,0,0,0,0,12,26
2024101535292,2024,101535292,436911,567458,-1.42452,55.00033,3,3,6,22:20,-1,E08000023,3,2,1,0,1,19,3,7,0,0,0,0,0,0,0,0,1,12,27
2024101535351,2024,101535351,435410,568364,-1.44788,55.00858,3,3,6,14:26,-1,E08000022,4,0,1,0,1,-1,8,6,0,0,0,0,0,0,1,0,0,12,27
2024101535357,2024,101535357,431608,570766,-1.50705,55.03042,3,3,6,16:25,-1,E08000022,6,0,1,0,1,"[-1, 19]","[3, 8]","[8, 3]",0,0,0,1,0,0,0,0,0,12,27
2024101535369,2024,101535369,421680,563892,-1.66288,54.96918,3,3,7,10:25,-1,E08000021,4,0,1,1,1,"[5, 19]","[1, 3]","[5, 7]",0,0,0,1,0,0,1,0,0,12,28
2024101535370,2024,101535370,430048,562576,-1.53231,54.95692,3,3,6,15:25,-1,E08000037,3,0,1,0,1,-1,"[4, 6]","[8, 2]","[-1, 0]",-1,0,1,1,0,0,0,0,12,27
2024101535395,2024,101535395,393806,564282,-2.09829,54.97311,3,3,6,14:51,-1,E06000057,6,0,1,0,1,"[9, 19]","[5, 6]",2,0,0,0,1,0,0,0,0,0,12,27
2024101535560,2024,101535560,438869,565760,-1.39415,54.98493,1,1,7,00:14,-1,E08000023,3,2,1,0,2,19,5,1,0,7,0,1,0,0,0,0,0,12,14