collision_index,collision_year,collision_ref_no,location_easting_osgr,location_northing_osgr,longitude,latitude,casualty_severity,casualty_severity,day_of_week,time,local_authority_district,local_authority_ons_district,first_road_class,light_conditions,weather_conditions,road_surface_conditions,urban_or_rural_area,vehicle_manoeuvre,vehicle_direction_from,vehicle_direction_to,hit_object_in_carriageway,vehicle_leaving_carriageway,hit_object_off_carriageway,is_car,is_cyle,is_mcyle,is_goodsv,is_other,is_pedestrian,month,day
2024111459504,2024,111459504,438767,541282,-1.39902,54.76498,2,2,2,06:15,-1,E06000047,4,0,1,0,1,"[2, 19]","[0, 3]","[0, 8]","[0, 4]",0,0,1,0,1,0,0,0,6,24
2024111459647,2024,111459647,421763,545861,-1.66294,54.80715,3,3,4,16:15,-1,E06000047,6,0,1,0,2,"[8, 4]",8,4,0,0,0,1,0,0,0,0,0,6,12
2024111460417,2024,111460417,433461,514262,-1.48456,54.52255,3,3,6,10:53,-1,E06000005,6,0,1,0,2,"[4, 8]",3,6,0,0,0,1,0,0,0,0,0,3,29
2024111460435,2024,111460435,422989,525604,-1.64546,54.62506,3,3,6,17:45,-1,E06000047,6,0,1,0,2,"[19, 7]","[3, 6]",7,0,0,0,1,1,0,0,0,0,5,10
2024111460609,2024,111460609,435554,522486,-1.45124,54.59631,2,2,4,15:28,-1,E06000047,6,0,1,0,2,19,"[5, 3]","[1, 7]",0,0,0,1,1,0,0,0,0,6,26
2024111460701,2024,111460701,419079,551388,-1.70434,54.85692,3,3,4,08:06,-1,E06000047,6,0,1,0,2,19,1,5,0,0,0,1,0,0,0,0,1,6,26
2024111460735,2024,111460735,427414,513609,-1.57804,54.51704,3,3,1,11:50,-1,E06000005,3,0,1,0,1,"[19, 4]",2,5,0,0,0,1,0,0,0,0,0,6,23
2024111460786,2024,111460786,429983,514062,-1.53831,54.52097,3,3,2,17:20,-1,E06000005,6,0,1,0,1,"[9, 19]","[1, 3]",7,0,0,0,1,0,0,0,0,0,6,24
2024111460812,2024,111460812,428234,515804,-1.56516,54.53672,3,3,2,17:05,-1,E06000005,6,0,1,0,1,7,1,3,0,0,0,1,0,0,0,0,1,6,24
2024111461627,2024,111461627,429420,516374,-1.54678,54.54178,3,3,6,14:50,-1,E06000005,6,0,1,0,1,19,1,"[6, 5]",0,"[1, 0]","[11, 0]",1,1,0,0,0,0,6,28
2024111462046,2024,111462046,419207,534486,-1.70345,54.70503,3,3,5,21:50,-1,E06000047,6,0,1,0,2,"[4, 19]","[6, 8]","[8, 4]",0,0,0,1,1,0,0,0,0,6,27
2024111462060,2024,111462060,427874,512656,-1.57102,54.50845,2,2,5,16:30,-1,E06000005,3,0,1,0,2,"[7, 9, 19]",6,2,0,0,0,1,0,0,0,0,0,6,20
2024111462082,2024,111462082,427459,552518,-1.5737,54.86669,3,3,4,11:45,-1,E06000047,4,0,1,0,1,"[7, 19]",4,7,0,0,0,1,0,0,0,0,0,6,26
2024111462199,2024,111462199,428043,534341,-1.56635,54.70332,3,3,4,17:45,-1,E06000047,3,0,1,0,2,"[19, 4]",5,1,0,0,0,1,0,0,0,0,0,6,26
2024111462216,2024,111462216,426486,545798,-1.58947,54.80636,3,3,4,18:45,-1,E06000047,3,0,1,0,2,"[11, 9]","[2, 6]","[1, 2]","[10, 0]",0,0,1,0,0,0,0,0,6,26
2024111462535,2024,111462535,430745,531814,-1.52469,54.68045,3,3,7,14:00,-1,E06000047,6,0,1,0,2,"[9, 19]","[5, 3]","[3, 7]",0,0,0,1,0,0,0,0,0,6,29
2024111462571,2024,111462571,428213,515438,-1.56552,54.53344,3,3,2,12:20,-1,E06000005,6,0,1,0,1,"[19, 2, 7]","[5, 0, 3]","[1, 0, 5]",0,0,0,1,1,0,0,0,0,6,24
2024111462670,2024,111462670,408656,512750,-1.86782,54.50999,2,2,5,12:00,-1,E06000047,6,0,1,0,2,"[2, 19]","[0, 2]","[0, 6]",0,0,0,1,1,0,0,0,0,6,27
2024111462997,2024,111462997,427505,516075,-1.57641,54.5392,3,3,1,14:25,-1,E06000005,6,0,8,0,1,"[9, 7]","[2, 6]",7,0,0,0,1,1,0,0,0,0,6,30
2024111463301,2024,111463301,412560,524331,-1.80704,54.61398,2,2,1,17:20,-1,E06000047,6,0,1,0,2,"[19, 7]","[5, 7]",1,0,0,0,1,1,0,0,0,0,6,30
2024111463608,2024,111463608,399636,541670,-2.00718,54.76995,3,3,5,12:30,-1,E06000047,4,0,4,0,2,19,5,1,0,"[0, 1]",0,1,0,0,0,0,0,7,4
2024111463977,2024,111463977,428203,528815,-1.5644,54.65365,1,1,6,12:00,-1,E06000047,6,0,1,0,2,"[3, 19, 4]","[1, 5]","[5, 1]",0,0,0,1,0,1,0,0,0,7,5
2024111464302,2024,111464302,434255,514441,-1.47227,54.52411,2,2,7,10:35,-1,E06000005,3,0,1,0,2,"[3, 19]",1,5,0,0,0,0,1,0,0,0,0,7,6
2024111464556,2024,111464556,415645,541846,-1.75834,54.7713,2,2,1,13:30,-1,E06000047,4,0,1,0,2,19,6,2,0,8,3,1,0,0,0,0,0,7,7
2024111465061,2024,111465061,432258,513315,-1.50325,54.51412,2,"[2, 3]",2,20:12,-1,E06000005,6,0,1,0,2,19,"[1, 5]","[5, 1]",0,0,0,0,0,1,0,0,0,7,8
2024111465463,2024,111465463,399950,542561,-2.0023,54.77796,2,2,2,17:00,-1,E06000047,4,0,2,1,2,13,2,6,0,7,0,1,0,0,0,0,0,7,8
2024111465662,2024,111465662,427985,515054,-1.56908,54.53,3,3,2,18:10,-1,E06000005,3,0,1,0,1,19,7,3,0,0,0,1,0,0,0,0,0,7,1
2024111466786,2024,111466786,419558,551902,-1.69684,54.86153,3,3,5,20:30,-1,E06000047,6,2,1,0,1,19,2,6,0,0,0,1,0,0,0,0,1,7,4
2024111467740,2024,111467740,427442,513711,-1.5776,54.51796,3,3,4,17:45,-1,E06000005,3,0,1,0,1,"[19, 5]","[1, 7]","[4, 3]",0,0,0,1,1,0,0,0,0,6,19
2024111467802,2024,111467802,441416,541121,-1.35788,54.76332,2,2,5,17:30,-1,E06000047,4,0,1,0,2,"[3, 19]",5,7,0,0,0,1,0,0,0,0,0,7,11
2024111467938,2024,111467938,411647,552910,-1.82004,54.87083,2,2,4,18:54,-1,E06000047,4,0,1,0,2,"[13, 19]",1,4,0,0,0,1,0,1,0,0,0,6,26
2024111468029,2024,111468029,442776,539501,-1.33698,54.74865,3,3,2,14:32,-1,E06000047,6,0,1,0,1,"[10, 13]",6,"[5, 3]",0,0,0,1,0,0,0,0,0,7,15
2024111468450,2024,111468450,427347,518559,-1.57862,54.56153,2,"[2, 3]",3,08:15,-1,E06000005,6,0,1,1,2,19,"[7, 3]","[3, 7]",0,0,0,1,0,0,1,0,0,7,16
2024111468542,2024,111468542,425593,533719,-1.60442,54.69786,2,"[2, 3]",3,21:10,-1,E06000047,6,2,2,1,1,19,"[6, 2]","[4, 6]",0,0,0,1,0,1,0,0,0,7,16
2024111469093,2024,111469093,414113,531828,-1.78263,54.68131,3,3,4,14:51,-1,E06000047,3,0,1,0,2,19,5,1,0,"[0, 7]",0,1,0,0,0,0,0,7,17
2024111469425,2024,111469425,420083,535058,-1.68982,54.71014,2,"[3, 2]",5,15:30,-1,E06000047,3,0,1,0,2,19,7,3,0,1,0,0,0,1,0,0,1,7,18
2024111469917,2024,111469917,427954,552404,-1.566,54.86564,3,3,6,18:00,-1,E06000047,3,0,1,0,2,-1,3,1,0,0,0,1,0,0,0,0,0,7,19
2024111470237,2024,111470237,421023,529525,-1.67563,54.66038,2,2,7,18:30,-1,E06000047,6,0,1,0,1,19,1,5,0,0,0,0,0,0,1,0,1,7,20
2024111470315,2024,111470315,428008,534469,-1.56688,54.70447,2,2,5,07:20,-1,E06000047,3,0,1,0,2,"[9, 19]","[3, 1]","[1, 5]",0,"[1, 7]",0,1,0,0,0,0,0,7,11
2024111470757,2024,111470757,430320,544450,-1.52997,54.79403,3,3,3,16:30,-1,E06000047,3,0,1,0,2,"[19, 4]",7,3,0,0,0,1,0,0,0,0,0,7,16
2024111471034,2024,111471034,441898,538088,-1.35082,54.73603,3,3,1,20:36,-1,E06000047,4,0,1,0,2,"[9, 19]","[3, 8]","[8, 4]",0,0,0,1,0,0,0,0,0,6,9
2024111471050,2024,111471050,429899,515520,-1.53946,54.53408,2,2,3,13:30,-1,E06000005,6,0,2,1,1,1,1,5,0,0,0,1,0,0,0,0,1,7,9
2024111471057,2024,111471057,427691,542114,-1.57107,54.77319,2,"[2, 3]",4,15:40,-1,E06000047,6,0,2,1,1,"[19, 9, 3]","[8, 5]","[4, 3]",0,0,0,1,0,0,1,0,0,7,10
2024111471138,2024,111471138,440966,538641,-1.36522,54.74107,3,3,4,10:17,-1,E06000047,3,0,2,1,2,19,1,"[5, 4]",0,0,0,1,0,0,1,0,0,7,10
2024111471144,2024,111471144,426936,551479,-1.58194,54.85738,3,3,6,15:39,-1,E06000047,6,0,1,0,1,7,1,3,0,0,0,1,0,0,0,0,1,6,21
2024111471218,2024,111471218,429022,514919,-1.55307,54.52873,3,3,6,03:45,-1,E06000005,3,2,1,0,1,"[19, 5]","[5, 3]","[1, 7]",0,0,0,1,0,0,0,0,0,7,19
2024111471276,2024,111471276,439898,547660,-1.38057,54.8222,3,3,3,16:17,-1,E06000047,6,0,9,-1,2,"[15, 19]","[4, 7]","[7, 4]",0,0,0,1,0,0,1,0,0,7,9
2024111471321,2024,111471321,404407,524293,-1.93328,54.61378,2,2,3,15:50,-1,E06000047,4,0,1,0,2,19,6,2,12,0,0,0,0,1,0,0,0,7,23
2024111471593,2024,111471593,407750,548726,-1.88088,54.8333,3,3,2,12:00,-1,E06000047,6,0,1,0,2,19,"[6, 2]","[2, 6]","[10, 0]",0,0,1,0,0,1,0,0,7,22
2024111471686,2024,111471686,395828,526133,-2.06614,54.63031,2,2,4,11:02,-1,E06000047,6,0,1,0,2,19,7,3,0,0,0,1,0,1,0,0,0,7,24
2024111471865,2024,111471865,426545,524542,-1.59048,54.61534,2,2,4,23:12,-1,E06000047,6,2,1,0,1,19,1,5,0,0,0,0,0,1,0,0,0,7,24
2024111471910,2024,111471910,410343,551353,-1.84042,54.85687,2,2,3,17:20,-1,E06000047,6,0,1,0,1,"[9, 5]","[7, 4]","[5, 8]",0,0,0,1,1,0,0,0,0,7,23
2024111471950,2024,111471950,425313,533922,-1.60875,54.6997,3,3,3,18:05,-1,E06000047,6,0,1,0,2,"[19, 4]",4,8,0,0,0,1,0,0,0,0,0,7,23
2024111473665,2024,111473665,420832,529668,-1.67858,54.66167,2,"[3, 2]",5,17:55,-1,E06000047,6,0,1,0,1,"[19, 5]","[3, 5]","[7, 1]",0,"[0, 1]",0,1,0,0,0,0,0,7,25
2024111473676,2024,111473676,432622,513842,-1.49757,54.51883,3,3,3,17:30,-1,E06000005,3,0,1,0,2,"[4, 3]",7,3,0,0,0,1,0,1,0,0,0,7,23
2024111473740,2024,111473740,425741,533995,-1.6021,54.70033,3,3,7,17:10,-1,E06000047,6,0,1,0,1,"[19, 4]",2,6,0,0,0,1,0,0,0,0,0,7,27
2024111473979,2024,111473979,408999,533716,-1.86189,54.6984,3,3,3,14:08,-1,E06000047,6,0,1,0,2,"[7, 19]","[4, 8]","[8, 4]",0,0,0,1,0,0,0,0,0,7,30
2024111474968,2024,111474968,425635,533748,-1.60377,54.69812,2,2,5,19:00,-1,E06000047,6,0,1,0,1,"[5, 2]","[1, 0]","[5, 0]",0,0,0,1,0,0,0,0,1,8,1
2024111475977,2024,111475977,443113,547411,-1.33057,54.8197,3,3,7,12:39,-1,E06000047,3,0,1,0,2,19,2,6,0,0,0,1,0,0,0,0,0,7,27
2024111475993,2024,111475993,436525,539836,-1.43404,54.75215,3,3,5,14:38,-1,E06000047,6,0,1,0,2,19,"[2, 6]","[6, 2]",0,0,0,1,1,0,0,0,0,8,1
2024111476110,2024,111476110,428346,515465,-1.56347,54.53367,3,3,5,17:05,-1,E06000005,6,0,1,0,1,19,3,7,0,0,0,1,0,0,0,0,1,8,1
2024111476610,2024,111476610,411382,535804,-1.82484,54.71711,2,2,3,10:55,-1,E06000047,3,0,1,0,2,19,3,7,0,0,0,0,0,1,0,0,0,8,6
2024111476642,2024,111476642,443951,543387,-1.31814,54.78347,2,2,2,19:10,-1,E06000047,4,0,1,0,2,19,8,5,10,1,11,0,0,1,0,0,0,8,5
2024111476784,2024,111476784,427965,526170,-1.56834,54.62989,2,2,1,16:55,-1,E06000047,6,0,1,0,2,19,"[2, 8]","[6, 4]",0,0,0,1,1,0,0,0,0,8,4
2024111476887,2024,111476887,423603,554188,-1.63364,54.88189,2,2,3,19:30,-1,E06000047,6,0,1,0,2,19,"[5, 7]","[7, 5]",0,0,0,1,1,0,0,0,0,8,6
2024111477662,2024,111477662,426942,525601,-1.58424,54.62484,3,3,5,12:10,-1,E06000047,6,0,1,0,1,19,"[5, 3]","[1, 7]",0,0,0,1,1,0,0,0,0,8,8
2024111477835,2024,111477835,428118,552257,-1.56346,54.86431,2,2,6,10:50,-1,E06000047,2,0,1,0,2,3,5,1,0,0,0,1,0,0,0,0,0,8,9
2024111477839,2024,111477839,425955,524978,-1.59958,54.61929,2,2,6,11:50,-1,E06000047,6,0,1,0,2,"[2, 19]","[1, 5]",1,0,0,0,1,0,0,0,0,0,8,9
2024111478009,2024,111478009,432370,513888,-1.50146,54.51926,2,2,6,23:35,-1,E06000005,6,2,1,0,1,"[19, 9]","[3, 7]","[7, 3]",0,0,0,1,0,1,0,0,0,8,9
2024111478235,2024,111478235,430830,549647,-1.52148,54.8407,2,"[2, 3]",3,12:15,-1,E06000047,6,0,1,0,2,19,1,5,0,1,0,1,0,0,0,0,0,8,6
2024111478653,2024,111478653,424437,530024,-1.62267,54.66471,2,2,2,08:48,-1,E06000047,6,0,1,0,2,9,7,5,0,0,0,1,0,0,0,0,1,7,8
2024111478989,2024,111478989,418732,535275,-1.71077,54.71214,1,1,3,00:43,-1,E06000047,3,2,1,0,2,19,7,3,0,0,0,0,0,1,0,0,0,8,13
2024111479068,2024,111479068,419646,535283,-1.69659,54.71218,3,3,7,10:00,-1,E06000047,3,0,1,0,2,"[19, 4]",4,8,0,0,0,1,0,0,1,0,0,8,10
2024111479159,2024,111479159,419070,526150,-1.70612,54.63013,3,3,4,16:00,-1,E06000047,3,0,1,0,2,"[3, 19]",6,2,0,0,0,1,0,0,0,0,0,7,31
2024111479215,2024,111479215,437733,539158,-1.41537,54.74597,3,3,1,14:00,-1,E06000047,4,0,1,0,2,19,2,6,0,0,0,1,0,0,0,0,1,8,11
2024111479875,2024,111479875,429386,542491,-1.54469,54.77648,2,2,4,16:54,-1,E06000047,3,0,1,0,1,19,3,7,0,0,0,1,0,0,0,0,1,8,14
2024111479965,2024,111479965,416151,551535,-1.74994,54.85835,2,2,3,18:25,-1,E06000047,6,0,1,0,1,19,7,3,0,0,0,1,0,0,0,0,1,4,23
2024111480144,2024,111480144,434478,533816,-1.46656,54.6982,3,3,5,10:00,-1,E06000047,6,0,1,0,2,"[7, 19]","[7, 2]","[2, 6]",0,0,0,1,0,0,0,0,0,8,15
2024111480150,2024,111480150,408963,513068,-1.86307,54.51284,2,2,1,17:30,-1,E06000047,3,0,1,0,2,19,8,4,0,0,0,0,0,1,0,0,0,8,11
2024111480202,2024,111480202,439688,540751,-1.38478,54.76014,2,"[2, 3]",4,22:30,-1,E06000047,6,2,1,0,1,"[2, 19]","[0, 4, 7]","[0, 8, 3]",0,"[0, 3]",0,1,0,0,0,0,0,8,14
2024111480315,2024,111480315,442121,541541,-1.34686,54.76704,3,3,5,17:56,-1,E06000047,6,0,1,0,1,19,7,3,0,"[0, 7]",0,1,0,0,0,0,0,8,15
2024111480384,2024,111480384,401471,537584,-1.97868,54.73323,3,3,6,07:37,-1,E06000047,3,0,1,0,2,"[9, 19]",8,"[2, 6]",0,"[0, 1]",0,1,0,0,0,0,0,8,16
2024111481019,2024,111481019,420727,530021,-1.68018,54.66485,3,3,7,09:32,-1,E06000047,3,0,1,0,1,19,"[5, 7]","[1, 3]",0,0,0,1,0,0,0,1,0,8,17
2024111481040,2024,111481040,426343,526728,-1.59341,54.63499,3,3,7,15:51,-1,E06000047,6,0,1,0,2,19,"[8, 4]","[4, 8]",0,0,0,1,0,0,0,0,0,8,17
2024111481184,2024,111481184,430291,513349,-1.53363,54.51454,2,2,1,18:52,-1,E06000005,6,0,1,0,1,"[19, 15]","[3, 7]","[7, 3]",0,0,0,1,0,1,0,0,0,8,18
2024111481220,2024,111481220,417389,550290,-1.73073,54.84712,3,3,1,16:40,-1,E06000047,3,0,1,0,2,19,5,1,0,0,0,1,0,0,0,1,0,8,11
2024111481223,2024,111481223,423835,548706,-1.63047,54.83262,3,3,4,12:00,-1,E06000047,4,0,1,0,2,"[9, 19]",5,1,0,0,0,1,0,0,0,0,0,8,14
2024111481384,2024,111481384,426723,533983,-1.58686,54.70017,3,3,5,08:50,-1,E06000047,4,0,2,1,1,5,1,6,0,0,0,1,0,0,0,0,0,8,15
2024111481487,2024,111481487,431996,516447,-1.50696,54.54228,3,3,2,14:20,-1,E06000005,3,0,1,0,1,"[19, 9]","[3, 1]","[7, 6]",0,0,0,1,0,0,0,0,0,8,19
2024111481510,2024,111481510,445774,539475,-1.29041,54.74815,2,2,2,16:18,-1,E06000047,3,0,1,0,1,5,2,4,0,0,0,1,0,0,0,0,1,8,19
2024111481650,2024,111481650,430527,544373,-1.52675,54.79332,3,3,6,17:45,-1,E06000047,3,0,1,0,2,"[3, -1]","[2, -1]","[7, -1]","[0, -1]","[0, -1]",0,1,0,0,0,1,0,8,16
2024111482030,2024,111482030,422736,526533,-1.64931,54.63342,3,3,2,20:00,-1,E06000047,6,0,1,0,2,19,"[5, 7]","[1, 3]",0,0,0,1,0,1,0,0,0,8,19
2024111482036,2024,111482036,439218,547343,-1.39119,54.81941,2,2,3,04:19,-1,E06000047,6,2,1,0,2,"[19, 2]","[7, 0]","[3, 0]",0,0,0,1,1,0,0,0,0,8,20
2024111482644,2024,111482644,428535,521042,-1.56001,54.58378,3,3,4,17:36,-1,E06000047,2,0,1,0,2,"[5, 3]",2,4,0,0,0,1,0,0,0,0,0,8,21
2024111483578,2024,111483578,439319,550035,-1.38926,54.84359,2,2,7,22:00,-1,E06000047,4,2,1,0,2,19,7,3,10,1,4,1,0,0,0,0,0,8,24
2024111483792,2024,111483792,427484,546994,-1.57383,54.81705,2,"[2, 3]",1,19:20,-1,E06000047,6,2,2,1,2,"[19, 13]","[1, 5]","[5, 1]",0,0,0,1,0,0,0,0,0,8,25
2024111484126,2024,111484126,423745,548995,-1.63185,54.83522,2,"[2, 3]",2,18:55,-1,E06000047,4,0,1,0,2,"[19, 9]","[5, 1, 3]","[1, 5, 7]",0,0,0,1,0,0,0,0,0,8,12
2024111484200,2024,111484200,431193,514476,-1.51958,54.52462,3,3,1,13:40,-1,E06000005,6,0,1,0,1,"[19, 3]",4,6,0,0,0,0,1,0,0,1,0,7,28
2024111484701,2024,111484701,445114,539044,-1.30073,54.74434,1,1,4,11:35,-1,E06000047,4,0,1,1,2,19,7,3,0,1,4,1,0,0,0,0,0,8,28
2024111484941,2024,111484941,428886,514851,-1.55518,54.52812,2,2,7,17:02,-1,E06000005,3,0,1,0,1,19,6,2,0,0,0,0,0,1,0,0,0,8,24
2024111484964,2024,111484964,429249,513221,-1.54973,54.51345,3,3,3,20:00,-1,E06000005,6,0,1,0,1,"[8, 19]","[3, 7]","[5, 3]",0,0,0,1,0,1,0,0,0,8,20
2024111484985,2024,111484985,419517,527971,-1.69908,54.64647,3,3,4,14:21,-1,E06000047,6,0,1,0,1,19,8,4,0,0,0,1,0,0,0,0,1,8,28
2024111485214,2024,111485214,435112,539295,-1.45606,54.74739,2,2,5,18:15,-1,E06000047,3,0,1,0,2,"[9, 19]","[5, 4]","[4, 8]",0,"[0, 1]",0,1,0,1,0,0,0,8,29
2024111485448,2024,111485448,410353,540256,-1.84065,54.75714,1,1,6,12:35,-1,E06000047,3,0,1,0,2,"[9, 19]","[4, 8]","[1, 4, 8]",0,0,0,1,0,1,0,0,0,8,30
2024111485735,2024,111485735,429080,516003,-1.55207,54.53846,3,3,7,10:00,-1,E06000005,3,0,1,0,1,"[13, 9, 15]",5,"[1, 3]",0,"[0, 7]",0,1,0,1,0,0,0,8,31
2024111486066,2024,111486066,422520,529580,-1.65242,54.66081,2,2,1,12:55,-1,E06000047,6,0,1,1,1,19,2,6,0,1,2,0,0,1,0,0,0,9,1
2024111486103,2024,111486103,392492,538003,-2.11813,54.73694,3,3,1,18:45,-1,E06000047,3,0,2,1,2,19,7,3,0,0,0,0,0,1,0,0,0,9,1
2024111486340,2024,111486340,430942,538703,-1.5209,54.74235,3,3,6,14:01,-1,E06000047,6,0,1,0,2,"[19, 9]","[7, 3]","[3, 5]",0,0,0,1,0,0,0,0,0,8,30
2024111486599,2024,111486599,423565,539650,-1.63541,54.75125,3,3,2,14:45,-1,E06000047,6,0,1,0,2,19,4,8,0,0,0,1,0,0,0,0,1,9,2
2024111486619,2024,111486619,409821,554491,-1.84844,54.88507,2,"[2, 3]",5,22:10,-1,E06000047,3,2,1,0,2,19,1,5,0,0,0,0,0,0,1,0,0,8,29
2024111486836,2024,111486836,416342,556755,-1.74667,54.90525,3,3,6,16:31,-1,E06000047,4,0,1,0,2,19,6,2,0,0,0,1,0,0,0,0,1,8,30
2024111486946,2024,111486946,425843,541430,-1.59986,54.76714,2,2,5,12:29,-1,E06000047,3,0,1,0,2,19,8,3,10,3,0,1,0,0,0,0,0,8,29
2024111486976,2024,111486976,431969,542292,-1.50456,54.77453,3,3,2,20:19,-1,E06000047,6,0,1,0,2,5,"[5, 7]","[1, 3]",0,0,0,1,0,1,0,0,0,9,2
2024111487043,2024,111487043,409739,553144,-1.84976,54.87297,2,2,7,14:50,-1,E06000047,4,0,1,0,1,"[19, 3]","[8, 4]","[4, 2]",0,0,0,1,0,0,0,1,0,8,31
2024111487113,2024,111487113,427019,533930,-1.58228,54.69968,3,3,6,16:00,-1,E06000047,6,0,1,0,1,1,6,2,0,0,0,1,0,0,0,0,1,8,30
2024111487215,2024,111487215,441885,551003,-1.34916,54.85208,3,3,2,07:25,-1,E06000047,4,0,1,1,2,19,"[5, 1]","[1, 5]",0,"[1, 0]",0,1,0,0,0,0,0,9,2
2024111487234,2024,111487234,409842,548225,-1.84832,54.82877,3,3,4,12:40,-1,E06000047,6,0,1,1,2,19,"[5, 2]","[2, 5]",0,0,0,1,1,0,0,0,0,8,28
2024111487238,2024,111487238,409045,538153,-1.86104,54.73827,3,3,6,15:53,-1,E06000047,4,0,1,0,2,"[4, 8]",4,7,0,0,0,1,0,0,0,0,0,7,12
2024111487347,2024,111487347,431494,528709,-1.5134,54.6525,2,2,3,19:40,-1,E06000047,3,0,1,0,2,"[9, 11]","[8, 4]","[1, 8]",0,"[0, 1]",0,1,0,0,0,0,0,9,3
2024111487567,2024,111487567,426384,544263,-1.5912,54.79257,3,3,3,16:20,-1,E06000047,6,0,1,0,1,19,2,6,0,0,0,1,0,0,0,0,1,9,3
2024111487835,2024,111487835,413725,527484,-1.78885,54.64229,3,3,5,23:50,-1,E06000047,6,2,7,1,2,19,1,3,0,7,0,1,0,0,0,0,0,9,5
2024111487892,2024,111487892,427438,541465,-1.57507,54.76737,3,3,4,09:10,-1,E06000047,3,0,1,0,1,"[3, 9]","[2, 3]","[6, 2]",0,0,0,1,0,0,0,0,0,9,4
2024111487898,2024,111487898,430405,541005,-1.529,54.76306,3,3,6,11:00,-1,E06000047,2,0,1,0,2,-1,8,4,0,0,0,1,0,0,0,0,0,8,30
2024111487959,2024,111487959,429057,515243,-1.5525,54.53164,3,3,4,09:00,-1,E06000005,3,0,1,0,1,19,5,1,0,0,0,1,0,0,0,1,0,9,4
2024111488350,2024,111488350,429720,542385,-1.53951,54.77551,3,3,6,16:30,-1,E06000047,6,0,1,0,1,19,"[7, 5]","[3, 1]",0,0,0,1,0,0,0,0,0,9,6
2024111488511,2024,111488511,426797,528917,-1.58618,54.65464,2,2,3,16:40,-1,E06000047,3,0,1,0,2,"[19, 9]",7,"[3, 5]",0,0,0,1,1,0,0,0,0,9,3
2024111488930,2024,111488930,424631,539649,-1.61885,54.75119,3,3,2,07:50,-1,E06000047,3,0,1,1,2,19,2,6,0,0,0,1,0,0,0,0,1,9,9
2024111488979,2024,111488979,418782,531632,-1.71023,54.6794,1,1,2,08:01,-1,E06000047,4,0,1,1,2,19,8,4,0,1,0,1,0,0,0,0,0,9,9
2024111489052,2024,111489052,439436,540220,-1.38877,54.75538,3,3,3,20:20,-1,E06000047,6,2,1,0,1,19,6,2,0,0,0,1,0,0,0,0,0,9,3
2024111489445,2024,111489445,429567,514321,-1.54471,54.52332,3,3,7,15:06,-1,E06000005,4,0,1,1,1,"[19, 3]",3,7,0,0,0,1,0,0,0,0,0,9,7
2024111489841,2024,111489841,417296,551265,-1.73212,54.85588,3,3,7,14:07,-1,E06000047,4,0,1,0,1,"[9, 19]","[8, 2]","[5, 8]",0,0,0,1,1,0,0,0,0,9,7
2024111489880,2024,111489880,430180,542005,-1.5324,54.77206,3,3,1,14:30,-1,E06000047,2,0,2,1,2,"[19, 4]",1,5,0,0,0,1,0,0,0,0,0,9,8
2024111489912,2024,111489912,429879,514105,-1.53991,54.52136,3,3,5,18:05,-1,E06000005,6,0,9,0,1,19,"[7, 1]","[3, 5]",0,0,0,1,0,0,0,0,0,9,5
2024111490051,2024,111490051,430791,537637,-1.52336,54.73278,3,3,3,09:45,-1,E06000047,3,0,1,0,2,9,"[2, 4]","[8, 2]",0,0,0,1,0,0,0,0,0,9,10
2024111490637,2024,111490637,429112,515849,-1.55159,54.53708,3,3,4,11:00,-1,E06000005,6,0,1,0,1,"[7, 19]","[1, 3]","[5, 7]",0,0,0,1,1,0,0,0,0,9,11
2024111491128,2024,111491128,430669,549122,-1.52404,54.83599,3,3,6,14:14,-1,E06000047,2,0,1,0,2,19,1,5,0,0,0,1,0,0,1,0,0,9,13
2024111491407,2024,111491407,430955,542379,-1.52031,54.77538,2,"[3, 2]",7,09:40,-1,E06000047,4,0,1,0,2,"[13, 19]","[3, 7]","[7, 3]",0,0,0,1,0,0,0,0,0,9,14
2024111491568,2024,111491568,418541,536463,-1.71366,54.72282,2,"[3, 2]",7,17:36,-1,E06000047,4,0,1,0,2,19,8,4,0,7,11,1,0,0,0,0,0,9,14
2024111491674,2024,111491674,422552,517617,-1.65284,54.5533,3,3,1,14:30,-1,E06000005,4,0,1,0,2,"[19, 7]","[3, 5]","[7, 1]",0,0,0,1,0,0,0,0,0,9,15
2024111491824,2024,111491824,431720,546494,-1.50797,54.81231,3,3,4,14:40,-1,E06000047,6,0,1,0,2,"[19, 2]","[6, 0]","[2, 0]",0,0,0,1,0,0,0,0,0,9,11
2024111492274,2024,111492274,430918,515372,-1.52373,54.53269,3,3,6,03:30,-1,E06000005,6,0,1,0,1,"[7, 19]","[5, 7]","[7, 1]",0,0,0,1,1,0,0,0,0,9,13
2024111492387,2024,111492387,411539,550019,-1.82184,54.84485,3,3,4,17:22,-1,E06000047,6,0,1,0,1,"[5, 3]",4,8,0,0,0,1,0,0,0,0,0,9,4
2024111492437,2024,111492437,418708,553928,-1.70995,54.87976,3,3,4,18:12,-1,E06000047,4,0,1,0,1,19,4,8,0,0,0,1,0,0,0,0,0,9,4
2024111492504,2024,111492504,416701,547415,-1.7416,54.82131,3,3,7,15:30,-1,E06000047,4,0,1,0,2,"[5, 19]","[6, 4]","[4, 1]",0,0,0,1,0,0,0,0,0,9,7
2024111492764,2024,111492764,409671,551808,-1.85087,54.86097,3,3,2,08:15,-1,E06000047,3,0,1,0,1,"[2, 19]","[7, 3]","[3, 7]",0,0,0,1,0,0,0,0,1,9,16