collision_index,collision_year,collision_ref_no,location_easting_osgr,location_northing_osgr,longitude,latitude,casualty_severity,casualty_severity,day_of_week,time,local_authority_district,local_authority_ons_district,first_road_class,light_conditions,weather_conditions,road_surface_conditions,urban_or_rural_area,vehicle_manoeuvre,vehicle_direction_from,vehicle_direction_to,hit_object_in_carriageway,vehicle_leaving_carriageway,hit_object_off_carriageway,is_car,is_cyle,is_mcyle,is_goodsv,is_other,is_pedestrian,month,day
2024122400263,2024,122400263,422172,496295,-1.6603,54.3617,3,3,1,19:36,-1,E06000065,6,2,2,1,2,19,7,3,0,1,11,1,0,0,0,0,0,2,11
2024122400265,2024,122400265,465505,477423,-0.99765,54.1884,3,3,7,23:25,-1,E06000065,6,2,1,0,2,19,"[5, 1]","[1, 5]",0,"[7, 0]","[9, 0]",1,0,0,0,0,0,2,24
2024122400267,2024,122400267,429859,455206,-1.54607,53.99204,3,3,5,14:00,-1,E06000065,6,0,3,2,1,19,1,6,0,0,0,1,0,0,0,0,1,2,8
2024122400268,2024,122400268,380970,485951,-2.29369,54.26886,3,3,1,11:19,-1,E06000065,4,0,1,1,2,13,7,3,11,1,0,1,0,0,0,0,0,2,11
2024122400270,2024,122400270,498949,484875,-0.48285,54.25,3,3,6,00:01,-1,E06000065,3,0,1,0,2,19,3,7,0,1,10,1,0,0,0,0,0,2,23
2024122400271,2024,122400271,458727,453996,-1.10604,53.9787,3,3,3,08:25,-1,E06000014,6,0,1,0,1,"[9, 19]","[2, 6]","[7, 2]",0,0,0,1,1,0,0,0,0,2,6
2024122400272,2024,122400272,460299,459567,-1.08098,54.02858,3,3,3,00:01,-1,E06000014,6,0,1,0,2,19,5,3,0,1,10,1,0,0,0,0,0,2,27
2024122400274,2024,122400274,460731,451953,-1.0759,53.96011,3,3,3,15:42,-1,E06000014,6,0,1,0,1,"[9, 19]","[2, 6]","[7, 2]",0,0,0,1,1,0,0,0,0,1,30
2024122400275,2024,122400275,437269,473330,-1.43083,54.15444,3,3,7,11:40,-1,E06000065,3,0,1,0,2,19,7,3,0,1,7,1,0,0,0,0,0,2,17
2024122400276,2024,122400276,472466,465609,-0.89383,54.08131,3,3,7,11:00,-1,E06000065,6,0,1,0,2,7,4,6,0,0,0,1,0,0,0,0,0,2,17
2024122400277,2024,122400277,462673,451600,-1.04638,53.9567,3,3,5,15:32,-1,E06000014,6,0,1,0,1,19,6,2,0,0,0,1,0,0,0,0,1,2,15
2024122400278,2024,122400278,437889,469221,-1.42185,54.11747,2,"[2, 3]",2,11:45,-1,E06000065,4,0,1,0,2,"[13, 9]",8,"[4, 6]",0,"[7, 1]",10,1,0,0,0,0,0,2,26
2024122400279,2024,122400279,453268,430104,-1.19341,53.76457,3,3,1,12:05,-1,E06000065,3,0,1,1,2,"[19, 4]",3,7,0,0,0,0,0,1,0,0,0,2,25
2024122400280,2024,122400280,424146,472443,-1.63184,54.14725,3,3,6,08:20,-1,E06000065,6,0,1,1,2,19,5,1,0,7,11,1,0,0,0,0,0,3,1
2024122400281,2024,122400281,479822,483136,-0.77678,54.23771,3,3,4,14:50,-1,E06000065,3,0,1,0,2,19,5,1,0,0,0,0,0,1,0,0,0,2,28
2024122400282,2024,122400282,434942,456135,-1.46844,54.00007,2,"[2, 3]",7,00:01,-1,E06000065,4,2,1,1,1,19,"[8, 4]","[4, 8]",10,"[7, 0]",0,1,0,0,0,0,0,2,10
2024122400283,2024,122400283,461561,455638,-1.06251,53.99312,3,3,4,15:35,-1,E06000014,6,0,1,0,1,19,"[2, 6]","[6, 2]",0,0,0,1,0,0,0,0,0,2,28
2024122400284,2024,122400284,460035,452314,-1.08643,53.96343,3,3,1,12:10,-1,E06000014,3,0,1,0,1,"[5, 19]",4,8,0,0,0,1,1,0,0,0,0,3,3
2024122400285,2024,122400285,505344,485234,-0.38461,54.25195,3,3,6,23:30,-1,E06000065,3,2,1,1,2,"[13, 19]",1,5,"[7, 0]","[7, 0]","[1, 0]",1,0,0,0,0,0,2,9
2024122400286,2024,122400286,463433,426982,-1.03987,53.73538,2,2,4,10:20,-1,E06000065,3,0,1,0,2,19,5,1,0,7,4,1,0,0,0,0,0,2,14
2024122400287,2024,122400287,460992,432193,-1.07584,53.7825,3,3,2,20:24,-1,E06000065,3,2,2,1,1,"[2, 19]","[0, 6]","[0, 2]","[0, 4]",0,0,1,0,0,0,0,0,1,29
2024122400288,2024,122400288,444966,440907,-1.31777,53.86244,3,3,2,09:00,-1,E06000065,3,0,7,0,2,19,3,7,0,1,9,1,0,0,0,0,0,3,4
2024122400289,2024,122400289,450864,433678,-1.22929,53.79693,2,2,1,14:36,-1,E06000065,4,0,1,0,2,19,3,7,0,0,0,1,0,0,0,0,1,3,3
2024122400290,2024,122400290,436535,493301,-1.43965,54.33397,3,3,5,17:00,-1,E06000065,6,0,1,0,2,"[7, 19]","[7, 2]","[3, 6]",0,0,0,1,0,1,0,0,0,3,7
2024122400291,2024,122400291,424372,445843,-1.6305,53.90818,3,3,4,16:45,-1,E06000065,3,0,1,1,2,"[7, 19]","[7, 5]",2,0,0,0,1,0,0,0,1,0,2,28
2024122400292,2024,122400292,437791,461715,-1.42429,54.05002,2,2,3,19:50,-1,E06000065,3,2,1,1,2,19,"[6, 4]","[2, 8]",0,"[1, 3]","[1, 0]",1,0,0,0,0,0,3,5
2024122400293,2024,122400293,462333,452000,-1.05148,53.96034,3,3,3,12:18,-1,E06000014,6,0,1,0,1,19,"[2, 8]","[7, 4]",0,0,0,1,0,0,0,0,0,1,30
2024122400296,2024,122400296,434931,457635,-1.46844,54.01355,3,3,3,12:35,-1,E06000065,6,0,1,0,1,"[9, 19]","[5, 2]","[2, 6]",0,"[1, 0]","[2, 0]",1,0,0,0,0,0,3,5
2024122400297,2024,122400297,436860,494086,-1.43455,54.341,3,3,7,00:01,-1,E06000065,3,0,1,1,1,"[19, 7]","[5, 1]","[1, 7]",0,0,0,1,1,0,0,0,0,2,10
2024122400298,2024,122400298,475389,512856,-0.83726,54.50542,2,2,6,01:15,-1,E06000065,3,2,9,-1,2,9,7,3,0,0,0,0,0,1,0,0,0,1,26
2024122400299,2024,122400299,428561,456812,-1.56572,54.00655,3,3,2,18:35,-1,E06000065,3,2,1,0,2,19,3,7,0,0,0,1,0,0,0,0,1,1,15
2024122400300,2024,122400300,399664,448220,-2.0066,53.93011,2,2,4,07:05,-1,E06000065,3,0,1,0,2,19,5,1,0,0,0,1,0,0,0,0,0,3,6
2024122400301,2024,122400301,461833,430147,-1.06349,53.76401,2,"[2, 3]",5,16:48,-1,E06000065,3,0,2,1,2,"[19, 9]","[5, 1]","[1, 7]",0,0,0,1,0,0,0,0,0,2,8
2024122400302,2024,122400302,419565,497907,-1.70031,54.37629,2,2,3,18:10,-1,E06000065,3,2,1,0,2,9,6,5,0,0,0,1,0,0,0,0,1,2,6
2024122400303,2024,122400303,460883,451521,-1.07367,53.95621,2,2,7,07:00,-1,E06000014,6,0,1,0,1,"[9, 19]","[6, 4]","[4, 8]",0,0,0,1,1,0,0,0,0,2,17
2024122400304,2024,122400304,424225,474673,-1.63045,54.16729,3,3,3,23:20,-1,E06000065,6,2,1,1,2,19,1,5,0,1,4,1,0,0,0,0,0,2,20
2024122400305,2024,122400305,478105,511375,-0.79572,54.49171,2,"[2, 3]",4,05:25,-1,E06000065,3,2,1,1,2,"[19, 15]","[8, 4]","[4, 8]",0,"[0, 7]",0,1,0,0,0,0,0,2,28
2024122400306,2024,122400306,483327,482173,-0.72329,54.2285,3,3,6,08:30,-1,E06000065,6,0,9,0,2,19,5,1,0,0,0,1,0,0,0,0,1,1,19
2024122400307,2024,122400307,458487,455424,-1.10943,53.99156,3,3,7,15:02,-1,E06000014,6,0,1,0,1,"[5, 3]",5,1,0,0,0,1,0,0,0,0,0,3,9
2024122400308,2024,122400308,473742,467684,-0.87383,54.09978,2,2,6,11:50,-1,E06000065,3,0,1,0,2,19,7,3,0,0,0,1,0,0,1,0,0,2,23
2024122400309,2024,122400309,428043,449275,-1.57431,53.93884,3,3,7,13:27,-1,E06000065,3,0,2,1,2,19,"[8, 2]","[4, 6]",0,0,0,1,0,0,0,0,0,3,2
2024122400310,2024,122400310,460247,452491,-1.08317,53.965,3,3,6,11:28,-1,E06000014,6,0,2,1,1,5,6,1,0,0,0,1,0,0,0,0,1,3,1
2024122400311,2024,122400311,482730,472569,-0.73508,54.1423,3,3,3,12:40,-1,E06000065,3,0,1,0,2,"[7, 19]",7,2,0,"[1, 0]","[11, 0]",1,0,0,0,1,0,3,12
2024122400312,2024,122400312,461183,455075,-1.06838,53.98811,3,3,4,18:20,-1,E06000014,5,2,1,0,1,9,5,3,0,0,0,1,0,0,0,0,1,1,31
2024122400313,2024,122400313,466656,434827,-0.98933,53.80548,3,3,7,00:01,-1,E06000065,6,0,1,0,2,19,"[1, 5]","[5, 1]",0,"[1, 0]","[9, 0]",1,0,1,0,0,0,2,3
2024122400314,2024,122400314,503619,488944,-0.40979,54.28563,3,3,7,07:30,-1,E06000065,3,0,1,0,1,5,1,3,0,0,0,1,1,0,0,0,0,3,9
2024122400315,2024,122400315,461161,448484,-1.07004,53.92888,3,3,4,13:06,-1,E06000014,3,0,2,2,2,"[3, 4]",4,8,0,"[1, 0]",0,1,0,0,0,0,0,2,14
2024122400316,2024,122400316,439240,465453,-1.40168,54.0835,3,3,7,13:47,-1,E06000065,5,0,1,1,2,"[19, 10]",1,5,0,0,0,1,0,0,0,0,0,3,2
2024122400317,2024,122400317,436873,494106,-1.43435,54.34118,3,3,6,13:55,-1,E06000065,3,0,1,0,1,19,5,3,0,0,0,1,0,0,0,0,1,3,15
2024122400319,2024,122400319,503341,487957,-0.4144,54.27682,3,3,6,00:01,-1,E06000065,3,0,1,0,1,7,7,3,0,0,0,1,0,0,0,0,0,2,16
2024122400320,2024,122400320,436787,456236,-1.44028,54.00085,3,3,7,12:15,-1,E06000065,3,0,1,1,2,"[2, 19]","[0, 5]","[0, 1]",0,0,0,1,0,0,1,0,0,3,2
2024122400321,2024,122400321,460869,449874,-1.07421,53.94141,3,3,6,08:09,-1,E06000014,6,0,1,0,1,"[4, 19]","[3, 5]","[7, 1]",0,0,0,1,1,0,0,0,0,2,16
2024122400322,2024,122400322,458654,454077,-1.10714,53.97943,2,"[3, 2]",4,14:35,-1,E06000014,6,0,1,0,1,19,7,3,0,0,0,0,1,0,0,0,1,3,6
2024122400323,2024,122400323,449658,433762,-1.24758,53.7978,3,3,4,00:01,-1,E06000065,4,2,1,0,2,19,5,1,0,0,0,0,1,0,0,0,0,2,14
2024122400324,2024,122400324,430176,450313,-1.54172,53.94805,3,3,2,14:28,-1,E06000065,3,0,1,0,2,"[9, 19]","[4, 6]",2,0,0,0,1,0,1,0,0,0,2,5
2024122400325,2024,122400325,433697,456721,-1.48737,54.00542,3,3,1,19:00,-1,E06000065,3,2,1,0,1,19,7,3,0,0,0,1,0,0,0,0,1,2,4
2024122400327,2024,122400327,428831,456883,-1.56159,54.00717,3,3,4,14:20,-1,E06000065,3,0,1,0,2,19,3,7,0,0,0,1,0,1,0,0,0,3,13
2024122400328,2024,122400328,461005,449290,-1.07225,53.93614,3,3,6,13:34,-1,E06000014,3,0,1,0,1,"[3, 19]",4,8,0,0,0,1,0,1,0,0,0,2,23
2024122400329,2024,122400329,460817,452489,-1.07448,53.96491,2,2,4,20:40,-1,E06000014,3,2,1,1,1,19,6,2,0,0,0,0,1,0,0,0,0,3,13
2024122400330,2024,122400330,411126,490507,-1.8305,54.31004,3,3,6,14:30,-1,E06000065,6,0,1,0,2,5,1,5,4,0,0,1,0,0,0,0,1,2,16
2024122400331,2024,122400331,462440,451850,-1.04988,53.95898,3,3,6,09:40,-1,E06000014,6,0,1,0,1,19,8,4,0,0,0,1,0,0,0,0,1,1,19
2024122400332,2024,122400332,459725,443613,-1.09285,53.88527,3,3,3,09:40,-1,E06000014,4,0,1,1,2,19,3,1,0,2,4,1,0,0,0,0,0,2,27
2024122400333,2024,122400333,458745,508247,-1.09517,54.46621,2,"[2, 3]",6,17:10,-1,E06000065,6,0,2,1,2,19,"[1, 5]","[5, 1]",0,"[1, 0]",0,1,0,0,0,0,0,3,15
2024122400334,2024,122400334,426903,501641,-1.58702,54.40952,2,2,6,09:35,-1,E06000065,4,0,1,0,2,13,7,3,0,7,4,1,0,0,0,0,0,2,16
2024122400335,2024,122400335,433566,454290,-1.48963,53.98358,3,3,4,18:07,-1,E06000065,3,2,1,1,2,"[4, 19]",4,8,0,0,0,1,0,0,0,0,0,2,28
2024122400336,2024,122400336,419142,497803,-1.70683,54.37538,3,3,5,00:01,-1,E06000065,6,0,1,0,1,7,5,7,0,0,0,0,0,0,0,1,1,2,1
2024122400337,2024,122400337,461244,437858,-1.07089,53.83338,3,3,2,10:50,-1,E06000065,6,0,1,0,2,19,8,4,0,7,8,1,0,0,0,0,0,3,11
2024122400338,2024,122400338,445860,441816,-1.30404,53.87053,3,3,1,19:50,-1,E06000065,3,2,1,0,2,19,6,2,0,1,10,1,0,0,0,0,0,2,4
2024122400339,2024,122400339,430656,471257,-1.5323,54.13625,3,3,3,12:05,-1,E06000065,6,0,1,0,1,"[2, 14]","[0, 7]","[0, 3]",0,0,0,1,1,0,0,0,0,2,6
2024122400340,2024,122400340,461625,458421,-1.06097,54.01813,3,3,5,10:55,-1,E06000014,6,0,8,1,1,19,1,5,0,2,4,1,0,0,0,0,0,2,15
2024122400341,2024,122400341,436999,494909,-1.43231,54.34839,3,3,1,12:15,-1,E06000065,6,0,1,0,1,19,6,5,0,0,0,1,1,0,0,0,0,2,18
2024122400342,2024,122400342,501899,486665,-0.43698,54.2655,2,2,7,00:01,-1,E06000065,3,0,4,0,2,"[4, 19]",7,3,0,0,0,1,0,1,0,0,0,3,23
2024122400343,2024,122400343,458469,452486,-1.11027,53.96516,3,3,7,20:14,-1,E06000014,3,2,1,0,1,"[19, 1]","[6, 1]","[2, 5]",0,0,0,0,1,0,1,0,0,2,24
2024122400344,2024,122400344,462810,442471,-1.04616,53.87465,3,3,2,09:45,-1,E06000065,3,0,1,0,2,19,5,1,0,0,0,1,0,0,0,0,0,2,26
2024122400345,2024,122400345,418038,450047,-1.72667,53.94622,3,3,3,15:57,-1,E06000065,6,0,1,0,2,19,8,4,0,0,0,1,0,1,0,0,0,2,6
2024122400347,2024,122400347,395319,451394,-2.07283,53.95861,2,"[3, 2]",2,11:44,-1,E06000065,3,0,2,1,2,"[2, 19]","[0, 3]","[0, 7]",0,0,0,1,0,0,1,0,0,3,25
2024122400349,2024,122400349,454259,446828,-1.17543,53.91477,2,"[3, 2]",1,15:12,-1,E06000014,3,0,1,0,2,19,3,7,0,"[0, 4]","[0, 10]",1,0,1,0,0,0,3,24
2024122400350,2024,122400350,429455,508175,-1.54705,54.4681,2,"[3, 2]",1,22:00,-1,E06000065,3,2,1,0,2,"[19, 4]",4,8,0,"[7, 1]",0,1,0,0,0,0,0,3,24
2024122400352,2024,122400352,462470,451791,-1.04943,53.95844,3,3,4,17:11,-1,E06000014,6,2,1,0,1,19,1,5,0,0,0,1,1,0,0,0,0,2,7
2024122400353,2024,122400353,448354,442388,-1.26602,53.87545,3,3,6,08:07,-1,E06000065,3,0,1,0,2,"[19, 9]","[1, 3]",5,0,0,0,1,0,0,0,0,0,2,16
2024122400354,2024,122400354,458873,453676,-1.10388,53.9758,3,3,6,19:15,-1,E06000014,6,2,1,0,1,"[10, 19]","[4, 8]","[2, 4]",0,0,0,1,1,0,0,0,0,2,2
2024122400355,2024,122400355,440667,458112,-1.38084,54.01742,3,3,6,11:36,-1,E06000065,2,0,1,1,2,"[19, 12]",1,5,0,0,0,1,0,0,0,0,0,3,15
2024122400356,2024,122400356,456191,423584,-1.15026,53.70567,3,3,7,15:50,-1,E06000065,6,0,1,0,2,"[9, 19]","[3, 7]","[1, 3]",0,0,0,1,1,0,0,0,0,2,10
2024122400357,2024,122400357,433923,460192,-1.48353,54.0366,3,3,5,07:23,-1,E06000065,6,0,2,1,2,19,3,1,0,1,3,1,0,0,0,0,0,2,15
2024122400358,2024,122400358,422649,499592,-1.65271,54.39131,3,3,7,13:17,-1,E06000065,4,0,1,1,2,"[19, 10]",7,3,0,0,0,1,0,0,0,0,0,3,9
2024122400359,2024,122400359,462489,441134,-1.05131,53.86267,3,3,5,13:50,-1,E06000065,3,0,1,0,2,"[10, 19]",1,"[7, 5]",0,0,0,1,0,0,0,0,0,2,15
2024122400360,2024,122400360,448495,442416,-1.26387,53.87569,3,3,6,19:40,-1,E06000065,3,2,2,1,2,19,3,7,0,0,0,1,0,0,0,0,0,2,16
2024122400361,2024,122400361,499238,490696,-0.47648,54.30224,3,3,3,11:07,-1,E06000065,6,0,1,1,2,19,4,8,0,7,4,1,0,0,0,0,0,3,5
2024122400362,2024,122400362,465069,466982,-1.00658,54.09463,3,3,1,05:44,-1,E06000065,6,2,1,1,2,19,1,5,0,1,4,1,0,0,0,0,0,2,25
2024122400363,2024,122400363,492231,482259,-0.58672,54.22775,3,3,7,14:45,-1,E06000065,3,0,1,0,2,"[3, 19]",7,3,0,0,0,1,0,0,0,0,0,3,23
2024122400364,2024,122400364,459876,440796,-1.09111,53.85994,3,3,1,14:19,-1,E06000065,4,0,1,0,2,19,"[5, 1]","[1, 5]",0,0,0,1,0,0,0,0,0,2,25
2024122400365,2024,122400365,430680,453523,-1.53372,53.97687,3,3,6,16:05,-1,E06000065,3,0,1,1,1,"[19, 9]","[4, 8]","[8, 6]",0,0,0,1,0,0,0,0,0,3,15
2024122400366,2024,122400366,442644,481438,-1.34739,54.22689,3,3,5,15:30,-1,E06000065,4,0,1,0,2,"[3, 19]",6,2,0,0,0,1,1,0,0,0,0,3,14
2024122400367,2024,122400367,460847,452494,-1.07402,53.96495,3,3,5,18:15,-1,E06000014,3,2,2,1,1,19,"[1, 6]","[4, 2]",0,0,0,1,1,0,0,0,0,3,14
2024122400369,2024,122400369,460387,432523,-1.08496,53.78554,3,3,7,16:30,-1,E06000065,6,0,1,0,1,19,7,3,0,0,0,1,0,1,0,0,0,3,30
2024122400370,2024,122400370,460905,447775,-1.07408,53.92254,3,3,7,17:13,-1,E06000014,6,0,1,0,2,5,7,3,0,0,0,0,0,0,1,0,0,2,24
2024122400371,2024,122400371,462866,455158,-1.0427,53.98865,3,3,3,14:45,-1,E06000014,6,0,1,0,2,"[4, 19]",6,2,0,0,0,1,0,0,0,0,0,3,12
2024122400372,2024,122400372,464911,451025,-1.0124,53.95126,3,3,5,08:52,-1,E06000014,3,0,2,1,2,4,2,6,0,0,0,1,0,0,0,0,0,2,8
2024122400373,2024,122400373,464811,451666,-1.01379,53.95703,3,3,6,09:28,-1,E06000014,3,0,1,1,2,"[19, 15]",6,2,0,0,0,1,1,0,0,0,0,2,9
2024122400374,2024,122400374,423912,510875,-1.63236,54.49265,1,1,6,21:34,-1,E06000065,2,2,1,0,2,19,1,5,10,1,4,0,0,1,0,0,0,4,5
2024122400375,2024,122400375,415083,494651,-1.76948,54.34718,3,3,5,18:31,-1,E06000065,6,2,1,1,2,19,4,8,0,1,11,1,0,0,0,0,0,3,7
2024122400376,2024,122400376,383444,488431,-2.25585,54.29123,3,3,4,14:11,-1,E06000065,4,0,1,0,2,19,3,7,0,1,0,0,0,1,0,0,0,3,27
2024122400377,2024,122400377,444239,500494,-1.32011,54.398,3,3,7,14:19,-1,E06000065,3,0,1,0,2,11,5,1,0,1,4,1,0,0,0,0,0,3,23
2024122400378,2024,122400378,460387,432523,-1.08496,53.78554,3,3,1,10:25,-1,E06000065,6,0,1,0,1,19,3,7,0,0,0,1,0,0,0,0,0,3,31
2024122400379,2024,122400379,460881,456365,-1.07273,53.99974,3,3,3,15:15,-1,E06000014,6,0,1,0,2,"[7, 19]",5,"[7, 1]",0,0,0,1,1,0,0,0,0,3,19
2024122400380,2024,122400380,503580,488493,-0.41055,54.28159,3,3,2,12:25,-1,E06000065,6,0,8,0,1,"[2, 19]","[0, 1]","[0, 5]","[0, 4]",0,0,1,0,0,0,0,0,1,15
2024122400381,2024,122400381,457921,454495,-1.11824,53.98327,2,2,6,19:54,-1,E06000014,3,2,1,1,1,"[19, 9]","[1, 3]","[5, 1]",0,0,0,1,0,1,0,0,0,3,15
2024122400382,2024,122400382,415076,508968,-1.76886,54.47585,2,2,1,20:08,-1,E06000065,3,2,1,0,2,19,3,7,0,1,9,1,0,0,0,0,0,3,3
2024122400383,2024,122400383,449047,429694,-1.2575,53.7613,1,"[2, 1]",3,17:05,-1,E06000065,3,0,1,0,2,19,"[7, 3]","[3, 7]",0,"[1, 0]",0,1,0,0,0,0,0,3,5
2024122400384,2024,122400384,500187,472093,-0.4681,54.13492,2,2,6,17:50,-1,E06000065,6,0,1,0,2,"[5, 19]","[1, 7]","[5, 3]",0,0,0,1,0,1,0,0,0,3,29
2024122400385,2024,122400385,490827,509211,-0.60004,54.47015,2,2,4,00:01,-1,E06000065,3,2,9,1,1,19,4,8,9,0,0,0,0,1,0,0,0,3,6
2024122400386,2024,122400386,459740,452577,-1.09088,53.96583,3,3,5,02:10,-1,E06000014,3,2,1,0,1,19,8,4,0,1,1,1,0,0,0,0,0,3,28
2024122400387,2024,122400387,509500,482857,-0.32172,54.22973,2,"[3, 2]",5,18:25,-1,E06000065,6,0,5,1,2,19,"[6, 8]","[8, 4]",0,0,0,1,0,0,0,0,0,3,28
2024122400388,2024,122400388,443639,494751,-1.33019,54.34644,2,"[2, 3]",3,15:30,-1,E06000065,3,0,1,0,2,19,"[5, 7]","[1, 3]",0,"[1, 0]",0,1,0,0,0,0,0,4,2
2024122400389,2024,122400389,458820,464843,-1.10253,54.07616,2,2,5,21:42,-1,E06000065,4,2,2,1,2,"[2, 19]","[0, 5]","[0, 1]",0,0,0,1,0,1,0,0,0,3,21
2024122400390,2024,122400390,434510,463085,-1.47424,54.06256,3,3,6,17:18,-1,E06000065,6,2,2,1,2,19,"[1, 5]","[5, 1]",0,"[1, 0]","[9, 0]",1,0,0,0,0,0,2,2
2024122400391,2024,122400391,450187,451114,-1.23672,53.95369,3,3,6,06:45,-1,E06000065,4,0,1,1,2,19,"[3, 1]","[7, 5]",0,0,0,1,0,0,0,0,0,3,15
2024122400392,2024,122400392,414524,465095,-1.77949,54.08157,3,3,5,15:12,-1,E06000065,4,0,3,2,2,"[19, 3]",7,3,0,0,0,1,0,0,1,0,0,2,8
2024122400393,2024,122400393,460799,453019,-1.07465,53.96968,2,2,7,16:35,-1,E06000014,6,0,1,0,1,19,1,5,0,0,0,0,0,1,0,0,0,3,30
2024122400394,2024,122400394,427830,470343,-1.57563,54.12819,2,"[3, 2]",1,00:01,-1,E06000065,4,0,1,0,2,"[19, 9]","[7, 3]","[3, 7]",0,"[1, 0]","[3, 0]",1,0,0,0,0,0,3,31
2024122400395,2024,122400395,464357,454380,-1.02013,53.98148,3,3,6,09:07,-1,E06000014,3,0,1,0,2,"[13, 19]",7,3,0,"[1, 0]",0,1,0,0,1,0,0,3,1
2024122400396,2024,122400396,427495,447496,-1.58282,53.92288,3,3,2,13:20,-1,E06000065,3,0,1,0,2,19,"[7, 3]","[5, 7]",0,0,0,1,1,0,0,0,0,3,18
2024122400397,2024,122400397,455743,447495,-1.15272,53.9206,3,3,6,20:02,-1,E06000014,3,0,1,1,2,19,7,3,0,0,0,1,0,0,0,0,0,3,15
2024122400398,2024,122400398,460786,457251,-1.074,54.00771,2,2,3,08:18,-1,E06000014,6,0,2,1,1,19,5,1,0,0,0,1,0,0,0,0,1,3,12
2024122400399,2024,122400399,440961,457238,-1.37648,54.00954,3,3,4,13:30,-1,E06000065,3,0,1,0,2,19,"[3, 1]","[7, 5]",0,0,0,1,0,0,0,0,0,3,20
2024122400401,2024,122400401,487502,464312,-0.66444,54.06733,1,1,3,11:30,-1,E06000065,4,0,1,0,2,"[19, 13]",4,8,0,"[0, 7]",0,0,0,0,1,1,0,4,9
2024122400402,2024,122400402,455788,453403,-1.15096,53.97369,3,3,1,15:35,-1,E06000014,3,0,2,1,2,"[4, 3]",8,4,0,0,0,1,0,0,0,0,0,3,10
2024122400403,2024,122400403,458000,449023,-1.11807,53.93409,3,3,3,18:00,-1,E06000014,6,0,1,0,1,"[19, 9]",2,"[5, 1]",0,0,0,1,1,0,0,0,0,3,19
2024122400404,2024,122400404,431215,469743,-1.5239,54.12261,3,3,6,12:45,-1,E06000065,6,0,1,0,1,3,7,3,0,0,0,1,0,0,0,0,1,3,22
2024122400405,2024,122400405,460618,453356,-1.07734,53.97273,3,3,1,18:32,-1,E06000014,6,0,1,0,1,"[5, 4]",1,5,0,0,0,1,0,0,0,0,0,4,7
2024122400406,2024,122400406,380368,462889,-2.30143,54.06157,3,3,5,13:13,-1,E06000065,3,0,1,0,2,"[19, 9]","[7, 1]","[3, 7]","[7, 0]","[1, 0]","[4, 0]",1,0,0,0,0,0,3,28
2024122400407,2024,122400407,470079,463276,-0.93085,54.06068,2,2,1,13:15,-1,E06000065,3,0,1,0,2,"[19, 9]","[2, 7]","[6, 3]",0,0,0,1,0,1,0,0,0,3,24
2024122400408,2024,122400408,460913,472749,-1.06896,54.14697,3,3,1,15:25,-1,E06000065,5,0,1,0,2,19,"[1, 3]","[5, 1]",0,0,0,1,0,0,0,0,0,3,24
2024122400409,2024,122400409,461042,453398,-1.07087,53.97306,3,3,2,08:28,-1,E06000014,6,0,1,1,1,"[5, 19]","[3, 8]","[7, 5]",0,0,0,1,1,0,0,0,0,4,8
2024122400410,2024,122400410,385651,456521,-2.22041,54.00451,3,3,6,10:10,-1,E06000065,3,0,2,1,2,"[3, 19]",3,7,0,0,0,1,0,0,0,0,0,3,15
2024122400411,2024,122400411,462728,455206,-1.0448,53.9891,3,3,5,08:50,-1,E06000014,6,0,1,0,1,"[10, 19]","[3, 7]","[7, 3]",0,0,0,1,0,0,0,0,0,3,21
2024122400414,2024,122400414,428938,496671,-1.55615,54.36474,2,"[2, 3]",1,02:15,-1,E06000065,4,2,1,1,2,19,3,1,0,1,4,1,0,0,0,0,0,1,28
2024122400415,2024,122400415,444441,440562,-1.3258,53.85939,2,2,5,02:20,-1,E06000065,3,2,2,1,2,19,3,7,0,3,4,1,0,0,0,0,0,4,11
2024122400416,2024,122400416,430838,454569,-1.5312,53.98626,3,3,5,15:55,-1,E06000065,6,0,1,0,1,19,1,5,0,0,0,1,1,0,0,0,0,3,28
2024122400417,2024,122400417,464838,424179,-1.01916,53.71002,3,3,4,17:56,-1,E06000065,6,0,1,0,2,1,3,1,0,0,0,1,0,0,0,0,1,1,3
2024122400418,2024,122400418,461284,432349,-1.07138,53.78387,3,3,4,09:30,-1,E06000065,3,0,9,0,1,"[3, 19]",7,3,0,0,0,1,0,0,0,0,0,1,17
2024122400419,2024,122400419,442506,485234,-1.34897,54.26101,3,3,5,00:01,-1,E06000065,3,0,1,0,2,19,5,1,0,0,0,0,0,1,0,0,0,3,28
2024122400420,2024,122400420,461272,451498,-1.06774,53.95595,3,3,7,10:00,-1,E06000014,6,0,1,0,1,"[19, 2]","[5, 0]","[1, 0]",0,0,0,1,0,1,0,0,0,2,24
2024122400421,2024,122400421,444170,503692,-1.3207,54.42675,3,3,7,14:45,-1,E06000065,3,0,1,0,2,4,5,1,"[7, 0]","[1, 0]","[1, 0]",0,0,1,0,0,0,3,30
2024122400422,2024,122400422,468460,451268,-0.95828,53.95299,3,3,3,10:36,-1,E06000014,3,0,2,1,2,"[19, 1]","[7, 3]","[3, 7, 5]",0,0,0,1,0,0,1,0,0,1,23
2024122400423,2024,122400423,381785,463677,-2.27982,54.0687,2,2,3,10:25,-1,E06000065,6,0,1,0,2,19,3,7,0,0,0,1,0,0,0,0,1,4,16