collision_index,collision_year,collision_ref_no,location_easting_osgr,location_northing_osgr,longitude,latitude,casualty_severity,casualty_severity,day_of_week,time,local_authority_district,local_authority_ons_district,first_road_class,light_conditions,weather_conditions,road_surface_conditions,urban_or_rural_area,vehicle_manoeuvre,vehicle_direction_from,vehicle_direction_to,hit_object_in_carriageway,vehicle_leaving_carriageway,hit_object_off_carriageway,is_car,is_cyle,is_mcyle,is_goodsv,is_other,is_pedestrian,month,day
2024122400582,2024,122400582,435016,456948,-1.46722,54.00737,3,3,3,18:15,-1,E06000065,6,0,1,0,1,2,0,0,0,0,0,1,0,0,0,0,1,4,23
2024122400583,2024,122400583,504191,488917,-0.40102,54.28527,3,3,4,20:50,-1,E06000065,6,0,1,1,1,19,"[5, 3]","[1, 7]",0,0,0,1,1,0,0,0,0,5,22
2024122400584,2024,122400584,514954,473074,-0.24183,54.14065,3,3,6,13:26,-1,E06000065,3,0,1,0,2,"[10, 19]","[7, 5]","[5, 1]",0,"[3, 0]","[1, 0]",1,0,0,0,0,0,4,26
2024122400585,2024,122400585,501997,488855,-0.43473,54.28516,3,3,1,16:36,-1,E06000065,6,0,1,0,1,19,7,2,"[0, 10]","[1, 0]","[11, 0]",1,0,0,0,0,0,4,28
2024122400586,2024,122400586,442145,484643,-1.3546,54.25573,3,3,2,14:09,-1,E06000065,4,0,1,0,2,7,5,7,0,0,0,1,0,0,0,0,0,4,29
2024122400587,2024,122400587,448828,486627,-1.2517,54.27297,2,2,4,15:40,-1,E06000065,6,0,1,1,2,4,4,8,0,0,0,0,0,1,0,0,0,5,15
2024122400588,2024,122400588,448479,425183,-1.26682,53.72081,3,3,6,19:05,-1,E06000065,3,0,1,0,1,"[19, 6]","[8, 1]",1,0,0,0,1,0,1,0,0,0,4,26
2024122400589,2024,122400589,405127,451682,-1.92335,53.9612,3,3,6,11:10,-1,E06000065,3,0,1,0,2,19,8,3,0,1,11,1,0,0,0,0,0,4,26
2024122400590,2024,122400590,511216,481013,-0.29609,54.21279,3,3,4,20:05,-1,E06000065,6,0,1,0,2,19,"[1, 3]","[5, 7]",0,0,0,1,1,0,0,0,0,5,15
2024122400591,2024,122400591,502357,488421,-0.42935,54.28119,3,3,5,11:05,-1,E06000065,3,0,1,0,1,19,"[8, 2]","[4, 6]",0,0,0,0,0,0,1,1,0,5,16
2024122400592,2024,122400592,451425,433176,-1.22086,53.79236,3,3,6,06:16,-1,E06000065,6,0,1,0,2,7,5,7,0,0,0,0,0,1,0,0,0,5,24
2024122400593,2024,122400593,456213,500730,-1.13566,54.39894,3,3,7,14:48,-1,E06000065,4,0,1,0,2,19,5,1,0,7,11,1,0,0,0,0,0,4,20
2024122400594,2024,122400594,451582,482576,-1.21011,54.2363,2,2,4,13:54,-1,E06000065,3,0,1,0,2,19,"[4, 8]","[8, 4]",0,0,0,1,0,0,0,1,0,5,15
2024122400595,2024,122400595,430292,454659,-1.53952,53.9871,2,2,1,08:10,-1,E06000065,3,0,1,0,1,"[5, 19]","[7, 5]","[3, 1]",0,0,0,1,1,0,0,0,0,4,21
2024122400596,2024,122400596,430188,455695,-1.541,53.99641,3,3,4,08:41,-1,E06000065,6,0,2,1,1,"[5, 19]","[3, 1]","[1, 5]",0,0,0,1,1,0,0,0,0,5,22
2024122400597,2024,122400597,382254,459143,-2.27239,54.02797,3,3,7,14:30,-1,E06000065,3,0,1,0,2,19,8,5,0,1,11,0,0,1,0,0,0,5,18
2024122400598,2024,122400598,440354,460956,-1.38524,54.043,2,"[2, 3]",4,08:32,-1,E06000065,3,0,1,0,2,"[19, 9, 10]","[1, 5, 3]","[5, 1]",0,"[1, 0]",0,1,0,0,0,0,0,5,29
2024122400599,2024,122400599,420594,466555,-1.68661,54.09449,2,"[2, 3]",6,15:20,-1,E06000065,4,0,1,0,2,19,"[7, 3]","[3, 7]",0,"[1, 0]","[11, 0]",1,0,0,0,0,0,5,31
2024122400600,2024,122400600,436641,493175,-1.43803,54.33283,3,3,5,14:29,-1,E06000065,3,0,1,0,1,"[3, 19]",1,5,0,0,0,1,0,0,0,1,0,5,23
2024122400601,2024,122400601,389455,487781,-2.16348,54.28555,2,2,6,12:49,-1,E06000065,6,0,2,1,2,19,1,5,0,2,11,0,0,1,0,0,0,3,29
2024122400602,2024,122400602,480087,513894,-0.76445,54.51403,3,3,1,17:56,-1,E06000065,3,0,1,0,2,19,5,1,0,0,0,1,0,0,0,0,0,4,14
2024122400603,2024,122400603,479555,472456,-0.7837,54.14179,3,3,4,17:33,-1,E06000065,4,0,1,0,1,19,"[7, 3]","[3, 7]",0,"[1, 0]","[10, 0]",1,0,0,0,0,0,4,17
2024122400604,2024,122400604,424725,470072,-1.62317,54.12592,2,2,6,12:30,-1,E06000065,6,0,1,0,2,19,"[8, 3]","[3, 8]",0,"[1, 0]","[4, 0]",1,0,0,0,1,0,5,31
2024122400605,2024,122400605,503231,487804,-0.41614,54.27547,3,3,6,08:38,-1,E06000065,6,0,1,0,1,"[5, 19]","[7, 1]","[3, 5]",0,0,0,1,1,0,0,0,0,5,10
2024122400606,2024,122400606,489483,475691,-0.63081,54.16922,2,2,1,11:05,-1,E06000065,3,0,1,0,2,19,3,7,0,0,0,1,0,0,0,0,1,6,2
2024122400607,2024,122400607,416878,500687,-1.74152,54.40137,2,2,6,16:45,-1,E06000065,6,0,1,0,2,19,"[5, 7]","[3, 1]",0,0,0,1,1,0,0,0,0,5,31
2024122400608,2024,122400608,503696,489281,-0.4085,54.28864,3,3,7,12:48,-1,E06000065,3,0,1,0,1,"[19, 9]","[2, 6]","[6, 2]",0,"[1, 0]","[4, 0]",1,0,0,0,0,0,5,18
2024122400609,2024,122400609,451568,482544,-1.21033,54.23601,3,3,1,11:10,-1,E06000065,3,0,1,0,2,19,"[7, 3]","[3, 7]",0,0,0,1,0,0,1,0,0,5,19
2024122400611,2024,122400611,428930,449212,-1.56081,53.93822,3,3,6,18:10,-1,E06000065,3,0,1,0,2,19,"[2, 4]","[6, 8]",0,0,0,1,0,0,0,0,0,5,10
2024122400612,2024,122400612,504315,488643,-0.39921,54.28279,3,3,2,10:47,-1,E06000065,6,0,1,0,1,9,3,1,0,0,0,1,0,0,0,0,1,5,20
2024122400613,2024,122400613,376083,467885,-2.36729,54.10629,3,3,2,20:15,-1,E06000065,3,0,1,0,2,19,"[4, 8]","[8, 4]",0,"[7, 1]",0,1,0,0,0,0,0,5,20
2024122400614,2024,122400614,435717,500383,-1.45138,54.39767,3,3,2,15:05,-1,E06000065,3,0,1,0,2,"[19, 10]",5,1,0,0,0,1,0,0,0,0,0,5,20
2024122400615,2024,122400615,433751,470371,-1.48503,54.12809,3,3,7,18:55,-1,E06000065,4,0,1,0,2,19,"[7, 3]","[3, 7]",0,0,0,1,0,0,0,0,0,5,25
2024122400616,2024,122400616,462206,451874,-1.05344,53.95922,3,3,1,17:09,-1,E06000014,6,0,1,0,1,"[2, 19]","[0, 7]","[0, 3]","[0, 4]",0,0,1,0,1,0,0,0,6,2
2024122400617,2024,122400617,470641,471953,-0.92024,54.13857,3,3,6,12:06,-1,E06000065,6,0,1,0,2,19,1,5,0,0,0,1,0,1,0,0,0,5,17
2024122400618,2024,122400618,417531,499654,-1.73152,54.39207,3,3,6,19:40,-1,E06000065,6,0,1,0,2,"[19, 9]","[7, 1]","[3, 7]",0,0,0,1,0,0,0,0,0,5,31
2024122400619,2024,122400619,433429,492074,-1.48755,54.32316,3,3,3,10:51,-1,E06000065,3,0,1,0,2,19,3,8,0,1,1,1,0,0,0,0,0,5,21
2024122400620,2024,122400620,480454,473335,-0.76971,54.14955,2,2,5,20:20,-1,E06000065,3,2,1,0,2,"[19, 12]",7,3,0,"[4, 0]",0,1,0,1,0,0,0,5,30
2024122400621,2024,122400621,415771,465594,-1.76041,54.08602,3,3,4,14:10,-1,E06000065,4,0,1,0,2,19,6,2,0,0,0,1,0,0,0,0,1,5,29
2024122400622,2024,122400622,398935,451557,-2.01772,53.9601,3,3,6,11:51,-1,E06000065,6,0,1,0,1,9,1,5,0,0,0,1,0,0,0,0,1,5,31
2024122400623,2024,122400623,411315,490412,-1.8276,54.30918,2,2,7,12:12,-1,E06000065,3,0,1,0,2,"[9, 19]","[5, 1]","[3, 5]",0,0,0,1,1,0,0,0,0,6,8
2024122400624,2024,122400624,434799,457385,-1.47048,54.01131,2,"[3, 2]",4,12:50,-1,E06000065,3,0,1,0,1,19,3,7,0,1,2,1,0,0,0,0,0,5,8
2024122400625,2024,122400625,425483,458341,-1.61255,54.02045,2,2,1,19:25,-1,E06000065,6,0,1,0,2,19,"[1, 5]","[5, 7]",0,"[0, 7]","[0, 11]",1,0,1,0,0,0,6,2
2024122400626,2024,122400626,493885,500577,-0.55561,54.39203,3,3,7,00:01,-1,E06000065,3,0,1,0,2,19,8,4,0,1,4,1,0,0,0,0,0,6,1
2024122400627,2024,122400627,447814,432997,-1.27569,53.7911,3,3,1,12:53,-1,E06000065,4,0,1,0,2,19,2,6,12,1,11,1,0,0,0,0,0,5,5
2024122400628,2024,122400628,503624,484092,-0.41139,54.24204,3,3,1,15:46,-1,E06000065,6,0,1,0,1,19,"[4, 2]","[8, 6]",0,0,0,1,1,0,0,0,0,6,2
2024122400629,2024,122400629,460584,451624,-1.0782,53.95717,3,3,3,14:12,-1,E06000014,6,0,1,0,1,4,6,2,0,0,0,0,0,0,1,0,1,4,2
2024122400630,2024,122400630,456638,423490,-1.1435,53.70478,3,3,3,05:30,-1,E06000065,3,0,1,0,2,"[14, 3]",1,5,0,0,0,1,0,0,1,0,0,6,4
2024122400631,2024,122400631,412399,507498,-1.81023,54.46271,3,3,6,20:00,-1,E06000065,6,2,1,0,2,19,4,8,0,1,11,1,0,0,0,0,0,4,19
2024122400632,2024,122400632,497082,498019,-0.50722,54.36845,2,2,5,19:25,-1,E06000065,3,0,1,0,2,19,4,8,0,"[1, 0]",0,1,1,0,0,0,0,5,9
2024122400633,2024,122400633,483258,483052,-0.7241,54.23641,2,2,4,15:20,-1,E06000065,3,0,1,0,2,"[13, 9]",7,"[3, 5]",0,"[7, 0]",0,1,0,1,0,0,0,6,5
2024122400634,2024,122400634,395768,442783,-2.06586,53.88122,2,2,2,16:40,-1,E06000065,3,0,1,0,2,19,6,1,0,"[0, 1]",0,1,0,0,0,0,0,5,6
2024122400635,2024,122400635,464765,424170,-1.02027,53.70994,3,3,3,12:31,-1,E06000065,6,0,1,0,2,19,7,3,0,"[1, 7]","[0, 2]",1,0,0,0,0,0,6,11
2024122400636,2024,122400636,456618,417573,-1.14488,53.6516,3,3,5,11:00,-1,E06000065,3,0,1,0,2,19,1,5,0,7,0,0,0,1,0,0,0,6,13
2024122400637,2024,122400637,459475,440732,-1.09721,53.85941,2,2,4,10:50,-1,E06000065,4,0,1,0,2,9,3,1,0,0,0,0,0,1,0,0,0,6,12
2024122400638,2024,122400638,500930,477679,-0.45487,54.18497,3,3,3,08:29,-1,E06000065,4,0,1,0,2,"[3, 4]",5,1,0,0,0,1,0,0,0,0,0,6,4
2024122400639,2024,122400639,383167,458336,-2.25841,54.02075,2,2,6,14:20,-1,E06000065,3,0,1,0,2,19,"[7, 3]","[3, 7]",0,0,0,1,0,1,0,0,0,5,10
2024122400640,2024,122400640,467574,451438,-0.97174,53.95463,2,2,3,07:51,-1,E06000014,3,0,1,0,2,"[19, 9]","[3, 1]",7,0,0,0,1,0,1,0,0,0,6,11
2024122400641,2024,122400641,440446,496598,-1.37906,54.36331,2,"[2, 3]",7,14:23,-1,E06000065,3,0,1,0,2,19,"[7, 4]","[4, 7]",0,"[0, 1]",0,1,0,0,0,0,0,5,11
2024122400642,2024,122400642,428117,477603,-1.57057,54.19342,2,2,7,12:25,-1,E06000065,3,0,1,0,2,"[9, 19]",8,"[6, 4]",0,7,0,1,0,1,0,0,0,5,11
2024122400644,2024,122400644,439612,465343,-1.396,54.08249,3,3,6,17:00,-1,E06000065,3,0,1,0,2,"[5, 19]","[8, 7]","[4, 3]",0,0,0,1,1,0,0,0,0,6,7
2024122400645,2024,122400645,480667,483427,-0.76374,54.24019,3,3,5,08:20,-1,E06000065,3,0,1,0,2,"[9, 13]","[1, 7]","[7, 3]",0,7,0,1,0,0,0,0,0,6,6
2024122400646,2024,122400646,398209,453665,-2.0288,53.97904,3,3,7,16:20,-1,E06000065,4,0,1,0,2,19,1,5,0,1,9,0,0,1,0,0,0,6,8
2024122400648,2024,122400648,418240,449930,-1.7236,53.94516,2,2,4,20:54,-1,E06000065,6,0,1,0,2,19,8,3,0,7,11,0,0,1,0,0,0,6,19
2024122400649,2024,122400649,503212,484598,-0.41754,54.24667,3,3,1,15:45,-1,E06000065,3,0,1,0,2,19,"[3, 6]","[6, 3]",0,0,0,1,0,0,0,0,0,6,2
2024122400650,2024,122400650,473002,485748,-0.88076,54.2622,2,"[2, 3]",5,14:30,-1,E06000065,3,0,1,0,2,"[13, 9]","[7, 1]","[3, 5]",0,7,0,1,0,1,0,0,0,6,20
2024122400651,2024,122400651,460819,458187,-1.07331,54.01612,3,3,3,11:00,-1,E06000014,6,0,9,0,1,"[3, 1]","[3, 7]","[7, 3]",0,0,0,1,0,0,0,0,0,3,5
2024122400652,2024,122400652,398831,451573,-2.0193,53.96024,3,3,1,15:15,-1,E06000065,6,0,1,0,1,7,7,1,0,0,0,1,0,0,0,0,1,6,9
2024122400654,2024,122400654,398426,464556,-2.02555,54.07693,3,3,6,09:36,-1,E06000065,4,0,8,1,2,19,"[1, 4]","[4, 1]",0,0,0,1,0,0,0,0,0,5,3
2024122400655,2024,122400655,455541,451492,-1.15507,53.95655,1,"[3, 2, 1]",7,09:27,-1,E06000014,4,0,2,1,2,19,"[7, 3]","[3, 7]",0,"[0, 7]",0,1,0,0,1,0,0,6,29
2024122400656,2024,122400656,430467,464203,-1.5359,54.07286,3,3,3,15:13,-1,E06000065,3,0,2,1,2,19,"[5, 1]","[1, 5]",0,0,0,1,0,0,0,0,0,6,4
2024122400657,2024,122400657,423970,484314,-1.63359,54.25395,3,3,7,04:41,-1,E06000065,4,2,1,1,2,"[4, 7]","[8, 5]","[4, 7]",0,0,0,1,0,0,0,0,0,5,4
2024122400658,2024,122400658,459821,458476,-1.08849,54.01883,3,3,6,18:50,-1,E06000014,6,0,1,0,1,"[19, 9]","[7, 5]","[3, 1]",0,0,0,1,0,1,0,0,0,5,3
2024122400659,2024,122400659,457347,450002,-1.12783,53.94296,3,3,2,18:45,-1,E06000014,6,0,1,0,1,19,"[1, 3]","[5, 7]",0,0,0,1,1,0,0,0,0,5,6
2024122400660,2024,122400660,456666,451087,-1.138,53.95278,3,3,6,19:43,-1,E06000014,6,0,1,0,1,"[9, 19]","[5, 2]","[2, 7]",0,0,0,1,0,0,0,0,0,5,3
2024122400661,2024,122400661,462728,450385,-1.04579,53.94578,3,3,3,08:57,-1,E06000014,6,0,1,0,1,"[7, 19]",2,"[4, 6]",0,0,0,1,1,0,0,0,0,5,7
2024122400662,2024,122400662,468457,446274,-0.95944,53.90811,3,3,7,15:05,-1,E06000014,6,0,1,0,2,19,2,6,0,0,0,0,0,1,0,0,0,6,8
2024122400663,2024,122400663,457535,454858,-1.12405,53.98658,3,3,7,10:38,-1,E06000014,3,0,1,0,2,"[19, 12]","[4, 2]","[8, 6]",0,0,0,1,0,1,0,0,0,6,1
2024122400664,2024,122400664,393136,490315,-2.107,54.30839,3,3,1,17:16,-1,E06000065,3,0,1,0,2,19,"[3, 7]","[7, 3]",0,0,0,1,0,0,1,0,0,5,12
2024122400665,2024,122400665,479461,483970,-0.7821,54.24526,3,3,5,00:01,-1,E06000065,3,0,8,1,2,"[3, 19]",4,8,0,0,0,1,0,0,0,0,0,5,30
2024122400666,2024,122400666,439333,465624,-1.40023,54.08503,3,3,6,05:22,-1,E06000065,2,0,1,0,2,"[19, 15]",5,1,0,0,0,1,0,0,1,0,0,6,7
2024122400667,2024,122400667,416672,501104,-1.74467,54.40513,3,3,4,18:08,-1,E06000065,3,0,1,0,2,"[3, 19]",3,7,0,0,0,1,0,1,0,0,0,5,8
2024122400668,2024,122400668,461660,483940,-1.05523,54.24744,3,3,3,14:30,-1,E06000065,3,0,1,0,2,19,1,3,0,0,0,0,0,1,0,0,0,6,4
2024122400669,2024,122400669,446615,452411,-1.29095,53.96568,3,3,2,08:00,-1,E06000065,6,0,1,0,2,4,4,7,0,0,0,0,0,0,1,0,1,2,26
2024122400670,2024,122400670,470592,508125,-0.91246,54.4636,3,3,7,00:50,-1,E06000065,6,2,1,0,2,"[2, 19]","[0, 3]","[0, 7]",0,0,0,1,0,0,0,0,0,6,15
2024122400671,2024,122400671,428926,449214,-1.56087,53.93824,3,3,7,14:42,-1,E06000065,3,0,1,0,2,19,"[4, 6]","[8, 2]",0,0,0,1,0,0,0,0,0,6,1
2024122400672,2024,122400672,426909,454276,-1.59115,53.98384,3,3,2,17:40,-1,E06000065,4,0,1,0,2,4,"[5, 1]","[1, 5]",0,0,0,1,0,0,0,0,0,5,13
2024122400673,2024,122400673,439098,451665,-1.40561,53.9596,3,3,5,09:00,-1,E06000065,4,0,1,0,2,"[5, 19]","[7, 5]","[3, 1]",0,0,0,1,0,0,0,0,0,6,13
2024122400674,2024,122400674,483471,472629,-0.72372,54.14272,3,3,1,12:07,-1,E06000065,6,0,1,0,2,"[1, 3]",1,5,0,0,0,1,0,1,0,0,0,6,16
2024122400675,2024,122400675,431147,455250,-1.52642,53.99236,2,2,7,14:35,-1,E06000065,3,0,1,0,1,"[19, 9]","[7, 5]","[5, 3]",0,0,0,1,0,1,0,0,0,6,1
2024122400676,2024,122400676,503843,489490,-0.40617,54.29049,3,3,1,22:13,-1,E06000065,4,2,2,1,1,19,"[5, 1]","[1, 5]","[7, 0]","[7, 0]",0,1,0,0,0,0,0,6,16
2024122400677,2024,122400677,480087,513894,-0.76445,54.51403,3,3,5,14:12,-1,E06000065,3,0,1,0,2,19,1,5,0,0,0,0,0,1,0,0,0,5,9
2024122400678,2024,122400678,479855,508236,-0.76956,54.46323,3,3,4,08:37,-1,E06000065,6,0,1,0,2,19,"[7, 5]","[5, 1]",0,"[1, 0]","[10, 0]",1,0,0,0,0,0,5,15
2024122400679,2024,122400679,460025,450961,-1.08685,53.95127,2,2,5,10:20,-1,E06000014,6,0,1,0,1,19,4,8,0,0,0,1,1,0,0,0,0,6,20
2024122400680,2024,122400680,479279,484684,-0.7847,54.2517,3,3,2,15:55,-1,E06000065,6,0,1,0,2,"[19, 9]","[5, 1]",3,0,0,0,1,0,1,0,0,0,5,13
2024122400681,2024,122400681,461835,431712,-1.06315,53.77808,2,2,6,19:25,-1,E06000065,3,0,1,0,1,"[9, 19]","[1, 5]","[5, 1]",0,"[0, 7]",0,1,0,1,0,0,0,6,7
2024122400682,2024,122400682,423125,446419,-1.64944,53.91341,3,3,7,14:55,-1,E06000065,6,0,1,0,2,"[19, 9]","[5, 7]","[1, 5]",0,0,0,1,0,0,0,0,0,6,15
2024122400683,2024,122400683,459055,450411,-1.10174,53.94644,2,2,1,02:30,-1,E06000014,3,2,1,0,1,19,2,6,0,0,0,0,1,0,0,0,0,6,23
2024122400685,2024,122400685,466321,451497,-0.99081,53.95532,2,"[2, 3]",1,13:24,-1,E06000014,3,0,1,0,2,19,"[7, 3]","[3, 7]",0,"[7, 0]",0,1,0,0,0,0,0,6,23
2024122400686,2024,122400686,431359,471028,-1.52156,54.13415,3,3,6,16:20,-1,E06000065,4,0,1,0,1,19,8,4,0,1,10,1,0,0,0,0,0,6,14
2024122400687,2024,122400687,400660,445011,-1.99144,53.90127,3,3,1,17:41,-1,E06000065,3,0,1,0,1,19,3,7,0,0,0,1,0,0,0,0,1,6,16
2024122400688,2024,122400688,414018,487467,-1.78619,54.28265,3,3,7,00:05,-1,E06000065,3,2,1,0,2,19,7,3,0,0,0,1,0,0,0,0,0,6,29
2024122400689,2024,122400689,382182,466903,-2.27395,54.09771,3,3,6,18:05,-1,E06000065,4,0,1,0,2,19,5,1,0,8,11,1,0,0,0,0,0,6,21
2024122400690,2024,122400690,431095,467704,-1.52594,54.10429,3,3,5,17:35,-1,E06000065,3,0,2,1,2,19,8,5,0,1,11,1,0,0,0,0,0,6,13
2024122400691,2024,122400691,435895,497133,-1.44903,54.36845,3,3,5,18:01,-1,E06000065,3,0,1,0,2,"[19, 13]","[1, 5]","[5, 1]",0,0,0,1,0,0,0,0,0,5,16
2024122400692,2024,122400692,448310,433238,-1.26813,53.79322,1,"[3, 1]",2,14:52,-1,E06000065,4,0,1,0,2,"[15, 19]","[3, 7]","[7, 3]","[0, 1]",1,"[9, 0]",1,0,1,0,0,0,5,27
2024122400694,2024,122400694,381251,470763,-2.28843,54.13237,2,2,1,11:05,-1,E06000065,4,0,1,0,2,13,5,1,0,1,11,0,0,1,0,0,0,5,19
2024122400695,2024,122400695,503049,485380,-0.41977,54.25373,3,3,4,07:46,-1,E06000065,3,0,1,0,2,"[19, 7]","[6, 7]","[2, 1]",0,"[7, 0]",0,1,0,0,0,0,0,6,19
2024122400696,2024,122400696,489665,511094,-0.6174,54.48727,3,3,4,09:00,-1,E06000065,6,0,1,0,1,1,1,5,0,0,0,1,0,0,0,0,1,6,26
2024122400698,2024,122400698,510288,479762,-0.31077,54.20175,2,"[3, 2]",4,19:00,-1,E06000065,3,0,1,0,2,"[9, 19]","[1, 5]","[7, 1]",0,0,0,1,0,0,0,0,0,7,10
2024122400699,2024,122400699,451160,453250,-1.22153,53.9728,1,1,7,08:53,-1,E06000014,6,0,1,0,2,19,3,7,0,1,1,1,0,0,0,0,0,6,1
2024122400700,2024,122400700,480644,513371,-0.75599,54.50924,3,3,7,10:54,-1,E06000065,3,0,1,0,2,"[19, 13]",7,3,0,0,0,1,0,0,0,0,0,6,1
2024122400701,2024,122400701,470599,487723,-0.91718,54.28028,2,2,4,14:20,-1,E06000065,6,0,7,1,2,19,6,8,12,7,0,0,0,1,0,0,0,7,10
2024122400702,2024,122400702,393663,452314,-2.09808,53.96686,1,1,4,13:19,-1,E06000065,6,0,1,0,2,19,"[5, 8]","[8, 5]",0,0,0,1,0,1,0,0,0,6,12
2024122400703,2024,122400703,504456,479572,-0.4002,54.20127,3,3,6,05:50,-1,E06000065,3,0,1,0,2,"[19, 5]",7,3,0,0,0,1,0,0,0,0,0,6,21
2024122400704,2024,122400704,466616,454104,-0.98575,53.97871,3,3,3,15:45,-1,E06000014,6,0,1,1,2,19,3,7,0,1,9,1,0,0,0,0,0,5,14
2024122400705,2024,122400705,442994,440161,-1.34785,53.8559,2,2,2,09:45,-1,E06000065,3,0,1,0,2,19,"[7, 5]","[3, 2]",0,0,0,1,1,0,0,0,0,6,24
2024122400706,2024,122400706,439624,466834,-1.39563,54.09589,3,3,5,10:50,-1,E06000065,6,0,1,0,2,5,1,5,0,0,0,1,0,0,0,0,1,5,16
2024122400707,2024,122400707,399731,448075,-2.00558,53.9288,3,3,1,11:30,-1,E06000065,3,0,1,0,2,19,5,1,0,0,0,0,0,1,0,0,0,5,19
2024122400708,2024,122400708,440995,457310,-1.37595,54.01019,3,3,4,21:10,-1,E06000065,3,2,1,0,2,"[7, 8]","[1, 3]","[3, 5]",0,0,0,1,0,0,0,0,0,5,15
2024122400709,2024,122400709,461538,452437,-1.0635,53.96436,3,3,7,11:19,-1,E06000014,6,0,1,0,1,4,7,3,0,0,0,1,1,0,0,0,0,5,18
2024122400710,2024,122400710,431120,467773,-1.52555,54.10491,2,2,4,11:19,-1,E06000065,3,0,2,1,2,19,"[6, 1]","[1, 6]",0,"[1, 0]",0,1,0,0,0,0,0,5,22
2024122400711,2024,122400711,460314,453203,-1.08201,53.97139,3,3,6,09:04,-1,E06000014,4,0,1,0,1,"[7, 19]",1,"[3, 5]",0,0,0,1,1,0,0,0,0,4,26
2024122400712,2024,122400712,451190,508207,-1.21173,54.46666,2,2,2,07:55,-1,E06000065,6,0,1,0,2,"[19, 2]","[8, 0]","[4, 0]",0,"[3, 0]","[10, 0]",1,0,0,0,0,0,7,15
2024122400713,2024,122400713,424546,499604,-1.6235,54.39133,2,2,5,11:37,-1,E06000065,4,0,1,0,2,"[3, 19]","[7, 3]","[3, 7]",0,"[1, 0]",0,1,0,0,0,0,0,5,9
2024122400714,2024,122400714,486288,512549,-0.66909,54.50093,3,3,4,06:00,-1,E06000065,3,0,2,1,2,19,8,4,0,1,10,1,0,0,0,0,0,5,22
2024122400715,2024,122400715,503048,488742,-0.41863,54.28393,3,3,4,10:39,-1,E06000065,6,0,1,0,2,"[15, 2]","[5, 0]","[1, 0]",0,0,0,1,0,0,1,0,0,6,26
2024122400716,2024,122400716,441193,449945,-1.37392,53.94398,2,2,6,09:45,-1,E06000065,2,0,1,0,2,15,5,1,0,0,0,0,0,1,0,0,0,5,24
2024122400717,2024,122400717,381428,460832,-2.2851,54.04312,2,2,1,12:20,-1,E06000065,3,0,1,1,2,19,"[8, 4]","[4, 8]",0,"[7, 0]","[11, 0]",1,0,1,0,0,0,5,26
2024122400718,2024,122400718,449380,429173,-1.25253,53.75659,3,3,6,17:45,-1,E06000065,3,0,1,0,2,19,5,1,0,0,0,1,0,0,0,0,0,5,31
2024122400719,2024,122400719,366702,471142,-2.51112,54.13503,3,3,6,11:30,-1,E06000065,6,0,1,0,2,"[19, 5]","[5, 4]","[1, 8]",0,"[0, 3]","[0, 10]",1,0,0,0,0,0,5,24
2024122400720,2024,122400720,398602,451515,-2.02279,53.95972,3,3,5,20:47,-1,E06000065,3,2,1,0,1,"[19, 9]",3,7,0,0,0,1,0,0,0,0,0,4,25
2024122400721,2024,122400721,463393,427044,-1.04046,53.73594,3,3,6,14:53,-1,E06000065,3,0,1,0,2,19,1,5,0,0,0,1,0,0,0,0,0,7,19
2024122400722,2024,122400722,441630,456070,-1.36643,53.99899,3,3,2,15:00,-1,E06000065,2,0,1,0,2,"[11, 19]",1,5,0,"[0, 5]","[0, 7]",1,0,0,0,0,0,7,1
2024122400723,2024,122400723,459648,428902,-1.09687,53.75308,2,2,5,11:45,-1,E06000065,3,0,1,0,2,19,2,6,12,0,0,1,0,0,0,0,0,6,27
2024122400724,2024,122400724,462680,445112,-1.0476,53.8984,3,3,2,20:00,-1,E06000014,3,0,1,0,2,"[19, 7]",3,5,0,1,0,1,0,0,0,0,0,7,15
2024122400725,2024,122400725,382258,459502,-2.27235,54.0312,3,3,4,13:10,-1,E06000065,3,0,2,1,2,19,8,4,0,0,0,0,0,1,0,0,0,5,22
2024122400726,2024,122400726,503604,488617,-0.41014,54.2827,3,3,4,13:35,-1,E06000065,3,0,1,0,1,"[19, 7]","[3, 5]",7,0,0,0,1,0,0,0,0,0,6,26
2024122400727,2024,122400727,414900,459304,-1.77403,54.02951,1,"[1, 3]",4,18:42,-1,E06000065,6,0,1,0,2,"[15, 19]","[3, 7]","[7, 3]",0,0,0,1,0,1,0,0,0,6,19
2024122400728,2024,122400728,451799,511669,-1.20173,54.49771,2,2,2,17:10,-1,E06000065,4,0,1,0,2,19,"[1, 5]","[7, 3]",0,0,0,1,0,1,0,0,0,6,24
2024122400729,2024,122400729,462269,446908,-1.05349,53.91459,3,3,7,09:53,-1,E06000014,3,0,1,0,2,4,5,1,0,0,0,1,0,0,0,0,0,6,8
2024122400731,2024,122400731,426081,456913,-1.60355,54.00758,3,3,3,19:19,-1,E06000065,3,0,1,0,2,"[19, 9]","[3, 5]","[7, 1]",0,"[7, 0]",0,1,0,0,0,0,0,7,2
2024122400732,2024,122400732,397661,443411,-2.03707,53.88688,3,3,4,19:30,-1,E06000065,6,0,1,0,2,19,4,1,0,0,0,1,0,0,0,0,1,6,26
2024122400733,2024,122400733,399122,451613,-2.01487,53.9606,3,3,3,16:20,-1,E06000065,3,0,1,0,1,5,3,7,0,0,0,1,0,0,0,0,1,5,21