collision_index,collision_year,collision_ref_no,location_easting_osgr,location_northing_osgr,longitude,latitude,casualty_severity,casualty_severity,day_of_week,time,local_authority_district,local_authority_ons_district,first_road_class,light_conditions,weather_conditions,road_surface_conditions,urban_or_rural_area,vehicle_manoeuvre,vehicle_direction_from,vehicle_direction_to,hit_object_in_carriageway,vehicle_leaving_carriageway,hit_object_off_carriageway,is_car,is_cyle,is_mcyle,is_goodsv,is_other,is_pedestrian,month,day
2024122401052,2024,122401052,463517,459986,-1.03177,54.03196,3,3,1,00:01,-1,E06000014,6,0,2,1,2,"[5, 19]","[7, 5]","[5, 1]",0,"[0, 7]","[0, 9]",1,0,0,0,0,0,9,8
2024122401053,2024,122401053,460850,430333,-1.07836,53.7658,2,2,7,14:41,-1,E06000065,6,0,1,0,1,19,7,3,0,0,0,0,0,1,0,0,0,9,14
2024122401054,2024,122401054,393282,452677,-2.1039,53.97012,3,3,3,19:46,-1,E06000065,6,2,2,1,2,19,5,2,0,1,9,1,0,0,0,0,0,10,1
2024122401055,2024,122401055,421408,505274,-1.67141,54.44243,3,3,6,09:27,-1,E06000065,3,0,1,0,2,"[7, 10]",5,7,0,"[1, 0]","[1, 0]",1,0,0,1,0,0,8,9
2024122401056,2024,122401056,468121,485785,-0.95568,54.2632,3,3,6,17:28,-1,E06000065,6,0,1,0,2,19,"[5, 1]","[1, 5]",0,"[0, 8]","[0, 10]",1,0,0,0,1,0,8,30
2024122401057,2024,122401057,433415,480996,-1.48899,54.2236,3,3,1,00:01,-1,E06000065,3,0,1,0,2,"[4, 19]","[7, 5]","[3, 1]",0,"[0, 1]",0,0,0,1,0,1,0,8,4
2024122401058,2024,122401058,430557,507311,-1.53014,54.46027,3,3,6,13:28,-1,E06000065,3,0,1,0,2,"[5, 15]",8,1,0,0,0,1,0,0,0,0,0,8,23
2024122401059,2024,122401059,438210,479693,-1.41562,54.21156,2,"[3, 2]",3,17:13,-1,E06000065,3,0,1,0,2,"[19, 3]","[5, 1]","[1, 5]",0,"[0, 1]","[0, 9]",1,0,0,0,0,0,7,30
2024122401061,2024,122401061,485277,472550,-0.69611,54.14172,3,3,1,11:59,-1,E06000065,6,0,1,0,2,19,2,6,0,0,0,0,0,1,0,0,0,4,7
2024122401062,2024,122401062,489371,510973,-0.62197,54.48624,3,3,3,13:55,-1,E06000065,3,0,1,0,1,19,3,7,0,0,0,1,0,0,0,0,1,8,13
2024122401063,2024,122401063,488476,511520,-0.63562,54.49131,3,3,2,08:15,-1,E06000065,3,0,2,1,1,5,"[1, 3]","[5, 8]",0,"[0, 1]",0,1,0,0,0,0,0,9,23
2024122401064,2024,122401064,427718,456949,-1.57857,54.00782,3,3,1,15:16,-1,E06000065,3,0,1,0,2,"[19, 9]",3,"[7, 1]",0,0,0,1,1,0,0,0,0,7,21
2024122401065,2024,122401065,425772,485069,-1.60587,54.26064,3,3,4,22:30,-1,E06000065,6,2,1,0,2,19,6,5,11,7,11,1,0,0,0,0,0,8,7
2024122401066,2024,122401066,456982,481235,-1.12753,54.22367,3,3,2,08:50,-1,E06000065,3,0,1,0,2,"[19, 5]","[3, 5]","[7, 1]",0,0,0,1,0,0,0,0,0,9,9
2024122401067,2024,122401067,461754,431120,-1.06449,53.77277,3,3,7,20:32,-1,E06000065,3,2,1,0,1,19,1,5,0,0,0,1,0,0,0,0,1,9,28
2024122401068,2024,122401068,448747,443454,-1.25988,53.88499,3,3,3,22:15,-1,E06000065,6,0,1,0,2,19,7,3,0,0,0,0,0,1,0,0,1,9,3
2024122401069,2024,122401069,429700,455372,-1.54848,53.99354,3,3,5,02:50,-1,E06000065,6,2,1,0,1,"[19, 2]","[7, 0]","[3, 0]",0,"[7, 1]","[10, 0]",1,0,0,0,0,0,10,10
2024122401070,2024,122401070,424486,461213,-1.62754,54.04631,3,3,1,13:26,-1,E06000065,4,0,1,0,2,"[13, 9]",3,"[7, 1]",0,"[7, 0]","[11, 0]",1,0,0,0,1,0,8,18
2024122401071,2024,122401071,379138,481477,-2.32151,54.22858,2,2,1,12:30,-1,E06000065,4,0,1,0,2,19,7,3,0,1,11,0,0,1,0,0,0,8,11
2024122401072,2024,122401072,453120,449503,-1.19231,53.93892,3,3,5,10:50,-1,E06000014,6,0,1,1,2,19,1,5,0,7,11,1,0,0,0,0,0,8,15
2024122401073,2024,122401073,467094,438184,-0.98195,53.83559,2,"[3, 2]",7,13:00,-1,E06000065,6,0,1,0,2,"[19, 9]","[4, 2]",8,0,"[1, 0]","[9, 0]",0,0,1,0,1,0,8,3
2024122401074,2024,122401074,418659,446446,-1.71743,53.91383,2,2,6,16:44,-1,E06000065,6,0,1,0,1,19,3,7,0,1,10,1,0,0,0,0,0,10,4
2024122401075,2024,122401075,414308,465529,-1.78277,54.08548,2,"[2, 3]",2,14:57,-1,E06000065,6,0,1,0,2,19,3,7,0,0,0,1,0,0,0,0,1,10,14
2024122401076,2024,122401076,460211,451651,-1.08388,53.95745,3,3,5,11:05,-1,E06000014,4,0,1,0,1,"[4, 3]",7,3,"[10, 0]",0,0,0,1,0,1,0,0,5,30
2024122401077,2024,122401077,427183,480621,-1.58461,54.2206,2,2,6,21:39,-1,E06000065,4,2,1,0,2,19,8,4,0,7,11,0,0,1,0,0,0,8,23
2024122401078,2024,122401078,502516,487495,-0.42723,54.27284,3,3,5,15:30,-1,E06000065,6,0,1,0,1,19,1,5,0,0,0,1,0,0,0,0,1,10,17
2024122401079,2024,122401079,416738,455304,-1.74619,53.99351,3,3,2,18:00,-1,E06000065,3,0,1,1,2,4,5,1,0,0,0,1,0,0,0,0,0,8,19
2024122401080,2024,122401080,485346,513152,-0.68345,54.50651,3,3,7,12:15,-1,E06000065,3,0,1,1,2,19,3,7,0,2,4,1,0,0,0,0,0,9,7
2024122401082,2024,122401082,456802,448901,-1.13634,53.93312,3,3,4,16:30,-1,E06000014,6,0,1,0,1,"[19, 4]",8,4,0,0,0,1,0,0,0,0,0,8,28
2024122401083,2024,122401083,501069,486286,-0.44985,54.26226,3,3,2,09:35,-1,E06000065,6,0,2,1,2,9,"[5, 1]","[3, 7]",0,0,0,1,0,0,0,0,0,9,23
2024122401085,2024,122401085,400246,464047,-1.99773,54.07235,3,3,2,15:44,-1,E06000065,6,0,1,0,2,19,5,1,0,0,0,1,0,0,0,0,1,8,12
2024122401086,2024,122401086,471313,468029,-0.91088,54.10322,3,3,5,09:14,-1,E06000065,6,0,1,1,2,19,"[7, 1]","[3, 2]",0,"[0, 1]","[0, 1]",1,0,0,0,0,0,10,17
2024122401087,2024,122401087,431426,455519,-1.52214,53.99476,2,2,5,00:01,-1,E06000065,3,2,1,0,1,"[5, 19]","[3, 1]","[7, 5]",0,0,0,1,1,0,0,0,0,10,10
2024122401089,2024,122401089,399308,451650,-2.01203,53.96093,3,3,7,17:20,-1,E06000065,6,0,1,0,1,19,7,1,0,0,0,1,0,0,0,0,1,10,5
2024122401090,2024,122401090,495426,482683,-0.53759,54.23098,1,"[1, 2]",5,00:01,-1,E06000065,3,0,1,0,2,"[19, 4]","[3, 7]","[7, 3]",0,"[8, 0]","[4, 0]",1,0,0,1,0,0,10,17
2024122401091,2024,122401091,414412,487070,-1.78016,54.27907,3,3,7,14:16,-1,E06000065,3,0,1,0,2,19,1,5,0,0,0,1,0,0,0,0,0,8,10
2024122401092,2024,122401092,426787,446906,-1.59365,53.91761,3,3,6,00:14,-1,E06000065,6,0,1,0,2,19,7,3,0,2,4,1,0,0,0,0,0,9,20
2024122401093,2024,122401093,457580,448972,-1.12448,53.93368,3,3,6,17:42,-1,E06000014,6,0,1,0,1,"[14, 10]","[7, 1]","[3, 5]",0,0,0,1,0,1,0,0,0,9,20
2024122401094,2024,122401094,457604,454888,-1.123,53.98684,3,3,2,07:28,-1,E06000014,3,0,1,0,1,"[4, 3]",5,1,0,0,0,1,0,0,0,0,0,9,16
2024122401095,2024,122401095,463326,454008,-1.03593,53.97826,3,3,5,18:32,-1,E06000014,6,0,1,0,2,19,6,2,0,1,1,1,0,0,0,0,0,8,8
2024122401096,2024,122401096,479707,471397,-0.78165,54.13225,3,3,7,18:15,-1,E06000065,4,0,1,0,1,"[2, 19]","[0, 5]","[0, 1]",0,0,0,1,1,0,0,0,0,8,24
2024122401097,2024,122401097,416878,501045,-1.7415,54.40459,3,3,4,00:01,-1,E06000065,3,0,1,0,2,"[9, 19]","[6, 8]","[2, 4]",0,0,0,1,1,0,0,0,0,8,21
2024122401098,2024,122401098,446743,437004,-1.29134,53.82721,2,2,1,14:04,-1,E06000065,4,0,1,0,2,"[19, 13]",6,2,0,0,0,1,0,1,0,0,0,8,18
2024122401099,2024,122401099,503077,487939,-0.41846,54.27671,3,3,1,20:48,-1,E06000065,3,0,1,0,1,"[9, 19]","[3, 7]","[1, 3]",0,0,0,1,0,0,0,0,0,8,18
2024122401100,2024,122401100,432740,455401,-1.50211,53.99362,2,2,5,00:01,-1,E06000065,6,0,1,0,1,"[2, 19]","[0, 8]","[0, 4]","[0, 4]",0,0,1,0,0,0,0,0,8,29
2024122401101,2024,122401101,483751,473360,-0.71923,54.14925,3,3,3,07:42,-1,E06000065,3,0,1,0,2,19,3,7,11,1,3,1,0,0,0,0,0,7,30
2024122401102,2024,122401102,431237,470883,-1.52344,54.13285,3,3,1,10:25,-1,E06000065,6,0,1,0,1,7,4,6,0,3,11,1,0,0,0,0,0,8,25
2024122401103,2024,122401103,458770,474536,-1.10141,54.16327,3,3,5,11:09,-1,E06000065,6,0,1,0,2,19,"[7, 5]","[3, 1]",0,"[7, 1]",0,1,0,0,0,1,0,9,26
2024122401104,2024,122401104,458952,451258,-1.10314,53.95407,3,3,1,00:01,-1,E06000014,3,0,1,0,1,"[19, 9]","[3, 5]","[7, 3]",0,0,0,1,1,0,0,0,0,8,25
2024122401105,2024,122401105,435462,476310,-1.45815,54.18135,3,3,3,12:50,-1,E06000065,2,0,1,0,2,19,5,1,7,5,6,1,0,0,0,0,0,9,17
2024122401106,2024,122401106,480173,483651,-0.77126,54.24228,2,2,7,12:30,-1,E06000065,3,0,1,1,2,19,3,7,0,0,0,1,0,0,0,0,1,10,19
2024122401107,2024,122401107,381915,463838,-2.27785,54.07015,2,2,7,18:16,-1,E06000065,4,0,1,0,2,9,7,3,0,0,0,1,0,0,0,0,1,10,12
2024122401108,2024,122401108,515576,472384,-0.23258,54.13431,2,"[2, 3]",3,23:22,-1,E06000065,3,2,7,0,2,"[19, 13]","[8, 4]","[4, 8]",0,"[0, 1]",0,1,0,1,0,0,0,6,25
2024122401109,2024,122401109,424293,468527,-1.6299,54.11205,2,"[2, 3]",6,09:20,-1,E06000065,4,0,7,1,2,"[9, 19]","[4, 2]","[8, 6]",0,"[3, 7]","[0, 4]",1,0,0,0,0,0,10,25
2024122401110,2024,122401110,466268,457901,-0.99023,54.01288,3,3,1,19:10,-1,E06000014,3,0,1,0,2,19,"[8, 2]","[4, 6]",0,0,0,1,0,0,0,0,0,9,1
2024122401111,2024,122401111,411181,498890,-1.82934,54.38538,3,3,2,15:05,-1,E06000065,3,0,2,1,2,19,1,4,0,0,0,0,0,1,0,0,0,8,26
2024122401112,2024,122401112,431336,455503,-1.52351,53.99462,3,3,7,19:45,-1,E06000065,6,2,1,0,1,19,"[8, 7]","[4, 3]",0,0,0,0,1,0,0,0,0,8,17
2024122401113,2024,122401113,390589,450986,-2.1449,53.95488,3,3,5,21:32,-1,E06000065,3,2,1,0,2,19,6,3,0,1,4,1,0,0,0,0,0,8,29
2024122401114,2024,122401114,462502,437457,-1.05186,53.82963,2,2,1,15:45,-1,E06000065,3,0,1,0,2,"[19, 5]","[5, 7]","[1, 3]",0,0,0,1,0,1,0,0,0,9,22
2024122401115,2024,122401115,428543,459121,-1.56578,54.0273,3,3,3,16:50,-1,E06000065,3,0,1,0,2,"[19, 9]",5,"[1, 3]",0,0,0,1,0,1,0,0,0,10,22
2024122401116,2024,122401116,466264,457901,-0.99029,54.01288,3,3,1,17:20,-1,E06000014,3,0,1,0,2,"[3, 19]","[4, 8, 2]","[8, 4, 6]",0,0,0,1,0,0,0,0,0,9,15
2024122401117,2024,122401117,400799,445211,-1.98932,53.90306,3,3,5,10:00,-1,E06000065,4,0,9,0,1,"[9, 19]","[2, 5]","[7, 2]",0,0,0,1,1,0,0,0,0,9,12
2024122401118,2024,122401118,485316,474350,-0.695,54.15788,3,3,4,12:39,-1,E06000065,3,0,1,0,2,3,3,7,0,0,0,1,0,0,1,0,0,1,3
2024122401119,2024,122401119,472086,468017,-0.89906,54.103,3,3,6,19:27,-1,E06000065,6,0,1,0,2,19,7,3,0,0,0,0,0,0,0,1,1,5,10
2024122401120,2024,122401120,461653,479741,-1.0562,54.20971,2,2,1,11:11,-1,E06000065,4,0,1,0,2,13,5,1,0,"[0, 7]","[0, 3]",1,0,1,0,0,0,7,28
2024122401121,2024,122401121,501850,481790,-0.43939,54.22172,3,3,4,15:08,-1,E06000065,4,0,1,0,2,"[4, 19]",1,5,0,0,0,1,0,1,0,0,0,10,30
2024122401122,2024,122401122,459200,450720,-1.09947,53.9492,3,3,1,14:10,-1,E06000014,3,0,1,0,1,"[9, 19]","[4, 2]","[2, 6]",0,0,0,1,0,1,0,0,0,8,25
2024122401123,2024,122401123,453178,508595,-1.18099,54.46995,3,3,6,14:40,-1,E06000065,3,0,1,0,2,19,2,7,0,0,0,1,0,0,0,0,0,2,23
2024122401124,2024,122401124,392483,456974,-2.11619,54.00873,2,2,1,16:01,-1,E06000065,6,0,1,0,2,"[13, 9]",8,4,0,0,0,0,0,1,0,1,0,3,24
2024122401125,2024,122401125,364632,469337,-2.54258,54.11867,2,2,6,18:25,-1,E06000065,4,0,1,0,2,19,"[3, 6]","[6, 3]",0,0,0,1,0,1,0,0,0,8,9
2024122401126,2024,122401126,459278,431777,-1.10193,53.77896,2,"[2, 3]",5,15:18,-1,E06000065,6,0,1,0,2,"[9, 19]",3,7,0,7,0,1,0,0,0,0,0,7,25
2024122401127,2024,122401127,424313,468728,-1.62958,54.11386,3,3,5,07:47,-1,E06000065,4,0,1,1,2,19,"[5, 8]","[3, 5]",0,"[2, 0]","[11, 0]",1,0,0,0,0,0,10,24
2024122401128,2024,122401128,440342,474930,-1.38357,54.16859,3,3,2,07:30,-1,E06000065,6,0,1,0,2,19,7,3,0,0,0,0,0,1,0,0,0,9,23
2024122401129,2024,122401129,386164,490535,-2.21416,54.31022,3,3,7,12:30,-1,E06000065,3,0,1,0,2,4,6,2,0,0,0,0,0,1,0,0,0,9,28
2024122401130,2024,122401130,437071,494120,-1.4313,54.34129,3,3,2,15:30,-1,E06000065,6,0,1,1,1,19,7,3,0,0,0,1,0,0,0,0,1,9,30
2024122401131,2024,122401131,434932,457618,-1.46842,54.0134,3,3,4,08:45,-1,E06000065,6,0,1,0,1,"[19, 7]","[1, 3]",5,0,0,0,1,0,0,0,0,0,10,2
2024122401132,2024,122401132,456638,423475,-1.14351,53.70464,3,3,7,10:45,-1,E06000065,3,0,1,0,2,"[19, 9]",6,"[2, 4]",0,0,0,1,0,1,0,0,0,8,24
2024122401133,2024,122401133,495542,478472,-0.53715,54.19312,3,3,6,13:04,-1,E06000065,6,2,1,0,2,19,"[5, 1]","[1, 5]","[6, 0]",0,0,1,0,0,0,0,0,11,1
2024122401134,2024,122401134,426701,452885,-1.59444,53.97135,3,3,3,12:24,-1,E06000065,4,0,1,0,2,"[3, 19]",6,2,0,0,0,1,0,0,0,0,0,9,3
2024122401135,2024,122401135,399956,464062,-2.00217,54.07249,3,3,6,09:40,-1,E06000065,6,0,1,0,2,19,3,5,10,1,10,1,0,0,0,0,0,10,11
2024122401136,2024,122401136,427912,457272,-1.57558,54.01072,3,3,5,08:50,-1,E06000065,4,0,1,1,2,19,1,5,0,0,0,1,0,0,0,0,0,10,17
2024122401137,2024,122401137,504753,486785,-0.39314,54.26601,3,3,2,21:37,-1,E06000065,6,2,1,0,1,19,"[5, 3]","[1, 7]",0,0,0,1,0,0,0,0,0,6,24
2024122401139,2024,122401139,503407,487158,-0.41367,54.26963,2,2,7,16:55,-1,E06000065,6,0,1,1,2,9,5,7,0,0,0,1,0,0,0,0,1,10,12
2024122401140,2024,122401140,460009,453394,-1.08662,53.97314,3,3,7,11:21,-1,E06000014,6,0,1,0,1,4,1,5,0,0,0,1,0,0,0,0,1,4,20
2024122401141,2024,122401141,469057,467433,-0.94551,54.09817,3,3,3,11:19,-1,E06000065,6,0,1,1,2,19,7,3,0,0,0,1,0,0,0,0,0,9,24
2024122401142,2024,122401142,447027,506335,-1.27625,54.45024,2,2,2,10:00,-1,E06000065,6,0,1,0,2,"[13, 19]",1,2,0,"[0, 1]",0,1,1,0,0,0,0,7,1
2024122401143,2024,122401143,456831,451510,-1.13541,53.95657,3,3,3,13:12,-1,E06000014,4,0,1,0,1,19,"[3, 5]","[7, 1]",0,0,0,1,1,0,0,0,0,9,24
2024122401144,2024,122401144,417691,498223,-1.72914,54.3792,2,2,7,19:46,-1,E06000065,6,2,1,0,1,19,3,7,0,0,0,1,0,0,0,0,1,9,28
2024122401145,2024,122401145,456378,467981,-1.13926,54.10464,3,3,5,14:01,-1,E06000065,6,0,2,1,2,19,"[1, 4]","[4, 1]",0,"[8, 0]","[10, 0]",1,0,0,0,0,0,9,26
2024122401146,2024,122401146,459750,452521,-1.09074,53.96533,3,3,2,19:45,-1,E06000014,3,2,1,0,1,"[7, 19]",8,"[2, 4]",0,0,0,1,1,0,0,0,0,9,9
2024122401147,2024,122401147,479347,484209,-0.78379,54.24743,2,2,6,08:30,-1,E06000065,6,0,9,0,2,5,9,9,0,0,0,1,0,0,0,0,1,9,13
2024122401148,2024,122401148,460176,451641,-1.08442,53.95737,3,3,6,20:41,-1,E06000014,4,2,1,0,1,"[3, 19]",7,3,0,0,0,1,0,0,0,0,0,9,20
2024122401149,2024,122401149,504092,487662,-0.40298,54.27402,3,3,2,13:20,-1,E06000065,3,0,1,0,1,19,1,5,0,0,0,1,0,0,0,0,1,10,14
2024122401150,2024,122401150,461151,483906,-1.06305,54.2472,3,3,5,16:11,-1,E06000065,3,0,1,0,2,"[19, 10]",7,3,0,0,0,1,0,0,0,0,0,6,20
2024122401151,2024,122401151,461147,456662,-1.06862,54.00238,3,3,2,08:45,-1,E06000014,3,0,2,1,2,4,2,6,0,0,0,1,0,0,0,0,0,6,10
2024122401152,2024,122401152,432188,455710,-1.5105,53.99643,3,3,2,18:39,-1,E06000065,3,0,1,0,1,"[14, 7]","[3, 5]",7,0,0,0,1,0,1,0,0,0,9,16
2024122401154,2024,122401154,428939,449209,-1.56067,53.93819,3,3,4,16:45,-1,E06000065,3,0,1,0,2,"[19, 5]","[2, 8]","[6, 4]",0,0,0,1,0,0,0,0,0,9,18
2024122401155,2024,122401155,461184,430158,-1.07333,53.76419,3,3,4,09:04,-1,E06000065,3,0,1,0,2,19,1,5,0,0,0,1,0,0,0,0,0,9,11
2024122401156,2024,122401156,458921,450102,-1.10384,53.94368,3,3,5,08:32,-1,E06000014,3,0,1,0,1,"[7, 19]",5,"[7, 1]",0,0,0,1,1,0,0,0,0,9,19
2024122401157,2024,122401157,459602,452710,-1.09295,53.96704,3,3,3,18:10,-1,E06000014,3,0,1,0,1,"[9, 19]",4,"[2, 8]",0,0,0,1,1,0,0,0,0,4,16
2024122401158,2024,122401158,448901,433423,-1.25913,53.79483,2,2,1,22:25,-1,E06000065,6,2,1,1,2,7,1,5,0,1,10,1,0,0,0,0,0,6,2
2024122401159,2024,122401159,461941,431329,-1.06162,53.77462,3,3,7,18:55,-1,E06000065,6,2,1,0,1,"[2, 14]","[0, 1]","[0, 7]","[0, 4]",0,0,1,0,0,0,1,0,9,28
2024122401160,2024,122401160,448825,443507,-1.25868,53.88546,2,2,5,13:30,-1,E06000065,6,0,1,0,2,4,3,1,0,0,0,0,0,0,1,0,0,8,29
2024122401161,2024,122401161,478731,471647,-0.79652,54.13465,3,3,5,17:28,-1,E06000065,4,0,1,0,1,19,"[1, 3]","[3, 1]",0,0,0,1,1,0,0,0,0,9,12
2024122401162,2024,122401162,447686,500826,-1.26697,54.40068,3,3,1,12:10,-1,E06000065,6,0,1,0,2,19,1,5,0,0,0,1,1,0,0,0,0,9,15
2024122401163,2024,122401163,431438,471572,-1.5203,54.13903,3,3,5,11:47,-1,E06000065,6,0,1,0,1,"[2, 9]","[0, 4]","[0, 2]",0,"[0, 7]","[0, 11]",1,0,0,0,0,0,9,12
2024122401164,2024,122401164,432725,482683,-1.49939,54.23881,2,2,3,00:01,-1,E06000065,3,2,1,0,2,"[9, 19]","[3, 1]","[7, 5]",0,0,0,1,0,1,0,0,0,11,12
2024122401165,2024,122401165,431008,471262,-1.52691,54.13627,3,3,5,08:30,-1,E06000065,6,0,1,0,1,7,3,5,0,0,0,1,0,0,0,0,1,10,3
2024122401166,2024,122401166,440389,459691,-1.38488,54.03163,3,3,5,13:40,-1,E06000065,2,0,1,0,2,19,1,5,0,0,0,1,0,0,0,0,0,9,19
2024122401167,2024,122401167,462070,432049,-1.05951,53.78108,3,3,3,11:59,-1,E06000065,6,0,1,0,1,"[7, 19]","[1, 4]","[4, 8]",0,0,0,1,0,1,0,0,0,10,8
2024122401168,2024,122401168,430946,471451,-1.52784,54.13797,2,2,7,14:00,-1,E06000065,6,0,1,0,1,5,5,7,0,0,0,1,0,0,0,0,1,8,10
2024122401169,2024,122401169,462583,439789,-1.05016,53.85057,2,2,5,00:01,-1,E06000065,3,0,1,0,2,"[15, 6]",1,"[5, 1]",0,0,0,1,0,1,0,0,0,10,3
2024122401170,2024,122401170,452808,465020,-1.19437,54.0784,3,3,7,18:27,-1,E06000065,6,0,1,0,2,"[4, 3]",3,7,0,0,0,1,0,0,0,0,0,9,28
2024122401171,2024,122401171,458229,454108,-1.11361,53.97976,3,3,2,20:50,-1,E06000014,3,2,1,0,1,19,8,4,0,0,0,0,1,0,0,0,0,9,2
2024122401172,2024,122401172,460044,452316,-1.0863,53.96345,3,3,2,18:15,-1,E06000014,3,0,1,0,1,"[7, 19]",8,"[2, 4]",0,0,0,1,1,0,0,0,0,9,16
2024122401173,2024,122401173,434899,494477,-1.46467,54.34465,3,3,3,16:15,-1,E06000065,4,0,1,0,2,9,"[7, 5]","[5, 3]",0,0,0,1,0,0,0,0,0,9,10
2024122401174,2024,122401174,462048,451843,-1.05585,53.95896,3,3,1,15:00,-1,E06000014,6,0,9,0,1,"[1, 19]","[1, 3]","[5, 7]",0,0,0,1,1,0,0,0,0,4,14
2024122401175,2024,122401175,503605,488946,-0.41001,54.28565,3,3,5,18:30,-1,E06000065,3,0,1,0,1,19,7,3,0,0,0,1,0,0,0,0,1,9,26
2024122401176,2024,122401176,379904,473520,-2.30922,54.1571,3,3,7,18:36,-1,E06000065,4,0,1,0,2,19,"[5, 1]","[1, 4]",0,0,0,1,0,1,0,0,0,9,7
2024122401177,2024,122401177,395240,474862,-2.07441,54.16953,2,2,6,15:00,-1,E06000065,4,0,1,0,2,"[13, 4]","[1, 3]","[5, 1]",0,0,0,1,0,1,0,0,0,11,8
2024122401178,2024,122401178,460131,451631,-1.0851,53.95728,3,3,3,10:05,-1,E06000014,6,0,2,1,1,"[9, 19]","[7, 3]","[5, 7]",0,0,0,0,1,0,1,0,0,6,11
2024122401179,2024,122401179,456321,453313,-1.14285,53.97283,3,3,4,11:56,-1,E06000014,3,0,1,0,2,19,2,5,0,0,0,1,0,0,0,0,0,9,18
2024122401180,2024,122401180,503095,489317,-0.41771,54.28909,3,3,2,13:50,-1,E06000065,6,0,1,0,1,19,"[7, 5]","[3, 1]",0,0,0,1,1,0,0,0,0,9,23
2024122401181,2024,122401181,503007,487921,-0.41954,54.27657,3,3,3,08:40,-1,E06000065,6,0,1,0,1,"[3, 5]","[7, 5]","[3, 2]",0,0,0,1,0,0,0,0,0,10,22
2024122401182,2024,122401182,432513,455784,-1.50553,53.99707,2,2,4,15:50,-1,E06000065,3,0,1,0,1,"[19, 9]","[3, 7]","[7, 5]",0,0,0,1,0,1,0,0,0,10,30
2024122401183,2024,122401183,380816,464794,-2.2947,54.07871,3,3,1,14:20,-1,E06000065,4,0,1,1,2,"[19, 9]","[5, 7]","[8, 5]",0,0,0,1,0,0,0,0,0,9,8
2024122401184,2024,122401184,445901,436815,-1.30416,53.82558,3,3,7,11:17,-1,E06000065,4,0,1,0,2,19,"[3, 7]","[7, 3]",0,0,0,1,0,1,0,0,0,9,21
2024122401185,2024,122401185,399003,451697,-2.01668,53.96136,3,3,4,09:45,-1,E06000065,3,0,1,0,1,"[9, 5]",1,"[6, 5]",0,0,0,1,1,0,0,0,0,9,25
2024122401186,2024,122401186,428538,453844,-1.56634,53.97987,3,3,6,07:00,-1,E06000065,4,2,1,1,1,"[9, 19]","[6, 2]","[4, 6]",0,0,0,1,0,0,0,0,0,10,25
2024122401187,2024,122401187,454429,434170,-1.17508,53.80099,3,3,5,17:17,-1,E06000065,4,0,1,0,2,"[19, 9, 7]","[7, 1]","[1, 7]",0,0,0,1,0,0,0,0,0,10,17
2024122401188,2024,122401188,460337,448340,-1.08261,53.92768,3,3,1,14:20,-1,E06000014,3,0,1,1,2,"[19, 4]",8,3,"[0, 6]",0,0,1,0,0,0,0,0,9,1
2024122401189,2024,122401189,503405,488321,-0.4133,54.28008,3,3,5,08:40,-1,E06000065,6,0,1,0,1,19,7,3,0,0,0,1,0,0,0,0,1,10,24
2024122401190,2024,122401190,442515,482557,-1.34921,54.23696,3,3,2,10:59,-1,E06000065,6,0,1,0,2,1,4,8,0,0,0,1,0,0,0,0,1,7,1
2024122401191,2024,122401191,401566,445491,-1.97765,53.90558,3,3,5,16:33,-1,E06000065,3,0,1,1,1,19,3,7,0,1,4,1,0,0,0,0,0,10,17
2024122401192,2024,122401192,501110,495375,-0.44614,54.34391,2,"[2, 3]",3,15:10,-1,E06000065,6,0,1,1,2,19,1,5,0,7,4,1,0,0,0,0,0,11,12
2024122401193,2024,122401193,503232,485892,-0.41679,54.25829,3,3,4,13:00,-1,E06000065,3,0,1,0,1,19,"[7, 1]","[1, 5]",0,0,0,1,1,0,0,0,0,10,30
2024122401194,2024,122401194,457526,454847,-1.12419,53.98648,3,3,3,09:00,-1,E06000014,3,0,1,0,2,"[4, 19]",1,5,0,0,0,1,0,0,0,0,0,10,22
2024122401195,2024,122401195,458238,452346,-1.11381,53.96392,2,"[3, 2]",3,11:46,-1,E06000014,6,0,1,0,1,19,"[3, 7]","[7, 3]","[0, 6]",0,0,1,0,0,1,0,0,10,22
2024122401196,2024,122401196,460347,452786,-1.08158,53.96764,3,3,3,18:21,-1,E06000014,6,0,1,0,1,19,3,1,0,0,0,1,1,0,0,0,0,9,24
2024122401197,2024,122401197,460481,451802,-1.07974,53.95878,3,3,3,14:02,-1,E06000014,6,0,1,0,1,19,6,2,0,0,0,0,0,0,1,0,1,9,24
2024122401198,2024,122401198,381724,464084,-2.28078,54.07236,2,2,2,19:06,-1,E06000065,4,0,1,0,2,19,5,1,0,7,3,0,0,0,0,1,0,9,9
2024122401199,2024,122401199,442761,481879,-1.34553,54.23084,3,3,4,19:30,-1,E06000065,3,2,9,0,2,"[13, 9]",2,8,0,0,0,1,1,0,0,0,0,7,17
2024122401200,2024,122401200,503235,486227,-0.41663,54.2613,3,3,1,13:40,-1,E06000065,3,0,1,0,1,"[4, 3]",7,3,0,0,0,1,0,0,0,0,0,7,28
2024122401202,2024,122401202,398615,451477,-2.0226,53.95938,2,2,5,08:30,-1,E06000065,6,0,1,0,1,5,4,8,0,0,0,1,0,0,0,0,1,10,3
2024122401204,2024,122401204,502155,484655,-0.43374,54.2474,3,3,1,22:00,-1,E06000065,6,2,1,0,2,4,1,5,0,3,10,1,0,0,0,0,0,8,11