collision_index,collision_year,collision_ref_no,location_easting_osgr,location_northing_osgr,longitude,latitude,casualty_severity,casualty_severity,day_of_week,time,local_authority_district,local_authority_ons_district,first_road_class,light_conditions,weather_conditions,road_surface_conditions,urban_or_rural_area,vehicle_manoeuvre,vehicle_direction_from,vehicle_direction_to,hit_object_in_carriageway,vehicle_leaving_carriageway,hit_object_off_carriageway,is_car,is_cyle,is_mcyle,is_goodsv,is_other,is_pedestrian,month,day
2024122500044,2024,122500044,451449,482984,-1.21208,54.23998,3,3,5,10:00,-1,E06000065,3,0,7,1,2,19,"[3, 7]","[7, 3]",0,0,0,1,0,0,0,0,0,11,7
2024122500046,2024,122500046,460583,451628,-1.07822,53.9572,3,3,3,18:41,-1,E06000014,6,2,1,0,1,"[9, 19]","[3, 5]","[4, 1]",0,0,0,1,1,0,0,0,0,11,26
2024122500047,2024,122500047,502176,489157,-0.43188,54.28784,3,3,2,15:00,-1,E06000065,6,0,1,0,1,"[19, 2]","[7, 0]","[2, 0]",0,0,0,1,0,0,0,0,0,9,9
2024122500048,2024,122500048,457866,444115,-1.12104,53.89,3,3,2,12:10,-1,E06000014,6,0,1,1,2,19,8,6,0,7,11,1,0,0,0,0,0,10,21
2024122500049,2024,122500049,489715,483096,-0.62505,54.23572,3,3,7,12:32,-1,E06000065,6,0,1,0,2,"[9, 19]","[7, 3]","[5, 7]",0,0,0,1,0,0,0,0,0,10,5
2024122500050,2024,122500050,461805,451309,-1.05966,53.95419,3,3,2,11:23,-1,E06000014,3,0,1,0,1,5,5,1,0,0,0,1,0,0,0,0,1,11,4
2024122500051,2024,122500051,405190,451588,-1.92239,53.96035,3,3,6,08:49,-1,E06000065,3,0,8,2,2,"[4, 19]",7,3,0,0,0,1,0,0,0,0,0,11,22
2024122500053,2024,122500053,393304,490908,-2.10443,54.31372,2,"[3, 2]",5,23:15,-1,E06000065,6,2,6,2,2,7,2,6,10,1,11,1,0,0,0,0,0,11,21
2024122500055,2024,122500055,506437,484242,-0.36819,54.24281,3,3,6,19:05,-1,E06000065,3,2,7,1,2,19,1,3,0,1,0,0,0,1,0,0,0,12,27
2024122500056,2024,122500056,501598,489951,-0.44048,54.29508,3,3,5,12:12,-1,E06000065,3,0,1,1,1,5,5,1,0,0,0,1,0,0,0,0,1,11,28
2024122500057,2024,122500057,421297,498392,-1.67362,54.38058,3,3,4,09:20,-1,E06000065,3,0,1,0,2,19,"[7, 3]","[3, 7]",0,"[0, 7]",0,1,0,0,0,0,0,10,30
2024122500059,2024,122500059,437429,473233,-1.4284,54.15356,3,3,1,15:55,-1,E06000065,2,0,1,0,2,19,6,2,0,1,9,1,0,0,0,0,0,10,6
2024122500061,2024,122500061,461039,451318,-1.07133,53.95436,3,3,2,16:00,-1,E06000014,3,0,1,0,1,"[19, 8]",2,"[7, 5]",0,0,0,1,0,0,1,0,0,5,13
2024122500062,2024,122500062,502086,488939,-0.43333,54.2859,3,3,7,09:53,-1,E06000065,3,0,2,1,1,"[7, 5]","[1, 7]",5,0,0,0,1,0,0,0,0,0,11,9
2024122500064,2024,122500064,459417,451076,-1.09609,53.95238,3,3,4,16:47,-1,E06000014,3,0,1,0,1,"[11, 19]",2,6,0,"[0, 1]",0,1,0,0,0,0,0,11,13
2024122500065,2024,122500065,429771,456126,-1.54732,54.00031,3,3,7,12:03,-1,E06000065,3,2,1,0,1,"[19, 4]",8,4,0,0,0,1,0,0,0,0,0,11,16
2024122500066,2024,122500066,443929,481595,-1.32766,54.22819,3,3,4,00:01,-1,E06000065,3,0,1,0,2,"[5, 3]",4,8,0,0,0,1,0,0,0,0,0,11,20
2024122500067,2024,122500067,430488,497234,-1.53224,54.36971,3,3,4,05:16,-1,E06000065,4,0,1,0,2,19,3,7,0,7,10,1,0,0,0,0,0,6,26
2024122500068,2024,122500068,459403,451037,-1.09631,53.95203,3,3,2,15:45,-1,E06000014,6,0,1,0,1,"[8, 19]",4,8,0,0,0,1,1,0,0,0,0,7,8
2024122500069,2024,122500069,449688,428394,-1.24799,53.74956,3,3,5,17:24,-1,E06000065,6,0,4,0,2,3,"[3, 7]","[7, 3]",0,0,0,1,0,0,0,1,0,10,17
2024122500070,2024,122500070,434855,492112,-1.46562,54.3234,2,"[3, 2]",1,16:39,-1,E06000065,3,2,1,0,2,"[1, 10, 19]","[7, 1, 5]","[3, 7, 1]",0,"[3, 0]",0,1,0,0,0,0,0,12,1
2024122500071,2024,122500071,435191,466531,-1.46344,54.09348,3,3,4,12:25,-1,E06000065,6,0,1,0,2,19,"[3, 7]","[7, 3]",0,0,0,1,1,0,0,0,0,8,28
2024122500072,2024,122500072,461026,451792,-1.07143,53.95863,3,3,3,18:35,-1,E06000014,6,2,1,0,1,"[19, 4]",5,1,0,0,0,1,1,0,0,0,0,11,12
2024122500073,2024,122500073,439323,484498,-1.39793,54.25465,3,3,3,19:54,-1,E06000065,6,2,1,0,2,19,"[4, 8]","[8, 4]",0,0,0,1,0,1,0,0,0,10,29
2024122500074,2024,122500074,509645,476558,-0.32179,54.17311,3,3,7,10:58,-1,E06000065,6,0,1,0,2,"[5, 19]","[1, 2]","[5, 6]",0,0,0,1,0,0,0,0,0,7,27
2024122500075,2024,122500075,430522,455198,-1.53596,53.99193,2,2,5,15:30,-1,E06000065,6,0,1,1,1,3,4,7,0,0,0,1,0,0,0,0,1,12,12
2024122500076,2024,122500076,459905,453289,-1.08822,53.97221,3,3,7,13:00,-1,E06000014,6,0,1,0,1,"[2, 14]","[0, 6]","[0, 8]","[0, 4]",0,0,1,0,0,0,0,1,9,28
2024122500077,2024,122500077,456080,450312,-1.14707,53.94588,3,3,5,16:38,-1,E06000014,3,2,8,1,2,"[4, 3, 19]","[1, 5]","[5, 2, 1]",0,0,0,1,0,0,0,0,0,11,14
2024122500078,2024,122500078,503261,486360,-0.41618,54.26249,3,3,5,13:04,-1,E06000065,3,0,1,0,1,"[19, 4]",1,5,0,0,0,1,0,0,0,0,0,12,12
2024122500079,2024,122500079,461657,432074,-1.06578,53.78135,3,3,7,17:10,-1,E06000065,6,2,1,0,1,19,"[1, 7]","[5, 3]",0,0,0,1,1,0,0,0,0,12,28
2024122500080,2024,122500080,461696,454757,-1.06063,53.98519,3,3,3,12:10,-1,E06000014,6,0,1,0,1,"[3, 15]","[7, 3]","[3, 7]",0,0,0,1,0,0,0,0,0,12,17
2024122500081,2024,122500081,455752,447502,-1.15258,53.92067,3,3,4,09:50,-1,E06000014,3,0,1,0,2,"[5, 19]","[6, 4]","[2, 8]",0,0,0,1,0,1,0,0,0,11,20
2024122500082,2024,122500082,459479,428630,-1.09949,53.75065,3,3,5,12:23,-1,E06000065,3,0,1,0,2,19,"[2, 6]","[6, 2]",0,0,0,1,0,0,0,0,0,11,7
2024122500083,2024,122500083,429490,505747,-1.54675,54.44627,3,3,5,16:40,-1,E06000065,6,2,1,0,2,19,"[5, 1]","[1, 5]",0,0,0,1,0,0,0,0,0,11,7
2024122500084,2024,122500084,432929,456033,-1.49916,53.99929,3,3,7,17:46,-1,E06000065,3,0,1,0,1,"[9, 19]","[5, 1]","[3, 5]",0,0,0,1,0,0,0,0,0,10,5
2024122500086,2024,122500086,459567,455011,-1.09304,53.98772,3,3,6,07:25,-1,E06000014,6,2,1,1,1,"[19, 5]","[6, 8]","[2, 6]",0,0,0,1,0,1,0,0,0,12,13
2024122500087,2024,122500087,503587,488957,-0.41028,54.28576,3,3,7,22:35,-1,E06000065,6,2,1,1,1,"[3, 4]",7,3,0,0,0,1,0,0,0,0,0,10,12
2024122500088,2024,122500088,417873,449591,-1.72921,53.94212,3,3,3,09:15,-1,E06000065,6,0,1,2,2,"[19, 5]","[3, 7]","[7, 3]",0,0,0,1,0,0,0,0,0,11,5
2024122500089,2024,122500089,432427,470419,-1.50528,54.12861,3,3,5,09:45,-1,E06000065,4,0,2,1,1,19,"[3, 8]","[7, 3]",0,"[0, 1, 7]",0,1,0,0,1,0,0,9,26
2024122500090,2024,122500090,400637,444622,-1.99179,53.89777,3,3,7,14:30,-1,E06000065,6,0,1,0,1,5,5,7,0,0,0,1,0,0,0,0,1,11,30
2024122500091,2024,122500091,503240,486236,-0.41655,54.26138,3,3,6,05:58,-1,E06000065,3,2,1,0,1,"[10, 19]","[3, 1]","[1, 5]",0,0,0,1,0,0,0,0,0,12,27
2024122500093,2024,122500093,477908,466763,-0.81037,54.09089,2,2,6,14:40,-1,E06000065,6,0,1,0,2,19,"[1, 5]","[5, 1]",0,"[1, 0]",0,1,0,0,0,0,0,12,20
2024122500094,2024,122500094,457383,452634,-1.12679,53.96661,3,3,4,21:40,-1,E06000014,6,2,2,1,1,7,4,2,11,1,1,1,0,0,0,0,0,12,4
2024122500095,2024,122500095,470922,469613,-0.91649,54.1175,2,2,5,12:45,-1,E06000065,6,0,1,0,2,19,1,5,0,0,0,1,1,0,0,0,0,12,19
2024122500096,2024,122500096,461124,432271,-1.07382,53.78318,3,3,2,15:25,-1,E06000065,3,0,1,0,1,3,8,3,0,0,0,1,0,0,0,0,1,12,16
2024122500097,2024,122500097,398812,464935,-2.01965,54.08033,2,2,1,12:30,-1,E06000065,6,0,1,0,2,"[7, 19]",7,3,0,0,0,1,1,0,0,0,0,10,27
2024122500099,2024,122500099,462521,445799,-1.04988,53.90459,3,3,6,15:19,-1,E06000014,3,0,1,0,2,19,"[5, 1]","[1, 5]",0,"[1, 7]","[0, 11]",1,0,0,0,0,0,11,22
2024122500100,2024,122500100,430891,455035,-1.53035,53.99044,3,3,6,18:09,-1,E06000065,3,2,1,0,1,9,5,3,0,0,0,1,0,0,0,0,1,11,8
2024122500101,2024,122500101,428159,457780,-1.57176,54.01527,3,3,3,23:16,-1,E06000065,4,2,5,1,2,19,2,6,0,7,9,1,0,0,0,0,0,12,31
2024122500102,2024,122500102,460841,452497,-1.07411,53.96498,3,3,6,09:14,-1,E06000014,3,0,1,0,1,"[5, 9]","[3, 1]","[7, 4]",0,0,0,1,1,0,0,0,0,12,6
2024122500104,2024,122500104,429938,451367,-1.54524,53.95753,3,3,3,10:44,-1,E06000065,6,2,9,0,2,19,"[1, 5]","[5, 1]",0,0,0,1,1,0,0,0,0,11,19
2024122500105,2024,122500105,460876,450691,-1.07394,53.94875,3,3,3,11:35,-1,E06000014,6,0,1,0,1,"[5, 8]",2,5,0,0,0,1,0,0,0,0,0,12,17
2024122500106,2024,122500106,460272,453017,-1.08268,53.96972,3,3,5,19:16,-1,E06000014,6,2,1,1,1,19,1,3,0,0,0,1,0,0,0,0,1,12,5
2024122500107,2024,122500107,368122,473163,-2.4896,54.15329,2,2,1,16:35,-1,E06000065,3,2,2,1,2,19,5,1,0,0,0,1,0,0,0,0,1,12,1
2024122500108,2024,122500108,456869,452196,-1.1347,53.96273,3,3,7,09:55,-1,E06000014,6,0,1,0,1,19,8,4,0,1,0,1,0,0,0,0,1,10,26
2024122500109,2024,122500109,461198,451368,-1.0689,53.95479,3,3,2,09:00,-1,E06000014,3,0,1,0,1,"[9, 19]","[1, 7]","[7, 3]",0,0,0,1,0,0,0,0,0,12,16
2024122500110,2024,122500110,456279,453269,-1.1435,53.97244,3,3,2,18:57,-1,E06000014,3,2,1,0,2,19,"[7, 1]",3,0,0,0,1,0,0,0,0,0,12,16
2024122500111,2024,122500111,429314,457277,-1.55418,54.01068,3,3,5,17:20,-1,E06000065,3,2,1,0,2,"[19, 3]",5,1,0,0,0,1,0,0,0,0,0,12,19
2024122500112,2024,122500112,463169,460714,-1.03693,54.03854,3,3,3,14:00,-1,E06000014,6,0,1,0,2,"[2, 19]","[0, 3]","[0, 7]",0,0,0,1,0,0,0,0,0,9,17
2024122500113,2024,122500113,442413,457104,-1.35434,54.00822,2,2,4,04:26,-1,E06000065,3,2,1,0,2,"[19, 5]","[7, 3]","[3, 7]",0,"[1, 0]",0,1,0,0,1,0,0,12,18
2024122500114,2024,122500114,422568,499892,-1.65394,54.39401,2,2,1,12:28,-1,E06000065,3,0,1,0,2,"[9, 19]","[3, 8]","[8, 4]",0,0,0,1,0,1,0,0,0,7,28
2024122500115,2024,122500115,429867,455224,-1.54595,53.9922,3,3,2,16:20,-1,E06000065,6,2,1,0,1,19,5,1,0,0,0,1,0,0,0,0,1,12,9
2024122500116,2024,122500116,401186,445349,-1.98343,53.9043,3,3,6,16:30,-1,E06000065,3,2,4,1,1,9,1,5,0,0,0,1,0,0,0,0,1,11,22
2024122500117,2024,122500117,460866,449757,-1.07428,53.94036,3,3,3,16:50,-1,E06000014,3,2,1,0,1,4,"[5, 6]",1,0,0,0,1,0,1,0,0,0,11,5
2024122500118,2024,122500118,423628,510370,-1.63678,54.48813,1,"[2, 1]",4,20:42,-1,E06000065,3,2,1,0,2,"[4, 19]",6,2,0,"[0, 1]",0,1,0,0,0,0,0,12,25
2024122500119,2024,122500119,422504,500171,-1.6549,54.39652,3,3,2,17:12,-1,E06000065,3,0,1,0,2,"[19, 9]",3,"[7, 1]",0,0,0,1,0,0,0,0,0,7,8
2024122500121,2024,122500121,421444,498036,-1.67138,54.37738,2,2,1,18:34,-1,E06000065,6,0,1,0,2,19,"[8, 5]","[5, 8]",0,0,0,1,0,0,0,0,0,6,30
2024122500122,2024,122500122,419667,458213,-1.70133,54.01955,2,"[2, 3]",5,10:03,-1,E06000065,4,0,1,0,2,19,"[4, 2]","[2, 4]",0,1,0,1,0,0,0,0,0,8,15
2024122500123,2024,122500123,432144,470518,-1.5096,54.12951,3,3,6,11:56,-1,E06000065,4,0,1,0,1,19,"[1, 7]","[7, 3]",0,0,0,1,0,0,0,0,0,11,29
2024122500124,2024,122500124,480255,481545,-0.77057,54.22335,3,3,2,09:07,-1,E06000065,3,0,4,0,2,19,"[5, 1]","[1, 5]",0,0,0,1,0,0,0,0,0,12,30
2024122500126,2024,122500126,459217,453170,-1.09873,53.97122,3,3,6,18:00,-1,E06000014,3,2,1,1,1,12,4,8,0,0,0,0,1,0,0,0,0,11,15
2024122500129,2024,122500129,479332,471382,-0.78739,54.13217,3,3,4,17:40,-1,E06000065,4,2,1,0,1,19,"[7, 3]","[5, 7]",0,0,0,1,0,0,0,0,0,12,18
2024122500130,2024,122500130,398972,451676,-2.01716,53.96117,2,2,2,13:45,-1,E06000065,6,0,2,1,1,1,6,2,0,0,0,1,0,0,0,0,1,9,30
2024122500132,2024,122500132,461168,454118,-1.0688,53.97951,3,3,2,22:27,-1,E06000014,6,2,1,0,1,19,7,3,0,0,0,1,0,0,0,0,0,12,30
2024122500133,2024,122500133,457619,451447,-1.12342,53.95591,2,2,2,08:19,-1,E06000014,6,0,1,0,1,5,5,1,0,0,0,1,0,0,0,0,1,12,16
2024122500134,2024,122500134,426968,454476,-1.59023,53.98564,3,3,1,21:12,-1,E06000065,3,2,8,1,2,19,3,7,0,7,0,1,0,0,0,0,0,9,22
2024122500135,2024,122500135,445099,452864,-1.31399,53.96989,2,"[3, 2]",7,23:20,-1,E06000065,6,2,1,0,2,19,"[2, 4]","[6, 8]",0,"[7, 3]","[11, 4]",1,0,0,0,0,0,10,19
2024122500136,2024,122500136,418535,494520,-1.71638,54.34589,3,3,6,14:55,-1,E06000065,6,0,1,0,2,"[19, 5]","[3, 5]","[7, 1]",0,0,0,1,0,0,0,0,0,11,22
2024122500138,2024,122500138,460155,451633,-1.08474,53.9573,3,3,3,20:00,-1,E06000014,4,2,1,0,1,4,3,7,0,0,0,0,0,0,1,0,1,12,10
2024122500141,2024,122500141,456313,511479,-1.13208,54.49552,3,3,6,15:21,-1,E06000065,3,0,1,0,2,19,5,"[1, 7]",0,0,0,1,0,1,0,0,0,11,1
2024122500144,2024,122500144,461997,456938,-1.05559,54.00475,3,3,5,17:10,-1,E06000014,3,0,1,0,2,"[14, 19]","[7, 5]","[3, 1]",0,0,0,1,1,0,0,0,0,7,25
2024122500145,2024,122500145,458489,448082,-1.1108,53.92558,2,2,1,19:30,-1,E06000014,3,2,1,0,2,"[19, 2]","[6, 0]","[2, 0]","[4, 1, 0]",0,0,1,0,0,0,0,1,12,29
2024122500146,2024,122500146,420640,498257,-1.68374,54.3794,3,3,4,16:55,-1,E06000065,3,2,2,1,2,"[3, 10]",3,7,0,0,0,1,0,0,0,0,0,12,4
2024122500147,2024,122500147,475390,465847,-0.84909,54.08303,3,3,6,11:05,-1,E06000065,6,0,1,0,2,19,"[6, 2]","[2, 6]",0,0,0,1,0,0,0,1,0,12,6
2024122500148,2024,122500148,459195,450716,-1.09954,53.94917,3,3,4,18:30,-1,E06000014,3,2,9,0,1,"[7, 19]","[3, 1]",5,0,0,0,1,1,0,0,0,0,12,4
2024122500150,2024,122500150,457557,454926,-1.12371,53.98719,3,3,7,19:55,-1,E06000014,3,2,1,0,2,"[8, 7]",8,3,0,0,0,1,0,0,0,0,0,11,30
2024122500151,2024,122500151,462737,450367,-1.04565,53.94562,3,3,4,18:00,-1,E06000014,6,2,1,0,1,19,8,4,0,0,0,0,1,0,0,0,1,10,2
2024122500152,2024,122500152,456866,452213,-1.13475,53.96288,3,3,5,17:48,-1,E06000014,6,0,1,0,1,"[19, 9]","[1, 5]","[5, 3]",0,0,0,1,0,1,0,0,0,11,7
2024122500153,2024,122500153,436822,494129,-1.43513,54.34139,3,3,6,00:01,-1,E06000065,3,0,1,0,1,7,1,5,0,0,0,1,0,0,0,0,1,11,22
2024122500154,2024,122500154,504169,488724,-0.40143,54.28354,3,3,7,00:01,-1,E06000065,6,2,1,0,1,19,"[8, 6]","[5, 3]",0,0,0,1,1,0,0,0,0,12,7
2024122500155,2024,122500155,399300,449389,-2.01215,53.94061,3,3,4,21:47,-1,E06000065,3,2,1,0,1,19,5,1,0,1,2,1,0,0,0,0,0,12,25
2024122500156,2024,122500156,483920,513289,-0.70543,54.50798,3,3,4,10:00,-1,E06000065,3,0,3,2,2,19,8,4,0,0,0,0,0,0,1,0,0,11,20
2024122500158,2024,122500158,459898,452438,-1.0885,53.96456,3,3,3,18:55,-1,E06000014,3,2,2,1,1,19,4,8,0,0,0,0,1,0,0,0,1,12,17
2024122500159,2024,122500159,436759,455750,-1.44077,53.99648,3,3,2,21:18,-1,E06000065,4,2,1,0,2,19,7,3,0,1,0,1,0,0,0,0,0,12,9
2024122500160,2024,122500160,464105,455467,-1.02375,53.99128,3,3,6,14:06,-1,E06000014,3,0,2,1,2,"[12, 13]",5,1,0,0,0,1,0,1,0,0,0,12,13
2024122500161,2024,122500161,386073,456536,-2.21397,54.00466,3,3,5,00:01,-1,E06000065,3,0,1,0,2,19,"[7, 4]","[4, 7]",0,0,0,1,0,0,0,0,0,12,12
2024122500162,2024,122500162,459178,452784,-1.0994,53.96775,3,3,4,08:00,-1,E06000014,6,0,1,0,1,19,4,8,0,0,0,1,0,0,0,0,1,11,6
2024122500163,2024,122500163,427863,491265,-1.57319,54.31622,3,3,2,15:05,-1,E06000065,3,0,1,0,2,"[1, 19]","[7, 5]","[3, 1]",0,"[7, 0]","[10, 0]",1,0,0,0,0,0,5,20
2024122500164,2024,122500164,460917,449441,-1.07356,53.93751,3,3,5,16:27,-1,E06000014,3,2,2,1,1,"[19, 9]","[1, 5]","[5, 3]",0,0,0,1,1,0,0,0,0,12,12
2024122500165,2024,122500165,429670,454351,-1.54904,53.98437,3,3,6,08:45,-1,E06000065,4,0,1,0,1,19,3,7,0,0,0,1,0,0,0,0,1,12,13
2024122500166,2024,122500166,459625,452688,-1.09261,53.96684,3,3,6,16:20,-1,E06000014,3,2,1,1,1,"[10, 19]",7,3,0,0,0,1,1,0,0,0,0,12,13
2024122500167,2024,122500167,411690,489302,-1.82188,54.2992,2,2,5,11:50,-1,E06000065,3,0,1,0,2,19,8,4,0,0,0,1,0,0,0,1,0,12,26
2024122500169,2024,122500169,504185,488933,-0.40111,54.28542,3,3,3,20:50,-1,E06000065,6,2,1,0,1,"[5, 19]",7,3,0,0,0,1,0,0,1,0,0,12,3
2024122500170,2024,122500170,430729,453400,-1.53298,53.97576,3,3,2,18:30,-1,E06000065,6,2,1,0,1,"[9, 19]","[7, 5]","[5, 1]",0,0,0,1,0,0,0,0,0,12,16
2024122500171,2024,122500171,411309,490429,-1.82769,54.30934,3,3,2,13:00,-1,E06000065,6,0,1,1,2,7,7,1,0,0,0,1,0,0,0,0,1,12,23
2024122500172,2024,122500172,436528,493282,-1.43976,54.3338,3,3,3,09:00,-1,E06000065,3,0,1,0,2,5,"[3, 5]",1,0,0,0,1,1,0,0,0,0,11,19
2024122500173,2024,122500173,461371,432021,-1.07013,53.78091,3,3,3,17:25,-1,E06000065,6,2,1,1,1,9,5,3,0,0,0,1,1,0,0,0,0,12,3
2024122500174,2024,122500174,445708,444346,-1.30597,53.89328,3,3,5,18:10,-1,E06000065,6,2,5,1,2,19,"[7, 1]","[3, 5]",0,1,"[4, 0]",1,0,0,0,0,0,12,5
2024122500175,2024,122500175,479101,471455,-0.79091,54.13287,3,3,2,23:17,-1,E06000065,4,2,1,0,1,19,5,1,0,0,0,1,0,0,0,0,1,12,23
2024122500176,2024,122500176,449464,434104,-1.25047,53.80089,3,3,1,12:40,-1,E06000065,6,0,1,0,2,"[19, 2]","[3, 0]","[7, 0]",0,0,0,1,0,0,0,0,0,12,1
2024122500178,2024,122500178,457736,450384,-1.12183,53.94635,3,3,7,02:00,-1,E06000014,6,2,1,0,1,"[2, 19]","[0, 5]","[0, 1]",0,0,0,1,0,0,0,0,0,8,10
2024122500180,2024,122500180,461697,430741,-1.06543,53.76937,3,3,3,10:33,-1,E06000065,6,0,1,0,2,19,5,1,0,1,2,1,0,0,0,0,0,12,31
2024122500181,2024,122500181,467668,500482,-0.9593,54.39532,3,3,7,19:24,-1,E06000065,6,2,4,1,2,"[19, 4]",6,2,0,"[7, 0]",0,1,0,0,0,0,0,12,14
2024122500182,2024,122500182,462977,432884,-1.04558,53.78847,3,3,2,11:50,-1,E06000065,6,2,2,1,2,19,7,3,0,0,0,0,1,0,0,0,0,12,23
2024122500183,2024,122500183,456509,447332,-1.14109,53.91906,3,3,7,10:16,-1,E06000014,6,0,5,1,2,"[15, 9]",5,"[1, 3]",0,0,0,1,0,1,0,0,0,12,21
2024122500185,2024,122500185,431347,457608,-1.52313,54.01354,2,2,1,16:19,-1,E06000065,6,2,4,1,1,"[10, 14]",6,"[4, 2]",0,0,0,1,1,0,0,0,0,12,15
2024122500186,2024,122500186,436996,493603,-1.43252,54.33665,3,3,2,13:18,-1,E06000065,3,0,1,0,1,"[5, 19]","[1, 7]","[5, 3]",0,0,0,1,0,0,0,0,0,12,16
2024122500188,2024,122500188,464047,451445,-1.02547,53.95514,3,3,3,08:00,-1,E06000014,6,2,1,0,1,"[19, 9]","[1, 3]","[5, 1]",0,0,0,1,0,1,0,0,0,12,17
2024122500193,2024,122500193,459197,460120,-1.09769,54.03368,3,3,2,14:00,-1,E06000014,4,0,1,0,2,4,5,1,0,0,0,1,0,1,0,0,0,9,16
2024122500197,2024,122500197,400952,445973,-1.98699,53.90991,3,3,3,00:01,-1,E06000065,6,0,2,0,2,1,2,6,0,0,0,1,0,0,0,0,1,12,17
2024122500199,2024,122500199,457888,452345,-1.11915,53.96395,3,3,3,21:13,-1,E06000014,3,2,2,1,1,19,7,3,0,0,0,1,0,0,0,0,1,12,17
2024122500200,2024,122500200,462631,454403,-1.04644,53.9819,2,2,2,14:48,-1,E06000014,6,0,1,1,2,5,6,8,0,3,2,1,0,0,0,0,0,12,30
2024122500201,2024,122500201,370547,470728,-2.45223,54.13155,3,3,4,22:00,-1,E06000065,3,2,5,1,2,"[19, 9]","[4, 2]",8,0,1,11,1,0,0,0,0,0,12,18
2024122500202,2024,122500202,458584,451589,-1.10869,53.95708,3,3,5,09:12,-1,E06000014,3,0,1,0,1,19,8,4,7,0,0,1,0,0,0,0,0,12,19
2024122500203,2024,122500203,464849,425094,-1.0188,53.71824,3,3,7,12:24,-1,E06000065,3,0,4,1,2,19,5,1,0,1,4,1,0,0,0,0,0,12,21
2024122500206,2024,122500206,400543,444943,-1.99322,53.90065,3,3,7,18:00,-1,E06000065,6,0,1,0,1,"[19, 7]","[3, 7]","[1, 3]",0,0,0,1,0,1,0,0,0,11,23
2024122500207,2024,122500207,460742,458235,-1.07448,54.01656,3,3,7,14:00,-1,E06000014,6,0,1,0,1,"[2, 14]","[0, 3]","[0, 7]",0,0,0,1,0,0,0,0,0,12,21
2024122500209,2024,122500209,385230,455884,-2.2268,53.99877,3,3,1,17:22,-1,E06000065,3,2,4,1,2,"[5, 19]","[3, 1]","[1, 5]",0,"[0, 7]",0,1,0,0,0,0,0,12,22
2024122500210,2024,122500210,474728,460343,-0.86056,54.03367,2,"[3, 2]",1,13:46,-1,E06000065,6,0,1,1,2,19,"[2, 6]","[6, 2]",0,7,0,1,0,0,0,0,0,12,22
2024122500211,2024,122500211,434525,494464,-1.47042,54.34456,3,3,3,23:03,-1,E06000065,4,0,1,0,2,"[13, 19]",3,7,0,0,0,1,1,0,0,0,0,12,24
2024122500212,2024,122500212,480020,473279,-0.77636,54.14911,3,3,5,12:04,-1,E06000065,4,0,1,1,2,19,4,7,0,0,0,0,0,1,0,0,0,12,26
2024122500213,2024,122500213,439543,465235,-1.39707,54.08152,3,3,2,16:44,-1,E06000065,2,2,4,0,2,19,1,5,0,0,0,1,0,0,0,0,0,12,30
2024122500214,2024,122500214,443078,482691,-1.34055,54.23811,3,3,6,10:20,-1,E06000065,6,0,1,0,2,1,6,2,0,0,0,1,0,0,0,0,1,12,20
2024122500219,2024,122500219,440169,481444,-1.38535,54.22714,3,3,3,18:00,-1,E06000065,3,0,1,0,2,"[19, 10]",3,"[7, 1]",0,0,0,1,0,0,0,0,0,12,17
2024122500222,2024,122500222,449668,474042,-1.24088,54.15979,2,2,5,10:26,-1,E06000065,3,0,1,0,2,"[3, 19, 2]","[6, 0]","[2, 0]",0,0,0,1,0,0,1,1,0,12,5
2024122500223,2024,122500223,500049,490304,-0.46416,54.29856,3,3,3,22:00,-1,E06000065,6,2,7,1,2,19,3,8,0,0,0,1,0,0,0,0,0,11,5
2024122500225,2024,122500225,398911,451423,-2.01808,53.95889,2,2,1,16:23,-1,E06000065,3,2,2,1,1,19,6,2,0,0,0,1,0,0,0,0,1,12,29
2024122500227,2024,122500227,461759,452221,-1.06018,53.96239,3,3,5,17:20,-1,E06000014,6,0,1,0,1,"[5, 19]","[7, 5]","[3, 1]",0,0,0,1,1,0,0,0,0,4,18
2024122500229,2024,122500229,419294,506508,-1.70393,54.4536,2,"[3, 2]",3,17:03,-1,E06000065,3,2,1,0,2,19,7,3,0,0,0,1,0,0,0,0,1,12,10
2024122500230,2024,122500230,466214,497142,-0.98243,54.3655,3,3,3,23:30,-1,E06000065,6,2,1,1,2,19,2,4,0,8,10,1,0,0,0,0,0,12,24
2024122500235,2024,122500235,467585,451445,-0.97157,53.95469,3,3,7,21:02,-1,E06000014,3,2,1,1,2,"[5, 19]","[8, 3]","[5, 7]",0,0,0,1,0,0,0,0,0,12,14
2024122500239,2024,122500239,382938,458563,-2.26192,54.02278,3,3,5,22:53,-1,E06000065,3,2,2,1,2,1,7,3,0,1,4,1,0,0,0,0,0,12,5
2024122500244,2024,122500244,459793,451388,-1.0903,53.95514,3,3,6,08:30,-1,E06000014,3,0,1,0,1,"[3, 19]",5,1,0,0,0,1,1,0,0,0,0,12,6
2024122500248,2024,122500248,461702,448935,-1.06171,53.93287,3,3,3,09:22,-1,E06000014,6,0,1,0,2,19,1,3,0,0,0,1,0,0,0,0,1,11,5
2024122500249,2024,122500249,429663,456878,-1.5489,54.00708,3,3,4,17:08,-1,E06000065,3,0,1,0,1,"[4, 19]","[1, 3]","[5, 7]",0,0,0,1,1,0,0,0,0,10,23