collision_index,collision_year,collision_ref_no,location_easting_osgr,location_northing_osgr,longitude,latitude,casualty_severity,casualty_severity,day_of_week,time,local_authority_district,local_authority_ons_district,first_road_class,light_conditions,weather_conditions,road_surface_conditions,urban_or_rural_area,vehicle_manoeuvre,vehicle_direction_from,vehicle_direction_to,hit_object_in_carriageway,vehicle_leaving_carriageway,hit_object_off_carriageway,is_car,is_cyle,is_mcyle,is_goodsv,is_other,is_pedestrian,month,day
2024122500250,2024,122500250,443002,457022,-1.34537,54.00744,3,3,3,16:00,-1,E06000065,3,0,1,0,2,"[4, 19]",5,"[3, 1]",0,"[0, 2]","[0, 3]",1,0,0,0,0,0,8,20
2024122500253,2024,122500253,461315,452501,-1.06689,53.96496,3,3,3,08:20,-1,E06000014,6,0,1,0,1,"[3, 19]","[3, 6]","[7, 1]",0,0,0,1,1,0,0,0,0,12,17
2024122500254,2024,122500254,453920,470161,-1.17646,54.12449,3,3,2,18:55,-1,E06000065,6,2,1,0,2,19,3,7,0,0,0,1,0,0,0,0,1,12,2
2024122500260,2024,122500260,454474,420109,-1.17687,53.67462,3,3,1,04:50,-1,E06000065,6,2,1,1,2,19,5,3,0,7,4,1,0,0,0,0,0,12,29
2024122500262,2024,122500262,460456,452375,-1.08,53.96393,3,3,4,18:00,-1,E06000014,3,2,1,1,1,"[5, 9]","[3, 5]","[5, 3]",0,0,0,1,1,0,0,0,0,12,18
2024122500283,2024,122500283,460859,452102,-1.07392,53.96143,3,3,2,06:04,-1,E06000014,3,2,1,1,1,"[19, 7]",8,"[4, 2]",0,0,0,1,1,0,0,0,0,12,30
2024122500304,2024,122500304,454971,471867,-1.16007,54.13971,3,3,7,11:00,-1,E06000065,6,0,1,1,2,19,"[3, 7]","[7, 3]",0,0,0,1,0,0,0,0,0,11,16
2024122500317,2024,122500317,460041,452013,-1.0864,53.96073,3,3,1,12:52,-1,E06000014,3,0,1,0,1,19,6,2,0,0,0,0,0,0,1,0,1,12,22
2024122500318,2024,122500318,459040,431701,-1.10556,53.7783,2,2,6,20:24,-1,E06000065,3,2,1,0,2,"[13, 19]",5,1,0,0,0,1,1,0,0,0,0,12,20
2024122500319,2024,122500319,459551,451233,-1.09402,53.95377,3,3,7,23:58,-1,E06000014,3,2,1,0,1,"[2, 19]","[0, 1]","[0, 5]",0,0,0,1,1,0,0,0,0,9,28
2024122500325,2024,122500325,421444,511450,-1.67041,54.49793,3,3,5,11:39,-1,E06000065,4,0,1,1,2,"[5, 3]","[3, 5]","[4, 1]",0,0,0,1,0,0,0,0,0,12,26
2024122500330,2024,122500330,476618,469999,-0.82927,54.12016,3,3,3,19:39,-1,E06000065,3,2,5,1,2,19,"[1, 4]","[4, 1]","[10, 0]","[1, 0]","[7, 0]",1,0,0,0,0,0,12,31
2024122500331,2024,122500331,392144,450482,-2.12119,53.95038,3,3,2,16:42,-1,E06000065,3,2,9,0,2,"[19, 10]",7,3,0,0,0,1,1,0,0,0,0,12,2
2024122500339,2024,122500339,459325,453044,-1.09711,53.97007,3,3,2,15:32,-1,E06000014,3,0,1,0,1,19,"[8, 2]","[4, 6]",0,0,0,0,1,0,1,0,0,11,4
2024122500340,2024,122500340,415701,508601,-1.75924,54.47253,3,3,6,12:40,-1,E06000065,3,0,1,0,2,"[4, 19]",3,7,0,0,0,1,0,0,0,0,0,3,22
2024122500350,2024,122500350,476727,512964,-0.81658,54.50619,3,3,2,16:45,-1,E06000065,3,2,1,0,2,19,"[1, 7]",3,0,"[0, 1]",0,1,0,0,0,0,0,11,4
2024122500351,2024,122500351,508330,475758,-0.34221,54.1662,3,3,2,22:15,-1,E06000065,6,2,1,1,2,19,7,2,12,7,4,1,0,0,0,0,0,11,11
2024122500354,2024,122500354,425136,495659,-1.61474,54.35585,3,3,7,00:01,-1,E06000065,2,2,5,0,2,19,1,5,0,4,1,1,0,0,0,0,0,12,21
2024122500358,2024,122500358,459802,451834,-1.09008,53.95915,3,3,2,10:31,-1,E06000014,3,0,2,1,1,9,4,2,0,0,0,1,0,0,0,0,1,4,1
2024122500365,2024,122500365,431860,463900,-1.51464,54.07006,3,3,2,09:12,-1,E06000065,6,0,1,1,2,19,"[8, 4]","[4, 8]",0,0,0,1,0,0,0,0,0,12,23
2024122500366,2024,122500366,460748,450982,-1.07583,53.95138,3,3,3,14:14,-1,E06000014,6,0,1,0,1,4,5,1,0,0,0,1,0,0,0,0,0,10,29
2024122500384,2024,122500384,435260,458207,-1.46335,54.01867,3,3,7,00:26,-1,E06000065,3,2,1,0,1,19,5,7,0,7,1,1,0,0,0,0,0,5,18
2024122500421,2024,122500421,459305,453055,-1.09741,53.97017,3,3,1,01:24,-1,E06000014,6,2,1,1,1,19,"[1, 5]","[3, 1]",0,0,0,1,1,0,0,0,0,10,13
2024122500425,2024,122500425,451897,511718,-1.20021,54.49814,3,3,6,08:44,-1,E06000065,4,0,1,0,2,19,"[8, 3]","[3, 8]",0,0,0,1,0,0,0,0,0,8,16
2024122500429,2024,122500429,440220,461692,-1.38719,54.04963,1,1,2,17:51,-1,E06000065,3,2,1,1,2,"[7, 19, 10]","[7, 5, 1]","[1, 5]",0,0,0,1,0,1,0,0,0,11,25
2024122500431,2024,122500431,386533,490249,-2.20847,54.30766,2,"[3, 2]",7,11:39,-1,E06000065,3,0,1,0,2,19,"[1, 5]","[5, 1]",0,"[0, 1]",0,1,0,1,0,0,0,10,5
2024122500432,2024,122500432,431831,491790,-1.51214,54.32071,2,"[3, 2]",3,00:12,-1,E06000065,3,2,1,0,2,19,7,3,0,1,1,1,0,0,0,0,0,10,22
2024122500433,2024,122500433,487426,475308,-0.66242,54.16614,2,"[2, 3]",5,08:43,-1,E06000065,3,0,1,0,2,"[19, 9]","[7, 1]","[3, 7]",0,0,0,1,0,1,0,0,0,10,24
2024122500435,2024,122500435,439537,489572,-1.39397,54.30024,2,2,3,06:48,-1,E06000065,3,2,1,1,2,19,1,5,0,1,4,1,0,0,0,0,0,11,26
2024122500436,2024,122500436,460860,444540,-1.07541,53.89347,2,2,5,08:05,-1,E06000014,6,0,8,2,2,19,"[3, 7]","[7, 3]",0,0,0,1,0,1,0,0,0,11,28
2024122500437,2024,122500437,430056,455398,-1.54305,53.99375,2,2,1,16:21,-1,E06000065,6,2,5,1,1,3,5,1,0,0,0,1,0,0,0,0,1,12,8
2024122500438,2024,122500438,388751,489678,-2.17436,54.30258,2,2,1,21:37,-1,E06000065,3,2,1,1,2,19,7,3,0,1,11,1,0,0,0,0,0,11,24
2024122500440,2024,122500440,498560,486957,-0.48813,54.26878,3,3,1,23:45,-1,E06000065,6,2,1,1,2,19,1,5,0,2,10,1,0,0,0,0,0,1,28
2024122500441,2024,122500441,455868,451469,-1.15009,53.9563,3,3,5,07:45,-1,E06000014,4,0,1,0,2,3,7,3,0,0,0,1,1,0,0,0,0,7,18
2024122500442,2024,122500442,463575,451897,-1.03257,53.95926,3,3,4,08:16,-1,E06000014,6,0,1,0,1,19,3,7,0,0,0,1,1,0,0,0,0,10,2
2024122500443,2024,122500443,453901,444595,-1.18127,53.89474,3,3,4,10:32,-1,E06000065,6,0,2,1,2,4,5,1,0,0,0,0,0,1,0,0,0,10,2
2024122500444,2024,122500444,469522,450977,-0.94216,53.95023,3,3,4,17:15,-1,E06000014,3,0,1,0,2,"[10, 9]",5,3,0,0,0,1,0,1,0,0,0,10,2
2024122500445,2024,122500445,400190,446701,-1.99859,53.91645,3,3,6,12:12,-1,E06000065,6,0,1,0,2,9,"[7, 5]",3,0,0,0,1,0,0,0,0,0,10,4
2024122500447,2024,122500447,503442,489563,-0.4123,54.29123,3,3,5,15:40,-1,E06000065,6,0,1,0,1,19,6,2,0,0,0,1,0,0,0,0,0,10,10
2024122500448,2024,122500448,423694,497270,-1.6368,54.37039,3,3,4,21:49,-1,E06000065,2,2,2,1,2,19,5,1,0,0,0,1,0,0,0,0,0,10,16
2024122500449,2024,122500449,432433,455772,-1.50675,53.99697,3,3,3,14:20,-1,E06000065,3,0,1,0,1,"[7, 19]","[1, 7]",3,0,0,0,1,1,0,0,0,0,10,22
2024122500451,2024,122500451,417861,501130,-1.72635,54.40532,3,3,5,11:51,-1,E06000065,6,0,1,0,2,19,1,5,0,0,0,1,0,0,0,0,1,10,24
2024122500452,2024,122500452,428372,458303,-1.56846,54.01996,3,3,5,07:58,-1,E06000065,6,0,1,0,2,19,4,8,0,0,0,1,0,0,0,0,1,10,24
2024122500453,2024,122500453,431446,455462,-1.52184,53.99425,3,3,1,10:10,-1,E06000065,3,0,1,0,1,19,5,1,0,0,0,1,1,0,0,0,0,11,3
2024122500454,2024,122500454,494497,468126,-0.5564,54.10036,3,3,2,13:57,-1,E06000065,6,0,1,0,2,"[5, 19]","[7, 1]","[3, 5]",0,"[0, 1]","[0, 10]",1,0,0,0,0,0,11,11
2024122500455,2024,122500455,472062,494585,-0.89306,54.34174,3,3,4,10:28,-1,E06000065,6,0,3,2,2,19,3,1,7,1,10,1,0,0,0,0,0,11,20
2024122500458,2024,122500458,462575,451782,-1.04783,53.95835,3,3,3,16:30,-1,E06000014,6,2,1,0,1,19,7,3,0,0,0,1,0,0,0,0,1,10,1
2024122500459,2024,122500459,459588,452723,-1.09317,53.96716,3,3,4,21:27,-1,E06000014,3,2,1,1,1,"[19, 9]",5,1,0,0,0,0,1,1,0,0,0,10,9
2024122500460,2024,122500460,399021,451595,-2.01641,53.96044,3,3,1,17:26,-1,E06000065,3,0,1,0,1,19,5,7,0,0,0,1,0,0,0,0,1,10,6
2024122500461,2024,122500461,445024,506078,-1.30718,54.44811,3,3,7,14:50,-1,E06000065,6,0,1,0,2,19,1,7,10,2,10,1,0,0,0,0,0,11,9
2024122500462,2024,122500462,428927,449211,-1.56085,53.93821,3,3,4,17:20,-1,E06000065,3,2,1,0,2,19,"[2, 4]","[6, 8]",0,0,0,1,0,0,0,0,0,12,18
2024122500463,2024,122500463,418527,494587,-1.7165,54.3465,3,3,5,19:00,-1,E06000065,6,0,1,0,2,19,1,5,0,0,0,1,0,0,0,0,1,10,24
2024122500464,2024,122500464,441909,469435,-1.36033,54.11908,3,3,5,13:42,-1,E06000065,6,0,1,1,2,19,"[5, 2]","[2, 5]",0,0,0,1,0,0,0,0,0,11,28
2024122500472,2024,122500472,430912,455912,-1.52994,53.99832,2,2,3,12:03,-1,E06000065,3,0,1,0,1,5,8,4,0,0,0,1,0,0,0,0,1,9,17
2024122500481,2024,122500481,419294,506508,-1.70393,54.4536,2,2,3,16:50,-1,E06000065,3,2,1,0,2,"[19, 5]","[7, 1]","[3, 5]",0,0,0,1,0,0,0,0,0,12,10
2024122500494,2024,122500494,430834,466073,-1.5301,54.08965,2,"[2, 3]",2,19:04,-1,E06000065,3,0,1,0,2,"[19, 6]","[5, 1]",1,0,"[7, 0]","[9, 0]",1,0,1,0,0,0,9,2
2024122500505,2024,122500505,462335,450694,-1.05171,53.9486,3,3,5,19:00,-1,E06000014,6,2,1,0,1,"[9, 19]",7,"[5, 3]",0,0,0,0,1,1,0,0,0,10,3
2024122500524,2024,122500524,462537,451636,-1.04844,53.95704,3,3,3,09:08,-1,E06000014,6,0,1,0,1,"[19, 4]","[1, 5]","[5, 7]",0,0,0,1,1,0,0,0,0,9,10
2024122500526,2024,122500526,462626,450577,-1.0473,53.94752,2,2,3,09:02,-1,E06000014,6,0,2,1,1,"[5, 19]","[1, 8]",4,0,0,0,1,1,0,0,0,0,7,9
2024122500541,2024,122500541,367657,473590,-2.49676,54.1571,2,"[3, 2]",6,16:31,-1,E06000065,3,0,1,0,2,"[19, 13]","[4, 8]","[8, 4]",0,0,0,1,0,0,0,0,0,10,25
2024122500542,2024,122500542,450838,419677,-1.23198,53.6711,3,3,5,07:20,-1,E06000065,6,2,1,2,2,19,5,1,0,0,0,1,0,0,0,0,0,11,28
2024122500560,2024,122500560,425409,461129,-1.61345,54.04551,1,1,3,18:23,-1,E06000065,6,0,1,0,2,19,3,7,0,0,0,1,1,0,0,0,0,8,20
2024131393611,2024,131393611,417428,432135,-1.73697,53.78525,3,3,2,02:09,-1,E08000032,3,2,2,1,1,19,5,1,0,1,"[11, 1]",1,0,0,0,0,0,1,1
2024131393725,2024,131393725,409350,436163,-1.85945,53.82166,3,3,2,18:45,-1,E08000032,6,2,2,1,2,"[9, 10]","[7, 1]","[1, 3]",0,0,0,1,0,0,0,0,0,1,1
2024131393751,2024,131393751,410808,430389,-1.83751,53.76973,3,3,2,00:58,-1,E08000032,3,2,5,1,1,"[19, 2]","[1, 0]","[5, 0]",0,0,0,1,0,0,0,0,0,1,1
2024131393755,2024,131393755,425834,429820,-1.60959,53.7641,3,3,2,23:45,-1,E08000035,3,2,8,1,1,19,5,1,0,"[1, 0]",0,1,0,0,0,0,0,1,1
2024131393812,2024,131393812,415060,416845,-1.77365,53.6479,2,2,3,06:55,-1,E08000034,4,2,1,0,1,19,1,5,0,0,0,1,0,0,0,0,1,1,2
2024131393903,2024,131393903,430755,435215,-1.53441,53.81232,3,3,2,06:30,-1,E08000035,6,2,9,0,1,19,5,1,7,0,0,1,0,0,0,0,0,1,1
2024131394041,2024,131394041,419391,434694,-1.70702,53.80818,2,"[3, 2]",3,16:01,-1,E08000035,6,2,2,1,2,19,1,5,0,4,0,1,0,0,0,0,0,1,2
2024131394055,2024,131394055,439750,430143,-1.39846,53.76613,3,3,3,13:37,-1,E08000035,6,0,2,1,2,19,"[3, 7]","[7, 3]",0,"[0, 7]","[0, 9]",1,0,0,0,0,0,1,2
2024131394076,2024,131394076,425880,429872,-1.60889,53.76456,2,2,3,17:15,-1,E08000035,3,2,2,1,1,19,2,6,0,0,0,1,1,0,0,0,0,1,2
2024131394088,2024,131394088,416876,424258,-1.74578,53.71447,3,3,2,19:51,-1,E08000033,1,2,5,1,2,19,7,3,0,0,0,1,0,0,0,0,0,1,1
2024131394091,2024,131394091,446218,422430,-1.30149,53.69627,3,3,2,17:37,-1,E08000036,6,0,2,1,1,14,7,3,0,0,0,1,0,0,0,0,1,1,1
2024131394104,2024,131394104,412458,425463,-1.81267,53.72542,3,3,2,15:58,-1,E08000033,3,2,2,1,1,"[9, 19]","[5, 1]","[3, 5]",0,0,0,1,0,0,0,0,0,1,1
2024131394330,2024,131394330,444174,423787,-1.33225,53.70865,3,3,4,12:32,-1,E08000036,1,0,1,0,2,19,6,2,0,0,0,1,0,0,0,0,0,1,3
2024131394364,2024,131394364,413970,420338,-1.78998,53.67932,3,3,4,13:00,-1,E08000034,3,0,2,1,1,19,2,2,10,1,4,1,0,0,0,0,0,1,3
2024131394444,2024,131394444,440052,423886,-1.39468,53.70987,3,3,3,07:30,-1,E08000036,3,2,2,1,1,19,7,3,0,0,0,1,0,0,0,0,0,1,2
2024131394447,2024,131394447,445049,421495,-1.31933,53.68797,2,2,3,13:05,-1,E08000036,3,0,2,1,1,19,3,7,0,0,0,1,0,0,0,0,1,1,2
2024131394450,2024,131394450,416304,434401,-1.75391,53.80565,3,3,4,16:02,-1,E08000032,3,0,1,1,1,19,5,1,0,0,0,1,0,0,0,0,0,1,3
2024131394462,2024,131394462,418382,432394,-1.72248,53.78754,3,3,4,16:45,-1,E08000032,6,2,2,1,1,-1,-1,-1,-1,-1,0,1,0,0,0,0,1,1,3
2024131394463,2024,131394463,413221,410779,-1.80173,53.59342,3,3,4,16:44,-1,E08000034,6,2,1,1,2,19,2,6,0,0,0,1,0,0,0,0,1,1,3
2024131394475,2024,131394475,418425,434511,-1.7217,53.80657,2,2,4,16:19,-1,E08000032,6,2,2,1,1,19,5,1,0,0,0,1,0,0,0,0,1,1,3
2024131394493,2024,131394493,419007,425245,-1.71343,53.72327,3,3,4,18:13,-1,E08000034,3,2,1,0,1,19,"[3, 1]","[7, 5]",0,"[1, 0]",0,1,0,0,0,0,0,1,3
2024131394504,2024,131394504,430370,434051,-1.54037,53.80188,2,2,4,19:15,-1,E08000035,2,2,1,1,1,4,1,5,0,0,0,1,0,0,0,0,0,1,3
2024131394506,2024,131394506,416563,435713,-1.74991,53.81744,3,3,4,17:30,-1,E08000032,6,2,2,1,1,12,1,5,0,0,0,1,0,0,0,0,1,1,3
2024131394543,2024,131394543,420343,427853,-1.69301,53.74666,3,3,4,23:08,-1,E08000034,3,2,1,1,1,"[19, 9]","[1, 5]","[5, 3]",0,0,0,1,0,0,0,0,0,1,3
2024131394772,2024,131394772,403368,444415,-1.95023,53.8959,3,3,5,10:15,-1,E08000032,4,0,1,0,1,7,5,7,0,0,0,1,0,0,0,0,0,1,4
2024131394819,2024,131394819,417711,437639,-1.73236,53.83471,3,3,3,15:30,-1,E08000032,6,0,2,1,1,7,1,5,0,0,0,0,0,0,1,0,1,1,2
2024131394857,2024,131394857,445726,422150,-1.30899,53.6938,3,3,5,15:02,-1,E08000036,6,0,1,0,1,6,0,7,0,7,11,1,0,0,0,0,0,1,4
2024131394867,2024,131394867,431379,429303,-1.52553,53.75915,2,2,5,12:21,-1,E08000035,6,0,1,1,1,"[19, 2]","[1, 0]","[5, 0]",0,0,0,1,0,1,1,0,0,1,4
2024131394895,2024,131394895,411808,419721,-1.82274,53.67383,3,3,4,17:25,-1,E08000033,1,2,1,1,2,19,3,7,0,0,0,1,0,0,0,0,0,1,3
2024131394900,2024,131394900,419217,433880,-1.70971,53.80087,3,3,4,18:30,-1,E08000032,4,2,1,0,1,19,7,3,0,0,0,1,0,0,0,0,0,1,3
2024131394910,2024,131394910,430664,436801,-1.53563,53.82658,2,2,4,18:48,-1,E08000035,6,2,1,1,1,19,"[2, 6]","[2, 8]",0,0,0,1,0,1,0,0,0,1,3
2024131394927,2024,131394927,450862,413741,-1.23258,53.61775,3,3,5,17:42,-1,E08000036,3,2,1,1,2,"[9, 19]","[4, 8]","[8, 4]",0,0,0,1,0,0,0,0,0,1,4
2024131394929,2024,131394929,422209,432365,-1.6644,53.78714,3,3,4,21:23,-1,E08000035,6,2,1,1,1,19,5,"[1, 5]",0,0,0,1,0,0,0,0,0,1,3
2024131394970,2024,131394970,420397,419135,-1.69276,53.6683,3,3,5,15:25,-1,E08000034,6,0,1,0,1,19,3,2,0,1,1,1,0,0,0,0,0,1,4
2024131395101,2024,131395101,429436,420950,-1.55579,53.68418,3,3,5,12:40,-1,E08000036,3,0,1,0,2,"[19, 11]","[3, 5]",1,0,0,0,1,0,0,0,0,0,1,4
2024131395156,2024,131395156,415477,430951,-1.76664,53.77467,3,3,4,19:00,-1,E08000032,6,2,2,1,1,"[6, 19]","[7, 8]","[3, 4]",0,0,0,1,0,0,0,0,0,1,3
2024131395186,2024,131395186,408887,438360,-1.86642,53.84141,3,3,6,07:25,-1,E08000032,4,2,1,0,2,7,3,5,0,0,0,1,0,0,0,0,1,1,5
2024131395215,2024,131395215,418582,431325,-1.71951,53.77793,2,2,6,07:45,-1,E08000032,6,2,8,1,1,19,1,5,0,0,0,1,0,0,0,0,1,1,5
2024131395235,2024,131395235,415034,429464,-1.77344,53.76132,3,3,5,16:20,-1,E08000032,3,2,1,0,1,14,7,3,0,0,0,1,0,0,0,0,1,1,4
2024131395246,2024,131395246,414845,430865,-1.77624,53.77391,3,3,4,16:28,-1,E08000032,6,2,1,0,1,19,3,7,0,0,0,1,0,0,0,0,1,1,3
2024131395253,2024,131395253,415334,429529,-1.76888,53.76189,2,2,4,09:55,-1,E08000032,3,0,1,1,1,4,3,7,0,1,10,1,0,0,0,0,0,1,3
2024131395269,2024,131395269,411908,427769,-1.82092,53.74616,2,2,6,18:10,-1,E08000033,3,2,1,1,1,19,8,4,0,0,0,1,0,0,0,0,1,1,5
2024131395274,2024,131395274,432374,436372,-1.5097,53.82262,2,2,6,00:35,-1,E08000035,6,2,1,1,1,19,2,6,"[10, 0]","[7, 0]","[1, 0]",1,0,0,0,0,0,1,5
2024131395340,2024,131395340,420944,423730,-1.68418,53.70958,2,2,7,05:52,-1,E08000034,6,2,1,1,1,"[19, 5]","[7, 2]","[3, 7]",0,0,0,1,0,1,0,0,0,1,6
2024131395382,2024,131395382,421611,433030,-1.67342,53.79314,3,3,7,10:25,-1,E08000035,4,0,1,1,1,19,1,1,0,1,0,1,0,0,0,0,0,1,6
2024131395383,2024,131395383,415303,438221,-1.76892,53.84002,3,3,6,15:00,-1,E08000032,3,2,1,0,1,"[3, -1]","[2, -1]","[6, -1]","[0, -1]","[0, -1]","[0, -1]",1,0,0,0,0,0,1,5
2024131395386,2024,131395386,420492,445126,-1.68961,53.9019,3,3,7,10:54,-1,E08000035,6,0,1,1,1,"[9, 19]","[1, 5]","[5, 1]",0,0,0,1,1,0,0,0,0,1,6
2024131395396,2024,131395396,424213,428140,-1.63431,53.74907,3,3,6,23:55,-1,E08000035,1,2,1,1,1,-1,-1,-1,-1,-1,0,1,0,0,0,0,0,1,5
2024131395421,2024,131395421,406358,441627,-1.90479,53.87081,3,3,6,16:00,-1,E08000032,6,2,1,0,1,19,"[3, 6]",2,0,0,0,1,0,0,0,0,0,1,5
2024131395433,2024,131395433,416141,433620,-1.75643,53.79864,3,3,7,13:22,-1,E08000032,3,0,1,0,1,"[19, -1]","[5, -1]","[5, -1]","[0, -1]","[0, -1]",0,1,0,0,0,0,0,1,6
2024131395444,2024,131395444,421647,434384,-1.67278,53.80531,3,3,7,14:20,-1,E08000035,4,0,1,0,1,"[1, 19]","[5, 3]","[1, 7]",0,0,0,1,1,0,0,0,0,1,6
2024131395449,2024,131395449,441806,423485,-1.36817,53.70613,2,2,7,11:50,-1,E08000036,3,0,1,0,2,"[3, 19]",5,1,0,0,0,1,0,0,0,0,0,1,6
2024131395457,2024,131395457,423155,434677,-1.64986,53.80787,3,3,6,12:00,-1,E08000035,4,0,1,0,1,"[8, -1]","[7, -1]","[3, -1]","[0, -1]","[0, -1]","[0, -1]",1,0,0,0,0,0,1,5
2024131395486,2024,131395486,417745,426574,-1.73248,53.73526,3,3,7,17:29,-1,E08000034,3,2,1,0,2,"[19, 11]",7,3,0,0,0,1,0,0,0,0,0,1,6
2024131395497,2024,131395497,418178,442282,-1.72499,53.87642,2,2,7,17:32,-1,E08000035,6,2,1,1,1,"[19, 9]","[5, 1]","[1, 5]",0,0,0,1,0,1,0,0,0,1,6
2024131395514,2024,131395514,415311,433565,-1.76903,53.79817,3,3,7,22:43,-1,E08000032,6,2,2,1,1,19,"[5, 7]","[1, 3]",0,0,0,1,0,0,0,0,0,1,6
2024131395567,2024,131395567,435138,419279,-1.46965,53.66881,3,3,7,13:15,-1,E08000036,3,0,2,1,2,"[3, 19]",1,5,0,0,0,1,0,0,0,0,0,1,6
2024131395629,2024,131395629,412579,417693,-1.81115,53.65558,3,3,1,10:27,-1,E08000034,6,0,1,0,1,19,"[2, 1]","[2, 1]",0,0,0,1,0,0,0,0,0,1,7
2024131395645,2024,131395645,414344,423356,-1.78418,53.70644,2,2,1,13:42,-1,E08000033,6,0,1,1,1,19,"[5, 1]","[1, 5]",0,0,0,1,1,0,0,0,0,1,7
2024131395685,2024,131395685,432622,434595,-1.50612,53.80663,3,3,6,17:37,-1,E08000035,4,2,2,1,1,"[19, 5]","[4, 5]","[8, 1]",0,0,0,1,1,0,0,0,0,1,5
2024131395694,2024,131395694,438640,440917,-1.41395,53.86304,3,3,1,19:32,-1,E08000035,6,2,1,0,2,19,3,7,0,7,0,1,0,0,0,0,0,1,7
2024131395715,2024,131395715,413850,413535,-1.7921,53.61818,3,3,1,23:00,-1,E08000034,3,2,1,1,1,19,3,7,8,0,0,1,0,0,0,0,0,1,7
2024131395951,2024,131395951,429941,427587,-1.5475,53.74381,2,2,2,11:10,-1,E08000035,6,0,1,0,1,"[9, 19]",1,"[3, 1]",0,0,0,1,0,0,0,1,0,1,8
2024131396065,2024,131396065,424970,410466,-1.62425,53.59018,2,2,2,13:37,-1,E08000034,3,0,1,0,2,"[9, 19]","[5, 3]","[1, 7]",0,0,0,1,0,0,0,0,0,1,8
2024131396072,2024,131396072,436182,434722,-1.45205,53.80754,3,3,2,15:25,-1,E08000035,6,0,1,0,1,19,3,7,0,0,0,0,0,0,1,0,1,1,8
2024131396073,2024,131396073,435108,434730,-1.46835,53.80768,2,2,1,13:50,-1,E08000035,3,0,1,0,1,"[15, 4]","[-1, 7]","[-1, 7]","[4, 0]","[-1, 7]","[-1, 10]",1,0,0,0,0,0,1,7
2024131396093,2024,131396093,436920,433618,-1.44097,53.79756,3,3,2,07:25,-1,E08000035,3,2,1,0,1,"[3, 19]",4,8,0,0,0,1,0,0,0,0,0,1,8
2024131396129,2024,131396129,434502,425865,-1.47854,53.72805,3,3,2,16:15,-1,E08000035,1,0,1,0,2,19,7,3,0,0,0,1,0,0,0,0,0,1,8
2024131396132,2024,131396132,421627,436053,-1.67297,53.82031,3,3,2,17:16,-1,E08000035,3,2,1,0,2,4,5,1,0,0,0,1,0,0,0,0,0,1,8
2024131396146,2024,131396146,426339,423175,-1.60249,53.70435,3,3,2,15:40,-1,E08000034,3,0,1,0,1,19,6,2,0,0,0,1,0,0,0,0,1,1,8
2024131396174,2024,131396174,408477,434664,-1.87275,53.8082,3,3,2,10:03,-1,E08000032,6,0,1,1,2,19,"[1, 3]","[5, 7]",0,0,0,1,0,0,0,0,0,1,8
2024131396215,2024,131396215,412460,425468,-1.81264,53.72547,3,3,3,06:58,-1,E08000033,3,2,1,2,1,"[19, 9]",7,"[3, 1]",0,0,0,1,0,1,0,0,0,1,9
2024131396334,2024,131396334,434782,438027,-1.47293,53.83734,2,2,3,10:27,-1,E08000035,3,0,1,0,1,5,6,8,0,7,11,1,0,0,0,0,0,1,9
2024131396499,2024,131396499,432955,435631,-1.50095,53.81592,3,3,1,17:30,-1,E08000035,6,2,1,0,1,-1,-1,-1,-1,-1,-1,0,1,0,0,0,1,1,7
2024131396531,2024,131396531,408575,417721,-1.87173,53.65591,3,3,3,18:28,-1,E08000034,1,2,1,0,1,19,3,7,0,"[4, 1]",7,1,0,0,0,0,0,1,9
2024131396749,2024,131396749,429787,430627,-1.54955,53.77114,3,3,4,09:15,-1,E08000035,3,0,1,1,1,"[9, 19]","[8, 6]","[6, 2]",0,0,0,1,0,0,0,0,0,1,10
2024131396763,2024,131396763,429937,431194,-1.54722,53.77623,2,2,4,11:32,-1,E08000035,6,0,2,1,1,19,"[3, 1]","[7, 3]",0,0,0,1,0,0,0,0,0,1,10
2024131396858,2024,131396858,431052,432200,-1.5302,53.7852,3,3,3,06:32,-1,E08000035,3,2,1,0,1,"[19, -1]","[2, -1]","[6, -1]","[0, -1]","[0, -1]","[0, -1]",1,0,0,0,0,0,1,9
2024131396888,2024,131396888,398716,414673,-2.02089,53.62859,3,3,4,12:42,-1,E08000033,3,0,1,0,2,"[19, 5]",3,7,0,0,0,1,0,0,0,0,0,1,10
2024131396918,2024,131396918,410206,430214,-1.84664,53.76817,3,3,3,12:20,-1,E08000032,3,0,1,0,1,-1,-1,-1,-1,-1,0,1,0,0,0,0,1,1,9
2024131396928,2024,131396928,428652,437004,-1.56618,53.82852,3,3,4,15:26,-1,E08000035,4,2,2,1,1,19,1,5,0,0,0,1,0,0,0,0,1,1,10
2024131396929,2024,131396929,430950,435925,-1.53137,53.81869,3,3,4,17:14,-1,E08000035,6,2,1,1,1,9,1,2,0,0,0,1,0,0,0,0,1,1,10
2024131396986,2024,131396986,398453,428708,-2.02494,53.75473,3,3,4,18:35,-1,E08000033,6,2,1,0,2,19,8,3,0,7,11,1,0,0,0,0,0,1,10
2024131396989,2024,131396989,435386,435942,-1.46399,53.81856,2,2,3,15:50,-1,E08000035,6,0,1,0,1,"[2, 19]","[0, 3, 7]","[0, 7, 3]",0,0,0,1,0,0,0,0,0,1,9
2024131397014,2024,131397014,412154,435537,-1.81688,53.81597,3,3,5,05:34,-1,E08000032,4,2,2,1,1,19,"[7, 5]","[7, 5]",0,0,0,1,0,0,0,0,0,1,11