collision_index,collision_year,collision_ref_no,location_easting_osgr,location_northing_osgr,longitude,latitude,casualty_severity,casualty_severity,day_of_week,time,local_authority_district,local_authority_ons_district,first_road_class,light_conditions,weather_conditions,road_surface_conditions,urban_or_rural_area,vehicle_manoeuvre,vehicle_direction_from,vehicle_direction_to,hit_object_in_carriageway,vehicle_leaving_carriageway,hit_object_off_carriageway,is_car,is_cyle,is_mcyle,is_goodsv,is_other,is_pedestrian,month,day
2024131402231,2024,131402231,416558,408639,-1.75142,53.57409,3,3,3,12:40,-1,E08000034,3,2,2,1,1,19,8,4,10,0,0,1,0,0,0,0,0,1,23
2024131402232,2024,131402232,418325,432952,-1.72331,53.79256,3,3,3,14:43,-1,E08000032,3,0,5,1,1,"[19, -1]","[7, 3, -1]","[3, 7, -1]","[0, -1]","[0, -1]",0,1,0,0,0,0,0,1,23
2024131402254,2024,131402254,414071,412693,-1.7888,53.6106,2,2,4,17:05,-1,E08000034,6,2,4,0,1,4,3,7,7,0,0,1,0,0,0,0,0,1,24
2024131402272,2024,131402272,428089,434270,-1.57498,53.80397,2,2,4,17:10,-1,E08000035,3,2,4,0,1,19,3,7,0,0,0,0,1,0,0,0,0,1,24
2024131402319,2024,131402319,427281,433087,-1.58735,53.79338,2,2,4,16:56,-1,E08000035,6,2,1,0,1,9,7,1,0,0,0,1,0,0,0,0,1,1,24
2024131402346,2024,131402346,420877,425398,-1.68508,53.72457,2,2,4,22:17,-1,E08000034,6,2,1,0,1,19,3,7,0,0,0,1,0,0,0,0,0,1,24
2024131402354,2024,131402354,433435,432741,-1.49397,53.78992,3,3,5,05:50,-1,E08000035,6,2,1,1,1,"[19, 12]",3,7,0,"[0, 7]",0,0,1,0,0,0,0,1,25
2024131402400,2024,131402400,412488,437468,-1.81173,53.83332,2,2,5,06:16,-1,E08000032,3,2,1,1,2,19,1,1,7,0,0,1,0,0,0,0,0,1,25
2024131402424,2024,131402424,417172,428544,-1.74106,53.75298,2,"[2, 3]",5,07:55,-1,E08000032,1,0,2,1,1,19,1,5,0,0,0,1,0,0,0,0,0,1,25
2024131402576,2024,131402576,414042,416991,-1.78904,53.64924,3,3,5,10:30,-1,E08000034,3,0,1,0,1,"[-1, 9]","[-1, 1]","[-1, 7]","[-1, 0]","[-1, 0]","[-1, 0]",1,0,0,0,0,0,1,25
2024131402596,2024,131402596,428449,432954,-1.56963,53.79213,3,3,5,10:03,-1,E08000035,4,0,9,0,1,"[2, 19]","[0, 1]","[0, 5]",0,0,0,1,0,0,1,0,0,1,25
2024131402610,2024,131402610,419108,432636,-1.71144,53.78969,2,2,5,12:21,-1,E08000032,6,0,1,1,1,19,5,1,0,0,0,1,0,0,0,0,1,1,25
2024131402673,2024,131402673,416681,415374,-1.74921,53.63463,2,2,5,16:55,-1,E08000034,6,2,2,1,1,19,5,1,0,0,0,1,0,0,0,0,1,1,25
2024131402679,2024,131402679,424914,423982,-1.62401,53.71167,3,3,5,17:00,-1,E08000034,4,2,2,1,1,"[3, 19]",3,7,0,0,0,1,0,0,0,0,0,1,25
2024131402686,2024,131402686,419519,437968,-1.70487,53.8376,2,2,5,16:30,-1,E08000032,3,0,2,1,1,"[3, 14]",7,3,0,0,0,1,0,0,0,0,0,1,25
2024131402690,2024,131402690,449096,416931,-1.25878,53.64659,3,3,4,08:00,-1,E08000036,4,0,4,0,2,"[1, 3]",3,7,0,0,0,1,0,0,1,0,0,1,24
2024131402718,2024,131402718,434575,419084,-1.47819,53.6671,3,3,4,19:04,-1,E08000036,4,2,1,1,1,19,1,5,0,0,0,1,0,0,0,0,1,1,24
2024131402725,2024,131402725,444292,420875,-1.33088,53.68246,2,2,5,21:15,-1,E08000036,3,2,1,1,1,19,2,6,0,0,0,1,0,0,0,0,0,1,25
2024131402733,2024,131402733,424199,424548,-1.6348,53.71679,3,3,5,13:37,-1,E08000034,6,0,1,1,1,9,5,1,0,0,0,1,0,0,0,0,1,1,25
2024131402780,2024,131402780,416780,432945,-1.74676,53.79255,3,3,6,07:20,-1,E08000032,6,2,4,1,1,19,"[1, 7]","[5, 3]",0,0,0,1,0,0,0,0,0,1,26
2024131402824,2024,131402824,415043,434315,-1.77306,53.80492,3,3,6,08:50,-1,E08000032,6,0,1,1,1,7,1,5,0,0,0,1,0,0,0,0,1,1,26
2024131402835,2024,131402835,426821,434975,-1.59417,53.81038,2,2,4,07:57,-1,E08000035,3,0,1,2,1,"[9, 19]","[2, 8]",6,0,0,0,1,1,0,0,0,0,1,17
2024131402948,2024,131402948,429179,438568,-1.55802,53.84254,3,3,6,08:30,-1,E08000035,3,2,1,0,2,"[9, -1]","[1, -1]","[7, -1]","[0, -1]","[0, -1]","[0, -1]",1,0,0,0,0,0,1,26
2024131403024,2024,131403024,425707,435078,-1.61108,53.81136,2,2,6,13:40,-1,E08000035,6,0,4,0,1,"[2, 19]","[0, 7]","[0, 3]",0,0,0,1,0,1,0,0,0,1,26
2024131403025,2024,131403025,431233,426524,-1.52802,53.73418,2,2,6,14:14,-1,E08000035,1,0,1,0,2,19,8,4,0,0,0,1,0,0,0,1,0,1,26
2024131403036,2024,131403036,436164,434691,-1.45232,53.80726,2,2,6,12:50,-1,E08000035,3,0,1,0,1,19,"[1, 7]","[5, 3]",0,0,0,1,0,0,0,1,0,1,26
2024131403037,2024,131403037,416478,419214,-1.75207,53.66915,2,2,5,14:45,-1,E08000034,6,0,1,0,1,"[7, 19]","[3, 1]","[7, 5]",0,0,0,1,0,0,1,0,0,1,25
2024131403039,2024,131403039,426019,437477,-1.60614,53.83291,3,3,6,15:05,-1,E08000035,6,0,1,0,1,9,7,5,0,0,0,0,0,0,1,0,1,1,26
2024131403053,2024,131403053,407385,427187,-1.88951,53.74101,2,2,4,15:45,-1,E08000033,6,0,1,0,1,19,5,1,0,0,0,1,0,0,0,0,1,1,24
2024131403093,2024,131403093,442417,419955,-1.35939,53.67435,3,3,6,19:07,-1,E08000036,6,2,1,0,1,19,1,5,0,3,0,1,0,0,0,0,1,1,26
2024131403095,2024,131403095,425245,435714,-1.61804,53.8171,3,3,6,17:55,-1,E08000035,6,2,1,0,1,"[4, 19]",8,4,0,0,0,1,1,0,0,0,0,1,26
2024131403128,2024,131403128,409794,423188,-1.85311,53.70503,2,"[3, 2]",6,20:00,-1,E08000033,6,2,1,0,1,"[5, 19]","[7, 3]","[3, 7]",0,0,0,1,0,0,0,0,0,1,26
2024131403132,2024,131403132,393366,423839,-2.10199,53.71093,2,2,6,22:52,-1,E08000033,3,2,1,0,1,"[2, 19]","[0, 7]","[0, 3]",0,"[0, 8]","[0, 7]",1,0,0,0,0,0,1,26
2024131403133,2024,131403133,415376,426661,-1.76839,53.73611,3,3,6,21:00,-1,E08000032,6,2,1,0,1,-1,-1,-1,-1,-1,0,1,0,0,0,0,1,1,26
2024131403169,2024,131403169,415691,436305,-1.76312,53.82278,2,2,7,03:26,-1,E08000032,6,2,1,0,1,"[2, 19]","[0, 5]","[0, 1]","[0, 4]",0,0,1,0,0,0,0,0,1,27
2024131403170,2024,131403170,415949,418324,-1.76013,53.66116,3,3,6,07:18,-1,E08000034,3,2,1,1,1,"[5, 19]","[8, 2]","[4, 6]",0,0,0,1,1,0,0,0,0,1,26
2024131403192,2024,131403192,413143,431884,-1.80202,53.78312,3,3,6,12:45,-1,E08000032,6,0,1,1,1,19,"[3, 7]","[7, 3]",0,"[2, 1]","[0, 11]",1,0,0,0,0,0,1,26
2024131403242,2024,131403242,419061,433471,-1.71211,53.7972,3,3,6,15:30,-1,E08000032,3,2,9,0,1,-1,-1,-1,-1,-1,-1,1,0,0,0,0,1,1,19
2024131403253,2024,131403253,416432,432617,-1.75206,53.78961,3,3,7,11:00,-1,E08000032,3,0,1,0,1,19,"[7, 1]","[3, 5]",0,0,0,1,0,0,0,0,0,1,27
2024131403301,2024,131403301,418630,414551,-1.71978,53.62716,3,3,7,14:37,-1,E08000034,3,0,1,0,2,"[19, 9]","[5, 3]","[1, 2]",0,0,0,1,0,1,0,0,0,1,27
2024131403321,2024,131403321,440993,429875,-1.37964,53.76362,3,3,6,15:10,-1,E08000035,6,0,1,0,1,"[3, 19]",6,2,0,0,0,1,0,0,0,0,0,1,26
2024131403337,2024,131403337,434946,422083,-1.47224,53.69403,2,2,7,17:40,-1,E08000036,3,2,1,0,2,"[9, 13]",4,"[7, 4]",0,0,0,1,1,0,0,0,0,1,27
2024131403354,2024,131403354,445970,426303,-1.30468,53.7311,2,2,7,15:46,-1,E08000036,6,0,1,0,1,19,5,1,0,0,0,1,0,0,0,0,1,1,27
2024131403390,2024,131403390,414179,429868,-1.78639,53.76497,2,2,7,21:41,-1,E08000032,6,2,1,0,1,9,6,2,0,1,0,1,0,0,0,0,0,1,27
2024131403410,2024,131403410,433151,420786,-1.49956,53.68249,3,3,1,04:30,-1,E08000036,3,2,1,0,1,19,5,1,0,7,10,1,0,0,0,0,0,1,28
2024131403433,2024,131403433,414757,423037,-1.77794,53.70356,3,3,1,09:30,-1,E08000033,3,0,1,0,1,19,7,3,0,0,0,0,0,1,0,0,0,1,28
2024131403443,2024,131403443,424470,433644,-1.62998,53.79853,3,3,5,10:00,-1,E08000035,4,0,1,0,1,19,"[7, 1]","[3, 5]",0,0,0,1,0,0,0,0,0,1,25
2024131403495,2024,131403495,424085,437775,-1.6355,53.83568,3,3,1,13:10,-1,E08000035,6,0,1,0,1,"[7, 4]","[1, 5]","[5, 1]",0,0,0,1,0,0,0,0,0,1,28
2024131403502,2024,131403502,434476,435144,-1.4779,53.81145,3,3,6,18:45,-1,E08000035,6,2,1,0,1,"[10, 19]","[7, 3]","[3, 7]",0,0,0,1,0,0,0,0,0,1,26
2024131403551,2024,131403551,424972,421996,-1.62329,53.69382,2,2,1,14:05,-1,E08000034,3,0,1,0,1,"[19, 2]","[5, 0]","[1, 0]",0,0,0,1,0,0,0,0,0,1,28
2024131403595,2024,131403595,438990,415267,-1.41185,53.63248,3,3,1,22:00,-1,E08000036,6,2,1,0,2,19,5,1,0,0,0,1,0,0,0,0,0,1,28
2024131403616,2024,131403616,411851,427769,-1.82178,53.74616,2,2,2,00:42,-1,E08000033,3,2,1,1,1,19,1,1,0,0,0,1,0,0,0,0,0,1,29
2024131403768,2024,131403768,425768,438072,-1.6099,53.83827,3,3,2,09:00,-1,E08000035,3,0,2,1,1,19,"[1, 5]","[5, 1]",0,"[0, 2]","[0, 1]",1,0,0,0,0,0,1,29
2024131403892,2024,131403892,411450,439056,-1.82745,53.84762,3,3,2,08:57,-1,E08000032,6,0,2,1,1,"[9, 19]","[5, 7]","[6, 3]",0,0,0,1,0,0,0,0,0,1,29
2024131403898,2024,131403898,435960,426845,-1.45633,53.73676,2,2,2,11:30,-1,E08000035,6,0,1,0,2,"[19, 5]",1,5,0,0,0,1,0,0,1,0,0,1,29
2024131403978,2024,131403978,437786,420652,-1.42941,53.68097,2,2,2,12:40,-1,E08000036,6,0,2,1,2,"[2, 19]","[0, 8]","[0, 4]",0,0,0,1,0,0,0,0,0,1,29
2024131403979,2024,131403979,430289,433248,-1.54168,53.79467,3,3,7,05:35,-1,E08000035,6,2,1,0,1,19,3,6,0,0,0,1,0,0,0,0,1,1,13
2024131404055,2024,131404055,431796,436017,-1.51851,53.81946,3,3,1,21:21,-1,E08000035,4,2,1,0,1,4,4,"[8, 6]",0,0,0,1,0,0,0,0,0,1,28
2024131404098,2024,131404098,421687,444210,-1.67149,53.89362,3,3,2,22:50,-1,E08000035,6,2,7,1,2,19,1,5,11,0,0,1,0,0,0,0,0,1,29
2024131404113,2024,131404113,410637,439651,-1.83978,53.85298,3,3,3,02:15,-1,E08000032,3,2,2,1,2,19,3,7,0,0,0,1,0,0,0,0,0,1,30
2024131404177,2024,131404177,436065,428135,-1.45459,53.74835,3,3,3,16:12,-1,E08000035,3,2,1,1,1,"[11, 19]",1,5,0,"[0, 1]","[0, 11]",1,0,0,1,0,0,1,23
2024131404200,2024,131404200,418400,432968,-1.72217,53.7927,3,3,3,08:38,-1,E08000032,3,0,1,1,1,19,6,2,0,1,2,1,0,0,0,0,0,1,30
2024131404244,2024,131404244,447842,416337,-1.27784,53.64137,2,"[3, 2]",3,06:30,-1,E08000036,3,0,8,1,2,"[19, 9]",1,"[5, 3]",0,0,0,1,0,0,0,0,0,1,30
2024131404315,2024,131404315,429868,428083,-1.54856,53.74827,3,3,2,14:54,-1,E08000035,6,0,2,1,1,"[8, -1]","[1, -1]","[1, -1]","[0, -1]","[0, -1]",0,1,0,0,0,0,0,1,29
2024131404340,2024,131404340,416472,433587,-1.7514,53.79833,3,3,3,09:32,-1,E08000032,6,0,1,2,1,"[2, 9, 19]","[3, 1]","[3, 5]",0,"[0, 1]","[0, 11]",1,0,0,0,0,0,1,30
2024131404366,2024,131404366,425968,423601,-1.60808,53.70819,3,3,1,12:00,-1,E08000034,4,0,1,0,1,-1,-1,-1,-1,-1,-1,1,0,0,0,0,0,1,28
2024131404457,2024,131404457,426138,423095,-1.60554,53.70364,3,3,2,08:40,-1,E08000034,4,0,1,1,1,"[14, -1]","[1, -1]","[5, -1]","[0, -1]","[0, -1]","[0, -1]",1,0,1,0,0,0,1,29
2024131404491,2024,131404491,412473,420191,-1.81265,53.67804,3,3,2,06:44,-1,E08000033,1,2,5,1,2,19,3,7,0,0,0,1,0,0,0,0,0,1,29
2024131404543,2024,131404543,411690,447406,-1.82348,53.92266,3,3,3,17:45,-1,E08000032,6,0,1,0,1,2,5,1,0,0,0,1,0,0,0,0,1,1,30
2024131404563,2024,131404563,414909,436048,-1.77502,53.8205,2,2,3,11:40,-1,E08000032,6,0,1,1,1,-1,-1,-1,-1,-1,-1,0,0,0,0,1,1,1,30
2024131404577,2024,131404577,432105,434574,-1.51397,53.80648,3,3,3,15:30,-1,E08000035,6,0,1,0,1,-1,-1,-1,-1,-1,-1,1,0,0,0,0,1,1,30
2024131404587,2024,131404587,413866,434803,-1.79091,53.80934,3,3,4,00:10,-1,E08000032,6,2,1,0,1,"[2, 19, 7]","[0, 3]","[0, 7]","[0, 4]",0,0,1,0,0,0,0,0,1,31
2024131404643,2024,131404643,428139,418036,-1.57569,53.65806,3,3,3,12:56,-1,E08000036,3,0,1,0,1,19,7,3,0,0,0,1,0,0,0,0,0,1,30
2024131404667,2024,131404667,429092,428697,-1.56027,53.75383,2,2,4,06:16,-1,E08000035,6,2,1,0,1,"[9, 19]","[7, 3]","[3, 7]",0,0,0,1,0,1,0,0,0,1,31
2024131404674,2024,131404674,423379,420853,-1.6475,53.68362,3,3,4,07:52,-1,E08000034,3,0,1,0,1,"[4, 19]",6,2,0,0,0,1,0,0,0,0,0,1,31
2024131404720,2024,131404720,414025,415352,-1.78937,53.63451,3,3,3,07:30,-1,E08000034,6,0,1,0,1,"[19, 4]","[6, -1]","[2, -1]","[0, -1]","[0, -1]",0,1,0,0,0,0,0,1,30
2024131404834,2024,131404834,440929,422144,-1.38163,53.69414,3,3,4,13:00,-1,E08000036,4,0,1,0,2,"[7, 19]","[7, 8]",4,0,0,0,1,0,0,0,0,0,1,31
2024131404918,2024,131404918,430065,433779,-1.54502,53.79945,3,3,4,14:08,-1,E08000035,6,0,1,0,1,"[9, 19]","[-1, 5]","[-1, 1]","[-1, 0]","[-1, 0]","[-1, 0]",1,1,0,0,0,0,1,31
2024131404941,2024,131404941,403206,419062,-1.95295,53.66803,2,2,4,14:22,-1,E08000033,3,0,1,0,2,"[19, 2]","[3, 0]","[7, 0]","[4, 0]",0,0,1,0,0,0,0,0,1,31
2024131404948,2024,131404948,417679,420705,-1.73381,53.68251,3,3,3,15:49,-1,E08000033,3,0,1,0,2,19,1,1,0,0,0,1,0,0,0,0,0,1,30
2024131404953,2024,131404953,412803,415702,-1.80784,53.63768,2,2,3,09:32,-1,E08000034,6,0,1,0,1,19,5,5,0,0,0,1,0,0,0,0,1,1,30
2024131404959,2024,131404959,417828,434697,-1.73075,53.80826,3,3,3,15:40,-1,E08000032,3,0,1,0,1,19,"[5, 3]","[1, 7]",0,0,0,1,0,0,0,0,0,1,30
2024131404969,2024,131404969,428447,434353,-1.56954,53.8047,3,3,4,17:05,-1,E08000035,6,2,5,1,1,"[-1, 3]","[-1, 1]","[-1, 1]","[-1, 0]","[-1, 0]","[-1, 0]",1,0,0,0,0,0,1,31
2024131404973,2024,131404973,418419,430732,-1.72202,53.77261,3,3,4,17:20,-1,E08000032,6,2,5,1,1,"[19, 9]","[6, 8]","[6, 1]",0,0,0,1,0,0,0,0,0,1,31
2024131405029,2024,131405029,429963,430873,-1.54685,53.77334,2,2,3,15:50,-1,E08000035,3,0,1,0,1,9,5,2,0,0,0,1,0,0,0,0,1,1,30
2024131405030,2024,131405030,436366,425955,-1.45028,53.72873,3,3,4,17:50,-1,E08000035,1,2,2,1,2,"[19, 12]",3,7,0,0,0,1,0,0,1,0,0,1,31
2024131405034,2024,131405034,445382,421511,-1.31429,53.68809,3,3,4,17:25,-1,E08000036,3,2,2,1,1,"[19, 9]","[1, 3]","[5, 7]","[4, 0]",0,0,1,0,0,0,0,0,1,31
2024131405047,2024,131405047,433163,420812,-1.49938,53.68272,2,2,4,21:47,-1,E08000036,3,2,1,1,1,"[6, -1]","[3, -1]","[3, -1]","[0, -1]","[0, -1]",0,1,0,1,0,0,0,1,31
2024131405127,2024,131405127,425841,428137,-1.60962,53.74897,3,3,5,17:38,-1,E08000035,3,2,2,1,1,"[19, 3]","[1, 3]","[1, 7]",0,0,0,1,1,0,0,0,0,1,25
2024131405169,2024,131405169,426168,427780,-1.60469,53.74574,2,2,4,15:01,-1,E08000035,4,0,1,0,1,2,0,0,0,0,0,0,0,0,1,0,0,1,31
2024131405188,2024,131405188,429587,433443,-1.55231,53.79646,3,3,4,08:50,-1,E08000035,6,0,1,0,1,-1,-1,-1,-1,-1,-1,0,0,0,0,1,1,1,31
2024131405309,2024,131405309,432370,433718,-1.51004,53.79877,2,2,3,15:26,-1,E08000035,6,0,1,0,1,19,7,3,0,0,0,0,0,1,0,0,1,1,30
2024131405313,2024,131405313,424898,435631,-1.62332,53.81637,2,2,4,15:15,-1,E08000035,6,0,1,0,1,19,1,5,0,0,0,1,0,0,0,0,1,1,31
2024131405317,2024,131405317,430644,435609,-1.53605,53.81587,3,3,4,01:24,-1,E08000035,6,2,8,1,1,19,"[1, 3]","[5, 7]",0,0,0,1,0,0,0,0,0,1,31
2024131405323,2024,131405323,422221,427554,-1.66456,53.74389,3,3,4,07:05,-1,E08000034,1,0,1,1,1,19,1,1,0,0,0,1,0,0,1,0,0,1,31
2024131405343,2024,131405343,413794,434574,-1.79202,53.80728,3,3,1,21:13,-1,E08000032,6,2,1,0,1,-1,-1,-1,-1,-1,0,1,0,0,0,0,0,1,14
2024131405367,2024,131405367,427003,440014,-1.59097,53.85566,3,3,4,12:45,-1,E08000035,3,0,1,0,1,"[19, 5]","[1, 3]","[1, 5]",0,0,0,1,0,0,0,0,0,1,31
2024131405368,2024,131405368,414255,418076,-1.78577,53.65898,3,3,5,16:42,-1,E08000034,6,0,1,0,1,-1,-1,-1,-1,-1,0,1,0,0,0,0,1,2,1
2024131405372,2024,131405372,419664,425380,-1.70346,53.72446,3,3,5,20:21,-1,E08000034,3,2,1,0,2,19,"[7, 3]","[3, 7]",0,0,0,1,0,0,0,0,0,2,1
2024131405399,2024,131405399,425727,435086,-1.61077,53.81143,2,2,6,01:58,-1,E08000035,6,2,1,1,1,"[19, 7]","[3, 1]","[7, 5]","[0, -1]","[0, -1]","[0, -1]",1,0,0,0,0,0,2,2
2024131405413,2024,131405413,431076,430360,-1.53002,53.76866,2,2,5,11:17,-1,E08000035,6,0,1,0,1,"[19, 9]",3,"[7, 5]","[0, 7]","[0, 7]","[0, 1]",1,0,0,0,0,0,2,1
2024131405517,2024,131405517,408860,425389,-1.8672,53.72483,3,3,6,11:04,-1,E08000033,6,0,4,1,1,"[19, 9]","[1, 3]","[5, 1]",0,0,0,1,0,0,0,0,0,2,2
2024131405545,2024,131405545,411730,447378,-1.82287,53.92241,3,3,3,15:45,-1,E08000032,6,0,1,0,1,19,"[3, 1]","[7, 5]",0,0,0,1,1,0,0,0,0,1,30
2024131405571,2024,131405571,409035,422505,-1.86463,53.69891,3,3,6,12:15,-1,E08000033,3,0,1,0,2,"[19, 2]",1,1,"[4, 0]","[1, 0]","[1, 0]",1,0,0,0,0,0,2,2
2024131405578,2024,131405578,419275,431927,-1.70895,53.78332,3,3,6,08:10,-1,E08000035,6,2,9,0,1,-1,-1,-1,-1,-1,0,1,0,0,0,0,1,2,2
2024131405586,2024,131405586,410397,417808,-1.84416,53.65666,3,3,6,08:22,-1,E08000034,3,0,1,0,1,-1,-1,-1,-1,-1,-1,1,0,0,0,0,1,2,2
2024131405646,2024,131405646,414462,432745,-1.78196,53.79082,3,3,6,15:28,-1,E08000032,6,0,2,1,1,"[7, 19]","[5, 1]",3,0,0,0,1,0,0,0,0,0,2,2
2024131405670,2024,131405670,429861,435715,-1.54793,53.81686,3,3,5,08:30,-1,E08000035,6,0,9,0,1,"[9, 19]",1,"[3, 5]",0,0,0,1,1,0,0,0,0,2,1
2024131405678,2024,131405678,416515,431421,-1.75087,53.77886,3,3,6,17:55,-1,E08000032,6,2,2,1,1,-1,-1,-1,-1,-1,-1,1,0,0,0,0,1,2,2
2024131405694,2024,131405694,429131,432140,-1.55936,53.78477,3,3,6,18:06,-1,E08000035,6,2,1,1,1,19,"[1, 2]","[5, 7]",0,0,0,1,1,0,0,0,0,2,2
2024131405711,2024,131405711,443638,424051,-1.34034,53.71106,3,3,4,18:25,-1,E08000036,6,2,2,1,1,19,3,7,0,0,0,1,0,0,0,0,1,1,31
2024131405734,2024,131405734,414837,434197,-1.7762,53.80386,3,3,6,17:12,-1,E08000032,4,2,1,1,1,19,1,5,0,0,0,1,0,0,0,0,1,2,2
2024131405741,2024,131405741,404406,437664,-1.93453,53.83521,3,3,6,20:02,-1,E08000032,6,2,2,1,1,"[19, 2]","[1, 0]","[5, 0]",0,"[0, 2]","[0, 11]",1,0,0,0,0,0,2,2
2024131405776,2024,131405776,426048,440500,-1.60544,53.86007,2,2,7,01:12,-1,E08000035,6,2,8,1,1,19,7,3,0,1,1,1,0,0,0,0,0,2,3
2024131405781,2024,131405781,415176,430109,-1.77125,53.76711,2,2,7,00:40,-1,E08000032,4,2,2,1,1,19,1,5,0,0,0,1,0,0,0,0,1,2,3
2024131405792,2024,131405792,407546,416915,-1.88732,53.64869,2,2,7,01:37,-1,E08000034,1,2,5,1,2,19,7,3,0,0,0,1,0,0,0,0,0,2,3
2024131405905,2024,131405905,431484,432650,-1.5236,53.78922,3,3,6,10:26,-1,E08000035,3,0,1,0,1,"[3, 19]",1,1,0,0,0,1,0,0,0,0,0,2,2
2024131405920,2024,131405920,407683,427830,-1.88498,53.74679,3,3,5,16:55,-1,E08000033,6,2,2,1,1,19,"[5, 1]","[5, 2]",0,0,0,1,0,0,0,0,1,1,25
2024131405933,2024,131405933,417502,432936,-1.7358,53.79245,2,2,7,13:15,-1,E08000032,3,0,1,0,1,13,7,3,0,0,0,1,0,0,0,0,1,2,3
2024131405992,2024,131405992,418174,435276,-1.72547,53.81345,3,3,7,16:50,-1,E08000032,3,2,1,0,1,"[9, 19]","[8, 4]","[8, 4]",0,0,0,1,0,1,0,0,0,2,3
2024131406035,2024,131406035,418514,425197,-1.7209,53.72285,3,3,7,23:56,-1,E08000034,3,2,1,0,1,19,-1,-1,0,-1,0,0,0,1,0,0,0,2,3
2024131406041,2024,131406041,414953,411020,-1.77555,53.59554,3,3,1,00:50,-1,E08000034,6,2,1,0,1,19,5,1,0,7,11,1,0,0,0,0,0,2,4
2024131406081,2024,131406081,429797,423643,-1.55007,53.70837,2,2,7,14:20,-1,E08000035,1,0,1,0,2,"[19, 2]",5,1,"[4, 0]",0,0,1,0,0,0,0,0,2,3
2024131406094,2024,131406094,445531,411336,-1.31352,53.59663,3,3,7,10:25,-1,E08000036,6,0,1,0,1,"[1, 3]","[7, 0]","[3, 0]",0,0,0,1,1,0,0,0,0,2,3
2024131406096,2024,131406096,429932,434305,-1.54699,53.80419,3,3,1,09:50,-1,E08000035,2,0,1,0,1,7,5,1,0,0,0,1,0,0,0,0,1,2,4
2024131406120,2024,131406120,432504,438025,-1.50755,53.83747,3,3,7,17:25,-1,E08000035,6,2,1,1,2,7,2,7,0,0,0,1,0,0,0,0,1,2,3
2024131406138,2024,131406138,416376,433339,-1.75288,53.7961,2,2,1,12:50,-1,E08000032,6,0,1,1,1,"[19, 6]","[1, 3]","[5, 7]",0,0,0,1,0,0,0,0,0,2,4
2024131406140,2024,131406140,425915,433682,-1.60804,53.7988,3,3,7,17:45,-1,E08000035,6,2,1,0,1,-1,-1,-1,-1,-1,-1,1,0,0,0,0,1,2,3
2024131406160,2024,131406160,422121,438685,-1.66528,53.84394,2,2,1,13:31,-1,E08000035,6,0,5,1,1,"[9, 19]",5,1,0,0,0,1,1,0,0,0,0,2,4
2024131406180,2024,131406180,417690,430519,-1.73309,53.77072,3,3,7,12:59,-1,E08000032,3,0,1,0,1,"[-1, 19]","[-1, 6]","[-1, 2]","[-1, 0]","[-1, 0]",0,1,0,0,0,0,0,2,3
2024131406183,2024,131406183,431835,438839,-1.51763,53.84482,3,3,1,12:45,-1,E08000035,6,0,1,1,1,9,7,1,0,0,0,1,0,0,0,0,1,2,4
2024131406209,2024,131406209,414877,420472,-1.77625,53.6805,2,2,1,01:45,-1,E08000034,3,2,1,1,1,19,1,5,0,1,2,1,0,0,0,0,0,2,4
2024131406226,2024,131406226,438947,431554,-1.41046,53.77887,2,"[3, 2]",1,15:42,-1,E08000035,3,0,1,0,2,"[19, 9]","[1, 3]","[5, 1]",0,"[1, 0]","[4, 0]",1,0,0,0,0,0,2,4
2024131406250,2024,131406250,416135,447030,-1.75582,53.91916,3,3,2,00:46,-1,E08000032,6,2,1,1,2,19,5,1,0,"[0, 1]","[0, 11]",1,0,0,0,0,0,2,5
2024131406254,2024,131406254,432212,426250,-1.51321,53.73166,3,3,2,00:17,-1,E08000035,1,2,1,0,2,"[7, 19]",7,3,0,"[8, 0]","[7, 0]",1,0,0,0,0,0,2,5
2024131406403,2024,131406403,426285,435577,-1.60226,53.81582,3,3,2,10:05,-1,E08000035,3,0,1,0,1,"[19, 9]","[1, 7]","[1, 7]",0,0,0,1,0,0,0,0,0,2,5
2024131406552,2024,131406552,423729,424965,-1.64189,53.72056,3,3,2,08:30,-1,E08000034,6,0,1,0,1,19,7,3,0,0,0,1,0,0,0,0,1,2,5
2024131406558,2024,131406558,430055,431767,-1.54537,53.78137,3,3,2,16:17,-1,E08000035,6,0,1,0,1,19,5,1,0,0,0,1,0,0,0,0,1,2,5
2024131406614,2024,131406614,431253,433682,-1.527,53.79851,3,3,2,23:50,-1,E08000035,3,2,1,0,1,9,5,2,0,2,10,0,1,0,0,0,0,2,5
2024131406709,2024,131406709,414471,426067,-1.78213,53.7308,3,3,3,07:00,-1,E08000033,3,0,2,1,1,"[3, 19]",1,5,0,"[1, 0]",0,1,0,0,0,0,0,2,6
2024131406759,2024,131406759,412767,415731,-1.80838,53.63794,3,3,3,09:10,-1,E08000034,6,0,2,1,1,5,4,8,0,0,0,1,0,0,0,0,1,2,6
2024131406780,2024,131406780,414747,442822,-1.77715,53.88138,3,3,2,17:22,-1,E08000035,6,2,2,1,2,"[8, -1]","[5, -1]","[1, -1]","[0, -1]","[0, -1]","[0, -1]",1,0,0,0,0,0,2,5
2024131406790,2024,131406790,443910,416506,-1.33728,53.64323,2,2,3,09:35,-1,E08000036,3,0,1,1,2,"[19, 9]","[5, 7]","[1, 5]",0,0,0,1,0,1,0,0,0,2,6
2024131406795,2024,131406795,427301,433685,-1.58699,53.79876,3,3,3,08:30,-1,E08000035,6,0,2,1,1,9,1,3,0,0,0,1,0,0,0,0,1,2,6