collision_index,collision_year,collision_ref_no,location_easting_osgr,location_northing_osgr,longitude,latitude,casualty_severity,casualty_severity,day_of_week,time,local_authority_district,local_authority_ons_district,first_road_class,light_conditions,weather_conditions,road_surface_conditions,urban_or_rural_area,vehicle_manoeuvre,vehicle_direction_from,vehicle_direction_to,hit_object_in_carriageway,vehicle_leaving_carriageway,hit_object_off_carriageway,is_car,is_cyle,is_mcyle,is_goodsv,is_other,is_pedestrian,month,day
2024131416291,2024,131416291,429335,440431,-1.55547,53.85928,3,3,7,17:35,-1,E08000035,6,0,1,1,1,19,"[1, 5]","[5, 1]",0,0,0,1,0,0,0,0,0,3,2
2024131416300,2024,131416300,416957,429462,-1.74427,53.76124,2,"[3, 2]",7,18:31,-1,E08000032,1,2,2,1,1,19,1,5,0,0,0,1,0,0,0,0,0,3,2
2024131416327,2024,131416327,419508,430030,-1.70554,53.76626,3,3,7,21:03,-1,E08000032,6,2,2,1,1,19,1,1,7,1,1,1,0,0,0,0,0,3,2
2024131416329,2024,131416329,416739,416300,-1.74828,53.64295,3,3,6,15:18,-1,E08000034,6,0,1,0,1,"[2, 19]","[0, 7]","[0, 3]",0,"[1, 0]",0,1,0,0,0,0,0,3,1
2024131416333,2024,131416333,446640,422746,-1.29505,53.69908,3,3,7,15:30,-1,E08000036,3,2,2,1,1,"[2, 19]","[0, 5]","[0, 1]",0,0,0,1,0,0,0,0,0,3,2
2024131416347,2024,131416347,434218,419664,-1.48353,53.67233,2,2,7,21:35,-1,E08000036,3,2,1,1,1,19,8,4,0,0,0,1,0,0,0,0,1,3,2
2024131416380,2024,131416380,408795,421313,-1.8683,53.6882,3,3,7,22:00,-1,E08000033,4,2,2,1,1,"[2, 5, 19]","[0, 7, 3]","[0, 3, 7]",0,"[0, 2]",0,1,0,0,0,0,0,3,2
2024131416416,2024,131416416,418516,432473,-1.72044,53.78825,3,3,7,12:47,-1,E08000032,6,0,2,1,1,"[19, 9, 13]","[3, 1]","[7, 3]",0,"[0, 3]","[0, 10]",1,0,0,0,0,0,3,2
2024131416433,2024,131416433,429229,435121,-1.55759,53.81156,3,3,6,09:15,-1,E08000035,3,0,4,1,1,"[-1, 19]","[-1, 5]","[-1, 1]","[-1, 0]","[-1, 0]",0,0,1,0,1,0,0,3,1
2024131416437,2024,131416437,420534,423492,-1.6904,53.70745,3,3,1,10:23,-1,E08000034,3,0,1,0,1,"[7, 19]","[3, 1]",5,0,0,0,1,0,0,0,0,0,3,3
2024131416442,2024,131416442,428002,435574,-1.57618,53.8157,3,3,7,14:40,-1,E08000035,6,0,2,1,1,"[9, 19]",5,"[2, 1]",0,"[7, 0]",0,1,0,0,0,0,0,3,2
2024131416487,2024,131416487,411127,407327,-1.83348,53.56244,3,3,7,18:00,-1,E08000034,6,2,2,1,2,"[-1, 2]","[-1, 3]","[-1, 7]","[-1, 0]","[-1, 0]","[-1, 0]",1,0,0,1,0,0,3,2
2024131416521,2024,131416521,430641,434653,-1.53619,53.80727,3,3,1,13:05,-1,E08000035,3,0,1,0,1,"[19, 11]",1,6,0,0,0,1,0,0,0,0,0,3,3
2024131416540,2024,131416540,434704,434579,-1.47451,53.80635,2,2,1,11:08,-1,E08000035,3,0,1,1,1,19,5,1,0,0,0,0,0,1,0,0,0,3,3
2024131416554,2024,131416554,434987,433418,-1.47034,53.7959,3,3,1,17:08,-1,E08000035,4,0,1,0,1,19,"[2, 8]","[8, 2]",0,0,0,1,0,0,0,0,0,3,3
2024131416692,2024,131416692,434220,424212,-1.483,53.71321,3,3,1,16:11,-1,E08000036,6,0,1,0,1,"[19, -1]","[7, -1]","[3, -1]","[0, -1]","[0, -1]",0,1,1,0,0,0,0,3,3
2024131416800,2024,131416800,432908,433945,-1.50184,53.80077,2,2,2,11:09,-1,E08000035,6,0,1,0,1,11,7,3,10,5,6,1,0,0,0,0,0,3,4
2024131416841,2024,131416841,412424,416422,-1.81354,53.64416,3,3,6,08:15,-1,E08000034,6,0,2,1,1,-1,-1,-1,-1,-1,-1,1,0,0,0,0,1,3,1
2024131416849,2024,131416849,421632,434917,-1.67297,53.8101,3,3,7,15:45,-1,E08000035,4,0,1,0,1,-1,-1,-1,-1,-1,-1,1,0,0,0,0,1,3,2
2024131416850,2024,131416850,414806,437136,-1.77653,53.83028,3,3,2,11:30,-1,E08000032,3,0,1,0,1,19,"[1, 5]","[5, 1]",0,0,0,1,0,0,0,0,0,3,4
2024131416866,2024,131416866,421557,417535,-1.67532,53.65387,3,3,2,13:19,-1,E08000034,6,0,1,0,2,19,7,3,0,0,0,1,0,0,0,0,0,3,4
2024131416892,2024,131416892,428505,434468,-1.56864,53.80573,3,3,2,00:01,-1,E08000035,6,2,1,0,1,"[19, -1]","[6, -1]","[2, -1]","[0, -1]","[0, -1]",0,1,1,0,0,0,0,3,4
2024131416981,2024,131416981,428838,436574,-1.56339,53.82464,2,"[2, 3]",1,12:46,-1,E08000035,4,0,1,1,1,"[19, 9]","[4, 8]","[8, 4]",0,0,0,1,0,0,0,0,0,3,3
2024131417016,2024,131417016,414075,431447,-1.78789,53.77917,3,3,2,21:50,-1,E08000032,3,0,1,0,1,"[5, 9]","[7, 3]","[3, 1]",0,"[0, 3]",0,1,0,0,0,0,0,3,4
2024131417018,2024,131417018,438902,436605,-1.41051,53.82427,3,3,2,22:15,-1,E08000035,6,2,2,1,2,"[2, 19]","[0, 2]","[0, 2]","[0, 11]",0,0,1,0,0,0,0,0,3,4
2024131417034,2024,131417034,415308,433554,-1.76908,53.79807,3,3,2,09:39,-1,E08000032,6,0,1,0,1,9,3,7,0,0,0,1,0,0,0,0,0,3,4
2024131417391,2024,131417391,418161,415560,-1.72681,53.63625,3,3,3,09:04,-1,E08000034,3,0,1,0,1,"[9, 19]","[7, 5]","[3, 1]",0,0,0,1,1,0,0,0,1,3,5
2024131417392,2024,131417392,428840,434637,-1.56354,53.80723,3,3,3,15:30,-1,E08000035,6,0,1,0,1,"[5, 19]","[5, 1]","[7, 5]",0,0,0,1,1,0,0,0,0,3,5
2024131417407,2024,131417407,442431,425645,-1.3584,53.72549,3,3,1,00:03,-1,E08000036,6,2,1,0,1,-1,-1,-1,-1,-1,0,1,0,0,0,0,1,3,3
2024131417421,2024,131417421,412524,433163,-1.81136,53.79463,3,3,3,16:32,-1,E08000032,4,0,1,0,1,"[19, 2]","[3, 0]","[3, 0]","[4, 0]",0,0,1,0,0,1,0,1,3,5
2024131417424,2024,131417424,414778,437505,-1.77694,53.8336,3,3,3,18:27,-1,E08000032,6,2,1,0,1,-1,-1,-1,-1,-1,-1,0,0,0,1,0,1,3,5
2024131417429,2024,131417429,394118,424228,-2.0906,53.71443,3,3,4,19:45,-1,E08000033,6,2,8,0,1,-1,-1,-1,-1,-1,-1,1,0,0,0,0,1,2,28
2024131417430,2024,131417430,444207,424028,-1.33172,53.71081,2,2,3,17:35,-1,E08000036,6,0,1,0,1,"[19, 2]","[1, 5]","[5, 1]",0,0,0,1,0,1,0,0,0,3,5
2024131417439,2024,131417439,416344,434242,-1.75331,53.80422,2,2,3,18:08,-1,E08000032,3,2,1,0,1,19,5,1,0,0,0,1,0,0,0,0,1,3,5
2024131417451,2024,131417451,411193,423812,-1.8319,53.71061,2,2,3,15:00,-1,E08000033,6,0,1,0,1,"[19, 9]",7,"[7, 8]",0,"[2, 0]","[11, 0]",1,0,1,0,0,0,3,5
2024131417466,2024,131417466,448773,417434,-1.26358,53.65114,2,2,3,17:05,-1,E08000036,4,0,1,0,2,"[14, 2]",7,1,0,0,0,1,0,0,0,0,0,3,5
2024131417490,2024,131417490,423896,425115,-1.63935,53.7219,3,3,4,09:32,-1,E08000034,6,0,1,0,1,"[9, 2, 19]","[1, 0]","[5, 0]","[0, 4]",0,0,1,0,0,0,0,0,1,17
2024131417640,2024,131417640,414489,434525,-1.78147,53.80682,3,3,4,11:23,-1,E08000032,6,0,2,1,1,"[19, 9]","[3, 1]","[3, 6]",0,0,0,1,0,0,0,0,0,3,6
2024131417694,2024,131417694,441035,445796,-1.37688,53.90671,2,2,4,12:38,-1,E08000035,3,0,1,0,2,"[4, 3]",1,5,0,0,0,1,0,0,0,0,0,3,6
2024131417755,2024,131417755,435096,435643,-1.46843,53.81589,3,3,4,08:04,-1,E08000035,6,0,2,1,1,19,6,2,0,0,0,1,0,0,0,0,1,3,6
2024131417757,2024,131417757,436085,420855,-1.45513,53.68291,1,"[3, 1]",4,08:05,-1,E08000036,6,0,1,1,2,19,"[6, 2]","[2, 6]",0,0,0,0,0,1,0,0,0,3,6
2024131417847,2024,131417847,415067,417142,-1.77353,53.65057,3,3,2,16:10,-1,E08000034,6,0,1,0,1,4,3,7,0,0,0,1,0,0,0,0,1,3,4
2024131417866,2024,131417866,445939,420812,-1.30596,53.68176,2,"[2, 3]",7,11:10,-1,E08000036,6,0,2,1,1,"[19, 4]",5,1,0,0,0,1,0,0,0,0,0,3,2
2024131417867,2024,131417867,427654,436655,-1.58137,53.82543,3,3,4,20:28,-1,E08000035,3,2,1,0,1,"[19, 9, 2]","[1, 0]","[5, 0]",0,"[0, 1]","[0, 11]",1,0,0,0,0,1,3,6
2024131417889,2024,131417889,429848,432304,-1.54846,53.78621,3,3,4,23:35,-1,E08000035,6,2,1,1,1,19,"[5, 3]","[2, 7]",0,0,0,1,0,0,0,0,0,3,6
2024131417896,2024,131417896,427002,421881,-1.59256,53.69268,3,3,4,14:10,-1,E08000036,3,0,1,0,1,"[3, 5]",-1,-1,-1,-1,0,1,0,0,0,0,0,2,21
2024131417905,2024,131417905,436889,437530,-1.44098,53.83273,3,3,4,09:50,-1,E08000035,6,0,2,1,2,5,3,4,0,2,"[0, 1]",1,0,0,0,0,0,3,6
2024131417916,2024,131417916,431061,430364,-1.53025,53.7687,2,2,5,06:30,-1,E08000035,6,0,1,1,1,19,"[7, 5]","[3, 1]",0,0,0,1,1,0,0,0,0,3,7
2024131417920,2024,131417920,413671,437691,-1.79375,53.8353,3,3,4,09:32,-1,E08000032,3,0,1,0,1,19,3,3,0,0,0,1,0,0,0,0,1,3,6
2024131417956,2024,131417956,412522,426439,-1.81166,53.73419,2,"[2, 3]",5,07:54,-1,E08000033,6,0,7,1,1,19,"[4, 8]","[8, 4]",0,1,"[1, 11]",1,0,0,0,0,0,3,7
2024131418092,2024,131418092,431829,433128,-1.51831,53.7935,3,3,5,08:25,-1,E08000035,6,0,1,0,1,19,1,3,0,0,0,1,0,0,0,0,1,3,7
2024131418117,2024,131418117,406368,441881,-1.90463,53.8731,3,3,4,12:33,-1,E08000032,6,0,1,0,1,"[1, 2]","[1, 3]","[5, 7]",0,0,0,1,0,0,0,0,0,3,6
2024131418136,2024,131418136,412926,421414,-1.80574,53.68902,3,3,5,13:20,-1,E08000033,6,0,1,0,1,"[7, 19]",1,3,0,0,0,1,0,0,0,0,0,3,7
2024131418138,2024,131418138,423272,424073,-1.64888,53.71256,3,3,4,21:35,-1,E08000034,4,2,1,0,1,19,"[3, 7]","[7, 3]",0,0,0,1,0,0,0,0,0,3,6
2024131418148,2024,131418148,430785,436659,-1.53381,53.82529,3,3,4,14:26,-1,E08000035,6,0,1,0,1,9,1,1,0,0,0,1,0,0,0,0,1,3,6
2024131418165,2024,131418165,430256,432043,-1.54229,53.78384,3,3,5,16:22,-1,E08000035,3,0,1,1,1,19,1,5,0,0,0,0,0,1,0,0,0,3,7
2024131418191,2024,131418191,406726,441012,-1.89921,53.86528,3,3,5,11:51,-1,E08000032,6,0,1,0,1,"[15, -1]","[2, -1]","[6, -1]","[0, -1]","[0, -1]","[0, -1]",1,0,0,0,0,0,3,7
2024131418244,2024,131418244,413552,434375,-1.7957,53.8055,3,3,5,18:35,-1,E08000032,6,0,1,0,1,"[5, 9]",1,1,0,0,0,1,0,0,0,0,1,3,7
2024131418255,2024,131418255,416518,434701,-1.75065,53.80834,1,"[2, 1]",5,20:51,-1,E08000032,6,2,2,1,1,19,1,1,0,"[0, 1]","[0, 11]",1,0,0,0,0,0,3,7
2024131418321,2024,131418321,406273,423708,-1.90644,53.70976,3,3,6,08:03,-1,E08000033,3,0,1,0,1,19,3,7,0,0,0,1,0,0,0,0,1,3,8
2024131418340,2024,131418340,429939,427081,-1.54758,53.73926,3,3,5,18:05,-1,E08000035,6,2,1,0,1,19,5,1,0,0,0,1,0,0,0,0,1,3,7
2024131418406,2024,131418406,406702,441571,-1.89956,53.87031,3,3,6,10:04,-1,E08000032,3,0,1,1,1,-1,-1,-1,-1,-1,-1,1,0,0,0,0,1,3,8
2024131418501,2024,131418501,430002,418103,-1.54749,53.65856,2,2,6,08:47,-1,E08000036,6,2,1,1,1,5,-1,-1,0,1,-1,1,0,0,0,0,1,3,8
2024131418553,2024,131418553,408304,428450,-1.87555,53.75235,3,3,6,15:40,-1,E08000033,6,0,1,0,1,19,3,7,0,0,0,1,0,0,0,0,1,3,8
2024131418592,2024,131418592,432151,429954,-1.51375,53.76495,3,3,6,19:01,-1,E08000035,1,2,1,0,2,19,7,3,0,0,0,1,0,0,0,0,0,2,16
2024131418596,2024,131418596,442830,425890,-1.35232,53.72766,3,3,5,07:04,-1,E08000036,3,0,1,0,1,19,1,5,0,0,0,0,0,0,1,0,1,3,7
2024131418597,2024,131418597,415967,434419,-1.75903,53.80582,3,3,6,18:55,-1,E08000032,6,2,1,0,1,"[9, 13]",1,"[7, 5]",0,0,0,1,0,0,0,0,0,3,8
2024131418628,2024,131418628,414132,416766,-1.78769,53.64721,3,3,6,22:28,-1,E08000034,3,2,8,0,1,5,5,1,0,0,0,1,0,0,0,0,1,3,8
2024131418634,2024,131418634,430680,432831,-1.53578,53.7909,2,2,6,23:32,-1,E08000035,3,2,1,0,1,"[19, 4]",1,1,0,0,0,1,0,0,0,0,0,3,8
2024131418640,2024,131418640,407403,449835,-1.8887,53.94457,2,"[3, 2]",7,01:20,-1,E08000032,4,2,4,0,2,19,5,1,10,0,0,1,0,0,0,0,0,3,9
2024131418646,2024,131418646,419119,425496,-1.71172,53.72552,2,2,7,02:14,-1,E08000034,3,2,1,0,1,1,1,5,0,0,0,1,0,0,0,0,1,3,9
2024131418649,2024,131418649,425057,433370,-1.62109,53.79604,3,3,6,23:30,-1,E08000035,4,2,1,1,1,19,"[1, 3]","[5, 7]",0,0,0,1,0,0,0,0,0,3,8
2024131418652,2024,131418652,431786,426328,-1.51966,53.73238,1,1,7,03:35,-1,E08000035,1,2,1,0,2,19,"[7, 3]","[3, 7]",0,0,0,1,0,0,1,0,0,3,9
2024131418743,2024,131418743,434496,434420,-1.47768,53.80494,3,3,7,11:50,-1,E08000035,3,0,1,0,1,14,5,1,0,0,0,0,0,1,0,0,1,3,9
2024131418793,2024,131418793,431061,430990,-1.53018,53.77433,3,3,7,11:00,-1,E08000035,6,0,1,0,1,"[2, 6]","[0, 1]","[0, 5]",4,0,0,1,0,0,0,0,0,3,9
2024131418805,2024,131418805,410056,410639,-1.84955,53.59223,3,3,7,16:08,-1,E08000034,4,0,1,0,2,19,3,7,0,0,0,1,0,0,0,0,1,3,9
2024131418854,2024,131418854,442396,422192,-1.35941,53.69446,2,2,7,18:27,-1,E08000036,4,2,1,0,1,"[19, 5, 2]","[5, 7, 0]","[1, 0]",0,0,0,1,0,0,0,0,0,3,9
2024131418867,2024,131418867,431434,434141,-1.5242,53.80262,2,2,7,20:05,-1,E08000035,6,2,1,0,1,19,"[6, 3]","[2, 7]",0,0,0,1,1,0,0,0,0,3,9
2024131418873,2024,131418873,405816,420610,-1.91342,53.68192,2,2,7,21:46,-1,E08000033,4,2,2,1,2,19,6,2,0,1,9,1,0,0,0,0,0,3,9
2024131418902,2024,131418902,416096,433100,-1.75714,53.79397,2,2,1,02:47,-1,E08000032,3,2,2,1,1,19,1,7,0,0,0,1,0,0,0,0,1,3,10
2024131418929,2024,131418929,427125,435707,-1.58949,53.81694,2,2,7,20:20,-1,E08000035,4,2,1,1,1,19,"[5, 7]","[1, 3]",0,0,0,1,0,0,0,0,0,3,2
2024131418956,2024,131418956,429951,433402,-1.54679,53.79607,3,3,7,15:57,-1,E08000035,6,0,1,0,1,-1,-1,-1,-1,-1,-1,0,0,0,1,0,1,3,9
2024131418976,2024,131418976,421343,445773,-1.67661,53.90768,2,"[2, 3]",1,11:47,-1,E08000035,3,0,2,1,1,19,3,7,0,1,10,1,0,0,0,0,0,3,10
2024131418988,2024,131418988,439461,432526,-1.40254,53.78756,3,3,1,12:10,-1,E08000035,6,0,2,1,1,"[12, 5]","[3, 5]","[7, 1]",0,0,0,1,0,0,0,0,0,3,10
2024131419011,2024,131419011,423527,437814,-1.64398,53.83605,3,3,3,16:25,-1,E08000035,6,2,1,0,1,"[19, -1]","[1, -1]","[5, -1]","[0, -1]","[0, -1]","[0, -1]",1,1,0,0,0,0,3,5
2024131419014,2024,131419014,403773,444991,-1.94406,53.90107,2,2,1,11:17,-1,E08000032,3,0,2,1,2,"[11, 2, 19]",4,8,0,0,0,1,0,0,0,0,0,3,10
2024131419017,2024,131419017,416861,416452,-1.74643,53.64431,2,2,1,14:17,-1,E08000034,3,0,2,1,1,19,3,7,0,0,0,1,0,0,0,0,1,3,10
2024131419033,2024,131419033,426492,422665,-1.60022,53.69975,2,2,7,08:10,-1,E08000034,4,2,1,0,2,"[19, -1]","[5, -1]","[1, -1]","[10, -1]","[2, -1]","[4, 0]",1,0,0,0,0,0,3,9
2024131419036,2024,131419036,413982,432392,-1.78926,53.78766,3,3,6,15:45,-1,E08000032,6,0,9,0,1,-1,-1,-1,-1,-1,0,1,0,0,0,0,1,3,8
2024131419040,2024,131419040,431129,434187,-1.52883,53.80306,3,3,1,13:35,-1,E08000035,6,0,2,1,1,5,6,2,-1,-1,-1,1,0,0,0,0,1,3,10
2024131419043,2024,131419043,408368,426526,-1.87463,53.73506,2,2,1,14:15,-1,E08000033,6,0,2,1,1,9,5,3,0,0,0,1,0,0,0,0,1,3,10
2024131419063,2024,131419063,431712,419687,-1.52146,53.6727,3,3,1,15:50,-1,E08000036,3,2,2,1,1,"[5, 19]","[1, 3]","[5, 7]",0,0,0,1,0,0,0,0,0,3,10
2024131419082,2024,131419082,414751,434117,-1.77751,53.80315,3,3,1,20:17,-1,E08000032,3,2,2,1,1,"[19, -1]","[1, -1]","[5, -1]",0,0,0,1,0,0,0,0,0,3,10
2024131419105,2024,131419105,410442,430270,-1.84306,53.76867,2,2,1,18:00,-1,E08000032,3,2,1,1,1,6,3,7,0,0,0,1,0,0,0,0,1,3,10
2024131419114,2024,131419114,423207,437014,-1.6489,53.82888,2,2,1,21:05,-1,E08000035,6,2,2,1,2,19,3,7,11,0,0,0,0,1,0,0,0,3,10
2024131419130,2024,131419130,404360,421192,-1.93546,53.68716,2,"[3, 2]",1,21:25,-1,E08000033,3,2,2,1,2,"[-1, 19]","[-1, 4]","[-1, 4]","[11, 0]",0,0,1,0,0,0,0,0,3,10
2024131419200,2024,131419200,417112,436208,-1.74154,53.82187,3,3,2,07:22,-1,E08000032,6,0,8,1,1,"[7, 19]","[2, 5]",1,0,0,0,1,0,0,0,0,0,3,11
2024131419233,2024,131419233,418836,430386,-1.71571,53.76948,3,3,2,08:43,-1,E08000032,3,0,1,1,1,4,1,5,0,0,0,1,0,0,0,0,0,3,11
2024131419352,2024,131419352,429695,427848,-1.55121,53.74617,3,3,7,23:00,-1,E08000035,6,2,1,0,1,19,-1,-1,0,0,0,0,1,0,0,0,1,3,9
2024131419515,2024,131419515,426293,423141,-1.60319,53.70404,3,3,6,16:15,-1,E08000034,3,0,1,0,1,19,2,6,0,0,0,1,0,0,0,0,1,3,8
2024131419518,2024,131419518,407143,426566,-1.8932,53.73544,3,3,2,16:41,-1,E08000033,6,0,1,0,1,19,1,5,10,0,0,1,0,0,0,0,0,3,11
2024131419521,2024,131419521,432779,420643,-1.50521,53.68123,3,3,2,13:30,-1,E08000036,3,0,1,0,1,"[9, 19]","[7, 1]","[1, 5]",0,0,0,1,0,0,0,0,0,3,11
2024131419543,2024,131419543,403044,437305,-1.95523,53.832,2,2,2,15:20,-1,E08000032,6,0,1,0,1,2,7,3,0,0,0,1,0,0,0,0,1,3,11
2024131419608,2024,131419608,418927,429004,-1.71441,53.75706,2,2,3,00:02,-1,E08000034,6,2,1,1,2,19,7,3,0,0,0,1,0,0,0,0,0,3,12
2024131419732,2024,131419732,425950,435004,-1.60739,53.81068,3,3,2,14:10,-1,E08000035,6,0,9,0,1,-1,-1,-1,-1,-1,0,1,1,0,0,0,0,3,11
2024131419767,2024,131419767,418704,437503,-1.71728,53.83345,2,2,2,18:12,-1,E08000032,3,2,1,0,1,5,4,8,0,0,0,1,0,0,0,0,1,3,11
2024131419928,2024,131419928,415384,439249,-1.76764,53.84925,3,3,3,19:05,-1,E08000032,4,2,1,0,1,"[5, 2, 19]","[5, 0]","[1, 0]",0,0,0,1,0,0,0,0,0,3,5
2024131419945,2024,131419945,430932,432297,-1.53201,53.78608,3,3,2,19:05,-1,E08000035,3,2,9,0,1,19,3,7,0,0,0,1,0,0,0,0,0,3,11
2024131419991,2024,131419991,418391,433564,-1.72227,53.79806,3,3,3,15:00,-1,E08000032,4,0,1,0,1,"[19, 2, 7]","[5, 0, 3, 7]","[1, 0, 7, 3]",0,0,0,1,0,0,0,0,0,3,12
2024131419996,2024,131419996,416946,426006,-1.74462,53.73018,3,3,3,15:07,-1,E08000034,4,0,1,0,1,"[19, 2, 14]","[3, 0, 7]","[7, 0, 3]",0,"[0, 2]",0,1,0,0,0,0,0,3,12
2024131419999,2024,131419999,447493,415966,-1.28317,53.63806,3,3,3,19:00,-1,E08000036,4,2,1,0,2,19,"[1, 5]","[5, 1]",0,0,0,1,0,0,0,0,0,3,12
2024131420007,2024,131420007,416354,417284,-1.75405,53.6518,3,3,3,18:17,-1,E08000034,6,0,1,0,1,19,"[7, 5]","[3, 1]",0,0,0,1,1,0,0,0,0,3,12
2024131420051,2024,131420051,427205,420766,-1.58958,53.68265,2,2,4,13:40,-1,E08000036,6,0,1,1,1,1,1,5,0,0,0,1,0,0,0,0,1,2,7
2024131420119,2024,131420119,423700,422843,-1.64249,53.70149,3,3,3,13:45,-1,E08000034,3,0,1,0,1,"[-1, 3]","[-1, 1]","[-1, 1]","[-1, 0]","[-1, 0]",0,1,0,0,0,0,0,3,12
2024131420137,2024,131420137,406850,440343,-1.89734,53.85927,3,3,7,16:50,-1,E08000032,6,0,1,0,1,"[9, 19]","[5, 7]",3,0,0,0,1,0,0,0,0,0,3,9
2024131420215,2024,131420215,431439,432409,-1.5243,53.78706,3,3,3,08:50,-1,E08000035,3,0,2,1,1,-1,-1,-1,-1,-1,0,1,0,0,0,0,0,3,12
2024131420226,2024,131420226,431767,435539,-1.519,53.81517,2,2,1,17:30,-1,E08000035,3,0,1,0,1,-1,-1,-1,-1,-1,-1,1,0,0,0,0,1,3,10
2024131420290,2024,131420290,427654,427934,-1.58215,53.74705,2,2,4,12:00,-1,E08000035,6,0,1,0,1,"[9, 19]","[3, 7]","[1, 3]",0,0,0,1,1,0,0,0,0,3,13
2024131420334,2024,131420334,435033,434968,-1.46947,53.80983,3,3,1,19:00,-1,E08000035,6,2,1,0,1,"[9, 19]","[1, 5]","[7, 1]",0,0,0,1,0,0,0,0,0,3,10
2024131420375,2024,131420375,406022,442881,-1.90988,53.88209,2,2,4,14:00,-1,E08000032,3,0,1,1,2,19,5,1,0,1,0,1,0,0,0,0,0,3,13
2024131420386,2024,131420386,411124,439080,-1.8324,53.84784,3,3,4,15:30,-1,E08000032,3,0,2,1,1,"[19, 2]","[4, 0]","[8, 0]","[1, 0]",0,0,1,0,0,0,0,0,3,13
2024131420406,2024,131420406,418740,436614,-1.71679,53.82546,3,3,4,16:35,-1,E08000032,6,0,2,1,1,"[-1, 19]","[-1, 2]","[-1, 6]","[-1, 0]","[-1, 0]",0,1,1,0,0,0,0,3,13
2024131420424,2024,131420424,414805,417117,-1.77749,53.65035,2,"[3, 2]",1,21:00,-1,E08000034,6,2,1,0,1,"[9, 19]",5,5,0,0,0,1,0,0,0,0,0,3,3
2024131420429,2024,131420429,411409,433348,-1.82828,53.79632,3,3,4,18:50,-1,E08000032,6,2,2,1,1,1,7,3,0,0,0,1,0,0,0,0,1,3,13
2024131420430,2024,131420430,410117,432658,-1.84792,53.79014,3,3,4,18:23,-1,E08000032,4,2,2,1,1,19,"[3, 7]","[7, 3]",0,0,0,1,0,0,0,0,0,3,13
2024131420438,2024,131420438,412324,447210,-1.81384,53.92089,3,3,4,16:30,-1,E08000032,6,0,2,1,1,19,"[1, 5]","[1, 5]",0,0,0,1,0,0,0,0,0,3,13
2024131420457,2024,131420457,412764,415732,-1.80843,53.63795,3,3,4,19:05,-1,E08000034,6,2,2,1,1,9,8,6,0,0,0,1,0,0,0,0,1,3,13
2024131420491,2024,131420491,415120,431075,-1.77205,53.77579,2,2,4,21:20,-1,E08000032,3,2,2,1,1,19,7,3,0,0,0,1,0,0,0,0,1,3,13
2024131420495,2024,131420495,411072,434393,-1.83336,53.80572,3,3,4,18:51,-1,E08000032,6,2,1,1,1,"[12, 19]",1,1,0,0,0,1,0,0,0,0,0,3,13
2024131420704,2024,131420704,431924,419527,-1.51827,53.67125,3,3,4,14:55,-1,E08000036,4,2,1,0,1,5,5,1,0,0,0,0,0,0,1,0,1,3,13
2024131420710,2024,131420710,419140,433848,-1.71088,53.80059,3,3,5,12:15,-1,E08000032,4,0,1,1,1,"[5, 19]","[3, 5]",1,0,0,0,1,0,0,0,0,0,3,14
2024131420732,2024,131420732,429889,435444,-1.54753,53.81443,3,3,4,17:05,-1,E08000035,6,0,1,0,1,19,3,7,0,0,0,1,0,0,0,0,0,3,13
2024131420735,2024,131420735,407564,427058,-1.8868,53.73985,3,3,4,12:55,-1,E08000033,6,0,2,1,1,19,3,3,0,"[0, 1]",0,1,0,0,0,0,0,3,13
2024131420763,2024,131420763,407832,425864,-1.88277,53.72912,3,3,5,14:00,-1,E08000033,6,0,1,1,1,"[5, 19]","[7, 6]","[6, 4]",0,0,0,1,0,0,0,0,0,3,14
2024131420795,2024,131420795,429922,425140,-1.54803,53.72181,2,2,5,16:25,-1,E08000035,3,0,1,0,1,19,5,1,10,1,0,0,0,1,0,0,0,3,14
2024131420805,2024,131420805,424739,423941,-1.62667,53.71131,2,"[3, 2]",5,11:54,-1,E08000034,4,0,2,0,1,"[9, 19]","[2, 8]","[6, 4]",0,0,0,1,0,0,0,0,0,3,14
2024131420858,2024,131420858,417682,434766,-1.73297,53.80889,3,3,5,22:07,-1,E08000032,6,2,2,1,1,"[-1, 19]","[-1, 5]","[-1, 1]","[-1, 0]","[-1, 0]",0,1,0,0,0,0,0,3,14
2024131420883,2024,131420883,422930,423418,-1.65411,53.70669,3,3,6,01:32,-1,E08000034,3,2,1,1,1,19,"[5, 8]","[1, 4]",0,0,0,1,0,0,0,0,0,3,15
2024131420960,2024,131420960,414348,412203,-1.78463,53.60619,2,2,6,08:20,-1,E08000034,6,0,2,1,1,19,2,6,0,0,0,1,0,0,0,0,1,3,15
2024131421039,2024,131421039,435810,425436,-1.45877,53.72411,2,2,5,11:00,-1,E08000036,3,0,1,0,2,19,5,1,7,4,11,1,0,0,0,0,0,3,14
2024131421043,2024,131421043,415774,434184,-1.76197,53.80372,3,3,4,08:12,-1,E08000032,3,0,1,0,1,19,1,5,0,0,0,1,1,0,0,0,0,3,13
2024131421095,2024,131421095,429209,428376,-1.55853,53.75094,2,2,6,11:20,-1,E08000035,6,0,1,0,2,"[19, 10]","[5, 1]","[1, 5]",0,0,0,1,0,0,0,0,0,3,15
2024131421116,2024,131421116,436165,434730,-1.4523,53.80761,3,3,6,13:15,-1,E08000035,3,0,1,0,1,19,1,5,0,0,0,0,0,0,1,0,0,3,15
2024131421175,2024,131421175,403793,444997,-1.94376,53.90113,3,3,6,17:22,-1,E08000032,3,0,8,0,2,4,3,7,0,0,0,1,0,1,0,0,0,3,15