collision_index,collision_year,collision_ref_no,location_easting_osgr,location_northing_osgr,longitude,latitude,casualty_severity,casualty_severity,day_of_week,time,local_authority_district,local_authority_ons_district,first_road_class,light_conditions,weather_conditions,road_surface_conditions,urban_or_rural_area,vehicle_manoeuvre,vehicle_direction_from,vehicle_direction_to,hit_object_in_carriageway,vehicle_leaving_carriageway,hit_object_off_carriageway,is_car,is_cyle,is_mcyle,is_goodsv,is_other,is_pedestrian,month,day
2024131421178,2024,131421178,430107,433780,-1.54439,53.79946,3,3,6,14:00,-1,E08000035,6,0,9,0,1,2,0,0,0,0,0,0,0,0,1,0,1,3,15
2024131421195,2024,131421195,415120,418828,-1.77265,53.66572,3,3,5,15:50,-1,E08000034,6,0,1,0,1,19,2,6,0,0,0,1,0,0,0,0,1,3,14
2024131421200,2024,131421200,418684,433052,-1.71785,53.79345,3,3,4,21:30,-1,E08000032,3,2,1,1,1,"[9, -1]","[6, -1]","[2, -1]","[0, -1]","[0, -1]","[0, -1]",1,1,0,0,0,0,3,13
2024131421204,2024,131421204,408320,425206,-1.87539,53.72319,2,2,6,13:10,-1,E08000033,6,0,1,0,1,"[1, 4]","[3, 5]","[7, 1]","[11, 0]","[0, 1]",0,1,0,0,0,0,0,1,19
2024131421222,2024,131421222,421021,423327,-1.68304,53.70595,3,3,6,19:57,-1,E08000034,6,2,2,1,1,"[19, 7]","[7, 1]","[3, 5]",0,0,0,1,0,0,0,0,0,3,15
2024131421259,2024,131421259,433110,436130,-1.49854,53.8204,3,3,6,21:10,-1,E08000035,3,2,1,1,1,"[9, 19]","[3, 5]",1,0,0,0,1,0,0,0,0,0,3,15
2024131421287,2024,131421287,431887,435565,-1.51718,53.8154,3,3,6,22:07,-1,E08000035,6,2,1,2,1,-1,-1,-1,-1,-1,0,1,0,0,0,0,1,3,15
2024131421352,2024,131421352,428613,420071,-1.56833,53.67633,3,3,7,10:15,-1,E08000036,6,0,1,0,1,"[19, 2]","[3, 0]","[7, 0]",0,0,0,1,0,0,0,0,0,3,16
2024131421355,2024,131421355,415437,427389,-1.76743,53.74266,3,3,7,09:43,-1,E08000032,4,0,1,0,1,"[2, 15]","[0, 1]","[0, 5]",0,0,0,1,0,0,0,0,0,3,16
2024131421364,2024,131421364,410148,421427,-1.84781,53.6892,3,3,6,17:30,-1,E08000033,3,0,1,1,2,-1,-1,-1,-1,-1,-1,1,0,0,0,0,0,3,15
2024131421370,2024,131421370,411624,419160,-1.82554,53.66879,3,3,6,06:45,-1,E08000034,3,0,1,0,2,"[5, 19]",4,8,0,0,0,1,0,0,0,0,0,3,15
2024131421410,2024,131421410,435236,431314,-1.4668,53.77697,3,3,6,11:32,-1,E08000035,1,0,1,1,2,"[19, 12]",5,1,0,"[0, 4]",0,1,0,0,0,0,0,3,15
2024131421414,2024,131421414,434438,422956,-1.47984,53.70191,3,3,7,12:22,-1,E08000036,3,0,1,0,1,19,6,2,0,0,0,1,0,0,0,0,0,3,16
2024131421432,2024,131421432,416397,446096,-1.75188,53.91076,3,3,6,21:50,-1,E08000032,6,2,1,0,1,19,"[3, 5]","[8, 1]",0,0,0,1,0,0,0,0,0,3,15
2024131421436,2024,131421436,439768,423796,-1.399,53.70908,3,3,7,12:35,-1,E08000036,1,0,1,0,1,19,7,3,"[0, 7]",0,0,1,0,0,0,0,0,3,16
2024131421454,2024,131421454,417919,431934,-1.72953,53.78343,2,2,7,13:43,-1,E08000032,6,0,1,0,1,"[9, 19]",3,"[5, 7]",0,7,0,1,0,0,0,0,0,3,16
2024131421457,2024,131421457,414165,412651,-1.78738,53.61022,3,3,7,15:07,-1,E08000034,3,0,1,0,1,"[2, 19]","[0, 1]","[0, 5]","[12, 0]",0,0,1,0,0,0,0,0,3,16
2024131421483,2024,131421483,416816,436692,-1.74601,53.82623,3,3,5,15:45,-1,E08000032,6,0,1,0,1,19,1,1,0,0,0,1,0,0,0,0,0,3,14
2024131421508,2024,131421508,429615,430952,-1.55213,53.77407,2,2,7,17:47,-1,E08000035,6,0,2,1,1,1,4,8,0,0,0,1,0,0,0,0,1,3,16
2024131421516,2024,131421516,423434,420822,-1.64667,53.68334,2,2,6,20:15,-1,E08000034,6,2,2,1,1,19,1,7,0,0,0,1,0,0,0,0,1,3,15
2024131421524,2024,131421524,415082,432718,-1.77255,53.79056,3,3,7,21:25,-1,E08000032,6,2,2,1,1,7,3,3,0,1,0,1,0,0,0,0,1,3,16
2024131421552,2024,131421552,407440,441604,-1.88834,53.87059,3,3,1,02:30,-1,E08000032,6,2,2,1,1,19,5,1,0,0,0,1,0,0,0,0,0,3,17
2024131421605,2024,131421605,432455,436467,-1.50846,53.82347,3,3,7,15:50,-1,E08000035,6,0,1,0,1,-1,-1,-1,-1,-1,0,1,0,0,0,0,0,3,16
2024131421608,2024,131421608,433931,419840,-1.48786,53.67394,3,3,7,14:09,-1,E08000036,3,0,1,0,1,"[-1, 19]","[-1, 8]","[-1, 4]","[-1, 0]","[-1, 0]","[-1, 0]",1,0,0,0,0,0,3,16
2024131421614,2024,131421614,432417,433801,-1.50931,53.79951,3,3,6,19:40,-1,E08000035,6,2,1,0,1,19,3,7,0,0,0,1,0,0,0,0,1,3,15
2024131421725,2024,131421725,430781,438593,-1.53367,53.84268,3,3,1,18:02,-1,E08000035,6,0,1,0,1,19,"[7, 1]","[3, 5]",0,0,0,1,0,0,0,0,0,3,17
2024131421730,2024,131421730,406368,442086,-1.90463,53.87494,3,3,1,16:37,-1,E08000032,3,0,1,0,1,"[-1, 19]","[-1, 1]","[-1, 1]","[-1, 1]","[-1, 0]",0,1,0,0,0,0,0,3,17
2024131421731,2024,131421731,424439,422629,-1.63132,53.69953,3,3,1,14:43,-1,E08000034,3,0,1,0,1,19,"[3, 7]","[7, 3]",0,0,0,1,0,0,0,0,1,3,17
2024131421732,2024,131421732,431477,436242,-1.52334,53.8215,3,3,5,14:34,-1,E08000035,4,0,2,1,1,19,"[8, 4]","[4, 8]",0,0,0,1,0,0,0,0,0,3,14
2024131421759,2024,131421759,408722,421325,-1.86941,53.68831,3,3,1,19:40,-1,E08000033,4,2,1,0,1,"[19, 2]","[7, 0]","[3, 0]",4,0,0,1,0,0,0,0,0,3,17
2024131421958,2024,131421958,393636,424141,-2.0979,53.71365,2,2,1,16:55,-1,E08000033,3,0,1,0,1,"[-1, 19]","[-1, 1]","[-1, 1]","[-1, 0]","[-1, 0]",0,1,1,0,0,0,0,3,17
2024131421987,2024,131421987,432533,421132,-1.50888,53.68564,3,3,2,09:31,-1,E08000036,6,0,1,0,1,"[19, 9]",5,1,0,0,0,1,0,0,0,0,0,3,18
2024131422038,2024,131422038,411276,415670,-1.83094,53.63743,3,3,2,12:05,-1,E08000034,6,0,8,0,1,"[19, 5]","[5, 3]","[1, 5]",0,"[0, 3]",0,1,0,0,0,0,0,3,18
2024131422109,2024,131422109,430666,434299,-1.53585,53.80409,3,3,1,16:30,-1,E08000035,6,0,1,0,1,19,1,5,0,0,0,0,0,0,1,0,1,3,17
2024131422140,2024,131422140,442188,425414,-1.36212,53.72343,3,3,2,14:32,-1,E08000036,3,0,1,0,1,"[5, 19]","[4, 2]","[2, 6]",0,0,0,1,0,1,0,0,0,3,18
2024131422176,2024,131422176,408133,423826,-1.87826,53.71079,2,"[3, 2]",2,17:35,-1,E08000033,3,0,1,0,1,19,"[7, 3]","[3, 7]",0,0,0,1,0,0,0,0,0,3,18
2024131422196,2024,131422196,419865,440625,-1.69944,53.86147,2,2,2,16:47,-1,E08000035,6,0,1,0,1,19,"[4, 6]","[8, 2]",0,0,0,1,0,0,0,0,0,3,18
2024131422209,2024,131422209,430419,424252,-1.54058,53.7138,2,2,1,08:10,-1,E08000035,1,0,1,1,2,11,5,1,0,0,0,1,0,0,0,0,0,3,17
2024131422272,2024,131422272,424233,420016,-1.63464,53.67605,2,2,2,14:29,-1,E08000034,4,0,1,0,1,"[19, 4]",1,1,0,0,0,1,0,0,0,0,0,3,18
2024131422425,2024,131422425,409171,425055,-1.8625,53.72182,3,3,7,22:37,-1,E08000033,6,2,9,0,1,1,2,6,0,0,0,1,0,0,0,0,1,3,16
2024131422510,2024,131422510,428050,434306,-1.57557,53.8043,3,3,3,09:05,-1,E08000035,6,0,1,0,1,"[11, 19]",3,7,0,0,0,1,0,0,0,0,0,3,19
2024131422516,2024,131422516,449741,423522,-1.24797,53.70576,3,3,3,14:35,-1,E08000036,6,0,1,0,1,"[-1, 19]","[-1, 3]","[-1, 7]","[-1, 0]","[-1, 0]",0,1,0,1,0,0,0,3,19
2024131422533,2024,131422533,424359,445447,-1.63073,53.90462,3,3,3,16:23,-1,E08000035,3,2,1,0,2,7,1,3,0,0,0,1,0,0,1,0,0,3,19
2024131422668,2024,131422668,415127,415319,-1.77271,53.63418,3,3,4,08:28,-1,E08000034,6,0,2,1,1,19,2,6,0,0,0,1,0,0,0,0,1,3,20
2024131422716,2024,131422716,415773,429840,-1.76221,53.76467,3,3,3,14:30,-1,E08000032,4,0,1,0,1,"[3, -1]","[7, -1]","[3, -1]","[0, -1]","[0, -1]","[0, -1]",1,0,0,0,0,0,3,19
2024131422762,2024,131422762,414851,434173,-1.77599,53.80365,3,3,6,06:50,-1,E08000032,3,2,1,0,1,-1,-1,-1,-1,-1,0,0,0,0,0,1,1,3,1
2024131422836,2024,131422836,419096,431401,-1.7117,53.77859,3,3,3,08:47,-1,E08000032,6,0,1,0,1,"[2, -1]","[5, -1]","[1, -1]","[0, -1]","[0, -1]","[0, -1]",1,0,0,0,0,0,3,19
2024131422856,2024,131422856,424109,422808,-1.6363,53.70115,3,3,4,11:30,-1,E08000034,6,0,2,1,1,"[1, 15, 19]","[3, 7]","[7, 3]",0,0,0,1,0,0,0,0,0,3,20
2024131422905,2024,131422905,405737,428293,-1.91448,53.75098,2,2,3,16:13,-1,E08000033,6,0,1,0,1,19,7,3,0,0,0,1,0,0,0,0,1,3,19
2024131422938,2024,131422938,432054,435422,-1.51466,53.8141,3,3,4,09:50,-1,E08000035,6,0,2,1,1,"[19, 5]",7,3,0,0,0,1,0,0,0,0,0,3,20
2024131422950,2024,131422950,438513,421579,-1.41829,53.68925,3,3,4,08:15,-1,E08000036,6,0,1,0,1,-1,-1,-1,-1,-1,0,1,0,0,0,0,1,3,20
2024131422970,2024,131422970,431403,433951,-1.52469,53.80092,2,2,4,18:50,-1,E08000035,6,2,1,0,1,"[9, 19]","[3, 1]","[7, 5]",0,0,0,1,1,0,0,0,0,3,20
2024131423023,2024,131423023,419003,425234,-1.71349,53.72317,2,"[2, 3]",4,11:00,-1,E08000034,3,0,2,1,1,"[19, 9]","[3, 1]","[7, 3]",0,0,0,1,0,0,0,0,0,3,20
2024131423055,2024,131423055,413380,416193,-1.79909,53.64208,3,3,5,07:14,-1,E08000034,6,0,1,0,1,"[7, 19]","[1, 7]","[5, 3]",0,0,0,1,1,0,0,0,0,3,21
2024131423115,2024,131423115,426284,435579,-1.60227,53.81583,3,3,5,09:30,-1,E08000035,3,0,1,0,1,"[9, 19]","[1, 5]","[5, 1]",0,0,0,1,0,0,0,0,0,3,21
2024131423164,2024,131423164,447802,423782,-1.2773,53.70828,2,"[3, 2]",4,19:45,-1,E08000036,6,2,1,0,1,"[-1, 3]","[-1, 5]","[-1, 1]","[-1, 0]","[-1, 0]","[-1, 0]",1,0,0,0,0,0,3,20
2024131423250,2024,131423250,415849,432817,-1.7609,53.79143,3,3,2,12:30,-1,E08000032,6,0,1,0,1,-1,-1,-1,-1,-1,0,0,0,0,0,1,1,3,18
2024131423257,2024,131423257,429133,421146,-1.56036,53.68596,2,"[3, 2]",2,11:00,-1,E08000036,4,0,1,0,2,19,"[1, 5]","[5, 1]",0,0,0,1,0,0,0,0,0,3,18
2024131423270,2024,131423270,415444,430869,-1.76715,53.77393,2,"[3, 2]",5,12:54,-1,E08000032,3,0,1,0,1,"[5, 19]","[1, 3]","[5, 7]",0,"[0, 7]","[0, 1]",1,0,0,0,0,0,3,21
2024131423386,2024,131423386,421915,415422,-1.67005,53.63487,2,2,5,17:20,-1,E08000034,3,0,1,0,2,"[13, 19]",3,7,"[7, 0]",0,0,0,0,1,1,0,0,3,21
2024131423394,2024,131423394,419952,434129,-1.69854,53.80308,3,3,5,18:22,-1,E08000035,3,2,2,0,1,"[11, 3]",7,3,0,0,0,1,0,0,0,0,0,3,21
2024131423425,2024,131423425,431420,434083,-1.52442,53.8021,3,3,6,05:00,-1,E08000035,6,2,2,1,1,"[9, 19]","[8, 4]","[4, 8]",0,0,0,1,1,0,0,0,0,3,22
2024131423630,2024,131423630,414839,437248,-1.77602,53.83128,3,3,6,11:50,-1,E08000032,3,0,1,0,1,19,1,5,0,0,0,1,0,0,0,0,0,3,22
2024131423662,2024,131423662,423305,423536,-1.64842,53.70773,3,3,4,22:07,-1,E08000034,6,2,1,0,1,"[-1, 19]","[-1, 5]","[-1, 1]","[-1, 0]","[-1, 0]","[-1, 0]",1,0,0,0,0,0,3,20
2024131423666,2024,131423666,417254,434104,-1.7395,53.80295,3,3,6,13:50,-1,E08000032,6,0,1,0,1,-1,-1,-1,-1,-1,-1,1,0,0,0,0,1,3,22
2024131423668,2024,131423668,427993,436016,-1.57628,53.81967,3,3,5,21:40,-1,E08000035,3,2,1,0,1,"[-1, 19]","[-1, 3]","[-1, 7]","[-1, 0]","[-1, 1]","[-1, 7]",1,1,0,0,0,0,3,21
2024131423676,2024,131423676,437058,421028,-1.44038,53.6844,3,3,6,14:30,-1,E08000036,6,0,1,0,2,19,"[3, 7]","[7, 3]",0,0,0,1,0,0,0,1,0,3,22
2024131423697,2024,131423697,416063,433259,-1.75763,53.7954,3,3,5,12:30,-1,E08000032,3,0,1,1,1,19,1,1,0,0,0,1,0,0,0,0,1,3,21
2024131423710,2024,131423710,445196,446987,-1.31337,53.91706,3,3,6,16:06,-1,E08000035,6,0,4,0,2,"[19, 7]","[8, 1]","[4, 5]",0,0,0,1,0,0,0,0,0,3,22
2024131423761,2024,131423761,402004,444479,-1.97099,53.89648,2,2,6,16:10,-1,E08000032,4,0,1,0,1,19,3,7,0,0,0,1,0,0,0,0,1,3,22
2024131423763,2024,131423763,428527,431390,-1.56859,53.77807,3,3,6,18:30,-1,E08000035,3,2,1,0,1,19,"[3, 5]","[7, 1]",0,0,0,1,0,0,0,0,0,3,22
2024131423790,2024,131423790,446277,418129,-1.30124,53.65761,3,3,5,15:57,-1,E08000036,3,0,1,0,2,"[4, 19]",8,4,0,0,0,1,0,0,0,0,0,3,21
2024131423799,2024,131423799,409450,424964,-1.85827,53.721,2,2,6,21:41,-1,E08000033,6,2,2,1,1,19,"[5, 7]","[1, 3]",0,0,0,1,0,1,0,0,0,3,22
2024131423840,2024,131423840,404993,416776,-1.92594,53.64747,1,"[2, 1]",7,02:11,-1,E08000034,1,2,1,1,2,19,"[7, 3]","[3, 7]",0,0,0,1,0,0,0,0,0,3,23
2024131423908,2024,131423908,428465,431351,-1.56954,53.77772,3,3,6,18:45,-1,E08000035,3,0,1,0,1,"[19, 9]","[1, 5]","[5, 3]",0,0,0,1,0,0,0,0,0,3,22
2024131423910,2024,131423910,423450,427397,-1.64594,53.74243,3,3,5,19:30,-1,E08000034,3,2,1,0,1,"[3, 19]",6,2,0,0,0,1,0,0,0,0,0,3,21
2024131423933,2024,131423933,415127,432939,-1.77186,53.79255,3,3,6,21:30,-1,E08000032,6,2,1,1,1,19,"[5, 3]","[1, 7]",0,0,0,1,0,0,0,0,0,3,22
2024131423963,2024,131423963,434467,418023,-1.47994,53.65757,2,2,7,13:45,-1,E08000036,6,0,1,0,1,"[19, 2]","[3, 0]","[7, 0]","[4, 0]",0,0,1,0,0,0,0,0,3,23
2024131423973,2024,131423973,430091,435424,-1.54447,53.81423,3,3,6,15:25,-1,E08000035,6,0,1,0,1,"[19, 9]","[1, 5]","[5, 1]",0,0,0,1,0,0,0,0,0,3,22
2024131423984,2024,131423984,426006,435584,-1.6065,53.81589,2,2,7,15:02,-1,E08000035,4,0,1,0,1,19,7,3,0,0,0,0,1,0,0,0,1,3,23
2024131423985,2024,131423985,415407,435892,-1.76746,53.81908,2,"[3, 2]",7,15:53,-1,E08000032,3,0,2,1,1,"[5, 19]","[7, 4]",3,0,0,0,1,0,0,0,0,0,3,23
2024131423986,2024,131423986,443962,424553,-1.33536,53.71555,3,3,7,10:25,-1,E08000036,6,0,4,0,1,"[7, 9]","[1, 2]","[2, 1]","[0, 4]",0,0,1,1,0,0,0,0,3,23
2024131424023,2024,131424023,414081,431456,-1.7878,53.77925,3,3,7,16:59,-1,E08000032,3,0,1,1,1,"[9, 19]","[5, 7]",3,0,0,0,1,0,0,0,0,0,3,23
2024131424030,2024,131424030,427179,432533,-1.58895,53.78841,3,3,7,17:55,-1,E08000035,6,0,8,0,1,"[2, 14]","[0, 3]","[0, 7]",0,0,0,1,0,0,0,0,0,3,23
2024131424049,2024,131424049,427004,440103,-1.59094,53.85646,2,2,7,14:19,-1,E08000035,3,0,1,0,2,7,7,1,0,1,0,1,0,0,0,0,0,3,23
2024131424054,2024,131424054,415570,426649,-1.76545,53.736,2,2,7,19:35,-1,E08000032,4,2,2,1,1,19,5,1,0,0,0,1,0,0,0,0,1,3,23
2024131424083,2024,131424083,430178,431718,-1.54351,53.78092,3,3,7,20:40,-1,E08000035,6,2,1,1,1,19,1,5,0,7,11,1,0,0,0,0,0,3,23
2024131424086,2024,131424086,408639,423514,-1.8706,53.70798,3,3,7,23:25,-1,E08000033,3,2,1,1,1,"[9, 19]","[3, 8]","[1, 4]",0,0,0,1,1,0,0,0,0,3,23
2024131424097,2024,131424097,402528,444408,-1.96302,53.89584,3,3,1,00:28,-1,E08000032,4,2,1,0,2,"[2, 19]","[0, 7]","[0, 3]",0,"[1, 0]",0,1,0,0,0,0,0,3,24
2024131424164,2024,131424164,415873,433952,-1.76048,53.80163,3,3,6,17:55,-1,E08000032,3,0,1,0,1,"[9, 19]","[8, 4]","[6, 8]",0,0,0,1,1,0,0,0,0,3,22
2024131424184,2024,131424184,392964,424957,-2.1081,53.72097,3,3,6,15:00,-1,E08000033,3,0,1,0,1,19,"[3, 7]","[3, 7]",0,0,0,1,0,0,0,0,0,3,22
2024131424208,2024,131424208,411072,429277,-1.83354,53.75973,2,2,1,12:20,-1,E08000033,6,0,1,0,2,"[9, 19]",5,1,0,"[0, 7]",0,1,0,1,0,0,0,3,24
2024131424234,2024,131424234,444809,421333,-1.32299,53.68654,2,2,1,15:07,-1,E08000036,6,0,1,0,1,19,"[1, 5]","[5, 1]",0,"[1, 0]","[11, 0]",1,0,1,0,0,0,3,24
2024131424280,2024,131424280,439931,428814,-1.39588,53.75417,2,"[2, 3]",7,19:03,-1,E08000035,6,2,1,0,2,19,"[3, 7]","[7, 3]",0,"[7, 0]","[11, 0]",1,0,0,0,0,0,3,23
2024131424307,2024,131424307,407121,427551,-1.89351,53.74429,2,2,1,17:00,-1,E08000033,6,0,1,0,1,"[9, 19]","[3, 7]","[1, 3]",0,0,0,1,0,0,0,1,0,3,24
2024131424312,2024,131424312,430167,420484,-1.54477,53.67995,3,3,7,16:00,-1,E08000036,3,0,1,0,1,"[9, 19]","[3, 1]","[8, 5]",0,0,0,1,0,0,0,0,0,3,23
2024131424347,2024,131424347,417829,435601,-1.73069,53.81639,3,3,2,05:53,-1,E08000032,6,2,2,1,1,"[9, 19]","[4, 1]","[1, 5]",0,0,0,1,0,0,0,0,0,3,25
2024131424609,2024,131424609,413360,431513,-1.79874,53.77978,3,3,2,14:15,-1,E08000032,6,0,2,1,1,"[9, 19]","[1, 5]","[5, 1]",0,0,0,1,1,0,0,0,0,3,25
2024131424625,2024,131424625,421627,444269,-1.6724,53.89415,3,3,2,08:00,-1,E08000035,6,0,2,1,2,"[5, 19]",4,8,0,0,0,1,0,0,0,0,0,3,25
2024131424627,2024,131424627,404419,417536,-1.93462,53.6543,3,3,2,12:50,-1,E08000033,6,0,2,1,2,"[19, 13]","[5, 1]","[5, 1]",0,0,0,1,0,0,0,0,0,3,25
2024131424645,2024,131424645,429915,428087,-1.54785,53.7483,3,3,7,14:37,-1,E08000035,6,0,1,0,1,-1,-1,-1,-1,-1,-1,1,0,0,0,0,1,3,23
2024131424682,2024,131424682,416352,434887,-1.75316,53.81002,3,3,2,17:40,-1,E08000032,3,0,1,0,1,"[7, 19]","[1, 5]","[5, 1]",0,0,0,1,0,1,0,0,0,3,25
2024131424727,2024,131424727,426065,436369,-1.60553,53.82294,3,3,2,21:22,-1,E08000035,6,2,2,1,1,"[7, 19]",7,3,0,0,0,1,1,0,0,0,1,3,25
2024131424728,2024,131424728,405929,440526,-1.91134,53.86092,2,2,2,20:45,-1,E08000032,3,2,1,0,1,19,5,1,0,0,0,0,0,0,1,0,1,3,25
2024131424733,2024,131424733,415558,433567,-1.76528,53.79818,2,2,2,18:12,-1,E08000032,6,2,8,1,1,"[19, 9]",1,1,0,0,0,1,0,0,1,0,0,3,25
2024131424741,2024,131424741,406957,440326,-1.89571,53.85911,1,1,2,18:14,-1,E08000032,6,0,1,1,1,19,7,3,0,0,0,1,0,0,0,0,1,3,25
2024131424756,2024,131424756,449493,422646,-1.25186,53.69792,3,3,2,18:55,-1,E08000036,6,2,1,0,1,9,7,7,0,0,0,1,0,0,0,0,0,3,25
2024131424781,2024,131424781,415167,438980,-1.77095,53.84684,3,3,3,05:05,-1,E08000032,6,2,1,1,1,19,6,2,11,7,2,1,0,0,0,0,0,3,26
2024131424987,2024,131424987,429325,436617,-1.55599,53.825,3,3,2,19:17,-1,E08000035,4,2,1,0,1,19,3,7,0,0,0,1,0,0,0,0,0,3,25
2024131425033,2024,131425033,426285,435554,-1.60226,53.81561,2,2,7,20:00,-1,E08000035,4,2,2,1,1,19,5,1,0,0,0,1,1,0,0,0,0,3,16
2024131425035,2024,131425035,422904,419830,-1.65477,53.67444,3,3,3,11:30,-1,E08000034,6,0,1,0,1,"[19, 2]",5,5,0,"[0, 2]","[0, 11]",1,0,0,0,0,0,3,26
2024131425038,2024,131425038,412898,419080,-1.80626,53.66804,2,"[2, 3]",3,12:51,-1,E08000034,6,0,1,0,2,19,"[1, 5]","[5, 1]",0,0,0,1,0,0,0,0,0,3,26
2024131425050,2024,131425050,430394,445406,-1.53888,53.90393,3,3,2,13:00,-1,E08000035,3,0,2,0,2,19,"[7, 3]","[3, 7]",0,0,0,1,0,0,0,0,0,3,25
2024131425083,2024,131425083,431050,411258,-1.53232,53.59698,2,2,3,15:32,-1,E08000036,6,0,1,0,2,19,"[8, 2]","[5, 6]",0,0,0,1,0,0,0,0,0,3,26
2024131425088,2024,131425088,426274,431682,-1.60276,53.78081,3,3,3,16:30,-1,E08000035,3,0,1,0,1,19,7,3,0,0,0,1,1,0,0,0,0,3,26
2024131425161,2024,131425161,422076,416405,-1.66755,53.64369,3,3,3,20:05,-1,E08000034,6,2,1,0,2,19,5,1,0,1,3,1,0,0,0,0,0,3,26
2024131425395,2024,131425395,409386,424157,-1.85927,53.71375,2,"[3, 2]",4,08:35,-1,E08000033,3,0,1,1,1,19,"[7, 5]","[3, 1]",0,0,0,1,0,0,0,0,0,3,27
2024131425437,2024,131425437,436887,437522,-1.44101,53.83265,3,3,4,12:30,-1,E08000035,6,0,1,0,2,19,"[5, 7]","[1, 3]",0,0,0,1,0,0,0,0,0,3,27
2024131425498,2024,131425498,413966,434544,-1.78941,53.807,3,3,3,17:37,-1,E08000032,4,0,1,0,1,"[19, 4]",8,4,0,0,0,1,0,0,0,0,0,3,26
2024131425501,2024,131425501,426272,433445,-1.60264,53.79665,3,3,4,10:00,-1,E08000035,6,0,1,0,1,"[2, 19]","[0, 4]","[0, 8]",0,"[0, 7]",0,1,0,0,0,0,0,3,27
2024131425506,2024,131425506,417350,416519,-1.73903,53.6449,3,3,4,15:00,-1,E08000034,3,0,1,0,1,19,1,5,0,0,0,1,0,0,0,0,1,3,27
2024131425558,2024,131425558,433125,421085,-1.49992,53.68518,2,2,4,20:18,-1,E08000036,6,2,1,0,1,"[19, 7]","[1, 3]",5,0,0,0,1,0,0,0,0,0,3,27
2024131425563,2024,131425563,430868,433537,-1.53286,53.79723,2,2,4,19:00,-1,E08000035,6,2,1,0,1,7,3,1,0,0,0,1,0,0,0,0,1,3,27
2024131425588,2024,131425588,423194,434303,-1.6493,53.80451,3,3,4,19:32,-1,E08000035,6,2,2,1,1,19,7,3,0,1,0,1,0,0,0,0,0,3,27
2024131425646,2024,131425646,434190,430067,-1.48281,53.76584,3,3,5,07:30,-1,E08000035,1,0,1,0,2,19,5,1,0,0,0,1,0,0,0,0,0,3,14
2024131425889,2024,131425889,432357,440128,-1.50956,53.85638,3,3,5,15:26,-1,E08000035,6,0,1,0,1,"[2, 19]","[0, 1]","[0, 1]",0,0,0,1,0,0,0,0,0,3,28
2024131425934,2024,131425934,415402,437528,-1.76745,53.83378,3,3,5,19:02,-1,E08000032,6,2,2,1,1,9,3,1,0,0,0,1,0,0,0,0,1,3,28
2024131425936,2024,131425936,418292,443859,-1.72317,53.89059,3,3,5,17:40,-1,E08000035,6,2,1,1,2,19,"[1, 5]","[5, 1]",0,0,0,1,0,0,0,0,0,3,28
2024131425938,2024,131425938,421328,427314,-1.67811,53.74177,3,3,5,15:37,-1,E08000034,1,0,1,1,1,19,7,3,0,"[5, 0]",0,1,0,0,0,0,0,3,28
2024131425996,2024,131425996,416345,432551,-1.75339,53.78902,3,3,4,14:28,-1,E08000032,3,0,1,0,1,19,"[1, 3]","[5, 7]",0,0,0,1,0,0,0,0,0,3,27
2024131425997,2024,131425997,414417,414689,-1.78348,53.62854,2,2,5,16:36,-1,E08000034,6,0,1,1,1,"[9, 19]","[2, 5]","[3, 5]",0,"[1, 0]",0,1,0,1,0,0,0,3,28
2024131426026,2024,131426026,417719,430571,-1.73265,53.77118,2,"[3, 2]",5,23:45,-1,E08000032,3,2,2,1,1,19,"[3, 1]","[7, 5]",0,0,0,1,0,0,0,0,0,3,28
2024131426074,2024,131426074,418876,425848,-1.71538,53.72869,2,2,6,07:42,-1,E08000034,3,0,1,0,1,19,1,5,0,0,0,1,0,0,0,0,1,3,29
2024131426214,2024,131426214,422106,420234,-1.66682,53.67811,3,3,6,16:20,-1,E08000034,3,0,1,0,1,"[4, 19]",1,5,0,0,0,1,0,0,1,0,0,3,29
2024131426231,2024,131426231,414695,422412,-1.77891,53.69794,3,3,6,14:56,-1,E08000033,3,0,1,0,1,"[9, 19]",1,"[6, 5]",0,0,0,1,0,1,0,0,0,3,29
2024131426277,2024,131426277,433335,436260,-1.49511,53.82155,2,2,6,22:00,-1,E08000035,3,2,1,0,1,19,5,1,0,0,0,1,0,0,0,0,1,3,29
2024131426282,2024,131426282,415189,416364,-1.77172,53.64357,3,3,6,13:00,-1,E08000034,6,0,1,0,1,19,1,1,0,0,0,1,0,0,0,0,1,3,29
2024131426300,2024,131426300,391453,426006,-2.13103,53.73038,2,2,7,02:59,-1,E08000033,3,2,1,1,2,19,8,4,0,0,0,1,0,0,0,0,0,3,30
2024131426467,2024,131426467,404233,420205,-1.93739,53.67829,3,3,6,12:30,-1,E08000033,3,0,1,0,2,"[2, 19]","[0, 1]","[0, 3]","[4, 0]",0,0,1,0,0,0,0,0,3,29
2024131426497,2024,131426497,449208,422843,-1.25615,53.69971,2,2,7,11:30,-1,E08000036,6,0,1,0,1,-1,-1,-1,-1,-1,-1,0,0,0,0,1,0,3,30
2024131426507,2024,131426507,411343,419598,-1.82978,53.67273,2,"[2, 3]",7,10:02,-1,E08000033,1,0,1,0,1,"[19, 12]",7,3,0,"[0, 2]","[0, 7]",1,0,0,0,0,0,3,30
2024131426541,2024,131426541,414822,438107,-1.77624,53.83901,3,3,7,18:10,-1,E08000032,6,0,1,0,1,"[5, 19]",1,1,0,0,0,1,0,0,0,0,0,3,30