collision_index,collision_year,collision_ref_no,location_easting_osgr,location_northing_osgr,longitude,latitude,casualty_severity,casualty_severity,day_of_week,time,local_authority_district,local_authority_ons_district,first_road_class,light_conditions,weather_conditions,road_surface_conditions,urban_or_rural_area,vehicle_manoeuvre,vehicle_direction_from,vehicle_direction_to,hit_object_in_carriageway,vehicle_leaving_carriageway,hit_object_off_carriageway,is_car,is_cyle,is_mcyle,is_goodsv,is_other,is_pedestrian,month,day
2024131426559,2024,131426559,426499,427521,-1.5997,53.7434,3,3,7,21:04,-1,E08000035,6,2,1,0,1,19,1,1,0,0,0,0,0,1,0,0,1,3,30
2024131426561,2024,131426561,426490,436330,-1.59908,53.82257,3,3,7,18:15,-1,E08000035,6,0,1,0,1,4,6,2,0,0,0,1,0,0,0,0,1,3,30
2024131426585,2024,131426585,427792,432950,-1.57961,53.79213,2,2,7,22:37,-1,E08000035,6,2,1,0,1,"[13, 9]","[8, 7]","[7, 1]",0,0,0,1,0,1,0,0,0,3,30
2024131426649,2024,131426649,432296,420449,-1.51254,53.67951,3,3,6,19:20,-1,E08000036,6,2,1,0,1,"[-1, 19]","[-1, 3]","[-1, 7]","[-1, 0]","[-1, 0]","[-1, 0]",1,1,0,0,0,0,3,29
2024131426659,2024,131426659,403460,418772,-1.94911,53.66542,3,3,6,15:42,-1,E08000033,6,0,1,0,2,"[2, 19]","[0, 8]","[0, 4]",0,0,0,1,0,0,0,0,1,3,29
2024131426680,2024,131426680,412526,433171,-1.81133,53.7947,2,2,1,11:35,-1,E08000032,6,0,1,0,1,"[7, 19]",1,1,"[7, 0]",0,0,1,1,0,0,0,0,3,31
2024131426693,2024,131426693,431820,429320,-1.51884,53.75927,3,3,1,13:10,-1,E08000035,6,0,1,0,1,19,"[1, 5]","[5, 1]",0,0,0,1,0,0,0,0,0,3,31
2024131426715,2024,131426715,435449,424786,-1.46431,53.71829,3,3,1,14:25,-1,E08000036,3,0,1,0,1,4,1,5,0,0,0,1,0,1,0,0,0,3,31
2024131426718,2024,131426718,414645,416423,-1.77995,53.64411,3,3,6,15:30,-1,E08000034,3,0,1,0,1,-1,-1,-1,-1,-1,-1,1,0,0,0,0,0,3,29
2024131426747,2024,131426747,449906,423965,-1.2454,53.70973,3,3,1,18:05,-1,E08000036,3,0,1,0,1,19,7,4,0,0,0,1,0,0,0,0,1,3,31
2024131426749,2024,131426749,434564,435214,-1.47656,53.81207,2,2,1,18:30,-1,E08000035,6,0,1,0,1,9,7,3,0,0,0,0,1,0,0,0,0,3,31
2024131426763,2024,131426763,425428,426393,-1.61603,53.73331,3,3,1,18:15,-1,E08000035,4,0,1,0,1,"[6, 19]",5,"[1, 5]",0,0,0,1,0,0,0,0,0,3,31
2024131426774,2024,131426774,448062,424549,-1.27324,53.71515,2,2,1,20:31,-1,E08000036,4,2,2,1,2,19,3,7,0,1,0,1,0,0,0,0,1,3,31
2024131426804,2024,131426804,428725,429698,-1.56575,53.76285,2,2,1,22:15,-1,E08000035,3,2,2,1,1,19,"[1, 3]","[5, 7]",0,0,0,1,0,1,0,0,0,3,31
2024131426809,2024,131426809,401550,415618,-1.97803,53.63708,3,3,2,03:12,-1,E08000033,1,2,2,1,2,"[19, -1]","[3, -1]","[7, -1]","[0, -1]","[5, -1]","[6, -1]",1,0,0,1,0,0,4,1
2024131426814,2024,131426814,424335,438034,-1.63168,53.83799,2,2,2,01:15,-1,E08000035,6,2,2,1,1,"[2, 19]","[0, 6]","[0, 2]",0,0,0,1,0,0,0,0,0,4,1
2024131426857,2024,131426857,445849,425631,-1.30661,53.72507,3,3,7,16:30,-1,E08000036,6,0,1,0,1,19,"[4, 5]","[8, 1]",0,0,0,1,0,0,0,0,0,3,30
2024131426888,2024,131426888,410038,423543,-1.84941,53.70822,3,3,2,13:57,-1,E08000033,6,0,2,1,1,"[-1, 4]","[-1, 3]","[-1, 7]","[-1, 0]","[-1, 0]",0,1,0,0,0,0,0,4,1
2024131426961,2024,131426961,406584,423816,-1.90173,53.71073,2,"[3, 2]",2,16:05,-1,E08000033,3,0,1,1,1,"[19, 9]","[1, 5]","[5, 3]",0,"[0, 7]","[0, 11]",1,0,0,0,0,0,4,1
2024131426975,2024,131426975,410826,434436,-1.83709,53.80611,3,3,2,22:10,-1,E08000032,6,2,1,1,1,"[19, 2]","[7, 0]","[3, 0]","[4, 0]",0,0,1,0,0,0,0,0,4,1
2024131426991,2024,131426991,431465,432681,-1.52388,53.7895,3,3,3,00:44,-1,E08000035,3,2,1,1,1,19,"[5, 7]",3,0,0,0,1,0,0,0,0,0,4,2
2024131427094,2024,131427094,410929,437285,-1.83543,53.83171,3,3,3,07:00,-1,E08000032,6,0,1,0,1,"[2, 19]","[0, 3]","[0, 7]",0,0,0,1,0,0,0,0,0,4,2
2024131427313,2024,131427313,442934,423291,-1.35111,53.70429,2,2,3,19:15,-1,E08000036,1,0,1,0,2,19,3,7,0,0,0,1,0,0,0,0,0,4,2
2024131427315,2024,131427315,416679,434555,-1.74821,53.80702,3,3,3,20:23,-1,E08000032,6,2,2,1,1,"[9, 19]","[3, 6]","[7, 4]",0,0,0,1,0,0,0,0,0,4,2
2024131427339,2024,131427339,431533,420281,-1.52411,53.67805,2,2,3,19:42,-1,E08000036,3,2,2,1,1,19,"[3, 1]","[7, 5]","[11, 0]",0,0,1,1,0,0,0,0,4,2
2024131427506,2024,131427506,418452,426310,-1.72178,53.73286,3,3,3,17:50,-1,E08000034,3,0,1,0,1,"[19, 12]",1,1,0,0,0,1,0,0,1,0,0,4,2
2024131427529,2024,131427529,411412,432811,-1.82825,53.79149,3,3,3,10:30,-1,E08000032,4,0,1,0,1,"[7, 19]",7,3,0,0,0,1,1,0,0,0,0,4,2
2024131427611,2024,131427611,431122,431939,-1.52916,53.78285,3,3,3,13:57,-1,E08000035,6,0,9,1,1,"[19, -1]","[8, -1]","[4, -1]","[0, -1]","[0, -1]","[0, -1]",1,0,0,1,0,0,4,2
2024131427613,2024,131427613,409262,424957,-1.86112,53.72094,3,3,4,12:00,-1,E08000033,6,0,2,1,1,"[9, 19]",1,"[2, 1]",0,0,0,1,0,0,0,0,0,4,3
2024131427619,2024,131427619,428210,435082,-1.57307,53.81127,3,3,3,21:30,-1,E08000035,6,2,1,0,1,-1,-1,-1,-1,-1,-1,1,0,0,0,0,1,4,2
2024131427632,2024,131427632,420387,419765,-1.69287,53.67396,2,"[2, 3]",3,13:35,-1,E08000034,6,0,1,0,1,"[19, 9]","[3, 7]","[7, 3]",0,0,0,1,0,0,0,0,0,4,2
2024131427645,2024,131427645,429793,433814,-1.54915,53.79978,2,2,7,23:00,-1,E08000035,6,2,9,0,1,2,0,0,0,0,0,1,0,0,0,0,1,3,23
2024131427661,2024,131427661,426790,432068,-1.59489,53.78425,2,"[3, 2]",3,16:52,-1,E08000035,6,0,1,0,1,"[2, 19]","[5, 1]","[5, 1]",0,"[0, 1]","[0, 11]",1,0,0,0,0,0,4,2
2024131427688,2024,131427688,416526,432872,-1.75062,53.7919,3,3,4,16:55,-1,E08000032,6,0,2,1,1,"[2, 14]","[0, 8]","[0, 4]",0,0,0,1,0,0,0,0,1,4,3
2024131427717,2024,131427717,429258,426737,-1.55794,53.73621,3,3,4,23:26,-1,E08000035,3,2,1,0,2,"[19, 9]","[1, 3]","[5, 7]",0,0,0,1,0,1,0,0,0,4,3
2024131427725,2024,131427725,425922,437321,-1.60763,53.83151,3,3,4,22:10,-1,E08000035,6,2,1,1,1,"[2, 19]","[0, 1]","[0, 5]",0,0,0,1,0,0,0,0,0,4,3
2024131427729,2024,131427729,435564,431297,-1.46183,53.7768,3,3,4,21:50,-1,E08000035,1,2,1,0,2,19,1,5,0,0,0,1,0,0,0,0,0,4,3
2024131427826,2024,131427826,429562,433978,-1.55264,53.80127,3,3,4,11:00,-1,E08000035,6,0,9,0,1,-1,-1,-1,-1,-1,-1,1,0,0,0,0,1,4,3
2024131427891,2024,131427891,414952,416833,-1.77528,53.64779,3,3,1,17:05,-1,E08000034,6,0,1,0,1,19,-1,-1,-1,-1,-1,1,0,0,0,0,1,3,31
2024131427963,2024,131427963,431538,435833,-1.52245,53.81783,3,3,3,08:45,-1,E08000035,6,0,1,0,1,-1,-1,-1,-1,-1,-1,1,0,0,0,0,1,4,2
2024131427976,2024,131427976,421962,434782,-1.66797,53.80887,3,3,5,11:33,-1,E08000035,6,0,1,0,1,"[19, 9]","[3, 1]","[7, 5]",0,0,0,1,0,0,0,0,0,4,4
2024131428008,2024,131428008,430676,432861,-1.53584,53.79117,3,3,2,21:50,-1,E08000035,3,2,1,0,1,"[19, -1]","[1, -1]","[5, -1]","[0, -1]","[0, -1]","[0, -1]",1,0,0,0,0,0,4,1
2024131428077,2024,131428077,430706,439110,-1.53476,53.84733,2,2,5,17:45,-1,E08000035,3,0,1,0,1,"[19, 4]","[1, 3]","[5, 7]",0,0,0,1,0,0,0,0,0,4,4
2024131428080,2024,131428080,434428,419744,-1.48034,53.67304,3,3,5,17:10,-1,E08000036,6,0,1,0,1,"[2, -1]","[0, 4]","[0, 8]","[0, -1]","[0, -1]",0,1,0,0,0,0,0,4,4
2024131428126,2024,131428126,412896,433281,-1.80571,53.79568,3,3,5,22:30,-1,E08000032,4,2,2,1,1,"[4, 19]",8,4,0,0,0,1,0,0,0,0,0,4,4
2024131428135,2024,131428135,418429,441173,-1.72124,53.86645,3,3,5,23:09,-1,E08000035,6,2,2,1,1,"[9, 4]","[3, 5]","[3, 5]",0,0,0,1,0,0,0,0,0,4,4
2024131428166,2024,131428166,418661,427505,-1.71854,53.74359,3,3,6,06:00,-1,E08000034,1,0,2,1,2,19,7,3,0,"[2, 5]",7,1,0,0,0,0,0,4,5
2024131428171,2024,131428171,412555,437514,-1.81071,53.83373,2,2,4,14:33,-1,E08000032,6,0,1,0,1,5,1,5,0,0,0,1,0,1,0,0,0,3,27
2024131428262,2024,131428262,427045,431618,-1.59106,53.78019,3,3,5,17:18,-1,E08000035,3,0,2,0,1,"[19, 3]",3,7,0,0,0,1,0,0,0,0,0,4,4
2024131428291,2024,131428291,432769,419339,-1.5055,53.66951,2,"[3, 2]",4,13:30,-1,E08000036,4,0,2,1,1,7,5,7,0,0,0,1,0,0,0,0,1,4,3
2024131428351,2024,131428351,416937,424619,-1.74483,53.71771,2,"[2, 3]",6,12:37,-1,E08000034,1,0,2,1,2,19,7,3,0,0,0,0,0,1,0,1,0,4,5
2024131428368,2024,131428368,437100,435296,-1.43804,53.81263,2,2,6,11:43,-1,E08000035,6,0,1,0,1,4,5,3,0,0,0,0,0,0,1,0,1,4,5
2024131428373,2024,131428373,434792,437958,-1.47279,53.83672,3,3,5,21:20,-1,E08000035,3,2,2,1,2,"[15, 19]",6,2,"[10, 0]",0,0,1,0,0,0,0,0,4,4
2024131428386,2024,131428386,423592,434599,-1.64323,53.80715,3,3,5,16:36,-1,E08000035,6,0,1,0,1,19,"[2, 3]","[6, 7]",0,0,0,1,1,0,0,0,0,4,4
2024131428398,2024,131428398,427292,434669,-1.58704,53.8076,3,3,5,21:50,-1,E08000035,6,2,1,-1,1,-1,-1,-1,-1,-1,0,1,0,0,0,0,1,3,28
2024131428420,2024,131428420,421245,428366,-1.6793,53.75123,3,3,4,18:45,-1,E08000034,3,0,1,0,1,-1,-1,-1,-1,-1,-1,1,0,0,0,0,1,4,3
2024131428463,2024,131428463,428698,433103,-1.56584,53.79345,2,"[2, 3]",5,22:05,-1,E08000035,3,2,2,1,1,19,1,5,0,"[0, 7]","[0, 7]",1,0,1,0,0,0,4,4
2024131428499,2024,131428499,417959,430988,-1.72898,53.77492,3,3,5,21:21,-1,E08000032,3,2,5,1,1,19,7,3,0,0,0,1,0,0,0,0,0,4,4
2024131428659,2024,131428659,420410,424245,-1.69223,53.71423,3,3,6,18:30,-1,E08000034,3,0,1,0,1,"[19, 4]","[7, 3]","[3, 7]",0,0,0,1,0,1,0,0,0,4,5
2024131428664,2024,131428664,432514,433448,-1.50788,53.79633,3,3,5,10:40,-1,E08000035,6,0,1,0,1,19,5,1,0,0,0,1,0,0,0,0,0,4,4
2024131428665,2024,131428665,426999,421966,-1.5926,53.69345,3,3,7,13:42,-1,E08000036,4,0,4,0,1,19,6,2,0,"[1, 0]",0,1,0,1,0,0,0,4,6
2024131428719,2024,131428719,432460,434355,-1.5086,53.80449,2,2,7,17:44,-1,E08000035,6,0,1,0,1,19,8,4,0,0,0,1,0,0,0,0,1,4,6
2024131428737,2024,131428737,419032,420462,-1.71334,53.68028,2,2,7,18:17,-1,E08000034,3,0,1,0,1,"[9, 19]","[8, 4]","[4, 8]",0,"[0, 1]","[0, 3]",1,0,1,0,0,0,4,6
2024131428744,2024,131428744,414214,434282,-1.78565,53.80464,3,3,7,19:48,-1,E08000032,6,0,4,0,1,19,"[3, 1]","[7, 5]",0,0,0,1,0,0,0,0,0,4,6
2024131428753,2024,131428753,411692,416674,-1.82461,53.64644,2,"[3, 2]",7,21:10,-1,E08000034,6,2,2,1,1,19,"[7, 1]","[3, 5]",0,0,0,1,0,0,0,0,0,4,6
2024131428756,2024,131428756,415983,431323,-1.75895,53.778,3,3,7,17:45,-1,E08000032,6,0,1,0,1,19,3,7,0,0,0,1,0,0,0,0,1,4,6
2024131428770,2024,131428770,438601,436365,-1.41511,53.82213,2,2,7,20:38,-1,E08000035,6,2,4,1,2,19,4,7,0,1,2,1,0,0,0,0,0,4,6
2024131428834,2024,131428834,411426,426362,-1.82828,53.73353,3,3,7,11:07,-1,E08000033,6,0,1,0,1,19,5,1,0,0,0,1,0,0,0,0,0,4,6
2024131428846,2024,131428846,445034,415100,-1.32048,53.6305,2,2,1,06:12,-1,E08000036,3,0,1,0,2,"[19, 13]","[8, 4]","[4, 8]",0,1,0,1,0,0,0,0,0,4,7
2024131428847,2024,131428847,446644,413266,-1.29641,53.61387,3,3,6,19:00,-1,E08000036,3,0,1,0,2,"[19, -1]","[4, -1]","[8, -1]","[0, -1]","[0, -1]","[0, -1]",1,0,0,0,0,0,4,5
2024131428864,2024,131428864,418585,433125,-1.71935,53.79411,3,3,7,18:39,-1,E08000032,3,0,1,0,1,"[19, 9]","[5, 1]","[1, 7]",0,0,0,1,0,1,0,0,0,4,6
2024131428869,2024,131428869,414529,417922,-1.78163,53.65759,2,"[3, 2]",7,19:25,-1,E08000034,3,0,5,1,1,"[19, 11]",1,5,"[10, 0]","[1, 0]","[10, 0]",1,0,0,0,0,0,4,6
2024131428883,2024,131428883,429979,428088,-1.54688,53.74831,2,2,7,20:05,-1,E08000035,6,2,1,0,1,-1,-1,-1,-1,-1,-1,1,0,0,0,0,1,4,6
2024131428914,2024,131428914,406678,424661,-1.90029,53.71832,3,3,1,13:30,-1,E08000033,6,0,1,0,1,"[-1, 19]","[-1, 1]","[-1, 1]","[-1, 0]","[-1, 0]",0,1,0,0,0,0,0,4,7
2024131428929,2024,131428929,403889,423209,-1.94257,53.7053,3,3,1,12:15,-1,E08000033,6,0,1,1,1,-1,-1,-1,-1,-1,-1,1,0,0,0,0,1,4,7
2024131428995,2024,131428995,426107,437088,-1.60483,53.8294,2,"[3, 2]",1,20:20,-1,E08000035,6,2,1,0,1,"[13, 19]","[5, 1]","[1, 5]",0,0,0,1,0,0,0,0,0,4,7
2024131429027,2024,131429027,399369,414891,-2.01102,53.63055,3,3,1,08:00,-1,E08000033,1,0,5,1,2,19,3,7,0,7,10,1,0,0,0,0,0,4,7
2024131429207,2024,131429207,436406,434683,-1.44865,53.80717,3,3,6,16:38,-1,E08000035,6,0,1,0,1,-1,-1,-1,-1,-1,0,1,0,0,0,0,1,3,29
2024131429337,2024,131429337,417341,432857,-1.73825,53.79174,3,3,2,18:00,-1,E08000032,6,0,1,1,1,19,"[7, 5]","[3, 1]",0,0,0,1,0,0,0,0,0,4,8
2024131429338,2024,131429338,422447,425924,-1.66125,53.72923,2,2,2,17:08,-1,E08000034,6,0,1,1,1,19,5,1,0,0,0,1,0,0,0,0,1,4,8
2024131429360,2024,131429360,422255,432319,-1.6637,53.78672,2,2,2,17:50,-1,E08000035,6,0,1,1,1,"[19, 2, 9]","[1, 0, 3]","[5, 0, 1]",0,0,0,1,0,1,0,0,0,4,8
2024131429544,2024,131429544,430247,433535,-1.54228,53.79725,2,2,6,23:50,-1,E08000035,6,2,1,1,1,19,"[1, 5]","[5, 1]",0,0,0,0,1,0,0,0,0,4,5
2024131429585,2024,131429585,406977,429772,-1.89564,53.76425,3,3,2,15:00,-1,E08000033,3,0,2,1,2,"[9, 19]","[5, 1]","[1, 5]",0,0,0,1,0,0,0,0,0,4,8
2024131429600,2024,131429600,410480,417989,-1.8429,53.65829,2,2,2,14:56,-1,E08000034,6,0,2,1,1,-1,-1,-1,-1,-1,-1,0,0,0,1,0,1,4,8
2024131429679,2024,131429679,441479,444875,-1.37025,53.89839,3,3,3,13:45,-1,E08000035,2,0,5,1,2,19,1,5,0,0,0,1,0,0,1,0,0,4,9
2024131429706,2024,131429706,404748,411552,-1.92973,53.60051,2,2,3,11:40,-1,E08000034,6,0,2,1,2,19,1,5,0,0,0,1,0,0,0,0,0,4,9
2024131429712,2024,131429712,415831,432801,-1.76118,53.79129,2,2,3,15:15,-1,E08000032,6,0,3,1,1,19,1,1,0,1,7,0,1,0,0,0,0,4,9
2024131429747,2024,131429747,434043,419122,-1.48624,53.66747,3,3,3,17:30,-1,E08000036,6,0,4,0,1,-1,-1,-1,-1,-1,0,1,0,0,0,0,1,4,9
2024131429754,2024,131429754,433539,422299,-1.49352,53.69606,3,3,2,12:04,-1,E08000036,6,0,2,1,1,"[3, 19]",7,3,0,0,0,1,0,0,0,0,0,4,8
2024131429855,2024,131429855,448449,423420,-1.26755,53.70497,3,3,4,07:05,-1,E08000036,3,0,2,0,1,"[9, 19]",5,"[7, 1]",0,0,0,1,0,0,0,0,0,4,10
2024131429934,2024,131429934,423702,434345,-1.64158,53.80487,2,2,4,07:45,-1,E08000035,3,0,1,0,1,19,7,7,0,0,0,1,0,0,0,0,0,4,10
2024131429951,2024,131429951,418580,431334,-1.71954,53.77801,3,3,3,16:00,-1,E08000032,6,0,1,0,1,-1,-1,-1,-1,-1,-1,1,0,0,0,0,1,4,2
2024131430045,2024,131430045,423201,410606,-1.65096,53.59152,3,3,3,14:55,-1,E08000034,4,0,9,0,2,"[19, 2]",3,7,"[4, 0]",0,0,1,0,0,0,0,0,4,9
2024131430086,2024,131430086,417670,434844,-1.73315,53.80959,3,3,4,13:25,-1,E08000032,6,0,2,1,1,"[19, 5]","[1, 3]","[2, 1, 3]",0,0,0,1,0,0,0,0,0,4,10
2024131430088,2024,131430088,417806,437294,-1.73094,53.8316,2,2,3,19:38,-1,E08000032,6,0,1,1,1,"[19, 5]","[5, 7]","[1, 5]",0,0,0,1,0,0,0,0,0,4,9
2024131430176,2024,131430176,419789,434064,-1.70102,53.8025,3,3,3,14:17,-1,E08000035,3,0,1,0,1,19,"[1, 7]","[5, 3]",0,0,0,1,0,0,0,0,0,4,9
2024131430177,2024,131430177,418055,419702,-1.72818,53.67348,2,2,4,16:15,-1,E08000034,4,0,1,1,2,19,5,1,0,2,4,1,0,0,0,0,0,4,10
2024131430185,2024,131430185,416967,421991,-1.74452,53.69409,3,3,4,17:59,-1,E08000033,3,0,1,0,2,19,8,4,0,0,0,1,0,0,0,0,0,4,10
2024131430187,2024,131430187,421845,423383,-1.67055,53.70642,3,3,3,12:25,-1,E08000034,6,0,2,1,1,"[19, 5]",2,6,0,0,0,1,0,0,0,0,0,4,9
2024131430243,2024,131430243,430018,438582,-1.54527,53.84262,3,3,4,22:30,-1,E08000035,6,2,8,1,1,"[19, 9]","[1, 5]","[5, 1]",0,0,0,1,0,0,0,0,0,4,10
2024131430254,2024,131430254,424789,441614,-1.62449,53.87015,3,3,4,23:05,-1,E08000035,6,2,2,1,2,19,4,8,0,1,4,1,0,0,0,0,0,4,10
2024131430354,2024,131430354,422827,421322,-1.65583,53.68786,3,3,5,08:40,-1,E08000034,6,0,1,0,1,"[19, 2]","[4, 0]","[8, 0]","[4, 0]",0,0,1,0,0,0,0,0,4,11
2024131430376,2024,131430376,428701,433191,-1.56579,53.79424,3,3,4,17:15,-1,E08000035,3,0,1,1,1,19,"[5, 6]",2,0,0,0,1,0,0,0,0,0,4,10
2024131430422,2024,131430422,407397,429018,-1.88929,53.75747,2,2,5,10:20,-1,E08000033,6,0,9,1,1,1,3,8,11,1,10,1,0,0,0,0,0,4,11
2024131430485,2024,131430485,430405,437880,-1.53946,53.83629,3,3,5,13:12,-1,E08000035,6,0,1,0,1,"[19, 12]",1,5,0,0,0,1,0,0,0,0,0,4,11
2024131430573,2024,131430573,410771,409933,-1.83877,53.58587,3,3,5,12:42,-1,E08000034,4,0,1,0,2,"[19, 5, 3]",1,8,0,0,0,1,0,0,0,0,0,4,11
2024131430594,2024,131430594,413036,434902,-1.80351,53.81025,2,2,3,18:33,-1,E08000032,6,0,1,0,1,19,1,5,0,0,0,1,0,0,0,0,1,4,9
2024131430614,2024,131430614,418263,435383,-1.72411,53.81441,3,3,5,18:00,-1,E08000032,3,0,1,0,1,19,1,1,0,0,0,1,0,0,0,0,0,4,11
2024131430692,2024,131430692,426208,426069,-1.60423,53.73036,3,3,6,06:41,-1,E08000035,1,0,1,0,1,19,3,7,0,0,0,1,0,0,0,0,0,4,12
2024131430693,2024,131430693,409304,421110,-1.8606,53.68636,2,2,5,10:00,-1,E08000033,4,0,1,0,1,19,3,3,0,0,0,0,1,0,0,0,0,4,11
2024131430788,2024,131430788,409181,425884,-1.86232,53.72927,3,3,5,20:45,-1,E08000033,3,2,1,0,1,-1,-1,-1,-1,-1,-1,1,0,0,0,0,1,4,11
2024131430895,2024,131430895,427005,437441,-1.59116,53.83253,2,2,6,13:15,-1,E08000035,3,0,1,0,1,"[9, 19]","[4, 8]","[3, 6]",0,0,0,1,1,0,0,0,0,4,12
2024131430944,2024,131430944,416448,432596,-1.75182,53.78942,3,3,6,00:03,-1,E08000032,3,2,1,0,1,19,3,7,0,0,0,1,0,0,0,0,0,4,12
2024131430951,2024,131430951,411417,430875,-1.82825,53.77409,2,2,6,13:20,-1,E08000032,6,0,1,0,2,19,1,5,0,7,11,1,0,0,0,0,0,4,12
2024131430964,2024,131430964,415398,433203,-1.76773,53.79491,3,3,6,16:35,-1,E08000032,6,0,1,0,1,"[9, 19]","[7, 5, 1]","[3, 1, 5]",0,0,0,1,0,0,0,0,0,4,12
2024131430970,2024,131430970,413211,415389,-1.80168,53.63486,2,2,6,18:37,-1,E08000034,6,0,1,0,1,9,6,7,0,0,0,1,0,0,0,0,1,4,12
2024131430984,2024,131430984,433099,434007,-1.49894,53.80132,2,2,6,17:05,-1,E08000035,6,0,1,0,1,"[4, 19]","[7, 5]","[3, 1]",0,0,0,0,1,0,1,0,0,4,12
2024131431016,2024,131431016,411537,426905,-1.82657,53.7384,3,3,6,22:10,-1,E08000033,6,2,1,0,1,5,7,3,0,0,0,1,0,0,0,0,0,4,12
2024131431045,2024,131431045,432031,415917,-1.51702,53.6388,3,3,6,18:40,-1,E08000036,6,0,1,0,1,19,4,8,0,0,0,1,0,0,0,0,1,4,12
2024131431054,2024,131431054,423174,434694,-1.64957,53.80803,2,2,6,15:50,-1,E08000035,4,0,1,0,1,7,7,1,0,0,0,1,0,0,0,0,1,4,12
2024131431133,2024,131431133,414649,422797,-1.77959,53.7014,3,3,6,23:05,-1,E08000033,6,2,1,0,1,"[4, -1]","[1, -1]","[1, -1]","[0, -1]","[0, -1]",0,1,0,0,0,0,0,4,12
2024131431139,2024,131431139,413229,407834,-1.80173,53.56695,3,3,6,08:45,-1,E08000034,6,0,1,0,1,1,0,5,0,0,0,1,0,0,0,0,1,4,12
2024131431155,2024,131431155,427975,431964,-1.57692,53.78325,3,3,7,07:32,-1,E08000035,3,0,1,0,1,"[9, 19]",7,3,0,"[0, 3]",0,1,0,0,0,0,0,4,13
2024131431205,2024,131431205,431704,435416,-1.51997,53.81407,3,3,6,14:10,-1,E08000035,3,0,1,0,1,"[-1, 19]","[-1, 1]","[-1, 1]","[-1, 0]","[-1, 0]",0,1,0,0,0,0,0,4,12
2024131431209,2024,131431209,411309,426250,-1.83005,53.73252,3,3,7,13:27,-1,E08000033,6,0,1,0,1,"[6, 19]","[7, 1]","[7, 1]",0,0,0,1,0,0,0,0,0,4,13
2024131431222,2024,131431222,420729,417185,-1.68787,53.65076,3,3,7,10:50,-1,E08000034,4,0,2,1,2,"[19, -1]","[3, -1]","[7, -1]","[0, -1]","[0, -1]","[0, -1]",1,0,0,0,0,0,4,13
2024131431254,2024,131431254,413585,415230,-1.79603,53.63342,3,3,7,15:28,-1,E08000034,6,0,1,0,1,19,7,3,0,0,0,1,0,0,0,0,1,4,13
2024131431277,2024,131431277,418305,425473,-1.72405,53.72534,3,3,7,19:40,-1,E08000034,6,0,1,0,1,19,1,1,0,0,0,1,0,0,0,0,1,4,13
2024131431296,2024,131431296,426179,433059,-1.60408,53.79319,2,2,7,20:58,-1,E08000035,4,2,1,0,1,-1,-1,-1,-1,-1,-1,1,0,0,0,0,1,4,13
2024131431307,2024,131431307,448680,420993,-1.26443,53.68314,2,"[3, 2]",7,19:05,-1,E08000036,2,0,1,0,2,"[19, -1]","[5, -1]","[1, -1]","[0, -1]","[1, 0, -1]","[0, -1]",1,0,0,0,0,0,4,13
2024131431308,2024,131431308,426680,412295,-1.59826,53.60654,2,2,7,17:38,-1,E08000034,3,2,1,1,2,"[9, 19]","[5, 1]","[1, 5]",0,0,0,1,0,0,0,0,0,4,13
2024131431313,2024,131431313,429346,434984,-1.55583,53.81032,2,2,7,21:41,-1,E08000035,3,2,1,0,1,4,8,4,0,0,0,0,0,0,1,0,1,4,13
2024131431334,2024,131431334,430925,433324,-1.53201,53.79531,3,3,7,21:55,-1,E08000035,6,2,8,0,1,19,1,1,0,"[3, 0]",0,1,0,0,0,0,0,4,13
2024131431379,2024,131431379,417530,440428,-1.73495,53.85978,3,3,7,14:16,-1,E08000032,3,0,1,0,2,19,"[2, 6]","[6, 2]",0,0,0,1,0,0,0,0,0,4,13
2024131431399,2024,131431399,436942,437502,-1.44017,53.83247,2,2,1,07:30,-1,E08000035,3,0,1,0,2,19,"[3, 1]","[7, 5]",0,0,0,1,0,0,0,1,0,4,14
2024131431475,2024,131431475,410771,409928,-1.83877,53.58583,3,3,1,11:20,-1,E08000034,4,0,1,0,2,"[5, 19]","[7, 1]","[3, 5]",0,"[3, 0]",0,1,0,0,0,0,0,4,14
2024131431499,2024,131431499,410557,430342,-1.84132,53.76932,3,3,1,07:00,-1,E08000032,3,0,8,0,1,"[19, 2]","[2, 0]","[4, 0]",0,"[1, 0]","[7, 0]",1,0,0,0,0,0,4,14
2024131431502,2024,131431502,430536,434047,-1.53785,53.80183,3,3,1,15:00,-1,E08000035,6,0,1,0,1,"[12, 19]",5,1,0,0,0,1,0,0,0,0,0,4,14
2024131431525,2024,131431525,418655,426047,-1.71872,53.73049,3,3,7,18:15,-1,E08000034,6,0,1,0,1,"[4, 19]","[8, 2]",4,0,0,0,1,0,0,0,0,0,4,13
2024131431542,2024,131431542,443909,416519,-1.33729,53.64335,2,"[3, 2]",1,15:22,-1,E08000036,3,0,1,0,2,19,5,1,0,1,0,1,0,0,0,0,0,4,14
2024131431590,2024,131431590,432146,435548,-1.51325,53.81523,3,3,1,19:51,-1,E08000035,6,0,1,0,1,19,7,3,0,0,0,1,0,0,0,0,1,4,14
2024131431642,2024,131431642,431889,429609,-1.51776,53.76186,2,"[3, 2]",2,07:45,-1,E08000035,6,0,1,1,1,"[2, 19]",5,1,0,0,0,1,0,0,0,0,0,4,15
2024131431682,2024,131431682,430860,434003,-1.53293,53.80142,3,3,2,08:30,-1,E08000035,6,0,2,1,1,"[4, 9]","[5, 1]","[1, 7]",0,"[1, 0]","[10, 0]",1,0,0,0,0,0,4,15