collision_index,collision_year,collision_ref_no,location_easting_osgr,location_northing_osgr,longitude,latitude,casualty_severity,casualty_severity,day_of_week,time,local_authority_district,local_authority_ons_district,first_road_class,light_conditions,weather_conditions,road_surface_conditions,urban_or_rural_area,vehicle_manoeuvre,vehicle_direction_from,vehicle_direction_to,hit_object_in_carriageway,vehicle_leaving_carriageway,hit_object_off_carriageway,is_car,is_cyle,is_mcyle,is_goodsv,is_other,is_pedestrian,month,day
2024131431742,2024,131431742,413936,419208,-1.79055,53.66917,3,3,2,10:21,-1,E08000034,6,0,2,1,1,"[19, 2]","[1, 0]","[5, 0]",4,0,0,1,0,0,0,0,0,4,15
2024131431877,2024,131431877,390252,426176,-2.14924,53.73188,3,3,2,13:22,-1,E08000033,3,0,2,1,2,19,1,1,0,0,0,1,0,0,0,0,1,4,15
2024131431878,2024,131431878,405494,441145,-1.91794,53.86649,3,3,1,15:00,-1,E08000032,6,0,1,0,1,"[9, 15]",7,3,0,0,0,1,1,0,0,0,0,4,14
2024131431879,2024,131431879,409344,436210,-1.85954,53.82208,3,3,2,14:04,-1,E08000032,6,0,4,0,2,"[14, 19]","[5, 1]","[1, 5]",0,0,0,1,0,0,0,0,0,4,15
2024131431894,2024,131431894,417861,421069,-1.73104,53.68577,3,3,2,14:10,-1,E08000034,3,0,5,1,2,"[2, 5]",7,3,0,0,0,0,0,1,1,0,0,4,15
2024131431895,2024,131431895,423459,424794,-1.646,53.71903,3,3,2,13:02,-1,E08000034,6,0,1,0,1,"[4, 19]",3,7,0,0,0,1,0,0,0,0,0,4,15
2024131431897,2024,131431897,428487,431365,-1.5692,53.77784,3,3,2,14:50,-1,E08000035,3,0,2,1,1,19,"[3, 1]","[7, 5]",0,0,0,1,1,0,0,0,0,4,15
2024131431898,2024,131431898,427277,433072,-1.58741,53.79325,3,3,5,22:06,-1,E08000035,4,2,2,1,1,"[9, -1]","[1, -1]","[3, -1]","[0, -1]","[0, -1]",0,1,1,0,0,0,0,3,21
2024131431920,2024,131431920,442288,434762,-1.35933,53.80744,2,2,1,11:26,-1,E08000035,4,0,1,0,2,19,5,1,0,1,2,1,0,0,0,0,0,4,14
2024131431927,2024,131431927,408289,428394,-1.87578,53.75185,3,3,2,15:42,-1,E08000033,6,0,8,1,1,7,-1,-1,-1,-1,0,1,0,0,0,0,1,4,15
2024131431928,2024,131431928,429047,432198,-1.56063,53.7853,2,2,2,16:27,-1,E08000035,6,0,4,0,1,19,3,7,0,0,0,1,0,0,0,0,1,4,15
2024131431931,2024,131431931,429291,420351,-1.55804,53.67881,3,3,2,17:00,-1,E08000036,6,0,4,0,1,"[4, 19]",3,7,0,0,0,1,0,0,0,0,0,4,15
2024131431950,2024,131431950,432947,439245,-1.50069,53.8484,2,"[2, 3]",1,14:05,-1,E08000035,3,0,1,0,2,"[3, 15]","[8, 3]","[3, 8]","[4, 10, 0]",0,0,1,0,0,0,0,0,4,14
2024131432004,2024,131432004,429737,430549,-1.55031,53.77044,3,3,3,00:44,-1,E08000035,3,2,1,0,1,-1,-1,-1,-1,-1,0,0,0,1,0,0,1,4,16
2024131432019,2024,131432019,417458,436438,-1.73627,53.82392,3,3,3,20:00,-1,E08000032,6,2,1,0,1,19,1,5,0,0,0,1,0,0,0,0,1,3,19
2024131432153,2024,131432153,429560,434821,-1.55259,53.80885,2,2,3,10:15,-1,E08000035,3,0,1,0,1,"[3, 4]","[8, 4]","[4, 8]","[11, 0]",0,0,1,0,1,0,0,0,4,16
2024131432228,2024,131432228,429380,433825,-1.55542,53.7999,3,3,2,17:45,-1,E08000035,2,0,5,1,1,"[8, 19, -1]","[7, -1]","[1, 3, -1]","[0, -1]","[0, -1]","[0, -1]",1,0,0,0,0,0,4,15
2024131432276,2024,131432276,433892,424568,-1.48793,53.71643,3,3,2,15:22,-1,E08000036,6,0,5,1,1,"[2, -1]","[7, -1]","[3, -1]","[0, -1]","[0, -1]","[0, -1]",1,0,0,0,0,0,4,15
2024131432326,2024,131432326,415662,434584,-1.76365,53.80732,2,2,2,22:10,-1,E08000032,3,2,1,1,1,19,2,2,0,0,0,1,0,0,0,0,1,4,15
2024131432346,2024,131432346,415558,433568,-1.76528,53.79819,2,2,3,16:15,-1,E08000032,6,0,1,0,1,"[9, 13]",1,1,0,0,0,1,0,1,0,0,0,4,16
2024131432380,2024,131432380,412947,435346,-1.80485,53.81424,3,3,3,15:20,-1,E08000032,6,0,1,0,1,19,5,1,0,0,0,1,0,0,0,0,1,4,16
2024131432399,2024,131432399,414715,419687,-1.77874,53.67345,3,3,3,17:00,-1,E08000034,3,0,1,0,1,"[3, 19]",5,1,0,0,0,1,0,0,0,0,0,4,16
2024131432407,2024,131432407,419704,441235,-1.70185,53.86696,3,3,3,16:50,-1,E08000035,6,0,1,0,1,19,"[1, 3]","[5, 7]",0,0,0,1,0,0,0,0,0,4,16
2024131432547,2024,131432547,430043,428117,-1.54591,53.74856,3,3,2,13:15,-1,E08000035,6,0,9,0,1,19,3,7,-1,-1,-1,1,0,0,0,0,1,4,15
2024131432607,2024,131432607,411922,432018,-1.82054,53.78435,3,3,3,18:15,-1,E08000032,6,0,1,0,1,19,"[7, 1]","[3, 5]",0,0,0,1,1,0,0,0,0,4,16
2024131432627,2024,131432627,432525,427561,-1.50833,53.74342,3,3,4,07:46,-1,E08000035,3,0,1,1,1,14,1,5,0,0,0,1,0,0,0,0,1,4,17
2024131432719,2024,131432719,417513,431846,-1.7357,53.78265,3,3,4,10:00,-1,E08000032,6,0,1,0,1,-1,-1,-1,-1,-1,0,1,0,0,0,0,1,4,17
2024131432723,2024,131432723,421184,429134,-1.68017,53.75814,3,3,4,11:35,-1,E08000032,3,0,1,0,1,"[13, 15]",1,5,0,0,0,1,0,1,0,0,0,4,17
2024131432782,2024,131432782,430061,433866,-1.54508,53.80023,3,3,4,17:08,-1,E08000035,6,0,2,1,1,19,"[1, 3]","[5, 7]",0,0,0,1,1,0,0,0,0,4,17
2024131432810,2024,131432810,412364,408962,-1.81474,53.57711,3,3,4,20:00,-1,E08000034,6,0,1,0,2,2,1,5,0,0,0,1,0,0,0,0,0,4,17
2024131432824,2024,131432824,412801,434930,-1.80708,53.8105,3,3,4,20:12,-1,E08000032,6,0,1,0,1,19,7,3,0,0,0,1,0,0,0,0,1,4,17
2024131432833,2024,131432833,439527,421730,-1.40291,53.69053,3,3,4,20:48,-1,E08000036,3,2,1,0,2,19,3,7,0,0,0,1,0,0,0,0,0,4,17
2024131432842,2024,131432842,444770,432498,-1.32197,53.78688,3,3,3,17:29,-1,E08000035,2,0,1,0,2,19,5,1,0,0,0,1,0,0,0,0,0,4,16
2024131432906,2024,131432906,434013,421754,-1.48641,53.69113,2,2,4,12:32,-1,E08000036,6,0,1,0,1,4,5,1,0,0,0,1,0,1,0,0,0,4,17
2024131432929,2024,131432929,432650,440310,-1.50509,53.85799,3,3,5,08:22,-1,E08000035,6,0,1,0,1,19,3,7,0,0,0,1,0,0,0,0,0,4,18
2024131432954,2024,131432954,434223,418540,-1.48358,53.66223,2,2,5,08:30,-1,E08000036,4,0,1,0,1,19,6,3,0,0,0,1,0,0,0,0,1,4,18
2024131433015,2024,131433015,432991,417067,-1.50238,53.64907,2,2,5,08:25,-1,E08000036,3,0,1,0,2,19,5,8,0,0,0,1,0,0,0,0,1,4,18
2024131433095,2024,131433095,430155,433768,-1.54366,53.79935,2,2,4,19:30,-1,E08000035,6,0,1,0,1,19,7,3,-1,-1,-1,0,0,0,1,0,1,4,17
2024131433118,2024,131433118,418696,433702,-1.71763,53.79929,3,3,5,15:40,-1,E08000032,6,0,1,0,1,"[-1, 19]","[-1, 7]","[-1, 3]","[-1, 0]","[-1, 0]","[-1, 0]",1,1,0,0,0,0,4,11
2024131433136,2024,131433136,409979,438833,-1.84981,53.84564,3,3,4,15:10,-1,E08000032,4,0,1,1,2,"[19, -1]","[3, -1]","[7, -1]","[0, -1]","[0, -1]",0,1,1,0,0,0,0,4,17
2024131433149,2024,131433149,407893,424620,-1.88188,53.71793,2,2,3,18:45,-1,E08000033,6,2,1,1,1,19,3,7,0,0,0,1,0,0,0,0,1,4,9
2024131433176,2024,131433176,416541,420741,-1.75104,53.68287,2,2,5,15:16,-1,E08000034,3,0,2,1,1,"[9, 19]","[5, 7]","[6, 3]",0,0,0,1,0,0,0,0,0,4,18
2024131433191,2024,131433191,422327,433575,-1.66252,53.79801,3,3,5,15:07,-1,E08000035,6,0,2,1,1,19,6,2,0,0,0,1,0,0,0,0,1,4,18
2024131433222,2024,131433222,416851,413910,-1.74671,53.62146,3,3,5,17:11,-1,E08000034,6,0,2,1,2,9,5,1,0,0,0,1,0,0,0,0,0,4,18
2024131433240,2024,131433240,417690,416425,-1.73389,53.64404,3,3,5,17:28,-1,E08000034,3,0,2,1,1,19,5,1,0,0,0,1,0,0,0,0,1,4,18
2024131433246,2024,131433246,417628,435625,-1.73374,53.81661,2,2,5,14:36,-1,E08000032,3,0,2,1,1,19,"[5, 7]","[5, 7]",0,"[0, 3]",0,1,0,0,1,0,0,4,18
2024131433265,2024,131433265,424450,427238,-1.63079,53.74096,3,3,1,14:47,-1,E08000035,3,0,1,0,1,"[5, 15]","[3, 5]",1,0,0,0,1,1,0,0,0,0,3,24
2024131433392,2024,131433392,414481,417788,-1.78237,53.65639,3,3,5,11:00,-1,E08000034,6,0,1,0,1,-1,-1,-1,-1,-1,0,1,0,0,0,0,1,4,18
2024131433504,2024,131433504,432130,435544,-1.51349,53.81519,3,3,6,12:00,-1,E08000035,6,0,1,0,1,19,5,1,0,0,0,1,0,0,0,0,1,4,19
2024131433505,2024,131433505,415338,438249,-1.76839,53.84027,3,3,5,17:50,-1,E08000032,3,0,1,0,1,19,2,6,0,0,0,1,0,0,0,0,1,4,18
2024131433584,2024,131433584,410509,435093,-1.84188,53.81202,3,3,6,12:14,-1,E08000032,6,0,2,1,2,19,5,1,0,"[0, 1]",0,1,0,0,0,0,0,4,19
2024131433604,2024,131433604,411701,418395,-1.82441,53.66191,3,3,6,12:45,-1,E08000034,6,0,1,0,1,"[2, -1]","[0, -1]","[0, -1]","[0, -1]","[0, -1]",0,1,0,0,0,0,1,3,15
2024131433681,2024,131433681,408332,427088,-1.87516,53.74011,3,3,6,20:53,-1,E08000033,6,2,1,0,1,"[-1, 2]","[-1, 0]","[-1, 0]","[-1, 0]","[-1, 0]",0,1,0,0,0,0,0,4,19
2024131433696,2024,131433696,448527,423532,-1.26635,53.70597,2,2,6,22:05,-1,E08000036,3,2,1,0,1,19,1,5,0,1,0,1,0,0,0,0,1,4,19
2024131433700,2024,131433700,432711,420605,-1.50624,53.68089,3,3,6,22:36,-1,E08000036,3,2,1,0,1,"[19, 9]","[2, 4]","[6, 2]",0,"[8, 0]","[1, 0]",1,0,0,0,0,0,4,19
2024131433710,2024,131433710,428892,431026,-1.56309,53.77477,3,3,5,18:09,-1,E08000035,6,2,1,0,1,"[5, 19]",2,2,0,0,0,1,1,0,0,0,0,2,22
2024131433814,2024,131433814,411002,434525,-1.83442,53.8069,3,3,6,16:10,-1,E08000032,6,0,1,0,1,-1,-1,-1,-1,-1,0,1,0,0,0,0,1,4,19
2024131433848,2024,131433848,406035,441179,-1.90971,53.86679,3,3,7,08:47,-1,E08000032,3,0,1,0,1,-1,5,1,-1,-1,-1,1,0,0,0,0,1,4,20
2024131433852,2024,131433852,412150,425467,-1.81734,53.72547,3,3,7,11:02,-1,E08000033,6,0,1,0,1,"[2, 19]","[7, 3]","[3, 7]","[0, 4]",0,0,1,0,0,0,0,1,4,20
2024131433858,2024,131433858,427714,434474,-1.58065,53.80583,2,2,6,19:19,-1,E08000035,3,2,1,0,1,19,8,4,0,0,0,1,0,0,0,0,1,4,5
2024131433859,2024,131433859,434493,423042,-1.47899,53.70268,3,3,7,13:30,-1,E08000036,3,0,1,0,1,19,1,5,0,0,0,1,0,0,0,0,1,4,20
2024131433868,2024,131433868,427868,432920,-1.57846,53.79185,2,2,7,17:23,-1,E08000035,4,0,1,0,1,"[2, 19]","[0, 3]","[0, 7]",0,0,0,1,0,0,0,0,1,3,30
2024131433886,2024,131433886,409402,431059,-1.85882,53.77578,3,3,7,11:53,-1,E08000032,6,0,1,0,2,"[19, -1]","[7, -1]","[3, -1]","[0, -1]","[0, -1]","[0, -1]",0,0,1,0,1,0,4,20
2024131433936,2024,131433936,407672,413658,-1.88549,53.61941,3,3,5,15:37,-1,E08000034,6,0,1,0,1,-1,-1,-1,-1,-1,0,1,0,0,0,0,1,4,18
2024131433959,2024,131433959,430081,433771,-1.54478,53.79938,2,2,7,23:10,-1,E08000035,6,2,1,0,1,19,7,3,0,0,0,1,0,0,0,0,1,4,20
2024131433973,2024,131433973,429647,435296,-1.55122,53.81311,3,3,7,18:12,-1,E08000035,6,0,1,0,1,19,"[1, 5]","[5, 1]",0,0,0,1,0,1,0,0,0,4,20
2024131434014,2024,131434014,427294,438501,-1.58668,53.84204,2,2,1,05:30,-1,E08000035,3,0,1,0,2,19,7,3,0,8,2,1,0,0,0,0,0,4,21
2024131434033,2024,131434033,418176,433570,-1.72554,53.79812,3,3,1,08:49,-1,E08000032,4,0,1,0,1,"[19, 9]","[1, 5]","[5, 1]",0,0,0,1,0,0,0,0,0,4,21
2024131434113,2024,131434113,421563,440706,-1.67362,53.86213,3,3,1,15:07,-1,E08000035,3,0,1,0,1,19,8,4,0,0,0,1,0,0,0,0,0,4,21
2024131434117,2024,131434117,428190,438572,-1.57305,53.84263,2,2,1,16:01,-1,E08000035,3,0,1,0,2,19,2,6,10,0,0,0,0,1,0,0,0,4,21
2024131434134,2024,131434134,411234,407413,-1.83187,53.56321,1,1,1,14:10,-1,E08000034,6,0,1,0,2,19,"[5, 7]","[1, 3]",0,0,0,1,0,1,0,0,0,4,21
2024131434175,2024,131434175,408485,425236,-1.87289,53.72346,2,"[3, 2]",6,10:47,-1,E08000033,6,0,1,0,1,"[2, 19]","[0, 7]","[0, 3]","[10, 4, 0]","[1, 0]",0,1,0,0,1,0,0,3,29
2024131434180,2024,131434180,428812,434880,-1.56394,53.80942,2,2,7,20:00,-1,E08000035,6,0,1,0,1,19,8,4,0,0,0,1,0,0,0,0,0,4,20
2024131434279,2024,131434279,431189,431855,-1.52815,53.78209,3,3,2,08:40,-1,E08000035,3,0,2,1,1,"[19, 7]",8,4,0,0,0,1,0,0,1,0,0,4,22
2024131434331,2024,131434331,417849,430719,-1.73066,53.77251,2,2,5,22:32,-1,E08000032,3,2,2,1,1,19,5,1,0,0,0,0,1,0,0,0,0,3,14
2024131434394,2024,131434394,444240,416224,-1.33233,53.64067,3,3,2,13:04,-1,E08000036,3,0,1,1,2,19,8,4,0,1,4,1,0,0,0,0,0,4,22
2024131434484,2024,131434484,435953,435466,-1.45544,53.81424,3,3,7,14:40,-1,E08000035,3,0,1,0,1,"[19, 5]","[4, 3]","[2, 7]",0,0,0,1,1,0,0,0,0,4,20
2024131434493,2024,131434493,414280,433675,-1.78468,53.79919,3,3,1,21:05,-1,E08000032,3,2,1,0,1,"[4, -1]","[3, -1]","[1, -1]","[0, -1]","[0, -1]","[0, -1]",1,0,0,0,0,0,4,21
2024131434579,2024,131434579,447122,412682,-1.28928,53.60858,3,3,2,17:26,-1,E08000036,3,0,8,1,2,19,"[3, 7]",7,0,"[0, 1]",0,1,0,0,0,0,0,4,22
2024131434589,2024,131434589,414268,429880,-1.78504,53.76508,3,3,1,17:55,-1,E08000032,6,0,1,0,1,19,"[3, 8]","[7, 4]",0,0,0,1,1,0,0,0,0,3,31
2024131434626,2024,131434626,428194,435076,-1.57331,53.81121,3,3,3,08:12,-1,E08000035,6,0,1,0,1,19,"[3, 1]","[7, 5]",0,0,0,1,0,0,0,0,0,4,23
2024131434657,2024,131434657,428951,433439,-1.56197,53.79646,3,3,2,07:21,-1,E08000035,2,0,2,1,1,"[-1, 3]","[-1, 3]","[-1, 7]","[-1, 0]","[-1, 0]","[-1, 0]",1,0,0,0,0,0,4,22
2024131434748,2024,131434748,443164,419952,-1.34809,53.67426,2,2,2,22:15,-1,E08000036,3,2,1,1,1,"[19, 9]",3,"[7, 5]",0,0,0,1,0,1,0,0,0,4,22
2024131434772,2024,131434772,430670,425564,-1.53665,53.72558,3,3,2,15:40,-1,E08000035,6,0,4,0,1,19,7,3,0,0,0,1,0,0,0,0,1,4,22
2024131434868,2024,131434868,430766,438435,-1.53392,53.84126,2,2,3,08:20,-1,E08000035,6,0,1,0,1,"[9, 19]","[5, 1]","[3, 5]",0,0,0,1,1,0,0,0,0,4,23
2024131434876,2024,131434876,418260,435389,-1.72415,53.81447,3,3,4,17:45,-1,E08000032,3,0,1,1,1,"[7, 19]",6,"[1, 2]",0,0,0,1,1,0,0,0,0,4,17
2024131434897,2024,131434897,439870,414448,-1.39865,53.62506,2,2,1,12:00,-1,E08000036,6,0,1,0,2,"[5, 19]","[0, 1]","[0, 5]",0,0,0,1,0,0,0,0,0,4,21
2024131434954,2024,131434954,433218,436195,-1.4969,53.82097,3,3,3,21:45,-1,E08000035,3,2,1,0,1,-1,-1,-1,-1,-1,-1,1,0,0,0,0,1,4,23
2024131434955,2024,131434955,434020,421748,-1.4863,53.69108,2,2,1,18:41,-1,E08000036,3,0,1,0,1,"[9, 19]",5,"[2, 1]",0,0,0,1,0,0,0,0,0,4,21
2024131435296,2024,131435296,417822,434704,-1.73085,53.80833,3,3,4,15:00,-1,E08000032,3,0,1,0,1,-1,-1,-1,-1,-1,-1,1,0,0,0,0,1,4,24
2024131435302,2024,131435302,426114,431944,-1.60516,53.78317,2,2,3,10:50,-1,E08000035,3,0,1,0,1,19,7,3,0,0,0,1,0,0,0,0,1,4,23
2024131435309,2024,131435309,419170,437366,-1.71021,53.8322,3,3,2,09:12,-1,E08000032,3,0,1,0,1,"[7, 19]",5,1,0,0,0,1,1,0,0,0,0,4,22
2024131435335,2024,131435335,424664,435619,-1.62687,53.81627,2,2,4,15:05,-1,E08000035,6,0,1,0,1,"[2, 19]","[0, 1]","[0, 5]",0,0,0,1,0,0,0,0,0,4,24
2024131435342,2024,131435342,410784,439022,-1.83757,53.84733,3,3,4,17:10,-1,E08000032,4,0,8,0,1,19,5,8,0,0,0,0,0,1,0,0,1,4,24
2024131435349,2024,131435349,414382,416225,-1.78393,53.64234,3,3,4,16:45,-1,E08000034,3,0,1,0,1,12,4,8,0,0,0,0,1,0,0,0,1,4,24
2024131435352,2024,131435352,431910,435149,-1.51687,53.81166,2,2,4,18:40,-1,E08000035,6,0,1,0,1,5,1,5,0,0,0,1,0,0,0,0,1,4,24
2024131435406,2024,131435406,418905,430338,-1.71467,53.76905,3,3,4,15:30,-1,E08000032,3,0,1,0,1,-1,-1,-1,-1,-1,0,0,0,1,0,0,1,4,24
2024131435413,2024,131435413,419520,429973,-1.70536,53.76574,3,3,4,23:40,-1,E08000032,3,2,1,0,1,13,4,7,10,0,0,1,0,0,0,0,0,4,24
2024131435565,2024,131435565,431649,434089,-1.52094,53.80214,3,3,5,11:30,-1,E08000035,6,0,9,0,1,-1,-1,-1,-1,-1,-1,1,0,0,0,0,1,3,28
2024131435591,2024,131435591,416519,433980,-1.75067,53.80186,3,3,5,10:50,-1,E08000032,3,0,2,1,1,"[19, 4]",1,5,0,0,0,1,0,0,0,0,0,4,25
2024131435623,2024,131435623,412899,418019,-1.80629,53.65851,3,3,5,08:47,-1,E08000034,6,0,1,0,1,"[2, -1]","[1, -1]","[5, -1]","[0, -1]","[0, -1]",0,1,0,0,0,0,1,4,25
2024131435628,2024,131435628,428416,420593,-1.57127,53.68103,2,2,2,16:10,-1,E08000036,6,0,1,0,1,19,7,3,0,0,0,1,0,0,0,0,1,4,22
2024131435637,2024,131435637,424401,434761,-1.63094,53.80857,3,3,5,11:28,-1,E08000035,6,0,2,1,1,19,"[5, 2]","[1, 6]",0,0,0,1,0,0,0,0,0,3,14
2024131435645,2024,131435645,413744,431119,-1.79293,53.77623,3,3,2,15:00,-1,E08000032,3,0,1,0,1,"[5, -1]","[2, -1]","[6, -1]","[0, -1]","[0, -1]","[0, -1]",1,0,0,1,0,0,4,22
2024131435660,2024,131435660,431599,434023,-1.52171,53.80155,3,3,5,14:59,-1,E08000035,6,0,1,0,1,-1,-1,-1,0,0,0,0,0,1,0,0,1,4,25
2024131435715,2024,131435715,430142,431320,-1.54409,53.77735,3,3,5,15:50,-1,E08000035,6,0,1,0,1,5,5,3,0,0,0,1,0,0,0,0,1,4,25
2024131435723,2024,131435723,431063,432002,-1.53005,53.78342,3,3,5,18:35,-1,E08000035,3,0,1,0,1,"[19, 7]",5,"[1, 3]",0,0,0,1,0,0,1,0,0,4,25
2024131435724,2024,131435724,429986,430320,-1.54656,53.76837,3,3,5,17:22,-1,E08000035,6,0,1,0,1,"[19, 2]","[8, 4]","[4, 8]",0,"[1, 0]",0,1,0,0,0,0,0,4,25
2024131435729,2024,131435729,443323,435492,-1.34351,53.81391,2,"[2, 3]",7,00:05,-1,E08000035,6,2,1,0,2,19,5,1,0,1,2,1,0,0,0,0,0,3,9
2024131435764,2024,131435764,425056,433370,-1.6211,53.79604,3,3,5,17:15,-1,E08000035,4,0,1,0,1,"[5, 19]","[5, 1]","[1, 7]",0,0,0,1,0,1,0,0,0,4,25
2024131435766,2024,131435766,422400,428988,-1.66174,53.75678,2,2,4,08:10,-1,E08000035,4,0,1,0,1,"[9, 19]","[2, 6]","[8, 2]",0,0,0,1,1,0,0,0,0,4,24
2024131435773,2024,131435773,434145,433899,-1.48307,53.80028,2,2,2,17:49,-1,E08000035,4,0,1,1,1,19,"[1, 8]","[1, 4]",0,0,0,1,0,1,0,0,0,3,25
2024131435969,2024,131435969,428811,433301,-1.56411,53.79523,3,3,5,12:10,-1,E08000035,3,0,1,0,1,"[19, -1]","[2, -1]","[6, -1]","[0, -1]","[0, -1]","[0, -1]",1,0,0,0,0,0,4,25
2024131436134,2024,131436134,431449,435820,-1.5238,53.81771,3,3,6,14:00,-1,E08000035,6,0,1,0,1,"[19, 9]","[1, 7, 3]","[1, 5, 3]",0,0,0,1,0,0,0,0,0,4,26
2024131436173,2024,131436173,418255,423323,-1.72494,53.70602,3,3,5,06:55,-1,E08000034,4,0,1,0,2,"[19, -1]","[4, -1]","[8, -1]","[0, -1]","[0, -1]","[0, -1]",1,1,0,0,0,0,4,25
2024131436221,2024,131436221,432591,434886,-1.50656,53.80925,3,3,6,20:06,-1,E08000035,6,2,2,1,1,"[5, 19]","[7, 1]","[3, 5]",0,0,0,1,1,0,0,0,0,4,26
2024131436229,2024,131436229,407388,442374,-1.88911,53.87751,3,3,6,11:02,-1,E08000032,6,0,1,0,1,19,3,7,0,0,0,1,0,0,0,0,1,4,26
2024131436252,2024,131436252,419061,425679,-1.71258,53.72717,3,3,6,23:10,-1,E08000034,3,2,1,0,1,19,"[8, 4]","[4, 8]",0,"[0, 1, 7]",0,1,0,0,0,0,0,4,26
2024131436258,2024,131436258,433135,420392,-1.49985,53.67895,3,3,6,22:22,-1,E08000036,3,2,1,0,1,19,"[3, 6]","[7, 1]",0,"[2, 0]",0,1,0,0,0,0,0,4,26
2024131436382,2024,131436382,402766,416047,-1.95964,53.64093,3,3,7,10:45,-1,E08000033,1,0,1,0,2,"[19, 12]",7,3,0,0,0,1,0,0,0,0,0,4,27
2024131436383,2024,131436383,425923,435556,-1.60776,53.81564,3,3,7,11:02,-1,E08000035,6,0,1,1,1,19,3,7,0,0,0,1,0,0,0,0,1,4,27
2024131436424,2024,131436424,424436,438053,-1.63015,53.83816,3,3,4,07:38,-1,E08000035,6,0,1,0,1,-1,-1,-1,-1,-1,-1,0,0,0,1,0,1,4,24
2024131436435,2024,131436435,427880,434386,-1.57814,53.80503,3,3,6,23:45,-1,E08000035,3,2,1,0,1,"[-1, 8]","[-1, 1]","[-1, 1]","[-1, 0]","[-1, 0]","[-1, 0]",1,0,0,0,0,0,4,26
2024131436444,2024,131436444,416351,432338,-1.75331,53.78711,3,3,7,13:40,-1,E08000032,3,0,1,0,1,-1,-1,-1,-1,-1,-1,1,0,0,0,0,1,4,27
2024131436509,2024,131436509,429056,430466,-1.56065,53.76973,3,3,6,15:32,-1,E08000035,6,0,1,0,1,"[5, -1]","[5, -1]","[1, -1]","[0, -1]","[0, -1]","[0, -1]",1,1,0,0,0,0,4,26
2024131436531,2024,131436531,432010,425590,-1.51634,53.72574,3,3,7,19:05,-1,E08000035,1,0,1,0,2,"[12, 19]",5,1,0,0,0,1,0,0,0,0,0,4,27
2024131436580,2024,131436580,432493,435173,-1.50802,53.81183,2,2,7,21:12,-1,E08000035,6,2,1,2,1,-1,-1,-1,-1,-1,0,0,0,1,0,0,1,4,27
2024131436676,2024,131436676,406096,441338,-1.90878,53.86822,3,3,1,11:30,-1,E08000032,3,0,9,1,1,-1,-1,-1,-1,-1,-1,1,0,0,0,0,1,4,28
2024131436685,2024,131436685,410276,430221,-1.84558,53.76824,3,3,1,14:05,-1,E08000032,3,0,1,0,1,19,7,5,0,0,0,1,0,0,0,0,1,4,28
2024131436700,2024,131436700,426384,437873,-1.60056,53.83645,3,3,6,17:15,-1,E08000035,6,0,1,0,1,"[-1, 10]","[-1, 3]","[-1, 1]","[-1, 0]","[-1, 0]","[-1, 0]",1,1,0,0,1,0,4,26
2024131436717,2024,131436717,412108,435655,-1.81758,53.81704,3,3,1,15:40,-1,E08000032,6,0,1,0,1,"[19, -1]","[3, -1]","[7, -1]","[0, -1]","[0, -1]",0,1,0,0,0,0,0,4,28
2024131436739,2024,131436739,416933,432282,-1.74448,53.78659,2,2,1,17:05,-1,E08000032,6,0,1,0,1,19,"[4, -1]","[8, -1]","[0, -1]",0,0,1,0,1,0,0,0,4,28
2024131436761,2024,131436761,403150,441740,-1.95358,53.87186,1,"[1, 3, 2]",1,14:15,-1,E08000032,6,0,1,0,2,19,6,2,0,1,4,1,0,0,0,0,0,4,28
2024131436772,2024,131436772,446000,426019,-1.30426,53.72855,3,3,1,16:14,-1,E08000036,6,0,1,0,1,19,5,1,0,1,0,1,0,0,0,0,0,4,28
2024131436775,2024,131436775,405546,419977,-1.91752,53.67623,3,3,1,16:33,-1,E08000033,4,0,1,0,2,19,"[1, 3]","[3, 1]",0,"[6, 0]",0,1,0,0,0,0,0,4,28
2024131436787,2024,131436787,425569,436813,-1.61303,53.82696,2,2,1,19:25,-1,E08000035,6,0,1,0,1,"[15, 2]","[4, 0]","[7, 0]","[4, 0]",0,0,1,0,0,1,0,0,4,28
2024131436795,2024,131436795,415101,437628,-1.77202,53.83469,3,3,1,17:36,-1,E08000032,3,0,1,0,1,"[12, 19]",7,3,0,0,0,1,0,0,0,0,0,4,28
2024131437011,2024,131437011,438824,424455,-1.41322,53.71507,3,3,2,12:00,-1,E08000036,6,0,1,0,1,"[4, 19]","[1, 3]","[5, 7]",0,0,0,1,0,0,0,0,0,4,29
2024131437107,2024,131437107,448585,413852,-1.26699,53.61897,3,3,2,14:45,-1,E08000036,6,0,1,0,2,"[19, 2]","[3, 0]","[7, 0]",0,0,0,1,0,0,0,0,0,4,29
2024131437142,2024,131437142,424948,423605,-1.62353,53.70828,3,3,2,09:30,-1,E08000034,4,0,1,0,1,-1,-1,-1,-1,-1,-1,1,0,0,0,0,0,4,29
2024131437169,2024,131437169,416286,431436,-1.75434,53.779,2,2,2,16:07,-1,E08000032,6,0,1,0,1,"[2, 19]","[0, 1]","[0, 5]",0,"[0, 8]","[0, 7]",1,0,0,0,0,0,4,29
2024131437208,2024,131437208,415375,427123,-1.76838,53.74027,2,2,2,23:24,-1,E08000032,4,2,1,0,1,19,1,5,7,1,1,1,0,0,0,0,0,4,29