collision_index,collision_year,collision_ref_no,location_easting_osgr,location_northing_osgr,longitude,latitude,casualty_severity,casualty_severity,day_of_week,time,local_authority_district,local_authority_ons_district,first_road_class,light_conditions,weather_conditions,road_surface_conditions,urban_or_rural_area,vehicle_manoeuvre,vehicle_direction_from,vehicle_direction_to,hit_object_in_carriageway,vehicle_leaving_carriageway,hit_object_off_carriageway,is_car,is_cyle,is_mcyle,is_goodsv,is_other,is_pedestrian,month,day
2024131458438,2024,131458438,447961,412464,-1.27663,53.60655,2,2,5,19:50,-1,E08000036,3,0,1,0,2,"[7, 19]","[3, 2]","[7, 6]",0,0,0,1,1,0,0,0,0,6,20
2024131458465,2024,131458465,419118,425492,-1.71173,53.72548,3,3,6,15:02,-1,E08000034,3,0,1,0,1,"[2, 19]","[0, 5]","[0, 1]",0,0,0,1,0,0,0,0,0,6,21
2024131458472,2024,131458472,447384,413585,-1.28518,53.61668,1,1,6,11:45,-1,E08000036,4,0,1,0,2,"[6, 19]","[1, 5]","[4, 1]",0,0,0,1,0,1,0,0,0,6,21
2024131458475,2024,131458475,423845,427751,-1.63992,53.74559,3,3,6,14:16,-1,E08000034,3,0,1,0,1,"[19, 4]",3,7,0,0,0,1,0,0,1,0,0,6,21
2024131458478,2024,131458478,424629,419637,-1.62867,53.67263,2,2,6,16:15,-1,E08000034,4,0,1,0,1,"[3, 13]","[1, 3]","[3, 7]",0,0,0,1,1,0,0,0,0,6,21
2024131458485,2024,131458485,429643,433810,-1.55143,53.79975,3,3,6,08:30,-1,E08000035,6,0,1,0,1,"[-1, 19]","[-1, 7]","[-1, 3]","[-1, 0]","[-1, 0]","[-1, 0]",1,1,0,0,0,0,6,21
2024131458486,2024,131458486,418522,433603,-1.72028,53.79841,3,3,3,19:30,-1,E08000032,3,0,1,0,1,"[19, 5]","[1, 7]","[5, 3]",0,0,0,1,1,0,0,0,0,6,18
2024131458568,2024,131458568,407521,418225,-1.88767,53.66046,3,3,6,20:00,-1,E08000033,6,0,1,0,2,19,"[1, 3]","[5, 7]",0,0,0,1,0,0,0,0,0,6,21
2024131458571,2024,131458571,409223,448445,-1.86102,53.93205,2,"[2, 3]",6,16:42,-1,E08000032,6,0,1,0,2,19,"[5, 1]","[1, 5]",0,"[1, 0]",0,1,0,0,1,0,0,6,21
2024131458573,2024,131458573,416263,433103,-1.7546,53.79399,3,3,6,19:00,-1,E08000032,6,0,1,0,1,19,1,5,0,0,0,1,0,0,0,0,1,6,21
2024131458574,2024,131458574,411094,433313,-1.83306,53.79601,3,3,6,18:35,-1,E08000032,6,0,1,0,2,-1,-1,-1,-1,-1,-1,1,0,0,0,1,0,6,21
2024131458588,2024,131458588,428416,431313,-1.57029,53.77738,3,3,6,23:10,-1,E08000035,3,2,1,0,1,19,3,7,0,0,0,1,0,0,0,0,0,6,21
2024131458609,2024,131458609,404328,422059,-1.93593,53.69496,2,2,7,01:08,-1,E08000033,6,2,1,0,2,19,2,6,10,2,11,0,0,1,0,0,0,6,22
2024131458621,2024,131458621,410505,431748,-1.84206,53.78196,3,3,7,01:30,-1,E08000032,6,2,1,0,2,19,7,5,0,0,0,1,0,0,0,0,0,6,22
2024131458670,2024,131458670,415858,429734,-1.76092,53.76372,3,3,5,12:38,-1,E08000032,6,0,1,0,1,19,1,5,0,0,0,1,0,0,0,0,1,6,20
2024131458700,2024,131458700,417740,435677,-1.73203,53.81707,3,3,6,14:40,-1,E08000032,3,0,1,0,1,5,1,6,0,0,0,1,0,0,0,0,1,6,21
2024131458753,2024,131458753,407571,425892,-1.88672,53.72937,3,3,6,13:00,-1,E08000033,6,0,1,0,1,9,"[1, 3]","[5, 7]",0,0,0,1,0,0,0,0,0,6,21
2024131458754,2024,131458754,417573,425561,-1.73514,53.72616,2,2,7,10:44,-1,E08000034,1,0,1,0,2,"[19, 12]",3,7,0,0,0,1,0,1,0,0,0,6,22
2024131458761,2024,131458761,418709,442463,-1.71691,53.87803,3,3,7,13:15,-1,E08000035,6,0,1,0,1,"[19, 2]","[8, 0]","[4, 0]",0,0,0,1,0,0,0,0,0,6,22
2024131458768,2024,131458768,423826,427755,-1.64021,53.74563,3,3,7,13:44,-1,E08000034,3,0,1,0,1,"[11, 12]",7,3,0,"[0, 1]","[0, 2]",1,0,1,0,0,0,6,22
2024131458770,2024,131458770,416742,430256,-1.74749,53.76838,3,3,7,13:45,-1,E08000032,3,0,1,0,1,"[19, 11]",3,7,0,0,0,1,0,0,0,0,0,6,22
2024131458799,2024,131458799,446366,421771,-1.29935,53.69034,2,"[2, 3]",7,13:07,-1,E08000036,6,0,1,0,1,"[2, 9, 19]","[0, 4, 8]","[0, 2, 4]",0,"[0, 1]",0,1,0,1,0,0,0,6,22
2024131458809,2024,131458809,416509,433558,-1.75084,53.79807,2,2,6,13:40,-1,E08000032,6,0,1,0,1,-1,-1,-1,-1,-1,-1,1,0,0,0,0,0,6,21
2024131458818,2024,131458818,444655,424721,-1.32483,53.717,2,2,7,17:01,-1,E08000036,4,0,1,0,1,15,1,5,0,0,0,0,0,1,0,0,1,6,22
2024131458842,2024,131458842,424681,421609,-1.62773,53.69035,3,3,7,18:00,-1,E08000034,3,0,1,0,1,"[9, 19]","[2, 6]","[1, 2]",0,0,0,1,0,0,0,1,0,6,22
2024131458846,2024,131458846,413650,431041,-1.79436,53.77553,3,3,7,18:42,-1,E08000032,6,0,1,0,1,"[5, 19]","[5, 3]",7,0,0,0,1,0,0,0,0,0,6,22
2024131458861,2024,131458861,413858,415460,-1.79189,53.63548,3,3,6,16:11,-1,E08000034,3,0,1,0,1,"[9, 15]","[4, 6]",2,0,0,0,1,0,0,0,0,0,6,21
2024131458863,2024,131458863,424640,435628,-1.62724,53.81635,2,2,7,16:22,-1,E08000035,6,0,2,0,1,"[9, 19]","[5, 7]","[3, 7]",0,0,0,1,1,0,0,0,0,6,22
2024131458894,2024,131458894,408006,426219,-1.88012,53.7323,2,"[2, 3]",7,16:11,-1,E08000033,6,0,1,0,1,"[9, 19]","[5, 3]","[1, 7]",0,0,0,1,0,0,0,0,0,6,22
2024131458908,2024,131458908,434532,419039,-1.47885,53.6667,2,2,7,22:28,-1,E08000036,4,2,1,0,1,"[19, 4]","[3, 1]","[7, 5]",0,0,0,1,1,0,0,0,0,6,22
2024131458926,2024,131458926,412171,435533,-1.81663,53.81594,3,3,7,23:05,-1,E08000032,4,2,1,0,1,"[19, 5]","[3, -1]","[7, -1]","[0, -1]","[0, -1]","[0, -1]",1,0,0,0,0,0,6,22
2024131458940,2024,131458940,406582,424831,-1.90174,53.71985,3,3,1,00:16,-1,E08000033,3,2,1,0,1,19,"[4, 2]","[8, 6]",0,"[1, 0]","[7, 0]",1,0,0,0,0,0,6,23
2024131458970,2024,131458970,390972,426219,-2.13833,53.73228,2,"[2, 3]",7,12:40,-1,E08000033,3,0,1,0,2,19,7,3,0,0,0,0,1,0,0,0,1,6,22
2024131458980,2024,131458980,428945,431098,-1.56228,53.77542,3,3,6,18:55,-1,E08000035,6,0,1,0,1,19,6,2,0,0,0,1,0,0,0,0,0,6,21
2024131458982,2024,131458982,418437,433834,-1.72156,53.80049,3,3,1,08:05,-1,E08000032,3,0,1,0,1,"[9, 19]","[7, 5]","[5, 1]",0,0,0,1,0,0,0,0,0,6,23
2024131458993,2024,131458993,413873,422605,-1.79135,53.6997,2,2,7,17:45,-1,E08000033,6,0,1,0,1,19,7,3,0,0,0,0,0,1,0,0,0,6,22
2024131458999,2024,131458999,417851,432915,-1.73051,53.79225,3,3,7,20:55,-1,E08000032,3,0,1,0,1,"[-1, 3]","[-1, 3]","[-1, 7]","[-1, 0]","[-1, 0]",0,1,0,0,0,0,0,6,22
2024131459041,2024,131459041,407610,425124,-1.88615,53.72247,2,2,7,19:00,-1,E08000033,6,0,1,0,1,"[19, 7]",3,3,0,0,0,1,0,1,0,0,0,6,22
2024131459055,2024,131459055,422656,440038,-1.65705,53.85608,3,3,1,07:25,-1,E08000035,6,0,1,0,2,19,1,1,0,8,0,1,0,0,0,0,0,6,23
2024131459066,2024,131459066,433420,420603,-1.49551,53.68083,3,3,7,17:45,-1,E08000036,6,0,1,0,1,"[4, 19]","[5, 3]","[1, 7]",0,0,0,1,1,0,0,0,0,5,11
2024131459074,2024,131459074,417374,446216,-1.737,53.91181,2,2,7,16:02,-1,E08000032,3,0,1,0,2,"[19, 12]",8,4,0,"[1, 0]","[1, 0]",1,0,1,0,0,0,6,22
2024131459075,2024,131459075,423791,424543,-1.64098,53.71676,3,3,1,14:29,-1,E08000034,6,0,1,0,1,"[19, 9]","[4, 8]","[8, 4]",0,0,0,1,0,0,0,0,0,6,23
2024131459089,2024,131459089,416291,417207,-1.75501,53.65111,3,3,1,16:35,-1,E08000034,6,0,1,0,1,"[13, 9]",8,4,0,0,0,1,0,1,0,0,0,6,23
2024131459154,2024,131459154,433705,420588,-1.4912,53.68067,3,3,1,16:42,-1,E08000036,3,0,1,0,1,"[11, 19]",1,5,0,0,0,1,0,0,0,0,0,6,23
2024131459160,2024,131459160,407386,441278,-1.88917,53.86766,3,3,1,17:45,-1,E08000032,6,0,1,0,1,"[9, 19]","[6, 2]","[2, 6]",0,"[0, 1]",0,1,0,0,0,0,0,6,23
2024131459171,2024,131459171,417952,435725,-1.72881,53.8175,3,3,1,17:55,-1,E08000032,3,0,1,0,1,"[19, 4]","[3, 7]","[7, 3]","[0, 10]",0,0,1,0,1,0,0,0,6,23
2024131459193,2024,131459193,432565,429625,-1.50751,53.76197,2,2,2,03:45,-1,E08000035,3,0,1,0,2,"[5, 19]","[8, 7]","[4, 3]",0,0,0,1,1,0,0,0,0,6,24
2024131459198,2024,131459198,420304,421764,-1.694,53.69193,2,2,2,04:22,-1,E08000034,6,0,1,0,1,19,2,6,10,0,0,0,0,1,0,0,0,6,24
2024131459299,2024,131459299,414727,434279,-1.77786,53.8046,3,3,2,08:02,-1,E08000032,4,0,1,0,1,"[9, 14]","[3, 1]","[7, 5]",0,"[1, 0]",0,1,0,0,0,0,0,6,24
2024131459305,2024,131459305,428202,434205,-1.57327,53.80338,3,3,2,08:25,-1,E08000035,3,0,1,0,1,14,7,3,0,0,0,1,0,0,0,0,1,6,24
2024131459353,2024,131459353,414120,434472,-1.78707,53.80635,3,3,1,21:07,-1,E08000032,4,0,1,0,1,19,"[3, 7]","[7, 3]",0,0,0,1,0,0,0,0,0,6,23
2024131459372,2024,131459372,429268,426741,-1.55779,53.73624,3,3,2,08:00,-1,E08000035,6,0,1,0,2,"[19, 10, 4]",1,5,0,0,0,1,0,0,0,0,0,6,24
2024131459456,2024,131459456,413216,441987,-1.80048,53.87392,3,3,2,08:46,-1,E08000032,6,0,1,0,2,19,1,5,0,0,0,1,0,0,0,1,0,6,24
2024131459512,2024,131459512,430443,432765,-1.53938,53.79032,3,3,2,07:05,-1,E08000035,3,0,1,0,1,"[10, 5]",7,3,0,0,0,1,0,0,0,0,0,6,24
2024131459553,2024,131459553,420157,421020,-1.69627,53.68525,3,3,2,16:05,-1,E08000034,6,0,1,0,1,19,1,5,0,0,0,1,0,0,0,0,1,6,24
2024131459586,2024,131459586,432789,423776,-1.50473,53.70938,2,"[3, 2]",2,15:40,-1,E08000036,6,0,1,0,1,"[9, 13]",4,"[2, 8]",0,"[0, 7]",0,1,0,1,0,0,0,6,24
2024131459591,2024,131459591,414975,431409,-1.77424,53.7788,2,2,2,20:50,-1,E08000032,6,0,1,0,1,7,-1,-1,-1,-1,-1,0,0,1,0,0,1,6,24
2024131459617,2024,131459617,419538,438021,-1.70458,53.83808,3,3,2,17:55,-1,E08000032,3,0,1,0,1,"[19, 9]","[1, 3]",1,0,0,0,1,0,1,0,0,0,6,24
2024131459643,2024,131459643,432310,444078,-1.50986,53.89188,3,3,3,02:08,-1,E08000035,3,2,1,0,2,19,5,1,0,7,10,1,0,0,0,0,0,6,25
2024131459645,2024,131459645,433232,414050,-1.49905,53.62194,3,3,2,08:45,-1,E08000036,3,0,1,0,2,"[10, 19]","[1, 3]","[5, 7]",0,0,0,1,0,0,0,0,0,6,24
2024131459696,2024,131459696,429330,433478,-1.55621,53.79679,3,3,3,07:37,-1,E08000035,6,0,1,0,1,"[9, 19]","[5, 1]","[7, 5]",0,0,0,1,1,0,0,0,0,6,25
2024131459925,2024,131459925,424247,429712,-1.63367,53.7632,3,3,7,15:50,-1,E08000035,6,0,1,0,1,19,"[5, 3]","[1, 7]",0,0,0,1,1,0,0,0,0,6,22
2024131459973,2024,131459973,445312,424366,-1.31493,53.71375,3,3,2,10:20,-1,E08000036,6,0,1,0,1,19,1,5,0,0,0,1,0,0,0,0,1,6,24
2024131460058,2024,131460058,422994,432523,-1.65247,53.78852,3,3,3,12:46,-1,E08000035,6,0,1,0,1,"[9, 19]","[8, 1]","[5, 1]",0,0,0,1,0,1,0,0,0,6,25
2024131460066,2024,131460066,426282,435578,-1.6023,53.81582,3,3,3,13:00,-1,E08000035,3,0,1,0,1,"[19, 9]","[7, 3]","[3, 1]",0,0,0,1,0,0,0,0,0,6,25
2024131460103,2024,131460103,415233,429843,-1.7704,53.76472,3,3,3,16:50,-1,E08000032,6,0,1,0,1,"[14, 9]",1,5,0,0,0,1,0,0,0,0,0,6,25
2024131460123,2024,131460123,440403,449270,-1.38604,53.93798,3,3,3,17:33,-1,E08000035,4,0,8,0,1,"[9, 19]","[5, 1]","[3, 1, 5]",0,0,0,1,0,0,0,0,0,6,25
2024131460137,2024,131460137,423314,428051,-1.64795,53.74831,2,"[3, 2]",3,17:35,-1,E08000035,3,0,1,0,1,19,"[7, 1]","[3, 7]",0,"[0, 7]",0,1,0,0,0,0,0,6,25
2024131460145,2024,131460145,417265,434098,-1.73934,53.8029,3,3,3,17:30,-1,E08000032,6,0,1,0,1,19,1,5,0,0,0,1,0,0,0,0,1,6,25
2024131460225,2024,131460225,433148,420377,-1.49965,53.67881,3,3,5,15:10,-1,E08000036,3,0,1,0,1,5,3,7,0,0,0,1,0,0,0,0,0,6,6
2024131460297,2024,131460297,440080,424642,-1.39416,53.71666,3,3,4,07:12,-1,E08000036,6,0,1,0,1,19,4,8,0,0,0,1,0,0,0,0,0,6,26
2024131460454,2024,131460454,415959,409423,-1.76043,53.58116,3,3,4,12:47,-1,E08000034,3,0,1,0,1,"[19, 4]",1,5,0,0,0,1,0,0,0,0,0,6,26
2024131460460,2024,131460460,420387,440482,-1.69151,53.86016,3,3,3,09:45,-1,E08000035,6,0,1,0,1,"[1, 2]","[3, 0]","[7, 0]",0,0,0,1,0,0,0,1,0,6,25
2024131460518,2024,131460518,417554,438529,-1.7347,53.84271,3,3,4,13:17,-1,E08000032,3,0,1,0,1,"[2, 19]",7,3,0,0,0,1,0,0,0,0,0,6,26
2024131460528,2024,131460528,435139,438677,-1.46743,53.84316,3,3,4,13:11,-1,E08000035,3,0,1,0,2,4,1,5,0,0,0,1,0,0,0,0,0,6,26
2024131460538,2024,131460538,433027,421366,-1.50138,53.68771,3,3,4,14:44,-1,E08000036,6,0,1,0,1,"[19, 5]","[6, 8]","[2, 4]",0,0,0,1,0,1,0,0,0,6,26
2024131460543,2024,131460543,421199,434464,-1.67958,53.80604,3,3,4,08:00,-1,E08000035,4,0,1,0,1,"[-1, 19]","[-1, 3]","[-1, 7]","[-1, 0]","[-1, 0]",0,0,1,0,1,0,0,6,26
2024131460594,2024,131460594,433459,435057,-1.49336,53.81073,2,2,4,17:48,-1,E08000035,6,0,1,0,1,19,4,8,0,0,0,0,0,1,0,0,0,6,26
2024131460717,2024,131460717,419068,415408,-1.71311,53.63485,2,2,5,06:42,-1,E08000034,3,0,1,0,1,"[19, 2]","[7, 0]","[3, 0]",0,0,0,1,0,0,0,0,0,6,27
2024131460796,2024,131460796,414720,436362,-1.77787,53.82332,3,3,6,17:00,-1,E08000032,3,0,1,0,1,"[19, -1]","[4, -1]","[8, -1]","[0, -1]","[0, -1]","[0, -1]",1,1,0,0,0,0,6,21
2024131460841,2024,131460841,439466,423284,-1.40364,53.7045,3,3,1,11:30,-1,E08000036,6,0,1,0,1,"[19, -1]","[6, 8]","[2, 4]","[0, -1]","[0, -1]","[0, -1]",0,1,0,0,1,0,6,23
2024131460859,2024,131460859,403668,444759,-1.94566,53.89899,3,3,4,14:05,-1,E08000032,6,0,1,0,2,"[3, 4]",5,1,0,0,0,1,0,0,0,0,0,6,26
2024131460873,2024,131460873,427679,430282,-1.58156,53.76815,3,3,4,12:34,-1,E08000035,6,0,1,0,1,1,4,8,0,0,0,1,0,0,0,0,1,6,26
2024131460944,2024,131460944,401931,444684,-1.9721,53.89832,3,3,5,16:30,-1,E08000032,6,0,1,0,1,19,"[7, 1]","[3, 5]",0,"[0, 1]",0,1,1,0,0,0,0,5,30
2024131460952,2024,131460952,431089,428943,-1.52996,53.75593,3,3,4,19:55,-1,E08000035,6,0,1,0,1,"[7, 19]","[7, 5]","[5, 1]",0,0,0,1,0,0,0,0,0,6,26
2024131460955,2024,131460955,440563,446199,-1.38401,53.91036,3,3,5,13:07,-1,E08000035,2,0,1,0,2,"[19, 4, -1]","[1, -1]","[5, -1]","[0, -1]","[0, 5, -1]","[0, -1]",1,0,0,0,0,0,6,27
2024131460968,2024,131460968,417343,438459,-1.73791,53.84209,3,3,4,18:30,-1,E08000032,3,0,1,0,1,4,1,1,0,0,0,1,0,0,0,0,0,6,26
2024131461002,2024,131461002,428508,431013,-1.56892,53.77468,3,3,5,08:25,-1,E08000035,6,0,1,0,1,"[2, 1]",0,0,0,0,0,1,0,0,0,1,0,6,27
2024131461004,2024,131461004,421711,435101,-1.67176,53.81175,2,2,3,19:41,-1,E08000035,4,2,2,1,1,"[9, 19]",5,"[7, 1]",0,"[0, 1]",0,1,1,0,0,0,0,5,28
2024131461008,2024,131461008,418366,433330,-1.72267,53.79596,3,3,4,16:20,-1,E08000032,6,0,1,0,1,"[19, -1]","[3, -1]","[7, -1]","[0, -1]","[0, -1]","[0, -1]",1,0,0,0,0,0,6,26
2024131461014,2024,131461014,423519,434604,-1.64434,53.8072,3,3,5,15:45,-1,E08000035,6,0,1,0,1,"[19, 7]","[7, 1]",3,0,0,0,1,0,0,0,0,0,6,27
2024131461017,2024,131461017,431958,434862,-1.51617,53.80907,3,3,7,20:27,-1,E08000035,6,0,1,0,1,19,1,1,0,0,0,1,0,0,0,0,1,5,18
2024131461026,2024,131461026,448376,422492,-1.2688,53.69664,3,3,5,16:12,-1,E08000036,3,0,1,0,2,19,"[1, 5]","[5, 1]",0,0,0,1,0,0,0,0,0,6,27
2024131461029,2024,131461029,429979,439009,-1.54582,53.84646,3,3,6,21:00,-1,E08000035,3,2,1,0,1,"[-1, 19]","[-1, 1]","[-1, 1]","[-1, 0]","[-1, 0]",0,1,1,0,0,0,0,5,17
2024131461054,2024,131461054,434848,424271,-1.47348,53.7137,2,2,2,18:17,-1,E08000036,6,0,1,0,1,5,5,1,0,0,0,0,0,0,0,0,0,6,24
2024131461055,2024,131461055,407579,427793,-1.88656,53.74646,2,2,3,20:00,-1,E08000033,3,0,1,0,1,19,"[1, 3]","[5, 1]",0,0,0,0,1,0,0,0,1,6,25
2024131461069,2024,131461069,429511,431348,-1.55367,53.77763,2,2,3,14:00,-1,E08000035,6,0,1,0,1,19,2,6,0,0,0,1,0,0,0,0,1,5,28
2024131461090,2024,131461090,415085,434757,-1.7724,53.80889,3,3,6,11:28,-1,E08000032,6,0,1,0,1,"[5, 19]",5,1,0,0,0,1,1,0,0,0,0,5,24
2024131461094,2024,131461094,418525,433587,-1.72024,53.79826,3,3,5,21:45,-1,E08000032,3,0,1,0,1,19,"[3, 5]","[5, 1]",0,0,0,1,0,0,0,0,0,6,27
2024131461105,2024,131461105,424759,433572,-1.6256,53.79787,2,2,5,17:25,-1,E08000035,4,0,1,0,1,"[2, 19]","[0, 1]","[0, 5]","[0, 4]",0,0,0,1,0,1,0,0,6,27
2024131461114,2024,131461114,407910,435880,-1.88133,53.81914,2,"[2, 3]",5,18:48,-1,E08000032,4,0,2,1,2,19,5,1,0,0,0,1,0,0,0,0,0,6,27
2024131461116,2024,131461116,422986,437616,-1.65221,53.8343,3,3,5,17:40,-1,E08000035,3,0,1,0,2,4,5,1,0,0,0,1,0,0,0,0,0,6,27
2024131461129,2024,131461129,428122,441281,-1.57384,53.86699,3,3,5,21:45,-1,E08000035,6,0,4,0,2,"[-1, 19]","[-1, 3, 7]","[-1, 7, 3]","[-1, 0]","[-1, 0]","[-1, 0]",1,0,0,0,0,0,6,27
2024131461133,2024,131461133,429634,433431,-1.5516,53.79635,3,3,5,22:52,-1,E08000035,6,2,1,1,1,"[19, 5]","[7, 1]","[3, 5]",0,0,0,1,1,0,0,0,0,6,27
2024131461153,2024,131461153,415003,426139,-1.77407,53.73143,2,2,6,05:52,-1,E08000032,3,0,1,1,2,"[19, 13]",7,3,0,"[0, 2]","[0, 4]",1,0,0,0,0,0,6,28
2024131461302,2024,131461302,422038,420476,-1.66783,53.68029,3,3,6,08:35,-1,E08000034,6,0,8,0,1,-1,-1,-1,-1,-1,0,1,0,0,0,0,1,6,28
2024131461313,2024,131461313,438875,418174,-1.41323,53.65862,3,3,6,11:05,-1,E08000036,3,0,1,0,2,"[19, 7]","[5, 7]","[1, 3]",0,0,0,1,0,0,0,0,0,6,28
2024131461323,2024,131461323,450809,414072,-1.23333,53.62073,2,2,6,12:38,-1,E08000036,3,0,1,0,2,19,5,1,0,0,0,1,0,0,1,0,0,6,28
2024131461364,2024,131461364,432168,432822,-1.5132,53.79073,3,3,4,14:54,-1,E08000035,6,0,1,0,1,"[9, -1]","[6, -1]","[3, -1]","[0, -1]","[0, -1]",0,1,1,0,0,0,0,6,26
2024131461394,2024,131461394,426805,433082,-1.59458,53.79336,2,"[3, 2]",6,16:52,-1,E08000035,4,0,1,0,1,"[2, 19]","[0, 2]","[0, 6]",0,0,0,1,0,0,0,0,0,6,28
2024131461399,2024,131461399,434512,415995,-1.47949,53.63934,2,"[2, 3]",6,15:07,-1,E08000036,4,0,1,0,2,"[9, 19]","[5, 1]","[2, 5]",0,0,0,1,0,0,0,0,0,6,28
2024131461428,2024,131461428,426139,423062,-1.60553,53.70334,3,3,6,19:30,-1,E08000034,4,0,1,0,1,5,5,1,0,0,0,1,0,0,0,0,1,6,28
2024131461436,2024,131461436,426213,418490,-1.60479,53.66224,3,3,6,19:43,-1,E08000034,4,2,1,0,2,19,"[3, 7]","[7, 3]",0,0,0,1,0,0,0,0,0,6,28
2024131461438,2024,131461438,411722,417602,-1.82412,53.65478,3,3,4,17:29,-1,E08000034,6,0,1,0,1,19,"[5, 3]","[1, 7]",0,0,0,1,0,0,0,0,0,5,8
2024131461454,2024,131461454,416428,432578,-1.75213,53.78926,2,2,6,21:02,-1,E08000032,6,0,1,0,1,5,7,7,0,0,0,1,0,0,0,0,1,4,12
2024131461476,2024,131461476,421039,436794,-1.68185,53.82699,3,3,6,16:36,-1,E08000035,3,0,1,0,1,19,8,4,11,0,0,1,0,0,0,0,0,6,28
2024131461487,2024,131461487,430278,427032,-1.54245,53.7388,1,1,6,21:40,-1,E08000035,6,2,1,0,1,-1,-1,-1,-1,-1,0,1,0,0,0,0,1,6,28
2024131461489,2024,131461489,407316,424644,-1.89062,53.71816,3,3,6,22:18,-1,E08000033,6,2,1,0,1,"[19, 7]","[7, -1]","[3, -1]","[0, -1]","[0, -1]",0,1,0,0,0,0,0,6,28
2024131461491,2024,131461491,407401,424811,-1.88933,53.71966,3,3,6,23:44,-1,E08000033,6,2,1,0,1,"[9, 2, 19]","[7, 0]","[3, 0]",0,0,0,1,0,0,0,0,0,6,28
2024131461580,2024,131461580,414064,432459,-1.78801,53.78826,2,2,6,15:17,-1,E08000032,6,0,1,0,1,19,1,1,0,0,0,1,0,0,0,0,1,6,28
2024131461625,2024,131461625,422297,433418,-1.66298,53.7966,2,2,4,20:20,-1,E08000035,6,2,1,0,1,1,1,5,0,0,0,1,0,0,0,0,1,4,10
2024131461671,2024,131461671,414129,408160,-1.78812,53.56986,3,3,7,12:00,-1,E08000034,3,0,1,0,1,19,6,2,0,0,0,1,0,0,0,0,1,6,29
2024131461695,2024,131461695,414916,434042,-1.77501,53.80247,3,3,7,17:45,-1,E08000032,6,0,1,0,1,19,1,3,0,0,0,1,0,0,0,0,1,6,29
2024131461735,2024,131461735,427727,424639,-1.58134,53.71743,2,"[3, 2]",7,21:01,-1,E08000035,6,0,2,1,1,19,1,5,0,7,3,1,0,0,0,0,0,6,29
2024131461741,2024,131461741,434122,428748,-1.48399,53.75399,3,3,7,22:29,-1,E08000035,6,2,2,1,1,"[2, 19]","[0, 5]","[0, 1]","[0, 4]",0,0,1,0,0,0,0,0,6,29
2024131461755,2024,131461755,414874,437633,-1.77547,53.83474,3,3,1,00:20,-1,E08000032,3,2,1,1,1,"[3, 19]",3,7,0,0,0,1,0,0,0,0,0,6,30
2024131461765,2024,131461765,439872,423794,-1.39742,53.70905,3,3,1,01:15,-1,E08000036,1,2,1,0,1,19,7,3,0,4,0,1,0,0,0,0,0,6,30
2024131461770,2024,131461770,435898,412988,-1.45887,53.61222,3,3,1,00:32,-1,E08000036,4,2,1,1,2,19,"[7, 1]","[3, 5]",0,0,0,1,0,0,0,0,0,6,30
2024131461774,2024,131461774,424715,424007,-1.62703,53.7119,2,"[2, 3]",7,21:55,-1,E08000034,3,2,1,1,1,"[19, 12]","[8, 4]","[4, 8]",0,0,0,1,0,0,0,0,0,6,29
2024131461833,2024,131461833,445834,422444,-1.30731,53.69643,3,3,6,15:00,-1,E08000036,6,0,1,0,1,"[7, 19]",5,1,0,0,0,1,1,0,0,0,0,6,28
2024131461888,2024,131461888,414310,434494,-1.78419,53.80655,3,3,7,14:00,-1,E08000032,6,0,1,0,1,"[2, 19]","[3, 7]","[7, 3]",0,0,0,1,0,0,0,0,1,6,29
2024131461889,2024,131461889,426842,426656,-1.59457,53.73561,3,3,4,11:01,-1,E08000035,3,0,1,0,1,19,"[3, 5]","[7, 1]",0,"[0, 7]","[0, 1]",1,0,0,0,0,0,3,13
2024131461908,2024,131461908,414631,431994,-1.77943,53.78407,3,3,1,13:03,-1,E08000032,3,0,1,0,1,19,2,6,0,0,0,1,0,0,0,0,1,6,30
2024131461914,2024,131461914,435031,435411,-1.46945,53.81381,3,3,4,18:34,-1,E08000035,6,2,2,1,1,"[9, 19]","[5, 3]",7,"[0, 11]","[7, 0]","[11, 0]",1,1,0,0,0,1,1,31
2024131461936,2024,131461936,416660,432766,-1.74859,53.79095,2,2,6,08:00,-1,E08000032,3,0,1,0,1,-1,-1,-1,-1,-1,-1,1,0,0,0,0,1,6,28
2024131461945,2024,131461945,413766,413210,-1.79338,53.61526,3,3,1,16:15,-1,E08000034,3,0,1,0,2,19,1,5,11,5,1,1,0,0,0,0,0,6,30
2024131461961,2024,131461961,427786,434074,-1.5796,53.80223,3,3,1,17:55,-1,E08000035,6,0,1,0,1,19,3,7,0,0,0,1,0,0,0,0,1,6,30
2024131461979,2024,131461979,408733,433132,-1.86891,53.79443,2,2,1,16:14,-1,E08000032,6,0,1,1,2,19,1,1,10,1,2,0,0,1,0,0,0,6,30
2024131462026,2024,131462026,419299,437545,-1.70824,53.83381,2,2,2,01:41,-1,E08000032,3,2,1,0,1,19,"[1, 5]","[5, 1]",0,"[1, 0]","[11, 0]",1,0,0,0,0,0,7,1
2024131462081,2024,131462081,423524,437809,-1.64402,53.83601,3,3,2,08:49,-1,E08000035,6,0,1,0,1,"[19, 9]",5,1,0,0,0,1,0,0,0,0,0,7,1
2024131462148,2024,131462148,409135,433786,-1.86279,53.8003,3,3,7,18:40,-1,E08000032,6,0,1,0,2,-1,-1,-1,-1,-1,-1,1,0,0,0,0,0,6,29