collision_index,collision_year,collision_ref_no,location_easting_osgr,location_northing_osgr,longitude,latitude,casualty_severity,casualty_severity,day_of_week,time,local_authority_district,local_authority_ons_district,first_road_class,light_conditions,weather_conditions,road_surface_conditions,urban_or_rural_area,vehicle_manoeuvre,vehicle_direction_from,vehicle_direction_to,hit_object_in_carriageway,vehicle_leaving_carriageway,hit_object_off_carriageway,is_car,is_cyle,is_mcyle,is_goodsv,is_other,is_pedestrian,month,day
2024131462181,2024,131462181,416665,434832,-1.74841,53.80951,2,2,2,11:40,-1,E08000032,6,0,1,1,1,"[9, 19]","[7, 5]","[3, 1]",0,0,0,1,0,0,0,0,0,7,1
2024131462198,2024,131462198,423123,428442,-1.65082,53.75184,3,3,2,08:56,-1,E08000035,6,0,1,0,1,-1,-1,-1,-1,-1,-1,1,0,0,0,0,1,7,1
2024131462203,2024,131462203,404630,446944,-1.93099,53.91862,2,2,2,11:30,-1,E08000032,6,0,1,0,2,"[19, 9]",1,"[5, 7]",0,0,0,1,0,0,0,0,0,7,1
2024131462221,2024,131462221,426841,422193,-1.59497,53.69549,3,3,2,11:22,-1,E08000036,4,0,1,0,1,19,3,"[7, 3]",0,0,0,1,0,0,0,1,0,7,1
2024131462230,2024,131462230,422593,431898,-1.6586,53.78292,3,3,1,11:50,-1,E08000035,6,0,1,0,1,19,1,5,0,"[0, 7]",0,1,0,0,0,1,0,6,30
2024131462244,2024,131462244,431402,435027,-1.5246,53.81059,3,3,2,12:08,-1,E08000035,6,0,1,0,1,19,"[3, 5]","[7, 1]",0,0,0,1,0,0,0,0,0,7,1
2024131462316,2024,131462316,414567,431627,-1.78042,53.78077,3,3,4,12:30,-1,E08000032,6,0,1,0,1,19,1,4,0,0,0,1,0,0,0,0,0,6,26
2024131462343,2024,131462343,414897,420274,-1.77595,53.67872,3,3,7,20:08,-1,E08000034,3,2,1,1,1,"[-1, 10]","[-1, 7]","[-1, 3]","[-1, 0]","[-1, 0]","[-1, 0]",1,0,0,0,0,0,6,29
2024131462368,2024,131462368,415969,432235,-1.75911,53.78619,3,3,6,12:51,-1,E08000032,6,0,1,0,1,-1,-1,-1,-1,-1,-1,1,0,0,0,0,1,6,28
2024131462376,2024,131462376,409063,425642,-1.86412,53.7271,3,3,2,16:24,-1,E08000033,3,0,1,1,1,19,"[1, 5]","[5, 1]",0,0,0,1,0,0,0,0,0,7,1
2024131462381,2024,131462381,426122,439156,-1.60443,53.84799,2,2,7,11:46,-1,E08000035,6,0,1,1,1,19,"[7, 6]","[3, 2]",0,0,0,1,1,0,0,0,0,6,8
2024131462390,2024,131462390,448451,423425,-1.26752,53.70501,3,3,2,16:22,-1,E08000036,3,0,1,0,1,"[19, 5]","[6, 8]","[2, 4]",0,"[6, 0]","[10, 0]",1,0,0,0,0,0,7,1
2024131462395,2024,131462395,407699,426087,-1.88478,53.73112,3,3,2,15:22,-1,E08000033,6,0,2,1,1,19,"[5, 1]","[1, 5]",0,0,0,1,0,0,0,0,0,7,1
2024131462473,2024,131462473,413398,429092,-1.79827,53.75802,3,3,3,05:32,-1,E08000032,3,0,1,0,1,19,"[3, 7]","[5, 3]",0,"[1, 0]",0,1,0,0,0,0,0,7,2
2024131462544,2024,131462544,412232,433085,-1.8158,53.79393,2,2,3,06:45,-1,E08000032,4,0,1,0,2,"[-1, 19]","[-1, 1]","[-1, 5]","[-1, 0]","[-1, 0]",0,1,1,0,0,0,0,7,2
2024131462601,2024,131462601,414852,436130,-1.77588,53.82124,2,2,4,14:40,-1,E08000032,3,0,1,0,1,"[9, 19]","[7, 3]","[3, 7]",0,0,0,1,1,0,0,0,0,6,12
2024131462617,2024,131462617,439893,427144,-1.39667,53.73916,3,3,2,08:45,-1,E08000035,6,2,9,0,2,19,1,5,0,0,0,0,0,0,0,1,1,7,1
2024131462664,2024,131462664,427369,435838,-1.58577,53.81811,3,3,3,12:22,-1,E08000035,6,0,1,0,1,19,"[1, 5]","[5, 1]",0,0,0,1,0,0,0,0,0,7,2
2024131462742,2024,131462742,417179,432394,-1.74074,53.78759,2,2,3,11:25,-1,E08000032,3,0,1,0,1,4,8,"[6, 4]",0,0,0,1,0,0,0,0,0,7,2
2024131462771,2024,131462771,418717,430474,-1.71751,53.77028,3,3,3,14:52,-1,E08000032,6,0,1,0,1,"[9, 19]","[1, 7]","[5, 3]",0,0,0,1,0,1,0,0,0,7,2
2024131462785,2024,131462785,445385,421618,-1.31423,53.68905,2,"[2, 3]",2,15:00,-1,E08000036,3,0,1,0,1,"[9, 5]","[5, 1]","[2, 5]",0,0,0,1,0,0,0,0,0,7,1
2024131462810,2024,131462810,429548,420950,-1.55409,53.68418,3,3,3,18:00,-1,E08000036,1,0,1,0,2,5,7,3,0,0,0,1,0,0,0,0,0,7,2
2024131462840,2024,131462840,409117,423327,-1.86337,53.70629,3,3,4,14:30,-1,E08000033,6,0,1,0,1,"[19, 9]","[3, 7]","[7, 5]",0,0,0,1,1,0,0,0,1,5,15
2024131462867,2024,131462867,405357,420287,-1.92038,53.67902,3,3,3,22:50,-1,E08000033,4,2,2,1,2,19,"[3, 5]","[7, 1]",0,"[7, 0]",0,1,0,0,0,0,0,7,2
2024131462872,2024,131462872,423058,434948,-1.65132,53.81031,3,3,3,21:34,-1,E08000035,6,2,8,0,1,19,"[5, 7]","[1, 3]",0,0,0,1,0,0,0,0,0,7,2
2024131463067,2024,131463067,416269,431863,-1.75458,53.78284,3,3,3,13:30,-1,E08000032,6,0,1,0,1,"[3, 19]",8,4,0,0,0,1,0,0,0,0,0,7,2
2024131463073,2024,131463073,426302,427789,-1.60266,53.74582,2,2,4,12:30,-1,E08000035,6,0,1,0,1,1,5,1,0,0,0,1,0,0,0,0,1,7,3
2024131463142,2024,131463142,391629,423669,-2.1283,53.70938,2,2,4,13:10,-1,E08000033,3,0,1,1,2,"[19, 6]",7,"[3, 7]",0,0,0,1,0,1,0,0,0,7,3
2024131463168,2024,131463168,422136,409362,-1.66714,53.58039,2,"[3, 2]",4,12:16,-1,E08000034,6,0,8,0,2,19,3,7,0,0,0,0,1,0,0,0,1,7,3
2024131463171,2024,131463171,438403,424374,-1.41961,53.71438,3,3,4,07:50,-1,E08000036,1,0,1,1,1,19,3,7,0,0,0,1,0,0,0,0,0,7,3
2024131463180,2024,131463180,414701,415806,-1.77913,53.63857,2,"[3, 2]",7,14:15,-1,E08000034,6,0,1,0,1,"[19, 9]","[7, 3]","[3, 1]",0,0,0,1,0,0,0,0,0,6,29
2024131463233,2024,131463233,409812,425719,-1.85276,53.72778,3,3,4,16:15,-1,E08000033,6,0,1,0,1,19,7,3,10,7,2,1,0,0,0,0,0,7,3
2024131463270,2024,131463270,413654,435095,-1.79412,53.81197,2,"[3, 2]",4,21:00,-1,E08000032,4,0,1,0,1,"[19, 7]","[8, 2]",4,0,1,1,1,0,0,0,0,0,7,3
2024131463528,2024,131463528,429707,426953,-1.55111,53.73812,3,3,5,07:50,-1,E08000035,3,0,1,0,2,"[3, 1]","[6, 2]","[2, 6]",0,0,0,1,0,0,1,0,0,7,4
2024131463536,2024,131463536,433311,425879,-1.49659,53.72825,2,2,5,09:30,-1,E08000035,1,0,4,0,1,-1,-1,-1,-1,-1,-1,1,0,0,0,0,1,7,4
2024131463569,2024,131463569,418419,430320,-1.72204,53.7689,2,2,5,13:50,-1,E08000032,6,0,1,0,1,-1,-1,-1,-1,-1,0,0,0,0,0,1,1,7,4
2024131463570,2024,131463570,420302,408842,-1.69487,53.57579,3,3,2,12:50,-1,E08000034,3,0,1,0,2,19,"[3, 7]","[7, 3]",0,"[1, 0]",0,1,0,0,0,0,0,5,6
2024131463576,2024,131463576,413065,416317,-1.80385,53.6432,3,3,5,15:53,-1,E08000034,6,0,2,1,1,"[-1, 9, 19]","[-1, 3, 7]","[-1, 1, 3]","[-1, 0]","[-1, 0]",0,1,0,0,0,0,0,4,18
2024131463585,2024,131463585,415141,429476,-1.77181,53.76142,3,3,7,10:48,-1,E08000032,3,0,1,0,1,"[7, 19]",1,5,0,0,0,1,1,0,0,0,0,6,8
2024131463592,2024,131463592,437600,438050,-1.43011,53.83735,3,3,5,15:22,-1,E08000035,3,0,1,0,2,19,7,3,0,7,3,1,0,0,0,0,0,7,4
2024131463596,2024,131463596,439643,424556,-1.4008,53.71592,3,3,5,08:30,-1,E08000036,6,0,1,0,2,19,7,3,0,0,0,1,0,0,0,0,0,7,4
2024131463597,2024,131463597,407443,426966,-1.88864,53.73903,3,3,7,16:45,-1,E08000033,6,0,2,1,1,"[7, 2, 9]","[1, 0, 6]","[6, 0, 4]",0,0,0,1,0,0,0,0,0,6,29
2024131463609,2024,131463609,418060,433163,-1.72732,53.79447,3,3,5,15:35,-1,E08000032,6,0,4,0,1,19,7,3,0,0,0,1,0,0,0,0,1,7,4
2024131463656,2024,131463656,410508,430293,-1.84206,53.76888,3,3,4,18:30,-1,E08000032,3,0,1,0,1,-1,-1,-1,-1,-1,0,1,1,0,0,0,0,7,3
2024131463690,2024,131463690,419081,433495,-1.7118,53.79742,3,3,5,21:15,-1,E08000032,3,0,1,0,1,19,5,1,0,0,0,1,0,0,0,0,0,7,4
2024131463691,2024,131463691,423749,423567,-1.64169,53.70799,3,3,5,22:19,-1,E08000034,6,2,1,0,1,"[9, 19]","[3, 2]","[5, 2]",0,0,0,1,0,0,0,0,0,7,4
2024131463695,2024,131463695,432828,434258,-1.50303,53.80359,2,2,5,20:35,-1,E08000035,6,0,4,0,1,19,5,1,0,0,0,1,0,0,0,0,1,7,4
2024131463697,2024,131463697,417544,432328,-1.7352,53.78698,2,"[3, 2]",5,20:40,-1,E08000032,6,0,1,0,1,"[9, 19]","[3, 7]","[1, 3]",0,0,0,1,0,0,0,0,0,7,4
2024131463699,2024,131463699,414143,416640,-1.78753,53.64608,2,2,5,17:11,-1,E08000034,3,2,4,0,1,"[14, 2, 4]",7,3,0,0,0,1,0,0,0,0,0,7,4
2024131463736,2024,131463736,426910,438075,-1.59255,53.83823,2,2,6,06:05,-1,E08000035,3,0,1,0,1,12,7,3,10,4,2,1,0,0,0,0,0,7,5
2024131463739,2024,131463739,412536,420203,-1.8117,53.67814,3,3,5,08:27,-1,E08000033,1,0,4,0,2,19,1,1,0,0,0,1,0,0,1,0,0,7,4
2024131463746,2024,131463746,423818,431578,-1.64003,53.77999,3,3,6,07:35,-1,E08000035,6,0,1,0,1,"[9, 10]","[2, 8]","[8, 6]",0,0,0,1,0,0,0,0,0,7,5
2024131463754,2024,131463754,413657,417848,-1.79483,53.65695,3,3,6,08:25,-1,E08000034,6,0,1,0,1,"[9, 19]","[7, 1]","[1, 5]",0,0,0,1,1,0,0,0,0,7,5
2024131463792,2024,131463792,436688,418865,-1.44624,53.66499,3,3,6,07:30,-1,E08000036,3,0,1,0,2,19,1,5,0,0,0,1,0,0,0,0,0,7,5
2024131463845,2024,131463845,429966,433252,-1.54658,53.79472,3,3,6,09:50,-1,E08000035,6,0,1,0,1,19,5,1,0,0,0,0,0,0,1,0,1,7,5
2024131463888,2024,131463888,415239,423964,-1.7706,53.71188,3,3,6,11:21,-1,E08000033,6,0,8,0,2,-1,-1,-1,-1,-1,-1,1,0,0,0,0,1,7,5
2024131463916,2024,131463916,412046,439472,-1.81837,53.85134,3,3,4,18:09,-1,E08000032,6,0,1,0,1,"[19, 7]",8,4,0,0,0,1,1,0,0,0,0,7,3
2024131463920,2024,131463920,414314,414760,-1.78503,53.62918,3,3,2,10:15,-1,E08000034,6,0,1,0,1,19,"[8, 6]","[4, 2]",0,0,0,1,0,0,0,0,0,6,17
2024131463922,2024,131463922,439564,424503,-1.402,53.71545,3,3,5,08:00,-1,E08000036,6,0,4,0,2,"[19, 9]","[7, 5]","[3, 7]",0,0,0,1,0,0,0,0,0,7,4
2024131463930,2024,131463930,434508,416003,-1.47955,53.63941,3,3,6,09:38,-1,E08000036,4,0,1,0,2,"[5, 19]","[2, 5]","[4, 1]",0,"[1, 0]",0,1,0,1,0,0,0,7,5
2024131463980,2024,131463980,426156,423056,-1.60527,53.70329,3,3,5,20:10,-1,E08000034,3,0,1,0,1,"[11, 5]","[1, 3]","[5, 7]",0,0,0,1,0,0,0,0,0,7,4
2024131463994,2024,131463994,420468,420210,-1.69162,53.67796,2,2,3,15:47,-1,E08000034,6,0,1,0,1,19,7,3,0,0,0,1,0,0,0,0,1,6,4
2024131464004,2024,131464004,419001,433807,-1.713,53.80022,3,3,6,16:37,-1,E08000032,4,0,1,0,1,"[9, 19]",1,5,0,0,0,1,0,0,0,0,0,7,5
2024131464022,2024,131464022,417814,431585,-1.73115,53.78029,3,3,6,17:51,-1,E08000032,3,0,1,0,1,11,"[5, 1]","[1, 6]",0,0,0,1,0,0,1,0,0,7,5
2024131464045,2024,131464045,429034,431736,-1.56087,53.78115,3,3,6,19:30,-1,E08000035,1,0,1,0,1,19,2,6,0,1,0,1,0,0,0,0,0,7,5
2024131464054,2024,131464054,422560,442665,-1.65832,53.87969,2,2,5,01:50,-1,E08000035,3,2,2,1,2,19,2,4,0,7,2,1,0,0,0,0,0,6,6
2024131464096,2024,131464096,433666,424277,-1.49139,53.71383,3,3,6,23:40,-1,E08000036,6,2,1,0,1,"[19, 9]",7,"[3, 7]",0,"[0, 1]",0,1,0,0,0,0,0,7,5
2024131464166,2024,131464166,431509,432609,-1.52322,53.78885,3,3,4,00:01,-1,E08000035,3,2,1,0,1,"[19, 9]",1,5,0,0,0,1,0,0,0,0,0,6,12
2024131464205,2024,131464205,427789,436380,-1.57934,53.82295,3,3,4,08:10,-1,E08000035,3,2,9,0,1,"[-1, 19]","[-1, 1]","[-1, 5]","[-1, 0]","[-1, 0]","[-1, 0]",1,1,0,0,0,0,7,3
2024131464219,2024,131464219,424405,421486,-1.63192,53.68926,2,2,5,17:30,-1,E08000034,3,0,1,0,1,19,3,7,0,0,0,1,0,0,0,0,1,7,4
2024131464232,2024,131464232,423439,437610,-1.64533,53.83422,3,3,6,00:15,-1,E08000035,3,2,9,0,1,"[19, -1]","[3, -1]","[7, -1]","[0, -1]","[0, -1]","[0, -1]",1,0,0,0,0,0,7,5
2024131464237,2024,131464237,418059,431054,-1.72746,53.77551,3,3,7,11:20,-1,E08000032,3,0,1,0,1,"[19, 5]","[3, 5]","[7, 1]",0,0,0,1,0,1,0,0,0,7,6
2024131464254,2024,131464254,416505,420744,-1.75158,53.6829,2,2,5,13:30,-1,E08000034,6,0,1,0,1,7,7,1,0,0,0,1,0,0,0,0,1,7,4
2024131464255,2024,131464255,414120,432115,-1.78718,53.78517,2,2,6,15:20,-1,E08000032,6,0,1,0,1,19,5,1,0,0,0,1,0,0,0,0,1,7,5
2024131464265,2024,131464265,433533,420627,-1.4938,53.68103,3,3,7,13:31,-1,E08000036,6,0,1,0,1,"[9, 19]","[1, 7]","[5, 3]",0,0,0,1,0,0,0,0,0,7,6
2024131464267,2024,131464267,419402,434667,-1.70685,53.80794,2,2,3,23:00,-1,E08000035,6,2,1,0,2,19,1,5,0,0,0,1,0,0,0,0,1,6,25
2024131464338,2024,131464338,423482,434037,-1.64495,53.80211,2,2,6,18:25,-1,E08000035,6,0,1,0,1,19,7,3,0,0,0,1,0,0,0,0,1,7,5
2024131464341,2024,131464341,435126,441256,-1.46734,53.86634,3,3,7,14:29,-1,E08000035,6,0,1,1,2,19,"[1, 3]","[5, 7]",0,"[0, 1]","[0, 9]",1,0,0,0,0,0,7,6
2024131464373,2024,131464373,435216,417780,-1.46864,53.65534,3,3,7,17:51,-1,E08000036,6,0,1,0,1,"[19, 2, 5]","[5, 0, 7]","[1, 0, 5]","[4, 0]",0,0,1,0,0,0,0,0,7,6
2024131464395,2024,131464395,432968,435663,-1.50075,53.81621,2,2,7,19:35,-1,E08000035,6,0,1,0,1,19,2,2,0,0,0,0,1,0,0,0,0,7,6
2024131464400,2024,131464400,450590,414502,-1.23657,53.62462,2,"[3, 2]",7,20:20,-1,E08000036,3,0,1,0,2,19,5,1,0,1,0,1,0,0,0,0,0,7,6
2024131464404,2024,131464404,419484,408750,-1.70723,53.57499,1,1,7,21:30,-1,E08000034,3,0,1,0,2,"[19, 2]","[3, 0]","[7, 0]","[10, 0]",0,0,1,0,0,0,0,0,7,6
2024131464421,2024,131464421,424340,427856,-1.63241,53.74651,3,3,1,00:01,-1,E08000035,1,2,1,1,1,19,3,7,7,0,0,1,0,0,0,0,0,7,7
2024131464462,2024,131464462,413682,435056,-1.7937,53.81161,3,3,7,09:31,-1,E08000032,4,0,1,0,1,"[10, 19]","[2, 7]","[3, 7]",0,0,0,1,0,0,0,0,0,7,6
2024131464522,2024,131464522,424526,438542,-1.62874,53.84255,2,2,7,17:45,-1,E08000035,6,0,1,0,1,19,8,4,0,0,0,1,1,0,0,0,0,7,6
2024131464566,2024,131464566,417447,433045,-1.73663,53.79343,3,3,1,14:36,-1,E08000032,6,0,1,0,1,"[19, -1]","[5, -1]","[1, -1]","[0, -1]","[0, -1]",0,1,0,0,0,0,0,7,7
2024131464571,2024,131464571,426571,433646,-1.59808,53.79845,3,3,7,13:52,-1,E08000035,6,0,9,0,1,"[-1, 2]","[-1, 0]","[-1, 0]","[-1, 0]","[-1, 0]",0,1,0,0,0,0,1,7,6
2024131464586,2024,131464586,428372,440980,-1.57006,53.86427,3,3,1,16:40,-1,E08000035,6,0,1,1,2,19,"[4, 8]","[8, 4]",0,0,0,1,0,0,0,0,0,7,7
2024131464640,2024,131464640,427616,420095,-1.58342,53.6766,3,3,6,16:31,-1,E08000036,6,0,1,0,1,19,"[3, 1]","[7, 5]",0,0,0,1,1,0,0,0,0,7,5
2024131464652,2024,131464652,417197,417574,-1.74128,53.65438,2,2,1,17:45,-1,E08000034,6,0,1,0,1,19,6,2,0,3,2,0,0,1,0,0,0,7,7
2024131464660,2024,131464660,431875,435942,-1.51732,53.81878,1,1,1,18:05,-1,E08000035,4,0,1,1,1,19,1,5,0,0,0,0,0,0,0,0,0,7,7
2024131464665,2024,131464665,430786,435054,-1.53395,53.81087,2,2,1,18:10,-1,E08000035,3,0,2,1,1,"[19, 6]",5,2,0,0,0,1,0,0,0,0,0,7,7
2024131464721,2024,131464721,404188,444289,-1.93776,53.89476,3,3,2,06:13,-1,E08000032,4,0,8,0,2,19,3,7,0,0,0,1,0,0,0,0,1,7,8
2024131464764,2024,131464764,427460,435132,-1.58445,53.81176,3,3,2,08:15,-1,E08000035,6,0,1,0,1,"[9, 19]","[7, 5]","[3, 1]",0,0,0,1,0,0,0,0,0,7,8
2024131464857,2024,131464857,415998,431735,-1.7587,53.7817,2,2,2,08:12,-1,E08000032,3,0,1,0,1,19,6,2,0,0,0,0,0,0,1,0,1,7,8
2024131464865,2024,131464865,411783,417503,-1.8232,53.65389,3,3,7,22:25,-1,E08000034,3,2,1,0,1,"[2, 19]","[0, 3]","[0, 3]",0,0,0,1,1,0,0,0,0,7,6
2024131464911,2024,131464911,428059,434542,-1.57541,53.80642,3,3,7,09:55,-1,E08000035,6,0,1,0,1,"[19, 3]",8,4,0,0,0,1,0,0,0,0,0,7,6
2024131464973,2024,131464973,429600,432558,-1.5522,53.7885,2,"[2, 3]",2,14:48,-1,E08000035,6,0,1,0,1,19,"[7, 5]","[3, 1]",0,"[1, 7]","[11, 0]",1,0,0,0,0,0,7,8
2024131465017,2024,131465017,407403,424810,-1.8893,53.71965,3,3,2,17:57,-1,E08000033,6,0,1,0,1,19,"[1, 7]","[5, 3]",0,0,0,1,0,0,0,0,0,7,8
2024131465054,2024,131465054,428160,432191,-1.57409,53.78529,3,3,2,15:57,-1,E08000035,3,0,1,0,1,19,7,7,0,0,0,1,0,0,1,0,0,7,8
2024131465106,2024,131465106,422017,436547,-1.66701,53.82473,2,2,3,03:48,-1,E08000035,3,2,2,1,1,"[3, -1]","[2, -1]","[6, -1]","[0, -1]","[0, -1]","[0, -1]",1,0,1,0,0,0,7,9
2024131465110,2024,131465110,429680,419929,-1.55219,53.67499,2,"[2, 3]",2,09:25,-1,E08000036,1,0,1,0,2,19,5,1,0,1,4,1,0,0,0,0,0,7,8
2024131465135,2024,131465135,435874,436433,-1.45653,53.82294,2,"[3, 2]",3,06:44,-1,E08000035,3,0,2,1,1,19,"[1, 7]","[5, 3]",0,"[0, 1]",0,1,0,0,0,0,0,7,9
2024131465367,2024,131465367,414986,433698,-1.77396,53.79937,3,3,7,15:20,-1,E08000032,6,0,8,0,1,"[19, -1]","[5, -1]","[1, -1]","[0, -1]","[0, -1]","[0, -1]",1,0,0,0,0,0,7,6
2024131465376,2024,131465376,440391,448330,-1.38635,53.92953,3,3,3,12:34,-1,E08000035,6,0,2,1,1,5,5,1,0,0,0,1,0,0,0,0,0,7,9
2024131465404,2024,131465404,405273,440674,-1.92131,53.86226,2,2,2,19:23,-1,E08000032,6,0,1,0,1,19,5,1,0,0,0,1,0,0,0,0,1,7,8
2024131465433,2024,131465433,440603,426154,-1.38604,53.73021,3,3,3,15:10,-1,E08000035,3,0,1,1,2,19,"[3, 7]","[7, 3]",0,"[0, 7]",0,1,0,0,0,0,0,7,9
2024131465483,2024,131465483,445687,421934,-1.30961,53.69186,3,3,3,14:30,-1,E08000036,6,0,1,1,1,"[2, 19]","[0, 7]","[0, 3]",0,0,0,1,0,0,0,0,0,7,9
2024131465601,2024,131465601,427498,434617,-1.58392,53.80712,3,3,5,19:32,-1,E08000035,6,0,2,1,1,"[9, 19]",1,"[3, 1]",0,0,0,1,1,0,0,0,0,6,13
2024131465988,2024,131465988,431345,434938,-1.52547,53.80979,3,3,4,13:20,-1,E08000035,6,0,1,0,1,"[9, 19]","[5, 1]","[1, 5]",0,0,0,1,1,0,0,0,0,7,10
2024131466151,2024,131466151,442027,420043,-1.36528,53.67517,3,3,3,16:11,-1,E08000036,3,0,1,0,1,"[19, 2]",3,7,0,0,0,1,0,0,0,0,0,7,9
2024131466175,2024,131466175,423380,424847,-1.64719,53.71951,3,3,4,22:27,-1,E08000034,6,2,1,1,1,"[4, 2, 19]","[5, 0, 7]","[1, 0, 3]",0,0,0,1,0,0,0,0,0,7,10
2024131466180,2024,131466180,429351,433759,-1.55587,53.79931,3,3,4,23:00,-1,E08000035,6,2,1,0,1,19,8,4,0,5,11,1,0,0,0,0,0,7,10
2024131466188,2024,131466188,414868,425160,-1.77616,53.72264,3,3,4,23:42,-1,E08000033,3,2,1,0,1,"[19, 9]","[3, 1]","[7, 3]",0,0,0,1,0,0,0,0,0,7,10
2024131466268,2024,131466268,431465,431665,-1.52398,53.78037,3,3,5,08:00,-1,E08000035,6,0,1,0,1,"[2, 19]",5,1,0,0,0,1,0,0,1,0,1,7,11
2024131466339,2024,131466339,413982,425338,-1.78958,53.72426,3,3,3,08:30,-1,E08000033,3,0,1,0,1,-1,-1,-1,-1,-1,-1,0,0,0,1,0,1,7,9
2024131466351,2024,131466351,425237,421559,-1.61932,53.68988,3,3,6,10:00,-1,E08000034,3,0,1,0,1,-1,-1,-1,-1,-1,-1,0,0,0,0,1,1,6,21
2024131466482,2024,131466482,414119,420642,-1.78771,53.68205,3,3,3,06:15,-1,E08000034,1,0,2,1,2,"[12, 19]",3,7,0,0,0,1,0,0,0,0,0,7,2
2024131466543,2024,131466543,424311,424731,-1.63309,53.71843,3,3,4,15:15,-1,E08000034,4,0,1,0,1,19,2,6,0,0,0,1,0,0,0,0,1,6,26
2024131466544,2024,131466544,408195,427272,-1.87723,53.74177,3,3,5,16:35,-1,E08000033,3,0,1,0,1,"[19, 2]","[5, 0]","[5, 0]","[0, 4]",0,0,1,1,0,0,0,0,7,11
2024131466571,2024,131466571,430048,416277,-1.54697,53.64215,3,3,5,17:23,-1,E08000036,3,0,1,0,1,"[7, 19]","[5, 3]",7,0,"[1, 0]",0,1,0,0,0,0,0,7,11
2024131466585,2024,131466585,445815,413934,-1.30885,53.61995,2,2,5,17:31,-1,E08000036,3,0,1,0,2,19,1,5,0,1,0,1,0,0,0,0,0,7,11
2024131466607,2024,131466607,435377,436687,-1.46405,53.82525,2,2,4,19:21,-1,E08000035,6,0,1,0,1,19,5,1,0,0,0,1,0,0,0,0,1,7,10
2024131466646,2024,131466646,431826,432608,-1.51841,53.78882,3,3,5,19:30,-1,E08000035,6,0,1,0,1,19,2,6,0,0,0,1,0,0,0,0,1,7,11
2024131466652,2024,131466652,414306,423432,-1.78475,53.70712,2,2,5,20:02,-1,E08000033,6,0,1,0,1,"[19, 2]","[1, 0]","[1, 0]","[4, 0]",0,0,1,0,0,0,0,0,7,11
2024131466667,2024,131466667,417796,433449,-1.73131,53.79705,3,3,5,23:02,-1,E08000032,6,2,1,1,1,"[-1, 2]","[-1, 0]","[-1, 0]","[-1, 0]","[-1, 0]",0,1,0,0,0,0,1,7,11
2024131466783,2024,131466783,412914,434276,-1.80539,53.80462,3,3,6,09:56,-1,E08000032,6,0,1,0,1,19,6,2,0,0,0,1,0,0,0,0,1,7,12
2024131466795,2024,131466795,423946,420669,-1.63893,53.68194,3,3,4,15:25,-1,E08000034,4,0,1,0,1,5,2,6,0,0,0,1,0,0,0,0,1,7,10
2024131466822,2024,131466822,411567,442263,-1.82555,53.87644,3,3,4,18:10,-1,E08000032,6,0,1,0,2,"[19, -1]","[7, -1]","[3, -1]","[0, -1]","[0, -1]","[0, -1]",1,0,0,0,0,0,7,10
2024131466836,2024,131466836,440660,428804,-1.38483,53.75402,3,3,3,20:38,-1,E08000035,6,0,2,1,1,"[9, 13]",5,1,0,0,0,1,0,0,0,0,0,7,9
2024131466913,2024,131466913,439574,424487,-1.40185,53.71531,3,3,6,11:14,-1,E08000036,6,0,1,0,1,"[19, 5]","[3, 1]",7,0,0,0,1,0,0,0,0,0,7,12
2024131466962,2024,131466962,430717,435014,-1.535,53.81051,3,3,5,12:20,-1,E08000035,3,0,2,1,1,"[1, 4]",7,3,0,0,0,1,0,0,0,0,0,7,11
2024131467068,2024,131467068,433106,420337,-1.50029,53.67845,2,2,6,13:46,-1,E08000036,3,0,1,1,1,-1,-1,-1,-1,-1,-1,1,0,0,0,0,1,7,12
2024131467077,2024,131467077,429544,437346,-1.55259,53.83154,3,3,6,17:48,-1,E08000035,6,0,1,0,1,"[19, 13]",7,3,0,0,0,1,0,0,0,0,0,7,12
2024131467078,2024,131467078,401837,419119,-1.97367,53.66855,2,"[3, 2]",6,15:31,-1,E08000033,6,0,8,1,2,"[7, 19]",3,7,0,"[1, 0]","[11, 0]",1,0,0,0,0,0,7,12
2024131467121,2024,131467121,406015,441302,-1.91001,53.8679,3,3,5,16:43,-1,E08000032,6,0,1,0,1,"[9, 2]","[3, 0]","[3, 0]","[4, 0]",0,0,1,0,0,0,0,0,7,11
2024131467170,2024,131467170,445390,421614,-1.31415,53.68901,3,3,6,21:05,-1,E08000036,3,2,1,0,1,5,"[1, 5]","[5, 3]",0,0,0,1,0,0,0,0,0,7,12
2024131467214,2024,131467214,428605,436485,-1.56694,53.82385,3,3,6,11:05,-1,E08000035,4,0,1,0,1,19,7,3,0,0,0,1,0,0,0,0,0,7,12
2024131467270,2024,131467270,430856,431382,-1.53325,53.77786,3,3,6,16:05,-1,E08000035,6,0,1,0,1,19,1,5,0,1,10,1,0,0,0,0,0,7,12
2024131467309,2024,131467309,413247,420681,-1.80091,53.68242,3,3,3,12:39,-1,E08000033,3,0,9,0,1,9,"[5, 1]","[1, 7]",0,0,0,1,0,0,0,0,0,7,9
2024131467346,2024,131467346,437996,423130,-1.42592,53.70323,2,2,7,15:27,-1,E08000036,6,0,1,0,1,"[19, 2]",1,5,0,0,0,1,0,0,0,0,0,7,13
2024131467352,2024,131467352,430796,436716,-1.53363,53.82581,2,2,6,22:55,-1,E08000035,6,2,1,0,1,"[9, 19]","[4, 8]","[2, 4]",0,0,0,1,1,0,0,0,0,7,12
2024131467370,2024,131467370,415891,433925,-1.76021,53.80139,3,3,7,17:25,-1,E08000032,3,0,1,0,1,19,"[4, 6]","[8, 2]",0,0,0,1,0,0,0,0,0,7,13