collision_index,collision_year,collision_ref_no,location_easting_osgr,location_northing_osgr,longitude,latitude,casualty_severity,casualty_severity,day_of_week,time,local_authority_district,local_authority_ons_district,first_road_class,light_conditions,weather_conditions,road_surface_conditions,urban_or_rural_area,vehicle_manoeuvre,vehicle_direction_from,vehicle_direction_to,hit_object_in_carriageway,vehicle_leaving_carriageway,hit_object_off_carriageway,is_car,is_cyle,is_mcyle,is_goodsv,is_other,is_pedestrian,month,day
2024131467412,2024,131467412,439563,424502,-1.40201,53.71544,3,3,4,18:00,-1,E08000036,6,0,1,0,2,"[19, 9]","[7, 2]","[4, 7]",0,0,0,1,0,0,0,0,0,7,10
2024131467476,2024,131467476,410994,438673,-1.83439,53.84419,3,3,1,04:27,-1,E08000032,4,0,8,1,1,19,4,4,11,0,0,1,0,0,0,0,0,7,14
2024131467533,2024,131467533,420645,445085,-1.68728,53.90152,3,3,3,16:32,-1,E08000035,6,0,8,0,1,"[19, 9]","[8, 7]","[4, 3]",0,0,0,1,0,0,1,0,0,5,28
2024131467540,2024,131467540,450983,413740,-1.23076,53.61773,3,3,1,11:00,-1,E08000036,3,0,2,1,2,19,5,1,0,0,0,1,0,0,0,0,0,7,14
2024131467546,2024,131467546,420107,421027,-1.69703,53.68532,3,3,6,08:10,-1,E08000034,6,0,1,0,1,"[9, 19]","[1, 5]","[7, 1]",0,0,0,1,1,0,0,0,0,7,12
2024131467610,2024,131467610,445413,421947,-1.31375,53.692,3,3,7,19:07,-1,E08000036,6,0,1,0,1,"[-1, 2]","[-1, 7]","[-1, 3]","[-1, 0]","[-1, 0]",0,1,0,0,0,0,0,7,13
2024131467611,2024,131467611,414603,429347,-1.77998,53.76028,2,2,1,13:20,-1,E08000032,3,0,1,1,1,"[15, 19]",3,7,"[11, 0]",0,0,1,0,0,0,0,0,7,14
2024131467639,2024,131467639,426280,435592,-1.60233,53.81595,3,3,1,15:42,-1,E08000035,3,0,1,0,1,"[9, 19]","[1, 5]","[5, 1]",0,"[0, 1]","[0, 11]",1,0,0,0,0,0,7,14
2024131467670,2024,131467670,437980,432988,-1.42496,53.79183,3,3,1,17:50,-1,E08000035,3,0,1,0,2,"[9, 5, 19]",-1,-1,-1,-1,0,1,0,0,0,0,0,7,14
2024131467697,2024,131467697,427932,431037,-1.57765,53.77493,3,3,1,17:30,-1,E08000035,3,0,1,0,1,19,"[6, 2]","[2, 6]",0,0,0,1,0,0,0,0,0,7,14
2024131467883,2024,131467883,419130,437235,-1.71083,53.83103,3,3,7,19:45,-1,E08000032,3,0,8,1,1,19,7,3,0,0,0,0,1,0,0,0,1,7,13
2024131467887,2024,131467887,433562,415746,-1.49388,53.63716,3,3,2,10:56,-1,E08000036,6,0,1,0,1,19,"[3, 7]","[7, 3]",0,0,0,1,0,0,0,0,0,7,15
2024131467914,2024,131467914,426304,428112,-1.6026,53.74872,3,3,2,11:35,-1,E08000035,4,0,1,0,1,"[19, 4]",5,1,0,0,0,1,0,0,0,0,0,7,15
2024131467926,2024,131467926,426682,435512,-1.59623,53.81521,3,3,2,08:35,-1,E08000035,6,0,1,0,1,-1,-1,-1,-1,-1,-1,1,0,0,0,0,1,7,15
2024131467961,2024,131467961,411792,416362,-1.82311,53.64364,3,3,2,06:47,-1,E08000034,6,0,2,0,1,"[5, 19]","[3, 7]","[7, 3]",0,0,0,1,0,1,0,0,0,7,15
2024131468015,2024,131468015,427943,434343,-1.57719,53.80464,3,3,2,10:33,-1,E08000035,3,0,1,0,1,"[5, 19]","[1, 3]","[5, 7]",0,0,0,1,1,0,0,0,0,7,15
2024131468018,2024,131468018,406122,442203,-1.90837,53.87599,3,3,2,13:16,-1,E08000032,3,0,8,0,2,"[3, 19]",3,3,0,0,0,1,0,0,0,0,0,7,15
2024131468042,2024,131468042,428530,431797,-1.56851,53.78172,3,3,2,16:05,-1,E08000035,3,0,1,0,1,19,1,5,0,0,0,1,0,0,0,0,0,7,15
2024131468098,2024,131468098,443177,424677,-1.34723,53.71673,2,2,2,17:32,-1,E08000036,6,0,1,0,1,"[9, 4]","[5, 3]","[3, 5]",0,0,0,1,0,1,0,0,0,7,15
2024131468120,2024,131468120,413547,414856,-1.79662,53.63006,2,2,3,00:31,-1,E08000034,3,2,2,1,1,"[2, 19]","[0, 5]","[0, 4]",0,0,0,1,0,1,0,0,0,7,16
2024131468121,2024,131468121,410458,416817,-1.84327,53.64776,3,3,2,22:55,-1,E08000034,6,2,1,1,1,"[1, 2]",7,3,0,0,0,1,0,0,0,0,0,7,15
2024131468140,2024,131468140,418842,431803,-1.71553,53.78222,2,2,3,16:24,-1,E08000032,6,0,1,0,1,"[6, 14]",3,7,0,"[0, 7]",0,1,0,1,0,0,0,6,18
2024131468170,2024,131468170,439564,424502,-1.402,53.71544,2,2,3,06:16,-1,E08000036,6,0,2,1,2,"[19, 9]","[7, 3, 2]","[3, 7]",0,0,0,1,0,0,1,0,0,7,16
2024131468294,2024,131468294,415974,430981,-1.7591,53.77492,2,2,4,20:22,-1,E08000032,6,0,1,0,1,19,1,7,0,0,0,1,0,0,0,0,1,6,19
2024131468307,2024,131468307,430308,437041,-1.54101,53.82876,2,2,2,17:45,-1,E08000035,6,0,1,0,1,"[-1, 19]",-1,-1,-1,-1,0,1,1,0,0,0,0,7,15
2024131468426,2024,131468426,415709,434618,-1.76294,53.80762,3,3,2,14:32,-1,E08000032,3,0,1,0,1,19,6,2,0,0,0,1,0,0,0,0,0,7,15
2024131468434,2024,131468434,435001,438399,-1.46956,53.84067,3,3,3,13:45,-1,E08000035,3,0,1,1,1,"[5, 19]","[7, 5]","[3, 1]",0,0,0,1,0,0,0,0,0,7,16
2024131468470,2024,131468470,417609,430451,-1.73432,53.77011,2,2,3,17:00,-1,E08000032,3,2,1,1,1,15,3,3,0,4,0,1,0,0,0,0,0,7,16
2024131468530,2024,131468530,409123,422505,-1.8633,53.6989,3,3,3,20:06,-1,E08000033,3,0,1,0,2,"[19, 2]",3,3,0,0,0,1,0,0,0,0,0,7,16
2024131468539,2024,131468539,411965,433301,-1.81984,53.79588,2,2,3,19:15,-1,E08000032,6,0,1,0,1,19,"[2, 6]","[6, 2]",0,0,0,1,1,0,0,0,0,7,16
2024131468576,2024,131468576,413694,432286,-1.79364,53.78672,3,3,1,19:57,-1,E08000032,6,0,2,1,1,"[1, 19]","[7, 1]",5,0,0,0,1,1,0,0,0,0,6,9
2024131468691,2024,131468691,417519,444273,-1.7349,53.89434,3,3,4,09:55,-1,E08000032,6,0,1,0,1,1,4,8,0,0,0,1,0,0,0,0,1,7,17
2024131468791,2024,131468791,414835,422951,-1.77676,53.70278,3,3,3,09:00,-1,E08000033,3,0,1,0,1,"[4, -1]","[1, 2, -1]","[1, -1]","[0, -1]","[0, -1]","[0, -1]",1,0,0,0,0,0,7,16
2024131468807,2024,131468807,432493,435240,-1.50801,53.81244,3,3,4,08:52,-1,E08000035,6,0,1,0,1,"[9, 19]","[7, 3]","[3, 7]",0,"[7, 0]",0,1,0,0,0,0,0,7,17
2024131468830,2024,131468830,415914,426453,-1.76024,53.73423,2,2,3,17:29,-1,E08000034,3,0,1,0,1,"[9, 19]","[1, 5]","[5, 1]",0,0,0,1,1,0,0,0,0,7,16
2024131468889,2024,131468889,429925,430811,-1.54744,53.77278,3,3,5,19:25,-1,E08000035,3,0,1,0,1,-1,-1,-1,-1,-1,0,1,0,0,0,0,1,6,27
2024131468911,2024,131468911,443940,432633,-1.33454,53.78817,3,3,4,13:35,-1,E08000035,6,0,1,0,2,19,7,2,0,0,0,1,0,0,0,0,1,7,17
2024131468929,2024,131468929,433353,436237,-1.49484,53.82134,3,3,4,15:05,-1,E08000035,3,0,1,0,1,"[19, 5]","[7, 1]","[7, 1]",0,"[0, 1]",0,1,0,0,0,1,0,7,17
2024131468933,2024,131468933,409389,425079,-1.85919,53.72204,3,3,3,10:18,-1,E08000033,6,0,1,0,1,7,1,7,0,0,0,1,0,0,0,0,1,7,16
2024131468980,2024,131468980,433265,415999,-1.49835,53.63946,3,3,4,16:31,-1,E08000036,3,0,1,0,1,19,5,1,0,0,0,1,0,0,0,0,0,7,17
2024131469047,2024,131469047,408723,411884,-1.86965,53.60345,3,3,4,18:27,-1,E08000034,6,0,1,0,2,19,1,5,0,0,0,1,0,0,0,0,0,7,17
2024131469050,2024,131469050,434642,441229,-1.4747,53.86613,3,3,4,22:10,-1,E08000035,6,2,1,0,2,19,"[7, 4, 3]","[3, 8, 7]",0,"[0, 1, 8]",0,1,0,0,0,0,0,7,17
2024131469067,2024,131469067,414336,422936,-1.78432,53.70266,3,3,5,03:20,-1,E08000033,3,2,1,0,1,19,7,3,0,0,0,0,0,1,0,0,0,7,18
2024131469069,2024,131469069,436095,435956,-1.45322,53.81864,3,3,1,14:50,-1,E08000035,6,0,1,0,1,19,"[3, 5]","[7, 1]",0,0,0,1,0,0,0,0,0,7,14
2024131469185,2024,131469185,407222,440274,-1.89168,53.85864,3,3,5,09:35,-1,E08000032,6,0,1,0,1,"[19, 10]",8,"[4, 5]",0,0,0,1,0,0,0,0,0,7,18
2024131469213,2024,131469213,416730,433035,-1.74752,53.79336,2,2,5,09:46,-1,E08000032,3,0,1,0,1,19,3,7,0,0,0,1,0,0,0,0,1,7,18
2024131469232,2024,131469232,421514,423806,-1.67554,53.71024,3,3,3,18:10,-1,E08000034,4,0,1,0,1,"[-1, 19]","[-1, 2]","[-1, 6]","[-1, 0]","[-1, 0]",0,1,0,0,0,0,0,7,16
2024131469371,2024,131469371,430725,419067,-1.53646,53.66719,2,2,5,13:10,-1,E08000036,3,0,1,0,1,19,2,6,0,0,0,1,0,0,0,0,1,7,18
2024131469427,2024,131469427,406068,424514,-1.90953,53.71701,2,2,5,14:57,-1,E08000033,3,0,1,0,1,19,1,1,10,0,0,1,0,0,0,0,0,7,18
2024131469435,2024,131469435,409232,424193,-1.8616,53.71407,2,2,5,15:47,-1,E08000033,6,0,1,0,1,12,1,7,0,0,0,1,0,0,0,0,1,7,18
2024131469497,2024,131469497,404880,448400,-1.92716,53.9317,3,3,5,16:48,-1,E08000032,3,0,1,0,2,"[19, 9]","[5, 1]","[1, 7]",0,0,0,1,0,0,0,0,0,7,18
2024131469563,2024,131469563,411687,419087,-1.82459,53.66813,3,3,5,13:20,-1,E08000034,3,0,1,0,1,"[-1, 19]","[-1, 5]","[-1, 1]","[-1, 0]","[-1, 0]","[-1, 0]",1,0,0,0,0,0,7,18
2024131469567,2024,131469567,431492,419943,-1.52476,53.67501,3,3,6,05:15,-1,E08000036,6,0,1,0,1,"[2, 19]","[4, 8]","[8, 4]","[0, 4]","[2, 0]","[10, 0]",1,0,0,0,0,0,7,19
2024131469710,2024,131469710,411030,416346,-1.83463,53.64351,3,3,4,17:47,-1,E08000034,6,0,1,0,1,-1,-1,-1,-1,-1,-1,0,0,1,0,0,1,7,17
2024131469711,2024,131469711,437441,433301,-1.4331,53.79468,3,3,5,12:38,-1,E08000035,3,0,1,0,1,19,8,4,0,0,0,1,0,0,1,0,0,7,18
2024131469727,2024,131469727,403711,446273,-1.94499,53.9126,3,3,4,15:30,-1,E08000032,6,0,1,0,2,-1,-1,-1,-1,-1,-1,1,0,0,0,0,1,7,17
2024131469843,2024,131469843,432388,426284,-1.51054,53.73195,3,3,6,14:00,-1,E08000035,1,0,1,0,2,"[19, 11]",1,5,0,0,0,1,0,0,1,0,0,7,19
2024131469844,2024,131469844,430308,418572,-1.54282,53.66276,3,3,6,15:36,-1,E08000036,6,0,1,0,1,19,7,7,0,0,0,1,0,0,0,0,1,7,19
2024131469858,2024,131469858,415440,437486,-1.76688,53.83341,3,3,1,22:07,-1,E08000032,6,2,2,1,1,"[19, 15]","[1, 5]","[1, 5]",0,0,0,1,0,0,0,0,0,3,31
2024131469865,2024,131469865,427961,425718,-1.57769,53.72712,3,3,5,18:25,-1,E08000035,6,0,1,0,1,"[3, -1]","[8, -1]","[4, -1]","[0, -1]","[0, -1]","[0, -1]",1,0,0,0,0,0,7,18
2024131469875,2024,131469875,446139,424578,-1.30237,53.71559,3,3,6,17:09,-1,E08000036,4,0,1,0,2,19,7,3,0,1,1,1,0,0,0,0,0,7,19
2024131469890,2024,131469890,438016,413163,-1.42684,53.61364,3,3,6,17:41,-1,E08000036,6,0,1,0,2,19,"[6, 4]","[6, 4]",0,"[7, 0]",0,1,0,1,0,0,0,7,19
2024131469904,2024,131469904,429794,433795,-1.54914,53.79961,3,3,2,17:52,-1,E08000035,6,0,1,0,1,"[7, 5]","[5, 7]","[1, 3]",0,0,0,1,1,0,0,0,0,3,18
2024131469960,2024,131469960,438274,433500,-1.42043,53.79641,3,3,6,21:35,-1,E08000035,3,2,1,0,2,19,"[2, 3]","[6, 7]",0,0,0,1,0,0,1,0,0,7,19
2024131470026,2024,131470026,424563,425232,-1.62923,53.72292,3,3,7,05:05,-1,E08000034,4,0,1,0,1,19,1,5,0,0,0,0,0,1,0,0,0,7,20
2024131470050,2024,131470050,415166,432588,-1.77128,53.78939,3,3,6,15:37,-1,E08000032,6,0,1,0,1,"[5, 19, 2]","[1, 3, 7]","[1, 3, 7]","[0, 4]",0,0,1,0,0,0,0,0,6,21
2024131470054,2024,131470054,408296,424014,-1.87579,53.71248,2,"[3, 2]",5,14:00,-1,E08000033,6,0,8,0,1,"[19, 2]","[3, 0]","[3, 0]","[4, 0, 11]",0,0,1,0,0,1,0,0,7,18
2024131470105,2024,131470105,429586,426434,-1.553,53.73346,3,3,7,11:18,-1,E08000035,1,0,1,0,2,19,7,3,0,0,0,1,0,0,1,0,0,7,20
2024131470106,2024,131470106,431450,435111,-1.52386,53.81134,3,3,5,22:30,-1,E08000035,3,2,1,0,1,5,7,3,0,0,0,1,0,0,0,0,1,7,18
2024131470115,2024,131470115,417910,432914,-1.72961,53.79223,3,3,7,08:00,-1,E08000032,3,0,1,0,1,"[5, 19]","[3, 7]","[7, 3]",0,0,0,1,0,1,0,0,0,7,20
2024131470130,2024,131470130,416475,433247,-1.75138,53.79527,3,3,6,16:20,-1,E08000032,6,0,1,0,1,19,7,3,0,0,0,0,1,0,0,0,1,7,19
2024131470233,2024,131470233,409644,429835,-1.85518,53.76478,3,3,5,02:45,-1,E08000032,3,2,1,0,1,"[19, 2]","[3, 0]","[7, 0]",0,0,0,1,0,0,0,0,0,6,13
2024131470250,2024,131470250,403181,434810,-1.95318,53.80957,3,3,6,20:10,-1,E08000032,3,0,1,0,2,19,"[3, 7]","[7, 3]",0,0,0,1,0,0,0,0,0,7,19
2024131470276,2024,131470276,413216,424377,-1.80123,53.71564,3,3,7,20:00,-1,E08000033,6,0,1,0,1,"[-1, 19]","[-1, 1]","[-1, 5]","[-1, 0]","[-1, 0]",0,1,1,0,0,0,0,7,20
2024131470299,2024,131470299,430309,435031,-1.5412,53.81069,3,3,4,09:17,-1,E08000035,6,0,1,0,1,9,"[2, 4]","[4, 6]",0,0,0,1,0,0,0,0,0,7,17
2024131470318,2024,131470318,404366,419509,-1.93539,53.67204,2,2,7,21:09,-1,E08000033,4,2,2,1,2,19,6,2,0,1,11,1,0,0,0,0,0,7,20
2024131470365,2024,131470365,424091,428101,-1.63616,53.74873,3,3,1,09:45,-1,E08000035,1,0,1,0,1,19,"[7, 6]","[3, 2]",0,0,0,1,0,0,0,0,0,7,21
2024131470366,2024,131470366,418144,435233,-1.72592,53.81307,3,3,6,10:15,-1,E08000032,3,0,1,0,1,"[-1, 19]","[-1, 1]","[-1, 1]","[-1, 0]","[-1, 0]",0,1,0,0,0,0,0,7,19
2024131470376,2024,131470376,433941,417662,-1.48794,53.65436,3,3,7,09:00,-1,E08000036,3,0,1,0,1,"[5, 9]","[8, 4]","[6, 1]",0,"[0, 2]",0,1,0,0,0,0,0,7,20
2024131470404,2024,131470404,426805,438039,-1.59415,53.83792,3,3,1,06:52,-1,E08000035,3,0,1,0,1,9,"[3, 5]",1,0,0,0,1,0,1,0,0,0,7,21
2024131470417,2024,131470417,431458,432759,-1.52398,53.7902,3,3,5,20:02,-1,E08000035,6,0,1,0,1,-1,-1,-1,-1,-1,0,1,0,0,0,0,1,7,18
2024131470430,2024,131470430,431476,433600,-1.52362,53.79776,3,3,6,16:00,-1,E08000035,6,0,1,0,1,7,5,7,0,0,0,1,0,0,0,0,1,7,19
2024131470435,2024,131470435,431051,426475,-1.53079,53.73375,2,2,1,13:12,-1,E08000035,6,0,1,0,1,19,7,7,0,0,0,1,0,0,0,0,1,7,21
2024131470443,2024,131470443,434689,424300,-1.47588,53.71397,2,2,1,13:10,-1,E08000036,6,0,1,0,1,"[6, 19]","[4, 2]","[8, 6]",0,0,0,1,1,0,0,0,0,7,21
2024131470453,2024,131470453,409169,425465,-1.86252,53.72551,2,2,1,11:07,-1,E08000033,3,0,1,0,1,19,"[-1, 3]","[-1, 7]","[-1, 0]","[-1, 2]","[-1, 7]",1,0,1,0,0,0,7,21
2024131470487,2024,131470487,419217,412711,-1.71102,53.6106,3,3,1,11:55,-1,E08000034,6,0,1,0,1,19,5,1,0,0,0,1,0,0,0,0,0,7,21
2024131470505,2024,131470505,433313,426325,-1.49652,53.73226,3,3,1,19:52,-1,E08000035,4,0,1,0,1,19,"[5, 3]","[5, 3]",0,"[0, 1]","[0, 11]",1,0,0,0,0,0,7,21
2024131470550,2024,131470550,425688,424268,-1.61226,53.7142,3,3,1,21:45,-1,E08000034,4,2,1,0,1,"[6, 19]",7,3,"[0, 4]","[0, 7]","[0, 11]",1,0,0,0,0,0,7,21
2024131470553,2024,131470553,433425,411556,-1.4964,53.59951,1,1,1,15:50,-1,E08000036,3,0,1,1,2,"[13, 19]","[1, 5]","[5, 1]",0,"[1, 7, 0]","[0, 11]",1,0,1,0,0,0,7,21
2024131470565,2024,131470565,421289,441098,-1.67776,53.86566,3,3,3,15:15,-1,E08000035,6,0,1,0,1,"[19, 2]","[8, 0, 4]","[4, 0, 8]","[4, 0]",0,0,1,0,0,0,0,0,3,19
2024131470752,2024,131470752,426967,439822,-1.59153,53.85393,3,3,2,13:00,-1,E08000035,3,0,1,0,1,19,5,1,0,0,0,1,0,0,0,0,0,7,22
2024131470834,2024,131470834,432183,420806,-1.51421,53.68273,3,3,1,14:15,-1,E08000036,6,0,1,0,1,19,7,3,0,0,0,1,0,0,0,0,1,7,21
2024131470835,2024,131470835,404245,441404,-1.93693,53.86883,3,3,1,18:15,-1,E08000032,6,0,1,0,1,19,2,6,0,0,0,1,0,0,0,0,1,7,21
2024131470878,2024,131470878,431401,441317,-1.52397,53.86712,3,3,6,14:27,-1,E08000035,3,0,1,0,2,"[-1, 19]","[-1, 1]","[-1, 1]","[-1, 0]","[-1, 0]",0,1,0,1,0,0,0,7,19
2024131470916,2024,131470916,442149,420031,-1.36344,53.67506,2,2,2,19:35,-1,E08000036,3,0,1,0,1,19,"[7, 3]","[3, 7]",0,0,0,0,1,1,0,0,0,7,22
2024131470937,2024,131470937,409357,425659,-1.85966,53.72725,3,3,2,05:30,-1,E08000033,6,2,1,0,1,19,"[1, 5]","[5, 1]",0,0,0,1,0,0,0,0,0,7,22
2024131470943,2024,131470943,425947,434782,-1.60746,53.80869,3,3,2,21:50,-1,E08000035,6,2,1,0,1,"[9, -1]","[4, -1]","[8, -1]","[0, -1]","[0, -1]","[0, -1]",1,0,0,0,0,0,7,22
2024131470968,2024,131470968,416539,415498,-1.75135,53.63574,3,3,3,02:40,-1,E08000034,6,2,1,0,1,19,5,1,0,0,0,1,0,0,0,0,0,7,23
2024131471028,2024,131471028,424308,432742,-1.63251,53.79043,2,"[3, 2]",3,07:36,-1,E08000035,6,0,1,0,1,19,7,3,0,0,0,1,0,0,0,0,1,7,23
2024131471142,2024,131471142,410045,423100,-1.84932,53.70424,3,3,2,14:15,-1,E08000033,6,0,1,0,1,19,3,7,0,0,0,1,0,0,0,0,1,7,22
2024131471162,2024,131471162,421867,423467,-1.67021,53.70718,3,3,3,10:00,-1,E08000034,6,0,1,0,1,19,1,5,0,0,0,1,0,0,0,0,0,7,23
2024131471202,2024,131471202,426103,421814,-1.60618,53.69213,3,3,4,15:22,-1,E08000034,3,0,1,0,2,19,5,3,0,0,0,1,0,0,0,0,1,6,12
2024131471310,2024,131471310,424761,434441,-1.6255,53.80568,3,3,1,16:00,-1,E08000035,6,0,1,0,1,19,3,7,0,0,0,1,0,0,0,0,1,7,21
2024131471332,2024,131471332,416080,434910,-1.75729,53.81023,3,3,3,11:22,-1,E08000032,3,0,1,0,1,"[9, 15]","[4, 6]","[8, 2]",0,0,0,1,0,1,0,0,0,7,23
2024131471339,2024,131471339,428993,430435,-1.56161,53.76946,3,3,3,17:30,-1,E08000035,6,0,1,0,1,"[12, 19]","[1, 5]","[3, 5]",0,0,0,1,0,1,0,0,0,7,23
2024131471344,2024,131471344,443648,412107,-1.34186,53.60372,2,2,3,16:58,-1,E08000036,3,0,1,0,2,19,8,4,10,7,2,1,0,0,0,0,0,7,23
2024131471346,2024,131471346,433529,417050,-1.49424,53.64889,2,2,6,07:00,-1,E08000036,3,0,1,0,1,"[12, 19]","[7, 3]","[5, 7]",0,"[7, 0]",0,1,1,0,0,0,0,7,19
2024131471375,2024,131471375,416695,434872,-1.74795,53.80987,3,3,5,15:15,-1,E08000032,6,0,1,0,1,"[19, 5]",3,3,0,0,0,1,0,0,0,0,0,6,20
2024131471413,2024,131471413,416333,408884,-1.75481,53.5763,2,"[3, 2]",3,23:06,-1,E08000034,3,2,1,0,1,"[-1, 19]","[-1, 1]","[-1, 5]","[-1, 0]","[-1, 0]",0,1,0,0,0,0,0,7,23
2024131471548,2024,131471548,417521,435564,-1.73537,53.81607,3,3,2,15:10,-1,E08000032,3,0,1,0,1,-1,-1,-1,-1,-1,-1,0,0,0,0,1,1,7,22
2024131471681,2024,131471681,406096,441332,-1.90878,53.86816,3,3,4,13:10,-1,E08000032,6,0,1,0,1,"[5, 19]","[3, 5]","[7, 1]",0,0,0,1,0,0,1,0,0,7,24
2024131471723,2024,131471723,419298,433158,-1.70853,53.79438,3,3,4,14:00,-1,E08000032,6,0,1,0,1,"[19, 9]","[2, 1]","[6, 5]",0,0,0,1,1,0,0,0,0,7,24
2024131471759,2024,131471759,415087,432161,-1.7725,53.78556,3,3,1,12:50,-1,E08000032,3,0,1,0,1,"[9, -1]","[6, -1]","[8, -1]","[0, -1]","[0, -1]","[0, -1]",1,0,0,0,0,0,7,21
2024131471772,2024,131471772,420036,410434,-1.69878,53.59011,3,3,4,16:02,-1,E08000034,3,0,1,0,2,"[10, 19]",1,1,0,0,0,1,1,0,0,0,0,7,24
2024131471798,2024,131471798,429913,420643,-1.5486,53.6814,2,2,4,14:38,-1,E08000036,3,0,1,0,1,"[19, 5]","[7, 3]","[3, 7]",0,0,0,1,0,1,0,0,0,7,24
2024131471816,2024,131471816,431705,421477,-1.52138,53.68879,2,2,4,18:22,-1,E08000036,6,0,1,0,1,"[9, 19]",5,1,0,"[7, 0]","[2, 0]",1,0,1,0,0,0,7,24
2024131471846,2024,131471846,438387,430311,-1.41911,53.76774,3,3,4,18:01,-1,E08000035,3,0,1,0,2,"[14, 9]","[5, 7]","[1, 3]",2,0,0,1,0,1,0,0,0,7,24
2024131471959,2024,131471959,425019,433160,-1.62168,53.79415,2,2,3,09:55,-1,E08000035,3,0,1,0,1,19,"[5, 4]","[1, 8]",0,0,0,1,1,0,0,0,0,7,23
2024131472046,2024,131472046,430806,435354,-1.53362,53.81356,3,3,3,09:00,-1,E08000035,6,0,2,1,1,-1,-1,-1,-1,-1,0,1,0,0,0,0,1,7,9
2024131472071,2024,131472071,427723,436481,-1.58034,53.82387,3,3,3,22:30,-1,E08000035,3,2,1,0,1,5,1,5,0,0,0,1,0,0,0,0,1,7,23
2024131472142,2024,131472142,414007,438334,-1.78861,53.84107,3,3,4,08:02,-1,E08000032,6,0,1,0,1,"[19, 3]",8,3,0,0,0,1,0,0,0,1,1,7,24
2024131472152,2024,131472152,431454,435112,-1.5238,53.81135,3,3,7,20:30,-1,E08000035,3,2,1,0,1,-1,-1,-1,-1,-1,-1,1,0,0,0,0,1,7,20
2024131472154,2024,131472154,441166,425583,-1.37758,53.72503,3,3,5,16:22,-1,E08000036,3,0,1,0,1,"[9, 19]","[1, 3]","[5, 7]",0,0,0,1,1,0,0,0,0,7,25
2024131472170,2024,131472170,429015,426412,-1.56165,53.7333,3,3,5,16:30,-1,E08000035,1,0,1,0,1,"[4, 19]",7,3,0,0,0,1,0,0,0,0,0,7,25
2024131472188,2024,131472188,428771,434631,-1.56459,53.80718,2,2,5,18:45,-1,E08000035,6,0,1,0,1,"[5, 19]","[1, 2]","[5, 2]",0,"[7, 0]",0,1,0,0,0,0,0,7,25
2024131472207,2024,131472207,434106,436878,-1.48333,53.82706,1,1,5,14:37,-1,E08000035,3,0,1,0,2,19,6,2,0,0,0,1,1,0,0,0,0,7,25
2024131472215,2024,131472215,433627,436743,-1.49062,53.82587,2,2,5,17:31,-1,E08000035,6,0,1,0,1,1,3,7,0,0,0,1,0,0,0,0,1,7,25
2024131472229,2024,131472229,404172,442068,-1.93803,53.8748,2,2,4,22:10,-1,E08000032,6,2,1,0,2,"[15, 19]",8,4,0,0,0,1,0,0,0,0,0,7,24
2024131472333,2024,131472333,409183,425314,-1.86231,53.72415,2,2,6,09:28,-1,E08000033,3,0,1,0,1,"[19, 12]",6,2,"[0, 11]",0,0,1,1,0,0,0,0,7,26
2024131472365,2024,131472365,425816,434169,-1.6095,53.80318,3,3,4,18:00,-1,E08000035,3,0,1,0,1,"[2, 19]",3,7,0,0,0,1,1,0,0,0,0,7,24
2024131472435,2024,131472435,415536,416278,-1.76648,53.64279,2,2,6,06:18,-1,E08000034,3,0,1,0,1,19,3,7,0,6,0,1,0,0,0,0,1,7,26
2024131472450,2024,131472450,417100,433015,-1.7419,53.79317,3,3,6,10:50,-1,E08000032,3,0,1,0,1,"[7, 5]",1,7,0,"[1, 0]",0,1,1,0,0,0,0,7,26
2024131472470,2024,131472470,431108,417207,-1.53085,53.65045,3,3,6,13:35,-1,E08000036,3,0,1,0,2,"[7, 3]",7,3,0,0,0,1,0,1,0,0,0,7,26
2024131472516,2024,131472516,442538,445850,-1.354,53.90707,3,3,2,16:10,-1,E08000035,6,0,1,0,2,-1,-1,-1,-1,-1,-1,1,0,0,0,0,1,7,22
2024131472592,2024,131472592,414244,434290,-1.7852,53.80471,3,3,6,20:37,-1,E08000032,6,0,1,0,1,19,7,3,0,1,0,1,0,0,0,0,1,7,26
2024131472597,2024,131472597,406048,441707,-1.9095,53.87154,1,1,6,16:51,-1,E08000032,3,0,8,0,1,"[9, 13]","[8, 1]","[1, 8]",0,0,0,1,0,1,0,0,0,7,26
2024131472601,2024,131472601,414265,431639,-1.785,53.78089,3,3,6,19:16,-1,E08000032,3,0,1,0,1,"[13, 9]",2,6,0,0,0,1,0,0,0,0,0,7,26
2024131472643,2024,131472643,400777,426337,-1.9897,53.73342,3,3,7,00:40,-1,E08000033,6,2,1,0,2,"[2, 19]","[0, 8]","[0, 4]","[0, 4]",0,0,1,0,0,0,0,0,7,27
2024131472673,2024,131472673,424585,420405,-1.62928,53.67953,3,3,6,22:53,-1,E08000034,6,2,1,0,1,"[1, 19, 2]","[7, 1, 0]","[3, 5, 0]","[0, 4]",0,0,1,0,0,0,0,0,7,26
2024131472686,2024,131472686,442412,427614,-1.35842,53.74319,2,2,7,06:06,-1,E08000035,6,0,1,0,2,19,5,1,0,0,0,0,0,1,0,0,0,7,27
2024131472703,2024,131472703,428091,433559,-1.57501,53.79758,3,3,7,08:42,-1,E08000035,3,0,1,0,1,19,3,3,0,0,0,0,0,1,0,0,0,7,27
2024131472777,2024,131472777,409736,403851,-1.85459,53.53123,2,2,7,10:32,-1,E08000034,6,0,1,0,2,19,5,1,0,0,0,0,0,1,0,0,0,7,27
2024131472792,2024,131472792,429141,433089,-1.55912,53.7933,3,3,4,16:39,-1,E08000035,6,0,1,0,1,"[9, 19]","[1, 7]",3,0,0,0,1,0,0,0,0,0,7,24