collision_index,collision_year,collision_ref_no,location_easting_osgr,location_northing_osgr,longitude,latitude,casualty_severity,casualty_severity,day_of_week,time,local_authority_district,local_authority_ons_district,first_road_class,light_conditions,weather_conditions,road_surface_conditions,urban_or_rural_area,vehicle_manoeuvre,vehicle_direction_from,vehicle_direction_to,hit_object_in_carriageway,vehicle_leaving_carriageway,hit_object_off_carriageway,is_car,is_cyle,is_mcyle,is_goodsv,is_other,is_pedestrian,month,day
2024131472811,2024,131472811,416995,433005,-1.7435,53.79308,3,3,6,18:12,-1,E08000032,3,0,1,0,1,"[-1, 19]","[-1, 1]","[-1, 1]","[-1, 0]","[-1, 0]",0,1,0,0,0,0,0,7,26
2024131472816,2024,131472816,408102,425742,-1.87868,53.72802,2,2,6,14:01,-1,E08000033,6,0,1,0,1,"[7, 19]",8,4,0,0,0,1,1,0,0,0,0,7,26
2024131472818,2024,131472818,408651,425115,-1.87038,53.72237,3,3,7,12:55,-1,E08000033,6,0,1,0,1,19,"[3, 5]","[7, 1]",0,0,0,1,0,0,0,0,0,7,27
2024131472889,2024,131472889,434005,438804,-1.48465,53.84437,3,3,7,18:45,-1,E08000035,3,0,1,0,2,19,"[2, 8]","[6, 4]",0,0,0,1,1,0,0,0,0,7,27
2024131472909,2024,131472909,426513,435654,-1.59879,53.8165,3,3,7,15:40,-1,E08000035,4,0,1,0,1,"[9, 19]","[7, 3]","[3, 7]",0,0,0,1,0,1,0,0,0,7,27
2024131472921,2024,131472921,415765,430600,-1.76229,53.77151,2,"[2, 3]",7,21:30,-1,E08000032,3,2,1,0,1,"[9, 19]","[7, 3]","[5, 7]",0,"[7, 0]",0,1,0,0,0,0,0,7,27
2024131472926,2024,131472926,406207,438586,-1.90715,53.84348,3,3,7,23:37,-1,E08000032,6,2,1,0,2,19,1,1,11,0,0,1,0,0,0,0,0,7,27
2024131472931,2024,131472931,416200,432795,-1.75558,53.79122,3,3,1,01:52,-1,E08000032,3,2,1,0,1,19,1,5,0,0,0,1,0,0,0,0,0,7,28
2024131472932,2024,131472932,420194,429009,-1.6952,53.75705,3,3,7,22:10,-1,E08000034,6,2,1,0,1,"[19, 6]","[5, 7]","[1, 3]",0,"[0, 7]",0,1,0,0,0,0,0,7,27
2024131472944,2024,131472944,446357,422477,-1.29938,53.69668,3,3,7,22:13,-1,E08000036,3,2,8,0,1,"[19, 9]","[7, 3]","[3, 7]",0,0,0,1,0,1,0,0,0,7,27
2024131472953,2024,131472953,443391,422075,-1.34436,53.69332,2,2,1,11:40,-1,E08000036,4,0,1,0,2,19,3,7,0,0,0,1,1,0,0,0,0,7,21
2024131472966,2024,131472966,449501,413240,-1.25324,53.61338,2,2,1,06:20,-1,E08000036,3,0,1,0,2,"[19, 9]","[7, 1]","[3, 5]",0,0,0,1,0,0,0,0,0,7,28
2024131473031,2024,131473031,444901,421397,-1.32159,53.6871,3,3,1,07:07,-1,E08000036,3,0,1,0,1,19,"[1, 5]","[5, 1]",0,0,0,1,0,0,0,0,0,7,28
2024131473070,2024,131473070,405946,441060,-1.91107,53.86572,2,2,1,12:13,-1,E08000032,6,0,1,0,1,"[7, 19]","[5, 7]","[1, 3]",0,0,0,1,0,0,0,1,0,7,28
2024131473072,2024,131473072,441733,414593,-1.37046,53.62621,3,3,1,13:04,-1,E08000036,6,0,1,0,2,"[2, 1]",7,3,"[0, 4]",0,0,1,0,0,0,0,0,7,28
2024131473090,2024,131473090,431262,436330,-1.52659,53.82231,3,3,1,14:14,-1,E08000035,4,0,1,0,1,"[7, 19]","[3, 1]",5,0,0,0,1,0,0,0,0,0,7,28
2024131473243,2024,131473243,434292,418488,-1.48254,53.66176,3,3,5,14:55,-1,E08000036,6,0,1,0,1,"[-1, 3]","[-1, 0]","[-1, 0]","[-1, 0]","[-1, 0]",0,0,1,0,1,0,0,6,27
2024131473439,2024,131473439,426832,441392,-1.59345,53.86805,2,2,2,10:50,-1,E08000035,3,0,1,0,2,5,1,1,0,0,0,1,0,0,0,0,1,7,29
2024131473480,2024,131473480,406246,425111,-1.90682,53.72237,3,3,7,11:43,-1,E08000033,6,0,1,0,2,"[9, 19]","[4, 2]","[3, 6]",0,0,0,1,1,0,0,0,0,7,27
2024131473493,2024,131473493,410513,421131,-1.84229,53.68653,3,3,1,13:40,-1,E08000033,4,0,1,0,1,19,"[7, 3]","[3, 7]",0,0,0,1,0,0,0,0,0,7,28
2024131473545,2024,131473545,427743,436443,-1.58004,53.82352,3,3,2,16:46,-1,E08000035,3,0,1,0,1,"[7, 19]",5,1,0,0,0,1,1,0,0,0,0,7,29
2024131473571,2024,131473571,435415,436679,-1.46347,53.82518,2,2,2,15:42,-1,E08000035,6,0,1,0,1,"[19, 5]","[1, 3]","[5, 7]",0,0,0,1,0,1,0,0,0,7,29
2024131473612,2024,131473612,404994,411506,-1.92601,53.6001,3,3,2,21:45,-1,E08000034,3,2,1,0,2,19,5,1,0,0,0,1,0,0,0,0,1,7,29
2024131473622,2024,131473622,421862,443003,-1.66891,53.88276,2,2,2,22:15,-1,E08000035,6,2,1,0,2,19,1,2,0,3,11,1,0,0,0,0,0,7,29
2024131473746,2024,131473746,417066,431730,-1.74249,53.78162,3,3,2,09:05,-1,E08000032,6,0,1,0,1,"[19, 3]",5,1,0,0,0,1,0,0,0,0,0,7,29
2024131473865,2024,131473865,431312,432105,-1.52626,53.78433,3,3,3,12:00,-1,E08000035,6,0,1,0,1,19,"[1, 7]","[5, 3]",0,0,0,1,1,0,0,0,0,7,30
2024131473909,2024,131473909,427769,420290,-1.58109,53.67834,3,3,3,12:30,-1,E08000036,6,0,1,0,1,1,1,5,0,0,0,1,0,0,0,0,1,7,30
2024131473966,2024,131473966,445952,422250,-1.30555,53.69468,3,3,3,15:25,-1,E08000036,6,0,1,0,1,"[2, 19]","[0, 8]","[0, 4]",0,0,0,1,1,0,0,0,0,7,30
2024131473967,2024,131473967,415990,433226,-1.75874,53.7951,2,2,3,15:20,-1,E08000032,6,0,1,0,1,19,5,3,0,0,0,1,0,0,0,0,1,7,30
2024131473978,2024,131473978,427152,432531,-1.58936,53.78839,2,"[2, 3]",2,08:39,-1,E08000035,6,0,1,0,1,"[9, -1]","[7, -1]","[3, -1]","[0, -1]","[0, -1]","[0, -1]",1,0,0,1,0,0,7,29
2024131473984,2024,131473984,415879,433949,-1.76039,53.8016,3,3,3,15:49,-1,E08000032,3,0,1,0,1,"[3, -1]","[1, -1]","[5, -1]","[0, -1]","[0, -1]",0,1,0,0,0,0,0,7,30
2024131474009,2024,131474009,420856,440976,-1.68435,53.86459,2,2,3,14:18,-1,E08000035,6,0,1,0,1,19,7,3,0,0,0,1,1,0,0,0,0,7,30
2024131474055,2024,131474055,430550,419820,-1.53903,53.67396,3,3,4,15:55,-1,E08000036,6,0,1,0,1,"[9, 19]","[3, 7]","[1, 3]",0,0,0,1,1,0,0,0,0,6,19
2024131474058,2024,131474058,448379,420064,-1.26914,53.67481,3,3,2,09:11,-1,E08000036,6,0,1,0,2,19,3,7,0,0,0,1,0,0,0,0,0,7,29
2024131474060,2024,131474060,433229,433039,-1.49707,53.79261,3,3,1,16:40,-1,E08000035,6,0,1,0,1,-1,-1,-1,0,-1,0,1,0,0,0,0,1,6,9
2024131474063,2024,131474063,409261,425449,-1.86112,53.72536,3,3,7,11:29,-1,E08000033,6,0,1,0,1,"[5, 19]",1,5,0,0,0,1,0,0,0,0,0,7,27
2024131474065,2024,131474065,421619,433957,-1.67324,53.80147,3,3,1,09:15,-1,E08000035,3,0,1,0,1,"[19, 12]",5,1,"[0, 7]","[0, 1]",0,1,0,0,0,0,0,5,19
2024131474072,2024,131474072,415569,433413,-1.76512,53.79679,3,3,3,20:10,-1,E08000032,6,0,1,0,1,"[2, 19]","[0, 3]","[0, 7]","[4, 0]",0,0,1,0,0,0,0,0,7,30
2024131474078,2024,131474078,445214,411062,-1.31835,53.59419,2,2,3,18:21,-1,E08000036,4,0,1,0,1,19,3,7,0,"[0, 7]",0,1,0,1,0,0,0,7,30
2024131474289,2024,131474289,414497,417264,-1.78215,53.65168,3,3,2,12:52,-1,E08000034,3,0,1,0,1,-1,-1,-1,-1,-1,-1,1,0,0,0,0,1,7,29
2024131474328,2024,131474328,416154,433174,-1.75625,53.79463,3,3,6,18:30,-1,E08000032,6,0,1,0,1,"[19, -1]","[1, -1]","[5, -1]","[0, -1]","[0, -1]",0,1,0,0,1,0,0,6,21
2024131474415,2024,131474415,414463,431405,-1.78201,53.77878,3,3,1,14:15,-1,E08000032,6,0,1,0,1,19,6,2,0,0,0,1,0,0,0,0,1,7,28
2024131474432,2024,131474432,450437,414793,-1.23884,53.62725,2,2,4,15:15,-1,E08000036,3,0,1,0,2,19,5,1,0,0,0,1,0,0,0,0,0,7,31
2024131474450,2024,131474450,405569,439564,-1.91683,53.85228,3,3,3,12:53,-1,E08000032,3,0,1,0,1,19,2,6,0,"[0, 1]","[0, 11]",1,1,0,0,0,0,7,30
2024131474526,2024,131474526,395917,428086,-2.06339,53.74913,3,3,4,16:30,-1,E08000033,6,0,1,0,2,7,6,2,0,0,0,0,0,1,0,0,0,7,31
2024131474541,2024,131474541,416282,433428,-1.7543,53.79691,3,3,4,22:45,-1,E08000032,6,2,1,0,1,5,5,1,0,0,0,1,0,0,0,0,1,7,31
2024131474542,2024,131474542,406419,435182,-1.904,53.81289,3,3,5,00:05,-1,E08000032,3,2,1,0,2,19,8,4,0,7,11,1,0,0,0,0,0,8,1
2024131474560,2024,131474560,416384,434890,-1.75267,53.81004,2,"[3, 2]",5,05:30,-1,E08000032,3,0,2,1,1,19,"[2, 4]","[6, 8]",0,0,0,1,0,0,0,0,0,8,1
2024131474591,2024,131474591,409473,425802,-1.8579,53.72853,2,2,5,06:50,-1,E08000033,3,0,2,1,1,19,7,3,0,1,0,1,0,0,0,0,0,8,1
2024131474606,2024,131474606,431424,432716,-1.5245,53.78982,3,3,6,21:11,-1,E08000035,3,2,1,0,1,19,7,3,0,0,0,1,0,0,0,0,0,7,5
2024131474670,2024,131474670,430492,431741,-1.53874,53.78111,3,3,5,07:31,-1,E08000035,1,0,2,1,1,"[19, 9]","[3, 5]","[7, 1]",7,0,0,1,0,0,0,0,0,8,1
2024131474681,2024,131474681,414326,423611,-1.78444,53.70873,2,2,5,09:54,-1,E08000033,6,0,1,0,1,"[2, 4]","[0, 1]","[0, 5]","[0, 4]",0,0,1,0,0,0,0,0,8,1
2024131474707,2024,131474707,422415,432766,-1.66124,53.79073,3,3,4,14:00,-1,E08000035,6,0,1,0,1,"[-1, 19]","[-1, 1]","[-1, 5]","[-1, 0]","[-1, 0]",0,1,0,0,0,1,0,7,31
2024131474735,2024,131474735,440388,446601,-1.38662,53.91399,2,2,5,11:00,-1,E08000035,3,0,1,0,2,19,"[5, 1]","[1, 5]",0,0,0,1,0,0,0,0,0,8,1
2024131474852,2024,131474852,411734,433470,-1.82334,53.79741,2,2,5,13:26,-1,E08000032,6,0,1,0,1,"[9, 19]",1,1,0,0,0,1,0,0,0,0,0,8,1
2024131474881,2024,131474881,427938,433624,-1.57733,53.79818,3,3,5,18:22,-1,E08000035,3,0,1,0,1,"[9, 19]","[5, 3]","[3, 7]",0,0,0,1,0,0,0,0,0,8,1
2024131474933,2024,131474933,414045,434510,-1.78821,53.8067,3,3,5,20:25,-1,E08000032,4,0,1,0,1,"[2, -1, 19]","[0, -1, 8]","[0, -1, 3]","[0, -1, 4]","[0, -1, 1]",0,1,0,0,0,0,0,8,1
2024131474935,2024,131474935,409387,429493,-1.85909,53.76171,2,"[2, 3]",5,21:30,-1,E08000032,3,2,1,0,1,"[19, 2]","[1, 0]","[5, 0]",0,0,0,1,0,0,0,0,0,8,1
2024131474939,2024,131474939,438944,415245,-1.41255,53.63229,3,3,5,16:40,-1,E08000036,6,0,1,0,2,19,3,7,10,8,10,1,0,0,0,0,0,8,1
2024131474957,2024,131474957,423473,422759,-1.64594,53.70074,2,2,3,08:33,-1,E08000034,6,0,1,0,1,19,7,7,0,0,0,1,0,0,0,0,1,6,18
2024131474972,2024,131474972,425030,433143,-1.62152,53.794,2,"[2, 3]",6,06:05,-1,E08000035,3,0,1,0,1,"[3, 19]","[1, 3]","[5, 7]",0,0,0,1,0,0,0,0,0,8,2
2024131474975,2024,131474975,412685,431727,-1.80897,53.78172,2,"[2, 3]",4,09:09,-1,E08000032,6,0,1,0,1,"[19, 2]","[2, 1]",1,"[0, 4]",0,0,1,0,0,0,0,0,7,3
2024131475023,2024,131475023,441007,415804,-1.38128,53.63716,2,"[3, 2]",5,13:57,-1,E08000036,4,0,1,0,2,"[9, 19]","[2, 6]","[8, 2]",0,0,0,1,0,0,0,0,0,8,1
2024131475039,2024,131475039,449903,422054,-1.24575,53.69256,3,3,6,07:35,-1,E08000036,1,0,1,0,2,19,"[3, 7]","[7, 3]",0,0,0,1,0,0,0,0,0,8,2
2024131475113,2024,131475113,429941,431726,-1.54711,53.78101,1,1,6,09:35,-1,E08000035,6,0,1,0,1,1,1,5,0,0,0,1,0,0,0,0,1,8,2
2024131475124,2024,131475124,413814,424353,-1.79217,53.71541,3,3,4,17:40,-1,E08000033,6,0,1,0,1,"[13, 14]",7,3,0,0,0,1,1,0,0,0,0,7,31
2024131475144,2024,131475144,420692,423901,-1.68798,53.71112,3,3,5,07:45,-1,E08000034,3,0,2,1,1,5,5,5,7,0,0,1,0,0,0,0,0,8,1
2024131475226,2024,131475226,438260,434228,-1.42056,53.80295,3,3,6,14:19,-1,E08000035,6,0,1,0,2,"[19, 7]",5,1,0,"[0, 1]","[0, 1]",1,0,0,0,0,0,8,2
2024131475265,2024,131475265,421522,428484,-1.67509,53.75228,3,3,6,14:27,-1,E08000035,3,0,1,0,1,"[5, 19]","[1, 2]","[1, 6]",0,0,0,1,1,0,0,0,0,8,2
2024131475343,2024,131475343,432342,434965,-1.51033,53.80997,3,3,3,19:16,-1,E08000035,4,0,1,0,1,5,0,0,0,0,0,1,0,0,0,0,1,6,11
2024131475364,2024,131475364,428419,437356,-1.56968,53.83169,2,2,6,16:55,-1,E08000035,6,0,1,0,1,"[2, 19]","[0, 1]","[0, 5]","[0, 4]",0,0,1,0,0,0,0,0,8,2
2024131475420,2024,131475420,405715,441095,-1.91458,53.86604,3,3,7,04:35,-1,E08000032,6,0,1,0,1,"[2, 19]","[0, 3]","[0, 7]",0,0,0,1,0,0,0,0,0,8,3
2024131475457,2024,131475457,418226,431215,-1.72492,53.77695,3,3,7,08:01,-1,E08000032,6,0,1,0,1,"[19, 9]","[8, 6]",4,0,0,0,1,0,0,0,0,0,8,3
2024131475511,2024,131475511,434063,433240,-1.48439,53.79436,2,"[2, 3]",7,09:50,-1,E08000035,6,0,1,0,1,"[2, 1]","[8, 1]","[4, 5]",0,0,0,1,0,0,0,0,0,8,3
2024131475531,2024,131475531,415749,435421,-1.76229,53.81484,2,"[3, 2]",7,12:24,-1,E08000032,3,0,1,0,1,"[9, 19]",8,"[2, 4]",0,0,0,1,0,0,0,0,0,8,3
2024131475540,2024,131475540,430647,431832,-1.53638,53.78192,3,3,7,10:05,-1,E08000035,3,0,8,0,1,19,2,6,0,0,0,1,0,0,0,0,1,8,3
2024131475550,2024,131475550,441608,437444,-1.36929,53.8316,3,3,3,16:31,-1,E08000035,6,0,1,0,2,"[12, 19]",5,5,0,0,0,1,0,0,0,0,0,3,19
2024131475596,2024,131475596,436835,443862,-1.44104,53.88964,3,3,7,08:46,-1,E08000035,3,0,1,0,2,"[9, 19]","[7, 5]",3,0,0,0,1,0,0,0,0,0,8,3
2024131475599,2024,131475599,408820,422728,-1.86788,53.70091,3,3,7,19:01,-1,E08000033,6,0,1,0,1,19,1,5,0,0,0,1,0,0,0,0,0,8,3
2024131475609,2024,131475609,414212,432201,-1.78578,53.78594,2,2,7,18:15,-1,E08000032,6,0,1,0,1,"[2, 5]","[0, 7]","[0, 3]",0,0,0,1,0,0,0,0,1,8,3
2024131475620,2024,131475620,407932,424689,-1.88128,53.71855,2,2,7,20:09,-1,E08000033,6,0,1,0,1,"[19, 4]",1,1,0,0,0,1,0,0,0,0,0,8,3
2024131475633,2024,131475633,429327,434997,-1.55611,53.81044,2,"[2, 3]",7,19:52,-1,E08000035,3,0,1,0,1,19,5,1,0,0,0,0,0,1,0,0,1,8,3
2024131475639,2024,131475639,415743,436901,-1.7623,53.82814,3,3,7,16:07,-1,E08000032,6,0,1,0,1,19,1,1,0,0,0,0,0,1,0,0,0,8,3
2024131475644,2024,131475644,406160,433739,-1.90796,53.79992,3,3,7,22:30,-1,E08000032,4,2,1,0,2,19,3,7,0,0,0,1,0,0,0,0,0,8,3
2024131475687,2024,131475687,432757,420629,-1.50554,53.6811,2,2,7,22:16,-1,E08000036,3,2,1,0,1,19,7,3,0,0,0,1,0,0,0,0,1,8,3
2024131475699,2024,131475699,411903,447845,-1.82022,53.9266,2,2,7,12:16,-1,E08000032,3,0,1,0,1,19,1,5,0,0,0,1,0,0,0,0,1,8,3
2024131475712,2024,131475712,430786,433223,-1.53413,53.79441,3,3,1,07:23,-1,E08000035,3,0,1,0,1,19,"[5, 3]","[1, 7]",0,0,0,1,0,0,0,0,0,8,4
2024131475748,2024,131475748,432733,419036,-1.50607,53.66679,3,3,7,13:45,-1,E08000036,3,0,1,0,1,"[4, 19]",1,5,0,0,0,1,0,0,0,0,0,8,3
2024131475774,2024,131475774,440721,415585,-1.38564,53.63521,2,2,1,14:05,-1,E08000036,4,0,1,0,2,19,1,5,11,0,0,0,0,1,0,0,0,8,4
2024131475775,2024,131475775,430127,433942,-1.54407,53.80091,3,3,7,12:00,-1,E08000035,6,0,1,0,1,19,7,3,0,0,0,0,1,0,0,0,1,8,3
2024131475780,2024,131475780,438653,419229,-1.41646,53.66812,3,3,7,18:45,-1,E08000036,6,0,1,0,2,19,"[5, 1]","[1, 5]",0,0,0,1,1,0,0,0,0,8,3
2024131475794,2024,131475794,408568,424444,-1.87165,53.71634,3,3,7,18:05,-1,E08000033,6,0,1,0,1,"[-1, 19]","[-1, 7]","[-1, 3]","[-1, 0]","[-1, 0]","[-1, 0]",1,1,0,0,0,0,8,3
2024131475824,2024,131475824,424263,420408,-1.63415,53.67958,3,3,7,16:15,-1,E08000034,6,0,1,0,1,"[2, 19]","[0, 5]","[0, 1]",0,0,0,1,0,0,0,0,1,8,3
2024131475863,2024,131475863,415011,416454,-1.77441,53.64438,3,3,1,16:30,-1,E08000034,3,0,1,0,1,"[19, 9]",1,"[5, 2]",0,0,0,1,0,0,0,0,0,8,4
2024131475882,2024,131475882,418231,437040,-1.7245,53.82931,2,2,1,21:06,-1,E08000032,6,2,1,0,1,"[19, -1]","[1, -1]","[1, -1]","[0, -1]","[0, -1]","[0, -1]",1,0,1,0,0,0,8,4
2024131475888,2024,131475888,389521,423934,-2.16024,53.71172,1,1,1,18:11,-1,E08000033,3,0,1,0,2,19,8,3,10,0,0,0,1,0,0,0,0,8,4
2024131475900,2024,131475900,413590,435585,-1.79507,53.81637,2,2,7,18:00,-1,E08000032,6,0,1,0,1,-1,-1,-1,-1,-1,0,0,0,0,0,1,1,8,3
2024131475906,2024,131475906,414715,431219,-1.77819,53.7771,3,3,1,22:50,-1,E08000032,3,2,8,0,1,-1,-1,-1,-1,-1,0,1,0,0,0,0,0,8,4
2024131475914,2024,131475914,422027,433946,-1.66704,53.80135,3,3,1,22:27,-1,E08000035,3,2,1,0,1,19,5,1,0,0,0,1,0,1,0,0,0,8,4
2024131476098,2024,131476098,432297,420450,-1.51253,53.67952,3,3,7,19:45,-1,E08000036,6,0,1,0,1,"[3, 19]",7,3,0,0,0,1,0,0,0,0,0,8,3
2024131476155,2024,131476155,427614,437029,-1.58194,53.8288,2,2,2,07:09,-1,E08000035,6,0,1,0,1,"[2, 13]",5,1,0,0,0,1,1,0,0,0,0,8,5
2024131476159,2024,131476159,414678,423277,-1.77913,53.70572,3,3,2,12:38,-1,E08000033,3,0,1,0,1,"[2, 19]","[0, 1]","[0, 5]",0,0,0,1,0,0,0,0,1,8,5
2024131476256,2024,131476256,442993,431868,-1.34902,53.78137,3,3,2,16:47,-1,E08000035,3,0,1,0,2,4,1,3,0,0,0,1,0,0,0,0,0,8,5
2024131476279,2024,131476279,410619,416181,-1.84085,53.64204,2,2,2,21:55,-1,E08000034,6,2,1,0,1,19,5,1,0,0,0,1,0,1,0,0,0,8,5
2024131476310,2024,131476310,447093,424633,-1.28791,53.71599,3,3,2,11:21,-1,E08000036,4,0,1,0,2,"[19, 10]",7,3,0,0,0,1,0,0,0,0,0,8,5
2024131476326,2024,131476326,410912,434890,-1.83577,53.81019,3,3,2,13:45,-1,E08000032,6,0,1,0,1,19,"[4, 1]","[3, 6]",0,0,0,1,0,0,0,0,0,8,5
2024131476334,2024,131476334,412875,417219,-1.80669,53.65132,3,3,6,16:35,-1,E08000034,3,0,1,0,1,"[2, 19]",1,1,0,0,0,1,1,0,0,0,0,6,28
2024131476498,2024,131476498,430551,435141,-1.53751,53.81166,3,3,1,14:30,-1,E08000035,3,0,9,0,1,"[3, -1]","[1, -1]","[5, -1]","[0, -1]","[0, -1]","[0, -1]",1,0,0,0,0,0,8,4
2024131476577,2024,131476577,412888,407990,-1.80687,53.56836,3,3,3,12:05,-1,E08000034,3,0,1,0,1,"[2, 19]","[0, 7]","[0, 4]","[0, 4]",0,0,1,0,0,0,0,0,8,6
2024131476641,2024,131476641,419032,431911,-1.71264,53.78318,2,2,3,16:00,-1,E08000032,6,0,1,0,1,19,1,5,0,0,0,1,0,0,0,0,1,8,6
2024131476661,2024,131476661,418618,436565,-1.71865,53.82502,2,2,3,18:05,-1,E08000032,6,0,1,0,1,19,1,5,0,0,0,1,0,0,0,0,1,8,6
2024131476678,2024,131476678,424592,432497,-1.62822,53.78822,3,3,3,19:15,-1,E08000035,6,2,1,0,1,"[19, 9]","[3, 5]","[7, 3]",0,0,0,1,0,0,0,0,0,8,6
2024131476687,2024,131476687,426356,421314,-1.60239,53.68762,2,2,3,20:17,-1,E08000034,6,0,1,0,1,19,1,1,0,0,0,1,0,0,0,0,1,8,6
2024131476705,2024,131476705,415247,437098,-1.76983,53.82992,3,3,4,00:49,-1,E08000032,6,2,1,0,1,19,2,5,4,0,0,1,0,0,0,0,1,8,7
2024131476708,2024,131476708,427171,435907,-1.58877,53.81874,2,2,4,00:11,-1,E08000035,6,2,1,0,1,"[2, 19]","[1, 5]","[5, 1]","[0, 4]",0,0,1,0,0,0,0,0,8,7
2024131476723,2024,131476723,449077,423823,-1.25798,53.70853,2,2,4,05:35,-1,E08000036,4,0,1,0,1,19,5,1,0,0,0,0,0,1,0,0,0,8,7
2024131476781,2024,131476781,406047,441586,-1.90952,53.87045,3,3,4,08:37,-1,E08000032,3,0,1,0,1,9,7,5,0,1,0,1,0,0,0,0,1,8,7
2024131476789,2024,131476789,432347,426038,-1.51119,53.72974,3,3,4,07:50,-1,E08000035,1,0,1,0,2,"[9, 7]","[3, 7]","[1, 5]",0,0,0,1,0,0,1,0,0,8,7
2024131477002,2024,131477002,448254,412218,-1.27224,53.60431,3,3,3,05:45,-1,E08000036,6,0,2,1,1,"[19, 6]","[3, 5]","[7, 3]",0,0,0,1,0,0,0,0,0,8,6
2024131477023,2024,131477023,424333,421665,-1.633,53.69087,2,2,4,13:12,-1,E08000034,6,0,1,0,1,"[19, 9]","[3, 2]","[7, 6]",0,0,0,1,0,1,0,0,0,8,7
2024131477026,2024,131477026,439912,420087,-1.39729,53.67573,2,2,4,13:05,-1,E08000036,6,0,1,0,2,"[13, 12]",3,7,0,0,0,1,1,0,0,0,0,8,7
2024131477027,2024,131477027,412072,434137,-1.81818,53.80339,3,3,3,19:50,-1,E08000032,6,0,1,0,1,-1,-1,-1,-1,-1,-1,1,0,0,0,0,1,8,6
2024131477038,2024,131477038,430078,431187,-1.54508,53.77615,2,2,7,13:45,-1,E08000035,3,0,1,0,1,19,7,7,0,0,0,1,0,0,0,0,0,8,3
2024131477072,2024,131477072,445527,421228,-1.31213,53.68553,2,2,4,18:21,-1,E08000036,6,0,1,0,1,7,3,7,0,0,0,1,0,0,0,0,1,8,7
2024131477195,2024,131477195,420293,419473,-1.69432,53.67134,3,3,5,07:35,-1,E08000034,6,0,8,0,1,"[19, 9]","[1, 7]",5,0,0,0,1,0,0,0,0,0,8,8
2024131477374,2024,131477374,439667,420533,-1.40095,53.67976,3,3,4,17:45,-1,E08000036,6,0,1,0,2,"[19, -1]","[7, -1]","[3, -1]","[0, -1]","[0, -1]",0,1,1,0,0,0,0,8,7
2024131477377,2024,131477377,403735,436890,-1.94474,53.82826,2,"[3, 2]",4,18:16,-1,E08000032,3,0,1,0,1,19,"[5, 1, 7]","[1, 5, 3]",0,0,0,1,0,0,0,0,0,8,7
2024131477394,2024,131477394,434922,433428,-1.47133,53.79599,3,3,2,12:29,-1,E08000035,4,0,1,0,1,-1,-1,-1,-1,-1,-1,0,0,0,1,0,1,8,5
2024131477422,2024,131477422,424113,432066,-1.63552,53.78436,3,3,7,18:00,-1,E08000035,6,0,1,0,1,"[9, 13]",5,"[1, 2]",0,0,0,1,0,1,0,0,0,8,3
2024131477538,2024,131477538,438009,413162,-1.42694,53.61364,2,2,5,19:55,-1,E08000036,4,0,2,1,2,"[19, 5]","[1, 3]","[5, 7]","[11, 0]",0,0,1,0,0,0,0,0,8,8
2024131477549,2024,131477549,405781,423314,-1.9139,53.70622,3,3,3,13:47,-1,E08000033,6,0,1,0,1,19,"[5, 1]","[1, 5]","[0, 11]",0,0,1,0,0,0,0,0,8,6
2024131477555,2024,131477555,429965,433232,-1.54659,53.79454,2,2,5,17:35,-1,E08000035,6,0,2,1,1,19,"[1, 5]","[5, 1]",2,"[7, 0]","[1, 0]",1,0,0,0,0,1,8,8
2024131477558,2024,131477558,407917,424910,-1.8815,53.72054,3,3,5,22:00,-1,E08000033,6,2,2,1,1,19,"[1, 3]","[5, 7]",2,0,0,1,0,0,0,0,0,8,8
2024131477567,2024,131477567,403686,417359,-1.94571,53.65272,3,3,5,23:02,-1,E08000033,3,2,1,1,2,19,1,1,0,1,11,1,0,0,0,0,0,8,8
2024131477601,2024,131477601,428098,434516,-1.57482,53.80618,3,3,6,06:40,-1,E08000035,6,0,1,0,1,"[9, 19]","[7, 1]","[1, 5]",0,0,0,1,1,0,0,0,0,8,9
2024131477645,2024,131477645,406332,440552,-1.90521,53.86115,3,3,6,09:50,-1,E08000032,6,0,1,1,1,"[19, 2]","[2, 5]","[6, 1]",0,0,0,1,0,0,0,0,0,8,9
2024131477701,2024,131477701,425021,438148,-1.62125,53.83898,2,2,6,09:35,-1,E08000035,6,0,1,0,1,19,1,5,0,0,0,1,0,0,0,0,1,8,9
2024131477769,2024,131477769,429442,432076,-1.55464,53.78418,2,2,6,11:00,-1,E08000035,6,0,4,0,1,"[19, 4, 10]","[5, 6]","[1, 6, 5]",0,0,0,1,0,0,0,0,0,8,9
2024131477793,2024,131477793,422649,441640,-1.65704,53.87048,2,"[3, 2]",6,11:51,-1,E08000035,6,0,1,0,1,19,"[7, 3]","[3, 7]",0,0,0,1,0,0,0,0,0,8,9
2024131477821,2024,131477821,422897,421074,-1.65478,53.68562,3,3,5,14:26,-1,E08000034,6,0,1,0,1,"[2, 5]","[5, 3]",1,0,0,0,1,0,0,0,0,0,8,8
2024131477847,2024,131477847,414095,434456,-1.78745,53.80621,2,2,6,15:47,-1,E08000032,6,2,1,0,1,"[19, 4]","[7, 3]","[3, 7]",0,0,0,1,0,0,0,0,1,8,9
2024131477951,2024,131477951,428824,430318,-1.56419,53.76841,2,2,6,18:19,-1,E08000035,6,0,1,0,1,-1,-1,-1,-1,-1,-1,1,0,0,0,0,1,8,9
2024131477968,2024,131477968,408996,426385,-1.86511,53.73378,3,3,6,19:36,-1,E08000033,3,0,1,0,1,"[5, 2]","[3, 1]","[1, 5]",0,"[1, 0]",0,1,0,0,0,0,1,8,9