collision_index,collision_year,collision_ref_no,location_easting_osgr,location_northing_osgr,longitude,latitude,casualty_severity,casualty_severity,day_of_week,time,local_authority_district,local_authority_ons_district,first_road_class,light_conditions,weather_conditions,road_surface_conditions,urban_or_rural_area,vehicle_manoeuvre,vehicle_direction_from,vehicle_direction_to,hit_object_in_carriageway,vehicle_leaving_carriageway,hit_object_off_carriageway,is_car,is_cyle,is_mcyle,is_goodsv,is_other,is_pedestrian,month,day
2024131477977,2024,131477977,390111,426154,-2.15137,53.73168,3,3,6,18:14,-1,E08000033,6,0,1,0,2,-1,-1,-1,-1,-1,0,1,0,0,0,0,1,8,9
2024131477987,2024,131477987,410146,430196,-1.84756,53.76801,2,"[3, 2]",7,00:03,-1,E08000032,3,2,1,0,1,"[12, 19]","[3, 2]","[4, 3]",0,0,0,1,0,0,0,0,0,8,10
2024131477994,2024,131477994,393585,423993,-2.09867,53.71232,2,2,6,23:12,-1,E08000033,3,2,1,0,1,-1,-1,-1,-1,-1,0,1,0,0,0,0,1,8,9
2024131478037,2024,131478037,418693,432680,-1.71774,53.7901,2,2,7,04:55,-1,E08000032,3,0,1,0,1,"[19, 9]","[5, 3]",1,0,1,"[11, 0]",1,0,0,0,0,0,8,10
2024131478054,2024,131478054,409481,424788,-1.85781,53.71942,3,3,2,14:50,-1,E08000033,6,0,1,0,1,19,"[7, 5]","[3, 1]",0,0,0,1,0,1,0,0,0,6,24
2024131478122,2024,131478122,414918,422914,-1.77551,53.70245,3,3,7,10:45,-1,E08000033,3,0,1,0,1,"[19, 10]",1,1,11,"[1, 0]",0,1,0,0,0,0,0,8,10
2024131478145,2024,131478145,416721,420006,-1.74835,53.67626,3,3,7,12:20,-1,E08000034,6,0,1,0,1,19,7,3,10,0,0,0,0,1,0,0,0,8,10
2024131478158,2024,131478158,414041,432271,-1.78837,53.78657,3,3,7,12:43,-1,E08000032,6,0,2,1,1,19,"[1, 5]","[5, 1]",0,"[0, 7]",0,1,0,0,0,0,0,8,10
2024131478183,2024,131478183,428750,432722,-1.56509,53.79003,3,3,7,12:20,-1,E08000035,3,0,1,0,1,"[7, 19]",1,1,0,0,0,1,0,0,0,0,0,8,10
2024131478196,2024,131478196,421873,414164,-1.67077,53.62356,2,2,7,16:23,-1,E08000034,6,0,1,0,2,19,8,4,11,0,0,0,0,1,0,0,0,8,10
2024131478207,2024,131478207,433483,445023,-1.49191,53.9003,3,3,7,16:25,-1,E08000035,3,0,1,0,2,"[2, 19]","[0, 7]","[0, 3]",0,"[0, 1]",0,1,0,0,0,0,0,8,10
2024131478209,2024,131478209,407903,425147,-1.88171,53.72267,3,3,7,12:20,-1,E08000033,6,0,2,1,1,19,"[2, 8]","[6, 4]",0,0,0,1,0,0,0,0,0,8,10
2024131478227,2024,131478227,415080,432157,-1.77261,53.78552,3,3,7,15:38,-1,E08000032,3,0,1,0,1,19,"[7, 5]","[3, 1]",0,0,0,1,0,0,0,0,0,8,10
2024131478269,2024,131478269,411219,448063,-1.83063,53.92858,3,3,7,17:42,-1,E08000032,6,0,1,0,1,"[2, 19]","[0, 5]","[0, 1]","[0, 4]",0,0,1,0,0,0,1,0,8,10
2024131478278,2024,131478278,425747,421737,-1.61158,53.69145,3,3,6,19:30,-1,E08000034,3,2,1,0,1,"[19, 9]","[7, 4]","[3, 7]",0,0,0,1,0,1,0,0,0,8,9
2024131478345,2024,131478345,434263,433257,-1.48135,53.7945,3,3,1,01:06,-1,E08000035,6,2,1,0,1,9,1,5,0,3,11,1,0,0,0,0,0,8,11
2024131478381,2024,131478381,421991,446011,-1.66673,53.90979,3,3,1,01:57,-1,E08000035,3,2,1,0,2,19,3,2,11,1,1,1,0,0,0,0,0,8,11
2024131478412,2024,131478412,411339,430451,-1.82945,53.77028,3,3,1,09:10,-1,E08000032,3,0,1,0,1,19,"[7, 1]","[1, 7]",0,0,0,1,0,0,1,0,0,8,11
2024131478420,2024,131478420,428048,430705,-1.57592,53.77194,3,3,7,15:00,-1,E08000035,6,0,1,0,1,"[3, 19]","[3, 7]","[7, 3]",0,0,0,1,0,0,0,1,0,8,10
2024131478461,2024,131478461,425231,426676,-1.61899,53.73587,2,2,1,12:47,-1,E08000035,1,0,1,0,1,"[4, 19]",3,7,0,0,0,1,0,0,0,0,0,8,11
2024131478498,2024,131478498,402915,410957,-1.95743,53.59518,3,3,1,11:29,-1,E08000034,3,0,1,0,2,19,5,1,0,0,0,1,0,1,0,0,0,8,11
2024131478506,2024,131478506,419201,431490,-1.7101,53.77939,3,3,7,16:20,-1,E08000032,6,0,1,0,1,19,6,2,0,"[0, 1]",0,1,1,0,0,0,0,8,10
2024131478598,2024,131478598,432718,422331,-1.50595,53.6964,3,3,1,22:42,-1,E08000036,6,2,1,0,1,7,5,1,0,4,1,1,0,0,0,0,0,8,11
2024131478639,2024,131478639,407120,427856,-1.89352,53.74703,2,2,1,14:47,-1,E08000033,6,0,1,0,1,"[19, 7]",3,7,0,"[0, 1]",0,1,0,1,0,0,0,8,11
2024131478715,2024,131478715,448644,419177,-1.26526,53.66682,3,3,1,19:15,-1,E08000036,3,0,1,0,2,"[19, 11]",1,5,0,0,0,1,0,0,0,0,0,8,11
2024131478729,2024,131478729,416684,433771,-1.74818,53.79998,3,3,1,14:30,-1,E08000032,3,0,1,0,1,19,4,8,0,0,0,1,0,0,0,0,0,8,11
2024131478758,2024,131478758,432394,426254,-1.51045,53.73168,3,3,2,11:15,-1,E08000035,1,0,1,0,2,"[19, 5]",1,5,0,0,0,1,0,0,1,0,0,8,12
2024131478874,2024,131478874,436112,435542,-1.45301,53.81491,2,2,1,18:45,-1,E08000035,3,0,1,0,1,19,"[1, 3]","[5, 7]",0,0,0,1,0,1,0,0,0,8,11
2024131478891,2024,131478891,407693,426064,-1.88487,53.73092,2,2,2,14:45,-1,E08000033,6,0,1,1,1,19,"[5, 1]","[1, 5]",0,0,0,1,1,0,0,0,0,8,12
2024131478909,2024,131478909,403246,416076,-1.95238,53.64119,3,3,1,19:45,-1,E08000033,1,0,1,0,2,19,3,7,0,0,0,1,0,0,0,0,0,8,11
2024131478917,2024,131478917,429364,420914,-1.55688,53.68386,3,3,2,12:57,-1,E08000036,3,0,1,0,2,"[3, 5]",8,2,0,0,0,1,0,0,0,0,0,8,12
2024131478950,2024,131478950,413271,437715,-1.79983,53.83552,2,2,2,20:25,-1,E08000032,3,0,1,0,1,19,3,7,0,0,0,1,0,0,0,0,1,8,12
2024131478956,2024,131478956,408292,428455,-1.87573,53.7524,3,3,1,19:47,-1,E08000033,6,0,1,0,1,"[9, 19]",1,"[2, 5]",0,"[7, 0]",0,1,1,0,0,0,0,8,11
2024131478978,2024,131478978,414682,422492,-1.7791,53.69866,3,3,2,21:42,-1,E08000033,3,2,1,0,1,19,"[3, 5]","[3, 5]",0,0,0,1,0,0,0,0,0,8,12
2024131478990,2024,131478990,416541,443341,-1.74984,53.886,3,3,3,00:55,-1,E08000032,6,2,1,0,2,19,6,2,0,0,0,1,0,0,0,0,0,8,13
2024131479003,2024,131479003,446341,423155,-1.29952,53.70278,3,3,1,20:17,-1,E08000036,6,0,8,0,1,19,1,5,0,8,0,1,0,0,0,0,0,8,11
2024131479004,2024,131479004,434162,418546,-1.4845,53.66229,2,"[3, 2]",7,22:24,-1,E08000036,3,2,1,0,1,"[19, 6]",5,1,0,0,0,1,0,1,0,0,0,6,22
2024131479048,2024,131479048,449489,413235,-1.25342,53.61334,3,3,3,08:02,-1,E08000036,3,0,1,0,2,9,"[7, 1]",5,0,0,0,1,1,0,0,0,0,8,13
2024131479190,2024,131479190,417060,424898,-1.74295,53.72022,3,3,3,10:41,-1,E08000034,1,0,1,0,2,"[2, 19]","[7, 3]","[3, 7]","[0, 4]",0,0,1,0,0,0,0,0,8,13
2024131479210,2024,131479210,432703,438253,-1.5045,53.8395,3,3,3,12:25,-1,E08000035,6,0,1,0,1,5,5,5,7,0,0,1,0,0,0,0,0,8,13
2024131479319,2024,131479319,433684,429620,-1.49053,53.76185,3,3,2,17:45,-1,E08000035,1,0,1,0,2,"[3, -1]","[1, -1]","[3, -1]","[0, -1]","[0, -1]","[0, -1]",1,0,0,0,0,0,8,12
2024131479362,2024,131479362,443708,411977,-1.34097,53.60254,3,3,3,18:15,-1,E08000036,4,0,1,0,2,"[4, 19]",5,1,0,0,0,1,0,0,0,0,0,8,13
2024131479417,2024,131479417,443184,418730,-1.34795,53.66328,3,3,3,15:47,-1,E08000036,4,0,1,0,2,19,"[5, 1]","[1, 5]","[0, 10]",0,0,1,0,0,0,0,0,8,13
2024131479424,2024,131479424,429592,433579,-1.55222,53.79768,3,3,2,08:02,-1,E08000035,6,0,2,1,1,9,1,5,0,0,0,1,0,0,0,0,1,8,12
2024131479445,2024,131479445,416052,431792,-1.75787,53.78221,2,2,7,07:35,-1,E08000032,3,0,1,0,1,"[5, 19]","[3, 5]","[7, 1]",0,0,0,1,0,0,0,0,0,8,10
2024131479530,2024,131479530,445193,421954,-1.31708,53.69208,2,2,4,08:00,-1,E08000036,3,0,1,0,1,"[2, 19]","[0, 1]","[0, 5]","[0, 4]","[0, 1]",0,1,0,0,0,0,0,8,14
2024131479608,2024,131479608,431400,426477,-1.5255,53.73374,2,"[2, 3]",4,10:47,-1,E08000035,1,0,1,0,1,19,5,1,0,0,0,1,0,0,0,0,0,8,14
2024131479624,2024,131479624,426228,431883,-1.60344,53.78262,3,3,4,12:56,-1,E08000035,3,0,1,0,1,4,1,3,0,0,0,1,0,0,0,0,0,8,14
2024131479679,2024,131479679,423823,442079,-1.63915,53.87437,2,"[3, 2]",3,18:45,-1,E08000035,6,2,2,1,2,19,5,1,0,7,11,1,0,0,0,0,0,8,13
2024131479716,2024,131479716,431014,430769,-1.53092,53.77234,3,3,4,16:15,-1,E08000035,6,0,1,0,1,"[9, 19]","[1, 5]","[5, 1]",0,0,0,1,1,0,0,0,0,8,14
2024131479749,2024,131479749,427460,428078,-1.58508,53.74836,2,2,2,19:00,-1,E08000035,6,0,1,0,1,9,3,7,0,0,0,1,0,0,0,0,1,8,12
2024131479762,2024,131479762,417490,432062,-1.73604,53.78459,3,3,4,10:15,-1,E08000032,6,0,1,0,1,19,6,2,0,0,0,1,0,0,0,0,1,8,14
2024131479953,2024,131479953,431900,435931,-1.51694,53.81868,2,"[3, 2]",4,22:27,-1,E08000035,4,2,1,0,1,"[19, 10]","[3, 1, 7]","[7, 5, 1]",0,0,0,1,0,0,0,0,0,8,14
2024131479979,2024,131479979,445031,424765,-1.31913,53.71736,3,3,4,15:31,-1,E08000036,4,0,1,0,1,-1,-1,-1,-1,-1,0,1,0,0,0,0,0,8,14
2024131480025,2024,131480025,432800,433594,-1.50352,53.79762,3,3,4,14:30,-1,E08000035,6,0,1,0,1,19,3,7,0,0,0,1,0,0,0,0,1,8,14
2024131480046,2024,131480046,420692,434381,-1.68728,53.80532,3,3,2,16:25,-1,E08000035,3,0,1,0,1,"[4, 19]",7,3,0,0,0,1,1,0,0,0,0,8,12
2024131480141,2024,131480141,416069,432587,-1.75757,53.78936,3,3,4,22:00,-1,E08000032,3,2,1,0,1,"[-1, 19]","[-1, 3]","[-1, 7]","[-1, 0]","[-1, 0]","[-1, 0]",1,0,0,0,0,0,8,14
2024131480157,2024,131480157,424713,423916,-1.62706,53.71109,3,3,5,12:52,-1,E08000034,3,0,1,0,1,19,5,1,0,0,0,1,0,0,0,0,1,8,15
2024131480205,2024,131480205,438495,430403,-1.41746,53.76856,3,3,5,15:29,-1,E08000035,3,0,1,0,2,6,5,5,0,0,0,1,0,0,0,0,0,8,15
2024131480240,2024,131480240,430150,432848,-1.54382,53.79108,2,2,5,16:30,-1,E08000035,3,0,1,1,1,19,7,3,0,0,0,1,0,0,0,0,1,8,15
2024131480256,2024,131480256,432038,432756,-1.51518,53.79014,3,3,5,19:40,-1,E08000035,6,0,1,0,1,1,2,6,0,0,0,1,0,0,0,0,1,8,15
2024131480263,2024,131480263,432060,436082,-1.5145,53.82003,3,3,5,16:54,-1,E08000035,6,0,2,1,1,"[3, 19]","[5, 1, 3]","[5, 1, 3]","[0, 10]",0,0,1,0,0,0,0,0,8,15
2024131480270,2024,131480270,428865,418504,-1.56466,53.66223,3,3,4,22:35,-1,E08000036,4,2,1,0,1,"[19, 2]","[3, 0]","[7, 0]",0,0,0,1,0,0,1,0,1,8,14
2024131480360,2024,131480360,410655,434432,-1.83969,53.80608,3,3,6,07:55,-1,E08000032,6,0,1,0,2,19,4,8,10,0,0,1,0,0,0,0,0,8,16
2024131480399,2024,131480399,430199,434351,-1.54293,53.80458,3,3,6,11:07,-1,E08000035,3,0,1,0,1,7,5,7,0,0,0,0,0,1,0,0,1,8,16
2024131480458,2024,131480458,415891,417897,-1.76103,53.65733,3,3,5,11:10,-1,E08000034,6,0,9,0,1,-1,-1,-1,-1,-1,-1,1,0,0,0,0,1,8,15
2024131480504,2024,131480504,418939,437325,-1.71372,53.83184,3,3,6,12:13,-1,E08000032,3,0,1,0,1,"[8, 19]",1,5,0,0,0,1,0,0,0,0,0,8,16
2024131480512,2024,131480512,439754,421554,-1.3995,53.68893,3,3,7,09:00,-1,E08000036,6,0,8,0,2,19,1,1,0,0,0,1,0,0,0,0,0,7,6
2024131480513,2024,131480513,429958,435609,-1.54647,53.81591,3,3,3,17:45,-1,E08000035,6,0,1,1,1,"[3, -1]","[1, -1]","[7, -1]","[0, -1]","[0, -1]","[0, -1]",0,1,0,0,1,0,8,13
2024131480518,2024,131480518,417440,436405,-1.73655,53.82363,3,3,6,13:16,-1,E08000032,6,0,1,0,1,"[9, 5]","[1, 3]","[5, 7]",0,0,0,1,0,1,0,0,0,8,16
2024131480537,2024,131480537,407492,427011,-1.8879,53.73943,3,3,6,15:30,-1,E08000033,6,0,1,0,1,"[10, 19]","[0, 7]","[7, 3]","[0, 11]",0,0,1,0,0,0,0,0,8,16
2024131480544,2024,131480544,415548,434537,-1.76539,53.8069,2,2,5,18:30,-1,E08000032,3,0,1,0,1,"[7, 19]","[-1, 8]","[-1, 4]",0,0,0,1,1,0,0,0,0,8,15
2024131480562,2024,131480562,432150,420489,-1.51475,53.67988,3,3,6,04:25,-1,E08000036,6,0,1,0,1,"[2, 19]","[0, 2]","[0, 6]","[0, 4]",0,0,1,0,0,0,0,1,8,16
2024131480581,2024,131480581,429641,431616,-1.55167,53.78004,3,3,6,17:20,-1,E08000035,6,0,1,0,1,19,1,7,0,0,0,1,0,0,0,0,1,8,16
2024131480597,2024,131480597,424100,444010,-1.63479,53.89171,3,3,6,17:35,-1,E08000035,3,2,1,0,2,"[19, 9]","[1, 5]","[5, 1]",0,0,0,1,0,0,0,0,0,8,16
2024131480611,2024,131480611,433251,421195,-1.498,53.68616,3,3,6,18:10,-1,E08000036,3,0,1,0,1,19,3,7,0,0,0,1,0,0,0,0,1,8,16
2024131480630,2024,131480630,405700,423369,-1.91513,53.70672,3,3,6,20:49,-1,E08000033,6,2,1,0,1,"[9, 7]","[8, 2]","[4, 6]",0,0,0,1,0,0,0,0,0,8,16
2024131480634,2024,131480634,420081,439076,-1.69626,53.84754,2,"[3, 2]",6,17:42,-1,E08000035,3,0,1,0,2,"[19, 13]","[5, 1]","[1, 5]",0,"[0, 7, 8]","[0, 11]",1,0,0,0,0,0,8,16
2024131480670,2024,131480670,424703,423382,-1.62726,53.70629,3,3,7,00:05,-1,E08000034,3,2,1,0,1,"[13, 19]",1,5,0,0,0,1,0,0,0,0,0,8,17
2024131480677,2024,131480677,429943,436600,-1.5466,53.82481,3,3,6,23:36,-1,E08000035,3,2,8,0,1,7,1,5,11,1,10,1,0,0,0,0,0,8,16
2024131480700,2024,131480700,442974,431577,-1.34935,53.77876,2,"[2, 3]",7,22:53,-1,E08000035,3,2,1,0,2,19,"[5, 1]","[5, 1]",0,0,0,1,0,0,0,0,0,7,6
2024131480723,2024,131480723,415731,436109,-1.76253,53.82102,2,2,6,20:50,-1,E08000032,6,0,1,0,1,19,4,8,0,0,0,0,1,0,0,0,0,8,2
2024131480731,2024,131480731,431779,433929,-1.51899,53.8007,3,3,6,20:41,-1,E08000035,6,2,1,0,1,19,"[7, 1]",3,0,0,0,1,0,1,0,0,0,8,16
2024131480835,2024,131480835,412353,447490,-1.81338,53.9234,3,3,7,14:52,-1,E08000032,4,0,1,0,1,"[10, 13]",3,7,0,0,0,1,1,0,0,0,0,8,17
2024131480837,2024,131480837,411607,419192,-1.8258,53.66908,2,2,2,06:35,-1,E08000034,3,0,1,0,2,19,1,1,0,0,0,1,0,0,0,0,0,7,8
2024131480871,2024,131480871,438539,430414,-1.41679,53.76865,2,"[3, 2]",7,14:56,-1,E08000035,6,0,1,0,2,"[19, 9]","[6, 2]","[2, 6]",0,0,0,1,0,1,0,0,0,8,17
2024131480917,2024,131480917,410894,442047,-1.83579,53.87451,3,3,7,21:02,-1,E08000032,6,2,1,0,2,19,5,1,0,1,11,1,0,0,0,0,0,8,17
2024131481027,2024,131481027,448364,423294,-1.26886,53.70384,3,3,7,07:00,-1,E08000036,3,0,1,0,2,"[19, 9]","[6, 5]",2,0,0,0,1,0,0,0,0,0,8,17
2024131481048,2024,131481048,440199,429556,-1.39172,53.76082,2,2,1,12:55,-1,E08000035,6,0,1,0,1,19,1,5,0,0,0,0,0,1,0,0,0,8,18
2024131481062,2024,131481062,417660,431328,-1.7335,53.77799,3,3,1,13:11,-1,E08000032,6,0,1,0,1,19,2,6,0,0,0,1,0,0,0,0,1,8,18
2024131481106,2024,131481106,430881,436382,-1.53238,53.8228,2,2,7,16:30,-1,E08000035,6,0,1,0,1,19,1,5,0,0,0,0,0,0,1,0,0,8,17
2024131481139,2024,131481139,428553,433217,-1.56803,53.79449,3,3,1,16:37,-1,E08000035,3,0,1,0,1,19,7,3,0,0,0,1,0,0,0,0,0,8,18
2024131481170,2024,131481170,415934,433855,-1.75956,53.80076,3,3,1,16:33,-1,E08000032,3,0,1,0,1,"[19, 9]",1,5,0,0,0,1,0,0,0,0,0,8,18
2024131481181,2024,131481181,434455,433703,-1.47838,53.7985,3,3,1,21:30,-1,E08000035,4,2,1,0,1,"[19, 5]","[3, 5]","[7, 1]",0,0,0,1,0,1,0,0,0,8,18
2024131481183,2024,131481183,430513,428571,-1.53874,53.75262,3,3,1,21:06,-1,E08000035,6,0,1,0,1,"[2, 19]","[0, 5]","[0, 7]",0,0,0,1,0,0,0,0,0,8,18
2024131481207,2024,131481207,433023,421342,-1.50144,53.68749,3,3,1,22:00,-1,E08000036,3,2,1,0,1,"[3, 19]",1,5,0,0,0,1,0,0,0,0,0,8,18
2024131481251,2024,131481251,435278,433551,-1.46591,53.79708,2,2,2,07:30,-1,E08000035,4,0,1,0,1,"[9, 19]","[7, 3]","[5, 7]",0,0,0,1,1,0,0,0,0,8,19
2024131481509,2024,131481509,427948,426468,-1.57782,53.73386,3,3,7,13:42,-1,E08000035,3,0,1,0,2,"[19, 4, 2]",5,1,0,0,0,1,0,0,0,0,0,8,17
2024131481512,2024,131481512,431305,431729,-1.52641,53.78095,3,3,2,15:29,-1,E08000035,3,0,1,0,1,"[7, 11, 19]",8,"[2, 4]",0,0,0,1,1,0,0,0,0,8,19
2024131481521,2024,131481521,433546,420719,-1.49359,53.68186,2,2,2,17:12,-1,E08000036,6,0,1,0,1,19,1,5,0,0,0,0,0,0,1,0,1,8,19
2024131481543,2024,131481543,436900,437401,-1.44082,53.83157,2,"[3, 2]",2,15:12,-1,E08000035,3,0,1,0,2,19,"[1, 5]","[5, 1]",0,"[0, 8]",0,1,0,0,0,0,0,8,19
2024131481570,2024,131481570,434250,419638,-1.48305,53.6721,2,2,2,20:55,-1,E08000036,3,2,1,0,1,19,7,3,0,0,0,1,0,0,0,0,1,8,19
2024131481575,2024,131481575,434478,435142,-1.47787,53.81143,3,3,6,08:25,-1,E08000035,6,0,1,0,1,"[9, 19]","[5, 7]","[1, 3]",0,0,0,1,0,0,0,0,0,6,7
2024131481817,2024,131481817,441426,448882,-1.37051,53.93441,3,3,3,13:11,-1,E08000035,6,0,1,0,2,19,"[3, 1]","[7, 5]",0,0,0,1,0,0,0,0,0,8,20
2024131481883,2024,131481883,444155,423941,-1.33252,53.71003,3,3,3,14:50,-1,E08000036,3,0,1,0,1,"[5, 2]",1,5,0,0,0,1,0,0,0,0,0,8,20
2024131481892,2024,131481892,427725,430888,-1.58081,53.7736,2,2,3,15:00,-1,E08000035,3,0,1,1,1,"[19, 5]",5,3,0,1,0,1,1,0,0,0,0,8,20
2024131481904,2024,131481904,415140,431176,-1.77174,53.7767,2,2,1,13:20,-1,E08000032,6,0,1,0,1,"[1, 19]","[1, 5]","[1, 5]",0,0,0,1,1,0,0,0,0,8,18
2024131481912,2024,131481912,429141,430546,-1.55936,53.77045,3,3,3,14:40,-1,E08000035,6,0,1,0,1,19,2,4,0,0,0,1,0,0,0,0,1,8,20
2024131482020,2024,131482020,407930,418089,-1.88148,53.65923,2,2,3,21:23,-1,E08000033,4,2,2,1,2,"[2, 19]","[0, 5]","[0, 1]",0,0,0,1,0,0,0,0,0,8,20
2024131482048,2024,131482048,410886,432216,-1.83626,53.78615,3,3,3,23:00,-1,E08000032,6,2,1,0,2,19,1,5,0,0,0,1,0,0,0,0,0,8,20
2024131482062,2024,131482062,414769,417072,-1.77804,53.64994,3,3,7,10:55,-1,E08000034,3,0,1,0,1,"[7, 19]",1,5,0,"[1, 0]",0,1,1,0,0,0,0,6,22
2024131482068,2024,131482068,423968,414884,-1.63904,53.62994,2,2,2,00:55,-1,E08000034,3,2,1,0,2,"[19, 2]","[3, 0]","[7, 0]",4,0,0,1,0,1,0,0,0,8,19
2024131482069,2024,131482069,433766,420170,-1.49032,53.67691,3,3,7,03:56,-1,E08000036,3,2,1,0,1,"[9, 19]",1,5,0,0,0,1,0,0,0,0,0,8,17
2024131482129,2024,131482129,419197,430295,-1.71024,53.76865,2,2,4,07:47,-1,E08000032,6,0,1,0,1,"[9, 19]",1,5,0,0,0,1,0,0,0,1,0,8,21
2024131482206,2024,131482206,429520,431417,-1.55352,53.77825,2,2,5,09:50,-1,E08000035,6,2,1,0,1,"[19, -1]","[1, -1]","[1, -1]","[0, -1]","[0, -1]",0,1,0,0,0,0,0,8,15
2024131482218,2024,131482218,436200,428069,-1.45255,53.74774,2,2,5,17:02,-1,E08000035,3,0,1,0,1,19,"[1, 5]","[5, 1]",0,0,0,1,0,0,0,0,0,7,4
2024131482308,2024,131482308,431177,426521,-1.52887,53.73415,3,3,4,10:17,-1,E08000035,1,0,1,0,1,19,7,3,0,0,0,1,0,0,0,0,0,8,21
2024131482313,2024,131482313,429307,420929,-1.55775,53.684,3,3,3,12:30,-1,E08000036,3,0,1,0,2,19,7,3,0,0,0,1,0,0,0,1,0,8,20
2024131482316,2024,131482316,434362,430344,-1.48017,53.76831,2,2,4,11:50,-1,E08000035,1,0,1,0,2,19,5,1,0,0,0,1,0,0,0,0,0,8,21
2024131482343,2024,131482343,413396,424114,-1.79851,53.71328,3,3,4,14:26,-1,E08000033,3,0,1,0,1,19,"[1, 5]","[5, 1]",0,0,0,1,0,0,0,0,0,8,21
2024131482381,2024,131482381,443480,425001,-1.3426,53.71961,2,2,4,16:23,-1,E08000036,3,0,1,0,1,19,1,5,0,"[1, 0]","[2, 0]",1,0,0,0,0,0,8,21
2024131482402,2024,131482402,433852,419947,-1.48904,53.6749,2,2,4,17:05,-1,E08000036,3,0,1,0,1,"[19, 4]",7,3,0,0,0,1,0,0,1,0,1,8,21
2024131482446,2024,131482446,407323,424796,-1.89051,53.71952,2,2,3,19:57,-1,E08000033,6,2,1,1,1,"[9, 19]","[1, 7]","[5, 3]",0,0,0,1,0,1,0,0,0,8,20
2024131482449,2024,131482449,426283,435580,-1.60229,53.81584,3,3,2,17:38,-1,E08000035,3,0,2,1,1,"[19, 5]",1,5,0,0,0,1,0,1,0,0,0,8,19
2024131482504,2024,131482504,417477,420519,-1.73688,53.68084,3,3,4,07:37,-1,E08000034,3,0,1,0,1,"[19, 12]",1,5,0,"[0, 7]","[0, 10]",1,0,0,0,0,0,8,21
2024131482508,2024,131482508,445389,421616,-1.31417,53.68903,3,3,1,10:37,-1,E08000036,3,0,1,0,1,19,"[1, 3]","[5, 7]",0,0,0,1,0,0,0,0,0,7,21
2024131482524,2024,131482524,412229,415289,-1.81654,53.63398,3,3,1,16:05,-1,E08000034,6,2,1,0,1,19,5,1,0,0,0,1,0,0,0,0,1,7,21
2024131482537,2024,131482537,416884,432520,-1.74521,53.78873,2,"[3, 2]",5,08:10,-1,E08000032,6,0,2,1,1,"[4, 3, 5]",4,8,"[0, 4]",0,0,1,0,0,0,0,0,8,22
2024131482673,2024,131482673,424625,418393,-1.62883,53.66145,3,3,4,16:18,-1,E08000034,6,0,1,0,1,19,"[1, 3]","[5, 7]",0,0,0,1,1,0,0,0,0,8,21
2024131482709,2024,131482709,422118,424389,-1.66634,53.71545,3,3,3,21:30,-1,E08000034,6,2,2,1,1,"[9, 19]","[2, 6]","[6, 2]",0,0,0,1,0,0,0,0,0,8,20
2024131482770,2024,131482770,424324,420790,-1.6332,53.68301,2,2,5,17:35,-1,E08000034,4,0,1,0,1,19,2,5,0,0,0,1,0,0,0,0,1,8,22
2024131482780,2024,131482780,414446,424006,-1.78261,53.71228,3,3,5,17:45,-1,E08000033,6,0,1,0,1,"[19, 2]","[6, 0]","[2, 0]",0,0,0,1,0,0,0,0,0,8,22
2024131482785,2024,131482785,409953,422774,-1.85072,53.70131,3,3,1,20:00,-1,E08000033,6,0,1,0,1,"[4, 5]","[3, 1]","[7, 5]",0,0,0,1,1,0,0,0,0,6,23
2024131482860,2024,131482860,419432,433942,-1.70644,53.80142,3,3,6,05:06,-1,E08000032,3,2,2,1,1,19,"[7, 1]",3,0,0,0,1,0,0,0,0,0,8,23
2024131482893,2024,131482893,417787,437758,-1.7312,53.83578,3,3,6,07:25,-1,E08000032,6,0,5,1,1,"[9, 19]","[3, 6]","[8, 3]",0,0,0,1,0,0,0,0,0,8,23
2024131482911,2024,131482911,416935,433413,-1.74439,53.79675,2,2,6,08:42,-1,E08000032,3,0,4,1,1,"[9, 19]","[3, 7]","[1, 3]",0,"[4, 0]","[11, 0]",1,0,0,1,0,0,8,23
2024131482972,2024,131482972,435257,428458,-1.46681,53.7513,3,3,6,10:22,-1,E08000035,3,0,4,0,2,19,6,2,0,0,0,1,0,0,0,0,0,8,23
2024131483002,2024,131483002,436180,427210,-1.45296,53.74002,3,3,6,07:02,-1,E08000035,3,0,4,1,2,19,"[5, 3]","[1, 5]",0,0,0,1,0,0,0,0,0,8,23
2024131483006,2024,131483006,415054,431079,-1.77305,53.77583,3,3,5,21:12,-1,E08000032,6,2,2,1,1,"[-1, 19]","[-1, 6]","[-1, 2]","[-1, 0]","[-1, 0]","[-1, 0]",1,0,0,0,0,0,8,22
2024131483034,2024,131483034,434566,434347,-1.47663,53.80428,3,3,5,18:15,-1,E08000035,6,0,1,0,1,19,6,2,0,0,0,1,0,0,0,0,1,8,22
2024131483082,2024,131483082,436040,443815,-1.45314,53.88927,3,3,5,18:30,-1,E08000035,6,0,1,0,2,"[8, 19]",3,5,0,0,0,1,0,0,0,0,0,8,22
2024131483116,2024,131483116,416332,432587,-1.75358,53.78935,3,3,5,14:25,-1,E08000032,3,0,1,0,1,"[19, 5]","[7, 1]","[3, 5]",0,0,0,1,0,0,0,0,0,8,22
2024131483193,2024,131483193,401509,415616,-1.97865,53.63706,3,3,5,18:00,-1,E08000033,1,0,2,1,2,"[2, -1]","[0, -1]","[0, -1]","[0, -1]","[0, -1]","[0, -1]",1,0,0,0,0,0,8,22