collision_index,collision_year,collision_ref_no,location_easting_osgr,location_northing_osgr,longitude,latitude,casualty_severity,casualty_severity,day_of_week,time,local_authority_district,local_authority_ons_district,first_road_class,light_conditions,weather_conditions,road_surface_conditions,urban_or_rural_area,vehicle_manoeuvre,vehicle_direction_from,vehicle_direction_to,hit_object_in_carriageway,vehicle_leaving_carriageway,hit_object_off_carriageway,is_car,is_cyle,is_mcyle,is_goodsv,is_other,is_pedestrian,month,day
2024131488161,2024,131488161,436607,436394,-1.4454,53.82254,3,3,6,16:52,-1,E08000035,6,0,1,0,1,"[19, 11]",5,5,0,0,0,1,0,1,0,0,0,9,6
2024131488193,2024,131488193,414499,421121,-1.78194,53.68634,3,3,6,16:22,-1,E08000033,3,0,1,0,2,"[13, -1]","[1, -1]","[5, -1]","[0, -1]","[0, -1]","[0, -1]",0,0,1,0,1,0,9,6
2024131488243,2024,131488243,414575,418233,-1.78092,53.66039,3,3,6,16:45,-1,E08000034,3,0,1,0,1,19,5,1,0,0,0,1,0,0,0,0,0,9,6
2024131488263,2024,131488263,424497,421221,-1.63055,53.68687,2,"[2, 3]",6,22:12,-1,E08000034,6,0,1,0,1,"[19, 9, 3, -1]","[7, 3, -1]","[3, 7, -1]","[0, -1]","[0, -1]","[0, -1]",1,0,0,0,0,0,9,6
2024131488427,2024,131488427,428562,431537,-1.56805,53.77939,3,3,6,12:49,-1,E08000035,3,0,1,0,1,"[19, -1]",-1,-1,"[0, -1]","[0, -1]","[0, -1]",1,0,0,0,0,0,9,6
2024131488442,2024,131488442,425988,433083,-1.60698,53.79341,1,1,3,18:50,-1,E08000035,6,0,1,0,1,19,3,7,11,0,0,1,0,0,0,0,1,8,20
2024131488446,2024,131488446,413031,430955,-1.80376,53.77477,2,2,7,14:01,-1,E08000032,6,0,2,1,1,"[19, 7]","[5, 1]","[5, 1]",0,"[0, 8]","[0, 11]",1,0,0,0,0,0,9,7
2024131488477,2024,131488477,444436,410877,-1.33013,53.59259,3,3,6,17:30,-1,E08000036,6,0,1,0,1,-1,-1,-1,-1,-1,0,1,1,0,0,0,0,9,6
2024131488480,2024,131488480,420811,420748,-1.68639,53.68278,3,3,7,12:53,-1,E08000034,6,0,1,0,1,19,"[4, 8]","[8, 4]",0,0,0,1,0,0,0,0,0,9,7
2024131488520,2024,131488520,425845,421294,-1.61013,53.68746,3,3,7,16:45,-1,E08000034,6,0,1,0,1,"[5, 19]","[5, 2]","[5, 6]",0,0,0,1,0,0,0,0,0,9,7
2024131488566,2024,131488566,428503,428385,-1.56923,53.75106,2,2,7,21:47,-1,E08000035,3,2,1,0,2,19,6,2,0,1,1,1,0,0,0,0,0,9,7
2024131488572,2024,131488572,429603,435395,-1.55188,53.814,2,2,7,21:40,-1,E08000035,6,2,1,0,1,"[9, 8]","[-1, 7]","[-1, 2]","[-1, 0]","[-1, 0]","[-1, 0]",1,0,0,0,0,0,9,7
2024131488596,2024,131488596,431519,435141,-1.52281,53.81161,3,3,1,02:45,-1,E08000035,3,2,1,1,1,7,"[1, 3]","[4, 7]",0,0,0,1,0,0,0,0,0,9,8
2024131488601,2024,131488601,442892,419183,-1.35231,53.66737,3,3,1,04:10,-1,E08000036,4,2,1,1,2,19,"[4, 2]","[8, 6]",0,"[1, 0]",0,1,0,0,0,0,0,9,8
2024131488609,2024,131488609,415277,422940,-1.77007,53.70267,2,2,6,08:05,-1,E08000033,3,0,1,0,1,19,5,5,0,0,0,0,1,0,0,0,1,9,6
2024131488611,2024,131488611,417476,437669,-1.73593,53.83499,3,3,1,05:47,-1,E08000032,6,2,7,1,1,"[2, 19]","[0, 5]","[0, 1]","[4, 0]","[0, 1]","[0, 2]",1,0,0,0,0,0,9,8
2024131488628,2024,131488628,407489,424231,-1.88801,53.71444,3,3,1,09:02,-1,E08000033,3,0,2,1,1,19,3,7,0,1,1,1,0,0,0,0,1,9,8
2024131488676,2024,131488676,426025,421801,-1.60736,53.69201,3,3,1,10:10,-1,E08000034,3,0,2,1,2,"[2, 19]","[0, 7]","[0, 3]","[10, 4]","[1, 0]","[11, 0]",1,0,0,0,0,0,9,8
2024131488735,2024,131488735,413183,417225,-1.80203,53.65136,3,3,1,12:15,-1,E08000034,3,0,2,1,1,-1,-1,-1,-1,-1,0,1,0,0,0,0,1,9,8
2024131488755,2024,131488755,417786,435688,-1.73134,53.81717,3,3,1,16:43,-1,E08000032,3,0,2,1,1,"[19, 9]","[7, 5]",3,0,"[1, 0]",0,1,0,0,1,0,0,9,8
2024131488764,2024,131488764,415404,434797,-1.76756,53.80924,3,3,1,16:35,-1,E08000032,6,0,2,1,1,"[9, 19]","[5, 1]","[3, 1]",0,0,0,1,0,0,0,0,0,9,8
2024131488793,2024,131488793,428283,435031,-1.57196,53.8108,3,3,1,16:27,-1,E08000035,6,0,8,0,1,19,"[7, 1]","[3, 5]",0,0,0,1,1,0,0,0,0,6,30
2024131488824,2024,131488824,417071,423157,-1.74288,53.70457,3,3,1,22:46,-1,E08000033,1,2,2,1,2,19,3,7,0,1,7,1,0,0,0,0,0,9,8
2024131488831,2024,131488831,419553,444971,-1.70391,53.90054,2,"[3, 2]",1,22:15,-1,E08000035,3,2,2,1,1,19,"[3, 7]","[7, 3]",0,"[8, 0]","[4, 0]",1,0,0,0,0,0,9,8
2024131488877,2024,131488877,418164,426880,-1.72611,53.73799,3,3,6,14:42,-1,E08000034,1,0,1,0,2,"[7, 19]",7,"[7, 5]",0,0,0,1,0,0,1,0,0,9,6
2024131488901,2024,131488901,410515,434422,-1.84181,53.80599,3,3,7,14:34,-1,E08000032,6,0,2,1,2,19,7,3,0,8,11,1,0,0,0,0,0,9,7
2024131489001,2024,131489001,411736,419038,-1.82385,53.66769,3,3,2,07:05,-1,E08000034,3,0,2,1,1,"[14, 9]",8,4,0,0,0,1,0,1,0,0,0,9,9
2024131489077,2024,131489077,424714,423978,-1.62704,53.71164,3,3,3,17:00,-1,E08000034,3,0,1,0,1,"[5, -1]","[1, -1]","[1, -1]","[0, -1]","[0, -1]","[0, -1]",1,1,0,0,0,0,9,3
2024131489151,2024,131489151,432543,434295,-1.50735,53.80394,3,3,2,09:00,-1,E08000035,6,0,1,0,1,"[2, 19]","[0, 5]","[0, 1]",0,0,0,1,0,0,0,0,0,9,9
2024131489179,2024,131489179,425216,424274,-1.61941,53.71428,3,3,1,16:50,-1,E08000034,6,0,2,1,1,5,1,5,0,7,10,1,0,0,0,0,1,9,8
2024131489180,2024,131489180,414425,408414,-1.78364,53.57213,3,3,2,13:02,-1,E08000034,3,0,1,0,1,"[19, -1]","[3, -1]","[7, -1]","[0, -1]","[0, -1]","[0, -1]",1,1,0,0,0,0,9,9
2024131489250,2024,131489250,431065,430370,-1.53018,53.76875,2,2,2,07:58,-1,E08000035,6,0,1,0,1,19,5,1,0,0,0,1,0,0,0,0,1,9,9
2024131489256,2024,131489256,431668,419666,-1.52213,53.67251,3,3,2,18:30,-1,E08000036,3,2,1,0,1,19,"[1, 7]","[5, 3]",0,0,0,1,0,0,0,0,0,9,9
2024131489265,2024,131489265,443215,424554,-1.34668,53.71562,3,3,2,17:23,-1,E08000036,3,0,1,0,1,"[19, 5]","[3, 5]","[7, 1]",0,0,0,1,0,0,0,0,0,9,9
2024131489279,2024,131489279,413633,413690,-1.79537,53.61958,2,2,4,20:00,-1,E08000034,3,0,1,0,1,19,"[1, 3]","[5, 7]",0,0,0,1,0,0,1,0,0,7,10
2024131489285,2024,131489285,414334,416743,-1.78464,53.647,3,3,2,20:05,-1,E08000034,6,2,1,0,1,"[19, 9]","[5, 1]","[1, 7]",0,0,0,1,0,1,0,0,0,9,9
2024131489309,2024,131489309,424746,434438,-1.62572,53.80565,3,3,2,21:10,-1,E08000035,6,2,1,0,1,"[5, 19]","[5, 7]",3,0,0,0,1,0,0,0,1,0,9,9
2024131489392,2024,131489392,431259,420571,-1.52823,53.68067,3,3,6,11:20,-1,E08000036,6,0,1,0,1,"[2, 19]","[0, 3]","[0, 2]",0,0,0,1,0,0,0,0,0,7,12
2024131489402,2024,131489402,431086,433732,-1.52953,53.79897,2,2,1,13:53,-1,E08000035,2,0,2,1,1,"[3, 19]",4,8,0,0,0,1,0,0,0,0,0,9,8
2024131489480,2024,131489480,419694,429842,-1.70273,53.76456,3,3,1,21:33,-1,E08000032,3,2,2,1,1,"[19, 4]",4,8,0,0,0,1,0,0,0,0,0,9,8
2024131489497,2024,131489497,417158,432391,-1.74106,53.78756,3,3,3,10:47,-1,E08000032,3,0,1,0,1,"[19, 11]","[3, 5]","[8, 1]",0,0,0,1,0,0,1,0,0,9,10
2024131489517,2024,131489517,430682,434597,-1.53558,53.80677,3,3,2,13:45,-1,E08000035,3,0,2,1,1,"[12, 19]",7,2,0,"[0, 7]",0,1,0,1,0,0,0,9,9
2024131489622,2024,131489622,411014,435136,-1.83421,53.8124,2,2,3,09:27,-1,E08000032,6,0,2,1,1,19,"[5, 1]","[1, 5]",0,0,0,1,0,0,0,0,0,9,10
2024131489631,2024,131489631,422297,433421,-1.66298,53.79662,3,3,3,11:57,-1,E08000035,4,0,1,0,1,19,"[7, 1]","[7, 1]","[2, 0]",0,0,1,0,0,0,0,0,9,10
2024131489660,2024,131489660,412162,434087,-1.81682,53.80294,3,3,2,15:25,-1,E08000032,6,0,1,0,1,19,8,4,0,0,0,1,0,0,0,0,1,9,9
2024131489677,2024,131489677,433319,439073,-1.49505,53.84683,2,2,3,14:10,-1,E08000035,3,0,1,0,2,19,"[3, 7]","[8, 3]",0,0,0,1,0,0,0,0,0,9,10
2024131489678,2024,131489678,445272,425408,-1.31539,53.72312,3,3,3,15:05,-1,E08000036,6,0,1,0,1,19,3,5,0,0,0,1,0,0,0,0,1,9,10
2024131489680,2024,131489680,424118,438367,-1.63495,53.841,3,3,3,12:31,-1,E08000035,6,0,4,0,1,"[19, 9]","[3, 1]","[7, 5]",0,0,0,1,0,0,0,0,0,9,10
2024131489706,2024,131489706,429312,433214,-1.55651,53.79442,3,3,3,08:00,-1,E08000035,6,0,1,0,1,"[9, 19]",3,"[5, 7]",0,0,0,1,1,0,0,0,0,9,10
2024131489754,2024,131489754,406388,442076,-1.90433,53.87485,3,3,3,16:00,-1,E08000032,3,0,1,0,1,"[12, 19]",3,7,0,0,0,1,0,0,0,0,0,9,10
2024131489837,2024,131489837,431773,425346,-1.51996,53.72356,3,3,3,07:15,-1,E08000035,1,0,1,0,1,19,5,1,0,0,0,1,0,0,0,0,0,9,10
2024131489957,2024,131489957,407910,425198,-1.8816,53.72313,3,3,6,14:30,-1,E08000033,6,0,1,0,1,19,1,5,0,0,0,0,0,0,0,0,1,9,6
2024131490040,2024,131490040,415954,429348,-1.75949,53.76025,2,"[2, 3]",4,12:37,-1,E08000032,6,0,2,1,1,"[19, 9]","[3, 1]","[7, 5]",0,0,0,1,0,0,0,0,0,9,11
2024131490053,2024,131490053,444188,410822,-1.33388,53.59212,3,3,4,10:43,-1,E08000036,6,0,1,0,1,"[2, 19]","[0, 5]","[0, 1]",0,0,0,1,0,0,0,0,0,9,11
2024131490078,2024,131490078,410878,429252,-1.83648,53.75951,3,3,3,16:51,-1,E08000032,3,0,1,0,2,"[9, 19]","[3, 5]","[7, 8]",0,0,0,1,0,0,0,0,0,9,10
2024131490160,2024,131490160,448569,421647,-1.26601,53.68902,3,3,4,13:13,-1,E08000036,3,0,1,0,2,"[2, 19]",1,5,"[0, 4]",0,0,1,0,0,0,0,0,9,11
2024131490179,2024,131490179,423378,437431,-1.64627,53.83262,3,3,4,15:30,-1,E08000035,3,0,2,1,1,19,1,5,0,0,0,1,1,0,0,0,0,9,11
2024131490217,2024,131490217,433886,421330,-1.48837,53.68733,3,3,2,07:49,-1,E08000036,6,0,1,0,1,"[5, 9]",1,1,0,0,0,1,0,0,0,1,0,7,8
2024131490244,2024,131490244,426283,435561,-1.60229,53.81567,3,3,4,20:56,-1,E08000035,3,2,1,0,1,"[2, 1]",5,1,0,0,0,1,0,0,0,0,0,9,11
2024131490257,2024,131490257,416867,433593,-1.74541,53.79837,3,3,4,19:36,-1,E08000032,6,2,1,0,1,"[2, 19]","[7, 8]","[7, 8]",0,0,0,1,0,0,0,0,0,9,11
2024131490348,2024,131490348,432028,415920,-1.51706,53.63882,3,3,5,07:32,-1,E08000036,6,0,1,0,1,9,3,5,0,0,0,1,0,0,0,0,1,9,12
2024131490394,2024,131490394,449501,423949,-1.25153,53.70963,2,2,5,08:52,-1,E08000036,6,0,1,0,1,"[9, 19]",7,"[1, 3]",0,0,0,1,0,0,0,0,0,9,12
2024131490521,2024,131490521,437368,435155,-1.43399,53.81135,3,3,4,16:31,-1,E08000035,6,0,2,1,1,"[2, 19]","[7, 5, 1]","[3, 1, 5]",0,0,0,1,0,0,0,0,0,9,4
2024131490601,2024,131490601,423561,425024,-1.64443,53.7211,3,3,5,06:27,-1,E08000034,3,2,1,0,1,"[5, 19]",1,5,0,0,0,1,1,0,0,0,0,9,12
2024131490628,2024,131490628,421396,439405,-1.67625,53.85044,3,3,5,07:35,-1,E08000035,6,0,8,0,1,"[15, 2]","[7, 0]","[3, 0]",0,0,0,1,0,0,0,0,0,9,12
2024131490630,2024,131490630,439247,422165,-1.4071,53.69446,3,3,5,14:25,-1,E08000036,6,0,1,0,1,"[19, 9]","[2, 8]","[6, 4]",0,0,0,1,0,0,0,0,0,9,12
2024131490641,2024,131490641,424254,432552,-1.63334,53.78873,3,3,5,14:44,-1,E08000035,6,0,1,0,1,19,1,3,0,0,0,1,0,0,0,0,0,9,12
2024131490664,2024,131490664,434785,419336,-1.47499,53.66935,2,2,4,13:00,-1,E08000036,3,0,1,0,1,19,1,5,0,0,0,0,0,0,1,0,1,9,11
2024131490670,2024,131490670,412754,428962,-1.80804,53.75687,3,3,4,09:10,-1,E08000033,3,0,5,1,1,"[19, 5]","[5, 1]",3,0,"[0, 7]","[0, 11]",1,0,0,0,1,0,9,11
2024131490702,2024,131490702,401800,426256,-1.97419,53.73269,3,3,5,15:12,-1,E08000033,6,0,1,0,2,19,5,1,0,0,0,1,0,0,0,0,1,9,12
2024131490717,2024,131490717,429589,435892,-1.55205,53.81847,3,3,5,16:17,-1,E08000035,6,0,1,0,1,"[-1, 14]","[-1, 3]","[-1, 7]","[-1, 0]","[-1, 0]",0,1,0,1,0,0,0,9,12
2024131490737,2024,131490737,447366,413223,-1.28551,53.61342,3,3,5,18:09,-1,E08000036,6,0,8,0,2,"[5, 4]",1,"[1, 2]",0,0,0,1,0,0,0,0,0,9,12
2024131490771,2024,131490771,424101,423172,-1.63639,53.70443,3,3,4,20:35,-1,E08000034,6,0,1,0,1,"[2, 19]","[1, 3]","[5, 7]",0,0,0,1,1,0,0,0,0,7,17
2024131490774,2024,131490774,416911,434062,-1.74471,53.80259,3,3,5,19:57,-1,E08000032,6,2,1,0,1,"[19, -1]","[5, -1]","[1, -1]","[0, -1]","[0, -1]",0,1,0,1,0,0,0,9,12
2024131490803,2024,131490803,418060,430755,-1.72746,53.77282,2,2,1,16:30,-1,E08000032,6,0,9,1,1,"[13, 19]",7,3,0,0,0,1,1,0,0,0,0,9,8
2024131490828,2024,131490828,431670,422356,-1.52182,53.69669,3,3,6,06:10,-1,E08000036,6,2,1,2,1,19,2,6,0,1,0,0,0,1,0,0,0,9,13
2024131490853,2024,131490853,411503,439072,-1.82664,53.84776,3,3,6,21:38,-1,E08000032,6,2,1,0,1,"[9, 19]","[1, 5]","[5, 1]",0,0,0,1,0,0,0,0,0,7,19
2024131490868,2024,131490868,429781,430632,-1.54964,53.77118,3,3,4,15:30,-1,E08000035,6,0,1,0,1,19,5,7,0,0,0,1,0,0,0,0,1,9,11
2024131490980,2024,131490980,422873,439315,-1.6538,53.84957,3,3,6,09:50,-1,E08000035,6,0,1,0,1,"[19, 9]","[8, 1]","[4, 7]",0,0,0,1,0,0,0,0,0,9,13
2024131490981,2024,131490981,438014,413162,-1.42687,53.61364,3,3,6,08:50,-1,E08000036,6,0,1,0,2,19,"[4, 2, 8]","[8, 6, 4]",0,0,0,1,0,0,0,0,0,9,13
2024131490991,2024,131490991,428548,427705,-1.56861,53.74495,3,3,5,08:35,-1,E08000035,3,0,1,0,2,-1,-1,-1,-1,-1,-1,1,0,0,0,0,0,9,12
2024131491003,2024,131491003,426820,437999,-1.59392,53.83756,3,3,2,13:00,-1,E08000035,3,0,1,0,2,"[19, 11]",1,"[1, 7]",0,0,0,1,0,0,0,0,0,9,9
2024131491046,2024,131491046,429846,420698,-1.54961,53.6819,3,3,4,20:50,-1,E08000036,3,2,1,0,1,"[19, 9]","[4, 8]","[8, 6]",0,0,0,1,0,0,0,0,0,9,11
2024131491083,2024,131491083,414622,431986,-1.77957,53.784,3,3,6,13:11,-1,E08000032,3,0,1,0,1,5,2,6,0,0,0,1,0,0,0,0,1,9,13
2024131491113,2024,131491113,431801,423327,-1.51974,53.70541,3,3,6,15:49,-1,E08000036,6,0,1,0,1,19,"[2, 4]","[6, 2]",0,0,0,1,0,0,0,0,0,9,13
2024131491136,2024,131491136,410998,419531,-1.835,53.67214,3,3,6,12:17,-1,E08000033,1,0,1,0,2,5,5,1,0,0,0,1,0,0,0,0,0,9,13
2024131491139,2024,131491139,429404,437341,-1.55472,53.8315,2,2,6,15:25,-1,E08000035,6,0,1,0,1,4,8,4,0,0,0,1,0,0,0,0,1,9,13
2024131491195,2024,131491195,431396,434243,-1.52477,53.80354,3,3,6,17:10,-1,E08000035,6,0,1,0,1,"[9, 19]","[5, 6]","[1, 2]",0,0,0,1,0,0,0,0,0,9,13
2024131491238,2024,131491238,408285,432988,-1.87571,53.79314,3,3,6,16:00,-1,E08000032,6,0,1,0,2,"[10, 13]","[7, -1]","[3, -1]",0,0,0,1,0,0,0,0,0,9,13
2024131491252,2024,131491252,416059,433182,-1.7577,53.7947,3,3,7,00:22,-1,E08000032,3,2,1,0,1,-1,-1,-1,-1,-1,-1,1,0,0,0,0,1,9,14
2024131491263,2024,131491263,405091,419984,-1.92441,53.6763,2,2,7,01:20,-1,E08000033,6,2,1,0,2,19,3,7,0,0,0,1,0,0,0,0,0,9,14
2024131491305,2024,131491305,414776,437118,-1.77698,53.83012,3,3,4,17:59,-1,E08000032,3,0,1,0,1,"[5, 4]",6,2,0,0,0,1,0,0,0,0,0,9,11
2024131491318,2024,131491318,429089,429951,-1.5602,53.7651,3,3,7,08:32,-1,E08000035,3,0,1,0,1,"[19, 2]",1,1,0,0,0,1,0,0,0,0,0,9,14
2024131491335,2024,131491335,418832,420627,-1.71636,53.68177,3,3,7,09:15,-1,E08000034,3,0,1,0,2,"[2, -1]","[0, -1]","[0, -1]","[0, -1]","[0, -1]","[0, -1]",1,0,0,0,0,0,9,14
2024131491338,2024,131491338,413862,416717,-1.79178,53.64678,3,3,6,12:35,-1,E08000034,6,0,1,0,1,-1,-1,-1,-1,-1,0,1,0,0,0,0,1,9,13
2024131491357,2024,131491357,428941,435458,-1.56193,53.81461,3,3,5,17:00,-1,E08000035,6,0,1,0,1,-1,-1,-1,-1,-1,-1,1,0,0,0,0,1,9,12
2024131491364,2024,131491364,436139,425961,-1.45372,53.7288,3,3,7,10:01,-1,E08000035,1,0,1,0,2,"[11, -1, 19]","[7, -1]","[3, -1]","[0, -1]","[1, -1, 0]","[4, -1, 0]",1,0,0,1,0,0,9,14
2024131491369,2024,131491369,437309,429487,-1.43557,53.76041,3,3,7,11:26,-1,E08000035,6,0,1,0,2,"[9, 19]","[3, 1]","[5, 1]",0,0,0,1,0,1,0,0,0,9,14
2024131491379,2024,131491379,423304,427154,-1.64817,53.74025,3,3,4,18:15,-1,E08000034,6,0,1,0,1,"[9, 19]","[6, 4]","[2, 8]",0,0,0,1,1,0,0,0,0,9,11
2024131491428,2024,131491428,431429,432730,-1.52442,53.78994,3,3,5,16:57,-1,E08000035,3,0,1,0,1,"[4, 19]",8,4,0,0,0,1,0,0,0,0,0,9,12
2024131491446,2024,131491446,428949,436734,-1.56169,53.82607,3,3,6,10:58,-1,E08000035,4,0,1,0,1,"[15, 19]","[1, 5]","[5, 1]",0,0,0,1,0,0,0,0,0,9,13
2024131491457,2024,131491457,408878,421305,-1.86704,53.68812,3,3,6,13:47,-1,E08000033,4,0,1,0,1,"[13, 7]",7,3,10,"[3, 7]","[10, 1]",1,0,0,0,0,0,9,13
2024131491485,2024,131491485,417792,432915,-1.7314,53.79225,3,3,7,16:52,-1,E08000032,3,0,1,0,1,"[7, 19]","[6, 2]","[8, 6]",0,0,0,1,0,0,0,0,0,9,14
2024131491493,2024,131491493,432908,421256,-1.50319,53.68673,2,"[3, 2]",6,20:23,-1,E08000036,6,2,1,0,1,"[19, 9]",1,"[5, 3]",0,0,0,1,0,0,0,0,0,9,13
2024131491506,2024,131491506,408672,425243,-1.87005,53.72352,3,3,7,16:24,-1,E08000033,6,0,1,0,1,1,0,0,0,0,0,1,0,0,0,0,1,9,14
2024131491528,2024,131491528,430247,433748,-1.54226,53.79916,3,3,7,21:50,-1,E08000035,6,2,1,0,1,19,7,5,0,0,0,0,0,0,1,0,1,9,14
2024131491615,2024,131491615,443837,423861,-1.33735,53.70934,3,3,7,11:50,-1,E08000036,3,0,1,0,1,3,7,2,0,0,0,1,0,0,0,0,1,9,14
2024131491648,2024,131491648,420294,441128,-1.69289,53.86597,3,3,1,12:10,-1,E08000035,6,0,2,1,1,"[19, 5]","[3, 5]","[7, 1]",0,0,0,1,0,1,0,0,0,9,15
2024131491677,2024,131491677,415526,431551,-1.76587,53.78006,3,3,1,10:45,-1,E08000032,6,0,1,1,1,"[19, 9]","[7, 5]","[3, 1]",0,0,0,1,0,0,0,0,0,9,15
2024131491711,2024,131491711,425695,434646,-1.6113,53.80748,3,3,1,16:01,-1,E08000035,6,0,1,1,1,19,1,3,0,0,0,1,0,0,0,0,1,9,15
2024131491721,2024,131491721,432498,429662,-1.50852,53.7623,3,3,1,15:00,-1,E08000035,3,0,2,1,2,19,4,7,0,5,1,1,0,0,0,0,0,9,15
2024131491729,2024,131491729,431366,432747,-1.52538,53.7901,3,3,1,15:42,-1,E08000035,3,0,1,1,1,19,1,5,0,0,0,1,0,0,0,0,0,9,15
2024131491730,2024,131491730,430883,424206,-1.53356,53.71336,3,3,5,17:03,-1,E08000036,3,0,1,0,1,"[19, 11]",8,4,0,"[4, 0]",0,1,0,0,1,0,0,9,12
2024131491764,2024,131491764,408561,416767,-1.87197,53.64734,3,3,1,08:55,-1,E08000034,6,0,2,1,2,"[5, 19]","[3, 7]","[7, 5]",0,0,0,1,0,0,0,0,0,7,14
2024131491783,2024,131491783,434639,435687,-1.47537,53.81632,2,2,7,20:00,-1,E08000035,6,2,1,0,1,19,5,1,0,0,0,0,1,0,0,0,0,9,14
2024131491895,2024,131491895,422016,424349,-1.66789,53.7151,2,2,2,08:30,-1,E08000034,6,0,8,0,1,"[5, 7]","[1, 2]",4,0,"[1, 7]",0,1,0,0,0,0,0,9,16
2024131491901,2024,131491901,445509,431561,-1.31089,53.7784,1,1,2,06:03,-1,E08000035,3,2,1,0,2,19,5,1,0,0,0,1,1,0,0,0,0,9,16
2024131491904,2024,131491904,403003,438843,-1.95584,53.84582,3,3,6,13:20,-1,E08000032,4,0,1,0,1,"[2, 19]","[0, 5]","[0, 1]",0,0,0,1,0,0,0,0,0,7,19
2024131492001,2024,131492001,428451,429064,-1.56996,53.75716,3,3,2,11:10,-1,E08000035,3,0,1,0,2,5,1,5,"[4, 0]",0,0,1,0,0,0,0,0,9,16
2024131492056,2024,131492056,428174,418034,-1.57516,53.65804,2,"[2, 3]",2,11:20,-1,E08000036,6,0,1,0,1,"[9, 19]",7,3,"[7, 0]",0,0,1,0,0,0,0,0,9,16
2024131492090,2024,131492090,402328,426641,-1.96619,53.73615,3,3,2,15:39,-1,E08000033,6,0,1,0,2,19,"[3, 7]","[7, 3]",0,0,0,1,0,0,0,1,0,9,16
2024131492116,2024,131492116,432906,429681,-1.50233,53.76245,3,3,2,15:35,-1,E08000035,3,0,1,0,2,19,1,1,0,0,0,1,0,0,0,0,0,9,16
2024131492130,2024,131492130,442650,424739,-1.35521,53.71733,3,3,2,12:52,-1,E08000036,6,0,1,0,1,"[19, 6]","[5, 3]","[1, 5]",0,0,0,1,0,1,0,0,0,9,16
2024131492136,2024,131492136,393700,424273,-2.09693,53.71483,3,3,2,17:17,-1,E08000033,3,0,1,0,1,-1,-1,-1,-1,-1,-1,0,0,1,0,0,1,9,16
2024131492141,2024,131492141,425655,434376,-1.61193,53.80505,3,3,2,17:13,-1,E08000035,6,0,1,0,1,"[7, 19]","[1, 5]","[5, 1]",0,0,0,1,1,0,0,0,0,9,16
2024131492192,2024,131492192,424084,419772,-1.63691,53.67387,2,2,2,20:30,-1,E08000034,6,2,1,0,1,"[19, 9]","[1, 7]","[5, 1]",0,0,0,1,0,1,0,0,0,9,16
2024131492215,2024,131492215,445268,429496,-1.31485,53.75986,3,3,2,18:23,-1,E08000035,6,0,1,0,2,19,"[7, 3]","[7, 3]",0,0,0,0,0,1,0,1,0,9,16
2024131492217,2024,131492217,429102,433568,-1.55966,53.79761,3,3,2,16:31,-1,E08000035,3,0,1,0,1,19,"[1, 2]","[5, 6]",0,0,0,1,1,0,0,0,0,9,16
2024131492238,2024,131492238,441970,443709,-1.36294,53.88787,3,3,3,00:01,-1,E08000035,2,2,1,0,2,-1,-1,-1,-1,-1,-1,1,0,0,1,0,0,9,17
2024131492240,2024,131492240,413649,429143,-1.79446,53.75847,2,2,2,20:22,-1,E08000032,3,2,1,0,1,19,"[7, -1]","[3, -1]",0,0,0,1,0,0,0,0,1,9,16
2024131492389,2024,131492389,440438,448199,-1.38565,53.92835,3,3,2,10:36,-1,E08000035,4,0,1,0,1,-1,-1,-1,-1,-1,-1,0,0,0,1,0,1,9,16
2024131492396,2024,131492396,427846,436237,-1.57849,53.82167,3,3,2,14:20,-1,E08000035,6,0,1,0,1,19,3,7,0,0,0,1,0,0,0,0,1,9,16
2024131492402,2024,131492402,423416,426307,-1.64653,53.73263,3,3,4,08:15,-1,E08000034,6,0,9,0,1,2,0,0,0,0,0,1,0,0,0,0,1,9,11
2024131492428,2024,131492428,414479,417021,-1.78243,53.64949,3,3,3,07:29,-1,E08000034,6,0,1,0,1,"[19, 9, 2]","[5, 1, 0]","[1, 5, 0]",0,0,0,1,0,0,0,0,0,9,17
2024131492519,2024,131492519,430348,420162,-1.54206,53.67705,3,3,1,13:50,-1,E08000036,6,0,1,1,1,19,"[4, 7]","[8, 3]",0,0,0,1,1,0,0,0,0,9,15
2024131492543,2024,131492543,428531,419684,-1.56961,53.67285,3,3,3,13:30,-1,E08000036,4,0,1,0,1,"[19, 5]","[1, 3]","[5, 7]",0,0,0,1,0,0,0,0,0,9,17
2024131492568,2024,131492568,434200,418438,-1.48394,53.66132,3,3,3,15:46,-1,E08000036,3,0,1,0,1,"[5, 19]","[7, 1]","[3, 5]",0,0,0,1,0,1,0,0,0,9,17
2024131492586,2024,131492586,415790,417849,-1.76256,53.6569,3,3,3,17:00,-1,E08000034,6,0,1,0,1,"[13, 9]",1,1,0,0,0,1,1,0,0,0,0,9,17
2024131492645,2024,131492645,441460,425612,-1.37312,53.72527,3,3,3,18:20,-1,E08000036,3,0,8,0,1,19,1,5,0,0,0,1,0,0,0,0,0,9,17
2024131492672,2024,131492672,429583,432566,-1.55246,53.78858,3,3,3,18:59,-1,E08000035,6,0,1,0,1,19,"[7, 5]","[3, 1]",0,0,0,1,0,0,0,0,0,9,17
2024131492674,2024,131492674,441190,415640,-1.37854,53.63567,2,2,3,18:46,-1,E08000036,4,0,1,0,2,19,"[6, 2]","[2, 6]",0,0,0,1,0,1,0,0,0,9,17
2024131492676,2024,131492676,434491,436880,-1.47748,53.82705,2,2,3,18:02,-1,E08000035,6,2,1,0,1,"[2, -1]","[0, -1]","[0, -1]","[0, -1]","[0, -1]","[0, -1]",1,1,0,0,0,1,9,17