collision_index,collision_year,collision_ref_no,location_easting_osgr,location_northing_osgr,longitude,latitude,casualty_severity,casualty_severity,day_of_week,time,local_authority_district,local_authority_ons_district,first_road_class,light_conditions,weather_conditions,road_surface_conditions,urban_or_rural_area,vehicle_manoeuvre,vehicle_direction_from,vehicle_direction_to,hit_object_in_carriageway,vehicle_leaving_carriageway,hit_object_off_carriageway,is_car,is_cyle,is_mcyle,is_goodsv,is_other,is_pedestrian,month,day
2024131492852,2024,131492852,425153,428994,-1.61999,53.7567,3,3,2,08:07,-1,E08000035,3,0,1,0,1,-1,-1,-1,-1,-1,-1,1,0,0,1,0,0,9,16
2024131492905,2024,131492905,413157,433364,-1.80174,53.79642,3,3,3,16:00,-1,E08000032,4,0,1,0,1,"[9, -1]","[7, -1]","[3, -1]","[0, -1]","[0, -1]","[0, -1]",1,0,0,0,0,0,9,17
2024131492971,2024,131492971,405999,441253,-1.91026,53.86746,3,3,2,13:00,-1,E08000032,6,0,1,0,1,9,7,5,0,0,0,1,0,0,0,0,1,9,16
2024131493065,2024,131493065,418600,433638,-1.71909,53.79872,3,3,3,18:05,-1,E08000032,4,0,1,0,1,"[19, 3]","[7, 3]","[3, 7]",0,0,0,1,0,0,0,0,0,9,17
2024131493120,2024,131493120,415558,430006,-1.76546,53.76617,3,3,4,17:45,-1,E08000032,6,0,1,0,1,"[19, 9]","[1, 5]","[5, 7]",0,0,0,1,0,1,0,0,0,9,18
2024131493147,2024,131493147,429191,431920,-1.55847,53.78279,3,3,4,17:25,-1,E08000035,1,0,1,0,1,19,"[1, 3]","[1, 3]",0,"[0, 1]",0,1,0,0,1,0,0,9,18
2024131493151,2024,131493151,430712,435031,-1.53508,53.81067,3,3,4,16:17,-1,E08000035,6,0,1,0,1,19,1,5,0,0,0,1,0,0,0,0,0,9,18
2024131493181,2024,131493181,426807,433613,-1.5945,53.79814,3,3,3,16:26,-1,E08000035,6,0,1,0,1,-1,-1,-1,-1,-1,0,1,0,0,0,0,1,9,17
2024131493385,2024,131493385,419544,438051,-1.70448,53.83835,3,3,4,16:52,-1,E08000032,3,0,1,0,1,"[3, -1]","[6, -1]","[2, -1]","[0, -1]","[0, -1]","[0, -1]",1,0,0,0,0,0,9,18
2024131493484,2024,131493484,429410,439288,-1.55444,53.849,3,3,4,15:03,-1,E08000035,6,0,1,0,1,"[-1, 2]","[-1, 5]","[-1, 1]","[-1, 0]","[-1, 0]","[-1, 0]",1,0,0,1,0,0,9,18
2024131493491,2024,131493491,432525,433756,-1.50768,53.7991,3,3,5,09:20,-1,E08000035,3,0,1,0,1,"[-1, 19]","[-1, 7]","[-1, 7]","[-1, 0]","[-1, 0]",0,1,1,0,0,0,0,9,19
2024131493565,2024,131493565,414571,434351,-1.78023,53.80525,3,3,5,16:12,-1,E08000032,6,0,1,0,1,7,"[2, 1]","[2, 1]",0,0,0,1,0,0,0,0,0,9,19
2024131493603,2024,131493603,405953,423574,-1.91129,53.70856,2,2,5,17:20,-1,E08000033,3,0,1,0,1,"[5, 3]",7,3,0,0,0,0,0,0,1,0,0,9,19
2024131493652,2024,131493652,429716,412534,-1.55235,53.60853,2,2,4,16:27,-1,E08000036,1,0,1,0,2,19,5,1,0,0,0,1,0,0,0,0,0,9,18
2024131493656,2024,131493656,416738,433047,-1.7474,53.79347,3,3,4,17:00,-1,E08000032,3,0,1,0,1,-1,-1,-1,-1,-1,0,1,0,0,0,0,1,9,18
2024131493705,2024,131493705,419696,416601,-1.70353,53.64555,2,"[2, 3]",6,02:30,-1,E08000034,6,2,1,0,2,19,6,2,11,7,4,1,0,0,0,0,0,9,20
2024131493838,2024,131493838,440114,423379,-1.39381,53.70531,2,2,6,09:00,-1,E08000036,6,0,1,0,1,19,7,3,0,1,10,1,0,0,0,0,0,9,20
2024131493860,2024,131493860,430623,434642,-1.53647,53.80718,3,3,3,09:00,-1,E08000035,3,0,8,0,1,4,5,1,0,0,0,1,0,0,0,0,0,7,9
2024131493898,2024,131493898,415793,409127,-1.76295,53.5785,3,3,5,18:20,-1,E08000034,6,0,1,0,1,"[7, 2]","[5, 0]","[2, 0]",0,0,0,1,1,0,0,0,0,9,19
2024131493932,2024,131493932,418319,435130,-1.72327,53.81214,3,3,4,18:45,-1,E08000032,6,0,1,0,1,19,"[6, 7]","[1, 3]",0,0,0,1,1,0,0,0,0,9,11
2024131493951,2024,131493951,448824,420692,-1.2623,53.68042,3,3,6,08:47,-1,E08000036,2,0,1,0,2,11,1,1,0,0,0,1,0,0,0,0,0,9,20
2024131493995,2024,131493995,409274,418191,-1.86114,53.66013,3,3,6,15:47,-1,E08000034,1,0,1,0,2,19,3,7,0,0,0,1,0,0,0,0,0,9,20
2024131494067,2024,131494067,413510,437726,-1.79619,53.83562,3,3,6,19:30,-1,E08000032,3,2,2,1,1,19,7,3,0,0,0,1,0,0,0,0,1,9,20
2024131494076,2024,131494076,417539,434861,-1.73513,53.80975,3,3,5,17:30,-1,E08000032,6,0,1,0,1,-1,-1,-1,-1,-1,-1,0,0,0,0,1,1,9,19
2024131494082,2024,131494082,412731,433230,-1.80821,53.79523,1,1,6,21:37,-1,E08000032,4,2,1,0,1,"[9, 19]","[2, 5]","[2, 5]",0,0,0,1,0,1,0,0,0,9,20
2024131494120,2024,131494120,434003,425837,-1.48611,53.72783,2,2,7,04:07,-1,E08000035,1,2,1,0,2,19,3,7,0,0,0,0,0,0,1,0,1,9,21
2024131494254,2024,131494254,430065,433364,-1.54506,53.79572,3,3,6,10:52,-1,E08000035,6,0,1,0,1,1,3,7,0,1,0,1,0,0,0,0,1,9,20
2024131494347,2024,131494347,432507,424140,-1.50896,53.71267,3,3,7,16:12,-1,E08000036,6,0,1,0,1,"[19, 10, 4]","[1, 5, 3]","[5, 3, 7]",0,0,0,1,0,0,0,0,0,9,21
2024131494391,2024,131494391,409997,425672,-1.84996,53.72735,2,2,1,01:02,-1,E08000033,3,2,1,0,1,19,6,2,0,0,0,1,0,0,0,0,1,9,22
2024131494417,2024,131494417,415651,428334,-1.76413,53.75114,3,3,4,18:10,-1,E08000032,6,0,1,0,1,19,"[-1, 7]","[-1, 3]","[-1, 0]","[-1, 0]",0,1,1,0,0,0,1,7,17
2024131494428,2024,131494428,412337,416993,-1.81484,53.6493,3,3,5,14:49,-1,E08000034,6,0,2,1,1,19,"[1, 7]","[5, 3]",0,0,0,1,0,0,0,0,0,9,12
2024131494448,2024,131494448,428183,417011,-1.57512,53.64885,3,3,7,20:45,-1,E08000036,4,2,1,0,2,"[9, 19]","[1, 5]","[5, 1]",0,0,0,1,0,0,0,0,0,9,21
2024131494453,2024,131494453,428006,435417,-1.57613,53.81429,3,3,7,23:20,-1,E08000035,6,2,1,0,1,"[19, 9]","[1, 7]","[5, 1]",0,0,0,1,0,0,0,0,0,9,21
2024131494476,2024,131494476,428559,424988,-1.5687,53.72052,3,3,7,18:45,-1,E08000035,6,0,1,0,1,19,6,2,0,0,0,1,0,0,0,0,1,9,21
2024131494491,2024,131494491,414171,437878,-1.78614,53.83696,3,3,1,11:05,-1,E08000032,6,0,1,0,1,"[19, 1]",1,5,0,0,0,1,0,0,0,0,0,9,22
2024131494513,2024,131494513,438997,446042,-1.40787,53.90907,3,3,1,11:47,-1,E08000035,3,0,1,0,1,"[9, 19]","[3, 1]","[5, 3]",0,0,0,1,0,0,0,0,0,9,22
2024131494556,2024,131494556,417580,432744,-1.73463,53.79072,3,3,7,23:15,-1,E08000032,6,2,1,0,1,"[19, -1]","[7, -1]","[3, -1]","[0, -1]","[0, -1]","[0, -1]",1,0,0,0,0,0,9,21
2024131494570,2024,131494570,420548,440225,-1.68908,53.85785,2,2,7,13:24,-1,E08000035,3,0,1,0,1,19,1,1,0,0,0,1,1,0,0,0,0,7,13
2024131494579,2024,131494579,441313,431958,-1.37451,53.78232,2,"[3, 2]",1,14:45,-1,E08000035,3,0,1,0,2,"[19, 5]","[7, 1]","[3, 7]",0,"[7, 0]",0,1,0,1,0,0,0,9,22
2024131494613,2024,131494613,432765,427515,-1.5047,53.74299,3,3,1,20:45,-1,E08000035,3,2,1,1,1,"[5, 19]","[7, 2]","[3, 6]",0,0,0,1,1,0,0,0,0,9,22
2024131494617,2024,131494617,414828,438105,-1.77615,53.83899,3,3,1,19:34,-1,E08000032,6,2,1,1,1,"[9, 19]","[3, 7]","[7, 3]",0,"[0, 1]",0,1,0,1,0,0,0,9,22
2024131494619,2024,131494619,442698,411280,-1.35633,53.59636,2,2,1,20:24,-1,E08000036,4,2,2,1,2,19,3,7,0,0,0,1,0,0,0,0,0,9,22
2024131494639,2024,131494639,428324,432522,-1.57157,53.78825,2,2,1,22:20,-1,E08000035,3,2,2,1,1,19,3,7,0,0,0,1,0,0,0,0,0,9,22
2024131494642,2024,131494642,405904,441845,-1.91169,53.87278,3,3,1,22:20,-1,E08000032,6,2,2,1,1,19,1,5,0,1,0,1,0,0,0,0,0,9,22
2024131494677,2024,131494677,409439,420992,-1.85856,53.6853,3,3,1,15:16,-1,E08000033,4,0,2,1,1,"[11, 19]","[1, 6]","[1, 6]",0,0,0,1,0,0,0,0,0,9,22
2024131495197,2024,131495197,415197,431152,-1.77088,53.77648,3,3,2,15:57,-1,E08000032,6,0,1,0,1,19,"[7, 5]","[3, 1]",0,0,0,1,0,0,0,0,0,9,23
2024131495198,2024,131495198,428306,435091,-1.57161,53.81134,2,2,2,19:42,-1,E08000035,6,2,1,0,1,9,8,2,0,0,0,1,0,0,0,0,1,9,23
2024131495199,2024,131495199,432370,436364,-1.50976,53.82255,3,3,2,11:22,-1,E08000035,6,0,1,1,1,"[19, 7]",1,1,0,0,0,1,0,0,0,0,0,9,23
2024131495211,2024,131495211,434931,435194,-1.47099,53.81187,3,3,2,08:50,-1,E08000035,6,0,2,1,1,"[12, 19]","[5, 1]","[1, 5]",0,0,0,1,1,0,0,0,0,9,23
2024131495224,2024,131495224,435754,436170,-1.45838,53.82058,3,3,5,09:57,-1,E08000035,6,0,1,0,1,"[7, 4]","[7, 1]","[1, 5]",0,0,0,1,0,0,0,1,0,9,12
2024131495230,2024,131495230,417407,431642,-1.73732,53.78082,3,3,3,09:20,-1,E08000032,6,0,1,0,1,5,5,5,0,0,0,1,0,0,0,0,1,9,24
2024131495244,2024,131495244,434393,438591,-1.47878,53.84243,2,"[2, 3]",2,13:45,-1,E08000035,6,0,9,0,2,"[19, 4]","[8, 2]","[5, 6]",0,0,0,1,0,0,0,0,0,9,9
2024131495359,2024,131495359,422045,443117,-1.66612,53.88378,3,3,2,12:57,-1,E08000035,6,0,1,1,2,7,1,3,0,0,0,1,0,0,0,0,0,9,23
2024131495415,2024,131495415,433238,421207,-1.4982,53.68627,3,3,3,14:42,-1,E08000036,3,0,1,0,1,19,2,2,0,0,0,1,0,0,0,0,1,9,24
2024131495430,2024,131495430,406322,440038,-1.90537,53.85653,3,3,6,17:04,-1,E08000032,6,0,1,0,1,"[19, 5]","[7, 5]","[3, 1]",0,0,0,1,1,0,0,0,0,6,28
2024131495447,2024,131495447,434661,421635,-1.47661,53.69002,3,3,3,16:27,-1,E08000036,6,0,1,0,1,"[19, 7]","[4, 7]","[2, 3]",0,"[0, 1]",0,1,1,0,0,0,0,9,24
2024131495456,2024,131495456,426530,435644,-1.59853,53.81641,3,3,6,12:15,-1,E08000035,6,0,1,0,1,5,1,5,0,0,0,0,0,0,1,0,0,9,20
2024131495472,2024,131495472,429284,433733,-1.55689,53.79908,3,3,3,17:30,-1,E08000035,6,0,1,0,1,19,1,5,0,0,0,1,0,0,0,0,0,9,24
2024131495476,2024,131495476,424740,423545,-1.62668,53.70775,3,3,2,09:22,-1,E08000034,3,0,2,1,1,9,3,5,0,0,0,1,0,0,0,0,1,9,23
2024131495515,2024,131495515,415886,433356,-1.76031,53.79627,2,2,2,14:24,-1,E08000032,6,0,2,0,1,"[19, 9]",1,"[1, 3]",0,"[0, 7]",0,1,0,0,0,0,0,9,23
2024131495718,2024,131495718,424308,432739,-1.63251,53.7904,2,2,4,07:20,-1,E08000035,6,0,1,0,1,"[19, 5]","[3, 5]","[3, 7]",0,0,0,1,0,1,0,0,0,9,25
2024131495775,2024,131495775,417202,432397,-1.74039,53.78761,3,3,3,07:05,-1,E08000032,6,0,1,0,1,19,"[7, 5]","[3, 1]",0,0,0,1,0,0,0,0,0,9,24
2024131495864,2024,131495864,429942,418461,-1.54837,53.66178,2,2,4,08:26,-1,E08000036,4,0,1,0,1,19,6,2,0,0,0,1,0,0,0,0,1,9,25
2024131495871,2024,131495871,427625,435964,-1.58187,53.81922,3,3,3,09:10,-1,E08000035,4,0,2,1,1,"[9, 19]",2,"[4, 6]",0,0,0,1,1,0,0,0,0,9,24
2024131495923,2024,131495923,416974,436610,-1.74362,53.82548,3,3,4,18:12,-1,E08000032,6,2,2,1,1,19,"[1, 5]","[5, 1]",0,0,0,1,0,0,0,0,0,9,25
2024131495926,2024,131495926,430429,427295,-1.54013,53.74115,3,3,2,17:15,-1,E08000035,6,2,1,0,1,"[7, 19]",1,5,0,0,0,1,0,0,0,0,0,9,23
2024131495958,2024,131495958,415100,433565,-1.77224,53.79817,2,"[2, 3]",4,21:15,-1,E08000032,6,2,2,1,1,"[19, 9]","[7, 1]","[3, 7]",0,0,0,1,0,0,0,0,0,9,25
2024131495987,2024,131495987,428785,436947,-1.56416,53.828,2,2,4,21:00,-1,E08000035,6,2,2,1,1,"[2, 19]","[0, 3]","[0, 7]","[0, 4]","[0, 1]",0,1,0,0,0,0,0,9,25
2024131495996,2024,131495996,429183,435162,-1.55828,53.81193,3,3,5,01:35,-1,E08000035,3,2,2,1,1,19,1,5,0,0,0,1,0,0,0,0,0,9,26
2024131496008,2024,131496008,433132,420393,-1.49989,53.67896,3,3,5,04:40,-1,E08000036,3,2,1,1,1,19,"[3, 1]","[7, 5]",0,"[3, 6]","[1, 0]",1,0,0,0,0,0,9,26
2024131496016,2024,131496016,428138,435845,-1.57409,53.81813,3,3,6,18:55,-1,E08000035,3,0,1,0,1,"[7, 19]",5,1,0,0,0,1,1,0,0,0,0,9,13
2024131496024,2024,131496024,435421,439798,-1.46302,53.85321,3,3,1,11:14,-1,E08000035,6,0,1,0,2,19,"[5, 7]","[1, 3]",0,"[0, 4]",0,1,0,0,0,0,0,7,28
2024131496144,2024,131496144,432948,435030,-1.50112,53.81052,3,3,4,15:30,-1,E08000035,6,0,1,0,1,"[-1, 19]","[-1, 7]","[-1, 3]","[-1, 0]","[-1, 0]",0,1,1,0,0,0,0,9,25
2024131496223,2024,131496223,414514,416733,-1.78191,53.6469,2,2,4,12:35,-1,E08000034,6,0,1,0,1,9,3,7,0,0,0,1,0,0,0,0,1,9,25
2024131496275,2024,131496275,426617,427720,-1.59789,53.74518,2,2,4,17:30,-1,E08000035,6,0,2,1,1,19,"[2, 6]","[6, 2]",0,0,0,1,0,0,0,0,0,9,25
2024131496306,2024,131496306,431135,434656,-1.52869,53.80727,2,2,5,07:34,-1,E08000035,6,0,8,0,1,19,5,1,0,0,0,1,0,0,0,0,0,9,26
2024131496312,2024,131496312,414802,429955,-1.77693,53.76574,3,3,5,12:40,-1,E08000032,6,0,2,1,1,19,"[7, 5]","[3, 1]",0,0,0,1,0,0,0,0,0,9,26
2024131496383,2024,131496383,422462,426247,-1.661,53.73214,2,2,5,15:52,-1,E08000034,3,0,1,1,1,19,8,4,0,0,0,1,0,0,0,0,1,9,26
2024131496440,2024,131496440,418580,431321,-1.71954,53.77789,3,3,5,19:33,-1,E08000032,6,2,1,0,1,19,"[7, 1]","[3, 5]",0,0,0,1,1,0,0,0,0,9,26
2024131496450,2024,131496450,416801,432709,-1.74646,53.79043,3,3,5,18:14,-1,E08000032,3,0,2,1,1,19,7,5,7,0,0,1,0,0,0,0,0,9,26
2024131496451,2024,131496451,412325,417338,-1.815,53.6524,3,3,2,15:27,-1,E08000034,3,0,1,0,1,"[2, 19]","[0, 7]","[0, 3]",0,0,0,1,0,0,0,0,0,9,23
2024131496461,2024,131496461,416841,446583,-1.74509,53.91512,3,3,5,20:17,-1,E08000032,3,2,2,1,2,19,"[3, 5]",7,0,4,"[6, 0]",1,0,0,0,0,0,9,26
2024131496480,2024,131496480,432980,439235,-1.50019,53.84831,3,3,5,21:30,-1,E08000035,3,2,2,1,2,"[19, -1]","[7, -1]","[7, -1]","[0, -1]","[0, -1]",0,1,0,0,0,0,0,9,26
2024131496487,2024,131496487,406127,451106,-1.90812,53.95601,2,"[2, 3]",5,22:09,-1,E08000032,3,2,2,1,2,"[19, 6]","[8, 4]","[4, 8]",0,"[1, 0]","[5, 0]",1,0,0,0,0,0,9,26
2024131496617,2024,131496617,431523,432744,-1.52299,53.79006,3,3,5,15:00,-1,E08000035,6,0,2,1,1,-1,-1,-1,-1,-1,-1,1,0,0,0,0,1,9,26
2024131496636,2024,131496636,429778,434137,-1.54935,53.80269,3,3,5,00:20,-1,E08000035,6,2,9,0,1,19,8,4,0,0,0,1,0,0,0,0,1,9,26
2024131496661,2024,131496661,416485,434731,-1.75115,53.80861,3,3,5,19:00,-1,E08000032,6,0,1,0,1,-1,-1,-1,-1,-1,-1,1,0,0,0,0,1,9,26
2024131496681,2024,131496681,448404,422423,-1.26839,53.69601,3,3,6,09:29,-1,E08000036,1,0,1,1,2,19,7,3,0,0,0,1,0,0,0,0,0,9,27
2024131496697,2024,131496697,410606,420825,-1.84089,53.68378,3,3,4,10:30,-1,E08000033,6,0,9,0,1,19,"[6, 3]","[2, 1]",0,0,0,1,1,0,0,0,0,9,25
2024131496714,2024,131496714,416928,423971,-1.74501,53.71189,3,3,6,14:00,-1,E08000033,1,0,1,0,2,19,3,"[7, 8]",0,0,0,1,0,0,0,0,0,9,27
2024131496728,2024,131496728,414835,437572,-1.77607,53.8342,3,3,6,07:15,-1,E08000032,3,0,1,0,1,5,5,1,0,0,0,1,0,0,0,0,1,9,6
2024131496752,2024,131496752,433148,434021,-1.49819,53.80144,3,3,5,16:00,-1,E08000035,6,0,1,0,1,19,7,3,0,0,0,0,0,0,1,0,1,9,26
2024131496794,2024,131496794,407327,425353,-1.89044,53.72453,3,3,6,08:14,-1,E08000033,6,0,1,0,1,19,5,1,0,7,10,1,0,0,0,0,1,9,27
2024131496823,2024,131496823,419135,441785,-1.71047,53.87192,2,2,6,16:44,-1,E08000035,4,0,1,0,1,7,7,3,0,0,0,1,0,0,0,0,0,9,27
2024131496842,2024,131496842,411317,420537,-1.83014,53.68117,3,3,6,16:10,-1,E08000033,6,0,1,0,1,5,4,8,0,0,0,0,0,0,1,0,1,9,27
2024131496886,2024,131496886,440800,429756,-1.38258,53.76257,3,3,6,19:09,-1,E08000035,6,2,8,0,1,"[19, 15, 2]","[6, 2, 0]","[2, 6, 0]","[0, 4]",0,0,1,0,0,1,0,0,9,27
2024131496899,2024,131496899,441784,430207,-1.36759,53.76654,2,2,6,21:21,-1,E08000035,4,2,1,0,1,"[2, 19]","[3, 7]",3,0,0,0,1,0,0,0,0,1,9,27
2024131496901,2024,131496901,421461,413030,-1.67708,53.61338,2,2,6,23:29,-1,E08000034,6,2,1,0,2,19,3,7,0,7,11,1,0,0,0,0,0,9,27
2024131496904,2024,131496904,415702,433752,-1.76309,53.79984,3,3,6,23:10,-1,E08000032,6,2,1,0,1,"[9, 2, -1]","[8, 1, -1]","[7, 1, -1]","[0, -1]","[0, -1]",0,1,0,0,0,0,0,9,27
2024131497026,2024,131497026,405812,442495,-1.91308,53.87862,3,3,6,13:55,-1,E08000032,6,0,1,0,1,-1,-1,-1,-1,-1,-1,1,0,0,0,0,1,9,27
2024131497054,2024,131497054,423276,429745,-1.6484,53.76354,1,"[1, 2]",7,09:08,-1,E08000035,3,0,1,0,1,"[19, 9]",1,"[5, 7]",0,0,0,1,0,1,0,0,0,9,28
2024131497075,2024,131497075,408232,426385,-1.87669,53.73379,2,2,4,13:47,-1,E08000033,6,0,1,0,1,"[2, 19]","[0, 7]","[0, 3]",0,0,0,1,1,0,0,0,0,7,31
2024131497098,2024,131497098,430086,431252,-1.54495,53.77674,3,3,7,13:45,-1,E08000035,3,0,1,0,1,"[9, 4]","[8, 2]",6,0,0,0,1,0,0,0,0,0,9,28
2024131497128,2024,131497128,399779,418509,-2.00482,53.66307,2,2,7,16:07,-1,E08000033,3,0,2,1,2,19,1,1,0,0,0,0,0,1,0,0,0,9,28
2024131497167,2024,131497167,432756,435903,-1.50394,53.81838,3,3,7,17:15,-1,E08000035,3,0,1,0,1,-1,-1,-1,-1,-1,-1,0,1,0,0,0,1,9,28
2024131497226,2024,131497226,432464,433891,-1.50859,53.80031,3,3,7,18:55,-1,E08000035,6,2,1,0,1,19,"[1, 5]","[5, 1]",0,0,0,1,0,0,0,0,0,9,28
2024131497299,2024,131497299,438863,422255,-1.4129,53.6953,3,3,4,14:37,-1,E08000036,6,0,1,0,1,-1,-1,-1,-1,-1,-1,1,0,0,0,0,1,9,25
2024131497370,2024,131497370,406369,440768,-1.90464,53.86309,3,3,5,22:12,-1,E08000032,6,2,1,0,1,"[19, 4]","[1, 5]","[5, 1]",0,0,0,1,0,0,0,0,0,8,1
2024131497427,2024,131497427,430092,435413,-1.54445,53.81414,2,2,6,19:40,-1,E08000035,6,0,1,0,1,"[3, 19]",6,1,0,0,0,1,0,0,0,0,0,9,27
2024131497430,2024,131497430,433239,420923,-1.49821,53.68371,2,"[3, 2]",1,14:00,-1,E08000036,3,0,1,0,1,"[9, 19]","[5, 1]","[1, 5]",0,0,0,1,0,0,0,0,0,9,29
2024131497437,2024,131497437,449182,423692,-1.25641,53.70735,3,3,1,14:38,-1,E08000036,6,0,1,0,1,19,1,5,0,0,0,1,0,0,0,0,0,9,29
2024131497466,2024,131497466,429135,435252,-1.559,53.81274,3,3,1,00:22,-1,E08000035,3,2,1,0,1,"[6, 19]",8,4,0,0,0,1,0,1,0,0,0,9,29
2024131497469,2024,131497469,419200,431475,-1.71012,53.77926,2,2,1,16:05,-1,E08000032,6,0,1,0,1,7,1,3,0,0,0,0,0,1,0,0,1,9,29
2024131497537,2024,131497537,415346,431114,-1.76862,53.77614,3,3,6,20:17,-1,E08000032,6,2,1,0,1,"[19, 2, 9]","[5, 0]","[1, 0, 7]","[4, 0]",0,0,1,0,0,0,0,0,9,27
2024131497581,2024,131497581,431958,425527,-1.51714,53.72517,3,3,2,07:05,-1,E08000035,1,0,2,1,2,"[4, 19]",5,1,0,0,0,1,0,0,0,0,0,9,30
2024131497657,2024,131497657,433378,435185,-1.49457,53.81189,3,3,1,15:38,-1,E08000035,6,0,1,0,1,"[19, 9]",7,3,0,0,0,1,0,0,0,0,0,9,29
2024131497660,2024,131497660,427466,430667,-1.58476,53.77162,3,3,2,10:50,-1,E08000035,6,0,2,1,1,-1,-1,-1,-1,-1,-1,1,0,0,0,0,1,9,30
2024131497758,2024,131497758,416591,438002,-1.74936,53.83801,3,3,7,10:47,-1,E08000032,6,0,1,0,1,"[19, 13]","[6, 2]","[2, 6]",0,0,0,1,0,0,0,0,0,7,13
2024131497795,2024,131497795,416563,432677,-1.75007,53.79015,3,3,2,14:29,-1,E08000032,3,0,2,1,1,19,7,3,0,0,0,0,0,1,0,0,0,9,30
2024131497806,2024,131497806,435300,419252,-1.4672,53.66856,3,3,2,14:30,-1,E08000036,3,0,2,1,2,19,3,6,0,0,0,1,0,0,0,0,0,9,30
2024131497871,2024,131497871,428984,432357,-1.56157,53.78673,3,3,2,16:25,-1,E08000035,6,0,2,1,1,"[7, 19]","[3, 1]","[7, 5]",0,0,0,1,0,0,0,0,0,9,30
2024131497874,2024,131497874,429655,438791,-1.55077,53.84452,3,3,2,16:35,-1,E08000035,3,0,2,1,1,"[19, 8]","[3, 1]",3,0,0,0,1,0,0,0,0,0,9,30
2024131497875,2024,131497875,407593,432339,-1.88623,53.78732,3,3,7,01:01,-1,E08000032,3,2,1,0,2,"[7, 2]","[7, 0]","[7, 0]","[10, 0]","[1, 0]","[11, 0]",1,0,0,0,0,0,7,13
2024131497876,2024,131497876,417798,435667,-1.73115,53.81698,2,2,2,16:07,-1,E08000032,6,0,2,1,1,"[9, 5]",5,"[3, 1]",0,0,0,1,0,0,0,0,0,9,30
2024131497877,2024,131497877,431042,439133,-1.52965,53.84751,2,2,2,15:55,-1,E08000035,6,0,2,1,1,"[1, 2]","[1, 0]","[5, 0]",0,0,0,1,0,0,0,0,0,9,30
2024131497912,2024,131497912,430664,433656,-1.53594,53.79831,3,3,2,19:20,-1,E08000035,3,2,2,1,1,"[3, 4]",5,1,0,0,0,1,1,0,0,0,0,9,30
2024131498075,2024,131498075,410508,431750,-1.84201,53.78197,3,3,3,10:11,-1,E08000032,6,0,1,0,2,19,6,2,0,0,0,1,0,0,0,0,0,6,25
2024131498076,2024,131498076,430513,438120,-1.53779,53.83844,2,2,3,07:59,-1,E08000035,6,0,2,1,1,"[19, 7]","[1, 5]","[1, 5]","[10, 0]",0,0,1,0,0,0,0,0,10,1
2024131498174,2024,131498174,416338,432288,-1.75351,53.78666,3,3,3,12:35,-1,E08000032,3,0,2,1,1,7,1,7,7,0,0,1,0,0,0,0,0,10,1
2024131498203,2024,131498203,411881,437167,-1.82097,53.83063,3,3,2,08:25,-1,E08000032,4,0,2,1,1,-1,-1,-1,-1,-1,-1,1,0,0,0,0,1,9,30
2024131498258,2024,131498258,428234,436455,-1.57258,53.8236,3,3,2,13:27,-1,E08000035,6,0,2,1,1,19,5,1,0,0,0,1,0,0,0,0,1,9,30
2024131498285,2024,131498285,428829,437829,-1.56341,53.83592,3,3,3,11:50,-1,E08000035,6,0,2,1,1,"[19, 4]",2,6,0,0,0,1,0,0,0,0,0,10,1
2024131498304,2024,131498304,415935,432720,-1.7596,53.79055,3,3,3,08:15,-1,E08000032,3,0,1,0,1,"[3, 19]",6,2,"[0, 8]",0,0,1,1,0,0,0,0,10,1
2024131498358,2024,131498358,405731,440913,-1.91434,53.8644,3,3,3,17:41,-1,E08000032,4,0,1,0,1,19,1,5,0,0,0,1,0,0,0,0,0,10,1
2024131498405,2024,131498405,424994,432892,-1.62208,53.79175,3,3,3,19:52,-1,E08000035,6,2,1,0,1,19,"[3, 5]","[7, 1]",0,0,0,1,0,0,0,0,0,10,1
2024131498412,2024,131498412,444856,424964,-1.32175,53.71917,3,3,3,15:47,-1,E08000036,6,0,1,1,1,"[14, 7]","[1, 3]",5,0,0,0,1,0,1,0,0,0,10,1
2024131498433,2024,131498433,433002,416520,-1.50227,53.64415,3,3,3,23:23,-1,E08000036,6,2,1,0,1,"[2, 14]","[0, 2]","[0, 6]",0,0,0,1,0,0,0,0,0,7,23
2024131498529,2024,131498529,416663,434924,-1.74843,53.81034,3,3,4,08:07,-1,E08000032,3,0,1,0,1,"[5, 19]","[1, 3]","[5, 7]",0,0,0,1,1,0,0,0,0,10,2
2024131498536,2024,131498536,427326,437197,-1.5863,53.83032,3,3,4,08:00,-1,E08000035,3,0,1,0,1,"[9, 19]","[3, 1]","[1, 5]",0,0,0,1,0,0,0,0,0,10,2
2024131498554,2024,131498554,445372,425094,-1.31392,53.72029,3,3,3,15:30,-1,E08000036,6,0,2,1,1,"[2, 19]","[1, 5]","[5, 1]",0,0,0,1,0,0,0,0,1,10,1
2024131498596,2024,131498596,417506,432934,-1.73574,53.79243,3,3,4,09:57,-1,E08000032,3,0,1,0,1,"[19, 9]","[3, 1]",7,0,0,0,1,0,0,0,0,0,10,2
2024131498612,2024,131498612,436352,435730,-1.44935,53.81659,3,3,4,10:10,-1,E08000035,6,0,1,0,1,-1,-1,-1,-1,-1,-1,1,0,0,0,0,1,10,2
2024131498661,2024,131498661,418279,434461,-1.72392,53.80613,3,3,4,08:12,-1,E08000032,6,0,1,0,1,"[19, 5]","[5, 7]","[1, 3]",0,"[0, 1]",0,1,0,0,0,0,0,10,2