collision_index,collision_year,collision_ref_no,location_easting_osgr,location_northing_osgr,longitude,latitude,casualty_severity,casualty_severity,day_of_week,time,local_authority_district,local_authority_ons_district,first_road_class,light_conditions,weather_conditions,road_surface_conditions,urban_or_rural_area,vehicle_manoeuvre,vehicle_direction_from,vehicle_direction_to,hit_object_in_carriageway,vehicle_leaving_carriageway,hit_object_off_carriageway,is_car,is_cyle,is_mcyle,is_goodsv,is_other,is_pedestrian,month,day
2024131507802,2024,131507802,427368,421876,-1.58702,53.69262,3,3,5,03:01,-1,E08000036,6,2,1,0,1,"[2, 19]","[0, 1]","[0, 5]","[0, 4]",0,0,1,0,0,0,0,0,10,24
2024131507805,2024,131507805,417463,436163,-1.73621,53.82145,2,2,4,22:10,-1,E08000032,6,2,1,0,1,"[19, 5]","[5, 6]","[1, 2]",0,0,0,1,0,0,0,0,0,10,23
2024131507822,2024,131507822,415043,416429,-1.77393,53.64416,2,2,2,08:00,-1,E08000034,4,0,1,0,1,"[19, 9]","[3, 2]",3,0,0,0,1,0,0,0,0,0,8,5
2024131507874,2024,131507874,414985,432095,-1.77405,53.78497,3,3,5,07:05,-1,E08000032,6,0,1,0,1,"[9, 5]","[1, 5]","[5, 1]",0,0,0,1,0,0,0,0,0,10,24
2024131507885,2024,131507885,413583,423182,-1.79572,53.70489,3,3,5,07:44,-1,E08000033,6,0,1,0,1,19,"[5, 3]","[1, 7]",0,0,0,1,0,1,0,0,0,10,24
2024131507945,2024,131507945,432342,426027,-1.51126,53.72964,3,3,5,10:12,-1,E08000035,1,0,1,0,2,"[9, 7]",1,5,0,0,0,1,0,0,1,0,0,10,24
2024131508020,2024,131508020,424460,421501,-1.63109,53.68939,3,3,5,12:31,-1,E08000034,3,0,1,0,1,"[4, 6]",6,2,0,0,0,1,0,1,0,0,0,10,24
2024131508121,2024,131508121,428432,430234,-1.57014,53.76768,3,3,4,11:46,-1,E08000035,6,0,1,0,1,5,7,3,0,0,0,1,0,0,0,0,1,10,23
2024131508128,2024,131508128,435086,433482,-1.46883,53.79647,2,2,3,12:40,-1,E08000035,4,0,1,0,1,"[3, 19]","[7, 3]","[3, 7]",0,0,0,1,0,0,1,0,0,10,22
2024131508134,2024,131508134,409744,422899,-1.85388,53.70244,3,3,5,13:46,-1,E08000033,3,0,1,0,1,"[9, 19]","[3, 1]","[1, 5]",0,0,0,1,0,0,0,0,0,10,24
2024131508147,2024,131508147,444606,418776,-1.32643,53.66357,2,2,5,16:30,-1,E08000036,3,0,1,0,2,19,1,5,0,1,9,1,0,0,0,0,0,10,24
2024131508148,2024,131508148,405781,424170,-1.91389,53.71392,2,2,3,19:10,-1,E08000033,3,2,1,0,1,19,7,1,0,0,0,1,0,0,0,0,0,10,22
2024131508187,2024,131508187,409439,420994,-1.85856,53.68532,3,3,5,18:20,-1,E08000033,4,2,1,0,1,"[7, 19]","[2, 1]","[3, 2]",0,0,0,1,1,0,0,0,0,10,24
2024131508214,2024,131508214,418847,436441,-1.71517,53.8239,2,"[2, 3]",5,16:00,-1,E08000032,3,0,1,0,1,"[9, 19]","[5, 1]","[3, 5]","[0, -1]","[0, -1]","[0, -1]",1,0,1,0,0,0,10,24
2024131508215,2024,131508215,407087,434305,-1.89387,53.80499,2,2,4,15:30,-1,E08000032,3,0,2,1,2,5,1,5,0,0,0,0,0,0,1,0,1,10,23
2024131508243,2024,131508243,428062,435014,-1.57532,53.81066,3,3,5,20:55,-1,E08000035,6,2,1,0,1,"[5, 19]","[3, 1]","[1, 5]",0,0,0,1,0,0,0,0,0,10,24
2024131508245,2024,131508245,419481,445010,-1.705,53.90089,2,2,5,21:30,-1,E08000035,3,2,1,0,1,19,"[3, 1]","[7, 5]",0,0,0,1,1,0,0,0,0,10,24
2024131508269,2024,131508269,433591,434456,-1.49142,53.80532,2,2,5,20:02,-1,E08000035,6,0,1,0,1,19,"[8, 6]",4,0,0,0,1,1,0,0,0,0,7,25
2024131508313,2024,131508313,428565,420888,-1.56898,53.68367,3,3,6,07:07,-1,E08000036,6,2,7,1,1,"[10, 19]","[5, 1]","[7, 1]",0,0,0,1,1,0,0,0,0,10,25
2024131508480,2024,131508480,430918,435044,-1.53195,53.81077,3,3,5,18:00,-1,E08000035,3,2,1,0,1,19,3,7,10,0,0,1,0,0,0,0,0,10,24
2024131508557,2024,131508557,429495,432909,-1.55376,53.79166,2,2,5,08:49,-1,E08000035,6,0,1,0,1,"[19, 9]","[3, 7]","[7, 3]",0,0,0,1,0,1,0,0,0,10,24
2024131508575,2024,131508575,412590,435571,-1.81026,53.81627,2,2,6,15:12,-1,E08000032,6,0,2,1,1,19,1,5,0,0,0,1,0,0,0,0,1,10,25
2024131508583,2024,131508583,431651,434086,-1.52091,53.80212,3,3,5,15:10,-1,E08000035,6,0,1,0,1,-1,-1,-1,-1,-1,-1,1,0,0,0,0,1,10,24
2024131508614,2024,131508614,421700,423692,-1.67273,53.70921,3,3,6,17:40,-1,E08000034,6,2,2,1,1,-1,-1,-1,-1,-1,-1,1,0,0,0,0,0,10,25
2024131508628,2024,131508628,424006,423582,-1.6378,53.70812,2,"[2, 3]",6,17:55,-1,E08000034,6,2,2,1,1,9,5,7,0,0,0,1,0,0,0,0,1,10,25
2024131508638,2024,131508638,430894,438627,-1.53195,53.84298,2,2,6,18:30,-1,E08000035,6,2,1,1,1,19,7,3,0,0,0,1,0,0,0,0,1,10,25
2024131508651,2024,131508651,409258,435738,-1.86086,53.81784,3,3,6,16:36,-1,E08000032,6,0,2,1,2,"[19, -1]","[1, 7]","[1, 7]","[0, -1]",0,0,1,0,0,0,0,0,10,25
2024131508674,2024,131508674,408115,418029,-1.87868,53.65869,2,2,6,21:11,-1,E08000033,4,2,7,1,2,-1,-1,-1,-1,-1,0,1,0,0,0,0,1,10,25
2024131508858,2024,131508858,430845,434035,-1.53316,53.80171,3,3,7,13:18,-1,E08000035,3,0,1,0,1,19,1,5,"[2, 0]",0,0,1,0,0,0,0,0,10,26
2024131508875,2024,131508875,412049,406678,-1.81959,53.55659,3,3,7,14:32,-1,E08000034,3,0,1,0,1,"[19, 2]","[2, 0]","[6, 0]",0,0,0,1,0,0,0,0,0,10,26
2024131508891,2024,131508891,431296,432328,-1.52648,53.78634,3,3,5,08:00,-1,E08000035,3,0,1,0,1,-1,-1,-1,-1,-1,-1,1,0,0,0,0,1,10,24
2024131508915,2024,131508915,407681,424565,-1.88509,53.71744,3,3,6,09:27,-1,E08000033,6,0,1,0,1,-1,-1,-1,-1,-1,-1,1,0,0,0,0,1,10,25
2024131508922,2024,131508922,429788,431642,-1.54943,53.78026,2,2,6,14:45,-1,E08000035,6,0,1,0,1,"[-1, 19]","[-1, 3]","[-1, 7]","[-1, 0]","[-1, 0]",0,0,1,0,0,0,0,10,25
2024131508923,2024,131508923,426353,435468,-1.60124,53.81483,3,3,6,21:15,-1,E08000035,3,2,2,1,1,19,1,1,0,0,0,1,1,0,0,0,1,10,25
2024131508958,2024,131508958,418846,437867,-1.7151,53.83672,3,3,7,16:42,-1,E08000032,6,0,1,0,1,"[2, 19]","[0, 3]","[0, 7]",0,0,0,1,0,0,0,0,0,10,26
2024131508996,2024,131508996,428512,429627,-1.56898,53.76222,3,3,1,00:20,-1,E08000035,3,2,1,1,1,19,1,5,0,0,0,1,0,0,0,0,0,10,27
2024131508997,2024,131508997,414131,426216,-1.78728,53.73215,3,3,7,22:42,-1,E08000033,3,2,2,1,1,"[-1, 19]","[-1, 6, 2]","[-1, 6, 2]","[-1, 0]","[-1, 0]","[-1, 0]",1,0,0,0,0,0,10,26
2024131509020,2024,131509020,413062,415570,-1.80393,53.63649,2,2,1,01:08,-1,E08000034,6,2,1,1,1,19,8,4,0,7,10,1,0,0,0,0,0,10,27
2024131509056,2024,131509056,415724,436846,-1.7626,53.82765,3,3,1,09:40,-1,E08000032,6,0,1,0,1,19,5,1,0,1,0,1,0,0,0,0,0,10,27
2024131509060,2024,131509060,432481,434789,-1.50824,53.80838,3,3,5,17:00,-1,E08000035,4,0,1,0,1,19,1,4,0,0,0,1,1,0,0,0,0,10,24
2024131509091,2024,131509091,431874,430403,-1.51791,53.769,3,3,1,12:15,-1,E08000035,3,0,1,0,2,19,1,5,0,0,0,1,0,0,0,0,0,10,27
2024131509100,2024,131509100,433572,420644,-1.4932,53.68118,3,3,7,16:45,-1,E08000036,6,0,1,0,1,-1,-1,-1,-1,-1,-1,1,0,0,0,0,1,10,26
2024131509121,2024,131509121,409419,418102,-1.85895,53.65932,3,3,1,10:59,-1,E08000034,3,0,1,0,1,19,7,3,0,6,1,1,0,0,0,0,0,10,27
2024131509124,2024,131509124,434584,433270,-1.47647,53.7946,2,2,1,13:09,-1,E08000035,6,0,1,0,1,19,"[3, 1]","[3, 1]",0,0,0,1,0,1,0,0,0,10,27
2024131509130,2024,131509130,432662,420593,-1.50699,53.68078,3,3,1,13:55,-1,E08000036,3,0,1,0,1,19,3,3,0,0,0,1,0,0,0,0,1,10,27
2024131509137,2024,131509137,417714,405540,-1.73414,53.5462,2,2,1,10:54,-1,E08000034,3,0,1,0,2,19,1,5,0,0,0,1,1,0,0,0,0,10,27
2024131509162,2024,131509162,414662,432481,-1.77894,53.78844,3,3,1,14:37,-1,E08000032,3,0,1,0,1,"[9, 19]","[3, 7]","[5, 7]",0,"[0, 7]",0,1,0,0,0,0,0,10,27
2024131509220,2024,131509220,414819,432169,-1.77657,53.78564,2,2,6,12:30,-1,E08000032,3,0,1,1,1,19,6,6,0,0,0,1,0,0,0,0,1,10,25
2024131509222,2024,131509222,409820,448039,-1.85194,53.92839,2,2,4,09:55,-1,E08000032,3,0,8,0,2,19,"[5, 1]","[5, 1]",0,0,0,1,0,0,0,1,0,10,23
2024131509281,2024,131509281,415614,429122,-1.76466,53.75823,3,3,2,05:11,-1,E08000032,3,2,2,1,1,19,"[7, 5]","[3, 1]",0,0,0,1,1,0,0,0,1,10,28
2024131509288,2024,131509288,422017,420169,-1.66817,53.67753,2,2,7,16:02,-1,E08000034,3,0,1,0,1,9,3,7,0,0,0,1,0,0,0,0,1,9,21
2024131509314,2024,131509314,414073,431440,-1.78792,53.7791,3,3,4,15:12,-1,E08000032,3,0,1,1,1,"[6, 19]","[0, 2]",6,0,0,0,1,0,0,0,0,0,8,7
2024131509324,2024,131509324,420431,427419,-1.69171,53.74275,3,3,1,23:50,-1,E08000034,3,2,1,0,1,5,5,1,0,0,0,1,0,0,0,0,0,8,4
2024131509373,2024,131509373,416755,433691,-1.7471,53.79926,2,2,2,09:42,-1,E08000032,3,2,1,1,1,19,4,8,0,0,0,1,0,0,0,1,0,10,28
2024131509437,2024,131509437,430609,435391,-1.53661,53.81391,3,3,2,08:13,-1,E08000035,6,0,1,1,1,"[2, 9, 19]","[0, 5, 2, 7]","[0, 1, 3]",0,0,0,1,0,0,0,0,0,10,28
2024131509442,2024,131509442,425132,433925,-1.6199,53.80102,2,"[3, 2]",6,17:45,-1,E08000035,6,0,1,0,1,"[19, 12]",1,"[1, 3]",0,0,0,1,0,0,0,0,0,7,19
2024131509466,2024,131509466,417773,432914,-1.73169,53.79224,3,3,6,23:00,-1,E08000032,3,2,2,1,1,"[4, 19]",3,7,0,0,0,1,0,0,0,0,0,10,25
2024131509483,2024,131509483,428628,434179,-1.5668,53.80313,3,3,2,13:10,-1,E08000035,6,0,1,0,1,"[7, 19]","[2, 8]","[6, 4]",0,0,0,1,0,0,0,0,0,10,28
2024131509552,2024,131509552,444995,419883,-1.32038,53.67349,3,3,2,12:58,-1,E08000036,3,0,1,0,2,"[13, 19]",5,1,0,0,0,1,0,0,0,0,0,10,28
2024131509580,2024,131509580,432930,415494,-1.50347,53.63494,3,3,1,14:02,-1,E08000036,3,0,1,0,1,"[19, 9]","[5, 1]","[1, 5]",0,0,0,1,0,0,0,0,0,10,27
2024131509617,2024,131509617,428101,434506,-1.57477,53.80609,3,3,2,15:04,-1,E08000035,6,0,1,1,1,"[19, 9]",7,"[3, 5]",0,0,0,1,0,1,0,0,0,10,28
2024131509624,2024,131509624,436106,431177,-1.45362,53.77568,3,3,2,17:52,-1,E08000035,1,2,1,0,2,19,1,5,0,0,0,1,0,0,0,0,0,10,28
2024131509632,2024,131509632,413129,435353,-1.80208,53.8143,2,2,6,21:10,-1,E08000032,6,2,1,1,1,-1,-1,-1,-1,-1,0,1,0,0,0,0,1,10,25
2024131509651,2024,131509651,416375,446274,-1.75221,53.91236,2,2,2,14:00,-1,E08000032,6,0,1,1,1,"[2, 1]","[0, 7]","[0, 3]",0,0,0,1,0,0,0,0,1,10,28
2024131509675,2024,131509675,414139,432111,-1.78689,53.78513,3,3,2,16:00,-1,E08000032,6,0,2,1,1,"[9, -1]","[6, 8]",8,0,"[1, 7]",0,1,0,0,0,0,0,10,28
2024131509704,2024,131509704,418111,435172,-1.72643,53.81252,1,"[1, 2]",2,13:27,-1,E08000032,3,0,1,1,1,"[19, 2, 6]","[1, 0]","[1, 0]",0,"[0, 2]",0,1,0,1,0,0,0,10,28
2024131509751,2024,131509751,409536,440726,-1.85649,53.86267,3,3,5,13:10,-1,E08000032,3,0,1,0,2,"[9, 19]",5,1,0,0,0,1,0,0,0,0,0,5,30
2024131509764,2024,131509764,409202,410052,-1.86247,53.58697,3,3,3,07:00,-1,E08000034,6,2,1,1,2,19,2,6,0,0,0,1,0,0,0,0,0,10,29
2024131509909,2024,131509909,419329,427766,-1.70839,53.74591,3,3,2,07:55,-1,E08000034,1,0,1,0,2,"[11, -1]","[7, -1]","[1, -1]","[0, -1]","[0, -1]","[0, -1]",1,0,0,0,0,0,10,28
2024131509913,2024,131509913,408671,419729,-1.87022,53.67396,3,3,2,11:30,-1,E08000033,4,0,9,0,2,-1,-1,-1,-1,-1,-1,0,0,0,1,0,1,10,28
2024131509941,2024,131509941,430037,435507,-1.54528,53.81498,3,3,3,11:36,-1,E08000035,6,0,1,0,1,"[19, 2]","[5, 3]","[1, 7]",0,0,0,1,0,0,0,0,0,10,29
2024131509945,2024,131509945,417366,420425,-1.73857,53.68,3,3,2,16:30,-1,E08000034,3,0,1,0,1,"[-1, 19]","[-1, 3]","[-1, 7]","[-1, 0]","[-1, 0]","[-1, 0]",1,0,0,0,0,0,10,28
2024131509956,2024,131509956,418121,433576,-1.72637,53.79818,3,3,2,12:25,-1,E08000032,4,0,1,1,1,"[5, 19]","[1, 3]","[5, 7]",0,0,0,1,1,0,0,0,0,10,28
2024131509996,2024,131509996,427100,426133,-1.59071,53.73089,3,3,2,12:50,-1,E08000035,1,0,1,0,1,19,7,3,0,0,0,1,0,0,1,0,0,10,28
2024131510003,2024,131510003,438893,442869,-1.40985,53.88056,3,3,3,12:37,-1,E08000035,6,0,1,0,2,19,7,3,0,1,3,1,0,0,0,0,0,10,29
2024131510011,2024,131510011,414444,416937,-1.78296,53.64874,3,3,3,08:15,-1,E08000034,6,0,1,0,1,7,1,3,0,0,0,1,0,0,1,0,0,10,1
2024131510031,2024,131510031,427625,434521,-1.582,53.80626,3,3,3,13:27,-1,E08000035,6,0,1,0,1,9,1,3,0,0,0,1,0,0,0,0,1,10,29
2024131510045,2024,131510045,419428,433943,-1.70651,53.80143,2,2,3,14:02,-1,E08000032,3,0,1,0,1,19,7,3,0,0,0,1,0,0,0,0,0,10,29
2024131510054,2024,131510054,430004,434124,-1.54592,53.80256,3,3,3,20:22,-1,E08000035,6,2,1,1,1,"[-1, 19]","[-1, 4]","[-1, 8]","[-1, 0]","[-1, 0]","[-1, 0]",1,1,0,0,0,0,10,22
2024131510085,2024,131510085,416667,433417,-1.74845,53.7968,2,2,3,14:25,-1,E08000032,6,0,1,0,1,19,1,5,0,0,0,1,0,0,0,0,1,10,29
2024131510095,2024,131510095,405759,423321,-1.91424,53.70629,3,3,7,19:00,-1,E08000033,3,2,9,0,1,"[19, -1]","[5, -1]","[1, -1]","[0, -1]","[0, -1]","[0, -1]",1,0,0,0,0,0,10,26
2024131510100,2024,131510100,429649,435284,-1.5512,53.813,2,2,3,16:47,-1,E08000035,6,2,1,0,1,"[19, 2, -1]","[5, 0, -1]","[1, 0, -1]","[0, -1]","[0, -1]",0,1,0,1,1,0,0,10,29
2024131510130,2024,131510130,427447,432582,-1.58488,53.78884,2,2,3,13:06,-1,E08000035,6,0,1,0,1,19,8,5,0,0,0,1,0,0,0,0,1,10,29
2024131510138,2024,131510138,413477,429299,-1.79706,53.75988,3,3,3,16:38,-1,E08000032,6,0,1,0,1,"[2, 14]","[0, 5]","[0, 1]",0,0,0,1,0,1,0,0,0,10,29
2024131510151,2024,131510151,414577,417128,-1.78094,53.65045,3,3,3,17:30,-1,E08000034,3,2,1,0,1,"[2, 19]","[0, 5]","[0, 1]","[0, 4]",0,0,1,0,1,0,0,0,10,29
2024131510176,2024,131510176,435715,436943,-1.45888,53.82753,2,2,3,18:19,-1,E08000035,3,2,1,0,1,19,8,4,0,0,0,1,0,0,0,0,1,10,29
2024131510210,2024,131510210,437771,445638,-1.42658,53.90553,3,3,1,18:25,-1,E08000035,3,2,2,1,1,"[19, 2]",7,3,"[4, 0]","[0, 7]","[0, 11]",1,0,0,0,0,0,10,27
2024131510238,2024,131510238,426513,435653,-1.59879,53.81649,2,2,5,09:15,-1,E08000035,4,0,1,0,1,"[9, 19]","[4, 6]","[6, 4]",0,0,0,1,1,0,0,0,0,10,10
2024131510421,2024,131510421,431251,417847,-1.52862,53.65619,3,3,5,17:12,-1,E08000036,1,0,1,1,2,19,1,5,0,0,0,1,0,0,0,0,0,8,15
2024131510446,2024,131510446,429753,430931,-1.55003,53.77387,2,2,6,17:00,-1,E08000035,6,0,1,0,1,-1,-1,-1,-1,-1,-1,1,0,0,0,0,1,9,20
2024131510452,2024,131510452,429600,432558,-1.5522,53.7885,2,2,4,12:12,-1,E08000035,6,0,1,0,1,19,"[7, 5]","[3, 1]",0,0,0,1,0,0,0,0,0,10,30
2024131510473,2024,131510473,418076,431145,-1.7272,53.77633,3,3,4,12:30,-1,E08000032,3,0,1,0,1,19,6,2,0,0,0,1,0,0,1,0,0,10,30
2024131510485,2024,131510485,412807,435287,-1.80698,53.81371,2,2,1,12:50,-1,E08000032,6,2,1,0,1,"[-1, 19]","[-1, 5]","[-1, 1]","[-1, 0]","[-1, 0]",0,1,1,0,0,0,0,10,27
2024131510496,2024,131510496,427005,421933,-1.59251,53.69315,3,3,7,21:59,-1,E08000036,4,2,1,0,1,-1,-1,-1,-1,-1,0,1,0,0,0,0,0,7,27
2024131510499,2024,131510499,430879,429950,-1.53305,53.76499,3,3,3,12:30,-1,E08000035,6,0,1,0,1,"[6, 19]","[3, 1]","[7, 5]",0,0,0,1,0,1,0,0,0,10,29
2024131510517,2024,131510517,442520,425889,-1.35702,53.72767,3,3,2,11:50,-1,E08000036,3,0,1,0,1,3,3,7,0,0,0,1,0,0,0,1,0,10,28
2024131510651,2024,131510651,425219,437870,-1.61826,53.83648,3,3,5,16:24,-1,E08000035,3,0,1,0,1,"[4, -1]","[3, -1]","[7, -1]","[0, -1]","[0, -1]",0,1,0,0,0,0,0,6,20
2024131510671,2024,131510671,417023,433065,-1.74307,53.79362,3,3,2,07:12,-1,E08000032,3,0,2,0,1,"[7, 19]","[2, 3]","[6, 7]",0,0,0,1,0,0,0,0,0,6,3
2024131510797,2024,131510797,424713,423916,-1.62706,53.71109,3,3,5,11:06,-1,E08000034,3,0,1,0,1,"[9, 19]","[5, 1]","[1, 5]",0,0,0,1,0,0,0,0,0,10,31
2024131510816,2024,131510816,433156,426324,-1.4989,53.73226,3,3,5,09:00,-1,E08000035,3,0,1,0,1,19,8,4,0,0,0,1,0,0,0,0,0,10,31
2024131510979,2024,131510979,416146,433609,-1.75635,53.79854,3,3,5,15:36,-1,E08000032,3,0,1,0,1,"[19, -1]","[3, -1]","[7, -1]","[0, -1]","[0, -1]","[0, -1]",1,0,0,0,0,0,10,31
2024131511020,2024,131511020,424647,418758,-1.62847,53.66473,3,3,5,17:00,-1,E08000034,6,2,1,0,1,9,3,7,0,0,0,1,0,0,0,0,1,10,31
2024131511089,2024,131511089,415145,412871,-1.77256,53.61217,2,2,5,18:31,-1,E08000034,6,2,1,0,2,"[19, 9]","[3, 6]","[7, 3]",0,0,0,1,0,0,0,0,0,10,31
2024131511095,2024,131511095,443325,435484,-1.34348,53.81384,3,3,5,22:45,-1,E08000035,4,2,1,0,2,19,"[1, 3]","[5, 7]",0,0,0,1,0,0,0,0,0,10,31
2024131511104,2024,131511104,434349,419463,-1.48157,53.67052,3,3,5,19:04,-1,E08000036,6,2,1,0,1,"[19, 2]","[-1, 0, 3]","[-1, 0, 7]","[-1, 0]","[-1, 0]","[-1, 0]",1,0,1,0,0,0,10,31
2024131511153,2024,131511153,429964,430873,-1.54684,53.77334,3,3,6,06:30,-1,E08000035,3,2,1,0,1,"[9, 19]",5,1,0,0,0,1,0,0,0,0,0,11,1
2024131511198,2024,131511198,401048,415405,-1.98563,53.63517,3,3,6,09:09,-1,E08000033,1,0,4,0,2,19,3,7,0,0,0,1,0,0,0,0,0,11,1
2024131511298,2024,131511298,413187,417569,-1.80195,53.65445,3,3,6,12:19,-1,E08000034,6,0,1,0,1,9,5,5,0,0,0,1,0,0,0,0,1,11,1
2024131511307,2024,131511307,449046,423900,-1.25843,53.70923,2,2,4,13:15,-1,E08000036,6,0,1,1,1,19,1,5,0,0,0,0,0,1,0,0,0,10,30
2024131511314,2024,131511314,430210,432819,-1.54292,53.79081,3,3,4,16:20,-1,E08000035,3,0,1,0,1,"[3, 19]",3,7,0,0,0,1,1,0,0,0,0,10,30
2024131511380,2024,131511380,433946,417658,-1.48787,53.65432,3,3,5,14:50,-1,E08000036,3,0,1,0,1,4,1,5,0,0,0,1,0,0,0,0,0,10,31
2024131511392,2024,131511392,415137,432953,-1.7717,53.79267,3,3,4,11:50,-1,E08000032,6,0,1,0,1,"[4, 19]",2,6,0,0,0,1,0,0,0,0,0,10,30
2024131511603,2024,131511603,432174,426129,-1.5138,53.73057,3,3,7,07:50,-1,E08000035,1,0,1,0,2,"[11, -1]","[3, -1]","[7, -1]","[0, -1]","[0, -1]","[0, -1]",1,0,0,0,0,0,11,2
2024131511653,2024,131511653,428967,429881,-1.56206,53.76448,2,2,5,17:00,-1,E08000035,3,2,9,0,1,"[19, -1]","[3, -1]","[7, -1]","[0, -1]","[0, -1]","[0, -1]",0,1,0,0,0,0,10,31
2024131511677,2024,131511677,442105,424543,-1.36349,53.71561,3,3,7,15:45,-1,E08000036,6,0,1,0,1,"[2, 19]","[0, 7]","[0, 3]",0,0,0,1,0,0,0,0,0,11,2
2024131511723,2024,131511723,426825,426664,-1.59483,53.73568,3,3,7,10:00,-1,E08000035,3,0,1,0,1,19,"[7, 5]","[3, 1]",0,0,0,1,0,0,0,0,0,11,2
2024131511739,2024,131511739,409576,441112,-1.85587,53.86614,3,3,7,19:00,-1,E08000032,6,2,1,0,1,"[19, 6]",7,"[3, 7]",0,0,0,1,0,0,0,0,0,11,2
2024131511759,2024,131511759,424517,425137,-1.62994,53.72207,2,"[2, 3]",6,23:05,-1,E08000034,4,2,1,0,1,19,5,1,0,7,11,1,0,0,0,0,0,11,1
2024131511811,2024,131511811,413984,432362,-1.78923,53.78739,3,3,4,20:04,-1,E08000032,6,2,1,0,1,"[9, 19]","[3, 5]","[5, 1]",0,0,0,1,0,0,0,0,0,10,30
2024131511939,2024,131511939,438956,431547,-1.41033,53.7788,3,3,6,15:55,-1,E08000035,6,0,1,0,2,"[19, 10]",4,"[8, 1]",0,0,0,1,0,0,0,0,0,11,1
2024131512020,2024,131512020,434789,419313,-1.47493,53.66914,3,3,1,17:30,-1,E08000036,4,2,1,0,1,"[19, 3]",3,"[5, 7]",0,0,0,1,0,0,0,0,0,11,3
2024131512071,2024,131512071,427478,431311,-1.58452,53.77741,3,3,1,20:09,-1,E08000035,3,2,1,0,1,19,"[1, 3]","[5, 7]",0,0,0,1,0,0,0,0,0,11,3
2024131512268,2024,131512268,407620,424287,-1.88602,53.71495,3,3,7,01:00,-1,E08000033,6,0,1,0,1,"[12, 19]",1,1,0,0,0,1,0,0,0,0,0,11,2
2024131512285,2024,131512285,445162,411020,-1.31914,53.59382,3,3,2,12:15,-1,E08000036,4,0,1,0,1,"[19, 9]","[3, 5]","[7, 1]",0,0,0,1,0,0,0,0,0,11,4
2024131512324,2024,131512324,434912,433421,-1.47148,53.79593,3,3,2,10:22,-1,E08000035,4,0,1,0,1,12,1,3,0,2,0,1,0,0,0,0,1,11,4
2024131512329,2024,131512329,428148,434731,-1.57404,53.80811,2,2,2,08:17,-1,E08000035,6,0,1,0,1,19,"[5, 3]","[5, 3]",0,0,0,1,0,0,0,0,0,11,4
2024131512395,2024,131512395,425114,433796,-1.62019,53.79987,3,3,2,19:50,-1,E08000035,6,2,1,0,1,"[19, 2]","[5, 0]","[1, 0]","[4, 0]",0,0,1,0,0,0,0,0,11,4
2024131512404,2024,131512404,430401,432790,-1.54002,53.79054,3,3,2,17:55,-1,E08000035,3,2,1,0,1,19,"[7, 1]","[3, 5]",0,"[7, 0]","[1, 0]",1,1,0,0,0,0,11,4
2024131512407,2024,131512407,434278,418099,-1.48279,53.65826,3,3,7,13:10,-1,E08000036,6,0,1,0,1,19,1,5,11,0,0,1,0,0,0,0,0,11,2
2024131512428,2024,131512428,404984,440477,-1.92571,53.86049,3,3,2,17:50,-1,E08000032,6,2,1,0,1,"[19, 2]","[3, 0]","[7, 0]",0,0,0,1,0,0,0,0,0,11,4
2024131512476,2024,131512476,432345,424446,-1.51138,53.71543,2,2,6,08:02,-1,E08000036,6,0,1,0,1,"[3, 19]",3,7,0,0,0,1,0,1,0,0,0,7,19
2024131512604,2024,131512604,443639,436840,-1.33852,53.826,3,3,3,10:18,-1,E08000035,2,0,1,0,2,"[11, 19]",5,1,0,0,0,1,0,0,1,0,0,11,5
2024131512689,2024,131512689,431902,425453,-1.51799,53.72451,3,3,2,08:15,-1,E08000035,1,0,1,0,2,"[19, 11]",2,6,0,0,0,1,0,0,0,0,0,11,4
2024131512717,2024,131512717,431170,440728,-1.52755,53.86184,2,2,2,07:46,-1,E08000035,3,0,1,1,1,"[9, 19]","[7, 3]","[5, 7]",0,0,0,1,0,1,0,0,0,11,4
2024131512728,2024,131512728,429058,435419,-1.56016,53.81425,2,2,7,00:25,-1,E08000035,6,2,1,1,1,"[14, 19]","[1, 5]","[5, 1]",0,0,0,1,1,0,0,0,0,11,2
2024131512742,2024,131512742,419013,441980,-1.71231,53.87368,2,2,3,10:02,-1,E08000035,3,0,1,0,1,19,3,7,0,0,0,0,0,0,1,0,1,11,5
2024131512754,2024,131512754,449531,423903,-1.25109,53.70921,3,3,3,15:08,-1,E08000036,3,0,1,0,1,"[19, 9]","[3, 7]","[3, 1]",0,0,0,1,0,0,0,0,0,11,5
2024131512770,2024,131512770,431788,435057,-1.51873,53.81084,2,"[3, 2]",3,16:38,-1,E08000035,6,2,1,0,1,"[19, 2]","[7, 5, 0]","[3, 1, 0]","[0, 4]","[0, 1]","[0, 11]",1,0,0,0,0,0,11,5
2024131512781,2024,131512781,428007,433605,-1.57628,53.798,2,"[3, 2]",3,07:38,-1,E08000035,3,0,1,0,1,19,7,3,0,0,0,0,1,0,0,0,1,11,5
2024131512791,2024,131512791,440698,417125,-1.38578,53.64905,3,3,3,15:57,-1,E08000036,4,0,1,0,2,"[19, 9]","[5, 7]","[5, 1]",0,0,0,1,0,0,0,0,0,11,5
2024131512840,2024,131512840,405703,423370,-1.91508,53.70673,2,"[3, 2]",2,13:35,-1,E08000033,6,0,1,0,1,"[7, 12]","[6, 8]","[7, 5]",0,"[1, 3]",0,1,0,0,0,1,0,11,4