collision_index,collision_year,collision_ref_no,location_easting_osgr,location_northing_osgr,longitude,latitude,casualty_severity,casualty_severity,day_of_week,time,local_authority_district,local_authority_ons_district,first_road_class,light_conditions,weather_conditions,road_surface_conditions,urban_or_rural_area,vehicle_manoeuvre,vehicle_direction_from,vehicle_direction_to,hit_object_in_carriageway,vehicle_leaving_carriageway,hit_object_off_carriageway,is_car,is_cyle,is_mcyle,is_goodsv,is_other,is_pedestrian,month,day
2024131512847,2024,131512847,429271,435251,-1.55694,53.81273,3,3,3,19:30,-1,E08000035,6,2,1,0,1,19,5,1,4,0,0,1,0,0,0,0,1,11,5
2024131512856,2024,131512856,427094,421874,-1.59117,53.69261,3,3,3,22:18,-1,E08000036,4,2,1,0,1,"[5, 4]","[1, 7]","[5, 3]",0,1,0,1,0,0,0,0,0,11,5
2024131512858,2024,131512858,438009,413176,-1.42694,53.61376,3,3,3,23:35,-1,E08000036,6,2,8,0,2,"[9, 19]",1,1,0,"[1, 3]","[0, 1]",1,0,0,0,0,0,11,5
2024131512862,2024,131512862,413009,440545,-1.80369,53.86097,3,3,4,00:55,-1,E08000032,6,2,1,0,2,19,3,7,0,2,11,1,0,0,0,0,0,11,6
2024131512872,2024,131512872,407606,426024,-1.88619,53.73056,3,3,3,23:37,-1,E08000033,6,2,1,0,1,"[12, 19]","[5, 1]","[1, 5]",0,0,0,1,0,0,0,0,0,11,5
2024131512876,2024,131512876,435587,423193,-1.46241,53.70396,1,"[1, 3]",4,01:30,-1,E08000036,6,2,1,0,2,19,6,2,0,"[1, 0]","[11, 0]",1,0,0,0,0,0,11,6
2024131512889,2024,131512889,430943,434389,-1.53163,53.80488,3,3,3,12:13,-1,E08000035,6,0,1,0,1,"[9, 19]","[6, 2]","[2, 6]",0,0,0,1,1,0,0,0,0,11,5
2024131512985,2024,131512985,429758,437054,-1.54937,53.8289,3,3,2,18:45,-1,E08000035,6,2,1,0,1,19,3,7,0,0,0,1,0,0,0,0,1,11,4
2024131513037,2024,131513037,418261,436838,-1.72405,53.82749,3,3,2,15:30,-1,E08000032,6,0,1,0,1,19,5,1,0,0,0,1,0,0,0,0,1,11,4
2024131513057,2024,131513057,412776,428970,-1.80771,53.75694,3,3,3,14:30,-1,E08000033,6,0,1,0,1,"[5, 19]","[1, 7]","[5, 3]",0,0,0,1,1,0,0,0,0,11,5
2024131513076,2024,131513076,443033,424468,-1.34944,53.71486,3,3,4,09:30,-1,E08000036,3,0,1,0,2,"[3, 19]",2,6,0,0,0,1,0,0,0,0,0,11,6
2024131513088,2024,131513088,426372,427787,-1.6016,53.7458,3,3,4,05:00,-1,E08000035,6,0,1,0,1,"[2, 9]","[0, 7]","[0, 5]","[0, 4]",0,0,1,0,0,1,0,0,7,24
2024131513099,2024,131513099,414556,418402,-1.7812,53.6619,3,3,7,14:00,-1,E08000034,6,0,1,0,1,"[19, 3]","[5, 6]","[7, 2]",0,0,0,1,0,0,0,0,0,10,26
2024131513120,2024,131513120,424597,421916,-1.62898,53.69311,3,3,4,11:00,-1,E08000034,6,0,1,0,1,19,8,4,0,0,0,1,0,0,0,0,1,11,6
2024131513123,2024,131513123,419963,446246,-1.69759,53.91199,2,2,4,06:42,-1,E08000035,6,2,1,0,1,"[9, 19]","[5, 1]","[1, 5]",0,0,0,1,1,0,0,0,0,11,6
2024131513125,2024,131513125,425813,427172,-1.61013,53.7403,3,3,3,17:45,-1,E08000035,4,2,1,0,1,"[19, -1]","[3, -1]","[7, -1]","[0, -1]","[0, -1]",0,1,1,0,0,0,0,11,5
2024131513142,2024,131513142,417256,432791,-1.73955,53.79115,2,2,4,13:55,-1,E08000032,6,0,1,0,1,19,"[2, 4]","[4, 8]","[0, 10]",0,0,1,0,0,0,0,0,11,6
2024131513151,2024,131513151,410593,439432,-1.84046,53.85102,2,"[3, 2]",4,13:12,-1,E08000032,4,0,1,0,1,"[19, 4]",1,5,0,0,0,1,0,0,0,0,0,11,6
2024131513172,2024,131513172,431006,418287,-1.53228,53.66016,3,3,4,16:57,-1,E08000036,1,2,1,0,2,19,1,5,0,0,0,1,0,1,0,0,0,11,6
2024131513186,2024,131513186,417443,433448,-1.73667,53.79705,3,3,4,08:25,-1,E08000032,4,0,1,0,1,-1,-1,-1,-1,-1,-1,0,1,0,0,0,1,11,6
2024131513212,2024,131513212,432064,436084,-1.51444,53.82005,2,2,4,19:32,-1,E08000035,6,2,1,0,1,"[9, 5]","[3, 1]","[1, 5]",0,0,0,1,0,0,0,0,0,11,6
2024131513221,2024,131513221,417628,434355,-1.73381,53.8052,2,2,4,20:19,-1,E08000032,6,2,1,0,1,19,1,5,0,0,0,1,0,0,0,0,1,11,6
2024131513258,2024,131513258,431021,428189,-1.53107,53.74915,2,2,4,18:19,-1,E08000035,6,2,1,0,1,"[19, 11]","[1, 5]","[5, 4]",0,0,0,1,0,0,0,0,0,11,6
2024131513281,2024,131513281,411140,419004,-1.83287,53.6674,2,2,5,04:42,-1,E08000034,6,2,1,1,1,"[2, 19]","[5, 0]","[5, 0]","[4, 0]",0,0,1,0,0,0,0,0,11,7
2024131513586,2024,131513586,442209,422436,-1.36221,53.69667,3,3,3,13:55,-1,E08000036,4,0,1,0,1,"[2, -1]","[0, -1]","[0, -1]","[0, -1]","[0, -1]","[0, -1]",1,0,0,0,0,0,11,5
2024131513613,2024,131513613,423092,422166,-1.65175,53.69543,2,"[3, 2]",5,16:53,-1,E08000034,6,2,1,0,1,"[2, 15, 19]","[0, 5, 1]","[0, 1, 5]","[0, 4]",0,0,1,0,0,0,0,0,11,7
2024131513618,2024,131513618,422175,433982,-1.6648,53.80167,3,3,5,18:10,-1,E08000035,4,2,1,0,1,"[3, 19]",5,1,0,0,0,1,0,0,0,0,0,11,7
2024131513634,2024,131513634,433872,419497,-1.48879,53.67086,2,2,5,12:55,-1,E08000036,6,0,1,0,1,"[19, -1]","[1, -1]","[5, -1]","[0, -1]","[0, -1]","[0, -1]",1,1,0,0,0,0,11,7
2024131513655,2024,131513655,445980,422096,-1.30515,53.69329,3,3,4,13:08,-1,E08000036,3,0,1,0,1,19,"[7, 5]","[3, 1]",0,0,0,1,1,0,0,0,0,11,6
2024131513668,2024,131513668,416826,427706,-1.74635,53.74546,3,3,5,18:03,-1,E08000034,6,2,1,0,2,"[19, 2]","[3, 0]","[7, 0]","[0, 4]",0,0,1,0,0,0,0,0,11,7
2024131513713,2024,131513713,431442,428933,-1.52461,53.75582,2,2,6,16:22,-1,E08000035,6,0,1,0,1,"[2, 19]",1,5,0,0,0,1,0,1,0,0,0,9,6
2024131513964,2024,131513964,443968,424542,-1.33527,53.71545,2,2,6,13:30,-1,E08000036,3,0,1,0,1,-1,-1,-1,-1,-1,0,1,0,0,0,0,1,11,8
2024131513972,2024,131513972,428529,419146,-1.56969,53.66802,2,"[2, 3]",6,08:33,-1,E08000036,4,0,1,0,1,"[19, 10]",2,6,0,0,0,1,0,0,0,0,0,11,8
2024131513997,2024,131513997,423237,434744,-1.64861,53.80847,3,3,6,15:52,-1,E08000035,6,0,1,0,1,"[19, 5, 2]","[3, 5, 0]","[7, 1, 0]","[4, 0]",0,0,1,0,0,0,0,0,11,8
2024131514003,2024,131514003,418897,432192,-1.71467,53.78571,2,2,6,16:17,-1,E08000032,6,2,1,0,1,19,3,7,0,0,0,1,0,0,0,0,1,11,8
2024131514054,2024,131514054,416071,430926,-1.75763,53.77443,2,2,6,20:07,-1,E08000032,6,2,1,0,1,19,5,1,0,0,0,0,1,0,0,0,0,11,8
2024131514093,2024,131514093,411024,432230,-1.83416,53.78628,3,3,6,22:54,-1,E08000032,6,2,1,0,2,19,7,3,0,7,3,1,0,0,0,0,0,11,8
2024131514135,2024,131514135,430883,439816,-1.532,53.85366,3,3,7,05:22,-1,E08000035,3,2,1,0,1,"[19, -1]","[2, -1]","[6, -1]","[0, -1]","[0, -1]",0,1,0,1,0,0,0,11,9
2024131514174,2024,131514174,414051,409554,-1.78924,53.58239,3,3,6,09:35,-1,E08000034,4,0,8,1,1,19,5,1,0,0,0,1,0,0,0,0,1,11,8
2024131514212,2024,131514212,432911,423747,-1.50288,53.70912,3,3,6,20:15,-1,E08000036,3,2,1,0,1,"[19, 9]",2,2,0,0,0,1,0,0,0,0,0,11,8
2024131514245,2024,131514245,417410,436377,-1.73701,53.82338,3,3,7,08:40,-1,E08000032,6,0,2,1,1,9,7,3,0,0,0,1,0,1,0,0,0,11,9
2024131514322,2024,131514322,435328,439435,-1.46448,53.84996,2,"[2, 3]",7,15:36,-1,E08000035,6,0,2,1,2,19,"[5, 8]",5,0,0,0,1,0,0,0,0,0,11,9
2024131514323,2024,131514323,434080,419753,-1.48561,53.67314,3,3,7,20:00,-1,E08000036,3,2,1,0,1,19,1,2,0,0,0,1,0,0,0,0,1,11,9
2024131514370,2024,131514370,431215,434770,-1.52746,53.80829,3,3,7,23:52,-1,E08000035,6,2,1,0,1,19,2,5,0,0,0,0,1,0,0,0,1,11,9
2024131514406,2024,131514406,414479,434988,-1.7816,53.81098,2,"[3, 2]",3,16:50,-1,E08000032,6,0,1,0,1,"[4, 19]",5,5,0,0,0,1,0,0,0,0,0,10,22
2024131514454,2024,131514454,429566,437528,-1.55224,53.83317,3,3,4,09:00,-1,E08000035,6,2,1,0,1,"[19, -1]","[2, -1]","[6, -1]","[0, -1]","[0, -1]","[0, -1]",1,1,0,0,0,0,10,30
2024131514461,2024,131514461,403033,433595,-1.95543,53.79865,2,2,1,11:13,-1,E08000032,6,0,1,1,2,19,1,1,0,7,0,0,0,1,0,0,0,11,10
2024131514491,2024,131514491,427694,432600,-1.58113,53.78899,3,3,1,12:45,-1,E08000035,6,0,1,0,1,19,3,7,10,1,10,1,0,0,0,0,0,11,10
2024131514519,2024,131514519,436671,436353,-1.44443,53.82216,3,3,1,13:53,-1,E08000035,6,0,1,0,1,"[19, 2]","[7, 3, 0]","[3, 7, 0]",0,0,0,1,0,0,0,0,0,11,10
2024131514551,2024,131514551,425344,418179,-1.61797,53.65949,3,3,1,18:47,-1,E08000034,6,2,2,1,1,"[2, 19]","[0, 5]","[0, 1]",0,"[0, 7]","[0, 10]",1,0,0,0,0,0,11,10
2024131514592,2024,131514592,412049,437669,-1.8184,53.83514,3,3,7,17:37,-1,E08000032,3,2,1,0,2,19,5,5,0,0,0,1,0,0,0,0,0,11,9
2024131514594,2024,131514594,421010,425868,-1.68303,53.72879,3,3,1,21:09,-1,E08000034,3,2,8,0,1,"[2, 19]","[0, 1]","[0, 5]","[0, 4]",0,0,1,0,0,0,0,0,11,10
2024131514623,2024,131514623,413566,425502,-1.79588,53.72575,3,3,2,06:26,-1,E08000033,3,0,1,0,1,"[1, 19]",5,5,0,0,0,1,0,1,0,0,0,11,11
2024131514639,2024,131514639,433365,429026,-1.49544,53.75653,3,3,2,07:41,-1,E08000035,6,0,1,0,1,"[19, 5]",8,8,0,0,0,1,0,1,0,0,0,11,11
2024131514712,2024,131514712,426809,426669,-1.59507,53.73573,3,3,1,10:14,-1,E08000035,3,0,1,0,1,19,"[5, 3]","[1, 7]",0,0,0,1,0,0,0,0,0,10,13
2024131514726,2024,131514726,422321,436356,-1.66241,53.823,3,3,2,08:00,-1,E08000035,3,0,1,0,1,"[19, 14]","[7, 5]",3,0,0,0,1,1,0,0,0,0,11,11
2024131514740,2024,131514740,415438,427391,-1.76741,53.74267,2,2,5,11:00,-1,E08000032,4,0,1,0,1,19,5,5,0,0,0,1,0,0,0,1,0,9,12
2024131514887,2024,131514887,423894,435774,-1.63856,53.8177,3,3,2,15:42,-1,E08000035,4,2,1,0,1,19,3,7,0,0,0,1,0,0,0,0,0,11,11
2024131514900,2024,131514900,416938,424619,-1.74482,53.71771,2,2,2,16:45,-1,E08000034,1,2,1,0,2,"[19, 11]","[2, 1]",5,0,0,0,1,0,0,1,0,0,11,11
2024131514930,2024,131514930,442614,427060,-1.35544,53.73819,2,2,2,16:44,-1,E08000035,3,2,1,0,2,"[19, -1]","[1, 5, -1]","[5, 1, -1]","[0, -1]","[0, -1]",0,1,1,0,0,0,0,11,11
2024131514990,2024,131514990,413723,448113,-1.7925,53.92897,3,3,2,20:15,-1,E08000032,3,2,1,0,2,19,3,7,0,0,0,1,0,0,0,0,0,11,11
2024131515097,2024,131515097,406976,429775,-1.89566,53.76428,2,2,3,08:27,-1,E08000033,3,0,1,1,2,"[15, 9]","[1, 7]",5,0,0,0,1,0,0,0,0,0,11,12
2024131515175,2024,131515175,438744,421660,-1.41478,53.68996,2,"[2, 3]",2,16:42,-1,E08000036,6,2,1,0,1,19,"[1, 7]","[5, 3]",0,0,0,1,0,0,0,1,0,11,11
2024131515204,2024,131515204,430529,416844,-1.53964,53.64722,3,3,6,19:45,-1,E08000036,3,2,1,0,1,9,3,"[5, 3]",0,0,0,1,0,0,0,0,0,11,8
2024131515241,2024,131515241,432115,432869,-1.514,53.79115,3,3,2,13:32,-1,E08000035,6,2,1,0,1,"[19, -1]","[4, -1]","[6, -1]","[0, -1]","[0, -1]","[0, -1]",0,1,0,1,0,0,11,11
2024131515260,2024,131515260,435094,434289,-1.46862,53.80372,3,3,3,11:50,-1,E08000035,6,0,1,0,1,19,"[5, 3]","[1, 7]",0,0,0,1,0,0,0,0,0,11,12
2024131515276,2024,131515276,447989,420321,-1.275,53.67716,3,3,2,16:25,-1,E08000036,6,0,1,0,2,"[4, 19]","[1, 5]","[5, 1]",0,0,0,1,0,0,0,1,0,11,11
2024131515352,2024,131515352,420810,420747,-1.68641,53.68277,3,3,3,08:18,-1,E08000034,6,0,1,0,1,4,8,8,0,0,0,1,0,0,0,0,1,11,12
2024131515376,2024,131515376,437352,433336,-1.43445,53.795,2,2,3,12:16,-1,E08000035,3,2,1,0,1,5,3,7,0,0,0,0,0,0,1,0,0,11,12
2024131515452,2024,131515452,431472,435113,-1.52353,53.81136,3,3,3,19:50,-1,E08000035,3,2,1,0,1,"[9, 19]","[8, 2]","[2, 6]",0,0,0,1,1,0,0,0,0,11,12
2024131515465,2024,131515465,413856,432200,-1.79118,53.78594,3,3,3,19:05,-1,E08000032,6,2,1,0,1,"[19, 3]",6,2,0,0,0,1,0,0,0,0,0,11,12
2024131515519,2024,131515519,431884,420349,-1.51879,53.67864,2,2,2,13:25,-1,E08000036,3,0,1,0,1,"[-1, 13]","[-1, 7]","[-1, 3]","[-1, 0]","[-1, 0]",0,1,0,1,0,0,0,11,4
2024131515549,2024,131515549,423531,423466,-1.645,53.70709,3,3,2,20:07,-1,E08000034,6,2,1,0,1,"[9, -1]","[3, -1]","[5, -1]","[0, -1]","[0, -1]","[0, -1]",1,0,1,0,0,0,11,11
2024131515667,2024,131515667,414998,433583,-1.77378,53.79834,3,3,2,17:22,-1,E08000032,4,2,1,0,1,"[19, 5]","[7, 1]","[3, 7]",0,0,0,1,0,0,0,0,0,11,11
2024131515717,2024,131515717,448155,421783,-1.27226,53.69028,3,3,3,11:45,-1,E08000036,2,0,1,0,2,"[12, 19]",5,1,0,0,0,1,0,0,1,0,0,11,12
2024131515756,2024,131515756,415174,434568,-1.77106,53.80719,2,2,3,19:00,-1,E08000032,6,2,1,0,1,1,4,8,0,0,0,1,0,0,0,0,1,11,12
2024131515758,2024,131515758,424264,428359,-1.63352,53.75104,3,3,3,14:46,-1,E08000035,6,0,1,0,1,"[9, 19]","[1, 5]","[5, 1]",0,0,0,1,0,0,0,1,0,11,12
2024131515790,2024,131515790,430946,435936,-1.53143,53.81879,3,3,3,15:30,-1,E08000035,6,0,1,0,1,19,"[3, 5]","[7, 1]",0,0,0,1,0,0,0,0,0,11,12
2024131515806,2024,131515806,427325,437196,-1.58632,53.83031,3,3,3,08:40,-1,E08000035,3,0,1,0,1,-1,-1,-1,-1,-1,-1,1,0,0,0,0,1,11,12
2024131515819,2024,131515819,417744,429858,-1.73231,53.76477,2,2,4,04:50,-1,E08000032,6,2,1,0,1,19,"[5, 1]","[1, 5]",0,0,0,1,1,0,0,0,0,11,6
2024131515859,2024,131515859,411934,417210,-1.82093,53.65126,3,3,4,15:15,-1,E08000034,6,0,1,0,1,19,1,5,0,0,0,1,0,0,0,0,1,11,13
2024131515867,2024,131515867,435669,425144,-1.46094,53.72149,3,3,3,14:22,-1,E08000036,3,0,1,0,1,14,1,5,0,0,0,1,0,0,0,0,1,11,12
2024131515910,2024,131515910,421076,436750,-1.68129,53.82659,3,3,4,16:05,-1,E08000035,4,0,1,0,1,"[9, 19]","[8, 4]","[6, 8]",0,0,0,1,1,0,0,0,0,11,13
2024131515932,2024,131515932,405283,440160,-1.92116,53.85764,2,2,4,15:37,-1,E08000032,6,2,1,0,1,19,1,5,0,"[7, 0]",0,1,0,0,0,0,1,11,13
2024131515959,2024,131515959,417240,432313,-1.73982,53.78686,2,2,4,18:28,-1,E08000032,3,2,1,0,1,19,4,8,0,0,0,1,0,0,0,0,0,11,13
2024131515984,2024,131515984,414436,447695,-1.78166,53.92519,3,3,3,17:00,-1,E08000032,3,2,1,0,2,"[19, 4]","[3, 5]","[7, 1]",0,0,0,1,0,0,1,0,0,11,12
2024131515989,2024,131515989,430980,434446,-1.53107,53.80539,3,3,4,18:30,-1,E08000035,6,2,1,0,1,"[9, 19]",2,"[4, 6]",0,0,0,1,1,0,0,0,0,11,13
2024131516043,2024,131516043,417185,432389,-1.74065,53.78754,3,3,5,04:55,-1,E08000032,3,2,1,1,1,5,"[5, 1]",1,0,0,0,1,1,0,0,0,0,11,14
2024131516079,2024,131516079,411170,435299,-1.83184,53.81386,2,"[2, 3]",4,09:16,-1,E08000032,4,0,8,1,1,"[5, 19]","[5, 7]","[1, 3]","[10, 0]","[7, 0]","[11, 0]",1,0,0,0,0,0,11,13
2024131516335,2024,131516335,423314,433905,-1.64751,53.80093,3,3,3,16:20,-1,E08000035,6,0,1,0,1,-1,-1,-1,-1,-1,-1,1,0,0,0,1,1,11,12
2024131516385,2024,131516385,401826,426113,-1.9738,53.73141,3,3,4,15:05,-1,E08000033,6,0,1,0,2,-1,-1,-1,-1,-1,0,1,0,0,0,0,1,11,13
2024131516397,2024,131516397,434270,418121,-1.48291,53.65846,3,3,5,13:37,-1,E08000036,3,0,1,0,1,19,2,6,0,0,0,1,0,0,1,0,0,11,14
2024131516398,2024,131516398,443756,416221,-1.33965,53.64068,3,3,5,12:10,-1,E08000036,3,0,1,0,2,"[19, 2]","[5, 0]","[1, 0]",0,0,0,1,0,0,0,0,0,11,14
2024131516401,2024,131516401,440207,420059,-1.39283,53.67546,2,2,5,06:24,-1,E08000036,3,2,1,1,2,19,7,3,11,1,1,1,0,0,0,0,0,11,14
2024131516422,2024,131516422,430470,437281,-1.53853,53.8309,3,3,5,07:45,-1,E08000035,6,0,1,0,1,"[14, 2]","[1, 0]","[5, 0]","[4, 0]",0,0,1,0,0,0,0,0,11,14
2024131516455,2024,131516455,416984,423642,-1.74417,53.70893,2,2,4,13:44,-1,E08000033,1,0,1,0,2,19,3,7,0,0,0,1,0,0,1,0,0,11,13
2024131516463,2024,131516463,439415,432843,-1.4032,53.79042,3,3,4,08:20,-1,E08000035,3,0,1,0,1,"[5, 19]","[2, 3]","[1, 2]",0,0,0,1,0,0,1,0,0,11,13
2024131516478,2024,131516478,418237,426063,-1.72505,53.73065,2,2,6,16:00,-1,E08000034,6,0,1,0,1,19,3,7,0,-1,0,0,0,1,0,0,1,11,1
2024131516491,2024,131516491,408290,423428,-1.87589,53.70721,2,2,5,15:41,-1,E08000033,6,2,1,0,1,6,1,3,0,0,0,1,0,0,0,0,0,11,14
2024131516542,2024,131516542,449300,419907,-1.25522,53.67332,2,2,5,17:55,-1,E08000036,6,2,1,0,2,"[5, 2]","[3, 0]","[7, 0]","[4, 0]",0,0,1,0,1,0,0,0,11,14
2024131516558,2024,131516558,440463,423717,-1.38848,53.70832,3,3,5,20:00,-1,E08000036,1,2,1,0,1,19,7,3,0,0,0,1,0,0,0,0,0,11,14
2024131516572,2024,131516572,403618,444617,-1.94643,53.89771,3,3,5,15:42,-1,E08000032,6,0,1,0,1,"[5, 19]","[3, 1]","[7, 5]",0,"[6, 0]",0,1,0,0,0,0,0,11,14
2024131516582,2024,131516582,408765,425462,-1.86864,53.72549,3,3,7,15:27,-1,E08000033,6,0,1,0,1,7,"[2, 1]","[2, 1]",0,0,0,1,1,0,0,0,0,8,17
2024131516610,2024,131516610,423085,422217,-1.65185,53.69589,2,2,5,22:47,-1,E08000034,6,2,8,0,1,"[11, 2]","[1, 0]","[1, 0]","[4, 0]",0,0,1,0,1,0,0,0,11,14
2024131516808,2024,131516808,437540,435899,-1.43128,53.81802,3,3,6,13:25,-1,E08000035,6,0,1,0,2,11,2,6,0,1,0,0,1,0,0,0,0,11,15
2024131516816,2024,131516816,426965,437477,-1.59177,53.83286,3,3,5,09:55,-1,E08000035,3,0,1,0,1,"[7, 19]",8,4,0,0,0,1,1,0,0,0,0,11,14
2024131516833,2024,131516833,436883,433607,-1.44154,53.79747,3,3,5,17:15,-1,E08000035,3,2,1,0,1,"[19, 5]","[4, 5]",8,0,0,0,1,0,0,0,0,0,11,14
2024131516860,2024,131516860,412838,434333,-1.80654,53.80514,3,3,5,13:05,-1,E08000032,6,0,1,0,1,"[2, 7]","[1, 0]","[5, 0]",0,0,0,1,0,0,0,0,0,11,14
2024131516883,2024,131516883,430298,433740,-1.54149,53.79909,3,3,6,14:52,-1,E08000035,6,0,1,0,1,19,1,1,0,0,0,0,0,0,1,0,1,11,15
2024131516906,2024,131516906,406665,416430,-1.90066,53.64434,3,3,6,12:52,-1,E08000034,1,0,7,1,2,19,3,7,0,0,0,1,0,0,0,0,0,11,15
2024131516972,2024,131516972,417590,436301,-1.73428,53.82269,3,3,6,18:43,-1,E08000032,6,2,1,0,1,9,3,5,0,0,0,1,0,0,0,0,1,11,15
2024131517010,2024,131517010,413237,434694,-1.80047,53.80837,3,3,6,20:20,-1,E08000032,6,2,1,0,1,19,1,7,0,0,0,1,0,0,0,0,0,11,15
2024131517022,2024,131517022,442378,425516,-1.35923,53.72433,2,2,6,19:02,-1,E08000036,3,2,1,0,1,"[7, 19]","[5, 3]","[1, 7]",0,0,0,1,1,0,0,0,0,11,15
2024131517055,2024,131517055,430075,431158,-1.54513,53.77589,3,3,7,00:01,-1,E08000035,3,2,1,0,1,"[6, 19]",1,3,0,0,0,1,1,0,0,0,0,11,16
2024131517099,2024,131517099,430072,432342,-1.54506,53.78654,3,3,7,06:09,-1,E08000035,3,2,1,0,1,19,1,5,10,7,4,1,0,0,0,0,0,11,16
2024131517155,2024,131517155,427823,436519,-1.57881,53.8242,3,3,5,07:47,-1,E08000035,4,0,1,0,1,"[7, -1]","[6, -1]","[2, -1]","[0, -1]","[0, -1]","[0, -1]",1,1,0,0,0,0,11,14
2024131517194,2024,131517194,418447,445776,-1.72069,53.90782,3,3,7,08:27,-1,E08000035,3,0,1,0,2,19,7,3,0,1,1,1,0,0,0,0,0,11,16
2024131517195,2024,131517195,418426,434692,-1.72167,53.8082,2,2,7,13:40,-1,E08000032,6,0,1,0,1,19,1,1,0,0,0,1,0,0,0,0,1,11,16
2024131517233,2024,131517233,418868,425240,-1.71554,53.72323,3,3,7,13:32,-1,E08000034,6,0,1,0,1,19,1,1,0,0,0,1,0,0,0,0,1,11,16
2024131517248,2024,131517248,424319,422256,-1.63316,53.69618,3,3,7,15:21,-1,E08000034,6,0,1,0,1,19,"[7, 5]","[3, 1]",0,3,0,1,0,0,0,0,0,11,16
2024131517288,2024,131517288,445612,423093,-1.31057,53.70229,3,3,7,12:30,-1,E08000036,6,0,1,0,1,5,3,7,0,0,0,1,0,0,0,0,1,8,24
2024131517299,2024,131517299,445880,422118,-1.30666,53.6935,2,2,4,15:53,-1,E08000036,6,0,1,0,1,"[9, 19]","[2, 6]","[8, 2]",0,0,0,1,1,0,0,0,0,11,13
2024131517311,2024,131517311,431890,435571,-1.51713,53.81545,3,3,7,17:30,-1,E08000035,6,2,1,0,1,"[19, 9]",1,"[5, 2]",0,0,0,1,0,0,0,0,0,11,16
2024131517359,2024,131517359,416081,433580,-1.75734,53.79828,3,3,7,21:40,-1,E08000032,3,2,1,1,1,"[19, 5]","[1, 5]","[5, 1]","[11, 7]",0,0,1,0,0,0,0,0,11,16
2024131517363,2024,131517363,424254,435385,-1.63312,53.81419,3,3,7,23:50,-1,E08000035,3,2,1,0,1,19,7,3,11,0,0,1,0,0,0,0,0,11,16
2024131517392,2024,131517392,418993,434969,-1.71305,53.81067,3,3,5,17:30,-1,E08000032,6,0,1,0,1,-1,-1,-1,-1,-1,0,0,0,1,0,0,1,8,1
2024131517428,2024,131517428,429902,433487,-1.54753,53.79684,3,3,7,16:43,-1,E08000035,6,2,1,0,1,19,3,7,0,0,0,0,1,0,1,0,0,11,2
2024131517456,2024,131517456,424676,421619,-1.62781,53.69044,3,3,1,12:42,-1,E08000034,6,0,1,0,1,"[5, 19]","[7, 1]","[3, 5]",0,"[0, 1]",0,1,1,0,0,0,0,11,17
2024131517469,2024,131517469,437997,413179,-1.42712,53.61379,3,3,1,13:19,-1,E08000036,6,0,1,0,2,19,"[3, 1]","[7, 5]",0,0,0,1,0,0,0,0,0,11,17
2024131517470,2024,131517470,420808,423816,-1.68623,53.71036,2,"[2, 3]",1,07:32,-1,E08000034,3,0,1,0,1,19,4,8,0,1,2,1,0,0,0,0,0,11,17
2024131517476,2024,131517476,415148,432965,-1.77154,53.79278,3,3,1,12:45,-1,E08000032,6,0,2,1,1,-1,-1,-1,-1,-1,-1,1,0,0,0,0,1,11,17
2024131517507,2024,131517507,428967,435478,-1.56153,53.81478,3,3,1,15:35,-1,E08000035,6,0,2,1,1,7,7,2,0,0,0,1,0,0,0,0,1,11,17
2024131517576,2024,131517576,416341,432227,-1.75347,53.78611,3,3,1,15:10,-1,E08000032,3,0,1,0,1,9,1,3,0,0,0,1,0,0,0,0,1,11,17
2024131517577,2024,131517577,421572,434772,-1.6739,53.8088,2,2,1,21:00,-1,E08000035,4,2,8,1,1,-1,1,5,0,0,0,1,0,0,0,0,1,11,17
2024131517584,2024,131517584,433226,433034,-1.49711,53.79256,3,3,1,18:33,-1,E08000035,6,2,1,0,1,19,"[7, 3]","[3, 7]",0,"[1, 0]","[11, 0]",1,0,0,0,0,0,11,17
2024131517830,2024,131517830,413525,434586,-1.7961,53.80739,2,2,2,11:30,-1,E08000032,6,0,1,0,1,19,7,3,0,0,0,1,0,0,0,0,1,11,18
2024131517872,2024,131517872,427237,433936,-1.58794,53.80102,2,2,7,11:25,-1,E08000035,6,0,1,0,1,19,3,3,0,0,0,0,0,1,0,0,0,11,9
2024131517899,2024,131517899,419875,438922,-1.6994,53.84616,3,3,2,16:50,-1,E08000035,3,2,1,0,1,3,2,"[6, 8]",0,0,0,1,0,0,1,0,0,11,18
2024131517918,2024,131517918,430709,434819,-1.53514,53.80876,3,3,2,17:01,-1,E08000035,3,2,1,1,1,19,5,1,0,0,0,1,0,0,0,0,0,11,18
2024131517922,2024,131517922,421072,423668,-1.68224,53.70901,3,3,2,17:25,-1,E08000034,3,2,2,1,1,7,3,5,0,0,0,1,0,0,0,0,1,11,18
2024131517931,2024,131517931,392970,424951,-2.10801,53.72092,2,2,2,19:05,-1,E08000033,3,2,3,1,1,9,7,3,0,0,0,1,0,0,0,0,1,11,18
2024131517946,2024,131517946,417039,434077,-1.74277,53.80272,3,3,2,21:15,-1,E08000032,3,2,3,2,1,-1,-1,-1,-1,-1,0,1,0,0,0,0,1,11,18
2024131518057,2024,131518057,431024,432021,-1.53064,53.7836,3,3,2,14:46,-1,E08000035,3,0,1,0,1,"[19, 3]",3,7,0,0,0,1,0,0,0,0,0,11,18