collision_index,collision_year,collision_ref_no,location_easting_osgr,location_northing_osgr,longitude,latitude,casualty_severity,casualty_severity,day_of_week,time,local_authority_district,local_authority_ons_district,first_road_class,light_conditions,weather_conditions,road_surface_conditions,urban_or_rural_area,vehicle_manoeuvre,vehicle_direction_from,vehicle_direction_to,hit_object_in_carriageway,vehicle_leaving_carriageway,hit_object_off_carriageway,is_car,is_cyle,is_mcyle,is_goodsv,is_other,is_pedestrian,month,day
2024131518111,2024,131518111,423765,428184,-1.6411,53.74949,2,"[3, 2]",3,10:21,-1,E08000035,3,0,1,1,1,"[19, 6]","[7, 3]","[3, 7]",0,"[0, 7]",0,1,0,0,1,0,0,11,19
2024131518167,2024,131518167,425476,435705,-1.61454,53.81701,2,2,2,21:09,-1,E08000035,6,2,3,1,1,"[2, 19]","[0, 3]","[0, 7]","[0, 4]",0,0,1,0,1,0,0,0,11,18
2024131518211,2024,131518211,415066,434370,-1.77271,53.80541,3,3,3,13:15,-1,E08000032,3,0,1,1,1,"[19, 9]","[6, 2]","[2, 3]",0,0,0,1,0,0,0,0,0,11,19
2024131518231,2024,131518231,415911,432813,-1.75996,53.79139,3,3,2,08:51,-1,E08000032,6,0,1,0,1,6,1,5,0,-1,0,1,0,0,0,0,1,11,18
2024131518345,2024,131518345,415440,431353,-1.76718,53.77828,3,3,3,14:45,-1,E08000032,6,0,1,1,1,"[-1, 4]","[-1, 5]","[-1, 1]","[-1, 0]","[-1, 0]","[-1, 0]",1,0,0,0,0,0,11,19
2024131518405,2024,131518405,432384,436178,-1.50957,53.82087,3,3,3,19:40,-1,E08000035,6,2,1,2,1,"[9, 19]","[8, 2]","[4, 6]",0,0,0,1,0,0,0,0,0,11,19
2024131518410,2024,131518410,433900,435987,-1.48656,53.81906,3,3,3,20:39,-1,E08000035,6,2,1,0,1,19,"[1, 7]","[5, 3]",0,"[0, 7]",0,1,0,0,0,0,0,11,19
2024131518416,2024,131518416,414274,433673,-1.78477,53.79917,3,3,3,19:01,-1,E08000032,3,2,1,1,1,9,1,5,0,0,0,1,0,0,0,0,1,11,19
2024131518418,2024,131518418,428665,433178,-1.56633,53.79413,3,3,3,23:30,-1,E08000035,3,2,1,0,1,19,1,5,0,0,0,1,0,0,0,0,0,11,19
2024131518799,2024,131518799,418058,442626,-1.7268,53.87952,3,3,3,06:45,-1,E08000035,3,2,3,2,1,9,1,-1,0,0,0,1,0,0,0,0,1,11,19
2024131518804,2024,131518804,417520,436389,-1.73534,53.82348,3,3,3,15:00,-1,E08000032,6,0,9,1,1,"[-1, 19]","[-1, 1]","[-1, 5]","[-1, 0]","[-1, 0]",0,1,1,0,0,0,0,11,19
2024131518821,2024,131518821,406118,424087,-1.90878,53.71317,3,3,3,09:00,-1,E08000033,6,0,3,1,1,-1,-1,-1,-1,-1,-1,1,0,0,0,0,1,11,19
2024131518865,2024,131518865,438509,430405,-1.41725,53.76857,2,2,4,07:00,-1,E08000035,3,0,1,0,2,"[5, 19]","[4, 2]","[8, 6]",0,0,0,1,0,1,0,0,0,11,20
2024131518914,2024,131518914,428938,430405,-1.56245,53.76919,2,2,4,15:59,-1,E08000035,6,2,1,2,1,19,"[5, 3]","[1, 7]",0,0,0,1,1,0,0,0,0,11,20
2024131518951,2024,131518951,432173,432821,-1.51312,53.79072,3,3,4,18:55,-1,E08000035,6,2,1,0,1,"[9, 19]","[-1, 5]","[-1, 1]",0,0,0,1,1,0,0,0,0,11,20
2024131518992,2024,131518992,414940,426752,-1.77499,53.73694,3,3,4,19:03,-1,E08000032,3,2,1,1,1,"[19, 2]",0,0,"[4, 0]",0,0,1,0,0,0,0,0,11,20
2024131519109,2024,131519109,439765,421556,-1.39933,53.68895,3,3,5,06:00,-1,E08000036,4,2,1,2,2,"[19, 4]",7,3,0,0,0,1,0,1,0,0,0,11,21
2024131519187,2024,131519187,442540,425645,-1.35675,53.72548,2,2,3,11:20,-1,E08000036,3,0,8,0,1,19,5,1,0,0,0,0,0,0,0,1,1,11,12
2024131519197,2024,131519197,436736,434059,-1.44371,53.80154,2,2,5,08:40,-1,E08000035,6,0,1,0,1,"[2, 19]","[0, 7]","[0, 3]",0,0,0,1,0,0,0,0,0,11,21
2024131519225,2024,131519225,439650,414395,-1.40198,53.6246,2,2,5,08:20,-1,E08000036,6,0,1,0,2,"[2, -1]","[0, -1]","[0, -1]","[0, -1]","[0, -1]","[0, -1]",1,0,0,0,0,1,11,21
2024131519365,2024,131519365,414579,434319,-1.78011,53.80497,3,3,5,09:00,-1,E08000032,6,0,1,0,1,"[-1, 4]","[-1, 3]","[-1, 7]","[-1, 0]","[-1, 0]","[-1, 0]",1,0,0,0,0,0,11,21
2024131519377,2024,131519377,430076,439320,-1.54432,53.84925,3,3,5,11:07,-1,E08000035,6,0,1,2,1,"[-1, 2]","[-1, 0]","[-1, 0]","[-1, 0]","[-1, 0]","[-1, 0]",1,0,0,0,0,0,11,21
2024131519415,2024,131519415,413240,420673,-1.80102,53.68235,3,3,3,16:20,-1,E08000033,3,0,1,1,1,"[19, -1]","[5, -1]","[1, -1]","[0, -1]","[0, -1]","[0, -1]",1,0,1,0,0,0,11,19
2024131519481,2024,131519481,409850,430588,-1.85203,53.77154,3,3,1,08:50,-1,E08000032,3,0,1,0,2,-1,-1,-1,-1,-1,-1,1,0,0,0,0,1,10,20
2024131519526,2024,131519526,409798,421189,-1.85312,53.68706,2,2,5,08:43,-1,E08000033,4,0,1,1,1,19,1,5,0,0,0,1,0,0,0,0,1,11,21
2024131519576,2024,131519576,419424,431164,-1.70674,53.77645,3,3,5,15:51,-1,E08000032,6,0,8,2,1,19,"[3, 7]","[7, 3]",0,0,0,1,0,0,0,0,0,11,21
2024131519596,2024,131519596,442982,431690,-1.34922,53.77977,3,3,5,16:12,-1,E08000035,3,2,1,2,2,19,"[5, 1]","[1, 5]",0,0,0,1,0,0,0,0,0,11,21
2024131519607,2024,131519607,425585,426893,-1.61361,53.7378,2,2,5,16:15,-1,E08000035,3,2,1,0,1,19,3,7,0,0,0,1,0,0,0,0,1,11,21
2024131519623,2024,131519623,415121,433575,-1.77192,53.79826,3,3,5,19:32,-1,E08000032,6,2,1,1,1,19,1,5,0,0,0,1,0,0,0,0,1,11,21
2024131519628,2024,131519628,441691,416850,-1.3708,53.6465,3,3,5,20:29,-1,E08000036,3,2,1,1,2,19,3,7,0,1,0,1,0,0,0,0,0,11,21
2024131519638,2024,131519638,414289,431533,-1.78464,53.77993,3,3,5,15:31,-1,E08000032,6,2,1,0,1,5,4,8,0,0,0,1,0,0,0,0,1,11,21
2024131519643,2024,131519643,430247,433235,-1.54231,53.79455,3,3,5,23:53,-1,E08000035,6,2,8,1,1,-1,-1,-1,-1,-1,-1,1,0,0,0,0,1,11,21
2024131519649,2024,131519649,424327,435734,-1.63198,53.81732,2,"[2, 3]",5,22:51,-1,E08000035,6,2,2,2,1,"[2, 19]",1,1,"[0, 4]",0,0,1,0,0,0,0,0,11,21
2024131519654,2024,131519654,434635,419421,-1.47725,53.67012,2,2,6,00:52,-1,E08000036,3,2,2,1,1,19,4,4,0,0,0,1,0,0,0,0,1,11,22
2024131519655,2024,131519655,424564,423679,-1.62934,53.70896,3,3,6,01:07,-1,E08000034,6,2,3,2,1,19,1,5,11,1,11,1,0,0,0,0,0,11,22
2024131519661,2024,131519661,417231,436479,-1.73972,53.8243,3,3,6,00:08,-1,E08000032,6,2,8,2,1,"[19, 2]","[3, 0]","[7, 0]",0,"[0, 1]",0,1,0,0,0,0,0,11,22
2024131519688,2024,131519688,421467,442084,-1.67498,53.87452,2,2,5,14:02,-1,E08000035,6,0,1,0,2,"[19, -1]","[5, -1]","[1, -1]","[0, -1]","[0, -1]",0,1,0,0,0,0,0,11,21
2024131519745,2024,131519745,409573,424811,-1.85641,53.71962,3,3,6,05:50,-1,E08000033,6,2,8,2,1,9,1,5,0,1,11,1,0,0,0,0,0,11,22
2024131519814,2024,131519814,406762,434875,-1.89879,53.81012,3,3,6,09:08,-1,E08000032,6,0,3,2,2,19,5,1,0,0,0,1,0,0,0,0,0,11,22
2024131519860,2024,131519860,411973,433837,-1.8197,53.8007,3,3,6,08:57,-1,E08000032,6,0,1,2,1,"[19, 7]","[5, 2]","[1, 7]",0,0,0,1,0,0,0,0,0,11,22
2024131519923,2024,131519923,420105,420344,-1.69711,53.67918,3,3,6,09:22,-1,E08000034,6,0,3,2,1,"[19, 9]",5,5,0,"[0, 7]",0,1,0,0,0,0,0,11,22
2024131519947,2024,131519947,423493,424512,-1.6455,53.7165,3,3,6,10:41,-1,E08000034,6,0,3,2,1,19,5,5,0,0,0,1,0,0,0,0,1,11,22
2024131519956,2024,131519956,414972,432099,-1.77425,53.785,3,3,2,15:45,-1,E08000032,6,0,1,0,1,"[4, 19]","[1, 3]","[7, 1]",0,0,0,1,0,0,0,0,0,11,18
2024131519974,2024,131519974,414630,416967,-1.78015,53.649,3,3,5,03:00,-1,E08000034,6,2,9,0,1,-1,-1,-1,-1,-1,-1,1,0,0,0,0,1,11,14
2024131519991,2024,131519991,419494,445048,-1.7048,53.90124,3,3,6,11:50,-1,E08000035,3,0,1,1,1,7,8,3,0,0,0,1,0,0,0,0,1,11,22
2024131519995,2024,131519995,411358,414313,-1.82974,53.62523,2,2,5,14:55,-1,E08000034,6,0,1,1,2,"[13, 19]",2,7,0,1,11,1,0,0,0,0,0,11,21
2024131519996,2024,131519996,408906,426747,-1.86647,53.73704,3,3,6,09:00,-1,E08000033,6,0,8,2,1,19,1,3,0,0,0,1,0,0,0,0,0,11,22
2024131520006,2024,131520006,415978,421459,-1.75953,53.68934,3,3,6,13:25,-1,E08000034,1,0,1,0,2,19,7,3,0,0,0,1,0,0,0,0,0,11,22
2024131520043,2024,131520043,413615,417110,-1.7955,53.65032,3,3,6,14:14,-1,E08000034,6,0,1,2,1,"[9, 19]",4,8,0,0,0,1,0,1,0,0,0,11,22
2024131520053,2024,131520053,448913,419869,-1.26108,53.67301,3,3,6,07:00,-1,E08000036,3,2,1,2,2,"[19, 5]",1,1,0,0,0,1,0,0,0,0,0,11,22
2024131520058,2024,131520058,423844,434269,-1.63943,53.80418,3,3,6,14:30,-1,E08000035,6,0,1,0,1,"[5, 19]","[6, 5]","[2, 3]",0,0,0,1,0,0,0,0,0,11,22
2024131520086,2024,131520086,413931,437945,-1.78979,53.83757,3,3,5,08:07,-1,E08000032,6,0,1,0,1,-1,-1,-1,-1,-1,-1,1,0,0,0,0,1,11,21
2024131520101,2024,131520101,425978,440068,-1.60654,53.85619,3,3,6,11:40,-1,E08000035,6,0,1,1,1,"[2, 19]","[0, 3]","[0, 7]",0,0,0,0,0,0,1,0,0,11,22
2024131520140,2024,131520140,431243,434799,-1.52704,53.80855,3,3,6,17:56,-1,E08000035,6,2,8,1,1,"[9, 5]",1,"[3, 5]",0,0,0,1,0,0,0,0,0,11,22
2024131520243,2024,131520243,433996,428585,-1.48591,53.75253,2,2,7,00:32,-1,E08000035,6,2,8,2,1,"[9, 19]","[1, 3]","[3, 7]",0,0,0,1,0,0,0,0,0,11,23
2024131520265,2024,131520265,413392,437182,-1.79801,53.83073,1,1,7,00:55,-1,E08000032,6,2,1,1,1,19,6,2,0,7,11,1,0,0,0,0,0,11,23
2024131520270,2024,131520270,416423,438952,-1.75186,53.84655,2,2,7,04:15,-1,E08000032,3,2,1,1,1,19,3,7,0,0,0,1,0,0,0,0,0,11,23
2024131520272,2024,131520272,427784,427907,-1.58018,53.7468,3,3,7,02:14,-1,E08000035,4,2,1,2,1,"[2, 19]","[0, 3]","[0, 7]","[0, 4]",0,0,1,0,0,0,0,0,11,23
2024131520282,2024,131520282,432945,435571,-1.50111,53.81538,2,2,6,23:30,-1,E08000035,6,2,1,2,1,"[19, 2]","[5, 0]","[1, 0]","[4, 0]",0,0,1,0,0,0,0,0,11,22
2024131520300,2024,131520300,427586,433856,-1.58265,53.80028,3,3,7,07:02,-1,E08000035,6,2,3,2,1,19,"[5, 1]","[1, 5]",0,0,0,1,0,0,0,0,0,11,23
2024131520332,2024,131520332,414127,412848,-1.78794,53.612,2,"[3, 2]",7,04:51,-1,E08000034,6,2,3,1,1,19,1,5,7,0,0,1,0,0,0,0,0,11,23
2024131520345,2024,131520345,443034,425867,-1.34924,53.72743,3,3,7,22:30,-1,E08000036,3,2,1,0,1,"[-1, 19]","[-1, 5]","[-1, 1]","[-1, 0]","[-1, 3]",0,1,1,0,0,0,0,8,24
2024131520350,2024,131520350,443413,435215,-1.34218,53.81142,3,3,7,10:12,-1,E08000035,2,0,2,2,2,19,5,1,0,1,4,1,0,0,0,0,0,11,23
2024131520365,2024,131520365,423582,421021,-1.64442,53.68512,3,3,6,14:30,-1,E08000034,3,0,1,1,1,"[3, 19]",2,6,0,0,0,1,0,0,0,0,0,11,22
2024131520377,2024,131520377,403461,444400,-1.94882,53.89576,3,3,7,06:35,-1,E08000032,4,2,3,2,1,19,"[7, 3]","[3, 7]",0,0,0,1,0,0,0,0,0,11,23
2024131520434,2024,131520434,426637,414702,-1.5987,53.62818,1,"[1, 2]",7,12:32,-1,E08000036,3,0,5,1,2,"[12, 19]",2,6,0,0,0,1,0,0,0,0,0,11,23
2024131520447,2024,131520447,414659,437536,-1.77874,53.83388,3,3,6,14:00,-1,E08000032,6,0,1,0,1,-1,-1,-1,-1,-1,-1,1,0,0,0,0,1,11,22
2024131520452,2024,131520452,414171,416744,-1.7871,53.64701,3,3,6,23:53,-1,E08000034,6,2,2,1,1,"[11, 19]",3,7,0,0,0,1,0,0,0,0,0,11,22
2024131520503,2024,131520503,424930,427637,-1.62348,53.74452,2,2,6,21:40,-1,E08000035,3,2,1,2,1,"[19, 7]","[5, 7]","[1, 2]",0,0,0,1,0,0,0,0,0,11,22
2024131520549,2024,131520549,432887,425968,-1.50301,53.72908,3,3,7,17:22,-1,E08000035,1,2,2,1,1,19,7,3,0,0,0,1,0,0,0,0,0,11,23
2024131520570,2024,131520570,441285,424876,-1.37587,53.71867,3,3,7,18:35,-1,E08000036,3,2,2,1,1,"[19, 9]","[3, 5]",7,0,"[7, 0]",0,1,0,0,0,0,0,11,23
2024131520572,2024,131520572,412266,434024,-1.81524,53.80237,2,"[3, 2]",7,21:55,-1,E08000032,6,2,2,1,1,19,1,5,0,0,0,1,0,0,0,0,0,11,23
2024131520691,2024,131520691,424507,424134,-1.63017,53.71305,3,3,7,14:00,-1,E08000034,6,0,2,1,1,-1,-1,-1,-1,-1,-1,1,0,0,0,0,1,11,23
2024131520711,2024,131520711,412177,413170,-1.81741,53.61494,2,"[2, 3]",7,17:55,-1,E08000034,6,2,9,1,1,-1,-1,-1,-1,-1,-1,1,0,0,0,0,1,11,23
2024131520731,2024,131520731,424619,445030,-1.62681,53.90086,3,3,7,11:25,-1,E08000035,3,0,3,2,2,"[4, -1]","[1, -1]","[1, -1]","[0, -1]","[0, -1]",0,1,0,0,0,0,0,11,23
2024131520809,2024,131520809,415944,432721,-1.75947,53.79056,3,3,7,19:20,-1,E08000032,3,2,2,1,1,-1,-1,-1,-1,-1,-1,1,0,0,0,0,1,11,23
2024131520845,2024,131520845,435020,432555,-1.46994,53.78814,2,"[3, 2]",1,18:55,-1,E08000035,6,2,1,1,2,19,"[3, 7]","[7, 3]",0,0,0,1,0,0,0,0,0,11,24
2024131520855,2024,131520855,425054,433374,-1.62113,53.79608,2,2,1,17:32,-1,E08000035,4,2,1,0,1,19,"[7, 5]","[3, 1]",0,3,0,0,0,1,0,1,0,11,24
2024131520865,2024,131520865,432943,421077,-1.50268,53.68512,2,2,5,21:45,-1,E08000036,6,2,1,0,1,19,"[3, 5]","[7, 1]",0,0,0,1,0,0,0,0,0,11,21
2024131520908,2024,131520908,413257,433401,-1.80022,53.79675,3,3,1,23:39,-1,E08000032,4,2,1,0,1,4,3,7,0,0,0,1,0,0,0,0,0,11,24
2024131520919,2024,131520919,424232,420001,-1.63465,53.67592,3,3,2,00:17,-1,E08000034,6,2,1,0,1,"[4, 19]","[7, 3]","[3, 7]",0,"[0, 3]","[0, 2]",1,0,1,0,0,0,11,25
2024131520920,2024,131520920,432155,436131,-1.51305,53.82047,3,3,4,14:39,-1,E08000035,6,0,1,0,1,"[9, 19]","[2, 5]","[6, 1]",0,0,0,1,1,0,0,0,0,11,20
2024131520970,2024,131520970,431582,435215,-1.52185,53.81227,3,3,4,21:45,-1,E08000035,3,2,1,0,1,19,6,2,0,0,0,1,0,0,0,0,1,11,20
2024131520992,2024,131520992,415208,432784,-1.77063,53.79115,3,3,2,09:13,-1,E08000032,6,0,1,1,1,"[4, 19]",5,1,0,0,0,1,0,0,0,0,0,11,25
2024131521076,2024,131521076,416292,432574,-1.75419,53.78923,3,3,2,10:33,-1,E08000032,3,0,1,1,1,"[19, 11]",7,3,0,0,0,1,0,0,1,0,0,11,25
2024131521305,2024,131521305,427918,436155,-1.5774,53.82093,3,3,1,13:00,-1,E08000035,3,0,2,1,1,-1,-1,-1,-1,-1,0,1,1,0,0,0,0,11,24
2024131521322,2024,131521322,432096,435864,-1.51397,53.81807,3,3,2,18:35,-1,E08000035,3,2,2,1,1,"[5, 19]","[1, 7]","[5, 3]",0,"[1, 5]","[0, 1]",1,0,0,0,0,0,11,25
2024131521324,2024,131521324,431481,435009,-1.5234,53.81042,3,3,2,18:30,-1,E08000035,6,2,2,1,1,19,"[7, 5]","[3, 1]",0,0,0,1,0,0,0,0,0,11,25
2024131521370,2024,131521370,431606,435251,-1.52148,53.81259,2,2,2,18:34,-1,E08000035,3,2,2,1,1,4,2,4,0,0,0,1,0,0,0,0,1,11,25
2024131521382,2024,131521382,406043,441464,-1.90958,53.86935,2,2,2,20:12,-1,E08000032,3,2,2,1,1,9,3,7,0,0,0,1,0,0,0,0,1,11,25
2024131521391,2024,131521391,442671,426440,-1.35466,53.73261,3,3,2,19:46,-1,E08000035,3,2,1,1,2,19,1,5,0,0,0,1,0,0,0,0,0,11,25
2024131521394,2024,131521394,444334,423623,-1.32985,53.70716,3,3,2,22:50,-1,E08000036,3,2,1,1,2,"[19, -1]","[1, -1]","[3, -1]","[0, -1]","[1, -1]","[0, -1]",1,0,0,0,0,0,11,25
2024131521433,2024,131521433,429145,433091,-1.55906,53.79332,3,3,3,07:13,-1,E08000035,6,2,1,1,1,9,7,3,0,0,0,1,0,1,0,0,0,11,26
2024131521638,2024,131521638,426766,432917,-1.59518,53.79188,2,2,3,10:40,-1,E08000035,6,0,1,0,1,"[1, 2]","[1, 0]","[5, 0]",0,0,0,1,0,0,0,0,0,11,26
2024131521660,2024,131521660,439141,413579,-1.40978,53.6173,3,3,1,20:25,-1,E08000036,6,2,1,1,2,"[2, 19]","[0, 1]","[0, 5]",0,0,0,1,0,0,0,0,0,7,14
2024131521694,2024,131521694,417594,434460,-1.73432,53.80614,3,3,3,14:12,-1,E08000032,3,0,1,1,1,"[2, 19]","[0, 3]","[0, 7]",0,0,0,1,0,0,1,0,0,11,26
2024131521738,2024,131521738,404217,446557,-1.93729,53.91514,3,3,2,08:50,-1,E08000032,3,0,2,1,2,7,8,2,0,0,0,1,0,0,0,0,0,11,25
2024131521741,2024,131521741,421716,423293,-1.67251,53.70562,2,"[3, 2]",2,15:21,-1,E08000034,6,0,1,0,1,"[19, 9]","[2, 8]",2,0,0,0,1,0,0,0,0,0,11,25
2024131521775,2024,131521775,424396,420959,-1.6321,53.68452,3,3,2,18:05,-1,E08000034,4,2,5,1,1,"[3, 19]",6,2,0,0,0,1,0,0,0,0,0,11,25
2024131521776,2024,131521776,423015,422362,-1.6529,53.6972,3,3,3,08:37,-1,E08000034,6,0,1,0,1,19,3,7,0,0,0,1,0,0,0,0,1,11,26
2024131521778,2024,131521778,411845,434316,-1.82162,53.80501,3,3,2,08:35,-1,E08000032,6,0,1,1,1,9,7,4,0,0,0,1,0,0,0,0,1,11,25
2024131521786,2024,131521786,414495,416857,-1.7822,53.64802,3,3,2,17:55,-1,E08000034,6,2,2,1,1,19,5,5,0,0,0,1,0,0,0,0,1,11,25
2024131521811,2024,131521811,416767,415247,-1.74791,53.63348,3,3,2,19:52,-1,E08000034,6,2,1,0,1,"[-1, 2]","[-1, 1]","[-1, 5]","[-1, 0]","[-1, 0]","[-1, 0]",1,0,0,0,0,0,11,25
2024131521814,2024,131521814,431705,433645,-1.52014,53.79815,2,"[3, 2]",2,15:30,-1,E08000035,3,0,1,0,1,"[3, 19]",7,3,0,0,0,1,0,0,0,0,0,11,25
2024131521892,2024,131521892,441796,417140,-1.36917,53.6491,2,"[2, 3]",3,20:45,-1,E08000036,4,2,8,1,2,19,"[7, 3]","[3, 7]",0,0,0,1,0,0,0,0,0,11,26
2024131521913,2024,131521913,413114,437710,-1.80221,53.83548,3,3,4,00:30,-1,E08000032,3,2,1,1,1,19,3,7,0,2,2,1,0,0,0,0,0,11,27
2024131521939,2024,131521939,432575,419319,-1.50844,53.66934,3,3,4,16:27,-1,E08000036,6,0,1,0,1,19,1,"[1, 5]",0,0,0,1,1,0,0,0,0,8,21
2024131522124,2024,131522124,429002,419539,-1.56249,53.67153,2,2,3,20:00,-1,E08000036,6,2,1,0,1,"[9, 7]","[7, 5]","[5, 3]",0,0,0,1,0,0,0,0,0,11,26
2024131522169,2024,131522169,404605,441389,-1.93145,53.86869,2,2,4,13:08,-1,E08000032,6,0,1,1,1,2,3,7,0,0,0,1,0,0,0,0,0,11,27
2024131522204,2024,131522204,426309,436557,-1.60181,53.82462,3,3,3,08:40,-1,E08000035,6,0,1,0,1,"[2, 19]",5,1,"[0, 4]",0,0,1,0,0,1,0,0,11,26
2024131522216,2024,131522216,413682,418492,-1.79442,53.66274,3,3,4,13:30,-1,E08000034,6,0,1,0,1,9,3,1,0,7,0,1,0,0,0,0,1,11,27
2024131522223,2024,131522223,430026,418546,-1.54709,53.66254,3,3,2,19:15,-1,E08000036,4,2,2,1,1,"[-1, 19]","[-1, 2]","[-1, 6]","[-1, 0]","[-1, 0]","[-1, 0]",1,1,0,0,0,0,11,25
2024131522236,2024,131522236,425924,436253,-1.60768,53.82191,3,3,3,10:25,-1,E08000035,3,0,2,0,2,"[-1, 19]","[-1, 7]","[-1, 3]","[-1, 0]","[-1, 0]",0,1,1,0,0,0,0,11,26
2024131522254,2024,131522254,405913,440683,-1.91158,53.86233,3,3,3,07:12,-1,E08000032,3,2,1,0,1,19,1,1,0,0,0,1,0,0,0,0,0,11,26
2024131522310,2024,131522310,399165,420597,-2.01412,53.68183,2,2,4,15:26,-1,E08000033,4,0,8,0,2,19,1,5,0,1,0,1,0,0,0,0,0,11,27
2024131522402,2024,131522402,411101,417860,-1.8335,53.65712,3,3,3,13:45,-1,E08000034,6,2,1,0,1,19,"[1, 5]","[5, 1]",0,0,0,1,0,0,0,0,0,11,26
2024131522407,2024,131522407,407058,426034,-1.8945,53.73066,3,3,3,18:29,-1,E08000033,6,2,1,1,1,"[5, 19]","[2, 4]","[6, 8]",0,0,0,1,0,1,0,0,0,11,26
2024131522414,2024,131522414,412166,406843,-1.81782,53.55807,2,2,4,21:10,-1,E08000034,6,2,1,0,1,19,5,1,0,0,0,1,0,0,0,0,1,11,27
2024131522416,2024,131522416,415870,416496,-1.76141,53.64474,3,3,4,23:10,-1,E08000034,3,2,1,0,1,19,1,1,0,0,0,1,0,0,0,0,0,11,27
2024131522468,2024,131522468,413540,447891,-1.79529,53.92698,3,3,4,08:06,-1,E08000032,4,0,1,0,1,"[9, 19]","[7, 5]","[3, 1]",0,0,0,1,1,0,0,0,0,11,27
2024131522481,2024,131522481,413910,437783,-1.79011,53.83612,2,2,4,14:35,-1,E08000032,3,0,1,0,1,9,5,1,0,0,0,1,0,0,0,0,1,11,27
2024131522483,2024,131522483,414699,423120,-1.77882,53.70431,2,2,4,12:25,-1,E08000033,3,0,1,1,1,19,3,3,0,0,0,1,0,0,0,0,1,11,27
2024131522496,2024,131522496,428335,435751,-1.57111,53.81727,3,3,5,06:40,-1,E08000035,3,2,1,0,1,"[19, 9]","[3, 5, 7]","[7, 3]",0,0,0,1,0,0,0,1,0,11,28
2024131522763,2024,131522763,418595,425606,-1.71965,53.72653,2,2,5,13:11,-1,E08000034,4,0,1,2,1,"[19, 2]","[1, 0]","[5, 0]","[4, 0]",0,0,1,0,1,0,0,0,11,28
2024131522810,2024,131522810,431789,424040,-1.51985,53.71182,3,3,5,05:27,-1,E08000036,6,2,1,1,1,19,1,5,0,3,1,1,0,0,0,0,0,11,28
2024131522820,2024,131522820,422314,443620,-1.66199,53.88829,2,2,5,13:09,-1,E08000035,6,0,1,1,2,"[19, 5]","[4, 6]","[8, 2]",0,"[7, 0]",0,1,0,0,0,0,0,11,28
2024131522857,2024,131522857,432409,433493,-1.50947,53.79674,3,3,5,16:37,-1,E08000035,6,2,1,2,1,19,"[5, 3]","[1, 7]",0,0,0,1,0,0,0,0,0,11,28
2024131522869,2024,131522869,421333,441043,-1.67709,53.86517,2,2,5,09:00,-1,E08000035,6,0,1,1,1,-1,-1,-1,-1,-1,-1,1,0,0,0,0,1,11,28
2024131522894,2024,131522894,437700,423807,-1.43033,53.70933,2,2,5,18:46,-1,E08000036,6,2,1,1,1,"[2, 19]",3,7,"[0, 4]",0,0,1,0,0,0,0,0,11,28
2024131522907,2024,131522907,430800,435338,-1.53371,53.81342,3,3,5,18:17,-1,E08000035,6,2,1,0,1,19,"[5, 3]","[1, 7]",0,0,0,1,1,0,0,0,0,11,28
2024131522952,2024,131522952,414214,433806,-1.78568,53.80037,3,3,5,18:12,-1,E08000032,6,2,1,0,1,"[5, 2, -1]","[1, 0, -1]","[5, 0, -1]","[0, -1]","[0, -1]",0,1,0,0,0,0,0,11,28
2024131522971,2024,131522971,427176,435287,-1.58875,53.81316,3,3,5,21:30,-1,E08000035,6,2,1,2,1,"[19, 5]",5,1,0,"[1, 0]","[4, 0]",1,0,1,0,0,0,11,28
2024131522992,2024,131522992,420643,426723,-1.68854,53.73649,2,2,6,00:07,-1,E08000034,3,2,1,2,1,"[19, 2]","[3, 0]","[6, 0]","[4, 0]",0,0,1,0,0,0,0,0,11,29
2024131523009,2024,131523009,414636,416751,-1.78007,53.64706,3,3,6,00:36,-1,E08000034,6,2,1,1,1,19,"[7, 3]","[3, 7]",0,0,0,1,0,0,0,0,0,11,29
2024131523017,2024,131523017,428390,424583,-1.5713,53.71689,3,3,6,00:01,-1,E08000035,6,2,8,1,1,19,6,6,10,7,11,1,0,0,0,0,0,11,29
2024131523094,2024,131523094,432367,436366,-1.5098,53.82256,3,3,7,11:02,-1,E08000035,6,0,1,0,1,"[9, 19]","[4, 6]","[2, 8]",0,0,0,1,1,0,0,0,0,7,13
2024131523135,2024,131523135,420117,421676,-1.69684,53.69115,3,3,6,07:12,-1,E08000034,6,2,1,1,1,"[19, 9]",1,1,0,0,0,1,0,1,0,0,0,11,29
2024131523145,2024,131523145,439193,432447,-1.40662,53.78687,3,3,5,16:15,-1,E08000035,3,2,1,0,2,"[-1, 19]","[-1, 7]","[-1, 3]","[-1, 0]","[-1, 0]","[-1, 0]",1,0,0,0,0,0,11,28
2024131523243,2024,131523243,415920,432825,-1.75982,53.7915,3,3,5,16:06,-1,E08000032,6,2,9,0,1,-1,-1,-1,-1,-1,-1,1,0,0,0,0,1,11,28
2024131523299,2024,131523299,420231,428758,-1.69465,53.7548,3,3,6,12:59,-1,E08000034,3,0,1,0,1,19,1,1,0,0,0,1,0,0,0,0,0,11,29
2024131523387,2024,131523387,433105,420318,-1.50031,53.67828,3,3,6,17:45,-1,E08000036,3,2,1,1,1,"[19, 9]","[7, 3]","[3, 7]",0,0,0,1,0,1,0,0,0,11,29