collision_index,collision_year,collision_ref_no,location_easting_osgr,location_northing_osgr,longitude,latitude,casualty_severity,casualty_severity,day_of_week,time,local_authority_district,local_authority_ons_district,first_road_class,light_conditions,weather_conditions,road_surface_conditions,urban_or_rural_area,vehicle_manoeuvre,vehicle_direction_from,vehicle_direction_to,hit_object_in_carriageway,vehicle_leaving_carriageway,hit_object_off_carriageway,is_car,is_cyle,is_mcyle,is_goodsv,is_other,is_pedestrian,month,day
2024141405366,2024,141405366,457218,402645,-1.13854,53.51737,3,3,5,16:49,-1,E08000017,3,0,1,0,1,"[19, 5]","[1, 3]","[5, 7]",0,0,0,1,1,0,0,0,0,2,1
2024141405378,2024,141405378,446316,404792,-1.30263,53.53774,3,3,5,18:15,-1,E08000016,3,2,1,0,2,"[19, 4]",3,7,0,0,0,1,0,0,0,0,0,2,1
2024141405381,2024,141405381,437144,392334,-1.44248,53.4265,3,3,3,20:40,-1,E08000019,4,2,1,0,1,"[9, 19]","[5, 1]","[3, 5]","[0, 7]","[0, 7]","[0, 2]",1,0,0,0,0,0,1,30
2024141405386,2024,141405386,447332,399767,-1.28805,53.49249,1,1,5,18:02,-1,E08000017,3,2,1,0,1,19,3,7,0,0,0,1,0,0,0,0,1,2,1
2024141405493,2024,141405493,434393,409300,-1.48202,53.57917,3,3,6,09:34,-1,E08000016,6,0,1,0,1,"[5, 19]","[8, 6]",2,0,0,0,1,0,0,0,0,0,2,2
2024141405622,2024,141405622,466714,408694,-0.99406,53.57062,3,3,6,13:40,-1,E08000017,1,0,1,0,2,4,1,5,0,0,0,1,0,0,1,0,0,2,2
2024141405659,2024,141405659,435037,384832,-1.47502,53.35921,3,3,6,16:14,-1,E08000019,3,0,1,1,1,"[9, 19]","[6, 2]","[4, 6]",0,"[1, 0]",0,1,0,1,0,0,0,2,2
2024141405677,2024,141405677,436947,395504,-1.44507,53.455,3,3,6,10:58,-1,E08000019,1,0,1,0,2,"[4, 19]",1,5,0,0,0,1,0,0,1,0,0,2,2
2024141405705,2024,141405705,445773,384779,-1.31372,53.35792,2,2,6,18:55,-1,E08000018,3,2,1,0,1,"[10, 19]","[2, 3]",8,0,0,0,1,0,0,0,0,0,2,2
2024141405742,2024,141405742,434583,387375,-1.48156,53.3821,3,3,6,23:00,-1,E08000019,4,2,1,0,1,19,7,3,0,0,0,1,0,0,0,0,1,2,2
2024141405748,2024,141405748,443676,395306,-1.34377,53.45271,2,2,6,19:59,-1,E08000018,3,2,1,0,1,19,5,1,0,0,0,0,0,0,1,0,1,2,2
2024141405790,2024,141405790,469985,411966,-0.94394,53.5996,2,"[3, 2]",7,02:27,-1,E08000017,6,2,1,0,2,19,3,7,0,1,9,1,0,0,0,0,0,2,3
2024141405823,2024,141405823,437248,405535,-1.43935,53.54514,3,3,7,05:40,-1,E08000016,3,2,1,0,1,"[3, 19]",8,2,0,0,0,1,0,0,0,0,0,2,3
2024141405838,2024,141405838,464793,405287,-1.02377,53.54024,1,1,7,05:46,-1,E08000017,3,2,1,1,2,19,"[3, 7]","[7, 3]",0,0,0,1,0,0,1,0,0,2,3
2024141405881,2024,141405881,460335,402191,-1.09162,53.51295,3,3,7,11:08,-1,E08000017,4,0,1,1,1,"[19, 11]","[3, -1]","[2, -1]",0,0,0,1,0,1,0,0,0,2,3
2024141405909,2024,141405909,451666,403174,-1.22218,53.5227,3,3,7,10:50,-1,E08000017,6,0,1,0,2,19,"[6, 3]","[3, 6]",0,0,0,1,1,0,0,0,0,2,3
2024141405918,2024,141405918,467638,414046,-0.97895,53.6186,3,3,5,10:30,-1,E08000017,1,0,1,0,2,"[5, 4]",5,1,0,0,0,1,0,0,1,0,0,1,11
2024141406029,2024,141406029,437811,385344,-1.43328,53.36362,2,2,7,19:59,-1,E08000019,3,2,1,1,1,4,4,8,0,0,0,1,0,0,0,0,1,2,3
2024141406057,2024,141406057,460992,404710,-1.08123,53.53551,1,1,1,01:30,-1,E08000017,6,2,1,0,2,19,3,7,0,0,0,1,0,0,0,0,1,2,4
2024141406093,2024,141406093,461508,407497,-1.0729,53.5605,2,2,1,07:07,-1,E08000017,6,2,1,0,1,19,1,5,0,0,0,1,0,0,0,0,1,2,4
2024141406102,2024,141406102,436299,404823,-1.45376,53.53881,3,3,6,08:10,-1,E08000016,6,0,1,1,1,19,7,3,0,0,0,1,0,0,0,0,1,2,2
2024141406107,2024,141406107,457568,400131,-1.13372,53.49474,3,3,5,23:00,-1,E08000017,6,2,9,0,1,"[7, 19]",7,"[1, 3]",0,0,0,1,0,0,0,0,0,2,1
2024141406197,2024,141406197,453691,390079,-1.19387,53.40481,2,2,1,15:55,-1,E08000018,6,0,2,1,2,19,"[1, 5]",5,0,0,0,1,0,0,0,1,0,2,4
2024141406224,2024,141406224,435389,385548,-1.46965,53.36562,3,3,1,20:50,-1,E08000019,3,2,1,1,1,"[19, 9]","[8, 4]","[4, 2]",0,0,0,1,0,0,0,0,0,2,4
2024141406393,2024,141406393,465709,409277,-1.00911,53.57599,2,2,5,11:33,-1,E08000017,6,2,9,0,1,19,7,3,0,0,0,0,0,0,0,0,1,2,1
2024141406405,2024,141406405,456558,398580,-1.14922,53.48091,3,3,2,07:23,-1,E08000017,1,0,1,0,2,19,1,5,0,0,0,1,0,0,0,0,0,2,5
2024141406422,2024,141406422,434478,409232,-1.48075,53.57856,2,2,6,15:45,-1,E08000016,6,0,1,0,1,19,"[2, 5]","[6, 1]",0,0,0,1,0,0,0,0,0,2,2
2024141406458,2024,141406458,451697,403213,-1.2217,53.52305,2,2,2,08:49,-1,E08000017,6,0,1,0,2,19,"[2, 6]","[6, 2]",0,0,0,1,0,0,0,0,0,2,5
2024141406471,2024,141406471,457869,403147,-1.12863,53.52182,2,2,2,08:05,-1,E08000017,6,0,8,0,1,19,"[4, 6]","[2, 8]",0,0,0,1,0,0,0,0,0,2,5
2024141406555,2024,141406555,421962,403213,-1.67019,53.52513,3,3,2,15:10,-1,E08000016,3,0,1,0,1,19,2,6,0,0,0,1,0,0,0,0,1,2,5
2024141406587,2024,141406587,443592,394982,-1.34508,53.4498,3,3,2,17:30,-1,E08000018,3,2,1,0,1,19,"[1, 7]","[5, 3]",0,0,0,1,0,1,0,0,0,2,5
2024141406637,2024,141406637,441988,402374,-1.36825,53.51637,2,2,3,06:05,-1,E08000016,3,2,1,0,2,11,2,6,0,0,0,1,0,1,0,0,0,2,6
2024141406662,2024,141406662,436659,388430,-1.45023,53.39144,3,3,3,06:40,-1,E08000019,4,0,4,1,1,19,"[8, 2]","[4, 6]",0,0,0,1,0,1,0,0,0,2,6
2024141406666,2024,141406666,435411,381304,-1.46979,53.32748,3,3,6,18:16,-1,E08000019,3,2,1,0,1,5,"[6, 1]","[2, 5]",0,0,0,1,1,0,0,0,0,2,2
2024141406999,2024,141406999,444273,389335,-1.33562,53.39899,3,3,7,17:45,-1,E08000018,1,0,1,0,2,"[19, 12]",1,5,0,0,0,1,0,0,0,0,0,2,3
2024141407038,2024,141407038,441540,407054,-1.37438,53.55847,3,3,4,05:30,-1,E08000016,3,2,1,0,2,19,"[8, 4]","[4, 8]",0,0,0,1,0,0,0,0,0,2,7
2024141407171,2024,141407171,440962,402446,-1.38371,53.5171,2,"[3, 2]",2,09:20,-1,E08000016,3,0,1,0,2,19,"[8, 6]","[6, 2]",0,0,0,1,0,0,0,0,0,2,5
2024141407192,2024,141407192,425169,404568,-1.62171,53.53716,2,2,4,10:00,-1,E08000016,3,0,4,0,2,19,"[3, 7]","[7, 3]",0,0,0,1,0,0,0,0,0,2,7
2024141407208,2024,141407208,446415,384281,-1.30415,53.35338,2,2,1,23:38,-1,E08000018,3,2,1,0,2,19,3,7,10,1,2,1,0,0,0,0,0,1,28
2024141407267,2024,141407267,441617,404525,-1.37356,53.53573,3,3,4,13:00,-1,E08000016,6,0,1,0,1,1,0,0,0,0,0,1,0,0,0,0,1,2,7
2024141407335,2024,141407335,435312,390743,-1.47023,53.41232,2,2,4,15:11,-1,E08000019,6,0,1,0,1,19,2,6,0,0,0,1,0,0,0,0,1,2,7
2024141407363,2024,141407363,434110,386177,-1.4888,53.37136,3,3,6,16:10,-1,E08000019,3,0,9,0,1,19,6,2,0,0,0,0,0,0,1,0,1,2,2
2024141407389,2024,141407389,452064,409409,-1.21514,53.5787,3,3,4,19:45,-1,E08000017,3,2,1,0,2,19,4,7,0,1,7,1,0,0,0,0,0,2,7
2024141407582,2024,141407582,442367,392160,-1.36391,53.42454,3,3,5,07:40,-1,E08000018,3,0,2,1,2,"[7, 4]","[5, 1]","[2, 5]",0,0,0,1,0,0,0,0,0,2,8
2024141407650,2024,141407650,436054,389774,-1.45917,53.40356,3,3,5,08:43,-1,E08000019,3,0,2,1,1,"[19, 4]",2,6,0,0,0,1,0,0,0,0,0,2,8
2024141407740,2024,141407740,434822,406408,-1.47587,53.55315,3,3,5,14:05,-1,E08000016,3,0,3,1,1,19,"[7, 5]","[3, 1]",0,0,0,1,0,0,0,0,0,2,8
2024141407754,2024,141407754,456428,413624,-1.14847,53.61613,2,2,4,17:54,-1,E08000017,6,2,1,0,2,19,3,7,0,0,0,1,0,0,0,0,1,2,7
2024141407796,2024,141407796,440083,410906,-1.39588,53.5932,2,2,4,07:55,-1,E08000016,3,0,1,1,2,"[13, 9]",2,6,"[12, 0]",0,0,1,1,0,0,0,0,2,7
2024141407854,2024,141407854,436325,405104,-1.45333,53.54133,2,2,5,13:22,-1,E08000016,6,0,3,2,1,19,-1,-1,0,0,0,0,0,0,0,1,1,2,8
2024141407863,2024,141407863,436949,406719,-1.44373,53.5558,2,"[2, 3]",5,09:32,-1,E08000016,3,0,2,1,1,"[8, 7, 4]",7,3,0,0,0,1,0,0,0,0,0,2,8
2024141407970,2024,141407970,434720,392178,-1.47897,53.42526,3,3,5,11:00,-1,E08000019,6,0,3,2,1,"[3, 19]",4,"[1, 8]",0,0,0,1,0,0,0,0,0,2,8
2024141407978,2024,141407978,448803,393043,-1.26693,53.43192,3,3,5,09:00,-1,E08000018,4,0,3,1,2,"[19, 3]",1,5,0,0,0,1,0,0,0,0,0,2,8
2024141408069,2024,141408069,435443,386653,-1.46871,53.37555,3,3,6,12:02,-1,E08000019,6,0,2,1,1,19,"[4, 2]","[8, 6]",0,0,0,1,0,0,0,0,0,2,9
2024141408179,2024,141408179,438731,385847,-1.41939,53.36808,3,3,6,17:30,-1,E08000019,6,2,1,1,1,"[19, 9]",5,"[1, 4]",0,0,0,1,0,0,0,0,0,2,9
2024141408190,2024,141408190,448194,403003,-1.27457,53.52149,3,3,6,13:15,-1,E08000017,6,0,2,0,2,19,"[8, 6]","[4, 2]",0,0,0,1,0,0,0,0,0,2,9
2024141408221,2024,141408221,438777,386157,-1.41866,53.37086,3,3,6,19:48,-1,E08000019,3,2,1,1,1,19,1,5,0,0,0,1,0,0,0,0,1,2,9
2024141408244,2024,141408244,453733,405543,-1.1906,53.54379,2,2,6,20:00,-1,E08000017,6,2,2,1,2,"[13, 19]","[3, 7]","[7, 3]",0,0,0,1,0,0,0,0,0,2,9
2024141408360,2024,141408360,436742,392078,-1.44856,53.42422,2,2,7,09:15,-1,E08000019,6,0,1,1,1,"[19, 9]","[1, 5]","[5, 3]",0,0,0,1,0,1,0,0,0,2,10
2024141408370,2024,141408370,449055,389479,-1.26369,53.39987,3,3,5,18:20,-1,E08000018,6,2,2,1,2,"[3, 19]",4,"[6, 8]",0,0,0,1,0,0,0,0,0,2,8
2024141408432,2024,141408432,434820,386868,-1.47805,53.37752,3,3,7,14:24,-1,E08000019,6,0,2,1,1,"[5, 19]","[5, 4]",8,0,0,0,1,1,0,0,0,0,2,10
2024141408443,2024,141408443,435903,400232,-1.46026,53.49757,2,2,7,13:59,-1,E08000016,6,0,2,1,1,19,"[1, 2]","[4, 6]",0,0,0,1,1,0,0,0,0,2,10
2024141408485,2024,141408485,466682,413850,-0.99344,53.61696,2,2,7,21:00,-1,E08000017,6,2,2,1,2,19,2,6,0,1,0,1,0,0,0,0,0,2,10
2024141408488,2024,141408488,444103,390582,-1.338,53.41021,3,3,7,20:31,-1,E08000018,6,2,8,1,1,7,5,7,0,0,0,1,0,0,0,0,1,2,10
2024141408499,2024,141408499,457978,403675,-1.12689,53.52655,3,3,7,17:00,-1,E08000017,6,0,1,1,1,5,2,6,0,0,0,1,0,0,0,0,1,2,10
2024141408511,2024,141408511,461578,404965,-1.07234,53.53773,3,3,6,15:15,-1,E08000017,6,0,1,1,1,"[19, 3]",3,7,0,0,0,1,0,0,0,0,0,2,9
2024141408560,2024,141408560,448245,399902,-1.27427,53.49362,3,3,7,23:20,-1,E08000017,6,2,2,1,1,19,1,4,0,0,0,1,0,0,0,0,1,2,10
2024141408606,2024,141408606,434726,386497,-1.47951,53.3742,3,3,7,19:22,-1,E08000019,3,2,2,1,1,19,"[6, 5]","[2, 1]",0,0,0,1,0,0,0,0,0,2,10
2024141408631,2024,141408631,447695,385198,-1.28478,53.36151,3,3,7,18:20,-1,E08000018,3,2,2,1,2,"[8, 14]","[5, 1]","[1, 5]","[0, 4]",0,0,1,0,0,0,0,0,2,10
2024141408654,2024,141408654,435508,381359,-1.46833,53.32796,3,3,1,15:05,-1,E08000019,6,0,1,0,1,"[6, 19]","[3, 7]","[7, 3]",0,0,0,1,0,1,0,0,0,2,11
2024141408697,2024,141408697,438273,388717,-1.42593,53.39391,2,"[3, 2]",2,01:24,-1,E08000019,4,2,1,0,1,"[19, 9]","[1, 3]","[5, 7]",0,0,0,1,0,0,0,0,0,2,5
2024141408701,2024,141408701,436264,387710,-1.45625,53.385,3,3,6,22:20,-1,E08000019,3,2,1,1,1,"[19, 12]",6,2,0,0,0,1,0,0,0,0,0,2,9
2024141408702,2024,141408702,424492,403536,-1.63201,53.52792,2,2,7,22:44,-1,E08000016,3,2,2,1,1,19,8,5,0,"[1, 0]",0,1,1,0,0,0,0,2,10
2024141408712,2024,141408712,442568,389056,-1.3613,53.39663,3,3,1,23:02,-1,E08000018,1,2,1,1,2,"[19, 4]",1,5,0,0,0,1,0,0,0,0,0,2,11
2024141408823,2024,141408823,443040,382115,-1.35514,53.3342,2,2,1,14:04,-1,E08000019,6,0,1,1,1,"[9, 19]","[3, 1]","[7, 5]",0,0,0,1,0,1,0,0,0,2,11
2024141408873,2024,141408873,450671,398721,-1.2379,53.48278,3,3,7,03:57,-1,E08000017,6,2,9,0,1,-1,-1,-1,-1,-1,0,1,0,0,0,0,1,2,10
2024141409030,2024,141409030,445059,390299,-1.32366,53.40759,3,3,3,15:00,-1,E08000018,6,0,1,0,1,"[19, 6]","[1, 5]",5,0,0,0,1,0,0,0,0,0,2,6
2024141409059,2024,141409059,455615,412948,-1.16088,53.61014,3,3,6,18:00,-1,E08000017,6,2,2,1,2,2,0,0,0,0,0,1,0,0,0,0,1,2,9
2024141409091,2024,141409091,433086,390613,-1.50373,53.4113,3,3,2,15:15,-1,E08000019,3,0,1,0,1,19,5,1,0,0,0,1,0,0,0,0,1,2,12
2024141409141,2024,141409141,445739,401474,-1.31181,53.50797,3,3,2,16:20,-1,E08000017,4,0,1,0,2,"[19, 9]","[6, 3]",1,0,0,0,1,0,1,0,0,0,2,12
2024141409143,2024,141409143,434410,386905,-1.48421,53.37788,2,2,2,20:52,-1,E08000019,3,2,1,0,1,19,5,1,0,0,0,1,0,0,0,0,1,2,12
2024141409148,2024,141409148,443763,381600,-1.34436,53.32951,2,2,2,20:21,-1,E08000019,4,2,1,0,2,"[19, 9]","[5, 1]","[1, 7]",0,0,0,1,0,1,0,0,0,2,12
2024141409156,2024,141409156,467737,398778,-0.98076,53.48137,2,"[3, 2]",2,18:30,-1,E08000017,3,2,1,0,2,19,1,5,0,1,0,1,0,0,0,0,1,2,12
2024141409274,2024,141409274,436874,390456,-1.44676,53.40964,3,3,2,18:00,-1,E08000019,6,2,1,0,1,9,6,4,0,0,0,1,0,0,0,0,1,2,12
2024141409410,2024,141409410,436320,391840,-1.45494,53.42211,3,3,3,19:33,-1,E08000019,3,2,1,1,1,"[19, 9]",1,"[5, 3]",0,0,0,1,0,0,0,0,0,2,13
2024141409595,2024,141409595,436289,391577,-1.45543,53.41975,3,3,3,20:55,-1,E08000019,4,2,2,1,1,"[7, 8]",1,4,"[10, 0]",0,0,1,0,0,0,0,0,2,13
2024141409920,2024,141409920,442304,392859,-1.36476,53.43083,3,3,4,11:53,-1,E08000018,3,0,8,1,1,11,5,1,10,4,0,1,0,0,0,0,0,2,14
2024141410015,2024,141410015,431933,407900,-1.51932,53.56675,3,3,4,17:05,-1,E08000016,3,0,1,0,2,4,7,3,0,0,0,1,0,0,0,0,1,2,14
2024141410022,2024,141410022,434274,392326,-1.48567,53.42662,2,2,4,20:45,-1,E08000019,6,2,2,1,1,"[9, 19]","[5, 3]","[3, 7]",0,0,0,1,1,0,0,0,0,2,14
2024141410459,2024,141410459,436993,383469,-1.44579,53.34683,2,2,6,03:14,-1,E08000019,6,2,1,1,1,"[1, 6]",4,"[4, 8]",0,0,0,1,0,0,0,0,0,2,16
2024141410641,2024,141410641,458260,395438,-1.12416,53.45249,3,3,6,09:10,-1,E08000017,3,0,1,0,2,"[19, 15]","[8, 4]","[4, 8]",0,0,0,1,0,0,0,0,0,2,16
2024141410724,2024,141410724,447932,381292,-1.28181,53.32638,2,"[3, 2]",6,12:45,-1,E08000018,1,0,1,0,2,"[19, 4]",5,1,"[0, 2]","[0, 1]","[0, 1]",1,0,0,1,0,0,2,16
2024141410778,2024,141410778,437072,384710,-1.44446,53.35798,3,3,6,13:24,-1,E08000019,6,0,1,0,1,19,7,3,0,0,0,1,0,1,0,0,0,2,16
2024141410819,2024,141410819,467214,409849,-0.98626,53.58094,2,2,6,15:30,-1,E08000017,3,0,1,0,2,"[19, 5]","[5, 1]","[1, 5]",0,0,0,1,0,1,0,0,0,2,16
2024141410831,2024,141410831,431075,398633,-1.53319,53.4835,3,3,3,09:54,-1,E08000016,3,0,2,1,2,"[9, 19]","[6, 4]","[4, 1]",0,0,0,1,0,0,0,0,0,2,13
2024141410993,2024,141410993,470818,409270,-0.93197,53.57526,2,2,7,11:19,-1,E08000017,6,0,1,0,2,"[4, 1]",3,7,0,0,0,1,1,0,0,0,0,2,17
2024141411041,2024,141411041,453533,392525,-1.19583,53.42681,2,2,7,14:45,-1,E08000018,4,0,1,0,1,19,"[1, 7]","[5, 4]",0,0,0,1,0,0,0,1,0,2,17
2024141411050,2024,141411050,453987,401322,-1.18749,53.50583,2,2,7,15:00,-1,E08000017,6,0,1,0,2,19,"[5, 7]","[1, 5]",0,0,0,1,0,0,0,0,0,2,17
2024141411071,2024,141411071,435188,386207,-1.4726,53.37156,3,3,7,01:50,-1,E08000019,3,2,1,0,1,9,1,7,0,0,0,1,0,0,0,0,0,2,17
2024141411131,2024,141411131,455716,401065,-1.16147,53.50334,3,3,7,17:25,-1,E08000017,3,2,2,1,1,"[2, 19]","[0, 6]","[0, 2]",4,0,0,1,0,0,0,0,0,2,17
2024141411141,2024,141411141,462036,407676,-1.06489,53.56204,3,3,7,21:52,-1,E08000017,6,2,2,1,1,19,1,5,0,1,0,1,0,0,0,0,0,2,17
2024141411148,2024,141411148,444502,391398,-1.33189,53.41752,2,"[3, 2]",1,01:18,-1,E08000018,4,2,1,1,1,19,6,2,0,3,0,1,0,0,0,0,0,2,18
2024141411210,2024,141411210,449952,392094,-1.24978,53.42328,3,3,7,19:11,-1,E08000018,3,2,2,1,2,"[3, 19]",3,7,0,0,0,1,0,0,0,0,0,2,17
2024141411221,2024,141411221,444456,401364,-1.33117,53.50709,3,3,7,10:00,-1,E08000018,3,0,2,1,2,19,4,7,0,0,0,1,0,0,0,0,0,2,17
2024141411246,2024,141411246,437984,388880,-1.43025,53.39539,3,3,7,17:55,-1,E08000019,3,2,2,1,1,"[4, 19]",6,2,"[0, 7]",0,0,1,0,0,0,1,0,2,17
2024141411614,2024,141411614,449916,392166,-1.25031,53.42394,2,2,2,10:18,-1,E08000018,3,0,1,0,2,19,1,5,0,0,0,0,0,1,1,0,0,2,19
2024141411650,2024,141411650,436232,391437,-1.45631,53.4185,2,2,7,21:15,-1,E08000019,3,2,1,1,1,"[9, 19]","[5, 1]","[1, 5]",0,0,0,1,0,1,0,0,0,2,17
2024141411708,2024,141411708,438116,391233,-1.42799,53.41653,3,3,2,15:30,-1,E08000019,6,0,1,0,1,19,8,4,0,0,0,1,0,0,0,0,1,2,19
2024141411730,2024,141411730,434337,409506,-1.48285,53.58103,2,"[3, 2]",2,15:03,-1,E08000016,6,0,8,0,1,"[5, 19]","[1, 5]","[5, 1]",0,0,0,1,0,0,0,0,0,2,19
2024141411768,2024,141411768,433807,396178,-1.49228,53.46127,3,3,2,21:20,-1,E08000019,4,2,1,0,1,"[9, 19]","[3, 7]","[1, 3]",0,0,0,1,0,0,0,0,0,2,19
2024141411887,2024,141411887,465190,409384,-1.01693,53.57701,2,2,6,15:20,-1,E08000017,6,0,1,0,1,19,7,3,0,0,0,1,0,0,0,0,1,1,12
2024141412170,2024,141412170,431076,407184,-1.53233,53.56036,2,2,3,18:00,-1,E08000016,6,2,2,1,1,"[2, 19]","[0, 4, 8]","[0, 8, 4]",0,"[0, 1]",0,1,0,0,0,0,0,2,20
2024141412180,2024,141412180,439177,388075,-1.41241,53.38807,2,2,3,16:37,-1,E08000019,4,0,1,1,1,19,"[3, 1]","[7, 6]",0,"[0, 1]",0,1,1,0,0,0,0,2,20
2024141412193,2024,141412193,429143,386292,-1.56344,53.37269,2,2,3,17:58,-1,E08000019,6,2,2,1,1,"[19, 7]","[3, 5]",7,0,"[7, 0]","[5, 0]",1,0,0,0,0,0,2,20
2024141412205,2024,141412205,431743,380705,-1.52492,53.32232,3,3,3,23:04,-1,E08000019,6,2,1,1,1,"[2, 19]",1,5,"[0, 4]","[1, 0]","[11, 0]",1,0,0,0,0,0,2,20
2024141412216,2024,141412216,433714,393458,-1.49398,53.43683,3,3,3,22:09,-1,E08000019,3,2,2,1,1,19,"[4, 8, 1]","[8, 4]",0,0,0,1,0,0,0,0,0,2,20
2024141412254,2024,141412254,456021,401013,-1.15688,53.50284,3,3,3,15:00,-1,E08000017,6,2,1,0,1,"[19, 7]",6,"[2, 7]",0,0,0,1,0,0,0,0,0,2,20
2024141412274,2024,141412274,434232,384021,-1.4872,53.35197,3,3,3,12:00,-1,E08000019,3,0,4,0,1,"[19, 7]",2,"[8, 4]","[6, 0]",0,0,1,0,0,0,0,0,2,20
2024141412346,2024,141412346,439663,389313,-1.40495,53.39916,2,2,4,06:25,-1,E08000019,6,2,2,1,2,5,"[1, 7]","[7, 1]",0,0,0,1,1,0,0,0,0,2,21
2024141412452,2024,141412452,432833,384965,-1.50812,53.36055,3,3,4,09:20,-1,E08000019,3,0,2,1,1,"[11, 19]",5,1,0,0,0,1,1,0,0,0,0,2,21
2024141412587,2024,141412587,443371,392463,-1.34876,53.42718,2,2,3,19:16,-1,E08000018,3,2,1,1,1,19,4,8,0,0,0,1,0,0,0,0,1,2,20
2024141412600,2024,141412600,467171,400400,-0.98894,53.49602,2,2,3,13:05,-1,E08000017,4,0,1,0,2,19,"[3, 1]","[7, 5]",0,0,0,1,1,0,0,0,0,2,20
2024141412629,2024,141412629,433418,390402,-1.49875,53.40938,2,2,3,17:46,-1,E08000019,3,2,2,1,1,"[19, 9]","[3, 5]","[8, 3]",0,0,0,1,1,0,0,0,0,2,20
2024141412762,2024,141412762,418113,405008,-1.72815,53.54141,3,3,5,09:05,-1,E08000016,3,0,1,1,2,19,7,3,0,1,0,1,0,0,0,0,0,2,22
2024141412813,2024,141412813,433994,385958,-1.49057,53.3694,3,3,3,21:35,-1,E08000019,6,2,1,0,1,9,8,7,0,0,0,1,0,0,0,0,1,2,20
2024141412840,2024,141412840,457929,403179,-1.12772,53.5221,3,3,5,09:15,-1,E08000017,6,0,8,1,1,19,1,5,0,0,0,1,0,0,0,0,0,2,22
2024141412940,2024,141412940,436827,392464,-1.44723,53.42769,3,3,1,14:40,-1,E08000019,6,0,1,0,1,19,3,7,0,0,0,0,0,0,0,0,1,2,18
2024141412998,2024,141412998,433620,387143,-1.49606,53.38007,3,3,5,17:30,-1,E08000019,3,2,1,0,1,"[9, 19]","[6, 2]","[3, 6]",0,0,0,1,1,0,0,0,0,2,22
2024141413013,2024,141413013,463522,411380,-1.04171,53.59515,3,3,5,16:46,-1,E08000017,6,0,1,0,2,19,3,7,0,1,0,1,0,0,0,0,0,2,22
2024141413020,2024,141413020,438602,409036,-1.41849,53.57651,2,2,5,18:49,-1,E08000016,6,2,1,0,1,19,"[3, 5]","[7, 1]",0,0,0,1,0,1,0,0,0,2,22
2024141413052,2024,141413052,449332,411471,-1.25607,53.5975,3,3,5,18:50,-1,E08000017,3,2,1,1,2,"[3, 19]",1,5,0,0,0,1,0,0,0,0,0,2,22
2024141413078,2024,141413078,433004,387233,-1.50531,53.38092,3,3,5,15:45,-1,E08000019,6,0,1,0,1,19,5,1,0,0,0,1,0,0,0,0,1,2,22
2024141413084,2024,141413084,435985,390302,-1.46015,53.40831,2,2,6,00:15,-1,E08000019,3,2,1,1,1,19,4,8,0,2,11,1,0,0,0,0,0,2,23
2024141413254,2024,141413254,455769,404796,-1.16001,53.53686,3,3,6,06:52,-1,E08000017,6,0,2,1,1,"[7, 19]","[8, 6]",2,0,0,0,1,0,0,0,0,0,2,23
2024141413268,2024,141413268,435037,407070,-1.47255,53.55909,3,3,6,07:30,-1,E08000016,3,0,1,1,1,19,"[3, 5]","[7, 1]",0,"[0, 1]",0,1,1,0,0,0,0,2,23
2024141413290,2024,141413290,461503,406380,-1.07319,53.55046,3,3,1,14:00,-1,E08000017,3,0,1,0,1,19,6,2,0,0,0,1,0,0,0,0,1,2,18
2024141413340,2024,141413340,449068,392260,-1.26306,53.42486,3,3,6,07:34,-1,E08000018,4,0,1,0,1,"[19, 15, 2]","[3, 7, 0]","[7, 3, 0]",0,0,0,1,0,0,0,0,0,2,23
2024141413378,2024,141413378,459315,403064,-1.10684,53.52091,3,3,6,12:14,-1,E08000017,3,0,1,0,1,"[9, 19]","[2, 6]","[8, 2]",0,"[0, 1]","[0, 4]",1,0,0,0,0,0,2,23
2024141413459,2024,141413459,444268,387303,-1.33598,53.38073,3,3,6,18:26,-1,E08000018,4,2,1,1,2,19,4,8,0,1,4,1,0,0,0,0,0,2,23
2024141413486,2024,141413486,437469,384755,-1.43849,53.35835,2,"[2, 3]",6,19:48,-1,E08000019,6,2,1,0,1,19,7,3,0,0,0,0,0,0,1,0,1,2,23
2024141413623,2024,141413623,453637,410374,-1.19122,53.58722,3,3,7,12:20,-1,E08000017,6,0,1,0,1,19,"[2, 8]","[6, 4]",0,0,0,1,0,0,0,0,0,2,24
2024141413729,2024,141413729,433586,385458,-1.49675,53.36493,3,3,6,21:10,-1,E08000019,6,2,1,0,1,9,7,4,0,0,0,1,0,0,0,0,1,2,23
2024141413733,2024,141413733,458640,401435,-1.11732,53.50634,3,3,7,17:08,-1,E08000017,3,0,1,1,2,19,3,7,0,"[0, 1]","[0, 4]",1,0,0,0,0,0,2,24
2024141413745,2024,141413745,436856,383032,-1.4479,53.34291,3,3,7,20:28,-1,E08000019,6,2,1,0,1,"[19, 13]","[2, 6]","[6, 2]",0,0,0,1,0,0,0,0,0,2,24
2024141413769,2024,141413769,447128,384829,-1.29336,53.35825,2,"[3, 2]",7,19:28,-1,E08000018,3,2,1,1,2,"[6, 19]",2,6,0,0,0,1,0,0,0,0,0,2,24
2024141413793,2024,141413793,434004,402839,-1.4886,53.52113,2,2,1,05:38,-1,E08000016,1,2,1,0,2,19,1,5,11,0,0,1,0,0,0,0,0,2,25
2024141413794,2024,141413794,437770,390100,-1.43333,53.40637,2,"[2, 3]",1,01:28,-1,E08000019,4,2,1,1,1,"[2, 19]","[0, 5]","[0, 1]","[4, 0]","[1, 0]",0,1,0,0,0,0,0,2,25