collision_index,collision_year,collision_ref_no,location_easting_osgr,location_northing_osgr,longitude,latitude,casualty_severity,casualty_severity,day_of_week,time,local_authority_district,local_authority_ons_district,first_road_class,light_conditions,weather_conditions,road_surface_conditions,urban_or_rural_area,vehicle_manoeuvre,vehicle_direction_from,vehicle_direction_to,hit_object_in_carriageway,vehicle_leaving_carriageway,hit_object_off_carriageway,is_car,is_cyle,is_mcyle,is_goodsv,is_other,is_pedestrian,month,day
2024141413828,2024,141413828,454078,409826,-1.18465,53.58224,3,3,7,14:35,-1,E08000017,6,0,1,0,1,"[10, 19]",3,"[7, 4]",0,0,0,1,0,0,0,0,0,2,24
2024141413926,2024,141413926,435764,409134,-1.46134,53.57759,3,3,1,15:02,-1,E08000016,6,0,1,0,1,19,"[3, 1]","[7, 5]",0,0,0,1,0,1,0,0,0,2,25
2024141414009,2024,141414009,447067,404735,-1.2913,53.53716,3,3,1,20:00,-1,E08000016,3,2,1,0,2,"[5, 19]","[5, 3]","[1, 7]",0,0,0,1,0,1,0,0,0,2,25
2024141414033,2024,141414033,424429,392704,-1.6338,53.43056,3,3,1,17:00,-1,E08000019,6,2,2,1,2,19,2,4,0,0,0,1,0,0,0,0,0,2,25
2024141414103,2024,141414103,435293,398123,-1.46969,53.47866,3,3,2,08:30,-1,E08000016,3,0,1,1,2,4,7,3,0,0,0,1,0,0,0,0,0,2,26
2024141414323,2024,141414323,440944,402442,-1.38398,53.51707,3,3,2,17:55,-1,E08000016,3,2,2,1,2,19,"[1, 3]","[5, 7]",0,0,0,1,1,0,0,0,0,2,26
2024141414350,2024,141414350,457783,403082,-1.12994,53.52124,2,2,7,23:40,-1,E08000017,6,2,1,1,1,19,"[4, 6]","[8, 1]",0,"[1, 0]","[10, 0]",1,0,0,0,0,0,2,17
2024141414399,2024,141414399,454131,405124,-1.18466,53.53998,3,3,2,09:05,-1,E08000017,3,0,1,1,1,"[9, 4]",7,3,0,0,0,0,0,0,0,1,0,2,26
2024141414431,2024,141414431,431470,406553,-1.52644,53.55467,3,3,4,18:25,-1,E08000016,1,2,1,1,2,19,4,8,0,0,0,1,0,0,0,0,0,2,14
2024141414532,2024,141414532,464428,410887,-1.02812,53.59061,3,3,2,19:50,-1,E08000017,6,2,8,0,1,"[7, 9]","[3, 5]","[5, 1]",0,0,0,1,0,0,0,0,0,2,26
2024141414618,2024,141414618,438919,390965,-1.41594,53.41406,3,3,7,08:52,-1,E08000019,3,0,1,0,1,"[19, 13]","[6, 2]","[2, 6]",0,0,0,1,0,1,0,0,0,2,24
2024141414667,2024,141414667,441947,382934,-1.37145,53.34165,3,3,2,17:15,-1,E08000019,6,0,1,0,2,"[19, 7]","[3, 5]",7,0,0,0,1,0,0,0,0,0,2,19
2024141414804,2024,141414804,440365,386790,-1.39472,53.37643,3,3,3,19:00,-1,E08000019,6,2,1,0,1,9,4,4,0,0,0,1,0,0,0,0,1,2,27
2024141414806,2024,141414806,442131,390349,-1.3677,53.40828,3,3,3,16:30,-1,E08000018,3,0,1,0,1,"[19, 9]","[3, 5]","[7, 3]",0,0,0,1,0,1,0,0,0,2,27
2024141414895,2024,141414895,434434,386283,-1.48392,53.37229,2,2,4,08:10,-1,E08000019,6,0,1,1,1,"[9, 19]",5,"[7, 1]",0,0,0,1,1,0,0,0,0,2,28
2024141415055,2024,141415055,458246,404320,-1.12273,53.53232,2,"[2, 3]",4,12:32,-1,E08000017,6,0,1,0,1,19,"[4, 6]","[1, 2]",0,0,0,1,0,0,0,0,0,2,28
2024141415173,2024,141415173,453856,403999,-1.18901,53.5299,2,"[3, 2]",4,18:42,-1,E08000017,6,0,1,0,2,19,"[3, 6]","[6, 3]",0,0,0,1,0,0,0,0,0,2,28
2024141415183,2024,141415183,445834,394372,-1.31142,53.44413,2,2,4,19:03,-1,E08000018,6,0,1,0,1,"[2, 14]","[0, 4]","[0, 1]",0,0,0,1,0,0,0,0,0,2,28
2024141415195,2024,141415195,437716,383308,-1.43495,53.34533,2,2,3,14:20,-1,E08000019,6,0,1,1,1,19,3,7,0,0,0,1,0,0,0,0,1,2,27
2024141415214,2024,141415214,436183,388598,-1.45737,53.39298,3,3,4,20:15,-1,E08000019,4,2,2,1,1,19,"[7, 3]","[3, 1]",0,0,0,1,0,0,1,0,0,2,28
2024141415221,2024,141415221,459712,402540,-1.10095,53.51615,3,3,4,21:04,-1,E08000017,6,2,1,1,1,"[5, 19]",1,1,0,0,0,1,0,0,0,0,0,2,28
2024141415258,2024,141415258,441590,401306,-1.37439,53.50681,2,2,4,20:50,-1,E08000018,4,2,1,0,1,"[19, 5]",8,4,0,1,0,1,0,0,0,0,0,2,28
2024141415334,2024,141415334,456324,401002,-1.15232,53.5027,3,3,4,17:25,-1,E08000017,6,0,1,0,1,"[7, 19]","[8, 2]","[3, 2]",0,0,0,1,1,0,0,0,0,2,28
2024141415431,2024,141415431,432169,407771,-1.51577,53.56557,3,3,5,08:38,-1,E08000016,3,0,1,0,1,19,3,7,0,0,0,1,0,0,0,0,1,2,29
2024141415542,2024,141415542,444842,399295,-1.32565,53.48846,3,3,5,07:35,-1,E08000018,3,0,1,0,1,19,7,3,0,0,0,1,0,0,0,0,0,2,29
2024141415603,2024,141415603,437282,388389,-1.44087,53.39103,3,3,5,16:10,-1,E08000019,3,0,1,0,1,"[19, 9]","[7, 8]","[3, 6]",0,0,0,1,0,0,0,0,0,2,29
2024141415887,2024,141415887,430146,383935,-1.54859,53.35145,3,3,6,11:00,-1,E08000019,6,0,3,2,2,19,"[3, 7]","[7, 3]",0,0,0,1,0,0,0,0,0,3,1
2024141415912,2024,141415912,438607,410217,-1.41827,53.58712,3,3,6,15:54,-1,E08000016,6,0,1,1,2,19,"[4, 8]","[8, 4]",0,0,0,1,0,0,0,0,0,3,1
2024141415919,2024,141415919,458762,400688,-1.11562,53.49962,3,3,6,14:30,-1,E08000017,6,0,1,1,2,19,1,5,0,0,0,1,0,0,0,0,0,3,1
2024141415932,2024,141415932,436594,392909,-1.45069,53.4317,3,3,6,15:55,-1,E08000019,6,0,1,1,1,19,"[3, 6]","[8, 1]",0,0,0,1,0,0,0,0,0,3,1
2024141415936,2024,141415936,439589,410586,-1.40339,53.59037,3,3,6,17:25,-1,E08000016,6,0,1,0,1,"[19, 4]","[3, 6]","[6, 2]",0,0,0,1,0,0,1,0,0,3,1
2024141415947,2024,141415947,439748,394007,-1.40308,53.44134,3,3,6,19:34,-1,E08000018,3,2,1,0,1,"[19, 15]","[5, -1]","[1, -1]",0,"[0, -1]",0,1,0,0,0,0,0,3,1
2024141415993,2024,141415993,464773,395319,-1.02612,53.45066,3,3,6,22:40,-1,E08000017,3,2,1,1,2,19,5,1,0,"[1, 0]",0,1,0,0,0,0,0,3,1
2024141416096,2024,141416096,434520,406040,-1.48046,53.54986,2,2,7,06:39,-1,E08000016,3,0,2,1,1,"[19, 7]","[3, 5]","[7, 3]",0,0,0,1,0,0,0,0,0,3,2
2024141416196,2024,141416196,434577,396664,-1.48063,53.46559,3,3,7,13:31,-1,E08000019,6,0,2,1,1,"[9, 19]","[5, 3]","[3, 7]",0,"[0, 7]",0,1,0,1,0,0,0,3,2
2024141416346,2024,141416346,433777,386816,-1.49374,53.37713,3,3,6,06:05,-1,E08000019,4,2,8,0,1,"[9, 19]","[3, 6]","[8, 2]",0,0,0,1,1,0,0,0,0,2,23
2024141416456,2024,141416456,444490,389324,-1.33236,53.39888,3,3,1,11:57,-1,E08000018,1,0,1,0,2,12,5,1,0,0,0,1,0,0,0,0,0,3,3
2024141416482,2024,141416482,455872,413963,-1.15682,53.61924,3,3,1,11:19,-1,E08000017,6,0,1,0,2,19,7,3,0,1,11,1,0,0,0,0,0,3,3
2024141416671,2024,141416671,439609,386506,-1.40611,53.37393,2,2,5,13:30,-1,E08000019,3,0,1,0,1,19,"[2, 1]","[6, 5]",0,0,0,1,0,1,0,0,0,2,22
2024141416728,2024,141416728,444169,397858,-1.33599,53.47561,2,"[2, 3]",2,09:16,-1,E08000018,3,0,1,1,2,"[10, 19]",1,"[6, 5]",0,0,0,1,0,0,0,0,0,3,4
2024141416792,2024,141416792,439610,386497,-1.4061,53.37385,3,3,7,12:42,-1,E08000019,3,0,1,0,1,19,7,"[5, 4]",0,0,0,1,0,0,0,0,0,3,2
2024141416908,2024,141416908,442322,393056,-1.36446,53.4326,3,3,2,13:12,-1,E08000018,3,0,1,0,1,19,"[3, 7]","[7, 3]",0,"[1, 0]",0,1,0,0,0,1,0,3,4
2024141416915,2024,141416915,439328,391874,-1.40967,53.4222,3,3,2,15:10,-1,E08000019,3,0,1,0,1,"[19, 13]",8,5,0,0,0,1,0,0,0,0,0,3,4
2024141416985,2024,141416985,437005,384715,-1.44546,53.35803,3,3,2,21:19,-1,E08000019,6,2,1,1,1,19,3,7,0,0,0,1,0,0,0,0,1,3,4
2024141416992,2024,141416992,454240,391899,-1.1853,53.42111,2,2,2,15:10,-1,E08000018,3,0,1,0,1,4,7,3,0,4,3,1,0,0,0,0,0,3,4
2024141417241,2024,141417241,443466,394593,-1.34703,53.44632,3,3,3,11:26,-1,E08000018,3,0,1,0,1,19,1,6,0,0,0,0,0,1,1,0,0,3,5
2024141417330,2024,141417330,442873,392650,-1.35623,53.4289,2,"[3, 2]",3,13:28,-1,E08000018,6,0,1,0,1,"[5, 13]",4,8,0,0,0,1,0,0,1,0,0,3,5
2024141417344,2024,141417344,436471,390139,-1.45286,53.40681,2,2,3,13:02,-1,E08000019,3,0,1,0,1,19,2,5,0,0,0,1,0,0,0,0,1,3,5
2024141417354,2024,141417354,456496,405371,-1.14894,53.54195,3,3,3,13:20,-1,E08000017,3,0,1,0,2,19,1,5,0,0,0,0,0,0,1,0,1,3,5
2024141417405,2024,141417405,457311,403425,-1.13699,53.52437,1,1,3,13:00,-1,E08000017,3,0,1,0,1,5,2,6,0,0,0,0,0,0,1,0,1,3,5
2024141417419,2024,141417419,436736,388353,-1.44908,53.39074,3,3,3,00:19,-1,E08000019,3,2,1,0,1,19,"[7, 2]","[3, 6]",0,0,0,1,0,0,0,0,0,3,5
2024141417461,2024,141417461,442369,392170,-1.36387,53.42463,3,3,3,22:30,-1,E08000018,3,2,1,1,2,19,1,5,7,1,7,1,0,0,0,0,0,3,5
2024141417691,2024,141417691,434178,381186,-1.48832,53.3265,3,3,4,12:40,-1,E08000019,6,0,1,0,1,"[5, 2]","[5, 0]","[1, 0]",0,0,0,1,0,0,0,0,0,3,6
2024141417726,2024,141417726,434736,386453,-1.47936,53.3738,3,3,4,09:20,-1,E08000019,3,0,1,0,1,19,"[2, 4]","[6, 1]","[7, 0]",0,0,1,0,0,0,0,0,3,6
2024141417742,2024,141417742,443993,390545,-1.33966,53.40989,3,3,4,11:22,-1,E08000018,6,0,1,0,1,5,"[7, 5]","[3, 1]",0,0,0,1,0,0,0,0,0,3,6
2024141417783,2024,141417783,463236,405174,-1.04728,53.53941,3,3,4,16:15,-1,E08000017,6,0,1,0,1,19,3,7,0,0,0,1,1,0,0,0,0,3,6
2024141417857,2024,141417857,433768,383188,-1.49426,53.34452,3,3,4,19:09,-1,E08000019,6,2,1,0,1,"[9, 19]","[6, 2]","[2, 5]",0,0,0,1,1,0,0,0,0,3,6
2024141417864,2024,141417864,438335,393045,-1.42447,53.4328,3,3,4,21:24,-1,E08000019,1,2,1,0,1,"[11, 19]",5,1,0,0,0,1,0,0,0,1,0,3,6
2024141417894,2024,141417894,437340,403434,-1.43821,53.52625,2,"[3, 2]",3,22:05,-1,E08000016,6,2,1,0,2,19,"[4, 7]","[7, 3]",0,0,0,1,0,0,0,0,0,3,5
2024141418166,2024,141418166,456111,414231,-1.15316,53.62162,3,3,5,15:00,-1,E08000017,3,0,1,0,2,19,1,5,0,7,4,1,0,0,0,0,0,3,7
2024141418595,2024,141418595,434918,386803,-1.47659,53.37693,3,3,6,19:45,-1,E08000019,6,2,1,0,1,"[19, 5]","[2, 1]","[6, 5]",0,0,0,1,0,0,0,0,0,3,8
2024141418623,2024,141418623,437375,387185,-1.43961,53.3802,2,2,6,19:09,-1,E08000019,6,2,1,0,1,"[7, 19]","[3, 6]","[6, 3]",0,0,0,1,0,1,0,0,0,3,8
2024141418627,2024,141418627,425694,404232,-1.61382,53.53412,3,3,5,20:30,-1,E08000016,3,2,1,1,2,19,7,3,0,0,0,1,0,0,0,0,0,3,7
2024141418753,2024,141418753,432837,385390,-1.50801,53.36437,3,3,7,10:40,-1,E08000019,3,2,1,0,1,"[13, 9]",1,"[5, 7]",0,0,0,1,0,0,0,0,0,3,9
2024141418850,2024,141418850,438111,384949,-1.42882,53.36005,2,2,7,17:48,-1,E08000019,6,0,1,0,1,9,6,4,0,0,0,1,0,0,0,0,1,3,9
2024141418883,2024,141418883,433844,404693,-1.49081,53.5378,2,2,7,19:32,-1,E08000016,6,2,1,0,2,19,5,1,0,1,11,0,0,1,0,0,0,3,9
2024141418980,2024,141418980,436325,387238,-1.45539,53.38075,3,3,7,23:20,-1,E08000019,4,2,2,1,1,"[13, 9]",5,"[1, 3]",0,0,0,1,0,0,0,0,0,3,9
2024141418985,2024,141418985,454643,402937,-1.17732,53.52027,2,"[2, 3]",1,10:35,-1,E08000017,2,0,2,1,2,19,"[1, 5]","[5, 1]",0,0,0,1,0,0,0,0,0,3,10
2024141418989,2024,141418989,436972,384721,-1.44596,53.35808,3,3,7,18:30,-1,E08000019,6,2,1,0,1,"[19, 3]","[3, 7]","[7, 3]",0,0,0,1,0,0,0,0,0,3,9
2024141419047,2024,141419047,439971,409595,-1.39774,53.58143,2,"[2, 3]",1,13:59,-1,E08000016,3,0,1,0,2,"[3, 19, 10]",1,"[5, 7]",0,0,0,1,0,0,0,0,0,3,10
2024141419076,2024,141419076,440371,404450,-1.39237,53.53516,3,3,1,19:23,-1,E08000016,6,2,1,1,1,9,2,2,0,3,0,1,0,0,0,0,0,3,10
2024141419100,2024,141419100,442528,391168,-1.36162,53.41561,3,3,1,22:01,-1,E08000018,6,2,8,1,1,"[2, 19]","[0, 1]","[0, 5]",0,"[1, 0]",0,1,0,0,0,0,0,3,10
2024141419119,2024,141419119,434824,387831,-1.47789,53.38618,3,3,1,06:30,-1,E08000019,6,0,2,1,1,19,"[4, 2]",6,0,0,0,1,0,0,0,0,0,3,10
2024141419124,2024,141419124,442552,383390,-1.3623,53.3457,2,2,2,00:54,-1,E08000019,6,2,2,1,2,19,5,2,0,1,4,1,0,0,0,0,0,3,11
2024141419159,2024,141419159,441909,394153,-1.37053,53.44249,3,3,2,07:40,-1,E08000018,6,0,2,1,2,19,8,4,0,1,0,1,0,0,0,0,0,3,11
2024141419276,2024,141419276,433753,391657,-1.49358,53.42064,3,3,1,17:20,-1,E08000019,3,0,2,1,1,"[9, 19]","[4, 2]","[1, 6]",0,0,0,1,0,0,0,0,0,3,10
2024141419422,2024,141419422,445833,391598,-1.31183,53.4192,3,3,7,16:00,-1,E08000018,3,0,1,0,1,"[19, 5]",7,3,0,0,0,1,0,0,0,0,0,3,9
2024141419455,2024,141419455,451872,392543,-1.22082,53.42714,3,3,2,08:20,-1,E08000018,6,0,1,0,1,"[7, 19]","[4, 2]",6,0,0,0,1,1,0,0,0,0,3,11
2024141419469,2024,141419469,423849,404646,-1.64162,53.53793,2,"[2, 3]",2,10:30,-1,E08000016,4,0,8,1,2,4,8,4,0,1,0,1,0,0,0,0,0,3,11
2024141419569,2024,141419569,465140,393702,-1.02093,53.43608,2,2,2,17:28,-1,E08000017,3,0,1,1,2,19,1,5,0,0,0,1,0,1,0,0,0,3,11
2024141419581,2024,141419581,436633,384435,-1.45108,53.35553,2,2,2,15:50,-1,E08000019,6,0,1,1,1,19,6,2,0,0,0,0,1,0,0,0,1,3,11
2024141419583,2024,141419583,444128,381903,-1.33884,53.33221,3,3,7,13:26,-1,E08000019,6,0,1,0,1,"[7, 19]","[5, 2]",7,0,0,0,1,0,0,1,0,0,3,9
2024141419606,2024,141419606,449762,394001,-1.25234,53.44044,2,"[2, 3]",2,22:30,-1,E08000018,6,2,1,1,2,"[9, 5]","[1, 3]",7,0,"[0, 3]","[0, 4]",1,0,0,0,0,0,3,11
2024141419617,2024,141419617,429706,395744,-1.55409,53.45762,2,2,5,11:25,-1,E08000019,3,0,1,0,2,19,5,1,0,0,0,1,0,0,0,0,0,2,29
2024141419707,2024,141419707,435295,383905,-1.47124,53.35086,3,3,3,09:58,-1,E08000019,6,0,1,0,1,"[9, 13]",7,"[5, 3]",0,0,0,1,0,0,0,0,0,3,12
2024141419803,2024,141419803,434303,387270,-1.48578,53.38117,3,3,2,19:00,-1,E08000019,6,2,2,1,1,19,7,3,0,0,0,1,0,0,0,0,1,3,11
2024141419900,2024,141419900,454182,408026,-1.18339,53.56606,2,"[3, 2]",3,13:57,-1,E08000017,4,0,1,0,1,9,7,1,0,1,11,1,0,0,0,0,0,3,12
2024141419968,2024,141419968,435713,404372,-1.46265,53.53479,3,3,3,10:15,-1,E08000016,6,0,1,0,1,19,8,4,0,0,0,1,0,0,0,0,0,3,12
2024141420003,2024,141420003,453414,392003,-1.19771,53.42213,3,3,3,17:31,-1,E08000018,6,0,1,0,1,19,"[5, 3]","[1, 7]",0,0,0,1,1,0,0,0,0,3,12
2024141420005,2024,141420005,437909,385494,-1.43179,53.36496,3,3,3,20:52,-1,E08000019,6,2,1,0,1,"[9, 2, 19]","[7, 0, 1]","[4, 0, 5]","[0, 4]",0,0,1,0,0,0,0,0,3,12
2024141420006,2024,141420006,437442,390195,-1.43825,53.40725,3,3,6,22:50,-1,E08000019,3,2,9,0,1,19,7,4,0,0,0,1,0,0,0,0,1,3,8
2024141420018,2024,141420018,441320,392938,-1.37956,53.43162,3,3,3,20:17,-1,E08000018,6,2,1,0,1,9,"[4, 3]","[3, 8]",0,0,0,1,0,0,0,0,0,3,12
2024141420278,2024,141420278,467961,413801,-0.97412,53.61636,2,2,4,10:02,-1,E08000017,6,0,1,0,1,19,"[1, 8]","[5, 3]",0,0,0,1,1,0,0,0,0,3,13
2024141420281,2024,141420281,432594,398143,-1.51035,53.47901,3,3,3,12:13,-1,E08000016,6,0,1,0,2,9,5,3,0,0,0,1,0,0,0,0,0,2,20
2024141420301,2024,141420301,440200,383471,-1.39762,53.34661,2,2,4,09:10,-1,E08000019,3,0,1,0,1,"[9, 13]","[2, 8]","[8, 4]",0,0,0,1,0,0,0,1,0,3,13
2024141420366,2024,141420366,434991,381223,-1.47611,53.32678,3,3,4,11:59,-1,E08000019,4,2,2,1,1,"[9, 19]","[3, 7]","[1, 3]",0,0,0,1,0,0,0,0,0,3,13
2024141420411,2024,141420411,435572,388160,-1.4666,53.38909,3,3,4,16:15,-1,E08000019,3,0,1,1,1,19,3,"[7, 6]",0,0,0,1,0,0,0,0,0,3,13
2024141420432,2024,141420432,433508,388222,-1.49763,53.38978,3,3,4,16:55,-1,E08000019,6,2,2,1,1,19,"[6, 8]","[2, 4]",0,"[0, 1]","[0, 11]",1,0,0,0,0,0,3,13
2024141420458,2024,141420458,444899,396964,-1.32512,53.46751,2,2,4,17:30,-1,E08000018,6,0,2,1,1,"[19, 9]","[7, 1]","[3, 7]",0,"[0, 2]","[0, 11]",1,0,0,0,0,0,3,13
2024141420485,2024,141420485,447261,391953,-1.2903,53.42226,3,3,4,22:00,-1,E08000018,6,2,1,1,1,19,"[2, 4]","[6, 8]",0,0,0,1,0,0,0,0,0,3,13
2024141420699,2024,141420699,439733,390039,-1.40381,53.40568,3,3,5,11:55,-1,E08000019,3,0,1,0,1,"[15, 19]",6,2,"[0, 7]",0,0,1,0,0,0,0,0,3,14
2024141420714,2024,141420714,434752,404590,-1.47712,53.53682,3,3,5,14:05,-1,E08000016,6,0,1,0,1,"[19, 2]","[5, 1]","[1, 5]",0,0,0,1,0,1,0,0,0,3,14
2024141420761,2024,141420761,463969,405488,-1.03616,53.54215,3,3,5,15:20,-1,E08000017,6,0,1,0,1,19,6,2,0,0,0,1,0,0,0,0,0,3,14
2024141420966,2024,141420966,449903,384936,-1.25165,53.35895,3,3,5,08:00,-1,E08000018,3,0,2,0,2,19,4,8,0,1,1,1,0,0,0,0,0,3,14
2024141421001,2024,141421001,458000,401753,-1.12691,53.50927,3,3,6,08:30,-1,E08000017,3,0,1,0,2,"[11, 19, 4]",5,1,0,0,0,1,0,0,0,0,0,3,15
2024141421160,2024,141421160,439921,409697,-1.39849,53.58235,3,3,5,14:40,-1,E08000016,3,0,1,0,2,"[19, 5, 2]",1,5,0,0,0,1,0,0,0,0,0,3,14
2024141421203,2024,141421203,435837,411526,-1.45996,53.59908,3,3,4,11:55,-1,E08000016,6,0,1,0,1,"[19, 9]","[2, 7]",5,0,0,0,1,0,0,0,0,0,3,13
2024141421280,2024,141421280,435357,396444,-1.46891,53.46356,3,3,7,03:45,-1,E08000019,6,2,1,0,1,"[19, 2, 7]","[1, 0, 3]","[5, 0]","[4, 0]","[0, 1]",0,1,0,0,0,0,0,3,16
2024141421338,2024,141421338,463441,402607,-1.04471,53.51632,3,3,6,16:30,-1,E08000017,1,0,1,0,2,19,6,2,0,0,0,1,0,0,0,0,0,3,15
2024141421342,2024,141421342,438918,383716,-1.41684,53.34891,3,3,7,09:00,-1,E08000019,6,0,1,1,1,"[19, 9]","[5, 7]","[1, 4]",0,0,0,1,0,0,0,0,0,3,16
2024141421419,2024,141421419,458711,404069,-1.11576,53.53001,2,2,4,06:07,-1,E08000017,6,0,1,1,1,"[19, 5]","[6, 4]","[2, 8]","[7, 0]",0,0,1,0,0,0,0,0,3,13
2024141421491,2024,141421491,434448,406411,-1.48151,53.5532,2,2,6,20:12,-1,E08000016,6,2,1,1,1,19,5,1,0,0,0,1,0,0,0,0,1,3,15
2024141421541,2024,141421541,447939,386575,-1.28091,53.37387,3,3,6,13:02,-1,E08000018,1,0,2,1,2,"[19, 12]",1,5,0,0,0,1,0,0,1,0,0,3,15
2024141421555,2024,141421555,443050,396254,-1.35307,53.46128,2,2,1,00:14,-1,E08000018,6,2,2,1,2,19,3,7,0,0,0,1,0,0,0,0,0,3,17
2024141421648,2024,141421648,441795,395431,-1.37208,53.45398,3,3,7,19:50,-1,E08000018,6,2,2,1,2,19,"[5, 3]","[1, 7]",0,"[0, 7]",0,1,0,0,0,0,0,3,16
2024141421658,2024,141421658,442347,390433,-1.36444,53.40902,3,3,1,12:31,-1,E08000018,3,0,1,0,1,19,7,3,0,0,0,1,0,0,0,0,1,3,17
2024141421673,2024,141421673,440625,384884,-1.39105,53.35928,3,3,7,19:30,-1,E08000019,6,2,5,1,1,"[7, 9]","[1, 3]","[3, 1]",0,0,0,1,0,0,0,0,0,3,16
2024141421712,2024,141421712,435130,400684,-1.47186,53.50168,3,3,1,16:38,-1,E08000016,3,0,1,0,2,7,6,2,0,0,0,0,0,1,0,0,0,3,17
2024141421745,2024,141421745,440869,386194,-1.38722,53.37104,2,2,1,19:41,-1,E08000019,6,2,1,0,1,7,3,7,0,0,0,1,0,0,0,0,1,3,17
2024141421965,2024,141421965,433653,405374,-1.49362,53.54393,3,3,2,10:27,-1,E08000016,3,0,8,0,1,"[19, 9]","[3, 8]","[7, 5]",0,0,0,1,0,0,0,0,0,3,18
2024141422052,2024,141422052,436108,388585,-1.4585,53.39287,3,3,2,08:26,-1,E08000019,3,0,1,0,1,"[19, 2, 9]","[1, 0, 3]","[5, 0, 8]","[4, 0, 10]",0,0,1,0,0,1,0,0,3,18
2024141422071,2024,141422071,460443,392209,-1.09191,53.42322,3,3,1,15:08,-1,E08000017,2,0,1,0,2,"[4, 19]",1,5,0,0,0,1,0,0,0,0,0,3,17
2024141422127,2024,141422127,433380,386739,-1.49971,53.37646,2,2,6,16:07,-1,E08000019,4,0,1,0,1,9,"[6, 8]","[3, 6]",0,0,0,1,1,0,0,0,0,3,15
2024141422249,2024,141422249,437403,390022,-1.43886,53.4057,3,3,2,21:40,-1,E08000019,6,2,1,0,1,"[7, 19]","[8, 6]",2,0,"[3, 0]",0,1,1,0,0,0,0,3,18
2024141422250,2024,141422250,436138,392517,-1.4576,53.42821,3,3,6,18:40,-1,E08000019,3,2,8,1,1,"[5, 19]","[1, 6]","[4, 3]",0,"[3, 0]",0,1,0,0,0,0,0,3,15
2024141422404,2024,141422404,435495,386426,-1.46796,53.37351,2,2,1,23:30,-1,E08000019,6,2,1,0,1,19,3,5,0,0,0,1,0,0,0,0,1,3,3
2024141422497,2024,141422497,460910,397692,-1.08383,53.47245,2,2,3,14:21,-1,E08000017,6,0,8,0,1,19,"[7, 1]","[3, 5]",0,0,0,0,1,0,0,1,0,3,19
2024141422515,2024,141422515,455746,400922,-1.16104,53.50205,3,3,3,15:30,-1,E08000017,6,0,1,0,1,19,8,4,0,0,0,1,0,0,0,0,1,3,19
2024141422525,2024,141422525,438518,408933,-1.41977,53.57559,2,"[2, 3]",2,14:47,-1,E08000016,6,0,1,0,1,"[19, 5]","[6, 7]","[2, 6]",0,0,0,1,0,1,0,0,0,3,18
2024141422555,2024,141422555,437411,407186,-1.4367,53.55997,3,3,7,20:09,-1,E08000016,3,2,1,0,1,19,1,6,0,0,0,1,0,0,0,0,1,3,16
2024141422561,2024,141422561,435684,389479,-1.46477,53.40094,3,3,3,16:52,-1,E08000019,6,0,1,0,1,19,"[2, 8]","[6, 4]",0,0,0,1,0,0,0,0,0,3,19
2024141422605,2024,141422605,451987,388119,-1.21982,53.38736,3,3,3,21:10,-1,E08000018,6,2,2,1,2,"[5, 19]","[1, 3]","[5, 7]",0,0,0,1,0,0,0,0,0,3,19
2024141422630,2024,141422630,434962,384639,-1.47616,53.35748,2,2,3,11:47,-1,E08000019,3,0,1,0,1,"[9, 19]","[1, 6]","[7, 1]",0,0,0,1,1,0,0,0,0,3,19
2024141422665,2024,141422665,464661,411197,-1.02454,53.59337,3,3,3,14:38,-1,E08000017,6,0,1,0,1,"[8, 7]","[8, 5]","[1, 8]",0,0,0,1,0,1,0,0,0,3,19
2024141422790,2024,141422790,435667,395250,-1.46438,53.45281,3,3,4,11:35,-1,E08000019,3,0,2,1,2,"[2, 19]",2,2,"[0, 4]",0,0,1,0,0,0,0,0,3,20
2024141422866,2024,141422866,437868,402754,-1.43033,53.5201,3,3,1,12:50,-1,E08000016,6,0,1,0,2,19,"[3, 6]","[6, 3]",0,0,0,1,0,0,0,0,0,3,17
2024141422879,2024,141422879,434081,387247,-1.48912,53.38098,3,3,4,14:50,-1,E08000019,3,0,2,1,1,"[19, 9]","[7, 5]","[3, 2]",0,"[0, 1]",0,1,1,0,0,0,0,3,20
2024141422885,2024,141422885,459265,393265,-1.10944,53.43285,3,3,4,10:43,-1,E08000017,3,0,1,0,2,"[5, 19]",5,1,0,0,0,1,0,0,1,0,0,2,28
2024141422964,2024,141422964,456635,404044,-1.14708,53.53001,3,3,4,18:47,-1,E08000017,3,2,1,1,1,"[19, 12]",7,"[2, 3]",0,0,0,1,0,0,0,0,0,3,20
2024141423075,2024,141423075,437535,391762,-1.43666,53.42133,3,3,5,08:25,-1,E08000019,6,0,8,0,1,19,8,6,0,0,0,1,0,0,0,0,1,3,21
2024141423092,2024,141423092,433502,390334,-1.4975,53.40876,3,3,5,06:30,-1,E08000019,3,0,1,0,1,5,5,1,0,0,0,1,0,0,0,0,1,3,21
2024141423205,2024,141423205,434582,405654,-1.47957,53.54639,2,2,5,10:40,-1,E08000016,6,0,1,0,1,"[19, 2]","[5, 0, -1]","[1, 0, -1]",0,0,0,1,0,0,0,0,1,3,21
2024141423284,2024,141423284,436557,398340,-1.45062,53.48052,2,2,5,15:01,-1,E08000016,3,0,1,0,2,"[5, 19]","[3, 1]",5,0,0,0,1,0,0,0,0,0,3,21
2024141423295,2024,141423295,432490,384282,-1.51334,53.35443,3,3,3,14:27,-1,E08000019,6,0,1,0,1,"[19, 5]","[2, 8]","[6, 4]",0,0,0,1,0,0,0,0,0,2,20