collision_index,collision_year,collision_ref_no,location_easting_osgr,location_northing_osgr,longitude,latitude,casualty_severity,casualty_severity,day_of_week,time,local_authority_district,local_authority_ons_district,first_road_class,light_conditions,weather_conditions,road_surface_conditions,urban_or_rural_area,vehicle_manoeuvre,vehicle_direction_from,vehicle_direction_to,hit_object_in_carriageway,vehicle_leaving_carriageway,hit_object_off_carriageway,is_car,is_cyle,is_mcyle,is_goodsv,is_other,is_pedestrian,month,day
2024141432414,2024,141432414,445027,391847,-1.32392,53.42151,3,3,3,18:59,-1,E08000018,6,0,1,0,1,"[9, 13]","[5, 1]","[7, 5]",0,"[0, 7]","[0, 2]",1,0,0,0,0,0,4,16
2024141432448,2024,141432448,434449,406074,-1.48153,53.55017,3,3,3,22:05,-1,E08000016,3,2,8,0,1,"[19, 5]",8,4,0,0,0,1,0,0,0,0,0,4,16
2024141432494,2024,141432494,434430,399903,-1.48249,53.49471,3,3,4,08:43,-1,E08000016,3,0,8,0,2,"[19, 9]","[6, 8]","[2, 6]",0,0,0,1,0,0,0,0,0,4,17
2024141432647,2024,141432647,448053,388915,-1.27884,53.39489,3,3,4,08:15,-1,E08000018,1,0,1,0,2,19,2,6,0,0,0,1,0,0,1,0,0,4,17
2024141432694,2024,141432694,434064,387245,-1.48938,53.38096,3,3,4,09:04,-1,E08000019,3,0,2,1,1,4,7,3,0,0,0,1,1,0,0,0,0,4,3
2024141432812,2024,141432812,434188,391665,-1.48704,53.42068,2,2,4,17:38,-1,E08000019,6,0,1,0,1,"[9, 19]","[2, 5]","[7, 2]",0,0,0,1,0,0,0,0,0,4,17
2024141432868,2024,141432868,427590,380553,-1.58728,53.32119,3,3,5,04:45,-1,E08000019,3,2,1,0,2,"[2, 19]","[0, 6]","[0, 2]",0,"[1, 0]",0,1,0,0,0,0,0,4,18
2024141432908,2024,141432908,437159,385052,-1.44311,53.36104,3,3,4,19:07,-1,E08000019,6,0,1,0,1,"[19, 12]",7,3,0,0,0,1,0,0,0,0,0,4,3
2024141432941,2024,141432941,437484,393490,-1.43723,53.43686,3,3,5,13:57,-1,E08000019,4,0,1,0,1,"[19, 12]","[7, 2]","[3, 7]",0,0,0,1,0,0,0,0,0,4,4
2024141432975,2024,141432975,434966,400384,-1.47436,53.499,3,3,5,12:30,-1,E08000016,3,0,1,1,2,19,4,8,0,0,0,1,0,0,1,0,0,4,4
2024141433044,2024,141433044,446405,385445,-1.30413,53.36385,3,3,1,14:30,-1,E08000018,6,0,1,0,1,"[7, 9]",5,"[7, 2]",0,0,0,1,0,0,0,0,0,4,14
2024141433220,2024,141433220,436229,388602,-1.45668,53.39302,3,3,5,08:15,-1,E08000019,4,0,1,0,1,19,7,3,0,0,0,0,0,0,1,0,0,4,18
2024141433251,2024,141433251,443621,395044,-1.34464,53.45036,3,3,5,17:40,-1,E08000018,3,0,1,0,1,19,1,5,0,0,0,1,0,0,0,0,1,4,18
2024141433259,2024,141433259,434685,385746,-1.48021,53.36745,2,2,5,16:31,-1,E08000019,6,0,1,0,1,"[3, 19]",3,7,"[0, 4]",0,0,1,1,0,0,0,0,4,18
2024141433358,2024,141433358,435280,387215,-1.4711,53.38061,3,3,1,20:45,-1,E08000019,6,2,2,1,1,19,7,2,0,0,0,0,0,0,0,0,1,3,31
2024141433423,2024,141433423,434826,381183,-1.47859,53.32643,3,3,6,16:00,-1,E08000019,4,0,1,0,1,"[5, 19]","[1, 6]","[6, 3]",0,0,0,1,1,0,0,0,0,4,5
2024141433464,2024,141433464,423027,403410,-1.65412,53.52685,3,3,5,12:50,-1,E08000016,3,0,1,0,1,19,"[3, 7]","[7, 3]",0,0,0,1,0,0,0,0,0,4,18
2024141433522,2024,141433522,454230,405105,-1.18317,53.5398,3,3,7,18:10,-1,E08000017,3,0,1,0,2,19,7,3,0,0,0,1,0,1,0,0,0,4,6
2024141433570,2024,141433570,444989,400778,-1.32322,53.50178,3,3,6,10:30,-1,E08000018,6,0,1,0,2,"[9, 19]","[1, 7]","[7, 3]",0,"[1, 0]",0,1,0,0,0,0,0,4,19
2024141433615,2024,141433615,468863,411111,-0.96108,53.59206,3,3,6,16:30,-1,E08000017,3,0,1,0,2,11,1,5,0,2,2,1,0,0,0,0,0,4,19
2024141433665,2024,141433665,459163,393742,-1.11088,53.43715,2,"[3, 2]",6,16:22,-1,E08000017,3,0,8,1,2,"[19, 9]","[1, 3]","[5, 1]",0,0,0,1,0,0,0,0,0,4,19
2024141433738,2024,141433738,437432,405405,-1.43659,53.54396,3,3,7,04:16,-1,E08000016,3,2,1,0,1,19,4,6,0,1,1,1,0,0,0,0,0,4,20
2024141433743,2024,141433743,444992,403353,-1.32281,53.52492,3,3,2,19:45,-1,E08000016,6,2,1,0,1,19,"[-1, 7]","[-1, 3]",0,0,0,1,1,0,0,0,0,4,8
2024141433941,2024,141433941,431881,388613,-1.52205,53.39339,3,3,7,19:27,-1,E08000019,4,2,1,0,1,"[6, 19]",5,1,0,0,0,1,1,0,0,0,0,4,20
2024141433980,2024,141433980,455065,400689,-1.17135,53.50002,2,2,7,23:37,-1,E08000017,3,2,1,0,1,19,"[7, 1]","[1, 5]",0,0,0,1,0,0,0,1,0,4,20
2024141434032,2024,141434032,445000,399301,-1.32327,53.4885,3,3,1,09:55,-1,E08000018,3,0,2,0,1,"[2, 19]","[0, 3]","[0, 7]",0,0,0,1,0,0,0,0,0,4,21
2024141434082,2024,141434082,454552,409014,-1.17763,53.5749,3,3,1,10:40,-1,E08000017,4,0,1,0,1,19,"[6, 2]","[2, 6]",0,"[0, 7]",0,1,0,0,0,1,0,4,21
2024141434098,2024,141434098,434093,397008,-1.48789,53.46871,3,3,1,12:09,-1,E08000019,6,0,1,0,1,"[19, 9]","[2, 6]","[6, 3]",0,0,0,1,0,0,0,0,0,4,21
2024141434119,2024,141434119,439411,390779,-1.40856,53.41236,3,3,1,16:55,-1,E08000019,6,0,1,0,1,"[11, 12]",5,1,0,0,0,1,0,0,0,0,0,4,21
2024141434136,2024,141434136,457522,399717,-1.13449,53.49103,2,"[3, 2]",7,16:35,-1,E08000017,6,0,1,0,2,19,"[2, 7]","[6, 2]",0,"[0, 1]","[0, 7]",1,0,0,0,0,0,4,20
2024141434201,2024,141434201,454889,415347,-1.17143,53.63178,3,3,2,02:11,-1,E08000017,6,2,2,1,2,"[19, 2]","[6, 0]","[2, 0]","[4, 0]",0,0,1,0,0,0,0,0,4,22
2024141434250,2024,141434250,470134,412408,-0.94159,53.60355,2,2,2,07:45,-1,E08000017,6,0,2,1,2,"[7, 9]","[5, 1]","[1, 5]",0,0,0,1,0,0,0,0,0,4,22
2024141434492,2024,141434492,431092,409993,-1.53181,53.58561,2,"[3, 2]",2,11:15,-1,E08000016,4,0,1,0,1,19,"[1, 2]","[5, 6]","[0, 10]","[0, 1]","[0, 2]",1,0,0,0,0,1,4,22
2024141434595,2024,141434595,435315,387770,-1.47051,53.3856,3,3,2,23:08,-1,E08000019,4,2,1,0,1,"[7, 19]","[5, 8]","[8, 4]",0,0,0,1,0,0,0,0,0,4,22
2024141434653,2024,141434653,444394,398887,-1.33246,53.48483,3,3,4,16:20,-1,E08000018,3,0,1,1,2,19,2,6,0,0,0,1,0,0,0,0,1,4,17
2024141434668,2024,141434668,432476,410541,-1.51085,53.59045,3,3,3,09:28,-1,E08000016,6,0,1,0,1,"[2, 19]","[0, 4]","[0, 8]",0,0,0,1,0,0,0,0,0,4,23
2024141434711,2024,141434711,427753,398303,-1.58328,53.48072,3,3,3,09:16,-1,E08000019,6,0,1,0,1,"[19, 2]","[3, 0]","[7, 0]",0,0,0,1,0,0,0,0,0,4,23
2024141434818,2024,141434818,467949,405770,-0.97605,53.54418,3,3,3,14:06,-1,E08000017,3,0,1,0,2,"[19, 14]","[5, 1]","[1, 5]",0,0,0,1,0,0,0,0,0,4,23
2024141434921,2024,141434921,435870,381860,-1.46284,53.33244,3,3,3,17:23,-1,E08000019,6,0,1,0,1,"[9, 14]",1,"[7, 5]",0,0,0,1,0,1,0,0,0,4,23
2024141434928,2024,141434928,449431,380324,-1.25946,53.31755,2,2,3,16:30,-1,E08000018,6,0,1,0,2,"[5, 19]","[4, 5]","[8, 1]",0,0,0,1,0,0,0,0,0,4,23
2024141434929,2024,141434929,432290,388593,-1.51591,53.39319,3,3,3,19:21,-1,E08000019,3,0,1,0,1,19,2,6,0,0,0,1,1,0,0,0,0,4,23
2024141434938,2024,141434938,436313,387082,-1.45559,53.37935,3,3,3,00:15,-1,E08000019,4,2,1,1,1,"[19, 9]","[4, 8]","[8, 6]",0,0,0,1,0,0,0,0,0,4,23
2024141435340,2024,141435340,434192,388859,-1.48728,53.39546,3,3,4,16:58,-1,E08000019,3,0,1,0,1,"[19, -1]","[5, -1]","[1, -1]","[0, -1]","[0, -1]",0,1,0,0,0,0,0,4,24
2024141435391,2024,141435391,438548,385690,-1.42216,53.36668,2,2,4,22:23,-1,E08000019,6,0,1,0,1,19,"[1, 7]","[5, 4]",0,0,0,1,0,0,0,0,0,4,24
2024141435414,2024,141435414,464234,404165,-1.03243,53.53023,3,3,4,22:23,-1,E08000017,1,2,1,0,2,19,2,6,"[1, 0]","[0, 1]","[0, 4]",1,0,0,0,0,0,4,24
2024141435433,2024,141435433,434462,386807,-1.48344,53.377,3,3,5,05:48,-1,E08000019,3,0,1,1,1,19,8,4,0,0,0,1,0,0,0,0,1,4,25
2024141435504,2024,141435504,441738,395442,-1.37294,53.45409,3,3,4,17:59,-1,E08000018,6,0,1,0,2,"[19, 9]",3,"[7, 1]",0,0,0,1,0,0,0,0,0,4,24
2024141435646,2024,141435646,435725,386912,-1.46445,53.37786,2,2,5,10:18,-1,E08000019,3,0,1,0,1,19,1,6,0,0,0,1,0,0,0,0,1,4,25
2024141435720,2024,141435720,458147,403491,-1.12437,53.52488,3,3,5,17:15,-1,E08000017,6,0,1,0,1,19,6,2,0,0,0,1,0,0,0,0,1,4,25
2024141435747,2024,141435747,468730,413038,-0.96267,53.6094,3,3,5,21:06,-1,E08000017,3,2,1,0,1,19,2,6,7,1,5,1,0,0,0,0,1,4,25
2024141435751,2024,141435751,434634,387383,-1.48079,53.38217,2,2,5,19:00,-1,E08000019,4,0,1,0,1,19,3,6,0,0,0,1,0,0,0,0,1,4,25
2024141435753,2024,141435753,430842,399143,-1.53665,53.4881,3,3,5,16:29,-1,E08000016,6,0,1,0,2,19,2,5,11,1,2,0,0,1,0,0,0,4,25
2024141435762,2024,141435762,444130,401518,-1.33607,53.5085,3,3,5,16:00,-1,E08000018,6,0,1,0,2,"[7, 8]",1,3,0,0,0,1,0,0,0,0,0,4,25
2024141435771,2024,141435771,443057,392327,-1.3535,53.42599,3,3,5,18:20,-1,E08000018,3,0,1,0,1,"[19, 4]",5,1,0,0,0,1,0,0,0,0,1,4,25
2024141435781,2024,141435781,451649,398688,-1.22317,53.48239,2,"[3, 2]",5,22:03,-1,E08000017,3,2,1,0,1,"[19, 13]","[6, 7]","[3, 2]",0,0,0,1,0,0,1,0,0,4,25
2024141436038,2024,141436038,430742,393375,-1.53872,53.43626,2,2,4,06:00,-1,E08000019,6,2,1,0,2,19,"[6, 1]","[3, 5]",0,0,0,1,1,0,0,0,0,4,3
2024141436085,2024,141436085,437397,393507,-1.43853,53.43702,2,"[3, 2]",6,13:07,-1,E08000019,4,0,8,0,1,"[19, 9]","[4, 6]","[7, 4]","[0, 1]",0,0,1,0,0,0,0,0,4,26
2024141436187,2024,141436187,419181,404007,-1.71209,53.53237,2,2,6,16:00,-1,E08000016,3,0,1,0,2,"[11, 19]","[4, 8]","[8, 4]",0,0,0,1,0,1,0,0,0,4,26
2024141436260,2024,141436260,445523,391528,-1.31651,53.4186,3,3,7,00:21,-1,E08000018,3,2,1,0,1,19,"[3, 7]","[7, 3]",0,0,0,1,0,0,0,0,0,4,27
2024141436375,2024,141436375,434808,387078,-1.47821,53.37941,2,2,6,16:15,-1,E08000019,6,0,1,0,1,19,3,7,0,0,0,1,0,0,0,0,1,4,26
2024141436418,2024,141436418,438630,392925,-1.42005,53.4317,3,3,7,11:34,-1,E08000018,6,0,1,0,1,2,"[1, 0]","[5, 0]",0,0,0,1,0,0,0,0,0,4,27
2024141436637,2024,141436637,435653,395127,-1.4646,53.4517,3,3,1,10:05,-1,E08000019,3,0,2,1,2,19,5,1,10,1,2,1,0,0,0,0,0,4,28
2024141436678,2024,141436678,435154,407533,-1.47073,53.56324,2,2,7,10:30,-1,E08000016,3,0,1,0,1,"[19, 9]",8,"[5, 3]",0,0,0,1,0,0,0,0,0,4,27
2024141436702,2024,141436702,450964,382797,-1.23605,53.33963,2,2,7,13:56,-1,E08000018,4,0,1,0,2,19,1,5,11,2,11,1,0,0,0,0,0,4,27
2024141436821,2024,141436821,454518,408978,-1.17815,53.57458,3,3,1,21:20,-1,E08000017,4,2,1,0,1,19,2,6,0,0,0,1,1,0,0,0,0,4,28
2024141436929,2024,141436929,431130,409703,-1.53126,53.583,3,3,2,08:50,-1,E08000016,3,0,1,0,1,"[19, 7]","[5, 7]",1,0,0,0,1,0,0,0,0,0,4,29
2024141437112,2024,141437112,454846,405926,-1.17373,53.54711,3,3,2,15:02,-1,E08000017,6,0,1,0,1,19,2,7,0,0,0,1,0,0,0,0,1,4,29
2024141437147,2024,141437147,445334,387335,-1.31995,53.38093,2,"[2, 3]",1,14:28,-1,E08000018,3,0,1,0,2,19,5,8,0,2,1,1,0,0,0,0,0,4,28
2024141437329,2024,141437329,457623,402606,-1.13244,53.51698,3,3,2,14:20,-1,E08000017,6,0,1,0,1,"[19, 13]","[4, 5]",1,0,0,0,1,0,0,0,0,0,4,29
2024141437495,2024,141437495,436932,400895,-1.44467,53.50346,3,3,3,14:00,-1,E08000016,6,0,1,0,1,"[19, 5]","[7, 1]","[3, 5]",0,0,0,1,0,0,0,0,0,4,30
2024141437568,2024,141437568,434946,397040,-1.47504,53.46894,3,3,3,15:35,-1,E08000019,6,0,1,0,1,19,7,3,0,0,0,1,0,0,0,0,1,4,30
2024141437585,2024,141437585,441263,390307,-1.38076,53.40797,2,2,3,15:01,-1,E08000018,3,0,1,0,1,19,3,7,0,0,0,1,0,0,0,0,1,4,30
2024141437636,2024,141437636,435552,399867,-1.46559,53.49431,2,2,3,21:10,-1,E08000016,6,2,1,0,2,"[9, 19]","[1, 5]","[5, 1]",0,0,0,1,0,0,0,1,0,4,30
2024141437699,2024,141437699,434002,386981,-1.49034,53.37859,3,3,3,08:40,-1,E08000019,4,0,1,0,1,"[9, 19]","[2, 6]","[8, 2]",0,0,0,1,1,0,0,0,0,4,30
2024141438057,2024,141438057,436094,387514,-1.45883,53.38325,1,1,3,11:37,-1,E08000019,3,0,1,0,1,19,"[7, 3]","[3, 7]",0,0,0,1,0,0,0,0,0,4,30
2024141438483,2024,141438483,435367,399141,-1.46846,53.4878,2,2,5,18:23,-1,E08000016,1,0,1,0,2,19,1,5,0,0,0,1,0,0,0,0,0,5,2
2024141438488,2024,141438488,437967,396297,-1.42962,53.46206,3,3,5,20:59,-1,E08000018,6,2,1,0,1,19,"[3, 8]","[7, 5]",0,0,0,1,0,0,0,0,0,5,2
2024141438496,2024,141438496,440998,409781,-1.38221,53.58302,3,3,5,19:56,-1,E08000016,6,0,1,0,2,19,1,5,0,0,0,1,0,0,0,0,1,5,2
2024141438775,2024,141438775,458838,393970,-1.11573,53.43923,3,3,6,07:45,-1,E08000017,6,0,2,0,2,"[7, 19]","[7, 8]","[8, 4]",0,0,0,1,0,0,0,0,0,5,3
2024141438820,2024,141438820,440024,394881,-1.39882,53.44918,3,3,6,14:33,-1,E08000018,6,0,2,1,1,19,8,4,0,7,11,1,0,0,0,0,0,5,3
2024141438872,2024,141438872,433238,406843,-1.49973,53.55716,3,3,6,17:00,-1,E08000016,6,0,1,0,1,19,6,2,0,0,0,1,0,0,0,0,1,5,3
2024141438957,2024,141438957,440633,387726,-1.39057,53.38482,2,2,7,00:35,-1,E08000018,3,2,2,1,2,19,6,2,0,1,2,1,0,0,0,0,0,5,4
2024141439019,2024,141439019,439271,388727,-1.41092,53.39392,2,"[2, 3]",7,09:00,-1,E08000019,6,0,1,0,1,"[19, 7, 2]","[5, 3, 0]","[1, 5, 0]",0,0,0,1,0,0,0,0,0,5,4
2024141439084,2024,141439084,419380,403498,-1.70912,53.52779,2,2,7,10:30,-1,E08000016,3,0,1,0,2,19,"[2, 5]","[7, 1]",0,"[0, 1]",0,1,1,0,0,0,0,5,4
2024141439100,2024,141439100,458438,404403,-1.11981,53.53304,3,3,7,14:52,-1,E08000017,6,0,1,0,1,"[7, 19]","[5, 3]",7,0,0,0,1,0,0,0,0,0,5,4
2024141439105,2024,141439105,456200,403916,-1.15366,53.52891,3,3,1,12:26,-1,E08000017,6,0,1,0,1,19,4,8,0,0,0,1,0,0,0,0,1,4,14
2024141439209,2024,141439209,453105,394590,-1.20192,53.44541,2,2,7,18:12,-1,E08000017,4,0,1,0,2,"[19, 2]","[5, 0]","[1, 0]","[4, 0]",0,0,1,0,1,0,0,0,5,4
2024141439222,2024,141439222,437610,384936,-1.43635,53.35997,3,3,6,17:10,-1,E08000019,6,0,1,1,1,19,"[3, 6]","[7, 2]",0,0,0,1,1,0,0,0,0,5,3
2024141439247,2024,141439247,454683,401136,-1.17703,53.50408,3,3,7,22:15,-1,E08000017,2,2,1,0,2,19,5,1,0,"[0, 5]","[0, 6]",1,0,0,0,0,0,5,4
2024141439250,2024,141439250,438347,401917,-1.42321,53.51254,3,3,7,20:43,-1,E08000016,4,0,1,0,1,"[13, 9]","[3, 2]","[7, 1]",0,0,0,1,0,0,0,0,0,5,4
2024141439284,2024,141439284,466712,409524,-0.99391,53.57808,3,3,1,04:00,-1,E08000017,3,2,1,0,1,"[15, 2]","[3, 0]","[7, 0]","[4, 0]","[0, 1]",0,1,0,0,0,0,0,5,5
2024141439358,2024,141439358,448823,400055,-1.26554,53.49494,3,3,1,11:13,-1,E08000017,6,0,1,0,1,19,"[1, 3]","[5, 1]",0,0,0,1,0,0,0,0,0,5,5
2024141439437,2024,141439437,437349,393535,-1.43925,53.43728,3,3,1,05:16,-1,E08000019,4,2,1,0,1,19,4,8,7,0,0,1,0,0,0,0,0,5,5
2024141439478,2024,141439478,471421,409062,-0.92291,53.57331,3,3,6,13:00,-1,E08000017,6,0,2,1,2,19,"[3, 5]","[7, 1]",0,0,0,1,0,0,0,1,0,5,3
2024141439588,2024,141439588,443435,394318,-1.34754,53.44385,2,2,2,12:55,-1,E08000018,6,0,1,0,1,19,"[3, 5]","[7, 1]",0,0,0,1,0,0,0,0,0,5,6
2024141439610,2024,141439610,455502,404798,-1.16404,53.53691,3,3,2,14:15,-1,E08000017,3,0,1,0,1,19,"[4, 6]",8,0,"[0, 3]",0,1,0,0,0,0,0,5,6
2024141439822,2024,141439822,443339,392233,-1.34927,53.42512,3,3,2,16:30,-1,E08000018,6,0,1,0,1,19,4,8,0,0,0,1,0,0,0,0,1,5,6
2024141439944,2024,141439944,458194,404461,-1.12348,53.53359,2,2,3,13:52,-1,E08000017,3,0,1,0,1,5,1,5,7,6,7,1,0,0,0,0,0,5,7
2024141440102,2024,141440102,436465,388769,-1.45311,53.3945,2,"[3, 2]",3,20:35,-1,E08000019,6,2,1,0,1,19,1,5,0,1,4,1,0,0,0,0,0,5,7
2024141440154,2024,141440154,458871,399426,-1.11422,53.48826,3,3,3,08:45,-1,E08000017,1,0,1,0,2,19,3,"[7, 1]",0,0,0,1,0,0,1,0,0,5,7
2024141440442,2024,141440442,436860,391370,-1.44687,53.41785,3,3,4,12:50,-1,E08000019,4,0,1,0,1,"[5, 19]",4,8,0,0,0,1,0,1,0,0,0,5,8
2024141440537,2024,141440537,435004,408256,-1.47291,53.56975,3,3,3,16:35,-1,E08000016,6,0,1,0,1,7,7,1,0,0,0,1,0,0,0,0,1,5,7
2024141440826,2024,141440826,444416,390214,-1.33335,53.40688,3,3,5,11:10,-1,E08000018,3,0,1,0,1,"[19, 11]",6,2,0,0,0,1,0,1,0,0,0,5,9
2024141440856,2024,141440856,447180,394593,-1.29112,53.446,3,3,5,13:40,-1,E08000018,6,0,1,0,1,"[4, 19]",5,1,0,0,0,1,0,0,0,0,0,5,9
2024141440873,2024,141440873,437979,404808,-1.42841,53.53855,3,3,5,15:55,-1,E08000016,3,0,1,0,1,"[15, 7]",8,"[4, 2]",0,0,0,1,0,1,0,0,0,5,9
2024141440939,2024,141440939,439658,410291,-1.40238,53.58771,2,"[2, 3]",5,15:41,-1,E08000016,3,0,1,0,2,"[19, 3]",8,4,0,0,0,1,0,0,0,0,0,5,9
2024141440953,2024,141440953,434788,387799,-1.47843,53.3859,3,3,5,15:47,-1,E08000019,6,0,1,0,1,"[9, 19]","[2, 6]","[8, 2]",0,0,0,1,1,0,0,0,0,5,9
2024141440969,2024,141440969,469450,415402,-0.95126,53.63055,3,3,5,16:14,-1,E08000017,6,0,1,0,1,"[9, 19]","[7, 5]","[5, 1]",0,0,0,1,0,1,0,0,0,5,9
2024141441126,2024,141441126,438864,391718,-1.41667,53.42084,3,3,2,14:35,-1,E08000019,4,0,1,1,1,"[19, 10]","[1, 8]","[5, 7]",0,0,0,1,0,0,0,0,0,4,15
2024141441261,2024,141441261,433797,405634,-1.49142,53.54626,2,2,6,13:17,-1,E08000016,6,0,1,0,1,"[19, 2]","[1, 0]","[4, 0]","[4, 0]",0,0,1,0,0,0,0,0,5,10
2024141441287,2024,141441287,443645,394989,-1.34428,53.44986,2,2,6,11:00,-1,E08000018,3,0,1,0,1,"[11, 12]","[7, 5]",3,0,"[1, 0]",0,1,0,1,0,0,0,5,10
2024141441295,2024,141441295,435051,407987,-1.47223,53.56733,2,2,6,17:00,-1,E08000016,3,0,1,0,1,"[19, 13]",5,1,0,0,0,1,0,1,0,0,0,5,10
2024141441307,2024,141441307,435075,407301,-1.47195,53.56116,3,3,6,15:30,-1,E08000016,3,0,1,0,1,"[13, 19]","[5, 1]","[1, 5]",0,0,0,1,0,1,0,0,0,5,10
2024141441355,2024,141441355,447969,400892,-1.27828,53.50254,3,3,6,16:32,-1,E08000017,6,0,1,0,1,"[7, 5]","[1, 3]","[5, 7]",0,0,0,1,1,0,0,0,0,5,10
2024141441369,2024,141441369,462582,407680,-1.05665,53.56201,3,3,2,07:07,-1,E08000017,6,0,1,0,2,"[19, 9]","[5, 7]","[1, 3]",0,"[1, 7]","[10, 0]",1,0,0,0,0,0,5,6
2024141441372,2024,141441372,436611,411771,-1.44824,53.60123,3,3,6,20:00,-1,E08000016,6,0,1,0,1,1,3,7,0,0,0,1,0,0,0,0,1,5,10
2024141441387,2024,141441387,438739,385830,-1.41927,53.36792,3,3,6,20:53,-1,E08000019,3,0,1,0,1,19,"[4, 5]","[8, 1]",0,0,0,1,0,0,0,0,0,5,10
2024141441400,2024,141441400,446534,399429,-1.30013,53.48952,2,"[3, 2]",6,19:14,-1,E08000018,3,0,1,0,1,"[19, 2, 4]","[2, 0]","[6, 0, 4]","[0, 4]","[0, 2]",0,1,0,0,0,0,0,5,10
2024141441404,2024,141441404,455689,413328,-1.1597,53.61355,3,3,6,19:00,-1,E08000017,6,0,1,0,2,"[2, 14]","[0, 5]","[0, 1]","[0, 4]",0,0,1,0,0,0,0,0,5,10
2024141441415,2024,141441415,437041,401606,-1.44294,53.50984,3,3,6,22:51,-1,E08000016,6,2,1,0,1,19,5,1,0,0,0,1,0,0,0,0,1,5,10
2024141441418,2024,141441418,436182,411458,-1.45476,53.59845,2,2,6,18:30,-1,E08000016,4,2,1,0,1,"[5, 19, 6]","[7, 1, 5]","[3, 5, 1]",0,0,0,1,0,1,0,0,0,5,10
2024141441464,2024,141441464,441328,402269,-1.37821,53.51548,3,3,6,16:30,-1,E08000016,3,0,1,0,2,"[19, 7]","[8, 6]","[4, 2]",0,0,0,1,0,0,0,0,0,5,10
2024141441511,2024,141441511,460190,402333,-1.09378,53.51424,3,3,5,18:17,-1,E08000017,3,0,1,0,1,19,8,4,0,0,0,1,0,0,0,0,0,5,9
2024141441513,2024,141441513,461265,406026,-1.07685,53.54731,3,3,6,20:09,-1,E08000017,3,0,1,0,2,"[19, 13]",3,7,0,0,0,1,0,0,1,0,0,5,10
2024141441564,2024,141441564,447967,391323,-1.27977,53.41654,2,2,7,13:15,-1,E08000018,6,0,1,0,1,9,5,2,0,0,0,1,0,0,0,0,0,5,11
2024141441571,2024,141441571,433453,390549,-1.49821,53.4107,3,3,7,10:41,-1,E08000019,3,0,1,0,1,"[11, 19]",1,5,0,0,0,1,0,1,0,0,0,5,11
2024141441578,2024,141441578,443994,401115,-1.33817,53.50489,2,"[2, 3]",7,13:45,-1,E08000018,3,0,1,0,2,"[5, 19]","[7, 5]","[5, 7]",0,0,0,1,0,0,0,0,0,5,11
2024141441622,2024,141441622,455909,408256,-1.15728,53.56794,3,3,7,16:30,-1,E08000017,3,0,1,0,2,"[19, 9]","[5, 6]","[1, 4]",0,0,0,1,0,0,0,0,0,5,11
2024141441651,2024,141441651,442520,394094,-1.36134,53.44191,3,3,5,14:18,-1,E08000018,3,0,1,0,1,"[3, 19]","[5, 1]","[1, 5]",0,0,0,1,0,0,1,0,0,5,9
2024141441692,2024,141441692,442864,381282,-1.3579,53.32673,2,"[3, 2]",7,22:15,-1,E08000019,4,2,1,0,1,"[9, 19]","[2, 7]","[6, 3]",0,0,0,1,0,0,0,0,0,5,11
2024141441843,2024,141441843,453101,391950,-1.20243,53.42168,3,3,1,10:00,-1,E08000018,3,0,1,0,1,"[19, 9]",4,"[8, 2]",0,"[7, 1]","[11, 0]",1,1,0,0,0,0,5,12
2024141441990,2024,141441990,449722,385398,-1.2543,53.36312,2,2,2,02:10,-1,E08000018,4,2,1,0,2,19,2,6,0,7,0,1,0,0,0,0,0,5,13
2024141442067,2024,141442067,434542,390765,-1.48181,53.41257,3,3,2,08:27,-1,E08000019,3,0,1,0,1,4,4,8,0,0,0,1,0,0,0,0,1,5,13
2024141442098,2024,141442098,439112,384927,-1.41378,53.35978,2,2,2,08:00,-1,E08000019,4,0,1,0,1,9,"[5, 6]",3,0,0,0,1,0,1,0,0,0,5,13
2024141442225,2024,141442225,444165,385697,-1.33775,53.3663,2,2,2,08:45,-1,E08000018,6,0,1,0,1,19,4,8,0,0,0,0,0,0,1,0,1,5,13
2024141442234,2024,141442234,456861,400020,-1.1444,53.49382,2,2,5,10:00,-1,E08000017,6,0,1,0,1,15,4,8,0,0,0,1,0,0,0,0,1,4,18
2024141442266,2024,141442266,439675,405454,-1.40274,53.54423,3,3,2,13:27,-1,E08000016,3,0,1,0,2,"[19, 4]","[4, 3]","[8, 7]",0,0,0,1,0,0,0,0,0,5,13
2024141442347,2024,141442347,457238,403180,-1.13814,53.52218,3,3,2,18:00,-1,E08000017,3,0,1,0,1,19,"[8, 6]","[4, 2]",0,0,0,1,1,0,0,0,0,5,13
2024141442362,2024,141442362,433971,380694,-1.49148,53.32209,3,3,2,18:50,-1,E08000019,6,0,1,0,1,19,5,1,0,0,0,1,0,0,0,0,1,5,13
2024141442400,2024,141442400,469072,414077,-0.95727,53.61869,3,3,2,19:30,-1,E08000017,6,0,1,0,1,"[1, 2]","[1, 5]","[5, 1]",0,0,0,1,0,0,0,0,0,5,13
2024141442630,2024,141442630,465868,409094,-1.00675,53.57432,3,3,3,07:22,-1,E08000017,3,0,2,1,1,"[19, 9]","[5, 1]","[1, 5]",0,0,0,1,0,0,0,0,0,5,14
2024141442651,2024,141442651,456687,387615,-1.14925,53.38235,3,3,3,07:46,-1,E08000018,6,0,2,1,2,"[7, 19]","[6, 4]",8,0,0,0,1,0,0,0,0,0,5,14
2024141442877,2024,141442877,436361,411830,-1.45201,53.60178,3,3,3,17:38,-1,E08000016,6,0,1,0,1,19,"[8, 4]","[4, 8]",0,0,0,1,0,0,0,0,0,5,14