collision_index,collision_year,collision_ref_no,location_easting_osgr,location_northing_osgr,longitude,latitude,casualty_severity,casualty_severity,day_of_week,time,local_authority_district,local_authority_ons_district,first_road_class,light_conditions,weather_conditions,road_surface_conditions,urban_or_rural_area,vehicle_manoeuvre,vehicle_direction_from,vehicle_direction_to,hit_object_in_carriageway,vehicle_leaving_carriageway,hit_object_off_carriageway,is_car,is_cyle,is_mcyle,is_goodsv,is_other,is_pedestrian,month,day
2024141485753,2024,141485753,449011,402823,-1.26227,53.5198,3,3,7,14:30,-1,E08000017,6,0,1,0,2,"[9, 19]","[8, 4]","[6, 8]",0,0,0,1,0,1,0,0,0,8,31
2024141485811,2024,141485811,460931,398532,-1.08335,53.47999,2,2,6,18:15,-1,E08000017,6,0,1,0,1,"[5, 19]","[5, 8]","[1, 4]",0,0,0,1,1,0,0,0,0,8,30
2024141485883,2024,141485883,436327,410991,-1.45262,53.59424,3,3,5,11:20,-1,E08000016,6,0,1,0,1,19,"[3, 5]","[7, 1]",0,0,0,1,0,0,0,0,0,8,29
2024141485902,2024,141485902,438839,386375,-1.4177,53.37281,3,3,7,18:04,-1,E08000019,3,2,1,1,1,"[19, 10]","[3, 1]","[7, 5]",0,0,0,1,0,0,0,0,0,8,31
2024141486026,2024,141486026,453963,401363,-1.18784,53.5062,2,2,1,11:59,-1,E08000017,6,0,8,1,2,19,4,8,0,0,0,1,0,1,0,0,0,9,1
2024141486097,2024,141486097,459993,399422,-1.09731,53.4881,2,"[3, 2]",6,07:10,-1,E08000017,1,0,1,0,2,19,6,2,0,0,0,1,0,0,0,0,0,8,30
2024141486128,2024,141486128,435156,381252,-1.47362,53.32702,2,2,6,15:25,-1,E08000019,3,0,1,0,2,"[19, 5]","[7, 1]","[3, 5]",0,0,0,1,0,1,0,0,0,8,30
2024141486133,2024,141486133,442046,400099,-1.36768,53.49592,3,3,1,18:30,-1,E08000018,4,0,1,1,2,"[5, 19]","[3, 5]",1,0,0,0,1,0,0,0,0,0,9,1
2024141486396,2024,141486396,443853,400314,-1.34041,53.49771,2,"[2, 3]",1,05:45,-1,E08000018,3,2,1,0,1,19,"[3, 1]","[7, 5]",0,"[7, 0]","[4, 0]",1,0,0,0,0,0,9,1
2024141486400,2024,141486400,465180,393099,-1.02046,53.43066,3,3,5,10:05,-1,E08000017,3,0,2,1,2,"[3, 5]","[1, 4]","[5, 7]",0,0,0,1,0,0,0,0,0,8,1
2024141486421,2024,141486421,444393,392409,-1.33339,53.42661,3,3,2,11:04,-1,E08000018,6,0,1,0,1,"[19, 9]","[4, 2]",8,"[11, 0]","[1, 0]","[5, 0]",1,0,0,0,0,0,9,2
2024141486482,2024,141486482,436919,400818,-1.44487,53.50277,3,3,2,15:52,-1,E08000016,6,0,1,0,1,19,"[1, 3]","[5, 7]",0,0,0,1,0,0,0,0,0,9,2
2024141486509,2024,141486509,435458,394368,-1.46762,53.44489,3,3,1,18:20,-1,E08000019,4,0,1,0,1,"[5, 8]",3,"[7, 6]",0,0,0,1,0,0,0,0,0,9,1
2024141486544,2024,141486544,431841,380660,-1.52345,53.32191,3,3,2,20:00,-1,E08000019,3,2,8,1,1,"[9, 19]","[2, 6]","[8, 2]",0,0,0,1,0,1,0,0,0,9,2
2024141486595,2024,141486595,433415,390617,-1.49878,53.41131,1,1,2,13:25,-1,E08000019,3,0,1,1,1,19,"[5, 7]","[1, 3]",0,0,0,1,0,0,0,1,0,9,2
2024141486608,2024,141486608,437045,405614,-1.44241,53.54586,2,2,3,23:01,-1,E08000016,3,2,2,1,1,19,7,3,7,0,0,1,0,0,0,0,0,8,20
2024141486713,2024,141486713,454946,382623,-1.17629,53.33767,2,2,3,08:15,-1,E08000018,3,0,1,0,2,19,7,3,0,1,4,1,0,0,0,0,0,9,3
2024141486769,2024,141486769,434176,393385,-1.48703,53.43614,2,2,3,09:03,-1,E08000019,6,0,1,1,1,5,5,1,0,0,0,1,0,0,0,0,1,9,3
2024141486815,2024,141486815,443614,395893,-1.34463,53.45799,3,3,7,12:10,-1,E08000018,3,0,1,0,1,"[5, 19]","[-1, 5]","[-1, 1]",0,0,0,1,1,0,0,0,0,8,3
2024141487131,2024,141487131,443933,396712,-1.33971,53.46532,2,2,7,13:45,-1,E08000018,3,0,1,0,1,19,5,1,0,0,0,0,0,0,1,0,0,8,3
2024141487154,2024,141487154,450096,392080,-1.24762,53.42315,2,2,1,21:00,-1,E08000018,3,2,1,0,1,12,3,"[7, 8]",0,0,0,1,0,0,0,0,0,8,4
2024141487382,2024,141487382,459738,402675,-1.10053,53.51736,3,3,4,23:00,-1,E08000017,3,2,2,1,2,"[5, 9]","[8, 5]","[4, 3]",0,0,0,1,0,0,0,0,0,9,4
2024141487644,2024,141487644,467122,411215,-0.98736,53.59322,2,"[3, 2]",3,10:45,-1,E08000017,1,0,1,0,2,"[19, 4]",1,5,0,0,0,1,0,0,0,0,0,7,30
2024141487668,2024,141487668,435090,396780,-1.47289,53.4666,3,3,4,20:30,-1,E08000019,6,2,9,0,1,19,5,1,0,"[0, -1]",0,1,0,0,0,1,0,9,4
2024141487727,2024,141487727,453593,391802,-1.19505,53.4203,2,2,5,15:50,-1,E08000018,6,0,1,0,1,"[4, 19]","[1, 3]","[5, 7]",0,"[0, 1]",0,1,0,0,0,0,0,9,5
2024141487736,2024,141487736,456795,401828,-1.14507,53.51008,3,3,5,16:00,-1,E08000017,3,0,1,0,1,19,2,6,0,0,0,1,0,0,0,0,0,9,5
2024141487801,2024,141487801,442466,383024,-1.36364,53.34242,2,"[2, 3]",4,11:12,-1,E08000019,6,0,1,0,1,19,"[1, 3]","[5, 7]",0,"[7, 0]",0,1,0,0,0,1,0,9,4
2024141487828,2024,141487828,435195,386203,-1.47249,53.37152,2,2,6,00:23,-1,E08000019,3,2,7,0,1,7,1,3,0,7,0,1,0,0,0,0,1,9,6
2024141487899,2024,141487899,447934,386621,-1.28098,53.37428,3,3,6,11:27,-1,E08000018,1,0,1,0,2,"[11, 19]",1,5,0,0,0,1,0,0,1,0,0,3,22
2024141488059,2024,141488059,436842,395551,-1.44665,53.45543,3,3,6,13:15,-1,E08000019,3,0,1,0,2,3,4,8,0,0,0,1,0,0,0,0,0,9,6
2024141488163,2024,141488163,438058,390424,-1.42896,53.40926,3,3,6,08:47,-1,E08000019,6,0,1,0,1,"[19, 9]",2,"[6, 7]",0,0,0,1,0,1,0,0,0,9,6
2024141488164,2024,141488164,435874,405188,-1.46013,53.54212,2,2,6,16:13,-1,E08000016,6,0,1,0,1,19,1,5,0,0,0,1,0,0,0,0,1,9,6
2024141488175,2024,141488175,453584,398558,-1.19404,53.48102,3,3,6,16:57,-1,E08000017,6,0,1,0,2,19,"[3, 1]","[7, 5]",0,0,0,1,1,0,0,0,0,9,6
2024141488235,2024,141488235,434223,401023,-1.48549,53.50479,3,3,6,18:30,-1,E08000016,1,0,1,0,1,19,4,8,0,0,0,1,0,0,1,0,0,9,6
2024141488259,2024,141488259,447079,385399,-1.29401,53.36337,2,2,6,21:15,-1,E08000018,4,2,8,0,1,19,7,4,0,0,0,1,0,0,0,0,1,9,6
2024141488662,2024,141488662,433552,393878,-1.49637,53.44061,3,3,1,07:20,-1,E08000019,3,0,2,1,1,19,1,5,11,8,2,1,0,0,0,0,0,9,8
2024141488700,2024,141488700,451254,398568,-1.22914,53.48135,3,3,1,12:00,-1,E08000017,6,0,1,1,1,19,"[4, 5]","[8, 1]",0,0,0,1,0,0,0,0,0,9,8
2024141488714,2024,141488714,442252,392730,-1.36556,53.42967,3,3,7,06:30,-1,E08000018,6,2,8,1,1,19,"[5, 7]","[1, 3]",0,0,0,1,0,0,0,0,0,2,10
2024141488730,2024,141488730,434816,385135,-1.4783,53.36195,2,2,1,13:17,-1,E08000019,3,0,2,1,1,19,"[1, 6]","[6, 1]",0,0,0,1,1,0,0,0,0,9,8
2024141488738,2024,141488738,436002,385091,-1.46049,53.36147,3,3,1,15:16,-1,E08000019,6,0,1,1,1,"[19, 11]",1,5,0,0,0,1,1,0,0,0,0,9,8
2024141488797,2024,141488797,461334,397949,-1.07739,53.47471,2,2,1,18:39,-1,E08000017,6,0,1,0,1,19,"[7, 6]","[3, 2]",0,"[0, 4]","[0, 10]",1,0,0,0,0,0,9,8
2024141488941,2024,141488941,449875,385503,-1.25198,53.36405,3,3,2,08:52,-1,E08000018,4,0,1,1,2,"[9, 19]","[1, 2]",6,0,"[7, 0]",0,1,0,0,0,0,0,9,9
2024141488951,2024,141488951,454971,397221,-1.17337,53.46887,1,"[2, 1]",7,02:26,-1,E08000017,1,2,1,0,2,19,6,2,0,1,4,1,0,0,0,0,0,9,7
2024141489046,2024,141489046,435815,394525,-1.46223,53.44628,3,3,1,01:33,-1,E08000019,4,2,2,1,1,19,2,6,0,0,0,1,0,0,0,0,1,9,8
2024141489199,2024,141489199,451277,407212,-1.22738,53.55903,2,2,2,15:26,-1,E08000017,6,0,1,0,2,"[7, 19]","[7, 5]",1,0,"[0, 7]","[0, 11]",1,0,1,0,0,0,9,9
2024141489216,2024,141489216,444923,393810,-1.32521,53.43916,2,2,2,15:35,-1,E08000018,6,0,1,0,1,19,2,6,0,0,0,0,0,0,1,0,1,9,9
2024141489235,2024,141489235,438625,409075,-1.41814,53.57686,2,2,2,13:35,-1,E08000016,6,0,1,0,1,"[9, 19]","[2, 8]",8,0,0,0,1,0,1,0,0,0,9,9
2024141489382,2024,141489382,453251,384307,-1.20146,53.35298,3,3,5,19:24,-1,E08000018,6,0,1,0,2,"[13, 19]",4,8,0,0,0,1,1,0,0,0,0,8,8
2024141489447,2024,141489447,444897,390703,-1.32604,53.41124,3,3,3,08:29,-1,E08000018,3,0,1,1,1,19,2,6,0,0,0,1,0,0,0,0,0,9,10
2024141489457,2024,141489457,431683,390191,-1.52487,53.40759,3,3,5,23:15,-1,E08000019,6,2,2,1,1,"[2, 19]","[0, 7]","[0, 2]","[0, 4]","[0, 7]",0,1,0,0,0,0,0,8,22
2024141489459,2024,141489459,433695,399064,-1.49366,53.48722,3,3,7,15:54,-1,E08000016,3,0,1,1,2,"[19, 11]",1,2,0,0,0,1,0,0,0,0,0,9,7
2024141489509,2024,141489509,457754,403418,-1.13031,53.52426,3,3,6,00:11,-1,E08000017,6,2,1,0,1,-1,-1,-1,-1,-1,0,1,0,0,0,0,1,8,9
2024141489535,2024,141489535,435265,386898,-1.47136,53.37777,3,3,3,11:00,-1,E08000019,3,0,8,1,1,19,4,8,0,0,0,0,0,0,1,0,1,9,10
2024141489671,2024,141489671,438746,385835,-1.41917,53.36797,3,3,3,13:42,-1,E08000019,3,0,8,1,1,"[14, 9]","[8, 4]","[4, 1]",0,0,0,1,0,1,0,0,0,9,10
2024141489692,2024,141489692,454186,393318,-1.18587,53.43387,2,2,3,15:36,-1,E08000018,6,0,8,1,2,19,3,7,0,0,0,0,0,0,0,1,1,9,10
2024141489775,2024,141489775,457019,402123,-1.14163,53.5127,2,2,1,16:00,-1,E08000017,3,0,1,0,1,19,5,1,0,0,0,0,1,0,1,0,0,9,8
2024141489783,2024,141489783,441364,390343,-1.37924,53.40829,2,"[2, 3]",3,17:30,-1,E08000018,3,0,1,0,1,"[9, 19]","[6, 2]","[4, 6]",0,0,0,1,0,0,0,0,0,9,10
2024141489785,2024,141489785,451672,383988,-1.22523,53.35026,3,3,3,19:33,-1,E08000018,3,0,1,0,1,"[19, 9]","[8, 6]",4,0,0,0,1,0,0,0,0,0,9,10
2024141489890,2024,141489890,432748,380146,-1.50989,53.31724,3,3,1,10:00,-1,E08000019,4,0,1,0,1,"[13, 5]",3,7,0,0,0,1,1,0,0,0,0,8,11
2024141489907,2024,141489907,441879,401810,-1.36997,53.51131,3,3,2,17:15,-1,E08000018,6,0,1,0,1,19,"[1, 4]","[5, 8]",0,0,0,1,1,0,0,0,0,8,5
2024141489930,2024,141489930,437889,401789,-1.43013,53.51143,2,2,3,13:00,-1,E08000016,4,0,1,0,2,"[19, 6]","[3, 7]","[7, 5]",0,0,0,1,1,0,0,0,0,8,13
2024141490055,2024,141490055,447402,397025,-1.28741,53.46784,2,2,4,12:28,-1,E08000018,4,0,8,0,2,"[9, 19]","[7, 3]","[5, 7]",0,0,0,1,0,0,0,0,0,9,11
2024141490083,2024,141490083,456756,404204,-1.14522,53.53144,3,3,6,06:00,-1,E08000017,6,0,1,0,1,19,-1,-1,0,0,0,1,0,0,0,0,1,8,9
2024141490096,2024,141490096,430555,393286,-1.54154,53.43547,2,2,4,14:00,-1,E08000019,6,0,8,1,2,"[19, 2]","[2, 0]","[7, 0]",0,0,0,1,0,1,0,0,0,9,11
2024141490114,2024,141490114,435544,389206,-1.46691,53.39849,3,3,4,14:09,-1,E08000019,4,0,1,1,1,9,5,4,0,0,0,1,0,0,0,0,1,9,11
2024141490243,2024,141490243,440300,391050,-1.39515,53.41472,2,2,4,19:43,-1,E08000019,6,0,1,0,1,19,1,5,0,0,0,1,0,0,0,0,1,9,11
2024141490256,2024,141490256,443401,384236,-1.34943,53.35324,3,3,3,17:10,-1,E08000019,3,0,1,0,2,"[19, 3]",6,2,0,0,0,1,0,0,0,0,0,9,10
2024141490433,2024,141490433,435544,387479,-1.4671,53.38297,3,3,6,18:30,-1,E08000019,6,0,1,0,1,19,"[3, 7]","[7, 3]",0,0,0,0,0,0,0,1,0,8,16
2024141490620,2024,141490620,447064,404745,-1.29135,53.53725,2,2,5,11:45,-1,E08000016,6,0,1,0,2,"[5, 19]","[6, 7]","[1, 3]",0,0,0,0,1,0,0,1,0,9,12
2024141490805,2024,141490805,444164,381839,-1.3383,53.33163,2,"[3, 2]",5,20:56,-1,E08000019,6,2,1,0,1,19,8,4,0,0,0,1,0,0,0,1,0,9,12
2024141490886,2024,141490886,446019,391603,-1.30903,53.41923,2,2,6,07:45,-1,E08000018,3,0,1,0,1,19,"[7, 3]","[3, 7]",0,0,0,1,1,0,0,0,0,9,13
2024141490962,2024,141490962,435422,408406,-1.46658,53.57107,3,3,2,05:44,-1,E08000016,3,2,2,1,1,"[19, 9]","[8, 4]","[4, 2]",0,0,0,1,0,0,0,0,0,9,9
2024141490968,2024,141490968,443429,400944,-1.34672,53.5034,2,2,5,17:40,-1,E08000018,4,0,1,0,1,"[19, 3]",7,3,0,0,0,1,0,0,0,0,0,9,12
2024141491109,2024,141491109,438694,409158,-1.41708,53.5776,3,3,6,10:54,-1,E08000016,6,0,1,0,1,"[9, 19]","[8, 2]",6,0,0,0,0,0,1,1,0,0,9,13
2024141491125,2024,141491125,458673,404033,-1.11634,53.52969,2,2,6,08:13,-1,E08000017,6,0,1,0,1,5,2,6,0,0,0,0,0,0,1,0,1,9,13
2024141491213,2024,141491213,424565,403234,-1.63093,53.5252,3,3,6,16:47,-1,E08000016,6,0,1,0,1,19,5,7,0,0,0,1,0,0,0,0,1,9,13
2024141491308,2024,141491308,467377,400737,-0.98576,53.49903,2,2,6,12:10,-1,E08000017,3,0,1,0,2,"[19, 5]","[1, 7]",6,"[11, 0]","[7, 0]","[11, 0]",1,0,0,1,0,0,9,13
2024141491411,2024,141491411,455618,400949,-1.16297,53.5023,3,3,6,13:57,-1,E08000017,3,0,1,0,1,19,6,2,0,0,0,1,0,0,0,0,0,9,13
2024141491477,2024,141491477,436148,392517,-1.45745,53.42821,3,3,7,18:26,-1,E08000019,6,0,1,0,1,19,"[1, 3]","[5, 6]",0,"[1, 0]",0,1,0,0,1,0,0,9,14
2024141491478,2024,141491478,452743,396330,-1.20708,53.46109,3,3,7,15:50,-1,E08000017,6,0,1,0,2,"[8, 19]","[7, 5]","[5, 1]",0,0,0,1,0,0,0,0,0,9,14
2024141491482,2024,141491482,455179,404846,-1.1689,53.53737,2,2,7,17:08,-1,E08000017,3,0,1,0,1,"[7, 19]","[1, 3]","[3, 7]",0,0,0,1,1,0,0,0,0,9,14
2024141491558,2024,141491558,436018,404338,-1.45805,53.53447,2,2,7,18:13,-1,E08000016,6,0,1,0,1,5,3,7,0,0,0,0,0,0,0,0,0,9,14
2024141491696,2024,141491696,454521,409721,-1.17798,53.58126,2,2,1,11:46,-1,E08000017,6,0,2,1,1,19,"[7, 1]","[3, 5]",0,0,0,1,0,0,0,0,0,9,15
2024141491725,2024,141491725,451318,387050,-1.23005,53.37782,2,"[2, 3]",1,15:20,-1,E08000018,4,0,2,1,1,19,4,8,0,2,4,1,0,0,0,0,0,9,15
2024141491782,2024,141491782,442264,392730,-1.36538,53.42967,2,"[3, 2]",1,20:10,-1,E08000018,6,2,1,1,1,"[9, 19]","[7, 3]","[5, 7]",0,0,0,1,0,0,0,0,0,9,15
2024141491787,2024,141491787,438486,402424,-1.42105,53.51709,3,3,1,22:02,-1,E08000016,6,2,2,1,2,19,3,7,0,0,0,1,0,0,0,0,0,9,15
2024141491803,2024,141491803,434945,386370,-1.47623,53.37304,2,2,1,20:07,-1,E08000019,3,2,1,1,1,19,4,8,0,0,0,1,0,0,0,0,1,9,15
2024141492153,2024,141492153,441384,390305,-1.37894,53.40794,3,3,2,16:10,-1,E08000018,4,0,1,0,1,19,1,4,0,0,0,1,0,0,0,0,1,9,16
2024141492212,2024,141492212,443866,393699,-1.34114,53.43825,3,3,2,18:25,-1,E08000018,3,0,1,0,1,"[9, 19]","[3, 6]","[1, 3]",0,0,0,1,1,0,0,0,0,9,16
2024141492214,2024,141492214,420679,400533,-1.68972,53.50109,3,3,2,14:40,-1,E08000016,3,0,1,0,2,"[19, 15]","[8, 3, 7]","[3, 7]",0,"[7, 0]","[11, 0]",1,0,0,0,0,0,9,16
2024141492229,2024,141492229,435428,388202,-1.46877,53.38947,3,3,2,21:09,-1,E08000019,4,2,1,0,1,9,8,4,0,0,0,1,0,0,0,0,1,9,16
2024141492235,2024,141492235,458840,404721,-1.11369,53.53585,3,3,2,19:33,-1,E08000017,6,2,1,0,1,19,"[2, 8]","[6, 4]",0,0,0,1,0,1,0,0,0,9,16
2024141492282,2024,141492282,433325,389600,-1.50024,53.40218,3,3,7,23:25,-1,E08000019,6,2,1,0,1,9,4,3,0,0,0,1,0,0,0,0,1,8,17
2024141492330,2024,141492330,434098,397017,-1.48781,53.46879,3,3,2,18:05,-1,E08000019,6,0,1,0,1,"[19, 15]",6,2,0,0,0,1,0,1,0,0,0,8,19
2024141492618,2024,141492618,451603,392209,-1.22492,53.42416,3,3,2,08:25,-1,E08000018,6,0,1,0,1,19,"[5, 1]","[1, 5]",0,0,0,1,0,0,0,0,0,9,16
2024141492640,2024,141492640,456089,392284,-1.15741,53.42438,3,3,1,15:10,-1,E08000018,3,0,2,1,2,13,1,6,7,1,0,1,0,0,0,0,0,9,15
2024141492664,2024,141492664,449050,389487,-1.26376,53.39994,3,3,3,20:00,-1,E08000018,4,2,1,0,2,19,"[1, 8]","[5, 4]",0,0,0,1,0,0,0,0,0,9,17
2024141492706,2024,141492706,434873,406370,-1.4751,53.55281,3,3,3,21:50,-1,E08000016,3,2,1,0,1,"[5, 19]","[1, 7]","[5, 3]",0,0,0,1,0,0,0,0,0,9,17
2024141492811,2024,141492811,467892,413865,-0.97515,53.61694,3,3,3,10:10,-1,E08000017,3,0,1,0,1,"[5, 11]",8,4,0,"[8, 0]",0,1,0,0,0,0,0,8,20
2024141492862,2024,141492862,441820,386349,-1.37291,53.37235,3,3,5,16:40,-1,E08000019,4,0,2,1,1,"[19, 9]","[1, 3]","[5, 1]",0,0,0,1,0,1,0,0,0,8,15
2024141492869,2024,141492869,434994,384727,-1.47567,53.35827,3,3,4,14:30,-1,E08000019,3,0,1,0,1,"[2, 19]","[0, 1]","[0, 5]",0,0,0,1,0,0,0,0,0,8,21
2024141492988,2024,141492988,450935,381235,-1.23674,53.32559,3,3,4,08:32,-1,E08000018,6,0,1,0,2,"[5, 19]","[1, 7]","[5, 3]",0,0,0,1,0,0,0,0,0,9,18
2024141493027,2024,141493027,450924,392060,-1.23516,53.42289,3,3,4,10:20,-1,E08000018,3,0,1,0,1,19,"[7, 3]","[3, 7]",0,0,0,1,0,0,0,0,0,9,18
2024141493035,2024,141493035,438279,391522,-1.4255,53.41912,2,2,2,07:45,-1,E08000019,6,0,8,1,1,"[2, 19]","[0, 2]","[0, 6]","[0, 4]",0,0,1,0,0,0,0,0,9,16
2024141493105,2024,141493105,436060,387889,-1.4593,53.38662,3,3,4,11:15,-1,E08000019,3,0,1,0,1,19,"[3, 6]","[7, 2]",0,0,0,1,0,0,0,0,0,9,18
2024141493165,2024,141493165,435472,381319,-1.46887,53.32761,2,2,4,20:08,-1,E08000019,3,2,1,0,1,19,3,7,0,0,0,0,0,1,0,0,0,9,18
2024141493184,2024,141493184,442230,398116,-1.36517,53.47808,3,3,4,15:14,-1,E08000018,4,0,1,0,2,"[9, 19]","[7, 5]","[5, 1]",0,0,0,1,0,0,0,0,0,9,18
2024141493264,2024,141493264,443741,381422,-1.34471,53.32791,3,3,3,07:50,-1,E08000019,4,0,1,0,1,19,8,4,0,0,0,1,0,0,0,0,1,9,17
2024141493301,2024,141493301,434838,388118,-1.47765,53.38876,3,3,2,12:45,-1,E08000019,3,0,1,0,1,19,"[4, -1]","[8, -1]",0,0,0,1,0,0,0,0,0,8,26
2024141493306,2024,141493306,434987,406105,-1.47341,53.55042,3,3,5,09:17,-1,E08000016,3,0,1,0,1,19,"[4, 8]","[8, 1]",0,0,0,1,0,0,1,0,0,9,19
2024141493311,2024,141493311,436470,388603,-1.45305,53.39301,3,3,2,19:50,-1,E08000019,4,0,1,0,1,"[9, 19]","[6, 1]","[2, 7]",0,0,0,1,0,0,0,0,0,8,26
2024141493324,2024,141493324,456094,413832,-1.15348,53.61804,3,3,5,08:32,-1,E08000017,6,0,1,0,2,"[19, 9]","[5, 1]","[1, 5]",0,0,0,1,0,0,0,0,0,9,19
2024141493330,2024,141493330,444231,398206,-1.33501,53.47873,3,3,3,17:20,-1,E08000018,3,0,1,0,2,"[4, 19]",1,5,0,0,0,1,0,0,0,0,0,8,27
2024141493344,2024,141493344,461426,398010,-1.07599,53.47524,2,2,3,14:55,-1,E08000017,6,0,1,0,1,19,6,2,0,0,0,1,0,0,0,0,1,9,17
2024141493370,2024,141493370,433083,390620,-1.50377,53.41136,2,"[2, 3]",4,15:30,-1,E08000019,3,0,9,0,1,19,8,4,0,0,0,0,0,1,0,0,1,9,18
2024141493382,2024,141493382,438905,391590,-1.41607,53.41968,3,3,2,11:52,-1,E08000019,4,0,1,0,1,"[4, 7]","[5, 3]","[8, 5]",0,0,0,1,0,0,0,0,0,9,16
2024141493510,2024,141493510,435588,387080,-1.46649,53.37938,2,2,4,19:00,-1,E08000019,6,0,1,0,1,"[19, -1]","[1, -1]","[5, -1]","[0, -1]","[0, -1]",0,1,1,0,0,0,0,8,7
2024141493514,2024,141493514,440007,383585,-1.4005,53.34765,2,2,5,09:30,-1,E08000019,5,0,1,0,1,"[19, 14]","[8, 4]","[4, 8]",0,0,0,1,0,0,0,0,0,9,19
2024141493590,2024,141493590,454411,402392,-1.18091,53.5154,3,3,5,14:00,-1,E08000017,6,2,1,0,1,19,"[3, 7]","[7, 3]",0,0,0,1,0,0,0,0,0,9,19
2024141493640,2024,141493640,436838,390353,-1.44732,53.40871,3,3,3,17:20,-1,E08000019,6,0,1,0,1,19,4,1,0,0,0,1,0,0,0,0,1,9,17
2024141493699,2024,141493699,414144,400523,-1.78824,53.50122,3,3,6,00:03,-1,E08000016,3,2,7,0,2,"[13, 19]","[1, 4]","[3, 4, 1]",0,0,0,1,0,0,1,0,0,9,20
2024141493819,2024,141493819,452676,386361,-1.20975,53.37149,2,2,6,08:40,-1,E08000018,6,0,1,0,1,19,5,1,0,0,0,1,0,0,0,0,1,9,20
2024141493991,2024,141493991,458404,404846,-1.12025,53.53703,3,3,6,15:52,-1,E08000017,3,0,1,0,1,"[5, 19]","[1, 5]","[6, 1]",0,0,0,1,0,0,0,0,0,9,20
2024141494072,2024,141494072,434875,391319,-1.47674,53.41753,3,3,6,18:49,-1,E08000019,6,0,1,0,1,2,"[5, 0]","[1, 0]","[0, 4]",0,0,1,0,0,0,0,0,9,20
2024141494083,2024,141494083,446651,395248,-1.29899,53.45193,3,3,6,23:15,-1,E08000018,3,2,1,0,1,19,"[2, 7]","[6, 3]",0,0,0,1,0,0,0,0,0,9,20
2024141494149,2024,141494149,432458,393426,-1.51288,53.43662,2,2,6,20:20,-1,E08000019,6,2,1,1,2,19,"[8, 2]","[2, 8]",0,0,0,1,0,0,0,0,0,9,13
2024141494216,2024,141494216,453242,408155,-1.19756,53.56731,2,2,6,14:47,-1,E08000017,3,0,1,0,1,19,8,5,0,0,0,1,0,0,0,0,1,9,20
2024141494224,2024,141494224,437167,406679,-1.44044,53.55543,2,2,6,17:29,-1,E08000016,6,0,1,0,1,19,7,3,0,0,0,1,0,1,0,0,0,9,20
2024141494289,2024,141494289,466861,396960,-0.99434,53.46515,3,3,7,16:23,-1,E08000017,3,0,1,0,2,"[9, 15]",2,"[8, 6]",0,0,0,1,0,0,0,1,0,9,21
2024141494313,2024,141494313,436901,389056,-1.44652,53.39705,3,3,7,17:10,-1,E08000019,4,0,1,0,1,19,"[8, 2]","[4, 6]",0,0,0,1,0,0,0,0,0,9,21
2024141494360,2024,141494360,441000,393345,-1.38432,53.4353,3,3,7,16:20,-1,E08000018,3,0,1,0,1,19,7,3,0,0,0,1,0,0,0,0,0,9,21
2024141494368,2024,141494368,434424,387358,-1.48395,53.38196,2,2,7,18:30,-1,E08000019,3,0,1,0,1,"[5, 9]","[3, 5]","[7, 5]",0,0,0,1,0,0,0,0,0,9,21
2024141494398,2024,141494398,443965,395066,-1.33946,53.45053,2,"[3, 2]",1,00:30,-1,E08000018,3,2,1,1,1,19,3,7,0,7,2,1,0,0,0,0,0,9,22
2024141494542,2024,141494542,435057,403098,-1.47269,53.52339,2,2,1,15:03,-1,E08000016,6,0,2,1,2,19,1,1,0,0,0,0,1,0,0,0,0,9,22
2024141494601,2024,141494601,445138,385600,-1.32315,53.36535,3,3,1,17:42,-1,E08000018,6,0,2,1,1,19,"[7, 3]","[3, 7]",0,0,0,1,0,0,0,0,0,9,22
2024141494826,2024,141494826,434953,388664,-1.47586,53.39366,3,3,2,08:18,-1,E08000019,4,0,2,1,1,"[5, 19]","[7, 6]","[3, 2]",0,0,0,1,0,0,0,0,0,9,23
2024141494842,2024,141494842,438223,408877,-1.42423,53.57511,3,3,2,11:48,-1,E08000016,3,0,1,1,2,4,2,6,0,0,0,1,0,0,1,0,0,9,23
2024141494853,2024,141494853,444150,389332,-1.33747,53.39898,3,3,2,10:33,-1,E08000018,6,0,2,1,2,19,"[1, 5]","[4, 1]","[6, 0]","[1, 0]","[9, 0]",1,0,0,1,0,0,9,23
2024141495171,2024,141495171,433043,389521,-1.50449,53.40148,3,3,3,13:15,-1,E08000019,3,0,1,0,1,"[12, 14]",6,2,0,0,0,1,0,1,0,0,0,8,27
2024141495174,2024,141495174,445635,398554,-1.31381,53.48174,3,3,4,11:10,-1,E08000018,6,0,1,0,1,"[5, 19]","[7, 4, 1]","[1, 8, 4]",0,0,0,1,0,0,0,0,0,9,18
2024141495204,2024,141495204,433940,386079,-1.49137,53.37049,3,3,3,09:15,-1,E08000019,3,0,1,0,1,"[9, 19]","[2, 6]","[8, 2]",0,0,0,1,1,0,0,0,0,9,24
2024141495240,2024,141495240,455032,397246,-1.17245,53.46908,3,3,6,10:54,-1,E08000017,1,0,1,0,2,"[19, 12]",7,3,0,0,0,1,0,0,1,0,0,8,30
2024141495248,2024,141495248,431499,405328,-1.52613,53.54365,3,3,7,15:30,-1,E08000016,4,0,1,0,1,"[19, 2]","[1, 0]","[5, 0]",0,0,0,1,0,0,0,0,1,8,31
2024141495329,2024,141495329,444301,398573,-1.3339,53.48202,2,2,3,06:45,-1,E08000018,3,0,2,1,2,"[19, 13]","[1, 5]","[5, 1]","[10, 0]",0,0,1,0,0,0,0,0,9,24