collision_index,collision_year,collision_ref_no,location_easting_osgr,location_northing_osgr,longitude,latitude,casualty_severity,casualty_severity,day_of_week,time,local_authority_district,local_authority_ons_district,first_road_class,light_conditions,weather_conditions,road_surface_conditions,urban_or_rural_area,vehicle_manoeuvre,vehicle_direction_from,vehicle_direction_to,hit_object_in_carriageway,vehicle_leaving_carriageway,hit_object_off_carriageway,is_car,is_cyle,is_mcyle,is_goodsv,is_other,is_pedestrian,month,day
2024141495508,2024,141495508,440658,386100,-1.3904,53.37021,3,3,2,07:40,-1,E08000019,4,0,1,0,1,5,3,7,0,0,0,0,0,0,1,0,1,9,23
2024141495534,2024,141495534,456750,401775,-1.14575,53.50961,2,"[3, 2]",3,20:00,-1,E08000017,3,2,1,0,1,"[5, 9]","[2, 4]","[4, 2]",0,0,0,1,0,0,1,0,0,9,24
2024141495563,2024,141495563,459070,399486,-1.11121,53.48878,2,2,2,07:45,-1,E08000017,1,0,2,1,2,19,1,5,0,0,0,1,0,0,0,0,0,9,23
2024141495722,2024,141495722,437856,382930,-1.43289,53.34192,3,3,5,16:25,-1,E08000019,3,0,1,0,1,"[19, -1]","[3, -1]","[7, -1]","[0, -1]","[0, -1]",0,1,0,0,0,0,0,7,25
2024141495802,2024,141495802,435445,389215,-1.4684,53.39858,3,3,5,14:20,-1,E08000019,6,0,2,1,1,3,1,5,0,0,0,1,0,0,0,0,0,9,5
2024141495841,2024,141495841,437067,384133,-1.4446,53.35279,3,3,5,15:25,-1,E08000019,6,0,2,1,1,"[10, -1]","[1, -1]","[7, -1]","[0, -1]","[0, -1]",0,1,0,0,0,0,0,9,5
2024141495858,2024,141495858,443257,406431,-1.34855,53.55273,3,3,4,09:04,-1,E08000016,4,0,1,0,2,19,8,4,0,0,0,1,0,0,0,0,1,9,25
2024141495942,2024,141495942,444826,402849,-1.32538,53.52041,2,2,4,20:05,-1,E08000016,6,2,2,1,1,"[19, 7]","[4, 5]",8,0,0,0,1,0,0,0,0,0,9,25
2024141495950,2024,141495950,433244,407663,-1.49955,53.56453,3,3,4,17:25,-1,E08000016,3,0,2,1,1,19,7,3,0,0,0,1,0,0,0,0,0,9,25
2024141495961,2024,141495961,434722,387042,-1.47951,53.3791,3,3,4,19:50,-1,E08000019,6,2,2,1,1,9,5,3,0,0,0,1,0,0,0,0,1,9,25
2024141495966,2024,141495966,433111,387838,-1.50364,53.38635,3,3,4,18:00,-1,E08000019,6,0,2,1,1,19,3,7,0,0,0,1,0,0,0,0,1,9,25
2024141496203,2024,141496203,450329,384630,-1.2453,53.35616,2,"[3, 2]",5,08:45,-1,E08000018,3,0,2,1,2,"[13, 19]","[8, 4]","[4, 8]",0,"[0, 1]","[0, 9]",1,0,0,0,0,0,9,26
2024141496298,2024,141496298,437340,400578,-1.43855,53.50058,2,2,1,18:56,-1,E08000016,4,0,1,0,1,19,2,6,0,0,0,1,0,0,0,0,1,9,22
2024141496320,2024,141496320,457017,402116,-1.14167,53.51264,3,3,5,12:38,-1,E08000017,3,0,1,0,1,"[9, 19]",2,"[8, 6]",0,"[1, 0]",0,1,0,1,0,0,0,9,26
2024141496580,2024,141496580,430173,390077,-1.5476,53.40665,3,3,6,06:45,-1,E08000019,4,0,2,1,2,"[19, 5]","[8, 6]","[4, 8]",0,"[3, 0]",0,1,0,1,0,0,0,9,27
2024141496581,2024,141496581,438808,389870,-1.41774,53.40423,3,3,6,09:03,-1,E08000019,3,0,1,1,1,19,6,2,0,0,0,0,0,1,1,0,0,9,27
2024141496591,2024,141496591,443181,405106,-1.34988,53.54083,2,2,6,07:30,-1,E08000016,4,0,1,1,2,19,1,5,0,0,0,0,0,0,0,1,1,9,27
2024141496710,2024,141496710,438560,390782,-1.42136,53.41245,2,2,6,07:50,-1,E08000019,4,0,1,0,1,"[19, 9]",1,"[1, 3]",0,0,0,1,0,1,0,0,0,9,27
2024141496763,2024,141496763,446247,391682,-1.30559,53.41992,3,3,6,13:03,-1,E08000018,3,0,1,0,1,19,"[3, 1]",6,"[0, 1]",0,0,1,0,0,0,0,0,9,27
2024141496832,2024,141496832,437177,411146,-1.43976,53.59558,3,3,5,13:59,-1,E08000016,6,0,1,0,1,7,7,1,0,7,0,1,0,0,0,0,0,9,26
2024141496917,2024,141496917,435495,386467,-1.46795,53.37388,2,"[3, 2]",7,02:15,-1,E08000019,3,2,1,0,1,7,3,7,0,7,0,1,0,0,0,0,0,9,28
2024141497118,2024,141497118,433744,385961,-1.49432,53.36944,3,3,5,08:12,-1,E08000019,3,0,2,1,1,"[5, 19]","[5, 2]","[2, 6]",0,"[0, 7]",0,1,0,0,0,0,0,9,26
2024141497194,2024,141497194,432056,391736,-1.51911,53.42145,2,2,7,19:32,-1,E08000019,3,2,1,0,1,19,3,8,7,1,2,1,0,0,0,0,0,9,28
2024141497203,2024,141497203,441853,401823,-1.37036,53.51143,2,2,7,21:30,-1,E08000018,4,2,1,0,1,"[19, 5]","[6, 1]","[2, 5]",0,0,0,1,0,0,0,0,0,9,28
2024141497225,2024,141497225,436726,396265,-1.44831,53.46186,3,3,1,01:00,-1,E08000019,1,2,1,0,2,"[19, 13]",1,5,0,"[1, 0]",0,1,0,0,0,0,0,9,29
2024141497262,2024,141497262,419703,407103,-1.70402,53.56018,2,"[3, 2]",7,15:00,-1,E08000016,6,0,1,0,2,19,"[5, 7]","[1, 3]",0,"[7, 1]","[0, 11]",1,0,0,0,0,0,9,28
2024141497451,2024,141497451,442010,385000,-1.37023,53.36021,2,2,1,14:06,-1,E08000019,6,0,1,0,1,"[19, 2, 13]","[6, 0]","[2, 0]",0,"[0, 7]",0,1,0,0,0,0,0,9,29
2024141497708,2024,141497708,435060,406086,-1.47231,53.55024,3,3,1,01:40,-1,E08000016,3,2,1,0,1,19,7,3,0,0,0,1,0,0,0,0,1,9,29
2024141497760,2024,141497760,459946,401528,-1.09762,53.50703,3,3,2,13:04,-1,E08000017,6,0,2,1,1,19,5,5,0,0,0,1,0,0,0,0,1,9,30
2024141497768,2024,141497768,449720,382963,-1.25471,53.34124,3,3,6,08:58,-1,E08000018,6,0,1,0,2,19,1,3,0,0,0,1,0,0,0,0,1,9,27
2024141497774,2024,141497774,461085,398483,-1.08104,53.47954,3,3,2,12:26,-1,E08000017,6,0,2,1,1,19,1,5,0,7,1,1,0,0,0,0,0,9,30
2024141497790,2024,141497790,453959,410464,-1.18634,53.58799,3,3,2,11:49,-1,E08000017,6,0,2,1,1,"[7, 19]","[1, 3]","[4, 8]",0,"[1, 0]",0,1,0,0,0,0,0,9,30
2024141497804,2024,141497804,448310,382926,-1.27589,53.34104,3,3,6,15:08,-1,E08000018,4,0,1,0,2,-1,-1,-1,-1,-1,0,1,0,0,0,0,1,9,27
2024141497869,2024,141497869,438744,408426,-1.41642,53.57102,3,3,2,15:42,-1,E08000016,6,0,2,1,1,"[19, 9]","[3, 7]","[7, 4]",0,0,0,1,0,0,0,0,0,9,30
2024141497910,2024,141497910,440541,386614,-1.39209,53.37484,2,2,3,12:55,-1,E08000019,4,0,1,0,1,"[19, 4]",8,4,0,0,0,1,0,0,0,0,0,9,17
2024141497922,2024,141497922,449184,389842,-1.26169,53.40312,3,3,2,17:06,-1,E08000018,6,0,5,1,2,19,"[1, 5]","[5, 1]",0,0,0,1,0,0,0,0,0,9,30
2024141498095,2024,141498095,434276,397591,-1.48507,53.47394,3,3,6,15:20,-1,E08000019,6,0,1,0,1,19,5,1,0,0,0,1,0,0,0,0,1,9,6
2024141498122,2024,141498122,434404,387256,-1.48426,53.38104,3,3,7,23:55,-1,E08000019,3,2,1,0,1,"[19, 3]",5,1,0,0,0,1,0,0,0,0,0,9,28
2024141498170,2024,141498170,451071,413600,-1.22945,53.61646,3,3,6,10:30,-1,E08000017,3,0,1,0,2,"[3, 19]",5,1,0,0,0,1,0,0,0,0,0,9,6
2024141498200,2024,141498200,424361,403647,-1.63397,53.52892,3,3,3,12:16,-1,E08000016,4,0,1,0,1,"[15, 19]",4,1,0,"[0, 1]",0,1,1,0,0,0,0,10,1
2024141498231,2024,141498231,459610,402704,-1.10246,53.51764,3,3,2,08:25,-1,E08000017,3,0,2,1,2,"[19, 3]",3,7,0,0,0,1,0,0,0,0,0,9,9
2024141498302,2024,141498302,424367,403736,-1.63388,53.52972,3,3,3,15:00,-1,E08000016,4,0,2,1,1,19,5,1,0,0,0,1,0,0,0,0,1,10,1
2024141498395,2024,141498395,414857,400217,-1.77751,53.49845,2,"[3, 2]",3,21:24,-1,E08000016,3,0,2,1,2,19,"[3, 7]","[7, 3]","[10, 0]",0,0,1,0,0,0,0,0,10,1
2024141498606,2024,141498606,447990,397016,-1.27856,53.4677,3,3,3,15:15,-1,E08000018,4,0,1,0,2,19,"[7, 3]","[3, 7]",0,0,0,1,0,0,1,0,0,9,10
2024141498636,2024,141498636,439163,390210,-1.41236,53.40726,3,3,4,09:00,-1,E08000019,3,0,1,0,1,"[3, 19]","[3, 7]","[7, 3]",0,0,0,1,0,0,0,0,0,9,11
2024141498681,2024,141498681,438912,391587,-1.41597,53.41966,3,3,4,13:57,-1,E08000019,6,0,1,0,1,"[5, 8]","[5, 3]","[3, 5]",0,0,0,1,1,0,0,0,0,10,2
2024141498682,2024,141498682,449874,399131,-1.24984,53.48654,2,2,2,04:00,-1,E08000017,6,2,2,1,1,"[2, 19]","[0, -1]","[0, -1]",0,0,0,1,0,0,0,0,0,9,9
2024141498745,2024,141498745,435002,386870,-1.47532,53.37753,3,3,4,12:40,-1,E08000019,6,0,1,0,1,"[9, 19]","[8, 5]","[6, 8]",0,0,0,1,1,0,0,0,0,10,2
2024141498764,2024,141498764,440033,402986,-1.39765,53.52203,2,2,4,15:35,-1,E08000016,4,0,1,0,1,9,4,2,0,0,0,1,0,0,0,0,1,10,2
2024141498774,2024,141498774,434367,390921,-1.48442,53.41398,2,2,4,15:30,-1,E08000019,3,0,1,0,1,"[9, 19]","[7, 4]","[6, 7]",0,"[7, 0]",0,1,1,0,0,0,0,10,2
2024141498790,2024,141498790,434679,383684,-1.48052,53.34892,3,3,3,13:22,-1,E08000019,3,0,2,1,1,12,5,1,0,0,0,1,0,0,0,0,0,10,1
2024141498823,2024,141498823,440376,385038,-1.39477,53.36068,2,2,4,19:07,-1,E08000019,6,2,1,0,1,19,"[8, 6]","[4, 1]",0,0,0,1,1,0,0,0,0,10,2
2024141498957,2024,141498957,435302,387751,-1.47071,53.38543,3,3,4,18:25,-1,E08000019,4,0,1,0,1,3,6,"[2, -1]",0,0,0,1,1,0,0,0,0,9,11
2024141498965,2024,141498965,435039,408059,-1.47241,53.56798,3,3,4,18:20,-1,E08000016,3,0,1,0,1,"[4, 19]","[5, 1]","[1, 5]",0,0,0,1,0,0,0,0,0,9,11
2024141499043,2024,141499043,465904,409099,-1.0062,53.57436,2,2,5,11:00,-1,E08000017,3,0,1,0,1,"[9, 19]","[8, 7]","[5, 3]",0,0,0,1,0,1,0,0,0,10,3
2024141499048,2024,141499048,434600,381031,-1.482,53.32507,3,3,5,08:54,-1,E08000019,4,0,1,0,1,19,"[3, 7]","[7, 3]",0,1,"[0, 1]",1,0,0,0,0,0,10,3
2024141499172,2024,141499172,445899,397104,-1.31004,53.46868,2,2,5,11:37,-1,E08000018,6,0,1,0,2,"[4, 19]",7,3,0,0,0,1,0,1,0,0,0,10,3
2024141499262,2024,141499262,433091,406769,-1.50195,53.55651,2,2,5,15:15,-1,E08000016,6,0,1,0,1,19,6,2,0,0,0,1,0,0,0,0,1,10,3
2024141499272,2024,141499272,453956,397861,-1.18855,53.47472,3,3,5,15:00,-1,E08000017,6,0,1,0,1,"[19, 2]","[7, 3]","[3, 7]",0,0,0,1,0,0,0,0,1,10,3
2024141499324,2024,141499324,443742,381383,-1.3447,53.32756,2,2,5,21:12,-1,E08000019,4,2,1,0,1,19,"[3, 5]","[7, 1]",0,"[0, 7]",0,1,0,0,1,0,0,10,3
2024141499336,2024,141499336,433348,410648,-1.49766,53.59136,3,3,5,08:45,-1,E08000016,6,0,1,0,1,"[2, 4]","[0, 1]","[0, 4]","[0, 4]","[0, 7]","[0, 11]",1,0,0,0,0,0,10,3
2024141499351,2024,141499351,436687,410079,-1.44729,53.58602,3,3,5,08:15,-1,E08000016,6,0,1,0,1,"[9, 19]","[6, 4]","[4, 1]",0,0,0,1,0,0,0,0,0,10,3
2024141499352,2024,141499352,435656,395784,-1.46448,53.45761,3,3,5,09:05,-1,E08000019,3,0,1,0,1,1,7,3,0,0,0,1,0,0,0,0,1,10,3
2024141499360,2024,141499360,432742,389917,-1.50897,53.40506,3,3,5,11:56,-1,E08000019,6,0,1,0,1,"[19, 2]","[7, 0, 1]","[3, 0, 5]","[0, 4]",0,0,1,0,1,0,0,0,10,3
2024141499431,2024,141499431,458870,401069,-1.11392,53.50303,3,3,6,09:10,-1,E08000017,3,0,1,0,2,"[19, 11]",3,3,0,0,0,1,0,0,0,0,0,10,4
2024141499595,2024,141499595,437581,407740,-1.43406,53.56493,2,"[3, 2]",6,07:50,-1,E08000016,6,0,1,0,2,"[9, 19]","[8, 5]","[5, 2]",0,0,0,1,0,0,1,0,0,10,4
2024141499724,2024,141499724,433711,389287,-1.49447,53.39934,2,2,6,16:32,-1,E08000019,6,0,1,0,1,19,4,8,11,0,0,1,0,0,0,0,1,10,4
2024141499894,2024,141499894,459199,402811,-1.10864,53.51865,3,3,7,14:30,-1,E08000017,3,0,1,0,1,5,1,5,0,0,0,1,0,0,0,0,0,10,5
2024141499974,2024,141499974,444749,405868,-1.32611,53.54755,3,3,7,18:50,-1,E08000016,4,2,1,0,2,"[13, 2, 19]","[7, 0]","[3, 0]","[4, 0]",0,0,1,0,0,0,0,0,10,5
2024141499979,2024,141499979,434779,406047,-1.47655,53.54991,2,2,7,17:30,-1,E08000016,3,0,1,0,1,19,8,4,0,0,0,1,0,0,0,0,1,10,5
2024141500030,2024,141500030,433349,389571,-1.49988,53.40191,2,2,7,19:58,-1,E08000019,6,2,1,0,1,19,4,8,0,0,0,1,0,0,0,0,1,10,5
2024141500056,2024,141500056,433883,406836,-1.48999,53.55706,2,"[2, 3]",6,20:20,-1,E08000016,6,2,1,0,1,19,"[4, 2]",6,0,0,0,1,0,0,0,0,0,10,4
2024141500286,2024,141500286,438987,402526,-1.41348,53.51797,3,3,1,14:59,-1,E08000016,4,0,1,0,1,"[19, 9]",6,"[2, 4]",0,0,0,1,0,0,0,0,0,10,6
2024141500341,2024,141500341,458184,404431,-1.12364,53.53332,3,3,7,16:50,-1,E08000017,3,0,1,0,1,"[19, -1, 3]","[5, -1]","[1, -1]","[0, -1]","[0, -1]",0,1,0,0,0,0,0,10,5
2024141500355,2024,141500355,441946,402381,-1.36888,53.51644,3,3,1,19:28,-1,E08000016,3,2,2,1,2,5,7,1,0,0,0,1,0,0,0,0,0,10,6
2024141500440,2024,141500440,431239,387148,-1.53185,53.38026,3,3,2,08:10,-1,E08000019,3,0,1,1,1,19,"[7, 5]","[3, 1]",0,0,0,1,1,0,0,0,0,10,7
2024141500606,2024,141500606,438735,390685,-1.41874,53.41156,3,3,1,12:00,-1,E08000019,6,0,1,0,1,"[9, 19]","[6, 2]","[4, 6]",0,0,0,1,0,0,0,0,0,10,6
2024141500653,2024,141500653,458232,403576,-1.12308,53.52563,3,3,2,14:02,-1,E08000017,6,0,1,0,1,"[7, 19]","[2, 4]","[6, 2]",0,0,0,1,1,0,0,0,0,10,7
2024141500688,2024,141500688,459006,402561,-1.11159,53.51642,3,3,2,15:00,-1,E08000017,6,0,1,0,1,"[13, 19]",4,"[1, 3]",0,0,0,1,0,0,0,0,0,10,7
2024141500789,2024,141500789,435848,388005,-1.46247,53.38768,3,3,2,20:11,-1,E08000019,3,2,1,0,1,19,"[4, 1]","[8, 5]",0,0,0,1,1,0,0,0,0,10,7
2024141500798,2024,141500798,443205,405142,-1.34951,53.54115,2,2,2,16:30,-1,E08000016,4,0,1,0,2,"[9, 19]","[7, 2]",6,0,0,0,1,0,0,0,0,0,10,7
2024141500857,2024,141500857,437484,393490,-1.43723,53.43686,3,3,2,12:35,-1,E08000019,4,0,1,0,1,"[19, 9]","[4, 2]",7,0,0,0,1,1,0,0,0,0,10,7
2024141501036,2024,141501036,452118,410463,-1.21415,53.58817,3,3,4,14:20,-1,E08000017,3,0,1,1,1,19,5,1,0,0,0,1,0,0,1,0,0,9,11
2024141501080,2024,141501080,456672,404009,-1.14653,53.52969,2,2,3,10:55,-1,E08000017,3,0,1,1,2,19,5,1,0,0,0,1,0,0,0,0,0,10,8
2024141501287,2024,141501287,444861,399296,-1.32536,53.48847,3,3,3,15:10,-1,E08000018,3,0,1,0,1,"[19, 9]","[1, 5]","[5, 3]",0,0,0,1,0,0,0,0,0,10,8
2024141501318,2024,141501318,457635,403240,-1.13214,53.52268,3,3,3,21:05,-1,E08000017,6,2,2,1,1,19,4,8,0,0,0,0,0,1,0,0,1,10,8
2024141501346,2024,141501346,442963,393282,-1.35479,53.43458,3,3,6,13:42,-1,E08000018,3,2,1,0,1,"[5, 19]","[7, 3]","[3, 7]",10,"[0, 5]",0,1,0,0,0,0,0,10,4
2024141501579,2024,141501579,445112,394176,-1.32231,53.44243,3,3,5,17:40,-1,E08000018,3,0,1,0,2,5,5,"[2, 1]",0,0,0,1,0,0,0,0,0,9,12
2024141501580,2024,141501580,438881,389475,-1.41669,53.40067,3,3,3,16:00,-1,E08000019,6,0,1,1,1,7,8,2,0,0,0,1,0,0,0,0,1,10,8
2024141501592,2024,141501592,434269,385154,-1.48652,53.36216,3,3,6,13:45,-1,E08000019,6,0,1,0,1,19,5,1,0,0,0,1,1,0,0,0,0,9,13
2024141501711,2024,141501711,457918,403151,-1.12789,53.52185,3,3,4,13:30,-1,E08000017,6,0,2,1,1,"[19, 8, 10]","[4, 0]","[8, 0]",0,0,0,1,0,1,0,0,0,10,9
2024141501731,2024,141501731,442076,391912,-1.36832,53.42233,3,3,4,16:15,-1,E08000018,3,0,1,1,1,19,2,6,0,0,0,1,0,0,0,0,1,10,9
2024141501734,2024,141501734,455638,400994,-1.16266,53.50271,2,2,4,15:50,-1,E08000017,6,0,1,1,1,"[3, 19]",8,4,0,0,0,1,0,0,0,0,0,10,9
2024141501739,2024,141501739,435384,385548,-1.46972,53.36562,3,3,4,15:45,-1,E08000019,3,0,2,1,1,"[10, 12]","[4, 1]","[3, 1]",0,0,0,1,1,0,0,0,0,10,9
2024141501843,2024,141501843,458196,402054,-1.1239,53.51196,2,2,4,22:12,-1,E08000017,6,2,2,1,1,"[19, 5]","[6, 8]","[2, 4]",0,"[7, 0]",0,1,0,0,0,0,0,10,9
2024141501941,2024,141501941,434673,384808,-1.48049,53.35902,3,3,4,13:39,-1,E08000019,6,0,2,1,1,7,2,5,0,0,0,1,0,0,0,0,1,10,9
2024141502012,2024,141502012,434845,406484,-1.47551,53.55383,3,3,2,15:20,-1,E08000016,3,0,2,1,1,19,5,1,0,0,0,1,0,0,0,0,1,9,30
2024141502138,2024,141502138,435206,403462,-1.4704,53.52665,3,3,3,09:40,-1,E08000016,3,0,1,1,2,19,1,5,0,"[1, 0]","[5, 0]",1,0,0,0,0,0,10,8
2024141502145,2024,141502145,460787,404688,-1.08433,53.53534,3,3,3,14:15,-1,E08000017,6,0,1,0,2,"[9, 19]","[1, 3]",7,0,0,0,1,1,0,0,0,0,10,8
2024141502179,2024,141502179,462315,406954,-1.06082,53.55552,2,2,4,19:25,-1,E08000017,6,2,5,1,1,19,5,1,0,0,0,1,0,0,0,0,1,10,9
2024141502256,2024,141502256,432468,386608,-1.51343,53.37534,3,3,5,16:25,-1,E08000019,6,0,1,0,1,"[2, 19]",1,5,0,0,0,1,0,0,0,0,0,10,10
2024141502293,2024,141502293,453550,407493,-1.19302,53.56133,3,3,5,22:19,-1,E08000017,6,2,1,0,1,"[9, 19]","[6, 8]",4,0,0,0,1,1,0,0,0,0,10,10
2024141502305,2024,141502305,455314,387341,-1.16994,53.38003,2,2,3,19:45,-1,E08000018,4,0,1,0,2,19,4,8,0,0,0,0,0,1,0,0,0,7,30
2024141502306,2024,141502306,436601,396488,-1.45017,53.46387,3,3,4,14:57,-1,E08000019,1,0,1,0,2,19,5,1,0,0,0,1,0,0,1,0,0,10,9
2024141502555,2024,141502555,447838,391942,-1.28162,53.42211,2,2,6,09:30,-1,E08000018,6,0,2,1,1,19,8,4,0,0,0,1,0,0,0,0,1,10,11
2024141502596,2024,141502596,435732,388119,-1.4642,53.38871,3,3,6,10:18,-1,E08000019,3,0,1,0,1,"[12, 19]","[3, 2]",7,0,0,0,1,0,0,0,0,0,10,11
2024141502652,2024,141502652,443984,400538,-1.33841,53.49971,2,2,5,20:00,-1,E08000018,6,2,1,0,1,19,3,7,0,0,0,0,0,1,0,0,1,10,10
2024141502675,2024,141502675,434783,382758,-1.47906,53.34059,3,3,6,18:49,-1,E08000019,3,2,1,0,1,"[9, 19]","[1, 5]","[7, 1]",0,0,0,1,0,0,0,0,0,10,11
2024141502896,2024,141502896,455541,392113,-1.16569,53.4229,2,2,7,10:45,-1,E08000018,3,0,2,1,2,19,6,2,0,0,0,1,0,0,0,0,0,10,12
2024141502928,2024,141502928,442461,391142,-1.36263,53.41538,3,3,7,18:15,-1,E08000018,3,0,4,1,1,"[9, 19]","[3, 1]","[7, 5]",0,0,0,1,0,0,0,0,0,10,12
2024141502939,2024,141502939,442458,384928,-1.36351,53.35953,3,3,7,18:15,-1,E08000019,4,0,1,1,1,"[15, 2]","[2, 0]","[6, 0]",0,0,0,1,0,0,0,0,0,10,12
2024141502954,2024,141502954,443831,396520,-1.34127,53.46361,3,3,7,17:20,-1,E08000018,3,0,1,1,1,"[9, 19]","[5, 2]","[2, 6]",0,0,0,1,0,0,0,0,0,10,12
2024141503049,2024,141503049,456038,404398,-1.15602,53.53326,3,3,1,07:25,-1,E08000017,3,0,1,0,1,19,7,3,0,1,1,1,0,0,0,0,0,10,13
2024141503126,2024,141503126,448524,392616,-1.27119,53.42811,3,3,7,11:50,-1,E08000018,6,0,2,1,1,19,"[7, 1]","[3, 5]",0,0,0,1,0,1,0,0,0,10,12
2024141503189,2024,141503189,457225,402654,-1.13843,53.51745,3,3,1,14:18,-1,E08000017,6,0,1,0,1,"[7, 19]","[3, 5]","[5, 1]",0,0,0,1,0,0,0,0,0,10,13
2024141503380,2024,141503380,434800,402217,-1.47666,53.51548,2,2,2,11:13,-1,E08000016,6,0,1,0,1,19,"[2, 6]","[6, 2]",0,0,0,1,0,0,0,0,0,10,14
2024141503539,2024,141503539,436932,382920,-1.44677,53.3419,3,3,3,08:00,-1,E08000019,6,0,2,1,1,19,-1,-1,0,0,0,0,0,0,1,0,1,10,8
2024141503736,2024,141503736,439119,390194,-1.41302,53.40712,2,"[2, 3]",4,08:40,-1,E08000019,6,0,1,0,1,"[19, 5]","[7, 1]","[3, 5]",0,"[4, 0]","[11, 0]",1,0,0,0,0,0,9,25
2024141503746,2024,141503746,437036,401617,-1.44301,53.50994,3,3,3,07:56,-1,E08000016,6,0,1,0,1,"[7, 19]","[5, 7]","[7, 3]",0,0,0,1,0,0,0,0,0,10,15
2024141503761,2024,141503761,435452,400251,-1.46705,53.49777,3,3,2,13:05,-1,E08000016,3,0,1,0,1,19,4,8,0,0,0,1,0,0,0,0,1,9,16
2024141503896,2024,141503896,436315,390194,-1.4552,53.40732,2,2,6,19:30,-1,E08000019,3,0,1,0,1,12,"[7, 3]","[5, 7]",0,0,0,1,0,0,0,0,0,8,30
2024141503928,2024,141503928,434491,386175,-1.48307,53.37132,3,3,3,08:10,-1,E08000019,6,0,1,0,1,19,"[5, 1]","[8, 4]",0,0,0,1,1,0,0,0,0,10,15
2024141503935,2024,141503935,438521,389607,-1.42209,53.40189,3,3,3,13:40,-1,E08000019,3,0,1,0,1,19,"[3, -1]","[7, -1]",0,0,0,1,0,0,0,0,0,9,17
2024141503963,2024,141503963,455160,404842,-1.16919,53.53734,2,"[2, 3]",3,12:55,-1,E08000017,3,0,8,0,1,"[19, 3]",3,7,0,0,0,1,0,0,0,0,0,10,15
2024141503985,2024,141503985,448969,392293,-1.26454,53.42517,3,3,4,13:38,-1,E08000018,4,0,1,0,1,"[1, 2]","[8, 0]","[3, 0]",0,0,0,1,0,0,0,0,0,9,18
2024141504000,2024,141504000,415695,404362,-1.76467,53.53568,3,3,3,17:45,-1,E08000016,6,0,1,0,2,"[19, 7]",7,"[3, 1]",0,"[0, 7]","[0, 11]",1,0,1,0,0,0,9,17
2024141504098,2024,141504098,447804,399918,-1.28092,53.4938,3,3,3,16:54,-1,E08000017,6,0,1,0,1,"[15, 9]","[5, 7]","[1, 5]",0,0,0,1,1,0,0,0,0,10,15
2024141504174,2024,141504174,445140,393392,-1.322,53.43538,3,3,7,11:52,-1,E08000018,3,0,1,0,1,"[19, 5]","[7, 1]","[3, 5]",0,0,0,1,0,0,0,0,0,10,12
2024141504289,2024,141504289,436615,387758,-1.45097,53.3854,3,3,4,09:12,-1,E08000019,4,0,1,0,1,"[19, 10]",6,"[2, 4]",0,0,0,1,0,0,0,0,0,9,18
2024141504704,2024,141504704,421281,402260,-1.68053,53.51659,3,3,4,16:35,-1,E08000016,3,0,1,0,2,19,2,6,11,0,0,1,0,0,0,0,0,10,16
2024141504712,2024,141504712,443990,395645,-1.339,53.45573,1,1,4,20:05,-1,E08000018,6,2,2,1,1,19,5,1,0,0,0,1,0,0,0,0,1,10,16
2024141504717,2024,141504717,452774,385789,-1.20837,53.36634,2,2,4,20:55,-1,E08000018,6,2,1,1,1,"[9, 19]","[1, 5]","[5, 1]",0,0,0,1,0,0,0,0,0,10,16
2024141504831,2024,141504831,438469,398304,-1.42181,53.48006,3,3,3,15:35,-1,E08000018,4,0,1,0,2,19,3,7,0,0,0,1,0,0,0,0,1,9,10
2024141504857,2024,141504857,432974,387841,-1.5057,53.38639,3,3,4,22:30,-1,E08000019,6,2,2,1,1,19,5,1,0,0,0,1,0,0,0,0,1,10,16
2024141504939,2024,141504939,460565,406171,-1.08739,53.54869,3,3,3,05:30,-1,E08000017,6,2,1,0,1,19,"[8, -1]","[6, -1]",0,0,0,1,1,0,0,0,0,9,24
2024141505018,2024,141505018,440067,402935,-1.39715,53.52156,3,3,3,19:20,-1,E08000016,6,2,1,0,1,"[11, 8]","[-1, 4]","[-1, 6]",0,0,0,1,0,0,0,0,0,9,24
2024141505026,2024,141505026,437191,399532,-1.44092,53.49119,3,3,5,08:30,-1,E08000016,6,0,1,0,2,19,"[4, 1]","[1, 5]",0,0,0,1,0,0,0,0,0,9,19
2024141505095,2024,141505095,441314,402271,-1.37843,53.5155,2,2,5,14:40,-1,E08000016,3,0,1,0,2,19,6,2,0,0,0,1,0,1,0,0,0,10,17
2024141505110,2024,141505110,440521,404031,-1.39016,53.53138,3,3,5,15:05,-1,E08000016,6,0,1,0,1,19,3,7,0,0,0,1,0,0,0,0,1,10,17
2024141505147,2024,141505147,441690,401603,-1.37284,53.50947,3,3,5,15:50,-1,E08000018,4,0,1,0,1,"[2, 14]","[0, 2]","[0, 6]",0,0,0,1,0,0,1,0,1,10,17
2024141505186,2024,141505186,446782,394864,-1.29707,53.44847,3,3,5,15:16,-1,E08000018,6,0,1,0,1,19,7,3,0,0,0,1,0,0,0,0,1,10,17
2024141505211,2024,141505211,434488,405955,-1.48096,53.5491,2,2,5,21:45,-1,E08000016,6,2,1,0,1,"[19, 9]","[8, 5]","[2, 3]",0,0,0,1,0,0,0,0,0,10,17
2024141505404,2024,141505404,452079,410608,-1.21471,53.58947,3,3,6,11:45,-1,E08000017,3,0,1,0,2,"[19, 4]",5,1,0,0,0,1,0,0,0,0,0,10,18