collision_index,collision_year,collision_ref_no,location_easting_osgr,location_northing_osgr,longitude,latitude,casualty_severity,casualty_severity,day_of_week,time,local_authority_district,local_authority_ons_district,first_road_class,light_conditions,weather_conditions,road_surface_conditions,urban_or_rural_area,vehicle_manoeuvre,vehicle_direction_from,vehicle_direction_to,hit_object_in_carriageway,vehicle_leaving_carriageway,hit_object_off_carriageway,is_car,is_cyle,is_mcyle,is_goodsv,is_other,is_pedestrian,month,day
2024141514484,2024,141514484,441595,383427,-1.37667,53.34611,3,3,1,12:13,-1,E08000019,6,0,1,0,1,"[14, 9]","[6, 8]","[6, 2]",0,0,0,1,0,0,0,0,0,11,10
2024141514531,2024,141514531,437856,382933,-1.43289,53.34195,3,3,1,10:49,-1,E08000019,3,0,1,0,1,19,7,3,0,1,4,1,0,0,0,0,0,11,10
2024141514605,2024,141514605,452999,415939,-1.19991,53.63729,2,2,1,22:16,-1,E08000017,6,2,1,1,2,7,1,5,0,0,0,1,0,0,0,0,0,11,10
2024141514803,2024,141514803,439185,382874,-1.41294,53.34132,3,3,1,17:35,-1,E08000019,4,2,1,0,1,"[3, 19]",7,3,0,0,0,1,0,0,0,0,0,11,10
2024141514821,2024,141514821,434799,387083,-1.47835,53.37946,3,3,2,08:30,-1,E08000019,6,0,1,0,1,19,"[5, 1]","[1, 5]",0,0,0,1,1,0,0,0,0,11,11
2024141514846,2024,141514846,440431,386725,-1.39373,53.37584,3,3,2,12:30,-1,E08000019,4,0,1,0,1,12,8,6,0,0,0,1,0,0,0,0,1,11,11
2024141514889,2024,141514889,429956,394328,-1.55046,53.44487,2,2,2,15:30,-1,E08000019,3,0,1,0,2,19,3,7,0,0,0,1,0,0,0,0,0,11,11
2024141514946,2024,141514946,442629,389138,-1.36037,53.39736,2,2,2,18:02,-1,E08000018,4,2,1,0,1,19,5,1,0,0,0,1,0,0,0,0,1,11,11
2024141515110,2024,141515110,445847,403654,-1.30987,53.52756,3,3,6,08:20,-1,E08000016,4,0,1,0,1,-1,-1,-1,-1,-1,0,1,0,0,0,0,1,11,8
2024141515187,2024,141515187,438741,390699,-1.41865,53.41169,3,3,3,10:20,-1,E08000019,3,0,1,0,1,"[9, 19]","[5, 1]","[1, 5]",0,0,0,1,0,0,0,0,0,11,12
2024141515217,2024,141515217,435169,407486,-1.47051,53.56282,3,3,3,10:15,-1,E08000016,6,0,1,0,1,"[13, 19]","[4, 1]",6,0,0,0,1,0,0,1,0,0,11,12
2024141515219,2024,141515219,454790,400735,-1.17549,53.50047,3,3,3,17:30,-1,E08000017,3,0,1,0,1,19,4,1,0,0,0,0,1,0,1,0,0,11,5
2024141515445,2024,141515445,437193,392602,-1.44171,53.4289,2,2,3,18:15,-1,E08000019,4,2,1,0,1,19,"[5, 1]","[1, 5]",0,0,0,1,0,0,0,0,0,11,12
2024141515479,2024,141515479,438754,384058,-1.41926,53.352,3,3,2,19:50,-1,E08000019,4,2,1,0,1,"[10, 7]","[5, 7]","[2, 5]",0,"[0, 2]",0,1,0,0,0,0,0,11,11
2024141515603,2024,141515603,443444,395511,-1.34724,53.45457,2,2,2,08:20,-1,E08000018,6,0,1,0,1,"[19, 14]","[5, 1]","[1, 5]",0,0,0,0,1,0,1,0,0,11,11
2024141515747,2024,141515747,438980,385376,-1.41571,53.36383,3,3,2,15:15,-1,E08000019,6,0,1,0,1,19,5,1,0,0,0,1,0,0,0,0,1,10,7
2024141515816,2024,141515816,461338,393020,-1.07829,53.43041,3,3,4,13:00,-1,E08000017,3,0,1,0,2,"[3, 19]",4,7,0,0,0,1,0,0,0,0,0,11,13
2024141515868,2024,141515868,439278,387501,-1.41097,53.3829,3,3,4,15:45,-1,E08000019,3,2,1,0,1,"[9, 19]","[1, 5]","[5, 1]","[11, 0]",0,0,1,1,0,0,0,0,11,13
2024141515888,2024,141515888,457759,402586,-1.13039,53.51679,3,3,4,16:18,-1,E08000017,3,2,1,0,1,"[12, 19]","[7, -1]","[2, -1]",0,0,0,0,1,1,0,0,0,11,13
2024141515896,2024,141515896,443779,393649,-1.34245,53.43781,3,3,3,14:28,-1,E08000018,2,0,1,0,1,19,6,"[3, 2]",0,0,0,1,0,0,0,0,0,11,12
2024141515920,2024,141515920,437834,387320,-1.4327,53.38138,2,2,4,17:50,-1,E08000019,3,2,1,0,1,19,1,5,0,0,0,1,0,0,0,0,0,11,13
2024141515941,2024,141515941,443618,396093,-1.34454,53.45979,3,3,4,19:26,-1,E08000018,3,2,1,0,1,"[7, 19]","[6, 8]","[2, 4]",0,0,0,1,1,0,0,0,0,11,13
2024141516019,2024,141516019,465512,408526,-1.01224,53.56926,1,"[2, 1]",4,15:34,-1,E08000017,3,0,1,0,1,19,6,2,0,0,0,0,0,0,0,1,1,11,13
2024141516027,2024,141516027,436716,390600,-1.44912,53.41094,3,3,4,02:28,-1,E08000019,6,2,1,0,1,"[19, 2]","[1, 0]","[5, 0]","[4, 0]","[0, 1]",0,1,0,0,0,0,0,11,13
2024141516119,2024,141516119,467792,414156,-0.9766,53.61957,1,1,4,10:45,-1,E08000017,1,0,1,0,2,"[3, 19]",1,5,0,0,0,1,0,0,1,0,0,11,13
2024141516162,2024,141516162,438008,388914,-1.42989,53.3957,2,2,2,13:00,-1,E08000019,3,0,1,0,1,19,"[3, 7]","[7, 3]",0,0,0,1,1,0,0,0,0,10,7
2024141516300,2024,141516300,433112,407197,-1.50159,53.56035,3,3,6,16:09,-1,E08000016,6,2,2,1,1,"[9, 19]","[4, 8]","[1, 4]",0,0,0,1,0,0,0,0,0,10,25
2024141516357,2024,141516357,456002,404439,-1.15656,53.53363,2,2,1,19:00,-1,E08000017,3,2,1,0,1,-1,-1,-1,-1,-1,0,0,1,0,0,0,1,10,6
2024141516642,2024,141516642,460516,406098,-1.08814,53.54804,3,3,6,06:44,-1,E08000017,3,2,1,0,1,"[7, 19]",7,4,0,0,0,1,0,1,0,0,0,11,15
2024141516649,2024,141516649,440276,403230,-1.39396,53.5242,2,"[3, 2]",7,22:09,-1,E08000016,4,2,1,0,1,"[19, 9]","[2, 6]","[6, 2]","[10, 0]",0,0,1,0,0,0,0,0,11,9
2024141516708,2024,141516708,439039,411189,-1.41162,53.59583,3,3,5,14:00,-1,E08000016,6,0,1,0,1,"[19, 9]","[8, 4]","[4, 2]",0,"[2, 0]","[2, 0]",1,0,0,0,0,0,11,14
2024141516795,2024,141516795,436331,385244,-1.45553,53.36283,2,2,6,09:58,-1,E08000019,6,0,1,0,1,"[3, 19, 4]","[4, 8]","[8, 4]","[0, 4]",0,0,1,0,0,1,0,0,11,15
2024141516886,2024,141516886,445924,384325,-1.31152,53.35382,1,"[2, 1]",6,12:46,-1,E08000018,3,0,1,0,2,"[6, 19]",4,"[3, 7]",0,0,0,1,0,0,0,0,0,11,15
2024141516911,2024,141516911,433102,410234,-1.50142,53.58765,2,2,5,18:50,-1,E08000016,6,2,1,0,1,"[5, 19]","[8, 6]",2,0,0,0,1,0,0,0,0,0,11,14
2024141516924,2024,141516924,434576,393236,-1.48103,53.43478,2,2,6,15:30,-1,E08000019,4,2,1,0,1,19,7,3,0,0,0,1,0,0,0,0,1,11,15
2024141516962,2024,141516962,439208,408350,-1.40942,53.5703,3,3,5,16:55,-1,E08000016,6,2,1,0,1,"[7, 19]","[6, 4]",8,0,0,0,1,1,0,0,0,0,11,14
2024141517043,2024,141517043,450467,392037,-1.24204,53.42272,3,3,6,21:29,-1,E08000018,3,2,1,0,1,19,7,3,0,0,0,1,0,0,0,0,0,11,15
2024141517061,2024,141517061,437076,392483,-1.44349,53.42784,2,2,6,17:45,-1,E08000019,6,2,1,0,1,1,5,1,0,0,0,1,0,0,0,0,1,11,15
2024141517084,2024,141517084,453703,392027,-1.19336,53.42231,2,2,7,02:25,-1,E08000018,3,2,1,1,1,"[19, 2]","[8, 0]","[4, 0]","[4, 0]",0,0,1,0,0,0,0,0,11,16
2024141517207,2024,141517207,437197,411686,-1.43939,53.60043,3,3,6,15:48,-1,E08000016,4,0,1,0,1,5,3,7,0,0,0,0,0,0,1,0,0,11,15
2024141517217,2024,141517217,445352,403164,-1.31741,53.52319,2,2,7,14:32,-1,E08000016,6,0,1,0,1,"[19, 9]","[2, 3]","[6, 2]",0,0,0,1,0,0,0,0,0,11,16
2024141517265,2024,141517265,434673,384812,-1.48049,53.35905,2,2,6,16:42,-1,E08000019,5,0,1,0,1,9,6,2,0,0,0,1,0,0,0,0,1,11,15
2024141517291,2024,141517291,451846,383719,-1.22266,53.34783,3,3,5,15:20,-1,E08000018,4,0,1,0,1,1,2,7,0,0,0,1,0,0,0,0,1,10,17
2024141517322,2024,141517322,446022,391606,-1.30899,53.41926,3,3,6,15:18,-1,E08000018,3,0,1,0,1,"[4, 5]",6,2,0,0,0,1,0,0,0,0,0,11,15
2024141517370,2024,141517370,436662,405686,-1.44818,53.54654,2,2,7,23:57,-1,E08000016,3,2,1,0,1,19,4,8,0,0,0,0,0,0,1,0,1,11,16
2024141517398,2024,141517398,429540,408928,-1.55535,53.57612,2,2,7,15:20,-1,E08000016,6,0,1,1,2,19,1,5,0,0,0,0,0,1,0,0,0,11,16
2024141517407,2024,141517407,447453,389016,-1.28785,53.39585,3,3,1,07:35,-1,E08000018,1,0,1,0,2,19,7,3,0,4,4,1,0,0,0,0,0,11,17
2024141517558,2024,141517558,434336,392560,-1.48471,53.42872,2,2,6,17:18,-1,E08000019,6,2,1,0,1,4,2,6,11,0,0,1,0,0,0,0,1,11,15
2024141517727,2024,141517727,441760,392757,-1.37296,53.42995,3,3,2,11:20,-1,E08000018,6,0,1,0,1,19,8,4,0,0,0,1,0,0,0,0,0,11,18
2024141517802,2024,141517802,431059,382561,-1.53501,53.33905,3,3,2,09:40,-1,E08000019,3,0,1,0,2,"[9, 19]","[5, 2]","[2, 6]",0,0,0,1,0,0,0,0,0,11,18
2024141518163,2024,141518163,452616,386046,-1.21071,53.36867,2,2,3,10:34,-1,E08000018,6,0,3,2,1,19,5,5,0,0,0,1,0,0,0,0,1,11,19
2024141518168,2024,141518168,435057,384533,-1.47475,53.35652,2,2,3,11:45,-1,E08000019,6,0,8,1,1,"[9, 19]",7,"[5, 3]",0,0,0,1,1,0,0,0,0,11,19
2024141518175,2024,141518175,442438,404422,-1.36119,53.53474,3,3,2,16:50,-1,E08000016,3,2,8,1,1,19,4,8,0,0,0,1,0,0,0,0,1,11,18
2024141518199,2024,141518199,435177,387170,-1.47265,53.38022,3,3,2,10:00,-1,E08000019,6,0,1,0,1,19,7,3,0,1,2,1,0,0,0,0,1,11,18
2024141518432,2024,141518432,431885,383469,-1.52251,53.34716,2,2,5,13:16,-1,E08000019,3,0,1,0,1,"[9, 19]","[1, 5]","[7, 1]",0,0,0,1,1,0,0,0,0,11,14
2024141518522,2024,141518522,459194,402857,-1.1087,53.51906,3,3,3,21:20,-1,E08000017,3,2,2,1,1,"[3, 19]",1,5,0,0,0,1,0,0,0,0,0,10,8
2024141518558,2024,141518558,430717,405596,-1.5379,53.54611,3,3,3,13:00,-1,E08000016,3,0,2,1,1,"[19, 5]","[3, 5]","[7, 3]",0,0,0,1,0,0,0,0,0,10,1
2024141518725,2024,141518725,451002,399346,-1.23281,53.48836,3,3,5,06:45,-1,E08000017,3,2,1,0,1,19,5,7,0,0,0,1,0,0,0,0,1,10,10
2024141518732,2024,141518732,449540,400451,-1.25467,53.49843,3,3,4,07:32,-1,E08000017,6,0,8,2,2,19,5,1,0,0,0,1,0,0,0,0,0,11,20
2024141518766,2024,141518766,437752,393599,-1.43318,53.43782,3,3,4,09:13,-1,E08000019,1,0,8,1,1,19,1,5,0,0,0,1,0,0,0,0,0,11,20
2024141518810,2024,141518810,450223,407296,-1.24328,53.55989,2,2,5,07:20,-1,E08000017,4,0,1,0,2,"[10, 19]",7,"[5, 3]",0,0,0,1,1,0,0,0,0,10,10
2024141518927,2024,141518927,434945,381795,-1.47673,53.33192,3,3,4,17:00,-1,E08000019,3,2,8,2,1,"[9, 19]",5,1,0,0,0,1,0,0,0,0,0,11,20
2024141518961,2024,141518961,439093,390623,-1.41336,53.41098,3,3,4,16:50,-1,E08000019,6,2,1,2,1,"[9, 19]","[3, 7]","[7, 3]",0,0,0,1,0,0,0,0,0,11,20
2024141519397,2024,141519397,435393,385665,-1.46957,53.36667,3,3,5,10:50,-1,E08000019,3,0,1,0,1,19,"[8, 4]","[4, 8]",0,0,0,1,0,0,0,0,0,11,21
2024141519410,2024,141519410,440179,383485,-1.39793,53.34674,2,2,5,11:42,-1,E08000019,3,0,1,1,1,9,8,6,0,7,0,1,0,0,0,0,1,11,21
2024141519424,2024,141519424,435877,404239,-1.46019,53.53359,3,3,3,21:00,-1,E08000016,6,2,2,1,1,"[19, 3]","[7, 5]","[3, 1]",0,0,0,1,0,0,0,0,0,10,1
2024141519434,2024,141519434,434446,386285,-1.48374,53.37231,3,3,2,10:15,-1,E08000019,6,0,1,0,1,"[7, 19]",5,"[7, 1]",0,0,0,1,1,0,0,0,0,10,14
2024141519443,2024,141519443,458049,401071,-1.1263,53.50314,3,3,5,10:09,-1,E08000017,6,0,8,0,1,5,1,1,"[0, 2]",0,0,1,0,0,0,0,0,11,21
2024141519532,2024,141519532,433739,383199,-1.49469,53.34462,2,2,5,15:30,-1,E08000019,6,0,4,1,2,"[5, 19]","[4, 8]","[8, 4]",0,0,0,1,0,0,0,0,0,11,21
2024141519579,2024,141519579,435438,386648,-1.46879,53.37551,3,3,5,17:44,-1,E08000019,6,2,1,0,1,19,"[5, 3]","[1, 7]",0,0,0,1,1,0,0,0,0,11,21
2024141519580,2024,141519580,438823,386379,-1.41794,53.37285,2,2,5,17:10,-1,E08000019,3,2,1,1,1,19,5,"[7, 1]",0,"[3, 0]",0,1,1,0,0,0,0,11,21
2024141519581,2024,141519581,443979,399378,-1.33864,53.48928,2,2,5,16:10,-1,E08000018,6,2,1,0,1,9,7,3,0,0,0,1,0,0,0,0,1,11,21
2024141519682,2024,141519682,425389,404527,-1.6184,53.53678,2,2,6,05:06,-1,E08000016,3,2,8,2,2,19,1,1,7,0,0,1,0,0,0,0,0,11,22
2024141519796,2024,141519796,437182,406744,-1.44021,53.55601,3,3,6,10:06,-1,E08000016,3,0,8,2,1,19,5,5,0,1,1,1,0,0,0,0,1,11,22
2024141519805,2024,141519805,445820,387063,-1.31269,53.37844,3,3,6,07:05,-1,E08000018,6,0,8,2,2,9,7,3,6,0,0,1,0,0,0,0,0,11,22
2024141519892,2024,141519892,436020,386188,-1.46009,53.37133,3,3,6,16:16,-1,E08000019,6,0,2,1,1,"[9, 19]","[6, 4]","[2, 8]",0,"[0, 2]","[0, 2]",1,0,0,0,0,0,10,25
2024141519969,2024,141519969,435571,411518,-1.46398,53.59903,3,3,6,11:52,-1,E08000016,4,0,1,1,1,"[5, 2]",7,3,0,0,0,1,0,0,0,0,0,11,22
2024141520234,2024,141520234,461498,398038,-1.0749,53.47549,3,3,6,14:27,-1,E08000017,6,0,1,0,1,7,2,4,0,0,0,1,0,0,0,0,1,11,22
2024141520239,2024,141520239,454819,402222,-1.17479,53.51383,2,"[2, 3]",7,02:11,-1,E08000017,2,2,8,2,2,19,5,1,10,0,0,1,0,0,0,0,0,11,23
2024141520558,2024,141520558,435224,406024,-1.46984,53.54967,3,3,7,17:01,-1,E08000016,6,2,2,1,1,5,5,1,0,0,0,1,0,0,0,0,1,11,23
2024141520587,2024,141520587,455232,404825,-1.1681,53.53718,2,2,7,17:15,-1,E08000017,3,2,1,1,1,5,-1,-1,0,-1,0,1,0,0,0,0,1,11,23
2024141520620,2024,141520620,443796,396287,-1.34183,53.46152,3,3,2,08:14,-1,E08000018,6,0,1,0,1,19,5,1,0,0,0,1,0,0,0,0,1,11,18
2024141520684,2024,141520684,438592,384840,-1.4216,53.35904,3,3,7,19:57,-1,E08000019,3,2,2,1,1,19,7,3,0,0,0,1,0,0,0,0,0,11,23
2024141520748,2024,141520748,441179,389580,-1.38212,53.40144,2,2,1,11:04,-1,E08000019,1,0,1,1,2,5,5,1,0,0,0,1,0,0,0,0,0,11,24
2024141520775,2024,141520775,458795,399612,-1.11533,53.48994,2,2,1,14:16,-1,E08000017,3,0,1,1,2,7,5,1,0,5,6,0,0,1,0,0,0,11,24
2024141520869,2024,141520869,458946,401235,-1.11275,53.50451,3,3,1,18:27,-1,E08000017,3,2,2,1,2,9,"[1, 3]","[4, 5]",0,0,0,1,0,0,0,0,0,11,24
2024141520874,2024,141520874,445076,388324,-1.32369,53.38984,3,3,1,21:07,-1,E08000018,3,2,5,1,2,"[4, 19]",3,7,0,0,0,1,0,0,0,0,0,11,24
2024141521229,2024,141521229,456526,387500,-1.15169,53.38133,3,3,2,13:29,-1,E08000018,4,0,4,0,2,"[19, 13]","[3, 7]","[7, 3]",0,0,0,1,0,0,0,0,0,11,25
2024141521279,2024,141521279,458957,399483,-1.11291,53.48876,3,3,2,17:25,-1,E08000017,1,2,1,0,2,19,5,5,0,0,0,1,0,0,0,0,0,11,25
2024141521389,2024,141521389,460481,405360,-1.08881,53.54141,1,"[1, 2]",2,16:27,-1,E08000017,3,2,1,0,1,13,7,3,0,0,0,0,0,1,0,0,1,11,25
2024141521567,2024,141521567,439909,394862,-1.40055,53.44902,3,3,3,08:57,-1,E08000018,6,0,1,0,1,"[4, 19]",2,6,0,"[7, 0]",0,1,0,0,0,0,0,11,26
2024141521568,2024,141521568,437362,390207,-1.43945,53.40736,3,3,3,07:37,-1,E08000019,3,0,2,1,1,"[5, 19]","[2, 7]",3,0,0,0,1,0,0,0,0,0,11,26
2024141521601,2024,141521601,436508,404818,-1.4506,53.53875,3,3,3,17:00,-1,E08000016,6,0,1,0,1,19,3,7,0,0,0,1,0,0,0,0,1,10,15
2024141521609,2024,141521609,445171,387774,-1.32234,53.38489,2,2,3,12:00,-1,E08000018,3,0,1,0,2,19,1,5,0,0,0,1,0,0,0,0,0,11,26
2024141521621,2024,141521621,433917,386882,-1.49163,53.37771,2,2,3,16:10,-1,E08000019,4,0,1,0,1,"[6, 19]","[5, 2]","[5, 6]",0,0,0,1,1,0,0,0,0,10,15
2024141521666,2024,141521666,469053,413091,-0.95778,53.60983,3,3,4,19:18,-1,E08000017,6,2,1,1,1,"[3, -1]","[1, -1]","[5, -1]",0,0,0,1,0,0,0,0,0,10,16
2024141521683,2024,141521683,453919,398938,-1.18892,53.48441,3,3,3,07:00,-1,E08000017,4,2,8,2,1,19,4,"[6, 2]",0,0,0,1,0,0,0,0,0,11,26
2024141521737,2024,141521737,453319,387138,-1.19996,53.37841,2,"[3, 2]",3,08:15,-1,E08000018,4,0,1,0,2,19,"[3, 7]","[7, 3]",0,0,0,1,0,0,0,0,0,11,26
2024141521760,2024,141521760,435573,396212,-1.46568,53.46146,3,3,3,16:02,-1,E08000019,3,0,1,0,1,19,5,1,0,0,0,1,0,0,0,0,1,11,26
2024141521768,2024,141521768,438982,403662,-1.41342,53.52818,3,3,2,16:30,-1,E08000016,6,2,1,0,1,19,"[6, 4]","[2, 4]",0,"[0, -1]",0,0,0,0,0,1,1,11,25
2024141521852,2024,141521852,460704,401630,-1.08617,53.50786,3,3,3,19:31,-1,E08000017,3,2,1,0,1,"[9, 19, 7]","[5, 7, 3]","[5, 3]",0,0,0,1,0,0,0,0,0,11,26
2024141521961,2024,141521961,445147,393951,-1.32182,53.44041,3,3,4,07:25,-1,E08000018,3,2,2,1,1,"[19, 9]","[1, 3]","[5, 1]",0,0,0,1,0,0,0,0,0,11,27
2024141521970,2024,141521970,436993,390609,-1.44495,53.411,2,2,4,21:20,-1,E08000019,6,2,2,1,1,19,-1,-1,0,0,0,1,0,0,0,0,1,10,16
2024141522078,2024,141522078,435481,400483,-1.46659,53.49985,3,3,3,14:00,-1,E08000016,6,0,1,0,1,1,-1,-1,0,0,0,1,0,0,0,0,1,10,29
2024141522153,2024,141522153,434697,386450,-1.47995,53.37378,3,3,4,09:25,-1,E08000019,3,0,1,0,1,"[19, -1]","[7, -1]","[3, -1]","[0, -1]","[0, -1]",0,1,0,0,1,0,0,10,16
2024141522420,2024,141522420,435707,407919,-1.46234,53.56667,3,3,4,21:44,-1,E08000016,6,2,8,1,1,19,"[7, 1]","[7, 5]","[0, 1]",0,0,1,0,0,0,0,0,11,27
2024141522513,2024,141522513,462962,399519,-1.05255,53.48863,3,3,3,14:35,-1,E08000017,3,0,1,0,2,"[3, 19]",1,5,0,0,0,1,0,0,1,0,0,10,15
2024141522520,2024,141522520,430738,393374,-1.53878,53.43625,3,3,6,10:30,-1,E08000019,6,0,1,0,2,"[4, 19]",6,1,0,0,0,1,0,0,0,0,0,10,18
2024141522599,2024,141522599,433662,389355,-1.4952,53.39995,3,3,4,16:20,-1,E08000019,6,0,2,1,1,7,2,7,0,0,0,0,0,0,1,0,1,10,16
2024141522600,2024,141522600,438200,384651,-1.42752,53.35737,3,3,7,13:52,-1,E08000019,3,0,1,0,1,"[19, 3]",5,1,0,0,0,1,0,0,1,0,0,10,19
2024141522634,2024,141522634,443352,392474,-1.34904,53.42728,3,3,7,19:15,-1,E08000018,3,2,1,0,1,"[13, 19]","[2, 4]","[6, 8]",0,0,0,1,0,0,0,0,0,10,19
2024141522663,2024,141522663,443043,390078,-1.35402,53.40577,3,3,5,10:40,-1,E08000018,6,0,1,1,1,"[7, 19]",4,8,"[10, 0]","[7, 0]",0,1,0,0,0,0,0,11,28
2024141522707,2024,141522707,439401,400995,-1.40743,53.50418,3,3,1,18:45,-1,E08000016,4,2,4,1,2,-1,-1,-1,-1,-1,0,1,0,0,0,0,1,10,20
2024141522919,2024,141522919,465124,408113,-1.01819,53.5656,2,2,5,17:15,-1,E08000017,3,2,1,2,1,"[3, 19]",1,5,0,0,0,1,0,0,0,0,0,11,28
2024141522954,2024,141522954,436226,388074,-1.45678,53.38827,3,3,5,19:52,-1,E08000019,4,2,8,1,1,19,6,2,0,7,0,0,0,1,0,0,0,11,28
2024141523070,2024,141523070,435219,388324,-1.47189,53.39059,3,3,6,06:00,-1,E08000019,4,2,1,1,1,"[2, 19]","[0, 3]","[0, 7]","[0, 4]","[0, 1]",0,1,0,0,0,0,0,11,29
2024141523071,2024,141523071,457321,403045,-1.13691,53.52096,3,3,6,08:00,-1,E08000017,3,0,1,1,1,19,1,5,0,0,0,1,0,0,0,0,1,11,29
2024141523089,2024,141523089,439813,390810,-1.40251,53.4126,3,3,5,09:48,-1,E08000019,3,2,1,0,1,"[4, 2]",5,1,0,0,0,1,0,0,1,0,0,11,28
2024141523091,2024,141523091,454127,398121,-1.18593,53.47704,3,3,5,18:03,-1,E08000017,6,2,1,0,1,"[19, 2]","[5, 0, 1]","[1, 0, 5]",0,0,0,1,0,0,0,0,0,11,28
2024141523298,2024,141523298,435477,386335,-1.46824,53.37269,3,3,6,13:01,-1,E08000019,6,0,1,1,1,"[19, 7]","[5, 7, 3]","[1, 5]",0,0,0,1,0,0,0,0,0,11,29
2024141523434,2024,141523434,440324,384472,-1.39563,53.3556,2,"[3, 2]",6,19:00,-1,E08000019,4,2,1,0,2,"[9, 19]","[6, 3]","[3, 8]",0,0,0,1,0,0,0,0,0,11,29
2024141523452,2024,141523452,441326,409017,-1.37736,53.57613,3,3,6,19:05,-1,E08000016,6,2,2,1,2,"[4, 19]","[7, 2]","[3, 6]",0,0,0,1,0,0,0,0,0,11,29
2024141523498,2024,141523498,435842,386526,-1.46273,53.37438,1,1,6,19:23,-1,E08000019,3,2,1,0,1,19,8,5,0,0,0,1,0,0,0,0,1,11,29
2024141523720,2024,141523720,457509,403550,-1.13399,53.52548,2,2,7,15:03,-1,E08000017,3,2,1,1,1,19,3,7,0,0,0,1,0,0,0,0,1,11,30
2024141523888,2024,141523888,453194,408205,-1.19828,53.56777,2,2,7,23:45,-1,E08000017,6,2,1,1,1,"[19, 4]","[1, 6]","[4, 1]",0,0,0,1,0,1,0,0,0,11,30
2024141523892,2024,141523892,435163,381152,-1.47353,53.32613,2,2,1,06:20,-1,E08000019,3,2,2,1,2,19,5,4,7,0,0,1,0,0,0,0,0,12,1
2024141523965,2024,141523965,434965,387255,-1.47583,53.38099,3,3,7,19:45,-1,E08000019,6,2,1,0,1,19,1,5,0,0,0,1,0,0,0,0,1,11,30
2024141524020,2024,141524020,434125,404489,-1.48659,53.53595,2,"[3, 2]",1,13:42,-1,E08000016,6,0,2,1,2,19,"[3, 7]","[7, 3]",0,"[0, 1]",0,1,0,0,0,0,0,12,1
2024141524315,2024,141524315,457032,388128,-1.14397,53.38692,2,2,1,16:05,-1,E08000018,4,2,1,1,2,19,3,7,0,7,4,1,0,0,0,0,0,12,1
2024141524450,2024,141524450,434642,391346,-1.48024,53.41779,3,3,2,08:34,-1,E08000019,6,0,2,1,1,19,8,4,0,0,0,1,0,0,0,0,1,12,2
2024141524488,2024,141524488,462582,407688,-1.05665,53.56209,2,"[2, 3]",1,22:23,-1,E08000017,6,0,8,1,2,"[19, 9]","[5, 7]","[8, 5]",0,0,0,1,0,0,0,0,0,12,1
2024141524590,2024,141524590,437131,406541,-1.441,53.55419,2,2,7,16:05,-1,E08000016,3,0,1,0,1,"[13, 7, 19]","[4, 5, 1]","[1, 7, 4]",0,0,0,1,0,1,0,0,0,11,30
2024141524634,2024,141524634,446705,400502,-1.29739,53.49915,3,3,3,02:40,-1,E08000017,6,2,1,1,1,"[19, 2]","[6, 0]","[2, 0]","[4, 0]",0,0,1,0,0,0,0,0,12,3
2024141524719,2024,141524719,441075,392778,-1.38327,53.4302,3,3,7,16:20,-1,E08000018,6,0,1,0,1,"[1, 2]","[3, 0]","[7, 0]",0,0,0,1,0,0,0,0,0,10,19
2024141525026,2024,141525026,437886,391327,-1.43143,53.41739,3,3,2,15:50,-1,E08000019,6,0,1,0,1,19,"[3, 8]","[6, 4]",0,0,0,1,0,0,0,0,0,12,2
2024141525080,2024,141525080,440943,408660,-1.38319,53.57295,3,3,3,16:45,-1,E08000016,6,2,1,1,2,"[5, 19]","[5, 1]","[1, 7]",0,0,0,1,0,0,0,0,0,12,3
2024141525142,2024,141525142,459639,404147,-1.10175,53.5306,3,3,3,17:05,-1,E08000017,6,2,1,0,1,"[9, 19]","[2, 5]","[8, 2]",0,"[1, 0]",0,1,0,1,0,0,0,12,3
2024141525171,2024,141525171,440664,383277,-1.39067,53.34483,3,3,3,20:57,-1,E08000019,6,2,1,0,1,"[9, 19]","[2, 7]","[7, 3]",0,0,0,1,0,0,0,0,0,12,3
2024141525368,2024,141525368,436512,390639,-1.45219,53.41131,3,3,4,07:18,-1,E08000019,3,0,1,0,1,"[9, 19]","[3, 1]","[1, 5]",0,0,0,1,0,0,0,0,0,12,4
2024141525398,2024,141525398,441510,389750,-1.37712,53.40295,2,2,4,08:05,-1,E08000018,6,0,2,1,1,19,5,1,0,0,0,1,0,0,0,0,1,12,4
2024141525415,2024,141525415,425390,399479,-1.61879,53.49141,3,3,5,19:30,-1,E08000016,4,2,1,0,2,"[3, 19]",5,"[8, -1]",0,0,0,1,0,0,0,0,0,10,24
2024141525463,2024,141525463,444481,398969,-1.33114,53.48556,3,3,6,05:10,-1,E08000018,3,2,1,0,1,"[19, 13]",6,2,0,0,0,0,1,0,1,0,0,10,25
2024141525539,2024,141525539,444900,399293,-1.32478,53.48844,3,3,4,07:20,-1,E08000018,3,2,1,1,1,"[19, 12]","[1, 7]","[2, 1]",0,0,0,1,0,0,0,0,0,12,4
2024141525593,2024,141525593,436521,392467,-1.45184,53.42774,3,3,4,12:41,-1,E08000019,6,0,1,1,1,"[19, 2]","[4, 0]","[8, 0]","[4, 0]","[1, 0]","[11, 0]",1,0,0,0,0,0,12,4