collision_index,collision_year,collision_ref_no,location_easting_osgr,location_northing_osgr,longitude,latitude,casualty_severity,casualty_severity,day_of_week,time,local_authority_district,local_authority_ons_district,first_road_class,light_conditions,weather_conditions,road_surface_conditions,urban_or_rural_area,vehicle_manoeuvre,vehicle_direction_from,vehicle_direction_to,hit_object_in_carriageway,vehicle_leaving_carriageway,hit_object_off_carriageway,is_car,is_cyle,is_mcyle,is_goodsv,is_other,is_pedestrian,month,day
2024141525625,2024,141525625,457962,403865,-1.12709,53.52826,3,3,6,18:40,-1,E08000017,6,2,1,0,1,"[9, 19]","[2, 5]","[7, 2]",0,0,0,1,1,0,0,0,0,11,29
2024141525642,2024,141525642,434537,396235,-1.48128,53.46174,3,3,4,13:55,-1,E08000019,4,0,1,1,1,"[19, 2]","[7, 2, 0]","[3, 7, 0]","[0, 4]",0,0,1,0,0,0,0,0,12,4
2024141525793,2024,141525793,435459,396324,-1.46739,53.46247,2,2,4,18:11,-1,E08000019,6,2,2,1,1,19,4,8,0,0,0,1,0,0,0,0,1,12,4
2024141525812,2024,141525812,433959,386589,-1.49103,53.37507,3,3,3,17:31,-1,E08000019,6,2,1,0,1,19,"[6, 4]","[2, 8]","[11, 0]",0,0,1,1,0,0,0,0,12,3
2024141525818,2024,141525818,461966,407694,-1.06594,53.56221,2,"[3, 2]",2,16:44,-1,E08000017,6,2,1,1,1,"[8, 19]","[1, 4]","[4, 7]",0,0,0,1,0,0,0,0,0,12,2
2024141525833,2024,141525833,442295,392724,-1.36491,53.42961,3,3,4,22:35,-1,E08000018,6,2,1,0,1,19,"[3, 1]","[7, 5]",0,0,0,1,1,0,0,0,0,12,4
2024141525985,2024,141525985,436081,388617,-1.4589,53.39316,3,3,7,14:33,-1,E08000019,3,0,1,0,1,"[19, 4]",1,5,0,0,0,1,0,0,0,0,0,10,26
2024141526327,2024,141526327,454090,403628,-1.18554,53.52654,3,3,5,19:00,-1,E08000017,2,2,2,1,2,19,4,8,0,1,0,1,0,0,0,0,0,12,5
2024141526328,2024,141526328,433846,403256,-1.49094,53.52489,3,3,4,22:20,-1,E08000016,1,2,1,0,2,19,8,4,0,"[1, 0]","[6, 0]",1,0,0,0,0,0,11,27
2024141526357,2024,141526357,434181,386220,-1.48773,53.37174,2,2,5,19:10,-1,E08000019,3,2,2,1,1,"[19, 9]","[6, 3]","[2, 8]",0,0,0,1,0,0,0,0,0,12,5
2024141526361,2024,141526361,445493,400531,-1.31566,53.49952,2,2,3,11:24,-1,E08000018,6,0,1,0,1,7,1,"[5, 7]",0,"[1, 2]",0,1,0,1,0,0,0,12,3
2024141526675,2024,141526675,440836,408929,-1.38477,53.57538,3,3,6,12:00,-1,E08000016,6,0,1,0,2,"[9, 19]","[8, 3]","[6, 7]",0,0,0,1,0,0,0,0,0,12,6
2024141526699,2024,141526699,445218,391527,-1.3211,53.41861,3,3,5,19:00,-1,E08000018,3,2,5,1,1,4,7,3,0,1,0,1,0,0,0,0,1,12,5
2024141526770,2024,141526770,440260,390656,-1.3958,53.41119,3,3,6,15:33,-1,E08000019,3,0,2,1,1,"[19, 10]","[5, 7]","[8, 4]",0,0,0,1,0,0,0,0,0,12,6
2024141526778,2024,141526778,446408,400391,-1.30189,53.49818,2,2,6,15:15,-1,E08000017,6,0,1,1,1,"[2, 3, 13]","[0, 5]","[0, 1]","[0, 4]",0,0,1,0,1,0,0,0,12,6
2024141526779,2024,141526779,435267,385800,-1.47145,53.3679,3,3,6,16:40,-1,E08000019,3,2,1,1,1,9,7,5,0,0,0,1,0,0,0,0,1,12,6
2024141526834,2024,141526834,416300,404482,-1.75553,53.53674,3,3,6,17:38,-1,E08000016,6,2,5,1,2,-1,7,3,0,0,0,1,0,0,0,0,0,12,6
2024141526895,2024,141526895,462392,397740,-1.06149,53.4727,3,3,6,12:28,-1,E08000017,4,0,1,0,1,"[9, 19]","[1, 5]","[7, 1]",0,0,0,1,1,0,0,0,0,12,6
2024141526925,2024,141526925,435554,386623,-1.46705,53.37527,2,2,6,22:40,-1,E08000019,3,2,5,1,1,19,5,2,0,0,0,1,0,0,0,0,1,12,6
2024141526956,2024,141526956,434406,409429,-1.48181,53.58033,3,3,7,00:05,-1,E08000016,3,2,5,1,1,19,"[4, 8]","[8, 4]",0,0,0,1,0,0,0,0,0,12,7
2024141527041,2024,141527041,463184,399254,-1.04926,53.48622,3,3,6,11:34,-1,E08000017,3,0,1,0,2,19,2,2,0,0,0,1,0,0,0,0,0,12,6
2024141527042,2024,141527042,452788,393023,-1.20696,53.43136,2,"[3, 2]",7,09:50,-1,E08000018,4,0,5,1,1,"[9, 19, 8]","[1, 5, 7]","[7, 1]",0,0,0,1,0,0,0,0,0,12,7
2024141527135,2024,141527135,434726,392329,-1.47887,53.42662,2,2,7,14:10,-1,E08000019,6,0,8,1,1,"[2, 19]","[0, 5]","[0, 1]",0,0,0,1,0,0,0,0,1,12,7
2024141527148,2024,141527148,433485,393011,-1.49747,53.43283,3,3,7,14:00,-1,E08000019,6,0,4,1,1,"[19, 9]","[1, 3]","[6, 1]",0,0,0,1,0,0,0,0,0,12,7
2024141527154,2024,141527154,445146,392826,-1.32199,53.4303,2,2,7,16:39,-1,E08000018,3,2,5,1,1,19,1,5,0,0,0,1,0,0,0,0,1,12,7
2024141527327,2024,141527327,434959,387241,-1.47592,53.38087,3,3,1,02:35,-1,E08000019,6,2,5,0,1,9,1,6,0,0,0,1,0,0,0,0,1,12,8
2024141527388,2024,141527388,449738,383541,-1.25435,53.34643,3,3,1,13:00,-1,E08000018,6,0,5,1,2,19,"[5, 1]","[1, 5]",0,0,0,1,0,0,0,0,0,12,8
2024141527391,2024,141527391,454743,400938,-1.17616,53.5023,3,3,1,14:06,-1,E08000017,2,0,2,1,1,19,5,1,0,2,11,1,0,0,0,0,0,12,8
2024141527413,2024,141527413,435223,406354,-1.46982,53.55264,3,3,7,17:13,-1,E08000016,6,2,4,1,1,19,3,7,0,0,0,1,0,0,0,0,1,12,7
2024141527414,2024,141527414,444587,392801,-1.33041,53.43012,3,3,1,15:05,-1,E08000018,6,0,2,1,1,19,"[-1, 3]","[-1, 7]",0,0,0,1,0,0,0,0,0,12,8
2024141527421,2024,141527421,442551,404386,-1.35949,53.53441,3,3,1,15:40,-1,E08000016,3,2,2,1,1,19,3,7,0,6,11,1,0,0,0,0,0,12,8
2024141527463,2024,141527463,438733,385851,-1.41936,53.36811,3,3,1,18:30,-1,E08000019,6,2,2,1,1,"[19, 9]","[5, 2]","[1, 8]",0,0,0,1,0,0,0,0,0,12,8
2024141527515,2024,141527515,443673,395287,-1.34382,53.45254,3,3,1,21:41,-1,E08000018,3,2,1,0,1,"[7, 4]",5,"[7, 8, 1]",0,0,0,1,0,0,1,0,0,12,8
2024141527538,2024,141527538,455778,403312,-1.16014,53.52352,3,3,2,04:38,-1,E08000017,6,2,2,1,1,"[2, 19]","[0, 6]","[0, 2]","[0, 4]",0,0,1,0,0,0,0,0,12,9
2024141527714,2024,141527714,449412,399348,-1.25677,53.48853,2,2,2,10:00,-1,E08000017,6,0,1,0,1,"[9, 4, 19]","[6, 5]","[3, 2]",0,"[0, 1]","[0, 11]",1,0,0,0,0,0,12,9
2024141527934,2024,141527934,432300,387157,-1.5159,53.38028,3,3,2,17:52,-1,E08000019,6,2,2,1,1,19,2,6,0,0,0,1,0,0,0,0,1,12,9
2024141527992,2024,141527992,462774,405152,-1.05426,53.53927,2,2,2,15:23,-1,E08000017,6,0,1,0,1,19,"[6, 1]","[1, 5]",0,0,0,1,0,0,0,0,0,12,9
2024141528023,2024,141528023,435535,389217,-1.46704,53.39859,2,2,3,01:18,-1,E08000019,6,2,1,1,1,"[6, 19]",6,2,0,"[0, 7]",0,1,0,0,0,0,0,12,10
2024141528051,2024,141528051,431065,386972,-1.53449,53.37869,3,3,3,05:07,-1,E08000019,6,2,1,1,1,"[2, 15]","[0, 7]","[0, 3]","[4, 0]","[0, 7]","[0, 10]",1,0,0,0,0,0,12,10
2024141528194,2024,141528194,449452,399712,-1.25611,53.4918,2,2,6,17:30,-1,E08000017,3,2,1,0,1,19,8,"[4, 5]",0,0,0,1,1,0,0,0,0,10,11
2024141528309,2024,141528309,435185,388406,-1.4724,53.39132,3,3,3,09:30,-1,E08000019,4,0,1,0,1,19,8,4,0,0,0,1,1,0,0,0,0,10,29
2024141528314,2024,141528314,449901,402254,-1.24894,53.5146,3,3,3,10:01,-1,E08000017,6,0,1,0,2,19,"[4, 1]","[8, 4]",0,0,0,1,1,0,0,0,0,12,10
2024141528465,2024,141528465,438361,408763,-1.42216,53.57407,3,3,3,16:23,-1,E08000016,6,2,1,0,1,"[19, 13]","[1, 5]","[5, 1]",0,0,0,1,0,0,0,0,0,12,10
2024141528899,2024,141528899,435123,391968,-1.47293,53.42334,2,2,3,16:15,-1,E08000019,6,2,1,0,1,19,"[8, 4]","[4, 8]",0,0,0,1,0,0,0,0,0,12,10
2024141529255,2024,141529255,447842,391943,-1.28156,53.42212,2,2,5,09:14,-1,E08000018,6,0,2,1,1,19,8,4,0,0,0,1,0,0,0,0,1,12,12
2024141529298,2024,141529298,434435,387352,-1.48379,53.3819,3,3,5,13:31,-1,E08000019,4,0,2,1,1,"[19, 5]","[1, 2]","[7, 6]",0,0,0,1,0,0,0,0,0,12,12
2024141529357,2024,141529357,436530,386457,-1.4524,53.37372,3,3,5,14:00,-1,E08000019,3,0,1,1,1,"[2, 19]","[0, 7]","[0, 3]",0,0,0,1,0,0,0,0,0,12,12
2024141529363,2024,141529363,454685,401206,-1.17699,53.50471,3,3,5,09:00,-1,E08000017,2,0,2,1,2,19,1,5,0,0,0,1,0,0,0,0,0,12,12
2024141529367,2024,141529367,441151,386310,-1.38296,53.37206,3,3,2,17:15,-1,E08000019,4,0,1,0,1,"[19, 13]","[7, 6]",2,0,0,0,1,0,0,0,0,0,12,9
2024141529487,2024,141529487,443935,393536,-1.34012,53.43678,2,2,5,23:01,-1,E08000018,6,2,2,1,1,19,"[5, 1]","[4, 5]",0,0,0,0,1,0,1,0,0,12,12
2024141529638,2024,141529638,462806,404701,-1.05386,53.53522,2,2,5,20:45,-1,E08000017,6,2,1,0,1,19,"[3, 2]","[7, 2]",0,0,0,1,0,1,0,0,0,12,12
2024141529718,2024,141529718,457769,403392,-1.13009,53.52403,3,3,6,10:56,-1,E08000017,6,0,1,1,1,"[5, 9]","[2, 6]","[6, 4]",0,0,0,1,0,0,0,0,0,12,13
2024141529756,2024,141529756,441161,384775,-1.38301,53.35826,2,2,6,12:30,-1,E08000019,5,0,9,0,1,19,"[6, 2]","[2, 6]",0,0,0,1,0,0,0,0,0,12,13
2024141529799,2024,141529799,439040,386623,-1.41465,53.37503,3,3,5,18:07,-1,E08000019,3,2,1,1,1,"[3, 5]","[1, 3]","[5, 7]",0,0,0,1,0,0,1,0,0,12,12
2024141529925,2024,141529925,441883,401812,-1.36991,53.51133,3,3,6,21:55,-1,E08000018,6,2,1,1,1,"[19, 9]","[3, 5]","[7, 1]",0,0,0,1,0,0,0,0,0,12,13
2024141529970,2024,141529970,432461,393428,-1.51284,53.43664,3,3,7,06:00,-1,E08000019,6,0,1,0,2,19,"[1, 8]","[5, 3]",0,0,0,1,0,0,1,0,0,12,14
2024141530071,2024,141530071,433513,385434,-1.49785,53.36472,3,3,7,14:23,-1,E08000019,6,0,1,0,1,"[9, 19]",1,"[1, 5]",0,0,0,1,1,0,0,0,0,12,14
2024141530075,2024,141530075,468684,413274,-0.96331,53.61153,2,2,7,12:59,-1,E08000017,6,0,1,0,1,14,3,7,0,0,0,1,0,0,0,0,1,12,14
2024141530179,2024,141530179,466926,409386,-0.99071,53.57681,3,3,7,02:40,-1,E08000017,1,2,2,1,1,19,5,1,0,"[5, 0]",0,1,0,0,1,0,0,12,14
2024141530180,2024,141530180,449496,388606,-1.25719,53.39198,3,3,7,19:29,-1,E08000018,4,2,1,0,2,9,5,7,0,0,0,1,0,0,0,0,1,12,14
2024141530240,2024,141530240,444097,406015,-1.33593,53.54892,3,3,7,21:30,-1,E08000016,6,2,1,0,2,19,5,1,0,0,0,1,0,0,0,0,1,12,14
2024141530369,2024,141530369,459862,405736,-1.09808,53.54486,3,3,1,12:15,-1,E08000017,3,0,1,0,1,"[7, 19]","[4, 7]","[7, 3]",0,0,0,1,1,0,0,0,0,12,15
2024141530503,2024,141530503,444040,389790,-1.33906,53.4031,2,"[3, 2]",1,18:56,-1,E08000018,6,2,1,0,2,"[19, 15]",1,5,0,"[0, 7]","[0, 9]",1,0,0,0,0,0,12,15
2024141530504,2024,141530504,435657,386513,-1.46551,53.37428,3,3,1,17:50,-1,E08000019,3,2,1,0,1,19,"[6, 3]","[2, 8]",0,0,0,1,0,0,0,0,0,12,15
2024141530505,2024,141530505,452582,409187,-1.20735,53.57665,3,3,1,04:05,-1,E08000017,3,2,1,0,2,19,8,4,10,2,4,1,0,0,0,0,0,12,15
2024141530522,2024,141530522,436615,386741,-1.45109,53.37626,3,3,1,20:50,-1,E08000019,6,2,1,0,1,"[9, 19]","[3, 8]","[8, 4]",0,0,0,1,0,0,0,0,0,12,15
2024141530646,2024,141530646,456446,398319,-1.15096,53.47858,3,3,6,13:30,-1,E08000017,1,0,1,0,2,19,6,1,0,0,0,1,0,0,0,0,0,12,6
2024141530825,2024,141530825,435826,387473,-1.46286,53.3829,3,3,2,13:20,-1,E08000019,6,0,1,0,1,19,3,7,0,0,0,1,0,0,0,0,1,12,16
2024141530886,2024,141530886,465207,405739,-1.01743,53.54425,3,3,5,14:20,-1,E08000017,1,0,1,1,2,19,5,1,0,0,0,1,0,0,0,0,0,12,12
2024141530980,2024,141530980,451794,408247,-1.21941,53.56828,2,2,2,20:19,-1,E08000017,6,2,1,1,2,19,1,5,0,0,0,1,0,0,0,0,1,12,16
2024141530982,2024,141530982,438022,386797,-1.42993,53.37667,3,3,7,12:30,-1,E08000019,6,0,1,0,1,19,4,8,0,0,0,1,0,0,0,0,1,10,5
2024141531008,2024,141531008,429228,386285,-1.56216,53.37262,2,2,2,23:40,-1,E08000019,6,2,1,0,1,19,2,7,0,8,2,1,0,0,0,0,0,12,16
2024141531047,2024,141531047,442487,382901,-1.36334,53.34131,3,3,2,10:47,-1,E08000019,6,0,1,0,1,"[7, 19]","[3, 1]",5,0,0,0,1,0,0,0,0,0,12,16
2024141531130,2024,141531130,440752,404371,-1.38663,53.53442,3,3,3,09:10,-1,E08000016,6,0,1,0,1,19,1,7,0,0,0,1,0,0,0,0,1,12,17
2024141531255,2024,141531255,439207,391307,-1.41156,53.41712,3,3,3,14:10,-1,E08000019,3,0,1,0,1,"[19, 4]",1,6,0,0,0,1,0,0,0,0,0,11,5
2024141531304,2024,141531304,437397,407150,-1.43691,53.55964,3,3,6,12:00,-1,E08000016,3,0,1,0,1,"[2, 19]","[0, 1]","[0, 6]",0,0,0,1,0,0,0,0,0,10,25
2024141531444,2024,141531444,433907,406285,-1.48969,53.55211,2,2,3,20:52,-1,E08000016,3,2,2,1,1,19,3,7,0,0,0,1,0,0,0,0,1,12,17
2024141531452,2024,141531452,451506,409667,-1.22352,53.58107,3,3,3,18:34,-1,E08000017,3,2,5,1,2,"[19, 6]","[8, 4]","[4, 8]",0,0,0,1,0,0,0,0,0,12,17
2024141531463,2024,141531463,435226,396267,-1.4709,53.46198,3,3,3,19:13,-1,E08000019,4,2,1,1,1,19,1,5,0,0,0,1,0,0,0,0,1,12,17
2024141531468,2024,141531468,435114,381348,-1.47424,53.32789,2,2,3,16:54,-1,E08000019,3,2,1,0,1,"[7, 19]",1,"[3, 5]",0,0,0,1,1,0,0,0,0,12,17
2024141531474,2024,141531474,427397,398390,-1.58863,53.48152,3,3,3,18:07,-1,E08000019,4,2,2,1,1,9,7,4,0,0,0,1,0,0,0,0,1,12,17
2024141531484,2024,141531484,451928,383871,-1.2214,53.34919,3,3,3,19:56,-1,E08000018,3,2,1,0,1,"[19, 9]","[7, 3]","[3, 7]",0,0,0,1,0,0,0,0,0,12,17
2024141531503,2024,141531503,455008,409247,-1.17071,53.57694,3,3,3,17:00,-1,E08000017,6,2,2,1,1,"[19, 8, 9]","[3, 1]","[7, 3]",0,0,0,1,0,0,0,0,0,12,17
2024141531552,2024,141531552,455683,399706,-1.16221,53.49112,3,3,3,17:07,-1,E08000017,2,2,2,1,2,"[4, 19]",8,4,0,"[2, 0]",0,1,0,0,0,0,0,12,17
2024141531783,2024,141531783,456506,400312,-1.1497,53.49648,3,3,4,11:27,-1,E08000017,6,0,1,1,1,9,5,3,0,0,0,1,0,0,0,0,1,12,18
2024141531973,2024,141531973,445143,393942,-1.32188,53.44033,2,2,4,17:51,-1,E08000018,3,2,2,1,1,"[19, 9]","[5, 3]","[3, 1]",0,0,0,1,0,1,0,0,0,12,18
2024141531977,2024,141531977,444634,396979,-1.32911,53.46767,3,3,4,19:00,-1,E08000018,6,2,2,1,1,19,3,7,0,0,0,1,0,0,0,0,1,12,18
2024141531992,2024,141531992,453513,392433,-1.19615,53.42598,2,2,4,19:00,-1,E08000018,4,2,2,1,1,19,5,1,0,0,0,1,0,0,0,0,1,12,18
2024141532002,2024,141532002,434768,393385,-1.47812,53.4361,2,2,4,19:05,-1,E08000019,6,2,2,1,1,"[2, 19]","[0, 1]","[0, 5]",0,0,0,1,0,0,0,0,0,12,18
2024141532006,2024,141532006,424386,403706,-1.63359,53.52945,3,3,4,15:15,-1,E08000016,3,0,1,1,1,19,8,4,0,0,0,1,0,0,0,0,1,12,18
2024141532018,2024,141532018,431057,408043,-1.53253,53.56808,2,"[2, 3]",4,20:47,-1,E08000016,3,2,2,1,1,"[2, 19]","[0, 5]","[0, 1]","[0, 4]",0,0,1,0,0,0,0,0,12,18
2024141532077,2024,141532077,451219,404980,-1.22862,53.53898,2,"[3, 2]",5,04:18,-1,E08000017,6,2,1,0,2,19,"[5, 1]","[1, 5]",0,0,0,1,0,0,0,0,0,12,19
2024141532100,2024,141532100,434461,388378,-1.48329,53.39112,3,3,4,09:35,-1,E08000019,6,0,2,1,1,"[19, 9]","[8, 6]","[4, 3]",0,0,0,1,0,0,0,0,0,12,18
2024141532201,2024,141532201,455873,400656,-1.15918,53.49964,3,3,5,08:24,-1,E08000017,6,0,1,0,1,"[19, 4]",5,1,0,0,0,1,0,0,0,0,0,12,19
2024141532209,2024,141532209,455787,412222,-1.15841,53.6036,2,2,5,07:26,-1,E08000017,3,2,1,1,2,"[13, 19]","[6, 5]",1,0,"[1, 0]",0,1,0,0,0,0,0,12,19
2024141532266,2024,141532266,451230,386389,-1.23148,53.37189,2,"[3, 2]",5,09:30,-1,E08000018,6,0,4,0,2,"[9, 19]","[4, 2]","[2, 6]",0,0,0,1,0,0,0,0,0,12,19
2024141532288,2024,141532288,436744,392086,-1.44853,53.4243,2,2,5,10:05,-1,E08000019,6,0,8,0,1,"[4, 9]","[7, 3]",1,0,0,0,1,0,0,0,0,0,12,19
2024141532290,2024,141532290,447850,391896,-1.28144,53.4217,3,3,7,14:45,-1,E08000018,6,0,1,0,1,"[19, 3]",7,2,0,0,0,1,0,0,0,0,0,11,9
2024141532515,2024,141532515,435360,396444,-1.46887,53.46356,3,3,5,18:31,-1,E08000019,6,2,1,0,1,"[7, 19]","[8, 2]","[2, 6]",0,0,0,1,1,0,0,0,0,12,19
2024141532679,2024,141532679,434683,388235,-1.47996,53.38982,3,3,6,08:03,-1,E08000019,6,0,1,0,1,"[9, 19]","[8, 4]","[2, 3]",0,0,0,1,1,0,0,0,0,12,20
2024141532699,2024,141532699,459892,393758,-1.09991,53.43721,3,3,5,10:58,-1,E08000017,2,0,1,0,2,"[19, 2]","[5, 1]","[1, 5]",0,0,0,1,0,0,0,0,0,12,19
2024141532759,2024,141532759,434700,387912,-1.47974,53.38692,3,3,7,02:29,-1,E08000019,3,0,2,1,1,19,6,2,"[0, 4]",0,0,1,0,0,0,0,0,11,23
2024141533104,2024,141533104,432736,390228,-1.50903,53.40786,2,2,6,20:14,-1,E08000019,6,2,8,1,1,14,1,5,0,0,0,1,0,0,0,0,1,12,20
2024141533134,2024,141533134,435028,384830,-1.47515,53.35919,2,2,6,23:15,-1,E08000019,3,2,1,1,1,19,5,1,0,7,11,1,0,0,0,0,0,12,20
2024141533152,2024,141533152,449100,389820,-1.26296,53.40293,3,3,7,01:00,-1,E08000018,1,2,1,0,2,19,2,6,0,0,0,1,0,0,0,0,0,12,21
2024141533167,2024,141533167,434788,386496,-1.47858,53.37418,3,3,7,02:30,-1,E08000019,6,2,1,0,1,19,3,3,0,0,0,1,0,0,0,0,0,12,21
2024141533254,2024,141533254,434768,386452,-1.47888,53.37379,3,3,7,07:00,-1,E08000019,3,2,2,1,1,19,4,8,0,0,0,1,0,0,0,0,0,12,21
2024141533298,2024,141533298,459217,402918,-1.10834,53.51961,2,2,7,11:05,-1,E08000017,3,0,8,0,1,5,6,2,10,0,0,1,0,0,0,0,0,12,21
2024141533335,2024,141533335,431985,391790,-1.52017,53.42194,1,"[3, 1]",7,14:38,-1,E08000019,3,0,1,1,1,"[3, 19]","[6, 4]","[4, 8]",0,"[0, 1]","[0, 11]",1,0,0,0,0,0,12,21
2024141533369,2024,141533369,435660,395163,-1.46449,53.45203,3,3,7,17:30,-1,E08000019,3,2,4,1,2,19,5,1,0,7,0,1,0,0,0,0,0,12,21
2024141533376,2024,141533376,434666,405620,-1.47831,53.54608,3,3,6,15:10,-1,E08000016,3,0,1,0,1,"[4, 19]",3,"[6, 7]",0,0,0,1,0,0,0,0,0,12,20
2024141533412,2024,141533412,444122,399331,-1.33649,53.48885,3,3,7,18:57,-1,E08000018,6,2,4,1,1,"[19, 2]","[3, 7, 0]","[7, 3, 0]",0,0,0,1,0,0,0,0,0,12,21
2024141533447,2024,141533447,434109,407103,-1.48655,53.55945,3,3,6,21:41,-1,E08000016,3,2,5,1,1,19,1,5,0,0,0,1,0,0,0,0,1,12,20
2024141533522,2024,141533522,434964,387245,-1.47585,53.3809,2,2,1,02:30,-1,E08000019,6,2,5,1,1,19,3,7,0,0,0,1,0,0,0,0,1,12,22
2024141533555,2024,141533555,434320,406628,-1.48342,53.55516,2,2,1,05:47,-1,E08000016,6,2,5,1,1,19,1,5,0,0,0,1,0,0,0,0,0,12,22
2024141533630,2024,141533630,438827,384701,-1.41809,53.35777,2,2,1,08:22,-1,E08000019,3,0,5,1,1,9,3,7,0,0,0,1,0,0,0,0,0,12,22
2024141533697,2024,141533697,435947,403727,-1.45919,53.52898,1,"[2, 3, 1]",1,11:37,-1,E08000016,4,0,1,1,1,19,7,2,0,1,11,1,0,0,0,0,1,12,22
2024141533712,2024,141533712,435674,395292,-1.46427,53.45318,2,2,1,10:30,-1,E08000019,3,0,1,0,2,5,1,2,0,0,0,0,0,0,0,1,1,12,22
2024141533769,2024,141533769,460915,397676,-1.08375,53.4723,3,3,7,20:55,-1,E08000017,6,2,1,1,1,7,1,3,0,3,10,1,0,0,0,0,0,12,21
2024141534085,2024,141534085,442321,404554,-1.36293,53.53594,3,3,2,06:38,-1,E08000016,3,2,1,0,2,19,"[7, 4]","[4, 7]",0,0,0,1,0,0,0,0,0,12,23
2024141534165,2024,141534165,440785,408199,-1.38563,53.56882,2,2,2,17:30,-1,E08000016,3,2,2,1,2,4,5,1,0,0,0,1,0,0,0,0,0,12,23
2024141534206,2024,141534206,445839,398286,-1.31077,53.47931,3,3,2,17:05,-1,E08000018,6,2,5,1,1,19,1,5,0,0,0,1,0,0,0,0,1,12,23
2024141534271,2024,141534271,438466,399881,-1.42167,53.49423,3,3,2,23:41,-1,E08000016,6,2,1,1,1,19,2,6,0,"[0, 1]","[0, 4]",1,0,0,0,0,0,12,23
2024141534488,2024,141534488,459248,402942,-1.10787,53.51982,3,3,3,10:00,-1,E08000017,3,0,1,0,1,19,"[2, 7]","[6, 3]",0,0,0,1,1,0,0,0,0,12,24
2024141534526,2024,141534526,443444,391627,-1.34777,53.41966,2,"[2, 3]",3,10:27,-1,E08000018,3,0,1,0,1,"[19, 10]",4,"[8, 2]",0,0,0,1,0,0,0,0,0,12,24
2024141534598,2024,141534598,434602,384067,-1.48164,53.35236,2,2,3,18:49,-1,E08000019,3,2,1,1,1,19,1,5,0,0,0,0,0,0,1,0,1,12,24
2024141534609,2024,141534609,434324,384258,-1.48579,53.3541,2,2,3,17:03,-1,E08000019,3,2,1,0,1,"[2, 14]","[0, 1]","[0, 5]",0,0,0,1,1,0,0,0,0,12,24
2024141534727,2024,141534727,445693,407593,-1.31162,53.56297,3,3,4,14:39,-1,E08000017,6,0,1,0,2,"[5, 19]","[1, 8]","[5, 4]",0,0,0,1,0,0,0,0,0,12,25
2024141534741,2024,141534741,442242,392725,-1.36571,53.42963,3,3,4,18:50,-1,E08000018,6,2,1,1,1,19,4,8,0,1,1,1,0,0,0,0,0,12,25
2024141534769,2024,141534769,459890,403873,-1.09801,53.52811,1,1,4,23:01,-1,E08000017,6,2,1,1,1,19,2,6,10,7,0,0,1,0,0,0,0,12,25
2024141534786,2024,141534786,457256,402867,-1.13793,53.51937,2,2,5,06:06,-1,E08000017,6,2,7,1,1,9,1,4,0,0,0,1,0,0,0,0,1,12,26
2024141534885,2024,141534885,453202,386211,-1.20187,53.37009,3,3,5,13:30,-1,E08000018,6,0,1,1,1,"[2, 19]","[0, 1, 3]","[0, 5, 7]","[0, 4]",0,0,1,0,0,0,1,0,12,26
2024141534928,2024,141534928,449693,399277,-1.25255,53.48787,2,2,4,17:00,-1,E08000017,6,2,2,1,1,"[7, 19]","[5, 1]","[7, 5]",0,0,0,1,0,1,0,0,0,12,25
2024141535103,2024,141535103,437199,389916,-1.44194,53.40476,3,3,1,18:04,-1,E08000019,6,2,2,1,1,"[9, 10]","[2, 8]","[6, 4]",0,0,0,1,0,0,0,0,0,12,8
2024141535169,2024,141535169,429889,411967,-1.54979,53.60342,3,3,6,11:11,-1,E08000016,6,0,1,1,2,"[4, 19]",5,1,0,0,0,1,0,0,0,0,0,12,27
2024141535346,2024,141535346,451555,412682,-1.22228,53.60817,3,3,6,17:00,-1,E08000017,3,2,7,0,2,4,1,5,0,0,0,1,0,0,0,0,0,12,27
2024141535503,2024,141535503,445769,405619,-1.31076,53.54522,3,3,7,13:50,-1,E08000016,4,0,1,1,1,"[4, 19]","[7, -1]","[3, -1]",0,0,0,1,0,0,0,0,0,12,28
2024141535517,2024,141535517,440881,389798,-1.38657,53.40343,3,3,7,19:50,-1,E08000019,1,2,1,0,1,19,1,5,0,0,0,1,0,0,0,0,0,12,28
2024141535631,2024,141535631,433107,390608,-1.50341,53.41125,3,3,1,13:30,-1,E08000019,3,0,1,0,1,"[5, 19]","[4, 2]","[8, 6]",0,0,0,1,1,0,0,0,0,12,29
2024141535689,2024,141535689,436314,391837,-1.45503,53.42209,3,3,1,17:05,-1,E08000019,3,2,1,0,1,"[9, 19]","[3, 7]","[1, 3]",0,0,0,1,0,0,0,0,0,12,29
2024141535743,2024,141535743,443961,396892,-1.33926,53.46694,3,3,2,01:12,-1,E08000018,3,2,1,0,1,"[19, 9]","[5, 1]","[1, 8]",0,0,0,1,0,0,0,0,0,12,30
2024141535839,2024,141535839,432988,385656,-1.50572,53.36675,3,3,3,17:42,-1,E08000019,6,0,8,0,1,19,"[6, 5]","[2, 1]",0,0,0,1,1,0,0,0,0,9,24
2024141536027,2024,141536027,450742,394082,-1.23758,53.44108,3,3,7,09:45,-1,E08000018,6,0,7,1,2,"[7, 19]",1,"[3, 1]",0,0,0,1,0,0,0,0,0,12,28