collision_index,collision_year,collision_ref_no,location_easting_osgr,location_northing_osgr,longitude,latitude,casualty_severity,casualty_severity,day_of_week,time,local_authority_district,local_authority_ons_district,first_road_class,light_conditions,weather_conditions,road_surface_conditions,urban_or_rural_area,vehicle_manoeuvre,vehicle_direction_from,vehicle_direction_to,hit_object_in_carriageway,vehicle_leaving_carriageway,hit_object_off_carriageway,is_car,is_cyle,is_mcyle,is_goodsv,is_other,is_pedestrian,month,day
2024141536064,2024,141536064,443838,393683,-1.34156,53.43811,2,2,2,18:21,-1,E08000018,3,2,1,0,1,19,6,2,0,0,0,1,0,0,0,0,1,12,30
2024141536068,2024,141536068,439604,394561,-1.40518,53.44633,2,"[2, 3]",2,16:55,-1,E08000018,6,2,1,0,1,"[19, 5]","[6, 5]","[2, 6]",0,0,0,1,0,0,0,0,0,12,30
2024141536311,2024,141536311,444609,401884,-1.32879,53.51175,2,2,3,06:20,-1,E08000018,6,2,4,0,2,19,6,2,0,0,0,1,0,0,0,0,1,12,31
2024141536419,2024,141536419,459738,402669,-1.10053,53.51731,3,3,3,19:26,-1,E08000017,3,2,2,1,2,"[19, 9]","[3, 7]","[7, 3]",0,0,0,1,0,0,0,0,0,12,31
2024141536437,2024,141536437,443387,394238,-1.34827,53.44313,3,3,3,23:10,-1,E08000018,3,2,5,1,1,19,6,2,0,1,2,1,0,0,0,0,0,12,31
2024141536454,2024,141536454,436325,391841,-1.45486,53.42212,2,"[3, 2]",3,17:59,-1,E08000019,6,2,5,1,1,"[9, 19]","[5, 1]","[2, 5]",0,0,0,1,0,0,0,0,0,12,31
2024141536520,2024,141536520,443960,396894,-1.33928,53.46696,2,2,3,19:27,-1,E08000018,3,2,2,1,1,7,5,7,0,0,0,1,0,0,0,0,1,12,31
2024141536697,2024,141536697,433370,389562,-1.49957,53.40183,2,2,7,17:40,-1,E08000019,6,2,1,0,1,"[9, 10]",1,"[4, 1]",0,0,0,1,1,0,0,0,0,10,26
2024141537109,2024,141537109,462949,410932,-1.05045,53.5912,3,3,4,17:20,-1,E08000017,6,2,1,0,2,"[4, 10]","[3, 7]","[7, 3]","[0, 4]",0,0,1,0,0,0,0,0,10,30
2024141538246,2024,141538246,435476,392720,-1.46754,53.43008,2,2,2,13:30,-1,E08000019,6,0,8,1,1,"[19, 14]","[-1, 0]","[-1, 0]",0,0,0,1,0,0,0,0,0,12,30
2024141538525,2024,141538525,449543,399798,-1.25473,53.49256,3,3,5,09:35,-1,E08000017,3,0,1,1,1,"[19, 5]","[7, 8]","[3, -1]",0,0,0,1,0,0,0,0,0,12,19
2024141538549,2024,141538549,437543,393559,-1.43633,53.43748,3,3,4,16:54,-1,E08000019,6,2,8,0,1,"[3, 19]",2,6,"[0, 4]",0,0,1,0,0,1,0,0,11,13
2024141538994,2024,141538994,435478,381129,-1.4688,53.3259,3,3,6,14:53,-1,E08000019,6,0,1,0,1,19,1,1,0,0,0,1,0,0,0,0,1,11,15
2024141539337,2024,141539337,435238,396348,-1.47071,53.4627,3,3,6,16:15,-1,E08000019,6,0,1,0,1,19,"[7, 1]","[1, 7]",0,0,0,1,0,0,0,0,0,11,15
2024141539375,2024,141539375,439461,408005,-1.40565,53.56718,3,3,1,14:32,-1,E08000016,6,0,1,0,1,19,1,5,0,0,0,1,1,0,0,0,0,11,17
2024141539806,2024,141539806,456042,402138,-1.15636,53.51294,3,3,7,22:00,-1,E08000017,6,2,1,0,1,19,8,4,0,1,11,1,0,0,0,0,0,1,20
2024141541298,2024,141541298,437204,406357,-1.43992,53.55253,3,3,4,17:30,-1,E08000016,6,2,8,2,1,"[6, 19]",5,"[5, 1]",0,0,0,1,0,1,0,0,0,11,20
2024141541841,2024,141541841,436674,402329,-1.44839,53.51636,3,3,1,14:10,-1,E08000016,6,0,2,1,1,"[4, 19]",1,5,0,0,0,1,0,0,0,0,0,11,24
2024141541903,2024,141541903,449660,385091,-1.25528,53.36037,3,3,2,19:20,-1,E08000018,3,2,2,1,2,"[19, 11]",3,7,0,0,0,1,0,0,1,0,0,11,18
2024141542317,2024,141542317,434743,388280,-1.47906,53.39022,3,3,4,10:50,-1,E08000019,3,0,1,0,1,19,8,4,0,0,0,1,0,0,0,0,1,11,27
2024141542369,2024,141542369,435263,407249,-1.46911,53.56068,3,3,3,16:30,-1,E08000016,6,2,1,0,2,"[4, 19]",7,3,0,0,0,1,0,0,0,0,0,11,26
2024141542403,2024,141542403,434843,383098,-1.47812,53.34364,3,3,3,17:35,-1,E08000019,3,2,1,0,1,"[19, 3]",5,1,0,0,0,1,0,0,0,0,0,11,26
2024141542941,2024,141542941,463497,411359,-1.04209,53.59497,3,3,5,08:40,-1,E08000017,6,0,1,1,2,"[7, 19]","[4, 2]","[7, 6]",0,0,0,1,0,0,0,0,0,11,28
2024141544753,2024,141544753,457935,403142,-1.12764,53.52176,3,3,7,21:50,-1,E08000017,6,2,1,1,1,"[3, 19]",3,7,0,0,0,1,0,0,0,0,0,11,30
2024141544794,2024,141544794,456782,403990,-1.14487,53.52951,3,3,7,12:31,-1,E08000017,3,0,1,0,1,"[5, 19]",3,7,0,0,0,1,0,0,0,0,0,11,30
2024141545199,2024,141545199,444920,402506,-1.32401,53.51732,3,3,1,15:40,-1,E08000016,6,0,1,1,1,"[19, 3]",7,5,0,0,0,1,0,0,0,0,0,12,1
2024141545354,2024,141545354,438960,386602,-1.41586,53.37485,3,3,3,17:56,-1,E08000019,3,2,1,0,1,"[3, 5]",5,7,0,0,0,1,0,0,0,0,0,12,3
2024141546073,2024,141546073,433273,380350,-1.50199,53.31904,3,3,5,15:26,-1,E08000019,4,0,1,0,1,19,6,2,0,1,3,1,0,0,0,0,0,8,8
2024141546507,2024,141546507,436213,392165,-1.45651,53.42504,3,3,2,10:30,-1,E08000019,3,0,1,0,1,"[5, 19]",5,1,0,0,0,1,0,1,0,0,0,1,8
2024141547246,2024,141547246,452542,385830,-1.21185,53.36673,3,3,5,08:00,-1,E08000018,4,0,1,1,1,19,5,1,0,0,0,1,0,0,0,0,1,12,5
2024141547344,2024,141547344,434743,386453,-1.47926,53.3738,3,3,5,06:00,-1,E08000019,3,2,2,1,1,"[19, 9]","[2, 8, 3]","[7, 8]",0,0,0,1,0,0,0,0,0,12,5
2024141547801,2024,141547801,437415,388413,-1.43887,53.39123,3,3,6,20:00,-1,E08000019,3,2,1,1,1,"[19, 3]",3,7,0,0,0,1,0,0,0,0,0,12,6
2024141547862,2024,141547862,436466,411633,-1.45044,53.6,3,3,7,17:00,-1,E08000016,4,2,5,1,1,19,"[1, 7]","[7, 3]",0,0,0,1,0,0,0,0,0,12,7
2024141550219,2024,141550219,434130,397474,-1.48728,53.4729,3,3,5,13:05,-1,E08000019,6,0,1,1,1,19,1,6,0,0,0,1,0,0,0,0,1,12,12
2024141551176,2024,141551176,445553,385752,-1.31689,53.36668,3,3,5,14:15,-1,E08000018,6,0,1,0,1,19,2,6,0,0,0,1,0,0,0,0,1,12,19
2024141551246,2024,141551246,439145,402078,-1.41116,53.51393,3,3,5,11:08,-1,E08000016,3,0,1,0,2,"[19, 12]",7,3,0,0,0,1,0,0,1,0,0,12,19
2024141553345,2024,141553345,441117,405566,-1.38096,53.54513,3,3,5,18:10,-1,E08000016,6,2,7,0,2,"[4, 19]","[1, 5]","[5, 1]",0,0,0,1,0,0,0,0,0,12,26
2024141553684,2024,141553684,447281,399777,-1.28882,53.49258,2,2,7,21:26,-1,E08000017,3,2,1,0,1,19,3,7,0,6,0,0,0,1,0,0,0,8,31
2024141554180,2024,141554180,433936,386080,-1.49143,53.3705,3,3,4,13:50,-1,E08000019,3,0,1,0,1,"[19, 11]",6,2,0,0,0,1,1,0,0,0,0,10,23
2024141554206,2024,141554206,457312,403016,-1.13705,53.5207,3,3,1,08:10,-1,E08000017,3,0,1,0,1,"[4, 19]",7,3,0,0,0,0,1,0,0,0,0,10,27
2024141554235,2024,141554235,438119,383120,-1.42892,53.34361,3,3,2,18:15,-1,E08000019,3,0,1,0,1,"[3, 19]",6,1,0,0,0,1,0,0,0,0,0,10,28
2024141555008,2024,141555008,435158,385126,-1.47317,53.36185,3,3,3,18:00,-1,E08000019,3,0,1,0,1,"[19, 3]",5,1,0,0,0,1,0,0,0,0,0,10,29
2024141555015,2024,141555015,434623,406925,-1.47881,53.55781,3,3,2,15:30,-1,E08000016,3,0,1,0,1,"[11, 19]",2,7,0,0,0,1,0,0,0,0,0,11,4
2024141555025,2024,141555025,438964,397946,-1.4144,53.47681,3,3,1,09:25,-1,E08000018,6,0,1,0,2,19,1,6,0,0,0,1,0,0,0,0,1,10,20
2024141555050,2024,141555050,445084,394144,-1.32274,53.44215,3,3,4,15:26,-1,E08000018,3,0,1,0,1,"[3, 5]","[6, 1]","[2, 5]",0,0,0,1,0,0,0,0,0,11,6
2024141555071,2024,141555071,440563,392420,-1.39102,53.42702,3,3,4,14:15,-1,E08000018,3,0,1,0,1,19,7,3,0,0,0,1,0,0,0,0,0,11,6
2024141555152,2024,141555152,435904,392452,-1.46113,53.42764,3,3,6,17:41,-1,E08000019,6,0,1,0,1,"[2, 19]","[0, 3]","[0, 7]",0,0,0,1,0,0,0,0,0,11,8
2024141555179,2024,141555179,432119,408110,-1.51649,53.56862,3,3,4,18:00,-1,E08000016,6,2,1,0,2,19,1,5,0,0,0,1,0,0,0,0,0,11,13
2024141555826,2024,141555826,445068,397948,-1.32244,53.47634,3,3,7,13:42,-1,E08000018,4,0,1,1,2,19,7,3,0,1,2,1,0,0,0,0,0,12,28
2024141555829,2024,141555829,440738,403954,-1.38689,53.53067,3,3,6,09:30,-1,E08000016,6,0,1,0,1,4,7,4,0,0,0,1,0,0,0,0,0,12,27
2024141557268,2024,141557268,437067,390683,-1.44383,53.41166,3,3,2,09:10,-1,E08000019,6,0,1,0,1,"[5, 19]","[5, 2]","[2, 6]",0,0,0,1,0,0,1,0,0,11,18
2024141557274,2024,141557274,443669,394915,-1.34393,53.4492,3,3,1,12:30,-1,E08000018,6,0,1,1,1,5,4,8,0,0,0,1,0,0,0,0,0,11,17
2024141557277,2024,141557277,450686,393908,-1.23845,53.43952,3,3,2,13:01,-1,E08000018,6,0,1,1,2,19,"[1, 6]","[6, 1]",0,0,0,1,0,0,1,0,0,11,18
2024141557282,2024,141557282,452902,386419,-1.20635,53.37199,3,3,4,08:25,-1,E08000018,6,0,1,0,1,1,7,5,0,0,0,1,0,0,0,0,1,11,20
2024141557295,2024,141557295,463080,407090,-1.04925,53.55665,3,3,6,13:45,-1,E08000017,3,0,1,0,2,"[3, 5]","[5, 1]","[1, 5]",0,0,0,1,0,0,0,0,0,11,22
2024141557303,2024,141557303,429060,387178,-1.56461,53.38066,3,3,2,09:30,-1,E08000019,3,0,1,0,2,"[4, 5, 19]","[1, 3]","[5, 7]",0,0,0,1,0,0,0,0,0,11,25
2024141557321,2024,141557321,444100,392847,-1.33773,53.43057,3,3,3,21:00,-1,E08000018,6,2,1,0,1,"[5, 19]","[1, 5]","[5, 1]",0,0,0,1,0,0,1,0,0,11,26
2024141557331,2024,141557331,441306,402230,-1.37855,53.51513,3,3,4,04:48,-1,E08000016,3,2,1,0,2,19,"[6, 4]",7,0,0,0,1,1,0,0,0,0,11,27
2024141557334,2024,141557334,434624,391440,-1.4805,53.41863,3,3,4,08:10,-1,E08000019,6,0,1,1,1,1,3,3,0,0,0,1,0,0,0,0,1,11,27
2024141557352,2024,141557352,441062,404103,-1.38199,53.53199,3,3,3,08:00,-1,E08000016,4,0,1,0,1,"[5, 19]",1,5,0,0,0,1,0,0,0,0,0,11,26
2024141557545,2024,141557545,434381,384464,-1.48491,53.35595,3,3,5,09:45,-1,E08000019,3,0,1,0,1,"[5, 19]",1,5,0,0,0,1,0,0,0,0,0,11,28
2024141557555,2024,141557555,435177,386243,-1.47276,53.37188,3,3,6,16:22,-1,E08000019,3,2,1,0,1,"[5, 19]",5,1,0,0,0,1,0,0,0,0,0,11,29
2024141557583,2024,141557583,439147,387889,-1.41289,53.3864,3,3,6,17:47,-1,E08000019,4,0,1,0,1,19,7,3,0,0,0,1,0,0,0,0,1,11,29
2024141557584,2024,141557584,458157,404030,-1.12412,53.52972,2,2,2,13:00,-1,E08000017,6,0,1,0,1,19,6,6,0,0,0,1,0,0,0,0,1,12,2
2024141557614,2024,141557614,436637,410200,-1.44803,53.58711,3,3,1,21:10,-1,E08000016,6,2,1,0,1,"[3, 5]",1,5,0,0,0,1,0,0,0,0,0,12,1
2024141557673,2024,141557673,432306,391508,-1.51537,53.41939,3,3,2,12:45,-1,E08000019,3,0,1,0,2,"[4, 19]",1,5,0,0,0,1,0,0,0,0,0,12,9
2024141557883,2024,141557883,452909,408307,-1.20256,53.56871,3,3,6,14:30,-1,E08000017,6,2,1,0,1,"[2, 1]",1,"[1, 5]",0,0,0,1,0,0,0,1,0,12,6
2024141557903,2024,141557903,437228,406911,-1.43949,53.55751,3,3,5,15:05,-1,E08000016,6,0,1,0,1,"[4, 19]",1,5,0,0,0,1,0,1,0,0,0,12,12
2024141557912,2024,141557912,435156,381245,-1.47363,53.32696,3,3,3,08:15,-1,E08000019,3,0,1,0,2,"[5, 19]","[1, -1]","[5, -1]",0,0,0,1,0,0,0,0,0,12,17
2024141557947,2024,141557947,447923,391878,-1.28035,53.42153,2,2,5,09:25,-1,E08000018,3,0,1,0,1,19,"[1, 4]",5,0,0,0,1,1,0,0,0,0,12,12
2024141561510,2024,141561510,456449,401480,-1.15034,53.50699,3,3,3,14:35,-1,E08000017,3,0,1,0,1,"[5, 12]","[2, 8]",6,0,0,0,1,1,0,0,0,0,11,12
2024141561942,2024,141561942,443669,396975,-1.34365,53.46771,3,3,6,08:40,-1,E08000018,6,0,1,0,1,"[19, 2]","[3, 7]","[7, 3]",0,0,0,1,1,0,0,0,0,11,29
2024141562540,2024,141562540,434804,405661,-1.47622,53.54644,3,3,2,18:50,-1,E08000016,3,2,1,0,1,19,"[1, 5]","[5, 1]",0,0,0,1,0,1,0,0,0,10,28
2024141566810,2024,141566810,437718,408900,-1.43186,53.57535,3,3,2,11:56,-1,E08000016,6,0,1,0,2,"[15, 19]","[4, 8]","[8, 4]",0,0,0,1,0,0,1,0,0,12,16
2024141575258,2024,141575258,444613,384357,-1.33121,53.35422,3,3,5,16:55,-1,E08000018,3,0,1,0,2,"[6, 19]",7,3,0,0,0,1,0,0,0,0,0,10,24
2024161393744,2024,161393744,531582,407561,-0.01549,53.5482,2,2,2,20:45,-1,E06000012,6,2,2,1,1,"[5, 19]","[2, 4]",8,0,0,0,1,1,0,0,0,0,1,1
2024161394073,2024,161394073,514707,432818,-0.26073,53.77906,3,3,3,17:00,-1,E06000010,3,2,2,1,1,19,5,1,0,0,0,1,0,0,0,0,1,1,2
2024161394102,2024,161394102,489993,410785,-0.64203,53.58594,2,2,3,19:15,-1,E06000013,6,2,2,1,1,19,3,7,0,0,0,1,0,0,0,0,1,1,2
2024161394298,2024,161394298,509268,434977,-0.34246,53.79963,3,3,2,10:30,-1,E06000010,6,0,1,0,1,"[13, 19]",5,1,"[10, 0]",0,0,0,0,1,0,1,0,1,1
2024161394361,2024,161394361,505204,435518,-0.40396,53.80533,3,3,3,07:40,-1,E06000011,3,0,2,1,2,19,8,4,0,0,0,1,0,0,0,0,0,1,2
2024161394454,2024,161394454,513160,432039,-0.28448,53.7724,3,3,4,14:32,-1,E06000010,6,0,1,0,1,"[9, 7]","[1, 2]",6,0,0,0,1,0,0,0,0,0,1,3
2024161394468,2024,161394468,508570,432121,-0.35406,53.77412,3,3,4,09:57,-1,E06000010,6,0,1,1,1,"[2, 19]","[0, 5]","[0, 1]","[0, 4]",0,0,1,1,0,0,0,0,1,3
2024161394484,2024,161394484,518751,451486,-0.19217,53.94586,3,3,3,19:25,-1,E06000011,4,2,2,1,2,19,"[1, 5]","[5, 1]",0,1,0,1,0,0,0,0,0,1,2
2024161394507,2024,161394507,526646,418036,-0.08569,53.64351,3,3,2,17:15,-1,E06000011,6,2,2,1,2,19,5,1,0,1,9,1,0,0,0,0,0,1,1
2024161394527,2024,161394527,494664,416583,-0.56973,53.63721,2,2,4,19:52,-1,E06000013,6,2,1,1,2,4,8,4,0,1,0,1,0,0,0,0,0,1,3
2024161394758,2024,161394758,496419,426658,-0.54007,53.72742,2,2,5,11:00,-1,E06000011,3,0,1,1,2,19,7,3,7,4,9,0,0,0,0,1,0,1,4
2024161394893,2024,161394893,506666,433728,-0.38238,53.78895,3,3,5,16:23,-1,E06000010,6,2,1,1,1,"[9, 19]","[1, 5]","[5, 1]",0,0,0,1,0,0,0,0,0,1,4
2024161394942,2024,161394942,507927,432066,-0.36383,53.77376,3,3,5,19:50,-1,E06000010,6,2,1,0,1,19,"[3, 5]","[7, 1]",0,"[3, 0]",0,1,0,0,0,0,0,1,4
2024161394991,2024,161394991,508662,428175,-0.35405,53.73865,3,3,5,12:45,-1,E06000010,6,0,1,1,1,"[2, 15]","[0, 7]","[0, 3]",0,0,0,1,0,0,0,0,1,1,4
2024161395023,2024,161395023,509235,433639,-0.34344,53.78762,3,3,6,07:00,-1,E06000010,6,2,2,1,1,"[9, 19]","[4, 2]","[2, 6]",0,0,0,1,1,0,0,0,0,1,5
2024161395105,2024,161395105,509105,429310,-0.34694,53.74875,3,3,4,11:30,-1,E06000010,3,0,1,0,1,"[5, 19]",1,5,0,0,0,1,0,0,0,0,0,1,3
2024161395155,2024,161395155,510130,432539,-0.33025,53.77755,3,3,4,16:50,-1,E06000010,3,2,1,0,1,"[5, 19]","[5, 7]","[1, 3]",0,0,0,1,1,0,0,0,0,1,3
2024161395183,2024,161395183,523295,407447,-0.14053,53.54919,3,3,5,16:39,-1,E06000012,3,2,2,1,2,"[19, 11]","[5, 3]",1,"[10, 0]",0,0,1,0,0,1,0,0,1,4
2024161395209,2024,161395209,507520,433186,-0.36962,53.7839,2,2,5,15:45,-1,E06000010,6,0,1,0,1,19,4,8,0,0,0,0,0,0,0,0,0,1,4
2024161395526,2024,161395526,518258,466461,-0.19386,54.0805,3,3,7,21:15,-1,E06000011,6,2,1,0,1,9,7,5,0,0,0,1,0,0,0,0,1,1,6
2024161395548,2024,161395548,526395,409299,-0.09302,53.56509,2,2,7,11:02,-1,E06000012,6,0,1,1,1,1,2,6,0,0,0,1,0,0,0,0,1,1,6
2024161395653,2024,161395653,527565,408027,-0.07589,53.55338,3,3,1,13:37,-1,E06000012,3,0,1,0,1,"[4, 19]",5,1,0,"[1, 0]","[2, 0]",1,0,0,0,0,0,1,7
2024161395673,2024,161395673,500162,430116,-0.48224,53.75779,3,3,5,08:05,-1,E06000011,6,0,1,1,2,19,6,2,0,7,9,1,0,0,0,0,0,1,4
2024161395908,2024,161395908,506530,430843,-0.38544,53.76306,3,3,6,18:00,-1,E06000010,6,2,1,1,1,"[19, 2]","[6, 0]","[2, 0]","[4, 0]",0,0,1,0,0,0,0,0,1,5
2024161396046,2024,161396046,502572,457412,-0.43658,54.00256,2,2,2,12:38,-1,E06000011,6,0,1,0,1,"[19, 2]","[6, 0]","[2, 0]","[4, 0]",0,0,1,0,0,0,0,1,1,8
2024161396133,2024,161396133,498913,426129,-0.50245,53.7222,2,2,2,17:00,-1,E06000011,4,2,1,0,1,"[9, 19]","[4, 8]","[8, 4]",0,0,0,1,0,0,0,0,0,1,8
2024161396423,2024,161396423,505110,429994,-0.40726,53.75572,3,3,7,14:06,-1,E06000010,6,0,1,0,1,19,8,4,0,0,0,1,1,0,0,0,0,1,6
2024161396594,2024,161396594,512047,430725,-0.30183,53.76084,2,2,6,20:10,-1,E06000010,3,2,1,0,1,"[9, 19]","[6, 2]","[4, 6]",0,0,0,1,1,0,0,0,0,1,5
2024161396644,2024,161396644,508068,431523,-0.36188,53.76885,3,3,7,21:45,-1,E06000010,4,2,1,0,1,"[19, 7]","[7, 1]",3,0,0,0,1,0,0,0,0,0,1,6
2024161396662,2024,161396662,503074,428676,-0.43857,53.74428,3,3,4,08:16,-1,E06000011,4,0,1,1,1,19,"[3, 5]","[7, 1]",0,"[7, 0]",0,1,0,0,0,0,0,1,10
2024161396706,2024,161396706,502542,426943,-0.44721,53.72881,3,3,2,10:04,-1,E06000011,3,0,1,0,1,"[19, 4]",6,2,0,0,0,1,0,0,0,0,0,1,8
2024161396754,2024,161396754,478341,408688,-0.81853,53.56896,3,3,6,19:24,-1,E06000013,1,2,1,0,2,"[7, 19]","[3, 1]",5,0,0,0,1,0,0,0,0,0,1,5
2024161396807,2024,161396807,511802,429738,-0.30591,53.75203,3,3,7,20:15,-1,E06000010,6,2,1,0,1,19,3,7,0,0,0,1,1,0,0,0,0,1,6
2024161396949,2024,161396949,491847,408636,-0.61466,53.56631,2,2,4,12:50,-1,E06000013,3,0,2,1,2,19,7,3,0,0,0,1,0,0,0,0,1,1,10
2024161397030,2024,161397030,501107,469176,-0.455,54.10854,2,2,4,10:46,-1,E06000011,4,0,2,1,2,19,"[3, 5]","[7, 1]",0,0,0,1,0,1,0,0,0,1,10
2024161397058,2024,161397058,490429,421264,-0.6324,53.68002,3,3,5,07:02,-1,E06000013,6,2,2,1,2,19,1,5,0,1,1,1,0,0,0,0,0,1,11
2024161397406,2024,161397406,526502,408996,-0.09153,53.56234,3,3,5,21:01,-1,E06000012,3,2,1,0,1,"[19, 9]",3,"[6, 7]",0,0,0,1,0,0,0,0,0,1,11
2024161397454,2024,161397454,527561,409316,-0.07542,53.56496,3,3,5,19:50,-1,E06000012,4,2,1,0,1,19,5,1,0,0,0,1,0,0,0,0,1,1,4
2024161397528,2024,161397528,525787,407518,-0.10292,53.54923,3,3,5,14:56,-1,E06000012,6,0,8,0,1,19,2,6,0,1,0,0,0,1,0,0,1,1,11
2024161397609,2024,161397609,503074,428803,-0.43853,53.74542,3,3,5,17:25,-1,E06000011,4,2,1,1,1,"[4, 19]",1,5,0,0,0,1,0,0,0,0,0,1,11
2024161397610,2024,161397610,505456,427033,-0.40303,53.72904,3,3,5,16:20,-1,E06000010,6,2,1,0,1,19,6,2,0,9,0,1,1,0,0,0,0,1,11
2024161397637,2024,161397637,506678,432568,-0.3826,53.77852,3,3,2,14:45,-1,E06000010,6,0,1,0,1,"[3, 9]","[3, 7]","[7, 5, 3]",0,0,0,1,0,0,0,0,0,1,8
2024161397791,2024,161397791,488483,409769,-0.66512,53.57706,3,3,6,16:57,-1,E06000013,6,2,7,1,1,4,2,7,"[4, 0]",0,0,1,0,1,0,0,0,1,12
2024161397840,2024,161397840,489202,409982,-0.6542,53.57886,3,3,6,17:12,-1,E06000013,3,0,1,1,1,19,"[3, 5]","[7, 1]",0,0,0,1,0,0,0,0,0,1,12
2024161397847,2024,161397847,502187,430621,-0.45137,53.76193,3,3,1,19:52,-1,E06000011,6,2,1,1,1,"[9, 19]","[3, 7]","[1, 3]",0,0,0,1,1,0,0,0,0,1,7
2024161397852,2024,161397852,474459,424200,-0.87342,53.70892,3,3,7,07:32,-1,E06000011,6,2,8,0,1,7,7,1,0,0,0,1,0,0,0,0,1,1,13
2024161397861,2024,161397861,496373,466418,-0.52826,54.08467,2,"[3, 2]",6,10:25,-1,E06000011,4,0,1,0,2,19,2,6,0,7,0,1,0,0,0,0,0,1,12
2024161397977,2024,161397977,489677,409375,-0.64721,53.57332,2,2,7,10:53,-1,E06000013,6,0,1,0,1,19,"[1, 3]","[5, 7]",0,0,0,1,0,0,0,0,0,1,13
2024161397988,2024,161397988,490119,412190,-0.63972,53.59854,2,2,7,14:00,-1,E06000013,3,0,2,1,2,19,2,2,10,1,11,1,0,0,0,0,0,1,13
2024161398001,2024,161398001,474355,423879,-0.87508,53.70605,3,3,7,11:00,-1,E06000011,6,0,1,0,1,3,2,6,0,0,0,1,0,0,0,0,1,1,13
2024161398014,2024,161398014,527962,404853,-0.0712,53.52477,2,2,7,08:57,-1,E06000012,6,0,1,0,2,"[2, 5]","[0, 3]","[0, 7]","[0, 4]","[0, 1]","[0, 11]",1,0,0,0,0,0,1,13
2024161398085,2024,161398085,523518,407495,-0.13715,53.54957,3,3,7,22:05,-1,E06000012,3,2,1,0,1,19,"[7, 3]","[3, 7]",0,0,0,1,0,1,0,0,0,1,13
2024161398278,2024,161398278,478701,448069,-0.80308,53.92279,2,"[2, 3]",7,16:30,-1,E06000011,3,2,1,0,2,19,"[8, 4]","[4, 8]",0,0,0,1,0,0,0,0,0,1,13
2024161398354,2024,161398354,508839,434259,-0.34923,53.79327,3,3,2,08:45,-1,E06000010,6,0,1,0,1,5,1,5,0,0,0,1,0,0,0,0,0,1,8
2024161398414,2024,161398414,505625,432587,-0.39857,53.77891,3,3,1,14:30,-1,E06000011,4,0,1,0,1,9,"[1, 7]","[7, 5]",0,0,0,1,1,0,0,0,0,1,14
2024161398465,2024,161398465,508222,432966,-0.35904,53.78178,3,3,2,08:20,-1,E06000010,6,0,1,0,1,19,"[3, 5]","[7, 1]",0,0,0,1,1,0,0,0,0,1,15
2024161398495,2024,161398495,491611,433380,-0.61093,53.78869,3,3,2,10:56,-1,E06000011,3,0,1,0,2,"[19, 5]",5,1,0,0,0,1,0,0,0,0,0,1,15
2024161398594,2024,161398594,472145,423646,-0.9086,53.70427,2,2,2,13:14,-1,E06000011,3,0,1,0,2,"[2, 19]","[0, 1]","[0, 5]","[0, 4]",0,0,1,0,0,1,0,0,1,15
2024161398601,2024,161398601,501064,437678,-0.46609,53.82555,3,3,2,07:35,-1,E06000011,4,0,8,2,2,19,"[6, 2]","[2, 6]","[0, 10]","[0, 7]",0,1,0,0,0,0,0,1,15
2024161398661,2024,161398661,498746,421038,-0.5066,53.67649,3,3,2,05:30,-1,E06000013,3,2,8,2,2,19,1,5,0,1,2,1,0,0,0,0,0,1,15
2024161398753,2024,161398753,528567,410183,-0.05989,53.5725,3,3,3,03:53,-1,E06000012,3,2,1,0,1,19,8,4,0,"[0, 1]","[0, 11]",1,0,0,0,0,0,1,16
2024161398810,2024,161398810,492834,401113,-0.60199,53.49853,3,3,3,06:31,-1,E06000013,4,0,1,2,2,19,4,8,0,7,4,1,0,0,0,0,0,1,16
2024161398815,2024,161398815,526507,406326,-0.09254,53.53835,2,2,3,07:20,-1,E06000012,3,2,1,0,1,5,4,1,0,0,0,1,0,0,0,0,1,1,16
2024161398951,2024,161398951,488501,409996,-0.66478,53.5791,3,3,3,07:23,-1,E06000013,3,0,1,0,1,"[19, 5]","[3, 5, 8]","[8, 3]",0,0,0,1,0,0,0,0,0,1,16
2024161399141,2024,161399141,502590,432198,-0.44474,53.77602,3,3,3,14:51,-1,E06000011,6,0,1,1,1,"[5, 19]","[1, 7]","[5, 3]",0,"[1, 0]",0,1,0,0,0,0,0,1,16
2024161399503,2024,161399503,507227,430596,-0.37496,53.76069,3,3,4,07:20,-1,E06000010,6,0,1,0,1,19,5,1,7,0,0,1,0,0,0,0,0,1,17
2024161399822,2024,161399822,534145,427997,0.03198,53.73112,3,3,6,09:12,-1,E06000011,6,0,1,1,2,4,2,1,0,0,0,1,0,0,0,0,0,1,12
2024161399883,2024,161399883,505554,440199,-0.39704,53.84731,3,3,6,15:18,-1,E06000011,6,0,1,0,2,19,"[1, 5]","[5, 1]",0,"[0, 1]",0,1,1,0,0,0,0,1,12
2024161399904,2024,161399904,523473,411514,-0.13624,53.58568,3,3,6,06:07,-1,E06000012,6,2,2,1,2,7,8,4,10,3,10,1,0,0,0,0,0,1,5
2024161399927,2024,161399927,507395,428715,-0.37307,53.74376,3,3,6,16:30,-1,E06000010,6,2,1,1,1,"[7, 19]",3,"[5, 7]",0,"[0, 1]",0,1,1,0,0,0,0,1,12
2024161400122,2024,161400122,512872,467035,-0.27594,54.08686,3,3,5,13:00,-1,E06000011,6,2,3,2,2,19,4,8,0,0,0,1,0,0,0,0,0,1,18