collision_index,collision_year,collision_ref_no,location_easting_osgr,location_northing_osgr,longitude,latitude,casualty_severity,casualty_severity,day_of_week,time,local_authority_district,local_authority_ons_district,first_road_class,light_conditions,weather_conditions,road_surface_conditions,urban_or_rural_area,vehicle_manoeuvre,vehicle_direction_from,vehicle_direction_to,hit_object_in_carriageway,vehicle_leaving_carriageway,hit_object_off_carriageway,is_car,is_cyle,is_mcyle,is_goodsv,is_other,is_pedestrian,month,day
2024161411782,2024,161411782,511112,429699,-0.31638,53.75182,3,3,2,21:52,-1,E06000010,3,2,1,0,1,19,"[2, 8]","[6, 4]",0,0,0,1,1,0,0,0,0,2,19
2024161411850,2024,161411850,516791,466950,-0.21609,54.08522,3,3,6,15:39,-1,E06000011,3,0,1,0,2,"[19, 4]",8,4,0,0,0,1,0,0,0,0,0,2,16
2024161411880,2024,161411880,475781,399732,-0.85934,53.48885,2,2,3,08:00,-1,E06000013,4,0,1,1,2,19,6,2,0,0,0,0,0,1,0,0,0,2,20
2024161411885,2024,161411885,525911,407553,-0.10103,53.54952,3,3,3,08:13,-1,E06000012,6,0,1,0,1,"[13, 9]",7,3,0,0,0,1,1,0,0,0,0,2,20
2024161411896,2024,161411896,486233,411037,-0.69874,53.58883,3,3,1,11:05,-1,E06000013,1,0,1,0,2,19,5,1,0,0,0,1,0,0,0,0,0,2,18
2024161411990,2024,161411990,509277,432832,-0.34309,53.78036,2,2,3,06:30,-1,E06000010,3,0,1,0,1,"[5, 19]","[7, 1]","[3, 5]",0,0,0,1,1,0,0,0,0,2,20
2024161412135,2024,161412135,527829,408068,-0.07189,53.55368,3,3,3,15:02,-1,E06000012,3,0,1,0,1,"[4, 3, 19]",4,8,0,0,0,1,0,0,0,0,0,2,20
2024161412252,2024,161412252,477986,420114,-0.82103,53.67169,2,"[3, 2]",7,17:35,-1,E06000011,6,2,1,0,2,19,1,7,0,1,9,1,0,0,0,0,0,2,3
2024161412271,2024,161412271,507100,427875,-0.37783,53.73627,2,2,2,15:30,-1,E06000010,6,0,1,0,1,"[19, 5]","[7, 5]",3,0,0,0,1,1,0,0,0,0,2,19
2024161412290,2024,161412290,517551,468236,-0.20398,54.0966,3,3,5,17:45,-1,E06000011,4,2,1,0,1,19,"[3, 7]","[7, 3]","[0, 10]",0,0,1,0,0,0,1,0,2,1
2024161412298,2024,161412298,509276,434439,-0.34253,53.7948,3,3,4,07:14,-1,E06000010,6,0,2,1,1,"[19, 5]","[6, 1]",2,0,0,0,1,0,0,0,0,0,2,21
2024161412325,2024,161412325,497016,436148,-0.52805,53.81258,3,3,3,17:55,-1,E06000011,4,2,4,0,2,"[9, 19]","[1, 7]","[7, 3]",0,"[1, 0]",0,1,0,0,0,0,0,2,20
2024161412460,2024,161412460,510561,431994,-0.32391,53.77256,2,2,2,10:10,-1,E06000010,4,0,1,0,1,"[19, 9]","[6, 8]","[2, 6]",0,0,0,1,1,0,0,0,0,1,29
2024161412481,2024,161412481,507134,429465,-0.37676,53.75055,3,3,3,16:30,-1,E06000010,6,0,1,0,1,19,3,7,0,0,0,1,1,0,0,0,0,2,20
2024161412482,2024,161412482,507349,429684,-0.37343,53.75247,3,3,7,19:40,-1,E06000010,6,2,1,0,1,"[7, 19]","[3, 1]",5,0,0,0,1,1,0,0,0,0,2,10
2024161412506,2024,161412506,502211,430628,-0.45101,53.76199,3,3,6,15:40,-1,E06000011,6,0,1,0,1,2,0,0,0,0,0,0,0,0,1,0,0,2,16
2024161412521,2024,161412521,506610,428673,-0.38498,53.74354,3,3,7,10:13,-1,E06000010,3,0,1,0,1,19,7,3,0,0,0,0,0,0,1,0,0,2,17
2024161412535,2024,161412535,509247,432731,-0.34358,53.77946,3,3,3,16:03,-1,E06000010,6,0,2,1,1,"[13, 19]",5,1,0,0,0,1,0,0,0,0,0,2,20
2024161412601,2024,161412601,510040,435589,-0.33053,53.80497,3,3,4,18:25,-1,E06000010,6,2,1,1,1,"[2, 19]","[0, 1]","[0, 5]","[0, 4]",0,0,1,0,0,0,0,0,2,21
2024161412647,2024,161412647,494453,435091,-0.56728,53.80355,2,2,4,21:02,-1,E06000011,4,2,1,1,2,19,6,2,0,1,0,1,0,0,0,0,0,2,21
2024161412663,2024,161412663,495716,431909,-0.5491,53.77473,2,2,4,21:22,-1,E06000011,6,2,2,1,2,19,3,8,0,1,4,1,0,0,0,0,0,2,21
2024161412695,2024,161412695,513005,431423,-0.28705,53.7669,3,3,4,12:48,-1,E06000010,3,0,1,1,1,"[7, 19]","[8, 6]",2,0,0,0,1,1,0,0,0,0,2,21
2024161412823,2024,161412823,526053,407380,-0.09896,53.54793,3,3,4,11:45,-1,E06000012,6,0,2,1,1,"[5, 19]",5,1,0,0,0,1,1,0,0,0,0,2,21
2024161412880,2024,161412880,510620,430008,-0.32373,53.7547,2,2,4,08:45,-1,E06000010,6,0,8,1,1,"[3, 15]",1,5,0,0,0,1,1,0,0,0,0,2,21
2024161413024,2024,161413024,518435,466661,-0.19108,54.08225,2,2,5,17:50,-1,E06000011,6,0,1,0,1,9,3,7,0,0,0,1,0,0,0,0,1,2,22
2024161413046,2024,161413046,526495,406672,-0.09258,53.54146,3,3,5,20:41,-1,E06000012,3,2,1,1,1,"[9, 19]",1,"[7, 5]",0,1,"[0, 7]",1,0,1,0,0,0,2,22
2024161413127,2024,161413127,498093,405802,-0.52128,53.53971,2,2,6,06:27,-1,E06000013,4,2,8,2,2,19,5,1,0,7,1,1,0,0,0,0,0,2,23
2024161413398,2024,161413398,500052,407408,-0.49121,53.55377,3,3,6,08:17,-1,E06000013,3,0,1,0,2,19,7,3,0,0,0,1,0,0,0,0,1,2,23
2024161413489,2024,161413489,528383,409631,-0.06289,53.56759,2,2,6,21:06,-1,E06000012,6,2,1,0,1,"[2, 19]","[0, 2]","[0, 1]","[0, 4]",0,0,1,0,0,0,0,0,2,23
2024161413596,2024,161413596,503226,439816,-0.43254,53.84434,3,3,7,09:30,-1,E06000011,4,0,1,0,1,19,6,2,0,0,0,1,0,0,0,0,1,2,24
2024161413697,2024,161413697,515253,461982,-0.24147,54.04094,3,3,7,14:56,-1,E06000011,3,0,1,0,2,19,"[1, 5]","[5, 1]",0,"[1, 7]",0,1,0,0,0,0,0,2,24
2024161413818,2024,161413818,503309,427051,-0.43555,53.72963,3,3,2,17:35,-1,E06000011,6,2,8,0,1,9,3,1,0,0,0,1,0,0,0,0,1,2,12
2024161413951,2024,161413951,515660,435066,-0.24543,53.79905,2,"[2, 3]",1,12:10,-1,E06000011,3,0,1,0,2,"[9, 19]",5,1,0,0,0,1,0,0,0,0,0,2,25
2024161414019,2024,161414019,505172,410883,-0.41279,53.584,3,3,7,15:00,-1,E06000013,3,0,1,0,2,19,"[2, 6]","[6, 2]",0,0,0,1,0,0,0,0,0,2,24
2024161414159,2024,161414159,529955,406998,-0.04026,53.54355,3,3,2,09:12,-1,E06000012,6,0,1,0,1,1,5,1,0,1,11,1,0,0,0,0,0,2,26
2024161414198,2024,161414198,508350,432645,-0.35721,53.77887,3,3,6,12:00,-1,E06000010,3,0,1,0,1,"[19, 4]",5,1,0,0,0,1,0,0,0,0,0,2,23
2024161414352,2024,161414352,489376,412190,-0.65095,53.59867,3,3,2,11:17,-1,E06000013,6,0,1,0,1,"[19, 7]","[1, 3]",5,0,"[1, 0]","[10, 0]",1,0,0,0,0,0,2,26
2024161414385,2024,161414385,526426,407882,-0.09313,53.55235,3,3,2,18:46,-1,E06000012,3,2,1,0,1,"[9, 19]","[5, 3]","[3, 7]",0,0,0,1,0,0,0,0,0,2,26
2024161414479,2024,161414479,524966,403555,-0.11688,53.51383,3,3,4,18:20,-1,E06000012,6,2,1,0,1,"[14, 2]","[8, 0]","[4, 0]","[4, 0]",0,0,1,0,0,0,0,0,2,14
2024161414516,2024,161414516,517380,467120,-0.20702,54.08662,3,3,7,16:00,-1,E06000011,6,0,9,-1,1,"[19, 7]","[5, 7]",1,0,0,0,0,0,1,0,1,0,2,24
2024161414707,2024,161414707,503376,428851,-0.43393,53.74579,3,3,2,17:50,-1,E06000011,6,2,1,1,1,"[9, 19]",3,"[5, 7]",0,0,0,1,0,0,0,0,0,2,26
2024161414745,2024,161414745,476485,428029,-0.84179,53.74304,3,3,5,17:25,-1,E06000011,1,2,2,1,2,19,2,6,0,"[1, 0]","[9, 0]",1,0,0,0,0,0,1,25
2024161414755,2024,161414755,501128,469193,-0.45468,54.10869,3,3,3,15:45,-1,E06000011,4,0,1,0,2,19,"[7, 1]","[3, 5]",0,"[1, 0]",0,1,0,0,0,0,0,2,27
2024161414780,2024,161414780,511214,429125,-0.31504,53.74664,2,2,3,15:32,-1,E06000010,6,0,1,0,1,"[7, 19]","[4, 2]","[2, 6]",0,0,0,1,1,0,0,0,0,2,27
2024161414867,2024,161414867,509031,416979,-0.35239,53.63798,2,2,3,16:20,-1,E06000013,3,0,8,1,2,19,1,5,0,1,9,1,0,0,0,0,0,2,27
2024161415046,2024,161415046,489927,409535,-0.64339,53.57472,3,3,4,08:35,-1,E06000013,3,0,8,1,1,"[5, 19]","[4, 6]",8,0,0,0,1,0,0,0,0,0,2,28
2024161415054,2024,161415054,507241,433936,-0.37359,53.7907,3,3,4,12:37,-1,E06000010,6,0,1,0,1,19,"[2, 6]","[6, 2]",0,0,0,1,0,0,0,0,0,2,28
2024161415202,2024,161415202,529477,409751,-0.04633,53.5684,2,2,4,17:16,-1,E06000012,3,0,1,0,1,"[9, 19]","[6, 8]",4,0,0,0,1,0,0,0,0,0,2,28
2024161415212,2024,161415212,487508,406195,-0.68084,53.54511,3,3,4,05:05,-1,E06000013,1,2,2,1,2,19,4,8,0,"[0, 1]","[0, 6]",1,0,0,1,0,0,2,28
2024161415217,2024,161415217,527219,410367,-0.08016,53.57448,3,3,4,06:30,-1,E06000012,3,0,1,1,1,"[19, 4]",5,7,0,0,0,1,0,0,0,0,0,2,28
2024161415243,2024,161415243,504906,432594,-0.40947,53.77912,2,2,2,16:30,-1,E06000011,6,0,1,0,1,19,5,1,0,0,0,1,0,0,0,0,1,2,26
2024161415252,2024,161415252,478379,408827,-0.81792,53.5702,3,3,1,11:00,-1,E06000013,1,0,1,0,2,"[9, 19]",1,"[3, 5]",0,0,0,1,0,0,0,0,0,2,25
2024161415320,2024,161415320,503074,428656,-0.43858,53.7441,3,3,3,16:10,-1,E06000011,4,0,1,0,1,"[3, 19]",1,5,0,0,0,1,0,0,0,0,0,2,27
2024161415380,2024,161415380,508162,428680,-0.36145,53.74329,3,3,3,07:44,-1,E06000010,6,0,1,0,1,"[19, 7]",7,3,0,0,0,1,1,0,0,0,0,2,27
2024161415456,2024,161415456,511133,432492,-0.31506,53.77691,3,3,4,18:30,-1,E06000010,4,2,2,1,1,"[10, 19]",6,2,0,0,0,1,0,0,0,0,0,2,28
2024161415457,2024,161415457,527215,408773,-0.08087,53.56016,3,3,1,02:10,-1,E06000012,6,2,1,0,1,"[2, 19]","[0, 5]","[0, 1]","[0, 4]",0,0,1,0,0,0,0,0,2,25
2024161415484,2024,161415484,527194,409584,-0.08085,53.56745,3,3,7,19:50,-1,E06000012,3,2,1,0,1,"[19, 3]",1,5,0,0,0,1,0,0,0,0,0,2,24
2024161415564,2024,161415564,480587,448365,-0.77429,53.92516,3,3,1,17:03,-1,E06000011,4,0,2,1,2,"[19, 2]","[8, 3]","[4, 7]","[10, 0]",0,0,1,0,0,0,0,0,1,21
2024161415585,2024,161415585,529219,430577,-0.04157,53.75554,3,3,5,17:00,-1,E06000011,6,0,8,0,2,9,1,3,0,0,0,1,0,0,0,0,1,2,29
2024161415594,2024,161415594,507038,433017,-0.37699,53.78248,3,3,5,19:05,-1,E06000010,6,0,1,0,1,19,"[8, 1]","[4, 5]",0,0,0,1,1,0,0,0,0,2,29
2024161415609,2024,161415609,489318,405037,-0.65386,53.5344,3,3,5,18:00,-1,E06000013,6,2,1,0,2,"[19, 9]","[5, 3]",1,0,1,"[4, 0]",1,0,0,0,0,0,2,29
2024161415642,2024,161415642,521110,406135,-0.174,53.53791,3,3,5,20:20,-1,E06000012,3,2,1,0,2,"[9, 19]","[2, 6]","[6, 2]",0,0,0,1,0,0,0,0,0,2,29
2024161415704,2024,161415704,504376,418344,-0.42231,53.65119,3,3,4,10:30,-1,E06000013,6,0,1,0,2,19,4,8,0,7,11,1,0,0,0,0,0,2,28
2024161415911,2024,161415911,499730,442082,-0.48492,53.86538,2,2,6,14:30,-1,E06000011,4,0,2,1,2,"[19, 7]","[1, 3, 5]","[5, 7, 1]",0,0,0,1,0,0,0,0,0,3,1
2024161415955,2024,161415955,510532,433394,-0.32385,53.78514,2,"[3, 2]",5,18:20,-1,E06000010,6,2,1,0,1,"[12, 19]","[1, 5]","[5, 1]","[10, 0]","[7, 0]",0,1,0,0,0,0,0,2,22
2024161416001,2024,161416001,473265,423283,-0.89173,53.70085,3,3,6,22:36,-1,E06000011,3,2,2,1,1,19,"[3, 7]","[7, 3]",0,"[1, 0]",0,1,0,0,0,0,0,3,1
2024161416031,2024,161416031,509316,432546,-0.3426,53.77778,2,2,6,23:25,-1,E06000010,6,2,1,0,1,19,"[1, 2]","[5, 6]","[10, 0]",0,0,1,0,0,0,0,0,3,1
2024161416341,2024,161416341,474373,428494,-0.8737,53.74752,3,3,7,19:30,-1,E06000011,4,2,1,0,2,19,3,7,0,0,0,1,0,0,0,0,0,3,2
2024161416569,2024,161416569,509148,429085,-0.34637,53.74672,3,3,1,20:23,-1,E06000010,6,2,1,0,1,"[19, 6]",1,"[1, 3]",0,0,0,1,0,0,0,0,0,3,3
2024161416630,2024,161416630,501403,458115,-0.45417,54.0091,3,3,7,14:20,-1,E06000011,3,0,1,0,2,"[3, 4]",7,3,0,0,0,1,0,0,0,0,0,2,24
2024161416639,2024,161416639,474584,427978,-0.87062,53.74286,3,3,6,07:52,-1,E06000011,6,0,1,0,2,"[19, 5]","[8, 5]","[3, 1]",0,0,0,1,0,0,0,0,0,3,1
2024161416644,2024,161416644,502638,411926,-0.45071,53.59387,2,2,2,07:06,-1,E06000013,4,0,1,2,2,7,8,2,0,0,0,0,0,1,0,0,0,3,4
2024161416668,2024,161416668,502558,426928,-0.44697,53.72868,3,3,6,08:37,-1,E06000011,3,0,1,0,1,"[7, 19]",3,"[4, 6]",0,0,0,1,1,0,0,0,0,3,1
2024161416683,2024,161416683,514197,431478,-0.26896,53.76714,3,3,6,08:50,-1,E06000010,6,0,1,0,1,99,3,7,0,9,99,1,0,0,0,0,1,3,1
2024161416714,2024,161416714,527104,409548,-0.08222,53.56715,3,3,7,12:43,-1,E06000012,3,0,2,1,1,3,7,3,0,0,0,1,0,0,0,0,0,3,2
2024161416722,2024,161416722,505893,429412,-0.39559,53.75033,3,3,7,14:27,-1,E06000010,6,0,1,0,1,"[3, 19]",8,4,0,0,0,1,0,0,0,0,0,3,2
2024161416734,2024,161416734,479661,455361,-0.78656,53.98817,3,3,5,16:00,-1,E06000011,6,0,1,0,2,19,"[1, 5]","[5, 1]","[10, 0]","[7, 0]",0,1,0,1,0,0,0,2,29
2024161416746,2024,161416746,513993,430975,-0.27224,53.76266,3,3,7,23:25,-1,E06000010,6,2,1,0,1,1,5,1,0,0,0,1,0,0,0,0,1,3,2
2024161416795,2024,161416795,504609,432794,-0.41391,53.78097,3,3,2,10:07,-1,E06000011,6,0,1,0,1,9,7,5,0,0,0,1,0,0,0,0,1,3,4
2024161416895,2024,161416895,527979,409664,-0.06897,53.56798,2,2,2,07:24,-1,E06000012,6,0,1,2,1,19,"[6, 7]","[2, 3]",0,"[7, 3]",11,1,0,0,0,0,0,3,4
2024161416932,2024,161416932,478252,431797,-0.81405,53.77664,2,2,2,13:52,-1,E06000011,3,0,1,0,2,19,1,5,0,1,4,0,0,0,1,0,0,3,4
2024161416972,2024,161416972,515215,464648,-0.24104,54.0649,3,3,1,07:00,-1,E06000011,3,0,1,1,2,19,8,4,10,2,11,1,0,0,0,0,0,3,3
2024161417044,2024,161417044,486940,411143,-0.68804,53.58967,3,3,6,16:15,-1,E06000013,3,0,1,0,1,"[9, 19]","[3, 7]","[1, 3]",0,0,0,1,0,0,0,0,0,1,12
2024161417474,2024,161417474,519303,440717,-0.18796,53.84899,3,3,3,04:23,-1,E06000011,6,2,1,1,2,19,"[5, 3]","[1, 7]",0,7,"[4, 0]",1,0,0,0,0,0,3,5
2024161417534,2024,161417534,506179,431004,-0.39071,53.76457,3,3,2,14:30,-1,E06000010,6,0,1,0,1,"[2, 19]",-1,-1,"[0, 4]",0,0,1,0,1,0,0,0,3,4
2024161417540,2024,161417540,496209,433593,-0.5411,53.78977,2,"[3, 2]",3,15:04,-1,E06000011,6,0,1,0,2,19,"[2, 5]","[6, 8]",0,"[7, 0]","[4, 0]",1,0,0,0,0,0,3,5
2024161417721,2024,161417721,513649,430391,-0.27767,53.75749,3,3,3,15:10,-1,E06000010,6,0,1,0,1,19,"[3, 7]","[7, 3]",0,0,0,1,1,0,0,0,0,3,5
2024161417727,2024,161417727,506943,429445,-0.37966,53.75041,2,2,4,12:32,-1,E06000010,6,0,1,1,1,"[9, 19]","[7, 3]","[5, 7]",0,0,0,1,1,0,0,0,0,3,6
2024161417786,2024,161417786,526533,408299,-0.09135,53.55607,2,2,4,08:12,-1,E06000012,3,0,1,0,1,19,8,4,0,0,0,1,0,0,0,0,1,3,6
2024161417812,2024,161417812,504565,438524,-0.41264,53.83246,3,3,4,13:47,-1,E06000011,3,0,1,1,2,19,6,2,0,0,0,1,0,0,0,0,0,3,6
2024161417834,2024,161417834,511911,430636,-0.30393,53.76007,3,3,4,17:32,-1,E06000010,3,2,1,1,1,"[19, 7]","[7, 1]","[3, 5]",0,0,0,1,0,0,0,0,1,3,6
2024161417904,2024,161417904,507361,435095,-0.37136,53.80109,3,3,5,19:19,-1,E06000011,6,2,1,0,2,"[19, 5]","[5, 7]","[1, 3]",0,0,0,1,0,0,0,0,0,2,29
2024161417946,2024,161417946,506613,428665,-0.38494,53.74347,3,3,4,09:15,-1,E06000010,6,0,2,1,1,"[9, 19]","[7, 3]","[3, 7]",0,0,0,1,1,0,0,0,0,3,6
2024161417963,2024,161417963,488234,409438,-0.66897,53.57413,2,2,2,16:10,-1,E06000013,6,0,1,0,2,-1,5,1,0,0,0,0,0,1,0,0,1,3,4
2024161417964,2024,161417964,525358,410680,-0.10812,53.57774,3,3,2,05:34,-1,E06000012,3,0,1,0,1,"[19, 4]",4,8,0,0,0,1,0,0,0,0,0,3,4
2024161417986,2024,161417986,511461,432978,-0.30991,53.78121,3,3,5,06:05,-1,E06000010,4,0,1,-1,1,"[7, 19]","[7, 6]",2,0,0,0,1,1,0,0,0,0,3,7
2024161418034,2024,161418034,504844,433237,-0.4102,53.78491,3,3,3,15:30,-1,E06000011,6,0,1,0,1,"[5, 19]","[1, 7]","[5, 3]",0,0,0,1,1,0,0,0,0,3,5
2024161418112,2024,161418112,502660,457994,-0.43504,54.00777,3,3,5,18:26,-1,E06000011,4,2,1,0,1,"[9, 19]","[4, 8]","[2, 4]",0,0,0,1,1,0,0,0,0,2,29
2024161418164,2024,161418164,503930,433124,-0.4241,53.78407,3,3,5,09:30,-1,E06000011,4,0,1,1,1,"[9, 19]","[7, 3]","[5, 7]",0,0,0,1,0,0,0,0,0,3,7
2024161418211,2024,161418211,495857,403865,-0.5556,53.52272,3,3,4,21:52,-1,E06000013,3,2,7,1,2,"[19, 9]",1,"[5, 7]",0,0,0,1,0,0,0,0,0,3,6
2024161418219,2024,161418219,490596,410915,-0.63289,53.587,3,3,5,05:40,-1,E06000013,3,0,1,1,1,"[8, 13]","[7, 5]",1,"[0, 10]","[0, 1]","[0, 11]",1,0,0,0,0,0,3,7
2024161418251,2024,161418251,489376,409625,-0.65168,53.57562,2,2,5,20:50,-1,E06000013,6,2,1,0,1,"[2, 19]","[0, 7]","[0, 3]","[0, 4]",0,0,1,0,0,0,0,0,3,7
2024161418353,2024,161418353,509265,432858,-0.34326,53.78059,3,3,6,08:05,-1,E06000010,3,0,1,0,1,19,"[1, 3]","[5, 7]",0,0,0,1,1,0,0,0,0,3,8
2024161418503,2024,161418503,512261,429891,-0.29889,53.7533,2,2,6,13:57,-1,E06000010,6,0,1,0,1,"[19, 2]","[7, 0]","[3, 0]","[4, 0]",0,0,1,0,0,0,0,0,3,8
2024161418543,2024,161418543,496951,450129,-0.52462,53.93821,1,"[2, 3, 1]",6,10:00,-1,E06000011,4,0,1,0,2,19,"[5, 3]","[1, 7]",0,"[1, 7]","[0, 10]",1,0,0,0,0,0,3,8
2024161418648,2024,161418648,503139,421952,-0.43982,53.68385,2,2,6,18:54,-1,E06000013,6,0,1,0,1,4,4,8,0,0,0,1,0,0,0,0,1,3,8
2024161418689,2024,161418689,524239,407637,-0.12622,53.55067,3,3,7,09:50,-1,E06000012,3,0,1,0,1,19,7,3,0,0,0,1,0,0,0,0,1,3,9
2024161418780,2024,161418780,486223,410649,-0.699,53.58535,3,3,7,13:04,-1,E06000013,1,0,1,0,2,"[19, 4]",5,1,0,0,0,1,0,0,0,0,0,3,9
2024161418806,2024,161418806,488062,440918,-0.66263,53.85703,2,"[3, 2]",5,13:54,-1,E06000011,3,0,1,0,2,"[19, 5, 9]","[7, 5]","[3, 1]",0,0,0,1,0,0,0,0,0,2,29
2024161418878,2024,161418878,490647,410917,-0.63211,53.58701,2,2,7,18:30,-1,E06000013,3,2,1,0,1,"[9, 19]","[4, 8]","[1, 4]",0,"[0, 1]",0,1,0,1,0,0,0,3,9
2024161418886,2024,161418886,508855,430745,-0.35022,53.7617,3,3,1,00:01,-1,E06000010,3,2,2,1,1,"[7, 19]","[7, 5]",1,0,0,0,1,0,0,0,0,0,3,10
2024161418914,2024,161418914,492062,448682,-0.5995,53.9261,3,3,1,05:30,-1,E06000011,3,2,2,1,2,19,"[6, 2]","[2, 6]","[0, 1]","[1, 0]",0,1,0,0,0,0,0,3,10
2024161418981,2024,161418981,522693,410008,-0.14861,53.57233,3,3,1,10:04,-1,E06000012,4,0,2,1,2,"[13, 19]",2,6,"[0, 10]","[0, 7]","[0, 1]",1,0,0,0,0,0,3,10
2024161419030,2024,161419030,512077,430338,-0.30152,53.75736,3,3,1,15:08,-1,E06000010,6,0,1,1,1,"[19, 4]",7,3,0,0,0,1,0,0,0,0,0,3,10
2024161419062,2024,161419062,527482,409577,-0.07651,53.56732,3,3,7,14:40,-1,E06000012,3,0,1,0,1,"[19, 9]","[5, 3]",1,0,"[0, 1]",0,1,0,0,0,0,0,3,9
2024161419067,2024,161419067,514062,417827,-0.27603,53.64453,2,2,1,18:03,-1,E06000013,6,2,1,1,2,19,5,1,0,1,0,0,0,0,1,0,0,1,28
2024161419111,2024,161419111,511013,433821,-0.3164,53.78888,3,3,4,13:17,-1,E06000010,6,0,1,0,1,"[19, 12]","[2, 6]","[6, 2]",0,0,0,1,0,0,0,0,0,3,6
2024161419127,2024,161419127,494124,401315,-0.58249,53.50012,2,2,1,20:05,-1,E06000013,4,2,1,1,2,19,"[3, 5]","[7, 1]",0,1,"[0, 4]",1,0,0,0,0,0,3,10
2024161419173,2024,161419173,510481,429022,-0.32619,53.74587,3,3,2,08:00,-1,E06000010,3,0,1,0,1,"[1, 19]",8,4,0,0,0,1,0,0,0,0,0,2,26
2024161419255,2024,161419255,507069,428962,-0.37792,53.74605,3,3,5,16:15,-1,E06000010,6,0,9,-1,1,"[7, 19]","[2, 1]",5,0,0,0,1,1,0,0,0,0,3,7
2024161419545,2024,161419545,508649,431018,-0.35325,53.76419,3,3,2,16:30,-1,E06000010,6,0,1,0,1,"[2, 9, 19]","[0, 5, 1]","[0, 7, 1]",0,0,0,1,1,0,0,0,0,3,11
2024161419670,2024,161419670,508596,431226,-0.35398,53.76607,2,2,7,10:03,-1,E06000010,6,0,1,0,1,19,"[5, 3]","[1, 7]",0,0,0,1,0,0,0,1,0,3,9
2024161419697,2024,161419697,510232,431430,-0.3291,53.76756,3,3,1,21:44,-1,E06000010,3,2,1,0,1,"[7, 19]","[5, 3]",7,0,0,0,1,1,0,0,0,0,3,10
2024161419779,2024,161419779,511877,433586,-0.30338,53.78658,3,3,3,08:20,-1,E06000010,6,0,2,1,1,19,4,8,0,0,0,0,0,0,1,0,1,3,12
2024161419966,2024,161419966,473282,425145,-0.89103,53.71758,3,3,3,15:45,-1,E06000011,3,0,1,0,2,"[4, 19]",1,5,0,0,0,1,0,0,0,0,0,3,12
2024161420091,2024,161420091,507159,428710,-0.37665,53.74376,3,3,4,07:37,-1,E06000010,3,2,1,0,1,"[4, 19]",7,3,0,0,0,1,0,0,0,0,0,3,13
2024161420253,2024,161420253,527641,409960,-0.07395,53.57072,3,3,3,17:45,-1,E06000012,4,0,1,0,1,19,5,1,0,0,0,0,0,0,1,0,1,3,12
2024161420408,2024,161420408,499733,442074,-0.48488,53.86531,3,3,4,15:00,-1,E06000011,4,0,1,0,2,"[19, 7]","[1, 3]",5,0,"[0, 1]",0,1,0,0,1,0,0,3,13
2024161420725,2024,161420725,512800,432038,-0.28994,53.77247,3,3,5,08:20,-1,E06000010,6,0,1,0,1,"[9, 19]","[5, 4]","[4, 8]",0,0,0,1,0,0,0,0,0,3,14
2024161420819,2024,161420819,487276,409932,-0.6833,53.57873,3,3,5,18:01,-1,E06000013,6,2,2,1,1,19,1,5,0,1,10,1,0,0,0,0,0,3,14
2024161421045,2024,161421045,508298,428637,-0.35941,53.74287,3,3,3,14:25,-1,E06000010,6,0,1,0,1,9,5,3,0,0,0,1,0,0,0,0,0,3,12
2024161421094,2024,161421094,512700,431194,-0.29176,53.76491,3,3,7,10:25,-1,E06000010,3,0,1,0,1,"[7, 19]","[5, 3]",7,0,0,0,1,0,0,1,0,0,3,9
2024161421151,2024,161421151,495868,456203,-0.5392,53.99298,2,"[3, 2]",6,12:23,-1,E06000011,4,0,1,0,2,"[2, 19]","[0, 1]","[0, 5]","[0, 4]",0,0,1,0,0,0,0,0,3,15
2024161421245,2024,161421245,501836,426563,-0.45803,53.72554,3,3,6,19:43,-1,E06000011,3,2,1,0,2,"[4, 19]",1,5,0,0,0,1,0,0,0,0,0,3,15
2024161421273,2024,161421273,480360,449089,-0.77755,53.9317,3,3,6,21:10,-1,E06000011,6,2,1,0,2,"[19, 2]","[5, 0]","[1, 0]","[4, 0]",0,0,1,0,0,0,0,0,3,15
2024161421399,2024,161421399,508747,428662,-0.35259,53.743,2,2,7,11:00,-1,E06000010,6,0,1,0,1,"[19, 9]","[7, 3]","[3, 1]",0,0,0,1,0,1,0,0,0,3,16
2024161421479,2024,161421479,523323,436504,-0.12857,53.81021,2,2,7,12:54,-1,E06000011,4,0,1,0,2,19,2,6,0,7,9,0,0,1,0,0,0,3,16
2024161421530,2024,161421530,501099,465872,-0.45623,54.07886,3,3,7,22:15,-1,E06000011,4,2,2,1,2,19,6,2,0,7,0,1,0,0,0,0,0,3,16
2024161421600,2024,161421600,495212,406310,-0.56458,53.54481,2,2,1,08:05,-1,E06000013,1,2,2,1,2,19,3,7,0,1,4,1,0,0,0,0,0,3,17
2024161421770,2024,161421770,502949,417049,-0.44432,53.63984,3,3,1,20:32,-1,E06000013,4,2,1,1,2,19,"[6, 5]","[2, 1]",0,"[1, 0]",0,1,0,0,0,0,0,3,17
2024161421917,2024,161421917,501767,426640,-0.45905,53.72624,3,3,2,09:05,-1,E06000011,3,0,1,0,2,"[4, 19]",8,4,0,0,0,1,0,0,0,0,0,3,18
2024161422007,2024,161422007,478029,408836,-0.8232,53.57034,3,3,6,21:20,-1,E06000013,1,2,1,0,2,19,7,3,0,0,0,1,0,0,1,0,0,3,15
2024161422163,2024,161422163,499335,439813,-0.49166,53.84507,3,3,2,14:00,-1,E06000011,6,0,1,0,2,19,"[5, 7]","[1, 3]",0,0,0,1,0,1,0,0,0,3,18