collision_index,collision_year,collision_ref_no,location_easting_osgr,location_northing_osgr,longitude,latitude,casualty_severity,casualty_severity,day_of_week,time,local_authority_district,local_authority_ons_district,first_road_class,light_conditions,weather_conditions,road_surface_conditions,urban_or_rural_area,vehicle_manoeuvre,vehicle_direction_from,vehicle_direction_to,hit_object_in_carriageway,vehicle_leaving_carriageway,hit_object_off_carriageway,is_car,is_cyle,is_mcyle,is_goodsv,is_other,is_pedestrian,month,day
2024161462364,2024,161462364,500400,469052,-0.46586,54.10756,3,3,2,15:15,-1,E06000011,4,0,1,1,2,"[7, 19, 4]","[1, 3]","[3, 7, 5]",0,0,0,1,0,0,1,0,0,7,1
2024161462367,2024,161462367,527919,408052,-0.07054,53.55352,3,3,2,13:10,-1,E06000012,6,0,1,0,1,19,"[3, 7]","[7, 3]",0,0,0,1,1,0,0,0,0,7,1
2024161462371,2024,161462371,489107,410796,-0.65541,53.58619,3,3,2,16:10,-1,E06000013,6,0,2,1,1,19,"[3, 1]","[7, 5]",0,0,0,1,1,0,0,0,0,7,1
2024161462379,2024,161462379,489037,411184,-0.65635,53.58969,3,3,2,16:21,-1,E06000013,6,0,2,1,1,19,"[1, 3]","[5, 7]","[10, 0]","[0, 1]","[0, 11]",1,0,0,0,0,0,7,1
2024161462386,2024,161462386,508859,430737,-0.35017,53.76162,3,3,2,16:00,-1,E06000010,3,0,2,1,1,19,1,5,0,0,0,1,1,0,0,0,0,7,1
2024161462455,2024,161462455,527421,408798,-0.07775,53.56034,3,3,2,22:20,-1,E06000012,6,2,2,1,1,19,"[7, 1]","[3, 5]",0,0,0,1,0,0,0,0,0,7,1
2024161462462,2024,161462462,506621,431667,-0.38378,53.77044,3,3,2,22:44,-1,E06000010,6,2,1,1,1,19,"[1, 7]","[5, 3]",0,0,0,1,1,0,0,0,0,7,1
2024161462523,2024,161462523,516753,468256,-0.21616,54.09697,3,3,3,13:50,-1,E06000011,6,0,9,0,1,19,2,6,0,0,0,0,0,0,1,0,0,6,25
2024161462531,2024,161462531,521256,429469,-0.16271,53.7475,2,"[3, 2]",7,13:20,-1,E06000011,6,0,1,0,2,"[13, 19]","[8, 4]","[4, 8]",0,"[7, 0]","[9, 0]",1,0,1,0,0,0,6,22
2024161462564,2024,161462564,511077,429727,-0.3169,53.75208,3,3,4,10:15,-1,E06000010,3,0,1,0,1,19,8,4,0,0,0,0,0,0,1,0,0,6,26
2024161462583,2024,161462583,528232,408593,-0.06559,53.5583,2,2,3,11:50,-1,E06000012,6,0,1,0,1,"[15, 7]",8,"[4, 3]",0,0,0,1,0,1,0,0,0,6,25
2024161462624,2024,161462624,474379,423576,-0.87479,53.70333,2,2,7,03:30,-1,E06000011,6,2,1,0,1,19,3,7,"[0, 7]",0,0,1,0,1,0,0,0,6,29
2024161462680,2024,161462680,471939,447611,-0.90613,53.91965,3,3,3,08:00,-1,E06000011,6,0,1,0,2,19,"[8, 4]","[4, 8]",0,0,0,1,1,0,0,0,0,7,2
2024161462692,2024,161462692,495364,449830,-0.54888,53.93581,3,3,4,17:45,-1,E06000011,3,0,1,0,2,19,"[2, 6]","[6, 2]",0,0,0,1,0,0,1,0,0,6,19
2024161462697,2024,161462697,504926,427776,-0.41081,53.73583,3,3,5,12:55,-1,E06000010,6,0,1,-1,1,19,3,1,0,0,0,1,0,0,0,0,1,6,27
2024161462886,2024,161462886,508250,429601,-0.3598,53.75154,2,"[2, 3]",3,21:05,-1,E06000010,6,0,1,0,1,19,7,4,7,7,11,1,0,0,0,0,1,7,2
2024161462906,2024,161462906,522598,443879,-0.13664,53.87663,2,"[3, 2]",1,11:48,-1,E06000011,4,0,1,0,2,"[2, 19]","[0, 8]","[0, 5]",0,0,0,1,1,0,0,0,0,6,23
2024161462979,2024,161462979,526439,407839,-0.09295,53.55196,3,3,6,16:05,-1,E06000012,3,0,1,0,1,"[9, 19]","[5, 7]",3,0,0,0,1,1,0,0,0,0,6,28
2024161462989,2024,161462989,502393,426402,-0.44964,53.72398,2,2,6,08:40,-1,E06000011,6,0,1,0,2,"[99, 2]",5,1,"[99, 8]","[9, 0]","[99, 0]",1,1,0,0,0,0,6,28
2024161463002,2024,161463002,510255,409657,-0.33648,53.57194,3,3,4,09:00,-1,E06000013,6,0,2,1,2,19,"[1, 5]","[5, 1]",0,"[0, 1]",0,1,0,0,0,0,0,7,3
2024161463141,2024,161463141,524109,408987,-0.12764,53.56283,3,3,3,16:45,-1,E06000012,3,0,1,0,1,19,4,8,0,0,0,1,1,0,0,0,0,7,2
2024161463194,2024,161463194,525700,409398,-0.10347,53.56614,3,3,4,15:45,-1,E06000012,3,0,1,0,1,3,4,8,0,0,0,1,0,0,0,0,1,7,3
2024161463272,2024,161463272,503381,422415,-0.43601,53.68797,3,3,4,20:15,-1,E06000013,6,0,8,0,1,19,"[3, 5]","[7, 1]",0,0,0,1,1,0,0,0,0,7,3
2024161463279,2024,161463279,505965,429175,-0.39458,53.74818,3,3,3,18:15,-1,E06000010,6,0,1,0,1,"[9, 19]",5,"[3, 1]",0,"[0, 7]",0,1,0,1,0,0,0,7,2
2024161463288,2024,161463288,498789,426569,-0.50419,53.72618,2,2,4,21:22,-1,E06000011,3,2,1,0,1,19,3,7,0,0,0,1,0,1,0,0,0,7,3
2024161463445,2024,161463445,509910,432026,-0.33377,53.77298,3,3,2,17:40,-1,E06000010,6,0,9,0,1,"[9, 7]","[4, 1]","[1, 4]",0,0,0,1,1,0,0,0,0,7,1
2024161463708,2024,161463708,512797,432042,-0.28998,53.77251,3,3,5,19:35,-1,E06000010,6,0,1,0,1,"[19, 9]","[4, 8]","[8, 6]",0,0,0,1,0,0,0,0,0,7,4
2024161463784,2024,161463784,524014,411006,-0.12828,53.58099,3,3,6,09:14,-1,E06000012,3,0,1,0,2,19,3,7,7,6,3,1,0,0,0,0,0,7,5
2024161463926,2024,161463926,507730,428685,-0.368,53.74342,3,3,3,15:30,-1,E06000010,6,0,2,1,1,19,6,2,0,0,0,1,1,0,0,0,0,7,2
2024161464014,2024,161464014,481707,400743,-0.76978,53.49705,2,"[3, 2]",6,15:15,-1,E06000013,6,0,1,0,2,19,"[1, 5]","[5, 1]",0,1,0,1,0,0,0,0,0,7,5
2024161464110,2024,161464110,525900,409657,-0.10035,53.56842,2,2,6,21:00,-1,E06000012,6,0,1,0,1,19,6,2,0,0,0,1,0,0,0,0,1,7,5
2024161464273,2024,161464273,502107,441213,-0.44908,53.85711,3,3,7,11:30,-1,E06000011,3,0,1,1,2,19,8,4,0,0,0,1,0,0,0,0,0,7,6
2024161464320,2024,161464320,489362,412207,-0.65115,53.59882,3,3,7,15:15,-1,E06000013,6,0,1,0,1,"[9, 19]","[3, 1]",5,0,0,0,1,0,1,0,0,0,7,6
2024161464364,2024,161464364,508365,432353,-0.35709,53.77624,2,2,6,14:45,-1,E06000010,3,0,1,0,1,5,3,1,0,0,0,0,0,0,1,0,1,7,5
2024161464430,2024,161464430,523784,411540,-0.13154,53.58584,3,3,7,21:00,-1,E06000012,6,0,1,0,1,"[19, 6]",3,7,0,0,0,1,0,1,0,0,0,7,6
2024161464516,2024,161464516,491670,448582,-0.6055,53.92527,3,3,1,12:44,-1,E06000011,3,0,1,0,2,19,7,3,0,0,0,1,0,0,0,0,0,7,7
2024161464651,2024,161464651,506606,431623,-0.38402,53.77005,3,3,1,19:10,-1,E06000010,4,0,1,0,1,"[5, 19]","[6, 3]","[1, 7]",99,0,0,1,0,1,0,0,0,7,7
2024161464653,2024,161464653,517550,473375,-0.20199,54.14277,1,"[1, 3]",1,19:15,-1,E06000011,4,0,1,1,2,19,"[4, 8]","[8, 4]",0,0,0,1,0,1,0,0,0,7,7
2024161464767,2024,161464767,513739,429773,-0.27653,53.75192,2,2,2,07:00,-1,E06000010,6,0,1,0,1,"[19, 6]",3,"[7, 3]",0,0,0,1,0,1,0,0,0,7,8
2024161464991,2024,161464991,518349,467153,-0.1922,54.08669,3,3,2,15:31,-1,E06000011,6,0,1,0,1,"[4, 19]","[6, 5]","[2, 1]",0,0,0,1,1,0,0,0,0,7,8
2024161464997,2024,161464997,519096,428499,-0.19582,53.73928,3,3,3,17:45,-1,E06000011,4,0,1,0,1,"[9, 19]","[3, 7]","[7, 5]",0,0,0,1,1,0,0,0,0,7,2
2024161465005,2024,161465005,474441,450249,-0.8674,53.94301,3,3,2,15:34,-1,E06000011,3,0,1,0,2,"[9, 19]","[2, 4]",8,0,0,0,1,0,0,0,0,0,7,8
2024161465341,2024,161465341,499044,438315,-0.49656,53.83167,3,3,4,15:37,-1,E06000011,6,0,1,0,2,19,3,7,99,1,0,1,0,0,0,0,0,7,3
2024161465493,2024,161465493,469887,422680,-0.94302,53.69589,3,3,3,13:46,-1,E06000011,1,0,2,1,2,"[19, 11]",2,6,0,"[5, 1]",0,1,0,0,1,0,0,7,9
2024161465645,2024,161465645,473444,424698,-0.88868,53.71354,2,2,3,16:25,-1,E06000011,3,0,1,0,1,"[9, 19]","[3, 8]","[8, 4]",0,"[0, 7]",0,1,0,0,0,0,0,7,2
2024161465675,2024,161465675,511903,430621,-0.30406,53.75994,3,3,3,16:16,-1,E06000010,3,0,9,0,1,19,6,2,0,0,0,1,1,0,0,0,0,7,9
2024161465698,2024,161465698,505874,429425,-0.39588,53.75045,2,2,2,10:00,-1,E06000010,6,0,1,0,1,19,8,4,0,0,0,1,0,0,1,0,1,7,8
2024161465983,2024,161465983,510067,428833,-0.33253,53.74426,3,3,4,13:00,-1,E06000010,6,0,1,0,1,"[9, 19]","[2, 7]","[1, 2]",0,0,0,1,0,0,0,0,0,7,10
2024161466138,2024,161466138,511318,445365,-0.30759,53.89252,2,2,4,18:12,-1,E06000011,6,0,1,0,2,"[2, 19]","[0, 2]","[0, 6]","[0, 4]",0,0,1,1,0,0,0,0,7,10
2024161466205,2024,161466205,527102,409315,-0.08235,53.56506,2,2,6,22:30,-1,E06000012,6,2,1,0,1,"[9, 19]","[1, 3]",7,0,0,0,1,1,0,0,0,0,6,28
2024161466206,2024,161466206,511322,429958,-0.3131,53.7541,3,3,4,17:39,-1,E06000010,3,0,1,0,1,"[9, 19]","[2, 6]","[8, 2]",0,0,0,1,1,0,0,0,0,7,10
2024161466330,2024,161466330,502538,457866,-0.43694,54.00664,3,3,5,10:45,-1,E06000011,6,0,1,0,1,9,4,2,0,0,0,1,0,0,0,0,1,7,4
2024161466406,2024,161466406,472387,423210,-0.90504,53.70032,2,2,5,12:20,-1,E06000011,3,0,1,0,2,19,8,4,0,2,10,0,0,1,0,0,0,7,11
2024161466479,2024,161466479,506034,427261,-0.39419,53.73097,3,3,5,08:15,-1,E06000010,6,0,1,1,1,"[4, 19]",6,2,"[0, 11]",0,0,1,0,0,0,0,0,7,11
2024161466563,2024,161466563,490203,410268,-0.63901,53.58126,3,3,2,17:10,-1,E06000013,6,0,1,0,1,"[14, 2]",4,8,0,0,0,1,0,0,1,0,1,7,8
2024161466615,2024,161466615,509158,437460,-0.34325,53.82196,3,3,5,12:45,-1,E06000011,6,0,1,0,2,19,"[5, 3]","[3, 5]",0,"[0, 1]",0,1,0,0,0,0,0,7,11
2024161467087,2024,161467087,514229,430337,-0.2689,53.75688,2,2,4,15:30,-1,E06000010,6,2,1,0,1,19,7,3,0,0,0,1,0,0,0,0,1,7,3
2024161467114,2024,161467114,481843,428918,-0.76034,53.75022,3,3,4,17:05,-1,E06000011,4,0,1,0,2,"[9, 19]",6,"[4, 2]",0,"[0, 7]","[0, 4]",1,0,0,0,0,0,7,10
2024161467118,2024,161467118,527163,408075,-0.08193,53.55391,2,"[2, 3]",6,13:58,-1,E06000012,3,0,1,1,1,"[13, 4, 2]","[7, 0]","[3, 0]","[0, 4]","[1, 0]",0,1,0,0,0,0,0,7,12
2024161467138,2024,161467138,525606,407776,-0.10554,53.5516,3,3,6,22:57,-1,E06000012,3,2,8,1,1,"[19, 9]","[7, 3]","[3, 1]",0,7,0,1,0,0,0,0,0,7,12
2024161467156,2024,161467156,482997,429716,-0.74263,53.7572,3,3,6,19:17,-1,E06000011,6,0,2,1,2,"[9, 13]",5,"[3, 1]",0,"[0, 7]","[0, 4]",1,0,0,0,0,0,7,12
2024161467166,2024,161467166,519366,412787,-0.19776,53.59807,3,3,6,22:40,-1,E06000012,3,2,1,1,2,9,8,6,7,0,0,1,0,0,0,0,0,7,12
2024161467292,2024,161467292,512098,430765,-0.30105,53.76119,2,2,7,12:50,-1,E06000010,3,0,1,1,1,"[19, 9]","[2, 6]","[6, 4]",0,0,0,1,0,0,0,0,0,7,13
2024161467325,2024,161467325,509566,429279,-0.33996,53.74838,3,3,7,12:40,-1,E06000010,3,0,1,1,1,"[9, 19]","[1, 7]","[7, 3]",0,0,0,1,0,0,0,0,0,7,13
2024161467350,2024,161467350,527546,408102,-0.07614,53.55406,2,"[2, 3]",7,12:08,-1,E06000012,3,0,2,1,1,19,"[5, 7]","[1, 3]",0,0,0,1,0,0,0,0,0,7,13
2024161467355,2024,161467355,487606,411202,-0.67796,53.59009,3,3,7,11:25,-1,E06000013,6,0,5,1,2,19,"[3, 7]","[7, 3]",0,"[0, 7]",0,1,0,0,0,0,0,7,13
2024161467403,2024,161467403,471829,429720,-0.91198,53.7589,2,2,7,18:40,-1,E06000011,6,0,1,0,2,"[19, 9]","[8, 2]","[4, 8]",0,0,0,1,0,0,0,0,0,7,13
2024161467438,2024,161467438,489224,408895,-0.65418,53.56909,3,3,5,15:45,-1,E06000013,3,0,2,1,1,19,5,1,0,0,0,1,0,0,0,0,1,7,11
2024161467464,2024,161467464,508611,429459,-0.35438,53.75019,2,2,1,02:37,-1,E06000010,6,2,2,1,1,19,3,7,0,0,0,1,0,0,0,0,1,7,14
2024161467471,2024,161467471,482076,429892,-0.75655,53.75893,3,3,4,14:30,-1,E06000011,1,0,1,0,2,19,7,3,0,"[5, 0, 2]",0,1,0,0,1,0,0,7,10
2024161467543,2024,161467543,503406,441410,-0.42927,53.85862,3,3,1,10:32,-1,E06000011,3,0,1,0,2,"[19, 9]",7,3,0,0,0,1,0,0,0,0,0,7,14
2024161467698,2024,161467698,530752,408394,-0.02766,53.55589,3,3,1,17:00,-1,E06000012,4,0,1,0,1,"[19, 1]",4,8,0,0,0,1,0,0,0,0,0,7,14
2024161467713,2024,161467713,464204,422140,-1.02919,53.69177,3,3,1,23:38,-1,E06000011,6,2,8,1,2,19,7,3,99,0,0,1,0,0,0,0,1,7,14
2024161467793,2024,161467793,502482,430292,-0.44701,53.75892,3,3,5,14:20,-1,E06000011,6,0,1,0,1,"[2, 19]","[0, 1]","[0, 5]",0,0,0,1,1,0,0,0,0,7,11
2024161467919,2024,161467919,489785,410622,-0.64522,53.58451,3,3,5,08:00,-1,E06000013,6,0,1,0,1,"[19, 3]","[1, 0]","[5, 0]",0,0,0,1,1,0,0,0,0,7,11
2024161467948,2024,161467948,487930,409504,-0.67354,53.57478,3,3,2,11:00,-1,E06000013,6,0,1,0,1,19,"[1, 6]","[6, 1]",0,0,0,1,1,0,0,0,0,7,15
2024161467989,2024,161467989,516981,457073,-0.21699,53.99645,3,3,6,17:20,-1,E06000011,6,0,1,0,2,19,5,1,0,0,0,1,0,0,0,0,1,7,12
2024161468065,2024,161468065,498327,430995,-0.50978,53.76603,3,3,2,18:29,-1,E06000011,6,0,1,0,2,19,"[8, 4]","[4, 8]",0,7,0,1,0,0,0,0,0,7,15
2024161468113,2024,161468113,514814,434107,-0.25863,53.79062,3,3,2,18:15,-1,E06000011,6,0,1,0,2,5,6,2,10,2,11,1,0,0,0,0,0,7,15
2024161468115,2024,161468115,500286,407239,-0.48774,53.55221,3,3,2,01:51,-1,E06000013,3,2,8,0,2,19,8,8,7,2,10,1,0,0,0,0,0,7,15
2024161468221,2024,161468221,530281,408043,-0.03491,53.55286,3,3,6,15:55,-1,E06000012,6,0,1,0,1,19,8,4,0,0,0,1,0,0,0,0,1,7,12
2024161468482,2024,161468482,506444,432655,-0.38612,53.77935,3,3,3,17:10,-1,E06000010,6,0,1,0,1,"[19, 9]","[6, 8]","[2, 6]",0,0,0,1,1,0,0,0,0,7,16
2024161468497,2024,161468497,502493,430116,-0.4469,53.75733,3,3,3,19:45,-1,E06000011,4,0,1,0,1,4,8,4,0,0,0,1,0,0,0,0,1,7,16
2024161468521,2024,161468521,490365,410676,-0.63644,53.58489,1,1,3,19:38,-1,E06000013,6,0,1,1,1,19,3,7,0,7,2,0,0,1,0,0,0,7,16
2024161468917,2024,161468917,507182,431579,-0.3753,53.76953,3,3,4,12:14,-1,E06000010,4,0,1,0,1,"[7, 19]",3,"[5, 7]",0,0,0,1,0,1,0,0,0,7,17
2024161468970,2024,161468970,491042,435716,-0.61887,53.80977,3,3,4,15:31,-1,E06000011,3,0,1,0,2,"[7, 19]","[3, 1]",5,0,0,0,1,0,0,1,0,0,7,17
2024161468987,2024,161468987,506298,432638,-0.38834,53.77923,3,3,4,09:13,-1,E06000010,6,0,1,0,1,19,3,7,0,0,0,1,0,0,0,0,0,7,17
2024161469128,2024,161469128,502353,426146,-0.45034,53.72169,3,3,1,13:25,-1,E06000011,6,0,9,0,1,19,7,3,0,0,0,1,0,0,0,0,1,6,23
2024161469149,2024,161469149,527565,408481,-0.0757,53.55746,3,3,5,06:19,-1,E06000012,4,0,1,0,1,"[6, 19]",5,"[1, 5]",0,0,0,1,0,1,0,0,0,7,18
2024161469156,2024,161469156,524429,408022,-0.1232,53.55408,3,3,6,15:20,-1,E06000012,6,0,9,0,1,9,5,3,0,0,0,1,0,0,0,0,1,7,5
2024161469202,2024,161469202,510147,428621,-0.33139,53.74234,3,3,7,11:15,-1,E06000010,6,0,9,0,1,"[19, 7]","[5, 7]",1,0,0,0,1,0,0,0,0,0,7,13
2024161469515,2024,161469515,480886,417740,-0.77776,53.64992,3,3,5,20:30,-1,E06000013,3,0,1,0,2,19,"[5, 1]","[1, 5]",0,"[0, 1]",0,1,0,0,0,0,0,7,18
2024161469562,2024,161469562,526501,408993,-0.09155,53.56231,3,3,2,13:10,-1,E06000012,3,0,1,1,1,"[19, 9]","[8, 4]","[4, 2]",0,0,0,1,0,0,1,0,0,7,15
2024161469616,2024,161469616,525613,409225,-0.10485,53.56461,3,3,3,19:43,-1,E06000012,6,0,2,1,1,19,2,6,0,0,0,1,1,0,0,0,0,7,16
2024161469647,2024,161469647,525672,403905,-0.1061,53.5168,3,3,4,14:30,-1,E06000012,6,0,1,0,1,1,3,4,0,0,0,1,0,0,0,0,1,7,17
2024161469718,2024,161469718,510772,429343,-0.32166,53.7487,3,3,4,21:00,-1,E06000010,3,0,1,0,1,"[11, 19]",2,6,0,0,0,1,0,0,1,0,0,7,17
2024161469746,2024,161469746,526543,409426,-0.09074,53.56619,3,3,5,12:00,-1,E06000012,6,0,1,0,1,1,1,5,0,0,0,1,0,0,0,0,1,7,18
2024161469811,2024,161469811,513544,431754,-0.27876,53.76976,3,3,6,10:00,-1,E06000010,3,0,1,0,1,"[8, 19]","[8, 6]",2,0,0,0,1,1,0,0,0,0,7,19
2024161469876,2024,161469876,527339,410285,-0.07838,53.57372,3,3,6,13:30,-1,E06000012,6,0,1,0,1,"[19, 9]","[5, 7]","[1, 3]",0,0,0,1,0,1,0,0,0,7,19
2024161469974,2024,161469974,515559,432788,-0.24782,53.77861,3,3,6,22:29,-1,E06000011,4,2,1,0,2,"[19, 12]","[3, 7]","[7, 3]",0,0,0,1,0,0,0,0,0,7,19
2024161470145,2024,161470145,482177,451921,-0.74913,53.95686,3,3,7,10:55,-1,E06000011,6,0,1,0,2,19,"[3, 7]","[7, 3]",0,0,0,0,0,1,0,0,0,7,20
2024161470169,2024,161470169,474525,424536,-0.87234,53.71193,2,2,7,13:14,-1,E06000011,6,0,1,0,1,"[4, 19]",2,6,0,0,0,1,1,0,0,0,0,7,20
2024161470405,2024,161470405,504970,438978,-0.40633,53.83646,2,2,1,11:58,-1,E06000011,3,0,1,0,2,"[4, 2]",1,5,0,0,0,0,0,1,0,0,0,7,21
2024161470460,2024,161470460,491313,430776,-0.61622,53.76534,3,3,7,16:15,-1,E06000011,6,0,1,0,2,"[19, 2]","[3, 0]","[7, 0]","[4, 0]",0,0,1,0,0,0,0,0,7,20
2024161470491,2024,161470491,502929,417049,-0.44462,53.63984,3,3,1,17:05,-1,E06000013,4,0,1,0,2,"[19, 9]","[3, 5]","[7, 3]","[12, 0]","[7, 0]","[4, 0]",1,0,0,0,0,0,7,21
2024161470609,2024,161470609,511592,431101,-0.3086,53.76432,2,2,5,19:50,-1,E06000010,6,0,1,0,1,19,8,4,0,0,0,0,0,0,0,0,1,7,18
2024161470648,2024,161470648,511634,432200,-0.30756,53.77418,3,3,6,14:50,-1,E06000010,6,0,1,0,1,"[7, 19]",8,4,0,0,0,1,1,0,0,0,0,7,19
2024161470730,2024,161470730,509579,428738,-0.33996,53.74351,2,2,6,21:30,-1,E06000010,6,2,9,0,1,19,3,7,0,0,0,1,0,0,0,0,1,7,19
2024161470880,2024,161470880,498747,420747,-0.50668,53.67387,2,2,2,17:20,-1,E06000013,4,0,1,0,2,19,1,5,0,0,0,1,0,0,0,0,0,7,22
2024161470975,2024,161470975,490997,407709,-0.62776,53.55812,2,2,7,20:30,-1,E06000013,6,2,9,0,1,19,3,7,0,0,0,1,0,0,0,0,0,7,20
2024161470976,2024,161470976,502937,416622,-0.44464,53.636,2,2,3,00:22,-1,E06000013,4,2,1,0,2,7,5,3,0,7,1,1,0,0,0,0,0,7,23
2024161471086,2024,161471086,505639,428089,-0.39989,53.73849,3,3,7,13:53,-1,E06000010,6,0,9,0,1,19,"[1, 5]","[5, 1]",0,0,0,1,0,1,0,0,0,7,20
2024161471117,2024,161471117,489086,409572,-0.65607,53.57519,3,3,7,21:00,-1,E06000013,3,2,9,-1,1,19,"[3, 7]","[7, 3]",0,0,0,1,0,0,0,0,0,4,20
2024161471303,2024,161471303,481048,437211,-0.77021,53.82486,1,1,3,12:35,-1,E06000011,3,0,1,0,2,19,"[1, 5]","[5, 1]",0,1,0,1,0,0,1,0,0,7,23
2024161471324,2024,161471324,511429,430067,-0.31144,53.75506,3,3,2,14:52,-1,E06000010,3,0,1,0,1,-1,-1,-1,-1,-1,0,0,0,0,0,1,1,7,22
2024161471329,2024,161471329,529176,409898,-0.05081,53.56979,3,3,3,13:49,-1,E06000012,3,0,1,0,1,4,3,7,0,0,0,1,0,1,0,0,0,7,23
2024161471331,2024,161471331,508746,434224,-0.35065,53.79297,2,2,3,14:45,-1,E06000010,3,0,1,0,1,"[5, 19]","[3, 1]","[7, 5]",0,0,0,1,1,0,0,0,0,7,23
2024161471535,2024,161471535,501735,439261,-0.45538,53.83965,3,3,1,15:31,-1,E06000011,6,0,1,0,2,19,7,3,0,0,0,1,0,0,0,0,1,7,7
2024161471638,2024,161471638,529429,409511,-0.04716,53.56625,2,2,2,21:02,-1,E06000012,6,2,1,0,1,19,8,4,0,0,0,1,0,0,0,0,1,7,22
2024161471709,2024,161471709,516546,426291,-0.23529,53.72002,3,3,6,20:20,-1,E06000011,6,0,1,0,2,19,5,1,0,0,0,1,0,0,0,0,1,7,19
2024161471763,2024,161471763,518809,415109,-0.20529,53.61905,3,3,4,10:10,-1,E06000012,6,0,1,0,1,19,"[2, 6]","[6, 2]",0,0,0,1,0,1,0,0,0,7,24
2024161471861,2024,161471861,501400,408318,-0.47058,53.56169,3,3,4,18:35,-1,E06000013,3,0,1,0,2,"[9, 19]","[5, 6]",2,0,0,0,1,0,0,0,0,0,7,24
2024161471869,2024,161471869,505411,427861,-0.40343,53.73649,3,3,4,18:56,-1,E06000010,3,0,1,0,1,"[19, -1]","[3, -1]","[7, -1]","[0, -1]","[1, -1]","[7, -1]",0,1,0,1,0,1,7,24
2024161471911,2024,161471911,495903,403028,-0.55516,53.51519,2,"[2, 3]",4,16:28,-1,E06000013,6,0,1,0,2,"[19, 9]","[1, 3]","[5, 7]",0,"[7, 0]",0,1,0,0,0,0,0,7,24
2024161471997,2024,161471997,502368,436095,-0.44681,53.81108,3,3,1,07:45,-1,E06000011,3,0,1,0,2,19,"[3, 6]","[7, 2]",0,0,0,0,1,1,0,0,0,7,21
2024161472041,2024,161472041,488398,408668,-0.66672,53.56719,3,3,6,14:42,-1,E06000013,6,0,1,0,1,19,2,6,0,0,0,1,1,0,0,0,0,7,19
2024161472045,2024,161472045,503408,428857,-0.43345,53.74584,3,3,5,09:53,-1,E06000011,6,0,1,0,1,"[2, 19, 15]","[0, 3, 7]","[0, 7, 3]","[0, 4]",0,0,1,0,0,0,0,0,7,25
2024161472062,2024,161472062,508360,428668,-0.35846,53.74314,3,3,7,14:39,-1,E06000010,3,0,1,0,1,19,3,7,0,0,0,0,0,0,1,0,0,7,20
2024161472098,2024,161472098,509540,428737,-0.34055,53.74351,3,3,7,10:45,-1,E06000010,6,0,1,0,1,2,3,7,0,0,0,0,0,0,1,0,0,7,20
2024161472155,2024,161472155,502538,457875,-0.43694,54.00672,3,3,5,16:50,-1,E06000011,6,0,1,0,1,9,3,1,0,0,0,1,0,0,0,0,1,7,25
2024161472191,2024,161472191,506165,427898,-0.39199,53.73667,3,3,5,19:13,-1,E06000010,6,0,1,0,1,"[19, 7]",5,3,0,0,0,1,0,1,0,0,0,7,25
2024161472246,2024,161472246,502072,421699,-0.45606,53.68179,3,3,5,06:30,-1,E06000013,3,0,1,0,2,"[3, 4]",1,5,0,0,0,1,0,0,0,0,0,7,25
2024161472280,2024,161472280,520369,447695,-0.16903,53.91143,3,3,6,16:15,-1,E06000011,6,0,1,0,2,"[19, 9]","[3, 1]","[7, 6]",0,"[0, 7]","[0, 10]",1,0,0,0,0,0,7,19
2024161472453,2024,161472453,504640,429255,-0.41464,53.74917,2,2,6,12:20,-1,E06000011,6,0,1,0,1,19,"[7, 1]","[3, 5]",0,0,0,1,0,0,0,0,0,7,26
2024161472564,2024,161472564,525885,411051,-0.10002,53.58095,2,2,5,16:05,-1,E06000012,6,0,1,0,2,19,"[7, 5]",3,0,0,0,1,1,0,0,0,0,7,25
2024161472574,2024,161472574,502290,432512,-0.44918,53.7789,3,3,5,17:37,-1,E06000011,3,0,1,0,2,"[14, 3]",5,1,0,0,0,1,0,1,0,0,0,7,25
2024161472588,2024,161472588,525698,409392,-0.10351,53.56609,3,3,6,19:40,-1,E06000012,3,0,8,0,1,19,"[2, 4]","[6, 8]",0,"[3, 0]",0,1,1,0,0,0,0,7,26
2024161472772,2024,161472772,512153,429262,-0.30076,53.74767,3,3,7,11:12,-1,E06000010,3,0,1,0,1,"[9, 19]","[1, 7]","[7, 3]",0,0,0,1,0,0,0,0,0,7,27
2024161472842,2024,161472842,518356,466974,-0.19217,54.08508,2,2,7,15:36,-1,E06000011,6,0,1,0,1,"[2, 19]","[0, 5]","[0, 1]",0,0,0,1,1,0,0,0,0,7,27
2024161473030,2024,161473030,529017,408148,-0.05393,53.55411,3,3,1,13:15,-1,E06000012,3,0,1,0,1,4,6,2,0,0,0,1,0,0,0,0,0,7,28
2024161473120,2024,161473120,485062,411146,-0.7164,53.59,3,3,1,09:39,-1,E06000013,3,0,8,0,2,4,3,7,0,0,0,1,0,0,0,0,0,7,28
2024161473126,2024,161473126,487640,409169,-0.67802,53.57181,2,2,1,13:16,-1,E06000013,6,0,1,0,1,19,"[1, 5]","[5, 1]",0,0,0,1,0,1,0,0,0,7,28
2024161473237,2024,161473237,506802,430840,-0.38132,53.76297,2,2,6,07:14,-1,E06000010,6,0,1,0,1,"[7, 19]","[6, 4]",8,0,0,0,1,1,0,0,0,0,7,12
2024161473297,2024,161473297,508842,428661,-0.35115,53.74297,3,3,4,11:10,-1,E06000010,6,0,1,0,1,"[19, 7]",7,"[3, 1]",0,0,0,1,0,0,0,0,0,7,17
2024161473357,2024,161473357,510562,431990,-0.3239,53.77252,3,3,4,07:35,-1,E06000010,4,0,1,0,1,"[13, 9]",2,"[6, 8]",0,0,0,1,0,1,0,0,0,7,17