collision_index,collision_year,collision_ref_no,location_easting_osgr,location_northing_osgr,longitude,latitude,casualty_severity,casualty_severity,day_of_week,time,local_authority_district,local_authority_ons_district,first_road_class,light_conditions,weather_conditions,road_surface_conditions,urban_or_rural_area,vehicle_manoeuvre,vehicle_direction_from,vehicle_direction_to,hit_object_in_carriageway,vehicle_leaving_carriageway,hit_object_off_carriageway,is_car,is_cyle,is_mcyle,is_goodsv,is_other,is_pedestrian,month,day
2024161473468,2024,161473468,502785,441358,-0.43872,53.85828,3,3,2,14:25,-1,E06000011,6,0,1,0,2,"[9, 19]","[5, 3]","[1, 7]",0,0,0,1,0,1,0,0,0,7,29
2024161473833,2024,161473833,503523,472934,-0.41678,54.14182,3,3,6,09:45,-1,E06000011,6,0,1,0,2,"[13, 9]",3,"[7, 1]",0,"[7, 0]","[4, 0]",1,0,0,0,1,0,7,26
2024161473884,2024,161473884,521840,429233,-0.15395,53.74524,3,3,6,00:15,-1,E06000011,4,0,1,0,2,19,7,4,0,0,0,1,0,0,0,0,0,7,26
2024161473995,2024,161473995,509366,428709,-0.3432,53.7433,3,3,3,16:30,-1,E06000010,6,0,1,0,1,"[9, 19]","[7, 3]","[5, 7]",0,0,0,1,0,0,0,0,0,7,30
2024161474036,2024,161474036,516834,466740,-0.21551,54.08333,2,2,2,13:50,-1,E06000011,6,0,1,0,1,"[19, 5]",4,8,0,0,0,1,0,1,0,0,0,7,29
2024161474082,2024,161474082,478267,410554,-0.81918,53.58574,3,3,3,20:25,-1,E06000013,3,2,1,0,2,19,"[3, 5]","[7, 1]",0,0,0,1,0,0,0,0,0,7,30
2024161474093,2024,161474093,529782,409499,-0.04183,53.56606,1,1,3,17:02,-1,E06000012,3,0,1,0,1,"[19, 9]","[3, 4, 8]","[7, 8, 6]",0,0,0,1,0,1,0,0,0,7,30
2024161474171,2024,161474171,507070,426883,-0.37863,53.72737,3,3,3,00:01,-1,E06000010,3,2,2,1,1,19,6,2,0,0,0,1,0,0,0,0,0,7,16
2024161474193,2024,161474193,506545,432996,-0.38447,53.7824,3,3,4,14:20,-1,E06000010,6,0,1,0,1,19,"[1, 3]","[5, 7]",0,0,0,1,0,0,0,0,0,7,24
2024161474256,2024,161474256,490730,409123,-0.63138,53.57088,3,3,5,16:00,-1,E06000013,6,0,1,0,1,"[19, 1]","[3, 5]","[7, 1]",0,0,0,1,1,0,0,0,0,7,25
2024161474274,2024,161474274,501940,426549,-0.45646,53.72539,3,3,7,16:54,-1,E06000011,3,0,1,0,2,"[3, 8]",2,"[6, 4]",0,0,0,1,0,1,0,0,0,7,27
2024161474313,2024,161474313,523783,411537,-0.13155,53.58581,2,2,3,18:05,-1,E06000012,6,0,1,0,1,"[13, 9]",8,"[4, 6]",0,0,0,1,0,1,0,0,0,7,16
2024161474341,2024,161474341,475006,423842,-0.86523,53.70563,2,2,4,07:30,-1,E06000011,6,0,1,0,1,"[19, 2]","[3, 0]","[7, 0]","[4, 0]",0,0,1,0,1,0,0,0,7,31
2024161474348,2024,161474348,526590,409126,-0.09015,53.56349,3,3,7,16:30,-1,E06000012,6,0,1,0,1,19,1,5,0,0,0,1,0,0,1,0,0,7,27
2024161474392,2024,161474392,507491,433225,-0.37004,53.78426,2,2,2,18:00,-1,E06000010,6,0,1,0,1,"[2, 1]","[0, 8]","[0, 4]",0,0,0,1,0,1,0,0,0,7,29
2024161474444,2024,161474444,527663,410150,-0.07354,53.57243,2,2,4,10:05,-1,E06000012,4,0,1,0,1,1,5,1,0,0,0,1,0,0,0,0,1,7,31
2024161474465,2024,161474465,517742,467095,-0.2015,54.08631,2,2,4,16:14,-1,E06000011,4,0,1,0,1,19,"[5, 4]",8,0,0,0,1,1,0,0,0,0,7,31
2024161474488,2024,161474488,511339,429132,-0.31314,53.74668,3,3,4,17:02,-1,E06000010,3,0,1,0,1,"[9, 19]",1,"[6, 4]",0,0,0,1,0,0,0,0,0,7,31
2024161474548,2024,161474548,478669,433007,-0.80742,53.78745,3,3,5,00:48,-1,E06000011,6,2,1,0,2,"[19, 2]","[5, 0]","[2, 0]","[4, 0]",0,0,1,0,0,1,0,0,8,1
2024161474671,2024,161474671,527281,410404,-0.07921,53.5748,3,3,6,11:30,-1,E06000012,3,0,1,0,1,19,2,6,0,0,0,1,0,0,0,0,0,7,26
2024161474706,2024,161474706,507419,427986,-0.37296,53.73721,3,3,5,10:05,-1,E06000010,6,0,1,1,1,"[19, 7]","[4, 6]",8,0,0,0,1,0,1,0,0,0,8,1
2024161474719,2024,161474719,529995,408792,-0.03891,53.55965,3,3,4,19:20,-1,E06000012,3,2,1,0,1,19,2,6,0,0,0,1,0,0,0,0,0,7,31
2024161474755,2024,161474755,527633,408969,-0.07448,53.56182,2,2,2,12:20,-1,E06000012,6,0,1,0,1,"[5, 19]","[1, 5]","[5, 1]",0,"[0, 1]",0,1,0,1,0,0,0,7,22
2024161474923,2024,161474923,489364,412186,-0.65113,53.59863,3,3,5,18:40,-1,E06000013,6,0,1,0,1,19,"[3, 5]","[5, 1]",0,0,0,1,0,0,0,0,0,8,1
2024161475009,2024,161475009,489113,411699,-0.65506,53.5943,3,3,5,14:30,-1,E06000013,6,0,1,0,1,"[2, 20]","[0, 5]","[0, 1]",0,0,0,1,0,0,0,0,0,8,1
2024161475091,2024,161475091,522400,428813,-0.14563,53.74134,3,3,1,18:30,-1,E06000011,4,0,1,0,2,19,8,4,0,0,0,1,0,0,0,0,0,7,28
2024161475157,2024,161475157,483284,411069,-0.74327,53.5896,2,2,6,01:30,-1,E06000013,6,2,1,0,2,"[2, 14]","[0, 3]","[0, 7]",0,"[0, 1]","[0, 7]",1,0,0,0,0,0,8,2
2024161475296,2024,161475296,489397,412052,-0.65067,53.59742,3,3,6,16:16,-1,E06000013,6,0,1,0,1,"[3, 19]",5,1,0,0,0,1,0,1,0,0,0,8,2
2024161475384,2024,161475384,479342,456699,-0.79108,54.00024,3,3,6,21:00,-1,E06000011,3,2,1,0,2,19,"[5, 2]","[3, 6]",0,0,0,1,0,0,0,0,0,8,2
2024161475391,2024,161475391,517449,426803,-0.22142,53.72442,3,3,6,20:18,-1,E06000011,6,0,1,0,2,19,1,5,0,0,0,1,0,0,0,0,0,8,2
2024161475400,2024,161475400,514350,432325,-0.26633,53.77471,3,3,5,19:30,-1,E06000010,3,0,1,0,1,"[19, 9]",3,7,0,0,0,1,0,0,0,0,0,8,1
2024161475496,2024,161475496,520687,426370,-0.17254,53.71979,3,3,7,06:25,-1,E06000011,6,0,1,0,2,"[19, 2]","[7, 0]","[3, 0]","[10, 0]","[1, 0]",0,1,0,0,0,0,0,8,3
2024161475636,2024,161475636,508813,428650,-0.3516,53.74288,3,3,2,13:50,-1,E06000010,3,0,1,0,1,19,3,7,0,0,0,1,1,0,0,0,0,7,29
2024161475648,2024,161475648,527811,427695,-0.0641,53.73,3,3,7,23:06,-1,E06000011,4,2,1,0,2,5,3,7,0,1,0,1,0,0,0,0,0,8,3
2024161475885,2024,161475885,490267,409247,-0.63834,53.57207,3,3,1,17:10,-1,E06000013,3,0,1,0,1,"[9, 19]","[6, 4]","[2, 8]",0,"[0, 1]","[0, 11]",1,0,0,0,0,0,8,4
2024161475896,2024,161475896,502458,452305,-0.44003,53.9567,2,2,1,19:55,-1,E06000011,6,0,1,0,2,"[5, 19]",3,7,0,0,0,1,0,1,0,0,0,8,4
2024161476037,2024,161476037,530713,408830,-0.02806,53.55982,3,3,7,14:20,-1,E06000012,3,0,1,0,1,4,4,8,0,0,0,0,0,0,1,0,0,8,3
2024161476180,2024,161476180,508705,411102,-0.35937,53.58525,3,3,2,12:05,-1,E06000013,3,0,1,0,2,"[4, 19]","[3, 7]","[7, 3]",0,0,0,1,0,0,0,0,0,8,5
2024161476359,2024,161476359,471611,423865,-0.91664,53.70631,3,3,2,08:53,-1,E06000011,3,0,1,0,2,"[4, 19]",7,3,0,0,0,1,0,0,0,0,0,8,5
2024161476398,2024,161476398,517801,414393,-0.22079,53.61285,3,3,2,13:00,-1,E06000012,6,0,1,0,1,19,7,3,0,0,0,1,0,0,0,0,1,8,5
2024161476423,2024,161476423,527225,409543,-0.0804,53.56708,3,3,2,18:46,-1,E06000012,3,0,1,0,1,9,7,5,0,0,0,1,0,0,0,0,1,8,5
2024161476464,2024,161476464,510353,430251,-0.32769,53.75694,3,3,2,12:32,-1,E06000010,3,0,1,0,1,19,1,5,0,0,0,1,0,0,0,0,0,8,5
2024161476541,2024,161476541,525754,395801,-0.10811,53.44398,2,2,2,17:30,-1,E06000012,6,0,1,0,2,19,"[6, 2]","[2, 6]",0,0,0,1,1,0,0,0,0,8,5
2024161476648,2024,161476648,530103,408730,-0.03731,53.55907,2,2,3,15:20,-1,E06000012,6,0,1,0,1,"[9, 10]","[4, 2]","[2, 8]",0,0,0,1,1,0,0,0,0,8,6
2024161476709,2024,161476709,495844,408637,-0.55433,53.5656,3,3,4,04:45,-1,E06000013,4,0,1,0,2,19,1,5,7,0,0,1,0,0,0,0,0,8,7
2024161476795,2024,161476795,467079,421563,-0.98578,53.68622,3,3,4,08:30,-1,E06000011,3,0,1,0,2,19,6,2,0,0,0,1,1,0,0,0,0,8,7
2024161476862,2024,161476862,511511,430159,-0.31016,53.75587,2,2,4,16:50,-1,E06000010,3,0,1,0,1,19,3,7,0,0,0,1,0,0,0,0,1,7,31
2024161477021,2024,161477021,507083,427590,-0.37818,53.73372,3,3,3,14:45,-1,E06000010,6,0,1,0,1,"[19, 2]","[8, 0, 4]","[4, 0, 8]","[4, 0]","[1, 0]",0,1,0,0,0,0,0,7,30
2024161477425,2024,161477425,508519,430122,-0.35554,53.75617,3,3,5,15:30,-1,E06000010,6,0,1,0,1,19,3,7,0,0,0,1,0,0,0,0,1,8,8
2024161477468,2024,161477468,500114,438638,-0.4802,53.83436,2,2,5,14:52,-1,E06000011,6,0,1,0,2,"[19, 9]","[7, 3]","[3, 7]",0,0,0,1,0,0,0,0,0,8,8
2024161477469,2024,161477469,508671,428660,-0.35375,53.743,3,3,5,17:10,-1,E06000010,3,0,8,0,1,"[19, 9]","[7, 1]","[3, 7]",0,0,0,1,0,0,0,0,0,8,8
2024161477492,2024,161477492,494180,407301,-0.57985,53.5539,3,3,5,16:45,-1,E06000013,3,0,1,1,2,"[19, 4]",7,3,0,0,0,0,0,1,1,0,0,8,8
2024161477573,2024,161477573,496221,433577,-0.54092,53.78962,3,3,6,02:17,-1,E06000011,6,2,2,1,2,19,8,5,0,1,3,1,0,0,0,0,0,8,9
2024161477681,2024,161477681,527742,409527,-0.07261,53.56681,3,3,6,08:28,-1,E06000012,6,0,1,0,1,"[5, 19]","[6, 7]","[2, 3]",0,0,0,1,1,0,0,0,0,8,9
2024161477765,2024,161477765,495743,406692,-0.55645,53.54814,3,3,6,12:36,-1,E06000013,3,0,1,0,2,"[19, 3]",4,8,0,0,0,1,0,0,0,0,0,8,9
2024161477799,2024,161477799,506174,460992,-0.3804,54.03399,3,3,6,12:10,-1,E06000011,3,0,1,0,2,"[4, 19]","[2, 6]","[6, 2]",0,0,0,1,0,1,0,0,0,8,9
2024161477808,2024,161477808,513933,430441,-0.27334,53.75788,3,3,6,11:10,-1,E06000010,6,0,1,0,1,"[19, 4, 9]",5,"[1, 3]",0,0,0,1,0,0,0,0,0,8,9
2024161477846,2024,161477846,517742,466937,-0.20156,54.08489,3,3,6,16:15,-1,E06000011,6,0,1,0,1,"[1, 4]","[5, 1]","[1, 5]",0,0,0,1,0,0,0,0,0,8,9
2024161477997,2024,161477997,480431,399799,-0.78926,53.48877,3,3,6,23:30,-1,E06000013,6,2,1,0,2,19,6,2,0,7,0,1,0,0,0,0,0,8,9
2024161478001,2024,161478001,509569,429279,-0.33992,53.74837,3,3,6,17:12,-1,E06000010,3,0,1,0,1,"[19, 7]","[7, 1]",3,0,0,0,1,1,0,0,0,0,8,9
2024161478007,2024,161478007,528957,408052,-0.05488,53.55326,3,3,6,23:58,-1,E06000012,3,2,1,0,1,19,"[2, 4]","[6, 8]",0,"[0, 8]",0,1,0,0,0,0,0,8,9
2024161478011,2024,161478011,501920,408557,-0.46265,53.56374,2,"[2, 3]",6,19:38,-1,E06000013,3,0,1,0,2,19,"[3, 2]","[7, 6]",0,"[0, 1]","[0, 2]",1,0,0,0,0,0,8,9
2024161478086,2024,161478086,526065,403861,-0.10019,53.51632,2,2,6,10:40,-1,E06000012,6,0,1,0,1,19,6,2,0,0,0,1,0,0,0,0,1,8,9
2024161478225,2024,161478225,517584,414320,-0.2241,53.61224,2,"[3, 2]",7,00:15,-1,E06000012,6,2,1,0,1,19,3,7,0,0,0,1,0,0,0,0,0,8,10
2024161478404,2024,161478404,534373,427745,0.03532,53.7288,3,3,4,03:20,-1,E06000011,3,2,1,0,2,"[19, 2]","[1, 0]","[5, 0]","[4, 0]",0,0,1,0,0,1,0,0,8,7
2024161478491,2024,161478491,506635,433855,-0.38281,53.7901,3,3,1,11:48,-1,E06000010,6,0,1,0,1,19,1,5,0,0,0,1,0,0,0,0,0,8,11
2024161478586,2024,161478586,494770,435137,-0.56246,53.80391,2,"[3, 2]",1,18:14,-1,E06000011,6,0,1,0,2,19,"[8, 7]","[4, 3]",0,"[7, 1]",0,1,0,0,0,0,0,8,11
2024161478682,2024,161478682,526244,409178,-0.09535,53.56404,3,3,6,08:45,-1,E06000012,6,0,1,0,1,"[5, 99]","[4, 6]","[7, 2]",0,0,0,1,1,0,0,0,0,8,9
2024161478994,2024,161478994,488504,408206,-0.66525,53.56302,2,"[2, 3]",2,19:39,-1,E06000013,6,0,1,0,1,19,1,5,0,0,0,1,0,1,0,0,0,8,12
2024161479040,2024,161479040,508344,429550,-0.35839,53.75107,2,"[3, 2]",6,19:00,-1,E06000010,6,0,1,0,1,19,4,8,0,0,0,0,0,1,0,0,1,8,9
2024161479109,2024,161479109,507225,427473,-0.37607,53.73264,3,3,6,09:30,-1,E06000010,3,0,9,0,1,"[3, 19]",1,5,0,0,0,1,0,1,0,0,0,8,9
2024161479224,2024,161479224,507072,428698,-0.37797,53.74367,3,3,7,19:12,-1,E06000010,3,0,1,0,1,"[2, 19]","[0, 3]","[0, 7]",0,0,0,1,1,0,0,0,0,8,10
2024161479253,2024,161479253,474371,423936,-0.87482,53.70656,3,3,7,18:42,-1,E06000011,6,0,1,0,1,19,6,2,0,0,0,1,0,0,0,0,1,8,10
2024161479361,2024,161479361,499673,429778,-0.48976,53.75484,3,3,3,14:15,-1,E06000011,6,0,1,0,2,"[13, 9]",6,"[2, 4]",0,0,0,1,0,1,0,0,0,8,13
2024161479397,2024,161479397,500403,469051,-0.46581,54.10755,2,2,1,12:20,-1,E06000011,4,0,1,0,2,19,"[6, 1]","[2, 5]",0,0,0,1,0,1,0,0,0,8,11
2024161479437,2024,161479437,494446,418056,-0.57258,53.65049,3,3,3,17:40,-1,E06000013,6,0,1,0,2,"[19, 13]",5,1,0,0,0,1,0,1,0,1,0,8,13
2024161479459,2024,161479459,474955,408093,-0.86979,53.56411,3,3,2,16:07,-1,E06000013,6,0,1,0,2,"[9, 19]",3,"[1, 7]",0,"[0, 1]","[0, 11]",1,0,0,0,0,0,8,12
2024161479518,2024,161479518,500811,456389,-0.46377,53.99371,2,2,3,15:23,-1,E06000011,3,0,1,0,2,"[9, 19]","[5, 2]","[2, 4]",0,0,0,1,0,1,0,0,0,8,13
2024161479560,2024,161479560,525262,470776,-0.08508,54.1176,3,3,7,13:00,-1,E06000011,6,0,1,0,2,"[3, 14]","[4, 8]","[8, 4]",0,0,0,1,1,0,0,0,0,8,10
2024161479718,2024,161479718,500178,438399,-0.47931,53.8322,3,3,4,14:26,-1,E06000011,6,0,1,0,2,"[19, 13]","[5, 1]","[1, 5]",0,0,0,1,0,1,0,0,0,8,14
2024161479860,2024,161479860,530209,408671,-0.03573,53.55851,2,2,4,21:06,-1,E06000012,6,2,1,0,1,"[9, 19]","[6, 2]","[4, 6]",0,0,0,1,1,0,0,0,0,8,14
2024161479939,2024,161479939,501941,426553,-0.45644,53.72543,3,3,5,16:24,-1,E06000011,3,0,1,0,2,"[3, 7]",2,"[6, 4]",0,0,0,1,0,0,1,0,0,8,8
2024161480251,2024,161480251,489215,410649,-0.65382,53.58485,3,3,5,14:30,-1,E06000013,6,0,1,0,2,19,5,1,0,0,0,1,0,0,0,0,1,8,15
2024161480364,2024,161480364,488837,407200,-0.66051,53.55392,3,3,4,15:50,-1,E06000013,6,0,9,0,1,"[2, 1]","[0, 3]","[0, 5]",0,0,0,1,0,0,0,0,0,8,14
2024161480412,2024,161480412,518788,467222,-0.18547,54.08721,2,"[3, 2]",7,18:25,-1,E06000011,4,0,9,0,1,19,1,5,0,0,0,1,0,0,0,0,1,8,10
2024161480701,2024,161480701,500153,426085,-0.48368,53.72157,3,3,6,00:26,-1,E06000011,6,2,1,0,2,19,3,7,0,1,0,1,0,0,0,0,0,8,16
2024161480770,2024,161480770,528686,410137,-0.05811,53.57206,3,3,7,10:44,-1,E06000012,3,0,1,0,1,5,7,3,0,0,0,1,0,0,0,0,0,8,17
2024161480910,2024,161480910,511319,429962,-0.31315,53.75414,3,3,7,19:40,-1,E06000010,6,0,1,0,1,"[7, 19]",6,"[8, 2]",0,0,0,1,1,0,0,0,0,8,17
2024161480922,2024,161480922,525704,409410,-0.10341,53.56625,3,3,7,19:40,-1,E06000012,3,0,1,0,1,"[19, 15]",1,3,0,"[1, 2]",0,1,0,0,0,0,1,8,17
2024161480954,2024,161480954,496268,431582,-0.54083,53.77169,3,3,6,16:16,-1,E06000011,6,0,1,0,2,19,"[5, 1]","[1, 5]",0,0,0,1,0,1,0,0,0,8,16
2024161481075,2024,161481075,530928,405209,-0.02633,53.52724,3,3,1,01:11,-1,E06000012,3,2,1,0,1,"[19, 2]","[5, 0]","[1, 0]",0,"[0, 1]",0,1,0,0,0,0,0,8,18
2024161481110,2024,161481110,511536,433133,-0.30871,53.78258,3,3,7,14:57,-1,E06000010,4,0,1,0,1,"[19, 9]","[6, 2]","[2, 8]",0,0,0,1,0,0,0,0,0,8,17
2024161481123,2024,161481123,506051,428813,-0.3934,53.74491,3,3,1,11:56,-1,E06000010,6,0,1,0,1,"[19, 9]","[1, 5]","[5, 4]",0,0,0,1,0,1,0,0,0,8,18
2024161481233,2024,161481233,500850,458190,-0.46258,54.00989,3,3,4,11:59,-1,E06000011,3,0,1,0,2,19,7,3,0,0,0,0,0,0,1,0,0,8,7
2024161481247,2024,161481247,528886,404850,-0.05727,53.52452,3,3,7,13:03,-1,E06000012,6,0,1,0,2,7,5,7,0,0,0,1,0,0,0,0,1,8,17
2024161481248,2024,161481248,514149,431319,-0.26975,53.76572,3,3,3,18:05,-1,E06000010,6,0,1,0,1,19,"[5, 3]","[1, 7]",0,0,0,1,1,0,0,0,0,8,13
2024161481264,2024,161481264,508510,431926,-0.35504,53.77238,3,3,4,15:55,-1,E06000010,6,0,1,0,1,19,2,6,0,0,0,1,1,0,0,0,0,8,14
2024161481280,2024,161481280,508434,431492,-0.35635,53.76849,2,2,1,20:20,-1,E06000010,4,0,1,0,1,"[19, 9]","[3, 7]","[7, 5]",0,0,0,1,0,1,0,0,0,8,18
2024161481287,2024,161481287,491751,408439,-0.61617,53.56455,2,"[2, 3]",1,18:10,-1,E06000013,6,0,1,0,1,4,1,5,0,0,0,1,0,1,0,0,0,8,18
2024161481296,2024,161481296,504887,433245,-0.40954,53.78497,3,3,2,08:53,-1,E06000011,6,0,1,0,1,19,3,7,0,0,0,1,0,0,0,0,1,8,19
2024161481305,2024,161481305,526470,408655,-0.09215,53.55928,3,3,4,17:30,-1,E06000012,3,0,1,0,1,19,"[3, 5]",1,0,0,0,1,0,0,0,0,0,8,14
2024161481381,2024,161481381,473533,424718,-0.88733,53.71371,3,3,6,13:35,-1,E06000011,6,0,1,0,1,19,"[7, 3]","[3, 7]",0,0,0,1,0,0,0,0,0,8,16
2024161481395,2024,161481395,507487,432980,-0.37019,53.78206,3,3,2,06:57,-1,E06000010,6,0,1,0,1,"[7, 19]","[5, 3]",7,0,0,0,1,0,0,0,0,0,8,19
2024161481426,2024,161481426,508111,433307,-0.36061,53.78487,3,3,1,21:30,-1,E06000010,3,2,1,0,1,"[7, 19]","[2, 8]",4,0,0,0,1,1,0,0,0,0,8,18
2024161481432,2024,161481432,488520,410768,-0.66428,53.58604,3,3,6,15:15,-1,E06000013,6,0,1,0,1,19,"[7, 5]","[3, 1]",0,0,0,1,1,0,0,0,0,8,16
2024161481472,2024,161481472,509104,434359,-0.34517,53.79411,3,3,2,12:19,-1,E06000010,6,0,1,0,1,"[4, 19]",6,2,0,0,0,1,0,0,0,0,0,8,19
2024161481514,2024,161481514,528168,405191,-0.06795,53.52775,2,2,2,12:45,-1,E06000012,6,0,1,0,2,19,4,2,0,7,11,0,0,1,0,0,0,8,19
2024161481600,2024,161481600,518916,414470,-0.20392,53.61329,3,3,2,22:25,-1,E06000012,6,2,4,0,1,"[2, 19]","[0, 6]","[0, 2]",0,0,0,1,1,0,0,0,0,8,19
2024161481666,2024,161481666,522096,429190,-0.15009,53.7448,3,3,5,17:10,-1,E06000011,4,0,2,1,2,19,7,3,0,0,0,0,0,1,0,0,0,8,15
2024161481709,2024,161481709,498756,406790,-0.51096,53.54847,2,2,5,20:10,-1,E06000013,4,0,2,1,2,19,6,2,0,0,0,0,0,1,0,0,0,8,15
2024161481713,2024,161481713,483735,410646,-0.73657,53.58572,2,2,3,08:21,-1,E06000013,4,0,1,0,2,19,"[3, 7]","[7, 3]",0,0,0,1,1,0,0,0,0,8,20
2024161481750,2024,161481750,516844,466923,-0.21529,54.08497,2,"[2, 3]",3,09:05,-1,E06000011,3,0,1,0,2,"[5, 19]","[7, 5]","[3, 1]",0,"[0, 8]",0,1,0,0,0,0,0,8,20
2024161481751,2024,161481751,502857,440774,-0.43783,53.85302,2,"[3, 2]",5,13:20,-1,E06000011,6,0,2,1,1,"[4, 19]","[7, 5]",1,0,0,0,1,1,0,0,0,0,8,15
2024161481856,2024,161481856,518074,466990,-0.19647,54.08529,2,2,6,13:15,-1,E06000011,4,0,1,0,1,19,8,4,0,0,0,1,1,0,0,0,0,8,16
2024161481966,2024,161481966,508838,430527,-0.35056,53.75974,3,3,3,13:19,-1,E06000010,6,0,1,0,1,5,1,5,0,0,0,1,0,0,0,0,1,8,20
2024161481989,2024,161481989,509001,420207,-0.35172,53.66699,3,3,3,20:11,-1,E06000013,6,0,1,0,2,19,4,"[8, 6]",0,0,0,1,1,0,0,0,0,8,20
2024161482019,2024,161482019,520283,448021,-0.17021,53.91438,3,3,1,08:12,-1,E06000011,6,0,1,0,2,"[9, 19]","[8, 6]","[6, 2]",0,0,0,1,0,0,0,0,0,8,18
2024161482045,2024,161482045,522133,426363,-0.15064,53.71939,2,2,3,21:51,-1,E06000011,3,2,1,0,2,"[9, 19]","[1, 7]","[7, 3]",0,0,0,1,0,1,0,0,0,8,20
2024161482409,2024,161482409,508814,429387,-0.35132,53.7495,2,2,4,19:00,-1,E06000010,6,0,1,0,1,19,7,3,0,0,0,1,0,0,0,0,1,8,21
2024161482438,2024,161482438,487045,411176,-0.68644,53.58995,2,"[3, 2]",3,16:55,-1,E06000013,3,0,1,0,1,19,"[3, 7]","[7, 3]",0,"[1, 0]",0,1,0,0,0,1,0,8,20
2024161482491,2024,161482491,510435,429083,-0.32686,53.74643,3,3,4,15:50,-1,E06000010,3,0,1,0,1,"[14, 4, 9]","[8, 2]","[4, 8]",0,0,0,1,0,0,0,0,0,8,21
2024161482513,2024,161482513,507137,428378,-0.37709,53.74078,3,3,4,12:00,-1,E06000010,6,0,1,0,1,19,4,8,0,0,0,1,1,0,0,0,0,8,21
2024161482604,2024,161482604,509231,428895,-0.34518,53.745,3,3,4,16:44,-1,E06000010,3,0,1,0,1,19,"[5, 3]","[1, 7]",0,0,0,0,1,0,1,0,0,8,21
2024161482788,2024,161482788,527160,409920,-0.08123,53.57048,3,3,3,14:16,-1,E06000012,3,0,1,0,1,"[6, 19]",5,1,0,0,0,1,0,0,0,0,0,8,20
2024161482817,2024,161482817,473335,426391,-0.88993,53.72877,3,3,5,19:32,-1,E06000011,3,0,1,0,2,19,"[3, 6]","[7, 3]",0,0,0,1,0,0,0,0,0,8,22
2024161482829,2024,161482829,507000,428700,-0.37906,53.74371,3,3,5,21:50,-1,E06000010,3,2,2,1,1,19,1,5,0,0,0,1,1,0,0,0,0,8,22
2024161482872,2024,161482872,510117,434986,-0.32958,53.79953,2,2,6,12:00,-1,E06000010,6,0,1,0,2,"[5, 19]","[5, 3]","[1, 7]",0,0,0,1,1,0,0,0,0,8,16
2024161482910,2024,161482910,509027,429733,-0.34797,53.75257,3,3,3,15:30,-1,E06000010,3,0,1,0,1,19,5,1,0,0,0,1,1,0,0,0,0,8,20
2024161482925,2024,161482925,525376,406680,-0.10945,53.5418,3,3,2,18:50,-1,E06000012,6,0,1,0,1,19,5,"[1, 7]",0,0,0,1,1,0,0,0,0,8,19
2024161482961,2024,161482961,513240,455962,-0.27444,53.98731,3,3,6,09:30,-1,E06000011,3,0,4,0,2,"[9, 19]","[1, 5]","[5, 1]",0,0,0,1,0,0,0,0,0,8,23
2024161483124,2024,161483124,511565,430225,-0.30932,53.75645,2,2,6,12:56,-1,E06000010,3,0,1,0,1,9,4,2,0,0,0,1,0,0,0,0,1,8,23
2024161483147,2024,161483147,504942,432608,-0.40892,53.77924,3,3,6,12:50,-1,E06000011,4,0,4,0,1,"[3, 5]",7,3,0,0,0,1,0,0,0,0,0,8,23
2024161483386,2024,161483386,518377,467031,-0.19182,54.08559,3,3,6,14:12,-1,E06000011,6,0,1,0,1,"[19, 8]",2,5,0,0,0,1,0,0,0,0,0,8,23
2024161483476,2024,161483476,480052,448686,-0.78235,53.92813,2,2,7,11:00,-1,E06000011,6,0,2,1,2,9,3,1,0,0,0,1,0,0,0,0,1,8,24
2024161483545,2024,161483545,518667,466915,-0.18744,54.08448,3,3,7,19:45,-1,E06000011,4,0,1,0,1,"[13, 10]",6,2,0,"[2, 0]",0,1,0,1,0,0,0,8,24
2024161483662,2024,161483662,513523,431588,-0.27914,53.76827,2,2,1,04:21,-1,E06000010,6,2,1,0,1,19,3,7,0,2,2,0,0,1,0,0,0,8,25
2024161483775,2024,161483775,489191,411213,-0.65402,53.58992,3,3,1,18:00,-1,E06000013,6,0,1,0,1,19,"[5, 7]",1,0,0,0,1,0,0,0,0,0,8,25
2024161483780,2024,161483780,526343,405770,-0.09523,53.5334,3,3,1,21:00,-1,E06000012,6,2,1,0,1,"[7, 19]","[3, 1]","[7, 5]",0,0,0,0,0,1,0,0,0,8,25
2024161483829,2024,161483829,510238,432618,-0.32859,53.77823,3,3,2,03:00,-1,E06000010,3,2,1,0,1,9,3,7,0,"[1, 0]",0,1,0,1,0,0,0,8,26
2024161483932,2024,161483932,508290,430969,-0.35871,53.76383,3,3,2,11:07,-1,E06000010,6,0,1,0,1,"[19, 2]","[5, 0, 1]","[1, 0, 5]",0,"[0, 1]",0,1,0,0,0,0,0,8,26
2024161484094,2024,161484094,520069,447592,-0.17363,53.91058,3,3,7,15:52,-1,E06000011,4,0,2,1,2,7,2,4,0,0,0,0,0,0,1,0,1,8,24
2024161484151,2024,161484151,490403,429720,-0.63033,53.75601,3,3,5,22:30,-1,E06000011,6,2,1,0,2,19,2,6,0,1,0,1,0,0,0,0,0,8,22
2024161484169,2024,161484169,510054,431411,-0.33181,53.76743,2,2,3,10:26,-1,E06000010,3,0,1,0,1,19,7,3,10,3,1,1,0,0,0,0,0,8,27
2024161484186,2024,161484186,487359,409030,-0.6823,53.57061,3,3,3,11:30,-1,E06000013,6,0,1,0,1,19,1,5,0,0,0,1,0,0,0,0,1,8,27
2024161484556,2024,161484556,508788,430935,-0.35117,53.76342,3,3,5,16:30,-1,E06000010,6,0,1,0,1,19,"[2, 6]","[6, 2]",0,0,0,1,1,1,0,0,0,8,22