collision_index,collision_year,collision_ref_no,location_easting_osgr,location_northing_osgr,longitude,latitude,casualty_severity,casualty_severity,day_of_week,time,local_authority_district,local_authority_ons_district,first_road_class,light_conditions,weather_conditions,road_surface_conditions,urban_or_rural_area,vehicle_manoeuvre,vehicle_direction_from,vehicle_direction_to,hit_object_in_carriageway,vehicle_leaving_carriageway,hit_object_off_carriageway,is_car,is_cyle,is_mcyle,is_goodsv,is_other,is_pedestrian,month,day
2024161484612,2024,161484612,521424,470140,-0.14402,54.11281,2,"[3, 2]",4,06:25,-1,E06000011,4,0,1,0,2,19,7,3,0,0,0,1,0,0,0,1,0,8,28
2024161484700,2024,161484700,514240,432108,-0.26807,53.77279,2,"[3, 2]",4,14:35,-1,E06000010,6,0,2,1,1,19,2,4,0,0,0,1,0,0,0,0,1,8,28
2024161484733,2024,161484733,488777,409859,-0.66066,53.57782,3,3,4,16:00,-1,E06000013,6,0,1,0,1,5,"[5, 3]","[1, 7]",0,0,0,1,0,0,0,0,0,8,28
2024161484815,2024,161484815,495650,405564,-0.5582,53.53802,3,3,4,21:45,-1,E06000013,3,2,1,0,2,19,5,1,0,0,0,1,0,0,1,0,0,8,28
2024161484825,2024,161484825,495507,406782,-0.55998,53.54899,2,2,4,19:00,-1,E06000013,3,0,1,0,2,"[15, 12]",4,8,0,0,0,1,0,1,0,0,0,8,28
2024161484861,2024,161484861,489991,432841,-0.63567,53.78412,3,3,3,21:41,-1,E06000011,4,2,2,1,2,19,2,6,0,1,0,1,0,0,0,0,0,8,27
2024161484973,2024,161484973,508325,432632,-0.3576,53.77876,3,3,3,13:00,-1,E06000010,6,0,1,0,1,19,7,3,0,0,0,0,0,0,1,0,0,8,27
2024161484992,2024,161484992,516081,466456,-0.22712,54.08095,3,3,5,08:35,-1,E06000011,3,0,1,0,2,19,3,7,0,1,11,1,0,0,0,0,0,8,29
2024161485073,2024,161485073,493595,427399,-0.58264,53.73459,2,2,1,12:00,-1,E06000011,6,0,1,0,1,19,5,1,0,"[1, 0]",0,1,0,1,0,0,0,7,28
2024161485079,2024,161485079,528723,410042,-0.05759,53.5712,3,3,2,17:00,-1,E06000012,6,0,1,0,1,19,8,4,0,0,0,1,1,0,0,0,0,8,26
2024161485118,2024,161485118,501670,430829,-0.45914,53.7639,2,2,5,08:57,-1,E06000011,3,0,1,0,2,19,7,3,0,"[1, 0]",0,1,0,1,0,0,0,8,29
2024161485146,2024,161485146,499730,442082,-0.48492,53.86538,3,3,5,10:14,-1,E06000011,4,0,1,0,2,"[19, 9]",4,"[8, 2]",0,0,0,1,0,0,0,0,0,8,29
2024161485315,2024,161485315,525864,407859,-0.10162,53.55228,3,3,2,16:38,-1,E06000012,3,0,1,0,1,"[19, 2]","[7, 0]","[3, 0]",0,"[1, 0]",0,1,0,0,0,0,0,8,26
2024161485394,2024,161485394,506665,430728,-0.38344,53.76199,3,3,4,11:59,-1,E06000010,6,0,1,1,1,4,6,2,0,0,0,1,0,0,0,0,1,8,28
2024161485432,2024,161485432,494375,441212,-0.56659,53.85856,3,3,5,10:45,-1,E06000011,3,0,1,0,2,"[19, 5]",7,3,0,0,0,1,1,0,0,0,0,8,29
2024161485522,2024,161485522,488694,459954,-0.6475,54.02796,3,3,6,15:40,-1,E06000011,4,0,1,0,2,19,"[2, 6]","[6, 2]",0,0,0,1,0,1,0,0,0,8,30
2024161485601,2024,161485601,508297,429043,-0.35928,53.74652,3,3,6,23:40,-1,E06000010,6,2,1,0,1,19,7,3,2,0,0,1,0,0,0,0,0,8,30
2024161485708,2024,161485708,513698,458888,-0.26636,54.01349,3,3,7,10:50,-1,E06000011,6,0,4,0,2,14,1,5,0,0,0,1,0,0,0,0,1,8,31
2024161485778,2024,161485778,518375,468479,-0.19129,54.0986,3,3,7,12:20,-1,E06000011,6,0,1,0,1,19,3,3,0,0,0,1,0,0,0,0,0,8,31
2024161485817,2024,161485817,508537,431801,-0.35467,53.77125,3,3,7,17:00,-1,E06000010,6,0,1,0,1,"[9, 4]","[5, 1]","[3, 5]",0,0,0,1,0,1,0,0,0,8,31
2024161485925,2024,161485925,507357,429651,-0.37332,53.75218,3,3,1,04:10,-1,E06000010,6,2,1,1,1,19,1,5,0,0,0,1,0,0,0,0,1,9,1
2024161485964,2024,161485964,507892,433504,-0.36386,53.78668,2,2,7,19:20,-1,E06000010,6,0,8,0,1,19,3,7,0,0,0,1,0,1,0,0,0,8,31
2024161485981,2024,161485981,524144,410585,-0.12648,53.57718,2,2,7,18:02,-1,E06000012,6,0,1,0,1,"[2, 19]","[0, 6]","[0, 2]",0,0,0,1,1,0,0,0,0,8,31
2024161485992,2024,161485992,512353,430364,-0.29733,53.75753,2,2,7,11:30,-1,E06000010,6,0,2,1,1,"[7, 19]",3,"[5, 7]",0,"[3, 0]",0,1,1,0,0,0,0,8,24
2024161486073,2024,161486073,508183,431507,-0.36015,53.76868,3,3,5,17:02,-1,E06000010,4,0,1,0,1,"[2, 19]","[0, 3]","[0, 7]","[0, 4]",0,0,1,1,0,0,0,0,4,11
2024161486088,2024,161486088,515334,429952,-0.25229,53.75318,2,2,5,11:30,-1,E06000010,6,0,1,0,1,"[19, 9]",7,3,0,0,0,1,1,0,0,0,0,8,29
2024161486132,2024,161486132,510283,433859,-0.32746,53.78937,3,3,6,11:25,-1,E06000010,6,0,1,0,2,"[10, 19]","[1, 3]","[3, 5]",0,0,0,1,0,0,0,0,0,8,30
2024161486186,2024,161486186,481856,439063,-0.75745,53.84137,2,2,1,22:30,-1,E06000011,3,2,1,0,2,19,3,7,0,1,9,0,0,1,0,0,0,9,1
2024161486203,2024,161486203,490596,410913,-0.63289,53.58698,3,3,5,13:30,-1,E06000013,3,0,1,0,1,"[9, 19]","[6, 4]","[4, 8]",0,0,0,1,0,0,0,0,0,8,29
2024161486220,2024,161486220,510315,431756,-0.32773,53.77047,3,3,2,07:15,-1,E06000010,3,0,8,1,1,3,3,1,0,0,0,1,0,0,0,0,0,9,2
2024161486255,2024,161486255,516959,429464,-0.22784,53.74843,3,3,7,10:30,-1,E06000011,6,0,1,0,2,"[10, 19]",6,2,0,0,0,1,0,0,0,0,0,8,31
2024161486357,2024,161486357,480600,429022,-0.77916,53.75134,2,2,4,04:45,-1,E06000011,1,2,1,0,2,19,7,3,0,0,0,1,0,0,1,0,0,8,28
2024161486416,2024,161486416,531381,408003,-0.01833,53.55222,3,3,1,06:25,-1,E06000012,6,0,1,0,1,"[1, 19]","[8, 4]","[4, 8]",0,0,0,1,0,0,0,0,0,9,1
2024161486445,2024,161486445,525423,407999,-0.10821,53.55364,2,2,2,13:15,-1,E06000012,6,0,2,1,1,"[19, 5]","[3, 5]","[7, 1]",0,0,0,1,1,0,0,0,0,9,2
2024161486469,2024,161486469,501124,469203,-0.45474,54.10878,2,2,1,13:55,-1,E06000011,4,0,1,0,2,19,"[3, 1]","[7, 5]",0,0,0,1,0,1,0,0,0,9,1
2024161486497,2024,161486497,513081,432527,-0.2855,53.77681,3,3,2,16:05,-1,E06000010,6,0,1,1,1,"[3, 19]",5,"[7, 1]",0,0,0,1,1,0,0,0,0,9,2
2024161486657,2024,161486657,507790,432977,-0.36559,53.78197,3,3,2,16:57,-1,E06000010,6,0,1,0,1,"[10, 13]",7,3,0,"[0, 7]",0,1,0,0,0,0,0,9,2
2024161486813,2024,161486813,472955,424573,-0.89612,53.71249,3,3,3,09:30,-1,E06000011,1,0,1,0,2,19,2,6,0,0,0,1,0,0,1,0,0,9,3
2024161486834,2024,161486834,485585,442844,-0.69974,53.87475,3,3,2,07:40,-1,E06000011,3,0,1,0,2,"[19, 13]","[7, 3]","[3, 7]",0,0,0,1,0,0,0,0,0,9,2
2024161486902,2024,161486902,491448,430402,-0.61428,53.76196,2,"[2, 3]",3,11:23,-1,E06000011,3,0,1,0,2,19,7,3,0,0,0,1,0,0,1,0,0,9,3
2024161486916,2024,161486916,511722,431816,-0.30637,53.77071,3,3,3,14:05,-1,E06000010,6,0,1,0,1,"[1, 15]","[7, 5]","[3, 1]",0,0,0,1,1,0,0,0,0,9,3
2024161486936,2024,161486936,485387,414127,-0.71067,53.61674,3,3,3,13:17,-1,E06000013,4,0,1,0,2,19,"[3, 1]","[1, 5]",0,0,0,1,0,0,0,0,0,9,3
2024161487353,2024,161487353,483654,449604,-0.72726,53.93581,2,2,4,16:55,-1,E06000011,4,0,2,1,2,19,"[6, 2]","[2, 6]",0,0,0,1,1,0,0,0,0,9,4
2024161487387,2024,161487387,506056,428801,-0.39333,53.74481,3,3,4,20:18,-1,E06000010,6,2,1,0,1,19,"[1, 3]","[5, 7]",0,"[8, 0]","[10, 0]",1,0,0,0,0,0,9,4
2024161487454,2024,161487454,504408,418342,-0.42183,53.65117,3,3,5,08:00,-1,E06000013,4,0,2,1,2,9,6,2,0,1,1,1,0,0,0,0,0,9,5
2024161487720,2024,161487720,511023,429607,-0.31776,53.75101,2,2,5,12:35,-1,E06000010,3,0,1,0,1,19,2,6,0,0,0,0,1,0,1,0,0,9,5
2024161487750,2024,161487750,510175,432519,-0.32958,53.77736,3,3,5,17:10,-1,E06000010,3,0,1,0,1,"[5, 19]","[1, 7]","[5, 3]",0,0,0,1,1,0,0,0,0,9,5
2024161487817,2024,161487817,506937,428696,-0.38001,53.74368,3,3,5,20:58,-1,E06000010,3,2,1,0,1,19,"[3, 5]","[7, 1]",0,0,0,0,1,0,1,0,0,9,5
2024161488050,2024,161488050,487651,409194,-0.67784,53.57204,2,2,6,11:00,-1,E06000013,6,0,1,0,1,"[19, 7]","[1, 3]",5,0,0,0,1,0,1,0,0,0,9,6
2024161488100,2024,161488100,530386,408016,-0.03334,53.55259,3,3,6,13:00,-1,E06000012,6,0,1,0,1,"[2, 4]","[0, 8]","[0, 4]","[0, 4]",0,0,1,0,0,0,0,0,9,6
2024161488146,2024,161488146,515193,461574,-0.24254,54.03729,3,3,6,06:20,-1,E06000011,3,2,2,1,2,13,1,5,0,"[0, 7]","[0, 4]",1,0,0,0,0,0,9,6
2024161488156,2024,161488156,487581,406780,-0.67958,53.55036,3,3,6,11:05,-1,E06000013,6,0,1,0,1,"[19, 2]","[8, 0]","[4, 0]","[4, 0]",0,0,1,0,0,0,0,0,9,6
2024161488298,2024,161488298,496369,406635,-0.54702,53.54752,3,3,6,19:20,-1,E06000013,3,0,1,0,2,"[19, 5]","[3, 5]","[7, 1]",0,0,0,1,0,0,0,0,0,9,6
2024161488334,2024,161488334,507689,427195,-0.36914,53.73004,3,3,7,06:16,-1,E06000010,3,2,2,1,1,19,6,2,0,0,0,1,0,0,0,0,0,9,7
2024161488371,2024,161488371,509591,433960,-0.33792,53.79043,2,2,7,07:00,-1,E06000010,6,2,1,0,1,19,1,5,0,0,0,1,0,0,0,0,1,9,7
2024161488583,2024,161488583,480819,446791,-0.77117,53.91098,3,3,7,22:41,-1,E06000011,3,2,1,0,2,19,1,5,0,7,4,1,0,0,0,0,0,9,7
2024161488593,2024,161488593,498903,421080,-0.50421,53.67684,2,2,1,00:43,-1,E06000013,6,2,1,1,2,1,7,3,0,0,0,1,0,0,0,0,1,9,8
2024161488607,2024,161488607,530287,408907,-0.03446,53.56062,2,2,1,01:43,-1,E06000012,3,2,1,1,1,19,4,8,0,0,0,1,0,0,0,0,1,9,8
2024161488728,2024,161488728,509295,432586,-0.3429,53.77814,3,3,1,14:33,-1,E06000010,6,0,1,0,1,19,"[4, 8]","[8, 4]",0,0,0,1,0,0,0,0,0,9,8
2024161488779,2024,161488779,511972,432099,-0.30247,53.7732,3,3,6,15:14,-1,E06000010,6,0,1,0,1,"[19, 5]","[7, 1]","[3, 5]",0,0,0,1,1,0,0,0,0,9,6
2024161488786,2024,161488786,526467,408688,-0.09219,53.55958,3,3,1,15:52,-1,E06000012,3,0,1,0,1,"[9, 19]","[5, 1]","[2, 5]",0,0,0,1,0,0,0,0,0,9,8
2024161488832,2024,161488832,491474,416096,-0.61811,53.6334,3,3,1,15:40,-1,E06000013,3,0,1,0,2,19,"[6, 8]","[8, 6]",0,"[0, 1]",0,1,0,0,1,0,0,9,8
2024161488879,2024,161488879,503544,440160,-0.42759,53.84737,3,3,6,09:00,-1,E06000011,4,0,1,0,1,"[2, 14]","[0, 2]","[0, 6]","[0, 8]",0,0,1,1,0,0,0,0,9,6
2024161489234,2024,161489234,508294,431494,-0.35847,53.76854,2,2,2,16:32,-1,E06000010,6,0,1,0,1,"[9, 19]","[7, 3]","[5, 8]",0,0,0,1,0,0,0,0,0,9,9
2024161489258,2024,161489258,528304,408421,-0.06458,53.55674,3,3,2,16:45,-1,E06000012,6,0,1,0,1,"[4, 19]",1,5,0,0,0,1,0,0,0,0,0,9,9
2024161489324,2024,161489324,510666,433822,-0.32166,53.78896,2,2,1,23:37,-1,E06000010,6,2,1,0,1,19,1,7,"[7, 0]",0,0,1,0,0,0,0,0,9,8
2024161489603,2024,161489603,525418,407444,-0.10851,53.54866,3,3,3,13:03,-1,E06000012,6,0,1,0,1,"[19, 99]","[2, 1]","[6, 5]",0,"[0, 2]",0,1,1,0,0,0,0,9,10
2024161489682,2024,161489682,508529,433117,-0.35433,53.78307,3,3,7,15:35,-1,E06000010,6,0,1,0,1,"[19, 9]","[3, 7]","[7, 1]",0,0,0,1,0,0,0,0,0,9,7
2024161489694,2024,161489694,527230,408742,-0.08065,53.55988,2,2,5,14:20,-1,E06000012,6,0,1,0,1,19,"[1, 4]","[5, 6]",0,0,0,1,1,0,0,0,0,9,5
2024161489697,2024,161489697,474941,449721,-0.85992,53.93819,3,3,3,13:12,-1,E06000011,3,0,1,0,2,19,"[1, 5]","[5, 1]",0,"[1, 7]",0,1,0,0,0,0,0,9,10
2024161489701,2024,161489701,503529,432986,-0.43023,53.78291,3,3,3,15:05,-1,E06000011,6,0,4,0,1,19,3,7,0,0,0,0,0,1,0,0,1,9,10
2024161489854,2024,161489854,511584,429523,-0.30929,53.75014,3,3,3,09:34,-1,E06000010,6,0,1,1,1,"[7, 4]","[8, 1]","[1, 8]","[99, 0]",0,0,1,0,0,0,0,0,9,10
2024161489967,2024,161489967,508297,432959,-0.35791,53.7817,3,3,3,17:53,-1,E06000010,6,0,1,0,1,19,8,4,0,0,0,1,0,0,0,0,0,9,10
2024161490002,2024,161490002,511108,451649,-0.30851,53.94902,2,2,3,21:39,-1,E06000011,6,2,1,0,2,19,8,4,0,0,0,0,0,1,0,0,0,9,3
2024161490024,2024,161490024,508641,428662,-0.3542,53.74303,3,3,5,07:55,-1,E06000010,3,0,1,0,1,19,3,7,0,0,0,1,0,0,0,0,1,9,5
2024161490047,2024,161490047,503130,457528,-0.42803,54.00349,2,2,5,16:15,-1,E06000011,6,0,1,0,1,"[19, 5]","[6, 3]","[2, 7]",0,0,0,1,1,0,0,0,0,9,5
2024161490061,2024,161490061,487645,409352,-0.67789,53.57346,3,3,6,17:15,-1,E06000013,6,0,1,0,1,"[19, 2]","[1, 0]","[5, 0]","[4, 0]",0,0,1,1,0,0,0,0,9,6
2024161490077,2024,161490077,505072,433243,-0.40674,53.78491,2,2,7,13:40,-1,E06000011,6,0,1,0,1,"[19, 9]","[4, 2]",7,0,0,0,1,0,1,0,0,0,9,7
2024161490086,2024,161490086,525918,407221,-0.10106,53.54653,3,3,4,07:55,-1,E06000012,6,2,1,1,1,"[1, 19]","[2, 7]","[2, 3]",0,0,0,1,1,0,0,0,0,9,11
2024161490087,2024,161490087,527532,408582,-0.07616,53.55837,2,2,4,05:40,-1,E06000012,4,2,2,1,1,19,"[3, 4]","[7, 8]",0,0,0,1,1,0,0,0,0,9,11
2024161490144,2024,161490144,488477,414010,-0.66401,53.61517,2,2,4,14:50,-1,E06000013,6,0,1,0,1,"[19, 9]","[8, 7]",4,0,0,0,1,1,0,0,0,0,9,11
2024161490253,2024,161490253,507473,428714,-0.37188,53.74373,3,3,4,08:29,-1,E06000010,6,0,1,0,1,"[4, 9]","[3, 7]","[7, 3]",99,0,0,1,1,0,0,0,0,9,11
2024161490267,2024,161490267,488222,411553,-0.66856,53.59314,2,2,3,15:00,-1,E06000013,6,0,1,0,1,5,1,5,0,0,0,1,0,0,0,0,1,9,10
2024161490447,2024,161490447,513795,429322,-0.27585,53.74786,3,3,5,09:45,-1,E06000010,3,0,1,0,1,"[19, 2]",3,7,0,"[7, 0]",0,1,0,0,0,0,0,9,12
2024161490494,2024,161490494,487287,431170,-0.67717,53.76957,3,3,5,08:30,-1,E06000011,3,0,1,0,2,19,2,6,0,0,0,1,0,0,0,0,0,9,12
2024161490605,2024,161490605,523961,409132,-0.12982,53.56417,3,3,5,07:45,-1,E06000012,3,0,1,1,2,"[19, 3]",4,8,0,0,0,1,0,0,0,0,0,9,12
2024161490697,2024,161490697,517917,425342,-0.21489,53.71119,3,3,5,15:20,-1,E06000011,6,0,1,0,2,"[7, 19]","[6, 8]","[8, 4]",0,0,0,1,0,0,0,0,0,9,12
2024161490707,2024,161490707,499443,407022,-0.50052,53.55042,2,2,5,16:22,-1,E06000013,3,0,2,1,2,19,"[1, 3]","[5, 7]",0,"[1, 0]","[11, 0]",1,0,0,0,0,1,9,12
2024161490714,2024,161490714,508595,428663,-0.3549,53.74304,2,2,4,18:25,-1,E06000010,3,0,8,0,1,"[4, 7]","[7, 1]","[3, 4]",0,"[7, 0]",0,1,0,1,0,0,0,9,11
2024161490758,2024,161490758,526648,418034,-0.08566,53.6435,2,2,2,23:00,-1,E06000011,6,2,9,0,2,19,1,5,0,1,0,1,0,0,0,0,0,9,9
2024161490767,2024,161490767,525919,409669,-0.10006,53.56853,3,3,5,16:50,-1,E06000012,6,0,1,0,1,19,"[4, 8]","[8, 4]",0,0,0,1,1,0,0,0,0,9,12
2024161490836,2024,161490836,506378,434766,-0.3864,53.79833,3,3,5,12:25,-1,E06000011,3,0,1,0,2,19,4,8,0,7,4,0,0,0,1,0,0,9,12
2024161490851,2024,161490851,507415,431844,-0.37168,53.77187,3,3,5,19:15,-1,E06000010,6,0,1,0,1,19,"[7, 3]","[3, 7]",0,"[1, 0]",0,1,0,0,0,0,0,9,12
2024161490935,2024,161490935,510133,429204,-0.3314,53.74758,3,3,5,18:45,-1,E06000010,3,0,1,0,1,19,7,3,0,0,0,0,0,0,0,0,1,9,12
2024161491004,2024,161491004,487271,411500,-0.68294,53.59282,2,2,5,14:55,-1,E06000013,6,0,1,0,1,"[19, 9]","[2, 5]","[6, 2]",0,0,0,1,0,1,0,0,0,9,12
2024161491131,2024,161491131,517587,467472,-0.20372,54.08973,3,3,6,14:45,-1,E06000011,4,0,1,0,1,4,5,1,0,0,0,0,0,0,0,1,0,9,13
2024161491276,2024,161491276,511331,429033,-0.3133,53.74579,3,3,6,23:15,-1,E06000010,3,2,1,0,1,19,3,7,0,0,0,1,0,0,0,0,0,9,13
2024161491507,2024,161491507,478098,438042,-0.81481,53.83278,2,2,7,15:30,-1,E06000011,3,0,1,0,2,19,3,7,0,"[7, 0]",0,1,0,0,0,0,0,9,14
2024161491525,2024,161491525,507321,468602,-0.3602,54.10212,3,3,6,09:57,-1,E06000011,4,0,1,0,2,19,"[1, 3]","[5, 7]",0,"[0, 1]",0,1,0,0,0,0,0,9,13
2024161491581,2024,161491581,472125,423467,-0.90895,53.70266,3,3,7,16:00,-1,E06000011,3,0,1,0,2,"[12, 19]",1,5,0,0,0,1,0,0,1,0,0,9,14
2024161491638,2024,161491638,526328,407865,-0.09461,53.55222,3,3,1,09:39,-1,E06000012,3,0,1,0,1,4,3,7,0,0,0,1,0,0,0,0,0,9,15
2024161491709,2024,161491709,507339,429811,-0.37353,53.75362,3,3,4,15:50,-1,E06000010,6,0,9,0,1,"[9, 5]","[3, 5]","[7, 1]",0,0,0,1,1,0,0,0,1,9,11
2024161491714,2024,161491714,528337,407987,-0.06426,53.55283,3,3,1,13:00,-1,E06000012,3,0,2,1,1,4,3,1,0,0,0,1,0,0,0,0,1,9,15
2024161491757,2024,161491757,504739,439132,-0.40979,53.83789,3,3,1,19:10,-1,E06000011,6,0,8,1,1,"[10, 19]","[7, 4]","[4, 8]",0,0,0,1,1,0,0,0,0,9,15
2024161491851,2024,161491851,525631,409110,-0.10463,53.56357,3,3,2,08:40,-1,E06000012,6,0,1,0,1,19,"[6, 2]","[2, 6]",0,0,0,1,1,0,0,0,0,9,9
2024161491921,2024,161491921,518138,466969,-0.1955,54.08509,3,3,2,10:12,-1,E06000011,4,0,1,0,1,3,8,4,0,0,0,0,0,0,1,0,0,9,9
2024161491995,2024,161491995,510422,429971,-0.32674,53.75441,3,3,2,08:28,-1,E06000010,6,0,1,0,1,"[5, 4, 19]",3,7,0,0,0,1,0,0,0,0,0,9,16
2024161492160,2024,161492160,508113,432973,-0.36069,53.78187,2,2,2,15:33,-1,E06000010,6,0,1,0,1,"[2, 19, 9]","[0, 7, 1]","[0, 3, 7]","[0, 4]",0,0,1,0,1,0,0,0,9,16
2024161492287,2024,161492287,526856,409269,-0.08608,53.56471,3,3,7,08:25,-1,E06000012,6,0,1,0,1,"[19, 6]",7,3,0,0,0,1,1,0,0,0,0,9,14
2024161492299,2024,161492299,508845,428657,-0.35111,53.74294,3,3,2,13:24,-1,E06000010,3,0,1,0,1,3,7,3,0,0,0,1,1,0,0,0,0,9,9
2024161492346,2024,161492346,508043,432051,-0.36208,53.7736,2,2,3,08:30,-1,E06000010,6,0,1,0,1,19,7,3,0,0,0,1,0,0,0,0,1,9,17
2024161492357,2024,161492357,507389,431572,-0.37217,53.76943,3,3,5,18:40,-1,E06000010,4,0,1,0,1,99,"[1, 7]","[5, 3]",0,0,0,1,0,0,0,0,0,9,12
2024161492379,2024,161492379,501354,435772,-0.46231,53.80837,2,2,3,10:10,-1,E06000011,6,0,1,0,2,19,"[1, 3]","[3, 1]",0,"[0, 1]",0,1,0,0,0,0,0,9,17
2024161492391,2024,161492391,508332,430547,-0.35822,53.76003,3,3,3,07:45,-1,E06000010,6,0,1,0,1,19,7,3,0,0,0,1,0,0,0,0,1,9,17
2024161492585,2024,161492585,503553,429014,-0.4312,53.74722,3,3,3,15:15,-1,E06000011,4,0,1,0,1,"[9, 5]","[4, 2]","[5, 8]",0,0,0,1,0,0,0,0,0,9,17
2024161492833,2024,161492833,517249,466620,-0.20922,54.08216,3,3,5,11:59,-1,E06000011,6,0,1,0,1,19,6,2,99,9,0,1,0,0,0,0,0,9,5
2024161492857,2024,161492857,525004,408391,-0.11438,53.55726,2,2,2,08:55,-1,E06000012,6,0,1,0,1,9,1,7,0,0,0,1,0,0,0,0,1,9,16
2024161492879,2024,161492879,508186,428673,-0.36109,53.74322,3,3,3,12:37,-1,E06000010,3,0,1,0,1,19,3,7,0,0,0,0,0,0,1,0,0,9,17
2024161492924,2024,161492924,502861,439820,-0.43808,53.84445,3,3,7,09:55,-1,E06000011,6,0,1,0,1,19,3,7,0,0,0,1,0,0,0,0,0,9,14
2024161492951,2024,161492951,527146,408704,-0.08193,53.55956,3,3,1,11:18,-1,E06000012,6,0,1,0,1,"[5, 19]","[1, 7]","[5, 3]",0,0,0,1,0,0,0,0,0,9,15
2024161493052,2024,161493052,506140,430871,-0.39135,53.76339,3,3,4,12:48,-1,E06000010,6,0,1,0,1,"[2, 19]","[0, 5]","[0, 1]","[0, 4]",0,0,1,0,1,0,0,0,9,18
2024161493155,2024,161493155,508942,430305,-0.34906,53.75772,2,2,4,14:05,-1,E06000010,3,0,1,0,1,"[19, 9]","[5, 6]","[1, 5]",0,0,0,1,0,0,0,0,0,9,18
2024161493209,2024,161493209,492991,429738,-0.59109,53.75572,3,3,3,15:15,-1,E06000011,6,0,1,0,2,"[3, 19]","[2, 8, 6]","[6, 4, 2]",0,0,0,1,0,0,0,0,0,9,17
2024161493228,2024,161493228,518967,427998,-0.19797,53.73481,3,3,3,15:34,-1,E06000011,6,0,1,0,2,19,2,6,0,0,0,1,0,0,0,0,1,9,17
2024161493519,2024,161493519,526469,408684,-0.09216,53.55954,3,3,5,14:00,-1,E06000012,6,0,1,0,1,"[5, 19]","[3, 5]","[7, 1]",0,0,0,1,1,0,0,0,0,9,19
2024161493573,2024,161493573,483781,446243,-0.72624,53.90559,3,3,4,17:45,-1,E06000011,6,0,1,1,2,19,"[6, 2]","[2, 6]",0,0,0,1,1,0,0,0,0,9,11
2024161493584,2024,161493584,500248,407223,-0.48831,53.55207,3,3,5,13:41,-1,E06000013,6,0,1,0,2,2,0,0,0,0,0,1,0,0,1,0,0,9,19
2024161493608,2024,161493608,515535,437010,-0.2466,53.81654,3,3,5,16:06,-1,E06000011,3,0,1,0,2,"[19, 10]",5,1,0,0,0,1,0,0,0,0,0,9,19
2024161493624,2024,161493624,478465,406787,-0.81713,53.55186,3,3,5,15:25,-1,E06000013,3,0,1,0,2,19,2,6,0,0,0,1,0,0,0,0,1,9,19
2024161493694,2024,161493694,510831,432426,-0.31966,53.77638,3,3,5,20:53,-1,E06000010,6,2,1,0,1,"[19, 2]","[8, 0]","[4, 0]",0,0,0,1,0,0,0,0,0,9,19
2024161493847,2024,161493847,512987,432507,-0.28693,53.77665,3,3,2,16:15,-1,E06000010,6,0,1,0,1,19,"[3, 1]","[7, 5]",0,0,0,0,1,0,0,0,0,9,2
2024161493955,2024,161493955,489234,411213,-0.65337,53.58991,3,3,5,15:15,-1,E06000013,6,0,1,0,1,19,7,3,0,0,0,1,1,0,0,0,0,9,19
2024161494316,2024,161494316,508718,432895,-0.35154,53.78104,3,3,4,16:27,-1,E06000010,6,0,1,0,1,"[19, 8]","[5, 1]","[1, 5]","[4, 0]",3,0,1,1,0,0,0,0,9,18
2024161494328,2024,161494328,510333,429275,-0.32834,53.74818,2,2,7,18:50,-1,E06000010,3,0,1,0,1,"[19, 7]","[1, 7]","[5, 1]",0,0,0,1,1,0,0,0,0,9,21
2024161494337,2024,161494337,489822,410205,-0.64478,53.58076,3,3,6,08:15,-1,E06000013,6,0,1,0,1,19,5,1,0,0,0,1,1,0,0,0,0,9,20
2024161494351,2024,161494351,503026,415903,-0.44354,53.62953,2,2,7,05:30,-1,E06000013,4,2,7,1,2,19,7,3,0,1,0,1,0,0,0,0,0,9,21
2024161494458,2024,161494458,528919,408963,-0.05508,53.56146,3,3,7,23:15,-1,E06000012,6,2,1,0,1,"[19, 5]","[1, 7]","[5, 3]",0,0,0,1,0,0,0,0,0,9,21
2024161494679,2024,161494679,508349,421225,-0.36122,53.67627,3,3,1,12:55,-1,E06000013,6,0,1,0,2,"[19, 4]","[3, 5]","[7, 1]",0,"[1, 0]",0,1,0,0,0,0,0,9,22
2024161494722,2024,161494722,507139,428707,-0.37695,53.74374,3,3,6,09:51,-1,E06000010,3,0,1,0,1,3,7,3,0,0,0,0,0,0,1,0,0,9,20
2024161494957,2024,161494957,495755,431883,-0.54851,53.77449,3,3,2,14:45,-1,E06000011,6,0,2,1,2,19,8,4,0,1,4,1,0,0,0,0,0,9,23
2024161495000,2024,161495000,508767,435330,-0.34994,53.80291,2,2,2,08:30,-1,E06000010,6,0,2,1,2,"[19, 8]","[1, 2]",5,0,0,0,1,1,0,0,0,0,9,23
2024161495012,2024,161495012,508763,429413,-0.35209,53.74975,3,3,1,13:24,-1,E06000010,6,0,1,0,1,"[9, 5]","[4, 8]","[2, 4]",0,0,0,1,0,0,0,0,0,9,1
2024161495100,2024,161495100,503111,458538,-0.42798,54.01257,3,3,5,08:15,-1,E06000011,6,0,1,0,1,19,8,4,0,0,0,1,0,0,0,0,1,9,19
2024161495118,2024,161495118,527498,409373,-0.07635,53.56549,3,3,6,11:20,-1,E06000012,6,0,1,0,1,"[9, 19]","[5, 3]","[3, 7]",0,0,0,1,1,0,0,0,0,9,20
2024161495156,2024,161495156,503382,439058,-0.43042,53.8375,3,3,3,08:20,-1,E06000011,6,0,1,0,1,"[19, 5]","[3, 5]","[7, 2]",0,0,0,1,1,0,0,0,0,9,24