collision_index,collision_year,collision_ref_no,location_easting_osgr,location_northing_osgr,longitude,latitude,casualty_severity,casualty_severity,day_of_week,time,local_authority_district,local_authority_ons_district,first_road_class,light_conditions,weather_conditions,road_surface_conditions,urban_or_rural_area,vehicle_manoeuvre,vehicle_direction_from,vehicle_direction_to,hit_object_in_carriageway,vehicle_leaving_carriageway,hit_object_off_carriageway,is_car,is_cyle,is_mcyle,is_goodsv,is_other,is_pedestrian,month,day
2024161495668,2024,161495668,483742,410637,-0.73647,53.58564,3,3,2,10:48,-1,E06000013,3,0,1,0,2,"[9, 19]","[8, 6]","[6, 3]",0,0,0,1,0,0,0,0,0,9,16
2024161495752,2024,161495752,526674,409138,-0.08888,53.56357,3,3,3,10:25,-1,E06000012,6,0,1,0,1,"[3, 9]","[8, 4]",2,0,0,0,1,0,0,1,0,0,9,17
2024161495974,2024,161495974,511112,429700,-0.31638,53.75183,3,3,4,10:48,-1,E06000010,3,0,1,0,1,"[9, 19]","[6, 2]","[4, 6]",0,0,0,1,0,0,1,0,0,9,25
2024161496035,2024,161496035,504561,439864,-0.41224,53.8445,3,3,6,22:00,-1,E06000011,6,2,1,0,1,"[13, 19]","[6, 2]","[2, 6]",0,0,0,1,1,0,0,0,0,9,20
2024161496061,2024,161496061,505108,410945,-0.41374,53.58457,3,3,4,17:45,-1,E06000013,3,0,1,0,2,"[3, 5]",4,8,0,0,0,1,0,0,0,0,0,9,25
2024161496070,2024,161496070,508244,442187,-0.35547,53.86462,3,3,3,17:08,-1,E06000011,3,0,1,0,2,"[19, 4]","[2, 6]","[6, 2]",0,0,0,1,0,0,0,0,0,9,24
2024161496090,2024,161496090,510049,431385,-0.33189,53.76719,3,3,5,06:25,-1,E06000010,3,2,1,1,1,7,5,7,0,0,0,1,1,0,0,0,0,9,26
2024161496327,2024,161496327,529799,430625,-0.03276,53.75583,2,2,3,08:10,-1,E06000011,4,0,9,0,2,"[13, 19]","[7, 3]","[3, 7]",0,"[0, 1]",0,1,0,0,0,0,0,9,24
2024161496411,2024,161496411,518335,467382,-0.19233,54.08875,3,3,5,17:43,-1,E06000011,6,0,2,1,1,19,"[7, 1]","[3, 5]",0,0,0,1,1,0,0,0,0,9,26
2024161496465,2024,161496465,514342,432329,-0.26644,53.77475,2,2,3,08:45,-1,E06000010,3,0,1,0,1,"[5, 19]","[6, 2]","[2, 6]",0,0,0,1,0,0,0,0,0,9,24
2024161496466,2024,161496466,511386,430029,-0.31211,53.75473,3,3,5,20:33,-1,E06000010,3,2,5,1,1,4,6,2,0,0,0,1,0,0,0,0,1,9,26
2024161496517,2024,161496517,502525,432185,-0.44573,53.77592,3,3,5,15:00,-1,E06000011,6,0,2,1,1,"[19, 10]","[7, 1]","[3, 7]",0,0,0,1,0,0,0,0,0,9,26
2024161496571,2024,161496571,514101,432239,-0.27013,53.774,2,2,5,20:45,-1,E06000010,6,2,2,1,1,"[19, 5]",7,3,0,0,0,1,0,0,0,0,0,9,26
2024161496576,2024,161496576,508455,427925,-0.35728,53.73644,3,3,5,05:45,-1,E06000010,3,0,2,1,1,19,"[6, 3]","[8, 7]",0,0,0,1,1,0,0,0,0,9,26
2024161496706,2024,161496706,489306,412355,-0.65196,53.60016,3,3,3,23:30,-1,E06000013,6,2,1,0,1,99,1,5,99,9,0,1,1,0,0,0,0,9,24
2024161496759,2024,161496759,509112,429233,-0.34686,53.74806,2,2,6,15:30,-1,E06000010,3,0,1,1,1,"[5, 3]",5,1,0,0,0,1,0,0,0,0,0,9,27
2024161496806,2024,161496806,526501,407631,-0.0921,53.55008,2,2,6,13:40,-1,E06000012,3,0,1,0,1,19,1,5,0,0,0,1,0,0,0,0,1,9,27
2024161496814,2024,161496814,491756,404201,-0.61734,53.52647,3,3,6,16:00,-1,E06000013,6,0,1,0,2,19,4,8,0,0,0,1,0,0,0,0,0,9,27
2024161496833,2024,161496833,522259,426649,-0.14862,53.72193,2,2,5,18:48,-1,E06000011,6,0,1,0,2,"[13, 5]","[7, 1]","[3, 5]",0,0,0,1,0,1,0,0,0,9,19
2024161496911,2024,161496911,490688,408122,-0.63231,53.56189,3,3,6,06:05,-1,E06000013,4,2,5,1,1,19,5,6,0,1,1,1,0,0,0,0,0,9,27
2024161496921,2024,161496921,526315,404456,-0.09619,53.5216,3,3,7,00:28,-1,E06000012,6,2,1,0,1,"[2, 19]","[0, 5]","[0, 1]","[0, 4]",0,0,1,0,0,0,0,0,9,28
2024161497070,2024,161497070,492067,459305,-0.59622,54.02154,3,3,7,08:27,-1,E06000011,4,0,1,0,2,"[5, 19]","[5, 1]","[1, 5]",0,0,0,1,0,0,0,0,0,9,28
2024161497094,2024,161497094,504602,428342,-0.41552,53.74098,3,3,7,12:50,-1,E06000011,6,0,1,0,1,19,1,5,0,0,0,1,1,0,0,0,0,9,28
2024161497171,2024,161497171,480923,418361,-0.77704,53.65549,3,3,7,17:05,-1,E06000013,3,0,1,0,2,"[19, 9]","[5, 7]","[1, 5]",6,0,0,1,0,0,0,1,0,9,28
2024161497184,2024,161497184,508307,428669,-0.35926,53.74316,2,2,6,06:10,-1,E06000010,6,0,1,1,1,19,"[3, 1]","[7, 5]",0,0,0,1,1,0,0,0,0,9,27
2024161497202,2024,161497202,514236,433288,-0.2677,53.78339,3,3,7,18:50,-1,E06000010,6,0,1,0,1,19,8,4,0,0,0,1,0,0,0,0,1,9,28
2024161497227,2024,161497227,502219,431758,-0.45051,53.77214,3,3,1,00:25,-1,E06000011,3,2,1,0,2,19,1,5,11,4,2,1,0,0,0,0,0,9,29
2024161497245,2024,161497245,493695,418377,-0.58384,53.65351,3,3,7,22:47,-1,E06000013,4,2,1,0,2,19,1,5,0,0,0,1,0,0,0,0,0,9,28
2024161497590,2024,161497590,509961,429089,-0.33404,53.74659,3,3,3,15:45,-1,E06000010,6,0,9,-1,1,19,-1,-1,99,9,0,1,1,0,0,0,0,9,24
2024161497608,2024,161497608,526124,408290,-0.09752,53.55609,3,3,4,17:45,-1,E06000012,6,0,1,0,1,19,7,3,0,0,0,1,1,0,0,0,0,9,25
2024161497722,2024,161497722,467147,421639,-0.98474,53.6869,3,3,2,04:54,-1,E06000011,3,2,2,1,2,19,2,6,0,2,7,1,0,0,0,0,0,9,30
2024161497725,2024,161497725,511111,429700,-0.31639,53.75183,3,3,2,20:26,-1,E06000010,3,2,1,0,1,19,"[2, 8]","[6, 4]",0,0,0,1,0,0,0,0,0,9,16
2024161497745,2024,161497745,506288,429425,-0.3896,53.75037,3,3,6,15:20,-1,E06000010,6,0,1,0,1,10,1,7,0,9,0,1,0,0,0,0,1,9,13
2024161497791,2024,161497791,525705,409419,-0.10339,53.56633,2,2,6,02:20,-1,E06000012,3,2,2,1,1,19,"[2, 8]","[6, 4]",0,0,0,1,1,0,0,0,0,9,27
2024161497809,2024,161497809,513679,414337,-0.28309,53.61326,3,3,2,14:25,-1,E06000012,3,0,2,1,2,9,1,"[7, 6]",0,0,0,1,0,0,0,1,0,9,30
2024161497827,2024,161497827,520017,413356,-0.18771,53.60303,3,3,7,06:23,-1,E06000012,3,2,9,0,2,"[13, 19]",7,3,99,0,0,0,1,0,1,0,0,9,21
2024161497881,2024,161497881,517698,466984,-0.20222,54.08532,3,3,2,15:43,-1,E06000011,6,0,2,1,1,"[2, 5]","[7, 3]","[3, 7]",0,0,0,1,0,0,0,0,0,9,30
2024161497883,2024,161497883,506058,428804,-0.3933,53.74483,3,3,7,11:15,-1,E06000010,6,0,1,0,1,"[9, 19]",3,"[1, 7]",0,0,0,1,0,0,1,0,0,9,28
2024161497918,2024,161497918,520723,447275,-0.16381,53.90758,2,2,1,12:00,-1,E06000011,6,0,1,0,2,19,"[2, 6]","[6, 2]",0,0,0,1,1,0,0,0,0,9,29
2024161497978,2024,161497978,508072,423959,-0.36446,53.70089,2,2,2,13:00,-1,E06000013,4,0,5,1,2,19,6,2,7,0,0,0,0,1,0,0,0,9,30
2024161498243,2024,161498243,525452,408357,-0.10763,53.55685,3,3,2,18:50,-1,E06000012,6,2,2,1,1,15,5,1,0,0,0,1,0,0,0,0,1,9,30
2024161498334,2024,161498334,506959,430767,-0.37896,53.76229,3,3,3,16:30,-1,E06000010,6,0,2,1,1,"[4, 19]",4,8,0,0,0,1,0,0,0,0,0,10,1
2024161498347,2024,161498347,526356,409071,-0.09371,53.56305,3,3,2,19:09,-1,E06000012,3,2,2,1,1,19,"[8, 2]","[4, 6]",0,0,0,1,0,0,0,0,0,9,30
2024161498389,2024,161498389,513898,432355,-0.27317,53.77508,3,3,7,12:40,-1,E06000010,6,0,1,0,1,19,"[8, 4]","[4, 8]",0,0,0,1,0,0,0,0,0,9,28
2024161498391,2024,161498391,485273,443033,-0.70443,53.8765,3,3,5,06:30,-1,E06000011,3,0,1,1,2,19,"[4, 8]","[8, 4]",0,"[1, 0]","[1, 0]",0,0,0,1,0,0,9,5
2024161498513,2024,161498513,490025,408071,-0.64233,53.56154,3,3,2,08:50,-1,E06000013,6,0,1,0,1,19,"[3, 5]","[7, 1]",0,0,0,1,0,0,0,0,0,9,16
2024161498534,2024,161498534,487216,411014,-0.6839,53.58846,2,2,4,10:00,-1,E06000013,6,0,1,0,1,-1,-1,-1,-1,-1,0,1,0,0,0,0,1,9,25
2024161498749,2024,161498749,528284,404685,-0.06641,53.52318,3,3,4,16:30,-1,E06000012,4,0,1,0,2,"[4, 3]","[7, 1]","[3, 5]","[99, 0]",0,0,1,1,0,0,0,0,10,2
2024161498763,2024,161498763,478614,410396,-0.81398,53.58427,3,3,4,15:30,-1,E06000013,3,0,1,0,2,"[14, 2, 19]","[8, 0]","[4, 0]",0,0,0,1,0,0,0,0,0,10,2
2024161498780,2024,161498780,518275,412677,-0.21428,53.59733,3,3,4,14:55,-1,E06000012,4,0,1,0,2,19,"[8, 4]","[4, 8]",0,"[1, 0]",0,1,0,1,0,0,0,10,2
2024161498812,2024,161498812,510113,429162,-0.33171,53.74721,3,3,3,09:00,-1,E06000010,6,0,5,1,1,"[19, 5]","[3, 5]","[7, 1]",0,0,0,1,1,0,0,0,0,10,1
2024161498882,2024,161498882,471342,423398,-0.92082,53.70215,3,3,4,17:30,-1,E06000011,1,0,1,0,2,"[19, 4]",6,2,0,0,0,1,0,0,0,0,0,10,2
2024161498910,2024,161498910,498542,439836,-0.5037,53.84543,3,3,4,16:55,-1,E06000011,3,0,1,0,2,"[19, 4]",8,4,0,0,0,1,0,0,1,0,0,10,2
2024161498947,2024,161498947,513427,430437,-0.28102,53.75795,3,3,3,08:40,-1,E06000010,6,0,2,1,1,19,7,3,0,0,0,1,0,0,0,0,0,10,1
2024161499733,2024,161499733,505372,429762,-0.40337,53.75358,2,2,6,22:50,-1,E06000010,6,2,1,0,1,"[19, 7]","[7, 1]",3,0,0,0,1,0,0,0,0,0,10,4
2024161499944,2024,161499944,507214,428715,-0.37581,53.7438,3,3,7,14:30,-1,E06000010,3,0,1,0,1,"[19, 9]","[7, 3]","[3, 1]",0,"[1, 0]",0,1,0,1,0,0,0,10,5
2024161500596,2024,161500596,494333,427304,-0.57148,53.73361,3,3,4,09:30,-1,E06000011,6,0,9,-1,2,"[99, 14]","[5, 1]","[1, 5]",99,9,0,1,0,0,0,0,0,10,2
2024161500697,2024,161500697,490008,411195,-0.64168,53.58962,2,2,2,07:15,-1,E06000013,6,0,1,0,1,7,8,2,0,0,0,0,1,0,0,0,1,10,7
2024161500710,2024,161500710,508061,428679,-0.36299,53.7433,3,3,2,14:30,-1,E06000010,3,0,1,0,1,"[7, 19]","[5, 7]","[7, 3]",0,0,0,1,1,0,0,0,0,10,7
2024161500937,2024,161500937,498288,459480,-0.50125,54.02197,3,3,2,08:15,-1,E06000011,3,0,1,0,2,-1,-1,-1,-1,-1,0,0,0,0,1,0,1,9,30
2024161500957,2024,161500957,530932,408389,-0.02495,53.5558,3,3,2,18:25,-1,E06000012,6,2,2,1,1,99,"[2, 0]","[6, 0]",0,0,0,1,0,0,0,0,0,9,30
2024161501024,2024,161501024,505935,429346,-0.39498,53.74973,3,3,5,13:55,-1,E06000010,6,0,1,0,1,19,"[5, 3]","[8, 7]",0,0,0,1,0,0,0,1,0,10,3
2024161501118,2024,161501118,509982,429683,-0.33351,53.75192,2,2,1,11:50,-1,E06000010,6,0,1,0,1,"[5, 19]","[7, 5]","[3, 1]",0,0,0,1,1,0,0,0,0,9,29
2024161501174,2024,161501174,510074,431380,-0.33152,53.76714,2,2,4,21:10,-1,E06000010,3,2,1,0,1,19,"[7, 3]","[5, 7]",0,0,0,1,0,0,0,0,0,9,25
2024161501205,2024,161501205,505448,427885,-0.40286,53.7367,3,3,3,10:00,-1,E06000010,3,0,8,1,1,19,7,3,0,0,0,1,0,0,0,0,0,10,8
2024161501231,2024,161501231,513161,432491,-0.2843,53.77646,2,"[2, 3]",3,06:25,-1,E06000010,6,2,1,0,1,19,"[3, 5]","[5, 3]",0,0,0,1,0,0,0,0,0,10,8
2024161501321,2024,161501321,489185,411312,-0.65408,53.59081,3,3,3,21:51,-1,E06000013,6,2,2,1,1,"[9, 19]","[7, 3]","[5, 7]",0,0,0,1,0,1,0,0,0,10,8
2024161501377,2024,161501377,509902,429929,-0.33464,53.75414,3,3,7,15:45,-1,E06000010,6,0,1,0,1,19,"[1, 7]","[5, 3]",0,0,0,1,0,0,0,0,0,9,28
2024161501464,2024,161501464,510657,432470,-0.32228,53.77681,3,3,6,15:40,-1,E06000010,6,0,1,0,1,"[3, 19]",8,4,0,0,0,1,0,0,0,0,0,10,4
2024161501550,2024,161501550,506838,427515,-0.38192,53.73309,3,3,5,13:45,-1,E06000010,3,0,1,0,1,19,7,3,0,"[1, 0]",0,1,1,0,0,0,0,10,3
2024161501555,2024,161501555,504957,428238,-0.41018,53.73997,3,3,4,08:25,-1,E06000010,6,0,1,0,1,"[19, 2]","[5, 0, 1]","[1, 0, 5]","[0, 4]",0,0,1,0,0,0,0,0,10,9
2024161501597,2024,161501597,503290,427484,-0.43569,53.73353,3,3,1,12:25,-1,E06000011,4,0,1,0,1,19,5,1,0,0,0,1,0,0,0,0,1,10,6
2024161501623,2024,161501623,472509,450763,-0.89671,53.9479,3,3,4,12:30,-1,E06000011,6,0,1,0,2,"[19, 9]","[7, 1]","[3, 7]",0,0,0,1,0,0,0,0,0,10,9
2024161501654,2024,161501654,508286,421242,-0.36217,53.67644,3,3,3,07:05,-1,E06000013,6,0,2,1,2,19,7,3,0,7,0,1,0,0,0,0,0,10,8
2024161501894,2024,161501894,505786,428043,-0.39768,53.73805,3,3,7,00:37,-1,E06000010,3,2,1,0,1,"[2, 19]","[0, 6]","[0, 2]","[0, 4]","[0, 5]",0,1,0,0,0,0,0,10,5
2024161501897,2024,161501897,509747,429403,-0.33718,53.74945,3,3,5,16:05,-1,E06000010,6,0,1,0,1,99,"[5, 1]","[1, 5]",0,0,0,1,0,1,0,0,0,10,3
2024161501911,2024,161501911,508828,430738,-0.35064,53.76164,3,3,7,12:06,-1,E06000010,6,0,1,0,1,19,7,3,0,0,0,1,1,0,0,0,0,10,5
2024161501913,2024,161501913,505286,426942,-0.40563,53.72826,3,3,7,14:04,-1,E06000010,6,0,1,0,1,"[7, 9]","[1, 5]","[5, 1]",0,0,0,1,0,0,0,0,0,10,5
2024161501946,2024,161501946,517319,466756,-0.20809,54.08336,3,3,6,15:35,-1,E06000011,3,0,1,0,1,19,4,8,99,0,0,0,0,0,1,0,0,10,4
2024161501961,2024,161501961,508062,428727,-0.36295,53.74373,3,3,7,20:10,-1,E06000010,6,2,1,0,1,19,5,1,0,0,0,1,0,0,0,0,0,10,5
2024161501971,2024,161501971,512248,430892,-0.29873,53.7623,2,2,7,12:54,-1,E06000010,3,0,1,0,1,"[7, 19]",6,"[1, 2]",0,0,0,1,0,0,0,0,0,10,5
2024161501995,2024,161501995,526145,410371,-0.09636,53.57478,3,3,6,16:40,-1,E06000012,3,0,1,0,1,"[4, 19]","[1, 3]","[5, 7]",0,0,0,1,0,1,0,0,0,10,4
2024161502009,2024,161502009,507658,427677,-0.36944,53.73438,2,2,3,13:57,-1,E06000010,6,0,1,0,1,4,3,7,0,0,0,0,0,0,1,0,1,10,8
2024161502049,2024,161502049,528627,404958,-0.06113,53.52555,3,3,4,08:05,-1,E06000012,6,0,2,1,2,"[19, 8]",1,3,0,0,0,1,0,0,0,0,0,10,9
2024161502103,2024,161502103,505610,427913,-0.40039,53.73692,3,3,5,08:09,-1,E06000010,3,0,1,0,1,"[5, 19]","[3, 5]","[7, 1]",0,0,0,1,1,0,0,0,0,10,10
2024161502112,2024,161502112,528148,408782,-0.06678,53.56002,3,3,2,08:20,-1,E06000012,6,0,1,0,1,19,"[8, 3]","[4, 7]",0,0,0,1,0,0,0,0,0,10,7
2024161502137,2024,161502137,503578,439565,-0.42728,53.84201,3,3,6,16:40,-1,E06000011,6,0,1,0,1,1,4,8,0,0,0,1,0,0,0,0,1,10,4
2024161502139,2024,161502139,527401,408648,-0.07811,53.559,2,2,5,08:10,-1,E06000012,3,0,1,0,1,"[5, 19]","[1, 7]","[5, 3]",0,0,0,1,1,0,0,0,0,10,10
2024161502162,2024,161502162,525555,403932,-0.10785,53.51707,2,2,5,12:40,-1,E06000012,6,0,1,0,1,"[19, 12, 2]","[8, 4, 0]","[4, 8, 0]",0,0,0,1,0,0,0,0,0,10,10
2024161502172,2024,161502172,508741,434239,-0.35072,53.79311,3,3,5,14:00,-1,E06000010,3,0,1,0,1,19,7,3,0,0,0,1,0,0,0,0,1,10,10
2024161502212,2024,161502212,474339,424153,-0.87525,53.70852,3,3,4,15:30,-1,E06000011,6,0,2,1,1,19,3,7,0,0,0,1,0,0,0,0,1,10,9
2024161502243,2024,161502243,526789,408480,-0.08741,53.55764,3,3,5,15:55,-1,E06000012,4,0,1,0,1,"[9, 4, 5]","[1, 3, 5]","[7, 1]",0,0,0,1,1,0,0,0,0,10,10
2024161502338,2024,161502338,513064,451963,-0.2786,53.95142,3,3,5,12:40,-1,E06000011,3,0,1,0,2,"[19, 4]",2,6,0,0,0,1,0,0,0,0,0,10,10
2024161502339,2024,161502339,500100,408682,-0.49008,53.56521,2,2,6,03:15,-1,E06000013,6,2,1,0,2,19,1,5,0,0,0,0,0,1,0,0,0,10,11
2024161502364,2024,161502364,489457,411375,-0.64995,53.59133,3,3,5,19:35,-1,E06000013,6,2,1,0,1,19,6,2,0,0,0,0,0,1,0,0,1,10,3
2024161502391,2024,161502391,484623,453857,-0.71132,53.97386,3,3,6,12:00,-1,E06000011,6,0,1,0,2,19,6,2,12,0,0,0,0,1,0,0,0,10,4
2024161502444,2024,161502444,515539,434928,-0.24732,53.79784,3,3,2,14:20,-1,E06000011,3,0,1,0,2,19,2,6,0,0,0,0,0,0,1,0,0,10,7
2024161502507,2024,161502507,508608,431512,-0.3537,53.76864,3,3,2,15:12,-1,E06000010,3,0,1,0,1,"[19, 3]",1,5,0,0,0,1,0,0,0,0,0,10,7
2024161502558,2024,161502558,477696,421817,-0.82499,53.68704,3,3,6,13:10,-1,E06000011,3,0,1,0,2,19,4,8,0,7,9,1,0,0,0,0,0,10,11
2024161502660,2024,161502660,523835,407562,-0.13234,53.55009,2,2,6,16:35,-1,E06000012,3,0,1,0,1,19,"[7, 5]",3,0,0,0,1,0,1,0,0,0,10,11
2024161502678,2024,161502678,492334,404361,-0.60857,53.52781,2,"[2, 3]",6,17:50,-1,E06000013,6,0,1,0,2,19,"[5, 3]","[3, 5]",0,0,0,1,0,0,0,0,0,10,11
2024161502684,2024,161502684,494485,428026,-0.56896,53.74007,3,3,2,17:30,-1,E06000011,6,0,1,0,1,"[19, 9]","[1, 7]",5,0,0,0,1,0,1,0,0,0,9,16
2024161502696,2024,161502696,513555,431759,-0.27859,53.7698,3,3,6,14:55,-1,E06000010,3,0,1,0,1,19,"[1, 6]","[5, 2]",0,0,0,1,1,0,0,0,0,10,11
2024161502721,2024,161502721,509506,416026,-0.34555,53.62932,2,2,6,18:00,-1,E06000013,3,0,1,0,2,19,5,1,0,3,0,1,0,0,0,0,0,10,11
2024161502862,2024,161502862,528464,409706,-0.06164,53.56824,2,2,5,17:02,-1,E06000012,6,0,1,0,1,19,5,1,0,0,0,1,0,0,0,0,1,10,10
2024161502941,2024,161502941,509829,430107,-0.33568,53.75576,3,3,6,13:10,-1,E06000010,6,0,1,0,1,"[19, 2, 9]","[5, 0, 7]","[1, 0, 3]",0,0,0,1,0,0,0,0,0,10,11
2024161503021,2024,161503021,469389,420731,-0.951,53.67845,1,1,7,23:15,-1,E06000011,6,2,1,0,2,19,5,1,0,1,1,1,0,0,0,0,0,10,12
2024161503206,2024,161503206,498657,459178,-0.49571,54.01919,3,3,1,17:50,-1,E06000011,3,2,1,0,2,"[19, 2]","[8, 0]","[4, 0]",0,0,0,1,0,0,0,0,0,10,13
2024161503287,2024,161503287,508692,431153,-0.35255,53.76539,3,3,2,08:00,-1,E06000010,3,0,1,0,1,19,4,8,0,0,0,0,1,0,0,0,0,10,7
2024161503290,2024,161503290,530154,408880,-0.03648,53.56041,3,3,1,13:00,-1,E06000012,3,0,1,0,1,"[3, 19]",6,2,0,0,0,1,0,0,0,0,0,10,6
2024161503316,2024,161503316,507269,434477,-0.37298,53.79555,3,3,3,02:30,-1,E06000011,3,2,2,1,2,19,8,4,0,0,0,1,1,0,0,0,0,10,8
2024161503361,2024,161503361,507291,430150,-0.37414,53.75667,3,3,2,21:30,-1,E06000010,6,2,1,0,1,"[2, 19]","[0, 5]","[0, 1]","[0, 4]",0,0,1,0,0,1,0,1,10,7
2024161503526,2024,161503526,507036,427560,-0.37891,53.73346,3,3,2,10:29,-1,E06000010,6,0,1,0,1,19,7,3,0,0,0,1,0,0,1,0,0,10,14
2024161503537,2024,161503537,526513,406912,-0.09221,53.54362,3,3,2,11:10,-1,E06000012,3,0,1,0,1,19,5,1,0,0,0,1,0,0,0,0,1,10,14
2024161503580,2024,161503580,502326,428340,-0.45002,53.74141,2,"[3, 2]",2,08:42,-1,E06000011,6,0,1,0,1,"[7, 19]","[7, 1]","[1, 5]",0,0,0,1,0,0,1,0,0,10,14
2024161503808,2024,161503808,509177,428892,-0.346,53.74498,3,3,7,18:39,-1,E06000010,6,2,9,0,1,19,7,3,0,0,0,0,0,0,1,0,1,10,5
2024161504122,2024,161504122,534042,428140,0.03048,53.73243,2,2,3,17:41,-1,E06000011,6,2,1,0,2,"[19, 6]","[8, 5]","[4, 5]",0,"[7, 0]",0,1,0,1,0,0,0,10,15
2024161504150,2024,161504150,508006,433524,-0.36213,53.78684,3,3,3,20:20,-1,E06000010,6,2,1,0,1,"[19, 9]","[4, 1]","[6, 7]",0,0,0,1,0,0,0,0,0,10,15
2024161504311,2024,161504311,527649,409353,-0.07408,53.56527,3,3,4,08:05,-1,E06000012,6,0,1,1,1,"[4, 19, 9]","[5, 3, 1]","[1, 7]",0,0,0,1,0,0,0,0,0,10,16
2024161504450,2024,161504450,530369,408436,-0.03342,53.55636,3,3,6,12:10,-1,E06000012,6,0,9,-1,1,99,-1,-1,99,9,0,1,0,0,0,0,1,10,11
2024161504462,2024,161504462,478691,445203,-0.80397,53.89704,2,2,5,13:33,-1,E06000011,6,0,1,0,2,19,"[5, 7]","[1, 4]",0,0,0,1,1,0,0,0,0,10,10
2024161504813,2024,161504813,502319,426825,-0.45063,53.7278,3,3,4,11:20,-1,E06000011,6,0,1,1,1,19,"[3, 5]","[7, 1]","[10, 0]",0,0,1,0,0,0,0,0,10,16
2024161504978,2024,161504978,508738,431024,-0.3519,53.76423,2,2,5,06:13,-1,E06000010,3,2,9,0,1,9,"[7, 5]","[5, 1]",0,0,0,1,1,0,0,0,0,10,10
2024161505283,2024,161505283,508418,428677,-0.35758,53.74321,2,2,6,19:13,-1,E06000010,3,2,1,0,1,19,7,3,0,0,0,1,0,0,0,0,1,10,11
2024161505288,2024,161505288,487377,408348,-0.68222,53.56448,3,3,6,07:15,-1,E06000013,6,0,7,1,1,7,"[7, 3]","[1, 5]",0,"[7, 0]",0,1,1,0,0,0,0,10,18
2024161505520,2024,161505520,509719,429156,-0.33769,53.74724,3,3,6,13:45,-1,E06000010,6,0,1,0,1,"[5, 19]","[5, 3]","[1, 7]",0,0,0,1,0,1,0,0,0,10,11
2024161505676,2024,161505676,517526,467803,-0.20453,54.09272,2,2,6,20:25,-1,E06000011,4,2,1,0,1,"[19, 4]",1,5,0,0,0,1,0,1,0,0,0,10,18
2024161505924,2024,161505924,529619,406682,-0.04546,53.54079,2,2,7,17:43,-1,E06000012,3,0,1,0,2,19,8,4,0,7,4,1,0,0,0,0,0,10,19
2024161506316,2024,161506316,496175,408688,-0.54932,53.566,3,3,1,21:55,-1,E06000013,6,2,1,1,2,19,"[3, 5]","[7, 1]",0,0,0,1,0,1,0,0,0,9,29
2024161506321,2024,161506321,526518,407515,-0.09189,53.54903,3,3,2,08:40,-1,E06000012,3,0,1,0,1,19,"[5, 7]","[1, 3]",0,0,0,1,1,0,0,0,0,10,14
2024161506333,2024,161506333,506855,433749,-0.37951,53.7891,3,3,3,17:15,-1,E06000010,6,0,9,0,1,"[19, 6]","[3, 7]","[7, 3]",99,9,0,0,1,1,0,0,0,10,15
2024161506370,2024,161506370,483697,429513,-0.73207,53.75527,3,3,2,07:40,-1,E06000011,4,0,1,0,2,"[19, 9]","[7, 5]",3,0,0,0,1,0,1,0,0,0,10,21
2024161506461,2024,161506461,507429,431562,-0.37156,53.76933,3,3,2,17:17,-1,E06000010,4,0,1,0,1,"[-1, 19]","[-1, 7]","[-1, 3]","[-1, 0]","[-1, 0]",0,1,1,0,0,0,0,10,14
2024161506466,2024,161506466,504938,428699,-0.41031,53.74412,3,3,4,14:50,-1,E06000010,4,0,9,0,1,"[19, 12]",8,3,99,9,0,1,1,0,0,0,0,10,16
2024161506562,2024,161506562,507437,428245,-0.37259,53.73953,3,3,2,14:30,-1,E06000010,6,0,1,0,1,99,1,5,99,9,0,1,0,0,0,0,1,10,14
2024161506576,2024,161506576,503198,439981,-0.43291,53.84583,3,3,2,10:15,-1,E06000011,6,0,1,0,1,4,4,8,0,0,0,1,0,0,0,0,0,10,21
2024161506624,2024,161506624,530578,423134,-0.02411,53.68834,3,3,2,15:20,-1,E06000011,3,0,1,0,2,19,3,7,0,7,0,1,0,0,0,0,0,10,21
2024161506630,2024,161506630,501560,426139,-0.46235,53.72178,3,3,2,15:45,-1,E06000011,6,0,1,1,2,19,"[7, 3]","[3, 7]",0,"[0, 1]",0,1,0,0,0,0,0,10,21
2024161506751,2024,161506751,508244,427872,-0.36049,53.73601,2,2,5,13:27,-1,E06000010,6,0,9,-1,1,"[7, 99]",-1,-1,99,9,0,1,1,0,0,0,0,10,17
2024161506843,2024,161506843,490269,409249,-0.63831,53.57209,3,3,3,08:25,-1,E06000013,3,0,1,0,1,"[19, 9]","[4, 6]","[8, 4]",0,0,0,1,0,1,0,0,0,10,22
2024161506870,2024,161506870,508729,431048,-0.35203,53.76444,3,3,5,16:35,-1,E06000010,3,0,9,0,1,"[9, 19]","[1, 5]","[7, 1]",0,0,0,1,0,0,0,0,0,10,17
2024161506923,2024,161506923,525994,407209,-0.09992,53.54641,3,3,2,13:30,-1,E06000012,6,0,1,0,1,"[19, 2]","[3, 0]","[7, 0]","[4, 0]","[8, 0]",0,1,0,0,0,0,0,10,14
2024161507085,2024,161507085,530835,408805,-0.02623,53.55956,3,3,7,16:37,-1,E06000012,6,0,9,-1,2,99,-1,-1,99,9,0,1,0,0,0,0,0,10,19
2024161507216,2024,161507216,488066,408296,-0.67183,53.5639,3,3,1,15:53,-1,E06000013,6,0,1,0,1,19,"[3, 1]","[7, 5]",0,0,0,1,1,0,0,0,0,10,20