collision_index,collision_year,collision_ref_no,location_easting_osgr,location_northing_osgr,longitude,latitude,casualty_severity,casualty_severity,day_of_week,time,local_authority_district,local_authority_ons_district,first_road_class,light_conditions,weather_conditions,road_surface_conditions,urban_or_rural_area,vehicle_manoeuvre,vehicle_direction_from,vehicle_direction_to,hit_object_in_carriageway,vehicle_leaving_carriageway,hit_object_off_carriageway,is_car,is_cyle,is_mcyle,is_goodsv,is_other,is_pedestrian,month,day
2024161507321,2024,161507321,526745,409194,-0.08779,53.56406,3,3,7,01:05,-1,E06000012,6,2,1,0,1,19,2,6,0,0,0,1,0,0,0,0,1,10,19
2024161507389,2024,161507389,504455,440494,-0.41364,53.85018,2,2,7,21:50,-1,E06000011,6,2,1,0,1,19,4,2,0,7,0,1,0,0,0,0,0,10,19
2024161507429,2024,161507429,518433,433831,-0.20382,53.78733,3,3,1,13:15,-1,E06000011,4,0,5,1,2,19,6,2,0,1,0,1,0,0,0,0,0,10,20
2024161507469,2024,161507469,527933,406698,-0.07088,53.54135,2,2,1,23:35,-1,E06000012,3,2,1,0,2,19,5,1,0,0,0,0,0,1,0,0,0,10,20
2024161507550,2024,161507550,517748,466291,-0.20172,54.07909,3,3,2,18:40,-1,E06000011,6,2,1,0,1,"[19, 2]","[7, 0]","[3, 0]","[4, 0]",0,0,1,0,0,0,0,0,10,21
2024161507596,2024,161507596,503843,440018,-0.4231,53.84603,2,2,1,13:30,-1,E06000011,6,0,1,0,1,"[8, 19]","[2, 1]","[5, 6]",0,0,0,1,1,0,0,0,0,10,13
2024161507654,2024,161507654,512532,431079,-0.29435,53.76392,3,3,3,10:45,-1,E06000010,3,0,1,0,1,19,2,6,0,0,0,1,0,0,0,0,0,10,22
2024161507806,2024,161507806,527661,409353,-0.0739,53.56527,3,3,6,06:10,-1,E06000012,6,2,1,0,1,5,3,7,0,0,0,1,0,0,0,0,1,9,27
2024161507897,2024,161507897,527723,408721,-0.07322,53.55957,3,3,2,14:10,-1,E06000012,6,0,1,0,1,19,2,6,0,0,0,1,1,0,0,0,0,10,21
2024161507929,2024,161507929,526192,409686,-0.09593,53.56861,3,3,4,11:31,-1,E06000012,6,0,1,0,1,14,"[3, 7]","[7, 3]",0,0,0,1,0,0,0,0,0,10,23
2024161507972,2024,161507972,510921,433277,-0.31799,53.78401,3,3,2,16:08,-1,E06000010,6,0,1,0,1,19,4,8,0,0,0,1,0,0,0,0,1,10,21
2024161508082,2024,161508082,506326,429398,-0.38903,53.75011,3,3,4,18:09,-1,E06000010,6,2,8,0,1,4,"[5, 7]","[1, 3]",0,"[0, 1]",0,1,1,0,0,0,0,10,23
2024161508106,2024,161508106,526740,409481,-0.08774,53.56664,3,3,5,11:45,-1,E06000012,6,0,8,0,1,7,1,3,0,0,0,1,0,0,0,0,1,10,24
2024161508205,2024,161508205,507394,428727,-0.37308,53.74387,3,3,5,18:00,-1,E06000010,3,2,1,0,1,"[7, 19]",7,"[1, 3]",0,0,0,1,0,1,0,0,0,10,24
2024161508208,2024,161508208,517229,468068,-0.20896,54.09517,3,3,4,13:35,-1,E06000011,4,0,1,0,1,"[9, 19]","[4, 3]","[2, 7]",0,0,0,1,0,0,0,0,0,10,23
2024161508282,2024,161508282,513432,431677,-0.28049,53.76909,3,3,6,05:40,-1,E06000010,6,2,1,1,1,"[7, 19]",2,"[4, 6]",0,0,0,1,1,0,0,0,0,10,25
2024161508304,2024,161508304,507370,434843,-0.37132,53.79882,3,3,4,06:05,-1,E06000011,3,2,1,0,2,19,1,5,0,0,0,1,1,0,0,0,0,10,23
2024161508358,2024,161508358,507923,432103,-0.36388,53.77409,3,3,4,08:30,-1,E06000010,6,0,1,0,1,19,"[7, 5]","[3, 1]",0,0,0,1,1,0,0,0,0,10,23
2024161508377,2024,161508377,508434,430499,-0.35669,53.75957,3,3,4,16:09,-1,E06000010,6,0,1,0,1,19,"[2, 7]","[6, 3]",0,0,0,1,1,0,0,0,0,10,23
2024161508482,2024,161508482,506747,428697,-0.38289,53.74373,3,3,5,20:28,-1,E06000010,3,2,1,0,1,"[7, 19]",7,"[1, 3]",0,0,0,1,0,0,0,0,0,10,10
2024161508905,2024,161508905,506479,428632,-0.38698,53.7432,2,"[2, 3]",7,10:30,-1,E06000010,3,0,1,0,1,19,"[3, 5]","[7, 8]",0,0,0,1,0,0,0,0,0,10,26
2024161508925,2024,161508925,508306,428674,-0.35927,53.7432,3,3,7,14:40,-1,E06000010,3,0,1,0,1,"[5, 19]","[7, 3]",1,0,0,0,1,0,0,0,0,0,10,26
2024161508955,2024,161508955,510351,431096,-0.32742,53.76453,2,2,7,17:55,-1,E06000010,3,2,1,0,1,"[12, 13]",1,5,0,0,0,1,0,0,0,0,0,10,26
2024161509096,2024,161509096,490940,409854,-0.628,53.57741,3,3,1,11:50,-1,E06000013,6,0,1,0,1,"[19, 9]","[7, 3]","[3, 1]",0,0,0,1,0,0,0,0,0,10,27
2024161509328,2024,161509328,481394,427597,-0.76749,53.73842,2,2,2,18:45,-1,E06000011,6,2,1,0,2,99,5,1,99,9,0,1,0,0,0,0,0,10,21
2024161509350,2024,161509350,505687,427098,-0.39951,53.72958,2,2,5,14:15,-1,E06000010,6,0,1,0,1,7,2,5,0,0,0,0,0,0,1,0,0,10,24
2024161509626,2024,161509626,490899,414298,-0.62732,53.61735,2,2,2,14:35,-1,E06000013,3,0,1,0,2,"[19, 9]","[1, 3]","[5, 1]",0,0,0,1,0,0,0,0,0,10,28
2024161509642,2024,161509642,489893,411776,-0.64325,53.59486,3,3,2,17:20,-1,E06000013,3,2,1,1,1,"[3, 9]","[7, 4]","[4, 1]",0,0,0,1,0,0,0,1,0,10,28
2024161509783,2024,161509783,510702,434128,-0.32101,53.7917,3,3,5,15:15,-1,E06000010,6,0,1,0,1,99,"[2, 4]","[6, 8]",99,9,0,1,0,0,0,1,0,10,24
2024161509845,2024,161509845,509175,419030,-0.3495,53.65638,2,2,7,20:45,-1,E06000013,6,2,1,0,2,19,6,2,0,1,0,1,0,0,0,0,0,10,26
2024161509942,2024,161509942,502259,440602,-0.44697,53.85159,3,3,6,08:53,-1,E06000011,6,0,1,0,1,"[19, 3]",4,8,0,0,0,1,0,0,0,0,0,10,25
2024161510002,2024,161510002,505645,428761,-0.39957,53.74453,3,3,6,15:39,-1,E06000010,4,2,7,0,1,"[19, 2]","[3, 0]","[7, 0]",0,0,0,1,0,0,0,0,0,10,25
2024161510082,2024,161510082,506887,433753,-0.37902,53.78913,3,3,3,14:18,-1,E06000010,6,0,1,0,1,19,"[3, 1]","[7, 5]",0,0,0,1,1,0,0,0,0,10,29
2024161510086,2024,161510086,505631,428180,-0.39998,53.73931,3,3,3,15:15,-1,E06000010,6,0,1,0,1,19,5,1,0,0,0,0,0,0,0,0,0,10,29
2024161510102,2024,161510102,530040,407772,-0.03866,53.55048,3,3,3,16:35,-1,E06000012,6,0,1,0,1,"[7, 19]",2,"[4, 6]",0,0,0,1,1,0,0,0,0,10,29
2024161510115,2024,161510115,520732,415277,-0.17617,53.62012,3,3,3,02:00,-1,E06000012,6,2,1,1,1,19,3,7,0,7,4,1,0,0,0,0,0,10,29
2024161510153,2024,161510153,509219,432815,-0.34397,53.78022,2,2,3,16:30,-1,E06000010,6,0,1,0,1,5,7,"[8, 3]",0,0,0,1,0,0,1,0,0,10,29
2024161510198,2024,161510198,487927,410680,-0.67326,53.58534,2,2,4,00:50,-1,E06000013,3,2,1,0,2,19,5,1,0,0,0,0,0,1,0,0,0,10,30
2024161510202,2024,161510202,509276,428774,-0.34454,53.7439,3,3,4,04:03,-1,E06000010,3,2,1,0,1,5,1,5,0,0,0,1,0,0,0,0,1,10,30
2024161510431,2024,161510431,489673,409383,-0.64726,53.57339,2,2,3,16:56,-1,E06000013,6,0,8,1,1,"[4, 19]","[7, 5]","[3, 1]",0,0,0,1,0,0,0,0,0,10,29
2024161510449,2024,161510449,509546,428737,-0.34046,53.74351,3,3,3,08:53,-1,E06000010,6,0,1,0,1,"[6, 19]",3,"[3, 7]",0,0,0,1,1,0,0,0,0,10,29
2024161510467,2024,161510467,498710,421048,-0.50714,53.67659,3,3,4,10:55,-1,E06000013,3,0,1,0,2,"[2, 19]","[0, 7]","[0, 3]","[0, 4]",0,0,1,0,0,0,0,0,10,30
2024161510469,2024,161510469,517641,466028,-0.20346,54.07675,2,2,6,14:15,-1,E06000011,6,0,1,0,1,19,"[3, 7]","[7, 3]",99,9,0,0,1,0,0,1,0,10,25
2024161510483,2024,161510483,487237,411285,-0.68351,53.5909,3,3,4,09:10,-1,E06000013,6,0,1,0,1,"[3, 19]","[1, 5]",5,0,0,0,1,0,0,0,0,0,10,30
2024161510571,2024,161510571,488474,408590,-0.66559,53.56647,3,3,4,06:30,-1,E06000013,4,2,1,0,1,"[2, 99]",7,3,0,0,0,1,1,0,0,0,0,10,30
2024161510608,2024,161510608,530400,408264,-0.03302,53.55481,3,3,3,16:55,-1,E06000012,6,2,9,0,1,"[1, 19]","[2, 6]","[6, 2]",0,0,0,1,0,0,0,0,0,10,29
2024161510633,2024,161510633,495596,427150,-0.55239,53.73199,3,3,4,16:50,-1,E06000011,6,2,1,0,2,"[19, 9]","[1, 3]","[5, 1]",0,0,0,1,1,0,0,0,0,10,30
2024161510882,2024,161510882,530446,404853,-0.03375,53.52416,3,3,7,17:50,-1,E06000012,6,0,1,0,2,"[1, 19]","[0, 4]","[3, 8]",0,0,0,1,1,0,0,0,0,10,26
2024161511005,2024,161511005,524340,408277,-0.12444,53.5564,3,3,5,14:45,-1,E06000012,6,0,1,0,1,"[19, 2]","[6, 0]","[2, 0]",0,0,0,1,0,0,0,0,0,10,31
2024161511038,2024,161511038,491017,407689,-0.62747,53.55794,2,2,5,15:30,-1,E06000013,6,0,1,0,1,7,1,4,0,0,0,1,0,0,0,0,1,10,31
2024161511045,2024,161511045,525246,409012,-0.11048,53.56278,2,2,5,16:32,-1,E06000012,3,0,1,0,1,"[2, 9, 19]","[0, 4, 6]","[0, 2]",0,"[0, 1]",0,1,0,0,0,0,0,10,31
2024161511218,2024,161511218,508436,411054,-0.36345,53.58487,3,3,7,02:00,-1,E06000013,3,2,7,1,2,19,6,2,0,1,1,1,0,0,0,0,0,10,26
2024161511354,2024,161511354,510321,431434,-0.32775,53.76758,3,3,4,22:06,-1,E06000010,3,2,1,0,1,19,"[5, 3]","[1, 7]",0,0,0,1,0,0,0,0,0,10,30
2024161511395,2024,161511395,503775,440072,-0.42411,53.84653,3,3,6,15:15,-1,E06000011,6,0,1,0,1,"[14, 3]",1,5,0,0,0,1,0,0,0,0,0,11,1
2024161511406,2024,161511406,516352,413955,-0.24285,53.60924,3,3,6,16:09,-1,E06000012,3,0,1,0,2,"[19, 2]","[3, 0]","[7, 0]",0,"[1, 0]",0,1,0,0,0,0,0,11,1
2024161511527,2024,161511527,526465,408914,-0.09212,53.56161,2,2,5,18:04,-1,E06000012,6,2,1,1,1,"[7, 19]","[1, 5]","[8, 1]",0,0,0,1,1,0,0,0,0,10,31
2024161511528,2024,161511528,524339,407679,-0.12469,53.55102,2,2,7,01:40,-1,E06000012,4,2,1,0,1,19,7,3,0,7,10,1,0,0,0,0,0,11,2
2024161511553,2024,161511553,506252,437301,-0.38743,53.82113,2,2,3,17:12,-1,E06000011,3,0,2,1,2,19,4,8,0,0,0,0,0,1,0,0,0,10,1
2024161511569,2024,161511569,529423,409791,-0.04713,53.56877,2,2,6,21:20,-1,E06000012,6,2,1,0,1,"[4, 19]","[2, 8]",4,0,0,0,1,1,0,0,0,0,11,1
2024161511746,2024,161511746,501831,426500,-0.45813,53.72497,3,3,7,20:15,-1,E06000011,3,2,1,0,2,"[4, 19]",6,"[8, 2]",0,0,0,1,0,0,0,0,0,11,2
2024161511973,2024,161511973,472673,456194,-0.89292,53.99668,3,3,1,13:25,-1,E06000011,3,0,1,0,2,19,2,6,0,1,0,1,0,0,0,0,0,11,3
2024161512050,2024,161512050,509370,428714,-0.34313,53.74334,3,3,1,00:15,-1,E06000010,6,2,1,0,1,"[19, 3]","[3, 5]","[7, 3]",0,0,0,1,0,1,0,0,0,11,3
2024161512051,2024,161512051,527619,409747,-0.07437,53.56882,3,3,1,16:08,-1,E06000012,4,0,1,0,1,19,"[3, 5]","[3, 1]","[11, 0]",0,0,1,0,0,0,0,0,11,3
2024161512136,2024,161512136,486154,411103,-0.69992,53.58944,3,3,6,12:07,-1,E06000013,3,0,1,0,2,"[19, 3]",7,3,0,0,0,1,0,0,0,0,0,11,1
2024161512149,2024,161512149,523472,433538,-0.1275,53.78353,3,3,1,07:40,-1,E06000011,6,0,1,0,2,19,4,8,0,1,4,1,0,0,0,0,0,11,3
2024161512215,2024,161512215,487621,442657,-0.66883,53.87273,3,3,6,17:57,-1,E06000011,6,2,1,0,2,"[19, 2]","[1, 0]","[5, 0]","[4, 0]",0,0,1,0,0,0,0,0,11,1
2024161512327,2024,161512327,525828,407837,-0.10217,53.55209,2,"[2, 3]",2,14:40,-1,E06000012,3,0,1,0,1,"[19, 2]","[2, 0]","[6, 0]","[4, 0]",1,0,1,0,0,0,0,0,11,4
2024161512394,2024,161512394,500432,426052,-0.47947,53.72122,3,3,2,19:00,-1,E06000011,6,2,1,0,2,"[10, 13]",7,3,0,0,0,1,0,1,0,0,0,11,4
2024161512715,2024,161512715,474700,422341,-0.87022,53.69218,3,3,7,16:00,-1,E06000011,6,0,1,0,1,19,2,6,0,0,0,1,0,0,0,0,1,10,26
2024161512814,2024,161512814,507890,427545,-0.36597,53.73315,3,3,3,17:05,-1,E06000010,6,2,1,0,1,"[19, 9]","[3, 1]","[7, 6]",0,0,0,1,0,0,0,0,0,11,5
2024161512957,2024,161512957,509876,428812,-0.33543,53.74411,2,2,6,10:40,-1,E06000010,6,0,1,0,1,"[9, 19]","[1, 7]","[7, 3]",0,0,0,1,1,0,0,0,0,8,30
2024161512988,2024,161512988,524002,403300,-0.13151,53.51177,3,3,6,17:00,-1,E06000012,6,2,1,0,2,19,7,3,0,0,0,0,1,0,0,0,0,11,1
2024161513049,2024,161513049,502933,452202,-0.43283,53.95568,3,3,4,07:25,-1,E06000011,6,2,1,0,2,"[2, 19]","[0, 7]","[0, 3]","[0, 4]","[0, 7]",0,1,0,0,0,0,0,11,6
2024161513156,2024,161513156,474739,428277,-0.8682,53.74552,2,2,4,12:45,-1,E06000011,6,0,1,0,2,"[1, 2]","[3, 0]","[7, 0]",0,0,0,1,0,0,0,0,1,11,6
2024161513163,2024,161513163,491146,409992,-0.62485,53.57861,2,2,3,15:30,-1,E06000013,3,0,1,0,1,19,"[8, 4]","[4, 8]",0,0,0,0,1,0,0,0,0,10,29
2024161513166,2024,161513166,489291,411667,-0.65238,53.59398,3,3,2,10:40,-1,E06000013,6,0,1,0,1,"[19, 9]","[7, 1]","[3, 7]",0,0,0,1,0,0,0,0,0,11,4
2024161513205,2024,161513205,527909,409521,-0.07009,53.56672,3,3,4,17:25,-1,E06000012,6,2,1,0,1,19,"[1, 7]","[5, 3]",0,0,0,1,0,0,0,0,0,11,6
2024161513207,2024,161513207,490327,413140,-0.6363,53.60704,3,3,3,19:30,-1,E06000013,3,2,1,0,2,19,1,5,0,1,7,1,0,0,0,0,0,11,5
2024161513268,2024,161513268,507537,427108,-0.37147,53.72929,3,3,5,00:40,-1,E06000010,3,2,1,0,1,19,3,7,0,2,7,1,0,0,0,0,0,11,7
2024161513335,2024,161513335,501111,466612,-0.4558,54.0855,3,3,5,08:45,-1,E06000011,6,0,1,0,2,"[2, -1]","[1, -1]","[5, -1]","[0, -1]","[0, -1]",0,1,0,0,0,0,1,11,7
2024161513455,2024,161513455,508356,430246,-0.35797,53.75732,3,3,5,18:30,-1,E06000010,6,2,1,0,1,19,"[2, 3]","[6, 7]",0,0,0,1,1,0,0,0,0,10,31
2024161513498,2024,161513498,487526,409080,-0.67976,53.57103,3,3,5,10:55,-1,E06000013,6,0,1,0,1,"[9, 19]","[5, 3]","[1, 7]",0,0,0,1,1,0,0,0,0,11,7
2024161513681,2024,161513681,512381,429720,-0.29714,53.75174,3,3,5,19:00,-1,E06000010,6,2,1,0,1,19,"[1, 5]","[5, 1]",0,0,0,1,0,0,0,0,0,11,7
2024161513693,2024,161513693,498557,426190,-0.50783,53.72282,3,3,3,08:45,-1,E06000011,4,0,1,0,1,3,7,3,0,0,0,1,0,0,0,0,1,11,5
2024161513710,2024,161513710,487653,409427,-0.67775,53.57413,3,3,5,18:10,-1,E06000013,6,2,1,0,1,7,7,2,0,0,0,1,0,0,0,0,1,11,7
2024161513757,2024,161513757,530681,405219,-0.03005,53.52739,3,3,3,17:15,-1,E06000012,4,2,1,0,2,19,7,3,0,0,0,1,0,0,0,0,1,11,5
2024161513838,2024,161513838,527725,410010,-0.07266,53.57115,2,2,4,15:30,-1,E06000012,6,0,1,0,1,-1,-1,-1,-1,-1,0,1,0,0,0,0,1,11,6
2024161513865,2024,161513865,503084,439790,-0.43471,53.84413,3,3,1,01:30,-1,E06000011,6,2,1,0,1,19,4,8,0,0,0,1,1,0,0,0,0,11,3
2024161513885,2024,161513885,506700,431624,-0.3826,53.77004,3,3,5,16:00,-1,E06000010,4,0,1,0,1,4,3,7,0,0,0,1,0,0,0,0,0,11,7
2024161513931,2024,161513931,504910,432152,-0.40956,53.77514,3,3,7,13:00,-1,E06000011,6,0,1,0,2,"[19, 5]","[1, 3]","[5, 7]",0,0,0,1,1,0,0,0,0,11,2
2024161513955,2024,161513955,518424,414713,-0.21126,53.61558,3,3,6,13:10,-1,E06000012,6,0,1,0,1,"[19, 9]","[7, 2]","[3, 8]",0,0,0,1,0,0,0,0,0,11,8
2024161514071,2024,161514071,507072,433524,-0.3763,53.78703,2,2,6,18:20,-1,E06000010,6,2,1,0,1,19,7,3,0,0,0,1,0,0,0,0,1,11,8
2024161514089,2024,161514089,506008,431755,-0.39305,53.77136,3,3,6,23:35,-1,E06000011,6,2,1,0,1,"[2, 19]","[0, 8]","[0, 4]",0,0,0,1,0,1,0,0,0,11,8
2024161514126,2024,161514126,518935,468848,-0.18258,54.10178,3,3,7,00:30,-1,E06000011,4,2,1,1,1,19,6,2,0,1,1,1,0,0,0,0,0,11,9
2024161514220,2024,161514220,478118,398641,-0.8244,53.47871,3,3,7,11:54,-1,E06000013,6,0,1,0,2,19,8,4,0,1,9,1,0,0,0,0,0,11,9
2024161514353,2024,161514353,503251,429816,-0.43551,53.75449,3,3,7,20:45,-1,E06000011,4,2,1,1,1,4,7,3,0,0,0,0,0,1,0,0,1,11,9
2024161514516,2024,161514516,524464,400216,-0.12577,53.48395,2,"[2, 3]",1,12:15,-1,E06000012,3,0,1,0,2,"[19, 5]","[1, 7]","[5, 1]",0,0,0,1,0,1,0,0,0,11,10
2024161514554,2024,161514554,501951,455982,-0.44653,53.98983,3,3,6,16:00,-1,E06000011,3,0,1,0,2,"[19, 10]",1,"[5, 6]",0,0,0,1,0,0,0,0,0,11,8
2024161514598,2024,161514598,482992,429749,-0.7427,53.7575,2,2,7,22:25,-1,E06000011,6,2,1,0,2,19,5,1,0,0,0,1,0,0,0,0,1,11,9
2024161514902,2024,161514902,505502,430739,-0.40107,53.76233,2,2,2,14:52,-1,E06000010,6,0,1,0,1,19,1,5,0,8,3,1,0,0,0,0,0,11,11
2024161514935,2024,161514935,507599,432592,-0.36863,53.77855,2,2,2,18:45,-1,E06000010,6,2,1,0,1,"[2, 19]","[0, 7]","[0, 3]","[0, 4]",0,0,1,1,0,0,0,0,11,11
2024161515061,2024,161515061,509048,429568,-0.34771,53.75108,3,3,6,21:09,-1,E06000010,3,2,1,1,1,"[5, 19]","[5, 1]","[1, 5]",0,0,0,1,0,0,0,0,0,11,8
2024161515062,2024,161515062,501731,430853,-0.45821,53.7641,2,2,3,07:36,-1,E06000011,3,0,1,1,2,4,7,3,10,0,0,0,0,1,0,0,0,11,12
2024161515339,2024,161515339,467078,421556,-0.9858,53.68616,3,3,2,14:01,-1,E06000011,3,0,1,0,2,4,1,7,0,0,0,1,0,0,0,0,0,11,11
2024161515456,2024,161515456,528989,408007,-0.05442,53.55285,2,2,3,18:42,-1,E06000012,3,2,1,0,1,"[2, 19]","[0, 4]","[0, 8]","[0, 4]",0,0,1,0,0,0,0,0,11,12
2024161515636,2024,161515636,526526,407074,-0.09195,53.54507,2,"[2, 3]",4,07:30,-1,E06000012,3,0,1,0,1,"[19, 9]","[5, 1]","[1, 7]",0,0,0,1,0,0,0,0,0,11,13
2024161515707,2024,161515707,489858,408963,-0.64459,53.56959,3,3,6,08:40,-1,E06000013,6,0,1,0,1,19,1,5,0,0,0,1,0,0,0,0,1,11,8
2024161515732,2024,161515732,508938,430303,-0.34912,53.75771,3,3,4,13:15,-1,E06000010,6,0,1,0,1,"[9, 19]",1,"[6, 5]",0,0,0,1,1,0,0,0,0,11,13
2024161515892,2024,161515892,468521,419630,-0.96438,53.66867,2,"[3, 2]",4,11:30,-1,E06000011,1,0,1,0,2,"[19, 4]",1,5,0,0,0,0,0,0,1,0,0,11,13
2024161515971,2024,161515971,516684,432975,-0.23068,53.78004,2,2,4,14:05,-1,E06000011,4,0,1,0,1,"[19, 5]","[7, 5]","[4, 3]","[10, 0]","[1, 0]","[2, 0]",1,0,1,0,0,0,11,13
2024161515988,2024,161515988,526053,407359,-0.09897,53.54774,3,3,1,20:46,-1,E06000012,6,0,1,0,1,9,1,5,0,1,11,1,0,0,0,0,0,6,23
2024161516118,2024,161516118,506483,427432,-0.38733,53.73242,3,3,6,17:45,-1,E06000010,3,2,1,0,1,7,4,6,0,0,0,1,0,0,0,0,1,11,8
2024161516199,2024,161516199,489089,411321,-0.65553,53.59091,3,3,7,17:00,-1,E06000013,6,0,1,0,1,7,7,3,99,0,0,1,0,0,0,0,1,11,9
2024161516202,2024,161516202,479900,449399,-0.78448,53.93456,3,3,5,08:30,-1,E06000011,6,0,8,0,2,"[15, 3]",4,8,0,0,0,1,0,0,0,0,0,11,14
2024161516225,2024,161516225,508304,430087,-0.35881,53.7559,3,3,3,11:28,-1,E06000010,6,0,1,0,1,"[1, 19]","[2, 6]","[6, 2]",0,0,0,1,1,0,0,0,0,11,12
2024161516416,2024,161516416,528019,409088,-0.06861,53.5628,3,3,5,12:55,-1,E06000012,6,0,1,0,1,"[8, 19]","[8, 1]","[2, 5]",0,0,0,1,1,0,0,0,0,11,14
2024161516533,2024,161516533,472024,449358,-0.90443,53.93534,3,3,4,08:15,-1,E06000011,6,0,1,0,2,"[5, 12]","[7, 1]","[3, 5]",0,0,0,1,0,0,1,0,0,11,13
2024161516749,2024,161516749,508743,435322,-0.35031,53.80284,3,3,5,18:00,-1,E06000010,6,2,1,0,2,"[19, 5]","[5, 7]","[1, 3]",0,0,0,1,0,1,0,0,0,11,14
2024161516786,2024,161516786,505974,426533,-0.39535,53.72445,3,3,4,22:30,-1,E06000010,3,2,1,0,2,19,7,3,0,1,0,1,0,0,0,0,0,11,13
2024161516820,2024,161516820,506567,431939,-0.3845,53.7729,2,2,3,11:08,-1,E06000010,6,0,1,1,1,19,"[3, 1]",5,0,0,0,1,1,0,0,0,0,11,12
2024161516857,2024,161516857,482888,446171,-0.73985,53.90508,3,3,4,18:02,-1,E06000011,6,2,1,1,2,19,6,2,0,0,0,1,0,0,0,0,1,11,13
2024161516917,2024,161516917,509522,430124,-0.34033,53.75598,2,2,6,15:46,-1,E06000010,6,2,1,0,1,9,3,1,0,0,0,1,0,0,0,0,1,11,15
2024161516965,2024,161516965,500809,408896,-0.47931,53.567,3,3,5,07:30,-1,E06000013,1,0,1,0,2,19,2,6,0,0,0,1,0,0,0,0,0,11,14
2024161516976,2024,161516976,529353,409818,-0.04818,53.56903,3,3,6,17:35,-1,E06000012,3,2,1,0,1,"[19, 9]","[8, 4]","[4, 1]",0,0,0,1,1,0,0,0,0,11,15
2024161517006,2024,161517006,514203,418434,-0.27367,53.64995,2,2,6,19:45,-1,E06000013,6,2,1,0,2,19,1,5,10,0,0,0,0,1,0,0,0,11,15
2024161517030,2024,161517030,506294,472991,-0.37436,54.14177,2,"[2, 3]",6,19:30,-1,E06000011,6,2,1,0,2,19,7,5,0,1,9,1,0,0,0,0,0,11,15
2024161517149,2024,161517149,519262,468494,-0.17773,54.09853,3,3,7,09:59,-1,E06000011,6,0,1,1,1,"[19, 9]","[2, 5]","[6, 2]",0,0,0,1,1,0,0,0,0,11,16
2024161517237,2024,161517237,508361,432952,-0.35694,53.78163,3,3,7,15:15,-1,E06000010,6,0,1,1,1,"[4, 19]","[1, 3]","[5, 7]",0,0,0,1,0,0,0,0,0,11,16
2024161517338,2024,161517338,513710,414529,-0.28255,53.61497,2,"[2, 3]",7,20:11,-1,E06000012,3,2,1,0,2,19,1,5,0,4,6,1,0,0,0,0,0,11,16
2024161517433,2024,161517433,504010,426564,-0.42509,53.72512,3,3,7,15:00,-1,E06000011,6,0,1,1,1,19,"[7, 3]","[3, 7]",0,0,0,1,1,0,0,0,0,11,16
2024161517474,2024,161517474,509195,428899,-0.34572,53.74504,2,2,1,11:55,-1,E06000010,6,0,1,0,1,19,"[3, 1]","[7, 5]",0,0,0,0,1,0,1,0,0,11,17
2024161517551,2024,161517551,508494,431485,-0.35544,53.76842,3,3,1,15:45,-1,E06000010,4,0,1,0,1,"[19, 1]","[1, 7]","[5, 3]",0,0,0,1,0,0,0,0,0,11,17
2024161517562,2024,161517562,525398,409119,-0.10814,53.56371,3,3,1,17:45,-1,E06000012,3,2,1,1,1,"[19, 2]","[6, 0]","[2, 0]",0,0,0,1,0,0,0,0,0,11,17
2024161517752,2024,161517752,518992,467388,-0.18229,54.08866,2,2,2,10:39,-1,E06000011,6,0,1,0,1,"[2, 19]","[0, 2]","[0, 7]","[0, 4]",0,0,1,0,0,0,0,0,11,18
2024161517913,2024,161517913,504933,427830,-0.41068,53.73631,3,3,2,16:15,-1,E06000010,6,2,1,0,1,14,3,7,0,0,0,1,0,0,0,0,1,11,18
2024161517964,2024,161517964,529598,406763,-0.04574,53.54153,3,3,3,02:29,-1,E06000012,3,2,2,1,1,19,8,4,11,1,11,1,0,0,0,0,0,11,19
2024161517968,2024,161517968,464187,420788,-1.02972,53.67962,3,3,4,12:45,-1,E06000011,1,0,1,0,2,"[19, 3]",7,3,0,0,0,1,0,0,1,0,0,11,13
2024161518020,2024,161518020,529810,409453,-0.04143,53.56564,3,3,2,11:34,-1,E06000012,3,0,1,0,1,"[11, 19]",4,8,0,0,0,1,1,0,0,0,0,11,18
2024161518320,2024,161518320,475112,427953,-0.86262,53.74256,3,3,2,06:50,-1,E06000011,3,2,8,0,2,"[7, 3]",8,"[2, 4]","[0, 99]",0,0,1,0,1,0,0,0,11,18
2024161518490,2024,161518490,514172,433127,-0.26873,53.78196,3,3,5,23:24,-1,E06000010,6,2,1,0,1,"[19, 2]","[4, 0]","[8, 0]","[4, 0]",0,0,1,0,0,0,0,0,10,24
2024161518535,2024,161518535,484800,428446,-0.71564,53.7455,3,3,6,12:38,-1,E06000011,6,0,1,1,2,19,"[4, 8]","[8, 4]",0,0,0,1,0,0,0,0,0,11,15
2024161518632,2024,161518632,489121,409386,-0.6556,53.57352,2,"[3, 2]",7,22:13,-1,E06000013,3,2,1,0,1,19,"[5, 1]","[1, 5]",0,"[0, 7]","[0, 11]",1,0,0,0,0,0,11,16
2024161518705,2024,161518705,500214,415521,-0.48617,53.62664,3,3,4,09:20,-1,E06000013,4,0,1,1,2,19,"[0, 1]","[0, 5]","[0, 4]",0,0,1,0,0,0,0,0,11,20