collision_index,collision_year,collision_ref_no,location_easting_osgr,location_northing_osgr,longitude,latitude,casualty_severity,casualty_severity,day_of_week,time,local_authority_district,local_authority_ons_district,first_road_class,light_conditions,weather_conditions,road_surface_conditions,urban_or_rural_area,vehicle_manoeuvre,vehicle_direction_from,vehicle_direction_to,hit_object_in_carriageway,vehicle_leaving_carriageway,hit_object_off_carriageway,is_car,is_cyle,is_mcyle,is_goodsv,is_other,is_pedestrian,month,day
202417S412624,2024,17S412624,441966,513708,-1.35325,54.51694,3,3,1,01:10,-1,E06000004,3,2,1,0,1,19,"[5, 1]","[1, 5]",0,"[7, 1]",11,1,0,0,0,0,0,10,27
202417S412924,2024,17S412924,442506,511579,-1.34522,54.49776,3,3,3,13:50,-1,E06000004,3,0,1,0,2,"[9, 19]","[2, 8]","[8, 4]",0,0,0,1,1,0,0,0,0,11,5
202417S413724,2024,17S413724,443688,508968,-1.32735,54.4742,3,3,3,16:40,-1,E06000004,3,2,1,1,2,19,"[4, 8]","[8, 4]",0,"[0, 1]",0,1,0,0,0,0,0,11,26
202417S414424,2024,17S414424,442299,515246,-1.34789,54.53073,2,2,7,13:40,-1,E06000004,6,0,1,0,1,19,6,2,0,0,0,1,0,0,0,0,1,12,14
202417S414924,2024,17S414924,444277,509369,-1.3182,54.47775,3,3,3,04:30,-1,E06000004,3,2,1,0,2,"[19, 2]","[6, 0]","[2, 0]",0,"[2, 0]",0,0,0,0,1,0,0,12,17
2024201393684,2024,201393684,413126,291449,-1.80798,52.52077,3,3,2,01:22,-1,E08000025,6,2,2,1,1,19,2,6,0,0,0,1,0,0,0,0,1,1,1
2024201393814,2024,201393814,393811,298825,-2.09278,52.58719,3,3,2,17:20,-1,E08000031,6,0,2,1,1,19,8,4,0,0,0,0,0,0,0,0,1,1,1
2024201393906,2024,201393906,405911,286234,-1.91441,52.47401,3,3,2,03:40,-1,E08000025,6,2,1,0,1,"[6, 1]","[2, 6]",2,0,0,0,1,0,0,0,0,0,1,1
2024201394190,2024,201394190,403182,283893,-1.9546,52.45298,2,"[2, 3]",2,05:15,-1,E08000025,3,2,1,1,1,"[9, 19]","[7, 5]","[5, 1]",0,0,0,1,0,0,0,0,0,1,1
2024201394230,2024,201394230,408806,284625,-1.87183,52.4595,2,2,3,16:15,-1,E08000025,3,2,5,1,1,"[14, 9]","[4, 6]","[8, 4]",0,0,0,1,0,0,0,0,0,1,2
2024201394377,2024,201394377,401930,288765,-1.973,52.49679,3,3,2,18:20,-1,E08000028,6,2,2,1,1,19,"[5, 2]","[1, 6]",0,0,0,1,1,0,0,0,0,1,1
2024201394381,2024,201394381,407874,283117,-1.88558,52.44596,3,3,3,09:30,-1,E08000025,6,0,2,1,1,19,7,3,0,0,0,1,0,0,0,0,1,1,2
2024201394408,2024,201394408,413040,278359,-1.80976,52.40309,3,3,3,18:25,-1,E08000029,4,2,2,1,1,"[9, 19]","[2, 6]","[8, 2]",0,0,0,1,0,0,0,0,0,1,2
2024201394595,2024,201394595,406791,286455,-1.90145,52.47598,3,3,4,13:10,-1,E08000025,4,0,2,1,1,"[12, 19]","[2, 8]",4,0,0,0,1,0,0,0,0,0,1,3
2024201394744,2024,201394744,401854,285699,-1.97414,52.46923,3,3,4,16:45,-1,E08000025,3,2,2,1,1,"[9, 19]","[2, 6]","[8, 2]",0,0,0,1,0,0,0,0,0,1,3
2024201394780,2024,201394780,403845,284708,-1.94484,52.46031,3,3,3,18:00,-1,E08000025,4,2,2,1,1,19,6,2,0,0,0,1,0,0,0,0,0,1,2
2024201394856,2024,201394856,407645,282096,-1.88897,52.43679,3,3,4,17:21,-1,E08000025,6,2,1,0,1,19,"[4, 6]","[2, 6]",0,0,0,1,1,0,0,0,0,1,3
2024201394880,2024,201394880,432141,277988,-1.52904,52.39897,3,3,5,10:00,-1,E08000026,4,0,1,0,1,19,8,4,0,0,0,1,0,0,0,0,1,1,4
2024201394989,2024,201394989,395890,296441,-2.06207,52.56578,3,3,4,14:47,-1,E08000031,6,0,1,1,1,7,1,3,0,0,0,1,0,0,0,0,1,1,3
2024201394996,2024,201394996,395045,287404,-2.07439,52.48453,3,3,5,13:06,-1,E08000027,3,0,1,1,1,19,8,4,0,0,0,1,0,0,0,0,1,1,4
2024201395058,2024,201395058,398676,289408,-2.02093,52.50257,3,3,4,13:00,-1,E08000028,6,0,1,1,1,"[3, 5]",2,6,0,0,0,1,0,0,1,0,0,1,3
2024201395061,2024,201395061,410421,280746,-1.84818,52.4246,3,3,5,18:20,-1,E08000025,3,2,1,1,1,19,"[2, 8]","[6, 4]",0,0,0,1,1,0,0,0,0,1,4
2024201395089,2024,201395089,436040,277543,-1.47179,52.39473,3,3,4,16:15,-1,E08000026,6,0,1,1,1,4,"[5, 8]","[6, 4]",0,0,0,1,1,0,0,0,0,1,3
2024201395116,2024,201395116,411508,286513,-1.832,52.47643,3,3,5,18:05,-1,E08000025,6,2,1,1,1,19,7,3,0,0,0,1,0,0,0,0,0,1,4
2024201395146,2024,201395146,407095,287335,-1.89695,52.48389,3,3,5,08:22,-1,E08000025,6,0,1,0,1,19,8,4,0,0,0,1,0,0,0,0,1,1,4
2024201395153,2024,201395153,396897,285003,-2.0471,52.46296,1,"[1, 3, 2]",6,03:16,-1,E08000027,3,2,1,0,1,19,1,"[6, 4]",0,0,0,1,0,0,0,0,0,1,5
2024201395158,2024,201395158,413310,282357,-1.80563,52.43902,3,3,5,09:20,-1,E08000029,6,0,1,0,1,"[3, 19]",6,2,0,0,0,1,0,0,0,0,0,1,4
2024201395168,2024,201395168,418459,283238,-1.72984,52.4468,3,3,4,15:10,-1,E08000029,4,0,1,0,2,"[19, 9]",5,"[1, 2]",0,0,0,1,0,0,0,0,0,1,3
2024201395230,2024,201395230,390255,299572,-2.14529,52.59386,3,3,5,14:10,-1,E08000031,6,0,1,1,1,"[5, 19]","[5, 4]","[1, 8]",0,0,0,1,1,0,0,0,0,1,4
2024201395560,2024,201395560,389611,302926,-2.1549,52.62399,3,3,5,05:25,-1,E08000031,6,2,8,1,1,"[19, 9]","[3, 5]","[7, 3]",0,0,0,1,1,0,0,0,0,1,4
2024201395600,2024,201395600,397650,292591,-2.03607,52.53118,3,3,7,20:20,-1,E08000028,4,2,1,0,1,"[12, 3]",8,6,0,0,0,1,0,0,0,0,0,1,6
2024201395604,2024,201395604,405674,286069,-1.9179,52.47253,3,3,7,00:01,-1,E08000025,3,2,1,0,1,"[19, 8]",4,"[8, 6]",0,0,0,1,0,0,0,0,0,1,6
2024201395778,2024,201395778,390968,288913,-2.13447,52.49805,2,2,1,18:15,-1,E08000027,6,2,1,0,1,19,2,4,10,7,0,1,0,0,0,0,1,1,7
2024201396225,2024,201396225,392750,295723,-2.10837,52.55929,3,3,1,18:00,-1,E08000031,6,2,1,1,1,"[9, 7]",2,"[4, 8]",0,0,0,1,0,0,0,0,0,1,7
2024201396240,2024,201396240,413399,277770,-1.8045,52.39779,2,2,6,17:40,-1,E08000029,6,2,8,1,1,"[19, 9]","[5, 2]","[1, 8]",0,0,0,1,0,1,0,0,0,1,5
2024201396736,2024,201396736,407674,280974,-1.88857,52.4267,3,3,2,10:30,-1,E08000025,3,0,1,0,1,19,"[8, 6]",2,0,0,0,1,1,0,0,0,0,1,1
2024201396784,2024,201396784,428652,278794,-1.58025,52.40641,3,3,3,17:15,-1,E08000026,6,0,1,0,1,14,2,7,0,0,0,1,0,0,0,0,1,1,9
2024201396907,2024,201396907,403312,282239,-1.95271,52.43811,3,3,3,16:40,-1,E08000025,6,2,4,0,1,7,2,4,0,0,0,1,0,0,0,0,1,1,9
2024201397071,2024,201397071,400025,288052,-2.00106,52.49038,2,2,5,06:55,-1,E08000028,4,2,1,0,1,"[4, 19]","[7, 5]","[3, 1]",0,0,0,1,1,0,0,0,0,1,11
2024201397113,2024,201397113,430629,280136,-1.55107,52.41837,3,3,4,19:10,-1,E08000026,6,2,1,0,1,20,3,1,0,0,0,1,0,0,0,0,1,1,10
2024201397136,2024,201397136,415153,287279,-1.7783,52.48323,2,2,4,18:31,-1,E08000025,6,2,1,0,1,5,6,2,0,0,0,1,0,0,0,0,1,1,10
2024201397151,2024,201397151,407998,290604,-1.88358,52.51327,3,3,4,13:35,-1,E08000025,3,0,1,0,1,"[9, 19]","[8, 6]","[4, 2]",0,0,0,1,0,0,0,1,0,1,10
2024201397197,2024,201397197,391935,298430,-2.12046,52.58362,2,2,3,14:20,-1,E08000031,3,0,1,0,1,19,2,6,0,0,0,0,0,0,1,0,0,1,9
2024201397200,2024,201397200,415661,296097,-1.77041,52.56248,3,3,1,20:00,-1,E08000025,3,2,2,1,2,"[15, 19]",5,1,0,0,0,1,0,0,0,0,0,1,7
2024201397275,2024,201397275,413397,296379,-1.80379,52.56508,3,3,4,12:42,-1,E08000025,4,0,1,0,1,"[5, 19]","[7, 1]","[3, 5]",0,0,0,1,0,0,0,0,0,1,10
2024201397480,2024,201397480,405589,294420,-1.91901,52.5476,2,2,5,14:48,-1,E08000028,1,0,1,0,2,19,7,7,7,1,7,0,0,0,1,0,0,1,11
2024201397552,2024,201397552,412361,289200,-1.81934,52.50056,3,3,3,12:45,-1,E08000025,6,0,1,0,1,"[3, 19]",4,8,0,0,0,1,0,0,0,0,0,1,9
2024201397626,2024,201397626,411521,288361,-1.83174,52.49304,3,3,5,18:00,-1,E08000025,4,2,1,0,1,"[19, 9]","[4, 5]","[8, 2]",0,0,0,1,0,0,0,0,0,1,11
2024201397639,2024,201397639,411042,292052,-1.83868,52.52623,3,3,3,08:52,-1,E08000025,6,0,1,0,1,"[3, 5]","[4, 8]","[8, 4]",0,0,0,1,0,0,0,0,0,1,9
2024201397644,2024,201397644,390033,284502,-2.14811,52.45837,3,3,4,12:50,-1,E08000027,6,0,1,0,1,19,8,4,0,0,0,1,0,0,0,0,1,1,10
2024201397671,2024,201397671,398892,290063,-2.01775,52.50846,2,2,3,18:15,-1,E08000028,4,2,9,0,1,19,5,1,0,0,0,1,0,0,0,0,0,1,9
2024201397674,2024,201397674,408729,285519,-1.87294,52.46754,3,3,5,19:38,-1,E08000025,6,2,1,0,1,19,"[1, 5]","[5, 1]",0,0,0,1,0,0,0,0,0,1,11
2024201397807,2024,201397807,401240,294156,-1.98315,52.54525,3,3,6,23:35,-1,E08000028,3,2,1,0,1,19,2,6,0,0,0,1,0,0,0,0,1,1,12
2024201397906,2024,201397906,408280,296587,-1.87928,52.56705,3,3,6,06:10,-1,E08000025,3,2,1,0,1,"[5, 19]","[2, 4]","[5, 8]",0,0,0,1,1,0,0,0,0,1,12
2024201397922,2024,201397922,400006,278946,-2.00134,52.40852,3,3,3,15:30,-1,E08000025,6,0,1,0,1,19,1,2,0,0,0,1,0,0,0,0,1,1,9
2024201397946,2024,201397946,406098,285918,-1.91166,52.47116,3,3,7,19:09,-1,E08000025,4,2,1,0,1,"[19, 9]","[8, 1]","[4, 5]","[7, 0]",0,0,1,0,0,0,0,0,1,6
2024201397986,2024,201397986,394038,298636,-2.08943,52.5855,3,3,5,16:30,-1,E08000031,6,2,1,0,1,19,4,8,0,0,0,1,0,0,0,0,0,1,11
2024201397989,2024,201397989,401722,290533,-1.97606,52.51268,3,3,7,12:00,-1,E08000028,3,0,1,0,1,"[4, 5]",8,3,0,0,0,1,0,0,0,0,0,1,13
2024201398147,2024,201398147,412602,291807,-1.81569,52.524,2,"[3, 2]",7,11:30,-1,E08000025,6,0,1,0,1,"[9, 3]","[8, 2, 6]","[4, 6, 2]",0,0,0,1,1,0,0,0,0,1,13
2024201398176,2024,201398176,415709,287039,-1.77012,52.48105,3,3,7,18:12,-1,E08000025,6,2,1,0,1,"[3, 19]",3,7,0,0,0,1,0,0,0,0,0,1,13
2024201398177,2024,201398177,404350,289549,-1.93735,52.50382,3,3,7,12:31,-1,E08000025,3,0,1,0,1,"[19, 3]",4,8,0,0,0,1,0,0,0,0,0,1,13
2024201398181,2024,201398181,408598,284591,-1.87489,52.4592,3,3,5,17:30,-1,E08000025,3,2,1,0,1,"[19, 5]",4,8,0,0,0,1,0,0,0,0,0,1,11
2024201398192,2024,201398192,393259,292081,-2.10079,52.52656,2,2,7,18:40,-1,E08000027,6,2,1,0,1,"[9, 19]","[3, 6]","[1, 3]",0,0,0,1,0,0,0,0,0,1,13
2024201398249,2024,201398249,433747,281772,-1.50506,52.43289,3,3,7,19:30,-1,E08000026,4,2,1,0,1,"[15, 19]",8,4,0,0,0,1,1,0,0,0,0,1,13
2024201398539,2024,201398539,401177,287793,-1.9841,52.48805,3,3,2,13:01,-1,E08000028,6,0,1,0,1,19,3,7,10,0,0,1,0,0,0,0,1,1,15
2024201398556,2024,201398556,397346,301325,-2.04063,52.6097,3,3,4,08:30,-1,E08000030,3,0,1,0,1,19,1,5,0,0,0,1,0,0,0,0,1,1,10
2024201398573,2024,201398573,436718,276570,-1.46193,52.38593,2,2,1,21:40,-1,E08000026,6,2,1,0,1,19,2,8,0,0,0,1,0,0,0,0,0,1,14
2024201398653,2024,201398653,434291,277012,-1.49755,52.39007,3,3,2,15:53,-1,E08000026,6,0,1,0,1,"[19, 2]","[1, 0]","[5, 0]","[4, 0]",0,0,1,0,0,0,0,0,1,15
2024201398824,2024,201398824,390941,285843,-2.13478,52.47045,2,2,4,13:00,-1,E08000027,6,0,1,1,1,19,2,6,10,1,10,1,0,0,0,0,0,1,10
2024201398839,2024,201398839,399143,300068,-2.01409,52.5984,3,3,7,14:55,-1,E08000030,6,0,1,0,1,"[3, 10]",7,"[3, 5]",0,0,0,1,0,0,0,0,0,1,13
2024201398861,2024,201398861,407436,285207,-1.89198,52.46476,2,2,7,18:30,-1,E08000025,3,2,1,0,1,19,5,1,0,0,0,1,0,0,0,0,1,1,13
2024201398878,2024,201398878,406888,285936,-1.90003,52.47132,3,3,7,22:30,-1,E08000025,3,2,1,0,1,19,5,1,0,0,0,1,0,0,0,0,0,1,13
2024201398895,2024,201398895,398533,295235,-2.02307,52.55495,3,3,2,10:54,-1,E08000028,3,0,1,0,1,19,1,5,0,0,0,1,0,0,0,0,1,1,15
2024201398917,2024,201398917,435222,275608,-1.48401,52.37738,1,"[1, 2, 3]",7,22:10,-1,E08000026,6,2,1,0,2,"[9, 19]","[5, 1]","[3, 5]",0,0,0,1,0,0,0,0,0,1,13
2024201398931,2024,201398931,404756,286044,-1.93141,52.47231,3,3,2,16:22,-1,E08000025,4,2,1,0,1,"[14, 3]",6,2,0,0,0,1,0,0,0,0,0,1,15
2024201398973,2024,201398973,406804,286642,-1.90125,52.47766,3,3,2,12:30,-1,E08000025,6,0,1,0,1,"[19, 2]","[4, 0]","[8, 0]","[4, 0]",0,0,1,0,0,0,0,0,1,15
2024201399031,2024,201399031,415730,283782,-1.76997,52.45177,2,"[2, 3]",2,16:00,-1,E08000025,3,0,1,0,1,"[19, 4]",3,7,0,0,0,1,0,0,0,0,0,1,15
2024201399116,2024,201399116,389119,287001,-2.16164,52.48082,3,3,3,13:41,-1,E08000027,3,0,1,0,1,"[9, 19]","[1, 5]","[7, 1]",0,0,0,1,0,0,0,0,0,1,16
2024201399335,2024,201399335,404191,288501,-1.9397,52.4944,3,3,2,14:45,-1,E08000025,3,0,1,0,1,"[7, 19]","[8, 1]","[1, 5]",0,0,0,1,0,0,0,0,0,1,15
2024201399340,2024,201399340,421341,283211,-1.68744,52.44645,3,3,4,07:00,-1,E08000029,3,2,1,0,2,"[4, 3, 15]",8,4,0,0,0,1,0,0,0,0,0,1,17
2024201399437,2024,201399437,404928,292623,-1.92879,52.53145,3,3,3,18:15,-1,E08000025,6,2,1,0,1,19,4,8,0,0,0,1,0,0,0,0,1,1,16
2024201399468,2024,201399468,397700,296564,-2.03536,52.5669,2,2,2,18:10,-1,E08000030,3,2,1,0,1,7,6,8,0,0,0,1,0,0,0,0,1,1,15
2024201399487,2024,201399487,409716,282910,-1.85848,52.44407,3,3,2,17:05,-1,E08000025,3,2,1,0,1,"[6, 19]","[1, 2]","[5, 6]",0,0,0,1,0,0,0,0,0,1,15
2024201399587,2024,201399587,435081,278085,-1.48583,52.39966,3,3,2,08:30,-1,E08000026,4,0,1,2,1,19,5,8,0,0,0,1,0,0,0,0,1,1,15
2024201399600,2024,201399600,415269,281128,-1.77687,52.42792,3,3,3,17:12,-1,E08000029,4,2,1,0,1,"[9, 19]","[2, 8]","[8, 4]",0,0,0,1,1,0,0,0,0,1,16
2024201399723,2024,201399723,397839,285861,-2.03324,52.47068,3,3,3,19:45,-1,E08000027,3,2,1,0,1,19,5,4,0,0,0,1,0,0,0,0,1,1,16
2024201399752,2024,201399752,411795,286975,-1.82776,52.48057,2,2,4,07:00,-1,E08000025,4,2,1,1,1,19,7,3,0,0,0,1,0,0,0,0,1,1,17
2024201399760,2024,201399760,403139,293891,-1.95515,52.54287,3,3,1,02:40,-1,E08000028,3,2,1,0,1,19,2,6,0,0,0,1,0,0,0,0,0,1,14
2024201399775,2024,201399775,393399,285852,-2.0986,52.47056,3,3,4,16:40,-1,E08000027,3,2,1,0,1,"[13, 9]",4,"[8, 2]",0,0,0,1,0,1,0,0,0,1,17
2024201399784,2024,201399784,411643,280600,-1.83021,52.42327,3,3,5,19:30,-1,E08000029,4,2,1,1,1,19,8,4,0,0,0,1,0,0,0,0,1,1,11
2024201399955,2024,201399955,402738,284611,-1.96113,52.45944,1,1,2,11:40,-1,E08000025,3,0,1,0,1,7,4,6,0,0,0,1,0,0,0,0,1,1,15
2024201399990,2024,201399990,403724,284630,-1.94662,52.45961,3,3,3,16:00,-1,E08000025,4,0,1,0,1,19,2,6,0,0,0,0,0,0,0,0,1,1,16
2024201400062,2024,201400062,406329,287850,-1.90822,52.48853,3,3,5,15:45,-1,E08000025,6,0,1,0,1,1,2,6,0,0,0,1,0,0,0,0,1,1,11
2024201400352,2024,201400352,410646,291554,-1.84453,52.52176,3,3,3,18:00,-1,E08000025,3,2,1,0,1,19,6,2,0,0,0,1,0,0,0,0,0,1,16
2024201400374,2024,201400374,412942,291436,-1.81069,52.52065,3,3,5,15:30,-1,E08000025,4,0,1,0,1,19,2,6,0,0,0,1,0,0,0,0,1,1,18
2024201400394,2024,201400394,404826,291805,-1.9303,52.5241,3,3,5,07:30,-1,E08000025,4,2,1,0,1,5,"[8, 6]","[4, 2]",0,0,0,1,1,0,0,0,0,1,18
2024201400398,2024,201400398,408194,293414,-1.88062,52.53853,3,3,4,15:40,-1,E08000025,6,0,1,0,1,19,4,8,0,0,0,1,0,0,0,0,1,1,17
2024201400430,2024,201400430,410942,294027,-1.84009,52.54399,3,3,5,15:15,-1,E08000025,6,0,1,0,1,19,2,6,0,0,0,1,0,0,0,0,1,1,18
2024201400447,2024,201400447,413698,286834,-1.79974,52.47926,3,3,5,08:45,-1,E08000025,6,0,1,0,1,"[14, 3]","[6, 2]","[2, 6]",0,0,0,1,0,0,0,0,0,1,18
2024201400592,2024,201400592,389025,298595,-2.16342,52.58505,3,3,6,14:30,-1,E08000031,6,0,1,0,1,"[2, 1]","[0, 7]","[0, 3]",0,0,0,1,0,0,0,0,0,1,19
2024201400633,2024,201400633,412100,297050,-1.8229,52.57114,3,3,6,19:30,-1,E08000025,3,2,1,0,1,9,5,3,0,0,0,1,0,0,0,0,1,1,12
2024201400666,2024,201400666,398097,287447,-2.02945,52.48494,3,3,4,06:15,-1,E08000028,3,2,1,1,1,"[19, 7]","[6, 7]",2,0,0,0,1,1,0,0,0,0,1,17
2024201400724,2024,201400724,400485,301682,-1.99427,52.61291,3,3,5,12:30,-1,E08000030,6,0,1,0,1,"[7, 19]",1,5,0,0,0,1,1,0,0,0,0,1,18
2024201400725,2024,201400725,404685,290468,-1.9324,52.51208,3,3,3,19:00,-1,E08000025,6,2,1,0,1,19,4,8,0,0,0,1,0,0,0,0,0,1,16
2024201400864,2024,201400864,410008,283902,-1.85416,52.45298,3,3,7,10:43,-1,E08000025,3,0,1,0,1,"[19, 7]","[2, 8]","[6, 4]",0,0,0,1,0,0,0,0,0,1,20
2024201400868,2024,201400868,394839,288796,-2.07745,52.49704,3,3,4,10:45,-1,E08000027,6,0,1,0,1,"[2, 5]","[0, 4]","[0, 8]","[0, 4]",0,0,1,0,0,0,0,0,1,17
2024201400894,2024,201400894,395077,300152,-2.07412,52.59914,3,3,7,17:15,-1,E08000031,3,2,1,1,1,19,1,1,0,0,0,0,0,1,0,0,1,1,20
2024201400906,2024,201400906,395720,287351,-2.06445,52.48406,3,3,6,19:45,-1,E08000028,6,0,1,0,1,"[19, 10]",2,6,0,0,0,1,0,0,0,0,0,1,19
2024201400912,2024,201400912,405812,288581,-1.91582,52.49511,3,3,6,20:40,-1,E08000025,3,2,1,0,1,"[19, 11]",4,8,0,0,0,1,0,0,0,0,0,1,19
2024201400937,2024,201400937,436842,280045,-1.45973,52.41717,3,3,4,15:45,-1,E08000026,3,0,1,0,1,"[12, 5]",2,6,0,0,0,1,0,0,0,0,0,1,10
2024201400943,2024,201400943,409410,285581,-1.86291,52.46809,3,3,6,14:00,-1,E08000025,6,0,1,0,1,"[19, 4]","[4, 6]",8,0,0,0,1,0,0,0,0,0,1,19
2024201401055,2024,201401055,407918,290257,-1.88476,52.51015,3,3,6,18:30,-1,E08000025,4,2,5,1,1,"[19, 13]",8,4,0,0,0,1,0,0,0,0,0,1,19
2024201401079,2024,201401079,410025,290422,-1.85371,52.5116,2,"[2, 3]",1,12:36,-1,E08000025,3,2,1,0,1,19,"[2, 6]","[6, 2]",0,0,0,1,0,0,0,0,0,1,7
2024201401203,2024,201401203,395978,295173,-2.06075,52.55438,2,2,6,08:00,-1,E08000031,6,0,1,2,1,19,"[4, 6]","[4, 2]",0,0,0,1,1,0,0,0,0,1,19
2024201401212,2024,201401212,406023,283901,-1.9128,52.45303,3,3,1,16:00,-1,E08000025,3,0,1,0,1,"[19, 12]",2,6,0,0,0,1,0,0,0,0,0,1,21
2024201401354,2024,201401354,411492,292115,-1.83204,52.52679,3,3,1,00:31,-1,E08000025,6,2,1,0,1,5,4,8,0,0,0,1,0,0,0,0,0,1,21
2024201401359,2024,201401359,402875,287261,-1.95909,52.48326,3,3,7,15:20,-1,E08000028,4,0,1,0,1,"[19, 7]","[5, 7]",1,0,0,0,1,0,0,0,0,0,1,20
2024201401366,2024,201401366,388663,289648,-2.16845,52.50461,3,3,6,17:36,-1,E08000027,4,2,1,0,1,19,"[2, 1]","[6, 1]",0,0,0,1,0,0,0,0,0,1,19
2024201401727,2024,201401727,398856,295071,-2.0183,52.55348,2,"[2, 3]",6,09:43,-1,E08000028,3,0,1,0,1,"[2, 19]","[0, 3]","[0, 7]","[0, 4]",0,0,1,0,0,0,0,1,1,19
2024201401740,2024,201401740,407774,284991,-1.88701,52.46281,3,3,6,15:20,-1,E08000025,3,0,1,1,1,"[4, 19]",5,1,0,0,0,1,0,0,0,0,0,1,19
2024201401800,2024,201401800,415236,281183,-1.77735,52.42842,3,3,5,08:35,-1,E08000029,6,0,1,0,1,19,"[1, 7]","[5, 1]",0,0,0,1,0,0,0,0,1,1,18
2024201401805,2024,201401805,415835,287325,-1.76825,52.48362,3,3,4,17:40,-1,E08000025,6,2,1,0,1,"[19, 10]","[6, 3]","[2, 5]",0,0,0,1,0,0,0,0,0,1,17
2024201401998,2024,201401998,413344,290164,-1.80482,52.50921,2,2,5,10:15,-1,E08000025,1,0,1,0,2,"[12, 3]",7,3,"[7, 0]","[4, 0]","[10, 0]",0,0,0,1,0,0,1,11
2024201402051,2024,201402051,410963,300161,-1.83958,52.59913,2,2,4,15:09,-1,E08000025,3,0,1,0,2,19,4,8,0,0,0,1,0,0,0,0,1,1,17
2024201402173,2024,201402173,392252,296556,-2.11574,52.56677,3,3,3,19:30,-1,E08000031,3,2,1,0,1,"[19, 9]",7,"[3, 5]",0,0,0,1,1,0,0,0,0,1,23
2024201402531,2024,201402531,400924,289386,-1.98782,52.50237,3,3,4,11:14,-1,E08000028,3,0,1,0,1,19,3,7,0,0,0,1,0,0,0,0,0,1,24
2024201402616,2024,201402616,410518,283578,-1.84666,52.45006,3,3,3,08:40,-1,E08000025,6,0,2,1,1,19,5,1,0,0,0,1,0,0,0,0,1,1,23
2024201402659,2024,201402659,407881,287907,-1.88536,52.48902,3,3,4,14:18,-1,E08000025,3,0,1,0,1,"[10, 5]","[4, 5]","[2, 1]",0,0,0,1,0,0,0,0,0,1,24
2024201402675,2024,201402675,407862,285012,-1.88571,52.463,2,"[2, 3]",3,21:37,-1,E08000025,3,2,1,0,1,"[3, 19]",4,8,0,0,0,1,0,0,0,0,0,1,23
2024201402967,2024,201402967,436781,283043,-1.4603,52.44412,3,3,5,06:10,-1,E08000026,6,2,2,1,1,"[5, 19]","[4, 6]","[8, 2]",0,0,0,1,1,0,0,0,0,1,25
2024201403139,2024,201403139,397412,286527,-2.03953,52.47667,2,2,6,18:15,-1,E08000028,3,2,1,1,1,5,6,2,0,0,0,1,0,0,0,0,1,1,26
2024201403158,2024,201403158,413936,290157,-1.7961,52.50913,3,3,6,23:10,-1,E08000025,1,2,1,0,1,4,3,7,0,0,0,1,0,0,0,0,0,1,26
2024201403279,2024,201403279,398823,294786,-2.01879,52.55092,3,3,7,14:27,-1,E08000028,6,0,1,0,1,"[19, 5]","[1, 6]",5,0,0,0,1,0,1,0,0,0,1,27
2024201403397,2024,201403397,398681,292488,-2.02087,52.53026,3,3,1,02:05,-1,E08000028,3,0,1,0,1,19,3,7,0,0,0,1,0,0,0,0,0,1,28
2024201403478,2024,201403478,434428,283081,-1.49491,52.44462,3,3,6,17:45,-1,E08000026,6,2,1,0,1,19,"[3, 5]","[7, 1]",0,0,0,1,0,0,0,0,0,1,26
2024201403535,2024,201403535,396520,292616,-2.05273,52.5314,3,3,5,15:15,-1,E08000028,4,0,1,0,1,19,7,3,0,0,0,1,0,0,0,0,1,1,25
2024201403712,2024,201403712,399611,290288,-2.00716,52.51048,3,3,1,14:28,-1,E08000028,3,0,1,0,1,19,4,8,0,0,0,1,0,0,0,0,0,1,28
2024201403739,2024,201403739,391423,298358,-2.12802,52.58296,2,2,3,12:05,-1,E08000031,6,0,2,1,1,1,3,7,0,0,0,1,0,0,0,0,1,1,2
2024201403769,2024,201403769,433384,281971,-1.51038,52.4347,2,2,4,20:31,-1,E08000026,6,2,1,0,1,"[19, 6]",3,3,0,0,0,1,0,0,0,0,0,1,10
2024201403776,2024,201403776,410543,281854,-1.84635,52.43456,3,3,6,11:13,-1,E08000025,6,0,1,0,1,19,"[5, 7]","[1, 5]",0,0,0,1,0,0,0,0,0,1,26
2024201403815,2024,201403815,406649,285537,-1.90355,52.46773,2,"[3, 2]",5,17:12,-1,E08000025,3,2,1,0,1,"[11, 19]","[8, 4]","[4, 8]",0,0,0,1,0,0,0,0,0,1,11
2024201403917,2024,201403917,401138,289992,-1.98466,52.50782,3,3,2,08:27,-1,E08000028,6,0,1,0,1,"[19, 9]","[7, 3]","[5, 1]",0,0,0,1,0,0,0,0,0,1,29
2024201403956,2024,201403956,409704,288167,-1.85851,52.49133,3,3,6,14:30,-1,E08000025,6,0,1,0,1,"[19, 3]",4,"[8, 6]",0,0,0,1,0,0,0,0,0,1,26
2024201403993,2024,201403993,388837,284678,-2.16572,52.45993,2,2,7,12:37,-1,E08000027,3,0,1,0,1,"[2, 5]","[0, 2]","[0, 6]","[0, 4]",0,0,1,0,0,0,0,1,1,27
2024201404007,2024,201404007,392969,301292,-2.10526,52.60936,3,3,6,08:30,-1,E08000031,6,0,1,0,1,19,5,1,0,0,0,1,0,0,0,0,1,1,19
2024201404022,2024,201404022,409178,284000,-1.86637,52.45388,3,3,6,20:45,-1,E08000025,3,2,1,0,1,"[5, 19]",4,8,0,0,0,1,0,0,0,0,0,1,26
2024201404135,2024,201404135,391661,296893,-2.12447,52.5698,3,3,3,17:00,-1,E08000031,3,2,2,1,1,19,1,5,0,0,0,1,0,0,0,0,1,1,2