collision_index,collision_year,collision_ref_no,location_easting_osgr,location_northing_osgr,longitude,latitude,casualty_severity,casualty_severity,day_of_week,time,local_authority_district,local_authority_ons_district,first_road_class,light_conditions,weather_conditions,road_surface_conditions,urban_or_rural_area,vehicle_manoeuvre,vehicle_direction_from,vehicle_direction_to,hit_object_in_carriageway,vehicle_leaving_carriageway,hit_object_off_carriageway,is_car,is_cyle,is_mcyle,is_goodsv,is_other,is_pedestrian,month,day
2024201404163,2024,201404163,409442,283483,-1.8625,52.44923,3,3,1,20:35,-1,E08000025,3,2,1,0,1,"[13, 5]",8,4,0,0,0,1,0,0,0,0,0,1,28
2024201404169,2024,201404169,412866,291967,-1.81179,52.52543,3,3,4,06:33,-1,E08000025,6,2,1,0,1,9,2,8,0,0,0,1,0,0,0,0,1,1,3
2024201404214,2024,201404214,432613,281602,-1.52176,52.43143,3,3,6,15:25,-1,E08000026,6,0,1,0,1,9,3,1,0,0,0,1,0,0,0,0,1,1,26
2024201404242,2024,201404242,413791,280022,-1.79865,52.41802,3,3,4,19:25,-1,E08000029,4,2,8,0,1,19,3,8,0,0,0,1,0,0,0,0,0,1,3
2024201404302,2024,201404302,388183,298795,-2.17585,52.58683,3,3,2,14:16,-1,E08000031,3,0,1,0,1,19,6,2,0,0,0,1,0,0,0,0,1,1,8
2024201404387,2024,201404387,397996,292678,-2.03097,52.53196,3,3,2,21:45,-1,E08000028,3,2,1,0,1,19,5,8,0,0,0,1,0,0,0,0,0,1,29
2024201404391,2024,201404391,400244,285966,-1.99784,52.47163,3,3,3,20:50,-1,E08000028,3,2,1,0,1,"[9, 19]","[6, 8]",4,0,0,0,1,1,0,0,0,0,1,9
2024201404463,2024,201404463,401801,287073,-1.97491,52.48158,3,3,2,16:49,-1,E08000028,6,2,1,0,1,19,5,1,0,0,0,1,0,0,0,0,1,1,29
2024201404464,2024,201404464,408972,295441,-1.8691,52.55674,3,3,7,20:52,-1,E08000025,3,2,1,0,1,"[19, 5]","[4, 1]","[8, 5]",0,0,0,1,0,0,0,0,0,1,27
2024201404476,2024,201404476,411726,292885,-1.82857,52.53371,3,3,6,17:30,-1,E08000025,3,2,1,0,1,19,2,4,0,0,0,1,0,0,0,0,1,1,26
2024201404754,2024,201404754,399811,302182,-2.00423,52.61741,3,3,2,08:45,-1,E08000030,6,0,1,0,1,1,7,3,0,0,0,1,0,0,0,0,1,1,29
2024201404775,2024,201404775,395934,286001,-2.06129,52.47193,2,2,1,11:40,-1,E08000028,6,0,1,0,1,"[19, 9]","[3, 1]",7,0,0,0,1,0,0,0,0,0,1,28
2024201404830,2024,201404830,402899,287646,-1.95874,52.48672,3,3,2,12:45,-1,E08000028,3,0,1,0,1,"[3, 19]",3,7,0,0,0,1,0,0,0,0,0,1,29
2024201404838,2024,201404838,404685,287665,-1.93244,52.48688,3,3,3,12:45,-1,E08000025,3,0,1,0,1,15,3,7,0,0,0,1,0,0,0,0,1,1,30
2024201404920,2024,201404920,396766,300675,-2.04919,52.60385,3,3,6,15:25,-1,E08000030,6,0,1,0,1,9,7,7,0,0,0,1,0,0,0,0,1,1,26
2024201405202,2024,201405202,410493,290136,-1.84683,52.50902,3,3,4,17:24,-1,E08000025,3,2,2,1,1,"[19, 9]","[3, 7]","[7, 5]",0,0,0,1,0,0,0,0,0,1,31
2024201405208,2024,201405208,406106,286079,-1.91154,52.47261,2,2,3,07:25,-1,E08000025,6,0,1,0,1,"[9, 19]","[8, 3]","[4, 6]",0,0,0,1,1,0,0,0,0,1,30
2024201405304,2024,201405304,412457,290027,-1.81789,52.508,3,3,3,07:15,-1,E08000025,3,2,1,0,2,19,6,2,0,0,0,1,0,0,0,0,1,1,30
2024201405305,2024,201405305,430576,277311,-1.55211,52.39297,3,3,5,15:25,-1,E08000026,6,0,1,0,1,"[19, 4]","[4, 6]",8,0,0,0,1,0,0,0,0,0,2,1
2024201405420,2024,201405420,391718,283954,-2.1233,52.45348,3,3,4,08:05,-1,E08000027,3,0,1,0,1,"[10, 9]","[2, 8]","[8, 6]",0,0,0,1,0,0,0,0,0,1,31
2024201405475,2024,201405475,418430,276654,-1.73063,52.38761,3,3,4,15:05,-1,E08000029,6,0,1,0,1,19,7,1,0,0,0,1,0,0,0,0,1,1,31
2024201405504,2024,201405504,405061,286622,-1.92691,52.4775,3,3,4,16:45,-1,E08000025,4,2,1,0,1,"[3, 19]","[4, 6]","[8, 2]",0,0,0,1,0,0,0,0,0,1,31
2024201405525,2024,201405525,408617,291632,-1.87443,52.5225,2,2,7,17:30,-1,E08000025,6,2,1,0,1,"[6, 19]",8,"[6, 4]",0,0,0,1,1,0,0,0,0,1,27
2024201405532,2024,201405532,404329,282231,-1.93775,52.43803,3,3,4,14:15,-1,E08000025,6,0,1,0,1,"[1, 3]","[8, 4]","[4, 8]",0,0,0,1,0,0,0,0,0,1,31
2024201405550,2024,201405550,391810,293777,-2.12219,52.54179,3,3,6,12:26,-1,E08000027,3,0,1,0,1,19,5,1,10,1,0,1,0,0,0,0,1,2,2
2024201405598,2024,201405598,407062,293087,-1.89732,52.5356,3,3,5,07:48,-1,E08000025,6,2,1,0,1,19,8,4,0,0,0,1,0,0,0,0,1,1,11
2024201405666,2024,201405666,397755,285915,-2.03448,52.47116,3,3,4,07:40,-1,E08000027,3,0,1,0,1,"[9, 19]","[8, 6]","[4, 2]",0,0,0,1,1,0,0,0,0,1,31
2024201405699,2024,201405699,392118,284581,-2.11743,52.45912,2,2,6,19:00,-1,E08000027,3,2,1,1,1,19,0,0,"[0, 10]",0,0,1,0,0,0,0,0,2,2
2024201405777,2024,201405777,434741,278585,-1.49077,52.40418,3,3,6,23:42,-1,E08000026,6,2,1,0,1,"[1, 7, 2]","[5, 7, 0]","[1, 0]","[0, 4]",0,0,1,0,1,0,0,0,2,2
2024201405887,2024,201405887,398614,289145,-2.02185,52.50021,3,3,7,11:35,-1,E08000028,6,0,2,1,1,19,"[7, 6]","[3, 2]",0,0,0,1,0,0,0,0,0,2,3
2024201405965,2024,201405965,435384,280120,-1.48116,52.41794,3,3,7,17:23,-1,E08000026,6,0,1,0,1,19,7,3,0,0,0,1,0,0,0,0,1,2,3
2024201406088,2024,201406088,408769,284696,-1.87237,52.46014,2,2,3,07:41,-1,E08000025,3,2,1,0,1,19,4,8,0,0,0,1,0,0,0,0,1,1,23
2024201406101,2024,201406101,407197,287760,-1.89544,52.48771,3,3,5,09:02,-1,E08000025,6,0,1,1,1,19,2,6,0,0,0,1,0,0,0,0,1,1,25
2024201406119,2024,201406119,433356,278433,-1.51114,52.4029,3,3,5,12:30,-1,E08000026,3,0,1,0,1,"[12, 19]",3,7,0,0,0,1,0,0,1,0,0,2,1
2024201406143,2024,201406143,411505,283008,-1.83216,52.44492,3,3,3,21:30,-1,E08000025,3,2,1,0,1,19,2,6,0,0,0,1,0,0,0,0,1,1,30
2024201406152,2024,201406152,407762,285071,-1.88718,52.46353,3,3,5,09:50,-1,E08000025,3,0,1,0,1,"[19, 3]",8,4,0,0,0,1,0,0,0,0,0,2,1
2024201406167,2024,201406167,400723,292164,-1.99077,52.52735,2,2,1,06:39,-1,E08000028,3,2,4,0,1,19,1,2,0,0,0,1,0,0,0,0,1,2,4
2024201406268,2024,201406268,408990,293776,-1.86888,52.54177,2,2,3,08:40,-1,E08000025,3,0,1,0,1,19,"[6, 8]","[2, 4]",0,0,0,1,0,0,0,0,0,1,30
2024201406297,2024,201406297,411806,293018,-1.82738,52.5349,3,3,7,11:50,-1,E08000025,6,0,1,0,1,19,4,8,0,0,0,0,0,0,1,0,1,2,3
2024201406302,2024,201406302,410418,290145,-1.84793,52.5091,2,2,4,07:40,-1,E08000025,6,2,1,0,1,7,8,3,0,0,0,1,0,0,0,0,1,1,17
2024201406366,2024,201406366,406682,289170,-1.903,52.50039,3,3,6,13:38,-1,E08000025,4,0,1,0,1,"[3, 10]","[4, 5]","[1, 3]",0,0,0,1,0,0,0,0,0,2,2
2024201406433,2024,201406433,391091,288283,-2.13264,52.49238,2,"[2, 3]",7,11:02,-1,E08000027,4,0,1,0,1,"[9, 13]",1,"[7, 5]",10,7,0,1,0,1,0,0,0,1,6
2024201406460,2024,201406460,401322,290467,-1.98195,52.51209,3,3,7,17:15,-1,E08000028,6,2,1,1,1,19,1,5,0,0,0,1,0,0,0,0,1,2,3
2024201406668,2024,201406668,434621,279055,-1.49249,52.40841,3,3,4,17:07,-1,E08000026,6,2,1,0,1,"[5, 8]",6,2,0,0,0,1,0,1,0,0,0,1,31
2024201406788,2024,201406788,392964,300787,-2.10533,52.60482,3,3,6,10:15,-1,E08000031,6,0,1,0,1,15,8,4,0,0,0,0,0,0,0,1,1,2,2
2024201406805,2024,201406805,434697,280733,-1.4912,52.42349,3,3,1,11:15,-1,E08000026,6,0,1,0,1,"[3, 19]",6,2,0,0,0,1,0,0,0,0,0,2,4
2024201406825,2024,201406825,411505,286014,-1.83206,52.47194,3,3,2,14:55,-1,E08000025,6,0,1,0,1,19,8,4,0,0,0,1,0,0,0,0,1,2,5
2024201406906,2024,201406906,411477,286029,-1.83247,52.47208,3,3,2,15:40,-1,E08000025,6,0,1,0,1,3,8,4,0,0,0,1,0,0,0,0,1,2,5
2024201406922,2024,201406922,413196,289912,-1.80701,52.50695,3,3,7,19:00,-1,E08000025,6,2,1,0,1,"[7, 9]","[2, 4]","[4, 2]",0,0,0,1,0,0,0,0,0,1,27
2024201406944,2024,201406944,406229,286346,-1.90972,52.47501,3,3,2,15:30,-1,E08000025,6,0,1,0,1,3,2,"[6, 4]",0,0,0,1,1,0,0,0,0,2,5
2024201406954,2024,201406954,392838,286768,-2.10688,52.47879,3,3,2,21:34,-1,E08000027,3,2,1,0,1,19,6,2,0,0,0,1,0,0,0,0,1,2,5
2024201407047,2024,201407047,396099,283026,-2.05882,52.44518,3,3,4,15:46,-1,E08000027,6,0,2,-1,1,5,-1,-1,0,"[1, 0]",0,1,0,0,0,0,0,1,10
2024201407068,2024,201407068,407140,286627,-1.8963,52.47753,2,2,2,09:50,-1,E08000025,6,0,1,0,1,3,2,5,0,0,0,0,0,0,1,0,1,2,5
2024201407071,2024,201407071,399889,286630,-2.00306,52.4776,3,3,5,15:00,-1,E08000028,6,0,1,0,1,"[2, 1]","[0, 2]","[0, 6]",0,0,0,1,0,0,0,0,0,1,11
2024201407072,2024,201407072,390857,300289,-2.13642,52.60031,2,2,1,06:30,-1,E08000031,6,0,1,0,1,19,"[2, 4]","[6, 8]",0,0,0,1,0,1,0,0,0,2,4
2024201407115,2024,201407115,433782,277486,-1.50498,52.39436,2,2,2,14:24,-1,E08000026,6,0,1,0,1,19,7,3,0,0,0,0,0,0,0,1,1,1,15
2024201407121,2024,201407121,411003,280700,-1.83962,52.42418,3,3,2,11:15,-1,E08000025,3,0,1,0,1,-1,-1,-1,-1,-1,0,1,0,0,0,0,1,1,29
2024201407143,2024,201407143,388955,296729,-2.16439,52.56827,3,3,2,16:40,-1,E08000031,6,2,1,0,1,19,1,5,0,0,0,1,0,0,0,0,1,2,5
2024201407181,2024,201407181,411846,293216,-1.82678,52.53668,2,2,5,19:10,-1,E08000025,3,2,1,0,1,19,2,6,0,0,0,1,0,0,0,0,1,1,18
2024201407205,2024,201407205,396961,292001,-2.04622,52.52587,3,3,1,14:30,-1,E08000028,6,0,1,0,1,"[2, 1]","[0, 6]","[0, 2]","[0, 4]",0,0,1,0,0,0,0,0,2,4
2024201407213,2024,201407213,407715,286390,-1.88784,52.47539,2,2,7,16:31,-1,E08000025,4,2,1,0,1,19,4,8,0,0,0,1,0,0,0,0,1,1,20
2024201407217,2024,201407217,435057,283920,-1.48557,52.45212,3,3,6,12:05,-1,E08000026,4,0,1,1,1,"[4, 19]",1,5,0,0,0,1,0,0,0,0,0,2,2
2024201407219,2024,201407219,410135,290516,-1.85209,52.51244,3,3,6,15:36,-1,E08000025,6,0,1,0,1,"[3, 19]",2,6,0,0,0,1,0,0,0,0,0,2,2
2024201407222,2024,201407222,406832,280087,-1.90097,52.41874,2,"[2, 3]",7,08:35,-1,E08000025,6,0,1,0,1,"[19, 2]","[2, 0]","[6, 0]","[4, 0]",0,0,1,0,0,0,0,0,1,20
2024201407259,2024,201407259,430263,278390,-1.55661,52.40269,3,3,7,21:31,-1,E08000026,4,2,1,1,1,3,"[6, 1]",6,0,0,0,1,0,0,0,0,0,2,3
2024201407263,2024,201407263,403193,286737,-1.95442,52.47855,3,3,7,08:30,-1,E08000025,3,0,1,0,1,19,"[4, 2, 6]","[8, 6, 2]",0,0,0,1,0,0,0,0,0,1,20
2024201407296,2024,201407296,399907,296480,-2.0028,52.56615,3,3,6,15:40,-1,E08000030,3,0,1,0,2,"[5, 19]",2,"[4, 6]",0,0,0,1,0,0,0,0,0,2,2
2024201407307,2024,201407307,403043,289578,-1.9566,52.50409,3,3,6,11:40,-1,E08000025,6,0,1,0,1,5,"[2, 6]","[6, 2]",0,0,0,1,0,0,0,0,0,2,2
2024201407467,2024,201407467,408291,285898,-1.87938,52.47096,2,"[2, 3]",7,19:30,-1,E08000025,6,2,1,0,1,19,8,4,0,0,0,1,0,0,0,0,0,2,3
2024201407472,2024,201407472,403258,293931,-1.95339,52.54322,3,3,7,05:12,-1,E08000028,3,2,2,1,1,19,"[2, 5]","[6, 5]","[10, 0]","[4, 0]","[10, 0]",1,0,0,0,0,0,2,3
2024201407480,2024,201407480,400275,292658,-1.99738,52.53179,3,3,4,08:37,-1,E08000028,4,0,1,0,1,"[9, 19]","[8, 6]","[6, 2]",0,0,0,1,0,0,0,0,0,2,7
2024201407530,2024,201407530,406188,284193,-1.91037,52.45566,3,3,3,09:40,-1,E08000025,3,0,1,0,1,"[7, 5]",6,"[8, 2]",0,0,0,1,1,0,0,0,0,2,6
2024201407550,2024,201407550,393257,293451,-2.10085,52.53887,3,3,5,07:31,-1,E08000027,6,2,5,1,1,"[19, 7]","[1, 3]","[5, 6]",0,0,0,1,0,0,0,0,0,2,8
2024201407579,2024,201407579,391664,297698,-2.12444,52.57703,3,3,1,20:45,-1,E08000031,3,2,1,0,1,"[3, 1]","[5, 1]","[1, 5]",0,0,0,1,0,0,0,0,0,2,4
2024201407586,2024,201407586,400765,289981,-1.99016,52.50772,3,3,4,08:00,-1,E08000028,6,0,1,0,1,"[3, 5]",4,7,0,0,0,1,0,0,1,0,0,2,7
2024201407587,2024,201407587,410298,286273,-1.84982,52.47429,3,3,2,16:10,-1,E08000025,6,0,2,1,1,"[9, 19]",6,"[5, 2]",0,0,0,1,0,0,0,0,0,1,22
2024201407589,2024,201407589,408511,278880,-1.87631,52.40786,3,3,3,11:00,-1,E08000025,6,0,1,0,1,"[9, 19]","[3, 7]","[4, 3]",0,0,0,1,1,0,0,0,0,2,6
2024201407592,2024,201407592,432310,278515,-1.52651,52.4037,2,2,2,14:26,-1,E08000026,6,0,1,0,1,19,"[7, 5]","[3, 1]",0,0,0,1,0,0,0,0,0,2,5
2024201407651,2024,201407651,413488,299283,-1.80233,52.59118,3,3,5,08:08,-1,E08000025,6,0,2,1,1,"[19, 9]","[5, 2]","[1, 7]","[10, 0]","[1, 0]","[10, 0]",1,0,0,0,0,0,2,8
2024201407868,2024,201407868,408257,296453,-1.87962,52.56584,2,2,4,07:53,-1,E08000025,4,0,1,0,1,19,6,2,0,0,0,1,0,0,0,0,1,1,24
2024201408034,2024,201408034,399986,292580,-2.00164,52.53109,2,2,3,16:40,-1,E08000028,4,2,1,0,1,"[19, 9]","[3, 5]","[7, 3]",0,0,0,1,0,0,0,0,0,1,23
2024201408057,2024,201408057,389933,284290,-2.14958,52.45647,2,2,3,18:30,-1,E08000027,3,2,4,0,1,"[19, 9]",5,"[1, 3]","[10, 0]","[7, 0]","[2, 0]",1,0,0,0,0,0,1,23
2024201408101,2024,201408101,407137,284103,-1.8964,52.45484,2,"[2, 3]",5,21:20,-1,E08000025,6,2,1,0,1,19,6,2,0,0,0,1,0,0,0,0,1,1,11
2024201408119,2024,201408119,401008,288662,-1.98658,52.49586,3,3,6,15:40,-1,E08000028,6,0,1,0,1,"[8, 10]",8,"[2, 6]",0,0,0,1,0,0,0,0,0,2,2
2024201408307,2024,201408307,411579,282526,-1.83109,52.44058,3,3,3,15:20,-1,E08000025,6,0,1,0,1,19,7,3,0,0,0,1,0,0,0,0,1,2,6
2024201408392,2024,201408392,392025,291276,-2.11896,52.51931,3,3,4,18:15,-1,E08000027,6,2,2,1,1,"[2, 19]",7,3,0,0,0,1,0,0,0,0,0,2,7
2024201408438,2024,201408438,395589,290109,-2.06642,52.50886,3,3,4,15:25,-1,E08000027,6,0,1,0,1,"[4, 3]","[4, 0]","[8, 0]",0,0,0,1,0,0,0,0,0,2,7
2024201408521,2024,201408521,413466,276774,-1.80356,52.38883,2,"[3, 2]",7,05:45,-1,E08000029,3,2,1,1,1,19,8,2,10,7,1,1,0,0,0,0,0,2,10
2024201408536,2024,201408536,393684,297161,-2.09462,52.57223,3,3,2,15:00,-1,E08000031,3,0,1,0,1,1,1,4,0,0,0,1,0,0,0,0,1,2,5
2024201408545,2024,201408545,401906,279611,-1.9734,52.41449,3,3,3,17:25,-1,E08000025,3,2,2,1,1,"[4, 19]",5,1,0,0,0,1,0,0,0,0,0,2,6
2024201408562,2024,201408562,413440,295737,-1.80318,52.55931,3,3,4,18:10,-1,E08000025,6,2,1,0,1,"[3, 19]","[1, 2]","[5, 4]",0,0,0,1,0,0,0,1,0,2,7
2024201408638,2024,201408638,401159,285318,-1.98437,52.4658,3,3,5,21:00,-1,E08000025,3,2,2,1,1,19,"[3, 1]","[7, 5]",0,0,0,1,0,0,0,0,0,2,8
2024201408695,2024,201408695,436491,280249,-1.46487,52.41902,2,2,1,20:30,-1,E08000026,6,2,1,0,1,19,8,5,0,0,0,1,0,0,0,0,1,2,11
2024201408721,2024,201408721,395075,290687,-2.074,52.51405,3,3,2,01:05,-1,E08000027,6,2,1,0,1,7,6,1,10,1,7,1,0,0,0,0,0,2,12
2024201408877,2024,201408877,391365,299271,-2.1289,52.59117,2,"[2, 3]",5,14:00,-1,E08000031,6,0,1,0,1,"[4, 2]",1,5,0,0,0,1,0,0,0,0,0,2,8
2024201408897,2024,201408897,401158,287436,-1.98438,52.48484,3,3,5,13:30,-1,E08000028,6,0,2,1,1,1,7,3,0,0,0,1,0,0,0,0,1,2,8
2024201409116,2024,201409116,419553,283341,-1.71374,52.44768,3,3,6,14:00,-1,E08000029,6,0,1,0,1,19,4,1,0,"[1, 0]","[1, 0]",1,0,0,0,0,0,2,9
2024201409163,2024,201409163,411367,282497,-1.83421,52.44033,2,2,2,22:53,-1,E08000025,3,2,1,0,1,19,2,6,0,0,0,1,0,0,0,0,1,2,12
2024201409173,2024,201409173,395051,284089,-2.07426,52.45473,3,3,2,23:18,-1,E08000027,3,2,1,0,1,19,"[2, 6]","[8, 3]",0,0,0,1,0,0,0,0,0,2,12
2024201409187,2024,201409187,398744,291970,-2.01994,52.5256,3,3,7,13:18,-1,E08000028,4,0,1,0,1,19,6,2,11,0,0,1,0,0,0,0,0,2,10
2024201409381,2024,201409381,408620,286076,-1.87453,52.47255,3,3,1,05:12,-1,E08000025,3,2,1,0,1,19,"[3, 5]","[7, 1]",0,0,0,1,0,0,0,0,0,2,11
2024201409689,2024,201409689,391714,283966,-2.12336,52.45358,2,"[2, 3]",3,21:20,-1,E08000027,6,2,2,1,1,"[10, 9]","[8, 2]","[6, 8]",0,0,0,1,0,0,0,1,0,1,2
2024201409967,2024,201409967,407329,287701,-1.8935,52.48718,3,3,5,13:30,-1,E08000025,4,0,2,1,1,4,5,1,0,0,0,1,0,0,0,0,1,2,8
2024201410151,2024,201410151,434907,279500,-1.48824,52.41239,3,3,5,07:25,-1,E08000026,4,0,2,1,1,"[15, 19]",1,5,0,0,0,1,1,0,0,0,0,2,8
2024201410232,2024,201410232,414536,291341,-1.78721,52.51976,3,3,1,14:00,-1,E08000025,6,0,1,0,1,5,8,4,0,0,0,1,0,0,0,0,1,2,11
2024201410252,2024,201410252,429840,279989,-1.56268,52.41709,3,3,6,13:30,-1,E08000026,6,0,1,0,1,1,3,7,0,0,0,1,0,0,0,0,1,2,9
2024201410257,2024,201410257,400141,277555,-1.99935,52.39601,3,3,5,20:30,-1,E08000025,3,2,2,1,1,"[13, 12]",7,3,"[7, 0]","[4, 0]",0,1,0,0,1,0,0,2,8
2024201410281,2024,201410281,398701,290273,-2.02057,52.51035,3,3,4,12:32,-1,E08000028,6,0,2,1,1,"[19, 9]","[4, 7]","[1, 4]",0,0,0,1,0,0,0,0,0,1,3
2024201410338,2024,201410338,391439,297654,-2.12776,52.57663,3,3,6,17:15,-1,E08000031,6,2,2,1,1,"[3, 5]","[6, 3]",2,0,0,0,1,0,0,0,0,0,2,9
2024201410369,2024,201410369,400899,300169,-1.98816,52.59931,3,3,2,17:00,-1,E08000030,4,0,1,0,1,10,"[5, 2]","[3, 8]",0,0,0,1,0,0,0,0,0,2,12
2024201410476,2024,201410476,435337,277093,-1.48217,52.39073,2,2,4,08:22,-1,E08000026,4,0,1,0,2,19,1,5,0,0,0,1,0,0,0,0,1,1,17
2024201410479,2024,201410479,399931,296538,-2.00245,52.56667,3,3,7,20:10,-1,E08000030,3,2,8,1,2,19,1,4,0,0,0,1,0,0,0,0,0,2,10
2024201410509,2024,201410509,395160,290643,-2.07275,52.51365,3,3,6,15:10,-1,E08000027,3,0,1,0,1,5,7,3,0,0,0,1,1,0,0,0,0,2,9
2024201410551,2024,201410551,407715,288203,-1.8878,52.49169,3,3,2,09:15,-1,E08000025,3,0,1,0,1,"[3, 19]",4,"[8, 6]",0,0,0,1,0,0,0,0,0,2,12
2024201410578,2024,201410578,393617,290561,-2.09548,52.5129,3,3,6,10:10,-1,E08000027,4,0,2,1,1,19,4,2,0,0,0,1,0,0,0,0,0,2,9
2024201410622,2024,201410622,409207,284026,-1.86594,52.45411,3,3,5,07:41,-1,E08000025,6,2,2,1,1,"[13, 19]","[6, 1]","[2, 3]",0,0,0,1,0,0,0,0,0,2,8
2024201410715,2024,201410715,403476,284499,-1.95027,52.45843,2,2,4,09:30,-1,E08000025,4,0,2,1,1,"[19, 7]","[6, 7]","[2, 1]",0,0,0,1,1,0,0,0,0,2,14
2024201410745,2024,201410745,417664,287145,-1.74133,52.48195,2,2,6,14:29,-1,E08000029,6,0,1,0,2,"[4, 15]",8,4,"[0, 10]","[0, 1]",0,1,1,0,0,0,0,2,16
2024201410758,2024,201410758,408366,289260,-1.87819,52.50118,3,3,2,21:30,-1,E08000025,3,2,1,0,1,"[3, 19]",2,6,0,0,0,1,0,0,0,0,0,2,12
2024201410791,2024,201410791,389139,300010,-2.16178,52.59777,3,3,6,11:15,-1,E08000031,3,0,1,0,1,19,6,2,0,0,0,1,1,0,0,0,0,2,9
2024201410866,2024,201410866,416641,289626,-1.75627,52.50428,3,3,6,19:45,-1,E08000029,6,2,1,0,1,"[9, 19]","[3, 1]","[1, 5]",0,0,0,1,0,0,0,0,0,2,16
2024201411007,2024,201411007,399314,297043,-2.01155,52.57121,3,3,1,23:55,-1,E08000030,1,2,1,0,2,19,8,4,0,0,0,1,0,0,0,0,0,2,11
2024201411028,2024,201411028,392299,284533,-2.11476,52.45869,3,3,7,12:34,-1,E08000027,3,0,1,0,1,"[7, 19]","[2, 7]",4,0,0,0,1,0,0,0,0,0,2,17
2024201411064,2024,201411064,399224,297370,-2.01288,52.57415,3,3,7,17:15,-1,E08000030,1,2,2,1,1,19,1,5,0,0,0,1,0,0,0,0,0,2,17
2024201411142,2024,201411142,388991,287851,-2.16356,52.48846,3,3,1,01:06,-1,E08000027,3,2,1,0,1,"[19, 9]","[8, 4]","[4, 2]",0,0,0,1,0,0,0,0,0,2,11
2024201411217,2024,201411217,430035,278886,-1.55992,52.40716,3,3,1,18:07,-1,E08000026,6,2,1,0,1,19,"[7, 8]","[3, 4]",0,0,0,1,0,0,0,0,0,2,11
2024201411266,2024,201411266,405114,278858,-1.92625,52.4077,3,3,3,18:10,-1,E08000025,6,2,2,1,1,9,6,4,0,0,0,1,0,0,0,0,1,2,13
2024201411272,2024,201411272,407207,286375,-1.89532,52.47526,2,2,5,17:10,-1,E08000025,6,0,2,1,1,5,5,1,0,0,0,1,0,0,0,0,1,2,8
2024201411315,2024,201411315,411850,279364,-1.82721,52.41215,3,3,1,14:20,-1,E08000029,6,0,1,0,1,"[7, 19]",4,"[6, 8]",0,0,0,1,1,0,0,0,0,2,18
2024201411376,2024,201411376,416403,287261,-1.75989,52.48303,2,"[3, 2]",1,21:10,-1,E08000025,6,2,1,0,1,"[9, 19]","[8, 6]","[6, 4]",0,0,0,1,0,0,0,0,0,2,18
2024201411389,2024,201411389,395493,289439,-2.06783,52.50283,3,3,1,16:32,-1,E08000027,6,0,1,0,1,19,"[2, 8]","[8, 2]","[10, 0]","[7, 0]",0,1,0,0,0,0,0,2,18
2024201411393,2024,201411393,399390,292949,-2.01042,52.5344,2,2,1,19:28,-1,E08000028,3,2,1,0,1,19,5,1,0,0,0,1,0,0,0,0,1,2,18
2024201411402,2024,201411402,398960,289782,-2.01675,52.50593,3,3,4,12:20,-1,E08000028,3,0,2,1,1,"[3, 5]",5,1,0,0,0,1,0,0,0,0,0,2,14
2024201411407,2024,201411407,412665,289769,-1.81484,52.50567,3,3,2,06:43,-1,E08000025,6,2,2,1,1,19,7,4,10,7,2,1,0,0,0,0,1,2,19
2024201411414,2024,201411414,403280,289073,-1.95311,52.49955,3,3,6,08:00,-1,E08000028,6,0,8,0,1,"[1, 3]","[3, 7]","[7, 3]",0,0,0,1,0,0,0,0,0,2,16
2024201411442,2024,201411442,399850,288105,-2.00364,52.49086,3,3,3,09:53,-1,E08000028,4,0,2,1,1,"[19, 9]","[8, 6]",4,0,0,0,1,0,0,0,0,0,2,13
2024201411556,2024,201411556,401710,282179,-1.97627,52.43758,3,3,4,09:10,-1,E08000025,4,0,1,0,1,5,5,1,0,0,0,1,0,0,0,0,0,2,14
2024201411634,2024,201411634,410981,291944,-1.83958,52.52526,3,3,7,11:50,-1,E08000025,3,0,1,0,1,5,6,2,0,0,0,1,0,0,0,0,0,2,10
2024201411781,2024,201411781,406423,293309,-1.90673,52.53761,3,3,3,00:11,-1,E08000025,1,2,1,0,1,"[12, 2, 19]","[4, 5]","[8, 1]","[4, 0]",0,0,1,0,0,1,0,0,2,20
2024201411986,2024,201411986,404881,289384,-1.92952,52.50234,1,"[1, 2, 3]",1,20:21,-1,E08000025,3,2,1,0,1,"[2, 3, 19]","[0, 3, 4]","[0, 8, 7]",0,0,0,1,0,0,0,0,0,2,18
2024201412022,2024,201412022,409246,290354,-1.86519,52.511,3,3,6,11:35,-1,E08000025,1,0,1,0,1,"[3, 19]",6,2,0,0,0,1,0,0,0,0,0,2,16
2024201412052,2024,201412052,393136,289304,-2.10255,52.50159,3,3,3,11:36,-1,E08000027,6,0,1,0,1,3,4,8,0,0,0,1,0,0,1,0,0,2,20
2024201412071,2024,201412071,411192,285100,-1.8367,52.46373,3,3,6,19:25,-1,E08000025,3,2,1,0,1,"[3, 19]",8,4,0,0,0,1,0,0,0,0,0,2,16
2024201412141,2024,201412141,410559,288742,-1.8459,52.49648,3,3,3,11:19,-1,E08000025,4,0,1,1,1,"[4, 19]",3,7,0,0,0,1,0,0,0,0,0,2,13
2024201412152,2024,201412152,404908,294245,-1.92906,52.54603,3,3,2,12:00,-1,E08000028,6,0,1,0,1,4,8,4,0,0,0,1,0,0,0,0,1,2,12
2024201412191,2024,201412191,430946,276990,-1.5467,52.39007,3,3,3,18:17,-1,E08000026,6,2,2,1,1,19,"[4, 8]","[8, 4]",0,0,0,1,1,0,0,0,0,2,20
2024201412453,2024,201412453,406819,287643,-1.90101,52.48666,3,3,1,05:45,-1,E08000025,6,2,2,1,1,19,5,1,0,0,0,1,0,0,0,0,0,2,18