collision_index,collision_year,collision_ref_no,location_easting_osgr,location_northing_osgr,longitude,latitude,casualty_severity,casualty_severity,day_of_week,time,local_authority_district,local_authority_ons_district,first_road_class,light_conditions,weather_conditions,road_surface_conditions,urban_or_rural_area,vehicle_manoeuvre,vehicle_direction_from,vehicle_direction_to,hit_object_in_carriageway,vehicle_leaving_carriageway,hit_object_off_carriageway,is_car,is_cyle,is_mcyle,is_goodsv,is_other,is_pedestrian,month,day
2024201419671,2024,201419671,416877,283257,-1.75311,52.44702,3,3,5,09:37,-1,E08000029,3,0,1,0,1,"[9, 19]","[5, 4]","[3, 8]",0,0,0,1,0,0,0,0,0,1,4
2024201419701,2024,201419701,399350,290175,-2.01101,52.50947,3,3,6,12:24,-1,E08000028,3,0,1,0,1,"[19, 9]","[6, 8]",2,0,0,0,1,0,1,0,0,0,1,5
2024201419730,2024,201419730,408990,283293,-1.86916,52.44753,2,"[3, 2]",2,14:20,-1,E08000025,6,0,1,0,1,"[2, 19]","[0, 2]","[0, 6]","[0, 4]",0,0,1,0,0,0,0,1,1,8
2024201419751,2024,201419751,412122,286866,-1.82294,52.47959,3,3,6,11:04,-1,E08000025,4,0,1,0,1,7,4,6,0,0,0,1,0,0,0,0,1,3,8
2024201419798,2024,201419798,412605,287973,-1.81579,52.48953,3,3,5,12:40,-1,E08000025,3,0,1,0,1,"[19, 3]","[1, 3]",1,0,0,0,1,0,0,0,0,0,1,11
2024201419810,2024,201419810,415612,289371,-1.77144,52.50202,3,3,6,20:35,-1,E08000029,4,2,1,0,1,"[9, 13]","[3, 5]","[7, 1]",0,0,0,1,0,0,0,0,0,1,12
2024201419824,2024,201419824,398983,292353,-2.01642,52.52905,3,3,3,06:26,-1,E08000028,3,2,1,1,1,"[5, 19]","[8, 4]",2,0,0,0,1,1,0,0,0,0,1,16
2024201419874,2024,201419874,402953,279593,-1.95801,52.41433,2,2,3,08:26,-1,E08000025,4,0,2,1,1,"[5, 19]","[4, 6]","[8, 2]",0,0,0,1,0,0,0,0,0,3,12
2024201419965,2024,201419965,417888,276837,-1.73858,52.38927,3,3,3,16:28,-1,E08000029,6,0,2,1,1,"[9, 19]","[4, 2]","[2, 5]",0,0,0,1,0,0,0,0,0,3,12
2024201420055,2024,201420055,405969,300295,-1.9133,52.60041,3,3,2,08:45,-1,E08000030,6,0,2,1,1,5,7,3,0,0,0,1,0,0,0,0,1,3,11
2024201420060,2024,201420060,398310,298997,-2.02638,52.58877,3,3,2,09:22,-1,E08000030,6,0,1,0,1,"[2, 19]","[0, 3]","[0, 7]",0,0,0,1,0,0,0,0,0,3,4
2024201420073,2024,201420073,434187,278898,-1.49888,52.40703,3,3,6,23:00,-1,E08000026,6,2,1,0,1,"[3, 1]","[2, 6]","[6, 2]",0,0,0,1,0,0,0,0,0,2,23
2024201420077,2024,201420077,409459,285931,-1.86218,52.47123,3,3,6,13:45,-1,E08000025,6,0,1,0,1,5,4,4,0,1,0,1,0,0,0,0,1,3,8
2024201420185,2024,201420185,401698,289824,-1.97641,52.50631,3,3,6,09:29,-1,E08000028,3,0,1,0,1,"[5, 19]","[1, 6]","[8, 2]",0,0,0,1,1,0,0,0,0,3,8
2024201420240,2024,201420240,435046,283757,-1.48575,52.45065,2,"[2, 3]",1,09:26,-1,E08000026,4,0,1,0,1,"[19, 5]","[1, 7]","[5, 3]",0,0,0,1,0,0,0,0,0,3,10
2024201420284,2024,201420284,419329,286672,-1.71684,52.47764,3,3,4,07:02,-1,E08000029,6,0,1,0,2,19,2,6,0,0,0,1,0,0,0,0,1,3,13
2024201420380,2024,201420380,405058,289321,-1.92692,52.50177,3,3,7,22:50,-1,E08000025,3,2,1,0,1,"[5, 19]","[2, 8]","[6, 4]",0,0,0,1,1,0,0,0,0,1,27
2024201420443,2024,201420443,391932,290448,-2.12031,52.51186,3,3,4,19:22,-1,E08000027,4,2,1,0,2,9,4,"[2, 1]",0,0,0,1,0,1,0,0,0,3,13
2024201420507,2024,201420507,433870,278734,-1.50356,52.40557,3,3,5,03:14,-1,E08000026,6,2,1,0,1,6,4,4,10,1,11,1,0,0,0,0,0,3,14
2024201420617,2024,201420617,415009,287245,-1.78042,52.48292,2,2,5,09:10,-1,E08000025,6,0,1,0,1,1,8,4,0,0,0,1,0,0,0,0,1,3,14
2024201420638,2024,201420638,430971,278582,-1.54618,52.40438,3,3,5,08:22,-1,E08000026,4,0,1,0,1,"[5, 19]","[8, 2]","[4, 6]",0,0,0,1,1,0,0,0,0,3,14
2024201420639,2024,201420639,410510,291297,-1.84654,52.51945,3,3,2,14:37,-1,E08000025,6,0,1,0,1,9,6,4,0,0,0,1,0,0,0,0,1,3,11
2024201420680,2024,201420680,407292,281601,-1.89417,52.43234,3,3,4,07:55,-1,E08000025,4,0,1,0,1,5,2,6,0,0,0,1,0,0,0,0,1,3,13
2024201420706,2024,201420706,410025,279140,-1.85405,52.41017,3,3,6,15:11,-1,E08000025,6,0,1,0,1,"[2, 19]","[0, 6]","[0, 2]",0,0,0,1,0,0,0,0,0,3,8
2024201420753,2024,201420753,411997,282670,-1.82493,52.44187,3,3,1,20:30,-1,E08000025,6,2,1,0,1,"[7, 19]",2,4,0,0,0,1,1,0,0,0,0,2,11
2024201420764,2024,201420764,407437,282673,-1.89202,52.44198,3,3,2,19:00,-1,E08000025,6,2,2,1,1,9,5,2,0,0,0,1,0,0,0,0,1,1,29
2024201420935,2024,201420935,408400,288116,-1.87772,52.49089,3,3,2,19:28,-1,E08000025,3,2,1,0,1,19,6,2,0,0,0,1,0,0,0,0,1,2,26
2024201421022,2024,201421022,395114,290682,-2.07343,52.514,3,3,3,23:20,-1,E08000027,3,2,2,0,1,"[8, 13]","[2, 3]","[8, 7]",0,0,0,1,0,0,0,0,0,3,12
2024201421058,2024,201421058,400636,283926,-1.99207,52.45329,2,2,3,19:00,-1,E08000025,6,2,1,0,1,19,8,4,0,0,0,0,1,0,0,0,1,3,5
2024201421079,2024,201421079,418218,276559,-1.73375,52.38676,3,3,6,11:10,-1,E08000029,4,0,1,0,1,19,3,7,0,0,0,1,0,0,0,1,0,3,15
2024201421111,2024,201421111,430122,278401,-1.55868,52.4028,3,3,4,22:54,-1,E08000026,3,2,1,0,1,19,"[7, 3]","[3, 8]",0,0,0,1,0,0,0,0,0,3,6
2024201421143,2024,201421143,411767,292966,-1.82796,52.53443,3,3,2,14:30,-1,E08000025,3,0,1,0,1,"[7, 19]","[2, 6]","[8, 2]",0,0,0,1,1,0,0,0,0,3,11
2024201421247,2024,201421247,409742,292786,-1.85782,52.53285,3,3,6,17:25,-1,E08000025,6,0,1,0,1,"[19, 9]",6,"[2, 3]",0,0,0,1,0,0,0,0,0,3,15
2024201421319,2024,201421319,433917,277056,-1.50304,52.39048,2,2,7,08:17,-1,E08000026,6,0,1,0,1,"[9, 19]","[2, 8]","[8, 4]",0,0,0,1,0,0,0,0,0,3,16
2024201421327,2024,201421327,406910,285911,-1.89971,52.47109,3,3,5,08:24,-1,E08000025,3,0,1,0,1,"[19, 5]","[1, 3]","[5, 7]",0,0,0,1,1,0,0,0,0,3,7
2024201421365,2024,201421365,404594,283065,-1.93384,52.44553,2,2,5,06:30,-1,E08000025,6,0,1,0,1,"[5, 19]","[2, 4]","[6, 8]",0,0,0,1,1,0,0,0,0,3,14
2024201421368,2024,201421368,412878,285290,-1.81187,52.4654,3,3,3,18:05,-1,E08000025,3,2,2,1,1,5,6,2,0,0,0,1,0,0,0,0,1,3,12
2024201421382,2024,201421382,410406,299120,-1.84783,52.58978,3,3,7,17:22,-1,E08000025,3,2,1,0,1,"[3, 2, 14]","[4, 0, 8]","[8, 0, 4]","[4, 0]","[0, 1]",0,1,0,0,0,0,0,1,20
2024201421388,2024,201421388,408696,285982,-1.87341,52.4717,3,3,4,10:00,-1,E08000025,3,0,1,0,1,"[3, 19]",8,4,0,0,0,1,0,0,0,0,0,3,13
2024201421392,2024,201421392,407276,280335,-1.89444,52.42096,3,3,7,18:36,-1,E08000025,6,0,1,1,1,19,"[6, 2]","[2, 6]",0,0,0,1,0,0,0,0,0,1,20
2024201421396,2024,201421396,395944,293638,-2.06123,52.54058,2,2,7,10:35,-1,E08000028,4,0,1,0,1,7,4,7,10,1,0,1,0,0,0,0,1,3,9
2024201421421,2024,201421421,404196,282073,-1.93971,52.43662,3,3,3,16:00,-1,E08000025,3,0,2,1,1,"[3, 19]",5,1,0,0,0,1,0,0,0,0,0,3,12
2024201421426,2024,201421426,406678,286623,-1.90311,52.4775,3,3,3,08:45,-1,E08000025,6,0,1,0,1,7,2,4,0,0,0,1,0,0,0,0,1,3,12
2024201421427,2024,201421427,418029,288302,-1.73589,52.49233,3,3,5,19:00,-1,E08000029,3,2,1,0,2,"[5, 4]","[5, 7]","[1, 3]",0,"[0, 3]",0,0,0,1,0,1,0,2,29
2024201421439,2024,201421439,410495,287846,-1.84687,52.48843,3,3,7,14:20,-1,E08000025,6,0,1,0,1,19,7,3,0,0,0,1,0,0,0,0,1,3,16
2024201421451,2024,201421451,402040,288226,-1.97138,52.49194,3,3,7,14:56,-1,E08000028,6,0,1,0,1,"[19, 9]",6,2,"[10, 0]","[7, 0]",0,1,0,0,0,0,0,1,20
2024201421462,2024,201421462,397972,297203,-2.03136,52.57264,3,3,7,17:00,-1,E08000030,6,2,1,0,1,"[19, 14]","[5, 1]","[1, 5]",0,0,0,1,0,0,0,0,0,1,20
2024201421478,2024,201421478,392567,297906,-2.11112,52.57892,3,3,1,02:21,-1,E08000031,3,2,5,1,1,19,8,4,10,1,11,1,0,0,0,0,0,1,21
2024201421481,2024,201421481,410025,282706,-1.85394,52.44223,3,3,1,21:50,-1,E08000025,6,2,2,1,1,"[19, 5]","[5, 0]",1,0,0,0,1,0,0,0,0,0,3,10
2024201421485,2024,201421485,391349,299900,-2.12915,52.59682,3,3,2,09:00,-1,E08000031,3,0,1,0,1,"[3, 19]",1,5,0,0,0,1,0,0,0,0,0,1,22
2024201421583,2024,201421583,401086,299232,-1.9854,52.59089,3,3,6,17:15,-1,E08000030,6,0,1,0,1,19,2,"[2, 6]",0,0,0,1,0,0,0,0,0,3,15
2024201421592,2024,201421592,406158,286025,-1.91077,52.47213,3,3,2,18:31,-1,E08000025,4,2,4,1,1,19,2,5,0,0,0,1,0,0,0,0,0,1,22
2024201421611,2024,201421611,406856,286299,-1.90049,52.47458,3,3,7,04:09,-1,E08000025,4,2,1,0,1,7,4,7,0,0,0,1,0,0,0,0,0,1,27
2024201421612,2024,201421612,392312,286245,-2.11461,52.47408,3,3,3,06:05,-1,E08000027,3,2,2,1,1,19,"[5, 8]","[1, 4]",0,0,0,1,0,0,0,0,0,3,12
2024201421617,2024,201421617,405560,283506,-1.91962,52.44949,3,3,5,06:45,-1,E08000025,3,0,1,0,1,"[19, 9]","[6, 4]","[2, 8]",0,0,0,1,1,0,0,0,0,3,14
2024201421627,2024,201421627,411717,296353,-1.82858,52.56488,3,3,6,12:25,-1,E08000025,6,0,1,1,1,19,2,6,0,0,0,1,0,0,0,0,1,3,15
2024201421710,2024,201421710,395348,296342,-2.07006,52.56489,3,3,6,08:43,-1,E08000031,3,0,2,1,1,19,8,4,0,0,0,1,0,0,0,0,0,3,15
2024201421713,2024,201421713,412982,287448,-1.81026,52.4848,3,3,3,14:14,-1,E08000025,6,0,1,0,1,"[9, 19]","[1, 7]","[6, 5]",0,0,0,1,1,0,0,0,1,1,16
2024201421720,2024,201421720,425060,275128,-1.63333,52.37363,2,"[3, 2]",1,16:35,-1,E08000029,3,0,1,0,2,19,"[6, 4]","[4, 8]",0,0,0,1,0,0,0,0,0,3,17
2024201421735,2024,201421735,397138,285941,-2.04356,52.4714,3,3,6,14:20,-1,E08000027,6,0,4,2,1,9,6,4,0,0,0,1,0,0,0,0,1,1,19
2024201421841,2024,201421841,403512,302221,-1.94956,52.61775,3,3,7,08:40,-1,E08000030,6,0,1,0,1,"[9, 19]","[8, 4]","[6, 8]",0,0,0,1,1,0,0,0,0,3,16
2024201421926,2024,201421926,399604,291228,-2.00727,52.51893,3,3,7,17:45,-1,E08000028,6,0,1,0,1,"[7, 3]","[7, 8]","[8, 4]",0,0,0,1,0,0,0,0,0,3,16
2024201421939,2024,201421939,427630,278163,-1.59533,52.40079,3,3,3,19:30,-1,E08000026,4,2,1,0,1,19,"[5, 3]","[1, 7]",0,0,0,1,0,0,0,0,0,3,12
2024201422030,2024,201422030,408820,285730,-1.87159,52.46944,3,3,6,16:25,-1,E08000025,3,0,1,0,1,"[4, 5]",4,8,0,0,0,1,0,0,0,0,0,3,15
2024201422075,2024,201422075,410917,294761,-1.84043,52.55059,3,3,6,20:35,-1,E08000025,3,2,1,0,1,"[19, 9]","[6, 7]","[2, 3]","[10, 0]","[1, 0]",0,1,0,0,0,0,0,3,15
2024201422119,2024,201422119,398926,284948,-2.01724,52.46248,2,2,1,11:17,-1,E08000027,3,0,1,0,1,"[5, 19]","[5, 7]","[7, 3]",0,0,0,1,0,0,0,0,0,3,17
2024201422139,2024,201422139,393804,294608,-2.09281,52.54928,3,3,6,16:12,-1,E08000031,6,0,1,0,1,"[9, 7]","[6, 2]",4,0,0,0,1,0,0,0,0,0,3,15
2024201422162,2024,201422162,406667,290037,-1.9032,52.50819,3,3,7,19:55,-1,E08000025,6,2,2,1,1,"[5, 19]",1,5,0,0,0,1,0,0,0,0,0,3,16
2024201422181,2024,201422181,408617,286504,-1.87456,52.4764,3,3,2,17:48,-1,E08000025,6,0,1,0,1,"[19, 2]","[2, 0]","[6, 0]","[4, 0]",0,0,1,0,0,0,0,0,3,18
2024201422414,2024,201422414,401527,298673,-1.97889,52.58586,3,3,5,16:57,-1,E08000030,6,0,1,0,1,9,4,2,0,0,0,1,0,0,0,0,1,3,14
2024201422505,2024,201422505,404581,288722,-1.93395,52.49639,3,3,7,21:20,-1,E08000025,6,2,1,0,1,"[20, 19]",6,2,0,0,0,1,0,0,0,0,0,3,16
2024201422554,2024,201422554,414502,275818,-1.78838,52.38021,3,3,3,18:42,-1,E08000029,3,2,1,1,2,19,5,8,0,0,0,1,0,0,0,0,1,3,19
2024201422615,2024,201422615,402592,277444,-1.96333,52.39501,3,3,3,22:25,-1,E08000025,6,2,2,1,1,"[2, 19]","[0, 6]","[0, 2]",4,0,0,1,0,0,0,0,0,3,19
2024201422706,2024,201422706,398924,297477,-2.01731,52.57511,3,3,1,12:50,-1,E08000030,3,0,1,0,2,"[3, 19]",3,1,0,0,0,1,0,0,0,0,0,3,17
2024201422726,2024,201422726,435096,281460,-1.48525,52.43,3,3,7,15:10,-1,E08000026,3,0,1,0,1,"[19, 7]","[2, 3]","[8, 6]",0,0,0,1,0,0,0,0,0,3,16
2024201422786,2024,201422786,388447,297056,-2.17189,52.5712,3,3,2,08:30,-1,E08000031,6,0,1,1,1,19,1,3,0,0,0,1,0,0,0,0,1,3,18
2024201422880,2024,201422880,396232,291572,-2.05696,52.52201,3,3,2,15:27,-1,E08000028,6,0,1,0,1,9,1,3,0,0,0,1,0,0,0,0,1,3,18
2024201423033,2024,201423033,401055,301542,-1.98585,52.61165,3,3,1,11:00,-1,E08000030,6,0,2,1,1,"[19, 9]","[1, 3]","[5, 1]",0,0,0,1,1,0,0,0,0,3,10
2024201423142,2024,201423142,416500,277119,-1.75896,52.39185,3,3,3,11:45,-1,E08000029,6,0,1,0,2,19,7,3,0,0,0,1,0,0,0,0,1,3,19
2024201423220,2024,201423220,409515,278635,-1.86156,52.40564,2,2,5,09:00,-1,E08000029,6,0,1,0,1,19,2,6,0,0,0,1,0,0,0,0,1,3,21
2024201423262,2024,201423262,408727,290077,-1.87285,52.50852,3,3,3,16:50,-1,E08000025,2,0,1,0,1,19,6,2,0,0,0,1,0,0,0,0,0,3,19
2024201423327,2024,201423327,392940,297578,-2.10561,52.57597,3,3,2,01:23,-1,E08000031,3,2,2,1,1,"[19, 2]","[8, 0]","[4, 0]","[4, 0, 10]","[7, 0, 1]",0,1,0,0,0,0,0,1,1
2024201423439,2024,201423439,409508,279831,-1.86163,52.41639,3,3,3,09:04,-1,E08000025,6,0,1,0,1,1,6,2,0,0,0,1,0,0,0,0,1,3,19
2024201423458,2024,201423458,393038,292506,-2.10406,52.53038,2,2,1,00:40,-1,E08000027,6,2,2,1,1,"[19, 2]","[5, 0]","[1, 0]",4,0,0,1,0,0,0,0,0,3,17
2024201423848,2024,201423848,404794,279908,-1.93094,52.41715,3,3,4,09:35,-1,E08000025,3,0,1,1,1,3,5,1,0,0,0,1,0,0,0,0,0,3,20
2024201423851,2024,201423851,398754,289739,-2.01979,52.50555,3,3,3,10:00,-1,E08000028,3,0,1,0,1,19,8,4,0,0,0,1,0,0,0,0,1,3,5
2024201423867,2024,201423867,404779,287042,-1.93106,52.48128,3,3,4,10:27,-1,E08000025,6,0,1,0,1,19,2,6,0,0,0,1,0,0,0,0,0,3,20
2024201423869,2024,201423869,388404,297615,-2.17255,52.57623,3,3,3,20:12,-1,E08000031,6,2,1,1,1,"[19, 2]","[1, 0]","[5, 0]",4,"[2, 0]","[3, 0]",1,0,0,0,0,0,1,9
2024201423875,2024,201423875,407883,291895,-1.88524,52.52487,2,2,6,07:08,-1,E08000025,1,2,1,0,1,"[19, 4]",4,8,0,0,0,1,0,0,0,0,0,3,8
2024201423905,2024,201423905,396895,298823,-2.04726,52.5872,3,3,2,20:03,-1,E08000030,6,2,1,0,1,19,"[8, 6]","[4, 2]","[10, 0]","[1, 0]","[11, 0]",1,0,0,0,0,0,1,8
2024201423912,2024,201423912,417566,275466,-1.74338,52.37696,3,3,4,09:14,-1,E08000029,6,0,1,2,1,19,4,8,10,0,0,1,0,0,0,0,1,1,10
2024201423918,2024,201423918,416229,279981,-1.76281,52.41759,3,3,7,10:35,-1,E08000029,3,0,1,0,1,"[10, 12]","[4, 2]","[2, 8]","[7, 0]","[6, 0]",0,1,0,0,0,0,0,3,16
2024201423923,2024,201423923,408915,293643,-1.86998,52.54057,3,3,6,00:10,-1,E08000025,3,2,2,1,1,19,6,2,9,1,0,1,0,0,0,0,0,1,5
2024201423939,2024,201423939,405097,291755,-1.92631,52.52365,3,3,6,15:55,-1,E08000025,6,0,1,0,1,19,"[8, 5]","[4, 1]",0,0,0,1,0,0,0,0,0,1,5
2024201423958,2024,201423958,397582,286784,-2.03703,52.47898,3,3,4,17:40,-1,E08000028,6,2,2,1,1,"[2, 19]","[0, 8]","[0, 4]","[0, 4]",0,0,1,0,0,0,0,0,1,3
2024201424013,2024,201424013,412252,288415,-1.82097,52.49351,3,3,7,15:40,-1,E08000025,6,0,1,0,1,7,7,1,10,1,0,1,0,0,0,0,1,3,23
2024201424122,2024,201424122,410520,286344,-1.84655,52.47493,3,3,5,17:50,-1,E08000025,6,0,1,0,1,"[9, 19]","[8, 2]",6,0,0,0,1,0,0,0,0,0,3,21
2024201424127,2024,201424127,415545,277696,-1.77297,52.39706,3,3,5,17:31,-1,E08000029,6,2,1,1,1,"[4, 3]",6,2,0,0,0,1,0,0,1,0,0,1,11
2024201424132,2024,201424132,392399,301917,-2.1137,52.61497,3,3,5,14:24,-1,E08000031,6,0,1,0,1,"[4, 5]",6,2,0,0,0,1,0,0,0,0,0,1,11
2024201424185,2024,201424185,434889,278917,-1.48856,52.40715,3,3,6,14:11,-1,E08000026,3,0,1,0,1,"[19, 10]",8,6,0,0,0,1,0,0,0,0,0,3,22
2024201424218,2024,201424218,407182,289062,-1.89563,52.49942,3,3,4,22:10,-1,E08000025,3,2,2,1,1,19,"[5, 1]","[3, 5]",0,0,0,1,0,0,0,0,0,1,3
2024201424250,2024,201424250,393991,290880,-2.08998,52.51577,3,3,6,09:26,-1,E08000027,6,0,1,0,1,"[9, 3]","[2, 6]","[6, 2]","[4, 0]","[7, 0]",0,1,0,0,0,0,0,3,22
2024201424252,2024,201424252,432686,279248,-1.52091,52.41026,3,3,6,08:20,-1,E08000026,3,0,1,0,1,19,5,1,0,0,0,1,0,0,0,0,1,3,22
2024201424386,2024,201424386,407172,288287,-1.8958,52.49245,3,3,1,18:48,-1,E08000025,3,2,1,0,1,"[19, 5]","[5, 7]","[1, 3]",0,0,0,1,0,0,0,0,0,1,28
2024201424515,2024,201424515,409792,282820,-1.85737,52.44326,2,2,6,13:18,-1,E08000025,4,0,1,0,1,5,2,6,0,0,0,0,0,0,1,0,1,1,26
2024201424602,2024,201424602,407716,288984,-1.88777,52.49871,3,3,4,08:40,-1,E08000025,4,0,1,0,1,"[3, 19]",4,8,0,0,0,1,0,0,0,0,0,3,20
2024201424659,2024,201424659,406909,286818,-1.8997,52.47925,3,3,7,17:05,-1,E08000025,6,0,1,0,1,19,3,7,0,0,0,0,0,0,0,0,1,3,23
2024201424681,2024,201424681,432682,279251,-1.52097,52.41029,3,3,5,13:40,-1,E08000026,3,0,1,0,1,"[3, 15]",4,8,0,0,0,1,0,0,0,0,0,3,21
2024201424685,2024,201424685,394875,289041,-2.07692,52.49925,3,3,5,07:40,-1,E08000027,6,2,9,0,1,9,"[6, 8]","[4, 6]",0,0,0,1,0,0,0,0,0,3,21
2024201424779,2024,201424779,393268,295217,-2.10072,52.55475,3,3,5,02:11,-1,E08000031,3,2,1,0,1,19,4,8,0,0,0,1,0,0,0,0,0,3,21
2024201424810,2024,201424810,401972,290908,-1.97237,52.51605,3,3,7,18:24,-1,E08000028,1,2,2,1,1,"[5, 3]",2,6,0,0,0,1,0,0,0,0,0,3,16
2024201424816,2024,201424816,391243,301105,-2.13075,52.60765,3,3,5,07:25,-1,E08000031,3,2,1,0,1,"[19, 12]",4,8,0,0,0,1,0,0,0,1,0,1,4
2024201424846,2024,201424846,403474,289900,-1.95025,52.50698,3,3,6,11:25,-1,E08000025,6,0,1,0,1,"[19, 9]","[4, 1]","[8, 4]",0,0,0,1,0,0,0,0,0,3,22
2024201424917,2024,201424917,407687,288990,-1.8882,52.49876,3,3,2,15:02,-1,E08000025,4,0,1,0,1,"[7, 19]","[1, 7]",3,7,0,0,1,0,0,0,0,0,1,22
2024201424923,2024,201424923,418511,283754,-1.72905,52.45143,3,3,3,10:05,-1,E08000029,4,0,1,0,1,"[5, 7]","[5, 6]","[2, 8]",0,0,0,1,0,0,0,0,0,3,26
2024201424928,2024,201424928,413128,283188,-1.80828,52.4465,3,3,6,08:00,-1,E08000029,6,0,1,0,1,"[9, 19]","[4, 6]","[8, 2]",0,0,0,1,0,0,0,0,0,3,8
2024201424943,2024,201424943,394849,297963,-2.07745,52.57945,3,3,2,16:40,-1,E08000031,6,0,1,0,1,19,5,2,0,0,0,1,0,0,0,0,1,3,18
2024201425001,2024,201425001,407150,286063,-1.89617,52.47246,3,3,7,18:37,-1,E08000025,6,2,1,0,1,1,6,2,0,0,0,1,0,0,0,0,1,1,27
2024201425015,2024,201425015,418104,288312,-1.73479,52.49242,3,3,3,11:48,-1,E08000029,3,0,1,0,2,"[3, 19]",8,4,0,0,0,1,0,0,1,0,0,3,26
2024201425076,2024,201425076,411177,283046,-1.83699,52.44527,3,3,6,16:00,-1,E08000025,6,0,1,0,1,6,1,5,0,0,0,1,0,0,0,0,1,3,15
2024201425103,2024,201425103,432406,280533,-1.5249,52.42183,2,2,3,14:44,-1,E08000026,4,0,1,0,1,"[19, 5]","[6, 8]","[2, 4]",0,0,0,1,0,0,0,0,0,3,26
2024201425123,2024,201425123,393298,291096,-2.1002,52.5177,3,3,3,16:20,-1,E08000027,4,0,1,1,1,"[9, 13]",8,"[6, 4]",0,0,0,1,0,1,0,0,0,3,26
2024201425150,2024,201425150,416721,289935,-1.75508,52.50706,2,2,3,15:58,-1,E08000029,6,0,1,0,1,19,"[3, 1]","[7, 5]",0,0,0,1,1,0,0,0,0,3,26
2024201425172,2024,201425172,394154,284659,-2.08747,52.45985,2,2,3,20:00,-1,E08000027,3,2,2,1,1,19,7,3,7,0,0,1,0,0,0,0,0,3,26
2024201425232,2024,201425232,403376,289217,-1.9517,52.50085,3,3,3,11:50,-1,E08000028,4,0,1,0,1,19,2,6,0,0,0,1,0,0,0,0,0,1,30
2024201425241,2024,201425241,397135,282716,-2.04358,52.4424,3,3,2,06:20,-1,E08000027,4,0,2,1,2,19,5,1,0,0,0,1,0,0,0,0,0,3,25
2024201425249,2024,201425249,409635,280362,-1.85975,52.42117,2,2,7,13:00,-1,E08000025,6,0,1,0,1,"[19, 7]","[4, 6]",8,0,0,0,1,0,1,0,0,0,3,23
2024201425264,2024,201425264,407404,285192,-1.89245,52.46462,3,3,6,12:20,-1,E08000025,6,0,1,0,1,19,6,8,0,0,0,1,0,0,0,0,0,3,22
2024201425317,2024,201425317,402910,286481,-1.95858,52.47625,2,"[2, 3]",7,22:24,-1,E08000025,3,2,2,1,1,19,"[4, 2]","[8, 6]","[10, 0]","[2, 0]","[4, 0]",1,0,0,0,0,0,3,16
2024201425359,2024,201425359,404410,292988,-1.93642,52.53474,3,3,7,05:28,-1,E08000028,4,0,1,0,1,"[19, 10]",4,"[8, 2]",0,0,0,1,0,0,0,0,0,3,23
2024201425361,2024,201425361,411681,285847,-1.82947,52.47044,2,2,6,18:40,-1,E08000025,6,2,1,0,1,19,"[2, 4]","[6, 8]",0,0,0,1,1,0,0,0,0,3,22
2024201425362,2024,201425362,408026,281220,-1.88339,52.4289,3,3,5,15:25,-1,E08000025,6,0,1,0,1,5,"[4, 6]","[4, 2]",0,0,0,1,0,0,0,1,0,3,21
2024201425368,2024,201425368,407935,294960,-1.8844,52.55243,3,3,7,19:00,-1,E08000025,4,2,1,0,1,"[19, 12]",1,5,0,0,0,1,0,0,0,0,0,3,23
2024201425429,2024,201425429,404345,289548,-1.93742,52.50381,3,3,2,12:15,-1,E08000025,3,0,1,0,1,7,4,6,0,0,0,1,0,0,0,0,1,3,25
2024201425431,2024,201425431,406874,289691,-1.90016,52.50507,3,3,2,13:08,-1,E08000025,6,0,1,0,1,"[7, 19]",6,"[8, 2]",0,0,0,1,1,0,0,0,0,2,5
2024201425515,2024,201425515,399124,298871,-2.01436,52.58764,3,3,4,15:04,-1,E08000030,1,0,1,0,1,19,1,5,0,0,0,1,0,0,0,0,0,3,27
2024201425528,2024,201425528,407064,290063,-1.89735,52.50842,3,3,4,15:46,-1,E08000025,6,0,1,0,1,"[19, 9]","[7, 3]","[3, 8]","[10, 0]","[7, 0]","[11, 0]",1,0,0,0,0,0,3,27
2024201425538,2024,201425538,394408,296314,-2.08393,52.56463,2,2,6,13:00,-1,E08000031,4,0,2,1,1,19,8,4,0,0,0,1,0,0,0,0,1,3,22
2024201425622,2024,201425622,408891,288127,-1.87048,52.49099,3,3,5,15:07,-1,E08000025,4,0,1,0,1,"[9, 7]","[8, 6]","[4, 2]",0,0,0,1,0,0,0,0,0,3,21
2024201425635,2024,201425635,411954,282719,-1.82557,52.44231,3,3,3,16:49,-1,E08000025,4,0,1,0,1,19,5,"[2, 3]",0,0,0,1,0,0,0,0,0,3,5
2024201425684,2024,201425684,397463,295150,-2.03885,52.55419,3,3,5,17:40,-1,E08000028,6,0,1,0,1,13,7,3,0,0,0,1,0,0,0,0,1,3,21
2024201425693,2024,201425693,400153,286024,-1.99918,52.47215,3,3,4,18:44,-1,E08000028,3,2,1,0,1,"[4, 11]",4,8,0,0,0,1,0,0,0,0,0,2,7
2024201425742,2024,201425742,411693,289329,-1.82918,52.50174,2,"[3, 2]",5,12:18,-1,E08000025,3,0,1,1,1,19,"[7, 1]","[3, 5]",0,0,0,1,0,0,0,0,0,1,18
2024201425815,2024,201425815,391940,286897,-2.1201,52.47994,3,3,2,16:30,-1,E08000027,3,0,1,0,1,"[3, 19]",2,"[6, 4]",0,0,0,1,0,0,0,0,0,3,25
2024201425826,2024,201425826,406650,287445,-1.9035,52.48489,2,2,4,16:00,-1,E08000025,6,0,1,0,1,19,4,"[2, 8]",0,0,0,1,1,0,0,0,0,3,20