collision_index,collision_year,collision_ref_no,location_easting_osgr,location_northing_osgr,longitude,latitude,casualty_severity,casualty_severity,day_of_week,time,local_authority_district,local_authority_ons_district,first_road_class,light_conditions,weather_conditions,road_surface_conditions,urban_or_rural_area,vehicle_manoeuvre,vehicle_direction_from,vehicle_direction_to,hit_object_in_carriageway,vehicle_leaving_carriageway,hit_object_off_carriageway,is_car,is_cyle,is_mcyle,is_goodsv,is_other,is_pedestrian,month,day
2024201438343,2024,201438343,411327,291970,-1.83448,52.52549,3,3,4,11:57,-1,E08000025,6,0,1,0,1,19,2,6,0,0,0,1,0,0,0,0,1,5,1
2024201438351,2024,201438351,437858,278574,-1.44496,52.40387,3,3,7,22:59,-1,E08000026,4,2,2,1,2,"[9, 19]","[6, 3]","[5, 6]",0,0,0,1,0,0,0,0,0,2,17
2024201438352,2024,201438352,403853,285972,-1.94471,52.47167,3,3,4,11:20,-1,E08000025,3,0,1,0,1,"[19, 3]",7,3,0,0,0,1,0,0,0,0,0,5,1
2024201438370,2024,201438370,411522,283738,-1.83189,52.45148,3,3,5,13:54,-1,E08000025,3,0,1,0,1,"[12, 13]","[2, 8]","[6, 4]",0,0,0,1,0,1,0,0,0,5,2
2024201438519,2024,201438519,433642,278972,-1.50689,52.40773,2,2,5,21:27,-1,E08000026,6,2,1,0,1,"[11, 19]","[1, 2]","[5, 7]",0,0,0,1,0,0,0,0,0,5,2
2024201438589,2024,201438589,412076,297031,-1.82326,52.57097,3,3,3,13:37,-1,E08000025,6,0,1,0,1,"[9, 19]","[8, 5]","[6, 1]",0,0,0,1,1,0,0,0,0,3,5
2024201438674,2024,201438674,406759,288356,-1.90188,52.49307,3,3,1,16:28,-1,E08000025,3,0,1,0,1,19,3,7,0,0,0,1,0,0,0,0,0,4,28
2024201438681,2024,201438681,414209,284170,-1.79233,52.4553,3,3,4,12:10,-1,E08000025,6,0,1,0,1,"[7, 19]","[2, 8]",4,0,0,0,1,0,0,0,0,0,5,1
2024201438684,2024,201438684,407297,290528,-1.89391,52.51259,3,3,1,17:57,-1,E08000025,6,0,1,0,1,"[19, 13]",1,5,0,0,0,1,0,0,0,0,0,4,28
2024201438748,2024,201438748,407401,287847,-1.89243,52.48849,3,3,5,14:55,-1,E08000025,6,0,1,0,1,19,8,4,0,0,0,1,0,0,0,0,1,5,2
2024201438761,2024,201438761,407019,298091,-1.89785,52.58059,3,3,6,08:27,-1,E08000030,6,0,1,1,1,"[19, 9]","[5, 3]","[1, 8]","[10, 0]",0,0,1,0,0,0,0,0,5,3
2024201438776,2024,201438776,410590,278822,-1.84575,52.4073,3,3,5,22:13,-1,E08000029,6,2,1,1,1,"[19, 13]","[7, 3]","[3, 7]","[0, 10]","[0, 1]",0,1,0,0,0,0,0,5,2
2024201438836,2024,201438836,395211,290607,-2.072,52.51333,3,3,6,14:25,-1,E08000027,3,0,2,1,1,19,3,7,0,0,0,1,0,0,0,0,1,5,3
2024201438844,2024,201438844,392314,286238,-2.11458,52.47402,3,3,6,11:00,-1,E08000027,3,0,1,1,1,19,"[6, 3]",2,0,0,0,1,0,0,0,0,0,5,3
2024201438851,2024,201438851,417964,286964,-1.73692,52.48031,3,3,6,09:25,-1,E08000029,6,0,1,0,2,19,"[5, 4]","[1, 8]",0,0,0,1,0,0,0,0,0,5,3
2024201438874,2024,201438874,413790,288769,-1.79831,52.49666,3,3,6,16:00,-1,E08000025,6,0,1,0,1,"[19, 1]",4,8,0,0,0,1,0,0,0,0,0,5,3
2024201438896,2024,201438896,399613,284863,-2.00712,52.46171,3,3,6,14:10,-1,E08000025,3,0,2,1,1,"[8, 3]",2,"[5, 6]",0,0,0,1,0,0,1,0,0,5,3
2024201438897,2024,201438897,401826,301070,-1.97447,52.60741,3,3,6,17:05,-1,E08000030,6,0,2,1,2,"[4, 3]",3,7,0,0,0,1,0,0,0,0,0,5,3
2024201438958,2024,201438958,396881,298649,-2.04747,52.58564,3,3,7,00:15,-1,E08000030,6,2,2,1,1,19,2,6,0,0,0,1,0,0,0,0,1,5,4
2024201439037,2024,201439037,410420,286953,-1.848,52.4804,3,3,4,18:20,-1,E08000025,6,0,1,0,1,19,3,1,0,0,0,0,0,0,0,1,1,5,1
2024201439039,2024,201439039,408783,284515,-1.87217,52.45852,3,3,6,15:24,-1,E08000025,6,0,2,1,1,"[3, 19]",6,2,0,0,0,1,0,0,0,0,0,5,3
2024201439156,2024,201439156,408409,287068,-1.87761,52.48147,2,2,7,16:29,-1,E08000025,3,0,1,0,1,"[3, 19]",1,5,0,0,0,1,0,0,0,0,0,5,4
2024201439174,2024,201439174,414573,291604,-1.78665,52.52212,3,3,7,17:15,-1,E08000025,6,0,1,0,1,"[13, 4]","[7, 6]","[3, 2]",0,0,0,0,0,1,1,0,0,5,4
2024201439175,2024,201439175,411630,285912,-1.83022,52.47102,2,2,7,17:08,-1,E08000025,6,0,1,0,1,19,8,4,0,0,0,1,0,0,0,0,1,5,4
2024201439176,2024,201439176,409645,291912,-1.85927,52.525,3,3,7,01:39,-1,E08000025,4,2,1,0,1,19,7,4,0,0,0,1,0,0,0,0,1,4,20
2024201439177,2024,201439177,411127,283647,-1.8377,52.45067,3,3,7,11:38,-1,E08000025,6,0,1,0,1,"[19, 7]","[7, 4]","[3, 7]",0,0,0,1,0,0,0,0,0,5,4
2024201439238,2024,201439238,412077,284966,-1.82368,52.46251,3,3,7,21:04,-1,E08000025,3,2,2,0,1,9,"[5, 1]",7,0,0,0,1,0,0,0,0,0,5,4
2024201439239,2024,201439239,412516,286468,-1.81716,52.476,3,3,7,22:20,-1,E08000025,6,2,1,0,1,19,"[2, 7]","[6, 4]",0,0,0,1,0,1,0,0,0,5,4
2024201439260,2024,201439260,399568,302499,-2.00782,52.62026,2,"[3, 2]",7,02:10,-1,E08000030,3,2,2,1,1,"[3, 19]",7,3,0,0,0,1,0,0,0,0,0,5,4
2024201439287,2024,201439287,403090,288614,-1.95592,52.49543,3,3,1,03:37,-1,E08000028,3,2,1,0,1,"[3, 15]",4,8,0,0,0,1,0,0,0,0,1,5,5
2024201439290,2024,201439290,429062,279143,-1.5742,52.40952,3,3,1,04:22,-1,E08000026,6,2,1,0,1,19,5,1,0,0,0,1,0,0,0,0,0,5,5
2024201439298,2024,201439298,406158,282208,-1.91084,52.43781,3,3,3,18:30,-1,E08000025,6,0,1,0,1,5,6,2,0,0,0,1,0,0,0,0,0,4,30
2024201439309,2024,201439309,397469,293073,-2.03874,52.53551,3,3,5,19:40,-1,E08000028,6,0,1,0,1,"[19, 9]",5,"[1, 3]",0,0,0,1,0,0,0,0,0,5,2
2024201439311,2024,201439311,409602,290068,-1.85996,52.50842,3,3,4,17:20,-1,E08000025,1,0,1,0,1,"[4, 19]",4,8,0,0,0,1,0,0,0,0,0,5,1
2024201439316,2024,201439316,393509,294246,-2.09715,52.54602,2,2,1,10:09,-1,E08000027,6,0,1,0,1,19,1,5,0,0,0,1,0,0,0,0,1,5,5
2024201439337,2024,201439337,407829,295066,-1.88596,52.55338,3,3,6,06:30,-1,E08000025,4,0,2,1,1,"[3, 4]",8,4,0,0,0,1,0,0,0,0,0,5,3
2024201439349,2024,201439349,394107,293360,-2.08831,52.53807,3,3,7,11:12,-1,E08000027,3,0,1,0,1,19,"[8, 7]","[4, 3]",0,0,0,1,0,0,0,0,0,5,4
2024201439352,2024,201439352,398482,294849,-2.02382,52.55148,3,3,7,13:10,-1,E08000028,3,0,1,0,1,"[9, 19]","[1, 8]","[8, 3]",0,0,0,1,0,0,0,0,0,5,4
2024201439353,2024,201439353,397346,301443,-2.04063,52.61076,2,2,5,15:30,-1,E08000030,3,0,1,0,1,19,5,1,0,0,0,1,0,0,0,0,1,5,2
2024201439430,2024,201439430,399632,287778,-2.00685,52.48792,3,3,1,13:17,-1,E08000028,6,0,1,0,1,"[19, 15]","[8, 7]","[3, 8]",0,0,0,1,0,0,0,0,0,5,5
2024201439434,2024,201439434,398847,289249,-2.01841,52.50114,3,3,1,17:49,-1,E08000028,3,0,1,0,1,19,"[5, 4]","[4, 7]",0,0,0,1,0,0,0,0,0,5,5
2024201439459,2024,201439459,399802,302058,-2.00436,52.61629,3,3,1,21:04,-1,E08000030,3,2,1,0,1,5,1,5,0,0,0,1,0,0,0,0,1,5,5
2024201439510,2024,201439510,399454,282000,-2.00946,52.43597,3,3,6,19:12,-1,E08000025,6,2,1,0,1,"[19, 4]",4,8,0,0,0,1,0,0,0,0,0,2,16
2024201439518,2024,201439518,402235,287178,-1.96852,52.48252,2,2,6,15:52,-1,E08000028,3,0,2,1,1,19,2,6,0,0,0,1,0,0,0,0,1,5,3
2024201439553,2024,201439553,398054,292700,-2.03012,52.53216,3,3,7,16:38,-1,E08000028,6,2,2,1,1,"[11, 19]","[7, 6]",2,0,0,0,1,0,0,0,0,0,3,2
2024201439557,2024,201439557,407382,287908,-1.89271,52.48904,3,3,5,14:30,-1,E08000025,6,0,1,0,1,9,5,2,10,1,0,1,0,0,0,0,1,5,2
2024201439564,2024,201439564,414212,285745,-1.79222,52.46946,3,3,6,15:30,-1,E08000025,6,0,1,0,1,19,1,4,0,0,0,1,1,0,0,0,0,5,3
2024201439575,2024,201439575,402277,280354,-1.96794,52.42117,2,"[3, 2]",6,16:05,-1,E08000025,4,0,1,0,1,19,"[5, 6]","[1, 3]",0,0,0,1,0,0,0,0,0,5,3
2024201439583,2024,201439583,395687,282803,-2.06488,52.44318,2,2,3,00:25,-1,E08000027,4,2,1,0,1,"[19, 2]","[7, 0]","[3, 0]",0,0,0,1,0,0,0,0,0,1,9
2024201439636,2024,201439636,395366,296334,-2.06979,52.56482,3,3,2,17:18,-1,E08000031,3,0,1,0,1,19,2,6,0,0,0,1,0,0,0,0,1,5,6
2024201439673,2024,201439673,405902,289286,-1.91449,52.50144,3,3,2,18:30,-1,E08000025,6,0,1,0,1,19,6,2,0,0,0,1,0,0,0,0,1,5,6
2024201439676,2024,201439676,411028,288823,-1.83899,52.4972,1,"[3, 1, 2]",2,18:05,-1,E08000025,6,0,1,0,1,"[15, 10]",6,"[2, 3]","[7, 0]",0,0,1,0,0,0,0,0,5,6
2024201439726,2024,201439726,405824,283556,-1.91573,52.44993,3,3,5,08:10,-1,E08000025,6,0,1,0,1,"[5, 9]",1,2,0,0,0,1,0,0,0,0,0,5,2
2024201439752,2024,201439752,405579,288510,-1.91926,52.49447,3,3,7,16:15,-1,E08000025,6,0,1,0,1,"[19, 9]","[6, 1]","[2, 6]",0,0,0,1,0,1,0,0,0,5,4
2024201439772,2024,201439772,415582,285176,-1.77208,52.46431,3,3,2,16:46,-1,E08000025,6,0,1,0,1,"[3, 19]",6,2,0,0,0,1,0,0,0,0,0,5,6
2024201439787,2024,201439787,410463,286710,-1.84738,52.47822,3,3,7,14:57,-1,E08000025,6,0,1,0,1,7,3,1,0,0,0,1,0,0,0,0,1,5,4
2024201439795,2024,201439795,407235,291516,-1.8948,52.52148,3,3,4,08:15,-1,E08000025,6,0,1,0,1,"[3, 5]","[7, 1]","[3, 5]",0,0,0,1,1,0,0,0,0,5,1
2024201439875,2024,201439875,421304,283139,-1.68799,52.4458,3,3,2,17:00,-1,E08000029,3,0,1,0,2,"[3, 19]",7,3,0,0,0,1,0,0,0,0,0,5,6
2024201439905,2024,201439905,417130,278493,-1.74963,52.40418,3,3,1,13:25,-1,E08000029,3,0,1,0,2,"[4, 19]",6,7,0,0,0,0,0,1,0,0,0,5,5
2024201439975,2024,201439975,394431,296165,-2.08359,52.56329,3,3,1,10:35,-1,E08000031,3,0,2,1,1,"[8, 19]",5,"[7, 1]",0,0,0,1,0,0,0,0,0,4,28
2024201439978,2024,201439978,395037,285729,-2.07449,52.46947,3,3,2,09:17,-1,E08000028,6,0,1,0,1,"[19, 5]",7,3,0,0,0,0,1,0,0,1,0,5,6
2024201439989,2024,201439989,388923,296690,-2.16486,52.56792,3,3,7,13:06,-1,E08000031,6,0,1,0,1,"[19, 7]","[2, 1]","[6, 7]",0,0,0,1,0,0,0,0,0,5,4
2024201440009,2024,201440009,409924,288047,-1.85527,52.49025,3,3,3,16:07,-1,E08000025,6,0,1,0,1,19,4,8,0,0,0,1,0,0,0,0,1,5,7
2024201440019,2024,201440019,412309,279412,-1.82046,52.41257,3,3,3,14:50,-1,E08000029,6,0,1,0,1,"[19, 3]",6,2,0,0,0,1,0,0,0,0,0,5,7
2024201440091,2024,201440091,406960,289411,-1.8989,52.50256,2,2,3,21:31,-1,E08000025,3,2,1,0,1,19,8,4,"[0, 6]",0,0,1,0,0,0,0,0,5,7
2024201440096,2024,201440096,409222,286076,-1.86567,52.47254,3,3,2,17:25,-1,E08000025,6,0,1,0,1,14,8,4,0,0,0,1,0,0,0,0,1,5,6
2024201440128,2024,201440128,431120,280660,-1.5438,52.42305,3,3,6,20:50,-1,E08000026,6,2,1,0,1,"[2, 19]","[0, 7]","[0, 3]",0,0,0,1,0,0,0,0,0,5,3
2024201440148,2024,201440148,397141,287193,-2.04353,52.48265,3,3,3,15:25,-1,E08000028,4,0,1,0,1,19,8,4,0,0,0,1,0,0,0,0,1,4,30
2024201440156,2024,201440156,409620,288203,-1.85975,52.49166,3,3,2,19:33,-1,E08000025,4,0,1,0,1,4,2,6,0,0,0,1,0,0,0,0,0,5,6
2024201440161,2024,201440161,407621,287969,-1.88919,52.48958,2,2,4,06:30,-1,E08000025,6,0,1,0,1,19,"[1, 4]","[8, 1]",0,0,0,1,0,1,0,0,0,5,8
2024201440167,2024,201440167,396066,301744,-2.05953,52.61346,2,2,2,15:20,-1,E08000031,6,2,1,0,1,5,6,4,0,0,0,1,0,0,0,0,1,3,4
2024201440184,2024,201440184,407687,288990,-1.8882,52.49876,2,2,6,20:55,-1,E08000025,4,2,1,0,1,19,5,1,0,0,0,1,0,0,0,0,0,3,1
2024201440221,2024,201440221,400584,287776,-1.99283,52.4879,2,2,6,19:52,-1,E08000028,4,2,2,1,1,7,6,1,0,0,0,0,0,0,0,1,1,3,1
2024201440236,2024,201440236,391325,293537,-2.12934,52.53962,3,3,7,19:45,-1,E08000027,3,0,1,0,1,"[9, 19]","[6, 8]",4,0,0,0,1,0,0,0,0,0,5,4
2024201440243,2024,201440243,407813,286344,-1.8864,52.47497,2,2,6,16:00,-1,E08000025,4,0,1,0,1,"[9, 19]","[4, 2]","[2, 6]",0,0,0,1,0,1,0,0,0,3,8
2024201440245,2024,201440245,418752,283607,-1.72551,52.4501,2,2,2,07:25,-1,E08000029,6,0,1,0,1,5,"[4, 6]","[8, 2]",0,0,0,1,1,0,0,0,0,4,29
2024201440281,2024,201440281,405935,293259,-1.91393,52.53716,3,3,4,18:20,-1,E08000025,6,2,2,1,1,15,2,6,0,0,0,1,0,0,0,0,1,2,14
2024201440290,2024,201440290,399130,289596,-2.01425,52.50426,3,3,4,08:40,-1,E08000028,6,0,1,0,1,9,7,5,0,0,0,1,0,0,0,0,1,5,8
2024201440296,2024,201440296,411026,285160,-1.83914,52.46427,3,3,7,05:28,-1,E08000025,3,0,1,1,1,7,8,3,0,0,0,1,0,0,0,0,0,5,4
2024201440320,2024,201440320,406501,287737,-1.90569,52.48751,3,3,6,17:37,-1,E08000025,6,2,1,0,1,19,"[4, 2]","[8, 6]",0,0,0,1,0,0,0,0,0,2,16
2024201440355,2024,201440355,400989,292735,-1.98685,52.53248,3,3,1,16:35,-1,E08000028,3,0,1,0,1,19,6,2,0,0,0,0,0,0,0,0,1,5,5
2024201440404,2024,201440404,434968,278901,-1.4874,52.407,3,3,4,09:15,-1,E08000026,3,0,1,0,1,"[19, 13]",1,4,0,0,0,1,0,0,0,0,0,5,8
2024201440415,2024,201440415,411985,288320,-1.82491,52.49266,2,2,4,14:28,-1,E08000025,4,0,1,0,1,19,3,7,0,0,0,1,0,0,0,0,1,5,8
2024201440429,2024,201440429,394416,288050,-2.08367,52.49033,3,3,4,16:23,-1,E08000027,6,0,1,0,1,19,1,5,0,0,0,1,0,0,0,0,1,5,8
2024201440452,2024,201440452,432673,279475,-1.52108,52.41231,3,3,4,17:37,-1,E08000026,6,0,1,0,1,"[19, 9]","[4, 2]",8,0,0,0,1,0,0,0,0,0,5,8
2024201440476,2024,201440476,391785,290758,-2.12248,52.51464,3,3,4,19:07,-1,E08000027,6,0,1,0,1,15,"[3, 6]","[5, 2]","[11, 0]",0,0,1,0,0,0,0,0,5,8
2024201440486,2024,201440486,406614,284551,-1.90409,52.45887,2,2,4,21:29,-1,E08000025,3,2,1,0,1,19,2,6,0,0,0,0,0,0,0,1,0,5,8
2024201440501,2024,201440501,404445,285188,-1.936,52.46462,3,3,4,21:43,-1,E08000025,4,2,1,1,1,"[19, 7]","[2, 4]","[5, 6]","[10, 0]","[1, 0]","[4, 0]",1,0,0,0,0,0,2,28
2024201440535,2024,201440535,409588,284159,-1.86033,52.4553,3,3,2,20:11,-1,E08000025,6,2,1,0,1,19,8,4,0,0,0,1,0,0,0,0,1,5,6
2024201440558,2024,201440558,394071,292683,-2.08883,52.53198,3,3,3,16:20,-1,E08000027,3,0,1,0,1,14,8,4,12,0,0,1,0,0,0,0,1,5,7
2024201440588,2024,201440588,407630,288058,-1.88906,52.49038,3,3,3,17:30,-1,E08000025,6,0,1,0,1,"[7, 19]","[3, 5]","[7, 1]",0,0,0,1,1,0,0,0,0,5,7
2024201440675,2024,201440675,392609,304073,-2.11064,52.63436,2,2,3,22:30,-1,E08000031,6,2,1,0,2,"[19, 9]",8,"[4, 7]",0,0,0,1,0,0,0,0,0,5,7
2024201440711,2024,201440711,415241,280653,-1.7773,52.42366,3,3,3,22:25,-1,E08000029,6,2,1,0,1,"[8, 4]","[1, 7]",3,0,0,0,1,0,0,0,0,0,5,7
2024201440715,2024,201440715,410639,282716,-1.84491,52.44231,2,2,5,07:53,-1,E08000025,4,0,1,0,1,19,7,4,0,0,0,1,0,0,0,0,1,5,9
2024201440741,2024,201440741,411419,288367,-1.83324,52.4931,3,3,3,16:00,-1,E08000025,6,0,1,0,1,"[1, 2]","[6, 0]","[2, 0]","[4, 0]",0,0,1,0,0,0,0,0,5,7
2024201440819,2024,201440819,398090,286562,-2.02955,52.47698,3,3,4,08:23,-1,E08000027,4,0,1,0,1,"[19, 3]",2,6,0,0,0,1,0,0,0,0,0,5,1
2024201440823,2024,201440823,411501,283054,-1.83222,52.44533,2,"[3, 2]",4,18:35,-1,E08000025,3,0,1,0,1,"[10, 19]","[3, 2, 6]","[7, 6, 2]",0,0,0,1,0,0,0,0,0,5,8
2024201440847,2024,201440847,411427,288407,-1.83313,52.49346,3,3,4,08:33,-1,E08000025,4,0,1,0,1,9,8,4,0,0,0,1,0,0,0,0,1,5,8
2024201440916,2024,201440916,397417,297930,-2.03955,52.57918,3,3,5,18:05,-1,E08000030,3,0,1,0,1,19,6,2,"[0, 10]","[0, 2]",0,1,0,1,0,0,0,5,9
2024201440961,2024,201440961,393491,298391,-2.0975,52.58329,3,3,4,17:30,-1,E08000031,3,0,1,0,1,"[19, 5]","[3, 5]","[7, 1]",0,0,0,1,0,0,0,0,0,4,17
2024201440975,2024,201440975,399086,299678,-2.01493,52.5949,3,3,4,01:42,-1,E08000030,1,2,1,0,2,-1,1,5,"[0, 2]",0,0,1,0,0,0,0,0,5,8
2024201440979,2024,201440979,397731,296566,-2.03491,52.56692,3,3,5,22:27,-1,E08000030,3,2,1,0,1,2,0,0,0,0,0,1,0,0,0,0,1,5,9
2024201440983,2024,201440983,393554,290201,-2.09641,52.50966,3,3,6,12:25,-1,E08000027,6,0,1,0,1,"[2, 19, 7]","[3, 1, 7, 0]","[3, 5, 1, 0]","[0, 10, 4]","[0, 7]",0,1,0,0,0,0,0,5,3
2024201440984,2024,201440984,404324,287721,-1.93775,52.48739,2,2,2,08:33,-1,E08000025,3,0,1,0,1,"[19, 12]","[5, 1]","[1, 5]",0,0,0,1,0,0,0,0,0,5,6
2024201440997,2024,201440997,407528,286471,-1.8906,52.47612,3,3,3,16:43,-1,E08000025,4,0,1,0,1,19,8,4,0,0,0,0,0,0,1,0,0,5,7
2024201441000,2024,201441000,408735,284398,-1.87288,52.45746,3,3,3,23:34,-1,E08000025,6,2,1,0,1,19,"[7, 2]","[3, 6]","[0, 10]","[0, 1]",0,1,0,0,0,0,0,4,9
2024201441020,2024,201441020,394251,292621,-2.08618,52.53142,3,3,1,12:30,-1,E08000027,3,0,1,0,1,"[19, 9]","[1, 8]",5,0,0,0,1,0,0,0,0,0,5,5
2024201441035,2024,201441035,393941,297008,-2.09083,52.57086,3,3,5,08:10,-1,E08000031,3,0,1,0,1,"[19, 3]",4,8,0,0,0,1,0,0,1,0,0,5,9
2024201441052,2024,201441052,414735,283845,-1.7846,52.45237,3,3,3,15:40,-1,E08000025,3,0,1,0,1,19,8,4,0,0,0,1,0,0,0,0,1,5,7
2024201441086,2024,201441086,408425,286079,-1.8774,52.47258,3,3,5,18:50,-1,E08000025,4,2,1,0,1,"[9, 10]",3,8,0,0,0,1,0,0,0,0,0,2,22
2024201441102,2024,201441102,411990,288846,-1.82482,52.49739,2,2,7,17:55,-1,E08000025,3,0,1,0,1,"[19, 9]","[4, 8]","[2, 6]",0,0,0,1,0,0,0,0,0,2,24
2024201441123,2024,201441123,391920,296585,-2.12064,52.56703,3,3,7,10:00,-1,E08000031,3,0,1,0,1,"[19, 10, 4]","[3, 2]","[7, 5]",0,0,0,1,0,0,0,0,0,2,24
2024201441142,2024,201441142,410183,287908,-1.85146,52.48899,3,3,3,18:30,-1,E08000025,6,0,1,0,1,19,"[8, 5]","[4, 1]",0,0,0,1,1,0,0,0,0,5,7
2024201441223,2024,201441223,408723,283676,-1.87307,52.45097,3,3,4,18:00,-1,E08000025,6,0,1,0,1,"[4, 19]",1,5,0,0,0,1,0,0,0,1,0,5,8
2024201441234,2024,201441234,413792,286214,-1.79838,52.47369,2,2,2,07:31,-1,E08000025,6,0,1,0,1,"[19, 9]","[5, 3]",1,0,0,0,1,1,0,0,0,0,2,26
2024201441318,2024,201441318,398226,299313,-2.02762,52.59161,3,3,5,13:47,-1,E08000030,6,0,1,0,1,"[19, 7, 2]","[4, 3, 0]","[8, 4, 0]",0,0,0,1,0,0,1,0,0,5,9
2024201441365,2024,201441365,408872,289622,-1.87072,52.50443,3,3,6,20:00,-1,E08000025,3,0,1,0,1,19,2,6,0,0,0,1,1,0,0,0,0,5,10
2024201441367,2024,201441367,401193,299623,-1.98382,52.5944,3,3,5,18:02,-1,E08000030,6,0,1,0,1,"[19, 9]","[2, 4]","[6, 2]",0,0,0,1,0,0,0,0,0,5,9
2024201441378,2024,201441378,401145,297193,-1.98454,52.57256,3,3,6,20:20,-1,E08000030,6,0,1,0,1,19,7,3,0,0,0,1,0,0,0,0,1,5,10
2024201441391,2024,201441391,404699,286421,-1.93225,52.4757,3,3,6,20:25,-1,E08000025,6,0,1,0,1,19,6,2,0,0,0,1,0,0,0,0,1,5,10
2024201441429,2024,201441429,418346,282875,-1.73152,52.44354,2,2,6,02:23,-1,E08000029,4,2,1,0,2,"[13, 19]",6,2,"[2, 0]","[1, 0]","[2, 0]",1,0,0,0,0,0,5,10
2024201441457,2024,201441457,412341,283178,-1.81986,52.44643,3,3,5,08:15,-1,E08000025,3,0,1,0,1,9,8,6,0,0,0,1,0,0,0,0,1,5,9
2024201441526,2024,201441526,396731,294290,-2.04964,52.54645,3,3,5,15:15,-1,E08000028,3,0,1,0,1,19,1,5,0,0,0,1,0,0,0,0,1,5,9
2024201441527,2024,201441527,405380,281052,-1.92231,52.42743,3,3,5,18:15,-1,E08000025,3,0,1,0,1,"[9, 19]","[3, 1]","[1, 5]",0,0,0,1,1,0,0,0,0,5,9
2024201441538,2024,201441538,388395,287174,-2.17231,52.48236,3,3,5,20:15,-1,E08000027,6,0,1,0,1,"[9, 19]","[1, 7]","[6, 3]",0,0,0,1,1,0,0,0,0,5,9
2024201441569,2024,201441569,412858,288978,-1.81203,52.49856,3,3,6,18:42,-1,E08000025,6,0,1,0,1,"[3, 19, 2]","[7, 3, 0]","[3, 7, 0]",0,0,0,1,0,0,0,0,0,5,10
2024201441570,2024,201441570,412937,287757,-1.81091,52.48758,3,3,5,19:30,-1,E08000025,3,2,1,0,1,19,2,6,0,0,0,1,0,0,0,0,0,5,9
2024201441573,2024,201441573,395083,291715,-2.0739,52.52329,3,3,7,07:47,-1,E08000028,3,0,1,0,1,19,"[4, 8]","[8, 4]",0,0,0,1,0,0,0,0,0,5,11
2024201441647,2024,201441647,407096,286376,-1.89696,52.47527,3,3,7,17:16,-1,E08000025,6,0,1,0,1,9,2,8,0,0,0,1,0,0,0,0,1,5,11
2024201441659,2024,201441659,432625,281582,-1.52158,52.43125,3,3,7,18:07,-1,E08000026,6,0,1,0,1,5,"[1, 3]","[5, 7]",0,0,0,1,0,0,0,0,0,5,11
2024201441668,2024,201441668,407052,288716,-1.89756,52.49631,3,3,6,16:00,-1,E08000025,6,0,1,0,1,19,2,6,0,0,0,1,0,0,0,0,1,5,10
2024201441693,2024,201441693,395789,290383,-2.06348,52.51132,3,3,7,20:09,-1,E08000027,6,0,1,0,1,19,4,8,0,0,0,1,0,0,0,0,1,5,11
2024201441714,2024,201441714,395063,286464,-2.07411,52.47608,3,3,5,16:21,-1,E08000028,3,0,1,0,1,19,6,2,0,0,0,1,0,0,0,0,0,5,9
2024201441716,2024,201441716,401305,298694,-1.98217,52.58605,3,3,1,01:48,-1,E08000030,6,2,8,0,1,19,6,2,10,1,5,1,0,0,0,0,0,5,12
2024201441744,2024,201441744,388338,290279,-2.17326,52.51027,3,3,5,18:12,-1,E08000027,3,0,1,0,1,"[4, 19]",4,8,0,0,0,1,0,0,0,0,0,5,9
2024201441758,2024,201441758,434171,279621,-1.49904,52.41353,2,2,1,08:56,-1,E08000026,6,0,1,0,1,"[2, 19]","[0, 7]","[0, 3]","[0, 4]",0,0,1,0,0,0,0,1,5,12
2024201441759,2024,201441759,410930,283347,-1.84061,52.44798,3,3,4,15:30,-1,E08000025,6,0,1,0,1,19,6,2,0,0,0,1,0,0,0,0,0,4,24
2024201441785,2024,201441785,409551,284637,-1.86086,52.4596,3,3,7,16:37,-1,E08000025,4,0,1,0,1,"[3, 19]","[5, 6]","[1, 2]",0,0,0,1,0,0,0,1,0,5,11
2024201441805,2024,201441805,412647,284937,-1.81529,52.46223,3,3,4,19:30,-1,E08000025,3,2,1,0,1,"[3, 19]",2,6,0,0,0,1,0,0,0,0,0,5,8
2024201441822,2024,201441822,397300,288673,-2.0412,52.49596,2,2,1,13:00,-1,E08000028,6,0,1,0,1,19,8,4,0,0,0,0,0,1,0,0,0,5,12
2024201441839,2024,201441839,406237,290300,-1.90953,52.51056,3,3,6,13:20,-1,E08000025,6,0,1,0,1,"[19, 9]","[7, 5]",3,0,0,0,1,0,0,0,0,0,5,10
2024201441871,2024,201441871,391413,298695,-2.12817,52.58599,3,3,6,10:45,-1,E08000031,6,0,1,0,1,19,2,6,0,0,0,0,0,0,0,0,1,5,10
2024201441897,2024,201441897,407916,289243,-1.88482,52.50103,3,3,2,05:30,-1,E08000025,2,0,1,0,1,19,6,2,10,8,11,1,0,0,0,0,0,5,6
2024201441942,2024,201441942,389708,299413,-2.15336,52.59242,2,2,1,19:59,-1,E08000031,3,0,2,1,1,"[19, 4]",4,8,0,0,0,1,0,0,0,0,0,5,12
2024201441969,2024,201441969,402563,288655,-1.96368,52.4958,2,"[2, 3]",1,02:49,-1,E08000028,3,2,1,0,1,4,"[3, 7]","[7, 3]",10,"[4, 6]","[0, 7]",1,0,0,0,0,0,5,12
2024201441996,2024,201441996,413955,285258,-1.79602,52.46509,2,2,5,12:49,-1,E08000025,6,0,1,0,1,"[19, 2, 5]","[4, 0]","[8, 0]",0,0,0,1,0,0,0,0,0,2,29
2024201442006,2024,201442006,402135,279000,-1.97004,52.409,2,2,2,08:10,-1,E08000025,6,0,1,0,1,"[14, 2]","[2, 0]","[4, 0]","[4, 0]",0,0,1,0,0,0,1,0,3,4