collision_index,collision_year,collision_ref_no,location_easting_osgr,location_northing_osgr,longitude,latitude,casualty_severity,casualty_severity,day_of_week,time,local_authority_district,local_authority_ons_district,first_road_class,light_conditions,weather_conditions,road_surface_conditions,urban_or_rural_area,vehicle_manoeuvre,vehicle_direction_from,vehicle_direction_to,hit_object_in_carriageway,vehicle_leaving_carriageway,hit_object_off_carriageway,is_car,is_cyle,is_mcyle,is_goodsv,is_other,is_pedestrian,month,day
2024201442028,2024,201442028,393001,289432,-2.10454,52.50274,3,3,2,06:56,-1,E08000027,3,0,1,0,1,"[19, 3]","[7, 2]","[5, 6]",0,0,0,1,0,0,0,0,0,5,13
2024201442030,2024,201442030,409403,293303,-1.8628,52.53751,2,"[3, 2]",2,07:54,-1,E08000025,6,0,1,0,1,19,2,6,0,0,0,1,0,0,0,0,0,3,4
2024201442059,2024,201442059,403175,289882,-1.95465,52.50682,2,2,3,15:26,-1,E08000025,6,0,1,0,1,9,2,8,0,0,0,1,0,0,0,0,1,3,5
2024201442081,2024,201442081,411841,295337,-1.82678,52.55575,2,2,4,07:20,-1,E08000025,3,0,1,0,1,19,"[2, 3, 6]","[6, 4, 2]",0,0,0,1,0,0,1,0,0,3,6
2024201442095,2024,201442095,400408,282656,-1.99542,52.44187,2,2,2,08:30,-1,E08000025,6,0,1,0,1,19,"[8, 5]","[4, 1]",0,0,0,1,1,0,0,0,0,5,13
2024201442133,2024,201442133,396174,283872,-2.05773,52.45279,2,2,5,20:05,-1,E08000027,3,0,1,0,1,"[19, 9]","[8, 2]","[4, 8]",0,0,0,1,0,1,0,0,0,5,9
2024201442137,2024,201442137,434556,277378,-1.49361,52.39334,2,2,4,21:00,-1,E08000026,6,0,1,0,1,19,8,4,0,0,0,1,0,1,0,0,0,5,1
2024201442195,2024,201442195,403838,287679,-1.94491,52.48702,3,3,6,18:44,-1,E08000025,3,0,1,0,1,"[19, 5]","[8, 2]","[4, 6]",0,0,0,1,0,0,0,0,0,5,10
2024201442258,2024,201442258,403543,283854,-1.94929,52.45263,3,3,4,14:00,-1,E08000025,6,0,1,0,1,"[15, 19]","[5, 2]","[1, 5]",0,0,0,1,0,0,0,0,0,5,8
2024201442307,2024,201442307,399209,277499,-2.01305,52.39551,3,3,2,11:30,-1,E08000025,6,0,1,0,1,19,"[6, 7]","[2, 3]",0,0,0,1,0,0,0,0,0,5,13
2024201442323,2024,201442323,410751,281136,-1.84331,52.4281,3,3,2,16:08,-1,E08000025,6,0,1,0,1,19,8,4,0,0,0,1,0,0,0,0,1,5,13
2024201442376,2024,201442376,432415,280147,-1.52481,52.41836,3,3,3,07:10,-1,E08000026,6,0,1,0,1,"[5, 19]","[8, 6]",2,0,0,0,1,0,0,0,0,0,3,5
2024201442402,2024,201442402,432438,279386,-1.52454,52.41152,3,3,2,16:44,-1,E08000026,3,0,1,0,1,19,2,6,0,0,0,1,0,0,0,0,1,5,13
2024201442433,2024,201442433,434604,282338,-1.4924,52.43792,3,3,3,02:54,-1,E08000026,4,2,2,1,1,19,6,2,0,0,0,1,0,0,0,0,0,5,14
2024201442480,2024,201442480,391929,295534,-2.12048,52.55758,3,3,7,13:40,-1,E08000031,3,0,1,0,1,"[19, 5]","[6, 4]","[2, 8]",0,0,0,1,1,0,0,0,0,5,4
2024201442596,2024,201442596,408219,284430,-1.88047,52.45776,2,2,3,08:30,-1,E08000025,6,0,1,0,1,14,8,4,0,0,0,1,0,0,0,0,1,5,14
2024201442655,2024,201442655,402861,281882,-1.95934,52.43491,2,2,7,08:07,-1,E08000025,6,0,2,1,1,19,"[8, 6]","[4, 2]",0,0,0,1,0,0,0,0,0,3,2
2024201442843,2024,201442843,392280,302596,-2.11547,52.62107,2,"[2, 3]",2,16:55,-1,E08000031,6,0,1,1,1,5,4,1,0,0,0,1,0,0,0,0,1,5,13
2024201442886,2024,201442886,412441,286733,-1.81825,52.47838,2,2,3,15:49,-1,E08000025,4,0,1,0,1,"[15, 19, 5]",4,8,0,0,0,1,0,1,0,0,0,5,14
2024201442929,2024,201442929,400695,289427,-1.99119,52.50274,2,2,2,01:20,-1,E08000028,3,2,1,0,1,19,"[7, 5]","[3, 1]",0,0,0,1,0,0,0,0,0,2,26
2024201442971,2024,201442971,395890,299478,-2.0621,52.59308,3,3,3,23:35,-1,E08000030,4,2,1,0,1,"[19, 7]","[6, 1]","[6, 1, 4]","[0, 7]",0,0,1,0,0,0,0,0,5,14
2024201443038,2024,201443038,390024,287733,-2.14834,52.48742,3,3,2,08:20,-1,E08000027,6,0,1,0,1,"[19, 9]","[2, 4]","[6, 2]",0,0,0,1,0,0,0,0,0,5,13
2024201443069,2024,201443069,434129,280280,-1.49959,52.41945,3,3,1,16:33,-1,E08000026,6,0,1,0,1,19,3,7,0,0,0,1,0,0,0,0,1,5,12
2024201443083,2024,201443083,399695,293202,-2.00593,52.53668,3,3,4,08:50,-1,E08000028,6,0,1,0,1,"[3, 19]",2,"[4, 6]",0,0,0,1,1,0,0,0,0,5,15
2024201443094,2024,201443094,420396,280744,-1.70149,52.42431,3,3,1,16:10,-1,E08000029,6,0,1,0,1,"[19, 5]","[3, 1]","[7, 5]",0,0,0,1,1,0,0,0,0,5,5
2024201443115,2024,201443115,397412,286585,-2.03953,52.47719,3,3,1,02:00,-1,E08000028,4,2,1,0,1,"[10, 13]","[8, 4]","[6, 8]",0,0,0,1,0,0,0,0,0,5,12
2024201443135,2024,201443135,410483,291278,-1.84694,52.51928,3,3,5,19:40,-1,E08000025,3,0,1,0,1,19,2,6,0,0,0,1,0,0,0,0,1,5,9
2024201443172,2024,201443172,403037,278503,-1.95678,52.40453,3,3,1,15:20,-1,E08000025,6,0,1,0,1,"[19, 5]","[5, 1]","[1, 5]",0,0,0,1,0,1,0,0,0,5,5
2024201443177,2024,201443177,407393,288276,-1.89254,52.49235,3,3,1,14:15,-1,E08000025,3,0,1,0,1,3,7,3,0,0,0,1,0,0,0,0,0,5,12
2024201443184,2024,201443184,403867,284491,-1.94452,52.45836,2,2,6,13:34,-1,E08000025,4,0,1,0,1,5,6,2,0,0,0,1,0,0,0,0,1,1,19
2024201443189,2024,201443189,403872,287665,-1.94441,52.48689,2,2,2,15:45,-1,E08000025,3,0,1,1,1,"[14, 9]","[8, 1]","[4, 8]",0,0,0,1,0,1,0,0,0,3,25
2024201443192,2024,201443192,412915,287738,-1.81124,52.48741,3,3,6,20:20,-1,E08000025,3,0,1,0,1,"[19, 7]","[1, 3]",5,0,0,0,1,0,0,0,0,0,5,10
2024201443220,2024,201443220,407501,289382,-1.89093,52.50229,2,2,6,13:17,-1,E08000025,6,0,1,0,1,19,7,3,0,0,0,1,0,0,0,0,1,5,10
2024201443227,2024,201443227,404231,290473,-1.93909,52.51213,2,2,3,09:22,-1,E08000025,3,0,1,1,1,7,3,5,0,0,0,1,0,0,0,0,1,5,14
2024201443240,2024,201443240,411803,293091,-1.82742,52.53556,2,2,2,15:45,-1,E08000025,6,0,1,0,1,"[2, 14]","[0, 5]","[0, 1]",0,0,0,1,0,0,0,0,0,5,13
2024201443256,2024,201443256,407938,284684,-1.8846,52.46005,2,2,7,18:13,-1,E08000025,6,2,1,0,1,19,6,2,0,0,0,1,0,0,0,0,1,3,30
2024201443288,2024,201443288,408721,285515,-1.87306,52.46751,2,2,4,23:09,-1,E08000025,6,2,2,1,1,19,6,4,0,0,0,1,0,0,0,0,1,4,3
2024201443291,2024,201443291,416734,285712,-1.7551,52.46909,3,3,7,19:00,-1,E08000029,6,0,1,0,1,"[9, 13]","[1, 5]","[7, 1]","[10, 0]","[1, 0]",0,1,0,0,0,0,0,5,11
2024201443307,2024,201443307,409819,288389,-1.85681,52.49332,2,2,3,07:31,-1,E08000025,4,0,1,0,1,"[5, 3]",6,2,"[0, 10]",0,0,1,0,0,0,0,0,4,16
2024201443309,2024,201443309,407140,286628,-1.8963,52.47753,3,3,4,13:55,-1,E08000025,6,0,1,0,1,19,1,5,0,0,0,1,0,0,0,0,1,5,15
2024201443321,2024,201443321,398118,289130,-2.02915,52.50007,3,3,4,14:16,-1,E08000028,3,0,1,0,1,19,8,4,0,0,0,0,0,0,0,1,1,5,15
2024201443373,2024,201443373,413025,286091,-1.80968,52.4726,3,3,4,18:32,-1,E08000025,6,0,1,0,1,19,5,1,0,0,0,1,0,0,0,0,1,5,15
2024201443396,2024,201443396,396469,286133,-2.05341,52.47312,2,2,4,19:50,-1,E08000028,6,0,1,0,1,"[5, 4]","[3, 2]","[7, 6]","[0, 10]",0,0,1,1,1,0,0,0,5,15
2024201443466,2024,201443466,433759,279802,-1.50508,52.41518,2,2,4,13:20,-1,E08000026,6,0,1,0,1,19,6,2,10,1,11,1,0,0,0,0,1,5,15
2024201443477,2024,201443477,397945,296821,-2.03175,52.56921,3,3,4,21:22,-1,E08000030,6,2,1,0,1,"[9, 19]","[6, 3]","[3, 7]",0,"[1, 0]",0,1,1,0,0,0,0,5,8
2024201443494,2024,201443494,397087,287307,-2.04432,52.48368,3,3,4,13:57,-1,E08000028,4,0,1,0,1,"[19, 13]",8,4,0,0,0,1,0,0,0,0,0,5,15
2024201443523,2024,201443523,403961,287435,-1.9431,52.48482,2,2,6,09:50,-1,E08000025,3,2,1,0,1,"[19, 9, 2]","[6, 8, 2, 0]","[2, 4, 6, 0]",0,0,0,1,0,0,0,0,0,5,3
2024201443548,2024,201443548,406911,286266,-1.89968,52.47428,3,3,1,23:30,-1,E08000025,3,2,1,0,1,"[19, 2]","[8, 0]","[4, 0]","[4, 0]",0,0,1,0,0,0,0,0,5,12
2024201443569,2024,201443569,401697,288961,-1.97643,52.49855,3,3,3,17:50,-1,E08000028,4,0,1,0,1,9,8,6,0,0,0,1,0,0,0,0,1,5,14
2024201443646,2024,201443646,405605,290280,-1.91884,52.51038,2,2,3,07:50,-1,E08000025,4,0,1,1,1,"[9, 19]","[4, 1]","[1, 5]",0,0,0,1,1,0,0,0,0,5,14
2024201443688,2024,201443688,397374,290697,-2.04013,52.51415,3,3,3,13:07,-1,E08000028,3,0,1,0,1,19,8,4,10,1,0,0,0,0,1,0,1,5,14
2024201443765,2024,201443765,407876,293784,-1.8853,52.54186,3,3,5,16:10,-1,E08000025,4,0,2,1,1,2,0,0,0,0,0,1,0,0,0,0,1,5,16
2024201443820,2024,201443820,397388,299262,-2.03999,52.59115,2,"[2, 3]",5,13:42,-1,E08000030,3,0,2,1,1,"[9, 19]","[2, 1]","[6, 5]",10,2,"[11, 0]",1,0,0,0,0,0,5,16
2024201443825,2024,201443825,397372,298571,-2.04022,52.58494,3,3,5,19:22,-1,E08000030,3,0,2,1,1,"[9, 19]","[1, 6]","[6, 2]",0,0,0,1,0,0,0,0,0,5,16
2024201443829,2024,201443829,394801,289088,-2.07801,52.49967,3,3,5,11:40,-1,E08000027,6,0,1,0,1,19,"[4, 6]","[8, 2]","[0, 10]","[0, 7]","[0, 11]",1,0,0,0,0,0,5,2
2024201443841,2024,201443841,410467,291641,-1.84716,52.52255,3,3,4,23:10,-1,E08000025,3,2,1,0,1,"[9, 19]","[3, 4]","[2, 8]",0,0,0,1,0,0,0,0,0,5,15
2024201443866,2024,201443866,411398,280247,-1.83383,52.4201,3,3,5,22:45,-1,E08000025,3,2,1,1,1,19,4,8,0,0,0,1,0,0,0,0,1,5,16
2024201443892,2024,201443892,396978,288775,-2.04594,52.49687,3,3,2,13:16,-1,E08000028,6,0,1,0,1,19,4,8,0,0,0,1,0,0,0,0,0,4,29
2024201443904,2024,201443904,404318,289230,-1.93782,52.50096,2,2,5,16:30,-1,E08000025,6,0,8,0,1,9,5,3,0,0,0,1,0,0,0,0,1,5,2
2024201443978,2024,201443978,408884,288316,-1.87058,52.49268,3,3,2,18:20,-1,E08000025,4,0,1,0,1,"[4, 19]",6,2,0,0,0,1,0,0,0,0,0,5,13
2024201444017,2024,201444017,408011,283279,-1.88356,52.44742,3,3,5,09:45,-1,E08000025,6,0,1,0,1,19,1,5,0,0,0,0,0,0,0,1,1,5,16
2024201444027,2024,201444027,404590,280720,-1.93393,52.42445,2,2,7,15:45,-1,E08000025,3,0,1,0,1,"[5, 19]","[6, 4]","[2, 8]",0,0,0,1,0,0,0,0,0,2,3
2024201444070,2024,201444070,405880,289447,-1.91481,52.50289,3,3,3,16:15,-1,E08000025,4,0,1,0,1,1,1,5,0,0,0,1,0,0,0,0,1,5,14
2024201444075,2024,201444075,406652,289423,-1.90343,52.50267,3,3,4,01:05,-1,E08000025,4,2,1,0,1,"[5, 19]",3,7,0,0,0,1,1,0,0,0,0,5,15
2024201444093,2024,201444093,401762,289841,-1.97547,52.50646,3,3,6,11:18,-1,E08000028,6,0,1,0,1,"[19, 4]",3,6,0,0,0,1,0,0,0,0,0,5,17
2024201444112,2024,201444112,401094,286811,-1.98532,52.47922,2,"[2, 3]",2,18:30,-1,E08000028,6,0,1,0,1,"[19, 2]","[1, 0]","[6, 0]",0,0,0,1,0,0,0,0,1,4,1
2024201444142,2024,201444142,409569,283302,-1.86064,52.4476,3,3,1,10:24,-1,E08000025,3,0,1,0,1,"[19, 20]",8,4,0,0,0,1,0,0,0,0,0,5,12
2024201444148,2024,201444148,399214,277504,-2.01298,52.39555,3,3,6,12:11,-1,E08000025,6,0,1,0,1,"[19, 5]","[7, 6]","[6, 2]",0,0,0,1,0,0,0,0,0,5,17
2024201444158,2024,201444158,397555,295711,-2.0375,52.55923,1,"[3, 1]",6,13:31,-1,E08000030,6,0,1,0,1,"[19, 2]","[5, 0, 1]","[1, 0, 5]",0,0,0,1,0,0,0,0,0,5,17
2024201444197,2024,201444197,401314,286463,-1.98208,52.4761,3,3,6,15:35,-1,E08000028,6,0,1,0,1,19,6,2,0,0,0,1,0,0,0,0,1,5,17
2024201444227,2024,201444227,418128,276132,-1.73509,52.38292,3,3,6,16:59,-1,E08000029,3,0,1,0,1,19,"[2, 6]","[6, 2]","[0, 10]","[0, 7]",0,1,0,0,0,0,0,5,17
2024201444232,2024,201444232,404995,294987,-1.92776,52.5527,3,3,6,19:24,-1,E08000028,1,0,1,0,1,19,7,4,0,0,0,1,0,1,0,0,0,5,17
2024201444256,2024,201444256,404572,287211,-1.93411,52.4828,3,3,5,13:18,-1,E08000025,4,0,2,1,1,19,"[6, 4]","[2, 8]",0,0,0,1,1,0,0,0,0,2,22
2024201444326,2024,201444326,402027,281659,-1.97161,52.43291,2,2,6,21:39,-1,E08000025,6,0,1,0,1,19,2,6,0,0,0,1,0,0,0,0,1,5,17
2024201444369,2024,201444369,400200,301459,-1.99848,52.61091,3,3,7,07:40,-1,E08000030,4,0,1,0,1,19,4,8,0,0,0,1,0,0,0,0,0,5,18
2024201444389,2024,201444389,409676,285232,-1.85901,52.46495,3,3,5,19:15,-1,E08000025,4,0,1,0,1,"[19, 3]",2,6,0,0,0,1,0,0,0,0,0,5,9
2024201444397,2024,201444397,404440,294712,-1.93595,52.55024,3,3,7,08:54,-1,E08000028,3,0,1,0,1,19,5,1,0,0,0,1,0,0,0,0,1,5,18
2024201444409,2024,201444409,403061,300591,-1.95624,52.6031,3,3,6,10:48,-1,E08000030,6,0,1,0,1,1,3,7,0,0,0,1,0,0,0,0,1,5,10
2024201444439,2024,201444439,401224,297613,-1.98337,52.57633,3,3,2,11:45,-1,E08000030,6,0,1,0,1,"[7, 4]",6,"[8, 2]",0,0,0,1,0,0,0,0,0,5,13
2024201444443,2024,201444443,407303,284453,-1.89395,52.45798,2,"[2, 3]",6,12:47,-1,E08000025,6,2,1,0,1,19,3,7,7,2,0,1,0,0,0,0,0,5,17
2024201444455,2024,201444455,391424,290630,-2.1278,52.51349,3,3,7,11:35,-1,E08000027,4,0,1,0,1,"[13, 19]","[4, 7]","[8, 3]",0,0,0,1,0,1,0,0,0,5,18
2024201444563,2024,201444563,405295,285878,-1.92348,52.47081,3,3,4,14:32,-1,E08000025,4,0,1,0,1,"[5, 19]",2,6,0,0,0,1,0,0,0,0,0,5,15
2024201444569,2024,201444569,404343,277756,-1.9376,52.3978,3,3,7,15:18,-1,E08000025,6,0,1,0,1,19,6,2,0,0,0,1,0,0,0,0,1,5,18
2024201444575,2024,201444575,392761,286401,-2.10801,52.47549,2,2,7,16:05,-1,E08000027,6,0,1,0,1,19,3,7,0,0,0,1,0,0,0,0,1,5,18
2024201444584,2024,201444584,400709,290774,-1.99098,52.51485,3,3,5,16:22,-1,E08000028,6,0,1,0,1,1,1,1,0,0,0,1,0,0,0,0,1,5,16
2024201444603,2024,201444603,404953,292236,-1.92842,52.52797,3,3,7,18:33,-1,E08000025,4,0,1,0,1,19,6,2,0,0,0,1,1,0,0,0,0,5,18
2024201444629,2024,201444629,403640,284575,-1.94786,52.45911,3,3,5,15:30,-1,E08000025,4,0,2,1,1,"[7, 19]","[4, 6]","[6, 2]",0,0,0,1,0,0,0,1,0,5,16
2024201444633,2024,201444633,402243,280507,-1.96844,52.42255,2,2,7,18:19,-1,E08000025,4,0,1,0,1,19,5,1,0,"[1, 0]",0,1,0,1,0,0,0,5,18
2024201444650,2024,201444650,400082,299867,-2.00022,52.5966,3,3,7,18:25,-1,E08000030,6,0,1,0,1,19,1,1,0,0,0,1,0,0,0,0,1,5,18
2024201444662,2024,201444662,408139,286253,-1.8816,52.47415,3,3,7,23:55,-1,E08000025,6,2,1,0,1,7,8,2,0,0,0,1,0,0,0,0,1,5,18
2024201444674,2024,201444674,402981,287013,-1.95754,52.48103,2,"[2, 3]",7,21:23,-1,E08000025,4,2,1,0,1,"[13, 2]","[7, 3]","[3, 7]","[10, 0]",0,0,1,0,0,1,0,0,5,18
2024201444688,2024,201444688,402162,286963,-1.96959,52.48059,2,2,7,22:12,-1,E08000028,3,2,1,0,1,"[9, 7, 19]","[1, 3, 5]","[7, 2, 1]","[0, 10]","[0, 2]",0,1,0,1,0,0,0,5,18
2024201444690,2024,201444690,389843,285338,-2.15093,52.46589,2,2,1,00:36,-1,E08000027,3,2,1,0,1,"[2, 19]","[0, 1]","[0, 5]","[0, 10]",0,0,1,0,0,0,0,0,5,19
2024201444691,2024,201444691,402397,295740,-1.96607,52.55949,2,2,4,18:45,-1,E08000028,6,0,1,0,1,19,"[7, 3]","[3, 5]",0,0,0,1,0,0,0,0,0,5,15
2024201444702,2024,201444702,395668,300391,-2.06539,52.60129,3,3,3,08:45,-1,E08000031,6,0,1,0,1,"[19, 9]","[5, 1]","[3, 6]",0,0,0,1,0,0,0,0,0,3,5
2024201444715,2024,201444715,406860,286575,-1.90043,52.47706,3,3,2,19:30,-1,E08000025,6,0,1,0,1,"[19, 9]","[8, 4]","[4, 2]",0,0,0,1,0,1,0,0,0,5,13
2024201444722,2024,201444722,409442,284223,-1.86248,52.45588,3,3,4,16:50,-1,E08000025,3,0,1,0,1,19,"[2, 1]","[4, 5]",0,0,0,1,0,0,0,0,0,5,15
2024201444753,2024,201444753,404550,283002,-1.93449,52.44496,3,3,7,01:35,-1,E08000025,4,2,1,0,1,"[1, 3]",2,6,0,0,0,1,0,0,0,0,0,5,18
2024201444762,2024,201444762,431847,277912,-1.53337,52.3983,3,3,5,19:30,-1,E08000026,6,0,1,1,1,"[6, 13]",2,"[2, 6]",0,0,0,1,0,1,0,0,0,5,16
2024201444800,2024,201444800,404449,285202,-1.93594,52.46474,3,3,1,13:21,-1,E08000025,4,0,1,0,1,"[19, 5]","[2, 4]",6,0,0,0,1,0,1,0,0,0,5,19
2024201444807,2024,201444807,403168,287669,-1.95478,52.48693,2,2,7,15:00,-1,E08000028,3,0,1,0,1,"[19, 9]","[6, 5]",2,0,0,0,1,0,1,0,0,0,5,18
2024201444814,2024,201444814,398128,296519,-2.02905,52.5665,3,3,4,15:30,-1,E08000030,6,0,1,0,1,19,3,7,0,0,0,1,0,0,0,0,1,5,15
2024201444841,2024,201444841,434579,282094,-1.49279,52.43573,3,3,3,16:00,-1,E08000026,6,0,1,0,1,5,1,5,0,0,0,1,0,0,0,0,0,5,14
2024201444844,2024,201444844,399014,289688,-2.01596,52.50509,3,3,1,16:39,-1,E08000028,6,0,1,0,1,5,3,7,0,0,0,1,0,0,0,0,1,5,19
2024201444897,2024,201444897,413177,283349,-1.80755,52.44795,2,2,7,15:56,-1,E08000025,6,0,1,0,1,19,5,1,"[0, 4]",0,0,1,1,0,0,0,0,5,18
2024201444960,2024,201444960,407717,285606,-1.88783,52.46834,3,3,6,13:57,-1,E08000025,6,0,1,0,1,19,"[4, 8]","[2, 4]",0,0,0,1,0,0,0,0,0,5,17
2024201444974,2024,201444974,391733,302389,-2.12354,52.6192,3,3,6,08:10,-1,E08000031,6,0,1,0,1,19,"[4, 5]","[8, 1]",0,0,0,1,0,1,0,0,0,5,10
2024201444989,2024,201444989,408937,281353,-1.86999,52.43009,3,3,6,19:38,-1,E08000025,3,2,2,1,1,"[3, 19]",7,3,0,0,0,1,0,0,0,0,0,5,10
2024201445001,2024,201445001,410780,279637,-1.84294,52.41463,3,3,1,12:20,-1,E08000025,6,0,1,0,1,"[19, 3]",1,5,0,0,0,1,0,0,0,0,0,5,19
2024201445015,2024,201445015,400477,282202,-1.99441,52.43779,2,"[3, 2]",7,00:11,-1,E08000025,6,2,1,0,1,"[2, 1]","[0, 1]","[0, 5]","[0, 4]",0,0,1,0,0,0,0,0,2,17
2024201445028,2024,201445028,397517,294057,-2.03804,52.54436,2,2,2,08:05,-1,E08000028,3,0,1,0,1,"[19, 9]","[6, 8]","[2, 6]",0,0,0,1,0,1,0,0,0,5,20
2024201445051,2024,201445051,414501,282977,-1.78808,52.44457,2,2,2,15:58,-1,E08000029,6,0,1,-1,1,"[9, 19]",-1,-1,-1,-1,0,1,0,1,0,0,0,5,13
2024201445092,2024,201445092,398114,291471,-2.02923,52.52111,2,2,5,15:20,-1,E08000028,6,0,1,0,1,19,2,8,0,0,0,1,0,0,0,0,1,3,7
2024201445106,2024,201445106,413822,289435,-1.79781,52.50264,2,2,2,00:15,-1,E08000025,3,0,1,0,1,19,4,8,0,0,0,1,0,0,0,0,0,5,20
2024201445120,2024,201445120,401203,281241,-1.98373,52.42915,3,3,6,13:23,-1,E08000025,6,0,1,0,1,"[19, 7]",6,"[2, 8]",0,0,0,1,0,0,0,0,0,5,17
2024201445128,2024,201445128,413087,284851,-1.80881,52.46145,3,3,7,15:55,-1,E08000025,6,0,1,0,1,"[3, 19]",5,1,0,0,0,1,0,0,0,0,0,5,18
2024201445201,2024,201445201,398115,294720,-2.02923,52.55032,2,"[3, 2]",7,11:00,-1,E08000028,3,0,1,0,1,7,3,5,0,0,0,1,0,0,1,0,0,5,18
2024201445217,2024,201445217,413498,276762,-1.80309,52.38872,3,3,1,10:23,-1,E08000029,3,0,1,0,1,"[9, 19]",8,4,0,0,0,1,0,0,0,0,0,5,19
2024201445230,2024,201445230,410721,292282,-1.8434,52.52831,3,3,7,19:15,-1,E08000025,6,0,1,0,1,"[9, 7]",1,"[7, 3]",0,0,0,1,0,0,0,1,0,5,18
2024201445456,2024,201445456,412008,278865,-1.82491,52.40766,2,2,3,09:50,-1,E08000029,3,0,1,0,1,19,4,8,0,0,0,1,0,0,0,0,1,5,21
2024201445608,2024,201445608,414753,283335,-1.78436,52.44778,2,2,1,13:30,-1,E08000029,4,0,1,0,1,"[19, 7]","[4, 1]",8,0,0,0,1,1,0,0,0,0,5,19
2024201445743,2024,201445743,397106,288266,-2.04405,52.4923,2,"[3, 2]",3,16:50,-1,E08000028,6,0,1,0,1,"[19, 9]","[8, 6]",4,0,0,0,1,0,1,0,0,0,5,21
2024201445744,2024,201445744,405760,289425,-1.91657,52.5027,2,2,4,16:45,-1,E08000025,4,0,1,0,1,19,2,6,0,0,0,1,0,0,0,0,1,5,1
2024201445801,2024,201445801,404311,289182,-1.93792,52.50052,3,3,3,23:24,-1,E08000025,3,2,2,1,1,"[7, 19]","[7, 5]",1,"[10, 0]",0,0,1,0,0,0,0,0,5,21
2024201445808,2024,201445808,397976,292707,-2.03127,52.53223,2,2,3,22:05,-1,E08000028,3,2,2,1,1,"[5, 19]","[4, 8]","[8, 4]","[10, 0]","[6, 0]",0,1,0,0,0,0,0,5,21
2024201445832,2024,201445832,394739,294984,-2.07902,52.55267,2,2,1,18:15,-1,E08000027,6,0,1,0,1,5,1,5,0,0,0,1,0,0,0,0,1,5,19
2024201445872,2024,201445872,394910,286338,-2.07637,52.47495,3,3,6,15:25,-1,E08000028,3,0,8,0,1,19,2,6,0,0,0,1,0,0,0,0,1,3,8
2024201445879,2024,201445879,410352,290993,-1.84888,52.51672,3,3,2,08:15,-1,E08000025,3,0,1,0,1,"[4, 3]",2,6,0,0,0,1,0,0,0,0,0,5,20
2024201445890,2024,201445890,411359,290413,-1.83406,52.51149,2,2,7,01:39,-1,E08000025,3,2,8,0,1,"[9, 19]","[2, 1]","[8, 5]",0,0,0,1,0,0,1,0,0,4,6
2024201445989,2024,201445989,391139,299078,-2.13223,52.58943,2,2,4,08:09,-1,E08000031,6,0,2,1,1,"[7, 19]","[3, 6]","[6, 2]",0,0,0,1,1,0,0,0,0,5,22
2024201446055,2024,201446055,392942,289445,-2.10541,52.50286,2,"[3, 2]",2,17:55,-1,E08000027,3,0,1,0,1,19,"[4, 7]","[2, 3]",0,0,0,1,0,0,0,0,0,5,20
2024201446137,2024,201446137,409645,289028,-1.85935,52.49907,3,3,3,10:00,-1,E08000025,3,0,1,0,1,"[19, 5]",2,6,0,0,0,1,1,0,0,0,0,5,14
2024201446193,2024,201446193,394229,295616,-2.08656,52.55835,2,2,4,12:17,-1,E08000031,3,0,2,1,1,"[9, 19]","[2, 1]","[8, 5]",0,0,0,1,0,0,0,0,0,5,22
2024201446207,2024,201446207,391615,298725,-2.12519,52.58626,3,3,1,04:24,-1,E08000031,6,2,9,0,1,"[1, 2]","[3, 0]","[3, 0]","[4, 0]",0,0,1,0,0,0,0,0,5,19
2024201446227,2024,201446227,394474,296075,-2.08295,52.56248,3,3,6,07:46,-1,E08000031,3,0,1,0,1,19,"[5, 8]","[3, 2]",0,0,0,1,0,0,0,0,0,5,10
2024201446237,2024,201446237,413012,278377,-1.81017,52.40325,2,"[2, 3]",6,14:45,-1,E08000029,6,0,1,0,1,"[2, 1, 19]","[0, 4, 8]","[0, 6, 8, 4]","[0, 7]",0,0,1,0,0,0,0,1,4,5
2024201446307,2024,201446307,415173,283739,-1.77816,52.4514,3,3,3,08:20,-1,E08000025,3,0,1,0,1,"[11, 19]",3,7,0,0,0,1,0,0,1,0,0,5,21
2024201446418,2024,201446418,391473,283575,-2.12689,52.45007,3,3,2,15:20,-1,E08000027,3,0,1,0,1,19,5,1,0,0,0,1,0,0,0,0,1,5,20
2024201446424,2024,201446424,410715,291693,-1.84351,52.52301,3,3,4,14:08,-1,E08000025,3,0,2,1,1,19,5,2,0,0,0,1,0,0,0,0,1,5,22
2024201446462,2024,201446462,390566,298641,-2.14067,52.58549,3,3,4,16:20,-1,E08000031,3,0,2,1,1,19,3,8,0,0,0,1,0,0,0,0,1,5,22
2024201446836,2024,201446836,398050,294423,-2.03019,52.54765,3,3,7,04:00,-1,E08000028,3,2,2,1,1,9,3,8,10,1,4,1,0,0,0,0,0,5,18
2024201447044,2024,201447044,398852,292238,-2.01835,52.52801,3,3,7,14:17,-1,E08000028,6,0,1,0,1,19,"[8, 7]","[2, 3]",0,0,0,1,0,0,0,0,0,4,27
2024201447126,2024,201447126,405014,286001,-1.92762,52.47192,3,3,5,08:20,-1,E08000025,3,0,1,0,1,"[9, 5]","[2, 7]","[5, 3]",0,0,0,1,0,0,0,0,0,5,23
2024201447141,2024,201447141,411905,288044,-1.8261,52.49018,3,3,5,10:05,-1,E08000025,6,0,1,0,1,"[4, 19]",7,3,0,0,0,1,0,0,0,0,0,5,23