collision_index,collision_year,collision_ref_no,location_easting_osgr,location_northing_osgr,longitude,latitude,casualty_severity,casualty_severity,day_of_week,time,local_authority_district,local_authority_ons_district,first_road_class,light_conditions,weather_conditions,road_surface_conditions,urban_or_rural_area,vehicle_manoeuvre,vehicle_direction_from,vehicle_direction_to,hit_object_in_carriageway,vehicle_leaving_carriageway,hit_object_off_carriageway,is_car,is_cyle,is_mcyle,is_goodsv,is_other,is_pedestrian,month,day
2024201447178,2024,201447178,411077,292024,-1.83816,52.52598,3,3,3,12:00,-1,E08000025,3,0,1,0,1,19,"[6, 8]","[2, 4]",0,0,0,1,0,0,0,0,0,5,21
2024201447182,2024,201447182,405313,287550,-1.92319,52.48584,3,3,5,10:33,-1,E08000025,6,0,1,0,1,"[9, 19]","[4, 7]",4,0,0,0,1,1,0,0,0,0,5,23
2024201447199,2024,201447199,389012,300094,-2.16366,52.59852,2,2,5,08:48,-1,E08000031,3,0,1,0,1,"[19, 5]","[8, 2]","[4, 6]",0,0,0,1,0,0,0,0,0,5,23
2024201447201,2024,201447201,392231,285124,-2.11578,52.464,3,3,4,14:15,-1,E08000027,3,0,2,1,1,"[19, 7]","[5, 7]",1,0,0,0,1,0,0,0,0,0,5,22
2024201447211,2024,201447211,401791,298781,-1.975,52.58683,3,3,2,10:15,-1,E08000030,6,0,1,0,1,19,1,4,0,0,0,1,0,0,0,0,1,5,13
2024201447216,2024,201447216,400123,301777,-1.99962,52.61377,2,2,5,12:21,-1,E08000030,6,0,1,0,1,"[9, 13]",2,6,0,0,0,1,0,0,0,0,0,5,23
2024201447224,2024,201447224,407377,282445,-1.89291,52.43993,3,3,3,10:50,-1,E08000025,3,0,1,0,1,"[9, 19]","[8, 4]","[5, 2]",0,0,0,1,0,0,0,0,0,5,14
2024201447239,2024,201447239,403872,287668,-1.94441,52.48692,3,3,5,11:22,-1,E08000025,3,0,1,0,1,"[14, 5]","[8, 1]","[4, 2]",0,0,0,1,0,0,0,0,0,5,23
2024201447285,2024,201447285,433131,278122,-1.51448,52.40011,3,3,5,13:25,-1,E08000026,6,0,1,0,1,"[2, 19]","[0, 3]","[0, 7]","[4, 0]",0,0,1,0,0,0,0,0,5,23
2024201447318,2024,201447318,434660,281136,-1.4917,52.42712,3,3,7,23:50,-1,E08000026,4,2,1,0,1,"[19, 5]","[6, 2]","[2, 6]",0,0,0,1,0,0,0,0,0,5,18
2024201447333,2024,201447333,401211,280013,-1.98362,52.41811,2,2,5,16:38,-1,E08000025,6,0,1,0,1,19,6,2,0,0,0,1,0,0,0,0,1,5,23
2024201447501,2024,201447501,405115,289301,-1.92608,52.50159,3,3,5,19:26,-1,E08000025,3,0,1,0,1,"[9, 19]",4,"[2, 8]",0,0,0,1,1,0,0,0,0,5,23
2024201447516,2024,201447516,407212,290041,-1.89517,52.50822,3,3,5,21:38,-1,E08000025,6,2,1,0,1,5,3,7,10,1,11,1,0,0,0,0,1,5,23
2024201447549,2024,201447549,410548,291789,-1.84597,52.52388,3,3,1,19:30,-1,E08000025,6,0,1,0,1,"[2, 1]","[0, 5]","[0, 1]",0,0,0,0,0,1,0,1,0,5,19
2024201447555,2024,201447555,411695,292855,-1.82902,52.53344,2,"[3, 2]",6,06:37,-1,E08000025,3,0,1,0,1,"[19, 9]","[7, 5]","[4, 1]","[10, 0]","[3, 0]","[2, 0]",1,0,0,0,0,0,5,24
2024201447561,2024,201447561,404468,287635,-1.93563,52.48662,3,3,5,13:48,-1,E08000025,3,0,1,0,1,"[9, 19]","[5, 3]","[2, 3, 7]",0,0,0,1,0,0,0,0,0,5,23
2024201447568,2024,201447568,411223,283017,-1.83631,52.445,3,3,3,12:15,-1,E08000025,6,0,1,0,1,"[2, 19]","[0, 4]","[0, 8]","[0, 8]",0,0,1,1,0,0,0,0,5,21
2024201447681,2024,201447681,412929,287687,-1.81103,52.48695,3,3,3,00:15,-1,E08000025,3,2,1,0,1,19,8,4,0,0,0,0,0,0,0,1,1,5,14
2024201447740,2024,201447740,407809,293548,-1.88629,52.53974,3,3,6,13:32,-1,E08000025,4,0,1,0,1,"[19, 10]",1,"[7, 2]",0,0,0,1,0,0,0,0,0,5,24
2024201447744,2024,201447744,402189,286009,-1.9692,52.47201,3,3,6,12:29,-1,E08000028,3,0,1,0,1,19,6,2,0,0,0,1,0,0,0,0,1,5,24
2024201447758,2024,201447758,400075,297759,-2.00033,52.57765,3,3,6,12:30,-1,E08000030,3,0,1,0,1,"[3, 19]",6,"[8, 2]",0,0,0,1,0,0,0,0,0,5,24
2024201447765,2024,201447765,410190,282295,-1.85153,52.43853,3,3,7,15:20,-1,E08000025,6,0,1,0,1,"[9, 15]",6,"[4, 2]",0,0,0,1,0,0,0,0,0,5,18
2024201447766,2024,201447766,409588,288154,-1.86022,52.49122,2,2,6,20:30,-1,E08000025,4,2,1,-1,1,19,-1,-1,0,0,0,0,0,0,1,0,0,5,3
2024201447767,2024,201447767,398218,296774,-2.02772,52.56879,2,"[2, 3]",5,15:30,-1,E08000030,3,0,1,0,1,"[9, 19]","[1, 6]","[6, 2]",0,0,0,1,0,0,0,0,0,5,23
2024201447955,2024,201447955,411807,296513,-1.82724,52.56632,3,3,7,03:15,-1,E08000025,6,2,1,0,1,19,"[6, 2]","[2, 6]",0,0,0,1,0,0,0,0,0,5,25
2024201447992,2024,201447992,402724,287609,-1.96131,52.48639,2,2,4,21:20,-1,E08000028,3,2,2,1,1,"[9, 19]","[6, 2]","[5, 6]","[10, 0]","[1, 0]",0,1,0,0,0,1,0,5,22
2024201447994,2024,201447994,388574,288499,-2.16972,52.49428,3,3,6,10:58,-1,E08000027,6,0,1,0,1,19,6,2,0,0,0,1,0,0,0,0,1,5,24
2024201448001,2024,201448001,392992,294303,-2.10477,52.54653,3,3,5,16:50,-1,E08000031,6,0,1,0,1,1,2,6,0,0,0,1,0,0,0,0,1,5,23
2024201448014,2024,201448014,411092,291881,-1.83794,52.52469,2,2,7,09:01,-1,E08000025,4,0,1,0,1,"[19, 7]","[8, 4]","[4, 8]",0,0,0,1,1,0,0,0,0,5,25
2024201448023,2024,201448023,400478,292943,-1.99438,52.53435,2,2,3,08:01,-1,E08000028,6,0,1,1,1,"[19, 3]","[6, 2]","[2, 6]",0,0,0,1,0,0,0,0,0,5,21
2024201448056,2024,201448056,403712,287696,-1.94676,52.48717,3,3,6,19:52,-1,E08000025,4,0,1,0,1,19,1,5,0,0,0,1,0,0,0,0,1,5,24
2024201448066,2024,201448066,393814,298063,-2.09272,52.58034,3,3,5,08:47,-1,E08000031,6,0,2,1,1,1,4,8,0,0,0,1,0,0,0,0,1,5,16
2024201448069,2024,201448069,411616,286504,-1.83041,52.47634,3,3,5,08:40,-1,E08000025,6,0,1,0,1,5,5,1,0,0,0,1,0,0,0,0,1,5,23
2024201448070,2024,201448070,404882,292606,-1.92946,52.5313,2,2,3,15:20,-1,E08000028,4,0,1,0,1,14,5,1,0,0,0,1,0,0,0,0,1,5,14
2024201448082,2024,201448082,403229,279070,-1.95396,52.40962,2,2,7,12:51,-1,E08000025,6,0,1,0,1,"[2, 19]","[0, 3]","[0, 7]",4,"[0, 1]","[0, 4]",1,0,0,0,0,0,5,25
2024201448086,2024,201448086,399052,293903,-2.01541,52.54298,2,2,4,16:05,-1,E08000028,3,0,1,0,1,"[9, 19]","[8, 4]","[6, 8]",0,0,0,1,1,0,0,0,0,5,22
2024201448114,2024,201448114,410741,288435,-1.84323,52.49372,3,3,7,16:24,-1,E08000025,6,0,1,0,1,19,5,1,0,0,0,1,0,0,0,0,0,5,18
2024201448163,2024,201448163,401029,287855,-1.98627,52.48861,3,3,7,18:10,-1,E08000028,6,0,1,0,1,"[19, 9]","[2, 4]","[6, 2]",0,0,0,1,0,0,0,0,1,5,25
2024201448169,2024,201448169,411498,283010,-1.83226,52.44494,3,3,7,17:00,-1,E08000025,3,0,1,0,1,19,2,6,0,0,0,1,0,0,0,0,1,5,25
2024201448177,2024,201448177,401157,277635,-1.98442,52.39673,2,2,6,13:40,-1,E08000025,6,0,1,0,1,"[9, 15]",7,"[5, 3]",0,0,0,1,0,1,0,0,0,5,24
2024201448252,2024,201448252,400458,282102,-1.99469,52.43689,2,2,7,21:20,-1,E08000025,6,0,1,0,1,19,"[2, 6]","[6, 2]",0,0,0,1,0,1,0,0,0,5,25
2024201448256,2024,201448256,419119,280726,-1.72027,52.42419,3,3,7,20:00,-1,E08000029,1,0,1,0,2,-1,"[5, 6]",2,0,0,0,1,0,0,0,0,0,5,25
2024201448302,2024,201448302,393158,291451,-2.10227,52.52089,3,3,5,15:00,-1,E08000027,3,0,1,0,1,"[1, 2]","[6, 0]","[2, 0]","[4, 0]","[1, 0]",0,1,0,0,0,0,0,5,23
2024201448324,2024,201448324,412820,295862,-1.81232,52.56044,3,3,1,06:22,-1,E08000025,6,0,2,1,1,19,1,4,0,1,1,1,0,0,0,0,0,5,26
2024201448361,2024,201448361,397688,290508,-2.0355,52.51246,3,3,5,16:40,-1,E08000028,3,0,1,1,1,"[3, 19]",8,4,0,0,0,1,0,0,0,0,0,5,23
2024201448371,2024,201448371,407109,292342,-1.89664,52.5289,3,3,4,08:01,-1,E08000025,1,0,1,0,1,"[19, 3]",4,8,0,0,0,1,0,0,0,0,0,5,22
2024201448373,2024,201448373,404427,294981,-1.93614,52.55266,3,3,4,08:01,-1,E08000028,1,0,2,1,1,"[3, 19]",7,3,0,0,0,1,0,0,0,0,0,5,22
2024201448441,2024,201448441,389409,297530,-2.15771,52.57548,3,3,5,10:00,-1,E08000031,6,0,1,0,1,5,1,7,0,0,0,1,0,0,0,0,1,5,23
2024201448459,2024,201448459,407669,281851,-1.88862,52.43458,3,3,1,13:40,-1,E08000025,6,0,1,0,1,"[19, 2]","[3, 0]","[7, 0]","[4, 0]",0,0,1,0,0,0,0,0,5,26
2024201448483,2024,201448483,395247,293560,-2.07151,52.53988,3,3,1,16:18,-1,E08000028,3,0,2,1,1,"[3, 19]","[2, 1]","[6, 4, 2]",0,0,0,1,0,0,0,0,0,5,26
2024201448486,2024,201448486,432547,280746,-1.52281,52.42374,3,3,6,15:25,-1,E08000026,4,0,1,0,1,"[19, 7]",8,"[4, 2]",0,0,0,1,0,0,0,0,0,5,24
2024201448497,2024,201448497,396918,291955,-2.04686,52.52546,2,"[2, 3]",1,18:20,-1,E08000028,3,0,1,0,1,"[19, 5]","[6, 1]","[2, 6]",0,0,0,1,0,0,0,0,0,5,26
2024201448551,2024,201448551,407435,280418,-1.8921,52.4217,3,3,1,20:05,-1,E08000025,3,0,2,1,1,19,"[6, 5]","[2, 1]",0,0,0,1,0,0,0,0,0,5,26
2024201448593,2024,201448593,398126,292633,-2.02906,52.53156,3,3,4,13:05,-1,E08000028,3,0,2,1,1,"[3, 19]",3,7,0,0,0,1,0,0,1,0,0,5,22
2024201448605,2024,201448605,434293,283093,-1.4969,52.44473,3,3,2,08:35,-1,E08000026,3,0,1,0,1,"[5, 4]",1,5,0,0,0,1,0,0,0,0,1,5,27
2024201448629,2024,201448629,395515,286407,-2.06746,52.47557,3,3,4,07:50,-1,E08000028,6,0,1,0,1,"[15, 3]",2,6,0,0,0,1,0,0,0,1,1,5,15
2024201448630,2024,201448630,399030,292338,-2.01573,52.52891,3,3,4,15:30,-1,E08000028,4,0,2,1,1,"[3, 19]",3,7,0,0,0,1,0,0,0,0,0,5,22
2024201448632,2024,201448632,406590,289430,-1.90435,52.50273,3,3,3,23:35,-1,E08000025,4,2,2,1,1,9,1,7,0,0,0,1,0,0,0,0,1,5,21
2024201448634,2024,201448634,435263,280096,-1.48294,52.41773,3,3,3,11:00,-1,E08000026,6,0,9,0,1,"[9, 19]","[5, 1]","[3, 5]",0,0,0,1,0,0,0,1,0,5,21
2024201448635,2024,201448635,415257,280743,-1.77706,52.42446,3,3,3,08:30,-1,E08000029,4,0,1,0,1,19,1,5,0,0,0,1,0,0,0,0,1,5,21
2024201448637,2024,201448637,407106,290745,-1.89672,52.51455,3,3,1,15:38,-1,E08000025,6,0,1,0,1,"[19, 5]",5,1,"[0, 10]","[0, 1]",0,1,0,0,0,0,0,3,3
2024201448643,2024,201448643,398828,282806,-2.01867,52.44322,3,3,3,10:30,-1,E08000027,6,0,1,0,2,"[7, 19]","[1, 3]","[3, 7]",0,0,0,1,0,0,0,0,0,5,21
2024201448680,2024,201448680,407840,284261,-1.88605,52.45625,3,3,1,04:53,-1,E08000025,3,0,2,1,1,"[9, 15]",2,"[7, 6]",0,0,0,1,0,0,0,0,0,5,26
2024201448689,2024,201448689,435821,280214,-1.47472,52.41875,3,3,2,16:00,-1,E08000026,6,0,8,0,1,"[2, 19]","[0, 8]","[0, 4]",0,0,0,1,0,0,0,0,0,5,27
2024201448691,2024,201448691,405948,279031,-1.91399,52.40925,3,3,1,14:06,-1,E08000025,6,0,1,0,1,"[9, 13]",3,7,0,0,0,1,0,0,0,0,0,5,19
2024201448706,2024,201448706,408833,285719,-1.8714,52.46934,3,3,5,23:15,-1,E08000025,3,2,1,0,1,19,4,8,0,0,0,1,0,0,0,0,0,5,23
2024201448729,2024,201448729,402173,287051,-1.96943,52.48138,3,3,2,20:00,-1,E08000028,3,0,1,0,1,19,5,1,0,0,0,1,0,0,0,0,1,5,27
2024201448738,2024,201448738,393258,295227,-2.10087,52.55484,3,3,2,18:15,-1,E08000031,3,0,1,0,1,"[19, 9]","[4, 8]","[8, 5]",0,0,0,1,0,0,0,0,0,5,27
2024201448750,2024,201448750,412915,287796,-1.81123,52.48793,2,2,5,15:42,-1,E08000025,3,0,1,0,1,"[11, 19]",8,"[6, 4]",0,0,0,1,0,1,0,0,0,2,29
2024201448765,2024,201448765,404096,298918,-1.94097,52.58805,3,3,2,16:45,-1,E08000030,6,0,2,1,2,19,5,1,"[0, 10]","[0, 1]","[0, 1]",1,0,0,0,0,0,5,27
2024201448771,2024,201448771,399776,291958,-2.00473,52.5255,3,3,2,23:45,-1,E08000028,3,2,1,0,1,19,"[7, 3]","[7, 6]",0,0,0,1,0,0,0,0,0,5,27
2024201448809,2024,201448809,409286,290520,-1.8646,52.51249,3,3,7,05:23,-1,E08000025,1,0,1,0,1,-1,8,4,0,0,0,1,0,0,0,0,0,5,25
2024201448812,2024,201448812,404678,289453,-1.93251,52.50296,2,2,3,21:00,-1,E08000025,3,0,1,0,1,19,8,4,10,1,0,1,0,0,0,0,1,4,30
2024201448832,2024,201448832,412584,289783,-1.81603,52.5058,2,"[3, 2]",5,09:45,-1,E08000025,6,0,1,0,1,19,3,7,0,0,0,1,0,0,0,0,1,5,2
2024201448837,2024,201448837,409669,299877,-1.85869,52.5966,3,3,2,13:12,-1,E08000025,4,0,1,1,1,"[4, 19]",2,6,0,0,0,1,0,0,0,0,0,5,27
2024201448859,2024,201448859,403950,285729,-1.94328,52.46948,3,3,3,16:57,-1,E08000025,4,0,1,0,1,"[9, 5]","[7, 5]","[5, 1]","[10, 0]","[1, 0]",0,1,0,0,0,0,0,4,9
2024201448895,2024,201448895,406819,285515,-1.90105,52.46753,3,3,7,03:40,-1,E08000025,3,2,1,0,1,"[19, 3]",2,6,0,0,0,1,0,0,0,0,0,5,25
2024201448947,2024,201448947,405603,289349,-1.91889,52.50201,3,3,2,02:00,-1,E08000025,4,2,1,0,1,"[5, 19]",5,1,0,0,0,1,0,0,0,0,0,5,27
2024201448959,2024,201448959,407871,301414,-1.8852,52.61045,3,3,1,11:08,-1,E08000030,3,0,2,1,2,"[5, 13]","[6, 2]","[4, 6]",0,0,0,1,0,0,0,0,0,5,26
2024201448996,2024,201448996,408401,287014,-1.87773,52.48099,3,3,3,12:00,-1,E08000025,3,0,1,0,1,19,4,8,0,0,0,1,0,0,0,0,0,5,28
2024201449002,2024,201449002,409715,290117,-1.85829,52.50886,3,3,1,00:15,-1,E08000025,2,2,1,0,1,19,8,4,0,0,0,1,0,0,0,0,0,5,26
2024201449011,2024,201449011,394505,291857,-2.08242,52.52456,3,3,3,09:07,-1,E08000027,3,0,1,1,1,19,"[1, 4]","[4, 5]",0,0,0,1,0,0,0,0,0,5,28
2024201449078,2024,201449078,408676,298466,-1.87338,52.58393,3,3,2,19:30,-1,E08000030,4,0,1,0,1,19,"[2, 6]","[6, 2]",0,0,0,1,0,0,0,0,0,5,27
2024201449094,2024,201449094,401703,298516,-1.9763,52.58445,3,3,5,10:25,-1,E08000030,6,0,1,0,1,19,2,6,0,0,0,1,0,0,0,0,1,5,23
2024201449143,2024,201449143,410687,291620,-1.84392,52.52236,2,2,3,00:17,-1,E08000025,3,2,1,0,1,5,2,6,0,0,0,1,0,0,0,0,1,5,28
2024201449188,2024,201449188,411992,288846,-1.82479,52.49739,3,3,7,22:20,-1,E08000025,3,2,8,1,1,"[19, 9]","[2, 8]","[6, 4]",0,0,0,1,0,0,0,0,0,5,18
2024201449217,2024,201449217,403383,289236,-1.95159,52.50102,3,3,3,12:00,-1,E08000028,4,0,2,1,1,"[3, 19, 10]",6,"[2, 4]",0,0,0,1,0,0,0,0,0,5,28
2024201449221,2024,201449221,410421,290136,-1.84789,52.50902,3,3,4,16:50,-1,E08000025,3,0,1,0,1,19,"[7, 8]","[3, 4]","[0, 10]","[0, 1]",0,1,0,0,1,0,0,5,8
2024201449228,2024,201449228,413028,290332,-1.80947,52.51073,3,3,3,18:57,-1,E08000025,3,0,1,0,2,"[19, 3]",6,2,0,0,0,1,0,0,0,0,0,5,28
2024201449362,2024,201449362,408409,290957,-1.87751,52.51643,3,3,3,07:21,-1,E08000025,6,0,2,1,1,19,"[8, 2]","[4, 6]",0,0,0,1,0,0,0,0,0,3,12
2024201449407,2024,201449407,414400,294525,-1.78907,52.54839,3,3,4,11:10,-1,E08000025,6,0,1,0,1,19,1,5,7,0,0,1,0,0,0,0,0,5,29
2024201449422,2024,201449422,435440,281839,-1.48015,52.43339,3,3,7,21:39,-1,E08000026,4,2,8,1,1,"[3, 4]",6,2,0,0,0,1,0,0,0,0,0,3,16
2024201449461,2024,201449461,401523,278526,-1.97904,52.40474,3,3,4,08:50,-1,E08000025,3,0,1,0,1,19,1,6,0,4,4,0,0,1,0,0,0,5,29
2024201449480,2024,201449480,407978,295161,-1.88376,52.55423,2,2,6,18:00,-1,E08000025,4,0,1,0,1,"[14, 2]","[1, 0]","[5, 0]","[8, 0]",0,0,0,0,0,0,1,0,5,24
2024201449649,2024,201449649,399800,301975,-2.00439,52.61555,3,3,4,23:00,-1,E08000030,3,2,1,0,1,19,5,1,0,0,0,1,0,0,0,0,1,5,29
2024201449698,2024,201449698,408606,284591,-1.87477,52.4592,2,2,7,20:21,-1,E08000025,3,2,1,0,1,19,8,4,0,0,0,0,0,0,1,0,1,3,23
2024201449721,2024,201449721,407467,285809,-1.89151,52.47017,3,3,2,02:11,-1,E08000025,6,2,1,0,1,19,"[2, 4]","[6, 8]",0,0,0,1,0,0,0,0,0,5,27
2024201449760,2024,201449760,434599,282360,-1.49247,52.43812,3,3,7,11:30,-1,E08000026,4,0,1,0,1,"[19, 3]",2,6,0,0,0,1,0,0,0,0,0,5,25
2024201449766,2024,201449766,404848,292712,-1.92996,52.53225,3,3,4,14:28,-1,E08000025,4,0,1,0,1,"[19, 9]","[8, 4]",2,0,0,0,1,0,0,0,0,0,5,29
2024201449791,2024,201449791,409946,289362,-1.85491,52.50207,3,3,7,16:42,-1,E08000025,3,0,1,0,1,"[15, 19]",7,3,0,"[1, 0]",0,1,0,0,0,0,0,5,25
2024201449841,2024,201449841,408628,294647,-1.87419,52.5496,3,3,5,11:09,-1,E08000025,6,0,1,0,1,"[2, 1]","[0, 5]","[0, 1]","[0, 8]",0,0,1,0,0,0,0,0,5,30
2024201449856,2024,201449856,407395,282322,-1.89264,52.43882,2,2,6,16:00,-1,E08000025,3,0,1,0,1,"[1, 19]","[1, 5]","[5, 1]",0,0,0,1,0,0,0,1,0,5,24
2024201449907,2024,201449907,409324,284074,-1.86422,52.45454,2,"[3, 2]",4,08:00,-1,E08000025,4,0,1,0,1,"[19, 5]","[1, 5]","[2, 8]",0,0,0,1,0,0,0,0,0,5,29
2024201449927,2024,201449927,405410,287693,-1.92176,52.48713,3,3,5,13:41,-1,E08000025,6,0,1,0,1,19,"[6, 4]","[2, 8]",0,0,0,1,0,0,0,0,0,5,30
2024201450000,2024,201450000,414224,284137,-1.79211,52.455,2,2,5,14:20,-1,E08000025,3,0,1,0,1,12,8,4,0,0,0,1,0,0,0,0,1,5,30
2024201450069,2024,201450069,399935,290103,-2.00239,52.50882,3,3,5,21:30,-1,E08000028,3,2,2,1,1,19,7,3,0,0,0,1,0,0,0,0,1,5,30
2024201450072,2024,201450072,436199,280411,-1.46914,52.4205,3,3,5,19:04,-1,E08000026,6,0,2,1,1,19,2,"[6, 4]",0,0,0,1,0,1,0,0,0,5,30
2024201450074,2024,201450074,412564,288067,-1.81639,52.49037,3,3,7,06:54,-1,E08000025,3,0,1,0,1,"[2, 19]","[0, 4]","[0, 8]","[0, 4]",0,0,1,0,0,0,0,0,5,25
2024201450097,2024,201450097,403171,288423,-1.95472,52.49371,3,3,5,23:40,-1,E08000028,4,2,2,1,1,19,2,6,0,0,0,0,0,1,0,0,0,5,30
2024201450123,2024,201450123,410221,288009,-1.8509,52.4899,3,3,5,13:20,-1,E08000025,4,0,1,0,1,19,5,1,0,0,0,1,0,0,0,0,1,5,30
2024201450143,2024,201450143,398800,284481,-2.01909,52.45828,2,2,6,15:37,-1,E08000027,4,0,1,0,1,19,6,2,0,0,0,0,0,0,1,0,1,2,2
2024201450160,2024,201450160,406834,286313,-1.90082,52.47471,2,2,7,05:14,-1,E08000025,4,0,1,0,1,19,2,8,0,0,0,1,0,0,0,0,1,3,16
2024201450165,2024,201450165,433567,281136,-1.50777,52.42718,3,3,2,16:55,-1,E08000026,6,0,2,1,1,19,"[4, 2]","[2, 4]","[10, 0]","[1, 0]",0,1,0,1,0,0,0,5,27
2024201450220,2024,201450220,409565,293351,-1.86041,52.53794,3,3,5,08:53,-1,E08000025,6,0,1,0,1,"[19, 6]","[6, 2]",2,0,0,0,1,0,0,0,0,0,3,21
2024201450241,2024,201450241,398093,301401,-2.0296,52.61038,3,3,3,15:49,-1,E08000030,6,0,1,0,1,19,"[4, 2]","[2, 4]",0,0,0,1,0,0,0,0,0,3,12
2024201450244,2024,201450244,398711,295275,-2.02044,52.55531,2,2,4,14:15,-1,E08000028,6,0,1,0,1,1,2,6,0,0,0,1,0,0,0,0,1,5,29
2024201450250,2024,201450250,409782,284081,-1.85748,52.4546,3,3,2,02:30,-1,E08000025,3,2,1,0,1,19,"[4, 8]","[8, 4]",0,0,0,1,0,0,0,0,0,5,27
2024201450278,2024,201450278,415525,285381,-1.77291,52.46615,3,3,1,14:05,-1,E08000025,6,0,1,0,1,19,2,6,10,1,10,1,0,0,0,0,1,5,5
2024201450289,2024,201450289,400520,283954,-1.99378,52.45354,3,3,5,15:36,-1,E08000025,6,0,1,0,1,19,8,2,0,0,0,1,0,0,0,0,1,1,18
2024201450401,2024,201450401,409429,280559,-1.86277,52.42294,3,3,5,15:06,-1,E08000025,6,0,1,0,1,"[10, 19]","[6, 8]","[4, 3]",0,0,0,1,0,0,0,1,0,5,30
2024201450412,2024,201450412,406783,285418,-1.90158,52.46666,3,3,5,17:04,-1,E08000025,3,0,1,0,1,19,5,1,0,0,0,1,0,0,0,0,0,5,30
2024201450436,2024,201450436,413031,285397,-1.80962,52.46636,3,3,6,14:45,-1,E08000025,6,0,1,0,1,19,6,2,0,0,0,1,0,0,0,0,1,5,31
2024201450464,2024,201450464,395639,296088,-2.06576,52.56261,3,3,2,22:57,-1,E08000031,3,2,2,1,1,"[19, 5]","[2, 8]","[6, 4]",0,0,0,1,0,0,1,0,0,5,13
2024201450492,2024,201450492,400201,289751,-1.99847,52.50566,3,3,6,19:55,-1,E08000028,1,0,1,0,1,19,2,6,0,0,0,1,0,0,0,0,0,5,31
2024201450592,2024,201450592,405036,284356,-1.92732,52.45713,3,3,5,16:20,-1,E08000025,6,0,1,0,1,5,3,4,0,0,0,1,0,0,0,0,1,5,30
2024201450606,2024,201450606,399829,277163,-2.00394,52.39249,3,3,4,23:15,-1,E08000025,6,2,1,0,1,"[9, 19]",5,"[2, 1]",0,0,0,1,0,0,0,0,0,5,29
2024201450614,2024,201450614,400112,289215,-1.99978,52.50084,3,3,3,19:37,-1,E08000028,6,0,1,1,1,"[19, 7]","[4, 2]","[8, 4]",0,"[3, 1]",0,1,0,0,0,0,0,5,28
2024201450616,2024,201450616,406394,279922,-1.90741,52.41726,3,3,5,19:00,-1,E08000025,6,0,1,0,1,5,6,2,0,0,0,1,0,0,0,0,1,5,30
2024201450652,2024,201450652,411145,290901,-1.8372,52.51588,3,3,6,18:16,-1,E08000025,3,0,1,0,1,19,"[4, 7]","[8, 3]",0,0,0,1,0,0,0,0,0,5,31
2024201450654,2024,201450654,407991,291904,-1.88365,52.52495,3,3,5,18:30,-1,E08000025,6,0,1,0,1,"[5, 14]",5,1,0,0,0,1,1,0,0,0,0,5,30
2024201450664,2024,201450664,417156,276897,-1.74933,52.38983,2,2,7,09:36,-1,E08000029,6,0,1,0,1,19,1,5,10,7,11,1,0,0,0,0,0,6,1
2024201450686,2024,201450686,423751,277841,-1.65236,52.39807,3,3,4,12:20,-1,E08000029,6,0,8,0,2,19,6,2,0,0,0,1,0,0,0,0,1,5,29
2024201450750,2024,201450750,400733,302904,-1.99061,52.6239,3,3,7,17:48,-1,E08000030,6,0,1,0,1,19,"[8, 5]","[4, 8]",0,0,0,1,0,0,0,0,0,6,1
2024201450753,2024,201450753,394138,291439,-2.08782,52.5208,2,2,7,20:20,-1,E08000027,3,0,1,0,1,"[10, 19, 3]",5,"[3, 1]",0,0,0,1,0,0,0,0,0,6,1
2024201450782,2024,201450782,392876,284097,-2.10626,52.45478,3,3,7,22:20,-1,E08000027,6,0,1,0,1,19,2,6,0,0,0,0,0,0,0,1,1,6,1
2024201450799,2024,201450799,403834,283142,-1.94502,52.44623,3,3,1,03:25,-1,E08000025,3,2,1,0,1,19,4,8,0,0,0,1,0,0,0,0,1,6,2
2024201450856,2024,201450856,437710,280710,-1.44689,52.42308,3,3,6,23:31,-1,E08000026,3,2,1,0,2,"[7, 19]",2,"[5, 6]",0,0,0,1,0,0,0,0,0,5,31
2024201450895,2024,201450895,410567,291603,-1.84569,52.5222,3,3,7,00:20,-1,E08000025,3,2,1,0,1,"[19, 5]","[4, 6]","[8, 2]",0,0,0,1,0,0,0,0,0,6,1
2024201450909,2024,201450909,413610,291308,-1.80086,52.51949,3,3,6,19:00,-1,E08000025,3,0,1,0,1,19,8,4,0,0,0,1,0,0,0,0,0,5,31
2024201450949,2024,201450949,400537,277514,-1.99353,52.39564,3,3,1,14:55,-1,E08000025,3,0,1,0,1,19,7,3,0,0,0,1,0,0,0,0,0,6,2
2024201450960,2024,201450960,403301,290160,-1.95279,52.50932,3,3,1,17:18,-1,E08000025,3,0,1,0,1,19,3,8,0,0,0,1,0,0,0,0,1,6,2
2024201450978,2024,201450978,416585,294201,-1.75687,52.54541,3,3,1,16:50,-1,E08000025,6,0,1,0,2,"[6, 19]","[3, 7]",3,0,0,0,1,1,0,0,0,0,6,2
2024201450996,2024,201450996,389253,297496,-2.16001,52.57517,2,2,1,18:59,-1,E08000031,6,0,1,0,1,9,2,8,0,0,0,1,0,0,0,0,1,6,2
2024201451078,2024,201451078,389744,289202,-2.15251,52.50062,3,3,3,14:47,-1,E08000027,3,0,1,0,1,"[7, 9]",3,"[5, 1]",0,0,0,1,0,0,0,0,0,5,28
2024201451096,2024,201451096,412510,281601,-1.81743,52.43225,3,3,5,04:44,-1,E08000029,6,2,1,0,1,"[19, 2]","[1, 0, 2]","[6, 0]",0,"[0, 1]",0,1,0,0,0,0,0,5,30