collision_index,collision_year,collision_ref_no,location_easting_osgr,location_northing_osgr,longitude,latitude,casualty_severity,casualty_severity,day_of_week,time,local_authority_district,local_authority_ons_district,first_road_class,light_conditions,weather_conditions,road_surface_conditions,urban_or_rural_area,vehicle_manoeuvre,vehicle_direction_from,vehicle_direction_to,hit_object_in_carriageway,vehicle_leaving_carriageway,hit_object_off_carriageway,is_car,is_cyle,is_mcyle,is_goodsv,is_other,is_pedestrian,month,day
2024201482101,2024,201482101,389877,299191,-2.15086,52.59042,3,3,1,19:23,-1,E08000031,6,0,1,0,1,"[5, 3, 19]","[6, 8, 4]","[2, 4, 8]","[0, 10]","[0, 3]","[0, 11]",1,0,0,0,0,0,8,4
2024201482152,2024,201482152,416824,274893,-1.75431,52.37183,3,3,2,22:45,-1,E08000029,6,2,1,0,1,9,2,6,0,0,0,1,0,0,0,0,1,8,19
2024201482162,2024,201482162,413686,298084,-1.79946,52.5804,3,3,6,11:35,-1,E08000025,3,0,1,0,2,19,6,2,0,0,0,1,0,0,0,0,0,6,21
2024201482174,2024,201482174,409149,284347,-1.86679,52.457,3,3,1,10:00,-1,E08000025,3,0,1,0,1,"[9, 19]","[6, 4]","[4, 7]",0,0,0,1,1,0,0,0,0,7,28
2024201482177,2024,201482177,404470,287622,-1.9356,52.4865,3,3,4,12:00,-1,E08000025,6,0,1,-1,1,99,-1,-1,99,9,0,1,0,0,0,0,1,6,26
2024201482179,2024,201482179,412549,287965,-1.81662,52.48946,3,3,4,10:00,-1,E08000025,6,0,1,0,1,19,"[5, 7]","[1, 3]",0,0,0,1,1,0,0,0,0,8,21
2024201482183,2024,201482183,410802,281185,-1.84256,52.42854,3,3,5,19:21,-1,E08000025,3,0,1,0,1,19,4,8,0,0,0,1,0,0,0,0,0,6,27
2024201482189,2024,201482189,430401,277016,-1.5547,52.39033,3,3,1,11:45,-1,E08000026,6,0,1,0,1,"[19, 7]","[3, 2]","[7, 6]",0,0,0,1,1,0,0,0,0,8,18
2024201482241,2024,201482241,407226,285810,-1.89506,52.47018,3,3,1,11:22,-1,E08000025,6,0,1,0,1,19,6,2,0,0,0,1,0,0,0,0,0,6,23
2024201482246,2024,201482246,396128,297299,-2.05857,52.5735,2,2,3,11:30,-1,E08000031,6,0,1,0,1,"[19, 7, 4]","[5, 8]","[8, 5]",0,0,0,1,0,0,0,0,0,8,20
2024201482257,2024,201482257,407516,295491,-1.89057,52.55721,3,3,2,12:30,-1,E08000025,6,0,1,0,1,"[19, 5]","[4, 2]","[8, 6]",0,0,0,1,0,0,0,0,0,2,26
2024201482261,2024,201482261,408720,288200,-1.873,52.49164,3,3,1,18:03,-1,E08000025,3,0,1,0,1,19,2,6,0,0,0,1,0,0,0,0,0,6,30
2024201482280,2024,201482280,403167,289604,-1.95477,52.50433,3,3,6,17:22,-1,E08000025,6,0,1,0,1,"[3, 19]","[5, 3]","[1, 7]",0,0,0,1,0,0,0,0,0,8,2
2024201482294,2024,201482294,413000,285571,-1.81007,52.46793,3,3,2,16:00,-1,E08000025,3,2,1,0,1,"[19, 3]",1,5,0,0,0,1,0,0,0,0,0,6,3
2024201482305,2024,201482305,414680,292167,-1.78505,52.52718,3,3,3,11:30,-1,E08000025,3,2,2,1,1,"[9, 19]","[8, 6]","[6, 2]",0,0,0,1,0,0,0,0,0,6,4
2024201482385,2024,201482385,407566,290183,-1.88995,52.50949,2,2,7,08:00,-1,E08000025,4,0,1,0,1,"[10, 2, 14]","[6, 0]","[6, 0]","[0, 7]","[0, 7]",0,1,0,0,0,0,1,8,10
2024201482406,2024,201482406,415066,279777,-1.77992,52.41579,3,3,7,06:30,-1,E08000029,4,2,1,0,1,19,"[1, 7]",3,0,0,0,1,1,0,0,0,0,8,17
2024201482407,2024,201482407,407151,288560,-1.8961,52.4949,3,3,4,08:35,-1,E08000025,3,2,1,0,1,"[99, 6]","[5, 3]",1,0,0,0,1,0,0,0,0,0,6,5
2024201482413,2024,201482413,397465,286448,-2.03875,52.47596,3,3,2,17:45,-1,E08000028,6,0,1,0,1,19,4,8,0,0,0,1,0,0,0,0,0,8,19
2024201482418,2024,201482418,408872,284553,-1.87086,52.45886,3,3,7,20:00,-1,E08000025,4,0,1,0,1,"[9, 14]",3,"[1, 7]",0,0,0,1,0,0,0,0,0,6,8
2024201482423,2024,201482423,410840,288734,-1.84176,52.49641,3,3,1,21:20,-1,E08000025,6,0,2,1,1,"[19, 6]",5,"[1, 8]",0,0,0,1,0,0,0,0,0,6,9
2024201482428,2024,201482428,408142,284868,-1.88159,52.4617,3,3,7,23:00,-1,E08000025,3,2,1,0,1,"[19, 9]","[8, 1]","[4, 8]",0,0,0,1,0,0,0,0,0,6,8
2024201482433,2024,201482433,433535,279533,-1.5084,52.41277,3,3,1,14:45,-1,E08000026,3,0,1,0,1,19,8,4,0,0,0,1,0,0,0,0,0,6,2
2024201482434,2024,201482434,407871,287912,-1.88551,52.48907,3,3,4,21:00,-1,E08000025,6,2,1,0,1,"[9, 19]","[2, 4]","[6, 8]",0,0,0,1,0,0,0,0,0,8,21
2024201482437,2024,201482437,408769,286179,-1.87233,52.47347,3,3,4,12:29,-1,E08000025,4,0,1,0,1,4,2,6,0,0,0,1,0,0,0,0,0,6,12
2024201482533,2024,201482533,407771,292696,-1.88687,52.53208,2,2,3,20:22,-1,E08000025,3,2,1,1,1,19,"[8, 6]","[4, 2]","[10, 0]","[2, 0]",0,1,0,0,0,0,0,4,9
2024201482534,2024,201482534,413087,284856,-1.80881,52.4615,3,3,2,17:42,-1,E08000025,6,0,1,0,1,"[3, 19]",5,"[7, 1]",0,0,0,1,0,0,0,0,0,8,19
2024201482642,2024,201482642,410354,282539,-1.84911,52.44072,2,2,5,09:50,-1,E08000025,3,0,1,0,1,"[13, 9]",8,"[4, 6]",0,0,0,1,0,1,0,0,0,8,22
2024201482652,2024,201482652,405680,287643,-1.91778,52.48668,3,3,6,22:36,-1,E08000025,6,2,1,0,1,"[7, 19]",2,"[5, 6]",0,0,0,1,1,0,0,0,0,7,19
2024201482667,2024,201482667,404096,282281,-1.94117,52.43849,3,3,4,16:20,-1,E08000025,3,0,1,0,1,19,2,6,0,0,0,1,0,0,0,0,1,8,21
2024201482705,2024,201482705,416644,285961,-1.75641,52.47133,2,"[3, 2]",5,10:25,-1,E08000029,6,0,1,0,1,19,"[8, 5]","[3, 1]",0,0,0,1,0,0,0,0,1,8,22
2024201482742,2024,201482742,407598,290220,-1.88948,52.50982,3,3,5,15:23,-1,E08000025,4,0,1,0,1,"[2, 19]","[0, 6]","[0, 4]",0,0,0,1,1,0,0,0,0,8,22
2024201482757,2024,201482757,393447,286712,-2.09791,52.47829,3,3,1,09:50,-1,E08000027,6,0,1,0,1,19,"[8, 2]","[4, 6]",0,0,0,1,1,0,0,0,0,8,18
2024201482769,2024,201482769,391582,298113,-2.12566,52.58076,3,3,4,15:13,-1,E08000031,3,0,1,0,1,"[19, 9]","[5, 3]",1,0,"[0, 1]","[0, 2]",1,0,0,0,0,0,8,14
2024201482781,2024,201482781,427637,278155,-1.59522,52.40072,3,3,4,10:39,-1,E08000026,6,0,1,0,1,"[7, 1]",-1,-1,0,0,0,1,0,0,0,0,0,6,12
2024201482793,2024,201482793,414756,283046,-1.78433,52.44518,3,3,2,10:40,-1,E08000029,4,0,1,0,1,"[7, 19]","[7, 5]",1,0,0,0,1,0,0,0,0,0,6,10
2024201482799,2024,201482799,404691,278797,-1.93247,52.40716,3,3,5,17:43,-1,E08000025,6,0,1,0,1,"[9, 19]","[1, 5]","[7, 1]",0,0,0,1,0,0,0,0,0,8,22
2024201482804,2024,201482804,399565,292449,-2.00784,52.52991,3,3,7,11:34,-1,E08000028,4,0,1,0,1,"[19, 3]","[2, 6]","[6, 2]",0,0,0,1,0,0,0,0,0,6,22
2024201482805,2024,201482805,434183,281384,-1.49869,52.42937,2,2,5,19:53,-1,E08000026,4,2,1,0,1,"[10, 19]","[1, 5]","[2, 1]",0,0,0,1,0,0,0,0,0,8,22
2024201482807,2024,201482807,436306,280502,-1.46756,52.42131,3,3,5,16:30,-1,E08000026,6,2,1,0,1,"[7, 19]","[4, 2]",6,10,1,11,1,0,0,0,0,0,6,13
2024201482826,2024,201482826,397668,292553,-2.03581,52.53084,3,3,5,21:45,-1,E08000028,3,2,1,0,1,19,"[3, 8]","[7, 5]","[0, 9]",0,0,1,1,0,0,0,0,8,22
2024201482862,2024,201482862,411362,289249,-1.83405,52.50103,3,3,2,18:40,-1,E08000025,6,0,1,0,1,"[19, 3]",7,3,0,0,0,1,0,0,0,0,0,8,19
2024201482871,2024,201482871,407799,284982,-1.88664,52.46273,3,3,3,15:58,-1,E08000025,3,0,1,0,1,7,2,5,0,0,0,1,0,0,0,0,0,7,2
2024201482885,2024,201482885,394125,293517,-2.08805,52.53948,3,3,3,17:00,-1,E08000027,4,0,1,0,1,3,1,5,0,0,0,1,0,1,0,0,0,7,2
2024201482897,2024,201482897,413319,291798,-1.80512,52.5239,3,3,6,11:57,-1,E08000025,4,0,1,0,1,"[2, 19]","[0, 6]","[0, 2]","[0, 4]",0,0,1,0,0,0,1,0,7,5
2024201482902,2024,201482902,415995,279475,-1.76627,52.41304,3,3,4,17:10,-1,E08000029,4,0,1,0,1,"[3, 9]","[2, 8]","[6, 5]",0,0,0,1,0,0,0,0,0,8,21
2024201482943,2024,201482943,399687,302492,-2.00606,52.62019,3,3,4,11:00,-1,E08000030,3,0,1,0,1,"[15, 19]",7,3,"[0, 10]","[0, 1]",0,1,1,0,0,0,0,8,21
2024201482978,2024,201482978,407309,284454,-1.89386,52.45799,3,3,6,08:47,-1,E08000025,6,0,1,0,1,19,"[1, 3]","[5, 7]",0,0,0,1,0,0,0,0,0,8,23
2024201483019,2024,201483019,404736,279705,-1.93179,52.41532,3,3,5,15:05,-1,E08000025,4,0,1,0,1,"[2, 19]","[0, 3]","[0, 7]","[0, 4]",0,0,1,0,0,0,0,0,8,22
2024201483056,2024,201483056,398526,288418,-2.02314,52.49367,3,3,7,09:16,-1,E08000028,3,0,1,0,1,"[11, 19]",1,5,0,0,0,1,0,0,0,0,0,8,17
2024201483060,2024,201483060,406134,287556,-1.9111,52.48589,2,2,2,12:08,-1,E08000025,6,0,8,0,1,4,1,1,0,0,0,0,0,0,1,0,1,8,12
2024201483073,2024,201483073,399855,297412,-2.00357,52.57453,3,3,5,16:00,-1,E08000030,3,0,9,0,1,19,4,8,0,0,0,1,0,0,0,0,1,8,22
2024201483150,2024,201483150,437333,276815,-1.45287,52.3881,2,2,6,18:20,-1,E08000026,6,0,1,0,1,"[7, 19]","[2, 5]","[5, 1]",0,0,0,1,1,0,0,0,0,8,23
2024201483228,2024,201483228,397923,286967,-2.03201,52.48062,1,1,6,21:38,-1,E08000028,3,2,1,0,1,19,"[6, 2]","[2, 6]",0,0,0,1,0,0,1,1,0,8,23
2024201483240,2024,201483240,406696,289260,-1.90279,52.5012,2,"[2, 3]",6,19:50,-1,E08000025,4,2,1,0,1,19,1,5,0,0,0,1,0,0,0,0,0,8,23
2024201483357,2024,201483357,400878,285276,-1.9885,52.46542,2,2,7,04:45,-1,E08000028,3,2,1,1,1,7,6,8,0,0,0,1,0,0,0,0,1,8,24
2024201483366,2024,201483366,408685,293250,-1.87339,52.53704,3,3,6,16:00,-1,E08000025,3,0,1,0,1,"[7, 19]","[8, 6]",2,0,0,0,1,0,0,0,0,0,8,16
2024201483403,2024,201483403,404467,287338,-1.93565,52.48395,3,3,5,18:53,-1,E08000025,4,0,1,0,1,"[3, 8]",4,"[1, 6]",0,0,0,1,0,0,0,0,0,8,22
2024201483463,2024,201483463,409819,290932,-1.85674,52.51619,3,3,7,14:55,-1,E08000025,6,0,1,0,1,2,0,0,0,0,0,1,0,0,0,0,1,8,24
2024201483546,2024,201483546,415170,279708,-1.77839,52.41516,3,3,5,15:30,-1,E08000029,4,0,1,0,1,19,"[2, 5]","[6, 4]","[10, 0]","[7, 0]",0,1,0,0,0,0,0,8,22
2024201483562,2024,201483562,418053,288316,-1.73554,52.49246,3,3,7,19:26,-1,E08000029,3,2,1,0,2,19,8,4,0,0,0,1,0,0,0,0,0,8,24
2024201483579,2024,201483579,406567,287757,-1.90472,52.48769,2,2,1,00:08,-1,E08000025,4,2,1,0,1,-1,-1,-1,-1,-1,0,1,0,0,0,0,1,8,25
2024201483585,2024,201483585,393328,288700,-2.0997,52.49616,3,3,7,18:40,-1,E08000027,6,2,1,0,1,"[6, 14]","[3, 6]","[2, 4]",0,0,0,1,0,0,0,0,0,8,24
2024201483640,2024,201483640,403920,288089,-1.9437,52.4907,3,3,6,20:30,-1,E08000028,6,0,1,0,1,5,"[4, 5]","[5, 1]",0,0,0,1,0,1,0,0,0,8,23
2024201483673,2024,201483673,413030,282980,-1.80973,52.44463,3,3,1,10:39,-1,E08000025,6,0,1,0,1,"[2, 19]","[0, 8]","[0, 6]","[0, 4]",0,0,1,0,0,0,0,0,8,25
2024201483704,2024,201483704,395753,293808,-2.06405,52.54211,2,2,6,14:50,-1,E08000028,3,0,1,0,1,4,7,3,0,0,0,0,0,0,1,0,1,8,23
2024201483713,2024,201483713,408474,284632,-1.87671,52.45957,3,3,5,03:00,-1,E08000025,3,2,1,0,1,"[9, 13]",5,"[3, 1]",0,0,0,1,0,0,0,0,0,8,15
2024201483738,2024,201483738,435492,276881,-1.47991,52.38881,2,2,5,14:45,-1,E08000026,6,0,1,0,1,"[9, 19]","[6, 4]","[4, 8]",0,0,0,1,1,0,0,0,0,8,22
2024201483742,2024,201483742,409479,290059,-1.86177,52.50834,2,2,1,17:51,-1,E08000025,3,0,2,1,1,19,6,2,10,1,0,1,0,0,0,0,1,8,25
2024201483793,2024,201483793,413765,288989,-1.79867,52.49863,3,3,1,18:45,-1,E08000025,6,0,1,0,1,19,3,7,0,0,0,1,0,0,0,0,1,8,25
2024201483812,2024,201483812,411890,288326,-1.82631,52.49272,2,"[2, 3]",1,22:25,-1,E08000025,4,2,1,0,1,"[19, 9]","[3, 5]","[7, 3]","[10, 0]","[1, 0]","[11, 0]",1,0,0,0,0,0,8,25
2024201483817,2024,201483817,392946,297572,-2.10552,52.57592,2,2,7,22:20,-1,E08000031,3,2,1,0,1,19,8,4,0,0,0,1,0,0,0,0,1,8,24
2024201483826,2024,201483826,399996,296987,-2.00149,52.57071,2,"[2, 3]",1,21:57,-1,E08000030,3,2,1,1,1,"[19, 6]",6,"[2, 6]",0,0,0,1,0,0,0,0,0,8,25
2024201483903,2024,201483903,389567,285873,-2.15501,52.47069,2,2,5,11:30,-1,E08000027,3,0,9,0,1,"[5, 7]",7,"[3, 1]",0,0,0,1,0,0,0,1,0,8,22
2024201483959,2024,201483959,400943,277420,-1.98757,52.3948,3,3,6,23:00,-1,E08000025,6,2,1,0,1,5,2,6,0,0,0,1,0,0,0,0,1,8,23
2024201483963,2024,201483963,405754,289196,-1.91667,52.50064,3,3,4,14:25,-1,E08000025,6,0,1,0,1,"[1, 2]","[2, 0]","[6, 0]","[4, 0]",0,0,1,0,0,0,0,0,8,21
2024201483976,2024,201483976,396018,299036,-2.06021,52.58911,3,3,2,17:52,-1,E08000030,6,0,1,0,1,"[2, 1]","[1, 5]","[5, 1]","[0, 4]",0,0,1,0,0,1,0,0,8,26
2024201484016,2024,201484016,400064,288052,-2.00049,52.49038,3,3,2,23:05,-1,E08000028,4,2,1,0,1,19,"[1, 7]","[5, 3]",0,0,0,1,1,0,0,0,0,8,26
2024201484023,2024,201484023,411053,285130,-1.83874,52.464,3,3,6,15:38,-1,E08000025,3,0,1,0,1,19,4,8,0,0,0,1,0,0,0,0,1,8,23
2024201484025,2024,201484025,398285,301715,-2.02676,52.61321,3,3,2,21:50,-1,E08000030,1,2,1,0,1,"[19, 15]",1,1,0,0,0,1,0,0,0,0,0,8,26
2024201484047,2024,201484047,408926,281264,-1.87015,52.42929,3,3,1,13:00,-1,E08000025,6,0,2,1,1,"[19, 2]","[1, 5]","[5, 1]","[4, 0]",0,0,1,0,0,1,0,0,8,25
2024201484049,2024,201484049,410910,285210,-1.84084,52.46473,3,3,6,19:15,-1,E08000025,6,0,1,0,1,"[19, 3]",4,8,0,0,0,1,0,0,0,0,0,8,23
2024201484060,2024,201484060,399323,297022,-2.01142,52.57102,3,3,7,18:00,-1,E08000030,1,0,1,0,2,"[3, 19]",1,5,0,0,0,1,0,0,0,0,0,8,3
2024201484065,2024,201484065,410412,286672,-1.84813,52.47788,3,3,1,15:00,-1,E08000025,4,0,1,0,1,3,3,7,0,0,0,1,0,0,0,0,0,8,25
2024201484087,2024,201484087,410457,291639,-1.84731,52.52253,3,3,2,07:30,-1,E08000025,3,0,1,0,1,19,7,3,0,0,0,0,0,1,0,0,0,8,5
2024201484118,2024,201484118,404955,289357,-1.92843,52.50209,3,3,4,19:10,-1,E08000025,3,0,1,0,1,"[9, 19]","[4, 8]","[1, 4]",0,0,0,1,1,0,0,0,0,8,7
2024201484135,2024,201484135,409092,283395,-1.86765,52.44844,3,3,7,19:40,-1,E08000025,6,0,1,0,1,"[19, 2]","[3, 0]","[7, 0]","[4, 0]",0,0,1,0,0,0,0,0,8,24
2024201484150,2024,201484150,407392,287517,-1.89257,52.48552,3,3,2,18:18,-1,E08000025,4,0,1,0,1,19,1,5,0,0,0,0,1,0,1,0,0,8,12
2024201484153,2024,201484153,405807,289452,-1.91588,52.50294,3,3,7,14:23,-1,E08000025,6,0,1,0,1,1,1,5,0,0,0,1,0,0,0,0,1,8,24
2024201484174,2024,201484174,433221,276346,-1.51333,52.38414,3,3,4,14:51,-1,E08000026,6,0,1,0,1,19,8,4,0,0,0,1,0,0,0,0,1,8,7
2024201484183,2024,201484183,406318,286292,-1.90841,52.47452,3,3,7,11:29,-1,E08000025,6,2,2,1,1,"[5, 19]","[5, 4]","[3, 8]",0,0,0,1,0,0,0,0,0,8,24
2024201484197,2024,201484197,408171,293439,-1.88096,52.53875,3,3,6,14:00,-1,E08000025,6,0,1,0,1,"[3, 5]","[2, 8]","[6, 4]",0,0,0,1,0,0,0,0,0,8,23
2024201484222,2024,201484222,396393,291436,-2.05459,52.52079,3,3,2,21:17,-1,E08000028,3,2,1,1,1,"[7, 19]","[8, 2]","[4, 6]",0,0,0,1,0,0,0,0,0,1,15
2024201484227,2024,201484227,402060,286061,-1.9711,52.47248,2,2,1,14:38,-1,E08000028,6,0,2,1,1,"[7, 19]","[1, 7]",3,0,0,0,1,0,0,0,0,0,8,25
2024201484309,2024,201484309,411770,288335,-1.82808,52.4928,3,3,7,22:00,-1,E08000025,4,2,1,0,1,"[3, 5]",7,"[7, 0]",0,0,0,1,0,0,0,0,0,8,24
2024201484347,2024,201484347,389392,284481,-2.15754,52.45817,3,3,1,14:30,-1,E08000027,3,0,1,0,1,"[10, 19, 9]","[7, 4, 6]","[3, 8, 4]",0,0,0,1,0,0,0,0,0,8,25
2024201484457,2024,201484457,416202,289277,-1.76275,52.50116,3,3,1,13:07,-1,E08000029,4,0,1,0,1,10,5,2,0,0,0,1,0,0,0,0,1,2,4
2024201484469,2024,201484469,408811,285732,-1.87173,52.46946,3,3,7,19:25,-1,E08000025,3,0,1,0,1,4,4,8,0,0,0,1,0,0,0,0,0,5,25
2024201484506,2024,201484506,405445,280564,-1.92136,52.42304,3,3,5,15:30,-1,E08000025,3,0,1,0,1,"[19, 5]",1,5,0,0,0,1,0,1,0,0,0,8,22
2024201484509,2024,201484509,411580,289816,-1.83082,52.50612,3,3,7,18:35,-1,E08000025,3,0,1,0,2,"[3, 4]",2,6,0,0,0,1,0,0,0,1,0,8,3
2024201484511,2024,201484511,411334,282925,-1.83468,52.44417,3,3,1,15:55,-1,E08000025,4,0,1,0,1,"[10, 19]",6,"[4, 2]",0,0,0,1,0,0,0,0,0,6,16
2024201484532,2024,201484532,435302,276659,-1.48273,52.38683,2,2,3,15:30,-1,E08000026,6,0,1,0,1,"[19, 2]","[6, 0]","[2, 0]","[8, 0]",0,0,1,0,0,0,0,1,6,18
2024201484538,2024,201484538,396210,291543,-2.05729,52.52175,3,3,4,10:27,-1,E08000028,3,0,1,0,1,19,"[1, 3]","[5, 7]","[11, 0]",0,0,1,0,0,0,0,0,8,28
2024201484584,2024,201484584,393287,295199,-2.10044,52.55459,2,2,3,14:55,-1,E08000031,3,0,1,0,1,"[7, 15]",4,"[6, 8]",0,0,0,1,1,0,0,0,0,8,6
2024201484602,2024,201484602,410864,292493,-1.84129,52.5302,3,3,2,12:30,-1,E08000025,4,0,1,0,1,"[2, 14]",1,5,"[0, 4]",0,0,1,0,0,0,0,1,8,26
2024201484619,2024,201484619,411644,297912,-1.8296,52.5789,2,2,7,16:27,-1,E08000025,3,0,1,0,1,19,"[2, 5]","[6, 1]",0,0,0,1,0,0,0,0,0,8,10
2024201484626,2024,201484626,412879,285289,-1.81186,52.46539,3,3,2,18:30,-1,E08000025,3,0,1,0,1,"[19, 3]",6,2,0,0,0,1,0,0,0,0,0,8,26
2024201484641,2024,201484641,391774,301669,-2.12292,52.61273,3,3,6,11:05,-1,E08000031,6,0,1,0,1,"[19, 9]","[1, 5]","[5, 3]","[10, 0]","[1, 0]","[11, 0]",1,0,0,0,0,0,8,16
2024201484650,2024,201484650,389551,285531,-2.15524,52.46762,3,3,2,09:45,-1,E08000027,3,0,1,0,1,"[3, 19]","[6, 4]",3,0,0,0,1,0,0,0,0,0,8,26
2024201484685,2024,201484685,408315,286204,-1.87901,52.47371,3,3,7,22:30,-1,E08000025,6,2,1,0,1,"[2, 19]","[0, 4, 8]","[0, 8, 4]",0,0,0,1,0,0,0,0,0,8,10
2024201484735,2024,201484735,408885,294595,-1.8704,52.54913,3,3,5,23:00,-1,E08000025,6,2,5,1,1,"[2, 19]","[0, 8]","[0, 4]","[0, 4]",0,0,1,0,1,0,0,0,8,22
2024201484754,2024,201484754,413734,290995,-1.79904,52.51667,2,2,4,14:40,-1,E08000025,3,0,1,0,1,19,8,4,0,0,0,1,0,0,0,0,1,6,26
2024201484780,2024,201484780,410120,284806,-1.85248,52.46111,3,3,7,23:49,-1,E08000025,3,2,1,0,1,19,8,4,"[0, 7]","[0, 6]",0,1,0,0,0,0,0,4,13
2024201484792,2024,201484792,413802,281310,-1.79844,52.4296,3,3,3,17:25,-1,E08000029,3,0,1,0,1,"[20, 19]","[2, 1]","[6, 5]","[7, 0]",0,0,1,0,0,0,0,0,8,27
2024201484809,2024,201484809,412400,288501,-1.81879,52.49428,2,2,4,16:20,-1,E08000025,3,0,1,0,1,19,8,4,0,0,0,1,0,0,0,0,1,8,28
2024201484813,2024,201484813,404202,288517,-1.93954,52.49455,2,2,4,22:46,-1,E08000025,3,2,1,0,1,"[9, 19]","[3, 5]",1,0,0,0,1,0,0,0,0,0,8,28
2024201484821,2024,201484821,405748,289424,-1.91675,52.50269,2,2,2,03:55,-1,E08000025,4,2,1,0,1,19,6,2,0,0,0,1,0,0,0,0,1,5,20
2024201484833,2024,201484833,407013,283916,-1.89823,52.45316,3,3,4,22:56,-1,E08000025,6,2,1,0,1,19,2,6,0,0,0,1,0,0,0,0,0,8,28
2024201484853,2024,201484853,400703,289434,-1.99107,52.50281,2,2,5,00:55,-1,E08000028,3,2,1,0,1,5,3,7,0,0,0,1,0,0,0,0,1,8,29
2024201484859,2024,201484859,415391,292549,-1.77455,52.5306,3,3,5,05:48,-1,E08000025,3,0,1,0,2,11,1,4,10,7,2,1,0,0,0,0,0,8,29
2024201484869,2024,201484869,406398,288019,-1.9072,52.49005,3,3,1,07:56,-1,E08000025,6,2,1,0,1,"[7, 19]","[6, 8]","[8, 4]",0,0,0,1,0,0,0,0,0,5,12
2024201484886,2024,201484886,417513,286172,-1.7436,52.4732,3,3,7,22:10,-1,E08000029,6,2,1,0,2,7,3,4,10,1,2,1,0,0,0,0,0,8,24
2024201484904,2024,201484904,404796,283230,-1.93086,52.44701,2,2,5,08:00,-1,E08000025,3,0,1,0,1,"[9, 13]",7,"[5, 3]",0,0,0,1,0,1,0,0,0,8,29
2024201484913,2024,201484913,407647,290265,-1.88876,52.51022,3,3,2,00:01,-1,E08000025,4,2,1,0,1,"[5, 19]","[8, 6]","[4, 2]",0,0,0,1,0,0,0,0,0,8,26
2024201484962,2024,201484962,409423,291903,-1.86254,52.52492,3,3,5,12:55,-1,E08000025,6,0,1,0,1,4,"[1, 3]","[5, 7]",0,0,0,1,1,0,0,0,0,6,13
2024201484975,2024,201484975,393553,297213,-2.09656,52.5727,3,3,4,18:50,-1,E08000031,3,0,1,0,1,"[2, 19]","[0, 8]","[0, 4]","[0, 8]",0,0,1,1,0,0,0,0,8,21
2024201484977,2024,201484977,399546,297961,-2.00813,52.57946,3,3,2,16:00,-1,E08000030,6,0,1,0,1,19,"[1, 4]","[4, 1]",0,"[0, 1]",0,1,0,0,0,0,0,8,26
2024201485084,2024,201485084,400153,288758,-1.99918,52.49673,2,2,5,10:47,-1,E08000028,4,0,1,0,1,19,7,3,0,0,0,1,0,0,0,0,1,8,29
2024201485087,2024,201485087,405677,286138,-1.91785,52.47315,3,3,4,22:16,-1,E08000025,6,0,1,0,1,19,"[1, 7]","[3, 8]",0,0,0,1,0,1,0,0,0,8,28
2024201485133,2024,201485133,408087,291119,-1.88225,52.5179,3,3,5,15:32,-1,E08000025,6,0,1,0,1,19,3,7,9,0,0,1,0,0,0,0,0,8,29
2024201485143,2024,201485143,401198,299362,-1.98375,52.59206,3,3,5,17:08,-1,E08000030,6,0,1,0,1,19,"[6, 4]","[2, 8]",0,0,0,1,0,0,0,0,0,8,29
2024201485172,2024,201485172,406220,288071,-1.90982,52.49052,2,2,4,10:30,-1,E08000025,4,0,1,0,1,19,"[8, 2]","[4, 6]",0,0,0,1,0,0,0,0,0,8,28
2024201485212,2024,201485212,408363,285520,-1.87833,52.46756,3,3,5,16:50,-1,E08000025,3,0,1,0,1,"[19, 6]","[5, 6]","[8, 6]",0,0,0,1,0,0,0,0,0,8,29
2024201485311,2024,201485311,404062,287605,-1.94161,52.48635,3,3,6,05:50,-1,E08000025,3,2,1,0,1,19,3,7,0,0,0,1,0,0,0,0,1,8,30
2024201485339,2024,201485339,415391,292555,-1.77455,52.53065,3,3,6,23:30,-1,E08000025,3,2,1,1,2,19,"[4, 8]",4,"[10, 0]","[1, 0]",0,1,0,0,0,0,0,8,23
2024201485481,2024,201485481,402004,279580,-1.97196,52.41422,3,3,7,15:54,-1,E08000025,6,0,1,0,1,19,4,8,0,0,0,1,0,0,0,0,1,8,17
2024201485653,2024,201485653,399337,293219,-2.01121,52.53683,3,3,5,12:21,-1,E08000028,3,0,1,0,1,"[3, 19]",5,1,0,0,0,1,0,0,0,0,0,8,29
2024201485663,2024,201485663,405845,290357,-1.91531,52.51107,3,3,2,18:13,-1,E08000025,6,0,1,0,1,19,"[2, 8]","[6, 4]",0,0,0,1,0,0,0,0,0,5,20
2024201485678,2024,201485678,404693,285676,-1.93235,52.469,1,1,3,10:06,-1,E08000025,4,0,1,1,1,"[7, 19]",3,"[1, 7]",0,0,0,0,1,0,1,0,0,7,9
2024201485685,2024,201485685,408380,283895,-1.87812,52.45295,3,3,6,05:52,-1,E08000025,6,0,1,0,1,"[19, 9]","[8, 6]","[6, 3]",0,0,0,1,0,0,0,0,0,8,16
2024201485751,2024,201485751,409761,294377,-1.85749,52.54716,3,3,6,14:30,-1,E08000025,3,0,1,0,1,5,1,1,0,0,0,0,0,0,0,1,1,8,30
2024201485812,2024,201485812,407363,281599,-1.89313,52.43232,3,3,5,09:15,-1,E08000025,3,0,1,0,1,5,5,1,0,0,0,1,0,0,0,0,1,8,29
2024201485825,2024,201485825,416526,286061,-1.75814,52.47224,3,3,7,17:45,-1,E08000025,6,0,1,0,1,"[19, 14]","[8, 4]","[4, 8]",0,0,0,1,0,0,0,0,0,8,31