collision_index,collision_year,collision_ref_no,location_easting_osgr,location_northing_osgr,longitude,latitude,casualty_severity,casualty_severity,day_of_week,time,local_authority_district,local_authority_ons_district,first_road_class,light_conditions,weather_conditions,road_surface_conditions,urban_or_rural_area,vehicle_manoeuvre,vehicle_direction_from,vehicle_direction_to,hit_object_in_carriageway,vehicle_leaving_carriageway,hit_object_off_carriageway,is_car,is_cyle,is_mcyle,is_goodsv,is_other,is_pedestrian,month,day
2024201485840,2024,201485840,413802,289302,-1.79811,52.50145,2,2,7,18:35,-1,E08000025,4,0,1,0,1,19,2,6,0,0,0,1,0,0,0,0,1,8,31
2024201485842,2024,201485842,404994,288809,-1.92787,52.49717,3,3,7,18:48,-1,E08000025,6,0,1,0,1,"[5, 9]",8,"[4, 6]",0,0,0,1,0,0,0,0,0,8,31
2024201485854,2024,201485854,409711,285429,-1.85849,52.46672,3,3,5,22:51,-1,E08000025,4,2,1,0,1,19,6,2,0,0,0,1,0,0,0,0,1,5,23
2024201485860,2024,201485860,397060,290772,-2.04475,52.51483,3,3,2,07:48,-1,E08000028,6,2,1,0,1,19,"[2, 6]","[6, 2]",0,0,0,1,0,0,0,0,0,5,20
2024201485878,2024,201485878,412121,284404,-1.82305,52.45745,3,3,5,16:25,-1,E08000025,6,0,1,0,1,"[19, 6]","[6, 1, 5]","[2, 5]","[0, 10]",0,0,1,0,0,0,0,0,8,22
2024201485881,2024,201485881,408531,284949,-1.87587,52.46242,3,3,7,19:04,-1,E08000025,6,0,1,0,1,19,3,7,0,0,0,1,0,0,0,0,1,8,31
2024201485884,2024,201485884,404890,301988,-1.92921,52.61564,2,2,3,12:42,-1,E08000030,6,0,1,0,1,"[9, 19]","[6, 4]","[4, 8]",0,0,0,1,0,1,0,0,0,8,20
2024201485926,2024,201485926,434532,279022,-1.4938,52.40812,3,3,1,06:37,-1,E08000026,6,0,1,0,1,"[3, 19]",6,2,0,0,0,1,0,0,0,0,0,9,1
2024201485945,2024,201485945,415230,292628,-1.77692,52.53131,3,3,4,18:12,-1,E08000025,6,0,1,0,2,"[3, 19]",7,3,"[0, 4]",0,0,1,0,0,0,0,0,8,28
2024201485971,2024,201485971,394458,296073,-2.08319,52.56246,3,3,6,02:30,-1,E08000031,3,0,1,0,1,19,1,4,0,0,0,1,0,0,0,0,0,8,2
2024201485980,2024,201485980,395800,290602,-2.06332,52.51329,3,3,3,20:45,-1,E08000027,3,2,1,0,1,"[19, 3]",3,7,0,0,0,1,0,0,0,0,0,8,27
2024201485983,2024,201485983,409554,285890,-1.86078,52.47086,3,3,4,08:35,-1,E08000025,6,0,1,0,1,"[1, 19]","[7, 6]","[3, 2]",0,0,0,1,0,0,0,0,0,8,28
2024201485984,2024,201485984,401630,286611,-1.97743,52.47742,3,3,6,09:15,-1,E08000028,6,0,1,0,1,19,7,5,0,0,0,1,0,0,0,0,1,8,30
2024201485996,2024,201485996,392118,298168,-2.11776,52.58126,3,3,5,07:00,-1,E08000031,3,0,1,0,1,"[19, 9]","[4, 1]","[8, 5]",0,0,0,1,0,0,0,0,0,8,29
2024201486037,2024,201486037,408864,294727,-1.87071,52.55032,3,3,1,12:20,-1,E08000025,4,0,1,0,1,19,"[3, 7, 4]","[7, 3, 8]","[0, 10]","[0, 7]",0,1,0,0,0,0,0,9,1
2024201486084,2024,201486084,404676,289128,-1.93255,52.50004,3,3,7,21:30,-1,E08000025,6,2,1,0,1,19,"[4, 1]","[6, 5]",0,0,0,1,0,0,0,0,0,8,31
2024201486102,2024,201486102,408616,289936,-1.87449,52.50725,3,3,7,12:38,-1,E08000025,6,0,1,0,1,19,8,4,10,1,0,1,0,0,0,0,1,5,11
2024201486114,2024,201486114,407920,287496,-1.8848,52.48533,3,3,5,18:43,-1,E08000025,4,0,1,0,1,"[5, 9]","[6, 2]","[2, 8]",0,0,0,1,0,0,0,0,0,5,30
2024201486188,2024,201486188,402104,291997,-1.97042,52.52584,3,3,2,04:27,-1,E08000028,1,2,1,1,2,4,5,"[7, 6]",0,0,0,1,0,0,0,0,0,9,2
2024201486191,2024,201486191,405863,300867,-1.91486,52.60556,3,3,2,08:25,-1,E08000030,3,0,1,0,1,"[5, 3]","[1, 0]","[4, 0]",0,0,0,1,0,0,0,0,0,7,8
2024201486198,2024,201486198,405752,289426,-1.91669,52.5027,3,3,1,15:25,-1,E08000025,4,0,1,0,1,1,2,6,0,0,0,1,0,0,0,0,1,7,28
2024201486213,2024,201486213,400737,290073,-1.99057,52.50855,3,3,7,18:08,-1,E08000028,3,0,1,0,1,"[5, 3]","[2, 8]",4,0,0,0,1,1,0,0,0,0,7,13
2024201486218,2024,201486218,408128,284468,-1.88181,52.4581,2,2,6,16:41,-1,E08000025,6,0,1,0,1,19,4,8,0,0,0,1,0,0,0,0,1,8,2
2024201486241,2024,201486241,405620,292966,-1.91858,52.53453,3,3,7,12:05,-1,E08000025,3,0,1,0,1,"[7, 3]",5,1,0,0,0,1,0,0,0,0,0,7,13
2024201486281,2024,201486281,404665,288601,-1.93272,52.4953,2,2,7,17:48,-1,E08000025,6,0,1,0,1,"[19, 5]","[5, 7]",3,0,0,0,1,1,0,0,0,0,8,31
2024201486286,2024,201486286,407716,278922,-1.888,52.40825,3,3,2,10:32,-1,E08000025,3,0,1,0,1,19,5,1,0,0,0,1,0,0,0,0,1,9,2
2024201486293,2024,201486293,406930,286027,-1.89941,52.47213,3,3,5,19:15,-1,E08000025,6,0,1,0,1,"[7, 19]","[2, 1]",5,0,0,0,1,0,0,0,0,0,8,29
2024201486296,2024,201486296,398801,287866,-2.01909,52.48871,3,3,7,16:38,-1,E08000028,3,0,1,0,1,"[5, 19]","[6, 4]",8,0,0,0,1,1,0,0,0,0,7,6
2024201486307,2024,201486307,392259,303299,-2.1158,52.62739,3,3,6,19:30,-1,E08000031,6,0,1,0,1,"[3, 19]",1,5,"[0, 4]",0,0,1,0,0,0,0,0,8,30
2024201486331,2024,201486331,409650,291828,-1.8592,52.52424,3,3,6,18:00,-1,E08000025,6,0,1,0,1,"[6, 19]",1,"[1, 5]",0,0,0,1,0,0,0,0,0,7,12
2024201486358,2024,201486358,432345,278526,-1.52599,52.40379,2,2,7,10:17,-1,E08000026,6,0,1,0,1,19,"[7, 6]","[3, 7]",0,0,0,1,0,0,0,1,0,8,31
2024201486449,2024,201486449,398458,286595,-2.02413,52.47728,3,3,1,19:13,-1,E08000027,6,0,1,1,1,19,5,7,10,7,2,1,0,0,0,0,0,8,25
2024201486451,2024,201486451,392168,298566,-2.11703,52.58484,2,2,4,08:06,-1,E08000031,3,0,1,0,1,19,3,8,0,0,0,1,0,0,0,0,1,6,19
2024201486536,2024,201486536,403443,279014,-1.95081,52.40912,2,"[2, 3]",2,16:15,-1,E08000025,6,0,1,1,1,"[19, 9]","[8, 6]",4,0,0,0,1,0,0,0,0,1,9,2
2024201486549,2024,201486549,397051,296947,-2.04494,52.57034,3,3,2,18:35,-1,E08000030,6,0,2,1,1,19,"[3, 7]","[7, 3]",0,0,0,1,0,0,0,0,0,9,2
2024201486623,2024,201486623,396919,291946,-2.04684,52.52538,3,3,7,13:30,-1,E08000028,3,0,1,0,1,"[3, 19]",2,6,0,0,0,1,0,0,0,0,0,8,31
2024201486647,2024,201486647,413810,290596,-1.79794,52.51308,3,3,1,01:16,-1,E08000025,3,2,1,1,1,19,2,8,0,0,0,1,0,0,0,0,0,5,26
2024201486659,2024,201486659,433328,278454,-1.51155,52.40309,3,3,3,10:20,-1,E08000026,6,0,1,0,1,11,7,"[2, 3]",0,0,0,1,0,0,0,0,0,7,9
2024201486688,2024,201486688,405653,293694,-1.91808,52.54107,3,3,6,21:14,-1,E08000025,6,0,1,0,1,"[19, 7]","[6, 8]",2,0,0,0,1,1,0,0,0,0,7,5
2024201486707,2024,201486707,404482,305435,-1.93519,52.64663,3,3,5,17:00,-1,E08000030,6,0,1,0,1,"[9, 19]",4,8,0,0,0,1,1,0,0,0,0,8,29
2024201486723,2024,201486723,404424,294758,-1.93619,52.55065,3,3,2,15:00,-1,E08000028,6,0,1,0,1,"[1, 2]",1,5,0,0,0,1,0,0,0,0,0,8,12
2024201486840,2024,201486840,402188,286291,-1.96922,52.47455,3,3,6,21:00,-1,E08000028,3,2,1,0,1,"[19, 9]","[5, 1]","[1, 7]",0,0,0,1,1,0,0,0,0,8,30
2024201486843,2024,201486843,408817,284635,-1.87167,52.45959,2,2,3,13:28,-1,E08000025,3,0,1,1,1,7,2,6,0,0,0,1,0,0,0,0,1,9,3
2024201486891,2024,201486891,391767,298678,-2.12295,52.58584,3,3,3,15:45,-1,E08000031,6,0,1,0,1,5,5,1,0,0,0,0,0,0,1,0,1,9,3
2024201486896,2024,201486896,402132,279954,-1.97008,52.41758,2,2,3,12:51,-1,E08000025,4,0,1,0,1,19,5,1,0,0,0,1,0,0,0,0,1,9,3
2024201486942,2024,201486942,409514,290960,-1.86123,52.51644,2,2,7,23:54,-1,E08000025,6,2,1,0,1,"[7, 3]","[5, 7]","[1, 3]","[10, 0]","[1, 0]",0,1,0,0,0,0,0,8,31
2024201487065,2024,201487065,394407,288298,-2.0838,52.49256,3,3,2,07:31,-1,E08000027,3,0,1,1,1,20,5,1,0,0,0,1,0,0,0,0,1,9,2
2024201487108,2024,201487108,401556,284017,-1.97853,52.45411,2,2,1,23:20,-1,E08000025,6,2,2,1,1,1,2,6,0,0,0,1,0,0,0,0,1,8,25
2024201487148,2024,201487148,405407,300287,-1.9216,52.60035,3,3,4,09:00,-1,E08000030,3,0,1,0,1,"[9, 19]","[4, 2]","[2, 6]",0,0,0,1,0,0,0,0,0,9,4
2024201487202,2024,201487202,406797,290981,-1.90127,52.51667,3,3,1,13:00,-1,E08000025,3,0,1,0,1,"[19, 6]","[1, 5]",5,0,0,0,1,0,0,0,0,0,9,1
2024201487207,2024,201487207,402708,278012,-1.96162,52.40012,3,3,4,10:30,-1,E08000025,6,0,1,0,1,19,"[6, 1]","[2, 5]",0,0,0,1,0,0,0,0,0,9,4
2024201487362,2024,201487362,390480,286181,-2.14158,52.47348,2,2,3,14:15,-1,E08000027,6,0,1,0,1,19,"[1, 6]","[1, 2]",0,0,0,1,1,0,0,0,0,9,3
2024201487442,2024,201487442,409770,286525,-1.85759,52.47657,3,3,6,23:46,-1,E08000025,4,2,1,0,1,"[19, 2]","[6, 0]","[2, 0]","[4, 0]",0,0,1,0,0,0,0,0,8,30
2024201487452,2024,201487452,435371,282119,-1.48114,52.43591,3,3,4,08:57,-1,E08000026,6,0,1,0,1,"[2, 19]","[0, 3]","[0, 7]","[0, 8]",0,0,1,0,0,0,0,0,9,4
2024201487462,2024,201487462,393909,290260,-2.09118,52.5102,3,3,5,08:45,-1,E08000027,4,0,1,0,1,9,7,8,0,0,0,1,0,0,0,0,1,9,5
2024201487499,2024,201487499,397054,283826,-2.04478,52.45238,3,3,6,18:00,-1,E08000027,3,0,1,0,1,"[19, 3]",4,8,0,0,0,1,0,0,0,0,0,8,30
2024201487514,2024,201487514,405269,302225,-1.92361,52.61777,3,3,2,13:55,-1,E08000030,4,0,1,0,1,9,7,5,0,0,0,1,0,0,0,0,1,9,2
2024201487517,2024,201487517,413853,289369,-1.79735,52.50205,3,3,7,13:20,-1,E08000025,4,0,1,0,1,5,6,2,0,0,0,1,0,0,0,0,0,8,31
2024201487528,2024,201487528,409695,288276,-1.85864,52.49231,3,3,3,05:22,-1,E08000025,4,0,1,0,1,19,6,2,0,0,0,1,0,0,0,0,0,9,3
2024201487550,2024,201487550,404202,283964,-1.93959,52.45362,3,3,6,12:45,-1,E08000025,6,0,1,0,1,"[3, 1]","[5, 1]","[1, 5]",0,0,0,1,0,0,0,0,0,8,30
2024201487622,2024,201487622,401945,279398,-1.97283,52.41258,2,2,7,15:40,-1,E08000025,6,0,1,0,1,"[1, 3]",2,8,0,0,0,1,1,0,0,0,0,8,31
2024201487633,2024,201487633,395007,301528,-2.07517,52.6115,3,3,5,11:31,-1,E08000031,6,0,1,0,1,"[19, 10]","[7, 1]","[2, 4]","[0, 10]","[0, 7]",0,1,0,0,0,0,0,9,5
2024201487637,2024,201487637,391871,287275,-2.12113,52.48333,2,2,2,10:45,-1,E08000027,6,0,1,1,1,9,7,5,0,0,0,1,0,0,0,0,1,9,2
2024201487690,2024,201487690,414347,284623,-1.79028,52.45937,2,2,5,15:20,-1,E08000025,6,0,1,0,1,"[7, 19]","[3, 2]","[5, 6]",0,0,0,1,0,0,0,0,0,9,5
2024201487702,2024,201487702,394380,300820,-2.08442,52.60513,3,3,5,15:00,-1,E08000031,4,0,1,0,1,"[5, 19]","[7, 4]","[8, 7]",0,0,0,1,1,0,0,0,0,9,5
2024201487707,2024,201487707,407538,288269,-1.89041,52.49228,3,3,5,15:05,-1,E08000025,3,0,1,0,1,"[7, 19]",3,"[6, 7]",0,0,0,1,0,1,0,0,0,8,29
2024201487752,2024,201487752,395593,293891,-2.06641,52.54285,2,2,5,17:35,-1,E08000028,6,0,1,0,1,19,3,7,0,0,0,0,1,0,0,0,1,9,5
2024201487767,2024,201487767,391749,286742,-2.12291,52.47854,2,"[3, 2]",5,13:35,-1,E08000027,6,0,1,0,1,7,1,3,10,1,11,1,0,0,0,0,0,9,5
2024201487775,2024,201487775,399688,290413,-2.00603,52.51161,3,3,5,15:37,-1,E08000028,6,0,1,0,1,14,1,5,0,0,0,1,0,0,0,0,1,9,5
2024201487796,2024,201487796,414262,284260,-1.79155,52.45611,2,2,5,15:29,-1,E08000025,6,0,1,0,1,19,2,6,0,0,0,1,0,0,0,0,1,9,5
2024201487861,2024,201487861,407067,281455,-1.89749,52.43103,3,3,5,18:09,-1,E08000025,4,0,1,0,1,"[9, 19]","[6, 2]","[4, 6]",0,0,0,1,1,0,0,0,0,8,29
2024201487870,2024,201487870,415402,277647,-1.77507,52.39663,2,2,7,17:48,-1,E08000029,6,0,1,0,1,"[13, 7]",1,"[2, 8]",0,"[0, 1]",0,1,0,1,0,0,0,8,31
2024201487874,2024,201487874,391929,303008,-2.12066,52.62477,3,3,6,08:00,-1,E08000031,6,0,1,0,1,"[19, 7]","[5, 8]",1,"[0, 10]","[0, 4]",0,1,0,0,0,0,0,9,6
2024201487883,2024,201487883,414969,290305,-1.78087,52.51043,3,3,4,16:12,-1,E08000029,6,0,1,0,2,"[19, 9]","[2, 6]","[6, 4]",0,0,0,1,0,0,0,0,0,7,10
2024201487922,2024,201487922,397556,296676,-2.03749,52.5679,2,2,3,09:15,-1,E08000030,3,0,1,0,1,9,2,8,0,0,0,1,0,0,0,0,1,9,3
2024201487977,2024,201487977,398375,298315,-2.02542,52.58264,3,3,2,20:39,-1,E08000030,6,2,1,1,1,"[12, 19]",2,6,0,0,0,1,0,0,1,0,0,9,2
2024201488015,2024,201488015,405055,301224,-1.92679,52.60877,3,3,6,11:46,-1,E08000030,6,0,1,0,1,"[7, 19]",8,"[2, 4]",0,0,0,1,0,0,0,0,0,9,6
2024201488043,2024,201488043,402317,287887,-1.96731,52.48889,3,3,6,10:00,-1,E08000028,6,0,1,0,1,19,1,5,7,1,4,1,0,0,0,0,0,9,6
2024201488112,2024,201488112,407554,292757,-1.89007,52.53263,3,3,6,13:36,-1,E08000025,4,0,1,0,1,"[19, 2]","[2, 0]","[6, 0]","[4, 0]",0,0,1,0,0,0,0,0,9,6
2024201488231,2024,201488231,432761,280494,-1.51969,52.42146,2,2,6,20:14,-1,E08000026,4,2,1,0,1,9,2,8,0,0,0,1,0,0,0,0,1,9,6
2024201488232,2024,201488232,410657,286716,-1.84452,52.47827,2,"[3, 2]",6,18:53,-1,E08000025,6,0,1,0,1,"[5, 19]","[5, 3]","[1, 7]",0,0,0,1,0,1,0,0,0,9,6
2024201488283,2024,201488283,405176,283296,-1.92527,52.4476,2,2,6,22:50,-1,E08000025,3,2,1,0,1,"[19, 3]",2,6,0,0,0,1,0,0,0,1,0,9,6
2024201488322,2024,201488322,397686,286681,-2.0355,52.47805,3,3,6,12:50,-1,E08000028,3,0,1,0,1,19,6,2,0,0,0,1,0,1,0,0,0,9,6
2024201488338,2024,201488338,435527,278810,-1.47919,52.40615,2,2,5,17:30,-1,E08000026,3,0,1,0,1,19,3,7,0,0,0,1,1,0,0,0,0,8,8
2024201488340,2024,201488340,411704,282004,-1.82927,52.43589,2,2,4,09:15,-1,E08000025,6,0,1,0,1,"[7, 19]",8,"[6, 4]",0,0,0,1,1,0,0,0,0,9,4
2024201488360,2024,201488360,413755,288100,-1.79885,52.49064,3,3,3,19:05,-1,E08000025,6,0,4,0,1,"[9, 7]","[4, 2]","[2, 4]",0,0,0,1,0,0,0,0,0,9,3
2024201488415,2024,201488415,405691,285772,-1.91765,52.46986,3,3,6,12:29,-1,E08000025,6,0,1,0,1,19,"[1, 4]","[6, 8]",0,0,0,1,0,0,0,0,0,9,6
2024201488430,2024,201488430,422974,276684,-1.66386,52.38771,2,2,3,07:40,-1,E08000029,4,0,1,1,2,"[5, 19]","[2, 8]","[8, 4]",0,0,0,1,1,0,0,0,0,9,3
2024201488435,2024,201488435,397621,297182,-2.03653,52.57245,3,3,3,20:00,-1,E08000030,3,0,1,0,1,19,6,2,0,0,0,0,1,0,0,0,0,9,3
2024201488466,2024,201488466,405134,289087,-1.9258,52.49966,3,3,7,15:58,-1,E08000025,6,0,1,0,1,19,6,2,0,0,0,1,0,0,0,0,0,9,7
2024201488475,2024,201488475,406804,293726,-1.90111,52.54135,3,3,7,10:09,-1,E08000025,6,0,2,1,1,"[19, 2]","[4, 0]","[8, 0]","[4, 0]","[7, 0]","[10, 0]",1,0,0,0,0,0,9,7
2024201488496,2024,201488496,400094,290803,-2.00004,52.51511,2,2,5,13:50,-1,E08000028,6,0,1,0,1,19,2,6,0,0,0,0,0,0,0,1,1,9,5
2024201488501,2024,201488501,398949,293290,-2.01693,52.53747,3,3,7,14:41,-1,E08000028,6,0,1,0,1,"[19, 5]","[3, 5]","[7, 1]",0,0,0,1,0,0,1,0,0,9,7
2024201488538,2024,201488538,408404,288322,-1.87765,52.49275,3,3,7,21:05,-1,E08000025,6,2,2,1,1,"[13, 19]",2,6,0,0,0,1,0,1,0,0,0,9,7
2024201488546,2024,201488546,399843,292560,-2.00374,52.53091,3,3,1,19:20,-1,E08000028,4,0,1,0,1,10,2,8,0,0,0,1,0,0,0,0,0,8,18
2024201488568,2024,201488568,394055,293545,-2.08908,52.53973,3,3,7,20:17,-1,E08000027,3,2,2,1,1,"[9, 19]","[1, 5]","[7, 1]",0,"[1, 0]",0,1,0,0,0,0,0,9,7
2024201488570,2024,201488570,408224,290903,-1.88024,52.51595,2,"[3, 2]",7,01:52,-1,E08000025,3,2,1,0,1,"[9, 19, 3]","[4, 5]","[3, 1]",0,0,0,1,0,0,0,0,0,9,7
2024201488576,2024,201488576,412639,282579,-1.81549,52.44104,2,"[3, 2]",7,17:11,-1,E08000025,6,0,2,1,1,"[19, 9]","[5, 7]","[2, 5]",0,0,0,1,0,0,0,0,0,9,7
2024201488585,2024,201488585,400676,301675,-1.99145,52.61285,2,2,7,21:20,-1,E08000030,6,2,2,1,1,7,2,4,0,0,0,1,0,0,0,0,1,9,7
2024201488602,2024,201488602,400184,291490,-1.99872,52.52129,2,2,1,00:04,-1,E08000028,6,2,2,1,1,19,8,4,0,0,0,0,0,1,0,0,0,9,8
2024201488624,2024,201488624,413099,290405,-1.80842,52.51138,2,"[2, 3]",1,01:30,-1,E08000025,3,2,2,1,1,19,6,2,10,1,1,1,0,0,0,0,0,9,8
2024201488625,2024,201488625,410329,285432,-1.84939,52.46673,3,3,7,17:15,-1,E08000025,6,0,1,0,1,"[14, 5]",3,7,0,0,0,1,0,1,0,0,0,8,31
2024201488645,2024,201488645,408761,287881,-1.87241,52.48878,2,2,1,07:20,-1,E08000025,4,0,2,1,1,19,3,7,10,1,11,1,0,0,0,0,0,9,8
2024201488646,2024,201488646,411971,279008,-1.82545,52.40895,3,3,2,08:31,-1,E08000029,3,0,2,1,1,"[19, 13]",8,4,0,0,0,1,0,0,1,0,0,9,2
2024201488648,2024,201488648,399879,284175,-2.00321,52.45553,3,3,6,15:30,-1,E08000025,6,0,1,0,1,"[19, 1]","[7, 3]","[3, 7]",0,0,0,1,0,0,0,0,0,9,6
2024201488651,2024,201488651,403532,286494,-1.94943,52.47636,3,3,1,09:20,-1,E08000025,4,0,2,1,1,"[19, 9]","[7, 6]","[3, 4]",0,0,0,1,0,0,0,0,0,9,8
2024201488702,2024,201488702,404114,284497,-1.94088,52.45841,3,3,4,08:30,-1,E08000025,6,0,1,0,1,19,3,7,0,0,0,1,0,0,0,0,1,9,4
2024201488703,2024,201488703,389611,290060,-2.1545,52.50833,3,3,1,14:38,-1,E08000027,4,0,1,0,2,"[9, 19]","[5, 3]","[3, 7]",0,0,0,1,0,1,0,0,0,8,11
2024201488712,2024,201488712,392601,292451,-2.1105,52.52988,3,3,6,21:30,-1,E08000027,6,2,1,0,1,19,"[4, 1]","[7, 3]",0,0,0,1,1,0,0,0,0,9,6
2024201488721,2024,201488721,396680,294417,-2.05039,52.54759,2,2,1,11:30,-1,E08000028,3,0,1,0,1,1,2,6,0,0,0,1,0,0,0,0,1,9,1
2024201488776,2024,201488776,408849,284550,-1.8712,52.45883,2,2,1,17:29,-1,E08000025,3,0,1,0,1,9,7,5,0,0,0,1,1,0,0,0,0,9,8
2024201488843,2024,201488843,410542,291376,-1.84607,52.52016,2,2,1,22:34,-1,E08000025,6,2,2,1,1,9,6,4,0,0,0,1,0,0,0,0,1,9,8
2024201488856,2024,201488856,393088,286032,-2.10318,52.47218,2,2,2,00:18,-1,E08000027,3,2,1,1,1,"[19, 2]","[8, 0]","[4, 0]","[4, 0]","[1, 0]",0,1,0,0,1,0,0,9,9
2024201488864,2024,201488864,409233,285815,-1.86551,52.47019,3,3,1,21:15,-1,E08000025,6,2,2,1,1,"[19, 2, 5]","[6, 0, 4]","[2, 0, 8]",0,0,0,1,0,0,0,0,0,9,8
2024201488867,2024,201488867,390817,298762,-2.13697,52.58658,3,3,4,11:30,-1,E08000031,6,0,1,0,1,"[8, 14]",8,2,0,0,0,1,0,0,0,0,0,9,4
2024201488878,2024,201488878,407259,278606,-1.89472,52.40542,3,3,4,09:30,-1,E08000025,6,2,1,0,1,19,"[8, 4]","[4, 8]",0,0,0,1,0,0,0,0,0,9,4
2024201488887,2024,201488887,407695,298787,-1.88786,52.58683,3,3,4,17:14,-1,E08000030,3,0,1,0,1,19,5,1,0,0,0,0,0,1,0,0,1,8,21
2024201488918,2024,201488918,412168,287169,-1.82226,52.48231,2,2,1,15:10,-1,E08000025,6,0,1,0,1,"[10, 13]",1,"[6, 5]","[0, 10]","[0, 1]","[0, 4]",1,0,0,0,0,0,6,23
2024201489054,2024,201489054,400121,301382,-1.99965,52.61022,3,3,6,16:24,-1,E08000030,6,0,1,0,1,1,1,7,0,0,0,1,0,0,0,0,1,9,6
2024201489070,2024,201489070,407730,286399,-1.88762,52.47547,3,3,2,10:58,-1,E08000025,4,0,1,0,1,19,4,8,0,0,0,0,0,0,1,0,1,9,9
2024201489097,2024,201489097,393836,289181,-2.09223,52.5005,2,2,2,12:10,-1,E08000027,3,0,1,0,1,19,4,8,10,6,10,0,0,1,0,0,0,9,9
2024201489114,2024,201489114,399751,277513,-2.00508,52.39564,3,3,2,22:37,-1,E08000025,3,2,1,0,1,"[9, 19]","[7, 3]","[5, 7]","[0, 10]","[0, 7]","[0, 11]",1,0,0,0,0,0,9,2
2024201489236,2024,201489236,391917,298384,-2.12073,52.5832,2,2,2,17:45,-1,E08000031,3,0,1,0,1,19,2,6,0,0,0,1,0,0,0,0,0,9,9
2024201489255,2024,201489255,426554,282224,-1.61082,52.43735,3,3,2,18:43,-1,E08000029,3,0,1,0,2,"[19, 3]",8,4,0,0,0,1,0,0,0,0,0,9,9
2024201489278,2024,201489278,412279,297876,-1.82023,52.57856,2,2,2,18:55,-1,E08000025,6,0,1,0,1,"[7, 19]","[2, 1]",5,0,0,0,1,0,0,0,0,0,9,9
2024201489295,2024,201489295,408937,284423,-1.8699,52.45769,3,3,7,18:10,-1,E08000025,3,0,2,1,1,"[10, 7]","[8, 6]","[6, 7]",0,0,0,1,0,0,0,0,0,9,7
2024201489306,2024,201489306,429352,280725,-1.56979,52.42373,2,"[2, 3]",2,22:13,-1,E08000026,6,2,1,0,1,19,"[8, 4]","[4, 8]",0,0,0,1,0,0,0,0,0,9,9
2024201489314,2024,201489314,412456,288375,-1.81797,52.49315,2,"[2, 3]",2,05:35,-1,E08000025,3,2,1,1,1,19,8,4,7,4,0,0,0,1,0,0,1,9,9
2024201489320,2024,201489320,401146,285324,-1.98456,52.46586,2,2,2,22:53,-1,E08000028,3,2,1,0,1,"[9, 19]","[6, 5]","[1, 5]",0,"[7, 0]",0,1,0,1,0,0,0,9,9
2024201489325,2024,201489325,392164,293378,-2.11696,52.5382,3,3,3,02:09,-1,E08000027,3,2,1,0,1,19,7,3,0,0,0,1,0,0,0,0,0,9,10
2024201489348,2024,201489348,391784,298024,-2.12268,52.57996,3,3,7,20:10,-1,E08000031,6,2,2,1,1,"[4, 9]","[3, 5]","[7, 3]",0,0,0,1,0,0,0,0,0,9,7
2024201489350,2024,201489350,392412,293238,-2.1133,52.53695,3,3,5,08:25,-1,E08000027,3,0,1,0,1,19,4,8,0,0,0,1,0,0,0,0,1,9,5
2024201489358,2024,201489358,394078,301783,-2.0889,52.61379,3,3,2,17:20,-1,E08000031,6,0,2,1,1,19,2,6,0,0,0,1,1,0,0,0,0,9,2
2024201489376,2024,201489376,432046,278972,-1.53035,52.40782,3,3,7,19:36,-1,E08000026,4,0,1,1,1,15,1,5,0,0,0,1,0,0,0,0,1,9,7
2024201489384,2024,201489384,433729,283050,-1.5052,52.44438,3,3,6,08:50,-1,E08000026,6,0,1,0,1,"[2, 4]","[0, 2]","[0, 6]",0,0,0,1,0,0,0,0,0,9,6
2024201489391,2024,201489391,416946,287527,-1.75188,52.4854,3,3,3,08:20,-1,E08000029,6,0,1,0,1,"[5, 19]","[4, 2]","[8, 6]",0,0,0,1,1,0,0,0,0,9,10
2024201489397,2024,201489397,393422,301108,-2.09857,52.60771,3,3,1,14:00,-1,E08000031,6,0,1,0,1,"[14, 19]","[2, 6]","[6, 2]",0,0,0,1,0,0,0,0,0,9,1
2024201489541,2024,201489541,438087,278615,-1.44159,52.40423,3,3,5,19:25,-1,E08000026,4,2,1,0,1,"[19, 7]","[3, 5]",7,0,0,0,1,0,0,0,0,0,9,5
2024201489552,2024,201489552,392967,293056,-2.10512,52.53532,3,3,7,21:58,-1,E08000027,3,2,1,1,1,19,8,4,0,0,0,1,0,0,0,0,0,9,7
2024201489650,2024,201489650,395746,300004,-2.06424,52.59781,3,3,3,12:00,-1,E08000031,4,0,1,0,1,19,"[3, 4]",7,0,0,0,0,1,1,0,0,0,9,10
2024201489702,2024,201489702,407036,289015,-1.89779,52.49899,2,2,2,17:04,-1,E08000025,4,0,1,0,1,"[9, 19]","[7, 3]","[4, 7]",0,0,0,1,0,0,0,0,0,9,9
2024201489726,2024,201489726,411330,290513,-1.83448,52.51239,3,3,3,18:20,-1,E08000025,3,0,2,1,1,19,1,5,0,0,0,1,0,0,0,0,1,9,10
2024201489735,2024,201489735,400080,292590,-2.00025,52.53118,3,3,3,17:07,-1,E08000028,4,0,2,1,1,"[9, 19]","[4, 1]","[2, 6]",0,0,0,1,0,1,0,0,0,9,10
2024201489757,2024,201489757,412076,286881,-1.82362,52.47972,3,3,1,04:25,-1,E08000025,4,2,8,1,1,19,"[2, 4]","[6, 8]",0,0,0,1,0,0,0,0,0,9,8
2024201489763,2024,201489763,416457,288973,-1.75901,52.49842,2,2,3,15:50,-1,E08000025,6,0,2,1,1,19,"[4, 2]","[8, 6]",0,0,0,1,0,1,0,0,0,9,10
2024201489797,2024,201489797,392026,284177,-2.11877,52.45549,3,3,3,20:14,-1,E08000027,3,0,1,0,1,"[9, 19]","[4, 7]","[3, 2]",0,0,0,1,0,0,0,0,0,9,10