collision_index,collision_year,collision_ref_no,location_easting_osgr,location_northing_osgr,longitude,latitude,casualty_severity,casualty_severity,day_of_week,time,local_authority_district,local_authority_ons_district,first_road_class,light_conditions,weather_conditions,road_surface_conditions,urban_or_rural_area,vehicle_manoeuvre,vehicle_direction_from,vehicle_direction_to,hit_object_in_carriageway,vehicle_leaving_carriageway,hit_object_off_carriageway,is_car,is_cyle,is_mcyle,is_goodsv,is_other,is_pedestrian,month,day
2024201489859,2024,201489859,401539,282649,-1.97879,52.44181,3,3,3,12:50,-1,E08000025,6,0,1,0,1,"[3, 19]",3,7,0,0,0,1,0,0,0,0,0,9,10
2024201489869,2024,201489869,406609,293903,-1.90398,52.54294,2,2,3,11:50,-1,E08000025,6,0,1,0,1,"[13, 9]",6,"[2, 4]",0,0,0,1,1,0,0,0,0,7,30
2024201489937,2024,201489937,410642,292354,-1.84456,52.52895,3,3,4,08:15,-1,E08000025,6,0,1,0,1,19,8,4,0,0,0,1,0,0,0,0,1,9,11
2024201489976,2024,201489976,409202,286087,-1.86596,52.47264,3,3,7,15:00,-1,E08000025,6,0,1,0,1,"[19, 7]","[8, 3]",4,"[0, 8]",0,0,1,0,1,0,0,0,9,7
2024201490027,2024,201490027,412175,283829,-1.82227,52.45228,3,3,1,19:45,-1,E08000025,6,0,1,0,1,"[13, 1]","[5, 4]","[4, 8]",0,0,0,1,0,1,0,0,0,9,8
2024201490039,2024,201490039,398776,295076,-2.01948,52.55352,3,3,7,22:00,-1,E08000028,3,2,1,0,1,19,3,7,10,0,0,1,0,0,0,0,1,8,31
2024201490050,2024,201490050,433519,282544,-1.50834,52.43984,3,3,1,09:30,-1,E08000026,6,0,2,1,1,9,5,2,0,0,0,1,0,0,0,0,1,9,8
2024201490057,2024,201490057,399132,298308,-2.01424,52.58258,3,3,1,08:00,-1,E08000030,1,0,1,0,1,"[19, 3]",5,1,0,0,0,1,0,0,0,0,0,9,8
2024201490071,2024,201490071,417214,288138,-1.74791,52.49089,2,2,6,14:49,-1,E08000029,6,0,1,0,1,19,1,5,0,0,0,1,0,0,0,0,0,8,30
2024201490098,2024,201490098,389296,285269,-2.15898,52.46526,2,2,4,08:16,-1,E08000027,3,0,1,0,1,19,6,2,0,0,0,1,0,0,0,0,1,9,11
2024201490108,2024,201490108,411014,285119,-1.83932,52.46391,3,3,7,13:13,-1,E08000025,3,0,1,0,1,"[19, 5]","[7, 3]","[5, 6]",0,0,0,1,0,0,0,0,0,9,7
2024201490221,2024,201490221,407741,289367,-1.88739,52.50215,3,3,4,18:05,-1,E08000025,6,0,1,1,1,9,5,3,0,0,0,1,0,0,0,0,1,9,11
2024201490273,2024,201490273,392228,284558,-2.11581,52.45891,2,2,4,19:50,-1,E08000027,3,2,2,1,1,"[15, 12]",7,3,"[10, 0]","[2, 0]","[10, 0]",1,0,0,0,0,0,9,11
2024201490340,2024,201490340,393882,289127,-2.09155,52.50001,3,3,6,13:40,-1,E08000027,3,0,1,0,1,"[19, 5]","[5, 6]","[1, 2]",0,0,0,1,0,0,0,0,0,8,30
2024201490479,2024,201490479,406020,292557,-1.91269,52.53085,3,3,5,11:00,-1,E08000025,3,0,1,0,1,"[19, 3]","[8, 0]","[4, 0]",0,0,0,1,0,0,0,0,0,9,12
2024201490512,2024,201490512,406918,286751,-1.89957,52.47864,3,3,5,16:46,-1,E08000025,6,0,1,0,1,19,3,7,0,0,0,0,1,0,0,0,1,9,5
2024201490566,2024,201490566,417130,287692,-1.74917,52.48688,3,3,5,08:25,-1,E08000029,6,0,1,0,1,"[4, 19]",6,2,"[10, 0]","[1, 0]","[5, 0]",0,1,0,1,0,0,9,12
2024201490570,2024,201490570,411084,285563,-1.83827,52.4679,3,3,5,08:22,-1,E08000025,6,0,1,1,1,"[13, 2]","[4, 0]","[8, 0]",0,0,0,1,0,0,0,0,1,9,12
2024201490724,2024,201490724,390342,290156,-2.14373,52.50921,3,3,5,17:42,-1,E08000027,4,0,1,0,1,"[9, 5]","[7, 3]","[6, 7]","[0, 7]",0,0,1,0,0,0,0,0,9,12
2024201490757,2024,201490757,400089,297298,-2.00012,52.5735,3,3,5,16:35,-1,E08000030,6,0,2,1,1,"[19, 9]","[2, 7]","[8, 6]",0,0,0,1,0,0,0,0,0,9,12
2024201490777,2024,201490777,417759,273825,-1.74063,52.3622,3,3,4,17:40,-1,E08000029,6,0,1,0,1,"[5, 19]","[8, 2]","[4, 6]","[0, 10]","[0, 3]","[0, 3]",1,0,0,0,0,0,9,4
2024201490852,2024,201490852,409176,288288,-1.86628,52.49243,2,2,2,19:13,-1,E08000025,6,2,1,0,1,"[5, 19]","[5, 3]","[1, 7]",0,0,0,1,1,0,0,0,0,9,9
2024201490880,2024,201490880,404366,287631,-1.93713,52.48658,3,3,3,09:40,-1,E08000025,3,0,1,1,1,"[19, 9]","[3, 1]",7,"[0, 10]","[0, 3]",0,1,0,0,0,0,0,9,3
2024201490885,2024,201490885,412244,278090,-1.82147,52.40069,3,3,3,12:15,-1,E08000029,3,0,1,0,1,1,1,5,0,0,0,1,0,0,0,0,1,9,10
2024201490913,2024,201490913,436644,280878,-1.46255,52.42467,3,3,3,16:40,-1,E08000026,6,0,2,1,1,"[19, 4]",2,6,0,0,0,1,0,0,0,0,0,9,10
2024201490927,2024,201490927,409924,289599,-1.85523,52.5042,3,3,3,20:45,-1,E08000025,6,2,1,0,1,19,1,5,0,0,0,1,0,0,0,0,1,9,10
2024201490944,2024,201490944,386813,298277,-2.19605,52.58214,3,3,4,11:30,-1,E08000031,3,0,1,0,1,"[3, 19]",3,7,0,0,0,1,0,0,0,0,0,9,11
2024201490961,2024,201490961,434187,281387,-1.49863,52.4294,3,3,3,19:10,-1,E08000026,4,0,4,0,1,19,2,6,0,0,0,1,0,0,0,0,0,9,10
2024201490973,2024,201490973,406799,287944,-1.9013,52.48937,2,2,6,11:01,-1,E08000025,6,0,1,0,1,"[5, 19]","[1, 5]","[7, 1]",0,0,0,1,0,1,0,0,0,9,13
2024201490997,2024,201490997,432094,279563,-1.52958,52.41313,3,3,6,08:30,-1,E08000026,3,0,1,0,1,"[11, 5]","[4, 3]","[6, 7]",0,0,0,1,0,0,0,0,0,9,13
2024201491027,2024,201491027,390098,283546,-2.14713,52.44978,3,3,6,11:24,-1,E08000027,6,0,1,0,1,"[10, 9]","[6, 8]","[4, 6]",0,0,0,1,0,0,0,0,0,9,13
2024201491071,2024,201491071,411297,285068,-1.83515,52.46344,3,3,2,14:00,-1,E08000025,3,0,1,0,1,"[3, 19]",7,3,0,0,0,1,0,0,0,0,0,9,2
2024201491164,2024,201491164,397167,295739,-2.04322,52.55948,2,2,4,17:45,-1,E08000030,3,0,8,1,1,19,4,8,0,0,0,1,0,0,0,0,1,9,11
2024201491224,2024,201491224,390205,298913,-2.14601,52.58793,2,2,6,15:07,-1,E08000031,6,0,1,0,1,9,8,5,0,0,0,1,0,0,0,0,1,9,13
2024201491250,2024,201491250,413391,288987,-1.80418,52.49863,2,2,6,23:53,-1,E08000025,4,2,1,0,1,19,2,6,0,0,0,1,0,0,0,0,1,9,13
2024201491254,2024,201491254,403952,285728,-1.94325,52.46948,3,3,6,21:00,-1,E08000025,4,2,1,0,1,19,"[1, 7]","[5, 3]",0,0,0,1,0,0,0,0,0,9,13
2024201491299,2024,201491299,432019,278079,-1.53083,52.39979,2,2,4,15:30,-1,E08000026,6,0,1,0,1,19,2,6,0,0,0,0,0,0,0,0,1,9,11
2024201491300,2024,201491300,389808,287961,-2.15153,52.48947,3,3,4,08:27,-1,E08000027,6,0,1,0,1,19,2,6,"[10, 0]",0,0,1,1,0,0,0,0,9,11
2024201491327,2024,201491327,406053,287376,-1.9123,52.48427,3,3,7,09:40,-1,E08000025,6,0,1,0,1,19,"[7, 5]",3,0,0,0,1,0,0,0,0,0,9,14
2024201491429,2024,201491429,416469,288670,-1.75885,52.49569,3,3,7,14:32,-1,E08000025,6,0,1,0,1,"[15, 7]","[8, 6]","[4, 8]",0,0,0,1,0,0,0,0,0,9,14
2024201491430,2024,201491430,410793,281242,-1.84269,52.42906,3,3,7,13:21,-1,E08000025,3,0,1,0,1,"[10, 9]","[8, 2]",6,0,0,0,1,0,1,0,0,0,9,14
2024201491431,2024,201491431,400449,287446,-1.99482,52.48493,3,3,6,09:00,-1,E08000028,6,0,1,0,1,"[9, 13, 2]","[6, 0]","[4, 2, 0]",0,0,0,1,0,0,0,0,0,9,13
2024201491434,2024,201491434,401973,288869,-1.97237,52.49772,2,2,7,10:11,-1,E08000028,6,0,1,0,1,19,2,6,0,0,0,1,0,0,0,0,1,9,14
2024201491479,2024,201491479,409023,293487,-1.8684,52.53917,3,3,7,18:33,-1,E08000025,6,0,1,0,1,"[9, 19]","[2, 6]","[8, 2]",0,0,0,1,1,0,0,0,0,9,14
2024201491480,2024,201491480,411617,283119,-1.83051,52.44591,3,3,7,18:29,-1,E08000025,6,0,1,0,1,4,2,6,0,0,0,1,0,0,0,0,1,9,14
2024201491522,2024,201491522,434159,283532,-1.49882,52.44869,3,3,3,06:45,-1,E08000026,3,0,1,0,1,19,1,4,7,1,2,1,0,0,0,0,0,6,4
2024201491527,2024,201491527,434635,279834,-1.4922,52.41541,3,3,7,20:20,-1,E08000026,6,2,1,0,1,19,2,6,0,0,0,1,0,0,0,0,1,9,14
2024201491532,2024,201491532,412365,290028,-1.81925,52.50801,3,3,7,23:25,-1,E08000025,3,2,1,0,2,19,"[7, 3]","[3, 7]","[0, 10]","[0, 7]",0,1,0,0,0,0,0,9,14
2024201491537,2024,201491537,410417,291137,-1.84792,52.51802,2,2,1,00:16,-1,E08000025,3,2,1,0,1,19,6,2,0,0,0,1,0,0,0,0,1,9,15
2024201491550,2024,201491550,410603,280575,-1.84551,52.42306,2,2,1,00:43,-1,E08000025,6,2,1,0,1,"[5, 19]","[8, 2]","[2, 8]",0,0,0,1,0,0,0,0,0,9,15
2024201491557,2024,201491557,399130,296155,-2.01427,52.56323,3,3,7,23:03,-1,E08000028,6,2,1,0,1,19,3,7,0,0,0,1,0,0,0,0,0,9,14
2024201491563,2024,201491563,396339,290465,-2.05537,52.51206,2,2,7,21:40,-1,E08000028,3,2,1,0,1,19,"[7, 2]","[3, 8]",0,0,0,1,1,0,0,0,0,9,14
2024201491575,2024,201491575,406053,292521,-1.9122,52.53053,3,3,3,16:30,-1,E08000025,3,0,2,1,1,"[3, 19]",8,"[4, 2]","[0, 10]","[0, 1]",0,1,0,0,0,0,0,9,10
2024201491617,2024,201491617,391195,281705,-2.13094,52.43325,3,3,6,15:35,-1,E08000027,3,0,1,0,1,"[3, 13]",1,5,0,"[0, 1]",0,1,0,0,0,0,0,9,13
2024201491622,2024,201491622,434999,278486,-1.48699,52.40327,3,3,1,12:08,-1,E08000026,4,0,1,0,1,19,5,1,10,7,2,1,0,0,0,0,1,9,15
2024201491623,2024,201491623,404089,282631,-1.94127,52.44163,3,3,7,09:38,-1,E08000025,3,0,1,0,1,"[9, 19]",5,1,0,0,0,1,1,0,0,0,0,9,7
2024201491647,2024,201491647,395141,296341,-2.07311,52.56488,3,3,1,13:13,-1,E08000031,3,0,2,1,1,19,7,3,0,0,0,1,0,0,0,0,0,9,15
2024201491649,2024,201491649,401653,277635,-1.97713,52.39673,3,3,7,08:10,-1,E08000025,6,0,1,0,1,"[2, 19]","[0, 2]","[0, 6]","[4, 0]",0,0,1,0,0,0,0,0,9,14
2024201491660,2024,201491660,410790,281191,-1.84274,52.4286,3,3,4,15:52,-1,E08000025,3,0,1,0,1,"[19, 8]",6,"[2, 8]",0,0,0,1,0,0,0,0,0,9,11
2024201491667,2024,201491667,392972,299505,-2.10518,52.5933,3,3,1,14:30,-1,E08000031,3,0,2,1,1,"[3, 19]",3,7,0,0,0,1,0,1,0,0,0,9,15
2024201491676,2024,201491676,408653,294808,-1.87382,52.55105,2,"[3, 2]",1,12:47,-1,E08000025,4,0,1,0,1,19,"[7, 6]","[3, 2]",0,0,0,1,0,0,0,0,0,9,15
2024201491705,2024,201491705,407959,294297,-1.88407,52.54647,3,3,1,15:57,-1,E08000025,6,0,1,1,1,5,4,3,10,7,11,1,0,0,0,0,1,9,15
2024201491722,2024,201491722,406987,285390,-1.89858,52.46641,3,3,1,17:05,-1,E08000025,3,0,1,0,1,19,4,"[8, 5]",0,0,0,1,0,0,0,0,0,9,8
2024201491745,2024,201491745,425632,279106,-1.62462,52.40936,3,3,1,16:47,-1,E08000029,6,0,2,1,2,"[9, 19]","[8, 4]","[6, 1]",0,0,0,1,1,0,0,0,0,9,15
2024201491767,2024,201491767,406662,290072,-1.90327,52.5085,3,3,1,19:34,-1,E08000025,3,0,1,0,1,"[9, 19]","[7, 1]","[5, 3]","[0, 10]",0,0,1,0,0,0,0,0,9,15
2024201491835,2024,201491835,401567,303507,-1.97828,52.62932,3,3,4,18:34,-1,E08000030,3,0,2,1,1,"[3, 19]",6,2,0,0,0,1,0,0,0,0,0,9,11
2024201491840,2024,201491840,433618,282252,-1.50691,52.43721,3,3,4,11:43,-1,E08000026,6,0,2,1,1,"[6, 3, 19]","[1, 8]","[2, 4, 5]",0,"[2, 0]",0,1,0,0,0,0,0,9,11
2024201491843,2024,201491843,403497,287824,-1.94993,52.48832,3,3,7,09:00,-1,E08000028,3,0,1,0,1,19,1,5,0,0,0,1,0,0,0,0,1,9,14
2024201491858,2024,201491858,404975,294228,-1.92807,52.54588,3,3,2,07:07,-1,E08000025,3,0,1,0,1,"[19, 11]",3,7,0,0,0,1,0,1,0,0,0,9,16
2024201491860,2024,201491860,404377,290033,-1.93694,52.50817,3,3,5,14:00,-1,E08000025,6,0,1,0,1,"[19, 7]","[3, 5]",7,0,0,0,1,0,0,0,0,0,9,12
2024201491868,2024,201491868,409370,286388,-1.86348,52.47534,3,3,5,15:15,-1,E08000025,4,0,1,0,1,"[9, 19]","[4, 1]","[2, 5]",0,0,0,1,0,0,0,0,0,9,12
2024201491883,2024,201491883,400953,299905,-1.98736,52.59694,3,3,7,20:00,-1,E08000030,4,2,1,0,1,"[19, 2]","[5, 0]","[1, 0]",0,0,0,1,0,0,0,0,0,9,14
2024201491909,2024,201491909,414934,283944,-1.78167,52.45325,3,3,6,18:30,-1,E08000025,6,0,1,0,1,19,3,7,0,0,0,1,0,0,0,0,1,9,13
2024201491924,2024,201491924,408809,283277,-1.87182,52.44739,3,3,7,15:50,-1,E08000025,6,0,1,0,1,"[13, 9]","[1, 5]","[5, 3]",10,"[1, 7]","[1, 0]",1,0,0,0,0,0,9,14
2024201491925,2024,201491925,415175,287309,-1.77797,52.48349,3,3,6,10:27,-1,E08000025,6,0,1,0,1,5,6,2,0,0,0,1,0,0,0,0,1,9,13
2024201491939,2024,201491939,411424,288400,-1.83317,52.49339,3,3,5,12:25,-1,E08000025,6,0,1,0,1,"[14, 8]",5,8,0,0,0,1,0,0,0,0,0,9,12
2024201491957,2024,201491957,407235,284062,-1.89496,52.45447,3,3,4,08:00,-1,E08000025,6,0,1,0,1,"[19, 5]","[6, 7]","[2, 3]",0,0,0,1,1,0,0,0,0,9,11
2024201491972,2024,201491972,392585,289004,-2.11066,52.49889,3,3,2,11:33,-1,E08000027,3,0,1,0,1,"[19, 5]",2,6,0,0,0,1,0,1,0,0,0,9,16
2024201491991,2024,201491991,407139,287559,-1.8963,52.4859,3,3,6,14:35,-1,E08000025,3,0,1,0,1,"[12, 13]","[4, 3]","[6, 5]",0,0,0,1,0,0,0,0,0,9,13
2024201492028,2024,201492028,412002,294507,-1.82444,52.54828,3,3,6,20:39,-1,E08000025,3,0,1,0,1,"[4, 19]",5,1,0,0,0,1,0,0,0,0,0,9,13
2024201492032,2024,201492032,406676,286624,-1.90314,52.4775,3,3,7,11:00,-1,E08000025,6,0,1,0,1,19,2,6,0,0,0,1,0,0,0,0,1,9,14
2024201492062,2024,201492062,412094,291623,-1.82319,52.52235,3,3,2,09:34,-1,E08000025,6,0,1,0,1,"[15, 2, 19]","[4, 0, 8]","[8, 0, 4]","[4, 0]",0,0,1,0,0,0,0,0,9,16
2024201492067,2024,201492067,408228,296777,-1.88004,52.56876,3,3,6,18:30,-1,E08000030,3,0,1,0,1,"[7, 19]",6,1,0,0,0,1,0,0,0,0,0,9,6
2024201492085,2024,201492085,406028,286510,-1.91268,52.47649,3,3,6,22:00,-1,E08000025,6,2,1,0,1,19,6,2,0,0,0,1,0,0,0,0,1,9,13
2024201492093,2024,201492093,395463,296381,-2.06836,52.56524,3,3,2,15:14,-1,E08000031,3,0,1,0,1,19,6,2,0,0,0,1,0,0,0,0,0,9,16
2024201492148,2024,201492148,432788,281559,-1.51919,52.43103,3,3,4,22:30,-1,E08000026,6,2,1,1,1,19,2,"[5, 7]",0,0,0,1,1,0,0,0,0,9,11
2024201492187,2024,201492187,392935,295425,-2.10564,52.55662,3,3,2,18:19,-1,E08000031,3,0,1,0,1,19,8,4,0,0,0,1,0,0,0,0,1,9,16
2024201492218,2024,201492218,399659,295426,-2.00646,52.55667,2,"[3, 2]",6,08:43,-1,E08000028,6,0,1,0,1,19,"[2, 6]","[6, 2]",0,0,0,1,0,0,0,0,0,9,13
2024201492355,2024,201492355,393766,295070,-2.09337,52.55344,3,3,7,14:00,-1,E08000031,3,0,1,0,1,"[19, 12]","[7, 2]","[1, 6]","[0, 7]","[0, 4]",0,1,0,0,0,0,0,9,14
2024201492394,2024,201492394,401251,279923,-1.98303,52.4173,3,3,3,09:06,-1,E08000025,6,0,1,0,1,"[19, 5]","[2, 4]","[5, 8]",0,0,0,1,0,1,0,0,0,9,17
2024201492412,2024,201492412,392421,296090,-2.11324,52.56259,3,3,6,19:00,-1,E08000031,3,2,1,0,1,19,8,4,0,0,0,0,0,0,0,1,1,9,13
2024201492423,2024,201492423,405396,304554,-1.9217,52.63871,3,3,3,08:34,-1,E08000030,6,0,1,0,1,19,2,6,0,0,0,1,0,0,0,0,1,9,17
2024201492424,2024,201492424,406828,287356,-1.90088,52.48408,2,2,7,20:07,-1,E08000025,3,2,8,0,1,19,2,6,0,0,0,1,0,0,0,0,0,9,14
2024201492425,2024,201492425,402685,302501,-1.96177,52.62027,3,3,3,08:10,-1,E08000030,6,0,1,0,1,"[14, 2, 19]","[1, 0, 6]","[4, 0, 7]","[4, 0]",0,0,1,0,0,0,0,0,9,17
2024201492431,2024,201492431,410509,283556,-1.8468,52.44986,2,"[2, 3]",5,22:53,-1,E08000025,6,2,2,1,1,"[19, 9]","[6, 8]","[2, 5]",0,0,0,1,0,0,0,0,0,8,22
2024201492433,2024,201492433,437561,281968,-1.44894,52.4344,3,3,3,12:31,-1,E08000026,6,0,1,0,1,19,5,1,0,0,0,1,0,0,0,0,1,9,17
2024201492453,2024,201492453,412208,278229,-1.82199,52.40194,3,3,4,19:40,-1,E08000029,3,2,1,1,1,19,1,5,0,0,0,1,0,0,0,0,1,2,14
2024201492463,2024,201492463,410842,292266,-1.84162,52.52816,2,2,2,21:33,-1,E08000025,4,2,1,0,1,"[9, 19]","[7, 4]","[5, 8]",0,0,0,1,1,0,0,0,0,9,16
2024201492472,2024,201492472,412285,288305,-1.82049,52.49252,2,2,3,11:35,-1,E08000025,6,0,1,0,1,2,0,0,0,0,0,1,0,0,0,0,1,9,17
2024201492474,2024,201492474,408315,285581,-1.87903,52.46811,3,3,2,13:44,-1,E08000025,3,0,1,0,1,19,"[4, 2]",6,0,0,0,1,0,0,0,0,0,9,16
2024201492479,2024,201492479,413544,276999,-1.8024,52.39085,2,2,7,17:35,-1,E08000029,6,0,1,0,1,"[7, 19]","[3, 1]",5,0,0,0,1,1,0,0,0,0,3,30
2024201492579,2024,201492579,389304,297500,-2.15926,52.57521,3,3,7,15:24,-1,E08000031,6,0,1,0,1,19,6,2,"[10, 0]","[1, 0]","[11, 0]",1,0,0,0,0,0,9,14
2024201492591,2024,201492591,410141,290545,-1.852,52.5127,3,3,6,15:30,-1,E08000025,3,0,1,0,1,"[3, 19]",5,1,0,0,0,1,0,0,0,0,0,9,13
2024201492595,2024,201492595,407087,294570,-1.89692,52.54893,3,3,3,17:02,-1,E08000025,6,0,1,0,1,19,6,3,10,1,2,1,0,0,0,0,0,9,17
2024201492628,2024,201492628,400679,277262,-1.99145,52.39338,2,"[3, 2]",3,19:21,-1,E08000025,4,2,1,0,1,"[19, 9]","[2, 6]","[6, 4]",0,0,0,1,0,0,0,0,0,9,17
2024201492637,2024,201492637,406585,284504,-1.90452,52.45845,1,1,3,16:58,-1,E08000025,3,0,1,0,1,7,4,6,0,0,0,1,0,0,0,0,1,9,17
2024201492708,2024,201492708,400781,288331,-1.98993,52.49289,3,3,7,22:00,-1,E08000028,6,2,1,1,1,19,"[8, 2]","[4, 6]","[10, 0]","[7, 0]",0,1,0,0,0,0,0,9,7
2024201492775,2024,201492775,402735,277597,-1.96123,52.39638,3,3,7,12:30,-1,E08000025,6,0,9,0,1,19,"[1, 7]","[5, 3]",0,0,0,1,0,0,0,0,0,9,14
2024201492850,2024,201492850,435454,283683,-1.47975,52.44996,3,3,2,13:45,-1,E08000026,6,0,1,0,1,"[3, 19]","[7, 6]","[1, 2]",0,0,0,1,0,0,0,0,0,9,16
2024201492860,2024,201492860,434517,282058,-1.49371,52.43541,3,3,7,15:55,-1,E08000026,3,0,1,0,1,"[4, 3]",4,"[6, 1]",0,0,0,1,0,0,0,0,0,9,14
2024201492900,2024,201492900,407769,285069,-1.88708,52.46351,3,3,1,18:40,-1,E08000025,3,0,2,1,1,"[7, 19]","[2, 7]","[4, 3]","[0, 9]","[0, 7]",0,1,0,0,0,0,0,9,8
2024201493026,2024,201493026,409980,274708,-1.85484,52.37033,3,3,4,09:13,-1,E08000029,6,0,1,0,2,"[19, 9]","[6, 8]","[2, 6]",0,0,0,1,0,0,0,0,0,9,18
2024201493039,2024,201493039,398891,289350,-2.01777,52.50205,3,3,2,06:02,-1,E08000028,3,2,1,0,1,19,8,4,0,0,0,1,1,0,0,0,0,9,16
2024201493069,2024,201493069,413707,287773,-1.79957,52.4877,3,3,3,07:56,-1,E08000025,6,0,1,0,1,14,7,3,0,0,0,1,0,0,0,0,1,9,17
2024201493125,2024,201493125,411669,285029,-1.82968,52.46308,1,1,4,17:06,-1,E08000025,3,0,1,0,1,"[7, 2, 19]","[7, 0, 5]","[3, 0]","[0, 4]",0,0,1,0,1,0,0,0,9,18
2024201493191,2024,201493191,405487,285949,-1.92065,52.47145,3,3,3,18:09,-1,E08000025,4,0,1,0,1,1,2,6,0,0,0,1,0,0,0,0,1,9,17
2024201493204,2024,201493204,409107,284911,-1.86739,52.46207,3,3,3,16:48,-1,E08000025,6,0,1,0,1,19,"[8, 6]","[4, 3]",0,0,0,1,1,0,0,0,0,9,17
2024201493205,2024,201493205,411818,286443,-1.82744,52.47579,3,3,4,15:32,-1,E08000025,6,0,1,0,1,"[5, 19]",6,2,0,0,0,1,0,0,0,0,1,9,18
2024201493211,2024,201493211,392097,291209,-2.1179,52.5187,2,2,3,15:57,-1,E08000027,6,0,1,0,1,19,2,6,0,0,0,1,0,0,0,0,1,9,17
2024201493325,2024,201493325,389993,285933,-2.14874,52.47124,3,3,5,09:25,-1,E08000027,6,0,1,0,1,"[19, 5]","[7, 5]","[3, 1]",0,0,0,1,0,0,0,0,0,9,19
2024201493420,2024,201493420,405417,285538,-1.92169,52.46776,3,3,3,16:00,-1,E08000025,4,0,1,0,1,19,1,5,0,0,0,1,0,0,0,0,1,9,17
2024201493431,2024,201493431,400001,284584,-2.00141,52.4592,3,3,2,13:23,-1,E08000025,6,0,1,0,1,"[2, 19]","[0, 3]","[0, 7]","[0, 4]",0,0,1,0,0,0,0,0,4,8
2024201493439,2024,201493439,407509,279679,-1.89103,52.41506,3,3,5,13:28,-1,E08000025,6,0,1,0,1,"[2, 19]","[0, 5]","[0, 1]","[0, 4]",0,0,1,0,0,0,0,0,9,19
2024201493531,2024,201493531,421482,277073,-1.68576,52.39126,3,3,3,16:58,-1,E08000029,4,0,1,0,2,"[19, 13]",2,6,0,0,0,1,0,0,0,0,0,8,20
2024201493546,2024,201493546,400386,291295,-1.99574,52.51954,3,3,3,13:30,-1,E08000028,6,0,1,0,1,19,"[6, 2]","[2, 6]",0,0,0,1,0,0,0,0,0,9,17
2024201493547,2024,201493547,400959,277647,-1.98733,52.39684,3,3,5,13:52,-1,E08000025,3,0,1,0,1,9,3,2,7,5,2,1,0,0,0,0,0,9,19
2024201493550,2024,201493550,408792,279480,-1.87217,52.41325,3,3,4,11:00,-1,E08000025,6,0,1,0,1,"[3, 19]",5,1,0,0,0,1,0,0,0,0,0,9,18
2024201493593,2024,201493593,404801,279731,-1.93084,52.41556,1,1,5,16:43,-1,E08000025,3,0,1,0,1,10,2,6,0,0,0,0,0,0,1,0,1,9,19
2024201493599,2024,201493599,394361,296198,-2.08462,52.56358,3,3,2,12:04,-1,E08000031,3,0,1,0,1,"[3, 19]",7,3,0,0,0,1,0,0,0,0,0,9,16
2024201493631,2024,201493631,404575,286216,-1.93407,52.47386,2,"[3, 2]",5,16:50,-1,E08000025,6,0,1,0,1,"[19, 7]","[2, 7]","[6, 2]","[0, 10]","[0, 1]",0,1,0,0,0,0,1,9,19
2024201493680,2024,201493680,395444,286646,-2.06851,52.47772,3,3,5,21:24,-1,E08000028,3,2,1,0,1,19,"[5, 7]","[1, 3]",0,0,0,1,0,0,0,0,0,9,19
2024201493691,2024,201493691,402074,295649,-1.97084,52.55867,2,2,3,16:04,-1,E08000028,6,0,1,0,1,"[9, 19]","[3, 1]","[1, 5]",0,0,0,1,0,0,0,0,0,9,17
2024201493692,2024,201493692,434170,278933,-1.49913,52.40734,3,3,4,22:25,-1,E08000026,6,2,1,0,1,19,"[5, 7]","[1, 2]",0,0,0,1,1,0,0,0,0,9,18
2024201493746,2024,201493746,407847,283100,-1.88598,52.44581,2,2,4,08:45,-1,E08000025,6,0,1,0,1,15,5,1,0,0,0,1,0,0,0,0,1,9,18
2024201493751,2024,201493751,407159,293729,-1.89587,52.54137,3,3,7,17:00,-1,E08000025,6,0,1,0,1,"[9, 12]","[1, 2]","[3, 8]",0,0,0,1,0,0,0,0,0,8,24
2024201493788,2024,201493788,409093,282674,-1.86766,52.44196,3,3,6,00:07,-1,E08000025,4,2,1,0,1,19,4,8,0,0,0,1,0,0,0,0,1,9,6
2024201493903,2024,201493903,400594,287891,-1.99268,52.48893,3,3,6,11:43,-1,E08000028,6,0,1,0,1,"[19, 9]","[8, 4]","[4, 1]",0,0,0,1,0,0,0,0,0,9,20
2024201493911,2024,201493911,415374,290238,-1.77491,52.50982,3,3,4,18:40,-1,E08000029,6,0,1,0,1,19,2,6,0,0,0,1,0,0,0,0,0,9,18
2024201493917,2024,201493917,410172,276667,-1.85196,52.38794,3,3,4,17:49,-1,E08000029,6,0,1,0,2,"[15, 14]","[3, 7]","[7, 3]",0,0,0,1,0,0,0,0,0,9,18
2024201493987,2024,201493987,402127,286376,-1.97011,52.47531,3,3,5,08:00,-1,E08000028,6,0,1,0,1,19,1,5,0,0,0,1,0,0,0,0,1,9,19
2024201494002,2024,201494002,405534,300544,-1.91972,52.60266,3,3,5,18:38,-1,E08000030,6,0,1,0,1,9,4,2,0,0,0,1,0,0,0,0,1,9,19
2024201494006,2024,201494006,406930,285236,-1.89942,52.46502,3,3,6,17:28,-1,E08000025,6,0,1,0,1,19,7,3,0,0,0,1,0,0,0,0,1,9,20
2024201494010,2024,201494010,398760,297187,-2.01973,52.5725,2,2,6,17:06,-1,E08000030,3,0,1,0,1,10,3,7,0,0,0,1,0,0,0,0,1,9,20
2024201494095,2024,201494095,401059,301552,-1.98579,52.61174,2,2,5,19:53,-1,E08000030,6,2,1,0,1,19,8,5,0,"[0, 1]","[0, 5]",1,0,0,0,0,0,9,19