collision_index,collision_year,collision_ref_no,location_easting_osgr,location_northing_osgr,longitude,latitude,casualty_severity,casualty_severity,day_of_week,time,local_authority_district,local_authority_ons_district,first_road_class,light_conditions,weather_conditions,road_surface_conditions,urban_or_rural_area,vehicle_manoeuvre,vehicle_direction_from,vehicle_direction_to,hit_object_in_carriageway,vehicle_leaving_carriageway,hit_object_off_carriageway,is_car,is_cyle,is_mcyle,is_goodsv,is_other,is_pedestrian,month,day
2024201511524,2024,201511524,408817,285048,-1.87165,52.46331,3,3,6,23:47,-1,E08000025,6,2,1,0,1,19,"[7, 8]",4,0,0,0,1,0,0,0,0,0,11,1
2024201511580,2024,201511580,427631,277843,-1.59534,52.39791,3,3,6,09:15,-1,E08000026,6,0,1,0,1,"[19, 5]","[5, 3]",1,0,0,0,1,0,0,0,0,0,11,1
2024201511581,2024,201511581,402876,287883,-1.95907,52.48886,3,3,6,17:15,-1,E08000028,4,2,1,0,1,19,5,1,0,0,0,0,1,0,0,0,1,11,1
2024201511591,2024,201511591,402167,286366,-1.96952,52.47522,2,2,5,17:30,-1,E08000028,3,2,1,0,1,4,8,4,0,0,0,0,0,1,0,0,0,10,31
2024201511605,2024,201511605,409688,282679,-1.8589,52.44199,3,3,6,11:30,-1,E08000025,6,0,1,0,1,"[5, 19]","[3, 1]","[7, 5]",0,0,0,1,0,0,0,0,0,11,1
2024201511625,2024,201511625,404333,292068,-1.93756,52.52647,3,3,7,17:15,-1,E08000025,6,0,1,0,1,19,"[4, 5]","[8, 1]","[10, 0]","[1, 0]",0,1,1,0,0,0,0,10,26
2024201511631,2024,201511631,405222,285846,-1.92456,52.47053,3,3,5,13:15,-1,E08000025,4,0,1,0,1,19,6,2,0,0,0,1,1,0,0,0,0,10,31
2024201511692,2024,201511692,402310,283337,-1.96744,52.44799,3,3,5,16:20,-1,E08000025,6,0,1,0,1,"[19, 3]",6,2,0,0,0,1,0,1,0,0,0,10,31
2024201511712,2024,201511712,395928,290189,-2.06143,52.50958,2,2,7,14:36,-1,E08000027,6,0,1,0,1,19,5,1,0,0,0,0,1,0,0,0,0,11,2
2024201511727,2024,201511727,392109,284511,-2.11756,52.45849,3,3,7,18:40,-1,E08000027,3,2,1,0,1,"[11, 15]",1,5,0,0,0,1,0,0,0,0,0,11,2
2024201511776,2024,201511776,408361,286768,-1.87832,52.47878,3,3,7,20:40,-1,E08000025,6,2,1,0,1,"[13, 19]","[2, 6]","[6, 2]",0,0,0,1,0,0,0,0,0,11,2
2024201511783,2024,201511783,406369,284538,-1.9077,52.45876,3,3,7,18:39,-1,E08000025,6,2,1,1,1,5,6,2,0,0,0,1,0,0,0,0,1,11,2
2024201511944,2024,201511944,405579,290177,-1.91923,52.50946,3,3,4,21:50,-1,E08000025,4,2,1,0,1,19,"[5, 1]","[1, 5]",0,"[2, 7]",0,1,0,0,0,0,0,10,30
2024201511971,2024,201511971,392398,292020,-2.11348,52.526,3,3,7,21:20,-1,E08000027,3,2,1,0,1,"[3, 19]",2,"[4, 6]",0,0,0,1,0,0,0,0,0,11,2
2024201511986,2024,201511986,410290,285347,-1.84997,52.46597,3,3,7,13:17,-1,E08000025,6,0,1,0,1,"[2, 19]","[0, 6]","[0, 2]",0,0,0,1,0,0,0,0,1,11,2
2024201511993,2024,201511993,411960,281941,-1.8255,52.43532,3,3,6,13:33,-1,E08000025,6,0,1,0,1,"[5, 2]","[3, 0]","[7, 0]",0,0,0,1,0,0,0,0,0,11,1
2024201512018,2024,201512018,407784,284030,-1.88688,52.45417,2,2,1,17:49,-1,E08000025,3,2,1,0,1,19,6,2,0,0,0,1,0,0,0,0,0,11,3
2024201512070,2024,201512070,414989,289594,-1.78061,52.50404,3,3,1,21:20,-1,E08000029,4,2,1,0,1,4,3,7,0,0,0,1,0,0,0,0,0,11,3
2024201512121,2024,201512121,418142,287597,-1.73427,52.48599,3,3,6,13:45,-1,E08000029,3,0,1,0,2,"[12, 19]",1,5,0,0,0,1,0,0,1,0,0,11,1
2024201512143,2024,201512143,405619,289491,-1.91865,52.50329,3,3,1,18:15,-1,E08000025,6,0,1,0,1,"[10, 19]",3,7,0,0,0,1,0,0,0,0,0,11,3
2024201512146,2024,201512146,391272,299635,-2.13028,52.59444,3,3,1,11:50,-1,E08000031,6,0,5,1,1,19,2,6,0,0,0,1,0,0,0,0,1,10,20
2024201512184,2024,201512184,435100,277087,-1.48565,52.39069,3,3,3,09:40,-1,E08000026,3,0,1,0,1,"[19, 3]",2,6,0,0,0,1,0,0,0,0,0,10,15
2024201512242,2024,201512242,403551,296444,-1.94904,52.56581,3,3,7,21:30,-1,E08000030,3,2,1,0,1,4,4,2,0,0,0,1,0,0,0,0,0,11,2
2024201512265,2024,201512265,400935,291398,-1.98765,52.52046,3,3,1,22:09,-1,E08000028,3,2,1,0,1,"[19, 11]",4,8,"[10, 7]","[1, 0]",0,1,0,0,0,0,0,10,20
2024201512270,2024,201512270,407158,286652,-1.89604,52.47775,3,3,2,13:54,-1,E08000025,6,0,1,0,1,19,2,5,0,0,0,1,0,0,0,0,1,11,4
2024201512341,2024,201512341,405289,287147,-1.92355,52.48222,3,3,2,16:50,-1,E08000025,3,2,1,0,1,"[9, 19]","[8, 6]","[6, 2]",0,0,0,1,0,0,0,0,0,11,4
2024201512362,2024,201512362,407206,287051,-1.89532,52.48134,3,3,2,17:37,-1,E08000025,6,2,1,0,1,9,4,2,0,0,0,0,0,0,1,0,1,11,4
2024201512385,2024,201512385,411986,283254,-1.82508,52.44712,3,3,1,00:01,-1,E08000025,3,2,1,0,1,"[2, 19]","[0, 4]","[0, 8]",0,0,0,1,0,0,0,0,1,11,3
2024201512420,2024,201512420,419406,285043,-1.7158,52.46299,2,2,2,18:06,-1,E08000029,4,2,1,0,2,19,7,3,0,0,0,1,0,0,0,0,1,11,4
2024201512438,2024,201512438,409182,292808,-1.86607,52.53306,2,2,2,21:19,-1,E08000025,6,2,1,0,1,"[19, 6]","[4, 5]","[8, 1]",0,0,0,1,1,0,0,0,0,11,4
2024201512495,2024,201512495,414545,289825,-1.78714,52.50613,3,3,3,08:12,-1,E08000029,4,0,1,0,1,"[19, 4]","[7, 3]","[3, 7]",0,0,0,1,1,0,0,0,0,11,5
2024201512548,2024,201512548,411396,292647,-1.83344,52.53157,3,3,4,18:45,-1,E08000025,6,2,2,1,1,"[3, 1]",4,8,0,0,0,1,0,0,0,0,0,10,9
2024201512590,2024,201512590,401258,289153,-1.9829,52.50028,2,2,5,11:28,-1,E08000028,4,2,1,0,1,19,4,8,0,0,0,1,0,0,0,0,1,9,19
2024201512594,2024,201512594,393645,297005,-2.0952,52.57083,2,"[2, 3]",3,11:06,-1,E08000031,6,0,1,0,1,19,"[5, 7]","[1, 3]",0,0,0,1,0,0,0,0,0,11,5
2024201512615,2024,201512615,393766,298864,-2.09345,52.58754,3,3,5,13:06,-1,E08000031,6,0,1,0,1,19,4,8,10,7,2,1,0,0,0,0,0,10,10
2024201512617,2024,201512617,414084,289393,-1.79395,52.50226,3,3,3,16:54,-1,E08000025,6,0,8,1,1,"[5, 9]","[4, 8]","[8, 6]",0,0,0,1,0,0,0,0,0,10,8
2024201512640,2024,201512640,436167,278902,-1.46978,52.40694,3,3,7,16:30,-1,E08000026,3,0,1,0,1,"[19, 10]","[8, 1]","[4, 2]",0,"[0, 3]",0,1,0,0,0,0,0,10,5
2024201512651,2024,201512651,406777,284887,-1.90168,52.46189,3,3,5,10:39,-1,E08000025,3,0,1,0,1,19,6,2,0,0,0,1,0,0,0,0,0,5,16
2024201512661,2024,201512661,396859,295857,-2.04776,52.56054,3,3,3,09:10,-1,E08000030,3,0,1,0,1,19,8,6,10,7,1,1,0,0,0,0,0,11,5
2024201512744,2024,201512744,392359,301565,-2.11428,52.61181,3,3,3,15:20,-1,E08000031,6,0,1,0,1,19,5,1,0,0,0,1,0,1,0,0,1,11,5
2024201512752,2024,201512752,399923,300933,-2.00257,52.60618,3,3,2,15:30,-1,E08000030,6,0,1,0,1,19,"[3, 7]","[7, 3]",0,0,0,1,1,0,0,0,0,11,4
2024201512767,2024,201512767,411267,281643,-1.83571,52.43265,3,3,7,21:15,-1,E08000025,6,2,1,0,1,"[9, 19]","[4, 8]","[2, 4]",0,0,0,1,0,0,0,0,0,11,2
2024201512801,2024,201512801,392436,296558,-2.11302,52.5668,3,3,3,18:20,-1,E08000031,3,2,2,1,1,19,"[7, 3]","[3, 7]",0,0,0,1,0,0,0,0,0,11,5
2024201512823,2024,201512823,409702,288281,-1.85854,52.49236,3,3,2,19:20,-1,E08000025,4,2,1,0,1,"[19, 2]","[3, 7]","[7, 3]",0,0,0,1,0,0,0,0,0,11,4
2024201512837,2024,201512837,403444,284491,-1.95074,52.45836,3,3,3,19:10,-1,E08000025,4,2,1,1,1,19,3,7,0,0,0,0,0,1,0,0,1,11,5
2024201512846,2024,201512846,407366,281625,-1.89309,52.43255,3,3,3,19:52,-1,E08000025,3,2,1,0,1,19,5,1,0,0,0,1,0,0,0,0,0,11,5
2024201512871,2024,201512871,409592,289000,-1.86014,52.49882,1,"[1, 3]",3,23:04,-1,E08000025,3,2,1,0,1,19,"[5, 3]","[2, 5]",0,0,0,1,0,0,0,0,0,11,5
2024201512898,2024,201512898,402149,279824,-1.96983,52.41641,3,3,2,21:22,-1,E08000025,6,2,1,0,1,"[19, 9]","[3, 7]","[7, 5]",0,0,0,1,0,0,0,0,0,5,20
2024201512906,2024,201512906,427527,278879,-1.59678,52.40723,3,3,2,08:02,-1,E08000026,6,0,1,0,2,"[3, 9]","[1, 7]",5,0,0,0,1,0,0,0,0,0,7,8
2024201512917,2024,201512917,406328,280974,-1.90836,52.42672,2,2,3,17:30,-1,E08000025,6,0,1,1,1,9,2,1,0,0,0,1,0,0,0,0,1,4,9
2024201512923,2024,201512923,395895,290579,-2.06192,52.51308,3,3,4,08:04,-1,E08000027,6,0,1,1,1,9,6,4,0,0,0,1,0,0,0,0,1,11,6
2024201512926,2024,201512926,436808,278650,-1.46038,52.40463,3,3,4,07:04,-1,E08000026,3,0,1,1,1,19,"[2, 8]","[6, 4]",0,0,0,1,1,0,0,0,0,11,6
2024201512928,2024,201512928,415661,283782,-1.77098,52.45177,3,3,7,16:10,-1,E08000025,3,0,1,0,1,"[11, 15]",3,7,"[10, 0]","[1, 4]","[2, 0]",1,0,0,0,0,0,10,19
2024201512953,2024,201512953,406764,286483,-1.90184,52.47624,3,3,6,21:15,-1,E08000025,4,0,1,0,1,"[4, 19]",8,4,0,0,0,1,0,1,0,0,0,10,18
2024201512974,2024,201512974,402824,289195,-1.95983,52.50065,3,3,4,09:30,-1,E08000028,6,0,1,0,1,9,6,4,0,0,0,0,0,0,0,1,1,11,6
2024201513000,2024,201513000,398496,294945,-2.02361,52.55235,3,3,2,11:30,-1,E08000028,3,0,1,0,1,"[19, 5]","[2, 4]","[6, 8]",0,0,0,1,0,0,0,1,0,11,4
2024201513004,2024,201513004,397433,298805,-2.03932,52.58704,2,2,2,18:53,-1,E08000030,3,0,2,0,1,"[19, 3]","[1, 5]","[5, 1]",0,0,0,1,0,0,0,0,0,9,23
2024201513017,2024,201513017,407146,281811,-1.89632,52.43423,3,3,7,22:00,-1,E08000025,6,2,1,0,1,"[2, 19]","[0, 3]","[0, 6]","[0, 8]",0,0,1,0,0,0,1,0,10,19
2024201513025,2024,201513025,398740,288039,-2.01999,52.49026,3,3,4,07:04,-1,E08000028,3,0,1,0,1,19,8,4,0,0,0,1,0,0,0,0,1,11,6
2024201513036,2024,201513036,407993,286308,-1.88375,52.47465,3,3,4,11:15,-1,E08000025,4,0,1,0,1,7,2,4,0,0,0,1,0,0,1,0,0,11,6
2024201513043,2024,201513043,399490,291972,-2.00895,52.52562,3,3,4,18:32,-1,E08000028,6,0,1,0,1,"[19, 13]",4,8,0,0,0,1,0,0,0,0,0,9,11
2024201513073,2024,201513073,409541,288043,-1.86091,52.49022,2,2,5,08:11,-1,E08000025,4,0,8,0,1,19,6,2,0,0,0,1,1,0,0,0,0,5,16
2024201513084,2024,201513084,401697,298484,-1.97639,52.58416,2,2,2,08:22,-1,E08000030,6,0,1,0,1,"[19, 9]","[2, 6]","[6, 4]",0,0,0,1,0,0,0,0,0,11,4
2024201513090,2024,201513090,401139,293017,-1.98464,52.53502,3,3,7,20:30,-1,E08000028,3,2,1,0,1,19,2,"[4, 3]",0,0,0,1,0,0,0,0,0,10,19
2024201513159,2024,201513159,408681,293255,-1.87345,52.53709,3,3,2,17:30,-1,E08000025,3,2,1,0,1,19,"[8, 2]","[4, 8]",0,0,0,1,0,0,0,0,0,11,4
2024201513279,2024,201513279,409763,286525,-1.85769,52.47657,3,3,7,13:50,-1,E08000025,4,0,1,0,1,19,3,7,0,0,0,1,0,0,0,0,1,5,25
2024201513309,2024,201513309,419284,274159,-1.71822,52.36515,3,3,4,20:10,-1,E08000029,6,2,8,1,2,19,7,2,0,7,4,1,0,0,0,0,0,11,6
2024201513330,2024,201513330,389729,283605,-2.15256,52.4503,3,3,5,07:45,-1,E08000027,3,0,1,1,1,19,2,5,0,0,0,1,0,0,0,0,1,11,7
2024201513333,2024,201513333,399639,285838,-2.00674,52.47048,3,3,5,08:30,-1,E08000028,6,0,1,1,1,19,5,8,0,0,0,1,0,0,0,0,1,11,7
2024201513409,2024,201513409,413690,291328,-1.79968,52.51966,2,2,1,04:44,-1,E08000025,3,2,1,0,1,19,6,2,10,4,6,1,0,0,0,0,0,11,3
2024201513433,2024,201513433,434780,278945,-1.49016,52.40741,3,3,5,18:15,-1,E08000026,3,0,1,0,1,"[5, 13]","[1, 8]","[6, 4]",0,0,0,1,0,0,0,0,0,3,28
2024201513489,2024,201513489,411511,284129,-1.83203,52.455,2,"[3, 2]",4,13:05,-1,E08000025,4,0,1,0,1,"[13, 2, 19, 3]","[6, 0, 3, 7]","[2, 0, 7, 3]","[4, 0]",0,0,1,0,0,0,0,0,11,6
2024201513492,2024,201513492,407847,288996,-1.88584,52.49881,3,3,2,08:06,-1,E08000025,2,0,1,0,1,"[19, 3]","[2, 1]","[6, 5]",0,0,0,1,0,0,0,0,0,11,4
2024201513507,2024,201513507,394099,299857,-2.08855,52.59647,3,3,4,14:23,-1,E08000031,6,0,1,0,1,"[1, 2]","[2, 0]","[6, 0]",4,0,0,1,0,0,0,0,0,10,30
2024201513513,2024,201513513,396681,291682,-2.05035,52.523,2,2,2,19:49,-1,E08000028,3,2,1,1,1,19,2,6,0,0,0,1,0,0,0,0,1,10,28
2024201513560,2024,201513560,406364,289934,-1.90767,52.50726,3,3,3,09:05,-1,E08000025,6,0,1,0,1,"[20, 5]",2,2,0,0,0,1,0,0,0,0,0,11,5
2024201513582,2024,201513582,436619,278252,-1.4632,52.40106,3,3,5,14:24,-1,E08000026,6,0,1,0,2,"[7, 19]","[6, 2]","[7, 6]",0,0,0,1,1,0,0,0,0,11,7
2024201513587,2024,201513587,390190,287024,-2.14588,52.48105,3,3,5,15:12,-1,E08000027,4,0,1,1,1,19,6,2,0,0,0,1,0,0,0,0,1,11,7
2024201513642,2024,201513642,406943,288076,-1.89918,52.49055,2,2,4,21:07,-1,E08000025,6,2,1,0,1,"[19, 9]","[5, 1]","[1, 7]",0,0,0,1,0,0,0,0,0,11,6
2024201513653,2024,201513653,397588,289799,-2.03697,52.50608,3,3,5,19:42,-1,E08000028,3,2,1,0,1,"[12, 19]",4,8,0,0,0,1,0,0,0,0,0,11,7
2024201513659,2024,201513659,409320,289965,-1.86412,52.5075,3,3,5,20:09,-1,E08000025,3,2,1,0,1,"[3, 19]","[1, 7]","[7, 3]",0,0,0,1,0,1,0,0,0,11,7
2024201513664,2024,201513664,416062,280513,-1.76524,52.42237,3,3,6,19:50,-1,E08000029,6,2,8,0,1,"[19, 1]","[1, 3]","[5, 1]",0,0,0,0,0,1,0,1,0,1,12
2024201513666,2024,201513666,430098,278534,-1.55902,52.40399,3,3,5,19:39,-1,E08000026,3,2,1,0,1,5,"[5, 7]","[1, 3]",0,0,0,1,0,0,0,0,0,11,7
2024201513730,2024,201513730,411766,290577,-1.82806,52.51296,3,3,7,14:58,-1,E08000025,6,0,2,1,1,"[3, 19]",4,8,0,0,0,1,0,0,0,0,0,10,19
2024201513739,2024,201513739,399009,296601,-2.01605,52.56723,3,3,7,16:48,-1,E08000028,4,0,1,0,1,"[6, 19]",1,"[1, 5]",0,"[0, 7]",0,1,0,0,0,0,0,10,19
2024201513740,2024,201513740,410844,283126,-1.84188,52.44599,3,3,2,15:20,-1,E08000025,6,0,1,0,1,3,5,1,0,0,0,1,0,1,0,0,0,11,4
2024201513779,2024,201513779,410297,288401,-1.84977,52.49342,3,3,3,13:00,-1,E08000025,4,0,1,0,1,19,1,5,0,0,0,1,0,0,0,0,1,11,5
2024201513780,2024,201513780,400188,285019,-1.99866,52.46312,3,3,3,17:55,-1,E08000025,3,2,1,0,1,"[19, 3]",7,3,0,0,0,1,0,0,0,0,0,11,5
2024201513817,2024,201513817,405140,290593,-1.92569,52.5132,3,3,6,08:40,-1,E08000025,3,0,1,1,1,"[5, 9]","[2, 5]","[6, 3]",0,0,0,1,0,0,0,0,0,11,8
2024201513842,2024,201513842,412441,277735,-1.81858,52.39749,3,3,6,07:14,-1,E08000029,3,2,1,0,1,19,"[8, 6]","[4, 2]",0,0,0,1,1,0,0,0,0,11,8
2024201513849,2024,201513849,404280,289174,-1.93838,52.50045,3,3,4,10:00,-1,E08000025,6,0,1,0,1,"[2, 19]",7,3,0,0,0,1,0,0,0,0,1,11,6
2024201513944,2024,201513944,406419,289448,-1.90687,52.5029,3,3,3,19:50,-1,E08000025,4,2,2,1,1,"[19, 9]",7,"[3, 6]",0,0,0,1,0,0,0,0,0,11,5
2024201513958,2024,201513958,400154,300989,-1.99916,52.60668,3,3,1,23:45,-1,E08000030,3,2,1,0,1,9,5,"[2, 4]",0,0,0,1,0,0,0,0,0,11,3
2024201513983,2024,201513983,403349,286071,-1.95213,52.47256,3,3,3,17:57,-1,E08000025,3,2,1,0,1,"[19, 9]","[8, 2]","[5, 8]",0,0,0,1,0,0,0,0,0,11,5
2024201513992,2024,201513992,400122,296403,-1.99963,52.56546,3,3,4,13:18,-1,E08000030,1,0,1,0,1,"[7, 19]",3,7,0,0,0,1,0,0,0,0,0,11,6
2024201513998,2024,201513998,397224,297768,-2.0424,52.57772,3,3,4,17:30,-1,E08000030,3,2,1,0,1,"[3, 19]",2,6,0,0,0,1,0,0,0,0,0,11,6
2024201514001,2024,201514001,393222,296501,-2.10143,52.56629,3,3,6,15:13,-1,E08000031,3,0,1,0,1,19,"[1, 4]","[5, 7]",0,0,0,1,0,0,1,0,0,11,8
2024201514053,2024,201514053,400156,291342,-1.99913,52.51996,3,3,6,19:35,-1,E08000028,6,2,1,0,1,9,4,2,0,0,0,1,0,0,0,0,1,11,8
2024201514109,2024,201514109,410686,281495,-1.84426,52.43133,2,"[3, 2]",6,22:20,-1,E08000025,3,2,1,0,1,"[3, 2]","[6, 0]","[2, 0]","[4, 0]",0,0,1,0,0,0,0,0,11,8
2024201514158,2024,201514158,412205,284435,-1.82181,52.45773,3,3,5,11:45,-1,E08000025,6,0,1,0,1,"[4, 8]",3,7,0,0,0,1,0,0,0,0,0,11,7
2024201514177,2024,201514177,404020,287615,-1.94223,52.48644,3,3,4,13:57,-1,E08000025,3,0,1,0,1,19,3,7,0,0,0,1,0,0,0,0,0,11,6
2024201514205,2024,201514205,402367,287836,-1.96657,52.48844,3,3,4,17:00,-1,E08000028,3,0,1,0,1,"[4, 19]",1,5,0,0,0,1,0,0,0,0,0,11,6
2024201514210,2024,201514210,408018,287184,-1.88336,52.48252,3,3,7,12:19,-1,E08000025,6,0,1,0,1,"[7, 9]","[8, 2]","[2, 8]",0,0,0,1,0,0,0,0,0,11,9
2024201514218,2024,201514218,413143,285587,-1.80796,52.46807,3,3,6,06:30,-1,E08000025,6,2,1,0,1,19,1,"[5, 1]",0,0,0,1,1,0,0,0,0,11,8
2024201514221,2024,201514221,404363,287651,-1.93718,52.48676,3,3,6,21:30,-1,E08000025,3,2,1,0,1,"[7, 5]",1,"[3, 5]",0,0,0,1,0,0,0,0,0,11,8
2024201514249,2024,201514249,410505,281915,-1.84691,52.43511,2,2,7,23:59,-1,E08000025,4,2,1,1,1,5,"[3, 5]","[7, 1]",0,0,0,1,1,0,0,0,0,11,2
2024201514257,2024,201514257,410150,294544,-1.85175,52.54865,2,2,7,14:10,-1,E08000025,3,0,1,0,1,"[6, 19]","[5, 7]",2,0,0,0,1,0,0,0,0,0,11,9
2024201514306,2024,201514306,404445,285193,-1.936,52.46466,3,3,7,19:47,-1,E08000025,4,2,1,0,1,19,4,"[2, 8]",0,0,0,1,0,0,0,1,0,11,9
2024201514314,2024,201514314,392378,297291,-2.1139,52.57338,2,2,7,16:56,-1,E08000031,6,2,1,0,1,19,3,3,0,0,0,1,0,0,0,0,1,11,9
2024201514324,2024,201514324,401116,283845,-1.98501,52.45256,3,3,7,19:14,-1,E08000025,6,2,1,0,1,"[19, 2]","[7, 0]","[3, 0]",4,0,0,1,0,0,0,0,0,11,9
2024201514340,2024,201514340,408722,283667,-1.87309,52.45089,3,3,5,13:45,-1,E08000025,6,0,1,0,1,"[9, 13]",5,"[2, 3]","[11, 10]",0,0,1,0,0,0,0,0,11,7
2024201514345,2024,201514345,413056,278372,-1.80952,52.40321,3,3,5,16:00,-1,E08000029,4,0,1,0,1,4,6,5,0,0,0,1,0,0,0,0,1,11,7
2024201514384,2024,201514384,391590,298085,-2.12555,52.58051,3,3,1,02:30,-1,E08000031,3,2,1,0,1,19,"[7, 1]","[3, 5]",0,0,0,1,0,0,0,0,0,11,10
2024201514393,2024,201514393,411692,292850,-1.82907,52.53339,3,3,1,01:00,-1,E08000025,3,2,1,0,1,"[5, 19]","[8, 6]","[4, 2]",0,0,0,1,0,0,0,0,0,11,10
2024201514418,2024,201514418,404632,283089,-1.93328,52.44575,3,3,6,15:40,-1,E08000025,4,0,1,0,1,"[19, 9]","[6, 1]","[2, 4]",0,0,0,1,0,0,0,0,0,11,8
2024201514424,2024,201514424,405085,289065,-1.92652,52.49947,2,2,7,14:45,-1,E08000025,6,0,1,0,1,"[2, 9, 5]","[0, 2, 3]","[0, 8, 5]","[0, 4]","[0, 7]",0,1,0,1,0,0,0,11,9
2024201514426,2024,201514426,400376,288795,-1.99589,52.49706,3,3,1,10:20,-1,E08000028,6,0,1,1,1,"[19, 9]","[4, 7]","[8, 4]",0,"[0, 1]","[0, 2]",1,0,0,0,0,0,11,10
2024201514431,2024,201514431,406857,287279,-1.90046,52.48339,3,3,7,00:10,-1,E08000025,6,2,1,0,1,19,2,6,0,0,0,1,0,0,0,0,0,11,9
2024201514435,2024,201514435,406414,284607,-1.90703,52.45937,3,3,4,07:40,-1,E08000025,3,0,1,0,1,19,1,1,0,0,0,1,0,0,0,0,0,11,6
2024201514436,2024,201514436,403951,285727,-1.94327,52.46947,3,3,6,07:00,-1,E08000025,4,2,1,0,1,19,"[7, 5]","[3, 1]",0,0,0,1,0,0,0,0,0,11,1
2024201514441,2024,201514441,391587,298008,-2.12559,52.57982,3,3,1,07:50,-1,E08000031,3,0,1,1,1,19,1,5,10,7,7,1,0,0,0,0,0,11,10
2024201514442,2024,201514442,408519,283508,-1.87608,52.44947,3,3,5,07:45,-1,E08000025,6,0,1,0,1,"[19, 5]","[6, 4]","[2, 8]",0,3,0,1,0,0,0,0,0,11,7
2024201514443,2024,201514443,413654,293781,-1.80011,52.54172,3,3,1,11:14,-1,E08000025,4,0,1,1,1,"[19, 10]","[1, 5]","[5, 3]",0,0,0,1,0,0,0,0,0,11,10
2024201514450,2024,201514450,409488,290122,-1.86164,52.50891,3,3,5,09:06,-1,E08000025,1,0,8,1,1,"[4, 19]",4,8,0,0,0,1,0,0,0,0,0,11,7
2024201514512,2024,201514512,394531,287952,-2.08197,52.48945,3,3,7,10:50,-1,E08000027,3,0,1,0,1,"[19, 4]",4,8,0,0,0,1,0,0,0,0,0,11,9
2024201514518,2024,201514518,402244,288355,-1.96838,52.4931,2,2,4,16:37,-1,E08000028,6,2,1,0,1,19,7,3,0,0,0,0,0,0,1,0,1,11,6
2024201514655,2024,201514655,400435,288142,-1.99502,52.49119,3,3,2,19:07,-1,E08000028,6,2,1,0,1,"[5, 19]","[2, 4]","[6, 8]",0,0,0,1,0,0,0,0,0,10,28
2024201514674,2024,201514674,411533,288359,-1.83157,52.49302,3,3,2,19:24,-1,E08000025,4,0,1,0,1,5,7,3,0,0,0,1,0,0,0,0,1,10,28
2024201514727,2024,201514727,390833,297478,-2.1367,52.57504,3,3,6,17:05,-1,E08000031,3,0,1,0,1,"[3, 19]",6,2,0,0,0,1,0,0,0,0,0,11,8
2024201514746,2024,201514746,434317,281704,-1.49668,52.43224,3,3,3,19:05,-1,E08000026,4,2,2,1,1,1,2,6,0,0,0,1,0,0,0,0,1,10,8
2024201514760,2024,201514760,398183,287730,-2.02819,52.48748,3,3,2,10:58,-1,E08000028,3,0,1,0,1,"[19, 9]","[6, 2]","[2, 8]",0,0,0,1,0,0,0,0,0,11,11
2024201514783,2024,201514783,405744,287956,-1.91684,52.48949,3,3,7,17:20,-1,E08000025,3,2,1,0,1,"[9, 10]",3,7,0,0,0,1,0,0,0,0,0,11,9
2024201514897,2024,201514897,394919,282939,-2.07618,52.44439,2,2,2,15:28,-1,E08000027,6,2,1,0,1,"[4, 5]","[7, 3]","[5, 7]",0,0,0,1,0,0,0,0,0,11,11
2024201514925,2024,201514925,405496,287453,-1.9205,52.48497,3,3,2,18:29,-1,E08000025,3,2,1,0,1,5,"[4, 6]","[8, 2]",0,0,0,1,1,0,0,0,0,11,11
2024201514942,2024,201514942,393548,298390,-2.09666,52.58328,2,2,1,12:55,-1,E08000031,3,0,1,0,1,19,"[7, 3]","[3, 7]","[0, 10]","[7, 1]",0,1,0,0,0,0,0,11,10
2024201514947,2024,201514947,427429,281774,-1.59799,52.43326,2,2,7,18:21,-1,E08000026,3,0,1,0,2,"[2, 19]","[0, 8]","[0, 4]",0,0,0,1,0,0,0,0,0,11,9
2024201514988,2024,201514988,405381,286032,-1.92221,52.4722,3,3,5,13:45,-1,E08000025,6,0,1,0,1,"[19, 12]",3,7,0,0,0,1,0,0,0,0,0,10,10
2024201514994,2024,201514994,407441,287369,-1.89186,52.48419,2,"[2, 3]",2,15:36,-1,E08000025,4,0,1,0,1,"[19, 3, 2]","[1, 0]","[5, 0]","[0, 4]",0,0,1,0,0,0,0,0,11,11
2024201515026,2024,201515026,412462,286721,-1.81794,52.47828,2,2,6,18:15,-1,E08000025,4,0,1,0,1,"[3, 12]",4,8,0,0,0,1,0,1,0,0,0,10,11
2024201515064,2024,201515064,432177,279893,-1.52833,52.41609,3,3,4,07:50,-1,E08000026,4,0,1,0,1,"[19, 3]",6,2,0,0,0,1,0,0,0,0,0,10,9
2024201515080,2024,201515080,397218,287064,-2.04239,52.48149,3,3,2,14:51,-1,E08000028,4,0,1,0,1,19,4,8,0,0,0,1,0,0,0,0,0,11,11
2024201515101,2024,201515101,406593,282032,-1.90445,52.43622,3,3,3,08:20,-1,E08000025,6,0,1,0,1,"[5, 19]","[4, 8]","[8, 4]",0,0,0,1,0,0,0,0,0,11,12
2024201515145,2024,201515145,409174,288368,-1.86631,52.49315,3,3,2,10:12,-1,E08000025,3,0,1,0,1,"[7, 19]","[4, 6]",2,0,0,0,1,1,0,0,0,0,11,11
2024201515156,2024,201515156,405571,286110,-1.91941,52.4729,3,3,2,13:57,-1,E08000025,3,0,1,0,1,"[19, 3]",1,1,0,0,0,1,0,0,0,0,0,11,11
2024201515210,2024,201515210,411569,289300,-1.831,52.50148,3,3,4,17:25,-1,E08000025,6,2,1,0,1,"[19, 9]","[7, 1]","[3, 7]",0,0,0,1,0,0,0,0,0,10,16