collision_index,collision_year,collision_ref_no,location_easting_osgr,location_northing_osgr,longitude,latitude,casualty_severity,casualty_severity,day_of_week,time,local_authority_district,local_authority_ons_district,first_road_class,light_conditions,weather_conditions,road_surface_conditions,urban_or_rural_area,vehicle_manoeuvre,vehicle_direction_from,vehicle_direction_to,hit_object_in_carriageway,vehicle_leaving_carriageway,hit_object_off_carriageway,is_car,is_cyle,is_mcyle,is_goodsv,is_other,is_pedestrian,month,day
2024201515212,2024,201515212,415196,287384,-1.77766,52.48417,3,3,1,18:01,-1,E08000025,6,0,2,1,1,19,"[8, 4]","[4, 8]",0,0,0,1,0,0,0,0,0,5,26
2024201515231,2024,201515231,409684,288042,-1.85881,52.49021,2,2,3,08:40,-1,E08000025,6,0,1,0,1,1,6,2,0,0,0,1,0,0,0,0,1,11,12
2024201515243,2024,201515243,409038,286242,-1.86837,52.47404,3,3,7,13:30,-1,E08000025,6,0,1,0,1,19,4,8,0,0,0,1,0,0,0,0,0,11,9
2024201515246,2024,201515246,399524,289412,-2.00844,52.50261,2,2,3,07:30,-1,E08000028,3,0,1,0,1,"[9, 19]","[4, 7]","[1, 3]",0,0,0,0,0,0,1,0,0,11,12
2024201515322,2024,201515322,433941,275690,-1.50282,52.3782,2,2,3,08:16,-1,E08000026,3,0,1,0,1,"[3, 12]",7,2,0,0,0,1,0,0,0,0,0,11,12
2024201515328,2024,201515328,434643,281109,-1.49195,52.42687,3,3,1,12:22,-1,E08000026,4,0,1,0,1,1,1,5,0,0,0,1,0,0,0,0,1,11,10
2024201515436,2024,201515436,389172,301372,-2.16134,52.61002,3,3,2,20:10,-1,E08000031,6,2,1,1,1,13,1,5,10,7,11,1,0,0,0,0,0,11,11
2024201515460,2024,201515460,407107,291235,-1.89669,52.51895,2,"[2, 3]",3,21:00,-1,E08000025,6,2,1,0,1,19,4,3,10,7,11,1,0,0,0,0,0,11,12
2024201515496,2024,201515496,399056,287370,-2.01533,52.48425,3,3,4,04:04,-1,E08000028,4,2,1,0,1,19,6,2,0,0,0,1,0,0,0,0,0,11,13
2024201515529,2024,201515529,405001,278168,-1.92792,52.4015,3,3,4,07:23,-1,E08000025,6,0,1,0,1,"[7, 19]","[8, 1]","[2, 4]",0,0,0,1,1,0,0,0,0,11,13
2024201515563,2024,201515563,397146,290868,-2.04349,52.51569,3,3,4,06:59,-1,E08000028,3,0,1,0,1,"[9, 13]",0,0,0,0,0,1,0,1,0,0,0,11,13
2024201515647,2024,201515647,404376,287607,-1.93699,52.48636,3,3,4,10:31,-1,E08000025,4,0,1,0,1,19,5,1,0,0,0,1,0,0,0,0,1,11,13
2024201515685,2024,201515685,405593,279356,-1.9192,52.41218,3,3,4,08:05,-1,E08000025,6,0,1,0,1,19,6,2,0,0,0,1,0,0,0,0,1,11,13
2024201515690,2024,201515690,400747,289180,-1.99043,52.50052,3,3,3,06:21,-1,E08000028,6,2,1,0,1,19,"[1, 5]","[5, 1]",0,0,0,1,0,0,0,0,0,11,5
2024201515704,2024,201515704,404917,285526,-1.92905,52.46765,2,2,5,13:30,-1,E08000025,6,0,1,0,1,"[9, 19]",3,"[1, 7]",0,0,0,1,0,0,0,0,0,10,31
2024201515763,2024,201515763,406813,286766,-1.90112,52.47878,3,3,3,16:54,-1,E08000025,6,0,1,0,1,9,5,3,0,0,0,1,0,0,0,0,1,10,29
2024201515827,2024,201515827,408486,284260,-1.87655,52.45623,3,3,6,15:00,-1,E08000025,6,0,1,0,1,19,5,3,0,0,0,1,0,0,0,0,1,11,1
2024201515847,2024,201515847,399536,289398,-2.00826,52.50248,3,3,2,17:30,-1,E08000028,6,2,1,0,1,"[7, 19]",3,"[1, 7]",0,0,0,1,0,0,0,0,0,11,11
2024201515872,2024,201515872,397076,293184,-2.04454,52.53651,3,3,3,06:45,-1,E08000028,6,2,1,0,1,19,8,4,0,0,0,1,0,0,0,1,0,11,12
2024201515878,2024,201515878,434840,282152,-1.48895,52.43624,3,3,3,08:30,-1,E08000026,4,0,1,0,1,5,4,8,0,0,0,1,0,0,0,0,1,11,12
2024201515898,2024,201515898,401498,293786,-1.97934,52.54193,3,3,2,16:26,-1,E08000028,6,0,1,0,1,"[19, 5]","[4, 2]","[8, 5]",0,0,0,1,0,0,0,0,0,11,11
2024201515980,2024,201515980,435097,281388,-1.48525,52.42935,3,3,3,18:33,-1,E08000026,3,0,1,0,1,19,5,1,0,0,0,1,0,0,0,0,0,11,12
2024201515982,2024,201515982,433696,279196,-1.50607,52.40974,3,3,6,16:35,-1,E08000026,6,2,1,0,1,"[9, 4, 19]","[3, 7, 1]","[1, 7, 5]","[7, 0]",0,0,1,1,0,1,0,0,11,1
2024201516013,2024,201516013,405226,289639,-1.92444,52.50462,3,3,4,22:24,-1,E08000025,6,2,1,0,1,"[19, 5]","[1, 7]","[5, 3]",0,0,0,1,0,0,0,0,0,11,13
2024201516150,2024,201516150,401085,292976,-1.98544,52.53465,3,3,2,16:17,-1,E08000028,3,0,1,0,1,"[9, 19]","[2, 6]","[8, 2]",0,0,0,1,0,0,0,0,0,11,11
2024201516157,2024,201516157,393666,297406,-2.09489,52.57443,3,3,5,07:50,-1,E08000031,6,0,1,1,1,"[19, 9]","[2, 3]","[6, 2]","[0, 10]","[0, 7]","[0, 11]",1,0,0,0,0,0,11,14
2024201516236,2024,201516236,407319,292175,-1.89355,52.5274,3,3,5,06:39,-1,E08000025,1,2,1,1,1,"[19, 11]",4,8,0,0,0,1,0,0,1,0,0,11,14
2024201516244,2024,201516244,401158,297525,-1.98434,52.57554,2,2,7,22:10,-1,E08000030,6,2,2,1,1,19,1,5,99,9,0,1,0,0,0,0,1,9,28
2024201516249,2024,201516249,391249,282866,-2.13017,52.44369,3,3,4,15:32,-1,E08000027,3,0,1,0,1,1,5,1,0,0,0,1,0,0,0,0,1,9,18
2024201516268,2024,201516268,387889,300667,-2.18026,52.60365,3,3,5,08:35,-1,E08000031,3,0,1,0,1,"[9, 19]",8,"[5, 4]",0,0,0,1,0,1,0,0,0,11,7
2024201516276,2024,201516276,396497,291522,-2.05306,52.52156,3,3,5,14:35,-1,E08000028,3,0,1,0,1,19,"[5, 1]","[6, 5]",0,0,0,1,0,0,0,0,0,10,10
2024201516293,2024,201516293,409560,284678,-1.86073,52.45997,3,3,4,17:05,-1,E08000025,4,2,1,0,1,"[13, 10]","[5, 1]","[1, 7]",0,0,0,1,0,0,0,0,0,11,13
2024201516325,2024,201516325,413603,291241,-1.80096,52.51888,3,3,4,14:35,-1,E08000025,3,0,1,0,1,19,5,1,0,0,0,1,0,0,0,0,0,10,23
2024201516344,2024,201516344,412115,293171,-1.82282,52.53627,2,2,5,08:41,-1,E08000025,4,0,1,1,1,19,"[1, 3]","[5, 7]",0,0,0,1,0,1,0,0,0,11,14
2024201516391,2024,201516391,406855,285649,-1.90052,52.46874,3,3,1,07:25,-1,E08000025,3,2,1,0,1,"[3, 19]",2,6,0,0,0,1,0,0,0,0,0,11,10
2024201516410,2024,201516410,411588,289740,-1.83071,52.50544,3,3,5,10:05,-1,E08000025,3,0,1,0,1,19,1,5,0,0,0,1,0,0,0,0,0,11,14
2024201516458,2024,201516458,401154,285332,-1.98444,52.46593,3,3,1,17:00,-1,E08000028,3,2,1,0,1,19,"[1, 6]","[5, 2]",0,0,0,1,0,0,0,0,0,11,10
2024201516460,2024,201516460,394237,290449,-2.08635,52.5119,3,3,3,16:25,-1,E08000027,4,2,7,1,1,"[4, 3]",5,1,0,0,0,0,0,0,1,0,0,11,5
2024201516471,2024,201516471,409907,281244,-1.85572,52.42909,3,3,5,07:00,-1,E08000025,3,2,2,1,1,5,"[6, 4]","[4, 6]",0,0,0,1,1,0,0,0,0,11,7
2024201516480,2024,201516480,397375,287102,-2.04008,52.48183,2,"[2, 3]",5,14:52,-1,E08000028,6,0,1,0,1,"[19, 2]","[2, 0]","[6, 0]","[4, 0]",0,0,1,0,0,0,0,0,11,14
2024201516496,2024,201516496,416494,287312,-1.75855,52.48348,3,3,5,16:03,-1,E08000029,6,0,1,0,1,"[5, 19]","[7, 5]",3,0,0,0,1,0,0,0,0,1,11,14
2024201516592,2024,201516592,392226,284561,-2.11584,52.45894,2,2,5,16:50,-1,E08000027,3,2,1,0,1,9,7,5,0,0,0,1,0,0,0,0,1,11,14
2024201516622,2024,201516622,435774,282520,-1.47517,52.43949,2,"[2, 3]",5,21:00,-1,E08000026,4,2,1,0,1,"[10, 13, 19]",5,"[3, 1]",0,0,0,1,0,0,0,0,0,4,11
2024201516652,2024,201516652,403896,294758,-1.94397,52.55065,3,3,4,20:00,-1,E08000028,1,2,2,1,2,"[19, 13]",3,7,0,0,0,1,0,0,0,1,0,11,13
2024201516679,2024,201516679,393067,286428,-2.1035,52.47574,3,3,1,15:27,-1,E08000027,6,0,9,0,1,19,2,6,0,0,0,0,0,0,0,1,1,10,27
2024201516696,2024,201516696,391755,303381,-2.12324,52.62812,3,3,5,10:43,-1,E08000031,6,0,1,0,1,"[19, 5]","[5, 3]","[1, 7]","[10, 0]",0,0,1,0,0,0,0,0,11,14
2024201516704,2024,201516704,403016,288172,-1.95701,52.49145,2,2,2,15:00,-1,E08000028,4,0,1,0,1,19,6,2,0,0,0,1,1,0,0,0,0,11,11
2024201516747,2024,201516747,411579,283385,-1.83106,52.44831,3,3,2,17:45,-1,E08000025,3,2,2,1,1,"[19, 5]","[5, 8]","[1, 4]",0,0,0,1,0,0,0,1,0,10,28
2024201516750,2024,201516750,405657,293276,-1.91803,52.53732,3,3,1,13:00,-1,E08000025,6,0,1,0,1,"[5, 19]",8,4,0,0,0,1,0,0,0,0,0,11,10
2024201516792,2024,201516792,403618,287135,-1.94815,52.48213,3,3,6,11:50,-1,E08000025,6,0,1,0,1,5,5,8,0,0,0,1,0,0,0,0,1,11,15
2024201516887,2024,201516887,407166,289051,-1.89587,52.49932,3,3,2,17:01,-1,E08000025,3,2,1,0,1,"[3, 5]",5,1,0,0,0,1,0,0,0,0,0,11,11
2024201516902,2024,201516902,390751,297337,-2.13791,52.57377,2,2,6,15:45,-1,E08000031,3,0,1,0,1,19,6,2,0,0,0,0,0,1,0,0,1,11,15
2024201516914,2024,201516914,404382,289613,-1.93687,52.5044,2,"[3, 2]",6,07:23,-1,E08000025,6,0,1,0,1,1,1,5,0,0,0,1,0,0,0,0,1,11,15
2024201516996,2024,201516996,407126,291512,-1.89641,52.52144,3,3,6,20:10,-1,E08000025,3,2,1,0,1,"[9, 19]","[5, 1]","[3, 5]",0,0,0,1,0,0,0,0,0,11,15
2024201517031,2024,201517031,406635,290065,-1.90367,52.50844,3,3,6,16:59,-1,E08000025,3,2,1,0,1,"[19, 7]","[3, 5]",7,0,0,0,1,1,0,0,0,0,11,15
2024201517040,2024,201517040,409644,283075,-1.85954,52.44556,3,3,6,20:00,-1,E08000025,3,2,1,0,1,19,8,4,0,0,0,1,0,0,0,0,1,11,15
2024201517045,2024,201517045,401585,296300,-1.97805,52.56453,2,2,6,19:07,-1,E08000030,3,2,1,0,1,"[9, 19]","[7, 3]","[5, 7]",0,0,0,1,0,0,0,0,0,11,15
2024201517047,2024,201517047,401785,295289,-1.9751,52.55544,2,2,5,15:40,-1,E08000028,3,0,1,0,2,19,"[6, 1]","[2, 1]","[7, 0]","[6, 0]",0,1,0,0,0,0,0,11,14
2024201517089,2024,201517089,406749,287064,-1.90205,52.48146,2,"[3, 2]",6,23:12,-1,E08000025,6,2,1,0,1,9,8,6,0,0,0,1,0,0,0,0,1,11,15
2024201517106,2024,201517106,411683,286964,-1.82941,52.48048,3,3,5,15:30,-1,E08000025,4,0,1,0,1,19,3,7,0,0,0,1,0,0,0,0,1,11,14
2024201517115,2024,201517115,396537,283788,-2.05238,52.45204,3,3,6,18:10,-1,E08000027,6,2,1,0,1,3,8,5,0,0,0,1,0,0,0,0,0,11,15
2024201517126,2024,201517126,404357,288680,-1.93725,52.49601,3,3,7,06:26,-1,E08000025,6,2,1,0,1,"[2, 19]","[0, 3]","[0, 7]",4,0,0,1,0,0,0,0,0,11,16
2024201517128,2024,201517128,402560,277294,-1.96381,52.39366,3,3,6,10:40,-1,E08000025,6,0,1,0,1,19,7,7,0,0,0,1,0,0,0,0,0,11,15
2024201517133,2024,201517133,395935,297361,-2.06141,52.57405,3,3,5,17:18,-1,E08000031,6,2,1,0,1,3,5,1,0,0,0,1,0,0,0,0,1,11,14
2024201517151,2024,201517151,392088,291242,-2.11803,52.519,3,3,3,08:18,-1,E08000027,6,0,1,0,1,19,7,3,0,0,0,1,0,0,0,0,1,11,12
2024201517184,2024,201517184,404610,291460,-1.93349,52.521,3,3,7,11:32,-1,E08000025,6,0,1,0,1,19,"[4, 8]","[8, 4]",0,0,0,1,0,0,0,0,0,11,16
2024201517203,2024,201517203,397448,293281,-2.03906,52.53738,3,3,3,13:30,-1,E08000028,6,0,1,0,1,5,2,6,0,0,0,1,0,0,0,0,1,11,12
2024201517212,2024,201517212,392932,289424,-2.10555,52.50267,3,3,7,11:58,-1,E08000027,3,0,1,0,1,19,"[1, 7]","[2, 3]",0,0,0,1,0,0,0,0,0,11,16
2024201517228,2024,201517228,408890,288126,-1.8705,52.49098,2,2,7,14:20,-1,E08000025,4,0,2,1,1,"[9, 19]","[1, 5]","[7, 1]",0,0,0,1,0,1,0,0,0,11,16
2024201517231,2024,201517231,406863,281318,-1.90049,52.4298,3,3,5,15:35,-1,E08000025,4,0,1,0,1,19,2,6,0,0,0,1,1,0,0,0,0,11,14
2024201517235,2024,201517235,392422,299203,-2.11329,52.59057,3,3,7,16:36,-1,E08000031,3,0,2,1,1,19,6,2,0,0,0,1,0,0,0,0,1,11,16
2024201517257,2024,201517257,435078,281121,-1.48555,52.42695,3,3,7,16:45,-1,E08000026,3,0,8,1,1,19,1,5,0,0,0,1,0,0,0,0,1,11,16
2024201517285,2024,201517285,401532,299937,-1.97882,52.59722,3,3,7,18:16,-1,E08000030,6,2,1,1,1,"[19, 9]","[2, 5]","[6, 2]",0,0,0,1,0,0,0,0,0,11,16
2024201517301,2024,201517301,429366,283686,-1.56933,52.45035,3,3,7,17:35,-1,E08000026,6,2,1,0,2,19,"[4, 7]","[8, 4]",0,0,0,1,0,0,0,0,0,11,16
2024201517309,2024,201517309,400920,292348,-1.98787,52.529,3,3,7,18:45,-1,E08000028,6,2,1,1,1,"[19, 2]","[5, 0]","[3, 0]","[4, 0]","[1, 0]","[11, 0]",1,0,0,0,0,0,11,16
2024201517329,2024,201517329,408158,289343,-1.88125,52.50193,2,2,7,21:49,-1,E08000025,6,2,1,0,1,19,"[6, 3]","[3, 6]",0,0,0,1,0,0,0,0,0,11,16
2024201517355,2024,201517355,395217,290606,-2.07191,52.51332,3,3,3,22:30,-1,E08000027,3,2,2,1,1,19,3,7,0,0,0,1,0,0,0,1,0,10,8
2024201517356,2024,201517356,390404,283799,-2.14263,52.45206,3,3,1,21:18,-1,E08000027,6,2,2,1,1,"[2, 19]","[0, 8]","[0, 4]",0,0,0,1,0,0,0,0,1,10,6
2024201517382,2024,201517382,402583,301599,-1.96329,52.61216,3,3,1,05:51,-1,E08000030,4,2,8,1,1,"[19, 1]","[2, 6]","[6, 2]",0,0,0,1,0,0,0,0,0,11,17
2024201517435,2024,201517435,422056,277254,-1.67731,52.39287,2,"[3, 2]",1,10:38,-1,E08000029,6,0,1,0,2,"[9, 13]","[4, 3]","[1, 7]",0,0,0,1,0,0,0,0,0,11,17
2024201517437,2024,201517437,402190,293308,-1.96914,52.53763,3,3,1,11:37,-1,E08000028,1,0,1,0,2,"[3, 19]",5,1,0,0,0,1,0,0,0,0,0,11,17
2024201517442,2024,201517442,392836,300936,-2.10722,52.60616,3,3,7,14:54,-1,E08000031,6,0,1,0,1,19,"[7, 8]","[3, 4]",0,0,0,1,0,0,0,0,0,11,9
2024201517443,2024,201517443,399114,298254,-2.01451,52.5821,3,3,6,17:26,-1,E08000030,1,2,1,0,1,"[4, 3]",5,1,0,0,0,1,0,0,0,0,0,11,15
2024201517451,2024,201517451,402165,293180,-1.96951,52.53648,3,3,7,18:30,-1,E08000028,1,2,9,1,2,19,"[2, 1]","[6, 5]",0,0,0,1,0,0,0,0,0,11,16
2024201517483,2024,201517483,405952,296005,-1.91363,52.56185,3,3,6,07:42,-1,E08000030,4,0,1,1,2,"[14, 2]","[5, 0]","[1, 0]",0,0,0,1,0,0,1,0,0,11,15
2024201517498,2024,201517498,403754,284646,-1.94618,52.45975,3,3,6,17:34,-1,E08000025,4,0,1,0,1,19,2,6,0,0,0,1,1,0,0,0,0,11,8
2024201517531,2024,201517531,410176,288685,-1.85154,52.49598,3,3,7,23:56,-1,E08000025,6,2,2,1,1,9,7,5,0,0,0,1,0,0,0,0,1,11,16
2024201517547,2024,201517547,401814,298201,-1.97466,52.58162,3,3,1,15:51,-1,E08000030,6,0,2,1,1,"[4, 19]","[7, 5]",8,0,0,0,1,0,0,0,0,0,11,17
2024201517549,2024,201517549,409230,284846,-1.86558,52.46148,3,3,1,15:34,-1,E08000025,6,2,2,1,1,19,"[8, 7]","[4, 2]","[0, 10]","[0, 1]","[0, 7]",1,0,0,0,0,0,11,17
2024201517555,2024,201517555,411418,290119,-1.8332,52.50885,3,3,1,19:04,-1,E08000025,3,2,8,1,1,"[5, 19]",1,"[7, 4]",10,1,4,1,0,0,0,0,0,11,17
2024201517559,2024,201517559,407875,293748,-1.88532,52.54153,3,3,1,19:30,-1,E08000025,6,2,2,1,1,"[9, 19]","[5, 1]","[3, 5]",0,0,0,1,0,0,0,0,0,11,17
2024201517561,2024,201517561,419299,281298,-1.71759,52.42933,3,3,1,15:31,-1,E08000029,1,2,2,1,2,"[3, 19, 4]",5,1,0,0,0,1,0,0,0,0,0,11,17
2024201517569,2024,201517569,415034,287231,-1.78005,52.4828,3,3,6,13:10,-1,E08000025,6,0,1,0,1,2,8,6,0,0,0,1,0,0,0,0,1,11,15
2024201517586,2024,201517586,433694,281871,-1.50583,52.43378,3,3,1,21:42,-1,E08000026,6,2,1,1,1,"[19, 7]","[5, 1]","[1, 5]",0,0,0,1,0,0,0,0,0,11,17
2024201517595,2024,201517595,400984,288611,-1.98694,52.49541,3,3,1,21:02,-1,E08000028,6,2,1,1,1,19,6,2,10,1,5,1,0,0,0,0,0,11,17
2024201517653,2024,201517653,390429,284031,-2.14227,52.45415,2,2,2,08:17,-1,E08000027,6,0,1,1,1,9,4,2,0,0,0,0,0,0,1,0,1,11,18
2024201517680,2024,201517680,413877,290297,-1.79696,52.51039,3,3,7,16:06,-1,E08000025,3,0,2,1,1,"[3, 19]","[1, 5]","[5, 1]","[0, 4]",0,0,1,0,0,0,0,0,11,16
2024201517709,2024,201517709,412072,284968,-1.82375,52.46253,3,3,2,13:40,-1,E08000025,3,0,1,0,1,19,"[1, 7]","[5, 3]",0,0,0,1,0,0,0,0,0,10,28
2024201517738,2024,201517738,388261,288710,-2.17434,52.49617,3,3,1,06:57,-1,E08000027,6,2,1,0,1,19,8,4,10,1,1,1,0,0,0,0,0,10,27
2024201517739,2024,201517739,407606,290046,-1.88937,52.50826,3,3,2,11:30,-1,E08000025,6,0,1,0,1,"[5, 19]","[1, 3]","[5, 7]",0,0,0,1,0,0,0,0,0,11,18
2024201517745,2024,201517745,404744,290323,-1.93153,52.51078,2,2,1,14:40,-1,E08000025,6,0,1,0,1,19,"[7, 3]","[3, 1]",0,0,0,1,1,0,0,0,0,11,3
2024201517776,2024,201517776,394461,300188,-2.08321,52.59945,3,3,6,09:00,-1,E08000031,6,0,1,0,1,19,5,1,0,0,0,1,0,0,0,0,1,11,15
2024201517781,2024,201517781,397301,292242,-2.04121,52.52804,3,3,7,17:55,-1,E08000028,4,0,1,1,1,"[19, 7]","[2, 4]",6,0,0,0,1,0,0,0,0,0,11,16
2024201517792,2024,201517792,391453,283473,-2.12719,52.44915,2,"[2, 3]",3,00:53,-1,E08000027,3,2,2,1,1,19,1,5,0,0,0,1,0,0,0,0,0,9,24
2024201517812,2024,201517812,436973,279231,-1.45789,52.40984,3,3,6,08:48,-1,E08000026,6,0,1,0,1,"[6, 2]","[1, 0]","[1, 0]",0,0,0,1,0,0,0,0,0,11,15
2024201517857,2024,201517857,412865,282803,-1.81216,52.44304,3,3,1,13:00,-1,E08000025,6,0,1,0,1,19,4,8,0,0,0,1,0,0,0,0,0,11,17
2024201517973,2024,201517973,402005,278173,-1.97196,52.40157,3,3,2,13:00,-1,E08000025,6,0,8,1,1,"[19, 5]","[6, 8]","[2, 4]",0,0,0,1,0,0,0,0,0,11,18
2024201518001,2024,201518001,398929,283210,-2.01718,52.44685,3,3,7,21:12,-1,E08000027,1,2,1,0,2,13,5,1,10,2,6,1,0,0,0,0,0,11,16
2024201518010,2024,201518010,400504,286382,-1.99401,52.47537,3,3,7,20:00,-1,E08000028,6,2,1,0,1,"[4, 3]",2,6,0,0,0,1,0,0,0,0,0,11,16
2024201518044,2024,201518044,404989,286708,-1.92797,52.47828,3,3,6,08:00,-1,E08000025,4,0,1,0,1,9,3,8,0,0,0,1,0,0,0,0,1,11,15
2024201518093,2024,201518093,406668,286586,-1.90325,52.47716,3,3,4,10:16,-1,E08000025,3,0,1,0,1,"[3, 19]",4,8,0,0,0,1,0,0,1,0,0,11,13
2024201518095,2024,201518095,411348,282920,-1.83447,52.44413,3,3,2,15:38,-1,E08000025,4,0,2,1,1,9,6,4,0,0,0,1,0,0,0,0,0,11,18
2024201518101,2024,201518101,408072,284683,-1.88263,52.46004,3,3,4,10:14,-1,E08000025,6,0,1,0,1,19,1,4,0,0,0,1,0,0,0,0,0,11,13
2024201518130,2024,201518130,409231,284312,-1.86558,52.45668,3,3,6,16:00,-1,E08000025,3,0,1,0,1,19,1,3,0,0,0,1,0,0,0,0,0,11,8
2024201518154,2024,201518154,408588,286078,-1.875,52.47257,3,3,5,18:53,-1,E08000025,3,2,1,0,1,"[19, 9]",1,3,0,0,0,1,0,0,0,0,0,11,7
2024201518188,2024,201518188,405555,283506,-1.91969,52.44949,3,3,4,15:50,-1,E08000025,3,0,1,0,1,"[19, 4]","[2, 4]","[6, 8]",0,0,0,1,1,0,0,0,0,11,13
2024201518193,2024,201518193,408474,284633,-1.87671,52.45958,3,3,6,22:35,-1,E08000025,3,2,1,0,1,"[3, 1]","[5, 1]","[1, 5]",0,0,0,1,0,1,0,0,0,11,15
2024201518196,2024,201518196,399413,295551,-2.01009,52.5578,3,3,2,07:40,-1,E08000028,3,0,1,0,1,19,6,2,0,0,0,1,0,0,0,0,0,11,18
2024201518238,2024,201518238,397149,288302,-2.04342,52.49262,3,3,3,07:58,-1,E08000028,6,0,1,0,1,19,6,2,0,0,0,1,0,0,0,0,0,11,19
2024201518242,2024,201518242,434655,279064,-1.49199,52.40849,3,3,7,17:20,-1,E08000026,3,2,9,0,1,"[3, 19]",4,8,0,0,0,1,0,0,0,0,0,11,16
2024201518257,2024,201518257,406801,285503,-1.90132,52.46743,3,3,4,00:03,-1,E08000025,3,2,8,0,1,"[9, 19]","[4, 8]","[1, 4]",10,"[4, 0]",0,1,0,0,0,0,0,11,13
2024201518287,2024,201518287,399916,298969,-2.00267,52.58852,3,3,2,15:30,-1,E08000030,6,0,1,0,1,1,5,1,0,0,0,1,0,0,0,0,1,11,18
2024201518304,2024,201518304,407705,283374,-1.88806,52.44827,3,3,3,15:25,-1,E08000025,6,0,8,1,1,"[15, 9]","[5, 8]","[1, 5]",0,0,0,1,0,0,0,0,0,11,19
2024201518310,2024,201518310,408844,284558,-1.87127,52.4589,3,3,1,18:20,-1,E08000025,3,2,2,1,1,19,7,3,0,0,0,1,0,0,0,0,1,11,17
2024201518317,2024,201518317,407793,285529,-1.88672,52.46765,3,3,2,21:20,-1,E08000025,6,2,2,1,1,"[19, 9]","[2, 7]","[6, 3]","[0, 10]",7,0,1,0,0,0,0,0,11,18
2024201518346,2024,201518346,407366,286834,-1.89297,52.47938,3,3,3,19:14,-1,E08000025,6,2,1,1,1,19,"[6, 2]",2,0,0,0,0,1,1,0,0,0,11,19
2024201518352,2024,201518352,409962,286115,-1.85477,52.47288,3,3,3,17:20,-1,E08000025,4,2,2,1,1,"[1, 2]","[2, 0]","[4, 0]",0,"[1, 0]",0,1,0,0,0,1,1,11,19
2024201518370,2024,201518370,408317,286063,-1.87899,52.47244,3,3,1,15:27,-1,E08000025,4,0,1,0,1,"[5, 19]","[3, 8]","[7, 5]",0,0,0,1,0,0,0,0,0,10,27
2024201518381,2024,201518381,407206,285329,-1.89536,52.46586,3,3,3,20:23,-1,E08000025,3,2,1,1,1,19,8,"[2, 4]",0,0,0,1,0,0,0,0,0,11,19
2024201518400,2024,201518400,392557,300185,-2.11132,52.5994,3,3,3,17:40,-1,E08000031,6,2,2,1,1,"[9, 19]","[8, 6]","[6, 2]",0,0,0,1,1,0,0,0,0,11,19
2024201518419,2024,201518419,424616,275788,-1.6398,52.37958,3,3,2,17:19,-1,E08000029,3,2,2,1,2,19,8,4,0,0,0,1,0,0,0,0,0,11,18
2024201518428,2024,201518428,401792,280937,-1.97507,52.42642,3,3,2,13:51,-1,E08000025,4,0,2,1,1,"[19, 6]","[1, 4]",4,0,0,0,1,0,1,0,0,0,11,18
2024201518607,2024,201518607,401704,287032,-1.97634,52.48121,3,3,5,16:37,-1,E08000028,4,2,8,1,1,"[9, 8]","[4, 2]","[5, 8]",0,0,0,1,0,0,0,0,0,11,7
2024201518655,2024,201518655,405855,285081,-1.91525,52.46364,3,3,2,08:05,-1,E08000025,6,0,1,0,1,3,"[1, 2]","[2, 3]",0,1,0,1,0,0,0,0,0,11,18
2024201518659,2024,201518659,399074,295263,-2.01509,52.55521,3,3,4,08:45,-1,E08000028,6,0,3,2,1,19,"[8, 5]","[6, 4, 3]",0,0,0,1,0,0,0,0,1,11,20
2024201518671,2024,201518671,408173,286213,-1.88111,52.47379,3,3,2,11:00,-1,E08000025,4,0,1,1,1,5,8,4,0,0,0,0,0,0,1,0,1,11,18
2024201518682,2024,201518682,390971,299685,-2.13472,52.59488,3,3,2,18:15,-1,E08000031,6,2,1,0,1,5,5,3,0,0,0,1,0,0,0,0,1,11,18
2024201518748,2024,201518748,413727,284657,-1.7994,52.45969,2,2,2,17:55,-1,E08000025,6,2,2,1,1,"[19, 3]","[4, 6]","[2, 4]",0,0,0,1,0,0,0,0,0,11,18
2024201518758,2024,201518758,411336,283820,-1.83462,52.45222,3,3,4,21:00,-1,E08000025,3,2,1,0,1,"[8, 19]",3,7,0,0,0,1,0,0,0,0,0,11,13
2024201518769,2024,201518769,419775,284512,-1.7104,52.4582,2,2,4,10:10,-1,E08000029,1,0,1,0,2,"[4, 19]",1,5,0,0,0,1,0,1,0,0,0,11,20
2024201518811,2024,201518811,411359,290711,-1.83405,52.51417,2,2,2,07:13,-1,E08000025,6,0,1,0,1,"[2, 19]","[0, 1]","[0, 5]",0,"[0, 1]",0,1,0,0,0,0,0,5,6
2024201518829,2024,201518829,401132,285384,-1.98477,52.4664,3,3,4,10:28,-1,E08000028,3,0,2,1,1,"[7, 4]","[8, 2]","[3, 6]",0,0,0,1,0,0,0,0,0,11,20
2024201518850,2024,201518850,436905,282597,-1.45852,52.4401,3,3,5,09:35,-1,E08000026,6,0,1,0,1,19,"[1, 6]","[6, 2]",0,0,0,1,0,0,0,1,0,11,14
2024201518863,2024,201518863,400481,298741,-1.99433,52.58647,3,3,2,22:50,-1,E08000030,6,2,2,1,1,"[3, 5]",1,5,0,0,0,1,0,0,0,0,0,11,18