collision_index,collision_year,collision_ref_no,location_easting_osgr,location_northing_osgr,longitude,latitude,casualty_severity,casualty_severity,day_of_week,time,local_authority_district,local_authority_ons_district,first_road_class,light_conditions,weather_conditions,road_surface_conditions,urban_or_rural_area,vehicle_manoeuvre,vehicle_direction_from,vehicle_direction_to,hit_object_in_carriageway,vehicle_leaving_carriageway,hit_object_off_carriageway,is_car,is_cyle,is_mcyle,is_goodsv,is_other,is_pedestrian,month,day
2024201522293,2024,201522293,400229,302007,-1.99805,52.61583,3,3,4,14:29,-1,E08000030,6,0,1,1,1,4,2,6,0,0,0,1,0,0,0,0,0,11,27
2024201522294,2024,201522294,415271,279312,-1.77692,52.4116,3,3,4,15:23,-1,E08000029,6,0,1,1,1,3,8,2,0,0,0,1,0,0,0,0,1,11,27
2024201522308,2024,201522308,400476,282085,-1.99443,52.43674,3,3,1,19:20,-1,E08000025,6,2,1,0,1,5,"[6, 1]","[2, 6]",0,0,0,1,0,0,0,0,0,11,24
2024201522450,2024,201522450,414734,282951,-1.78466,52.44433,3,3,4,23:08,-1,E08000029,6,2,3,2,1,2,0,0,0,0,0,1,0,0,0,0,0,11,27
2024201522456,2024,201522456,407310,284453,-1.89385,52.45798,3,3,3,10:40,-1,E08000025,6,0,1,0,1,9,7,5,0,0,0,1,0,0,0,0,1,11,26
2024201522486,2024,201522486,397043,287361,-2.04497,52.48416,3,3,3,17:04,-1,E08000028,4,2,1,1,1,19,8,4,0,0,0,1,0,0,0,0,1,11,26
2024201522511,2024,201522511,397092,298650,-2.04435,52.58565,3,3,5,08:14,-1,E08000030,4,0,1,2,1,19,6,2,0,0,0,1,0,0,0,0,1,11,28
2024201522567,2024,201522567,410601,288101,-1.8453,52.49072,3,3,4,15:00,-1,E08000025,6,0,1,0,1,1,1,5,0,0,0,1,0,0,0,0,1,11,27
2024201522613,2024,201522613,401666,285486,-1.9769,52.46731,3,3,1,03:30,-1,E08000025,3,2,2,1,1,2,0,0,10,1,1,1,0,0,0,0,0,11,24
2024201522616,2024,201522616,434032,283544,-1.50069,52.4488,3,3,3,13:07,-1,E08000026,6,0,1,0,1,"[3, 19]",3,7,0,0,0,1,0,0,0,0,0,11,26
2024201522643,2024,201522643,413665,284567,-1.80032,52.45888,3,3,3,12:43,-1,E08000025,3,0,1,0,1,5,4,8,0,0,0,1,0,1,0,0,0,11,26
2024201522649,2024,201522649,395060,294662,-2.07428,52.54978,3,3,5,10:05,-1,E08000027,6,0,1,0,1,19,6,2,10,1,2,1,0,0,0,0,0,11,28
2024201522665,2024,201522665,434261,282131,-1.49746,52.43609,2,2,2,13:09,-1,E08000026,6,0,1,0,1,9,8,6,0,0,0,1,0,0,0,0,1,11,11
2024201522700,2024,201522700,404133,289614,-1.94054,52.50441,3,3,3,15:30,-1,E08000025,3,0,1,0,1,19,3,7,0,0,0,1,0,0,0,0,1,11,26
2024201522779,2024,201522779,398676,296598,-2.02097,52.56721,3,3,2,19:54,-1,E08000030,6,2,1,0,1,19,"[6, 8]","[2, 4]",0,0,0,1,0,1,0,0,0,11,25
2024201522825,2024,201522825,406790,289611,-1.9014,52.50436,3,3,4,16:00,-1,E08000025,4,2,1,0,1,"[7, 19]",4,"[6, 8]",0,"[7, 0]",0,1,1,0,0,0,0,11,27
2024201522851,2024,201522851,399189,289352,-2.01338,52.50207,3,3,5,15:40,-1,E08000028,3,2,1,0,1,19,2,6,0,0,0,1,0,0,0,0,0,11,28
2024201522865,2024,201522865,402980,288118,-1.95754,52.49097,3,3,3,15:30,-1,E08000028,4,0,1,1,1,19,8,4,0,0,0,1,0,0,0,0,1,11,26
2024201522867,2024,201522867,407670,286258,-1.88851,52.4742,3,3,7,23:30,-1,E08000025,6,2,1,0,1,19,6,2,0,0,0,1,0,0,0,0,1,11,23
2024201522998,2024,201522998,415252,274223,-1.77743,52.36585,2,2,3,14:59,-1,E08000029,6,0,1,0,2,19,7,"[6, 2]",0,0,0,1,0,0,0,0,1,11,26
2024201523010,2024,201523010,412566,284795,-1.81648,52.46096,3,3,6,01:02,-1,E08000025,3,2,1,0,1,7,2,"[5, 6]","[0, 10]","[0, 1]",0,1,0,0,0,0,0,11,29
2024201523085,2024,201523085,407083,284024,-1.8972,52.45413,3,3,4,13:30,-1,E08000025,6,0,1,0,1,19,6,2,0,0,0,1,0,0,0,0,1,11,27
2024201523096,2024,201523096,398834,289210,-2.01861,52.50079,3,3,6,07:40,-1,E08000028,3,0,1,1,1,"[7, 19]","[7, 5]","[2, 1]",0,"[5, 0]","[6, 0]",1,0,0,1,0,0,11,29
2024201523144,2024,201523144,435368,277038,-1.48172,52.39023,3,3,3,03:45,-1,E08000026,3,2,2,1,2,"[19, 7]",1,"[3, 5]",0,0,0,1,0,0,1,0,0,11,26
2024201523192,2024,201523192,412237,282786,-1.8214,52.44291,3,3,4,08:45,-1,E08000025,4,0,1,0,1,19,6,2,0,0,0,1,0,0,0,0,1,11,27
2024201523209,2024,201523209,404569,283029,-1.93421,52.44521,3,3,5,10:45,-1,E08000025,4,0,1,0,1,"[7, 19]",6,"[8, 2]",0,0,0,1,1,0,0,0,0,11,28
2024201523260,2024,201523260,407387,292439,-1.89254,52.52977,3,3,4,17:30,-1,E08000025,3,2,1,0,1,"[11, 7]",7,"[2, 3]",0,0,0,1,0,1,0,0,0,11,27
2024201523281,2024,201523281,409963,285605,-1.85477,52.46829,3,3,2,23:20,-1,E08000025,6,2,1,0,1,"[19, 3]","[3, 7]","[7, 3]",0,0,0,1,0,0,0,0,0,11,25
2024201523349,2024,201523349,409119,288298,-1.86712,52.49252,3,3,6,17:34,-1,E08000025,3,0,1,0,1,19,"[3, 5]","[5, 1]",0,0,0,1,0,0,1,0,0,11,29
2024201523361,2024,201523361,405708,293927,-1.91727,52.54317,3,3,5,06:30,-1,E08000025,6,2,1,0,1,"[3, 19]",1,5,0,0,0,1,1,0,0,0,0,11,28
2024201523405,2024,201523405,399835,278388,-2.00385,52.4035,3,3,6,18:27,-1,E08000025,6,2,1,0,1,"[19, 3]","[1, 2]",6,0,0,0,1,0,0,0,0,0,11,29
2024201523427,2024,201523427,409928,285083,-1.8553,52.4636,3,3,5,11:12,-1,E08000025,6,0,1,0,1,19,4,8,0,0,0,1,0,0,0,0,1,11,28
2024201523480,2024,201523480,413332,282195,-1.80531,52.43757,2,2,6,19:36,-1,E08000029,6,0,2,1,1,9,3,8,0,0,0,1,0,0,0,0,1,11,29
2024201523485,2024,201523485,407913,284586,-1.88497,52.45917,3,3,6,17:35,-1,E08000025,6,2,1,1,1,19,5,"[2, 4]",0,0,0,1,0,0,0,0,0,11,29
2024201523491,2024,201523491,405436,289124,-1.92135,52.49999,3,3,5,15:40,-1,E08000025,3,0,1,1,1,19,8,4,0,0,0,1,0,0,0,0,0,11,28
2024201523531,2024,201523531,407073,292147,-1.89718,52.52715,3,3,5,10:40,-1,E08000025,6,0,1,0,1,"[8, 19]",6,2,0,0,0,1,0,0,0,0,0,11,28
2024201523549,2024,201523549,410809,281231,-1.84246,52.42896,3,3,4,18:30,-1,E08000025,3,2,1,0,1,"[19, 7]",1,5,0,0,0,1,0,0,0,0,0,11,20
2024201523564,2024,201523564,407167,288268,-1.89587,52.49228,3,3,4,04:17,-1,E08000025,3,2,1,0,1,5,2,2,0,0,0,1,0,0,0,0,0,11,27
2024201523579,2024,201523579,414609,290204,-1.78618,52.50954,3,3,4,16:55,-1,E08000029,1,2,1,0,2,"[19, 4]",3,7,0,0,0,1,0,0,0,0,0,11,27
2024201523615,2024,201523615,404127,282302,-1.94072,52.43867,3,3,5,16:30,-1,E08000025,3,2,2,1,1,1,0,8,0,0,0,1,0,0,0,0,1,11,28
2024201523619,2024,201523619,394451,296152,-2.08329,52.56317,3,3,5,17:26,-1,E08000031,3,2,1,1,1,"[3, 4]",1,1,0,0,0,1,0,0,0,0,0,11,28
2024201523624,2024,201523624,405992,283341,-1.91326,52.448,3,3,5,17:30,-1,E08000025,6,2,1,0,1,9,2,7,0,0,0,1,0,0,0,0,1,11,28
2024201523636,2024,201523636,407311,285006,-1.89382,52.46295,3,3,4,07:00,-1,E08000025,6,2,2,1,1,"[7, 19]","[7, 1]",1,0,0,0,1,1,0,0,0,0,11,27
2024201523652,2024,201523652,408940,291881,-1.86966,52.52473,3,3,5,09:21,-1,E08000025,6,0,1,0,1,"[8, 19]",8,4,0,0,0,1,0,0,0,0,0,11,28
2024201523659,2024,201523659,408602,284910,-1.87482,52.46207,3,3,2,13:20,-1,E08000025,6,0,2,1,1,9,8,6,0,0,0,1,0,0,0,0,1,11,25
2024201523741,2024,201523741,421369,283059,-1.68704,52.44508,3,3,5,16:44,-1,E08000029,3,0,1,0,2,"[7, 19]",5,"[7, 1]",0,0,0,1,0,0,1,0,0,11,28
2024201523771,2024,201523771,416221,290649,-1.76241,52.51349,1,1,5,14:11,-1,E08000029,4,2,8,1,2,19,"[3, 7]","[7, 3]",7,0,0,1,0,1,0,0,0,11,28
2024201523775,2024,201523775,400959,298959,-1.98728,52.58843,3,3,6,21:37,-1,E08000030,3,2,1,0,1,"[19, 9]","[3, 7]","[6, 8]",0,0,0,1,0,1,0,0,0,11,29
2024201523820,2024,201523820,403917,285232,-1.94377,52.46502,3,3,7,21:20,-1,E08000025,4,2,1,1,1,19,"[7, 1]","[3, 5]",0,0,0,1,0,0,0,0,0,11,30
2024201523871,2024,201523871,395759,284263,-2.06384,52.4563,2,2,7,22:21,-1,E08000027,6,2,1,1,1,5,8,4,0,0,0,1,0,0,0,0,1,11,30
2024201523924,2024,201523924,406178,288424,-1.91044,52.49369,3,3,6,20:55,-1,E08000025,3,2,1,0,1,"[19, 4]","[2, 5]","[6, 7]",0,0,0,1,0,0,0,0,0,9,27
2024201523959,2024,201523959,399452,289401,-2.0095,52.50251,3,3,5,16:35,-1,E08000028,3,2,1,0,1,"[9, 10]","[5, 3]","[3, 1]",0,0,0,1,0,0,0,0,0,11,28
2024201523971,2024,201523971,400547,281657,-1.99338,52.43289,3,3,5,15:55,-1,E08000025,6,0,1,0,2,19,6,2,0,0,0,1,0,0,0,0,1,11,28
2024201523978,2024,201523978,411347,290383,-1.83424,52.51122,3,3,5,13:14,-1,E08000025,3,0,1,0,1,4,"[4, 5]","[8, 1]",0,0,0,1,0,0,0,0,0,11,28
2024201523990,2024,201523990,419859,283867,-1.7092,52.4524,2,2,1,13:49,-1,E08000029,1,0,1,0,1,"[4, 3]",5,1,0,0,0,1,0,0,0,0,0,12,1
2024201523995,2024,201523995,409512,288004,-1.86134,52.48987,3,3,7,15:40,-1,E08000025,4,2,2,1,1,"[19, 3]",6,2,0,0,0,1,0,0,0,0,0,11,23
2024201524027,2024,201524027,387075,300952,-2.19229,52.60619,2,2,7,12:30,-1,E08000031,3,0,1,0,1,"[9, 19]","[3, 7]","[1, 3]",0,0,0,1,0,0,0,0,0,11,30
2024201524102,2024,201524102,415014,287242,-1.78035,52.4829,3,3,7,17:45,-1,E08000025,6,2,1,0,1,"[2, 19, 6]","[0, 4, 8]","[0, 7, 4]",0,"[0, 1]",0,1,0,0,0,0,0,11,30
2024201524126,2024,201524126,406992,284058,-1.89854,52.45443,3,3,1,17:45,-1,E08000025,4,0,1,0,1,19,7,3,0,1,0,1,0,0,0,0,0,12,1
2024201524151,2024,201524151,407878,287920,-1.88541,52.48914,3,3,7,16:50,-1,E08000025,3,0,1,0,1,"[19, 7]","[5, 2]","[6, 4]",0,0,0,1,0,0,0,0,0,11,30
2024201524168,2024,201524168,404322,287631,-1.93778,52.48658,3,3,6,14:12,-1,E08000025,3,0,1,0,1,"[10, 19]",7,3,0,0,0,1,0,0,0,0,0,11,29
2024201524172,2024,201524172,405590,294383,-1.919,52.54727,3,3,7,13:19,-1,E08000028,1,0,1,0,2,19,4,8,0,0,0,1,0,0,0,0,0,11,30
2024201524192,2024,201524192,408068,291948,-1.88251,52.52535,2,"[2, 3]",2,19:20,-1,E08000025,6,2,1,0,1,19,"[4, 6]",8,0,0,0,1,0,0,0,1,0,11,4
2024201524234,2024,201524234,406213,279118,-1.91009,52.41003,3,3,5,17:15,-1,E08000025,6,2,1,0,1,"[9, 14]","[3, 2]","[1, 6]",0,0,0,1,0,1,0,0,0,11,28
2024201524236,2024,201524236,408474,285799,-1.87668,52.47006,2,2,2,12:41,-1,E08000025,3,0,1,0,1,19,2,6,0,0,0,0,0,1,0,1,0,11,11
2024201524269,2024,201524269,400947,301704,-1.98745,52.61311,3,3,6,16:24,-1,E08000030,6,0,1,0,1,"[9, 5]",6,"[4, 2]",0,0,0,1,1,0,0,0,0,11,15
2024201524314,2024,201524314,400912,291351,-1.98799,52.52004,3,3,7,17:52,-1,E08000028,6,2,1,1,1,19,1,5,0,0,0,1,0,0,0,0,0,11,30
2024201524339,2024,201524339,391381,298272,-2.12863,52.58219,3,3,2,12:25,-1,E08000031,6,0,1,0,1,1,7,3,10,7,10,1,0,0,0,0,0,12,2
2024201524397,2024,201524397,392596,295107,-2.11063,52.55375,3,3,1,17:52,-1,E08000031,6,2,2,1,1,"[19, 2]","[4, 0]","[8, 0]",0,0,0,1,0,0,0,0,0,12,1
2024201524454,2024,201524454,394886,298464,-2.07691,52.58396,3,3,6,16:25,-1,E08000031,3,2,1,0,1,"[3, 11, 4]",7,7,"[0, 4]",0,0,1,0,0,0,0,0,11,29
2024201524460,2024,201524460,409357,286378,-1.86367,52.47525,3,3,2,15:33,-1,E08000025,4,0,2,1,1,19,2,"[3, 4]",0,0,0,1,0,0,0,0,0,12,2
2024201524482,2024,201524482,405430,280663,-1.92158,52.42393,3,3,7,11:12,-1,E08000025,3,0,1,0,1,"[3, 19]",1,1,0,0,0,1,0,0,0,0,0,11,30
2024201524520,2024,201524520,429892,277112,-1.56217,52.39122,3,3,2,16:15,-1,E08000026,6,2,2,1,1,19,"[3, 4]","[7, 8]",0,0,0,1,1,0,0,0,0,12,2
2024201524540,2024,201524540,407528,287079,-1.89058,52.48158,3,3,2,17:30,-1,E08000025,4,2,2,1,1,19,1,5,0,0,0,1,0,0,0,0,1,12,2
2024201524550,2024,201524550,409458,287779,-1.86214,52.48785,3,3,2,17:04,-1,E08000025,6,2,2,1,1,"[19, 3]",5,1,0,0,0,1,0,0,0,0,0,12,2
2024201524565,2024,201524565,401966,300565,-1.9724,52.60287,3,3,2,18:30,-1,E08000030,6,2,2,1,1,19,1,5,0,0,0,1,0,0,0,0,1,12,2
2024201524609,2024,201524609,395240,282227,-2.07145,52.43799,1,1,2,19:46,-1,E08000027,3,2,1,1,1,19,6,2,"[10, 0]","[1, 0]","[4, 0]",1,0,0,0,0,0,12,2
2024201524619,2024,201524619,414346,287026,-1.79019,52.48097,2,2,2,23:39,-1,E08000025,6,2,1,1,1,"[2, 19]","[0, 4]","[0, 8]","[0, 4]",0,0,1,0,1,0,0,0,12,2
2024201524627,2024,201524627,416318,285909,-1.76121,52.47088,3,3,4,15:30,-1,E08000025,6,0,8,0,1,"[14, 2]","[2, 0]","[6, 0]","[4, 0]",0,0,1,0,0,0,0,1,11,20
2024201524670,2024,201524670,433294,283707,-1.51153,52.45031,2,2,1,19:00,-1,E08000026,6,2,8,1,1,9,1,7,0,0,0,1,0,0,0,0,1,12,1
2024201524689,2024,201524689,406808,285467,-1.90122,52.4671,3,3,2,00:27,-1,E08000025,3,2,2,1,1,9,5,7,0,0,0,1,0,0,0,0,0,3,11
2024201524750,2024,201524750,438013,282677,-1.44222,52.44075,3,3,5,17:23,-1,E08000026,1,2,1,0,2,"[19, 12]",8,4,0,0,0,1,0,0,1,0,0,11,28
2024201524751,2024,201524751,393878,301533,-2.09184,52.61154,3,3,3,07:45,-1,E08000031,6,0,2,1,1,19,6,2,0,0,0,1,0,0,0,0,1,7,16
2024201524761,2024,201524761,402172,286354,-1.96945,52.47511,3,3,5,17:30,-1,E08000028,3,2,1,0,1,99,1,1,99,0,0,1,1,0,0,0,0,10,31
2024201524767,2024,201524767,406797,286450,-1.90136,52.47594,2,2,6,00:55,-1,E08000025,4,2,1,0,1,19,8,4,0,0,0,1,0,0,0,0,1,11,29
2024201524788,2024,201524788,391680,296789,-2.12418,52.56886,3,3,4,17:15,-1,E08000031,3,0,1,0,1,5,1,4,0,0,0,1,0,0,0,0,1,10,30
2024201524866,2024,201524866,402295,289414,-1.96762,52.50262,3,3,7,21:29,-1,E08000028,6,2,1,0,1,19,"[6, 8]","[2, 4]",0,0,0,1,0,0,0,0,1,11,30
2024201524930,2024,201524930,401494,283810,-1.97944,52.45224,2,2,1,06:04,-1,E08000025,4,2,1,1,1,19,"[1, 3]","[5, 4]",0,0,0,1,0,0,0,0,0,12,1
2024201524959,2024,201524959,399891,300298,-2.00304,52.60047,3,3,3,16:50,-1,E08000030,6,2,1,0,1,7,8,2,0,0,0,1,0,0,0,0,1,11,26
2024201525081,2024,201525081,406970,285398,-1.89883,52.46648,3,3,1,18:45,-1,E08000025,6,2,2,1,1,"[7, 19]","[6, 4]",8,0,0,0,1,1,0,0,0,0,11,24
2024201525082,2024,201525082,412466,284074,-1.81798,52.45448,3,3,3,16:21,-1,E08000025,4,2,1,0,1,"[19, 5]","[1, 3]","[5, 7]",0,0,0,1,0,0,0,0,0,12,3
2024201525115,2024,201525115,435707,282054,-1.4762,52.4353,2,2,3,18:22,-1,E08000026,6,2,1,1,1,7,1,5,0,0,0,1,0,0,0,0,1,12,3
2024201525118,2024,201525118,404943,292076,-1.92857,52.52654,3,3,6,17:00,-1,E08000025,6,2,1,0,1,19,"[2, 4]",8,0,0,0,1,1,0,0,0,0,11,29
2024201525125,2024,201525125,397905,286938,-2.03228,52.48036,3,3,3,15:47,-1,E08000028,3,0,1,0,1,15,6,1,0,0,0,1,0,0,0,0,1,12,3
2024201525148,2024,201525148,415112,287222,-1.7789,52.48271,3,3,3,14:55,-1,E08000025,6,0,1,0,1,4,2,6,0,0,0,1,0,0,0,0,1,12,3
2024201525154,2024,201525154,408232,282176,-1.88033,52.4375,3,3,3,15:26,-1,E08000025,6,0,1,0,1,9,2,7,0,0,0,1,0,0,0,0,1,12,3
2024201525182,2024,201525182,403870,288134,-1.94443,52.49111,3,3,2,20:45,-1,E08000028,4,2,2,1,1,19,8,4,0,0,0,1,0,0,0,0,1,12,2
2024201525183,2024,201525183,399915,288214,-2.00268,52.49184,3,3,2,17:53,-1,E08000028,6,2,2,1,1,"[9, 19]","[5, 7]",3,0,0,0,1,0,0,0,0,0,12,2
2024201525220,2024,201525220,404522,280923,-1.93493,52.42627,2,2,2,16:58,-1,E08000025,6,2,2,1,1,19,2,6,0,0,0,0,0,0,0,1,1,12,2
2024201525237,2024,201525237,407043,286542,-1.89773,52.47676,3,3,4,03:18,-1,E08000025,6,2,1,1,1,19,"[8, 6]","[3, 2]",0,0,0,1,1,0,0,0,0,12,4
2024201525250,2024,201525250,412297,280324,-1.82061,52.42077,3,3,4,05:55,-1,E08000029,4,2,1,1,1,"[19, 9]","[3, 8]","[8, 5]","[0, 10]","[0, 1]",0,1,0,0,0,0,0,12,4
2024201525322,2024,201525322,405082,292534,-1.92652,52.53065,3,3,3,16:45,-1,E08000025,6,0,1,0,1,7,7,1,0,0,0,1,0,0,0,0,1,12,3
2024201525335,2024,201525335,404285,288085,-1.93832,52.49066,2,2,3,16:05,-1,E08000025,3,0,1,0,1,19,5,1,0,0,0,1,0,0,0,0,1,12,3
2024201525348,2024,201525348,389857,299172,-2.15115,52.59025,2,2,2,14:19,-1,E08000031,6,0,1,0,1,19,6,2,0,0,0,1,0,0,0,0,1,10,21
2024201525373,2024,201525373,402138,293152,-1.96991,52.53623,3,3,2,17:30,-1,E08000028,1,2,2,1,2,19,5,1,0,0,0,1,0,0,0,0,0,12,2
2024201525388,2024,201525388,404959,283850,-1.92846,52.45258,3,3,5,18:20,-1,E08000025,6,2,2,1,1,5,1,4,0,0,0,1,0,0,0,0,1,11,21
2024201525391,2024,201525391,401610,298364,-1.97767,52.58308,3,3,2,08:35,-1,E08000030,6,0,1,0,1,"[7, 19]","[7, 1]","[1, 5]",0,0,0,1,0,0,0,0,0,12,2
2024201525395,2024,201525395,400667,292008,-1.9916,52.52595,2,2,4,08:00,-1,E08000028,6,0,1,1,1,19,5,2,0,0,0,1,0,0,0,0,1,12,4
2024201525420,2024,201525420,411138,280473,-1.83764,52.42214,3,3,3,07:00,-1,E08000025,6,0,1,0,1,19,7,3,0,0,0,1,0,0,0,0,0,12,3
2024201525444,2024,201525444,411463,282956,-1.83278,52.44445,3,3,5,19:20,-1,E08000025,3,2,1,0,1,"[19, 11]",6,2,0,0,0,1,0,0,0,0,0,11,28
2024201525445,2024,201525445,410920,298704,-1.84026,52.58603,3,3,3,08:15,-1,E08000025,4,2,1,0,1,"[4, 19]",3,7,0,0,0,1,0,0,0,0,0,12,3
2024201525451,2024,201525451,427389,281796,-1.59857,52.43346,2,2,5,08:38,-1,E08000026,3,0,1,0,2,"[19, 7]","[4, 2]","[8, 4]",0,0,0,1,0,1,0,0,0,10,3
2024201525499,2024,201525499,393213,301353,-2.10166,52.60991,3,3,2,08:00,-1,E08000031,3,0,1,1,1,5,"[4, 8]","[2, 4]",0,0,0,1,1,0,0,0,0,12,2
2024201525506,2024,201525506,403045,286602,-1.9566,52.47734,2,"[2, 3]",4,08:47,-1,E08000025,3,2,2,1,1,19,2,6,0,0,0,1,0,0,0,0,0,11,27
2024201525636,2024,201525636,392541,301173,-2.11158,52.60828,3,3,4,15:14,-1,E08000031,6,0,1,1,1,"[5, 2]","[1, 0]","[3, 0]","[4, 0]",0,0,1,0,0,0,0,0,12,4
2024201525682,2024,201525682,392588,286813,-2.11056,52.47919,3,3,4,18:09,-1,E08000027,6,2,2,1,1,19,7,3,0,0,0,1,0,0,0,0,1,12,4
2024201525715,2024,201525715,402906,287185,-1.95864,52.48258,2,2,4,19:10,-1,E08000025,4,2,2,1,1,"[19, 5]","[4, 7]","[8, 3]",0,0,0,1,1,0,0,0,0,12,4
2024201525809,2024,201525809,403710,287723,-1.94679,52.48741,3,3,5,00:37,-1,E08000025,3,2,1,1,1,"[9, 19]","[7, 4]","[5, 8]",0,0,0,1,0,0,0,0,0,12,5
2024201525820,2024,201525820,403370,281217,-1.95186,52.42893,2,"[3, 2]",6,10:55,-1,E08000025,3,2,1,0,1,"[7, 19]","[7, 6]",2,"[0, 7]","[0, 7]","[0, 1]",1,0,0,0,0,0,11,29
2024201525854,2024,201525854,414030,291057,-1.79468,52.51722,3,3,1,14:05,-1,E08000025,6,0,1,0,1,"[3, 19]",3,7,0,0,0,1,0,0,0,0,0,12,1
2024201525894,2024,201525894,436419,275622,-1.46643,52.37743,3,3,2,15:20,-1,E08000026,6,0,1,1,1,"[19, 5]","[6, 4]","[2, 8]",0,0,0,1,0,0,0,0,0,12,2
2024201525931,2024,201525931,406963,287958,-1.89888,52.48949,3,3,5,06:38,-1,E08000025,6,2,1,0,1,9,1,7,0,0,0,1,0,0,0,0,1,12,5
2024201525933,2024,201525933,403942,295925,-1.94328,52.56115,3,3,6,15:13,-1,E08000030,3,0,1,0,2,"[4, 5]",5,1,0,0,0,1,0,0,1,0,0,9,27
2024201525952,2024,201525952,433611,279351,-1.5073,52.41113,3,3,2,08:20,-1,E08000026,4,0,1,0,1,9,4,2,0,0,0,1,0,0,0,0,0,12,2
2024201525975,2024,201525975,408995,286272,-1.869,52.47431,3,3,6,19:45,-1,E08000025,4,2,1,0,1,"[9, 7]","[4, 2]","[2, 4]",0,0,0,1,0,0,0,0,0,11,29
2024201526018,2024,201526018,412321,291021,-1.81986,52.51694,3,3,1,21:11,-1,E08000025,6,2,2,1,1,19,8,4,0,0,0,1,0,0,0,0,1,9,22
2024201526020,2024,201526020,398546,302170,-2.02291,52.6173,3,3,2,14:20,-1,E08000030,3,0,1,0,1,"[9, 19]","[4, 2]","[2, 6]",0,0,0,1,1,0,0,0,0,12,2
2024201526038,2024,201526038,403299,284464,-1.95288,52.45812,3,3,4,19:05,-1,E08000025,4,2,2,1,1,7,1,3,0,0,0,1,0,0,0,0,1,12,4
2024201526117,2024,201526117,401162,293867,-1.9843,52.54266,3,3,2,17:50,-1,E08000028,3,2,2,1,1,19,5,1,0,0,0,0,0,1,0,0,1,12,2
2024201526171,2024,201526171,408574,286203,-1.8752,52.47369,3,3,5,09:30,-1,E08000025,3,0,1,1,1,"[5, 19]","[1, 5]","[1, 6]",0,0,0,1,0,0,0,0,0,12,5
2024201526198,2024,201526198,402257,288244,-1.96819,52.4921,3,3,1,17:12,-1,E08000028,3,2,1,1,1,"[2, 19]",1,5,"[0, 4]",0,0,1,0,0,0,0,0,12,1
2024201526252,2024,201526252,404549,289681,-1.93441,52.50501,3,3,3,08:31,-1,E08000025,6,0,1,0,1,"[2, 1]","[0, 2]","[0, 6]",0,0,0,1,0,0,0,0,0,12,3
2024201526280,2024,201526280,407689,286710,-1.88822,52.47826,3,3,5,16:40,-1,E08000025,6,2,2,1,1,19,"[2, 4]","[6, 8]",0,0,0,1,0,0,0,0,0,12,5
2024201526290,2024,201526290,394754,298486,-2.07886,52.58416,3,3,5,16:46,-1,E08000031,6,2,2,1,1,19,8,5,0,0,0,1,0,0,0,0,1,12,5
2024201526291,2024,201526291,399966,297757,-2.00193,52.57763,3,3,5,16:05,-1,E08000030,6,2,2,1,1,5,4,2,0,0,0,1,0,0,0,0,1,12,5
2024201526351,2024,201526351,397575,300142,-2.03724,52.59906,3,3,4,12:06,-1,E08000030,6,0,1,0,1,19,6,2,10,7,0,1,0,0,0,0,0,12,4
2024201526376,2024,201526376,401787,290444,-1.9751,52.51188,3,3,4,18:32,-1,E08000028,1,2,2,1,2,"[11, 19]",1,5,0,0,0,1,0,0,1,0,0,12,4
2024201526471,2024,201526471,415523,289391,-1.77275,52.5022,3,3,2,17:50,-1,E08000029,4,2,1,0,1,"[11, 19]","[3, 7]","[7, 3]",0,0,0,1,0,0,0,0,0,11,11
2024201526491,2024,201526491,405450,285921,-1.9212,52.4712,3,3,6,07:57,-1,E08000025,6,0,1,0,1,5,2,2,0,0,0,1,0,0,0,0,1,12,6
2024201526500,2024,201526500,405162,290647,-1.92537,52.51369,3,3,5,15:20,-1,E08000025,6,0,1,0,1,19,6,2,0,0,0,0,0,0,0,1,1,11,14
2024201526513,2024,201526513,392247,299832,-2.11589,52.59623,3,3,1,22:00,-1,E08000031,6,2,1,0,1,"[19, 3]",4,2,0,0,0,1,0,0,0,0,0,12,1
2024201526527,2024,201526527,400180,285022,-1.99878,52.46314,3,3,2,07:30,-1,E08000025,3,0,1,1,1,"[3, 19]",7,3,0,0,0,1,0,0,0,0,0,11,18
2024201526531,2024,201526531,408269,292911,-1.87953,52.534,3,3,4,09:35,-1,E08000025,3,0,7,1,1,"[4, 19]",6,2,0,0,0,1,0,0,0,0,0,12,4
2024201526541,2024,201526541,392389,292026,-2.11361,52.52605,3,3,5,15:50,-1,E08000027,3,0,1,0,1,"[9, 19]","[2, 8]","[8, 4]",0,0,0,1,0,0,0,0,0,11,28
2024201526556,2024,201526556,412815,287835,-1.8127,52.48828,3,3,5,15:20,-1,E08000025,6,0,1,0,1,19,4,8,0,0,0,0,1,0,0,0,1,12,5
2024201526557,2024,201526557,391558,298826,-2.12604,52.58717,3,3,2,13:41,-1,E08000031,6,0,1,0,1,"[5, 19]","[5, 3]","[1, 7]",0,0,0,1,1,0,0,0,0,1,29
2024201526559,2024,201526559,409969,285024,-1.8547,52.46307,3,3,4,10:15,-1,E08000025,6,0,1,0,1,"[19, 5]",4,8,0,0,0,1,0,1,0,0,0,12,4