collision_index,collision_year,collision_ref_no,location_easting_osgr,location_northing_osgr,longitude,latitude,casualty_severity,casualty_severity,day_of_week,time,local_authority_district,local_authority_ons_district,first_road_class,light_conditions,weather_conditions,road_surface_conditions,urban_or_rural_area,vehicle_manoeuvre,vehicle_direction_from,vehicle_direction_to,hit_object_in_carriageway,vehicle_leaving_carriageway,hit_object_off_carriageway,is_car,is_cyle,is_mcyle,is_goodsv,is_other,is_pedestrian,month,day
2024211394394,2024,211394394,424169,324081,-1.64285,52.81373,2,2,3,18:15,-1,E07000193,6,2,2,1,1,19,8,4,0,0,0,0,0,1,0,0,0,1,2
2024211394460,2024,211394460,375924,337294,-2.35963,52.9325,2,"[2, 3]",4,14:43,-1,E07000195,3,0,1,1,2,"[19, 9]","[1, 5]","[5, 2]",0,7,0,1,0,0,0,0,0,1,3
2024211394529,2024,211394529,395099,340906,-2.07442,52.96549,3,3,4,20:25,-1,E07000197,3,2,1,1,1,19,8,4,0,0,0,1,0,0,0,0,0,1,3
2024211394647,2024,211394647,392960,324051,-2.10589,52.81395,3,3,3,14:30,-1,E07000197,6,0,2,1,1,9,4,2,-1,-1,0,1,0,0,0,0,1,1,2
2024211395442,2024,211395442,411781,309134,-1.82718,52.67978,3,3,5,09:49,-1,E07000194,3,0,1,0,1,9,8,6,0,0,0,1,0,0,0,0,1,1,4
2024211395470,2024,211395470,400876,341929,-1.9884,52.97471,2,2,7,14:50,-1,E07000198,3,0,1,0,1,19,1,5,0,0,0,1,0,0,0,0,1,1,6
2024211395503,2024,211395503,414438,310600,-1.78782,52.69289,3,3,7,17:18,-1,E07000194,3,2,1,1,2,"[2, 19]","[3, 2]","[5, 6]","[0, 4]",0,0,1,0,0,0,0,0,1,6
2024211395621,2024,211395621,387311,347548,-2.19063,53.02507,3,3,1,11:53,-1,E06000021,3,0,1,0,1,"[11, 19]",2,3,"[10, 0]","[0, 3]",0,1,0,0,0,0,0,1,7
2024211395696,2024,211395696,387987,292645,-2.17852,52.53154,3,3,5,16:18,-1,E07000196,3,2,1,0,1,"[11, 19]",2,6,0,0,0,1,0,0,0,0,0,1,4
2024211395706,2024,211395706,405390,307091,-1.92174,52.66151,2,"[2, 3]",1,22:30,-1,E07000194,1,2,1,0,2,19,5,1,0,1,0,1,0,0,0,0,0,1,7
2024211396109,2024,211396109,386369,293300,-2.2024,52.53739,3,3,2,18:00,-1,E07000196,6,2,1,0,1,"[1, 2]","[7, 0]","[3, 0]",0,0,0,1,0,0,0,0,0,1,8
2024211396150,2024,211396150,387050,286920,-2.19211,52.48005,2,"[3, 2]",6,10:24,-1,E07000196,3,0,1,0,2,"[3, 4]",1,5,0,0,0,1,0,0,0,0,0,1,5
2024211396582,2024,211396582,399361,327673,-2.01093,52.84656,3,3,3,23:47,-1,E07000197,3,2,1,1,2,4,4,8,0,1,3,1,0,0,0,0,0,1,9
2024211397274,2024,211397274,424612,324088,-1.63628,52.81378,3,3,4,16:39,-1,E07000193,3,2,1,0,1,"[9, 19]","[7, 5]","[4, 1]",0,0,0,1,0,1,0,0,0,1,10
2024211397354,2024,211397354,424345,322745,-1.64034,52.80172,3,3,5,17:06,-1,E07000193,6,2,1,0,1,"[19, 7]","[5, 7]","[1, 6]",0,0,0,1,0,1,0,0,0,1,11
2024211397443,2024,211397443,389828,344074,-2.15299,52.9939,2,2,6,06:56,-1,E06000021,6,2,8,0,1,9,2,3,0,0,0,1,0,0,0,0,1,1,12
2024211397701,2024,211397701,403926,309480,-1.94336,52.683,3,3,5,14:40,-1,E07000194,6,0,1,0,1,"[4, 19]","[1, 5]","[4, 1]",0,0,0,1,1,0,0,0,0,1,11
2024211397763,2024,211397763,388826,320879,-2.16712,52.78537,3,3,6,17:33,-1,E07000197,3,2,1,1,2,"[19, 9]","[7, 3]","[3, 8]",0,0,0,1,0,0,0,0,0,1,12
2024211397940,2024,211397940,424414,323219,-1.63928,52.80598,2,2,6,14:50,-1,E07000193,4,0,1,0,1,19,4,7,0,0,0,0,0,0,1,0,0,1,12
2024211398011,2024,211398011,395636,341194,-2.06642,52.96809,1,1,7,16:50,-1,E07000198,3,2,2,1,1,19,4,7,0,0,0,1,0,0,0,0,1,1,13
2024211398345,2024,211398345,395539,312390,-2.06747,52.70916,1,"[2, 1]",1,19:48,-1,E07000196,4,2,1,1,2,19,"[4, 8]","[8, 4]",0,0,0,1,0,0,0,0,0,1,14
2024211398626,2024,211398626,424256,322369,-1.64169,52.79834,3,3,1,13:15,-1,E07000193,6,0,1,0,1,14,2,6,0,0,0,1,0,0,0,0,1,1,14
2024211399054,2024,211399054,393349,342624,-2.10051,52.98092,3,3,3,12:25,-1,E06000021,3,0,1,1,1,"[10, 19]","[5, 1]","[3, 5]",0,"[2, 1]",0,1,0,0,0,0,0,1,16
2024211399188,2024,211399188,387196,327710,-2.19155,52.84674,3,3,3,19:50,-1,E07000197,3,2,1,1,2,19,7,3,0,1,10,1,0,0,0,0,0,1,16
2024211399817,2024,211399817,391665,335928,-2.12541,52.9207,2,2,5,08:00,-1,E07000197,3,0,3,1,2,"[4, 19]",1,5,0,0,0,1,0,1,0,0,0,1,18
2024211400052,2024,211400052,398232,308220,-2.02758,52.67168,3,3,3,14:45,-1,E07000192,3,0,1,0,2,"[4, 19]",6,2,0,0,0,1,0,0,0,0,0,1,16
2024211400058,2024,211400058,388078,343673,-2.17905,52.99025,3,3,5,10:40,-1,E06000021,3,0,4,1,2,19,3,7,0,0,0,1,0,1,0,0,0,1,18
2024211400073,2024,211400073,411222,309082,-1.83545,52.67932,3,3,4,10:55,-1,E07000194,6,0,9,-1,1,-1,-1,-1,-1,-1,0,1,0,0,0,0,0,1,17
2024211400083,2024,211400083,385107,342070,-2.22324,52.97577,3,3,4,13:50,-1,E07000197,3,0,1,-1,2,-1,-1,-1,-1,-1,0,1,0,0,0,0,0,1,17
2024211400164,2024,211400164,402679,313373,-1.96178,52.71801,3,3,4,13:11,-1,E07000192,6,0,1,0,2,19,6,2,0,0,0,1,0,0,0,0,0,1,17
2024211400322,2024,211400322,387628,333427,-2.18536,52.89814,3,3,6,09:18,-1,E07000197,1,0,1,1,2,"[19, 4, 14]",1,5,0,0,0,1,0,0,1,0,0,1,19
2024211400526,2024,211400526,408148,314116,-1.8808,52.72463,3,3,4,12:25,-1,E07000194,3,0,1,0,2,4,7,"[1, 8]",0,0,0,1,0,0,0,0,0,1,17
2024211400582,2024,211400582,385529,348263,-2.21723,53.03145,2,2,5,10:07,-1,E07000195,4,0,1,2,1,19,8,5,0,0,0,1,0,0,1,0,0,1,18
2024211400720,2024,211400720,391068,342652,-2.13448,52.98114,3,3,4,22:40,-1,E06000021,3,2,1,2,1,19,1,5,0,0,0,1,0,0,0,0,0,1,17
2024211400795,2024,211400795,392133,322812,-2.11813,52.8028,3,3,4,13:00,-1,E07000197,6,0,1,1,1,9,5,6,0,0,0,1,0,0,0,0,1,1,17
2024211400898,2024,211400898,424395,324554,-1.63947,52.81798,2,2,3,07:00,-1,E07000193,3,2,8,-1,1,"[19, 5]","[4, -1]","[8, -1]","[0, -1]","[0, -1]",0,1,0,1,0,0,0,1,16
2024211401430,2024,211401430,385499,346133,-2.21758,53.0123,2,2,1,20:30,-1,E07000195,3,2,1,1,1,19,5,7,0,0,0,1,0,0,0,0,1,1,21
2024211401570,2024,211401570,389532,342790,-2.15736,52.98235,3,3,7,22:30,-1,E06000021,6,2,2,1,1,19,"[2, 4]",8,0,0,0,1,0,1,0,0,0,1,20
2024211401903,2024,211401903,401000,343276,-1.98655,52.98682,2,2,4,19:20,-1,E07000198,3,2,1,2,1,19,2,6,0,1,0,1,0,0,0,0,0,1,17
2024211401972,2024,211401972,399056,311227,-2.01541,52.69872,3,3,3,23:05,-1,E07000192,6,2,8,0,1,"[19, 5]","[2, 3]","[4, 7]",0,0,0,1,0,0,0,0,0,1,23
2024211402527,2024,211402527,406392,348421,-1.90613,53.03303,3,3,5,09:42,-1,E07000198,6,0,7,1,2,19,"[5, 8]","[8, 4]",0,"[7, 1]","[1, 0]",1,0,0,0,0,0,1,25
2024211402668,2024,211402668,392079,323903,-2.11896,52.81261,3,3,5,17:16,-1,E07000197,4,2,1,0,1,19,"[1, 7]","[5, 3]",0,0,0,0,1,1,0,0,0,1,25
2024211402735,2024,211402735,394777,324017,-2.07893,52.81367,3,3,3,08:45,-1,E07000197,3,0,1,0,2,"[6, 19]",7,"[5, 2]",0,0,0,1,0,0,0,0,0,1,23
2024211402933,2024,211402933,388904,347583,-2.16688,53.02542,3,3,6,12:30,-1,E06000021,3,0,1,0,1,"[19, 7]","[3, 7]","[7, 3]",0,0,0,1,1,0,0,0,0,1,19
2024211402942,2024,211402942,387705,349022,-2.18481,53.03833,3,3,6,10:43,-1,E06000021,6,0,1,0,1,"[13, 9]","[6, 8]","[2, 6]",0,0,0,1,0,0,0,0,0,1,26
2024211403447,2024,211403447,405934,308558,-1.91368,52.6747,3,3,1,09:40,-1,E07000194,5,0,1,0,1,19,"[7, 4]","[3, 8]",0,"[3, 0]",0,1,1,0,0,0,0,1,28
2024211403520,2024,211403520,406262,306279,-1.90887,52.6542,2,2,7,13:05,-1,E07000194,6,0,1,0,2,7,6,8,0,7,1,1,0,0,0,0,0,1,27
2024211403536,2024,211403536,387980,307229,-2.17916,52.66264,2,2,1,14:26,-1,E07000196,6,0,1,0,2,19,5,1,0,0,0,1,0,0,0,0,1,1,7
2024211403552,2024,211403552,376578,333782,-2.34965,52.90096,3,3,5,08:00,-1,E07000197,4,0,1,0,2,19,8,4,0,0,0,1,0,0,0,0,0,1,25
2024211403554,2024,211403554,424150,326061,-1.64299,52.83153,3,3,3,17:01,-1,E07000193,6,2,8,0,1,19,"[7, 3]","[3, 7]",0,0,0,1,0,0,0,0,1,1,9
2024211403618,2024,211403618,393212,310029,-2.10186,52.68791,3,3,1,22:32,-1,E07000196,1,2,1,1,2,"[7, 15]",3,4,0,0,0,1,0,0,1,0,0,1,28
2024211403629,2024,211403629,397185,304705,-2.04303,52.64008,3,3,1,14:13,-1,E07000196,3,0,1,0,2,"[3, 5]",1,5,0,0,0,1,0,0,0,0,0,1,28
2024211403991,2024,211403991,396757,307752,-2.04939,52.66747,3,3,2,14:58,-1,E07000196,1,0,1,0,2,"[19, 11]",6,2,0,"[1, 0]",0,1,0,0,1,0,0,1,29
2024211404011,2024,211404011,390631,346814,-2.14111,53.01854,3,3,2,11:35,-1,E06000021,3,0,2,1,1,7,4,6,0,1,0,1,0,0,0,0,1,1,29
2024211404173,2024,211404173,396184,307570,-2.05786,52.66583,3,3,3,07:38,-1,E07000196,3,0,1,0,2,5,"[4, 3]","[6, 5]",0,0,0,1,0,0,1,0,0,1,30
2024211404265,2024,211404265,389018,347572,-2.16518,53.02532,3,3,3,17:14,-1,E06000021,3,2,2,1,1,"[3, 19]",7,3,0,0,0,1,0,0,0,0,0,1,23
2024211404416,2024,211404416,399470,357173,-2.00937,53.11174,2,2,3,11:40,-1,E07000198,6,0,1,1,1,19,"[6, 2]","[2, 6]",0,"[0, 1]",0,1,0,0,0,1,1,1,30
2024211404442,2024,211404442,425105,323982,-1.62898,52.8128,2,2,2,17:25,-1,E07000193,4,2,2,1,1,19,"[5, 1]","[1, 5]",0,0,0,1,0,1,0,0,0,1,22
2024211404686,2024,211404686,409961,334423,-1.85334,52.90715,3,3,3,14:10,-1,E07000193,3,0,1,0,2,"[5, 19]","[5, 6]",3,0,0,0,1,0,0,1,0,0,1,30
2024211404995,2024,211404995,385029,341419,-2.22437,52.96992,3,3,6,14:15,-1,E07000197,1,0,1,0,2,"[4, 19]",5,8,0,0,0,1,0,0,0,0,0,1,26
2024211405011,2024,211405011,387941,347057,-2.18122,53.02067,2,2,4,18:25,-1,E06000021,3,2,2,1,1,19,1,5,0,0,0,1,0,0,0,0,1,1,31
2024211405113,2024,211405113,387343,345650,-2.19008,53.00801,3,3,1,22:08,-1,E06000021,3,2,1,1,1,19,4,8,0,1,0,1,0,0,0,0,1,1,28
2024211405151,2024,211405151,385232,345524,-2.22153,53.00682,3,3,5,09:41,-1,E07000195,6,0,1,0,1,7,3,6,0,0,0,1,0,0,0,0,1,2,1
2024211405222,2024,211405222,392098,344843,-2.11919,53.00085,3,3,5,08:44,-1,E06000021,3,0,1,2,2,"[3, 19]","[4, 1]","[1, 6]",0,0,0,1,0,0,0,0,0,2,1
2024211405356,2024,211405356,385354,355107,-2.22015,53.09297,2,"[2, 3]",6,04:05,-1,E07000195,6,2,2,1,1,"[19, 2]","[1, 0]","[5, 0]","[11, 0]","[1, 0]","[3, 0]",1,0,0,0,0,0,1,26
2024211405547,2024,211405547,400262,311822,-1.99756,52.70407,3,3,6,09:35,-1,E07000192,3,0,1,0,1,19,1,5,0,7,0,1,0,0,0,0,0,1,12
2024211405645,2024,211405645,421387,303600,-1.68546,52.62974,3,3,7,13:26,-1,E07000199,4,0,1,0,1,"[19, 13]",8,3,0,0,0,1,0,0,0,0,0,1,13
2024211405685,2024,211405685,392726,315934,-2.10918,52.74098,2,2,3,18:50,-1,E07000196,3,2,5,1,2,"[19, 2]",5,"[1, 5]",4,"[1, 0]",0,1,0,0,1,0,0,1,23
2024211405703,2024,211405703,402719,315775,-1.96117,52.7396,3,3,6,17:31,-1,E07000192,3,2,1,1,2,"[9, 13]",6,"[3, 2]",0,0,0,1,0,1,0,0,0,2,2
2024211405791,2024,211405791,390384,323743,-2.1441,52.81115,3,3,2,08:23,-1,E07000197,6,0,1,1,1,19,3,7,0,0,0,1,0,0,0,0,1,1,29
2024211405885,2024,211405885,388912,346708,-2.16673,53.01755,3,3,7,11:45,-1,E06000021,3,0,2,1,1,"[2, 19]",6,"[5, 2]","[0, 4]",0,0,1,0,0,0,0,0,2,3
2024211405982,2024,211405982,388541,346152,-2.17224,53.01255,3,3,7,18:00,-1,E06000021,3,2,2,1,1,"[10, 19]","[8, 6]","[6, 2]",0,"[0, 7]",0,1,0,0,0,0,0,2,3
2024211406151,2024,211406151,399482,311214,-2.0091,52.6986,3,3,1,09:00,-1,E07000192,3,0,1,1,1,"[7, 19]",2,"[5, 6]",0,0,0,1,0,0,0,0,0,2,4
2024211406178,2024,211406178,386004,350359,-2.21024,53.05031,2,2,7,09:44,-1,E06000021,3,0,1,0,1,"[19, 4]","[5, 3]","[5, 1]",0,0,0,1,0,0,0,0,0,2,3
2024211406328,2024,211406328,385538,347408,-2.21706,53.02377,3,3,2,09:17,-1,E07000195,3,0,1,0,1,19,"[2, 8]","[6, 4]",0,7,"[11, 0]",1,0,0,0,0,0,2,5
2024211407117,2024,211407117,399352,306163,-2.01101,52.6532,2,2,3,07:55,-1,E07000196,3,0,2,1,1,"[5, 19]","[7, 5]",3,0,0,0,1,0,1,0,0,0,2,6
2024211407320,2024,211407320,391802,324134,-2.12307,52.81468,2,2,6,16:50,-1,E07000197,3,0,1,0,1,"[19, 3]",5,"[1, 2]",0,0,0,1,0,0,0,0,0,2,2
2024211407337,2024,211407337,400902,311738,-1.98809,52.70331,2,2,2,06:30,-1,E07000192,6,2,1,0,1,"[19, 6]",6,"[2, 6]",0,0,0,1,0,1,0,0,0,2,5
2024211407342,2024,211407342,398597,356397,-2.02241,53.10476,2,2,2,17:35,-1,E07000198,3,2,2,0,1,"[5, 6]","[2, 6]",6,0,0,0,1,0,1,0,0,0,2,5
2024211407399,2024,211407399,393645,310035,-2.09545,52.68797,3,3,4,20:15,-1,E07000196,3,2,1,1,2,"[9, 19]","[8, 3]","[4, 7]",0,0,0,1,0,0,0,0,0,2,7
2024211407660,2024,211407660,382352,312654,-2.26266,52.71126,3,3,5,10:35,-1,E07000196,6,0,1,0,2,19,8,4,0,1,4,0,0,0,1,0,0,1,11
2024211407718,2024,211407718,392930,341684,-2.10673,52.97246,2,2,3,17:49,-1,E06000021,3,2,2,1,1,19,1,5,0,0,0,1,0,0,0,0,1,2,6
2024211407833,2024,211407833,406778,308597,-1.90119,52.67504,3,3,1,13:30,-1,E07000194,6,0,1,0,2,19,"[4, 2]","[8, 7]",0,0,0,1,0,0,0,0,0,2,4
2024211407838,2024,211407838,398482,308355,-2.02389,52.6729,2,2,5,22:30,-1,E07000192,3,2,2,1,2,"[5, 19]","[6, 5]","[5, 2]","[0, 7]",0,0,1,1,0,0,0,0,2,8
2024211408252,2024,211408252,388766,347985,-2.16895,53.02903,3,3,6,22:58,-1,E06000021,6,2,1,1,1,"[19, 2]","[5, 0]","[1, 0]","[4, 0]","[7, 0]",0,1,0,0,0,1,0,2,9
2024211408259,2024,211408259,398693,356339,-2.02097,53.10424,3,3,6,14:03,-1,E07000198,6,0,1,0,1,19,7,5,0,0,0,1,0,0,0,0,1,2,9
2024211408286,2024,211408286,375552,336991,-2.36514,52.92976,3,3,6,13:45,-1,E07000195,3,0,2,1,2,"[19, 10]","[2, 6]","[6, 2, 4]",0,0,0,1,0,0,0,0,0,2,9
2024211408387,2024,211408387,384821,341941,-2.22749,52.9746,3,3,7,08:44,-1,E07000197,1,0,1,0,2,7,5,1,7,3,1,1,0,0,0,0,0,2,10
2024211408703,2024,211408703,395841,306673,-2.06292,52.65776,3,3,1,02:27,-1,E07000196,1,2,7,1,2,19,3,7,9,3,1,1,0,0,0,0,0,2,11
2024211408715,2024,211408715,396209,307572,-2.05749,52.66585,3,3,7,21:00,-1,E07000196,3,2,1,1,2,4,3,7,0,0,0,1,0,0,0,0,0,2,10
2024211408796,2024,211408796,379897,325298,-2.29978,52.82483,3,3,1,06:00,-1,E07000197,3,2,7,0,2,4,3,7,0,3,0,1,0,0,0,0,0,2,11
2024211408875,2024,211408875,376021,339383,-2.35834,52.95129,2,"[3, 2]",2,08:18,-1,E07000195,3,0,8,1,2,19,8,4,0,0,0,1,0,0,0,0,0,2,12
2024211409093,2024,211409093,394501,322369,-2.083,52.79885,3,3,2,17:20,-1,E07000197,6,0,1,0,1,"[4, 19]",4,"[7, 8]",0,0,0,1,1,0,0,0,0,2,12
2024211409152,2024,211409152,393038,343581,-2.10516,52.98952,3,3,2,19:05,-1,E06000021,6,2,1,0,1,19,3,5,0,0,0,1,0,0,0,0,1,2,12
2024211409380,2024,211409380,377880,351193,-2.33149,53.05753,2,"[2, 3]",2,11:43,-1,E07000195,1,0,1,0,2,"[11, 4]",1,5,0,0,0,1,0,0,0,0,0,2,12
2024211409703,2024,211409703,392076,344848,-2.11952,53.00089,3,3,7,13:00,-1,E06000021,4,0,9,0,2,"[4, 19]",6,"[4, 3]",0,0,0,1,0,0,0,0,0,2,10
2024211409832,2024,211409832,414557,299501,-1.78654,52.59311,3,3,4,07:06,-1,E07000194,3,2,1,0,2,"[12, 19]",8,4,0,0,0,1,0,1,0,0,0,2,14
2024211410469,2024,211410469,402871,315867,-1.95891,52.74042,3,3,5,08:34,-1,E07000192,3,0,1,1,2,"[19, 3]",6,2,0,0,0,1,0,0,1,0,0,2,15
2024211410775,2024,211410775,383101,345653,-2.2533,53.00792,2,"[2, 3]",6,14:00,-1,E07000195,6,0,1,1,2,19,"[5, 7]","[8, 4]",10,"[0, 1]",0,1,0,0,0,0,0,2,16
2024211410826,2024,211410826,421392,302785,-1.68543,52.62241,3,3,6,19:00,-1,E07000199,3,2,1,0,1,"[12, 19]",7,3,0,0,0,1,0,0,1,0,0,2,16
2024211410936,2024,211410936,388374,345923,-2.17472,53.01049,3,3,4,20:03,-1,E06000021,3,2,1,0,1,"[5, 3]",6,2,0,0,0,1,0,0,0,0,0,2,7
2024211410965,2024,211410965,387856,340909,-2.18225,52.9654,3,3,6,07:55,-1,E06000021,3,0,2,1,1,"[2, 1]","[0, 8]","[0, 4]",0,0,0,1,0,0,1,0,0,2,9
2024211411038,2024,211411038,390951,332127,-2.13593,52.88652,3,3,3,14:50,-1,E07000197,3,0,1,0,2,19,"[4, 3]","[8, 7]",0,0,0,1,1,0,0,0,0,2,13
2024211411277,2024,211411277,405137,317266,-1.92533,52.75298,2,2,1,13:40,-1,E07000192,6,0,1,1,1,"[7, 19]","[5, 4]",8,0,0,0,1,1,0,0,0,0,2,18
2024211411375,2024,211411375,388577,347609,-2.17176,53.02565,3,3,1,20:35,-1,E06000021,3,2,1,0,1,"[9, 19]","[3, 5]",1,0,"[7, 0]",0,1,0,0,0,0,0,2,18
2024211411378,2024,211411378,379773,352258,-2.30331,53.06717,3,3,1,21:45,-1,E07000195,3,2,1,1,2,4,"[4, 6]","[7, 2]","[9, 0]",0,0,1,0,0,0,0,1,2,18
2024211411924,2024,211411924,376031,329616,-2.35747,52.86349,3,3,7,08:50,-1,E07000197,6,0,1,0,2,19,7,3,0,0,0,1,1,0,0,0,0,2,17
2024211412153,2024,211412153,425364,323978,-1.62513,52.81275,3,3,6,07:00,-1,E07000193,6,2,2,1,1,-1,-1,-1,-1,-1,0,1,1,0,0,0,0,2,9
2024211412215,2024,211412215,397734,355694,-2.03529,53.09844,2,2,2,11:26,-1,E07000198,3,0,1,0,1,"[19, 2]","[4, 0]","[8, 0]","[4, 0]","[1, 0]",0,1,0,0,0,0,0,2,5
2024211412532,2024,211412532,386374,327779,-2.20376,52.84734,3,3,3,14:20,-1,E07000197,3,0,2,1,2,"[19, 9]","[7, 8]","[3, 7]",0,0,0,1,0,0,0,0,0,2,20
2024211412592,2024,211412592,384856,342034,-2.22697,52.97544,3,3,2,09:30,-1,E07000197,1,0,1,0,2,19,5,1,0,0,0,1,0,0,0,0,0,2,19
2024211412599,2024,211412599,385378,302406,-2.21741,52.61922,3,3,4,18:40,-1,E07000196,3,2,1,1,2,"[19, 9]",1,5,"[0, 10]",1,0,1,0,0,0,0,0,2,21
2024211412677,2024,211412677,420779,304473,-1.69438,52.63761,3,3,4,15:54,-1,E07000199,3,0,1,0,1,"[9, 19]","[4, 1]","[1, 5]","[0, 7]",0,0,1,0,0,0,0,0,2,21
2024211412694,2024,211412694,387517,302941,-2.18584,52.62409,2,2,2,08:15,-1,E07000196,6,0,1,0,1,19,2,6,0,0,0,1,0,0,0,0,1,2,12
2024211412850,2024,211412850,383939,344880,-2.24077,53.001,3,3,5,09:55,-1,E07000195,6,0,2,1,1,"[19, 4]",8,4,0,0,0,1,0,0,0,0,0,2,22
2024211413023,2024,211413023,382178,350633,-2.26733,53.05265,2,2,5,15:45,-1,E07000195,4,0,8,0,2,19,1,5,0,0,0,1,0,0,0,0,1,2,22
2024211413087,2024,211413087,392420,339816,-2.11428,52.95566,2,"[3, 2]",6,01:07,-1,E07000197,3,2,1,1,2,19,1,5,0,7,0,1,0,0,0,0,0,2,23
2024211413099,2024,211413099,425722,325458,-1.61971,52.82604,2,"[3, 2]",7,00:44,-1,E07000193,3,2,1,0,1,19,"[6, 2]","[2, 6]","[10, 0]","[1, 0]",0,1,0,0,0,0,0,2,17
2024211413106,2024,211413106,410328,312437,-1.84857,52.7095,3,3,5,10:23,-1,E07000194,3,0,2,1,2,19,5,3,0,1,0,1,0,0,0,0,0,2,22
2024211413359,2024,211413359,412686,309743,-1.81377,52.68523,3,3,6,13:30,-1,E07000194,3,0,2,1,1,"[3, 9]","[2, 1, 6]","[6, 2]",0,"[1, 0]",0,1,0,0,0,0,0,2,23
2024211413462,2024,211413462,397080,305275,-2.04459,52.6452,3,3,6,18:23,-1,E07000196,3,2,2,1,2,19,"[5, 1]","[1, 5]",0,0,0,1,0,0,0,0,0,2,23
2024211413470,2024,211413470,399261,310273,-2.01237,52.69014,3,3,7,00:10,-1,E07000192,3,2,1,0,2,19,4,6,0,3,0,1,0,0,0,0,0,2,24
2024211413539,2024,211413539,424129,323581,-1.64348,52.80924,2,2,1,22:00,-1,E07000193,6,2,1,0,1,5,5,7,0,0,0,0,0,0,0,1,1,2,18
2024211413548,2024,211413548,399290,312357,-2.01195,52.70888,3,3,7,07:50,-1,E07000192,6,0,1,2,1,"[19, 2]","[7, 0]","[3, 0]","[4, 0]",0,0,1,0,0,0,0,0,2,24
2024211413698,2024,211413698,382073,351901,-2.26897,53.06405,2,2,5,08:00,-1,E07000195,3,0,2,0,2,19,4,8,"[11, 0]",1,"[4, 0]",1,0,0,0,0,0,2,22
2024211413969,2024,211413969,392943,314526,-2.10594,52.72833,3,3,2,14:27,-1,E07000196,6,0,1,0,2,19,6,8,0,7,0,1,0,0,0,0,0,2,12
2024211414346,2024,211414346,383632,350539,-2.24563,53.05186,3,3,6,13:12,-1,E07000195,3,0,1,0,2,"[6, 19]",4,"[4, 8]",0,0,0,1,0,0,0,0,0,2,23
2024211414720,2024,211414720,424640,322312,-1.636,52.79781,3,3,6,18:20,-1,E07000193,4,2,1,0,1,"[4, 7]","[6, 4]","[2, 6]",0,0,0,1,0,0,0,0,0,2,23
2024211414759,2024,211414759,385591,351810,-2.21647,53.06334,3,3,3,15:30,-1,E06000021,6,0,1,0,1,19,2,6,0,0,0,1,0,0,0,0,1,2,27
2024211415016,2024,211415016,398655,355054,-2.02154,53.09269,2,2,1,17:06,-1,E07000198,3,0,1,0,2,"[13, 7]",1,"[5, 4]",0,0,0,1,0,1,0,0,0,2,25
2024211415277,2024,211415277,394360,323727,-2.08511,52.81106,3,3,2,15:26,-1,E07000197,3,0,1,0,1,"[4, 3]",7,3,0,"[7, 0]","[4, 0]",1,0,0,1,0,0,2,12
2024211415389,2024,211415389,393647,342045,-2.09606,52.97572,3,3,5,07:30,-1,E06000021,3,0,1,0,1,"[3, 19]",7,3,0,0,0,1,0,0,0,0,0,2,29
2024211415534,2024,211415534,385617,352601,-2.21611,53.07045,3,3,5,15:24,-1,E06000021,3,0,1,0,1,"[7, 19]","[1, 8]","[4, 5]",0,0,0,1,0,0,0,0,0,2,29
2024211415910,2024,211415910,386713,285696,-2.19702,52.46904,3,3,4,13:10,-1,E07000196,3,0,1,1,2,"[10, 19]",2,"[8, 6]",0,0,0,1,0,0,0,0,0,2,28
2024211415946,2024,211415946,391669,342299,-2.12552,52.97797,3,3,6,19:24,-1,E06000021,3,2,1,0,1,"[19, 7]","[3, 7]",3,0,0,0,1,0,0,0,0,0,3,1
2024211416124,2024,211416124,393763,318395,-2.09387,52.76312,3,3,2,10:00,-1,E07000196,6,0,1,0,2,"[7, 19]","[5, 3]","[6, 7]",0,0,0,1,0,0,0,0,0,2,26
2024211416265,2024,211416265,385455,353107,-2.21855,53.07499,3,3,4,18:20,-1,E06000021,3,2,1,1,1,"[3, 19]",8,4,0,0,0,1,0,0,0,0,0,2,28
2024211416387,2024,211416387,390290,343338,-2.14609,52.98729,3,3,3,08:33,-1,E06000021,6,0,1,0,1,19,2,6,0,0,0,1,0,0,0,0,1,1,9
2024211416527,2024,211416527,386095,284361,-2.20606,52.45702,3,3,1,17:00,-1,E07000196,6,0,1,0,2,"[9, 19]","[7, 5]","[4, 1]",0,0,0,1,0,0,0,0,0,3,3
2024211416660,2024,211416660,382324,292474,-2.26199,52.52984,2,"[2, 3]",2,08:00,-1,E07000196,6,0,1,2,2,19,"[1, 4]","[4, 1]",0,"[0, 8]",0,1,0,0,0,0,0,3,4
2024211416739,2024,211416739,396647,305424,-2.05099,52.64654,3,3,1,05:30,-1,E07000196,6,2,1,0,2,19,3,7,0,1,0,1,0,0,0,0,0,3,3
2024211416872,2024,211416872,386670,350548,-2.20031,53.05202,2,"[3, 2]",2,08:36,-1,E06000021,3,0,1,0,1,"[19, 9]","[1, 3]","[5, 1]",0,"[7, 0]",0,1,0,0,0,0,0,3,4
2024211416953,2024,211416953,405176,316752,-1.92476,52.74836,2,2,2,19:27,-1,E07000192,3,2,2,1,1,"[19, 9]","[4, 6]","[8, 4]",0,0,0,1,0,0,0,0,0,3,4
2024211417052,2024,211417052,399259,310273,-2.0124,52.69014,2,2,2,23:15,-1,E07000192,3,2,1,0,2,19,6,2,9,1,7,1,0,0,0,0,0,3,4
2024211417839,2024,211417839,389458,327524,-2.15796,52.84512,2,2,4,14:15,-1,E07000197,1,0,1,0,2,"[19, 2]",1,5,0,0,0,1,0,0,0,0,0,3,6