collision_index,collision_year,collision_ref_no,location_easting_osgr,location_northing_osgr,longitude,latitude,casualty_severity,casualty_severity,day_of_week,time,local_authority_district,local_authority_ons_district,first_road_class,light_conditions,weather_conditions,road_surface_conditions,urban_or_rural_area,vehicle_manoeuvre,vehicle_direction_from,vehicle_direction_to,hit_object_in_carriageway,vehicle_leaving_carriageway,hit_object_off_carriageway,is_car,is_cyle,is_mcyle,is_goodsv,is_other,is_pedestrian,month,day
2024211417853,2024,211417853,394915,302512,-2.07655,52.62035,3,3,4,08:05,-1,E07000196,4,0,2,1,2,19,"[2, 6]","[6, 2]",0,"[0, 7]",0,1,0,0,0,0,0,2,14
2024211417874,2024,211417874,390526,303704,-2.14141,52.63101,2,2,4,20:49,-1,E07000196,6,2,1,1,2,14,5,1,0,0,0,0,0,0,1,0,1,3,6
2024211418129,2024,211418129,389191,334590,-2.16216,52.90863,2,"[2, 3]",4,18:35,-1,E07000197,3,2,1,0,2,3,5,"[8, 1]",0,"[0, 1]",0,1,0,0,0,0,0,3,6
2024211418174,2024,211418174,420234,305583,-1.70237,52.64761,1,1,1,22:00,-1,E07000199,3,2,1,0,1,-1,"[1, 5]","[4, 8]",0,-1,0,1,0,1,0,0,0,3,3
2024211418339,2024,211418339,425288,324818,-1.6262,52.82031,3,3,6,09:00,-1,E07000193,4,0,1,0,1,7,"[3, 1]",5,0,0,0,1,1,0,0,0,0,3,8
2024211418467,2024,211418467,400055,323694,-2.00063,52.81079,3,3,6,07:56,-1,E07000197,3,0,1,0,2,"[19, 6]",5,1,0,0,0,1,0,1,0,0,0,3,8
2024211418775,2024,211418775,426318,324028,-1.61098,52.81316,3,3,7,12:52,-1,E07000193,6,0,1,0,1,"[19, 10]","[6, 4]",2,0,0,0,1,0,0,0,0,0,3,9
2024211418799,2024,211418799,386799,349809,-2.19836,53.04538,3,3,7,19:20,-1,E06000021,4,2,1,0,1,9,1,6,0,0,0,1,0,0,0,0,1,1,27
2024211418828,2024,211418828,395326,307752,-2.07055,52.66746,3,3,5,16:40,-1,E07000196,1,0,1,0,2,12,5,8,0,0,0,1,0,0,0,0,0,3,7
2024211418974,2024,211418974,391549,357178,-2.1277,53.11172,3,3,1,10:45,-1,E07000198,6,0,2,1,2,19,"[5, 3]","[1, 7]",0,"[1, 3]",0,1,0,0,0,0,0,3,10
2024211418993,2024,211418993,395305,346944,-2.07144,53.01977,3,3,7,13:32,-1,E07000198,3,0,1,0,2,"[9, 19]","[1, 5]",1,0,0,0,1,0,0,0,0,0,3,9
2024211419053,2024,211419053,391398,353273,-2.12985,53.07661,3,3,1,00:35,-1,E07000198,4,2,1,1,2,19,"[7, 2]","[2, 7]",0,0,0,1,0,0,0,0,0,3,10
2024211419090,2024,211419090,421496,320044,-1.68278,52.77756,3,3,1,20:18,-1,E07000193,3,2,2,1,2,"[19, 11]",6,2,0,0,0,1,0,0,1,0,0,3,10
2024211419209,2024,211419209,393484,323285,-2.0981,52.80707,3,3,2,08:30,-1,E07000197,6,0,1,1,1,19,7,3,0,0,0,1,0,0,0,0,1,3,11
2024211419213,2024,211419213,394649,321393,-2.08079,52.79008,2,2,3,15:50,-1,E07000197,6,0,1,0,1,19,2,6,0,0,0,1,0,0,0,0,1,3,5
2024211419243,2024,211419243,421546,301617,-1.68324,52.61191,3,3,2,07:40,-1,E07000199,4,0,1,0,1,19,"[7, 2]","[3, 8]",0,"[1, 0]",0,1,1,0,0,0,0,2,26
2024211419336,2024,211419336,425081,325249,-1.62923,52.82419,3,3,2,11:22,-1,E07000193,6,0,1,1,1,19,5,1,0,0,0,1,0,0,0,0,0,3,11
2024211419774,2024,211419774,412223,318883,-1.82028,52.76741,3,3,3,12:20,-1,E07000193,6,0,1,0,2,19,3,7,0,0,0,1,0,0,0,0,1,3,5
2024211419902,2024,211419902,391822,320439,-2.12268,52.78147,1,1,3,09:06,-1,E07000197,1,0,2,1,1,"[19, 12, 20]","[8, 0]","[4, 0]",0,0,0,1,0,0,1,0,0,3,12
2024211420037,2024,211420037,394555,336272,-2.08244,52.92383,3,3,4,01:22,-1,E07000197,4,2,1,1,2,19,1,5,0,1,0,1,0,0,0,0,0,3,13
2024211420165,2024,211420165,424713,324136,-1.63478,52.8142,3,3,5,09:40,-1,E07000193,3,0,1,0,1,19,7,3,0,0,0,1,0,0,0,0,1,3,7
2024211420345,2024,211420345,386555,350174,-2.20201,53.04866,1,1,2,23:44,-1,E06000021,6,2,1,0,1,"[2, 19]","[0, 2]","[0, 6]","[0, 4]","[0, 1]",0,1,0,1,0,0,0,3,11
2024211420452,2024,211420452,397997,305447,-2.03104,52.64676,3,3,1,15:25,-1,E07000196,6,0,2,1,2,19,"[7, 2]","[2, 7]","[0, 10]","[1, 0]",0,1,0,0,0,0,0,3,10
2024211420789,2024,211420789,386601,351993,-2.2014,53.06501,3,3,5,16:15,-1,E06000021,3,0,1,1,1,19,"[2, 3]","[6, 8]",0,0,0,1,0,1,0,0,0,3,14
2024211420826,2024,211420826,388422,347490,-2.17406,53.02457,3,3,5,15:00,-1,E06000021,6,0,1,1,1,5,6,2,0,0,0,1,0,0,0,0,1,3,14
2024211420952,2024,211420952,391096,328682,-2.13368,52.85556,3,3,6,08:10,-1,E07000197,3,0,1,1,2,"[13, 7]","[2, 3]",6,0,"[0, 3]",0,1,0,0,0,0,0,3,15
2024211420971,2024,211420971,386130,355488,-2.20858,53.09641,3,3,4,08:45,-1,E07000195,6,0,1,0,1,14,2,2,0,0,0,1,0,0,0,0,1,2,21
2024211420991,2024,211420991,387940,355014,-2.18154,53.0922,3,3,6,10:00,-1,E07000198,3,0,1,0,2,19,"[4, 5]","[8, 6]",0,0,0,1,0,0,0,0,0,3,15
2024211421008,2024,211421008,390773,292831,-2.13745,52.53326,3,3,6,10:35,-1,E07000196,6,0,2,1,1,-1,6,2,0,0,0,1,0,0,0,0,1,3,15
2024211421042,2024,211421042,394302,304628,-2.08564,52.63937,3,3,6,11:30,-1,E07000196,1,0,1,0,2,"[19, 4]",3,7,0,0,0,1,0,0,0,0,0,3,8
2024211421096,2024,211421096,389448,351778,-2.15891,53.06314,3,3,6,12:31,-1,E06000021,3,0,1,0,1,"[12, 19]","[2, 6]","[6, 2]",0,0,0,1,0,0,0,0,0,3,15
2024211421189,2024,211421189,410706,313363,-1.84295,52.71782,2,2,6,18:00,-1,E07000194,3,0,1,1,2,19,5,3,0,0,0,1,0,0,0,0,1,3,15
2024211421226,2024,211421226,389543,342786,-2.1572,52.98231,2,"[3, 2]",5,08:07,-1,E06000021,6,0,8,0,1,"[9, 19]","[2, 8]","[8, 4]",0,0,0,1,0,0,0,0,0,2,1
2024211421749,2024,211421749,398308,356520,-2.02673,53.10587,2,2,6,13:05,-1,E07000198,3,0,1,0,1,9,7,3,0,0,0,1,0,0,0,0,1,3,15
2024211422203,2024,211422203,413058,304848,-1.80846,52.64122,2,"[3, 2]",2,17:00,-1,E07000194,3,0,1,0,2,"[19, 3]",4,8,0,0,0,1,0,0,0,0,0,3,18
2024211422204,2024,211422204,383765,322291,-2.24223,52.79793,2,2,2,16:05,-1,E07000197,6,0,1,0,2,19,1,5,0,7,4,1,0,0,0,0,0,3,18
2024211422502,2024,211422502,403925,310290,-1.94337,52.69028,3,3,7,07:45,-1,E07000194,6,0,1,0,1,7,8,3,0,0,0,1,0,0,0,0,1,3,16
2024211422512,2024,211422512,386354,343446,-2.20472,52.98817,3,3,3,15:45,-1,E06000021,3,0,1,0,1,"[9, 19]","[8, 4]","[7, 8]",0,0,0,1,0,0,0,0,0,3,19
2024211422527,2024,211422527,396274,328068,-2.05677,52.8501,2,2,3,15:56,-1,E07000197,3,0,1,0,2,19,7,3,0,4,0,0,0,1,0,0,0,3,19
2024211422587,2024,211422587,390126,350304,-2.14875,53.0499,3,3,3,21:55,-1,E06000021,6,2,2,1,1,19,"[7, 4]","[3, 8]",0,0,0,1,0,0,0,0,0,3,19
2024211422889,2024,211422889,425981,325787,-1.61584,52.82899,3,3,4,09:50,-1,E07000193,3,0,2,1,2,19,"[6, 8]","[2, 4]",0,0,0,1,0,0,0,0,0,3,20
2024211422993,2024,211422993,404179,317387,-1.93952,52.75408,3,3,4,18:32,-1,E07000192,3,0,1,0,1,19,6,2,0,0,0,1,0,0,0,0,1,3,20
2024211423003,2024,211423003,397763,310993,-2.03454,52.69661,2,2,2,15:22,-1,E07000192,3,0,1,0,1,19,4,8,0,0,0,0,0,1,0,0,1,3,18
2024211423008,2024,211423008,425097,322129,-1.62924,52.79615,2,2,3,15:30,-1,E07000193,3,0,1,0,2,19,"[7, 3]","[3, 7]","[10, 0]",0,0,1,0,0,0,0,0,3,19
2024211423323,2024,211423323,409189,341191,-1.86463,52.968,3,3,7,08:40,-1,E07000193,4,0,1,0,2,-1,-1,-1,-1,-1,0,1,0,1,0,0,0,3,16
2024211423367,2024,211423367,387605,348560,-2.18629,53.03417,3,3,5,14:50,-1,E06000021,3,0,1,0,1,19,"[7, 6]",1,0,0,0,1,0,1,0,0,0,3,21
2024211423712,2024,211423712,377961,352520,-2.33037,53.06946,3,3,3,12:00,-1,E07000195,3,0,1,0,2,"[19, 2]","[3, 7]","[7, 3]",0,0,0,1,0,0,1,0,0,3,12
2024211423754,2024,211423754,387657,347429,-2.18547,53.02401,3,3,5,17:50,-1,E06000021,3,0,1,0,1,12,8,8,10,0,0,1,0,0,0,0,0,3,21
2024211423787,2024,211423787,391215,310645,-2.13142,52.69341,3,3,6,23:26,-1,E07000196,3,2,1,0,2,"[19, 4]",3,7,0,"[5, 0]",0,1,0,0,0,0,0,3,22
2024211423798,2024,211423798,424001,300865,-1.64703,52.60504,3,3,2,14:50,-1,E07000199,3,0,1,0,2,"[19, 11]",8,4,0,0,0,1,0,0,0,0,0,3,18
2024211424020,2024,211424020,383628,350545,-2.24569,53.05191,3,3,7,15:00,-1,E07000195,3,0,1,0,2,"[6, 13]",4,"[4, 8]",0,"[1, 0]","[4, 0]",1,0,0,0,0,0,3,23
2024211424088,2024,211424088,399913,313448,-2.00273,52.71869,3,3,7,17:15,-1,E07000192,6,0,2,1,1,"[8, 7]","[2, 4]","[4, 8]",0,"[1, 0]",0,1,0,0,0,0,0,3,23
2024211424156,2024,211424156,392259,314144,-2.11605,52.72489,2,2,3,17:30,-1,E07000196,3,0,8,0,2,19,5,1,0,0,0,1,0,0,0,0,1,3,19
2024211424190,2024,211424190,398649,356843,-2.02163,53.10877,2,2,3,16:30,-1,E07000198,6,0,1,0,1,7,1,2,0,0,0,1,0,0,0,0,1,3,19
2024211424249,2024,211424249,386755,349890,-2.19902,53.04611,2,2,1,16:11,-1,E06000021,6,0,1,0,1,5,8,4,0,0,0,1,0,0,0,0,1,3,24
2024211424281,2024,211424281,415226,324637,-1.77551,52.81906,3,3,1,19:46,-1,E07000193,4,2,1,0,2,19,3,8,0,0,0,1,0,0,0,0,0,3,24
2024211424683,2024,211424683,417400,314580,-1.74378,52.72859,3,3,2,18:00,-1,E07000194,3,0,1,0,2,19,6,2,0,0,0,1,0,0,0,0,0,3,25
2024211424732,2024,211424732,397264,348200,-2.04225,53.03108,3,3,2,20:00,-1,E07000198,6,2,1,1,2,19,6,3,0,1,0,1,0,0,0,0,0,3,25
2024211424792,2024,211424792,388339,350373,-2.17541,53.05049,3,3,1,19:00,-1,E06000021,4,0,1,0,1,19,1,5,0,0,0,1,0,0,0,0,1,3,24
2024211425155,2024,211425155,405145,317789,-1.9252,52.75769,3,3,6,09:59,-1,E07000192,3,0,1,0,2,"[15, 7]",4,"[1, 7]",0,"[0, 7]",0,1,0,0,0,0,0,3,22
2024211425248,2024,211425248,419499,307014,-1.71315,52.6605,3,3,4,07:04,-1,E07000194,3,0,1,0,2,"[19, 4]",5,1,0,0,0,1,0,0,1,0,0,3,27
2024211425337,2024,211425337,397500,305124,-2.03838,52.64385,3,3,4,08:50,-1,E07000196,6,0,1,1,2,19,6,2,11,1,4,1,0,0,0,0,0,3,27
2024211425517,2024,211425517,424370,324931,-1.63981,52.82137,3,3,7,19:50,-1,E07000193,6,2,1,-1,1,19,2,6,-1,-1,0,1,0,0,0,0,1,3,9
2024211425711,2024,211425711,388235,291039,-2.1748,52.51711,3,3,1,15:48,-1,E07000196,3,0,1,0,2,19,"[7, 5]","[3, 1]",0,0,0,1,0,0,0,0,0,3,24
2024211425943,2024,211425943,380763,352145,-2.28853,53.0662,3,3,3,11:32,-1,E07000195,3,0,1,0,2,19,7,3,0,0,0,1,0,0,1,0,0,3,26
2024211426087,2024,211426087,394867,320323,-2.07754,52.78046,3,3,7,16:00,-1,E07000197,3,0,1,0,1,"[9, 4, 19]",1,"[6, 5]",0,0,0,1,0,0,0,0,0,3,23
2024211426151,2024,211426151,387465,347023,-2.18831,53.02035,3,3,2,18:00,-1,E06000021,6,0,9,0,1,"[2, 19]","[0, 6]","[0, 2]","[0, 4]",0,0,1,0,0,0,0,0,3,25
2024211426162,2024,211426162,392045,313272,-2.1192,52.71704,2,2,5,07:30,-1,E07000196,3,0,1,1,2,7,3,5,0,0,0,1,0,0,0,0,0,3,28
2024211426289,2024,211426289,391803,342779,-2.12354,52.98229,3,3,7,00:39,-1,E06000021,3,2,1,1,1,19,7,3,0,0,0,1,0,0,0,0,0,3,30
2024211426438,2024,211426438,387374,346974,-2.18967,53.01991,3,3,7,13:55,-1,E06000021,4,0,1,0,1,19,4,8,0,"[0, 7]",0,1,0,0,0,0,0,3,30
2024211426444,2024,211426444,405482,309282,-1.92035,52.68121,3,3,2,11:20,-1,E07000194,6,0,1,0,1,1,5,1,0,0,0,1,0,0,0,0,1,3,25
2024211426461,2024,211426461,424039,323368,-1.64484,52.80733,3,3,4,09:20,-1,E07000193,3,0,1,0,1,"[3, 19]",2,6,0,0,0,1,0,0,0,0,0,3,27
2024211426484,2024,211426484,383542,309893,-2.24491,52.68647,2,2,7,14:00,-1,E07000196,6,0,1,0,2,"[9, 19]","[1, 5]","[4, 3]",0,0,0,1,1,0,0,0,0,3,30
2024211426527,2024,211426527,387802,348325,-2.18334,53.03207,3,3,7,16:42,-1,E06000021,3,0,1,0,1,19,4,8,0,0,0,1,0,0,0,0,0,3,30
2024211426540,2024,211426540,385814,344372,-2.21281,52.99648,3,3,4,15:10,-1,E06000021,6,0,1,0,1,"[19, 2]","[1, 0]","[5, 0]",0,0,0,1,0,0,0,0,0,3,27
2024211426611,2024,211426611,385883,290903,-2.20946,52.51583,3,3,7,12:36,-1,E07000196,6,0,1,0,2,"[13, 19]",8,4,0,0,0,0,0,1,0,1,0,3,30
2024211426708,2024,211426708,401519,314254,-1.97895,52.72593,3,3,7,14:51,-1,E07000192,3,0,1,0,2,4,"[7, 1]","[3, 5]",0,0,0,1,0,0,0,0,0,3,30
2024211426892,2024,211426892,391125,331634,-2.13333,52.88209,3,3,6,11:54,-1,E07000197,3,0,4,0,2,"[13, 12]",1,5,0,0,0,1,0,0,0,0,0,2,2
2024211426917,2024,211426917,419874,303357,-1.70782,52.62761,3,3,2,15:30,-1,E07000199,6,0,1,0,1,19,"[1, 7]","[5, 1, 3]",0,0,0,1,0,0,0,0,0,4,1
2024211426927,2024,211426927,396377,340562,-2.05538,52.96241,3,3,2,16:34,-1,E07000198,3,0,1,0,2,9,6,4,"[0, 10]","[0, 1]","[0, 1]",1,0,0,1,0,0,4,1
2024211426933,2024,211426933,421404,319835,-1.68415,52.77568,3,3,3,14:00,-1,E07000193,3,0,9,-1,2,-1,-1,-1,-1,-1,0,0,0,1,1,0,0,3,5
2024211426965,2024,211426965,391054,309662,-2.13377,52.68458,3,3,5,17:02,-1,E07000196,3,0,1,0,2,"[19, 11]",5,2,0,"[1, 0]","[2, 0]",1,0,0,1,0,0,3,21
2024211426995,2024,211426995,390113,347384,-2.14885,53.02366,3,3,2,21:22,-1,E06000021,3,2,1,0,1,"[19, 14]",6,2,0,0,0,1,0,0,0,0,0,4,1
2024211427332,2024,211427332,409587,333041,-1.85894,52.89473,2,2,3,19:00,-1,E07000193,4,2,2,1,1,19,"[8, 6]","[4, 1]",0,8,0,1,1,0,0,0,0,4,2
2024211427719,2024,211427719,388627,308139,-2.16962,52.67084,3,3,4,16:08,-1,E07000196,6,0,1,0,2,19,"[7, 8]","[6, 2]",0,1,0,1,0,0,0,0,0,4,3
2024211427840,2024,211427840,383260,329180,-2.25007,52.85984,3,3,6,13:45,-1,E07000197,4,0,1,0,2,7,3,5,-1,-1,0,1,0,0,0,0,1,3,29
2024211427878,2024,211427878,392474,322789,-2.11307,52.8026,3,3,7,14:45,-1,E07000197,3,0,1,0,1,"[19, 11]",5,1,"[0, 10]",0,0,1,0,1,0,0,0,3,30
2024211428032,2024,211428032,419820,300230,-1.70881,52.5995,2,"[3, 2]",5,06:50,-1,E07000194,3,0,8,1,2,"[13, 19]","[2, 6]","[6, 5, 2]",0,"[1, 0]",0,1,0,1,0,0,0,4,4
2024211428270,2024,211428270,388293,347154,-2.17598,53.02155,3,3,3,17:03,-1,E06000021,4,2,1,0,1,7,4,6,0,0,0,1,0,0,0,0,1,1,9
2024211428363,2024,211428363,399178,311015,-2.0136,52.69681,3,3,3,17:30,-1,E07000192,6,0,1,0,1,"[19, 3]",4,"[8, 2]",0,0,0,1,0,0,0,0,0,4,2
2024211428372,2024,211428372,393763,341998,-2.09433,52.9753,3,3,5,13:10,-1,E06000021,3,0,1,0,1,19,8,4,0,0,0,1,0,0,0,0,0,1,11
2024211428462,2024,211428462,404000,314650,-1.94221,52.72948,3,3,6,18:21,-1,E07000192,6,0,1,0,2,"[7, 19]",6,"[8, 1]",0,0,0,0,0,1,0,0,0,4,5
2024211428550,2024,211428550,391304,306303,-2.12998,52.65438,2,2,7,02:00,-1,E07000196,3,2,1,1,2,19,1,5,0,"[0, 1]","[0, 4]",1,0,0,0,0,0,4,6
2024211428577,2024,211428577,419703,305714,-1.71021,52.64881,3,3,3,08:59,-1,E07000199,6,0,8,0,1,"[19, 7]","[4, 6]",8,0,0,0,1,0,0,0,0,0,1,9
2024211428580,2024,211428580,421301,303657,-1.68672,52.63025,3,3,7,19:44,-1,E07000199,4,2,1,0,2,19,1,3,0,0,0,1,0,0,0,0,0,1,6
2024211428633,2024,211428633,389051,345559,-2.16462,53.00723,3,3,5,13:30,-1,E06000021,3,0,1,0,1,"[3, 1]","[4, 8]","[8, 4]",0,0,0,1,0,0,0,0,0,3,21
2024211428722,2024,211428722,412934,306803,-1.81022,52.6588,3,3,5,20:27,-1,E07000194,6,2,1,1,2,7,8,2,0,3,0,1,0,0,0,0,0,1,4
2024211428734,2024,211428734,400122,307787,-1.99963,52.6678,3,3,6,09:15,-1,E07000192,1,0,1,0,2,"[19, 2]","[4, 0]","[7, 8, 0]",0,"[0, 4]","[0, 6]",1,0,0,1,0,1,4,5
2024211428749,2024,211428749,389588,344479,-2.15658,52.99753,3,3,7,16:34,-1,E06000021,3,0,1,0,1,"[9, 5]","[5, 8]","[3, 5]",0,"[0, 3]",0,1,0,1,0,0,0,4,6
2024211428765,2024,211428765,393932,341915,-2.09181,52.97455,3,3,7,21:36,-1,E06000021,3,2,5,1,1,19,4,4,0,0,0,1,0,0,0,0,0,4,6
2024211428831,2024,211428831,394077,304670,-2.08896,52.63974,1,1,1,05:55,-1,E07000196,3,2,2,1,2,19,5,1,0,0,0,1,0,0,0,0,0,4,7
2024211429019,2024,211429019,415532,313365,-1.7715,52.71772,3,3,6,21:00,-1,E07000194,6,2,1,0,2,"[4, 19]",3,7,0,0,0,1,0,0,0,0,0,4,5
2024211429175,2024,211429175,411782,309134,-1.82717,52.67978,3,3,5,11:45,-1,E07000194,3,0,1,0,1,9,4,2,0,0,0,1,0,0,0,0,1,1,4
2024211429250,2024,211429250,387635,348744,-2.18585,53.03583,3,3,3,17:05,-1,E06000021,3,0,9,-1,1,"[3, 19]",6,2,-1,-1,0,1,0,0,0,0,0,4,2
2024211429270,2024,211429270,386823,347205,-2.19789,53.02197,3,3,3,14:15,-1,E06000021,6,0,1,0,1,19,1,"[5, 7]",0,0,0,1,0,0,0,0,0,4,2
2024211429316,2024,211429316,395080,314023,-2.07428,52.72383,3,3,2,16:19,-1,E07000196,6,0,1,0,2,"[4, 19]","[4, 6]","[6, 4]","[0, 12]","[0, 1]",0,1,0,0,0,0,0,4,8
2024211429335,2024,211429335,385695,352763,-2.21496,53.07191,3,3,2,16:10,-1,E06000021,6,0,1,1,1,-1,"[5, 3]","[4, 6]",-1,-1,-1,1,0,0,0,0,0,4,8
2024211429483,2024,211429483,423961,326034,-1.6458,52.8313,3,3,5,17:43,-1,E07000193,6,2,1,1,1,"[9, 19]","[4, 8]","[2, 4]",0,0,0,1,0,0,0,0,0,1,4
2024211429659,2024,211429659,394908,306244,-2.07671,52.6539,3,3,3,12:25,-1,E07000196,3,0,5,1,2,"[19, 3]",2,6,0,0,0,1,0,0,0,0,0,4,9
2024211429884,2024,211429884,385705,349315,-2.21465,53.04091,3,3,2,17:15,-1,E06000021,3,0,1,0,1,"[4, 19]",6,2,0,0,0,1,0,0,0,0,0,4,8
2024211430121,2024,211430121,408384,324351,-1.87704,52.81664,3,3,3,10:30,-1,E07000193,4,0,1,0,2,"[19, 1]","[4, 7]","[8, 4]",-1,-1,0,1,0,0,0,0,0,3,26
2024211430183,2024,211430183,393154,323305,-2.103,52.80725,3,3,6,18:50,-1,E07000197,3,0,1,0,1,19,"[3, 8]","[1, 4]",0,0,0,1,1,0,0,0,0,4,5
2024211430194,2024,211430194,405265,308708,-1.92357,52.67605,3,3,4,18:56,-1,E07000194,6,0,2,1,1,"[19, 2]","[1, 0]","[5, 0]",0,"[7, 0]","[11, 0]",1,0,0,0,0,0,4,10
2024211430291,2024,211430291,418211,318005,-1.73159,52.75935,3,3,5,06:50,-1,E07000193,6,0,2,1,2,4,2,6,0,0,0,0,0,1,0,0,0,4,11
2024211430301,2024,211430301,415686,329123,-1.76847,52.85937,3,3,3,12:48,-1,E07000193,3,0,5,1,2,19,5,1,0,0,0,1,0,0,0,0,0,1,2
2024211430401,2024,211430401,397314,357166,-2.04158,53.11167,3,3,5,10:28,-1,E07000198,3,0,1,0,1,19,1,4,0,0,0,1,0,0,0,0,1,4,11
2024211430656,2024,211430656,404939,355049,-1.9277,53.09263,2,2,3,10:49,-1,E07000198,4,0,2,1,2,"[3, 19]","[3, 1]","[7, 5]",11,"[3, 7]","[0, 11]",1,0,0,0,1,0,4,9
2024211430759,2024,211430759,422108,321509,-1.67361,52.7907,3,3,6,07:05,-1,E07000193,3,0,1,0,2,19,1,1,0,1,1,1,0,0,0,0,0,4,12
2024211430875,2024,211430875,404488,307385,-1.93508,52.66416,3,3,5,08:18,-1,E07000194,3,0,1,0,2,19,4,8,0,0,0,0,0,0,1,0,0,2,22
2024211430983,2024,211430983,400180,312346,-1.99877,52.70878,3,3,4,11:50,-1,E07000192,4,0,1,0,1,"[1, 3]","[4, 8]","[8, 4]",0,0,0,1,0,0,0,0,0,4,10
2024211431002,2024,211431002,384933,346496,-2.22603,53.01555,3,3,5,12:20,-1,E07000195,6,0,1,0,1,19,"[1, 8]","[5, 4]",0,0,0,1,0,0,0,0,0,2,1
2024211431018,2024,211431018,391188,329274,-2.13233,52.86088,3,3,6,18:35,-1,E07000197,3,0,1,0,2,12,2,6,0,"[1, 0]","[11, 0]",1,0,0,0,0,0,4,12
2024211431105,2024,211431105,405319,308483,-1.92277,52.67403,3,3,6,07:55,-1,E07000194,6,0,1,0,1,19,"[5, 4]","[1, 8]",0,0,0,1,0,0,0,0,0,2,23
2024211431166,2024,211431166,388867,346664,-2.1674,53.01716,3,3,1,23:50,-1,E06000021,3,2,1,0,1,"[2, 19]","[0, 6]","[0, 2]",0,0,0,1,0,0,0,0,0,1,28
2024211431239,2024,211431239,423917,324212,-1.64658,52.81492,2,2,7,13:10,-1,E07000193,6,0,1,0,1,"[19, 5]","[4, 8]","[6, 8]",0,0,0,1,0,0,0,1,0,4,13
2024211431242,2024,211431242,395820,325797,-2.06348,52.82968,3,3,6,06:15,-1,E07000197,3,2,1,1,2,19,8,4,0,0,0,1,0,0,0,0,0,1,5
2024211431260,2024,211431260,413550,304565,-1.8012,52.63866,3,3,6,16:30,-1,E07000194,3,0,8,0,2,19,"[4, 2]","[7, 8]",0,0,0,1,0,0,0,0,0,4,12
2024211431287,2024,211431287,385077,342235,-2.22369,52.97725,3,3,7,15:56,-1,E07000195,3,0,1,0,2,"[15, 9]",5,5,0,0,0,1,0,0,0,0,0,4,13
2024211431303,2024,211431303,396915,319394,-2.04717,52.77213,3,3,1,19:35,-1,E07000197,6,0,1,0,2,"[4, 19]","[3, 7]","[7, 3]",0,0,0,1,0,1,0,0,0,4,7
2024211431450,2024,211431450,386306,296570,-2.20346,52.56678,3,3,1,12:06,-1,E07000196,6,0,1,0,2,19,"[2, 7]","[6, 3]",0,"[7, 0]",0,1,0,0,0,0,0,4,14
2024211431614,2024,211431614,410887,306077,-1.8405,52.65232,2,2,2,00:50,-1,E07000194,3,2,1,0,2,19,1,5,12,0,0,1,0,0,0,0,0,4,15
2024211431656,2024,211431656,391916,342864,-2.12186,52.98305,3,3,3,17:00,-1,E06000021,3,0,1,0,1,19,"[2, 8]","[8, 4]",0,0,0,1,1,0,0,0,0,4,9
2024211431680,2024,211431680,396930,303402,-2.04679,52.62837,3,3,5,14:45,-1,E07000196,1,0,1,0,2,"[4, 19]",1,5,0,0,0,1,0,0,0,0,0,4,11
2024211431714,2024,211431714,422662,300613,-1.66682,52.60284,3,3,6,11:35,-1,E07000199,6,0,1,0,1,19,"[1, 5]","[5, 1]",0,0,0,1,0,0,0,0,0,4,12
2024211431731,2024,211431731,379833,350631,-2.30231,53.05255,3,3,5,08:28,-1,E07000195,6,0,1,0,2,19,5,1,0,0,0,1,0,0,0,0,0,4,11
2024211431764,2024,211431764,402605,308703,-1.96291,52.67602,2,"[2, 3]",2,09:40,-1,E07000192,6,0,1,0,2,"[19, 5]","[5, 7]","[1, 4]",0,0,0,1,0,0,0,0,0,4,15
2024211431981,2024,211431981,397358,357065,-2.04092,53.11076,1,1,2,15:30,-1,E07000198,3,0,1,0,1,19,1,1,10,0,0,1,0,0,0,0,0,4,15
2024211431988,2024,211431988,424958,322666,-1.63126,52.80098,2,2,6,11:30,-1,E07000193,4,0,1,0,1,19,"[6, 3]","[2, 7]",0,0,0,1,0,1,0,0,0,2,2
2024211431991,2024,211431991,420499,323904,-1.69732,52.81229,3,3,4,15:00,-1,E07000193,4,0,1,0,1,"[13, 2, 9]","[3, 0]","[7, 0, 1]",0,0,0,1,0,1,0,0,0,2,14
2024211431994,2024,211431994,423725,324838,-1.64939,52.82056,2,2,1,23:53,-1,E07000193,6,2,1,0,1,19,"[1, 3]","[5, 7]",0,0,0,1,0,1,0,0,0,2,11
2024211431996,2024,211431996,425353,325957,-1.62514,52.83054,3,3,7,18:50,-1,E07000193,3,0,1,0,1,2,0,0,0,0,0,1,0,0,0,0,0,4,13
2024211432155,2024,211432155,411263,305949,-1.83495,52.65116,3,3,6,18:00,-1,E07000194,3,0,1,0,2,"[3, 19]",-1,-1,0,0,0,1,0,1,0,0,0,4,12
2024211432196,2024,211432196,398363,315264,-2.02568,52.73501,2,2,2,15:35,-1,E07000192,6,0,1,0,2,"[4, 19]","[4, 2]","[8, 6]",0,0,0,1,0,0,0,0,0,1,29
2024211432256,2024,211432256,389913,334035,-2.15141,52.90365,3,3,6,15:30,-1,E07000197,4,0,1,0,1,"[19, 9]","[4, 2]",8,0,0,0,1,0,0,1,0,0,4,12
2024211432328,2024,211432328,420817,304866,-1.6938,52.64114,3,3,3,15:51,-1,E07000199,3,0,1,0,1,"[4, 19]",5,1,0,0,0,1,0,0,0,0,0,4,16
2024211432401,2024,211432401,423201,323383,-1.65727,52.8075,2,2,3,19:29,-1,E07000193,4,0,2,1,1,"[9, 4]","[6, 4]","[4, 8]",0,0,0,0,0,1,1,0,0,4,16