collision_index,collision_year,collision_ref_no,location_easting_osgr,location_northing_osgr,longitude,latitude,casualty_severity,casualty_severity,day_of_week,time,local_authority_district,local_authority_ons_district,first_road_class,light_conditions,weather_conditions,road_surface_conditions,urban_or_rural_area,vehicle_manoeuvre,vehicle_direction_from,vehicle_direction_to,hit_object_in_carriageway,vehicle_leaving_carriageway,hit_object_off_carriageway,is_car,is_cyle,is_mcyle,is_goodsv,is_other,is_pedestrian,month,day
2024211432543,2024,211432543,387449,337952,-2.1882,52.93881,3,3,5,16:45,-1,E07000197,3,0,1,0,2,19,5,1,0,0,0,1,0,0,0,0,0,4,11
2024211432553,2024,211432553,389185,328857,-2.16206,52.85709,3,3,6,21:00,-1,E07000197,1,2,1,0,2,"[4, 19]",5,1,0,0,0,1,0,0,0,0,0,4,12
2024211432554,2024,211432554,411057,301021,-1.83816,52.60686,3,3,5,16:30,-1,E07000194,3,0,1,0,2,"[5, 4]","[5, 1]","[4, 2]",0,0,0,1,1,0,0,0,1,4,11
2024211432612,2024,211432612,395196,331637,-2.07283,52.88217,2,2,1,16:00,-1,E07000197,4,0,1,0,2,"[19, 5]","[1, 3]",6,0,0,0,1,0,1,0,0,0,4,14
2024211432712,2024,211432712,385977,351548,-2.21069,53.06099,3,3,3,18:20,-1,E06000021,3,2,1,0,1,"[3, 19]",4,8,0,0,0,1,0,0,0,0,0,1,9
2024211432759,2024,211432759,386316,349576,-2.20555,53.04327,3,3,6,19:15,-1,E06000021,4,0,9,0,1,2,0,0,0,0,0,1,0,0,0,0,1,3,1
2024211433202,2024,211433202,402968,315913,-1.95748,52.74084,3,3,7,16:55,-1,E07000192,3,0,2,1,2,"[3, 19]",7,3,0,0,0,1,0,0,0,0,0,2,17
2024211433248,2024,211433248,382112,295932,-2.2653,52.56092,3,3,5,12:17,-1,E07000196,3,0,1,0,2,"[9, 19]","[5, 3]",7,0,0,0,1,0,0,0,0,0,4,18
2024211433300,2024,211433300,417755,315061,-1.7385,52.7329,3,3,3,22:20,-1,E07000194,3,2,1,1,2,19,6,2,0,0,0,1,0,0,0,0,0,3,19
2024211433537,2024,211433537,386508,346989,-2.20258,53.02003,2,"[2, 3]",4,13:29,-1,E07000195,3,0,2,0,1,"[19, 13]","[2, 8]","[6, 2]",0,0,0,1,0,0,1,0,0,4,10
2024211433547,2024,211433547,412719,307644,-1.81336,52.66636,1,"[1, 2]",6,08:45,-1,E07000194,3,0,2,1,2,12,6,2,0,1,0,1,0,0,0,0,0,4,19
2024211433574,2024,211433574,394302,347506,-2.0864,53.02481,3,3,2,15:30,-1,E07000198,3,0,1,0,1,5,8,7,0,0,0,1,0,0,0,0,1,4,15
2024211433630,2024,211433630,393540,347412,-2.09776,53.02396,3,3,3,08:30,-1,E07000198,6,0,1,0,1,19,3,7,0,0,0,1,0,0,0,0,1,4,16
2024211433692,2024,211433692,393013,342333,-2.1055,52.9783,3,3,4,14:00,-1,E06000021,3,0,1,0,1,"[5, 4]","[5, 7]","[1, 3]",0,0,0,1,0,1,0,0,0,4,17
2024211433759,2024,211433759,386763,350327,-2.19892,53.05004,3,3,6,16:30,-1,E06000021,3,0,1,0,1,"[3, 19]",8,4,0,0,0,1,0,0,0,0,0,4,19
2024211433776,2024,211433776,394924,352080,-2.0772,53.06594,3,3,6,09:20,-1,E07000198,6,0,1,1,2,19,"[5, 1]","[1, 5]",0,0,0,1,0,0,0,0,0,4,19
2024211433792,2024,211433792,393718,344369,-2.09505,52.99661,3,3,6,10:24,-1,E06000021,3,0,1,1,1,"[10, 19]",5,1,0,0,0,1,0,0,0,0,0,4,19
2024211433813,2024,211433813,391387,343208,-2.12974,52.98614,2,2,7,09:45,-1,E06000021,3,0,1,0,1,"[10, 9]","[3, 4]","[7, 4]",0,0,0,1,0,1,0,0,0,4,20
2024211433842,2024,211433842,422249,302555,-1.67279,52.62031,3,3,7,13:25,-1,E07000199,3,0,1,0,1,"[3, 19]",5,"[8, 4]",0,0,0,1,0,0,0,0,0,4,20
2024211433869,2024,211433869,423490,323356,-1.65298,52.80725,3,3,3,17:50,-1,E07000193,6,0,1,0,1,"[19, 15]",5,1,0,0,0,1,0,0,0,0,0,4,16
2024211433893,2024,211433893,388224,345019,-2.17693,53.00236,3,3,4,17:10,-1,E06000021,3,0,1,0,1,"[19, 9]","[4, 8]","[7, 5]",0,0,0,1,0,0,0,0,0,4,10
2024211433900,2024,211433900,410693,313321,-1.84314,52.71744,3,3,7,17:03,-1,E07000194,3,0,1,0,2,"[5, 9]","[2, 1]","[5, 8]",0,0,0,1,0,0,0,0,0,4,20
2024211433911,2024,211433911,387281,347581,-2.19108,53.02537,3,3,7,18:00,-1,E06000021,3,0,1,0,1,"[5, 12]",8,"[6, 4]",0,0,0,1,0,0,0,0,0,4,20
2024211434110,2024,211434110,388760,356629,-2.16935,53.10673,3,3,6,16:30,-1,E07000198,6,0,1,0,1,"[7, 19]",6,"[8, 2]",0,0,0,1,0,0,0,0,0,4,19
2024211434168,2024,211434168,393710,347210,-2.09522,53.02215,3,3,6,11:36,-1,E07000198,3,0,1,0,1,"[9, 19]","[1, 3]","[5, 7]",0,0,0,1,0,0,0,0,0,4,19
2024211434308,2024,211434308,397018,304374,-2.0455,52.6371,3,3,1,10:08,-1,E07000196,3,0,1,0,2,"[19, 9]","[4, 1]","[1, 6]",0,0,0,1,0,0,0,0,0,1,14
2024211434872,2024,211434872,394501,322370,-2.083,52.79886,3,3,2,16:45,-1,E07000197,6,0,2,1,1,"[8, 19]","[3, 4]","[6, 2]",0,0,0,1,1,0,0,0,0,4,22
2024211434887,2024,211434887,387307,347582,-2.19069,53.02538,3,3,2,09:56,-1,E06000021,3,0,2,1,1,5,"[1, 6]","[2, 3]",0,0,0,1,0,0,0,0,0,4,22
2024211434927,2024,211434927,391084,325583,-2.13377,52.8277,3,3,3,16:20,-1,E07000197,6,0,1,0,1,"[2, 1]","[0, 4]","[0, 6]",0,0,0,1,0,0,0,0,0,4,23
2024211434945,2024,211434945,389539,344040,-2.1573,52.99358,3,3,3,16:30,-1,E06000021,3,0,1,0,1,"[14, 19, 9, 7]","[1, 6, 5]","[5, 3]",0,0,0,1,0,0,0,0,0,4,23
2024211435047,2024,211435047,401285,321311,-1.98239,52.78937,3,3,2,06:30,-1,E07000197,3,0,8,-1,2,"[19, 13]","[4, 8]","[8, 4]",-1,-1,0,1,0,0,0,1,0,4,22
2024211435068,2024,211435068,404502,314451,-1.93478,52.72768,3,3,4,06:58,-1,E07000192,6,0,1,1,2,19,"[3, 7]","[7, 3]",0,0,0,1,0,0,0,0,0,4,24
2024211435217,2024,211435217,426306,326834,-1.61093,52.83838,3,3,4,11:39,-1,E07000193,3,0,1,0,2,7,6,1,0,0,0,1,0,0,0,0,0,4,24
2024211435316,2024,211435316,415567,307078,-1.77128,52.6612,3,3,4,15:39,-1,E07000194,6,0,1,0,2,"[19, 2]","[4, 0]","[8, 0]",0,"[7, 0]",0,1,0,0,0,0,0,4,24
2024211435431,2024,211435431,383643,292742,-2.24256,52.5323,3,3,5,05:53,-1,E07000196,4,0,1,0,2,19,4,8,12,0,0,1,0,0,0,0,0,4,25
2024211435687,2024,211435687,384085,345606,-2.23863,53.00753,2,2,5,20:10,-1,E07000195,3,2,1,1,1,19,7,3,0,0,0,1,0,0,0,0,1,3,14
2024211435780,2024,211435780,392289,314602,-2.11562,52.729,3,3,2,13:05,-1,E07000196,3,0,2,1,2,"[5, 19]","[7, 6]","[5, 6]",0,0,0,1,0,0,1,0,0,4,22
2024211436046,2024,211436046,389590,350242,-2.15674,53.04934,3,3,6,12:39,-1,E06000021,6,0,1,0,1,"[9, 19]","[1, 5]","[3, 1]",0,"[7, 0]",0,1,0,1,0,0,0,4,26
2024211436190,2024,211436190,388426,294930,-2.17213,52.55209,3,3,5,21:21,-1,E07000196,3,2,1,0,1,"[7, 4]","[6, 4]","[2, 8]","[0, 10]",0,0,1,0,0,0,0,0,4,25
2024211436245,2024,211436245,392080,321240,-2.11888,52.78867,3,3,7,00:37,-1,E07000197,6,2,1,0,1,19,1,5,0,0,0,0,0,1,0,0,0,4,27
2024211436300,2024,211436300,424663,324042,-1.63553,52.81336,3,3,1,21:00,-1,E07000193,3,2,1,0,1,"[5, 19]","[2, 8]","[6, 5]",0,0,0,1,0,0,0,0,0,3,10
2024211436321,2024,211436321,394831,358820,-2.0787,53.12652,2,2,2,13:24,-1,E07000198,6,0,2,0,2,19,"[7, 3]","[3, 7]",0,0,0,1,0,0,0,0,0,1,15
2024211436408,2024,211436408,393795,341990,-2.09385,52.97522,3,3,7,13:40,-1,E06000021,3,0,2,1,1,"[7, 19]","[3, 8]","[3, 4]",0,0,0,1,1,0,0,0,0,4,27
2024211436457,2024,211436457,395491,309489,-2.06813,52.68308,3,3,7,09:50,-1,E07000196,3,0,1,0,2,"[5, 19]","[1, 7]","[5, 3]",0,"[0, 7]","[0, 9]",1,0,0,0,0,0,4,27
2024211436497,2024,211436497,392604,339657,-2.11153,52.95424,3,3,4,15:42,-1,E07000197,3,0,1,0,1,19,2,6,0,0,0,1,0,0,0,0,1,4,17
2024211436498,2024,211436498,413584,302848,-1.80077,52.62323,3,3,6,19:19,-1,E07000194,1,0,1,0,2,"[3, 19]",1,5,"[10, 7, 0]",0,0,1,0,0,0,0,0,4,26
2024211436695,2024,211436695,392140,345576,-2.11859,53.00744,3,3,1,13:40,-1,E06000021,6,0,1,0,1,19,8,2,0,0,0,1,0,0,0,0,1,4,28
2024211436743,2024,211436743,421030,303178,-1.69076,52.62596,3,3,4,17:06,-1,E07000199,3,0,1,0,2,19,1,5,0,0,0,1,0,0,0,0,1,2,7
2024211436747,2024,211436747,383709,282553,-2.24108,52.4407,3,3,1,16:40,-1,E07000196,6,0,1,0,2,19,7,3,0,0,0,1,1,0,0,0,0,4,28
2024211436762,2024,211436762,405894,335630,-1.91379,52.91806,2,2,1,18:00,-1,E07000193,3,0,1,0,2,"[11, 19]",8,4,0,"[1, 0]","[4, 0]",1,0,0,0,0,0,4,28
2024211436873,2024,211436873,399844,356200,-2.00378,53.103,2,"[2, 3]",5,18:00,-1,E07000198,6,2,1,0,2,"[3, 19]","[2, 6]","[6, 2]",0,0,0,1,0,0,0,1,0,2,22
2024211436884,2024,211436884,389188,358639,-2.16302,53.12481,3,3,6,19:15,-1,E07000198,6,0,1,0,1,19,"[8, 1]","[2, 5]",0,0,0,1,1,0,0,0,0,4,26
2024211437012,2024,211437012,393486,318452,-2.09797,52.76363,3,3,5,09:05,-1,E07000196,6,0,1,0,2,"[19, 4]",8,4,0,0,0,1,0,0,0,0,0,4,25
2024211437398,2024,211437398,417046,314153,-1.74905,52.72476,3,3,3,11:00,-1,E07000194,3,0,1,0,2,19,0,0,0,0,0,1,0,0,0,0,0,4,30
2024211437529,2024,211437529,396721,308700,-2.04993,52.67599,3,3,5,10:10,-1,E07000196,6,0,1,0,1,"[7, 19]",1,"[3, 5]",0,0,0,1,1,0,0,0,0,4,25
2024211437569,2024,211437569,392939,325703,-2.10624,52.8288,3,3,3,14:16,-1,E07000197,3,0,1,0,1,"[10, 5]","[5, 2]","[2, 1]","[0, 4]",0,0,1,0,0,0,0,0,4,30
2024211437757,2024,211437757,396300,326917,-2.05637,52.83975,3,3,3,14:52,-1,E07000197,3,0,1,0,2,"[6, 13]",2,"[2, 6]",0,7,"[11, 0]",1,0,0,0,0,0,4,30
2024211437780,2024,211437780,394382,323739,-2.08479,52.81117,3,3,6,07:50,-1,E07000197,3,0,1,0,1,"[19, 8]",8,"[4, 2]",-1,-1,0,1,0,0,0,0,0,4,26
2024211437941,2024,211437941,387786,343669,-2.1834,52.99021,3,3,6,19:10,-1,E06000021,3,0,1,0,2,5,7,1,0,0,0,1,0,0,1,0,0,4,26
2024211437964,2024,211437964,388480,346605,-2.17317,53.01662,3,3,4,14:50,-1,E06000021,6,0,1,0,1,"[2, 19]","[0, 4]","[0, 8]",0,0,0,1,0,0,0,0,0,5,1
2024211438053,2024,211438053,387764,349261,-2.18394,53.04048,2,"[2, 3]",5,00:47,-1,E06000021,4,2,1,0,1,19,2,6,0,0,0,1,0,0,0,0,0,5,2
2024211438083,2024,211438083,425188,324751,-1.62769,52.81971,3,3,5,09:12,-1,E07000193,3,0,1,1,1,"[2, 19]","[0, 4]","[0, 6]",0,0,0,1,0,0,0,0,0,1,4
2024211438195,2024,211438195,413290,317952,-1.80451,52.75901,3,3,3,09:40,-1,E07000193,3,0,1,1,2,"[13, 4]",3,1,0,0,0,1,0,1,0,0,0,4,23
2024211438369,2024,211438369,385278,321033,-2.21973,52.78667,3,3,5,11:21,-1,E07000197,3,0,1,0,2,"[3, 19, 14]","[4, 6]","[8, 2]",0,"[1, 0]",0,1,0,0,0,0,0,5,2
2024211438376,2024,211438376,411967,309279,-1.82442,52.68108,3,3,1,18:00,-1,E07000194,6,0,1,0,1,5,2,6,-1,-1,0,1,0,0,0,0,0,4,28
2024211438440,2024,211438440,394683,340997,-2.08061,52.96631,3,3,5,17:54,-1,E07000197,4,0,1,0,2,"[19, 1]","[6, 8]","[2, 6]",0,"[0, 7]",0,1,0,0,0,0,0,5,2
2024211438452,2024,211438452,398618,304769,-2.02186,52.64066,3,3,4,16:15,-1,E07000196,6,0,1,0,2,19,8,4,0,1,0,1,0,0,0,0,0,5,1
2024211438533,2024,211438533,404088,309962,-1.94096,52.68733,3,3,5,14:23,-1,E07000194,6,0,1,0,1,9,8,3,0,0,0,0,0,0,1,0,0,4,18
2024211438540,2024,211438540,392875,322739,-2.10712,52.80216,2,2,2,18:17,-1,E07000197,6,0,1,0,1,"[14, 9]","[1, 4]","[5, 2]",0,0,0,1,0,1,0,0,0,4,29
2024211438619,2024,211438619,391257,308291,-2.13073,52.67225,3,3,6,07:51,-1,E07000196,3,0,1,0,2,4,5,1,0,0,0,1,0,0,1,0,0,5,3
2024211438628,2024,211438628,393685,343119,-2.09551,52.98537,2,2,6,19:18,-1,E06000021,6,0,1,0,1,19,"[4, 7]","[8, 3]",0,0,0,1,0,0,0,0,0,4,5
2024211438859,2024,211438859,388387,342434,-2.1744,52.97912,3,3,6,16:03,-1,E06000021,6,0,2,1,2,19,1,5,7,1,1,1,0,0,0,0,0,5,3
2024211438863,2024,211438863,413520,317946,-1.8011,52.75895,3,3,6,16:24,-1,E07000193,3,0,2,1,2,19,2,7,0,1,4,1,0,0,0,0,0,5,3
2024211438968,2024,211438968,383114,345538,-2.2531,53.00688,3,3,7,04:39,-1,E07000195,3,2,1,1,2,19,7,3,9,3,10,1,0,0,0,0,0,5,4
2024211438970,2024,211438970,392322,352786,-2.11605,53.07225,2,"[2, 3]",6,22:33,-1,E07000198,3,2,2,1,1,"[19, 7]","[6, 8]",2,0,0,0,1,0,0,0,0,0,5,3
2024211439132,2024,211439132,388468,350508,-2.17349,53.0517,3,3,6,11:45,-1,E06000021,4,0,1,0,1,"[9, 19]",2,"[8, 6]",0,0,0,1,0,0,0,0,0,4,26
2024211439141,2024,211439141,420221,303517,-1.70269,52.62904,2,2,7,15:02,-1,E07000199,3,0,1,0,2,19,8,3,0,0,0,1,0,0,0,0,1,5,4
2024211439189,2024,211439189,404274,316915,-1.93812,52.74984,3,3,3,17:50,-1,E07000192,6,0,1,0,1,19,2,4,0,0,0,1,0,0,0,0,1,4,30
2024211439192,2024,211439192,385160,342635,-2.22247,52.98085,3,3,7,18:12,-1,E07000195,3,0,1,0,1,"[19, 9]",5,"[1, 3]",0,0,0,1,0,0,0,0,0,5,4
2024211439273,2024,211439273,383056,329563,-2.25312,52.86328,3,3,1,02:30,-1,E07000197,3,2,1,0,2,19,5,1,0,0,0,1,0,0,0,0,0,5,5
2024211439329,2024,211439329,389183,352526,-2.16289,53.06986,2,2,1,10:30,-1,E06000021,6,0,1,0,1,19,5,1,7,0,0,0,0,1,0,0,0,5,5
2024211439365,2024,211439365,386523,349612,-2.20247,53.0436,3,3,6,15:32,-1,E06000021,4,0,2,1,1,"[19, 9]","[6, 8]","[2, 4]",0,0,0,1,0,1,0,0,0,5,3
2024211439376,2024,211439376,381692,338785,-2.2739,52.94613,3,3,1,12:53,-1,E07000197,3,0,1,0,2,19,"[6, 4]","[4, 8]",0,0,0,1,0,1,0,0,0,5,5
2024211439696,2024,211439696,387700,345760,-2.18476,53.00901,3,3,5,07:50,-1,E06000021,3,0,1,0,1,19,"[3, 7]","[7, 3]",0,0,0,1,0,0,0,0,0,5,2
2024211439705,2024,211439705,386729,349787,-2.1994,53.04518,3,3,3,00:41,-1,E06000021,4,2,1,0,1,9,1,2,0,0,0,1,0,0,0,0,0,5,7
2024211440076,2024,211440076,390497,342270,-2.14297,52.97769,3,3,3,19:10,-1,E06000021,6,0,1,0,1,"[9, 19]","[8, 2]","[2, 6]",0,0,0,1,0,0,0,1,0,5,7
2024211440199,2024,211440199,420106,305582,-1.70426,52.6476,3,3,4,06:55,-1,E07000199,6,0,1,0,1,"[2, 19]","[0, 8]","[0, 6]","[0, 4]",0,0,1,0,0,0,0,0,5,8
2024211440259,2024,211440259,386972,340756,-2.19541,52.96401,3,3,6,14:45,-1,E07000197,3,0,1,0,1,19,4,8,0,0,0,1,0,0,0,0,0,5,3
2024211440394,2024,211440394,414357,314527,-1.78885,52.7282,3,3,3,17:31,-1,E07000194,6,0,1,0,2,19,0,0,0,1,0,0,0,1,0,0,0,4,30
2024211440432,2024,211440432,383821,354502,-2.24301,53.08748,3,3,5,07:15,-1,E07000195,3,0,1,0,1,9,3,8,0,0,0,1,0,0,0,0,1,4,18
2024211440448,2024,211440448,389556,350428,-2.15725,53.05101,3,3,3,15:45,-1,E06000021,6,0,1,0,1,"[4, 19]","[3, 2]",4,"[0, -1]","[0, -1]",0,1,1,0,0,0,0,4,23
2024211440607,2024,211440607,390680,343420,-2.14028,52.98803,3,3,5,07:34,-1,E06000021,3,0,1,0,1,"[7, 19]","[6, 4]",8,0,0,0,1,0,0,0,0,0,5,9
2024211440683,2024,211440683,385553,325467,-2.21585,52.82653,3,3,4,09:30,-1,E07000197,6,0,1,0,2,"[19, 5]","[3, 1]","[7, 5]",0,0,0,1,0,0,0,0,0,5,8
2024211440841,2024,211440841,385173,351724,-2.2227,53.06255,3,3,7,14:08,-1,E06000021,3,0,1,0,2,19,"[5, 1]","[1, 5]",0,"[6, 0]",0,1,0,0,0,0,0,4,20
2024211440861,2024,211440861,401362,321084,-1.98125,52.78733,3,3,5,11:35,-1,E07000197,6,0,1,0,2,"[7, 15]","[5, 3]",8,0,"[0, 1]",0,1,0,0,0,1,0,5,9
2024211440893,2024,211440893,385615,352422,-2.21614,53.06884,3,3,4,17:55,-1,E06000021,3,0,1,0,2,"[9, 5]","[5, 7]",3,0,0,0,1,0,1,0,0,0,5,8
2024211440921,2024,211440921,391365,351793,-2.1303,53.06331,3,3,5,18:30,-1,E06000021,3,0,1,0,1,19,2,6,10,1,0,1,0,0,0,0,0,5,9
2024211440962,2024,211440962,411478,308367,-1.83169,52.67289,3,3,5,18:28,-1,E07000194,3,0,8,0,1,"[9, 19]","[4, 2]","[2, 4]","[0, 11]",0,0,1,0,0,0,0,0,5,9
2024211441054,2024,211441054,406012,316584,-1.91238,52.74684,3,3,1,21:06,-1,E07000194,3,0,1,-1,2,"[11, 19]",4,1,"[0, -1]","[0, -1]",0,1,0,0,0,0,0,4,28
2024211441127,2024,211441127,389900,347305,-2.15202,53.02294,3,3,1,22:20,-1,E06000021,3,2,1,0,1,"[5, 9]","[3, 7]","[7, 5]",0,0,0,1,0,0,0,0,0,5,5
2024211441288,2024,211441288,423648,321241,-1.65079,52.78823,3,3,2,16:35,-1,E07000193,4,0,1,0,1,"[3, 19]",6,2,0,0,0,1,0,0,0,0,0,5,6
2024211441383,2024,211441383,410307,310555,-1.84894,52.69258,3,3,6,00:20,-1,E07000194,3,0,1,0,2,19,"[7, 5]","[7, 6]",0,0,0,1,0,0,0,0,0,5,10
2024211441396,2024,211441396,385047,346220,-2.22432,53.01307,3,3,6,18:40,-1,E07000195,3,0,1,0,1,19,5,1,0,0,0,1,0,0,0,0,0,5,10
2024211441398,2024,211441398,391883,322951,-2.12184,52.80405,2,2,6,21:39,-1,E07000197,3,2,1,0,1,19,8,3,0,0,0,1,0,0,0,0,1,5,10
2024211441428,2024,211441428,401955,308761,-1.97252,52.67655,2,2,4,22:08,-1,E07000192,6,2,1,0,2,19,5,1,0,0,0,0,0,1,0,0,0,3,20
2024211441466,2024,211441466,386798,351921,-2.19846,53.06437,3,3,4,16:00,-1,E06000021,6,0,1,0,1,"[1, 19]","[6, 8]","[2, 6]",0,0,0,1,1,0,0,0,0,5,8
2024211441560,2024,211441560,394650,347667,-2.08122,53.02626,3,3,5,17:00,-1,E07000198,3,0,1,0,1,"[19, 9]","[2, 8]",6,0,0,0,1,0,0,0,0,0,5,9
2024211441592,2024,211441592,385175,352212,-2.22269,53.06694,3,3,6,12:55,-1,E06000021,6,0,1,0,1,1,1,5,0,0,0,1,0,0,0,0,1,5,10
2024211441699,2024,211441699,389147,346915,-2.16324,53.01942,2,2,7,22:41,-1,E06000021,3,2,1,0,1,"[19, 9]","[5, 1]","[1, 8]",0,"[0, 3]",0,1,0,1,0,0,0,5,4
2024211441728,2024,211441728,409288,334707,-1.86334,52.90971,1,1,7,02:32,-1,E07000193,3,2,1,0,2,12,3,7,0,0,0,0,0,0,1,0,1,5,11
2024211441919,2024,211441919,408747,335134,-1.87137,52.91356,3,3,1,20:10,-1,E07000193,3,0,2,1,2,5,5,4,0,0,0,1,0,0,0,0,0,5,12
2024211441945,2024,211441945,392038,323600,-2.11956,52.80989,2,2,2,11:23,-1,E07000197,3,0,1,0,1,19,"[8, 5]","[4, 3]",0,0,0,1,0,0,0,1,1,4,8
2024211442661,2024,211442661,424538,323144,-1.63745,52.8053,3,3,5,09:25,-1,E07000193,4,0,1,0,1,"[-1, 7]","[-1, 3]","[-1, 6]",0,0,0,1,1,0,0,0,0,5,9
2024211442714,2024,211442714,406777,335199,-1.90067,52.91417,3,3,4,16:02,-1,E07000193,3,0,2,1,2,19,"[5, 1]","[1, 5]",0,0,0,1,0,0,0,0,0,4,17
2024211442908,2024,211442908,387593,345062,-2.18633,53.00273,3,3,7,15:30,-1,E06000021,4,0,1,0,1,19,2,6,0,0,0,1,0,0,0,0,1,5,11
2024211442924,2024,211442924,390460,347525,-2.14368,53.02493,3,3,2,15:48,-1,E06000021,6,0,1,0,1,19,"[1, 7]","[5, 3]",0,0,0,1,0,0,0,0,0,5,13
2024211442941,2024,211442941,407197,342505,-1.89426,52.97984,2,2,5,13:25,-1,E07000198,6,0,1,0,2,"[9, 19]","[7, 5]","[5, 1]",0,0,0,1,1,0,0,0,0,5,9
2024211443010,2024,211443010,391982,345390,-2.12094,53.00576,2,2,7,14:00,-1,E06000021,6,0,9,0,1,14,3,7,0,0,0,1,0,0,0,0,1,2,24
2024211443352,2024,211443352,383733,285965,-2.2409,52.47137,3,3,1,14:09,-1,E07000196,3,0,1,0,2,"[19, 9]",4,"[8, 1]",0,0,0,1,0,0,0,0,0,5,12
2024211443378,2024,211443378,387711,348433,-2.1847,53.03303,3,3,4,15:07,-1,E06000021,3,0,1,0,1,19,5,1,0,0,0,1,0,0,0,0,0,5,15
2024211443384,2024,211443384,388155,293603,-2.17608,52.54015,3,3,4,18:30,-1,E07000196,3,0,1,0,2,19,"[7, 5]","[3, 1]",0,0,0,1,0,1,0,0,0,5,15
2024211443648,2024,211443648,392078,323510,-2.11896,52.80908,3,3,5,09:30,-1,E07000197,3,0,1,0,1,9,3,8,0,0,0,1,0,0,1,0,0,5,16
2024211443655,2024,211443655,411918,309598,-1.82514,52.68395,3,3,3,12:30,-1,E07000194,6,0,1,0,1,4,3,1,0,0,0,1,0,0,0,0,1,5,14
2024211443663,2024,211443663,401872,347119,-1.97354,53.02136,3,3,5,10:49,-1,E07000198,3,0,1,0,2,"[6, 3]",3,"[3, 6]",0,0,0,0,0,0,1,0,0,5,16
2024211443667,2024,211443667,407963,312721,-1.88357,52.71209,3,3,4,08:45,-1,E07000194,6,0,1,0,2,19,"[1, 4]","[4, 1]",0,0,0,1,0,0,0,1,0,5,8
2024211443719,2024,211443719,391954,361011,-2.12175,53.14618,3,3,5,08:15,-1,E07000198,6,0,1,0,2,19,"[6, 2]","[5, 2]",0,0,0,1,0,0,0,0,0,5,16
2024211443800,2024,211443800,379487,344173,-2.30706,52.99449,3,3,7,10:25,-1,E07000195,1,0,1,0,2,19,8,3,0,"[1, 0]",0,1,0,0,0,0,0,4,20
2024211443845,2024,211443845,391199,343774,-2.13256,52.99122,3,3,5,21:40,-1,E06000021,6,2,2,1,1,"[19, 7]","[1, 0]","[5, 0]",0,"[1, 0]",0,1,0,0,0,0,0,5,16
2024211443973,2024,211443973,393297,322088,-2.10085,52.79631,3,3,3,04:08,-1,E07000197,3,2,1,0,1,19,1,5,0,0,0,1,0,0,0,0,0,1,23
2024211444513,2024,211444513,388943,348165,-2.16632,53.03065,3,3,7,14:30,-1,E06000021,3,0,1,0,1,19,8,4,0,0,0,1,0,0,0,0,1,5,18
2024211444567,2024,211444567,383395,349221,-2.2491,53.04,2,2,2,16:15,-1,E07000195,4,0,1,0,1,2,1,5,0,0,0,1,0,0,0,0,1,5,13
2024211444780,2024,211444780,389364,347091,-2.16001,53.02101,2,"[2, 3]",1,11:15,-1,E06000021,3,0,1,0,1,"[9, 19]","[3, 6]","[1, 3]",0,0,0,1,0,0,0,0,0,5,19
2024211444888,2024,211444888,390131,347064,-2.14857,53.02078,3,3,1,19:40,-1,E06000021,3,0,1,0,1,4,"[8, 7]",3,0,0,0,1,0,0,0,0,0,5,19
2024211444992,2024,211444992,398458,310183,-2.02425,52.68933,3,3,5,19:05,-1,E07000192,3,2,1,0,1,19,"[1, 5]","[5, 1]",0,0,0,1,0,0,0,0,0,1,11
2024211445002,2024,211445002,402672,309008,-1.96192,52.67877,3,3,6,14:34,-1,E07000192,6,0,1,0,2,"[19, 14]","[5, 1]","[1, 5]",0,0,0,1,0,0,0,0,0,5,17
2024211445065,2024,211445065,406535,305057,-1.90486,52.64322,3,3,2,09:25,-1,E07000194,6,0,1,0,2,19,"[6, 8]","[3, 5]",0,0,0,1,0,0,0,0,0,5,20
2024211445282,2024,211445282,392178,341685,-2.11792,52.97246,3,3,2,14:56,-1,E06000021,3,0,1,0,1,19,"[5, 7]","[8, 3]",0,"[0, 1]",0,1,0,0,0,0,1,5,20
2024211445430,2024,211445430,389345,344618,-2.16021,52.99878,3,3,3,09:37,-1,E06000021,3,0,1,0,1,"[9, 19]","[4, 8]","[1, 4]",0,0,0,1,0,0,0,0,0,5,21
2024211445465,2024,211445465,423798,323056,-1.64843,52.80454,3,3,7,13:30,-1,E07000193,3,0,1,0,1,"[5, 3]",4,8,0,0,0,1,0,1,0,0,0,5,11
2024211445477,2024,211445477,400024,310261,-2.00108,52.69004,2,2,5,07:50,-1,E07000192,6,0,1,0,1,19,1,5,0,0,0,1,0,0,0,0,1,5,16
2024211445684,2024,211445684,388049,345109,-2.17954,53.00316,3,3,3,11:00,-1,E06000021,3,0,1,0,1,"[4, 19]",1,5,0,0,0,1,0,0,1,0,0,5,21
2024211445692,2024,211445692,387802,346135,-2.18326,53.01238,2,2,5,19:05,-1,E06000021,3,0,2,1,1,"[19, 4]",8,6,0,0,0,1,0,0,0,0,0,5,16
2024211445761,2024,211445761,388789,358490,-2.16898,53.12346,3,3,3,17:21,-1,E07000198,3,0,1,0,1,19,5,1,0,0,0,1,0,0,0,0,0,5,21
2024211446087,2024,211446087,393098,310171,-2.10355,52.68918,2,2,4,10:20,-1,E07000196,1,0,2,1,2,4,5,4,0,0,0,1,0,0,0,0,0,5,22
2024211447311,2024,211447311,385999,346152,-2.21013,53.01249,3,3,3,08:29,-1,E06000021,4,0,1,0,1,"[3, 19]",6,2,0,0,0,1,0,0,0,0,0,5,21