collision_index,collision_year,collision_ref_no,location_easting_osgr,location_northing_osgr,longitude,latitude,casualty_severity,casualty_severity,day_of_week,time,local_authority_district,local_authority_ons_district,first_road_class,light_conditions,weather_conditions,road_surface_conditions,urban_or_rural_area,vehicle_manoeuvre,vehicle_direction_from,vehicle_direction_to,hit_object_in_carriageway,vehicle_leaving_carriageway,hit_object_off_carriageway,is_car,is_cyle,is_mcyle,is_goodsv,is_other,is_pedestrian,month,day
2024211490287,2024,211490287,391620,353357,-2.12654,53.07737,3,3,2,18:38,-1,E07000198,4,2,1,0,2,"[19, 9]","[7, 4]","[3, 1]",0,0,0,1,0,0,0,0,0,1,22
2024211490311,2024,211490311,389132,351303,-2.16361,53.05886,3,3,6,18:27,-1,E06000021,4,0,1,0,1,"[4, 19]",1,2,0,0,0,1,0,1,0,0,0,7,26
2024211490540,2024,211490540,383183,351895,-2.2524,53.06403,3,3,2,21:40,-1,E07000195,3,2,2,1,2,19,"[5, 8]",4,0,0,0,1,0,0,0,0,0,9,2
2024211490545,2024,211490545,387563,348466,-2.18691,53.03333,3,3,2,08:15,-1,E06000021,3,0,1,0,1,4,1,5,0,0,0,1,0,0,1,0,0,9,9
2024211490559,2024,211490559,401391,321093,-1.98082,52.78741,3,3,2,13:05,-1,E07000197,6,0,9,-1,2,-1,-1,-1,-1,-1,0,1,0,0,0,0,0,9,2
2024211490587,2024,211490587,397905,351943,-2.03271,53.06473,3,3,4,15:30,-1,E07000198,6,0,1,1,2,"[19, 1]","[6, 5]","[2, 1]",0,0,0,1,0,1,0,0,0,9,11
2024211490655,2024,211490655,384444,347590,-2.23338,53.02537,3,3,1,18:00,-1,E07000195,4,0,1,0,1,7,7,3,0,0,0,1,1,0,0,0,0,9,1
2024211490668,2024,211490668,389433,359648,-2.1594,53.13388,3,3,2,07:55,-1,E07000198,6,0,1,0,1,"[19, 9]",1,5,0,0,0,1,1,0,0,0,0,9,2
2024211490695,2024,211490695,385690,349233,-2.21487,53.04018,3,3,3,08:00,-1,E07000195,3,0,1,0,2,19,1,1,0,0,0,1,0,0,0,0,0,9,3
2024211490716,2024,211490716,399823,310237,-2.00406,52.68982,2,"[3, 2]",5,16:30,-1,E07000192,6,0,1,0,1,"[9, 13]",7,"[5, 3]",0,"[7, 0]",0,1,0,1,0,0,0,9,12
2024211490733,2024,211490733,392539,322955,-2.11211,52.8041,3,3,5,17:55,-1,E07000197,3,0,1,1,1,7,6,2,0,7,0,1,0,0,0,0,0,9,12
2024211490849,2024,211490849,390769,342914,-2.13894,52.98349,3,3,2,09:00,-1,E06000021,6,0,1,0,1,5,3,7,0,0,0,1,0,0,0,0,1,6,24
2024211490892,2024,211490892,389182,334653,-2.1623,52.9092,3,3,3,13:45,-1,E07000197,4,0,2,1,2,"[19, 3]",3,5,0,0,0,1,0,0,0,0,0,9,10
2024211490947,2024,211490947,405193,308514,-1.92464,52.67431,3,3,6,08:20,-1,E07000194,6,0,1,0,1,"[9, 19]",3,"[1, 6]",0,0,0,1,0,0,0,0,0,9,13
2024211491060,2024,211491060,393355,325912,-2.10007,52.83069,3,3,1,21:50,-1,E07000197,4,0,1,0,1,19,7,7,0,1,0,1,0,0,0,0,0,9,8
2024211491155,2024,211491155,400009,313414,-2.0013,52.71838,3,3,6,17:33,-1,E07000192,6,0,1,0,1,19,7,3,0,0,0,1,0,0,0,0,1,9,13
2024211491217,2024,211491217,386810,351634,-2.19827,53.06179,3,3,6,15:29,-1,E06000021,6,0,1,0,1,5,1,5,0,0,0,1,0,0,0,0,1,9,13
2024211491242,2024,211491242,389449,343200,-2.15861,52.98603,2,2,6,21:57,-1,E06000021,6,2,1,0,1,"[9, 19]","[5, 1]","[7, 5]",0,0,0,1,1,0,0,0,0,9,13
2024211491352,2024,211491352,426496,323379,-1.60839,52.80732,3,3,7,11:58,-1,E07000193,6,0,1,0,1,19,"[6, 7]","[5, 7]",0,0,0,1,0,0,0,0,0,9,14
2024211491380,2024,211491380,425249,324878,-1.62677,52.82085,3,3,5,08:55,-1,E07000193,6,0,1,0,1,-1,-1,-1,-1,-1,0,1,0,0,1,0,0,9,5
2024211491531,2024,211491531,389495,343755,-2.15794,52.99102,3,3,7,18:15,-1,E06000021,3,0,1,0,1,"[19, 15]",3,1,0,0,0,1,0,0,0,0,0,9,14
2024211491570,2024,211491570,393303,312558,-2.10056,52.71064,3,3,1,06:15,-1,E07000196,1,0,1,0,2,19,1,5,0,1,0,1,0,0,0,0,0,9,15
2024211491593,2024,211491593,377069,338793,-2.3427,52.94603,3,3,1,08:54,-1,E07000195,3,0,1,0,2,"[9, 3]","[6, 8, 2]","[3, 7]",0,0,0,1,1,0,0,0,0,9,15
2024211491595,2024,211491595,419588,304196,-1.712,52.63516,2,2,1,10:08,-1,E07000199,3,0,1,0,1,19,"[7, 0]","[8, 0]","[1, 0]",0,0,1,0,1,0,0,0,9,15
2024211491635,2024,211491635,420216,318451,-1.70185,52.76329,3,3,6,08:25,-1,E07000193,3,0,8,0,2,5,5,1,7,0,0,1,0,0,0,0,0,1,19
2024211491637,2024,211491637,405529,307547,-1.91968,52.66561,3,3,6,11:45,-1,E07000194,6,0,1,0,2,"[4, 19]",8,4,0,0,0,1,0,1,0,0,0,9,6
2024211491644,2024,211491644,408434,334420,-1.87604,52.90715,2,2,1,12:46,-1,E07000193,3,0,2,1,1,2,0,0,0,0,0,1,0,0,0,0,0,9,15
2024211491686,2024,211491686,411484,310644,-1.83152,52.69336,3,3,4,17:10,-1,E07000194,6,0,1,0,1,"[3, 19]",6,2,0,0,0,1,0,0,0,0,0,9,11
2024211491869,2024,211491869,394835,329323,-2.07816,52.86137,3,3,2,07:20,-1,E07000197,3,0,1,0,2,"[9, 19]","[6, 4]","[4, 8]",0,0,0,1,0,0,0,0,0,9,16
2024211491876,2024,211491876,387362,293087,-2.18775,52.5355,3,3,5,16:00,-1,E07000196,6,0,1,0,1,"[3, 1]","[3, 7]","[7, 3]",0,0,0,1,0,1,0,0,0,9,5
2024211492027,2024,211492027,386913,349841,-2.19666,53.04567,2,2,2,08:38,-1,E06000021,3,0,1,0,1,"[10, 19]","[3, 1]","[1, 5]",0,0,0,1,1,0,0,0,0,9,16
2024211492083,2024,211492083,384267,288391,-2.23315,52.4932,3,3,2,14:50,-1,E07000196,6,0,1,0,2,"[19, 8]",7,6,0,0,0,1,0,0,0,0,0,9,16
2024211492208,2024,211492208,392969,323165,-2.10574,52.80599,3,3,2,17:46,-1,E07000197,6,0,1,0,1,7,7,4,0,0,0,1,0,0,0,0,1,9,16
2024211492232,2024,211492232,421547,301771,-1.68321,52.61329,3,3,3,10:15,-1,E07000199,3,0,2,1,1,"[14, 2]","[1, 5]",5,0,0,0,1,0,0,0,0,0,1,23
2024211492305,2024,211492305,393667,324313,-2.09541,52.81632,2,"[2, 3]",3,07:10,-1,E07000197,3,0,1,0,2,19,"[4, 7]","[7, 3]",0,"[7, 0]",0,1,0,0,0,0,0,9,17
2024211492450,2024,211492450,398145,356209,-2.02916,53.10307,3,3,4,16:30,-1,E07000198,6,0,1,0,1,9,3,1,0,0,0,1,0,0,0,0,1,9,4
2024211492551,2024,211492551,394593,302439,-2.0813,52.61969,3,3,7,10:44,-1,E07000196,4,0,1,0,2,19,3,7,0,0,0,1,0,0,0,0,0,7,6
2024211492563,2024,211492563,385628,352500,-2.21594,53.06954,3,3,1,15:45,-1,E06000021,3,0,1,1,2,"[3, 19]",1,3,0,0,0,1,0,0,0,0,0,9,8
2024211492659,2024,211492659,408119,306488,-1.88141,52.65606,2,2,1,18:37,-1,E07000194,3,0,1,0,2,19,"[3, 8]","[7, 5]",0,0,0,1,1,0,0,0,0,9,15
2024211492663,2024,211492663,393518,342923,-2.098,52.98361,2,2,3,15:00,-1,E06000021,6,0,1,0,1,19,4,4,0,0,0,1,0,0,0,0,1,9,17
2024211492675,2024,211492675,387465,291349,-2.18616,52.51987,3,3,3,20:20,-1,E07000196,4,2,1,0,2,"[4, 19]",8,4,0,0,0,1,0,0,0,0,0,9,17
2024211492731,2024,211492731,395509,309476,-2.06787,52.68296,3,3,1,21:04,-1,E07000196,3,0,1,0,2,19,3,7,0,0,0,0,0,0,1,0,0,6,23
2024211492759,2024,211492759,420954,303685,-1.69185,52.63052,3,3,4,16:32,-1,E07000199,5,0,1,0,2,19,5,1,0,1,0,0,0,1,0,0,1,6,12
2024211492763,2024,211492763,393350,321563,-2.10005,52.79159,3,3,7,13:40,-1,E07000197,6,0,1,0,1,"[1, 19]","[2, 8]","[8, 2]",0,0,0,1,0,0,0,0,0,9,7
2024211492959,2024,211492959,390679,343487,-2.1403,52.98863,3,3,4,12:00,-1,E06000021,3,0,1,0,1,19,4,8,"[10, 0]","[4, 0]","[6, 0]",1,0,0,0,0,0,9,18
2024211492962,2024,211492962,392459,343295,-2.11378,52.98694,3,3,1,12:45,-1,E06000021,6,0,1,0,1,"[19, 2]","[1, 0, 5]","[5, 0, 1]","[0, 4]",0,0,1,0,0,0,0,0,4,21
2024211493056,2024,211493056,425411,326499,-1.62424,52.83541,3,3,4,15:30,-1,E07000193,6,0,1,0,1,19,6,8,0,0,0,1,0,0,0,0,1,9,18
2024211493076,2024,211493076,392385,339167,-2.11478,52.94983,3,3,3,10:05,-1,E07000197,3,0,1,0,1,"[19, 15]","[5, 1]",5,0,0,0,1,0,0,0,1,0,9,17
2024211493160,2024,211493160,400058,323359,-2.00058,52.80778,3,3,4,17:13,-1,E07000197,3,0,1,0,2,"[19, 7]","[1, 3]",5,0,0,0,1,0,1,0,0,0,9,18
2024211493164,2024,211493164,400058,323357,-2.00058,52.80776,3,3,4,17:40,-1,E07000197,3,0,1,0,2,"[19, 8]","[5, 1]","[1, 6]",0,0,0,1,0,0,0,0,0,9,18
2024211493195,2024,211493195,411315,306829,-1.83415,52.65907,3,3,1,07:30,-1,E07000194,3,0,1,0,2,19,"[5, 3]","[1, 7]",0,0,0,1,0,0,0,0,0,7,7
2024211493422,2024,211493422,394194,337229,-2.08782,52.93243,3,3,5,13:11,-1,E07000197,4,0,8,0,2,19,"[7, 1]","[2, 8]",0,0,0,1,0,0,0,0,0,9,19
2024211493572,2024,211493572,385134,345605,-2.223,53.00755,3,3,4,21:00,-1,E07000195,3,2,1,0,1,"[2, 19]","[0, 5]","[0, 1]","[0, 4]",0,0,1,0,1,0,0,0,2,14
2024211493594,2024,211493594,392221,321075,-2.11678,52.78719,2,"[3, 2]",6,18:21,-1,E07000197,3,0,1,0,1,"[19, 2]","[8, 0]","[4, 0]",0,0,0,1,0,0,0,0,0,6,14
2024211493595,2024,211493595,394911,331304,-2.07706,52.87918,3,3,4,06:18,-1,E07000197,4,2,8,2,2,19,1,5,0,8,0,1,0,0,0,0,0,1,10
2024211493596,2024,211493596,390947,332124,-2.13599,52.88649,3,3,7,12:50,-1,E07000197,3,0,1,0,2,19,"[4, 2]","[8, 6]",0,0,0,1,1,0,0,0,0,6,22
2024211493653,2024,211493653,397212,357280,-2.0431,53.1127,3,3,6,10:00,-1,E07000198,3,0,1,0,2,"[19, 2]",5,1,0,0,0,1,0,0,0,0,0,1,19
2024211493683,2024,211493683,399596,342853,-2.00747,52.98302,3,3,4,11:25,-1,E07000198,3,0,1,0,2,"[19, 4]","[3, 5]","[7, 1]",0,0,0,1,0,0,1,0,0,9,4
2024211493711,2024,211493711,394234,305011,-2.08665,52.64281,3,3,4,17:24,-1,E07000196,3,0,1,0,2,19,5,1,0,0,0,0,0,0,1,0,1,3,13
2024211493721,2024,211493721,392629,319689,-2.1107,52.77474,3,3,6,04:37,-1,E07000197,3,2,1,0,2,19,"[5, 8]","[8, 3]",0,0,0,1,0,0,0,0,0,9,20
2024211493724,2024,211493724,379212,299550,-2.30831,52.59335,2,2,2,01:29,-1,E07000196,6,2,1,0,2,"[7, 19]",5,1,0,"[3, 0]","[4, 0]",1,0,0,0,0,0,9,16
2024211493793,2024,211493793,421367,321612,-1.68459,52.79166,3,3,6,08:56,-1,E07000193,6,0,1,0,2,4,"[8, 7]","[4, 3]",0,0,0,1,0,0,0,0,0,9,20
2024211493844,2024,211493844,420471,301912,-1.69909,52.6146,3,3,4,13:30,-1,E07000194,3,0,1,0,1,"[3, 19]","[5, 3]","[1, 7]",0,0,0,1,1,0,0,0,0,9,11
2024211493880,2024,211493880,387841,350294,-2.18283,53.04977,3,3,6,10:26,-1,E06000021,6,0,1,0,1,"[2, 19]","[0, 3, 1]","[0, 7, 5]",0,0,0,1,0,0,0,0,0,9,20
2024211493910,2024,211493910,386729,349646,-2.19939,53.04391,3,3,7,07:00,-1,E06000021,4,0,9,0,1,1,0,0,0,0,0,1,0,0,0,0,1,9,14
2024211494039,2024,211494039,387958,343690,-2.18084,52.9904,2,2,6,16:25,-1,E06000021,3,0,1,0,2,"[19, 14]",7,3,0,0,0,1,0,1,0,0,0,9,20
2024211494264,2024,211494264,413952,300666,-1.79542,52.6036,3,3,6,15:00,-1,E07000194,6,0,1,0,2,"[5, 19]","[5, 1]","[1, 5]",0,0,0,1,0,0,0,0,0,9,20
2024211494286,2024,211494286,392990,325443,-2.10548,52.82647,3,3,7,16:04,-1,E07000197,3,0,5,1,1,19,1,5,0,7,0,1,0,0,0,0,0,9,21
2024211494302,2024,211494302,396610,308190,-2.05157,52.67141,3,3,7,18:13,-1,E07000196,3,0,1,0,2,19,"[1, 6]","[5, 2]","[11, 0]","[2, 0]",0,1,0,0,0,0,0,9,21
2024211494367,2024,211494367,411666,301211,-1.82916,52.60856,2,2,7,22:44,-1,E07000194,6,2,5,1,2,19,3,6,0,0,0,1,0,0,0,0,0,9,21
2024211494436,2024,211494436,391154,310630,-2.13232,52.69328,2,2,7,14:32,-1,E07000196,3,0,1,0,2,"[3, 19]","[8, 4]","[4, 8]",0,0,0,1,0,0,0,0,0,1,27
2024211494583,2024,211494583,394673,343106,-2.0808,52.98527,3,3,1,10:38,-1,E07000198,6,0,1,0,2,19,4,1,0,0,0,1,0,0,0,0,0,9,22
2024211494661,2024,211494661,406724,359933,-1.90095,53.13651,2,"[2, 3]",6,18:51,-1,E07000198,6,0,1,0,2,19,4,7,0,1,4,0,0,0,0,1,0,9,20
2024211494667,2024,211494667,409901,300602,-1.85524,52.60312,3,3,1,15:30,-1,E07000194,3,0,1,0,1,"[7, 19]",3,"[5, 3]",0,0,0,1,1,0,0,0,0,6,23
2024211494729,2024,211494729,391090,328683,-2.13376,52.85556,3,3,2,08:30,-1,E07000197,6,0,8,1,2,"[19, 8]","[1, 3]","[5, 8]",0,0,0,1,0,0,0,0,0,9,23
2024211494751,2024,211494751,391577,304402,-2.1259,52.6373,3,3,2,09:21,-1,E07000196,3,0,2,1,2,-1,5,"[5, 7]",0,0,0,1,0,0,0,0,0,9,23
2024211494836,2024,211494836,384127,349404,-2.23819,53.04167,2,2,6,22:36,-1,E07000195,6,2,1,0,1,"[19, 20]","[3, 0]","[7, 0]",0,0,0,1,1,0,0,0,0,9,20
2024211495027,2024,211495027,409559,332326,-1.85938,52.88831,3,3,6,23:05,-1,E07000193,4,2,1,0,2,19,5,1,0,7,0,1,0,0,0,0,0,4,5
2024211495126,2024,211495126,387191,352938,-2.19264,53.07352,3,3,6,14:50,-1,E06000021,3,0,9,0,1,1,8,8,0,0,0,1,0,0,0,0,1,9,6
2024211495409,2024,211495409,386544,335708,-2.20157,52.91862,3,3,3,09:20,-1,E07000197,1,0,1,0,2,"[4, 19]",1,5,0,0,0,1,0,0,1,0,0,9,24
2024211495420,2024,211495420,387645,345185,-2.18556,53.00384,3,3,4,16:14,-1,E06000021,3,0,1,0,1,"[2, 19]",1,1,0,0,0,1,1,0,0,0,0,9,11
2024211495426,2024,211495426,386486,320550,-2.2018,52.78236,2,2,3,15:59,-1,E07000197,6,0,1,0,2,"[6, 20]","[6, 1]","[2, 1]","[4, 0]",0,0,1,0,1,0,0,0,9,24
2024211495435,2024,211495435,391902,323927,-2.12159,52.81282,3,3,4,15:30,-1,E07000197,6,0,2,1,1,"[19, 3]",3,"[7, 3]",0,0,0,1,0,1,0,0,0,9,11
2024211495471,2024,211495471,383184,351734,-2.25238,53.06258,3,3,2,07:50,-1,E07000195,3,0,1,0,2,"[19, 12]",1,1,0,0,0,1,0,0,0,0,0,9,16
2024211495834,2024,211495834,386976,291693,-2.19338,52.52296,2,2,4,09:00,-1,E07000196,4,0,1,0,2,19,8,4,0,0,0,0,0,0,1,0,1,9,25
2024211495868,2024,211495868,387038,346395,-2.19465,53.0147,3,3,2,16:45,-1,E06000021,4,0,1,0,1,"[4, 3]",3,7,0,0,0,1,0,0,0,0,0,9,23
2024211495983,2024,211495983,383984,331318,-2.23942,52.87909,2,"[3, 2]",4,19:22,-1,E07000197,6,2,2,1,2,19,"[7, 3]","[3, 7]",0,0,0,1,0,0,0,0,0,9,25
2024211496257,2024,211496257,388414,295225,-2.17231,52.55474,3,3,2,17:10,-1,E07000196,3,0,1,0,1,"[19, 4]",3,7,0,0,0,1,0,0,0,0,0,9,16
2024211496283,2024,211496283,386045,336358,-2.20902,52.92445,3,3,3,15:00,-1,E07000197,3,0,1,0,2,19,3,7,0,0,0,1,0,0,0,0,1,9,17
2024211496434,2024,211496434,383190,347115,-2.25205,53.02106,1,"[3, 1]",4,22:30,-1,E07000195,4,2,1,1,1,19,7,3,0,1,7,1,0,0,0,0,0,9,25
2024211496468,2024,211496468,391172,308012,-2.13198,52.66974,3,3,4,17:20,-1,E07000196,3,0,2,1,2,19,5,"[1, 2]",0,0,0,1,0,0,0,0,0,9,25
2024211496684,2024,211496684,394739,306097,-2.0792,52.65258,3,3,6,12:00,-1,E07000196,3,0,1,0,2,"[7, 19]","[7, 6]","[3, 2]",0,0,0,1,0,0,0,0,0,9,27
2024211496970,2024,211496970,407354,316378,-1.8925,52.74498,3,3,3,13:00,-1,E07000194,3,0,1,0,2,"[5, 19]","[1, 3]","[5, 7]",0,0,0,1,0,0,0,1,0,9,17
2024211496985,2024,211496985,387076,303728,-2.19238,52.63115,3,3,4,18:00,-1,E07000196,6,0,1,0,1,"[9, 19]","[1, 5]","[8, 1]",0,0,0,1,1,0,0,0,0,9,18
2024211496991,2024,211496991,385982,350841,-2.21059,53.05464,3,3,3,21:01,-1,E06000021,3,2,9,0,1,19,5,1,0,0,0,1,0,0,0,1,0,9,3
2024211497006,2024,211497006,387048,286912,-2.19214,52.47998,3,3,3,12:00,-1,E07000196,3,0,1,0,2,"[3, 19]",1,5,0,0,0,1,0,0,1,0,0,9,17
2024211497222,2024,211497222,396425,306238,-2.05428,52.65386,3,3,1,01:28,-1,E07000196,3,2,1,0,2,19,"[4, 8]","[8, 4]",0,0,0,1,0,0,0,0,0,9,29
2024211497398,2024,211497398,391903,332156,-2.12178,52.8868,2,"[3, 2]",1,12:09,-1,E07000197,4,0,1,0,2,"[19, 7]",1,5,0,0,0,1,0,0,0,0,0,9,29
2024211497495,2024,211497495,386528,320448,-2.20117,52.78144,2,"[2, 3]",1,02:56,-1,E07000197,3,2,1,1,2,19,8,4,0,7,0,1,0,0,0,0,0,9,29
2024211497785,2024,211497785,391637,323374,-2.1255,52.80785,3,3,7,16:30,-1,E07000197,6,0,2,1,1,19,3,7,0,0,0,1,0,0,0,0,0,9,21
2024211497840,2024,211497840,418428,302537,-1.72923,52.62029,2,2,2,15:34,-1,E07000194,6,0,2,1,1,"[10, 19]",7,3,0,0,0,1,0,0,0,0,0,9,30
2024211498295,2024,211498295,425724,325455,-1.61968,52.82601,3,3,3,07:30,-1,E07000193,3,0,1,0,1,19,1,1,0,0,0,1,0,0,0,0,1,9,24
2024211498370,2024,211498370,391482,335310,-2.12812,52.91514,2,2,3,19:18,-1,E07000197,3,2,1,1,2,19,"[7, 3]","[7, 3]",0,0,0,1,0,1,0,0,0,10,1
2024211498577,2024,211498577,398863,306726,-2.01824,52.65826,3,3,5,09:50,-1,E07000196,6,0,1,0,1,"[19, 5]","[5, 7]","[1, 3]",0,0,0,1,0,0,0,0,0,9,26
2024211498808,2024,211498808,423292,299945,-1.65757,52.5968,2,2,4,20:46,-1,E07000199,6,2,1,1,2,"[19, 9]","[7, 3]","[3, 7]",0,"[1, 0]",0,1,0,1,0,0,0,10,2
2024211498855,2024,211498855,422255,323840,-1.67127,52.81165,3,3,4,21:24,-1,E07000193,4,2,1,0,1,"[19, 2, 14]","[4, 0, 7]","[7, 0]","[0, 4]",0,0,1,0,0,0,0,0,10,2
2024211498905,2024,211498905,387768,345626,-2.18374,53.0078,3,3,4,14:00,-1,E06000021,3,0,1,1,1,19,5,1,0,0,0,1,0,0,0,0,0,9,25
2024211499036,2024,211499036,410466,306165,-1.84672,52.65312,2,2,2,11:28,-1,E07000194,3,0,1,0,2,19,3,7,0,0,0,1,0,0,0,0,0,7,22
2024211499196,2024,211499196,422683,303236,-1.66633,52.62641,3,3,5,15:25,-1,E07000199,4,0,1,0,1,7,2,5,0,0,0,0,0,1,0,0,0,10,3
2024211499435,2024,211499435,391143,343500,-2.13339,52.98876,3,3,6,10:01,-1,E06000021,4,0,1,0,1,"[19, 9]","[1, 3]","[5, 1]",0,0,0,1,0,0,0,0,0,10,4
2024211499618,2024,211499618,401278,343121,-1.98241,52.98543,3,3,6,15:16,-1,E07000198,5,0,1,0,1,5,0,0,0,0,0,1,0,0,0,0,0,10,4
2024211499648,2024,211499648,388175,350203,-2.17785,53.04896,3,3,6,17:58,-1,E06000021,4,0,1,0,1,"[19, 9]","[2, 6]","[6, 2]",0,"[0, 7]",0,1,0,0,0,0,0,10,4
2024211499700,2024,211499700,394485,320687,-2.08321,52.78373,3,3,6,16:30,-1,E07000197,6,0,1,0,1,"[4, 19]","[7, 2]","[4, 5]",0,0,0,1,1,0,0,0,0,10,4
2024211499776,2024,211499776,412311,313175,-1.81919,52.71609,3,3,1,10:50,-1,E07000194,6,0,2,1,2,"[4, 19]",5,"[3, 1]",0,0,0,1,0,0,0,0,1,9,15
2024211499813,2024,211499813,386206,347584,-2.20711,53.02537,3,3,7,10:00,-1,E07000195,3,0,1,0,1,19,5,1,0,0,0,1,0,0,0,0,0,10,5
2024211499845,2024,211499845,404312,318670,-1.93753,52.76561,3,3,5,16:40,-1,E07000192,4,0,1,0,1,-1,3,7,-1,-1,0,1,0,0,0,0,1,9,26
2024211499880,2024,211499880,398598,308512,-2.02217,52.67431,3,3,4,08:30,-1,E07000192,3,0,1,0,1,19,2,6,0,0,0,1,0,0,0,0,1,9,25
2024211499892,2024,211499892,393539,304611,-2.09691,52.6392,3,3,7,12:20,-1,E07000196,1,0,1,0,2,"[19, 12]",7,3,0,"[0, 5]",0,1,0,0,0,0,0,10,5
2024211499966,2024,211499966,419951,300421,-1.70686,52.60122,3,3,6,16:25,-1,E07000194,3,0,1,0,2,13,"[2, 6]","[5, 1]",0,0,0,1,0,1,0,0,0,10,4
2024211500018,2024,211500018,399748,342878,-2.0052,52.98324,2,2,5,08:42,-1,E07000198,3,0,1,0,1,"[19, 10]",2,6,0,0,0,1,0,1,0,0,0,9,19
2024211500363,2024,211500363,412286,318882,-1.81935,52.7674,2,2,7,17:20,-1,E07000193,6,0,1,0,2,"[19, 9]","[3, 5]","[7, 3]",0,0,0,0,0,1,0,1,0,10,5
2024211500367,2024,211500367,393961,302711,-2.09064,52.62213,3,3,1,22:40,-1,E07000196,3,2,1,1,1,"[19, 5]","[1, 4]","[5, 1]",0,0,0,1,0,0,0,0,0,10,6
2024211500642,2024,211500642,393159,322363,-2.1029,52.79878,3,3,2,14:24,-1,E07000197,3,0,1,0,1,"[9, 13]","[5, 4]","[2, 8]",0,0,0,1,0,1,0,0,0,10,7
2024211500723,2024,211500723,389258,334044,-2.16115,52.90372,3,3,2,15:40,-1,E07000197,6,0,1,0,2,"[9, 19]","[1, 5]","[7, 1]",0,0,0,1,1,0,0,0,0,10,7
2024211500726,2024,211500726,387553,348627,-2.18706,53.03477,3,3,2,15:56,-1,E06000021,6,0,1,0,1,"[11, 5]",5,1,"[0, 1]",0,0,1,0,0,0,0,0,10,7
2024211500769,2024,211500769,398658,308614,-2.02128,52.67523,3,3,2,19:43,-1,E07000192,3,2,1,0,1,19,1,5,0,0,0,1,0,0,0,0,0,10,7
2024211500771,2024,211500771,399094,309738,-2.01484,52.68533,3,3,2,16:44,-1,E07000192,3,0,1,0,2,"[13, 19]",2,6,0,0,0,1,0,0,0,0,0,10,7
2024211501038,2024,211501038,411408,308654,-1.83271,52.67547,3,3,7,19:15,-1,E07000194,3,0,1,0,1,19,2,6,0,0,0,1,0,0,0,0,0,9,28
2024211501073,2024,211501073,412890,309913,-1.81075,52.68676,3,3,4,17:01,-1,E07000194,6,0,1,0,1,"[2, 14]","[0, 7]","[0, 3]",0,0,0,1,0,0,0,0,0,5,22
2024211501075,2024,211501075,410056,300536,-1.85295,52.60252,3,3,5,23:15,-1,E07000194,3,2,1,0,1,"[19, 9]","[4, 8]","[8, 6]",0,0,0,1,0,0,0,0,0,1,4
2024211501225,2024,211501225,384835,345787,-2.22746,53.00917,3,3,7,14:00,-1,E07000195,3,0,1,0,1,19,4,8,0,0,0,1,0,0,0,0,0,10,5
2024211501251,2024,211501251,424402,324512,-1.63937,52.8176,3,3,3,06:20,-1,E07000193,3,2,5,1,1,-1,-1,-1,-1,-1,0,1,0,0,0,0,1,10,1
2024211501335,2024,211501335,419219,319621,-1.71656,52.77384,2,"[2, 3]",4,02:50,-1,E07000193,6,2,2,1,2,19,1,3,0,1,4,1,0,0,0,0,0,10,9
2024211501356,2024,211501356,423653,304681,-1.6519,52.63936,3,3,4,18:50,-1,E07000199,6,0,1,0,2,"[4, 19]",3,5,0,0,0,1,0,0,0,0,0,5,22
2024211501395,2024,211501395,388929,349860,-2.16659,53.04589,2,2,7,20:45,-1,E06000021,3,2,1,0,1,19,3,7,0,0,0,0,0,0,0,1,1,9,28
2024211501505,2024,211501505,388726,349202,-2.16959,53.03997,3,3,6,19:20,-1,E06000021,3,2,1,0,1,"[9, 19]","[7, 2]","[3, 8]",0,0,0,1,0,0,0,0,0,9,13
2024211501524,2024,211501524,385897,349809,-2.21181,53.04536,3,3,2,18:30,-1,E06000021,3,0,1,0,1,19,8,4,0,0,0,1,0,0,0,0,0,9,16
2024211501570,2024,211501570,391693,345610,-2.12525,53.00774,2,2,2,14:40,-1,E06000021,3,0,1,0,1,19,5,1,0,0,0,0,0,0,1,0,1,9,16
2024211501595,2024,211501595,412365,309283,-1.81854,52.68111,3,3,4,15:20,-1,E07000194,6,0,1,0,1,"[20, 1]","[5, 1]","[1, 5]",0,0,0,1,0,0,0,0,0,9,11
2024211501733,2024,211501733,385344,348958,-2.22002,53.03769,3,3,5,16:14,-1,E07000195,4,0,8,-1,1,"[3, 19]",6,2,0,0,0,1,0,0,0,0,0,10,3
2024211501822,2024,211501822,404808,337902,-1.92991,52.93849,3,3,5,10:00,-1,E07000193,6,0,1,0,2,19,"[5, 1]","[1, 5]",0,0,0,1,0,0,1,0,0,10,3
2024211501846,2024,211501846,383466,351142,-2.24814,53.05727,2,2,7,22:11,-1,E07000195,3,2,1,0,2,"[19, 12]",4,"[8, 1]",0,0,0,1,0,0,0,0,0,1,20
2024211501931,2024,211501931,391550,357179,-2.12769,53.11173,2,"[2, 3]",5,06:52,-1,E07000198,6,0,7,1,2,19,"[3, 1]","[3, 1]",0,"[0, 1]",0,1,0,0,0,0,0,10,10
2024211502088,2024,211502088,378066,352543,-2.3288,53.06967,1,1,6,21:58,-1,E07000195,3,2,1,0,2,"[13, 19]",3,7,"[7, 0]","[1, 0]",0,1,0,1,0,0,0,10,4
2024211502089,2024,211502089,389159,346910,-2.16306,53.01938,3,3,1,14:05,-1,E06000021,3,0,1,1,1,"[5, 19]","[6, 4]","[2, 8]",0,0,0,1,1,0,0,0,0,9,22
2024211502113,2024,211502113,388980,345715,-2.16568,53.00863,2,"[2, 3]",3,15:19,-1,E06000021,6,0,1,0,1,2,0,0,0,0,0,1,0,0,0,0,1,9,17