collision_index,collision_year,collision_ref_no,location_easting_osgr,location_northing_osgr,longitude,latitude,casualty_severity,casualty_severity,day_of_week,time,local_authority_district,local_authority_ons_district,first_road_class,light_conditions,weather_conditions,road_surface_conditions,urban_or_rural_area,vehicle_manoeuvre,vehicle_direction_from,vehicle_direction_to,hit_object_in_carriageway,vehicle_leaving_carriageway,hit_object_off_carriageway,is_car,is_cyle,is_mcyle,is_goodsv,is_other,is_pedestrian,month,day
2024211515070,2024,211515070,419435,317283,-1.71349,52.75282,3,3,3,07:59,-1,E07000193,3,0,1,0,2,19,6,3,0,0,0,1,0,0,1,0,0,11,12
2024211515253,2024,211515253,407771,334358,-1.8859,52.9066,2,2,7,20:30,-1,E07000193,6,2,1,0,1,1,1,1,0,0,0,1,0,0,0,0,0,10,19
2024211515257,2024,211515257,423776,323057,-1.64876,52.80455,3,3,3,12:08,-1,E07000193,3,0,1,0,1,19,"[3, 2]","[1, 5]",0,0,0,1,0,0,0,0,0,11,12
2024211515444,2024,211515444,398322,310266,-2.02626,52.69008,3,3,3,16:09,-1,E07000192,3,0,1,0,1,19,3,7,0,0,0,1,0,0,0,0,1,11,12
2024211515447,2024,211515447,404038,318162,-1.9416,52.76105,3,3,3,17:15,-1,E07000192,3,2,1,0,1,"[19, 7]","[5, 7]","[1, 3]","[0, 4]","[0, 6]",0,1,0,0,0,0,0,11,12
2024211515457,2024,211515457,388860,358066,-2.1679,53.11965,3,3,3,17:30,-1,E07000198,6,2,1,0,1,14,3,7,0,0,0,1,0,0,0,0,1,11,12
2024211515461,2024,211515461,413593,302890,-1.80063,52.62361,3,3,7,18:32,-1,E07000194,1,2,1,0,2,19,1,5,0,"[2, 0]","[11, 0]",1,0,0,0,0,0,10,26
2024211515718,2024,211515718,397021,304377,-2.04545,52.63713,3,3,4,18:00,-1,E07000196,3,2,1,0,2,"[9, 5]","[1, 5]","[7, 1]",0,0,0,1,0,1,0,0,0,10,30
2024211515737,2024,211515737,401909,314482,-1.97317,52.72798,1,"[2, 1]",4,06:25,-1,E07000192,3,2,1,0,2,19,"[6, 2]","[2, 6]",0,0,0,1,0,0,0,0,0,11,13
2024211515796,2024,211515796,400807,343300,-1.98943,52.98704,3,3,6,15:10,-1,E07000198,3,0,1,0,1,19,3,3,0,0,0,0,1,0,0,0,1,11,1
2024211515825,2024,211515825,382590,352818,-2.2613,53.07231,3,3,4,15:20,-1,E07000195,6,0,1,0,1,19,1,5,0,0,0,1,0,0,0,0,0,11,13
2024211515866,2024,211515866,386416,349028,-2.20404,53.03835,2,2,4,15:23,-1,E06000021,6,0,1,0,1,19,"[1, 3]",4,0,0,0,1,0,0,0,0,0,11,13
2024211515894,2024,211515894,388433,347241,-2.17389,53.02234,3,3,5,07:15,-1,E06000021,3,0,1,0,1,19,1,1,0,0,0,1,1,0,0,0,0,10,31
2024211515895,2024,211515895,390570,325238,-2.14139,52.82459,3,3,4,17:15,-1,E07000197,3,2,8,0,1,"[9, 3]","[2, 4, 7]",8,0,0,0,1,0,0,0,0,0,11,13
2024211515905,2024,211515905,387409,338312,-2.18881,52.94205,3,3,4,16:10,-1,E07000197,3,2,1,0,2,"[11, 19]","[1, 8]","[5, 4]",0,0,0,1,0,0,1,0,0,11,13
2024211515943,2024,211515943,397372,317853,-2.04038,52.75828,3,3,4,17:45,-1,E07000197,6,2,1,1,2,19,5,1,12,0,0,0,0,1,0,0,0,11,13
2024211515991,2024,211515991,391115,323200,-2.13324,52.80628,3,3,4,21:00,-1,E07000197,6,2,1,0,1,"[7, 19]","[7, 6]",3,0,0,0,1,0,0,0,0,0,11,13
2024211515999,2024,211515999,391927,323939,-2.12122,52.81293,3,3,5,21:09,-1,E07000197,6,2,1,0,1,9,-1,-1,0,3,0,1,0,0,0,0,1,9,12
2024211516173,2024,211516173,394090,304645,-2.08877,52.63952,3,3,5,07:25,-1,E07000196,3,0,1,1,2,"[11, 19]","[4, 5]",3,"[10, 0]",1,0,1,0,0,0,0,0,11,14
2024211516257,2024,211516257,421557,300362,-1.68315,52.60062,3,3,5,09:15,-1,E07000199,3,0,1,0,1,"[9, 19]","[4, 6]","[3, 7]",0,0,0,1,0,0,0,0,0,11,14
2024211516304,2024,211516304,390347,332753,-2.14492,52.89214,3,3,1,14:15,-1,E07000197,6,0,1,0,1,1,1,1,0,0,0,1,0,0,0,0,1,11,3
2024211516308,2024,211516308,390955,321541,-2.13557,52.79136,3,3,5,12:00,-1,E07000197,6,0,1,0,1,5,8,4,0,0,0,1,0,0,0,0,1,11,14
2024211516434,2024,211516434,394189,337228,-2.0879,52.93242,3,3,5,10:59,-1,E07000197,4,0,8,0,2,"[19, 9]",8,1,"[11, 0]",0,0,1,0,0,0,0,0,11,14
2024211516466,2024,211516466,422222,301970,-1.67323,52.61505,3,3,5,15:55,-1,E07000199,6,0,1,0,1,-1,-1,-1,-1,-1,0,1,0,0,0,0,1,11,14
2024211516544,2024,211516544,423903,325231,-1.64672,52.82408,3,3,3,07:43,-1,E07000193,3,0,1,0,1,19,"[3, 7]","[4, 7]","[0, 10]",0,0,1,0,0,0,0,0,11,12
2024211516631,2024,211516631,387715,345741,-2.18454,53.00884,3,3,6,07:09,-1,E06000021,3,0,7,1,1,19,7,4,0,0,0,1,0,0,0,0,1,11,15
2024211516718,2024,211516718,408716,333565,-1.87187,52.89946,3,3,6,09:45,-1,E07000193,4,0,1,0,1,"[7, 8]","[6, 1]","[1, 3]",0,0,0,1,0,0,0,0,0,11,15
2024211516754,2024,211516754,413005,305806,-1.80921,52.64983,3,3,6,07:57,-1,E07000194,3,0,1,0,2,5,1,5,0,4,6,1,0,0,0,0,0,11,15
2024211516756,2024,211516756,383709,348038,-2.24436,53.02938,3,3,6,09:50,-1,E07000195,6,0,1,1,1,19,5,1,10,3,0,1,0,0,0,0,0,11,15
2024211516874,2024,211516874,395748,312080,-2.06437,52.70637,3,3,6,11:42,-1,E07000196,4,0,1,0,2,"[19, 10]","[5, 8]","[8, 3, 2]",0,"[0, 1]",0,1,0,0,0,0,0,11,15
2024211516908,2024,211516908,382233,320200,-2.26483,52.77909,3,3,6,15:07,-1,E07000197,6,0,2,1,2,1,3,3,0,0,0,1,0,0,0,0,1,11,15
2024211516927,2024,211516927,423568,323193,-1.65184,52.80578,3,3,6,16:50,-1,E07000193,4,2,1,0,1,19,5,"[4, 5]",0,0,0,1,0,0,0,0,0,11,15
2024211516940,2024,211516940,378484,344845,-2.32205,53.00049,3,3,6,14:45,-1,E07000195,1,0,1,0,2,"[13, 12]",1,5,0,"[1, 0]",0,1,0,0,1,0,0,11,15
2024211516941,2024,211516941,391862,346224,-2.12275,53.01326,3,3,7,05:41,-1,E06000021,6,2,7,0,1,19,"[3, 1]","[7, 5]",0,0,0,1,0,0,0,0,0,11,2
2024211516963,2024,211516963,426803,322964,-1.60387,52.80357,3,3,6,18:15,-1,E07000193,3,2,1,0,1,"[19, 2]","[7, 4]","[1, 4, 3]","[4, 0]",0,0,1,0,0,0,0,0,11,15
2024211517004,2024,211517004,392306,314629,-2.11537,52.72925,2,"[2, 3]",6,16:21,-1,E07000196,3,2,1,0,2,"[19, 10]","[6, 2]","[2, 6]",0,0,0,1,0,0,0,0,0,11,15
2024211517011,2024,211517011,390514,293637,-2.1413,52.54051,3,3,6,19:00,-1,E07000196,3,2,1,1,2,19,1,5,11,0,0,1,0,0,0,0,0,11,15
2024211517251,2024,211517251,424982,324499,-1.63076,52.81746,3,3,6,19:06,-1,E07000193,3,2,1,0,1,"[9, 13]",2,6,0,"[1, 0]","[11, 0]",1,0,0,0,0,0,11,15
2024211517268,2024,211517268,391366,343606,-2.13007,52.98972,3,3,7,17:51,-1,E06000021,6,2,1,0,1,19,"[4, 1]","[7, 5]",0,0,0,1,0,0,0,0,0,11,16
2024211517344,2024,211517344,388393,310294,-2.17316,52.69021,3,3,7,21:00,-1,E07000196,6,2,1,1,2,19,5,1,0,0,0,0,0,1,0,0,0,11,16
2024211517460,2024,211517460,387921,345417,-2.18146,53.00593,3,3,3,20:00,-1,E06000021,3,2,1,0,1,"[4, 19]",4,8,0,0,0,1,0,0,0,0,0,11,5
2024211517489,2024,211517489,418357,302548,-1.73028,52.62039,2,2,1,13:25,-1,E07000194,4,0,2,1,1,"[19, 9]","[5, 1]","[1, 5]",0,0,0,1,0,0,0,0,0,11,17
2024211517703,2024,211517703,424589,324129,-1.63662,52.81415,3,3,1,21:17,-1,E07000193,3,2,2,1,1,"[5, 19]","[2, 8]",4,0,0,0,1,0,0,0,0,0,10,6
2024211517806,2024,211517806,404226,309408,-1.93893,52.68235,3,3,2,06:30,-1,E07000194,6,2,9,-1,1,-1,-1,-1,-1,-1,0,1,0,1,0,0,0,11,4
2024211517849,2024,211517849,392527,314922,-2.1121,52.73188,3,3,2,12:58,-1,E07000196,3,0,1,1,2,19,"[5, 1]","[1, 5]",0,0,0,1,0,0,0,0,0,11,18
2024211517855,2024,211517855,414037,299893,-1.7942,52.59665,3,3,2,12:56,-1,E07000194,3,0,1,0,2,19,8,4,0,0,0,1,0,0,1,0,0,11,18
2024211517969,2024,211517969,389461,343025,-2.15843,52.98446,1,1,2,11:35,-1,E06000021,6,0,1,0,1,5,7,3,0,0,0,1,0,0,0,0,0,11,18
2024211518016,2024,211518016,399151,307560,-2.01399,52.66575,3,3,5,09:15,-1,E07000196,6,0,1,0,1,"[19, 7]","[3, 7]","[7, 3]","[10, 0]",0,0,1,0,0,1,0,0,10,31
2024211518097,2024,211518097,389230,335242,-2.16161,52.91449,3,3,6,08:30,-1,E07000197,6,0,1,0,1,19,3,7,0,0,0,1,0,0,0,0,1,11,8
2024211518221,2024,211518221,382730,320198,-2.25747,52.77909,2,2,3,07:35,-1,E07000197,6,0,1,2,2,19,"[1, 7]","[8, 4]",0,"[0, 7]",0,1,0,0,0,0,0,11,19
2024211518312,2024,211518312,422739,300094,-1.66572,52.59817,2,"[3, 2]",5,17:28,-1,E07000199,6,2,1,0,2,-1,-1,-1,-1,-1,0,1,0,0,0,0,1,11,7
2024211518329,2024,211518329,387221,334333,-2.19145,52.90628,2,2,2,23:06,-1,E07000197,1,2,3,2,2,19,8,5,"[4, 10]",0,0,1,0,0,0,0,0,11,18
2024211518331,2024,211518331,380851,344016,-2.28673,52.99313,2,2,2,20:00,-1,E07000195,1,2,3,2,2,"[7, 11]",5,1,"[0, 1]","[1, 0]","[11, 0]",1,0,0,0,0,0,11,18
2024211518438,2024,211518438,393572,342080,-2.09717,52.97603,2,"[2, 3]",6,06:23,-1,E06000021,3,2,7,1,1,2,"[7, 0]","[4, 0]","[4, 0]",0,0,1,0,0,0,0,0,11,15
2024211518564,2024,211518564,394052,304644,-2.08933,52.63951,3,3,4,07:04,-1,E07000196,1,0,8,2,2,"[5, 13]",3,7,0,"[0, 7]",0,1,0,0,1,0,0,11,20
2024211518603,2024,211518603,396753,309068,-2.04946,52.6793,3,3,4,06:43,-1,E07000192,3,0,1,2,1,"[3, 19]","[8, 3]","[8, 7]",0,0,0,1,0,0,0,0,0,11,20
2024211518699,2024,211518699,387093,350956,-2.19402,53.0557,3,3,3,20:10,-1,E06000021,6,0,1,0,1,19,5,3,0,2,4,1,0,0,0,0,0,8,6
2024211518819,2024,211518819,402443,315261,-1.96526,52.73498,3,3,4,12:56,-1,E07000192,3,0,1,2,2,"[4, 19]",6,2,0,0,0,1,0,0,0,0,0,11,20
2024211518882,2024,211518882,425071,323347,-1.62953,52.8071,3,3,4,15:15,-1,E07000193,3,0,1,1,1,1,3,7,0,0,0,1,0,0,0,0,0,11,20
2024211518994,2024,211518994,395499,312455,-2.06806,52.70974,3,3,4,19:41,-1,E07000196,4,2,1,0,2,19,"[1, 5]","[5, 1]",0,0,0,1,0,0,0,0,0,11,20
2024211519156,2024,211519156,392891,323169,-2.1069,52.80602,3,3,2,18:30,-1,E07000197,6,0,1,0,1,"[12, 3]","[3, 7]","[7, 3]",0,0,0,1,0,0,1,0,0,7,22
2024211519176,2024,211519176,421833,320807,-1.67773,52.7844,3,3,4,22:30,-1,E07000193,3,2,8,2,1,"[12, 99]","[4, -1]","[2, -1]","[0, 99]",0,0,1,0,0,0,0,0,11,20
2024211519417,2024,211519417,385413,349005,-2.21899,53.03812,3,3,5,17:05,-1,E07000195,4,2,1,0,1,"[9, 13]","[3, 7]","[7, 3]",0,0,0,1,1,0,0,0,0,11,7
2024211519429,2024,211519429,387288,347538,-2.19097,53.02498,3,3,5,12:40,-1,E06000021,3,0,1,0,1,"[19, 5]","[3, 1, 4]","[6, 5]",0,0,0,1,0,0,0,0,0,11,21
2024211519506,2024,211519506,391807,344540,-2.12352,52.99812,3,3,6,18:20,-1,E06000021,4,2,1,0,1,19,3,7,0,0,0,0,0,0,0,1,1,11,8
2024211519509,2024,211519509,382571,353939,-2.26165,53.08238,3,3,5,13:30,-1,E07000195,3,0,1,0,1,19,5,1,0,0,0,0,0,0,0,1,1,11,7
2024211519533,2024,211519533,407103,343725,-1.89563,52.99081,3,3,7,10:33,-1,E07000198,6,0,1,0,2,19,1,5,0,0,0,0,0,0,0,1,1,10,26
2024211519656,2024,211519656,393349,314208,-2.09992,52.72548,3,3,5,19:53,-1,E07000196,1,2,3,1,2,19,1,5,"[11, 0]",0,0,1,0,0,0,1,0,11,21
2024211519677,2024,211519677,378569,339724,-2.32044,52.95446,3,3,6,05:16,-1,E07000195,3,2,3,2,2,19,7,3,0,7,0,1,0,0,0,0,0,11,22
2024211519750,2024,211519750,408286,316030,-1.8787,52.74184,3,3,6,06:37,-1,E07000194,3,2,2,1,2,19,"[7, 3]","[3, 7]",0,0,0,1,0,0,0,0,0,11,22
2024211519808,2024,211519808,392671,342291,-2.1106,52.97792,3,3,6,10:15,-1,E06000021,6,0,3,2,1,5,5,7,0,1,0,1,0,0,0,0,0,11,22
2024211519984,2024,211519984,377828,351887,-2.33231,53.06376,2,2,6,11:19,-1,E07000195,1,0,2,1,2,19,5,1,0,0,0,1,0,0,0,0,0,11,22
2024211520003,2024,211520003,414674,299287,-1.78482,52.59119,3,3,6,11:50,-1,E07000194,3,0,2,1,2,"[2, 7]","[0, 5]","[0, 1]",0,0,0,1,0,0,0,0,0,11,22
2024211520015,2024,211520015,391291,306439,-2.13018,52.65561,3,3,6,13:30,-1,E07000196,3,0,1,1,2,"[13, 19]",5,1,0,0,0,1,1,0,0,0,0,11,22
2024211520079,2024,211520079,386013,346079,-2.20992,53.01183,3,3,6,13:28,-1,E06000021,6,0,1,1,1,"[7, 19]","[7, 5]","[2, 1]",0,1,0,1,0,0,0,0,0,11,22
2024211520126,2024,211520126,395183,356558,-2.0734,53.10619,3,3,6,18:31,-1,E07000198,6,0,3,2,2,19,5,1,0,1,11,1,0,0,0,0,0,11,22
2024211520215,2024,211520215,390679,343866,-2.14031,52.99204,3,3,6,18:09,-1,E06000021,3,2,1,1,1,"[19, 9]","[8, 4]","[4, 2]",0,0,0,1,0,1,0,0,0,11,22
2024211520349,2024,211520349,423718,324826,-1.64949,52.82045,3,3,5,18:30,-1,E07000193,6,2,1,0,1,-1,-1,-1,-1,-1,0,1,0,0,0,0,1,11,14
2024211520373,2024,211520373,422669,303202,-1.66654,52.62611,3,3,5,18:30,-1,E07000199,4,0,1,0,1,-1,-1,-1,-1,-1,0,1,0,0,0,0,0,11,14
2024211520448,2024,211520448,381566,352089,-2.27654,53.06572,2,"[2, 3]",7,12:31,-1,E07000195,3,0,2,1,2,"[2, 19]","[0, 5]","[0, 1]","[0, 4]","[0, 1]",0,1,0,0,0,0,0,11,23
2024211520470,2024,211520470,385974,345381,-2.21047,53.00556,3,3,7,16:33,-1,E06000021,6,0,2,1,1,"[19, 9]",1,"[5, 3]",0,0,0,1,0,0,0,0,0,11,23
2024211520517,2024,211520517,395860,306825,-2.06264,52.65913,3,3,7,17:51,-1,E07000196,3,2,2,1,2,"[5, 19]",1,5,0,0,0,1,0,0,0,0,0,11,23
2024211520538,2024,211520538,393484,315353,-2.09794,52.73577,3,3,7,19:33,-1,E07000196,1,2,2,1,2,"[19, 2]",1,5,4,0,0,1,0,0,0,0,0,11,23
2024211520577,2024,211520577,408705,313475,-1.87257,52.71886,2,2,7,20:00,-1,E07000194,3,2,1,1,2,"[9, 19]","[7, 5]","[5, 1]",0,"[0, 7]",0,1,0,0,0,0,0,11,23
2024211520713,2024,211520713,384299,349154,-2.23561,53.03943,3,3,5,15:30,-1,E07000195,6,0,1,0,1,"[1, 3]","[-1, 1]","[-1, 5]","[-1, 0]","[-1, 0]",0,1,0,0,0,0,0,11,14
2024211520766,2024,211520766,399540,308406,-2.00824,52.67336,3,3,1,10:54,-1,E07000192,6,0,1,1,2,19,7,3,10,1,0,1,0,0,0,0,0,11,24
2024211520768,2024,211520768,385992,351050,-2.21045,53.05652,3,3,7,19:40,-1,E06000021,6,2,2,1,1,19,1,1,0,0,0,0,0,0,1,0,1,11,23
2024211520889,2024,211520889,399678,312253,-2.0062,52.70794,3,3,1,17:08,-1,E07000192,6,2,2,1,1,"[5, 19]",1,5,0,0,0,1,0,0,0,0,0,11,24
2024211520922,2024,211520922,414856,299216,-1.78214,52.59054,3,3,4,11:40,-1,E07000194,3,0,1,0,2,19,"[1, 2]","[1, 3]",0,0,0,1,0,0,1,0,0,10,30
2024211520927,2024,211520927,423827,302689,-1.64947,52.62145,3,3,2,06:01,-1,E07000199,4,2,1,1,1,19,"[6, 5]",2,0,0,0,1,1,0,0,0,0,11,25
2024211521161,2024,211521161,394885,346005,-2.07768,53.01133,3,3,2,13:14,-1,E07000198,3,0,1,0,2,"[7, 19]","[7, 6]","[3, 2]",0,"[0, 7]",0,1,0,0,0,0,0,11,25
2024211521198,2024,211521198,419406,326114,-1.7134,52.8322,3,3,2,12:15,-1,E07000193,6,0,1,1,2,4,2,6,0,0,0,1,0,0,0,0,1,11,25
2024211521360,2024,211521360,389615,348827,-2.15632,53.03662,2,2,1,19:59,-1,E06000021,6,2,1,1,1,19,7,3,0,0,0,1,0,0,0,0,1,11,24
2024211521521,2024,211521521,384217,283696,-2.23367,52.45099,3,3,3,09:48,-1,E07000196,6,0,1,1,2,19,"[5, 8]","[5, 4]",0,"[1, 0]",0,1,0,0,0,0,0,11,26
2024211521661,2024,211521661,398300,356530,-2.02685,53.10596,2,"[3, 2]",3,12:57,-1,E07000198,6,0,1,0,1,19,"[7, 3]","[3, 7]",0,0,0,1,0,0,0,0,0,11,26
2024211521678,2024,211521678,419331,309462,-1.71549,52.68251,3,3,3,13:09,-1,E07000194,3,0,1,0,2,19,"[1, 5]","[5, 1]",0,0,0,1,0,0,0,0,0,11,26
2024211521687,2024,211521687,391312,325727,-2.13039,52.829,3,3,3,09:00,-1,E07000197,6,0,1,0,1,"[9, 19]","[3, 4]","[5, 1]",0,"[7, 0]",0,1,0,0,0,0,0,11,26
2024211521797,2024,211521797,386298,347198,-2.20572,53.0219,3,3,3,17:41,-1,E07000195,3,2,1,1,2,"[4, 19]",1,5,"[0, 11]",0,0,1,0,0,0,0,0,11,26
2024211521870,2024,211521870,392352,308821,-2.11455,52.67704,3,3,3,18:16,-1,E07000196,6,2,1,1,2,"[19, 9]","[2, 3]","[6, 1]",0,0,0,1,0,0,0,0,0,11,26
2024211521874,2024,211521874,387706,287396,-2.18246,52.48434,3,3,3,18:49,-1,E07000196,6,2,1,0,2,19,"[4, 8]","[8, 4]",0,0,0,1,0,0,0,0,0,11,26
2024211521879,2024,211521879,387163,349643,-2.19292,53.0439,3,3,3,19:35,-1,E06000021,4,2,1,0,1,19,"[4, 7]",3,0,0,0,1,0,0,0,0,0,11,26
2024211522055,2024,211522055,387753,308788,-2.18257,52.67665,3,3,4,09:55,-1,E07000196,6,0,1,1,2,"[2, 19]","[0, 3]","[0, 7]","[0, 4]",0,0,0,0,1,1,0,0,11,27
2024211522097,2024,211522097,386283,300236,-2.20395,52.59974,3,3,3,19:38,-1,E07000196,6,2,1,0,1,9,8,6,0,0,0,1,0,0,0,0,1,1,9
2024211522159,2024,211522159,386797,332672,-2.19768,52.89133,3,3,4,12:52,-1,E07000197,6,0,1,1,2,19,"[3, 7]","[2, 3]",0,"[0, 1]",0,1,0,0,0,0,0,11,27
2024211522289,2024,211522289,397513,309384,-2.03822,52.68215,3,3,6,16:10,-1,E07000192,3,0,1,0,1,5,3,7,0,0,0,1,0,0,1,0,0,11,15
2024211522295,2024,211522295,422715,303251,-1.66586,52.62655,3,3,4,15:35,-1,E07000199,4,0,1,1,1,"[4, 5]",3,"[8, 1]",0,0,0,1,0,0,0,0,0,11,27
2024211522315,2024,211522315,424441,324346,-1.6388,52.8161,3,3,4,15:30,-1,E07000193,6,2,1,1,1,9,1,5,0,0,0,1,0,0,0,0,1,11,27
2024211522333,2024,211522333,385076,342241,-2.2237,52.97731,2,"[2, 3]",4,16:25,-1,E07000195,3,2,1,0,2,"[12, 19]","[1, 5]","[5, 1]",0,0,0,1,0,0,0,0,0,11,27
2024211522352,2024,211522352,424915,323445,-1.63184,52.80798,2,2,4,17:10,-1,E07000193,3,2,1,1,1,"[10, 14]",-1,-1,"[99, 10]","[0, 1]","[0, 99]",0,1,0,1,0,0,11,27
2024211522412,2024,211522412,387197,352036,-2.19251,53.06541,3,3,2,20:25,-1,E06000021,3,2,1,1,2,19,"[5, 1]","[4, 3]",0,0,0,1,0,0,0,0,0,4,22
2024211522428,2024,211522428,386252,284877,-2.20377,52.46166,3,3,4,23:55,-1,E07000196,3,2,1,1,2,19,7,2,7,6,1,1,0,0,0,0,0,11,27
2024211522543,2024,211522543,390881,335029,-2.13705,52.91261,3,3,5,09:30,-1,E07000197,6,0,8,2,1,19,"[2, 7]","[8, 3]","[10, 0]",0,0,1,0,0,0,0,0,11,28
2024211522574,2024,211522574,392984,310853,-2.10525,52.69531,3,3,7,13:10,-1,E07000196,1,0,1,0,2,19,1,5,0,0,0,1,0,0,0,0,0,11,16
2024211522608,2024,211522608,392440,323964,-2.1136,52.81316,3,3,1,16:50,-1,E07000197,6,2,8,1,1,-1,-1,-1,-1,-1,0,0,1,0,0,0,1,11,17
2024211522615,2024,211522615,392438,323964,-2.11363,52.81316,2,2,1,16:50,-1,E07000197,6,2,1,0,1,19,5,1,0,0,0,0,1,0,0,0,1,11,17
2024211522651,2024,211522651,387325,351075,-2.19056,53.05677,3,3,3,06:50,-1,E06000021,6,2,1,0,1,19,1,5,0,0,0,1,0,0,0,0,1,11,26
2024211522678,2024,211522678,397219,351760,-2.04295,53.06308,3,3,6,08:15,-1,E07000198,3,0,1,0,2,7,1,5,0,0,0,1,0,0,0,0,1,11,15
2024211522687,2024,211522687,387273,338979,-2.19086,52.94804,3,3,5,10:00,-1,E07000197,3,0,1,0,2,19,1,5,0,0,0,1,0,0,0,0,0,11,28
2024211522710,2024,211522710,382884,351215,-2.25683,53.05791,3,3,5,17:00,-1,E07000195,6,2,1,0,1,5,5,1,0,0,0,0,0,0,0,1,1,11,14
2024211522840,2024,211522840,424001,301704,-1.64697,52.61259,3,3,5,05:25,-1,E07000199,4,2,1,2,1,"[19, 7]","[6, 3]",4,99,0,0,1,0,1,0,0,0,11,28
2024211522844,2024,211522844,424657,322309,-1.63575,52.79778,3,3,1,14:30,-1,E07000193,3,0,9,-1,1,-1,-1,-1,-1,-1,0,1,0,0,0,0,0,11,17
2024211522845,2024,211522845,393055,325043,-2.1045,52.82287,2,"[3, 2]",5,16:45,-1,E07000197,3,2,1,1,1,"[3, 4]","[2, 8]","[6, 4]",0,0,0,1,0,0,0,0,0,11,28
2024211522852,2024,211522852,387460,291376,-2.18624,52.52012,3,3,5,16:32,-1,E07000196,6,2,1,1,2,"[3, 19]","[2, 7]","[8, 5]",0,0,0,1,0,1,0,0,0,11,28
2024211522886,2024,211522886,421258,304363,-1.68731,52.6366,3,3,5,17:40,-1,E07000199,6,2,1,1,1,7,7,3,0,0,0,1,0,0,0,0,1,11,28
2024211522938,2024,211522938,396795,351065,-2.04927,53.05683,2,2,5,20:45,-1,E07000198,6,2,1,1,2,19,5,3,11,1,0,1,0,0,0,0,0,11,28
2024211522989,2024,211522989,397461,356174,-2.03938,53.10276,3,3,5,21:32,-1,E07000198,6,2,1,1,1,"[5, 19]","[1, 5]","[5, 1]",0,0,0,1,0,1,0,0,0,11,28
2024211523206,2024,211523206,398200,308794,-2.02806,52.67684,2,2,6,12:11,-1,E07000192,6,0,1,0,1,19,2,4,0,0,0,1,0,0,0,0,1,11,29
2024211523368,2024,211523368,392806,322604,-2.10814,52.80094,3,3,6,18:30,-1,E07000197,3,2,2,1,1,"[9, 19]","[4, 8]","[2, 4]",0,0,0,1,1,0,0,0,0,11,29
2024211523388,2024,211523388,388201,332797,-2.17682,52.89249,2,2,6,01:20,-1,E07000197,1,2,1,0,2,"[19, 12]",8,"[4, 6]",0,0,0,1,0,0,1,0,0,11,29
2024211523469,2024,211523469,386686,350508,-2.20007,53.05166,3,3,6,18:44,-1,E06000021,3,2,1,1,1,19,1,5,0,0,0,1,0,0,0,0,1,11,29
2024211523546,2024,211523546,425763,323210,-1.61927,52.80583,3,3,2,18:20,-1,E07000193,3,2,2,1,1,"[19, 9]",5,"[1, 7]",0,0,0,1,0,0,0,0,0,11,18
2024211523566,2024,211523566,422278,302496,-1.67237,52.61978,3,3,3,15:50,-1,E07000199,4,0,1,0,1,"[4, 19]",4,2,0,0,0,1,0,0,0,0,0,11,19
2024211523608,2024,211523608,401916,306995,-1.97311,52.66067,3,3,6,20:00,-1,E07000192,4,2,1,0,2,1,-1,-1,0,0,0,1,0,0,0,0,0,11,29
2024211523839,2024,211523839,404436,335291,-1.93548,52.91502,3,3,7,23:00,-1,E07000193,6,2,2,1,2,19,7,3,0,8,0,1,0,0,0,0,0,11,30
2024211523856,2024,211523856,378216,345657,-2.3261,53.00778,3,3,7,21:33,-1,E07000195,3,2,1,1,2,19,8,4,0,0,0,1,0,0,0,0,0,11,30
2024211523882,2024,211523882,389695,362114,-2.15556,53.15606,3,3,7,23:07,-1,E07000198,6,2,1,1,2,19,7,3,10,1,11,1,0,0,0,0,0,11,30
2024211523928,2024,211523928,386466,345896,-2.20316,53.0102,3,3,1,10:07,-1,E06000021,6,0,2,1,1,"[19, 2, 5]","[7, 2, 5, 3]","[6, 3, 7]","[4, 0]","[1, 0]",0,1,0,0,0,0,0,12,1
2024211524012,2024,211524012,402941,347562,-1.9576,53.02534,3,3,1,13:50,-1,E07000198,3,0,1,1,2,19,"[7, 3]",3,0,0,0,1,0,0,0,0,0,12,1
2024211524013,2024,211524013,405066,323219,-1.92629,52.8065,1,1,1,13:40,-1,E07000193,4,0,1,0,2,19,"[5, 2]","[2, 5]",0,0,0,1,0,1,0,0,0,12,1
2024211524058,2024,211524058,377389,338808,-2.33794,52.94618,3,3,7,07:30,-1,E07000195,3,0,1,1,2,9,2,2,7,3,1,1,0,0,0,0,0,11,30
2024211524076,2024,211524076,386442,343970,-2.20343,52.99289,2,2,1,16:57,-1,E06000021,6,2,8,1,1,"[19, 2]","[5, 0]","[1, 0]",4,0,0,1,0,0,0,0,0,12,1
2024211524091,2024,211524091,398307,356534,-2.02674,53.106,3,3,1,16:35,-1,E07000198,3,2,1,0,1,19,5,1,0,0,0,1,0,0,0,0,1,12,1
2024211524221,2024,211524221,417869,303613,-1.73743,52.62998,2,2,2,08:03,-1,E07000194,4,2,1,1,2,19,7,7,0,1,0,1,0,0,0,0,0,12,2
2024211524424,2024,211524424,420751,304326,-1.69481,52.63629,3,3,5,12:00,-1,E07000199,4,0,1,0,1,"[19, 10]","[1, 6]","[4, 3]",0,0,0,1,0,0,0,0,0,10,3