collision_index,collision_year,collision_ref_no,location_easting_osgr,location_northing_osgr,longitude,latitude,casualty_severity,casualty_severity,day_of_week,time,local_authority_district,local_authority_ons_district,first_road_class,light_conditions,weather_conditions,road_surface_conditions,urban_or_rural_area,vehicle_manoeuvre,vehicle_direction_from,vehicle_direction_to,hit_object_in_carriageway,vehicle_leaving_carriageway,hit_object_off_carriageway,is_car,is_cyle,is_mcyle,is_goodsv,is_other,is_pedestrian,month,day
2024211524560,2024,211524560,424083,322819,-1.64422,52.80239,2,2,2,19:04,-1,E07000193,3,2,1,1,1,"[3, 19]",1,5,"[0, 99]",0,0,1,0,0,0,1,0,12,2
2024211524588,2024,211524588,393487,321876,-2.09803,52.79441,2,2,2,20:33,-1,E07000197,3,2,1,1,1,19,"[3, 7]",1,0,"[0, 1]","[0, 10]",1,0,1,0,0,0,12,2
2024211525112,2024,211525112,399746,312186,-2.0052,52.70734,2,"[2, 3]",3,16:40,-1,E07000192,6,2,1,1,1,19,4,7,0,0,0,0,0,1,0,0,1,12,3
2024211525202,2024,211525202,390459,348753,-2.14373,53.03597,3,3,3,17:21,-1,E06000021,3,2,2,1,1,5,5,1,0,7,0,1,0,0,0,0,1,12,3
2024211525330,2024,211525330,393733,345453,-2.09484,53.00635,3,3,4,07:31,-1,E07000198,6,0,2,1,2,19,1,5,0,0,0,1,0,0,0,0,0,12,4
2024211525425,2024,211525425,389458,349784,-2.15869,53.04522,3,3,5,10:55,-1,E06000021,6,0,1,0,1,"[2, 19]","[1, 5]","[5, 1]",0,0,0,1,0,0,1,0,0,11,21
2024211525509,2024,211525509,393631,305641,-2.09557,52.64846,3,3,4,07:19,-1,E07000196,6,2,7,1,2,"[19, 5]","[3, 5]","[8, 3]",0,"[1, 0]",0,1,0,0,0,0,0,12,4
2024211525613,2024,211525613,388059,352040,-2.17965,53.06547,2,2,4,15:40,-1,E06000021,6,0,1,1,1,19,4,6,0,0,0,1,0,0,0,0,1,12,4
2024211525632,2024,211525632,388013,346184,-2.18011,53.01282,3,3,4,17:20,-1,E06000021,6,2,1,1,1,5,7,3,0,0,0,1,0,0,0,0,1,12,4
2024211525657,2024,211525657,396862,307891,-2.04784,52.66872,3,3,4,16:42,-1,E07000196,3,2,2,1,2,19,6,6,0,0,0,1,0,0,1,0,0,12,4
2024211525675,2024,211525675,390329,338627,-2.14537,52.94494,3,3,4,15:30,-1,E07000197,6,0,1,0,2,19,"[6, 3]","[3, 5]",0,0,0,1,0,0,0,0,0,12,4
2024211525676,2024,211525676,398232,310112,-2.02759,52.68869,3,3,4,16:59,-1,E07000192,3,0,1,0,1,19,"[5, 3]","[1, 7]",0,0,0,1,0,0,0,0,0,12,4
2024211525774,2024,211525774,392247,324663,-2.11649,52.81945,3,3,4,20:09,-1,E07000197,6,2,2,1,1,"[9, 19]",4,8,0,0,0,1,0,0,0,0,0,12,4
2024211525824,2024,211525824,390207,321821,-2.14667,52.79386,2,2,5,02:50,-1,E07000197,6,2,1,1,1,7,3,6,10,0,0,1,0,0,0,0,0,12,5
2024211526136,2024,211526136,423846,323683,-1.64768,52.81017,3,3,6,17:00,-1,E07000193,6,2,9,-1,1,-1,-1,-1,-1,-1,0,1,0,0,0,0,0,11,22
2024211526138,2024,211526138,403572,316556,-1.94852,52.74661,1,1,5,07:33,-1,E07000192,3,2,1,1,2,"[9, 19]","[4, 2]","[2, 6]",0,0,0,1,0,1,0,0,0,12,5
2024211526272,2024,211526272,423027,304293,-1.66118,52.6359,3,3,5,16:50,-1,E07000199,6,2,2,1,1,-1,-1,-1,-1,-1,0,1,0,0,0,0,1,12,5
2024211526281,2024,211526281,392490,344331,-2.11334,52.99625,1,"[1, 2]",5,15:53,-1,E06000021,3,2,2,1,2,"[14, 19]","[5, 1]","[1, 5]",0,0,0,1,0,0,0,0,0,12,5
2024211526451,2024,211526451,392603,323197,-2.11117,52.80627,3,3,1,06:15,-1,E07000197,6,2,1,1,1,"[7, 19]","[7, 5]",1,0,0,0,1,0,0,0,0,0,12,1
2024211526512,2024,211526512,384207,283954,-2.23382,52.45331,3,3,6,08:30,-1,E07000196,6,0,1,0,2,5,3,7,0,0,0,1,0,0,0,0,1,12,6
2024211526795,2024,211526795,399202,307451,-2.01324,52.66477,3,3,6,15:48,-1,E07000196,3,2,1,1,1,15,2,4,0,0,0,1,0,0,0,0,1,12,6
2024211526799,2024,211526799,384397,347578,-2.23408,53.02526,3,3,5,21:26,-1,E07000195,3,2,2,1,1,19,"[6, 4]","[3, 1]",0,0,0,1,1,0,0,0,0,11,21
2024211526836,2024,211526836,424465,323820,-1.63848,52.81138,3,3,6,16:13,-1,E07000193,3,2,9,-1,1,"[6, 19]","[6, 3]",2,0,-1,0,1,0,1,0,0,0,12,6
2024211526875,2024,211526875,390701,353350,-2.14026,53.07729,2,2,2,11:12,-1,E07000198,6,0,1,1,1,6,5,4,0,0,0,0,0,1,0,0,0,9,9
2024211526884,2024,211526884,387832,352712,-2.18306,53.0715,3,3,6,20:10,-1,E06000021,6,2,2,1,1,19,"[6, 8]",1,0,0,0,1,0,1,0,0,0,12,6
2024211526932,2024,211526932,393287,317349,-2.1009,52.75371,3,3,7,00:17,-1,E07000196,1,2,5,1,2,"[19, 2]",1,5,"[4, 0]","[0, 1]",0,1,0,0,1,0,0,12,7
2024211527054,2024,211527054,389995,350149,-2.1507,53.04851,3,3,1,19:30,-1,E06000021,6,2,1,0,1,1,1,1,0,0,0,1,0,0,0,0,1,11,24
2024211527059,2024,211527059,419971,302071,-1.70647,52.61605,3,3,4,07:45,-1,E07000194,4,0,2,1,1,"[3, 1]","[7, 3]","[3, 7]",0,0,0,1,0,1,0,0,0,11,27
2024211527153,2024,211527153,407046,308750,-1.89723,52.67641,2,2,7,17:17,-1,E07000194,6,2,5,1,1,1,5,5,0,0,0,1,0,0,0,0,0,12,7
2024211527328,2024,211527328,385990,351032,-2.21048,53.05635,3,3,1,10:15,-1,E06000021,6,0,4,0,1,19,5,1,0,0,0,0,0,1,0,0,0,12,8
2024211527484,2024,211527484,423851,324281,-1.64756,52.81555,2,2,1,18:07,-1,E07000193,6,2,2,1,1,19,1,2,0,0,0,1,0,0,0,0,1,12,8
2024211527887,2024,211527887,422646,322040,-1.66559,52.79545,3,3,6,13:30,-1,E07000193,3,0,1,1,1,"[4, 19]",3,7,0,0,0,1,0,0,0,0,0,12,6
2024211527952,2024,211527952,384816,345831,-2.22775,53.00957,3,3,4,06:45,-1,E07000195,3,2,1,0,1,19,8,4,0,0,0,1,1,0,0,0,0,11,27
2024211527954,2024,211527954,393964,302711,-2.0906,52.62213,2,2,2,17:42,-1,E07000196,3,2,1,0,1,"[10, 19]","[1, 5]","[5, 1]",0,0,0,1,0,1,0,0,0,12,9
2024211527958,2024,211527958,421668,321446,-1.68013,52.79015,3,3,4,08:20,-1,E07000193,6,0,9,-1,2,-1,-1,-1,-1,-1,0,1,1,0,0,0,0,11,27
2024211527971,2024,211527971,414149,344256,-1.79065,52.99545,3,3,2,18:00,-1,E07000193,4,2,2,1,2,19,"[2, 7]","[5, 3]",0,0,0,1,0,0,0,0,0,12,9
2024211527996,2024,211527996,406045,308995,-1.91203,52.67862,3,3,2,20:17,-1,E07000194,3,2,1,0,1,"[9, 19]","[4, 7]","[1, 3]",0,0,0,1,0,0,0,0,0,12,9
2024211527998,2024,211527998,387464,337833,-2.18797,52.93774,3,3,2,22:15,-1,E07000197,3,2,2,1,2,"[8, 19, 9]","[3, 1, 5]","[7, 5, 3]",0,0,0,1,0,0,0,0,0,12,9
2024211528093,2024,211528093,387773,344420,-2.18362,52.99696,3,3,4,12:30,-1,E06000021,6,0,1,0,1,19,3,7,0,0,0,1,0,0,0,0,1,12,4
2024211528128,2024,211528128,400190,312328,-1.99863,52.70862,3,3,1,23:10,-1,E07000192,6,2,8,1,1,"[1, 2]","[4, 2]","[8, 4]",0,0,0,1,0,0,0,0,0,12,1
2024211528143,2024,211528143,392386,320191,-2.11432,52.77925,3,3,3,07:45,-1,E07000197,3,0,1,0,1,5,1,5,0,0,0,1,0,0,0,0,1,12,10
2024211528275,2024,211528275,385059,346215,-2.22414,53.01303,3,3,1,14:00,-1,E07000195,3,0,9,1,1,"[19, 5]","[7, 1]","[3, 5]",0,0,0,1,0,0,0,0,0,12,1
2024211528282,2024,211528282,404583,310422,-1.93363,52.69146,3,3,3,12:50,-1,E07000194,6,0,1,0,1,19,"[5, 1]","[1, 5]",0,0,0,1,0,0,0,0,0,12,10
2024211528322,2024,211528322,382009,295907,-2.26682,52.5607,3,3,3,10:12,-1,E07000196,3,0,1,0,2,"[9, 15]","[5, 3]","[1, 4]",0,"[0, 7]",0,1,0,0,0,0,0,12,10
2024211528337,2024,211528337,398919,314169,-2.01744,52.72517,2,2,6,19:50,-1,E07000192,6,2,9,-1,1,-1,-1,-1,-1,-1,0,1,0,0,0,0,1,12,6
2024211528386,2024,211528386,395667,320576,-2.06568,52.78274,3,3,2,16:20,-1,E07000197,6,0,1,1,1,"[4, 9]","[4, 5]","[1, 4]",0,0,0,1,0,0,0,0,0,12,9
2024211528391,2024,211528391,409292,332949,-1.86333,52.89391,2,2,3,18:15,-1,E07000193,6,2,1,1,1,1,2,4,0,0,0,1,0,0,0,0,1,11,19
2024211528405,2024,211528405,393431,323293,-2.09889,52.80715,3,3,3,19:58,-1,E07000197,6,2,1,0,1,19,"[7, 3]","[3, 7]",0,0,0,1,0,0,0,0,0,12,10
2024211528451,2024,211528451,392499,324443,-2.11274,52.81747,3,3,1,16:10,-1,E07000197,6,2,2,1,1,"[10, 1]","[7, 3]","[3, 7]",0,0,0,1,0,0,0,0,0,12,8
2024211528525,2024,211528525,385512,349297,-2.21753,53.04075,3,3,4,06:18,-1,E07000195,3,2,1,0,2,19,4,8,0,0,0,1,0,0,1,0,0,12,11
2024211528538,2024,211528538,406119,338626,-1.91039,52.94499,1,1,2,18:15,-1,E07000198,6,2,9,1,2,19,1,5,12,0,0,0,0,0,0,1,1,12,9
2024211528561,2024,211528561,424089,322820,-1.64413,52.8024,3,3,3,20:38,-1,E07000193,3,2,1,0,1,19,8,4,0,0,0,1,0,0,0,0,0,12,3
2024211528653,2024,211528653,397480,339784,-2.03896,52.95542,1,1,3,19:07,-1,E07000198,3,2,1,0,2,"[2, 19]",7,3,"[0, 4]",0,0,1,0,0,1,0,0,12,10
2024211528756,2024,211528756,399219,357201,-2.01312,53.11199,3,3,5,14:57,-1,E07000198,6,0,9,0,1,19,1,5,0,0,0,1,0,0,0,0,1,11,28
2024211528775,2024,211528775,406380,350935,-1.90626,53.05563,3,3,4,14:30,-1,E07000198,3,0,1,0,2,"[13, 19]",3,7,0,0,0,1,0,0,0,0,0,11,20
2024211528859,2024,211528859,390029,325037,-2.14941,52.82277,3,3,4,17:09,-1,E07000197,1,2,1,0,2,"[12, 19]",-1,-1,0,0,0,1,0,0,1,0,0,12,11
2024211528870,2024,211528870,388676,347092,-2.17026,53.021,3,3,5,09:15,-1,E06000021,6,0,1,0,1,"[13, 10]",4,8,0,0,0,1,1,0,0,0,0,11,28
2024211528951,2024,211528951,389187,341696,-2.16246,52.97251,3,3,4,18:03,-1,E06000021,6,2,1,0,1,"[19, 3]",1,5,0,0,0,1,0,1,0,0,0,12,11
2024211528961,2024,211528961,398013,303945,-2.03079,52.63325,3,3,4,21:39,-1,E07000196,4,2,1,1,2,5,"[3, 7]","[8, 3]",0,0,0,1,0,0,0,0,0,12,11
2024211528976,2024,211528976,388177,350148,-2.17782,53.04846,3,3,4,21:45,-1,E06000021,3,2,1,0,1,"[9, 19]","[1, 4]","[5, 8]",0,0,0,1,0,1,0,0,0,12,11
2024211529116,2024,211529116,399532,311290,-2.00836,52.69929,3,3,7,17:10,-1,E07000192,3,2,5,1,1,19,5,1,0,0,0,1,0,0,1,0,0,12,7
2024211529261,2024,211529261,388687,358237,-2.1705,53.12118,2,2,4,07:10,-1,E07000198,3,2,7,0,1,19,7,1,0,0,0,0,0,1,0,0,0,12,4
2024211529301,2024,211529301,400822,343330,-1.9892,52.98731,3,3,4,15:20,-1,E07000198,3,0,9,0,1,1,1,5,0,0,0,1,0,0,0,0,1,12,11
2024211529319,2024,211529319,390682,343867,-2.14026,52.99205,3,3,5,15:05,-1,E06000021,3,0,1,1,1,"[9, 13]",4,"[2, 8]",0,0,0,1,0,1,0,0,0,12,12
2024211529366,2024,211529366,395764,306556,-2.06406,52.65671,3,3,5,18:05,-1,E07000196,1,2,2,1,2,4,5,1,0,0,0,1,0,0,0,0,0,12,12
2024211529651,2024,211529651,398074,308781,-2.02992,52.67673,2,2,6,08:47,-1,E07000192,6,0,8,1,1,19,7,3,0,0,0,0,0,1,0,0,0,12,13
2024211529757,2024,211529757,388722,349202,-2.16965,53.03997,3,3,4,07:45,-1,E06000021,3,0,9,0,1,19,"[4, 3]","[8, 7]",0,0,0,0,0,1,0,1,0,12,4
2024211529779,2024,211529779,388842,345200,-2.16772,53.004,2,2,6,16:35,-1,E06000021,6,0,1,0,1,19,5,1,0,0,0,0,0,0,0,1,1,12,6
2024211529807,2024,211529807,396806,305802,-2.04865,52.64994,3,3,6,16:14,-1,E07000196,3,2,1,1,2,19,"[4, 8]","[8, 4]",0,0,0,0,0,0,0,1,0,12,13
2024211529827,2024,211529827,384464,347446,-2.23307,53.02408,3,3,6,17:40,-1,E07000195,3,2,1,1,1,"[8, 2]",1,1,0,0,0,1,0,0,1,0,0,12,13
2024211529995,2024,211529995,404737,317745,-1.93125,52.75729,2,2,7,09:37,-1,E07000192,6,0,1,0,1,19,8,8,0,0,0,1,0,0,0,0,1,12,14
2024211530011,2024,211530011,390817,328051,-2.1378,52.84988,3,3,7,10:40,-1,E07000197,3,0,1,0,2,"[12, 19]",5,1,0,"[0, 5]",0,1,0,0,0,0,0,2,3
2024211530052,2024,211530052,425139,323339,-1.62852,52.80702,3,3,7,11:52,-1,E07000193,3,0,1,0,1,"[19, 10]","[3, 7]","[7, 5]",0,0,0,1,0,1,0,0,0,12,14
2024211530117,2024,211530117,411193,308641,-1.8359,52.67536,2,2,3,11:50,-1,E07000194,6,0,8,0,1,-1,-1,-1,-1,-1,0,1,0,0,0,0,1,11,26
2024211530272,2024,211530272,392783,353467,-2.10918,53.07838,2,2,7,23:28,-1,E07000198,3,2,2,1,1,"[10, 19]",3,7,0,0,0,1,0,1,0,0,0,12,14
2024211530323,2024,211530323,386668,350699,-2.20035,53.05338,3,3,7,16:30,-1,E06000021,6,0,9,-1,1,"[-1, 19]",-1,-1,-1,-1,0,1,0,0,0,0,0,12,7
2024211530388,2024,211530388,400088,340296,-2.00014,52.96003,3,3,2,14:05,-1,E07000198,6,0,1,0,2,"[13, 3]","[2, 6]","[6, 2]",0,0,0,1,0,0,0,0,0,12,9
2024211530437,2024,211530437,394678,356434,-2.08095,53.10507,3,3,1,17:30,-1,E07000198,6,2,2,1,2,19,1,5,12,0,0,1,0,0,0,0,0,12,15
2024211530545,2024,211530545,386230,301615,-2.20479,52.61213,3,3,2,01:53,-1,E07000196,6,2,1,0,2,9,4,1,0,1,0,1,0,0,0,0,0,12,16
2024211530553,2024,211530553,387852,343704,-2.18242,52.99053,3,3,2,05:37,-1,E06000021,3,2,1,0,2,"[19, 5]",1,5,0,0,0,1,0,0,1,0,0,12,16
2024211530592,2024,211530592,387586,291129,-2.18437,52.5179,2,2,2,07:50,-1,E07000196,4,0,1,0,2,"[15, 9]",8,"[4, 6]",0,0,0,1,0,1,0,0,0,12,16
2024211530600,2024,211530600,414974,299443,-1.78039,52.59258,3,3,2,08:20,-1,E07000194,3,0,1,0,2,19,3,7,0,0,0,1,0,0,0,0,0,12,16
2024211530696,2024,211530696,388271,358020,-2.1767,53.11922,3,3,2,08:30,-1,E07000198,6,0,1,0,1,19,6,2,0,0,0,1,0,0,0,0,1,12,16
2024211530710,2024,211530710,414444,305346,-1.78796,52.64566,3,3,2,11:20,-1,E07000194,6,0,1,0,2,99,1,5,0,0,0,1,0,0,0,0,0,12,16
2024211530734,2024,211530734,384103,345937,-2.23838,53.0105,3,3,2,11:15,-1,E07000195,6,0,1,0,1,19,5,1,0,0,0,1,0,0,0,0,0,12,16
2024211530811,2024,211530811,392476,344362,-2.11355,52.99653,3,3,2,13:15,-1,E06000021,3,0,1,0,2,"[19, 15]","[5, 1]","[1, 5]",0,"[1, 0]",0,1,0,0,0,0,0,12,16
2024211530943,2024,211530943,421950,303955,-1.67711,52.63291,3,3,2,17:00,-1,E07000199,6,2,1,0,1,4,3,7,0,0,0,1,0,0,0,0,1,12,16
2024211530952,2024,211530952,390915,343497,-2.13678,52.98873,2,2,2,15:08,-1,E06000021,3,0,1,0,1,13,6,1,0,0,0,0,0,1,0,0,1,12,16
2024211530966,2024,211530966,389305,347551,-2.1609,53.02514,1,1,2,13:33,-1,E06000021,3,0,1,0,1,"[9, 19]","[3, 7]","[8, 4]",0,"[7, 0]",0,1,1,0,0,0,0,12,16
2024211530985,2024,211530985,385865,351793,-2.21238,53.06319,2,2,2,21:19,-1,E06000021,3,2,1,1,1,"[13, 19]",4,8,0,0,0,0,1,0,1,0,0,12,16
2024211531226,2024,211531226,385551,345097,-2.21676,53.00299,2,2,1,23:58,-1,E07000195,3,2,1,0,2,"[19, 9]","[8, 4]","[4, 2]",0,0,0,1,0,1,0,0,0,12,15
2024211531389,2024,211531389,388099,326609,-2.17811,52.83686,3,3,3,17:00,-1,E07000197,4,2,2,1,2,19,"[5, 2]","[8, 6]",0,0,0,1,0,0,0,0,0,12,17
2024211531392,2024,211531392,424040,323387,-1.64482,52.8075,3,3,2,13:05,-1,E07000193,6,0,1,0,1,"[4, 99]",-1,-1,"[8, 0]",0,0,1,0,1,0,0,0,12,16
2024211531404,2024,211531404,386808,344303,-2.198,52.99589,3,3,3,17:31,-1,E06000021,6,2,2,1,1,"[2, 19]","[0, 1, 5]","[0, 5, 1]",0,0,0,1,0,0,0,0,0,12,17
2024211531441,2024,211531441,388001,352143,-2.18052,53.06639,2,2,3,16:53,-1,E06000021,6,2,2,1,1,19,1,5,0,0,0,1,0,0,0,0,1,12,17
2024211531478,2024,211531478,420593,302522,-1.69725,52.62008,3,3,3,16:09,-1,E07000199,3,2,1,0,1,19,5,1,0,0,0,1,0,0,0,0,0,12,17
2024211531481,2024,211531481,379278,340047,-2.30991,52.95739,3,3,2,18:25,-1,E07000195,3,2,1,0,2,19,0,0,0,0,0,1,0,0,0,0,1,12,16
2024211531531,2024,211531531,426558,323296,-1.60747,52.80657,2,"[2, 3]",3,12:30,-1,E07000193,6,0,2,1,1,"[4, 19]","[3, 7]","[7, 3]",0,0,0,0,0,1,1,0,0,12,17
2024211531599,2024,211531599,423765,323061,-1.64892,52.80458,3,3,4,08:54,-1,E07000193,3,0,1,0,1,3,1,4,0,0,0,1,0,0,0,0,1,12,18
2024211531733,2024,211531733,386713,343665,-2.19938,52.99015,3,3,5,07:02,-1,E06000021,6,2,1,0,1,"[1, 2]","[4, -1]","[8, -1]",0,0,0,1,0,0,0,0,0,12,12
2024211531810,2024,211531810,387007,345060,-2.19506,53.0027,2,"[3, 2]",4,14:25,-1,E06000021,6,0,8,0,1,"[9, 19]","[2, 7]","[7, 3]",0,0,0,1,0,0,0,0,0,11,27
2024211531945,2024,211531945,398550,310350,-2.02289,52.69083,3,3,4,17:35,-1,E07000192,3,2,2,1,1,3,-1,-1,99,0,0,1,0,0,0,0,1,12,18
2024211531998,2024,211531998,387458,345559,-2.18836,53.00719,3,3,4,19:39,-1,E06000021,6,2,2,1,1,7,7,8,10,3,2,1,0,0,0,0,0,12,18
2024211532033,2024,211532033,391128,325551,-2.13311,52.82741,3,3,4,22:25,-1,E07000197,6,2,5,1,1,"[9, 19]","[6, 8]","[8, 4]",0,0,0,1,1,0,0,0,0,12,18
2024211532053,2024,211532053,384826,341949,-2.22741,52.97467,3,3,5,00:01,-1,E07000197,1,2,2,1,2,4,5,1,0,6,0,1,0,0,0,0,0,12,19
2024211532163,2024,211532163,387713,353507,-2.18487,53.07864,2,2,5,08:04,-1,E06000021,3,0,2,1,1,"[4, 19, 9]","[2, 6, 8]","[2, 7, 8]",0,0,0,1,0,0,0,0,0,12,19
2024211532452,2024,211532452,420197,305598,-1.70292,52.64775,3,3,5,03:00,-1,E07000199,6,0,1,0,1,9,3,5,0,0,0,1,0,0,0,0,1,12,19
2024211532471,2024,211532471,385231,352068,-2.22185,53.06565,2,2,5,15:50,-1,E06000021,3,0,2,1,2,"[9, 5]","[3, 5]","[7, 1]",0,"[1, 3]",0,1,0,0,0,0,0,12,19
2024211532529,2024,211532529,424441,324377,-1.6388,52.81638,3,3,5,17:13,-1,E07000193,3,2,1,0,1,"[14, 3]",1,5,0,0,0,1,0,1,0,0,0,12,19
2024211532641,2024,211532641,414593,304001,-1.78581,52.63357,1,1,5,16:42,-1,E07000194,6,2,1,1,2,"[2, 19]","[4, 8]","[8, 4]","[0, 4]",0,0,1,0,0,1,1,0,12,19
2024211532915,2024,211532915,423828,323117,-1.64798,52.80508,3,3,6,10:18,-1,E07000193,3,0,1,0,1,"[7, 19]","[3, 6]","[6, 2]",0,0,0,1,1,0,0,0,0,12,20
2024211533020,2024,211533020,397661,355542,-2.03638,53.09708,3,3,6,09:27,-1,E07000198,3,0,1,-1,1,-1,-1,-1,-1,-1,0,1,0,0,0,0,1,12,20
2024211533062,2024,211533062,396880,309164,-2.04759,52.68016,3,3,6,17:30,-1,E07000192,3,2,2,1,1,"[2, 4]","[0, 2]","[0, 6]",0,0,0,1,0,0,0,0,0,12,20
2024211533071,2024,211533071,401346,305553,-1.98154,52.64771,3,3,6,20:38,-1,E07000192,6,2,2,1,2,4,0,0,11,0,0,1,0,0,0,0,0,12,20
2024211533111,2024,211533111,383433,349103,-2.24853,53.03894,2,2,6,17:24,-1,E07000195,4,2,1,1,1,"[3, 9, 19]","[5, 1]","[1, 5]",0,0,0,1,0,1,0,0,0,12,20
2024211533119,2024,211533119,389848,343788,-2.15269,52.99133,3,3,6,20:17,-1,E06000021,3,2,1,1,1,12,3,7,10,0,0,1,0,0,0,0,0,12,20
2024211533196,2024,211533196,399045,307631,-2.01556,52.66639,3,3,2,19:30,-1,E07000196,3,2,1,-1,1,-1,-1,-1,-1,-1,0,1,0,0,0,0,0,12,16
2024211533278,2024,211533278,421521,302525,-1.68355,52.62007,3,3,7,11:50,-1,E07000199,6,0,1,0,1,1,"[1, 3]","[2, 4]",4,0,0,1,0,0,0,0,0,12,21
2024211533325,2024,211533325,387800,346250,-2.18329,53.01341,3,3,5,16:00,-1,E06000021,6,2,1,1,1,9,7,3,0,0,0,1,0,0,0,0,1,12,12
2024211533438,2024,211533438,382146,341806,-2.26732,52.97331,3,3,7,21:43,-1,E07000195,3,2,1,1,2,19,6,2,0,1,0,1,0,0,0,0,0,12,21
2024211533484,2024,211533484,386440,346944,-2.20359,53.01962,3,3,7,21:30,-1,E07000195,3,2,1,0,1,5,2,3,0,0,0,0,0,1,0,0,0,12,21
2024211533680,2024,211533680,406972,335146,-1.89777,52.91369,2,2,1,07:00,-1,E07000193,3,2,2,1,2,19,7,3,"[7, 0]","[1, 0]",0,1,0,0,0,0,0,12,22
2024211533723,2024,211533723,390940,306686,-2.13538,52.65782,2,2,7,10:36,-1,E07000196,6,0,1,1,2,5,7,3,0,0,0,1,0,0,0,0,1,11,30
2024211533760,2024,211533760,386892,299716,-2.19494,52.59508,3,3,1,20:05,-1,E07000196,6,2,1,1,1,19,"[1, 3]","[5, 7]",0,0,0,1,1,0,0,0,0,12,22
2024211533917,2024,211533917,401755,308125,-1.97548,52.67083,3,3,2,11:00,-1,E07000192,6,0,1,0,2,4,3,7,0,0,0,1,0,0,0,0,0,12,23
2024211534044,2024,211534044,388011,356738,-2.18054,53.1077,3,3,2,14:32,-1,E07000198,3,0,1,0,1,19,5,1,"[4, 0]",7,0,1,0,0,0,0,0,12,23
2024211534047,2024,211534047,406255,362059,-1.90792,53.15563,2,2,2,09:37,-1,E07000198,6,0,1,1,2,2,0,0,0,0,0,1,0,0,0,0,1,12,23
2024211534129,2024,211534129,386096,292772,-2.2064,52.53263,2,"[2, 3]",2,15:59,-1,E07000196,6,0,1,0,2,"[19, 5]","[2, 3]","[3, 2]",0,0,0,1,0,0,0,0,0,12,23
2024211534267,2024,211534267,389056,345559,-2.16455,53.00723,3,3,3,01:30,-1,E06000021,3,2,1,1,1,19,1,5,7,0,0,1,0,0,0,0,0,12,24
2024211534351,2024,211534351,392524,342506,-2.11279,52.97985,3,3,3,05:45,-1,E06000021,6,2,9,0,1,"[5, 19]","[1, 3]","[5, 7]",0,0,0,1,1,0,0,0,0,12,17
2024211534373,2024,211534373,384415,347545,-2.23381,53.02497,3,3,4,07:30,-1,E07000195,3,0,1,0,1,"[15, 19]",5,1,0,0,0,1,0,0,0,0,0,12,18
2024211534394,2024,211534394,386104,344147,-2.20848,52.99447,3,3,5,17:00,-1,E06000021,6,2,1,0,1,7,3,7,0,0,0,0,0,0,0,1,1,12,19
2024211534443,2024,211534443,378058,345484,-2.32844,53.00622,3,3,4,23:00,-1,E07000195,3,2,1,0,2,19,3,7,0,0,0,0,0,0,0,1,1,12,18
2024211534493,2024,211534493,387364,338517,-2.18948,52.94389,2,2,3,11:35,-1,E07000197,3,0,1,1,2,"[19, 9]","[5, 3]",1,0,0,0,1,0,1,0,0,0,12,24
2024211534516,2024,211534516,383502,351055,-2.2476,53.05649,3,3,3,10:01,-1,E07000195,3,0,1,0,2,"[9, 6]","[1, 5]","[5, 1]",0,0,0,1,0,0,0,0,0,12,24
2024211534531,2024,211534531,392617,352067,-2.11163,53.06579,3,3,3,15:57,-1,E07000198,6,0,1,1,2,19,"[5, 2]","[3, 6]",0,0,0,1,0,0,0,0,0,12,24
2024211534565,2024,211534565,412181,317142,-1.82097,52.75176,3,3,3,14:50,-1,E07000194,3,0,1,0,2,19,2,6,0,7,0,1,0,0,0,0,0,12,24
2024211534575,2024,211534575,388899,347057,-2.16694,53.02069,3,3,3,11:30,-1,E06000021,6,0,1,0,1,"[5, 3]","[8, 4]","[2, 4]",0,0,0,1,0,0,0,0,0,12,24
2024211534642,2024,211534642,383511,295284,-2.24463,52.55514,3,3,3,20:15,-1,E07000196,6,2,1,0,2,19,7,3,11,0,0,1,0,0,0,0,0,12,24
2024211535041,2024,211535041,388034,352036,-2.18002,53.06543,3,3,6,10:25,-1,E06000021,6,2,7,1,2,"[9, 19]","[5, 8]","[8, 4]",0,0,0,1,0,0,0,0,0,12,27
2024211535249,2024,211535249,397871,356869,-2.03326,53.10901,3,3,6,17:19,-1,E07000198,3,2,7,1,1,9,3,8,0,0,0,1,0,0,0,0,1,12,27
2024211535270,2024,211535270,424560,323949,-1.63706,52.81253,3,3,6,20:45,-1,E07000193,3,2,7,1,1,15,1,5,0,0,0,1,0,0,0,0,1,12,27
2024211535271,2024,211535271,381709,325973,-2.27293,52.83096,3,3,6,20:28,-1,E07000197,3,2,7,1,2,19,7,3,10,7,11,1,0,0,0,0,0,12,27
2024211535302,2024,211535302,387712,345759,-2.18458,53.009,3,3,6,22:22,-1,E06000021,3,2,7,1,1,19,"[5, 1]","[5, 3]","[10, 0]",0,0,1,0,0,0,0,0,12,27
2024211535305,2024,211535305,387004,352808,-2.19542,53.07234,3,3,6,23:15,-1,E06000021,6,2,1,1,1,"[19, 2]","[5, 0]","[5, 0]","[4, 0]","[0, 1]",0,1,0,0,0,0,0,12,27
2024211535537,2024,211535537,380289,352155,-2.2956,53.06627,3,3,6,16:42,-1,E07000195,3,2,7,1,2,4,3,7,0,0,0,1,0,0,0,0,0,12,27