collision_index,collision_year,collision_ref_no,location_easting_osgr,location_northing_osgr,longitude,latitude,casualty_severity,casualty_severity,day_of_week,time,local_authority_district,local_authority_ons_district,first_road_class,light_conditions,weather_conditions,road_surface_conditions,urban_or_rural_area,vehicle_manoeuvre,vehicle_direction_from,vehicle_direction_to,hit_object_in_carriageway,vehicle_leaving_carriageway,hit_object_off_carriageway,is_car,is_cyle,is_mcyle,is_goodsv,is_other,is_pedestrian,month,day
2024211535543,2024,211535543,390847,347557,-2.13791,53.02522,3,3,7,20:30,-1,E06000021,6,2,1,0,1,19,1,5,0,3,0,1,0,0,0,0,0,12,28
2024211535597,2024,211535597,385031,345710,-2.22454,53.00849,3,3,1,07:30,-1,E07000195,3,2,1,1,1,"[2, 19]","[0, 8]","[0, 5]",0,0,0,1,1,0,0,0,0,12,29
2024211535663,2024,211535663,382093,320382,-2.26692,52.78072,3,3,2,16:00,-1,E07000197,3,0,1,0,2,"[5, 19]","[1, 3]","[1, 7]",0,0,0,1,0,0,0,0,0,12,23
2024211535691,2024,211535691,388496,343683,-2.17282,52.99035,3,3,7,13:52,-1,E06000021,3,0,7,1,2,"[4, 19]",3,7,0,0,0,1,0,0,0,0,0,12,28
2024211535692,2024,211535692,378031,348728,-2.32907,53.03537,3,3,1,17:31,-1,E07000195,1,2,1,0,2,4,1,5,0,0,0,1,0,0,0,0,0,12,29
2024211535920,2024,211535920,405418,316942,-1.92117,52.75007,3,3,2,11:52,-1,E07000192,6,0,1,0,1,19,5,8,0,0,0,1,0,0,0,0,1,12,30
2024211535953,2024,211535953,393335,323295,-2.10031,52.80716,3,3,2,13:25,-1,E07000197,6,0,1,0,1,19,7,3,0,0,0,1,1,0,0,0,0,12,30
2024211536128,2024,211536128,406964,352554,-1.89752,53.07018,2,2,2,23:35,-1,E07000198,6,2,1,1,2,19,"[5, 1]","[1, 5]",0,"[0, 1]",0,1,0,0,0,0,0,12,30
2024211536236,2024,211536236,391839,324552,-2.12254,52.81844,3,3,7,19:15,-1,E07000197,6,2,1,0,1,"[19, 2]",7,3,0,0,0,1,0,0,0,0,1,12,21
2024211536336,2024,211536336,391139,329044,-2.13305,52.85881,3,3,3,13:28,-1,E07000197,3,0,1,0,2,19,5,1,10,1,0,1,0,0,0,0,0,12,31
2024211536345,2024,211536345,386504,351260,-2.20282,53.05842,2,2,3,15:03,-1,E06000021,6,0,1,0,1,"[2, 9]","[0, 3]","[0, 1]",0,0,0,1,0,0,0,0,0,12,31
2024211536409,2024,211536409,398298,356565,-2.02688,53.10627,3,3,3,16:45,-1,E07000198,3,2,2,1,1,"[2, 19]","[5, 1]","[5, 1]",0,0,0,1,0,0,0,0,0,12,31
2024211536426,2024,211536426,398506,305763,-2.02352,52.6496,3,3,3,21:45,-1,E07000196,6,2,5,1,1,"[5, 2]","[7, 0]","[3, 0]",0,0,0,1,0,0,0,0,0,12,31
2024211537500,2024,211537500,386954,347712,-2.19596,53.02654,2,2,2,17:40,-1,E06000021,6,2,2,1,1,19,3,7,99,0,0,1,0,0,0,0,1,12,23
2024211537592,2024,211537592,392614,321531,-2.11097,52.7913,3,3,1,10:00,-1,E07000197,6,0,1,1,1,19,1,5,0,0,0,1,0,0,0,0,1,12,22
2024211538024,2024,211538024,379134,344336,-2.31233,52.99594,3,3,1,16:30,-1,E07000195,1,2,1,1,2,19,"[7, 4]","[8, 3]",0,0,0,1,0,0,0,0,0,12,29
2024211538173,2024,211538173,420288,304784,-1.70162,52.64042,1,1,4,19:40,-1,E07000199,6,2,8,1,1,"[5, 19]","[5, 1]","[4, 5]","[11, 0]",0,0,1,0,0,0,0,1,12,18
2024211538443,2024,211538443,386067,346571,-2.20913,53.01626,3,3,3,17:00,-1,E06000021,6,2,1,0,1,"[5, 19]","[7, 5]","[3, 1]",0,0,0,1,0,0,0,0,0,12,17
2024211539239,2024,211539239,398208,312872,-2.02796,52.7135,3,3,4,16:02,-1,E07000192,6,0,1,0,1,"[9, 19]","[1, 4]","[3, 7]",0,"[7, 0]",0,1,0,0,0,0,0,7,17
2024211542155,2024,211542155,381703,338782,-2.27374,52.94611,2,"[2, 3]",7,22:36,-1,E07000197,6,2,1,1,2,9,5,3,0,3,0,1,0,0,0,0,0,10,5
2024211542202,2024,211542202,417564,304276,-1.7419,52.63595,3,3,2,23:52,-1,E07000194,4,2,2,1,2,19,"[4, 8]","[8, 4]",0,"[0, 1]",0,1,0,1,0,0,0,1,1
2024211542212,2024,211542212,387967,354732,-2.18112,53.08966,3,3,1,14:15,-1,E06000021,3,0,2,1,2,4,3,5,0,0,0,1,0,0,0,0,0,9,22
2024211542263,2024,211542263,425070,323350,-1.62954,52.80712,3,3,3,18:25,-1,E07000193,3,0,1,0,1,"[19, 5]","[7, 5]","[3, 6]",0,0,0,1,0,0,0,0,0,9,17
2024211542629,2024,211542629,391215,342930,-2.1323,52.98364,3,3,5,14:00,-1,E06000021,3,0,1,0,1,"[5, 19]","[6, 4]",8,0,"[0, 1]","[0, 2]",1,0,0,0,0,0,8,8
2024211543129,2024,211543129,405430,309144,-1.92112,52.67997,3,3,6,16:40,-1,E07000194,6,2,1,0,1,3,1,5,0,0,0,1,0,0,1,0,0,12,27
2024211543364,2024,211543364,397846,328616,-2.03343,52.85503,2,2,3,11:00,-1,E07000197,6,0,8,1,2,6,5,1,0,0,0,0,0,1,0,0,0,12,24
2024211543505,2024,211543505,423417,323282,-1.65407,52.80659,3,3,5,17:49,-1,E07000193,6,0,1,1,1,"[2, 19]",3,3,0,0,0,1,1,0,0,0,0,10,3
2024211543601,2024,211543601,391520,325020,-2.12728,52.82264,3,3,3,06:30,-1,E07000197,3,2,8,2,1,"[2, 19]","[0, 1]","[0, 5]","[0, 4]",0,0,1,0,1,0,0,0,11,19
2024211543746,2024,211543746,406798,343167,-1.90019,52.9858,3,3,3,17:48,-1,E07000198,6,2,1,1,2,19,2,6,0,0,0,1,0,0,0,0,0,9,10
2024211543802,2024,211543802,387366,301613,-2.18802,52.61214,3,3,3,18:40,-1,E07000196,6,0,1,0,2,19,"[1, 5]","[5, 1]",0,0,0,1,0,0,0,0,0,5,7
2024211544143,2024,211544143,402549,363647,-1.96332,53.16993,3,3,3,14:40,-1,E07000198,3,0,1,0,2,19,"[5, 1]","[1, 5]",0,0,0,1,0,0,0,0,0,8,13
2024211544464,2024,211544464,391141,331938,-2.1331,52.88483,3,3,6,22:00,-1,E07000197,6,2,1,1,2,"[8, 19]","[2, 1]",5,0,0,0,1,0,0,0,0,0,9,27
2024211544669,2024,211544669,399297,356779,-2.01195,53.1082,3,3,1,03:10,-1,E07000198,3,2,1,0,1,19,"[2, 5]","[6, 1]",0,0,0,1,0,0,0,0,0,11,3
2024211546044,2024,211546044,394111,321613,-2.08877,52.79205,3,3,6,15:25,-1,E07000197,6,2,1,1,1,9,8,2,0,0,0,1,0,0,0,0,1,11,8
2024211546186,2024,211546186,391360,325059,-2.12966,52.82299,2,2,4,12:09,-1,E07000197,6,0,1,0,1,7,5,1,0,0,0,1,0,0,0,0,1,9,4
2024211549544,2024,211549544,390367,310708,-2.14397,52.69397,3,3,2,09:30,-1,E07000196,3,0,1,0,2,2,"[3, 0]","[3, 0]",0,"[0, 7]",0,1,0,0,0,0,0,11,11
2024211549659,2024,211549659,398658,308545,-2.02128,52.67461,3,3,4,17:00,-1,E07000192,3,0,1,0,1,7,2,6,0,0,0,1,0,0,1,0,0,9,18
2024211551306,2024,211551306,388098,326613,-2.17812,52.8369,2,2,5,07:50,-1,E07000197,4,0,1,0,2,"[7, 19]","[5, 2]","[6, 3]",0,0,0,1,0,0,0,0,0,9,19
2024211557853,2024,211557853,424301,326097,-1.64075,52.83185,3,3,6,13:55,-1,E07000193,6,0,1,0,1,"[19, 4]",5,4,0,0,0,1,0,0,0,0,0,11,22
2024211564270,2024,211564270,421222,303649,-1.68789,52.63019,3,3,3,15:20,-1,E07000199,3,0,1,0,2,"[5, 19]","[3, 1]",3,0,0,0,1,0,0,0,0,0,9,3
2024211566969,2024,211566969,399812,344786,-2.00425,53.00039,3,3,7,22:30,-1,E07000198,3,2,1,0,2,19,4,1,10,1,0,1,0,0,0,0,0,11,30
2024211576036,2024,211576036,401839,337476,-1.97409,52.93468,2,2,2,22:40,-1,E07000193,3,2,3,2,2,19,3,7,0,"[1, 0]","[10, 0]",1,0,0,1,0,0,11,18
2024221394147,2024,221394147,366544,311573,-2.49653,52.70079,1,"[1, 2]",2,04:15,-1,E06000020,3,2,2,1,1,19,8,4,9,1,1,1,0,0,0,0,0,1,1
2024221394586,2024,221394586,347041,312028,-2.78519,52.70332,3,3,4,14:50,-1,E06000051,6,0,1,1,1,19,5,8,0,0,0,1,0,0,0,0,1,1,3
2024221394800,2024,221394800,383701,274101,-2.24079,52.36472,3,3,3,16:55,-1,E07000239,6,2,2,1,1,"[1, 19]","[5, 3]","[1, 7]",0,0,0,1,0,0,0,0,0,1,2
2024221395292,2024,221395292,379750,249301,-2.29731,52.14163,2,2,6,18:56,-1,E07000235,3,2,1,1,2,19,2,6,0,0,0,1,0,0,0,0,1,1,5
2024221395469,2024,221395469,353606,334133,-2.69119,52.90262,2,2,7,16:00,-1,E06000051,6,0,2,1,2,19,"[8, 5]","[5, 8]",0,0,0,1,0,0,0,0,0,1,6
2024221395511,2024,221395511,353159,239473,-2.68449,52.05165,2,2,7,15:00,-1,E06000019,6,0,1,0,1,19,5,1,0,0,0,1,0,0,0,0,1,1,6
2024221395839,2024,221395839,385356,254977,-2.21565,52.19283,3,3,7,12:50,-1,E07000237,4,0,1,0,1,5,7,3,0,0,0,1,0,0,0,0,1,1,6
2024221395897,2024,221395897,403635,243735,-1.94836,52.09195,3,3,7,11:00,-1,E07000238,3,0,1,0,1,"[9, 19]","[2, 6]","[7, 2]",0,0,0,1,1,0,0,0,0,1,6
2024221395967,2024,221395967,404609,243784,-1.93414,52.09238,3,3,1,11:10,-1,E07000238,6,0,1,0,1,"[2, 19]","[0, 5]","[0, 1]","[0, 8]",0,0,1,0,0,0,0,1,1,7
2024221396040,2024,221396040,355577,218252,-2.64648,51.86107,3,3,7,19:40,-1,E06000019,3,2,1,1,2,"[4, 7]",2,6,0,0,0,1,0,0,0,0,0,1,6
2024221396230,2024,221396230,391955,249801,-2.11898,52.14644,3,3,1,19:10,-1,E07000238,4,2,1,0,2,"[4, 19]",1,5,0,0,0,1,0,0,0,0,0,1,7
2024221396412,2024,221396412,351106,240779,-2.71462,52.06322,3,3,6,18:00,-1,E06000019,4,2,1,1,1,"[9, 19]","[8, 5]","[5, 2]",0,0,0,1,1,0,0,0,0,1,5
2024221396469,2024,221396469,349145,261330,-2.7463,52.24779,2,"[3, 2]",3,11:06,-1,E06000019,4,0,1,1,2,19,"[5, 1]","[1, 5]",0,"[7, 0]",0,1,0,0,0,0,0,1,9
2024221396537,2024,221396537,402991,267918,-1.95755,52.30937,3,3,3,15:20,-1,E07000236,6,0,1,0,1,19,6,2,0,0,0,1,0,0,0,0,1,1,9
2024221396841,2024,221396841,351954,240164,-2.70216,52.05776,3,3,4,09:43,-1,E06000019,6,0,1,0,1,"[14, 19]","[8, 4]","[4, 8]",0,0,0,1,1,0,0,0,0,1,10
2024221397092,2024,221397092,407975,276192,-1.88426,52.3837,2,2,1,14:37,-1,E07000234,6,0,1,1,1,"[9, 19]","[3, 1]","[1, 5]",0,0,0,1,0,1,0,0,0,1,7
2024221397226,2024,221397226,354412,223286,-2.66407,51.90624,3,3,4,09:50,-1,E06000019,3,0,1,1,2,19,"[8, 4]","[4, 8]",0,0,0,1,0,0,1,0,0,1,3
2024221397269,2024,221397269,350662,239744,-2.72094,52.05387,3,3,2,17:50,-1,E06000019,6,2,1,1,1,7,5,7,0,0,0,1,0,0,0,0,1,1,8
2024221397302,2024,221397302,328745,325363,-3.05882,52.82107,2,2,2,01:55,-1,E06000051,3,2,1,1,2,19,6,2,0,0,0,1,0,0,0,0,1,1,1
2024221397314,2024,221397314,351113,240569,-2.71448,52.06133,3,3,5,10:46,-1,E06000019,4,0,1,0,1,1,3,7,0,0,0,1,0,0,0,0,1,1,11
2024221397392,2024,221397392,377262,241676,-2.33316,52.07298,2,2,3,12:55,-1,E07000235,3,0,1,0,1,"[2, 14]","[0, 1]","[0, 5]","[0, 4]",0,0,1,0,0,0,0,0,1,9
2024221397587,2024,221397587,402371,266793,-1.96665,52.29926,3,3,6,13:18,-1,E07000236,6,0,1,0,1,"[4, 7]","[4, 2]","[2, 4]",0,0,0,1,0,0,0,0,0,1,5
2024221397647,2024,221397647,392345,254960,-2.1134,52.19282,1,1,6,06:37,-1,E07000238,6,2,1,1,2,19,1,5,0,0,0,0,1,0,0,0,0,1,12
2024221398098,2024,221398098,392276,250799,-2.11432,52.15541,1,"[2, 1]",1,00:26,-1,E07000238,3,2,1,1,2,19,"[4, 8]","[8, 4]",0,1,0,1,0,0,0,0,0,1,14
2024221398479,2024,221398479,368945,264264,-2.45657,52.27564,3,3,5,11:49,-1,E06000019,4,0,1,1,2,19,"[2, 8]","[6, 4]",0,0,0,1,0,0,0,1,0,1,11
2024221398508,2024,221398508,387590,255219,-2.18297,52.19507,3,3,2,08:56,-1,E07000237,6,0,1,2,1,19,"[7, 5]","[5, 7]",0,0,0,1,0,0,0,0,0,1,15
2024221398523,2024,221398523,349066,310475,-2.75498,52.68955,3,3,7,16:50,-1,E06000051,3,2,1,0,2,"[4, 3, 19]",5,1,0,0,0,1,0,0,0,0,0,1,13
2024221398608,2024,221398608,396678,245181,-2.04992,52.10495,2,"[3, 2]",2,08:43,-1,E07000238,4,0,1,1,2,"[5, 19]","[1, 7]",3,0,0,0,1,0,0,0,0,0,1,15
2024221398621,2024,221398621,351630,240387,-2.70692,52.05974,3,3,3,15:30,-1,E06000019,3,0,1,0,1,9,2,8,0,0,0,1,0,0,0,0,1,1,9
2024221398743,2024,221398743,393101,244549,-2.10213,52.09923,3,3,2,09:05,-1,E07000238,3,0,1,1,2,"[19, 10]",6,"[2, 5]",0,0,0,1,0,0,0,0,0,1,15
2024221398784,2024,221398784,329741,330308,-3.04511,52.86565,1,1,3,13:14,-1,E06000051,4,0,1,0,1,"[1, 2]","[2, 0]","[6, 0]",0,0,0,1,0,0,1,0,1,1,9
2024221399093,2024,221399093,404131,262686,-1.94089,52.26232,2,2,6,16:13,-1,E07000236,6,0,1,2,1,19,6,2,0,0,0,0,0,1,0,0,0,1,12
2024221399125,2024,221399125,351968,228174,-2.70027,51.94997,1,"[2, 1]",2,09:00,-1,E06000019,3,0,1,0,2,"[19, 9]","[4, 8]","[8, 6]",0,"[1, 0]","[4, 0]",1,0,0,0,0,0,1,15
2024221399146,2024,221399146,366983,226385,-2.48164,51.93499,3,3,2,17:35,-1,E06000019,1,2,2,1,2,13,2,6,0,0,0,1,0,0,0,0,0,1,1
2024221399330,2024,221399330,368353,312490,-2.46985,52.70914,3,3,7,10:00,-1,E06000020,3,0,1,1,2,"[12, 19]",4,"[2, 8]",0,0,0,1,0,1,0,0,0,1,13
2024221399342,2024,221399342,395454,270110,-2.06813,52.32906,3,3,6,17:35,-1,E07000234,4,2,1,0,1,"[7, 19]",6,"[8, 2]",0,0,0,1,1,0,0,0,0,1,12
2024221399355,2024,221399355,365959,311057,-2.50513,52.69611,2,2,6,19:15,-1,E06000020,4,2,1,0,1,"[19, 6]",3,"[7, 3]",0,0,0,1,0,1,0,0,0,1,12
2024221399385,2024,221399385,350690,251516,-2.72224,52.1597,3,3,6,20:34,-1,E06000019,3,2,1,1,2,"[19, 9]","[5, 7]","[1, 5]",0,"[1, 0]","[10, 0]",1,0,0,0,0,0,1,5
2024221399399,2024,221399399,337041,250737,-2.9216,52.15131,3,3,4,12:11,-1,E06000019,3,0,1,1,2,"[19, 9]","[3, 7]","[7, 3, 8]",0,0,0,1,0,0,0,0,0,1,10
2024221399414,2024,221399414,376461,271162,-2.3469,52.33803,2,2,1,16:45,-1,E07000239,6,0,1,0,2,19,"[8, 3]","[3, 8]",0,0,0,1,1,0,0,0,0,1,14
2024221399524,2024,221399524,389656,253932,-2.15271,52.18354,3,3,3,08:35,-1,E07000238,3,0,1,0,2,"[19, 10]",8,"[4, 5]",0,0,0,1,0,0,0,0,0,1,16
2024221399594,2024,221399594,384948,255807,-2.22165,52.20029,2,2,3,08:25,-1,E07000237,6,0,1,0,1,"[9, 19]","[1, 5]","[7, 1]",0,0,0,1,0,1,0,0,0,1,16
2024221399704,2024,221399704,374357,248356,-2.37604,52.13291,3,3,4,16:54,-1,E06000019,3,2,1,1,2,19,"[6, 2]","[2, 6]","[10, 0]",0,0,1,0,0,0,0,0,1,17
2024221399757,2024,221399757,392286,266058,-2.11452,52.2926,3,3,4,15:07,-1,E07000238,3,0,1,0,2,19,6,2,0,0,0,1,0,0,0,0,1,1,17
2024221399827,2024,221399827,372600,272426,-2.40367,52.34921,2,"[3, 2]",5,18:09,-1,E07000239,3,2,1,1,2,19,"[6, 1]","[1, 6]",0,0,0,1,0,0,0,0,0,1,11
2024221399864,2024,221399864,365505,312589,-2.51201,52.70986,3,3,4,17:30,-1,E06000020,6,2,1,0,1,"[3, 19]",2,6,0,0,0,1,0,0,0,0,0,1,17
2024221399998,2024,221399998,351252,241778,-2.71263,52.07221,3,3,3,16:28,-1,E06000019,6,0,1,0,1,"[3, 4]",4,8,0,0,0,1,0,0,0,0,0,1,16
2024221400003,2024,221400003,334892,324606,-2.96747,52.81505,3,3,6,11:14,-1,E06000051,6,0,1,1,2,4,1,6,0,1,4,1,0,0,0,0,0,1,5
2024221400031,2024,221400031,379018,242430,-2.30758,52.07983,3,3,1,09:00,-1,E07000235,4,0,1,0,2,9,7,4,7,0,0,1,0,0,0,0,0,1,7
2024221400032,2024,221400032,346980,313062,-2.78626,52.71261,2,2,4,16:54,-1,E06000051,4,2,1,1,1,"[14, 5]",8,4,0,0,0,1,0,1,0,0,0,1,3
2024221400033,2024,221400033,406682,266883,-1.90343,52.30003,3,3,2,18:30,-1,E07000236,4,2,1,0,1,"[19, 4]",5,1,0,0,0,1,0,0,0,0,0,1,15
2024221400036,2024,221400036,366699,311058,-2.49418,52.69617,2,2,2,14:19,-1,E06000020,4,0,1,0,2,19,4,7,0,0,0,1,0,0,0,0,1,1,15
2024221400047,2024,221400047,350799,326814,-2.73181,52.83658,2,2,4,06:54,-1,E06000051,4,2,1,2,2,19,1,5,0,2,3,1,0,0,0,0,0,1,10
2024221400111,2024,221400111,354068,251695,-2.67289,52.1616,3,3,5,15:20,-1,E06000019,3,0,1,2,2,"[9, 19]","[8, 4]","[6, 8]",0,0,0,1,0,0,0,0,0,1,18
2024221400135,2024,221400135,382260,260280,-2.26122,52.24042,3,3,5,15:53,-1,E07000235,6,0,1,2,2,4,"[7, 3]","[3, 7]",0,0,0,1,0,0,0,0,0,1,18
2024221400316,2024,221400316,352192,343219,-2.71355,52.98417,3,3,4,15:35,-1,E06000051,3,0,1,1,2,"[4, 19]",8,5,0,0,0,1,0,0,0,0,0,1,10
2024221400395,2024,221400395,382825,276682,-2.25378,52.38789,3,3,5,18:30,-1,E07000239,6,2,1,0,1,19,"[7, 5]","[3, 1]",0,0,0,1,1,0,0,0,0,1,18
2024221400399,2024,221400399,383298,276473,-2.24682,52.38603,2,2,6,12:33,-1,E07000239,6,0,1,0,1,9,6,3,0,0,0,1,0,0,0,0,1,1,19
2024221400400,2024,221400400,403375,268193,-1.95192,52.31184,3,3,1,16:30,-1,E07000236,4,0,1,0,1,"[4, 5]",3,7,0,0,0,1,0,0,0,0,1,1,14
2024221400709,2024,221400709,343260,234870,-2.82807,52.00935,2,2,7,15:07,-1,E06000019,4,0,1,1,2,19,3,7,0,0,0,0,0,1,0,0,0,1,20
2024221401303,2024,221401303,369728,309406,-2.44921,52.6815,3,3,5,14:48,-1,E06000020,3,0,1,0,2,19,"[3, 6]","[8, 2]","[0, 10]","[0, 7]",0,1,0,0,0,0,0,1,18
2024221401723,2024,221401723,354119,330297,-2.68302,52.86818,3,3,6,13:58,-1,E06000051,4,0,2,1,2,19,8,3,10,0,0,1,0,0,0,0,0,1,12
2024221401733,2024,221401733,402836,266408,-1.95984,52.29579,3,3,5,15:15,-1,E07000236,6,0,1,0,1,"[19, 9]","[3, 5]","[7, 3]",0,0,0,1,0,0,0,0,0,1,18
2024221401778,2024,221401778,346523,241805,-2.78162,52.07202,3,3,6,06:50,-1,E06000019,3,2,1,0,2,19,8,4,0,0,0,1,0,0,0,0,1,1,12
2024221401926,2024,221401926,329950,336107,-3.04326,52.9178,3,3,3,08:15,-1,E06000051,3,0,2,1,2,19,5,1,0,1,4,1,0,0,0,0,0,1,2
2024221401937,2024,221401937,391361,249005,-2.12764,52.13927,3,3,3,07:39,-1,E07000238,4,0,2,1,2,19,"[7, 3]","[3, 7]",0,"[1, 0]","[4, 0]",1,0,0,0,0,0,1,23
2024221402026,2024,221402026,351200,241070,-2.71329,52.06584,3,3,4,07:30,-1,E06000019,6,0,1,0,1,9,4,2,0,0,0,1,0,0,0,0,1,1,17
2024221402069,2024,221402069,351550,242009,-2.70832,52.07431,3,3,7,17:13,-1,E06000019,3,2,3,1,1,19,"[5, 7]","[1, 3]",0,"[0, 8]",0,1,0,0,0,0,0,1,13
2024221402134,2024,221402134,369552,303799,-2.4513,52.63108,3,3,6,17:15,-1,E06000020,6,2,1,0,2,19,"[6, 1]","[1, 6]",0,0,0,1,0,0,0,0,0,1,19
2024221402151,2024,221402151,363074,253254,-2.54141,52.1763,3,3,2,18:42,-1,E06000019,6,2,1,1,2,19,6,3,0,0,0,1,0,0,0,0,0,1,22
2024221402153,2024,221402153,368532,307457,-2.46672,52.66391,3,3,3,07:56,-1,E06000020,6,0,1,0,1,19,1,5,0,0,0,0,0,0,1,0,1,1,16
2024221402214,2024,221402214,350694,251670,-2.72221,52.16109,3,3,2,16:42,-1,E06000019,3,0,1,1,2,"[13, 19]","[2, 5]","[5, 2]","[7, 0]","[0, 7]",0,1,0,0,0,0,0,1,22
2024221402340,2024,221402340,402062,251267,-1.97127,52.15967,3,3,5,00:44,-1,E07000238,6,2,2,1,2,19,3,8,0,1,10,1,0,0,0,0,0,1,25
2024221402381,2024,221402381,352165,315175,-2.70983,52.73209,3,3,4,16:57,-1,E06000051,3,2,1,0,2,"[4, 19]",5,1,0,0,0,1,0,0,0,0,0,1,17
2024221402467,2024,221402467,405090,264981,-1.92681,52.28295,3,3,2,12:36,-1,E07000236,6,0,1,0,2,"[19, 4]",6,2,0,0,0,1,0,0,0,0,0,1,22
2024221402519,2024,221402519,373878,241030,-2.38248,52.06702,3,3,5,08:39,-1,E06000019,6,0,1,2,2,19,"[1, 6]","[6, 1]",0,"[0, 1]","[0, 10]",1,0,0,0,1,0,1,18
2024221402559,2024,221402559,380649,294853,-2.28682,52.55117,2,"[3, 2]",4,13:30,-1,E06000051,4,0,1,1,2,"[19, 10]","[8, 4]","[4, 2]",0,0,0,1,0,0,0,0,0,1,10
2024221402618,2024,221402618,377501,245930,-2.32995,52.11123,3,3,1,15:40,-1,E07000235,3,0,1,0,1,"[19, 4]",5,1,0,0,0,1,0,0,0,0,0,1,14
2024221402635,2024,221402635,375408,255377,-2.3612,52.19607,3,3,6,23:36,-1,E07000235,3,2,1,0,2,19,3,1,"[10, 0]","[1, 0]","[7, 0]",1,0,0,0,0,0,1,5
2024221402861,2024,221402861,404304,265990,-1.93832,52.29203,2,2,3,21:29,-1,E07000236,3,2,4,0,2,19,6,2,0,1,2,1,0,0,0,0,0,1,23
2024221402863,2024,221402863,397055,274188,-2.04467,52.36574,3,3,2,15:51,-1,E07000234,6,0,2,1,1,"[9, 19]",7,"[5, 3]",0,"[7, 0]","[11, 0]",1,0,0,0,0,0,1,22
2024221402901,2024,221402901,381474,271469,-2.27335,52.34098,3,3,2,10:45,-1,E07000239,3,0,1,0,1,"[7, 19]","[4, 1]",6,"[10, 0]","[1, 0]","[11, 0]",1,0,0,1,0,0,1,22
2024221402939,2024,221402939,364366,312581,-2.52887,52.70971,2,2,4,15:55,-1,E06000020,6,0,1,0,1,"[19, 7]","[4, 6]",2,0,0,0,1,1,0,0,0,0,1,24
2024221403313,2024,221403313,342546,264958,-2.84357,52.27975,2,2,7,15:00,-1,E06000019,3,0,1,0,2,19,5,1,0,7,10,1,0,0,0,0,0,1,27
2024221403525,2024,221403525,350738,239546,-2.71981,52.0521,3,3,1,13:00,-1,E06000019,3,0,1,0,1,"[3, 19]",1,5,0,0,0,1,0,0,0,0,0,1,28
2024221403528,2024,221403528,367088,226496,-2.48013,51.93599,3,3,1,07:49,-1,E06000019,1,2,1,0,2,19,2,6,0,1,10,1,0,0,0,0,0,1,28
2024221403742,2024,221403742,328873,329295,-3.05778,52.85643,3,3,6,06:15,-1,E06000051,4,2,1,0,1,"[9, 19]","[1, 7]","[7, 3]",0,0,0,1,0,0,0,0,0,1,26
2024221403743,2024,221403743,384279,254703,-2.23139,52.19034,3,3,5,14:36,-1,E07000237,3,0,1,0,1,"[7, 19]","[8, 2]","[2, 5]",0,0,0,1,1,0,0,0,0,1,25
2024221403827,2024,221403827,404611,268382,-1.93378,52.31353,3,3,7,19:55,-1,E07000236,6,2,1,0,1,9,8,6,0,0,0,1,0,0,0,0,1,1,27
2024221403916,2024,221403916,384097,276281,-2.23508,52.38433,3,3,5,07:53,-1,E07000239,3,0,1,1,1,19,7,3,0,0,0,1,0,0,0,0,1,1,25
2024221403967,2024,221403967,325882,323853,-3.10095,52.80711,3,3,5,08:10,-1,E06000051,6,0,1,0,2,19,"[3, 1]","[7, 5]",0,"[0, 1]","[0, 9]",1,0,0,0,0,0,1,18
2024221404037,2024,221404037,370187,268122,-2.43871,52.31039,3,3,1,16:25,-1,E07000235,3,2,1,1,2,19,"[8, 4]","[4, 8]",0,"[7, 0]","[4, 0]",1,0,0,0,0,0,1,28
2024221404192,2024,221404192,366803,311117,-2.49265,52.69671,3,3,2,19:09,-1,E06000020,3,2,1,0,2,"[11, 19]",4,8,"[0, 10]",0,0,1,0,0,0,0,0,1,29
2024221404357,2024,221404357,342663,275841,-2.84371,52.37759,3,3,6,16:03,-1,E06000019,3,0,1,0,2,19,2,4,0,0,0,1,0,0,0,0,0,1,26
2024221404406,2024,221404406,349211,311869,-2.75306,52.7021,1,"[3, 1]",4,15:20,-1,E06000051,6,0,2,1,1,"[19, 14]","[6, 2]","[2, 6]",0,0,0,1,0,0,0,0,0,1,10
2024221404469,2024,221404469,345685,313252,-2.80546,52.71419,3,3,4,14:17,-1,E06000051,3,0,1,0,1,19,8,4,0,0,0,1,0,0,0,0,1,1,10
2024221404503,2024,221404503,399626,247187,-2.00688,52.123,3,3,3,06:20,-1,E07000238,3,2,1,1,2,"[19, 13]",3,7,0,0,0,0,1,0,1,0,0,1,16
2024221404649,2024,221404649,404750,244106,-1.93208,52.09528,3,3,2,08:50,-1,E07000238,6,0,1,0,2,1,6,2,0,0,0,1,0,0,0,0,1,1,29
2024221405023,2024,221405023,338811,247764,-2.8952,52.12478,3,3,4,17:10,-1,E06000019,3,2,1,1,2,19,4,8,0,7,4,1,0,0,0,0,0,1,31
2024221405118,2024,221405118,384048,252925,-2.23468,52.17435,3,3,5,08:20,-1,E07000237,3,0,1,0,1,"[9, 15]","[4, 2]","[2, 6]",0,0,0,1,1,0,0,0,0,2,1
2024221405160,2024,221405160,362658,223583,-2.54424,51.90952,2,"[3, 2]",6,20:20,-1,E06000019,3,2,1,1,2,19,8,4,0,7,10,1,0,0,0,0,0,1,26
2024221405163,2024,221405163,384700,241033,-2.22461,52.06745,2,2,2,19:59,-1,E07000235,4,2,1,0,2,19,4,8,0,0,0,1,1,0,0,0,0,1,22
2024221405235,2024,221405235,351653,330056,-2.71961,52.8658,3,3,1,17:38,-1,E06000051,4,2,1,0,2,"[19, 2]","[5, 0]","[1, 0]","[4, 0]",0,0,1,0,0,0,0,0,1,28