collision_index,collision_year,collision_ref_no,location_easting_osgr,location_northing_osgr,longitude,latitude,casualty_severity,casualty_severity,day_of_week,time,local_authority_district,local_authority_ons_district,first_road_class,light_conditions,weather_conditions,road_surface_conditions,urban_or_rural_area,vehicle_manoeuvre,vehicle_direction_from,vehicle_direction_to,hit_object_in_carriageway,vehicle_leaving_carriageway,hit_object_off_carriageway,is_car,is_cyle,is_mcyle,is_goodsv,is_other,is_pedestrian,month,day
2024221405243,2024,221405243,383810,244508,-2.23776,52.09867,1,"[2, 1]",3,05:30,-1,E07000235,4,2,1,0,2,19,"[1, 5]","[5, 1]",0,0,0,1,0,0,0,0,0,1,23
2024221405260,2024,221405260,370059,312374,-2.44459,52.7082,3,3,4,08:30,-1,E06000020,6,0,1,0,1,19,1,5,0,0,0,1,0,0,0,0,1,1,31
2024221405278,2024,221405278,371167,273057,-2.42476,52.35481,3,3,7,12:15,-1,E07000235,4,0,1,0,2,19,"[6, 1]","[1, 6]",0,"[1, 7]",0,1,0,0,0,0,0,1,27
2024221405454,2024,221405454,378572,275279,-2.31619,52.37513,3,3,5,23:08,-1,E07000239,4,2,1,0,2,5,4,8,0,0,0,1,0,0,0,0,1,2,1
2024221405712,2024,221405712,407849,266130,-1.88634,52.29325,2,"[3, 2]",4,17:36,-1,E07000236,6,2,1,0,1,"[13, 9]",3,"[7, 1]",0,"[7, 0]","[9, 0]",1,0,1,0,0,0,1,31
2024221406158,2024,221406158,380517,270638,-2.28734,52.33348,2,"[3, 2]",1,06:44,-1,E07000239,3,0,1,1,1,19,"[2, 6]","[6, 2]",0,0,0,1,0,0,0,0,0,2,4
2024221406217,2024,221406217,379323,246699,-2.30339,52.11822,3,3,4,12:21,-1,E07000235,6,0,1,0,1,"[19, 9]","[6, 1]","[3, 6]",0,0,0,1,0,0,0,0,0,1,31
2024221406305,2024,221406305,366681,303722,-2.49371,52.63022,3,3,5,18:00,-1,E06000020,6,2,1,0,1,9,8,6,0,0,0,1,0,0,0,0,1,2,1
2024221406389,2024,221406389,372859,292343,-2.4015,52.52828,3,3,6,15:10,-1,E06000051,3,0,1,0,1,"[19, 9]","[7, 1]","[3, 7]",0,"[7, 0]","[11, 0]",1,0,0,0,0,0,1,26
2024221406406,2024,221406406,351241,262534,-2.71578,52.2588,3,3,2,14:50,-1,E06000019,3,0,1,0,2,19,6,2,10,1,11,1,0,0,0,0,0,1,22
2024221406419,2024,221406419,381701,254402,-2.26908,52.18755,3,3,1,18:34,-1,E07000235,3,2,2,1,2,19,6,2,0,1,7,1,0,0,0,0,0,1,21
2024221406435,2024,221406435,383496,252154,-2.24272,52.1674,3,3,6,08:10,-1,E07000235,3,0,1,0,2,"[19, 3]",5,1,0,0,0,1,0,0,0,0,0,1,26
2024221406503,2024,221406503,364560,254357,-2.5198,52.18631,2,2,2,08:30,-1,E06000019,3,0,1,0,2,19,3,7,0,0,0,1,0,0,0,0,1,2,5
2024221406543,2024,221406543,359780,247372,-2.58888,52.12319,2,"[2, 3]",7,01:37,-1,E06000019,3,2,1,0,2,19,"[2, 5]","[5, 2]",0,0,0,1,0,0,0,0,0,2,3
2024221406703,2024,221406703,366668,335815,-2.49718,52.91871,3,3,2,13:41,-1,E06000051,3,0,1,0,2,19,4,1,0,8,4,1,0,0,0,0,0,1,15
2024221407012,2024,221407012,353130,239202,-2.68488,52.04921,3,3,3,22:37,-1,E06000019,4,2,2,1,1,19,3,7,0,"[0, 2]","[0, 11]",1,0,0,0,0,0,2,6
2024221407056,2024,221407056,368668,308964,-2.46485,52.67746,1,1,3,17:16,-1,E06000020,4,2,1,0,2,19,7,3,0,0,0,1,0,0,0,0,1,1,30
2024221407103,2024,221407103,341053,319309,-2.87511,52.76814,3,3,4,18:14,-1,E06000051,6,2,1,1,2,19,"[4, 7]","[8, 3]",0,0,0,1,0,0,0,0,0,1,31
2024221407114,2024,221407114,398428,271518,-2.0245,52.34174,3,3,6,13:35,-1,E07000234,6,0,1,1,1,"[2, 19]","[0, 6]","[0, 2]","[0, 4]","[0, 2]",0,1,0,0,0,0,0,2,2
2024221407210,2024,221407210,367781,311018,-2.47817,52.69588,2,2,1,12:51,-1,E06000020,4,0,1,0,1,"[9, 19]","[3, 7]","[1, 3]","[10, 0]","[1, 0]",0,1,0,0,0,0,0,2,4
2024221407270,2024,221407270,379671,282983,-2.30051,52.44443,3,3,5,10:52,-1,E07000239,6,0,1,2,2,19,"[1, 5]","[5, 1]",0,0,0,1,0,0,0,0,0,1,18
2024221407394,2024,221407394,386767,256933,-2.19508,52.21046,2,2,4,17:20,-1,E07000237,6,2,1,0,1,19,8,4,0,0,0,1,0,0,0,0,1,2,7
2024221407442,2024,221407442,411440,243748,-1.83444,52.09196,3,3,4,08:35,-1,E07000238,6,0,1,0,2,19,"[2, 6]","[6, 2]",0,0,0,1,1,0,0,0,0,1,31
2024221407505,2024,221407505,377926,250811,-2.32407,52.15513,3,3,4,18:44,-1,E07000235,3,2,1,1,2,19,6,2,0,0,0,1,0,0,0,0,1,1,31
2024221407565,2024,221407565,351365,240229,-2.71076,52.0583,3,3,1,01:40,-1,E06000019,3,0,1,0,1,19,2,6,0,0,0,1,0,0,0,0,1,2,4
2024221407685,2024,221407685,350325,250098,-2.72737,52.14692,3,3,5,09:15,-1,E06000019,3,0,2,1,2,"[1, 19]","[7, 5]","[3, 1]",0,0,0,1,0,0,0,0,0,2,8
2024221407739,2024,221407739,362911,276611,-2.54637,52.38626,2,2,5,11:55,-1,E06000051,3,0,2,1,2,19,"[8, 4]","[4, 8]",0,"[0, 7]","[0, 10]",1,0,0,0,0,0,2,8
2024221407767,2024,221407767,388561,264030,-2.16907,52.2743,3,3,4,06:46,-1,E07000238,6,2,1,1,1,"[19, 9]","[5, 3]",1,0,0,0,1,0,1,0,0,0,2,7
2024221407782,2024,221407782,365606,254674,-2.50453,52.18923,3,3,3,16:15,-1,E06000019,4,0,1,0,2,9,7,4,0,0,0,1,0,0,0,0,1,2,6
2024221407931,2024,221407931,358216,218803,-2.60823,51.86623,2,2,4,05:50,-1,E06000019,4,2,1,2,2,19,4,8,12,0,0,0,0,1,0,0,0,1,17
2024221407938,2024,221407938,382418,275435,-2.2597,52.37667,3,3,1,01:49,-1,E07000239,4,2,1,0,1,7,5,7,10,7,10,1,0,0,0,0,0,2,4
2024221407944,2024,221407944,404359,265678,-1.93752,52.28922,2,2,5,16:15,-1,E07000236,3,2,2,1,2,19,4,8,0,1,4,1,0,0,0,0,0,2,8
2024221408030,2024,221408030,348469,309906,-2.76373,52.68438,3,3,5,08:56,-1,E06000051,6,0,1,0,1,1,1,5,0,0,0,1,0,0,0,0,0,2,1
2024221408110,2024,221408110,358034,322956,-2.62392,52.80252,3,3,5,13:12,-1,E06000051,3,0,1,0,2,19,2,6,10,1,10,0,0,1,0,0,0,2,1
2024221408555,2024,221408555,339827,226821,-2.87667,51.93663,2,"[2, 3]",7,15:54,-1,E06000019,3,0,1,0,2,19,"[6, 1]","[1, 6]",0,"[0, 1]",0,1,0,0,0,0,0,2,10
2024221408741,2024,221408741,356488,242324,-2.63631,52.07756,3,3,1,18:00,-1,E06000019,6,2,1,1,2,19,5,1,0,"[0, 1]",0,1,0,0,0,0,0,2,11
2024221408865,2024,221408865,348736,238113,-2.74878,52.03904,3,3,1,17:24,-1,E06000019,3,2,1,0,1,"[9, 19]","[5, 2]","[2, 6]",0,0,0,1,0,1,0,0,0,2,11
2024221408903,2024,221408903,349137,241101,-2.74338,52.06593,3,3,7,13:00,-1,E06000019,3,0,1,0,1,19,4,8,0,0,0,1,0,0,0,0,1,2,10
2024221408963,2024,221408963,395663,273638,-2.06511,52.36078,3,3,5,21:30,-1,E07000234,4,2,2,1,1,"[19, 9]","[1, 5]","[5, 3]",0,"[2, 0]","[2, 0]",1,0,0,0,0,0,2,8
2024221409003,2024,221409003,384200,277142,-2.2336,52.39207,2,2,6,08:20,-1,E07000239,3,0,1,0,1,"[5, 19]","[4, 1]","[3, 5]",0,0,0,0,1,0,1,0,0,1,26
2024221409255,2024,221409255,382962,276791,-2.25178,52.38888,3,3,6,17:02,-1,E07000239,3,0,1,0,1,"[4, 3]",2,6,0,0,0,1,0,0,0,0,0,2,9
2024221409283,2024,221409283,350076,239872,-2.72951,52.05497,3,3,1,15:10,-1,E06000019,6,0,1,0,1,"[2, 9, 19]","[0, 4, 2]","[0, 2, 6]","[0, 4]",0,0,1,0,0,0,0,0,2,11
2024221409452,2024,221409452,387988,255107,-2.17715,52.19407,3,3,6,12:50,-1,E07000237,4,0,1,0,2,"[19, 10]",5,"[1, 3]",0,0,0,1,0,0,0,0,0,1,26
2024221409468,2024,221409468,384808,256585,-2.22373,52.20728,3,3,2,09:10,-1,E07000237,6,0,1,0,1,19,1,5,0,0,0,1,0,0,0,0,1,2,12
2024221409917,2024,221409917,356985,237460,-2.62845,52.03387,3,3,7,18:34,-1,E06000019,4,2,1,1,2,19,"[8, 4]","[4, 8]",6,0,0,1,0,0,0,0,0,2,3
2024221410025,2024,221410025,352461,227574,-2.69302,51.94462,3,3,4,18:10,-1,E06000019,3,2,1,1,2,"[19, 4, 9]","[5, 6]","[1, 5]",0,0,0,1,0,0,1,0,0,2,14
2024221410037,2024,221410037,367063,246589,-2.48243,52.11663,3,3,3,11:40,-1,E06000019,3,0,2,1,2,"[13, 10]","[7, 3]","[3, 1]",0,0,0,1,0,0,0,0,0,2,13
2024221410107,2024,221410107,383259,277002,-2.24742,52.39078,3,3,6,07:40,-1,E07000239,3,0,1,0,1,"[5, 19]","[6, 5]","[4, 1]",0,0,0,1,1,0,0,0,0,2,2
2024221410109,2024,221410109,380410,246574,-2.28751,52.11713,3,3,5,07:28,-1,E07000235,6,0,1,1,2,19,2,7,0,1,1,1,0,0,0,0,0,2,15
2024221410120,2024,221410120,383775,276499,-2.23982,52.38628,3,3,4,22:36,-1,E07000239,6,2,1,1,1,"[2, 19]","[0, 6]","[0, 2]","[0, 4]",0,0,1,0,0,0,0,0,2,14
2024221410186,2024,221410186,378666,275365,-2.31481,52.37591,3,3,4,11:10,-1,E07000239,4,0,1,0,2,"[2, 4]","[0, 2]","[0, 6]","[0, 4]",0,0,1,0,0,0,0,0,1,31
2024221410217,2024,221410217,369240,275861,-2.45331,52.37991,3,3,4,16:24,-1,E06000051,3,0,2,1,2,19,7,3,10,0,0,1,0,0,0,0,0,1,31
2024221410294,2024,221410294,364674,313491,-2.52441,52.71791,3,3,3,16:35,-1,E06000020,3,2,1,0,1,5,4,8,0,0,0,1,0,0,0,0,1,1,9
2024221410300,2024,221410300,351050,274759,-2.72036,52.36868,3,3,2,13:40,-1,E06000051,6,0,1,0,1,1,7,3,11,0,0,1,0,0,0,0,1,2,5
2024221410566,2024,221410566,390915,253214,-2.13428,52.1771,3,3,3,08:10,-1,E07000238,3,0,1,1,2,19,"[8, 4]","[4, 8]",0,"[0, 7]","[0, 10]",1,0,0,0,0,0,1,23
2024221410931,2024,221410931,391625,251590,-2.12385,52.16252,2,2,6,09:54,-1,E07000238,3,0,1,1,2,"[13, 9]",4,"[8, 3]",0,7,"[9, 0]",1,0,0,0,1,0,2,16
2024221411140,2024,221411140,402836,273628,-1.95978,52.3607,2,"[3, 2]",7,21:38,-1,E07000234,1,2,2,1,2,"[19, 13]",7,3,0,"[1, 0]",0,1,0,0,0,0,0,2,17
2024221411225,2024,221411225,367681,305153,-2.47907,52.64315,2,"[3, 2]",1,10:20,-1,E06000020,3,0,1,1,2,19,3,7,0,1,4,1,0,0,0,0,0,2,18
2024221411433,2024,221411433,346628,312608,-2.7914,52.70849,3,3,5,19:35,-1,E06000051,6,2,1,0,1,19,1,5,0,0,0,1,0,0,0,0,1,2,8
2024221411467,2024,221411467,367935,334297,-2.47818,52.90514,2,2,3,15:55,-1,E06000051,6,0,5,1,1,"[4, 19]","[1, 6]","[6, 1]",0,0,0,1,0,1,0,0,0,2,13
2024221411496,2024,221411496,347999,299959,-2.76911,52.59493,3,3,2,07:30,-1,E06000051,3,0,1,1,2,"[19, 3]",6,2,0,0,0,1,0,0,0,0,0,1,29
2024221411530,2024,221411530,345438,312810,-2.80904,52.71019,3,3,5,12:45,-1,E06000051,6,0,1,1,1,"[19, 7]","[4, 6]",8,"[10, 0]",0,0,1,0,0,0,0,0,1,25
2024221411561,2024,221411561,350426,240106,-2.72444,52.05711,2,2,5,07:50,-1,E06000019,3,0,1,0,1,"[9, 15]",5,"[3, 2]",0,0,0,1,1,0,0,0,0,2,15
2024221411579,2024,221411579,347026,309812,-2.78506,52.6834,3,3,6,17:24,-1,E06000051,3,2,1,1,2,"[19, 3]",7,3,0,0,0,1,0,0,1,0,0,2,2
2024221411840,2024,221411840,366407,311419,-2.49854,52.6994,3,3,2,14:30,-1,E06000020,6,0,3,2,2,19,"[2, 7]","[6, 3]",0,0,0,1,1,0,0,0,0,2,5
2024221411926,2024,221411926,336167,281030,-2.94012,52.42351,2,2,2,22:53,-1,E06000051,4,2,1,1,2,19,6,2,0,1,3,1,0,0,0,0,0,2,5
2024221412045,2024,221412045,357250,275982,-2.62946,52.38019,3,3,4,14:46,-1,E06000051,3,0,1,1,2,"[10, 19]",3,"[1, 7]",0,0,0,1,0,0,0,0,0,2,7
2024221412094,2024,221412094,327829,257288,-3.05761,52.20907,3,3,7,18:15,-1,E06000019,3,2,2,1,2,19,8,3,0,2,10,1,0,0,0,0,0,2,17
2024221412110,2024,221412110,355970,242861,-2.64394,52.08234,2,"[2, 3]",3,09:00,-1,E06000019,3,0,1,0,2,"[7, 19]",6,"[2, 3]",0,0,0,1,0,0,0,0,0,2,20
2024221412247,2024,221412247,387055,255717,-2.19082,52.19953,2,2,4,06:40,-1,E07000237,4,2,2,1,1,"[2, 19]","[0, 2]","[0, 6]","[0, 4]",0,0,1,1,0,0,0,0,2,21
2024221412317,2024,221412317,404625,267463,-1.93359,52.30527,2,2,6,08:42,-1,E07000236,6,0,1,0,1,5,1,5,0,0,0,1,0,0,0,0,1,2,9
2024221412334,2024,221412334,347420,312554,-2.77967,52.70808,3,3,3,14:00,-1,E06000051,4,0,1,0,1,"[3, 19]",2,6,0,0,0,1,0,0,0,0,0,2,20
2024221412348,2024,221412348,389725,242743,-2.15136,52.08294,2,2,3,13:17,-1,E07000238,3,0,1,1,2,19,3,7,0,0,0,0,0,1,0,0,0,2,20
2024221412393,2024,221412393,410400,277894,-1.84858,52.39896,3,3,4,07:59,-1,E07000234,6,0,2,1,1,"[19, 10]",1,"[5, 7]",0,0,0,1,0,0,0,0,0,2,21
2024221412438,2024,221412438,371239,306452,-2.42661,52.65503,3,3,6,11:45,-1,E06000020,3,0,1,1,2,"[4, 19]",1,5,0,0,0,1,0,0,0,0,0,2,9
2024221412472,2024,221412472,367079,334484,-2.49093,52.90677,3,3,3,14:30,-1,E06000051,6,0,1,0,1,19,2,6,0,0,0,1,0,0,0,0,1,2,20
2024221412589,2024,221412589,356578,241325,-2.63487,52.06858,2,"[3, 2]",4,16:31,-1,E06000019,3,0,2,1,2,19,"[8, 4]","[4, 8]",0,"[7, 0]",0,1,0,0,0,0,0,2,21
2024221412613,2024,221412613,380902,271535,-2.28175,52.34156,3,3,3,22:59,-1,E07000239,6,2,1,1,1,"[19, 2]","[8, 0]","[4, 0]","[4, 0]",0,0,1,0,0,0,0,0,2,20
2024221412697,2024,221412697,374339,319360,-2.38179,52.77122,2,2,2,13:15,-1,E06000020,6,0,1,0,1,19,1,4,0,0,0,1,0,0,0,0,1,2,19
2024221412722,2024,221412722,407750,267426,-1.88776,52.3049,2,"[3, 2]",3,16:40,-1,E07000236,6,0,1,1,1,"[9, 19]","[6, 4, 8]","[4, 8]",0,0,0,1,0,0,0,0,0,1,16
2024221412772,2024,221412772,383367,274747,-2.24572,52.37051,3,3,6,21:00,-1,E07000239,3,2,1,0,1,19,"[6, 4]","[2, 8]",0,0,0,1,1,0,0,0,0,1,19
2024221412836,2024,221412836,368100,303061,-2.47268,52.62437,3,3,5,17:10,-1,E06000020,4,0,2,1,1,19,"[5, 8]","[8, 5]",0,0,0,1,0,0,0,0,0,2,15
2024221412870,2024,221412870,383529,276401,-2.24343,52.38539,3,3,3,05:40,-1,E07000239,3,2,1,0,1,"[9, 19]","[3, 1]","[1, 5]",0,0,0,1,1,0,0,0,0,2,20
2024221412953,2024,221412953,351365,310284,-2.72095,52.68805,3,3,1,09:28,-1,E06000051,3,0,1,0,2,19,6,2,0,3,7,1,0,0,0,0,0,2,18
2024221413018,2024,221413018,389625,253944,-2.15316,52.18364,1,"[1, 2]",5,15:09,-1,E07000238,3,0,1,1,2,"[19, 9]","[7, 1]","[3, 7]",0,0,0,1,0,0,0,0,0,2,22
2024221413483,2024,221413483,379380,248421,-2.30267,52.1337,3,3,6,12:00,-1,E07000235,4,0,1,1,1,"[10, 9, 4]",5,2,0,0,0,1,0,0,1,0,0,1,19
2024221413595,2024,221413595,349286,313138,-2.75214,52.71351,3,3,5,11:55,-1,E06000051,3,0,1,1,1,5,2,8,0,0,0,1,0,0,0,0,1,2,22
2024221413898,2024,221413898,352192,343252,-2.71356,52.98446,2,2,1,11:09,-1,E06000051,3,0,1,0,2,"[19, 4]",5,8,0,0,0,1,0,0,0,0,0,2,25
2024221414155,2024,221414155,394657,275744,-2.07992,52.37971,3,3,3,16:08,-1,E07000234,4,0,1,0,2,"[19, 3]",5,1,0,0,0,1,0,0,0,0,0,2,13
2024221414245,2024,221414245,406118,274089,-1.91158,52.36482,3,3,7,11:54,-1,E07000234,6,0,1,0,2,19,"[7, 1]","[3, 4]",0,"[7, 0]","[10, 0]",1,0,0,0,0,0,2,24
2024221414281,2024,221414281,391350,242680,-2.12764,52.08241,2,2,1,09:15,-1,E07000238,3,0,1,0,2,"[13, 9]",3,"[7, 1]",0,0,0,1,0,0,0,0,0,2,25
2024221414463,2024,221414463,351179,232620,-2.71239,51.98987,3,3,2,08:41,-1,E06000019,6,0,1,0,2,"[4, 19]","[7, 3]","[3, 7]",0,0,0,1,0,0,0,0,0,2,26
2024221414547,2024,221414547,337463,305050,-2.92559,52.63957,3,3,7,10:38,-1,E06000051,3,0,1,0,2,"[7, 19]","[5, 3]",7,0,0,0,1,1,0,0,0,0,2,24
2024221414572,2024,221414572,386869,256852,-2.19359,52.20973,3,3,6,14:00,-1,E07000237,6,0,1,0,1,9,8,5,0,0,0,1,0,0,0,0,1,2,9
2024221414586,2024,221414586,344768,243187,-2.80745,52.08427,2,2,7,22:14,-1,E06000019,6,2,1,2,2,19,2,6,0,0,0,1,0,0,0,0,1,2,24
2024221414612,2024,221414612,364497,307260,-2.52635,52.66189,3,3,1,15:15,-1,E06000020,6,0,1,0,2,19,8,4,0,2,0,1,0,0,0,0,0,2,25
2024221414739,2024,221414739,346483,257940,-2.78475,52.21706,1,1,3,09:33,-1,E06000019,3,0,1,1,2,"[19, 13]","[6, 2]","[2, 6]",0,"[0, 7]","[0, 10]",1,0,1,1,0,0,2,27
2024221414993,2024,221414993,396976,275666,-2.04585,52.37902,3,3,4,10:51,-1,E07000234,3,0,2,1,2,"[2, 19]","[0, 1, 7]","[0, 5, 4, 2]",0,0,0,1,0,0,1,0,0,2,28
2024221415091,2024,221415091,371436,293554,-2.42258,52.53909,2,2,3,08:51,-1,E06000051,6,0,1,0,1,7,8,1,0,0,0,1,0,0,0,0,1,2,27
2024221415147,2024,221415147,384415,232676,-2.22838,51.99231,3,3,4,15:34,-1,E07000235,4,0,2,1,2,4,3,7,0,3,10,1,0,0,0,0,0,2,28
2024221415278,2024,221415278,385471,255296,-2.21398,52.19571,3,3,5,00:15,-1,E07000237,4,2,1,0,1,"[9, 4]","[4, 3]","[3, 7]","[0, 10]","[0, 1]",0,1,0,0,0,0,0,2,29
2024221415327,2024,221415327,343855,234763,-2.81938,52.00845,3,3,4,14:25,-1,E06000019,4,0,2,1,2,19,3,7,0,7,3,1,0,0,0,0,0,2,28
2024221415509,2024,221415509,384254,253683,-2.23171,52.18117,3,3,3,12:48,-1,E07000237,3,0,1,1,1,"[2, 19]","[0, 1]","[0, 5]","[0, 4]",0,0,1,0,0,0,0,0,2,27
2024221415515,2024,221415515,354386,315016,-2.67692,52.73085,3,3,4,14:42,-1,E06000051,4,0,1,0,2,"[19, 9]","[2, 6]","[6, 4]",0,0,0,1,0,0,0,0,0,2,28
2024221415639,2024,221415639,388121,252999,-2.17513,52.17512,3,3,5,02:00,-1,E07000238,1,2,1,1,2,"[19, 2]","[2, 0]","[6, 0]","[4, 0]",1,10,1,0,0,1,0,0,2,29
2024221415667,2024,221415667,384647,257563,-2.22614,52.21606,3,3,2,15:57,-1,E07000237,3,0,1,1,1,19,5,1,0,0,0,1,0,0,0,0,1,1,22
2024221415681,2024,221415681,386086,255132,-2.20497,52.19425,3,3,2,14:50,-1,E07000237,4,0,1,0,1,"[19, 12]",3,7,0,0,0,1,0,1,0,0,0,2,19
2024221415751,2024,221415751,386705,236894,-2.1952,52.03029,1,1,5,10:48,-1,E07000235,1,0,1,0,2,"[19, 2]","[3, 0]","[7, 0]","[4, 12]",0,0,0,0,0,1,1,0,2,29
2024221415800,2024,221415800,396337,273953,-2.05522,52.36362,3,3,5,16:00,-1,E07000234,4,0,1,0,1,"[19, 9]","[7, 1]","[3, 7]",0,0,0,1,0,0,0,0,0,2,29
2024221415807,2024,221415807,355084,319902,-2.66725,52.77483,2,2,4,04:08,-1,E06000051,3,2,1,0,2,19,2,6,0,0,0,0,0,0,1,0,1,2,21
2024221415827,2024,221415827,401555,267510,-1.97862,52.30571,2,2,4,11:44,-1,E07000236,4,0,2,1,2,7,4,6,10,8,2,1,0,0,0,0,0,2,28
2024221415867,2024,221415867,363020,228719,-2.53953,51.95572,3,3,5,12:10,-1,E06000019,4,0,1,0,2,19,"[8, 1]","[4, 5]",0,0,0,1,0,0,0,0,0,2,29
2024221415915,2024,221415915,372491,247482,-2.40323,52.12496,2,2,6,10:35,-1,E06000019,3,0,2,1,2,"[4, 19, 9]","[7, 2, 5]","[2, 7]",0,0,0,1,0,0,0,0,0,3,1
2024221416035,2024,221416035,405022,273241,-1.92768,52.35721,2,"[3, 2]",6,22:00,-1,E07000234,1,2,1,1,2,19,8,4,0,1,0,1,0,0,0,0,0,3,1
2024221416295,2024,221416295,393840,269520,-2.0918,52.32374,3,3,5,06:15,-1,E07000234,1,2,1,0,2,19,6,2,0,0,0,1,0,0,0,0,0,2,29
2024221416486,2024,221416486,384952,259256,-2.22175,52.23129,2,2,1,11:45,-1,E07000237,3,0,1,0,2,"[3, 4]",1,5,0,0,0,1,0,0,0,0,0,3,3
2024221416670,2024,221416670,385269,254970,-2.21692,52.19277,3,3,6,14:00,-1,E07000237,4,0,1,0,1,19,7,3,0,0,0,1,0,0,0,0,1,3,1
2024221417061,2024,221417061,374408,291745,-2.37862,52.52297,3,3,2,09:50,-1,E06000051,6,0,1,0,2,19,"[2, 6]","[6, 2]",0,"[1, 0]",0,1,0,0,0,0,0,3,4
2024221417078,2024,221417078,349071,310696,-2.75495,52.69154,3,3,2,20:15,-1,E06000051,3,2,1,1,2,"[19, 3]",8,4,0,0,0,1,0,0,0,0,0,3,4
2024221417120,2024,221417120,346257,257862,-2.78805,52.21634,3,3,6,12:30,-1,E06000019,3,0,2,1,2,"[4, 19]",2,6,0,"[1, 0]","[9, 0]",1,0,0,0,0,0,3,1
2024221417139,2024,221417139,401467,267656,-1.97991,52.30702,2,2,7,08:30,-1,E07000236,4,0,1,1,2,19,8,2,0,1,9,0,0,1,0,0,0,2,24
2024221417187,2024,221417187,346495,310010,-2.79294,52.68513,3,3,3,08:52,-1,E06000051,3,0,1,0,2,"[19, 3]",8,4,0,0,0,1,0,0,0,0,0,3,5
2024221417203,2024,221417203,405015,268325,-1.92786,52.31301,3,3,1,15:30,-1,E07000236,6,0,1,0,1,"[7, 19]","[4, 2]","[2, 6]",0,0,0,1,1,0,0,0,0,3,3
2024221417270,2024,221417270,396166,274020,-2.05773,52.36422,3,3,4,22:10,-1,E07000234,6,2,2,1,1,"[2, 20]","[0, 7]","[0, 3]","[0, 4]",0,0,1,0,0,0,0,0,2,21
2024221417425,2024,221417425,399926,244072,-2.00249,52.09499,3,3,3,16:59,-1,E07000238,4,0,1,0,2,"[9, 19, 2]","[4, 0]","[1, 8, 0]",0,"[1, 0]","[1, 0]",1,0,0,0,0,0,3,5
2024221417560,2024,221417560,329810,330415,-3.04411,52.86662,2,2,4,19:00,-1,E06000051,4,2,1,0,1,"[9, 13]",2,"[8, 6]",0,0,0,1,1,0,0,0,0,2,21
2024221417576,2024,221417576,406099,274456,-1.91185,52.36812,3,3,2,07:59,-1,E07000234,6,0,1,2,2,"[4, 19, 14]",1,4,0,"[1, 2, 7, 0]","[0, 4, 11]",1,0,0,0,0,0,3,4
2024221417996,2024,221417996,394617,271036,-2.08043,52.33738,3,3,7,18:36,-1,E07000234,3,2,1,0,1,"[9, 19]","[6, 4]","[4, 7]",0,0,0,1,0,0,0,0,0,3,2
2024221418024,2024,221418024,336531,251439,-2.92918,52.15756,3,3,5,06:40,-1,E06000019,3,0,7,1,2,19,5,1,0,2,3,1,0,0,0,0,0,3,7
2024221418113,2024,221418113,349592,238488,-2.73636,52.04248,2,2,5,12:00,-1,E06000019,3,0,1,0,1,"[19, 13]",7,3,0,0,0,1,1,0,0,0,0,2,29
2024221418275,2024,221418275,387409,253906,-2.18557,52.18326,2,2,5,17:06,-1,E07000237,6,0,1,0,1,14,6,2,0,0,0,1,0,0,0,0,1,3,7
2024221418327,2024,221418327,340185,334908,-2.89084,52.90826,2,2,1,08:56,-1,E06000051,3,0,1,0,2,19,8,4,0,0,0,1,0,0,0,0,1,3,3
2024221418763,2024,221418763,387936,233560,-2.17714,52.00035,2,2,7,11:52,-1,E07000235,3,0,1,0,2,"[13, 5]",7,3,0,"[7, 0]","[11, 0]",1,0,0,0,0,0,3,9
2024221418827,2024,221418827,386810,267441,-2.19487,52.30493,2,"[2, 3]",7,17:17,-1,E07000238,6,0,1,0,2,19,2,6,0,7,4,1,0,0,0,0,0,3,9
2024221419182,2024,221419182,328657,327767,-3.06065,52.84267,2,2,6,07:00,-1,E06000051,6,0,1,0,1,19,7,3,10,7,11,1,0,0,0,0,1,3,8
2024221419258,2024,221419258,351545,258086,-2.71069,52.21884,2,2,3,07:20,-1,E06000019,3,0,7,1,2,19,6,4,0,7,4,0,0,0,1,0,0,3,5
2024221419285,2024,221419285,329137,329880,-3.05399,52.86172,3,3,7,23:30,-1,E06000051,4,2,1,2,1,19,8,4,10,7,11,1,0,0,0,0,0,3,2
2024221419302,2024,221419302,350835,240507,-2.71853,52.06075,3,3,2,10:15,-1,E06000019,3,0,1,0,1,"[3, 11, 4]",5,1,0,0,0,1,0,0,0,0,0,3,11
2024221419334,2024,221419334,327334,295663,-3.07319,52.55394,2,2,2,07:00,-1,E06000051,3,0,7,2,2,"[13, 19]","[1, 6]","[6, 1]",0,0,0,1,0,0,0,0,0,3,4
2024221419347,2024,221419347,351241,238321,-2.7123,52.04113,3,3,5,10:00,-1,E06000019,6,0,1,0,1,"[1, 19]",3,7,0,0,0,1,0,0,0,0,0,3,7
2024221419472,2024,221419472,376748,285043,-2.34366,52.46283,3,3,6,18:29,-1,E06000051,3,2,1,0,2,"[2, 19, 9]","[0, 5, 1]","[0, 1, 7]","[0, 4]","[0, 7]",0,1,0,0,0,0,0,3,8
2024221419499,2024,221419499,369387,308839,-2.4542,52.67638,3,3,6,13:00,-1,E06000020,6,0,1,0,2,"[19, 4]",4,7,0,0,0,1,0,0,0,0,0,3,1
2024221419633,2024,221419633,367797,289924,-2.47587,52.50625,2,2,6,09:37,-1,E06000051,4,0,1,1,2,19,6,4,0,1,11,0,0,1,0,0,0,3,8