collision_index,collision_year,collision_ref_no,location_easting_osgr,location_northing_osgr,longitude,latitude,casualty_severity,casualty_severity,day_of_week,time,local_authority_district,local_authority_ons_district,first_road_class,light_conditions,weather_conditions,road_surface_conditions,urban_or_rural_area,vehicle_manoeuvre,vehicle_direction_from,vehicle_direction_to,hit_object_in_carriageway,vehicle_leaving_carriageway,hit_object_off_carriageway,is_car,is_cyle,is_mcyle,is_goodsv,is_other,is_pedestrian,month,day
2024221434661,2024,221434661,384945,259193,-2.22185,52.23073,3,3,6,11:43,-1,E07000237,3,0,1,0,2,"[5, 9]","[4, 1]","[1, 6]",0,0,0,1,1,0,0,0,0,4,19
2024221434703,2024,221434703,350689,241061,-2.72074,52.06571,3,3,2,14:08,-1,E06000019,3,0,1,0,1,"[4, 19]",4,8,0,0,0,1,0,0,0,0,0,4,22
2024221434997,2024,221434997,369412,304525,-2.45343,52.6376,3,3,6,19:40,-1,E06000020,6,0,1,0,1,"[19, 9]","[1, 3]","[5, 1]",0,0,0,1,0,0,0,0,0,4,19
2024221435024,2024,221435024,363480,313072,-2.54204,52.71407,3,3,7,12:28,-1,E06000020,4,0,1,0,1,"[9, 13]",6,"[5, 2]",0,0,0,1,1,0,0,0,0,4,20
2024221435106,2024,221435106,333319,331828,-2.99228,52.87976,3,3,4,08:45,-1,E06000051,3,0,1,0,2,"[19, 9]",6,"[2, 4]",0,0,0,1,0,0,0,0,0,4,17
2024221435166,2024,221435166,404236,268610,-1.93928,52.31558,1,"[2, 3, 1]",3,14:30,-1,E07000236,3,0,1,0,2,"[4, 7]","[8, 6]","[4, 8]",0,"[0, 7]",0,1,0,0,0,0,0,4,23
2024221435446,2024,221435446,394991,269514,-2.07492,52.3237,3,3,2,13:05,-1,E07000234,4,0,4,0,1,"[19, 2]","[6, 0]","[2, 0]","[4, 0]","[1, 0]","[2, 0]",1,0,0,0,0,0,4,15
2024221435485,2024,221435485,394391,248874,-2.08337,52.13813,3,3,3,17:30,-1,E07000238,3,0,1,0,2,"[19, 6]","[8, 4]",4,0,0,0,1,0,0,0,0,0,4,23
2024221435531,2024,221435531,386481,241375,-2.19864,52.07058,2,2,5,18:04,-1,E07000235,3,0,1,1,2,7,4,6,10,0,0,0,0,1,0,0,0,4,18
2024221435543,2024,221435543,405417,266479,-1.92199,52.29641,2,"[3, 2]",1,18:15,-1,E07000236,6,0,1,0,1,"[13, 9]","[8, 4]","[4, 2]","[10, 0]","[1, 0]",0,1,0,0,0,0,0,4,14
2024221435596,2024,221435596,408194,277694,-1.881,52.3972,3,3,2,08:30,-1,E07000234,6,0,1,0,1,"[9, 19]","[3, 8]","[8, 6]",0,0,0,1,0,0,0,0,0,4,22
2024221435640,2024,221435640,364473,246533,-2.52025,52.11597,3,3,5,16:57,-1,E06000019,3,0,2,1,2,19,2,6,0,7,9,1,0,0,0,0,0,4,18
2024221435704,2024,221435704,406684,266134,-1.90342,52.2933,3,3,5,17:18,-1,E07000236,4,0,1,0,2,"[13, 19]",1,5,0,0,0,1,1,0,0,0,0,4,25
2024221435856,2024,221435856,347925,299872,-2.77019,52.59414,3,3,4,09:06,-1,E06000051,3,0,2,1,2,19,6,2,0,1,11,1,0,0,0,0,0,4,10
2024221435876,2024,221435876,351534,315243,-2.71918,52.73264,3,3,6,21:05,-1,E06000051,6,2,1,0,1,19,5,2,0,0,0,1,0,0,0,0,1,4,12
2024221435908,2024,221435908,339872,317955,-2.89236,52.75584,2,"[2, 3]",2,22:45,-1,E06000051,3,2,1,0,2,"[19, 2]","[8, 0]","[4, 0]","[4, 0]",0,0,1,0,0,0,0,0,4,15
2024221435934,2024,221435934,350345,311815,-2.73627,52.70172,3,3,5,15:35,-1,E06000051,3,0,1,0,1,"[4, 19]",5,1,0,0,0,1,0,0,0,0,0,4,25
2024221435950,2024,221435950,400829,276032,-1.98925,52.38232,2,2,1,11:30,-1,E07000234,6,0,1,0,1,9,7,4,0,0,0,0,0,0,1,0,1,4,21
2024221436044,2024,221436044,351088,315160,-2.72577,52.73185,2,2,5,15:45,-1,E06000051,6,0,1,0,1,19,2,5,0,0,0,1,0,0,0,0,1,4,18
2024221436100,2024,221436100,349796,312444,-2.74449,52.70732,3,3,7,19:46,-1,E06000051,6,2,1,0,1,"[19, 9]","[3, 7]","[7, 5]",0,0,0,1,0,1,0,0,0,3,23
2024221436251,2024,221436251,385766,277416,-2.2106,52.39458,2,2,6,20:30,-1,E07000239,3,0,1,0,2,19,2,7,10,1,0,0,0,1,0,0,0,4,26
2024221436263,2024,221436263,352175,240591,-2.699,52.06162,2,2,7,01:40,-1,E06000019,6,2,1,0,1,19,"[8, 4]","[4, 8]",0,0,0,1,0,1,0,0,0,4,27
2024221436577,2024,221436577,356409,257484,-2.63942,52.21384,2,2,1,02:30,-1,E06000019,3,2,2,1,2,19,3,7,0,1,4,1,0,0,0,0,0,4,28
2024221436875,2024,221436875,349398,312331,-2.75036,52.70627,2,2,2,12:20,-1,E06000051,3,0,1,0,1,19,8,3,0,0,0,0,0,0,1,0,1,4,22
2024221436934,2024,221436934,362348,330517,-2.56081,52.8708,2,2,6,13:20,-1,E06000051,6,0,1,0,2,"[19, 13]","[6, 2]","[2, 6]",0,"[0, 1]","[0, 10]",1,0,0,0,1,0,4,19
2024221437262,2024,221437262,332528,322687,-3.00214,52.79751,3,3,7,16:40,-1,E06000051,6,0,1,1,2,"[4, 19]",8,4,0,0,0,1,0,0,0,0,0,4,27
2024221437315,2024,221437315,404494,268105,-1.9355,52.31104,2,"[2, 3]",7,09:20,-1,E07000236,3,0,1,0,1,"[9, 19]","[6, 4]","[4, 8]","[0, 10]","[0, 4]","[0, 6]",1,0,0,0,0,0,4,27
2024221437483,2024,221437483,389423,256823,-2.15621,52.20952,1,"[2, 3, 1]",2,22:29,-1,E07000238,3,2,1,0,2,19,"[4, 1]","[1, 4]",0,"[1, 0]","[9, 0]",1,0,0,0,0,0,4,29
2024221437548,2024,221437548,378813,295596,-2.31394,52.55778,2,2,7,08:55,-1,E06000051,3,0,1,0,2,"[4, 14, 19]",3,7,0,0,0,0,0,1,0,0,0,4,20
2024221437558,2024,221437558,366822,311775,-2.49244,52.70262,2,2,3,15:08,-1,E06000020,6,0,1,0,1,19,3,6,0,0,0,1,0,0,0,0,1,4,30
2024221437688,2024,221437688,377157,271185,-2.33669,52.33827,2,2,5,15:10,-1,E07000239,6,0,1,0,2,19,"[2, 8]","[8, 2]",0,"[1, 0]","[9, 0]",1,0,1,0,0,0,4,25
2024221437707,2024,221437707,400278,270870,-1.99734,52.33591,3,3,7,15:54,-1,E07000234,6,0,1,0,2,"[4, 10, 19]",6,"[2, 4]",0,0,0,1,0,0,0,0,0,4,27
2024221437862,2024,221437862,378652,247854,-2.31327,52.12858,2,2,4,10:53,-1,E07000235,3,0,1,0,1,"[9, 19]","[6, 2]","[4, 6]",0,0,0,1,0,0,0,0,0,5,1
2024221437952,2024,221437952,391852,235634,-2.12015,52.01907,2,"[2, 3]",4,13:14,-1,E07000238,1,0,1,0,2,19,1,5,0,1,9,1,0,0,0,0,0,5,1
2024221438109,2024,221438109,380289,254530,-2.28974,52.18866,2,2,4,23:58,-1,E07000235,3,2,1,0,2,19,2,8,10,7,0,1,0,0,0,0,0,5,1
2024221438120,2024,221438120,379775,280743,-2.29885,52.4243,2,2,4,11:29,-1,E07000239,3,0,1,0,2,19,8,4,10,0,0,0,0,1,0,0,0,5,1
2024221438177,2024,221438177,395708,272915,-2.06444,52.35428,3,3,5,15:17,-1,E07000234,1,0,1,0,2,"[19, 12]",8,2,0,"[1, 0]",0,1,0,0,1,0,0,4,25
2024221438233,2024,221438233,378677,245745,-2.31277,52.10962,2,2,5,10:01,-1,E07000235,4,0,1,1,1,"[2, 19]","[0, 5]","[0, 1]","[0, 4]",0,0,1,0,0,0,0,0,5,2
2024221438272,2024,221438272,379654,270263,-2.29999,52.33008,3,3,3,10:09,-1,E07000239,3,0,1,0,1,"[10, 19]",6,"[4, 2]",0,0,0,1,0,0,0,0,0,4,30
2024221438387,2024,221438387,360751,225530,-2.57219,51.92689,3,3,6,14:16,-1,E06000019,3,0,1,0,2,"[19, 9]",1,"[4, 6]",0,0,0,1,0,1,0,0,0,4,26
2024221438407,2024,221438407,331309,248264,-3.00486,52.1284,3,3,7,16:15,-1,E06000019,3,0,2,1,2,4,8,4,0,7,9,1,0,0,0,0,0,4,27
2024221438651,2024,221438651,332077,336284,-3.01166,52.91966,2,2,4,18:19,-1,E06000051,6,0,1,0,2,19,"[1, 4]","[4, 1]",0,0,0,1,0,0,0,0,0,4,24
2024221438682,2024,221438682,372237,309241,-2.41209,52.68015,3,3,3,07:10,-1,E06000020,1,0,1,0,1,12,7,3,0,2,7,1,0,0,0,0,0,4,23
2024221438809,2024,221438809,370237,313627,-2.44207,52.71947,2,2,2,22:00,-1,E06000020,6,2,1,0,1,19,"[6, 4]","[2, 8]",0,0,0,1,1,0,0,0,0,4,15
2024221438940,2024,221438940,350951,251043,-2.71836,52.15547,2,2,6,18:40,-1,E06000019,3,0,2,0,2,19,"[8, 6]","[6, 8]",0,0,0,1,0,0,0,0,0,5,3
2024221439216,2024,221439216,380578,246813,-2.28507,52.11929,3,3,6,16:20,-1,E07000235,6,0,1,1,2,"[19, 2]","[8, 0]","[6, 0]","[10, 0, 4]","[1, 0, 8]","[9, 0]",1,0,0,0,0,1,5,3
2024221439255,2024,221439255,376812,240537,-2.33964,52.06272,3,3,1,00:49,-1,E07000235,3,2,1,0,2,19,6,2,0,1,0,1,0,0,0,0,0,5,5
2024221439635,2024,221439635,356639,308680,-2.64272,52.67408,2,2,2,13:36,-1,E06000051,4,0,1,0,2,"[5, 19]",8,4,0,0,0,1,0,1,0,0,0,5,6
2024221439760,2024,221439760,360090,268287,-2.58683,52.31123,3,3,6,17:32,-1,E07000235,4,0,1,1,2,19,"[6, 5]","[5, 6]",0,"[1, 0]","[4, 0]",1,0,0,0,0,0,5,3
2024221439765,2024,221439765,391618,263081,-2.12424,52.26582,2,2,1,13:31,-1,E07000238,4,0,1,0,2,"[9, 13]","[1, 3]",7,0,0,0,1,0,1,0,0,0,5,5
2024221439775,2024,221439775,370018,265588,-2.44097,52.2876,2,"[3, 2]",1,14:20,-1,E07000235,4,0,1,0,2,19,"[6, 2]","[2, 6]",0,0,0,1,0,0,0,0,0,5,5
2024221439794,2024,221439794,390695,259673,-2.13767,52.23517,3,3,3,01:00,-1,E07000238,1,2,1,0,2,19,4,8,0,0,0,1,0,0,0,0,0,5,7
2024221439809,2024,221439809,349583,259295,-2.73958,52.22953,3,3,5,15:50,-1,E06000019,3,0,1,0,1,7,3,5,0,0,0,1,0,0,0,0,1,5,2
2024221439844,2024,221439844,389847,253870,-2.14991,52.18298,3,3,3,09:00,-1,E07000238,3,0,1,0,2,"[10, 19]",3,"[8, 7]",0,0,0,1,0,0,0,0,0,5,7
2024221439859,2024,221439859,404782,243231,-1.93162,52.08741,3,3,6,22:15,-1,E07000238,6,2,1,0,1,"[19, 9]","[4, 6]","[8, 4]",0,0,0,1,0,1,0,0,0,5,3
2024221439904,2024,221439904,399753,236432,-2.00501,52.0263,1,1,3,05:59,-1,E07000238,3,0,1,1,2,19,2,6,0,0,0,0,0,0,1,0,1,5,7
2024221439936,2024,221439936,349669,222046,-2.73282,51.89468,3,3,2,07:12,-1,E06000019,3,0,1,0,2,"[5, 19]","[6, 1]","[2, 5]",0,0,0,1,0,0,0,0,0,4,29
2024221439971,2024,221439971,377844,250766,-2.32526,52.15472,2,"[2, 3]",1,12:50,-1,E07000235,3,0,1,0,2,"[2, 19]","[0, 6]","[0, 2]","[0, 4]",0,0,1,0,0,0,0,0,5,5
2024221439991,2024,221439991,350451,236525,-2.72355,52.02492,3,3,2,09:55,-1,E06000019,3,0,4,0,2,"[19, 2]","[6, 0]","[2, 0]","[4, 0]",0,0,1,0,0,0,0,0,4,29
2024221440130,2024,221440130,384716,263739,-2.22541,52.27159,2,2,6,18:15,-1,E07000238,3,0,2,1,2,"[9, 19]","[7, 3]","[5, 7]",0,"[0, 1]","[0, 11]",1,0,0,0,0,0,5,3
2024221440144,2024,221440144,381580,272815,-2.27186,52.35309,3,3,3,15:44,-1,E07000239,3,0,1,0,2,"[19, 7]","[2, 3]",6,0,"[7, 0]","[11, 0]",1,0,0,0,0,0,5,7
2024221440189,2024,221440189,380413,248262,-2.28757,52.13231,3,3,4,07:30,-1,E07000235,6,0,1,0,2,"[2, 5]","[0, 4]","[0, 6]",0,0,0,1,0,0,0,0,1,5,8
2024221440220,2024,221440220,405612,277024,-1.91896,52.39121,3,3,3,21:10,-1,E07000234,6,0,1,0,2,-1,8,"[3, 4]",0,"[0, 7]","[0, 4]",1,0,0,0,0,0,5,7
2024221440328,2024,221440328,333719,290749,-2.97805,52.51058,2,2,2,12:34,-1,E06000051,3,0,1,0,2,19,"[1, 3]","[3, 1]",0,0,0,1,0,1,0,0,0,5,6
2024221440350,2024,221440350,382887,254705,-2.25175,52.19032,2,2,4,10:11,-1,E07000237,6,0,1,0,1,19,"[6, 1]","[1, 6]",0,0,0,1,0,1,0,0,0,5,8
2024221440605,2024,221440605,409281,270559,-1.86522,52.33304,3,3,7,11:50,-1,E07000234,4,0,1,0,2,"[19, 9]","[6, 1]","[2, 6]",0,0,0,1,0,0,0,0,0,5,4
2024221440721,2024,221440721,407850,268229,-1.88628,52.31212,3,3,4,16:35,-1,E07000236,6,0,1,0,1,"[3, 19]",8,3,0,0,0,1,0,0,0,0,0,5,8
2024221440934,2024,221440934,406042,245495,-1.91319,52.10775,3,3,4,17:41,-1,E07000238,4,0,1,0,2,19,"[6, 4]","[2, 8]",0,"[0, 1]","[0, 1]",1,0,0,1,0,0,5,8
2024221441013,2024,221441013,395453,270102,-2.06815,52.32899,3,3,3,16:24,-1,E07000234,4,0,1,0,1,"[19, 4]",6,2,0,"[0, 1]",0,1,0,0,0,0,0,5,7
2024221441149,2024,221441149,351863,240666,-2.70356,52.06227,3,3,6,11:10,-1,E06000019,6,0,1,0,1,"[2, 19]","[0, 4]","[0, 8]","[0, 4]",0,0,1,0,0,0,0,0,5,10
2024221441215,2024,221441215,387834,252190,-2.17929,52.16784,3,3,6,10:17,-1,E07000238,4,0,1,0,2,"[4, 19]",4,8,0,0,0,1,0,0,0,0,0,5,10
2024221441244,2024,221441244,374939,306941,-2.37195,52.65961,3,3,5,07:48,-1,E06000051,6,0,1,0,2,19,1,5,0,0,0,1,0,0,0,0,1,5,2
2024221441371,2024,221441371,378585,263979,-2.31527,52.27354,3,3,3,13:00,-1,E07000235,3,0,1,0,2,"[19, 9]","[4, 8]","[8, 4, 6]",0,0,0,1,0,0,0,0,0,4,30
2024221441609,2024,221441609,379284,307690,-2.30776,52.66652,2,2,7,14:00,-1,E06000051,3,0,1,0,2,"[9, 19]","[7, 4]","[4, 1]",0,0,0,1,0,0,0,0,0,5,11
2024221441615,2024,221441615,379439,307438,-2.30545,52.66426,3,3,7,15:43,-1,E06000051,3,0,1,0,2,"[4, 19]","[4, 8]","[8, 4]",0,"[0, 1]",0,1,0,0,0,0,0,5,11
2024221441771,2024,221441771,388368,259495,-2.17174,52.23352,3,3,1,11:10,-1,E07000238,3,0,1,0,2,"[13, 4]","[4, 6]","[8, 2]",0,0,0,1,0,0,0,0,0,5,12
2024221441803,2024,221441803,385919,254489,-2.20739,52.18846,3,3,1,13:10,-1,E07000237,4,0,1,0,1,19,"[8, 4]","[4, 8]",0,0,0,1,1,0,0,0,0,5,12
2024221441872,2024,221441872,373820,273992,-2.38589,52.36335,3,3,1,13:30,-1,E07000239,3,0,1,0,2,19,"[6, 4]","[4, 6]",0,0,0,1,0,0,0,0,0,5,12
2024221441968,2024,221441968,391978,265184,-2.11902,52.28474,3,3,1,22:40,-1,E07000238,1,2,1,1,2,"[19, 13]",1,5,0,0,0,1,0,0,1,0,0,5,12
2024221442063,2024,221442063,352416,266385,-2.69911,52.29352,2,"[3, 2]",5,06:25,-1,E06000019,3,0,1,0,2,"[13, 19]","[6, 2]","[2, 6]",0,"[0, 7]","[0, 4]",1,0,1,1,0,0,5,9
2024221442088,2024,221442088,328970,329655,-3.05642,52.85968,3,3,6,09:00,-1,E06000051,4,0,1,0,1,9,3,8,0,0,0,1,0,0,0,0,1,5,10
2024221442240,2024,221442240,349367,240631,-2.73996,52.06173,3,3,7,13:57,-1,E06000019,6,0,1,0,1,19,"[4, 6]","[8, 2]",0,0,0,1,1,0,0,0,0,5,11
2024221442271,2024,221442271,354622,251295,-2.66474,52.15805,2,"[3, 2]",2,10:36,-1,E06000019,3,0,1,0,2,19,"[7, 3]","[3, 7]",0,"[0, 7]",0,1,0,0,0,0,0,5,13
2024221442288,2024,221442288,383037,275584,-2.25061,52.37803,3,3,5,16:48,-1,E07000239,3,0,1,1,1,"[6, 19]",5,"[5, 1]",0,0,0,1,0,0,0,0,0,2,8
2024221442335,2024,221442335,391705,281074,-2.12342,52.42758,3,3,2,16:44,-1,E07000234,3,0,1,0,1,"[9, 19]","[6, 2]","[5, 6]",0,0,0,1,0,0,0,0,0,5,13
2024221442412,2024,221442412,367271,226727,-2.47749,51.93808,3,3,2,19:34,-1,E06000019,1,2,2,1,2,19,2,6,0,0,0,1,0,0,0,0,0,5,13
2024221442488,2024,221442488,350368,325568,-2.73801,52.82534,3,3,3,15:51,-1,E06000051,4,0,1,0,2,"[19, 4]",2,5,0,0,0,0,0,0,1,0,0,5,7
2024221442506,2024,221442506,411611,237261,-1.83216,52.03364,3,3,7,16:29,-1,E07000238,3,0,1,0,2,19,"[7, 2]","[5, 6]",0,"[0, 3]",0,1,0,0,0,0,0,5,11
2024221442520,2024,221442520,351473,264724,-2.7127,52.27851,2,"[3, 2]",6,14:20,-1,E06000019,3,0,1,0,2,"[7, 19]","[7, 5]",2,0,0,0,1,0,0,1,0,0,5,10
2024221442524,2024,221442524,384242,278115,-2.23303,52.40082,3,3,5,07:24,-1,E07000239,3,0,1,0,1,"[6, 14]",2,"[2, 6]",0,0,0,1,0,1,0,0,0,5,9
2024221442558,2024,221442558,354744,268323,-2.66524,52.31114,3,3,1,11:43,-1,E06000019,3,0,1,0,2,19,"[3, 5]","[5, 3]",0,0,0,1,0,0,0,0,0,5,12
2024221442650,2024,221442650,348438,265892,-2.75736,52.28873,3,3,3,15:50,-1,E06000019,4,0,1,0,2,"[9, 19]","[4, 1]","[1, 6]",0,0,0,1,1,0,0,0,0,5,7
2024221442666,2024,221442666,387601,268912,-2.18332,52.31817,3,3,3,08:30,-1,E07000238,6,0,1,1,2,19,"[6, 4]","[4, 6]",0,0,0,1,0,0,0,0,0,5,14
2024221443003,2024,221443003,368414,312541,-2.46895,52.7096,3,3,2,10:45,-1,E06000020,3,0,1,0,2,"[9, 19]",8,"[7, 4]",0,0,0,1,0,0,0,0,0,5,13
2024221443023,2024,221443023,355663,218378,-2.64525,51.86221,2,"[3, 2]",2,12:23,-1,E06000019,3,0,2,1,2,19,"[2, 6]","[6, 2]",0,"[4, 0]","[6, 0]",1,0,0,0,1,0,5,13
2024221443042,2024,221443042,356775,313450,-2.64133,52.71697,3,3,1,17:00,-1,E06000051,6,0,1,0,2,19,"[5, 3]","[1, 7]",0,"[0, 1]","[0, 4]",1,0,0,0,0,0,4,14
2024221443049,2024,221443049,368705,310752,-2.46447,52.69354,3,3,6,15:50,-1,E06000020,4,0,1,0,2,"[3, 19]",5,1,"[10, 0]","[1, 0]",0,1,0,1,0,0,0,5,10
2024221443112,2024,221443112,368418,312553,-2.46889,52.70971,3,3,2,16:46,-1,E06000020,3,0,1,0,2,"[7, 19]",2,"[4, 6]",0,0,0,1,1,0,0,0,0,5,6
2024221443121,2024,221443121,373663,340966,-2.39357,52.9654,3,3,7,12:58,-1,E06000051,3,0,1,0,2,"[19, 9]","[8, 3]","[4, 8]",0,0,0,1,0,0,0,0,0,4,20
2024221443219,2024,221443219,373645,341006,-2.39384,52.96576,2,2,4,22:15,-1,E06000051,3,2,1,0,2,19,4,8,10,1,10,1,0,0,0,0,0,5,8
2024221443279,2024,221443279,357684,309471,-2.62736,52.68127,3,3,5,07:32,-1,E06000051,4,0,1,0,2,"[9, 19]","[7, 2]","[6, 7]",0,0,0,1,0,0,0,0,0,5,9
2024221443312,2024,221443312,372643,309051,-2.40607,52.67846,3,3,7,21:10,-1,E06000051,3,0,1,0,2,"[9, 12]",1,7,0,0,0,1,0,0,0,0,0,5,11
2024221443347,2024,221443347,392387,281334,-2.11339,52.42993,2,2,4,13:52,-1,E07000234,3,0,1,0,2,"[1, 19]","[3, 7]","[7, 3]",0,0,0,0,1,0,1,0,0,5,15
2024221443539,2024,221443539,353788,324622,-2.68713,52.81714,3,3,3,10:42,-1,E06000051,3,0,1,0,2,19,"[6, 1]","[1, 6]",0,0,0,0,0,0,1,0,0,5,14
2024221443597,2024,221443597,327337,322033,-3.07897,52.79095,3,3,5,17:13,-1,E06000051,3,0,1,0,2,"[19, 4, 3]","[6, 1]","[2, 5]",0,0,0,1,0,0,0,0,0,5,9
2024221443640,2024,221443640,403104,274838,-1.95583,52.37158,3,3,6,13:10,-1,E07000234,3,0,1,0,2,"[4, 19]",5,"[3, 1]",0,0,0,1,0,0,0,0,0,5,10
2024221443731,2024,221443731,380634,277669,-2.28604,52.39669,2,2,1,09:15,-1,E07000239,6,0,1,0,2,"[14, 19]","[4, 8]","[8, 4]",0,0,0,1,1,0,0,0,0,5,5
2024221444114,2024,221444114,351156,315664,-2.72484,52.73639,3,3,4,12:06,-1,E06000051,3,0,1,0,1,5,6,2,0,0,0,1,0,0,0,0,0,5,15
2024221444845,2024,221444845,349464,221919,-2.73578,51.89352,3,3,1,15:04,-1,E06000019,4,0,1,0,2,"[19, 9]","[6, 8]","[2, 4]",0,"[7, 0]",0,1,0,0,0,0,0,5,19
2024221444950,2024,221444950,369208,304637,-2.45646,52.6386,3,3,7,12:30,-1,E06000020,6,0,1,0,1,4,3,7,0,0,0,1,0,0,0,0,1,5,11
2024221444990,2024,221444990,350452,314661,-2.73511,52.72731,3,3,1,18:00,-1,E06000051,3,0,1,0,1,"[7, 19]","[4, 2]",6,0,0,0,1,1,0,0,0,0,5,19
2024221445026,2024,221445026,357984,257391,-2.61636,52.21312,1,1,7,00:38,-1,E06000019,3,2,1,0,2,19,3,7,0,"[8, 0]","[4, 0]",1,0,0,0,0,0,5,18
2024221445045,2024,221445045,353127,239750,-2.685,52.05414,3,3,4,08:30,-1,E06000019,6,0,1,0,1,19,8,4,0,0,0,1,0,0,0,0,1,5,15
2024221445102,2024,221445102,332556,240544,-2.98512,52.05915,3,3,6,09:05,-1,E06000019,6,0,1,0,2,"[1, 3]","[4, 8]","[8, 4]",0,0,0,1,1,0,0,0,0,5,17
2024221445147,2024,221445147,400883,241638,-1.98853,52.07311,3,3,3,08:30,-1,E07000238,6,0,1,0,2,5,1,5,0,1,10,1,0,0,0,0,0,5,14
2024221445160,2024,221445160,350255,236142,-2.72635,52.02145,3,3,2,14:51,-1,E06000019,3,0,2,1,2,"[10, 19]",2,"[8, 6]",0,0,0,1,0,0,0,0,0,5,13
2024221445254,2024,221445254,368852,264048,-2.45792,52.27369,2,2,1,12:10,-1,E06000019,4,0,1,0,2,19,5,2,0,0,0,0,0,1,0,0,0,5,19
2024221445312,2024,221445312,394381,280214,-2.08405,52.41989,3,3,2,21:54,-1,E07000234,6,2,1,0,2,19,4,8,0,1,4,1,0,0,0,0,0,5,20
2024221445360,2024,221445360,349441,312311,-2.74972,52.70609,3,3,2,14:40,-1,E06000051,3,0,1,0,1,"[6, 14]",2,"[2, 8]",0,0,0,1,1,0,0,0,0,5,20
2024221445372,2024,221445372,367524,311038,-2.48198,52.69604,3,3,1,19:31,-1,E06000020,4,0,1,0,1,"[4, 19]",7,"[8, 3]",0,0,0,1,0,1,0,0,0,5,19
2024221445541,2024,221445541,393199,258509,-2.10098,52.22474,3,3,2,17:21,-1,E07000238,6,0,1,0,2,19,4,8,0,1,3,1,0,0,0,0,0,5,20
2024221445627,2024,221445627,398937,277297,-2.01705,52.39369,3,3,6,14:25,-1,E07000234,6,0,1,0,1,"[2, 1]","[0, 1]","[0, 3]","[0, 4]",0,0,1,0,0,0,0,0,5,17
2024221445887,2024,221445887,404900,264828,-1.9296,52.28157,3,3,2,11:09,-1,E07000236,3,0,1,0,2,"[19, 3]",6,2,0,0,0,1,0,0,0,0,0,5,20
2024221445900,2024,221445900,330122,332221,-3.03986,52.88289,2,"[3, 2]",7,15:05,-1,E06000051,4,0,1,0,2,"[9, 19]","[5, 2]","[2, 5]",0,"[0, 1]","[0, 10]",1,0,0,0,0,0,5,18
2024221445955,2024,221445955,341339,257656,-2.85999,52.21398,3,3,1,14:52,-1,E06000019,3,0,1,0,2,19,2,6,0,3,1,1,0,0,0,0,0,5,12
2024221446074,2024,221446074,388176,267051,-2.17482,52.30145,2,2,4,08:10,-1,E07000238,3,0,2,1,2,19,"[1, 5]","[5, 1]",0,"[0, 1]",0,1,0,0,0,0,0,5,22
2024221446283,2024,221446283,330685,330785,-3.03119,52.87006,3,3,5,17:05,-1,E06000051,3,0,2,1,2,"[19, 9]","[7, 8, 3]","[3, 7]",0,0,0,1,0,0,0,0,0,5,16
2024221446598,2024,221446598,376949,283790,-2.34061,52.45158,2,2,3,16:50,-1,E06000051,3,0,1,0,2,"[19, 4]",8,4,0,0,0,0,0,1,0,1,0,5,21
2024221446977,2024,221446977,367395,334422,-2.48622,52.90623,3,3,6,09:50,-1,E06000051,3,0,1,0,1,"[19, 9]","[2, 6]","[6, 4]",0,0,0,1,0,0,0,0,0,2,9
2024221447119,2024,221447119,364163,296439,-2.53012,52.56459,3,3,7,06:24,-1,E06000051,3,0,1,0,2,19,4,8,0,8,10,1,0,0,0,0,0,5,18
2024221447137,2024,221447137,366849,294431,-2.49029,52.54671,3,3,4,17:06,-1,E06000051,3,0,1,0,2,19,"[8, 4]","[4, 8]",0,0,0,1,0,0,0,0,0,5,15
2024221447155,2024,221447155,380020,270527,-2.29463,52.33246,3,3,7,21:37,-1,E07000239,3,2,1,0,1,"[19, 9]","[2, 6]","[6, 4]",0,"[1, 0]","[10, 0]",1,0,0,0,0,0,5,18
2024221447173,2024,221447173,404740,267608,-1.9319,52.30657,3,3,4,16:05,-1,E07000236,6,0,2,1,1,"[2, 19]","[0, 2]","[0, 6]","[0, 8]",0,0,1,0,0,0,0,1,5,22
2024221447181,2024,221447181,366248,247332,-2.49441,52.12326,3,3,1,16:21,-1,E06000019,4,0,1,0,2,"[9, 19]","[3, 1]","[1, 5]",0,0,0,1,0,1,0,0,0,5,19
2024221447213,2024,221447213,364918,318990,-2.52139,52.76736,3,3,1,15:30,-1,E06000020,4,0,1,0,2,19,6,2,0,1,3,1,0,0,0,0,0,5,19
2024221447220,2024,221447220,379296,301388,-2.30718,52.60987,3,3,4,07:53,-1,E06000051,6,0,2,1,2,19,"[1, 6]","[6, 1]",0,"[7, 0]","[10, 0]",1,0,0,0,0,0,5,22
2024221447230,2024,221447230,349938,238559,-2.73133,52.04315,3,3,4,15:35,-1,E06000019,6,0,1,0,1,"[19, 1]","[2, 8]","[6, 2]",0,0,0,1,1,0,0,0,0,5,15
2024221447531,2024,221447531,378184,265067,-2.32122,52.28331,3,3,5,23:06,-1,E07000235,6,2,1,0,2,19,3,8,0,2,0,1,0,0,0,0,0,5,23
2024221447714,2024,221447714,330070,332540,-3.0407,52.88575,3,3,6,13:33,-1,E06000051,3,0,1,0,2,"[4, 19]",1,5,0,0,0,1,0,0,0,0,0,5,17
2024221447998,2024,221447998,378339,250805,-2.31803,52.15509,3,3,7,07:45,-1,E07000235,3,0,1,0,2,"[19, 9]","[2, 4]","[7, 2]",0,0,0,1,0,0,0,0,0,5,25
2024221448842,2024,221448842,360181,256886,-2.58414,52.20875,2,2,7,17:32,-1,E06000019,3,0,1,0,2,"[19, 9]","[7, 3]","[3, 1]",0,0,0,1,0,1,0,0,0,5,25