collision_index,collision_year,collision_ref_no,location_easting_osgr,location_northing_osgr,longitude,latitude,casualty_severity,casualty_severity,day_of_week,time,local_authority_district,local_authority_ons_district,first_road_class,light_conditions,weather_conditions,road_surface_conditions,urban_or_rural_area,vehicle_manoeuvre,vehicle_direction_from,vehicle_direction_to,hit_object_in_carriageway,vehicle_leaving_carriageway,hit_object_off_carriageway,is_car,is_cyle,is_mcyle,is_goodsv,is_other,is_pedestrian,month,day
2024221524231,2024,221524231,350699,239911,-2.72043,52.05538,3,3,5,18:34,-1,E06000019,3,2,1,1,1,"[19, 4]",1,5,0,0,0,1,0,0,0,0,0,11,28
2024221524293,2024,221524293,345545,293689,-2.8043,52.53832,3,3,3,15:00,-1,E06000051,4,0,1,0,2,7,3,4,0,0,0,1,0,0,0,0,1,10,15
2024221524669,2024,221524669,385779,254155,-2.20942,52.18546,3,3,1,17:20,-1,E07000237,3,2,1,0,1,"[4, 3]",7,3,0,0,0,1,0,0,0,0,0,12,1
2024221524802,2024,221524802,397396,275954,-2.03968,52.38161,3,3,4,18:24,-1,E07000234,3,2,1,1,2,19,2,6,0,1,0,1,0,0,0,0,0,11,27
2024221524819,2024,221524819,399680,279265,-2.00613,52.41139,2,2,2,12:21,-1,E07000234,6,0,1,0,2,19,"[8, 4]","[4, 8]",0,0,0,1,0,0,0,0,0,12,2
2024221524954,2024,221524954,371844,235413,-2.41169,52.01642,3,3,5,16:30,-1,E06000019,3,0,1,1,2,"[19, 9]","[5, 7]","[1, 5]",0,0,0,1,0,0,0,0,0,11,28
2024221524982,2024,221524982,378928,246243,-2.30913,52.1141,3,3,2,18:16,-1,E07000235,4,2,2,1,1,"[5, 19]","[4, 8]","[7, 6]",0,0,0,1,1,0,0,0,0,12,2
2024221525025,2024,221525025,328700,256131,-3.04462,52.19878,3,3,2,16:33,-1,E06000019,6,0,1,1,2,19,6,2,0,1,9,1,0,0,0,0,0,11,25
2024221525075,2024,221525075,342495,317559,-2.85343,52.75257,3,3,3,09:15,-1,E06000051,6,0,1,1,2,"[19, 4]","[3, 7]","[7, 3]",0,0,0,1,0,0,0,0,0,12,3
2024221525263,2024,221525263,403317,241712,-1.95302,52.07376,3,3,7,18:56,-1,E07000238,3,2,1,0,2,"[7, 8]",3,5,0,0,0,1,0,0,0,0,0,11,30
2024221525413,2024,221525413,395362,269690,-2.06947,52.32529,3,3,4,08:52,-1,E07000234,6,0,1,0,1,19,"[3, 7]","[7, 3]",0,0,0,1,1,0,0,0,0,12,4
2024221525459,2024,221525459,370512,309218,-2.4376,52.67985,3,3,2,15:02,-1,E06000020,3,0,1,0,2,"[19, 3]",6,2,0,0,0,1,0,0,0,0,0,11,25
2024221525460,2024,221525460,351438,274845,-2.71467,52.36949,3,3,4,12:46,-1,E06000051,6,0,1,0,1,"[9, 10]","[2, 8]","[8, 6]",0,0,0,1,1,0,0,0,0,12,4
2024221525521,2024,221525521,367378,311048,-2.48414,52.69612,2,"[2, 3]",7,20:12,-1,E06000020,4,2,1,1,1,"[19, 10]",3,"[7, 1]",0,0,0,1,0,0,0,0,0,11,30
2024221525576,2024,221525576,350024,238635,-2.73008,52.04385,3,3,7,17:51,-1,E06000019,3,2,1,0,1,"[19, 3]",6,2,0,"[0, 1]",0,1,0,1,0,0,0,11,30
2024221525816,2024,221525816,370447,307775,-2.43843,52.66688,2,2,4,22:56,-1,E06000020,6,2,1,1,2,19,"[5, 1]","[1, 5]","[10, 0]",0,0,1,0,0,0,0,0,12,4
2024221525865,2024,221525865,329984,336312,-3.04279,52.91964,3,3,1,11:48,-1,E06000051,3,0,1,1,2,"[3, 5]",1,5,0,0,0,1,0,1,0,0,0,12,1
2024221525967,2024,221525967,392766,262836,-2.10742,52.26364,3,3,4,09:20,-1,E07000238,4,0,1,0,2,"[19, 3]",3,7,0,0,0,1,0,0,0,0,0,12,4
2024221526221,2024,221526221,342920,273394,-2.83952,52.35562,2,2,3,09:59,-1,E06000019,6,0,1,1,2,19,7,3,0,1,9,1,0,0,0,0,0,12,3
2024221526245,2024,221526245,373303,292266,-2.39495,52.52761,2,2,4,16:00,-1,E06000051,3,0,1,0,2,19,"[7, 3]","[3, 7]",0,0,0,1,0,0,0,0,0,12,4
2024221526363,2024,221526363,381609,270946,-2.27134,52.33629,3,3,5,18:30,-1,E07000239,6,2,2,1,1,"[3, 19]",3,7,0,0,0,1,0,0,0,0,0,12,5
2024221526374,2024,221526374,385242,254686,-2.2173,52.19021,2,2,5,18:33,-1,E07000237,6,2,2,1,1,1,7,3,0,0,0,1,0,0,0,0,1,12,5
2024221526447,2024,221526447,353279,237884,-2.68253,52.03738,3,3,6,05:50,-1,E06000019,4,2,1,1,2,19,"[5, 3]","[1, 7]",0,0,0,1,0,1,0,0,0,12,6
2024221526642,2024,221526642,343597,244531,-2.82476,52.09623,3,3,6,10:56,-1,E06000019,3,0,1,1,2,19,8,4,0,0,0,0,0,1,0,0,0,12,6
2024221526916,2024,221526916,338532,260997,-2.90167,52.24371,2,2,6,21:20,-1,E06000019,6,2,2,1,2,19,6,2,0,1,10,1,0,0,0,0,0,12,6
2024221527248,2024,221527248,355105,229477,-2.6548,51.96195,3,3,7,19:32,-1,E06000019,6,2,5,1,2,19,7,3,0,1,10,1,0,0,0,0,0,12,7
2024221527367,2024,221527367,403158,274496,-1.95504,52.3685,3,3,1,13:05,-1,E07000234,3,0,1,1,2,"[10, 4]",4,"[1, 8]",0,0,0,1,0,0,0,0,0,12,8
2024221527665,2024,221527665,404246,242455,-1.93945,52.08044,2,2,1,19:00,-1,E07000238,6,2,1,1,1,19,"[6, 2]","[2, 6]",0,0,0,1,0,0,0,0,0,12,1
2024221527702,2024,221527702,336070,314207,-2.94796,52.72172,3,3,7,10:37,-1,E06000051,4,0,5,1,2,19,8,4,10,1,9,1,0,0,0,0,0,12,7
2024221527736,2024,221527736,363837,296858,-2.53497,52.56834,2,"[3, 2]",7,17:40,-1,E06000051,3,2,5,1,2,19,4,8,11,0,0,1,0,0,0,0,0,12,7
2024221527792,2024,221527792,367687,300787,-2.47856,52.6039,2,"[3, 2]",7,13:27,-1,E06000051,4,0,5,1,2,19,"[7, 2]","[2, 7]",0,"[0, 1]",0,1,0,0,0,0,0,12,7
2024221527798,2024,221527798,366032,310822,-2.50403,52.69401,3,3,5,08:11,-1,E06000020,6,0,1,1,1,"[14, 9]","[4, 7]","[8, 4]",0,0,0,1,0,1,0,0,0,12,5
2024221527938,2024,221527938,385145,257228,-2.21883,52.21307,3,3,2,16:37,-1,E07000237,4,2,1,1,1,19,7,3,0,0,0,0,0,0,0,0,1,12,9
2024221527960,2024,221527960,394632,246381,-2.07981,52.11572,3,3,2,08:47,-1,E07000238,3,0,1,0,2,19,"[5, 8]","[2, 4]",0,0,0,1,1,0,0,0,0,12,9
2024221528330,2024,221528330,355261,219990,-2.6513,51.87667,3,3,6,09:30,-1,E06000019,3,0,1,1,2,19,1,5,0,2,10,0,0,0,1,0,0,12,6
2024221528338,2024,221528338,378532,310887,-2.31909,52.69523,3,3,6,10:55,-1,E06000051,3,0,1,1,2,19,8,4,10,1,2,0,0,0,1,0,0,12,6
2024221528536,2024,221528536,384459,260435,-2.22902,52.24188,3,3,6,19:10,-1,E07000238,3,2,2,1,2,19,1,4,0,2,0,1,0,0,0,0,0,12,6
2024221528639,2024,221528639,357890,240300,-2.61561,52.05947,2,2,6,17:21,-1,E06000019,3,2,1,1,2,19,7,3,12,0,0,1,0,0,0,0,0,11,29
2024221528740,2024,221528740,330477,255194,-3.01843,52.19059,3,3,5,17:18,-1,E06000019,3,2,2,1,2,19,8,6,0,"[7, 0, 1]","[0, 10]",1,0,0,0,0,0,12,5
2024221528849,2024,221528849,350522,310775,-2.73349,52.69239,2,2,3,18:35,-1,E06000051,6,2,1,0,1,"[19, 9]",6,"[2, 4]",0,0,0,1,1,0,0,0,0,11,26
2024221528862,2024,221528862,403995,264374,-1.94287,52.2775,3,3,4,01:15,-1,E07000236,6,0,1,0,1,19,8,5,0,0,0,1,0,0,0,0,1,12,11
2024221528920,2024,221528920,351220,310585,-2.72314,52.69074,3,3,3,17:04,-1,E06000051,3,2,1,0,2,"[19, 9]","[5, 3]",1,"[10, 0]","[7, 0]",0,1,0,0,0,0,0,12,10
2024221529032,2024,221529032,330284,329182,-3.0368,52.8556,3,3,4,14:34,-1,E06000051,6,0,1,1,1,4,8,5,10,3,10,1,0,0,0,0,0,12,4
2024221529067,2024,221529067,385509,251767,-2.21327,52.16398,3,3,5,07:53,-1,E07000237,3,0,1,0,2,"[19, 3]",3,7,0,0,0,0,0,1,0,1,0,12,12
2024221529098,2024,221529098,351884,275121,-2.70816,52.37201,3,3,6,18:04,-1,E06000051,6,2,1,1,1,"[19, 2]","[2, 0]","[6, 0]","[4, 10]","[0, 1]",0,1,0,0,0,0,0,12,6
2024221529157,2024,221529157,391104,272150,-2.13202,52.34735,2,"[2, 3]",3,19:30,-1,E07000238,3,2,1,1,2,19,"[4, 8]","[8, 4]",0,0,0,1,0,0,0,0,0,11,26
2024221529175,2024,221529175,396746,275250,-2.04922,52.37528,3,3,7,09:35,-1,E07000234,1,0,2,1,2,19,6,2,0,1,7,1,0,0,0,0,0,12,7
2024221529212,2024,221529212,380150,241010,-2.29098,52.0671,1,1,3,15:20,-1,E07000235,4,0,1,0,2,"[5, 19]","[4, 6]","[8, 2]",0,0,0,1,0,0,1,0,0,11,26
2024221529385,2024,221529385,403461,268168,-1.95066,52.31161,3,3,4,17:27,-1,E07000236,4,2,1,1,1,19,8,4,0,0,0,0,0,1,0,0,1,12,11
2024221529535,2024,221529535,330281,333433,-3.03776,52.8938,2,2,5,08:02,-1,E06000051,4,0,1,0,2,19,1,6,0,0,0,1,0,0,0,0,1,12,12
2024221529574,2024,221529574,383596,276401,-2.24244,52.38539,3,3,4,17:00,-1,E07000239,3,2,1,1,1,5,7,3,0,0,0,1,0,0,0,0,1,12,11
2024221529721,2024,221529721,348487,309832,-2.76345,52.68372,2,"[2, 3]",4,15:04,-1,E06000051,6,0,1,1,2,"[9, 19]","[3, 7]","[1, 3]",0,0,0,1,0,0,0,0,0,12,11
2024221529763,2024,221529763,378528,247832,-2.31508,52.12837,3,3,6,10:30,-1,E07000235,6,0,1,1,1,19,1,5,0,0,0,1,0,0,0,0,1,12,13
2024221529875,2024,221529875,392798,236894,-2.10639,52.03041,3,3,6,18:30,-1,E07000238,4,2,1,0,2,"[9, 19]","[7, 3]","[5, 7]",0,0,0,1,1,0,0,0,0,12,13
2024221529880,2024,221529880,383208,255424,-2.24709,52.19679,3,3,6,20:15,-1,E07000237,6,2,2,1,1,"[10, 19]",8,"[6, 4]",0,0,0,1,0,0,0,0,0,12,13
2024221529931,2024,221529931,347352,237596,-2.76888,52.03426,3,3,6,17:25,-1,E06000019,4,2,1,1,2,"[19, 10]","[6, 2]","[2, 4, 6]",0,0,0,1,0,0,0,0,0,12,13
2024221529954,2024,221529954,349299,241802,-2.74113,52.07225,2,2,6,10:30,-1,E06000019,6,0,1,1,1,19,8,4,0,0,0,0,1,0,0,0,1,12,13
2024221530051,2024,221530051,349023,234725,-2.74409,52.0086,3,3,7,11:00,-1,E06000019,6,0,1,1,2,19,"[4, 1]","[1, 4]",0,"[0, 7]","[0, 3]",1,0,0,0,0,0,12,14
2024221530203,2024,221530203,386865,254678,-2.19356,52.19018,3,3,7,19:15,-1,E07000237,6,2,1,0,1,"[4, 7]","[5, 3]","[1, 5]",0,0,0,1,0,0,0,0,0,12,14
2024221530245,2024,221530245,404690,267667,-1.93264,52.3071,2,2,6,17:31,-1,E07000236,3,2,2,1,1,19,6,2,0,7,2,1,0,0,0,0,0,12,13
2024221530549,2024,221530549,359986,243440,-2.58541,52.08785,1,"[2, 1]",2,01:00,-1,E06000019,3,2,1,0,2,19,"[2, 6]","[6, 2]",0,"[7, 1]",0,1,0,0,1,0,0,12,16
2024221530563,2024,221530563,395232,247280,-2.07106,52.12381,3,3,3,15:00,-1,E07000238,4,0,1,0,2,4,2,6,0,0,0,1,0,0,1,0,0,11,26
2024221530582,2024,221530582,367228,305872,-2.48584,52.64958,3,3,5,10:34,-1,E06000020,6,0,1,1,2,4,6,2,10,1,10,0,0,0,1,0,1,12,12
2024221530716,2024,221530716,387349,274714,-2.18724,52.37032,3,3,4,19:34,-1,E07000239,3,2,1,1,2,"[19, 9]","[1, 3]","[6, 1]",0,0,0,1,0,0,0,0,0,12,11
2024221530823,2024,221530823,384909,254758,-2.22217,52.19085,2,2,2,11:28,-1,E07000237,3,0,1,0,1,9,3,8,0,0,0,1,0,0,0,0,1,12,16
2024221530974,2024,221530974,348989,312461,-2.75643,52.7074,3,3,7,22:05,-1,E06000051,3,2,5,1,1,9,8,6,0,0,0,1,0,0,0,0,1,12,7
2024221531076,2024,221531076,367062,335281,-2.49126,52.91394,3,3,6,14:40,-1,E06000051,3,0,2,1,1,"[4, 14]","[5, 8]","[8, 5]",0,"[2, 0]","[4, 0]",1,0,0,1,0,0,12,13
2024221531271,2024,221531271,386321,256494,-2.20159,52.2065,3,3,3,13:36,-1,E07000237,6,0,1,0,1,"[19, 9]","[6, 8]","[2, 6]",0,0,0,1,0,0,0,0,0,12,17
2024221531411,2024,221531411,351348,274329,-2.71592,52.36484,3,3,3,18:12,-1,E06000051,6,2,1,0,1,9,5,3,0,0,0,1,0,0,0,0,1,12,17
2024221531571,2024,221531571,396856,272664,-2.04758,52.35203,2,2,3,17:43,-1,E07000234,3,2,1,0,1,"[3, 14, 9]","[5, 7]","[1, 5]",0,0,0,1,0,1,0,0,0,12,10
2024221531643,2024,221531643,384119,276274,-2.23475,52.38426,3,3,4,18:25,-1,E07000239,3,2,1,0,1,19,"[1, 3]","[5, 7]",0,0,0,1,1,0,0,0,0,12,4
2024221531652,2024,221531652,378597,287695,-2.31662,52.48675,2,2,7,00:07,-1,E06000051,6,2,1,0,2,19,8,5,0,1,4,1,0,0,0,0,0,8,24
2024221531863,2024,221531863,378008,246015,-2.32255,52.11202,2,2,3,15:00,-1,E07000235,4,0,1,0,1,9,3,8,0,0,0,1,0,0,0,0,1,11,26
2024221531915,2024,221531915,367599,256964,-2.4756,52.20994,2,2,1,13:05,-1,E06000019,4,0,1,0,2,"[6, 19]",5,"[5, 1]",0,0,0,1,1,0,0,0,0,12,15
2024221532094,2024,221532094,387645,256091,-2.1822,52.20291,2,2,4,15:00,-1,E07000237,4,0,1,1,1,19,2,6,0,0,0,1,1,0,0,0,0,12,18
2024221532311,2024,221532311,357161,304963,-2.63451,52.64071,2,2,7,16:30,-1,E06000051,3,2,1,1,2,"[6, 13]",7,"[7, 3]",0,0,0,1,0,0,0,0,0,11,30
2024221532395,2024,221532395,376648,271132,-2.34416,52.33777,3,3,4,12:15,-1,E07000239,6,0,1,0,2,19,"[7, 4]","[4, 7]",0,"[2, 0]",0,1,0,0,0,0,0,12,18
2024221532408,2024,221532408,349716,318015,-2.74653,52.75739,3,3,4,16:10,-1,E06000051,3,2,2,1,2,"[19, 9]","[4, 7]","[1, 4]",0,0,0,1,0,0,0,0,0,12,18
2024221532432,2024,221532432,349557,248180,-2.73831,52.12961,3,3,5,15:25,-1,E06000019,6,0,1,1,2,"[13, 19]",8,3,0,0,0,1,1,0,0,0,0,12,19
2024221532518,2024,221532518,383078,277428,-2.25011,52.39461,3,3,5,16:30,-1,E07000239,6,2,1,1,1,"[7, 19]","[4, 2]",6,0,0,0,1,1,0,0,0,0,12,19
2024221532750,2024,221532750,408811,277068,-1.87195,52.39157,2,2,3,22:33,-1,E07000234,6,2,1,0,1,19,"[2, 4]","[6, 8]","[7, 0]",0,0,1,0,0,0,0,0,12,17
2024221532761,2024,221532761,329257,329466,-3.05211,52.85802,3,3,2,17:35,-1,E06000051,4,2,1,0,1,"[5, 4]",4,8,"[0, 10]","[0, 1]","[0, 11]",1,0,0,0,0,0,12,16
2024221532831,2024,221532831,382638,276651,-2.25653,52.38761,3,3,6,10:12,-1,E07000239,6,0,1,1,1,"[7, 3]",4,"[6, 8]",0,0,0,1,0,0,0,0,0,12,20
2024221532987,2024,221532987,383696,255238,-2.23994,52.19513,3,3,6,08:50,-1,E07000237,6,0,1,1,1,"[7, 4]",7,"[1, 2]",0,0,0,1,1,0,0,0,0,12,20
2024221533059,2024,221533059,377902,248164,-2.32424,52.13133,2,2,6,18:26,-1,E07000235,6,2,1,1,1,"[6, 19]","[7, 5]","[7, 1]",0,0,0,1,0,1,0,0,0,12,20
2024221533281,2024,221533281,384816,272625,-2.22435,52.35148,3,3,7,11:50,-1,E07000238,3,0,1,1,2,"[19, 4]",4,8,0,0,0,1,0,0,0,0,0,12,21
2024221533291,2024,221533291,383342,274797,-2.24609,52.37096,3,3,7,11:15,-1,E07000239,3,0,2,1,1,19,4,8,0,0,0,1,0,0,0,0,0,12,21
2024221533410,2024,221533410,370323,237488,-2.43403,52.035,3,3,6,17:30,-1,E06000019,6,2,1,0,2,"[1, 2]","[6, 0]","[2, 0]","[4, 0]",0,0,1,0,0,0,0,0,12,20
2024221533536,2024,221533536,339435,227529,-2.88249,51.94295,3,3,7,02:56,-1,E06000019,3,2,1,0,2,19,2,8,0,7,11,1,0,0,0,0,0,12,21
2024221533559,2024,221533559,403109,267493,-1.95582,52.30555,2,2,2,22:40,-1,E07000236,6,2,1,0,1,19,3,7,0,1,0,0,1,0,0,0,0,12,16
2024221533593,2024,221533593,384786,272181,-2.22477,52.34749,3,3,4,17:00,-1,E07000238,3,2,2,1,2,"[3, 4]",2,7,0,0,0,1,0,0,0,1,0,12,18
2024221533758,2024,221533758,360534,300325,-2.58411,52.59927,2,2,1,19:00,-1,E06000051,3,2,1,1,2,19,3,8,0,2,11,1,0,0,0,0,0,12,22
2024221533778,2024,221533778,385132,254745,-2.21891,52.19074,3,3,7,20:51,-1,E07000237,6,2,1,0,1,15,5,1,0,0,0,1,0,0,0,0,1,12,21
2024221533882,2024,221533882,345395,278754,-2.80406,52.40406,2,"[2, 3]",5,15:38,-1,E06000051,3,0,2,1,2,"[19, 9]","[4, 8]","[1, 4]",0,"[0, 1]","[0, 1]",1,0,0,0,0,0,12,5
2024221533890,2024,221533890,371292,307790,-2.42594,52.66706,3,3,5,10:39,-1,E06000020,3,0,1,1,2,"[2, 19]","[0, 1]","[0, 5]","[0, 4]",0,0,1,0,0,1,0,0,12,19
2024221533891,2024,221533891,351038,313625,-2.72628,52.71805,3,3,5,17:18,-1,E06000051,6,2,1,1,1,19,8,4,0,0,0,1,0,0,0,0,1,12,19
2024221533899,2024,221533899,371121,306377,-2.42834,52.65434,3,3,7,20:00,-1,E06000020,6,2,1,1,2,"[5, 19]","[6, 5]","[2, 8]",0,0,0,1,0,0,0,0,0,12,14
2024221533957,2024,221533957,412328,244205,-1.82146,52.09605,2,"[3, 2]",6,08:03,-1,E07000238,6,0,1,1,2,19,4,8,0,7,4,1,0,0,0,0,0,12,13
2024221533988,2024,221533988,372088,310254,-2.41438,52.68925,3,3,3,08:22,-1,E06000020,3,0,1,0,1,"[19, 4]",4,8,"[0, 10]","[0, 1]",0,1,0,0,1,0,0,12,17
2024221534011,2024,221534011,348184,313050,-2.76844,52.71262,3,3,2,02:30,-1,E06000051,3,2,2,1,1,"[19, 2]","[7, 0]","[3, 0]","[4, 0]",0,0,1,0,0,0,0,0,12,23
2024221534112,2024,221534112,394346,270281,-2.08439,52.33059,3,3,2,07:48,-1,E07000234,1,0,1,1,2,19,1,5,2,1,1,1,0,0,0,0,0,12,23
2024221534164,2024,221534164,335255,250001,-2.94756,52.14449,3,3,2,16:25,-1,E06000019,3,2,1,1,2,"[19, 9]","[3, 1]",7,0,"[0, 1]",0,1,0,0,1,0,0,12,23
2024221534301,2024,221534301,381610,271400,-2.27135,52.34037,3,3,5,16:33,-1,E07000239,3,2,2,1,1,19,"[8, 4]","[4, 8]",0,0,0,1,0,0,0,0,0,12,5
2024221534377,2024,221534377,371736,308742,-2.41946,52.67564,3,3,1,20:26,-1,E06000020,6,2,1,0,1,"[5, 19]","[6, 3]","[3, 7]",0,0,0,1,0,0,0,0,0,12,15
2024221534384,2024,221534384,397735,274262,-2.03469,52.3664,3,3,3,09:44,-1,E07000234,4,0,2,1,1,"[19, 13, 9]",3,"[7, 1]","[0, 10]","[0, 7]","[0, 11]",1,0,0,0,0,0,12,24
2024221534412,2024,221534412,368056,314632,-2.47445,52.72838,3,3,1,03:00,-1,E06000020,6,2,1,1,2,19,3,7,0,1,11,1,0,0,0,0,0,12,22
2024221534486,2024,221534486,395967,272093,-2.06063,52.34689,3,3,3,12:30,-1,E07000234,6,0,1,0,1,1,8,6,0,0,0,1,0,0,0,0,1,12,24
2024221534578,2024,221534578,369998,309525,-2.44523,52.68258,3,3,2,14:24,-1,E06000020,1,0,1,0,2,12,3,7,0,0,0,1,0,0,0,0,0,12,23
2024221534679,2024,221534679,402272,267815,-1.9681,52.30845,3,3,3,18:05,-1,E07000236,6,2,1,0,1,"[9, 19]","[5, 3]","[3, 7]",0,0,0,1,0,0,1,0,0,12,24
2024221534771,2024,221534771,389948,258164,-2.14856,52.22159,3,3,2,12:27,-1,E07000238,1,0,1,0,2,"[11, 19]",2,6,0,0,0,1,0,0,1,0,0,12,23
2024221534861,2024,221534861,348362,310664,-2.76543,52.69119,3,3,5,14:45,-1,E06000051,6,0,7,1,1,"[19, 9]","[7, 6]",3,0,0,0,1,1,0,0,0,0,12,26
2024221534877,2024,221534877,397298,255226,-2.04095,52.19526,3,3,5,16:10,-1,E07000238,6,2,7,1,2,"[4, 5]",4,8,0,0,0,1,0,0,0,0,0,12,26
2024221534897,2024,221534897,407876,272894,-1.88579,52.35406,3,3,5,19:13,-1,E07000234,3,2,2,1,2,19,"[3, 4]",8,0,0,0,1,0,0,0,0,0,12,26
2024221534968,2024,221534968,349094,311742,-2.75477,52.70095,3,3,4,16:15,-1,E06000051,6,2,1,1,1,"[9, 19]","[4, 6]",2,0,0,0,1,0,1,0,0,0,12,11
2024221535060,2024,221535060,389201,264918,-2.15972,52.2823,2,2,6,08:42,-1,E07000238,6,0,1,1,1,19,6,4,10,1,11,1,0,0,0,0,0,12,27
2024221535089,2024,221535089,359631,222953,-2.58817,51.90365,3,3,4,13:30,-1,E06000019,4,0,1,0,1,"[19, 9]","[2, 3]","[6, 2]",0,0,0,1,0,0,0,0,0,12,18
2024221535316,2024,221535316,379851,269557,-2.29705,52.32374,2,2,6,22:18,-1,E07000239,4,2,7,1,1,19,"[6, 8]","[2, 4]","[0, 10]","[7, 1]","[0, 11]",1,0,0,0,0,0,12,27
2024221535451,2024,221535451,369623,240409,-2.44449,52.06122,3,3,6,07:05,-1,E06000019,4,2,7,1,2,"[10, 19]",1,"[6, 3]",0,0,0,1,0,0,0,0,0,12,27
2024221535686,2024,221535686,328834,245251,-3.04038,52.101,3,3,1,05:40,-1,E06000019,4,2,7,1,2,4,7,2,12,0,0,1,0,0,0,0,0,12,29
2024221535698,2024,221535698,383632,276387,-2.24191,52.38526,3,3,6,18:10,-1,E07000239,3,2,1,0,1,9,8,7,0,0,0,1,0,0,0,0,1,12,27
2024221535834,2024,221535834,367862,309963,-2.47687,52.6864,3,3,3,18:00,-1,E06000020,6,2,2,1,1,"[9, 19]","[4, 8]","[2, 4]",0,0,0,1,0,1,0,0,0,12,24
2024221535943,2024,221535943,384941,276279,-2.22268,52.38433,3,3,7,16:22,-1,E07000239,6,0,1,0,1,4,6,1,"[10, 0]","[7, 0]","[1, 0]",1,0,0,0,0,0,12,21
2024221535991,2024,221535991,361097,283875,-2.57387,52.45144,3,3,7,10:39,-1,E06000051,4,0,7,1,2,19,6,1,0,7,11,1,0,0,0,0,0,12,28
2024221536023,2024,221536023,388207,275891,-2.17468,52.38092,2,2,2,09:53,-1,E07000239,3,0,1,0,2,19,"[2, 6]","[6, 2]",0,"[1, 0]",0,1,0,0,0,0,0,12,30
2024221536259,2024,221536259,371400,304784,-2.42408,52.64004,3,3,3,23:03,-1,E06000020,3,2,1,0,1,19,1,5,9,0,0,1,0,0,0,0,0,12,10
2024221536280,2024,221536280,350778,240361,-2.71934,52.05943,2,2,3,15:55,-1,E06000019,3,0,1,1,1,"[19, 3]",5,1,0,0,0,1,0,0,0,0,1,12,24
2024221536290,2024,221536290,351491,264620,-2.71242,52.27757,3,3,5,23:32,-1,E06000019,3,2,7,1,2,19,2,5,0,1,10,1,0,0,0,0,0,12,26
2024221536417,2024,221536417,349284,313757,-2.75227,52.71908,2,2,3,18:30,-1,E06000051,3,2,2,1,1,19,5,1,4,0,0,0,0,0,0,1,0,12,31
2024221536438,2024,221536438,385446,257085,-2.21442,52.21179,2,2,3,21:06,-1,E07000237,4,2,4,0,1,19,3,8,6,1,10,1,0,0,0,0,0,12,31
2024221536553,2024,221536553,343294,282802,-2.83563,52.44023,3,3,1,18:30,-1,E06000051,3,2,1,0,2,"[19, 9]","[5, 3]",1,0,0,0,1,0,0,0,0,0,12,29
2024221536776,2024,221536776,400934,268268,-1.98772,52.31252,2,"[3, 2]",6,16:11,-1,E07000234,4,2,2,1,2,19,"[4, 8]","[8, 4]",0,"[0, 1]","[0, 4]",1,0,0,0,0,0,12,13
2024221536804,2024,221536804,397335,273044,-2.04055,52.35545,3,3,2,17:30,-1,E07000234,1,2,1,1,1,"[2, 19]","[0, 7]","[0, 3]","[4, 0]",0,0,1,0,0,0,0,0,12,30
2024221537176,2024,221537176,384709,255839,-2.22515,52.20057,3,3,3,21:21,-1,E07000237,3,2,7,1,1,"[2, 19]","[0, 5]","[0, 1]","[0, 8]",0,0,1,1,0,0,0,0,12,24
2024221537317,2024,221537317,336946,304062,-2.93304,52.63063,3,3,6,20:56,-1,E06000051,3,2,7,1,2,"[14, 2]","[6, 0]","[2, 0]","[4, 0]",0,0,1,0,0,0,0,0,12,27
2024221537352,2024,221537352,382859,272249,-2.25306,52.34804,3,3,2,15:11,-1,E07000239,6,0,1,1,2,19,5,1,0,2,4,1,0,0,0,0,0,12,23
2024221538182,2024,221538182,348266,231232,-2.75459,51.97713,2,2,3,15:38,-1,E06000019,6,0,2,1,2,19,"[5, 2]","[2, 5]",0,0,0,1,0,0,0,0,0,12,17
2024221538197,2024,221538197,403916,265315,-1.94401,52.28596,2,2,7,10:49,-1,E07000236,6,0,1,1,1,19,"[5, 1]","[1, 5]",0,0,0,1,0,0,0,0,0,12,14
2024221538641,2024,221538641,360875,315374,-2.58087,52.73458,3,3,3,17:00,-1,E06000020,6,2,1,1,2,19,6,2,0,0,0,1,1,0,0,0,0,12,17
2024221539054,2024,221539054,382237,276324,-2.26241,52.38465,3,3,2,13:05,-1,E07000239,3,0,1,1,1,9,"[6, 8]","[5, 6]",0,0,0,1,0,0,0,0,0,12,30
2024221539504,2024,221539504,343344,315119,-2.84043,52.73073,3,3,5,17:05,-1,E06000051,4,2,2,1,2,"[19, 10, 9]","[8, 2, 4]","[4, 8, 2]",0,0,0,1,0,0,0,0,0,12,19
2024221539518,2024,221539518,376754,285115,-2.34358,52.46348,3,3,2,16:30,-1,E06000051,3,2,1,0,2,19,1,5,0,1,10,1,0,0,0,0,0,12,30
2024221541350,2024,221541350,353088,302020,-2.69428,52.61392,3,3,5,13:12,-1,E06000051,6,0,1,1,2,19,"[7, 1]","[3, 5]",0,0,0,1,0,0,0,0,0,12,26
2024221544058,2024,221544058,371505,293017,-2.42151,52.53427,3,3,7,20:05,-1,E06000051,6,2,1,1,1,19,8,2,0,0,0,1,0,0,0,0,1,11,23
2024221547426,2024,221547426,370808,266085,-2.42943,52.29211,3,3,6,16:30,-1,E07000235,4,0,1,0,2,19,6,4,10,8,4,1,0,0,0,0,0,10,18