collision_index,collision_year,collision_ref_no,location_easting_osgr,location_northing_osgr,longitude,latitude,casualty_severity,casualty_severity,day_of_week,time,local_authority_district,local_authority_ons_district,first_road_class,light_conditions,weather_conditions,road_surface_conditions,urban_or_rural_area,vehicle_manoeuvre,vehicle_direction_from,vehicle_direction_to,hit_object_in_carriageway,vehicle_leaving_carriageway,hit_object_off_carriageway,is_car,is_cyle,is_mcyle,is_goodsv,is_other,is_pedestrian,month,day
2024221551244,2024,221551244,368023,304760,-2.47398,52.63963,3,3,1,14:30,-1,E06000020,6,0,1,1,2,19,3,7,0,0,0,1,0,0,0,0,1,12,29
2024221563747,2024,221563747,362072,293562,-2.56063,52.53859,3,3,4,01:42,-1,E06000051,4,2,1,1,2,19,7,3,0,1,0,1,0,0,0,0,0,10,23
2024221567069,2024,221567069,384085,238307,-2.23345,52.04293,3,3,1,15:15,-1,E07000235,4,0,1,1,2,19,5,1,0,0,0,0,0,1,0,0,0,11,17
2024221567203,2024,221567203,380287,271824,-2.29079,52.34413,2,2,7,18:21,-1,E07000239,6,2,1,1,1,1,5,1,0,0,0,1,0,0,0,0,1,11,16
2024231395745,2024,231395745,435611,291718,-1.47659,52.52218,3,3,4,16:50,-1,E07000219,4,2,1,0,1,1,7,3,0,0,0,1,0,0,0,0,1,1,3
2024231396714,2024,231396714,434418,285016,-1.49486,52.46201,3,3,2,19:16,-1,E07000219,3,2,1,1,2,"[3, 19]",4,8,0,0,0,1,0,0,0,0,0,1,8
2024231396766,2024,231396766,448418,273719,-1.29045,52.3594,3,3,2,17:40,-1,E07000220,4,2,1,0,1,"[19, 9]","[2, 6]","[6, 4]",0,0,0,1,0,0,0,0,0,1,1
2024231396845,2024,231396845,429847,262072,-1.56417,52.25601,3,3,3,18:30,-1,E07000222,3,2,1,0,2,"[4, 19]",2,6,0,0,0,1,0,0,0,0,0,1,9
2024231397603,2024,231397603,431860,263339,-1.53456,52.26729,3,3,4,18:25,-1,E07000222,4,0,1,0,1,"[2, 19]","[0, 1, 5]","[0, 5, 1]","[0, 4, 10]",0,0,1,0,0,0,0,0,1,10
2024231397659,2024,231397659,431842,273188,-1.53389,52.35584,2,"[3, 2]",3,20:46,-1,E07000222,3,2,1,1,2,"[4, 19]",6,2,0,"[0, 1]","[0, 7]",1,0,0,0,0,0,1,9
2024231397677,2024,231397677,429825,264866,-1.56424,52.28113,3,3,4,15:20,-1,E07000222,6,0,1,0,1,19,"[6, 4]","[3, 8]",0,0,0,1,1,0,0,0,0,1,10
2024231397864,2024,231397864,438077,273262,-1.44234,52.3561,3,3,4,17:15,-1,E07000220,3,2,1,0,2,5,1,5,0,0,0,1,0,0,0,0,1,1,10
2024231398146,2024,231398146,426167,304479,-1.61477,52.63743,3,3,6,07:41,-1,E07000218,6,0,1,0,2,19,8,4,0,2,4,1,0,0,0,0,0,1,12
2024231398155,2024,231398155,424182,290887,-1.64509,52.51534,3,3,2,02:30,-1,E07000218,4,2,1,1,2,19,7,1,0,7,11,1,0,0,0,0,0,1,1
2024231398428,2024,231398428,434103,284016,-1.4996,52.45304,3,3,5,17:44,-1,E07000219,6,2,2,1,1,"[2, 12]","[0, 2]","[0, 6]","[0, 4]",1,0,1,0,0,0,0,0,1,11
2024231398466,2024,231398466,424448,285773,-1.64154,52.46935,3,3,6,12:40,-1,E07000218,1,0,1,0,2,"[11, 19]",8,4,0,"[0, 4]","[0, 6]",1,0,0,1,0,0,1,5
2024231398532,2024,231398532,432984,247273,-1.51965,52.12279,1,1,5,05:57,-1,E07000221,3,2,1,0,2,19,7,3,0,0,0,1,0,0,0,0,1,1,4
2024231398809,2024,231398809,418670,291643,-1.72627,52.52235,3,3,7,06:10,-1,E07000218,3,2,1,0,2,"[5, 9]","[5, 1]","[1, 6]",0,0,0,1,0,0,0,0,0,1,6
2024231398937,2024,231398937,410751,251113,-1.84426,52.15819,3,3,1,14:57,-1,E07000221,6,0,1,0,2,19,1,6,0,0,0,1,0,0,0,0,0,1,7
2024231399178,2024,231399178,438439,261558,-1.43836,52.25086,2,2,7,13:50,-1,E07000221,4,0,1,0,2,19,6,8,0,1,4,1,0,0,0,0,0,1,6
2024231399245,2024,231399245,420872,289792,-1.69393,52.50563,3,3,7,13:19,-1,E07000218,4,0,1,1,2,19,6,2,0,1,0,1,0,0,0,0,0,1,6
2024231399264,2024,231399264,409040,258588,-1.86908,52.22542,3,3,5,09:10,-1,E07000221,4,0,1,0,2,"[10, 19, 8]","[1, 7, 3]","[7, 4]",0,0,0,1,0,0,1,0,0,1,11
2024231399299,2024,231399299,449806,275241,-1.26985,52.37296,3,3,1,19:10,-1,E07000220,6,2,1,0,1,"[13, 7]",2,"[6, 8]",0,0,0,1,0,1,0,0,0,1,14
2024231399327,2024,231399327,423745,282883,-1.65209,52.4434,3,3,4,08:25,-1,E07000218,6,0,1,1,2,-1,"[5, 1]",3,0,0,0,1,0,0,0,0,0,1,17
2024231400907,2024,231400907,443439,279212,-1.36285,52.40919,3,3,3,16:58,-1,E07000220,4,2,1,0,2,"[9, 19]","[2, 4]",8,0,0,0,1,0,1,0,0,0,1,9
2024231401098,2024,231401098,408191,259542,-1.88148,52.23401,3,3,3,13:09,-1,E07000221,3,0,1,0,2,"[3, 19]",5,1,0,0,0,1,0,0,0,0,0,1,16
2024231401112,2024,231401112,429518,300740,-1.56558,52.60365,3,3,4,15:01,-1,E07000218,4,0,1,0,2,"[19, 9]","[7, 2]",3,0,0,0,1,0,0,0,0,0,1,17
2024231401197,2024,231401197,429519,300741,-1.56557,52.60366,3,3,5,08:56,-1,E07000218,4,0,1,2,2,9,"[8, 3]","[7, 8]",0,0,0,1,0,0,0,0,0,1,18
2024231401695,2024,231401695,433025,274466,-1.5164,52.36725,2,2,3,12:21,-1,E07000222,3,0,1,0,2,13,2,6,0,1,1,1,0,0,0,0,0,1,2
2024231401967,2024,231401967,418835,293821,-1.72371,52.54192,3,3,2,22:17,-1,E07000218,1,2,1,1,2,19,6,2,0,"[4, 0]",0,1,0,0,1,0,0,1,1
2024231402044,2024,231402044,431116,297468,-1.5423,52.57415,3,3,1,02:27,-1,E07000218,6,2,2,1,1,19,6,2,0,2,2,1,0,0,0,0,0,1,21
2024231402076,2024,231402076,419506,252599,-1.7162,52.17131,3,3,6,11:47,-1,E07000221,4,0,1,0,2,4,6,2,0,0,0,1,0,0,0,0,0,1,19
2024231402409,2024,231402409,414634,251826,-1.78747,52.16451,3,3,5,15:30,-1,E07000221,6,0,1,0,2,"[19, 2]","[5, 0]","[1, 0]",0,0,0,1,0,0,0,0,1,1,11
2024231402493,2024,231402493,451220,277671,-1.24871,52.39467,3,3,7,11:24,-1,E07000220,3,0,1,0,2,"[7, 19]","[3, 2]",6,0,0,0,1,0,0,0,0,0,1,20
2024231402881,2024,231402881,412717,272201,-1.81474,52.34774,3,3,2,15:30,-1,E07000221,1,0,1,0,2,"[19, 3]",7,3,0,0,0,1,0,0,0,0,0,1,22
2024231403235,2024,231403235,432033,264342,-1.53193,52.2763,2,2,7,21:45,-1,E07000222,6,2,1,0,1,1,5,1,0,0,0,1,0,0,0,0,1,1,20
2024231403245,2024,231403245,432529,267572,-1.52435,52.30531,3,3,5,13:31,-1,E07000222,6,0,1,0,1,"[19, 9]","[8, 2]","[4, 8]",0,0,0,1,0,1,0,0,0,1,18
2024231403424,2024,231403424,424247,300616,-1.64342,52.60279,3,3,5,07:30,-1,E07000218,1,2,1,0,2,"[19, 11]",6,8,0,0,0,1,0,0,0,0,0,1,25
2024231403425,2024,231403425,419990,287045,-1.70709,52.48097,3,3,3,08:42,-1,E07000218,3,0,2,1,2,5,2,6,0,0,0,1,0,0,1,0,0,1,23
2024231403491,2024,231403491,424868,291364,-1.63494,52.51959,3,3,5,07:09,-1,E07000218,4,2,1,1,2,19,"[5, 8]","[1, 4]",0,0,0,1,0,0,0,0,0,1,25
2024231403643,2024,231403643,433796,296395,-1.50286,52.56434,3,3,4,19:00,-1,E07000218,3,2,1,1,2,"[19, 9]","[4, 8]","[8, 6]",0,"[1, 0]","[9, 0]",1,0,0,0,0,0,1,10
2024231403718,2024,231403718,407258,264955,-1.89503,52.28269,2,2,5,16:10,-1,E07000221,3,0,1,0,2,"[19, 9]","[2, 8]",5,0,0,0,1,0,1,0,0,0,1,25
2024231404147,2024,231404147,451015,275637,-1.25203,52.37641,2,2,3,14:29,-1,E07000220,6,0,1,0,1,19,2,5,0,0,0,1,0,0,0,0,1,1,9
2024231404152,2024,231404152,426454,263921,-1.61373,52.27281,3,3,3,15:21,-1,E07000222,3,0,5,1,2,19,1,5,0,0,0,1,0,0,0,0,0,1,2
2024231404172,2024,231404172,430091,263192,-1.56049,52.26607,3,3,7,13:40,-1,E07000222,3,0,1,0,2,"[19, 6]",5,"[1, 5]",0,0,0,1,0,0,0,0,0,1,6
2024231404195,2024,231404195,435825,287071,-1.47393,52.48039,3,3,7,16:09,-1,E07000219,6,2,1,0,1,19,3,7,0,0,0,1,0,0,0,0,1,1,6
2024231404232,2024,231404232,428471,264930,-1.58408,52.28178,3,3,3,07:30,-1,E07000222,3,0,1,0,1,19,4,8,0,0,0,0,0,0,1,0,1,1,9
2024231404236,2024,231404236,406542,263297,-1.90556,52.26779,3,3,6,08:14,-1,E07000221,3,0,1,0,2,"[19, 4]",8,4,0,0,0,1,0,0,0,0,0,1,26
2024231404272,2024,231404272,409122,251614,-1.86806,52.16272,3,3,1,14:15,-1,E07000221,6,0,1,1,2,4,1,5,0,3,11,1,0,0,0,0,0,1,21
2024231404279,2024,231404279,435109,284707,-1.48472,52.45919,3,3,5,15:37,-1,E07000219,1,0,1,0,2,"[12, 19]",8,4,0,"[0, 1]","[0, 7]",1,0,0,1,0,0,1,11
2024231404295,2024,231404295,454676,273496,-1.1986,52.35681,2,2,2,18:27,-1,E07000220,3,2,1,1,2,19,4,7,0,1,4,1,0,0,0,0,0,1,29
2024231404303,2024,231404303,434616,286749,-1.49177,52.47758,2,2,6,16:45,-1,E07000219,6,2,1,1,1,19,1,5,0,0,0,1,0,0,0,0,1,1,12
2024231404462,2024,231404462,430177,263570,-1.5592,52.26946,3,3,4,09:45,-1,E07000222,3,0,1,2,2,"[4, 19]",6,2,0,0,0,1,0,0,0,0,0,1,17
2024231404691,2024,231404691,439286,281999,-1.42357,52.43456,3,3,7,23:01,-1,E07000220,3,2,1,0,2,19,8,4,0,0,0,1,0,0,0,0,0,1,6
2024231404702,2024,231404702,433249,295263,-1.51104,52.5542,1,"[3, 2, 1]",6,21:04,-1,E07000218,4,2,1,0,2,19,4,8,10,1,11,1,0,0,0,0,0,1,26
2024231404742,2024,231404742,430485,291034,-1.55219,52.51634,3,3,2,19:37,-1,E07000219,4,2,1,1,2,19,2,8,0,1,1,1,0,0,0,0,0,1,15
2024231404823,2024,231404823,433488,291811,-1.50787,52.52315,3,3,3,13:40,-1,E07000219,6,0,1,0,1,"[9, 19]","[4, 6]",2,0,0,0,1,0,0,0,0,0,1,16
2024231405437,2024,231405437,440935,276541,-1.39998,52.38538,2,"[3, 2]",7,15:00,-1,E07000220,3,0,1,0,2,19,"[4, 8]","[8, 4]",0,0,0,1,0,0,0,0,0,1,13
2024231405486,2024,231405486,444692,281967,-1.34406,52.43386,3,3,4,21:45,-1,E07000220,1,2,1,0,2,"[19, 12]",8,4,0,0,0,1,0,0,1,0,0,1,17
2024231405502,2024,231405502,450387,282946,-1.26015,52.44217,2,"[2, 3]",2,09:38,-1,E07000220,4,0,4,0,2,19,"[6, 2]","[2, 6]",0,0,0,1,0,0,1,0,0,1,22
2024231405534,2024,231405534,448656,280854,-1.28592,52.42352,3,3,5,19:59,-1,E07000220,6,2,1,1,2,19,5,1,0,7,9,1,0,0,0,0,0,1,25
2024231405557,2024,231405557,450200,275019,-1.26409,52.37093,3,3,2,08:51,-1,E07000220,3,0,1,0,1,7,1,6,0,0,0,1,0,0,0,0,1,1,29
2024231405572,2024,231405572,447948,274242,-1.29728,52.36414,3,3,5,12:45,-1,E07000220,6,0,2,0,1,"[19, 5]","[8, 2]","[4, 6]",0,0,0,1,0,0,0,0,0,1,25
2024231405596,2024,231405596,446644,271465,-1.31681,52.33929,2,2,3,07:49,-1,E07000220,1,0,1,0,2,"[19, 15]",8,4,0,"[1, 0]","[7, 0]",1,0,0,0,0,0,1,23
2024231406465,2024,231406465,437662,293910,-1.44611,52.54175,3,3,5,08:35,-1,E07000219,6,0,1,0,1,1,2,6,0,0,0,1,0,0,0,0,1,2,1
2024231406707,2024,231406707,427816,299694,-1.5908,52.59434,3,3,7,18:13,-1,E07000218,6,2,1,0,2,"[9, 19]",6,"[4, 2]",0,0,0,1,0,0,0,0,0,2,3
2024231406834,2024,231406834,441932,258607,-1.38756,52.22408,3,3,4,06:01,-1,E07000221,3,2,1,0,2,"[13, 19]",5,1,0,"[0, 7]","[0, 4]",1,0,0,0,0,0,1,17
2024231406867,2024,231406867,418693,257446,-1.72782,52.21492,3,3,5,18:43,-1,E07000221,3,2,1,0,2,"[1, 19]","[5, 1]","[3, 5]",0,"[0, 1]",0,1,0,0,1,0,0,1,18
2024231406891,2024,231406891,432243,247316,-1.53046,52.12322,2,"[3, 2]",2,11:45,-1,E07000221,3,0,1,0,2,"[5, 4]","[2, 4]","[6, 8]",0,0,0,1,0,0,1,0,0,1,22
2024231406905,2024,231406905,418135,255521,-1.73609,52.19763,3,3,3,14:58,-1,E07000221,6,0,1,0,1,"[2, 19]","[0, 5]","[0, 1]","[0, 4]",0,0,1,0,0,0,1,0,1,23
2024231407168,2024,231407168,429391,265428,-1.57055,52.28621,2,2,6,16:30,-1,E07000222,3,0,1,0,1,"[9, 19]","[2, 6]","[1, 2]",0,"[0, 1]",0,1,1,0,0,0,0,2,2
2024231407232,2024,231407232,430529,293668,-1.5513,52.54002,2,"[2, 3]",3,06:59,-1,E07000218,6,0,1,0,2,19,"[8, 4]","[4, 8]",0,"[0, 1]",0,1,0,0,0,0,0,1,30
2024231407448,2024,231407448,428323,265692,-1.58619,52.28864,3,3,3,13:15,-1,E07000222,6,0,1,0,1,"[2, 19]","[0, 6]","[0, 1]",0,0,0,1,1,0,0,0,0,1,30
2024231407489,2024,231407489,427149,299600,-1.60066,52.59352,2,2,1,15:24,-1,E07000218,3,0,1,0,2,"[4, 7]",8,"[4, 2]",0,0,0,1,0,0,0,0,0,2,4
2024231407632,2024,231407632,427172,264053,-1.60319,52.27396,3,3,1,15:49,-1,E07000222,3,0,1,0,2,19,"[2, 6]","[6, 2]","[10, 0]",0,0,1,0,0,0,0,0,1,14
2024231407885,2024,231407885,436205,287235,-1.46832,52.48184,2,2,3,15:47,-1,E07000219,6,0,2,0,1,19,6,2,0,0,0,1,0,0,0,0,1,2,6
2024231408015,2024,231408015,433785,296401,-1.50302,52.5644,2,"[2, 3]",7,21:13,-1,E07000218,3,2,1,0,2,"[9, 19]","[8, 4]","[6, 8]",0,0,0,1,0,0,0,0,0,2,3
2024231408587,2024,231408587,419756,254692,-1.71242,52.19012,3,3,4,16:41,-1,E07000221,6,2,1,0,1,"[19, 9]","[6, 4]",2,0,0,0,1,0,0,0,0,0,1,31
2024231408591,2024,231408591,439295,284348,-1.42316,52.45568,3,3,4,15:13,-1,E07000220,6,0,1,0,2,"[13, 9]",3,"[7, 1]",0,"[0, 7]","[0, 4]",1,0,0,0,0,0,1,24
2024231408619,2024,231408619,441182,288793,-1.39485,52.4955,2,2,6,19:55,-1,E07000220,4,2,1,1,2,"[2, 19]","[0, 4]","[0, 8]","[0, 4]",1,"[1, 4]",1,0,0,0,0,0,2,2
2024231408754,2024,231408754,453090,273787,-1.22184,52.35958,2,2,6,18:00,-1,E07000220,6,2,1,0,1,19,6,2,0,0,0,1,0,0,0,0,1,2,2
2024231408900,2024,231408900,410396,271932,-1.84882,52.34537,3,3,6,16:43,-1,E07000221,6,2,1,1,2,19,4,8,0,7,4,1,0,0,0,0,0,2,9
2024231408932,2024,231408932,450291,275060,-1.26275,52.37129,3,3,1,02:24,-1,E07000220,6,2,1,0,1,4,1,5,0,0,0,1,0,0,0,0,1,2,11
2024231408986,2024,231408986,446325,272869,-1.3213,52.35194,3,3,6,09:02,-1,E07000220,3,0,1,0,2,19,6,2,10,1,0,1,0,0,0,0,0,2,9
2024231409221,2024,231409221,430713,259836,-1.55168,52.23587,2,"[2, 3]",5,08:15,-1,E07000222,4,0,1,1,2,"[7, 19]","[2, 8]",4,0,0,0,1,0,0,0,0,0,2,1
2024231409275,2024,231409275,440871,280768,-1.40041,52.42338,3,3,3,06:41,-1,E07000220,6,2,1,1,2,"[9, 19]","[3, 8]","[8, 5]",0,0,0,1,0,0,0,0,0,2,13
2024231409281,2024,231409281,419735,255030,-1.71271,52.19316,3,3,5,11:27,-1,E07000221,3,0,1,1,1,19,"[5, 7]","[1, 3]",0,0,0,1,0,0,0,0,0,2,8
2024231409294,2024,231409294,434787,286618,-1.48926,52.47639,2,"[3, 2]",6,22:40,-1,E07000219,3,2,1,0,2,"[19, 2]","[5, 0]","[1, 0]","[4, 0]","[4, 0]","[6, 0]",1,0,0,0,0,0,2,9
2024231409337,2024,231409337,426461,262629,-1.61373,52.26119,3,3,7,11:45,-1,E07000222,3,0,1,0,2,"[19, 11]",6,2,0,"[7, 0]","[7, 0]",1,0,0,0,0,0,2,10
2024231409637,2024,231409637,430663,265639,-1.55189,52.28804,3,3,3,09:09,-1,E07000222,6,0,1,0,1,19,"[8, 4]","[4, 8]",0,0,0,1,0,0,0,0,0,1,30
2024231409682,2024,231409682,432323,265878,-1.52753,52.29009,3,3,7,17:30,-1,E07000222,4,2,1,0,1,"[19, 9]","[5, 1]","[1, 7]",0,0,0,1,0,1,0,0,0,2,10
2024231409743,2024,231409743,451836,273508,-1.2403,52.35719,2,2,3,07:45,-1,E07000220,6,2,1,0,1,1,2,6,0,0,0,1,0,0,0,0,1,1,23
2024231409748,2024,231409748,446430,261838,-1.32127,52.25277,3,3,3,18:03,-1,E07000221,3,2,2,1,2,19,"[2, 6]","[6, 2]",0,0,0,1,0,0,0,0,0,2,13
2024231409758,2024,231409758,437811,291342,-1.44421,52.51865,2,2,5,18:15,-1,E07000219,3,2,1,0,2,19,"[6, 4]","[2, 8]",0,0,0,1,1,0,0,0,0,2,1
2024231409845,2024,231409845,428632,264845,-1.58173,52.28101,3,3,3,15:18,-1,E07000222,3,0,1,1,1,"[9, 19]","[2, 8]",4,0,0,0,1,0,0,0,0,0,2,6
2024231409857,2024,231409857,435953,284758,-1.4723,52.45959,3,3,5,18:25,-1,E07000219,6,2,1,0,1,9,6,1,0,0,0,1,0,0,0,0,1,2,8
2024231410218,2024,231410218,431757,266769,-1.53574,52.29813,3,3,4,05:59,-1,E07000222,3,2,1,1,1,"[5, 7]",1,"[5, 2]",0,0,0,1,1,0,0,0,0,2,14
2024231410307,2024,231410307,424232,244676,-1.64766,52.0999,3,3,5,11:34,-1,E07000221,6,0,2,1,2,"[5, 19]","[6, 2]","[2, 6]","[99, 0]","[0, 1]",0,1,1,0,0,0,0,2,15
2024231410495,2024,231410495,433894,251609,-1.50592,52.16172,2,"[2, 3]",5,08:23,-1,E07000221,6,0,1,1,2,19,"[2, 6]","[6, 2]",0,0,0,1,0,0,0,0,0,2,15
2024231410727,2024,231410727,453512,279462,-1.21474,52.41055,3,3,2,17:20,-1,E07000220,3,2,1,0,2,19,"[4, 8]","[8, 4]",0,0,0,1,0,0,0,0,0,2,12
2024231411465,2024,231411465,407753,261667,-1.88785,52.25312,2,2,3,09:11,-1,E07000221,3,0,2,1,2,5,1,5,0,0,0,0,0,0,1,0,1,1,23
2024231411481,2024,231411481,449106,275768,-1.28005,52.37776,2,2,3,16:56,-1,E07000220,3,0,2,1,2,19,6,1,0,0,0,1,0,0,0,0,1,2,13
2024231411504,2024,231411504,436908,290771,-1.45758,52.51358,3,3,4,13:07,-1,E07000219,6,0,1,0,1,"[9, 19]","[1, 7]",3,0,0,0,1,0,0,0,0,0,1,31
2024231411539,2024,231411539,418554,251137,-1.7302,52.1582,2,"[3, 2]",5,17:25,-1,E07000221,4,2,2,0,2,19,"[5, 1]","[1, 5]",0,0,0,1,0,0,0,0,0,2,15
2024231411609,2024,231411609,432585,293549,-1.521,52.53883,2,2,7,19:45,-1,E07000218,6,2,2,1,1,19,4,8,0,0,0,1,0,1,0,0,0,2,17
2024231411670,2024,231411670,439426,293385,-1.42017,52.53691,2,"[2, 3]",7,20:37,-1,E07000219,3,2,2,1,1,"[9, 19]","[8, 4]","[6, 8]",0,0,0,1,0,0,0,0,0,2,3
2024231411909,2024,231411909,430020,270412,-1.56089,52.33098,3,3,5,08:56,-1,E07000222,3,0,1,0,2,8,2,4,0,0,0,1,0,0,0,0,0,2,15
2024231412074,2024,231412074,436364,290777,-1.46559,52.51367,3,3,3,07:20,-1,E07000219,3,2,1,0,1,"[3, 14]",4,8,0,0,0,1,0,0,0,0,0,1,9
2024231412107,2024,231412107,433192,290994,-1.51231,52.51583,3,3,6,13:45,-1,E07000219,4,0,1,0,1,"[10, 19]",8,"[5, 3]",0,0,0,1,0,0,0,0,0,1,19
2024231412268,2024,231412268,427847,262212,-1.59345,52.25738,3,3,2,08:39,-1,E07000222,1,0,1,0,2,"[19, 4]",7,3,0,0,0,1,0,0,1,0,0,2,19
2024231412391,2024,231412391,433490,294742,-1.50754,52.5495,3,3,1,12:47,-1,E07000218,4,0,1,0,2,"[10, 19]",5,"[3, 1]",0,0,0,1,0,0,0,0,0,2,18
2024231413553,2024,231413553,428718,292865,-1.57808,52.5329,2,"[2, 3]",7,07:37,-1,E07000218,4,0,1,1,2,19,"[6, 4]","[4, 6]",0,0,0,1,0,0,0,0,0,2,17
2024231413576,2024,231413576,431122,286769,-1.5432,52.47797,3,3,3,08:56,-1,E07000218,6,0,1,1,2,19,"[8, 5]","[5, 8]",0,0,0,1,0,0,0,0,0,2,13
2024231413599,2024,231413599,427830,285619,-1.59177,52.46781,3,3,6,09:40,-1,E07000218,1,0,2,1,2,"[19, 4]",7,3,0,"[0, 1]",0,1,0,0,1,0,0,2,9
2024231414173,2024,231414173,441217,251007,-1.39895,52.15581,3,3,7,04:35,-1,E07000221,6,2,2,1,2,9,3,8,0,3,11,1,0,0,0,0,0,2,3
2024231414217,2024,231414217,437409,276272,-1.45181,52.38321,3,3,5,17:33,-1,E07000220,3,2,2,1,2,"[4, 19]",6,2,0,0,0,1,0,0,0,0,0,2,15
2024231414269,2024,231414269,434200,257770,-1.50083,52.21709,2,2,6,01:38,-1,E07000221,1,2,1,0,2,19,8,4,0,0,0,1,0,0,0,0,1,2,16
2024231414442,2024,231414442,436240,291588,-1.46733,52.52097,3,3,3,17:24,-1,E07000219,3,2,2,1,1,"[19, 3]","[1, 5]","[5, 3]",0,0,0,1,0,0,0,0,0,2,6
2024231414461,2024,231414461,432775,293370,-1.51822,52.53721,3,3,3,16:55,-1,E07000219,4,2,2,1,1,"[19, 5]","[3, 8]","[7, 4]",0,0,0,1,0,0,0,0,0,2,6
2024231414502,2024,231414502,438296,292287,-1.43695,52.52712,3,3,4,13:03,-1,E07000219,3,0,1,0,1,"[19, 9]","[5, 1]","[1, 7]",0,0,0,1,0,0,0,0,0,2,7
2024231414529,2024,231414529,433185,292024,-1.51231,52.52509,2,2,6,16:00,-1,E07000219,6,0,1,0,1,19,8,4,0,0,0,1,0,0,0,0,1,2,2
2024231414686,2024,231414686,437684,294395,-1.44573,52.54611,2,2,5,06:50,-1,E07000219,3,2,7,2,2,"[7, 19]","[6, 4]",8,0,0,0,1,0,1,0,0,0,2,1
2024231414704,2024,231414704,435201,261851,-1.48576,52.25371,2,"[3, 2]",6,09:22,-1,E07000222,4,0,1,1,2,"[19, 4]",2,6,0,"[1, 0]","[4, 0]",1,0,0,1,0,0,2,23
2024231414710,2024,231414710,436246,291967,-1.4672,52.52438,3,3,2,11:30,-1,E07000219,6,0,1,0,1,19,5,1,0,0,0,1,0,0,0,0,1,2,12
2024231414874,2024,231414874,450287,276678,-1.26257,52.38583,2,"[2, 3]",7,10:55,-1,E07000220,6,0,1,0,2,"[11, 19]",4,8,0,0,0,1,0,0,1,0,0,2,17
2024231414900,2024,231414900,441367,273261,-1.39404,52.35586,3,3,1,20:26,-1,E07000220,3,2,1,1,2,"[11, 19]",3,7,0,0,0,1,0,0,0,0,0,2,18
2024231414947,2024,231414947,439181,281337,-1.42519,52.42862,2,2,6,18:10,-1,E07000220,3,2,1,1,2,"[3, 19]",6,2,0,0,0,1,0,0,0,0,0,2,9
2024231415051,2024,231415051,434966,291657,-1.4861,52.52168,3,3,3,18:00,-1,E07000219,6,2,1,0,1,19,3,7,0,0,0,1,0,0,0,0,1,2,20
2024231415057,2024,231415057,450648,276912,-1.25723,52.3879,3,3,7,18:55,-1,E07000220,3,2,2,1,1,19,2,6,0,0,0,1,0,0,0,0,0,2,17
2024231415070,2024,231415070,436807,291257,-1.45901,52.51796,3,3,4,08:38,-1,E07000219,4,0,2,1,1,"[5, 19]","[5, 7]","[1, 3]",0,0,0,1,1,0,0,0,0,2,21
2024231415093,2024,231415093,436263,291407,-1.46701,52.51934,1,1,5,13:44,-1,E07000219,3,0,2,1,1,19,1,5,0,0,0,1,0,0,0,0,1,2,22
2024231415099,2024,231415099,425856,240473,-1.62427,52.06204,3,3,6,21:05,-1,E07000221,3,2,2,1,2,"[9, 19]","[3, 5]",1,0,0,0,1,0,0,0,0,0,2,16
2024231415309,2024,231415309,427531,255793,-1.5986,52.19969,3,3,7,15:15,-1,E07000221,3,0,1,0,2,"[19, 5]","[8, 2]",4,0,0,0,1,1,0,0,0,0,2,17
2024231415360,2024,231415360,438141,253025,-1.44368,52.17417,3,3,2,16:17,-1,E07000221,1,0,1,0,2,19,1,5,0,1,11,1,0,0,0,0,0,2,19
2024231415439,2024,231415439,426503,299909,-1.61017,52.59633,3,3,7,11:00,-1,E07000218,3,0,1,0,2,"[4, 19]",4,8,0,"[0, 1]",0,1,0,0,0,0,0,2,24
2024231415502,2024,231415502,428051,287317,-1.58837,52.48306,3,3,4,07:59,-1,E07000218,4,0,1,1,2,"[19, 3]",1,5,0,0,0,1,0,0,0,0,0,2,28
2024231415518,2024,231415518,445002,279266,-1.33986,52.40955,3,3,1,00:01,-1,E07000220,6,2,2,1,2,19,7,3,0,7,9,1,0,0,0,0,0,2,18
2024231415656,2024,231415656,451570,278526,-1.24343,52.40232,3,3,6,08:35,-1,E07000220,6,0,1,0,2,19,7,3,0,0,0,1,0,0,0,0,1,2,23
2024231416151,2024,231416151,434068,293181,-1.49918,52.53543,2,2,5,22:48,-1,E07000219,4,2,1,0,1,"[19, 9]","[8, 4]","[6, 2]",0,0,0,1,1,0,0,0,0,2,22
2024231416167,2024,231416167,439419,293392,-1.42027,52.53697,3,3,3,19:20,-1,E07000219,3,2,1,0,1,"[19, 9]","[4, 8]","[8, 6]",0,0,0,1,0,0,0,0,0,2,20
2024231416189,2024,231416189,427477,302959,-1.59554,52.6237,3,3,6,20:20,-1,E07000218,6,2,1,0,2,19,"[2, 4]","[6, 8]",0,0,0,1,0,0,0,0,0,2,23
2024231416415,2024,231416415,430830,297936,-1.54647,52.57837,3,3,1,13:40,-1,E07000218,6,0,1,0,1,"[19, 9]","[8, 6]",4,0,0,0,1,0,0,0,0,0,2,25
2024231416428,2024,231416428,413901,265785,-1.79762,52.29003,3,3,7,07:17,-1,E07000221,3,0,1,2,2,19,8,4,0,1,11,1,0,0,0,0,0,2,24
2024231416432,2024,231416432,435199,285087,-1.48336,52.4626,3,3,2,16:20,-1,E07000219,4,0,1,0,2,"[9, 19]","[3, 5]",1,0,0,0,1,1,0,0,0,0,2,12
2024231416440,2024,231416440,428836,264592,-1.57876,52.27872,3,3,2,07:15,-1,E07000222,3,0,1,0,1,"[19, 9]","[3, 4]","[7, 3]",0,0,0,1,0,1,0,0,0,2,26