collision_index,collision_year,collision_ref_no,location_easting_osgr,location_northing_osgr,longitude,latitude,casualty_severity,casualty_severity,day_of_week,time,local_authority_district,local_authority_ons_district,first_road_class,light_conditions,weather_conditions,road_surface_conditions,urban_or_rural_area,vehicle_manoeuvre,vehicle_direction_from,vehicle_direction_to,hit_object_in_carriageway,vehicle_leaving_carriageway,hit_object_off_carriageway,is_car,is_cyle,is_mcyle,is_goodsv,is_other,is_pedestrian,month,day
2024231416441,2024,231416441,428897,305924,-1.5743,52.65028,2,"[3, 2]",5,22:53,-1,E07000218,6,2,2,1,2,19,1,6,0,1,9,1,0,0,0,0,0,2,29
2024231416690,2024,231416690,445520,271889,-1.33325,52.3432,2,2,1,19:26,-1,E07000220,3,2,1,0,2,19,4,8,0,1,9,1,0,0,0,0,0,2,4
2024231417048,2024,231417048,440509,274966,-1.40643,52.37125,3,3,4,15:10,-1,E07000220,6,0,1,0,2,"[13, 7]",6,"[2, 8]",0,"[7, 0]",0,1,0,0,0,0,0,2,28
2024231417200,2024,231417200,436080,290499,-1.46981,52.51119,3,3,5,17:20,-1,E07000219,6,0,1,0,1,"[19, 9]","[8, 4, 6]","[4, 8]",0,"[0, 1]","[0, 11]",1,0,0,0,0,0,2,29
2024231417238,2024,231417238,431949,264558,-1.53314,52.27825,3,3,6,21:00,-1,E07000222,6,2,1,0,1,"[2, 19]","[0, 2]","[0, 6]","[0, 4]",0,0,1,0,0,0,0,0,3,1
2024231417296,2024,231417296,431989,265285,-1.53248,52.28478,2,2,1,13:00,-1,E07000222,6,0,1,0,1,7,3,5,0,0,0,1,0,0,0,0,1,3,3
2024231417601,2024,231417601,419827,255537,-1.71134,52.19771,3,3,2,18:08,-1,E07000221,3,2,2,1,1,"[9, 19]","[3, 8]","[1, 4]",0,0,0,1,0,0,0,0,0,3,4
2024231417684,2024,231417684,431952,265366,-1.53302,52.28551,3,3,3,09:55,-1,E07000222,4,2,2,1,1,"[12, 19]","[5, 8]","[1, 6]",0,0,0,1,0,0,0,0,0,2,27
2024231417722,2024,231417722,419817,287976,-1.70958,52.48934,3,3,5,11:49,-1,E07000218,3,0,1,0,2,4,5,1,0,0,0,1,0,0,1,0,0,2,29
2024231417929,2024,231417929,429388,288207,-1.56861,52.49099,3,3,4,06:50,-1,E07000218,4,0,1,0,2,19,"[6, 2]","[2, 6]",0,"[0, 7]","[0, 11]",1,0,0,0,0,0,3,6
2024231418002,2024,231418002,441540,273236,-1.3915,52.35562,3,3,5,06:18,-1,E07000220,3,0,2,1,2,"[5, 19]","[3, 1]","[7, 5]",0,0,0,1,0,1,0,0,0,2,29
2024231418040,2024,231418040,411864,271946,-1.82727,52.34546,3,3,6,19:59,-1,E07000221,4,2,2,1,2,19,"[1, 8]","[5, 4]",0,0,0,1,0,0,0,0,0,3,1
2024231418074,2024,231418074,428757,265489,-1.57984,52.28679,3,3,4,18:40,-1,E07000222,3,2,1,1,1,"[9, 19]","[7, 5]","[5, 1]",0,0,0,1,0,1,0,0,0,2,28
2024231418123,2024,231418123,413886,265796,-1.79784,52.29013,3,3,1,07:56,-1,E07000221,3,0,7,2,2,19,7,4,10,7,11,1,0,0,0,0,0,3,3
2024231418284,2024,231418284,428442,264946,-1.58451,52.28193,2,2,1,15:14,-1,E07000222,3,0,1,0,1,"[19, 9]","[4, 8]","[8, 6]",0,0,0,1,0,1,0,0,0,3,3
2024231418300,2024,231418300,413864,265816,-1.79816,52.29031,3,3,3,09:30,-1,E07000221,3,0,1,0,2,"[19, 7]","[7, 8]",4,0,"[0, 1]","[0, 11]",1,0,0,0,0,0,3,5
2024231418361,2024,231418361,421617,254653,-1.6852,52.1897,3,3,2,12:53,-1,E07000221,6,0,1,0,1,"[2, 19]","[0, 7]","[0, 3]","[0, 4]",0,0,1,0,0,0,0,0,3,4
2024231418404,2024,231418404,435460,285188,-1.4795,52.46349,3,3,3,16:10,-1,E07000219,6,0,1,0,1,"[3, 19]",3,7,0,0,0,1,0,0,0,0,0,3,5
2024231418426,2024,231418426,424853,253398,-1.63796,52.17828,3,3,5,07:55,-1,E07000221,6,0,1,0,2,19,"[4, 8]","[8, 4]",0,"[0, 7]",0,1,0,0,0,0,0,3,7
2024231418676,2024,231418676,431677,289732,-1.53475,52.50457,3,3,5,18:20,-1,E07000219,4,2,1,0,2,19,"[2, 6]","[6, 2]",0,"[2, 0]",0,1,0,0,0,0,0,3,7
2024231418684,2024,231418684,431929,296936,-1.53035,52.56932,3,3,5,19:29,-1,E07000218,6,2,1,0,1,19,4,8,0,0,0,1,0,0,0,0,1,3,7
2024231419170,2024,231419170,438624,252013,-1.43673,52.16504,3,3,1,18:00,-1,E07000221,1,2,1,1,2,19,4,8,0,1,1,1,0,0,0,0,0,3,3
2024231419308,2024,231419308,431864,266280,-1.53422,52.29373,3,3,5,12:12,-1,E07000222,6,0,1,0,1,"[19, 8]",7,"[3, 1]",0,0,0,1,0,0,0,0,0,3,7
2024231419397,2024,231419397,422220,263992,-1.67577,52.27364,3,3,6,14:22,-1,E07000221,3,0,1,0,2,"[9, 19]","[5, 3]","[3, 7]",0,0,0,1,0,0,0,0,0,3,8
2024231419647,2024,231419647,429856,270500,-1.56329,52.33178,3,3,2,10:00,-1,E07000222,3,0,1,0,2,"[4, 19]",8,4,0,0,0,1,0,0,0,0,0,3,4
2024231419695,2024,231419695,452106,277416,-1.23573,52.39229,3,3,2,07:57,-1,E07000220,6,0,1,2,2,"[10, 9, 19]","[6, 8, 4]","[4, 5, 8]",0,0,0,1,0,0,0,0,0,3,4
2024231419699,2024,231419699,437512,285075,-1.44932,52.46234,1,1,1,18:31,-1,E07000219,4,2,2,1,2,19,6,2,0,7,4,1,0,0,0,0,0,2,4
2024231419795,2024,231419795,407090,263818,-1.89751,52.27247,3,3,6,13:43,-1,E07000221,4,0,1,0,2,5,6,2,0,0,0,1,0,0,0,0,1,3,8
2024231419884,2024,231419884,432519,293714,-1.52196,52.54032,3,3,6,22:40,-1,E07000218,6,2,1,0,1,"[19, 14]",2,6,0,"[0, 1]","[0, 10]",1,0,0,0,0,0,3,8
2024231420064,2024,231420064,416172,255753,-1.7648,52.19977,3,3,3,22:03,-1,E07000221,3,2,1,0,2,"[19, 13]",3,7,0,0,0,1,0,1,1,0,0,1,23
2024231420083,2024,231420083,424141,256029,-1.64819,52.20197,1,1,5,06:04,-1,E07000221,4,2,2,1,2,19,"[4, 8]","[8, 4]",0,"[0, 7]",0,1,0,0,0,0,0,3,7
2024231420216,2024,231420216,409597,258026,-1.86094,52.22036,3,3,3,15:35,-1,E07000221,6,0,1,1,2,9,1,7,0,0,0,1,0,0,0,0,1,3,12
2024231420344,2024,231420344,435671,290307,-1.47585,52.50949,3,3,5,15:21,-1,E07000219,6,0,1,0,1,"[14, 3]",8,2,0,0,0,1,0,0,0,0,0,3,7
2024231420592,2024,231420592,450244,279414,-1.26279,52.41043,2,"[2, 3]",3,08:48,-1,E07000220,1,0,2,1,2,19,8,4,0,1,6,1,0,0,0,0,0,3,12
2024231420915,2024,231420915,429256,270923,-1.57206,52.33562,3,3,4,16:05,-1,E07000222,3,0,1,0,1,"[3, 19]","[3, 4]",7,0,0,0,1,0,0,0,0,0,3,13
2024231421021,2024,231421021,434606,285124,-1.49208,52.46297,3,3,3,08:00,-1,E07000219,3,0,2,1,2,19,8,"[6, 4]",0,0,0,1,0,0,0,0,0,3,12
2024231421894,2024,231421894,432058,265292,-1.53147,52.28484,3,3,7,08:45,-1,E07000222,6,0,1,0,1,"[9, 19]","[5, 3]","[3, 7]",0,0,0,1,0,0,0,0,0,2,3
2024231422055,2024,231422055,433978,243745,-1.50548,52.09101,2,2,4,10:20,-1,E07000221,6,0,1,0,2,19,3,7,11,3,0,1,0,0,0,0,1,3,13
2024231422097,2024,231422097,439970,250090,-1.41728,52.14766,2,"[2, 3]",1,03:00,-1,E07000221,1,2,2,1,2,19,8,4,0,1,0,1,0,0,0,0,0,3,17
2024231422343,2024,231422343,436357,292891,-1.46546,52.53268,3,3,5,17:25,-1,E07000219,3,2,1,0,1,19,4,8,0,0,0,1,0,0,0,0,1,3,14
2024231422409,2024,231422409,431489,291867,-1.53732,52.52377,3,3,1,16:18,-1,E07000219,6,0,1,0,1,4,3,7,0,0,0,1,0,0,0,0,1,3,17
2024231422620,2024,231422620,410381,250594,-1.84969,52.15353,3,3,2,19:30,-1,E07000221,6,2,1,0,2,"[4, 19]",8,4,0,0,0,1,0,0,0,0,0,2,26
2024231422652,2024,231422652,451509,274560,-1.24494,52.36668,3,3,6,18:50,-1,E07000220,3,2,1,1,1,19,4,8,0,0,0,1,0,0,0,0,0,3,15
2024231422682,2024,231422682,435252,285406,-1.48254,52.46546,2,2,6,12:30,-1,E07000219,4,0,1,0,1,19,6,2,0,0,0,0,1,0,0,0,0,3,8
2024231422738,2024,231422738,436349,286896,-1.46624,52.47879,3,3,6,13:51,-1,E07000219,4,0,1,0,1,19,7,3,10,7,11,1,0,0,0,0,0,3,15
2024231423083,2024,231423083,435737,292271,-1.47467,52.52715,2,2,5,23:09,-1,E07000219,6,2,2,1,1,5,3,1,0,0,0,1,0,0,0,0,1,2,15
2024231423596,2024,231423596,439323,293246,-1.4217,52.53566,3,3,3,09:47,-1,E07000219,3,0,1,0,1,"[3, 19]",6,2,0,0,0,1,0,0,0,0,0,3,5
2024231423634,2024,231423634,451463,279413,-1.24487,52.41031,3,3,5,00:50,-1,E07000220,3,2,1,1,2,19,6,2,0,1,0,1,0,0,0,0,0,3,21
2024231424392,2024,231424392,434462,292144,-1.49348,52.52609,2,2,4,18:49,-1,E07000219,6,2,1,0,1,19,1,5,0,0,0,1,0,0,0,0,1,3,20
2024231424485,2024,231424485,437400,258762,-1.45389,52.2258,3,3,1,15:57,-1,E07000221,6,0,2,1,2,"[9, 19]","[1, 7]","[7, 5]",0,0,0,1,0,0,0,0,0,3,10
2024231424529,2024,231424529,441710,279326,-1.38825,52.41035,3,3,6,23:41,-1,E07000220,4,2,1,1,2,19,2,7,0,7,11,1,0,0,0,0,0,3,15
2024231424579,2024,231424579,435957,291432,-1.47152,52.51959,3,3,7,08:57,-1,E07000219,6,0,1,0,1,9,6,4,0,0,0,1,0,0,0,0,1,3,16
2024231424798,2024,231424798,433797,296395,-1.50285,52.56434,3,3,6,16:28,-1,E07000218,3,0,1,0,2,"[19, 9]","[4, 8]","[8, 6]",0,0,0,1,0,0,0,0,0,3,22
2024231424850,2024,231424850,433189,291682,-1.51228,52.52201,2,2,2,21:04,-1,E07000219,6,0,1,0,1,"[9, 4]",2,"[1, 6]",0,0,0,1,0,0,0,0,0,3,18
2024231424949,2024,231424949,438801,282442,-1.43065,52.43858,3,3,4,09:14,-1,E07000220,1,0,1,0,2,"[3, 19]",7,3,0,0,0,1,0,0,0,1,0,3,20
2024231425014,2024,231425014,452869,279007,-1.22427,52.40652,2,2,7,07:54,-1,E07000220,1,0,1,0,2,19,3,7,0,1,1,1,0,0,0,0,0,3,23
2024231425218,2024,231425218,450169,275492,-1.26448,52.37518,3,3,4,16:29,-1,E07000220,3,0,2,1,1,19,"[7, 1]","[4, 5]",0,0,0,1,0,1,0,0,0,3,20
2024231425301,2024,231425301,422222,263996,-1.67574,52.27367,3,3,2,17:17,-1,E07000221,3,0,1,0,2,"[19, 9]","[3, 7]","[7, 5, 3]",0,0,0,1,0,1,0,0,0,3,18
2024231425430,2024,231425430,441916,261243,-1.38747,52.24778,3,3,5,06:45,-1,E07000221,3,0,1,0,2,19,"[6, 2]","[2, 6]",0,1,0,1,0,0,0,0,0,3,21
2024231425633,2024,231425633,428048,287292,-1.58842,52.48283,3,3,6,08:39,-1,E07000218,4,0,1,0,2,"[19, 9]","[1, 2]","[5, 1]",0,0,0,1,0,0,0,0,0,3,22
2024231425694,2024,231425694,426104,262505,-1.61897,52.2601,3,3,1,03:10,-1,E07000222,3,2,1,1,2,"[15, 19]",6,2,0,0,0,1,0,0,0,0,0,3,24
2024231426099,2024,231426099,424676,301212,-1.63704,52.60813,3,3,6,14:45,-1,E07000218,1,0,1,0,2,-1,2,6,0,0,0,1,0,0,0,0,0,3,22
2024231426324,2024,231426324,436210,290894,-1.46785,52.51474,2,2,5,23:08,-1,E07000219,3,2,2,1,1,"[9, 19]","[6, 2]","[4, 6]",0,0,0,1,0,1,0,0,0,3,21
2024231426344,2024,231426344,441005,282582,-1.39821,52.43968,3,3,3,23:36,-1,E07000220,4,2,2,1,2,19,8,5,0,2,10,1,0,0,0,0,0,3,26
2024231426364,2024,231426364,436021,292041,-1.47051,52.52506,3,3,2,16:50,-1,E07000219,3,0,1,0,1,19,"[3, 8]","[6, 4]","[0, 99]",0,0,1,0,0,0,0,0,3,25
2024231427078,2024,231427078,452823,280788,-1.22466,52.42254,3,3,7,22:43,-1,E07000220,3,2,1,0,2,"[19, 4]",2,6,0,0,0,1,0,0,0,0,0,3,23
2024231427101,2024,231427101,427707,285609,-1.59358,52.46772,2,"[3, 2]",1,12:05,-1,E07000218,1,0,1,0,2,"[19, 4]",7,3,0,0,0,1,0,0,0,0,0,3,31
2024231427136,2024,231427136,416536,246884,-1.7599,52.12003,3,3,6,14:00,-1,E07000221,6,0,1,0,2,19,1,5,0,0,0,1,0,0,0,0,1,3,22
2024231427219,2024,231427219,438656,288658,-1.43207,52.49447,2,2,2,07:46,-1,E07000219,4,0,1,0,2,19,1,5,0,0,0,0,0,1,0,0,1,3,18
2024231427229,2024,231427229,420446,296359,-1.6998,52.56468,1,1,1,23:35,-1,E07000218,1,2,1,0,2,19,6,2,0,0,0,1,0,0,1,0,1,3,31
2024231427440,2024,231427440,405616,262988,-1.91913,52.26503,3,3,3,18:59,-1,E07000221,4,2,2,1,2,"[9, 19]","[5, 2]","[2, 6]",0,0,0,1,0,0,0,0,0,3,26
2024231427444,2024,231427444,429116,261634,-1.57491,52.25212,3,3,4,17:00,-1,E07000222,1,0,1,0,2,4,4,8,0,0,0,1,0,0,0,0,0,3,27
2024231427459,2024,231427459,442264,271243,-1.38112,52.33765,3,3,4,15:39,-1,E07000220,4,0,2,1,2,19,7,3,0,1,4,0,0,0,1,0,0,3,27
2024231427472,2024,231427472,431297,286003,-1.5407,52.47107,2,2,4,22:30,-1,E07000218,1,0,1,1,2,19,8,4,"[0, 1]",0,0,1,0,0,1,0,0,3,27
2024231427578,2024,231427578,436412,287521,-1.46524,52.4844,2,"[3, 2]",7,10:27,-1,E07000219,6,0,1,0,1,19,"[5, 2]","[1, 6]",0,0,0,1,0,1,0,0,0,3,30
2024231427760,2024,231427760,435851,287921,-1.47346,52.48803,3,3,5,19:40,-1,E07000219,4,2,2,1,1,"[9, 19]","[3, 1]","[1, 5]",0,0,0,1,0,0,0,0,0,3,28
2024231427768,2024,231427768,429903,265652,-1.56303,52.2882,3,3,2,17:00,-1,E07000222,3,0,1,0,1,"[19, 9]","[6, 8]","[2, 6]",0,0,0,1,0,0,0,0,0,3,18
2024231428353,2024,231428353,417874,251917,-1.7401,52.16524,3,3,1,10:18,-1,E07000221,6,0,1,0,2,"[13, 19]",2,6,0,0,0,1,0,0,0,1,0,3,24
2024231429035,2024,231429035,448592,273637,-1.28791,52.35865,3,3,5,12:20,-1,E07000220,6,0,2,1,1,9,4,2,0,3,11,1,0,0,0,0,0,3,28
2024231429051,2024,231429051,437596,274979,-1.44921,52.37157,3,3,3,06:30,-1,E07000220,3,2,1,1,2,"[15, 11]",8,4,0,"[2, 0]","[3, 0]",1,0,1,0,0,0,4,2
2024231429104,2024,231429104,428467,296005,-1.58151,52.56114,3,3,5,08:05,-1,E07000218,4,0,1,0,2,"[9, 19]","[8, 6]","[4, 2]",0,0,0,1,0,0,0,0,0,3,28
2024231429456,2024,231429456,409549,253482,-1.86177,52.17951,2,2,5,12:12,-1,E07000221,6,0,1,0,2,"[9, 19]","[7, 8]",4,0,0,0,1,0,0,0,0,0,3,28
2024231429684,2024,231429684,432015,265931,-1.53204,52.29059,3,3,2,17:25,-1,E07000222,6,0,1,0,1,"[7, 19]","[7, 6]",2,0,0,0,1,1,0,0,0,0,3,25
2024231429874,2024,231429874,420004,255029,-1.70878,52.19314,3,3,5,09:11,-1,E07000221,6,0,1,0,1,19,6,2,0,0,0,1,0,0,0,0,1,3,28
2024231429875,2024,231429875,424363,300795,-1.64169,52.6044,3,3,6,15:00,-1,E07000218,3,0,1,0,2,19,"[4, 6]","[8, 2]",0,0,0,1,1,0,0,0,0,3,29
2024231429892,2024,231429892,453293,273646,-1.21888,52.35829,3,3,7,17:40,-1,E07000220,3,0,1,1,1,"[9, 19]","[1, 7]","[7, 3]",0,0,0,1,0,0,0,0,0,3,23
2024231429894,2024,231429894,439722,284438,-1.41687,52.45646,3,3,5,18:20,-1,E07000220,1,2,2,1,2,19,2,6,0,1,4,1,0,0,0,0,0,3,28
2024231429932,2024,231429932,413307,266257,-1.80631,52.29428,3,3,6,22:50,-1,E07000221,6,2,1,1,2,19,3,8,0,7,4,1,0,0,0,0,0,3,29
2024231429937,2024,231429937,434463,285222,-1.49418,52.46386,3,3,5,21:10,-1,E07000219,3,2,2,1,2,7,6,2,0,0,0,1,0,0,0,0,0,4,4
2024231429943,2024,231429943,449147,272898,-1.27987,52.35195,3,3,7,12:32,-1,E07000220,6,0,1,0,1,19,8,4,0,0,0,1,0,0,0,0,1,3,30
2024231429953,2024,231429953,446442,271487,-1.31977,52.3395,3,3,2,13:00,-1,E07000220,3,0,1,0,2,"[19, 12]",4,"[8, 2]",0,0,0,1,0,0,0,0,0,4,1
2024231430072,2024,231430072,449668,275144,-1.27189,52.3721,2,2,5,11:26,-1,E07000220,3,0,1,0,1,"[2, 19]","[0, 3]","[0, 7]","[0, 4]",0,0,1,1,0,0,0,0,4,4
2024231430080,2024,231430080,426011,262371,-1.62034,52.2589,3,3,1,16:30,-1,E07000222,3,0,1,0,2,"[19, 9]",6,"[2, 3]",0,0,0,1,0,1,0,0,0,3,24
2024231430118,2024,231430118,426003,255710,-1.62097,52.19901,3,3,4,08:40,-1,E07000221,4,0,1,1,2,19,"[8, 3]","[3, 8]",0,7,"[11, 0]",1,0,0,0,0,0,4,3
2024231430286,2024,231430286,444250,289199,-1.3496,52.49891,1,"[1, 3]",3,21:50,-1,E07000220,4,2,1,0,2,19,"[6, 2]","[2, 6]",0,"[0, 7]",0,1,0,0,0,0,0,4,9
2024231431092,2024,231431092,418941,291117,-1.7223,52.51761,2,2,3,15:25,-1,E07000218,3,0,1,0,2,"[4, 3]",8,4,0,0,0,1,0,1,0,0,0,4,2
2024231431110,2024,231431110,439114,274204,-1.42701,52.3645,3,3,7,16:36,-1,E07000220,3,0,1,0,2,4,8,4,0,0,0,1,0,0,0,0,0,3,30
2024231431112,2024,231431112,426165,304480,-1.6148,52.63744,3,3,5,02:54,-1,E07000218,6,2,2,1,2,19,2,5,0,2,4,1,0,0,0,0,0,4,4
2024231431119,2024,231431119,412257,273597,-1.82144,52.3603,3,3,1,18:57,-1,E07000221,6,0,1,1,2,19,"[8, 6]","[4, 2]",0,"[0, 3]","[0, 4]",1,0,0,0,0,0,4,7
2024231431128,2024,231431128,426933,290307,-1.60459,52.50999,3,3,1,11:15,-1,E07000218,6,0,1,0,2,"[6, 19]","[7, 3]",7,0,0,0,1,0,1,0,0,0,4,7
2024231431366,2024,231431366,438281,261348,-1.4407,52.24899,2,2,6,22:34,-1,E07000221,4,2,1,1,2,19,2,6,0,1,4,1,0,0,0,0,0,3,15
2024231431375,2024,231431375,424157,298424,-1.64491,52.58309,3,3,2,09:40,-1,E07000218,6,0,2,1,2,"[19, 1]","[8, 2]","[4, 8]",0,0,0,1,0,0,0,1,0,4,8
2024231431380,2024,231431380,443854,265212,-1.35857,52.28331,2,"[3, 2]",2,06:40,-1,E07000220,3,0,1,0,2,"[7, 19]","[4, 2]",6,0,7,10,1,0,0,0,0,0,4,8
2024231431390,2024,231431390,435035,284642,-1.48582,52.45861,2,2,4,22:30,-1,E07000219,4,2,1,1,2,"[13, 19]",8,"[2, 4]",0,"[7, 0]","[10, 0]",1,0,1,0,0,0,4,3
2024231431396,2024,231431396,426867,291705,-1.60545,52.52257,2,2,4,07:30,-1,E07000218,4,0,1,0,2,"[19, 13]",1,5,0,0,0,1,1,0,0,0,0,4,10
2024231431402,2024,231431402,437984,293112,-1.44146,52.53455,2,2,4,18:12,-1,E07000219,6,0,1,0,1,"[2, 19]","[0, 8]","[0, 4]","[0, 4]","[0, 7]",0,1,0,0,0,0,0,4,3
2024231431421,2024,231431421,427516,256469,-1.59877,52.20576,2,2,5,13:45,-1,E07000221,3,0,1,1,2,19,"[4, 1]","[1, 4]",0,0,0,1,0,0,0,1,0,4,4
2024231431435,2024,231431435,423081,258929,-1.6635,52.22808,2,"[2, 3]",6,08:11,-1,E07000221,3,0,1,0,2,19,2,6,0,1,9,1,0,0,0,0,0,4,5
2024231431441,2024,231431441,439160,283203,-1.42528,52.44539,3,3,2,21:10,-1,E07000220,1,2,1,1,2,19,1,5,0,"[2, 0]","[7, 0]",1,0,0,1,0,0,4,8
2024231431447,2024,231431447,438294,292272,-1.43698,52.52698,2,2,7,12:31,-1,E07000219,3,0,1,0,1,"[4, 19]",5,1,0,0,0,1,0,1,0,0,0,4,6
2024231431479,2024,231431479,433354,285137,-1.51051,52.46316,3,3,1,01:00,-1,E07000219,6,2,1,0,1,19,5,1,0,1,3,1,0,0,0,0,0,4,7
2024231431508,2024,231431508,443330,271067,-1.3655,52.33598,3,3,1,15:50,-1,E07000220,4,0,1,0,2,19,"[5, 3]","[1, 7]",0,"[1, 0]",0,1,0,0,0,0,0,4,7
2024231431527,2024,231431527,435696,290796,-1.47543,52.51389,2,2,2,20:00,-1,E07000219,4,2,1,0,1,19,2,6,0,0,0,1,0,0,0,0,1,4,8
2024231431701,2024,231431701,419616,255109,-1.71445,52.19387,3,3,6,11:00,-1,E07000221,6,0,1,0,1,"[7, 14]","[3, 1]",5,0,0,0,1,0,0,0,0,0,4,12
2024231432300,2024,231432300,451429,274847,-1.24607,52.36927,3,3,1,00:10,-1,E07000220,6,2,1,0,1,"[13, 19]",8,4,0,0,0,1,0,0,0,0,0,4,7
2024231432985,2024,231432985,429355,261397,-1.57143,52.24997,3,3,4,18:19,-1,E07000222,1,0,1,0,2,4,4,8,0,0,0,1,0,0,0,0,0,3,27
2024231433027,2024,231433027,438645,287081,-1.43241,52.48029,3,3,5,15:10,-1,E07000219,6,0,1,0,1,"[13, 2, 5]","[1, 0, 4]","[4, 0, 1]",0,"[1, 0]",0,1,0,0,0,0,0,4,11
2024231433133,2024,231433133,433742,247930,-1.50851,52.12865,2,"[2, 3]",3,20:13,-1,E07000221,6,2,1,0,2,19,"[4, 1]","[1, 4]",0,0,0,1,0,0,0,0,0,4,9
2024231433343,2024,231433343,447088,280805,-1.30898,52.42321,3,3,5,22:29,-1,E07000220,1,2,1,0,2,"[15, 19]",4,8,0,0,0,1,0,0,0,0,0,4,11
2024231433347,2024,231433347,421813,291596,-1.67995,52.52181,2,2,7,14:59,-1,E07000218,6,0,1,0,2,19,"[1, 5]","[5, 1]",0,0,0,0,1,0,0,1,0,3,30
2024231433431,2024,231433431,425875,240918,-1.62396,52.06604,2,2,5,15:00,-1,E07000221,6,0,1,0,2,9,3,7,0,0,0,1,0,0,0,0,1,4,11
2024231433442,2024,231433442,428638,265105,-1.58162,52.28335,2,2,7,09:33,-1,E07000222,3,0,1,0,1,"[7, 19]","[7, 6]",2,0,0,0,1,1,0,0,0,0,4,13
2024231433468,2024,231433468,430020,270413,-1.56089,52.33099,3,3,3,17:14,-1,E07000222,3,0,1,0,2,"[4, 19]",2,5,0,0,0,1,0,0,0,0,0,4,16
2024231433478,2024,231433478,435147,284607,-1.48417,52.45829,3,3,3,16:05,-1,E07000219,6,0,1,-1,2,"[4, 3]",-1,-1,0,0,0,1,0,0,0,0,0,4,16
2024231433479,2024,231433479,440200,270711,-1.41148,52.33302,3,3,7,16:27,-1,E07000220,4,0,1,0,2,"[5, 4]",3,1,0,0,0,1,0,1,0,0,0,4,13
2024231433509,2024,231433509,428846,264602,-1.57861,52.27881,3,3,3,16:31,-1,E07000222,3,0,2,1,1,"[9, 19]","[3, 1]","[1, 5]",0,0,0,1,1,0,0,0,0,4,16
2024231434256,2024,231434256,434788,291250,-1.48876,52.51803,3,3,4,11:07,-1,E07000219,4,0,2,1,1,"[9, 19]","[4, 2]","[2, 6]",0,0,0,1,0,1,0,0,0,4,10
2024231434371,2024,231434371,436857,292287,-1.45816,52.52721,3,3,3,21:53,-1,E07000219,6,2,1,0,1,"[19, 5]","[2, 8]","[6, 4]",0,0,0,1,0,0,0,0,0,4,16
2024231434756,2024,231434756,418632,287658,-1.72705,52.48653,3,3,3,19:13,-1,E07000218,1,2,5,1,2,-1,8,4,0,0,0,1,0,0,1,0,0,2,6
2024231436834,2024,231436834,430964,266186,-1.54743,52.29294,3,3,2,14:47,-1,E07000222,3,0,1,1,1,"[9, 19]","[8, 6]",2,0,"[3, 0]",0,1,0,0,0,0,0,4,22
2024231436936,2024,231436936,435181,292175,-1.48288,52.52632,3,3,5,13:15,-1,E07000219,6,0,1,0,1,1,4,8,0,0,0,1,0,0,0,0,0,4,11
2024231436967,2024,231436967,427157,254818,-1.60415,52.19094,2,2,1,14:00,-1,E07000221,6,0,1,0,2,"[5, 19]","[3, 1]","[7, 5]",0,0,0,1,1,0,0,0,0,4,14
2024231437019,2024,231437019,428110,296920,-1.5867,52.56938,2,2,6,16:45,-1,E07000218,4,0,1,0,2,"[10, 13]",8,"[6, 4]",0,"[7, 0]",0,1,0,0,0,0,0,4,19
2024231437416,2024,231437416,427257,262142,-1.6021,52.25678,3,3,7,01:16,-1,E07000222,1,2,1,0,2,19,3,8,0,1,11,1,0,0,0,0,0,4,20
2024231437428,2024,231437428,429319,262926,-1.57183,52.26372,3,3,6,21:56,-1,E07000222,3,2,1,1,2,7,6,1,0,3,4,1,0,0,0,0,0,4,19
2024231437518,2024,231437518,440895,276178,-1.40061,52.38212,3,3,5,17:00,-1,E07000220,6,0,1,0,2,19,"[6, 8]","[2, 4]",0,0,0,1,0,0,0,0,0,4,18
2024231437684,2024,231437684,433453,264851,-1.51107,52.28079,3,3,6,09:37,-1,E07000222,6,0,1,0,1,1,8,4,0,0,0,1,0,0,0,0,1,4,12
2024231437694,2024,231437694,417904,295056,-1.73737,52.55306,3,3,4,19:07,-1,E07000218,3,0,1,0,2,"[19, 9]","[4, 2]",8,0,0,0,1,0,0,0,0,0,4,10
2024231437704,2024,231437704,434846,292025,-1.48783,52.52499,3,3,4,16:00,-1,E07000219,6,0,1,0,1,"[5, 19]","[8, 2]","[4, 6]",0,0,0,1,1,0,0,0,0,4,17
2024231437711,2024,231437711,453559,279362,-1.21407,52.40965,3,3,3,11:30,-1,E07000220,3,0,1,0,2,"[9, 19]","[8, 4]","[6, 8]",0,0,0,1,0,0,0,0,0,4,2
2024231437776,2024,231437776,412227,255463,-1.82253,52.19727,3,3,5,09:55,-1,E07000221,6,0,1,0,2,19,1,5,0,1,3,1,0,0,0,0,0,4,25
2024231437779,2024,231437779,449134,270704,-1.28038,52.33223,2,2,2,16:45,-1,E07000220,1,0,1,0,2,"[19, 4]",3,7,0,"[0, 4]","[0, 6]",1,0,0,1,0,0,4,22
2024231437795,2024,231437795,422571,298329,-1.66832,52.58231,2,"[3, 2]",1,02:30,-1,E07000218,1,2,2,1,2,19,2,6,"[4, 0]","[0, 2]",0,1,0,0,0,0,0,4,28
2024231437819,2024,231437819,426039,262345,-1.61993,52.25866,3,3,6,11:50,-1,E07000222,3,0,1,0,2,"[7, 11]",3,6,0,0,0,1,0,0,1,0,0,4,12
2024231437822,2024,231437822,449171,275406,-1.27915,52.3745,3,3,4,18:45,-1,E07000220,3,0,1,0,1,"[9, 19]","[4, 8]","[2, 4]",0,0,0,1,0,0,0,0,0,4,24