collision_index,collision_year,collision_ref_no,location_easting_osgr,location_northing_osgr,longitude,latitude,casualty_severity,casualty_severity,day_of_week,time,local_authority_district,local_authority_ons_district,first_road_class,light_conditions,weather_conditions,road_surface_conditions,urban_or_rural_area,vehicle_manoeuvre,vehicle_direction_from,vehicle_direction_to,hit_object_in_carriageway,vehicle_leaving_carriageway,hit_object_off_carriageway,is_car,is_cyle,is_mcyle,is_goodsv,is_other,is_pedestrian,month,day
2024231479059,2024,231479059,436203,272151,-1.46998,52.34624,2,2,3,15:20,-1,E07000222,3,0,1,0,2,"[13, 9]",2,"[6, 8]",0,0,0,1,0,1,0,0,0,8,6
2024231479078,2024,231479078,444142,282065,-1.35214,52.43479,2,"[3, 2]",1,13:20,-1,E07000220,1,0,1,0,2,"[12, 11]",8,4,0,"[1, 0]","[9, 0]",1,0,0,0,0,0,8,11
2024231479118,2024,231479118,409214,257750,-1.86655,52.21789,3,3,7,15:00,-1,E07000221,6,0,1,0,2,"[4, 19]",1,5,0,0,0,1,0,0,0,0,0,8,10
2024231479158,2024,231479158,431782,292237,-1.53297,52.52708,3,3,3,09:40,-1,E07000219,6,0,1,0,1,"[19, 10]","[2, 4]","[6, 2]",0,0,0,0,0,0,1,1,0,8,6
2024231479257,2024,231479257,423070,292658,-1.66135,52.53131,2,2,7,22:09,-1,E07000218,4,2,1,0,2,19,4,1,0,1,11,1,0,0,0,0,0,8,10
2024231479468,2024,231479468,419033,294162,-1.72077,52.54498,3,3,6,19:10,-1,E07000218,1,0,1,0,2,"[19, 11]",6,2,0,0,0,1,0,0,1,0,0,7,19
2024231479540,2024,231479540,440704,279175,-1.40306,52.40907,3,3,5,06:55,-1,E07000220,6,0,1,0,2,"[7, 4]","[6, 1]","[1, 5]",0,"[7, 0]",0,1,0,0,0,0,0,7,18
2024231479573,2024,231479573,426756,301914,-1.60627,52.61435,3,3,3,18:02,-1,E07000218,4,0,1,0,2,19,7,3,10,2,2,1,0,0,0,0,0,8,6
2024231479879,2024,231479879,431013,298176,-1.54375,52.58052,3,3,6,15:20,-1,E07000218,3,0,1,0,1,13,4,7,0,4,0,0,0,1,0,0,0,8,2
2024231479896,2024,231479896,430827,287053,-1.54752,52.48054,2,2,5,15:55,-1,E07000218,6,0,1,0,2,19,"[1, 4]","[4, 8]",0,"[1, 0]",0,1,0,0,0,0,0,8,8
2024231480247,2024,231480247,432393,264356,-1.52665,52.2764,3,3,6,09:10,-1,E07000222,6,0,1,0,1,19,"[5, 7]","[1, 3]",0,0,0,1,1,0,0,0,0,8,9
2024231480341,2024,231480341,411399,259314,-1.83452,52.23191,3,3,7,22:17,-1,E07000221,4,2,1,0,2,19,6,4,10,1,10,1,0,0,0,0,0,8,10
2024231480376,2024,231480376,417461,271717,-1.74512,52.34325,3,3,6,02:34,-1,E07000222,6,2,1,1,2,19,2,5,0,7,4,1,0,0,0,0,0,6,14
2024231480389,2024,231480389,433456,275012,-1.51001,52.37214,3,3,1,14:30,-1,E07000222,3,0,1,0,1,"[4, 19]",6,2,0,0,0,1,0,0,0,0,0,8,11
2024231480429,2024,231480429,448928,272039,-1.28321,52.34425,3,3,7,06:47,-1,E07000220,3,0,1,0,2,19,"[2, 6]","[6, 2]",0,0,0,1,0,0,0,0,0,8,10
2024231480469,2024,231480469,408247,251370,-1.88086,52.16054,3,3,4,13:40,-1,E07000221,4,0,2,1,2,19,"[3, 1]","[7, 5]",0,0,0,1,0,0,1,0,0,8,14
2024231481300,2024,231481300,435275,285495,-1.4822,52.46626,3,3,7,17:31,-1,E07000219,4,0,1,0,1,19,1,5,0,7,11,1,0,0,0,0,0,7,27
2024231481334,2024,231481334,436121,263456,-1.47211,52.26808,3,3,6,18:44,-1,E07000222,3,0,1,0,2,"[4, 19]",4,8,0,0,0,1,0,0,0,0,0,8,16
2024231481348,2024,231481348,425049,240242,-1.63606,52.06,3,3,5,16:02,-1,E07000221,6,0,1,0,2,19,"[8, 6]","[4, 2]",0,0,0,1,0,0,0,0,0,7,25
2024231481445,2024,231481445,433011,292962,-1.51478,52.53353,2,2,6,19:01,-1,E07000219,6,0,1,0,1,"[19, 5, 3, 2]","[5, 8, 0]","[8, 5, 6, 0]",0,"[1, 0]",0,1,0,1,0,0,0,8,16
2024231481453,2024,231481453,413450,255154,-1.80465,52.19446,2,2,3,14:39,-1,E07000221,6,0,1,0,2,19,4,8,0,0,0,0,0,1,0,0,0,8,13
2024231481704,2024,231481704,439365,247973,-1.42637,52.12867,2,2,6,04:50,-1,E07000221,4,2,1,0,2,19,4,8,0,7,9,1,0,0,0,0,0,8,2
2024231481705,2024,231481705,435073,295796,-1.48409,52.55888,3,3,6,21:20,-1,E07000218,3,2,1,0,2,19,8,4,0,"[3, 0]","[6, 0]",1,0,0,0,0,0,8,16
2024231481754,2024,231481754,428361,303236,-1.58245,52.62615,3,3,5,09:50,-1,E07000218,6,0,1,0,2,19,"[5, 3]","[1, 7]",0,"[1, 0]",0,1,0,0,0,0,0,8,15
2024231481769,2024,231481769,418073,265179,-1.73649,52.28446,3,3,7,01:45,-1,E07000221,3,2,1,0,2,"[7, 19]","[3, 8]","[8, 3]",0,"[7, 0]",0,1,0,0,0,0,0,8,17
2024231481901,2024,231481901,425899,234744,-1.62407,52.01053,2,"[2, 3]",6,18:09,-1,E07000221,6,0,1,0,2,19,"[6, 2]","[2, 6]","[0, 10]","[0, 1]",0,1,0,0,0,0,0,8,16
2024231481922,2024,231481922,414481,253320,-1.78964,52.17795,3,3,6,19:48,-1,E07000221,4,0,1,0,2,"[5, 19]","[1, 6]","[5, 2]",0,0,0,1,0,0,0,0,0,8,16
2024231482057,2024,231482057,435243,288875,-1.48231,52.49665,2,"[3, 2]",6,06:15,-1,E07000219,6,0,2,0,1,"[9, 19]","[5, 3]","[3, 7]",0,0,0,1,0,1,0,0,0,8,16
2024231482061,2024,231482061,439428,293385,-1.42014,52.53691,3,3,3,06:19,-1,E07000219,3,0,1,0,1,"[19, 9]","[4, 8]","[8, 6]",0,0,0,1,0,0,0,0,0,8,20
2024231482114,2024,231482114,420674,254802,-1.69899,52.19108,3,3,6,18:08,-1,E07000221,4,0,1,0,2,"[19, 7]","[8, 2]",4,0,0,0,1,1,0,0,0,0,8,16
2024231482139,2024,231482139,421969,256982,-1.6799,52.21062,3,3,6,14:15,-1,E07000221,3,0,1,0,2,"[4, 19]",6,2,0,0,0,1,0,0,0,0,0,8,16
2024231482166,2024,231482166,443048,288221,-1.36744,52.49021,3,3,1,07:01,-1,E07000220,4,0,1,0,2,"[9, 19]","[8, 5]","[5, 3]",0,0,0,1,0,0,0,0,0,8,18
2024231482198,2024,231482198,450805,274567,-1.25527,52.36681,3,3,7,12:13,-1,E07000220,6,0,1,0,1,19,4,1,0,7,0,1,0,0,0,0,1,8,17
2024231482211,2024,231482211,438882,282257,-1.42948,52.43691,2,2,2,18:00,-1,E07000220,3,0,1,0,2,"[19, 5]",8,4,0,0,0,0,0,0,1,0,0,8,19
2024231482227,2024,231482227,451715,273308,-1.2421,52.3554,3,3,1,18:54,-1,E07000220,6,0,1,0,1,"[2, 19]","[0, 1]","[0, 5]","[0, 4]","[1, 7]",0,1,0,0,0,0,0,8,18
2024231482289,2024,231482289,435810,288535,-1.474,52.49356,2,2,3,18:55,-1,E07000219,4,0,1,0,2,5,1,5,0,0,0,1,0,0,0,0,0,8,13
2024231482312,2024,231482312,440686,288897,-1.40214,52.49647,3,3,3,17:42,-1,E07000220,6,0,1,0,2,"[8, 19]",5,1,0,0,0,1,0,0,0,0,0,8,13
2024231482352,2024,231482352,437723,286812,-1.44602,52.47794,3,3,1,13:25,-1,E07000219,4,0,1,0,2,19,"[3, 7]","[7, 3]",0,"[0, 1]","[0, 11]",1,0,1,0,0,0,8,11
2024231482364,2024,231482364,418610,256822,-1.72907,52.20931,2,2,2,12:06,-1,E07000221,3,0,1,0,2,"[19, 9]",2,"[6, 8]",0,0,0,1,1,0,0,0,0,8,19
2024231482483,2024,231482483,419949,286983,-1.70769,52.48041,3,3,5,08:56,-1,E07000218,3,0,1,0,2,"[5, 19]","[5, 1]","[1, 7]",0,0,0,1,1,0,0,0,0,8,15
2024231482492,2024,231482492,424463,300621,-1.64023,52.60283,2,2,1,16:20,-1,E07000218,3,0,1,0,2,19,"[2, 4]","[6, 8]",0,0,0,1,0,0,0,0,0,8,18
2024231482526,2024,231482526,435458,287930,-1.47924,52.48814,3,3,3,20:49,-1,E07000219,6,0,1,0,1,19,"[7, 2]","[2, 7]",0,0,0,1,0,1,0,0,0,8,6
2024231482564,2024,231482564,439386,286858,-1.42153,52.47823,3,3,2,18:02,-1,E07000219,4,0,1,0,1,19,"[8, 4]","[4, 8]",0,"[0, 1]","[0, 11]",1,0,0,1,0,0,8,12
2024231482578,2024,231482578,431658,268625,-1.53702,52.31483,2,2,4,04:33,-1,E07000222,4,2,1,0,2,19,4,8,0,3,4,1,0,0,0,0,0,8,21
2024231482610,2024,231482610,432031,265456,-1.53185,52.28631,3,3,3,16:05,-1,E07000222,6,0,1,0,1,"[5, 9]","[3, 5]","[7, 3]",0,0,0,1,1,0,0,0,0,8,13
2024231482680,2024,231482680,449634,276499,-1.27219,52.38428,3,3,3,17:42,-1,E07000220,3,0,1,0,2,"[5, 19]",4,8,0,0,0,1,0,0,0,0,0,8,20
2024231482718,2024,231482718,431111,239261,-1.54773,52.05087,3,3,1,16:30,-1,E07000221,4,0,1,0,2,"[19, 4, 2]","[3, 0]","[8, 0]","[4, 0]","[7, 0]","[3, 0]",1,0,0,0,0,0,8,18
2024231484067,2024,231484067,437884,265547,-1.44604,52.28676,2,2,7,12:21,-1,E07000222,6,0,1,1,2,19,"[7, 3]","[3, 7]",0,"[1, 0]","[4, 0]",1,0,0,0,0,0,8,24
2024231484069,2024,231484069,421526,259616,-1.68622,52.23432,2,2,7,11:51,-1,E07000221,6,0,1,0,2,19,4,8,0,0,0,0,1,0,0,0,0,8,17
2024231484074,2024,231484074,450289,276678,-1.26254,52.38583,3,3,5,13:05,-1,E07000220,6,0,1,0,2,"[4, 19]",4,8,0,0,0,1,0,0,0,0,0,8,22
2024231484091,2024,231484091,448625,273367,-1.28746,52.35622,3,3,3,15:06,-1,E07000220,6,0,1,0,1,"[14, 1]","[6, 8]","[2, 4]",0,0,0,1,0,0,0,0,0,8,20
2024231484093,2024,231484093,423460,285879,-1.65608,52.47035,3,3,3,00:06,-1,E07000218,1,2,1,0,2,"[12, 11]",4,8,0,0,0,1,0,0,0,0,0,8,13
2024231484113,2024,231484113,439004,282349,-1.42768,52.43773,2,2,4,14:05,-1,E07000220,1,0,1,0,2,19,8,4,0,8,6,1,0,0,0,0,0,8,21
2024231484145,2024,231484145,450746,272634,-1.25643,52.34944,1,"[1, 2]",7,13:39,-1,E07000220,4,0,2,1,2,19,"[6, 2]","[2, 6]","[0, 10]",0,0,1,0,0,0,0,0,8,24
2024231484185,2024,231484185,422046,259502,-1.67861,52.23328,3,3,6,13:01,-1,E07000221,3,0,4,0,2,"[19, 9]","[4, 2]",8,0,"[0, 1]","[0, 11]",1,0,0,0,0,0,8,23
2024231484261,2024,231484261,428820,261883,-1.57923,52.25437,3,3,2,16:15,-1,E07000222,1,0,1,0,2,"[19, 11]",8,4,0,0,0,1,0,0,0,0,0,8,26
2024231485267,2024,231485267,413057,272431,-1.80974,52.3498,3,3,4,09:35,-1,E07000221,1,0,1,0,2,"[2, 19]","[0, 2]","[0, 6]",0,0,0,0,0,0,1,0,0,8,28
2024231485278,2024,231485278,411012,261342,-1.84012,52.25015,3,3,7,19:04,-1,E07000221,6,0,1,0,2,2,0,0,0,0,0,1,0,0,0,0,0,7,6
2024231485309,2024,231485309,432028,265455,-1.5319,52.28631,3,3,2,12:10,-1,E07000222,6,0,1,0,1,"[19, 9]","[3, 5]","[7, 3]",0,0,0,1,1,0,0,0,0,8,19
2024231486344,2024,231486344,427434,264332,-1.59933,52.27646,2,2,1,04:28,-1,E07000222,3,2,1,0,1,19,6,2,0,1,1,1,0,0,0,0,0,9,1
2024231486375,2024,231486375,421024,297282,-1.69122,52.57296,3,3,2,09:00,-1,E07000218,1,0,1,0,2,19,6,2,0,0,0,1,0,0,1,0,0,8,26
2024231486398,2024,231486398,433624,296480,-1.50539,52.56512,2,"[3, 2]",7,14:35,-1,E07000218,3,0,1,1,2,"[6, 13]",4,"[4, 8]",0,"[1, 0]",0,1,0,1,0,0,0,8,24
2024231486415,2024,231486415,442165,289809,-1.38024,52.50456,3,3,5,13:15,-1,E07000220,1,0,1,0,2,19,"[6, 2]","[2, 6]",0,"[7, 0, 6]","[6, 0]",1,0,0,0,0,0,8,22
2024231486425,2024,231486425,420881,294746,-1.69349,52.55016,2,"[2, 3]",3,20:30,-1,E07000218,3,2,1,0,2,19,"[1, 6]","[5, 2]",0,0,0,1,0,0,0,0,0,8,27
2024231486426,2024,231486426,419948,286985,-1.70771,52.48043,2,2,5,17:07,-1,E07000218,3,0,1,0,2,4,5,1,0,1,10,0,0,1,0,0,0,8,22
2024231486435,2024,231486435,424192,290890,-1.64494,52.51536,3,3,3,10:34,-1,E07000218,4,0,1,0,2,"[19, 9]","[1, 7]","[7, 4]",0,0,0,1,0,0,0,0,0,8,27
2024231486438,2024,231486438,407650,262185,-1.88934,52.25778,3,3,6,10:54,-1,E07000221,3,0,1,0,2,"[13, 14]",5,1,0,"[7, 0]",0,1,0,1,0,0,0,8,30
2024231486666,2024,231486666,444995,282515,-1.33953,52.43876,3,3,4,16:19,-1,E07000220,4,0,1,0,2,"[19, 5]","[3, 5]","[7, 1]",0,0,0,1,0,1,0,0,0,8,14
2024231486671,2024,231486671,432062,265230,-1.53142,52.28428,3,3,5,16:00,-1,E07000222,3,0,1,0,1,19,7,3,0,0,0,1,0,0,0,0,1,8,29
2024231486712,2024,231486712,447719,275955,-1.3004,52.37956,2,2,3,17:50,-1,E07000220,6,0,1,0,2,"[9, 19]",8,"[6, 4]",0,0,0,1,0,1,0,0,0,8,20
2024231487455,2024,231487455,419234,269011,-1.71925,52.31887,3,3,6,08:07,-1,E07000222,1,0,1,0,2,19,4,8,0,0,0,1,0,0,0,0,0,8,23
2024231488971,2024,231488971,418742,290992,-1.72524,52.51649,3,3,6,15:45,-1,E07000218,1,0,1,0,2,"[19, 4]",1,5,0,0,0,1,0,0,0,0,0,8,16
2024231489435,2024,231489435,434446,285212,-1.49443,52.46377,3,3,1,01:14,-1,E07000219,3,2,2,1,2,19,8,2,0,1,0,1,0,0,0,0,0,7,21
2024231489461,2024,231489461,421657,296254,-1.68195,52.56369,2,"[2, 3]",6,20:57,-1,E07000218,3,2,1,0,2,19,"[5, 1]","[1, 5]",0,0,0,1,0,0,0,0,0,8,30
2024231489500,2024,231489500,442653,264692,-1.37624,52.27873,2,2,6,15:15,-1,E07000221,6,0,1,0,2,19,"[4, 1]","[1, 4]","[10, 0]","[1, 0]","[11, 0]",1,0,1,0,0,0,6,21
2024231489514,2024,231489514,423709,291916,-1.65198,52.52461,3,3,5,23:45,-1,E07000218,4,2,1,0,2,19,2,8,0,2,11,1,0,0,0,0,0,8,29
2024231489544,2024,231489544,436067,253764,-1.47393,52.18095,3,3,4,13:32,-1,E07000221,6,0,1,0,2,"[6, 19]","[2, 6]",2,0,0,0,1,0,1,0,0,0,6,26
2024231489628,2024,231489628,435411,259511,-1.48293,52.23266,3,3,7,12:40,-1,E07000221,6,0,2,1,2,19,"[2, 7]","[7, 2]",0,0,0,1,0,0,0,0,0,8,24
2024231489642,2024,231489642,430621,293564,-1.54996,52.53908,2,"[3, 2]",3,05:52,-1,E07000218,4,0,1,0,2,"[10, 15]",2,"[8, 4, 6]",0,0,0,1,0,0,0,0,0,9,3
2024231489651,2024,231489651,424869,291363,-1.63493,52.51959,3,3,4,16:50,-1,E07000218,4,0,1,0,2,19,"[1, 7]","[5, 3]",0,0,0,1,0,0,0,0,0,9,4
2024231489661,2024,231489661,430775,299203,-1.54717,52.58976,3,3,3,09:21,-1,E07000218,6,0,1,0,2,"[19, 4]",1,5,0,0,0,1,0,0,0,0,0,9,3
2024231489668,2024,231489668,436210,290918,-1.46785,52.51495,3,3,4,18:00,-1,E07000219,3,0,1,0,1,"[19, 12]",6,2,0,0,0,1,0,0,0,0,0,8,28
2024231489918,2024,231489918,438239,276979,-1.43954,52.38951,1,1,5,21:30,-1,E07000220,3,2,1,0,1,19,6,2,10,1,0,0,0,1,0,0,0,8,22
2024231489944,2024,231489944,435870,290677,-1.47288,52.51281,3,3,6,05:56,-1,E07000219,4,0,1,0,1,"[19, 1]","[4, 8]","[8, 4]",0,0,0,1,0,0,0,0,0,8,30
2024231490031,2024,231490031,430334,298159,-1.55377,52.5804,3,3,7,12:54,-1,E07000218,3,0,1,0,2,"[19, 7]","[3, 4]","[7, 3]",0,0,0,1,0,0,0,0,0,9,7
2024231490103,2024,231490103,414955,299111,-1.78068,52.5896,2,2,3,16:39,-1,E07000218,3,0,2,1,2,"[13, 6]","[1, 5]",5,0,0,0,1,0,1,0,0,0,9,10
2024231490124,2024,231490124,431859,265733,-1.53435,52.28881,3,3,4,12:30,-1,E07000222,6,0,1,0,1,4,2,6,0,0,0,1,0,0,0,0,1,9,11
2024231490366,2024,231490366,441274,250926,-1.39813,52.15508,2,"[3, 2]",7,21:43,-1,E07000221,6,2,1,0,2,19,4,8,0,1,0,1,0,0,0,0,0,8,31
2024231490410,2024,231490410,422915,248806,-1.66661,52.13708,3,3,1,12:09,-1,E07000221,3,0,1,0,2,"[9, 13]",8,"[6, 4]",0,0,0,1,0,0,0,0,0,9,1
2024231490424,2024,231490424,430527,271702,-1.55333,52.34255,3,3,2,08:40,-1,E07000222,6,0,1,0,1,19,"[6, 8]","[2, 4]",0,0,0,1,1,0,0,0,0,9,9
2024231490449,2024,231490449,427695,248310,-1.59681,52.1324,3,3,2,16:00,-1,E07000221,3,0,1,0,2,"[19, 9]","[4, 2]","[8, 4]",0,0,0,1,0,0,0,0,0,9,2
2024231490472,2024,231490472,426075,241203,-1.62102,52.06859,3,3,4,14:18,-1,E07000221,3,0,1,0,2,"[19, 3]",2,6,0,0,0,1,0,0,0,0,0,9,4
2024231490536,2024,231490536,429272,272548,-1.57168,52.35022,3,3,4,13:50,-1,E07000222,6,0,1,0,1,"[19, 1]",2,"[6, 2]",0,0,0,1,0,1,0,0,0,9,11
2024231490563,2024,231490563,436379,247799,-1.47,52.12731,3,3,1,09:30,-1,E07000221,6,0,1,0,2,"[13, 19]",8,4,0,0,0,1,1,0,0,0,0,8,25
2024231490645,2024,231490645,435345,256781,-1.48418,52.20812,1,1,5,05:39,-1,E07000221,1,2,1,0,2,19,4,8,0,0,0,1,0,0,1,0,0,9,12
2024231490903,2024,231490903,422350,268784,-1.67355,52.31671,2,2,5,20:30,-1,E07000222,6,2,1,1,2,"[1, 19]","[7, 6]","[3, 2]",0,"[0, 7]","[0, 9]",0,0,1,1,0,0,9,12
2024231490911,2024,231490911,443119,282127,-1.36718,52.43542,3,3,3,07:45,-1,E07000220,1,0,1,0,2,"[19, 4]",3,7,0,"[0, 4]",0,1,0,0,0,0,0,9,3
2024231490948,2024,231490948,434346,292327,-1.49517,52.52774,3,3,4,18:10,-1,E07000219,6,0,1,0,1,19,"[2, 8]","[6, 4]",0,0,0,1,1,0,0,0,0,9,4
2024231490974,2024,231490974,435443,288640,-1.47939,52.49452,3,3,1,19:50,-1,E07000219,3,2,1,0,2,"[19, 7]","[6, 8]",2,0,0,0,1,0,0,0,0,0,9,8
2024231491015,2024,231491015,435874,292252,-1.47265,52.52697,3,3,3,19:10,-1,E07000219,4,2,1,1,1,"[9, 19]","[3, 8]","[8, 4]",0,0,0,1,0,0,0,0,0,9,10
2024231491035,2024,231491035,419948,286983,-1.70771,52.48041,3,3,6,06:58,-1,E07000218,3,0,1,0,2,19,1,3,0,0,0,1,0,1,0,0,0,9,13
2024231491037,2024,231491037,444811,271932,-1.34365,52.34364,2,2,5,17:25,-1,E07000220,4,2,1,1,2,19,2,6,0,0,0,1,1,0,0,0,0,9,12
2024231491082,2024,231491082,432417,293357,-1.5235,52.53712,3,3,6,07:24,-1,E07000218,4,0,1,0,1,19,7,3,0,0,0,1,0,0,0,0,1,9,13
2024231491853,2024,231491853,435916,288908,-1.47239,52.4969,1,1,6,20:46,-1,E07000219,4,2,1,0,2,19,6,2,0,0,0,1,0,0,0,0,1,9,13
2024231491863,2024,231491863,420004,286464,-1.70692,52.47574,3,3,5,12:40,-1,E07000218,3,0,2,1,2,"[7, 19]","[7, 1]","[5, 6]",0,0,0,1,0,0,0,0,0,9,12
2024231491912,2024,231491912,430520,263569,-1.55417,52.26944,3,3,7,18:00,-1,E07000222,6,0,1,0,2,19,"[8, 2]","[4, 6]",0,0,0,1,0,0,0,1,0,9,14
2024231492055,2024,231492055,417905,295059,-1.73736,52.55308,2,"[2, 3]",6,17:19,-1,E07000218,3,0,1,0,2,"[19, 8, 10]","[8, 2, 4]","[4, 2]",0,0,0,1,0,0,1,0,0,9,13
2024231492293,2024,231492293,416754,245783,-1.75677,52.11012,3,3,3,14:07,-1,E07000221,4,0,1,0,2,"[2, 14]","[0, 1]","[0, 5]","[0, 4]",0,0,1,0,0,0,0,0,8,6
2024231492310,2024,231492310,428131,306436,-1.58558,52.65493,2,2,6,16:45,-1,E07000218,1,0,1,0,2,"[4, 19]",6,2,0,0,0,1,0,0,0,0,0,9,13
2024231492349,2024,231492349,426186,300204,-1.61482,52.599,2,2,2,13:27,-1,E07000218,6,0,1,0,2,19,5,1,0,7,3,1,0,0,0,0,0,9,16
2024231492367,2024,231492367,417577,247195,-1.74468,52.12279,3,3,1,12:56,-1,E07000221,6,0,1,0,2,19,"[7, 3]",3,"[10, 0]","[7, 0]","[11, 0]",1,0,0,0,0,0,9,15
2024231492414,2024,231492414,431176,266347,-1.5443,52.29437,3,3,1,06:26,-1,E07000222,3,0,1,0,1,"[7, 19]","[8, 6]",2,0,0,0,1,0,0,0,0,0,9,15
2024231492755,2024,231492755,426541,264575,-1.6124,52.27869,3,3,1,21:10,-1,E07000222,3,2,1,0,2,19,5,1,10,1,7,1,0,0,0,0,0,9,15
2024231492774,2024,231492774,428950,264436,-1.5771,52.27732,3,3,2,13:40,-1,E07000222,3,0,1,0,1,"[3, 19]",4,8,0,0,0,1,0,1,0,0,0,9,16
2024231492840,2024,231492840,435548,287019,-1.47802,52.47994,3,3,7,10:15,-1,E07000219,6,0,1,0,1,19,"[3, 7]","[7, 3]",0,0,0,1,0,0,0,0,0,2,24
2024231492845,2024,231492845,429204,268006,-1.57307,52.3094,3,3,3,18:05,-1,E07000222,3,0,1,0,2,"[2, 19]","[0, 5]","[0, 1]","[0, 4]","[1, 0]","[7, 0]",1,0,0,0,0,0,9,17
2024231493372,2024,231493372,431177,297420,-1.5414,52.57371,1,1,5,08:36,-1,E07000218,6,0,1,0,1,19,8,4,0,0,0,1,0,0,0,0,1,9,12
2024231493388,2024,231493388,435085,290698,-1.48445,52.51305,3,3,3,10:12,-1,E07000219,4,0,1,0,1,"[9, 19]","[5, 3]","[3, 7]",0,0,0,1,0,0,0,0,0,9,17
2024231493430,2024,231493430,436625,254038,-1.46574,52.18338,2,2,6,12:02,-1,E07000221,4,0,1,0,2,19,"[4, 2]","[8, 6]",0,0,0,1,0,1,0,0,0,9,13
2024231493527,2024,231493527,431825,265002,-1.53491,52.28225,3,3,3,16:40,-1,E07000222,4,0,1,0,1,"[3, 19]",5,1,"[10, 0]","[2, 0]",0,1,0,0,0,0,0,9,10
2024231493530,2024,231493530,429195,230746,-1.57639,51.97442,2,2,7,10:14,-1,E07000221,6,0,1,0,2,"[9, 19]","[4, 2]","[2, 6]",0,0,0,1,0,0,0,0,0,9,14
2024231493801,2024,231493801,451995,267882,-1.23883,52.3066,2,"[2, 3]",3,21:44,-1,E07000220,6,2,1,0,2,7,8,2,0,7,4,1,0,0,0,0,0,9,10
2024231493804,2024,231493804,428738,265113,-1.58015,52.28341,3,3,4,11:10,-1,E07000222,6,0,1,0,1,"[5, 19]","[6, 4]","[2, 8]",0,0,0,1,1,0,0,0,0,9,18
2024231493835,2024,231493835,428872,265929,-1.57812,52.29074,3,3,4,17:45,-1,E07000222,3,0,1,0,1,"[9, 19]","[4, 2]","[2, 6]",0,0,0,1,0,1,0,0,0,9,18
2024231493840,2024,231493840,446852,268412,-1.31418,52.31183,2,"[2, 3]",6,16:54,-1,E07000220,3,0,1,0,2,19,"[4, 8]","[8, 4]",0,0,0,1,0,0,0,0,0,9,13
2024231493940,2024,231493940,436157,290861,-1.46863,52.51444,3,3,4,09:51,-1,E07000219,3,0,1,0,1,19,"[4, 6]","[8, 2]",0,0,0,1,0,0,0,0,0,9,11
2024231494749,2024,231494749,451405,278677,-1.24583,52.4037,3,3,6,08:15,-1,E07000220,3,0,1,1,1,"[4, 19]",1,5,0,0,0,1,0,0,0,0,0,9,13
2024231494758,2024,231494758,425817,299400,-1.62033,52.59179,3,3,1,14:40,-1,E07000218,6,0,1,0,2,19,7,3,0,0,0,1,0,0,0,0,1,9,15
2024231494839,2024,231494839,440404,279049,-1.40748,52.40796,2,"[2, 3]",3,15:09,-1,E07000220,4,0,1,0,2,"[19, 9, 10]","[7, 3, 1]","[3, 1, 7]",0,0,0,1,0,1,0,0,0,7,23
2024231494852,2024,231494852,419343,294652,-1.71617,52.54938,2,2,6,07:03,-1,E07000218,1,0,1,0,2,19,2,6,0,"[1, 0]","[6, 0]",1,0,0,1,0,0,9,20
2024231494863,2024,231494863,434563,290666,-1.49214,52.51279,3,3,5,18:00,-1,E07000219,4,0,1,0,1,19,3,1,0,0,0,1,0,0,0,0,1,9,19
2024231494921,2024,231494921,438807,277794,-1.4311,52.39679,3,3,6,15:40,-1,E07000220,3,0,1,0,2,"[19, 4]",6,2,0,0,0,1,0,0,0,0,0,9,20
2024231495302,2024,231495302,430496,260412,-1.55481,52.24106,3,3,7,11:53,-1,E07000222,1,0,1,0,2,"[4, 19]",4,8,0,0,0,1,0,0,0,0,0,9,14
2024231495339,2024,231495339,439463,286749,-1.42041,52.47725,3,3,6,18:17,-1,E07000219,4,0,1,0,1,"[19, 9]","[4, 8]","[8, 6]",0,0,0,1,1,0,0,0,0,9,6
2024231495397,2024,231495397,436260,290980,-1.4671,52.51551,2,2,2,10:40,-1,E07000219,3,0,2,1,1,19,6,2,0,0,0,0,0,0,0,1,1,9,23
2024231495417,2024,231495417,433274,265230,-1.51365,52.28421,3,3,2,08:05,-1,E07000222,3,0,1,1,1,"[19, 4]",4,8,0,0,0,1,0,1,0,0,0,9,16
2024231495609,2024,231495609,423588,295582,-1.65351,52.55757,2,2,1,16:20,-1,E07000218,6,0,1,1,2,19,2,6,0,1,4,1,0,0,0,0,0,9,15
2024231495642,2024,231495642,435806,262919,-1.47678,52.26327,2,2,3,07:07,-1,E07000222,4,0,1,1,2,19,6,2,0,2,4,1,0,0,0,0,0,9,24
2024231495685,2024,231495685,428110,296961,-1.58669,52.56975,3,3,5,15:17,-1,E07000218,4,0,1,0,2,"[3, 7]","[2, 8]","[6, 2]",0,0,0,1,0,0,0,1,0,9,5
2024231496126,2024,231496126,445255,271999,-1.33712,52.34421,3,3,3,17:25,-1,E07000220,3,0,1,0,2,"[9, 19]","[2, 8]","[8, 4]",0,"[0, 1]",0,1,0,0,0,0,0,9,17
2024231496181,2024,231496181,419984,286344,-1.70722,52.47467,3,3,4,15:23,-1,E07000218,3,0,2,1,2,"[19, 12]",5,1,0,0,0,1,0,0,0,0,0,9,25
2024231496214,2024,231496214,450102,275170,-1.26551,52.37229,3,3,2,09:11,-1,E07000220,3,0,1,1,1,"[19, 11]",5,1,0,0,0,1,0,0,1,0,0,9,23
2024231496253,2024,231496253,450869,275684,-1.25417,52.37684,3,3,6,08:45,-1,E07000220,6,0,1,0,1,19,3,7,0,0,0,1,0,0,0,0,1,9,20