collision_index,collision_year,collision_ref_no,location_easting_osgr,location_northing_osgr,longitude,latitude,casualty_severity,casualty_severity,day_of_week,time,local_authority_district,local_authority_ons_district,first_road_class,light_conditions,weather_conditions,road_surface_conditions,urban_or_rural_area,vehicle_manoeuvre,vehicle_direction_from,vehicle_direction_to,hit_object_in_carriageway,vehicle_leaving_carriageway,hit_object_off_carriageway,is_car,is_cyle,is_mcyle,is_goodsv,is_other,is_pedestrian,month,day
2024231528784,2024,231528784,417495,295538,-1.74338,52.5574,3,3,4,07:41,-1,E07000218,3,0,7,1,2,"[19, 9]",6,"[2, 4]",0,0,0,1,0,0,0,0,0,12,4
2024231529170,2024,231529170,433798,296394,-1.50283,52.56433,3,3,7,20:16,-1,E07000218,3,2,4,1,2,"[9, 19]","[8, 4]","[6, 8]",0,0,0,1,0,0,0,0,0,12,7
2024231529242,2024,231529242,424869,291363,-1.63493,52.51959,2,"[2, 3]",4,05:46,-1,E07000218,4,2,2,1,2,19,"[5, 8]","[1, 4]",0,0,0,1,0,0,0,0,0,11,27
2024231529243,2024,231529243,434728,274310,-1.4914,52.36575,2,2,2,08:24,-1,E07000222,6,0,1,1,1,"[19, 9]","[4, 2]","[2, 8]",0,0,0,1,0,0,0,0,0,12,9
2024231529258,2024,231529258,436169,290848,-1.46846,52.51432,3,3,2,21:23,-1,E07000219,3,2,1,1,1,5,"[4, 2]","[8, 6]","[10, 0]",0,0,1,0,0,0,0,0,12,2
2024231529529,2024,231529529,419235,269049,-1.71923,52.31921,3,3,5,22:05,-1,E07000222,1,2,1,1,2,"[19, 4]",8,4,0,0,0,1,0,0,0,0,0,12,12
2024231529542,2024,231529542,407272,264058,-1.89484,52.27463,2,2,3,13:31,-1,E07000221,3,0,1,0,2,4,2,4,0,0,0,0,0,0,1,0,1,12,3
2024231529550,2024,231529550,430140,263795,-1.55972,52.27149,3,3,5,08:50,-1,E07000222,6,0,1,1,2,19,8,4,0,0,0,1,0,0,0,0,1,12,12
2024231529586,2024,231529586,448484,271237,-1.28984,52.33708,3,3,5,06:50,-1,E07000220,4,2,1,0,2,19,4,8,0,0,0,0,0,0,1,0,1,12,5
2024231529737,2024,231529737,451415,279274,-1.2456,52.40906,3,3,5,17:01,-1,E07000220,3,2,2,1,2,5,1,4,0,0,0,1,0,0,0,0,0,12,12
2024231530620,2024,231530620,450100,275161,-1.26554,52.37221,3,3,1,17:17,-1,E07000220,3,2,2,1,1,"[19, 9]","[5, 3]",1,0,0,0,1,0,0,0,0,0,12,8
2024231530625,2024,231530625,448825,275281,-1.28425,52.3734,3,3,5,09:18,-1,E07000220,6,0,1,0,1,"[3, 1]","[3, 7]","[7, 3]",0,0,0,1,0,0,0,0,0,12,12
2024231530682,2024,231530682,450348,275240,-1.26188,52.3729,3,3,7,01:59,-1,E07000220,4,2,1,0,1,"[19, 2]","[3, 0]","[1, 0]","[4, 0]",0,0,1,0,0,0,0,0,10,19
2024231530743,2024,231530743,426677,261210,-1.61067,52.24843,3,3,5,13:58,-1,E07000222,3,0,1,1,2,"[19, 7]","[1, 3]",5,0,"[7, 0]",0,1,0,0,0,0,0,12,5
2024231531110,2024,231531110,439001,263707,-1.42988,52.27014,3,3,6,10:13,-1,E07000221,6,0,2,1,2,19,4,7,10,7,9,1,0,0,0,0,0,12,13
2024231531127,2024,231531127,450838,277181,-1.25439,52.3903,2,2,2,08:12,-1,E07000220,3,0,1,0,2,3,6,2,0,0,0,1,0,0,1,0,0,12,16
2024231531193,2024,231531193,443374,264156,-1.36574,52.27385,3,3,6,18:19,-1,E07000221,3,2,1,0,2,19,"[6, 8]","[2, 4]",0,0,0,1,0,0,0,0,0,12,13
2024231531240,2024,231531240,434457,284986,-1.49429,52.46174,3,3,3,07:15,-1,E07000219,3,2,1,1,2,"[11, 7]",2,8,0,"[0, 7]",0,1,0,0,0,0,0,12,17
2024231531246,2024,231531246,450491,275295,-1.25978,52.37338,3,3,6,18:36,-1,E07000220,6,2,2,1,1,19,1,5,0,0,0,1,0,0,0,0,1,12,13
2024231531337,2024,231531337,441098,250490,-1.40075,52.15117,3,3,2,08:23,-1,E07000221,6,0,1,0,2,19,2,5,0,3,0,1,0,0,0,0,0,11,25
2024231531540,2024,231531540,413326,259981,-1.80628,52.23786,2,2,5,18:40,-1,E07000221,4,2,1,1,2,19,1,6,0,1,4,0,0,1,0,0,0,12,12
2024231531574,2024,231531574,420344,255086,-1.7038,52.19364,3,3,6,18:25,-1,E07000221,3,2,2,1,1,"[12, 19]","[7, 5]",1,0,0,0,1,0,0,1,0,0,12,13
2024231531617,2024,231531617,449772,275168,-1.27036,52.3723,2,2,3,13:05,-1,E07000220,6,0,2,1,1,19,2,6,0,0,0,1,0,0,0,0,1,12,17
2024231531629,2024,231531629,442326,286244,-1.37832,52.4725,3,3,2,10:33,-1,E07000220,4,0,1,0,2,"[19, 5]","[6, 4]","[2, 7]",0,0,0,1,1,0,0,0,0,12,16
2024231531689,2024,231531689,433018,292954,-1.51468,52.53346,2,2,5,19:02,-1,E07000219,6,2,1,0,1,19,8,5,0,0,0,1,0,0,0,0,1,11,14
2024231531709,2024,231531709,418504,292130,-1.72869,52.52673,3,3,1,12:50,-1,E07000218,1,0,1,0,2,4,1,5,0,0,0,1,0,0,0,0,0,12,15
2024231531721,2024,231531721,418939,293970,-1.72217,52.54326,2,2,2,06:00,-1,E07000218,1,2,1,0,2,4,2,6,0,"[0, 5]","[0, 6]",1,0,0,1,0,0,12,16
2024231531754,2024,231531754,435341,291768,-1.48056,52.52265,3,3,1,00:50,-1,E07000219,4,2,1,1,1,"[19, 2]","[7, 3, 0]","[3, 7, 0]",0,0,0,1,0,0,0,1,0,12,8
2024231531772,2024,231531772,430423,272246,-1.55481,52.34745,2,2,3,15:10,-1,E07000222,6,0,1,0,1,"[9, 10]","[1, 6]","[6, 5]",0,0,0,1,1,0,0,0,0,12,3
2024231531811,2024,231531811,438984,289579,-1.42713,52.50272,3,3,2,18:26,-1,E07000219,4,2,1,0,1,19,4,8,0,7,3,1,0,0,0,0,0,12,9
2024231532078,2024,231532078,423380,282896,-1.65746,52.44353,3,3,4,23:00,-1,E07000218,3,2,2,1,2,-1,7,3,10,1,2,1,0,0,0,0,0,12,18
2024231532140,2024,231532140,408092,251096,-1.88313,52.15808,2,2,4,13:19,-1,E07000221,3,0,1,1,2,19,6,2,0,4,6,1,0,0,0,0,0,12,18
2024231532263,2024,231532263,453559,279375,-1.21406,52.40976,3,3,1,19:22,-1,E07000220,3,2,1,0,2,19,4,8,0,7,4,1,0,0,0,0,0,12,15
2024231532373,2024,231532373,427113,254771,-1.6048,52.19052,3,3,4,10:45,-1,E07000221,6,0,1,0,2,19,-1,-1,0,-1,0,1,0,0,0,0,1,12,18
2024231532389,2024,231532389,440371,286573,-1.40706,52.4756,3,3,2,15:13,-1,E07000220,4,0,1,0,2,19,4,7,0,7,4,1,0,0,0,0,0,12,16
2024231532437,2024,231532437,440528,281483,-1.40536,52.42983,3,3,3,11:30,-1,E07000220,6,0,1,0,2,"[19, 1]","[5, 7]","[1, 5]",0,0,0,1,0,0,1,0,0,12,17
2024231532681,2024,231532681,437766,259880,-1.4484,52.23582,3,3,4,16:35,-1,E07000221,6,2,2,1,2,"[2, 19]","[0, 2]","[0, 6]",0,"[1, 0]",0,1,0,0,0,0,0,12,18
2024231532701,2024,231532701,421599,255555,-1.68541,52.19781,3,3,3,11:06,-1,E07000221,4,0,1,0,2,"[2, 19]","[0, 6]","[0, 2]","[0, 4]",0,0,1,0,0,0,0,0,12,17
2024231532896,2024,231532896,433462,291746,-1.50825,52.52257,2,2,6,16:54,-1,E07000219,6,2,2,1,1,9,4,1,0,0,0,1,0,0,0,0,1,12,13
2024231532944,2024,231532944,441919,281078,-1.38496,52.42609,2,2,3,20:18,-1,E07000220,4,2,1,1,2,19,4,8,10,1,9,1,0,0,0,0,0,12,17
2024231533861,2024,231533861,436163,290270,-1.46861,52.50913,3,3,5,08:43,-1,E07000219,4,0,4,1,1,9,7,5,0,0,0,1,0,0,0,0,1,12,19
2024231533912,2024,231533912,433629,285081,-1.50646,52.46264,3,3,6,11:28,-1,E07000219,6,0,1,0,1,"[5, 19]","[5, 7]","[1, 3]",0,0,0,1,0,1,0,0,0,12,20
2024231533943,2024,231533943,426603,262531,-1.61165,52.26031,3,3,6,15:00,-1,E07000222,3,0,2,1,2,"[3, 19]",2,6,0,0,0,1,0,0,0,0,0,12,20
2024231534056,2024,231534056,437082,253367,-1.45913,52.17732,1,1,7,02:15,-1,E07000221,4,2,2,1,2,19,4,8,10,7,10,1,0,0,0,0,0,12,21
2024231534306,2024,231534306,419994,289163,-1.7069,52.50001,3,3,6,11:42,-1,E07000218,4,2,1,0,2,1,6,2,0,0,0,1,0,0,1,0,0,12,20
2024231534310,2024,231534310,440404,279050,-1.40748,52.40797,2,"[3, 2]",6,11:54,-1,E07000220,4,0,1,1,2,"[10, 9, 8, 19]","[2, 1, 6]","[1, 2]",0,"[0, 7, 1]","[0, 11]",1,0,0,0,0,0,12,20
2024231534319,2024,231534319,427712,264776,-1.59522,52.28044,3,3,7,15:03,-1,E07000222,6,0,1,0,1,"[19, 4]",5,1,0,0,0,1,0,1,0,0,0,12,21
2024231534345,2024,231534345,429589,273366,-1.56696,52.35756,3,3,5,14:25,-1,E07000222,3,0,1,0,1,"[5, 19]","[4, 2]","[8, 6]",0,0,0,1,0,0,0,0,0,12,5
2024231534349,2024,231534349,439126,289540,-1.42504,52.50236,3,3,5,16:59,-1,E07000219,4,2,2,1,1,"[19, 9]","[8, 4]","[4, 1]",0,0,0,1,0,0,0,0,0,12,5
2024231534424,2024,231534424,434710,285626,-1.4905,52.46748,3,3,2,05:26,-1,E07000219,3,2,1,0,2,"[14, 19, 2]","[6, 0]","[2, 0]",0,0,0,1,0,0,0,0,0,12,23
2024231535008,2024,231535008,432261,293930,-1.52574,52.54228,3,3,7,19:09,-1,E07000218,6,2,1,0,1,"[2, 19]","[0, 3]","[0, 8]","[0, 4]",0,0,1,0,0,0,0,0,12,21
2024231535035,2024,231535035,441622,271151,-1.39055,52.33687,3,3,2,00:30,-1,E07000220,4,2,1,1,2,19,7,1,0,7,4,1,0,0,0,0,0,12,23
2024231535070,2024,231535070,421894,286540,-1.67909,52.47635,3,3,3,08:00,-1,E07000218,1,0,1,1,2,"[19, 4]",4,8,0,0,0,1,0,0,0,0,0,11,12
2024231535090,2024,231535090,431990,297576,-1.52939,52.57507,2,2,6,00:17,-1,E07000218,6,2,1,1,1,"[2, 19]","[0, 8]","[0, 4]","[0, 4]",0,0,1,0,0,1,0,0,12,20
2024231535138,2024,231535138,431212,267903,-1.54363,52.30836,3,3,1,10:47,-1,E07000222,6,0,1,0,2,"[2, 14]","[0, 6]","[0, 2]","[0, 4]","[1, 7]","[10, 11]",1,0,0,0,0,0,12,22
2024231535172,2024,231535172,449502,256806,-1.27701,52.20726,3,3,1,20:05,-1,E07000221,6,2,1,1,2,19,4,7,0,2,9,1,0,0,0,0,0,12,1
2024231535769,2024,231535769,425136,302391,-1.63016,52.61871,2,2,5,15:51,-1,E07000218,4,0,1,0,2,"[9, 19]","[5, 8]",4,0,"[3, 0]",0,1,0,0,0,0,0,12,26
2024231535821,2024,231535821,426412,262392,-1.61446,52.25907,3,3,7,19:28,-1,E07000222,3,2,2,1,2,"[11, 7]",2,6,0,0,0,1,0,0,0,0,0,12,28
2024231535872,2024,231535872,441803,279468,-1.38686,52.41162,3,3,4,23:05,-1,E07000220,4,2,1,0,2,19,3,4,0,7,10,1,0,0,0,0,0,11,20
2024231535925,2024,231535925,445025,276103,-1.33995,52.38112,2,"[3, 2]",6,17:00,-1,E07000220,3,0,1,1,2,19,"[8, 4]","[4, 8]",0,7,"[0, 11]",1,0,0,0,0,0,12,27
2024231536157,2024,231536157,435138,287808,-1.48397,52.48706,3,3,6,10:10,-1,E07000219,6,2,1,0,1,19,8,4,0,0,0,1,0,0,0,0,1,12,20
2024231536170,2024,231536170,423228,239874,-1.66264,52.05677,3,3,6,08:14,-1,E07000221,4,0,1,0,2,19,6,2,0,1,4,1,0,0,0,0,0,12,20
2024231536210,2024,231536210,439221,248104,-1.42846,52.12986,3,3,2,15:00,-1,E07000221,4,0,1,0,2,"[6, 13]",8,"[8, 4]",0,"[0, 7]",0,1,0,0,0,0,0,12,23
2024231536264,2024,231536264,445445,279273,-1.33335,52.40958,3,3,3,14:30,-1,E07000220,6,0,2,1,2,19,7,2,0,7,3,1,0,0,0,0,0,12,24
2024231536300,2024,231536300,420978,268736,-1.69368,52.31633,3,3,5,08:55,-1,E07000222,4,0,7,1,2,19,4,8,10,2,10,1,0,0,0,0,0,12,26
2024231536706,2024,231536706,449301,273722,-1.27749,52.35935,3,3,4,18:32,-1,E07000220,6,2,1,1,1,7,2,4,0,0,0,1,0,0,0,0,1,11,20
2024231536711,2024,231536711,449860,275350,-1.26904,52.37393,3,3,5,19:24,-1,E07000220,6,2,1,0,1,"[19, 4]",6,2,0,0,0,1,0,0,0,0,0,12,19
2024231536852,2024,231536852,415614,270870,-1.77227,52.3357,3,3,5,15:40,-1,E07000221,3,0,1,0,2,"[2, 19]","[0, 1]","[0, 5]",0,0,0,1,0,0,1,0,1,12,12
2024231537119,2024,231537119,430197,257706,-1.55943,52.21675,2,2,2,12:31,-1,E07000221,6,0,1,0,2,19,3,7,0,0,0,0,0,0,0,1,0,12,23
2024231537306,2024,231537306,429128,271805,-1.57386,52.34355,3,3,3,13:05,-1,E07000222,3,0,1,0,1,"[19, 5]","[8, 4]","[4, 8]",0,0,0,1,0,0,0,0,0,12,24
2024231538406,2024,231538406,432506,264361,-1.52499,52.27644,2,2,3,12:55,-1,E07000222,6,0,1,0,1,"[5, 19]","[5, 3]","[1, 7]",0,0,0,1,1,0,0,0,0,12,17
2024231538426,2024,231538426,427235,276637,-1.60126,52.38709,3,3,3,21:15,-1,E07000222,6,2,2,1,1,9,8,6,0,0,0,1,0,0,0,0,1,12,17
2024231538529,2024,231538529,434464,285890,-1.49409,52.46986,3,3,3,17:25,-1,E07000219,6,2,1,0,1,"[8, 19, 3]","[5, 7]","[7, 1, 3]",0,0,0,1,0,0,0,0,0,12,10
2024231538862,2024,231538862,447481,273811,-1.3042,52.36031,2,2,6,17:15,-1,E07000220,6,2,2,1,2,9,3,1,0,0,0,1,0,0,0,0,1,12,20
2024231539756,2024,231539756,433613,292685,-1.50593,52.531,3,3,5,15:45,-1,E07000219,6,0,2,1,1,"[2, 1]","[0, 8]","[0, 4]",0,0,0,1,0,0,0,0,0,12,12
2024231540887,2024,231540887,422303,257536,-1.67498,52.21559,3,3,5,17:10,-1,E07000221,3,2,1,0,2,19,"[6, 2]","[2, 6]",0,0,0,1,0,0,1,0,0,12,12
2024231541897,2024,231541897,431683,266083,-1.53689,52.29197,3,3,5,12:32,-1,E07000222,6,0,1,1,1,7,7,1,0,0,0,1,0,0,0,0,1,11,28
2024231542996,2024,231542996,429071,265317,-1.57526,52.28523,2,2,1,15:32,-1,E07000222,3,0,1,1,1,"[19, 4]","[2, 5]","[6, 1]",0,0,0,1,0,0,0,0,0,2,4
2024231544362,2024,231544362,432047,266429,-1.53152,52.29506,3,3,3,17:42,-1,E07000222,6,2,2,1,1,"[19, 9]","[5, 3]",1,0,0,0,1,0,0,0,0,0,11,19
2024231545739,2024,231545739,426568,262573,-1.61216,52.26069,3,3,7,17:00,-1,E07000222,3,2,1,0,2,"[19, 3]",8,4,0,0,0,1,0,0,0,0,0,12,28
2024231549696,2024,231549696,430544,264279,-1.55376,52.27582,3,3,6,15:23,-1,E07000222,3,0,1,0,2,4,2,6,0,0,0,1,0,0,0,0,0,8,23
2024231550558,2024,231550558,432813,293370,-1.51766,52.53721,3,3,6,15:50,-1,E07000219,4,0,1,0,1,5,7,3,0,0,0,1,0,0,0,0,1,12,20
2024231553062,2024,231553062,434070,257856,-1.50273,52.21787,3,3,6,21:30,-1,E07000221,6,2,1,1,2,"[2, 1]","[0, 4]","[0, 8]",0,0,0,1,0,0,1,0,0,12,13
2024231559450,2024,231559450,431878,263460,-1.53428,52.26838,3,3,1,16:09,-1,E07000222,6,0,1,0,1,"[19, 9]",7,"[3, 5]",0,0,0,1,0,1,0,0,0,11,3
2024231564075,2024,231564075,429400,287728,-1.56847,52.48668,3,3,4,19:47,-1,E07000218,6,2,7,1,2,"[2, 19]","[0, 8]","[0, 4]","[0, 4]","[2, 1]","[0, 11]",1,0,0,0,0,0,12,25
2024231572512,2024,231572512,431936,255766,-1.53416,52.19921,3,3,7,13:17,-1,E07000221,4,0,1,1,2,19,6,2,10,1,0,0,0,1,0,0,0,12,14
2024231577605,2024,231577605,428895,266025,-1.57777,52.2916,2,2,4,15:20,-1,E07000222,3,0,1,0,1,"[19, 3]",5,1,0,0,0,1,0,0,0,0,0,11,6
2024301394344,2024,301394344,450342,364636,-1.24826,53.17646,3,3,3,07:40,-1,E07000033,4,0,2,1,2,-1,1,"[5, 3]",0,0,0,1,0,0,0,0,0,1,2
2024301402226,2024,301402226,447280,333652,-1.2986,52.89824,2,2,4,14:53,-1,E07000036,1,0,1,0,1,19,5,1,0,0,0,1,0,0,0,0,0,1,24
2024301495328,2024,301495328,447073,335540,-1.30141,52.91523,3,3,2,22:35,-1,E07000036,3,2,2,1,2,-1,1,2,0,0,0,1,0,0,1,0,0,9,23
2024301516431,2024,301516431,454773,375526,-1.18011,53.2739,3,3,5,14:00,-1,E07000033,3,0,1,0,2,-1,"[5, 3]","[1, 5]",0,"[7, 1]",0,1,0,0,0,0,0,11,14
2024301519362,2024,301519362,400913,394004,-1.98772,53.44281,3,3,5,07:13,-1,E07000037,3,2,9,-1,2,-1,-1,-1,-1,-1,0,1,0,0,0,0,0,11,7
2024301522902,2024,301522902,438118,329328,-1.4353,52.8601,3,3,5,11:15,-1,E07000039,3,0,1,0,2,-1,8,4,99,"[1, 0]","[99, 0]",1,0,0,0,1,0,11,28
2024301530258,2024,301530258,446562,330953,-1.30966,52.87404,2,2,1,00:01,-1,E07000036,1,2,1,1,2,"[2, 19]",4,8,"[0, 4]","[1, 0]",0,1,0,0,1,0,0,12,15
2024302400002,2024,302400002,430766,373253,-1.54031,53.2554,2,2,2,02:25,-1,E07000038,4,2,5,1,2,19,2,6,0,8,11,1,0,0,0,0,0,1,1
2024302400011,2024,302400011,437297,336733,-1.44664,52.92672,3,3,2,17:31,-1,E06000015,6,2,2,1,1,"[9, 19]","[2, 6]","[1, 2]",0,0,0,1,1,0,0,0,0,1,1
2024302400012,2024,302400012,434471,332867,-1.48909,52.89215,2,2,2,22:50,-1,E06000015,6,2,1,1,1,19,3,7,0,0,0,1,0,0,0,0,1,1,1
2024302400015,2024,302400015,404149,397165,-1.93896,53.4712,2,"[2, 3]",2,16:00,-1,E07000037,4,2,1,0,2,19,"[6, 3]","[3, 6]",0,0,0,1,0,0,0,0,0,1,1
2024302400016,2024,302400016,440406,367154,-1.39659,53.19993,3,3,5,12:59,-1,E07000038,4,0,1,1,1,"[19, 2]","[8, 0]","[4, 0]",0,0,0,1,0,0,1,0,1,1,4
2024302400018,2024,302400018,429160,318476,-1.5693,52.7631,2,2,2,22:00,-1,E07000039,6,2,3,1,1,19,2,4,0,0,0,1,0,0,0,0,1,1,1
2024302400019,2024,302400019,437298,345758,-1.44559,53.00784,3,3,3,16:45,-1,E07000032,3,2,2,1,2,19,5,1,0,5,6,1,0,0,0,0,0,1,2
2024302400020,2024,302400020,426815,379183,-1.59903,53.30891,2,2,3,15:50,-1,E07000035,3,2,5,1,2,"[19, 13]",1,5,0,"[0, 7]","[0, 11]",1,0,0,0,0,0,1,2
2024302400021,2024,302400021,403507,394061,-1.94867,53.44331,3,3,3,19:06,-1,E07000037,3,2,2,1,1,9,6,3,0,0,0,1,0,0,0,0,1,1,2
2024302400022,2024,302400022,445883,357117,-1.31604,53.10928,3,3,3,23:00,-1,E07000033,4,2,2,1,1,7,6,2,0,1,0,1,0,0,0,0,0,1,2
2024302400023,2024,302400023,438218,373848,-1.42854,53.26026,2,2,2,02:30,-1,E07000034,3,2,1,0,1,"[5, 19]","[4, 8]","[8, 5]",0,0,0,1,0,1,0,0,0,1,1
2024302400024,2024,302400024,452919,370275,-1.20878,53.22689,3,3,3,06:05,-1,E07000033,6,2,9,1,2,9,1,3,0,0,0,1,0,0,0,0,1,1,2
2024302400025,2024,302400025,404103,382308,-1.93984,53.33766,3,3,4,10:40,-1,E07000037,4,0,1,1,2,19,1,5,0,0,0,1,0,0,0,0,1,1,3
2024302400026,2024,302400026,429359,357276,-1.56286,53.11187,3,3,3,08:00,-1,E07000035,3,0,2,1,2,"[9, 19]","[6, 2]","[4, 6]",0,0,0,1,1,0,0,0,0,1,2
2024302400027,2024,302400027,437532,336917,-1.44313,52.92836,3,3,4,16:15,-1,E06000015,6,0,1,1,1,"[13, 19]",6,2,0,"[7, 0]","[11, 0]",1,0,0,0,0,0,1,3
2024302400028,2024,302400028,439151,363438,-1.41583,53.16663,2,2,4,16:46,-1,E07000038,3,2,1,1,1,"[9, 19]","[5, 1]","[7, 5]",0,0,0,1,1,0,0,0,0,1,3
2024302400029,2024,302400029,406478,373071,-1.90436,53.25461,3,3,4,21:37,-1,E07000037,3,2,2,1,1,7,1,3,0,0,0,1,0,0,0,0,1,1,3
2024302400031,2024,302400031,445600,355031,-1.32057,53.09055,3,3,5,10:41,-1,E07000033,6,0,1,0,1,19,2,6,0,0,0,1,0,0,0,0,1,1,4
2024302400032,2024,302400032,400227,386543,-1.99805,53.37574,3,3,5,07:51,-1,E07000037,6,0,1,1,1,19,"[1, 3]",5,0,0,0,1,0,0,0,0,0,1,4
2024302400033,2024,302400033,435435,332318,-1.47482,52.88716,3,3,5,21:00,-1,E06000015,6,2,1,0,2,19,"[6, 2]","[2, 6]",0,0,0,1,0,0,0,0,0,1,4
2024302400034,2024,302400034,437833,374307,-1.43426,53.26442,3,3,5,16:37,-1,E07000034,3,0,1,0,2,"[3, 12]",8,4,0,0,0,1,0,0,0,0,0,1,4
2024302400035,2024,302400035,429964,319791,-1.55727,52.77488,2,2,6,08:19,-1,E07000039,3,2,1,0,1,"[19, 9]","[6, 2]","[2, 1]",0,0,0,1,0,1,0,0,0,1,5
2024302400036,2024,302400036,435278,335308,-1.47683,52.91404,3,3,5,07:55,-1,E06000015,6,2,7,1,1,9,5,2,0,0,0,1,0,0,0,0,1,1,4
2024302400038,2024,302400038,447609,339536,-1.29285,52.9511,3,3,6,17:00,-1,E07000036,6,2,1,0,1,6,2,2,0,0,0,1,0,0,0,0,1,1,5
2024302400039,2024,302400039,441671,334551,-1.38186,52.90678,3,3,7,08:45,-1,E07000036,3,0,1,1,1,"[9, 19]","[2, 8]","[8, 4]",0,0,0,0,1,1,0,0,0,1,6
2024302400040,2024,302400040,437577,339257,-1.44219,52.94939,3,3,7,19:23,-1,E06000015,3,2,1,0,1,19,7,3,0,0,0,1,0,0,0,0,0,1,6
2024302400041,2024,302400041,446443,370897,-1.30568,53.23309,3,3,7,10:10,-1,E07000033,6,0,8,1,1,"[2, 4]","[0, 4]","[0, 8]","[0, 4]",0,0,1,0,0,0,1,0,1,6
2024302400042,2024,302400042,423486,366017,-1.64995,53.19073,3,3,6,07:45,-1,E07000035,3,2,1,0,2,19,"[4, 8]","[8, 4]",0,0,0,0,0,0,1,1,0,1,5
2024302400043,2024,302400043,449039,370656,-1.26683,53.23069,1,1,7,15:49,-1,E07000033,4,2,1,0,2,19,"[1, 5]","[5, 1]",0,"[7, 1]",10,1,0,0,1,0,0,1,6
2024302400044,2024,302400044,444774,348199,-1.33385,53.02921,2,2,1,20:55,-1,E07000032,5,2,1,1,1,"[19, 2]","[4, 0]","[7, 0]","[4, 0]",0,0,1,0,0,0,0,0,1,7
2024302400045,2024,302400045,439391,369655,-1.41148,53.22249,3,3,2,00:37,-1,E07000034,4,2,1,0,1,19,4,8,0,1,1,1,0,0,0,0,0,1,8
2024302400046,2024,302400046,404575,398558,-1.93253,53.48372,3,3,2,18:48,-1,E07000037,3,2,8,1,2,19,6,3,0,1,9,1,0,0,0,0,0,1,8
2024302400049,2024,302400049,439549,366134,-1.40955,53.19083,2,2,3,17:10,-1,E07000038,6,2,1,0,1,4,7,3,0,0,0,1,0,0,0,0,1,1,9
2024302400050,2024,302400050,433168,335871,-1.50815,52.91924,2,2,3,13:30,-1,E06000015,3,0,1,0,1,"[19, 5]",2,4,0,0,0,1,0,1,0,0,0,1,9
2024302400051,2024,302400051,446617,370366,-1.30315,53.2283,3,3,2,17:30,-1,E07000033,6,2,1,0,1,"[19, 2]","[1, 0]","[5, 0]",0,0,0,1,0,0,0,0,1,1,8
2024302400052,2024,302400052,443475,329658,-1.35569,52.86266,3,3,3,10:40,-1,E07000039,3,0,1,0,2,"[12, 3, 11]",8,4,0,0,0,1,0,0,1,0,0,1,9
2024302400053,2024,302400053,426716,318523,-1.60552,52.76365,2,2,4,06:32,-1,E07000039,5,2,8,2,2,19,2,7,0,7,9,1,0,0,0,0,0,1,10
2024302400055,2024,302400055,434695,332099,-1.48584,52.88524,3,3,3,15:30,-1,E06000015,6,0,1,0,1,19,2,6,0,"[0, 1]",0,1,1,0,0,0,0,1,9
2024302400056,2024,302400056,438675,370716,-1.42207,53.23208,3,3,4,12:00,-1,E07000034,3,0,1,0,2,"[19, 3]",1,5,0,0,0,1,0,0,1,0,0,1,10
2024302400057,2024,302400057,430758,334579,-1.54411,52.90777,3,3,5,09:30,-1,E06000015,4,0,1,0,1,"[19, 4]",1,5,0,0,0,1,0,1,0,0,0,1,11
2024302400058,2024,302400058,406808,373133,-1.89941,53.25516,3,3,3,16:20,-1,E07000037,6,0,1,0,1,1,8,4,0,0,0,1,0,0,0,0,1,1,9
2024302400059,2024,302400059,443323,360428,-1.35384,53.13925,3,3,4,08:37,-1,E07000033,4,0,1,0,2,19,8,4,0,0,0,1,0,0,0,0,1,1,10
2024302400060,2024,302400060,443520,346449,-1.35278,53.01358,2,2,4,17:55,-1,E07000032,3,2,1,1,1,9,6,4,0,0,0,0,0,0,1,0,1,1,10
2024302400061,2024,302400061,429339,330008,-1.56562,52.86676,3,3,4,10:20,-1,E07000039,3,0,1,0,2,"[19, 3]",1,4,0,0,0,1,0,0,0,0,0,1,10
2024302400062,2024,302400062,447824,336869,-1.29004,52.92711,3,3,4,17:30,-1,E07000036,6,2,1,0,1,19,"[6, 2]","[2, 6]",0,0,0,1,1,0,0,0,0,1,10
2024302400063,2024,302400063,447785,366074,-1.2863,53.18962,3,3,5,15:10,-1,E07000033,3,0,1,0,2,"[2, 4, 9]","[0, 7]","[0, 3, 5]",0,0,0,1,0,0,0,0,0,1,11
2024302400064,2024,302400064,435178,335393,-1.47831,52.91481,3,3,5,17:01,-1,E06000015,6,2,1,0,1,"[19, 9]","[8, 2]","[2, 8]",0,0,0,1,0,0,0,0,0,1,11
2024302400065,2024,302400065,429829,319138,-1.55933,52.76902,3,3,5,17:45,-1,E07000039,5,2,8,1,1,"[14, 7, 9]","[5, 7, 1]","[1, 7]",0,"[7, 0]","[10, 0]",1,0,0,0,0,0,1,11
2024302400066,2024,302400066,450310,364580,-1.24875,53.17596,3,3,5,07:10,-1,E07000033,3,2,1,1,2,19,2,"[4, 6]",0,0,0,1,1,0,0,0,0,1,11
2024302400067,2024,302400067,440398,353248,-1.39846,53.07494,3,3,4,16:30,-1,E07000032,4,0,1,0,1,19,5,1,0,0,0,1,0,0,0,0,1,1,10
2024302400068,2024,302400068,435210,334907,-1.47788,52.91044,3,3,5,14:10,-1,E06000015,6,0,1,1,1,19,"[2, 6]","[6, 2]",0,0,0,1,1,0,0,0,0,1,11