collision_index,collision_year,collision_ref_no,location_easting_osgr,location_northing_osgr,longitude,latitude,casualty_severity,casualty_severity,day_of_week,time,local_authority_district,local_authority_ons_district,first_road_class,light_conditions,weather_conditions,road_surface_conditions,urban_or_rural_area,vehicle_manoeuvre,vehicle_direction_from,vehicle_direction_to,hit_object_in_carriageway,vehicle_leaving_carriageway,hit_object_off_carriageway,is_car,is_cyle,is_mcyle,is_goodsv,is_other,is_pedestrian,month,day
2024302400069,2024,302400069,434204,339615,-1.49235,52.95283,2,2,7,17:32,-1,E06000015,6,2,1,0,1,7,8,2,0,0,0,0,0,0,0,0,0,1,13
2024302400070,2024,302400070,435165,334801,-1.47856,52.90949,3,3,7,14:20,-1,E06000015,6,0,1,0,1,19,2,6,0,0,0,1,0,0,0,0,1,1,13
2024302400073,2024,302400073,443919,357874,-1.34528,53.11625,3,3,7,10:30,-1,E07000033,6,0,1,1,2,19,"[8, 4]","[4, 8]",0,0,0,1,0,0,0,0,0,1,13
2024302400074,2024,302400074,438715,371359,-1.42139,53.23786,2,"[3, 2]",7,13:38,-1,E07000034,4,0,1,1,1,19,2,6,0,0,0,1,0,0,0,0,1,1,13
2024302400075,2024,302400075,440633,355051,-1.39472,53.09113,3,3,7,12:06,-1,E07000032,3,0,1,0,1,3,2,6,0,0,0,1,0,0,0,0,0,1,13
2024302400076,2024,302400076,440638,355071,-1.39465,53.09131,3,3,7,13:06,-1,E07000032,3,0,1,0,2,"[19, 3]",5,1,0,0,0,1,0,1,0,0,0,1,13
2024302400077,2024,302400077,437059,357776,-1.44777,53.11588,2,2,7,11:53,-1,E07000038,3,0,1,1,2,"[9, 5]","[4, 2]","[2, 8]",0,0,0,1,0,0,0,1,0,1,13
2024302400078,2024,302400078,431526,334248,-1.53272,52.90475,2,2,7,15:45,-1,E06000015,3,2,1,1,2,"[12, 19]",2,6,0,"[0, 4]","[0, 6]",1,0,1,0,0,0,1,13
2024302400079,2024,302400079,438309,335559,-1.43173,52.91609,3,3,7,14:00,-1,E06000015,6,0,1,0,1,19,"[2, 6]","[6, 2]",0,0,0,1,0,0,0,0,0,1,13
2024302400080,2024,302400080,418721,359264,-1.72166,53.13021,3,3,1,00:01,-1,E07000035,3,2,1,1,2,19,8,4,0,0,0,0,0,1,0,0,0,1,14
2024302400081,2024,302400081,433284,328650,-1.50716,52.85432,2,2,1,19:45,-1,E07000039,3,2,1,0,2,19,3,7,0,1,4,1,0,0,0,0,0,1,14
2024302400085,2024,302400085,446098,374168,-1.31038,53.26252,3,3,4,19:45,-1,E07000033,1,2,1,0,2,"[19, 4]",6,2,0,0,0,1,0,0,0,0,0,1,3
2024302400086,2024,302400086,426838,378975,-1.5987,53.30704,2,"[2, 3]",3,18:23,-1,E07000035,3,2,1,1,2,19,"[4, 1]","[1, 4]",0,0,0,1,0,0,0,0,0,1,16
2024302400087,2024,302400087,437110,335447,-1.44957,52.91517,3,3,7,14:25,-1,E06000015,6,0,1,0,1,"[19, 8]",2,"[6, 4]",0,0,0,1,0,0,0,0,0,1,13
2024302400089,2024,302400089,437296,336732,-1.44666,52.92671,3,3,4,05:35,-1,E06000015,6,2,1,2,1,"[7, 19]",6,"[1, 2]",0,0,0,1,1,0,0,0,0,1,17
2024302400090,2024,302400090,430863,361089,-1.54002,53.14606,2,2,2,15:30,-1,E07000035,3,0,1,0,1,19,2,6,0,0,0,1,0,0,0,0,1,1,15
2024302400091,2024,302400091,435454,335623,-1.47418,52.91686,3,3,4,07:45,-1,E06000015,3,0,8,1,1,19,"[5, 7]","[1, 5]",0,0,0,1,1,0,0,0,0,1,17
2024302400092,2024,302400092,436010,335326,-1.46594,52.91416,3,3,5,20:00,-1,E06000015,6,2,1,1,1,"[13, 19]","[8, 4]","[4, 8]",0,0,0,1,0,0,0,0,0,1,18
2024302400093,2024,302400093,429787,330699,-1.5589,52.87295,3,3,5,18:55,-1,E07000039,3,2,1,0,2,"[4, 19]",2,6,0,"[0, 1]",0,1,0,0,0,0,0,1,18
2024302400094,2024,302400094,415440,333084,-1.77194,52.89498,3,3,6,09:40,-1,E07000035,3,0,1,2,2,"[10, 14]",6,"[4, 2]",0,0,0,1,0,0,1,0,0,1,19
2024302400095,2024,302400095,436065,337759,-1.46485,52.93602,3,3,5,21:09,-1,E06000015,3,2,1,1,1,9,1,6,0,0,0,1,0,0,0,0,1,1,18
2024302400098,2024,302400098,433493,336261,-1.50327,52.92272,2,2,6,16:30,-1,E06000015,6,2,1,1,1,"[19, 9]","[8, 4]","[4, 8]",0,0,0,1,0,1,0,0,0,1,19
2024302400099,2024,302400099,436120,339994,-1.46379,52.95611,3,3,6,14:10,-1,E07000036,3,0,1,0,2,19,7,3,0,0,0,1,0,0,0,0,0,1,19
2024302400100,2024,302400100,432772,328804,-1.51475,52.85574,3,3,7,11:20,-1,E07000039,3,0,1,1,2,"[19, 9]","[7, 1]","[4, 7]",0,0,0,1,0,0,0,0,0,1,20
2024302400101,2024,302400101,443796,373719,-1.34495,53.25867,3,3,5,07:00,-1,E07000034,3,2,1,0,2,19,2,8,11,1,10,1,0,0,0,0,0,1,4
2024302400102,2024,302400102,437019,344411,-1.4499,52.99575,3,3,4,19:55,-1,E07000032,4,2,1,2,2,19,6,2,0,7,1,1,0,0,0,0,0,1,17
2024302400103,2024,302400103,438071,369344,-1.43128,53.21979,3,3,1,12:30,-1,E07000034,6,0,1,0,1,"[6, 19]",6,"[6, 2]",0,0,0,1,0,1,0,0,0,1,21
2024302400104,2024,302400104,436309,335032,-1.46153,52.91149,3,3,2,08:48,-1,E06000015,3,0,1,0,1,19,8,4,0,0,0,1,0,0,0,0,0,1,15
2024302400105,2024,302400105,440818,354812,-1.39199,53.08897,3,3,4,18:10,-1,E07000032,3,2,1,0,2,19,6,2,0,0,0,1,0,0,0,0,0,1,17
2024302400106,2024,302400106,435429,370570,-1.47071,53.23099,3,3,2,09:07,-1,E07000034,3,0,8,0,1,"[19, 5]","[8, 5, 4]","[4, 8]",0,0,0,1,0,0,0,0,0,1,15
2024302400108,2024,302400108,446394,342500,-1.31051,52.97785,3,3,2,15:40,-1,E07000036,6,0,1,0,1,"[5, 19]","[8, 2]","[4, 6]",0,0,0,1,0,0,0,0,0,1,15
2024302400109,2024,302400109,439825,349614,-1.40746,53.04232,2,2,2,15:58,-1,E07000032,6,0,1,0,1,9,1,7,0,0,0,1,0,0,0,0,1,1,15
2024302400110,2024,302400110,410258,392810,-1.84707,53.43198,3,3,2,23:30,-1,E07000037,3,2,1,0,2,19,4,8,0,8,1,1,0,0,0,0,0,1,15
2024302400111,2024,302400111,447620,338604,-1.29282,52.94272,2,2,3,07:30,-1,E07000036,5,2,1,2,1,"[19, 9]","[3, 7]","[7, 5]",0,"[1, 0]",0,1,0,1,0,0,0,1,16
2024302400112,2024,302400112,415311,389170,-1.7712,53.39914,3,3,2,17:05,-1,E07000037,3,2,1,0,2,19,3,7,0,1,4,1,0,0,0,0,0,1,15
2024302400113,2024,302400113,432715,334248,-1.51505,52.90468,3,3,2,15:30,-1,E06000015,6,0,1,0,1,7,2,4,0,0,0,1,0,0,0,0,1,1,15
2024302400114,2024,302400114,438447,371091,-1.42544,53.23547,3,3,3,14:30,-1,E07000034,6,0,1,0,1,19,4,1,0,0,0,0,0,0,1,0,1,1,16
2024302400115,2024,302400115,436971,337563,-1.4514,52.9342,3,3,2,15:00,-1,E06000015,6,0,4,1,1,19,3,7,0,0,0,1,0,0,0,0,0,1,22
2024302400116,2024,302400116,440731,328590,-1.39658,52.85327,3,3,2,12:48,-1,E07000039,6,0,1,0,2,"[13, 9]",6,"[2, 4]",0,0,0,1,0,0,0,0,0,1,22
2024302400118,2024,302400118,435912,337607,-1.46715,52.93467,3,3,3,08:58,-1,E06000015,6,0,1,1,1,"[9, 19]","[4, 6]",2,0,0,0,1,0,0,0,0,0,1,16
2024302400119,2024,302400119,426408,372319,-1.6057,53.24724,3,3,3,16:50,-1,E07000035,3,2,1,0,2,19,7,3,0,7,11,1,0,0,0,0,0,1,16
2024302400120,2024,302400120,422234,358768,-1.66919,53.12562,2,2,4,07:10,-1,E07000035,3,2,1,2,2,19,8,3,0,8,4,1,0,0,0,0,0,1,17
2024302400122,2024,302400122,434375,336530,-1.49013,52.92509,3,3,3,19:27,-1,E06000015,3,2,1,1,1,5,4,8,0,0,0,1,0,0,0,0,0,1,23
2024302400123,2024,302400123,435631,335690,-1.47154,52.91745,3,3,6,13:40,-1,E06000015,3,0,1,0,1,5,4,"[8, 6]",0,0,0,1,0,0,0,0,0,1,19
2024302400124,2024,302400124,444190,372004,-1.33928,53.24323,3,3,4,20:27,-1,E07000034,6,2,9,0,2,19,5,1,0,1,11,0,0,0,1,0,0,1,24
2024302400126,2024,302400126,438937,355890,-1.41995,53.0988,3,3,4,17:50,-1,E07000032,3,2,1,2,2,"[9, 19]","[7, 5]","[5, 1]",0,0,0,1,0,1,0,0,0,1,17
2024302400127,2024,302400127,440410,353257,-1.39828,53.07502,3,3,4,08:00,-1,E07000032,4,0,1,0,1,19,3,7,0,0,0,1,0,0,0,0,1,1,17
2024302400130,2024,302400130,400764,383519,-1.98999,53.34856,3,3,5,09:10,-1,E07000037,3,0,1,2,1,19,4,8,0,0,0,1,0,0,0,0,1,1,18
2024302400131,2024,302400131,435737,336138,-1.46991,52.92147,3,3,5,14:50,-1,E06000015,3,0,8,2,1,"[19, 4]",6,1,0,0,0,1,0,0,0,0,0,1,18
2024302400132,2024,302400132,442226,354004,-1.37108,53.0816,2,2,5,14:43,-1,E07000032,4,0,1,0,1,9,2,8,0,0,0,1,0,0,0,0,1,1,18
2024302400135,2024,302400135,441685,339955,-1.38096,52.95536,3,3,3,08:15,-1,E07000036,6,0,2,1,2,"[1, 19]","[3, 5]",1,0,1,0,1,0,0,0,0,0,1,23
2024302400136,2024,302400136,452955,367668,-1.20867,53.20346,2,2,7,20:50,-1,E07000033,4,2,1,0,1,"[19, 9]","[2, 4]","[6, 2]",0,0,0,1,0,1,0,0,0,1,27
2024302400137,2024,302400137,407709,379193,-1.88576,53.30962,2,2,6,13:30,-1,E07000037,3,0,1,0,2,"[14, 9]","[4, 8]","[8, 7]",0,0,0,1,0,1,0,0,0,1,26
2024302400138,2024,302400138,436142,335189,-1.46399,52.91292,2,2,1,14:25,-1,E06000015,3,0,1,0,1,"[7, 19]","[4, 8]","[8, 4]",0,0,0,1,0,0,0,0,0,1,28
2024302400141,2024,302400141,434496,321925,-1.48987,52.79379,2,2,7,16:55,-1,E07000039,4,2,1,1,2,"[19, 5]","[5, 6]","[1, 5]",0,0,0,1,0,0,0,0,0,1,20
2024302400142,2024,302400142,414506,377438,-1.78384,53.29371,3,3,7,23:18,-1,E07000035,3,2,5,1,2,19,7,5,0,2,11,1,0,0,0,0,0,1,20
2024302400143,2024,302400143,446489,377350,-1.30405,53.29108,3,3,1,10:23,-1,E07000033,3,0,1,1,2,"[19, 9]","[4, 2]",8,0,0,0,1,0,0,0,0,0,1,21
2024302400144,2024,302400144,438483,333259,-1.42941,52.89541,3,3,7,18:15,-1,E06000015,6,2,1,0,1,"[19, 7]","[6, 8]",2,0,0,0,1,1,0,0,0,0,1,20
2024302400146,2024,302400146,437707,337547,-1.44045,52.93401,3,3,2,06:28,-1,E06000015,6,2,1,0,1,"[19, 2]","[3, 0]","[7, 0]",0,0,0,1,0,0,0,0,0,1,22
2024302400148,2024,302400148,442457,366162,-1.36602,53.19086,3,3,1,20:00,-1,E07000038,4,2,1,1,1,19,"[4, 8]","[8, 4]",0,0,0,1,0,0,0,0,0,1,21
2024302400149,2024,302400149,434805,336573,-1.48373,52.92545,2,2,2,11:30,-1,E06000015,3,0,4,0,1,19,5,1,0,0,0,1,0,0,0,0,1,1,22
2024302400150,2024,302400150,436578,333577,-1.45769,52.8984,3,3,2,14:11,-1,E06000015,3,0,4,0,1,19,5,1,0,0,0,1,0,0,0,0,1,1,22
2024302400151,2024,302400151,444985,361755,-1.32881,53.15104,3,3,3,00:21,-1,E07000033,1,2,1,0,2,"[19, 12]",5,1,0,0,0,1,0,0,1,0,0,1,23
2024302400152,2024,302400152,441585,374143,-1.37803,53.26266,3,3,2,08:44,-1,E07000034,6,0,1,0,1,14,6,2,0,0,0,1,0,0,0,0,1,1,22
2024302400154,2024,302400154,415286,368679,-1.77255,53.21495,3,3,2,12:50,-1,E07000035,5,0,1,0,2,19,"[4, 8]","[8, 4]",0,"[1, 0]",0,1,0,0,0,0,0,1,8
2024302400156,2024,302400156,443800,373718,-1.34489,53.25867,2,2,3,07:55,-1,E07000034,3,0,2,1,2,19,2,8,0,1,2,0,0,1,0,0,0,1,23
2024302400157,2024,302400157,435754,336267,-1.46965,52.92263,2,2,3,10:30,-1,E06000015,3,0,1,1,2,"[12, 19]","[1, 5]","[5, 1]",0,"[6, 0]","[7, 0]",1,0,0,0,0,0,1,23
2024302400158,2024,302400158,436061,329637,-1.46581,52.86302,3,3,3,19:00,-1,E07000039,3,2,5,1,2,"[19, 2]","[7, 0]","[3, 0]",0,"[0, 1]",0,1,0,0,1,0,0,1,23
2024302400159,2024,302400159,438577,326174,-1.42885,52.83171,2,2,3,20:00,-1,E07000039,6,2,4,0,2,"[7, 4]","[5, 7]","[7, 3]",0,0,0,1,0,0,0,0,0,1,23
2024302400160,2024,302400160,429706,364410,-1.55701,53.17597,2,2,4,05:09,-1,E07000035,4,2,4,0,2,19,2,6,11,0,0,1,0,0,0,0,0,1,24
2024302400161,2024,302400161,435656,370549,-1.46732,53.23079,2,2,3,15:30,-1,E07000034,3,2,9,0,1,"[19, 2]","[7, 0]","[3, 0]",0,0,0,1,0,0,1,0,1,1,23
2024302400162,2024,302400162,439930,363877,-1.40412,53.17052,2,2,3,19:00,-1,E07000038,6,2,9,0,1,19,"[4, 6]","[8, 2]",0,0,0,1,0,0,0,0,0,1,23
2024302400163,2024,302400163,435995,335517,-1.46614,52.91588,3,3,4,09:40,-1,E06000015,6,0,1,0,1,19,"[4, 2]","[8, 6]",0,0,0,1,0,0,0,0,0,1,31
2024302400165,2024,302400165,438190,338000,-1.43321,52.93804,2,2,5,18:25,-1,E06000015,6,2,1,1,1,"[19, 9]","[5, 7]","[1, 5]",0,0,0,1,0,1,0,0,0,1,25
2024302400166,2024,302400166,402560,390819,-1.96295,53.41417,3,3,4,22:08,-1,E07000037,6,2,8,1,2,19,4,8,0,8,10,1,0,0,0,0,0,1,31
2024302400167,2024,302400167,429651,319887,-1.5619,52.77576,2,2,4,21:25,-1,E07000039,6,2,1,1,1,9,5,3,0,7,0,1,0,0,0,0,1,1,31
2024302400169,2024,302400169,438937,356160,-1.41991,53.10122,3,3,4,07:10,-1,E07000032,3,2,1,2,2,"[4, 5]",7,5,0,0,0,1,0,0,0,0,0,1,31
2024302400172,2024,302400172,436048,335288,-1.46538,52.91381,2,2,6,08:30,-1,E06000015,3,0,1,0,1,14,4,8,0,0,0,1,0,0,0,0,1,1,26
2024302400173,2024,302400173,435523,378390,-1.46843,53.30128,2,2,6,15:43,-1,E07000038,4,0,1,0,1,"[19, 13]",2,8,0,"[0, 1]",0,1,0,1,0,0,1,1,26
2024302400174,2024,302400174,436845,333307,-1.45375,52.89595,2,2,6,18:00,-1,E06000015,6,2,1,0,1,"[19, 6]",1,"[5, 1]",0,0,0,1,0,1,0,0,0,1,26
2024302400175,2024,302400175,448157,336361,-1.28516,52.92251,2,2,6,21:05,-1,E07000036,4,2,8,0,1,19,7,2,0,0,0,0,0,1,0,0,1,1,26
2024302400176,2024,302400176,407048,374820,-1.89578,53.27032,3,3,7,10:00,-1,E07000037,3,0,1,0,2,"[9, 19]",6,"[4, 2]",0,0,0,1,0,0,1,0,0,1,27
2024302400177,2024,302400177,435750,336042,-1.46973,52.92061,3,3,6,12:18,-1,E06000015,6,0,1,0,1,"[2, 1]","[0, 2]","[0, 8]","[0, 4]",0,0,1,0,0,0,0,1,2,2
2024302400178,2024,302400178,447567,334009,-1.29428,52.90142,3,3,6,14:10,-1,E07000036,6,0,1,0,1,"[19, 7]",5,"[1, 7]",0,0,0,1,1,0,0,0,0,1,26
2024302400179,2024,302400179,431407,325210,-1.53536,52.82351,3,3,6,15:45,-1,E07000039,6,0,1,1,2,5,7,3,0,0,0,1,0,0,0,0,1,2,2
2024302400183,2024,302400183,437334,326740,-1.44724,52.83689,3,3,7,19:17,-1,E07000039,3,2,2,1,2,19,6,2,0,7,10,1,0,0,0,0,0,2,3
2024302400185,2024,302400185,437796,336474,-1.43925,52.92435,2,2,7,13:30,-1,E06000015,6,0,1,0,1,"[9, 19]","[6, 8]",4,0,0,0,1,0,1,0,0,0,1,27
2024302400186,2024,302400186,422696,355755,-1.6625,53.09852,2,"[2, 3]",7,17:00,-1,E07000035,4,2,1,0,2,19,"[2, 8]","[6, 4]",0,"[1, 0]","[11, 0]",1,0,0,0,0,0,1,27
2024302400187,2024,302400187,439075,366665,-1.41657,53.19564,2,2,1,14:20,-1,E07000038,3,0,1,0,1,"[19, 10]",5,"[1, 3]",0,"[0, 7]",0,1,0,0,0,0,0,1,28
2024302400189,2024,302400189,426360,364250,-1.60709,53.17471,3,3,7,15:50,-1,E07000035,3,0,1,0,2,"[14, 19, 2]","[8, 0]","[4, 0]",0,0,0,1,0,0,0,0,0,1,27
2024302400190,2024,302400190,443744,360482,-1.34754,53.1397,3,3,6,22:55,-1,E07000033,4,2,1,0,2,"[9, 19]","[8, 6]","[6, 2]",0,0,0,1,0,0,0,0,0,1,26
2024302400192,2024,302400192,449251,375630,-1.26289,53.27537,3,3,1,13:00,-1,E07000033,6,0,1,0,2,"[19, 5]","[3, 7]","[7, 1]",0,0,0,1,1,0,0,0,0,2,4
2024302400193,2024,302400193,438055,335817,-1.43548,52.91843,3,3,2,07:40,-1,E06000015,3,0,2,1,2,"[4, 11]",4,8,0,0,0,1,0,0,0,0,0,1,29
2024302400194,2024,302400194,430834,321290,-1.54423,52.78831,3,3,2,16:29,-1,E07000039,6,0,1,1,1,"[9, 19]","[6, 2]","[4, 6]",0,0,0,1,0,0,0,0,0,1,29
2024302400195,2024,302400195,422961,364845,-1.6579,53.18022,3,3,2,17:45,-1,E07000035,5,2,2,1,2,19,"[8, 4]","[4, 8]",0,"[7, 0]","[11, 0]",1,0,0,1,0,0,1,29
2024302400196,2024,302400196,429857,360241,-1.55514,53.13849,3,3,2,14:30,-1,E07000035,6,0,1,1,1,19,6,2,0,0,0,1,0,0,0,0,1,1,29
2024302400197,2024,302400197,442761,346242,-1.36412,53.01178,2,2,2,13:27,-1,E07000032,3,0,1,0,1,9,4,2,0,0,0,1,0,0,0,0,1,1,29
2024302400199,2024,302400199,440720,334970,-1.39595,52.91062,1,"[1, 3]",5,20:54,-1,E06000015,6,2,1,0,2,"[19, 9]","[4, 8]","[8, 5]",0,0,0,1,0,1,0,0,0,2,1
2024302400200,2024,302400200,447788,335238,-1.29082,52.91245,3,3,3,15:25,-1,E07000036,4,0,9,0,1,19,1,5,0,0,0,0,0,0,1,0,0,1,30
2024302400201,2024,302400201,437787,332967,-1.43979,52.89283,3,3,3,08:30,-1,E06000015,3,0,1,1,1,19,2,6,0,0,0,1,0,0,0,0,1,1,30
2024302400202,2024,302400202,406699,371917,-1.90107,53.24423,3,3,3,15:03,-1,E07000037,3,0,1,0,2,"[3, 19]",4,8,0,0,0,1,0,0,0,0,0,1,30
2024302400203,2024,302400203,447528,334191,-1.29484,52.90306,3,3,3,19:25,-1,E07000036,4,2,1,1,1,19,8,4,0,0,0,1,0,1,0,0,0,1,30
2024302400204,2024,302400204,436104,336514,-1.46441,52.92483,3,3,3,14:00,-1,E06000015,3,0,1,0,1,"[4, 19]",7,3,0,0,0,1,0,0,0,0,0,2,6
2024302400206,2024,302400206,439201,332658,-1.41881,52.88995,3,3,3,18:15,-1,E06000015,6,2,2,1,1,"[10, 19]",8,"[5, 4]",0,0,0,1,0,0,0,0,0,2,6
2024302400210,2024,302400210,437689,371112,-1.4368,53.23571,3,3,4,10:23,-1,E07000034,3,0,1,0,1,"[19, 7]","[6, 7]","[3, 2]",0,0,0,1,0,0,1,0,0,1,31
2024302400211,2024,302400211,407523,377564,-1.88859,53.29498,3,3,5,07:10,-1,E07000037,3,2,1,0,2,4,5,1,0,0,0,1,0,0,0,1,0,2,1
2024302400212,2024,302400212,442745,353531,-1.36339,53.0773,3,3,4,15:05,-1,E07000032,4,0,1,1,1,19,"[4, 8]","[8, 4]",0,0,0,1,1,0,0,0,0,1,31
2024302400213,2024,302400213,414845,363534,-1.77939,53.16872,3,3,5,11:00,-1,E07000035,3,0,6,2,2,4,4,8,0,"[0, 1]",0,1,0,0,1,0,0,2,8
2024302400214,2024,302400214,437397,332655,-1.44562,52.89005,3,3,5,15:05,-1,E06000015,6,0,1,0,1,19,3,7,0,0,0,1,0,0,0,0,1,2,1
2024302400215,2024,302400215,434474,343801,-1.48788,52.99044,3,3,3,08:50,-1,E07000032,3,2,1,0,1,"[13, 19]",4,8,0,"[8, 0]","[10, 0]",1,0,1,0,0,0,1,30
2024302400216,2024,302400216,408432,370044,-1.87515,53.22737,1,1,5,06:03,-1,E07000037,3,2,2,1,2,19,"[8, 4]","[4, 8]",0,"[1, 7]",4,1,0,0,1,0,0,2,8
2024302400217,2024,302400217,434317,359137,-1.48859,53.1283,3,3,4,07:59,-1,E07000032,3,0,1,0,2,19,"[4, 1, 8]","[8, 5, 4]",0,0,0,1,0,0,0,0,0,2,7
2024302400218,2024,302400218,438276,349510,-1.43057,53.0415,3,3,6,13:35,-1,E07000032,3,0,2,1,2,"[19, 2]","[2, 0]","[6, 0]",0,0,0,1,0,0,0,0,0,2,9
2024302400219,2024,302400219,437399,331274,-1.44575,52.87764,3,3,5,21:16,-1,E06000015,6,2,2,1,1,"[4, 19]","[6, 2]","[2, 6]",0,0,0,1,0,0,0,1,0,2,8
2024302400220,2024,302400220,407679,378316,-1.88624,53.30174,2,"[3, 2]",7,23:10,-1,E07000037,3,2,7,1,2,19,"[2, 6]","[6, 2]",0,0,0,1,0,0,0,0,0,2,10
2024302400221,2024,302400221,440970,330487,-1.39279,52.87031,3,3,1,15:00,-1,E07000039,3,0,1,0,2,19,5,7,0,1,0,0,0,1,0,0,0,2,11
2024302400222,2024,302400222,443421,379761,-1.34974,53.31301,3,3,6,10:20,-1,E07000038,3,0,1,0,1,"[9, 19]","[3, 7]","[1, 3]",0,0,0,1,0,0,0,1,0,2,2
2024302400223,2024,302400223,437138,374599,-1.44464,53.26709,3,3,6,08:47,-1,E07000034,6,0,1,0,1,19,6,1,0,0,0,1,0,0,0,0,0,2,2
2024302400224,2024,302400224,435285,335189,-1.47674,52.91297,3,3,1,10:15,-1,E06000015,6,0,1,1,1,19,5,1,0,0,0,1,0,0,0,0,1,2,4
2024302400225,2024,302400225,433203,335101,-1.50771,52.91232,3,3,7,18:45,-1,E06000015,3,2,1,1,1,"[19, 7]","[4, 6]",8,0,1,"[10, 2]",1,0,0,0,0,0,2,10
2024302400226,2024,302400226,403920,371641,-1.94272,53.24178,3,3,2,14:30,-1,E07000037,3,0,4,0,2,"[19, 13]","[6, 2]","[2, 6]",0,0,0,1,0,0,0,1,0,2,5
2024302400227,2024,302400227,454339,378399,-1.18612,53.29977,3,3,3,05:20,-1,E07000033,3,2,4,0,2,"[19, 7]","[6, 1]",4,0,"[7, 0]","[1, 0]",1,0,1,0,0,0,2,6
2024302400229,2024,302400229,439978,369624,-1.40269,53.22217,3,3,3,14:12,-1,E07000034,6,0,5,1,1,"[5, 3]","[6, 2]","[2, 6]",0,0,0,1,0,0,0,0,0,2,6
2024302400230,2024,302400230,446728,341249,-1.30571,52.96657,2,2,3,17:25,-1,E07000036,3,2,2,1,1,"[7, 19]","[4, 8]","[7, 4]",0,0,0,1,1,0,0,0,0,2,6
2024302400231,2024,302400231,446543,379845,-1.30288,53.3135,3,3,3,15:00,-1,E07000038,5,0,2,1,2,19,2,5,10,8,4,1,0,0,0,0,0,2,6
2024302400232,2024,302400232,438154,339500,-1.43357,52.95153,3,3,2,11:00,-1,E07000036,3,0,1,0,2,"[9, 19]","[7, 6]","[6, 2]",0,"[0, 7]",0,1,0,0,0,0,0,2,12
2024302400233,2024,302400233,424015,374801,-1.64138,53.26966,2,2,2,23:59,-1,E07000035,3,2,1,0,2,19,8,4,0,8,11,1,0,0,0,0,0,2,12
2024302400235,2024,302400235,435281,335845,-1.47673,52.91887,2,2,2,17:03,-1,E06000015,6,0,1,1,1,9,6,4,0,0,0,1,0,0,0,0,1,2,12
2024302400236,2024,302400236,430320,359811,-1.54826,53.1346,3,3,3,16:00,-1,E07000035,3,0,2,1,1,"[19, 9]","[8, 6]",4,0,0,0,1,0,0,0,0,0,2,13
2024302400238,2024,302400238,440488,354823,-1.39692,53.08909,3,3,3,16:34,-1,E07000032,3,0,2,1,2,"[4, 3]",6,2,0,0,0,1,0,0,0,0,0,2,13
2024302400240,2024,302400240,443295,346315,-1.35615,53.0124,2,2,4,18:00,-1,E07000032,6,2,2,1,1,19,2,6,0,0,0,1,0,0,0,0,1,2,14
2024302400241,2024,302400241,426857,340619,-1.60162,52.96227,3,3,3,14:27,-1,E07000035,3,0,2,1,2,19,"[2, 4]","[6, 8]",0,"[1, 0]","[1, 0]",1,0,0,0,0,0,2,13
2024302400242,2024,302400242,440374,363196,-1.39757,53.16436,2,2,2,10:00,-1,E07000038,6,0,1,0,1,"[19, 2]","[7, 0]","[3, 0]","[4, 0]","[1, 0]",0,1,0,0,0,0,0,2,5
2024302400243,2024,302400243,445240,364379,-1.32462,53.1746,3,3,2,15:45,-1,E07000033,1,0,1,0,2,"[19, 4]",5,1,"[0, 11]",0,0,1,0,0,1,0,0,2,12
2024302400244,2024,302400244,446537,369919,-1.30442,53.22429,2,2,6,09:50,-1,E07000033,6,0,1,0,1,4,2,6,0,0,0,0,0,0,1,0,0,2,2
2024302400245,2024,302400245,433665,335708,-1.50077,52.91774,2,2,4,16:59,-1,E06000015,3,2,2,1,1,4,2,6,0,0,0,0,0,0,1,0,1,2,14
2024302400246,2024,302400246,445274,363149,-1.32429,53.16355,3,3,5,15:05,-1,E07000033,1,0,1,0,2,4,1,5,0,0,0,1,0,0,0,0,0,2,15
2024302400247,2024,302400247,428037,352271,-1.58304,53.06695,3,3,5,21:01,-1,E07000035,5,2,1,1,2,19,2,5,0,7,9,1,0,0,0,0,0,2,15
2024302400248,2024,302400248,441950,354569,-1.37512,53.0867,2,2,6,06:15,-1,E07000032,4,2,1,1,1,"[19, 9]","[1, 7]","[5, 4]",0,"[1, 0]","[2, 0]",1,0,1,0,0,0,2,16
2024302400249,2024,302400249,438733,334029,-1.4256,52.90231,3,3,7,12:45,-1,E06000015,6,0,2,1,1,19,1,5,0,0,0,1,0,0,0,0,0,2,3
2024302400250,2024,302400250,447826,331849,-1.29075,52.88198,3,3,5,09:15,-1,E07000036,4,0,1,0,1,"[19, 9]",6,"[2, 4]",0,0,0,1,0,1,0,0,0,2,15
2024302400251,2024,302400251,429829,319139,-1.55933,52.76903,3,3,6,01:00,-1,E07000039,5,2,2,1,1,"[5, 14]",5,1,0,0,0,1,1,0,0,0,0,2,16
2024302400253,2024,302400253,402091,393783,-1.96999,53.44082,3,3,5,17:00,-1,E07000037,6,0,1,1,1,"[19, 15, 1, 2]","[5, 1, 8, 0]","[1, 5, 6, 0]","[0, 4]",0,0,1,0,0,0,0,0,2,15
2024302400254,2024,302400254,440280,342924,-1.4015,52.98215,2,2,5,16:56,-1,E07000032,3,0,1,0,2,"[9, 19]","[4, 8]","[2, 4]",0,0,0,1,0,1,0,0,0,2,15
2024302400255,2024,302400255,440266,366896,-1.39872,53.19763,3,3,3,14:49,-1,E07000038,6,0,1,0,1,15,1,5,0,0,0,1,0,0,0,0,1,2,6