collision_index,collision_year,collision_ref_no,location_easting_osgr,location_northing_osgr,longitude,latitude,casualty_severity,casualty_severity,day_of_week,time,local_authority_district,local_authority_ons_district,first_road_class,light_conditions,weather_conditions,road_surface_conditions,urban_or_rural_area,vehicle_manoeuvre,vehicle_direction_from,vehicle_direction_to,hit_object_in_carriageway,vehicle_leaving_carriageway,hit_object_off_carriageway,is_car,is_cyle,is_mcyle,is_goodsv,is_other,is_pedestrian,month,day
2024302400257,2024,302400257,444296,333270,-1.34301,52.89506,3,3,5,17:35,-1,E07000036,3,2,2,1,1,"[6, 19]",8,"[8, 4]",0,0,0,1,0,1,0,0,0,2,8
2024302400259,2024,302400259,439700,369999,-1.40681,53.22556,2,2,4,22:15,-1,E07000034,3,2,1,0,1,19,4,8,0,1,4,1,0,0,0,0,0,2,7
2024302400260,2024,302400260,431611,370962,-1.52787,53.23476,2,2,5,10:45,-1,E07000038,6,0,3,2,2,19,1,5,0,1,11,1,0,0,0,0,0,2,8
2024302400261,2024,302400261,435336,336036,-1.47589,52.92058,3,3,6,10:30,-1,E06000015,6,0,1,1,1,19,5,1,0,0,0,0,1,0,0,0,1,2,9
2024302400262,2024,302400262,431649,334461,-1.53088,52.90666,3,3,5,12:30,-1,E06000015,3,0,2,1,1,19,6,2,0,2,4,1,0,0,0,0,0,2,8
2024302400263,2024,302400263,443593,345402,-1.35183,53.00417,3,3,6,16:50,-1,E07000032,6,2,2,1,1,1,5,1,0,0,0,1,0,0,0,0,1,2,9
2024302400264,2024,302400264,444562,371265,-1.33381,53.23655,3,3,6,20:58,-1,E07000038,3,2,2,1,2,"[9, 19]","[3, 7]","[1, 3]",0,0,0,1,0,1,0,0,0,2,9
2024302400265,2024,302400265,438416,371308,-1.42588,53.23742,2,2,7,08:40,-1,E07000034,4,0,1,0,1,19,2,7,0,0,0,1,0,0,0,0,1,2,10
2024302400266,2024,302400266,421135,375808,-1.68449,53.27883,3,3,7,13:00,-1,E07000035,3,0,2,1,2,19,"[4, 8]","[8, 4]",0,0,0,1,0,0,1,0,0,2,10
2024302400267,2024,302400267,439340,361791,-1.41321,53.15181,2,2,7,11:45,-1,E07000038,3,0,1,0,1,"[9, 19]","[7, 5]","[5, 1]",0,0,0,1,0,1,0,0,0,2,17
2024302400268,2024,302400268,436772,333116,-1.45486,52.89424,3,3,7,18:50,-1,E06000015,3,2,1,1,1,"[19, 9]","[8, 4]","[4, 2]",0,0,0,1,0,0,0,0,0,2,10
2024302400269,2024,302400269,447802,368301,-1.28571,53.20963,3,3,7,14:13,-1,E07000033,6,0,1,0,2,"[19, 5]","[5, 6]","[1, 2]",0,0,0,1,0,0,0,0,0,2,10
2024302400270,2024,302400270,445074,335090,-1.33119,52.91135,3,3,3,06:00,-1,E07000036,3,2,1,0,2,19,3,7,0,"[0, 5]","[0, 6]",1,0,0,1,0,0,2,20
2024302400271,2024,302400271,441020,365698,-1.38759,53.1868,2,2,1,10:40,-1,E07000038,4,0,1,0,1,"[2, 19]","[0, 1]","[0, 5]",0,0,0,1,0,0,0,0,0,2,11
2024302400272,2024,302400272,447877,369835,-1.28436,53.22341,3,3,1,14:00,-1,E07000033,3,0,1,0,1,19,"[1, 3]","[5, 7]",0,"[7, 1]","[0, 1]",1,0,0,0,0,0,2,11
2024302400273,2024,302400273,437414,377038,-1.44022,53.28899,2,"[3, 2]",1,19:50,-1,E07000038,4,2,1,1,2,19,"[8, 6]","[6, 8]",0,"[1, 7, 0]",0,1,0,0,0,0,0,2,11
2024302400274,2024,302400274,437288,345768,-1.44574,53.00793,3,3,4,09:17,-1,E07000032,3,0,2,1,2,19,5,1,0,1,4,1,0,0,0,0,0,2,21
2024302400275,2024,302400275,440033,336560,-1.40597,52.92497,3,3,2,08:05,-1,E06000015,6,0,8,1,1,"[2, 19]","[0, 6]","[0, 2]",0,0,0,1,0,0,0,0,0,2,12
2024302400276,2024,302400276,442851,353456,-1.36182,53.07662,2,2,1,14:00,-1,E07000032,4,0,1,0,1,4,4,2,0,0,0,0,0,1,0,0,0,2,11
2024302400278,2024,302400278,406365,373604,-1.90605,53.2594,3,3,2,10:59,-1,E07000037,3,0,1,0,1,19,5,1,0,0,0,0,0,0,0,1,1,2,12
2024302400279,2024,302400279,434660,346889,-1.48478,53.01818,3,3,5,14:56,-1,E07000032,3,0,2,1,1,"[9, 19]","[3, 1]","[1, 5]",0,0,0,1,0,0,0,0,0,2,22
2024302400280,2024,302400280,422977,381515,-1.65646,53.33005,3,3,2,12:50,-1,E07000035,3,0,1,0,2,"[5, 19]","[1, 7]","[2, 3]",0,0,0,1,1,0,0,0,0,2,12
2024302400281,2024,302400281,446456,343064,-1.3095,52.98291,3,3,2,13:09,-1,E07000036,5,0,1,0,1,19,5,2,0,0,0,1,0,0,0,0,1,2,12
2024302400282,2024,302400282,438141,373862,-1.4297,53.2604,3,3,6,09:45,-1,E07000034,4,0,1,1,1,"[19, 3]",7,2,0,0,0,1,0,0,0,0,0,2,23
2024302400283,2024,302400283,416146,353891,-1.76041,53.082,3,3,7,03:06,-1,E07000035,3,2,1,0,2,19,5,8,0,1,11,1,0,0,0,0,0,2,24
2024302400286,2024,302400286,446302,342808,-1.31183,52.98062,3,3,6,16:35,-1,E07000036,3,0,8,0,1,"[4, 19]",8,4,0,0,0,1,0,1,0,0,0,2,23
2024302400287,2024,302400287,403480,393996,-1.94908,53.44272,3,3,2,18:00,-1,E07000037,3,2,1,0,1,"[9, 19]","[6, 2]","[3, 6]",0,0,0,1,0,0,0,1,0,2,12
2024302400288,2024,302400288,436106,337667,-1.46425,52.93519,3,3,1,13:10,-1,E06000015,3,0,1,0,2,"[12, 19]",6,2,0,0,0,1,0,1,0,0,0,2,25
2024302400289,2024,302400289,431910,334911,-1.52695,52.91069,3,3,3,08:40,-1,E06000015,3,0,2,1,1,"[4, 19]",6,2,0,0,0,1,0,0,0,0,0,2,13
2024302400292,2024,302400292,434669,371593,-1.48199,53.24024,3,3,4,17:10,-1,E07000038,6,0,1,0,2,"[19, 7]","[1, 3]","[5, 7]",0,0,0,1,0,0,1,0,0,2,21
2024302400293,2024,302400293,437401,344914,-1.44415,53.00025,3,3,3,11:00,-1,E07000032,4,0,1,0,2,4,2,6,0,0,0,0,0,0,1,0,0,2,13
2024302400294,2024,302400294,434655,336695,-1.48595,52.92655,3,3,1,14:10,-1,E06000015,6,0,1,0,1,1,6,2,0,0,0,1,0,0,0,0,1,2,25
2024302400296,2024,302400296,446870,335495,-1.30443,52.91484,3,3,5,16:45,-1,E07000036,3,2,1,1,2,"[19, 4]",7,3,0,0,0,1,0,0,0,0,0,2,22
2024302400297,2024,302400297,405213,398015,-1.92292,53.47884,2,2,5,19:00,-1,E07000037,4,2,8,1,2,19,6,3,0,1,11,1,0,0,0,0,0,2,15
2024302400298,2024,302400298,412831,383104,-1.80874,53.34468,2,2,4,12:00,-1,E07000037,5,0,5,1,2,19,6,1,0,3,0,1,0,0,0,0,0,2,14
2024302400299,2024,302400299,433625,331280,-1.50182,52.87794,3,3,3,20:10,-1,E07000039,6,2,2,1,1,"[5, 19]","[3, 1]","[7, 5]",0,0,0,1,1,0,0,0,0,2,13
2024302400301,2024,302400301,451304,366582,-1.23356,53.19386,3,3,1,05:50,-1,E07000033,4,2,2,2,2,19,5,1,0,"[0, 1]",0,0,1,0,1,0,0,2,18
2024302400302,2024,302400302,406562,371984,-1.90313,53.24484,1,1,1,18:15,-1,E07000037,6,2,1,1,1,1,2,6,0,0,0,1,0,0,0,0,1,2,11
2024302400303,2024,302400303,439657,342067,-1.41089,52.9745,1,1,4,18:41,-1,E07000036,3,2,1,1,2,19,2,6,0,0,0,1,0,0,0,0,1,2,28
2024302400306,2024,302400306,435735,378796,-1.46521,53.30491,3,3,3,15:27,-1,E07000038,4,0,1,0,1,19,5,1,0,0,0,1,0,0,0,0,1,2,20
2024302400307,2024,302400307,426625,320315,-1.60672,52.77977,3,3,7,10:42,-1,E07000039,3,0,8,1,1,4,5,8,0,0,0,1,0,0,0,0,0,3,2
2024302400308,2024,302400308,428231,328712,-1.58219,52.85517,3,3,6,13:40,-1,E07000039,3,0,2,1,2,"[19, 7]","[6, 8]",2,0,0,0,1,0,0,1,0,0,3,1
2024302400309,2024,302400309,440199,355205,-1.40118,53.09255,3,3,3,07:46,-1,E07000032,3,0,1,0,2,"[4, 19]",3,7,0,0,0,1,0,0,0,0,0,2,27
2024302400311,2024,302400311,434567,336463,-1.48728,52.92447,3,3,7,15:00,-1,E06000015,3,0,1,1,1,"[19, 4]",4,8,0,0,0,1,0,0,0,0,0,3,2
2024302400314,2024,302400314,434393,336591,-1.48985,52.92563,3,3,2,19:25,-1,E06000015,6,2,1,0,1,19,2,6,0,0,0,1,0,0,0,0,1,3,4
2024302400315,2024,302400315,441306,342511,-1.38628,52.97836,3,3,2,08:15,-1,E07000036,3,0,1,0,1,"[19, 3]",8,"[4, 2]",0,0,0,1,0,0,0,0,0,3,4
2024302400317,2024,302400317,428303,317842,-1.58206,52.75745,2,"[2, 3]",1,08:55,-1,E07000039,3,0,1,1,2,"[5, 19]","[8, 5]","[4, 3]",0,0,0,1,1,0,0,0,0,2,25
2024302400318,2024,302400318,400589,385405,-1.99261,53.36551,3,3,5,14:36,-1,E07000037,3,0,1,0,1,19,"[4, 2]","[8, 6]",0,0,0,1,0,1,0,0,0,2,15
2024302400320,2024,302400320,401773,375883,-1.97487,53.27992,1,"[1, 2, 3]",4,22:30,-1,E07000037,6,2,1,1,2,19,4,6,0,1,9,1,0,0,0,0,0,3,6
2024302400321,2024,302400321,438518,371010,-1.42439,53.23473,2,2,6,12:30,-1,E07000034,4,0,1,0,1,19,1,5,0,0,0,1,1,0,0,0,0,2,16
2024302400322,2024,302400322,449103,333750,-1.27149,52.89896,3,3,4,16:30,-1,E07000036,4,0,1,0,1,"[3, 19]",5,1,0,0,0,1,0,0,0,0,0,3,6
2024302400323,2024,302400323,434199,331025,-1.49332,52.87561,2,2,6,14:00,-1,E06000015,6,0,1,0,1,"[13, 9]",2,"[6, 8]",0,0,0,1,1,0,0,0,0,2,16
2024302400324,2024,302400324,440880,364826,-1.38979,53.17897,3,3,6,12:00,-1,E07000038,3,0,1,0,1,"[5, 3]",6,2,0,0,0,1,0,0,0,0,0,3,8
2024302400325,2024,302400325,451382,367137,-1.2323,53.19884,3,3,3,12:18,-1,E07000033,6,0,1,0,1,19,1,5,0,0,0,1,0,0,0,0,0,3,5
2024302400326,2024,302400326,440733,382023,-1.3898,53.33356,3,3,2,08:48,-1,E07000038,4,0,1,0,1,"[2, 19]","[0, 7]","[0, 3]","[0, 4]",0,0,1,0,0,0,0,0,3,4
2024302400327,2024,302400327,438125,337005,-1.43429,52.9291,3,3,7,18:36,-1,E06000015,6,2,1,0,1,9,"[5, 3]","[3, 1]",0,0,0,1,0,1,0,0,0,3,9
2024302400328,2024,302400328,437615,334017,-1.44223,52.90228,2,2,7,15:28,-1,E06000015,6,0,1,0,1,19,"[1, 5]","[5, 1]",0,0,0,1,1,0,0,0,0,3,9
2024302400329,2024,302400329,441905,354794,-1.37576,53.08872,3,3,6,11:50,-1,E07000032,4,0,1,0,1,"[3, 4]",1,5,0,0,0,1,0,0,0,0,0,2,16
2024302400330,2024,302400330,439321,350215,-1.4149,53.04776,3,3,6,16:00,-1,E07000032,6,0,1,1,1,"[19, 7]","[8, 2]",4,0,0,0,1,1,0,0,0,0,2,16
2024302400332,2024,302400332,403211,394205,-1.95312,53.4446,3,3,6,18:55,-1,E07000037,6,2,2,1,1,9,4,2,0,0,0,1,0,0,0,0,1,2,16
2024302400333,2024,302400333,435606,333327,-1.47217,52.89622,3,3,6,19:42,-1,E06000015,3,2,1,0,1,"[19, 7]","[3, 6]","[2, 8]",0,0,0,1,0,1,0,0,0,2,16
2024302400334,2024,302400334,434359,333689,-1.49067,52.89955,3,3,6,19:25,-1,E06000015,6,2,1,0,1,19,6,2,10,1,2,1,0,0,0,0,0,2,16
2024302400335,2024,302400335,436285,330882,-1.46235,52.87419,2,2,6,21:34,-1,E06000015,6,2,1,0,2,19,4,8,0,1,0,0,0,1,0,0,0,2,16
2024302400336,2024,302400336,440491,351075,-1.39734,53.0554,3,3,7,05:03,-1,E07000032,3,2,2,1,1,19,8,4,10,1,1,1,0,0,0,0,0,2,17
2024302400337,2024,302400337,400585,385403,-1.99267,53.3655,3,3,6,18:00,-1,E07000037,3,0,9,0,1,19,6,2,0,0,0,1,0,0,0,0,1,2,16
2024302400338,2024,302400338,419771,369686,-1.70533,53.22386,3,3,7,03:20,-1,E07000035,3,2,2,1,2,4,1,5,0,0,0,1,0,0,0,0,0,2,17
2024302400339,2024,302400339,436975,336258,-1.45149,52.92247,3,3,2,06:30,-1,E06000015,6,2,2,1,1,"[14, 8]",4,"[8, 6]",0,"[0, 1]","[0, 2]",1,0,0,0,0,0,2,19
2024302400340,2024,302400340,433907,338667,-1.49687,52.94433,3,3,2,11:30,-1,E06000015,6,0,1,0,1,4,2,6,0,0,0,0,0,0,1,0,0,2,19
2024302400341,2024,302400341,416123,334814,-1.7617,52.91052,1,1,7,12:30,-1,E07000035,3,0,1,0,2,19,"[2, 6]","[6, 2]",0,"[7, 1]","[9, 0]",1,0,0,0,0,0,3,9
2024302400342,2024,302400342,435402,336299,-1.47488,52.92294,3,3,3,17:40,-1,E06000015,5,2,2,1,1,4,5,1,0,0,0,0,0,0,1,0,0,2,13
2024302400343,2024,302400343,438408,336972,-1.43009,52.92879,2,2,2,14:30,-1,E06000015,6,0,1,1,1,"[19, 7]","[7, 1]",3,0,0,0,1,0,0,0,0,0,2,19
2024302400344,2024,302400344,434357,331846,-1.49089,52.88298,3,3,3,05:30,-1,E06000015,5,2,2,1,1,"[19, 9]","[3, 5]","[7, 3]",0,0,0,1,0,0,1,0,0,3,12
2024302400345,2024,302400345,436338,345460,-1.45993,53.00523,3,3,2,19:00,-1,E07000032,6,2,1,0,1,19,3,7,0,0,0,1,0,0,0,0,1,2,19
2024302400347,2024,302400347,441479,363758,-1.38097,53.16933,2,2,3,15:30,-1,E07000038,6,0,1,0,1,19,4,8,0,0,0,1,0,0,0,0,1,2,20
2024302400348,2024,302400348,435418,335749,-1.4747,52.918,2,2,3,18:51,-1,E06000015,6,2,5,1,1,19,4,1,0,0,0,1,0,0,0,0,1,2,20
2024302400349,2024,302400349,435141,380099,-1.47398,53.31666,3,3,3,22:00,-1,E07000038,4,2,1,1,2,19,"[2, 8]","[6, 2]",0,0,0,1,0,0,0,0,0,2,20
2024302400350,2024,302400350,449032,333854,-1.27253,52.8999,2,2,4,11:20,-1,E07000036,3,0,2,1,1,"[11, 19]",5,7,0,0,0,1,1,0,0,0,0,2,21
2024302400351,2024,302400351,433961,335958,-1.49635,52.91997,3,3,4,14:39,-1,E06000015,6,0,2,1,1,19,2,6,0,0,0,1,0,0,0,0,1,2,21
2024302400352,2024,302400352,440618,335517,-1.3974,52.91555,3,3,3,16:45,-1,E06000015,3,0,2,1,1,"[4, 19]",7,3,0,0,0,1,0,0,0,0,0,3,12
2024302400353,2024,302400353,404784,398615,-1.92938,53.48423,2,"[3, 2]",4,15:13,-1,E07000037,3,0,2,1,2,19,"[3, 6]","[6, 3]",0,"[2, 0]","[10, 0]",1,0,0,0,0,0,2,21
2024302400354,2024,302400354,442198,347960,-1.37228,53.02727,2,2,4,18:30,-1,E07000032,3,2,1,0,1,"[9, 19]","[2, 4]",8,0,0,0,1,0,0,0,0,0,2,21
2024302400355,2024,302400355,438805,332597,-1.4247,52.88943,2,2,4,18:45,-1,E06000015,6,2,1,0,1,19,"[1, 7]","[5, 3]",0,"[1, 0]",0,1,0,0,0,0,0,2,21
2024302400356,2024,302400356,435152,335384,-1.47869,52.91474,2,2,4,23:21,-1,E06000015,6,2,1,1,1,19,2,8,0,0,0,1,0,0,0,0,1,2,21
2024302400357,2024,302400357,432673,335058,-1.51559,52.91196,2,2,1,17:24,-1,E06000015,3,2,1,0,1,19,2,6,0,0,0,1,0,0,0,0,1,2,11
2024302400358,2024,302400358,437402,346250,-1.44398,53.01226,3,3,5,08:10,-1,E07000032,3,0,2,1,2,19,1,5,0,1,4,1,0,0,0,0,0,2,22
2024302400359,2024,302400359,419700,376224,-1.70599,53.28263,2,2,4,22:00,-1,E07000035,3,2,2,1,2,19,6,3,0,1,9,1,0,0,0,0,0,2,21
2024302400360,2024,302400360,444709,372625,-1.33142,53.24877,2,2,7,23:15,-1,E07000034,3,2,1,2,2,19,"[2, 6]","[6, 4]",0,0,0,1,0,1,0,0,0,2,24
2024302400361,2024,302400361,446503,377357,-1.30384,53.29114,2,2,2,17:20,-1,E07000033,3,0,1,0,2,"[19, 9]","[8, 2]","[4, 8]",0,0,0,1,0,1,0,0,0,2,26
2024302400362,2024,302400362,403373,391095,-1.95072,53.41665,3,3,4,14:00,-1,E07000037,3,0,1,1,2,19,5,1,0,1,0,0,0,1,0,0,0,2,21
2024302400363,2024,302400363,435717,328552,-1.47104,52.85329,3,3,5,14:20,-1,E07000039,3,0,2,1,2,19,2,8,0,1,4,1,0,0,0,0,0,2,22
2024302400365,2024,302400365,429024,377934,-1.56599,53.29757,3,3,5,16:20,-1,E07000038,4,0,2,1,2,19,"[3, 6]","[6, 3]",0,"[1, 0]","[9, 0]",1,0,0,0,0,0,3,14
2024302400366,2024,302400366,438225,332675,-1.43332,52.89018,3,3,5,17:40,-1,E06000015,6,2,1,1,1,"[9, 19]","[4, 2]","[2, 6]",0,0,0,1,0,0,0,0,0,2,22
2024302400367,2024,302400367,451739,367398,-1.22691,53.20115,3,3,4,18:45,-1,E07000033,4,2,2,1,1,19,6,2,0,0,0,1,0,0,0,0,1,2,21
2024302400368,2024,302400368,428711,319057,-1.57591,52.76835,3,3,6,11:20,-1,E07000039,5,0,1,1,1,"[4, 9]","[2, 4]","[6, 2]",0,0,0,1,0,0,0,0,0,2,23
2024302400369,2024,302400369,436882,336646,-1.45283,52.92596,3,3,6,12:45,-1,E06000015,6,0,1,0,1,"[19, 9]","[7, 1]","[3, 7]",0,0,0,1,0,0,0,0,0,2,23
2024302400370,2024,302400370,437145,334392,-1.44917,52.90569,3,3,6,10:00,-1,E06000015,3,0,1,0,1,"[19, 7]","[6, 8]",2,0,0,0,1,0,0,0,0,0,3,15
2024302400371,2024,302400371,435560,336637,-1.47249,52.92597,3,3,5,15:20,-1,E06000015,3,0,1,0,1,"[4, 3]",8,4,0,0,0,1,0,0,0,0,0,3,14
2024302400372,2024,302400372,436513,370697,-1.45446,53.23206,3,3,7,20:25,-1,E07000034,3,2,2,1,1,5,6,2,0,0,0,1,0,0,0,0,0,3,16
2024302400373,2024,302400373,432865,336396,-1.5126,52.92398,3,3,1,10:50,-1,E06000015,5,0,1,1,1,"[19, 4]","[7, 5]",3,0,0,0,1,0,0,0,0,0,2,18
2024302400374,2024,302400374,442428,353796,-1.36809,53.07971,3,3,4,13:30,-1,E07000032,4,0,2,1,1,"[19, 9]",4,"[8, 2]",0,0,0,1,0,0,0,0,0,2,21
2024302400375,2024,302400375,423228,342380,-1.65551,52.97827,3,3,1,18:30,-1,E07000035,3,2,1,1,2,"[19, 13]",4,8,0,"[1, 0]",0,1,0,0,0,0,0,2,18
2024302400376,2024,302400376,405327,398033,-1.9212,53.479,3,3,2,00:57,-1,E07000037,4,2,1,0,2,19,6,3,0,7,11,1,0,0,0,0,0,2,19
2024302400378,2024,302400378,434759,336374,-1.48443,52.92366,3,3,7,10:56,-1,E06000015,3,0,8,0,1,"[9, 5]","[1, 5]","[8, 1]",0,0,0,1,0,0,0,0,0,2,24
2024302400379,2024,302400379,448026,332464,-1.28769,52.8875,2,2,7,09:45,-1,E07000036,4,0,7,0,1,"[2, 19, 14]","[0, 8]","[0, 4]",0,0,0,1,1,0,0,0,0,2,24
2024302400380,2024,302400380,405617,394027,-1.9169,53.44299,2,2,7,15:52,-1,E07000037,3,0,1,1,2,"[9, 13]",5,"[3, 1]",0,7,0,1,0,1,0,0,0,2,24
2024302400381,2024,302400381,429338,358283,-1.56308,53.12092,3,3,1,11:23,-1,E07000035,3,0,1,0,2,"[2, 19]","[0, 5]","[0, 2]",0,0,0,1,0,1,0,0,0,2,25
2024302400382,2024,302400382,435222,334925,-1.4777,52.91061,3,3,6,15:55,-1,E06000015,6,0,1,0,1,"[19, 7]",2,"[6, 4]",0,0,0,1,0,0,0,0,0,2,23
2024302400383,2024,302400383,416084,338143,-1.76212,52.94044,3,3,1,12:20,-1,E07000035,3,0,1,0,2,"[19, 7]","[1, 3]",5,0,0,0,1,0,0,0,0,0,2,25
2024302400384,2024,302400384,442060,361191,-1.37261,53.14621,2,2,1,19:30,-1,E07000038,5,2,1,1,2,19,2,6,0,1,1,1,0,0,0,0,0,2,25
2024302400385,2024,302400385,442478,341009,-1.36902,52.96477,3,3,6,19:15,-1,E07000036,5,2,1,0,2,19,"[5, 2]","[2, 5]",0,0,0,1,0,0,0,0,0,2,23
2024302400386,2024,302400386,442363,370096,-1.36691,53.22623,3,3,2,15:00,-1,E07000038,4,0,1,0,2,"[19, 9]",5,"[1, 3]",0,0,0,1,0,0,0,0,0,3,18
2024302400387,2024,302400387,443811,374894,-1.34456,53.26923,3,3,3,17:15,-1,E07000034,3,2,1,0,1,5,3,7,0,0,0,0,0,0,1,0,0,2,27
2024302400388,2024,302400388,428591,348979,-1.57506,53.03733,3,3,4,12:25,-1,E07000032,4,0,1,0,2,"[7, 19]","[8, 4]","[1, 8]",0,0,0,1,0,0,0,0,0,2,28
2024302400389,2024,302400389,440341,368471,-1.3974,53.21178,3,3,5,18:45,-1,E07000038,6,2,1,1,2,"[19, 2]","[2, 0]","[6, 0]",0,0,0,1,0,0,0,0,0,2,22
2024302400390,2024,302400390,445596,341234,-1.32257,52.96654,3,3,5,09:00,-1,E07000036,3,0,1,1,1,"[4, 19]",3,7,0,0,0,1,0,0,0,0,0,2,29
2024302400391,2024,302400391,438388,369786,-1.42648,53.22374,3,3,6,14:40,-1,E07000034,3,0,1,1,1,"[19, 6]","[1, 5]",5,0,0,0,1,0,0,0,0,0,3,1
2024302400392,2024,302400392,444285,372448,-1.33779,53.24721,3,3,7,17:13,-1,E07000034,6,0,2,1,2,4,8,4,0,0,0,1,0,0,0,0,1,3,2
2024302400394,2024,302400394,437081,335460,-1.45,52.91529,3,3,1,20:35,-1,E06000015,6,2,1,0,1,"[19, 7]","[6, 8]",2,0,0,0,1,0,1,0,0,0,3,3
2024302400395,2024,302400395,437703,336538,-1.44063,52.92494,3,3,7,17:20,-1,E06000015,6,0,2,1,1,19,4,8,0,0,0,0,0,1,0,0,1,3,2
2024302400396,2024,302400396,435153,333478,-1.47889,52.8976,3,3,2,11:00,-1,E06000015,3,0,1,0,1,"[19, 12]",8,3,0,0,0,1,0,0,0,0,0,3,18
2024302400397,2024,302400397,438298,369228,-1.4279,53.21873,2,"[2, 3]",7,13:45,-1,E07000034,3,0,1,1,1,"[19, 9]","[1, 5]","[5, 3]",0,"[1, 0]",0,1,0,0,0,0,0,3,2
2024302400398,2024,302400398,448998,371209,-1.26736,53.23566,3,3,1,13:35,-1,E07000033,4,0,8,0,2,"[5, 19]","[7, 5]",1,0,0,0,1,0,0,0,0,0,3,3
2024302400399,2024,302400399,440992,353078,-1.38961,53.07337,3,3,3,08:20,-1,E07000032,4,0,1,1,1,19,7,3,0,0,0,1,0,0,0,0,1,3,5
2024302400400,2024,302400400,427614,373874,-1.5875,53.26115,2,2,2,10:30,-1,E07000035,3,0,8,2,2,19,6,2,0,0,0,0,0,1,0,0,0,3,4
2024302400401,2024,302400401,401284,382289,-1.98218,53.3375,3,3,1,20:40,-1,E07000037,3,2,1,1,2,19,2,6,0,0,0,1,0,0,0,0,1,3,17
2024302400402,2024,302400402,446999,332799,-1.3029,52.8906,3,3,5,09:28,-1,E07000036,1,0,1,0,2,"[19, 11]",6,2,0,0,0,1,0,0,1,0,0,3,21
2024302400405,2024,302400405,435330,335632,-1.47602,52.91695,3,3,7,17:00,-1,E06000015,3,0,1,0,1,19,"[8, 1]","[3, 5]",0,0,0,1,1,0,0,0,0,3,23
2024302400406,2024,302400406,437015,342423,-1.45019,52.97788,3,3,1,16:45,-1,E07000036,3,0,1,0,2,19,6,2,0,"[0, 1]","[0, 6]",1,0,0,0,0,0,3,24
2024302400407,2024,302400407,444858,371231,-1.32938,53.23622,2,"[3, 2]",6,16:15,-1,E07000038,3,0,1,0,2,"[19, 13]","[7, 3]","[3, 7]",0,0,0,1,0,0,0,0,0,3,22
2024302400408,2024,302400408,452051,369438,-1.22191,53.21945,3,3,2,19:42,-1,E07000033,5,2,2,1,2,"[9, 19]","[1, 5]","[6, 1]",0,0,0,1,0,0,0,0,0,3,4
2024302400409,2024,302400409,436011,337114,-1.46573,52.93023,2,2,3,15:45,-1,E06000015,3,0,1,0,2,19,5,1,0,0,0,1,0,0,0,0,1,3,5
2024302400410,2024,302400410,451144,375433,-1.23453,53.27342,3,3,3,15:00,-1,E07000033,3,0,1,0,2,"[2, 19]","[0, 8]","[0, 4]",0,0,0,1,0,0,0,0,0,3,5
2024302400411,2024,302400411,429029,329843,-1.57024,52.86529,3,3,4,05:00,-1,E07000039,3,2,1,0,2,"[19, 4]",6,1,0,0,0,1,0,0,0,0,0,3,6
2024302400412,2024,302400412,450169,376301,-1.24902,53.28132,3,3,3,16:08,-1,E07000033,6,0,2,1,2,19,"[8, 3]","[3, 8]",0,0,0,1,0,0,0,0,0,3,5
2024302400413,2024,302400413,434514,333950,-1.48833,52.90189,3,3,2,09:00,-1,E06000015,3,0,2,1,1,5,7,4,0,"[0, 3]",0,1,0,0,0,0,0,3,25
2024302400414,2024,302400414,435146,368249,-1.47521,53.21015,2,2,4,10:04,-1,E07000038,3,0,1,0,2,"[9, 19]","[4, 2]","[2, 6]",0,0,0,1,0,0,0,0,0,3,6
2024302400415,2024,302400415,439985,350600,-1.40495,53.05117,3,3,5,11:15,-1,E07000032,4,0,1,0,1,4,1,4,0,0,0,0,0,0,1,0,1,3,7
2024302400416,2024,302400416,434475,348197,-1.4874,53.02995,3,3,1,20:18,-1,E07000032,3,2,1,1,1,"[19, 2]","[4, 0]","[1, 0]","[4, 0]",0,0,1,0,0,0,0,0,3,24
2024302400417,2024,302400417,433724,332071,-1.50027,52.88505,3,3,7,15:43,-1,E06000015,6,0,1,0,1,"[19, 9]",2,"[6, 8]",0,0,0,1,0,1,0,0,0,3,9
2024302400418,2024,302400418,432166,333760,-1.52326,52.90032,2,2,5,15:40,-1,E06000015,6,0,1,0,1,19,6,2,0,0,0,1,0,0,0,0,1,3,7
2024302400419,2024,302400419,418342,386314,-1.72578,53.37337,2,2,7,15:15,-1,E07000037,3,0,7,1,2,19,"[8, 4]","[4, 8]",0,0,0,1,0,1,0,0,0,3,9
2024302400420,2024,302400420,428888,319615,-1.57324,52.77336,3,3,4,16:11,-1,E07000039,3,0,1,0,2,4,3,7,0,0,0,1,0,0,0,0,1,3,6
2024302400421,2024,302400421,411811,367583,-1.82463,53.20519,2,2,7,13:45,-1,E07000035,3,0,4,1,2,19,7,4,0,1,1,0,0,1,0,0,0,3,23
2024302400422,2024,302400422,409852,368906,-1.85392,53.21712,3,3,7,15:00,-1,E07000037,3,0,1,0,2,19,"[8, 4]","[4, 8]",0,"[1, 0]",0,1,0,0,0,0,0,3,9
2024302400423,2024,302400423,430401,319346,-1.55083,52.77086,3,3,6,00:32,-1,E07000039,3,2,1,0,2,"[3, 11]",4,8,0,0,0,1,0,1,0,0,0,3,8
2024302400424,2024,302400424,434974,336288,-1.48124,52.92287,3,3,1,00:07,-1,E06000015,6,2,2,1,1,9,8,6,0,0,0,1,0,0,0,0,1,3,10
2024302400425,2024,302400425,449027,333789,-1.27261,52.89931,3,3,7,12:35,-1,E07000036,6,0,1,0,1,"[2, 1]","[0, 3]","[0, 7]",0,0,0,1,0,0,0,0,1,3,23