collision_index,collision_year,collision_ref_no,location_easting_osgr,location_northing_osgr,longitude,latitude,casualty_severity,casualty_severity,day_of_week,time,local_authority_district,local_authority_ons_district,first_road_class,light_conditions,weather_conditions,road_surface_conditions,urban_or_rural_area,vehicle_manoeuvre,vehicle_direction_from,vehicle_direction_to,hit_object_in_carriageway,vehicle_leaving_carriageway,hit_object_off_carriageway,is_car,is_cyle,is_mcyle,is_goodsv,is_other,is_pedestrian,month,day
2024302400591,2024,302400591,429535,357720,-1.56019,53.11585,3,3,2,16:10,-1,E07000035,3,0,1,0,2,"[10, 19, 4]","[1, 5]","[6, 1, 5]",0,0,0,1,0,0,0,0,0,4,15
2024302400592,2024,302400592,438485,370831,-1.4249,53.23313,2,2,3,10:50,-1,E07000034,3,0,1,0,1,4,7,3,0,0,0,1,0,0,0,0,1,4,16
2024302400593,2024,302400593,441949,337525,-1.37735,52.93349,3,3,3,17:12,-1,E07000036,3,0,8,1,2,"[13, 19]",6,2,0,"[7, 0]","[10, 0]",1,0,0,0,1,0,4,16
2024302400594,2024,302400594,416713,331832,-1.75308,52.88369,3,3,3,18:30,-1,E07000035,3,0,2,1,2,4,3,8,0,0,0,1,0,0,0,0,0,4,16
2024302400595,2024,302400595,433308,336994,-1.50595,52.92932,3,3,3,20:45,-1,E06000015,3,2,1,0,1,"[7, 19]","[5, 3]",7,0,0,0,1,0,0,0,0,0,4,16
2024302400596,2024,302400596,437693,330955,-1.44142,52.87475,2,"[3, 2]",3,00:30,-1,E06000015,3,2,1,0,1,"[9, 19]",4,"[2, 8]",0,"[0, 7]","[0, 2]",1,0,0,0,0,0,4,30
2024302400597,2024,302400597,440339,335599,-1.40154,52.9163,2,2,4,13:52,-1,E06000015,6,0,1,0,1,5,8,4,0,0,0,1,0,0,0,0,0,4,17
2024302400598,2024,302400598,448168,332232,-1.28561,52.8854,3,3,4,13:34,-1,E07000036,4,0,1,0,1,"[19, 3]","[6, 2]","[2, 8]",0,0,0,1,0,1,0,0,0,4,17
2024302400599,2024,302400599,447757,336471,-1.2911,52.92354,2,"[3, 2]",5,08:25,-1,E07000036,6,0,1,0,1,19,"[2, 8]","[6, 4]",0,0,0,1,0,0,0,0,0,4,18
2024302400601,2024,302400601,400950,395797,-1.98716,53.45892,3,3,7,13:15,-1,E07000037,3,0,2,1,1,"[7, 19]","[7, 4]",2,0,0,0,1,0,1,0,0,0,1,20
2024302400602,2024,302400602,436187,331606,-1.46372,52.88071,3,3,5,20:31,-1,E06000015,6,2,1,1,2,"[9, 19]","[4, 8]","[2, 4]",0,0,0,1,0,0,0,0,0,4,18
2024302400603,2024,302400603,439605,335573,-1.41245,52.91613,3,3,3,18:30,-1,E06000015,3,0,1,0,1,19,1,5,0,0,0,0,1,0,0,0,0,4,30
2024302400604,2024,302400604,429515,319459,-1.56396,52.77192,3,3,6,08:30,-1,E07000039,6,0,1,0,1,"[14, 9]","[2, 4]","[6, 2]",0,0,0,1,0,1,0,0,0,4,19
2024302400605,2024,302400605,448531,334181,-1.27993,52.90288,3,3,6,13:40,-1,E07000036,6,0,1,0,1,"[14, 19, 2]","[7, 1, 0]","[3, 5, 0]",0,0,0,1,0,0,0,0,0,4,19
2024302400606,2024,302400606,437238,336046,-1.4476,52.92055,3,3,6,14:55,-1,E06000015,6,0,1,1,1,"[13, 9]",4,8,0,0,0,1,1,0,0,0,0,4,19
2024302400607,2024,302400607,437288,373489,-1.44253,53.2571,2,2,4,20:23,-1,E07000034,4,2,1,0,1,"[19, 9]","[7, 1]","[3, 7]",0,0,0,1,0,1,0,0,0,4,24
2024302400608,2024,302400608,432198,332326,-1.52292,52.88743,3,3,4,16:00,-1,E06000015,6,0,1,0,2,19,2,6,0,0,0,1,0,0,0,0,1,5,1
2024302400610,2024,302400610,437544,345908,-1.44191,53.00917,3,3,6,17:30,-1,E07000032,4,0,1,0,2,"[4, 19, 6]",6,"[2, 6]",0,0,0,1,0,0,0,0,0,4,19
2024302400611,2024,302400611,434400,337279,-1.48968,52.93182,3,3,2,08:25,-1,E06000015,6,0,1,0,1,"[19, 7]",4,6,0,0,0,1,1,0,0,0,0,4,29
2024302400612,2024,302400612,443450,346271,-1.35384,53.01199,3,3,6,14:38,-1,E07000032,6,0,1,0,1,1,6,2,0,0,0,1,0,0,0,0,1,4,19
2024302400613,2024,302400613,435493,336188,-1.47354,52.92194,2,2,2,23:30,-1,E06000015,6,2,2,1,1,19,8,4,0,0,0,1,0,0,0,0,1,4,15
2024302400614,2024,302400614,439246,361113,-1.41469,53.14572,3,3,7,12:34,-1,E07000038,3,0,1,0,1,"[9, 19]","[8, 1]",5,0,0,0,1,0,0,0,0,0,4,20
2024302400615,2024,302400615,405615,394035,-1.91693,53.44306,3,3,6,06:57,-1,E07000037,3,0,2,1,2,19,4,2,0,1,11,1,0,0,0,0,0,4,19
2024302400616,2024,302400616,433378,333911,-1.50523,52.90161,3,3,5,18:23,-1,E06000015,6,0,1,0,1,"[2, 14]","[0, 3]","[0, 7]",0,0,0,1,1,0,0,0,0,5,2
2024302400617,2024,302400617,403652,370140,-1.94675,53.22829,2,2,7,15:30,-1,E07000037,3,0,1,0,2,"[15, 9, 1]","[6, 2]","[2, 6]",0,0,0,1,0,1,0,0,0,4,20
2024302400618,2024,302400618,433618,336236,-1.50142,52.92249,3,3,6,13:30,-1,E06000015,6,0,1,0,1,"[19, 2]","[3, 0]","[7, 0]","[4, 0]",0,0,1,0,0,0,0,0,5,3
2024302400619,2024,302400619,436488,344448,-1.45781,52.99612,3,3,6,14:14,-1,E07000032,5,0,1,0,2,"[19, 6]",5,"[1, 5]",0,"[0, 1]","[0, 11]",1,0,1,0,0,0,5,3
2024302400622,2024,302400622,438050,329382,-1.4363,52.86059,3,3,6,20:35,-1,E07000039,3,2,2,1,2,19,7,3,0,1,3,1,0,0,0,0,0,5,3
2024302400623,2024,302400623,444881,361304,-1.33042,53.147,3,3,6,19:45,-1,E07000033,1,2,2,1,2,"[11, 19]",5,1,0,0,0,1,0,0,1,0,0,5,3
2024302400625,2024,302400625,434300,339650,-1.49091,52.95314,3,3,7,14:08,-1,E06000015,6,0,1,0,1,19,"[6, 2]","[2, 6]",0,0,0,1,0,0,0,0,0,5,4
2024302400628,2024,302400628,428313,328818,-1.58096,52.85612,1,1,2,06:01,-1,E07000039,3,0,1,0,2,19,6,2,0,1,4,1,0,0,0,0,0,5,6
2024302400629,2024,302400629,416151,334912,-1.76128,52.9114,2,"[3, 2]",1,17:05,-1,E07000035,3,0,1,0,2,19,1,5,0,0,0,1,0,0,0,0,0,4,21
2024302400630,2024,302400630,438248,372710,-1.42823,53.25003,2,"[2, 3]",7,17:00,-1,E07000034,4,0,1,0,1,19,1,4,0,1,4,1,0,0,0,0,0,4,20
2024302400631,2024,302400631,440577,368840,-1.39382,53.21508,2,"[3, 2]",1,18:29,-1,E07000038,3,0,1,0,2,"[19, 2]","[8, 0]","[4, 0]",0,0,0,1,0,0,0,0,0,4,21
2024302400632,2024,302400632,404085,372541,-1.94024,53.24987,3,3,1,00:30,-1,E07000037,6,2,1,0,1,"[2, 19]","[0, 5]","[0, 1]","[0, 4]",0,0,1,0,0,0,0,0,4,21
2024302400634,2024,302400634,437380,327019,-1.44652,52.83939,3,3,1,11:45,-1,E07000039,4,0,1,0,2,7,3,1,0,0,0,0,0,1,0,0,0,4,21
2024302400635,2024,302400635,435355,336168,-1.47559,52.92177,3,3,1,14:20,-1,E06000015,6,0,1,0,1,19,8,7,0,0,0,0,1,0,0,0,1,4,21
2024302400636,2024,302400636,426438,367618,-1.60564,53.20498,2,2,1,14:00,-1,E07000035,4,0,1,0,2,"[9, 19]","[5, 1]","[3, 5]",0,0,0,1,0,1,0,0,0,4,21
2024302400637,2024,302400637,425804,372168,-1.61477,53.24591,2,2,1,14:45,-1,E07000035,3,0,1,0,2,19,3,7,0,0,0,1,0,0,0,0,1,5,5
2024302400639,2024,302400639,442569,353652,-1.366,53.0784,3,3,1,17:50,-1,E07000032,4,0,1,0,1,"[8, 19]","[6, 8]","[8, 4]",0,0,0,1,1,0,0,0,0,4,21
2024302400640,2024,302400640,429255,371368,-1.56313,53.23854,2,"[3, 2]",3,19:00,-1,E07000038,3,0,1,0,2,19,4,8,0,2,11,1,0,0,0,0,0,4,23
2024302400641,2024,302400641,432423,334398,-1.51937,52.90604,3,3,4,07:55,-1,E06000015,4,0,1,0,1,"[13, 6]",8,"[4, 8]",0,0,0,1,0,1,0,0,0,4,24
2024302400642,2024,302400642,439861,377851,-1.40341,53.29612,3,3,2,15:17,-1,E07000038,6,0,2,1,2,19,"[1, 2]","[2, 1]",0,0,0,1,0,0,0,0,0,4,22
2024302400643,2024,302400643,422676,354117,-1.66291,53.0838,3,3,5,09:00,-1,E07000035,5,0,1,1,2,19,"[7, 2]","[3, 7]",0,0,0,1,1,0,0,0,0,4,25
2024302400644,2024,302400644,443144,372469,-1.35489,53.24749,3,3,4,16:48,-1,E07000034,5,0,1,0,2,19,"[8, 5]","[5, 8]",0,"[1, 7]",0,1,0,0,0,0,0,4,24
2024302400645,2024,302400645,435537,333285,-1.4732,52.89584,3,3,5,14:37,-1,E06000015,6,0,1,1,1,"[9, 7]",4,"[3, 6]",0,0,0,1,0,0,0,0,0,4,25
2024302400647,2024,302400647,434770,334902,-1.48443,52.91043,3,3,7,16:01,-1,E06000015,6,0,1,0,1,19,2,6,0,0,0,1,0,0,0,0,1,5,4
2024302400648,2024,302400648,436204,336520,-1.46292,52.92488,3,3,4,16:05,-1,E06000015,3,0,1,0,1,"[4, 19]",7,2,0,0,0,1,0,0,0,0,0,5,8
2024302400650,2024,302400650,449145,333620,-1.27088,52.89779,3,3,5,22:33,-1,E07000036,4,2,1,0,1,19,1,4,0,0,0,1,1,0,0,0,0,5,9
2024302400651,2024,302400651,434859,335890,-1.483,52.9193,2,2,7,16:46,-1,E06000015,3,0,1,0,1,9,4,6,0,0,0,1,0,0,0,0,1,4,27
2024302400652,2024,302400652,434207,333321,-1.49296,52.89625,3,3,7,17:01,-1,E06000015,6,0,1,0,1,19,"[8, 2]","[4, 6]",0,0,0,1,0,0,0,0,0,4,27
2024302400653,2024,302400653,441688,334612,-1.3816,52.90733,3,3,5,08:30,-1,E07000036,5,0,1,0,1,"[10, 7]","[3, 1]","[1, 3]",0,0,0,1,0,0,0,0,0,5,9
2024302400656,2024,302400656,441857,348919,-1.37724,53.03592,3,3,1,13:55,-1,E07000032,3,0,1,0,2,"[7, 19]","[3, 5]",1,0,0,0,1,1,0,0,0,0,5,12
2024302400657,2024,302400657,416624,331847,-1.7544,52.88383,3,3,3,12:43,-1,E07000035,3,0,1,0,2,19,"[5, 3]","[3, 8]",0,0,0,1,0,0,0,0,0,4,30
2024302400658,2024,302400658,428188,319211,-1.58365,52.76976,2,2,3,08:28,-1,E07000039,3,0,1,0,1,7,6,1,0,0,0,1,0,0,0,0,1,4,30
2024302400659,2024,302400659,430836,326969,-1.54367,52.83936,3,3,3,11:20,-1,E07000039,6,0,1,0,2,"[2, 19]","[0, 4]","[0, 8]","[0, 4]",0,0,1,0,0,0,0,0,4,30
2024302400660,2024,302400660,427702,362669,-1.58715,53.16043,2,"[3, 2]",3,16:17,-1,E07000035,3,0,1,0,1,19,"[4, 8]","[8, 4]",0,0,0,1,0,0,0,0,0,4,30
2024302400661,2024,302400661,434807,337832,-1.48356,52.93676,3,3,5,16:20,-1,E06000015,3,0,1,0,1,"[19, 10]",1,"[5, 7]",0,0,0,1,0,0,0,0,0,4,25
2024302400662,2024,302400662,435512,336667,-1.4732,52.92624,3,3,5,17:30,-1,E06000015,3,0,1,0,1,"[4, 12]",8,4,0,0,0,1,0,0,0,0,0,4,25
2024302400663,2024,302400663,446440,370200,-1.30583,53.22682,3,3,7,12:00,-1,E07000033,6,0,1,0,2,19,"[1, 3]","[5, 1]",0,0,0,1,0,1,0,0,0,5,11
2024302400664,2024,302400664,429921,364589,-1.55378,53.17757,2,2,6,15:30,-1,E07000035,4,0,1,0,2,19,2,6,0,7,11,1,0,0,0,0,0,4,26
2024302400665,2024,302400665,435210,334908,-1.47788,52.91045,3,3,1,21:00,-1,E06000015,6,2,1,0,1,"[5, 19]",6,2,0,0,0,1,1,0,0,0,0,5,12
2024302400667,2024,302400667,433573,332562,-1.50247,52.88947,3,3,3,15:30,-1,E06000015,6,0,1,0,1,"[3, 19, 9]","[8, 4, 2]","[4, 8]",0,"[0, 1]","[0, 2]",1,0,0,1,0,0,4,30
2024302400670,2024,302400670,436881,333500,-1.4532,52.89769,1,1,2,17:40,-1,E06000015,6,0,1,0,1,"[9, 19]","[7, 5]","[5, 1]",0,0,0,1,0,1,0,0,0,5,13
2024302400671,2024,302400671,415957,376283,-1.76213,53.28328,2,2,5,15:36,-1,E07000035,3,0,1,0,2,9,"[2, 6]","[8, 4]",0,0,0,1,0,1,0,0,0,5,2
2024302400672,2024,302400672,452449,367534,-1.21626,53.2023,3,3,4,15:15,-1,E07000033,4,0,1,0,1,"[7, 3]","[1, 6]",2,0,0,0,1,0,0,0,0,0,5,1
2024302400673,2024,302400673,438613,373161,-1.4227,53.25406,2,2,5,16:50,-1,E07000034,3,0,1,0,2,"[4, 19]",5,1,0,0,0,1,0,0,0,0,0,5,2
2024302400674,2024,302400674,433524,336917,-1.50275,52.92862,2,2,5,18:16,-1,E06000015,3,0,1,0,1,"[14, 9, 4]","[4, 6]","[8, 4]",0,0,0,1,0,1,0,0,0,5,2
2024302400675,2024,302400675,429745,314671,-1.56098,52.72887,2,2,5,20:40,-1,E07000039,3,2,1,0,2,"[13, 19]","[5, 1]","[1, 5]",0,0,0,1,0,1,0,0,0,5,2
2024302400676,2024,302400676,445991,339513,-1.31693,52.95103,3,3,2,14:10,-1,E07000036,6,0,1,0,2,19,1,4,0,7,4,0,0,1,0,0,0,5,13
2024302400677,2024,302400677,437157,348174,-1.44742,53.02957,3,3,5,14:39,-1,E07000032,6,0,1,0,2,"[2, 19]",5,1,"[0, 4]","[1, 7]","[11, 4]",1,0,0,0,0,0,5,9
2024302400678,2024,302400678,434827,332271,-1.48386,52.88677,3,3,6,10:00,-1,E06000015,6,0,8,0,1,"[5, 19]","[6, 7]","[2, 3]",0,0,0,1,0,1,0,0,0,5,3
2024302400679,2024,302400679,426476,320527,-1.60891,52.78168,3,3,2,15:30,-1,E07000039,3,0,1,0,1,19,8,4,0,0,0,1,0,0,0,0,1,5,13
2024302400680,2024,302400680,437432,367377,-1.44108,53.20216,3,3,6,16:00,-1,E07000038,5,0,1,0,1,"[4, 1]","[7, 3]","[8, 7]",0,0,0,1,0,0,0,0,0,5,10
2024302400681,2024,302400681,434851,335903,-1.48311,52.91942,2,2,6,19:52,-1,E06000015,3,2,2,1,1,19,1,5,0,0,0,1,0,0,0,0,1,5,3
2024302400682,2024,302400682,440091,335752,-1.4052,52.9177,3,3,1,19:58,-1,E06000015,3,0,1,0,1,19,"[6, 7]","[2, 3]",0,0,0,1,0,0,0,0,0,5,12
2024302400683,2024,302400683,434679,347362,-1.48445,53.02243,1,1,3,11:00,-1,E07000032,3,0,2,1,1,9,1,5,0,0,0,0,0,0,1,0,1,5,14
2024302400684,2024,302400684,430205,372133,-1.54882,53.24536,3,3,7,10:20,-1,E07000038,4,0,1,0,2,"[19, 5]","[6, 8]","[2, 4]",0,"[7, 0]","[10, 0]",1,0,0,0,0,0,5,4
2024302400685,2024,302400685,446244,335410,-1.31375,52.91413,3,3,7,15:29,-1,E07000036,3,0,1,0,2,19,7,3,0,1,4,1,0,0,0,0,0,5,4
2024302400687,2024,302400687,406398,373621,-1.90555,53.25955,2,"[2, 3]",1,21:27,-1,E07000037,3,2,1,0,1,19,"[1, 6]","[6, 1]",0,0,0,1,0,0,0,0,0,5,5
2024302400688,2024,302400688,446409,342575,-1.31027,52.97852,3,3,3,16:00,-1,E07000036,3,0,1,0,1,"[19, 9]","[6, 4]","[4, 8]",0,0,0,1,0,0,0,0,0,5,14
2024302400689,2024,302400689,414798,386520,-1.77903,53.37533,3,3,4,11:25,-1,E07000037,5,0,1,0,2,19,"[7, 3]","[3, 7]",0,"[1, 0]",0,1,0,0,0,0,0,5,15
2024302400690,2024,302400690,447176,336201,-1.29978,52.92116,3,3,6,11:50,-1,E07000036,1,0,1,0,1,"[14, 2]","[1, 0]","[5, 0]",0,0,0,1,0,0,0,0,1,4,5
2024302400691,2024,302400691,442419,334374,-1.37076,52.90513,3,3,5,13:44,-1,E07000036,4,0,1,0,1,"[2, 19]","[0, 6, 2]","[0, 2, 6]",0,"[0, 7]","[0, 11]",1,0,0,0,0,0,5,9
2024302400692,2024,302400692,417856,331987,-1.73609,52.88505,3,3,5,17:45,-1,E07000039,3,0,2,1,2,19,7,3,0,1,0,1,0,0,0,0,0,5,16
2024302400693,2024,302400693,436739,335424,-1.45509,52.91499,3,3,5,06:30,-1,E06000015,3,0,1,0,1,19,8,4,0,0,0,1,0,0,0,0,0,5,16
2024302400695,2024,302400695,435612,335728,-1.47182,52.9178,3,3,6,15:07,-1,E06000015,3,0,1,0,1,9,6,4,0,0,0,1,0,0,0,0,0,5,17
2024302400696,2024,302400696,433011,333924,-1.51068,52.90175,3,3,7,14:05,-1,E06000015,6,0,1,0,1,"[9, 19]","[3, 5]","[5, 1]",0,0,0,1,0,0,0,0,0,5,18
2024302400698,2024,302400698,431885,341539,-1.52667,52.97027,2,"[3, 2]",4,14:40,-1,E07000032,6,0,1,0,2,19,"[4, 7]","[7, 4]",0,1,0,1,0,0,0,0,0,5,8
2024302400699,2024,302400699,434738,334346,-1.48496,52.90543,3,3,3,19:48,-1,E06000015,6,0,1,0,1,19,3,7,0,0,0,1,0,0,0,0,1,5,7
2024302400701,2024,302400701,444700,345326,-1.33535,53.00339,2,2,5,11:55,-1,E07000032,3,0,1,0,2,"[19, 9]","[7, 2]","[4, 8]",0,0,0,1,0,1,0,0,0,5,9
2024302400702,2024,302400702,437886,346262,-1.43677,53.01233,3,3,5,17:02,-1,E07000032,4,0,1,0,2,"[9, 4, 3]","[6, 2]","[4, 6]",0,0,0,1,0,0,0,0,0,5,9
2024302400704,2024,302400704,447985,336888,-1.28764,52.92726,3,3,5,14:50,-1,E07000036,6,0,1,0,1,"[9, 19]",1,"[7, 5]",0,0,0,1,0,1,0,0,0,5,9
2024302400705,2024,302400705,430937,335362,-1.54138,52.9148,3,3,3,15:59,-1,E06000015,6,0,1,0,1,"[19, 7]","[5, 3]","[1, 5]",0,0,0,1,1,0,0,0,0,5,7
2024302400706,2024,302400706,432575,334808,-1.51707,52.90972,3,3,5,15:38,-1,E06000015,6,0,1,0,1,19,5,1,0,0,0,1,0,0,0,0,1,5,9
2024302400707,2024,302400707,417279,351404,-1.74363,53.05961,3,3,6,12:05,-1,E07000035,3,0,1,0,2,19,"[8, 5]","[5, 8]",0,"[7, 1]",10,1,0,0,0,0,0,5,10
2024302400708,2024,302400708,433967,352824,-1.49449,53.07158,3,3,6,12:55,-1,E07000032,3,0,1,0,2,"[14, 19]","[4, 8]","[8, 4]",0,0,0,0,0,1,1,0,0,5,10
2024302400709,2024,302400709,399487,384655,-2.00917,53.35877,3,3,3,15:57,-1,E07000037,3,0,1,0,1,"[19, 5]",3,6,0,"[1, 0]","[11, 0]",1,0,0,1,0,0,5,7
2024302400710,2024,302400710,423320,315827,-1.65604,52.73957,3,3,4,08:00,-1,E07000039,5,0,1,0,2,"[9, 3]","[8, 7]","[7, 4]",0,0,0,1,0,0,0,0,0,5,8
2024302400711,2024,302400711,437543,328973,-1.44388,52.85695,3,3,5,08:50,-1,E07000039,3,0,1,0,2,"[10, 19]",5,"[3, 1]",0,0,0,1,0,0,0,0,0,4,11
2024302400713,2024,302400713,413562,371325,-1.79826,53.23878,3,3,6,09:55,-1,E07000035,3,0,1,0,2,"[7, 4]",8,4,0,"[0, 1]",0,1,0,0,1,0,0,5,10
2024302400714,2024,302400714,442959,351442,-1.36047,53.05851,2,2,6,17:45,-1,E07000032,6,0,1,0,2,19,6,2,0,1,4,0,0,1,0,0,0,5,10
2024302400715,2024,302400715,442264,354772,-1.37041,53.0885,2,2,6,17:49,-1,E07000032,6,0,1,0,1,"[9, 14]",7,"[5, 3]",0,0,0,1,0,0,0,0,0,5,10
2024302400716,2024,302400716,435483,336656,-1.47363,52.92615,3,3,4,13:11,-1,E06000015,3,0,1,0,1,"[19, 11]",4,8,0,"[0, 5]","[0, 6]",1,0,0,0,0,0,5,8
2024302400717,2024,302400717,432232,337307,-1.52193,52.9322,2,2,7,12:20,-1,E06000015,3,0,1,0,2,4,4,8,0,0,0,1,0,0,0,0,1,5,11
2024302400718,2024,302400718,439330,361931,-1.41334,53.15307,3,3,3,09:40,-1,E07000038,3,0,2,1,1,"[19, 9]","[5, 6]","[1, 5]",0,0,0,1,0,0,0,0,0,5,14
2024302400719,2024,302400719,427825,355205,-1.58595,53.09333,3,3,7,10:20,-1,E07000035,4,0,1,0,2,19,"[1, 5]","[5, 1]",0,"[7, 0]",0,1,0,1,0,0,0,5,11
2024302400720,2024,302400720,439173,372474,-1.4144,53.24784,3,3,1,21:41,-1,E07000034,4,2,9,0,1,"[19, 4]",2,6,0,0,0,1,0,1,0,0,0,5,19
2024302400721,2024,302400721,437547,338748,-1.44269,52.94481,2,"[3, 2]",7,19:40,-1,E06000015,6,0,1,0,1,"[10, 19]","[6, 2]","[5, 6, 2]",0,0,0,1,0,0,0,0,0,5,11
2024302400722,2024,302400722,443618,346417,-1.35132,53.01329,3,3,7,20:20,-1,E07000032,3,0,1,0,1,19,"[5, 1]","[1, 5]",0,"[0, 1]","[0, 1]",1,0,0,0,0,0,5,11
2024302400724,2024,302400724,445924,374000,-1.31301,53.26102,3,3,6,12:10,-1,E07000033,1,0,1,0,2,19,6,2,0,0,0,1,0,0,1,0,0,5,24
2024302400725,2024,302400725,434633,338762,-1.48605,52.94513,3,3,5,09:08,-1,E06000015,3,0,1,0,1,13,6,2,0,1,7,1,0,0,0,0,0,5,23
2024302400726,2024,302400726,406244,381530,-1.90771,53.33065,3,3,7,20:20,-1,E07000037,3,0,1,0,2,19,4,8,9,0,0,1,0,0,0,0,0,5,25
2024302400727,2024,302400727,439145,363478,-1.41592,53.16699,3,3,1,23:00,-1,E07000038,3,2,1,0,1,"[9, 19]","[3, 5]",1,0,"[1, 0]",0,1,0,0,0,0,0,5,26
2024302400728,2024,302400728,445028,361906,-1.32814,53.15239,3,3,7,13:20,-1,E07000033,1,0,1,0,2,"[4, 19]",5,1,0,0,0,1,0,0,0,0,0,5,25
2024302400729,2024,302400729,445741,355883,-1.31834,53.0982,3,3,3,17:32,-1,E07000033,1,0,1,0,2,19,4,8,0,0,0,1,0,0,1,0,0,5,21
2024302400730,2024,302400730,435466,334265,-1.47415,52.90466,3,3,1,19:55,-1,E06000015,6,0,1,0,1,19,4,8,0,0,0,1,0,0,0,0,1,5,5
2024302400731,2024,302400731,445004,346997,-1.33058,53.01839,3,3,1,15:12,-1,E07000032,3,0,1,0,1,"[19, 5]","[2, 5]",6,0,"[0, 1]",0,1,0,0,0,0,0,5,12
2024302400732,2024,302400732,442283,347712,-1.37105,53.02504,2,2,1,15:05,-1,E07000032,3,0,1,0,1,"[13, 9]",4,"[8, 2]",0,0,0,1,0,1,0,0,0,5,12
2024302400733,2024,302400733,434760,336374,-1.48442,52.92366,3,3,1,18:35,-1,E06000015,3,0,1,0,1,"[9, 19]","[1, 5]","[8, 1]",0,0,0,1,0,0,0,0,0,5,12
2024302400734,2024,302400734,445510,340049,-1.32402,52.95589,3,3,1,18:30,-1,E07000036,6,0,1,0,1,"[19, 2]","[3, 0]","[7, 0]",0,0,0,1,0,0,0,0,1,5,12
2024302400735,2024,302400735,436033,347798,-1.46422,53.02626,2,2,7,11:00,-1,E07000032,3,0,1,0,1,"[7, 19]","[8, 5]",2,0,0,0,1,1,0,0,0,0,5,11
2024302400736,2024,302400736,428696,357154,-1.57277,53.11081,3,3,1,10:58,-1,E07000035,3,0,1,0,2,19,8,4,0,0,0,0,0,1,0,0,0,5,12
2024302400737,2024,302400737,429560,326506,-1.56265,52.83527,2,"[2, 3]",2,08:18,-1,E07000039,4,0,1,0,2,"[4, 3]",6,2,0,0,0,1,0,0,0,0,0,5,13
2024302400738,2024,302400738,452626,374247,-1.21251,53.26262,3,3,2,16:20,-1,E07000033,6,0,1,0,2,"[7, 19]",4,"[6, 8]",0,0,0,1,1,0,0,0,0,5,27
2024302400739,2024,302400739,446129,377517,-1.30943,53.29261,3,3,2,18:25,-1,E07000033,3,0,2,1,2,4,7,3,0,0,0,1,0,0,0,0,0,5,27
2024302400740,2024,302400740,430627,365482,-1.54313,53.18556,3,3,2,14:40,-1,E07000038,4,0,1,0,2,"[19, 5]","[6, 8]","[2, 4]",0,"[7, 0]",0,1,0,0,0,0,0,5,13
2024302400741,2024,302400741,432771,328805,-1.51476,52.85575,3,3,2,23:00,-1,E07000039,3,2,1,1,2,"[7, 19]","[1, 7]",4,0,0,0,1,0,0,0,0,0,5,13
2024302400742,2024,302400742,433521,339554,-1.50252,52.95232,2,2,3,08:38,-1,E06000015,6,0,2,1,1,19,3,7,0,0,0,1,0,0,0,0,1,5,14
2024302400743,2024,302400743,424765,333261,-1.63332,52.89623,3,3,3,15:10,-1,E07000039,5,0,1,1,2,19,8,4,0,1,4,1,0,0,0,0,0,5,14
2024302400744,2024,302400744,441579,330638,-1.38373,52.87162,3,3,3,17:40,-1,E07000039,3,0,1,0,2,"[19, 11]",7,3,0,0,0,1,0,0,1,0,0,5,14
2024302400745,2024,302400745,435697,368761,-1.4669,53.21472,2,"[2, 3]",7,13:33,-1,E07000038,3,0,9,0,2,"[19, 10]",6,"[1, 4]",0,0,0,1,0,1,0,0,0,5,18
2024302400746,2024,302400746,438275,370860,-1.42805,53.2334,3,3,7,13:02,-1,E07000034,3,0,1,0,1,19,3,7,0,0,0,1,0,0,0,0,1,5,11
2024302400747,2024,302400747,446446,365188,-1.30647,53.18177,3,3,4,15:49,-1,E07000033,6,0,1,0,2,19,"[3, 8]","[8, 3]",0,"[1, 0]","[9, 0]",1,0,0,0,0,0,5,15
2024302400748,2024,302400748,431119,318496,-1.54027,52.76318,2,"[2, 3]",5,05:47,-1,E07000039,6,0,1,0,1,19,"[4, 3]","[1, 6]",0,0,0,1,0,0,0,0,0,5,16
2024302400749,2024,302400749,438289,337312,-1.43182,52.93185,3,3,3,08:00,-1,E06000015,6,0,2,1,1,19,1,5,0,0,0,1,0,0,0,0,1,5,14
2024302400750,2024,302400750,454169,375786,-1.18912,53.2763,3,3,5,12:00,-1,E07000033,6,0,1,1,2,"[19, 5]","[8, 1]","[3, 8]",0,0,0,1,0,0,0,0,0,5,16
2024302400752,2024,302400752,436683,341408,-1.45525,52.96878,3,3,5,19:05,-1,E07000036,3,0,2,1,2,19,5,1,0,1,4,1,0,0,0,0,0,5,16
2024302400753,2024,302400753,442998,380389,-1.35601,53.31869,3,3,5,16:37,-1,E07000038,3,0,1,0,2,"[19, 7]","[8, 2]",4,0,0,0,1,0,0,0,0,0,5,30
2024302400754,2024,302400754,434748,339096,-1.48431,52.94813,3,3,6,07:30,-1,E06000015,3,0,1,0,1,19,6,2,0,1,7,1,0,0,0,0,0,5,31
2024302400755,2024,302400755,434690,336506,-1.48545,52.92485,3,3,6,15:45,-1,E06000015,3,0,1,0,1,"[9, 19]",8,"[6, 2]",0,0,0,1,0,0,0,0,0,5,31
2024302400756,2024,302400756,437768,355580,-1.43744,53.0961,3,3,7,13:35,-1,E07000032,4,0,1,0,2,"[2, 9, 19]","[0, 4, 8]","[0, 2, 4]",0,0,0,1,1,0,0,0,0,5,25
2024302400757,2024,302400757,447603,338609,-1.29307,52.94277,2,2,1,11:25,-1,E07000036,5,0,1,0,1,"[19, 9]","[4, 8]","[8, 6]",0,0,0,1,0,1,0,0,0,6,2
2024302400759,2024,302400759,404302,372717,-1.93698,53.25145,3,3,6,16:45,-1,E07000037,3,0,1,0,1,"[19, 9]",6,"[2, 3]",0,0,0,1,0,1,0,0,0,5,31