collision_index,collision_year,collision_ref_no,location_easting_osgr,location_northing_osgr,longitude,latitude,casualty_severity,casualty_severity,day_of_week,time,local_authority_district,local_authority_ons_district,first_road_class,light_conditions,weather_conditions,road_surface_conditions,urban_or_rural_area,vehicle_manoeuvre,vehicle_direction_from,vehicle_direction_to,hit_object_in_carriageway,vehicle_leaving_carriageway,hit_object_off_carriageway,is_car,is_cyle,is_mcyle,is_goodsv,is_other,is_pedestrian,month,day
2024302400760,2024,302400760,449422,377821,-1.25998,53.29505,3,3,6,00:07,-1,E07000033,6,2,1,1,2,19,6,4,0,1,0,1,0,0,0,0,0,5,17
2024302400761,2024,302400761,448985,370255,-1.2677,53.22709,2,2,7,12:15,-1,E07000033,6,0,1,0,2,19,1,5,0,0,0,0,0,1,0,0,0,5,18
2024302400762,2024,302400762,447609,333766,-1.29369,52.89924,3,3,4,08:15,-1,E07000036,4,0,1,0,1,"[9, 19, 3]","[3, 1, 5]","[1, 5]",0,0,0,1,0,0,0,0,0,1,31
2024302400764,2024,302400764,401898,386898,-1.97293,53.37893,3,3,1,12:55,-1,E07000037,6,0,1,0,2,19,4,8,0,0,0,1,0,0,0,0,1,5,12
2024302400765,2024,302400765,427302,319451,-1.59676,52.77197,3,3,2,16:35,-1,E07000039,3,0,1,0,2,"[5, 3]","[7, 1]","[1, 5]",0,0,0,1,0,0,0,0,0,6,3
2024302400767,2024,302400767,431076,332368,-1.53959,52.88788,3,3,1,09:55,-1,E07000039,6,0,1,0,2,"[9, 19]","[6, 2]","[4, 6]",0,0,0,1,0,0,0,0,0,5,26
2024302400768,2024,302400768,419504,376116,-1.70894,53.28166,2,"[3, 2]",7,09:30,-1,E07000035,3,0,1,0,2,"[9, 19]","[2, 6]","[8, 2]",0,"[0, 1]","[0, 11]",1,0,0,0,0,0,5,18
2024302400769,2024,302400769,418569,386383,-1.72236,53.37398,2,2,7,17:00,-1,E07000037,3,0,1,0,2,"[19, 9]","[6, 2]","[2, 8]",0,0,0,1,0,1,0,0,0,5,18
2024302400770,2024,302400770,437567,371020,-1.43863,53.23489,3,3,3,14:05,-1,E07000034,3,0,1,0,1,7,5,7,0,0,0,1,0,0,0,0,1,6,4
2024302400772,2024,302400772,442397,362313,-1.36743,53.15627,3,3,3,16:36,-1,E07000038,5,0,2,1,1,"[2, 1, 13]","[0, 8, 4]","[0, 6, 8]",0,0,0,1,0,0,0,0,0,5,28
2024302400773,2024,302400773,437014,372834,-1.44671,53.25123,3,3,7,22:03,-1,E07000034,4,2,1,1,1,"[4, 19]",5,8,0,0,0,1,0,1,0,0,0,5,18
2024302400774,2024,302400774,425609,356401,-1.61895,53.10419,3,3,7,13:25,-1,E07000035,3,0,1,0,2,19,"[4, 8]","[8, 4]",0,0,0,1,0,1,0,0,0,5,18
2024302400775,2024,302400775,416591,357881,-1.75357,53.11785,2,2,1,17:30,-1,E07000035,3,0,1,0,2,"[10, 13]",5,"[3, 1]",0,0,0,1,0,1,0,0,0,5,19
2024302400776,2024,302400776,432551,355268,-1.51538,53.09363,2,2,5,13:45,-1,E07000035,3,0,1,0,2,19,"[8, 4]","[4, 8]",0,0,0,1,0,0,0,0,0,5,23
2024302400777,2024,302400777,439788,331741,-1.4102,52.88167,2,2,1,05:29,-1,E07000039,5,0,2,1,2,19,1,5,0,7,2,1,0,0,0,0,0,5,26
2024302400778,2024,302400778,436001,336918,-1.4659,52.92847,2,2,1,18:50,-1,E06000015,6,0,1,0,1,"[9, 19, 10]","[7, 6, 1]","[5, 1, 7]",0,0,0,1,0,1,0,0,0,5,26
2024302400779,2024,302400779,447073,331921,-1.30193,52.8827,2,"[2, 3]",6,23:29,-1,E07000036,5,2,1,0,1,"[2, 19]","[0, 4]","[0, 8]","[0, 4]","[0, 7]","[0, 3]",1,0,0,0,0,0,5,31
2024302400780,2024,302400780,431113,332415,-1.53904,52.8883,2,2,6,22:00,-1,E07000039,6,2,1,0,1,"[19, 9]","[6, 4]",2,0,0,0,1,0,0,0,0,0,5,31
2024302400782,2024,302400782,437593,335854,-1.44234,52.9188,2,2,6,15:11,-1,E06000015,6,0,1,0,1,19,4,"[1, 2]",0,0,0,1,1,0,0,0,0,5,24
2024302400783,2024,302400783,441962,335300,-1.37744,52.91349,3,3,6,10:20,-1,E07000036,3,0,1,0,1,3,6,8,0,0,0,1,0,0,1,0,0,5,17
2024302400784,2024,302400784,445448,360489,-1.32206,53.13962,3,3,7,14:05,-1,E07000033,6,0,1,0,2,19,"[6, 2]","[2, 6]",0,0,0,1,0,0,0,0,0,6,8
2024302400785,2024,302400785,445122,346418,-1.32891,53.01317,3,3,7,21:55,-1,E07000032,6,2,1,0,1,19,"[6, 2]","[2, 6]",0,0,0,1,0,0,0,0,0,6,8
2024302400786,2024,302400786,433478,359384,-1.50111,53.13057,2,2,1,20:07,-1,E07000035,3,0,1,0,2,19,8,4,0,7,4,1,0,0,0,0,0,6,9
2024302400787,2024,302400787,438345,373756,-1.42665,53.25943,3,3,1,14:00,-1,E07000034,3,2,1,0,1,"[19, 5]",8,4,0,0,0,1,0,1,0,0,0,6,9
2024302400788,2024,302400788,419045,364295,-1.71652,53.17543,3,3,1,15:10,-1,E07000035,5,0,1,0,2,19,"[8, 6]","[4, 2]",0,0,0,1,0,0,0,0,0,5,19
2024302400789,2024,302400789,434211,329962,-1.49326,52.86606,3,3,2,15:48,-1,E07000039,3,0,1,0,2,"[19, 4]",7,3,0,0,0,1,0,0,0,0,0,6,10
2024302400790,2024,302400790,442122,367220,-1.3709,53.2004,3,3,2,15:44,-1,E07000038,4,0,1,0,2,"[9, 19]","[6, 4]","[4, 8]",0,0,0,1,0,0,0,0,0,5,20
2024302400791,2024,302400791,429336,330001,-1.56567,52.8667,3,3,3,08:00,-1,E07000039,3,0,1,0,2,"[19, 5]","[8, 1]",5,0,0,0,1,0,0,0,0,0,5,21
2024302400792,2024,302400792,447985,366049,-1.28331,53.18937,3,3,4,07:13,-1,E07000033,3,0,2,1,2,"[7, 19]","[1, 8]",4,0,0,0,1,0,0,0,0,0,5,22
2024302400793,2024,302400793,443642,346429,-1.35096,53.01339,3,3,1,12:30,-1,E07000032,3,0,1,0,1,19,2,6,0,1,0,0,0,1,0,0,1,6,9
2024302400794,2024,302400794,438107,371328,-1.43051,53.23762,3,3,3,08:00,-1,E07000034,6,0,1,0,1,19,7,3,0,0,0,0,0,1,1,0,0,6,11
2024302400795,2024,302400795,441467,334635,-1.38488,52.90755,3,3,2,13:45,-1,E07000036,3,0,1,0,1,5,8,4,0,0,0,1,0,0,0,0,1,6,10
2024302400796,2024,302400796,444127,356782,-1.34232,53.10641,2,2,3,18:50,-1,E07000033,6,0,2,1,1,19,5,1,0,0,0,1,0,0,0,0,1,5,21
2024302400797,2024,302400797,440298,370914,-1.39773,53.23374,3,3,5,10:40,-1,E07000038,3,0,1,0,2,"[9, 19]","[1, 7]","[7, 3]","[0, 7]",0,0,1,0,0,0,0,0,5,23
2024302400798,2024,302400798,437189,332038,-1.44878,52.88452,3,3,5,13:30,-1,E06000015,3,0,1,0,1,"[7, 9]","[1, 5]",3,0,0,0,1,0,0,0,0,0,5,23
2024302400799,2024,302400799,419770,369729,-1.70534,53.22424,3,3,5,12:01,-1,E07000035,3,0,1,1,2,"[19, 10]","[5, 7]","[1, 5]",0,0,0,1,0,0,0,0,0,5,23
2024302400800,2024,302400800,438074,345463,-1.43406,53.00514,1,1,2,07:30,-1,E07000032,3,0,2,1,2,19,3,7,0,0,0,1,0,0,0,0,1,6,10
2024302400801,2024,302400801,432602,334198,-1.51673,52.90424,1,"[1, 3, 2]",2,21:55,-1,E06000015,6,2,1,0,1,19,"[2, 6]","[6, 2]",0,"[0, 1]","[0, 10]",1,0,0,0,0,0,6,10
2024302400802,2024,302400802,439666,375537,-1.40663,53.27534,3,3,7,12:05,-1,E07000034,4,0,1,0,1,"[19, 2]","[7, 0]","[2, 0]",0,0,0,1,0,0,0,0,0,5,25
2024302400803,2024,302400803,436530,332944,-1.45848,52.89271,3,3,7,11:45,-1,E06000015,6,0,1,0,1,"[19, 2, 5]","[6, 0, 1]","[2, 0, 5]",0,0,0,1,0,0,0,0,0,5,25
2024302400804,2024,302400804,434959,380092,-1.47671,53.31661,3,3,6,21:35,-1,E07000038,3,2,1,0,2,"[4, 19]",6,2,0,0,0,1,0,0,0,0,0,5,24
2024302400805,2024,302400805,435659,333357,-1.47138,52.89648,3,3,6,17:10,-1,E06000015,3,0,1,0,1,"[5, 19]","[8, 7]",3,0,0,0,1,0,0,0,0,0,5,24
2024302400806,2024,302400806,440001,337880,-1.40628,52.93683,2,"[3, 2]",7,12:11,-1,E07000036,5,0,1,0,2,19,"[4, 1]","[1, 4]",0,"[1, 0]","[9, 0]",1,0,0,0,0,0,5,25
2024302400807,2024,302400807,428602,357334,-1.57416,53.11243,3,3,3,17:19,-1,E07000035,3,0,1,0,2,19,"[5, 1]","[1, 5]",0,0,0,1,0,0,0,0,0,6,11
2024302400808,2024,302400808,426458,367410,-1.60536,53.20311,3,3,7,16:15,-1,E07000035,4,0,1,0,2,19,8,6,0,0,0,1,0,0,0,0,0,5,25
2024302400811,2024,302400811,439255,351299,-1.41576,53.05751,3,3,2,12:39,-1,E07000032,3,0,1,0,2,5,2,5,0,0,0,1,0,0,0,0,0,6,10
2024302400812,2024,302400812,434416,336820,-1.48949,52.92769,2,2,4,16:00,-1,E06000015,6,0,9,0,1,19,2,4,0,0,0,1,0,0,0,0,1,6,5
2024302400813,2024,302400813,440888,350414,-1.3915,53.04943,3,3,5,17:15,-1,E07000032,3,0,1,1,1,"[14, 2]","[4, 0]","[8, 0]",0,0,0,1,0,0,0,0,0,4,4
2024302400814,2024,302400814,440522,354665,-1.39643,53.08767,3,3,1,15:30,-1,E07000032,4,0,1,0,2,"[4, 3]",5,1,0,0,0,1,0,1,0,0,0,4,14
2024302400815,2024,302400815,407601,378015,-1.88741,53.29904,3,3,5,08:15,-1,E07000037,3,0,1,0,2,"[7, 19]","[7, 1]","[1, 5]",0,0,0,1,0,0,0,0,0,6,13
2024302400816,2024,302400816,429099,330052,-1.56918,52.86717,3,3,4,08:15,-1,E07000039,3,0,1,0,2,19,"[7, 6]",3,0,0,0,1,0,0,1,0,0,6,5
2024302400817,2024,302400817,445435,356174,-1.32287,53.10084,3,3,2,15:18,-1,E07000033,3,0,1,0,2,"[19, 12]",2,6,0,0,0,1,0,0,0,0,0,4,15
2024302400818,2024,302400818,434963,333594,-1.4817,52.89866,3,3,1,22:00,-1,E06000015,3,2,1,1,1,19,"[6, 8]","[1, 4]",0,0,0,1,0,0,0,0,0,5,26
2024302400819,2024,302400819,436670,328696,-1.45687,52.85452,2,2,2,10:30,-1,E07000039,3,0,1,0,2,"[13, 9]",3,"[7, 8]",0,0,0,1,0,1,0,0,0,5,27
2024302400820,2024,302400820,416694,331719,-1.75337,52.88268,2,2,6,12:35,-1,E07000035,3,0,1,0,2,5,7,5,0,0,0,1,1,0,0,0,0,5,24
2024302400821,2024,302400821,431117,318510,-1.5403,52.7633,3,3,2,16:02,-1,E07000039,6,0,2,1,2,"[9, 19]","[6, 4]","[4, 1]",0,0,0,1,1,0,0,0,0,5,27
2024302400822,2024,302400822,421107,368979,-1.68536,53.21745,3,3,6,15:15,-1,E07000035,3,0,1,0,2,"[7, 19]","[1, 7]",3,0,0,0,1,0,0,0,0,0,4,26
2024302400823,2024,302400823,446621,341322,-1.3073,52.96724,3,3,5,07:05,-1,E07000036,3,0,1,1,1,"[4, 13]",2,5,0,0,0,1,0,0,0,0,0,6,13
2024302400824,2024,302400824,440607,354020,-1.39524,53.08187,3,3,5,10:45,-1,E07000032,6,0,4,0,1,19,7,3,0,0,0,1,0,0,0,0,1,6,13
2024302400825,2024,302400825,445252,356256,-1.32559,53.10159,3,3,4,14:34,-1,E07000033,3,0,1,0,2,19,5,8,0,0,0,1,0,0,0,0,0,6,12
2024302400826,2024,302400826,441298,330617,-1.38791,52.87145,3,3,5,13:40,-1,E07000039,3,0,1,0,2,"[12, 19]",3,7,0,"[4, 0, 1]","[6, 0]",1,0,0,1,0,0,6,13
2024302400829,2024,302400829,446461,339095,-1.31,52.94724,3,3,6,17:35,-1,E07000036,6,0,9,1,1,"[19, 3]",4,8,0,0,0,1,0,0,0,0,0,6,14
2024302400830,2024,302400830,438633,370445,-1.42273,53.22965,3,3,6,16:20,-1,E07000034,3,0,5,1,1,"[3, 4]",2,6,0,0,0,1,0,0,0,0,0,6,14
2024302400832,2024,302400832,438494,368317,-1.42507,53.21053,3,3,1,13:00,-1,E07000038,3,0,1,0,1,"[19, 4]",4,8,0,0,0,1,0,0,0,0,0,6,16
2024302400833,2024,302400833,445349,356110,-1.32416,53.10027,3,3,1,23:40,-1,E07000033,3,2,1,0,2,"[19, 12]","[2, 4]","[6, 8]",0,0,0,1,0,0,0,0,0,6,16
2024302400835,2024,302400835,408264,399689,-1.87691,53.49384,3,3,3,07:15,-1,E07000037,3,0,1,0,2,"[19, 4]",2,6,0,0,0,1,0,0,0,0,0,5,28
2024302400836,2024,302400836,448555,376051,-1.27326,53.27922,3,3,3,18:14,-1,E07000033,6,0,1,1,2,1,7,3,0,0,0,1,0,0,0,0,1,5,28
2024302400837,2024,302400837,437692,371405,-1.43672,53.23834,3,3,1,23:07,-1,E07000034,6,2,2,1,1,"[9, 19]","[7, 3]","[5, 7]",0,0,0,1,0,0,0,0,0,5,26
2024302400839,2024,302400839,423072,315895,-1.6597,52.7402,3,3,3,13:00,-1,E07000039,5,0,2,1,2,19,"[4, 6]","[6, 4]",0,"[0, 1]",0,1,0,0,0,0,0,5,28
2024302400840,2024,302400840,438805,332598,-1.4247,52.88944,3,3,3,13:35,-1,E06000015,6,0,1,0,1,19,"[7, 1]","[3, 5]",0,"[0, 1]","[0, 11]",1,0,0,0,0,0,5,28
2024302400841,2024,302400841,437265,335548,-1.44725,52.91607,3,3,3,16:58,-1,E06000015,6,0,1,1,1,19,2,6,0,1,2,1,0,0,0,0,0,5,28
2024302400843,2024,302400843,445471,375671,-1.31956,53.27608,3,3,3,13:20,-1,E07000034,3,0,2,1,1,"[9, 19]","[6, 2]","[5, 6]",0,0,0,1,0,0,0,0,0,5,28
2024302400845,2024,302400845,435167,334802,-1.47853,52.9095,3,3,7,13:31,-1,E06000015,6,0,1,1,1,"[2, 19]","[0, 2]","[0, 6]",0,0,0,1,0,0,0,0,0,6,15
2024302400847,2024,302400847,440263,353288,-1.40047,53.07531,3,3,7,17:50,-1,E07000032,6,0,1,0,1,"[2, 1]","[0, 5]","[0, 1]",0,0,0,1,0,0,0,0,0,6,15
2024302400848,2024,302400848,401990,386887,-1.97155,53.37883,3,3,4,10:19,-1,E07000037,5,0,1,0,2,19,3,7,0,0,0,1,0,0,0,0,1,5,29
2024302400849,2024,302400849,451472,367264,-1.23093,53.19997,3,3,4,17:00,-1,E07000033,4,0,1,0,1,"[4, 19, 5]",2,6,0,0,0,1,1,0,0,0,0,5,29
2024302400850,2024,302400850,444960,361566,-1.32921,53.14934,3,3,1,16:00,-1,E07000033,1,0,1,0,2,"[19, 12]",1,5,0,"[5, 0]","[6, 0]",1,0,0,0,1,0,6,16
2024302400851,2024,302400851,439522,339099,-1.41326,52.94783,3,3,4,16:01,-1,E06000015,6,0,1,0,1,"[19, 4]","[6, 2]","[2, 6]",0,0,0,1,0,0,0,0,0,5,29
2024302400857,2024,302400857,437314,331705,-1.44697,52.88152,3,3,5,05:50,-1,E06000015,3,0,1,0,1,"[5, 19]","[2, 4]","[6, 8]",0,0,0,1,0,0,0,0,0,5,30
2024302400858,2024,302400858,443339,374462,-1.3517,53.26539,3,3,5,11:55,-1,E07000034,6,0,1,0,1,"[19, 9]","[1, 7]",5,0,"[0, 7]","[0, 11]",1,0,0,0,0,0,5,30
2024302400859,2024,302400859,429802,360041,-1.55598,53.1367,3,3,2,17:28,-1,E07000035,3,0,1,0,1,2,0,0,0,0,0,1,0,0,0,0,1,6,17
2024302400860,2024,302400860,435431,335864,-1.47449,52.91903,3,3,3,18:10,-1,E06000015,6,0,1,0,1,5,8,4,0,0,0,1,0,0,0,0,1,6,18
2024302400861,2024,302400861,452922,376622,-1.20768,53.28394,2,2,4,18:40,-1,E07000033,6,0,1,0,2,"[4, 8]","[6, 8]",2,0,"[0, 7]","[0, 11]",1,0,0,0,0,0,6,19
2024302400862,2024,302400862,435477,335602,-1.47384,52.91667,3,3,5,20:30,-1,E06000015,3,2,8,0,1,19,4,8,0,0,0,1,0,0,0,0,0,5,30
2024302400863,2024,302400863,445508,335238,-1.32472,52.91265,3,3,6,04:50,-1,E07000036,3,0,1,0,2,19,6,2,0,1,0,1,0,0,0,0,0,5,31
2024302400864,2024,302400864,441019,365679,-1.3876,53.18663,3,3,5,15:35,-1,E07000038,4,0,1,0,1,5,6,1,0,0,0,1,0,0,0,0,1,6,20
2024302400865,2024,302400865,446439,370200,-1.30584,53.22682,2,"[3, 2]",6,09:55,-1,E07000033,6,0,1,0,2,19,"[1, 3]","[5, 1]",0,0,0,1,0,0,0,0,0,5,31
2024302400866,2024,302400866,443653,351683,-1.35009,53.06062,3,3,6,18:15,-1,E07000032,6,0,1,0,1,19,5,1,0,0,0,1,0,0,0,0,1,5,31
2024302400867,2024,302400867,406031,372597,-1.91107,53.25035,3,3,4,17:42,-1,E07000037,3,0,1,0,1,"[19, 9]","[1, 3]","[5, 1]",0,0,0,1,0,0,0,0,0,5,29
2024302400868,2024,302400868,434852,336100,-1.48308,52.92119,3,3,6,21:00,-1,E06000015,3,2,1,0,1,19,"[3, 5]","[7, 1]",0,0,0,1,1,0,0,0,0,5,31
2024302400869,2024,302400869,435222,334924,-1.4777,52.9106,3,3,4,11:14,-1,E06000015,6,0,1,0,1,"[9, 19]","[3, 2]","[1, 6]",0,0,0,1,1,0,0,0,0,6,19
2024302400870,2024,302400870,435914,337601,-1.46712,52.93461,3,3,6,11:50,-1,E06000015,6,0,1,0,1,"[19, 9]","[2, 4]","[6, 2]",0,"[7, 0]","[11, 0]",1,0,0,0,0,0,6,21
2024302400873,2024,302400873,433944,330527,-1.49716,52.87115,3,3,5,15:10,-1,E07000039,6,0,1,0,1,"[10, 19]",1,"[7, 5]",0,0,0,1,0,0,0,0,0,6,20
2024302400874,2024,302400874,442714,365723,-1.36223,53.18689,2,2,4,14:55,-1,E07000038,4,0,1,0,1,7,7,5,0,0,0,1,0,0,0,0,1,6,19
2024302400875,2024,302400875,434398,321367,-1.49138,52.78879,3,3,7,01:00,-1,E07000039,4,2,1,0,2,19,5,1,0,1,4,1,0,0,0,0,0,6,1
2024302400876,2024,302400876,432092,335093,-1.52423,52.91231,3,3,7,07:30,-1,E06000015,3,0,1,0,2,19,2,6,0,7,2,1,0,0,0,0,0,6,1
2024302400877,2024,302400877,447000,332007,-1.303,52.88348,3,3,7,16:05,-1,E07000036,6,0,1,0,1,"[2, 14]","[0, 6]","[0, 2]",0,0,0,1,0,0,0,0,0,6,1
2024302400878,2024,302400878,442399,352608,-1.36868,53.06903,3,3,1,23:28,-1,E07000032,4,2,1,0,1,"[13, 9]",5,"[1, 2]",0,0,0,1,0,0,0,0,0,6,2
2024302400879,2024,302400879,440531,379117,-1.3932,53.30745,3,3,1,19:50,-1,E07000038,4,0,1,0,1,19,2,6,0,0,0,1,0,1,0,0,0,6,2
2024302400880,2024,302400880,428736,348857,-1.57291,53.03622,2,2,1,20:45,-1,E07000032,4,2,1,0,2,19,8,4,0,1,11,1,0,0,0,0,0,6,2
2024302400881,2024,302400881,440744,344596,-1.39438,52.99715,3,3,3,05:45,-1,E07000032,3,0,1,0,1,19,1,5,0,0,0,1,0,0,0,0,1,6,4
2024302400882,2024,302400882,448027,332459,-1.28767,52.88745,3,3,3,13:00,-1,E07000036,4,0,2,1,1,"[2, 14]","[0, 8]","[0, 4]",0,0,0,1,0,0,0,0,0,6,4
2024302400883,2024,302400883,421911,335019,-1.67562,52.91215,2,2,3,17:48,-1,E07000039,5,0,2,1,2,19,5,7,0,7,11,1,0,0,0,0,0,6,4
2024302400884,2024,302400884,444455,372341,-1.33526,53.24623,2,2,2,15:30,-1,E07000034,6,0,1,0,2,"[14, 2]","[3, 0]","[6, 0]",0,0,0,1,0,0,1,0,1,6,3
2024302400885,2024,302400885,434593,347896,-1.48567,53.02724,3,3,4,09:50,-1,E07000032,3,0,1,0,1,3,1,5,0,0,0,1,0,0,0,0,0,6,5
2024302400886,2024,302400886,434638,325285,-1.48741,52.82399,3,3,2,08:10,-1,E07000039,6,0,1,0,2,4,"[4, 8]","[8, 4]",0,"[7, 0]",0,1,0,0,0,0,0,6,3
2024302400887,2024,302400887,434768,329548,-1.48503,52.8623,3,3,4,11:20,-1,E07000039,5,0,1,0,2,19,"[5, 1]","[1, 5]",0,0,0,1,0,0,0,1,0,6,5
2024302400888,2024,302400888,436847,332524,-1.45381,52.88891,2,2,4,07:20,-1,E06000015,6,0,1,0,1,19,"[1, 7]","[5, 3]",0,0,0,1,0,0,1,0,0,6,5
2024302400889,2024,302400889,441249,365758,-1.38415,53.18732,2,2,2,15:15,-1,E07000038,6,0,1,0,1,"[14, 2]","[8, 0]","[4, 0]",0,0,0,1,0,0,1,0,1,6,3
2024302400890,2024,302400890,443077,352648,-1.35855,53.06934,3,3,4,19:41,-1,E07000032,6,0,1,0,1,4,6,2,0,0,0,1,0,0,0,0,1,6,5
2024302400891,2024,302400891,439871,350370,-1.40668,53.04911,3,3,5,08:30,-1,E07000032,6,0,1,0,1,7,5,3,0,0,0,0,0,0,1,0,1,6,6
2024302400892,2024,302400892,446479,344172,-1.309,52.99287,2,2,1,13:30,-1,E07000036,6,0,1,0,1,"[19, 9]","[1, 3]","[5, 1]",0,0,0,1,0,1,0,0,0,6,9
2024302400893,2024,302400893,435258,335357,-1.47712,52.91449,3,3,5,14:43,-1,E06000015,6,0,1,0,1,"[7, 19]","[7, 5]",1,0,0,0,1,0,0,0,0,0,6,6
2024302400894,2024,302400894,443088,353345,-1.3583,53.0756,2,2,2,16:32,-1,E07000032,4,0,1,0,1,"[19, 2]","[8, 0]","[4, 0]","[4, 0]",0,0,1,0,0,0,0,0,6,10
2024302400895,2024,302400895,441676,334548,-1.38179,52.90676,2,2,4,14:35,-1,E07000036,3,0,1,0,1,4,8,4,0,1,10,0,0,1,0,0,0,6,12
2024302400896,2024,302400896,428137,374361,-1.57961,53.2655,2,"[2, 3]",5,21:25,-1,E07000038,3,2,4,1,2,19,"[5, 1]","[1, 4]",0,"[7, 0]","[1, 0]",1,0,0,0,0,0,6,13
2024302400897,2024,302400897,435495,346704,-1.47236,53.01647,2,2,4,19:12,-1,E07000032,6,0,1,0,1,"[2, 19]","[0, 5]","[0, 1]","[0, 4]","[0, 1]",0,1,0,1,0,0,0,6,19
2024302400898,2024,302400898,424745,370688,-1.63075,53.23266,3,3,6,01:04,-1,E07000035,4,2,1,0,2,19,8,4,0,3,11,1,0,0,0,0,0,6,7
2024302400900,2024,302400900,435306,334902,-1.47646,52.91039,2,2,6,20:19,-1,E06000015,6,0,2,0,1,9,4,2,0,0,0,1,0,0,0,0,1,6,21
2024302400901,2024,302400901,438485,370132,-1.42499,53.22684,2,2,3,07:10,-1,E07000034,3,0,1,0,1,"[9, 13]",2,"[8, 6]",0,0,0,1,0,1,0,0,0,6,25
2024302400902,2024,302400902,435559,336143,-1.47256,52.92153,3,3,6,13:43,-1,E06000015,6,0,8,0,1,19,4,8,0,0,0,1,0,0,0,0,1,6,7
2024302400903,2024,302400903,439600,375458,-1.40763,53.27463,2,2,6,22:20,-1,E07000034,6,2,1,0,1,"[7, 19]","[5, 3]",7,0,0,0,1,0,1,0,0,0,6,7
2024302400904,2024,302400904,409359,392895,-1.8606,53.43276,2,2,1,14:13,-1,E07000037,3,0,1,0,2,"[19, 13]","[7, 3]","[3, 7]",0,"[7, 0]","[11, 0]",0,0,1,0,0,0,6,2
2024302400905,2024,302400905,424617,320120,-1.6365,52.77811,3,3,6,21:20,-1,E07000039,5,2,1,0,2,19,2,6,0,1,0,1,0,0,0,0,0,6,7
2024302400906,2024,302400906,437132,335359,-1.44925,52.91438,3,3,7,11:50,-1,E06000015,6,0,1,0,1,"[10, 19]",8,4,0,0,0,1,0,0,0,0,0,6,8
2024302400907,2024,302400907,437185,332032,-1.44885,52.88447,3,3,1,01:42,-1,E06000015,3,2,1,0,1,5,"[3, 5]","[7, 1]",0,"[7, 1]",0,1,0,0,0,0,0,6,9
2024302400908,2024,302400908,441609,330617,-1.38329,52.87143,3,3,7,08:14,-1,E07000039,3,0,1,0,2,"[19, 13]",3,7,0,0,0,1,0,0,0,0,0,6,22
2024302400909,2024,302400909,441646,353199,-1.37984,53.07441,2,2,4,14:39,-1,E07000032,4,0,1,0,1,19,7,3,0,0,0,1,0,0,0,0,1,6,26
2024302400910,2024,302400910,436293,374591,-1.45731,53.26708,2,2,4,15:06,-1,E07000034,4,0,1,0,2,19,"[3, 6]","[6, 3]",0,"[7, 0]",0,1,0,1,0,0,0,6,26
2024302400911,2024,302400911,448419,334057,-1.28161,52.90178,3,3,2,08:30,-1,E07000036,3,0,1,0,1,"[5, 19]","[1, 8]","[8, 4]",0,0,0,1,0,1,0,0,0,2,12
2024302400912,2024,302400912,434394,337277,-1.48977,52.9318,3,3,4,11:10,-1,E06000015,6,0,1,0,1,"[7, 19]","[6, 4]",8,0,2,10,1,0,0,0,0,0,6,26
2024302400913,2024,302400913,438786,356187,-1.42216,53.10148,3,3,5,15:10,-1,E07000032,3,0,1,0,2,19,"[3, 8]","[8, 3]",0,0,0,1,0,0,0,0,0,6,27
2024302400914,2024,302400914,437702,335746,-1.44073,52.91782,3,3,1,12:25,-1,E06000015,6,0,1,0,1,"[11, 19]",1,4,0,0,0,1,0,0,0,0,0,5,26
2024302400915,2024,302400915,435852,335507,-1.46827,52.9158,3,3,5,13:20,-1,E06000015,6,0,1,0,1,"[19, 5]","[2, 8]","[6, 4]",0,0,0,1,0,0,0,0,0,6,27
2024302400916,2024,302400916,419657,372575,-1.70686,53.24983,2,2,3,17:00,-1,E07000035,6,0,1,0,2,19,"[5, 8]","[8, 5]",0,0,0,0,1,0,0,1,0,6,25
2024302400917,2024,302400917,403642,370123,-1.9469,53.22814,3,3,6,23:55,-1,E07000037,3,2,2,1,2,"[4, 19]",6,2,0,0,0,1,0,0,0,0,0,6,21
2024302400918,2024,302400918,434404,336623,-1.48969,52.92592,2,2,6,16:40,-1,E06000015,6,0,1,0,1,"[13, 19]",2,"[4, 5]",0,0,0,1,1,0,0,0,0,6,28
2024302400919,2024,302400919,405891,373554,-1.91315,53.25896,3,3,6,12:20,-1,E07000037,3,0,1,0,1,"[19, 5]","[5, 6]","[8, 2]",0,0,0,1,0,0,0,1,0,6,28
2024302400920,2024,302400920,439604,364056,-1.40898,53.17215,2,"[2, 3]",7,12:54,-1,E07000038,3,0,1,0,2,19,"[3, 5]","[5, 3]",0,0,0,1,0,0,0,0,0,6,29
2024302400921,2024,302400921,444334,330261,-1.34285,52.86801,3,3,6,13:45,-1,E07000039,4,0,1,0,2,"[10, 14]",6,"[8, 2]",0,0,0,1,0,0,0,0,0,6,28
2024302400922,2024,302400922,440262,353272,-1.40049,53.07517,3,3,7,14:06,-1,E07000032,6,0,1,0,1,"[5, 19]","[1, 7]","[5, 3]",0,0,0,1,1,0,0,0,0,6,29
2024302400923,2024,302400923,412295,378887,-1.81695,53.30679,2,2,6,21:13,-1,E07000037,3,0,1,0,2,19,4,6,0,1,0,0,0,1,0,0,0,6,28
2024302400924,2024,302400924,435033,380023,-1.47561,53.31599,3,3,6,13:15,-1,E07000038,3,0,1,0,2,5,4,8,0,0,0,1,0,0,0,0,0,6,28