collision_index,collision_year,collision_ref_no,location_easting_osgr,location_northing_osgr,longitude,latitude,casualty_severity,casualty_severity,day_of_week,time,local_authority_district,local_authority_ons_district,first_road_class,light_conditions,weather_conditions,road_surface_conditions,urban_or_rural_area,vehicle_manoeuvre,vehicle_direction_from,vehicle_direction_to,hit_object_in_carriageway,vehicle_leaving_carriageway,hit_object_off_carriageway,is_car,is_cyle,is_mcyle,is_goodsv,is_other,is_pedestrian,month,day
2024302400925,2024,302400925,435375,336184,-1.47529,52.92191,3,3,2,16:14,-1,E06000015,6,0,2,1,1,19,2,6,0,0,0,0,0,0,1,0,0,6,10
2024302400926,2024,302400926,438334,369723,-1.4273,53.22318,2,2,6,15:10,-1,E07000034,6,0,1,0,1,19,3,7,0,0,0,1,0,0,0,0,1,6,28
2024302400927,2024,302400927,439240,378486,-1.41265,53.30188,2,2,4,09:25,-1,E07000038,4,0,1,0,2,"[5, 19]","[5, 6]","[1, 2]",0,"[7, 0]","[4, 0]",1,0,0,0,0,0,6,12
2024302400928,2024,302400928,444203,346836,-1.34254,53.01701,2,2,4,15:10,-1,E07000032,3,0,1,0,1,"[19, 2]","[6, 0]","[2, 0]",0,0,0,1,0,0,0,0,1,6,12
2024302400929,2024,302400929,435073,380133,-1.47499,53.31697,2,2,4,16:15,-1,E07000038,3,0,1,0,2,"[5, 3]",1,5,0,0,0,1,0,0,0,0,0,6,12
2024302400930,2024,302400930,445429,366896,-1.32144,53.19721,3,3,6,16:15,-1,E07000038,3,0,1,0,2,5,4,6,0,0,0,1,0,0,1,0,0,6,28
2024302400931,2024,302400931,400887,385712,-1.98813,53.36827,3,3,2,17:25,-1,E07000037,6,0,8,0,1,4,5,7,0,1,0,1,0,0,0,0,0,6,10
2024302400932,2024,302400932,399852,391709,-2.00369,53.42218,3,3,5,10:07,-1,E07000037,6,0,1,0,2,19,"[8, 6]","[6, 8]",0,0,0,1,1,0,0,0,0,6,13
2024302400934,2024,302400934,430948,369505,-1.53794,53.2217,3,3,5,22:01,-1,E07000038,5,0,8,1,2,19,"[2, 6]","[6, 2]",0,0,0,1,0,0,0,0,0,6,13
2024302400935,2024,302400935,429829,359954,-1.55559,53.13591,3,3,5,15:25,-1,E07000035,3,0,2,1,1,"[2, 19]","[0, 1]","[0, 5]","[0, 4]",0,0,1,0,0,0,0,0,6,13
2024302400936,2024,302400936,447806,368291,-1.28565,53.20954,3,3,2,14:21,-1,E07000033,6,0,1,0,2,19,"[1, 5]","[5, 1]",0,0,0,1,0,0,0,0,0,7,1
2024302400937,2024,302400937,452934,370336,-1.20854,53.22744,3,3,2,16:05,-1,E07000033,3,0,1,0,2,"[19, 2]","[6, 0]","[2, 0]",0,0,0,1,0,0,0,0,1,7,1
2024302400938,2024,302400938,438954,367263,-1.41831,53.20102,2,2,3,08:06,-1,E07000038,3,0,1,0,2,"[9, 19]","[7, 5]","[5, 1]",0,0,0,1,0,1,0,0,0,7,2
2024302400939,2024,302400939,440035,351099,-1.40414,53.05565,3,3,6,16:59,-1,E07000032,4,0,1,1,1,"[2, 19]","[0, 5]","[0, 1]","[0, 4]",0,0,1,0,0,0,0,0,6,14
2024302400940,2024,302400940,423780,359742,-1.64602,53.13431,3,3,6,21:00,-1,E07000035,4,2,2,1,2,5,1,5,0,0,0,1,0,0,0,0,1,6,14
2024302400942,2024,302400942,441786,373894,-1.37505,53.26041,3,3,3,11:26,-1,E07000034,3,0,9,0,2,"[9, 19]","[5, 8]",4,0,0,0,1,1,0,0,0,0,7,2
2024302400943,2024,302400943,424138,341875,-1.642,52.97369,3,3,7,13:10,-1,E07000035,3,0,1,0,2,4,3,7,0,0,0,1,0,0,0,0,0,6,15
2024302400944,2024,302400944,444591,356156,-1.33547,53.10075,3,3,3,15:10,-1,E07000033,4,0,9,0,1,"[4, 19]","[1, 3]","[5, 7]",0,0,0,1,1,0,0,0,0,7,2
2024302400945,2024,302400945,428902,354925,-1.56989,53.09076,3,3,7,17:07,-1,E07000035,4,0,1,0,2,"[2, 19]","[0, 1]","[0, 5]","[0, 4]",0,0,1,0,0,0,0,0,6,15
2024302400946,2024,302400946,436060,333926,-1.46535,52.90157,3,3,7,17:01,-1,E06000015,6,0,2,1,1,"[4, 9]","[6, 4]","[2, 8, 4]",0,0,0,1,0,0,0,0,0,6,15
2024302400947,2024,302400947,438835,354567,-1.42163,53.08691,3,3,7,20:07,-1,E07000032,4,0,1,1,2,19,"[1, 7]","[7, 1]",0,0,0,1,0,0,0,0,0,6,15
2024302400948,2024,302400948,435053,334330,-1.48028,52.90527,3,3,4,15:05,-1,E06000015,6,0,1,0,1,9,8,6,0,0,0,1,0,0,0,0,1,7,3
2024302400949,2024,302400949,440635,354720,-1.39474,53.08815,3,3,4,15:00,-1,E07000032,3,0,1,0,2,"[8, 4]",2,6,0,0,0,1,0,0,0,0,0,7,3
2024302400950,2024,302400950,435512,329009,-1.47403,52.85741,3,3,4,18:25,-1,E07000039,6,0,1,0,2,19,"[8, 6]","[6, 8]",0,0,0,1,0,0,0,0,0,7,3
2024302400951,2024,302400951,427379,327644,-1.59493,52.84561,3,3,4,10:45,-1,E07000039,3,0,1,0,2,"[4, 19]",6,2,0,0,0,1,0,0,0,0,0,7,3
2024302400952,2024,302400952,447597,370608,-1.28844,53.23039,3,3,1,11:20,-1,E07000033,6,0,1,0,1,"[19, 2]","[5, 0, 3]","[3, 0, 5]","[4, 0]",0,0,1,0,0,0,0,0,6,30
2024302400953,2024,302400953,437471,332896,-1.4445,52.89222,3,3,4,12:40,-1,E06000015,3,0,1,0,1,5,7,3,0,0,0,1,0,0,0,0,0,7,3
2024302400954,2024,302400954,436061,337516,-1.46494,52.93384,3,3,5,23:45,-1,E06000015,3,2,1,0,2,19,5,2,0,7,4,1,0,0,0,0,0,7,4
2024302400955,2024,302400955,439336,360937,-1.41337,53.14413,3,3,5,19:27,-1,E07000038,4,0,4,0,2,"[19, 13]",8,4,0,0,0,1,1,0,0,0,0,7,4
2024302400956,2024,302400956,428208,328614,-1.58254,52.85429,3,3,6,19:23,-1,E07000039,3,0,1,0,2,19,"[4, 8]","[8, 4]",0,0,0,1,0,0,0,0,0,6,28
2024302400957,2024,302400957,439857,375668,-1.40375,53.2765,3,3,6,10:40,-1,E07000034,6,0,9,0,1,"[14, 2]","[1, 0]","[5, 0]",0,0,0,1,0,0,0,0,1,7,5
2024302400958,2024,302400958,419539,345034,-1.71029,53.00227,2,2,1,08:17,-1,E07000035,3,0,2,1,2,19,8,4,0,1,4,0,0,1,0,0,0,7,7
2024302400959,2024,302400959,439737,369396,-1.40633,53.22014,3,3,5,17:08,-1,E07000034,4,0,1,0,1,"[4, 19]","[2, 8]","[8, 4]",0,0,0,1,0,0,1,0,0,7,4
2024302400960,2024,302400960,448960,365582,-1.26879,53.18509,2,2,6,13:30,-1,E07000033,3,0,1,0,2,"[19, 9]","[4, 1]",8,0,0,0,1,0,1,0,0,0,7,5
2024302400961,2024,302400961,443732,335106,-1.35115,52.91161,3,3,2,06:45,-1,E07000036,3,0,1,0,2,19,3,7,0,0,0,1,0,0,0,0,0,6,17
2024302400962,2024,302400962,443694,335106,-1.35171,52.91161,3,3,2,07:40,-1,E07000036,3,0,1,0,2,4,3,7,0,0,0,1,0,0,0,0,0,6,17
2024302400964,2024,302400964,435641,334204,-1.47155,52.9041,3,3,2,19:10,-1,E06000015,6,0,1,0,1,"[19, 9]","[2, 4]","[6, 2]",0,0,0,1,1,0,0,0,0,6,17
2024302400965,2024,302400965,438152,373915,-1.42952,53.26087,3,3,5,15:22,-1,E07000034,3,0,1,0,1,4,8,4,0,0,0,1,0,0,0,0,0,7,4
2024302400966,2024,302400966,429332,329806,-1.56574,52.86494,2,2,3,11:00,-1,E07000039,3,0,1,0,2,19,"[1, 3]","[5, 6]",0,0,0,0,0,1,1,0,0,6,18
2024302400967,2024,302400967,413618,400027,-1.79619,53.49677,3,3,1,12:45,-1,E07000037,3,0,1,0,2,19,"[1, 6]","[6, 1]",0,0,0,1,0,0,0,0,0,6,16
2024302400968,2024,302400968,439604,335569,-1.41247,52.91609,3,3,1,19:45,-1,E06000015,3,0,1,0,1,19,"[1, 2]",4,0,0,0,1,0,0,0,0,0,6,16
2024302400970,2024,302400970,440392,368825,-1.39659,53.21496,2,2,1,14:20,-1,E07000038,4,0,1,0,2,"[19, 2]","[4, 0]","[8, 0]",0,0,0,1,0,0,1,0,1,7,7
2024302400971,2024,302400971,401837,397251,-1.97379,53.47199,2,2,2,18:00,-1,E07000037,3,0,1,0,1,19,3,7,0,0,0,1,0,0,0,0,0,7,8
2024302400973,2024,302400973,443967,366360,-1.3434,53.19252,2,2,3,22:00,-1,E07000038,3,2,1,1,1,"[9, 19]","[1, 6]","[6, 3]",0,0,0,1,0,1,0,0,0,7,9
2024302400974,2024,302400974,429632,321117,-1.56207,52.78682,3,3,5,18:24,-1,E07000039,6,0,1,0,1,5,5,1,0,0,0,1,0,0,0,0,1,6,20
2024302400975,2024,302400975,435567,334093,-1.47266,52.9031,3,3,5,09:00,-1,E06000015,6,0,1,0,1,9,2,4,0,0,0,1,0,0,0,0,1,6,20
2024302400976,2024,302400976,438021,371727,-1.43175,53.24121,3,3,3,10:30,-1,E07000034,4,0,2,1,1,4,8,4,0,0,0,1,0,0,1,0,0,7,9
2024302400977,2024,302400977,426192,364529,-1.60958,53.17723,3,3,6,14:29,-1,E07000035,3,0,1,0,2,"[12, 4]","[1, 5]","[5, 1]",0,"[7, 0]",0,1,0,0,0,0,0,6,21
2024302400979,2024,302400979,445467,375676,-1.31962,53.27612,2,"[3, 2]",6,06:51,-1,E07000034,3,0,1,0,1,19,"[4, 6]","[8, 2]",0,"[3, 1]",1,1,0,0,0,0,0,6,21
2024302400980,2024,302400980,445058,367112,-1.32696,53.19918,3,3,6,15:10,-1,E07000038,3,0,1,0,2,"[3, 19]",8,4,0,0,0,1,0,0,0,0,0,6,21
2024302400981,2024,302400981,433403,336955,-1.50454,52.92897,2,2,6,15:15,-1,E06000015,3,0,1,0,2,"[19, 11]","[4, 2]","[1, 8]",0,"[1, 0]",0,1,0,0,0,0,0,6,21
2024302400982,2024,302400982,436825,371105,-1.44974,53.23571,2,2,2,12:48,-1,E07000034,6,0,1,0,1,5,4,8,0,0,0,1,0,0,0,0,1,6,24
2024302400983,2024,302400983,445492,379515,-1.3187,53.31063,2,2,7,00:01,-1,E07000038,6,2,1,0,2,19,4,1,0,1,2,0,0,1,0,0,0,6,22
2024302400984,2024,302400984,436844,332979,-1.45381,52.893,2,2,6,09:39,-1,E06000015,3,0,1,0,1,"[7, 19]","[1, 8]","[6, 4]",0,0,0,1,0,0,0,0,0,6,21
2024302400985,2024,302400985,401690,387076,-1.97606,53.38053,2,2,7,12:10,-1,E07000037,6,0,1,0,2,19,6,2,0,7,9,1,0,0,0,0,0,6,22
2024302400986,2024,302400986,439042,351412,-1.41892,53.05854,3,3,1,14:35,-1,E07000032,3,0,1,0,2,"[19, 3]",8,2,0,0,0,1,0,1,0,0,0,6,23
2024302400987,2024,302400987,448107,334319,-1.28621,52.90416,3,3,4,15:05,-1,E07000036,6,0,2,1,1,19,"[4, 6]","[8, 2]",0,0,0,1,1,0,0,0,0,7,10
2024302400988,2024,302400988,437742,345401,-1.43902,53.0046,3,3,5,16:07,-1,E07000032,6,0,1,0,2,"[4, 1]","[1, 5]","[5, 1]",0,0,0,1,0,0,0,0,0,7,11
2024302400989,2024,302400989,440300,351702,-1.40011,53.06105,2,2,7,08:45,-1,E07000032,6,0,1,0,1,"[19, 7]","[5, 3]","[1, 5]",0,0,0,1,1,0,0,0,0,7,13
2024302400990,2024,302400990,438270,372882,-1.42788,53.25158,2,2,5,20:00,-1,E07000034,4,0,2,1,1,"[9, 19]","[1, 6]","[7, 1]",0,0,0,1,0,1,0,0,0,7,11
2024302400991,2024,302400991,445525,340396,-1.32374,52.95901,3,3,7,12:18,-1,E07000036,3,0,1,0,1,5,7,3,0,0,0,0,0,0,1,0,0,7,13
2024302400992,2024,302400992,446042,374102,-1.31123,53.26193,3,3,1,10:39,-1,E07000033,1,0,1,0,2,19,6,2,0,0,0,1,0,0,0,0,0,6,23
2024302400995,2024,302400995,416361,375145,-1.75612,53.27304,2,2,3,13:30,-1,E07000035,6,0,1,0,2,5,3,7,0,7,10,1,0,0,0,0,1,6,25
2024302400996,2024,302400996,435203,334514,-1.47803,52.90691,3,3,2,12:00,-1,E06000015,6,0,1,0,1,"[19, 7]","[1, 2]",5,0,0,0,1,0,0,0,0,0,6,24
2024302400997,2024,302400997,417851,346297,-1.73538,53.01368,3,3,7,16:00,-1,E07000035,3,0,1,0,2,"[19, 5]","[3, 1]","[7, 3]",0,0,0,1,0,1,0,0,0,7,13
2024302400998,2024,302400998,433849,335807,-1.49803,52.91862,2,2,5,07:49,-1,E06000015,3,0,8,0,1,19,6,2,0,0,0,1,0,0,0,0,1,6,27
2024302401000,2024,302401000,437401,336729,-1.4451,52.92667,3,3,2,13:45,-1,E06000015,6,0,1,0,1,"[9, 4]",4,"[2, 6]",0,0,0,1,0,0,0,0,0,7,15
2024302401001,2024,302401001,427568,317215,-1.593,52.75185,3,3,4,16:55,-1,E07000039,5,0,1,0,1,"[4, 19]",2,6,0,0,0,1,0,0,0,0,0,6,26
2024302401002,2024,302401002,431994,337402,-1.52546,52.93307,3,3,5,17:40,-1,E07000032,3,0,1,0,2,"[3, 4]",8,4,0,0,0,1,0,0,0,0,0,6,27
2024302401003,2024,302401003,429327,330111,-1.56579,52.86768,2,2,5,19:00,-1,E07000039,3,0,1,0,2,19,2,6,0,0,0,0,0,1,0,0,0,6,27
2024302401004,2024,302401004,447688,333436,-1.29257,52.89626,3,3,6,08:25,-1,E07000036,4,0,1,0,1,"[6, 14]",5,"[5, 1]",0,0,0,1,0,1,0,0,0,6,28
2024302401005,2024,302401005,401915,396429,-1.97262,53.4646,3,3,5,09:22,-1,E07000037,5,0,9,0,1,"[19, 2]","[6, 0]","[2, 0]",0,0,0,1,0,1,0,0,0,6,27
2024302401006,2024,302401006,411042,378576,-1.83576,53.30402,2,2,3,19:09,-1,E07000037,5,0,1,0,2,19,1,5,0,0,0,1,0,0,0,0,0,6,25
2024302401007,2024,302401007,448876,333073,-1.27496,52.89289,3,3,2,11:20,-1,E07000036,6,0,1,0,1,19,"[8, 2]","[4, 6]",0,0,0,1,0,0,0,0,0,7,15
2024302401008,2024,302401008,439322,369565,-1.41252,53.22169,3,3,2,08:30,-1,E07000034,6,0,1,0,1,1,1,5,0,0,0,1,0,0,0,0,1,7,15
2024302401009,2024,302401009,433073,333191,-1.50983,52.89515,3,3,4,15:39,-1,E06000015,6,0,1,0,1,19,1,4,0,0,0,1,0,0,0,0,1,6,26
2024302401010,2024,302401010,439980,332179,-1.40729,52.88559,3,3,7,14:10,-1,E07000039,6,0,1,0,2,"[5, 19]","[8, 5]","[4, 1]",0,0,0,1,1,0,0,0,0,6,29
2024302401011,2024,302401011,405166,397994,-1.92363,53.47865,3,3,1,02:30,-1,E07000037,4,2,1,0,2,19,6,3,0,0,0,1,0,0,0,0,0,6,30
2024302401012,2024,302401012,430624,365477,-1.54318,53.18551,3,3,7,15:10,-1,E07000038,4,0,1,0,2,"[19, 5]","[6, 4]","[2, 8]",0,0,0,1,0,0,0,0,0,6,29
2024302401013,2024,302401013,436426,379513,-1.45476,53.31131,2,2,1,11:01,-1,E07000038,4,0,1,0,1,"[9, 19]","[1, 8]","[8, 4]",0,0,0,1,0,1,0,0,0,6,30
2024302401014,2024,302401014,429337,330014,-1.56565,52.86681,3,3,1,19:40,-1,E07000039,3,0,1,0,2,"[5, 3]",2,6,0,0,0,1,0,0,0,0,0,6,30
2024302401015,2024,302401015,435918,352180,-1.46544,53.06566,2,2,2,13:40,-1,E07000032,3,0,1,0,2,"[19, 13]",2,6,0,0,0,0,1,0,1,0,0,7,15
2024302401016,2024,302401016,439724,369396,-1.40652,53.22014,3,3,5,08:42,-1,E07000034,4,0,1,0,1,19,4,8,0,0,0,1,0,0,0,0,1,7,18
2024302401017,2024,302401017,438750,367717,-1.42131,53.20512,3,3,5,12:43,-1,E07000038,3,0,1,0,1,"[4, 3]",8,4,0,0,0,1,0,0,0,0,0,7,18
2024302401018,2024,302401018,437946,379464,-1.43195,53.31076,2,"[2, 3]",5,15:00,-1,E07000038,4,0,1,0,2,"[19, 7]","[4, 6]",8,0,0,0,1,0,0,0,0,0,7,18
2024302401019,2024,302401019,452896,374096,-1.20849,53.26124,2,2,5,22:10,-1,E07000033,3,2,1,0,2,"[9, 19]","[2, 4]",8,0,0,0,1,0,1,0,0,0,7,18
2024302401020,2024,302401020,433627,331273,-1.5018,52.87788,3,3,3,18:15,-1,E07000039,6,0,1,0,1,"[19, 9]","[7, 1]","[3, 7]",0,0,0,1,1,0,0,0,0,5,14
2024302401021,2024,302401021,438951,336347,-1.42209,52.92313,3,3,4,16:55,-1,E06000015,6,0,1,0,1,"[19, 7]","[1, 4]",7,0,0,0,1,0,0,0,0,0,7,17
2024302401024,2024,302401024,446609,341287,-1.30748,52.96693,3,3,5,12:20,-1,E07000036,3,0,1,0,1,"[19, 4]",1,5,0,0,0,1,0,0,0,0,0,7,18
2024302401025,2024,302401025,446505,367876,-1.30519,53.20593,3,3,7,12:50,-1,E07000033,5,0,1,0,2,19,"[3, 6]","[6, 3]",0,0,0,1,0,0,0,0,0,7,20
2024302401027,2024,302401027,428135,374443,-1.57964,53.26624,1,1,7,13:35,-1,E07000038,3,0,1,0,2,"[19, 13]","[1, 5]","[5, 1]",0,"[0, 1]",0,1,0,1,0,0,0,7,20
2024302401028,2024,302401028,419072,376843,-1.71537,53.28821,3,3,1,10:29,-1,E07000035,5,0,9,0,2,"[19, 5]","[8, 5]","[4, 1]",0,0,0,0,1,0,0,1,0,7,21
2024302401029,2024,302401029,434436,343524,-1.48848,52.98795,3,3,5,09:17,-1,E07000032,6,0,1,0,1,"[9, 10]","[1, 8]","[8, 5]",0,0,0,1,1,0,0,0,0,7,18
2024302401030,2024,302401030,425112,331004,-1.62833,52.87592,3,3,1,12:30,-1,E07000039,3,0,1,0,2,19,"[3, 6]","[6, 3]",0,"[0, 7]","[0, 10]",1,0,0,0,0,0,7,21
2024302401031,2024,302401031,427682,318598,-1.5912,52.76428,3,3,2,18:55,-1,E07000039,3,0,1,0,2,"[19, 9]","[5, 1, 3]","[1, 5]",0,"[7, 0]",0,1,0,0,0,0,0,7,22
2024302401032,2024,302401032,440618,374047,-1.39254,53.26187,2,2,4,17:16,-1,E07000034,6,0,1,0,1,"[9, 19]","[6, 4]","[4, 8]",0,0,0,1,0,1,0,0,0,7,24
2024302401034,2024,302401034,441193,371401,-1.38426,53.23805,3,3,4,14:14,-1,E07000038,6,0,1,0,1,19,8,4,0,0,0,1,1,0,0,0,0,7,24
2024302401035,2024,302401035,441098,371493,-1.38567,53.23888,2,2,2,16:50,-1,E07000038,6,0,1,0,1,"[10, 9]","[6, 8]","[4, 6]",0,0,0,1,1,0,0,0,0,7,22
2024302401036,2024,302401036,443418,354078,-1.35327,53.08217,2,2,3,10:20,-1,E07000032,5,0,1,0,1,19,6,2,0,0,0,1,0,0,0,0,1,7,23
2024302401038,2024,302401038,401840,377766,-1.97385,53.29685,3,3,2,22:30,-1,E07000037,3,2,1,0,2,19,"[5, 8]","[8, 5]",0,0,0,1,0,0,1,0,0,7,1
2024302401039,2024,302401039,435576,336610,-1.47226,52.92573,3,3,3,15:40,-1,E06000015,6,0,1,0,1,19,6,3,0,0,0,1,0,0,0,0,0,7,2
2024302401040,2024,302401040,434733,335200,-1.48494,52.91311,3,3,3,16:00,-1,E06000015,6,0,1,0,1,"[13, 9]",2,"[6, 8]",0,"[7, 0]",0,1,0,1,0,0,0,7,2
2024302401042,2024,302401042,436130,335556,-1.46413,52.91622,3,3,4,13:00,-1,E06000015,4,0,1,0,1,19,5,1,0,0,0,1,0,0,0,0,0,7,3
2024302401043,2024,302401043,438829,335342,-1.42402,52.91411,3,3,4,17:37,-1,E06000015,6,0,2,1,1,19,"[3, 6]","[6, 3]",0,0,0,1,0,0,0,0,0,7,3
2024302401044,2024,302401044,430169,319707,-1.55424,52.77411,2,2,5,17:34,-1,E07000039,3,0,1,0,1,"[9, 19]","[8, 6, 4]","[6, 4, 8]",0,0,0,1,0,0,0,0,0,7,4
2024302401045,2024,302401045,451814,366534,-1.22593,53.19338,3,3,7,12:00,-1,E07000033,6,0,1,0,2,19,"[7, 3]","[3, 7]",0,"[0, 1]",0,1,0,0,0,0,0,7,6
2024302401046,2024,302401046,449055,377063,-1.26561,53.28827,3,3,5,16:02,-1,E07000033,3,0,1,0,2,19,"[8, 3]","[3, 8]",0,"[0, 7]","[0, 9]",1,0,0,1,0,0,7,4
2024302401048,2024,302401048,418102,346747,-1.73161,53.01772,3,3,3,11:40,-1,E07000035,3,0,1,0,2,7,8,2,0,7,10,1,0,0,0,0,0,7,2
2024302401049,2024,302401049,444215,361014,-1.34042,53.14444,3,3,6,13:52,-1,E07000033,4,0,1,0,2,"[2, 19]","[0, 2]","[0, 6]",0,0,0,1,0,1,0,0,0,7,5
2024302401050,2024,302401050,440614,335458,-1.39746,52.91502,3,3,7,01:00,-1,E06000015,6,2,1,0,1,"[2, 19]","[0, 7]","[0, 3]",0,0,0,1,0,0,0,0,0,7,6
2024302401051,2024,302401051,452908,366759,-1.20952,53.19529,3,3,6,14:39,-1,E07000033,6,0,1,0,2,"[13, 2, 19]","[8, 0, 4]","[4, 0, 8]",0,0,0,1,0,0,0,0,0,7,5
2024302401052,2024,302401052,438999,365504,-1.41785,53.18521,3,3,6,13:00,-1,E07000038,3,0,1,0,2,4,5,1,0,0,0,1,0,0,0,0,0,7,5
2024302401053,2024,302401053,425090,377305,-1.62506,53.29212,2,2,1,09:30,-1,E07000035,3,0,1,0,2,19,2,6,12,0,0,0,1,0,0,0,0,7,28
2024302401054,2024,302401054,417420,375810,-1.74021,53.27899,2,2,6,22:25,-1,E07000035,3,2,2,1,2,"[3, 7, 19]","[4, 2, 8]","[8, 4]",0,0,0,1,0,0,0,0,0,7,5
2024302401055,2024,302401055,406222,373679,-1.90819,53.26008,2,2,6,19:00,-1,E07000037,6,0,1,0,1,1,8,3,0,0,0,1,0,0,0,0,1,7,5
2024302401056,2024,302401056,415866,376565,-1.76348,53.28582,3,3,1,01:40,-1,E07000035,6,2,1,0,2,19,1,4,11,1,11,1,0,0,0,0,0,7,7
2024302401057,2024,302401057,435198,336048,-1.47794,52.9207,3,3,4,09:45,-1,E06000015,6,0,1,0,1,2,"[0, 5]","[0, 1]",0,0,0,1,0,0,0,0,0,7,31
2024302401058,2024,302401058,443672,351629,-1.34981,53.06013,3,3,2,14:49,-1,E07000032,6,0,1,0,1,"[19, 9]","[1, 5]","[5, 3]",0,0,0,1,0,0,0,0,0,7,8
2024302401059,2024,302401059,445607,380641,-1.31681,53.32074,3,3,1,17:31,-1,E07000038,6,0,1,0,1,"[9, 13]",6,"[4, 2]",0,"[0, 7]",0,1,0,1,0,0,0,7,7
2024302401060,2024,302401060,436687,332102,-1.45624,52.88513,2,"[3, 2]",3,09:03,-1,E06000015,6,0,2,1,2,"[9, 19]","[3, 7]","[1, 3]",0,0,0,1,0,0,0,0,0,7,9
2024302401061,2024,302401061,441840,355433,-1.37665,53.09447,3,3,4,08:15,-1,E07000032,4,0,1,0,1,"[19, 9]","[8, 3]","[5, 8]",0,0,0,1,0,1,0,0,0,7,31
2024302401062,2024,302401062,436694,332838,-1.45605,52.89175,3,3,3,11:10,-1,E06000015,3,0,2,1,1,"[9, 19]","[2, 8]","[8, 4]",0,0,0,1,0,0,0,0,0,7,9
2024302401063,2024,302401063,438445,370836,-1.4255,53.23317,3,3,3,12:24,-1,E07000034,3,0,1,0,1,"[19, 7]","[3, 5]",7,0,0,0,1,0,1,0,0,0,7,30
2024302401064,2024,302401064,434517,335936,-1.48808,52.91974,2,2,3,16:39,-1,E06000015,6,0,2,1,1,"[9, 19]","[5, 2]","[2, 6]",0,0,0,1,0,0,0,0,0,7,9
2024302401065,2024,302401065,401209,394617,-1.98326,53.44832,3,3,3,11:00,-1,E07000037,6,0,1,0,1,19,3,8,0,0,0,1,0,0,0,0,1,7,30
2024302401066,2024,302401066,406992,373181,-1.89666,53.25559,2,2,5,12:55,-1,E07000037,6,0,8,0,1,"[19, 2]","[2, 0, 1]","[5, 0]",0,0,0,1,1,0,0,0,0,8,1
2024302401067,2024,302401067,434852,335919,-1.4831,52.91956,3,3,5,14:30,-1,E06000015,3,0,1,0,1,19,4,8,0,0,0,0,0,1,0,0,1,8,1
2024302401068,2024,302401068,440821,368574,-1.3902,53.21267,3,3,4,07:21,-1,E07000038,3,0,1,0,2,"[2, 19]","[0, 8]","[0, 4]","[0, 4]","[1, 0]",0,1,0,0,1,0,0,7,31
2024302401069,2024,302401069,432102,336545,-1.52394,52.92536,3,3,3,16:27,-1,E06000015,6,0,2,1,1,19,"[2, 6]","[6, 2]",0,0,0,1,0,0,0,0,0,7,9
2024302401070,2024,302401070,428728,344317,-1.57343,52.99541,2,"[3, 2]",5,09:00,-1,E07000032,5,0,8,1,2,19,"[4, 8]","[8, 4]",0,"[7, 0]",0,1,0,0,0,0,0,8,1
2024302401071,2024,302401071,444513,346039,-1.33803,53.00982,2,2,3,10:30,-1,E07000032,6,0,2,1,1,"[19, 2]","[2, 0]","[6, 0]","[4, 0]",0,0,1,0,0,0,0,0,7,9
2024302401072,2024,302401072,438035,370668,-1.43166,53.23169,3,3,4,17:20,-1,E07000034,6,0,1,0,1,"[9, 19]","[7, 5]","[5, 1]",0,0,0,1,1,0,0,0,0,7,10
2024302401076,2024,302401076,452819,367607,-1.21071,53.20292,3,3,6,12:11,-1,E07000033,4,0,1,0,1,"[5, 19]","[4, 2]","[2, 6]",0,0,0,1,0,0,0,0,0,8,2
2024302401077,2024,302401077,427745,378128,-1.58516,53.29938,3,3,6,12:54,-1,E07000038,4,0,1,0,2,"[6, 19]",8,"[8, 4]",0,"[0, 7]",0,1,0,0,0,0,0,8,2
2024302401078,2024,302401078,445074,356836,-1.32817,53.10682,3,3,6,14:55,-1,E07000033,1,0,1,0,2,19,5,1,0,0,0,1,0,0,1,0,0,8,2
2024302401079,2024,302401079,428197,319420,-1.58349,52.77164,3,3,6,06:40,-1,E07000039,3,0,1,0,2,19,2,6,0,0,0,0,1,0,0,0,1,8,2
2024302401080,2024,302401080,404096,372070,-1.94008,53.24564,3,3,7,12:30,-1,E07000037,3,0,1,0,2,"[9, 19]","[6, 5]","[5, 1]",0,0,0,1,0,0,0,0,0,8,3
2024302401081,2024,302401081,450834,376370,-1.23903,53.28188,3,3,7,08:20,-1,E07000033,6,0,1,0,2,19,"[5, 1]","[1, 5]",0,0,0,1,0,0,0,0,0,8,3
2024302401083,2024,302401083,443685,339570,-1.35124,52.95174,3,3,4,08:49,-1,E07000036,3,0,1,0,2,19,2,6,0,0,0,1,0,0,0,0,1,7,24
2024302401084,2024,302401084,414585,361114,-1.78339,53.14697,2,2,1,22:50,-1,E07000035,4,2,1,0,2,19,6,3,0,7,11,1,0,0,0,0,0,8,4
2024302401085,2024,302401085,447567,334013,-1.29428,52.90146,2,2,4,19:22,-1,E07000036,6,0,1,0,1,"[4, 19]","[7, 1]","[1, 5]",0,0,0,1,1,0,0,0,0,7,10
2024302401086,2024,302401086,426637,320260,-1.60655,52.77927,2,"[3, 2]",5,01:08,-1,E07000039,3,2,9,0,1,19,"[8, 5]","[5, 8]",0,"[2, 0]","[2, 0]",1,0,0,1,0,0,7,11
2024302401087,2024,302401087,434488,336517,-1.48845,52.92496,3,3,5,16:00,-1,E06000015,3,0,2,1,1,19,8,2,0,0,0,1,0,0,0,0,0,7,11
2024302401088,2024,302401088,445556,356450,-1.32102,53.10331,3,3,2,16:20,-1,E07000033,3,0,1,0,2,"[3, 19]",2,6,0,0,0,1,0,0,0,0,0,7,8