collision_index,collision_year,collision_ref_no,location_easting_osgr,location_northing_osgr,longitude,latitude,casualty_severity,casualty_severity,day_of_week,time,local_authority_district,local_authority_ons_district,first_road_class,light_conditions,weather_conditions,road_surface_conditions,urban_or_rural_area,vehicle_manoeuvre,vehicle_direction_from,vehicle_direction_to,hit_object_in_carriageway,vehicle_leaving_carriageway,hit_object_off_carriageway,is_car,is_cyle,is_mcyle,is_goodsv,is_other,is_pedestrian,month,day
2024302401089,2024,302401089,430175,318800,-1.55423,52.76596,3,3,5,15:22,-1,E07000039,6,0,2,1,2,4,8,4,0,0,0,0,0,1,0,0,0,7,11
2024302401090,2024,302401090,434679,332088,-1.48608,52.88514,3,3,5,23:19,-1,E06000015,6,2,2,1,1,"[9, 19]","[7, 5]","[5, 2]",0,0,0,1,1,0,0,0,0,7,11
2024302401091,2024,302401091,434258,332533,-1.49229,52.88917,2,"[3, 2]",7,14:05,-1,E06000015,6,0,1,0,1,"[19, 2]","[5, 0]","[2, 0]",0,0,0,1,0,0,0,0,1,8,3
2024302401092,2024,302401092,430291,319598,-1.55244,52.77313,3,3,3,12:30,-1,E07000039,3,0,1,0,1,7,2,4,0,0,0,1,0,0,0,0,1,7,9
2024302401093,2024,302401093,428059,346200,-1.58324,53.01238,2,"[3, 2]",6,14:28,-1,E07000035,5,0,1,0,2,"[19, 5]","[2, 6]","[5, 2]",0,0,0,1,0,0,0,0,0,7,12
2024302401094,2024,302401094,433096,337046,-1.5091,52.92981,3,3,2,17:20,-1,E06000015,3,0,1,0,1,19,"[1, 5]","[5, 1]",0,0,0,1,0,0,0,0,0,7,8
2024302401095,2024,302401095,439031,336042,-1.42093,52.92038,2,2,2,16:20,-1,E06000015,6,0,1,0,2,"[13, 6]",6,"[2, 6]",0,0,0,1,0,1,0,0,0,7,8
2024302401096,2024,302401096,435193,334883,-1.47814,52.91023,3,3,6,19:43,-1,E06000015,6,0,1,0,1,4,8,4,0,0,0,1,0,0,0,0,1,7,12
2024302401097,2024,302401097,401050,382925,-1.98569,53.34322,3,3,6,17:41,-1,E07000037,3,0,8,1,1,"[19, 4]",1,5,0,0,0,1,0,0,0,0,0,7,12
2024302401098,2024,302401098,433706,337162,-1.50001,52.93081,2,2,6,23:00,-1,E06000015,3,2,2,1,2,19,2,6,0,0,0,1,0,0,0,0,1,7,12
2024302401099,2024,302401099,439092,364074,-1.41664,53.17235,3,3,6,16:00,-1,E07000038,3,0,1,0,1,5,6,1,0,0,0,1,0,0,0,0,1,8,2
2024302401100,2024,302401100,401638,380327,-1.97687,53.31987,3,3,7,01:14,-1,E07000037,4,2,2,1,2,19,2,8,0,0,0,1,0,0,0,0,0,7,13
2024302401101,2024,302401101,436478,329546,-1.45963,52.86217,2,"[2, 3]",1,04:40,-1,E07000039,6,0,1,0,2,19,7,4,0,3,4,1,0,0,0,0,0,7,14
2024302401102,2024,302401102,433631,334629,-1.50139,52.90805,3,3,3,18:45,-1,E06000015,3,0,1,0,1,"[19, 12]","[4, 8]","[8, 4]",0,"[0, 4]",0,1,0,0,0,0,0,8,6
2024302401103,2024,302401103,434085,334077,-1.4947,52.90306,3,3,1,14:30,-1,E06000015,3,0,1,0,1,"[1, 19]","[6, 4]","[2, 8]",0,0,0,1,0,0,0,0,0,7,14
2024302401104,2024,302401104,434096,333098,-1.49464,52.89425,3,3,1,19:15,-1,E06000015,6,0,1,0,1,"[13, 5]",6,2,0,0,0,1,0,0,0,0,0,7,14
2024302401105,2024,302401105,442129,369387,-1.37051,53.21987,2,2,1,22:50,-1,E07000038,4,2,1,0,2,19,2,6,0,7,9,1,0,0,0,0,0,7,14
2024302401106,2024,302401106,438247,335688,-1.43263,52.91726,3,3,3,09:35,-1,E06000015,3,0,1,1,1,19,"[1, 8]",4,0,0,0,1,0,0,0,0,0,7,16
2024302401107,2024,302401107,440487,354822,-1.39693,53.08908,3,3,3,09:35,-1,E07000032,3,0,1,0,2,"[4, 3]",6,2,0,0,0,1,0,0,0,0,0,8,6
2024302401108,2024,302401108,437190,332041,-1.44877,52.88455,3,3,3,07:10,-1,E06000015,3,0,1,1,1,"[19, 9]","[1, 5]","[5, 3]",0,0,0,1,0,0,0,0,0,7,16
2024302401109,2024,302401109,448988,371794,-1.26742,53.24092,3,3,3,19:29,-1,E07000033,4,0,1,0,2,"[13, 19]",1,5,0,"[7, 0]","[9, 0]",1,0,0,0,0,0,7,16
2024302401110,2024,302401110,434944,373425,-1.47767,53.25669,3,3,7,05:25,-1,E07000038,4,0,2,1,1,19,2,8,0,1,10,1,0,0,0,0,0,7,13
2024302401111,2024,302401111,435871,338212,-1.46769,52.94011,3,3,4,16:40,-1,E06000015,6,0,1,0,1,"[2, 19, 14]","[0, 5, 1]","[0, 1, 5]","[0, 7]","[0, 1]",0,1,0,0,0,0,0,7,17
2024302401112,2024,302401112,420582,344247,-1.6948,52.99516,2,2,6,12:00,-1,E07000035,3,0,1,0,2,"[19, 4, 9]","[4, 2]",8,0,0,0,1,0,0,0,0,0,7,12
2024302401113,2024,302401113,436176,334507,-1.46356,52.90678,3,3,4,12:35,-1,E06000015,3,0,1,0,1,"[3, 19]",4,8,0,0,0,1,0,0,0,0,0,8,7
2024302401114,2024,302401114,440195,373884,-1.3989,53.26044,3,3,5,18:44,-1,E07000034,6,0,1,0,1,"[4, 19]","[5, 7]","[1, 3]",0,0,0,1,1,0,0,0,0,7,18
2024302401115,2024,302401115,432512,324984,-1.51899,52.82142,2,2,5,19:40,-1,E07000039,5,0,1,0,2,19,3,8,0,0,0,0,0,1,0,0,0,7,18
2024302401116,2024,302401116,421842,368353,-1.6744,53.21179,2,2,6,19:45,-1,E07000035,3,0,1,0,2,19,"[8, 4]","[4, 8]",0,0,0,1,0,1,0,0,0,7,19
2024302401117,2024,302401117,404563,385588,-1.93289,53.36714,2,2,2,10:56,-1,E07000037,3,0,1,0,2,19,4,8,10,7,11,0,1,0,0,0,0,7,22
2024302401118,2024,302401118,405906,398081,-1.91248,53.47942,2,"[2, 3]",1,12:50,-1,E07000037,4,0,1,0,2,"[19, 13]","[7, 3]","[3, 7]",0,0,0,1,0,1,0,0,0,7,28
2024302401119,2024,302401119,405038,372590,-1.92595,53.2503,3,3,6,18:29,-1,E07000037,6,0,1,0,1,19,2,8,0,1,4,1,0,0,0,0,0,7,12
2024302401120,2024,302401120,438572,370735,-1.42361,53.23226,3,3,5,12:37,-1,E07000034,3,0,1,0,1,"[19, 12, 3]","[5, 7]",1,0,0,0,1,0,0,0,0,0,8,8
2024302401121,2024,302401121,424354,357634,-1.6376,53.11534,3,3,5,18:20,-1,E07000035,3,0,2,1,2,"[9, 19]","[6, 8]",4,0,"[0, 1]","[0, 11]",1,0,0,0,0,0,8,8
2024302401122,2024,302401122,432474,336883,-1.51837,52.92838,3,3,5,20:20,-1,E06000015,6,2,1,0,1,"[2, 1]","[0, 6]","[0, 2]",0,0,0,1,0,1,0,0,1,8,8
2024302401123,2024,302401123,437529,335716,-1.44331,52.91756,3,3,6,13:50,-1,E06000015,6,0,1,0,2,"[3, 19]",6,2,0,0,0,1,0,0,0,0,0,8,9
2024302401124,2024,302401124,441051,371539,-1.38637,53.2393,3,3,6,12:40,-1,E07000038,6,0,1,0,1,1,6,2,0,0,0,1,0,0,0,0,1,8,9
2024302401125,2024,302401125,446474,342579,-1.30931,52.97855,3,3,6,12:35,-1,E07000036,6,0,1,0,1,"[7, 3, 19]",4,"[6, 8]",0,0,0,1,0,0,0,0,0,8,9
2024302401126,2024,302401126,438320,375134,-1.42686,53.27182,3,3,6,16:00,-1,E07000034,6,0,1,0,1,"[4, 19]","[5, 1]","[1, 5]",0,0,0,1,0,0,0,0,0,8,9
2024302401127,2024,302401127,434530,333914,-1.4881,52.90156,3,3,7,14:30,-1,E06000015,3,0,1,0,1,19,"[6, 7]","[2, 4]",0,0,0,1,0,0,0,0,0,8,3
2024302401128,2024,302401128,444670,329961,-1.3379,52.86528,3,3,6,21:45,-1,E07000039,4,2,1,0,2,"[3, 19]",8,4,0,0,0,1,0,0,0,0,0,8,9
2024302401130,2024,302401130,438571,333378,-1.42809,52.89647,3,3,5,15:30,-1,E06000015,3,0,1,0,1,"[14, 19]","[4, 6]","[8, 2]",0,0,0,0,1,1,0,0,0,7,18
2024302401131,2024,302401131,422252,315503,-1.67188,52.73671,3,3,6,07:59,-1,E07000039,5,0,1,0,2,19,2,7,0,1,0,0,0,1,0,0,0,7,19
2024302401132,2024,302401132,421820,368402,-1.67473,53.21224,3,3,6,07:34,-1,E07000035,6,0,1,0,2,"[9, 19]","[4, 2]","[2, 6]",0,0,0,1,1,0,0,0,0,7,19
2024302401133,2024,302401133,436056,372258,-1.46113,53.24612,3,3,6,17:02,-1,E07000034,4,0,1,0,2,19,6,2,0,0,0,1,0,0,0,0,0,7,19
2024302401134,2024,302401134,438043,333051,-1.43598,52.89357,3,3,1,15:55,-1,E06000015,3,0,1,0,1,"[7, 19]",2,"[4, 6]",0,0,0,1,0,0,0,0,0,8,11
2024302401135,2024,302401135,446044,339879,-1.31609,52.95432,3,3,6,19:00,-1,E07000036,6,0,1,0,1,"[19, 2]","[1, 0]","[5, 0]",0,"[0, 7]",0,1,0,0,0,0,0,7,19
2024302401136,2024,302401136,423797,330673,-1.6479,52.87301,2,2,7,16:20,-1,E07000039,6,0,1,0,2,19,"[3, 6]","[6, 3]",0,0,0,1,0,0,0,0,0,7,20
2024302401137,2024,302401137,423801,360222,-1.64567,53.13862,3,3,1,18:50,-1,E07000035,4,0,1,0,2,"[9, 19]","[5, 1]","[3, 5]",0,"[7, 0]",0,1,0,1,0,0,0,7,21
2024302401138,2024,302401138,423056,315886,-1.65994,52.74012,3,3,2,10:33,-1,E07000039,5,0,1,1,2,19,"[3, 5]","[5, 3]",0,"[0, 1]","[0, 4]",1,0,0,0,0,0,7,22
2024302401140,2024,302401140,446747,342996,-1.30518,52.98228,3,3,2,18:07,-1,E07000036,6,0,1,0,1,19,"[6, 2]","[2, 6]",0,0,0,1,0,0,0,0,0,7,22
2024302401141,2024,302401141,407475,392542,-1.88897,53.42961,1,1,1,13:11,-1,E07000037,3,0,1,0,2,"[19, 13]","[4, 8]","[6, 4]",0,0,0,1,0,1,0,0,0,8,11
2024302401142,2024,302401142,436533,340282,-1.45761,52.95867,3,3,3,11:50,-1,E07000036,3,0,1,0,2,"[11, 19]",5,1,0,"[0, 1]",0,1,0,0,1,0,0,7,23
2024302401144,2024,302401144,430686,332017,-1.54542,52.88474,3,3,2,11:53,-1,E07000039,3,0,2,1,2,19,2,6,0,7,7,1,0,0,0,0,0,8,12
2024302401145,2024,302401145,434716,333242,-1.48541,52.89551,3,3,3,17:04,-1,E06000015,6,0,1,0,1,"[14, 5, 3]","[1, 3, 5]","[5, 7, 1]",0,0,0,1,0,0,0,0,0,8,13
2024302401146,2024,302401146,434022,335867,-1.49545,52.91915,3,3,4,13:00,-1,E06000015,3,0,1,0,1,"[19, 9]","[6, 2]","[2, 1]",0,0,0,1,0,0,0,0,0,7,24
2024302401147,2024,302401147,400223,392437,-1.99811,53.42872,3,3,6,16:43,-1,E07000037,3,0,1,0,2,"[19, 6]","[6, 2]",2,0,0,0,1,0,1,0,0,0,7,26
2024302401148,2024,302401148,439075,332322,-1.42072,52.88694,3,3,7,08:05,-1,E06000015,6,0,1,0,1,"[7, 19]","[5, 2]",8,0,0,0,1,0,0,0,0,0,7,27
2024302401149,2024,302401149,437107,332151,-1.44999,52.88554,3,3,6,09:15,-1,E06000015,6,0,1,0,1,"[1, 19, 2]","[7, 5, 0]","[3, 1, 0]",0,0,0,1,1,0,0,0,0,7,26
2024302401150,2024,302401150,435282,335865,-1.47671,52.91905,3,3,7,14:45,-1,E06000015,6,0,1,0,1,19,6,2,0,0,0,0,1,0,0,0,1,7,27
2024302401151,2024,302401151,429488,329935,-1.56341,52.86609,3,3,1,02:29,-1,E07000039,3,2,1,0,2,19,8,4,0,1,2,1,0,0,0,0,0,7,28
2024302401153,2024,302401153,444318,362309,-1.3387,53.15608,3,3,7,04:57,-1,E07000033,4,0,1,0,2,19,8,4,0,8,11,1,0,0,0,0,0,7,27
2024302401154,2024,302401154,437799,336927,-1.43915,52.92843,3,3,6,18:28,-1,E06000015,6,0,1,0,1,"[19, 9]",2,"[6, 8]",0,0,0,1,0,0,0,0,0,7,26
2024302401155,2024,302401155,435248,335011,-1.47731,52.91138,3,3,4,13:00,-1,E06000015,6,0,1,0,1,19,5,1,0,0,0,0,0,0,1,0,0,7,31
2024302401156,2024,302401156,432467,344212,-1.51774,52.99426,2,2,2,09:30,-1,E07000032,4,0,1,0,2,19,8,4,0,1,0,0,0,0,1,0,0,7,29
2024302401157,2024,302401157,436896,328459,-1.45354,52.85237,3,3,1,14:48,-1,E07000039,3,0,1,0,2,"[19, 7]",5,1,0,0,0,1,0,0,0,0,0,7,28
2024302401158,2024,302401158,402369,386857,-1.96585,53.37856,3,3,2,12:43,-1,E07000037,3,0,1,0,2,19,"[6, 7]","[3, 4]",0,0,0,1,0,0,0,0,0,7,29
2024302401159,2024,302401159,433148,335350,-1.5085,52.91456,3,3,1,18:00,-1,E06000015,3,0,1,0,1,19,1,5,0,0,0,1,0,0,0,0,1,8,11
2024302401160,2024,302401160,429157,323005,-1.56895,52.80382,3,3,1,22:54,-1,E07000039,5,2,1,0,2,19,7,2,0,7,4,1,0,0,0,0,0,7,28
2024302401161,2024,302401161,431190,336521,-1.5375,52.9252,2,2,5,00:55,-1,E07000032,6,2,1,0,2,19,6,2,9,7,10,0,0,1,0,0,0,8,15
2024302401162,2024,302401162,437259,337266,-1.44715,52.93151,2,2,2,18:55,-1,E06000015,6,0,1,0,1,"[9, 13]",8,"[6, 4]",0,0,0,1,0,0,0,0,0,7,29
2024302401163,2024,302401163,438595,370587,-1.42329,53.23093,3,3,3,12:30,-1,E07000034,3,0,1,0,1,"[19, 4]",5,1,0,0,0,1,0,1,0,0,0,7,30
2024302401164,2024,302401164,434461,348249,-1.4876,53.03042,3,3,4,21:57,-1,E07000032,3,2,1,0,1,5,3,7,0,0,0,1,0,0,0,0,0,8,14
2024302401165,2024,302401165,438484,370833,-1.42492,53.23315,3,3,3,13:20,-1,E07000034,3,0,1,0,1,"[5, 19]","[7, 1]","[3, 5]",0,0,0,1,1,0,0,0,0,8,13
2024302401166,2024,302401166,439884,335871,-1.40827,52.91878,3,3,3,13:10,-1,E06000015,6,0,1,0,1,"[2, 19]","[1, 7]","[5, 3]",0,0,0,1,0,0,0,0,0,7,30
2024302401167,2024,302401167,440468,335677,-1.39961,52.917,3,3,5,11:37,-1,E06000015,6,0,1,1,1,"[1, 19]","[7, 1]","[3, 5]",0,0,0,1,0,0,0,1,0,8,15
2024302401168,2024,302401168,446629,340717,-1.30727,52.9618,3,3,4,17:15,-1,E07000036,3,0,1,0,1,"[3, 9]",1,"[5, 7]",0,"[1, 0]",0,1,0,0,0,0,0,8,14
2024302401169,2024,302401169,445801,355861,-1.31745,53.09799,3,3,5,18:30,-1,E07000033,1,0,1,0,1,19,4,8,0,0,0,1,0,1,0,0,0,8,15
2024302401170,2024,302401170,435156,334773,-1.4787,52.90924,3,3,6,13:40,-1,E06000015,6,0,1,0,1,"[7, 19]","[2, 6]","[3, 2]",0,0,0,1,1,0,0,0,0,8,16
2024302401172,2024,302401172,444909,361301,-1.33001,53.14697,3,3,6,20:15,-1,E07000033,1,0,1,0,2,19,1,5,0,0,0,0,0,0,1,0,0,8,16
2024302401173,2024,302401173,437336,372221,-1.44195,53.2457,2,2,5,13:30,-1,E07000034,4,0,1,0,1,"[19, 9]","[4, 8]","[8, 5]",0,0,0,1,0,0,0,0,0,8,15
2024302401174,2024,302401174,445206,366990,-1.32476,53.19808,2,2,6,11:20,-1,E07000038,3,0,1,0,2,4,8,2,0,0,0,1,0,0,1,0,0,8,16
2024302401175,2024,302401175,438528,363625,-1.42513,53.16835,3,3,7,12:00,-1,E07000038,6,0,1,0,1,"[9, 19]","[4, 8]","[2, 4]",0,0,0,1,1,0,0,0,0,8,17
2024302401176,2024,302401176,434522,374573,-1.48387,53.26703,3,3,7,15:45,-1,E07000038,4,0,1,0,2,19,4,8,0,0,0,1,0,0,0,0,1,8,17
2024302401178,2024,302401178,434943,326958,-1.4827,52.83901,3,3,4,18:10,-1,E07000039,5,0,1,0,2,"[4, 19]","[8, 4]","[4, 8]",0,0,0,1,0,0,0,1,0,7,31
2024302401179,2024,302401179,403805,370964,-1.94445,53.2357,1,"[2, 1]",1,08:35,-1,E07000037,3,0,1,0,2,19,"[5, 1]","[1, 5]",0,"[0, 1, 7]","[0, 9]",1,0,1,0,0,0,8,18
2024302401180,2024,302401180,407459,376434,-1.88958,53.28483,1,1,1,10:15,-1,E07000037,3,0,1,0,2,"[13, 19]","[1, 5]","[5, 1]",0,"[0, 1]","[0, 11]",1,0,1,0,0,0,8,18
2024302401181,2024,302401181,437483,332983,-1.44431,52.893,3,3,6,18:20,-1,E06000015,6,0,1,0,1,19,5,1,0,0,0,1,0,0,0,0,1,8,2
2024302401182,2024,302401182,424478,334785,-1.63747,52.90994,3,3,2,18:00,-1,E07000039,5,0,2,1,2,19,"[3, 6]","[6, 3]",0,0,0,1,0,0,0,1,0,8,19
2024302401183,2024,302401183,441969,349732,-1.37547,53.04322,3,3,7,09:45,-1,E07000032,3,0,1,0,1,"[3, 19]",5,1,0,0,0,1,0,0,0,0,0,8,3
2024302401184,2024,302401184,405301,398021,-1.92159,53.47889,2,2,4,22:40,-1,E07000037,4,2,1,0,2,19,3,7,0,1,10,1,0,0,0,0,0,8,14
2024302401185,2024,302401185,435746,336149,-1.46978,52.92157,2,2,7,10:43,-1,E06000015,3,0,1,0,1,19,6,1,0,0,0,1,0,0,0,0,1,8,3
2024302401186,2024,302401186,421783,358933,-1.67592,53.12712,3,3,7,11:10,-1,E07000035,3,0,1,0,2,"[5, 19]","[1, 7]","[5, 3]",0,"[0, 7]",0,1,0,0,0,0,0,8,3
2024302401187,2024,302401187,446496,331256,-1.3106,52.87677,3,3,1,11:00,-1,E07000036,1,0,1,0,2,"[12, 19]",5,1,0,0,0,1,0,0,1,0,0,8,18
2024302401188,2024,302401188,440459,373422,-1.395,53.25627,3,3,3,09:42,-1,E07000034,3,0,1,0,1,"[4, 19]",3,7,0,0,0,1,0,0,1,0,0,8,20
2024302401189,2024,302401189,440463,330957,-1.40027,52.87457,3,3,6,15:00,-1,E07000039,3,0,1,0,2,"[19, 11]",5,1,0,"[1, 0]",0,1,0,1,0,0,0,8,2
2024302401190,2024,302401190,402251,396195,-1.96756,53.4625,3,3,4,13:49,-1,E07000037,6,0,1,0,1,"[9, 19]","[4, 8]","[8, 4]",0,0,0,1,0,1,0,0,0,6,26
2024302401192,2024,302401192,434600,336096,-1.48683,52.92117,3,3,4,09:50,-1,E06000015,3,0,1,0,1,"[19, 7]","[6, 8]",2,0,0,0,1,0,0,1,0,0,8,21
2024302401193,2024,302401193,432872,336081,-1.51253,52.92114,3,3,6,09:30,-1,E06000015,3,0,1,0,2,"[19, 12]",8,5,0,0,0,1,0,0,1,0,0,8,16
2024302401194,2024,302401194,422690,355759,-1.66259,53.09855,2,2,6,14:52,-1,E07000035,4,0,1,0,2,19,"[4, 7]","[8, 3]",0,"[7, 0]","[3, 0]",1,0,0,0,1,0,8,2
2024302401195,2024,302401195,421412,383960,-1.67979,53.3521,3,3,7,14:54,-1,E07000037,6,0,1,0,2,"[19, 2]","[3, 0]","[8, 0]",0,0,0,1,0,0,0,0,1,8,3
2024302401196,2024,302401196,403435,372103,-1.94998,53.24594,2,2,1,11:59,-1,E07000037,3,0,4,0,2,19,7,3,0,0,0,0,1,0,0,0,0,8,4
2024302401197,2024,302401197,412213,376462,-1.81827,53.28499,2,2,5,08:24,-1,E07000037,5,0,1,0,2,4,"[8, 2]","[2, 8]",0,0,0,1,0,0,0,0,0,8,8
2024302401198,2024,302401198,425544,377519,-1.61824,53.29402,2,2,5,18:15,-1,E07000035,3,0,2,1,2,19,8,2,0,1,11,1,0,0,0,0,0,8,8
2024302401199,2024,302401199,404894,394180,-1.92779,53.44437,2,2,6,08:15,-1,E07000037,3,0,1,0,1,"[9, 19]","[7, 3]","[4, 7]",0,0,0,1,1,0,0,0,0,8,16
2024302401200,2024,302401200,436720,336632,-1.45524,52.92585,2,2,6,18:20,-1,E06000015,6,0,1,0,1,19,3,7,0,0,0,1,1,0,0,0,0,8,16
2024302401201,2024,302401201,428926,329606,-1.57179,52.86317,2,2,1,17:00,-1,E07000039,3,0,1,0,2,19,6,2,0,0,0,0,0,1,0,0,0,8,18
2024302401202,2024,302401202,444913,375209,-1.32799,53.27197,2,2,1,19:21,-1,E07000034,3,0,1,0,1,19,"[6, 4]","[2, 8]",0,0,0,1,0,0,0,1,0,8,18
2024302401203,2024,302401203,433627,350060,-1.49985,53.04675,3,3,4,07:58,-1,E07000032,6,0,1,0,2,19,6,2,0,0,0,1,0,0,0,0,1,5,29
2024302401204,2024,302401204,438490,333065,-1.42933,52.89366,2,2,7,12:00,-1,E06000015,6,0,1,0,1,"[19, 9]","[2, 6]","[6, 4]",0,0,0,1,0,1,0,0,0,8,3
2024302401205,2024,302401205,420239,344496,-1.6999,52.99741,2,"[2, 3]",6,10:30,-1,E07000035,3,0,1,0,2,"[19, 10]",4,"[8, 1]",0,0,0,1,0,0,0,0,0,7,26
2024302401206,2024,302401206,407364,379607,-1.89093,53.31335,2,"[2, 3]",5,22:09,-1,E07000037,3,2,5,1,2,"[19, 12]",8,4,0,0,0,1,0,0,0,0,0,8,22
2024302401208,2024,302401208,441359,350120,-1.38452,53.04675,3,3,7,23:45,-1,E07000032,6,2,1,0,1,5,4,8,0,0,0,1,0,0,0,0,1,8,24
2024302401209,2024,302401209,445169,368985,-1.32504,53.21601,1,1,7,20:25,-1,E07000038,1,2,1,0,2,19,8,4,0,0,0,1,0,0,0,0,1,8,24
2024302401210,2024,302401210,434166,334032,-1.4935,52.90265,1,1,6,22:00,-1,E06000015,3,2,1,0,1,"[13, 19]",8,4,0,"[4, 0]","[4, 0]",1,0,0,0,0,0,8,23
2024302401211,2024,302401211,433495,334492,-1.50343,52.90682,2,2,5,09:50,-1,E06000015,6,0,1,0,1,1,6,2,0,0,0,1,0,0,0,0,1,8,22
2024302401212,2024,302401212,427783,355014,-1.5866,53.09162,2,2,7,07:00,-1,E07000035,4,0,2,1,2,19,1,6,0,1,1,0,0,1,0,0,0,8,24
2024302401213,2024,302401213,417923,347081,-1.73426,53.02073,3,3,7,16:00,-1,E07000035,3,0,1,0,2,"[19, 9]","[4, 8]","[8, 6]",0,0,0,1,0,1,0,0,0,8,3
2024302401214,2024,302401214,446957,376805,-1.29711,53.28614,2,2,7,17:15,-1,E07000033,1,0,1,0,2,3,5,1,0,0,0,0,0,1,0,0,0,8,3
2024302401215,2024,302401215,434512,333913,-1.48837,52.90155,3,3,7,15:12,-1,E06000015,6,0,1,0,1,19,6,2,0,0,0,1,0,1,0,0,0,8,3
2024302401216,2024,302401216,424679,333251,-1.6346,52.89614,3,3,1,08:30,-1,E07000039,6,0,1,0,2,19,"[4, 1]","[1, 4]",0,0,0,1,0,0,0,0,0,8,4
2024302401217,2024,302401217,401830,377774,-1.974,53.29692,3,3,2,20:33,-1,E07000037,3,2,2,1,2,19,5,8,0,0,0,1,0,0,0,0,0,8,5
2024302401218,2024,302401218,437898,369779,-1.43382,53.22371,3,3,2,12:48,-1,E07000034,6,0,1,0,1,19,7,3,0,0,0,1,0,0,0,0,1,8,5
2024302401219,2024,302401219,435226,334937,-1.47764,52.91071,3,3,2,00:01,-1,E06000015,6,2,1,0,1,4,2,6,0,0,0,1,0,0,0,0,1,8,5
2024302401220,2024,302401220,429356,321231,-1.56615,52.78786,2,2,2,19:05,-1,E07000039,6,0,1,0,1,19,8,3,0,0,0,1,0,0,0,0,0,8,5
2024302401221,2024,302401221,438118,339457,-1.43411,52.95115,3,3,2,21:30,-1,E06000015,6,2,1,0,2,7,4,6,0,0,0,1,0,0,0,0,0,8,5
2024302401222,2024,302401222,446172,375876,-1.30902,53.27786,3,3,1,15:25,-1,E07000033,3,0,2,1,2,19,6,2,0,0,0,1,0,0,0,0,0,8,25
2024302401223,2024,302401223,437715,371065,-1.43641,53.23529,3,3,3,12:00,-1,E07000034,3,0,1,0,1,"[19, 11]",1,4,0,0,0,1,0,1,0,0,0,8,6
2024302401224,2024,302401224,406231,380884,-1.90791,53.32484,3,3,4,16:05,-1,E07000037,4,0,1,1,2,"[9, 19]",3,"[1, 7]",0,0,0,1,0,0,0,0,0,8,28
2024302401225,2024,302401225,440034,363757,-1.40258,53.16943,3,3,3,13:56,-1,E07000038,6,0,1,0,1,"[19, 6]",8,"[4, 8]",0,0,0,1,0,1,0,0,0,8,6
2024302401226,2024,302401226,438898,335634,-1.42296,52.91673,2,2,4,16:00,-1,E06000015,3,0,1,0,1,19,"[5, 3]","[1, 7]",0,0,0,1,0,0,0,1,0,8,28
2024302401227,2024,302401227,446201,356199,-1.31142,53.101,3,3,5,14:22,-1,E07000033,6,0,1,0,2,19,3,6,10,8,11,0,0,1,0,0,0,8,29
2024302401228,2024,302401228,417681,377408,-1.73621,53.29334,3,3,6,09:15,-1,E07000035,6,0,1,1,2,19,8,7,11,1,11,1,0,0,0,0,0,5,17
2024302401229,2024,302401229,434247,332849,-1.49242,52.89201,2,2,3,12:30,-1,E06000015,6,0,1,0,1,5,3,7,0,0,0,0,0,0,1,0,1,8,6
2024302401230,2024,302401230,445002,346996,-1.33061,53.01838,3,3,6,12:09,-1,E07000032,3,0,1,0,1,"[7, 19]","[5, 2]",6,0,0,0,1,0,0,0,0,0,8,30
2024302401233,2024,302401233,444618,371186,-1.33298,53.23584,3,3,6,15:45,-1,E07000038,1,0,1,0,2,"[19, 12]",5,1,0,0,0,1,0,0,0,0,0,8,30
2024302401234,2024,302401234,448885,375332,-1.26842,53.27273,3,3,4,09:54,-1,E07000033,4,0,1,0,2,"[19, 9]","[7, 1]","[3, 7]",0,0,0,1,0,1,0,0,0,8,7
2024302401235,2024,302401235,439797,335687,-1.40958,52.91714,3,3,4,17:05,-1,E06000015,3,0,1,0,1,"[12, 4]",6,2,0,0,0,1,0,1,0,0,0,8,28
2024302401236,2024,302401236,437103,375133,-1.44511,53.27189,2,2,4,16:00,-1,E07000034,6,0,1,0,2,"[4, 19]",7,2,0,0,0,1,0,0,0,0,0,8,7
2024302401237,2024,302401237,442925,363496,-1.35937,53.16686,3,3,2,14:39,-1,E07000033,6,0,1,0,2,"[2, 15]","[0, 6]","[0, 4]","[0, 4]",0,0,1,0,0,0,0,1,5,13
2024302401238,2024,302401238,436489,340118,-1.45828,52.9572,3,3,7,08:00,-1,E07000036,3,0,1,1,2,19,5,1,0,1,9,1,0,0,0,0,0,8,3
2024302401239,2024,302401239,436124,329638,-1.46488,52.86302,3,3,5,09:50,-1,E07000039,3,0,1,0,2,"[13, 19]",7,3,0,0,0,1,0,0,0,0,0,8,8
2024302401240,2024,302401240,425234,318488,-1.62748,52.76341,3,3,3,08:40,-1,E07000039,6,0,1,0,2,"[19, 3]",3,7,0,0,0,1,0,0,0,0,0,8,6
2024302401241,2024,302401241,437178,343576,-1.44763,52.98824,2,2,4,21:32,-1,E07000032,3,0,1,0,2,19,1,5,0,0,0,1,0,0,1,0,0,8,7
2024302401243,2024,302401243,446562,341365,-1.30817,52.96763,3,3,5,09:19,-1,E07000036,3,0,1,0,1,"[9, 19]","[3, 6]","[1, 2]",0,0,0,1,0,0,0,0,0,8,8
2024302401244,2024,302401244,437113,375138,-1.44496,53.27194,3,3,5,15:15,-1,E07000034,6,0,2,1,2,"[19, 9]","[2, 4]","[7, 2]",0,0,0,1,0,0,1,0,0,8,8