collision_index,collision_year,collision_ref_no,location_easting_osgr,location_northing_osgr,longitude,latitude,casualty_severity,casualty_severity,day_of_week,time,local_authority_district,local_authority_ons_district,first_road_class,light_conditions,weather_conditions,road_surface_conditions,urban_or_rural_area,vehicle_manoeuvre,vehicle_direction_from,vehicle_direction_to,hit_object_in_carriageway,vehicle_leaving_carriageway,hit_object_off_carriageway,is_car,is_cyle,is_mcyle,is_goodsv,is_other,is_pedestrian,month,day
2024302401245,2024,302401245,429674,319538,-1.56159,52.77262,3,3,6,17:25,-1,E07000039,6,0,1,0,1,"[19, 7]","[1, 4]",6,0,0,0,1,0,0,0,0,0,8,9
2024302401246,2024,302401246,427734,374030,-1.58568,53.26255,3,3,7,05:48,-1,E07000035,6,0,1,0,2,19,8,4,0,1,11,1,0,0,0,0,0,8,10
2024302401247,2024,302401247,416129,334818,-1.76161,52.91055,2,2,5,13:08,-1,E07000035,3,0,2,1,2,19,1,5,0,0,0,0,0,0,1,0,0,8,8
2024302401248,2024,302401248,442963,346817,-1.36103,53.01694,2,2,5,18:23,-1,E07000032,3,0,2,1,1,"[19, 9]",6,"[2, 4]",0,0,0,1,0,0,0,0,0,8,8
2024302401249,2024,302401249,438129,337481,-1.43418,52.93338,3,3,6,19:45,-1,E06000015,6,0,2,0,1,5,3,7,0,0,0,0,0,1,0,0,1,8,9
2024302401250,2024,302401250,436852,338864,-1.45302,52.9459,3,3,4,10:24,-1,E06000015,3,0,1,0,2,19,"[4, 1]","[8, 6]",0,0,0,1,1,0,0,0,0,8,7
2024302401252,2024,302401252,447731,340510,-1.29089,52.95984,3,3,7,11:44,-1,E07000036,3,0,1,0,1,"[10, 19]",4,"[2, 8]",0,0,0,1,0,0,0,0,0,8,10
2024302401253,2024,302401253,441681,332178,-1.38202,52.88545,3,3,1,07:47,-1,E07000039,6,0,1,0,2,"[1, 19]","[3, 7]","[5, 3]",0,0,0,1,1,0,0,0,0,8,11
2024302401254,2024,302401254,446507,377361,-1.30378,53.29118,2,2,1,09:40,-1,E07000033,3,0,1,0,2,"[9, 19]","[2, 8]","[8, 4]",0,0,0,1,0,0,0,0,0,8,11
2024302401255,2024,302401255,421620,368775,-1.6777,53.2156,2,2,7,22:32,-1,E07000035,3,2,1,0,2,"[2, 19]","[0, 4]","[0, 8]",0,"[0, 7]","[0, 11]",1,0,0,0,0,0,8,10
2024302401257,2024,302401257,437759,329313,-1.44063,52.85999,3,3,2,18:15,-1,E07000039,3,0,1,0,2,"[3, 19]",6,2,0,0,0,1,0,0,0,0,0,9,2
2024302401258,2024,302401258,434920,342073,-1.48143,52.97488,3,3,4,19:05,-1,E07000032,3,0,1,0,1,"[19, 7]",5,"[1, 7]",0,"[0, 1]","[0, 9]",1,0,0,0,0,0,9,4
2024302401259,2024,302401259,439845,350476,-1.40705,53.05007,2,2,5,19:30,-1,E07000032,4,2,1,0,1,19,5,1,0,0,0,1,0,0,0,0,1,9,5
2024302401260,2024,302401260,438595,370570,-1.42329,53.23077,3,3,6,14:25,-1,E07000034,3,0,1,0,1,"[11, 19]",2,1,0,0,0,1,0,0,1,0,0,8,30
2024302401261,2024,302401261,423290,338089,-1.6549,52.93969,3,3,4,05:30,-1,E07000035,6,2,1,0,2,"[13, 4]",7,3,0,"[0, 1]","[0, 10]",0,1,0,0,1,0,9,4
2024302401264,2024,302401264,437603,372453,-1.43793,53.24777,3,3,6,14:53,-1,E07000034,6,0,1,0,1,19,"[5, 3]","[1, 7]","[99, 0]","[9, 0]","[99, 0]",1,0,0,0,1,0,9,6
2024302401265,2024,302401265,402711,393704,-1.96066,53.4401,3,3,6,17:35,-1,E07000037,3,0,1,0,1,19,"[1, 4]","[4, 1]",0,0,0,1,1,0,0,0,0,9,6
2024302401267,2024,302401267,439716,365276,-1.40715,53.18311,3,3,6,19:24,-1,E07000038,6,0,1,0,1,19,4,8,0,0,0,0,0,1,0,0,1,9,6
2024302401269,2024,302401269,429104,320776,-1.56993,52.78378,3,3,6,21:20,-1,E07000039,4,2,1,0,1,19,4,8,0,1,0,0,0,1,0,0,1,8,23
2024302401270,2024,302401270,436823,335566,-1.45383,52.91626,3,3,1,08:00,-1,E06000015,6,0,2,1,1,5,5,8,0,0,0,1,0,0,0,0,1,9,8
2024302401272,2024,302401272,431697,318982,-1.53166,52.76751,3,3,3,12:00,-1,E07000039,3,0,1,0,1,"[1, 19, 2]","[2, 8, 0]","[6, 4, 0]",0,0,0,1,0,1,0,0,0,8,13
2024302401273,2024,302401273,437728,371050,-1.43622,53.23515,3,3,5,11:15,-1,E07000034,3,0,1,0,1,19,1,4,0,0,0,1,0,0,0,0,1,9,5
2024302401274,2024,302401274,416666,331800,-1.75378,52.88341,3,3,4,17:00,-1,E07000035,3,0,1,0,2,5,5,8,0,0,0,1,0,1,0,0,0,8,14
2024302401275,2024,302401275,435185,334847,-1.47826,52.90991,3,3,4,18:06,-1,E06000015,6,0,1,0,1,"[19, 14]",1,5,0,0,0,1,0,0,0,0,0,8,14
2024302401277,2024,302401277,413275,342609,-1.80373,52.98066,3,3,7,09:20,-1,E07000035,6,0,1,0,2,"[1, 4]","[6, 2]","[8, 6]",0,"[0, 1]",0,1,1,0,0,0,0,9,7
2024302401278,2024,302401278,407811,378950,-1.88424,53.30744,2,2,6,22:54,-1,E07000037,3,2,1,1,2,19,1,5,0,7,10,0,0,1,0,0,0,7,12
2024302401279,2024,302401279,449138,333236,-1.27105,52.89433,3,3,4,12:00,-1,E07000036,6,0,1,0,1,9,6,4,0,0,0,0,0,0,1,0,1,7,31
2024302401280,2024,302401280,416921,344285,-1.74934,52.99563,2,"[2, 3]",1,15:15,-1,E07000035,3,0,1,0,2,19,"[5, 7]","[1, 3]",0,0,0,0,1,1,0,0,0,8,4
2024302401281,2024,302401281,405100,386856,-1.9248,53.37853,3,3,2,11:45,-1,E07000037,6,0,1,1,2,19,8,4,0,1,4,1,0,0,0,0,0,9,9
2024302401282,2024,302401282,439175,333728,-1.41907,52.89957,3,3,3,18:28,-1,E06000015,3,0,1,0,2,"[19, 11]",4,8,0,0,0,1,0,0,0,0,0,9,10
2024302401283,2024,302401283,445866,357119,-1.3163,53.1093,3,3,6,10:04,-1,E07000033,4,0,1,0,1,19,"[6, 5]","[2, 8]",0,0,0,0,0,0,1,1,0,8,16
2024302401285,2024,302401285,434692,333989,-1.48568,52.90223,3,3,5,11:45,-1,E06000015,6,0,1,0,1,"[19, 7]","[2, 5]",6,0,0,0,1,0,0,0,0,0,8,15
2024302401286,2024,302401286,448941,378546,-1.26709,53.30161,2,2,5,15:52,-1,E07000033,3,0,2,0,2,19,8,5,0,1,4,1,0,0,0,0,0,8,15
2024302401287,2024,302401287,436238,337933,-1.46226,52.93758,3,3,5,17:25,-1,E06000015,3,0,5,1,1,"[19, 6]",5,"[1, 5]",0,0,0,1,0,1,0,0,0,8,15
2024302401288,2024,302401288,417974,346327,-1.73354,53.01395,3,3,2,10:03,-1,E07000035,3,0,9,0,2,19,7,3,0,0,0,1,0,0,0,0,1,9,9
2024302401289,2024,302401289,428460,317417,-1.57977,52.75362,3,3,4,14:58,-1,E07000039,6,0,1,0,1,"[9, 19]","[6, 7]",4,0,0,0,1,0,0,0,0,0,9,11
2024302401290,2024,302401290,435619,337532,-1.47151,52.93401,3,3,6,14:20,-1,E06000015,6,0,1,0,1,5,"[3, 5]",1,0,0,0,1,0,0,0,0,0,8,16
2024302401291,2024,302401291,443216,339340,-1.35826,52.94971,2,"[3, 2]",6,14:23,-1,E07000036,3,0,1,0,2,"[19, 2]","[6, 2, 0]","[2, 6, 0]",0,"[0, 1]","[0, 1]",1,0,0,1,0,0,8,16
2024302401292,2024,302401292,430068,319782,-1.55573,52.77479,3,3,7,13:25,-1,E07000039,3,0,1,0,1,"[7, 19]",4,"[6, 7]",0,0,0,1,0,0,0,0,0,8,17
2024302401293,2024,302401293,449216,333851,-1.26979,52.89986,3,3,7,17:15,-1,E07000036,3,0,1,0,1,"[5, 9]","[1, 5]","[5, 3]",0,0,0,1,0,1,0,0,0,8,17
2024302401294,2024,302401294,445030,361925,-1.32811,53.15256,3,3,6,14:50,-1,E07000033,1,0,1,0,2,19,5,1,0,0,0,1,0,0,0,0,0,9,6
2024302401295,2024,302401295,446694,337067,-1.30682,52.92899,2,2,4,09:40,-1,E07000036,6,0,2,1,2,"[4, 19]",5,1,0,0,0,1,0,0,0,0,0,9,11
2024302401296,2024,302401296,425926,365900,-1.61345,53.18956,2,2,1,17:10,-1,E07000035,3,0,1,0,2,"[19, 9]","[7, 5]","[5, 1]",0,0,0,1,0,0,0,0,0,8,18
2024302401297,2024,302401297,441532,345420,-1.38254,53.00449,2,2,3,09:39,-1,E07000032,3,0,1,0,2,"[19, 9]","[2, 3]","[6, 2]",0,0,0,1,0,1,0,0,0,8,27
2024302401298,2024,302401298,414786,363658,-1.78027,53.16983,2,2,4,12:50,-1,E07000035,3,0,1,0,2,"[13, 9]",4,"[8, 1]",0,0,0,1,0,1,0,0,0,8,28
2024302401299,2024,302401299,440396,335098,-1.40075,52.9118,2,2,5,08:10,-1,E06000015,3,0,1,0,1,"[9, 19]","[1, 4]",8,0,0,0,1,1,0,0,0,0,8,15
2024302401300,2024,302401300,424889,320232,-1.63246,52.7791,2,2,6,18:20,-1,E07000039,6,0,1,0,2,"[19, 9]","[3, 1]",7,0,"[1, 0]","[11, 0]",1,0,1,0,0,0,8,30
2024302401301,2024,302401301,442442,373435,-1.36528,53.25623,2,"[3, 2]",4,15:05,-1,E07000034,6,0,2,1,1,19,7,3,0,0,0,0,1,0,0,0,1,9,11
2024302401302,2024,302401302,430596,331862,-1.54678,52.88335,2,2,4,17:40,-1,E07000039,3,0,1,0,2,"[19, 3]",1,5,0,0,0,1,0,0,0,0,0,9,11
2024302401303,2024,302401303,437362,371580,-1.44164,53.23994,3,3,3,16:30,-1,E07000034,6,0,1,0,1,"[19, 9]","[8, 4]","[4, 1]",0,0,0,1,0,1,0,0,0,8,13
2024302401304,2024,302401304,440328,373477,-1.39696,53.25677,3,3,4,15:12,-1,E07000034,3,0,9,0,1,"[5, 19]","[6, 5]",2,0,0,0,1,0,0,0,0,0,9,11
2024302401305,2024,302401305,445261,341315,-1.32755,52.96729,2,2,1,00:41,-1,E07000036,3,2,1,0,2,9,2,8,0,0,0,1,0,0,0,0,1,9,1
2024302401307,2024,302401307,433726,363552,-1.49696,53.16802,3,3,5,18:40,-1,E07000038,3,0,1,0,2,"[13, 7, 4]",6,"[2, 8]",0,"[7, 0]","[2, 0]",1,0,1,0,0,0,9,12
2024302401308,2024,302401308,432397,355392,-1.51766,53.09476,2,2,2,13:48,-1,E07000035,3,0,1,0,2,"[19, 9]","[8, 4]","[4, 2]",0,0,0,1,0,1,0,0,0,8,26
2024302401309,2024,302401309,434947,336505,-1.48162,52.92483,3,3,3,14:25,-1,E06000015,6,0,2,1,1,7,8,2,0,0,0,1,0,0,0,0,1,9,10
2024302401310,2024,302401310,420383,382609,-1.69534,53.33999,3,3,7,13:00,-1,E07000037,3,0,1,0,2,"[4, 19]",4,7,0,0,0,1,0,1,0,0,0,9,14
2024302401311,2024,302401311,445562,356450,-1.32093,53.10331,3,3,7,15:00,-1,E07000033,3,0,1,0,2,19,2,6,0,0,0,1,0,0,0,0,0,9,14
2024302401312,2024,302401312,440037,373245,-1.40135,53.25471,3,3,6,17:00,-1,E07000034,3,0,1,0,1,"[19, 12]","[2, 3]",6,0,"[0, 1]",0,1,1,0,0,0,0,9,13
2024302401313,2024,302401313,444972,359741,-1.32928,53.13294,3,3,6,19:49,-1,E07000033,1,0,1,0,2,19,1,5,0,0,0,1,0,0,0,0,0,8,16
2024302401314,2024,302401314,447283,333723,-1.29855,52.89888,3,3,5,08:14,-1,E07000036,1,0,1,0,1,19,5,1,"[11, 0]","[2, 0]","[7, 0]",1,0,0,0,0,0,9,12
2024302401315,2024,302401315,436059,336517,-1.46508,52.92486,3,3,6,20:05,-1,E06000015,3,0,1,0,1,19,7,3,0,0,0,1,0,0,0,0,1,9,13
2024302401316,2024,302401316,433899,332393,-1.49764,52.88793,3,3,4,17:06,-1,E06000015,6,0,2,1,1,"[9, 19]","[2, 4]",8,0,0,0,0,1,0,1,0,0,9,11
2024302401317,2024,302401317,428018,316261,-1.58642,52.74325,3,3,7,16:30,-1,E07000039,6,0,1,0,1,99,"[5, 9]","[4, 9]",0,0,0,1,1,0,0,0,0,9,14
2024302401318,2024,302401318,435389,328718,-1.47589,52.8548,3,3,3,22:40,-1,E07000039,6,2,1,0,2,"[10, 4]",1,"[7, 5]",0,0,0,1,0,0,0,0,0,8,20
2024302401319,2024,302401319,438557,333279,-1.42831,52.89558,3,3,4,20:28,-1,E06000015,3,0,1,0,1,19,"[6, 5]","[2, 1]",0,0,0,1,0,0,0,0,0,8,21
2024302401320,2024,302401320,439870,335704,-1.4085,52.91728,3,3,4,18:00,-1,E06000015,3,0,1,1,1,19,3,6,0,0,0,1,0,0,0,0,0,9,11
2024302401321,2024,302401321,444637,358149,-1.33451,53.11866,2,"[3, 2]",2,07:08,-1,E07000033,6,0,1,0,2,"[19, 2]","[7, 0]","[3, 0]","[4, 0]","[7, 1]",0,1,0,0,0,0,0,9,16
2024302401322,2024,302401322,424627,315508,-1.6367,52.73665,2,2,5,17:20,-1,E07000039,6,0,1,0,2,"[9, 19]","[3, 1, 5]","[5, 7, 1]",0,0,0,1,0,1,0,0,0,8,22
2024302401324,2024,302401324,440360,366260,-1.39739,53.1919,2,2,6,11:00,-1,E07000038,5,0,4,0,2,19,"[2, 6]","[6, 2]",0,0,0,1,0,0,0,0,0,8,23
2024302401325,2024,302401325,429405,328676,-1.56476,52.85478,3,3,6,08:00,-1,E07000039,4,0,1,0,2,"[9, 19]","[3, 5]",1,0,0,0,1,0,0,0,0,0,8,23
2024302401326,2024,302401326,430176,319419,-1.55416,52.77153,3,3,6,15:46,-1,E07000039,6,0,1,0,1,19,7,4,0,0,0,1,0,0,0,0,1,8,23
2024302401327,2024,302401327,448668,332878,-1.27809,52.89116,2,"[2, 3]",7,17:48,-1,E07000036,4,0,1,0,1,19,6,2,0,0,0,1,0,0,0,0,0,9,14
2024302401328,2024,302401328,439335,361915,-1.41327,53.15292,3,3,7,11:42,-1,E07000038,3,0,1,1,1,19,5,1,7,7,1,1,0,0,0,0,0,8,24
2024302401329,2024,302401329,439246,351294,-1.41589,53.05746,2,2,3,08:05,-1,E07000032,3,0,1,0,2,"[4, 5]","[1, 2]","[5, 6]",0,0,0,1,0,1,0,0,0,9,17
2024302401330,2024,302401330,437832,364802,-1.4354,53.17898,3,3,7,11:27,-1,E07000038,6,0,2,1,2,19,7,3,0,1,4,1,0,0,0,0,0,8,24
2024302401331,2024,302401331,454550,375121,-1.18352,53.27028,3,3,7,18:59,-1,E07000033,4,0,1,0,2,19,7,4,0,1,9,0,0,1,0,0,0,8,24
2024302401332,2024,302401332,435767,336617,-1.46941,52.92578,2,2,2,17:18,-1,E06000015,6,0,1,0,1,"[9, 13]",7,"[5, 3]","[0, 7]",0,0,1,0,1,0,0,0,9,16
2024302401333,2024,302401333,429975,318819,-1.5572,52.76614,3,3,7,12:00,-1,E07000039,6,0,1,0,2,4,8,4,0,0,0,1,0,0,0,0,0,8,24
2024302401334,2024,302401334,443300,372173,-1.35259,53.24482,3,3,7,20:48,-1,E07000038,6,2,8,0,2,"[19, 9]","[1, 2]","[5, 1]",0,"[0, 1]",0,1,0,0,0,0,0,8,24
2024302401335,2024,302401335,430851,334252,-1.54276,52.90482,2,2,2,12:20,-1,E06000015,6,0,1,0,1,"[19, 9]","[4, 8]","[8, 6]",0,0,0,1,1,0,0,0,0,8,26
2024302401336,2024,302401336,448265,335048,-1.28375,52.9107,3,3,7,18:20,-1,E07000036,6,0,1,0,1,19,"[5, 3]","[1, 7]",0,0,0,1,1,0,0,0,0,8,31
2024302401337,2024,302401337,432910,362633,-1.50926,53.15981,2,"[3, 2]",2,18:30,-1,E07000038,3,0,1,0,2,"[9, 19]","[2, 6]","[8, 2]",0,0,0,1,0,0,0,0,0,8,26
2024302401338,2024,302401338,435286,335195,-1.47672,52.91303,3,3,2,14:00,-1,E06000015,6,0,1,0,1,19,5,1,0,0,0,1,0,0,0,0,1,8,26
2024302401339,2024,302401339,403680,392134,-1.94609,53.42599,3,3,2,13:30,-1,E07000037,5,0,1,0,2,19,8,4,0,0,0,1,0,0,0,0,1,8,26
2024302401340,2024,302401340,406606,373367,-1.90244,53.25727,2,2,2,15:14,-1,E07000037,6,0,1,0,1,"[19, 2]","[1, 0]","[5, 0]",0,0,0,1,0,0,0,0,1,8,26
2024302401341,2024,302401341,435894,336009,-1.46759,52.9203,3,3,3,17:40,-1,E06000015,3,0,1,0,1,"[3, 19]",4,8,0,0,0,1,0,0,0,0,0,8,27
2024302401342,2024,302401342,426863,378955,-1.59833,53.30686,3,3,3,09:50,-1,E07000035,4,0,1,0,2,19,4,8,0,7,11,1,0,0,0,0,0,8,27
2024302401343,2024,302401343,440692,355167,-1.39383,53.09217,3,3,4,18:15,-1,E07000032,3,0,1,0,2,"[4, 19]",6,2,0,0,0,1,0,0,0,0,0,9,18
2024302401344,2024,302401344,425192,318503,-1.6281,52.76355,3,3,4,18:20,-1,E07000039,6,0,1,0,2,"[19, 13]","[1, 3]","[3, 1]",0,0,0,1,0,0,0,0,0,8,28
2024302401345,2024,302401345,447882,332951,-1.28976,52.89189,3,3,4,08:00,-1,E07000036,4,0,1,0,1,19,"[5, 2]","[1, 6]",0,0,0,1,1,0,0,0,0,9,18
2024302401346,2024,302401346,430780,332381,-1.54399,52.88801,3,3,6,17:44,-1,E07000039,3,0,1,0,2,4,1,5,0,0,0,1,0,0,0,0,0,9,13
2024302401347,2024,302401347,442864,374377,-1.35883,53.26466,3,3,2,09:20,-1,E07000034,3,0,1,0,1,"[4, 9]","[6, 5]",2,0,0,0,1,0,0,1,0,0,9,16
2024302401348,2024,302401348,446655,339727,-1.30702,52.9529,3,3,4,07:45,-1,E07000036,6,0,1,0,2,"[6, 19]","[1, 5]",1,0,0,0,1,0,0,0,0,0,9,18
2024302401349,2024,302401349,440633,354719,-1.39477,53.08815,2,"[3, 2]",3,15:30,-1,E07000032,3,0,8,0,2,"[4, 3]",2,6,0,0,0,1,0,0,0,0,0,9,17
2024302401351,2024,302401351,431432,359795,-1.53164,53.13439,3,3,4,21:00,-1,E07000035,3,2,1,0,2,"[19, 2]","[3, 7, 0]","[7, 3, 0]",0,"[1, 0]","[10, 0]",1,0,0,0,0,0,9,18
2024302401352,2024,302401352,438232,373838,-1.42833,53.26017,3,3,6,11:20,-1,E07000034,3,0,1,0,1,"[4, 3]",4,8,0,0,0,1,0,0,0,0,0,9,20
2024302401353,2024,302401353,443197,380148,-1.35305,53.31651,3,3,7,16:10,-1,E07000038,3,0,1,0,2,"[13, 19]","[8, 4]","[4, 8]",0,0,0,1,0,0,0,0,0,9,21
2024302401354,2024,302401354,434761,336373,-1.4844,52.92365,3,3,1,12:00,-1,E06000015,3,0,2,1,1,"[9, 19]","[1, 5]","[7, 1]",0,"[1, 0]","[1, 0]",1,0,0,0,0,0,9,22
2024302401355,2024,302401355,444884,356795,-1.33101,53.10647,2,2,4,17:55,-1,E07000033,5,0,1,0,1,19,"[3, 6]","[6, 3]",0,0,0,1,0,1,0,0,0,8,28
2024302401356,2024,302401356,443368,346494,-1.35504,53.014,3,3,5,10:16,-1,E07000032,3,0,1,0,1,9,8,6,0,0,0,1,0,0,0,0,1,8,29
2024302401357,2024,302401357,435011,333581,-1.48098,52.89854,2,2,4,20:05,-1,E06000015,3,2,1,0,1,19,"[1, 8]","[5, 4]",0,0,0,0,1,1,0,0,1,8,28
2024302401358,2024,302401358,434933,335388,-1.48195,52.91479,3,3,4,13:30,-1,E06000015,3,0,1,0,1,"[1, 6]","[2, 0]","[6, 0]",0,0,0,1,0,0,0,0,0,8,21
2024302401360,2024,302401360,436628,340741,-1.45614,52.96279,2,"[2, 3]",6,16:50,-1,E07000036,3,0,1,0,2,"[4, 19]",1,5,0,"[0, 4]","[0, 7]",1,0,0,0,0,0,8,30
2024302401361,2024,302401361,419772,369733,-1.70531,53.22428,3,3,6,18:13,-1,E07000035,3,0,1,0,2,"[9, 19]","[7, 5]","[5, 1]",0,0,0,1,0,0,0,0,0,8,30
2024302401362,2024,302401362,445023,361908,-1.32822,53.15241,3,3,3,12:35,-1,E07000033,1,0,1,0,2,"[4, 12]",5,1,0,0,0,1,0,0,1,0,0,9,17
2024302401363,2024,302401363,441872,355108,-1.37622,53.09155,3,3,7,20:00,-1,E07000032,3,2,8,1,1,8,2,5,0,0,0,1,0,0,0,0,0,9,21
2024302401364,2024,302401364,418671,382668,-1.72105,53.34059,3,3,7,17:28,-1,E07000037,3,0,1,0,2,"[19, 13]","[4, 8]","[8, 4]",0,0,0,1,0,0,0,0,0,8,31
2024302401365,2024,302401365,403396,392870,-1.95035,53.4326,3,3,2,15:15,-1,E07000037,3,0,1,0,2,"[19, 99]","[4, 8]","[1, 4]",0,0,0,1,0,0,0,0,0,9,23
2024302401366,2024,302401366,426179,330937,-1.61249,52.87527,3,3,2,16:12,-1,E07000039,3,0,1,0,2,19,7,3,0,1,4,1,0,0,0,0,0,9,2
2024302401367,2024,302401367,436884,335275,-1.45295,52.91364,2,2,2,19:00,-1,E06000015,3,0,2,1,1,19,8,4,0,1,2,1,0,0,0,0,0,9,2
2024302401368,2024,302401368,436869,372962,-1.44887,53.2524,3,3,1,11:53,-1,E07000034,4,0,1,0,1,"[9, 19]","[2, 7]","[7, 4]",0,0,0,1,0,0,0,0,0,9,1
2024302401369,2024,302401369,436926,370867,-1.44825,53.23356,3,3,3,15:17,-1,E07000034,3,0,1,0,1,"[7, 19]","[1, 7]",2,0,0,0,1,0,0,1,0,0,9,3
2024302401370,2024,302401370,437235,331886,-1.44812,52.88315,3,3,4,02:40,-1,E06000015,3,2,1,0,1,19,5,1,0,1,2,1,0,0,0,0,0,9,4
2024302401371,2024,302401371,445861,380432,-1.31303,53.31884,3,3,3,09:00,-1,E07000038,6,0,1,1,1,19,1,5,0,0,0,1,0,0,0,0,1,9,24
2024302401372,2024,302401372,440180,332107,-1.40433,52.88493,3,3,1,11:50,-1,E07000039,3,0,1,0,2,19,5,1,0,0,0,1,0,1,0,0,0,9,1
2024302401373,2024,302401373,433980,330699,-1.49661,52.8727,3,3,3,19:17,-1,E07000039,6,0,1,0,1,"[13, 6]",1,"[5, 1]",0,"[7, 0]","[10, 0]",1,0,0,0,0,0,9,3
2024302401374,2024,302401374,443858,374459,-1.34392,53.26532,3,3,1,22:26,-1,E07000034,6,2,1,0,1,"[13, 19]",6,1,0,"[7, 0]","[11, 0]",1,0,0,0,0,0,9,1
2024302401375,2024,302401375,437988,336349,-1.43641,52.92322,3,3,2,14:30,-1,E06000015,6,0,1,0,1,"[19, 9]","[4, 6]","[8, 4]",0,0,0,1,0,1,0,0,0,9,23
2024302401376,2024,302401376,449148,375443,-1.26446,53.2737,3,3,4,08:50,-1,E07000033,4,0,1,0,2,"[9, 19]","[4, 1]","[1, 6]",0,0,0,1,1,0,0,0,0,9,25
2024302401377,2024,302401377,442252,370614,-1.3685,53.23089,3,3,4,14:58,-1,E07000038,3,0,1,0,2,"[9, 19]","[6, 3]","[3, 8]",0,"[0, 1]","[0, 9]",1,0,0,0,0,0,9,4
2024302401378,2024,302401378,442111,378949,-1.36951,53.30582,3,3,6,17:00,-1,E07000038,4,0,1,0,1,"[9, 19]","[6, 2]","[4, 6]",0,0,0,1,0,0,0,0,0,9,27
2024302401379,2024,302401379,429915,333805,-1.55672,52.90086,3,3,6,05:45,-1,E07000039,3,2,2,1,2,"[12, 19]",7,"[4, 3]",0,"[1, 0]","[1, 0]",1,0,0,0,0,0,9,27
2024302401380,2024,302401380,447876,369841,-1.28437,53.22347,3,3,5,21:08,-1,E07000033,3,2,1,1,1,19,"[1, 3]","[5, 7]",0,0,0,1,0,1,0,0,0,9,26
2024302401381,2024,302401381,447805,368300,-1.28567,53.20962,3,3,6,08:00,-1,E07000033,6,0,1,1,2,"[19, 4]","[5, 6]","[1, 2]",0,7,11,1,0,0,0,0,0,9,27
2024302401382,2024,302401382,439857,332871,-1.40904,52.89182,2,2,7,20:20,-1,E06000015,3,2,1,0,2,19,4,8,0,0,0,0,0,1,0,0,0,9,28
2024302401383,2024,302401383,425189,380067,-1.62336,53.31694,2,2,5,17:30,-1,E07000035,3,0,7,0,2,19,6,2,0,0,0,1,0,0,0,0,1,9,5
2024302401384,2024,302401384,424129,341872,-1.64213,52.97366,3,3,5,17:45,-1,E07000035,3,0,1,0,2,"[3, 19, 10]","[7, 3]","[3, 7, 1]",0,0,0,1,0,0,0,0,0,9,5
2024302401385,2024,302401385,445170,347147,-1.32809,53.01972,3,3,6,14:55,-1,E07000032,3,0,1,0,1,9,6,4,0,0,0,1,0,0,0,0,1,9,6
2024302401386,2024,302401386,411333,367633,-1.83178,53.20565,3,3,7,16:00,-1,E07000035,3,0,1,0,2,"[13, 9]",3,"[7, 1]",0,0,0,1,0,0,0,1,0,9,7
2024302401387,2024,302401387,436157,333855,-1.46392,52.90093,3,3,7,16:34,-1,E06000015,6,0,1,1,1,19,"[8, 6]","[4, 2]",0,0,0,1,0,0,0,0,0,9,7
2024302401388,2024,302401388,448200,332266,-1.28513,52.8857,2,2,7,19:20,-1,E07000036,4,2,2,1,1,1,2,6,0,0,0,1,0,0,0,0,1,9,7
2024302401389,2024,302401389,438783,339750,-1.42418,52.95373,3,3,7,17:13,-1,E07000036,3,0,2,1,2,19,7,2,0,7,9,1,0,0,0,0,0,9,7
2024302401390,2024,302401390,438708,333910,-1.42599,52.90124,3,3,5,12:35,-1,E06000015,3,0,1,0,2,19,"[3, 8]","[8, 3]",0,"[1, 0]",0,1,0,0,0,0,0,8,29
2024302401391,2024,302401391,404179,397176,-1.93851,53.4713,3,3,1,09:31,-1,E07000037,4,0,2,1,2,"[14, 19, 4]","[6, 3]","[3, 6]",0,0,0,1,1,0,0,0,0,9,8
2024302401392,2024,302401392,433901,348138,-1.49597,53.02946,3,3,4,15:30,-1,E07000032,3,0,2,1,1,"[10, 19]",3,"[1, 7]",0,1,"[10, 11]",1,0,0,0,0,0,9,25
2024302401393,2024,302401393,445033,344745,-1.33046,52.99814,3,3,5,11:00,-1,E07000032,3,0,1,0,1,"[9, 19]","[8, 4]","[6, 8]",0,0,0,1,0,0,0,0,0,9,5
2024302401394,2024,302401394,444871,361060,-1.33061,53.1448,3,3,4,05:31,-1,E07000033,1,0,1,-1,2,"[11, 19]",1,5,0,0,0,1,0,0,1,0,0,8,28
2024302401395,2024,302401395,432527,334937,-1.51777,52.91088,3,3,4,16:00,-1,E06000015,4,0,2,1,1,"[10, 13, 19]","[6, 2]","[2, 6]",0,0,0,1,0,1,0,0,0,9,25
2024302401396,2024,302401396,447764,334667,-1.29126,52.90732,3,3,5,02:14,-1,E07000036,6,2,9,0,1,"[19, 4]","[1, 5]","[5, 1]",0,"[7, 0]","[11, 0]",1,0,0,0,0,0,8,29
2024302401397,2024,302401397,437261,372780,-1.44301,53.25073,3,3,2,06:27,-1,E07000034,6,0,2,1,1,19,"[1, 7]","[5, 3]",0,0,0,1,0,1,0,0,0,9,9
2024302401398,2024,302401398,434626,374403,-1.48233,53.2655,2,"[2, 3]",3,16:50,-1,E07000038,4,0,1,0,2,19,"[5, 8]","[8, 5]",0,0,0,1,0,0,0,0,0,9,10
2024302401399,2024,302401399,436118,335215,-1.46435,52.91315,3,3,7,14:55,-1,E06000015,3,0,1,0,1,"[19, 9]","[4, 2]",8,0,0,0,1,0,0,0,0,0,9,28
2024302401400,2024,302401400,437306,345607,-1.44549,53.00648,3,3,2,07:30,-1,E07000032,3,0,2,1,2,"[3, 4]",1,5,0,0,0,1,0,0,0,0,0,9,9