collision_index,collision_year,collision_ref_no,location_easting_osgr,location_northing_osgr,longitude,latitude,casualty_severity,casualty_severity,day_of_week,time,local_authority_district,local_authority_ons_district,first_road_class,light_conditions,weather_conditions,road_surface_conditions,urban_or_rural_area,vehicle_manoeuvre,vehicle_direction_from,vehicle_direction_to,hit_object_in_carriageway,vehicle_leaving_carriageway,hit_object_off_carriageway,is_car,is_cyle,is_mcyle,is_goodsv,is_other,is_pedestrian,month,day
2024302401401,2024,302401401,437638,331060,-1.44223,52.8757,3,3,3,13:15,-1,E06000015,3,0,2,1,1,"[19, 9]","[8, 4]","[4, 2]",0,0,0,1,0,0,0,0,0,9,10
2024302401402,2024,302401402,445188,346737,-1.32788,53.01604,2,2,2,17:59,-1,E07000032,6,0,1,0,1,19,"[8, 2]","[4, 6]",0,0,0,1,1,0,0,0,0,9,9
2024302401403,2024,302401403,445882,343493,-1.31799,52.98682,3,3,4,14:43,-1,E07000036,3,0,2,1,1,"[13, 9]",4,"[1, 3]",0,"[7, 0]","[11, 0]",1,0,1,0,0,0,9,11
2024302401404,2024,302401404,438249,373612,-1.42811,53.25814,2,2,3,12:50,-1,E07000034,4,0,1,0,1,"[19, 6]","[1, 5]",5,0,0,0,1,0,1,0,0,0,9,10
2024302401405,2024,302401405,433890,334787,-1.49752,52.90945,3,3,3,15:03,-1,E06000015,3,0,2,1,1,19,"[4, 6]","[8, 2]",0,0,0,1,0,0,0,0,0,9,10
2024302401406,2024,302401406,402391,382000,-1.96556,53.3349,2,"[2, 3]",4,07:06,-1,E07000037,3,0,2,1,2,"[13, 19]",7,3,0,"[1, 0]","[4, 0]",1,0,0,0,0,0,10,2
2024302401407,2024,302401407,438253,337176,-1.43237,52.93063,3,3,3,08:00,-1,E06000015,6,0,2,1,1,19,4,7,0,0,0,1,0,0,0,0,1,10,1
2024302401408,2024,302401408,439246,378488,-1.41256,53.30189,3,3,5,07:30,-1,E07000038,4,0,1,0,2,19,"[8, 2]","[5, 6]",0,"[7, 1]","[11, 9]",1,0,0,0,0,0,9,12
2024302401409,2024,302401409,436672,335484,-1.45608,52.91553,3,3,2,16:50,-1,E06000015,3,0,2,1,1,"[6, 13]",4,"[4, 8]",0,0,0,1,0,1,0,0,0,9,30
2024302401411,2024,302401411,444880,360095,-1.33061,53.13613,3,3,3,17:30,-1,E07000033,1,0,2,1,2,"[19, 11]",5,1,0,0,0,1,0,0,1,0,0,10,1
2024302401412,2024,302401412,436920,332798,-1.4527,52.89137,3,3,2,17:30,-1,E06000015,3,0,1,0,1,19,2,4,0,0,0,1,0,0,0,0,1,8,5
2024302401413,2024,302401413,407058,374824,-1.89563,53.27036,2,"[2, 3]",4,18:48,-1,E07000037,3,2,1,0,2,"[19, 4, 13]","[2, 4, 6]","[6, 2]",0,0,0,1,0,0,0,1,0,10,2
2024302401414,2024,302401414,445564,340399,-1.32316,52.95903,3,3,4,08:45,-1,E07000036,3,0,1,0,1,19,3,7,0,0,0,0,1,0,0,0,1,10,2
2024302401415,2024,302401415,444312,330262,-1.34318,52.86802,3,3,4,05:28,-1,E07000039,4,2,1,0,2,"[2, 19]","[0, 4]","[0, 8]","[0, 4]",0,0,0,1,0,1,0,0,10,2
2024302401416,2024,302401416,432774,328804,-1.51472,52.85574,3,3,4,10:00,-1,E07000039,3,0,1,0,2,"[7, 19]","[1, 7]",4,0,0,0,1,1,0,0,0,0,10,2
2024302401417,2024,302401417,437696,336554,-1.44073,52.92508,3,3,6,11:15,-1,E06000015,6,0,1,0,1,9,4,2,0,0,0,1,0,0,0,0,1,10,4
2024302401418,2024,302401418,435814,334181,-1.46898,52.90388,3,3,4,18:40,-1,E06000015,6,2,1,0,1,"[5, 19]","[4, 6]","[8, 2]",0,0,0,1,0,0,0,0,0,10,2
2024302401419,2024,302401419,438603,370528,-1.42317,53.23039,3,3,2,13:15,-1,E07000034,3,0,2,1,1,19,2,8,0,0,0,1,0,0,0,0,0,9,30
2024302401420,2024,302401420,436681,341410,-1.45528,52.9688,2,2,2,05:45,-1,E07000036,3,2,2,1,2,19,5,1,0,1,4,1,0,0,0,0,0,9,30
2024302401421,2024,302401421,447056,341007,-1.30087,52.96437,3,3,5,13:30,-1,E07000036,3,0,1,0,1,"[5, 19]","[6, 4]","[2, 8]",0,0,0,1,0,0,0,0,0,10,3
2024302401422,2024,302401422,439628,329769,-1.41282,52.86395,3,3,6,19:45,-1,E07000039,3,2,1,0,2,"[19, 4]",6,2,0,0,0,1,0,0,0,0,0,10,4
2024302401423,2024,302401423,437150,342673,-1.44815,52.98012,2,2,1,20:15,-1,E07000036,3,2,2,1,2,"[19, 13]",5,1,0,"[0, 1]","[0, 7]",1,0,0,0,0,0,10,6
2024302401424,2024,302401424,443939,352961,-1.34565,53.07208,3,3,6,08:53,-1,E07000032,4,0,1,1,1,19,"[8, 3]","[3, 8]",0,"[0, 7]","[0, 10]",1,0,0,0,0,0,9,13
2024302401425,2024,302401425,406404,373659,-1.90546,53.2599,3,3,7,14:50,-1,E07000037,3,0,1,0,1,19,6,1,0,0,0,1,1,0,0,0,0,8,10
2024302401426,2024,302401426,433408,333488,-1.50482,52.8978,2,2,5,16:40,-1,E06000015,6,0,1,0,1,"[19, 4]","[4, 1]","[8, 2]",0,0,0,1,0,0,0,0,1,10,3
2024302401427,2024,302401427,405527,372969,-1.91862,53.2537,3,3,3,16:50,-1,E07000037,6,0,1,1,1,"[3, 9, 19]","[6, 1]","[2, 6]",0,0,0,1,0,0,0,0,0,10,1
2024302401428,2024,302401428,440688,363285,-1.39286,53.16514,3,3,2,06:48,-1,E07000038,6,2,2,1,1,"[19, 7]","[1, 7]","[5, 1]",0,0,0,1,0,0,0,0,0,10,7
2024302401429,2024,302401429,428383,361771,-1.57704,53.15232,2,2,2,16:00,-1,E07000035,6,0,1,0,1,19,4,8,0,0,0,0,0,1,0,0,0,10,7
2024302401430,2024,302401430,448060,367443,-1.28198,53.2019,3,3,5,20:49,-1,E07000033,6,2,1,0,2,19,5,8,0,7,10,0,0,1,0,0,0,9,19
2024302401431,2024,302401431,427294,359309,-1.59353,53.13025,3,3,3,09:45,-1,E07000035,6,0,2,1,2,19,"[7, 4]","[4, 7]",0,"[0, 1]","[0, 11]",1,0,0,0,0,0,10,8
2024302401432,2024,302401432,433493,334974,-1.50341,52.91116,2,2,6,17:25,-1,E06000015,6,0,1,0,1,"[19, 2]","[8, 4, 0]","[4, 8, 0]",0,0,0,1,0,1,0,0,0,9,13
2024302401433,2024,302401433,444133,359616,-1.34184,53.13189,3,3,6,14:00,-1,E07000033,4,0,1,0,2,5,4,8,0,0,0,0,0,0,1,0,0,9,13
2024302401434,2024,302401434,426204,356435,-1.61006,53.10447,3,3,5,05:09,-1,E07000035,3,2,2,1,2,"[19, 9]","[3, 8]","[8, 6]",0,0,0,1,0,0,0,0,0,9,5
2024302401435,2024,302401435,447347,370537,-1.29219,53.22977,3,3,7,18:09,-1,E07000033,3,0,1,0,1,"[9, 19]","[1, 8]","[8, 4]",0,0,0,1,0,0,0,0,0,9,28
2024302401437,2024,302401437,441114,355420,-1.38749,53.09441,3,3,4,09:00,-1,E07000032,6,0,1,0,1,4,7,3,0,0,0,0,0,0,1,0,0,10,9
2024302401439,2024,302401439,422522,355719,-1.6651,53.0982,1,1,1,10:30,-1,E07000035,4,0,1,0,2,19,2,6,0,8,11,0,0,1,0,0,0,10,6
2024302401440,2024,302401440,403401,394054,-1.95026,53.44325,3,3,2,11:25,-1,E07000037,3,0,9,0,1,5,3,7,0,0,0,1,0,0,0,0,1,6,10
2024302401441,2024,302401441,436276,335804,-1.46193,52.91844,2,"[2, 3]",4,09:19,-1,E06000015,3,0,1,0,2,4,8,4,0,0,0,1,0,0,0,0,0,10,9
2024302401443,2024,302401443,439968,335479,-1.40707,52.91525,3,3,6,18:00,-1,E06000015,3,0,1,0,1,19,6,2,0,0,0,1,0,0,0,0,1,10,11
2024302401445,2024,302401445,449805,333932,-1.26103,52.90053,3,3,4,06:49,-1,E07000036,3,0,1,1,1,"[19, 9]","[3, 1]",7,0,0,0,1,0,1,0,0,0,10,9
2024302401446,2024,302401446,434817,370604,-1.47988,53.23134,2,2,6,15:44,-1,E07000034,3,0,1,0,1,"[13, 9]",7,"[3, 5]",0,0,0,1,0,1,0,0,0,9,13
2024302401447,2024,302401447,434158,365344,-1.49031,53.1841,3,3,7,19:28,-1,E07000038,3,2,2,1,2,"[19, 5]","[5, 3]","[1, 7]",0,"[1, 0]","[11, 0]",1,0,0,0,0,0,10,12
2024302401448,2024,302401448,446440,370202,-1.30583,53.22684,3,3,3,08:00,-1,E07000033,6,0,1,0,2,19,"[1, 3]","[3, 1]",0,0,0,1,0,0,0,0,0,10,15
2024302401449,2024,302401449,417150,351655,-1.74554,53.06187,2,2,4,12:00,-1,E07000035,3,0,1,0,2,19,5,1,0,0,0,1,0,0,1,0,0,10,9
2024302401450,2024,302401450,435788,348013,-1.46784,53.02821,2,2,7,08:30,-1,E07000032,6,0,1,0,1,"[2, 19]","[0, 2]","[0, 6]",0,0,0,1,0,0,0,0,0,9,14
2024302401451,2024,302401451,439048,336687,-1.4206,52.92618,3,3,1,16:16,-1,E06000015,6,0,1,0,1,"[9, 19]","[3, 1]","[1, 5]",0,0,0,1,0,0,0,0,0,10,13
2024302401452,2024,302401452,429404,328421,-1.5648,52.85249,2,2,5,19:00,-1,E07000039,4,0,1,0,2,19,1,5,0,0,0,1,0,0,0,0,1,9,19
2024302401453,2024,302401453,430692,332100,-1.54533,52.88549,2,2,2,18:20,-1,E07000039,3,2,5,1,2,"[4, 11]",1,5,0,"[0, 5]","[0, 6]",1,0,0,1,0,0,9,23
2024302401454,2024,302401454,432933,347646,-1.51045,53.0251,2,2,3,13:00,-1,E07000032,3,0,1,0,2,"[3, 4]",6,2,0,"[0, 1]",0,1,0,1,0,0,0,9,24
2024302401455,2024,302401455,444429,330376,-1.34143,52.86904,3,3,7,18:05,-1,E07000039,6,0,1,0,2,"[19, 2]","[6, 0]","[2, 0]",0,0,0,1,0,0,0,1,0,9,14
2024302401456,2024,302401456,417411,375815,-1.74034,53.27903,2,2,7,11:31,-1,E07000035,3,0,1,0,2,"[9, 13]",4,"[1, 8]",0,0,0,0,0,1,0,0,0,9,28
2024302401457,2024,302401457,445421,375794,-1.32029,53.27719,2,2,1,19:00,-1,E07000034,4,2,4,0,1,19,5,1,0,0,0,1,0,0,0,0,1,9,29
2024302401458,2024,302401458,441520,348939,-1.38227,53.03612,2,2,1,19:10,-1,E07000032,6,2,2,1,1,19,"[8, 3]","[3, 8]",0,0,0,1,0,1,0,0,0,9,29
2024302401459,2024,302401459,428493,351193,-1.57633,53.05723,2,2,1,21:30,-1,E07000032,4,2,2,1,2,19,5,2,0,1,9,1,0,0,0,0,0,9,29
2024302401460,2024,302401460,437380,370574,-1.44149,53.2309,2,2,3,19:20,-1,E07000034,6,0,1,0,1,9,"[7, 1]","[5, 7]",0,0,0,1,0,1,0,0,0,9,24
2024302401461,2024,302401461,441463,330649,-1.38545,52.87173,2,2,7,18:55,-1,E07000039,3,2,1,0,2,"[11, 19]",7,3,0,"[0, 1]","[0, 7]",1,0,0,0,0,0,9,14
2024302401462,2024,302401462,442259,370610,-1.3684,53.23085,2,2,5,17:15,-1,E07000038,3,0,1,0,2,7,2,6,0,0,0,1,0,0,0,0,1,10,3
2024302401463,2024,302401463,441983,355914,-1.37445,53.09878,2,2,5,19:45,-1,E07000032,4,2,1,0,1,9,7,5,0,0,0,1,0,0,0,0,1,10,3
2024302401464,2024,302401464,444767,356163,-1.33284,53.1008,2,2,6,15:03,-1,E07000033,4,0,1,0,1,19,"[7, 3]","[3, 7]",0,0,0,1,1,0,0,0,0,10,11
2024302401465,2024,302401465,448361,377178,-1.276,53.28937,2,"[2, 3]",7,09:40,-1,E07000033,3,0,2,1,2,19,"[3, 7]","[7, 3]",0,0,0,1,0,0,0,0,0,10,12
2024302401466,2024,302401466,426737,340330,-1.60343,52.95968,3,3,5,12:20,-1,E07000035,6,0,1,0,2,19,"[6, 2]","[2, 6]",0,"[0, 1]",0,1,1,0,0,0,0,10,10
2024302401468,2024,302401468,405986,372960,-1.91174,53.25362,2,2,4,14:52,-1,E07000037,6,0,1,0,1,1,8,2,0,0,0,1,0,0,0,0,1,9,25
2024302401469,2024,302401469,436584,335627,-1.45737,52.91682,2,2,7,22:20,-1,E06000015,6,2,1,0,1,19,8,2,0,7,0,1,0,0,0,0,0,9,14
2024302401471,2024,302401471,435813,334659,-1.46894,52.90818,3,3,6,02:00,-1,E06000015,6,2,1,0,1,19,"[8, 2]","[4, 6]",0,0,0,1,0,0,0,0,0,10,18
2024302401472,2024,302401472,446942,376840,-1.29733,53.28646,2,2,7,15:00,-1,E07000033,3,0,1,0,2,19,4,"[2, 8]",0,0,0,1,0,1,0,0,0,8,10
2024302401473,2024,302401473,449845,375260,-1.25404,53.27199,3,3,5,08:10,-1,E07000033,6,0,8,1,2,19,8,4,0,0,0,1,0,0,0,0,1,10,17
2024302401474,2024,302401474,446299,374137,-1.30737,53.26222,3,3,6,06:35,-1,E07000033,4,2,8,1,2,19,5,1,10,1,0,1,0,0,0,0,0,10,18
2024302401476,2024,302401476,434858,336102,-1.48299,52.92121,2,2,6,23:22,-1,E06000015,3,2,1,1,1,19,"[1, 3]","[5, 7]",0,0,0,1,1,0,0,0,0,10,18
2024302401477,2024,302401477,445212,366860,-1.32469,53.19691,2,"[2, 3]",4,11:12,-1,E07000038,3,0,8,1,2,"[7, 11]",3,7,0,"[0, 1]","[0, 9]",1,0,0,1,0,0,10,16
2024302401478,2024,302401478,432559,332611,-1.51753,52.88997,3,3,6,17:15,-1,E06000015,6,2,1,1,2,19,6,2,0,1,3,1,0,0,0,0,0,10,18
2024302401479,2024,302401479,449057,371209,-1.26648,53.23566,3,3,7,04:50,-1,E07000033,4,2,2,1,2,9,5,3,0,1,4,1,0,0,0,0,0,10,19
2024302401480,2024,302401480,435472,336681,-1.47379,52.92637,3,3,2,17:40,-1,E06000015,3,0,1,0,1,19,8,4,0,0,0,1,0,0,0,0,0,9,16
2024302401481,2024,302401481,440919,360130,-1.38981,53.13676,3,3,6,13:52,-1,E07000038,4,0,1,0,2,"[13, 5]","[7, 3]","[3, 7]",0,0,0,0,0,1,0,1,0,10,11
2024302401482,2024,302401482,435737,377975,-1.46527,53.29753,2,2,6,03:20,-1,E07000038,6,2,1,0,1,"[2, 19]","[0, 7]","[0, 3]","[0, 4]","[1, 0]",0,1,0,0,0,0,0,5,24
2024302401483,2024,302401483,442856,346306,-1.36269,53.01235,3,3,3,08:40,-1,E07000032,3,0,1,0,1,19,"[6, 2]","[2, 6]",0,0,0,1,0,0,0,0,0,9,17
2024302401484,2024,302401484,407574,381908,-1.88773,53.33403,2,2,4,12:18,-1,E07000037,5,0,1,0,2,"[19, 9]","[6, 7]","[2, 6]",0,0,0,1,0,1,0,0,0,9,18
2024302401485,2024,302401485,434312,359140,-1.48867,53.12833,3,3,4,12:29,-1,E07000032,3,0,1,0,2,"[5, 19]","[5, 3]","[1, 7]",0,"[0, 7]",0,1,0,1,0,0,0,9,18
2024302401486,2024,302401486,451953,374812,-1.22251,53.26776,3,3,5,08:05,-1,E07000033,6,0,1,0,2,"[14, 2]","[5, 0]","[1, 0]",0,0,0,1,0,0,1,0,1,9,19
2024302401487,2024,302401487,437341,341823,-1.4454,52.97247,3,3,5,08:40,-1,E07000036,6,0,8,0,2,19,"[6, 3]","[3, 6]",0,0,0,1,0,0,0,0,0,10,17
2024302401488,2024,302401488,436234,334113,-1.46275,52.90324,3,3,6,19:25,-1,E06000015,6,0,1,0,1,4,6,2,0,0,0,1,0,0,0,0,1,8,2
2024302401489,2024,302401489,437294,370996,-1.44273,53.23469,3,3,7,06:30,-1,E07000034,3,2,1,0,1,"[19, 7]","[2, 5]",6,0,0,0,1,0,0,0,0,0,10,19
2024302401490,2024,302401490,435670,336033,-1.47092,52.92054,2,2,4,09:00,-1,E06000015,3,0,1,0,1,19,5,1,0,0,0,1,0,0,0,0,1,9,18
2024302401491,2024,302401491,439747,371001,-1.40598,53.23456,3,3,5,08:40,-1,E07000034,3,0,1,0,1,"[9, 19]","[1, 7]","[7, 3]",0,0,0,1,0,0,0,0,0,9,19
2024302401492,2024,302401492,419046,364295,-1.71651,53.17543,3,3,5,14:47,-1,E07000035,5,0,1,0,2,19,"[2, 4]","[6, 8]",0,"[3, 1]",11,1,0,0,0,0,0,9,19
2024302401493,2024,302401493,437111,344507,-1.44852,52.99661,2,2,5,10:45,-1,E07000032,4,0,2,1,2,"[19, 9]","[2, 6]","[6, 4]",0,0,0,1,0,0,0,0,0,9,26
2024302401495,2024,302401495,431851,332717,-1.52804,52.89097,3,3,7,16:30,-1,E06000015,6,0,1,0,1,19,1,5,0,0,0,1,0,0,0,0,1,7,20
2024302401496,2024,302401496,434757,336366,-1.48446,52.92359,2,2,4,19:30,-1,E06000015,3,0,1,0,1,19,"[5, 8]","[1, 4]",0,0,0,1,0,0,0,0,0,9,18
2024302401497,2024,302401497,442964,374474,-1.35732,53.26553,2,2,6,08:44,-1,E07000034,3,0,1,0,1,"[9, 14, 19]","[4, 2, 6]","[2, 6]",0,0,0,1,0,1,0,0,0,9,20
2024302401498,2024,302401498,444693,329945,-1.33756,52.86514,2,2,6,12:15,-1,E07000039,4,0,1,0,2,"[4, 3]",8,4,0,0,0,1,0,1,0,0,0,9,20
2024302401499,2024,302401499,433588,335648,-1.50192,52.91721,3,3,6,16:23,-1,E06000015,3,0,1,0,1,"[4, 3]",6,2,0,0,0,1,0,0,0,0,0,10,11
2024302401500,2024,302401500,421147,375811,-1.68431,53.27886,2,2,6,23:47,-1,E07000035,3,2,5,1,2,19,"[2, 8]","[8, 2]",0,0,0,1,0,1,0,0,0,10,18
2024302401501,2024,302401501,443573,360120,-1.35014,53.13646,2,2,4,16:45,-1,E07000033,4,0,1,0,2,"[14, 2]","[8, 0]","[4, 0]",0,0,0,1,0,0,0,0,1,10,23
2024302401502,2024,302401502,415366,371344,-1.77123,53.23891,3,3,6,08:40,-1,E07000035,3,0,1,0,2,6,7,7,0,0,0,1,0,0,0,0,1,8,23
2024302401503,2024,302401503,436104,372260,-1.46041,53.24614,3,3,7,20:37,-1,E07000034,4,2,1,0,1,"[19, 9]","[2, 4]","[6, 2]",0,0,0,1,1,0,0,0,0,8,24
2024302401504,2024,302401504,448989,372155,-1.26735,53.24416,3,3,6,06:36,-1,E07000033,4,2,7,1,2,"[7, 19]","[2, 1]",5,0,0,0,1,0,0,0,0,0,10,25
2024302401505,2024,302401505,445407,367748,-1.32165,53.20487,3,3,7,11:31,-1,E07000038,1,0,1,0,2,19,1,5,"[0, 2]",0,0,1,0,0,0,0,0,9,21
2024302401506,2024,302401506,441200,365798,-1.38488,53.18769,3,3,4,20:20,-1,E07000038,6,2,9,0,1,"[1, 2]","[8, 0]","[4, 0]",0,0,0,1,0,0,0,0,1,10,23
2024302401507,2024,302401507,403049,394076,-1.95556,53.44345,3,3,4,07:40,-1,E07000037,3,0,1,0,1,"[9, 19]","[7, 3]","[5, 7]",0,0,0,1,1,0,0,0,0,10,23
2024302401508,2024,302401508,436137,335194,-1.46407,52.91296,3,3,5,14:10,-1,E06000015,3,0,1,0,1,"[19, 4]",4,8,0,0,0,1,1,0,0,0,0,10,24
2024302401509,2024,302401509,433244,334361,-1.50717,52.90566,2,2,3,20:03,-1,E06000015,6,2,9,0,1,"[9, 19]","[1, 7]","[7, 3]",0,0,0,1,1,0,0,0,0,10,22
2024302401510,2024,302401510,428477,350830,-1.5766,53.05397,3,3,4,21:14,-1,E07000032,4,2,1,0,2,19,"[1, 5]","[5, 1]",0,0,0,1,0,0,0,0,0,10,23
2024302401511,2024,302401511,441030,365620,-1.38745,53.1861,3,3,6,08:45,-1,E07000038,4,0,1,0,1,19,"[1, 5]","[5, 1]",0,0,0,1,0,0,0,0,1,10,25
2024302401512,2024,302401512,446878,339756,-1.3037,52.95314,3,3,7,11:54,-1,E07000036,6,0,1,1,1,"[7, 19]","[6, 4]",8,0,0,0,1,0,0,0,0,0,10,26
2024302401513,2024,302401513,434119,336263,-1.49396,52.9227,3,3,7,11:46,-1,E06000015,6,0,1,0,1,"[19, 5]","[5, 6]",2,0,0,0,1,0,1,0,0,0,10,26
2024302401515,2024,302401515,435973,334941,-1.46653,52.9107,3,3,4,04:32,-1,E06000015,3,2,7,2,1,4,2,6,0,1,11,1,0,0,0,0,0,10,23
2024302401516,2024,302401516,446959,342136,-1.30215,52.97453,3,3,1,10:45,-1,E07000036,5,0,2,1,1,"[9, 19, 2]","[7, 5, 0]","[5, 1, 0]",0,0,0,1,0,1,0,0,0,9,22
2024302401517,2024,302401517,433999,324413,-1.49698,52.81619,3,3,1,14:18,-1,E07000039,5,0,2,1,2,19,8,3,0,1,9,1,0,0,0,0,0,9,22
2024302401518,2024,302401518,440703,331667,-1.39661,52.88093,2,2,1,18:53,-1,E07000039,4,0,2,1,2,19,"[8, 3]","[3, 8]",0,0,0,1,0,0,0,0,0,9,22
2024302401519,2024,302401519,445501,381094,-1.31834,53.32482,2,2,1,21:32,-1,E07000038,6,2,2,1,1,9,8,6,0,7,0,1,0,0,0,0,1,9,22
2024302401520,2024,302401520,430389,319382,-1.55101,52.77118,2,2,2,11:39,-1,E07000039,3,0,1,1,1,7,7,1,10,1,7,1,0,0,0,0,0,9,23
2024302401521,2024,302401521,433817,336765,-1.4984,52.92723,3,3,2,07:30,-1,E06000015,3,0,2,1,1,"[9, 19]","[2, 4]",8,0,0,0,1,0,0,0,0,0,9,23
2024302401522,2024,302401522,439048,336687,-1.4206,52.92618,3,3,3,17:32,-1,E06000015,6,0,1,0,1,"[19, 8]","[1, 3]",5,0,0,0,1,0,1,0,0,0,9,24
2024302401523,2024,302401523,405009,380460,-1.92627,53.32104,3,3,7,12:50,-1,E07000037,4,0,1,0,2,"[19, 9]","[6, 3]","[3, 1]",0,"[0, 7]",0,1,1,0,0,0,0,10,26
2024302401524,2024,302401524,400815,394679,-1.9892,53.44887,2,2,1,10:45,-1,E07000037,6,0,1,0,1,"[1, 9]","[6, 8]","[2, 6]",0,0,0,0,0,0,0,1,0,10,27
2024302401525,2024,302401525,406682,393471,-1.90088,53.43798,3,3,2,11:00,-1,E07000037,3,0,2,1,2,19,4,7,0,7,0,0,0,1,0,0,0,10,28
2024302401527,2024,302401527,447262,334707,-1.29872,52.90772,3,3,3,11:10,-1,E07000036,4,0,1,0,2,"[19, 9]","[2, 4]","[6, 2]",0,0,0,1,0,0,0,0,0,10,29
2024302401528,2024,302401528,447394,340465,-1.29591,52.95947,3,3,6,18:30,-1,E07000036,6,2,1,0,1,19,5,1,0,0,0,1,0,0,0,0,0,10,25
2024302401529,2024,302401529,407156,398695,-1.89363,53.48492,3,3,4,20:41,-1,E07000037,4,2,5,1,2,19,2,6,0,8,11,1,0,0,0,0,0,10,9
2024302401532,2024,302401532,443343,379289,-1.35098,53.30878,3,3,6,09:44,-1,E07000038,6,0,1,1,1,"[9, 10, 19]","[1, 7, 5]","[7, 5, 1]",0,0,0,1,0,0,0,0,0,9,27
2024302401534,2024,302401534,433238,334357,-1.50726,52.90563,3,3,6,15:50,-1,E06000015,6,0,1,0,1,"[9, 3]","[1, 3]",7,0,0,0,1,0,0,0,0,1,9,27
2024302401535,2024,302401535,434464,328745,-1.48963,52.8551,3,3,7,13:15,-1,E07000039,3,0,1,0,2,19,7,3,0,0,0,0,0,1,0,0,0,9,28
2024302401536,2024,302401536,437112,347928,-1.44811,53.02736,2,"[3, 2]",7,20:00,-1,E07000032,6,2,8,0,1,"[14, 19, 2]","[5, 1, 0]","[1, 5, 0]",0,0,0,1,0,0,0,0,0,9,28
2024302401537,2024,302401537,420243,344494,-1.69984,52.99739,3,3,6,10:30,-1,E07000035,3,0,1,0,2,"[10, 19]",4,"[2, 8]",0,0,0,1,0,0,0,0,0,10,25
2024302401538,2024,302401538,433359,332807,-1.50562,52.89169,3,3,5,18:40,-1,E06000015,6,2,1,0,1,1,4,6,0,0,0,1,0,0,0,0,1,10,24
2024302401539,2024,302401539,448910,333779,-1.27435,52.89924,3,3,7,14:30,-1,E07000036,6,0,9,0,1,"[99, 19]","[9, 1]","[9, 5]","[99, 0]","[9, 0]","[99, 0]",1,0,0,0,0,0,10,26
2024302401540,2024,302401540,435207,334384,-1.47798,52.90574,3,3,2,16:30,-1,E06000015,6,0,2,1,1,"[3, 1]","[6, 2]","[2, 6]",0,0,0,1,0,0,0,0,0,10,28
2024302401541,2024,302401541,445406,381117,-1.31976,53.32503,3,3,4,18:10,-1,E07000038,4,2,9,0,1,1,7,3,0,0,0,1,0,0,0,0,1,10,30
2024302401542,2024,302401542,433858,334278,-1.49805,52.90488,2,"[3, 2]",2,08:34,-1,E06000015,6,0,1,0,1,"[12, 19]",6,"[8, 2]",0,"[0, 7]","[0, 11]",1,0,0,0,0,0,7,8
2024302401543,2024,302401543,435015,339269,-1.48031,52.94967,3,3,4,17:00,-1,E06000015,3,2,1,0,2,"[3, 5]",5,8,0,0,0,1,0,1,0,0,0,10,30
2024302401544,2024,302401544,433758,337240,-1.49923,52.93151,3,3,4,10:27,-1,E06000015,3,0,1,0,2,"[19, 12]",1,6,0,0,0,1,0,0,1,0,0,10,30
2024302401545,2024,302401545,446371,344341,-1.31059,52.9944,3,3,5,16:30,-1,E07000036,6,0,1,0,1,19,"[4, 2]","[8, 6]",0,0,0,1,1,0,0,0,0,9,19
2024302401546,2024,302401546,429976,354129,-1.55393,53.08355,3,3,7,11:30,-1,E07000035,4,0,1,1,2,"[19, 9]","[6, 4]","[4, 8]",0,0,0,1,0,0,0,0,0,11,2
2024302401547,2024,302401547,439051,332760,-1.42103,52.89088,3,3,7,19:00,-1,E06000015,3,2,2,1,1,19,"[4, 8]","[8, 4]",0,0,0,1,0,0,0,0,0,11,2
2024302401548,2024,302401548,446656,342220,-1.30665,52.97531,2,2,7,19:30,-1,E07000036,3,2,2,1,1,19,4,8,0,0,0,1,0,0,0,0,1,11,2
2024302401549,2024,302401549,439034,363529,-1.41757,53.16745,3,3,6,15:43,-1,E07000038,6,0,1,0,1,19,"[7, 4]","[4, 7]",0,"[1, 0]","[2, 0]",1,0,1,0,0,0,11,1
2024302401550,2024,302401550,436424,335387,-1.45978,52.91468,3,3,2,07:50,-1,E06000015,6,0,1,0,1,9,2,8,0,0,0,1,0,0,0,0,1,10,14
2024302401551,2024,302401551,444269,333281,-1.34341,52.89516,3,3,6,12:03,-1,E07000036,3,0,1,0,1,"[9, 19, 8]","[5, 8, 1]",4,0,0,0,1,0,0,0,0,0,11,1
2024302401552,2024,302401552,435278,335257,-1.47683,52.91359,3,3,7,10:49,-1,E06000015,6,0,1,0,1,4,5,1,0,0,0,1,0,0,0,0,1,9,28
2024302401553,2024,302401553,440639,354723,-1.39468,53.08818,2,2,6,15:10,-1,E07000032,3,0,1,0,2,4,2,6,0,0,0,1,0,0,0,0,0,9,27
2024302401554,2024,302401554,444342,338473,-1.34162,52.94182,3,3,1,19:01,-1,E07000036,6,2,2,1,2,"[19, 9]","[4, 3]",1,0,"[1, 0]","[4, 0]",1,0,0,0,0,0,9,29
2024302401555,2024,302401555,431587,335356,-1.53171,52.9147,3,3,2,16:20,-1,E06000015,6,0,2,1,1,"[9, 19]","[2, 4]",8,0,0,0,1,0,1,0,0,0,9,30
2024302401556,2024,302401556,449892,375899,-1.25323,53.27773,2,2,7,21:15,-1,E07000033,3,2,1,0,2,4,8,4,0,0,0,1,0,0,0,0,1,10,19
2024302401557,2024,302401557,436315,334191,-1.46153,52.90393,3,3,3,23:01,-1,E06000015,3,2,2,1,1,"[19, 7]","[4, 6]",8,0,0,0,1,0,0,0,0,0,10,1