collision_index,collision_year,collision_ref_no,location_easting_osgr,location_northing_osgr,longitude,latitude,casualty_severity,casualty_severity,day_of_week,time,local_authority_district,local_authority_ons_district,first_road_class,light_conditions,weather_conditions,road_surface_conditions,urban_or_rural_area,vehicle_manoeuvre,vehicle_direction_from,vehicle_direction_to,hit_object_in_carriageway,vehicle_leaving_carriageway,hit_object_off_carriageway,is_car,is_cyle,is_mcyle,is_goodsv,is_other,is_pedestrian,month,day
2024302401737,2024,302401737,434630,336108,-1.48638,52.92128,3,3,5,08:51,-1,E06000015,3,0,2,1,1,4,6,2,0,0,0,0,0,0,1,0,0,12,5
2024302401738,2024,302401738,427133,362502,-1.59567,53.15896,1,1,2,17:34,-1,E07000035,4,2,2,1,2,19,6,2,0,0,0,1,0,0,0,0,1,12,9
2024302401739,2024,302401739,438475,323163,-1.43072,52.80465,2,2,6,19:39,-1,E07000039,4,2,2,1,2,"[4, 19]",1,5,0,0,0,1,0,0,0,0,0,10,25
2024302401740,2024,302401740,409638,392854,-1.8564,53.43238,2,2,4,15:12,-1,E07000037,3,0,7,1,2,"[3, 19]",7,3,"[0, 4]","[0, 1]","[0, 10]",1,0,0,0,0,0,11,13
2024302401741,2024,302401741,445493,380552,-1.31853,53.31995,3,3,1,01:00,-1,E07000038,6,2,5,1,1,"[2, 19]","[0, 2]","[0, 5]",0,0,0,1,0,0,0,0,0,12,8
2024302401742,2024,302401742,447833,333074,-1.29047,52.893,2,2,7,00:20,-1,E07000036,4,2,1,0,1,19,1,5,0,0,0,1,0,0,0,0,1,8,31
2024302401743,2024,302401743,443222,374556,-1.35344,53.26624,2,2,5,16:50,-1,E07000034,3,2,1,0,1,"[13, 9]","[3, 7]","[7, 5]",0,0,0,1,0,1,0,0,0,11,21
2024302401744,2024,302401744,447420,340657,-1.2955,52.96119,3,3,3,17:00,-1,E07000036,3,2,1,0,1,19,4,8,0,0,0,1,0,0,0,0,1,11,26
2024302401746,2024,302401746,403012,395753,-1.95611,53.45852,2,2,2,18:13,-1,E07000037,6,2,1,0,2,"[8, 19]","[4, 3]",8,0,0,0,1,1,0,0,0,0,12,9
2024302401747,2024,302401747,428944,377412,-1.56724,53.29288,2,"[3, 2]",6,17:00,-1,E07000038,3,0,7,1,2,19,"[2, 5]","[5, 2]",0,0,0,1,0,0,0,0,0,10,25
2024302401748,2024,302401748,444858,360917,-1.33082,53.14352,3,3,2,18:08,-1,E07000033,1,2,2,1,2,"[19, 12]",1,5,0,"[4, 0]",0,1,0,0,0,0,0,12,9
2024302401749,2024,302401749,400170,385879,-1.99891,53.36978,2,"[3, 2]",6,18:20,-1,E07000037,6,2,2,1,1,9,6,4,0,0,0,1,0,0,0,0,1,12,6
2024302401750,2024,302401750,439041,329478,-1.42157,52.86138,2,2,5,10:40,-1,E07000039,3,0,1,0,2,19,6,2,0,0,0,1,0,0,0,0,0,11,28
2024302401751,2024,302401751,437317,345863,-1.4453,53.00878,3,3,4,20:00,-1,E07000032,3,2,8,-1,2,"[99, 19]",1,5,"[99, 0]","[9, 0]","[99, 0]",1,0,0,0,0,0,12,11
2024302401752,2024,302401752,446405,340525,-1.31063,52.96009,3,3,1,13:49,-1,E07000036,3,0,2,1,1,"[4, 9]",3,"[7, 1]",0,0,0,1,0,0,0,0,0,12,8
2024302401753,2024,302401753,429990,347588,-1.55433,53.02475,1,1,5,09:37,-1,E07000032,4,0,2,1,2,19,8,4,0,2,10,0,0,1,0,0,0,12,12
2024302401754,2024,302401754,439591,369297,-1.40853,53.21926,3,3,5,13:59,-1,E07000034,4,0,1,0,1,"[2, 14]","[0, 1]","[0, 5]",0,0,0,1,0,0,0,0,0,10,3
2024302401761,2024,302401761,429757,314618,-1.56081,52.72839,2,2,4,07:52,-1,E07000039,3,0,2,1,2,"[19, 4]",1,5,0,0,0,1,0,1,0,0,0,11,27
2024302401762,2024,302401762,438196,371310,-1.42918,53.23745,3,3,4,09:55,-1,E07000034,6,0,2,1,1,"[19, 9]","[7, 5]",3,0,0,0,1,0,0,0,0,0,11,27
2024302401763,2024,302401763,431929,319778,-1.52814,52.77465,3,3,1,14:41,-1,E07000039,3,0,1,0,1,19,2,6,0,0,0,0,0,1,0,0,0,10,27
2024302401766,2024,302401766,433923,336715,-1.49683,52.92678,3,3,2,14:00,-1,E06000015,3,0,1,1,1,"[9, 19]","[6, 4]","[4, 8]",0,0,0,1,0,0,0,0,0,10,28
2024302401767,2024,302401767,444497,347111,-1.33812,53.01945,2,"[2, 3]",3,20:45,-1,E07000032,6,2,1,0,1,"[9, 13]",5,"[3, 1]",0,"[0, 7]","[0, 10]",1,0,0,0,0,0,12,10
2024302401768,2024,302401768,429515,353751,-1.56085,53.08017,3,3,1,17:32,-1,E07000035,5,0,1,1,2,19,"[1, 6]","[6, 1]",0,0,0,1,0,0,0,0,0,9,15
2024302401769,2024,302401769,418092,346748,-1.73176,53.01773,3,3,2,09:05,-1,E07000035,3,0,1,0,2,"[19, 7]","[6, 1]",2,0,0,0,1,0,0,0,0,0,12,16
2024302401771,2024,302401771,438360,369881,-1.42689,53.2246,3,3,5,06:45,-1,E07000034,3,2,2,1,1,19,5,1,0,0,0,1,0,0,0,0,1,12,12
2024302401772,2024,302401772,445445,340386,-1.32494,52.95893,3,3,7,04:44,-1,E07000036,3,2,1,0,1,"[19, 2]","[3, 0]","[6, 0]","[4, 0]","[0, 1]",0,1,0,0,0,0,0,10,12
2024302401773,2024,302401773,430874,326836,-1.54312,52.83816,3,3,4,15:30,-1,E07000039,6,0,1,0,2,"[19, 2]","[4, 0]","[8, 0]",0,0,0,1,0,0,0,0,1,11,13
2024302401774,2024,302401774,405318,373413,-1.92174,53.2577,3,3,3,08:50,-1,E07000037,3,0,1,0,1,"[19, 2]","[7, 0]","[3, 0]",0,0,0,1,0,0,0,0,1,12,17
2024302401775,2024,302401775,401404,394937,-1.98033,53.45119,2,2,7,21:07,-1,E07000037,3,2,1,0,1,19,4,8,0,0,0,1,0,0,0,0,1,12,14
2024302401778,2024,302401778,442935,348945,-1.36116,53.03607,3,3,1,01:17,-1,E07000032,3,2,1,1,2,19,5,1,0,1,11,1,0,0,0,0,0,12,22
2024302401783,2024,302401783,429846,338551,-1.55731,52.94352,3,3,2,16:00,-1,E07000032,3,2,2,1,2,19,4,7,0,8,4,1,0,0,0,0,0,12,23
2024302401784,2024,302401784,430987,334781,-1.54069,52.90957,3,3,6,15:15,-1,E06000015,6,0,1,1,1,"[4, 19]",6,"[8, 2]",0,"[0, 9]",0,1,0,1,0,0,0,12,20
2024302401785,2024,302401785,430280,326896,-1.55193,52.83873,3,3,6,18:15,-1,E07000039,4,2,2,1,2,"[19, 3]",2,6,0,0,0,1,0,0,0,0,0,12,20
2024302401786,2024,302401786,439582,369319,-1.40866,53.21946,3,3,6,07:30,-1,E07000034,6,2,1,0,1,9,1,7,0,0,0,1,0,0,0,0,1,12,20
2024302401787,2024,302401787,448779,333911,-1.27628,52.90043,3,3,2,18:15,-1,E07000036,3,2,1,0,1,"[9, 19]","[8, 4]","[5, 8]",0,0,0,1,1,0,0,0,0,12,16
2024302401788,2024,302401788,407814,378882,-1.8842,53.30683,2,2,2,21:27,-1,E07000037,3,2,3,2,2,19,6,2,0,1,11,1,0,0,0,0,0,11,18
2024302401791,2024,302401791,437792,344463,-1.43838,52.99617,3,3,6,12:45,-1,E07000032,5,0,1,0,2,"[19, 6]",7,"[3, 7]",0,0,0,1,0,0,0,0,0,12,27
2024302401793,2024,302401793,424733,318911,-1.63488,52.76723,3,3,2,16:02,-1,E07000039,6,0,2,1,2,19,"[8, 2, 6]","[4, 6, 2]",0,"[1, 0]",0,1,0,0,0,0,0,10,28
2024302401794,2024,302401794,430737,332236,-1.54464,52.88671,3,3,2,16:27,-1,E07000039,3,2,1,1,2,19,1,5,0,0,0,1,0,0,0,0,0,10,28
2024302401795,2024,302401795,428077,374186,-1.58053,53.26393,2,2,2,11:44,-1,E07000038,3,0,1,0,2,19,6,2,0,1,1,1,0,0,0,0,0,10,28
2024302401796,2024,302401796,436668,332101,-1.45652,52.88512,3,3,3,12:13,-1,E06000015,6,0,1,0,2,"[9, 7]",3,1,0,0,0,1,0,0,0,0,0,10,29
2024302401799,2024,302401799,400331,386330,-1.99649,53.37383,2,2,1,15:18,-1,E07000037,6,0,1,0,1,5,8,4,0,1,0,1,0,0,0,0,1,10,20
2024302401800,2024,302401800,437947,379466,-1.43194,53.31078,3,3,2,11:10,-1,E07000038,4,0,1,0,2,"[19, 7]","[4, 6]",8,0,0,0,1,0,0,0,0,0,11,25
2024302401802,2024,302401802,442290,341886,-1.3717,52.97267,2,"[2, 3]",4,14:00,-1,E07000036,3,0,1,0,1,19,"[3, 7]","[7, 3]",0,"[0, 1]",0,1,0,0,0,0,0,10,30
2024302500004,2024,302500004,435058,334788,-1.48016,52.90938,2,2,4,20:35,-1,E06000015,6,2,1,0,1,19,1,5,0,0,0,0,0,0,0,0,1,12,18
2024302500011,2024,302500011,432911,336323,-1.51192,52.92332,3,3,4,15:35,-1,E06000015,3,0,1,0,2,19,1,5,0,0,0,1,0,0,1,0,0,10,30
2024302500013,2024,302500013,432918,337664,-1.51168,52.93537,3,3,1,14:30,-1,E06000015,6,0,2,1,2,19,"[1, 6]","[6, 1]",0,"[1, 0]","[11, 0]",1,0,0,0,0,0,9,22
2024302500015,2024,302500015,419321,370269,-1.71203,53.22911,3,3,2,08:40,-1,E07000035,4,0,1,0,2,19,"[4, 8]","[8, 4]",0,0,0,1,0,0,1,0,0,12,30
2024302500020,2024,302500020,436009,334896,-1.466,52.91029,2,2,4,15:00,-1,E06000015,3,0,1,-1,1,19,4,8,0,0,0,1,0,0,0,0,1,12,11
2024302500022,2024,302500022,437820,333355,-1.43926,52.89632,2,2,4,17:15,-1,E06000015,6,2,2,1,1,7,2,8,0,0,0,1,0,0,0,0,1,12,18
2024302500026,2024,302500026,429337,360385,-1.5629,53.13981,3,3,3,17:50,-1,E07000035,3,2,2,1,2,"[3, 19]",5,1,0,0,0,1,0,0,0,0,0,12,31
2024302500030,2024,302500030,432094,335341,-1.52417,52.91454,3,3,1,15:10,-1,E06000015,3,0,8,1,2,19,5,2,0,1,0,1,0,0,0,0,0,10,20
2024302500032,2024,302500032,434796,336690,-1.48385,52.9265,3,3,5,15:18,-1,E06000015,6,0,1,0,1,19,"[4, 2]","[2, 4]",0,0,0,1,0,0,0,0,0,10,24
2024302500038,2024,302500038,444631,370650,-1.33286,53.23102,2,"[3, 2]",4,06:00,-1,E07000038,1,0,1,0,2,"[13, 19]","[5, 1]","[1, 5]",0,0,0,1,0,0,1,0,0,7,24
2024302500039,2024,302500039,418234,346707,-1.72965,53.01736,3,3,5,09:50,-1,E07000035,3,0,1,1,2,19,5,1,12,0,0,1,0,0,0,0,1,11,21
2024302500041,2024,302500041,430219,319397,-1.55353,52.77133,3,3,4,23:56,-1,E07000039,6,2,1,0,1,19,1,4,0,0,0,1,0,0,0,0,1,11,20
2024302500042,2024,302500042,433417,334432,-1.50459,52.90629,3,3,6,09:52,-1,E06000015,6,0,1,0,1,9,4,2,0,0,0,1,0,0,0,0,1,11,22
2024302500043,2024,302500043,438467,346858,-1.42804,53.01765,3,3,4,15:05,-1,E07000032,4,0,8,2,2,"[2, -1]","[0, 2]","[0, 6]","[0, 4]","[1, 0]",0,1,0,0,0,0,0,11,20
2024302500044,2024,302500044,442711,330140,-1.36698,52.86705,3,3,6,08:15,-1,E07000039,3,0,1,2,2,"[19, 4]",8,4,0,0,0,1,0,0,0,0,0,11,22
2024302500061,2024,302500061,448849,369764,-1.26981,53.22269,2,2,6,12:18,-1,E07000033,4,0,2,1,2,"[9, 19]","[1, 5]","[7, 1]",0,"[0, 1]",0,1,0,0,0,0,0,11,22
2024302500062,2024,302500062,420607,333734,-1.69509,52.90066,3,3,6,15:00,-1,E07000039,6,0,1,0,2,19,5,1,0,7,99,1,0,0,0,0,0,11,22
2024302500063,2024,302500063,434849,335926,-1.48314,52.91963,3,3,6,20:30,-1,E06000015,3,2,1,2,1,"[10, 9]","[4, 8]","[1, 5]",0,0,0,1,0,0,0,0,0,11,22
2024302500064,2024,302500064,447593,333839,-1.29392,52.89989,2,2,7,14:00,-1,E07000036,3,0,2,1,1,19,"[6, 5]","[2, 1]",0,0,0,1,1,0,0,0,0,11,23
2024302500066,2024,302500066,436257,336606,-1.46213,52.92565,3,3,7,23:20,-1,E06000015,3,2,1,1,1,19,"[6, 8]",3,0,0,0,1,0,0,0,0,0,11,23
2024302500068,2024,302500068,437419,331478,-1.44543,52.87947,2,2,7,07:15,-1,E06000015,3,2,2,1,1,9,7,5,0,0,0,1,0,0,0,0,1,11,23
2024302500071,2024,302500071,435721,334582,-1.47032,52.90749,3,3,1,12:30,-1,E06000015,6,0,2,1,1,"[5, 19]",6,2,0,0,0,1,0,1,0,0,0,11,24
2024302500073,2024,302500073,438640,372202,-1.42242,53.24544,2,2,2,01:15,-1,E07000034,6,2,2,1,1,9,7,6,0,1,11,1,0,0,0,0,0,11,25
2024302500079,2024,302500079,438287,370862,-1.42787,53.23342,3,3,2,14:05,-1,E07000034,3,0,1,0,1,"[19, 13]","[3, 2, 7]","[7, 3]",0,0,0,1,0,1,0,0,0,11,25
2024302500086,2024,302500086,417808,331968,-1.7368,52.88488,3,3,3,17:45,-1,E07000039,3,2,1,0,2,"[4, 19]",3,7,0,0,0,1,0,0,0,0,0,11,26
2024302500087,2024,302500087,435611,333321,-1.47209,52.89616,3,3,3,15:11,-1,E06000015,3,0,1,0,1,"[19, 5]","[3, 5]","[8, 1]",0,0,0,1,0,0,0,0,0,11,26
2024302500088,2024,302500088,434849,335906,-1.48314,52.91945,3,3,3,22:00,-1,E06000015,3,2,1,0,1,19,"[1, 7]","[5, 3]",0,0,0,1,1,0,0,0,0,11,26
2024302500090,2024,302500090,430836,321290,-1.5442,52.78831,3,3,4,16:50,-1,E07000039,6,2,1,1,1,"[19, 9]","[2, 6]","[6, 3]",0,0,0,1,0,0,0,0,0,11,27
2024302500093,2024,302500093,432505,336210,-1.51797,52.92233,3,3,3,15:00,-1,E06000015,6,0,1,0,1,"[19, 99, 2]","[4, 9, 0]","[8, 9, 0]",0,0,0,1,1,0,1,0,0,11,26
2024302500094,2024,302500094,438002,326201,-1.43738,52.832,2,"[2, 3]",4,06:45,-1,E07000039,4,2,2,1,2,"[7, 19]","[3, 7]",5,0,0,0,1,0,0,0,0,0,11,27
2024302500096,2024,302500096,435688,336045,-1.47065,52.92064,2,2,5,17:55,-1,E06000015,3,2,8,1,1,"[9, 19]","[8, 3]","[5, 7]",0,0,0,1,1,0,0,0,0,11,28
2024302500099,2024,302500099,438729,367763,-1.42162,53.20553,3,3,1,20:45,-1,E07000038,3,2,1,1,1,19,4,8,7,1,0,0,0,1,0,0,0,12,29
2024302500101,2024,302500101,439240,378483,-1.41265,53.30185,2,"[3, 2]",6,15:29,-1,E07000038,4,2,1,0,2,"[19, 9]","[2, 5]","[6, 2]",0,0,0,1,0,0,0,0,0,11,29
2024302500102,2024,302500102,443424,360364,-1.35233,53.13867,2,2,5,15:30,-1,E07000033,6,0,8,0,2,"[19, 2]","[6, 0]","[2, 0]",0,0,0,1,0,0,0,0,1,11,28
2024302500105,2024,302500105,440046,349111,-1.40423,53.03778,2,2,7,01:45,-1,E07000032,4,2,1,1,1,19,1,5,0,1,11,1,0,0,0,0,0,11,30
2024302500106,2024,302500106,429783,314442,-1.56044,52.72681,3,3,7,18:00,-1,E07000039,3,2,2,1,2,"[19, 13]","[5, 1]","[1, 5]",0,"[0, 1, 7]","[0, 4]",1,0,0,0,0,0,11,30
2024302500108,2024,302500108,437474,333088,-1.44443,52.89394,2,2,1,17:27,-1,E06000015,6,2,1,0,1,"[4, 9]","[1, 5]","[5, 3]",0,0,0,1,0,0,0,0,0,12,1
2024302500110,2024,302500110,429985,320970,-1.55685,52.78548,3,3,2,15:30,-1,E07000039,6,2,2,1,1,19,5,1,0,1,4,1,0,0,0,0,0,12,2
2024302500122,2024,302500122,428634,318931,-1.57706,52.76722,3,3,2,13:34,-1,E07000039,6,0,2,1,1,"[13, 9, 19]","[2, 8]",6,0,0,0,1,0,1,0,0,0,12,2
2024302500124,2024,302500124,447808,368302,-1.28562,53.20964,3,3,2,17:06,-1,E07000033,6,2,1,0,2,19,"[7, 1]","[3, 5]",0,0,0,1,0,0,0,0,0,12,2
2024302500126,2024,302500126,432185,319796,-1.52435,52.7748,2,2,6,14:30,-1,E07000039,6,0,1,0,1,"[7, 19]","[6, 4]",8,0,0,0,1,0,1,0,0,0,11,29
2024302500127,2024,302500127,451299,366480,-1.23365,53.19294,3,3,1,14:50,-1,E07000033,4,0,1,0,2,19,5,1,0,0,0,1,0,0,0,0,0,10,20
2024302500130,2024,302500130,449150,376047,-1.26434,53.27913,3,3,3,06:50,-1,E07000033,3,2,1,1,2,"[19, 9]","[1, 5]","[5, 3]",0,0,0,1,0,0,0,0,0,12,3
2024302500132,2024,302500132,423818,346977,-1.64639,53.01957,2,2,5,17:35,-1,E07000035,3,2,1,1,2,19,"[7, 3]","[3, 7]",0,1,0,1,0,0,0,0,0,12,5
2024302500133,2024,302500133,432473,335792,-1.51849,52.91857,3,3,6,14:05,-1,E06000015,3,0,1,0,2,4,6,2,0,0,0,1,0,0,0,0,0,12,6
2024302500134,2024,302500134,442556,346137,-1.36719,53.01086,2,2,3,14:00,-1,E07000032,6,0,1,0,1,9,2,1,0,0,0,1,0,0,0,0,1,12,3
2024302500137,2024,302500137,446633,381660,-1.30126,53.32981,2,2,3,14:18,-1,E07000038,3,0,1,0,1,9,2,7,0,0,0,1,0,0,0,0,1,12,3
2024302500139,2024,302500139,423012,361478,-1.65737,53.14995,2,"[3, 2]",6,23:15,-1,E07000035,4,2,2,1,2,19,1,3,0,8,4,1,0,0,0,0,0,12,6
2024302500141,2024,302500141,407158,398699,-1.8936,53.48496,3,3,6,22:10,-1,E07000037,4,2,5,1,2,19,"[2, 5]","[5, 2]",0,"[7, 0]","[10, 0]",1,0,0,0,0,0,12,6
2024302500142,2024,302500142,433042,333353,-1.51028,52.89661,2,2,6,15:30,-1,E06000015,6,0,2,1,1,"[9, 19]","[1, 5]","[6, 1]",0,0,0,1,1,0,0,0,0,12,6
2024302500143,2024,302500143,432771,328806,-1.51476,52.85576,3,3,5,07:50,-1,E07000039,3,0,1,1,2,"[19, 9]","[7, 1]","[4, 7]",0,0,0,1,0,0,0,0,0,12,5
2024302500146,2024,302500146,433113,334372,-1.50912,52.90577,3,3,2,07:42,-1,E06000015,6,0,8,1,1,"[19, 7]","[3, 5]",7,0,0,0,1,0,1,0,0,0,12,9
2024302500150,2024,302500150,437317,364298,-1.44316,53.17449,3,3,4,14:49,-1,E07000038,6,0,8,2,2,19,"[2, 7]","[7, 2]",0,0,0,1,0,0,0,1,0,11,20
2024302500151,2024,302500151,434890,334397,-1.4827,52.90588,2,2,7,22:25,-1,E06000015,6,0,1,0,1,"[19, 2]","[6, 0]","[2, 0]",0,0,0,1,0,0,0,0,0,11,16
2024302500155,2024,302500155,441898,375481,-1.37317,53.27466,2,2,1,13:34,-1,E07000034,6,0,2,1,1,19,8,4,0,0,0,1,0,0,0,0,1,11,17
2024302500159,2024,302500159,438109,369755,-1.43066,53.22348,3,3,2,15:45,-1,E07000034,6,0,1,1,1,19,7,3,0,0,0,1,0,0,0,0,1,11,25
2024302500160,2024,302500160,446648,341394,-1.30689,52.96788,3,3,3,07:57,-1,E07000036,3,0,1,0,1,19,1,4,0,0,0,1,1,0,0,0,0,11,26
2024302500162,2024,302500162,444923,373224,-1.32812,53.25413,3,3,3,14:20,-1,E07000034,3,0,2,1,2,"[10, 19, 9]","[3, 8, 4]","[8, 4, 3]",0,0,0,1,0,0,0,0,0,10,1
2024302500171,2024,302500171,428430,352577,-1.57715,53.06968,3,3,4,08:11,-1,E07000035,4,0,1,1,2,19,1,5,0,0,0,0,0,1,0,0,0,12,11
2024302500173,2024,302500173,432172,334762,-1.52307,52.90933,3,3,4,17:17,-1,E06000015,4,0,1,0,1,"[19, 2]","[1, 0]","[5, 0]",0,0,0,1,0,0,0,0,0,12,11
2024302500174,2024,302500174,400076,385858,-2.00032,53.36959,3,3,4,17:34,-1,E07000037,6,2,1,0,1,"[9, 19]","[2, 6]","[7, 2]",0,0,0,1,1,0,0,0,0,12,11
2024302500175,2024,302500175,438382,369644,-1.42659,53.22247,3,3,5,14:14,-1,E07000034,3,0,4,2,1,19,1,5,0,0,0,1,0,0,0,0,0,12,12
2024302500176,2024,302500176,451414,367298,-1.2318,53.20028,3,3,5,12:15,-1,E07000033,6,0,2,1,2,"[9, 19]","[7, 1]",5,0,"[0, 1]",0,1,0,0,0,0,0,12,12
2024302500180,2024,302500180,435319,335631,-1.47618,52.91695,3,3,5,18:50,-1,E06000015,3,2,5,1,1,19,4,8,0,0,0,1,0,0,0,0,1,12,12
2024302500181,2024,302500181,436883,342631,-1.45213,52.97976,3,3,1,10:30,-1,E07000036,4,0,1,1,2,19,5,2,0,1,4,1,0,0,0,0,0,11,3
2024302500182,2024,302500182,431371,336695,-1.53479,52.92675,3,3,5,17:53,-1,E06000015,6,2,1,0,1,19,2,6,0,0,0,1,0,0,0,0,1,12,12
2024302500183,2024,302500183,429637,366622,-1.55784,53.19586,3,3,2,16:30,-1,E07000035,6,2,1,0,2,19,"[3, 7]","[7, 3]",0,0,0,1,0,0,0,1,0,11,11
2024302500185,2024,302500185,437214,334549,-1.44813,52.90709,2,2,4,06:50,-1,E06000015,3,0,1,-1,2,5,1,5,0,0,0,1,0,1,0,0,0,12,11
2024302500187,2024,302500187,418943,375757,-1.71737,53.27846,3,3,5,03:04,-1,E07000035,3,2,1,0,2,19,2,7,0,0,0,1,0,0,0,0,0,12,12
2024302500189,2024,302500189,435147,335099,-1.4788,52.91217,3,3,6,14:10,-1,E06000015,6,0,1,0,1,19,3,7,0,0,0,1,0,0,0,0,1,12,13
2024302500191,2024,302500191,424255,316821,-1.64211,52.74847,2,2,3,17:10,-1,E07000039,6,2,2,1,2,"[3, 19]",5,1,0,0,0,1,0,0,0,0,0,12,24
2024302500193,2024,302500193,435274,335647,-1.47685,52.91709,3,3,2,20:46,-1,E06000015,3,2,1,0,1,"[4, 19]","[4, 5]",8,0,0,0,1,0,0,0,0,0,12,2
2024302500194,2024,302500194,427733,334904,-1.58906,52.91085,3,3,6,16:25,-1,E07000039,5,2,8,1,2,19,"[3, 5]","[7, 1]",0,0,0,1,0,0,0,0,0,12,13
2024302500196,2024,302500196,437835,371867,-1.43452,53.24249,2,2,6,21:50,-1,E07000034,4,2,1,1,1,"[19, 9]","[4, 6]","[8, 4]",0,0,0,1,0,0,0,0,0,12,13
2024302500206,2024,302500206,439980,350598,-1.40503,53.05115,3,3,5,14:00,-1,E07000032,4,0,2,1,1,"[9, 19, 2]","[5, 6, 0]","[2, 0]",0,0,0,1,0,0,0,0,0,12,5
2024302500207,2024,302500207,401606,379138,-1.97736,53.30918,3,3,7,05:26,-1,E07000037,3,2,2,1,2,"[2, 19]","[0, 8]","[0, 5]",0,"[0, 1]","[0, 10]",1,0,0,0,0,0,12,14
2024302500208,2024,302500208,435212,329671,-1.47842,52.86338,3,3,7,07:20,-1,E07000039,3,2,1,0,2,"[19, 2]","[7, 0]","[3, 0]",0,0,0,1,0,0,0,0,0,12,14
2024302500209,2024,302500209,403849,370863,-1.94379,53.23479,3,3,7,23:53,-1,E07000037,3,2,7,1,2,19,8,4,0,1,0,1,0,0,0,0,0,12,14
2024302500210,2024,302500210,444793,348201,-1.33356,53.02923,3,3,4,07:45,-1,E07000032,3,2,1,0,1,"[4, 14, 2]","[7, 3, 0]","[3, 7, 0]",0,0,0,1,0,0,1,0,0,12,18
2024302500213,2024,302500213,438499,368314,-1.425,53.2105,3,3,4,16:53,-1,E07000038,3,2,2,1,1,"[4, 19]",8,4,0,0,0,1,0,0,0,0,0,12,18
2024302500215,2024,302500215,437834,369787,-1.43478,53.22379,3,3,4,22:01,-1,E07000034,6,2,2,1,1,"[9, 19]","[1, 3]",7,0,0,0,1,0,0,0,0,0,12,18
2024302500216,2024,302500216,447641,376413,-1.28691,53.28256,2,2,2,06:25,-1,E07000033,3,2,1,1,2,19,8,7,0,0,0,0,1,1,0,0,0,11,18
2024302500217,2024,302500217,435369,369514,-1.47173,53.22151,2,2,2,09:40,-1,E07000034,6,0,1,2,1,"[19, 2]","[4, 0]","[7, 0]",0,"[1, 0]","[11, 0]",1,0,0,0,0,0,11,18
2024302500222,2024,302500222,447127,377223,-1.2945,53.28988,3,3,3,09:13,-1,E07000033,1,0,1,0,2,"[11, 12]",1,5,0,0,0,1,0,0,0,0,0,12,31
2024302500223,2024,302500223,428352,346468,-1.57885,53.01477,3,3,1,22:18,-1,E07000035,3,2,7,1,2,"[19, 9]","[7, 2]","[3, 7]",0,"[0, 7]",0,1,0,0,0,0,0,12,29
2024302500224,2024,302500224,435195,334063,-1.4782,52.90286,2,2,7,22:10,-1,E06000015,6,2,1,1,1,"[9, 13]",1,"[7, 5]",0,0,0,1,0,0,0,0,0,12,28
2024302500225,2024,302500225,446815,342782,-1.3042,52.98035,3,3,5,12:03,-1,E07000036,6,0,1,0,1,1,5,1,0,0,0,1,0,0,0,0,1,12,19
2024302500226,2024,302500226,420747,315206,-1.69418,52.7341,2,2,5,15:58,-1,E07000039,5,2,1,1,2,13,6,2,0,0,0,1,0,0,0,0,1,12,19
2024302500229,2024,302500229,441993,354418,-1.3745,53.08534,3,3,5,16:55,-1,E07000032,4,2,1,0,1,"[14, 9]",8,"[4, 6]",0,0,0,1,0,1,0,0,0,12,19
2024302500230,2024,302500230,428692,376768,-1.57108,53.28711,3,3,5,08:00,-1,E07000038,3,0,1,0,2,19,6,2,0,1,4,1,0,0,0,0,0,12,19
2024302500231,2024,302500231,435154,335698,-1.47863,52.91756,3,3,7,20:56,-1,E06000015,3,2,1,0,1,19,"[4, 6]",8,0,0,0,1,0,0,0,0,0,12,28
2024302500237,2024,302500237,438309,374524,-1.4271,53.26633,3,3,6,13:40,-1,E07000034,4,0,1,0,1,5,"[8, 1]",5,0,0,0,1,0,1,0,0,0,11,29
2024302500238,2024,302500238,429009,366530,-1.56725,53.19507,3,3,5,23:10,-1,E07000035,6,2,1,1,2,19,3,7,0,1,0,1,0,0,0,0,0,12,19
2024302500239,2024,302500239,435205,334063,-1.47805,52.90286,2,2,6,14:00,-1,E06000015,6,0,1,0,1,19,5,3,0,0,0,1,0,0,0,0,1,12,20
2024302500240,2024,302500240,431645,366734,-1.52778,53.19675,3,3,5,23:30,-1,E07000038,4,2,3,2,2,19,6,3,0,1,4,1,0,0,0,0,0,11,21
2024302500241,2024,302500241,438908,372333,-1.41838,53.2466,3,3,6,12:55,-1,E07000034,4,0,8,2,2,19,5,3,0,1,11,1,0,0,0,0,0,11,22
2024302500257,2024,302500257,437626,344892,-1.4408,53.00003,3,3,6,08:40,-1,E07000032,6,0,1,0,2,19,"[3, 7]","[7, 3]",0,0,0,1,0,0,0,0,0,11,29
2024302500258,2024,302500258,432020,333586,-1.52545,52.89877,2,2,5,07:28,-1,E06000015,6,0,1,1,1,19,2,6,0,0,0,1,0,0,0,0,1,12,12
2024302500260,2024,302500260,446627,340694,-1.3073,52.96159,3,3,5,16:50,-1,E07000036,3,2,7,0,1,19,5,1,0,0,0,1,0,0,0,0,1,12,26
2024302500261,2024,302500261,438399,372894,-1.42594,53.25168,3,3,3,13:35,-1,E07000034,6,0,1,1,1,9,1,7,0,0,0,1,0,0,0,0,1,12,3