collision_index,collision_year,collision_ref_no,location_easting_osgr,location_northing_osgr,longitude,latitude,casualty_severity,casualty_severity,day_of_week,time,local_authority_district,local_authority_ons_district,first_road_class,light_conditions,weather_conditions,road_surface_conditions,urban_or_rural_area,vehicle_manoeuvre,vehicle_direction_from,vehicle_direction_to,hit_object_in_carriageway,vehicle_leaving_carriageway,hit_object_off_carriageway,is_car,is_cyle,is_mcyle,is_goodsv,is_other,is_pedestrian,month,day
2024302500268,2024,302500268,419449,382791,-1.70935,53.34166,3,3,3,22:27,-1,E07000037,3,2,5,1,2,"[19, 9]","[7, 1]","[3, 7]",0,0,0,1,0,1,0,0,0,12,31
2024302500269,2024,302500269,416590,360253,-1.75346,53.13917,2,"[3, 2]",6,21:42,-1,E07000035,3,2,7,1,2,"[9, 19]","[3, 8]","[1, 5]",0,"[3, 0]","[11, 0]",1,0,0,0,0,0,12,27
2024302500270,2024,302500270,429788,367731,-1.55548,53.20582,2,2,6,12:36,-1,E07000035,5,0,1,0,2,"[19, 9]",6,"[2, 4]",0,0,0,1,0,1,0,0,0,12,27
2024302500271,2024,302500271,430366,360197,-1.54754,53.13807,3,3,5,14:10,-1,E07000035,3,0,1,0,1,19,8,4,0,1,2,1,0,0,0,0,0,12,26
2024302500272,2024,302500272,436450,339993,-1.45888,52.95608,3,3,4,02:25,-1,E07000036,3,2,1,1,2,19,2,7,0,1,1,1,0,0,0,0,0,12,25
2024302500273,2024,302500273,448472,365924,-1.27604,53.18821,3,3,4,01:45,-1,E07000033,3,2,1,0,2,19,7,4,0,1,11,1,0,0,0,0,0,12,25
2024302500274,2024,302500274,420571,350033,-1.6946,53.04717,3,3,6,03:01,-1,E07000035,4,2,7,1,2,19,7,2,0,1,4,1,0,0,0,0,0,12,27
2024302500275,2024,302500275,401026,375994,-1.98607,53.28092,3,3,1,08:02,-1,E07000037,6,0,3,2,2,19,7,4,0,1,11,1,0,0,0,0,0,12,22
2024302500278,2024,302500278,442411,354789,-1.36821,53.08864,3,3,5,07:46,-1,E07000032,6,0,1,1,1,"[9, 19]","[3, 7]","[1, 3]",0,0,0,1,0,1,0,0,0,12,19
2024302500280,2024,302500280,436540,344173,-1.45707,52.99365,3,3,6,14:50,-1,E07000032,5,0,4,0,2,"[2, 19]","[0, 4]","[0, 1]","[0, 4]",0,0,1,0,0,0,0,1,12,20
2024302500281,2024,302500281,434644,374378,-1.48206,53.26527,3,3,1,05:20,-1,E07000038,4,2,3,2,2,19,5,8,0,1,10,1,0,0,0,0,0,12,22
2024302500283,2024,302500283,411278,367641,-1.83261,53.20572,3,3,6,17:45,-1,E07000037,3,2,2,1,2,19,"[3, 7]","[7, 3]",0,0,0,1,0,0,0,0,0,12,27
2024302500298,2024,302500298,444324,367265,-1.33793,53.20062,3,3,1,14:50,-1,E07000038,3,0,1,0,2,"[19, 13]",3,7,0,"[1, 0]",0,1,0,0,0,0,0,9,15
2024302500393,2024,302500393,436129,335864,-1.46411,52.91899,3,3,7,23:15,-1,E06000015,4,2,1,0,1,"[4, 19]",1,5,0,0,0,1,0,0,0,0,0,11,30
2024302500394,2024,302500394,440367,370012,-1.39681,53.22563,3,3,2,18:20,-1,E07000038,5,2,3,2,1,"[19, 9]","[2, 8]",6,0,0,0,1,0,0,0,0,0,11,18
2024311393888,2024,311393888,457714,340337,-1.14232,52.95731,3,3,3,11:15,-1,E06000018,6,0,2,1,1,4,6,2,0,0,0,0,0,1,0,0,0,1,2
2024311393980,2024,311393980,465092,327299,-1.03512,52.83928,3,3,3,10:13,-1,E07000176,3,0,5,1,2,19,1,5,0,0,0,1,0,0,0,0,0,1,2
2024311394054,2024,311394054,444912,352288,-1.33122,53.06595,3,3,3,16:00,-1,E07000170,4,2,2,1,2,4,6,2,0,0,0,1,0,0,0,0,0,1,2
2024311394099,2024,311394099,473942,339194,-0.90106,52.94505,3,3,3,18:52,-1,E07000176,3,2,2,1,2,19,3,7,0,0,0,1,0,0,0,0,0,1,2
2024311394343,2024,311394343,454568,334420,-1.19014,52.90445,3,3,3,16:40,-1,E06000018,3,2,2,1,1,9,5,4,0,0,0,1,0,0,0,0,0,1,2
2024311394545,2024,311394545,464951,391086,-1.02432,53.4126,3,3,2,19:50,-1,E07000171,3,2,5,1,2,19,"[1, 5]","[5, 1]",0,"[0, 7]",0,1,0,0,0,0,0,1,1
2024311394885,2024,311394885,454008,346085,-1.19653,53.00936,2,2,5,17:00,-1,E06000018,3,2,1,1,1,"[9, 13]","[2, 7]","[7, 3]",0,0,0,1,0,1,0,0,0,1,4
2024311394906,2024,311394906,462084,341846,-1.07699,52.97039,2,2,5,19:21,-1,E07000173,4,2,1,1,1,"[19, 9]","[2, 6]","[6, 2]",0,0,0,1,0,1,0,0,0,1,4
2024311394921,2024,311394921,446606,357301,-1.30522,53.11087,3,3,5,18:03,-1,E07000170,3,2,1,0,2,4,7,3,0,0,0,1,0,0,0,0,0,1,4
2024311394934,2024,311394934,473971,371087,-0.8933,53.23168,2,2,5,16:46,-1,E07000171,3,2,8,0,2,19,1,4,0,0,0,1,0,0,0,0,1,1,4
2024311395097,2024,311395097,449053,358900,-1.26842,53.12502,3,3,5,15:45,-1,E07000170,6,0,1,1,1,7,6,2,0,0,0,1,0,0,0,0,1,1,4
2024311395163,2024,311395163,450114,359627,-1.25245,53.13146,3,3,4,14:30,-1,E07000170,4,2,2,1,1,19,3,5,0,"[1, 0]",0,1,0,1,0,0,0,1,3
2024311395165,2024,311395165,459453,356344,-1.1135,53.10099,3,3,5,08:30,-1,E07000175,6,2,2,1,2,"[5, 19]","[7, 2]","[3, 6]",0,0,0,1,1,0,0,0,0,1,4
2024311395195,2024,311395195,456858,368150,-1.15016,53.20739,3,3,6,13:23,-1,E07000174,6,0,1,1,2,19,8,5,0,0,0,1,1,0,0,0,0,1,5
2024311395316,2024,311395316,451464,342865,-1.23495,52.98067,3,3,7,02:23,-1,E06000018,3,2,1,1,2,"[19, 13, 15]","[5, 1]","[1, 5]",0,"[0, 1]",0,1,0,0,0,0,0,1,6
2024311395407,2024,311395407,449061,356980,-1.26859,53.10776,3,3,6,15:00,-1,E07000170,4,0,1,1,1,5,1,5,0,0,0,1,0,0,0,0,1,1,5
2024311395427,2024,311395427,459484,335609,-1.11685,52.91462,3,3,4,12:00,-1,E07000176,6,0,2,1,1,5,7,3,0,0,0,0,0,0,1,0,0,1,3
2024311395482,2024,311395482,479452,359558,-0.81407,53.12728,3,3,7,17:37,-1,E07000175,3,2,1,0,2,"[7, 5]",5,1,0,1,0,1,0,0,0,0,0,1,6
2024311395500,2024,311395500,451900,359142,-1.22584,53.12693,2,"[3, 2]",7,20:56,-1,E07000170,3,2,1,0,2,"[19, 9]","[6, 2]","[2, 8]",0,0,0,1,0,0,0,0,0,1,6
2024311395726,2024,311395726,454609,346758,-1.18746,53.01535,3,3,4,21:27,-1,E06000018,3,2,1,1,1,"[19, 12]","[1, 2]","[1, 5]",0,0,0,1,0,0,0,0,0,1,3
2024311395838,2024,311395838,454239,345632,-1.19316,53.00526,3,3,2,08:40,-1,E06000018,6,0,1,0,1,19,3,7,0,0,0,1,0,0,0,0,1,1,8
2024311396543,2024,311396543,455511,339897,-1.17519,52.95359,3,3,7,16:56,-1,E06000018,3,0,1,0,1,19,1,5,0,0,0,1,0,0,0,0,0,1,6
2024311396619,2024,311396619,456282,367860,-1.15883,53.20484,3,3,7,16:00,-1,E07000174,6,2,1,0,2,19,6,2,0,0,0,1,1,0,0,0,0,1,6
2024311396630,2024,311396630,459472,343787,-1.11553,52.98813,3,3,4,07:48,-1,E07000173,6,0,1,1,1,"[9, 13]","[2, 6]","[6, 2]",0,0,0,1,0,1,0,0,0,1,10
2024311396702,2024,311396702,454882,334102,-1.18553,52.90156,3,3,4,08:34,-1,E06000018,6,0,8,2,1,2,"[4, 8]","[8, 4]",0,0,0,1,0,0,0,0,0,1,10
2024311396783,2024,311396783,457022,339543,-1.15276,52.95025,2,2,4,11:55,-1,E06000018,6,0,1,0,1,4,1,5,0,0,0,0,0,0,0,0,1,1,10
2024311396859,2024,311396859,462077,390229,-1.06772,53.40524,3,3,4,08:15,-1,E07000171,3,0,1,1,2,19,"[1, 5]","[5, 1]",0,0,0,1,0,0,0,0,0,1,10
2024311396938,2024,311396938,460771,382715,-1.0888,53.33786,3,3,4,16:10,-1,E07000171,6,2,1,1,2,"[10, 19]","[1, 4]",2,0,0,0,1,0,1,0,0,0,1,10
2024311396940,2024,311396940,453979,361893,-1.19431,53.15145,3,3,4,17:33,-1,E07000174,6,2,2,1,1,9,2,7,0,0,0,1,0,0,0,0,1,1,10
2024311396952,2024,311396952,471212,379721,-0.9327,53.30965,3,3,4,18:01,-1,E07000171,3,0,1,0,1,"[3, 19]",8,5,"[4, 0]",0,0,1,0,0,0,0,0,1,10
2024311397054,2024,311397054,454511,333901,-1.19108,52.89979,3,3,4,19:13,-1,E06000018,6,2,9,0,1,19,2,6,0,0,0,0,0,1,0,0,1,1,10
2024311397105,2024,311397105,479421,354653,-0.81574,53.0832,3,3,6,17:20,-1,E07000175,3,2,2,1,2,3,"[3, 7]","[3, 6, 7]",0,0,0,1,0,0,0,0,0,1,5
2024311397209,2024,311397209,458817,345846,-1.12491,53.00671,3,3,5,12:11,-1,E07000173,6,0,2,1,1,"[19, 5]","[2, 4]","[6, 1]",0,0,0,1,0,1,0,0,0,1,11
2024311397227,2024,311397227,479307,353299,-0.81778,53.07105,3,3,4,08:45,-1,E07000175,6,0,1,0,1,1,5,1,0,0,0,1,0,0,0,0,1,1,10
2024311397325,2024,311397325,455489,340122,-1.17548,52.95561,3,3,3,22:30,-1,E06000018,3,2,1,0,1,"[19, 4]","[3, 7]","[7, 3]",0,0,0,1,1,0,0,0,0,1,9
2024311397355,2024,311397355,457359,342842,-1.14717,52.97986,3,3,3,16:58,-1,E06000018,6,0,1,0,1,19,1,6,0,0,0,1,0,0,1,0,0,1,9
2024311397357,2024,311397357,453971,343275,-1.19755,52.98411,3,3,5,13:10,-1,E06000018,3,0,1,0,1,"[19, 5]","[4, 6]","[8, 4]",0,0,0,1,0,0,0,0,0,1,11
2024311397503,2024,311397503,454007,339512,-1.19764,52.95028,3,3,5,15:40,-1,E06000018,6,0,1,0,1,19,7,3,0,0,0,1,0,0,0,0,1,1,11
2024311397724,2024,311397724,470130,340638,-0.95747,52.95854,2,2,6,14:53,-1,E07000176,6,0,1,0,2,4,1,5,0,0,0,1,0,0,0,0,1,1,12
2024311397921,2024,311397921,459286,334242,-1.12004,52.90236,3,3,7,17:00,-1,E07000176,3,2,1,0,2,4,1,5,0,0,0,1,0,0,0,0,0,1,6
2024311397939,2024,311397939,454522,346534,-1.18879,53.01334,3,3,7,12:45,-1,E06000018,3,0,1,0,1,"[9, 19]","[4, 2]","[2, 6]",0,0,0,1,0,0,0,0,0,1,13
2024311397976,2024,311397976,458841,337449,-1.12607,52.93123,3,3,2,16:30,-1,E07000176,6,0,1,0,1,"[9, 7]","[8, 4]",7,0,0,0,1,1,0,0,0,0,1,8
2024311397991,2024,311397991,455822,345959,-1.16952,53.00804,2,2,7,13:59,-1,E06000018,6,0,1,0,1,19,1,5,10,7,2,1,0,0,0,0,0,1,13
2024311397995,2024,311397995,447751,346190,-1.28976,53.0109,3,3,7,18:00,-1,E07000172,4,2,1,0,1,19,"[4, 3]","[1, 7]",0,0,0,1,0,0,0,0,0,1,6
2024311398002,2024,311398002,448144,346401,-1.28387,53.01276,3,3,1,11:00,-1,E07000172,6,0,1,0,1,"[15, 14]","[1, 4]","[4, 1]",0,0,0,1,0,1,0,0,0,1,7
2024311398015,2024,311398015,458978,358423,-1.12021,53.11973,3,3,6,18:00,-1,E07000175,4,2,1,0,2,19,3,7,0,0,0,1,0,0,0,0,1,1,12
2024311398133,2024,311398133,449121,357620,-1.2676,53.11351,3,3,1,07:47,-1,E07000170,3,0,1,1,1,"[19, 9]","[3, 5]","[5, 2]",0,0,0,1,0,0,0,0,0,1,14
2024311398135,2024,311398135,455502,326434,-1.17762,52.83258,3,3,3,08:37,-1,E07000176,6,0,1,0,2,19,5,1,0,0,0,1,0,0,0,0,1,1,9
2024311398140,2024,311398140,450835,354899,-1.24243,53.08889,3,3,5,08:41,-1,E07000170,4,0,1,0,1,19,5,1,0,0,0,1,0,0,0,0,1,1,4
2024311398252,2024,311398252,475423,380577,-0.86931,53.31676,2,2,7,10:15,-1,E07000171,6,0,1,0,2,19,6,2,0,1,9,1,0,0,0,0,0,1,13
2024311398304,2024,311398304,470775,353683,-0.94501,53.0757,2,2,1,22:27,-1,E07000175,6,2,1,0,2,19,2,8,0,0,0,1,0,0,0,0,0,1,14
2024311398364,2024,311398364,452904,336701,-1.21451,52.92512,2,2,2,10:30,-1,E07000172,6,0,1,0,1,5,4,8,0,0,0,0,0,0,1,0,1,1,8
2024311398419,2024,311398419,450555,357012,-1.24627,53.10791,3,3,2,07:50,-1,E07000170,4,0,8,2,1,"[19, 9]","[1, 5]","[5, 3]","[4, 0]",0,0,1,0,0,0,0,0,1,15
2024311398511,2024,311398511,450694,339918,-1.24688,52.95425,2,2,2,07:33,-1,E07000172,3,0,1,0,1,"[15, 9]",1,"[1, 5]",0,0,0,1,0,1,0,0,0,1,15
2024311398537,2024,311398537,461148,333451,-1.09251,52.89504,3,3,2,09:40,-1,E07000176,6,0,1,1,2,19,1,5,7,1,0,1,0,0,0,0,0,1,15
2024311398589,2024,311398589,454233,359053,-1.19099,53.1259,3,3,2,07:21,-1,E07000174,3,2,1,2,1,"[9, 19]","[5, 1]","[1, 5]",0,0,0,1,0,0,0,0,0,1,15
2024311398645,2024,311398645,454527,333918,-1.19084,52.89995,3,3,2,15:57,-1,E06000018,6,0,1,0,1,19,1,5,11,0,0,1,0,0,0,0,1,1,15
2024311398749,2024,311398749,452263,344025,-1.22286,52.99102,3,3,7,09:53,-1,E07000172,3,0,1,0,2,12,1,2,0,0,0,1,0,0,0,0,0,1,6
2024311398808,2024,311398808,456024,368824,-1.16252,53.21353,3,3,3,06:55,-1,E07000174,6,2,8,2,2,"[2, 19]",3,"[8, 7]",0,0,0,1,0,0,0,0,0,1,16
2024311399095,2024,311399095,470253,381428,-0.94671,53.32512,3,3,3,16:15,-1,E07000171,3,2,1,0,1,5,3,7,0,0,0,1,0,0,0,0,1,1,9
2024311399134,2024,311399134,457127,340831,-1.15097,52.96181,2,2,2,15:00,-1,E06000018,3,0,1,0,1,"[13, 9]",4,"[8, 2]",0,0,0,1,1,0,0,0,0,1,15
2024311399183,2024,311399183,456331,340160,-1.16294,52.95587,3,3,3,17:44,-1,E06000018,3,2,1,0,1,1,8,4,0,0,0,1,0,0,0,0,1,1,16
2024311399212,2024,311399212,446558,345679,-1.30761,53.00641,3,3,3,20:56,-1,E07000172,3,2,1,1,2,"[13, 12, 11]",7,"[7, 4, 1]",0,"[0, 8]",0,1,0,0,0,0,0,1,16
2024311399409,2024,311399409,456939,379923,-1.14684,53.31319,3,3,4,09:46,-1,E07000171,6,0,1,2,2,"[2, 19]","[3, 7]","[3, 4]","[0, 4]",0,0,1,0,0,0,1,0,1,17
2024311399443,2024,311399443,454445,340095,-1.19102,52.95548,3,3,4,08:01,-1,E06000018,3,0,1,0,1,"[3, 11]",7,3,0,0,0,1,0,0,0,0,0,1,17
2024311399610,2024,311399610,453979,361710,-1.19434,53.1498,3,3,2,09:42,-1,E07000174,3,0,1,0,1,"[19, 3]",5,1,0,0,0,1,0,0,0,0,0,1,15
2024311399625,2024,311399625,454599,341402,-1.18851,52.96721,3,3,4,15:00,-1,E06000018,4,0,1,2,1,"[19, 10]","[3, 7]","[7, 3]",0,0,0,1,0,0,0,0,0,1,17
2024311399673,2024,311399673,452438,347868,-1.21964,53.02554,2,2,4,14:55,-1,E07000170,4,0,8,0,1,19,1,5,0,0,0,1,0,0,0,0,1,1,17
2024311399721,2024,311399721,455481,340988,-1.17545,52.9634,3,3,4,23:23,-1,E06000018,3,2,1,0,1,19,"[3, 4]",8,0,0,0,1,0,1,0,0,0,1,17
2024311399846,2024,311399846,456276,344944,-1.16293,52.99887,2,2,5,09:19,-1,E06000018,6,0,1,2,1,7,4,1,0,0,0,0,0,1,0,0,0,1,18
2024311399855,2024,311399855,458235,339823,-1.13466,52.95263,3,3,5,01:22,-1,E06000018,6,2,1,0,1,19,3,8,7,1,11,1,0,0,0,0,0,1,4
2024311399954,2024,311399954,455881,340154,-1.16964,52.95586,3,3,4,16:10,-1,E06000018,6,2,1,2,1,"[7, 19]",3,7,0,0,0,1,1,0,0,0,0,1,17
2024311400061,2024,311400061,454043,345374,-1.19612,53.00297,3,3,5,14:57,-1,E06000018,4,0,9,1,1,"[10, 19]",2,6,10,"[7, 0]",0,1,0,0,0,0,0,1,18
2024311400183,2024,311400183,473227,355674,-0.90797,53.09326,3,3,4,16:34,-1,E07000175,3,2,1,2,2,19,8,4,0,1,0,1,0,0,0,0,0,1,17
2024311400184,2024,311400184,456499,371246,-1.15498,53.23525,3,3,2,07:52,-1,E07000171,3,2,1,1,2,19,"[3, 1]","[8, 5]",0,0,0,1,0,0,1,0,0,1,15
2024311400229,2024,311400229,460396,345255,-1.10149,53.00122,2,2,6,07:55,-1,E07000173,6,0,1,2,1,"[9, 19]","[7, 1]",5,0,0,0,1,1,0,0,0,0,1,19
2024311400317,2024,311400317,461988,341225,-1.07854,52.96482,3,3,2,06:04,-1,E07000173,6,2,1,0,1,19,"[8, 6]","[8, 6]",0,0,0,0,0,1,0,1,0,1,15
2024311400336,2024,311400336,456938,341481,-1.15367,52.96767,3,3,4,13:45,-1,E06000018,3,0,1,0,1,"[4, 19]",1,5,0,0,0,0,0,1,0,1,0,1,17
2024311400338,2024,311400338,457233,379593,-1.14249,53.31019,3,3,7,14:30,-1,E07000171,3,0,1,0,2,"[8, 19]",5,"[3, 1]",0,0,0,1,0,0,0,0,0,1,13
2024311400367,2024,311400367,455478,362331,-1.17182,53.15523,3,3,5,17:00,-1,E07000174,3,2,1,0,1,"[3, 4]",8,4,0,0,0,1,0,0,0,0,0,1,4
2024311400488,2024,311400488,462769,357103,-1.06383,53.10743,3,3,5,21:14,-1,E07000175,3,2,8,1,2,7,5,1,0,1,0,1,0,0,0,0,0,1,18
2024311400949,2024,311400949,455193,355307,-1.17729,53.09213,3,3,1,15:00,-1,E07000173,4,0,1,0,2,19,7,3,0,0,0,1,0,0,0,0,0,1,21
2024311401080,2024,311401080,449778,358787,-1.2576,53.12394,3,3,2,08:40,-1,E07000170,6,0,1,1,1,"[5, 19]","[1, 4]",7,0,0,0,1,0,0,0,1,0,1,22
2024311401229,2024,311401229,450618,357098,-1.24532,53.10868,3,3,2,12:12,-1,E07000170,6,0,1,0,1,7,1,3,0,0,0,1,0,0,0,0,1,1,22
2024311401299,2024,311401299,457500,337211,-1.14606,52.92924,3,3,6,20:40,-1,E07000176,4,2,1,0,1,"[4, 19]",2,6,0,0,0,1,0,0,0,0,0,1,19
2024311401361,2024,311401361,455862,339888,-1.16997,52.95347,3,3,2,14:43,-1,E06000018,6,0,4,0,1,19,1,5,0,0,0,1,0,0,0,0,0,1,22
2024311401385,2024,311401385,470121,381361,-0.9487,53.32454,3,3,6,15:04,-1,E07000171,3,0,1,1,1,"[14, 9]","[7, 1]","[3, 7]",0,0,0,1,0,1,0,0,0,1,12
2024311401413,2024,311401413,458898,343482,-1.12413,52.98545,3,3,7,21:53,-1,E07000173,6,2,1,0,1,19,"[4, 6]","[8, 2]",0,"[0, 3]",0,1,0,0,0,0,0,1,20
2024311401496,2024,311401496,462771,387942,-1.05773,53.3846,3,3,3,07:33,-1,E07000171,3,0,4,1,2,"[19, 3]",1,5,0,0,0,1,0,0,0,0,0,1,23
2024311401572,2024,311401572,470791,354026,-0.9447,53.07878,3,3,3,08:55,-1,E07000175,6,0,2,1,2,19,4,8,0,0,0,1,0,0,0,0,1,1,23
2024311401660,2024,311401660,455327,342980,-1.1774,52.98132,3,3,3,11:36,-1,E06000018,4,0,2,1,1,"[9, 19]","[4, 8]",5,0,0,0,1,1,0,0,0,0,1,23
2024311401689,2024,311401689,454716,345250,-1.18612,53.00178,3,3,3,12:28,-1,E06000018,6,0,2,1,1,19,"[8, 3]","[4, 3]",0,0,0,0,0,0,0,1,0,1,23
2024311401950,2024,311401950,453848,340737,-1.1998,52.96131,3,3,3,08:07,-1,E06000018,6,2,2,1,1,19,"[3, 1]","[7, 5]",0,0,0,1,1,0,0,0,0,1,23
2024311402067,2024,311402067,459603,336613,-1.11489,52.92363,3,3,2,17:23,-1,E07000176,6,2,1,0,1,"[7, 19]","[4, 2]",6,0,0,0,0,1,0,1,0,0,1,22
2024311402180,2024,311402180,468740,339620,-0.97837,52.94957,3,3,2,11:38,-1,E07000176,3,0,1,0,2,7,1,2,0,0,0,1,0,0,0,0,0,1,15
2024311402182,2024,311402182,463416,355769,-1.05443,53.09537,2,2,1,12:06,-1,E07000175,6,0,1,0,2,19,3,7,0,2,4,1,0,0,0,0,0,1,21
2024311402206,2024,311402206,450512,337923,-1.2499,52.93634,3,3,3,13:13,-1,E07000172,3,0,1,0,1,19,"[3, 5]","[1, 6]",0,0,0,1,0,0,0,0,0,1,23
2024311402516,2024,311402516,455895,337309,-1.16992,52.93029,3,3,3,17:30,-1,E06000018,3,2,1,0,1,3,1,5,0,0,0,1,0,0,0,0,0,1,23
2024311402521,2024,311402521,455850,341131,-1.16993,52.96464,3,3,5,08:44,-1,E06000018,6,0,1,0,1,4,3,7,0,0,0,1,0,0,0,0,1,1,18
2024311402579,2024,311402579,449235,359020,-1.26568,53.12608,3,3,7,23:45,-1,E07000170,6,2,5,1,1,9,3,8,0,0,0,1,0,0,0,0,1,1,20
2024311402638,2024,311402638,461945,341399,-1.07915,52.96638,3,3,2,17:00,-1,E07000173,6,2,1,0,1,19,"[1, 5]","[5, 1]",0,0,0,1,0,0,0,0,1,1,22
2024311402665,2024,311402665,455481,342817,-1.17514,52.97984,3,3,4,11:51,-1,E06000018,3,0,9,1,1,"[5, 9]",3,1,0,0,0,1,0,0,0,0,0,1,24
2024311402702,2024,311402702,454949,338309,-1.18382,52.93937,3,3,5,18:34,-1,E06000018,6,2,1,0,1,"[19, 7]",7,3,0,0,0,1,0,0,0,0,0,1,25
2024311402728,2024,311402728,450926,346676,-1.24236,53.01497,3,3,5,21:32,-1,E07000172,4,2,1,0,2,19,3,7,0,1,9,1,0,0,0,0,0,1,25
2024311402998,2024,311402998,457550,345400,-1.14387,53.00283,3,3,6,09:15,-1,E07000173,6,0,1,0,1,"[10, 19]",6,"[7, 4]",0,0,0,1,0,0,0,0,0,1,26
2024311403028,2024,311403028,457927,339907,-1.13923,52.95342,3,3,2,12:50,-1,E06000018,3,0,1,0,1,4,1,5,0,0,0,0,0,0,1,0,0,1,22
2024311403078,2024,311403078,460336,337520,-1.10382,52.9317,1,1,4,18:15,-1,E07000176,3,2,1,0,2,19,7,3,0,0,0,0,0,0,1,0,1,1,17
2024311403207,2024,311403207,450389,352709,-1.24943,53.06925,3,3,4,11:55,-1,E07000170,3,0,1,0,2,13,1,5,7,7,1,1,0,0,0,0,0,1,17
2024311403280,2024,311403280,459071,377615,-1.11528,53.29221,3,3,6,07:09,-1,E07000171,3,2,1,0,2,"[4, 19]",7,3,0,0,0,1,0,0,0,0,0,1,26
2024311403299,2024,311403299,457123,336238,-1.15184,52.92053,3,3,7,15:18,-1,E07000176,6,0,1,0,1,"[4, 5]",7,3,0,0,0,1,0,0,0,0,0,1,27
2024311403366,2024,311403366,467900,365917,-0.98533,53.18602,2,2,7,15:13,-1,E07000175,3,0,1,0,2,13,1,5,0,0,0,0,0,1,0,0,0,1,27
2024311403368,2024,311403368,451980,342018,-1.2274,52.973,2,2,7,17:40,-1,E06000018,4,2,1,0,1,19,3,7,0,0,0,1,0,0,0,0,1,1,27
2024311403400,2024,311403400,456501,343741,-1.15979,52.98803,3,3,1,02:03,-1,E06000018,3,2,1,0,1,19,4,4,10,0,0,1,0,0,0,0,0,1,28
2024311403403,2024,311403403,450729,352903,-1.24432,53.07096,2,2,7,06:22,-1,E07000170,3,2,1,1,2,7,5,1,0,0,0,1,0,0,0,0,0,1,27
2024311403517,2024,311403517,451488,334900,-1.23586,52.90907,3,3,1,13:30,-1,E07000172,3,0,1,0,1,"[9, 19]","[1, 5]","[5, 1]",0,0,0,1,0,0,0,0,0,1,28
2024311403526,2024,311403526,457977,381804,-1.13092,53.32998,2,2,7,18:45,-1,E07000171,6,2,1,0,1,19,8,5,0,1,0,1,0,0,0,0,0,1,20
2024311403589,2024,311403589,456460,381086,-1.15382,53.32369,3,3,1,21:25,-1,E07000171,6,2,1,0,1,19,1,5,0,3,0,1,0,0,0,0,0,1,28
2024311403598,2024,311403598,462696,391515,-1.05815,53.41672,3,3,1,21:40,-1,E07000171,6,2,1,0,2,"[9, 19]","[1, 7]","[7, 3]",0,0,0,1,0,1,0,0,0,1,28
2024311403662,2024,311403662,453141,343673,-1.20984,52.98777,3,3,2,07:18,-1,E07000172,3,0,2,1,1,"[3, 19]",7,3,0,0,0,1,0,0,0,0,0,1,29
2024311403664,2024,311403664,454600,338909,-1.18891,52.9448,3,3,1,16:00,-1,E06000018,3,0,8,1,1,-1,-1,-1,0,0,0,1,0,0,0,0,0,1,28
2024311403866,2024,311403866,455587,341645,-1.17376,52.96929,2,2,2,07:27,-1,E06000018,6,2,2,1,1,9,8,6,0,0,0,1,0,0,0,0,1,1,29
2024311403884,2024,311403884,457921,345192,-1.13838,53.00092,3,3,2,11:15,-1,E07000173,3,0,2,0,1,"[19, 3]",1,5,0,0,0,1,0,0,0,0,0,1,29
2024311403935,2024,311403935,454843,341654,-1.18483,52.96945,2,2,2,13:53,-1,E06000018,3,0,1,0,1,"[19, 9]","[3, 7]","[7, 3]",0,0,0,1,0,1,0,0,0,1,29
2024311404070,2024,311404070,454700,346362,-1.18617,53.01178,3,3,2,15:13,-1,E06000018,3,0,1,1,1,"[11, 5]","[5, 6]","[8, 4]",0,0,0,1,0,0,0,0,0,1,29
2024311404074,2024,311404074,450513,337886,-1.24989,52.936,3,3,2,19:30,-1,E07000172,3,2,1,1,1,"[19, 3]",3,"[7, 1]",0,0,0,1,0,0,0,0,0,1,29
2024311404553,2024,311404553,457986,338422,-1.13862,52.94007,3,3,3,18:23,-1,E06000018,3,2,1,0,1,"[19, 12]","[4, 5]","[4, 8]",0,0,0,1,0,1,0,0,0,1,30
2024311404561,2024,311404561,460693,336542,-1.09869,52.92287,2,"[3, 2]",2,18:00,-1,E07000176,3,2,1,1,1,"[19, 9]","[5, 8, 3]","[1, 4, 7]",0,0,0,1,0,0,0,0,0,1,29
2024311404590,2024,311404590,459191,352393,-1.11814,53.06551,3,3,3,22:31,-1,E07000173,6,2,1,0,2,"[19, 10]","[7, 1]","[3, 7]",0,0,0,1,0,0,0,1,0,1,30
2024311404782,2024,311404782,451067,356541,-1.2387,53.10363,3,3,4,08:38,-1,E07000170,6,0,1,0,1,19,3,4,0,0,0,1,0,0,0,0,1,1,31
2024311404806,2024,311404806,464951,334698,-1.03574,52.9058,3,3,6,18:05,-1,E07000176,6,2,9,-1,2,19,"[8, 4]","[4, 8]",0,0,0,1,0,0,0,0,0,1,26
2024311404934,2024,311404934,456031,342529,-1.167,52.97719,2,2,2,18:03,-1,E06000018,4,2,1,0,1,"[5, 15, 19]","[2, 8]","[7, 4]",0,0,0,1,0,1,0,0,0,1,22
2024311404946,2024,311404946,454972,338881,-1.18338,52.94451,3,3,5,07:30,-1,E06000018,6,0,1,0,1,19,3,7,0,0,0,1,0,0,0,0,1,1,4
2024311404950,2024,311404950,457223,340757,-1.14956,52.96114,2,2,4,13:41,-1,E06000018,3,0,1,0,1,19,4,8,0,0,0,1,0,0,0,0,1,1,31