collision_index,collision_year,collision_ref_no,location_easting_osgr,location_northing_osgr,longitude,latitude,casualty_severity,casualty_severity,day_of_week,time,local_authority_district,local_authority_ons_district,first_road_class,light_conditions,weather_conditions,road_surface_conditions,urban_or_rural_area,vehicle_manoeuvre,vehicle_direction_from,vehicle_direction_to,hit_object_in_carriageway,vehicle_leaving_carriageway,hit_object_off_carriageway,is_car,is_cyle,is_mcyle,is_goodsv,is_other,is_pedestrian,month,day
2024311404994,2024,311404994,483431,358462,-0.7549,53.11682,3,3,4,17:31,-1,E07000175,3,2,5,1,2,19,1,"[3, 4]",0,"[0, 1]","[0, 9]",1,0,0,0,0,0,1,31
2024311405044,2024,311405044,451223,336667,-1.23952,52.92498,3,3,7,08:20,-1,E07000172,6,0,1,0,1,"[7, 5, 2]","[0, 5]","[0, 1]",0,0,0,1,0,0,0,0,0,1,27
2024311405104,2024,311405104,459629,356326,-1.11087,53.10081,3,3,3,18:10,-1,E07000175,6,2,1,0,2,9,1,4,0,0,0,1,0,0,0,0,1,1,30
2024311405135,2024,311405135,457961,344942,-1.13783,52.99867,3,3,4,12:40,-1,E07000173,3,0,1,0,1,"[19, 10]",1,"[5, 7]",0,0,0,1,0,0,0,0,0,1,31
2024311405364,2024,311405364,453914,363347,-1.19504,53.16452,3,3,4,09:12,-1,E07000174,6,0,2,1,1,"[19, 7]","[2, 6]","[6, 2]",0,0,0,1,0,0,0,0,0,1,31
2024311405576,2024,311405576,451889,326301,-1.23126,52.83174,2,2,6,08:24,-1,E07000176,6,0,1,0,2,"[15, 9]",7,3,0,0,0,1,1,0,0,0,0,2,2
2024311405588,2024,311405588,449919,359372,-1.25541,53.12918,3,3,3,08:40,-1,E07000170,6,0,2,1,1,19,2,6,11,0,0,1,0,0,0,0,1,1,23
2024311405757,2024,311405757,468588,339661,-0.98062,52.94996,3,3,6,16:01,-1,E07000176,3,0,1,0,2,19,2,6,0,0,0,1,0,0,0,0,0,2,2
2024311405813,2024,311405813,456175,338887,-1.16548,52.94444,3,3,6,21:15,-1,E06000018,6,2,1,1,1,19,4,2,0,0,0,1,0,1,0,0,0,2,2
2024311405894,2024,311405894,466918,330386,-1.00738,52.8668,2,2,7,12:12,-1,E07000176,6,0,2,1,2,19,"[3, 7]","[7, 3]",0,0,0,1,1,0,0,0,0,2,3
2024311405915,2024,311405915,451242,338578,-1.23893,52.94215,3,3,7,13:16,-1,E07000172,6,0,2,1,1,9,4,2,0,3,4,1,0,0,0,0,0,2,3
2024311405953,2024,311405953,458398,379553,-1.12501,53.30971,3,3,2,14:15,-1,E07000171,6,2,1,0,1,19,5,1,0,0,0,0,1,0,0,0,1,1,29
2024311405985,2024,311405985,458258,338042,-1.13464,52.93662,2,2,7,19:39,-1,E07000176,3,2,1,1,1,19,5,1,0,0,0,1,0,0,0,0,1,2,3
2024311405995,2024,311405995,477000,381367,-0.84545,53.32363,3,3,7,17:34,-1,E07000171,6,2,1,1,2,19,5,3,0,0,0,1,0,0,0,0,1,2,3
2024311406008,2024,311406008,453868,349287,-1.19808,53.03815,3,3,7,19:55,-1,E07000170,6,2,1,1,1,5,"[4, 3]","[8, 7]",0,0,0,1,0,0,0,1,0,2,3
2024311406084,2024,311406084,456103,343927,-1.16568,52.98975,3,3,6,21:00,-1,E06000018,3,2,8,0,1,"[19, 5]","[4, 6]","[7, 3]",0,0,0,1,1,0,0,0,0,2,2
2024311406092,2024,311406092,456354,340198,-1.16259,52.9562,3,3,5,03:26,-1,E06000018,3,2,1,0,1,19,8,6,0,0,0,1,0,0,0,0,1,2,1
2024311406099,2024,311406099,466685,369069,-1.00285,53.21451,3,3,6,09:00,-1,E07000175,6,0,1,0,2,"[9, 19]","[7, 5]","[3, 1]",0,0,0,1,1,0,0,0,0,2,2
2024311406174,2024,311406174,454231,345676,-1.19327,53.00566,3,3,7,19:15,-1,E06000018,4,2,1,0,1,"[19, 3]",2,6,0,0,0,1,0,0,0,0,0,2,3
2024311406196,2024,311406196,455516,326363,-1.17742,52.83194,3,3,6,20:21,-1,E07000176,6,2,1,0,2,19,5,1,0,0,0,1,0,0,0,0,1,2,2
2024311406212,2024,311406212,455572,360940,-1.17066,53.14272,3,3,1,20:44,-1,E07000174,6,2,1,0,1,19,7,3,7,0,0,0,0,1,0,0,0,2,4
2024311406279,2024,311406279,463218,342568,-1.05997,52.97674,3,3,6,16:20,-1,E07000173,3,0,1,0,2,3,3,7,0,0,0,1,0,1,0,0,0,2,2
2024311406291,2024,311406291,457214,339982,-1.14983,52.95417,3,3,7,19:07,-1,E06000018,6,2,1,0,1,19,4,8,0,0,0,0,1,0,0,0,1,2,3
2024311406429,2024,311406429,475318,377768,-0.87155,53.29153,3,3,2,17:59,-1,E07000171,6,2,2,1,2,19,4,8,10,1,0,1,0,0,0,0,0,1,29
2024311406490,2024,311406490,450301,325575,-1.25494,52.82537,3,3,2,11:03,-1,E07000176,6,0,1,0,2,7,"[8, 5]","[2, 8]",0,0,0,1,0,0,0,0,0,2,5
2024311406546,2024,311406546,460334,344929,-1.10247,52.9983,3,3,6,15:32,-1,E07000173,4,0,1,0,1,19,5,1,0,0,0,1,0,0,0,0,1,2,2
2024311406548,2024,311406548,458613,381726,-1.12139,53.32921,3,3,4,16:00,-1,E07000171,6,2,1,0,1,"[7, 19]","[4, 1]","[7, 5]",0,0,0,1,1,0,0,0,0,1,31
2024311406566,2024,311406566,450958,353538,-1.2408,53.07665,3,3,7,13:20,-1,E07000170,6,0,1,0,2,4,7,3,0,0,0,0,0,0,1,0,0,2,3
2024311406570,2024,311406570,456077,340447,-1.16667,52.95847,3,3,1,01:15,-1,E06000018,3,2,1,0,1,2,0,0,10,0,0,1,0,0,0,0,0,1,28
2024311406594,2024,311406594,454499,338824,-1.19043,52.94405,3,3,2,19:58,-1,E06000018,3,2,1,1,1,"[5, 19]","[4, 6]","[8, 3]",0,0,0,1,1,0,0,0,0,2,5
2024311406611,2024,311406611,452115,338082,-1.22602,52.93761,3,3,7,20:21,-1,E07000172,4,2,1,0,1,"[9, 10]","[8, 7]","[4, 2]",0,0,0,1,0,0,0,0,0,1,27
2024311406620,2024,311406620,445811,362762,-1.31631,53.16002,3,3,2,21:55,-1,E07000170,6,2,1,0,2,19,1,5,0,0,0,1,0,0,0,0,0,2,5
2024311406706,2024,311406706,465142,337132,-1.03241,52.92765,3,3,2,08:28,-1,E07000176,6,0,8,1,2,19,3,7,0,1,0,1,0,0,0,0,0,2,5
2024311406873,2024,311406873,451481,334782,-1.23598,52.90801,3,3,3,08:58,-1,E07000172,3,0,1,0,1,"[14, 5]","[3, 1]",7,0,0,0,1,0,1,0,0,0,2,6
2024311406883,2024,311406883,470448,381041,-0.94387,53.32162,3,3,3,14:08,-1,E07000171,6,0,2,1,1,1,7,3,0,0,0,1,0,0,0,0,1,2,6
2024311406895,2024,311406895,466778,367938,-1.0017,53.20433,2,2,3,13:52,-1,E07000175,3,0,2,1,2,"[19, 5]","[1, 3]","[5, 7]",0,0,0,1,0,1,0,0,0,2,6
2024311406911,2024,311406911,455657,361746,-1.16925,53.14995,3,3,6,14:45,-1,E07000174,4,0,9,-1,1,"[-1, 19]","[-1, 5]","[-1, 1]",0,0,0,1,1,0,0,0,0,2,2
2024311406923,2024,311406923,449642,358894,-1.25962,53.12491,3,3,3,15:30,-1,E07000170,6,0,1,0,1,19,4,8,0,0,0,0,0,0,0,0,1,2,6
2024311406959,2024,311406959,450748,340000,-1.24606,52.95498,2,2,3,16:56,-1,E06000018,3,2,2,1,1,"[9, 19]","[5, 1]","[2, 5]",0,0,0,0,1,1,0,0,0,2,6
2024311406967,2024,311406967,450246,345480,-1.25268,53.00429,3,3,2,10:15,-1,E07000172,6,0,1,0,1,2,2,6,0,0,0,1,0,0,0,0,1,2,5
2024311406968,2024,311406968,454403,363592,-1.18768,53.16667,3,3,3,18:49,-1,E07000174,6,2,2,1,1,19,7,3,0,0,0,1,0,0,0,0,1,2,6
2024311407190,2024,311407190,458253,339816,-1.1344,52.95257,3,3,3,17:50,-1,E06000018,6,2,2,1,1,7,4,5,0,0,0,1,0,0,0,0,1,2,6
2024311407202,2024,311407202,459211,339855,-1.12013,52.95281,3,3,4,15:10,-1,E06000018,6,0,1,0,1,5,2,6,0,0,0,1,0,0,0,0,1,1,31
2024311407247,2024,311407247,473968,373564,-0.89277,53.25394,3,3,4,08:43,-1,E07000171,6,0,1,0,2,"[19, 9]","[3, 7]","[7, 4]",0,0,0,1,0,0,0,0,0,2,7
2024311407269,2024,311407269,458031,340074,-1.13765,52.95491,3,3,3,12:30,-1,E06000018,6,0,1,0,1,19,1,5,0,0,0,1,0,0,0,0,0,2,6
2024311407277,2024,311407277,454104,345440,-1.19521,53.00355,3,3,2,13:10,-1,E06000018,4,0,1,0,1,19,6,2,0,0,0,0,0,0,1,0,0,2,5
2024311407293,2024,311407293,451497,341557,-1.23467,52.96891,3,3,7,20:00,-1,E07000172,6,2,1,0,1,5,2,6,0,1,0,1,0,0,0,0,0,1,27
2024311407301,2024,311407301,479198,379579,-0.8129,53.30724,1,1,1,09:17,-1,E07000171,6,0,1,0,2,"[13, 9]",7,3,0,0,0,1,1,0,0,0,0,1,28
2024311407470,2024,311407470,475362,355299,-0.87618,53.08959,3,3,2,08:00,-1,E07000175,6,0,1,1,2,7,4,6,0,0,0,0,0,1,0,0,0,2,5
2024311407619,2024,311407619,454740,339040,-1.18681,52.94596,1,1,3,19:32,-1,E06000018,3,2,2,1,1,19,3,7,0,0,0,1,0,0,0,0,1,2,6
2024311407628,2024,311407628,459414,335234,-1.11795,52.91126,3,3,4,19:20,-1,E07000176,3,2,1,1,1,"[3, 4]",5,1,0,0,0,0,0,1,1,0,0,2,7
2024311407692,2024,311407692,457159,342555,-1.15019,52.9773,3,3,4,22:15,-1,E06000018,6,2,2,1,1,19,"[5, 6]","[5, 3]",0,0,0,1,0,0,0,0,0,2,7
2024311407721,2024,311407721,458474,346186,-1.12996,53.0098,3,3,5,15:20,-1,E07000173,6,0,2,1,1,19,5,1,0,0,0,1,0,0,0,0,1,2,8
2024311407724,2024,311407724,466427,382561,-1.0039,53.3358,2,2,7,11:06,-1,E07000171,6,0,1,0,2,19,5,1,0,7,11,1,0,0,0,0,0,1,27
2024311407728,2024,311407728,453793,340788,-1.20061,52.96177,3,3,5,11:18,-1,E06000018,6,0,1,0,1,"[19, 1]","[4, 2]","[5, 3]",0,0,0,1,0,0,0,0,0,2,8
2024311407732,2024,311407732,456514,346617,-1.15909,53.01388,3,3,5,08:30,-1,E07000173,6,0,2,1,1,5,7,1,0,0,0,1,0,0,0,0,1,2,8
2024311407773,2024,311407773,460806,357335,-1.0931,53.10975,3,3,5,18:05,-1,E07000175,6,2,3,1,2,"[4, 19]","[1, 5]","[5, 1]",0,0,0,1,0,0,0,0,0,2,8
2024311407778,2024,311407778,458434,345248,-1.13072,53.00137,3,3,5,18:52,-1,E07000173,6,2,2,1,1,9,2,8,0,0,0,1,0,0,0,0,1,2,8
2024311407909,2024,311407909,456798,368875,-1.15093,53.21391,3,3,5,12:30,-1,E07000174,4,0,3,2,2,"[10, 19, 8]",7,1,0,"[0, 1]","[0, 11]",1,0,0,0,0,0,2,8
2024311408105,2024,311408105,449423,358589,-1.26294,53.12219,3,3,4,15:50,-1,E07000170,6,0,1,0,1,9,"[1, 3]","[7, 1]",0,0,0,1,0,0,0,0,0,2,7
2024311408178,2024,311408178,466355,341217,-1.01354,52.96422,3,3,6,17:20,-1,E07000176,6,2,2,1,2,19,7,2,0,7,4,1,0,0,0,0,0,2,9
2024311408332,2024,311408332,447639,357445,-1.28976,53.11207,3,3,3,16:10,-1,E07000170,6,0,1,1,2,"[5, 19]","[5, 7]",2,0,0,0,1,1,0,0,0,0,2,6
2024311408409,2024,311408409,453357,348916,-1.20576,53.03487,2,2,7,13:42,-1,E07000170,4,0,8,1,1,19,7,3,0,0,0,1,0,0,0,0,1,2,10
2024311408414,2024,311408414,453317,345485,-1.20692,53.00404,3,3,7,14:21,-1,E06000018,6,0,2,1,1,"[4, 13]",6,2,0,"[7, 0]",0,1,0,0,0,0,0,2,10
2024311408416,2024,311408416,458604,338401,-1.12943,52.93981,3,3,6,21:55,-1,E07000176,3,2,1,1,2,"[4, 3]","[7, 4]",4,0,0,0,1,0,0,0,0,0,2,9
2024311408429,2024,311408429,462505,387096,-1.0619,53.37703,3,3,3,17:45,-1,E07000171,3,2,1,0,2,"[4, 10]",5,"[2, 3]",0,0,0,1,0,0,0,0,0,2,6
2024311408522,2024,311408522,462163,334175,-1.07728,52.90143,3,3,1,00:30,-1,E07000176,6,2,1,1,2,19,3,7,0,7,3,1,0,0,0,0,0,2,11
2024311408538,2024,311408538,455597,334694,-1.1748,52.90681,3,3,5,15:29,-1,E06000018,6,0,1,0,1,"[3, 19]",6,2,0,0,0,1,0,0,0,1,0,1,18
2024311408542,2024,311408542,456934,341605,-1.15371,52.96879,3,3,7,15:13,-1,E06000018,3,0,2,1,1,19,1,5,0,0,0,0,0,0,1,0,0,2,10
2024311408581,2024,311408581,455164,355308,-1.17773,53.09214,3,3,1,11:36,-1,E07000173,3,0,1,0,2,"[19, 9]","[1, 5]","[5, 3]",0,0,0,1,0,0,0,0,0,2,11
2024311408595,2024,311408595,451601,343833,-1.23276,52.98935,3,3,5,13:50,-1,E07000172,3,0,2,1,2,4,3,7,0,0,0,1,0,0,0,0,0,2,8
2024311408628,2024,311408628,454447,338863,-1.1912,52.9444,3,3,1,12:00,-1,E06000018,3,0,1,0,1,4,7,2,0,0,0,1,0,0,0,0,0,2,11
2024311408637,2024,311408637,456421,341930,-1.16129,52.97177,3,3,5,08:45,-1,E06000018,6,2,2,1,1,"[2, 19]","[5, 3]","[1, 7]","[0, 4]",0,0,1,0,0,0,0,1,2,8
2024311408675,2024,311408675,457513,343225,-1.1448,52.98329,3,3,7,18:30,-1,E06000018,3,0,2,0,1,"[9, 19]","[5, 1]","[1, 5]",0,0,0,1,0,0,0,0,0,2,10
2024311408737,2024,311408737,464802,367707,-1.03132,53.2025,3,3,1,12:17,-1,E07000175,3,0,8,1,2,"[19, 9]",4,"[4, 8]",0,0,0,1,0,0,0,0,0,2,11
2024311409014,2024,311409014,468234,368124,-0.97986,53.20582,2,2,4,10:11,-1,E07000175,3,0,1,1,2,19,"[6, 3]","[3, 6]",0,0,0,1,0,0,0,0,0,1,31
2024311409024,2024,311409024,469934,381044,-0.95158,53.32171,3,3,5,12:30,-1,E07000171,6,0,3,2,1,"[3, 19]",5,"[2, 3]",0,0,0,1,0,0,0,0,0,2,8
2024311409094,2024,311409094,458160,337396,-1.13621,52.93083,3,3,2,16:38,-1,E07000176,3,0,1,0,1,"[5, 13]","[1, 5]","[5, 1]",0,0,0,1,1,0,0,0,0,2,12
2024311409193,2024,311409193,468473,353779,-0.97935,53.07686,3,3,5,22:17,-1,E07000175,6,2,2,1,2,19,3,7,0,2,0,1,0,0,0,0,0,2,8
2024311409277,2024,311409277,459485,345400,-1.11504,53.00262,3,3,2,13:00,-1,E07000173,6,0,1,0,1,15,2,6,0,0,0,0,0,0,1,0,1,2,12
2024311409378,2024,311409378,453935,361223,-1.19508,53.14543,3,3,3,09:40,-1,E07000174,6,0,1,0,1,9,7,5,0,0,0,1,0,0,0,0,0,2,13
2024311409523,2024,311409523,452095,329409,-1.22771,52.85966,2,"[3, 2]",3,13:51,-1,E07000176,6,0,2,1,2,19,5,1,0,"[0, 1]",0,1,0,0,0,0,0,2,13
2024311409541,2024,311409541,452752,342141,-1.21589,52.97403,3,3,3,14:45,-1,E06000018,6,0,2,1,1,"[1, 2]","[3, 0]","[7, 0]","[4, 0]",0,0,1,0,0,0,0,0,2,13
2024311409586,2024,311409586,455692,342788,-1.172,52.97955,3,3,3,18:50,-1,E06000018,4,2,2,1,1,"[19, 10]","[4, 8]","[4, 2]",0,0,0,1,0,0,0,0,0,2,13
2024311409608,2024,311409608,462973,350643,-1.06205,53.04935,3,3,3,16:57,-1,E07000175,6,2,2,1,2,"[5, 19]",2,6,0,0,0,1,0,0,0,0,0,2,13
2024311409648,2024,311409648,456603,338745,-1.15914,52.94312,3,3,3,12:11,-1,E06000018,3,0,2,1,1,"[9, 19]",5,"[4, 1]",0,0,0,1,0,0,0,0,0,2,13
2024311409723,2024,311409723,458095,338260,-1.13703,52.9386,3,3,5,12:41,-1,E06000018,3,0,1,1,1,19,"[1, 8]","[1, 4]",0,0,0,1,1,0,0,0,0,1,4
2024311409789,2024,311409789,464265,347636,-1.04337,53.02217,3,3,3,13:00,-1,E07000173,6,0,2,1,2,19,6,2,0,1,0,1,0,0,0,0,1,2,13
2024311409855,2024,311409855,455368,340113,-1.17728,52.95554,2,2,7,20:00,-1,E06000018,3,2,8,1,1,19,3,7,0,0,0,1,0,0,0,0,1,2,10
2024311409871,2024,311409871,478806,386963,-0.81695,53.37366,3,3,4,06:27,-1,E07000171,6,2,1,0,2,19,"[5, 1]","[1, 5]",0,"[7, 0]",0,1,0,0,0,1,0,2,14
2024311409985,2024,311409985,452622,342130,-1.21782,52.97395,3,3,4,17:40,-1,E06000018,6,2,2,1,1,9,5,1,0,0,0,1,0,0,0,0,1,2,14
2024311410028,2024,311410028,461700,333221,-1.08435,52.89291,3,3,4,21:10,-1,E07000176,3,2,2,1,2,19,"[2, 8]","[6, 4]",0,0,0,1,0,0,0,0,0,2,14
2024311410059,2024,311410059,452458,362611,-1.21694,53.15805,2,2,5,11:40,-1,E07000174,6,0,1,0,1,1,6,3,0,0,0,0,0,0,1,0,1,1,25
2024311410084,2024,311410084,458167,340911,-1.13548,52.96242,3,3,4,17:30,-1,E06000018,6,2,2,1,1,"[9, 19]","[6, 2]","[4, 6]",0,0,0,1,0,0,0,0,0,2,7
2024311410353,2024,311410353,460695,336513,-1.09867,52.92261,3,3,3,14:50,-1,E07000176,3,0,1,0,1,"[19, 4]",5,1,0,0,0,1,0,0,0,0,0,2,13
2024311410420,2024,311410420,455570,342568,-1.17385,52.97759,3,3,5,19:45,-1,E06000018,6,2,2,1,1,"[9, 19]","[5, 1]","[2, 5]","[0, 11]","[0, 1]",0,1,1,0,0,0,0,2,15
2024311410506,2024,311410506,457560,343315,-1.14409,52.98409,3,3,6,07:03,-1,E06000018,6,0,1,1,1,5,"[8, 1]",6,0,0,0,1,0,0,0,0,0,2,16
2024311410720,2024,311410720,461306,340172,-1.08889,52.95543,3,3,6,13:35,-1,E07000173,3,0,1,0,1,4,2,6,0,0,0,1,0,0,1,0,0,2,16
2024311410783,2024,311410783,450449,337929,-1.25083,52.9364,3,3,5,23:02,-1,E07000172,3,2,2,1,1,19,"[4, 6]","[8, 2]","[10, 0]",0,0,1,0,0,0,0,0,2,8
2024311410855,2024,311410855,446553,357284,-1.30601,53.11072,3,3,6,20:55,-1,E07000170,3,2,1,0,2,5,3,7,7,0,0,1,0,0,0,0,0,2,16
2024311410872,2024,311410872,479945,354279,-0.80802,53.07976,3,3,6,20:42,-1,E07000175,4,2,1,0,1,19,2,4,0,0,0,1,0,0,0,0,1,2,16
2024311410933,2024,311410933,457242,341366,-1.14917,52.96661,3,3,7,06:59,-1,E06000018,6,2,1,1,1,19,6,2,0,1,0,1,0,0,0,0,0,2,17
2024311410948,2024,311410948,455966,342579,-1.16796,52.97765,2,"[3, 2]",2,14:00,-1,E06000018,4,0,1,1,1,"[7, 19]",8,"[2, 4]",0,0,0,1,0,0,1,0,0,2,12
2024311410955,2024,311410955,453630,343561,-1.20258,52.98671,3,3,4,16:40,-1,E06000018,3,2,1,0,1,"[11, 19]","[8, 1]",4,0,0,0,1,0,0,1,0,0,2,14
2024311410995,2024,311410995,454909,341441,-1.18389,52.96753,3,3,6,16:20,-1,E06000018,3,0,1,1,1,"[4, 10]",1,5,0,0,0,1,0,0,0,0,0,2,16
2024311411020,2024,311411020,476847,394485,-0.84456,53.44155,3,3,5,15:35,-1,E07000171,6,0,1,0,2,19,5,2,"[11, 0]",0,0,1,0,0,0,1,0,1,18
2024311411206,2024,311411206,458260,328618,-1.13629,52.85192,2,2,1,08:21,-1,E07000176,3,0,2,1,2,19,6,2,0,7,0,1,0,0,0,0,0,2,18
2024311411303,2024,311411303,457321,340087,-1.14822,52.9551,3,3,7,18:30,-1,E06000018,3,2,2,1,1,5,5,1,0,0,0,1,0,0,0,0,1,2,17
2024311411341,2024,311411341,464771,339528,-1.03745,52.94923,2,"[2, 3]",1,16:35,-1,E07000176,6,0,1,0,2,"[9, 19]","[2, 6]","[8, 2]",0,0,0,1,1,0,0,0,0,2,18
2024311411386,2024,311411386,457890,341373,-1.13952,52.9666,2,2,1,04:16,-1,E06000018,6,2,2,1,1,"[19, 2]","[8, 0]","[4, 0]","[4, 0]","[1, 0]",0,1,0,0,0,0,0,2,18
2024311411427,2024,311411427,452031,336794,-1.22748,52.92604,3,3,6,08:30,-1,E07000172,6,0,1,0,1,9,"[1, 2]",6,0,0,0,1,1,0,0,0,0,2,9
2024311411577,2024,311411577,456990,341220,-1.15295,52.96532,2,2,2,11:16,-1,E06000018,3,0,1,0,1,"[19, 7]",1,"[1, 8]",0,"[0, 1]",0,1,0,1,0,0,0,2,19
2024311411644,2024,311411644,454286,340035,-1.1934,52.95495,2,2,2,13:05,-1,E06000018,3,0,8,0,1,19,5,1,0,0,0,0,0,1,0,0,0,2,19
2024311411721,2024,311411721,459400,379427,-1.11,53.30846,3,3,2,17:19,-1,E07000171,6,0,1,0,1,"[5, 19]","[3, 1]","[7, 5]",0,0,0,1,1,0,0,0,0,2,19
2024311411726,2024,311411726,457195,336895,-1.15066,52.92643,3,3,2,17:45,-1,E07000176,4,2,1,0,1,5,"[2, 1]","[6, 5]",0,0,0,1,1,0,0,0,0,2,19
2024311411728,2024,311411728,458009,342282,-1.13759,52.97476,3,3,2,10:00,-1,E06000018,4,0,1,0,1,19,6,2,0,0,0,1,0,0,0,0,0,2,19
2024311411785,2024,311411785,454394,339834,-1.19182,52.95313,3,3,3,08:19,-1,E06000018,6,0,1,1,1,"[9, 6]","[7, 5]","[5, 1]",0,0,0,1,0,0,0,0,0,2,6
2024311411806,2024,311411806,458904,380101,-1.11732,53.31458,3,3,2,10:34,-1,E07000171,4,0,1,0,1,19,"[6, 2]","[2, 6]",0,0,0,1,1,0,0,0,0,2,19
2024311411855,2024,311411855,457526,338237,-1.14549,52.93845,3,3,3,14:43,-1,E06000018,6,0,9,1,1,"[19, 5]",5,1,0,0,0,1,0,0,0,0,0,2,13
2024311411915,2024,311411915,458970,338274,-1.124,52.93863,3,3,7,19:00,-1,E07000176,6,2,9,1,1,-1,-1,-1,0,0,0,1,0,0,0,0,1,2,17
2024311412003,2024,311412003,457429,338712,-1.14685,52.94273,2,2,2,15:35,-1,E06000018,6,0,1,0,1,19,8,4,0,0,0,1,0,0,0,0,1,2,19
2024311412025,2024,311412025,469065,342620,-0.9729,52.97649,2,"[3, 2]",3,09:00,-1,E07000176,3,0,1,0,2,19,"[1, 5]","[5, 1]",0,"[7, 0]",0,1,0,0,0,0,0,2,20
2024311412096,2024,311412096,453106,348578,-1.20956,53.03186,3,3,4,18:10,-1,E07000170,6,2,1,1,1,9,7,4,0,0,0,1,0,0,0,0,1,2,14
2024311412114,2024,311412114,459111,333812,-1.12272,52.89851,3,3,7,08:24,-1,E07000176,6,0,9,1,2,19,1,5,0,1,10,1,0,0,0,0,0,2,17
2024311412131,2024,311412131,458868,337433,-1.12567,52.93108,3,3,4,10:30,-1,E07000176,6,0,9,0,1,"[19, 9]","[1, 3]","[5, 1]",0,0,0,0,1,0,1,0,0,2,7
2024311412139,2024,311412139,464140,365038,-1.04177,53.17859,2,2,2,15:40,-1,E07000175,3,0,1,0,2,4,5,1,0,0,0,0,0,1,0,0,0,2,19
2024311412142,2024,311412142,460580,341382,-1.09947,52.96639,2,2,3,16:00,-1,E07000173,4,0,1,0,1,19,7,3,0,0,0,1,0,0,0,0,1,2,20
2024311412245,2024,311412245,449254,359381,-1.26534,53.12933,3,3,3,16:20,-1,E07000170,6,0,1,0,1,19,"[8, 6]","[5, 8]",0,0,0,1,1,0,0,0,0,2,20
2024311412248,2024,311412248,453819,349487,-1.19878,53.03996,3,3,4,14:45,-1,E07000170,6,0,1,0,1,"[19, 2]",1,5,"[4, 0]",0,0,1,0,0,0,0,0,2,14
2024311412307,2024,311412307,455159,360976,-1.17683,53.14308,3,3,4,08:20,-1,E07000174,4,2,2,1,1,"[19, 9]","[8, 4]","[4, 2]",0,0,0,1,0,0,1,0,0,2,21
2024311412326,2024,311412326,455165,341247,-1.18011,52.96576,3,3,1,18:30,-1,E06000018,6,2,1,0,1,"[2, 1]","[0, -1]","[0, -1]",0,0,0,1,0,0,0,0,0,2,18
2024311412366,2024,311412366,481389,355835,-0.78607,53.09353,3,3,4,09:22,-1,E07000175,3,0,2,1,1,19,1,5,0,"[1, 0]","[1, 0]",1,0,0,1,0,0,2,21
2024311412392,2024,311412392,462828,342394,-1.06581,52.97522,3,3,4,07:50,-1,E07000173,6,0,2,1,1,19,2,6,0,0,0,0,0,0,1,0,0,2,21
2024311412476,2024,311412476,481244,355767,-0.78825,53.09294,3,3,4,06:25,-1,E07000175,3,2,2,1,1,"[19, 3]",6,"[8, 6]",0,0,0,1,0,0,0,0,0,2,21
2024311412570,2024,311412570,453905,340011,-1.19907,52.95477,3,3,6,18:16,-1,E06000018,3,2,1,0,1,"[9, 19]","[3, 7]","[7, 3]",0,0,0,1,1,0,0,0,0,2,16
2024311412595,2024,311412595,470300,338022,-0.9555,52.935,2,2,6,20:40,-1,E07000176,6,2,1,0,2,19,1,5,0,1,9,1,0,0,0,0,0,2,2
2024311412700,2024,311412700,480903,354650,-0.79363,53.08295,2,2,4,20:50,-1,E07000175,6,2,1,1,1,19,2,6,0,0,0,1,0,0,0,0,1,2,14
2024311412737,2024,311412737,453651,364170,-1.19884,53.17195,3,3,4,18:10,-1,E07000174,6,2,1,0,1,5,5,1,0,0,0,1,0,0,0,0,1,2,21
2024311412794,2024,311412794,456322,340154,-1.16308,52.95581,3,3,4,15:00,-1,E06000018,3,0,1,0,1,19,5,1,0,0,0,1,0,0,0,0,0,2,14
2024311412920,2024,311412920,459262,379451,-1.11207,53.30869,3,3,5,13:32,-1,E07000171,6,0,2,1,1,"[9, 19]","[7, 3]","[3, 7]",0,0,0,1,0,0,0,0,0,2,22
2024311412961,2024,311412961,458661,339466,-1.12839,52.94938,2,2,4,17:57,-1,E06000018,6,2,1,1,1,19,3,7,0,0,0,1,0,0,0,0,1,2,21
2024311412968,2024,311412968,469589,339328,-0.9658,52.94683,2,2,1,11:30,-1,E07000176,6,0,1,0,2,19,7,3,0,0,0,1,0,0,0,0,1,2,11
2024311412999,2024,311412999,450890,337436,-1.24435,52.93192,3,3,5,15:07,-1,E07000172,4,0,2,1,1,19,8,4,0,0,0,1,0,0,1,0,0,2,22
2024311413055,2024,311413055,456757,340175,-1.1566,52.95596,2,2,5,22:15,-1,E06000018,6,2,1,0,1,"[12, 5]",1,"[3, 5]",0,7,"[0, 2]",1,0,0,0,0,0,2,22
2024311413153,2024,311413153,466069,367818,-1.01234,53.20334,3,3,7,15:15,-1,E07000175,3,0,1,0,2,7,6,2,0,0,0,1,0,0,0,0,0,2,17
2024311413164,2024,311413164,481845,353957,-0.77974,53.07658,3,3,7,11:30,-1,E07000175,6,0,1,0,1,"[5, 10]","[5, 6]","[1, 2]",0,0,0,1,1,0,0,0,0,2,17
2024311413217,2024,311413217,473713,352530,-0.90143,53.06494,3,3,1,14:50,-1,E07000175,6,0,1,0,2,5,2,6,0,0,0,1,0,0,0,0,1,2,18
2024311413272,2024,311413272,459363,343636,-1.11718,52.98678,3,3,4,07:50,-1,E07000173,6,0,1,1,1,"[9, 3]",6,"[4, 2]",0,0,0,1,1,0,0,0,0,2,21