collision_index,collision_year,collision_ref_no,location_easting_osgr,location_northing_osgr,longitude,latitude,casualty_severity,casualty_severity,day_of_week,time,local_authority_district,local_authority_ons_district,first_road_class,light_conditions,weather_conditions,road_surface_conditions,urban_or_rural_area,vehicle_manoeuvre,vehicle_direction_from,vehicle_direction_to,hit_object_in_carriageway,vehicle_leaving_carriageway,hit_object_off_carriageway,is_car,is_cyle,is_mcyle,is_goodsv,is_other,is_pedestrian,month,day
2024311413315,2024,311413315,457466,340449,-1.146,52.95834,3,3,5,07:00,-1,E06000018,3,0,1,0,1,19,8,"[4, 5]",0,0,0,1,0,0,0,0,0,2,22
2024311413405,2024,311413405,453344,341968,-1.2071,52.97242,2,2,6,08:15,-1,E06000018,6,0,1,0,1,7,7,5,0,0,0,1,0,0,0,0,1,2,23
2024311413549,2024,311413549,456519,338235,-1.16048,52.93854,3,3,3,19:12,-1,E06000018,6,2,1,0,1,4,5,1,0,0,0,1,1,0,0,0,0,2,20
2024311413607,2024,311413607,453160,361560,-1.20661,53.14854,2,2,7,10:57,-1,E07000174,6,0,1,0,1,19,8,2,0,0,0,1,0,0,0,0,1,2,24
2024311413717,2024,311413717,456076,342489,-1.16633,52.97683,3,3,7,15:41,-1,E06000018,4,0,1,0,1,19,"[5, 3]","[1, 7]",0,0,0,1,1,0,0,0,0,2,24
2024311413730,2024,311413730,461392,342217,-1.08723,52.9738,2,2,7,18:16,-1,E07000173,6,2,1,0,1,1,1,4,0,0,0,1,0,0,0,0,1,2,24
2024311413817,2024,311413817,456477,360345,-1.15724,53.13728,3,3,7,15:13,-1,E07000174,3,0,1,0,1,19,5,1,0,0,0,0,0,1,0,0,1,2,24
2024311413823,2024,311413823,464495,337166,-1.04203,52.92804,3,3,1,08:15,-1,E07000176,6,0,1,1,2,19,8,4,0,1,9,1,0,0,0,0,0,2,25
2024311413845,2024,311413845,457518,340361,-1.14524,52.95755,3,3,7,13:30,-1,E06000018,3,0,1,0,1,19,8,4,0,0,0,1,1,0,0,0,0,2,24
2024311413857,2024,311413857,452436,348528,-1.21956,53.03147,3,3,5,08:23,-1,E07000170,6,0,1,1,1,"[9, 7]","[6, 4]","[4, 6]",0,0,0,1,0,0,1,0,0,2,22
2024311413925,2024,311413925,455690,342791,-1.17203,52.97958,3,3,3,16:20,-1,E06000018,4,0,1,0,1,19,8,"[4, 2]",0,0,0,1,1,0,0,0,0,2,20
2024311413934,2024,311413934,464255,391513,-1.0347,53.41652,3,3,6,08:01,-1,E07000171,3,0,1,0,2,19,2,6,0,7,0,1,0,0,0,0,0,2,16
2024311413966,2024,311413966,454422,341481,-1.19113,52.96794,3,3,5,12:30,-1,E06000018,4,0,1,0,1,"[3, 19]",7,3,0,0,0,1,0,0,0,0,0,2,22
2024311414190,2024,311414190,454452,340080,-1.19092,52.95534,3,3,7,19:19,-1,E06000018,3,2,2,1,1,"[9, 19]",7,"[5, 3]",0,"[0, 7]",0,1,0,0,0,0,0,2,17
2024311414193,2024,311414193,454934,341427,-1.18352,52.9674,2,2,7,07:00,-1,E06000018,6,2,2,1,1,"[9, 19]","[6, 8]","[3, 4]",0,0,0,1,1,0,0,0,0,2,17
2024311414287,2024,311414287,458235,380088,-1.12736,53.31453,3,3,5,08:10,-1,E07000171,6,0,2,1,1,9,1,7,0,0,0,1,0,0,0,0,1,2,22
2024311414293,2024,311414293,459621,340211,-1.11396,52.95597,2,2,2,15:38,-1,E06000018,6,0,1,0,1,19,8,4,0,0,0,1,0,0,0,0,1,2,26
2024311414295,2024,311414295,448532,361003,-1.27589,53.14397,3,3,2,15:16,-1,E07000170,6,0,1,0,1,19,"[2, 6]","[6, 2]",0,0,0,1,0,0,0,0,0,2,26
2024311414452,2024,311414452,480646,353924,-0.79764,53.07647,3,3,6,18:30,-1,E07000175,6,2,1,1,1,"[5, 19]","[5, 3]","[1, 7]",0,0,0,1,0,0,0,0,0,2,23
2024311414482,2024,311414482,452088,343959,-1.22548,52.99044,3,3,3,08:20,-1,E07000172,3,0,1,0,2,19,7,3,0,0,0,1,0,0,0,0,0,2,27
2024311414491,2024,311414491,449772,357015,-1.25797,53.10801,3,3,3,14:30,-1,E07000170,6,0,1,0,1,19,4,8,0,0,0,1,1,0,0,0,0,2,20
2024311414791,2024,311414791,455318,342993,-1.17753,52.98143,2,2,3,18:30,-1,E06000018,4,2,2,1,1,"[9, 19]","[8, 4]","[4, 8]",0,0,0,1,0,1,0,0,0,2,27
2024311414793,2024,311414793,464923,378126,-1.02739,53.29612,3,3,3,19:26,-1,E07000171,3,2,2,1,2,19,8,4,0,0,0,1,0,0,0,0,0,2,27
2024311414931,2024,311414931,453585,361577,-1.20026,53.14865,3,3,4,07:57,-1,E07000174,6,0,1,0,1,"[4, 5]","[3, 4]","[5, 1]",0,0,0,1,0,0,0,0,0,2,28
2024311414986,2024,311414986,456524,343668,-1.15946,52.98738,3,3,6,15:05,-1,E06000018,3,0,9,-1,1,"[7, 19]",8,"[3, 4]",0,0,0,1,0,0,1,0,0,2,16
2024311415072,2024,311415072,455685,354482,-1.17009,53.08466,2,2,2,05:50,-1,E07000173,6,0,1,0,2,19,8,4,0,0,0,1,0,0,0,0,0,2,26
2024311415143,2024,311415143,454011,359495,-1.19424,53.12989,3,3,4,16:17,-1,E07000174,6,0,1,0,1,19,"[1, 5]","[2, 4]",0,0,0,1,0,1,0,0,0,2,28
2024311415156,2024,311415156,458753,345362,-1.12595,53.00236,3,3,4,16:07,-1,E07000173,6,0,1,1,1,"[7, 19]","[4, 2]","[6, 7]",0,0,0,1,0,0,0,0,0,2,28
2024311415235,2024,311415235,480551,354953,-0.7988,53.08573,3,3,4,21:45,-1,E07000175,4,2,1,0,1,19,6,2,0,0,0,1,0,0,0,0,0,2,28
2024311415323,2024,311415323,456906,344647,-1.15359,52.99613,3,3,5,08:43,-1,E06000018,6,0,1,1,1,19,5,8,0,0,0,1,0,0,0,0,1,2,29
2024311415338,2024,311415338,474204,381733,-0.88733,53.32732,3,3,3,06:50,-1,E07000171,6,0,8,1,2,19,3,7,0,7,0,1,0,0,0,0,0,2,27
2024311415406,2024,311415406,450623,353725,-1.24577,53.07836,3,3,5,09:40,-1,E07000170,6,0,1,0,1,"[4, 19]",3,7,0,0,0,1,0,0,0,0,0,2,29
2024311415525,2024,311415525,456985,339797,-1.15327,52.95253,2,2,3,16:55,-1,E06000018,3,0,1,0,1,19,8,4,0,0,0,1,0,0,0,0,1,2,27
2024311415547,2024,311415547,452969,337144,-1.21347,52.9291,2,2,5,13:00,-1,E07000172,6,0,1,0,1,19,8,4,0,0,0,1,0,0,0,0,1,2,29
2024311415574,2024,311415574,456199,343898,-1.16426,52.98948,3,3,5,16:00,-1,E06000018,3,0,1,1,1,5,"[3, 7]","[7, 3]",0,0,0,0,0,0,1,0,0,2,29
2024311415622,2024,311415622,448203,348209,-1.28272,53.029,2,2,5,22:13,-1,E07000172,4,2,1,1,2,19,5,4,0,1,4,1,0,0,0,0,0,2,29
2024311415690,2024,311415690,470089,380112,-0.94946,53.31331,3,3,6,08:14,-1,E07000171,6,0,1,1,1,19,1,5,0,0,0,1,0,0,0,0,1,3,1
2024311415732,2024,311415732,479767,352234,-0.81118,53.06141,3,3,6,08:47,-1,E07000175,6,0,2,1,1,19,3,7,0,0,0,1,0,0,0,0,1,3,1
2024311415754,2024,311415754,469871,381847,-0.95235,53.32894,3,3,6,09:20,-1,E07000171,6,0,2,1,1,19,"[8, 2]","[4, 6]",0,0,0,1,0,0,0,0,0,3,1
2024311415806,2024,311415806,472910,390632,-0.90471,53.40748,3,3,6,09:30,-1,E07000171,3,0,2,1,2,"[4, 19]",3,7,0,0,0,1,0,0,1,0,0,3,1
2024311415886,2024,311415886,453630,351129,-1.20132,53.05473,3,3,6,13:00,-1,E07000173,4,0,2,1,1,"[10, 19]",2,6,0,0,0,1,0,0,0,0,0,3,1
2024311415900,2024,311415900,478719,353039,-0.82662,53.0688,2,2,4,09:33,-1,E07000175,4,0,1,0,2,19,6,2,0,7,0,1,0,0,0,0,0,1,24
2024311415908,2024,311415908,453429,359658,-1.20291,53.13141,1,1,5,22:40,-1,E07000174,6,2,1,1,1,1,8,8,0,0,0,1,0,0,0,0,1,2,22
2024311415966,2024,311415966,455278,352561,-1.17649,53.06744,3,3,6,20:05,-1,E07000173,4,2,1,1,2,19,5,1,0,0,0,1,0,0,0,0,0,3,1
2024311415977,2024,311415977,452851,362599,-1.21106,53.15791,3,3,6,06:00,-1,E07000174,3,2,1,1,2,19,3,7,12,0,0,1,0,0,0,0,0,3,1
2024311415986,2024,311415986,477403,392818,-0.8366,53.42648,3,3,6,16:26,-1,E07000171,3,0,1,0,2,"[2, 19]",1,1,"[0, 4]",1,"[0, 3]",1,0,0,1,0,0,3,1
2024311416014,2024,311416014,461252,340966,-1.08955,52.96257,3,3,6,22:53,-1,E07000173,6,2,1,1,1,"[19, 2]","[3, 0]","[7, 0]","[4, 0]",0,0,1,0,0,0,0,0,3,1
2024311416049,2024,311416049,455114,341162,-1.18088,52.965,3,3,5,11:56,-1,E06000018,6,0,1,0,1,"[9, 19]",4,"[2, 8]",0,"[0, 8]",0,1,0,1,0,0,0,2,22
2024311416054,2024,311416054,460237,342948,-1.10429,52.9805,2,2,4,17:34,-1,E07000173,6,0,1,0,1,19,4,8,0,0,0,1,0,0,0,0,1,2,21
2024311416105,2024,311416105,456531,343657,-1.15935,52.98728,3,3,5,17:34,-1,E06000018,3,0,2,1,1,19,"[6, 1]","[2, 5]",0,0,0,1,0,0,0,0,0,2,29
2024311416197,2024,311416197,448979,336072,-1.27298,52.91984,3,3,7,12:37,-1,E07000172,3,0,1,1,1,"[3, 4]",7,3,"[4, 0]",0,0,1,0,0,0,0,0,3,2
2024311416211,2024,311416211,459415,346229,-1.11593,53.01008,2,2,5,12:16,-1,E07000173,6,0,2,1,1,4,1,6,0,0,0,0,0,0,1,0,0,2,29
2024311416226,2024,311416226,455551,365856,-1.17012,53.18691,2,2,7,14:29,-1,E07000174,3,0,2,1,2,"[5, 9]","[5, 8]","[1, 5]",0,0,0,1,0,1,0,0,0,3,2
2024311416268,2024,311416268,471270,379421,-0.93189,53.30695,3,3,6,08:20,-1,E07000171,3,0,9,0,2,"[19, 8]","[5, 7]",1,0,0,0,1,0,0,0,0,0,2,2
2024311416360,2024,311416360,464884,337135,-1.03625,52.92771,3,3,1,00:12,-1,E07000176,6,2,1,1,2,19,7,3,0,0,0,1,0,0,0,0,0,3,3
2024311416378,2024,311416378,464728,379364,-1.03007,53.30727,3,3,5,07:20,-1,E07000171,3,0,5,1,2,19,1,5,0,1,10,1,0,0,0,0,0,2,22
2024311416552,2024,311416552,465108,367409,-1.0268,53.19978,3,3,1,15:54,-1,E07000175,3,0,1,0,2,"[19, 5]","[1, 2]",5,0,"[0, 1]",0,1,0,0,0,0,0,3,3
2024311416593,2024,311416593,454650,359400,-1.1847,53.12897,3,3,1,03:04,-1,E07000174,6,2,1,1,1,19,5,1,10,7,1,1,0,0,0,0,0,3,3
2024311416709,2024,311416709,447436,346593,-1.29439,53.01455,3,3,2,08:26,-1,E07000172,6,0,1,1,1,9,8,4,0,0,0,1,0,0,0,0,1,3,4
2024311416779,2024,311416779,452557,361758,-1.2156,53.15038,3,3,6,14:00,-1,E07000174,6,0,1,0,1,19,5,1,0,0,0,0,0,1,0,0,0,2,23
2024311416780,2024,311416780,455308,341931,-1.17786,52.97189,2,2,2,08:06,-1,E06000018,6,0,8,0,1,19,"[3, 2]","[7, 6]",0,0,0,0,1,0,0,1,0,3,4
2024311416859,2024,311416859,475441,341380,-0.87825,52.96449,3,3,2,10:30,-1,E07000176,6,0,1,0,2,19,"[6, 7]","[1, 3]",0,"[1, 0]",0,1,0,0,0,0,1,3,4
2024311416957,2024,311416957,454230,344785,-1.19344,52.99765,3,3,2,18:46,-1,E06000018,4,2,2,1,1,19,1,5,0,0,0,1,0,0,0,0,1,3,4
2024311417053,2024,311417053,457788,340071,-1.14127,52.95491,3,3,6,11:23,-1,E06000018,3,0,1,0,1,5,"[5, 1]","[1, 5]",0,0,0,1,0,0,1,0,0,2,16
2024311417158,2024,311417158,466203,336530,-1.01675,52.92211,2,"[2, 3]",3,09:14,-1,E07000176,6,0,1,1,2,"[10, 19]",8,"[6, 4]",0,0,0,1,0,0,0,0,0,3,5
2024311417211,2024,311417211,474645,359523,-0.8859,53.12766,2,"[3, 2]",3,08:18,-1,E07000175,3,0,1,1,2,"[19, 9]","[8, 5]",4,0,0,0,1,0,0,0,0,0,3,5
2024311417220,2024,311417220,458383,342087,-1.13205,52.97297,3,3,2,16:40,-1,E06000018,6,0,1,0,1,"[5, 19]",1,5,0,"[1, 0]",0,1,0,1,0,0,0,3,4
2024311417291,2024,311417291,453619,343601,-1.20274,52.98707,3,3,7,11:10,-1,E06000018,6,0,2,1,1,"[5, 4]",1,5,0,0,0,1,0,1,0,0,0,3,2
2024311417347,2024,311417347,449344,358563,-1.26412,53.12196,2,2,1,14:29,-1,E07000170,6,0,1,0,1,20,7,3,0,0,0,0,0,1,0,0,0,3,3
2024311417434,2024,311417434,457111,340049,-1.15135,52.95479,3,3,3,18:10,-1,E06000018,6,0,1,0,1,5,1,5,0,0,0,0,0,0,0,1,1,3,5
2024311417674,2024,311417674,454902,338511,-1.18449,52.94119,3,3,7,14:15,-1,E06000018,3,0,1,0,1,"[19, 4]",8,4,0,0,0,1,0,0,0,0,0,3,2
2024311417682,2024,311417682,481642,355430,-0.7824,53.08985,3,3,4,07:05,-1,E07000175,3,2,1,0,2,"[2, 1]","[2, 6]","[6, 2]",0,0,0,1,0,0,1,0,0,2,7
2024311417781,2024,311417781,455771,342715,-1.17084,52.97889,3,3,1,22:00,-1,E06000018,4,2,1,1,1,"[19, 5]","[1, 5]","[5, 1]",0,0,0,1,1,0,0,0,0,3,3
2024311417784,2024,311417784,456115,334710,-1.1671,52.9069,3,3,4,15:49,-1,E06000018,6,0,1,0,2,"[9, 19]",1,5,0,0,0,1,0,0,0,0,0,3,6
2024311417798,2024,311417798,454231,342409,-1.19382,52.9763,3,3,4,08:49,-1,E06000018,6,0,1,0,1,19,"[5, 3]","[5, 7]",0,0,0,1,1,0,0,0,0,1,24
2024311417880,2024,311417880,455938,372390,-1.16319,53.24559,3,3,4,22:25,-1,E07000171,3,2,7,0,2,19,1,5,0,1,0,1,0,0,0,0,0,3,6
2024311418000,2024,311418000,463389,342788,-1.05738,52.9787,3,3,5,08:33,-1,E07000173,3,0,1,0,2,"[19, 5]",2,6,0,0,0,1,0,1,0,0,0,3,7
2024311418072,2024,311418072,453785,348050,-1.19952,53.02704,3,3,4,15:30,-1,E07000170,6,0,1,0,1,"[9, 15]",2,6,0,0,0,1,0,1,0,0,0,2,28
2024311418221,2024,311418221,479900,352277,-0.80918,53.06178,2,2,7,18:40,-1,E07000175,6,0,1,0,1,2,7,3,0,0,0,1,0,0,0,0,1,2,24
2024311418265,2024,311418265,454907,341434,-1.18392,52.96746,3,3,3,21:04,-1,E06000018,3,2,1,0,1,"[19, 9]","[7, 3]","[3, 7]",0,0,0,1,0,0,0,0,0,3,5
2024311418268,2024,311418268,469964,380829,-0.95118,53.31977,2,2,5,22:24,-1,E07000171,6,2,1,0,1,"[19, 9]","[5, 2]","[1, 8]",0,0,0,1,0,0,0,0,0,3,7
2024311418348,2024,311418348,455720,342760,-1.17159,52.9793,3,3,1,12:45,-1,E06000018,4,0,1,0,1,"[9, 4]","[3, 8]","[4, 2]",0,0,0,1,0,0,0,0,0,2,4
2024311418416,2024,311418416,454955,339197,-1.18358,52.94735,3,3,4,16:05,-1,E06000018,3,0,1,0,1,5,3,7,0,0,0,0,0,0,1,0,0,3,6
2024311418434,2024,311418434,458158,338223,-1.13609,52.93826,3,3,2,08:04,-1,E07000176,3,0,1,0,2,"[12, 19]","[2, 1]",3,0,0,0,1,0,0,1,0,0,3,4
2024311418489,2024,311418489,453649,364221,-1.19886,53.1724,3,3,4,15:30,-1,E07000174,6,0,9,0,1,5,3,7,0,0,0,1,0,0,0,0,1,3,6
2024311418609,2024,311418609,465138,327810,-1.03433,52.84387,3,3,6,10:00,-1,E07000176,3,0,1,0,2,4,5,1,0,0,0,1,0,0,0,0,1,3,8
2024311418675,2024,311418675,449875,344772,-1.25832,52.99796,3,3,2,15:40,-1,E07000172,6,0,1,0,1,19,4,8,0,0,0,0,0,0,1,0,1,3,4
2024311418732,2024,311418732,453792,330720,-1.20229,52.87127,2,2,7,10:39,-1,E07000176,6,0,1,0,2,"[19, 10]","[5, 1]",3,0,0,0,1,0,1,0,0,0,3,9
2024311418751,2024,311418751,447410,353143,-1.29382,53.07342,3,3,6,20:00,-1,E07000170,6,0,1,0,1,19,1,5,0,0,0,0,0,0,1,0,0,3,8
2024311418755,2024,311418755,449181,351817,-1.26759,53.06134,3,3,6,06:35,-1,E07000170,1,2,1,0,2,19,4,8,0,0,0,1,0,0,0,0,0,3,8
2024311418761,2024,311418761,457825,340018,-1.14073,52.95443,3,3,6,20:05,-1,E06000018,3,2,1,0,1,4,4,8,0,0,0,0,0,0,1,0,0,3,8
2024311418771,2024,311418771,459861,339030,-1.11061,52.94533,2,2,3,17:38,-1,E06000018,6,0,1,0,2,14,3,7,0,0,0,1,0,0,0,0,1,2,27
2024311418797,2024,311418797,453091,342410,-1.2108,52.97642,3,3,6,18:32,-1,E06000018,4,2,1,0,1,"[19, 9]","[2, 4, 6]","[6, 2]",0,0,0,1,0,0,0,0,0,3,8
2024311418831,2024,311418831,455745,340143,-1.17166,52.95577,2,2,7,19:19,-1,E06000018,3,2,1,0,1,"[6, 19]",3,"[3, 7]",0,0,0,1,1,0,0,0,0,3,9
2024311418848,2024,311418848,452868,341001,-1.21435,52.96378,3,3,7,19:48,-1,E06000018,6,2,1,1,1,"[19, 4]",4,8,0,0,0,1,0,0,0,0,0,3,9
2024311418951,2024,311418951,453311,343173,-1.20739,52.98326,3,3,7,14:15,-1,E06000018,6,0,1,0,1,19,-1,-1,0,0,0,0,0,0,0,0,1,2,17
2024311419071,2024,311419071,457599,326351,-1.14651,52.83161,3,3,1,17:35,-1,E07000176,3,0,2,1,2,"[19, 5]","[1, 7]",5,0,0,0,1,0,0,0,0,0,3,10
2024311419103,2024,311419103,455045,343364,-1.18154,52.9848,3,3,1,19:19,-1,E06000018,4,0,2,1,1,"[19, 9]","[8, 4]","[4, 1]",0,0,0,1,0,0,0,0,0,3,10
2024311419151,2024,311419151,455059,360842,-1.17835,53.14189,3,3,6,08:00,-1,E07000174,4,0,1,0,1,19,6,2,0,0,0,1,1,0,0,0,0,3,8
2024311419544,2024,311419544,461097,377903,-1.08483,53.29457,3,3,1,17:17,-1,E07000171,3,0,2,1,2,19,3,7,0,0,0,1,0,0,0,0,0,3,10
2024311419615,2024,311419615,474035,360038,-0.8949,53.13237,3,3,2,09:44,-1,E07000175,3,0,1,0,2,"[9, 3]","[7, 4]","[4, 8]",0,0,0,1,0,1,0,0,0,2,26
2024311419956,2024,311419956,459402,337446,-1.11773,52.93114,3,3,7,15:10,-1,E07000176,6,0,1,0,1,"[9, 19]","[5, 7]",3,0,0,0,1,0,0,0,0,0,3,2
2024311420013,2024,311420013,453799,338731,-1.20086,52.94328,3,3,3,20:03,-1,E06000018,3,2,2,1,1,"[3, 19]",7,3,0,0,0,1,0,0,0,0,0,3,12
2024311420026,2024,311420026,448926,340199,-1.27315,52.95694,3,3,3,14:35,-1,E07000172,1,0,1,0,1,"[3, 14]",5,1,"[0, 11]",0,0,1,0,0,0,0,0,2,20
2024311420042,2024,311420042,452364,338159,-1.22231,52.93828,3,3,3,23:21,-1,E07000172,3,2,1,1,1,19,7,3,11,7,0,1,0,0,0,0,0,3,12
2024311420043,2024,311420043,450455,337906,-1.25075,52.93619,3,3,1,19:23,-1,E07000172,3,2,2,1,1,"[19, 12]",5,1,0,0,0,1,0,0,0,0,0,3,10
2024311420230,2024,311420230,449496,357614,-1.262,53.11342,3,3,7,12:22,-1,E07000170,3,0,1,0,2,4,"[7, 3]","[3, 7]",0,0,0,1,0,0,0,0,0,3,2
2024311420298,2024,311420298,459213,372235,-1.11414,53.24384,3,3,3,08:00,-1,E07000171,6,0,2,1,2,19,7,3,0,8,4,1,0,0,0,0,0,3,12
2024311420402,2024,311420402,450290,334142,-1.25378,52.90237,3,3,7,04:05,-1,E07000172,3,2,1,0,2,19,2,6,0,"[0, 1]","[0, 10]",1,1,0,0,0,0,3,9
2024311420449,2024,311420449,455197,344700,-1.17905,52.99679,3,3,4,16:48,-1,E06000018,3,0,1,0,1,19,3,7,0,0,0,1,0,0,0,0,0,3,13
2024311420622,2024,311420622,449417,359144,-1.26294,53.12718,3,3,3,17:10,-1,E07000170,4,0,1,1,1,"[19, 3]",6,2,0,0,0,1,0,0,0,0,0,3,12
2024311420647,2024,311420647,460534,342203,-1.1,52.97377,2,2,4,14:01,-1,E07000173,6,0,9,-1,1,19,-1,-1,0,0,0,0,0,0,0,0,0,3,13
2024311420676,2024,311420676,458705,378953,-1.12052,53.30428,3,3,7,18:15,-1,E07000171,6,2,1,0,1,9,7,5,0,0,0,1,0,0,0,0,1,3,9
2024311420694,2024,311420694,458714,362952,-1.12333,53.16047,3,3,3,08:50,-1,E07000175,4,0,2,1,1,"[19, 10]",2,6,0,0,0,1,0,0,0,0,0,3,12
2024311420777,2024,311420777,456784,368213,-1.15125,53.20796,3,3,5,18:42,-1,E07000174,3,2,1,0,2,"[10, 19]",6,"[4, 2]",0,0,0,1,0,0,0,0,0,2,29
2024311420911,2024,311420911,449838,359269,-1.25663,53.12826,3,3,5,13:09,-1,E07000170,6,0,1,1,1,19,6,2,0,0,0,0,0,0,1,0,1,3,14
2024311421019,2024,311421019,451549,360188,-1.23092,53.13636,3,3,4,08:13,-1,E07000174,6,0,1,0,1,19,3,7,0,0,0,1,0,0,0,0,1,3,13
2024311421065,2024,311421065,481046,353914,-0.79168,53.07632,2,2,3,14:00,-1,E07000175,6,0,1,0,1,19,7,3,0,0,0,1,0,0,0,0,1,3,12
2024311421093,2024,311421093,456726,345411,-1.15614,53.00302,3,3,6,11:20,-1,E06000018,6,0,1,0,1,"[9, 2]",7,4,0,0,0,1,0,0,0,0,1,3,15
2024311421135,2024,311421135,449805,359611,-1.25707,53.13134,3,3,4,07:30,-1,E07000170,6,0,1,1,1,5,2,4,0,0,0,1,0,0,0,0,1,3,13
2024311421194,2024,311421194,455481,340055,-1.17561,52.95501,3,3,7,18:25,-1,E06000018,3,2,1,1,1,19,6,2,0,0,0,1,0,0,0,0,0,3,9
2024311421265,2024,311421265,445605,353119,-1.32076,53.07336,3,3,6,22:40,-1,E07000170,6,2,2,1,1,19,7,3,0,7,10,1,0,0,0,0,0,3,15
2024311421467,2024,311421467,479365,354700,-0.81657,53.08363,3,3,6,07:00,-1,E07000175,3,0,1,0,2,"[5, 19]",1,4,0,0,0,1,0,0,0,0,0,3,15
2024311421477,2024,311421477,455698,341583,-1.17212,52.96872,3,3,2,15:50,-1,E06000018,6,2,1,0,1,"[2, 4]","[0, 2]","[0, 6]",0,0,0,1,0,0,0,0,0,3,11
2024311421572,2024,311421572,457094,379490,-1.14459,53.30928,3,3,7,10:54,-1,E07000171,6,0,1,0,2,19,5,1,0,7,10,1,0,0,0,0,0,3,16
2024311421677,2024,311421677,454898,334897,-1.18516,52.90871,3,3,1,14:47,-1,E06000018,3,0,1,1,1,19,"[1, 6]","[8, 6]",0,0,0,1,0,0,0,0,0,3,17
2024311421698,2024,311421698,454058,363193,-1.19291,53.16312,3,3,7,19:08,-1,E07000174,3,2,2,1,1,9,1,5,0,0,0,1,0,1,0,0,0,3,16
2024311421758,2024,311421758,452607,344546,-1.21766,52.99567,3,3,1,19:40,-1,E07000172,3,2,1,0,1,19,"[1, 3]","[3, 7]",0,0,0,1,1,0,0,0,0,3,17
2024311422018,2024,311422018,454918,338359,-1.18428,52.93982,3,3,6,16:20,-1,E06000018,6,0,1,0,1,19,"[4, 2]","[8, 6]",0,0,0,1,1,0,0,0,0,3,8
2024311422058,2024,311422058,453742,343855,-1.20086,52.98934,3,3,3,09:00,-1,E06000018,6,0,1,0,1,"[5, 19]","[6, 2]","[2, 6]",0,0,0,1,0,0,1,0,0,3,5
2024311422210,2024,311422210,481505,351547,-0.78542,53.05497,3,3,1,20:01,-1,E07000175,6,2,1,0,1,"[5, 19]","[7, 3]","[3, 7]",0,0,0,1,1,0,0,0,0,3,17
2024311422220,2024,311422220,453789,345290,-1.19992,53.00224,3,3,2,16:33,-1,E06000018,6,0,1,0,1,19,8,4,0,0,0,1,0,0,0,0,1,3,18
2024311422492,2024,311422492,450512,355952,-1.24708,53.09839,3,3,3,13:07,-1,E07000170,6,0,8,0,1,19,5,1,4,0,0,1,0,0,0,0,0,3,19
2024311422511,2024,311422511,473588,390506,-0.89454,53.40625,2,2,3,15:03,-1,E07000171,4,0,1,0,2,"[9, 19]","[5, 7]","[2, 3]",0,"[7, 1]",0,1,0,0,0,0,0,3,19
2024311422581,2024,311422581,451054,359025,-1.2385,53.12596,3,3,3,22:00,-1,E07000170,3,2,2,1,1,"[19, 7]","[2, 3]","[7, 6]",0,0,0,1,0,0,0,0,0,3,19
2024311422627,2024,311422627,453564,337629,-1.20454,52.9334,3,3,5,05:40,-1,E06000018,3,0,2,1,1,"[19, 3]",4,7,0,0,0,1,0,1,0,0,0,2,29
2024311422645,2024,311422645,458717,337619,-1.12789,52.93277,3,3,3,11:50,-1,E07000176,6,0,1,0,1,9,8,5,0,0,0,1,0,0,0,0,1,3,19
2024311422809,2024,311422809,453615,340036,-1.20338,52.95503,3,3,2,17:00,-1,E06000018,3,2,1,0,1,4,3,7,0,0,0,1,0,0,0,0,0,3,18
2024311423013,2024,311423013,457601,326376,-1.14647,52.83184,3,3,4,21:39,-1,E07000176,3,2,8,1,2,19,"[3, 1]","[3, 1]","[0, 7]","[3, 4]",0,1,0,0,0,0,0,3,20
2024311423032,2024,311423032,455030,362549,-1.17849,53.15724,3,3,4,07:40,-1,E07000174,3,0,2,1,1,"[10, 7]","[6, 3]","[3, 8]",0,1,0,1,0,0,0,0,0,3,20
2024311423053,2024,311423053,452925,360544,-1.21029,53.13943,3,3,2,08:45,-1,E07000174,6,0,1,0,1,1,6,2,0,0,0,1,0,0,0,0,1,3,18
2024311423124,2024,311423124,457143,339833,-1.15091,52.95284,2,2,5,08:50,-1,E06000018,6,0,1,0,1,19,6,2,0,0,0,0,1,0,0,0,1,3,21
2024311423289,2024,311423289,453977,344707,-1.19722,52.99698,3,3,1,10:00,-1,E06000018,6,0,1,0,1,"[-1, 19]",-1,-1,0,0,0,1,0,0,0,0,0,3,17
2024311423380,2024,311423380,453599,337427,-1.20405,52.93158,3,3,5,18:59,-1,E07000172,6,2,1,0,1,19,"[8, 6]","[4, 2]",0,0,0,1,0,0,0,1,0,3,21
2024311423488,2024,311423488,456273,343857,-1.16316,52.9891,3,3,2,12:00,-1,E06000018,3,0,1,0,1,19,4,8,0,0,0,0,0,0,1,0,0,3,18
2024311423659,2024,311423659,456951,339637,-1.1538,52.9511,3,3,4,14:30,-1,E06000018,6,0,1,0,1,"[19, 9]","[2, 7]",6,0,0,0,1,1,0,0,0,0,3,20
2024311423682,2024,311423682,457020,340040,-1.15271,52.95471,3,3,6,15:24,-1,E06000018,3,0,1,0,1,19,3,7,0,0,0,0,0,0,1,0,1,3,22
2024311423683,2024,311423683,450555,359696,-1.24585,53.13204,3,3,6,14:08,-1,E07000170,4,0,4,0,1,19,4,8,0,0,0,1,0,1,0,0,0,3,22
2024311423685,2024,311423685,458551,345602,-1.12892,53.00454,3,3,5,20:30,-1,E07000173,6,2,1,0,1,19,"[4, 1]","[8, 5]",0,0,0,1,0,0,0,0,0,3,7