collision_index,collision_year,collision_ref_no,location_easting_osgr,location_northing_osgr,longitude,latitude,casualty_severity,casualty_severity,day_of_week,time,local_authority_district,local_authority_ons_district,first_road_class,light_conditions,weather_conditions,road_surface_conditions,urban_or_rural_area,vehicle_manoeuvre,vehicle_direction_from,vehicle_direction_to,hit_object_in_carriageway,vehicle_leaving_carriageway,hit_object_off_carriageway,is_car,is_cyle,is_mcyle,is_goodsv,is_other,is_pedestrian,month,day
2024311423781,2024,311423781,449258,354127,-1.26609,53.0821,2,2,5,18:08,-1,E07000170,6,0,1,0,1,19,"[3, 5]","[7, 1]",0,0,0,1,0,1,0,0,0,3,21
2024311423952,2024,311423952,456971,344484,-1.15265,52.99466,3,3,7,13:34,-1,E06000018,6,0,1,0,1,"[19, 9]","[1, 3]","[5, 1]",0,0,0,1,0,0,0,0,0,3,23
2024311424028,2024,311424028,455775,341323,-1.17102,52.96638,2,2,7,16:50,-1,E06000018,6,0,8,1,1,19,1,5,0,0,0,0,0,0,0,1,1,3,23
2024311424270,2024,311424270,455810,339833,-1.17075,52.95298,3,3,3,12:20,-1,E06000018,3,0,1,0,1,4,6,2,0,0,0,0,0,0,1,0,1,3,19
2024311424286,2024,311424286,452589,339670,-1.21871,52.95184,2,2,7,21:12,-1,E06000018,6,2,2,1,1,19,2,6,0,2,0,1,0,0,0,0,0,3,23
2024311424388,2024,311424388,452856,341013,-1.21452,52.96389,3,3,2,07:15,-1,E06000018,6,0,1,0,1,"[9, 19]","[6, 8]",4,0,0,0,1,0,0,0,0,0,3,18
2024311424655,2024,311424655,457959,344587,-1.13792,52.99548,1,1,2,13:57,-1,E07000173,3,0,1,0,1,10,1,5,0,0,0,0,0,0,1,0,1,3,25
2024311424713,2024,311424713,454877,341422,-1.18437,52.96736,3,3,2,18:10,-1,E06000018,4,2,1,0,1,7,5,7,0,0,0,1,0,0,0,0,0,3,25
2024311424751,2024,311424751,450660,357709,-1.2446,53.11417,3,3,3,00:42,-1,E07000170,4,2,1,1,2,19,1,7,7,7,1,1,0,0,0,0,0,3,26
2024311424854,2024,311424854,468485,335643,-0.983,52.91386,2,2,3,08:40,-1,E07000176,6,0,1,0,2,"[9, 19]","[4, 6]","[6, 2]",0,0,0,1,0,1,0,0,0,3,26
2024311424861,2024,311424861,457908,345543,-1.13851,53.00408,3,3,5,13:15,-1,E07000173,6,0,9,-1,1,9,4,2,0,0,0,1,0,0,0,0,1,3,21
2024311424895,2024,311424895,458255,340349,-1.13427,52.95736,3,3,3,09:46,-1,E06000018,6,0,1,0,1,"[19, 9]","[6, 4]",2,0,0,0,1,0,0,0,0,0,3,26
2024311424918,2024,311424918,451342,336627,-1.23775,52.92461,3,3,3,11:20,-1,E07000172,6,0,1,0,1,"[9, 19]","[5, 1]","[4, 1]",0,0,0,1,0,0,0,0,0,3,26
2024311424972,2024,311424972,452684,342130,-1.2169,52.97394,3,3,4,17:30,-1,E06000018,4,2,1,0,1,19,3,5,0,0,0,0,0,0,0,0,1,3,20
2024311425022,2024,311425022,459165,358752,-1.11735,53.12267,3,3,3,12:00,-1,E07000175,3,0,1,0,2,4,7,3,7,1,0,1,0,0,0,0,0,3,26
2024311425047,2024,311425047,462651,340867,-1.06874,52.96152,3,3,2,14:11,-1,E07000173,3,0,1,0,1,19,"[2, 8]","[6, 4]",0,0,0,1,0,0,0,0,0,3,25
2024311425168,2024,311425168,464305,365439,-1.03922,53.18217,3,3,2,20:07,-1,E07000175,3,2,2,1,2,19,1,5,0,0,0,1,0,0,0,0,1,3,25
2024311425177,2024,311425177,458480,379471,-1.1238,53.30896,3,3,3,22:08,-1,E07000171,4,2,2,1,1,3,3,5,0,0,0,1,0,0,0,0,1,3,26
2024311425227,2024,311425227,450179,360023,-1.25142,53.13501,3,3,1,18:00,-1,E07000170,6,2,1,1,1,9,"[8, 5]","[5, 2]",0,0,0,1,0,0,0,0,0,3,24
2024311425243,2024,311425243,458731,337371,-1.12772,52.93054,3,3,6,16:29,-1,E07000176,6,0,1,0,1,"[2, 1]",2,"[7, 6]",0,0,0,1,0,0,0,0,1,3,22
2024311425273,2024,311425273,456605,337123,-1.15939,52.92854,3,3,6,12:45,-1,E06000018,6,0,1,1,1,"[14, 19]","[5, 1]","[1, 5]",0,0,0,1,0,0,1,0,0,3,22
2024311425536,2024,311425536,454617,338916,-1.18866,52.94486,3,3,2,17:30,-1,E06000018,3,0,1,1,1,4,3,7,0,0,0,0,0,0,1,0,0,3,25
2024311425597,2024,311425597,446906,346279,-1.30234,53.01177,3,3,2,21:44,-1,E07000172,6,2,1,1,1,19,"[3, 6]","[8, 2]",0,0,0,1,0,0,0,0,0,3,25
2024311425603,2024,311425603,448408,344807,-1.28017,52.99841,3,3,4,04:26,-1,E07000172,3,2,8,0,2,19,1,5,0,0,0,0,0,0,1,0,1,3,27
2024311425609,2024,311425609,451452,342828,-1.23514,52.98034,3,3,5,02:43,-1,E06000018,3,2,1,1,1,19,1,5,0,3,0,1,0,0,0,0,0,3,28
2024311425792,2024,311425792,454823,339930,-1.18542,52.95395,3,3,5,10:45,-1,E06000018,6,0,8,0,1,5,1,4,0,0,0,0,0,0,1,0,1,3,28
2024311425843,2024,311425843,453110,348569,-1.2095,53.03178,3,3,4,10:33,-1,E07000170,6,0,1,0,1,"[19, 4]",4,8,0,0,0,1,0,0,0,0,0,3,20
2024311425922,2024,311425922,456343,381723,-1.15547,53.32943,3,3,3,08:18,-1,E07000171,3,0,9,1,2,19,5,1,0,0,0,0,0,1,0,0,0,3,5
2024311425949,2024,311425949,462894,334533,-1.06635,52.90456,3,3,7,14:47,-1,E07000176,6,0,1,0,2,"[4, 19]",3,7,0,0,0,1,0,1,0,0,0,3,23
2024311425951,2024,311425951,455711,342773,-1.17172,52.97942,3,3,5,15:34,-1,E06000018,4,0,1,0,1,2,1,4,0,0,0,0,0,0,1,0,0,3,28
2024311425952,2024,311425952,457067,339751,-1.15206,52.95211,3,3,6,22:00,-1,E06000018,6,2,9,0,1,"[19, 3]",7,3,0,0,0,1,1,0,0,0,0,3,22
2024311425966,2024,311425966,456901,338285,-1.15478,52.93895,3,3,3,19:46,-1,E06000018,6,2,2,1,1,"[19, 2]","[2, 4]","[6, 2]","[4, 0]",1,"[0, 2]",1,0,0,0,0,0,3,26
2024311425991,2024,311425991,463663,347769,-1.05232,53.02344,2,2,5,17:50,-1,E07000173,6,0,2,1,2,"[7, 19]","[4, 3, 6]","[7, 2]",0,0,0,1,0,0,0,0,0,3,28
2024311426052,2024,311426052,452159,343977,-1.22442,52.99059,3,3,3,08:44,-1,E07000172,3,0,1,0,2,"[4, 12]",7,3,0,0,0,1,0,0,0,0,0,3,19
2024311426059,2024,311426059,455070,343459,-1.18115,52.98565,3,3,5,15:08,-1,E06000018,4,0,1,1,1,"[19, 5]","[5, 3]","[2, 7]",0,0,0,1,0,0,0,0,0,3,28
2024311426108,2024,311426108,480557,353171,-0.79916,53.06971,3,3,5,08:15,-1,E07000175,6,0,1,0,1,19,4,8,0,0,0,1,0,0,0,0,1,3,28
2024311426113,2024,311426113,448088,354523,-1.28349,53.08577,3,3,6,09:00,-1,E07000170,4,0,3,1,2,19,6,2,0,1,4,1,0,0,0,0,0,3,29
2024311426135,2024,311426135,459816,342032,-1.11073,52.97231,3,3,6,13:15,-1,E07000173,6,0,1,0,1,19,"[1, 7]","[5, 3]",0,0,0,1,0,0,0,0,0,3,29
2024311426191,2024,311426191,457637,340215,-1.14349,52.95622,3,3,6,21:00,-1,E06000018,3,2,1,1,1,"[2, 19]",5,1,0,0,0,1,0,1,0,0,0,3,22
2024311426192,2024,311426192,454433,340279,-1.19117,52.95713,3,3,6,16:32,-1,E06000018,3,0,1,1,1,"[12, 19]",5,1,0,0,0,1,0,0,0,0,0,3,29
2024311426197,2024,311426197,458798,336702,-1.12685,52.92452,3,3,5,18:36,-1,E07000176,6,0,1,0,1,"[19, 9]","[8, 1]","[4, 6]",0,0,0,1,1,0,0,0,0,3,21
2024311426276,2024,311426276,452383,340799,-1.2216,52.96201,3,3,6,15:10,-1,E06000018,6,0,1,0,1,"[2, 19]","[0, 7]","[0, 3]","[0, 4]",0,0,1,0,0,0,0,0,3,29
2024311426318,2024,311426318,458419,341829,-1.13156,52.97064,3,3,6,11:15,-1,E06000018,6,0,1,0,1,"[2, 19]","[0, 5]","[0, 1]","[0, 4]",0,0,1,0,0,0,0,0,3,29
2024311426341,2024,311426341,452430,360040,-1.21777,53.13495,3,3,4,08:00,-1,E07000174,6,0,8,0,1,19,"[6, 2]","[6, 2]",0,0,0,1,0,0,0,0,0,3,27
2024311426362,2024,311426362,453575,342675,-1.20354,52.97875,3,3,5,19:30,-1,E06000018,6,2,1,0,1,"[19, 1]",1,4,0,0,0,1,0,0,0,0,0,3,21
2024311426375,2024,311426375,458453,342923,-1.13086,52.98047,3,3,7,19:52,-1,E06000018,4,2,9,-1,1,19,-1,-1,0,0,0,1,0,0,0,0,1,3,23
2024311426476,2024,311426476,454609,344585,-1.18782,52.99582,3,3,7,14:30,-1,E06000018,6,0,1,0,1,"[19, 1]","[6, 7]",2,0,0,0,1,0,0,0,0,0,3,30
2024311426477,2024,311426477,454519,341560,-1.18967,52.96864,3,3,7,14:00,-1,E06000018,3,0,1,0,1,"[19, 13]",2,6,0,0,0,1,0,0,0,0,0,3,30
2024311426575,2024,311426575,456493,361233,-1.15684,53.14525,3,3,7,19:23,-1,E07000174,6,2,1,0,1,"[2, 4]","[0, 3]","[0, 7]","[0, 4]",0,0,1,0,0,0,0,0,3,30
2024311426652,2024,311426652,456988,359272,-1.14979,53.12758,3,3,5,16:20,-1,E07000174,3,0,9,1,1,"[12, 19]",8,4,0,0,0,1,0,0,0,0,0,3,28
2024311426767,2024,311426767,459781,349951,-1.10978,53.0435,2,2,1,18:20,-1,E07000173,4,0,1,1,2,"[7, 19]","[3, 2]",6,0,0,0,1,0,0,0,0,0,3,31
2024311426788,2024,311426788,455464,342792,-1.17539,52.97961,2,2,1,22:12,-1,E06000018,3,2,2,1,1,"[19, 9]","[2, 6]","[6, 2]","[0, 10]",0,0,1,0,0,0,0,0,3,31
2024311426839,2024,311426839,454542,338800,-1.1898,52.94383,1,1,1,09:59,-1,E06000018,3,0,1,0,1,19,1,5,10,5,6,0,0,1,0,0,0,3,31
2024311426886,2024,311426886,455374,335584,-1.17796,52.91483,3,3,2,14:05,-1,E06000018,3,0,8,0,1,19,5,1,0,0,0,1,0,0,0,0,0,4,1
2024311426910,2024,311426910,464102,339112,-1.04749,52.94558,3,3,7,10:55,-1,E07000176,6,0,1,1,2,19,1,5,0,0,0,0,0,0,1,0,0,3,30
2024311426950,2024,311426950,449905,334807,-1.25941,52.90838,3,3,1,22:29,-1,E07000172,4,2,1,1,1,"[9, 19]","[5, 3]","[3, 7]",0,0,0,1,0,0,0,0,0,3,31
2024311426953,2024,311426953,451282,343550,-1.23755,52.98684,2,2,7,18:05,-1,E07000172,1,0,1,0,2,19,1,5,0,1,6,1,0,0,0,0,0,3,30
2024311427084,2024,311427084,456854,380044,-1.1481,53.31429,3,3,3,09:20,-1,E07000171,6,0,1,0,2,"[9, 19]",7,7,0,"[1, 0]",0,1,0,0,0,0,0,4,2
2024311427253,2024,311427253,450243,338952,-1.25374,52.94561,3,3,3,12:05,-1,E07000172,3,0,1,0,2,"[19, 7]","[7, 1]",7,0,0,0,1,0,1,0,0,0,4,2
2024311427276,2024,311427276,482488,353900,-0.77016,53.07597,3,3,6,11:11,-1,E07000175,3,0,1,0,2,4,4,8,0,0,0,1,0,0,0,0,0,3,29
2024311427302,2024,311427302,457522,339120,-1.1454,52.94639,3,3,3,17:00,-1,E06000018,3,0,1,0,1,"[3, 19]",4,8,0,0,0,1,0,0,0,0,0,4,2
2024311427306,2024,311427306,454094,345415,-1.19536,53.00333,3,3,2,17:55,-1,E06000018,4,0,1,0,1,4,5,2,0,0,0,1,0,0,0,0,1,4,1
2024311427359,2024,311427359,449470,336126,-1.26567,52.92028,3,3,4,05:58,-1,E07000172,3,0,2,1,1,19,"[5, 7]","[1, 3]",0,0,0,1,0,0,0,0,0,4,3
2024311427626,2024,311427626,468207,383121,-0.97706,53.3406,2,2,4,13:17,-1,E07000171,6,0,1,0,2,19,1,2,0,1,4,1,0,0,0,0,0,4,3
2024311427668,2024,311427668,456107,336873,-1.16684,52.92634,3,3,4,17:16,-1,E06000018,3,0,4,1,2,"[19, 12]","[8, 1]",4,0,0,0,1,0,1,0,0,0,4,3
2024311427699,2024,311427699,456804,341086,-1.15574,52.96414,2,2,4,16:56,-1,E06000018,6,0,1,0,1,"[8, 19]",3,"[5, 7]",0,0,0,1,0,1,0,0,0,4,3
2024311427769,2024,311427769,454423,362878,-1.18751,53.16026,3,3,5,17:25,-1,E07000174,3,0,1,0,1,19,6,2,0,0,0,1,0,0,0,0,0,3,28
2024311427906,2024,311427906,469593,381035,-0.9567,53.32167,3,3,5,13:02,-1,E07000171,6,0,1,0,1,19,"[3, 7]","[7, 3]",0,0,0,1,0,0,0,0,0,1,25
2024311427920,2024,311427920,459319,339507,-1.11859,52.94967,3,3,2,16:00,-1,E06000018,6,0,9,0,1,-1,-1,-1,0,0,0,1,0,0,0,0,1,3,25
2024311427935,2024,311427935,469272,374425,-0.96296,53.26231,2,2,1,12:40,-1,E07000171,4,0,1,0,2,"[19, 9]","[6, 2]","[2, 6]",0,0,0,1,0,1,0,0,0,3,24
2024311427937,2024,311427937,459759,341301,-1.11171,52.96575,3,3,6,15:20,-1,E07000173,4,0,9,1,1,19,-1,-1,0,0,0,0,0,0,0,1,0,3,29
2024311427939,2024,311427939,457318,333124,-1.14949,52.89252,3,3,4,16:30,-1,E07000176,4,0,9,-1,1,19,1,5,0,0,0,1,0,0,0,0,1,3,27
2024311428076,2024,311428076,465043,326976,-1.03591,52.83638,3,3,5,17:18,-1,E07000176,3,0,2,1,2,4,5,1,0,0,0,1,0,0,0,0,0,4,4
2024311428124,2024,311428124,483565,352480,-0.75446,53.06304,3,3,5,20:30,-1,E07000175,6,2,2,1,2,19,5,1,0,1,0,1,0,0,0,0,0,4,4
2024311428163,2024,311428163,456476,371260,-1.15533,53.23538,3,3,4,18:00,-1,E07000171,3,0,1,0,2,19,"[1, 2]","[2, 3]",0,0,0,1,0,0,0,0,0,2,7
2024311428268,2024,311428268,454377,347156,-1.19085,53.01895,3,3,7,23:45,-1,E07000170,3,2,1,0,2,4,3,7,0,0,0,1,0,0,0,0,0,2,17
2024311428375,2024,311428375,455672,326890,-1.17502,52.83666,3,3,1,14:25,-1,E07000176,6,0,1,1,2,"[9, 19]","[7, 3]","[5, 7]",0,0,0,1,1,0,0,0,0,3,31
2024311428419,2024,311428419,481629,351438,-0.7836,53.05398,2,2,6,12:27,-1,E07000175,4,0,1,0,1,19,1,1,0,0,0,1,0,0,0,0,1,4,5
2024311428432,2024,311428432,482544,349653,-0.77041,53.03779,3,3,6,15:09,-1,E07000175,4,0,1,0,2,"[19, 5]","[1, 3]","[4, 1]",0,0,0,1,0,0,0,0,0,4,5
2024311428448,2024,311428448,458547,346105,-1.12888,53.00906,2,2,4,13:50,-1,E07000173,6,0,9,1,1,19,4,2,0,0,0,0,0,0,1,0,0,4,3
2024311428467,2024,311428467,455441,365543,-1.17182,53.1841,3,3,6,15:27,-1,E07000174,3,0,1,0,2,"[10, 9]",5,1,0,0,0,1,0,0,0,0,0,4,5
2024311428478,2024,311428478,452757,338193,-1.21645,52.93855,3,3,6,18:54,-1,E06000018,3,0,1,0,1,"[4, 19]",5,1,0,0,0,1,0,0,0,0,0,4,5
2024311428532,2024,311428532,481187,389286,-0.78057,53.39417,3,3,6,17:18,-1,E07000171,3,0,1,0,2,19,"[8, 4]","[8, 4]",0,0,0,1,0,0,0,0,0,4,5
2024311428640,2024,311428640,468327,380598,-0.9758,53.31791,2,2,7,13:12,-1,E07000171,3,0,1,0,2,"[13, 9]",7,"[3, 5]",0,0,0,1,0,1,0,0,0,4,6
2024311428669,2024,311428669,455219,369533,-1.17446,53.21999,3,3,7,21:45,-1,E07000171,6,2,1,1,2,19,"[5, 1]","[1, 5]","[10, 0]","[1, 0]","[4, 0]",1,0,0,0,0,0,3,30
2024311428725,2024,311428725,452842,337482,-1.21531,52.93215,3,3,7,18:00,-1,E07000172,6,0,1,0,1,"[5, 19]","[3, 4]","[5, 8]",0,0,0,1,0,0,0,0,0,4,6
2024311428771,2024,311428771,455439,363885,-1.17214,53.1692,3,3,2,15:33,-1,E07000174,6,0,1,0,1,"[19, 8]",5,1,0,0,0,1,0,0,0,0,0,3,4
2024311428865,2024,311428865,455180,340921,-1.17994,52.96282,3,3,1,10:01,-1,E06000018,6,0,1,0,1,"[19, 2]","[1, 0, 3]","[3, 0, 7]",0,0,0,1,0,0,0,0,0,4,7
2024311428899,2024,311428899,459209,334053,-1.12122,52.90067,3,3,6,15:57,-1,E07000176,6,0,1,0,2,3,"[1, 2]",6,0,0,0,1,0,0,0,0,0,3,22
2024311428921,2024,311428921,460378,345149,-1.10178,53.00027,3,3,7,11:36,-1,E07000173,4,0,1,0,1,"[5, 3]",1,1,"[4, 0]",0,0,1,0,1,0,0,0,4,6
2024311429173,2024,311429173,481260,355786,-0.78801,53.09311,3,3,2,15:55,-1,E07000175,3,0,1,0,2,"[5, 19]","[3, 2]","[7, 6]",0,0,0,1,0,0,1,0,0,2,12
2024311429291,2024,311429291,463596,337527,-1.05533,52.93139,2,2,1,21:18,-1,E07000176,6,2,2,1,2,"[5, 19]","[7, 5]",1,0,"[0, 1]",0,1,0,0,0,0,0,4,7
2024311429334,2024,311429334,451056,351673,-1.23964,53.05988,2,2,2,16:05,-1,E07000170,3,0,1,0,2,4,3,8,0,0,0,1,0,0,0,0,0,4,8
2024311429336,2024,311429336,459956,338274,-1.10934,52.93852,3,3,2,18:05,-1,E07000176,6,0,1,0,2,6,7,7,0,0,0,1,0,0,0,0,1,4,8
2024311429543,2024,311429543,455480,342798,-1.17515,52.97966,2,2,6,05:00,-1,E06000018,3,2,1,1,1,19,1,5,0,0,0,1,0,0,0,0,1,4,5
2024311429545,2024,311429545,452349,326109,-1.22446,52.82997,2,2,6,17:56,-1,E07000176,6,0,1,0,2,19,"[3, 7]","[7, 3]",0,0,0,1,1,0,0,0,0,3,22
2024311429566,2024,311429566,459966,345461,-1.10786,53.00312,3,3,7,14:45,-1,E07000173,6,0,1,0,1,4,"[8, 7]",4,0,0,0,1,0,0,0,0,0,4,6
2024311429725,2024,311429725,455077,340096,-1.18162,52.95542,3,3,5,15:00,-1,E06000018,3,0,1,0,1,"[2, 4]",7,"[7, 3]",0,0,0,1,0,0,0,0,0,3,28
2024311429729,2024,311429729,455350,346175,-1.17651,53.01003,3,3,3,09:05,-1,E06000018,6,0,2,1,1,19,3,7,7,1,1,1,0,0,0,0,0,4,9
2024311429766,2024,311429766,466467,367726,-1.0064,53.20246,2,2,3,17:13,-1,E07000175,6,0,1,0,2,19,"[3, 7]","[7, 3]",0,0,0,1,0,0,0,0,0,4,9
2024311429779,2024,311429779,476127,349940,-0.86602,53.04132,2,2,3,18:02,-1,E07000175,3,0,1,0,2,"[15, 2]",2,"[5, 2]","[4, 0]",0,0,1,0,0,0,0,0,4,9
2024311429781,2024,311429781,455464,340262,-1.17583,52.95687,3,3,3,19:00,-1,E06000018,3,0,1,0,1,"[9, 19]","[2, 1]","[8, 5]",0,0,0,1,0,0,0,0,0,4,9
2024311429797,2024,311429797,450880,355950,-1.24159,53.09833,2,2,2,19:19,-1,E07000170,4,0,1,0,1,"[2, 19]","[0, 3]","[0, 7]",4,0,0,1,0,0,0,0,0,4,8
2024311430042,2024,311430042,451380,359767,-1.23351,53.13259,3,3,2,13:40,-1,E07000170,3,0,1,0,1,"[14, 12]",2,6,0,0,0,1,0,0,0,0,0,4,8
2024311430059,2024,311430059,462776,356764,-1.06379,53.10439,2,2,4,06:30,-1,E07000175,3,0,1,1,2,"[15, 19]","[1, 5]","[5, 1]",0,"[7, 0]",0,1,0,0,0,0,0,4,10
2024311430094,2024,311430094,456368,343819,-1.16175,52.98875,3,3,2,12:17,-1,E06000018,3,0,1,0,1,"[7, 19]",8,"[2, 4]",0,0,0,1,1,0,0,0,0,4,8
2024311430103,2024,311430103,467017,367970,-0.99811,53.20459,2,2,1,10:23,-1,E07000175,3,0,1,0,2,9,2,7,0,0,0,0,0,1,0,0,0,3,24
2024311430146,2024,311430146,448421,345038,-1.27994,53.00048,3,3,2,10:57,-1,E07000172,3,0,1,0,2,"[4, 5]",7,3,0,0,0,1,0,0,0,0,0,4,8
2024311430150,2024,311430150,456005,361795,-1.16404,53.15036,3,3,5,15:30,-1,E07000174,6,0,1,0,1,19,4,8,0,0,0,1,0,0,0,0,1,3,21
2024311430158,2024,311430158,448369,339702,-1.28151,52.95252,3,3,3,16:46,-1,E07000172,3,0,2,1,1,"[4, 19]",8,4,0,0,0,1,0,0,0,0,0,4,9
2024311430214,2024,311430214,456096,343930,-1.16579,52.98978,3,3,4,17:04,-1,E06000018,3,0,1,0,1,"[19, 9]","[3, 7]","[7, 3]",0,0,0,0,0,0,1,0,0,4,10
2024311430344,2024,311430344,454242,364062,-1.19001,53.17092,2,2,3,14:30,-1,E07000174,6,0,1,0,1,14,1,2,0,0,0,1,0,0,0,0,1,4,2
2024311430500,2024,311430500,454420,340115,-1.19139,52.95566,2,2,4,13:33,-1,E06000018,3,0,2,1,1,5,5,1,0,0,0,1,0,0,0,0,1,4,10
2024311430566,2024,311430566,458975,381315,-1.11603,53.32548,3,3,5,15:45,-1,E07000171,4,0,1,0,1,5,7,3,0,0,0,1,0,0,0,0,1,4,11
2024311430599,2024,311430599,455191,344699,-1.17913,52.99678,3,3,3,16:40,-1,E06000018,3,0,1,0,1,19,5,1,0,0,0,1,1,0,0,0,0,4,9
2024311430625,2024,311430625,467301,345710,-0.99852,53.00449,3,3,3,08:28,-1,E07000175,3,0,1,0,2,19,"[3, 5]","[7, 1]",0,0,0,1,0,0,1,0,0,1,16
2024311430631,2024,311430631,453331,342823,-1.20715,52.98011,2,2,5,16:13,-1,E06000018,4,0,1,0,1,19,6,2,0,0,0,0,0,0,0,0,0,4,11
2024311430911,2024,311430911,467078,339847,-1.00306,52.95182,3,3,6,14:09,-1,E07000176,3,0,1,0,2,19,3,7,10,0,0,1,0,0,0,0,0,4,12
2024311430952,2024,311430952,457010,339756,-1.15291,52.95216,3,3,7,15:00,-1,E06000018,3,0,1,0,1,3,8,4,0,0,0,0,0,0,1,0,0,4,6
2024311431027,2024,311431027,455865,340585,-1.1698,52.95973,3,3,5,20:42,-1,E06000018,6,2,1,1,1,"[7, 19]",8,"[6, 4]",0,0,0,1,1,0,0,0,0,4,11
2024311431087,2024,311431087,455085,361569,-1.17783,53.14842,3,3,6,18:30,-1,E07000174,4,0,1,0,1,19,1,2,0,0,0,1,0,0,0,0,1,4,12
2024311431230,2024,311431230,455617,343044,-1.17307,52.98186,2,2,5,19:45,-1,E06000018,3,2,1,0,1,"[3, 5]",3,5,0,0,0,1,0,1,0,0,0,4,11
2024311431231,2024,311431231,475285,373172,-0.87313,53.25023,3,3,7,13:44,-1,E07000171,3,0,1,0,2,"[19, 7]",1,5,0,0,0,1,0,0,0,0,0,4,13
2024311431257,2024,311431257,457253,340439,-1.14917,52.95828,3,3,7,16:15,-1,E06000018,3,0,1,0,1,12,5,1,0,0,0,0,1,0,1,0,0,4,13
2024311431262,2024,311431262,456187,340630,-1.165,52.9601,3,3,2,21:15,-1,E06000018,6,2,1,0,1,19,5,1,0,0,0,1,0,0,0,0,1,4,8
2024311431270,2024,311431270,448890,359775,-1.27072,53.1329,2,2,7,19:00,-1,E07000170,6,0,1,0,1,19,7,3,0,0,0,0,0,1,0,0,0,4,13
2024311431273,2024,311431273,454485,345400,-1.18953,53.00315,3,3,7,16:47,-1,E06000018,6,0,1,0,1,"[1, 2]","[6, 0]","[6, 0]","[4, 0]",0,0,1,0,0,0,0,0,4,13
2024311431280,2024,311431280,455811,342690,-1.17024,52.97866,2,2,7,16:49,-1,E06000018,4,0,1,0,1,"[19, 5]","[3, 2]","[7, 1]",0,0,0,1,0,1,0,0,0,4,13
2024311431320,2024,311431320,459547,339494,-1.1152,52.94953,2,2,7,20:28,-1,E06000018,3,2,1,1,1,19,"[6, 3]","[1, 6]","[10, 0]",0,0,1,0,0,0,0,0,4,13
2024311431387,2024,311431387,449762,335368,-1.26145,52.91344,3,3,1,13:15,-1,E07000172,4,0,1,0,1,"[-1, 19]","[7, -1]",-1,0,0,0,1,0,0,0,0,0,4,7
2024311431422,2024,311431422,448146,358363,-1.28205,53.12028,2,2,7,22:50,-1,E07000170,4,2,1,0,1,19,1,5,0,0,0,0,0,0,1,0,0,4,13
2024311431453,2024,311431453,465784,340741,-1.02213,52.96001,3,3,3,15:35,-1,E07000176,6,0,1,0,2,"[2, 19]","[5, 0, 1]","[1, 0, 5]",0,0,0,1,0,0,0,1,0,4,9
2024311431469,2024,311431469,454285,344683,-1.19264,52.99673,3,3,1,08:06,-1,E06000018,4,0,1,0,1,19,1,5,7,0,0,1,0,0,0,0,0,4,14
2024311431500,2024,311431500,454541,338762,-1.18982,52.94348,3,3,6,08:53,-1,E06000018,6,0,1,0,1,5,"[7, 5]","[3, 1]",0,0,0,1,1,0,0,0,0,4,12
2024311431538,2024,311431538,457911,381339,-1.132,53.32581,3,3,7,11:45,-1,E07000171,6,0,1,0,1,19,"[7, 5]","[3, 1]",0,0,0,1,0,0,0,0,0,4,13
2024311431541,2024,311431541,455388,340638,-1.17689,52.96026,3,3,1,17:30,-1,E06000018,6,0,4,0,1,19,3,7,0,0,0,1,0,0,0,0,1,4,14
2024311431609,2024,311431609,482446,359530,-0.76934,53.12657,2,2,1,22:08,-1,E07000175,3,2,1,0,2,19,2,5,0,7,4,1,0,0,0,0,0,4,14
2024311431646,2024,311431646,455971,339137,-1.16847,52.94671,3,3,7,11:30,-1,E06000018,3,0,1,0,1,"[7, 19]",7,3,0,0,0,1,1,0,0,0,0,4,13
2024311431666,2024,311431666,462399,340954,-1.07248,52.96233,3,3,6,09:45,-1,E07000173,6,0,1,0,1,19,3,7,0,0,0,0,1,0,0,0,1,4,12
2024311431760,2024,311431760,469475,349115,-0.9654,53.03481,3,3,2,11:20,-1,E07000175,6,0,8,1,2,"[19, 5]","[5, 7]","[1, 5]",0,0,0,1,0,0,0,0,0,4,15
2024311431820,2024,311431820,455912,340967,-1.16904,52.96316,3,3,3,10:32,-1,E06000018,6,0,1,0,1,5,8,5,0,0,0,1,0,0,0,0,1,3,26
2024311431825,2024,311431825,457857,340002,-1.14026,52.95428,2,2,6,20:40,-1,E06000018,3,0,1,0,1,19,8,4,0,0,0,1,0,0,0,0,1,4,12
2024311432076,2024,311432076,458521,340399,-1.1303,52.95778,2,2,1,11:20,-1,E06000018,6,0,1,0,1,9,7,4,0,0,0,1,0,0,0,0,1,4,14
2024311432235,2024,311432235,457279,340333,-1.1488,52.95732,3,3,3,12:01,-1,E06000018,3,0,1,0,1,9,1,5,0,0,0,1,0,0,0,0,1,4,16
2024311432365,2024,311432365,453935,344205,-1.19793,52.99247,3,3,1,12:03,-1,E06000018,6,0,1,0,1,"[3, 1]",1,5,0,0,0,1,0,0,0,0,0,4,14
2024311432376,2024,311432376,448623,336040,-1.27828,52.91958,3,3,3,17:38,-1,E07000172,3,0,2,1,1,"[19, 4]","[7, 3]",3,0,0,0,1,0,0,0,0,0,4,16
2024311432463,2024,311432463,470077,353920,-0.95538,53.07792,3,3,2,17:20,-1,E07000175,6,0,1,0,2,"[3, 19]","[6, 2]","[2, 6]",0,0,0,1,0,0,1,0,0,4,15
2024311432819,2024,311432819,481114,389341,-0.78166,53.39468,3,3,4,15:52,-1,E07000171,3,0,1,0,2,19,"[3, 4]","[7, 8]",0,"[1, 0]",0,1,0,0,0,0,0,4,17