collision_index,collision_year,collision_ref_no,location_easting_osgr,location_northing_osgr,longitude,latitude,casualty_severity,casualty_severity,day_of_week,time,local_authority_district,local_authority_ons_district,first_road_class,light_conditions,weather_conditions,road_surface_conditions,urban_or_rural_area,vehicle_manoeuvre,vehicle_direction_from,vehicle_direction_to,hit_object_in_carriageway,vehicle_leaving_carriageway,hit_object_off_carriageway,is_car,is_cyle,is_mcyle,is_goodsv,is_other,is_pedestrian,month,day
2024311432826,2024,311432826,457597,326305,-1.14655,52.8312,2,2,4,16:36,-1,E07000176,3,0,5,1,2,19,1,5,7,0,0,1,0,0,0,0,0,4,17
2024311432911,2024,311432911,455605,345428,-1.17284,53.00329,3,3,4,16:35,-1,E06000018,6,0,1,0,1,5,3,7,0,0,0,1,0,0,0,0,1,4,3
2024311432915,2024,311432915,457524,340150,-1.14519,52.95565,2,2,5,06:58,-1,E06000018,3,0,1,0,1,7,5,8,0,0,0,1,0,0,0,0,1,4,18
2024311433041,2024,311433041,457144,345635,-1.14987,53.00499,2,2,5,06:58,-1,E06000018,6,0,1,0,1,"[9, 13]",6,"[2, 8]",0,0,0,1,0,1,0,0,0,4,18
2024311433126,2024,311433126,458425,379030,-1.12471,53.305,3,3,2,13:06,-1,E07000171,6,0,1,0,1,"[2, 1]",7,3,0,0,0,1,0,0,0,0,0,4,15
2024311433129,2024,311433129,457542,381458,-1.13751,53.32692,3,3,4,08:50,-1,E07000171,4,0,1,0,1,"[19, 4]",7,3,0,0,0,1,0,0,0,0,0,4,17
2024311433185,2024,311433185,451139,343457,-1.2397,52.98602,3,3,6,15:55,-1,E07000172,1,0,1,0,2,"[19, 11]","[6, 5]",2,0,0,0,1,0,0,0,0,0,4,12
2024311433239,2024,311433239,455242,341087,-1.17899,52.96431,3,3,7,03:50,-1,E06000018,3,2,1,0,1,"[6, 19]",1,5,0,0,0,1,1,0,0,0,0,4,13
2024311433244,2024,311433244,454536,341421,-1.18944,52.96738,3,3,3,16:49,-1,E06000018,4,0,1,0,1,"[3, 19]","[4, 5]","[8, 1]",0,0,0,1,0,0,0,0,0,4,16
2024311433252,2024,311433252,449386,336331,-1.26689,52.92213,3,3,5,20:05,-1,E07000172,4,0,1,0,1,"[19, 9]","[5, 3]","[1, 5]",0,0,0,1,0,1,0,0,0,4,18
2024311433262,2024,311433262,482441,350643,-0.77169,53.04671,3,3,3,20:32,-1,E07000175,6,2,2,1,1,19,"[8, -1]","[4, -1]",0,0,0,1,1,0,0,0,0,3,26
2024311433266,2024,311433266,452804,356846,-1.21271,53.1062,3,3,5,17:40,-1,E07000170,4,2,2,1,2,3,5,1,0,0,0,0,0,1,0,0,0,1,18
2024311433303,2024,311433303,446828,358447,-1.30173,53.12115,2,2,6,04:30,-1,E07000170,4,2,1,0,1,19,1,5,7,0,0,1,0,0,0,0,0,4,19
2024311433305,2024,311433305,461967,390624,-1.06929,53.4088,3,3,6,05:15,-1,E07000171,6,0,1,0,2,"[19, 9]","[1, 3]",5,0,1,0,1,0,0,0,0,0,4,19
2024311433327,2024,311433327,457250,340081,-1.14928,52.95506,3,3,5,14:01,-1,E06000018,3,0,1,0,1,19,3,7,10,3,0,0,1,0,0,0,1,3,21
2024311433546,2024,311433546,455815,344058,-1.16995,52.99096,3,3,7,18:30,-1,E06000018,3,0,1,0,1,"[8, 19]","[4, 6]","[6, 2]",0,0,0,1,0,0,0,0,0,4,6
2024311433591,2024,311433591,457221,340579,-1.14962,52.95954,3,3,6,15:17,-1,E06000018,3,0,1,1,1,"[9, 19]","[0, 1]","[3, 5]",0,0,0,1,0,1,0,0,0,4,19
2024311433597,2024,311433597,452092,336838,-1.22657,52.92643,3,3,6,15:30,-1,E07000172,6,0,1,1,1,19,"[7, 3]","[3, 7]",0,0,0,1,1,0,0,0,0,4,19
2024311433599,2024,311433599,451916,348445,-1.22732,53.03078,3,3,6,15:50,-1,E07000170,6,0,1,0,1,"[7, 4]","[4, 1]","[6, 5]",0,0,0,1,1,0,0,0,0,4,19
2024311433785,2024,311433785,458203,337875,-1.13549,52.93513,3,3,4,10:00,-1,E07000176,3,0,1,0,1,19,6,2,0,0,0,0,0,0,1,0,0,4,17
2024311433847,2024,311433847,452221,360129,-1.22088,53.13577,2,2,7,14:06,-1,E07000174,3,0,1,0,1,"[4, 19]","[1, 2]",2,0,0,0,1,0,1,0,0,0,4,20
2024311433890,2024,311433890,456158,344119,-1.16483,52.99147,3,3,7,15:30,-1,E06000018,6,0,1,0,1,5,6,2,0,0,0,0,0,0,1,0,0,4,20
2024311433974,2024,311433974,450816,341848,-1.24476,52.97159,3,3,7,23:45,-1,E07000172,6,2,1,0,2,9,7,1,0,3,0,1,0,0,0,0,0,4,20
2024311434051,2024,311434051,454040,348835,-1.19559,53.03407,3,3,3,19:00,-1,E07000170,6,0,1,0,1,19,6,2,0,0,0,1,1,0,0,0,0,4,16
2024311434053,2024,311434053,451353,359744,-1.23392,53.13239,3,3,5,17:30,-1,E07000170,3,0,1,0,2,4,2,6,0,0,0,1,0,0,0,0,0,4,18
2024311434205,2024,311434205,451697,351347,-1.23013,53.05688,3,3,3,07:35,-1,E07000170,3,0,1,1,2,4,1,5,0,0,0,1,0,0,0,0,0,4,2
2024311434252,2024,311434252,458764,341535,-1.12648,52.96796,3,3,4,06:42,-1,E06000018,6,0,1,0,1,4,6,1,0,0,0,0,0,0,1,0,0,4,17
2024311434398,2024,311434398,458104,340619,-1.13647,52.9598,2,2,3,18:40,-1,E06000018,6,2,2,1,1,1,4,7,0,0,0,1,0,0,0,0,1,3,26
2024311434406,2024,311434406,453709,349152,-1.20047,53.03696,3,3,6,17:30,-1,E07000170,6,0,1,0,1,"[19, 9]",4,"[4, 8]",0,0,0,1,1,0,0,0,0,4,19
2024311434487,2024,311434487,457034,340163,-1.15248,52.95582,3,3,5,17:40,-1,E06000018,6,0,1,0,1,9,7,6,0,0,0,1,0,0,0,0,1,4,18
2024311434546,2024,311434546,467263,363530,-0.99536,53.16465,2,"[2, 3]",2,16:00,-1,E07000175,6,0,2,1,2,19,1,5,0,7,4,1,0,0,0,0,0,4,22
2024311434601,2024,311434601,463725,385023,-1.04398,53.35825,2,2,3,03:40,-1,E07000171,3,2,1,0,2,"[19, 2]","[8, 0]","[4, 0]","[4, 0]",1,0,1,0,0,1,0,0,4,23
2024311434606,2024,311434606,450637,356782,-1.24509,53.10584,3,3,2,16:25,-1,E07000170,6,0,2,1,1,14,"[8, 4]","[4, 8]",0,0,0,1,0,0,1,0,0,4,22
2024311434632,2024,311434632,454511,338814,-1.19025,52.94395,3,3,3,15:30,-1,E06000018,3,0,1,0,1,"[19, 12]",4,"[1, 2]",0,0,0,1,0,0,0,0,0,4,16
2024311434881,2024,311434881,456908,362539,-1.15041,53.15695,3,3,2,11:30,-1,E07000174,4,0,2,1,1,"[9, 13]",6,"[4, 2]",0,0,0,1,0,0,0,0,0,4,22
2024311434915,2024,311434915,478680,345761,-0.82897,53.0034,3,3,3,18:17,-1,E07000175,6,0,1,0,2,19,1,5,0,2,0,1,0,0,0,0,0,4,23
2024311434946,2024,311434946,455666,340141,-1.17284,52.95576,3,3,1,00:45,-1,E06000018,3,2,1,0,1,13,7,6,0,0,0,0,0,1,0,0,0,2,25
2024311434963,2024,311434963,457159,340363,-1.15058,52.9576,3,3,4,01:01,-1,E06000018,3,2,1,0,1,19,3,1,10,1,0,1,0,0,0,0,0,4,24
2024311435017,2024,311435017,470806,381631,-0.93836,53.32687,3,3,4,07:52,-1,E07000171,3,0,1,0,1,19,2,5,0,0,0,1,0,0,0,0,1,4,24
2024311435104,2024,311435104,456313,340247,-1.16319,52.95665,3,3,7,18:00,-1,E06000018,3,0,1,0,1,19,1,5,0,0,0,1,1,0,0,0,0,4,13
2024311435228,2024,311435228,452268,336202,-1.22405,52.9207,3,3,4,08:45,-1,E07000172,4,0,1,0,1,"[13, 6]",6,2,0,0,0,1,0,1,0,0,0,4,24
2024311435353,2024,311435353,458705,387127,-1.11901,53.37774,3,3,6,17:15,-1,E07000171,3,0,1,0,2,1,3,7,0,0,0,1,0,0,0,0,1,4,19
2024311435388,2024,311435388,454459,341462,-1.19058,52.96776,3,3,7,12:45,-1,E06000018,3,0,1,0,1,"[9, 19]","[4, 2]","[1, 5]",0,0,0,1,0,0,0,0,0,1,13
2024311435389,2024,311435389,464552,377357,-1.03311,53.28926,3,3,1,11:58,-1,E07000171,3,0,1,0,2,19,5,1,0,0,0,1,0,0,0,0,1,3,31
2024311435407,2024,311435407,455833,359536,-1.167,53.13007,3,3,5,00:30,-1,E07000174,6,2,1,1,1,"[2, 19]","[0, 5]","[0, 1]","[0, 4]","[1, 0]",0,1,0,0,0,0,0,4,25
2024311435429,2024,311435429,455392,340782,-1.17681,52.96155,3,3,5,04:49,-1,E06000018,3,2,1,0,1,5,6,2,7,0,0,1,0,0,0,0,0,4,25
2024311435456,2024,311435456,457636,340219,-1.14351,52.95626,3,3,5,07:10,-1,E06000018,3,0,1,1,1,5,8,4,0,0,0,1,0,0,0,0,1,4,25
2024311435523,2024,311435523,453297,361696,-1.20454,53.14975,3,3,5,08:56,-1,E07000174,3,0,1,0,1,3,4,2,0,0,0,1,0,0,0,0,0,4,25
2024311435659,2024,311435659,453911,345192,-1.19812,53.00134,3,3,5,12:30,-1,E06000018,4,0,1,0,1,"[19, 9]","[3, 1]","[7, 5]",0,0,0,1,0,0,0,0,0,4,25
2024311435709,2024,311435709,456404,361499,-1.15813,53.14766,3,3,5,17:02,-1,E07000174,6,0,1,0,1,"[3, 19]",3,7,0,0,0,1,0,0,0,0,0,4,25
2024311435776,2024,311435776,455726,341177,-1.17177,52.96507,2,2,5,20:00,-1,E06000018,6,0,1,0,1,"[20, 19]","[0, 7, 3]","[0, 7]",0,0,0,1,0,0,0,0,0,4,25
2024311435886,2024,311435886,455050,338396,-1.18231,52.94014,3,3,4,19:40,-1,E06000018,3,0,1,0,1,"[3, 4]",6,1,0,0,0,1,0,0,0,0,0,4,24
2024311435926,2024,311435926,454081,350317,-1.19473,53.04739,3,3,5,10:20,-1,E07000170,6,0,1,0,1,5,6,2,0,0,0,1,0,0,0,0,1,4,25
2024311435984,2024,311435984,452845,336904,-1.21535,52.92695,2,2,4,12:00,-1,E07000172,6,0,1,0,1,19,5,1,0,0,0,0,0,0,0,0,1,4,17
2024311436140,2024,311436140,447397,347445,-1.29485,53.02221,2,2,6,15:38,-1,E07000172,6,0,1,0,1,"[9, 19]","[7, 2]","[4, 7]",0,0,0,1,1,0,0,0,0,4,26
2024311436178,2024,311436178,458619,343009,-1.12837,52.98123,2,2,7,12:45,-1,E06000018,4,0,1,0,1,"[2, 19, 5]","[0, 7]","[0, 3]",0,0,0,1,0,0,0,0,0,4,13
2024311436189,2024,311436189,461705,343387,-1.08234,52.98428,3,3,6,15:31,-1,E07000173,6,0,1,0,2,19,8,4,0,7,11,1,0,0,0,0,0,4,26
2024311436290,2024,311436290,459061,340747,-1.1222,52.96085,3,3,6,22:16,-1,E06000018,4,2,1,0,1,"[19, 9]","[2, 6]","[6, 2]",0,0,0,1,0,0,0,0,0,4,26
2024311436306,2024,311436306,456527,343542,-1.15943,52.98624,3,3,2,05:00,-1,E06000018,3,2,2,1,1,19,5,3,0,8,2,1,0,0,0,0,0,4,22
2024311436350,2024,311436350,483105,356332,-0.76032,53.09773,3,3,1,16:58,-1,E07000175,6,2,2,1,2,19,1,2,0,0,0,1,0,0,0,0,0,1,21
2024311436355,2024,311436355,481143,356183,-0.78966,53.09669,3,3,3,11:06,-1,E07000175,3,0,1,0,2,3,8,4,0,0,0,1,0,0,1,0,0,1,9
2024311436360,2024,311436360,470438,364087,-0.94776,53.16925,2,2,5,12:46,-1,E07000175,3,0,3,2,2,19,"[1, 2]","[2, 1]",0,"[0, 1]",0,1,0,1,0,0,0,2,8
2024311436376,2024,311436376,480951,355988,-0.79257,53.09497,3,3,7,17:07,-1,E07000175,3,0,1,0,2,"[9, 19]","[4, 3]","[8, 1]",0,0,0,1,0,1,0,0,0,4,20
2024311436455,2024,311436455,454427,340137,-1.19128,52.95585,3,3,7,04:31,-1,E06000018,3,2,1,0,1,12,5,1,0,4,2,1,0,0,0,0,0,4,27
2024311436729,2024,311436729,453530,343560,-1.20407,52.98671,3,3,1,17:18,-1,E06000018,3,0,1,0,1,19,3,7,0,0,0,1,0,0,0,0,0,4,28
2024311436753,2024,311436753,479656,354126,-0.81237,53.07843,3,3,4,16:15,-1,E07000175,4,0,8,0,1,3,7,1,0,0,0,1,0,0,0,0,1,4,24
2024311436759,2024,311436759,456370,340199,-1.16235,52.95621,3,3,4,17:03,-1,E06000018,3,0,1,0,1,"[9, 19]","[6, 8, 4]","[4, 8]",0,0,0,1,0,0,1,0,0,4,10
2024311437114,2024,311437114,477300,356290,-0.84701,53.09822,3,3,7,13:30,-1,E07000175,6,0,1,0,2,19,1,5,0,1,0,0,0,1,0,0,0,4,27
2024311437163,2024,311437163,459063,388604,-1.11335,53.39098,3,3,2,16:50,-1,E07000171,3,0,1,0,2,"[19, 9]",1,"[1, 2]",0,"[7, 0]","[10, 0]",1,0,0,0,0,0,4,29
2024311437167,2024,311437167,452892,340004,-1.21415,52.95481,3,3,7,16:58,-1,E06000018,3,0,1,0,1,"[13, 9]","[3, 7]","[7, 3]",0,0,0,1,0,1,0,0,0,4,20
2024311437225,2024,311437225,451563,335113,-1.23471,52.91098,3,3,1,16:07,-1,E07000172,3,0,1,0,1,"[19, -1]","[1, -1]","[5, -1]","[0, -1]","[0, -1]",0,1,0,0,0,0,0,4,21
2024311437413,2024,311437413,448392,344965,-1.28039,52.99983,3,3,3,12:03,-1,E07000172,3,0,8,0,2,"[11, 19]","[4, 3]",8,0,"[0, 1]",0,1,0,1,0,0,0,4,30
2024311437513,2024,311437513,456415,341555,-1.16145,52.9684,3,3,6,19:00,-1,E06000018,6,0,1,0,1,"[2, 19]","[5, 1]",5,"[0, 4]","[0, 1]",0,1,0,0,0,0,0,4,26
2024311437560,2024,311437560,455316,344419,-1.17732,52.99425,3,3,3,08:30,-1,E06000018,3,0,1,0,1,4,5,1,0,0,0,0,0,0,1,0,0,4,30
2024311437600,2024,311437600,456542,343503,-1.15922,52.98589,3,3,3,16:45,-1,E06000018,3,0,1,0,1,19,5,1,0,0,0,1,0,0,1,0,0,4,30
2024311437734,2024,311437734,454402,340093,-1.19166,52.95546,3,3,6,12:00,-1,E06000018,3,0,1,0,1,"[-1, 19]","[-1, 7]","[-1, 1]","[-1, 0]","[-1, 0]",0,1,0,0,1,0,0,4,26
2024311437786,2024,311437786,456584,346246,-1.15811,53.01054,3,3,5,15:05,-1,E06000018,6,0,1,0,1,"[19, 2]",5,"[1, 2]",0,0,0,1,0,0,0,0,0,4,18
2024311437801,2024,311437801,454464,344130,-1.19006,52.99174,2,2,3,09:30,-1,E06000018,6,0,1,0,1,19,1,5,0,0,0,1,0,0,0,0,1,4,30
2024311437826,2024,311437826,457185,340037,-1.15025,52.95467,3,3,4,10:40,-1,E06000018,6,0,1,0,1,5,5,1,0,0,0,0,0,0,1,0,0,5,1
2024311437832,2024,311437832,450768,353058,-1.24372,53.07235,3,3,4,15:10,-1,E07000170,3,0,1,0,2,3,5,1,0,0,0,1,0,0,1,0,0,4,24
2024311437866,2024,311437866,451885,362921,-1.22545,53.16089,3,3,3,13:20,-1,E07000174,3,0,1,0,1,5,4,8,0,0,0,0,0,0,1,0,0,4,30
2024311437868,2024,311437868,458748,339788,-1.12703,52.95226,3,3,3,17:15,-1,E06000018,6,0,1,0,1,19,1,5,0,0,0,1,0,0,0,0,1,4,30
2024311437895,2024,311437895,459758,343233,-1.11137,52.98312,3,3,7,08:05,-1,E07000173,6,0,1,0,1,4,-1,-1,0,0,0,0,0,0,1,0,0,4,27
2024311438024,2024,311438024,481043,355905,-0.79122,53.09421,2,2,4,19:25,-1,E07000175,3,0,1,0,2,"[13, 6]",4,"[8, 2]",0,0,0,1,0,1,0,0,0,5,1
2024311438111,2024,311438111,473644,371010,-0.89822,53.23103,3,3,4,13:15,-1,E07000171,3,0,1,0,2,"[20, 19, 2]","[0, 2]","[0, 6]","[0, 4]","[0, 1]",0,1,0,0,0,0,0,5,1
2024311438166,2024,311438166,457317,333125,-1.1495,52.89253,3,3,4,16:35,-1,E07000176,4,0,1,0,1,19,1,5,0,0,0,1,0,0,0,0,1,4,17
2024311438203,2024,311438203,453758,355568,-1.19867,53.09462,3,3,5,08:53,-1,E07000170,4,0,1,0,2,4,3,7,0,0,0,1,0,0,0,0,0,5,2
2024311438443,2024,311438443,460672,337104,-1.0989,52.92793,3,3,5,10:50,-1,E07000176,3,0,1,0,2,"[19, 15]",5,1,"[0, 7]",0,0,1,0,0,1,0,0,5,2
2024311438734,2024,311438734,470795,381636,-0.93853,53.32692,3,3,3,13:45,-1,E07000171,3,0,1,0,1,"[19, 9]","[6, 2]","[2, 6]",0,0,0,1,1,0,0,0,0,4,30
2024311438757,2024,311438757,455789,360996,-1.16741,53.1432,3,3,6,15:34,-1,E07000174,6,0,1,0,1,"[19, 10]",3,7,0,0,0,1,0,0,0,0,0,4,26
2024311438798,2024,311438798,454934,367919,-1.179,53.20551,3,3,6,06:09,-1,E07000174,4,0,1,0,2,19,7,3,0,1,11,1,0,0,0,0,0,4,26
2024311438937,2024,311438937,478351,389513,-0.82315,53.39664,2,2,5,18:19,-1,E07000171,3,0,1,0,2,"[5, 19]","[1, 2]",5,0,0,0,1,1,0,0,0,0,5,2
2024311438963,2024,311438963,480372,354686,-0.80154,53.08336,3,3,5,18:19,-1,E07000175,6,0,1,0,1,"[2, 19]",5,"[5, 1]",0,0,0,1,0,0,0,0,1,5,2
2024311438966,2024,311438966,457312,340635,-1.14826,52.96003,3,3,6,23:24,-1,E06000018,3,2,2,1,1,"[19, 9]","[2, 7]","[6, 4]",0,0,0,1,0,0,0,0,0,5,3
2024311438991,2024,311438991,452765,356829,-1.21329,53.10605,3,3,6,17:00,-1,E07000170,3,0,2,1,2,"[3, 4]",2,6,0,0,0,1,0,0,0,0,0,5,3
2024311439007,2024,311439007,455915,339140,-1.16931,52.94674,3,3,2,11:20,-1,E06000018,3,0,1,0,1,"[19, 9]","[3, 4]","[7, 3]",0,0,0,1,1,0,0,0,0,4,29
2024311439011,2024,311439011,455724,341416,-1.17176,52.96722,3,3,7,21:43,-1,E06000018,6,0,1,1,1,19,5,8,0,0,0,1,0,0,0,0,1,4,27
2024311439161,2024,311439161,457571,343337,-1.14392,52.98429,2,2,7,14:40,-1,E06000018,3,0,1,0,1,"[19, 12]",1,5,0,0,0,1,1,0,0,0,0,5,4
2024311439163,2024,311439163,462505,342117,-1.07067,52.97277,3,3,7,17:13,-1,E07000173,6,0,1,0,1,"[10, 19]","[7, 6]","[4, 1]",0,0,0,0,1,1,0,0,0,5,4
2024311439201,2024,311439201,480094,351236,-0.80655,53.05239,3,3,7,19:34,-1,E07000175,6,0,1,0,2,19,"[3, 5]","[1, 7]",0,0,0,1,1,0,0,0,0,5,4
2024311439292,2024,311439292,457403,339109,-1.14717,52.94631,3,3,2,03:48,-1,E06000018,3,2,1,1,1,19,1,3,0,1,0,1,0,0,0,0,0,3,11
2024311439304,2024,311439304,457852,340101,-1.14031,52.95517,3,3,5,20:26,-1,E06000018,6,0,1,0,1,"[2, 1]","[8, 4]","[4, 8]",0,0,0,1,0,1,0,0,0,4,25
2024311439379,2024,311439379,476800,346922,-0.85671,53.0141,3,3,7,09:35,-1,E07000175,6,0,9,0,2,19,"[5, 4]","[1, 8]",0,0,0,1,0,0,0,1,0,5,4
2024311439407,2024,311439407,464340,360948,-1.0396,53.14181,2,2,1,16:46,-1,E07000175,6,0,1,0,2,"[9, 19, 2, 10]","[7, 3]","[5, 7]",0,0,0,1,0,0,0,0,0,5,5
2024311439427,2024,311439427,455347,345559,-1.17666,53.0045,2,2,7,03:01,-1,E06000018,6,2,1,0,1,19,1,5,9,0,0,0,0,1,0,0,0,4,27
2024311439446,2024,311439446,465987,367993,-1.01353,53.20492,3,3,4,09:13,-1,E07000175,6,0,1,0,2,"[20, 2]","[6, 2]","[2, 4]",0,0,0,1,0,0,0,0,0,5,1
2024311439451,2024,311439451,456051,340460,-1.16706,52.95859,3,3,1,21:02,-1,E06000018,6,2,1,0,1,"[7, 19]","[4, 8]","[6, 4]",0,0,0,1,1,0,0,0,0,5,5
2024311439606,2024,311439606,459747,329643,-1.11403,52.86097,2,2,2,13:50,-1,E07000176,6,0,1,0,2,19,5,1,0,0,0,0,1,0,0,0,0,5,6
2024311439730,2024,311439730,449284,358746,-1.26499,53.12362,3,3,6,16:15,-1,E07000170,6,0,1,0,1,4,"[2, 3]","[2, 7]",0,0,0,1,0,0,0,0,0,4,26
2024311439736,2024,311439736,451393,345792,-1.23554,53.00698,3,3,5,10:35,-1,E07000172,1,0,1,0,2,19,5,1,0,0,0,1,0,0,0,0,0,3,28
2024311439743,2024,311439743,460116,352263,-1.10436,53.06424,2,2,1,09:15,-1,E07000173,3,0,1,0,2,"[4, 19]","[1, 8]","[5, 4]",0,0,0,1,1,0,0,0,0,5,5
2024311440039,2024,311440039,457796,380564,-1.13386,53.31886,2,2,3,17:34,-1,E07000171,6,0,1,0,1,"[7, 19]","[1, 3]","[3, 7]",0,0,0,1,1,0,0,0,0,5,7
2024311440064,2024,311440064,451909,339268,-1.2289,52.94829,2,2,3,15:30,-1,E06000018,6,0,1,0,1,19,"[6, 2]",6,0,0,0,1,1,0,0,0,0,5,7
2024311440099,2024,311440099,464445,335352,-1.04313,52.91174,2,2,3,23:42,-1,E07000176,6,2,1,0,2,7,3,6,10,7,0,1,0,0,0,0,0,5,7
2024311440151,2024,311440151,464524,360946,-1.03685,53.14177,3,3,2,01:05,-1,E07000175,6,2,1,0,2,19,3,7,0,0,0,1,0,0,0,0,1,5,6
2024311440253,2024,311440253,458883,357071,-1.12188,53.10759,3,3,4,08:30,-1,E07000175,4,0,1,0,2,5,7,3,0,0,0,1,0,0,0,0,1,5,8
2024311440381,2024,311440381,480106,361750,-0.80375,53.14688,2,2,2,09:01,-1,E07000175,3,0,2,1,2,"[19, 12]",1,5,0,0,0,1,0,0,1,0,0,4,15
2024311440421,2024,311440421,458963,357619,-1.12058,53.11251,3,3,4,08:25,-1,E07000175,4,0,1,0,2,"[9, 19]",5,"[3, 1]",0,0,0,1,1,0,0,0,0,5,8
2024311440426,2024,311440426,454687,341838,-1.18713,52.97112,3,3,4,15:53,-1,E06000018,3,0,1,0,1,"[19, 7]","[1, 3]",5,0,0,0,1,0,0,0,0,0,5,8
2024311440445,2024,311440445,470772,380918,-0.93903,53.32047,2,2,4,16:56,-1,E07000171,3,0,1,0,1,"[5, 19]","[3, 5]",1,0,0,0,1,1,0,0,0,0,5,8
2024311440471,2024,311440471,458771,385384,-1.11834,53.36207,2,2,4,19:20,-1,E07000171,6,0,1,0,2,"[13, 9]",5,"[1, 2]",0,"[0, 7]",0,1,0,1,0,0,0,5,8
2024311440681,2024,311440681,455024,342773,-1.18195,52.97949,3,3,2,18:31,-1,E06000018,6,0,1,0,1,19,"[8, 2]","[5, 7]",0,0,0,1,0,0,0,0,0,4,15
2024311440709,2024,311440709,459018,356173,-1.12002,53.0995,3,3,4,20:00,-1,E07000175,6,0,1,0,2,19,8,4,0,0,0,1,0,0,0,0,0,5,8
2024311440872,2024,311440872,459479,344635,-1.11527,52.99575,3,3,2,09:00,-1,E07000173,6,0,9,-1,1,20,8,4,0,0,0,1,0,0,0,0,1,4,29
2024311441111,2024,311441111,480319,355739,-0.80207,53.09283,2,2,5,11:41,-1,E07000175,3,0,1,0,2,19,"[6, 1]","[1, 6]",0,"[0, 2]",0,1,0,0,1,0,0,5,9
2024311441212,2024,311441212,465049,338917,-1.03344,52.94371,3,3,3,16:00,-1,E07000176,6,0,1,0,2,"[5, 19]","[3, 1]","[7, 5]",0,0,0,1,1,0,0,0,0,5,7
2024311441245,2024,311441245,455710,342104,-1.17185,52.9734,3,3,6,12:00,-1,E06000018,6,0,1,0,1,"[6, 14]","[8, 2]","[1, 8]",0,0,0,1,0,0,0,0,0,4,26
2024311441294,2024,311441294,449507,344500,-1.26385,52.99555,3,3,5,15:33,-1,E07000172,3,0,1,0,2,19,4,8,0,"[1, 0]","[9, 0]",1,0,0,0,0,0,5,9
2024311441311,2024,311441311,460658,333862,-1.09971,52.89879,3,3,6,18:35,-1,E07000176,3,0,1,0,2,"[19, 4]",7,"[4, 3]",0,"[0, 1]",0,1,0,1,0,0,0,5,10
2024311441478,2024,311441478,461756,342013,-1.08185,52.97192,3,3,2,14:00,-1,E07000173,6,0,1,0,1,"[1, 3]","[8, 5]","[2, 1]",0,0,0,1,0,0,0,0,0,5,6
2024311441501,2024,311441501,452732,342125,-1.21619,52.97389,1,"[1, 2]",2,16:02,-1,E06000018,4,0,1,0,1,19,"[7, 3]","[3, 7]",0,0,0,0,0,1,0,0,0,5,6
2024311441561,2024,311441561,453467,341947,-1.20527,52.97222,3,3,7,14:20,-1,E06000018,4,0,1,0,1,"[7, 19]",3,7,0,"[0, 1]",0,1,1,0,0,0,0,5,11
2024311441601,2024,311441601,453003,342642,-1.21207,52.97851,3,3,7,21:47,-1,E06000018,6,2,1,0,1,19,"[7, 1]","[3, 6]",0,0,0,1,1,0,0,0,0,4,13
2024311441602,2024,311441602,451713,345024,-1.2309,53.00005,3,3,4,19:55,-1,E07000172,1,0,1,0,2,19,1,5,7,0,0,1,0,0,0,0,0,5,1
2024311441605,2024,311441605,459772,348103,-1.11026,53.02689,3,3,6,18:30,-1,E07000173,6,0,1,0,2,19,1,5,0,0,0,1,0,0,0,0,1,4,26
2024311441613,2024,311441613,458383,349048,-1.1308,53.03553,3,3,4,19:15,-1,E07000173,3,0,1,0,2,8,3,7,0,0,0,1,0,1,0,0,0,5,1
2024311441654,2024,311441654,449022,345009,-1.27099,53.00017,3,3,7,15:10,-1,E07000172,6,0,1,0,1,19,8,4,7,0,0,1,0,0,0,0,0,5,11
2024311441676,2024,311441676,481995,350964,-0.77826,53.04966,3,3,7,22:38,-1,E07000175,4,2,1,0,1,"[3, 8]",5,"[6, 3]",0,1,0,1,0,0,0,0,0,5,11
2024311441735,2024,311441735,456109,334719,-1.16718,52.90698,3,3,2,13:57,-1,E06000018,6,0,9,-1,2,19,-1,-1,0,0,0,1,0,0,0,0,1,3,25
2024311441740,2024,311441740,450917,344949,-1.24277,52.99945,3,3,6,19:00,-1,E07000172,4,0,1,0,1,"[9, 19]","[5, 1]","[3, 5]",0,0,0,1,1,0,0,0,0,5,10
2024311441749,2024,311441749,458813,339780,-1.12607,52.95218,3,3,3,15:00,-1,E06000018,6,0,1,0,1,"[2, 19]","[0, 3]","[0, 7]",0,0,0,1,0,0,0,1,0,5,7
2024311441781,2024,311441781,450907,338086,-1.244,52.93776,3,3,1,11:32,-1,E07000172,3,0,1,0,1,19,7,3,0,0,0,1,0,0,0,0,0,5,12
2024311441786,2024,311441786,457968,339821,-1.13864,52.95264,3,3,7,11:13,-1,E06000018,3,0,1,0,1,19,2,5,0,0,0,0,0,0,1,0,0,5,11
2024311441855,2024,311441855,454178,359166,-1.1918,53.12692,3,3,1,15:40,-1,E07000174,3,0,1,0,1,19,"[6, 8]","[2, 4]",0,0,0,1,1,0,0,0,0,5,12
2024311441876,2024,311441876,457813,358552,-1.13759,53.12102,2,"[2, 3]",1,15:16,-1,E07000174,6,0,1,0,2,"[2, 19]","[0, 1]","[0, 5]","[4, 0]",0,0,1,0,0,0,0,0,5,12
2024311441914,2024,311441914,455936,340163,-1.16882,52.95593,3,3,1,20:47,-1,E06000018,6,0,1,0,1,"[7, 19]",3,"[5, 7]",0,0,0,1,1,0,0,0,0,5,12