collision_index,collision_year,collision_ref_no,location_easting_osgr,location_northing_osgr,longitude,latitude,casualty_severity,casualty_severity,day_of_week,time,local_authority_district,local_authority_ons_district,first_road_class,light_conditions,weather_conditions,road_surface_conditions,urban_or_rural_area,vehicle_manoeuvre,vehicle_direction_from,vehicle_direction_to,hit_object_in_carriageway,vehicle_leaving_carriageway,hit_object_off_carriageway,is_car,is_cyle,is_mcyle,is_goodsv,is_other,is_pedestrian,month,day
2024311462677,2024,311462677,454698,339158,-1.18741,52.94703,3,3,5,19:54,-1,E06000018,6,0,1,0,1,1,6,7,0,0,0,1,0,0,0,0,1,6,13
2024311462999,2024,311462999,457202,342440,-1.14957,52.97627,3,3,4,09:50,-1,E06000018,6,0,1,0,1,"[19, 9, 3]","[1, 3]","[5, 3, 7]",0,0,0,1,0,0,0,0,0,7,3
2024311463018,2024,311463018,450701,356772,-1.24413,53.10574,3,3,3,18:45,-1,E07000170,6,0,1,0,1,"[19, -1]","[3, -1]","[7, -1]","[0, -1]","[0, -1]",0,1,1,0,0,0,0,7,2
2024311463026,2024,311463026,454406,344517,-1.19086,52.99523,3,3,4,09:03,-1,E06000018,4,0,2,1,1,4,4,4,0,0,0,1,0,0,0,0,0,7,3
2024311463439,2024,311463439,451519,348569,-1.23322,53.03193,3,3,5,08:58,-1,E07000170,6,0,1,0,1,"[10, 19]","[1, 6]","[5, 2]",0,0,0,1,0,0,0,0,0,7,4
2024311463471,2024,311463471,458772,379365,-1.11944,53.30798,3,3,5,11:39,-1,E07000171,6,0,1,0,1,"[19, 9]","[1, 5]","[5, 3]",0,0,0,1,0,1,0,0,0,7,4
2024311463565,2024,311463565,456822,341537,-1.15539,52.96819,3,3,2,16:00,-1,E06000018,3,0,9,0,1,"[19, 13]",6,3,0,0,0,1,0,0,0,0,0,6,24
2024311463678,2024,311463678,465921,341013,-1.02004,52.96244,3,3,5,17:34,-1,E07000176,6,0,1,0,2,"[19, 15]","[2, 6]","[6, 2]","[0, 11]","[1, 0]",0,1,0,0,0,0,0,7,4
2024311463728,2024,311463728,454607,346747,-1.18749,53.01525,3,3,5,21:00,-1,E06000018,3,0,1,0,1,"[9, 13]",5,1,0,0,0,1,0,0,0,0,0,7,4
2024311463729,2024,311463729,454385,346137,-1.1909,53.00979,3,3,3,12:24,-1,E06000018,6,0,1,0,1,19,3,6,0,0,0,1,0,0,1,0,0,7,2
2024311463825,2024,311463825,446192,358718,-1.3112,53.12364,3,3,6,10:04,-1,E07000170,6,0,1,0,1,"[12, 19]","[6, 8]",4,0,0,0,1,0,1,0,0,0,7,5
2024311463848,2024,311463848,457261,379641,-1.14206,53.31062,3,3,1,15:45,-1,E07000171,3,0,1,0,2,"[8, 19]",3,7,0,0,0,1,0,0,0,0,0,6,30
2024311463962,2024,311463962,472447,351374,-0.92058,53.05472,2,2,1,09:45,-1,E07000175,6,0,1,0,2,19,2,4,11,0,0,0,1,0,0,0,0,6,30
2024311463974,2024,311463974,455028,343385,-1.18179,52.98499,2,2,6,19:02,-1,E06000018,4,0,1,0,1,19,4,8,0,0,0,1,0,0,0,0,0,6,28
2024311463998,2024,311463998,450159,338819,-1.25501,52.94442,3,3,6,16:42,-1,E07000172,3,0,1,0,2,"[15, 19]",1,5,"[11, 0]",0,0,1,1,0,0,0,0,7,5
2024311464017,2024,311464017,462314,341917,-1.07356,52.971,2,2,6,17:20,-1,E07000173,3,0,1,0,1,19,2,6,0,0,0,1,0,0,0,0,1,7,5
2024311464026,2024,311464026,456450,333556,-1.16232,52.89649,3,3,6,18:06,-1,E07000176,6,0,1,0,1,19,4,8,10,0,0,0,0,1,0,0,0,7,5
2024311464070,2024,311464070,457255,324533,-1.15193,52.81531,3,3,4,15:32,-1,E07000176,3,0,1,0,2,19,7,3,0,"[0, 1]",0,1,0,0,0,0,0,7,3
2024311464193,2024,311464193,456364,362225,-1.1586,53.15418,2,2,6,14:30,-1,E07000174,4,0,1,0,1,19,7,3,0,0,0,0,1,0,0,0,1,6,21
2024311464280,2024,311464280,479656,354336,-0.81232,53.08032,1,"[2, 1]",6,13:40,-1,E07000175,5,0,1,0,1,1,1,5,0,0,0,1,0,0,0,0,1,7,5
2024311464287,2024,311464287,454663,338041,-1.18812,52.93699,3,3,7,13:30,-1,E06000018,3,0,1,0,1,3,2,6,0,0,0,1,0,0,0,0,1,7,6
2024311464340,2024,311464340,457760,383155,-1.13393,53.34215,3,3,6,13:34,-1,E07000171,6,0,1,0,2,19,7,3,10,7,0,1,0,0,0,0,0,7,5
2024311464455,2024,311464455,459327,378471,-1.11128,53.29988,3,3,2,08:00,-1,E07000171,6,0,8,0,1,"[19, 5]",2,"[6, 5]",0,0,0,1,1,0,0,0,0,7,1
2024311464567,2024,311464567,462388,341980,-1.07244,52.97155,3,3,6,08:10,-1,E07000173,3,0,1,0,1,19,3,7,0,0,0,0,0,0,0,1,1,6,21
2024311464572,2024,311464572,454140,342587,-1.19515,52.97791,2,2,1,16:30,-1,E06000018,6,0,1,0,1,"[1, 19]","[8, 4]","[7, 4]",0,0,0,1,0,1,0,0,0,7,7
2024311464663,2024,311464663,469074,339633,-0.9734,52.94964,3,3,1,13:25,-1,E07000176,6,0,1,1,2,"[19, 5]","[7, 1]","[3, 6]",0,0,0,1,0,0,0,0,0,7,7
2024311464694,2024,311464694,463852,362732,-1.04654,53.1579,3,3,6,15:29,-1,E07000175,3,0,1,0,2,19,1,5,0,"[1, 0]",0,1,0,0,0,0,0,7,5
2024311464798,2024,311464798,466383,341525,-1.01306,52.96699,2,2,2,08:17,-1,E07000176,6,0,1,0,2,"[13, 19]",5,1,0,0,0,1,1,0,0,0,0,7,8
2024311465128,2024,311465128,458702,346064,-1.12658,53.00868,1,1,2,18:52,-1,E07000173,6,0,1,0,1,19,5,1,10,3,0,0,0,1,0,0,0,7,8
2024311465170,2024,311465170,457695,340236,-1.14263,52.9564,3,3,4,12:44,-1,E06000018,6,0,1,0,1,19,1,5,0,0,0,1,0,0,0,0,1,6,12
2024311465189,2024,311465189,454423,334225,-1.19233,52.90272,3,3,6,17:10,-1,E06000018,6,0,1,-1,1,8,3,7,0,0,0,1,0,0,0,0,1,6,28
2024311465198,2024,311465198,452843,343788,-1.21426,52.98883,3,3,4,09:36,-1,E07000172,3,0,1,0,1,"[13, 19]",3,7,0,0,0,1,0,0,0,0,0,6,19
2024311465234,2024,311465234,456273,342390,-1.16342,52.97592,3,3,3,09:20,-1,E06000018,6,0,1,0,1,"[2, 15]","[4, 3]","[8, 7]",0,0,0,1,1,0,0,0,0,7,9
2024311465318,2024,311465318,454589,361585,-1.18524,53.14862,2,2,3,08:19,-1,E07000174,4,0,2,1,1,"[19, 4]","[5, 2]","[1, 4]",0,0,0,1,1,0,0,0,0,7,9
2024311465356,2024,311465356,458122,338254,-1.13662,52.93854,3,3,4,06:15,-1,E06000018,3,0,9,-1,2,"[19, -1]","[4, -1]","[8, -1]","[0, -1]","[0, -1]",0,1,0,0,1,0,0,6,12
2024311465387,2024,311465387,456927,340412,-1.15403,52.95807,3,3,3,09:30,-1,E06000018,6,0,2,1,1,4,3,7,0,0,0,1,0,0,0,0,1,7,9
2024311465506,2024,311465506,471402,390568,-0.9274,53.40711,3,3,3,16:04,-1,E07000171,3,0,1,0,2,19,7,3,0,"[0, 1]",0,1,0,0,0,0,0,7,9
2024311465520,2024,311465520,454450,340762,-1.19084,52.96147,3,3,5,11:15,-1,E06000018,3,0,1,0,1,"[2, 19]",1,5,0,0,0,1,0,0,1,0,0,7,4
2024311465574,2024,311465574,457347,343401,-1.14725,52.98489,2,2,3,23:43,-1,E06000018,6,2,1,0,1,19,4,7,9,3,0,1,0,0,0,0,0,7,9
2024311466077,2024,311466077,456846,352084,-1.15318,53.06299,1,"[3, 1]",4,15:12,-1,E07000173,3,0,1,0,2,"[5, 19]","[3, 5]","[7, 1]",0,"[7, 0]",0,1,0,0,0,0,0,7,10
2024311466131,2024,311466131,457339,326355,-1.15037,52.83167,2,2,4,16:30,-1,E07000176,6,0,1,0,2,"[5, 19]","[1, 3]","[5, 7]",0,0,0,1,0,0,0,0,0,7,10
2024311466225,2024,311466225,458890,339846,-1.12491,52.95277,3,3,4,21:13,-1,E06000018,6,0,1,0,1,"[9, 19]","[2, 6]","[8, 2]",0,0,0,1,0,1,0,0,0,7,3
2024311466610,2024,311466610,463899,365129,-1.04536,53.17944,3,3,2,09:30,-1,E07000175,6,0,1,0,2,9,"[8, 6]","[6, 3]",0,0,0,1,0,0,0,0,0,7,8
2024311466629,2024,311466629,456532,341996,-1.15963,52.97235,3,3,5,17:00,-1,E06000018,4,0,2,1,1,5,5,1,9,0,0,1,0,0,0,0,0,7,11
2024311466653,2024,311466653,467731,344525,-0.99236,52.99378,2,2,5,07:27,-1,E07000175,3,0,1,0,2,19,8,4,0,0,0,1,1,0,0,0,0,6,27
2024311466692,2024,311466692,458420,379603,-1.12468,53.31015,3,3,6,16:43,-1,E07000171,4,0,9,-1,1,"[-1, 1]",-1,-1,0,"[0, -1]",0,0,0,0,0,1,0,6,21
2024311466805,2024,311466805,472657,374304,-0.91225,53.26077,3,3,5,11:21,-1,E07000171,6,0,2,1,2,19,4,7,0,1,0,1,0,0,0,0,0,7,11
2024311467085,2024,311467085,481612,351575,-0.78382,53.05521,3,3,6,18:24,-1,E07000175,6,0,1,0,1,"[10, 7]","[1, 3]","[3, 5]",0,0,0,1,0,0,0,0,0,7,12
2024311467119,2024,311467119,458571,362895,-1.12547,53.15997,2,2,6,16:13,-1,E07000175,4,0,1,0,1,19,3,7,0,0,0,1,0,0,0,0,1,7,12
2024311467169,2024,311467169,461043,340773,-1.09269,52.96086,3,3,6,23:00,-1,E07000173,6,2,1,0,1,"[2, 19]","[0, 1]","[0, 5]","[0, 4]","[7, 0]","[1, 0]",1,0,0,0,0,0,7,12
2024311467176,2024,311467176,456952,340164,-1.1537,52.95584,3,3,7,02:05,-1,E06000018,6,0,1,0,1,19,7,3,0,0,0,1,0,0,0,0,1,7,13
2024311467272,2024,311467272,458500,341241,-1.13046,52.96535,3,3,5,17:00,-1,E06000018,6,0,1,0,1,19,8,4,0,0,0,1,0,0,0,0,0,7,4
2024311467275,2024,311467275,455736,361765,-1.16807,53.15012,3,3,3,15:05,-1,E07000174,6,0,1,0,1,"[9, 19]","[8, 1]","[4, 5]",0,0,0,1,1,0,0,0,0,7,2
2024311467445,2024,311467445,450480,337879,-1.25038,52.93594,3,3,7,00:09,-1,E07000172,3,2,8,0,1,19,"[2, 5]","[7, 2]",0,0,0,1,0,0,0,0,0,7,13
2024311467522,2024,311467522,452158,341383,-1.22485,52.96728,3,3,6,10:30,-1,E06000018,6,0,9,0,1,"[19, 5]","[5, 3]",1,0,0,0,1,0,1,0,0,0,7,12
2024311467549,2024,311467549,460796,349668,-1.0947,53.04084,3,3,6,11:00,-1,E07000173,6,0,9,0,2,"[19, 5]","[3, 5]","[7, 3]",0,0,0,1,0,1,0,0,0,7,12
2024311467619,2024,311467619,474561,377964,-0.88286,53.2934,3,3,1,16:01,-1,E07000171,6,0,2,1,2,19,7,3,0,1,4,1,0,0,0,0,0,7,14
2024311467748,2024,311467748,469568,380094,-0.95728,53.31322,3,3,5,14:55,-1,E07000171,6,0,1,0,2,19,7,1,0,0,0,0,0,0,0,1,1,7,11
2024311467826,2024,311467826,470597,380519,-0.94175,53.3169,3,3,1,15:53,-1,E07000171,6,0,1,0,1,19,"[5, 1]","[1, 7]",0,0,0,1,0,1,0,0,0,7,14
2024311467827,2024,311467827,481118,353113,-0.7908,53.06911,1,1,2,05:27,-1,E07000175,6,2,1,0,2,19,8,4,0,1,0,1,0,0,0,0,0,7,15
2024311467848,2024,311467848,455192,355213,-1.17732,53.09128,3,3,2,10:30,-1,E07000173,3,0,1,0,2,"[19, 13]",8,"[4, 5]","[0, 10]","[0, 1]","[0, 11]",1,0,0,1,0,0,7,15
2024311467911,2024,311467911,476962,373633,-0.84789,53.25414,2,2,2,11:22,-1,E07000171,3,0,1,0,2,"[5, 19]","[1, 3]","[1, 7]",0,0,0,1,0,0,0,0,0,7,15
2024311467974,2024,311467974,456553,340000,-1.15966,52.9544,2,2,5,08:18,-1,E06000018,6,0,2,1,1,"[7, 5]","[8, 2]","[2, 6]",0,0,0,1,1,0,0,0,0,7,11
2024311468102,2024,311468102,457693,378547,-1.13578,53.30074,2,2,1,18:11,-1,E07000171,3,0,4,1,2,19,1,4,0,0,0,0,0,1,0,0,0,7,14
2024311468204,2024,311468204,453641,336929,-1.20351,52.9271,3,3,7,14:00,-1,E07000172,3,0,9,0,1,"[3, 7]","[2, 4]",6,0,0,0,1,0,0,0,0,0,7,6
2024311468243,2024,311468243,456339,344891,-1.162,52.99839,3,3,2,13:47,-1,E06000018,6,0,1,1,1,4,8,7,0,0,0,0,0,0,1,0,0,7,15
2024311468313,2024,311468313,450090,344656,-1.25514,52.9969,3,3,3,12:14,-1,E07000172,6,0,1,1,1,5,"[6, 4]","[2, 8]",0,0,0,1,0,0,1,0,0,7,16
2024311468507,2024,311468507,467424,379903,-0.9895,53.31178,2,2,7,19:34,-1,E07000171,4,0,1,0,2,19,2,5,0,7,9,0,0,1,0,0,0,7,6
2024311468613,2024,311468613,456216,362111,-1.16083,53.15318,3,3,7,11:30,-1,E07000174,4,0,1,0,1,19,"[2, 6]","[6, 2]",0,0,0,1,1,0,0,0,0,7,13
2024311468922,2024,311468922,472597,351243,-0.91837,53.05352,2,2,4,14:24,-1,E07000175,6,0,1,0,2,"[7, 15]","[2, 4]","[8, 2]","[11, 0]",0,0,0,1,0,1,0,0,7,17
2024311468937,2024,311468937,482704,353232,-0.76711,53.06993,3,3,2,09:37,-1,E07000175,3,0,1,0,2,19,1,5,0,"[1, 0]",0,1,0,0,0,1,0,7,15
2024311469028,2024,311469028,469929,380994,-0.95167,53.32126,2,"[3, 2]",4,05:50,-1,E07000171,6,0,1,0,1,19,"[7, 3]","[2, 7]",0,0,0,1,1,0,0,0,1,7,17
2024311469057,2024,311469057,457059,371143,-1.14661,53.23426,3,3,2,18:43,-1,E07000171,3,0,1,1,2,19,3,7,0,2,4,1,0,0,0,0,0,7,15
2024311469117,2024,311469117,452878,336742,-1.21489,52.92549,3,3,5,10:06,-1,E07000172,6,0,1,0,1,19,"[1, 4]","[7, 8]",0,0,0,0,0,0,0,1,0,7,11
2024311469364,2024,311469364,456999,341816,-1.15271,52.97068,3,3,3,09:30,-1,E06000018,6,0,2,1,1,19,3,7,0,0,0,1,0,0,0,0,1,7,16
2024311469431,2024,311469431,456113,369056,-1.16115,53.21561,2,2,5,15:41,-1,E07000174,6,0,1,0,2,19,"[5, 1]","[1, 5]",0,0,0,1,1,0,0,0,0,7,18
2024311469441,2024,311469441,459089,345025,-1.121,52.9993,3,3,5,17:14,-1,E07000173,6,0,1,0,1,"[9, 19]","[1, 3]",7,0,0,0,1,0,0,0,0,0,7,18
2024311469452,2024,311469452,454344,342437,-1.19213,52.97654,2,2,5,17:26,-1,E06000018,6,0,1,0,1,"[8, 19]","[5, 7]","[7, 3]",0,0,0,1,1,0,0,0,0,7,18
2024311469460,2024,311469460,469077,395771,-0.96123,53.45418,3,3,4,00:30,-1,E07000171,6,2,1,0,2,19,7,3,0,0,0,1,0,0,0,0,0,6,19
2024311469471,2024,311469471,453776,340745,-1.20087,52.96139,3,3,2,06:45,-1,E06000018,6,0,9,1,1,5,"[5, 1]","[6, 1]",0,1,0,1,0,0,0,0,0,7,1
2024311469614,2024,311469614,467170,339842,-1.00169,52.95176,3,3,6,08:44,-1,E07000176,3,0,1,0,2,"[6, 14]","[3, 7]","[7, 3]",0,0,0,1,0,1,0,0,0,7,19
2024311469712,2024,311469712,457491,343181,-1.14514,52.9829,3,3,7,19:50,-1,E06000018,3,0,1,0,1,19,2,6,0,0,0,1,0,0,0,0,1,7,6
2024311469754,2024,311469754,457686,343590,-1.14216,52.98655,2,"[3, 2]",6,13:07,-1,E07000173,3,0,1,0,1,"[3, 19]","[5, 1]",7,0,0,0,1,0,0,0,0,0,7,19
2024311469829,2024,311469829,458999,339312,-1.12339,52.94796,3,3,6,11:20,-1,E06000018,6,0,1,0,1,9,7,4,0,0,0,1,0,0,0,0,1,7,19
2024311469836,2024,311469836,457493,379083,-1.13868,53.30558,3,3,6,11:53,-1,E07000171,3,0,1,0,2,19,1,5,0,0,0,1,0,0,0,0,0,7,19
2024311469862,2024,311469862,455825,344959,-1.16964,52.99905,2,2,6,15:35,-1,E06000018,6,0,1,0,1,"[19, 9]",7,"[3, 5]",0,0,0,1,0,1,0,0,0,7,19
2024311470077,2024,311470077,456948,341451,-1.15353,52.9674,2,2,6,16:30,-1,E06000018,3,0,1,0,1,19,1,5,0,0,0,1,0,0,0,0,0,7,19
2024311470137,2024,311470137,456519,339230,-1.1603,52.94749,3,3,2,17:20,-1,E06000018,3,0,1,0,1,19,7,3,0,0,0,1,1,0,0,0,0,7,15
2024311470221,2024,311470221,453820,342004,-1.20001,52.9727,3,3,7,18:01,-1,E06000018,6,0,1,0,1,19,"[1, 7]","[4, 5]",0,0,0,1,0,0,0,0,0,7,20
2024311470262,2024,311470262,475474,385989,-0.86725,53.36539,3,3,7,20:23,-1,E07000171,3,0,1,0,2,19,"[5, 3]","[1, 7]",0,0,0,1,0,0,0,0,0,7,20
2024311470406,2024,311470406,449933,358001,-1.25541,53.11686,3,3,1,13:29,-1,E07000170,3,0,1,0,1,"[4, 19]",7,3,0,0,0,1,0,0,0,0,0,7,21
2024311470540,2024,311470540,455228,344352,-1.17864,52.99366,2,2,1,21:00,-1,E06000018,6,0,1,0,1,9,8,4,0,1,0,0,0,1,0,0,0,7,21
2024311470754,2024,311470754,449827,359561,-1.25675,53.13089,3,3,2,12:18,-1,E07000170,4,0,1,0,1,"[19, 9]","[5, 1]","[8, 6]",0,0,0,1,0,0,0,0,0,7,22
2024311470872,2024,311470872,457039,360666,-1.14878,53.1401,2,2,1,19:15,-1,E07000174,6,0,1,0,1,-1,1,5,-1,-1,0,0,0,0,0,1,1,7,21
2024311470879,2024,311470879,460414,342251,-1.10178,52.97422,3,3,2,19:20,-1,E07000173,6,0,1,0,1,19,7,3,0,0,0,0,0,0,1,0,0,7,22
2024311470952,2024,311470952,452267,360595,-1.22012,53.13995,3,3,2,22:33,-1,E07000174,6,2,1,0,1,19,4,8,0,1,0,1,0,0,0,0,0,7,22
2024311471041,2024,311471041,453710,360135,-1.19863,53.13567,3,3,7,11:00,-1,E07000174,6,0,1,0,1,9,4,8,0,0,0,1,0,0,0,0,1,5,4
2024311471075,2024,311471075,455954,340382,-1.16851,52.9579,3,3,3,07:07,-1,E06000018,6,0,1,0,1,19,2,6,0,0,0,0,0,0,0,0,0,7,23
2024311471091,2024,311471091,462159,341909,-1.07586,52.97094,3,3,2,16:45,-1,E07000173,4,0,1,0,1,19,"[5, 7]","[1, 3]",0,0,0,1,1,0,0,0,0,7,22
2024311471227,2024,311471227,464654,391726,-1.02865,53.41838,3,3,3,11:37,-1,E07000171,3,0,1,0,2,"[9, 19]",2,"[3, 6]",0,0,0,1,0,0,0,1,0,7,23
2024311471233,2024,311471233,455994,370780,-1.16263,53.23112,3,3,2,15:19,-1,E07000171,3,0,1,0,2,4,7,3,0,0,0,1,0,0,0,0,0,7,22
2024311471280,2024,311471280,457207,341318,-1.1497,52.96618,2,2,6,04:00,-1,E06000018,6,2,1,0,1,19,2,6,0,0,0,1,0,0,0,0,1,7,19
2024311471348,2024,311471348,455155,355314,-1.17786,53.09219,3,3,7,16:39,-1,E07000173,3,0,2,1,2,"[19, 9]",5,"[1, 3]",0,0,0,1,0,0,0,0,0,7,13
2024311471378,2024,311471378,447977,355638,-1.28498,53.0958,2,2,3,16:46,-1,E07000170,4,0,1,0,2,"[4, 3]",3,7,0,0,0,1,0,1,1,0,0,7,23
2024311471395,2024,311471395,456553,371067,-1.15421,53.23364,3,3,3,22:09,-1,E07000171,3,2,1,0,2,19,"[5, 3]","[1, 7]",0,0,0,1,0,0,0,0,0,7,23
2024311471474,2024,311471474,458118,342588,-1.13591,52.9775,3,3,7,16:57,-1,E06000018,4,0,1,0,1,"[15, 19]",8,4,0,0,0,1,1,0,0,0,0,7,6
2024311471476,2024,311471476,457261,340401,-1.14906,52.95793,2,2,3,21:32,-1,E06000018,3,2,8,0,1,19,1,5,0,0,0,0,1,0,0,0,0,5,7
2024311471646,2024,311471646,458058,341135,-1.13706,52.96445,3,3,3,21:04,-1,E06000018,6,0,1,0,1,19,2,6,0,0,0,0,0,1,1,0,0,7,16
2024311471717,2024,311471717,456281,343523,-1.1631,52.9861,3,3,4,16:34,-1,E06000018,3,0,1,0,1,19,2,6,0,0,0,1,0,0,0,0,1,7,17
2024311471788,2024,311471788,450411,326083,-1.25323,52.82992,3,3,4,15:54,-1,E07000176,6,0,2,1,2,19,1,5,0,0,0,0,0,0,1,0,1,7,24
2024311471836,2024,311471836,458166,351368,-1.13361,53.05641,2,"[2, 3]",3,21:10,-1,E07000173,6,0,1,0,2,9,1,5,10,0,0,1,0,0,0,0,0,7,23
2024311472053,2024,311472053,454851,341755,-1.1847,52.97035,3,3,2,15:45,-1,E06000018,3,0,1,0,1,"[19, 7]",5,1,0,"[1, 0]",0,1,0,1,0,0,0,7,22
2024311472055,2024,311472055,462798,343000,-1.06614,52.98067,3,3,4,14:11,-1,E07000173,3,0,1,0,2,"[19, 9]","[4, 5]","[7, 3]",0,0,0,1,0,0,0,0,0,7,24
2024311472101,2024,311472101,479591,353354,-0.81353,53.0715,3,3,5,09:46,-1,E07000175,6,0,1,0,1,"[9, 19]","[3, 1]","[1, 6]",0,0,0,1,0,0,0,0,0,7,25
2024311472183,2024,311472183,457185,339402,-1.15036,52.94896,3,3,5,18:13,-1,E06000018,6,0,1,0,1,3,4,7,0,0,0,1,0,0,0,0,1,7,25
2024311472212,2024,311472212,457645,335230,-1.14426,52.91141,3,3,5,19:53,-1,E07000176,3,0,1,0,2,"[19, 10]","[3, 1]","[7, 3]",0,0,0,1,0,0,0,0,0,7,25
2024311472216,2024,311472216,464869,381731,-1.02747,53.32853,3,3,5,04:05,-1,E07000171,3,2,1,0,2,"[19, 5]",5,1,0,0,0,1,0,0,1,0,0,5,16
2024311472482,2024,311472482,459831,326630,-1.11333,52.83388,2,2,1,10:00,-1,E07000176,6,0,1,0,2,19,3,7,0,0,0,0,1,0,0,1,0,7,21
2024311472511,2024,311472511,459089,345023,-1.12101,52.99928,3,3,6,14:34,-1,E07000173,6,0,8,0,1,"[19, 2]","[7, 1, 5]","[3, 5, 1]",0,0,0,1,0,0,0,0,0,7,26
2024311472532,2024,311472532,477730,355254,-0.84084,53.08885,3,3,6,17:01,-1,E07000175,3,0,1,0,2,19,"[8, 1]","[1, 5]",0,0,0,1,0,0,0,0,0,7,26
2024311472545,2024,311472545,449175,336323,-1.27003,52.92208,3,3,6,17:25,-1,E07000172,6,0,1,0,1,"[20, 19]","[0, 3]","[0, 7]","[0, 4]",0,0,1,0,0,0,0,0,7,26
2024311472626,2024,311472626,457783,333054,-1.14259,52.89184,3,3,6,22:13,-1,E07000176,3,2,1,0,1,"[9, 19]","[6, 1]","[3, 5]",0,0,0,1,0,0,0,0,0,7,26
2024311472652,2024,311472652,453113,360090,-1.20756,53.13533,2,2,6,21:55,-1,E07000174,6,2,1,0,1,19,"[2, 4]",6,0,"[1, 0]",0,1,0,1,0,0,0,7,26
2024311472698,2024,311472698,457049,341175,-1.15208,52.96491,2,2,4,17:55,-1,E06000018,6,0,1,0,1,"[13, 19]","[1, 2]","[5, 6]",0,0,0,1,1,0,0,0,0,7,24
2024311472702,2024,311472702,461750,341727,-1.08199,52.96935,3,3,5,17:00,-1,E07000173,6,0,1,0,1,"[8, 15]",1,5,0,0,0,1,0,1,0,0,0,7,25
2024311472705,2024,311472705,456904,341546,-1.15417,52.96826,3,3,4,16:50,-1,E06000018,3,0,1,0,1,19,7,4,0,0,0,1,1,0,0,0,0,7,24
2024311472852,2024,311472852,452793,337097,-1.2161,52.92869,3,3,6,16:30,-1,E07000172,6,0,1,0,1,19,1,"[1, 5]",0,0,0,1,0,0,0,1,0,7,26
2024311472872,2024,311472872,457110,340048,-1.15137,52.95478,3,3,7,18:45,-1,E06000018,6,0,1,0,1,19,5,5,0,0,0,0,0,0,0,1,1,7,27
2024311472895,2024,311472895,455016,358408,-1.1794,53.12002,2,2,7,20:40,-1,E07000174,6,0,1,0,2,"[19, 9]","[7, 4]","[3, 1]",0,0,0,1,0,0,0,0,0,7,27
2024311473044,2024,311473044,456065,340017,-1.16692,52.95461,3,3,2,16:45,-1,E06000018,3,0,1,0,1,4,7,3,0,0,0,0,0,0,1,0,0,7,22
2024311473058,2024,311473058,458868,379382,-1.11799,53.30812,2,2,7,13:39,-1,E07000171,6,0,1,0,1,"[15, 9]",3,7,0,0,0,1,1,0,0,0,0,7,27
2024311473089,2024,311473089,450375,356087,-1.24911,53.09961,3,3,1,12:02,-1,E07000170,4,0,1,0,1,"[19, 9]","[3, 5]","[6, 3]","[10, 0]","[1, 0]",0,1,0,0,0,0,0,7,28
2024311473384,2024,311473384,458949,336899,-1.12457,52.92627,3,3,4,15:19,-1,E07000176,6,0,1,0,1,19,7,1,0,0,0,1,0,0,0,0,1,7,24
2024311473530,2024,311473530,459088,343374,-1.12132,52.98446,3,3,2,12:00,-1,E07000173,4,0,1,0,1,4,6,2,0,0,0,0,0,0,1,0,0,7,29
2024311473566,2024,311473566,457238,341382,-1.14923,52.96675,2,2,7,12:40,-1,E06000018,6,0,1,0,1,2,0,0,0,0,0,1,0,0,0,0,0,7,27
2024311473587,2024,311473587,464741,379816,-1.02978,53.31133,2,2,2,14:58,-1,E07000171,3,0,1,0,2,"[19, 4]",5,1,0,0,0,0,0,0,1,0,0,7,29
2024311473591,2024,311473591,458169,339696,-1.13567,52.9515,3,3,2,17:05,-1,E06000018,3,0,1,0,1,19,8,4,0,0,0,1,0,0,0,0,1,7,29
2024311473648,2024,311473648,457241,340334,-1.14937,52.95733,3,3,7,23:50,-1,E06000018,3,2,1,0,1,"[19, 12]",7,7,0,0,0,1,0,0,0,0,0,7,27
2024311473687,2024,311473687,457151,342340,-1.15035,52.97537,3,3,2,14:52,-1,E06000018,3,0,1,0,1,19,5,1,0,0,0,1,0,0,1,0,0,7,29
2024311473856,2024,311473856,455308,376577,-1.1719,53.28329,1,"[2, 3, 1]",1,05:17,-1,E07000171,3,0,1,0,2,"[19, 9]","[5, 3]","[1, 5]",0,"[0, 3]",0,1,0,0,0,0,0,7,28
2024311473894,2024,311473894,456049,359805,-1.16373,53.13247,3,3,2,17:00,-1,E07000174,3,0,1,0,1,"[9, 19]",3,"[1, 7]",0,0,0,1,1,0,0,0,0,7,29
2024311474030,2024,311474030,462533,350965,-1.06855,53.05229,3,3,3,18:50,-1,E07000175,3,0,1,0,2,5,5,"[1, 3]",0,0,0,1,1,0,0,0,0,7,30
2024311474446,2024,311474446,465301,339618,-1.02955,52.94998,2,2,4,17:00,-1,E07000176,6,0,1,0,2,2,1,1,0,0,0,0,0,0,1,0,1,7,17
2024311474456,2024,311474456,473608,360630,-0.90114,53.13775,2,2,4,17:14,-1,E07000175,3,0,1,0,2,19,3,7,0,0,0,0,0,1,0,0,0,7,31
2024311474519,2024,311474519,451426,336156,-1.23658,52.92037,2,2,4,14:44,-1,E07000172,6,0,8,0,1,19,1,5,"[0, 10]","[0, 7]",0,1,1,0,0,0,0,7,31
2024311474630,2024,311474630,455905,341236,-1.1691,52.96558,3,3,4,10:19,-1,E06000018,3,0,1,0,1,"[19, 3]",3,5,0,0,0,1,0,0,0,0,0,7,31
2024311474643,2024,311474643,459225,341067,-1.1197,52.96371,3,3,4,11:30,-1,E06000018,6,0,1,0,1,"[19, -1]","[1, -1]","[5, -1]","[0, -1]","[0, -1]",0,1,1,0,0,0,0,7,31