collision_index,collision_year,collision_ref_no,location_easting_osgr,location_northing_osgr,longitude,latitude,casualty_severity,casualty_severity,day_of_week,time,local_authority_district,local_authority_ons_district,first_road_class,light_conditions,weather_conditions,road_surface_conditions,urban_or_rural_area,vehicle_manoeuvre,vehicle_direction_from,vehicle_direction_to,hit_object_in_carriageway,vehicle_leaving_carriageway,hit_object_off_carriageway,is_car,is_cyle,is_mcyle,is_goodsv,is_other,is_pedestrian,month,day
2024311486012,2024,311486012,482585,348799,-0.77002,53.03011,3,3,1,12:15,-1,E07000175,3,0,8,1,2,19,5,1,0,7,0,1,0,0,0,0,0,9,1
2024311486187,2024,311486187,448258,346971,-1.28208,53.01787,2,2,7,22:34,-1,E07000172,4,2,1,0,1,19,3,7,10,0,0,0,0,1,0,0,0,8,31
2024311486297,2024,311486297,457183,366939,-1.14551,53.19647,2,2,1,17:11,-1,E07000174,4,0,1,0,2,"[9, 19]","[1, 5]","[5, 1]",0,0,0,1,0,1,0,0,0,9,1
2024311486316,2024,311486316,458351,338880,-1.13311,52.94414,2,"[2, 3]",2,09:04,-1,E06000018,3,0,8,1,1,"[19, 7]",2,"[6, 4]",0,"[1, 0]","[10, 0]",1,0,0,0,0,0,9,2
2024311486337,2024,311486337,452732,342179,-1.21618,52.97438,2,2,2,08:40,-1,E06000018,6,0,1,1,1,4,3,7,0,0,0,1,0,0,0,0,1,9,2
2024311486428,2024,311486428,458310,342277,-1.13311,52.97468,2,2,1,16:44,-1,E06000018,6,0,1,0,1,19,4,8,0,0,0,0,1,0,0,0,0,8,11
2024311486443,2024,311486443,455372,360906,-1.17366,53.14243,2,2,2,13:54,-1,E07000174,6,0,2,1,1,"[5, 19]","[5, 3]","[1, 7]",0,0,0,1,0,0,0,0,0,9,2
2024311486584,2024,311486584,455525,340965,-1.1748,52.96318,3,3,3,00:08,-1,E06000018,3,2,8,1,1,"[19, 9]","[3, 4]","[7, 3]",0,0,0,1,0,0,0,0,0,9,3
2024311486890,2024,311486890,458765,342343,-1.12632,52.97523,2,2,3,15:44,-1,E06000018,6,0,1,0,1,9,1,6,0,0,0,1,0,0,0,0,1,9,3
2024311486892,2024,311486892,447795,357518,-1.28742,53.11271,3,3,3,14:27,-1,E07000170,3,0,1,0,2,"[9, 19]","[2, 7]","[1, 2]",0,0,0,1,0,0,0,0,0,9,3
2024311486898,2024,311486898,457117,339611,-1.15134,52.95085,3,3,6,08:25,-1,E06000018,6,0,1,0,1,"[19, 4]",2,6,0,0,0,1,0,0,0,0,0,8,30
2024311487068,2024,311487068,457413,340100,-1.14685,52.95521,3,3,3,20:25,-1,E06000018,3,0,1,0,1,19,3,7,0,0,0,0,0,0,0,1,1,9,3
2024311487119,2024,311487119,456142,362626,-1.16184,53.15781,3,3,2,12:40,-1,E07000174,6,0,1,0,1,2,3,7,0,0,0,0,0,0,1,0,0,9,2
2024311487366,2024,311487366,463803,384913,-1.04283,53.35726,3,3,4,17:15,-1,E07000171,3,0,1,0,2,19,5,1,0,1,0,1,0,0,0,0,0,9,4
2024311487430,2024,311487430,458121,337598,-1.13676,52.93265,3,3,5,18:11,-1,E07000176,3,0,1,0,1,"[10, 9]",1,7,0,0,0,1,0,0,0,0,0,8,29
2024311487656,2024,311487656,474841,373235,-0.87977,53.25086,1,"[3, 1]",4,06:47,-1,E07000171,3,0,1,0,2,19,"[7, 3]","[3, 7]",0,0,0,1,0,0,0,0,0,9,4
2024311487932,2024,311487932,453995,363403,-1.19382,53.16502,3,3,4,14:00,-1,E07000174,6,0,1,0,1,"[5, 19]","[5, 6]",3,0,0,0,1,0,0,0,0,0,9,4
2024311488013,2024,311488013,461141,340108,-1.09136,52.95487,3,3,3,17:45,-1,E07000173,3,0,9,0,1,19,3,7,0,0,0,1,1,0,0,0,0,9,3
2024311488097,2024,311488097,457318,333126,-1.14949,52.89254,2,2,5,11:30,-1,E07000176,4,0,1,0,1,19,1,5,0,0,0,1,0,0,0,0,1,8,29
2024311488110,2024,311488110,450391,355851,-1.24891,53.09749,3,3,6,15:53,-1,E07000170,6,0,1,0,1,"[2, 19]","[0, 1]","[0, 5]","[0, 4]","[0, 7]",0,1,1,0,0,0,0,9,6
2024311488253,2024,311488253,452102,336849,-1.22641,52.92653,3,3,6,19:45,-1,E07000172,6,0,1,0,1,"[19, 12]",3,7,0,0,0,1,1,0,0,0,0,9,6
2024311488265,2024,311488265,455491,362420,-1.17161,53.15603,3,3,6,19:17,-1,E07000174,6,0,1,0,1,19,"[6, 1]","[1, 5]",0,0,0,1,0,1,0,0,0,9,6
2024311488266,2024,311488266,457474,340408,-1.14588,52.95797,3,3,7,00:20,-1,E06000018,3,2,1,0,1,5,5,1,0,0,0,1,0,0,0,0,0,9,7
2024311488318,2024,311488318,459306,340940,-1.11852,52.96256,3,3,1,23:00,-1,E06000018,6,2,1,0,1,"[19, 2]","[3, 0]","[7, 0]","[11, 0]","[0, 7]",0,1,0,0,0,0,0,2,4
2024311488347,2024,311488347,453836,341135,-1.19991,52.96488,3,3,4,08:47,-1,E06000018,6,0,1,0,1,19,"[7, 1]","[3, 5]",0,0,0,1,1,0,0,0,0,9,4
2024311488401,2024,311488401,454229,363771,-1.19026,53.1683,3,3,6,19:30,-1,E07000174,6,0,1,1,1,5,"[8, 5]","[4, 1]",0,0,0,1,0,0,0,0,0,9,6
2024311488553,2024,311488553,465033,385452,-1.02424,53.36195,3,3,7,21:08,-1,E07000171,3,2,2,1,2,19,1,3,10,7,0,1,0,0,0,0,0,9,7
2024311488579,2024,311488579,458627,343011,-1.12825,52.98125,3,3,7,22:08,-1,E06000018,4,2,7,1,1,19,6,2,0,0,0,1,0,0,0,0,1,9,7
2024311488615,2024,311488615,448745,357637,-1.27321,53.1137,2,"[2, 3]",1,06:02,-1,E07000170,3,0,7,1,2,19,3,7,0,0,0,1,0,0,0,0,0,9,8
2024311488801,2024,311488801,479980,362518,-0.80544,53.1538,3,3,7,20:44,-1,E07000175,3,2,1,0,2,19,1,5,"[0, 7]","[1, 0]",0,1,0,0,0,0,0,9,7
2024311488853,2024,311488853,463471,391740,-1.04645,53.41865,2,"[3, 2]",1,22:37,-1,E07000171,6,2,2,1,2,"[2, 19]","[0, 8]","[0, 4]",0,"[0, 8]",0,1,0,0,0,0,0,9,8
2024311489040,2024,311489040,462519,338067,-1.07124,52.93637,3,3,2,09:02,-1,E07000176,3,0,2,1,2,19,7,3,11,1,1,1,0,0,0,0,0,9,9
2024311489219,2024,311489219,449147,358386,-1.26709,53.12039,3,3,2,10:00,-1,E07000170,6,0,1,0,1,19,"[5, 1]","[1, 5]",0,0,0,1,0,0,1,0,0,9,9
2024311489268,2024,311489268,448322,360724,-1.27907,53.14148,2,2,2,19:05,-1,E07000170,6,0,1,0,1,4,6,1,0,0,0,0,0,0,1,0,1,9,9
2024311489291,2024,311489291,459527,339481,-1.1155,52.94942,3,3,1,08:39,-1,E06000018,3,0,1,0,1,19,"[2, 1]","[6, 5]",0,0,0,1,1,0,0,0,0,8,25
2024311489327,2024,311489327,457126,362672,-1.14712,53.15812,2,2,2,22:39,-1,E07000174,4,2,1,0,1,19,"[7, 5]","[3, 1]",0,0,0,1,0,0,0,0,0,9,9
2024311489340,2024,311489340,463221,365797,-1.05537,53.18552,3,3,2,20:10,-1,E07000175,6,2,9,-1,2,-1,-1,-1,-1,-1,0,0,0,0,1,0,0,9,9
2024311489346,2024,311489346,454705,334727,-1.18806,52.9072,3,3,2,17:00,-1,E06000018,3,0,1,0,1,"[4, 2]",6,2,0,0,0,1,0,0,0,0,0,9,9
2024311489615,2024,311489615,449926,359559,-1.25527,53.13086,3,3,2,09:14,-1,E07000170,4,0,1,0,1,"[-1, 19]","[-1, 7]","[-1, 3]","[-1, 0]","[-1, 0]",0,1,0,0,0,0,0,9,9
2024311489634,2024,311489634,482105,358012,-0.77483,53.11298,2,2,3,10:09,-1,E07000175,3,0,1,0,2,"[19, 9]","[5, 7]",1,0,0,0,1,0,0,1,0,0,9,10
2024311489646,2024,311489646,454359,338212,-1.19262,52.93856,3,3,3,11:25,-1,E06000018,6,0,1,1,1,19,3,7,0,0,0,1,0,0,0,0,1,9,10
2024311489717,2024,311489717,462509,355684,-1.06799,53.09471,3,3,3,16:25,-1,E07000175,3,0,1,1,2,"[19, 10]",5,1,0,0,0,1,0,0,0,0,0,9,10
2024311489736,2024,311489736,450888,344373,-1.24329,52.99428,3,3,3,16:25,-1,E07000172,6,0,1,0,1,"[19, 2]",1,"[2, 1]",0,0,0,1,0,0,0,0,0,9,10
2024311489743,2024,311489743,455223,341085,-1.17927,52.96429,3,3,4,16:30,-1,E06000018,3,0,1,0,1,"[8, 19]","[5, 1]","[1, 5]",0,0,0,1,1,0,0,0,0,8,28
2024311489898,2024,311489898,451779,338072,-1.23102,52.93756,3,3,3,11:46,-1,E07000172,3,0,1,0,1,19,3,7,0,0,0,0,0,0,1,0,0,9,10
2024311489958,2024,311489958,455429,343839,-1.17574,52.98903,3,3,7,10:55,-1,E06000018,4,0,1,0,1,"[11, 15]",6,2,0,0,0,1,0,0,0,0,0,9,7
2024311490388,2024,311490388,458248,342763,-1.13394,52.97906,2,2,1,13:05,-1,E06000018,6,0,1,0,1,"[7, 19]",1,5,0,0,0,1,1,0,0,0,0,9,8
2024311490418,2024,311490418,464586,339240,-1.04026,52.94667,3,3,4,12:45,-1,E07000176,6,0,1,0,2,2,0,0,0,0,0,0,0,0,1,0,0,9,11
2024311490496,2024,311490496,454439,340105,-1.19111,52.95557,3,3,5,11:05,-1,E06000018,3,0,1,1,1,19,1,5,0,0,0,1,0,0,0,0,1,9,12
2024311490555,2024,311490555,449033,340360,-1.27153,52.95838,3,3,5,08:30,-1,E07000172,1,0,1,0,2,19,1,5,0,0,0,1,0,0,1,0,0,9,12
2024311490589,2024,311490589,454321,340723,-1.19276,52.96113,3,3,5,12:46,-1,E06000018,6,0,1,1,1,"[10, 19]",7,"[4, 3]",0,0,0,1,0,1,0,0,0,9,12
2024311490704,2024,311490704,458072,348047,-1.13561,53.02657,3,3,5,16:09,-1,E07000173,3,0,1,0,2,"[9, 19]","[7, 5]","[3, 1]",0,0,0,1,0,0,0,0,0,9,12
2024311490728,2024,311490728,455171,340089,-1.18022,52.95535,2,2,5,17:23,-1,E06000018,6,0,1,0,1,"[9, 19]","[7, 3]","[3, 7]",0,0,0,1,1,0,0,0,0,9,12
2024311490738,2024,311490738,464336,343379,-1.04316,52.9839,2,"[2, 3]",4,12:30,-1,E07000173,3,0,1,0,2,19,"[2, 6]","[6, 2]",0,"[0, 7]",0,1,0,0,0,0,0,9,11
2024311490866,2024,311490866,456879,351042,-1.15287,53.05362,3,3,2,20:40,-1,E07000173,4,2,1,0,2,7,4,6,7,0,0,1,0,0,0,0,0,8,26
2024311490969,2024,311490969,454210,362779,-1.19071,53.15939,3,3,5,14:10,-1,E07000174,6,0,1,0,1,"[19, 3]",1,4,0,0,0,1,0,0,0,0,0,9,12
2024311491064,2024,311491064,459476,355662,-1.11328,53.09486,3,3,4,08:45,-1,E07000175,6,0,1,1,2,"[19, 4]",3,1,0,0,0,1,0,0,0,0,0,9,11
2024311491116,2024,311491116,449536,359275,-1.26115,53.12835,3,3,6,15:15,-1,E07000170,4,0,1,0,1,"[2, 9, 13]","[0, 7, 6]","[0, 6, 2]","[0, 4]",0,0,1,0,1,0,0,0,9,13
2024311491356,2024,311491356,450704,360517,-1.2435,53.1394,3,3,1,04:05,-1,E07000170,3,2,1,0,1,"[19, 9]","[2, 3]","[3, 2]",0,0,0,1,0,0,0,0,0,8,11
2024311491392,2024,311491392,454176,345012,-1.1942,52.9997,3,3,5,11:56,-1,E06000018,4,0,1,0,1,20,1,5,0,0,0,0,0,0,1,0,0,9,12
2024311491488,2024,311491488,455478,342789,-1.17519,52.97958,3,3,7,18:10,-1,E06000018,6,0,1,0,1,"[5, 19]","[2, 8]","[8, 4]",0,0,0,1,0,0,0,0,0,9,14
2024311491854,2024,311491854,480143,353419,-0.80528,53.072,3,3,1,14:50,-1,E07000175,4,0,2,1,1,"[10, 12]",8,4,0,0,0,1,1,0,0,0,0,9,15
2024311491922,2024,311491922,458712,338253,-1.12785,52.93847,2,2,4,22:45,-1,E07000176,3,2,1,0,1,"[19, 5]","[4, 5]","[8, 1]",0,0,0,1,0,0,0,0,0,9,11
2024311491933,2024,311491933,457812,343883,-1.14023,52.98917,3,3,2,08:00,-1,E07000173,3,0,1,0,1,"[5, 19]","[3, 1]","[7, 5]",0,0,0,1,0,0,1,0,0,9,16
2024311491942,2024,311491942,453838,362681,-1.19629,53.15854,3,3,2,10:45,-1,E07000174,6,0,1,0,1,4,5,1,0,0,0,0,0,0,1,0,0,9,16
2024311491950,2024,311491950,478829,356997,-0.82401,53.10435,3,3,7,14:00,-1,E07000175,3,0,1,0,2,"[4, 19]",8,2,0,0,0,1,0,1,0,0,0,9,14
2024311492016,2024,311492016,480665,355059,-0.79708,53.08666,3,3,6,12:31,-1,E07000175,4,0,1,0,1,19,2,6,0,0,0,1,0,0,0,0,0,9,13
2024311492064,2024,311492064,457094,340923,-1.15145,52.96264,3,3,2,12:43,-1,E06000018,3,0,1,0,1,"[19, 9]","[4, 3]","[8, 5]",0,0,0,1,0,0,0,0,0,9,16
2024311492548,2024,311492548,451482,342767,-1.2347,52.97978,3,3,2,08:44,-1,E06000018,3,0,1,0,2,19,5,1,"[10, 0]",0,0,1,0,0,0,0,0,9,16
2024311492581,2024,311492581,450390,325688,-1.2536,52.82637,2,2,2,18:30,-1,E07000176,6,0,1,0,2,"[13, 19]","[6, 2]","[2, 6]",0,0,0,1,1,0,0,0,0,9,16
2024311492611,2024,311492611,458466,344591,-1.13036,52.99546,2,2,3,17:21,-1,E07000173,6,0,1,0,1,9,3,1,0,0,0,1,0,0,0,0,1,9,17
2024311492689,2024,311492689,469974,381507,-0.95088,53.32587,3,3,7,16:15,-1,E07000171,3,0,1,0,1,1,5,1,0,3,0,1,0,0,0,0,0,9,14
2024311492741,2024,311492741,457526,343267,-1.1446,52.98367,3,3,3,15:36,-1,E06000018,3,0,1,0,1,19,"[8, 5]","[4, 1]",0,0,0,1,0,0,1,0,0,9,17
2024311492749,2024,311492749,455140,343883,-1.18003,52.98945,3,3,3,10:29,-1,E06000018,6,0,1,0,1,"[3, 2]","[1, 0]","[5, 0]","[4, 0]",0,0,1,0,0,0,0,0,9,17
2024311492769,2024,311492769,457383,340097,-1.14729,52.95519,3,3,2,19:25,-1,E06000018,3,2,9,0,1,19,7,3,0,0,0,1,0,0,0,0,0,9,16
2024311492804,2024,311492804,453495,344965,-1.20436,52.99934,3,3,4,14:17,-1,E06000018,6,0,9,0,1,19,5,1,0,0,0,0,0,0,0,1,0,9,4
2024311492828,2024,311492828,450269,334648,-1.25402,52.90692,3,3,3,17:10,-1,E07000172,4,0,1,0,1,19,5,1,0,0,0,1,1,0,0,0,0,9,17
2024311492923,2024,311492923,449209,358088,-1.26621,53.11771,3,3,6,19:30,-1,E07000170,6,0,1,0,1,19,7,"[2, 3]",0,0,0,1,1,0,0,0,0,9,13
2024311492939,2024,311492939,467001,368482,-0.99825,53.20919,3,3,3,16:00,-1,E07000175,6,0,1,0,2,19,"[4, 7]","[4, 3]",0,0,0,1,0,0,0,0,0,9,17
2024311492969,2024,311492969,458629,380533,-1.12137,53.31849,3,3,4,08:07,-1,E07000171,3,0,1,0,1,19,1,5,0,0,0,1,0,0,0,0,1,9,18
2024311492975,2024,311492975,454369,340061,-1.19216,52.95518,2,2,4,08:57,-1,E06000018,3,0,1,0,1,"[7, 13]","[1, 7]","[3, 2]",0,0,0,1,0,1,0,0,0,9,18
2024311493075,2024,311493075,458302,342843,-1.13312,52.97977,3,3,4,11:25,-1,E06000018,4,0,2,1,1,4,2,6,0,0,0,1,0,0,0,0,0,9,11
2024311493210,2024,311493210,455818,341209,-1.1704,52.96535,2,2,4,23:42,-1,E06000018,3,2,1,0,1,"[19, 9]","[3, 1]","[3, 7]",0,0,0,1,0,0,0,0,0,9,18
2024311493219,2024,311493219,451628,344215,-1.23229,52.99279,3,3,2,16:26,-1,E07000172,1,0,1,0,1,4,1,5,0,0,0,1,0,0,0,0,0,9,16
2024311493251,2024,311493251,447706,350933,-1.28973,53.05353,3,3,4,11:50,-1,E07000170,3,0,1,0,1,"[10, 19, 15]","[2, 6]","[6, 2]",0,0,0,1,0,0,0,0,0,9,18
2024311493369,2024,311493369,450652,357593,-1.24473,53.11312,3,3,4,11:45,-1,E07000170,4,0,1,0,1,4,5,1,0,0,0,1,0,0,0,0,0,9,11
2024311493424,2024,311493424,455848,341652,-1.16987,52.96933,3,3,5,10:35,-1,E06000018,6,0,1,0,1,5,"[5, 3]","[1, 7]",0,0,0,1,0,0,0,1,0,9,19
2024311493435,2024,311493435,453469,336741,-1.2061,52.92543,3,3,5,18:15,-1,E07000172,3,0,1,0,1,19,2,6,0,0,0,0,0,0,0,0,1,9,12
2024311493581,2024,311493581,458975,378886,-1.11648,53.30365,2,2,5,16:25,-1,E07000171,6,0,1,0,1,19,5,1,0,0,0,1,0,0,0,0,1,9,19
2024311493689,2024,311493689,449578,337443,-1.26387,52.93211,3,3,5,23:11,-1,E07000172,4,2,1,0,1,"[2, 19]","[0, 7]","[0, 3]",0,"[0, 1]","[0, 10]",1,0,0,0,0,0,9,19
2024311493750,2024,311493750,459414,337700,-1.1175,52.93342,3,3,4,16:40,-1,E07000176,3,0,9,0,1,"[19, 4]",3,7,0,0,0,1,0,1,0,0,0,9,18
2024311493802,2024,311493802,465526,340306,-1.02606,52.95614,3,3,6,09:29,-1,E07000176,6,0,1,1,2,7,"[5, 4]","[1, 6]",0,"[1, 0]",0,1,1,0,0,0,0,9,20
2024311493818,2024,311493818,458886,337312,-1.12543,52.92999,3,3,6,15:30,-1,E07000176,6,0,1,0,1,"[2, 1]","[5, 1]","[1, 5]",0,0,0,1,0,0,0,0,0,9,13
2024311494064,2024,311494064,467990,370532,-0.983,53.22749,2,"[3, 2]",6,20:37,-1,E07000175,4,2,1,0,2,19,"[1, 7]","[5, 3]","[0, 7]",0,0,1,0,0,0,0,0,9,20
2024311494221,2024,311494221,456652,339249,-1.15832,52.94764,2,2,7,13:54,-1,E06000018,3,0,1,0,1,"[13, 7]",1,"[1, 7]",0,0,0,1,0,0,0,0,0,9,21
2024311494223,2024,311494223,454338,339912,-1.19264,52.95384,3,3,7,13:06,-1,E06000018,3,0,1,0,1,4,4,8,0,0,0,1,0,0,0,0,0,9,21
2024311494354,2024,311494354,455030,338466,-1.18259,52.94077,3,3,5,14:30,-1,E06000018,3,0,1,0,1,"[19, 4]",1,5,0,0,0,1,0,0,0,1,0,9,12
2024311494374,2024,311494374,459097,381304,-1.1142,53.32537,2,2,7,23:28,-1,E07000171,4,2,8,1,1,"[9, 19]","[7, 3]","[4, 7]",0,0,0,1,0,1,0,0,0,9,21
2024311494578,2024,311494578,457415,362080,-1.14291,53.15277,3,3,1,17:15,-1,E07000174,6,0,1,0,1,"[3, 19]","[1, 4]","[5, 8]",0,0,0,1,0,1,0,0,0,9,22
2024311494831,2024,311494831,459359,336191,-1.1186,52.91987,3,3,5,10:00,-1,E07000176,6,0,1,0,1,"[19, 9]","[1, 5]","[5, 1]",0,0,0,0,1,0,0,1,0,9,19
2024311494862,2024,311494862,452733,338214,-1.21681,52.93874,3,3,7,16:35,-1,E06000018,3,0,1,0,1,19,"[3, 4]","[7, 1]",0,0,0,1,0,0,0,0,0,9,14
2024311494960,2024,311494960,451491,343831,-1.2344,52.98935,3,3,2,12:14,-1,E07000172,3,0,1,0,2,"[19, 9]","[4, 1]",8,0,0,0,1,0,0,0,1,0,9,23
2024311494976,2024,311494976,447627,346685,-1.29153,53.01536,2,2,2,15:39,-1,E07000172,4,0,1,1,1,"[7, 19, 9]","[7, 1]","[1, 7]",0,0,0,1,0,1,0,0,0,9,23
2024311495024,2024,311495024,456873,342037,-1.15454,52.97268,2,2,2,15:31,-1,E06000018,3,0,2,1,1,4,8,4,0,0,0,0,0,1,0,0,0,9,23
2024311495119,2024,311495119,454777,328365,-1.18805,52.85001,2,2,4,20:50,-1,E07000176,6,0,1,0,2,19,8,4,0,0,0,0,1,0,0,0,0,7,10
2024311495122,2024,311495122,481625,353938,-0.78303,53.07644,3,3,6,07:20,-1,E07000175,6,0,8,0,1,"[5, 19]","[5, 3]","[1, 7]",0,0,0,1,1,0,0,0,0,8,2
2024311495129,2024,311495129,469805,381586,-0.9534,53.3266,3,3,5,14:50,-1,E07000171,3,0,1,0,1,"[19, 5]","[4, 6]","[8, 2]",0,0,0,1,0,0,0,0,0,8,29
2024311495272,2024,311495272,454299,360196,-1.18981,53.13616,3,3,3,09:00,-1,E07000174,4,0,2,1,1,19,7,3,0,0,0,1,0,0,0,0,0,9,24
2024311495292,2024,311495292,462206,392062,-1.06541,53.4217,3,3,7,12:22,-1,E07000171,6,0,1,0,2,2,0,0,0,0,0,1,0,0,0,0,1,8,24
2024311495511,2024,311495511,459283,347026,-1.11775,53.01726,3,3,3,18:30,-1,E07000173,6,0,1,0,2,19,"[1, 5]","[5, 1]",0,0,0,1,0,0,0,0,0,9,24
2024311495547,2024,311495547,456990,341079,-1.15297,52.96406,3,3,4,01:00,-1,E06000018,6,2,1,0,1,"[2, 19]","[0, 1]","[0, 5]","[0, 4]",0,0,1,0,0,0,0,0,9,25
2024311495576,2024,311495576,459232,363171,-1.11554,53.16238,3,3,3,08:01,-1,E07000175,4,0,1,0,1,"[19, 9]","[2, 3]","[6, 8]",0,0,0,1,0,1,0,0,0,9,24
2024311495581,2024,311495581,463192,382258,-1.05254,53.33347,3,3,3,14:00,-1,E07000171,6,0,1,0,2,9,8,4,0,1,4,1,0,0,0,0,0,7,16
2024311495640,2024,311495640,451762,339413,-1.23106,52.94961,3,3,4,07:35,-1,E06000018,6,0,1,0,1,"[7, 4]","[3, 7]","[7, 3]",0,0,0,1,1,0,0,0,0,9,18
2024311495671,2024,311495671,457277,340689,-1.14877,52.96052,2,2,7,14:25,-1,E06000018,3,0,1,-1,1,19,1,5,0,0,0,0,0,0,1,0,0,9,21
2024311495702,2024,311495702,465236,328397,-1.03276,52.84913,3,3,4,08:05,-1,E07000176,3,0,1,0,2,"[3, 12]",1,5,0,0,0,1,0,0,0,0,0,9,25
2024311495703,2024,311495703,455490,342768,-1.17501,52.97939,3,3,3,18:15,-1,E06000018,6,0,9,0,1,"[19, 5]","[4, 3]","[8, 7]",0,"[0, 1]",0,1,1,0,0,0,0,9,17
2024311495772,2024,311495772,454480,337920,-1.19087,52.93592,2,2,5,16:30,-1,E06000018,3,0,1,0,1,"[4, 19]",2,6,0,0,0,1,0,0,1,0,0,9,19
2024311495918,2024,311495918,451945,339838,-1.22827,52.95341,3,3,3,08:20,-1,E06000018,6,0,9,0,1,"[5, 19]",5,1,0,0,0,1,1,0,0,0,0,9,24
2024311496541,2024,311496541,454435,341408,-1.19095,52.96728,3,3,5,15:00,-1,E06000018,3,0,1,0,1,"[4, 3]",5,1,0,0,0,1,0,0,0,0,0,9,26
2024311496578,2024,311496578,473167,391116,-0.90073,53.41179,3,3,6,09:00,-1,E07000171,6,0,2,1,2,1,1,5,0,0,0,1,0,0,0,0,1,9,27
2024311496625,2024,311496625,458911,341804,-1.12424,52.97037,3,3,3,13:05,-1,E06000018,6,0,9,0,1,4,5,1,0,1,0,0,0,0,1,0,1,9,3
2024311496778,2024,311496778,446031,346950,-1.31528,53.01788,2,2,6,15:35,-1,E07000172,3,0,1,0,1,"[9, 19]","[7, 4]","[5, 8]",0,0,0,1,1,0,0,0,0,9,27
2024311496880,2024,311496880,454579,342362,-1.18865,52.97584,2,2,2,06:11,-1,E06000018,6,0,1,1,1,9,5,2,0,0,0,1,0,0,0,0,1,9,9
2024311496898,2024,311496898,457033,380662,-1.1453,53.31982,2,2,6,21:06,-1,E07000171,6,2,1,0,1,"[13, 12]",3,7,0,0,0,1,1,0,0,0,0,9,27
2024311496959,2024,311496959,455146,344506,-1.17984,52.99505,3,3,2,13:50,-1,E06000018,6,0,1,0,1,19,"[1, 8]","[5, 4]",0,0,0,1,1,0,0,0,0,7,29
2024311497090,2024,311497090,466334,367916,-1.00835,53.20419,3,3,7,11:48,-1,E07000175,3,0,1,0,2,"[5, 19]","[6, 2]","[2, 6]",0,0,0,1,0,0,0,0,0,9,28
2024311497095,2024,311497095,457813,339805,-1.14095,52.95252,2,2,7,12:30,-1,E06000018,3,0,9,1,1,"[7, 19]","[7, 5]",1,0,0,0,1,1,0,0,1,0,9,21
2024311497101,2024,311497101,451915,343910,-1.22807,52.99002,3,3,7,12:30,-1,E07000172,3,0,1,0,2,19,1,5,0,0,0,1,0,1,0,0,0,9,28
2024311497107,2024,311497107,449896,356810,-1.25615,53.10616,2,2,3,16:23,-1,E07000170,6,0,8,0,1,"[3, 4]",2,6,0,0,0,1,0,1,0,0,0,7,23
2024311497113,2024,311497113,457393,339230,-1.1473,52.94739,2,2,7,13:20,-1,E06000018,6,0,1,0,1,19,"[5, 1]","[1, 5]",0,0,0,0,1,0,0,0,0,9,21
2024311497119,2024,311497119,458256,337947,-1.13469,52.93577,3,3,2,08:40,-1,E07000176,3,0,1,0,1,3,1,"[5, 6]",0,0,0,1,0,0,0,0,0,9,16
2024311497133,2024,311497133,455258,344665,-1.17814,52.99647,3,3,2,14:07,-1,E06000018,6,0,1,0,1,19,3,6,0,1,0,0,1,0,0,0,0,7,29
2024311497135,2024,311497135,449690,351256,-1.26008,53.05626,1,1,7,04:04,-1,E07000170,1,2,1,0,2,19,8,4,"[11, 0]",0,0,1,0,0,1,0,0,9,21
2024311497154,2024,311497154,457630,339128,-1.14379,52.94645,3,3,7,16:19,-1,E06000018,3,0,1,0,1,19,7,3,0,0,0,1,0,0,0,0,1,9,28
2024311497166,2024,311497166,481791,355914,-0.78005,53.09418,2,2,4,16:30,-1,E07000175,3,0,2,1,2,19,5,1,0,0,0,1,0,0,1,0,0,9,25
2024311497253,2024,311497253,452756,348208,-1.21484,53.02857,3,3,6,17:25,-1,E07000170,3,0,1,0,1,"[3, 4]",4,8,0,0,0,1,0,1,0,0,0,9,27
2024311497258,2024,311497258,450156,358535,-1.252,53.12164,3,3,6,16:00,-1,E07000170,6,0,1,0,1,"[19, 5]","[4, 5]","[8, 2]",0,0,0,1,0,0,0,0,0,9,6
2024311497364,2024,311497364,455260,334212,-1.17989,52.90251,2,2,6,15:45,-1,E06000018,6,0,1,0,1,19,1,1,0,0,0,1,0,0,0,0,1,9,20
2024311497463,2024,311497463,460688,336564,-1.09876,52.92307,3,3,7,10:40,-1,E07000176,3,0,9,0,1,"[8, 19]",1,4,0,0,0,1,0,0,0,0,0,9,28
2024311497470,2024,311497470,457935,339888,-1.13912,52.95325,2,2,7,17:30,-1,E06000018,3,0,8,0,1,4,1,5,0,0,0,0,0,0,1,0,0,9,28
2024311497504,2024,311497504,454432,341375,-1.191,52.96698,2,2,4,09:42,-1,E06000018,3,0,1,0,1,19,5,1,0,1,0,1,0,0,0,0,0,9,4
2024311497524,2024,311497524,457389,340546,-1.14713,52.95922,3,3,2,19:41,-1,E06000018,6,0,1,0,1,"[19, 5]","[1, 3]","[5, 7]",0,0,0,1,0,0,0,0,0,9,16
2024311497770,2024,311497770,454596,346480,-1.1877,53.01285,3,3,6,12:45,-1,E06000018,3,0,1,0,1,-1,-1,-1,-1,-1,0,0,0,0,1,0,0,9,6
2024311497900,2024,311497900,458096,328462,-1.13876,52.85053,3,3,7,12:30,-1,E07000176,3,2,2,0,2,19,6,2,0,1,1,1,0,0,0,0,0,9,28
2024311497904,2024,311497904,463186,325012,-1.06385,52.81895,2,2,7,13:09,-1,E07000176,6,0,1,0,2,19,"[7, 5]","[3, 1]",0,"[7, 0]",0,1,0,0,0,0,0,9,28