collision_index,collision_year,collision_ref_no,location_easting_osgr,location_northing_osgr,longitude,latitude,casualty_severity,casualty_severity,day_of_week,time,local_authority_district,local_authority_ons_district,first_road_class,light_conditions,weather_conditions,road_surface_conditions,urban_or_rural_area,vehicle_manoeuvre,vehicle_direction_from,vehicle_direction_to,hit_object_in_carriageway,vehicle_leaving_carriageway,hit_object_off_carriageway,is_car,is_cyle,is_mcyle,is_goodsv,is_other,is_pedestrian,month,day
2024311509227,2024,311509227,458362,338896,-1.13294,52.94429,3,3,1,17:18,-1,E06000018,3,2,1,1,1,"[9, 19]","[6, 2]","[4, 5]",0,0,0,1,0,0,0,0,0,10,27
2024311509256,2024,311509256,449520,336167,-1.26492,52.92064,3,3,7,22:42,-1,E07000172,3,2,1,1,1,19,"[7, 2]","[2, 6]",0,"[0, 1]",0,1,0,0,0,0,0,10,26
2024311509269,2024,311509269,452716,359508,-1.21359,53.13014,3,3,6,20:33,-1,E07000174,6,2,2,1,1,"[9, 19]","[5, 7]",2,"[7, 0]","[7, 0]","[1, 0]",1,0,0,0,0,0,10,25
2024311509448,2024,311509448,482246,350522,-0.77463,53.04565,3,3,5,17:37,-1,E07000175,3,0,1,0,2,"[3, 19]",1,5,0,0,0,1,0,0,0,0,0,10,24
2024311509456,2024,311509456,482353,358796,-0.77092,53.11999,2,2,5,20:45,-1,E07000175,3,2,1,0,2,"[13, 9]",1,5,0,"[7, 0]","[11, 0]",1,0,1,0,0,0,10,24
2024311509458,2024,311509458,453929,360806,-1.19524,53.14168,3,3,2,12:50,-1,E07000174,3,0,1,0,1,"[10, 5]",5,"[3, 1]",0,0,0,1,0,0,0,0,0,10,28
2024311509475,2024,311509475,456420,340876,-1.16149,52.96229,2,2,7,15:00,-1,E06000018,6,0,1,0,1,19,4,8,0,0,0,1,0,0,0,0,1,10,5
2024311509570,2024,311509570,455730,339985,-1.17192,52.95436,2,2,2,09:15,-1,E06000018,6,0,9,0,1,"[4, 19]","[7, 1]","[3, 5]",0,0,0,1,1,0,0,0,0,10,28
2024311509657,2024,311509657,456526,338458,-1.16033,52.94055,2,2,2,17:34,-1,E06000018,3,2,1,0,1,5,5,1,0,0,0,1,0,0,0,0,0,10,28
2024311509711,2024,311509711,457371,340476,-1.14741,52.9586,3,3,1,16:35,-1,E06000018,6,0,1,1,1,5,8,3,10,0,0,1,0,0,0,0,0,10,27
2024311509813,2024,311509813,457336,342809,-1.14751,52.97957,3,3,4,17:00,-1,E06000018,3,0,1,0,1,4,5,1,0,0,0,0,0,0,1,0,0,10,2
2024311509825,2024,311509825,452824,338032,-1.21548,52.93709,3,3,1,18:30,-1,E06000018,6,2,1,0,1,"[9, 1]","[2, 4]","[6, 4]",0,0,0,1,0,0,0,0,0,10,27
2024311510104,2024,311510104,457581,340105,-1.14435,52.95524,3,3,3,16:10,-1,E06000018,3,0,1,0,1,4,3,7,0,0,0,1,0,0,0,0,0,10,29
2024311510192,2024,311510192,454465,339620,-1.1908,52.9512,2,2,3,23:38,-1,E06000018,3,2,8,1,1,19,1,5,0,1,10,1,0,0,0,0,0,10,29
2024311510471,2024,311510471,451753,339097,-1.23125,52.94677,3,3,6,13:30,-1,E06000018,6,0,1,0,1,9,5,1,0,0,0,1,0,0,0,0,1,10,25
2024311510542,2024,311510542,455296,362411,-1.17453,53.15597,2,"[2, 3]",4,14:31,-1,E07000174,3,0,1,0,1,19,"[4, 8]","[8, 4]",0,0,0,1,0,0,0,0,0,10,30
2024311510624,2024,311510624,454269,338896,-1.19384,52.94472,2,2,4,18:50,-1,E06000018,3,2,1,0,1,"[4, 19]","[8, 2]","[4, 1]",0,0,0,1,1,0,0,0,0,10,30
2024311510693,2024,311510693,458976,378778,-1.11648,53.30268,3,3,7,12:18,-1,E07000171,4,0,1,0,1,7,"[1, 3]","[7, 1]",0,0,0,1,0,1,0,0,0,7,27
2024311510705,2024,311510705,457491,340099,-1.14569,52.95519,1,1,3,05:59,-1,E06000018,6,2,1,0,1,7,4,7,0,0,0,0,0,0,1,0,1,10,22
2024311510896,2024,311510896,457072,339748,-1.15198,52.95208,3,3,5,13:12,-1,E06000018,6,0,1,0,1,4,1,5,0,0,0,1,0,0,0,0,1,10,31
2024311510944,2024,311510944,454465,334240,-1.1917,52.90285,3,3,5,14:15,-1,E06000018,6,0,1,0,1,"[2, 19]","[0, 4]","[0, 8]",0,0,0,1,0,0,0,1,0,10,31
2024311510952,2024,311510952,454174,363254,-1.19117,53.16366,3,3,4,17:00,-1,E07000174,3,0,1,0,1,"[9, 19]","[2, 6]","[1, 2]",0,0,0,1,1,0,0,0,0,10,30
2024311510957,2024,311510957,463279,385588,-1.05057,53.36339,3,3,3,12:55,-1,E07000171,3,0,1,0,2,19,1,5,4,"[7, 0]",0,1,0,0,0,1,0,10,29
2024311511112,2024,311511112,481600,351576,-0.784,53.05522,2,2,6,00:21,-1,E07000175,6,2,1,0,1,"[19, 10]","[3, 7]","[7, 5]",0,0,0,1,0,0,0,0,0,11,1
2024311511409,2024,311511409,458224,340967,-1.13462,52.96292,3,3,6,16:16,-1,E06000018,6,2,1,1,1,19,"[6, 2]","[2, 7]",0,0,0,1,0,0,0,0,0,11,1
2024311511457,2024,311511457,474075,371209,-0.89172,53.23276,3,3,1,09:00,-1,E07000171,3,0,1,0,2,1,3,7,0,0,0,1,0,0,0,0,0,10,20
2024311511479,2024,311511479,453938,341817,-1.19828,52.971,2,"[2, 3]",6,21:00,-1,E06000018,4,2,1,0,1,19,"[1, 6]","[5, 2]",0,0,0,1,0,1,0,0,0,11,1
2024311511696,2024,311511696,463853,345501,-1.04994,53.00303,2,"[3, 2]",6,20:50,-1,E07000173,6,2,1,1,2,19,"[3, 7]","[7, 3]",0,"[0, 1]",0,1,0,0,0,0,0,11,1
2024311511962,2024,311511962,454374,340721,-1.19197,52.96111,2,2,7,22:27,-1,E06000018,6,2,2,1,1,7,5,7,10,0,0,0,1,0,0,0,0,9,28
2024311512026,2024,311512026,456220,342655,-1.16416,52.9783,2,"[3, 2]",7,12:10,-1,E06000018,6,0,9,-1,1,19,3,7,0,0,0,1,0,0,0,0,0,11,2
2024311512027,2024,311512027,478077,352454,-0.83634,53.06364,3,3,6,17:20,-1,E07000175,3,2,1,0,2,19,"[5, 3]","[1, 6]",0,0,0,1,0,0,0,0,0,11,1
2024311512079,2024,311512079,458371,338899,-1.1328,52.94431,3,3,1,21:00,-1,E06000018,3,2,1,0,1,19,2,6,0,0,0,1,0,0,0,0,0,11,3
2024311512155,2024,311512155,458293,339640,-1.13383,52.95098,3,3,1,07:25,-1,E06000018,6,0,9,0,1,19,1,"[5, 1]",0,0,0,0,0,1,0,1,0,11,3
2024311512238,2024,311512238,459202,341770,-1.11992,52.97003,3,3,5,19:10,-1,E06000018,6,2,1,0,1,"[7, 19]","[3, 1]","[7, 5]",0,0,0,1,1,0,0,0,0,10,24
2024311512276,2024,311512276,451934,341090,-1.22824,52.96467,3,3,2,12:25,-1,E06000018,6,0,1,0,1,20,2,6,0,0,0,1,0,0,0,0,1,11,4
2024311512465,2024,311512465,447965,361092,-1.28435,53.14482,3,3,7,20:45,-1,E07000170,6,2,1,0,1,4,2,6,0,0,0,1,0,0,0,0,0,11,2
2024311512501,2024,311512501,457843,341993,-1.14011,52.97218,3,3,2,10:07,-1,E06000018,4,0,1,0,1,19,2,6,0,0,0,0,0,0,1,0,0,11,4
2024311512517,2024,311512517,453210,360851,-1.20598,53.14216,3,3,5,16:05,-1,E07000174,3,0,1,0,1,"[4, 19]",6,2,0,0,0,1,1,0,0,0,0,10,31
2024311512606,2024,311512606,450061,329269,-1.25794,52.85859,3,3,4,20:30,-1,E07000176,6,2,1,0,2,"[19, 2]","[1, 0]","[5, 0]",0,"[1, 0]",0,0,0,1,0,0,0,10,23
2024311512625,2024,311512625,456692,369963,-1.15232,53.2237,3,3,3,08:37,-1,E07000171,3,0,1,1,2,19,5,"[1, 5]",0,0,0,1,0,0,0,0,0,11,5
2024311512785,2024,311512785,480073,354410,-0.80607,53.08092,3,3,3,17:35,-1,E07000175,4,2,1,0,1,"[9, 3, 7]","[6, 2]","[2, 6]",0,"[7, 0]",0,1,0,0,0,0,0,11,5
2024311512797,2024,311512797,454288,342393,-1.19297,52.97615,3,3,3,17:52,-1,E06000018,6,2,1,0,1,19,"[8, 1]","[4, 1]",0,0,0,1,1,0,0,0,0,11,5
2024311512930,2024,311512930,454411,339781,-1.19158,52.95266,3,3,4,07:28,-1,E06000018,3,0,1,0,1,"[4, 3]",5,1,0,0,0,1,0,0,0,0,0,11,6
2024311512961,2024,311512961,476307,354667,-0.86222,53.08378,3,3,1,10:45,-1,E07000175,3,0,1,0,2,"[5, 3]",8,3,0,0,0,1,0,0,0,0,0,11,3
2024311512973,2024,311512973,452324,360962,-1.21921,53.14324,3,3,4,09:15,-1,E07000174,6,0,1,0,1,"[7, 9]","[5, 8]","[1, 6]",0,0,0,1,0,0,0,0,0,11,6
2024311513122,2024,311513122,465518,331328,-1.02799,52.87544,3,3,4,13:15,-1,E07000176,3,0,1,0,2,"[15, 19]",5,1,0,"[1, 0]",0,1,0,0,0,0,0,11,6
2024311513141,2024,311513141,459684,328616,-1.11515,52.85174,3,3,4,22:20,-1,E07000176,6,2,2,1,2,19,1,5,0,7,0,1,0,0,0,0,0,10,16
2024311513233,2024,311513233,452892,345766,-1.21321,53.0066,3,3,3,17:05,-1,E06000018,6,2,1,0,1,"[9, 19]","[8, 2, 5]",5,0,"[1, 0]",0,1,0,0,0,0,0,11,5
2024311513273,2024,311513273,456917,339667,-1.1543,52.95137,2,2,5,22:10,-1,E06000018,6,2,2,1,1,"[9, 19]","[1, 2]","[3, 4]",0,0,0,1,1,0,0,0,0,9,26
2024311513382,2024,311513382,453362,361216,-1.20365,53.14542,3,3,6,14:55,-1,E07000174,3,0,1,0,1,"[19, 2]",1,5,0,0,0,1,0,0,0,0,0,10,11
2024311513561,2024,311513561,457768,340098,-1.14156,52.95516,2,2,3,08:40,-1,E06000018,3,0,1,0,1,5,2,4,0,0,0,1,0,0,0,0,1,11,5
2024311513598,2024,311513598,455409,340639,-1.17658,52.96027,3,3,5,09:30,-1,E06000018,3,0,1,1,1,"[10, 13]",5,"[3, 1]",0,0,0,1,1,0,0,0,0,11,7
2024311513639,2024,311513639,454908,356961,-1.18127,53.10702,3,3,5,16:32,-1,E07000170,3,2,1,0,2,"[3, 19]",8,4,0,0,0,1,0,0,0,0,0,11,7
2024311513736,2024,311513736,461359,378455,-1.08079,53.2995,3,3,2,04:55,-1,E07000171,4,2,1,1,2,19,"[1, 7]","[5, 3]",0,0,0,1,0,0,0,0,0,11,4
2024311513778,2024,311513778,457203,333071,-1.15121,52.89206,3,3,6,17:00,-1,E07000176,6,0,1,0,1,5,"[5, 3]","[1, 7]",0,0,0,0,1,0,1,0,0,10,25
2024311513808,2024,311513808,446955,357112,-1.30003,53.10914,3,3,5,11:05,-1,E07000170,6,0,1,0,2,19,2,2,11,0,0,0,0,0,1,0,0,11,7
2024311513987,2024,311513987,456721,342622,-1.15671,52.97795,3,3,1,14:30,-1,E06000018,3,0,1,0,1,19,5,1,0,0,0,0,0,0,1,0,0,10,13
2024311514163,2024,311514163,457710,345391,-1.14148,53.00274,3,3,7,08:29,-1,E07000173,4,0,1,0,1,"[9, 4]","[1, 5]","[2, 4]",0,0,0,1,0,0,0,0,0,11,9
2024311514189,2024,311514189,456939,342825,-1.15342,52.97975,3,3,3,13:35,-1,E06000018,6,0,1,0,1,"[4, 19]",3,7,0,0,0,1,1,0,0,0,0,11,5
2024311514223,2024,311514223,461149,340432,-1.09118,52.95778,3,3,4,15:55,-1,E07000173,6,0,1,1,1,19,2,6,0,0,0,1,0,0,0,0,0,11,6
2024311514317,2024,311514317,457268,340425,-1.14895,52.95815,2,2,7,20:20,-1,E06000018,3,2,1,0,1,9,4,1,0,0,0,1,0,0,0,0,1,11,9
2024311514463,2024,311514463,457611,362852,-1.13984,53.15969,3,3,7,21:50,-1,E07000174,6,2,1,0,1,19,"[4, 6]","[8, 2]",0,0,0,1,0,1,0,0,0,11,9
2024311514474,2024,311514474,457629,340220,-1.14361,52.95627,3,3,1,10:49,-1,E06000018,3,0,1,0,1,19,0,0,0,0,0,1,0,0,0,0,1,11,10
2024311514479,2024,311514479,449609,356174,-1.26053,53.10047,3,3,7,16:15,-1,E07000170,4,0,1,0,1,4,3,7,0,0,0,1,0,1,0,0,0,11,9
2024311514490,2024,311514490,453491,361751,-1.20163,53.15022,3,3,1,12:50,-1,E07000174,6,0,1,0,1,"[19, 9]","[7, 1]","[3, 5]",0,0,0,1,0,1,0,0,0,11,10
2024311514566,2024,311514566,453476,344810,-1.20467,52.99795,3,3,1,15:46,-1,E06000018,6,0,1,0,1,"[19, 9, 8]","[6, 2, 7]","[2, 7]",0,0,0,1,0,0,0,0,0,11,10
2024311514607,2024,311514607,449272,340750,-1.26792,52.96186,3,3,2,01:25,-1,E07000172,1,2,1,0,2,"[11, 19]",5,1,"[7, 0]",0,0,1,0,0,1,0,0,11,11
2024311514620,2024,311514620,456846,342120,-1.15493,52.97343,1,1,4,22:51,-1,E06000018,3,2,1,0,1,"[13, 19]",4,8,0,0,0,1,0,0,0,0,1,11,6
2024311514734,2024,311514734,453228,342027,-1.20882,52.97296,3,3,3,18:50,-1,E06000018,4,2,1,0,1,"[5, 19]","[1, 3]","[5, 7]",0,0,0,1,1,0,0,0,0,11,5
2024311514852,2024,311514852,456798,343875,-1.15534,52.98921,3,3,2,14:25,-1,E06000018,6,0,1,0,1,5,1,5,7,0,0,1,0,0,0,0,1,11,11
2024311514863,2024,311514863,455613,326301,-1.17599,52.83137,3,3,2,12:40,-1,E07000176,6,0,1,0,2,"[9, 19]","[3, 7]","[1, 3]",0,0,0,1,1,0,0,0,0,11,11
2024311514910,2024,311514910,453991,361812,-1.19415,53.15072,2,2,2,16:09,-1,E07000174,3,0,1,0,1,7,2,5,0,0,0,1,0,0,0,0,1,11,11
2024311514919,2024,311514919,457077,334557,-1.15282,52.90543,3,3,2,17:52,-1,E07000176,4,2,1,0,2,"[19, 10]",1,5,0,0,0,1,0,0,0,0,0,11,11
2024311515021,2024,311515021,451366,342740,-1.23643,52.97955,3,3,5,09:40,-1,E06000018,6,0,9,0,2,"[2, 5]","[0, 3]","[0, 7]",0,0,0,1,0,0,0,0,0,11,7
2024311515023,2024,311515023,458272,338768,-1.1343,52.94315,3,3,1,13:48,-1,E06000018,3,0,1,0,1,19,2,2,0,0,0,1,0,0,0,0,1,11,10
2024311515255,2024,311515255,451522,340072,-1.23453,52.95556,3,3,3,10:37,-1,E06000018,6,0,1,0,1,"[19, 10]","[7, 3]","[3, 1]",0,0,0,1,0,0,0,0,0,11,12
2024311515342,2024,311515342,455568,343099,-1.17379,52.98236,2,2,3,13:49,-1,E06000018,6,0,1,0,1,19,1,5,0,0,0,1,0,0,0,0,1,11,12
2024311515635,2024,311515635,453966,341852,-1.19786,52.97132,3,3,4,08:20,-1,E06000018,6,0,1,0,1,"[4, 19]",2,"[6, 5]",0,"[1, 0]",0,1,1,0,0,0,0,11,13
2024311515648,2024,311515648,458467,345276,-1.13023,53.00162,3,3,3,13:30,-1,E07000173,6,0,1,0,1,4,5,1,0,0,0,0,0,0,1,0,1,11,12
2024311515676,2024,311515676,457103,340880,-1.15132,52.96226,3,3,5,21:24,-1,E06000018,3,2,1,0,1,19,5,1,0,"[0, 1]",0,1,1,0,0,0,0,10,17
2024311515706,2024,311515706,458571,385249,-1.12137,53.36088,3,3,4,11:35,-1,E07000171,6,0,1,0,2,"[5, 19]",1,"[2, 3]",0,0,0,1,0,0,0,0,0,11,13
2024311515785,2024,311515785,455668,341512,-1.17258,52.96809,3,3,5,13:55,-1,E06000018,6,0,1,0,1,19,5,2,0,0,0,0,1,0,0,0,1,11,7
2024311515842,2024,311515842,453375,337095,-1.20744,52.92862,2,"[3, 2]",4,13:20,-1,E07000172,6,0,1,0,1,"[5, 19]","[1, 7]","[5, 3]",0,0,0,0,0,0,1,1,0,11,13
2024311515858,2024,311515858,460603,337618,-1.09983,52.93255,3,3,4,13:25,-1,E07000176,3,0,1,0,2,"[11, 19]",3,7,0,0,0,1,0,0,1,0,0,11,13
2024311515871,2024,311515871,456136,334279,-1.16686,52.90303,3,3,3,15:20,-1,E06000018,6,0,1,-1,1,-1,-1,-1,-1,-1,0,1,0,0,0,1,0,11,12
2024311515883,2024,311515883,452020,346852,-1.22603,53.01645,3,3,7,19:19,-1,E07000170,6,2,1,0,1,19,5,1,0,0,0,1,0,0,0,0,1,11,2
2024311516009,2024,311516009,457665,334758,-1.14404,52.90717,2,"[2, 3]",4,22:31,-1,E07000176,3,2,1,0,2,19,3,6,9,1,0,1,0,0,0,0,0,11,13
2024311516373,2024,311516373,469725,390782,-0.95257,53.40925,3,3,3,18:00,-1,E07000171,3,2,1,0,2,"[9, 19]","[3, 1]",5,0,0,0,1,0,0,0,0,0,11,12
2024311516511,2024,311516511,459617,344506,-1.11323,52.99457,3,3,5,16:27,-1,E07000173,3,2,8,0,1,"[10, 19]","[8, 4]","[5, 8]",0,0,0,1,0,0,0,0,0,11,14
2024311516531,2024,311516531,456407,345334,-1.16091,53.00236,3,3,4,16:00,-1,E06000018,6,0,1,1,1,"[7, 19]","[4, 2]","[2, 4]",0,0,0,1,1,0,0,0,0,11,13
2024311516535,2024,311516535,458255,342415,-1.1339,52.97593,3,3,3,08:29,-1,E06000018,6,0,1,0,1,4,4,8,0,0,0,1,0,0,0,0,1,11,12
2024311516564,2024,311516564,467437,379872,-0.98931,53.3115,2,"[2, 3]",5,06:22,-1,E07000171,4,2,7,1,2,19,5,2,0,7,0,1,0,0,0,0,0,11,14
2024311516566,2024,311516566,455565,342150,-1.174,52.97383,3,3,5,16:30,-1,E06000018,6,2,1,0,1,"[9, 19]",1,"[3, 5]",0,0,0,1,0,0,0,0,0,11,14
2024311516588,2024,311516588,458266,339655,-1.13423,52.95112,2,2,5,21:51,-1,E06000018,6,2,1,0,1,19,"[6, 3]","[6, 7]",0,0,0,1,0,0,0,0,0,11,14
2024311516729,2024,311516729,457488,339893,-1.14577,52.95334,3,3,1,02:30,-1,E06000018,6,2,9,0,1,-1,-1,-1,0,0,0,1,0,0,0,0,1,11,10
2024311516831,2024,311516831,483448,361649,-0.75382,53.14546,3,3,3,08:25,-1,E07000175,6,0,1,0,2,2,0,0,0,0,0,1,0,0,0,0,1,11,12
2024311516876,2024,311516876,449126,358337,-1.26742,53.11995,2,2,3,15:37,-1,E07000170,6,0,8,1,1,"[19, 2]","[1, 0]","[5, 0]",0,0,0,1,0,0,0,0,0,10,8
2024311517098,2024,311517098,456075,336154,-1.16744,52.91988,3,3,1,17:35,-1,E06000018,3,0,8,0,2,19,"[1, 3]","[5, 7]",0,0,0,1,1,0,0,0,0,11,10
2024311517102,2024,311517102,454001,361901,-1.19398,53.15152,3,3,5,08:30,-1,E07000174,3,0,1,0,1,19,5,"[7, 1]",0,0,0,1,1,0,0,0,0,11,14
2024311517143,2024,311517143,454161,359464,-1.192,53.1296,3,3,6,08:30,-1,E07000174,6,0,1,0,1,9,7,5,0,0,0,1,0,0,0,0,1,11,15
2024311517162,2024,311517162,453725,360953,-1.19827,53.14302,3,3,5,11:00,-1,E07000174,6,0,1,0,1,2,0,0,0,0,0,0,0,0,1,0,0,11,14
2024311517209,2024,311517209,451252,323807,-1.24111,52.80938,3,3,7,12:15,-1,E07000176,3,0,1,0,2,"[9, 10]","[8, 2]","[6, 8]",0,0,0,1,0,0,0,0,0,11,16
2024311517229,2024,311517229,458671,350598,-1.12622,53.04943,3,3,6,16:32,-1,E07000173,6,2,1,0,2,"[3, 19, 10]","[7, 6, 2]","[3, 2, 7]",0,"[1, 0]","[1, 0]",1,0,0,0,0,0,11,15
2024311517279,2024,311517279,454782,343982,-1.18535,52.99038,3,3,7,17:54,-1,E06000018,4,2,1,0,1,19,5,1,0,0,0,1,0,0,0,0,1,11,16
2024311517326,2024,311517326,468936,339469,-0.97549,52.94819,2,2,7,22:00,-1,E07000176,3,2,1,0,2,19,7,3,11,0,0,0,0,1,0,0,0,11,16
2024311517395,2024,311517395,458708,338296,-1.1279,52.93886,3,3,6,09:55,-1,E07000176,3,0,1,0,1,5,8,"[4, 3]",0,0,0,1,0,0,0,0,0,11,15
2024311517401,2024,311517401,459886,379613,-1.10267,53.31008,2,2,4,16:30,-1,E07000171,6,2,1,0,1,9,1,7,0,0,0,1,1,0,0,0,0,11,6
2024311517424,2024,311517424,481374,352426,-0.78716,53.06289,3,3,3,14:55,-1,E07000175,6,0,9,0,1,1,7,3,0,0,0,1,0,0,0,0,1,11,12
2024311517458,2024,311517458,460183,341912,-1.10528,52.9712,3,3,1,12:40,-1,E07000173,6,0,1,0,1,19,2,4,0,0,0,1,0,0,0,0,1,11,17
2024311517564,2024,311517564,468149,384845,-0.97756,53.3561,3,3,7,13:44,-1,E07000171,6,0,1,0,2,"[19, 9]","[5, 3]",1,0,0,0,1,0,1,0,0,0,11,2
2024311517581,2024,311517581,451984,335714,-1.22835,52.91634,3,3,1,17:21,-1,E07000172,3,2,2,1,1,"[19, 9]","[2, 6]","[6, 4]",0,0,0,1,0,0,0,0,0,11,17
2024311517593,2024,311517593,448945,340177,-1.27287,52.95674,2,2,5,14:25,-1,E07000172,1,0,1,0,1,19,1,5,0,0,0,1,0,0,0,0,0,11,14
2024311517608,2024,311517608,484504,354676,-0.73987,53.08263,2,2,7,16:24,-1,E07000175,3,2,8,1,2,19,8,2,0,0,0,0,0,1,0,0,0,11,16
2024311517611,2024,311517611,469809,381044,-0.95346,53.32173,3,3,4,09:15,-1,E07000171,3,0,8,0,1,5,4,2,0,0,0,0,0,1,0,0,0,11,13
2024311517654,2024,311517654,455710,341178,-1.17201,52.96508,3,3,1,20:30,-1,E06000018,3,2,9,-1,1,"[19, 5]",3,7,0,0,0,1,1,0,0,0,0,11,17
2024311518004,2024,311518004,456196,338966,-1.16516,52.94515,3,3,1,14:41,-1,E06000018,6,0,1,0,1,"[9, 19]","[3, 4]","[1, 7]",0,0,0,1,0,0,0,0,0,11,10
2024311518194,2024,311518194,449174,359118,-1.26658,53.12697,3,3,1,19:50,-1,E07000170,6,2,1,0,1,"[20, 4]",8,4,0,0,0,1,0,0,0,0,0,10,13
2024311518251,2024,311518251,455083,339282,-1.18166,52.9481,3,3,4,14:50,-1,E06000018,3,0,1,0,1,"[13, 19]",2,6,0,0,0,1,1,0,0,0,0,11,13
2024311518412,2024,311518412,454901,342152,-1.18389,52.97392,3,3,2,22:04,-1,E06000018,6,2,3,2,1,"[7, 19]","[4, 2]","[6, 2]",0,0,0,1,0,0,0,0,0,11,18
2024311518424,2024,311518424,455542,341610,-1.17444,52.96898,2,2,2,18:45,-1,E06000018,6,2,2,1,1,19,8,6,10,1,0,0,0,0,0,0,0,11,18
2024311518619,2024,311518619,482921,351174,-0.7644,53.0514,3,3,4,08:15,-1,E07000175,6,0,8,2,2,19,"[4, 8]","[8, 4]",0,0,0,1,0,0,0,0,0,11,20
2024311518915,2024,311518915,470217,339840,-0.95635,52.95135,3,3,4,15:19,-1,E07000176,6,0,1,1,2,"[19, 9]","[5, 3]",1,0,0,0,1,0,0,0,0,0,11,20
2024311518938,2024,311518938,470628,390358,-0.93909,53.40532,2,2,4,17:48,-1,E07000171,6,2,1,2,2,"[9, 19]",5,"[1, 5]",0,"[5, 0]",0,1,0,0,0,0,0,11,20
2024311519012,2024,311519012,449103,357843,-1.26783,53.11552,3,3,4,15:50,-1,E07000170,6,0,1,1,1,"[4, 3]",5,1,0,0,0,1,0,1,0,0,0,11,20
2024311519101,2024,311519101,451339,339518,-1.23734,52.95059,3,3,6,10:00,-1,E06000018,6,0,1,0,1,5,1,3,0,0,0,0,0,0,1,0,0,11,8
2024311519118,2024,311519118,459045,343310,-1.12197,52.98389,3,3,4,13:00,-1,E07000173,4,0,1,1,1,19,3,7,0,0,0,1,0,0,0,0,1,11,13
2024311519131,2024,311519131,455027,362547,-1.17853,53.15722,3,3,4,16:30,-1,E07000174,6,2,1,0,1,"[7, 9]","[3, 5]","[7, 3]",0,0,0,1,0,0,0,0,0,11,20
2024311519288,2024,311519288,446705,356933,-1.30379,53.10755,3,3,5,06:20,-1,E07000170,6,2,1,2,2,19,3,7,7,0,0,1,0,0,0,0,0,11,21
2024311519358,2024,311519358,455185,343168,-1.17949,52.98302,3,3,6,14:00,-1,E06000018,4,0,1,0,1,"[5, 7]","[6, 8]","[6, 4]",0,0,0,1,0,1,0,0,0,11,15
2024311519361,2024,311519361,457675,334353,-1.14397,52.90353,2,"[3, 2]",6,11:57,-1,E07000176,3,0,1,0,2,19,"[5, 1]","[1, 5]",0,"[0, 7]",0,1,0,0,1,0,0,11,15
2024311519524,2024,311519524,455189,341101,-1.17978,52.96444,3,3,4,23:20,-1,E06000018,3,2,1,1,1,5,6,2,0,0,0,1,0,0,0,0,1,11,20
2024311519627,2024,311519627,456058,336931,-1.16756,52.92687,3,3,5,20:44,-1,E06000018,3,2,1,2,2,19,5,8,0,0,0,1,0,0,0,0,0,11,21
2024311519799,2024,311519799,460018,340645,-1.10798,52.95983,2,2,2,20:45,-1,E06000018,6,2,1,1,1,-1,-1,-1,-1,-1,0,1,0,0,0,0,0,11,18
2024311519838,2024,311519838,456898,338533,-1.15479,52.94118,3,3,6,08:59,-1,E06000018,6,0,8,2,1,"[19, 2]","[2, 0, 5]","[5, 0, 1]","[4, 0]",0,0,1,0,0,0,0,0,11,22
2024311519985,2024,311519985,449594,358034,-1.26047,53.11719,1,1,6,09:41,-1,E07000170,6,0,8,2,1,19,6,3,0,0,0,1,0,0,0,0,1,11,22
2024311520008,2024,311520008,453222,337257,-1.20969,52.93009,3,3,5,13:45,-1,E07000172,4,0,3,2,1,3,6,2,0,0,0,1,0,0,0,0,0,11,21
2024311520202,2024,311520202,451702,330891,-1.23331,52.87302,2,2,6,19:52,-1,E07000176,3,2,1,2,2,19,2,6,7,0,0,1,0,0,0,0,0,11,22
2024311520289,2024,311520289,450001,360698,-1.25398,53.14109,3,3,5,10:10,-1,E07000170,6,0,1,0,1,19,5,5,0,0,0,1,0,0,0,0,1,11,21
2024311520353,2024,311520353,456004,345456,-1.16689,53.0035,3,3,7,09:28,-1,E06000018,6,0,2,1,1,"[10, 19]","[7, 2]","[4, 7]",0,0,0,1,0,0,0,0,0,11,23
2024311520399,2024,311520399,456220,337277,-1.16509,52.92996,3,3,4,12:30,-1,E06000018,3,0,1,0,2,"[19, 3]",3,7,0,0,0,1,0,0,0,0,0,11,20
2024311520429,2024,311520429,461827,390956,-1.07133,53.4118,3,3,6,12:33,-1,E07000171,6,0,1,0,2,"[19, 10]","[8, 3]","[4, 8]",0,0,0,1,0,0,0,0,0,11,1
2024311520436,2024,311520436,457513,343221,-1.14481,52.98325,3,3,5,17:00,-1,E06000018,3,2,1,0,1,"[3, 19]",6,6,0,0,0,1,0,0,0,0,0,11,7
2024311520458,2024,311520458,456946,339823,-1.15385,52.95277,3,3,5,13:20,-1,E06000018,3,0,1,0,1,"[5, 19]",4,1,"[10, 0]",0,0,0,0,1,1,0,0,11,14
2024311520688,2024,311520688,466697,381569,-1.00006,53.32685,3,3,6,07:34,-1,E07000171,6,0,1,2,2,19,8,4,0,1,0,1,0,0,0,0,0,11,22
2024311520716,2024,311520716,448476,345267,-1.27909,53.00254,3,3,5,06:50,-1,E07000172,4,2,8,2,2,"[19, 9]","[4, 3]",2,0,0,0,1,1,0,0,0,0,11,21