collision_index,collision_year,collision_ref_no,location_easting_osgr,location_northing_osgr,longitude,latitude,casualty_severity,casualty_severity,day_of_week,time,local_authority_district,local_authority_ons_district,first_road_class,light_conditions,weather_conditions,road_surface_conditions,urban_or_rural_area,vehicle_manoeuvre,vehicle_direction_from,vehicle_direction_to,hit_object_in_carriageway,vehicle_leaving_carriageway,hit_object_off_carriageway,is_car,is_cyle,is_mcyle,is_goodsv,is_other,is_pedestrian,month,day
2024311528075,2024,311528075,462677,340921,-1.06834,52.962,3,3,2,19:20,-1,E07000173,3,0,1,0,1,"[9, 19]","[1, 2]",2,0,0,0,1,1,0,0,0,0,12,2
2024311528130,2024,311528130,455574,341837,-1.17392,52.97102,3,3,3,18:15,-1,E06000018,6,0,1,0,1,19,3,7,0,0,0,1,0,0,0,0,1,10,8
2024311528404,2024,311528404,454913,344893,-1.18324,52.99855,3,3,2,07:40,-1,E06000018,6,0,1,1,1,"[14, 9]","[4, 6]","[8, 4]",0,0,0,1,0,0,0,0,0,12,9
2024311528437,2024,311528437,459379,379552,-1.11029,53.30959,3,3,3,17:40,-1,E07000171,6,2,1,0,1,"[9, 19]","[6, 5]","[3, 1]",0,0,0,1,0,0,0,1,0,12,10
2024311528573,2024,311528573,458796,337425,-1.12675,52.93102,3,3,2,10:30,-1,E07000176,6,0,2,1,1,5,6,2,0,0,0,1,0,0,0,0,1,12,9
2024311528730,2024,311528730,479844,354762,-0.8094,53.08412,2,2,4,11:32,-1,E07000175,3,0,1,0,2,19,2,7,0,0,0,1,0,0,0,0,0,12,11
2024311528917,2024,311528917,453675,355584,-1.19991,53.09477,3,3,4,19:12,-1,E07000170,4,2,1,0,2,19,7,3,0,0,0,1,0,0,0,0,1,12,11
2024311528953,2024,311528953,456585,381083,-1.15195,53.32365,2,2,4,17:30,-1,E07000171,6,2,1,0,2,"[19, 9]","[3, 7]","[7, 3]",0,0,0,1,0,1,0,0,0,12,11
2024311529045,2024,311529045,450862,354485,-1.24209,53.08517,3,3,5,07:45,-1,E07000170,4,0,2,1,1,19,6,8,0,0,0,0,0,1,0,0,0,12,12
2024311529064,2024,311529064,451243,344568,-1.23797,52.996,3,3,5,08:14,-1,E07000172,6,0,2,1,1,"[19, 7]","[4, 5]",8,0,0,0,1,0,0,0,0,0,12,12
2024311529095,2024,311529095,457337,343441,-1.14739,52.98525,3,3,3,07:30,-1,E06000018,6,2,1,0,1,19,1,5,0,0,0,1,0,0,0,0,1,12,10
2024311529107,2024,311529107,456404,362256,-1.15799,53.15446,2,2,5,09:07,-1,E07000174,4,0,2,1,1,"[19, 9]","[7, 1]","[3, 7]",0,"[7, 0]","[11, 0]",1,0,0,0,0,0,12,12
2024311529203,2024,311529203,454884,347205,-1.18328,53.01934,2,2,1,16:40,-1,E07000170,6,2,1,0,1,"[7, 9]","[1, 3]","[7, 5]",0,0,0,1,1,0,0,0,0,11,24
2024311529380,2024,311529380,453666,337498,-1.20304,52.93221,3,3,5,14:40,-1,E07000172,3,0,2,1,1,19,5,1,0,0,0,1,0,0,0,0,1,12,12
2024311529438,2024,311529438,475444,341375,-0.87821,52.96444,2,"[2, 3]",5,18:05,-1,E07000176,6,2,2,1,2,"[3, 19]","[3, 1, 8]","[8, 6, 3]",0,"[0, 3]",0,1,0,0,0,0,0,12,12
2024311529495,2024,311529495,469689,341047,-0.96394,52.96227,2,2,2,17:00,-1,E07000176,4,2,9,0,2,19,5,1,0,0,0,1,0,0,0,0,1,12,9
2024311529540,2024,311529540,449562,335895,-1.26434,52.9182,3,3,6,20:25,-1,E07000172,4,2,9,0,1,-1,-1,-1,-1,-1,0,1,0,0,0,0,0,12,6
2024311529554,2024,311529554,455641,354527,-1.17074,53.08507,2,2,6,08:29,-1,E07000173,3,0,1,1,2,"[19, 9]",1,5,0,0,0,1,0,1,0,0,0,12,13
2024311529597,2024,311529597,454211,345622,-1.19358,53.00518,2,2,4,15:10,-1,E06000018,4,0,1,0,1,19,3,7,0,0,0,1,0,0,0,0,1,11,20
2024311529660,2024,311529660,456560,340826,-1.15942,52.96183,3,3,2,08:15,-1,E06000018,6,0,1,0,1,"[5, 2]","[3, 0]","[7, 0]",0,0,0,1,0,0,0,0,0,12,9
2024311529664,2024,311529664,457476,339675,-1.14598,52.95138,3,3,6,22:56,-1,E06000018,6,2,1,0,1,1,7,3,0,0,0,0,0,0,1,0,1,12,6
2024311529730,2024,311529730,454237,362743,-1.19031,53.15906,2,"[2, 3]",5,14:58,-1,E07000174,6,0,2,1,1,"[9, 19]","[6, 4]","[4, 8]",0,0,0,1,0,0,0,0,0,12,12
2024311529760,2024,311529760,451886,359157,-1.22605,53.12706,3,3,5,12:20,-1,E07000170,3,0,1,1,2,"[7, 5]","[7, 8]","[3, 4]",0,"[7, 0]",0,1,1,0,0,0,0,12,12
2024311529835,2024,311529835,469548,381711,-0.95723,53.32776,2,2,6,19:05,-1,E07000171,3,2,1,1,1,4,5,1,0,0,0,1,0,0,0,0,0,12,13
2024311529895,2024,311529895,456014,340515,-1.1676,52.95909,3,3,6,21:16,-1,E06000018,3,2,8,0,1,"[19, 9]",8,4,0,0,0,1,1,0,0,0,0,12,13
2024311530029,2024,311530029,452571,360353,-1.21562,53.13775,3,3,7,11:39,-1,E07000174,3,0,1,1,1,5,6,2,0,0,0,1,0,0,0,0,0,12,14
2024311530054,2024,311530054,452637,349291,-1.21644,53.03831,1,1,3,08:01,-1,E07000170,6,0,1,0,1,"[14, 19, 8]","[7, 2]","[2, 7]",0,0,0,1,0,1,0,0,0,12,3
2024311530068,2024,311530068,482664,364159,-0.76489,53.16814,3,3,6,08:24,-1,E07000175,3,0,1,1,2,"[13, 19]","[1, 5]","[5, 1]",0,0,0,1,0,0,0,0,0,12,13
2024311530087,2024,311530087,457478,338933,-1.14609,52.94472,3,3,3,10:50,-1,E06000018,6,0,2,1,1,"[5, 19]","[3, 7]","[8, 3]",0,0,0,1,0,1,0,0,0,6,4
2024311530146,2024,311530146,469680,375310,-0.95665,53.27021,3,3,7,16:05,-1,E07000171,3,2,1,0,2,19,1,5,0,0,0,1,0,0,0,0,0,11,30
2024311530152,2024,311530152,454440,341482,-1.19086,52.96794,3,3,7,17:57,-1,E06000018,4,2,1,0,1,"[9, 7]","[4, 7]",2,0,0,0,1,0,0,0,0,0,12,14
2024311530167,2024,311530167,456665,362394,-1.15407,53.15567,3,3,5,16:08,-1,E07000174,6,2,2,1,1,"[14, 10]",7,"[2, 5]",0,"[7, 0]","[11, 0]",1,0,0,0,0,0,12,12
2024311530177,2024,311530177,457218,340566,-1.14967,52.95942,2,2,7,00:19,-1,E06000018,3,2,2,1,1,19,"[3, 5]","[7, 1]",0,7,0,1,0,0,0,0,0,12,14
2024311530324,2024,311530324,458688,378744,-1.12081,53.3024,3,3,6,12:00,-1,E07000171,4,0,1,0,1,19,3,7,0,0,0,1,0,0,0,0,0,12,13
2024311530401,2024,311530401,456602,339492,-1.15902,52.94983,3,3,7,10:30,-1,E06000018,6,0,1,0,1,5,1,5,0,0,0,1,0,0,0,0,1,12,14
2024311530609,2024,311530609,472107,349198,-0.92614,53.03521,3,3,7,02:20,-1,E07000175,6,2,1,0,2,2,0,0,0,0,0,1,0,0,0,0,0,8,3
2024311530753,2024,311530753,481034,354506,-0.79171,53.08164,3,3,2,09:31,-1,E07000175,6,0,1,0,1,"[7, 3]",7,2,0,0,0,1,0,0,0,0,0,12,16
2024311530764,2024,311530764,456820,352228,-1.15354,53.06428,3,3,2,07:55,-1,E07000173,3,0,1,0,2,19,1,5,0,1,0,0,0,0,1,0,0,12,16
2024311530834,2024,311530834,454854,342132,-1.18459,52.97374,3,3,3,17:56,-1,E06000018,3,2,1,1,1,19,"[6, 2]","[2, 4]","[0, 11]",0,0,1,0,0,0,0,0,11,5
2024311530843,2024,311530843,453799,343825,-1.20002,52.98907,3,3,5,06:56,-1,E06000018,6,2,1,0,1,"[4, 5]","[3, 1]","[7, 5]",0,0,0,1,0,1,0,0,0,12,12
2024311530878,2024,311530878,459221,335862,-1.12071,52.91692,3,3,5,18:45,-1,E07000176,3,2,1,0,1,"[7, 19]","[7, 1]","[3, 5]",0,0,0,1,1,0,0,0,0,12,5
2024311530900,2024,311530900,454880,357060,-1.18167,53.10792,3,3,2,16:25,-1,E07000170,6,2,1,0,2,"[19, 9]","[1, 3]","[5, 1]",0,0,0,1,0,0,0,0,0,12,16
2024311530923,2024,311530923,457174,366933,-1.14564,53.19641,2,"[3, 2]",2,18:21,-1,E07000174,6,2,1,0,2,"[5, 10]","[1, 6]","[6, 3]",0,0,0,1,0,0,0,0,0,12,16
2024311530986,2024,311530986,475352,390224,-0.86808,53.40347,3,3,2,15:08,-1,E07000171,3,0,1,0,2,19,1,5,0,7,0,0,0,0,1,0,0,12,16
2024311531052,2024,311531052,450519,335783,-1.25013,52.9171,2,2,7,19:00,-1,E07000172,6,0,1,0,1,2,1,5,0,0,0,1,0,0,0,0,1,8,31
2024311531143,2024,311531143,450726,337720,-1.24675,52.93449,3,3,4,20:25,-1,E07000172,6,2,1,1,1,19,"[3, 7]","[7, 3]",0,0,0,1,0,0,0,0,0,8,21
2024311531146,2024,311531146,448574,336911,-1.27888,52.92742,2,2,6,21:41,-1,E07000172,4,0,1,0,1,"[2, 19]","[0, 6]","[0, 4]","[0, 4]",0,0,1,0,1,0,0,0,7,19
2024311531336,2024,311531336,453347,341409,-1.20715,52.9674,3,3,2,15:20,-1,E06000018,6,0,1,0,1,5,6,8,0,0,0,0,0,0,0,1,1,12,16
2024311531418,2024,311531418,450664,357711,-1.24454,53.11418,3,3,3,15:45,-1,E07000170,4,2,1,0,2,5,3,8,0,0,0,1,0,0,0,0,1,12,17
2024311531502,2024,311531502,445800,360981,-1.31673,53.14401,3,3,2,18:25,-1,E07000170,4,2,1,0,2,"[19, 5]","[3, 6]","[7, 3]",0,0,0,1,0,0,0,0,0,12,16
2024311531537,2024,311531537,457173,368061,-1.14546,53.20655,3,3,2,22:40,-1,E07000174,6,2,1,0,2,"[19, 2]","[6, 0]","[2, 0]","[4, 0]","[7, 0]",0,1,0,0,0,0,0,11,11
2024311531717,2024,311531717,456287,340271,-1.16358,52.95687,3,3,6,23:29,-1,E06000018,3,2,1,0,1,19,8,6,11,0,0,1,0,0,0,0,1,12,13
2024311531740,2024,311531740,456967,341133,-1.1533,52.96454,3,3,2,13:50,-1,E06000018,6,0,1,0,1,"[2, 1]",5,1,0,0,0,1,0,1,0,0,0,12,16
2024311531750,2024,311531750,452869,343698,-1.21389,52.98802,3,3,4,08:14,-1,E07000172,6,0,1,1,1,"[7, 19]","[6, 7]","[7, 3]",0,0,0,1,1,0,0,0,0,12,18
2024311531779,2024,311531779,472292,364486,-0.91994,53.17258,3,3,4,11:13,-1,E07000175,6,0,1,1,2,"[5, 9]","[4, 6]","[8, 4]",0,0,0,1,1,0,0,0,0,12,18
2024311531935,2024,311531935,480301,353396,-0.80292,53.07177,2,2,4,17:08,-1,E07000175,6,2,1,1,1,7,4,1,0,0,0,1,0,0,0,0,1,12,18
2024311531984,2024,311531984,452436,338179,-1.22123,52.93845,3,3,4,17:46,-1,E07000172,3,2,2,1,1,"[12, 19]",3,7,0,0,0,1,0,1,0,0,0,12,18
2024311532073,2024,311532073,481562,355962,-0.78346,53.09464,3,3,4,22:01,-1,E07000175,3,2,2,1,2,7,1,2,0,0,0,0,0,0,1,0,0,12,18
2024311532095,2024,311532095,455480,361523,-1.17193,53.14797,3,3,4,21:25,-1,E07000174,4,2,1,1,1,"[19, 5]","[1, 2]",1,0,0,0,1,1,0,0,0,0,12,11
2024311532179,2024,311532179,468262,339661,-0.98548,52.95,3,3,5,09:16,-1,E07000176,3,0,1,0,2,7,2,1,0,1,1,1,0,0,0,0,0,12,19
2024311532205,2024,311532205,455119,343557,-1.1804,52.98652,3,3,4,17:30,-1,E06000018,4,2,2,-1,1,-1,-1,-1,-1,-1,0,1,0,0,0,0,1,12,18
2024311532394,2024,311532394,448360,347143,-1.28054,53.01941,3,3,5,13:03,-1,E07000172,4,0,1,0,1,"[19, 2]","[1, 5]",6,"[4, 0]",0,0,1,0,0,1,0,0,12,19
2024311532524,2024,311532524,453248,348296,-1.20749,53.02931,2,2,5,18:51,-1,E07000170,6,2,1,0,1,"[19, 5]","[5, 7]","[1, 3]","[0, 11]",0,0,1,0,1,0,0,0,12,19
2024311532574,2024,311532574,459777,379320,-1.10436,53.30746,3,3,5,15:30,-1,E07000171,6,0,1,0,1,"[19, 5]","[3, 5]","[7, 3]",0,"[7, 0]","[11, 0]",1,0,0,0,0,0,12,19
2024311532664,2024,311532664,458862,339723,-1.12535,52.95167,3,3,7,08:56,-1,E06000018,6,0,9,0,1,19,"[5, 1]","[1, 5]",0,0,0,1,0,0,0,0,0,9,28
2024311532676,2024,311532676,456234,378143,-1.15774,53.29727,3,3,5,14:12,-1,E07000171,3,0,1,-1,2,-1,-1,-1,-1,-1,0,1,0,1,0,0,0,10,17
2024311532740,2024,311532740,459206,346808,-1.11894,53.01531,3,3,4,22:40,-1,E07000173,6,2,2,1,1,19,5,1,0,1,0,0,0,1,0,0,0,12,18
2024311532746,2024,311532746,455509,341358,-1.17497,52.96672,3,3,6,06:28,-1,E06000018,6,2,1,1,1,"[19, 2]","[4, 0]","[8, 0]",0,0,0,1,0,0,0,0,0,12,20
2024311532903,2024,311532903,457858,339410,-1.14035,52.94896,3,3,6,08:50,-1,E06000018,3,0,1,1,1,19,5,7,0,0,0,1,0,0,1,0,0,12,20
2024311532910,2024,311532910,453195,336445,-1.21022,52.92279,2,2,6,14:48,-1,E07000172,4,0,2,1,1,7,7,1,0,0,0,1,0,0,0,0,1,12,20
2024311532923,2024,311532923,480059,354217,-0.80633,53.07919,2,2,6,11:19,-1,E07000175,6,0,1,1,1,19,"[3, 2]","[7, 6]",0,0,0,1,1,0,0,0,0,12,20
2024311532948,2024,311532948,452615,337197,-1.21873,52.92961,2,"[3, 2]",2,15:30,-1,E07000172,4,0,1,0,1,"[9, -1]","[5, -1]","[1, -1]","[0, -1]","[0, -1]",0,1,1,0,0,0,0,12,16
2024311533003,2024,311533003,452943,359829,-1.21014,53.133,2,2,6,15:37,-1,E07000174,6,0,2,1,1,15,2,2,0,0,0,1,0,0,0,0,1,12,20
2024311533041,2024,311533041,452392,349205,-1.2201,53.03756,3,3,3,13:00,-1,E07000170,6,0,1,1,1,19,6,2,0,0,0,1,0,0,0,0,0,12,17
2024311533063,2024,311533063,454322,345664,-1.19192,53.00554,2,"[2, 3]",6,17:02,-1,E06000018,6,2,2,1,1,19,"[7, 5]","[3, 1]",0,0,0,1,0,0,0,0,0,12,20
2024311533077,2024,311533077,470180,342365,-0.95635,52.97405,1,1,5,11:35,-1,E07000176,3,0,8,1,2,"[2, 19]",5,1,4,1,0,1,0,0,1,0,0,12,12
2024311533161,2024,311533161,459035,378531,-1.11565,53.30045,3,3,7,02:34,-1,E07000171,6,2,1,0,1,7,5,4,0,7,0,1,0,0,0,0,0,12,21
2024311533188,2024,311533188,453734,360976,-1.19813,53.14323,2,2,5,15:22,-1,E07000174,6,0,1,0,1,2,1,5,0,0,0,0,0,0,1,0,1,12,19
2024311533201,2024,311533201,454007,345034,-1.19672,52.99991,3,3,6,05:20,-1,E06000018,4,2,1,1,1,19,5,1,0,0,0,1,0,0,0,0,1,12,20
2024311533242,2024,311533242,464866,381609,-1.02754,53.32743,3,3,7,11:12,-1,E07000171,3,0,4,1,2,19,"[5, 1]",1,0,0,0,1,0,0,0,0,0,12,21
2024311533306,2024,311533306,455635,355288,-1.1707,53.09191,3,3,7,11:11,-1,E07000173,4,0,1,0,2,"[3, 19]",7,3,0,0,0,1,0,0,0,0,0,12,21
2024311533358,2024,311533358,456920,344642,-1.15339,52.99609,3,3,4,08:36,-1,E06000018,6,0,1,1,1,"[7, 9]","[1, 8]","[6, 5]",0,0,0,1,0,1,0,0,0,11,20
2024311533386,2024,311533386,457199,343819,-1.14938,52.98866,3,3,6,17:34,-1,E06000018,3,0,1,0,1,"[5, 4]",1,5,0,0,0,1,0,0,0,0,0,12,20
2024311533432,2024,311533432,459189,333543,-1.12161,52.89608,2,2,5,16:16,-1,E07000176,6,2,1,1,2,19,"[1, 5]","[5, 1]",0,0,0,1,0,0,0,0,0,12,19
2024311533433,2024,311533433,447574,354220,-1.29121,53.08309,2,2,6,21:05,-1,E07000170,4,2,2,1,2,19,2,6,0,1,0,1,0,0,0,0,0,12,20
2024311533543,2024,311533543,478114,352581,-0.83576,53.06477,3,3,3,08:00,-1,E07000175,3,0,1,0,2,3,1,5,0,0,0,1,0,0,0,0,0,12,17
2024311533548,2024,311533548,454674,346418,-1.18655,53.01229,3,3,5,17:00,-1,E06000018,3,0,1,0,1,19,8,4,0,0,0,1,0,0,0,0,1,12,19
2024311533616,2024,311533616,458369,338918,-1.13283,52.94448,3,3,1,10:16,-1,E06000018,3,2,2,1,1,"[9, 19]","[1, 5]","[4, 5]",0,0,0,1,0,0,0,0,0,12,22
2024311533626,2024,311533626,456736,338792,-1.15715,52.94353,3,3,1,11:33,-1,E06000018,3,0,2,1,1,19,5,5,0,0,0,1,0,0,0,0,1,12,22
2024311533668,2024,311533668,453525,343597,-1.20414,52.98704,2,2,6,14:14,-1,E06000018,3,0,1,1,1,19,7,4,0,1,0,0,0,1,0,0,0,5,3
2024311533722,2024,311533722,449172,359557,-1.26654,53.13092,3,3,1,17:00,-1,E07000170,6,2,8,1,1,19,5,1,0,0,0,0,1,0,0,0,0,12,22
2024311533836,2024,311533836,455129,360418,-1.17737,53.13807,2,2,2,07:37,-1,E07000174,3,2,1,0,1,"[9, 19]","[2, 8]","[8, 4]",0,0,0,1,0,1,0,0,0,12,23
2024311533992,2024,311533992,466211,392484,-1.00507,53.425,2,2,2,17:15,-1,E07000171,3,2,1,0,2,19,1,5,0,0,0,0,0,0,1,0,1,12,16
2024311534101,2024,311534101,479990,354342,-0.80733,53.08032,3,3,7,11:40,-1,E07000175,6,0,1,0,1,"[4, 19]","[4, 6]","[8, 2]",0,0,0,1,1,0,0,0,0,12,21
2024311534157,2024,311534157,450661,357678,-1.24459,53.11389,3,3,2,16:00,-1,E07000170,4,2,2,1,2,"[19, 9]","[6, 1]","[2, 3]",0,0,0,1,0,0,0,0,0,12,23
2024311534320,2024,311534320,471645,374711,-0.92733,53.26457,3,3,2,13:43,-1,E07000171,3,0,1,0,2,"[19, 9]",5,1,"[4, 0]",0,0,1,0,0,0,0,0,12,23
2024311534357,2024,311534357,456949,341344,-1.15353,52.96644,3,3,1,05:20,-1,E06000018,3,2,5,1,1,19,5,1,0,0,0,1,0,0,0,0,0,12,8
2024311534382,2024,311534382,453962,341798,-1.19793,52.97083,3,3,3,10:17,-1,E06000018,4,0,1,1,1,"[10, 9]","[5, 3]","[1, 7]",0,0,0,1,0,1,0,0,0,12,24
2024311534397,2024,311534397,454451,340798,-1.19081,52.96179,3,3,6,10:25,-1,E06000018,3,0,1,0,1,"[19, 9]","[1, 3]","[5, 7]",0,0,0,1,0,0,0,0,0,12,13
2024311534587,2024,311534587,455782,340762,-1.17101,52.96133,3,3,4,21:20,-1,E06000018,6,2,1,0,1,"[6, 7]","[3, 4]","[2, 6]",0,0,0,1,0,1,0,0,0,9,25
2024311534632,2024,311534632,455051,366318,-1.17752,53.19111,3,3,3,17:55,-1,E07000174,4,2,8,1,2,19,7,3,0,7,0,1,0,0,0,0,0,12,24
2024311534634,2024,311534634,454356,362642,-1.18855,53.15814,2,"[2, 3]",5,18:42,-1,E07000174,3,0,1,1,1,19,7,3,0,1,4,1,0,0,0,0,0,9,12
2024311534660,2024,311534660,446221,348682,-1.3122,53.03343,3,3,4,01:57,-1,E07000172,3,2,7,1,1,19,8,4,0,7,4,1,0,0,0,0,0,12,25
2024311534671,2024,311534671,448574,336912,-1.27888,52.92743,2,2,6,07:56,-1,E07000172,4,2,1,0,1,19,2,6,0,0,0,0,0,0,0,1,1,12,13
2024311534680,2024,311534680,454519,334420,-1.19087,52.90446,3,3,7,11:00,-1,E06000018,3,0,1,0,1,19,1,5,0,0,0,1,0,0,0,0,0,12,21
2024311534704,2024,311534704,474320,355583,-0.89167,53.09229,2,2,4,10:55,-1,E07000175,3,0,1,1,2,19,6,2,0,1,0,1,0,0,0,0,0,12,25
2024311534799,2024,311534799,445884,352934,-1.31662,53.07168,3,3,2,12:30,-1,E07000170,6,0,1,0,1,"[2, 19]","[1, 6]","[5, 1]",0,0,0,1,0,0,0,0,0,12,23
2024311534974,2024,311534974,479626,359887,-0.81139,53.13021,1,1,4,07:08,-1,E07000175,3,2,1,0,2,19,2,6,0,0,0,1,0,0,0,0,1,12,18
2024311534976,2024,311534976,453048,339936,-1.21184,52.95419,3,3,2,18:39,-1,E06000018,6,2,9,0,1,5,0,0,0,0,0,1,0,0,0,0,1,12,23
2024311535171,2024,311535171,457881,344345,-1.13912,52.99332,3,3,4,18:07,-1,E07000173,3,2,1,0,1,"[7, 19]","[3, 1]",5,0,0,0,1,1,0,0,0,0,11,27
2024311535205,2024,311535205,456279,343526,-1.16313,52.98613,3,3,6,16:50,-1,E06000018,3,2,7,1,1,"[19, 3]","[3, 6]",6,0,0,0,1,0,0,0,0,0,12,27
2024311535310,2024,311535310,469368,340630,-0.96881,52.95857,2,2,7,00:01,-1,E07000176,3,2,7,1,2,19,1,5,0,2,0,1,0,0,0,0,0,12,28
2024311535402,2024,311535402,457853,339422,-1.14042,52.94907,2,2,7,12:57,-1,E06000018,3,0,1,1,1,2,5,1,"[0, 4]","[0, 3]",0,1,0,0,0,0,0,12,28
2024311535524,2024,311535524,455427,342958,-1.17592,52.98111,3,3,7,22:00,-1,E06000018,4,2,1,1,1,"[5, 19]","[1, 4]","[1, 8]",0,0,0,1,1,0,0,0,0,12,28
2024311535538,2024,311535538,460395,349934,-1.10063,53.04327,3,3,7,22:48,-1,E07000173,6,2,7,1,2,"[19, 2]","[4, 0]","[8, 0]",0,"[3, 0]",0,1,0,0,0,0,0,12,28
2024311535640,2024,311535640,449511,359231,-1.26153,53.12795,3,3,1,14:04,-1,E07000170,6,0,1,0,1,"[19, 9]","[1, 4]","[5, 8]",0,0,0,1,0,0,0,0,0,12,29
2024311535685,2024,311535685,454769,341968,-1.18588,52.97228,2,2,2,13:44,-1,E06000018,3,0,1,0,1,"[3, 4]","[1, 2]",6,0,1,0,1,0,0,0,0,0,11,18
2024311535695,2024,311535695,457625,339929,-1.14372,52.95365,2,2,1,16:00,-1,E06000018,6,0,1,0,1,19,7,3,0,0,0,0,0,0,0,1,0,12,29
2024311535761,2024,311535761,468339,339597,-0.98434,52.94941,3,3,1,13:30,-1,E07000176,3,0,1,0,2,3,1,2,0,0,0,1,0,0,0,0,0,12,29
2024311535800,2024,311535800,455808,344064,-1.17005,52.99101,3,3,1,18:20,-1,E06000018,4,2,9,1,1,19,3,7,0,0,0,1,0,0,0,0,0,12,29
2024311535832,2024,311535832,454443,342538,-1.19064,52.97743,3,3,6,12:12,-1,E06000018,3,0,9,0,1,19,5,1,0,0,0,1,0,1,0,0,0,12,27
2024311535848,2024,311535848,458957,343531,-1.12324,52.98588,3,3,1,17:30,-1,E07000173,6,2,1,0,1,19,"[6, 2]","[8, 6]",0,0,0,1,0,1,0,0,0,12,8
2024311535959,2024,311535959,470655,381485,-0.94066,53.32558,2,2,7,14:30,-1,E07000171,6,0,1,0,1,1,3,7,0,0,0,1,0,0,0,0,1,12,21
2024311535981,2024,311535981,469820,336913,-0.96288,52.9251,2,2,7,17:02,-1,E07000176,6,2,1,0,2,"[2, 19]","[0, 3]","[0, 7]","[0, 4]",0,0,1,0,0,0,0,0,11,30
2024311536037,2024,311536037,455577,339648,-1.17425,52.95134,3,3,2,16:30,-1,E06000018,3,0,9,0,1,19,1,5,11,0,0,0,0,0,1,0,0,12,23
2024311536042,2024,311536042,447572,346602,-1.29236,53.01462,3,3,2,16:27,-1,E07000172,4,2,8,0,1,9,3,7,4,0,0,1,0,0,0,0,0,12,30
2024311536082,2024,311536082,480072,361318,-0.80437,53.143,2,2,2,19:13,-1,E07000175,3,2,1,0,2,"[19, 5]",5,1,0,0,0,1,0,0,0,1,0,12,30
2024311536179,2024,311536179,475532,366198,-0.87108,53.18752,1,1,1,10:17,-1,E07000175,6,0,1,1,2,19,8,4,0,0,0,1,1,0,0,0,0,12,29
2024311536292,2024,311536292,446871,357452,-1.30124,53.1122,3,3,3,09:45,-1,E07000170,4,0,1,0,1,3,1,5,0,0,0,1,0,0,0,0,1,12,31
2024311536363,2024,311536363,456410,353099,-1.15951,53.07216,2,2,2,13:38,-1,E07000173,3,0,1,0,2,19,7,3,0,0,0,0,0,0,1,0,1,12,30
2024311536382,2024,311536382,456922,341882,-1.15384,52.97128,3,3,3,17:03,-1,E06000018,3,2,1,0,1,9,5,1,11,0,0,1,0,0,0,0,1,12,31
2024311536396,2024,311536396,454689,343250,-1.18686,52.98381,2,2,3,07:50,-1,E06000018,6,2,1,0,1,"[9, 19]","[7, 5]","[5, 1]",0,0,0,1,1,0,0,0,0,12,17
2024311536680,2024,311536680,452794,341776,-1.21532,52.97075,3,3,3,20:00,-1,E06000018,6,0,1,0,1,19,8,4,11,0,0,0,1,0,0,0,0,8,20
2024311536722,2024,311536722,458598,345822,-1.12818,53.00651,3,3,2,08:35,-1,E07000173,6,0,1,0,1,19,2,6,0,0,0,1,0,0,0,0,1,12,9
2024311536791,2024,311536791,455707,342757,-1.17178,52.97927,3,3,2,17:30,-1,E06000018,6,0,1,0,1,5,8,3,0,0,0,1,0,0,0,0,1,12,23
2024311537162,2024,311537162,455278,344455,-1.17788,52.99458,3,3,2,15:15,-1,E06000018,3,0,1,0,1,19,5,"[1, 7]",0,0,0,1,0,0,0,0,0,12,30
2024311537422,2024,311537422,454637,363470,-1.18421,53.16555,3,3,1,12:45,-1,E07000174,3,0,8,1,1,"[19, 2]","[1, 0]","[5, 0]",0,0,0,1,0,0,0,0,0,12,1
2024311537483,2024,311537483,465193,390645,-1.02077,53.4086,2,2,3,10:44,-1,E07000171,3,0,1,0,2,7,5,1,0,0,0,1,0,0,0,0,0,12,31
2024311537712,2024,311537712,465827,377346,-1.01399,53.289,2,"[3, 2]",3,00:41,-1,E07000171,3,2,1,0,2,"[3, 19, 2]",4,8,"[0, 4, 7]",0,0,1,0,0,1,0,0,12,17
2024311537800,2024,311537800,456054,340459,-1.16701,52.95858,2,2,7,09:30,-1,E06000018,3,0,1,0,1,"[9, 5]","[5, 4]","[3, 8]",0,0,0,1,1,0,0,0,0,12,14
2024311538008,2024,311538008,458204,338684,-1.13533,52.9424,3,3,7,17:10,-1,E06000018,3,2,2,1,1,5,4,5,0,0,0,1,0,0,0,0,1,12,21
2024311538268,2024,311538268,457485,343165,-1.14523,52.98275,3,3,3,09:30,-1,E06000018,3,0,1,0,1,19,5,1,0,0,0,1,0,0,0,0,1,12,24
2024311540049,2024,311540049,446756,359285,-1.30269,53.12869,3,3,6,16:21,-1,E07000170,6,2,2,1,1,9,3,1,0,0,0,1,0,0,0,0,1,12,20
2024311540586,2024,311540586,458637,378964,-1.12154,53.30439,3,3,6,19:55,-1,E07000171,4,2,1,1,1,"[4, 10]",1,"[5, 7]",0,0,0,1,0,0,0,0,0,11,29
2024311541645,2024,311541645,465415,388911,-1.01779,53.39299,2,2,3,17:17,-1,E07000171,3,2,1,0,2,"[19, 7]","[5, 6]",1,0,"[0, 1]",0,1,0,0,0,0,0,12,24