collision_index,collision_year,collision_ref_no,location_easting_osgr,location_northing_osgr,longitude,latitude,casualty_severity,casualty_severity,day_of_week,time,local_authority_district,local_authority_ons_district,first_road_class,light_conditions,weather_conditions,road_surface_conditions,urban_or_rural_area,vehicle_manoeuvre,vehicle_direction_from,vehicle_direction_to,hit_object_in_carriageway,vehicle_leaving_carriageway,hit_object_off_carriageway,is_car,is_cyle,is_mcyle,is_goodsv,is_other,is_pedestrian,month,day
2024320052323,2024,320052323,518124,313340,-0.25317,52.70485,2,"[3, 2]",6,10:26,-1,E07000140,3,0,1,0,2,-1,"[2, 6]","[6, 2]",0,1,0,1,0,0,0,0,0,1,26
2024320053032,2024,320053032,556779,364688,0.34327,53.15625,3,3,6,18:15,-1,E07000137,3,2,1,0,1,"[9, -1]","[4, 6]",8,0,0,0,1,0,1,0,0,0,1,26
2024320053791,2024,320053791,506064,361608,-0.41583,53.14107,2,2,7,05:21,-1,E07000139,4,2,1,1,2,-1,6,2,0,3,9,1,0,0,0,0,0,1,27
2024320053924,2024,320053924,517942,335455,-0.24789,52.9036,3,3,7,08:00,-1,E07000140,3,0,1,2,2,-1,8,4,0,1,4,1,0,0,0,0,0,1,27
2024320054741,2024,320054741,491393,336362,-0.64223,52.91691,3,3,3,15:45,-1,E07000141,6,0,1,0,1,5,8,4,0,0,0,1,0,0,0,0,1,1,23
2024320055518,2024,320055518,526822,321300,-0.12144,52.7744,3,3,1,05:40,-1,E07000140,5,2,8,2,2,-1,2,6,0,1,9,1,0,0,0,0,0,1,28
2024320055971,2024,320055971,492386,367939,-0.61842,53.20051,3,3,1,11:45,-1,E07000139,3,0,1,0,2,-1,6,2,0,0,0,0,0,1,0,0,0,1,28
2024320056118,2024,320056118,520947,335693,-0.20315,52.90507,3,3,2,07:50,-1,E07000140,3,0,1,0,2,6,3,3,0,0,0,1,0,0,0,0,1,1,22
2024320056258,2024,320056258,497767,370467,-0.53712,53.22227,3,3,1,14:45,-1,E07000138,6,0,1,0,1,1,6,2,0,0,0,1,0,0,0,0,1,1,28
2024320056452,2024,320056452,548557,375973,0.22566,53.25996,3,3,1,17:32,-1,E07000137,4,2,1,0,2,-1,"[7, 2]","[2, 7]",0,"[7, 0]","[9, 0]",1,0,0,0,0,0,1,28
2024320056925,2024,320056925,495175,323798,-0.58966,52.80335,3,3,1,20:00,-1,E07000141,3,2,1,0,2,-1,7,3,0,1,0,0,0,0,1,0,0,1,28
2024320057228,2024,320057228,515514,354595,-0.27714,53.0761,3,3,2,06:15,-1,E07000139,3,2,1,1,2,-1,6,2,0,7,0,1,0,0,0,0,0,1,29
2024320057256,2024,320057256,497153,369537,-0.54659,53.21402,3,3,2,07:10,-1,E07000138,3,0,2,1,2,"[-1, 8]","[6, 2]","[2, 6]",0,0,0,1,0,1,0,0,0,1,29
2024320058440,2024,320058440,497253,370204,-0.54489,53.22,3,3,1,14:00,-1,E07000138,5,0,9,0,1,9,7,6,0,0,0,1,0,0,0,0,1,1,28
2024320058666,2024,320058666,499456,372822,-0.51109,53.24311,3,3,2,15:00,-1,E07000138,5,0,1,1,1,"[2, -1]","[0, 8]","[0, 4]","[0, 10]",0,0,1,0,0,0,0,0,1,29
2024320058759,2024,320058759,503500,347610,-0.45865,53.0158,3,3,2,15:45,-1,E07000139,3,0,1,0,2,4,"[4, 8]","[8, 4]",0,"[0, 1]",0,1,0,0,0,0,0,1,29
2024320059022,2024,320059022,507590,346316,-0.39813,53.00336,3,3,6,17:00,-1,E07000139,4,2,1,0,1,"[-1, 9]","[2, 8]",6,0,0,0,1,1,0,0,0,0,1,26
2024320059422,2024,320059422,540361,325935,0.08111,52.8127,3,3,3,02:15,-1,E07000140,5,2,1,1,2,-1,3,7,0,0,0,1,0,0,0,0,0,1,30
2024320059595,2024,320059595,497004,369037,-0.54897,53.20956,2,2,3,04:48,-1,E07000138,3,2,1,0,1,-1,6,2,0,0,0,1,0,0,0,0,1,1,30
2024320060844,2024,320060844,519324,363100,-0.21714,53.15168,3,3,3,12:28,-1,E07000137,4,0,1,1,2,"[-1, 9]","[6, 2]","[2, 1]",0,0,0,1,0,1,0,0,0,1,30
2024320061197,2024,320061197,496735,388573,-0.54706,53.38515,3,3,3,15:40,-1,E07000142,3,0,1,1,2,"[10, -1]",5,"[3, 1]",0,1,0,1,0,0,0,0,0,1,30
2024320061396,2024,320061396,550585,385137,0.26038,53.3417,3,3,3,15:00,-1,E07000137,6,0,1,0,1,-1,8,4,0,0,0,1,0,0,0,0,1,1,30
2024320061929,2024,320061929,489193,361454,-0.66801,53.14278,3,3,4,04:00,-1,E07000139,5,2,1,1,2,-1,3,7,10,0,1,0,0,0,1,0,0,1,31
2024320062397,2024,320062397,498981,379460,-0.51614,53.30285,3,3,4,06:45,-1,E07000142,5,2,8,2,2,-1,6,2,0,0,0,1,1,0,0,0,0,1,31
2024320063135,2024,320063135,497795,371125,-0.5365,53.22817,2,2,6,13:30,-1,E07000138,6,0,9,0,1,7,7,5,0,0,0,1,0,0,0,0,1,1,26
2024320063449,2024,320063449,551958,373462,0.2754,53.23645,3,3,4,17:00,-1,E07000137,3,2,1,0,2,-1,6,2,0,0,10,1,0,0,0,0,0,1,31
2024320063451,2024,320063451,503767,365823,-0.44879,53.1794,2,"[3, 2]",4,13:55,-1,E07000139,4,0,1,0,2,"[10, 9, -1]","[2, 4, 8]","[8, 2, 4]",0,0,0,1,0,0,0,0,0,1,31
2024320063494,2024,320063494,495822,368837,-0.56673,53.20797,3,3,4,15:30,-1,E07000138,6,0,1,0,1,"[7, -1]","[6, 2]","[8, 6]",0,0,0,1,1,0,0,0,0,1,31
2024320063934,2024,320063934,534885,318379,-0.00319,52.74621,2,2,4,22:40,-1,E07000140,4,2,1,1,2,-1,6,2,0,7,3,1,0,0,0,0,0,1,31
2024320064058,2024,320064058,487279,385300,-0.69009,53.35739,3,3,5,04:32,-1,E07000142,4,2,1,1,2,-1,6,8,0,2,0,1,0,0,0,0,0,2,1
2024320064594,2024,320064594,524588,328083,-0.15195,52.83587,3,3,5,09:45,-1,E07000140,5,0,1,0,2,-1,4,8,0,7,0,1,0,0,0,0,0,2,1
2024320065488,2024,320065488,531764,344154,-0.03898,52.97854,3,3,5,11:20,-1,E07000136,6,0,1,0,1,-1,2,6,0,0,0,1,0,0,0,0,1,2,1
2024320065561,2024,320065561,525469,322727,-0.14094,52.78754,3,3,5,15:29,-1,E07000140,5,0,1,0,1,"[13, -1]",6,2,0,0,0,1,1,0,0,0,0,2,1
2024320065609,2024,320065609,556531,368793,0.34157,53.19319,3,3,5,16:15,-1,E07000137,5,0,1,0,1,-1,8,6,0,0,0,0,0,1,0,0,0,2,1
2024320065638,2024,320065638,493405,390917,-0.59641,53.40681,3,3,5,15:54,-1,E07000142,4,0,1,1,2,"[10, -1]",1,"[7, 5]",0,0,0,1,0,0,0,0,0,2,1
2024320065886,2024,320065886,496911,368720,-0.55046,53.20672,3,3,5,16:00,-1,E07000138,3,0,1,0,1,-1,"[6, 2]","[2, 6]",0,0,0,1,0,0,0,0,0,2,1
2024320067450,2024,320067450,534195,343993,-0.00286,52.9765,2,2,6,13:45,-1,E07000136,5,0,9,0,1,-1,2,6,0,0,0,1,0,0,0,0,1,2,2
2024320067703,2024,320067703,530566,339146,-0.05883,52.93384,3,3,6,08:40,-1,E07000136,4,0,1,1,2,-1,5,1,0,1,0,1,0,0,0,0,1,2,2
2024320067840,2024,320067840,512744,344628,-0.32195,52.98714,3,3,6,15:55,-1,E07000139,3,0,1,0,2,-1,"[2, 7]","[6, 5]",0,0,0,1,0,0,0,0,0,2,2
2024320068045,2024,320068045,503937,375310,-0.44316,53.26461,3,3,6,15:45,-1,E07000142,3,0,1,0,2,4,6,2,0,"[1, 0]",0,1,0,0,0,0,0,2,2
2024320068351,2024,320068351,500118,376317,-0.50008,53.2744,3,3,6,21:30,-1,E07000142,3,2,1,0,2,"[9, -1]",6,"[4, 2]",0,7,"[0, 10]",1,0,0,0,0,0,2,2
2024320069309,2024,320069309,532016,344065,-0.03527,52.97768,3,3,7,12:00,-1,E07000136,3,0,1,0,1,-1,3,7,0,0,0,1,0,0,0,0,0,2,3
2024320069640,2024,320069640,491317,336207,-0.6434,52.91553,3,3,6,11:10,-1,E07000141,3,0,1,0,1,"[7, -1]","[4, 2]",6,0,0,0,1,0,0,0,0,0,1,19
2024320070910,2024,320070910,507752,332638,-0.40026,52.88042,3,3,1,10:00,-1,E07000141,3,0,1,1,2,-1,4,8,0,7,4,1,0,0,0,0,0,2,4
2024320072150,2024,320072150,536492,324581,0.02318,52.80152,3,3,2,06:00,-1,E07000140,6,2,1,0,2,"[2, -1]","[0, 7]","[0, 3]","[0, 4]",0,0,1,0,0,0,0,0,2,5
2024320072249,2024,320072249,535284,350786,0.01619,53.03725,2,2,2,06:10,-1,E07000137,3,2,1,0,2,15,5,1,7,7,0,0,0,1,0,0,0,2,5
2024320072936,2024,320072936,505029,322450,-0.44398,52.78941,2,2,2,11:20,-1,E07000141,3,0,1,0,2,-1,"[3, 8]","[8, 3]",0,0,0,1,0,1,0,0,0,2,5
2024320074014,2024,320074014,534100,357006,0.00113,53.09342,3,3,2,19:23,-1,E07000137,5,2,1,0,2,-1,3,7,0,1,2,1,0,0,0,0,0,2,5
2024320075977,2024,320075977,497215,369922,-0.54555,53.21747,3,3,6,19:25,-1,E07000138,5,2,9,1,1,"[-1, 11]",6,2,0,0,0,1,0,0,0,0,0,2,2
2024320076390,2024,320076390,497386,379967,-0.53992,53.3077,2,2,3,21:11,-1,E07000142,3,2,1,0,2,-1,2,6,0,7,0,1,0,0,0,0,0,2,6
2024320076882,2024,320076882,510335,360287,-0.35246,53.12834,3,3,2,08:00,-1,E07000139,4,0,1,0,2,-1,8,4,0,7,9,1,0,0,0,0,0,2,5
2024320078202,2024,320078202,499626,372317,-0.5087,53.23855,3,3,4,13:17,-1,E07000138,4,0,1,0,1,"[-1, 9]","[4, 6]","[8, 4]",0,0,0,1,0,1,0,0,0,2,7
2024320078292,2024,320078292,498570,371915,-0.52465,53.23513,3,3,4,08:00,-1,E07000138,5,0,1,0,1,"[-1, 3]",3,7,0,0,0,1,0,0,0,0,0,2,7
2024320078331,2024,320078331,539850,375269,0.09491,53.256,3,3,4,07:50,-1,E07000137,3,0,1,1,2,"[-1, 10]","[4, 8]","[8, 4, 2]",0,"[7, 0]",0,1,0,0,1,0,0,2,7
2024320078555,2024,320078555,533888,345693,-0.00673,52.99184,2,2,4,17:45,-1,E07000136,3,2,1,1,1,-1,1,5,0,0,0,1,0,0,0,0,1,2,7
2024320078699,2024,320078699,498684,372844,-0.52265,53.24346,3,3,4,18:25,-1,E07000138,4,2,1,0,1,-1,2,6,0,0,0,1,0,0,0,0,1,2,7
2024320078738,2024,320078738,497666,341829,-0.54732,52.96494,3,3,4,19:00,-1,E07000139,4,2,1,1,2,"[-1, 3]",6,2,0,0,0,1,0,0,0,0,0,2,7
2024320078888,2024,320078888,547255,321505,0.18133,52.77106,3,3,4,21:59,-1,E07000140,5,2,1,0,2,"[2, -1]","[0, 4]","[0, 8]","[0, 4]",0,0,1,0,0,0,0,0,2,7
2024320079640,2024,320079640,510521,336620,-0.35778,52.91564,3,3,5,08:45,-1,E07000139,3,0,2,1,2,-1,"[7, 3]","[3, 7]",0,"[7, 0]","[9, 0]",1,0,0,1,0,0,2,8
2024320080397,2024,320080397,499748,371606,-0.5071,53.23213,3,3,3,17:00,-1,E07000138,4,2,2,1,1,"[9, -1]","[7, 5]","[5, 1]",0,0,0,1,1,0,0,0,0,2,6
2024320080415,2024,320080415,533937,327192,-0.01362,52.82562,3,3,5,12:40,-1,E07000140,3,0,2,1,2,"[9, -1]","[3, 1]","[1, 5]",0,"[0, 1]",0,1,0,0,1,0,0,2,8
2024320080481,2024,320080481,494264,395589,-0.5821,53.44864,2,2,5,13:15,-1,E07000142,4,0,6,2,2,-1,1,5,0,1,3,1,0,0,0,0,0,2,8
2024320080728,2024,320080728,484611,343039,-0.74132,52.97803,3,3,6,09:55,-1,E07000141,3,0,1,0,2,-1,4,8,0,0,0,1,0,0,0,0,0,2,2
2024320080864,2024,320080864,508084,386826,-0.37709,53.36726,3,3,5,18:00,-1,E07000142,3,2,1,1,2,-1,1,6,0,1,9,1,0,0,0,0,0,2,8
2024320080990,2024,320080990,507361,327229,-0.40785,52.8319,3,3,5,17:50,-1,E07000141,5,2,5,1,2,-1,7,3,0,7,9,1,0,0,0,0,0,2,8
2024320081001,2024,320081001,522188,321953,-0.18985,52.78134,2,2,5,19:24,-1,E07000140,3,2,5,1,1,-1,"[7, 3]","[3, 7]","[0, 12]",0,0,1,0,0,1,0,0,2,8
2024320082636,2024,320082636,529701,382165,-0.05431,53.32053,3,3,6,14:10,-1,E07000137,3,0,2,1,2,-1,2,6,0,1,4,1,0,0,0,0,0,2,9
2024320082736,2024,320082736,540535,372700,0.10404,53.23275,3,3,6,13:10,-1,E07000137,3,0,2,1,2,4,2,6,0,0,0,1,0,0,0,0,0,2,9
2024320083131,2024,320083131,526295,369748,-0.11034,53.2098,3,3,5,15:00,-1,E07000137,6,0,9,1,2,"[2, -1]","[0, 6]","[0, 2]",0,0,0,1,0,0,0,0,0,2,1
2024320083242,2024,320083242,501967,367503,-0.47518,53.19484,3,3,6,23:00,-1,E07000139,6,2,1,1,2,"[2, -1]","[0, 2]","[0, 6]",0,0,0,1,0,0,0,0,0,2,9
2024320084103,2024,320084103,513929,411863,-0.28022,53.59097,3,3,7,08:50,-1,E07000142,4,0,1,0,2,-1,"[2, 4]","[6, 8]",0,0,0,1,0,0,0,0,0,2,10
2024320084575,2024,320084575,508862,346628,-0.37908,53.00591,3,3,7,11:02,-1,E07000139,3,0,1,0,2,-1,"[2, 8]","[6, 4]",0,"[5, 1]","[0, 1]",1,0,0,0,0,0,2,10
2024320084845,2024,320084845,528404,399826,-0.06659,53.4795,2,2,7,20:00,-1,E07000137,3,2,2,1,2,-1,5,1,10,1,4,1,0,0,0,0,0,2,10
2024320085102,2024,320085102,524704,323516,-0.15197,52.79481,3,3,1,00:10,-1,E07000140,4,2,2,1,1,"[9, -1]","[4, 5]",1,0,0,0,1,0,0,0,0,0,2,11
2024320086242,2024,320086242,494557,334156,-0.59583,52.89654,3,3,7,14:07,-1,E07000141,3,0,1,0,2,"[13, -1]",4,8,0,"[7, 0]",0,1,0,1,0,0,0,2,10
2024320086422,2024,320086422,504527,307687,-0.45612,52.65684,3,3,1,13:45,-1,E07000141,3,2,1,1,2,"[10, -1]",6,"[4, 2]",0,"[7, 0]","[10, 0]",1,0,0,0,0,0,2,11
2024320086576,2024,320086576,516062,376777,-0.26093,53.27528,1,"[1, 3]",1,18:00,-1,E07000137,3,2,1,0,2,"[13, -1]","[2, 6]","[6, 2]",0,0,0,1,0,0,0,0,0,2,11
2024320086751,2024,320086751,530680,339706,-0.05691,52.93885,3,3,1,18:50,-1,E07000136,4,0,1,0,2,"[4, 9]",6,"[2, 3]",0,0,0,1,0,1,0,0,0,2,11
2024320087187,2024,320087187,497653,372415,-0.53823,53.23979,3,3,5,17:40,-1,E07000138,6,2,9,1,1,-1,5,1,0,0,0,1,0,0,0,0,1,2,8
2024320087200,2024,320087200,487989,337014,-0.69266,52.92334,3,3,2,08:00,-1,E07000141,3,0,1,1,2,"[2, -1]","[0, 8]","[0, 4]","[0, 4]","[1, 0]","[2, 0]",1,0,0,0,0,0,2,12
2024320087246,2024,320087246,528305,403348,-0.06664,53.51117,3,3,4,14:25,-1,E07000137,6,0,1,0,2,"[2, -1]","[0, 1]","[0, 5]",0,0,0,1,1,0,0,0,0,2,7
2024320087663,2024,320087663,488274,336716,-0.6885,52.92062,3,3,2,09:25,-1,E07000141,3,0,1,1,2,"[-1, 9]","[4, 8]","[8, 6]",0,"[1, 0]",0,1,0,0,0,0,0,2,12
2024320088561,2024,320088561,497921,370518,-0.53479,53.2227,3,3,2,12:30,-1,E07000138,6,0,1,0,1,"[8, 5]",2,4,0,0,0,1,0,1,0,0,0,2,12
2024320088859,2024,320088859,492626,336619,-0.62382,52.91901,3,3,3,09:00,-1,E07000141,6,0,1,1,1,-1,6,2,0,0,0,0,0,0,0,1,1,2,6
2024320090502,2024,320090502,545539,383997,0.18412,53.33287,3,3,3,14:45,-1,E07000137,5,0,2,1,2,-1,6,2,0,7,9,1,0,0,0,0,0,2,13
2024320091134,2024,320091134,532332,343918,-0.03062,52.97628,2,2,3,19:30,-1,E07000136,3,2,2,1,1,9,4,1,0,0,0,1,0,0,0,0,1,2,13
2024320091167,2024,320091167,494012,371830,-0.59294,53.23519,3,3,3,22:00,-1,E07000139,3,2,2,1,2,13,6,2,7,1,9,1,0,0,0,0,0,2,13
2024320091212,2024,320091212,507754,347364,-0.39534,53.01275,2,"[2, 3]",3,22:30,-1,E07000139,3,2,1,1,2,-1,8,2,0,3,1,1,0,0,0,0,0,2,13
2024320091523,2024,320091523,497696,373430,-0.53727,53.2489,3,3,7,22:30,-1,E07000138,6,2,2,1,1,7,7,1,0,0,0,1,0,0,0,0,1,2,10
2024320091727,2024,320091727,501037,364642,-0.49,53.16931,3,3,4,07:40,-1,E07000139,4,0,1,1,2,"[9, -1]","[4, 8]","[2, 4]",0,"[0, 7]","[0, 11]",1,0,0,0,0,0,2,14
2024320091977,2024,320091977,534409,356481,0.00552,53.08863,3,3,4,08:00,-1,E07000137,3,0,2,1,2,"[7, -1]",4,"[7, 8]",0,"[1, 0]","[10, 0]",1,0,0,0,0,0,2,14
2024320092601,2024,320092601,500194,370438,-0.50079,53.22155,3,3,2,09:45,-1,E07000139,4,0,1,0,2,"[13, -1]",7,3,0,0,0,1,0,0,0,0,0,2,12
2024320093065,2024,320093065,481045,390470,-0.7824,53.40484,3,3,3,17:50,-1,E07000142,6,2,1,0,1,9,7,4,0,0,0,1,0,0,0,0,1,2,13
2024320094930,2024,320094930,491284,335515,-0.64409,52.90932,3,3,5,11:53,-1,E07000141,3,0,1,0,1,"[-1, 9]","[7, 1]","[3, 7]",0,0,0,1,0,0,0,0,0,2,15
2024320095173,2024,320095173,540867,349961,0.09903,53.0284,3,3,5,14:00,-1,E07000136,6,0,1,0,2,-1,8,4,0,1,9,0,0,1,0,0,0,2,15
2024320095175,2024,320095175,519351,327223,-0.22997,52.82932,3,3,5,15:35,-1,E07000140,5,0,1,0,2,"[13, -1]",8,4,0,0,0,0,0,1,1,0,0,2,15
2024320095194,2024,320095194,529840,342146,-0.06842,52.96097,3,3,5,13:00,-1,E07000136,5,2,1,0,2,-1,4,8,0,1,9,1,0,0,0,0,0,2,15
2024320096394,2024,320096394,492971,374195,-0.60784,53.25663,2,2,5,10:00,-1,E07000142,6,0,1,0,2,-1,8,4,0,0,0,1,0,0,0,0,1,2,15
2024320097335,2024,320097335,492691,339490,-0.62204,52.9448,3,3,6,14:15,-1,E07000141,3,0,8,0,2,"[-1, 9]","[6, 2]","[2, 7]",0,0,0,1,0,0,0,0,0,2,16
2024320097476,2024,320097476,491057,367893,-0.63832,53.20033,3,3,6,19:10,-1,E07000139,5,2,1,0,2,-1,8,4,0,1,0,1,0,0,0,0,0,2,16
2024320097724,2024,320097724,497530,375091,-0.53925,53.26386,2,"[3, 2]",6,20:43,-1,E07000142,3,2,1,0,2,-1,"[5, 1]","[1, 5]",0,0,0,1,0,0,0,0,0,2,16
2024320098157,2024,320098157,542402,368064,0.12992,53.19061,3,3,7,02:00,-1,E07000137,3,2,1,0,2,-1,8,4,0,1,4,1,0,0,0,0,0,2,17
2024320098394,2024,320098394,523696,322361,-0.16735,52.78466,3,3,4,09:00,-1,E07000140,6,0,1,0,1,9,"[6, 8]","[4, 6]",0,0,0,1,0,0,0,0,0,1,24
2024320098635,2024,320098635,520760,358360,-0.19746,53.10877,3,3,7,11:29,-1,E07000137,5,0,1,1,2,-1,4,8,0,0,0,0,0,1,0,0,0,2,17
2024320098743,2024,320098743,530682,371167,-0.04411,53.22149,2,"[3, 2]",7,11:57,-1,E07000137,5,0,2,1,2,-1,"[8, 2]","[4, 6]",0,"[7, 1]",4,1,0,0,0,0,0,2,17
2024320100767,2024,320100767,500240,363898,-0.50215,53.16278,3,3,1,12:00,-1,E07000139,3,0,1,1,2,"[4, 9, -1]",8,"[4, 6]",0,"[0, 7]",0,1,0,0,0,0,0,2,18
2024320101126,2024,320101126,507434,335890,-0.40391,52.90971,3,3,1,19:30,-1,E07000139,3,2,1,1,2,-1,5,1,0,7,4,1,0,0,0,0,0,2,18
2024320101253,2024,320101253,524217,325018,-0.15862,52.80841,3,3,1,18:50,-1,E07000140,6,2,1,0,1,"[-1, 2]","[2, 0]","[6, 0]","[4, 0]","[0, 1]","[0, 4]",1,0,0,0,0,0,2,18
2024320102544,2024,320102544,492623,339339,-0.62309,52.94346,3,3,2,15:10,-1,E07000141,3,0,1,0,2,"[-1, 7]","[6, 8]",2,0,0,0,1,0,0,0,0,0,2,19
2024320102551,2024,320102551,495425,362331,-0.57461,53.14958,3,3,2,07:25,-1,E07000139,5,0,1,1,2,-1,3,7,0,1,9,1,0,0,0,0,0,2,19
2024320102717,2024,320102717,534743,358929,0.01153,53.11054,3,3,2,15:15,-1,E07000137,3,0,1,1,2,"[9, 13]",6,"[4, 2]",0,"[0, 1]","[0, 9]",1,0,0,1,0,0,2,19
2024320102790,2024,320102790,491543,374906,-0.62903,53.26326,2,2,2,15:50,-1,E07000142,3,0,1,0,2,"[13, -1]",3,7,0,0,0,1,1,0,0,0,0,2,19
2024320102839,2024,320102839,511209,328155,-0.35044,52.83944,3,3,2,11:55,-1,E07000141,4,0,1,0,2,-1,2,6,0,0,0,1,0,0,0,0,0,2,19
2024320103037,2024,320103037,532732,343486,-0.02485,52.9723,3,3,2,19:10,-1,E07000136,6,2,1,0,1,-1,1,5,0,0,0,0,0,1,0,0,1,2,19
2024320103963,2024,320103963,493449,370988,-0.60162,53.22772,3,3,2,18:00,-1,E07000139,3,0,9,1,2,"[3, -1]",2,6,0,0,0,1,0,0,1,0,0,2,19
2024320104675,2024,320104675,524300,310627,-0.16284,52.67909,3,3,3,11:10,-1,E07000140,4,0,1,0,2,"[2, -1]","[0, 6]","[0, 2]","[0, 4]","[1, 0]",0,1,0,0,0,0,0,2,20
2024320104843,2024,320104843,483083,345248,-0.76351,52.99812,2,2,3,14:30,-1,E07000141,3,0,1,0,2,-1,6,2,0,0,0,0,0,1,0,0,0,2,20
2024320104906,2024,320104906,530610,338841,-0.0583,52.93109,2,2,3,13:53,-1,E07000136,4,0,1,0,2,"[9, -1]","[3, 1]","[1, 5]",0,0,0,1,0,0,0,0,0,2,20
2024320104932,2024,320104932,539517,366267,0.08599,53.17523,3,3,3,12:55,-1,E07000137,4,0,1,0,2,-1,8,4,10,0,11,1,0,0,0,0,0,2,20
2024320105208,2024,320105208,493773,321488,-0.61112,52.78284,1,1,3,18:40,-1,E07000141,3,2,1,0,2,2,0,0,0,0,0,1,0,0,0,0,1,2,20
2024320105231,2024,320105231,555488,372205,0.32763,53.22414,3,3,3,18:28,-1,E07000137,6,2,8,1,1,-1,"[8, 6]","[4, 2]",0,0,"[0, 3]",1,0,0,0,0,0,2,20
2024320106704,2024,320106704,538323,369054,0.06934,53.20057,3,3,4,12:30,-1,E07000137,3,0,2,1,2,-1,"[8, 4]","[4, 8]",0,0,0,1,0,0,0,0,0,2,21
2024320106845,2024,320106845,534108,391488,0.01576,53.40318,3,3,4,13:15,-1,E07000137,5,0,2,1,2,"[-1, 9]","[6, 2]","[2, 6]",0,0,0,1,0,0,0,0,0,2,21
2024320106880,2024,320106880,531141,392938,-0.02824,53.41695,3,3,4,12:00,-1,E07000137,3,0,2,1,2,"[7, -1]","[2, 8]",4,0,0,0,1,0,0,1,0,0,2,21
2024320107239,2024,320107239,498006,370152,-0.53363,53.21939,3,3,4,18:50,-1,E07000138,4,2,1,1,2,"[-1, 9]","[4, 2]","[2, 6]",0,0,0,1,0,0,0,0,0,2,21
2024320108664,2024,320108664,544927,375762,0.17118,53.25907,3,3,5,11:23,-1,E07000137,3,0,2,1,2,9,8,6,0,0,0,1,0,0,0,0,1,2,22
2024320108744,2024,320108744,532020,389589,-0.01642,53.38665,3,3,5,12:45,-1,E07000137,3,0,2,1,2,-1,"[8, 4]","[4, 8]",0,"[0, 8]","[0, 4]",1,0,0,1,0,0,2,22
2024320108773,2024,320108773,488878,362850,-0.67233,53.15538,3,3,3,11:00,-1,E07000139,3,0,1,0,2,"[-1, 7]",2,"[6, 4]",0,0,0,1,0,0,0,0,0,11,26
2024320109066,2024,320109066,509558,308546,-0.38149,52.66357,3,3,5,14:45,-1,E07000141,3,0,2,1,2,-1,2,6,0,0,0,1,0,0,0,0,1,2,22
2024320109505,2024,320109505,499812,368607,-0.50708,53.20517,3,3,5,20:00,-1,E07000139,4,2,1,1,2,-1,8,4,0,7,9,1,0,0,0,0,0,2,22
2024320109506,2024,320109506,524592,323785,-0.15353,52.79725,3,3,5,20:45,-1,E07000140,4,2,1,0,1,"[9, -1]","[8, 4]","[6, 8]",0,0,0,1,0,0,0,0,0,2,22
2024320110077,2024,320110077,498690,372831,-0.52257,53.24334,3,3,6,09:00,-1,E07000138,4,0,1,0,1,-1,"[4, 6]","[8, 2]",0,0,0,1,1,0,0,0,0,2,23
2024320110701,2024,320110701,505879,382896,-0.41153,53.33239,3,3,6,07:05,-1,E07000142,3,0,1,1,2,"[4, -1]","[6, 2]","[2, 6]",0,0,0,1,0,0,0,0,0,2,23
2024320111449,2024,320111449,505765,347741,-0.42485,53.01653,2,"[3, 2]",6,17:39,-1,E07000139,3,2,1,0,2,-1,"[5, 1]","[1, 5]",0,"[1, 0]",0,1,0,0,0,0,0,2,23
2024320111901,2024,320111901,490072,334761,-0.66231,52.90275,3,3,6,22:40,-1,E07000141,6,2,1,0,1,-1,7,1,0,0,0,0,0,1,0,0,0,2,23
2024320113289,2024,320113289,532935,385131,-0.00455,53.34637,3,3,7,16:36,-1,E07000137,3,0,1,0,2,-1,"[4, 8]","[8, 4]",0,"[7, 1]",0,1,0,0,0,0,0,2,24
2024320113440,2024,320113440,525092,322932,-0.14645,52.78947,3,3,7,17:45,-1,E07000140,4,2,1,0,1,"[9, -1]",6,2,0,0,0,1,1,0,0,0,0,2,24
2024320113799,2024,320113799,493756,323389,-0.61082,52.79992,2,2,7,21:45,-1,E07000141,3,2,1,0,2,-1,5,1,7,1,9,1,0,0,0,0,0,2,24
2024320114070,2024,320114070,516028,309270,-0.28561,52.66873,3,3,1,07:00,-1,E07000141,4,0,7,2,1,"[-1, 2]","[4, 0]","[8, 0]","[4, 0]",0,0,1,0,0,0,0,0,2,25
2024320114711,2024,320114711,500189,376683,-0.4989,53.27767,3,3,7,20:33,-1,E07000142,3,2,1,0,2,"[3, 4]",6,2,0,0,0,1,0,0,0,0,0,2,24
2024320114769,2024,320114769,546985,321772,0.17745,52.77354,3,3,1,15:05,-1,E07000140,6,0,1,0,2,"[-1, 9]","[6, 8]","[2, 6]",0,0,0,1,0,0,0,0,0,2,25
2024320114822,2024,320114822,493824,366537,-0.59731,53.18766,3,3,1,09:45,-1,E07000139,3,0,1,0,1,"[14, 12]",6,2,0,0,0,1,0,1,0,0,0,2,25
2024320116107,2024,320116107,506060,361611,-0.41589,53.1411,3,3,2,08:05,-1,E07000139,4,0,1,1,2,"[-1, 7]","[4, 6]",8,0,0,0,1,0,0,0,0,0,2,26
2024320116501,2024,320116501,501313,360228,-0.48726,53.1296,3,3,2,10:37,-1,E07000139,4,0,2,1,2,"[4, 10]",2,"[6, 8]",0,0,0,1,0,0,0,0,0,2,26
2024320116911,2024,320116911,498253,343448,-0.53809,52.97938,3,3,2,14:30,-1,E07000141,4,0,1,1,2,"[4, 10]",6,"[2, 4]",0,0,0,1,0,0,0,0,0,2,26
2024320117103,2024,320117103,527361,345952,-0.10381,52.99576,3,3,3,10:19,-1,E07000136,4,0,1,0,2,"[13, 7]","[2, 3]",6,0,0,0,1,0,0,0,0,0,2,20