collision_index,collision_year,collision_ref_no,location_easting_osgr,location_northing_osgr,longitude,latitude,casualty_severity,casualty_severity,day_of_week,time,local_authority_district,local_authority_ons_district,first_road_class,light_conditions,weather_conditions,road_surface_conditions,urban_or_rural_area,vehicle_manoeuvre,vehicle_direction_from,vehicle_direction_to,hit_object_in_carriageway,vehicle_leaving_carriageway,hit_object_off_carriageway,is_car,is_cyle,is_mcyle,is_goodsv,is_other,is_pedestrian,month,day
2024320118649,2024,320118649,508924,395892,-0.36135,53.44854,2,2,3,07:50,-1,E07000142,3,0,9,1,2,-1,"[5, 1]","[1, 5]",0,"[0, 1]",0,1,0,0,0,0,0,2,27
2024320119158,2024,320119158,528357,401947,-0.06643,53.49857,2,2,3,13:45,-1,E07000137,3,0,1,0,2,"[-1, 9]","[5, 3]",1,0,"[1, 0]","[10, 0]",1,0,1,0,0,0,2,27
2024320119276,2024,320119276,540469,371341,0.10245,53.22056,1,"[2, 1]",3,14:54,-1,E07000137,3,0,1,0,2,-1,"[1, 5]","[5, 1]",0,0,0,1,0,0,0,0,0,2,27
2024320119462,2024,320119462,503553,307454,-0.47058,52.65494,3,3,5,18:30,-1,E07000141,3,2,9,1,1,-1,"[4, 6]","[2, 4]",0,0,0,1,0,1,0,0,0,2,22
2024320119814,2024,320119814,555940,372239,0.33441,53.22431,3,3,3,20:29,-1,E07000137,6,2,1,0,1,"[9, -1]","[8, 4]","[5, 8]",0,0,0,1,0,1,0,0,0,2,27
2024320120599,2024,320120599,490894,336246,-0.64968,52.91596,2,2,4,08:45,-1,E07000141,6,0,1,1,1,9,6,4,0,0,0,1,0,0,0,0,1,2,28
2024320120753,2024,320120753,538208,397038,0.07982,53.45198,3,3,4,09:45,-1,E07000137,3,0,1,1,2,9,5,2,0,1,4,1,0,0,0,0,0,2,28
2024320121456,2024,320121456,524375,331398,-0.15385,52.8657,3,3,4,08:20,-1,E07000140,4,0,1,0,2,"[9, -1]","[8, 4]","[4, 1]",0,0,0,1,0,0,0,0,0,2,28
2024320121684,2024,320121684,506550,307223,-0.42637,52.65228,3,3,4,15:30,-1,E07000141,3,0,1,0,2,"[-1, 9]","[3, 6]","[8, 3]",0,0,0,1,0,0,0,0,0,2,28
2024320125834,2024,320125834,489769,334341,-0.66693,52.89903,3,3,6,11:23,-1,E07000141,3,0,2,1,2,"[12, -1]",4,8,0,0,0,1,0,0,1,0,0,3,1
2024320126200,2024,320126200,500776,362126,-0.49469,53.14675,3,3,6,10:30,-1,E07000139,3,0,2,1,2,"[-1, 9]","[4, 7]","[8, 4]",0,0,"[0, 1]",1,0,0,0,0,0,3,1
2024320126274,2024,320126274,503389,307381,-0.47303,52.65431,2,2,6,16:25,-1,E07000141,3,0,1,0,1,9,2,8,0,0,0,1,0,0,0,0,1,3,1
2024320126333,2024,320126333,515713,402280,-0.25682,53.50449,3,3,6,17:16,-1,E07000142,3,0,1,1,2,"[-1, 4]",2,6,0,0,0,1,0,0,0,0,0,3,1
2024320127615,2024,320127615,523858,359978,-0.15059,53.1226,3,3,7,09:54,-1,E07000137,3,0,1,0,2,"[-1, 9]","[6, 7]","[2, 6]",0,0,0,1,0,1,0,0,0,3,2
2024320128626,2024,320128626,508633,400240,-0.36422,53.48767,2,2,1,02:46,-1,E07000142,4,2,1,1,2,-1,2,6,0,7,4,1,0,0,0,0,0,3,3
2024320129213,2024,320129213,554414,371375,0.31116,53.217,2,2,1,10:30,-1,E07000137,3,0,1,0,2,"[9, 13]",7,"[5, 3]",0,"[0, 7]","[0, 11]",1,0,0,0,0,0,3,3
2024320129474,2024,320129474,516945,311553,-0.27125,52.68905,3,3,1,15:15,-1,E07000141,4,0,1,0,2,-1,6,2,0,1,9,1,0,0,0,0,0,3,3
2024320129556,2024,320129556,549923,384137,0.24997,53.33291,2,"[2, 3]",1,07:50,-1,E07000137,6,0,9,1,1,-1,8,4,0,7,3,1,0,0,0,0,0,3,3
2024320130184,2024,320130184,492826,334667,-0.62141,52.90144,3,3,2,07:45,-1,E07000141,3,0,1,2,1,"[3, -1]","[8, 4]","[4, 8]",0,"[1, 0]",0,1,0,0,0,0,0,3,4
2024320130454,2024,320130454,530303,336984,-0.06361,52.91448,1,"[1, 2]",2,06:50,-1,E07000136,3,0,1,0,2,"[13, -1]","[2, 6]","[6, 2]",0,0,0,1,0,0,0,0,0,3,4
2024320130471,2024,320130471,491421,336282,-0.64183,52.91619,2,2,2,08:40,-1,E07000141,3,0,1,0,1,-1,6,2,0,0,0,1,0,0,0,0,1,3,4
2024320130855,2024,320130855,524381,309686,-0.162,52.67062,3,3,2,11:20,-1,E07000140,3,0,1,0,2,"[9, -1]","[2, 8]","[8, 6]",0,0,0,1,0,0,0,0,0,3,4
2024320130881,2024,320130881,524800,309843,-0.15574,52.67193,1,"[3, 1]",1,12:42,-1,E07000140,3,0,1,0,2,"[4, 13, -1]","[2, 6]","[6, 2]",0,"[0, 1, 7]","[0, 9]",1,0,0,1,0,0,3,3
2024320130912,2024,320130912,535674,356741,0.0245,53.09064,3,3,2,09:31,-1,E07000137,5,0,1,0,2,"[4, -1]",6,"[5, 2]",0,7,0,1,0,0,0,0,0,3,4
2024320131405,2024,320131405,503279,347698,-0.46191,53.01663,3,3,2,14:00,-1,E07000139,3,0,1,0,2,"[4, -1]",8,4,0,1,0,1,0,0,0,0,0,3,4
2024320131708,2024,320131708,549550,365797,0.23576,53.16828,3,3,2,15:28,-1,E07000137,3,0,1,0,2,-1,8,6,0,7,9,1,0,0,0,0,0,3,4
2024320132341,2024,320132341,532536,330662,-0.03299,52.85714,3,3,3,05:47,-1,E07000140,4,2,2,1,2,-1,"[2, 6]","[6, 2]",0,0,0,1,0,0,0,0,0,3,5
2024320132724,2024,320132724,505872,348482,-0.42302,53.02317,3,3,3,08:35,-1,E07000139,4,0,1,1,2,-1,6,1,0,1,11,1,0,0,0,0,0,3,5
2024320133534,2024,320133534,483384,345452,-0.75897,52.99991,3,3,3,12:00,-1,E07000141,5,0,1,0,2,"[-1, 4]",8,4,0,0,0,1,0,0,0,0,0,3,5
2024320133712,2024,320133712,530466,343427,-0.05859,52.97233,3,3,3,08:00,-1,E07000136,3,0,1,1,2,-1,"[2, 5]","[7, 2]",0,0,0,1,0,0,0,0,0,3,5
2024320133963,2024,320133963,517254,376334,-0.24322,53.27104,3,3,3,16:40,-1,E07000137,6,0,1,1,2,-1,"[6, 2]","[2, 6]",0,"[0, 7]","[1, 0]",1,0,0,0,0,0,3,5
2024320134021,2024,320134021,530000,343032,-0.06569,52.96889,3,3,3,08:35,-1,E07000136,3,0,2,1,1,"[9, 13]",6,"[5, 2]",0,0,0,1,0,1,0,0,0,3,5
2024320134148,2024,320134148,495793,369196,-0.56705,53.2112,2,2,3,18:55,-1,E07000138,4,2,1,0,1,"[10, -1]",8,"[6, 4]",0,0,0,0,0,1,0,0,0,3,5
2024320134156,2024,320134156,556041,369478,0.33458,53.19948,2,"[3, 2]",3,17:04,-1,E07000137,6,0,1,0,2,"[-1, 9]",3,"[7, 1]",0,7,0,1,0,1,0,0,0,3,5
2024320134252,2024,320134252,553583,362073,0.29426,53.13369,3,3,3,18:04,-1,E07000137,3,2,1,0,2,"[-1, 9]","[6, 2]","[2, 8]",0,0,0,1,0,0,0,0,0,3,5
2024320134903,2024,320134903,498539,373016,-0.52477,53.24503,3,3,4,07:00,-1,E07000138,4,0,1,0,1,-1,"[4, 2]","[8, 6]",0,0,0,1,1,0,0,0,0,3,6
2024320136310,2024,320136310,494308,366761,-0.59,53.18959,3,3,2,08:30,-1,E07000139,6,0,9,1,1,-1,"[4, 6]",8,0,0,0,1,1,0,0,0,0,3,4
2024320136395,2024,320136395,504966,322499,-0.4449,52.78986,3,3,4,17:00,-1,E07000141,3,0,1,0,2,-1,4,8,0,0,0,0,0,1,0,0,0,3,6
2024320136422,2024,320136422,529058,334202,-0.08321,52.88979,3,3,4,13:25,-1,E07000136,3,0,1,0,2,-1,7,4,0,"[0, 1]",0,1,0,0,1,0,0,3,6
2024320136496,2024,320136496,496849,350828,-0.55679,53.04596,3,3,4,16:30,-1,E07000141,3,0,1,0,2,-1,"[4, 8]","[8, 4]",0,0,0,1,0,0,1,0,0,3,6
2024320136603,2024,320136603,518672,355679,-0.22963,53.08515,2,2,4,15:00,-1,E07000139,3,0,1,0,2,-1,"[6, 2]","[2, 6]",0,"[0, 1]","[0, 9]",1,1,0,0,0,0,3,6
2024320136875,2024,320136875,496628,353626,-0.55924,53.07114,3,3,4,22:00,-1,E07000139,3,2,1,0,2,-1,2,6,0,7,1,1,0,0,0,0,0,3,6
2024320138192,2024,320138192,540163,366138,0.09559,53.1739,3,3,2,08:55,-1,E07000137,6,0,9,0,2,-1,3,7,0,0,0,1,1,0,0,0,0,2,5
2024320138817,2024,320138817,496781,371003,-0.55172,53.22726,3,3,4,05:10,-1,E07000138,6,0,9,0,1,-1,8,4,0,0,0,1,0,0,0,0,1,2,28
2024320139875,2024,320139875,531863,332232,-0.04235,52.87141,2,2,2,01:15,-1,E07000136,3,2,1,1,2,"[13, -1]",1,5,"[0, 7]","[1, 0]",0,1,0,0,1,0,0,3,4
2024320141204,2024,320141204,515452,343248,-0.28212,52.97416,2,2,6,18:45,-1,E07000139,6,2,1,0,2,-1,6,2,12,1,9,0,0,1,0,0,0,3,8
2024320141597,2024,320141597,530599,338891,-0.05844,52.93155,3,3,3,09:15,-1,E07000136,4,0,9,1,2,-1,1,5,0,0,0,1,0,0,0,0,0,3,5
2024320142169,2024,320142169,486498,391087,-0.70023,53.40952,2,2,2,05:45,-1,E07000142,3,2,7,2,2,-1,1,5,0,3,0,1,0,0,0,0,0,3,4
2024320142360,2024,320142360,521396,359936,-0.18737,53.12278,3,3,7,10:30,-1,E07000137,4,0,1,0,2,-1,8,2,0,1,9,1,0,0,0,0,0,3,9
2024320142366,2024,320142366,535013,345094,0.00977,52.98618,3,3,4,14:30,-1,E07000136,3,0,1,0,2,"[7, -1]",4,"[5, 8]",0,0,0,1,0,0,0,0,0,2,28
2024320142812,2024,320142812,506259,346829,-0.41779,53.00824,3,3,7,14:59,-1,E07000139,4,0,1,0,1,"[9, -1]","[6, 8]",4,0,0,0,1,0,0,0,0,0,3,9
2024320142922,2024,320142922,497275,370313,-0.54453,53.22097,2,2,7,15:05,-1,E07000138,5,0,1,0,1,"[9, -1]","[4, 2]","[2, 6]",0,0,0,1,0,1,0,0,0,3,9
2024320143083,2024,320143083,542169,366868,0.12591,53.17993,3,3,7,18:10,-1,E07000137,5,2,1,0,2,-1,4,8,0,1,4,1,0,0,0,0,0,3,9
2024320143132,2024,320143132,557082,368757,0.34979,53.1927,3,3,7,17:55,-1,E07000137,5,2,1,0,1,-1,"[3, 7]","[7, 3]",0,0,0,1,0,0,0,0,0,3,9
2024320143476,2024,320143476,492882,319176,-0.62498,52.76221,2,"[3, 2]",7,22:30,-1,E07000141,5,2,2,1,2,-1,4,8,0,1,10,1,0,0,0,0,0,3,9
2024320144136,2024,320144136,532664,312398,-0.03848,52.69302,3,3,1,07:00,-1,E07000140,4,0,7,1,2,-1,2,6,0,1,3,1,0,0,0,0,0,3,10
2024320144618,2024,320144618,544971,367399,0.16804,53.18394,3,3,1,18:20,-1,E07000137,3,2,2,1,2,"[10, -1, 4]","[7, 3]","[3, 7]",0,0,0,1,0,1,0,0,0,3,10
2024320144932,2024,320144932,532706,343725,-0.02514,52.97446,3,3,1,21:25,-1,E07000136,3,2,2,1,1,-1,"[6, 8]","[2, 4]",0,0,0,1,1,0,0,0,0,3,10
2024320146281,2024,320146281,496564,391433,-0.54875,53.41088,2,2,2,12:00,-1,E07000142,3,0,1,1,2,-1,1,5,0,1,0,0,0,0,1,0,0,3,11
2024320146745,2024,320146745,534612,342502,0.00272,52.963,3,3,2,16:36,-1,E07000136,5,0,1,0,1,-1,6,2,0,1,10,1,0,0,0,0,0,3,11
2024320147806,2024,320147806,497417,371386,-0.54208,53.23059,3,3,3,09:15,-1,E07000138,6,0,2,1,1,"[9, -1]",2,6,0,1,"[11, 0]",1,0,0,0,0,0,3,12
2024320147887,2024,320147887,496561,370475,-0.55517,53.22256,3,3,7,13:16,-1,E07000138,4,0,1,0,1,"[12, -1]",6,2,0,0,0,1,0,0,0,0,0,2,10
2024320148593,2024,320148593,527993,342962,-0.09558,52.96875,2,2,3,08:26,-1,E07000136,4,0,2,1,2,-1,8,4,0,1,10,1,0,0,0,0,0,3,12
2024320150008,2024,320150008,497930,342562,-0.54317,52.97148,3,3,4,08:00,-1,E07000139,4,0,8,0,2,"[-1, 7]","[6, 4]","[2, 6]","[11, 0]",0,0,1,0,0,0,1,0,3,13
2024320150083,2024,320150083,497240,370071,-0.54513,53.2188,3,3,3,16:30,-1,E07000138,5,0,2,1,1,-1,2,6,0,0,0,1,0,0,0,0,1,3,12
2024320151243,2024,320151243,521481,383722,-0.17705,53.33647,2,2,4,17:00,-1,E07000137,4,0,1,1,2,-1,"[2, 6]","[6, 2]",0,0,0,1,0,0,0,0,0,3,13
2024320151344,2024,320151344,514687,377009,-0.28145,53.27767,2,2,4,17:23,-1,E07000137,3,0,1,0,2,-1,"[8, 4]","[4, 8]",0,0,0,1,0,0,0,0,0,3,13
2024320151577,2024,320151577,505246,348833,-0.43223,53.02645,2,"[2, 3]",4,19:25,-1,E07000139,3,2,1,0,2,"[2, -1]","[0, 6]","[0, 2]","[0, 4]","[1, 7]",0,1,0,0,0,0,0,3,13
2024320153462,2024,320153462,488942,339903,-0.6777,52.94915,2,2,5,14:50,-1,E07000141,4,0,1,0,2,"[9, -1]","[8, 4]","[6, 8]",0,0,0,1,0,1,0,0,0,3,14
2024320154771,2024,320154771,484020,343389,-0.75003,52.98127,3,3,6,08:59,-1,E07000141,5,0,1,1,2,-1,"[8, 4]","[4, 8]",0,0,"[0, 10]",1,0,0,0,0,0,3,15
2024320155670,2024,320155670,535095,353412,0.01447,53.06089,2,"[2, 3]",6,15:05,-1,E07000137,3,0,1,0,2,"[-1, 9]","[5, 2]","[2, 7]",0,"[0, 1]","[0, 1]",1,0,0,0,0,0,3,15
2024320155943,2024,320155943,514929,353128,-0.28639,53.06305,3,3,6,17:45,-1,E07000139,3,0,1,0,2,-1,"[4, 8]","[2, 4]",0,"[7, 0]",0,1,0,0,0,0,0,3,15
2024320155954,2024,320155954,503729,365857,-0.44935,53.17971,3,3,6,18:55,-1,E07000139,4,2,1,0,2,"[-1, 9]","[4, 6]","[8, 4]",0,0,0,1,0,0,0,0,0,3,15
2024320157510,2024,320157510,552063,381978,0.28104,53.31291,3,3,7,11:24,-1,E07000137,3,0,1,0,1,9,4,2,0,0,0,1,0,0,0,0,1,3,16
2024320158038,2024,320158038,492942,364485,-0.6111,53.16938,3,3,7,19:21,-1,E07000139,5,2,2,1,2,-1,"[6, 2]","[2, 6]",0,0,0,1,0,0,0,0,0,3,16
2024320158903,2024,320158903,489941,336378,-0.66381,52.9173,3,3,2,14:00,-1,E07000141,3,0,9,0,2,-1,"[3, 7]","[7, 3]",0,0,"[0, 2]",0,1,0,0,1,0,3,11
2024320159743,2024,320159743,532045,340926,-0.03611,52.94947,3,3,6,11:20,-1,E07000136,3,0,1,0,1,"[-1, 4]",6,2,0,0,0,1,0,0,0,0,0,3,15
2024320160274,2024,320160274,493774,323522,-0.61052,52.80112,3,3,2,06:43,-1,E07000141,3,0,1,0,2,-1,"[5, 1]","[1, 5]",0,"[4, 1]","[0, 9]",0,0,0,1,0,0,3,18
2024320161166,2024,320161166,492993,369314,-0.60893,53.21276,3,3,2,07:35,-1,E07000138,6,0,8,0,1,-1,8,4,0,"[0, 1]",0,1,1,0,0,0,0,3,18
2024320163788,2024,320163788,518623,335234,-0.23785,52.90146,2,"[2, 3]",3,14:20,-1,E07000140,3,0,1,0,2,-1,7,3,0,7,4,1,0,0,0,0,0,3,19
2024320164391,2024,320164391,492556,371947,-0.61471,53.2365,3,3,3,06:20,-1,E07000139,5,0,1,0,2,"[4, -1]",8,4,0,0,0,1,1,0,0,0,0,3,19
2024320164585,2024,320164585,528389,398147,-0.0675,53.46442,3,3,3,07:00,-1,E07000137,5,0,1,1,2,-1,6,2,0,1,0,0,0,1,0,0,0,3,19
2024320165361,2024,320165361,539715,366169,0.08891,53.1743,3,3,4,08:55,-1,E07000137,3,0,1,1,2,"[-1, 9]","[2, 3]","[6, 2]",0,0,0,1,0,1,0,0,0,3,20
2024320165749,2024,320165749,497387,371499,-0.54249,53.23161,3,3,4,14:00,-1,E07000138,4,0,8,1,1,-1,8,4,0,0,0,1,0,0,0,0,1,3,20
2024320165969,2024,320165969,506283,376459,-0.40762,53.27447,2,2,2,08:41,-1,E07000142,6,0,1,0,2,"[7, 3]","[2, 4]","[4, 8]",0,0,0,0,1,0,1,0,0,3,18
2024320166077,2024,320166077,503267,308087,-0.47461,52.66068,2,2,4,15:10,-1,E07000141,6,0,1,0,1,-1,8,4,0,0,0,1,0,0,0,0,1,3,20
2024320166153,2024,320166153,545530,376033,0.18034,53.26134,3,3,4,16:07,-1,E07000137,3,0,2,1,2,"[4, -1]","[6, 3]","[3, 8]",0,0,0,1,1,0,0,0,0,3,20
2024320166195,2024,320166195,557073,367834,0.3492,53.18442,3,3,4,15:05,-1,E07000137,5,0,1,0,1,"[-1, 8]",2,6,0,0,0,1,0,0,0,0,0,3,20
2024320166255,2024,320166255,508066,344741,-0.39157,52.98911,3,3,3,08:45,-1,E07000139,5,0,1,0,2,-1,"[3, 7]","[7, 3]",0,0,0,1,0,0,0,0,0,3,19
2024320166376,2024,320166376,517836,362166,-0.23972,53.14362,2,2,4,18:45,-1,E07000137,4,2,1,1,2,1,5,2,0,0,0,1,0,0,0,0,1,3,20
2024320167891,2024,320167891,556977,363735,0.34576,53.14763,3,3,5,13:40,-1,E07000137,4,0,1,0,1,-1,"[8, 6]","[6, 2]",0,0,0,1,0,0,0,0,0,3,21
2024320167957,2024,320167957,540398,324679,0.08112,52.8014,3,3,5,12:15,-1,E07000140,3,0,1,0,2,"[-1, 4]",4,8,0,0,0,1,0,0,0,0,0,3,21
2024320168544,2024,320168544,496281,365988,-0.56071,53.18229,3,3,5,16:45,-1,E07000139,6,0,1,0,1,"[9, 3]","[6, 4]","[4, 6]",0,0,0,1,0,0,0,0,0,3,21
2024320168723,2024,320168723,492075,365294,-0.62383,53.1768,3,3,5,17:20,-1,E07000139,3,0,1,0,2,-1,"[2, 1]",6,0,0,0,1,0,0,0,0,0,3,21
2024320169374,2024,320169374,533479,343287,-0.01381,52.97033,3,3,6,05:35,-1,E07000136,5,0,1,0,1,-1,3,7,0,"[0, 1]",0,1,1,0,0,0,0,3,22
2024320169943,2024,320169943,555181,364473,0.31929,53.15478,3,3,5,17:10,-1,E07000137,3,0,1,1,1,"[14, -1]",2,6,0,0,0,1,1,0,0,0,0,3,21
2024320170331,2024,320170331,510716,313225,-0.3628,52.70538,3,3,6,13:27,-1,E07000141,5,0,1,0,2,"[-1, 7]","[5, 6]",1,0,0,0,1,0,0,0,0,0,3,22
2024320170489,2024,320170489,507411,344735,-0.40133,52.98919,3,3,5,18:00,-1,E07000139,5,0,1,0,2,-1,4,8,0,0,0,0,0,1,0,0,0,3,21
2024320170739,2024,320170739,526126,339614,-0.12467,52.93911,3,3,6,15:30,-1,E07000136,4,0,1,0,2,-1,"[1, 7]","[5, 3]",0,"[1, 7]",0,1,0,0,0,0,0,3,22
2024320170793,2024,320170793,502451,362014,-0.46969,53.14543,3,3,6,16:40,-1,E07000139,5,0,1,0,2,-1,"[6, 4]","[2, 8]",0,"[1, 7]",0,1,0,0,0,0,0,3,22
2024320171118,2024,320171118,497377,371261,-0.54271,53.22947,3,3,6,20:40,-1,E07000138,3,2,1,0,1,"[-1, 7]","[7, 2]",3,0,0,0,1,0,1,0,0,0,3,22
2024320171220,2024,320171220,550496,380788,0.25698,53.30266,3,3,6,21:22,-1,E07000137,3,2,1,1,2,-1,2,6,0,7,0,1,0,0,0,0,0,3,22
2024320172387,2024,320172387,525766,350422,-0.12582,53.0363,3,3,7,12:00,-1,E07000137,4,0,1,0,2,"[-1, 9]","[8, 6]",4,0,0,0,1,0,0,0,0,0,3,23
2024320172691,2024,320172691,489694,335532,-0.66772,52.90974,3,3,4,08:45,-1,E07000141,5,0,1,0,1,-1,7,3,0,0,0,1,0,0,0,0,1,3,13
2024320173777,2024,320173777,521175,357690,-0.19152,53.10266,3,3,1,06:35,-1,E07000137,3,0,1,0,2,-1,"[6, 2]","[2, 6]",0,"[0, 1]","[0, 2]",1,0,0,0,0,0,3,24
2024320176966,2024,320176966,493918,352471,-0.60001,53.06124,3,3,3,16:04,-1,E07000139,3,0,1,0,2,"[-1, 9]","[8, 2]","[4, 8]",0,0,0,1,0,0,0,0,0,3,19
2024320177069,2024,320177069,507575,345994,-0.39847,53.00047,2,2,2,23:18,-1,E07000139,6,2,1,0,1,"[-1, 2]","[6, 0]","[2, 0]","[4, 0]",0,0,1,0,0,0,0,0,3,25
2024320177450,2024,320177450,494952,368256,-0.57992,53.20291,2,2,7,15:00,-1,E07000138,4,0,1,0,1,-1,2,6,0,0,0,1,0,0,0,0,1,3,23
2024320178165,2024,320178165,498325,369993,-0.52891,53.2179,3,3,3,13:14,-1,E07000138,4,0,1,0,2,-1,2,6,0,1,0,1,0,0,0,0,0,3,26
2024320178664,2024,320178664,506971,345686,-0.40756,52.99783,2,2,3,12:59,-1,E07000139,5,0,1,0,1,"[5, -1]",8,4,0,"[0, 7]",0,0,1,0,1,0,0,3,26
2024320178669,2024,320178669,510457,377882,-0.34456,53.28641,2,2,3,15:00,-1,E07000142,3,0,1,0,2,-1,2,6,0,0,0,1,0,0,0,0,0,3,26
2024320180333,2024,320180333,493782,322560,-0.61068,52.79247,3,3,4,10:50,-1,E07000141,3,0,1,0,2,"[-1, 13]",5,1,0,0,"[0, 6]",1,0,0,1,0,0,3,27
2024320180983,2024,320180983,556244,363328,0.33461,53.14419,3,3,4,17:37,-1,E07000137,3,0,1,0,1,"[9, -1]","[3, 6]",2,0,0,0,1,1,0,0,0,0,3,27
2024320182590,2024,320182590,514839,393376,-0.27324,53.42468,3,3,5,11:37,-1,E07000142,5,0,1,0,2,-1,"[4, 6]","[8, 2]",0,1,0,1,0,0,0,0,0,3,28
2024320182981,2024,320182981,492337,336087,-0.62827,52.91428,3,3,5,15:50,-1,E07000141,6,0,2,1,1,"[4, -1]",6,2,0,0,0,1,0,0,0,0,0,3,28
2024320183302,2024,320183302,533801,387845,0.0096,53.37053,3,3,5,17:28,-1,E07000137,5,0,1,1,1,"[13, 9]","[2, 6]","[6, 4]",0,0,0,1,0,1,0,0,0,3,28
2024320183932,2024,320183932,486817,332092,-0.7114,52.8793,2,2,6,02:10,-1,E07000141,3,2,1,1,2,-1,7,3,0,1,4,1,0,0,0,0,0,3,29
2024320184436,2024,320184436,500713,393363,-0.48574,53.42745,3,3,6,12:53,-1,E07000142,5,0,1,0,2,-1,8,4,0,7,0,1,0,0,0,0,0,3,29
2024320184555,2024,320184555,515710,312523,-0.28917,52.69803,2,2,6,11:40,-1,E07000141,3,0,1,0,2,-1,2,6,0,1,9,1,0,0,0,0,0,3,29
2024320184671,2024,320184671,555328,370359,0.32434,53.20761,3,3,6,13:15,-1,E07000137,3,0,1,0,2,"[-1, 14, 3]","[4, 8]","[8, 4]",0,0,0,1,0,0,0,0,0,3,29
2024320184788,2024,320184788,505784,347451,-0.42467,53.01392,3,3,6,15:30,-1,E07000139,3,0,1,1,2,"[4, 3]",1,5,0,0,0,1,0,0,0,0,0,3,29
2024320185218,2024,320185218,539132,345947,0.07145,52.99279,3,3,6,23:27,-1,E07000136,3,2,1,0,2,"[13, -1]",3,7,0,"[1, 0]","[9, 0]",1,0,0,1,0,0,3,29
2024320185231,2024,320185231,531842,327479,-0.04458,52.82872,3,3,6,22:13,-1,E07000140,6,2,1,1,2,-1,3,6,0,7,9,1,0,0,0,0,0,3,29
2024320186457,2024,320186457,504502,381176,-0.43276,53.31721,2,2,7,15:25,-1,E07000142,3,0,1,0,2,"[-1, 9]","[6, 2]","[2, 7]",0,0,0,1,0,1,0,0,0,3,30
2024320188135,2024,320188135,513215,378005,-0.30316,53.28693,3,3,6,10:00,-1,E07000137,4,0,1,0,2,9,4,2,0,0,0,1,0,0,0,0,1,3,29
2024320188142,2024,320188142,531104,394999,-0.02794,53.43548,3,3,1,16:55,-1,E07000137,6,0,2,1,2,"[13, -1]",7,3,0,1,"[4, 9]",1,0,0,0,0,0,3,31
2024320188300,2024,320188300,525262,322075,-0.14425,52.78173,2,2,1,20:45,-1,E07000140,5,2,1,0,1,"[13, 2, -1]","[6, 0]","[2, 0]","[4, 0]","[7, 0, 1]","[11, 0]",1,0,0,0,0,0,3,31
2024320188332,2024,320188332,525572,323577,-0.13908,52.79515,3,3,6,15:15,-1,E07000140,3,0,1,0,1,"[9, -1]","[4, 2]",6,0,0,0,1,1,0,0,0,0,3,22
2024320188980,2024,320188980,493400,389661,-0.59686,53.39553,3,3,5,17:50,-1,E07000142,6,0,9,0,2,-1,2,6,0,0,0,0,0,1,0,0,1,3,28
2024320189327,2024,320189327,495383,372785,-0.57212,53.24353,3,3,6,13:00,-1,E07000138,3,0,1,0,2,"[-1, 5]",2,6,0,0,0,1,0,0,0,0,0,3,29
2024320189561,2024,320189561,516995,311793,-0.27042,52.69119,1,1,2,16:00,-1,E07000141,4,0,1,0,2,"[13, 9]",2,"[6, 8]",0,"[0, 1]","[0, 1]",1,0,1,0,0,0,4,1
2024320189701,2024,320189701,498518,372189,-0.52534,53.2376,3,3,5,11:27,-1,E07000138,3,0,9,0,1,-1,2,6,0,0,0,1,1,0,0,0,0,3,28
2024320189979,2024,320189979,491351,335962,-0.64296,52.91333,3,3,2,17:05,-1,E07000141,4,0,1,0,1,"[9, 19]","[7, 4]","[4, 8]",0,0,0,1,0,0,0,0,0,4,1
2024320190711,2024,320190711,490374,337343,-0.65711,52.9259,3,3,4,15:30,-1,E07000141,4,0,9,0,1,-1,8,4,0,0,0,1,0,0,0,0,1,2,28
2024320191573,2024,320191573,493000,370496,-0.60848,53.22338,3,3,3,14:25,-1,E07000139,3,0,1,0,2,"[-1, 4]",6,2,0,0,0,1,0,0,0,0,0,4,2
2024320192356,2024,320192356,537705,325474,0.04154,52.80924,3,3,3,17:30,-1,E07000140,3,0,1,0,2,"[9, -1]","[1, 3]",7,0,"[1, 0]","[2, 0]",1,0,0,1,0,0,4,2
2024320192818,2024,320192818,488547,401054,-0.66662,53.49874,3,3,4,06:45,-1,E07000142,3,0,2,1,2,-1,"[6, 2]","[2, 6]",0,"[1, 0]",0,1,0,0,0,0,0,4,3
2024320193024,2024,320193024,524202,319988,-0.16075,52.76322,3,3,7,23:30,-1,E07000140,4,2,1,0,2,-1,4,1,0,0,0,1,1,0,0,0,0,3,23
2024320194788,2024,320194788,510046,318769,-0.37086,52.75534,3,3,5,05:30,-1,E07000141,3,0,2,1,2,-1,1,7,0,0,0,0,0,1,0,0,0,4,4
2024320195503,2024,320195503,489631,353366,-0.66372,53.07002,3,3,5,09:00,-1,E07000139,3,0,2,1,2,"[13, 9]",7,"[3, 5]",0,0,0,1,0,1,0,0,0,4,4
2024320196132,2024,320196132,524402,322458,-0.15685,52.78537,3,3,5,13:00,-1,E07000140,6,0,1,1,1,-1,8,4,0,7,2,1,0,0,0,0,1,4,4
2024320196204,2024,320196204,514212,310081,-0.31217,52.6764,3,3,2,08:30,-1,E07000141,5,0,1,0,1,"[3, -1]",8,4,0,0,0,1,0,0,0,0,0,3,18
2024320197454,2024,320197454,525347,325092,-0.14184,52.80882,3,3,6,07:45,-1,E07000140,4,0,2,1,1,-1,"[6, 4]",2,"[7, 0]",0,"[0, 11]",1,0,0,0,0,0,4,5
2024320198153,2024,320198153,525099,341613,-0.13917,52.95731,2,2,6,06:45,-1,E07000136,3,0,2,1,2,-1,6,2,0,"[7, 0]",0,1,0,0,0,0,0,4,5
2024320198273,2024,320198273,532073,344056,-0.03442,52.97759,3,3,6,13:10,-1,E07000136,3,0,4,0,1,-1,4,8,0,0,0,1,1,0,0,0,0,4,5