collision_index,collision_year,collision_ref_no,location_easting_osgr,location_northing_osgr,longitude,latitude,casualty_severity,casualty_severity,day_of_week,time,local_authority_district,local_authority_ons_district,first_road_class,light_conditions,weather_conditions,road_surface_conditions,urban_or_rural_area,vehicle_manoeuvre,vehicle_direction_from,vehicle_direction_to,hit_object_in_carriageway,vehicle_leaving_carriageway,hit_object_off_carriageway,is_car,is_cyle,is_mcyle,is_goodsv,is_other,is_pedestrian,month,day
2024320336674,2024,320336674,507609,309065,-0.41012,52.66862,3,3,7,14:30,-1,E07000141,6,0,1,0,2,-1,6,2,0,1,0,1,0,0,0,0,1,6,8
2024320336689,2024,320336689,535517,379489,0.0318,53.29504,3,3,7,14:00,-1,E07000137,3,0,1,0,2,-1,8,4,0,2,0,1,0,0,0,0,0,6,8
2024320336994,2024,320336994,500249,370508,-0.49994,53.22217,3,3,7,17:57,-1,E07000139,3,0,1,0,2,-1,6,2,0,0,"[0, 10]",1,0,0,0,0,0,6,8
2024320337011,2024,320337011,519258,363005,-0.21816,53.15084,2,2,7,11:05,-1,E07000137,4,0,1,0,2,5,4,8,0,0,11,1,0,0,0,0,0,6,8
2024320337172,2024,320337172,528461,380404,-0.07363,53.30501,2,"[2, 3]",7,19:00,-1,E07000137,3,0,1,0,2,-1,"[8, 2]","[4, 6]",0,"[7, 1]","[1, 0]",1,0,0,0,0,0,6,8
2024320338732,2024,320338732,533165,344240,-0.01809,52.97897,2,2,1,13:55,-1,E07000136,3,0,1,0,1,-1,5,1,0,"[0, 2]","[0, 2]",1,0,0,0,0,0,6,9
2024320339195,2024,320339195,493356,324564,-0.61642,52.81055,3,3,2,03:00,-1,E07000141,3,2,2,1,2,-1,4,8,0,1,6,1,0,0,0,0,0,6,10
2024320339748,2024,320339748,534444,347785,0.00242,53.0105,3,3,2,06:25,-1,E07000137,3,2,9,1,2,-1,6,2,0,1,9,1,0,0,0,0,0,6,10
2024320340183,2024,320340183,502781,355280,-0.46691,53.08486,3,3,2,10:20,-1,E07000139,3,0,2,1,2,"[-1, 10]",8,"[4, 6]",0,0,0,1,0,0,1,0,0,6,10
2024320340978,2024,320340978,505784,347454,-0.42466,53.01395,3,3,5,14:57,-1,E07000139,3,0,1,0,2,"[-1, 3]",1,5,0,0,0,1,0,0,0,0,0,6,6
2024320340987,2024,320340987,530608,333477,-0.06048,52.8829,3,3,2,14:40,-1,E07000136,3,0,1,0,2,-1,"[8, 4]","[4, 8]",0,0,0,1,0,0,0,0,0,6,10
2024320341252,2024,320341252,500128,368550,-0.50237,53.2046,3,3,3,22:00,-1,E07000139,3,2,2,1,2,-1,6,2,0,0,0,1,0,0,0,0,0,9,10
2024320342019,2024,320342019,491618,335485,-0.63913,52.90899,3,3,6,16:30,-1,E07000141,4,0,1,0,1,"[7, -1]","[2, 8]",4,0,0,0,1,0,1,0,0,0,6,7
2024320342107,2024,320342107,509320,319124,-0.38149,52.75867,3,3,3,16:00,-1,E07000141,6,0,1,0,2,-1,"[3, 7]","[7, 3]",0,0,0,1,1,0,0,0,0,6,4
2024320343115,2024,320343115,489343,353360,-0.66802,53.07002,3,3,3,09:00,-1,E07000139,3,0,1,0,2,"[6, -1]",3,7,0,0,"[0, 10]",1,0,0,0,0,0,6,11
2024320343605,2024,320343605,494048,330522,-0.60444,52.86397,3,3,3,16:30,-1,E07000141,5,0,1,0,2,"[-1, 9]","[6, 7]","[2, 6]",0,0,0,1,0,0,0,0,0,6,11
2024320344490,2024,320344490,524626,322791,-0.15341,52.78831,3,3,5,18:30,-1,E07000140,6,0,1,0,1,"[3, -1]",1,5,0,0,0,1,0,0,0,0,0,6,6
2024320344558,2024,320344558,538531,366454,0.07133,53.17716,3,3,6,06:55,-1,E07000137,4,0,9,0,2,-1,8,4,0,0,0,1,0,0,0,0,1,6,7
2024320344896,2024,320344896,556631,363294,0.34038,53.14377,3,3,7,16:15,-1,E07000137,6,0,1,0,1,"[1, -1]","[6, 8]","[2, 4]",0,0,0,1,1,0,0,0,0,6,8
2024320345021,2024,320345021,531705,344014,-0.03992,52.9773,3,3,1,15:10,-1,E07000136,3,0,1,0,1,-1,"[6, 5]","[2, 1]",0,0,0,1,1,0,0,0,0,6,9
2024320345091,2024,320345091,499969,375763,-0.50249,53.26945,3,3,4,11:55,-1,E07000142,3,0,1,0,2,"[7, -1]","[3, 6]","[6, 2]",0,"[0, 1]",0,1,0,0,0,0,0,6,12
2024320345597,2024,320345597,533260,388590,0.00179,53.37736,3,3,4,15:15,-1,E07000137,5,0,2,1,1,-1,"[4, 6]","[8, 2]",0,0,0,1,0,0,0,1,0,6,12
2024320345694,2024,320345694,499875,375498,-0.50398,53.26708,3,3,4,10:55,-1,E07000142,3,0,1,0,2,"[-1, 2]","[6, 0, 2]","[2, 0, 6]","[1, 0]",0,0,1,0,0,0,0,0,6,12
2024320345739,2024,320345739,491881,366725,-0.62632,53.18969,3,3,4,16:00,-1,E07000139,3,0,1,1,2,"[4, -1]","[2, 6]","[6, 2]",0,0,0,1,0,0,0,0,0,6,12
2024320346079,2024,320346079,496863,350838,-0.55657,53.04604,3,3,4,16:45,-1,E07000141,5,0,1,0,2,-1,1,5,0,0,0,1,0,0,0,0,0,6,12
2024320346101,2024,320346101,532761,399333,-0.00119,53.47399,2,2,4,22:05,-1,E07000137,3,2,1,0,2,-1,4,8,0,0,10,0,0,1,0,0,0,6,12
2024320348224,2024,320348224,529583,335418,-0.07493,52.90059,2,2,5,14:30,-1,E07000136,3,0,1,0,2,-1,"[6, 2]","[2, 6]",0,"[1, 2]",0,1,0,0,0,0,0,6,13
2024320348252,2024,320348252,509877,320742,-0.3727,52.7731,3,3,5,12:15,-1,E07000141,6,0,1,0,1,"[2, -1]","[0, 5]","[0, 1]","[0, 4]",0,0,1,0,0,0,0,0,6,13
2024320348337,2024,320348337,495021,369500,-0.57852,53.21407,3,3,5,16:35,-1,E07000138,4,0,2,1,1,-1,8,4,0,0,0,1,0,0,0,0,1,6,13
2024320348378,2024,320348378,497179,369660,-0.54617,53.21512,3,3,5,14:55,-1,E07000138,5,0,1,0,1,"[3, -1]",2,6,0,0,0,1,0,0,0,0,0,6,13
2024320348468,2024,320348468,508308,355219,-0.38445,53.08322,3,3,5,16:08,-1,E07000139,5,0,1,0,2,-1,"[8, 6]","[6, 8]","[10, 0]",0,0,0,0,1,1,0,0,6,6
2024320348491,2024,320348491,533696,387766,0.00799,53.36985,3,3,4,07:40,-1,E07000137,5,0,1,0,1,"[9, -1]",6,"[4, 2]",0,0,0,1,0,0,0,0,0,6,12
2024320349501,2024,320349501,555738,363890,0.32733,53.14938,2,2,6,08:38,-1,E07000137,6,0,1,0,1,-1,2,6,0,0,0,1,1,0,0,0,0,6,14
2024320350407,2024,320350407,531604,391540,-0.02186,53.40428,3,3,6,15:30,-1,E07000137,3,0,1,0,2,"[-1, 2]","[1, 0]","[5, 0]","[4, 0]",0,0,1,0,0,0,0,0,6,14
2024320351241,2024,320351241,532640,350391,-0.02338,53.03436,3,3,6,18:30,-1,E07000137,4,0,1,0,2,-1,7,3,0,7,9,1,0,0,0,0,0,6,14
2024320351279,2024,320351279,522796,332943,-0.17671,52.87994,3,3,7,03:50,-1,E07000140,3,2,1,0,2,-1,8,4,0,1,10,1,0,0,0,0,0,6,15
2024320351618,2024,320351618,500030,368472,-0.50386,53.20392,3,3,2,13:00,-1,E07000139,4,0,2,1,2,-1,4,8,0,0,0,0,0,1,0,0,0,6,10
2024320352120,2024,320352120,521860,358207,-0.1811,53.10714,3,3,7,14:30,-1,E07000137,3,0,1,1,2,"[-1, 9]","[4, 2]","[8, 7]",0,"[0, 1]",0,0,0,1,1,0,0,6,15
2024320352187,2024,320352187,534572,350838,0.0056,53.03789,3,3,7,11:40,-1,E07000137,4,0,2,1,2,"[-1, 13]",7,3,0,"[0, 7]","[0, 9]",1,0,0,0,1,0,6,15
2024320352349,2024,320352349,483404,374082,-0.75124,53.2572,3,3,7,15:30,-1,E07000142,3,0,1,1,2,-1,1,5,0,0,0,1,1,0,0,0,0,6,15
2024320352802,2024,320352802,516182,376772,-0.25913,53.27521,3,3,7,23:30,-1,E07000137,3,2,2,1,2,-1,8,4,12,1,0,0,0,1,0,0,0,6,15
2024320352969,2024,320352969,510960,325462,-0.35505,52.81529,3,3,7,21:00,-1,E07000141,6,2,1,1,2,-1,3,7,0,1,9,1,0,0,0,0,0,6,15
2024320354235,2024,320354235,533037,387381,-0.00207,53.36656,3,3,1,20:20,-1,E07000137,6,0,1,0,1,9,7,5,0,0,0,1,0,0,0,0,1,6,16
2024320354968,2024,320354968,508792,316654,-0.39013,52.73658,3,3,5,15:30,-1,E07000141,5,0,1,0,2,"[-1, 1]","[4, 6]","[8, 2]",0,0,0,1,0,0,0,0,0,6,13
2024320355543,2024,320355543,509799,393347,-0.34906,53.4255,3,3,2,12:20,-1,E07000142,3,0,1,0,2,-1,1,5,0,1,0,1,0,0,0,0,0,6,17
2024320355576,2024,320355576,491182,336252,-0.6454,52.91596,3,3,2,15:25,-1,E07000141,4,0,9,0,1,-1,"[4, 6]","[8, 2]",0,0,0,1,1,0,0,0,0,6,10
2024320356252,2024,320356252,519891,385493,-0.20024,53.35274,2,2,2,08:45,-1,E07000137,3,0,1,1,2,-1,"[2, 6]","[6, 2]",0,1,0,1,0,0,1,0,0,6,17
2024320356288,2024,320356288,523024,386655,-0.15275,53.36246,3,3,2,13:30,-1,E07000137,3,0,1,0,2,-1,3,7,0,7,0,1,0,0,0,0,0,6,17
2024320356383,2024,320356383,493889,352488,-0.60044,53.0614,3,3,2,17:00,-1,E07000139,3,0,1,0,2,-1,8,4,0,1,1,1,0,0,0,0,0,6,17
2024320356730,2024,320356730,498539,366928,-0.52665,53.19032,3,3,2,20:25,-1,E07000139,3,0,1,0,2,4,4,8,0,0,0,0,0,1,0,0,0,6,17
2024320357007,2024,320357007,497927,370106,-0.53483,53.21899,3,3,2,18:50,-1,E07000138,3,0,1,0,1,7,2,6,0,0,0,0,0,1,0,0,0,6,17
2024320358393,2024,320358393,494086,370376,-0.59226,53.22211,3,3,7,14:43,-1,E07000138,4,0,1,1,1,-1,"[4, 6]","[8, 2]",0,0,0,1,0,0,0,1,0,6,15
2024320358471,2024,320358471,544356,370163,0.1601,53.20893,3,3,3,13:00,-1,E07000137,3,0,1,0,2,"[-1, 13]","[4, 8]","[8, 4]",0,0,0,1,0,0,1,0,0,6,18
2024320358715,2024,320358715,521315,326194,-0.20121,52.81964,2,2,3,14:00,-1,E07000140,4,0,1,0,2,-1,"[4, 8]","[8, 4]",0,0,0,1,0,0,0,0,0,6,18
2024320359344,2024,320359344,546263,381027,0.19362,53.306,3,3,3,23:19,-1,E07000137,3,2,1,0,2,-1,2,6,0,1,10,1,0,0,0,0,0,6,18
2024320360857,2024,320360857,534467,343282,0.00089,52.97004,3,3,4,08:53,-1,E07000136,6,0,1,0,1,-1,"[3, 7]","[7, 5]",0,"[0, 7]",0,1,0,0,0,0,1,6,19
2024320361187,2024,320361187,556106,363524,0.33265,53.14599,3,3,4,15:00,-1,E07000137,3,0,1,0,1,"[-1, 2]","[4, 0]","[8, 0]","[4, 0]",0,0,1,0,0,0,0,0,6,19
2024320361237,2024,320361237,497677,362216,-0.54098,53.14814,3,3,4,15:55,-1,E07000139,3,0,1,0,2,-1,"[5, 3]","[1, 7]",0,0,0,1,0,0,0,0,0,6,19
2024320361565,2024,320361565,531134,401524,-0.02477,53.49408,3,3,4,18:00,-1,E07000137,6,0,1,0,2,"[9, -1]","[3, 6]",8,0,"[1, 0]","[11, 0]",1,0,0,0,0,0,6,19
2024320362779,2024,320362779,533227,344150,-0.01721,52.97815,2,2,5,10:25,-1,E07000136,6,0,1,0,1,9,5,3,0,0,0,1,0,0,0,0,1,6,20
2024320363130,2024,320363130,493909,319011,-0.60981,52.76055,3,3,5,07:42,-1,E07000141,3,0,1,0,2,-1,8,4,0,"[0, 1]","[0, 9]",1,0,0,0,0,0,6,20
2024320363376,2024,320363376,550583,385138,0.26035,53.34171,2,2,5,14:00,-1,E07000137,6,0,1,0,1,1,5,1,0,0,0,1,0,0,0,0,1,6,20
2024320363489,2024,320363489,518964,388338,-0.21309,53.37851,3,3,5,13:02,-1,E07000142,4,0,1,0,2,4,4,8,0,0,0,0,0,1,0,0,0,6,20
2024320363656,2024,320363656,500807,375648,-0.48996,53.26825,2,2,5,08:20,-1,E07000142,6,0,1,0,2,-1,4,8,0,0,0,1,0,0,0,0,1,6,20
2024320363666,2024,320363666,544300,375283,0.16157,53.25494,2,2,5,15:28,-1,E07000137,3,0,1,0,2,"[-1, 4, 7]",6,"[2, 8]",0,0,0,1,0,0,0,0,0,6,20
2024320363831,2024,320363831,506754,357996,-0.40672,53.10848,2,"[2, 3]",5,11:00,-1,E07000139,4,0,1,0,2,-1,3,7,0,0,0,0,0,1,0,0,0,6,20
2024320363940,2024,320363940,493777,321740,-0.61098,52.7851,3,3,5,19:30,-1,E07000141,3,0,1,0,2,-1,5,1,0,1,0,1,0,0,0,0,0,6,20
2024320364329,2024,320364329,502141,347817,-0.47883,53.01792,1,"[1, 3, 2]",5,21:41,-1,E07000139,3,2,1,0,2,"[-1, 3]",8,4,0,0,0,1,0,0,0,0,0,6,20
2024320365084,2024,320365084,481403,390529,-0.777,53.40531,3,3,6,07:54,-1,E07000142,3,0,1,0,1,"[9, -1]","[7, 6]","[5, 2]",0,0,0,1,0,0,0,0,0,6,21
2024320365656,2024,320365656,496868,370929,-0.55044,53.22658,3,3,6,12:30,-1,E07000138,4,0,1,0,1,-1,"[6, 2]",8,0,0,0,1,0,0,1,0,0,6,21
2024320366105,2024,320366105,538179,345673,0.05715,52.99058,2,2,6,15:15,-1,E07000136,3,0,1,0,2,"[-1, 3]",6,2,0,0,0,1,0,1,0,0,0,6,21
2024320366189,2024,320366189,555503,363611,0.32368,53.14695,3,3,6,16:30,-1,E07000137,6,0,1,0,1,"[-1, 3]",2,6,0,0,0,1,0,0,0,0,0,6,21
2024320366537,2024,320366537,493305,325311,-0.61696,52.81727,3,3,6,20:50,-1,E07000141,4,0,1,0,2,-1,"[6, 2]","[2, 6]",0,"[7, 0]",0,1,0,0,1,0,0,6,21
2024320366636,2024,320366636,556634,364206,0.34087,53.15196,2,2,6,21:40,-1,E07000137,3,2,1,0,1,-1,6,2,0,0,0,0,0,0,0,1,0,6,21
2024320366764,2024,320366764,510205,317586,-0.3689,52.74467,3,3,6,18:15,-1,E07000141,3,0,1,0,2,"[-1, 3, 10]",1,"[5, 6]",0,0,0,1,0,0,0,0,0,6,21
2024320367388,2024,320367388,507740,354403,-0.3932,53.076,3,3,7,11:10,-1,E07000139,4,0,1,0,2,-1,6,1,0,0,0,1,0,0,0,0,0,6,22
2024320367739,2024,320367739,483756,334331,-0.7563,52.8999,2,2,7,12:40,-1,E07000141,5,0,8,0,2,-1,"[7, 2]","[3, 6]",0,0,0,1,0,0,0,0,0,6,22
2024320367845,2024,320367845,518101,407267,-0.21895,53.54876,3,3,5,21:40,-1,E07000142,3,2,9,0,2,-1,6,2,0,7,0,0,0,1,0,0,0,6,20
2024320367951,2024,320367951,505548,363069,-0.42306,53.15431,3,3,7,16:20,-1,E07000139,4,0,1,0,2,-1,8,4,0,7,0,1,0,0,0,0,0,6,22
2024320368040,2024,320368040,493584,370826,-0.59964,53.22624,3,3,7,12:10,-1,E07000138,4,0,1,0,1,"[9, -1]","[4, 8]","[2, 4]",0,"[0, 1]",0,1,0,1,0,0,0,6,22
2024320368401,2024,320368401,547421,320985,0.18355,52.76635,3,3,7,18:46,-1,E07000140,3,0,1,0,2,"[-1, 3]","[4, 8]","[8, 4]",0,"[0, 1]","[0, 4]",1,0,1,0,0,0,6,22
2024320369542,2024,320369542,526119,379947,-0.10893,53.30147,2,"[3, 2]",1,11:00,-1,E07000137,5,0,1,0,2,"[13, 9]",8,"[4, 6]",0,0,0,1,0,1,0,0,0,6,23
2024320369775,2024,320369775,489696,334447,-0.66799,52.89999,1,1,1,13:20,-1,E07000141,3,0,1,0,2,13,8,4,0,0,6,0,0,1,0,0,0,6,23
2024320369840,2024,320369840,495583,369257,-0.57018,53.21179,2,2,1,13:19,-1,E07000138,4,0,1,0,1,-1,"[8, 6]","[4, 2]",0,0,0,1,1,0,0,0,0,6,23
2024320369973,2024,320369973,536325,324786,0.02079,52.80341,3,3,1,15:50,-1,E07000140,4,0,1,0,2,"[-1, 9]","[7, 1]","[3, 7]",0,0,0,1,0,0,0,0,0,6,23
2024320370052,2024,320370052,525762,350423,-0.12588,53.03631,2,"[3, 2]",4,18:10,-1,E07000137,4,-1,1,-1,2,"[-1, 9]","[1, 7]",5,0,"[1, 0]",0,1,0,0,0,0,0,6,26
2024320370368,2024,320370368,497989,367564,-0.53468,53.19614,2,2,1,20:29,-1,E07000139,3,0,1,0,2,-1,6,2,11,0,0,1,0,0,0,0,0,6,23
2024320371514,2024,320371514,493718,323915,-0.61124,52.80466,1,1,2,10:35,-1,E07000141,3,0,1,0,2,-1,8,4,10,0,10,0,0,1,0,0,0,6,24
2024320372237,2024,320372237,532496,325291,-0.03576,52.8089,3,3,2,08:05,-1,E07000140,5,0,1,0,2,-1,3,7,0,1,9,1,0,0,0,0,0,6,24
2024320373203,2024,320373203,495299,372859,-0.57335,53.24421,3,3,3,08:00,-1,E07000138,3,0,1,0,2,4,8,4,0,0,0,1,0,0,1,0,0,6,25
2024320377026,2024,320377026,525110,327949,-0.14426,52.83454,3,3,4,13:47,-1,E07000140,4,0,1,0,2,-1,"[2, 6]","[6, 2]",0,"[0, 7]",0,1,0,0,1,0,0,6,26
2024320377211,2024,320377211,533318,387757,0.00231,53.36987,3,3,4,16:59,-1,E07000137,5,0,1,0,1,-1,"[8, 4]","[6, 8]",0,0,0,1,1,0,0,0,0,6,26
2024320377311,2024,320377311,518376,384420,-0.22339,53.34344,3,3,4,16:30,-1,E07000137,3,0,1,0,2,-1,"[2, 4]","[4, 2]",0,1,0,1,0,0,0,0,0,6,26
2024320377522,2024,320377522,543744,380435,0.15557,53.30137,3,3,6,17:10,-1,E07000137,4,0,1,0,2,-1,"[6, 4]",2,0,0,0,1,0,0,0,0,0,6,21
2024320377792,2024,320377792,484612,343038,-0.74131,52.97802,2,2,4,23:49,-1,E07000141,3,2,1,0,2,"[2, -1]","[0, 4]","[0, 8]","[0, 4]",0,0,1,0,0,1,0,0,6,26
2024320378212,2024,320378212,510133,399317,-0.34195,53.47906,3,3,4,16:59,-1,E07000142,3,0,1,0,2,4,6,2,0,0,0,1,0,0,0,0,0,6,26
2024320378862,2024,320378862,509441,308451,-0.38325,52.66274,3,3,5,11:03,-1,E07000141,3,0,1,0,2,-1,"[6, 2]","[2, 6]",0,0,0,0,0,0,1,1,0,6,27
2024320379070,2024,320379070,491098,336198,-0.64666,52.91549,3,3,4,10:20,-1,E07000141,3,0,1,0,1,"[-1, 11]",6,2,0,0,0,1,0,0,0,0,0,6,19
2024320379137,2024,320379137,497861,370580,-0.53567,53.22326,3,3,4,19:05,-1,E07000138,6,0,1,0,1,"[4, 7]",6,"[2, 8]",0,0,0,1,0,1,0,0,0,6,26
2024320379246,2024,320379246,503398,307859,-0.47275,52.65861,3,3,5,12:15,-1,E07000141,6,0,1,0,1,7,2,4,0,0,0,1,0,0,0,0,1,6,27
2024320379590,2024,320379590,481283,391391,-0.77859,53.41308,3,3,4,16:00,-1,E07000142,3,-1,2,-1,1,"[4, 7]","[7, 1]","[3, 7]",0,0,0,1,0,0,0,0,0,6,26
2024320379652,2024,320379652,533884,344441,-0.00731,52.9806,3,3,5,14:30,-1,E07000136,6,0,1,0,1,"[2, 19, -1]","[0, 8, 4]","[0, 4, 8]","[0, 4]",0,0,1,0,0,0,1,0,6,27
2024320379677,2024,320379677,546576,353459,0.18568,53.05829,3,3,4,17:00,-1,E07000137,3,0,1,0,2,"[15, 9]",2,"[6, 8]",0,"[1, 0]",0,1,0,0,0,0,0,6,26
2024320379953,2024,320379953,486799,398921,-0.69355,53.47987,2,2,5,17:49,-1,E07000142,3,0,1,0,2,"[19, 9]","[6, 3]","[2, 1]",0,"[0, 7]","[0, 1]",0,0,1,0,1,0,6,27
2024320380133,2024,320380133,528854,397885,-0.06061,53.46196,3,3,5,22:30,-1,E07000137,3,2,1,0,2,19,1,5,0,1,0,0,0,1,0,0,0,6,27
2024320380471,2024,320380471,528033,332091,-0.09927,52.87107,3,3,6,04:50,-1,E07000136,3,0,1,0,2,19,1,5,0,"[7, 1]",0,1,0,0,0,0,0,6,28
2024320381540,2024,320381540,556979,363728,0.34579,53.14757,3,3,6,11:00,-1,E07000137,4,0,1,0,1,"[4, 19]","[7, 3]","[3, 7]",0,0,0,1,0,0,0,0,0,6,28
2024320381855,2024,320381855,541511,366630,0.11596,53.17796,2,2,6,07:00,-1,E07000137,5,0,1,0,2,19,2,6,0,1,0,1,0,0,0,0,0,6,28
2024320381942,2024,320381942,510200,317604,-0.36897,52.74484,2,"[3, 2]",6,15:50,-1,E07000141,3,0,1,0,2,"[19, -1]","[1, 3]","[5, 7]",0,"[1, 0]","[1, 0]",1,1,0,0,0,0,6,28
2024320382602,2024,320382602,549867,367449,0.24128,53.18303,3,3,6,22:30,-1,E07000137,5,2,1,0,2,19,2,7,0,7,1,1,0,0,0,0,0,6,28
2024320383519,2024,320383519,498935,373473,-0.5187,53.24906,3,3,7,13:39,-1,E07000138,5,0,1,0,1,"[19, 9]","[6, 8]","[4, 6]",0,0,0,1,0,0,0,0,0,6,29
2024320383719,2024,320383719,485807,342410,-0.72368,52.97219,1,"[1, 3]",7,12:55,-1,E07000141,3,0,1,0,2,"[2, 19]","[0, 4]","[0, 8]","[0, 4]",0,0,1,0,0,0,0,0,6,29
2024320383773,2024,320383773,551927,382417,0.27921,53.31689,3,3,3,00:01,-1,E07000137,6,2,1,0,1,19,5,1,0,0,0,0,0,0,0,1,0,6,25
2024320383847,2024,320383847,550110,367432,0.2449,53.18281,3,3,7,14:25,-1,E07000137,5,0,1,0,2,"[-1, 13]","[3, 7]","[7, 3]",0,"[1, 0]",0,1,0,0,0,0,0,6,29
2024320383942,2024,320383942,556351,363302,0.3362,53.14392,3,3,7,16:20,-1,E07000137,3,0,1,0,1,-1,3,5,0,0,0,1,0,0,0,0,1,6,29
2024320384115,2024,320384115,533224,387102,0.00062,53.36401,3,3,7,17:30,-1,E07000137,5,0,1,0,1,-1,1,5,0,0,0,1,0,0,0,0,1,6,29
2024320384687,2024,320384687,498256,371924,-0.52935,53.23527,3,3,4,23:12,-1,E07000138,3,2,1,0,1,"[9, -1]","[1, 5]","[7, 1]",0,0,0,1,0,0,0,0,0,5,29
2024320384943,2024,320384943,491320,336037,-0.6434,52.91401,3,3,1,04:07,-1,E07000141,4,0,1,1,1,-1,1,5,0,0,0,1,0,0,0,0,1,6,30
2024320385340,2024,320385340,524094,321825,-0.16166,52.77975,3,3,1,18:40,-1,E07000140,6,0,1,0,1,"[14, -1]","[1, 3]","[5, 7]",0,0,0,1,1,0,0,0,0,6,23
2024320385803,2024,320385803,496649,390048,-0.5479,53.39842,3,3,1,14:00,-1,E07000142,3,0,1,0,2,"[-1, 9]","[1, 7, 5]","[5, 1]",0,0,0,1,0,0,0,0,0,6,30
2024320385926,2024,320385926,493595,324137,-0.613,52.80667,3,3,1,12:41,-1,E07000141,3,0,1,0,2,"[-1, 4]",5,1,0,0,0,1,0,0,0,0,0,6,30
2024320385980,2024,320385980,493718,323843,-0.61126,52.80401,2,2,1,10:47,-1,E07000141,3,0,1,0,2,"[5, -1]",5,1,0,0,0,0,0,1,1,0,0,6,30
2024320386289,2024,320386289,507846,345819,-0.39449,52.99885,3,3,6,08:25,-1,E07000139,5,0,1,0,1,-1,"[7, 3]","[3, 7]",0,0,0,1,1,0,0,0,0,6,28
2024320387392,2024,320387392,523964,323608,-0.16291,52.7958,3,3,2,08:00,-1,E07000140,6,0,1,0,1,-1,2,6,0,0,0,1,1,0,0,0,0,7,1
2024320387545,2024,320387545,500986,354673,-0.49389,53.07974,3,3,2,11:49,-1,E07000139,5,0,1,0,2,-1,4,8,12,1,4,1,0,0,0,0,0,7,1
2024320387691,2024,320387691,535445,345042,0.01618,52.9856,2,2,2,10:30,-1,E07000136,3,0,1,0,2,-1,"[4, 8]","[8, 4]",0,"[0, 1]",0,1,0,0,0,0,0,7,1
2024320389200,2024,320389200,498038,380922,-0.52984,53.31616,2,2,3,06:25,-1,E07000142,3,0,1,1,2,"[-1, 13]","[2, 6]","[6, 2]","[0, 1]","[1, 7, 0]","[0, 4, 9]",1,0,0,0,0,0,7,2
2024320389267,2024,320389267,496866,350823,-0.55653,53.04591,3,3,3,07:50,-1,E07000141,3,0,1,1,2,"[7, -1]",8,4,0,0,0,1,0,0,0,0,0,7,2
2024320389948,2024,320389948,538729,323926,0.05606,52.79507,3,3,3,08:30,-1,E07000140,6,0,2,1,2,-1,4,8,0,1,4,1,0,0,0,0,0,7,2
2024320390239,2024,320390239,528277,361199,-0.0841,53.13252,3,3,2,11:30,-1,E07000137,6,0,1,0,2,-1,1,5,11,1,4,1,0,0,0,0,0,7,1
2024320390827,2024,320390827,491699,334877,-0.6381,52.90352,3,3,3,16:35,-1,E07000141,3,0,1,0,2,"[3, -1]","[2, 6]","[6, 2]",0,"[0, 1]",0,1,0,0,0,0,0,7,2
2024320390828,2024,320390828,501162,307878,-0.50579,52.6592,3,3,3,14:50,-1,E07000141,4,0,1,0,1,"[-1, 7]","[8, 2]",4,0,0,0,1,0,0,0,0,0,7,2
2024320391037,2024,320391037,550219,362768,0.24434,53.14089,3,3,3,16:45,-1,E07000137,5,0,1,0,2,"[9, -1]","[4, 8]","[8, 4]",0,"[0, 1]","[0, 3]",1,0,0,0,0,0,7,2
2024320391305,2024,320391305,493455,365489,-0.60313,53.17831,2,2,3,17:45,-1,E07000139,6,0,1,0,2,-1,1,5,0,0,0,1,0,0,0,0,1,7,2
2024320391698,2024,320391698,488076,395817,-0.67518,53.45176,3,3,4,07:30,-1,E07000142,4,0,2,1,2,-1,5,2,0,1,4,1,0,0,0,0,0,7,3
2024320392593,2024,320392593,493049,325011,-0.62085,52.81462,3,3,4,10:20,-1,E07000141,3,0,1,0,2,"[4, -1, 12]",8,4,0,0,0,1,0,0,0,0,0,7,3
2024320392842,2024,320392842,545201,375765,0.17529,53.25902,2,2,4,13:20,-1,E07000137,4,0,1,0,2,-1,8,4,0,0,0,0,1,0,0,0,0,7,3
2024320392900,2024,320392900,532360,342545,-0.03077,52.96394,3,3,4,12:00,-1,E07000136,4,0,1,0,1,"[-1, 10]","[2, 6]","[6, 8, 2]",0,0,0,1,0,0,0,0,0,7,3
2024320393007,2024,320393007,510968,309325,-0.36038,52.67028,3,3,3,08:45,-1,E07000141,3,0,1,1,2,"[9, -1]","[6, 2]","[5, 6]",0,0,0,1,0,0,0,0,0,7,2
2024320393167,2024,320393167,524762,322577,-0.15147,52.78636,3,3,4,15:00,-1,E07000140,6,0,1,0,1,-1,"[2, 4]","[6, 8]",0,0,0,1,1,0,0,0,0,7,3
2024320393306,2024,320393306,482569,390015,-0.7596,53.40051,3,3,2,19:00,-1,E07000142,6,0,1,0,1,5,5,1,0,0,0,1,0,0,0,0,1,7,1
2024320393585,2024,320393585,499512,372690,-0.5103,53.24192,3,3,4,17:00,-1,E07000138,4,-1,1,-1,1,"[-1, 9]","[8, 6]",4,0,0,0,1,0,0,0,0,0,7,3
2024320393696,2024,320393696,491358,376011,-0.63149,53.27323,3,3,4,16:00,-1,E07000142,6,0,1,0,2,-1,8,4,0,7,4,1,0,0,0,0,0,7,3
2024320395863,2024,320395863,511084,313891,-0.35713,52.71129,3,3,5,09:00,-1,E07000141,3,0,1,0,2,"[-1, 9, 10]","[8, 4, 6]","[4, 2]",0,0,0,1,0,0,0,0,0,7,4
2024320396860,2024,320396860,532349,343730,-0.03045,52.97459,1,1,4,11:50,-1,E07000136,6,0,1,0,1,19,2,6,0,1,0,0,0,0,0,1,0,6,26