collision_index,collision_year,collision_ref_no,location_easting_osgr,location_northing_osgr,longitude,latitude,casualty_severity,casualty_severity,day_of_week,time,local_authority_district,local_authority_ons_district,first_road_class,light_conditions,weather_conditions,road_surface_conditions,urban_or_rural_area,vehicle_manoeuvre,vehicle_direction_from,vehicle_direction_to,hit_object_in_carriageway,vehicle_leaving_carriageway,hit_object_off_carriageway,is_car,is_cyle,is_mcyle,is_goodsv,is_other,is_pedestrian,month,day
2024320397498,2024,320397498,524479,356246,-0.14276,53.08892,3,3,6,08:30,-1,E07000137,4,0,1,0,2,"[10, -1]",1,"[7, 5]",0,"[7, 0]",0,1,0,0,0,0,0,7,5
2024320398368,2024,320398368,530954,337974,-0.05353,52.92322,2,2,6,15:15,-1,E07000136,6,0,1,0,2,-1,6,2,0,0,0,0,0,1,0,0,0,7,5
2024320399861,2024,320399861,533148,400764,0.00525,53.48675,3,3,7,00:30,-1,E07000137,6,2,9,1,2,-1,4,8,0,0,10,1,0,0,0,0,0,7,6
2024320400108,2024,320400108,550229,384973,0.25496,53.34033,3,3,5,12:00,-1,E07000137,6,0,9,0,1,"[2, -1]","[0, 8]","[0, 4]",0,0,0,1,0,0,0,0,0,7,4
2024320400684,2024,320400684,498934,372445,-0.51903,53.23982,3,3,7,18:08,-1,E07000138,3,0,1,0,1,"[-1, 9]","[6, 2]","[2, 8]",0,0,0,1,0,1,0,0,0,7,6
2024320401144,2024,320401144,555082,364446,0.31779,53.15457,3,3,7,19:40,-1,E07000137,3,0,1,0,1,"[11, -1]",2,6,0,1,"[0, 4]",1,0,0,0,0,0,7,6
2024320401261,2024,320401261,540655,367950,0.10375,53.19005,3,3,7,13:50,-1,E07000137,3,0,1,1,2,"[4, -1, 9]",2,"[6, 8]",0,0,0,1,0,0,0,0,0,7,6
2024320401467,2024,320401467,529582,340167,-0.07305,52.94326,3,3,1,09:55,-1,E07000136,4,0,1,0,2,-1,3,7,0,1,3,0,0,1,0,0,0,7,7
2024320402117,2024,320402117,556532,368780,0.34158,53.19307,2,2,1,12:15,-1,E07000137,6,0,1,0,1,"[15, 3]","[7, 1]",5,0,"[1, 0]",0,0,0,1,0,1,0,7,7
2024320402170,2024,320402170,491859,336665,-0.63521,52.91956,3,3,1,09:50,-1,E07000141,5,0,1,0,1,-1,"[2, 6]","[6, 2]",0,"[1, 0]","[5, 0]",1,0,0,0,0,0,7,7
2024320402243,2024,320402243,505419,382064,-0.41871,53.32501,3,3,1,16:25,-1,E07000142,3,0,1,0,2,-1,6,2,0,1,0,1,0,0,0,0,0,7,7
2024320402522,2024,320402522,485475,376630,-0.71952,53.27977,3,3,1,20:00,-1,E07000142,3,0,1,0,2,-1,8,4,0,1,4,1,0,0,0,0,0,7,7
2024320402697,2024,320402697,498913,348467,-0.52673,53.02436,2,2,2,00:27,-1,E07000141,4,2,1,0,2,-1,5,1,12,1,4,1,0,0,0,0,0,7,8
2024320403727,2024,320403727,532478,342965,-0.02884,52.96769,3,3,2,11:42,-1,E07000136,6,0,1,0,1,-1,"[4, 5]","[8, 1]",0,"[0, 1]","[0, 10]",1,1,0,0,0,0,7,8
2024320403803,2024,320403803,499548,372586,-0.50979,53.24098,3,3,2,11:40,-1,E07000138,3,0,1,0,1,9,"[8, 6]","[6, 4]",0,0,0,1,0,0,0,0,0,7,8
2024320404232,2024,320404232,497929,366649,-0.53586,53.18793,3,3,2,14:30,-1,E07000139,3,0,1,0,2,"[9, -1]","[5, 1]","[2, 5]",0,0,0,1,0,0,0,0,0,7,8
2024320406328,2024,320406328,532856,342652,-0.02334,52.96478,3,3,5,09:00,-1,E07000136,5,0,9,0,1,"[7, -1]",6,"[8, 2]",0,0,0,1,0,0,0,0,0,6,27
2024320407014,2024,320407014,533301,387525,0.00195,53.36779,3,3,6,08:55,-1,E07000137,5,0,1,0,1,"[8, 9]","[2, 4]","[4, 2]",0,0,0,1,1,0,0,0,0,7,5
2024320407117,2024,320407117,481527,390523,-0.77514,53.40524,3,3,7,13:36,-1,E07000142,6,0,9,1,1,-1,8,4,0,0,0,1,0,0,0,0,1,7,6
2024320407660,2024,320407660,526013,369528,-0.11464,53.20789,3,3,3,18:35,-1,E07000137,3,0,8,0,2,-1,2,6,0,0,0,1,0,0,0,0,0,7,9
2024320407683,2024,320407683,544563,388562,0.17156,53.37414,3,3,4,00:45,-1,E07000137,5,2,2,1,2,-1,8,4,0,7,11,1,0,0,0,0,0,7,10
2024320409057,2024,320409057,494916,382807,-0.57612,53.33367,3,3,4,08:45,-1,E07000142,5,0,1,0,2,-1,"[5, 7]","[1, 3]",0,"[0, 1]","[0, 10]",1,0,0,0,0,0,7,10
2024320409120,2024,320409120,493137,366039,-0.60773,53.18331,3,3,6,09:13,-1,E07000139,3,0,1,0,1,"[-1, 3]",6,2,0,"[1, 0]",0,1,0,0,0,0,0,7,5
2024320409163,2024,320409163,531799,343709,-0.03864,52.97454,3,3,6,15:10,-1,E07000136,6,0,1,0,1,-1,"[2, 4]","[6, 8]",0,0,0,1,1,0,0,0,0,7,5
2024320409419,2024,320409419,485310,337708,-0.73232,52.93001,3,3,4,17:32,-1,E07000141,3,0,1,0,2,"[7, -1]","[2, 8]",4,0,0,0,1,0,0,0,0,0,7,10
2024320409446,2024,320409446,556840,363779,0.34373,53.14806,3,3,4,16:40,-1,E07000137,4,0,1,0,1,-1,"[8, 4]","[4, 2]",0,0,0,1,0,0,0,0,0,7,10
2024320409577,2024,320409577,520869,315056,-0.21193,52.71966,3,3,6,18:50,-1,E07000140,6,0,1,0,2,-1,"[6, 2]","[2, 6]",0,0,0,1,1,0,0,0,0,7,5
2024320409905,2024,320409905,526684,334146,-0.1185,52.88985,2,2,4,23:11,-1,E07000136,4,2,1,0,2,"[-1, 13]","[6, 2]","[2, 6]",0,"[1, 7]",9,1,0,0,0,0,0,7,10
2024320410602,2024,320410602,538405,384707,0.07738,53.34116,3,3,4,07:30,-1,E07000137,5,0,1,0,2,-1,"[2, 6]","[6, 2]",0,"[1, 0]",0,1,1,0,0,0,0,7,10
2024320412565,2024,320412565,505288,313531,-0.443,52.70921,3,3,6,06:45,-1,E07000141,3,0,1,0,2,"[9, -1]","[4, 6, 2]","[2, 4, 6]",0,0,0,1,0,0,0,0,0,7,12
2024320412575,2024,320412575,526178,368971,-0.11239,53.20285,3,3,5,17:00,-1,E07000137,3,0,2,1,2,-1,"[4, 8]","[8, 4]",0,0,0,1,1,0,0,0,0,7,11
2024320413417,2024,320413417,539701,352588,0.08279,53.0523,3,3,6,11:40,-1,E07000136,5,0,1,0,2,"[2, 4]","[0, 4]","[0, 8]","[0, 4]","[0, 7]",0,1,0,0,0,0,0,7,12
2024320413796,2024,320413796,512023,359945,-0.32737,53.12491,3,3,6,22:50,-1,E07000139,4,2,1,0,2,-1,"[3, 5]",7,0,0,0,1,1,0,0,0,0,7,5
2024320413954,2024,320413954,495314,372797,-0.57315,53.24365,3,3,6,06:10,-1,E07000138,3,0,1,0,2,-1,4,8,0,3,9,1,0,0,0,0,0,7,12
2024320414000,2024,320414000,497248,372250,-0.54434,53.23838,2,2,6,13:08,-1,E07000138,5,0,1,0,1,"[5, 2]","[8, 0]","[4, 0]","[4, 0]","[7, 0]",0,1,0,0,0,0,0,7,12
2024320414761,2024,320414761,500770,377672,-0.48988,53.28645,3,3,6,23:05,-1,E07000142,6,2,2,1,2,-1,4,8,10,1,4,1,0,0,0,0,0,7,12
2024320415117,2024,320415117,502147,316481,-0.48856,52.73632,3,3,4,18:00,-1,E07000141,4,0,1,0,2,-1,"[2, 8]",6,0,"[0, 7]",0,1,0,0,0,0,0,7,3
2024320415924,2024,320415924,480963,390611,-0.7836,53.40612,3,3,7,10:48,-1,E07000142,6,0,1,0,1,-1,8,4,0,0,0,0,0,1,0,0,0,7,13
2024320416483,2024,320416483,500215,371871,-0.50002,53.23443,3,3,7,22:45,-1,E07000138,4,2,1,1,2,-1,8,4,0,1,4,1,0,0,0,0,0,7,13
2024320416595,2024,320416595,550011,384742,0.25157,53.33832,3,3,1,01:00,-1,E07000137,6,2,2,1,1,-1,2,8,0,1,10,1,0,0,0,0,0,7,14
2024320417241,2024,320417241,494005,365550,-0.59489,53.17876,2,2,1,13:00,-1,E07000139,5,0,1,0,1,"[13, 9]",6,"[2, 4]",0,0,0,1,1,0,0,0,0,7,14
2024320417687,2024,320417687,497279,371311,-0.54417,53.22994,3,3,1,16:45,-1,E07000138,4,0,1,0,1,-1,8,4,2,0,10,1,0,0,0,0,0,7,14
2024320417783,2024,320417783,493858,334287,-0.60618,52.89784,2,2,6,12:43,-1,E07000141,3,0,1,0,2,-1,"[8, 4]","[4, 8]",0,1,0,1,0,0,0,0,0,7,12
2024320417902,2024,320417902,512634,403360,-0.30283,53.51486,2,"[3, 2]",1,15:50,-1,E07000142,5,0,8,1,2,"[-1, 9]","[4, 8]","[2, 4]",0,"[8, 0]",0,1,0,0,0,0,0,7,14
2024320418402,2024,320418402,484780,393910,-0.72531,53.43516,3,3,2,04:02,-1,E07000142,3,2,1,0,2,-1,6,2,6,8,11,1,0,0,0,0,0,7,15
2024320418449,2024,320418449,516263,321611,-0.27777,52.77957,3,3,3,23:00,-1,E07000141,3,2,1,0,2,-1,2,6,0,1,9,1,0,0,0,0,0,6,25
2024320418790,2024,320418790,499032,366152,-0.51951,53.18326,3,3,2,08:30,-1,E07000139,3,0,1,0,2,"[-1, 4]",4,8,0,0,0,1,0,0,0,0,0,7,15
2024320419355,2024,320419355,544059,376324,0.15843,53.26436,3,3,2,12:32,-1,E07000137,5,0,1,0,2,"[-1, 2]","[6, 0]","[6, 0]","[4, 0]",0,0,1,0,0,0,0,0,7,15
2024320419374,2024,320419374,555818,364334,0.32874,53.15335,3,3,1,15:40,-1,E07000137,3,0,1,0,1,"[-1, 9]","[8, 6]",4,0,0,0,1,1,0,0,0,0,7,14
2024320419581,2024,320419581,528435,399169,-0.06639,53.47359,2,"[2, 3]",2,11:45,-1,E07000137,3,0,1,0,2,"[13, -1]","[5, 1]","[1, 5]",0,"[0, 1]",0,1,0,0,0,0,0,7,15
2024320421391,2024,320421391,534876,318374,-0.00332,52.74617,3,3,3,07:43,-1,E07000140,4,0,2,1,2,-1,"[6, 2]","[2, 6]",0,0,0,1,0,0,0,0,0,7,16
2024320421417,2024,320421417,493054,340659,-0.6163,52.95525,3,3,3,11:50,-1,E07000141,3,0,2,1,2,-1,5,1,0,0,0,1,0,0,0,0,0,7,16
2024320421496,2024,320421496,493143,352817,-0.61148,53.06449,3,3,2,18:00,-1,E07000139,3,0,2,1,2,-1,4,8,0,7,9,0,0,0,1,0,0,7,15
2024320421586,2024,320421586,496976,373505,-0.54804,53.24971,3,3,6,08:31,-1,E07000138,6,0,1,0,1,1,5,1,0,0,0,1,0,0,0,0,1,7,12
2024320422298,2024,320422298,512659,336871,-0.32591,52.91745,2,2,3,17:20,-1,E07000139,3,0,9,1,2,-1,"[7, 3]","[3, 7]",0,"[1, 7, 0]","[9, 0]",1,0,0,1,0,0,7,16
2024320423010,2024,320423010,533977,344563,-0.00587,52.98167,3,3,2,08:20,-1,E07000136,6,0,1,0,1,-1,1,5,0,0,0,1,1,0,0,0,0,7,15
2024320423397,2024,320423397,519630,356307,-0.2151,53.09058,3,3,4,07:00,-1,E07000139,3,0,1,0,2,"[4, -1]",6,2,"[12, 0]",0,0,1,0,0,0,0,0,7,17
2024320423712,2024,320423712,500526,377890,-0.49347,53.28845,3,3,4,11:19,-1,E07000142,3,0,1,0,2,"[9, -1]","[4, 2]","[2, 6]",0,0,0,1,0,0,0,0,0,7,17
2024320424197,2024,320424197,523684,322401,-0.16751,52.78502,3,3,2,18:30,-1,E07000140,6,0,1,0,1,-1,"[4, 6]","[8, 2]",0,0,0,1,1,0,0,0,0,7,8
2024320424202,2024,320424202,492371,330369,-0.62939,52.86289,3,3,4,13:50,-1,E07000141,3,0,1,0,2,"[-1, 10]","[5, 3]",1,0,"[1, 0]",0,1,0,0,0,0,0,7,17
2024320424652,2024,320424652,506147,376375,-0.40968,53.27375,3,3,4,14:45,-1,E07000142,3,0,1,0,2,-1,8,4,0,7,11,1,0,0,0,0,0,7,17
2024320424726,2024,320424726,500236,371853,-0.49971,53.23426,2,"[2, 3]",4,14:15,-1,E07000138,5,0,1,0,2,-1,"[8, 4]","[4, 8]",0,"[0, 1]",0,1,0,0,0,0,0,7,17
2024320424809,2024,320424809,531502,351090,-0.04006,53.04092,3,3,3,20:30,-1,E07000137,4,2,2,1,2,"[-1, 13]",1,5,0,0,0,1,0,1,0,0,0,7,16
2024320427493,2024,320427493,494551,368002,-0.586,53.2007,3,3,5,17:10,-1,E07000138,4,0,1,0,1,"[-1, 9]",8,"[4, 6]",0,"[7, 0]","[11, 0]",1,0,1,0,0,0,7,18
2024320428976,2024,320428976,497763,364667,-0.53895,53.17015,3,3,6,13:51,-1,E07000139,6,0,1,0,1,"[8, 9]","[3, 5]","[5, 3]",0,0,0,1,0,1,0,0,0,7,19
2024320429145,2024,320429145,556259,363254,0.3348,53.14352,2,2,6,09:07,-1,E07000137,3,0,1,0,1,7,5,8,0,0,0,1,0,0,0,0,1,7,19
2024320429171,2024,320429171,481535,389094,-0.77539,53.3924,3,3,6,14:15,-1,E07000142,3,0,1,0,1,"[9, -1]","[3, 4]",8,0,0,0,1,1,0,0,0,0,7,19
2024320429187,2024,320429187,492357,330366,-0.6296,52.86287,3,3,6,15:00,-1,E07000141,3,0,1,0,2,"[-1, 12]",5,1,0,"[5, 0]","[2, 0]",1,0,0,0,0,0,7,19
2024320429254,2024,320429254,539861,375247,0.09507,53.2558,3,3,6,16:40,-1,E07000137,3,0,1,0,2,-1,"[6, 4]","[2, 8]",0,0,0,1,0,0,0,0,0,7,19
2024320429606,2024,320429606,501297,360226,-0.4875,53.12958,3,3,6,15:35,-1,E07000139,3,0,1,0,2,-1,"[2, 4]","[6, 8]",0,0,0,1,0,0,0,0,0,7,19
2024320429724,2024,320429724,524781,323000,-0.15103,52.79015,3,3,7,02:00,-1,E07000140,3,2,1,0,1,"[7, -1]",8,"[2, 4]",0,"[0, 7]","[0, 11]",1,0,0,0,0,0,7,20
2024320429785,2024,320429785,506808,386524,-0.39636,53.3648,2,"[3, 2]",7,02:30,-1,E07000142,3,2,1,0,2,-1,"[3, 5]","[5, 3]",0,"[7, 0]","[9, 0]",1,0,0,0,0,0,7,20
2024320429816,2024,320429816,515394,354162,-0.27909,53.07224,3,3,6,19:11,-1,E07000139,3,0,1,0,2,-1,2,6,0,1,11,1,0,0,0,0,0,7,19
2024320431231,2024,320431231,481296,390339,-0.77866,53.40362,2,2,7,11:30,-1,E07000142,6,0,1,0,1,-1,2,"[6, 4]",0,0,0,1,0,0,0,1,0,7,20
2024320431443,2024,320431443,532818,312716,-0.03608,52.69584,3,3,1,00:01,-1,E07000140,4,2,1,0,2,-1,6,2,0,7,11,1,0,0,0,0,0,7,21
2024320431565,2024,320431565,556235,363313,0.33447,53.14406,3,3,7,19:40,-1,E07000137,3,0,1,0,1,"[3, -1]",6,2,0,0,0,1,0,0,0,0,0,7,20
2024320432590,2024,320432590,522416,357819,-0.17294,53.10353,3,3,1,11:35,-1,E07000137,5,0,1,0,2,"[6, -1]","[4, 8]",4,0,0,0,1,0,0,0,0,0,7,21
2024320432704,2024,320432704,524707,336956,-0.14679,52.91556,3,3,1,14:55,-1,E07000136,3,0,1,0,2,"[-1, 9]","[4, 6]","[8, 4]",0,0,0,1,0,0,0,0,0,7,21
2024320432719,2024,320432719,551779,382790,0.27717,53.32028,3,3,7,15:59,-1,E07000137,3,0,1,0,1,-1,"[8, 4]","[4, 8]",0,0,0,1,0,0,0,0,0,7,20
2024320433752,2024,320433752,511670,332068,-0.34226,52.8745,2,2,2,06:20,-1,E07000141,4,0,1,0,2,-1,1,5,12,0,0,0,0,1,0,0,0,7,22
2024320433763,2024,320433763,550643,359604,0.24919,53.11235,3,3,2,09:00,-1,E07000137,5,0,1,0,2,"[-1, 8]",7,3,0,0,0,1,0,0,0,0,0,7,22
2024320436417,2024,320436417,492430,389330,-0.61154,53.39272,3,3,1,12:09,-1,E07000142,6,0,1,0,2,-1,2,4,0,7,4,1,0,0,0,0,0,7,21
2024320436813,2024,320436813,511613,336746,-0.3415,52.91655,2,"[2, 3]",3,11:10,-1,E07000141,3,0,1,0,2,-1,"[7, 3]","[3, 7]",0,1,0,1,0,0,0,0,0,7,23
2024320437483,2024,320437483,491821,392550,-0.61976,53.42177,3,3,3,16:30,-1,E07000142,6,0,1,0,2,"[14, 2]","[2, 0]","[6, 0]",0,"[7, 0]","[9, 0]",1,0,0,0,1,0,7,23
2024320437899,2024,320437899,527174,373866,-0.09554,53.24659,3,3,3,16:20,-1,E07000137,3,0,1,0,2,"[-1, 4]",6,2,0,"[1, 0]",0,1,0,0,0,0,0,7,23
2024320438649,2024,320438649,493796,321904,-0.61066,52.78657,3,3,4,07:15,-1,E07000141,3,0,1,0,2,"[4, -1]",1,5,0,0,0,1,0,0,1,0,0,7,24
2024320439352,2024,320439352,544238,320923,0.13639,52.76665,3,3,4,13:10,-1,E07000140,3,0,1,0,2,"[9, 13]",8,"[7, 4]",0,7,9,1,0,0,0,0,0,7,24
2024320439468,2024,320439468,505276,313920,-0.44306,52.71271,3,3,4,14:00,-1,E07000141,3,0,1,0,2,"[9, -1]",1,"[7, 5]",0,0,0,1,0,1,0,0,0,7,24
2024320439806,2024,320439806,496971,370093,-0.54915,53.21905,3,3,4,14:35,-1,E07000138,5,0,1,0,1,"[14, 2]","[3, 0]","[7, 0]","[4, 0]",0,0,1,0,0,1,0,0,7,24
2024320440259,2024,320440259,494299,331725,-0.60037,52.87474,2,2,4,23:44,-1,E07000141,4,2,1,0,2,-1,2,6,10,1,11,1,0,0,0,0,0,7,24
2024320440391,2024,320440391,524758,323291,-0.15126,52.79277,3,3,6,06:00,-1,E07000140,6,0,1,0,1,"[10, -1]","[2, 4]",8,0,0,0,1,1,0,0,0,0,7,19
2024320440467,2024,320440467,528506,394730,-0.06713,53.4337,2,2,4,19:20,-1,E07000137,3,0,1,0,2,-1,"[2, 8]","[8, 2]",0,"[7, 0]",0,0,0,1,0,0,0,7,24
2024320441197,2024,320441197,530636,338539,-0.05803,52.92837,3,3,2,15:00,-1,E07000136,5,0,9,0,2,"[-1, 9]","[8, 1]",4,0,0,0,1,1,0,0,0,0,7,22
2024320441657,2024,320441657,550624,385128,0.26096,53.34161,2,2,5,12:30,-1,E07000137,6,0,1,0,1,9,4,2,0,0,0,1,0,0,0,0,1,7,25
2024320441694,2024,320441694,501295,360229,-0.48753,53.12961,2,2,5,08:00,-1,E07000139,3,0,1,0,2,"[-1, 3]","[6, 4, 2]","[2, 8, 6]",0,0,0,1,0,0,1,0,0,7,25
2024320441757,2024,320441757,513927,388348,-0.28877,53.37971,2,2,5,13:50,-1,E07000142,3,0,1,0,2,-1,8,2,0,1,0,0,0,1,0,0,0,7,25
2024320441967,2024,320441967,506614,345769,-0.41285,52.99864,3,3,4,15:40,-1,E07000139,6,0,1,0,1,-1,2,6,0,0,0,1,0,0,0,0,1,7,17
2024320442144,2024,320442144,525643,323677,-0.13799,52.79604,3,3,5,17:00,-1,E07000140,3,0,1,0,1,-1,2,6,0,0,11,0,1,0,0,0,0,7,25
2024320442281,2024,320442281,546546,391572,0.20274,53.40063,1,"[2, 1]",5,17:30,-1,E07000137,3,0,1,0,2,13,2,6,0,1,9,0,0,1,0,0,0,7,25
2024320442429,2024,320442429,523718,310191,-0.17161,52.67531,3,3,5,16:00,-1,E07000140,6,0,1,0,2,"[2, -1]","[0, 4]","[0, 8]","[0, 4]",0,0,1,1,0,0,0,0,7,25
2024320442483,2024,320442483,503664,401351,-0.43872,53.49865,1,1,5,17:00,-1,E07000142,6,0,1,0,2,"[13, -1]",3,7,0,0,0,0,1,0,0,1,0,7,25
2024320442603,2024,320442603,495862,368776,-0.56615,53.20742,3,3,5,21:18,-1,E07000138,6,0,1,0,1,"[2, -1]","[0, 7]","[0, 3]",0,0,0,1,0,0,0,0,1,7,25
2024320444315,2024,320444315,524649,322565,-0.15315,52.78627,3,3,6,16:40,-1,E07000140,6,0,1,0,1,-1,6,2,0,0,0,0,1,0,0,0,0,7,26
2024320444318,2024,320444318,529010,340172,-0.08156,52.94344,3,3,6,10:00,-1,E07000136,4,0,1,0,2,9,"[6, 4]","[4, 2]",0,0,0,1,0,1,0,0,0,7,26
2024320444477,2024,320444477,510142,399331,-0.34181,53.47919,3,3,6,16:15,-1,E07000142,3,0,1,0,2,"[4, 9]",2,"[6, 8]","[11, 0]",0,0,1,0,1,0,0,0,7,26
2024320444997,2024,320444997,525776,350386,-0.12569,53.03597,3,3,6,16:40,-1,E07000137,4,0,1,0,2,"[-1, 9]","[4, 8]","[8, 6]",0,"[1, 7]",0,1,0,0,1,0,0,7,26
2024320446710,2024,320446710,533926,399854,0.01658,53.47838,3,3,7,13:57,-1,E07000137,3,0,1,0,2,"[4, -1]",2,6,0,"[0, 1]","[0, 9]",1,0,0,0,0,0,7,27
2024320446860,2024,320446860,498881,373542,-0.51948,53.24969,3,3,1,04:31,-1,E07000138,4,0,1,0,1,-1,2,6,0,0,1,1,0,0,0,0,0,7,28
2024320447183,2024,320447183,497781,371033,-0.53673,53.22735,3,3,7,20:49,-1,E07000138,6,0,1,0,1,"[8, -1]",7,"[1, 3]",0,0,0,1,0,0,0,0,0,7,27
2024320447201,2024,320447201,538871,344998,0.06716,52.98433,3,3,1,10:25,-1,E07000136,5,0,1,0,2,-1,"[6, 8]","[2, 4]",0,0,0,1,0,0,0,0,0,7,28
2024320447640,2024,320447640,537021,375473,0.05262,53.25857,3,3,1,14:55,-1,E07000137,5,0,1,0,2,-1,4,1,0,1,4,1,0,0,0,0,0,7,28
2024320447657,2024,320447657,545386,322288,0.15399,52.7786,3,3,1,03:02,-1,E07000140,5,2,1,0,2,-1,8,4,7,0,0,1,0,0,0,0,0,7,28
2024320448305,2024,320448305,555168,366723,0.32018,53.175,2,2,1,18:15,-1,E07000137,5,0,1,0,2,-1,"[2, 6]","[6, 2]",0,0,0,1,1,0,0,0,0,7,28
2024320448986,2024,320448986,513841,309955,-0.3177,52.67535,3,3,3,18:30,-1,E07000141,4,0,1,0,1,-1,"[7, 4]","[4, 8]",0,0,0,1,1,0,0,0,0,7,23
2024320449284,2024,320449284,507371,361347,-0.39639,53.13847,3,3,2,11:20,-1,E07000139,4,0,1,0,2,"[9, -1]",4,"[2, 8]",0,0,0,1,0,1,0,0,0,7,29
2024320449877,2024,320449877,524708,336954,-0.14678,52.91554,2,"[2, 3]",2,11:36,-1,E07000136,3,0,1,0,2,"[13, 9]","[4, 6]","[8, 4]",0,"[1, 0]","[2, 0]",1,0,0,0,0,0,7,29
2024320450369,2024,320450369,490655,353307,-0.64845,53.06932,3,3,2,17:00,-1,E07000139,3,0,1,0,2,-1,"[7, 3]","[3, 7]",0,"[0, 7]",0,1,0,0,0,0,0,7,29
2024320450473,2024,320450473,504156,323848,-0.45648,52.80214,1,1,2,20:30,-1,E07000141,3,0,1,0,2,-1,4,7,0,7,10,0,0,1,0,0,0,7,29
2024320450564,2024,320450564,556641,364224,0.34098,53.15212,3,3,2,17:45,-1,E07000137,3,0,1,0,1,"[9, 13]",6,"[4, 2]",0,0,0,1,0,1,0,0,0,7,29
2024320450839,2024,320450839,497993,367568,-0.53462,53.19617,3,3,2,22:34,-1,E07000139,3,2,1,0,2,-1,4,8,0,8,1,1,0,0,0,0,0,7,29
2024320451147,2024,320451147,502302,349161,-0.476,53.02996,3,3,3,07:22,-1,E07000139,5,0,1,0,2,"[3, -1]",6,2,0,0,0,1,1,0,0,0,0,7,30
2024320451621,2024,320451621,557078,369660,0.35018,53.20081,3,3,3,11:40,-1,E07000137,6,0,1,0,1,-1,4,8,0,0,0,1,0,0,0,0,1,7,30
2024320452392,2024,320452392,512194,312393,-0.34122,52.6976,3,3,3,13:05,-1,E07000141,5,0,1,0,2,"[-1, 2]","[6, 0]","[2, 0]","[4, 0]","[1, 0]",0,1,0,0,0,0,0,7,30
2024320452431,2024,320452431,544528,371154,0.16312,53.21779,3,3,3,15:20,-1,E07000137,5,0,1,0,2,-1,6,2,0,0,0,1,0,0,0,0,0,7,30
2024320452914,2024,320452914,550609,365477,0.25144,53.16511,3,3,3,21:55,-1,E07000137,3,2,1,0,2,-1,8,4,0,1,1,1,0,0,0,0,0,7,30
2024320455280,2024,320455280,527073,335362,-0.11225,52.90068,3,3,4,17:45,-1,E07000136,3,0,1,0,2,"[-1, 4]","[8, 4]","[4, 8]",0,"[0, 1]","[0, 9]",1,0,0,0,0,0,7,31
2024320455566,2024,320455566,545850,392767,0.19283,53.41156,3,3,5,03:46,-1,E07000137,3,2,1,0,2,-1,8,4,0,7,9,1,0,0,0,0,0,8,1
2024320456928,2024,320456928,482813,347653,-0.76691,53.01978,3,3,5,12:30,-1,E07000141,3,0,1,0,2,"[4, -1]",4,8,0,0,0,1,0,0,0,0,0,8,1
2024320457092,2024,320457092,486233,342309,-0.71737,52.97121,2,2,5,14:40,-1,E07000141,3,0,1,0,2,-1,4,8,7,7,6,0,0,1,0,0,0,8,1
2024320458544,2024,320458544,501317,306518,-0.50391,52.64695,3,3,6,08:00,-1,E07000141,3,0,1,1,2,"[4, -1]",2,6,0,"[1, 0]","[4, 0]",1,0,1,0,0,0,8,2
2024320459180,2024,320459180,493621,324082,-0.61263,52.80617,3,3,6,14:27,-1,E07000141,3,0,1,0,2,-1,4,8,8,0,6,1,0,0,0,0,0,8,2
2024320459319,2024,320459319,529463,325251,-0.08075,52.80927,3,3,6,11:40,-1,E07000140,3,2,1,0,2,"[-1, 7]",8,4,0,0,0,1,0,0,0,0,0,8,2
2024320459335,2024,320459335,555082,364955,0.31804,53.15914,3,3,6,12:00,-1,E07000137,5,0,1,0,1,-1,"[4, 6]",8,0,"[0, 7]","[0, 11]",1,0,0,0,0,0,8,2
2024320459435,2024,320459435,503633,367600,-0.45022,53.19539,3,3,6,16:00,-1,E07000139,5,0,1,0,2,-1,"[6, 8]","[2, 4]",0,3,0,1,0,0,0,0,0,8,2
2024320461033,2024,320461033,530519,338466,-0.0598,52.92775,3,3,7,13:14,-1,E07000136,4,0,1,1,2,-1,"[2, 4]","[6, 8]",0,0,0,1,0,0,0,0,0,8,3
2024320461277,2024,320461277,556805,365251,0.34393,53.1613,3,3,5,07:50,-1,E07000137,5,0,1,0,2,"[5, 9]","[4, 2]",8,0,0,0,1,1,0,0,0,0,7,25
2024320461422,2024,320461422,527720,360963,-0.09252,53.13054,3,3,7,12:25,-1,E07000137,3,0,1,0,2,-1,"[6, 8]","[2, 4]",0,0,0,1,0,0,0,0,0,7,27
2024320461901,2024,320461901,528629,342817,-0.08618,52.96729,2,2,1,00:15,-1,E07000136,3,2,1,0,2,-1,6,2,0,0,0,1,0,1,0,0,0,8,4
2024320462037,2024,320462037,530063,343040,-0.06475,52.96895,3,3,7,19:18,-1,E07000136,3,0,1,0,1,"[-1, 10]","[6, 2]","[2, 1]",0,0,0,1,0,1,0,0,0,8,3
2024320462881,2024,320462881,483754,390428,-0.74168,53.40404,2,"[3, 2]",1,09:50,-1,E07000142,3,0,1,0,2,-1,"[6, 2]","[2, 6]","[0, 10]","[0, 7]","[0, 1]",1,0,0,0,0,0,8,4
2024320463038,2024,320463038,506697,384751,-0.39863,53.3489,2,2,1,16:07,-1,E07000142,3,0,1,0,2,-1,"[4, 2]","[2, 4]",0,0,0,1,0,0,0,0,0,8,4
2024320463128,2024,320463128,507442,333240,-0.40467,52.88589,3,3,1,09:20,-1,E07000141,3,0,1,0,2,-1,4,8,0,1,0,0,0,1,0,0,0,8,4
2024320463446,2024,320463446,498358,369685,-0.52851,53.21513,3,3,1,21:00,-1,E07000139,4,0,1,0,2,-1,8,4,0,0,0,0,0,1,0,0,0,8,4
2024320463654,2024,320463654,553313,361798,0.2901,53.1313,3,3,1,23:55,-1,E07000137,3,2,1,0,2,"[-1, 13]",2,6,0,"[0, 1]","[0, 3]",1,0,0,0,0,0,8,4