collision_index,collision_year,collision_ref_no,location_easting_osgr,location_northing_osgr,longitude,latitude,casualty_severity,casualty_severity,day_of_week,time,local_authority_district,local_authority_ons_district,first_road_class,light_conditions,weather_conditions,road_surface_conditions,urban_or_rural_area,vehicle_manoeuvre,vehicle_direction_from,vehicle_direction_to,hit_object_in_carriageway,vehicle_leaving_carriageway,hit_object_off_carriageway,is_car,is_cyle,is_mcyle,is_goodsv,is_other,is_pedestrian,month,day
2024320464047,2024,320464047,491248,335688,-0.64457,52.91088,3,3,5,15:00,-1,E07000141,6,0,1,0,1,-1,"[4, 6]","[8, 2]",0,0,0,1,0,0,0,1,0,7,25
2024320464305,2024,320464305,519613,356284,-0.21536,53.09038,3,3,6,16:00,-1,E07000139,3,0,1,0,2,"[-1, 3]",2,6,0,0,0,1,0,0,0,0,0,8,2
2024320464428,2024,320464428,519314,362787,-0.21741,53.14887,3,3,2,12:00,-1,E07000137,4,0,1,0,2,-1,2,6,0,3,4,1,0,0,0,0,0,8,5
2024320464841,2024,320464841,524911,330201,-0.14635,52.85482,3,3,2,10:50,-1,E07000140,3,0,1,0,2,"[-1, 8]",5,"[1, 3]",0,0,0,1,0,0,0,0,0,8,5
2024320465414,2024,320465414,493002,368594,-0.60901,53.20629,3,3,2,16:00,-1,E07000138,4,0,1,0,1,"[-1, 9]","[8, 2]","[4, 8]",0,0,0,1,0,0,0,0,0,8,5
2024320466607,2024,320466607,510341,316630,-0.3672,52.73605,3,3,3,09:30,-1,E07000141,3,0,2,1,2,4,1,5,0,0,0,1,0,0,1,0,0,8,6
2024320467782,2024,320467782,498258,371115,-0.52956,53.228,3,3,3,18:44,-1,E07000138,6,0,1,0,1,-1,8,4,0,0,0,1,0,0,0,0,1,8,6
2024320469397,2024,320469397,555174,364404,0.31915,53.15417,2,2,4,11:00,-1,E07000137,5,0,1,0,1,"[7, 3, -1]","[7, 5]",1,0,0,0,1,0,1,0,0,0,8,7
2024320469703,2024,320469703,557063,367208,0.34875,53.1788,2,2,4,16:33,-1,E07000137,3,0,2,1,1,"[-1, 9]","[5, 3]",1,0,"[7, 0, 1]","[3, 0, 10]",1,0,0,0,0,0,8,7
2024320469737,2024,320469737,508234,348392,-0.38785,53.02189,3,3,4,17:30,-1,E07000139,3,0,1,0,2,"[-1, 10]",6,"[2, 4]",0,0,0,1,0,0,0,0,0,8,7
2024320469914,2024,320469914,505054,381753,-0.42429,53.32229,3,3,4,17:45,-1,E07000142,3,0,1,0,2,-1,6,2,0,1,4,1,0,0,0,0,0,8,7
2024320470477,2024,320470477,497128,362225,-0.54919,53.14832,2,2,4,22:28,-1,E07000139,5,2,1,0,2,"[2, -1]","[0, 8]","[0, 3]",0,"[0, 7]","[0, 10]",1,0,0,0,0,0,8,7
2024320471113,2024,320471113,491215,336238,-0.64491,52.91583,3,3,4,16:55,-1,E07000141,3,0,1,0,1,-1,6,2,0,0,0,1,0,0,0,0,1,8,7
2024320471176,2024,320471176,490730,349786,-0.64833,53.03766,2,"[2, 3]",5,08:20,-1,E07000141,5,0,1,0,2,-1,"[4, 2]","[8, 6]",0,"[0, 1]",0,1,0,0,0,0,0,8,8
2024320471263,2024,320471263,497778,371042,-0.53678,53.22743,3,3,3,00:01,-1,E07000138,6,0,9,0,1,-1,"[5, 7]","[1, 3]",0,0,0,1,0,0,0,1,0,7,23
2024320471563,2024,320471563,517739,390723,-0.23061,53.40021,3,3,5,11:50,-1,E07000142,4,0,1,0,2,"[4, 9]","[1, 4]","[4, 2]",0,"[0, 1]",0,0,0,1,0,1,0,8,8
2024320472066,2024,320472066,529040,334256,-0.08346,52.89028,3,3,4,17:06,-1,E07000136,3,0,1,0,2,-1,6,2,0,0,0,1,0,0,0,0,0,8,7
2024320472133,2024,320472133,515304,354908,-0.28016,53.07896,3,3,5,14:19,-1,E07000139,4,0,1,0,2,"[-1, 2]","[8, 0]","[4, 0]","[4, 0]",0,0,1,0,0,0,0,0,8,8
2024320472399,2024,320472399,490884,336280,-0.64982,52.91626,1,"[2, 1]",5,18:35,-1,E07000141,3,0,1,0,1,-1,8,4,0,1,2,1,0,0,0,0,1,8,8
2024320473201,2024,320473201,504268,343767,-0.44844,52.98111,3,3,6,17:05,-1,E07000139,6,0,1,0,2,"[1, 3]","[7, 3]","[3, 7]",0,0,0,1,0,0,0,0,0,8,2
2024320474198,2024,320474198,492264,334962,-0.62968,52.90418,3,3,6,14:40,-1,E07000141,3,0,1,0,1,-1,"[8, 4]","[4, 8]",0,0,0,1,0,0,0,0,0,8,9
2024320474414,2024,320474414,507509,307514,-0.41211,52.65471,2,"[2, 3]",6,11:15,-1,E07000141,3,0,1,0,2,"[3, 10, -1]",6,"[2, 4]",0,0,0,1,0,0,0,0,0,8,9
2024320474659,2024,320474659,556702,364134,0.34185,53.15129,3,3,1,18:33,-1,E07000137,5,0,1,0,1,-1,"[8, 2]","[4, 8]",0,0,0,1,0,0,0,0,0,8,4
2024320474781,2024,320474781,536416,360676,0.03725,53.12581,3,3,6,17:10,-1,E07000137,3,0,1,0,2,-1,"[6, 2]","[2, 6]",0,"[7, 0]",0,1,0,0,0,0,0,8,9
2024320475119,2024,320475119,497573,374414,-0.53881,53.25777,3,3,6,21:00,-1,E07000142,3,2,1,0,2,-1,"[1, 5]","[5, 1]",0,0,0,0,0,0,1,1,0,8,9
2024320475161,2024,320475161,493269,370751,-0.60438,53.22563,2,2,7,00:01,-1,E07000139,3,2,1,0,2,"[-1, 4]",6,2,0,0,0,1,0,0,0,0,0,8,10
2024320475876,2024,320475876,524516,322116,-0.15529,52.78227,3,3,6,00:01,-1,E07000140,5,0,9,0,1,-1,5,1,0,0,0,1,0,0,0,0,1,8,2
2024320475890,2024,320475890,515857,344132,-0.27578,52.98202,2,2,7,09:35,-1,E07000139,3,0,1,0,2,"[9, -1]","[6, 4]","[4, 8]",0,"[1, 7]","[9, 0]",1,0,0,1,0,0,8,10
2024320475991,2024,320475991,509594,322732,-0.37622,52.79104,2,2,7,09:22,-1,E07000141,3,0,1,0,2,-1,5,1,0,"[0, 1]",0,1,1,0,0,0,0,8,10
2024320476217,2024,320476217,556469,363662,0.33814,53.14712,3,3,7,13:30,-1,E07000137,3,0,1,0,1,"[-1, 4]",2,6,0,0,0,1,0,0,0,0,0,8,10
2024320476355,2024,320476355,502176,369980,-0.47126,53.21706,3,3,7,14:00,-1,E07000139,5,0,1,0,2,-1,"[7, 4]","[3, 8]","[10, 0]","[7, 0]",0,1,0,0,0,0,0,8,10
2024320476377,2024,320476377,492967,323770,-0.62241,52.80348,3,3,6,17:10,-1,E07000141,4,0,1,0,2,"[7, -1]","[1, 7, 3]","[3, 7]",0,"[0, 7]","[0, 10]",1,0,0,0,0,0,8,9
2024320476404,2024,320476404,522901,358507,-0.16544,53.1096,3,3,7,16:43,-1,E07000137,3,0,1,0,2,"[10, -1]",2,"[1, 6]",0,"[0, 7]","[0, 10]",1,0,0,0,0,0,8,10
2024320476563,2024,320476563,492987,324634,-0.62187,52.81124,3,3,3,11:00,-1,E07000141,4,0,1,0,2,"[9, 10]","[7, 8]","[4, 7]",0,0,0,1,0,0,0,0,0,7,23
2024320477817,2024,320477817,507696,368009,-0.38929,53.19826,3,3,3,18:00,-1,E07000139,4,0,9,0,2,"[-1, 7]",6,"[2, 8]",0,0,0,1,0,0,0,0,0,8,6
2024320477830,2024,320477830,528459,335785,-0.09149,52.90416,2,2,1,13:50,-1,E07000136,4,0,1,0,2,"[13, 9]",6,"[2, 4]","[7, 0]",0,"[10, 0]",1,0,1,0,0,0,8,11
2024320477908,2024,320477908,555791,363816,0.32808,53.1487,3,3,1,14:35,-1,E07000137,5,0,1,0,1,-1,8,4,0,0,0,1,0,0,0,0,0,8,11
2024320478121,2024,320478121,492683,339476,-0.62216,52.94468,3,3,1,17:30,-1,E07000141,3,0,1,0,2,-1,2,6,0,0,0,1,1,0,0,0,0,8,11
2024320478285,2024,320478285,532561,342716,-0.02771,52.96543,3,3,7,09:15,-1,E07000136,4,0,1,0,1,-1,2,6,0,0,0,1,0,0,0,0,0,8,10
2024320479113,2024,320479113,490829,335913,-0.65074,52.91298,3,3,5,19:00,-1,E07000141,6,0,1,0,1,-1,2,"[4, 6]",0,0,0,1,1,0,0,0,0,8,8
2024320480059,2024,320480059,533454,384885,0.00314,53.34403,3,3,1,11:05,-1,E07000137,3,0,1,0,2,-1,7,3,0,0,0,1,0,0,0,0,0,8,11
2024320480171,2024,320480171,491469,362962,-0.63356,53.15594,3,3,2,10:52,-1,E07000139,6,0,1,0,2,-1,7,3,0,1,0,0,0,1,0,0,0,8,12
2024320480208,2024,320480208,537307,342447,0.0428,52.96182,3,3,2,16:45,-1,E07000136,6,0,1,0,2,-1,8,2,0,7,0,1,0,0,0,0,0,8,12
2024320480586,2024,320480586,528310,401445,-0.06734,53.49407,2,"[3, 2]",2,16:44,-1,E07000137,3,0,1,0,2,"[9, -1]","[5, 1]","[3, 5]",0,0,"[10, 0]",1,0,0,0,0,0,8,12
2024320482107,2024,320482107,535001,376637,0.02286,53.26955,3,3,1,12:20,-1,E07000137,5,0,9,0,2,-1,"[7, 3]","[3, 7]",0,0,0,1,0,0,0,0,0,8,11
2024320482456,2024,320482456,492093,382565,-0.61857,53.33199,3,3,3,13:40,-1,E07000142,5,0,1,0,2,"[13, -1]",6,2,0,"[1, 0]",0,0,0,1,0,1,0,8,13
2024320482803,2024,320482803,499879,375501,-0.50392,53.26711,3,3,3,17:55,-1,E07000142,3,0,1,0,2,"[9, -1]","[7, 6]","[6, 2]",0,0,0,1,0,0,0,0,0,8,13
2024320484231,2024,320484231,491213,336236,-0.64494,52.91581,1,1,4,12:47,-1,E07000141,3,0,1,0,1,"[12, -1]",6,2,0,0,0,1,0,0,0,1,0,8,14
2024320484683,2024,320484683,532675,344640,-0.02522,52.98269,3,3,1,17:15,-1,E07000136,6,0,9,0,1,-1,6,2,0,0,0,1,0,0,0,0,1,8,11
2024320484735,2024,320484735,535046,320238,-4e-05,52.76287,3,3,4,13:50,-1,E07000140,4,0,1,0,2,"[9, -1]","[7, 2]",6,0,0,0,1,0,0,0,0,0,8,14
2024320485193,2024,320485193,506088,346229,-0.42054,53.00288,3,3,2,19:20,-1,E07000139,6,0,1,0,1,-1,"[2, 1]","[6, 5]",0,0,0,1,1,0,0,0,0,8,12
2024320485254,2024,320485254,487006,391015,-0.69261,53.40879,3,3,4,20:15,-1,E07000142,3,0,1,0,2,-1,3,7,0,0,10,1,0,0,0,0,1,8,14
2024320485826,2024,320485826,480896,391409,-0.7844,53.4133,3,3,5,06:50,-1,E07000142,6,0,1,0,1,"[-1, 9]","[4, 6]","[8, 4]",0,0,0,1,0,0,0,0,0,8,15
2024320486413,2024,320486413,497209,370071,-0.54559,53.21881,3,3,3,18:00,-1,E07000138,5,0,1,0,1,-1,"[8, 4]","[4, 8]",0,0,0,1,0,0,0,0,0,8,13
2024320486918,2024,320486918,531329,339303,-0.04742,52.93507,3,3,5,14:30,-1,E07000136,3,0,8,0,2,-1,2,6,0,7,9,1,0,0,0,0,0,8,15
2024320487080,2024,320487080,499876,371857,-0.5051,53.23436,3,3,5,17:01,-1,E07000138,5,0,1,0,1,"[4, -1]",3,7,0,0,0,1,0,0,0,0,0,8,15
2024320487118,2024,320487118,534412,356478,0.00556,53.0886,3,3,5,17:10,-1,E07000137,3,0,2,1,2,"[13, 9]",8,"[4, 7]",0,"[0, 3]",0,1,0,0,0,0,0,8,15
2024320487221,2024,320487221,493699,364767,-0.5997,53.17178,3,3,5,17:11,-1,E07000139,5,0,1,0,2,-1,"[6, 2]","[2, 6]",0,0,0,1,0,0,0,0,0,8,15
2024320487478,2024,320487478,487052,335709,-0.70694,52.91177,3,3,5,18:40,-1,E07000141,5,0,1,1,2,-1,2,8,0,1,4,1,0,0,0,0,0,8,15
2024320487540,2024,320487540,545767,380101,0.18575,53.29782,3,3,6,00:06,-1,E07000137,3,2,2,1,2,-1,7,3,0,1,4,1,0,0,0,0,0,8,16
2024320487664,2024,320487664,530438,343110,-0.05914,52.96949,3,3,5,23:24,-1,E07000136,3,2,1,0,1,"[-1, 4, 9]",3,"[7, 1]",0,0,0,1,0,0,0,0,0,8,15
2024320488959,2024,320488959,532203,327317,-0.03929,52.82717,3,3,6,12:10,-1,E07000140,4,0,1,0,2,"[2, 14]","[0, 2]","[0, 6]","[0, 4]",0,0,1,0,0,0,0,0,8,16
2024320488984,2024,320488984,494529,366036,-0.58691,53.18303,3,3,6,15:30,-1,E07000139,5,0,1,0,1,-1,6,2,0,0,0,1,1,0,0,0,0,8,9
2024320489035,2024,320489035,509026,389065,-0.36217,53.38718,3,3,6,14:00,-1,E07000142,3,0,1,0,2,"[9, -1]","[4, 2]","[3, 6]",0,0,0,1,0,0,0,0,0,8,16
2024320489231,2024,320489231,555146,364860,0.31895,53.15827,2,"[3, 2]",6,14:40,-1,E07000137,5,0,1,0,1,"[-1, 9]","[8, 4]","[4, 3]",0,0,0,1,0,1,0,0,0,8,16
2024320489283,2024,320489283,494084,373303,-0.59142,53.24842,2,2,6,16:22,-1,E07000142,3,0,1,0,2,"[-1, 13]","[8, 4]","[4, 8]",0,"[0, 1]",0,1,0,0,0,0,0,8,16
2024320489369,2024,320489369,526955,369554,-0.10054,53.2079,3,3,6,17:20,-1,E07000137,3,0,1,0,2,"[-1, 10]",7,"[3, 4]",0,0,0,1,0,0,0,0,0,8,16
2024320489468,2024,320489468,496967,371920,-0.54865,53.23547,3,3,6,18:25,-1,E07000138,4,0,1,0,1,"[4, -1]",8,"[6, 4]",0,0,0,1,0,0,0,0,0,8,16
2024320489508,2024,320489508,491136,333385,-0.64688,52.8902,2,2,6,17:30,-1,E07000141,3,0,1,0,2,"[4, -1]",8,4,0,0,0,1,0,0,0,0,0,8,16
2024320489533,2024,320489533,494660,367965,-0.58438,53.20035,2,"[2, 3]",6,15:14,-1,E07000138,4,0,1,0,1,"[14, 9]","[8, 2]","[4, 8]",0,0,0,0,0,1,0,0,0,8,16
2024320489815,2024,320489815,497580,374289,-0.53875,53.25664,3,3,6,18:02,-1,E07000142,3,0,1,0,2,-1,"[5, 1]","[1, 5]",0,"[0, 7]",0,1,0,0,0,0,0,8,16
2024320492121,2024,320492121,488306,353550,-0.68344,53.0719,3,3,3,13:36,-1,E07000139,3,0,1,0,2,-1,8,4,0,0,0,1,0,0,1,0,0,8,13
2024320492514,2024,320492514,554899,368946,0.31724,53.19504,1,1,1,09:30,-1,E07000137,5,0,1,0,2,"[-1, 7]","[6, 1]",2,0,0,0,1,1,0,0,0,0,8,18
2024320492827,2024,320492827,531005,338120,-0.05272,52.92452,3,3,1,14:22,-1,E07000136,5,0,1,0,2,-1,8,4,"[0, 10]",0,0,0,0,1,0,0,0,8,18
2024320492932,2024,320492932,526563,317874,-0.1266,52.74368,3,3,5,17:20,-1,E07000140,6,0,1,0,2,"[1, -1]","[5, 3]","[1, 7]",0,0,0,1,1,0,0,0,0,8,15
2024320492970,2024,320492970,522530,370209,-0.1665,53.21482,2,2,1,14:30,-1,E07000137,4,0,1,0,2,-1,6,4,0,1,9,0,0,1,0,0,0,8,18
2024320493003,2024,320493003,522530,370210,-0.1665,53.21483,3,3,1,15:04,-1,E07000137,4,0,1,0,2,-1,6,4,0,0,0,0,0,1,0,0,0,8,18
2024320493101,2024,320493101,533047,344476,-0.01975,52.98112,3,3,1,17:00,-1,E07000136,3,0,1,0,1,"[3, -1]",6,2,0,0,0,1,0,1,0,0,0,8,18
2024320493835,2024,320493835,491375,369367,-0.63314,53.21352,3,3,2,07:50,-1,E07000139,4,0,1,0,2,"[13, 9]",8,"[4, 6]",0,0,0,1,0,1,0,0,0,8,19
2024320494126,2024,320494126,491544,374908,-0.62902,53.26328,3,3,2,10:03,-1,E07000142,3,0,1,0,2,"[-1, 9]",4,8,0,0,0,1,0,0,0,0,0,8,19
2024320494182,2024,320494182,555666,364788,0.32669,53.15747,3,3,3,17:07,-1,E07000137,6,0,1,0,1,-1,4,"[6, 8]",0,0,0,1,1,0,0,0,0,8,13
2024320494185,2024,320494185,493682,336213,-0.60824,52.91518,3,3,7,17:00,-1,E07000141,6,0,9,0,1,"[9, -1]",2,6,0,0,0,1,0,1,0,0,0,8,17
2024320495169,2024,320495169,509924,345532,-0.36363,52.99584,3,3,2,16:10,-1,E07000139,5,0,1,0,2,-1,"[2, 6]","[6, 2]",0,0,0,1,0,0,0,0,0,8,19
2024320495272,2024,320495272,556760,368039,0.34463,53.18635,3,3,2,18:43,-1,E07000137,3,0,1,0,1,"[4, -1]",8,4,0,0,0,1,0,0,0,0,0,8,19
2024320495552,2024,320495552,500280,355717,-0.5041,53.08926,3,3,2,21:58,-1,E07000139,5,2,2,1,2,-1,4,8,0,7,0,1,0,0,0,0,0,8,19
2024320495556,2024,320495556,520569,386048,-0.18985,53.35757,3,3,2,22:30,-1,E07000137,3,2,1,1,2,"[7, -1]","[4, 2]",6,0,7,0,1,0,0,0,0,0,8,19
2024320496041,2024,320496041,491109,335648,-0.64665,52.91055,3,3,3,08:09,-1,E07000141,5,0,1,0,1,"[4, -1, 3]","[8, 4]","[4, 8]",0,0,0,1,0,0,0,0,0,8,20
2024320496680,2024,320496680,507806,347117,-0.39465,53.01052,3,3,3,11:45,-1,E07000139,6,0,1,0,1,"[9, -1]","[6, 3]","[3, 7]",0,0,0,1,0,0,0,0,0,8,20
2024320496925,2024,320496925,494791,366346,-0.5829,53.18577,3,3,2,11:39,-1,E07000139,5,0,1,0,1,"[1, -1]","[4, 2]","[8, 6]",0,0,0,1,0,0,0,1,0,8,19
2024320497091,2024,320497091,505870,362249,-0.41852,53.14687,3,3,3,13:31,-1,E07000139,4,0,1,1,2,-1,"[4, 8]","[8, 4]",0,"[1, 7]","[9, 0]",1,0,0,0,0,0,8,20
2024320497204,2024,320497204,497787,370291,-0.53687,53.22068,3,3,3,10:10,-1,E07000138,6,0,9,0,1,-1,"[8, 5]","[4, 1]",0,0,0,1,0,0,0,1,0,8,13
2024320497317,2024,320497317,526576,320328,-0.12546,52.76573,3,3,3,15:37,-1,E07000140,5,0,1,0,2,-1,"[6, 4]","[2, 8]",0,"[7, 0]",0,1,0,0,0,0,0,8,20
2024320497536,2024,320497536,505395,348388,-0.43016,53.02242,1,1,3,17:35,-1,E07000139,3,0,1,0,2,"[-1, 13]","[8, 4]","[4, 8]",0,"[0, 1]",0,0,0,1,1,0,0,8,20
2024320497611,2024,320497611,525702,371965,-0.11834,53.22986,3,3,3,19:00,-1,E07000137,5,0,1,0,2,"[7, -1]","[5, 3]",7,0,"[0, 7]",0,1,0,0,0,0,0,8,20
2024320498318,2024,320498318,533118,344512,-0.01868,52.98143,3,3,6,11:35,-1,E07000136,3,0,1,0,1,-1,2,6,0,0,0,1,0,0,0,0,0,8,16
2024320499023,2024,320499023,497647,372621,-0.53825,53.24164,3,3,2,14:30,-1,E07000138,5,0,1,0,1,-1,7,3,0,0,0,1,0,0,0,0,1,8,19
2024320499908,2024,320499908,482799,389598,-0.75626,53.39673,2,2,4,16:32,-1,E07000142,6,0,1,0,1,"[9, 13]","[7, 5]","[3, 1]",0,0,0,1,0,0,0,1,0,8,21
2024320500564,2024,320500564,524701,323528,-0.15201,52.79491,3,3,5,08:11,-1,E07000140,4,0,1,0,1,"[-1, 9]","[1, 3]","[5, 1]",0,0,0,1,0,0,0,0,0,8,22
2024320501763,2024,320501763,493776,322674,-0.61073,52.79349,3,3,5,10:44,-1,E07000141,3,0,1,0,2,4,5,1,0,0,0,1,0,0,0,0,0,8,22
2024320501868,2024,320501868,495848,369713,-0.56607,53.21584,3,3,5,17:40,-1,E07000138,4,0,1,0,2,4,2,6,0,0,0,1,0,0,0,0,0,8,22
2024320502836,2024,320502836,532802,344177,-0.02352,52.97849,3,3,4,15:25,-1,E07000136,6,2,1,0,1,1,7,3,0,0,0,1,0,0,0,0,1,8,21
2024320503028,2024,320503028,523657,323290,-0.16758,52.79302,3,3,3,18:03,-1,E07000140,6,0,1,0,1,"[9, -1]","[7, 2]","[4, 7]",0,0,0,1,0,0,0,1,0,8,20
2024320503132,2024,320503132,496683,389491,-0.54756,53.39341,3,3,4,08:45,-1,E07000142,3,0,1,0,2,"[9, -1]","[3, 5]","[5, 1]",0,0,0,1,0,0,0,0,0,6,5
2024320503837,2024,320503837,515853,344130,-0.27584,52.982,1,"[1, 3]",6,11:00,-1,E07000139,3,0,1,0,2,-1,"[4, 6]","[8, 2]",0,"[0, 3]","[0, 1]",1,0,0,0,0,0,8,23
2024320504337,2024,320504337,528057,342731,-0.09472,52.96666,3,3,6,20:55,-1,E07000136,3,2,1,0,2,"[2, 9, -1]","[0, 6, 2]","[0, 5, 6]","[0, 4]","[0, 1]","[0, 1]",1,0,0,0,0,0,8,23
2024320504379,2024,320504379,532624,343656,-0.02638,52.97386,3,3,6,21:41,-1,E07000136,6,2,1,0,1,"[-1, 2]","[4, 0]","[8, 0]","[4, 0]",0,0,1,1,0,0,0,0,8,23
2024320505383,2024,320505383,492357,330407,-0.62958,52.86323,3,3,7,10:00,-1,E07000141,3,0,2,1,2,-1,"[5, 1]","[1, 7]",0,1,0,1,0,0,0,0,0,8,24
2024320505539,2024,320505539,545461,367464,0.1754,53.18439,3,3,7,12:20,-1,E07000137,3,0,2,1,2,-1,3,7,0,1,3,1,0,0,0,0,0,8,24
2024320505624,2024,320505624,491728,335760,-0.63742,52.91145,3,3,7,09:55,-1,E07000141,6,0,2,1,1,-1,"[3, 8]","[7, 4]",0,0,0,1,0,0,0,0,0,8,24
2024320505784,2024,320505784,554904,368839,0.31726,53.19408,3,3,7,13:05,-1,E07000137,5,0,9,1,2,"[-1, 2]","[2, 0]","[6, 0]","[4, 0]","[1, 0]",0,1,0,0,0,1,0,8,24
2024320505828,2024,320505828,502479,371845,-0.46612,53.23376,2,2,7,16:55,-1,E07000142,5,0,1,1,2,"[9, -1]","[1, 7]","[7, 3]",0,0,"[1, 0]",1,0,0,0,0,0,8,24
2024320505877,2024,320505877,530596,338548,-0.05862,52.92846,3,3,6,11:00,-1,E07000136,4,0,1,0,2,"[-1, 9]","[2, 6]","[6, 4]",0,0,0,1,0,1,0,0,0,8,23
2024320505882,2024,320505882,504584,323036,-0.45039,52.79476,3,3,7,17:00,-1,E07000141,3,0,2,1,2,-1,1,4,0,1,1,1,0,0,0,0,0,8,24
2024320506408,2024,320506408,499081,343608,-0.52572,52.98067,2,2,7,23:45,-1,E07000139,3,2,1,0,2,-1,3,7,0,0,0,1,0,0,0,0,1,8,24
2024320506784,2024,320506784,490750,334628,-0.65227,52.90144,3,3,1,09:10,-1,E07000141,3,0,1,0,1,"[9, -1]","[2, 6]","[8, 2]",0,0,0,1,1,0,0,0,0,8,25
2024320507148,2024,320507148,543206,377755,0.1463,53.27744,3,3,2,12:50,-1,E07000137,5,0,1,0,2,-1,8,4,0,0,0,1,0,0,0,1,0,8,19
2024320507935,2024,320507935,491885,334949,-0.63531,52.90413,3,3,7,15:20,-1,E07000141,3,0,1,0,1,-1,8,4,0,0,0,1,0,0,0,0,1,8,24
2024320508882,2024,320508882,504981,344841,-0.43748,52.99063,3,3,2,14:20,-1,E07000139,3,0,1,0,2,-1,"[6, 2]","[2, 6]",0,0,0,1,0,0,0,0,0,8,26
2024320509908,2024,320509908,499724,373601,-0.50684,53.25006,3,3,3,08:25,-1,E07000138,6,0,1,0,1,1,2,6,0,0,0,1,0,0,0,0,1,8,27
2024320510813,2024,320510813,512698,390190,-0.30658,53.39652,2,2,2,11:45,-1,E07000142,4,0,1,0,2,-1,2,6,0,0,0,0,0,1,0,0,0,8,26
2024320512720,2024,320512720,533238,387512,0.001,53.36768,2,2,4,10:50,-1,E07000137,5,0,1,0,1,-1,"[1, 6]","[6, 2]",0,0,0,1,1,0,0,0,0,8,28
2024320513702,2024,320513702,520989,335690,-0.20253,52.90503,3,3,4,18:30,-1,E07000140,3,0,1,0,2,"[7, -1]",7,"[1, 3]",0,0,0,0,0,1,0,0,0,8,28
2024320513884,2024,320513884,502787,308134,-0.48169,52.66119,2,2,4,15:15,-1,E07000141,6,0,1,0,1,4,8,4,0,0,0,1,0,0,0,0,1,8,28
2024320513903,2024,320513903,515351,320740,-0.29159,52.77194,2,"[3, 2]",4,19:22,-1,E07000141,3,0,1,0,2,-1,"[7, 3]","[3, 7]",0,"[1, 0]",0,1,0,0,0,0,0,8,28
2024320513968,2024,320513968,511354,400932,-0.32299,53.49332,3,3,4,19:08,-1,E07000142,3,0,1,0,2,"[-1, 9]","[6, 2]","[2, 1]",0,"[3, 0]","[2, 0]",1,0,0,0,0,0,8,28
2024320514064,2024,320514064,524490,339417,-0.14907,52.93772,3,3,4,23:00,-1,E07000136,3,2,1,0,2,"[-1, 9]","[2, 6]","[6, 3]",0,0,0,1,0,0,0,0,0,8,28
2024320514340,2024,320514340,530948,342215,-0.05191,52.96132,3,3,5,06:00,-1,E07000136,5,0,1,0,2,-1,4,8,0,0,1,1,0,0,0,0,0,8,29
2024320514448,2024,320514448,533271,388530,0.00193,53.37682,3,3,3,18:35,-1,E07000137,5,0,1,0,1,"[7, -1]",4,"[6, 8]",0,0,0,1,0,0,0,0,0,8,27
2024320516013,2024,320516013,501300,360228,-0.48746,53.1296,3,3,5,12:20,-1,E07000139,3,0,1,0,2,"[-1, 3]","[6, 8, 0]","[2, 4, 0]",0,0,0,1,0,0,1,0,0,8,29
2024320516539,2024,320516539,490525,401930,-0.63656,53.50628,2,2,5,20:40,-1,E07000142,5,2,1,0,2,-1,3,7,12,0,0,0,0,1,0,0,0,8,29
2024320517276,2024,320517276,532067,344053,-0.03451,52.97756,3,3,3,20:10,-1,E07000136,3,0,9,0,1,"[13, -1]","[4, 8]","[8, 4]",0,0,0,1,0,1,1,0,0,8,20
2024320517808,2024,320517808,502703,308182,-0.48292,52.66164,3,3,6,12:23,-1,E07000141,6,0,1,0,1,-1,4,8,0,7,4,1,0,0,0,0,0,8,30
2024320517870,2024,320517870,523689,322337,-0.16746,52.78445,3,3,6,13:28,-1,E07000140,3,0,1,0,1,"[5, -1]",2,6,0,0,0,1,0,0,0,0,0,8,30
2024320518100,2024,320518100,499652,348825,-0.51561,53.02744,3,3,6,16:32,-1,E07000139,3,0,1,0,2,"[-1, 9]","[4, 6]","[8, 4]",0,0,0,1,0,0,0,0,0,8,30
2024320518266,2024,320518266,501303,360226,-0.48741,53.12958,3,3,6,13:28,-1,E07000139,3,0,1,0,2,-1,"[8, 2]","[4, 6]",0,0,0,1,0,0,0,0,0,8,30
2024320518332,2024,320518332,529565,398513,-0.04965,53.46742,3,3,6,17:07,-1,E07000137,4,0,1,0,2,"[7, -1]",7,"[1, 3]",0,"[1, 7]",0,1,0,0,0,0,0,8,30
2024320518473,2024,320518473,514555,343704,-0.29531,52.97845,3,3,6,18:20,-1,E07000139,4,0,1,0,2,"[-1, 9]",4,"[8, 2]",0,"[0, 7]","[0, 10]",0,1,1,0,0,0,8,30
2024320518879,2024,320518879,525216,319397,-0.14596,52.75768,1,"[1, 2, 3]",6,23:31,-1,E07000140,3,2,1,0,2,"[13, -1]","[4, 8]","[8, 4]",0,"[0, 1]",0,1,0,0,0,0,0,8,30
2024320519438,2024,320519438,495377,378328,-0.57055,53.29334,3,3,7,09:25,-1,E07000142,4,0,1,0,2,"[-1, 9]","[4, 6]","[8, 4]",0,0,0,1,0,0,0,0,0,8,31
2024320519549,2024,320519549,491695,379187,-0.62552,53.30171,3,3,7,09:15,-1,E07000142,5,0,1,0,2,-1,"[4, 8]","[8, 4]",0,"[0, 7]",0,1,0,1,0,0,0,8,31
2024320520020,2024,320520020,518373,384408,-0.22344,53.34333,3,3,7,16:07,-1,E07000137,3,0,1,0,2,-1,2,4,0,0,0,0,0,1,0,0,0,8,31
2024320520273,2024,320520273,557030,366154,0.34774,53.16934,2,2,7,18:10,-1,E07000137,3,0,1,0,1,-1,6,2,0,0,0,1,0,0,0,0,1,8,31