collision_index,collision_year,collision_ref_no,location_easting_osgr,location_northing_osgr,longitude,latitude,casualty_severity,casualty_severity,day_of_week,time,local_authority_district,local_authority_ons_district,first_road_class,light_conditions,weather_conditions,road_surface_conditions,urban_or_rural_area,vehicle_manoeuvre,vehicle_direction_from,vehicle_direction_to,hit_object_in_carriageway,vehicle_leaving_carriageway,hit_object_off_carriageway,is_car,is_cyle,is_mcyle,is_goodsv,is_other,is_pedestrian,month,day
2024320588349,2024,320588349,497963,371328,-0.53392,53.22997,3,3,4,09:18,-1,E07000138,6,0,9,1,1,"[9, -1]",1,"[7, 5]",0,0,0,1,0,1,0,0,0,10,2
2024320588353,2024,320588353,494829,367911,-0.58186,53.19983,3,3,4,16:10,-1,E07000138,4,0,1,0,1,-1,2,4,0,0,0,1,0,0,0,0,1,10,2
2024320588513,2024,320588513,511028,389040,-0.33209,53.38654,3,3,4,17:30,-1,E07000142,3,0,1,0,2,-1,8,4,0,0,0,0,0,1,0,0,0,10,2
2024320588691,2024,320588691,556227,363289,0.33434,53.14384,3,3,4,17:03,-1,E07000137,3,0,1,0,1,"[4, -1]",2,6,0,0,0,1,0,0,0,0,0,10,2
2024320589080,2024,320589080,481600,389246,-0.77437,53.39375,3,3,4,21:00,-1,E07000142,6,2,1,0,1,"[-1, 2, 13]","[5, 0]","[1, 0]","[4, 0]",0,0,1,0,0,0,0,0,10,2
2024320589207,2024,320589207,519536,363139,-0.21396,53.15198,3,3,1,12:00,-1,E07000137,4,0,1,0,2,-1,4,8,0,0,0,1,0,0,0,0,1,9,1
2024320589462,2024,320589462,529532,351862,-0.06911,53.04834,3,3,5,05:30,-1,E07000137,5,2,1,0,2,-1,4,8,0,7,9,1,0,0,0,0,0,10,3
2024320590524,2024,320590524,532434,343824,-0.02914,52.97541,3,3,5,14:15,-1,E07000136,6,0,1,0,1,9,"[6, 4]","[4, 1]",0,0,0,1,0,0,0,0,0,10,3
2024320590905,2024,320590905,527870,364831,-0.08873,53.16525,3,3,5,17:23,-1,E07000137,4,0,1,0,2,"[-1, 7]","[8, 2]",4,0,0,0,1,0,0,0,0,0,10,3
2024320591356,2024,320591356,550955,384650,0.2657,53.33722,3,3,5,20:30,-1,E07000137,3,2,1,0,1,"[2, -1]","[0, 8]","[0, 4]","[0, 4]",0,0,1,0,0,0,0,0,10,3
2024320593066,2024,320593066,493753,323553,-0.61082,52.8014,3,3,6,14:00,-1,E07000141,3,0,1,0,2,4,5,1,"[1, 0]","[0, 1]",0,1,0,0,0,0,0,10,4
2024320593540,2024,320593540,492421,382608,-0.61364,53.33232,3,3,6,17:20,-1,E07000142,5,0,1,0,2,"[4, -1]",6,2,0,"[1, 0]","[9, 0]",1,0,0,0,0,0,10,4
2024320594290,2024,320594290,506932,317190,-0.41749,52.74177,3,3,6,16:12,-1,E07000141,3,0,8,0,2,-1,2,6,0,0,0,0,0,0,0,1,0,10,4
2024320594533,2024,320594533,507898,361392,-0.3885,53.13877,3,3,7,10:30,-1,E07000139,4,0,1,0,2,"[-1, 9]","[6, 8]","[2, 7]",0,0,0,1,0,1,0,0,0,10,5
2024320594722,2024,320594722,483760,378178,-0.74482,53.29395,3,3,7,11:10,-1,E07000142,3,0,1,0,2,4,6,8,0,0,0,1,0,0,0,0,0,10,5
2024320594723,2024,320594723,496149,369180,-0.56173,53.211,3,3,5,15:30,-1,E07000138,5,0,1,0,1,-1,2,6,0,0,0,1,0,0,0,0,1,10,3
2024320594787,2024,320594787,532932,344126,-0.02161,52.978,3,3,5,12:15,-1,E07000136,6,0,8,1,1,1,7,3,0,0,0,1,0,0,0,0,1,10,3
2024320595392,2024,320595392,482828,389231,-0.75592,53.39343,3,3,7,18:57,-1,E07000142,6,2,1,0,1,"[-1, 2]","[8, 0]","[4, 0]","[4, 0]",0,0,1,0,0,0,0,0,10,5
2024320595493,2024,320595493,528590,398417,-0.06436,53.4668,3,3,7,23:06,-1,E07000137,3,2,1,0,2,-1,4,8,0,1,9,1,0,0,0,0,0,10,5
2024320596547,2024,320596547,506085,347201,-0.42026,53.01161,3,3,1,14:10,-1,E07000139,6,0,1,0,2,"[9, -1]","[1, 6]","[6, 2]",0,0,0,1,0,0,0,0,0,10,6
2024320597171,2024,320597171,498057,372292,-0.53221,53.23861,3,3,1,20:25,-1,E07000138,5,2,1,0,1,"[-1, 2]","[6, 2, 0]","[2, 6, 0]","[4, 0]",0,0,1,0,0,0,0,0,10,6
2024320597183,2024,320597183,511359,400930,-0.32291,53.4933,3,3,7,12:50,-1,E07000142,3,0,1,0,2,"[10, -1]","[3, 6]","[1, 3, 6]",0,0,0,1,0,0,0,0,0,10,5
2024320597830,2024,320597830,554126,366112,0.30431,53.16981,3,3,2,10:00,-1,E07000137,5,0,1,0,2,-1,8,6,0,1,9,1,0,0,0,0,0,10,7
2024320598359,2024,320598359,498053,371619,-0.53248,53.23257,3,3,4,16:25,-1,E07000138,3,0,1,0,1,-1,6,2,0,0,0,1,0,0,0,0,1,10,2
2024320598581,2024,320598581,492916,336714,-0.61948,52.91982,3,3,6,16:00,-1,E07000141,5,0,1,0,1,"[3, -1, 10]",6,"[2, 4]",0,0,0,1,0,0,0,0,0,10,4
2024320599128,2024,320599128,537885,386790,0.07048,53.36001,2,2,2,17:00,-1,E07000137,4,0,1,0,2,-1,6,2,0,0,0,1,1,0,0,0,0,10,7
2024320600017,2024,320600017,489627,335684,-0.66867,52.91112,3,3,7,09:20,-1,E07000141,6,0,1,0,1,"[10, -1]",4,"[2, 8]",0,0,0,1,0,0,0,0,0,10,5
2024320600250,2024,320600250,496961,372841,-0.54846,53.24375,2,2,2,17:10,-1,E07000138,4,0,2,1,1,-1,8,4,0,0,0,0,1,0,0,0,1,9,30
2024320603015,2024,320603015,504615,323236,-0.44987,52.79655,2,2,4,08:05,-1,E07000141,3,0,1,1,2,-1,2,6,0,1,2,1,0,0,0,0,0,10,9
2024320603271,2024,320603271,523953,338643,-0.15736,52.93089,3,3,3,15:25,-1,E07000136,3,0,1,1,2,"[-1, 4]",6,2,0,0,0,1,0,0,1,0,0,10,8
2024320603737,2024,320603737,482650,345541,-0.76988,53.00082,3,3,4,13:11,-1,E07000141,5,0,2,1,2,-1,"[4, 8]","[8, 4]",0,0,0,1,0,0,0,0,0,10,9
2024320603858,2024,320603858,556607,363419,0.34008,53.1449,3,3,4,08:30,-1,E07000137,3,0,1,1,1,-1,"[4, 2]","[8, 6]",0,0,0,1,0,0,0,0,0,10,9
2024320604282,2024,320604282,508966,319920,-0.38647,52.7659,2,2,4,19:00,-1,E07000141,6,2,2,1,1,"[-1, 2]","[4, 0]","[8, 0]","[4, 0]",0,0,1,0,0,0,0,0,10,9
2024320606011,2024,320606011,540163,366145,0.0956,53.17396,2,2,3,17:00,-1,E07000137,6,0,2,1,2,-1,3,7,0,0,0,1,0,0,0,0,1,10,8
2024320606212,2024,320606212,501001,354656,-0.49368,53.07959,3,3,5,16:00,-1,E07000139,5,0,1,0,2,-1,"[4, 8]","[8, 4]",0,0,0,1,0,0,0,0,0,10,10
2024320606634,2024,320606634,533549,343285,-0.01277,52.9703,3,3,5,21:55,-1,E07000136,5,2,1,0,1,-1,"[8, 4]","[4, 8]",0,0,"[0, 3]",1,0,0,0,0,0,10,10
2024320607693,2024,320607693,556257,363383,0.33483,53.14468,3,3,5,18:00,-1,E07000137,3,0,1,0,1,"[4, 3]",6,2,0,"[0, 1]",0,1,0,0,0,0,0,10,10
2024320607742,2024,320607742,504821,351646,-0.43765,53.05181,3,3,6,06:30,-1,E07000139,5,0,1,0,2,-1,7,3,0,7,0,1,0,0,0,0,0,10,11
2024320608371,2024,320608371,506133,348663,-0.41907,53.02474,2,2,6,13:30,-1,E07000139,4,0,1,0,2,"[1, -1]","[1, 6]","[5, 2]",0,"[0, 1]",0,1,0,1,0,0,0,10,11
2024320608513,2024,320608513,512104,312704,-0.34244,52.70041,3,3,5,16:10,-1,E07000141,3,0,1,0,2,-1,8,4,0,0,0,1,0,0,0,0,1,10,10
2024320608676,2024,320608676,498644,359311,-0.52742,53.12186,1,1,6,16:45,-1,E07000139,3,0,1,0,2,"[9, -1]","[2, 8]","[8, 4]",0,0,0,1,0,1,0,0,0,10,11
2024320609073,2024,320609073,545651,377591,0.18286,53.2753,1,1,7,00:13,-1,E07000137,3,2,1,0,2,-1,5,8,0,1,4,1,0,0,0,0,0,10,12
2024320609178,2024,320609178,502677,355631,-0.46835,53.08803,3,3,7,03:40,-1,E07000139,3,2,1,1,2,-1,4,8,0,7,4,1,0,0,0,0,0,10,12
2024320609292,2024,320609292,532728,343592,-0.02486,52.97326,3,3,6,18:55,-1,E07000136,6,2,1,0,1,-1,5,1,0,0,0,1,0,0,0,0,1,10,11
2024320610352,2024,320610352,494281,358957,-0.5927,53.11946,3,3,7,15:45,-1,E07000139,6,0,1,0,2,-1,6,2,0,1,1,1,0,0,0,0,0,10,12
2024320610605,2024,320610605,535407,331706,0.01005,52.86581,3,3,7,20:12,-1,E07000140,5,2,1,1,2,-1,7,3,0,0,0,1,0,0,0,0,0,10,12
2024320611195,2024,320611195,493396,370965,-0.60242,53.22753,3,3,5,16:06,-1,E07000139,5,0,1,0,2,-1,2,8,0,0,0,1,0,0,0,0,0,10,3
2024320611507,2024,320611507,557106,366547,0.34907,53.17285,3,3,1,08:20,-1,E07000137,3,0,1,0,1,"[-1, 9]","[4, 8]","[8, 6]",0,"[0, 7]","[0, 2]",1,0,0,1,0,0,10,13
2024320612028,2024,320612028,499243,374034,-0.51391,53.25405,3,3,1,11:00,-1,E07000142,4,0,1,0,2,-1,6,2,0,0,0,1,0,1,0,0,0,10,13
2024320612162,2024,320612162,528622,398336,-0.06392,53.46606,2,2,1,18:45,-1,E07000137,3,2,1,0,2,"[13, 9]",4,"[8, 2]",0,"[1, 0]","[10, 0]",1,0,1,0,0,0,10,13
2024320612549,2024,320612549,505775,347548,-0.42477,53.01479,3,3,2,06:40,-1,E07000139,3,2,2,1,2,"[-1, 9]","[5, 7]","[1, 5]",0,0,0,1,0,0,0,0,0,10,14
2024320614465,2024,320614465,502004,366003,-0.4751,53.18136,2,2,2,19:15,-1,E07000139,5,2,1,0,2,"[-1, 3]",6,2,0,0,0,1,1,0,0,0,0,10,14
2024320614500,2024,320614500,497225,370878,-0.54511,53.22606,2,2,2,05:15,-1,E07000138,3,2,9,1,1,-1,8,4,10,0,0,0,0,0,0,1,0,10,14
2024320616095,2024,320616095,502971,307048,-0.47931,52.6514,3,3,7,11:00,-1,E07000141,4,0,1,1,1,-1,7,3,0,0,0,0,0,0,1,0,1,10,12
2024320616451,2024,320616451,524584,331181,-0.15083,52.8637,3,3,3,14:10,-1,E07000140,3,0,1,1,2,-1,8,4,0,0,0,1,0,0,0,0,0,10,15
2024320617265,2024,320617265,535761,320323,0.01058,52.76345,2,2,4,05:40,-1,E07000140,4,2,5,1,2,-1,7,3,0,0,0,0,0,1,0,0,0,10,16
2024320617506,2024,320617506,509415,319130,-0.38008,52.75871,3,3,6,08:15,-1,E07000141,6,0,1,0,2,-1,"[4, 7]","[7, 4]",0,"[1, 0]","[10, 0]",1,0,0,0,0,0,10,11
2024320617604,2024,320617604,533372,388236,0.00332,53.37416,3,3,5,15:20,-1,E07000137,5,0,8,0,1,-1,8,4,0,0,0,1,0,0,0,0,1,10,10
2024320617706,2024,320617706,550617,385127,0.26085,53.3416,2,2,4,09:30,-1,E07000137,3,0,1,1,1,9,4,2,0,0,0,1,0,0,0,0,1,10,16
2024320617752,2024,320617752,499318,374047,-0.51278,53.25415,3,3,2,10:59,-1,E07000142,3,0,8,0,2,"[3, -1]",4,8,0,0,0,1,0,0,0,0,0,10,14
2024320617868,2024,320617868,532718,330393,-0.0304,52.85468,3,3,2,10:00,-1,E07000140,3,0,1,0,2,"[4, -1]",4,8,0,"[0, 1]",0,1,0,0,0,0,0,10,14
2024320618175,2024,320618175,530584,360350,-0.04999,53.12434,3,3,4,09:28,-1,E07000137,4,0,1,1,2,"[-1, 9]","[8, 2]","[4, 8]",0,0,0,1,0,0,0,0,0,10,16
2024320618248,2024,320618248,545694,368300,0.17927,53.19184,3,3,4,09:00,-1,E07000137,3,0,1,0,2,-1,4,8,0,0,0,1,0,0,1,0,0,10,16
2024320618679,2024,320618679,510568,320208,-0.36264,52.76816,3,3,4,08:58,-1,E07000141,3,0,1,1,1,"[9, -1]","[7, 6]","[6, 2]",0,0,0,1,0,0,0,0,0,10,16
2024320619113,2024,320619113,535004,345096,0.00964,52.9862,3,3,4,18:00,-1,E07000136,3,2,1,1,2,"[-1, 9]","[8, 5]",4,0,"[1, 0]","[2, 0]",1,0,0,0,0,0,10,16
2024320619281,2024,320619281,499979,375767,-0.50234,53.26948,3,3,4,21:40,-1,E07000142,3,2,1,1,2,"[-1, 9]","[2, 4]","[6, 2]",0,0,0,1,0,1,0,0,0,10,16
2024320619635,2024,320619635,486138,342338,-0.71877,52.97149,3,3,5,05:12,-1,E07000141,3,2,1,1,2,-1,8,4,0,1,0,1,0,0,0,0,0,10,17
2024320620007,2024,320620007,495477,367177,-0.57239,53.19312,3,3,5,07:00,-1,E07000138,5,0,1,1,1,"[13, 6]",6,"[2, 6]",0,0,0,1,0,1,0,0,0,10,17
2024320620649,2024,320620649,500761,371606,-0.49193,53.23194,2,"[2, 3]",3,06:50,-1,E07000142,3,2,2,1,2,-1,"[6, 2]","[2, 6]",0,0,0,0,1,1,0,0,0,10,1
2024320621138,2024,320621138,501487,371676,-0.48103,53.23243,3,3,5,15:45,-1,E07000142,5,0,1,0,2,-1,2,8,0,2,11,1,0,0,0,0,0,10,17
2024320621221,2024,320621221,498041,373861,-0.53197,53.25271,3,3,5,15:30,-1,E07000138,6,0,1,0,1,-1,4,8,0,0,0,1,0,0,0,0,1,10,17
2024320621262,2024,320621262,532594,387956,-0.00848,53.37184,3,3,5,17:00,-1,E07000137,6,0,8,0,1,"[1, -1]","[1, 3]","[5, 7]",0,0,0,1,1,0,0,0,0,10,17
2024320621556,2024,320621556,514654,354025,-0.29018,53.07116,3,3,5,18:25,-1,E07000139,5,2,1,0,2,-1,"[4, 8]","[8, 4]",0,"[7, 0]","[4, 0]",1,0,0,0,0,0,10,17
2024320621596,2024,320621596,548325,367373,0.21818,53.18278,2,2,5,17:11,-1,E07000137,5,0,1,0,2,-1,7,3,0,7,9,1,0,0,0,0,0,10,17
2024320621688,2024,320621688,495692,336458,-0.57828,52.91703,3,3,5,22:25,-1,E07000141,4,2,1,0,2,-1,7,3,0,3,3,1,0,0,0,0,0,10,17
2024320622052,2024,320622052,493005,368605,-0.60896,53.20639,3,3,4,07:20,-1,E07000138,6,2,1,1,1,-1,"[2, 4]",8,0,0,0,1,1,0,0,0,0,10,16
2024320622193,2024,320622193,497380,371259,-0.54267,53.22945,3,3,4,05:00,-1,E07000138,3,0,1,0,1,-1,"[1, 8]","[5, 4]",0,0,0,1,0,1,0,0,0,10,16
2024320622633,2024,320622633,505533,363109,-0.42327,53.15467,2,2,6,09:45,-1,E07000139,4,0,1,0,2,-1,4,8,0,0,0,1,0,0,0,0,0,10,18
2024320622954,2024,320622954,497508,375546,-0.53944,53.26795,3,3,5,16:30,-1,E07000142,3,0,1,0,2,4,5,1,0,0,0,1,0,0,0,0,0,10,17
2024320623489,2024,320623489,510675,359687,-0.34759,53.12288,2,"[2, 3]",6,15:30,-1,E07000139,4,0,1,0,2,"[4, 10]",4,"[8, 2]",0,"[1, 0]","[1, 0]",1,0,0,0,0,0,10,18
2024320623736,2024,320623736,493616,392870,-0.59266,53.42433,2,2,6,17:00,-1,E07000142,4,0,1,0,2,"[-1, 9]","[6, 2]","[2, 8]",0,0,0,1,0,0,0,0,0,10,18
2024320624307,2024,320624307,497957,380689,-0.53113,53.31408,2,"[2, 3]",7,02:00,-1,E07000142,3,2,1,1,2,-1,6,2,0,7,4,1,0,0,0,0,0,10,19
2024320624814,2024,320624814,491530,361605,-0.63304,53.14374,2,"[3, 2]",7,10:47,-1,E07000139,5,0,2,1,2,-1,"[1, 5]","[5, 1]",0,"[1, 0]",0,1,0,0,0,0,0,10,19
2024320624984,2024,320624984,505777,347546,-0.42474,53.01478,3,3,7,13:00,-1,E07000139,3,0,1,1,2,"[-1, 9]","[5, 7]","[1, 5]",0,0,0,1,0,0,0,0,0,10,19
2024320626168,2024,320626168,493179,324762,-0.61899,52.81236,2,2,1,05:53,-1,E07000141,3,2,1,0,2,-1,4,8,0,0,0,0,0,0,1,0,1,10,20
2024320626813,2024,320626813,500313,368304,-0.49968,53.20236,3,3,1,13:30,-1,E07000139,4,0,2,1,2,"[-1, 12]",4,8,0,0,0,0,1,1,0,0,0,10,20
2024320627137,2024,320627137,488519,362658,-0.67775,53.15371,3,3,1,11:46,-1,E07000139,3,0,2,1,2,-1,6,2,0,0,0,0,0,1,0,0,0,10,20
2024320628533,2024,320628533,532436,344514,-0.02883,52.98161,3,3,6,08:00,-1,E07000136,3,0,1,0,1,-1,8,4,0,0,0,1,0,0,0,0,0,10,18
2024320629253,2024,320629253,528460,380405,-0.07364,53.30502,3,3,2,17:26,-1,E07000137,3,0,1,0,2,-1,4,8,0,"[1, 0]","[10, 0]",1,0,0,0,0,0,10,21
2024320630087,2024,320630087,527186,353342,-0.10351,53.0622,1,1,3,08:53,-1,E07000137,5,2,1,1,2,-1,8,4,0,7,8,1,0,0,0,0,0,10,22
2024320630226,2024,320630226,496980,372190,-0.54838,53.23789,3,3,2,11:40,-1,E07000138,4,0,1,0,1,"[-1, 9]","[2, 3]","[6, 2]",0,0,0,1,1,0,0,0,0,10,14
2024320630988,2024,320630988,493795,322610,-0.61047,52.79292,3,3,3,09:40,-1,E07000141,3,0,1,0,2,"[-1, 12]",1,5,0,"[4, 0]",0,1,0,0,1,0,0,10,22
2024320631756,2024,320631756,500059,368408,-0.50344,53.20334,3,3,3,17:37,-1,E07000139,3,0,1,1,2,-1,"[6, 2]","[2, 6]",0,0,0,1,0,1,0,0,0,10,22
2024320631935,2024,320631935,536358,322089,0.02016,52.77917,3,3,4,02:15,-1,E07000140,5,2,7,0,2,-1,5,1,12,0,0,0,0,1,0,0,0,10,23
2024320632390,2024,320632390,505779,347547,-0.42471,53.01478,3,3,6,13:51,-1,E07000139,3,0,1,0,2,-1,"[1, 7]","[5, 3]",0,0,0,1,0,0,0,0,0,10,18
2024320634097,2024,320634097,556200,362824,0.33371,53.13967,2,2,3,18:15,-1,E07000137,6,0,1,0,1,"[-1, 9]",2,"[6, 8]",0,0,0,1,0,1,0,0,0,10,22
2024320634623,2024,320634623,529030,334257,-0.08361,52.89029,3,3,5,07:20,-1,E07000136,3,0,1,0,2,"[-1, 11]",7,"[3, 2]",0,0,0,1,0,0,0,0,0,10,24
2024320635033,2024,320635033,505903,361978,-0.41811,53.14443,2,2,5,07:20,-1,E07000139,4,0,7,1,2,-1,8,4,0,1,0,0,0,1,0,0,0,10,24
2024320635739,2024,320635739,488599,340214,-0.68272,52.952,3,3,4,17:00,-1,E07000141,3,0,1,0,2,"[-1, 12]",5,1,0,"[5, 0]","[6, 0]",1,0,0,1,0,0,10,23
2024320635918,2024,320635918,505981,407089,-0.40186,53.54975,3,3,5,09:35,-1,E07000142,3,0,1,0,2,-1,2,6,0,8,10,1,0,0,0,0,0,10,24
2024320636008,2024,320636008,503058,306963,-0.47805,52.65062,3,3,5,18:38,-1,E07000141,4,2,1,0,1,"[9, 13]","[6, 4]","[3, 8]",0,0,"[1, 0]",1,0,1,0,0,0,10,24
2024320636205,2024,320636205,506533,307236,-0.42662,52.6524,3,3,5,21:20,-1,E07000141,3,2,1,0,2,-1,3,8,0,0,0,0,0,1,0,0,0,10,24
2024320636572,2024,320636572,493989,329262,-0.60568,52.85266,3,3,6,06:10,-1,E07000141,4,2,7,1,2,-1,8,6,6,1,1,1,0,0,0,0,0,10,25
2024320636641,2024,320636641,490002,336359,-0.66291,52.91712,3,3,5,11:30,-1,E07000141,3,0,1,0,1,"[-1, 4]",3,7,0,0,0,1,0,0,0,0,0,10,17
2024320636698,2024,320636698,499120,371385,-0.51657,53.23027,2,2,2,16:40,-1,E07000138,4,0,1,0,1,"[-1, 2]","[3, 0]","[7, 0]","[4, 0]",0,0,1,1,0,0,0,0,10,21
2024320636806,2024,320636806,500025,373296,-0.50242,53.24727,3,3,4,12:10,-1,E07000138,6,0,1,0,1,"[-1, 3]",6,2,0,0,0,1,0,0,0,0,0,10,23
2024320637082,2024,320637082,530401,345621,-0.05868,52.99206,3,3,6,07:10,-1,E07000136,5,2,7,1,2,-1,7,4,0,1,1,1,0,0,0,0,0,10,25
2024320637355,2024,320637355,545375,322285,0.15383,52.77858,2,2,6,12:00,-1,E07000140,5,0,9,0,2,-1,4,8,0,0,0,1,0,0,0,0,1,10,11
2024320637775,2024,320637775,509257,324644,-0.38058,52.80829,2,"[3, 2]",6,13:52,-1,E07000141,3,0,1,0,2,-1,1,5,0,7,4,1,0,0,0,0,0,10,25
2024320637876,2024,320637876,510578,361185,-0.34852,53.13636,2,2,3,17:30,-1,E07000139,6,0,1,0,2,-1,2,6,0,7,0,0,0,1,0,0,0,10,22
2024320638192,2024,320638192,529000,334260,-0.08405,52.89033,3,3,6,15:45,-1,E07000136,3,0,1,0,2,-1,6,8,0,0,0,1,0,0,0,0,0,10,25
2024320638584,2024,320638584,541629,365185,0.11709,53.16495,3,3,6,22:28,-1,E07000137,4,2,7,1,2,-1,6,2,0,0,0,1,0,0,0,0,0,10,25
2024320638788,2024,320638788,512076,378148,-0.32019,53.28846,1,1,7,04:05,-1,E07000142,3,2,7,0,2,-1,8,4,0,1,4,1,0,0,0,0,0,10,26
2024320638926,2024,320638926,532762,387056,-0.00634,53.36371,3,3,7,06:30,-1,E07000137,4,2,1,1,1,4,4,8,0,3,10,1,0,0,0,0,0,10,26
2024320639811,2024,320639811,556631,363299,0.34038,53.14381,3,3,7,15:20,-1,E07000137,6,0,1,1,1,-1,8,4,0,0,0,1,0,0,0,0,1,10,26
2024320639868,2024,320639868,491313,369403,-0.63406,53.21385,3,3,7,12:20,-1,E07000139,4,0,1,0,2,"[9, -1]","[4, 8]","[2, 4]",0,0,0,1,0,0,0,0,0,10,26
2024320640777,2024,320640777,499124,357457,-0.52082,53.10511,3,3,1,10:00,-1,E07000139,6,0,1,0,2,"[2, -1]","[0, 3]","[0, 7]","[0, 4]",0,0,1,0,0,0,0,0,10,27
2024320640846,2024,320640846,506996,360271,-0.40235,53.12888,2,2,6,17:00,-1,E07000139,5,2,1,1,2,-1,6,2,0,0,0,0,0,1,0,0,0,10,25
2024320641029,2024,320641029,533181,344587,-0.01771,52.98208,3,3,1,12:55,-1,E07000136,3,0,1,0,1,"[4, -1]",6,2,0,0,0,1,0,1,0,0,0,10,27
2024320641107,2024,320641107,540348,365988,0.09829,53.1725,3,3,1,11:48,-1,E07000137,4,0,1,0,2,-1,"[8, 4]","[4, 8]",0,0,0,1,0,0,0,0,0,10,27
2024320641217,2024,320641217,519704,383329,-0.20387,53.33334,2,2,1,13:15,-1,E07000137,5,0,1,1,2,-1,2,6,0,1,0,0,0,1,0,0,0,10,27
2024320641296,2024,320641296,547138,354114,0.19436,53.06401,3,3,1,14:10,-1,E07000137,3,0,1,0,2,"[4, -1]","[6, 2]","[2, 6]",0,0,0,1,0,0,0,0,0,10,27
2024320641538,2024,320641538,506434,316062,-0.42523,52.73173,3,3,1,17:30,-1,E07000141,3,2,1,0,2,-1,"[3, 2]","[7, 6]",0,"[0, 1]","[0, 9]",1,0,0,0,0,0,10,27
2024320641650,2024,320641650,508984,378962,-0.36627,53.29642,2,2,1,20:35,-1,E07000142,4,2,2,1,2,-1,6,2,0,0,0,1,0,0,0,0,0,10,27
2024320641662,2024,320641662,507942,332095,-0.39762,52.87551,3,3,1,20:35,-1,E07000141,3,2,1,0,2,-1,4,8,0,1,3,1,0,0,0,0,0,10,27
2024320641668,2024,320641668,496844,371446,-0.55064,53.23123,2,2,1,16:40,-1,E07000138,3,2,1,0,1,-1,4,8,0,0,0,1,0,0,0,0,1,10,27
2024320641912,2024,320641912,492366,330478,-0.62943,52.86387,3,3,2,04:05,-1,E07000141,3,2,2,1,2,-1,1,5,10,1,0,1,0,0,0,0,0,10,28
2024320641956,2024,320641956,512689,402620,-0.30227,53.5082,3,3,2,06:10,-1,E07000142,3,2,2,1,2,-1,5,2,0,1,4,1,0,0,0,0,0,10,28
2024320642767,2024,320642767,516710,355382,-0.25901,53.08291,3,3,6,07:30,-1,E07000139,3,2,7,1,2,"[1, -1]","[1, 3]","[5, 7]",0,"[0, 7]",0,0,0,1,1,0,0,10,25
2024320642844,2024,320642844,488125,373597,-0.68062,53.25208,2,2,2,09:10,-1,E07000142,4,0,1,1,2,-1,"[2, 4]","[6, 8]",0,2,"[9, 0]",1,0,0,0,0,0,10,28
2024320644202,2024,320644202,541831,388726,0.1306,53.37636,3,3,2,21:19,-1,E07000137,4,2,1,0,2,-1,6,4,0,1,9,1,0,0,0,0,0,10,21
2024320644226,2024,320644226,501339,375067,-0.48217,53.26293,3,3,1,14:20,-1,E07000142,6,0,1,0,2,"[-1, 1]","[4, 6]","[8, 2]",0,0,0,1,0,0,0,0,0,10,27
2024320644459,2024,320644459,500776,373479,-0.49111,53.24877,3,3,2,08:40,-1,E07000142,3,0,1,1,2,"[-1, 9]","[6, 8]","[2, 6]",0,0,0,1,0,0,0,0,0,10,28
2024320645326,2024,320645326,496328,370044,-0.55879,53.21873,3,3,3,11:58,-1,E07000138,4,0,1,0,1,"[4, -1]",2,6,0,0,0,1,0,0,0,0,0,10,29
2024320645724,2024,320645724,497331,371050,-0.54347,53.22759,3,3,3,15:15,-1,E07000138,4,0,1,0,1,9,6,4,0,7,0,1,0,0,0,0,1,10,29
2024320645761,2024,320645761,502470,378971,-0.46397,53.29779,3,3,2,11:01,-1,E07000142,3,0,1,0,2,-1,"[6, 4]","[2, 1]",0,"[1, 0]",0,1,0,0,0,0,0,10,28
2024320645876,2024,320645876,510164,318999,-0.36903,52.75738,3,3,3,19:00,-1,E07000141,3,2,1,0,1,-1,5,1,0,0,0,1,0,0,0,0,1,10,29
2024320645997,2024,320645997,516808,329430,-0.2669,52.84971,3,3,3,17:15,-1,E07000140,4,2,1,1,2,"[-1, 9]",3,"[7, 1]",0,0,0,1,0,0,0,1,0,10,29
2024320647852,2024,320647852,556740,364278,0.34248,53.15258,3,3,4,15:50,-1,E07000137,6,0,1,0,1,-1,"[2, 8]","[6, 4]",0,0,0,1,0,0,0,0,0,10,30
2024320647990,2024,320647990,495454,367153,-0.57274,53.19291,3,3,4,17:20,-1,E07000138,5,2,1,0,1,-1,"[2, 4]","[6, 8]",0,0,0,1,0,0,0,0,0,10,30
2024320648133,2024,320648133,509986,391983,-0.34672,53.4132,2,"[3, 2]",4,17:40,-1,E07000142,3,2,1,0,2,"[-1, 8, 9]","[6, 2, 4]","[2, 4]",0,0,0,1,0,0,0,0,0,10,30
2024320648450,2024,320648450,507796,377618,-0.38455,53.28458,3,3,5,03:40,-1,E07000142,3,2,1,0,2,-1,6,2,0,7,0,1,0,0,0,0,0,10,31
2024320648924,2024,320648924,494947,367353,-0.58026,53.19479,3,3,3,16:05,-1,E07000139,3,0,1,0,1,"[4, -1]","[2, 4]","[6, 8]",0,0,0,1,1,0,0,0,0,10,29
2024320649287,2024,320649287,503286,353078,-0.46008,53.06497,3,3,5,11:30,-1,E07000139,4,0,1,0,2,7,8,2,0,7,10,1,0,0,0,0,0,10,31
2024320649370,2024,320649370,556082,364193,0.33261,53.152,3,3,1,14:30,-1,E07000137,3,0,2,1,1,"[-1, 7]","[4, 6]",8,0,0,0,1,0,0,0,0,0,10,20
2024320650722,2024,320650722,497188,369583,-0.54605,53.21443,3,3,6,03:34,-1,E07000138,3,2,1,0,2,-1,2,6,0,"[1, 0]","[10, 0]",1,0,0,0,0,0,11,1