collision_index,collision_year,collision_ref_no,location_easting_osgr,location_northing_osgr,longitude,latitude,casualty_severity,casualty_severity,day_of_week,time,local_authority_district,local_authority_ons_district,first_road_class,light_conditions,weather_conditions,road_surface_conditions,urban_or_rural_area,vehicle_manoeuvre,vehicle_direction_from,vehicle_direction_to,hit_object_in_carriageway,vehicle_leaving_carriageway,hit_object_off_carriageway,is_car,is_cyle,is_mcyle,is_goodsv,is_other,is_pedestrian,month,day
2024320651258,2024,320651258,533881,345331,-0.00699,52.98859,3,3,6,09:00,-1,E07000136,3,0,1,0,1,9,8,6,0,0,0,1,0,0,0,0,1,11,1
2024320652002,2024,320652002,493214,352798,-0.61042,53.0643,1,"[1, 3]",6,14:00,-1,E07000139,3,0,1,0,2,-1,"[4, 8]","[8, 4]",0,"[1, 7]","[0, 4]",1,0,0,1,0,0,11,1
2024320652277,2024,320652277,494795,396592,-0.5738,53.45756,3,3,6,13:55,-1,E07000142,4,0,1,0,2,"[7, 13]","[1, 3]","[3, 7]",0,0,0,1,0,0,0,0,0,11,1
2024320652759,2024,320652759,492216,331589,-0.63134,52.87388,2,"[2, 3]",6,16:28,-1,E07000141,3,2,1,0,2,-1,"[8, 4, 2]","[4, 8, 6]",0,"[6, 0]",0,1,0,0,0,0,0,11,1
2024320654120,2024,320654120,493668,323992,-0.61196,52.80536,3,3,7,13:10,-1,E07000141,3,0,1,1,2,-1,4,8,0,7,7,1,0,0,0,0,0,11,2
2024320654242,2024,320654242,481731,389625,-0.77231,53.39714,3,3,2,09:00,-1,E07000142,3,0,1,0,1,"[-1, 9]","[6, 2]","[2, 7]",0,0,0,1,1,0,0,0,0,10,28
2024320654355,2024,320654355,525480,323517,-0.14047,52.79464,3,3,7,07:44,-1,E07000140,6,0,2,1,1,-1,6,2,"[0, 10]","[0, 1]",0,1,0,0,0,0,0,11,2
2024320654396,2024,320654396,535033,344066,0.00964,52.97694,2,2,6,14:00,-1,E07000136,5,0,1,0,1,"[7, -1]","[5, 4]","[7, 8]",0,0,0,1,1,0,0,0,0,11,1
2024320654407,2024,320654407,524838,322199,-0.15049,52.78294,3,3,7,15:44,-1,E07000140,4,0,1,1,1,"[9, -1]","[6, 2]","[2, 6]",0,0,0,1,0,0,0,0,0,11,2
2024320654480,2024,320654480,499167,322537,-0.53085,52.7913,2,2,7,17:20,-1,E07000141,5,2,2,1,2,-1,6,8,0,7,10,1,0,0,0,0,0,11,2
2024320654834,2024,320654834,492081,335392,-0.63227,52.90808,3,3,7,18:57,-1,E07000141,5,2,2,1,1,"[2, -1, 7]","[0, 4]","[0, 8]","[0, 4]",0,0,1,0,0,0,0,0,11,2
2024320655710,2024,320655710,515607,318312,-0.28866,52.75007,3,3,1,01:00,-1,E07000140,3,0,1,0,2,7,6,2,0,7,0,1,0,0,0,0,0,11,3
2024320656236,2024,320656236,537394,316525,0.03318,52.72892,2,2,7,18:00,-1,E07000140,5,2,1,0,2,-1,2,6,0,1,0,1,0,0,0,0,0,11,2
2024320656558,2024,320656558,509520,361471,-0.36423,53.13915,2,"[3, 2]",1,18:50,-1,E07000139,4,2,1,0,2,-1,"[8, 4]","[4, 8]",0,"[0, 7]",0,1,0,0,0,0,0,11,3
2024320657078,2024,320657078,534395,356571,0.00535,53.08944,3,3,2,08:20,-1,E07000137,3,0,1,0,2,"[-1, 9]","[8, 3]","[4, 8]",0,0,0,1,0,0,0,0,0,11,4
2024320658005,2024,320658005,497795,371355,-0.53642,53.23024,2,2,2,13:40,-1,E07000138,3,0,1,0,1,-1,5,1,0,0,0,1,0,0,0,0,1,11,4
2024320658330,2024,320658330,492959,323765,-0.62253,52.80344,3,3,2,13:13,-1,E07000141,4,0,1,0,2,-1,"[6, 3]","[2, 7]",0,0,0,1,0,0,0,0,0,11,4
2024320659432,2024,320659432,502809,307550,-0.48155,52.65594,3,3,4,17:50,-1,E07000141,6,2,1,0,1,"[2, -1]","[0, 6]","[0, 2]","[0, 4]",0,0,1,0,0,0,0,1,10,30
2024320660034,2024,320660034,511715,331713,-0.34172,52.8713,3,3,2,16:55,-1,E07000141,4,2,1,1,2,-1,2,6,0,0,0,1,0,0,0,0,1,11,4
2024320660106,2024,320660106,550510,385058,0.25921,53.34101,3,3,2,16:00,-1,E07000137,3,0,1,0,1,9,8,6,0,0,0,1,0,0,0,0,1,11,4
2024320660384,2024,320660384,496424,370167,-0.55731,53.21982,3,3,7,16:11,-1,E07000138,5,0,1,0,1,"[3, -1]",4,8,0,0,0,1,0,0,0,0,0,11,2
2024320660430,2024,320660430,502655,355708,-0.46866,53.08873,1,1,3,13:13,-1,E07000139,3,0,1,0,2,-1,"[8, 4]","[4, 8]",0,"[7, 1]",0,1,0,0,1,0,0,11,5
2024320661963,2024,320661963,493761,366898,-0.59814,53.19092,3,3,6,12:54,-1,E07000139,5,0,1,0,1,"[-1, 9]","[8, 2]","[6, 8]",0,0,0,1,0,0,0,0,0,11,1
2024320662195,2024,320662195,506056,321971,-0.42892,52.78491,3,3,3,07:30,-1,E07000141,3,0,1,0,2,"[3, 1]",4,8,0,0,0,1,0,0,1,0,0,11,5
2024320663087,2024,320663087,485086,337788,-0.73563,52.93076,3,3,4,15:40,-1,E07000141,3,0,1,0,2,-1,8,4,0,1,9,1,0,0,0,0,0,11,6
2024320663316,2024,320663316,498092,370034,-0.53238,53.21832,3,3,4,16:35,-1,E07000138,4,2,1,0,2,"[-1, 9]","[4, 8]","[8, 6]",0,0,0,1,0,1,0,0,0,11,6
2024320664191,2024,320664191,497121,369345,-0.54713,53.2123,3,3,5,09:00,-1,E07000138,3,0,1,0,1,"[5, 4]",6,2,0,0,0,1,0,0,0,0,0,11,7
2024320664388,2024,320664388,523155,360215,-0.16099,53.12489,3,3,5,08:00,-1,E07000137,5,0,1,1,2,-1,2,6,0,7,1,1,0,0,0,0,0,11,7
2024320664444,2024,320664444,520899,328235,-0.20663,52.83807,3,3,5,09:05,-1,E07000140,5,0,1,1,2,-1,6,2,0,1,9,1,0,0,0,0,0,11,7
2024320665004,2024,320665004,539046,345421,0.06994,52.98809,3,3,5,10:35,-1,E07000136,5,0,1,0,2,-1,2,6,0,7,3,0,0,1,0,0,0,11,7
2024320665283,2024,320665283,501248,343012,-0.49364,52.97491,3,3,5,09:04,-1,E07000139,3,0,8,1,2,"[-1, 13]",2,6,0,0,0,1,0,1,0,0,0,11,7
2024320665515,2024,320665515,492394,369693,-0.61779,53.21627,3,3,5,17:10,-1,E07000138,3,2,1,0,2,-1,"[1, 5]","[5, 1]",0,"[0, 1]",0,1,0,0,0,0,0,11,7
2024320665668,2024,320665668,517287,375896,-0.24289,53.2671,3,3,5,17:50,-1,E07000137,3,2,2,1,2,"[-1, 9]","[8, 2]","[4, 8]",0,0,0,1,0,0,0,0,0,11,7
2024320666532,2024,320666532,502348,343452,-0.47713,52.97865,2,2,6,08:58,-1,E07000139,3,0,1,0,2,-1,3,7,0,0,0,0,0,1,0,0,0,11,8
2024320666716,2024,320666716,497217,369967,-0.5455,53.21787,2,2,5,17:10,-1,E07000138,5,2,1,0,1,"[-1, 9]","[6, 2]","[2, 7]",0,0,0,1,0,0,0,0,0,11,7
2024320666999,2024,320666999,555236,364489,0.32012,53.15491,3,3,3,20:30,-1,E07000137,3,2,9,0,1,-1,2,6,0,0,0,1,0,0,0,0,0,10,29
2024320667231,2024,320667231,509746,345645,-0.36625,52.9969,3,3,6,13:16,-1,E07000139,5,0,1,0,2,"[-1, 7]",2,4,0,0,0,1,0,1,0,0,0,11,8
2024320667675,2024,320667675,531781,385799,-0.02159,53.35266,3,3,6,13:55,-1,E07000137,3,0,1,0,2,-1,"[6, 8]","[2, 4]",0,0,0,1,0,0,0,0,0,11,8
2024320667805,2024,320667805,543188,322995,0.12174,52.78554,3,3,6,15:30,-1,E07000140,4,2,1,0,2,"[9, -1]","[6, 4]","[4, 8]",0,0,0,1,0,0,0,0,0,11,8
2024320667872,2024,320667872,542029,394957,0.13638,53.43227,3,3,6,18:00,-1,E07000137,5,2,1,0,2,-1,8,4,0,7,9,1,0,0,0,0,0,11,8
2024320668232,2024,320668232,499591,372479,-0.50918,53.24001,3,3,6,22:49,-1,E07000138,4,2,1,0,1,"[-1, 9]","[8, 4]","[4, 2]",0,0,0,1,0,0,0,0,0,11,8
2024320669032,2024,320669032,505649,395503,-0.41077,53.44571,3,3,7,10:54,-1,E07000142,6,0,1,1,2,-1,4,3,0,7,4,1,0,0,0,0,0,11,9
2024320669060,2024,320669060,495304,345338,-0.58144,52.9969,3,3,7,01:00,-1,E07000141,5,2,1,0,2,-1,8,4,0,1,10,1,0,0,0,0,0,11,9
2024320669545,2024,320669545,529180,312536,-0.08995,52.6951,3,3,6,07:14,-1,E07000140,4,2,7,1,2,-1,2,6,0,0,7,1,0,0,0,0,0,10,25
2024320669830,2024,320669830,525051,322921,-0.14706,52.78938,3,3,7,19:00,-1,E07000140,4,2,1,0,1,"[1, -1]",2,"[2, 6]",0,0,0,1,0,0,0,0,1,11,9
2024320671365,2024,320671365,504613,323359,-0.44986,52.79766,3,3,1,17:45,-1,E07000141,3,2,1,1,2,-1,4,8,0,0,10,1,0,0,0,0,0,11,10
2024320671403,2024,320671403,531918,344470,-0.03656,52.98134,2,2,1,18:30,-1,E07000136,6,2,1,1,1,-1,"[7, 4]","[3, 8]",0,"[1, 0]","[2, 0]",1,0,0,0,0,0,11,10
2024320671422,2024,320671422,535000,331145,0.00378,52.86087,3,3,1,17:40,-1,E07000140,5,2,8,1,2,-1,4,8,0,7,4,1,0,0,0,0,0,11,10
2024320672706,2024,320672706,493588,366364,-0.60089,53.18615,3,3,2,08:50,-1,E07000139,3,0,1,0,1,"[-1, 9]","[6, 4]",2,0,0,0,1,0,1,0,0,0,11,11
2024320673277,2024,320673277,527483,375323,-0.09033,53.2596,3,3,2,14:15,-1,E07000137,3,0,1,0,2,-1,"[3, 4]","[7, 8]",0,"[0, 7]",0,1,0,0,0,0,0,11,11
2024320673494,2024,320673494,532282,389001,-0.01273,53.3813,3,3,2,11:00,-1,E07000137,3,0,1,0,2,"[-1, 3]",8,4,0,0,0,1,0,0,0,0,0,11,11
2024320675695,2024,320675695,533512,343288,-0.01332,52.97033,3,3,3,16:00,-1,E07000136,5,2,1,0,1,-1,3,7,0,0,0,1,0,0,0,0,1,11,12
2024320675963,2024,320675963,484039,343571,-0.7497,52.9829,3,3,3,16:25,-1,E07000141,3,2,1,0,2,"[9, -1]",8,4,0,"[0, 1]",1,1,0,0,0,0,0,11,12
2024320676031,2024,320676031,505698,347379,-0.42597,53.01329,3,3,3,10:47,-1,E07000139,3,0,1,0,2,-1,"[7, 6]",3,0,0,0,1,0,0,0,0,0,11,12
2024320676490,2024,320676490,526956,343690,-0.11073,52.97553,3,3,4,05:30,-1,E07000136,3,2,1,0,2,-1,"[1, 3]","[5, 7]",0,1,"[11, 10]",1,0,0,0,0,0,11,13
2024320676858,2024,320676858,532534,343691,-0.02771,52.97419,3,3,5,01:00,-1,E07000136,3,0,9,1,1,-1,8,4,0,0,0,1,0,1,0,0,0,11,7
2024320677552,2024,320677552,533183,344589,-0.01768,52.9821,3,3,4,11:50,-1,E07000136,3,0,1,0,1,-1,"[6, 4]","[2, 8]",0,0,0,1,1,0,0,0,0,11,13
2024320678124,2024,320678124,499717,371848,-0.50749,53.23431,3,3,4,15:30,-1,E07000138,5,0,1,0,1,-1,"[4, 3]",8,0,0,0,1,0,0,0,0,0,11,13
2024320678194,2024,320678194,502860,307126,-0.48093,52.65212,3,3,7,12:50,-1,E07000141,6,0,9,0,1,-1,2,6,0,0,0,0,0,1,0,0,1,11,9
2024320678578,2024,320678578,532871,346459,-0.02156,52.99898,2,2,4,19:15,-1,E07000136,4,2,1,0,1,"[9, -1]","[3, 1]","[1, 5]",0,"[0, 1]",0,1,0,1,0,0,0,11,13
2024320678943,2024,320678943,496400,368180,-0.55827,53.20196,3,3,5,05:40,-1,E07000138,3,2,1,0,1,9,"[6, 4]","[4, 2]",0,"[0, 1]","[0, 1]",1,0,0,0,0,0,11,14
2024320679114,2024,320679114,492406,364046,-0.61924,53.16552,2,"[3, 2]",5,07:47,-1,E07000139,5,0,1,0,2,-1,"[6, 2]","[2, 6]",0,0,0,1,0,0,0,0,0,11,14
2024320680854,2024,320680854,510837,309244,-0.36235,52.66958,3,3,5,19:00,-1,E07000141,3,2,1,0,2,"[9, -1]","[6, 2]","[2, 6]",0,0,0,1,0,0,0,0,0,11,14
2024320681067,2024,320681067,510297,389193,-0.34302,53.38807,1,1,5,22:48,-1,E07000142,3,2,1,0,2,-1,7,3,0,0,0,0,0,1,0,0,0,11,14
2024320682172,2024,320682172,503037,407397,-0.44618,53.5531,3,3,6,09:45,-1,E07000142,3,0,1,0,2,"[-1, 9]","[8, 2]","[4, 8]",0,"[7, 3]","[1, 0]",1,0,0,0,0,0,11,15
2024320682548,2024,320682548,526266,368427,-0.11129,53.19794,3,3,6,10:30,-1,E07000137,3,0,1,0,2,"[-1, 7]",2,"[6, 3]",0,0,0,1,0,0,0,0,0,11,15
2024320682726,2024,320682726,500772,371794,-0.49171,53.23363,3,3,6,15:04,-1,E07000142,3,0,1,0,2,11,5,1,0,0,0,1,0,0,1,0,0,11,15
2024320682845,2024,320682845,495553,368676,-0.5708,53.20657,3,3,4,15:00,-1,E07000138,6,0,1,0,1,-1,2,6,0,0,0,1,0,0,0,0,1,11,13
2024320682929,2024,320682929,535003,345095,0.00962,52.98619,3,3,6,15:00,-1,E07000136,3,0,1,0,2,"[7, -1]","[5, 4]",8,0,0,0,1,0,0,0,0,0,11,15
2024320683184,2024,320683184,532732,343512,-0.02484,52.97254,3,3,6,19:55,-1,E07000136,6,2,1,0,1,-1,5,1,10,1,10,1,0,0,0,0,1,11,15
2024320683275,2024,320683275,535720,379215,0.03473,53.29252,3,3,6,20:55,-1,E07000137,3,2,1,0,2,-1,"[4, 8]","[8, 4]",0,"[1, 0]",0,1,0,0,0,0,0,11,15
2024320683641,2024,320683641,520097,324454,-0.21992,52.80428,3,3,6,09:40,-1,E07000140,3,0,1,0,2,"[9, -1]","[4, 8]",4,0,0,0,1,0,0,1,0,0,11,15
2024320683792,2024,320683792,495716,368763,-0.56834,53.20733,3,3,7,08:30,-1,E07000138,6,0,1,0,1,"[-1, 10]","[6, 2]","[2, 8]",0,0,0,1,0,0,0,0,0,11,16
2024320684233,2024,320684233,496317,370037,-0.55896,53.21867,3,3,7,11:34,-1,E07000138,4,0,1,0,1,-1,2,6,0,0,0,1,0,0,0,0,0,11,16
2024320685254,2024,320685254,547783,328307,0.19222,52.83202,3,3,1,00:05,-1,E07000140,5,2,1,1,2,-1,6,7,0,7,9,1,0,0,0,0,0,11,17
2024320686032,2024,320686032,519609,364844,-0.21223,53.16728,3,3,1,11:16,-1,E07000137,6,0,1,0,2,"[13, -1]",6,2,0,0,0,1,1,0,0,0,0,11,17
2024320686160,2024,320686160,488887,336146,-0.67955,52.91539,3,3,1,12:31,-1,E07000141,3,0,1,1,2,"[-1, 12]",8,4,0,0,0,1,0,0,0,0,0,11,17
2024320687373,2024,320687373,533901,327553,-0.01401,52.82887,3,3,6,07:05,-1,E07000140,3,0,1,0,2,"[-1, 10]",4,"[8, 3]",0,0,0,1,0,0,0,0,0,11,8
2024320687554,2024,320687554,497793,371134,-0.53652,53.22826,3,3,5,08:05,-1,E07000138,3,0,1,0,1,"[12, -1]",1,5,0,0,"[0, 1]",1,0,0,0,0,0,11,14
2024320688853,2024,320688853,514212,310079,-0.31217,52.67639,3,3,2,18:50,-1,E07000141,5,2,2,1,1,-1,"[6, 4]","[4, 8]",0,0,0,1,0,0,0,0,0,11,18
2024320689095,2024,320689095,546169,363976,0.1844,53.15287,3,3,3,06:15,-1,E07000137,4,2,2,1,2,-1,3,7,0,1,0,1,0,0,0,0,0,11,19
2024320689100,2024,320689100,488111,330188,-0.69269,52.86198,3,3,3,06:40,-1,E07000141,5,2,3,2,2,-1,2,6,0,7,4,1,0,0,0,0,0,11,19
2024320690182,2024,320690182,539845,375282,0.09484,53.25612,3,3,3,00:15,-1,E07000137,3,2,6,2,2,9,4,2,0,1,4,1,0,0,0,0,0,11,19
2024320690251,2024,320690251,530004,312390,-0.07782,52.6936,3,3,3,08:10,-1,E07000140,4,0,2,2,2,-1,"[4, 8]","[8, 4]",0,0,0,1,0,0,0,0,0,11,19
2024320690821,2024,320690821,537992,331479,0.04833,52.86311,3,3,3,19:00,-1,E07000140,5,2,8,1,2,-1,3,7,0,0,3,1,0,0,0,0,0,11,19
2024320691826,2024,320691826,533204,343438,-0.01784,52.97176,3,3,4,09:07,-1,E07000136,5,0,8,0,1,-1,8,4,0,0,0,1,0,0,0,0,1,11,20
2024320692631,2024,320692631,497152,369329,-0.54667,53.21215,3,3,3,14:15,-1,E07000138,3,0,1,0,2,-1,4,8,0,0,0,1,0,1,0,0,0,11,19
2024320693017,2024,320693017,488085,395321,-0.67518,53.4473,2,2,2,22:30,-1,E07000142,4,2,3,2,2,-1,7,2,0,0,0,0,0,1,0,0,0,11,18
2024320693103,2024,320693103,484356,348957,-0.74358,53.03126,3,3,4,20:30,-1,E07000141,5,2,1,1,2,-1,8,4,0,0,0,1,1,0,0,0,0,11,20
2024320694453,2024,320694453,491270,335727,-0.64423,52.91123,3,3,5,06:40,-1,E07000141,6,2,1,2,1,7,2,6,0,0,0,1,0,0,0,0,1,11,21
2024320694458,2024,320694458,503576,375081,-0.44864,53.26263,3,3,5,12:15,-1,E07000142,3,0,1,1,2,-1,"[6, 8]",2,0,"[1, 0]",0,1,0,0,0,0,0,11,21
2024320695051,2024,320695051,486794,361372,-0.70389,53.14244,3,3,5,15:29,-1,E07000139,3,2,1,2,2,"[4, -1]",2,6,0,"[1, 0]",0,1,0,0,0,0,0,11,21
2024320695072,2024,320695072,544822,352519,0.15911,53.05032,3,3,5,11:30,-1,E07000136,3,0,1,1,2,"[-1, 4]",6,2,0,"[1, 0]",0,1,0,0,0,1,0,11,21
2024320695084,2024,320695084,502458,368111,-0.46764,53.20021,3,3,5,15:30,-1,E07000139,5,0,1,1,2,-1,2,6,0,0,0,1,0,0,0,0,1,11,21
2024320695151,2024,320695151,521644,356695,-0.18489,53.09361,3,3,5,15:12,-1,E07000137,5,0,8,2,2,-1,6,2,0,0,0,1,1,0,0,0,0,11,21
2024320695240,2024,320695240,556232,363273,0.33441,53.1437,3,3,5,18:16,-1,E07000137,3,2,1,1,1,-1,4,8,0,0,0,1,0,0,0,0,1,11,21
2024320695980,2024,320695980,524400,326563,-0.15532,52.82225,2,2,5,09:15,-1,E07000140,6,0,8,1,1,"[-1, 3]","[2, 6]","[6, 2]",0,0,0,1,0,1,0,0,0,11,21
2024320696014,2024,320696014,510902,310434,-0.36099,52.68026,3,3,6,08:55,-1,E07000141,5,0,1,2,2,-1,1,5,0,7,10,1,0,0,0,0,0,11,22
2024320696024,2024,320696024,530697,323356,-0.06321,52.79195,3,3,4,17:50,-1,E07000140,4,2,1,1,2,"[2, 1]","[0, 5]","[0, 1]","[0, 4]",0,0,1,0,0,0,0,0,11,20
2024320696873,2024,320696873,525513,356839,-0.12709,53.09401,3,3,6,07:45,-1,E07000137,5,0,8,2,2,-1,5,8,0,7,9,1,0,0,0,0,0,11,22
2024320696889,2024,320696889,494257,396519,-0.58193,53.457,3,3,6,07:25,-1,E07000142,4,0,1,2,2,-1,"[4, 3]","[8, 7]",0,"[7, 1]",9,1,0,0,0,0,0,11,22
2024320697153,2024,320697153,496108,369103,-0.56237,53.21031,3,3,6,14:00,-1,E07000138,5,0,1,0,1,-1,2,6,0,0,0,1,0,0,0,0,0,11,22
2024320697910,2024,320697910,490530,333959,-0.65573,52.89547,3,3,7,08:10,-1,E07000141,3,0,1,2,1,-1,8,4,0,1,4,1,0,0,0,0,0,11,23
2024320697961,2024,320697961,524350,309637,-0.16247,52.67019,3,3,7,06:30,-1,E07000140,5,2,5,1,2,"[-1, 9]","[2, 4]","[6, 2]",0,"[1, 0]","[2, 0]",1,0,0,0,0,0,11,23
2024320698720,2024,320698720,499013,373742,-0.51744,53.25146,3,3,7,14:14,-1,E07000138,4,0,1,1,1,"[9, 3, -1]","[4, 8, 6]","[2, 4]",0,0,0,1,0,0,0,0,0,11,23
2024320698913,2024,320698913,535525,379467,0.03191,53.29484,3,3,7,17:15,-1,E07000137,3,2,1,1,2,-1,"[4, 1]","[1, 4]",0,0,0,1,0,0,0,0,0,11,23
2024320699324,2024,320699324,526098,325605,-0.13051,52.81325,3,3,7,18:24,-1,E07000140,3,2,5,1,2,"[4, -1]",8,4,0,0,0,1,0,0,0,0,0,11,23
2024320700670,2024,320700670,496148,357860,-0.56514,53.10927,3,3,1,18:13,-1,E07000139,5,2,2,1,2,-1,4,8,0,8,4,1,0,0,0,0,0,11,24
2024320700952,2024,320700952,496244,368144,-0.56062,53.20167,3,3,2,05:58,-1,E07000138,3,2,1,1,1,-1,2,6,0,1,0,0,0,0,1,0,1,11,25
2024320700955,2024,320700955,498358,371407,-0.52798,53.2306,3,3,1,17:11,-1,E07000138,4,2,2,1,1,"[2, -1]","[0, 3]","[0, 7]","[0, 4]",0,0,1,0,0,0,0,0,11,24
2024320701804,2024,320701804,509659,345557,-0.36757,52.99612,3,3,5,18:00,-1,E07000139,5,2,8,2,2,"[9, -1]","[2, 4]",8,0,0,0,1,1,0,0,0,0,11,21
2024320702123,2024,320702123,507189,367812,-0.39694,53.1966,3,3,2,11:40,-1,E07000139,4,0,8,0,2,-1,"[6, 2]","[2, 6]",0,0,0,1,0,0,0,0,0,11,25
2024320702272,2024,320702272,491535,336770,-0.64,52.92056,2,2,2,12:50,-1,E07000141,3,0,1,0,1,"[9, -1]","[1, 5]","[7, 1]",0,0,0,1,1,0,0,0,0,11,25
2024320702877,2024,320702877,515096,312205,-0.29836,52.6953,2,2,2,17:15,-1,E07000141,3,2,1,0,2,-1,"[2, 6]","[6, 2]",0,1,"[9, 0]",1,0,0,0,0,0,11,25
2024320703482,2024,320703482,512587,401464,-0.30422,53.49784,2,2,2,08:45,-1,E07000142,3,0,1,1,2,"[-1, 9]","[2, 8]",6,0,0,0,1,0,0,0,0,0,11,25
2024320703664,2024,320703664,532032,324320,-0.04304,52.80029,3,3,6,16:00,-1,E07000140,3,0,1,0,2,7,1,3,0,0,0,1,0,0,0,0,1,11,22
2024320703802,2024,320703802,497268,370351,-0.54462,53.22132,3,3,6,11:35,-1,E07000138,5,0,9,1,1,"[-1, 9]","[6, 8]","[2, 6]",0,0,0,1,1,0,0,0,0,11,22
2024320704702,2024,320704702,520290,324783,-0.21694,52.80719,3,3,3,15:40,-1,E07000140,5,0,1,1,2,-1,"[6, 2]","[2, 6]",0,0,0,1,0,0,0,0,0,11,26
2024320704838,2024,320704838,485311,337703,-0.7323,52.92997,3,3,3,09:55,-1,E07000141,3,0,1,0,2,"[-1, 4]",4,8,0,0,0,1,0,1,0,0,0,11,26
2024320705172,2024,320705172,524148,322914,-0.16044,52.78953,3,3,3,08:45,-1,E07000140,5,0,1,0,1,"[-1, 7]","[2, 4]",6,0,0,0,1,0,0,0,0,0,11,26
2024320705262,2024,320705262,529014,334255,-0.08385,52.89028,3,3,3,17:50,-1,E07000136,3,2,1,0,2,-1,6,2,0,0,0,0,0,0,1,0,0,11,26
2024320706728,2024,320706728,532508,345006,-0.02756,52.98601,2,2,6,19:35,-1,E07000136,6,2,2,0,1,"[-1, 13]",8,4,0,0,0,1,1,0,0,0,0,11,15
2024320706762,2024,320706762,499745,375160,-0.50603,53.26407,3,3,4,09:15,-1,E07000142,3,0,2,1,2,"[9, 13]","[4, 2]","[2, 6]",0,0,0,1,0,1,0,0,0,11,27
2024320707364,2024,320707364,525996,327198,-0.1314,52.82759,3,3,4,19:00,-1,E07000140,3,2,1,1,2,"[-1, 4, 3]",6,2,0,0,0,1,0,0,0,0,0,11,27
2024320707604,2024,320707604,493418,369739,-0.60245,53.21651,3,3,3,10:50,-1,E07000138,6,0,1,0,1,"[9, -1]",6,"[4, 2]",0,0,0,1,0,0,0,0,0,11,26
2024320707950,2024,320707950,555082,364955,0.31804,53.15914,3,3,5,08:45,-1,E07000137,5,0,8,2,1,"[-1, 9]","[4, 6]","[8, 4]",0,0,0,1,0,0,0,0,0,11,28
2024320708062,2024,320708062,507928,307595,-0.40589,52.65535,3,3,5,07:15,-1,E07000141,3,0,8,2,2,-1,2,6,0,1,4,1,0,0,0,0,0,11,28
2024320708125,2024,320708125,497422,370819,-0.54217,53.22549,3,3,7,15:15,-1,E07000138,6,0,2,2,1,-1,"[8, 6]","[4, 2]",0,0,0,1,1,0,0,0,0,11,23
2024320708129,2024,320708129,502391,308136,-0.48754,52.66129,3,3,5,09:35,-1,E07000141,6,0,8,1,1,"[2, -1]","[0, 8]","[0, 4]",0,0,0,1,0,0,0,0,0,11,28
2024320708156,2024,320708156,555300,365581,0.3216,53.1647,3,3,5,09:20,-1,E07000137,5,0,8,2,2,-1,3,7,0,1,9,1,0,0,0,0,0,11,28
2024320708164,2024,320708164,497102,319241,-0.56244,52.76206,3,3,5,07:45,-1,E07000141,5,0,8,2,2,-1,8,4,0,1,10,0,0,1,0,0,0,11,28
2024320708231,2024,320708231,542404,323283,0.11025,52.78834,3,3,5,08:40,-1,E07000140,5,0,1,2,2,-1,6,2,0,7,4,1,0,0,0,0,0,11,28
2024320708282,2024,320708282,510966,309324,-0.36041,52.67028,2,2,5,09:30,-1,E07000141,3,0,1,2,2,-1,"[5, 6]","[1, 2]",0,0,0,1,1,0,0,0,0,11,28
2024320708305,2024,320708305,498609,318494,-0.54034,52.75507,3,3,5,07:45,-1,E07000141,5,0,8,2,2,"[-1, 2]","[8, 0]","[4, 0]","[4, 0]",0,0,1,0,0,0,0,1,11,28
2024320708628,2024,320708628,488652,373475,-0.67276,53.25089,3,3,5,12:00,-1,E07000142,5,0,1,1,2,"[2, -1]","[0, 2]","[0, 6]","[0, 4]",0,0,1,0,0,0,0,0,11,28
2024320708744,2024,320708744,494107,368167,-0.59259,53.20226,2,2,5,12:45,-1,E07000138,4,0,1,1,1,"[4, -1]",4,8,0,0,0,1,0,1,0,0,0,11,28
2024320708907,2024,320708907,532066,344064,-0.03452,52.97766,3,3,5,11:00,-1,E07000136,3,0,1,1,1,-1,"[8, 1]","[4, 5]",0,0,0,0,0,0,1,1,0,11,28
2024320709204,2024,320709204,523333,372432,-0.15363,53.23461,3,3,5,15:40,-1,E07000137,3,2,1,1,2,-1,"[4, 8]","[8, 4]",0,"[1, 0]","[10, 0]",1,0,0,0,0,0,11,28
2024320709274,2024,320709274,510110,318030,-0.37016,52.74868,3,3,5,14:45,-1,E07000141,3,0,1,1,2,-1,"[4, 8]","[8, 4]",0,1,0,1,0,0,0,0,0,11,28
2024320709318,2024,320709318,511750,405140,-0.31552,53.53104,3,3,5,14:50,-1,E07000142,5,0,8,1,2,-1,"[4, 8]","[8, 4]",0,"[1, 0]",0,1,0,0,0,1,0,11,28
2024320709555,2024,320709555,494740,360255,-0.58546,53.13105,3,3,5,06:02,-1,E07000139,5,2,1,2,2,-1,2,6,0,1,4,1,0,0,0,0,0,11,28
2024320709833,2024,320709833,505282,381907,-0.42082,53.32362,3,3,6,05:38,-1,E07000142,3,2,1,0,2,-1,2,6,0,1,0,1,0,0,0,0,0,11,29
2024320710171,2024,320710171,503775,365827,-0.44867,53.17944,3,3,2,18:40,-1,E07000139,4,2,1,0,2,"[8, -1]",2,"[4, 6]",0,0,0,1,0,0,0,0,0,11,25
2024320711278,2024,320711278,520044,356706,-0.20877,53.09407,3,3,6,15:18,-1,E07000137,3,0,1,0,2,-1,2,6,0,0,0,1,0,0,0,0,0,11,29
2024320711287,2024,320711287,552835,371264,0.28748,53.21646,1,1,6,14:30,-1,E07000137,5,0,1,0,2,"[9, -1]","[2, 4]","[6, 2]",0,0,0,1,1,0,0,0,0,11,29