collision_index,collision_year,collision_ref_no,location_easting_osgr,location_northing_osgr,longitude,latitude,casualty_severity,casualty_severity,day_of_week,time,local_authority_district,local_authority_ons_district,first_road_class,light_conditions,weather_conditions,road_surface_conditions,urban_or_rural_area,vehicle_manoeuvre,vehicle_direction_from,vehicle_direction_to,hit_object_in_carriageway,vehicle_leaving_carriageway,hit_object_off_carriageway,is_car,is_cyle,is_mcyle,is_goodsv,is_other,is_pedestrian,month,day
2024320711528,2024,320711528,500239,370289,-0.50016,53.22021,3,3,6,17:30,-1,E07000139,3,2,1,1,2,-1,"[1, 5]","[5, 1]",0,0,0,1,0,0,0,0,0,11,29
2024320711615,2024,320711615,500761,371734,-0.49189,53.23309,3,3,6,16:45,-1,E07000142,3,2,1,1,2,-1,"[6, 3]","[8, 7]",0,0,0,1,1,0,0,0,0,11,29
2024320711647,2024,320711647,551053,379722,0.26482,53.29293,3,3,6,19:52,-1,E07000137,6,2,1,1,2,-1,2,8,0,1,9,1,0,0,0,0,0,11,29
2024320711691,2024,320711691,524751,331003,-0.14842,52.86206,3,3,6,21:00,-1,E07000140,3,2,2,2,2,-1,8,4,0,7,9,1,0,0,0,0,0,11,29
2024320711705,2024,320711705,503405,323456,-0.46774,52.79876,3,3,6,19:27,-1,E07000141,3,2,1,0,2,-1,8,2,0,7,9,1,0,0,0,0,0,11,29
2024320711750,2024,320711750,526251,368780,-0.11138,53.20111,3,3,6,21:00,-1,E07000137,3,2,1,1,2,"[9, -1]","[4, 8]","[3, 4]",0,7,"[0, 10]",1,0,0,0,0,0,11,29
2024320711771,2024,320711771,553995,364478,0.30157,53.15517,3,3,6,19:30,-1,E07000137,3,2,1,0,2,"[-1, 3]",3,7,0,0,0,1,0,0,0,0,0,11,29
2024320712021,2024,320712021,534478,324803,-0.00658,52.80402,2,2,7,01:15,-1,E07000140,3,2,1,1,2,-1,"[7, 3]","[3, 7]",0,"[0, 1]","[0, 9]",1,0,0,0,0,0,11,30
2024320712306,2024,320712306,503140,323619,-0.47162,52.80028,3,3,7,08:34,-1,E07000141,3,0,8,1,2,-1,8,4,0,7,4,1,0,0,0,0,0,11,30
2024320713066,2024,320713066,556445,363234,0.33757,53.14329,3,3,6,18:40,-1,E07000137,4,2,9,0,1,-1,4,8,0,0,0,1,0,0,0,0,1,11,29
2024320713317,2024,320713317,514015,390417,-0.2867,53.39828,3,3,7,18:40,-1,E07000142,4,2,1,1,2,"[13, -1]",3,7,"[10, 0]",0,0,1,0,0,0,0,0,11,30
2024320713765,2024,320713765,492414,327308,-0.62962,52.83537,3,3,1,03:10,-1,E07000141,3,2,1,1,2,-1,2,6,7,5,6,1,0,0,0,0,0,12,1
2024320714298,2024,320714298,532052,340942,-0.036,52.94962,2,2,1,11:23,-1,E07000136,3,0,2,1,2,"[9, -1]","[2, 6]","[8, 2]",0,0,0,1,0,0,0,0,0,12,1
2024320714410,2024,320714410,496485,392787,-0.54953,53.42306,3,3,7,18:45,-1,E07000142,3,2,8,1,2,"[-1, 13]","[5, 1]","[1, 5]",0,1,0,1,0,0,0,0,0,11,30
2024320716005,2024,320716005,496920,368743,-0.55032,53.20693,3,3,2,11:15,-1,E07000138,3,0,2,1,1,"[9, -1]","[8, 6]","[6, 2]",0,0,0,1,0,0,0,0,0,12,2
2024320716209,2024,320716209,490928,334463,-0.64967,52.89993,3,3,5,13:00,-1,E07000141,6,0,1,1,1,-1,3,7,0,0,0,0,0,0,0,1,0,11,28
2024320716336,2024,320716336,511619,334348,-0.34224,52.895,3,3,2,12:55,-1,E07000141,5,0,1,1,2,-1,"[5, 7]",3,0,0,0,1,0,0,0,0,0,12,2
2024320716734,2024,320716734,524357,358041,-0.14388,53.10508,3,3,2,16:25,-1,E07000137,4,2,1,1,2,-1,5,1,0,0,0,1,0,0,0,1,0,12,2
2024320716931,2024,320716931,496299,396135,-0.5513,53.45318,2,2,2,17:35,-1,E07000142,3,2,1,1,2,-1,"[8, 4]","[4, 8]",0,"[7, 1]",0,1,0,0,1,0,0,12,2
2024320717010,2024,320717010,498543,373026,-0.52471,53.24512,3,3,2,19:00,-1,E07000138,4,2,1,1,1,-1,2,6,0,0,0,1,0,0,0,0,0,12,2
2024320717141,2024,320717141,535550,325584,0.00964,52.81077,2,2,2,18:10,-1,E07000140,3,2,1,1,2,-1,"[5, 1]","[1, 7]",0,0,0,1,0,1,0,0,0,12,2
2024320717734,2024,320717734,532358,342546,-0.0308,52.96395,3,3,3,08:35,-1,E07000136,4,0,1,1,1,"[-1, 4]",2,6,0,0,0,1,0,0,0,0,0,12,3
2024320717900,2024,320717900,496907,368701,-0.55053,53.20655,2,2,3,07:19,-1,E07000138,3,0,1,1,1,"[14, 9]","[2, 6]","[6, 3]",0,0,0,1,0,1,0,0,0,12,3
2024320719284,2024,320719284,500779,362126,-0.49465,53.14675,2,"[3, 2]",3,16:46,-1,E07000139,3,0,1,0,2,"[9, -1]","[7, 8]",4,0,0,0,1,0,0,0,0,0,12,3
2024320719638,2024,320719638,532290,343920,-0.03125,52.97631,3,3,3,19:05,-1,E07000136,3,2,1,0,1,-1,"[4, 3]",8,0,0,0,1,1,0,0,0,0,12,3
2024320720049,2024,320720049,534407,356574,0.00553,53.08946,3,3,4,08:00,-1,E07000137,5,0,8,2,2,"[-1, 4]",3,7,0,0,0,1,0,0,0,0,0,12,4
2024320721529,2024,320721529,505738,365644,-0.41937,53.17741,3,3,4,18:00,-1,E07000139,4,2,1,1,2,-1,8,4,0,1,0,1,0,0,0,0,0,12,4
2024320721663,2024,320721663,496396,338385,-0.56725,52.93422,2,2,4,16:30,-1,E07000141,4,2,1,1,2,"[-1, 4]",6,2,0,"[1, 0]","[1, 0]",1,0,0,0,0,0,12,4
2024320721864,2024,320721864,532821,387062,-0.00545,53.36375,3,3,4,20:00,-1,E07000137,4,2,2,1,1,"[-1, 9]","[8, 4]","[4, 3]",0,0,0,1,0,0,0,0,0,12,4
2024320722922,2024,320722922,524517,322672,-0.15507,52.78727,3,3,5,08:38,-1,E07000140,5,0,1,0,1,-1,"[4, 3]","[8, 7]",0,0,0,1,1,0,0,0,0,12,5
2024320723862,2024,320723862,487921,336214,-0.69389,52.91616,3,3,5,11:05,-1,E07000141,6,0,2,1,2,-1,5,1,0,0,0,1,0,0,0,0,1,12,5
2024320723863,2024,320723863,521181,322306,-0.20464,52.78474,3,3,5,18:00,-1,E07000140,3,2,2,1,2,-1,"[4, 8]","[8, 4]",0,0,0,1,0,0,0,0,0,12,5
2024320723962,2024,320723962,555506,363638,0.32374,53.14719,3,3,5,16:41,-1,E07000137,6,2,2,1,1,"[2, -1]","[0, 1]","[0, 5]","[0, 4]","[1, 0]",0,1,0,0,0,0,0,12,5
2024320723981,2024,320723981,550676,362677,0.25113,53.13994,3,3,5,18:35,-1,E07000137,5,2,5,1,2,4,5,1,0,3,9,1,0,0,0,0,0,12,5
2024320724229,2024,320724229,542402,368062,0.12992,53.19059,3,3,5,22:45,-1,E07000137,3,2,5,1,2,-1,4,8,11,0,0,1,0,0,0,0,0,12,5
2024320724813,2024,320724813,488566,340349,-0.68317,52.95322,3,3,6,09:44,-1,E07000141,3,0,1,0,2,12,4,8,0,0,0,1,0,0,0,0,0,12,6
2024320725534,2024,320725534,492376,330379,-0.62931,52.86298,3,3,6,12:00,-1,E07000141,3,0,1,1,2,4,1,5,0,0,0,0,0,1,0,0,0,12,6
2024320725849,2024,320725849,489488,376039,-0.65951,53.2738,3,3,6,16:00,-1,E07000142,5,2,8,1,2,-1,2,6,0,0,0,1,0,0,0,0,1,12,6
2024320725856,2024,320725856,531237,333241,-0.05123,52.88063,3,3,6,09:00,-1,E07000136,5,0,1,0,2,"[-1, 9]","[4, 2]","[8, 4]",0,0,0,1,0,0,0,1,0,12,6
2024320725981,2024,320725981,528363,401944,-0.06634,53.49854,2,2,6,17:13,-1,E07000137,3,2,1,0,2,"[-1, 9]","[1, 4]","[5, 1]",0,0,0,1,0,0,0,0,0,12,6
2024320726008,2024,320726008,556868,365774,0.34513,53.16597,3,3,6,15:55,-1,E07000137,3,0,1,0,1,14,6,2,0,0,0,1,0,0,0,0,1,12,6
2024320726341,2024,320726341,488124,373600,-0.68064,53.25211,3,3,6,18:45,-1,E07000142,4,2,2,1,2,-1,"[6, 8]",4,0,0,0,1,0,1,0,0,0,12,6
2024320726992,2024,320726992,525277,322233,-0.14397,52.78315,3,3,6,19:35,-1,E07000140,5,2,9,0,1,-1,1,5,0,0,0,1,0,0,0,0,1,12,6
2024320727688,2024,320727688,488220,401051,-0.67155,53.49877,3,3,6,15:36,-1,E07000142,6,0,1,0,2,5,1,3,0,0,0,1,0,0,0,0,1,12,6
2024320727880,2024,320727880,540345,356910,0.09428,53.09096,2,2,7,16:50,-1,E07000137,5,2,5,1,2,"[-1, 2]","[3, 0]","[7, 0]","[4, 0]",0,0,1,0,0,0,0,0,12,7
2024320727978,2024,320727978,497054,369191,-0.54818,53.21093,3,3,7,22:40,-1,E07000138,3,2,5,1,1,"[2, -1]","[0, 6]","[0, 2]","[0, 4]","[0, 2]",0,1,0,0,0,0,0,12,7
2024320728916,2024,320728916,506872,345595,-0.40907,52.99703,3,3,1,14:00,-1,E07000139,4,0,5,1,1,9,2,8,0,0,0,1,0,0,0,0,1,12,8
2024320729123,2024,320729123,548030,321175,0.19266,52.76789,3,3,1,15:25,-1,E07000140,5,0,5,1,2,-1,4,8,0,7,11,1,0,0,0,0,0,12,8
2024320729510,2024,320729510,508889,361599,-0.37362,53.14043,3,3,1,16:45,-1,E07000139,4,2,5,1,2,-1,6,2,0,1,10,1,0,0,0,0,0,12,8
2024320729521,2024,320729521,493380,324559,-0.61607,52.8105,3,3,1,20:03,-1,E07000141,3,2,5,1,2,-1,8,4,0,1,9,1,0,0,0,0,0,12,8
2024320730507,2024,320730507,496971,372144,-0.54852,53.23748,3,3,7,13:20,-1,E07000138,4,0,1,0,1,"[3, -1]","[3, 5]",1,0,0,0,1,0,0,0,0,0,12,7
2024320730955,2024,320730955,496570,368198,-0.55572,53.2021,3,3,2,13:16,-1,E07000138,3,0,8,1,1,-1,"[1, 7]","[5, 3]",0,0,0,1,1,0,0,0,0,12,9
2024320731071,2024,320731071,493300,369625,-0.60425,53.2155,3,3,2,13:30,-1,E07000138,6,0,1,1,1,-1,8,4,0,0,0,0,1,0,0,0,0,12,9
2024320731205,2024,320731205,536372,325615,0.02184,52.81084,3,3,2,08:45,-1,E07000140,3,0,1,1,2,-1,7,3,0,0,0,1,0,0,0,0,1,12,9
2024320731486,2024,320731486,533091,344467,-0.0191,52.98103,3,3,2,17:00,-1,E07000136,3,2,1,0,1,-1,"[4, 2]","[8, 6]",0,0,0,1,1,0,0,0,0,12,9
2024320731721,2024,320731721,535037,362743,0.01752,53.14472,1,1,7,15:45,-1,E07000137,3,0,8,1,2,-1,7,3,0,1,11,1,0,0,0,0,0,12,7
2024320732214,2024,320732214,501293,360231,-0.48756,53.12963,3,3,3,06:40,-1,E07000139,3,2,1,0,2,"[7, -1]","[6, 4]",8,0,0,0,1,0,0,0,0,0,12,10
2024320732359,2024,320732359,526261,368782,-0.11123,53.20113,2,2,2,15:45,-1,E07000137,6,0,1,0,2,"[10, 9]","[2, 4]","[8, 2]",0,0,0,1,1,0,0,0,0,12,9
2024320732638,2024,320732638,491340,364730,-0.63499,53.17185,3,3,3,08:15,-1,E07000139,3,0,1,0,2,"[-1, 4]",6,2,0,"[1, 0]","[9, 0]",1,0,0,0,0,0,12,10
2024320733523,2024,320733523,526973,343690,-0.11048,52.97553,3,3,3,13:04,-1,E07000136,3,0,1,0,2,-1,"[7, 3]","[3, 7]",0,0,0,1,0,0,1,0,0,12,10
2024320733607,2024,320733607,530703,359131,-0.04871,53.11336,3,3,3,16:05,-1,E07000137,4,0,8,0,2,"[14, 2]","[1, 0]","[5, 0]",0,0,"[3, 0]",1,0,0,0,0,0,12,10
2024320733637,2024,320733637,497529,375150,-0.53925,53.26439,2,"[2, 3]",3,15:15,-1,E07000142,3,-1,1,-1,2,"[-1, 8, 10]","[1, 2, 5]","[5, 2, 1]",0,"[1, 0]","[1, 0]",1,0,0,0,0,0,12,10
2024320733667,2024,320733667,525701,323858,-0.13706,52.79765,2,2,3,18:00,-1,E07000140,4,2,1,0,1,"[-1, 9]","[2, 8]",6,0,"[1, 0]",0,1,0,1,0,0,0,12,10
2024320733874,2024,320733874,491312,369399,-0.63407,53.21382,3,3,3,18:03,-1,E07000139,5,2,8,0,2,-1,"[2, 4]","[6, 8]",0,"[0, 1]","[0, 9]",1,0,0,0,0,0,12,10
2024320733879,2024,320733879,502421,324162,-0.48211,52.8053,3,3,3,05:55,-1,E07000141,3,2,2,1,2,-1,8,4,0,1,4,1,0,0,0,0,0,12,10
2024320734089,2024,320734089,524785,322823,-0.15104,52.78856,3,3,3,21:30,-1,E07000140,4,2,1,0,1,"[2, 9, -1]","[0, 2, 6]","[0, 8, 2]","[0, 4]","[0, 1]",0,1,0,1,0,0,0,12,10
2024320735483,2024,320735483,497177,369643,-0.5462,53.21497,3,3,6,14:40,-1,E07000138,4,0,1,0,1,-1,"[2, 3]","[6, 7]",0,0,0,1,1,0,0,0,0,12,6
2024320735931,2024,320735931,524817,362131,-0.13543,53.14172,3,3,4,15:15,-1,E07000137,3,0,1,1,2,-1,6,2,0,1,3,1,0,0,0,0,0,12,11
2024320736015,2024,320736015,489191,361453,-0.66804,53.14277,3,3,4,19:35,-1,E07000139,6,2,1,0,2,-1,1,5,0,3,1,1,0,0,0,0,0,12,11
2024320736377,2024,320736377,551534,383637,0.2739,53.32796,3,3,5,00:01,-1,E07000137,3,2,2,1,2,-1,8,5,0,1,3,1,0,0,0,0,0,12,12
2024320736409,2024,320736409,528533,335431,-0.09053,52.90096,2,2,4,21:51,-1,E07000136,5,2,1,1,2,"[-1, 8, 9]","[8, 3, 4]","[4, 3]",0,0,0,1,0,1,0,0,0,12,11
2024320736856,2024,320736856,533369,313838,-0.02748,52.70579,3,3,5,08:25,-1,E07000140,4,0,7,1,2,-1,2,6,0,0,0,1,0,0,0,0,0,12,12
2024320737074,2024,320737074,526593,324236,-0.1237,52.80084,3,3,5,08:30,-1,E07000140,3,0,7,1,2,"[-1, 3]",6,2,0,0,0,1,0,0,0,1,0,12,12
2024320738842,2024,320738842,486422,342268,-0.71456,52.97081,3,3,3,20:04,-1,E07000141,3,2,1,1,2,-1,8,4,0,1,9,1,0,0,0,0,0,12,10
2024320740393,2024,320740393,525430,380818,-0.11892,53.30946,3,3,6,11:30,-1,E07000137,5,0,1,1,2,-1,3,7,0,7,9,1,0,0,0,0,0,12,13
2024320740645,2024,320740645,499625,372336,-0.50871,53.23872,3,3,6,16:21,-1,E07000138,4,2,1,0,1,-1,8,4,0,0,0,1,0,0,0,0,1,12,13
2024320741041,2024,320741041,526112,342357,-0.12381,52.96376,3,3,6,17:50,-1,E07000136,3,2,1,0,2,"[13, 9]",2,"[6, 8]",0,"[7, 0]","[10, 0]",1,0,0,1,0,0,12,13
2024320741197,2024,320741197,507990,319825,-0.40096,52.76524,3,3,7,00:27,-1,E07000141,3,2,1,1,2,-1,6,2,0,3,9,1,0,0,0,0,0,12,14
2024320741742,2024,320741742,511549,320649,-0.34796,52.77192,1,1,7,10:17,-1,E07000141,3,0,1,0,2,-1,6,2,0,1,9,0,0,0,1,0,0,12,14
2024320741776,2024,320741776,517113,349641,-0.25509,53.03124,3,3,7,10:01,-1,E07000139,4,0,1,0,2,"[2, -1]","[0, 8]","[0, 4]","[0, 4]",0,0,1,0,0,0,0,0,12,14
2024320741875,2024,320741875,510098,391547,-0.34519,53.40926,2,"[3, 2]",7,11:00,-1,E07000142,3,0,1,0,2,"[-1, 2]","[8, 0]","[4, 0]",0,0,0,1,0,0,0,0,0,12,14
2024320741889,2024,320741889,515544,410333,-0.2564,53.57688,2,"[3, 2]",7,12:00,-1,E07000142,4,0,1,0,2,-1,8,4,0,1,0,1,0,0,0,0,0,12,14
2024320742086,2024,320742086,494167,373227,-0.5902,53.24772,3,3,7,12:10,-1,E07000142,3,0,1,0,2,-1,8,4,0,7,9,1,0,0,0,0,0,12,14
2024320742215,2024,320742215,553713,373075,0.30149,53.23247,2,2,7,13:30,-1,E07000137,6,0,1,1,2,-1,5,2,"[11, 0]",0,0,1,0,0,0,1,0,12,14
2024320742617,2024,320742617,497357,370664,-0.54319,53.22411,2,2,7,22:00,-1,E07000138,5,2,1,0,1,9,6,4,0,0,0,1,0,0,0,0,1,12,14
2024320743870,2024,320743870,525632,386193,-0.11376,53.3577,2,2,1,15:17,-1,E07000137,5,0,1,1,2,-1,5,1,0,7,4,1,0,0,0,0,0,12,15
2024320743913,2024,320743913,507757,354780,-0.39282,53.07938,3,3,1,12:10,-1,E07000139,4,0,1,1,2,"[-1, 9]",5,"[1, 3]",0,0,0,1,0,1,0,0,0,12,15
2024320744224,2024,320744224,546088,384431,0.19256,53.33662,3,3,1,20:16,-1,E07000137,5,2,1,1,2,-1,6,2,0,7,9,1,0,0,0,0,0,12,15
2024320744490,2024,320744490,556555,363938,0.33955,53.14958,2,2,2,00:15,-1,E07000137,3,2,1,0,1,"[-1, 7]","[6, 8]",2,0,0,0,1,1,0,0,0,0,12,16
2024320746097,2024,320746097,493372,369569,-0.60318,53.21499,3,3,2,15:45,-1,E07000138,6,0,1,0,1,"[3, -1]",5,1,0,0,0,1,0,0,0,0,0,12,16
2024320746132,2024,320746132,528528,324157,-0.09504,52.79967,2,2,2,17:40,-1,E07000140,5,2,1,1,2,-1,8,4,0,1,9,0,0,1,0,0,0,12,16
2024320746842,2024,320746842,533967,396320,0.01569,53.44662,3,3,3,07:20,-1,E07000137,6,2,1,1,2,-1,"[2, 6]","[6, 2]",0,"[7, 0]",0,1,0,0,0,0,0,12,17
2024320747741,2024,320747741,524528,319711,-0.15603,52.76066,2,2,3,11:05,-1,E07000140,3,0,1,0,2,-1,"[8, 6]","[4, 2]",0,0,0,1,0,1,0,0,0,12,17
2024320748812,2024,320748812,496418,370170,-0.5574,53.21984,3,3,2,16:43,-1,E07000138,5,2,1,1,1,-1,3,7,0,0,0,0,0,1,0,0,0,12,16
2024320749561,2024,320749561,518960,344435,-0.22947,52.98406,3,3,4,07:30,-1,E07000139,3,2,1,0,2,"[3, -1]",4,8,0,0,0,1,0,0,0,0,0,12,18
2024320750018,2024,320750018,504934,307760,-0.45008,52.65742,3,3,4,11:00,-1,E07000141,3,0,1,0,2,"[-1, 3, 10]",4,"[8, 2]",0,0,0,1,0,0,0,0,0,12,18
2024320750232,2024,320750232,501311,360195,-0.4873,53.1293,2,2,4,11:31,-1,E07000139,3,0,1,0,2,-1,8,4,0,1,0,0,0,1,0,0,0,12,18
2024320750454,2024,320750454,506097,376340,-0.41045,53.27344,3,3,4,13:55,-1,E07000142,3,0,1,0,2,"[3, -1]","[6, 2]","[2, 6]",0,0,0,1,0,0,0,0,0,12,18
2024320750906,2024,320750906,482934,347247,-0.76521,53.01611,3,3,4,17:05,-1,E07000141,3,2,2,1,2,"[-1, 9]","[4, 2]",8,0,0,0,1,0,0,0,0,0,12,18
2024320751072,2024,320751072,532317,343856,-0.03087,52.97573,3,3,4,20:18,-1,E07000136,3,2,2,1,1,-1,8,4,0,0,0,1,0,0,0,0,0,12,18
2024320751101,2024,320751101,524209,322560,-0.15967,52.78633,3,3,4,19:25,-1,E07000140,3,2,2,1,1,"[9, -1]","[4, 2]","[2, 6]",0,0,0,1,1,0,0,0,0,12,18
2024320751165,2024,320751165,531375,384283,-0.02832,53.33914,3,3,4,16:30,-1,E07000137,3,2,2,1,2,"[2, -1, 14]","[0, 6, 2]","[0, 2, 6]",0,"[0, 1]",0,1,0,0,1,0,0,12,18
2024320751227,2024,320751227,530655,401431,-0.03202,53.49337,3,3,4,21:00,-1,E07000137,5,2,2,1,2,-1,5,3,0,0,0,1,0,0,0,0,1,12,18
2024320751825,2024,320751825,503559,344254,-0.45884,52.98563,3,3,5,08:30,-1,E07000139,3,0,1,0,2,"[9, -1]","[4, 2]","[2, 6]",0,0,0,1,0,0,0,0,0,12,19
2024320752672,2024,320752672,524698,323527,-0.15206,52.79491,3,3,5,13:32,-1,E07000140,3,0,1,0,1,"[-1, 5]","[5, 1]","[1, 5]",0,0,0,1,0,0,0,0,0,12,19
2024320752921,2024,320752921,528619,398334,-0.06396,53.46605,3,3,5,14:25,-1,E07000137,3,0,1,0,2,"[-1, 10]",4,"[8, 2]",0,"[1, 0]",0,1,0,0,0,0,0,12,19
2024320753028,2024,320753028,528499,394732,-0.06724,53.43372,2,"[3, 2]",5,12:19,-1,E07000137,3,0,1,1,2,"[-1, 9]","[2, 6]","[8, 2]",0,"[0, 1]",0,1,0,0,1,0,0,12,19
2024320753169,2024,320753169,496956,370914,-0.54912,53.22643,3,3,5,08:15,-1,E07000138,3,0,1,1,1,-1,"[8, 6]","[3, 2]",0,"[1, 0]",0,1,1,0,0,0,0,12,19
2024320753204,2024,320753204,495222,368506,-0.57581,53.20511,3,3,5,18:00,-1,E07000138,6,2,1,0,1,"[-1, 9]","[6, 8]","[2, 6]",0,0,0,1,0,1,0,0,0,12,19
2024320753284,2024,320753284,495741,368999,-0.56789,53.20944,2,2,5,19:22,-1,E07000138,6,2,1,0,1,9,4,2,0,0,0,1,0,0,0,0,1,12,19
2024320754737,2024,320754737,501138,367826,-0.48748,53.19791,3,3,6,12:43,-1,E07000139,4,0,1,0,2,"[-1, 4]",8,4,0,0,0,0,0,1,0,0,0,12,20
2024320755068,2024,320755068,534479,399951,0.02495,53.47911,3,3,6,14:10,-1,E07000137,3,0,2,1,2,-1,2,6,0,1,9,1,0,0,0,0,0,12,20
2024320755430,2024,320755430,481440,389683,-0.77667,53.3977,3,3,6,17:10,-1,E07000142,6,2,2,1,1,-1,1,5,0,0,0,1,0,0,0,0,1,12,20
2024320755443,2024,320755443,530502,343453,-0.05805,52.97255,2,2,6,14:36,-1,E07000136,3,0,1,1,1,"[2, -1]","[0, 2]","[0, 6]","[0, 10]","[0, 1]","[0, 2]",1,0,0,0,0,0,12,20
2024320755474,2024,320755474,540137,366115,0.09519,53.1737,2,"[2, 3]",6,16:34,-1,E07000137,4,2,2,1,2,9,1,3,0,0,0,0,0,0,1,0,1,12,20
2024320755564,2024,320755564,494933,350182,-0.58555,53.04049,3,3,6,17:00,-1,E07000141,3,2,2,1,2,-1,"[6, 2]","[2, 6]",0,0,0,1,0,0,0,0,0,12,20
2024320755778,2024,320755778,485424,376667,-0.72027,53.28011,3,3,6,19:30,-1,E07000142,3,2,1,1,2,-1,7,4,0,1,1,1,0,0,0,0,0,12,20
2024320756274,2024,320756274,510664,314573,-0.36312,52.7175,3,3,7,02:00,-1,E07000141,5,2,2,1,2,-1,2,6,0,7,9,1,0,0,0,0,0,12,21
2024320756507,2024,320756507,519480,361946,-0.21524,53.14128,2,2,7,08:30,-1,E07000137,4,0,1,1,2,"[-1, 9]","[4, 8]","[8, 7]",0,0,0,1,0,1,0,0,0,12,21
2024320757009,2024,320757009,480935,391315,-0.78384,53.41245,3,3,7,10:00,-1,E07000142,6,0,1,0,1,"[2, 14]","[0, 1]","[0, 5]",0,"[0, 1]","[0, 10]",1,0,0,0,0,0,12,21
2024320757284,2024,320757284,556852,363106,0.34358,53.14202,2,2,7,16:19,-1,E07000137,4,2,1,0,1,-1,"[5, 8]","[1, 4]",0,0,0,1,0,0,0,0,0,12,21
2024320757646,2024,320757646,551858,360976,0.26798,53.12433,1,"[3, 1]",7,20:48,-1,E07000137,3,2,1,1,2,"[-1, 13]","[6, 2]","[2, 6]",0,"[1, 0]","[0, 10]",1,0,1,0,0,0,12,21
2024320757909,2024,320757909,531405,400119,-0.02127,53.48139,3,3,1,02:55,-1,E07000137,3,2,1,1,2,-1,4,8,0,7,4,1,0,0,0,0,0,12,22
2024320758872,2024,320758872,529138,323943,-0.08608,52.7976,3,3,1,16:00,-1,E07000140,5,2,1,1,2,-1,"[2, 6]","[6, 2]",0,0,0,1,0,0,0,0,0,12,22
2024320759591,2024,320759591,497671,371871,-0.53812,53.2349,3,3,6,00:22,-1,E07000138,6,0,9,0,1,1,3,7,0,0,0,1,0,0,0,0,1,12,20
2024320759786,2024,320759786,499417,372715,-0.51171,53.24216,3,3,2,08:20,-1,E07000138,3,0,1,0,1,"[-1, 9]","[6, 2]","[2, 8]",0,0,0,1,0,0,0,0,0,12,23
2024320760170,2024,320760170,533900,327553,-0.01402,52.82887,3,3,1,10:55,-1,E07000140,3,0,1,1,2,"[-1, 9]",4,"[8, 2]",0,0,0,1,0,0,0,0,0,12,22
2024320761002,2024,320761002,486623,367634,-0.70475,53.19874,3,3,2,18:00,-1,E07000139,5,2,2,1,2,-1,4,8,0,1,4,1,0,0,0,0,0,12,23
2024320761073,2024,320761073,533332,386867,0.00214,53.36187,3,3,2,18:55,-1,E07000137,4,2,2,1,1,"[-1, 9]","[8, 2]",4,0,0,0,1,0,0,0,0,0,12,23
2024320761401,2024,320761401,532848,387333,-0.00493,53.36618,2,2,7,15:00,-1,E07000137,5,2,1,1,1,1,3,7,0,0,0,1,0,0,0,0,1,12,21
2024320762135,2024,320762135,484949,394492,-0.72261,53.44037,3,3,3,10:40,-1,E07000142,3,0,1,1,2,"[2, -1]","[0, 6]","[0, 2]","[0, 4]",0,0,1,0,0,1,0,0,12,24
2024320762237,2024,320762237,496363,394896,-0.55072,53.44204,1,1,3,09:15,-1,E07000142,3,0,1,1,2,-1,"[1, 5]","[5, 1]",0,7,4,0,0,0,1,0,0,12,24
2024320762303,2024,320762303,524708,340428,-0.14544,52.94675,3,3,3,14:00,-1,E07000136,3,0,1,1,2,"[10, 9]","[6, 2]","[2, 6]",0,"[1, 0]",0,1,0,0,0,0,0,12,24
2024320762877,2024,320762877,528603,398391,-0.06418,53.46656,3,3,3,23:30,-1,E07000137,3,2,1,0,2,-1,8,4,0,7,9,1,0,0,0,0,0,12,24
2024320762976,2024,320762976,538451,344693,0.06078,52.9817,3,3,7,10:41,-1,E07000136,5,0,1,1,2,"[9, -1]","[4, 2]","[2, 6]","[0, 10]",0,0,1,0,0,0,0,0,12,21
2024320764118,2024,320764118,505630,344941,-0.42778,52.9914,3,3,5,11:35,-1,E07000139,4,0,1,1,1,"[-1, 10]",2,"[6, 1]",0,0,0,1,0,0,0,0,0,12,26
2024320764367,2024,320764367,526472,322708,-0.12608,52.78714,3,3,5,13:00,-1,E07000140,4,0,2,1,2,-1,8,4,0,7,9,1,0,0,0,0,0,12,26
2024320764497,2024,320764497,547673,366801,0.20817,53.17783,2,2,5,16:56,-1,E07000137,3,2,7,1,2,"[7, -1]",4,8,0,"[0, 1]","[0, 1]",1,0,0,0,0,0,12,26
2024320765182,2024,320765182,508857,404907,-0.35923,53.52955,3,3,7,16:30,-1,E07000142,5,2,1,1,2,9,4,2,0,0,0,1,0,0,0,0,1,12,21
2024320765510,2024,320765510,497893,371920,-0.53478,53.2353,3,3,6,10:55,-1,E07000138,5,0,1,1,1,"[9, -1]","[2, 5]","[7, 1]",0,"[0, 1]","[0, 1]",1,0,0,0,0,0,12,27
2024320765518,2024,320765518,501477,320944,-0.4971,52.77656,3,3,6,11:06,-1,E07000141,4,0,7,1,2,-1,2,6,0,7,0,1,0,0,0,0,0,12,27
2024320766260,2024,320766260,491939,354948,-0.62883,53.08385,3,3,6,17:25,-1,E07000139,5,2,7,1,2,-1,6,4,0,7,9,1,0,0,0,0,0,12,27
2024320766337,2024,320766337,556396,363432,0.33693,53.14508,2,2,6,19:10,-1,E07000137,3,2,7,1,1,-1,2,6,0,0,0,0,0,1,0,0,1,12,27
2024320766493,2024,320766493,535463,325065,0.00813,52.80613,3,3,6,22:10,-1,E07000140,6,2,7,1,2,"[-1, 9]","[4, 2]",8,0,0,0,1,0,0,0,0,0,12,27