collision_index,collision_year,collision_ref_no,location_easting_osgr,location_northing_osgr,longitude,latitude,casualty_severity,casualty_severity,day_of_week,time,local_authority_district,local_authority_ons_district,first_road_class,light_conditions,weather_conditions,road_surface_conditions,urban_or_rural_area,vehicle_manoeuvre,vehicle_direction_from,vehicle_direction_to,hit_object_in_carriageway,vehicle_leaving_carriageway,hit_object_off_carriageway,is_car,is_cyle,is_mcyle,is_goodsv,is_other,is_pedestrian,month,day
2024332400138,2024,332400138,441900,295115,-1.38348,52.55227,3,3,5,15:15,-1,E07000132,5,0,2,1,1,4,1,5,0,0,0,1,0,0,0,0,1,2,8
2024332400139,2024,332400139,461475,302475,-1.09345,52.61658,3,3,5,17:40,-1,E06000016,3,2,2,1,1,19,"[5, 7]","[1, 3]",0,0,0,1,1,0,0,0,0,2,8
2024332400140,2024,332400140,460920,301950,-1.10174,52.61192,2,"[2, 3]",5,15:27,-1,E06000016,3,0,2,1,1,"[19, 5, 8]","[5, 3, 7]","[1, 7]",0,0,0,1,0,0,0,0,0,2,8
2024332400141,2024,332400141,462050,304368,-1.0846,52.63353,3,3,4,08:00,-1,E06000016,6,0,8,0,1,"[5, 9]","[4, 2]",8,0,0,0,1,0,0,0,0,0,1,31
2024332400143,2024,332400143,457400,303225,-1.1535,52.62376,3,3,6,08:35,-1,E06000016,3,0,2,1,1,19,2,6,0,0,0,1,0,0,0,0,1,2,9
2024332400144,2024,332400144,448715,327155,-1.27824,52.83971,3,3,6,11:30,-1,E07000134,5,0,2,1,2,19,"[3, 5]","[7, 1]",0,0,0,1,0,0,0,0,0,2,9
2024332400145,2024,332400145,455035,304695,-1.18818,52.63722,2,2,6,19:30,-1,E06000016,3,2,1,0,1,19,6,2,0,0,0,1,0,0,0,0,1,2,9
2024332400146,2024,332400146,457530,321185,-1.14844,52.78518,3,3,7,16:40,-1,E07000130,4,0,1,0,2,"[9, 19]","[6, 1]",4,0,"[0, 1]","[0, 1]",1,0,0,0,0,0,2,10
2024332400147,2024,332400147,457220,322335,-1.15284,52.79555,3,3,1,06:59,-1,E07000130,3,2,7,1,2,"[4, 19]","[3, 5]","[7, 1]",0,"[3, 1]",11,1,0,0,0,0,0,2,11
2024332400148,2024,332400148,444880,314005,-1.33697,52.72184,3,3,1,17:30,-1,E07000134,6,2,2,1,1,19,"[7, 5]","[3, 1]",0,"[0, 7]","[0, 11]",1,0,0,0,0,0,2,11
2024332400149,2024,332400149,454055,302295,-1.20306,52.61575,3,3,4,15:30,-1,E07000129,1,0,1,0,2,19,8,4,0,0,0,1,0,0,0,0,0,2,7
2024332400150,2024,332400150,452870,293125,-1.22202,52.53343,3,3,2,18:05,-1,E07000131,4,2,1,0,2,19,8,4,0,0,0,1,0,0,0,0,0,2,12
2024332400151,2024,332400151,457595,305915,-1.15015,52.64792,2,2,3,00:05,-1,E06000016,4,2,1,0,1,"[2, 19]","[0, 3]","[0, 7]",0,"[0, 7]",0,1,0,1,0,0,0,2,13
2024332400152,2024,332400152,458710,307075,-1.13346,52.65823,3,3,3,06:40,-1,E06000016,3,2,2,1,1,"[6, 19]","[5, 1]",5,0,0,0,1,0,1,0,0,0,2,13
2024332400153,2024,332400153,458545,304945,-1.13628,52.6391,3,3,3,16:00,-1,E06000016,3,0,2,1,1,"[4, 19]",2,6,0,0,0,1,0,0,0,0,0,2,13
2024332400154,2024,332400154,458502,302805,-1.13729,52.61987,2,2,3,17:40,-1,E06000016,6,2,2,1,1,19,3,7,0,0,0,1,0,0,0,0,1,2,13
2024332400155,2024,332400155,461925,306175,-1.08611,52.64978,2,2,3,17:20,-1,E06000016,5,2,2,1,1,"[19, 13]","[6, 3]","[3, 7]",0,7,"[10, 2]",1,0,0,0,0,0,2,13
2024332400156,2024,332400156,461620,301850,-1.09142,52.61094,3,3,3,10:00,-1,E07000135,6,0,2,1,1,19,7,3,0,1,3,1,0,0,0,0,0,2,13
2024332400157,2024,332400157,457395,305525,-1.15317,52.64444,3,3,7,15:50,-1,E06000016,3,0,1,0,1,19,3,7,0,0,0,1,1,0,0,0,0,2,10
2024332400158,2024,332400158,457835,317770,-1.14452,52.75446,2,2,7,13:28,-1,E07000130,5,0,1,0,1,19,9,9,0,0,0,0,0,1,1,0,0,2,10
2024332400159,2024,332400159,444815,311535,-1.33827,52.69964,3,3,6,15:36,-1,E07000134,5,0,1,1,2,"[19, 3]",3,7,0,0,0,1,0,0,0,0,0,2,9
2024332400160,2024,332400160,468360,319945,-0.98815,52.77278,3,3,4,08:38,-1,E07000133,3,0,1,1,2,19,"[3, 8]","[7, 3]",0,"[0, 1]",0,1,0,0,0,0,0,2,14
2024332400161,2024,332400161,459460,301850,-1.12332,52.61118,3,3,4,14:33,-1,E06000016,3,0,1,0,1,"[4, 19]",1,5,0,0,0,1,0,0,0,0,0,2,14
2024332400162,2024,332400162,455135,300730,-1.18737,52.60157,3,3,1,22:28,-1,E07000129,3,2,1,0,1,"[19, 3]",5,1,0,0,0,1,0,0,0,0,0,2,11
2024332400163,2024,332400163,445260,322965,-1.33011,52.80235,3,3,6,01:00,-1,E07000134,3,2,2,1,2,19,6,2,0,0,0,1,0,0,1,0,0,2,16
2024332400164,2024,332400164,453780,319725,-1.20428,52.77245,2,2,5,20:00,-1,E07000130,6,2,1,1,1,19,2,6,0,0,0,1,0,0,0,0,1,2,15
2024332400165,2024,332400165,459200,309795,-1.12573,52.68262,3,3,7,17:56,-1,E07000130,3,2,2,1,1,19,1,5,0,0,0,1,0,0,0,0,0,2,17
2024332400166,2024,332400166,458660,304380,-1.13468,52.63401,3,3,1,03:53,-1,E06000016,6,2,2,1,1,19,1,5,0,0,0,1,0,0,0,0,1,2,18
2024332400167,2024,332400167,460483,305282,-1.10758,52.64192,3,3,5,16:20,-1,E06000016,3,0,1,0,1,"[3, 5]","[3, 5]","[7, 1]",0,0,0,1,0,0,0,0,0,2,15
2024332400168,2024,332400168,442415,312350,-1.37367,52.70716,2,2,2,12:52,-1,E07000134,5,0,1,0,1,"[19, 9]","[4, 1]","[1, 7]",0,0,0,1,0,1,0,0,0,2,19
2024332400169,2024,332400169,455790,306410,-1.17674,52.65256,3,3,2,15:55,-1,E06000016,3,0,1,0,2,7,"[5, 7]",1,0,0,0,1,0,1,0,0,0,2,19
2024332400170,2024,332400170,460365,302840,-1.10977,52.61998,3,3,2,20:30,-1,E06000016,6,2,1,0,1,"[2, 19]","[0, 6]","[0, 2]",0,0,0,1,0,0,0,0,0,2,19
2024332400171,2024,332400171,456085,307450,-1.1722,52.66188,2,2,7,18:00,-1,E06000016,6,2,2,1,2,7,8,2,0,0,0,1,0,0,0,0,1,2,17
2024332400172,2024,332400172,457810,305760,-1.147,52.64651,3,3,7,18:33,-1,E06000016,4,2,2,1,1,19,2,6,0,0,0,1,0,0,0,0,0,2,17
2024332400173,2024,332400173,458405,304815,-1.13837,52.63795,2,2,3,05:57,-1,E06000016,3,2,1,0,1,19,"[2, 4]","[6, 8]",0,0,0,1,1,0,0,0,0,2,20
2024332400174,2024,332400174,461440,305325,-1.09343,52.6422,3,3,4,14:26,-1,E06000016,3,0,1,0,1,"[2, 19]","[0, 3]","[0, 7]",0,0,0,1,0,0,0,0,0,2,7
2024332400175,2024,332400175,452990,320170,-1.21591,52.77652,2,2,3,14:05,-1,E07000130,6,0,1,0,1,9,7,5,0,0,0,1,0,0,0,0,1,2,20
2024332400176,2024,332400176,454525,300600,-1.19639,52.60046,3,3,2,15:20,-1,E07000129,1,0,1,0,2,"[3, 5]",7,3,0,0,0,1,0,0,0,0,0,2,19
2024332400177,2024,332400177,453735,314935,-1.20573,52.7294,3,3,3,18:00,-1,E07000130,5,2,1,1,2,19,4,1,0,0,0,0,0,1,0,0,0,2,20
2024332400178,2024,332400178,455502,311540,-1.18013,52.6987,3,3,4,12:47,-1,E07000130,5,0,8,1,2,"[19, 9]","[3, 6]","[8, 3]",0,0,0,1,0,0,0,0,0,2,21
2024332400179,2024,332400179,458195,300275,-1.14227,52.59716,2,2,4,15:10,-1,E06000016,5,0,8,1,1,"[3, 14]",8,4,0,"[0, 1]",0,1,0,1,0,0,0,2,21
2024332400180,2024,332400180,443145,291190,-1.36562,52.51689,3,3,6,10:30,-1,E07000132,3,0,1,0,1,"[9, 19]","[2, 8]","[8, 4]",0,"[0, 1]","[0, 11]",1,0,0,0,0,0,2,23
2024332400181,2024,332400181,453830,319890,-1.20351,52.77392,2,2,6,17:10,-1,E07000130,6,2,8,1,1,19,2,6,0,1,11,1,0,0,0,0,0,2,23
2024332400182,2024,332400182,458945,303305,-1.13066,52.62432,2,"[2, 3]",6,03:45,-1,E06000016,3,2,1,0,1,19,2,7,0,1,4,1,0,0,0,0,0,2,23
2024332400183,2024,332400183,450605,314240,-1.25218,52.72345,3,3,6,17:28,-1,E07000130,5,2,1,0,2,"[19, 8]","[4, 2, 6]","[8, 6]",0,"[0, 3]","[0, 1]",1,0,0,0,0,0,2,23
2024332400184,2024,332400184,458990,307910,-1.12918,52.6657,3,3,6,23:30,-1,E07000130,3,2,1,0,2,19,5,1,10,1,4,1,0,0,0,0,0,2,23
2024332400185,2024,332400185,457488,303385,-1.15217,52.62519,3,3,6,13:18,-1,E06000016,3,0,1,0,1,"[19, 11]",5,1,0,0,0,1,0,0,0,0,0,2,23
2024332400186,2024,332400186,456910,304375,-1.16054,52.63415,3,3,2,17:00,-1,E06000016,5,0,2,1,1,"[3, 19]",5,1,0,0,0,1,0,0,0,0,0,2,26
2024332400188,2024,332400188,475470,313170,-0.88433,52.71094,3,3,1,09:33,-1,E07000133,6,0,1,0,2,"[13, 19]",8,4,0,0,0,1,1,0,0,0,0,2,25
2024332400189,2024,332400189,473105,287130,-0.92508,52.47721,3,3,5,08:10,-1,E07000131,3,0,1,0,1,19,9,9,0,0,0,1,0,0,0,0,1,2,15
2024332400190,2024,332400190,442410,294015,-1.37609,52.54235,3,3,3,18:50,-1,E07000132,6,2,1,0,1,"[19, 5, 2]","[3, 7, 0]","[7, 3, 0]",0,0,0,1,0,0,0,0,0,2,20
2024332400191,2024,332400191,456440,303363,-1.16765,52.6251,3,3,5,09:10,-1,E06000016,6,0,1,1,1,9,5,3,0,0,0,1,0,0,0,0,1,2,29
2024332400192,2024,332400192,446860,323920,-1.30624,52.8108,3,3,6,07:55,-1,E07000134,1,0,1,0,2,"[19, 13]",5,1,0,0,0,1,0,0,1,0,0,2,23
2024332400193,2024,332400193,461640,307930,-1.08999,52.66559,3,3,5,15:15,-1,E06000016,5,0,1,0,1,"[5, 19]","[3, 1]","[7, 5]",0,0,0,1,1,0,0,0,0,2,29
2024332400194,2024,332400194,453885,319980,-1.20268,52.77473,3,3,5,17:25,-1,E07000130,6,2,1,2,1,19,5,1,0,0,0,1,0,0,0,0,1,2,29
2024332400195,2024,332400195,459870,299472,-1.11769,52.58976,3,3,6,05:35,-1,E07000135,4,2,1,0,1,19,8,4,0,0,0,1,0,0,0,0,1,3,1
2024332400196,2024,332400196,463130,311960,-1.06719,52.70164,3,3,4,14:10,-1,E07000130,5,0,2,1,1,"[4, 19]","[6, 2]","[2, 6]",0,0,0,1,0,0,0,0,0,2,28
2024332400197,2024,332400197,459175,305545,-1.12686,52.64443,3,3,6,13:35,-1,E06000016,3,0,2,1,1,19,5,1,0,0,0,1,0,0,0,0,1,3,1
2024332400198,2024,332400198,455860,305695,-1.17583,52.64612,3,3,6,21:00,-1,E06000016,6,2,1,0,1,19,7,3,0,0,0,1,0,0,0,0,1,3,1
2024332400199,2024,332400199,457710,301400,-1.14924,52.60732,3,3,7,18:30,-1,E06000016,3,2,1,1,1,19,5,1,0,0,0,1,0,0,0,0,1,3,2
2024332400200,2024,332400200,456792,298498,-1.16329,52.58134,3,3,7,18:05,-1,E07000129,3,2,2,1,2,"[19, 9, 3]","[5, 1]","[1, 7]",0,0,0,1,0,0,0,0,0,3,2
2024332400201,2024,332400201,436180,315955,-1.46555,52.74002,2,2,1,23:35,-1,E07000134,5,2,1,1,1,19,5,2,0,1,2,0,0,1,0,0,0,3,3
2024332400202,2024,332400202,468780,310115,-0.98398,52.68437,2,2,1,14:30,-1,E07000130,5,0,1,0,2,1,4,8,0,0,0,1,0,0,0,0,1,3,3
2024332400203,2024,332400203,457465,308020,-1.1517,52.66686,3,3,7,20:30,-1,E06000016,3,2,1,1,1,19,"[1, 3]","[5, 7]",0,0,0,1,0,0,0,0,0,3,2
2024332400204,2024,332400204,457330,304460,-1.15432,52.63487,3,3,1,16:15,-1,E06000016,5,0,1,0,1,19,"[7, 1]","[3, 5]",0,0,0,1,1,0,0,0,0,2,4
2024332400205,2024,332400205,486625,299950,-0.72273,52.59046,3,3,5,17:00,-1,E06000017,3,0,1,1,2,"[4, 19]",5,"[3, 1]",0,0,0,1,0,1,0,0,0,2,29
2024332400206,2024,332400206,435135,317110,-1.48091,52.75047,2,2,6,23:15,-1,E07000134,6,2,1,0,1,"[2, 19]","[0, 9]","[0, 9]",0,0,0,1,0,0,0,0,0,3,1
2024332400207,2024,332400207,480417,334950,-0.80577,52.90598,3,3,3,08:28,-1,E07000133,5,0,1,1,2,19,"[4, 6]","[8, 2]",0,"[0, 1]",0,1,0,0,0,0,0,3,5
2024332400208,2024,332400208,441680,292070,-1.3871,52.52492,3,3,5,06:40,-1,E07000132,3,2,2,1,2,"[3, 19]",4,8,0,0,0,1,0,0,0,0,0,2,29
2024332400209,2024,332400209,460570,315235,-1.10447,52.73137,3,3,3,10:00,-1,E07000130,5,0,1,0,1,19,6,3,0,0,0,0,0,1,0,0,0,3,5
2024332400210,2024,332400210,444220,316660,-1.34638,52.74576,3,3,3,15:25,-1,E07000134,5,0,1,0,2,4,2,3,0,2,11,1,0,0,0,0,0,3,5
2024332400211,2024,332400211,457985,305985,-1.14437,52.64851,3,3,4,17:01,-1,E06000016,5,0,1,0,1,"[1, 15]","[6, 2]","[3, 6]",0,1,"[0, 4]",1,1,0,0,0,0,3,6
2024332400212,2024,332400212,457350,303160,-1.15425,52.62318,3,3,4,18:35,-1,E06000016,3,2,1,0,1,"[19, 9]","[6, 8]","[2, 6]",0,"[1, 0]","[11, 0]",1,0,0,0,0,0,3,6
2024332400213,2024,332400213,455442,303435,-1.18238,52.62585,3,3,7,12:50,-1,E06000016,6,0,1,0,1,19,1,5,0,0,0,1,0,0,0,0,1,3,9
2024332400214,2024,332400214,470595,301835,-0.9589,52.60972,3,3,7,10:30,-1,E07000131,5,0,1,0,2,19,"[6, 3]","[3, 6]",0,0,0,1,0,0,0,0,0,3,9
2024332400215,2024,332400215,454160,283915,-1.2045,52.45052,2,2,7,15:21,-1,E07000131,3,0,1,0,2,19,3,7,0,5,6,0,0,1,0,0,0,3,9
2024332400216,2024,332400216,454680,304645,-1.19344,52.63681,3,3,1,01:36,-1,E06000016,6,2,2,1,1,19,"[3, 5]","[7, 1]",0,0,0,1,0,0,0,0,0,3,10
2024332400217,2024,332400217,462990,300145,-1.07152,52.59546,3,3,1,16:36,-1,E07000135,3,0,2,1,1,9,6,4,7,0,0,0,0,1,0,0,0,3,10
2024332400218,2024,332400218,459725,283805,-1.12264,52.44895,2,"[3, 2]",1,16:25,-1,E07000131,3,0,2,1,2,19,"[7, 2]","[3, 7]",0,"[1, 0]","[4, 0]",1,0,0,0,0,0,3,10
2024332400219,2024,332400219,459160,311060,-1.1261,52.694,2,2,1,17:15,-1,E07000130,3,0,2,1,2,19,5,1,0,4,6,1,0,0,0,0,0,3,10
2024332400220,2024,332400220,456935,303610,-1.1603,52.62727,3,3,1,22:35,-1,E06000016,5,2,1,1,1,19,"[8, 6]","[6, 2]",0,"[1, 0]","[4, 0]",1,0,0,0,0,0,3,10
2024332400221,2024,332400221,444730,311515,-1.33953,52.69947,3,3,2,00:03,-1,E07000134,5,2,2,1,2,19,3,7,0,1,2,1,0,0,0,0,0,3,11
2024332400222,2024,332400222,460640,299100,-1.10639,52.58633,3,3,2,21:40,-1,E07000135,4,2,1,0,1,"[9, 19]","[7, 5]","[5, 1]",0,0,0,1,1,0,0,0,0,3,11
2024332400223,2024,332400223,454885,298690,-1.1914,52.58326,3,3,5,20:15,-1,E07000129,4,2,1,0,1,"[11, 12]",2,6,0,0,0,1,0,0,0,0,0,3,7
2024332400224,2024,332400224,462135,300750,-1.08402,52.601,3,3,2,13:50,-1,E07000135,5,0,1,0,1,"[19, 6]","[5, 1]",1,0,0,0,1,0,0,0,0,0,3,11
2024332400225,2024,332400225,463000,300130,-1.07137,52.59532,3,3,2,10:30,-1,E07000135,3,0,1,0,1,19,4,8,0,0,0,1,0,0,0,0,1,3,11
2024332400226,2024,332400226,434040,307080,-1.49816,52.66038,3,3,3,23:10,-1,E07000132,4,2,1,1,2,19,1,5,0,1,9,1,0,0,0,0,0,3,12
2024332400227,2024,332400227,463030,305955,-1.06982,52.64768,3,3,3,22:45,-1,E06000016,3,2,1,0,1,"[19, 9]","[1, 5]","[5, 3]",0,0,0,1,0,0,0,0,0,4,2
2024332400228,2024,332400228,457575,304570,-1.15068,52.63583,3,3,4,14:15,-1,E06000016,6,0,1,0,1,"[1, 4]","[7, 3]","[3, 7]",0,0,0,1,0,0,0,0,0,3,13
2024332400229,2024,332400229,474730,320025,-0.89373,52.77265,3,3,3,17:15,-1,E07000133,3,0,1,1,1,"[19, 99]","[5, 7]","[1, 3]",0,0,0,1,0,0,0,0,0,3,12
2024332400230,2024,332400230,459305,301425,-1.12568,52.60738,3,3,5,16:20,-1,E06000016,5,0,1,0,1,"[3, 19]","[5, 7]","[1, 3]",0,0,0,1,0,0,0,0,0,3,7
2024332400231,2024,332400231,462797,302545,-1.07391,52.61705,3,3,5,00:30,-1,E06000016,5,2,1,1,2,19,"[1, 5]","[5, 1]",0,0,0,1,0,0,0,0,0,3,14
2024332400232,2024,332400232,457430,303275,-1.15304,52.62421,3,3,5,13:05,-1,E06000016,3,0,1,0,1,"[19, 4]",2,6,0,"[1, 0]","[10, 0]",1,0,1,0,0,0,3,14
2024332400233,2024,332400233,459485,304775,-1.12242,52.63747,3,3,1,11:00,-1,E06000016,3,0,1,0,1,"[19, 3]",2,6,0,0,0,1,0,0,0,0,0,3,3
2024332400234,2024,332400234,473955,324090,-0.90429,52.8093,2,2,3,13:30,-1,E07000133,6,0,1,0,2,19,5,1,0,1,0,1,0,0,0,0,1,3,12
2024332400235,2024,332400235,449080,317880,-1.27421,52.75631,2,2,6,10:20,-1,E07000130,1,0,1,0,2,"[19, 11]",5,1,0,0,0,1,0,0,0,0,0,3,15
2024332400236,2024,332400236,464227,282765,-1.05661,52.43909,1,"[2, 1]",6,12:38,-1,E07000131,3,0,1,0,2,"[19, 9]","[5, 7]","[1, 5]",0,"[0, 1]",0,1,0,0,0,0,0,3,15
2024332400237,2024,332400237,460425,305540,-1.10839,52.64424,3,3,6,16:35,-1,E06000016,6,0,1,1,1,"[9, 19]","[7, 5]","[5, 1]",0,0,0,1,1,0,0,0,0,3,15
2024332400238,2024,332400238,463955,305870,-1.05617,52.64681,3,3,6,21:27,-1,E06000016,6,2,2,1,1,"[19, 9]","[7, 5]",3,0,0,0,1,0,0,0,0,0,3,15
2024332400239,2024,332400239,458322,306178,-1.13936,52.65021,3,3,6,15:10,-1,E06000016,3,0,2,1,1,19,"[1, 7]","[5, 3]",0,1,0,1,0,0,0,0,0,3,15
2024332400240,2024,332400240,446510,293885,-1.31566,52.54084,3,3,7,19:55,-1,E07000129,1,2,2,1,2,3,1,5,0,0,0,1,0,0,0,0,0,3,16
2024332400241,2024,332400241,443280,291685,-1.36357,52.52133,3,3,1,01:20,-1,E07000132,4,2,1,1,2,19,1,5,0,1,1,1,0,0,0,0,0,3,17
2024332400242,2024,332400242,487480,304140,-0.709,52.62798,3,3,7,21:44,-1,E06000017,3,2,2,1,2,13,5,1,0,0,0,1,0,0,0,0,0,3,16
2024332400243,2024,332400243,448380,328325,-1.28304,52.85026,3,3,1,08:31,-1,E07000134,3,0,2,1,2,19,6,2,10,1,0,1,0,0,0,0,0,3,17
2024332400244,2024,332400244,460425,305537,-1.10839,52.64422,3,3,7,12:45,-1,E06000016,6,0,1,0,1,19,"[3, 1]","[7, 5]",0,0,0,1,1,0,0,0,0,3,16
2024332400245,2024,332400245,475390,318580,-0.88428,52.75958,3,3,1,12:30,-1,E07000133,6,0,1,0,1,"[19, 4]",5,1,0,0,0,1,0,0,0,0,0,3,17
2024332400246,2024,332400246,456160,307235,-1.17113,52.65994,3,3,1,12:12,-1,E06000016,4,0,1,0,1,"[4, 19]",5,1,0,0,0,1,0,1,0,0,0,3,17
2024332400247,2024,332400247,450665,319025,-1.25055,52.76646,1,1,1,15:49,-1,E07000130,6,0,1,0,1,19,5,1,0,1,2,0,0,1,0,0,0,3,17
2024332400248,2024,332400248,457030,304605,-1.15872,52.63621,3,3,1,14:15,-1,E06000016,5,0,1,1,1,"[6, 19]",5,"[5, 1]",0,0,0,1,0,0,0,0,0,3,17
2024332400249,2024,332400249,433300,305610,-1.50925,52.64721,3,3,2,10:40,-1,E07000132,3,0,1,1,2,"[19, 13]","[4, 8]","[8, 4]",0,"[1, 0]",0,1,0,0,1,0,0,3,18
2024332400250,2024,332400250,438690,311375,-1.42892,52.69868,3,3,2,14:50,-1,E07000134,5,0,1,0,2,"[13, 19]",4,"[1, 2]",0,0,0,0,1,0,1,0,0,3,18
2024332400251,2024,332400251,458618,301325,-1.13584,52.60655,3,3,6,18:13,-1,E06000016,6,2,1,0,1,19,9,9,0,0,0,1,0,0,0,0,1,3,15
2024332400252,2024,332400252,448675,304595,-1.28217,52.63693,2,"[2, 3]",3,13:35,-1,E07000132,5,0,1,0,2,19,"[5, 1]","[1, 5]",0,0,0,1,0,0,0,0,0,3,19
2024332400253,2024,332400253,440635,293237,-1.40236,52.53549,3,3,3,14:20,-1,E07000132,4,0,1,0,1,19,6,2,0,"[1, 0]","[2, 0]",1,0,0,0,0,0,3,19
2024332400254,2024,332400254,452290,319475,-1.2264,52.77035,3,3,6,09:05,-1,E07000130,3,0,1,0,1,"[12, 4]",7,3,0,0,0,1,0,0,0,0,0,3,15
2024332400255,2024,332400255,458965,305100,-1.13005,52.64045,3,3,4,09:50,-1,E06000016,3,0,1,0,1,1,5,1,0,1,0,1,0,0,0,0,1,3,20
2024332400256,2024,332400256,457255,305165,-1.1553,52.64122,3,3,4,08:50,-1,E06000016,6,0,8,0,1,"[9, 19]","[5, 7]",3,0,0,0,1,1,0,0,0,0,3,20
2024332400258,2024,332400258,458080,303555,-1.14339,52.62666,3,3,1,11:37,-1,E06000016,6,0,1,0,1,"[-1, 3]",5,1,0,0,0,1,0,0,0,0,0,3,17
2024332400259,2024,332400259,452565,292840,-1.22656,52.5309,3,3,6,16:00,-1,E07000131,5,0,1,1,2,"[19, 9]","[8, 4]","[4, 2]",0,0,0,1,0,0,0,0,0,3,15
2024332400260,2024,332400260,472775,319670,-0.92278,52.76973,1,"[1, 2]",4,22:56,-1,E07000133,5,2,1,1,2,19,"[2, 6]","[6, 2]",0,"[7, 0]",0,1,0,0,0,0,0,3,20
2024332400261,2024,332400261,460065,298700,-1.11495,52.5828,2,2,1,11:00,-1,E07000135,4,0,1,0,1,"[5, 19]","[5, 3]","[1, 7]",0,0,0,1,1,0,0,0,0,3,10
2024332400262,2024,332400262,459830,307095,-1.1169,52.65829,3,3,7,17:30,-1,E06000016,6,0,1,0,1,"[3, 19]","[1, 9]","[5, 9]",0,0,0,1,0,0,0,0,0,3,16
2024332400263,2024,332400263,462775,290685,-1.07648,52.51045,3,3,5,17:00,-1,E07000131,3,0,1,0,2,19,"[2, 4]","[6, 8]",0,"[1, 0]",0,1,0,0,0,0,0,3,21
2024332400264,2024,332400264,459440,306015,-1.12286,52.64862,2,2,5,19:10,-1,E06000016,5,2,1,0,1,19,3,7,0,0,0,1,0,0,0,0,1,3,21
2024332400265,2024,332400265,451860,306455,-1.23482,52.65335,3,3,5,22:10,-1,E07000132,5,2,1,0,2,19,3,7,10,7,4,1,0,0,0,0,0,3,21
2024332400266,2024,332400266,450815,321265,-1.24798,52.78658,2,2,6,14:25,-1,E07000130,3,0,1,0,2,5,8,4,0,1,1,0,0,1,0,0,0,3,22
2024332400267,2024,332400267,448995,304330,-1.27748,52.63452,3,3,6,15:30,-1,E07000132,5,0,1,0,2,"[19, 9]","[6, 2]","[2, 8]",0,0,0,1,0,0,0,0,0,3,22
2024332400268,2024,332400268,481060,327960,-0.79795,52.84306,2,2,7,00:50,-1,E07000133,3,2,1,0,2,19,"[5, 2]","[1, 5]",0,0,0,1,0,0,1,0,0,3,23
2024332400269,2024,332400269,450597,314255,-1.25229,52.72358,3,3,1,09:10,-1,E07000130,5,0,1,0,2,19,"[6, 8]","[2, 4]",0,"[0, 1]",0,1,0,0,0,0,0,3,24
2024332400270,2024,332400270,459965,307228,-1.11488,52.65947,3,3,6,17:30,-1,E06000016,3,0,1,0,1,9,1,7,0,0,0,1,0,0,0,0,1,3,22
2024332400271,2024,332400271,454945,304310,-1.18958,52.63377,3,3,6,17:07,-1,E06000016,3,0,1,0,1,"[19, 3]",1,5,0,0,0,1,0,0,0,0,0,3,22
2024332400272,2024,332400272,463510,305588,-1.0628,52.64432,3,3,2,11:03,-1,E06000016,6,0,2,1,1,"[2, 19]","[0, 7]","[0, 3]",0,0,0,1,0,0,0,0,0,3,25
2024332400273,2024,332400273,460640,305020,-1.10531,52.63955,3,3,3,19:00,-1,E06000016,5,2,2,1,1,19,4,8,0,0,0,1,0,0,0,0,1,3,26
2024332400274,2024,332400274,446870,288955,-1.31105,52.4965,1,1,3,20:15,-1,E07000129,3,2,2,1,2,"[19, 2]","[8, 0]","[4, 0]",0,"[1, 0]",0,1,0,0,1,0,0,3,26
2024332400275,2024,332400275,455222,307900,-1.18489,52.66601,3,3,3,19:00,-1,E07000130,3,2,2,1,2,19,"[5, 6]","[1, 2]",0,0,0,1,0,0,0,0,0,3,12
2024332400276,2024,332400276,456990,304543,-1.15933,52.63565,3,3,3,13:00,-1,E06000016,5,0,1,0,1,"[19, 9]","[5, 1]","[1, 7]",0,0,0,1,0,0,0,0,0,3,26
2024332400277,2024,332400277,464445,304753,-1.04914,52.63671,3,3,6,15:10,-1,E06000016,6,0,1,0,1,19,9,9,0,0,0,1,0,0,0,0,1,3,8
2024332400278,2024,332400278,447223,311815,-1.30259,52.70196,3,3,5,08:10,-1,E07000132,4,0,1,1,2,"[19, 10]",5,"[1, 3]",0,0,0,1,0,0,0,0,0,3,28
2024332400279,2024,332400279,451215,318715,-1.24245,52.76362,2,2,3,16:05,-1,E07000130,3,0,1,0,1,"[9, 19]","[4, 2]","[2, 6]",0,0,0,1,0,1,0,0,0,3,26
2024332400280,2024,332400280,453870,315165,-1.20369,52.73145,2,2,6,20:53,-1,E07000130,5,2,8,1,2,19,1,6,0,1,11,1,0,0,0,0,0,3,29
2024332400281,2024,332400281,452932,319200,-1.21693,52.76781,3,3,3,08:30,-1,E07000130,6,0,1,0,1,19,"[5, 3]","[1, 7]",0,0,0,1,1,0,0,0,0,3,19
2024332400282,2024,332400282,441407,319135,-1.38774,52.76823,2,2,7,13:40,-1,E07000134,4,0,1,0,2,"[19, 5]","[7, 1]","[3, 5]","[0, 7]","[0, 3]","[0, 1]",1,0,0,0,0,0,3,30
2024332400283,2024,332400283,459335,302295,-1.12508,52.6152,3,3,1,11:10,-1,E06000016,3,0,1,0,1,"[19, 2, 9]","[1, 0, 3]","[5, 0, 1]",0,0,0,1,0,0,0,0,0,3,31
2024332400284,2024,332400284,448320,303428,-1.28759,52.62647,3,3,2,06:30,-1,E07000132,4,0,1,2,2,"[19, 5]","[7, 5]","[3, 1]",0,"[0, 1]",0,1,0,0,0,0,0,3,4
2024332400285,2024,332400285,440870,294080,-1.39879,52.54305,3,3,1,23:08,-1,E07000132,6,2,1,1,1,19,3,7,0,0,0,1,0,0,0,0,1,3,31