collision_index,collision_year,collision_ref_no,location_easting_osgr,location_northing_osgr,longitude,latitude,casualty_severity,casualty_severity,day_of_week,time,local_authority_district,local_authority_ons_district,first_road_class,light_conditions,weather_conditions,road_surface_conditions,urban_or_rural_area,vehicle_manoeuvre,vehicle_direction_from,vehicle_direction_to,hit_object_in_carriageway,vehicle_leaving_carriageway,hit_object_off_carriageway,is_car,is_cyle,is_mcyle,is_goodsv,is_other,is_pedestrian,month,day
2024332400286,2024,332400286,480505,337950,-0.80372,52.93293,1,1,2,10:20,-1,E07000133,3,0,1,1,2,"[7, 19]","[1, 7]",3,0,"[7, 0]",0,1,0,0,0,0,0,4,1
2024332400287,2024,332400287,471885,323845,-0.93505,52.80737,2,"[2, 3]",2,10:15,-1,E07000133,3,0,1,1,2,19,"[6, 4]","[2, 8]","[10, 0]","[1, 7]",0,1,0,0,0,0,0,4,1
2024332400288,2024,332400288,460490,311455,-1.10635,52.6974,2,2,2,22:09,-1,E07000130,3,2,1,0,2,19,6,2,7,1,7,1,0,0,0,0,0,4,1
2024332400289,2024,332400289,458795,315485,-1.13071,52.73381,3,3,6,08:20,-1,E07000130,5,0,1,1,2,"[4, 19]",3,7,0,0,0,1,0,0,0,0,0,3,29
2024332400290,2024,332400290,460050,307380,-1.1136,52.66082,3,3,7,20:15,-1,E06000016,3,2,1,0,1,19,1,5,"[0, 10]",0,0,1,0,0,0,0,0,3,30
2024332400291,2024,332400291,459730,308023,-1.11821,52.66664,3,3,3,14:52,-1,E06000016,3,0,1,0,2,"[19, 4]",6,2,0,0,0,1,0,0,0,0,0,4,2
2024332400292,2024,332400292,458205,304830,-1.14132,52.6381,3,3,4,20:10,-1,E06000016,6,2,1,0,1,19,"[3, 5]","[7, 1]",0,0,0,1,1,0,0,0,0,4,3
2024332400293,2024,332400293,475715,325905,-0.87777,52.82537,3,3,5,07:15,-1,E07000133,6,0,2,1,2,"[19, 9]","[6, 2]","[2, 7]",0,"[0, 1]","[0, 1]",1,0,0,0,0,0,4,4
2024332400294,2024,332400294,460990,304035,-1.10032,52.63065,3,3,2,19:00,-1,E06000016,6,0,1,0,1,1,7,1,0,0,0,1,0,0,0,0,1,4,1
2024332400295,2024,332400295,440740,303140,-1.3996,52.6245,3,3,3,11:55,-1,E07000132,6,0,1,0,2,19,7,3,0,0,0,0,0,0,1,0,1,4,2
2024332400296,2024,332400296,461865,305317,-1.08716,52.64208,3,3,5,14:27,-1,E06000016,3,0,1,0,1,10,5,3,0,0,0,1,0,0,0,0,1,4,4
2024332400297,2024,332400297,449070,318005,-1.27434,52.75743,3,3,5,14:45,-1,E07000130,1,0,1,0,2,19,5,1,0,"[0, 7]","[0, 4]",1,0,0,0,0,0,4,4
2024332400298,2024,332400298,442353,314240,-1.37435,52.72416,3,3,6,11:35,-1,E07000134,5,0,1,0,1,9,6,5,0,0,0,1,0,0,0,0,1,4,5
2024332400299,2024,332400299,464888,293535,-1.04479,52.53582,3,3,6,19:45,-1,E07000131,5,2,1,0,2,19,5,1,0,0,0,1,0,0,0,0,1,3,22
2024332400300,2024,332400300,443070,295705,-1.36614,52.55749,3,3,6,18:50,-1,E07000132,3,0,1,0,1,"[3, 19]",7,3,0,0,0,1,0,0,0,0,0,4,5
2024332400301,2024,332400301,459465,301840,-1.12324,52.61109,2,2,7,02:00,-1,E06000016,3,2,1,0,1,19,"[1, 7]","[5, 3]",0,0,0,1,0,1,0,0,0,4,6
2024332400302,2024,332400302,449226,315243,-1.27244,52.73259,2,2,7,16:58,-1,E07000134,4,0,1,0,2,19,"[7, 5]","[3, 1]",0,0,0,1,0,1,0,0,0,4,6
2024332400303,2024,332400303,446535,297775,-1.31475,52.57581,3,3,6,12:15,-1,E07000132,5,0,1,1,1,"[2, 4]","[0, 7]","[0, 3]",0,"[0, 1]","[0, 10]",1,0,0,0,0,1,3,15
2024332400304,2024,332400304,456830,298725,-1.16269,52.58337,3,3,1,12:51,-1,E07000129,3,0,1,0,1,"[13, 9]",1,"[5, 7]",0,"[7, 0]",0,1,0,1,0,0,0,4,7
2024332400305,2024,332400305,445370,289852,-1.33302,52.50469,3,3,2,08:00,-1,E07000132,3,0,1,0,2,"[10, 19, 3]",4,"[2, 8]",0,0,0,1,0,0,0,0,0,3,18
2024332400306,2024,332400306,483565,306720,-0.76617,52.65178,3,3,6,21:30,-1,E06000017,6,2,1,0,2,5,1,5,0,0,0,1,0,0,0,0,1,4,5
2024332400307,2024,332400307,463515,304305,-1.06297,52.63279,3,3,5,10:30,-1,E06000016,4,0,1,0,1,"[3, 4]",5,1,0,0,0,1,0,0,0,0,0,4,4
2024332400308,2024,332400308,458325,306200,-1.13931,52.65041,3,3,6,17:00,-1,E06000016,3,0,1,0,1,"[19, 10]",1,"[5, 7]",0,0,0,1,0,0,0,0,0,4,5
2024332400309,2024,332400309,460445,302515,-1.10865,52.61705,3,3,6,07:25,-1,E06000016,3,0,2,1,1,"[3, 19]",4,8,0,0,0,1,0,0,0,0,0,4,5
2024332400310,2024,332400310,461490,301260,-1.09345,52.60565,3,3,2,12:43,-1,E07000135,3,0,1,0,2,"[7, 19]","[3, 4]","[7, 8]",0,0,0,1,1,0,0,0,0,4,8
2024332400311,2024,332400311,471893,323851,-0.93493,52.80743,3,3,5,18:35,-1,E07000133,3,0,1,0,2,19,"[8, 6]","[4, 2]",0,0,0,1,0,0,0,0,0,4,4
2024332400312,2024,332400312,452325,321000,-1.22564,52.78405,3,3,1,11:15,-1,E07000130,6,0,1,0,1,"[13, 9]",5,"[1, 3]",0,0,0,1,0,0,0,0,0,4,7
2024332400313,2024,332400313,458100,303835,-1.14305,52.62917,2,2,3,13:00,-1,E06000016,5,0,2,1,1,19,5,1,0,0,0,1,0,0,0,0,1,4,9
2024332400314,2024,332400314,459960,301305,-1.11603,52.60623,2,2,2,15:34,-1,E06000016,6,0,1,0,1,"[13, 9]",1,"[5, 7]",0,0,0,0,1,1,0,0,0,4,8
2024332400315,2024,332400315,459217,309590,-1.12552,52.68078,3,3,2,22:10,-1,E07000130,3,2,1,1,1,"[19, 11]",1,5,0,"[0, 1]","[0, 10]",1,0,0,0,0,0,4,8
2024332400316,2024,332400316,457573,303550,-1.15088,52.62667,2,"[3, 2]",4,13:00,-1,E06000016,3,0,2,1,1,19,1,5,0,7,5,1,0,0,0,0,1,4,10
2024332400317,2024,332400317,460245,304360,-1.11127,52.63366,2,2,6,14:51,-1,E06000016,6,0,1,0,1,19,9,9,0,0,0,0,1,0,0,0,1,3,29
2024332400318,2024,332400318,452120,319890,-1.22885,52.77409,3,3,5,15:00,-1,E07000130,3,0,1,0,1,19,4,8,0,7,4,1,0,0,0,0,0,4,11
2024332400319,2024,332400319,451995,320555,-1.2306,52.78008,3,3,5,10:26,-1,E07000130,5,0,8,0,1,"[19, 7]","[2, 4]",6,0,0,0,1,0,0,0,0,0,4,11
2024332400320,2024,332400320,462605,299870,-1.07725,52.59303,3,3,6,14:00,-1,E07000135,6,0,1,0,1,9,1,7,0,1,10,1,0,0,0,0,1,4,12
2024332400321,2024,332400321,471810,298345,-0.94172,52.57819,2,2,6,12:26,-1,E07000131,4,0,1,0,2,"[19, 9]","[1, 3]","[5, 1]",0,0,0,1,0,1,0,0,0,4,12
2024332400322,2024,332400322,452522,302995,-1.22559,52.62219,3,3,6,16:50,-1,E07000129,3,0,2,1,1,"[19, 7, 10]","[2, 4, 6]","[6, 4]",0,0,0,1,0,0,0,0,0,4,12
2024332400323,2024,332400323,474770,319840,-0.89317,52.77099,3,3,7,14:30,-1,E07000133,3,0,1,0,1,19,1,5,0,0,0,1,0,1,0,0,0,4,13
2024332400324,2024,332400324,463460,306590,-1.06334,52.65334,2,2,7,15:00,-1,E06000016,6,0,1,0,1,19,"[1, 3]","[5, 7]",0,0,0,0,1,1,0,0,0,4,13
2024332400325,2024,332400325,459770,303545,-1.11843,52.62638,3,3,6,21:30,-1,E06000016,3,2,1,0,1,"[3, 19]",4,8,0,0,0,1,0,0,0,0,0,4,12
2024332400326,2024,332400326,430120,312825,-1.5556,52.71225,3,3,1,11:00,-1,E07000134,3,0,1,0,2,19,"[2, 5]","[5, 2]",0,0,0,1,0,0,0,0,0,4,14
2024332400327,2024,332400327,488885,322708,-0.68324,52.79463,2,2,1,10:07,-1,E07000133,4,0,1,0,2,"[19, 8]","[1, 5, 3]","[5, 7]",0,0,0,1,0,1,0,0,0,4,14
2024332400328,2024,332400328,456690,297585,-1.16495,52.57314,3,3,1,20:45,-1,E07000129,5,2,1,0,1,6,1,1,0,1,11,1,0,0,0,0,1,4,14
2024332400329,2024,332400329,475790,319295,-0.87818,52.76595,3,3,2,09:00,-1,E07000133,3,0,1,1,1,"[19, 6]","[2, 6]",6,0,0,0,1,0,0,0,0,0,4,15
2024332400330,2024,332400330,442335,313900,-1.37466,52.7211,3,3,3,17:00,-1,E07000134,6,0,2,1,1,19,"[3, 1]","[7, 5]",0,0,0,1,0,0,0,1,0,4,16
2024332400331,2024,332400331,453622,318219,-1.20686,52.75893,3,3,2,14:26,-1,E07000130,6,0,1,0,1,"[3, 19]",6,2,0,0,0,1,0,0,0,0,0,4,15
2024332400333,2024,332400333,441905,295050,-1.38341,52.55169,2,2,4,19:26,-1,E07000132,5,0,1,0,1,19,1,5,0,0,0,1,0,0,0,0,1,4,17
2024332400334,2024,332400334,435920,316812,-1.46931,52.74774,3,3,3,16:40,-1,E07000134,5,0,1,0,1,14,6,2,4,0,0,1,0,0,0,0,1,4,16
2024332400335,2024,332400335,457000,297183,-1.16044,52.56949,3,3,5,06:08,-1,E07000129,5,0,2,1,1,"[7, 19]","[7, 5]",1,0,0,0,1,1,0,0,0,0,4,4
2024332400336,2024,332400336,440370,297173,-1.40579,52.57089,3,3,5,16:59,-1,E07000132,5,0,2,1,2,"[19, 9]","[7, 3]","[3, 1]",0,0,0,1,0,1,0,0,0,4,18
2024332400337,2024,332400337,444785,327193,-1.33657,52.84039,3,3,5,15:31,-1,E07000134,6,0,1,0,2,"[9, 19]","[5, 7]",3,0,0,0,1,1,0,0,0,0,4,18
2024332400338,2024,332400338,462125,305785,-1.08323,52.64625,3,3,4,14:30,-1,E06000016,6,0,1,0,1,"[19, 3]",2,6,0,0,0,1,0,0,0,0,0,4,17
2024332400339,2024,332400339,459070,300275,-1.12936,52.59707,3,3,5,13:46,-1,E06000016,3,0,1,0,1,"[2, 19]","[0, 7, 5, 1]","[0, 3, 1, 5]",0,0,0,1,0,0,0,0,0,4,18
2024332400340,2024,332400340,458300,304685,-1.13995,52.63679,3,3,6,17:27,-1,E06000016,3,0,1,0,1,"[3, 19]",6,2,0,0,0,1,0,0,1,0,0,4,19
2024332400341,2024,332400341,444225,314160,-1.34664,52.72329,2,2,7,07:25,-1,E07000134,5,0,1,0,1,"[9, 19]","[7, 3]","[4, 7]",0,0,0,1,1,0,0,0,0,4,20
2024332400342,2024,332400342,454710,307330,-1.19255,52.66094,2,2,7,15:49,-1,E07000129,5,0,1,0,1,19,"[2, 5]","[5, 1]",0,0,0,1,0,1,0,0,0,4,20
2024332400343,2024,332400343,457180,287550,-1.15944,52.48288,3,3,7,18:30,-1,E07000131,5,0,1,0,2,"[13, 19]",1,5,0,0,0,1,0,0,0,1,0,4,20
2024332400344,2024,332400344,455620,299928,-1.18034,52.59431,3,3,7,17:00,-1,E07000129,3,0,1,0,2,"[19, 9]","[7, 3]","[3, 1]",0,0,0,1,0,0,0,0,0,4,20
2024332400345,2024,332400345,450045,318445,-1.25983,52.7613,3,3,7,23:03,-1,E07000130,3,2,1,0,2,"[19, 3]",7,3,0,"[0, 2]","[0, 1]",1,0,0,0,0,0,4,20
2024332400346,2024,332400346,477420,320470,-0.85376,52.77628,2,2,1,12:15,-1,E07000133,3,0,1,0,2,19,"[2, 1]","[6, 5]",0,0,0,1,0,1,0,0,0,4,21
2024332400347,2024,332400347,460878,305230,-1.10176,52.64141,3,3,1,15:30,-1,E06000016,6,0,1,0,1,19,1,5,0,0,0,1,0,0,0,0,1,4,21
2024332400348,2024,332400348,458310,305385,-1.13967,52.64308,3,3,1,17:00,-1,E06000016,3,0,1,0,2,"[13, 19]",8,4,"[0, 10]","[1, 5]","[2, 4]",1,0,0,0,0,0,4,21
2024332400349,2024,332400349,450445,317245,-1.25408,52.75048,3,3,7,17:15,-1,E07000130,5,0,1,0,2,"[13, 9]",2,"[6, 8]",0,0,0,1,1,0,0,0,0,4,20
2024332400351,2024,332400351,460775,304375,-1.10343,52.63373,2,2,4,23:00,-1,E06000016,6,2,1,0,1,19,"[7, 1]","[3, 5]",0,0,0,1,0,1,0,0,0,4,17
2024332400352,2024,332400352,454120,302090,-1.20213,52.6139,2,"[3, 2]",1,16:55,-1,E07000129,1,0,1,0,2,19,5,1,0,0,0,1,0,0,0,0,0,3,17
2024332400353,2024,332400353,460070,303890,-1.11394,52.62945,3,3,6,15:00,-1,E06000016,5,0,1,0,1,19,9,9,0,0,0,1,0,0,0,0,1,4,19
2024332400354,2024,332400354,454500,306955,-1.19572,52.65759,3,3,2,12:20,-1,E07000129,3,0,2,1,1,4,7,3,0,0,0,1,0,0,1,0,0,4,22
2024332400356,2024,332400356,440210,293750,-1.40856,52.54013,2,2,3,17:00,-1,E07000132,3,0,1,0,1,19,"[6, 2]","[2, 6]",0,"[7, 0]",0,1,0,0,0,0,0,4,23
2024332400357,2024,332400357,459695,309300,-1.1185,52.67812,2,2,3,11:40,-1,E07000130,6,0,1,0,1,1,3,7,0,0,0,1,0,0,0,0,1,4,23
2024332400358,2024,332400358,461342,295335,-1.09673,52.55241,2,2,4,08:43,-1,E07000129,3,0,1,0,2,"[19, 9]","[1, 3]","[5, 1]",0,"[0, 7]",0,1,0,0,0,0,0,4,24
2024332400359,2024,332400359,458787,304710,-1.13275,52.63696,3,3,7,08:00,-1,E06000016,5,0,1,0,1,"[6, 19]",1,"[1, 5]",0,0,0,1,1,0,0,0,0,4,20
2024332400360,2024,332400360,457805,304370,-1.14731,52.63401,2,2,4,08:30,-1,E06000016,3,0,1,0,1,19,7,3,0,0,0,0,0,0,0,0,1,4,24
2024332400361,2024,332400361,454052,319360,-1.2003,52.76914,3,3,4,19:00,-1,E07000130,6,0,1,0,1,19,"[4, 8]","[8, 4]",0,0,0,1,0,1,0,0,0,4,24
2024332400362,2024,332400362,449085,314498,-1.27464,52.72591,3,3,2,09:30,-1,E07000134,4,0,2,1,2,"[10, 19]","[5, 0]","[3, 0]",0,0,0,1,0,0,0,0,0,4,22
2024332400363,2024,332400363,458680,300885,-1.135,52.60259,3,3,6,16:00,-1,E06000016,6,0,1,0,1,"[2, 19]","[0, 4]","[0, 8]",0,0,0,1,0,0,0,0,0,4,26
2024332400364,2024,332400364,458580,304990,-1.13575,52.6395,2,2,6,21:00,-1,E06000016,3,2,1,0,1,19,6,2,0,0,0,1,0,0,0,0,1,4,26
2024332400365,2024,332400365,459840,303500,-1.11741,52.62597,3,3,7,09:30,-1,E06000016,6,0,1,0,1,"[2, 19]","[0, 1]","[0, 5]",0,0,0,1,0,0,0,0,1,4,27
2024332400366,2024,332400366,470455,305030,-0.96029,52.63845,3,3,1,09:17,-1,E07000131,5,0,2,1,2,19,4,8,0,7,4,1,0,0,0,0,0,4,28
2024332400367,2024,332400367,439902,298720,-1.41251,52.58483,2,2,2,08:20,-1,E07000132,5,0,1,1,2,19,"[1, 7]","[5, 3]",0,7,9,1,0,0,0,0,0,4,29
2024332400368,2024,332400368,442285,303235,-1.37676,52.62524,3,3,2,11:30,-1,E07000132,3,0,1,0,2,"[5, 19]","[3, 1]","[7, 5]",0,"[1, 0]",0,1,0,0,0,0,0,4,29
2024332400369,2024,332400369,458500,305080,-1.13692,52.64032,3,3,2,14:20,-1,E06000016,3,0,1,0,1,"[19, 9]","[8, 6]",4,0,0,0,1,0,0,0,0,0,4,29
2024332400370,2024,332400370,459015,298385,-1.1305,52.58008,3,3,2,18:00,-1,E07000135,4,0,1,0,1,19,7,3,0,0,0,1,0,0,0,0,1,4,29
2024332400371,2024,332400371,459280,304305,-1.12553,52.63327,3,3,3,02:30,-1,E06000016,3,2,1,0,1,"[1, 19]","[7, 3]","[3, 7]",0,0,0,1,0,0,0,0,0,4,30
2024332400372,2024,332400372,460615,303533,-1.10595,52.62618,3,3,3,08:05,-1,E06000016,6,0,1,0,1,19,"[4, 2]","[8, 6]",0,"[0, 7]","[0, 1]",1,0,0,0,0,0,4,30
2024332400373,2024,332400373,457160,304270,-1.15686,52.63318,3,3,7,17:42,-1,E06000016,3,0,1,0,1,"[19, 3]",2,6,0,0,0,1,0,0,0,0,0,4,27
2024332400374,2024,332400374,456438,307527,-1.16697,52.66253,3,3,3,10:40,-1,E06000016,3,0,1,0,2,19,"[6, 4]","[2, 8]",0,0,0,1,1,0,0,0,0,4,30
2024332400375,2024,332400375,451993,286830,-1.23593,52.47693,2,"[2, 3]",3,08:15,-1,E07000131,5,0,1,0,2,19,"[1, 7]","[5, 3]",0,"[1, 0]","[9, 0]",1,0,0,0,0,0,4,30
2024332400376,2024,332400376,460241,306265,-1.11098,52.65078,3,3,3,18:20,-1,E06000016,6,0,1,0,1,"[5, 19]","[2, 4]","[6, 8]",0,0,0,1,1,0,0,0,0,4,30
2024332400378,2024,332400378,458335,304340,-1.13949,52.63369,3,3,4,06:30,-1,E06000016,3,0,1,0,1,"[7, 19]","[5, 7]","[7, 3]",0,0,0,1,1,0,0,0,0,5,1
2024332400379,2024,332400379,473700,286320,-0.9165,52.46985,3,3,4,15:00,-1,E07000131,6,0,1,0,1,99,9,9,0,0,0,1,0,0,0,0,1,5,1
2024332400380,2024,332400380,454180,319270,-1.19842,52.76832,3,3,3,08:30,-1,E07000130,6,0,1,0,1,19,3,7,0,0,0,1,1,0,0,0,0,4,30
2024332400381,2024,332400381,445705,329820,-1.32255,52.86393,3,3,5,13:56,-1,E07000134,4,0,1,0,2,19,"[6, 2]","[2, 6]",0,0,0,1,0,0,1,0,0,5,2
2024332400382,2024,332400382,451970,307800,-1.23298,52.66543,3,3,5,13:20,-1,E07000132,3,0,1,0,1,"[19, 15]","[7, 3]","[3, 7]",0,"[0, 6]","[0, 1]",1,0,0,0,0,0,5,2
2024332400383,2024,332400383,457095,304690,-1.15775,52.63696,3,3,5,21:02,-1,E06000016,5,2,1,0,1,19,2,5,10,0,0,0,0,1,0,0,0,5,2
2024332400384,2024,332400384,461320,302915,-1.09565,52.62055,3,3,5,22:20,-1,E06000016,6,2,1,0,1,19,"[7, 5]","[3, 1]",0,0,0,1,0,0,0,0,0,5,2
2024332400385,2024,332400385,459810,304510,-1.11767,52.63505,3,3,6,18:52,-1,E06000016,5,0,1,0,1,"[1, 9]","[9, 5]","[9, 3]",0,0,0,1,0,0,0,0,0,4,26
2024332400386,2024,332400386,457880,300097,-1.14695,52.59559,3,3,7,01:20,-1,E06000016,3,2,2,1,1,12,7,3,0,7,4,0,0,0,1,0,0,5,4
2024332400387,2024,332400387,459900,311115,-1.11514,52.69441,3,3,1,00:50,-1,E07000130,3,2,1,0,2,19,2,6,0,0,0,1,0,1,0,0,0,5,5
2024332400388,2024,332400388,448540,294940,-1.28558,52.55015,2,2,1,01:16,-1,E07000129,4,2,1,0,2,"[2, 19]","[0, 8]","[0, 4]",0,"[1, 7]","[10, 0]",1,0,0,0,0,0,5,5
2024332400389,2024,332400389,449240,321715,-1.27127,52.79077,2,2,7,10:55,-1,E07000130,5,0,1,0,2,"[13, 19]",2,6,0,"[8, 0]",0,1,0,1,0,0,0,5,4
2024332400391,2024,332400391,431373,306750,-1.53763,52.65757,2,2,1,11:52,-1,E07000132,3,0,1,0,2,"[19, 9]","[5, 1]","[1, 7, 5]",0,"[1, 0]",0,1,0,1,0,0,0,5,5
2024332400392,2024,332400392,475125,319375,-0.88802,52.76676,1,1,1,16:48,-1,E07000133,3,0,1,0,1,9,7,5,10,1,10,1,0,0,0,0,0,5,5
2024332400393,2024,332400393,461180,305695,-1.09721,52.64555,3,3,1,18:34,-1,E06000016,6,0,1,0,1,"[19, 12]","[0, 2]","[0, 6]",0,0,0,1,0,0,0,0,0,5,5
2024332400394,2024,332400394,449815,299710,-1.26606,52.59291,3,3,2,02:05,-1,E07000129,5,2,1,0,2,19,5,8,0,2,0,1,0,0,0,0,0,5,6
2024332400395,2024,332400395,446845,324455,-1.30639,52.81561,3,3,2,08:00,-1,E07000134,1,0,1,0,2,19,5,1,6,1,0,1,0,0,0,0,0,5,6
2024332400396,2024,332400396,446780,311710,-1.30916,52.70105,3,3,3,07:00,-1,E07000132,3,0,1,0,2,"[19, 4]",7,3,0,0,0,0,0,0,1,0,0,5,7
2024332400397,2024,332400397,463950,305490,-1.05631,52.64339,3,3,3,20:47,-1,E06000016,6,2,1,0,1,"[2, 19]","[0, 5]","[0, 1]",0,"[0, 7]","[0, 2]",1,0,0,0,0,0,5,7
2024332400398,2024,332400398,461645,299835,-1.09143,52.59283,3,3,2,07:55,-1,E07000135,4,0,1,0,1,19,9,9,0,0,0,1,1,0,0,0,1,4,29
2024332400399,2024,332400399,454440,287420,-1.19981,52.482,3,3,4,08:29,-1,E07000131,3,0,1,0,2,"[4, 19]",5,1,0,0,0,1,0,0,0,0,0,5,8
2024332400400,2024,332400400,449223,315244,-1.27249,52.7326,3,3,4,08:33,-1,E07000134,4,0,1,0,2,19,"[5, 7]","[1, 3]",0,"[1, 7]","[4, 0]",1,0,0,0,0,0,5,8
2024332400401,2024,332400401,455220,299470,-1.18632,52.59023,3,3,4,20:45,-1,E07000129,4,0,1,0,2,"[3, 19]",5,1,0,0,0,1,0,1,0,0,0,5,8
2024332400402,2024,332400402,456495,307565,-1.16612,52.66287,3,3,5,00:01,-1,E06000016,3,2,1,0,2,19,6,2,10,8,1,1,0,0,0,0,0,5,9
2024332400403,2024,332400403,463655,312385,-1.05934,52.7054,2,2,4,17:50,-1,E07000130,5,0,1,0,1,"[19, 9]","[2, 6]","[6, 4]",0,0,0,1,0,1,0,0,0,5,1
2024332400404,2024,332400404,452180,319430,-1.22804,52.76995,3,3,3,14:15,-1,E07000130,3,0,1,0,1,"[19, 5]","[7, 1]","[3, 5]",0,0,0,1,1,0,0,0,0,5,7
2024332400405,2024,332400405,439900,298715,-1.41254,52.58478,3,3,5,09:49,-1,E07000132,5,0,1,0,2,19,"[3, 5]","[7, 1]",0,"[7, 3]",0,1,0,0,0,0,0,5,9
2024332400406,2024,332400406,453425,319840,-1.20952,52.77352,2,2,5,16:10,-1,E07000130,3,0,1,0,1,19,4,8,0,0,0,1,0,0,0,0,1,5,9
2024332400407,2024,332400407,456865,298855,-1.16215,52.58454,2,2,3,14:27,-1,E07000129,3,0,1,0,1,"[7, 19]","[3, 9]","[1, 9]",0,0,0,1,1,0,0,0,0,5,7
2024332400408,2024,332400408,434090,309700,-1.49716,52.68393,2,2,6,07:30,-1,E07000134,4,0,1,0,2,"[7, 15]",1,"[3, 5]",0,"[0, 1]",0,1,0,1,0,0,0,5,10
2024332400409,2024,332400409,453150,304400,-1.21608,52.63476,3,3,3,14:05,-1,E07000129,4,0,1,0,2,"[19, 13]","[5, 1]","[1, 5]",0,0,0,1,0,1,1,0,0,4,23
2024332400410,2024,332400410,455220,303595,-1.18563,52.62731,3,3,6,19:28,-1,E06000016,6,0,1,0,1,"[7, 19]","[1, 7]",3,0,0,0,1,0,1,0,0,0,5,10
2024332400411,2024,332400411,456630,307645,-1.16411,52.66357,3,3,6,14:45,-1,E06000016,3,0,1,0,1,"[5, 19]",6,2,0,0,0,1,0,0,0,0,0,5,10
2024332400412,2024,332400412,435425,300115,-1.47843,52.59768,3,3,7,10:05,-1,E07000132,3,0,1,0,2,"[4, 19]",5,1,0,0,0,1,0,0,0,0,0,5,11
2024332400413,2024,332400413,455350,307830,-1.18301,52.66537,2,2,6,16:25,-1,E07000130,3,0,1,0,2,19,2,"[6, 8]",0,0,0,1,0,0,0,0,0,5,10
2024332400414,2024,332400414,473595,305265,-0.91384,52.64015,2,2,7,13:45,-1,E07000131,4,0,1,0,2,19,5,2,0,1,0,0,0,1,0,0,0,5,11
2024332400415,2024,332400415,443108,295705,-1.36558,52.55748,3,3,1,02:00,-1,E07000132,3,2,1,0,1,19,1,5,0,1,2,1,0,0,0,0,0,5,12
2024332400416,2024,332400416,460865,302035,-1.10254,52.61269,3,3,7,11:51,-1,E06000016,3,0,1,0,1,4,4,8,0,0,0,1,0,0,0,0,0,5,11
2024332400417,2024,332400417,455207,305407,-1.18552,52.6436,3,3,1,08:33,-1,E06000016,6,0,1,0,1,"[19, 5]","[4, 6]","[8, 2]",0,0,0,1,0,0,0,0,0,5,12
2024332400418,2024,332400418,459810,305035,-1.11757,52.63977,3,3,6,15:30,-1,E06000016,3,0,1,0,1,19,3,7,0,0,0,1,1,0,0,0,0,5,10
2024332400419,2024,332400419,440340,295200,-1.40647,52.55315,2,2,1,11:55,-1,E07000132,6,0,1,0,2,19,3,7,0,"[0, 1]",0,1,1,0,0,0,0,5,12
2024332400420,2024,332400420,475365,318870,-0.88458,52.76219,3,3,1,19:45,-1,E07000133,3,0,1,0,1,3,5,1,0,0,0,1,0,0,0,0,1,5,12
2024332400421,2024,332400421,479400,322600,-0.82389,52.79513,3,3,6,14:10,-1,E07000133,3,0,1,0,2,19,1,6,0,7,9,1,0,0,0,0,0,5,10
2024332400422,2024,332400422,470585,317670,-0.95566,52.75204,3,3,3,17:30,-1,E07000133,3,0,1,0,2,4,6,2,0,0,0,1,0,0,0,0,0,5,7
2024332400423,2024,332400423,453680,318210,-1.206,52.75884,3,3,5,13:24,-1,E07000130,3,0,1,0,1,"[19, 5]","[4, 6]","[8, 2]",0,0,0,1,1,0,0,0,0,5,2
2024332400424,2024,332400424,473180,287335,-0.92393,52.47904,2,2,6,16:50,-1,E07000131,3,0,1,0,1,1,2,6,0,0,0,1,0,0,0,0,1,5,10
2024332400425,2024,332400425,442545,293855,-1.37412,52.5409,3,3,2,13:00,-1,E07000132,6,0,1,0,1,2,0,0,0,1,11,1,0,0,0,0,1,5,13
2024332400426,2024,332400426,459120,311510,-1.12661,52.69805,2,2,2,18:00,-1,E07000130,3,0,1,0,2,19,5,1,0,1,0,0,0,1,0,0,0,5,13
2024332400427,2024,332400427,445165,311705,-1.33306,52.70114,3,3,6,13:04,-1,E07000134,6,0,1,0,2,"[10, 19]",1,"[7, 5]",0,0,0,1,0,0,1,0,0,5,10
2024332400428,2024,332400428,456100,300010,-1.17324,52.595,3,3,7,15:50,-1,E07000129,3,0,1,0,2,"[4, 19]",6,2,0,0,0,1,0,0,0,0,0,3,2
2024332400431,2024,332400431,472780,317650,-0.92315,52.75157,3,3,2,11:21,-1,E07000133,3,0,1,0,2,19,"[6, 2]","[2, 6]",0,0,0,1,0,0,1,0,0,3,4
2024332400432,2024,332400432,457475,300710,-1.15282,52.60115,3,3,3,09:20,-1,E06000016,5,0,2,1,1,"[13, 12]",8,4,0,0,0,1,0,0,0,0,0,5,14
2024332400433,2024,332400433,460478,305000,-1.10771,52.63938,3,3,6,17:10,-1,E06000016,6,0,1,0,1,"[4, 19]",5,1,0,0,0,1,1,0,0,0,0,5,10
2024332400434,2024,332400434,457025,299615,-1.15966,52.59135,3,3,3,18:45,-1,E07000129,3,0,1,0,1,"[19, 13, 8]","[0, 1, 3]","[0, 5]",0,0,0,1,0,0,0,0,0,5,14
2024332400436,2024,332400436,462525,314110,-1.07574,52.72104,3,3,4,15:05,-1,E07000130,3,0,1,0,2,"[11, 19]",5,1,0,"[0, 4]","[0, 6]",1,0,0,1,0,0,5,15
2024332400437,2024,332400437,459990,304490,-1.11501,52.63485,3,3,4,19:38,-1,E06000016,6,0,1,0,1,19,0,0,0,0,0,1,0,0,0,0,1,5,15