collision_index,collision_year,collision_ref_no,location_easting_osgr,location_northing_osgr,longitude,latitude,casualty_severity,casualty_severity,day_of_week,time,local_authority_district,local_authority_ons_district,first_road_class,light_conditions,weather_conditions,road_surface_conditions,urban_or_rural_area,vehicle_manoeuvre,vehicle_direction_from,vehicle_direction_to,hit_object_in_carriageway,vehicle_leaving_carriageway,hit_object_off_carriageway,is_car,is_cyle,is_mcyle,is_goodsv,is_other,is_pedestrian,month,day
2024332400438,2024,332400438,455355,307860,-1.18293,52.66564,3,3,1,13:00,-1,E07000130,3,0,1,0,2,19,"[2, 8]","[6, 4]",0,0,0,1,0,0,0,0,0,5,12
2024332400439,2024,332400439,449040,319030,-1.27463,52.76665,2,2,3,16:45,-1,E07000130,1,0,1,0,2,19,1,5,0,0,0,1,0,0,1,0,0,5,14
2024332400440,2024,332400440,468610,319820,-0.98447,52.77162,2,"[3, 2]",5,19:10,-1,E07000133,3,0,2,1,2,19,"[8, 3]","[3, 8]",0,"[0, 1]","[0, 7]",1,0,0,0,0,0,5,16
2024332400441,2024,332400441,454510,297960,-1.19705,52.57673,3,3,5,01:40,-1,E07000129,1,2,1,0,1,"[11, 19]",5,1,0,"[5, 1]","[6, 10]",1,0,0,0,0,0,5,16
2024332400442,2024,332400442,447965,311225,-1.2917,52.69659,3,3,4,12:40,-1,E07000132,1,0,1,0,2,"[12, 4]",1,5,0,0,0,1,0,0,0,0,0,5,15
2024332400443,2024,332400443,457750,306905,-1.14768,52.6568,3,3,4,09:00,-1,E06000016,6,0,1,0,1,"[10, 19]","[5, 9]","[3, 9]",0,0,0,1,0,0,0,0,0,5,15
2024332400444,2024,332400444,461495,301320,-1.09336,52.60619,3,3,3,16:35,-1,E07000135,3,0,1,0,2,"[3, 19]",8,4,0,0,0,1,0,0,0,0,0,5,14
2024332400445,2024,332400445,460835,304495,-1.10253,52.6348,3,3,6,14:11,-1,E06000016,6,0,1,0,1,"[9, 19]","[6, 8]",4,0,0,0,1,0,0,0,0,0,5,17
2024332400446,2024,332400446,456385,304230,-1.16832,52.6329,2,2,6,16:20,-1,E06000016,3,0,1,0,1,"[9, 19]","[1, 7]","[7, 3]",0,0,0,1,0,1,0,0,0,5,17
2024332400447,2024,332400447,459245,304130,-1.12608,52.6317,3,3,7,13:20,-1,E06000016,3,0,1,0,1,"[11, 12]",8,4,0,0,0,1,1,0,0,0,0,5,18
2024332400448,2024,332400448,440660,293240,-1.40199,52.53551,2,2,7,06:02,-1,E07000132,4,0,1,0,1,"[15, 19]","[3, 5]","[7, 1]",0,0,0,1,1,0,0,0,0,5,18
2024332400449,2024,332400449,460747,302205,-1.10425,52.61423,2,2,7,16:08,-1,E06000016,3,0,1,0,1,"[9, 19]","[3, 7]","[1, 3]",0,0,0,1,0,0,0,0,0,5,18
2024332400450,2024,332400450,444570,315767,-1.34132,52.73771,2,2,7,21:30,-1,E07000134,5,2,1,0,1,19,7,4,0,1,10,0,0,1,0,0,0,5,18
2024332400451,2024,332400451,456525,301970,-1.16663,52.61257,3,3,7,23:14,-1,E07000129,3,2,1,0,1,"[19, 3]",6,2,0,"[5, 0]","[6, 0]",1,0,0,0,0,0,5,18
2024332400452,2024,332400452,462065,307355,-1.08382,52.66037,3,3,7,16:08,-1,E06000016,3,0,1,0,1,"[19, 7]",8,"[4, 2]",0,0,"[0, 2]",1,0,0,0,0,0,5,18
2024332400453,2024,332400453,456680,305337,-1.16377,52.64282,3,3,1,12:30,-1,E06000016,6,0,1,0,1,5,3,7,0,0,0,1,0,0,0,0,1,5,19
2024332400454,2024,332400454,442930,293990,-1.36843,52.54208,3,3,1,13:10,-1,E07000132,6,0,1,0,1,19,3,7,0,0,0,0,0,1,0,0,1,5,19
2024332400455,2024,332400455,456450,307095,-1.16687,52.65865,3,3,1,15:15,-1,E06000016,6,0,1,0,1,19,2,6,0,0,0,1,0,0,0,0,1,5,19
2024332400456,2024,332400456,452625,314708,-1.2222,52.72746,3,3,4,16:30,-1,E07000130,5,0,8,1,2,"[4, 3]",2,6,0,0,0,1,0,0,0,0,0,5,15
2024332400457,2024,332400457,458550,301100,-1.13689,52.60454,3,3,1,16:14,-1,E06000016,6,0,1,0,1,"[2, 6]","[0, 1]","[0, 1]",0,0,0,1,0,0,0,0,0,5,19
2024332400458,2024,332400458,454095,297890,-1.20318,52.57615,3,3,1,11:05,-1,E07000129,4,0,1,0,2,"[5, 19]",6,2,0,0,0,1,0,0,0,0,0,5,19
2024332400459,2024,332400459,460720,298580,-1.10531,52.58165,2,2,2,15:15,-1,E07000135,4,0,1,0,1,19,3,7,0,0,0,1,0,0,0,0,1,5,20
2024332400460,2024,332400460,454100,297895,-1.20311,52.57619,2,"[3, 2]",2,21:24,-1,E07000129,4,2,1,0,2,"[19, -1]","[6, 4]","[2, 8]",0,0,0,1,0,0,0,0,0,5,20
2024332400461,2024,332400461,455075,303890,-1.18773,52.62998,2,2,3,07:30,-1,E06000016,6,0,2,1,1,19,"[7, 1]","[3, 5]",0,0,0,1,1,0,0,0,0,5,21
2024332400462,2024,332400462,460655,316030,-1.10306,52.73851,3,3,1,14:34,-1,E07000130,5,0,1,0,1,"[7, 19]","[5, 1]","[7, 5]",0,0,0,1,1,0,0,0,0,5,19
2024332400463,2024,332400463,458960,304328,-1.13026,52.63351,3,3,5,13:35,-1,E06000016,5,0,2,1,1,19,9,9,0,0,0,1,0,0,0,0,1,5,16
2024332400464,2024,332400464,458315,304707,-1.13972,52.63699,3,3,5,22:40,-1,E06000016,3,2,1,0,1,"[9, 19]","[8, 5]","[5, 1]",0,0,0,1,0,0,0,0,0,5,16
2024332400465,2024,332400465,452860,293145,-1.22216,52.53361,2,2,1,12:45,-1,E07000131,4,0,1,0,2,"[99, 19]","[9, 2]","[9, 6]",0,0,0,1,1,0,0,0,0,5,19
2024332400466,2024,332400466,452145,320690,-1.22835,52.78128,2,2,4,13:10,-1,E07000130,5,0,1,0,1,"[7, 19]","[8, 6]",2,0,0,0,1,0,1,0,0,0,5,15
2024332400467,2024,332400467,458905,304860,-1.13098,52.6383,3,3,4,14:35,-1,E06000016,6,0,2,1,1,19,1,5,0,0,0,0,0,0,1,0,1,5,22
2024332400468,2024,332400468,459275,306375,-1.12524,52.65188,3,3,4,17:58,-1,E06000016,6,0,1,0,1,19,7,3,0,0,0,1,0,0,0,0,1,5,22
2024332400469,2024,332400469,443275,294445,-1.36328,52.54614,3,3,4,15:21,-1,E07000132,6,0,2,1,1,19,7,3,0,0,0,1,0,0,0,0,1,5,22
2024332400470,2024,332400470,460630,303803,-1.10568,52.62861,3,3,6,18:10,-1,E06000016,6,0,1,0,1,"[9, 19]","[3, 7]","[1, 3]",0,0,0,1,0,0,0,0,0,5,17
2024332400471,2024,332400471,460135,304385,-1.11289,52.63389,3,3,5,11:00,-1,E06000016,6,0,1,0,1,7,5,7,0,1,11,1,0,0,0,0,0,5,23
2024332400472,2024,332400472,442240,293490,-1.37867,52.53764,3,3,5,12:00,-1,E07000132,4,0,1,0,1,19,2,4,0,0,0,1,0,0,0,0,1,5,23
2024332400473,2024,332400473,448270,302080,-1.28852,52.61436,3,3,4,09:00,-1,E07000132,5,0,2,1,2,"[19, 9]","[4, 6]","[1, 4]",0,"[0, 7]",0,1,0,0,1,0,0,5,22
2024332400474,2024,332400474,447940,319510,-1.29086,52.77106,3,3,6,11:25,-1,E07000130,5,0,1,0,1,4,6,2,0,0,0,0,0,0,1,0,0,5,10
2024332400475,2024,332400475,452650,318695,-1.22119,52.7633,3,3,4,17:00,-1,E07000130,5,0,2,1,1,4,2,6,0,0,0,1,0,0,0,0,0,5,22
2024332400476,2024,332400476,458400,304600,-1.13848,52.63602,3,3,6,18:56,-1,E06000016,6,0,1,0,1,"[3, 5]",9,9,0,0,0,1,0,0,0,0,1,5,17
2024332400477,2024,332400477,444015,296365,-1.35212,52.56334,3,3,7,06:05,-1,E07000132,5,0,8,0,1,"[19, 2]","[2, 0]","[6, 0]",0,"[0, 7]","[0, 11]",1,0,0,0,0,0,5,25
2024332400478,2024,332400478,482920,300310,-0.77731,52.59427,2,"[3, 2]",7,16:01,-1,E06000017,3,0,8,0,2,19,2,7,0,0,0,0,0,1,0,0,0,5,25
2024332400479,2024,332400479,482010,315440,-0.78698,52.73039,2,2,7,23:39,-1,E06000017,6,2,1,0,2,19,8,5,0,1,1,1,0,0,0,0,0,5,25
2024332400480,2024,332400480,455565,297105,-1.18163,52.56894,3,3,7,20:05,-1,E07000129,5,0,1,0,2,19,3,5,0,7,1,1,0,0,0,0,0,5,25
2024332400482,2024,332400482,454220,304410,-1.20027,52.63474,2,2,1,05:00,-1,E06000016,6,2,2,1,1,19,8,4,0,0,0,1,1,0,0,0,0,5,26
2024332400483,2024,332400483,461610,301200,-1.09169,52.6051,2,2,2,13:00,-1,E07000135,3,0,1,0,1,5,4,8,0,0,0,1,0,0,0,0,0,5,27
2024332400484,2024,332400484,458975,308155,-1.12935,52.66791,2,2,3,07:00,-1,E07000130,3,0,1,0,1,"[7, 19]","[7, 1]","[1, 5]",0,0,0,0,1,0,1,0,0,5,28
2024332400485,2024,332400485,460820,304600,-1.10273,52.63575,3,3,6,16:40,-1,E06000016,4,0,1,0,1,"[19, 9]","[6, 4]",2,0,0,0,1,0,0,0,0,0,5,24
2024332400486,2024,332400486,459840,306980,-1.11678,52.65725,2,2,4,21:15,-1,E06000016,3,2,1,0,1,"[2, 19]",5,1,0,0,0,1,1,0,0,0,0,5,22
2024332400487,2024,332400487,473590,287225,-0.91791,52.478,3,3,5,10:20,-1,E07000131,3,0,1,0,1,7,3,5,0,0,0,1,0,0,0,0,1,5,30
2024332400488,2024,332400488,453945,320700,-1.20167,52.78119,3,3,7,19:00,-1,E07000130,5,0,1,0,1,"[19, 9]","[5, 7]","[1, 5]",0,0,0,1,0,1,0,0,0,5,25
2024332400489,2024,332400489,435460,316635,-1.47614,52.74618,2,2,6,03:30,-1,E07000134,6,2,8,1,1,9,7,5,0,0,0,0,0,1,0,0,0,5,31
2024332400490,2024,332400490,457165,302895,-1.15702,52.62082,2,2,6,05:51,-1,E06000016,3,0,1,0,1,"[5, 19]",2,6,0,"[4, 6]","[2, 11]",1,0,0,0,0,0,5,31
2024332400491,2024,332400491,459365,303970,-1.12434,52.63025,3,3,4,16:00,-1,E06000016,3,0,1,0,1,"[2, 19, 14]","[0, 8]","[0, 4]",0,0,0,1,1,0,0,0,0,5,29
2024332400492,2024,332400492,459770,303542,-1.11843,52.62636,3,3,2,00:25,-1,E06000016,3,2,1,0,1,"[19, 6]","[4, 8]",8,0,0,0,1,0,1,0,0,0,5,27
2024332400493,2024,332400493,454265,320240,-1.197,52.77703,2,2,6,19:35,-1,E07000130,3,0,1,0,1,"[19, 3]",6,2,0,0,0,1,0,0,0,0,0,5,31
2024332400494,2024,332400494,456792,297873,-1.16339,52.57572,2,2,6,19:55,-1,E07000129,5,0,1,0,1,"[19, 7]","[3, 5]",7,0,0,0,1,1,0,0,0,0,5,31
2024332400495,2024,332400495,455800,281630,-1.18075,52.42981,2,2,7,01:40,-1,E07000131,6,2,1,0,2,19,6,3,0,1,4,1,0,0,0,0,0,6,1
2024332400496,2024,332400496,464095,302105,-1.05483,52.61295,2,2,7,17:20,-1,E07000131,5,0,1,0,2,19,5,1,0,0,0,1,0,0,0,0,0,6,1
2024332400497,2024,332400497,458305,304495,-1.13991,52.63508,2,"[3, 2]",7,22:15,-1,E06000016,3,2,1,0,1,19,1,4,0,0,0,1,0,0,0,0,1,6,1
2024332400498,2024,332400498,455365,305292,-1.18321,52.64255,3,3,1,17:50,-1,E06000016,3,0,1,0,1,"[3, 19]",1,5,0,0,0,1,0,0,0,0,0,6,2
2024332400499,2024,332400499,458760,304630,-1.13316,52.63625,3,3,2,12:50,-1,E06000016,5,0,1,0,1,19,1,3,0,0,0,0,1,0,0,0,0,6,3
2024332400500,2024,332400500,462795,309530,-1.07261,52.67984,2,2,2,21:00,-1,E07000130,6,0,1,0,2,19,8,4,0,8,9,1,0,0,0,0,0,6,3
2024332400501,2024,332400501,458160,301975,-1.14249,52.61245,3,3,1,21:10,-1,E06000016,3,0,1,0,1,19,5,1,0,0,0,1,0,0,0,0,1,6,2
2024332400502,2024,332400502,459850,302655,-1.11741,52.61837,2,2,2,19:26,-1,E06000016,6,0,1,0,1,"[2, 19]","[0, 1]","[0, 5]",0,0,0,1,0,0,0,0,0,6,3
2024332400503,2024,332400503,458870,303340,-1.13176,52.62464,3,3,5,19:20,-1,E06000016,3,0,1,0,1,19,1,5,0,0,0,1,0,0,0,0,0,5,30
2024332400504,2024,332400504,455790,306405,-1.17674,52.65251,3,3,1,11:08,-1,E06000016,3,0,1,0,2,"[19, 12]","[7, 1]","[1, 3]",0,0,0,1,0,0,0,0,0,6,2
2024332400505,2024,332400505,460295,295300,-1.11218,52.55221,1,"[2, 1]",3,14:55,-1,E07000129,5,0,2,1,2,19,"[4, 8]","[8, 4]",0,"[0, 7]",0,1,0,0,0,0,0,6,4
2024332400507,2024,332400507,452880,317487,-1.21797,52.75242,3,3,7,11:40,-1,E07000130,6,0,1,0,1,"[19, 9]","[3, 1]",7,0,0,0,1,1,0,0,0,0,6,1
2024332400509,2024,332400509,453090,320115,-1.21444,52.77602,3,3,3,15:45,-1,E07000130,3,0,1,1,1,19,"[4, 8]","[8, 4]",0,0,0,1,0,0,0,1,0,6,4
2024332400510,2024,332400510,461667,303017,-1.09051,52.62143,3,3,4,13:42,-1,E06000016,3,0,1,1,1,19,"[3, 5]","[7, 1]",0,0,0,1,0,0,0,0,0,6,5
2024332400511,2024,332400511,462885,303100,-1.0725,52.62203,3,3,4,12:30,-1,E06000016,4,0,1,1,1,"[3, 19]",2,6,0,0,0,1,0,0,0,0,0,6,5
2024332400512,2024,332400512,457645,303340,-1.14986,52.62477,3,3,4,20:55,-1,E06000016,6,0,1,0,1,"[9, 15]","[7, 5]","[5, 1]",0,0,0,1,1,0,0,0,0,6,5
2024332400513,2024,332400513,463578,295984,-1.06363,52.55799,2,2,4,21:15,-1,E07000129,5,0,1,0,2,19,"[5, 3]","[1, 7]",0,7,"[4, 9]",1,0,0,0,0,0,6,5
2024332400514,2024,332400514,454025,285010,-1.20631,52.46037,3,3,3,08:15,-1,E07000131,5,0,1,0,2,19,5,1,0,0,0,1,0,0,0,0,1,6,4
2024332400515,2024,332400515,437160,317260,-1.45089,52.75168,3,3,5,08:05,-1,E07000134,3,0,1,0,2,"[19, 9]","[5, 1]","[1, 7]",0,"[3, 0, 2]","[0, 2]",1,0,0,1,0,0,6,6
2024332400516,2024,332400516,453895,319380,-1.20263,52.76933,3,3,5,12:00,-1,E07000130,3,0,2,1,1,19,4,8,0,0,0,1,0,0,0,0,1,5,30
2024332400517,2024,332400517,487260,299860,-0.71338,52.58955,2,"[3, 2]",6,17:10,-1,E06000017,5,0,1,0,2,19,"[5, 2]","[2, 6]",0,0,0,1,0,0,0,0,0,6,7
2024332400518,2024,332400518,458910,305000,-1.13088,52.63956,2,2,7,01:15,-1,E06000016,3,2,1,0,1,"[19, 6]","[5, 1]",1,0,0,0,1,1,0,0,0,0,6,8
2024332400519,2024,332400519,433495,316650,-1.50525,52.74644,3,3,7,01:30,-1,E07000134,5,2,1,0,2,19,3,8,10,7,9,1,0,0,0,0,0,6,8
2024332400520,2024,332400520,465295,312022,-1.03515,52.70194,3,3,7,09:55,-1,E07000130,5,0,1,1,2,"[4, 3]",3,7,0,0,0,1,0,0,0,0,0,6,8
2024332400521,2024,332400521,446845,298560,-1.31006,52.58284,3,3,7,13:00,-1,E07000132,5,0,1,0,2,"[13, 9]",1,"[5, 7]",0,"[0, 7]",0,1,0,1,0,0,0,6,8
2024332400523,2024,332400523,448020,287740,-1.29429,52.48547,2,2,7,15:20,-1,E07000131,3,0,1,0,2,19,"[8, 4]","[4, 8]",0,0,0,1,0,1,0,0,0,6,8
2024332400524,2024,332400524,455435,306425,-1.18198,52.65273,2,2,1,13:45,-1,E06000016,3,0,1,0,1,19,3,7,0,0,0,1,0,0,0,0,1,6,9
2024332400525,2024,332400525,458060,312550,-1.14211,52.70751,3,3,7,14:45,-1,E07000130,5,0,1,0,1,9,4,3,0,0,0,1,0,0,0,0,1,6,8
2024332400526,2024,332400526,441415,315120,-1.38812,52.73214,2,2,2,09:05,-1,E07000134,3,0,1,0,2,"[19, 9]","[3, 4]","[7, 3]",0,0,0,1,0,0,0,0,0,6,10
2024332400527,2024,332400527,461635,303860,-1.09083,52.62901,3,3,2,15:00,-1,E06000016,6,0,2,1,1,19,7,3,0,0,0,1,0,0,0,0,1,6,10
2024332400528,2024,332400528,452515,318618,-1.2232,52.76262,2,"[3, 2]",2,19:55,-1,E07000130,5,0,1,0,1,"[9, 13]",6,"[4, 2]",0,"[0, 7]",0,1,0,1,0,0,1,6,10
2024332400529,2024,332400529,461355,295340,-1.09654,52.55245,3,3,6,08:00,-1,E07000129,5,0,1,0,2,"[8, 19]",3,"[5, 7]",0,0,0,1,0,0,0,0,0,6,7
2024332400530,2024,332400530,474930,314890,-0.89193,52.72647,2,2,3,16:31,-1,E07000133,4,0,1,0,2,19,6,1,0,1,0,0,0,1,0,0,0,6,11
2024332400531,2024,332400531,430855,310290,-1.54495,52.68942,3,3,4,00:01,-1,E07000134,5,2,1,0,2,7,4,6,0,1,1,1,0,0,0,0,0,6,12
2024332400532,2024,332400532,443025,293978,-1.36703,52.54197,3,3,2,10:30,-1,E07000132,6,0,1,0,1,19,7,3,0,7,11,1,0,0,0,0,0,6,3
2024332400533,2024,332400533,459655,303673,-1.12011,52.62755,2,2,7,20:15,-1,E06000016,3,0,1,0,1,"[9, 19]","[4, 8]","[2, 4]",0,0,0,1,1,0,0,0,0,6,8
2024332400534,2024,332400534,447250,326415,-1.30009,52.83319,3,3,4,08:30,-1,E07000134,3,0,1,0,2,"[19, 5, 4]","[5, 3]","[1, 7]",0,0,0,1,0,0,0,0,0,6,12
2024332400535,2024,332400535,460835,298855,-1.10356,52.58411,2,2,3,07:58,-1,E07000135,3,0,1,0,1,"[5, 19]","[9, 5]","[9, 1]",0,0,0,1,1,0,0,0,0,5,28
2024332400536,2024,332400536,456862,302833,-1.16151,52.6203,3,3,4,16:45,-1,E06000016,5,0,1,0,1,"[5, 19]","[6, 4]","[2, 8]",0,0,0,1,0,1,0,0,0,6,12
2024332400537,2024,332400537,462440,305930,-1.07854,52.64752,3,3,4,08:35,-1,E06000016,6,0,1,0,1,19,4,8,0,0,0,1,0,0,0,0,0,6,12
2024332400538,2024,332400538,459330,302280,-1.12516,52.61506,3,3,5,07:50,-1,E06000016,3,0,1,0,1,"[19, 7]",5,"[1, 7]",0,"[0, 1]",0,1,0,1,0,0,0,6,13
2024332400539,2024,332400539,457133,302863,-1.1575,52.62054,3,3,2,11:30,-1,E06000016,3,0,1,0,1,"[7, 19]",6,"[8, 2]",0,0,0,1,0,0,0,0,0,6,10
2024332400540,2024,332400540,435955,316928,-1.46878,52.74878,3,3,5,22:05,-1,E07000134,6,2,2,1,1,19,7,3,0,8,11,1,0,0,0,0,1,6,13
2024332400541,2024,332400541,456223,297875,-1.17179,52.57579,3,3,6,06:59,-1,E07000129,3,0,1,0,2,19,"[7, 1]","[3, 5]",0,0,0,1,0,0,0,0,0,6,14
2024332400542,2024,332400542,460630,318587,-1.10296,52.76149,3,3,6,12:00,-1,E07000130,5,0,1,0,2,"[9, 5]","[3, 8]","[8, 4]",0,0,0,1,0,0,0,0,0,6,14
2024332400543,2024,332400543,461685,306140,-1.08966,52.64949,3,3,2,15:00,-1,E06000016,6,0,1,1,1,19,1,5,0,7,0,1,0,0,0,0,1,6,10
2024332400544,2024,332400544,468595,319815,-0.98469,52.77158,3,3,6,15:59,-1,E07000133,3,0,1,1,2,19,1,3,0,1,4,1,0,0,0,0,0,6,14
2024332400545,2024,332400545,460077,303985,-1.11382,52.6303,3,3,6,15:42,-1,E06000016,5,0,1,0,1,19,1,5,0,0,0,1,0,0,0,0,1,6,14
2024332400546,2024,332400546,440550,310050,-1.40156,52.68663,2,2,6,15:50,-1,E07000134,3,0,1,0,2,19,6,2,0,0,0,1,0,0,0,0,1,6,14
2024332400547,2024,332400547,459245,304725,-1.12598,52.63705,3,3,7,01:00,-1,E06000016,6,2,2,1,1,"[2, 19]","[0, 7]","[0, 3]",0,"[0, 1]",0,1,0,0,0,0,0,6,15
2024332400548,2024,332400548,458005,306065,-1.14406,52.64923,3,3,7,09:35,-1,E06000016,4,0,1,0,1,19,"[1, 7]","[5, 3]",0,0,0,1,0,0,0,0,0,6,15
2024332400549,2024,332400549,473885,325920,-0.90492,52.82575,2,2,7,17:25,-1,E07000133,5,0,1,0,2,"[9, 19]","[1, 2]",6,0,"[3, 8]","[0, 1]",1,0,0,0,0,0,6,15
2024332400550,2024,332400550,441895,313143,-1.38127,52.71433,3,3,1,21:01,-1,E07000134,5,0,2,1,1,"[9, 19]","[4, 8]","[2, 4]",0,0,0,1,0,1,0,0,0,6,16
2024332400551,2024,332400551,460020,300640,-1.11527,52.60024,3,3,1,23:00,-1,E06000016,3,2,1,0,1,19,"[3, 1]","[7, 5]",0,0,0,1,0,0,0,0,0,6,16
2024332400552,2024,332400552,450603,314244,-1.25221,52.72349,3,3,1,16:45,-1,E07000130,5,0,1,0,2,"[5, 19]","[2, 4]","[6, 8]",0,"[0, 1]","[0, 2]",1,0,0,0,0,0,6,16
2024332400553,2024,332400553,500375,309410,-0.51695,52.67311,3,3,2,17:04,-1,E06000017,5,0,1,0,1,"[3, 19]",2,6,0,0,0,1,0,0,0,0,0,6,10
2024332400554,2024,332400554,446242,318310,-1.3162,52.76042,3,3,2,08:30,-1,E07000130,3,0,1,0,2,"[5, 19]","[1, 7]","[5, 3]",0,"[1, 0]","[9, 0]",1,0,0,0,0,0,6,17
2024332400555,2024,332400555,444545,297240,-1.34418,52.57117,2,2,2,18:26,-1,E07000132,6,0,1,0,1,"[19, 2]","[1, 0]","[5, 0]",0,"[8, 1, 0]","[0, 11]",1,0,0,0,0,0,6,17
2024332400556,2024,332400556,462597,304497,-1.07649,52.63462,3,3,2,18:11,-1,E06000016,6,0,1,0,1,7,2,4,0,0,0,1,0,0,0,0,1,6,17
2024332400557,2024,332400557,456650,307285,-1.16388,52.66034,3,3,2,19:00,-1,E06000016,6,0,1,0,1,19,4,8,0,1,0,1,0,0,0,0,1,6,17
2024332400558,2024,332400558,459560,306330,-1.12103,52.65144,2,2,3,14:00,-1,E06000016,6,0,1,0,1,5,3,1,0,0,0,1,0,0,0,0,1,5,28
2024332400560,2024,332400560,442370,293895,-1.3767,52.54127,3,3,5,08:22,-1,E07000132,6,0,1,0,1,1,7,3,0,0,0,1,0,0,0,0,1,6,13
2024332400561,2024,332400561,473995,318195,-0.90503,52.75631,2,"[2, 3]",3,18:47,-1,E07000133,3,0,1,0,2,19,"[6, 2]","[2, 6]",0,"[1, 0]",0,1,0,0,1,0,0,6,18
2024332400562,2024,332400562,458020,301703,-1.14461,52.61002,3,3,3,21:00,-1,E06000016,3,0,1,0,1,"[19, 9]","[2, 6]","[6, 4]",0,0,0,1,1,0,0,0,0,6,18
2024332400563,2024,332400563,454100,302190,-1.20241,52.6148,3,3,4,15:20,-1,E07000129,1,0,1,0,2,"[1, 3]","[5, 1]","[1, 5]",0,0,0,1,0,0,0,0,0,7,17
2024332400564,2024,332400564,442275,314400,-1.37548,52.7256,2,2,4,07:26,-1,E07000134,5,0,1,0,1,"[6, 19]",3,"[3, 7]",0,0,0,0,0,1,1,0,0,6,19
2024332400565,2024,332400565,460515,308365,-1.10655,52.66963,2,2,6,06:55,-1,E06000016,3,0,1,0,1,"[19, 6]","[5, 1]",1,0,0,0,1,0,1,0,0,0,6,14
2024332400566,2024,332400566,468855,321732,-0.98044,52.78878,2,2,4,13:00,-1,E07000133,5,0,1,0,2,"[9, 4]",4,"[2, 8]",0,0,0,0,1,0,0,1,0,6,19
2024332400567,2024,332400567,442532,312607,-1.37191,52.70946,3,3,1,19:45,-1,E07000134,5,0,1,0,1,"[13, 12]",1,5,0,0,0,1,0,0,0,0,0,6,16
2024332400568,2024,332400568,463750,306125,-1.05915,52.64912,3,3,4,19:10,-1,E06000016,6,0,1,0,1,"[9, 19]","[3, 9]","[1, 9]",0,0,0,1,0,0,0,0,0,6,12
2024332400569,2024,332400569,463582,312320,-1.06043,52.70482,3,3,6,06:55,-1,E07000130,5,0,1,0,1,"[6, 19]","[6, 2]",6,0,0,0,0,0,1,0,1,0,6,14
2024332400570,2024,332400570,459388,302090,-1.12434,52.61335,3,3,5,17:00,-1,E06000016,3,0,1,0,1,"[19, 9]","[1, 5]","[5, 3]",0,0,0,1,0,0,0,0,0,6,20
2024332400571,2024,332400571,459215,309610,-1.12554,52.68096,1,1,7,19:45,-1,E07000130,3,0,1,0,1,19,1,5,0,0,0,0,0,1,0,0,1,6,22
2024332400572,2024,332400572,459835,305815,-1.11706,52.64678,2,2,7,23:30,-1,E06000016,5,2,1,0,1,19,7,3,0,7,11,1,0,0,0,0,0,6,22
2024332400573,2024,332400573,449645,310170,-1.267,52.68695,2,2,1,02:00,-1,E07000130,3,2,1,0,2,19,1,5,0,1,4,1,0,0,0,0,0,6,23
2024332400574,2024,332400574,430370,318310,-1.55139,52.76155,2,2,7,22:47,-1,E07000134,5,2,1,0,1,"[19, 2]","[4, 0]","[8, 0]",0,0,0,1,0,1,0,0,0,6,22
2024332400575,2024,332400575,457490,316530,-1.14985,52.74335,3,3,1,10:15,-1,E07000130,3,0,1,0,2,"[19, 12]",4,8,0,"[1, 0]",0,1,0,0,0,0,0,6,23
2024332400576,2024,332400576,456530,295290,-1.1677,52.55253,2,"[2, 3]",2,06:50,-1,E07000129,5,0,1,0,2,19,"[0, 3]","[0, 7]",0,1,0,1,0,0,0,0,0,6,24
2024332400578,2024,332400578,468255,288265,-0.99624,52.48804,3,3,4,18:30,-1,E07000131,5,0,1,0,2,19,"[7, 3]","[3, 7]",0,0,0,1,0,0,0,0,0,6,19
2024332400579,2024,332400579,460325,307920,-1.10944,52.66565,3,3,2,15:15,-1,E06000016,3,0,1,0,1,"[12, 19]",2,6,0,0,0,1,0,0,1,0,0,6,24
2024332400580,2024,332400580,430525,315593,-1.54934,52.73711,3,3,2,21:00,-1,E07000134,5,0,1,0,2,"[5, 19]","[4, 6]","[8, 3]",0,0,0,1,0,0,0,0,0,6,17
2024332400581,2024,332400581,442905,294010,-1.3688,52.54226,3,3,3,08:29,-1,E07000132,5,0,1,0,1,19,1,5,0,0,0,1,0,0,0,0,1,6,25
2024332400583,2024,332400583,454150,320125,-1.19873,52.77601,3,3,3,09:10,-1,E07000130,3,0,1,0,1,"[19, 8, 9]","[6, 8, 2]","[2, 8]",0,0,0,1,0,0,0,0,0,6,25
2024332400584,2024,332400584,459085,305340,-1.12823,52.64259,3,3,4,08:10,-1,E06000016,3,0,1,0,1,"[7, 15]",2,"[4, 6]",0,0,0,1,0,0,1,0,0,6,26
2024332400585,2024,332400585,436020,315390,-1.46799,52.73495,3,3,6,14:30,-1,E07000134,3,0,1,0,2,19,6,2,0,0,0,1,0,0,0,0,0,6,21
2024332400586,2024,332400586,459860,307010,-1.11648,52.65752,3,3,4,10:18,-1,E06000016,3,0,1,0,1,"[9, 19]","[7, 3]","[5, 7]",0,0,0,1,0,0,0,0,0,6,26
2024332400587,2024,332400587,461795,305320,-1.08819,52.64211,2,2,1,12:41,-1,E06000016,3,0,1,0,1,"[13, 5]",7,3,0,0,0,1,1,0,0,0,0,6,23
2024332400588,2024,332400588,478375,327275,-0.83797,52.8373,3,3,4,16:26,-1,E07000133,5,0,1,0,2,"[9, 14]","[3, 8]","[8, 4]",0,"[0, 1]",0,1,0,0,0,0,0,6,26
2024332400589,2024,332400589,458560,301655,-1.13664,52.60953,3,3,5,09:20,-1,E06000016,4,0,1,0,1,"[3, 11]",5,1,0,0,0,1,0,0,0,0,0,6,27