collision_index,collision_year,collision_ref_no,location_easting_osgr,location_northing_osgr,longitude,latitude,casualty_severity,casualty_severity,day_of_week,time,local_authority_district,local_authority_ons_district,first_road_class,light_conditions,weather_conditions,road_surface_conditions,urban_or_rural_area,vehicle_manoeuvre,vehicle_direction_from,vehicle_direction_to,hit_object_in_carriageway,vehicle_leaving_carriageway,hit_object_off_carriageway,is_car,is_cyle,is_mcyle,is_goodsv,is_other,is_pedestrian,month,day
2024332400590,2024,332400590,457527,321190,-1.14848,52.78523,3,3,5,07:48,-1,E07000130,4,0,1,0,2,"[13, 9]","[4, 8]","[1, 6]",0,0,0,1,0,0,0,0,0,6,27
2024332400591,2024,332400591,455330,295615,-1.18534,52.55557,3,3,5,15:28,-1,E07000129,1,0,1,0,2,19,5,1,0,0,0,1,0,0,0,0,0,6,27
2024332400592,2024,332400592,459357,303958,-1.12446,52.63014,2,2,5,16:30,-1,E06000016,3,0,1,0,1,"[9, 19]","[8, 4]","[6, 8]",0,0,0,1,1,0,0,0,0,6,27
2024332400593,2024,332400593,458490,301270,-1.13774,52.60607,3,3,5,09:45,-1,E06000016,4,0,1,0,1,"[19, 13]",1,5,0,"[0, 7]",0,1,0,0,0,0,0,6,27
2024332400594,2024,332400594,458040,306735,-1.14343,52.65524,2,"[3, 2]",6,06:10,-1,E06000016,6,0,1,0,1,19,"[1, 5]","[5, 1]",0,0,0,1,0,0,0,0,0,6,28
2024332400595,2024,332400595,460520,308365,-1.10647,52.66963,2,"[2, 3]",6,10:05,-1,E06000016,3,0,1,0,1,19,5,1,0,4,1,1,0,0,0,0,0,6,28
2024332400596,2024,332400596,455325,305290,-1.1838,52.64254,2,2,6,21:01,-1,E06000016,3,0,1,0,1,19,8,4,0,3,1,0,0,1,0,0,0,6,28
2024332400597,2024,332400597,435275,297110,-1.48097,52.57068,3,3,6,17:03,-1,E07000132,3,0,1,0,2,"[9, 13]",5,"[3, 1]",0,"[7, 0]","[1, 0]",1,0,0,0,0,0,6,28
2024332400598,2024,332400598,458655,316670,-1.13257,52.74448,2,2,6,20:44,-1,E07000130,5,0,1,0,1,19,8,4,10,7,11,1,0,0,0,0,0,6,28
2024332400599,2024,332400599,463620,308130,-1.06068,52.66716,3,3,6,18:20,-1,E07000130,6,0,1,0,2,19,"[1, 3]","[3, 1]",0,0,0,1,0,0,0,0,0,6,28
2024332400600,2024,332400600,457715,304015,-1.14871,52.63083,2,2,7,12:38,-1,E06000016,6,0,1,0,1,5,1,5,0,0,0,1,0,0,0,0,1,6,29
2024332400601,2024,332400601,459215,309425,-1.12558,52.6793,3,3,7,15:55,-1,E07000130,3,0,1,0,1,"[3, 9, 14]","[1, 3]","[5, 1]",0,0,0,1,0,1,0,0,0,6,29
2024332400602,2024,332400602,449990,322245,-1.26006,52.79546,3,3,7,14:38,-1,E07000130,3,0,1,0,2,"[10, 19]","[1, 5]","[7, 1, 5]",0,0,0,1,0,0,0,0,0,6,29
2024332400603,2024,332400603,443870,315420,-1.35173,52.73464,2,2,7,03:24,-1,E07000134,6,2,2,1,1,"[2, 19]","[0, 4]","[0, 8]",0,0,0,1,0,1,0,0,0,6,29
2024332400604,2024,332400604,456535,317390,-1.16385,52.75118,3,3,1,07:05,-1,E07000130,5,0,1,0,2,7,3,7,10,1,0,1,0,0,0,0,0,6,30
2024332400605,2024,332400605,458850,304615,-1.13183,52.6361,3,3,1,13:10,-1,E06000016,6,0,2,1,1,19,7,3,0,0,0,0,1,0,0,0,1,6,30
2024332400606,2024,332400606,453575,307375,-1.20932,52.66146,3,3,1,11:30,-1,E07000132,6,0,1,0,1,19,3,7,0,0,0,1,1,0,0,0,0,6,30
2024332400607,2024,332400607,449040,302795,-1.27705,52.62071,3,3,2,10:50,-1,E07000132,4,0,1,0,2,19,4,1,0,1,4,1,0,0,0,0,0,7,1
2024332400608,2024,332400608,459425,301975,-1.12381,52.61231,3,3,5,16:00,-1,E06000016,3,0,1,0,1,"[7, 15]",1,"[3, 5]",0,0,0,1,0,0,0,0,0,6,27
2024332400609,2024,332400609,443030,303530,-1.36572,52.62783,3,3,2,17:00,-1,E07000132,4,0,2,1,2,4,2,6,0,7,4,1,0,0,0,0,0,7,1
2024332400610,2024,332400610,459359,303958,-1.12443,52.63014,3,3,7,15:10,-1,E06000016,3,0,1,0,1,"[7, 19]",4,"[6, 8]",0,"[0, 1]",0,1,1,0,0,0,0,6,29
2024332400611,2024,332400611,444770,328110,-1.33667,52.84864,3,3,5,15:47,-1,E07000134,5,0,1,0,2,5,"[5, 7]","[1, 3]",0,0,0,1,0,0,0,0,0,6,27
2024332400613,2024,332400613,462760,283688,-1.07801,52.44756,3,3,2,13:50,-1,E07000131,3,0,1,0,2,"[19, 10]","[7, 3]","[3, 4, 7]",0,"[1, 0]","[9, 0, 7]",1,0,0,0,0,0,7,1
2024332400614,2024,332400614,469638,310860,-0.97113,52.69096,3,3,1,12:52,-1,E07000130,5,0,1,0,2,"[19, 9]","[8, 1]","[4, 8]",0,0,0,1,0,0,0,0,0,6,30
2024332400615,2024,332400615,454073,320363,-1.19983,52.77815,3,3,2,15:40,-1,E07000130,6,0,1,0,1,19,2,6,0,0,0,1,0,0,0,0,1,6,24
2024332400616,2024,332400616,460535,299750,-1.10783,52.59219,3,3,1,17:10,-1,E07000135,3,0,1,0,1,"[9, 19]","[1, 5]","[7, 1]",0,0,0,1,1,0,0,0,0,6,30
2024332400617,2024,332400617,457802,304017,-1.14742,52.63084,3,3,1,21:50,-1,E06000016,3,2,1,0,1,19,"[7, 1]","[3, 5]",0,0,0,1,0,0,0,0,0,6,30
2024332400619,2024,332400619,480430,334960,-0.80558,52.90607,2,2,4,02:49,-1,E07000133,5,2,2,1,2,19,"[6, 8]","[2, 4]",0,"[0, 8]","[0, 1]",1,0,0,1,0,0,7,3
2024332400621,2024,332400621,437305,315745,-1.44892,52.73806,2,2,6,07:10,-1,E07000134,5,0,1,0,2,"[19, 5]","[4, 2]","[8, 6]",0,0,0,1,0,1,0,0,0,7,5
2024332400622,2024,332400622,447255,326415,-1.30002,52.83319,1,"[1, 3, 2]",6,11:44,-1,E07000134,3,0,1,0,2,"[3, 19]","[3, 5]","[7, 1]",0,"[0, 4]",0,1,0,0,1,0,0,7,5
2024332400623,2024,332400623,441260,292305,-1.39326,52.52706,3,3,6,14:34,-1,E07000132,3,0,1,0,1,"[19, 4]",4,8,0,0,0,1,0,0,0,0,0,7,5
2024332400624,2024,332400624,458295,299685,-1.1409,52.59185,3,3,5,16:46,-1,E06000016,6,0,1,0,1,19,"[5, 7]","[1, 3]",0,0,0,1,0,0,0,0,0,7,4
2024332400625,2024,332400625,459800,306900,-1.11738,52.65654,3,3,6,20:00,-1,E06000016,3,0,2,1,1,"[2, 14]","[0, 5]","[0, 1]",0,0,0,1,1,0,0,0,0,7,5
2024332400626,2024,332400626,442140,294255,-1.38004,52.54452,2,2,7,21:36,-1,E07000132,6,2,1,1,1,19,"[7, 2]","[2, 6]",0,0,0,1,0,1,0,0,0,7,6
2024332400627,2024,332400627,454150,315600,-1.19947,52.73533,2,2,7,23:30,-1,E07000130,5,2,1,0,2,19,6,1,0,7,11,0,1,0,0,0,0,7,6
2024332400628,2024,332400628,458220,303400,-1.14135,52.62525,3,3,7,22:15,-1,E06000016,5,2,1,0,1,19,3,7,0,0,0,1,1,0,0,0,0,7,6
2024332400629,2024,332400629,455210,305402,-1.18548,52.64356,3,3,3,19:25,-1,E06000016,6,0,1,0,1,"[19, 3]","[4, 8, 2]","[8, 4, 6]",0,0,0,1,0,0,0,0,0,7,2
2024332400631,2024,332400631,497265,311385,-0.56235,52.69143,3,3,7,20:20,-1,E06000017,3,0,1,0,2,"[19, 2]","[4, 0]","[8, 0]",0,0,0,1,0,0,0,0,0,7,6
2024332400632,2024,332400632,463625,300880,-1.062,52.60199,3,3,2,11:20,-1,E07000135,6,0,1,0,1,19,5,1,10,7,2,1,0,0,0,0,0,7,8
2024332400633,2024,332400633,458580,304515,-1.13584,52.63523,3,3,2,14:00,-1,E06000016,6,0,1,0,1,19,3,7,0,0,0,0,0,0,0,0,1,7,8
2024332400634,2024,332400634,443107,316510,-1.36289,52.7445,3,3,3,09:13,-1,E07000134,5,0,8,1,1,"[9, 19]","[8, 2]",6,0,"[1, 2]","[10, 11]",1,0,0,0,0,0,7,9
2024332400635,2024,332400635,454860,298720,-1.19176,52.58353,3,3,7,15:10,-1,E07000129,4,0,1,0,1,"[11, 9]",4,"[8, 2]",0,0,0,1,0,1,0,0,0,7,6
2024332400636,2024,332400636,461740,295463,-1.09084,52.55352,3,3,5,16:00,-1,E07000129,5,0,2,1,2,13,6,3,0,1,9,1,0,0,0,0,0,7,11
2024332400637,2024,332400637,437485,316905,-1.44612,52.74847,1,1,2,13:00,-1,E07000134,3,0,1,0,2,"[3, 19]",4,8,0,0,0,1,0,0,0,0,0,7,8
2024332400638,2024,332400638,459170,305585,-1.12693,52.64479,3,3,5,02:15,-1,E06000016,3,2,1,0,2,7,6,7,0,3,10,1,0,0,0,0,0,7,11
2024332400639,2024,332400639,455570,300600,-1.18097,52.60036,3,3,6,08:21,-1,E07000129,3,0,1,0,1,"[11, 5]",6,2,0,"[0, 4]","[0, 2]",1,0,0,0,0,0,7,12
2024332400640,2024,332400640,443925,292395,-1.35397,52.52766,3,3,3,10:15,-1,E07000132,6,0,2,1,1,"[9, 19]","[4, 6]",2,0,0,0,1,1,0,0,0,0,7,9
2024332400642,2024,332400642,476335,305610,-0.87328,52.64287,1,1,6,15:20,-1,E07000131,5,0,1,0,2,"[19, 9]","[7, 1]","[3, 7]",0,0,0,1,0,0,0,0,0,7,12
2024332400643,2024,332400643,459495,304795,-1.12227,52.63765,3,3,7,00:50,-1,E06000016,3,2,1,0,1,19,2,6,7,4,6,1,0,0,0,0,0,7,13
2024332400644,2024,332400644,446840,298510,-1.31015,52.58239,2,"[2, 3]",7,12:50,-1,E07000132,5,0,8,0,2,"[19, 9]","[1, 3]","[5, 1]",0,0,0,1,0,1,0,0,0,7,13
2024332400645,2024,332400645,460205,305177,-1.11171,52.641,3,3,6,12:26,-1,E06000016,3,0,1,0,1,4,6,2,0,0,0,1,0,0,0,0,0,7,12
2024332400647,2024,332400647,459273,304053,-1.12568,52.631,3,3,1,15:45,-1,E06000016,3,0,1,0,1,19,"[1, 3]","[5, 7]",0,0,0,1,1,0,0,0,0,7,14
2024332400648,2024,332400648,458065,306220,-1.14315,52.65061,3,3,4,09:10,-1,E06000016,5,0,1,0,1,"[19, 9]","[3, 8]",6,0,0,0,1,0,0,0,0,0,7,10
2024332400649,2024,332400649,470490,305000,-0.95978,52.63818,3,3,2,08:49,-1,E07000131,5,0,1,0,2,19,"[4, 8]","[8, 4]",0,"[7, 0]","[10, 0]",1,0,0,0,0,0,7,15
2024332400650,2024,332400650,463418,304050,-1.06445,52.63051,3,3,2,16:43,-1,E06000016,4,0,2,1,1,19,"[1, 5]","[5, 1]",0,0,0,1,0,0,0,0,0,7,15
2024332400651,2024,332400651,448065,310560,-1.29032,52.6906,3,3,3,02:02,-1,E07000132,1,2,2,1,2,19,1,5,0,1,1,1,0,0,0,0,0,7,16
2024332400653,2024,332400653,462535,297735,-1.07869,52.57385,2,2,3,11:30,-1,E07000135,5,0,1,1,2,19,"[8, 4]","[4, 8]",0,"[0, 1]","[0, 10]",1,0,0,0,0,0,7,16
2024332400654,2024,332400654,471895,290770,-0.9421,52.51009,3,3,3,16:15,-1,E07000131,3,0,1,0,2,19,"[5, 3]","[1, 8]",0,0,0,1,0,1,0,0,0,7,16
2024332400655,2024,332400655,455700,300675,-1.17904,52.60102,3,3,2,16:35,-1,E07000129,3,0,2,1,1,"[4, 3]",2,6,0,0,0,1,0,0,0,0,0,7,15
2024332400656,2024,332400656,459593,304867,-1.12081,52.63829,3,3,5,16:34,-1,E06000016,3,0,1,0,1,"[7, 19]",2,"[4, 6]",0,0,0,1,1,0,0,0,0,7,11
2024332400657,2024,332400657,455495,292732,-1.18339,52.52964,3,3,4,07:12,-1,E07000129,3,0,1,0,2,"[4, 19]",1,5,0,"[1, 0]","[1, 0]",1,0,0,0,0,0,7,17
2024332400658,2024,332400658,457535,316505,-1.14919,52.74312,2,"[2, 3]",4,12:03,-1,E07000130,3,0,1,0,2,19,8,4,0,0,0,0,0,1,0,0,0,7,17
2024332400659,2024,332400659,463065,302000,-1.07006,52.61212,3,3,4,11:30,-1,E07000135,4,0,1,0,2,"[5, 9]","[7, 5]",3,0,0,0,1,1,0,0,0,0,7,17
2024332400660,2024,332400660,460520,308310,-1.10648,52.66913,3,3,5,15:30,-1,E06000016,3,0,1,0,1,"[19, 9]","[1, 5]","[5, 3]",0,0,0,1,0,0,1,0,0,7,18
2024332400661,2024,332400661,461040,302420,-1.09988,52.61613,3,3,6,12:45,-1,E06000016,3,0,1,0,1,"[9, 19]",7,"[5, 3]",0,0,0,1,1,0,0,0,0,7,19
2024332400662,2024,332400662,455550,296365,-1.18197,52.56229,2,"[2, 3]",6,10:40,-1,E07000129,5,0,1,0,1,"[9, 19]","[6, 2]","[4, 6]",0,0,0,1,0,0,0,0,0,7,19
2024332400663,2024,332400663,440030,298445,-1.41065,52.58235,3,3,6,17:44,-1,E07000132,5,0,1,0,2,19,"[5, 1]","[1, 5]",0,"[0, 7]","[0, 9]",1,0,0,0,0,0,7,19
2024332400664,2024,332400664,441970,324070,-1.37876,52.81255,2,2,6,22:38,-1,E07000134,3,2,1,0,2,19,"[5, 1]","[1, 5]",0,0,0,1,0,0,0,0,0,7,19
2024332400665,2024,332400665,459372,301855,-1.12461,52.61124,3,3,7,18:20,-1,E06000016,6,0,1,0,1,"[9, 19]","[3, 7]","[1, 3]",0,0,0,1,1,0,0,0,0,7,20
2024332400667,2024,332400667,481210,338070,-0.79321,52.9339,1,"[1, 2]",6,22:35,-1,E07000133,3,2,1,0,2,"[19, 13]","[3, 7]","[7, 3]",0,"[7, 1]",0,1,0,0,0,0,0,6,28
2024332400668,2024,332400668,447263,326487,-1.29989,52.83384,2,2,1,11:50,-1,E07000134,3,0,1,0,2,19,"[5, 7]","[1, 3]",0,"[7, 0]","[2, 0]",1,0,0,0,0,0,7,21
2024332400669,2024,332400669,461760,305180,-1.08873,52.64086,3,3,1,21:00,-1,E06000016,6,0,1,0,1,19,1,5,0,0,0,1,0,0,0,0,1,7,21
2024332400671,2024,332400671,442285,294420,-1.37789,52.546,3,3,1,16:45,-1,E07000132,5,0,1,0,1,19,"[6, 4]","[2, 8]",0,0,0,1,1,0,0,0,0,7,21
2024332400672,2024,332400672,459612,303705,-1.12074,52.62784,3,3,1,14:28,-1,E06000016,3,0,1,0,1,"[19, 12]",4,8,"[7, 0]","[7, 0]","[2, 0]",1,0,0,0,0,0,7,21
2024332400673,2024,332400673,455528,305154,-1.18082,52.6413,3,3,2,18:50,-1,E06000016,5,0,1,0,1,"[5, 19]","[2, 8]","[6, 4]",0,0,0,1,1,0,0,0,0,7,22
2024332400674,2024,332400674,460635,318588,-1.10289,52.7615,3,3,6,18:15,-1,E07000130,5,0,1,0,2,"[19, 10]",2,"[6, 8]",0,0,0,1,1,0,0,0,0,7,19
2024332400675,2024,332400675,459212,304163,-1.12656,52.632,3,3,3,15:15,-1,E06000016,3,0,1,0,1,19,4,1,0,0,0,1,0,0,0,0,1,7,23
2024332400676,2024,332400676,454630,305587,-1.19402,52.64528,3,3,4,12:15,-1,E07000129,6,0,1,0,1,19,"[7, 3]","[3, 7]",0,0,0,1,0,0,0,0,0,7,24
2024332400677,2024,332400677,457305,303100,-1.15492,52.62265,3,3,1,11:30,-1,E06000016,3,0,1,0,1,19,6,2,0,0,0,1,0,0,0,0,1,7,21
2024332400678,2024,332400678,461265,305800,-1.09593,52.64649,3,3,7,13:50,-1,E06000016,3,0,1,0,1,"[99, 19]","[9, 1]","[9, 3]",0,0,0,1,0,0,0,0,0,7,20
2024332400679,2024,332400679,460428,305460,-1.10836,52.64352,3,3,5,13:00,-1,E06000016,5,0,1,0,1,"[9, 14]","[7, 5]","[5, 1]",0,0,0,1,1,0,0,0,0,7,25
2024332400680,2024,332400680,462468,300362,-1.07918,52.59747,3,3,2,12:52,-1,E07000135,4,0,1,0,1,"[19, 5]","[3, 5]","[7, 1]",0,0,0,1,1,0,0,0,0,7,22
2024332400681,2024,332400681,461815,303890,-1.08816,52.62926,3,3,5,17:25,-1,E06000016,3,0,1,0,1,19,9,9,0,0,0,1,0,1,0,0,0,7,4
2024332400682,2024,332400682,444910,313782,-1.33655,52.71983,3,3,6,20:05,-1,E07000134,6,0,1,0,1,"[13, 19]",2,6,0,0,0,1,1,0,0,0,0,7,26
2024332400683,2024,332400683,466915,315490,-1.01047,52.73292,2,2,7,00:48,-1,E07000133,3,2,1,0,2,19,2,6,0,7,9,1,0,0,0,0,0,7,27
2024332400684,2024,332400684,472740,286800,-0.93052,52.47429,2,2,6,23:27,-1,E07000131,5,2,1,0,1,19,"[5, 7]","[1, 3]",0,1,2,1,0,0,0,0,0,7,26
2024332400685,2024,332400685,454560,301035,-1.19581,52.60437,3,3,7,14:05,-1,E07000129,1,0,1,0,2,"[4, 11]",1,5,0,0,0,1,0,0,0,0,0,7,27
2024332400686,2024,332400686,464290,298240,-1.0527,52.57818,3,3,3,10:45,-1,E07000131,3,0,1,0,2,19,4,1,0,1,0,1,0,0,0,0,0,7,23
2024332400687,2024,332400687,458557,301905,-1.13664,52.61177,3,3,7,22:05,-1,E06000016,4,2,1,0,1,"[19, 13]",5,1,0,0,0,1,0,0,0,0,0,7,27
2024332400688,2024,332400688,457415,308585,-1.15234,52.67194,3,3,1,13:56,-1,E06000016,6,0,1,0,1,19,1,5,0,1,4,1,0,0,0,0,0,7,28
2024332400689,2024,332400689,475395,286705,-0.89146,52.47308,3,3,1,15:50,-1,E07000131,3,0,1,0,2,"[19, 12]",8,"[4, 6]",0,"[3, 0]",0,1,0,1,0,0,0,7,28
2024332400690,2024,332400690,457467,308023,-1.15167,52.66688,3,3,1,22:26,-1,E06000016,3,2,1,0,1,19,"[3, 1]","[7, 5]",0,0,0,1,1,0,0,0,0,7,28
2024332400691,2024,332400691,481280,311980,-0.79865,52.69941,3,3,2,19:31,-1,E07000133,6,0,1,0,2,19,"[1, 5]","[5, 1]",0,0,0,1,0,0,0,0,0,7,29
2024332400692,2024,332400692,462910,303680,-1.07202,52.62724,3,3,3,18:15,-1,E06000016,6,0,1,0,1,5,9,9,0,0,0,0,0,0,1,0,0,7,16
2024332400693,2024,332400693,478360,327285,-0.83819,52.83739,3,3,3,14:00,-1,E07000133,5,0,1,0,2,19,8,4,0,7,3,1,0,0,0,0,0,7,30
2024332400694,2024,332400694,452445,307530,-1.226,52.66296,3,3,3,17:54,-1,E07000132,5,0,1,0,1,"[13, 9]",3,"[7, 1]",0,0,0,1,0,1,0,0,0,7,30
2024332400695,2024,332400695,447145,319535,-1.30264,52.77136,2,2,4,01:00,-1,E07000130,6,2,1,0,1,19,7,3,0,1,4,0,0,1,0,0,0,7,31
2024332400696,2024,332400696,447650,327580,-1.29399,52.84363,2,2,4,07:50,-1,E07000134,3,0,1,0,2,"[11, 9]",1,"[5, 7]",0,"[7, 0]",0,1,0,1,0,0,0,7,31
2024332400697,2024,332400697,456475,303045,-1.16719,52.62224,3,3,3,07:30,-1,E06000016,6,0,1,0,1,"[7, 19]",9,9,0,0,0,1,1,0,0,0,0,7,30
2024332400698,2024,332400698,449220,318330,-1.27207,52.76034,2,"[3, 2]",5,06:19,-1,E07000130,3,0,1,0,2,"[19, 3]","[1, 3]","[5, 7]","[0, 10]","[1, 0]","[10, 0]",1,0,0,0,0,0,8,1
2024332400699,2024,332400699,444535,329425,-1.33998,52.86048,3,3,3,20:00,-1,E07000134,3,0,1,0,2,19,7,3,0,1,9,1,0,0,0,0,0,7,30
2024332400700,2024,332400700,449765,323875,-1.26315,52.81013,1,1,5,13:20,-1,E07000134,3,0,1,0,2,"[19, 5]","[1, 3]","[5, 7]",0,0,0,1,1,0,0,0,0,8,1
2024332400701,2024,332400701,453907,320115,-1.20233,52.77594,2,2,5,16:05,-1,E07000130,6,0,1,0,1,19,"[1, 5]","[5, 1]",0,0,0,1,0,1,0,0,0,8,1
2024332400702,2024,332400702,491985,305113,-0.64219,52.63598,2,"[2, 3]",2,12:15,-1,E06000017,5,0,2,1,2,"[13, 19]","[7, 3]","[3, 7]",0,0,0,1,0,0,1,0,0,9,2
2024332400703,2024,332400703,470810,302940,-0.95549,52.61962,3,3,2,09:00,-1,E07000131,3,0,1,0,2,19,"[3, 7]","[7, 3]",0,"[7, 0]","[4, 0]",1,0,0,0,0,0,7,1
2024332400704,2024,332400704,462010,304390,-1.08519,52.63373,3,3,6,19:50,-1,E06000016,6,0,1,0,1,"[2, 19]","[0, 4]","[0, 8]",0,0,0,1,0,0,0,0,0,8,2
2024332400705,2024,332400705,458820,314775,-1.13046,52.72743,1,1,6,23:45,-1,E07000130,3,2,1,0,2,19,1,5,0,0,0,1,1,0,0,0,0,8,2
2024332400706,2024,332400706,460830,303325,-1.10282,52.62429,3,3,7,22:00,-1,E06000016,5,2,1,0,1,19,"[7, 8]","[3, 4]",0,0,0,1,1,0,0,0,0,8,3
2024332400707,2024,332400707,460365,306355,-1.10913,52.65158,2,2,3,09:00,-1,E06000016,6,0,1,0,1,"[19, 2]","[8, 0]","[4, 0]",0,0,0,1,0,1,0,0,0,2,20
2024332400709,2024,332400709,459170,305650,-1.12692,52.64537,3,3,4,16:10,-1,E06000016,3,0,1,0,2,"[3, 19]",9,9,0,0,0,1,0,0,0,0,0,7,31
2024332400710,2024,332400710,460825,302095,-1.10311,52.61323,3,3,2,12:01,-1,E06000016,3,0,1,0,1,"[19, 11]",4,8,0,0,0,1,0,0,1,0,0,8,5
2024332400711,2024,332400711,456292,302238,-1.17003,52.61501,2,"[3, 2]",3,00:15,-1,E07000129,5,2,1,0,1,"[13, 9]",4,"[8, 2]",0,0,0,1,0,1,0,0,0,8,6
2024332400712,2024,332400712,460630,303800,-1.10568,52.62858,3,3,1,16:35,-1,E06000016,6,0,1,0,1,"[9, 19]","[6, 4]","[4, 8]",0,0,0,1,0,0,0,0,0,8,4
2024332400713,2024,332400713,469915,289507,-0.97154,52.49899,3,3,3,08:12,-1,E07000131,6,0,1,1,2,"[19, 9]","[3, 5]","[7, 3]",0,"[0, 7]","[0, 9]",1,0,0,0,0,0,8,6
2024332400714,2024,332400714,444390,304530,-1.3455,52.63671,2,2,3,07:20,-1,E07000132,4,0,1,1,2,"[19, 9]","[4, 8]","[8, 6]",0,0,0,1,0,1,0,0,0,8,6
2024332400715,2024,332400715,454130,320105,-1.19903,52.77583,3,3,3,13:15,-1,E07000130,3,0,1,0,1,"[3, 19]",2,6,0,"[0, 1]","[0, 11]",1,0,0,0,0,0,8,6
2024332400716,2024,332400716,459470,306790,-1.12228,52.65558,3,3,2,14:15,-1,E06000016,3,0,1,0,1,"[9, 19]",1,"[7, 5]",0,"[7, 0]","[4, 0]",1,0,0,0,0,0,8,5
2024332400717,2024,332400717,462330,301650,-1.08097,52.60906,3,3,5,13:44,-1,E07000135,6,0,1,0,1,"[19, 2, 13]","[3, 7, 0]","[7, 3, 0]",0,"[0, 1, 7]",0,1,0,0,0,0,0,8,8
2024332400718,2024,332400718,457265,304478,-1.15527,52.63504,3,3,6,05:13,-1,E06000016,5,2,2,1,1,"[9, 19]","[1, 7]","[7, 3]",0,0,0,1,0,0,0,0,0,8,9
2024332400719,2024,332400719,481955,322760,-0.78597,52.79619,2,2,5,20:45,-1,E07000133,5,2,8,0,2,19,8,3,0,7,9,1,0,0,0,0,0,8,8
2024332400720,2024,332400720,459125,305700,-1.12757,52.64582,3,3,5,18:15,-1,E06000016,4,0,1,0,2,"[19, 3]",8,4,0,0,0,1,0,0,0,0,0,8,1
2024332400722,2024,332400722,453825,319765,-1.2036,52.7728,3,3,2,16:15,-1,E07000130,3,0,1,0,1,"[7, 19]","[6, 9]","[8, 9]",0,0,0,1,1,0,0,0,0,8,5
2024332400723,2024,332400723,438055,310835,-1.43837,52.69387,2,2,6,13:40,-1,E07000134,5,0,1,0,2,19,3,7,0,0,0,1,0,1,0,0,0,8,9
2024332400724,2024,332400724,458065,305255,-1.14332,52.64194,2,2,7,19:10,-1,E06000016,3,0,1,0,1,"[9, 19]","[5, 1]","[3, 5]",0,0,0,1,0,1,0,0,0,8,10
2024332400725,2024,332400725,442480,313710,-1.37254,52.71938,2,2,6,13:55,-1,E07000134,5,0,1,0,1,19,1,5,0,0,0,1,0,0,0,0,0,8,2
2024332400726,2024,332400726,430825,299630,-1.54639,52.5936,3,3,1,19:30,-1,E07000132,4,0,1,0,2,"[19, 13]",1,5,0,0,0,1,1,0,0,0,0,8,11
2024332400727,2024,332400727,446215,299575,-1.31922,52.59202,1,"[2, 1]",1,17:45,-1,E07000132,5,0,1,0,2,19,"[5, 8]","[8, 4]",0,"[7, 0]","[4, 0]",1,0,0,0,0,0,8,4
2024332400728,2024,332400728,455530,299965,-1.18166,52.59465,3,3,2,13:56,-1,E07000129,3,0,1,0,2,"[19, 11]",7,3,0,0,0,1,0,0,1,0,0,8,12
2024332400729,2024,332400729,457640,303465,-1.14991,52.62589,2,2,5,22:50,-1,E06000016,5,2,1,0,1,14,3,7,0,0,0,1,0,0,0,0,1,7,4
2024332400730,2024,332400730,453640,297685,-1.20993,52.57435,2,2,6,00:01,-1,E07000129,5,2,1,0,1,19,1,4,10,0,0,0,0,1,0,0,0,8,23
2024332400731,2024,332400731,457430,304365,-1.15286,52.63401,3,3,6,21:53,-1,E06000016,3,2,1,0,1,"[3, 4]",7,3,0,0,0,1,1,0,0,0,0,8,2
2024332400732,2024,332400732,453510,319240,-1.20836,52.76811,3,3,3,11:00,-1,E07000130,6,0,1,0,1,9,6,3,0,0,0,1,0,0,0,0,1,8,13
2024332400733,2024,332400733,444480,325280,-1.34136,52.82322,3,3,3,12:00,-1,E07000134,3,0,1,0,2,"[19, 9]",7,"[3, 5]",0,0,0,1,0,0,0,0,0,8,13
2024332400734,2024,332400734,493195,305915,-0.62409,52.64298,3,3,3,16:00,-1,E06000017,5,0,1,0,2,"[9, 19]","[4, 6]",2,0,0,0,1,0,0,0,0,0,8,13
2024332400735,2024,332400735,460810,302115,-1.10333,52.61341,2,2,5,12:13,-1,E06000016,3,0,1,0,1,"[9, 19]","[7, 5]","[5, 1]",0,0,0,1,1,0,0,0,0,8,15
2024332400736,2024,332400736,459370,304860,-1.1241,52.63825,3,3,5,08:25,-1,E06000016,3,0,1,0,1,"[19, 11]",9,9,0,"[0, 1]",0,1,0,0,0,0,0,8,8
2024332400737,2024,332400737,464305,320850,-1.04807,52.78141,2,2,1,11:15,-1,E07000130,5,0,1,0,2,"[99, 7]","[9, 3]","[9, 5]",0,0,0,1,1,0,0,0,0,8,11
2024332400738,2024,332400738,459330,309415,-1.12388,52.67919,3,3,2,16:00,-1,E07000130,6,0,1,0,1,19,4,8,0,0,0,0,0,0,0,1,1,7,29
2024332400739,2024,332400739,454220,318860,-1.1979,52.76463,3,3,6,18:35,-1,E07000130,3,0,1,0,1,"[9, 19]","[4, 8]","[2, 4]",0,0,0,1,1,0,0,0,0,8,16
2024332400741,2024,332400741,464690,313065,-1.04389,52.71139,3,3,6,04:30,-1,E07000130,3,2,1,0,2,19,2,6,0,1,1,1,0,0,0,0,0,8,16
2024332400742,2024,332400742,455850,306328,-1.17587,52.65182,3,3,7,11:00,-1,E06000016,3,0,1,0,2,"[7, 19]",3,"[5, 7]","[7, 0]",0,0,1,0,1,0,0,0,8,17
2024332400743,2024,332400743,443810,320495,-1.35194,52.78027,3,3,6,22:06,-1,E07000134,6,2,1,0,2,19,1,6,11,7,4,1,0,0,0,0,0,8,16