collision_index,collision_year,collision_ref_no,location_easting_osgr,location_northing_osgr,longitude,latitude,casualty_severity,casualty_severity,day_of_week,time,local_authority_district,local_authority_ons_district,first_road_class,light_conditions,weather_conditions,road_surface_conditions,urban_or_rural_area,vehicle_manoeuvre,vehicle_direction_from,vehicle_direction_to,hit_object_in_carriageway,vehicle_leaving_carriageway,hit_object_off_carriageway,is_car,is_cyle,is_mcyle,is_goodsv,is_other,is_pedestrian,month,day
2024332400891,2024,332400891,496097,312528,-0.57929,52.70191,3,3,3,05:45,-1,E06000017,6,2,1,1,2,"[5, 19, 9]","[4, 8]","[8, 4, 2]","[0, 10]","[0, 8]",0,1,0,0,0,0,0,9,24
2024332400892,2024,332400892,458090,316975,-1.14088,52.74728,3,3,3,08:00,-1,E07000130,5,0,1,1,1,"[9, 19]","[7, 3]","[5, 7]",0,0,0,1,1,0,0,0,0,9,24
2024332400893,2024,332400893,460070,313015,-1.11228,52.71147,2,2,3,23:35,-1,E07000130,5,2,1,1,2,19,"[7, 3]","[3, 7]",0,0,0,1,0,1,0,0,0,9,24
2024332400894,2024,332400894,483925,319342,-0.75764,52.76517,3,3,4,18:33,-1,E07000133,5,0,2,1,2,19,"[6, 5]","[2, 6]",0,1,4,1,0,0,0,0,0,9,25
2024332400895,2024,332400895,458750,305093,-1.13322,52.64041,2,2,5,08:19,-1,E06000016,3,0,8,1,1,19,2,6,0,0,0,1,0,0,0,0,1,9,26
2024332400896,2024,332400896,451725,320840,-1.23456,52.78267,2,2,5,15:30,-1,E07000130,6,0,1,0,1,"[19, 14]","[7, 8]",3,0,0,0,1,1,0,0,0,0,9,26
2024332400897,2024,332400897,458765,305100,-1.133,52.64047,3,3,5,16:18,-1,E06000016,3,0,2,1,1,19,2,6,0,0,0,1,0,0,0,0,1,9,26
2024332400899,2024,332400899,461320,306230,-1.09504,52.65035,3,3,3,08:11,-1,E06000016,6,0,1,1,1,"[2, 19]","[0, 5]","[0, 1]",0,0,0,1,0,0,0,0,0,9,24
2024332400900,2024,332400900,460068,299283,-1.1148,52.58804,2,"[2, 3]",6,14:00,-1,E07000135,4,0,1,0,1,"[9, 13]",4,"[2, 8]",0,0,0,1,0,1,0,0,0,9,27
2024332400901,2024,332400901,458057,306232,-1.14326,52.65072,3,3,5,19:25,-1,E06000016,5,2,2,1,1,"[9, 5]","[3, 5]","[1, 3]",0,0,0,1,0,0,0,0,0,9,26
2024332400902,2024,332400902,463579,295988,-1.06362,52.55802,3,3,7,11:04,-1,E07000129,5,0,1,0,2,"[19, 5]","[7, 5]","[3, 1]",0,"[1, 0]",0,1,0,0,0,0,0,9,28
2024332400903,2024,332400903,440525,322857,-1.40035,52.80175,3,3,1,11:20,-1,E07000134,5,0,1,0,2,"[13, 9]",7,"[3, 5]",0,0,0,1,1,0,0,0,0,9,29
2024332400904,2024,332400904,459295,305790,-1.12505,52.64661,3,3,1,11:00,-1,E06000016,3,0,1,0,1,19,"[1, 3]","[5, 7]",0,0,0,1,1,0,0,0,0,9,29
2024332400905,2024,332400905,457575,305323,-1.15055,52.6426,3,3,2,07:30,-1,E06000016,5,0,1,0,1,"[19, 1]","[1, 3]","[5, 7]",0,0,0,1,0,0,0,0,0,9,16
2024332400906,2024,332400906,461235,303432,-1.09681,52.6252,3,3,2,17:20,-1,E06000016,6,0,2,1,1,19,"[5, 3]","[1, 7]",0,0,0,1,0,1,0,0,0,9,30
2024332400907,2024,332400907,462475,311360,-1.077,52.69632,3,3,4,09:35,-1,E07000130,5,0,1,0,1,"[2, 19]","[0, 6]","[0, 2]",0,0,0,1,1,0,0,0,0,9,18
2024332400908,2024,332400908,445987,289487,-1.32398,52.50135,2,2,3,17:50,-1,E07000129,3,0,2,1,2,"[19, 9]","[8, 2]","[4, 8]",0,0,0,1,0,1,0,0,0,10,1
2024332400909,2024,332400909,457695,301375,-1.14946,52.6071,3,3,3,19:28,-1,E06000016,3,2,2,1,1,"[3, 19]",6,2,0,0,0,1,0,1,0,0,0,10,1
2024332400910,2024,332400910,461940,300905,-1.08687,52.60241,3,3,4,16:00,-1,E07000135,3,0,1,0,1,"[10, 19]",8,"[6, 4]",0,0,0,1,0,0,0,0,0,9,25
2024332400911,2024,332400911,471480,309485,-0.94418,52.67836,3,3,4,07:45,-1,E07000133,5,0,2,1,2,19,4,8,0,7,4,1,0,0,0,0,0,10,2
2024332400912,2024,332400912,459195,305050,-1.12666,52.63997,3,3,4,08:46,-1,E06000016,3,0,2,1,1,19,"[8, 2]","[4, 6]",0,0,0,1,1,0,0,0,0,10,2
2024332400913,2024,332400913,439255,298515,-1.42208,52.58303,2,2,4,14:50,-1,E07000132,5,0,8,1,2,19,"[6, 3]","[2, 6]",0,"[0, 8]","[0, 9]",1,0,0,0,0,0,10,2
2024332400914,2024,332400914,461145,306447,-1.09759,52.65232,2,2,3,19:25,-1,E06000016,5,2,2,1,1,19,3,7,0,0,0,1,0,0,0,0,1,10,1
2024332400915,2024,332400915,464000,312970,-1.05412,52.71062,1,"[1, 2]",4,18:20,-1,E07000130,3,0,1,0,2,19,3,7,0,1,4,1,0,0,0,0,0,9,11
2024332400916,2024,332400916,444730,327215,-1.33739,52.8406,3,3,6,08:40,-1,E07000134,6,0,1,0,2,19,8,4,0,0,0,1,0,0,0,0,1,9,27
2024332400917,2024,332400917,444345,328210,-1.34297,52.84957,3,3,5,08:34,-1,E07000134,6,0,1,0,2,"[9, 19]","[3, 7]","[1, 3]",0,0,0,1,0,0,0,0,0,10,3
2024332400919,2024,332400919,456795,298515,-1.16324,52.58149,3,3,3,09:50,-1,E07000129,3,0,2,1,2,"[4, 19]",5,"[3, 1]",0,0,0,1,0,0,0,0,0,10,1
2024332400920,2024,332400920,454145,303525,-1.20153,52.62679,2,2,5,12:00,-1,E07000129,3,0,1,0,1,"[9, 19]","[5, 7]",3,0,0,0,1,0,1,0,0,0,10,3
2024332400921,2024,332400921,435160,296640,-1.48271,52.56646,3,3,5,12:15,-1,E07000132,3,0,1,0,2,"[19, 10]",1,"[5, 7]",0,"[0, 3]",0,1,0,0,1,0,0,10,3
2024332400922,2024,332400922,457835,316205,-1.1448,52.74039,3,3,5,16:09,-1,E07000130,3,0,1,0,2,"[12, 19]",4,8,0,0,0,1,0,1,0,0,0,10,3
2024332400923,2024,332400923,453515,287868,-1.21335,52.48611,3,3,5,21:30,-1,E07000131,5,2,2,1,2,19,6,3,0,1,9,1,0,0,0,0,0,10,3
2024332400924,2024,332400924,456867,302830,-1.16144,52.62027,3,3,3,08:48,-1,E06000016,5,0,1,1,1,"[8, 19]","[6, 2, 4]","[8, 6]",0,0,0,1,0,0,0,0,0,9,24
2024332400925,2024,332400925,486197,308740,-0.72675,52.66953,2,2,6,11:05,-1,E06000017,4,0,1,0,1,"[5, 19]","[7, 5]","[3, 1]",0,0,0,1,1,0,0,0,0,10,4
2024332400926,2024,332400926,452610,320400,-1.22151,52.77863,3,3,6,16:26,-1,E07000130,6,0,1,0,1,"[2, 5, 13]","[0, 2]","[0, 6]",0,0,0,1,0,0,0,0,0,10,4
2024332400927,2024,332400927,448030,306870,-1.29137,52.65743,3,3,7,11:45,-1,E07000132,5,0,1,0,2,"[19, 9]","[5, 1]","[1, 7]",0,0,0,1,0,1,0,0,0,10,5
2024332400928,2024,332400928,474895,318978,-0.89152,52.76322,3,3,7,15:59,-1,E07000133,3,0,1,0,1,19,"[6, 4]","[2, 8]",0,"[2, 0]",0,1,1,0,0,0,0,10,5
2024332400929,2024,332400929,459787,319280,-1.11533,52.76782,3,3,7,12:26,-1,E07000130,5,0,1,0,2,"[19, 4]",8,4,0,0,0,1,0,0,0,0,0,10,5
2024332400930,2024,332400930,441870,323250,-1.38035,52.80518,3,3,7,00:37,-1,E07000134,6,2,1,0,2,19,4,1,0,1,11,1,0,0,0,0,0,10,5
2024332400931,2024,332400931,459060,300272,-1.1295,52.59704,3,3,7,22:01,-1,E06000016,3,2,1,0,1,"[19, 13]",7,3,"[0, 7]",0,0,1,0,0,0,0,0,10,5
2024332400932,2024,332400932,454125,297155,-1.20286,52.56954,3,3,7,20:30,-1,E07000129,5,2,2,1,2,"[9, 7]","[1, 3]",6,0,0,0,1,1,0,0,0,0,10,5
2024332400933,2024,332400933,433515,316635,-1.50496,52.7463,3,3,1,23:19,-1,E07000134,5,2,2,1,2,19,3,8,0,7,0,1,0,0,0,0,0,10,6
2024332400934,2024,332400934,453353,299087,-1.21394,52.58698,3,3,6,08:35,-1,E07000129,6,0,1,1,1,"[19, 2]","[2, 0]","[6, 0]",0,0,0,1,0,0,0,0,0,9,27
2024332400935,2024,332400935,444770,311455,-1.33894,52.69893,3,3,2,12:20,-1,E07000134,6,0,1,0,2,12,5,1,0,0,0,1,0,0,0,0,0,10,7
2024332400936,2024,332400936,451635,310225,-1.23756,52.68726,3,3,1,10:28,-1,E07000130,5,0,1,0,2,19,9,9,0,0,0,1,0,0,0,0,1,9,29
2024332400937,2024,332400937,452930,281210,-1.22302,52.42632,2,2,3,01:40,-1,E07000131,3,2,8,1,2,19,"[5, 1]","[1, 5]","[10, 0]","[1, 0]",0,1,0,0,1,0,0,10,8
2024332400938,2024,332400938,460392,303875,-1.10918,52.62928,2,2,6,16:15,-1,E06000016,5,0,1,0,1,"[7, 19]",7,"[1, 3]",0,0,0,1,1,0,0,0,0,10,4
2024332400939,2024,332400939,437170,317257,-1.45074,52.75166,2,2,3,15:00,-1,E07000134,3,0,8,1,2,19,"[5, 3]","[1, 7]",0,"[1, 0]",0,1,1,0,0,0,0,10,8
2024332400940,2024,332400940,446885,288940,-1.31083,52.49636,3,3,3,17:39,-1,E07000129,3,0,2,1,2,"[19, 2]","[8, 0]","[4, 0]",0,"[1, 0]","[10, 0]",1,0,0,1,0,0,10,8
2024332400941,2024,332400941,454080,302240,-1.2027,52.61525,3,3,2,13:20,-1,E07000129,1,0,1,0,2,"[19, 11]",8,4,0,0,0,1,0,0,1,0,0,10,7
2024332400942,2024,332400942,461355,310010,-1.09382,52.68432,3,3,1,13:40,-1,E07000130,3,0,1,0,1,19,"[4, 8]","[8, 4]","[0, 10]","[0, 6]",0,1,0,0,0,0,0,10,6
2024332400943,2024,332400943,459185,303800,-1.12703,52.62874,2,2,4,17:15,-1,E06000016,3,0,1,0,1,19,1,5,0,0,0,1,0,0,0,0,0,10,9
2024332400945,2024,332400945,459280,303070,-1.12576,52.62217,2,2,5,16:00,-1,E06000016,5,0,1,0,1,19,5,1,0,0,0,1,0,0,0,0,1,10,3
2024332400946,2024,332400946,432770,311675,-1.51648,52.70176,3,3,5,07:45,-1,E07000134,5,0,1,1,2,"[13, 9]",2,"[6, 8]",0,"[7, 0]","[1, 0]",1,0,0,0,0,0,10,10
2024332400947,2024,332400947,441830,313175,-1.38223,52.71462,2,2,5,15:46,-1,E07000134,5,0,1,0,1,19,8,4,0,0,0,1,0,0,0,0,1,10,10
2024332400948,2024,332400948,475455,319378,-0.88313,52.76674,2,2,5,16:20,-1,E07000133,3,0,1,0,1,19,7,3,0,0,0,1,0,0,0,0,1,10,10
2024332400949,2024,332400949,441430,315125,-1.3879,52.73218,3,3,6,09:10,-1,E07000134,3,0,1,0,2,"[13, 9]","[7, 5]",3,0,0,0,1,0,0,0,0,0,10,11
2024332400950,2024,332400950,457350,303145,-1.15425,52.62305,2,2,1,18:45,-1,E06000016,3,2,8,1,1,19,2,6,0,0,0,1,0,0,0,0,1,10,6
2024332400951,2024,332400951,455565,300560,-1.18105,52.6,3,3,6,08:54,-1,E07000129,3,0,1,0,1,"[5, 19]","[1, 7]","[5, 3]",0,0,0,1,0,0,0,0,0,10,11
2024332400952,2024,332400952,445690,297705,-1.32723,52.57525,2,2,6,15:25,-1,E07000132,6,0,1,0,1,19,7,3,0,0,0,1,0,0,0,0,1,10,11
2024332400953,2024,332400953,454325,307000,-1.1983,52.65801,3,3,6,17:31,-1,E07000129,3,0,1,0,1,19,3,7,0,0,0,1,0,0,0,0,1,10,11
2024332400954,2024,332400954,459250,304730,-1.1259,52.63709,3,3,6,21:50,-1,E06000016,6,2,1,0,1,"[2, 19]","[0, 7]","[0, 3]",0,"[1, 0]","[10, 0]",1,0,0,0,0,1,10,11
2024332400955,2024,332400955,455070,290420,-1.19003,52.5089,3,3,6,16:38,-1,E07000131,3,0,1,0,2,"[9, 13]",5,"[3, 1]",0,0,0,1,0,0,0,1,0,10,11
2024332400956,2024,332400956,459120,311680,-1.12658,52.69958,2,2,7,10:30,-1,E07000130,3,0,2,1,2,19,1,5,0,0,0,0,0,1,0,0,0,10,12
2024332400957,2024,332400957,461473,305022,-1.093,52.63947,3,3,7,14:30,-1,E06000016,6,0,1,0,1,19,"[1, 7]","[5, 3]",0,0,0,1,0,0,0,0,0,10,12
2024332400958,2024,332400958,460483,308265,-1.10704,52.66873,3,3,1,19:10,-1,E06000016,3,2,1,0,1,"[19, 4]",5,1,0,0,0,1,0,0,0,0,0,10,13
2024332400959,2024,332400959,459420,304720,-1.12339,52.63698,3,3,2,08:40,-1,E06000016,3,0,2,1,1,19,3,7,0,0,0,1,0,0,0,0,1,10,14
2024332400960,2024,332400960,463140,295805,-1.07013,52.55643,3,3,2,08:30,-1,E07000129,6,0,2,1,2,19,2,6,10,1,4,1,0,0,0,0,0,10,14
2024332400961,2024,332400961,450065,318425,-1.25953,52.76112,3,3,2,09:05,-1,E07000130,3,0,1,1,1,"[19, 9]","[3, 7]","[7, 5]",0,0,0,1,0,0,0,0,0,10,14
2024332400962,2024,332400962,430887,300265,-1.54541,52.5993,3,3,2,16:48,-1,E07000132,4,0,8,1,2,"[19, 5]","[5, 7]","[1, 3]",0,0,0,1,0,0,0,0,0,10,14
2024332400963,2024,332400963,441422,315126,-1.38802,52.73219,3,3,2,20:21,-1,E07000134,3,2,1,0,2,"[9, 19]","[5, 7]",3,0,0,0,1,0,1,0,0,0,10,14
2024332400964,2024,332400964,439385,320370,-1.41756,52.77948,3,3,2,15:08,-1,E07000134,3,0,1,0,2,"[19, 12]",1,5,0,0,0,1,0,0,1,0,0,10,14
2024332400965,2024,332400965,452270,307715,-1.22856,52.66464,3,3,5,13:00,-1,E07000132,3,0,2,1,2,19,7,3,0,1,0,1,0,0,0,0,0,8,8
2024332400966,2024,332400966,463912,304223,-1.05712,52.63201,3,3,5,19:15,-1,E06000016,6,2,1,0,1,"[1, 19]","[7, 5]","[3, 1]",0,0,0,1,0,0,0,0,0,10,10
2024332400967,2024,332400967,445410,329572,-1.32697,52.86173,2,2,3,21:38,-1,E07000134,5,2,1,0,2,"[11, 19]",8,4,0,0,0,1,0,0,0,0,0,10,15
2024332400968,2024,332400968,455770,306387,-1.17704,52.65235,3,3,4,07:25,-1,E06000016,3,0,2,1,2,"[4, 3]",7,3,0,0,0,1,0,0,0,0,0,10,16
2024332400969,2024,332400969,454480,301300,-1.19694,52.60676,3,3,4,10:55,-1,E07000129,1,0,1,0,2,19,1,5,0,0,0,1,0,0,0,0,0,10,9
2024332400970,2024,332400970,458750,307315,-1.13283,52.66038,3,3,4,13:27,-1,E06000016,6,0,1,1,1,19,1,5,0,0,0,1,0,0,0,0,1,10,16
2024332400971,2024,332400971,460395,299710,-1.1099,52.59184,3,3,4,20:00,-1,E07000135,6,2,2,1,1,"[9, 19]","[6, 2]","[5, 6]",0,0,0,1,1,0,0,0,0,10,16
2024332400972,2024,332400972,458825,304810,-1.13217,52.63786,3,3,2,15:00,-1,E06000016,5,0,1,0,1,"[2, 19]","[0, 1]","[0, 5]",0,0,0,1,0,0,0,0,0,10,14
2024332400973,2024,332400973,437890,295418,-1.44258,52.55529,3,3,1,12:30,-1,E07000132,5,0,1,0,2,6,9,9,0,0,0,1,0,0,0,0,1,10,13
2024332400974,2024,332400974,446270,292785,-1.31935,52.53098,3,3,3,07:28,-1,E07000129,5,0,1,0,2,9,5,3,0,0,0,1,0,0,0,0,1,10,15
2024332400975,2024,332400975,447470,303390,-1.30015,52.6262,2,2,5,15:30,-1,E07000132,4,0,1,0,2,19,"[7, 5]","[3, 1]",0,0,0,1,0,0,0,0,0,10,17
2024332400976,2024,332400976,497695,300720,-0.55914,52.5955,2,2,5,17:32,-1,E06000017,3,0,8,1,2,"[13, 9]","[3, 5]","[7, 3]",0,"[1, 0]",0,1,0,1,0,0,0,10,17
2024332400977,2024,332400977,487490,304160,-0.70885,52.62816,3,3,5,16:10,-1,E06000017,3,0,1,0,2,19,1,5,0,0,0,1,0,0,0,0,1,10,17
2024332400978,2024,332400978,460140,300845,-1.11346,52.60207,3,3,4,11:45,-1,E06000016,6,0,1,0,1,19,9,9,0,0,0,1,0,0,0,0,1,10,16
2024332400979,2024,332400979,462990,306820,-1.07024,52.65546,3,3,6,13:00,-1,E06000016,6,0,1,0,1,19,8,4,0,0,0,1,0,0,0,0,0,10,18
2024332400980,2024,332400980,462905,311775,-1.07056,52.70001,3,3,6,11:46,-1,E07000130,5,0,1,0,1,"[9, 19]","[6, 2]","[4, 6]",0,"[7, 0]",0,1,0,1,0,0,0,10,18
2024332400981,2024,332400981,457465,308018,-1.1517,52.66684,2,2,6,16:15,-1,E06000016,3,0,1,0,1,"[5, 19]","[3, 1]","[7, 5]",0,0,0,1,1,0,0,0,0,10,18
2024332400982,2024,332400982,459040,313120,-1.1275,52.71253,2,2,5,13:49,-1,E07000130,5,0,1,0,2,"[9, -1]","[1, 5]","[7, 1]",0,0,0,1,1,0,0,0,0,10,17
2024332400983,2024,332400983,474025,287345,-0.91148,52.47902,2,2,6,19:15,-1,E07000131,5,2,1,1,1,19,"[5, 1]","[1, 5]",0,"[0, 7]",0,1,1,0,0,0,0,10,18
2024332400984,2024,332400984,443060,295700,-1.36629,52.55744,1,"[1, 2]",6,22:18,-1,E07000132,3,2,1,1,1,19,"[7, 3]","[3, 7]","[0, 7]","[0, 1]","[0, 10]",1,0,0,0,0,0,10,18
2024332400985,2024,332400985,459218,305180,-1.12629,52.64114,3,3,7,13:38,-1,E06000016,6,0,1,0,1,"[19, 9]","[1, 7]",5,0,0,0,1,0,0,0,0,0,10,19
2024332400986,2024,332400986,455335,295330,-1.18531,52.55301,3,3,7,16:18,-1,E07000129,1,0,1,0,2,19,1,5,0,1,0,1,0,0,0,0,0,10,19
2024332400987,2024,332400987,460755,303340,-1.10392,52.62443,3,3,5,16:08,-1,E06000016,5,0,1,0,1,19,"[7, 5]","[3, 1]",0,0,0,0,1,0,1,0,0,10,17
2024332400988,2024,332400988,457450,304410,-1.15255,52.63441,3,3,1,12:59,-1,E06000016,5,0,2,1,1,"[3, 19]",5,1,0,0,0,1,0,0,0,0,0,10,20
2024332400989,2024,332400989,464537,293770,-1.04992,52.53798,3,3,1,09:25,-1,E07000131,6,0,2,1,2,"[2, 14]","[0, 2]","[0, 6]",0,"[1, 0]",0,1,0,0,0,0,0,10,20
2024332400991,2024,332400991,456860,302450,-1.16161,52.61685,3,3,1,22:35,-1,E06000016,3,2,8,0,1,"[19, 12]",6,2,0,0,0,1,0,0,0,0,0,10,20
2024332400992,2024,332400992,457465,304813,-1.15226,52.63803,2,2,5,08:35,-1,E06000016,6,0,1,0,1,"[2, 19]","[0, 7]","[0, 3]",0,0,0,1,1,0,0,0,0,10,17
2024332400993,2024,332400993,459725,306060,-1.11864,52.64899,3,3,5,17:05,-1,E06000016,6,0,1,0,1,19,1,5,0,0,0,1,0,0,0,0,1,10,17
2024332400994,2024,332400994,447535,328260,-1.2956,52.84975,3,3,6,12:30,-1,E07000134,1,0,1,0,2,"[19, 12]",1,5,0,0,0,1,0,0,0,0,0,10,18
2024332400995,2024,332400995,459900,300567,-1.11705,52.5996,3,3,2,07:29,-1,E06000016,3,0,1,0,1,"[19, 6]",2,"[6, 2]",0,0,0,1,0,1,0,0,0,10,21
2024332400996,2024,332400996,431735,311000,-1.53187,52.69576,2,2,1,20:00,-1,E07000134,5,2,1,1,2,"[19, 5]","[2, 5]","[6, 1]",0,0,0,1,0,0,0,0,0,10,20
2024332400997,2024,332400997,448555,294935,-1.28536,52.5501,3,3,2,12:00,-1,E07000129,4,0,1,0,2,"[19, 13]","[8, 4]","[4, 8]",0,0,0,1,0,1,0,0,0,10,21
2024332400998,2024,332400998,462775,290695,-1.07647,52.51054,3,3,1,13:00,-1,E07000131,3,0,2,1,2,19,"[6, 8]","[2, 4]",0,"[0, 1]","[0, 9]",1,0,0,0,0,0,10,20
2024332400999,2024,332400999,454930,304505,-1.18977,52.63552,2,2,2,17:52,-1,E06000016,6,0,1,0,1,19,"[5, 1]","[1, 5]",0,0,0,1,1,0,0,0,0,10,21
2024332401000,2024,332401000,472555,317372,-0.92655,52.74911,2,2,2,19:08,-1,E07000133,3,2,1,0,2,"[7, 19]","[4, 6]","[6, 2]",0,0,0,1,0,1,0,0,0,10,21
2024332401001,2024,332401001,454653,294740,-1.19547,52.54777,3,3,7,10:15,-1,E07000129,5,0,2,1,1,"[19, 5]",3,"[8, 6]",0,0,0,1,0,0,0,0,0,10,19
2024332401002,2024,332401002,464010,306240,-1.05528,52.65012,3,3,3,15:40,-1,E06000016,6,0,1,0,1,"[9, 19]","[3, 1]","[1, 5]",0,0,0,1,0,0,0,0,0,10,22
2024332401003,2024,332401003,455072,303280,-1.18787,52.6245,3,3,4,06:40,-1,E06000016,3,2,1,1,1,19,"[1, 5]","[5, 1]",0,"[0, 1]","[0, 4]",1,0,0,1,0,0,10,23
2024332401004,2024,332401004,441280,317630,-1.38981,52.75471,2,2,4,10:17,-1,E07000134,5,0,1,0,2,19,1,4,0,1,4,1,0,0,0,0,0,10,23
2024332401005,2024,332401005,450400,321830,-1.25405,52.79169,3,3,4,11:45,-1,E07000130,3,0,1,0,2,"[2, 19]","[0, 4]","[0, 8]",0,"[0, 1]","[0, 11]",1,0,0,0,0,0,10,23
2024332401006,2024,332401006,462545,314170,-1.07543,52.72157,3,3,3,23:58,-1,E07000130,3,2,1,0,2,19,5,1,0,"[1, 0]",0,1,0,0,0,0,0,10,22
2024332401007,2024,332401007,459968,305975,-1.11507,52.6482,3,3,6,21:08,-1,E06000016,5,2,1,0,1,"[10, 19]",2,"[8, 6]",0,0,0,1,0,0,0,0,0,10,18
2024332401008,2024,332401008,458365,302868,-1.13931,52.62045,2,2,5,06:35,-1,E06000016,6,2,7,1,1,19,8,4,0,0,0,1,0,0,0,0,1,10,24
2024332401009,2024,332401009,460880,308870,-1.10106,52.67412,3,3,5,18:05,-1,E07000130,3,2,1,0,1,19,2,6,10,4,2,1,0,0,0,0,0,10,24
2024332401010,2024,332401010,450783,321305,-1.24845,52.78694,3,3,5,19:50,-1,E07000130,3,2,1,0,2,"[11, 19]",5,1,0,0,0,1,0,1,0,0,0,10,24
2024332401011,2024,332401011,441110,303195,-1.39413,52.62497,3,3,5,19:50,-1,E07000132,5,2,1,1,2,19,"[7, 3]","[3, 7]",0,0,0,1,0,0,0,0,0,10,24
2024332401012,2024,332401012,470770,324620,-0.95142,52.81449,3,3,6,15:50,-1,E07000133,3,0,1,1,2,"[19, 11]",4,8,0,"[7, 0]","[9, 0]",1,0,0,1,0,0,10,25
2024332401013,2024,332401013,480155,309810,-0.81582,52.68007,2,"[3, 2]",7,16:20,-1,E07000133,5,0,1,1,2,19,"[7, 3]","[3, 7]",0,"[7, 1]","[9, 10]",1,0,0,0,0,0,10,26
2024332401014,2024,332401014,459225,305637,-1.12611,52.64525,2,2,7,21:48,-1,E06000016,3,2,1,0,2,19,"[1, 7]","[5, 3]",0,0,0,1,1,0,0,0,0,10,26
2024332401015,2024,332401015,460453,303760,-1.1083,52.62824,2,2,7,20:50,-1,E06000016,4,2,1,0,1,19,5,1,0,0,0,1,0,0,0,0,1,10,26
2024332401016,2024,332401016,459945,307180,-1.11519,52.65904,3,3,7,23:30,-1,E06000016,3,2,1,0,1,"[7, 2, 19]","[7, 0, 5]","[1, 0]",0,"[7, 0]","[10, 0]",1,0,0,0,0,0,10,26
2024332401017,2024,332401017,458770,307340,-1.13253,52.6606,3,3,1,05:58,-1,E06000016,3,2,1,0,1,19,5,1,0,1,4,1,0,0,0,0,0,10,27
2024332401018,2024,332401018,455310,300075,-1.18489,52.59566,3,3,1,12:50,-1,E07000129,4,0,1,0,2,19,"[4, 5]","[8, 1]",0,0,0,1,0,0,0,0,0,10,27
2024332401019,2024,332401019,454010,319233,-1.20095,52.768,3,3,2,00:11,-1,E07000130,3,2,2,1,1,"[9, 19]","[4, 8]","[2, 4]",0,0,0,1,0,0,0,0,0,10,28
2024332401020,2024,332401020,457975,300123,-1.14555,52.59582,3,3,1,17:50,-1,E06000016,3,0,2,1,1,"[8, 9, 19]","[5, 7, 3]","[7, 5]",0,0,0,1,0,0,1,0,0,10,27
2024332401021,2024,332401021,460303,306780,-1.10997,52.6554,3,3,4,18:12,-1,E06000016,5,2,1,0,1,"[9, 19]","[5, 7]",3,0,0,0,1,0,0,0,0,0,10,23
2024332401022,2024,332401022,460287,304055,-1.1107,52.63091,3,3,6,18:20,-1,E06000016,6,2,1,0,1,"[4, 99]","[5, 9]","[1, 9]",0,0,0,1,1,0,0,0,0,10,25
2024332401023,2024,332401023,456538,305095,-1.16591,52.64066,2,2,2,07:44,-1,E06000016,6,0,1,1,1,"[10, 19]","[2, 8]","[8, 4]",0,0,0,1,1,0,0,0,0,10,28
2024332401024,2024,332401024,449255,294330,-1.27513,52.5446,3,3,2,13:25,-1,E07000129,5,0,1,0,2,19,"[1, 6]","[5, 1]",0,0,0,1,0,0,0,0,0,10,28
2024332401025,2024,332401025,463540,304495,-1.06256,52.6345,2,2,2,17:34,-1,E06000016,6,0,1,0,1,2,0,0,0,7,11,1,0,0,0,0,1,10,28
2024332401026,2024,332401026,439000,315390,-1.42385,52.73475,1,1,2,22:15,-1,E07000134,3,2,2,1,2,"[19, 13]","[7, 3]","[3, 7]",0,"[0, 7]",0,1,0,1,0,0,0,10,28
2024332401027,2024,332401027,457737,303905,-1.1484,52.62984,3,3,5,23:30,-1,E06000016,3,2,1,0,1,"[9, 19]","[3, 5]",1,0,0,0,1,1,0,0,0,0,10,24
2024332401028,2024,332401028,456485,307560,-1.16627,52.66282,3,3,3,10:20,-1,E06000016,3,0,1,0,2,"[19, 3]",6,2,0,0,0,1,0,0,0,0,0,10,29
2024332401029,2024,332401029,452597,320100,-1.22175,52.77593,3,3,3,17:22,-1,E07000130,3,0,1,0,1,"[7, 19]",7,"[1, 3]",0,0,0,1,1,0,0,0,0,10,29
2024332401030,2024,332401030,447847,310650,-1.29353,52.69143,3,3,3,23:40,-1,E07000132,6,2,1,0,2,19,1,5,0,7,11,1,0,0,0,0,0,10,29
2024332401031,2024,332401031,454180,303550,-1.20101,52.62701,3,3,4,04:13,-1,E07000129,3,2,1,0,1,"[9, 19]","[8, 6]","[6, 2]","[7, 0]",0,0,1,0,0,0,0,0,10,30
2024332401032,2024,332401032,461765,303005,-1.08906,52.62131,3,3,3,08:56,-1,E06000016,4,0,1,1,1,"[19, 7]",3,"[7, 5]",0,0,0,1,1,0,0,0,0,10,29
2024332401033,2024,332401033,458310,313960,-1.13816,52.72016,3,3,3,15:30,-1,E07000130,5,0,1,0,1,19,5,1,0,0,0,1,0,0,0,0,1,10,29
2024332401035,2024,332401035,454455,319445,-1.19432,52.76986,3,3,4,22:30,-1,E07000130,5,2,1,0,1,19,2,6,0,0,0,1,0,0,0,0,1,10,23
2024332401036,2024,332401036,455785,308850,-1.1764,52.67449,3,3,4,18:05,-1,E06000016,3,2,2,1,2,"[4, 19]",5,1,0,0,0,1,0,0,0,0,0,10,30
2024332401037,2024,332401037,447310,297693,-1.30333,52.57501,3,3,4,18:32,-1,E07000132,6,2,1,1,1,"[19, 2]","[8, 0]","[4, 0]",0,"[7, 0]","[2, 0]",1,0,0,0,0,0,10,30