collision_index,collision_year,collision_ref_no,location_easting_osgr,location_northing_osgr,longitude,latitude,casualty_severity,casualty_severity,day_of_week,time,local_authority_district,local_authority_ons_district,first_road_class,light_conditions,weather_conditions,road_surface_conditions,urban_or_rural_area,vehicle_manoeuvre,vehicle_direction_from,vehicle_direction_to,hit_object_in_carriageway,vehicle_leaving_carriageway,hit_object_off_carriageway,is_car,is_cyle,is_mcyle,is_goodsv,is_other,is_pedestrian,month,day
2024332401038,2024,332401038,466230,294795,-1.02476,52.54699,3,3,5,12:50,-1,E07000131,5,0,1,1,2,13,4,8,0,7,9,1,0,0,0,0,0,10,31
2024332401039,2024,332401039,480425,334960,-0.80565,52.90607,2,2,4,09:00,-1,E07000133,5,0,1,0,2,19,"[6, 8]","[2, 4]",0,0,0,1,0,0,0,0,0,10,30
2024332401040,2024,332401040,459728,303595,-1.11904,52.62684,3,3,2,14:15,-1,E06000016,3,0,1,0,1,"[3, 19]",4,"[8, 6]",0,0,0,1,0,0,1,0,0,10,28
2024332401041,2024,332401041,459450,301850,-1.12346,52.61118,3,3,6,19:05,-1,E06000016,3,2,1,0,1,19,5,1,7,1,10,1,0,0,0,0,1,11,1
2024332401042,2024,332401042,463030,299880,-1.07098,52.59307,3,3,5,18:18,-1,E07000135,6,2,1,0,1,19,5,1,0,0,0,1,0,0,0,0,1,10,31
2024332401043,2024,332401043,456455,304810,-1.16718,52.63811,3,3,7,01:58,-1,E06000016,6,2,1,0,1,"[2, 19]","[0, 1]","[0, 5]",0,"[7, 0]",0,1,0,0,0,0,0,11,2
2024332401044,2024,332401044,464483,304150,-1.0487,52.63128,3,3,1,12:30,-1,E07000131,3,0,1,0,1,"[19, 9]","[3, 7, 5]","[7, 3]",0,0,0,1,0,1,0,0,0,11,3
2024332401045,2024,332401045,447125,311625,-1.30407,52.70026,3,3,7,18:00,-1,E07000132,3,2,1,0,2,"[11, 19]",3,7,0,0,0,1,0,0,0,0,0,11,2
2024332401046,2024,332401046,433585,312375,-1.50435,52.70801,3,3,4,14:25,-1,E07000134,5,0,1,0,2,19,"[6, 2]","[2, 6]","[4, 0]","[1, 0]",0,1,0,0,0,0,0,10,30
2024332401047,2024,332401047,451520,319045,-1.23788,52.76655,2,2,4,17:57,-1,E07000130,6,0,8,0,1,19,"[2, 6]","[6, 2]",0,0,0,0,1,0,0,0,0,10,30
2024332401048,2024,332401048,441640,316245,-1.38465,52.74223,3,3,2,15:15,-1,E07000134,6,0,1,0,1,19,"[7, 4]","[4, 8]",0,0,0,1,1,0,0,0,0,11,4
2024332401049,2024,332401049,476160,324430,-0.87151,52.81205,3,3,3,09:10,-1,E07000133,5,0,1,0,2,19,"[1, 4]","[4, 1]",0,0,0,1,0,0,0,0,0,11,5
2024332401050,2024,332401050,461610,305323,-1.09092,52.64216,3,3,3,19:46,-1,E06000016,3,2,1,0,1,19,7,3,0,0,0,0,1,0,0,0,1,11,5
2024332401051,2024,332401051,471888,323843,-0.93501,52.80736,2,"[2, 3]",4,06:28,-1,E07000133,3,2,7,1,2,19,"[4, 6]","[8, 2]",0,"[0, 1]",0,1,0,0,0,0,0,11,6
2024332401052,2024,332401052,453730,303010,-1.20774,52.6222,2,2,1,07:01,-1,E07000129,1,2,1,0,1,19,1,5,0,"[1, 0]",0,1,0,0,0,0,0,11,3
2024332401053,2024,332401053,486140,293040,-0.73168,52.52843,3,3,4,13:38,-1,E07000131,5,0,1,0,2,19,"[6, 2]","[2, 6]","[10, 0]",0,0,1,0,0,1,0,0,11,6
2024332401054,2024,332401054,458425,307905,-1.13753,52.66572,2,2,4,17:27,-1,E06000016,3,2,1,0,1,19,3,7,0,0,0,0,0,1,0,0,1,11,6
2024332401055,2024,332401055,457432,303290,-1.15301,52.62434,3,3,4,18:32,-1,E06000016,3,2,1,0,1,19,6,2,0,0,0,1,0,0,0,0,1,11,6
2024332401056,2024,332401056,456940,313485,-1.15852,52.71603,3,3,3,08:10,-1,E07000130,5,0,1,0,1,19,"[3, 5]","[7, 1]",0,0,0,1,0,0,0,0,0,11,5
2024332401057,2024,332401057,460618,318587,-1.10314,52.7615,2,"[3, 2]",4,09:00,-1,E07000130,5,0,8,0,2,19,"[6, 4]","[2, 8]",0,"[1, 3]","[1, 9]",1,0,0,0,0,0,11,6
2024332401058,2024,332401058,458390,304788,-1.1386,52.63771,2,2,1,14:18,-1,E06000016,3,0,1,0,1,"[7, 19]","[3, 5]","[5, 1]",0,0,0,1,0,0,0,0,0,11,10
2024332401059,2024,332401059,460735,304450,-1.10401,52.63441,2,2,7,19:00,-1,E06000016,4,2,1,0,1,"[9, 19]","[3, 1]","[1, 5]",0,0,0,1,1,0,0,0,0,11,9
2024332401060,2024,332401060,454410,298490,-1.19844,52.58151,3,3,2,07:00,-1,E07000129,1,2,1,0,1,19,5,1,0,1,7,1,0,0,0,0,0,11,11
2024332401061,2024,332401061,459025,305225,-1.12914,52.64157,3,3,4,16:35,-1,E06000016,3,2,1,0,1,19,"[1, 7]","[5, 3]",0,0,0,0,0,1,0,0,0,11,6
2024332401062,2024,332401062,443300,297875,-1.36247,52.57697,3,3,2,17:15,-1,E07000132,3,2,1,0,2,"[19, 3]","[6, 2]","[2, 6]",0,0,0,1,0,1,0,0,0,11,11
2024332401063,2024,332401063,453938,305965,-1.20419,52.64875,3,3,2,15:35,-1,E07000129,6,0,1,0,1,19,"[5, 3]","[1, 7]",0,0,0,1,1,0,0,0,0,11,11
2024332401064,2024,332401064,458517,303715,-1.13691,52.62805,2,2,2,00:30,-1,E06000016,6,2,1,0,1,"[4, 1]","[1, 5]","[5, 1]",0,0,0,1,0,0,0,0,0,11,11
2024332401065,2024,332401065,442055,294980,-1.38121,52.55105,3,3,3,17:30,-1,E07000132,6,2,1,0,1,19,"[3, 6]","[7, 2]",0,0,0,1,1,0,0,0,0,11,12
2024332401066,2024,332401066,452365,319456,-1.22529,52.77017,2,2,2,10:46,-1,E07000130,3,0,1,0,1,5,1,5,0,0,0,1,0,0,0,0,1,11,11
2024332401067,2024,332401067,457695,305485,-1.14874,52.64405,2,2,2,23:10,-1,E06000016,3,2,1,0,1,19,"[1, 7]","[6, 3]",0,0,0,1,0,0,0,0,0,11,11
2024332401068,2024,332401068,456975,307860,-1.15898,52.66547,2,2,1,16:45,-1,E06000016,3,2,1,0,1,19,"[8, 6]","[4, 2]",0,0,0,1,1,0,0,0,0,11,3
2024332401069,2024,332401069,462735,314835,-1.07249,52.72753,3,3,4,09:28,-1,E07000130,3,0,1,0,2,"[19, 7]",5,"[1, 8]",0,"[0, 1]","[0, 11]",0,0,0,1,0,0,11,13
2024332401070,2024,332401070,449035,321560,-1.27433,52.78939,3,3,5,00:10,-1,E07000130,5,2,1,1,2,19,5,2,0,7,9,1,0,0,0,0,0,11,14
2024332401071,2024,332401071,444120,293010,-1.35102,52.53318,3,3,3,12:07,-1,E07000132,5,0,1,0,1,19,"[5, 7]","[1, 3]",0,0,0,1,0,0,0,0,0,11,12
2024332401072,2024,332401072,458740,301695,-1.13398,52.60987,2,2,5,09:30,-1,E06000016,5,0,1,1,1,19,3,7,0,0,0,1,0,0,0,0,1,11,14
2024332401073,2024,332401073,463240,316570,-1.06468,52.74307,3,3,5,11:28,-1,E07000130,3,0,1,1,2,"[9, 19]","[7, 1]",5,0,0,0,1,0,0,0,0,0,11,14
2024332401074,2024,332401074,452480,319548,-1.22357,52.77098,3,3,6,13:40,-1,E07000130,3,0,1,0,1,19,7,3,0,0,0,1,0,0,0,0,1,11,15
2024332401075,2024,332401075,460670,299165,-1.10594,52.58691,3,3,6,18:05,-1,E07000135,6,2,1,0,1,"[5, 19]","[7, 1]","[3, 5]",0,0,0,1,1,0,0,0,0,11,15
2024332401076,2024,332401076,458400,300975,-1.13912,52.60343,2,2,6,14:59,-1,E06000016,4,0,1,0,1,19,"[7, 1]","[3, 5]",0,0,0,1,0,0,0,0,0,11,15
2024332401077,2024,332401077,441920,305630,-1.38185,52.64679,3,3,7,00:15,-1,E07000132,5,2,1,0,2,"[2, 19]","[0, 3]","[0, 7]",0,"[0, 1]",0,1,0,0,0,0,0,11,16
2024332401078,2024,332401078,460445,313730,-1.1066,52.71786,3,3,7,01:50,-1,E07000130,5,2,1,1,1,"[2, 19]","[0, 5]","[0, 1]",0,"[0, 1]","[0, 11]",1,0,0,0,0,0,11,16
2024332401079,2024,332401079,453345,303325,-1.21338,52.62507,3,3,7,12:45,-1,E07000129,3,0,1,0,1,"[4, 19]",3,7,0,0,0,1,0,0,0,0,0,11,16
2024332401080,2024,332401080,465735,296920,-1.03164,52.56615,2,2,1,08:33,-1,E07000131,3,0,1,1,2,"[5, 19]",8,4,0,"[4, 0]","[6, 0]",1,0,1,0,0,0,11,17
2024332401081,2024,332401081,461765,305315,-1.08863,52.64207,2,2,1,19:20,-1,E06000016,3,2,1,1,1,19,3,7,0,0,0,1,0,0,0,0,1,11,17
2024332401082,2024,332401082,449485,293350,-1.27188,52.53577,3,3,1,19:50,-1,E07000129,4,2,2,1,2,19,"[7, 4]","[4, 8]",0,"[7, 0]","[9, 0]",1,0,0,0,0,0,11,17
2024332401083,2024,332401083,440030,315270,-1.40862,52.73359,3,3,2,22:43,-1,E07000134,3,2,2,1,2,"[19, 3]","[4, 3]",7,0,0,0,1,0,0,0,0,0,10,28
2024332401084,2024,332401084,456465,306520,-1.16674,52.65348,3,3,1,21:15,-1,E06000016,6,2,1,1,1,"[19, 2]","[5, 0]","[1, 0]",0,0,0,1,0,0,1,0,1,11,17
2024332401085,2024,332401085,435670,316860,-1.47301,52.74819,2,2,2,12:21,-1,E07000134,6,0,1,0,1,"[2, 5]","[0, 5]","[0, 1]",0,"[0, 1]","[0, 11]",1,0,0,0,0,0,11,18
2024332401086,2024,332401086,455955,302605,-1.17494,52.61834,3,3,4,17:00,-1,E06000016,6,2,1,0,1,19,9,9,0,0,0,1,1,0,0,0,0,11,13
2024332401087,2024,332401087,456990,297183,-1.16059,52.56949,3,3,4,08:30,-1,E07000129,6,0,1,0,1,1,3,7,0,0,0,1,0,0,0,0,1,11,13
2024332401088,2024,332401088,459605,304163,-1.12076,52.63196,2,2,3,08:18,-1,E06000016,5,0,3,1,1,9,2,8,0,0,0,1,0,0,0,0,1,11,19
2024332401089,2024,332401089,450218,314075,-1.25793,52.722,3,3,2,21:40,-1,E07000130,5,2,3,2,2,19,8,4,0,3,4,1,0,0,0,0,0,11,18
2024332401091,2024,332401091,442580,294405,-1.37354,52.54584,2,2,4,13:43,-1,E07000132,6,0,1,0,1,19,2,6,0,0,0,1,0,0,0,0,1,11,20
2024332401092,2024,332401092,460320,306285,-1.10981,52.65095,3,3,4,15:25,-1,E06000016,5,0,1,0,1,19,2,6,0,0,0,1,0,0,0,0,0,11,20
2024332401093,2024,332401093,456715,302110,-1.16381,52.61381,3,3,4,19:20,-1,E06000016,6,2,1,2,1,"[20, 19]","[0, 4]","[0, 8]",0,0,0,1,0,0,0,0,0,11,20
2024332401094,2024,332401094,435485,316650,-1.47577,52.74631,3,3,5,00:01,-1,E07000134,5,2,8,2,1,11,3,7,0,1,11,1,0,0,0,0,0,11,21
2024332401095,2024,332401095,476720,316955,-0.86495,52.74478,2,2,5,10:30,-1,E07000133,3,0,1,0,2,"[9, 19]","[2, 8]","[8, 4]",0,0,0,1,1,0,0,0,0,11,14
2024332401096,2024,332401096,455248,299497,-1.1859,52.59047,3,3,2,06:15,-1,E07000129,6,2,2,1,2,"[9, 19]","[5, 1]","[4, 5]",0,"[1, 0]",0,1,1,0,0,0,0,11,18
2024332401097,2024,332401097,497263,311443,-0.56236,52.69195,3,3,5,06:35,-1,E06000017,6,2,1,2,2,19,8,4,0,1,3,1,0,0,0,0,0,11,21
2024332401098,2024,332401098,461070,304005,-1.09914,52.63037,2,2,4,15:00,-1,E06000016,6,0,1,0,1,19,9,9,0,0,0,1,0,0,0,0,1,11,13
2024332401099,2024,332401099,439900,298713,-1.41254,52.58477,2,2,4,16:30,-1,E07000132,5,2,1,1,2,19,"[3, 5]","[7, 1]",0,"[0, 3]",0,1,0,0,0,0,0,11,20
2024332401100,2024,332401100,460340,306305,-1.10951,52.65113,3,3,4,19:45,-1,E06000016,5,2,1,0,1,"[10, 19]",2,"[8, 6]",0,0,0,1,0,1,0,0,0,11,13
2024332401101,2024,332401101,456613,306047,-1.16464,52.64921,3,3,6,16:00,-1,E06000016,3,0,1,0,1,"[7, 19]","[2, 8]",4,0,0,0,1,1,0,0,0,0,11,15
2024332401102,2024,332401102,457085,300130,-1.15868,52.59598,3,3,5,15:00,-1,E06000016,3,0,1,0,1,"[4, 19]",3,7,0,0,0,1,0,0,0,0,0,11,21
2024332401103,2024,332401103,446330,297750,-1.31778,52.5756,3,3,5,17:30,-1,E07000132,5,2,8,2,1,"[19, 5]","[7, 3]","[3, 7]",0,0,0,1,0,0,0,0,0,11,21
2024332401104,2024,332401104,446250,297745,-1.31896,52.57556,3,3,5,01:20,-1,E07000132,5,2,1,1,1,"[2, 19]","[0, 3]","[0, 7]",0,"[0, 7]","[0, 11]",1,0,0,0,0,0,11,14
2024332401105,2024,332401105,459580,303685,-1.12121,52.62766,2,2,2,10:12,-1,E06000016,5,0,2,1,1,14,2,6,0,0,0,1,0,0,0,0,1,11,18
2024332401106,2024,332401106,461120,301080,-1.09895,52.60408,2,2,6,16:40,-1,E06000016,3,2,1,0,1,"[4, 19]",3,7,0,0,0,1,0,0,0,0,0,11,15
2024332401107,2024,332401107,457190,300730,-1.15703,52.60136,3,3,6,15:37,-1,E06000016,3,0,1,0,1,19,6,2,0,0,0,1,0,0,0,0,1,11,22
2024332401108,2024,332401108,443920,313400,-1.35126,52.71648,2,2,6,17:40,-1,E07000134,3,2,1,2,1,"[19, 9]","[8, 2]","[4, 8]",0,0,0,1,0,0,0,0,0,11,22
2024332401109,2024,332401109,475115,287125,-0.89549,52.47689,3,3,6,17:00,-1,E07000131,3,2,8,2,2,"[19, 13]","[1, 5]","[5, 1]",0,0,0,1,0,0,1,0,0,11,22
2024332401111,2024,332401111,460620,318585,-1.10311,52.76148,3,3,7,12:29,-1,E07000130,5,0,2,1,2,"[3, 19]","[8, 4, 6]","[4, 8, 2]",0,0,0,1,0,0,0,0,0,11,23
2024332401112,2024,332401112,435340,318430,-1.47773,52.76232,2,2,7,17:22,-1,E07000134,3,2,2,1,2,9,5,3,0,0,0,0,0,1,0,0,0,11,23
2024332401113,2024,332401113,455645,301650,-1.17968,52.60979,3,3,6,06:28,-1,E07000129,6,2,1,0,1,19,"[1, 7]","[5, 3]",0,0,0,1,1,0,0,0,0,11,15
2024332401114,2024,332401114,446000,289480,-1.32379,52.50129,3,3,2,11:00,-1,E07000129,3,0,1,0,2,"[7, 19]","[2, 8]",4,0,"[4, 0]","[6, 0]",1,0,0,0,0,0,11,25
2024332401115,2024,332401115,448200,309450,-1.28848,52.68061,3,3,4,15:35,-1,E07000132,1,0,1,0,2,"[12, 19]",1,5,0,0,0,1,0,0,0,0,0,11,20
2024332401118,2024,332401118,459380,305975,-1.12376,52.64827,2,2,2,16:52,-1,E06000016,3,2,1,0,1,9,3,1,0,0,0,1,0,0,0,0,1,11,25
2024332401119,2024,332401119,455690,300095,-1.17928,52.5958,3,3,2,20:46,-1,E07000129,6,2,1,0,1,19,5,1,0,0,0,1,0,0,0,0,0,11,25
2024332401120,2024,332401120,441155,293575,-1.39465,52.53849,3,3,2,21:10,-1,E07000132,6,2,1,0,1,"[2, 19]","[0, 8]","[0, 4]",0,"[0, 1]",0,1,0,0,0,0,0,11,25
2024332401121,2024,332401121,463585,312320,-1.06039,52.70482,3,3,3,05:58,-1,E07000130,5,2,1,0,1,"[19, 5]","[2, 4]","[6, 8]",0,0,0,1,0,1,0,0,0,11,26
2024332401122,2024,332401122,456168,304273,-1.17152,52.63331,3,3,5,06:36,-1,E06000016,3,2,1,0,1,19,9,9,0,0,0,1,1,0,0,0,0,11,21
2024332401124,2024,332401124,453970,307460,-1.20347,52.66218,3,3,4,12:00,-1,E07000132,3,0,1,1,2,"[19, 4]",2,6,0,"[0, 1]",0,1,0,0,0,0,0,11,27
2024332401125,2024,332401125,443495,291090,-1.36048,52.51597,3,3,4,17:20,-1,E07000132,3,2,1,1,2,"[5, 7]","[8, 1]",4,0,0,0,1,0,1,0,0,0,11,27
2024332401126,2024,332401126,459280,304980,-1.12541,52.63934,3,3,3,14:00,-1,E06000016,3,0,1,0,1,19,"[8, 4]","[4, 8]",0,0,0,1,1,0,0,0,0,11,26
2024332401127,2024,332401127,461175,297875,-1.09872,52.57526,3,3,5,10:20,-1,E07000135,5,0,1,2,1,"[19, 9]","[7, 5]",3,0,0,0,1,0,0,0,0,0,11,28
2024332401128,2024,332401128,460915,301957,-1.10181,52.61198,3,3,5,14:47,-1,E06000016,3,0,1,1,1,"[5, 19]","[6, 4]","[2, 8]",0,0,0,1,0,0,0,0,0,11,28
2024332401129,2024,332401129,453575,297430,-1.21093,52.57206,3,3,5,15:05,-1,E07000129,4,0,1,1,1,"[9, 19]","[4, 2]","[2, 6]",0,0,0,1,0,0,0,0,0,11,28
2024332401130,2024,332401130,459485,304770,-1.12242,52.63743,3,3,7,15:20,-1,E06000016,3,0,1,0,1,19,2,6,0,0,0,1,0,0,0,0,0,11,23
2024332401132,2024,332401132,461380,309960,-1.09346,52.68387,3,3,6,07:50,-1,E07000130,3,0,1,1,1,"[12, 19]",4,8,0,0,0,1,0,0,0,0,0,11,29
2024332401134,2024,332401134,448555,314885,-1.28243,52.72943,3,3,6,20:18,-1,E07000134,1,2,1,0,2,"[12, 19]",5,1,"[2, 0]","[5, 0]",0,1,0,0,1,0,0,11,29
2024332401135,2024,332401135,458550,301595,-1.1368,52.60899,3,3,6,18:30,-1,E06000016,4,2,8,1,1,4,1,5,0,0,0,1,0,0,0,0,0,11,29
2024332401136,2024,332401136,461715,301990,-1.08999,52.61219,2,"[3, 2]",7,01:28,-1,E07000135,6,2,1,0,1,"[19, 13]","[5, 1]","[1, 5]",0,0,0,1,0,0,0,0,0,11,30
2024332401138,2024,332401138,458800,300800,-1.13325,52.60182,3,3,7,16:40,-1,E06000016,6,2,1,1,1,4,"[5, 1]","[1, 5]",0,0,0,1,0,1,0,0,0,11,30
2024332401139,2024,332401139,443090,301040,-1.36516,52.60544,3,3,1,13:15,-1,E07000132,3,0,1,1,2,19,5,1,0,0,0,1,0,0,0,0,0,12,1
2024332401140,2024,332401140,462570,306835,-1.07645,52.65564,3,3,1,13:30,-1,E06000016,3,0,1,1,2,"[19, 4]",4,8,0,0,0,1,0,0,0,0,0,12,1
2024332401141,2024,332401141,458750,298730,-1.13435,52.58321,3,3,1,13:13,-1,E07000135,6,0,1,1,1,19,"[7, 1]","[3, 5]",0,0,0,1,1,0,0,0,0,12,1
2024332401142,2024,332401142,457700,303820,-1.14896,52.62908,3,3,7,20:00,-1,E06000016,3,2,1,0,1,19,5,1,0,0,0,1,0,0,0,0,1,11,30
2024332401143,2024,332401143,452615,319620,-1.22156,52.77162,3,3,1,19:56,-1,E07000130,3,2,1,1,1,"[19, 7]","[2, 4]",6,0,0,0,1,0,0,0,0,0,12,1
2024332401145,2024,332401145,459966,301828,-1.11585,52.61093,3,3,2,10:30,-1,E06000016,6,0,2,1,1,"[19, 5]","[5, 3]","[1, 7]",0,0,0,1,0,0,0,0,0,12,2
2024332401146,2024,332401146,453300,303960,-1.21394,52.63079,3,3,2,17:30,-1,E07000129,1,2,2,1,2,"[11, 19]",8,4,0,0,0,0,0,1,1,0,0,12,2
2024332401147,2024,332401147,443150,295140,-1.36504,52.5524,3,3,2,17:08,-1,E07000132,6,2,1,1,1,"[9, 19]","[5, 7]",3,0,1,"[7, 4]",1,0,0,0,0,0,12,2
2024332401148,2024,332401148,469840,311365,-0.96804,52.69547,3,3,3,06:50,-1,E07000133,5,2,1,0,2,"[5, 19]","[7, 5]","[3, 1]",0,0,0,1,0,1,0,0,0,11,26
2024332401149,2024,332401149,440487,310687,-1.40241,52.69236,2,2,5,17:00,-1,E07000134,3,2,1,0,2,19,"[7, 5]","[3, 1]",0,0,0,1,0,1,0,0,0,11,28
2024332401150,2024,332401150,454925,304315,-1.18987,52.63382,3,3,5,15:25,-1,E06000016,3,0,1,1,1,"[19, 4]",5,1,0,0,0,1,0,0,0,0,0,11,28
2024332401151,2024,332401151,465460,314605,-1.03219,52.72514,3,3,5,08:45,-1,E07000130,5,0,1,2,2,"[8, 19]",7,"[1, 3]",0,0,0,1,0,0,0,0,0,11,28
2024332401152,2024,332401152,435355,318407,-1.47751,52.76212,3,3,6,15:30,-1,E07000134,3,0,1,0,2,"[3, 19]",3,7,0,0,0,1,0,0,0,0,0,11,29
2024332401153,2024,332401153,454215,319480,-1.19787,52.7702,3,3,3,07:50,-1,E07000130,3,2,1,0,1,"[9, 19]","[1, 5]","[7, 1]",0,0,0,1,1,0,0,0,0,12,3
2024332401154,2024,332401154,446945,329810,-1.30413,52.86373,3,3,1,17:15,-1,E07000134,1,2,2,1,2,19,5,1,0,0,0,1,0,0,1,0,0,11,24
2024332401155,2024,332401155,445430,289820,-1.33214,52.50439,2,2,3,10:00,-1,E07000132,3,0,1,0,2,"[19, 9]","[4, 6]","[8, 4]",0,0,0,1,0,0,0,0,0,12,3
2024332401156,2024,332401156,458277,300040,-1.1411,52.59504,3,3,6,18:19,-1,E06000016,4,2,1,0,1,"[10, 19]",1,"[7, 5]",0,0,0,1,0,0,0,0,0,11,22
2024332401157,2024,332401157,454570,285505,-1.1982,52.46477,3,3,3,17:15,-1,E07000131,3,2,1,0,2,"[19, 9]","[1, 3]","[5, 1]",0,"[7, 0]","[11, 0]",1,0,0,0,0,1,12,3
2024332401158,2024,332401158,456875,304685,-1.161,52.63694,3,3,3,18:25,-1,E06000016,6,2,8,0,1,"[9, 19]","[1, 5]","[7, 1]",0,0,0,1,1,0,0,0,0,12,3
2024332401159,2024,332401159,460895,307890,-1.10101,52.66531,3,3,4,03:51,-1,E06000016,6,2,1,1,1,19,7,1,0,0,0,0,1,1,0,0,0,12,4
2024332401160,2024,332401160,445895,303745,-1.32337,52.62953,2,2,3,17:00,-1,E07000132,4,2,1,0,2,"[5, 19]","[9, 3]","[9, 7]",0,0,0,1,0,1,0,0,0,11,19
2024332401161,2024,332401161,461275,310130,-1.09498,52.68541,3,3,6,12:55,-1,E07000130,3,0,1,0,2,"[11, 19]",5,1,0,0,0,1,0,0,0,0,0,11,29
2024332401162,2024,332401162,448940,318295,-1.27622,52.76005,3,3,3,09:14,-1,E07000130,3,0,1,0,2,"[19, 12]","[3, 7]","[7, 1, 3]",0,"[0, 1]",0,1,0,0,1,0,0,12,3
2024332401163,2024,332401163,442778,302135,-1.36962,52.61531,1,1,5,12:36,-1,E07000132,3,0,1,0,2,19,"[1, 5]","[5, 1]",0,0,0,1,0,0,1,0,0,11,21
2024332401164,2024,332401164,449550,321960,-1.26663,52.79294,3,3,4,15:00,-1,E07000130,5,0,1,0,2,"[1, 19]","[2, 6]","[6, 2]",0,0,0,1,0,0,0,0,0,12,4
2024332401165,2024,332401165,461255,305320,-1.09617,52.64217,3,3,4,18:15,-1,E06000016,3,2,2,1,1,"[19, 9]","[7, 1]","[3, 7]",0,0,0,1,0,0,0,0,0,12,4
2024332401166,2024,332401166,452730,320445,-1.21972,52.77902,2,2,4,22:22,-1,E07000130,3,2,2,1,1,"[9, 19]","[8, 4]","[6, 8]",0,0,0,1,1,0,0,0,0,12,4
2024332401167,2024,332401167,458010,305355,-1.14411,52.64284,3,3,5,09:07,-1,E06000016,3,0,1,1,1,19,"[4, 8]","[8, 4]",0,0,0,1,0,0,0,0,0,12,5
2024332401168,2024,332401168,458120,305120,-1.14253,52.64072,2,2,7,17:15,-1,E06000016,3,2,2,1,1,"[19, 9]","[5, 1]","[1, 5, 3]",0,0,0,1,1,0,0,0,0,11,23
2024332401169,2024,332401169,459437,299742,-1.12403,52.59224,3,3,2,08:40,-1,E07000135,4,0,1,1,1,"[19, 9]","[4, 2]",8,0,0,0,1,0,0,0,0,0,12,2
2024332401170,2024,332401170,458415,304190,-1.13833,52.63233,3,3,2,09:55,-1,E06000016,3,0,2,1,1,"[11, 19]",5,1,0,0,0,1,0,0,0,0,0,12,2
2024332401171,2024,332401171,446675,311735,-1.31071,52.70128,2,2,6,07:30,-1,E07000132,3,2,1,0,2,5,7,3,0,1,0,1,0,0,0,0,0,12,6
2024332401172,2024,332401172,456190,308485,-1.17047,52.67117,3,3,6,09:00,-1,E06000016,6,0,8,0,1,19,8,4,0,0,0,1,0,0,0,0,0,12,6
2024332401173,2024,332401173,484725,310182,-0.74814,52.68272,3,3,6,12:00,-1,E06000017,4,0,1,0,2,"[9, 19]","[2, 4]",8,0,0,0,1,1,0,0,0,0,12,6
2024332401174,2024,332401174,443100,310870,-1.36373,52.6938,3,3,5,08:30,-1,E07000134,5,0,6,1,1,19,9,9,0,0,0,1,0,0,0,0,1,11,28
2024332401175,2024,332401175,460990,302515,-1.1006,52.61699,3,3,6,14:45,-1,E06000016,6,0,1,1,1,"[1, 2]","[6, 0]","[4, 0]",0,0,0,1,0,0,0,0,0,12,6
2024332401176,2024,332401176,487780,305185,-0.70429,52.63732,2,"[2, 3]",6,16:55,-1,E06000017,3,2,1,0,2,19,"[1, 6]","[6, 1]",0,0,0,1,0,0,0,0,0,12,6
2024332401177,2024,332401177,478525,319247,-0.83767,52.76512,3,3,7,19:52,-1,E07000133,4,2,1,1,2,19,"[7, 3]","[3, 7]",0,0,0,1,0,0,0,0,0,12,7
2024332401178,2024,332401178,472213,293465,-0.93683,52.53427,2,"[2, 3]",7,13:15,-1,E07000131,4,0,2,1,2,19,"[1, 5]","[5, 1]",0,0,0,1,0,0,0,0,0,12,7
2024332401179,2024,332401179,499755,307580,-0.52667,52.65678,2,2,1,00:01,-1,E06000017,3,2,5,1,2,19,7,3,0,0,0,1,0,0,0,0,1,12,8
2024332401180,2024,332401180,455105,283940,-1.19059,52.45065,3,3,3,17:55,-1,E07000131,1,2,1,0,2,"[3, 19]",1,5,0,0,0,1,0,0,0,0,0,12,3
2024332401182,2024,332401182,457580,303560,-1.15078,52.62675,3,3,2,18:30,-1,E06000016,3,2,2,1,1,19,5,1,0,0,0,1,0,0,0,0,1,12,9
2024332401183,2024,332401183,469670,293220,-0.97437,52.5324,1,"[2, 1, 3]",3,05:46,-1,E07000131,3,2,2,1,2,19,8,4,0,1,9,1,0,0,0,0,0,12,10
2024332401184,2024,332401184,457067,300175,-1.15894,52.59638,2,2,3,15:05,-1,E06000016,3,0,1,1,1,"[4, 5]",1,5,0,0,0,1,1,0,0,0,0,12,3
2024332401185,2024,332401185,454630,300150,-1.19492,52.59641,3,3,4,18:25,-1,E07000129,1,2,2,1,2,19,5,1,0,0,0,1,0,0,0,0,0,12,4
2024332401186,2024,332401186,461820,303562,-1.08815,52.62631,3,3,3,12:23,-1,E06000016,3,0,1,0,1,"[9, 19]","[5, 3]","[3, 7]",0,0,0,1,0,0,0,0,0,12,10
2024332401187,2024,332401187,457862,320852,-1.14358,52.78216,3,3,3,18:30,-1,E07000130,4,2,1,1,2,"[9, 19]","[3, 8]","[8, 4]",0,0,0,1,0,0,0,0,0,12,10
2024332401188,2024,332401188,445060,327515,-1.33245,52.84327,2,"[3, 2]",2,16:30,-1,E07000134,5,2,2,1,2,"[2, 19, 9]","[0, 3, 1]","[0, 7]",0,0,0,1,0,0,0,0,0,12,9
2024332401189,2024,332401189,447853,303350,-1.2945,52.62581,3,3,6,16:00,-1,E07000132,4,2,1,0,2,"[9, 19]","[3, 7]","[1, 3]",0,0,0,1,0,0,0,0,0,12,6