collision_index,collision_year,collision_ref_no,location_easting_osgr,location_northing_osgr,longitude,latitude,casualty_severity,casualty_severity,day_of_week,time,local_authority_district,local_authority_ons_district,first_road_class,light_conditions,weather_conditions,road_surface_conditions,urban_or_rural_area,vehicle_manoeuvre,vehicle_direction_from,vehicle_direction_to,hit_object_in_carriageway,vehicle_leaving_carriageway,hit_object_off_carriageway,is_car,is_cyle,is_mcyle,is_goodsv,is_other,is_pedestrian,month,day
2024340NN0772,2024,340NN0772,491832,272564,-0.65342,52.34347,3,3,5,12:45,-1,E06000061,3,0,1,0,2,"[3, 19]",5,1,0,0,0,1,0,0,0,0,0,3,7
2024340NN0782,2024,340NN0782,490880,269701,-0.66816,52.3179,2,2,1,06:00,-1,E06000061,3,0,2,1,2,19,2,6,0,1,11,1,0,0,0,0,0,3,10
2024340NN0792,2024,340NN0792,484944,264694,-0.75648,52.27385,2,2,2,09:02,-1,E06000061,3,0,1,0,2,"[5, 15, 3]","[1, 6]","[5, 2]",0,"[0, 1]",0,1,0,0,1,0,0,3,11
2024340NN0802,2024,340NN0802,491816,278589,-0.652,52.39763,3,3,2,17:00,-1,E06000061,5,0,1,0,2,19,6,2,0,1,9,1,0,0,0,0,0,3,11
2024340NN0812,2024,340NN0812,489276,283273,-0.68808,52.44014,3,3,2,20:18,-1,E06000061,3,2,1,0,2,"[9, 13]",6,"[4, 2]",0,"[7, 0]",0,1,0,0,0,0,0,3,11
2024340NN0822,2024,340NN0822,486767,275939,-0.72687,52.37463,2,2,6,16:33,-1,E06000061,6,0,1,0,2,19,2,6,0,0,0,1,0,0,0,0,1,3,15
2024340NN0832,2024,340NN0832,490363,267479,-0.67634,52.29801,3,3,6,19:32,-1,E06000061,4,2,1,0,1,"[19, 9]","[3, 5]","[7, 3]",0,0,0,1,0,0,0,0,0,3,15
2024340NN0842,2024,340NN0842,486199,282181,-0.73361,52.43082,3,3,2,15:47,-1,E06000061,3,0,1,0,2,"[19, 15]",6,2,0,0,0,1,0,0,0,0,0,3,11
2024340NN0852,2024,340NN0852,501927,273635,-0.50496,52.35132,2,"[2, 3]",1,12:50,-1,E06000061,4,0,1,1,2,19,2,6,0,7,3,1,0,0,0,0,0,3,17
2024340NN0862,2024,340NN0862,491077,287229,-0.66051,52.4754,3,3,7,23:30,-1,E06000061,3,2,2,1,2,"[11, 19]",5,1,0,0,0,1,0,0,1,0,0,3,16
2024340NN0872,2024,340NN0872,487003,279905,-0.72238,52.41024,3,3,3,16:40,-1,E06000061,6,0,1,0,1,1,3,7,0,7,11,1,0,0,0,0,0,3,19
2024340NN0882,2024,340NN0882,500352,273189,-0.52821,52.3476,3,3,4,18:00,-1,E06000061,4,0,1,0,2,19,4,8,0,0,0,1,0,0,0,0,1,3,20
2024340NN0892,2024,340NN0892,496334,295773,-0.58066,52.55129,3,3,6,09:20,-1,E06000061,3,0,8,1,2,"[10, 19]",2,6,0,"[0, 1]","[0, 1]",1,0,0,0,0,0,3,22
2024340NN0902,2024,340NN0902,487129,279454,-0.72065,52.40617,3,3,6,15:30,-1,E06000061,6,0,1,0,1,"[19, 2]","[2, 8, 0]","[6, 4, 0]",0,"[7, 0]","[1, 0]",1,0,0,0,0,0,3,22
2024340NN0912,2024,340NN0912,483644,280177,-0.77168,52.41321,3,3,3,21:20,-1,E06000061,3,2,2,1,2,19,7,3,10,1,4,1,0,0,0,0,0,3,26
2024340NN0922,2024,340NN0922,495624,272102,-0.5979,52.33867,3,3,7,10:30,-1,E06000061,6,0,1,0,2,"[2, -1]","[0, 7]","[0, 3]","[0, 4]",0,0,1,0,0,0,0,0,3,30
2024340NN0932,2024,340NN0932,489771,284317,-0.68052,52.44945,3,3,7,15:30,-1,E06000061,3,0,1,0,2,"[9, 19]","[5, 1]","[3, 5]",0,"[0, 7]",0,1,0,1,0,0,0,3,30
2024340NN0942,2024,340NN0942,487995,274821,-0.70913,52.36439,3,3,4,17:35,-1,E06000061,3,0,1,0,2,"[12, 13]",5,1,0,0,0,1,0,0,0,0,0,3,27
2024340NN0952,2024,340NN0952,500487,276353,-0.52528,52.37601,3,3,1,07:45,-1,E06000061,3,0,1,0,2,"[9, 19]",1,"[7, 5]",0,0,0,1,0,0,0,0,0,3,24
2024340NN0962,2024,340NN0962,499488,278633,-0.53927,52.39668,3,3,3,10:00,-1,E06000061,5,0,1,0,2,"[19, 20]",3,7,0,0,0,1,0,0,0,0,0,4,2
2024340NN0972,2024,340NN0972,476494,279154,-0.87701,52.40506,3,3,7,07:47,-1,E06000061,3,0,1,0,2,19,3,7,0,0,"[6, 0]",1,0,0,0,0,0,4,6
2024340NN0982,2024,340NN0982,493171,289982,-0.62892,52.49979,3,3,7,13:40,-1,E06000061,3,0,1,0,2,"[19, 4]",1,5,0,0,0,1,0,0,0,0,0,4,6
2024340NN0992,2024,340NN0992,482796,271930,-0.78618,52.33921,3,3,3,14:50,-1,E06000062,3,0,1,0,2,"[19, 14, 4]","[5, 1]","[1, 5]",0,0,0,1,0,0,0,0,0,4,2
2024340NN1002,2024,340NN1002,499090,272091,-0.54705,52.33796,3,3,1,12:00,-1,E06000061,4,0,1,0,2,"[5, 19]","[5, 3]","[1, 7]",0,0,0,1,0,0,0,0,0,4,7
2024340NN1012,2024,340NN1012,495759,269851,-0.59656,52.31842,3,3,2,17:43,-1,E06000061,3,0,1,0,2,19,6,2,10,0,10,1,0,0,0,0,0,4,8
2024340NN1022,2024,340NN1022,486101,278929,-0.73589,52.40161,3,3,1,18:50,-1,E06000061,3,0,1,0,1,"[19, 5]","[3, 5]","[7, 1]",0,0,0,1,1,0,0,0,0,4,28
2024340NN1032,2024,340NN1032,493285,267315,-0.63355,52.29605,2,2,4,17:30,-1,E06000061,3,0,1,1,2,19,3,7,0,0,0,1,0,0,0,0,0,4,10
2024340NN1042,2024,340NN1042,487748,277939,-0.71195,52.39245,3,3,3,10:55,-1,E06000061,3,0,1,0,1,19,1,5,0,0,0,0,0,0,0,0,1,4,9
2024340NN1052,2024,340NN1052,489823,266519,-0.68451,52.28947,3,3,6,19:15,-1,E06000061,6,0,1,0,1,"[8, 5]",8,4,0,"[0, 1]",0,1,0,0,0,0,0,4,12
2024340NN1062,2024,340NN1062,482856,275530,-0.78441,52.37156,3,3,1,23:35,-1,E06000061,3,2,1,0,2,"[19, 13]",5,1,0,"[0, 1]","[0, 4]",1,0,0,1,0,0,4,14
2024340NN1072,2024,340NN1072,504004,290815,-0.46914,52.50532,3,3,6,14:58,-1,E06000061,5,0,1,0,2,19,"[1, 3]","[5, 7]",0,"[2, 3]",11,1,0,0,0,0,0,4,19
2024340NN1082,2024,340NN1082,489833,273204,-0.68258,52.34956,3,3,6,17:20,-1,E06000061,5,0,1,0,2,"[9, 19]","[4, 1]","[1, 6]",0,0,0,1,0,0,0,0,0,4,19
2024340NN1092,2024,340NN1092,485982,284550,-0.73619,52.45215,3,3,7,18:00,-1,E06000061,3,0,1,0,2,19,1,5,0,"[1, 0]",0,1,0,0,0,0,0,4,20
2024340NN1102,2024,340NN1102,489397,290079,-0.68447,52.50129,3,3,1,14:35,-1,E06000061,6,0,1,0,1,"[2, 19]","[0, 4]","[0, 8]","[0, 4]",0,0,1,0,0,0,0,0,4,21
2024340NN1112,2024,340NN1112,488470,288251,-0.69861,52.48502,3,3,2,18:00,-1,E06000061,3,0,1,1,1,7,4,7,0,0,0,1,0,0,0,0,1,4,22
2024340NN1122,2024,340NN1122,495486,292029,-0.59424,52.51779,3,3,6,08:30,-1,E06000061,3,0,1,0,2,"[4, 19]",6,2,0,0,0,1,0,0,1,0,0,4,26
2024340NN1132,2024,340NN1132,497311,269082,-0.57402,52.31124,2,2,7,16:10,-1,E06000061,4,0,1,0,2,19,2,6,0,1,11,1,0,0,0,0,0,4,27
2024340NN1142,2024,340NN1142,482823,275080,-0.78501,52.36752,2,2,1,03:10,-1,E06000061,3,2,2,1,2,19,5,1,9,1,0,1,0,0,0,0,0,4,28
2024340NN1152,2024,340NN1152,482799,271948,-0.78613,52.33937,3,3,1,06:25,-1,E06000062,3,0,2,1,2,19,1,5,0,1,0,1,0,0,0,0,0,4,28
2024340NN1162,2024,340NN1162,482335,280272,-0.7909,52.41426,3,3,1,10:00,-1,E06000061,3,0,2,1,2,"[12, 19]",4,8,0,0,0,1,0,1,0,0,0,4,28
2024340NN1172,2024,340NN1172,487652,279178,-0.71303,52.4036,3,3,1,18:12,-1,E06000061,3,0,1,1,1,19,"[5, 3]","[1, 7]",0,0,0,1,0,1,0,0,0,4,28
2024340NN1182,2024,340NN1182,493132,267305,-0.63579,52.29599,3,3,2,18:00,-1,E06000061,3,0,1,0,2,"[5, 19]","[6, 4]","[2, 8]",0,0,0,1,0,1,0,0,0,4,29
2024340NN1192,2024,340NN1192,490035,285918,-0.6762,52.46379,3,3,3,08:10,-1,E06000061,3,0,1,0,2,"[9, 19]","[7, 6]","[6, 2]",0,"[3, 0]","[9, 0]",1,0,0,0,0,0,4,30
2024340NN1202,2024,340NN1202,487323,276168,-0.71865,52.3766,3,3,3,17:49,-1,E06000061,3,0,1,0,1,"[19, 12]",1,"[4, 6]",0,0,0,1,0,0,0,0,0,4,30
2024340NN1212,2024,340NN1212,489108,289726,-0.68882,52.49817,3,3,2,20:58,-1,E06000061,5,2,1,0,1,"[4, 19]",8,4,0,0,0,1,0,0,0,0,0,4,29
2024340NN1222,2024,340NN1222,485590,269712,-0.74574,52.31885,3,3,3,12:32,-1,E06000061,5,0,1,0,2,19,2,6,0,7,4,0,0,1,0,0,0,4,30
2024340NN1232,2024,340NN1232,495658,266994,-0.59885,52.29276,3,3,2,20:00,-1,E06000061,6,2,1,0,1,19,1,5,0,0,0,0,0,0,0,0,1,4,15
2024340NN1242,2024,340NN1242,488488,288164,-0.69837,52.48423,3,3,2,01:25,-1,E06000061,3,2,2,1,1,"[9, 19]","[3, 6]","[1, 2]",0,0,0,1,1,0,0,0,0,4,22
2024340NN1252,2024,340NN1252,495299,270925,-0.60301,52.32815,3,3,4,08:36,-1,E06000061,3,0,1,0,2,"[9, 19]",6,"[4, 2]",0,0,0,1,0,1,0,0,0,4,10
2024340NN1262,2024,340NN1262,486570,279416,-0.72887,52.40591,3,3,7,17:00,-1,E06000061,6,0,1,0,1,9,4,2,10,0,0,1,0,0,0,0,1,4,13
2024340NN1272,2024,340NN1272,493847,271365,-0.62418,52.33236,3,3,3,07:50,-1,E06000061,4,0,1,0,2,"[19, 8]",4,8,0,0,0,1,0,0,0,0,0,4,16
2024340NN1282,2024,340NN1282,488327,288119,-0.70075,52.48385,3,3,1,03:48,-1,E06000061,6,2,2,1,1,19,3,7,0,0,0,1,0,0,0,0,1,4,28
2024340NN1292,2024,340NN1292,480875,281693,-0.81202,52.42725,3,3,7,18:20,-1,E06000061,4,0,1,0,2,19,5,1,0,0,0,0,0,1,0,0,0,4,13
2024340NN1302,2024,340NN1302,496726,267732,-0.58299,52.29921,3,3,5,17:28,-1,E06000061,3,0,1,0,2,19,5,1,0,0,0,1,0,0,0,0,0,5,2
2024340NN1312,2024,340NN1312,487299,264245,-0.72209,52.26944,3,3,6,13:45,-1,E06000061,4,0,2,1,1,19,"[2, 4]","[6, 8]",0,0,0,1,0,0,0,0,0,5,3
2024340NN1322,2024,340NN1322,490786,274006,-0.66838,52.35661,2,2,6,17:30,-1,E06000061,3,0,2,1,2,7,5,8,0,1,0,0,0,1,0,0,0,5,3
2024340NN1332,2024,340NN1332,487866,265692,-0.71341,52.28236,2,"[3, 2]",6,15:00,-1,E06000061,3,0,2,1,2,19,6,2,"[0, 11]","[1, 5]","[0, 10]",1,0,0,0,0,0,5,3
2024340NN1342,2024,340NN1342,482836,275106,-0.78481,52.36775,3,3,2,23:15,-1,E06000061,3,2,1,0,2,19,1,5,0,3,1,1,0,0,0,0,0,5,6
2024340NN1352,2024,340NN1352,487879,277371,-0.71017,52.38733,3,3,2,16:20,-1,E06000061,3,0,1,0,1,"[9, 19]","[3, 7]","[7, 3]",0,0,0,1,0,0,0,0,0,5,6
2024340NN1362,2024,340NN1362,492283,269142,-0.64774,52.31264,3,3,4,20:29,-1,E06000061,4,0,1,0,2,"[20, 9]","[6, 1]","[2, 7]","[10, 0]",0,0,1,0,0,0,0,0,5,8
2024340NN1372,2024,340NN1372,490021,266403,-0.68164,52.2884,2,2,5,10:04,-1,E06000061,3,0,1,0,2,12,7,3,0,0,0,1,0,1,0,0,0,5,9
2024340NN1382,2024,340NN1382,493621,277010,-0.62593,52.38313,3,3,5,17:10,-1,E06000061,3,0,1,0,2,"[19, 3]",7,3,0,0,0,1,0,0,0,0,0,5,9
2024340NN1392,2024,340NN1392,482823,275083,-0.78501,52.36755,3,3,7,00:37,-1,E06000061,3,2,1,0,2,19,5,1,0,3,0,1,0,0,0,0,0,5,11
2024340NN1402,2024,340NN1402,486783,280622,-0.72543,52.41672,3,3,1,04:36,-1,E06000061,6,2,1,0,1,"[2, 19]","[0, 3]","[0, 7]",0,"[2, 0]",0,1,0,0,0,0,0,5,12
2024340NN1412,2024,340NN1412,488571,290158,-0.69662,52.50214,3,3,2,06:58,-1,E06000061,5,0,1,0,1,"[7, 19]","[1, 7]",3,0,0,0,1,1,0,0,0,0,5,13
2024340NN1422,2024,340NN1422,490026,288651,-0.6756,52.48836,3,3,2,08:58,-1,E06000061,3,0,1,0,2,"[14, 9]","[4, 6]","[8, 4]",0,0,0,1,0,1,0,0,0,5,13
2024340NN1432,2024,340NN1432,487582,287468,-0.71189,52.47812,3,3,2,12:00,-1,E06000061,5,0,1,0,1,"[19, 9]","[4, 6]","[8, 4]",0,0,0,1,0,0,0,0,0,5,13
2024340NN1442,2024,340NN1442,487861,265680,-0.71349,52.28225,3,3,2,16:30,-1,E06000061,3,0,1,0,2,"[3, 19]",6,2,0,0,0,1,0,0,0,0,0,5,13
2024340NN1452,2024,340NN1452,475193,288396,-0.89405,52.48831,3,3,2,16:45,-1,E06000061,3,0,1,0,2,"[19, 3]",1,5,0,0,0,1,0,0,0,0,0,5,13
2024340NN1462,2024,340NN1462,499925,269658,-0.53552,52.31594,3,3,3,06:10,-1,E06000061,4,0,2,1,2,19,2,6,11,2,9,1,0,0,0,0,0,5,14
2024340NN1472,2024,340NN1472,490278,269090,-0.67715,52.31251,3,3,3,09:57,-1,E06000061,3,0,8,1,1,"[19, 5]","[7, 1]","[3, 7]",0,0,0,1,0,0,0,0,0,5,14
2024340NN1482,2024,340NN1482,502138,300746,-0.49357,52.59492,3,3,3,14:20,-1,E06000061,3,0,2,1,2,"[19, 13]","[7, 3]","[3, 7]",0,0,0,1,0,0,0,0,0,5,14
2024340NN1492,2024,340NN1492,500582,277988,-0.5234,52.39069,3,3,4,16:09,-1,E06000061,3,0,1,0,2,19,"[1, 5]","[5, 1]",0,0,0,1,0,0,1,0,0,5,15
2024340NN1502,2024,340NN1502,491552,289482,-0.6529,52.49557,3,3,5,16:07,-1,E06000061,3,0,2,1,2,"[19, 5]","[3, 5, 7]","[7, 1, 3]",0,"[4, 0]","[1, 0]",1,0,0,0,0,0,5,16
2024340NN1512,2024,340NN1512,491657,272846,-0.65591,52.34604,3,3,6,16:10,-1,E06000061,3,0,1,0,2,"[3, 19]",1,5,0,0,0,1,0,1,0,0,0,5,17
2024340NN1522,2024,340NN1522,485663,269942,-0.74462,52.3209,2,2,6,17:08,-1,E06000061,5,0,1,0,2,19,"[7, 1]","[3, 5]",0,0,0,1,0,1,0,0,0,5,17
2024340NN1532,2024,340NN1532,484414,274369,-0.76182,52.36089,3,3,1,13:00,-1,E06000061,5,0,1,0,2,"[13, 4]",5,1,0,0,0,1,0,1,0,0,0,5,19
2024340NN1542,2024,340NN1542,480132,280629,-0.82319,52.4178,2,2,2,16:29,-1,E06000061,5,0,1,0,2,"[19, 7]","[8, 6]","[4, 8]",0,"[7, 0]","[9, 0]",0,0,1,0,1,0,5,20
2024340NN1552,2024,340NN1552,487353,266650,-0.72068,52.29105,3,3,3,08:10,-1,E06000061,3,0,1,0,2,"[3, 19]",8,4,0,0,0,1,0,0,0,0,0,5,21
2024340NN1562,2024,340NN1562,491502,271463,-0.65856,52.33363,3,3,4,09:15,-1,E06000061,3,0,2,1,2,19,"[1, 5]","[5, 1]",0,0,0,0,0,0,1,0,0,5,22
2024340NN1572,2024,340NN1572,489075,267108,-0.69532,52.29489,2,2,5,08:15,-1,E06000061,5,0,1,0,1,19,1,5,0,0,0,1,0,0,0,0,1,5,23
2024340NN1582,2024,340NN1582,488241,274352,-0.70565,52.36013,2,"[3, 2]",3,19:25,-1,E06000061,3,0,1,1,2,"[19, 9]","[8, 5]","[4, 2]",0,0,0,1,0,0,0,0,0,5,28
2024340NN1592,2024,340NN1592,491224,270168,-0.66299,52.32204,3,3,4,09:20,-1,E06000061,3,0,1,0,2,"[9, 19]","[3, 2]","[1, 6]",0,0,0,1,0,0,0,0,0,5,29
2024340NN1602,2024,340NN1602,488833,266288,-0.69908,52.28756,3,3,5,16:15,-1,E06000061,6,0,1,0,1,"[4, 19]",1,5,0,0,0,1,0,1,0,0,0,5,30
2024340NN1612,2024,340NN1612,487982,265883,-0.71166,52.28406,3,3,6,17:05,-1,E06000061,3,0,1,1,2,19,0,0,"[10, 0]","[2, 0]",0,1,0,0,0,0,0,5,3
2024340NN1622,2024,340NN1622,490079,268309,-0.68028,52.30552,2,2,4,09:35,-1,E06000061,4,0,1,0,1,19,"[1, 6]","[5, 2]",0,0,0,1,0,0,0,0,0,5,29
2024340NN1632,2024,340NN1632,487752,290145,-0.70868,52.50215,3,3,6,15:15,-1,E06000061,6,0,2,1,1,19,8,4,0,0,0,1,0,0,0,0,1,5,3
2024340NN1642,2024,340NN1642,489744,289121,-0.67962,52.49263,3,3,7,15:00,-1,E06000061,3,0,1,0,1,19,5,8,10,4,0,0,0,1,0,0,0,5,11
2024340NN1652,2024,340NN1652,488504,288703,-0.69799,52.48907,3,3,7,11:30,-1,E06000061,6,0,1,0,1,19,3,7,0,0,0,1,0,0,0,0,1,5,11
2024340NN1662,2024,340NN1662,487686,288912,-0.70998,52.49108,3,3,2,12:45,-1,E06000061,5,0,1,0,1,"[14, 9]","[3, 7]","[7, 5]",0,0,0,1,0,1,0,0,0,5,20
2024340NN1672,2024,340NN1672,489443,268045,-0.68968,52.30325,3,3,7,17:40,-1,E06000061,6,0,1,0,1,1,6,2,0,0,0,1,0,0,0,0,1,6,1
2024340NN1682,2024,340NN1682,491565,289308,-0.65276,52.49401,3,3,2,16:50,-1,E06000061,3,0,1,0,2,"[19, 9]","[5, 1]","[1, 7]",0,0,0,1,0,0,0,0,0,6,10
2024340NN1692,2024,340NN1692,491896,265364,-0.65444,52.27875,3,3,2,15:17,-1,E06000061,4,0,1,0,2,19,7,3,0,0,0,1,0,0,0,0,1,6,3
2024340NN1702,2024,340NN1702,492168,289484,-0.64383,52.49549,2,"[2, 3]",4,14:50,-1,E06000061,5,0,1,0,1,19,"[1, 5]","[5, 1]",0,"[0, 1]",0,1,0,0,0,0,0,6,5
2024340NN1712,2024,340NN1712,481947,269849,-0.79914,52.32063,3,3,4,10:00,-1,E06000061,3,0,1,0,2,19,1,5,0,"[0, 1]","[0, 9]",1,0,0,0,0,0,6,5
2024340NN1722,2024,340NN1722,486702,287822,-0.72475,52.48144,3,3,5,08:37,-1,E06000061,6,0,1,0,1,9,7,3,0,0,0,1,0,0,0,0,1,6,6
2024340NN1732,2024,340NN1732,487256,266692,-0.72209,52.29144,3,3,5,09:02,-1,E06000061,3,0,1,0,1,"[6, 19]",3,"[3, 7]",0,0,0,1,0,0,0,0,0,6,6
2024340NN1742,2024,340NN1742,486806,278758,-0.72557,52.39996,2,2,6,10:45,-1,E06000061,6,0,1,0,1,19,7,3,0,0,0,1,0,0,0,0,1,6,7
2024340NN1752,2024,340NN1752,486078,282524,-0.7353,52.43393,3,3,6,14:20,-1,E06000061,3,0,1,0,2,"[7, 19]",1,5,0,0,0,0,0,0,1,0,0,6,7
2024340NN1762,2024,340NN1762,485305,277718,-0.74789,52.39085,3,3,6,11:58,-1,E06000061,3,0,1,0,2,19,1,3,0,0,0,1,0,0,0,0,0,6,7
2024340NN1772,2024,340NN1772,504734,288976,-0.45896,52.48866,3,3,6,15:50,-1,E06000061,3,0,1,0,2,19,"[2, 6]","[6, 2]",0,0,0,1,0,0,0,0,0,6,7
2024340NN1782,2024,340NN1782,487541,287355,-0.71252,52.47711,2,2,6,16:00,-1,E06000061,6,0,1,0,1,19,1,5,0,0,0,1,0,1,0,0,0,6,7
2024340NN1792,2024,340NN1792,499722,278629,-0.53584,52.3966,2,2,1,01:25,-1,E06000061,5,2,1,0,2,19,6,2,7,0,0,1,0,0,0,0,0,6,9
2024340NN1802,2024,340NN1802,495365,291849,-0.59608,52.51619,3,3,2,11:30,-1,E06000061,3,0,1,0,2,"[19, 10]",5,1,0,0,0,1,0,0,0,0,0,6,10
2024340NN1812,2024,340NN1812,506865,295515,-0.42549,52.54701,3,3,2,12:30,-1,E06000061,5,0,1,0,2,19,"[1, 5]","[5, 1]",0,0,0,1,0,0,0,0,0,6,10
2024340NN1822,2024,340NN1822,496352,275803,-0.58616,52.37181,2,2,4,15:29,-1,E06000061,5,0,1,0,2,19,1,5,0,0,0,0,0,1,0,0,0,6,12
2024340NN1832,2024,340NN1832,487044,289292,-0.71933,52.4946,3,3,5,07:15,-1,E06000061,6,0,1,0,1,"[9, 19]","[2, 5]","[7, 1]",0,"[0, 7]",0,1,0,1,0,0,0,6,13
2024340NN1842,2024,340NN1842,504046,288082,-0.46937,52.48075,3,3,5,10:06,-1,E06000061,3,0,1,0,2,"[19, 2]","[3, 0]","[7, 0]","[4, 0]",0,0,1,0,0,0,0,0,6,13
2024340NN1852,2024,340NN1852,503351,282764,-0.48125,52.43309,3,3,5,14:15,-1,E06000061,3,0,1,0,2,"[19, 3]",5,1,0,0,0,1,0,0,0,0,0,6,13
2024340NN1862,2024,340NN1862,487211,286858,-0.71751,52.4727,3,3,5,22:10,-1,E06000061,3,2,2,1,1,11,1,7,0,0,2,1,0,0,0,0,0,6,13
2024340NN1872,2024,340NN1872,504374,288155,-0.46452,52.48135,2,2,6,19:10,-1,E06000061,6,0,1,1,2,19,"[2, 6]","[6, 2]",0,0,0,1,0,0,0,0,0,6,14
2024340NN1882,2024,340NN1882,492979,267622,-0.63795,52.29886,2,"[3, 2]",6,21:07,-1,E06000061,6,2,1,0,2,19,"[5, 1]","[1, 5]",0,"[0, 7]","[0, 9]",1,0,0,0,0,0,6,14
2024340NN1892,2024,340NN1892,484579,279856,-0.75802,52.41018,3,3,7,19:00,-1,E06000061,3,0,2,1,2,19,3,7,0,0,0,1,0,0,0,0,0,6,15
2024340NN1902,2024,340NN1902,489491,269611,-0.68856,52.31732,3,3,1,15:30,-1,E06000061,6,0,1,0,1,"[5, 19]",1,5,0,0,0,1,0,0,0,0,0,6,16
2024340NN1912,2024,340NN1912,481571,280694,-0.80203,52.41817,3,3,7,14:00,-1,E06000061,6,0,1,0,2,"[14, 3]",3,7,0,0,0,1,0,0,0,0,0,6,15
2024340NN1922,2024,340NN1922,490339,265725,-0.67716,52.28225,3,3,3,19:38,-1,E06000061,3,0,1,0,2,"[3, 19]",5,1,0,0,0,1,0,0,0,0,0,6,18
2024340NN1932,2024,340NN1932,487353,267104,-0.72056,52.29513,3,3,4,08:00,-1,E06000061,6,0,1,0,1,19,"[5, 1]","[1, 5]",0,0,0,1,1,0,0,0,0,6,19
2024340NN1942,2024,340NN1942,495461,265465,-0.60218,52.27905,2,2,4,08:30,-1,E06000061,6,0,1,0,1,19,3,7,0,0,0,1,0,0,0,0,1,6,19
2024340NN1952,2024,340NN1952,491684,290498,-0.65068,52.50468,2,2,5,16:00,-1,E06000061,3,0,1,0,1,"[15, 11]",5,7,0,0,0,1,0,0,0,0,0,6,20
2024340NN1962,2024,340NN1962,496883,266656,-0.581,52.28951,2,2,6,09:47,-1,E06000061,3,0,1,0,2,19,1,5,0,0,0,0,0,1,0,0,0,6,21
2024340NN1972,2024,340NN1972,504003,290817,-0.46915,52.50534,2,"[2, 3]",6,16:19,-1,E06000061,5,0,1,0,2,19,"[1, 3]","[5, 7]",0,"[7, 3]","[9, 0]",1,0,0,0,0,0,6,21
2024340NN1982,2024,340NN1982,481865,265649,-0.80137,52.2829,3,3,6,08:45,-1,E06000061,5,0,1,0,2,"[19, 9]","[5, 7]","[1, 5]",0,0,0,1,0,0,0,0,0,6,21
2024340NN1992,2024,340NN1992,490898,269716,-0.66789,52.31803,3,3,6,14:10,-1,E06000061,3,0,1,0,2,"[10, 19]",7,5,0,0,0,1,0,1,0,0,0,6,21
2024340NN2002,2024,340NN2002,495098,285283,-0.60188,52.45723,3,3,4,10:35,-1,E06000061,3,0,1,0,2,19,1,5,0,0,0,1,0,0,0,1,0,6,19
2024340NN2012,2024,340NN2012,494883,268425,-0.60981,52.30576,3,3,7,08:40,-1,E06000061,3,0,1,0,2,12,1,5,0,0,6,0,0,1,0,0,0,6,22
2024340NN2022,2024,340NN2022,495775,266577,-0.59726,52.28899,3,3,1,23:07,-1,E06000061,3,2,1,0,1,"[19, 2]","[5, 0]","[1, 0]","[4, 0]",0,0,1,0,0,0,0,0,6,23
2024340NN2032,2024,340NN2032,507101,291109,-0.42343,52.50737,3,3,3,14:58,-1,E06000061,3,0,1,0,2,19,3,7,0,1,0,1,0,0,0,0,0,6,25
2024340NN2042,2024,340NN2042,486491,280002,-0.72988,52.41119,3,3,5,08:38,-1,E06000061,3,0,1,0,1,19,"[3, 5]",1,0,0,0,1,0,0,0,0,0,6,27
2024340NN2052,2024,340NN2052,494138,270244,-0.62023,52.32223,3,3,5,23:54,-1,E06000061,4,2,1,0,2,"[5, 19]","[4, 6]","[1, 2]",0,0,0,1,0,1,0,0,0,6,27
2024340NN2062,2024,340NN2062,499620,277799,-0.53758,52.38916,2,2,5,17:20,-1,E06000061,3,0,1,0,2,"[3, 19]",3,7,"[0, 7]","[0, 5]","[0, 6]",1,0,0,0,0,0,6,27
2024340NN2072,2024,340NN2072,489596,289157,-0.68179,52.49298,3,3,2,17:20,-1,E06000061,5,0,1,0,1,19,7,3,0,0,0,1,0,0,0,0,1,6,24
2024340NN2082,2024,340NN2082,495033,270849,-0.60693,52.32752,3,3,6,18:30,-1,E06000061,4,0,1,0,2,"[10, 19]",7,3,0,0,0,1,0,0,0,0,0,6,28
2024340NN2092,2024,340NN2092,494616,270851,-0.61305,52.32761,3,3,4,11:40,-1,E06000061,4,0,1,0,2,19,5,1,0,0,0,1,0,1,0,0,0,7,17
2024340NN2102,2024,340NN2102,490457,289085,-0.66913,52.49219,3,3,2,17:20,-1,E06000061,3,0,1,0,2,19,5,1,0,0,0,0,0,0,1,0,1,6,24
2024340NN2112,2024,340NN2112,487441,266726,-0.71937,52.29172,3,3,6,17:30,-1,E06000061,3,0,1,0,1,"[8, 19]",6,2,0,0,0,1,0,0,0,0,0,7,19
2024340NN2122,2024,340NN2122,486713,279282,-0.7268,52.40469,3,3,3,13:25,-1,E06000061,3,0,1,0,1,"[7, 19]",1,5,0,0,0,1,1,0,0,0,0,7,23
2024340NN2132,2024,340NN2132,486866,271326,-0.72661,52.33315,3,3,1,15:00,-1,E06000061,4,0,1,0,2,19,"[3, 1]","[8, 5]",0,0,0,1,0,1,0,0,0,7,14
2024340NN2142,2024,340NN2142,489708,276140,-0.68363,52.37597,3,3,4,15:10,-1,E06000061,3,0,1,0,2,"[19, 3]",1,4,0,0,0,1,0,0,0,0,0,7,31
2024340NN2152,2024,340NN2152,487390,267530,-0.71991,52.29895,3,3,2,11:20,-1,E06000061,6,0,1,0,1,19,5,1,0,0,0,1,0,0,0,0,1,7,1
2024340NN2162,2024,340NN2162,486660,286411,-0.72574,52.46877,3,3,4,10:15,-1,E06000061,6,0,1,0,1,"[19, 3]",1,6,0,0,0,1,0,0,0,0,0,7,3
2024340NN2172,2024,340NN2172,490124,263058,-0.68102,52.25832,3,3,2,07:36,-1,E06000061,5,0,1,0,2,"[19, 3]",7,3,0,0,0,1,0,0,0,0,0,7,1
2024340NN2182,2024,340NN2182,487887,290686,-0.70655,52.507,3,3,2,19:40,-1,E06000061,3,0,1,1,2,9,1,7,0,0,0,0,0,1,0,0,0,7,1
2024340NN2192,2024,340NN2192,493667,267611,-0.62787,52.29865,3,3,2,18:46,-1,E06000061,3,0,1,0,1,11,7,3,10,0,10,1,0,0,0,0,0,7,1
2024340NN2202,2024,340NN2202,499253,301213,-0.536,52.59965,3,3,3,14:15,-1,E06000061,3,0,1,0,2,19,5,1,9,3,4,1,0,0,0,0,0,7,2
2024340NN2212,2024,340NN2212,490239,267931,-0.67804,52.3021,3,3,3,18:45,-1,E06000061,4,0,1,0,1,19,5,1,0,0,0,1,0,0,0,0,0,7,2
2024340NN2222,2024,340NN2222,495571,266672,-0.60022,52.28988,3,3,3,16:10,-1,E06000061,3,0,1,0,1,"[19, 9]",5,"[1, 3]",0,0,0,1,0,0,0,0,0,7,2