collision_index,collision_year,collision_ref_no,location_easting_osgr,location_northing_osgr,longitude,latitude,casualty_severity,casualty_severity,day_of_week,time,local_authority_district,local_authority_ons_district,first_road_class,light_conditions,weather_conditions,road_surface_conditions,urban_or_rural_area,vehicle_manoeuvre,vehicle_direction_from,vehicle_direction_to,hit_object_in_carriageway,vehicle_leaving_carriageway,hit_object_off_carriageway,is_car,is_cyle,is_mcyle,is_goodsv,is_other,is_pedestrian,month,day
2024340NN2232,2024,340NN2232,491371,288374,-0.65587,52.48564,2,2,5,22:37,-1,E06000061,3,2,1,0,2,19,1,5,10,3,0,0,0,1,0,0,0,7,4
2024340NN2242,2024,340NN2242,498862,278536,-0.5485,52.39592,3,3,5,22:00,-1,E06000061,5,2,1,0,2,"[2, 19]","[0, 3]","[0, 7]",0,"[1, 0]",0,1,0,0,0,0,0,7,4
2024340NN2252,2024,340NN2252,487497,279124,-0.71532,52.40314,3,3,7,09:45,-1,E06000061,3,0,2,1,1,"[19, 9]","[7, 3]","[3, 1]",0,0,0,1,0,0,0,0,0,7,6
2024340NN2262,2024,340NN2262,494447,266557,-0.61673,52.28904,3,3,1,10:30,-1,E06000061,6,0,1,0,1,"[9, 19]","[3, 7]","[5, 3]",0,0,0,1,0,1,0,0,0,7,7
2024340NN2272,2024,340NN2272,492153,272168,-0.64882,52.33986,3,3,2,21:45,-1,E06000061,3,2,2,1,2,"[9, 19]","[6, 2]","[2, 6]",0,0,0,1,0,0,0,0,0,7,8
2024340NN2282,2024,340NN2282,489842,267940,-0.68385,52.30224,2,2,4,17:00,-1,E06000061,6,0,8,0,1,19,3,7,0,0,0,1,0,0,0,0,1,7,10
2024340NN2292,2024,340NN2292,489440,279770,-0.6866,52.40863,3,3,6,14:15,-1,E06000061,5,0,1,0,2,19,5,1,0,1,4,1,0,0,0,0,0,7,12
2024340NN2302,2024,340NN2302,487684,279375,-0.71251,52.40537,3,3,7,07:35,-1,E06000061,6,0,1,0,1,"[19, 2]","[6, 0]","[2, 0]",0,0,0,1,0,0,0,0,0,7,13
2024340NN2312,2024,340NN2312,485135,277512,-0.75044,52.38903,2,2,1,14:20,-1,E06000061,3,0,1,0,2,13,1,5,0,"[0, 7]",0,1,0,1,0,0,0,7,14
2024340NN2322,2024,340NN2322,492137,279683,-0.64699,52.40741,3,3,5,18:14,-1,E06000061,5,0,1,0,2,19,"[7, 5]","[3, 1]",0,0,0,1,0,0,0,0,0,4,25
2024340NN2332,2024,340NN2332,475122,288274,-0.89513,52.48722,3,3,3,13:15,-1,E06000061,3,0,1,0,2,"[11, 19]","[3, 6]",1,0,0,0,1,0,1,0,0,0,7,2
2024340NN2342,2024,340NN2342,491734,290545,-0.64993,52.5051,3,3,3,07:00,-1,E06000061,3,0,2,1,2,19,7,"[4, 2]",0,0,0,1,1,0,0,0,0,7,16
2024340NN2352,2024,340NN2352,481718,281301,-0.79972,52.4236,3,3,5,16:15,-1,E06000061,6,0,1,0,2,"[3, 19]","[5, 1]","[1, 5]",0,0,0,1,0,0,0,0,0,7,11
2024340NN2362,2024,340NN2362,494731,270762,-0.61138,52.32679,3,3,3,14:05,-1,E06000061,4,0,1,0,2,9,1,6,0,3,1,1,0,0,0,0,0,7,16
2024340NN2372,2024,340NN2372,485659,269936,-0.74468,52.32085,3,3,3,17:15,-1,E06000061,5,0,1,0,2,19,"[3, 1]","[7, 5]",0,"[7, 0]","[9, 0]",1,0,0,0,0,0,7,16
2024340NN2382,2024,340NN2382,491317,262787,-0.66362,52.25569,3,3,6,07:50,-1,E06000061,6,0,2,1,2,"[1, 19]","[7, 5]","[3, 1]",0,0,0,1,0,1,0,0,0,7,19
2024340NN2392,2024,340NN2392,482811,275102,-0.78518,52.36772,2,2,1,16:15,-1,E06000061,3,0,1,0,2,19,1,5,0,1,10,1,0,0,0,0,0,7,21
2024340NN2402,2024,340NN2402,492828,276823,-0.63762,52.38158,3,3,6,12:45,-1,E06000061,3,0,1,0,2,19,7,3,0,1,"[4, 0]",1,0,0,0,0,0,7,19
2024340NN2412,2024,340NN2412,487267,278948,-0.71875,52.4016,3,3,2,15:48,-1,E06000061,6,0,1,0,1,19,"[3, 5]","[7, 1]",0,0,0,1,0,0,0,0,0,7,22
2024340NN2422,2024,340NN2422,484850,279660,-0.75409,52.40838,3,3,5,23:00,-1,E06000061,3,2,1,0,2,19,8,4,0,0,0,1,0,0,0,0,0,7,18
2024340NN2432,2024,340NN2432,488680,272736,-0.69963,52.34554,3,3,4,14:50,-1,E06000061,3,0,1,0,2,"[9, 19]","[3, 1]","[1, 5]",0,0,0,1,0,0,0,0,0,7,24
2024340NN2442,2024,340NN2442,486474,281469,-0.72975,52.42438,2,2,4,16:45,-1,E06000061,3,0,1,0,2,"[5, 19]",5,1,0,0,0,1,0,0,0,0,0,7,24
2024340NN2452,2024,340NN2452,495725,292773,-0.59051,52.52443,2,2,5,08:20,-1,E06000061,3,0,1,0,2,"[19, 9]","[1, 5]","[5, 7, 1]",0,0,0,1,0,1,0,0,0,7,25
2024340NN2462,2024,340NN2462,486781,276252,-0.72659,52.37744,3,3,5,17:15,-1,E06000061,3,0,1,0,2,"[19, 11]",3,7,0,"[0, 1]","[0, 7]",1,0,0,1,0,0,7,25
2024340NN2472,2024,340NN2472,487226,278876,-0.71937,52.40096,2,2,7,18:42,-1,E06000061,6,0,1,0,1,19,3,7,0,0,0,0,0,0,1,0,1,7,27
2024340NN2482,2024,340NN2482,487300,264248,-0.72208,52.26947,3,3,2,08:45,-1,E06000061,4,0,1,0,1,19,"[1, 3]","[5, 7]",0,"[0, 1]",0,1,0,0,0,0,0,7,29
2024340NN2492,2024,340NN2492,481822,281206,-0.79821,52.42273,3,3,2,20:16,-1,E06000061,5,0,1,0,2,"[19, 2]","[3, 0]","[7, 0]",0,0,0,1,0,0,0,0,0,7,29
2024340NN2502,2024,340NN2502,485257,279324,-0.74819,52.40529,3,3,4,10:26,-1,E06000061,3,0,1,0,1,"[9, 19]","[5, 4]","[4, 8]",0,"[1, 0]",0,0,0,1,1,0,0,7,31
2024340NN2512,2024,340NN2512,486491,280001,-0.72988,52.41118,2,2,4,13:05,-1,E06000061,3,0,1,0,1,19,"[3, 1]","[7, 5]",0,0,0,1,0,1,0,0,0,7,31
2024340NN2522,2024,340NN2522,488040,288366,-0.70491,52.48612,3,3,5,11:24,-1,E06000061,3,0,1,0,1,19,"[1, 3]","[5, 7]",0,0,0,1,0,0,0,0,0,8,1
2024340NN2532,2024,340NN2532,489235,267764,-0.6928,52.30076,2,2,6,14:40,-1,E06000061,3,0,8,0,1,19,5,1,0,0,0,1,0,0,0,0,1,8,2
2024340NN2542,2024,340NN2542,496332,267099,-0.58895,52.29359,3,3,1,10:55,-1,E06000061,6,0,1,0,1,"[19, 7]","[5, 1]","[1, 3]",0,0,0,1,0,1,0,0,0,8,4
2024340NN2552,2024,340NN2552,487334,276751,-0.71834,52.38184,2,2,2,22:54,-1,E06000061,3,2,1,0,1,19,5,1,0,0,0,1,0,0,0,0,1,8,5
2024340NN2562,2024,340NN2562,504004,290821,-0.46914,52.50538,3,3,3,12:05,-1,E06000061,5,0,2,1,2,19,"[3, 1]","[7, 5]",0,"[0, 7]","[0, 1]",1,0,0,0,0,0,8,6
2024340NN2572,2024,340NN2572,503647,288097,-0.47524,52.48096,2,2,1,20:35,-1,E06000061,5,0,1,0,2,7,5,7,0,0,0,0,0,1,0,0,0,8,4
2024340NN2582,2024,340NN2582,488253,271633,-0.70618,52.33569,3,3,4,15:45,-1,E06000061,3,0,2,1,2,"[9, 19]",5,"[3, 1]",0,0,0,1,0,0,0,0,0,8,7
2024340NN2592,2024,340NN2592,487663,268572,-0.71564,52.30828,3,3,7,14:32,-1,E06000061,5,0,1,0,1,19,6,2,10,0,0,0,0,0,0,1,0,8,3
2024340NN2602,2024,340NN2602,500151,277896,-0.52975,52.38994,2,2,5,13:00,-1,E06000061,3,0,1,0,2,19,7,3,0,0,0,1,0,1,1,0,0,8,8
2024340NN2612,2024,340NN2612,489705,266394,-0.68627,52.28837,3,3,7,01:00,-1,E06000061,3,2,1,0,2,19,5,3,0,7,0,1,0,0,0,0,0,8,10
2024340NN2622,2024,340NN2622,487285,267718,-0.7214,52.30066,3,3,7,09:25,-1,E06000061,6,0,1,0,1,19,7,3,0,0,0,1,0,0,0,0,0,8,10
2024340NN2632,2024,340NN2632,497173,298407,-0.56752,52.57481,3,3,1,14:05,-1,E06000061,3,0,1,0,2,"[19, 4]",5,1,0,0,0,1,0,0,0,0,0,8,11
2024340NN2642,2024,340NN2642,481845,280535,-0.79804,52.4167,3,3,3,15:00,-1,E06000061,3,0,1,0,2,"[19, 4, 2]","[7, 0]","[1, 3, 0]",0,0,0,1,0,0,0,0,0,8,13
2024340NN2652,2024,340NN2652,488096,270227,-0.70885,52.32308,3,3,6,17:00,-1,E06000061,3,0,1,0,2,"[19, 3]",1,5,0,0,0,1,0,0,0,0,0,8,16
2024340NN2662,2024,340NN2662,499969,272311,-0.53409,52.33978,2,2,6,17:08,-1,E06000061,6,0,1,0,2,"[2, 19]","[0, 8]","[0, 4]",0,0,0,1,0,0,0,0,0,8,16
2024340NN2672,2024,340NN2672,488121,288661,-0.70364,52.48876,3,3,7,16:45,-1,E06000061,5,0,1,0,1,19,3,7,0,0,0,1,0,0,0,0,1,6,29
2024340NN2682,2024,340NN2682,488117,288667,-0.7037,52.48881,3,3,6,21:00,-1,E06000061,6,0,1,0,1,"[7, 19]",1,3,0,0,0,1,0,0,0,0,0,8,16
2024340NN2692,2024,340NN2692,486162,262958,-0.73908,52.25805,3,3,7,23:44,-1,E06000061,3,2,1,0,2,"[2, 19]","[0, 7]","[0, 3]",0,0,0,1,0,0,0,0,1,8,17
2024340NN2702,2024,340NN2702,485077,279777,-0.75072,52.40939,2,2,2,13:30,-1,E06000061,3,0,1,0,2,"[19, 3]",2,6,0,0,0,1,0,0,1,0,0,8,19
2024340NN2712,2024,340NN2712,489582,269096,-0.68736,52.31268,2,2,3,12:00,-1,E06000061,6,0,2,1,1,"[19, 9]","[7, 1]",3,0,0,0,1,0,1,0,0,0,8,20
2024340NN2722,2024,340NN2722,489309,266205,-0.69213,52.28674,3,3,3,17:35,-1,E06000061,3,0,1,0,2,"[19, 4]",3,7,0,0,0,1,0,0,0,0,0,8,20
2024340NN2732,2024,340NN2732,482655,274512,-0.78761,52.36244,2,2,4,06:00,-1,E06000061,3,0,1,0,2,19,5,1,0,7,4,1,0,0,0,0,0,8,21
2024340NN2742,2024,340NN2742,490362,267483,-0.67635,52.29805,3,3,6,10:30,-1,E06000061,4,0,1,0,1,19,"[1, 5]","[5, 1]",0,0,0,1,0,1,0,0,0,8,16
2024340NN2752,2024,340NN2752,499487,272889,-0.54099,52.34506,2,2,6,19:50,-1,E06000061,6,0,1,0,2,"[9, 13]",7,"[5, 3]",0,"[0, 7]","[0, 11]",1,0,1,0,0,0,8,23
2024340NN2762,2024,340NN2762,485577,266514,-0.74675,52.29011,3,3,7,08:00,-1,E06000061,6,0,2,1,2,19,3,7,0,7,9,1,0,0,0,0,0,8,24
2024340NN2772,2024,340NN2772,491228,270168,-0.66293,52.32204,3,3,7,11:40,-1,E06000061,3,0,2,1,2,"[19, 7]","[7, 5]","[3, 7]",0,"[7, 0]","[9, 0]",1,0,0,0,0,0,8,24
2024340NN2782,2024,340NN2782,484892,264176,-0.75738,52.2692,3,3,1,07:20,-1,E06000061,4,0,1,0,2,"[19, 2]","[5, 0]","[1, 0]","[4, 0]","[7, 0]","[2, 0]",1,0,0,0,0,0,8,25
2024340NN2792,2024,340NN2792,487466,267371,-0.71884,52.29751,3,3,1,15:30,-1,E06000061,6,0,1,0,1,19,5,1,0,7,11,1,0,0,0,0,0,8,25
2024340NN2802,2024,340NN2802,488025,288400,-0.70512,52.48643,3,3,1,16:30,-1,E06000061,3,0,1,0,1,"[15, 19]",3,7,0,0,0,1,0,1,0,0,0,8,25
2024340NN2812,2024,340NN2812,486598,279700,-0.72839,52.40846,3,3,2,21:30,-1,E06000061,3,2,1,0,1,19,5,1,0,"[7, 0]","[11, 0]",1,0,0,0,0,1,8,26
2024340NN2822,2024,340NN2822,486325,278313,-0.73275,52.39604,3,3,3,15:50,-1,E06000061,3,0,1,0,1,19,5,1,0,0,0,1,0,0,0,0,1,8,27
2024340NN2832,2024,340NN2832,487279,276171,-0.7193,52.37664,2,2,4,12:00,-1,E06000061,3,0,1,0,1,19,7,3,0,3,1,1,0,0,0,0,0,8,28
2024340NN2842,2024,340NN2842,490011,266637,-0.68172,52.2905,2,2,6,18:50,-1,E06000061,4,0,1,0,2,19,2,6,0,0,0,1,0,0,0,0,1,8,30
2024340NN2852,2024,340NN2852,489327,277221,-0.68894,52.38574,3,3,7,13:10,-1,E06000061,3,0,1,0,1,"[9, 19]","[3, 7]","[1, 3]",0,0,0,1,0,0,0,0,0,8,31
2024340NN2862,2024,340NN2862,486126,283263,-0.73441,52.44056,3,3,7,16:40,-1,E06000061,3,0,1,0,2,"[19, 3]",5,1,0,0,0,1,0,0,0,0,0,8,31
2024340NN2872,2024,340NN2872,504007,290819,-0.46909,52.50536,3,3,1,14:00,-1,E06000061,5,0,1,0,2,19,"[5, 7]","[1, 3]",0,"[0, 3]","[0, 9]",1,0,0,0,0,0,9,1
2024340NN2882,2024,340NN2882,503106,289059,-0.48291,52.48971,3,3,2,19:30,-1,E06000061,6,0,1,0,2,19,5,3,0,0,0,1,0,0,0,0,1,9,2
2024340NN2892,2024,340NN2892,486584,281140,-0.72822,52.42141,3,3,3,12:09,-1,E06000061,3,0,8,0,2,19,6,"[2, 1]",0,0,0,1,0,0,0,0,0,9,3
2024340NN2902,2024,340NN2902,484828,279611,-0.75442,52.40794,3,3,3,13:48,-1,E06000061,3,0,1,0,2,"[12, 11]",6,1,0,0,0,1,0,0,0,0,0,9,3
2024340NN2912,2024,340NN2912,488426,290319,-0.69871,52.50361,3,3,4,13:25,-1,E06000061,5,0,1,0,1,"[3, 19]","[1, 5]","[5, 1]",0,0,0,1,0,0,1,0,0,9,4
2024340NN2922,2024,340NN2922,481901,266880,-0.80054,52.29396,3,3,6,15:50,-1,E06000061,5,0,1,0,2,"[10, 19]","[5, 1]","[1, 5]",0,0,0,1,0,0,0,0,0,9,6
2024340NN2932,2024,340NN2932,488566,273298,-0.70115,52.35061,3,3,7,15:00,-1,E06000061,3,0,1,0,2,19,"[1, 5]","[5, 1]",0,0,0,1,0,0,1,0,0,9,7
2024340NN2942,2024,340NN2942,491958,272402,-0.65161,52.342,3,3,1,18:00,-1,E06000061,3,0,1,0,2,"[9, 19]","[8, 4]","[7, 8]",0,0,0,1,0,1,0,0,0,9,8
2024340NN2952,2024,340NN2952,487855,278940,-0.71011,52.40143,3,3,2,08:10,-1,E06000061,6,0,2,1,1,19,"[5, 3]","[1, 7]",0,"[3, 0]","[10, 0]",1,0,0,0,0,0,9,9
2024340NN2962,2024,340NN2962,487836,288481,-0.70788,52.48719,3,3,2,16:30,-1,E06000061,3,0,1,0,1,"[19, 4]",7,3,0,0,0,1,0,0,0,0,0,9,9
2024340NN2972,2024,340NN2972,495586,267460,-0.59978,52.29696,3,3,4,09:39,-1,E06000061,3,0,1,0,1,"[9, 19]","[8, 1]",5,0,"[7, 0]",0,1,0,0,0,0,0,9,11
2024340NN2982,2024,340NN2982,494413,267881,-0.61686,52.30095,3,3,4,14:50,-1,E06000061,3,0,1,0,2,"[9, 7]",5,"[3, 7]",0,0,0,1,0,0,1,0,0,9,11
2024340NN2992,2024,340NN2992,482814,275109,-0.78513,52.36778,2,"[2, 3]",5,05:10,-1,E06000061,3,0,1,0,2,19,5,1,10,2,10,1,0,0,0,0,0,9,12
2024340NN3002,2024,340NN3002,503481,282726,-0.47935,52.43273,2,"[3, 2]",5,07:55,-1,E06000061,4,0,1,0,2,19,"[8, 4]","[4, 8]",0,0,0,1,0,0,0,0,0,9,12
2024340NN3012,2024,340NN3012,489531,268943,-0.68815,52.31131,3,3,5,17:20,-1,E06000061,6,0,1,0,1,19,"[3, 5]","[7, 1]",0,0,0,1,1,0,0,0,0,9,12
2024340NN3022,2024,340NN3022,490008,266613,-0.68177,52.29029,3,3,6,12:18,-1,E06000061,3,0,1,0,2,19,1,5,11,2,7,1,0,0,0,0,0,9,6
2024340NN3032,2024,340NN3032,489293,279950,-0.68871,52.41028,3,3,6,17:20,-1,E06000061,5,0,1,0,2,"[19, 3]",4,8,0,0,0,1,0,1,0,0,0,9,13
2024340NN3042,2024,340NN3042,490793,274035,-0.66827,52.35687,3,3,7,15:00,-1,E06000061,3,0,1,0,2,"[9, 19]","[7, 5]","[5, 1]",0,0,0,1,0,0,0,0,0,9,14
2024340NN3052,2024,340NN3052,488639,267677,-0.70156,52.30007,2,2,2,11:00,-1,E06000061,3,0,1,0,1,"[13, 19]",7,3,0,0,0,0,0,0,1,0,0,9,16
2024340NN3062,2024,340NN3062,489871,288750,-0.67785,52.48927,3,3,2,16:30,-1,E06000061,3,0,1,0,1,"[3, 19]",7,3,0,0,0,1,0,0,0,0,0,9,16
2024340NN3072,2024,340NN3072,496021,268747,-0.59304,52.30845,3,3,3,09:00,-1,E06000061,6,0,8,0,1,"[9, 19]","[1, 7]","[7, 3]",0,0,0,1,0,0,0,0,0,9,17
2024340NN3082,2024,340NN3082,486540,285880,-0.72764,52.46402,3,3,3,07:00,-1,E06000061,6,0,1,0,1,9,1,7,0,0,0,1,0,0,0,0,1,9,17
2024340NN3092,2024,340NN3092,491562,289486,-0.65275,52.49561,3,3,2,17:37,-1,E06000061,3,0,1,0,2,"[7, 9]","[5, 1]",7,0,0,0,1,0,1,0,0,0,9,16
2024340NN3102,2024,340NN3102,481957,280478,-0.7964,52.41617,3,3,4,17:20,-1,E06000061,3,0,1,0,2,19,7,3,0,0,0,1,0,0,0,0,0,9,18
2024340NN3112,2024,340NN3112,495994,294927,-0.58592,52.54374,3,3,2,15:56,-1,E06000061,3,0,1,0,2,"[4, 19]",5,1,0,0,0,1,0,0,1,0,0,9,16
2024340NN3122,2024,340NN3122,490361,264962,-0.67704,52.27539,3,3,6,17:40,-1,E06000061,3,0,1,0,2,"[19, 3]",5,1,0,"[1, 7, 0]",0,1,0,0,0,0,0,9,13
2024340NN3132,2024,340NN3132,488401,288642,-0.69952,52.48854,3,3,5,08:00,-1,E06000061,5,0,1,0,1,20,5,1,0,0,0,1,0,0,0,0,1,9,19
2024340NN3142,2024,340NN3142,489355,289256,-0.68531,52.4939,3,3,6,13:31,-1,E06000061,5,0,1,0,1,"[7, 19]","[5, 7]","[7, 1, 3]",0,"[0, 1]","[0, 4]",1,0,1,0,0,0,9,20
2024340NN3152,2024,340NN3152,489555,268855,-0.68782,52.31051,3,3,5,21:58,-1,E06000061,6,2,2,1,1,"[9, 19]","[6, 2]","[2, 6]",0,0,0,1,0,0,0,0,0,9,5
2024340NN3162,2024,340NN3162,485256,279328,-0.7482,52.40533,3,3,4,19:00,-1,E06000061,3,0,1,0,1,"[9, 19]","[6, 4]","[4, 8]",0,0,0,1,0,0,0,0,0,9,4
2024340NN3172,2024,340NN3172,488938,267992,-0.69709,52.30286,3,3,2,18:45,-1,E06000061,3,0,1,0,1,"[19, 7]","[5, 7]",1,0,0,0,1,1,0,0,0,0,9,9
2024340NN3182,2024,340NN3182,493979,289090,-0.61727,52.49164,3,3,6,15:40,-1,E06000061,3,0,1,0,2,19,7,2,0,1,4,1,0,0,0,0,0,9,20
2024340NN3192,2024,340NN3192,500166,301575,-0.52242,52.60274,2,2,6,20:00,-1,E06000061,3,2,1,0,2,"[19, 13]",7,3,"[0, 12]",0,0,1,0,1,0,0,0,9,20
2024340NN3202,2024,340NN3202,487221,276220,-0.72013,52.37709,3,3,7,08:50,-1,E06000061,6,0,1,0,1,19,7,3,0,1,2,1,0,0,0,0,0,9,21
2024340NN3212,2024,340NN3212,487357,279065,-0.7174,52.40263,3,3,2,14:00,-1,E06000061,3,0,2,1,1,"[9, 19, 8]","[7, 3, 5]","[5, 7]",0,0,0,1,0,0,0,0,0,9,23
2024340NN3222,2024,340NN3222,489300,288528,-0.68632,52.48737,3,3,2,20:00,-1,E06000061,3,0,2,1,1,"[19, 4]",7,3,0,0,0,1,0,0,0,0,0,9,23
2024340NN3232,2024,340NN3232,482819,275085,-0.78506,52.36757,3,3,3,06:25,-1,E06000061,3,0,2,1,2,19,5,1,9,2,10,1,0,0,0,0,0,9,24
2024340NN3242,2024,340NN3242,488130,287739,-0.70375,52.48047,3,3,4,05:37,-1,E06000061,3,2,1,0,1,19,"[1, 5]","[5, 1]",0,0,0,0,0,0,0,0,0,9,25
2024340NN3252,2024,340NN3252,495763,267029,-0.59731,52.29306,3,3,4,08:17,-1,E06000061,3,0,8,0,1,7,3,5,"[0, 10]",0,0,1,0,0,0,0,0,9,25
2024340NN3262,2024,340NN3262,498274,280175,-0.55666,52.41076,3,3,4,10:06,-1,E06000061,3,0,1,0,2,"[9, 19]","[7, 5]","[5, 1]",0,0,0,1,0,0,0,0,0,9,25
2024340NN3272,2024,340NN3272,488218,275749,-0.70562,52.37269,3,3,4,16:05,-1,E06000061,3,0,2,1,2,"[19, 12]",7,3,0,"[5, 0]","[6, 0]",1,0,0,1,0,0,9,25
2024340NN3282,2024,340NN3282,490930,262525,-0.66936,52.2534,2,2,5,07:55,-1,E06000061,5,0,2,1,2,19,"[3, 7]","[7, 3]",0,0,0,1,0,1,0,0,0,9,26
2024340NN3292,2024,340NN3292,483712,280172,-0.77068,52.41315,2,2,4,20:30,-1,E06000061,3,2,1,0,2,19,7,3,0,0,0,1,0,0,0,0,1,9,25
2024340NN3302,2024,340NN3302,488610,268465,-0.70178,52.30716,3,3,5,19:18,-1,E06000061,6,2,2,1,1,19,"[5, 7]","[1, 3]",0,0,0,1,0,0,0,0,0,9,26
2024340NN3312,2024,340NN3312,492520,265610,-0.64523,52.28086,3,3,1,11:15,-1,E06000061,6,0,1,0,2,5,5,1,0,0,0,1,0,0,0,0,1,9,29
2024340NN3322,2024,340NN3322,489117,266164,-0.69495,52.2864,3,3,1,21:35,-1,E06000061,4,2,2,1,1,19,"[2, 6]","[6, 2]",0,"[0, 7]","[0, 4]",1,0,0,0,0,0,9,29
2024340NN3332,2024,340NN3332,488582,277707,-0.69975,52.39023,3,3,2,09:57,-1,E06000061,6,0,2,1,1,"[9, 19, 2]","[5, 3, 0]","[3, 7, 0]",0,0,0,1,0,0,0,0,0,9,30
2024340NN3342,2024,340NN3342,490462,259117,-0.67713,52.22284,3,3,4,18:20,-1,E06000061,5,0,2,1,2,9,"[3, 7]","[1, 5]",0,0,0,1,1,0,0,0,0,9,25
2024340NN3352,2024,340NN3352,499560,301253,-0.53146,52.59996,3,3,2,12:25,-1,E06000061,3,0,1,0,2,"[19, 4]",3,7,0,0,0,1,0,0,0,0,0,9,30
2024340NN3362,2024,340NN3362,489919,266743,-0.68304,52.29147,3,3,7,13:45,-1,E06000061,3,0,1,0,2,5,5,1,0,0,0,1,0,0,0,0,1,9,21
2024340NN3372,2024,340NN3372,487753,278586,-0.7117,52.39827,2,2,1,13:50,-1,E06000061,3,0,8,1,1,19,1,5,0,0,0,1,0,0,0,0,1,9,8
2024340NN3382,2024,340NN3382,479179,291650,-0.83459,52.51699,2,"[2, 3]",1,14:25,-1,E06000061,4,0,1,0,2,19,1,5,0,7,11,1,0,0,0,0,0,9,8
2024340NN3392,2024,340NN3392,490542,287366,-0.66835,52.47672,3,3,7,19:05,-1,E06000061,6,0,1,0,2,"[3, 19]",7,3,0,0,0,1,0,0,0,0,0,9,7
2024340NN3402,2024,340NN3402,491938,289944,-0.64709,52.49966,3,3,6,08:12,-1,E06000061,3,0,1,0,2,"[7, 9]",6,"[8, 2]",0,0,0,1,0,0,0,0,0,9,20
2024340NN3412,2024,340NN3412,489619,289147,-0.68145,52.49288,3,3,3,16:39,-1,E06000061,5,0,1,1,1,"[9, 19]","[1, 3]",7,0,0,0,1,0,0,0,0,0,9,24
2024340NN3422,2024,340NN3422,497713,274828,-0.56646,52.36281,3,3,3,18:58,-1,E06000061,5,2,2,1,2,"[2, 19]","[0, 8]","[0, 4]","[0, 4]",0,0,1,0,0,0,0,0,10,1
2024340NN3432,2024,340NN3432,489598,267311,-0.6876,52.29663,3,3,4,11:30,-1,E06000061,3,0,2,1,1,19,1,5,0,0,0,0,0,1,0,0,0,10,2
2024340NN3442,2024,340NN3442,495633,266562,-0.59934,52.28888,2,2,5,05:50,-1,E06000061,3,2,1,0,1,19,8,4,0,0,0,1,0,0,0,0,1,10,3
2024340NN3452,2024,340NN3452,494434,267925,-0.61654,52.30134,3,3,5,11:10,-1,E06000061,3,0,1,0,2,9,7,5,0,0,0,1,0,1,0,0,0,10,3
2024340NN3462,2024,340NN3462,488686,272730,-0.69954,52.34548,2,2,5,19:55,-1,E06000061,3,2,1,0,2,"[19, 9]","[1, 3]","[5, 1]",0,0,0,1,0,1,0,0,0,10,3
2024340NN3472,2024,340NN3472,499556,273526,-0.53979,52.35077,2,2,6,19:30,-1,E06000061,4,2,1,0,2,19,3,7,0,0,0,1,0,0,0,0,1,10,4
2024340NN3482,2024,340NN3482,485382,280036,-0.74617,52.41167,2,2,2,06:16,-1,E06000061,3,2,1,1,1,19,2,6,0,0,0,1,0,0,0,0,1,10,7
2024340NN3492,2024,340NN3492,495976,268405,-0.59379,52.30539,3,3,2,07:45,-1,E06000061,3,0,1,1,1,19,5,1,0,0,0,0,0,0,1,0,1,10,7
2024340NN3502,2024,340NN3502,489156,267869,-0.69393,52.30172,2,2,7,18:55,-1,E06000061,6,2,1,0,1,19,5,1,0,0,0,0,0,1,0,0,0,10,5
2024340NN3512,2024,340NN3512,486190,278273,-0.73475,52.3957,3,3,3,16:49,-1,E06000061,3,0,2,1,1,"[3, 19]",7,3,0,0,0,1,0,1,0,0,0,10,8
2024340NN3522,2024,340NN3522,503804,288737,-0.47273,52.48669,3,3,3,19:15,-1,E06000061,5,2,2,1,2,"[19, 9]","[1, 5]","[5, 1]",0,"[1, 0]",0,1,0,1,0,0,0,10,8
2024340NN3532,2024,340NN3532,486756,279035,-0.72624,52.40246,2,2,4,20:00,-1,E06000061,3,2,2,1,1,19,"[7, 1]","[3, 5]",0,0,0,1,0,0,0,0,0,10,9
2024340NN3552,2024,340NN3552,483404,275588,-0.77635,52.372,3,3,3,16:40,-1,E06000061,5,0,2,1,2,19,4,8,0,0,0,1,0,0,0,0,1,10,8
2024340NN3562,2024,340NN3562,487932,289482,-0.70621,52.49617,2,2,6,12:45,-1,E06000061,6,0,1,0,1,19,5,2,0,0,0,1,0,0,0,0,1,10,11
2024340NN3572,2024,340NN3572,487120,278981,-0.7209,52.40192,3,3,6,20:00,-1,E06000061,3,2,1,0,1,"[19, 9]","[7, 3]","[3, 1]",0,0,0,1,0,1,0,0,0,10,11
2024340NN3582,2024,340NN3582,490678,275798,-0.66948,52.37273,3,3,1,00:15,-1,E06000061,5,2,4,1,2,19,6,2,10,2,1,1,0,0,0,0,0,10,13
2024340NN3592,2024,340NN3592,483014,276922,-0.78175,52.38405,3,3,1,22:19,-1,E06000061,5,2,1,0,2,"[2, 19]","[0, 1]","[0, 5]","[0, 4]",0,0,1,0,0,0,0,0,10,13
2024340NN3602,2024,340NN3602,486862,286635,-0.7227,52.47075,3,3,2,10:00,-1,E06000061,3,0,1,1,1,19,1,5,0,0,0,0,0,1,0,0,0,10,14
2024340NN3612,2024,340NN3612,486831,290411,-0.72218,52.50469,3,3,2,17:28,-1,E06000061,3,0,1,0,2,"[12, 19]","[1, 5]","[5, 1]",0,"[0, 1]",0,1,0,0,0,0,0,10,14
2024340NN3622,2024,340NN3622,489740,266312,-0.68578,52.28763,2,2,2,06:50,-1,E06000061,3,2,2,1,2,"[9, 4]",3,1,0,0,0,1,0,1,0,0,0,10,14
2024340NN3632,2024,340NN3632,485367,278883,-0.74669,52.40131,2,"[3, 2]",4,18:09,-1,E06000061,4,2,1,1,1,19,"[5, 1]","[1, 5]",0,0,0,1,0,0,0,0,0,10,16
2024340NN3642,2024,340NN3642,481707,267999,-0.80311,52.30404,3,3,6,00:21,-1,E06000061,5,2,1,1,2,19,3,7,12,1,9,0,0,1,0,0,0,10,18
2024340NN3652,2024,340NN3652,490621,291899,-0.66595,52.51745,3,3,6,12:28,-1,E06000061,5,0,8,1,2,19,2,6,0,"[0, 7]",0,1,0,0,0,0,0,10,18
2024340NN3662,2024,340NN3662,486731,289014,-0.72401,52.49215,3,3,1,19:30,-1,E06000061,6,2,4,1,2,7,8,2,0,0,0,1,0,0,0,0,1,10,20
2024340NN3672,2024,340NN3672,485675,281554,-0.74148,52.42527,3,3,4,15:00,-1,E06000061,5,0,1,0,2,19,"[3, 7]","[7, 3]",0,0,0,1,0,0,0,0,0,10,23
2024340NN3682,2024,340NN3682,487570,277425,-0.71469,52.38786,3,3,5,06:20,-1,E06000061,3,2,1,1,1,19,"[1, 5]","[5, 1]",0,0,0,1,0,0,0,0,0,10,24