collision_index,collision_year,collision_ref_no,location_easting_osgr,location_northing_osgr,longitude,latitude,casualty_severity,casualty_severity,day_of_week,time,local_authority_district,local_authority_ons_district,first_road_class,light_conditions,weather_conditions,road_surface_conditions,urban_or_rural_area,vehicle_manoeuvre,vehicle_direction_from,vehicle_direction_to,hit_object_in_carriageway,vehicle_leaving_carriageway,hit_object_off_carriageway,is_car,is_cyle,is_mcyle,is_goodsv,is_other,is_pedestrian,month,day
2024340NN3692,2024,340NN3692,486519,289814,-0.72693,52.49938,2,2,5,14:15,-1,E06000061,3,0,1,0,2,"[15, 19, 3]","[6, 2]","[2, 6]",0,"[0, 7]","[0, 9]",1,0,0,0,0,0,10,24
2024340NN3702,2024,340NN3702,495161,285080,-0.60101,52.45539,3,3,5,20:45,-1,E06000061,3,2,1,0,2,"[19, 13]","[1, 5]","[5, 1]",0,0,0,1,0,0,1,0,0,10,24
2024340NN3712,2024,340NN3712,487711,278932,-0.71223,52.40138,3,3,6,09:40,-1,E06000061,3,0,7,1,1,19,"[1, 7]","[5, 3]",0,0,0,1,0,0,0,0,0,10,25
2024340NN3722,2024,340NN3722,489920,288844,-0.6771,52.49011,3,3,4,16:53,-1,E06000061,3,0,1,1,1,"[5, -1]","[1, 7]","[4, 3]","[11, 0]",0,0,1,1,0,0,0,0,10,23
2024340NN3732,2024,340NN3732,484698,278899,-0.75651,52.40156,3,3,6,22:05,-1,E06000061,5,2,1,1,2,19,3,7,0,1,4,1,0,0,0,0,0,10,25
2024340NN3742,2024,340NN3742,488987,267952,-0.69639,52.30249,3,3,6,13:40,-1,E06000061,3,0,1,0,1,4,1,5,0,0,0,0,0,0,1,0,1,10,25
2024340NN3752,2024,340NN3752,496186,275717,-0.58862,52.37107,2,2,7,15:50,-1,E06000061,5,0,8,1,2,19,"[1, 5]","[5, 1]",0,0,0,1,0,1,0,0,0,10,26
2024340NN3762,2024,340NN3762,489525,276469,-0.68623,52.37895,3,3,1,19:31,-1,E06000061,6,2,1,1,1,19,7,3,0,0,0,1,0,0,0,0,0,10,6
2024340NN3772,2024,340NN3772,486815,288921,-0.7228,52.4913,3,3,6,09:35,-1,E06000061,6,0,1,0,1,"[10, 19]",5,"[3, 1]",0,0,0,1,0,0,0,0,0,10,11
2024340NN3782,2024,340NN3782,499079,273170,-0.5469,52.34766,3,3,3,23:59,-1,E06000061,5,2,1,0,2,"[19, 2]","[1, 0]","[5, 0]",0,0,0,1,0,0,0,0,1,10,8
2024340NN3792,2024,340NN3792,487972,287649,-0.7061,52.47969,3,3,4,12:20,-1,E06000061,6,0,1,0,1,"[13, 19]",7,3,0,0,0,1,1,0,0,0,0,10,23
2024340NN3802,2024,340NN3802,487450,275931,-0.71685,52.37445,3,3,7,23:15,-1,E06000061,3,2,1,0,1,19,5,1,0,0,0,1,0,0,0,0,0,10,5
2024340NN3812,2024,340NN3812,487880,290696,-0.70665,52.50709,3,3,1,15:15,-1,E06000061,3,0,1,1,2,"[13, 19]",8,4,0,0,0,1,1,0,0,0,0,10,20
2024340NN3822,2024,340NN3822,488110,279747,-0.70615,52.40864,2,2,3,18:30,-1,E06000061,3,2,1,0,1,19,2,6,0,0,0,1,0,0,0,0,1,10,29
2024340NN3832,2024,340NN3832,500570,278007,-0.52357,52.39086,3,3,4,11:07,-1,E06000061,3,0,1,0,2,"[3, 19]",5,1,0,0,0,1,0,0,0,0,0,10,23
2024340NN3842,2024,340NN3842,489589,268100,-0.68752,52.30372,3,3,7,13:44,-1,E06000061,6,0,1,0,1,"[3, 19]","[5, 3]","[1, 7]",0,0,0,1,0,0,0,0,0,11,2
2024340NN3852,2024,340NN3852,483990,282588,-0.76599,52.43482,3,3,7,17:17,-1,E06000061,5,2,1,1,2,19,"[5, 1]","[1, 5]","[0, 6]",0,0,1,0,0,0,0,0,11,2
2024340NN3862,2024,340NN3862,487885,277374,-0.71008,52.38735,2,2,7,14:10,-1,E06000061,3,0,1,0,1,19,1,5,0,0,0,1,0,0,0,0,0,11,2
2024340NN3872,2024,340NN3872,491579,272947,-0.65703,52.34696,3,3,7,19:25,-1,E06000061,3,2,2,1,2,4,1,5,0,1,9,1,0,0,0,0,0,11,2
2024340NN3882,2024,340NN3882,490388,276361,-0.67359,52.37784,2,"[3, 2]",2,02:30,-1,E06000061,3,2,1,0,2,19,3,7,0,1,1,1,0,0,0,0,0,11,4
2024340NN3892,2024,340NN3892,490204,266312,-0.67898,52.28755,3,3,3,16:55,-1,E06000061,3,2,1,0,1,"[19, 3]",5,1,0,0,0,1,0,0,0,0,0,11,5
2024340NN3902,2024,340NN3902,487578,277187,-0.71464,52.38572,3,3,4,07:15,-1,E06000061,6,0,1,0,1,19,1,5,0,0,0,0,0,0,0,0,0,11,6
2024340NN3912,2024,340NN3912,487644,287378,-0.711,52.4773,3,3,5,07:00,-1,E06000061,3,0,2,1,1,19,"[4, 2]","[8, 5]",0,0,0,1,0,0,0,0,0,11,7
2024340NN3922,2024,340NN3922,479885,283408,-0.82616,52.44281,3,3,5,08:25,-1,E06000061,6,0,1,1,1,19,3,7,0,0,0,1,0,0,0,0,1,11,7
2024340NN3932,2024,340NN3932,489376,289222,-0.68501,52.4936,3,3,5,20:48,-1,E06000061,5,2,1,0,1,19,"[5, 1]","[1, 5]","[10, 0]",0,0,1,0,0,0,0,0,11,7
2024340NN3942,2024,340NN3942,486918,266248,-0.72716,52.28751,3,3,5,20:10,-1,E06000061,3,2,1,0,1,19,"[3, 7]","[7, 3]",0,"[0, 7]",0,1,0,0,0,0,0,11,7
2024340NN3952,2024,340NN3952,482514,273380,-0.78996,52.35229,3,3,5,15:00,-1,E06000062,3,0,1,0,2,"[19, 4]",1,5,0,0,0,1,0,0,0,0,0,11,7
2024340NN3962,2024,340NN3962,486164,267780,-0.73782,52.30139,2,"[2, 3]",4,08:14,-1,E06000061,6,0,8,1,1,"[19, 9]","[5, 1]","[1, 5]",0,0,0,1,0,0,0,0,0,11,6
2024340NN3972,2024,340NN3972,489890,268235,-0.68307,52.30489,3,3,7,14:55,-1,E06000061,6,0,1,0,1,"[19, 2]","[8, 0]","[4, 0]","[4, 0]","[0, 1]",0,1,0,0,0,0,0,11,9
2024340NN3982,2024,340NN3982,485775,287259,-0.73854,52.47653,2,2,2,13:05,-1,E06000061,3,0,1,0,2,19,"[1, 3]","[5, 7]",0,0,0,1,0,1,0,0,0,11,11
2024340NN3992,2024,340NN3992,480693,280553,-0.81497,52.41703,3,3,3,07:30,-1,E06000061,3,0,1,0,2,"[7, 19]",7,3,0,0,0,1,0,0,0,0,0,11,12
2024340NN4002,2024,340NN4002,487312,277732,-0.7184,52.39066,3,3,4,10:50,-1,E06000061,3,0,8,0,1,"[9, 19]","[5, 1]","[2, 5]",0,0,0,1,1,0,0,0,0,11,13
2024340NN4013,2024,340NN4013,483628,266450,-0.77533,52.28983,3,3,5,14:23,-1,E06000061,6,0,1,0,2,"[19, 3]","[5, 7]","[1, 3]",0,"[0, 7]","[0, 10]",1,0,0,0,0,0,11,14
2024340NN4022,2024,340NN4022,486432,286480,-0.72907,52.46943,2,2,5,18:30,-1,E06000061,6,2,1,0,1,"[19, 9]","[7, 3]","[3, 1]",0,0,0,1,0,1,0,0,0,11,14
2024340NN4032,2024,340NN4032,486457,278084,-0.73087,52.39396,3,3,6,05:55,-1,E06000061,4,2,1,0,1,"[13, 9]","[4, 2]","[6, 8]",0,0,0,1,0,0,0,0,0,11,15
2024340NN4042,2024,340NN4042,489401,266239,-0.69077,52.28703,2,2,7,01:10,-1,E06000061,3,2,1,0,2,"[19, 2]","[7, 0]","[3, 0]","[4, 0]",0,0,0,0,1,0,1,0,11,16
2024340NN4052,2024,340NN4052,493454,266057,-0.63142,52.28472,2,2,7,18:55,-1,E06000061,4,2,1,1,2,19,3,7,0,0,0,1,1,0,0,0,0,11,16
2024340NN4062,2024,340NN4062,486173,282265,-0.73397,52.43158,3,3,1,18:40,-1,E06000061,3,2,8,1,2,"[12, 19]","[5, 1]","[1, 5]",0,"[6, 0]",0,1,0,0,1,0,0,11,17
2024340NN4072,2024,340NN4072,486826,286647,-0.72323,52.47086,3,3,2,08:15,-1,E06000061,6,0,1,1,1,"[13, 7]",8,4,0,0,"[11, 0]",1,0,0,0,0,0,11,18
2024340NN4082,2024,340NN4082,499429,278164,-0.54028,52.39248,3,3,4,12:26,-1,E06000061,5,0,1,1,2,"[4, 19, 9]","[3, 1, 5]","[7, 5, 3]",0,0,0,1,0,0,0,0,0,11,20
2024340NN4092,2024,340NN4092,487584,277189,-0.71455,52.38574,3,3,5,21:00,-1,E06000061,3,2,8,2,1,"[19, 9]","[1, 7]",5,0,0,0,1,0,0,0,0,0,11,21
2024340NN4102,2024,340NN4102,485467,264865,-0.74878,52.2753,3,3,6,15:03,-1,E06000061,3,0,1,1,2,19,2,6,0,0,0,1,0,0,0,0,0,11,22
2024340NN4112,2024,340NN4112,497075,271248,-0.57686,52.33074,3,3,7,14:57,-1,E06000061,3,0,2,1,2,19,2,6,0,1,9,1,0,0,0,0,0,11,23
2024340NN4122,2024,340NN4122,495944,268712,-0.59417,52.30815,3,3,7,13:20,-1,E06000061,6,0,2,1,1,-1,1,5,0,0,0,1,0,0,0,0,1,11,23
2024340NN4132,2024,340NN4132,490823,290385,-0.66339,52.50381,3,3,2,05:39,-1,E06000061,3,2,1,1,1,"[19, 9]","[5, 7, 3]","[1, 5, 7]",0,0,0,1,0,0,0,0,0,11,25
2024340NN4142,2024,340NN4142,490289,267498,-0.67742,52.2982,2,2,2,17:25,-1,E06000061,4,2,8,1,1,"[9, 19]","[5, 3]","[3, 7]",0,"[0, 7]","[0, 11]",1,0,1,0,0,0,11,25
2024340NN4152,2024,340NN4152,488435,268008,-0.70446,52.30308,3,3,4,16:00,-1,E06000061,6,2,8,1,1,3,3,7,0,0,0,1,0,0,0,0,1,11,27
2024340NN4162,2024,340NN4162,488756,267393,-0.69992,52.2975,2,2,4,17:45,-1,E06000061,4,2,1,0,2,19,3,7,0,0,0,1,0,0,0,0,1,11,27
2024340NN4172,2024,340NN4172,497983,271455,-0.56348,52.33244,3,3,4,16:40,-1,E06000061,5,2,1,1,2,"[19, 4]","[5, 1]","[1, 5]",0,0,0,1,0,0,0,0,0,11,27
2024340NN4182,2024,340NN4182,488973,266836,-0.69689,52.29246,3,3,5,15:30,-1,E06000061,5,0,1,1,1,"[2, 4]",1,5,0,0,0,1,0,0,0,0,0,11,28
2024340NN4192,2024,340NN4192,496759,265635,-0.58311,52.28035,3,3,6,06:59,-1,E06000061,3,2,1,1,2,"[6, 19]",5,"[5, 1]",0,0,0,1,0,1,0,0,0,11,29
2024340NN4202,2024,340NN4202,489329,288620,-0.68587,52.48819,3,3,6,17:10,-1,E06000061,4,2,1,0,1,9,5,3,0,0,0,1,0,0,0,0,1,11,29
2024340NN4212,2024,340NN4212,488798,268118,-0.69911,52.30401,3,3,6,17:12,-1,E06000061,3,2,8,1,1,"[19, 9]","[4, 2]",8,0,0,0,1,0,0,0,0,0,11,29
2024340NN4222,2024,340NN4222,490103,274913,-0.67816,52.36487,2,2,6,19:32,-1,E06000061,5,0,1,0,1,19,1,5,0,0,0,1,0,0,0,0,1,11,29
2024340NN4232,2024,340NN4232,487367,288122,-0.71488,52.48403,3,3,6,09:40,-1,E06000061,5,0,2,1,1,"[19, 8]","[5, 7]","[1, 3]",0,0,0,1,0,0,0,0,0,11,1
2024340NN4242,2024,340NN4242,487079,286828,-0.71946,52.47245,2,2,3,18:46,-1,E06000061,3,2,1,0,1,"[4, 3]",1,5,0,0,0,1,0,0,0,0,0,11,5
2024340NN4252,2024,340NN4252,488410,288540,-0.69942,52.48762,3,3,3,14:00,-1,E06000061,5,0,1,0,1,"[1, 3]","[1, 5]","[5, 1]",0,0,0,0,0,1,0,1,0,11,5
2024340NN4262,2024,340NN4262,488279,271632,-0.7058,52.33568,3,3,2,17:15,-1,E06000061,3,2,8,0,2,19,1,5,0,0,0,1,0,0,0,0,0,11,25
2024340NN4272,2024,340NN4272,496860,266294,-0.58144,52.28626,3,3,3,18:05,-1,E06000061,5,2,2,1,2,"[9, 19]","[7, 8]",4,0,0,0,1,0,0,0,0,0,11,26
2024340NN4282,2024,340NN4282,489456,268059,-0.68948,52.30338,3,3,3,17:20,-1,E06000061,3,2,1,0,1,3,9,9,0,0,0,1,0,0,0,0,1,11,5
2024340NN4292,2024,340NN4292,503593,289014,-0.47575,52.48922,3,3,7,00:45,-1,E06000061,5,2,1,0,2,"[19, 9]","[5, 7]","[1, 5]",0,0,0,1,1,0,0,0,0,11,9
2024340NN4302,2024,340NN4302,492997,289874,-0.63151,52.49885,3,3,1,13:10,-1,E06000061,3,0,1,0,2,7,5,7,0,0,0,1,0,0,0,0,0,11,3
2024340NN4312,2024,340NN4312,484794,279576,-0.75493,52.40763,3,3,2,16:10,-1,E06000061,3,0,1,0,2,"[11, 19]",9,9,"[0, 10]",0,0,1,0,0,1,0,0,11,11
2024340NN4322,2024,340NN4322,494384,267912,-0.61727,52.30123,3,3,6,18:16,-1,E06000061,3,2,1,0,2,"[9, 19]","[3, 7]","[1, 3]",0,0,0,1,0,0,0,0,0,11,15
2024340NN4332,2024,340NN4332,487036,280123,-0.72184,52.41219,3,3,4,13:15,-1,E06000061,6,0,1,0,1,9,1,7,0,0,0,1,0,0,0,0,1,11,13
2024340NN4342,2024,340NN4342,488072,274650,-0.70805,52.36284,3,3,4,08:35,-1,E06000061,3,0,2,1,2,3,1,5,0,0,0,1,0,0,0,0,0,11,27
2024340NN4352,2024,340NN4352,488663,278431,-0.69837,52.39673,2,2,2,09:16,-1,E06000061,5,0,1,1,1,5,5,1,0,7,4,1,0,0,0,0,0,12,2
2024340NN4362,2024,340NN4362,481951,269858,-0.79908,52.32071,2,2,2,21:05,-1,E06000061,3,2,1,1,2,19,"[1, 5]","[5, 1]",0,"[0, 1]","[0, 9]",1,0,0,0,0,0,12,2
2024340NN4372,2024,340NN4372,490784,274035,-0.6684,52.35687,2,2,4,08:30,-1,E06000061,3,0,7,1,2,"[19, 9, 10]","[5, 7, 1]","[1, 3, 7]",0,0,0,1,0,1,0,0,0,12,4
2024340NN4382,2024,340NN4382,487736,278435,-0.71199,52.39691,3,3,5,08:20,-1,E06000061,3,0,1,1,1,19,1,5,0,0,0,1,0,0,0,0,1,12,5
2024340NN4392,2024,340NN4392,490003,269461,-0.68109,52.31589,3,3,5,11:43,-1,E06000061,3,0,1,1,1,"[14, 2]","[5, 0]","[8, 0]",0,0,0,1,0,0,0,0,0,12,5
2024340NN4402,2024,340NN4402,489755,263184,-0.68639,52.25951,3,3,4,16:00,-1,E06000061,5,2,2,1,2,"[19, -1]","[3, -1]","[6, -1]",0,"[8, 0]","[1, 0]",1,0,0,0,1,0,12,4
2024340NN4412,2024,340NN4412,491627,289503,-0.65179,52.49575,3,3,6,16:25,-1,E06000061,3,2,4,1,2,"[19, 5]","[1, 3]","[5, 7]",0,"[0, 1]",0,1,0,0,0,0,0,12,6
2024340NN4422,2024,340NN4422,488052,265917,-0.71063,52.28435,2,2,7,10:50,-1,E06000061,6,0,5,1,2,19,8,4,0,0,2,1,0,0,0,0,0,12,7
2024340NN4432,2024,340NN4432,487990,270881,-0.71024,52.32898,3,3,7,18:20,-1,E06000061,3,2,4,1,2,"[19, 9]","[5, 7]","[1, 5]",0,0,0,1,0,0,0,0,0,12,7
2024340NN4442,2024,340NN4442,477286,279121,-0.86538,52.40465,3,3,1,02:20,-1,E06000061,3,2,5,1,2,19,3,7,"[4, 7]",0,"[0, 6]",1,0,0,1,0,0,12,8
2024340NN4452,2024,340NN4452,486088,283168,-0.73499,52.43971,3,3,2,04:51,-1,E06000061,3,2,2,1,2,19,7,3,0,1,"[7, 1]",1,0,0,0,0,0,12,9
2024340NN4462,2024,340NN4462,492830,269271,-0.63968,52.31371,3,3,2,13:20,-1,E06000061,4,0,5,1,2,19,3,7,0,1,4,1,0,0,0,0,0,12,9
2024340NN4472,2024,340NN4472,496524,268857,-0.58563,52.30935,3,3,3,17:00,-1,E06000061,4,2,8,1,2,"[19, 9]","[7, 5]",3,0,0,0,1,0,0,0,0,0,12,3
2024340NN4482,2024,340NN4482,486365,278282,-0.73218,52.39575,3,3,6,08:42,-1,E06000061,3,0,5,1,1,"[5, 9]","[7, 5]","[5, 3]",0,0,0,1,0,0,0,0,0,12,13
2024340NN4492,2024,340NN4492,483581,276443,-0.77354,52.37966,2,2,6,16:30,-1,E06000061,3,2,8,1,2,"[4, 19]",5,1,0,0,0,1,0,0,0,0,0,12,13
2024340NN4502,2024,340NN4502,493033,268238,-0.63699,52.30439,3,3,6,18:00,-1,E06000061,6,2,8,1,2,19,5,1,2,0,1,1,0,0,0,0,0,12,13
2024340NN4512,2024,340NN4512,495711,266504,-0.59822,52.28835,3,3,7,12:00,-1,E06000061,3,0,8,0,1,19,"[1, 7]","[5, 3]",0,0,0,1,0,0,0,1,0,12,14
2024340NN4522,2024,340NN4522,487751,278685,-0.71171,52.39916,2,2,6,19:30,-1,E06000061,3,2,1,1,1,"[5, 9]","[5, 1]","[1, 6]",0,"[1, 0]",0,1,0,1,0,0,0,12,13
2024340NN4532,2024,340NN4532,488466,273950,-0.70245,52.35648,3,3,7,21:48,-1,E06000061,3,2,1,0,2,19,5,1,0,0,0,1,0,0,0,0,0,12,14
2024340NN4542,2024,340NN4542,495611,272155,-0.59808,52.33915,3,3,1,17:19,-1,E06000061,6,2,1,0,2,"[2, 19]","[0, 1]","[0, 5]",0,0,0,1,0,0,0,0,0,12,15
2024340NN4552,2024,340NN4552,480175,287580,-0.8209,52.48027,2,2,2,15:23,-1,E06000061,3,0,1,0,2,19,7,3,0,0,1,0,0,1,0,0,0,12,16
2024340NN4562,2024,340NN4562,488721,277755,-0.6977,52.39064,3,3,2,15:35,-1,E06000061,6,0,1,0,1,5,3,7,0,0,0,1,0,0,0,0,1,12,16
2024340NN4572,2024,340NN4572,489289,267691,-0.69203,52.3001,3,3,3,00:45,-1,E06000061,3,2,1,1,1,19,5,1,0,7,2,1,0,0,0,0,0,12,17
2024340NN4582,2024,340NN4582,487775,288096,-0.70888,52.48374,3,3,3,15:29,-1,E06000061,6,0,1,0,1,"[19, 12]","[7, 3]","[3, 7]",0,0,0,1,0,0,0,0,1,12,17
2024340NN4592,2024,340NN4592,497917,263420,-0.56678,52.26024,3,3,3,16:15,-1,E06000061,3,2,1,1,2,"[4, 19]",8,4,0,0,0,1,0,0,0,0,0,12,17
2024340NN4602,2024,340NN4602,489278,266205,-0.69258,52.28674,3,3,4,19:08,-1,E06000061,3,2,2,1,2,19,7,3,0,0,0,1,0,0,0,0,0,12,18
2024340NN4612,2024,340NN4612,495709,267141,-0.59807,52.29407,3,3,6,09:30,-1,E06000061,3,0,1,0,1,"[19, 2]","[1, 0]","[5, 0]",0,0,0,1,0,0,1,0,0,12,20
2024340NN4622,2024,340NN4622,486309,279529,-0.73268,52.40697,3,3,1,16:00,-1,E06000061,6,2,5,1,1,-1,-1,-1,0,0,0,1,0,0,0,0,1,12,22
2024340NN4632,2024,340NN4632,492197,290315,-0.64317,52.50295,3,3,3,18:55,-1,E06000061,6,2,1,1,1,"[19, 2]","[7, 0]","[3, 0]",0,"[0, 1]","[0, 11]",1,0,0,0,0,0,12,24
2024340NN4642,2024,340NN4642,484433,279972,-0.76014,52.41124,3,3,4,11:45,-1,E06000061,3,0,1,0,2,"[19, 15]",7,3,0,0,0,1,0,0,0,0,0,12,25
2024340NN4652,2024,340NN4652,488670,277249,-0.69858,52.3861,3,3,7,04:30,-1,E06000061,3,2,1,0,2,19,3,7,"[10, 0]","[8, 0]","[4, 0]",1,0,0,0,0,0,12,28
2024340NN4662,2024,340NN4662,485774,287257,-0.73856,52.47651,3,3,7,06:12,-1,E06000061,3,2,7,1,2,"[5, 19, 2]","[3, 1, 0]","[1, 5, 0]",0,"[0, 5]",0,1,0,0,0,1,0,12,28
2024340NN4672,2024,340NN4672,490785,274035,-0.66838,52.35687,2,2,7,15:23,-1,E06000061,3,2,8,1,2,"[9, 19]","[7, 5]","[5, 1]",0,0,0,1,0,0,0,0,0,12,28
2024340NN4682,2024,340NN4682,482691,263881,-0.78969,52.26688,2,2,3,21:00,-1,E06000061,3,2,1,0,2,"[19, 9]",5,"[1, 3]",0,0,0,1,0,0,0,0,0,12,31
2024340NN4692,2024,340NN4692,489106,288866,-0.68908,52.49044,3,3,4,13:00,-1,E06000061,5,0,1,1,1,"[10, 19]",7,"[5, 3]",0,0,0,1,0,0,0,1,0,12,4
2024340NN4702,2024,340NN4702,487823,278466,-0.71071,52.39718,3,3,6,18:25,-1,E06000061,5,2,1,1,1,19,3,7,0,0,0,1,0,0,0,0,1,12,6
2024340NN4712,2024,340NN4712,489881,269724,-0.68281,52.31827,3,3,5,22:09,-1,E06000061,6,2,2,1,1,"[8, 7]",1,5,0,0,0,1,0,0,0,0,0,12,5
2024340NN4722,2024,340NN4722,488261,269672,-0.70658,52.31807,3,3,3,16:35,-1,E06000061,3,2,1,0,2,"[3, 19]",5,1,0,0,0,1,0,0,0,0,0,12,17
2024340NN4732,2024,340NN4732,488023,288877,-0.70503,52.49071,3,3,3,17:35,-1,E06000061,5,2,8,0,1,"[9, 19]","[7, 3]","[5, 7]",0,0,0,1,1,0,0,0,0,12,3
2024340NN4742,2024,340NN4742,486727,279149,-0.72663,52.40349,3,3,3,19:13,-1,E06000061,3,2,1,0,1,"[7, 19]","[7, 5]",1,0,0,0,1,1,0,0,0,0,12,3
2024340NN4752,2024,340NN4752,487936,278468,-0.70904,52.39718,3,3,3,20:00,-1,E06000061,5,2,1,0,1,"[19, 9]","[7, 5]",3,0,"[2, 0]",0,1,0,0,0,0,0,12,10
2024340NN4762,2024,340NN4762,486751,279006,-0.72632,52.4022,3,3,4,19:10,-1,E06000061,6,2,1,0,1,7,5,1,0,0,0,1,0,0,0,0,1,12,11
2024340NN4772,2024,340NN4772,485362,263923,-0.75055,52.26685,3,3,2,17:40,-1,E06000061,6,2,1,0,2,1,6,2,0,0,0,1,0,0,0,0,1,12,16
2024340NN9012,2024,340NN9012,500564,277213,-0.52389,52.38373,1,"[3, 1, 2]",7,08:00,-1,E06000061,3,0,1,1,2,"[19, 10]","[5, 1]","[1, 5]",0,"[0, 2]",0,1,0,0,0,0,0,2,10
2024340NN9022,2024,340NN9022,479099,285121,-0.83732,52.45832,1,1,1,02:34,-1,E06000061,4,2,7,1,2,19,8,4,0,1,11,1,0,0,0,0,0,2,11
2024340NN9032,2024,340NN9032,495652,293772,-0.5913,52.53342,1,1,7,04:35,-1,E06000061,3,2,1,0,2,19,"[5, 1]","[1, 5]",0,"[7, 0]",0,1,0,0,1,0,0,3,16
2024340NN9042,2024,340NN9042,489536,267841,-0.68837,52.3014,1,1,5,22:20,-1,E06000061,4,2,1,0,1,"[9, 19]","[3, 7]","[1, 3]",0,0,0,1,0,1,0,0,0,6,20
2024340NN9052,2024,340NN9052,502082,280959,-0.50046,52.41711,1,"[3, 1]",2,09:00,-1,E06000061,3,0,1,0,2,"[13, 19]","[5, 1]","[1, 5]",0,"[0, 1]",0,1,0,0,0,1,0,7,15
2024340NN9062,2024,340NN9062,500115,274766,-0.53122,52.36182,1,"[1, 2]",7,11:47,-1,E06000061,3,0,1,0,2,19,"[1, 5]","[5, 1]",0,0,0,1,0,0,0,0,0,7,20
2024340NN9072,2024,340NN9072,495899,294765,-0.58737,52.54231,1,"[3, 1, 2]",5,11:45,-1,E06000061,3,0,1,0,2,19,"[1, 5]","[5, 1]",0,0,0,1,0,0,0,0,0,8,8
2024340NN9082,2024,340NN9082,482540,270653,-0.79025,52.32777,1,"[3, 1, 2]",2,15:42,-1,E06000061,3,0,1,0,2,19,"[5, 1]","[1, 5]",0,0,0,1,0,0,1,0,0,10,7
2024340NN9092,2024,340NN9092,489627,276017,-0.68485,52.37487,1,1,6,11:19,-1,E06000061,3,0,1,0,2,19,3,7,0,0,0,0,0,0,1,0,1,11,8
2024340NN9102,2024,340NN9102,485469,264871,-0.74875,52.27536,1,1,1,01:45,-1,E06000061,3,2,2,1,2,19,7,3,0,0,0,1,0,0,0,0,1,11,24
2024340NN9112,2024,340NN9112,495498,269624,-0.60046,52.31643,1,1,6,15:30,-1,E06000061,3,2,1,1,2,"[19, 2, 4]",3,7,0,0,0,1,0,1,0,0,0,11,29
2024340NN9122,2024,340NN9122,502221,277650,-0.49942,52.38735,1,1,3,17:25,-1,E06000061,3,2,1,1,2,19,3,7,0,1,4,1,0,0,0,0,0,12,24
2024340NN9132,2024,340NN9132,496860,266810,-0.58129,52.2909,1,1,4,19:25,-1,E06000061,3,2,7,0,2,19,5,1,0,0,0,1,0,0,0,0,1,12,25
2024340WN0012,2024,340WN0012,475814,256195,-0.89217,52.19878,3,3,2,19:00,-1,E06000062,5,2,2,1,2,"[19, 9]","[7, 1]","[3, 5]",0,0,0,1,0,0,0,0,0,1,1
2024340WN0022,2024,340WN0022,457606,273522,-1.15558,52.35674,3,3,3,09:51,-1,E06000062,1,0,2,1,2,19,1,5,0,0,6,1,0,0,0,0,0,1,2
2024340WN0032,2024,340WN0032,475886,260773,-0.89009,52.23992,3,3,4,16:30,-1,E06000062,3,2,1,1,1,"[19, 6]","[4, 8]",8,0,0,0,1,1,0,0,0,0,1,3
2024340WN0042,2024,340WN0042,471008,247814,-0.96422,52.12409,3,3,4,14:45,-1,E06000062,5,0,1,1,2,19,6,2,0,7,0,1,0,0,0,0,0,1,3
2024340WN0052,2024,340WN0052,456247,273189,-1.17559,52.35389,3,3,5,16:20,-1,E06000062,3,2,1,0,2,"[3, 19]","[8, 0]","[4, 0]",0,0,0,1,0,1,0,0,0,1,4
2024340WN0062,2024,340WN0062,458826,237456,-1.14392,52.0324,3,3,6,08:26,-1,E06000062,5,0,1,1,1,19,"[2, 6]","[6, 2]",0,0,0,1,0,0,0,0,0,1,5
2024340WN0072,2024,340WN0072,471000,258053,-0.9622,52.21613,3,3,6,23:10,-1,E06000062,1,2,1,0,2,"[19, 12]",8,4,0,0,0,1,0,0,1,0,0,1,5
2024340WN0082,2024,340WN0082,478846,261128,-0.84667,52.2427,2,2,1,17:30,-1,E06000062,5,2,1,0,1,19,3,7,0,0,0,1,0,0,0,0,1,1,7
2024340WN0092,2024,340WN0092,473503,258998,-0.92537,52.22429,3,3,6,16:15,-1,E06000062,3,2,1,0,1,"[3, 19]",3,7,0,0,0,1,0,0,0,0,0,1,5
2024340WN0102,2024,340WN0102,475796,260878,-0.89138,52.24088,3,3,5,20:13,-1,E06000062,6,2,2,1,1,19,3,7,0,0,0,0,0,0,0,0,1,1,4
2024340WN0112,2024,340WN0112,459446,242445,-1.13402,52.07718,2,2,2,09:30,-1,E06000062,4,0,1,0,2,19,7,3,0,2,4,0,0,0,1,0,0,1,8
2024340WN0122,2024,340WN0122,475333,261075,-0.89812,52.24271,3,3,1,19:30,-1,E06000062,3,2,1,1,1,9,1,6,0,0,0,1,0,0,0,0,0,1,7
2024340WN0132,2024,340WN0132,478908,260769,-0.84584,52.23946,2,"[2, 3]",3,14:45,-1,E06000062,3,0,1,0,1,4,6,2,0,0,0,1,0,0,1,0,0,1,9
2024340WN0142,2024,340WN0142,473783,282009,-0.91622,52.43109,3,3,4,06:52,-1,E06000062,3,2,8,2,2,19,1,5,0,1,4,1,0,0,0,0,0,1,10
2024340WN0152,2024,340WN0152,474207,252239,-0.91654,52.16344,3,3,4,09:00,-1,E06000062,6,0,8,2,2,19,"[4, 8]","[8, 4]",0,"[0, 1]",0,1,0,0,0,0,0,1,10
2024340WN0162,2024,340WN0162,465475,246725,-1.04524,52.11498,2,"[2, 3]",5,12:25,-1,E06000062,5,0,1,0,2,"[19, 5]","[7, 5]","[3, 1]",0,"[1, 3]","[7, 0]",1,0,0,0,0,0,1,11
2024340WN0172,2024,340WN0172,477946,264847,-0.85899,52.27626,3,3,5,23:27,-1,E06000062,5,2,1,1,1,19,8,4,0,1,4,1,0,0,0,0,0,1,11
2024340WN0182,2024,340WN0182,470421,256419,-0.97101,52.20151,3,3,7,11:00,-1,E06000062,5,0,1,1,2,19,"[8, 2]","[4, 6]",0,0,0,1,0,0,0,0,0,1,13
2024340WN0192,2024,340WN0192,466542,266718,-1.02574,52.29457,3,3,7,16:35,-1,E06000062,5,2,2,1,2,19,1,5,0,7,4,1,0,0,0,0,0,1,13
2024340WN0202,2024,340WN0202,476305,254136,-0.88545,52.18021,3,3,1,02:00,-1,E06000062,1,2,1,0,2,19,4,8,"[0, 1]",0,"[6, 7]",1,0,0,0,0,0,1,14
2024340WN0212,2024,340WN0212,478474,262073,-0.85189,52.25125,3,3,1,17:44,-1,E06000062,3,2,1,0,1,19,2,6,0,0,4,1,0,0,0,0,0,1,14