collision_index,collision_year,collision_ref_no,location_easting_osgr,location_northing_osgr,longitude,latitude,casualty_severity,casualty_severity,day_of_week,time,local_authority_district,local_authority_ons_district,first_road_class,light_conditions,weather_conditions,road_surface_conditions,urban_or_rural_area,vehicle_manoeuvre,vehicle_direction_from,vehicle_direction_to,hit_object_in_carriageway,vehicle_leaving_carriageway,hit_object_off_carriageway,is_car,is_cyle,is_mcyle,is_goodsv,is_other,is_pedestrian,month,day
2024340WN1672,2024,340WN1672,467188,270695,-1.01547,52.33024,3,3,3,22:41,-1,E06000062,5,2,2,1,2,19,3,7,0,1,0,1,0,0,0,0,0,3,26
2024340WN1682,2024,340WN1682,471766,261741,-0.95021,52.24918,3,3,4,17:25,-1,E06000062,5,0,1,0,1,"[19, 9]","[1, 5]","[5, 3]",0,0,0,0,0,1,0,0,0,3,27
2024340WN1692,2024,340WN1692,476724,259988,-0.878,52.23275,3,3,1,07:45,-1,E06000062,3,0,1,0,1,"[19, 9]","[1, 5]","[5, 3]",0,0,0,1,0,0,0,0,0,3,24
2024340WN1702,2024,340WN1702,474945,243733,-0.90762,52.08688,3,3,5,23:12,-1,E06000062,3,2,8,1,2,"[9, 13]","[3, 8]","[8, 4]","[0, 7]","[0, 4]","[0, 1]",1,0,0,0,0,0,3,28
2024340WN1712,2024,340WN1712,464566,252250,-1.05746,52.16475,3,3,6,14:26,-1,E06000062,5,0,1,1,2,19,"[4, 6]","[8, 2]",0,"[0, 1]","[0, 9]",1,0,0,0,0,0,3,29
2024340WN1722,2024,340WN1722,475652,260123,-0.89366,52.23411,3,3,6,12:05,-1,E06000062,3,0,2,1,2,"[19, 9]","[3, 1]","[7, 5]",0,0,0,1,0,0,0,0,0,3,29
2024340WN1732,2024,340WN1732,473925,262667,-0.91839,52.25722,3,3,7,19:19,-1,E06000062,6,2,1,0,1,9,8,6,0,0,0,1,0,0,0,0,0,3,30
2024340WN1742,2024,340WN1742,475432,246782,-0.89984,52.11423,3,3,7,17:03,-1,E06000062,3,0,1,0,2,19,1,5,0,"[0, 1]",0,1,0,0,0,0,0,3,30
2024340WN1752,2024,340WN1752,460577,277596,-1.11123,52.39304,3,3,7,16:12,-1,E06000062,3,0,1,0,2,19,7,3,0,"[0, 1]","[0, 4]",1,0,0,0,0,0,3,30
2024340WN1762,2024,340WN1762,475216,260783,-0.8999,52.24011,3,3,7,10:00,-1,E06000062,3,0,1,0,1,19,1,5,0,0,0,1,0,0,0,0,1,3,30
2024340WN1772,2024,340WN1772,467338,259505,-1.0155,52.22964,3,3,3,16:19,-1,E06000062,3,0,1,0,2,"[5, 19]","[3, 1]","[7, 6]",0,0,0,1,1,0,0,0,0,4,2
2024340WN1782,2024,340WN1782,460558,265699,-1.11365,52.2861,2,2,6,07:00,-1,E06000062,3,0,2,1,2,19,1,5,0,1,11,1,0,0,0,0,0,4,5
2024340WN1792,2024,340WN1792,477350,263157,-0.86811,52.26115,3,3,6,01:00,-1,E06000062,6,2,1,0,1,19,3,7,0,0,0,1,0,0,0,0,1,3,15
2024340WN1802,2024,340WN1802,458163,250855,-1.1513,52.15292,3,3,7,15:01,-1,E06000062,5,0,1,0,2,19,3,7,0,7,4,1,0,0,0,0,0,4,6
2024340WN1812,2024,340WN1812,476090,260817,-0.88709,52.24029,3,3,7,14:08,-1,E06000062,3,0,1,0,1,7,3,7,0,0,0,0,0,0,1,0,1,4,20
2024340WN1822,2024,340WN1822,459114,269299,-1.13418,52.31862,3,3,2,15:00,-1,E06000062,1,0,1,0,2,"[19, 11]",5,1,0,0,0,1,0,0,1,0,0,4,15
2024340WN1832,2024,340WN1832,475203,260146,-0.90023,52.23438,3,3,4,10:30,-1,E06000062,3,0,1,0,1,"[9, 19]","[7, 3]","[4, 7]",0,0,0,1,0,0,0,0,0,4,10
2024340WN1842,2024,340WN1842,479578,262537,-0.83562,52.25526,3,3,4,17:45,-1,E06000062,6,0,1,1,1,"[5, 19]","[7, 5]","[3, 1]",0,0,0,1,0,1,0,0,0,4,10
2024340WN1852,2024,340WN1852,475906,255813,-0.89091,52.19534,3,3,5,05:04,-1,E06000062,6,2,1,0,2,7,"[7, 8]",2,0,"[1, 0]",0,1,0,0,0,0,0,4,11
2024340WN1862,2024,340WN1862,473487,258986,-0.9256,52.22419,3,3,5,15:50,-1,E06000062,3,0,1,0,1,19,"[1, 3]","[5, 7]",0,"[1, 0]",0,1,0,0,0,0,0,4,11
2024340WN1872,2024,340WN1872,464613,274446,-1.05253,52.36427,3,3,6,01:40,-1,E06000062,5,2,1,0,2,19,5,1,0,8,0,1,0,0,0,0,0,4,12
2024340WN1882,2024,340WN1882,472430,258686,-0.94114,52.22163,3,3,7,13:03,-1,E06000062,5,0,1,0,1,"[19, 9]","[1, 5]","[5, 3]","[11, 0]",0,0,1,0,0,0,0,0,4,13
2024340WN1892,2024,340WN1892,480679,264102,-0.81912,52.26917,3,3,7,19:25,-1,E06000062,6,0,1,0,1,"[19, 9]","[2, 4]","[6, 2]",0,0,0,1,0,1,0,0,0,4,13
2024340WN1902,2024,340WN1902,450987,253303,-1.25581,52.17564,3,3,7,10:10,-1,E06000062,5,0,1,0,2,"[5, 19]","[5, 3]","[1, 7]",0,"[0, 7]","[0, 1]",1,0,0,0,0,0,4,13
2024340WN1912,2024,340WN1912,475712,262552,-0.89224,52.25594,3,3,1,18:49,-1,E06000062,6,0,1,0,1,"[2, 19]","[0, 2]","[0, 6]","[0, 4, 10]",0,"[0, 7]",1,0,0,0,0,0,4,14
2024340WN1922,2024,340WN1922,477507,243834,-0.87022,52.08744,3,3,2,07:45,-1,E06000062,3,0,2,1,2,"[10, 3, 19]",4,8,0,0,0,1,0,0,0,0,0,4,15
2024340WN1932,2024,340WN1932,477764,260024,-0.86276,52.23293,3,3,4,20:00,-1,E06000062,3,2,1,1,2,"[11, 12]",6,2,0,0,0,0,0,1,1,0,0,4,17
2024340WN1942,2024,340WN1942,458742,277802,-1.13815,52.39509,2,2,5,12:45,-1,E06000062,3,0,1,0,2,"[4, 19]",7,3,0,0,0,0,0,0,1,0,0,4,18
2024340WN1952,2024,340WN1952,474815,260390,-0.90585,52.23663,3,3,4,15:00,-1,E06000062,3,0,1,0,1,19,3,7,0,0,0,0,0,0,0,0,1,4,17
2024340WN1962,2024,340WN1962,475296,253185,-0.90041,52.1718,3,3,5,17:00,-1,E06000062,3,0,1,0,2,"[19, 6]",1,"[5, 1]",0,0,0,1,0,1,0,0,0,4,18
2024340WN1972,2024,340WN1972,475503,257979,-0.89632,52.21486,3,3,6,19:00,-1,E06000062,3,0,1,0,2,5,1,5,0,0,0,1,0,0,0,0,0,4,19
2024340WN1982,2024,340WN1982,475427,258824,-0.89724,52.22247,3,3,6,19:17,-1,E06000062,3,0,1,0,1,"[19, 9]","[5, 7]","[1, 5]",0,0,0,1,0,0,0,0,0,4,19
2024340WN1992,2024,340WN1992,472780,258852,-0.93598,52.22308,3,3,6,18:14,-1,E06000062,3,0,1,0,2,"[9, 7]","[5, 1]",2,0,0,0,1,0,1,0,0,0,4,19
2024340WN2002,2024,340WN2002,476623,261152,-0.87921,52.24323,3,3,7,18:59,-1,E06000062,6,0,1,0,1,19,"[3, 1]","[7, 5]",0,"[0, 1]","[0, 1]",1,0,0,0,0,0,4,20
2024340WN2012,2024,340WN2012,475847,256183,-0.89169,52.19867,3,3,3,22:08,-1,E06000062,5,2,1,0,2,19,1,5,0,0,0,1,0,0,0,0,0,4,16
2024340WN2022,2024,340WN2022,463331,259720,-1.07412,52.23204,3,3,2,09:50,-1,E06000062,3,0,2,1,2,"[9, 19]","[2, 8]","[8, 4]",0,"[0, 7]",0,1,0,0,0,0,0,4,22
2024340WN2032,2024,340WN2032,469534,270141,-0.98117,52.32497,2,2,4,15:51,-1,E06000062,5,0,1,0,2,"[19, 5]","[3, 4]","[7, 8]",0,0,0,1,0,1,0,0,0,4,24
2024340WN2042,2024,340WN2042,471137,252392,-0.96138,52.16522,3,3,6,15:15,-1,E06000062,3,0,1,0,2,"[19, 9]","[2, 6]","[6, 3]",0,"[0, 4]",0,1,0,0,0,0,0,4,26
2024340WN2052,2024,340WN2052,486920,278217,-0.72404,52.39508,3,3,7,15:25,-1,E06000061,3,0,1,0,1,9,3,1,0,0,0,1,0,0,0,0,1,4,27
2024340WN2062,2024,340WN2062,456001,260606,-1.18129,52.2408,3,3,1,01:30,-1,E06000062,5,2,2,1,2,19,7,3,0,1,9,1,0,0,0,0,0,4,28
2024340WN2072,2024,340WN2072,475396,260080,-0.89742,52.23376,3,3,1,16:00,-1,E06000062,3,0,1,0,1,19,"[3, 5]","[7, 1]",0,0,0,1,0,0,0,0,0,4,28
2024340WN2082,2024,340WN2082,474729,253070,-0.90873,52.17084,3,3,2,09:00,-1,E06000062,6,0,1,0,2,"[14, 19]","[3, 7]","[7, 3]",0,0,0,1,0,0,0,0,0,4,29
2024340WN2092,2024,340WN2092,476186,261051,-0.88563,52.24238,3,3,2,15:30,-1,E06000062,3,0,1,0,1,19,1,5,0,0,0,1,0,0,0,0,1,4,29
2024340WN2102,2024,340WN2102,477316,261885,-0.8689,52.24972,3,3,3,07:00,-1,E06000062,3,0,1,0,1,19,"[5, 7]","[1, 3]",0,"[0, 1]","[0, 1]",1,0,0,0,0,0,4,30
2024340WN2112,2024,340WN2112,452223,233356,-1.24078,51.9962,3,3,3,08:10,-1,E06000062,4,0,1,0,2,"[9, 19]","[3, 7]","[7, 5]",0,0,0,1,0,0,0,0,0,4,30
2024340WN2122,2024,340WN2122,476475,261083,-0.88139,52.24263,2,"[3, 2]",3,13:15,-1,E06000062,6,0,1,0,1,5,5,2,0,0,11,1,0,0,0,0,1,4,30
2024340WN2132,2024,340WN2132,479767,262540,-0.83285,52.25526,3,3,3,18:59,-1,E06000062,3,0,8,0,1,"[19, 9]","[2, 8]",6,0,0,0,1,0,0,0,0,0,4,30
2024340WN2142,2024,340WN2142,457547,264229,-1.15803,52.27321,3,3,3,22:34,-1,E06000062,3,2,1,0,1,"[19, 4]",5,1,0,0,0,1,0,0,0,0,0,4,30
2024340WN2152,2024,340WN2152,456913,266710,-1.16691,52.29558,3,3,2,20:29,-1,E06000062,3,2,1,1,2,7,5,8,0,1,4,1,0,0,0,0,0,4,29
2024340WN2162,2024,340WN2162,481633,257962,-0.80662,52.21384,3,3,3,06:55,-1,E06000062,5,0,1,0,2,19,"[5, 1]","[1, 5]",0,0,0,1,0,0,0,0,0,4,30
2024340WN2172,2024,340WN2172,461111,277542,-1.10339,52.3925,3,3,3,19:50,-1,E06000062,3,0,1,2,2,"[5, 13]",3,7,0,0,0,1,0,0,0,0,0,4,16
2024340WN2182,2024,340WN2182,475507,260941,-0.8956,52.24149,3,3,5,20:15,-1,E06000062,6,2,2,1,1,"[9, 19]","[5, 2]","[1, 6]",0,"[1, 0]",0,1,1,0,0,0,0,4,18
2024340WN2192,2024,340WN2192,478798,264941,-0.84648,52.27698,3,3,1,17:27,-1,E06000062,3,0,1,0,1,"[3, 19]",7,3,0,0,0,1,0,0,0,0,1,4,21
2024340WN2202,2024,340WN2202,475418,259438,-0.89724,52.22799,3,3,3,10:00,-1,E06000062,5,0,1,0,1,19,3,7,0,0,0,0,0,0,0,0,1,4,30
2024340WN2212,2024,340WN2212,480351,259666,-0.82498,52.22934,3,3,7,14:28,-1,E06000062,6,0,1,0,2,"[2, 19]","[0, 1]","[0, 5]","[0, 4]",0,0,1,0,1,0,0,0,4,6
2024340WN2222,2024,340WN2222,474116,260887,-0.91598,52.24119,3,3,3,22:55,-1,E06000062,3,2,1,0,1,19,"[6, 4]","[2, 8]",0,0,"[0, 1]",1,0,0,0,0,0,4,9
2024340WN2232,2024,340WN2232,475859,257974,-0.89111,52.21477,3,3,2,16:50,-1,E06000062,6,0,1,0,1,"[5, 19]","[1, 3]","[5, 7]",0,0,0,1,1,0,0,0,0,4,15
2024340WN2242,2024,340WN2242,475840,260948,-0.89072,52.2415,2,2,3,15:40,-1,E06000062,5,0,1,0,1,"[2, 19]","[0, 1]","[0, 5]","[0, 8]",0,0,1,1,0,0,0,0,4,23
2024340WN2252,2024,340WN2252,475685,260137,-0.89317,52.23424,3,3,3,17:50,-1,E06000062,3,0,1,0,2,19,2,6,0,0,0,1,0,0,0,0,1,4,30
2024340WN2262,2024,340WN2262,475727,260497,-0.89248,52.23747,2,2,7,17:50,-1,E06000062,5,0,1,0,1,19,2,6,0,0,0,0,0,0,0,0,1,4,20
2024340WN2272,2024,340WN2272,472339,246023,-0.94516,52.10782,2,2,4,08:20,-1,E06000062,3,0,1,0,2,"[13, 9]",8,"[4, 3]",0,0,0,1,0,1,0,0,0,5,1
2024340WN2282,2024,340WN2282,479458,258258,-0.83838,52.21682,3,3,4,17:25,-1,E06000062,6,0,1,0,2,19,1,5,0,7,3,1,0,0,0,0,0,5,1
2024340WN2292,2024,340WN2292,457440,249175,-1.16215,52.1379,3,3,4,20:00,-1,E06000062,5,0,1,0,2,7,5,2,0,0,0,0,0,1,0,0,0,5,1
2024340WN2302,2024,340WN2302,475416,264497,-0.89614,52.27346,3,3,5,14:30,-1,E06000062,3,0,1,0,1,"[9, 19]","[8, 6]","[4, 2]",0,0,0,1,0,0,0,0,0,5,2
2024340WN2312,2024,340WN2312,472669,256829,-0.93804,52.20491,3,3,5,10:52,-1,E06000062,3,0,1,0,2,19,5,1,0,"[0, 2]","[6, 7]",1,0,0,0,0,0,5,2
2024340WN2322,2024,340WN2322,471136,252392,-0.9614,52.16522,3,3,6,13:40,-1,E06000062,3,0,2,1,2,"[19, 9]","[1, 5]","[5, 3]",0,"[0, 1]",0,1,0,0,0,0,0,5,3
2024340WN2332,2024,340WN2332,466760,253844,-1.02508,52.17882,2,"[3, 2]",6,16:28,-1,E06000062,3,0,2,1,2,19,"[6, 4]","[2, 8]",0,"[1, 0]",0,1,0,0,0,0,0,5,3
2024340WN2342,2024,340WN2342,474974,267741,-0.9019,52.30268,3,3,7,08:25,-1,E06000062,3,0,1,0,2,"[19, 9]","[1, 5]","[5, 3]",0,0,0,1,0,0,0,0,0,5,4
2024340WN2352,2024,340WN2352,475124,250022,-0.90362,52.14339,3,3,1,09:05,-1,E06000062,3,0,1,0,2,"[9, 19]","[3, 1]","[1, 5]",0,"[0, 1]",0,1,0,1,0,0,0,5,5
2024340WN2362,2024,340WN2362,475070,262944,-0.90155,52.25955,3,3,2,14:43,-1,E06000062,5,0,1,0,2,"[19, 9]","[6, 1]","[2, 6]",11,1,0,1,0,0,0,0,0,5,6
2024340WN2372,2024,340WN2372,481362,262447,-0.80951,52.25419,3,3,2,20:42,-1,E06000062,3,0,1,0,1,"[9, 13]",5,3,0,"[7, 0]","[1, 0]",1,0,0,0,0,0,5,6
2024340WN2382,2024,340WN2382,475579,257745,-0.89526,52.21275,3,3,4,12:32,-1,E06000062,3,0,1,0,1,"[19, 11]",5,1,0,0,0,1,0,0,1,0,0,5,8
2024340WN2392,2024,340WN2392,475250,260491,-0.89946,52.23748,3,3,5,15:50,-1,E06000062,6,0,1,0,1,19,7,3,0,0,0,1,0,0,0,0,1,5,9
2024340WN2402,2024,340WN2402,460202,277634,-1.11673,52.39343,3,3,5,17:45,-1,E06000062,3,0,1,0,2,19,7,3,0,0,0,1,0,1,0,0,0,5,9
2024340WN2412,2024,340WN2412,474027,260784,-0.91731,52.24028,3,3,5,17:55,-1,E06000062,3,0,3,1,1,19,7,3,0,0,0,1,0,0,0,0,0,5,9
2024340WN2422,2024,340WN2422,475138,262582,-0.90064,52.25629,3,3,6,09:05,-1,E06000062,3,0,1,0,1,"[19, 9]","[5, 1]","[1, 5]",0,0,0,1,0,1,0,0,0,5,10
2024340WN2432,2024,340WN2432,477091,244452,-0.87615,52.09305,2,2,6,17:00,-1,E06000062,3,0,1,0,2,"[19, 9]","[4, 6]","[8, 2]",0,1,0,1,0,0,0,0,0,5,10
2024340WN2442,2024,340WN2442,488734,288156,-0.69475,52.48412,3,3,6,18:55,-1,E06000061,6,0,8,0,1,"[3, 19]",4,8,0,0,0,1,0,0,0,0,0,5,10
2024340WN2452,2024,340WN2452,476796,262298,-0.87642,52.25351,3,3,6,23:28,-1,E06000062,3,2,1,0,1,19,2,6,0,0,0,0,0,0,0,0,0,5,10
2024340WN2462,2024,340WN2462,460463,260204,-1.11602,52.23672,2,2,7,07:25,-1,E06000062,3,0,1,0,2,"[19, 4, 9]",8,"[3, 6]",0,0,0,1,0,1,0,0,0,5,11
2024340WN2472,2024,340WN2472,479971,262693,-0.82982,52.2566,2,2,2,22:00,-1,E06000062,3,2,1,1,1,"[19, 9]","[2, 6]","[6, 4]",0,0,0,1,0,1,0,0,0,5,13
2024340WN2482,2024,340WN2482,479630,261162,-0.83518,52.24289,2,2,3,08:40,-1,E06000062,6,0,2,1,1,19,3,7,0,0,0,1,0,0,0,0,1,5,14
2024340WN2492,2024,340WN2492,458616,242637,-1.14609,52.079,3,3,4,14:55,-1,E06000062,4,0,1,0,2,"[5, 19]","[5, 3]","[1, 7]",0,0,0,1,0,0,0,0,0,5,15
2024340WN2502,2024,340WN2502,469381,258895,-0.98572,52.2239,3,3,5,06:10,-1,E06000062,1,0,1,0,2,19,8,4,0,0,0,1,0,0,1,0,0,5,16
2024340WN2512,2024,340WN2512,475383,261318,-0.89733,52.24489,3,3,5,08:48,-1,E06000062,3,0,1,0,1,"[13, 19]",1,5,0,0,0,1,1,0,0,0,0,5,16
2024340WN2522,2024,340WN2522,478333,267783,-0.85263,52.30259,3,3,6,08:45,-1,E06000062,5,0,1,0,2,"[9, 19]","[7, 5]","[3, 1]",0,0,0,1,0,0,0,0,0,5,17
2024340WN2532,2024,340WN2532,471370,270045,-0.95425,52.32387,3,3,6,11:23,-1,E06000062,3,0,1,0,2,19,"[3, 5]","[7, 1]",0,0,0,1,1,0,0,0,0,5,17
2024340WN2542,2024,340WN2542,457703,261503,-1.15621,52.24869,3,3,5,15:47,-1,E06000062,4,0,8,1,1,19,"[6, 5]","[2, 1]",0,0,0,1,0,1,0,0,0,5,16
2024340WN2552,2024,340WN2552,479330,262766,-0.8392,52.25735,3,3,6,22:30,-1,E06000062,3,2,1,0,1,19,2,1,0,2,10,1,0,0,0,0,0,5,17
2024340WN2562,2024,340WN2562,476211,260804,-0.88532,52.24016,3,3,7,15:30,-1,E06000062,6,0,1,0,1,19,"[3, 5]","[7, 1]",0,0,0,1,0,0,0,0,0,5,18
2024340WN2572,2024,340WN2572,457715,233426,-1.16079,51.99629,2,2,7,17:00,-1,E06000062,3,0,2,1,2,19,3,7,0,3,0,0,0,1,0,0,0,5,18
2024340WN2582,2024,340WN2582,475019,273624,-0.89992,52.35556,3,3,1,01:00,-1,E06000062,6,2,1,0,2,19,3,7,0,0,0,1,0,0,0,0,0,5,19
2024340WN2592,2024,340WN2592,477703,261909,-0.86322,52.24988,3,3,2,06:00,-1,E06000062,3,0,1,0,1,"[19, 13]",3,7,0,0,0,1,1,0,0,0,0,5,20
2024340WN2602,2024,340WN2602,470988,247033,-0.96468,52.11707,3,3,2,09:40,-1,E06000062,3,0,1,0,2,7,4,7,0,1,11,1,0,0,0,0,0,5,20
2024340WN2612,2024,340WN2612,474410,260418,-0.91178,52.23693,3,3,4,10:30,-1,E06000062,3,0,8,1,1,"[9, 19]","[4, 8]","[2, 4]",0,0,0,1,0,0,0,0,0,5,22
2024340WN2622,2024,340WN2622,475247,262123,-0.89914,52.25215,3,3,4,09:00,-1,E06000062,3,0,2,1,1,"[19, 9]",8,"[4, 6]",0,0,0,1,0,0,0,0,0,5,22
2024340WN2632,2024,340WN2632,478785,263383,-0.84703,52.26298,2,2,5,15:25,-1,E06000062,5,0,1,0,1,"[9, 19]","[1, 7]","[7, 3]",0,0,0,1,1,0,0,0,0,5,23
2024340WN2642,2024,340WN2642,479414,264537,-0.83755,52.27326,3,3,6,09:45,-1,E06000062,6,0,1,0,1,19,7,3,10,1,11,1,0,0,0,0,0,5,24
2024340WN2652,2024,340WN2652,465531,263414,-1.0412,52.26499,3,3,7,14:30,-1,E06000062,5,0,1,0,2,19,"[5, 7]","[1, 3]",0,0,0,1,0,0,0,0,0,5,25
2024340WN2662,2024,340WN2662,475631,260130,-0.89397,52.23418,3,3,1,16:44,-1,E06000062,3,0,1,0,1,19,"[7, 5]","[3, 1]",0,0,0,1,0,0,0,0,0,5,19
2024340WN2672,2024,340WN2672,474408,260406,-0.91181,52.23683,3,3,6,16:45,-1,E06000062,3,0,1,0,1,"[19, 9]","[4, 8]","[8, 6]",0,0,0,1,0,0,0,0,0,5,24
2024340WN2682,2024,340WN2682,475856,267106,-0.88911,52.29685,3,3,6,18:54,-1,E06000062,5,0,1,0,2,19,"[5, 1]","[1, 5]",0,0,0,1,0,0,0,0,0,5,24
2024340WN2692,2024,340WN2692,475282,253344,-0.90058,52.17323,3,3,6,23:00,-1,E06000062,3,2,8,0,2,19,5,1,10,0,0,1,0,0,0,0,0,5,24
2024340WN2702,2024,340WN2702,466792,259604,-1.02348,52.23059,3,3,7,08:15,-1,E06000062,3,0,1,0,2,19,4,8,7,0,6,1,0,0,0,0,0,5,25
2024340WN2712,2024,340WN2712,482618,272796,-0.78858,52.34702,3,3,7,16:40,-1,E06000062,3,0,1,0,2,"[4, 19]",5,1,0,0,0,1,0,0,0,0,0,5,25
2024340WN2722,2024,340WN2722,474043,262348,-0.91673,52.25433,3,3,3,13:10,-1,E06000062,5,0,1,1,1,"[3, 19]",4,8,0,0,0,1,0,0,0,0,0,5,28
2024340WN2732,2024,340WN2732,477725,266677,-0.8618,52.29274,3,3,4,08:00,-1,E06000062,5,0,8,1,2,"[19, -1]","[5, 0]","[1, 0]",0,0,0,0,0,1,0,1,0,5,29
2024340WN2742,2024,340WN2742,464093,258857,-1.06313,52.2242,3,3,4,12:00,-1,E06000062,3,0,1,0,2,"[9, 19]","[3, 1]","[1, 5]",0,0,0,1,0,0,0,0,0,5,29
2024340WN2752,2024,340WN2752,458603,237080,-1.14723,52.02904,3,3,4,10:12,-1,E06000062,5,0,1,0,1,"[7, 3]","[7, 6]",2,0,0,0,1,1,0,0,0,0,5,29
2024340WN2762,2024,340WN2762,475793,259600,-0.89171,52.22939,3,3,4,12:35,-1,E06000062,6,0,1,0,1,"[1, 19]","[0, 3]","[0, 7]",0,0,0,1,1,0,0,0,0,5,29
2024340WN2772,2024,340WN2772,476871,261035,-0.87561,52.24214,3,3,4,12:30,-1,E06000062,3,0,1,0,1,"[2, 19]","[0, 2]","[0, 6]",0,0,0,1,0,0,0,0,0,5,29
2024340WN2782,2024,340WN2782,474969,267747,-0.90197,52.30274,3,3,4,18:30,-1,E06000062,3,0,1,0,2,"[19, 10]","[1, 5]","[5, 1]",0,"[1, 0]",0,1,0,0,0,0,0,5,29
2024340WN2792,2024,340WN2792,475475,259612,-0.89636,52.22955,3,3,5,11:35,-1,E06000062,3,0,1,0,1,"[19, 3]",5,1,0,0,0,1,0,0,0,0,0,5,30
2024340WN2802,2024,340WN2802,478758,256384,-0.84906,52.20007,3,3,6,13:30,-1,E06000062,4,0,1,0,2,19,"[3, 5]","[7, 1]",0,0,0,1,0,0,0,0,0,5,31
2024340WN2812,2024,340WN2812,477340,261885,-0.86855,52.24972,3,3,6,23:00,-1,E06000062,3,2,1,0,1,"[19, 12]",5,2,0,0,0,1,0,0,0,0,0,5,3
2024340WN2822,2024,340WN2822,475393,260599,-0.89735,52.23843,3,3,1,09:48,-1,E06000062,6,0,1,0,1,19,1,5,0,0,0,0,1,0,0,0,1,5,12
2024340WN2832,2024,340WN2832,475537,241731,-0.89943,52.06881,3,3,7,15:28,-1,E06000062,6,0,1,0,2,"[9, 19]","[3, 6]",2,0,"[0, 7]","[0, 11]",1,0,0,0,0,0,5,18
2024340WN2842,2024,340WN2842,475628,254638,-0.89523,52.18481,3,3,1,20:00,-1,E06000062,1,0,1,0,2,"[12, 19]",4,8,0,0,0,1,0,0,0,0,0,5,19
2024340WN2852,2024,340WN2852,475568,254671,-0.8961,52.18512,3,3,2,19:15,-1,E06000062,1,0,1,1,2,"[19, 11]",3,2,0,0,0,1,0,0,1,0,0,5,27
2024340WN2862,2024,340WN2862,474313,258131,-0.9137,52.21639,3,3,4,13:20,-1,E06000062,5,0,1,0,1,"[19, 8]",6,2,0,0,0,1,0,0,0,0,0,5,29
2024340WN2872,2024,340WN2872,466565,270152,-1.02472,52.32544,3,3,6,11:04,-1,E06000062,5,0,1,0,2,"[19, 13]",5,1,0,0,0,1,1,0,0,0,0,5,24
2024340WN2882,2024,340WN2882,457495,261989,-1.15918,52.25308,3,3,6,13:20,-1,E06000062,4,0,8,1,1,"[9, 19]","[1, 5]","[7, 1]",0,0,0,1,0,0,0,0,0,5,3
2024340WN2892,2024,340WN2892,473301,261747,-0.92773,52.24903,3,3,5,16:30,-1,E06000062,3,0,1,0,1,19,4,8,0,0,0,1,0,0,0,0,1,5,2
2024340WN2902,2024,340WN2902,472607,260760,-0.9381,52.24025,3,3,1,14:10,-1,E06000062,5,0,1,0,1,"[19, 3]",1,5,0,0,0,1,0,0,0,0,0,5,5
2024340WN2912,2024,340WN2912,479469,261481,-0.83746,52.24578,3,3,3,10:19,-1,E06000062,3,0,2,1,2,"[19, 4]",1,5,0,0,0,1,0,0,0,0,0,5,14
2024340WN2922,2024,340WN2922,471314,252989,-0.95867,52.17057,3,3,3,17:32,-1,E06000062,3,0,1,0,2,"[5, 19]",1,5,0,0,0,1,0,0,0,0,0,5,14
2024340WN2932,2024,340WN2932,475150,261034,-0.90081,52.24237,3,3,6,16:30,-1,E06000062,3,0,1,0,1,"[13, 19]",3,7,"[0, 10]",0,0,1,1,0,0,0,0,5,24
2024340WN2942,2024,340WN2942,456413,272628,-1.17325,52.34883,3,3,3,23:19,-1,E06000062,3,2,1,0,2,19,"[5, 1]","[1, 5]",0,"[0, 7]",0,1,0,0,0,0,0,5,28
2024340WN2952,2024,340WN2952,475463,259442,-0.89658,52.22802,3,3,2,13:50,-1,E06000062,3,0,1,0,1,"[-1, 9]","[1, 5]","[5, 1]",0,0,0,1,1,0,0,0,0,4,29
2024340WN2962,2024,340WN2962,473271,253486,-0.92995,52.17478,3,3,2,12:38,-1,E06000062,6,0,1,0,2,"[19, 2]","[4, 0]","[8, 0]","[4, 0]","[7, 0]",0,1,0,0,0,0,0,5,6
2024340WN2972,2024,340WN2972,475712,260900,-0.89261,52.24109,3,3,6,09:30,-1,E06000062,6,0,1,0,1,19,1,5,0,0,0,1,0,0,0,0,1,5,10
2024340WN2982,2024,340WN2982,476897,258790,-0.87574,52.22196,3,3,4,09:14,-1,E06000062,3,0,2,1,2,"[19, 11]",7,3,0,0,0,1,0,0,0,0,0,5,22
2024340WN2992,2024,340WN2992,475626,254913,-0.8952,52.18729,3,3,4,11:55,-1,E06000062,3,0,2,1,2,19,6,2,0,0,"[1, 0]",1,0,0,0,0,0,5,22
2024340WN3002,2024,340WN3002,475166,262191,-0.90032,52.25277,2,2,6,09:05,-1,E06000062,6,0,1,0,1,19,2,6,0,0,0,1,1,0,0,0,0,5,24
2024340WN3012,2024,340WN3012,456768,242726,-1.17304,52.07999,2,2,1,17:35,-1,E06000062,4,0,1,0,2,19,3,7,0,7,2,0,0,1,0,0,0,6,2
2024340WN3022,2024,340WN3022,477675,261156,-0.86381,52.24312,3,3,2,08:50,-1,E06000062,3,0,1,0,1,19,"[3, 5]","[7, 1]",0,0,0,1,0,0,0,0,0,6,3
2024340WN3032,2024,340WN3032,474168,262258,-0.91492,52.25351,3,3,2,18:30,-1,E06000062,6,0,1,0,1,1,8,4,0,0,0,1,0,0,0,0,1,4,8
2024340WN3042,2024,340WN3042,475337,261641,-0.89793,52.2478,3,3,7,14:33,-1,E06000062,3,0,1,0,1,19,5,1,0,0,0,1,0,0,0,0,1,6,8
2024340WN3052,2024,340WN3052,475525,256426,-0.89634,52.2009,3,3,1,16:39,-1,E06000062,5,0,1,0,1,19,5,1,0,0,0,1,0,0,0,0,0,6,16
2024340WN3062,2024,340WN3062,474940,275286,-0.90071,52.37051,3,3,4,17:30,-1,E06000062,3,0,1,0,2,19,"[1, 5]","[5, 1]",0,0,0,1,0,0,0,0,0,6,26
2024340WN3072,2024,340WN3072,477854,260500,-0.86134,52.2372,3,3,1,18:30,-1,E06000062,3,0,1,0,1,"[9, 19]","[5, 1]","[1, 5]",0,0,0,1,1,0,0,0,0,6,2
2024340WN3082,2024,340WN3082,473866,262189,-0.91936,52.25293,3,3,2,17:10,-1,E06000062,5,0,1,0,1,"[19, 3]",7,3,0,0,0,1,0,0,0,0,0,6,3
2024340WN3092,2024,340WN3092,479950,264603,-0.82968,52.27378,3,3,3,22:05,-1,E06000062,3,2,2,1,1,19,"[3, 7]","[7, 3]",0,0,0,1,0,0,0,0,0,6,4
2024340WN3102,2024,340WN3102,476148,261229,-0.88615,52.24399,3,3,3,19:05,-1,E06000062,5,0,2,1,1,"[2, 19]","[0, 5, 1]","[0, 1, 5]",0,0,0,1,0,0,0,0,0,6,4