collision_index,collision_year,collision_ref_no,location_easting_osgr,location_northing_osgr,longitude,latitude,casualty_severity,casualty_severity,day_of_week,time,local_authority_district,local_authority_ons_district,first_road_class,light_conditions,weather_conditions,road_surface_conditions,urban_or_rural_area,vehicle_manoeuvre,vehicle_direction_from,vehicle_direction_to,hit_object_in_carriageway,vehicle_leaving_carriageway,hit_object_off_carriageway,is_car,is_cyle,is_mcyle,is_goodsv,is_other,is_pedestrian,month,day
2024340WN3112,2024,340WN3112,478627,262606,-0.84953,52.25602,3,3,4,18:35,-1,E06000062,6,0,1,0,1,"[19, 9]","[3, 7]","[7, 3]",0,0,0,1,0,0,0,0,0,6,5
2024340WN3122,2024,340WN3122,470077,260171,-0.97527,52.23528,2,2,5,12:00,-1,E06000062,3,0,2,1,2,"[5, 19]","[3, 1]","[6, 5]",0,0,0,1,1,0,0,0,0,6,6
2024340WN3132,2024,340WN3132,476807,262320,-0.87625,52.2537,2,2,5,15:49,-1,E06000062,3,0,1,0,1,19,5,1,7,1,1,1,0,0,0,0,0,6,6
2024340WN3142,2024,340WN3142,461495,263988,-1.10022,52.27062,3,3,6,12:15,-1,E06000062,3,0,1,0,2,19,5,1,0,0,0,1,0,0,0,0,0,6,7
2024340WN3152,2024,340WN3152,472740,258734,-0.93659,52.22202,3,3,6,12:25,-1,E06000062,3,0,1,0,2,19,1,5,0,0,0,1,0,1,0,0,0,6,7
2024340WN3162,2024,340WN3162,456463,273078,-1.17244,52.35287,3,3,6,13:15,-1,E06000062,3,0,1,0,2,"[3, 19]",5,1,0,0,0,1,0,0,0,1,0,6,7
2024340WN3172,2024,340WN3172,481025,263298,-0.81424,52.26189,3,3,6,17:45,-1,E06000062,3,0,1,0,1,"[9, 19]","[5, 3]","[1, 7]",0,0,0,1,0,1,0,0,0,6,7
2024340WN3182,2024,340WN3182,453489,239722,-1.22135,52.05331,3,3,2,11:20,-1,E06000062,3,0,1,0,2,5,7,3,0,7,2,1,0,0,0,0,0,6,10
2024340WN3192,2024,340WN3192,462658,262653,-1.08343,52.25849,3,3,4,04:35,-1,E06000062,1,0,1,0,2,19,5,1,0,0,0,1,0,0,1,0,0,6,12
2024340WN3202,2024,340WN3202,482523,260670,-0.79294,52.23805,3,3,5,13:40,-1,E06000062,5,0,1,0,2,"[19, 2]","[7, 0]","[3, 0]","[4, 0]",0,0,1,0,0,0,0,0,6,13
2024340WN3212,2024,340WN3212,475397,260082,-0.8974,52.23378,3,3,2,06:46,-1,E06000062,3,0,2,1,1,"[19, 5]","[3, 5]","[7, 1]",0,0,0,1,0,0,1,0,0,6,10
2024340WN3222,2024,340WN3222,478444,263054,-0.85211,52.26007,3,3,2,19:20,-1,E06000062,6,0,1,1,1,"[19, 5]","[6, 1]","[2, 5]",0,0,0,1,0,0,0,0,0,6,10
2024340WN3232,2024,340WN3232,475611,260458,-0.89419,52.23713,3,3,1,18:10,-1,E06000062,5,0,1,0,1,1,1,5,0,0,0,1,0,0,0,0,1,6,9
2024340WN3242,2024,340WN3242,479477,262718,-0.83705,52.2569,3,3,6,08:39,-1,E06000062,6,0,1,0,1,"[19, 9]","[5, 1]","[1, 5]",0,"[1, 0]","[4, 0]",1,0,0,0,0,0,6,14
2024340WN3252,2024,340WN3252,451451,243868,-1.25045,52.09078,3,3,7,11:19,-1,E06000062,4,0,2,1,2,19,3,7,0,7,9,1,0,0,0,0,0,6,15
2024340WN3262,2024,340WN3262,473922,278353,-0.91499,52.39821,3,3,7,14:30,-1,E06000062,3,2,1,0,2,"[13, 9]",5,3,0,"[0, 7]",0,1,0,0,1,0,0,6,15
2024340WN3272,2024,340WN3272,457791,237330,-1.15903,52.03138,3,3,7,21:00,-1,E06000062,6,0,8,1,1,"[19, 2]","[1, 0]","[5, 0]",0,0,0,1,0,1,0,0,0,6,15
2024340WN3282,2024,340WN3282,475412,260462,-0.8971,52.23719,3,3,1,04:53,-1,E06000062,5,2,2,1,1,19,6,2,0,0,0,1,0,0,0,0,1,6,16
2024340WN3292,2024,340WN3292,463629,259433,-1.06981,52.22943,3,3,2,11:30,-1,E06000062,3,0,1,0,2,"[13, 7]",5,1,0,0,0,1,0,0,0,0,0,6,17
2024340WN3302,2024,340WN3302,480867,262070,-0.81685,52.25087,3,3,3,23:30,-1,E06000062,6,2,8,1,1,4,5,1,0,0,0,1,0,0,0,0,0,6,18
2024340WN3312,2024,340WN3312,475794,255392,-0.89264,52.19157,3,3,4,11:12,-1,E06000062,3,0,1,0,2,"[19, 11]",1,5,0,0,0,1,0,0,1,0,0,6,19
2024340WN3322,2024,340WN3322,475568,254775,-0.89608,52.18605,3,3,5,00:10,-1,E06000062,1,2,1,0,2,"[19, 2]",5,1,"[4, 0]","[1, 0]",0,1,0,0,0,0,0,6,20
2024340WN3332,2024,340WN3332,450437,250381,-1.26428,52.14942,3,3,3,22:45,-1,E06000062,3,2,1,0,2,"[5, 19]","[7, 5]",1,0,"[0, 1]","[0, 9]",1,0,0,0,0,0,6,18
2024340WN3342,2024,340WN3342,462234,264453,-1.08931,52.27471,2,2,5,10:37,-1,E06000062,5,0,1,0,2,-1,"[7, 1]",3,0,0,0,1,0,1,0,0,0,6,20
2024340WN3352,2024,340WN3352,469092,249768,-0.99181,52.14189,3,3,3,14:21,-1,E06000062,3,0,1,0,2,"[19, 11]","[3, 1]","[7, 5]",0,"[0, 1]",0,1,1,0,0,0,0,6,18
2024340WN3362,2024,340WN3362,482808,258298,-0.78935,52.21668,3,3,5,17:20,-1,E06000062,3,0,1,0,2,13,3,7,0,7,11,1,0,0,0,0,0,6,20
2024340WN3372,2024,340WN3372,475217,260778,-0.89988,52.24006,3,3,6,05:00,-1,E06000062,3,0,1,0,1,19,"[1, 7]","[5, 3]",0,"[0, 7]","[0, 11]",1,0,0,0,0,0,6,21
2024340WN3382,2024,340WN3382,477133,261841,-0.87159,52.24935,3,3,1,00:07,-1,E06000062,3,2,1,0,1,99,"[7, 1]","[3, 5]",0,0,0,1,0,0,0,0,0,6,9
2024340WN3392,2024,340WN3392,475357,262898,-0.89736,52.2591,3,3,6,07:55,-1,E06000062,6,0,1,0,1,19,7,3,0,0,0,1,0,0,0,0,1,6,21
2024340WN3402,2024,340WN3402,477320,259716,-0.86933,52.23022,3,3,6,13:38,-1,E06000062,3,0,1,0,2,"[4, 19]",3,"[7, 3]",0,0,0,1,0,0,0,0,0,6,21
2024340WN3412,2024,340WN3412,465534,263412,-1.04115,52.26497,3,3,7,11:52,-1,E06000062,5,0,1,0,2,"[5, 19]","[5, 3]","[1, 7]",0,"[2, 3]",0,1,0,0,0,0,0,6,22
2024340WN3422,2024,340WN3422,465419,268535,-1.04185,52.31104,2,2,1,00:01,-1,E06000062,3,2,1,0,2,7,5,1,0,7,4,1,0,0,0,0,0,6,23
2024340WN3432,2024,340WN3432,474434,261037,-0.91129,52.2425,3,3,7,19:15,-1,E06000062,3,0,1,0,1,"[9, 19]","[3, 7]","[1, 3]",0,0,0,1,1,0,0,0,0,6,22
2024340WN3442,2024,340WN3442,460179,239514,-1.12384,52.05076,3,3,2,11:00,-1,E06000062,3,0,1,0,2,7,5,7,0,0,0,0,0,0,1,0,0,6,24
2024340WN3452,2024,340WN3452,466197,278108,-1.02855,52.397,3,3,2,18:50,-1,E06000062,3,0,1,0,2,19,3,7,0,0,0,1,0,0,0,0,0,6,24
2024340WN3462,2024,340WN3462,475305,261064,-0.89853,52.24262,2,2,4,17:23,-1,E06000062,3,0,1,0,1,9,1,7,0,0,0,1,0,0,0,0,1,6,26
2024340WN3472,2024,340WN3472,474294,262611,-0.91299,52.25666,3,3,5,18:51,-1,E06000062,5,0,1,0,2,-1,0,0,0,0,0,0,0,0,0,1,0,6,27
2024340WN3482,2024,340WN3482,473432,258997,-0.9264,52.22429,3,3,1,09:57,-1,E06000062,3,0,1,0,1,"[9, 19]",3,"[1, 7]",0,0,0,1,0,0,0,0,0,6,23
2024340WN3492,2024,340WN3492,458656,237165,-1.14645,52.0298,3,3,4,09:45,-1,E06000062,5,0,1,0,1,"[1, 19]",2,5,0,"[7, 0]","[1, 0]",1,0,0,0,0,0,6,26
2024340WN3502,2024,340WN3502,475074,237400,-0.90713,52.02994,2,"[2, 3]",5,18:38,-1,E06000062,3,0,1,0,2,"[10, 19]",3,7,0,0,0,1,0,0,0,0,0,6,27
2024340WN3512,2024,340WN3512,478851,264951,-0.8457,52.27706,3,3,2,21:30,-1,E06000062,3,0,1,0,1,"[19, 12]",7,3,0,0,0,1,0,0,0,0,0,6,24
2024340WN3522,2024,340WN3522,477186,261357,-0.87092,52.24499,2,2,6,21:20,-1,E06000062,3,0,1,0,1,"[15, 7]",1,5,0,0,0,1,0,1,0,0,0,6,28
2024340WN3532,2024,340WN3532,478837,264769,-0.84595,52.27543,3,3,7,07:45,-1,E06000062,3,0,1,0,1,"[11, 19]",1,5,0,"[0, 8]","[0, 6]",1,0,0,0,0,0,6,29
2024340WN3542,2024,340WN3542,469431,260173,-0.98473,52.23538,2,"[2, 3]",7,13:30,-1,E06000062,3,0,1,0,2,"[19, 9]","[7, 3]","[3, 1]",0,1,"[0, 1]",1,0,0,0,0,0,6,29
2024340WN3552,2024,340WN3552,456321,260504,-1.17662,52.23985,2,"[2, 3]",6,16:16,-1,E06000062,3,0,1,0,2,19,"[1, 7]","[5, 3]",0,"[1, 0]",0,1,0,0,0,0,0,6,28
2024340WN3572,2024,340WN3572,479867,263306,-0.8312,52.26213,3,3,7,20:33,-1,E06000062,6,0,1,0,1,19,1,5,0,0,0,1,0,0,0,0,1,6,29
2024340WN3582,2024,340WN3582,474982,259800,-0.90354,52.2313,3,3,7,15:15,-1,E06000062,3,0,1,0,1,"[19, 3]",1,5,0,0,0,1,0,0,0,0,0,6,29
2024340WN3592,2024,340WN3592,469858,250303,-0.98051,52.14661,2,2,1,14:30,-1,E06000062,3,0,1,0,2,19,3,7,0,"[1, 0]",0,1,0,1,0,0,0,6,16
2024340WN3602,2024,340WN3602,479763,262531,-0.83291,52.25518,3,3,6,13:31,-1,E06000062,6,0,1,0,1,"[19, 5]",4,8,0,0,0,1,0,0,0,0,0,6,7
2024340WN3612,2024,340WN3612,481897,262337,-0.8017,52.25312,3,3,1,04:30,-1,E06000062,3,2,1,0,2,19,3,7,0,1,0,1,0,0,0,0,0,6,30
2024340WN3622,2024,340WN3622,468323,248977,-1.0032,52.13488,3,3,7,17:48,-1,E06000062,3,0,1,0,2,19,2,6,0,0,0,1,0,0,0,0,0,5,25
2024340WN3632,2024,340WN3632,473343,260645,-0.92735,52.23912,3,3,5,09:30,-1,E06000062,6,0,1,0,1,"[2, 19]","[0, 3]","[0, 7]",0,0,0,0,0,0,1,1,0,6,13
2024340WN3642,2024,340WN3642,457263,262299,-1.16252,52.25589,3,3,3,15:35,-1,E06000062,4,0,1,0,1,"[3, 19]",6,2,0,0,0,1,0,0,0,0,0,7,16
2024340WN3652,2024,340WN3652,479261,269801,-0.83855,52.3206,3,3,1,17:10,-1,E06000062,5,0,1,0,2,"[19, 14]","[5, 1]","[1, 5]",0,0,0,1,1,0,0,0,0,7,21
2024340WN3662,2024,340WN3662,476467,254692,-0.88295,52.18518,3,3,3,09:20,-1,E06000062,6,0,1,0,2,7,3,5,10,7,10,1,0,0,0,0,0,7,2
2024340WN3672,2024,340WN3672,458847,266201,-1.13864,52.2908,3,3,6,11:30,-1,E06000062,5,0,1,0,2,19,"[3, 5]","[7, 1]",0,"[0, 3]",0,1,0,0,0,0,0,7,5
2024340WN3682,2024,340WN3682,465468,268558,-1.04112,52.31124,3,3,7,07:30,-1,E06000062,5,0,1,1,2,"[9, 19]","[4, 2]","[2, 6]",0,0,0,1,0,0,0,0,0,7,6
2024340WN3692,2024,340WN3692,475083,264150,-0.9011,52.27039,2,2,7,14:59,-1,E06000062,3,0,1,0,1,"[2, 19]","[0, 5, 1]","[0, 1, 5]",0,0,0,1,0,0,0,0,0,7,6
2024340WN3702,2024,340WN3702,475341,261714,-0.89786,52.24846,3,3,7,19:50,-1,E06000062,3,0,1,0,1,"[3, 19]",1,5,0,0,0,1,0,0,0,0,0,7,6
2024340WN3712,2024,340WN3712,458134,265535,-1.14921,52.28489,3,3,1,19:53,-1,E06000062,5,0,2,1,2,19,"[5, 1]","[1, 5]",0,0,0,1,0,0,0,0,0,7,7
2024340WN3722,2024,340WN3722,475974,262148,-0.88849,52.25227,3,3,2,00:45,-1,E06000062,6,2,1,0,1,"[2, 19]","[0, 8]","[0, 4]","[0, 7]",0,0,1,0,0,0,0,0,7,8
2024340WN3732,2024,340WN3732,469169,248344,-0.99097,52.12908,3,3,3,13:15,-1,E06000062,6,0,1,1,2,19,5,1,0,0,0,1,0,0,0,0,1,7,9
2024340WN3742,2024,340WN3742,473686,264894,-0.9214,52.27727,3,3,3,18:43,-1,E06000062,3,0,1,1,2,"[9, 19]","[7, 1]",5,0,0,0,1,0,1,0,0,0,7,9
2024340WN3752,2024,340WN3752,477644,264506,-0.86349,52.27323,3,3,3,17:34,-1,E06000062,3,0,2,1,1,19,3,7,0,1,2,1,0,0,0,0,0,7,9
2024340WN3762,2024,340WN3762,475164,260409,-0.90074,52.23675,3,3,3,20:20,-1,E06000062,3,0,1,0,1,19,"[1, 3]","[5, 7]",0,0,0,1,0,0,0,0,0,7,9
2024340WN3772,2024,340WN3772,470250,258116,-0.97316,52.21679,3,3,4,08:14,-1,E06000062,5,0,2,1,2,19,"[5, 1]","[1, 5]",0,0,0,1,0,0,0,1,0,7,10
2024340WN3782,2024,340WN3782,481764,257402,-0.80484,52.20878,2,2,4,14:13,-1,E06000062,5,0,1,0,2,"[19, 9]","[1, 3]","[5, 1]",0,0,0,1,0,1,0,0,0,7,10
2024340WN3792,2024,340WN3792,465927,268149,-1.03447,52.30751,3,3,5,16:00,-1,E06000062,5,0,1,0,2,19,"[5, 1]","[1, 5]",0,0,0,1,0,0,0,0,0,7,11
2024340WN3802,2024,340WN3802,468140,257704,-1.00412,52.21335,3,3,2,15:20,-1,E06000062,6,0,1,0,2,19,1,5,0,0,0,1,0,0,0,0,1,7,8
2024340WN3812,2024,340WN3812,468344,259857,-1.0007,52.23268,3,3,1,07:52,-1,E06000062,3,0,1,0,2,19,3,7,0,0,0,1,0,0,0,0,0,3,10
2024340WN3822,2024,340WN3822,479975,267418,-0.82865,52.29907,3,3,4,16:50,-1,E06000062,3,0,1,0,2,19,"[5, 1]","[1, 5]",0,"[0, 7]","[0, 9]",1,0,0,0,0,0,7,10
2024340WN3832,2024,340WN3832,476185,260900,-0.88568,52.24102,3,3,6,22:05,-1,E06000062,3,2,1,0,1,"[9, 6]",8,"[6, 8]",0,0,0,1,0,0,0,0,0,7,12
2024340WN3842,2024,340WN3842,475482,260086,-0.89616,52.2338,3,3,1,05:20,-1,E06000062,3,0,1,0,1,19,"[1, 3]","[5, 7]",0,"[0, 1]","[0, 2]",1,0,0,0,0,0,7,14
2024340WN3852,2024,340WN3852,475755,261312,-0.89189,52.24479,3,3,4,08:30,-1,E06000062,6,0,2,1,1,"[6, 19]","[5, 1]",5,0,0,0,1,0,0,0,1,0,7,10
2024340WN3862,2024,340WN3862,478221,252336,-0.85785,52.16376,3,3,4,10:52,-1,E06000062,1,0,1,0,2,"[19, 11]",1,5,0,0,0,1,0,0,0,0,0,7,10
2024340WN3872,2024,340WN3872,460799,272346,-1.10892,52.34583,3,3,2,07:20,-1,E06000062,3,0,1,0,2,"[8, 4, 19]",3,"[1, 7]",0,0,0,1,0,0,0,0,0,7,1
2024340WN3882,2024,340WN3882,478401,264047,-0.85251,52.269,3,3,3,08:00,-1,E06000062,5,0,8,0,1,"[13, 19]","[5, 1]","[1, 5]",0,0,0,1,0,0,0,0,0,7,9
2024340WN3892,2024,340WN3892,474367,259261,-0.91266,52.22654,3,3,5,17:10,-1,E06000062,6,0,1,0,1,"[19, 2]","[5, 0]","[1, 0]",0,0,0,1,0,0,0,0,0,7,11
2024340WN3902,2024,340WN3902,475315,253646,-0.90003,52.17594,3,3,3,18:34,-1,E06000062,3,0,1,0,2,"[7, 19]",1,5,0,0,0,1,0,1,0,0,0,7,16
2024340WN3912,2024,340WN3912,473817,258040,-0.92098,52.21564,3,3,4,09:55,-1,E06000062,5,0,1,0,1,"[19, 9]","[6, 1]","[2, 6]",0,0,0,0,0,0,1,0,0,7,17
2024340WN3922,2024,340WN3922,479177,263236,-0.84133,52.2616,3,3,4,17:54,-1,E06000062,3,0,1,0,1,"[9, 19]","[3, 5]",1,0,0,0,1,0,1,0,0,0,7,17
2024340WN3932,2024,340WN3932,465478,246725,-1.04519,52.11498,2,2,4,17:20,-1,E06000062,5,0,1,0,2,19,"[6, 4]","[2, 8]",0,0,0,1,0,1,0,0,0,7,17
2024340WN3942,2024,340WN3942,475175,263464,-0.8999,52.26421,2,2,4,23:30,-1,E06000062,3,2,1,0,1,9,3,1,0,0,0,1,0,0,0,0,1,7,10
2024340WN3952,2024,340WN3952,475360,261537,-0.89762,52.24686,3,3,4,17:53,-1,E06000062,3,0,1,0,1,"[19, 9]","[1, 3]",5,0,0,0,1,0,0,0,1,0,7,17
2024340WN3962,2024,340WN3962,464557,272941,-1.05364,52.35075,2,2,6,16:25,-1,E06000062,5,0,1,0,2,19,3,7,0,0,0,1,0,1,0,0,0,7,19
2024340WN3972,2024,340WN3972,468724,249515,-0.99723,52.13967,3,3,7,16:10,-1,E06000062,3,0,1,0,2,19,"[2, 4]","[6, 8]",0,0,0,1,0,0,0,0,0,7,20
2024340WN3982,2024,340WN3982,468616,257936,-0.99711,52.21538,3,3,7,19:10,-1,E06000062,5,0,1,0,2,19,4,8,0,2,10,1,0,0,0,0,0,7,20
2024340WN3992,2024,340WN3992,450457,243116,-1.26507,52.08411,3,3,1,11:32,-1,E06000062,4,0,1,0,2,19,3,7,0,7,9,1,0,0,0,0,0,7,21
2024340WN4002,2024,340WN4002,462899,271675,-1.07822,52.33956,3,3,1,09:00,-1,E06000062,5,0,1,0,2,"[7, 19]","[3, 1]",5,0,0,0,1,1,0,0,0,0,7,21
2024340WN4012,2024,340WN4012,478397,242976,-0.85743,52.0796,3,3,2,15:45,-1,E06000062,5,0,1,0,2,"[19, 9]","[7, 1]","[3, 7]",0,0,0,1,0,0,0,0,0,7,22
2024340WN4022,2024,340WN4022,480073,264547,-0.82789,52.27325,3,3,3,15:30,-1,E06000062,5,0,1,0,1,"[19, 4]",5,1,0,0,0,1,0,0,0,0,0,7,23
2024340WN4032,2024,340WN4032,475605,260442,-0.89428,52.23699,3,3,2,12:50,-1,E06000062,5,0,1,0,1,19,4,8,0,0,0,1,1,0,0,0,0,7,22
2024340WN4042,2024,340WN4042,456487,273010,-1.1721,52.35226,2,2,6,12:45,-1,E06000062,3,0,1,0,2,"[2, 5]","[0, 5]","[0, 1]",0,0,0,1,0,0,0,0,1,7,26
2024340WN4052,2024,340WN4052,477166,262593,-0.87093,52.25611,3,3,6,16:40,-1,E06000062,3,0,1,0,1,19,"[5, 6]","[1, 2]",0,0,0,1,0,0,0,0,0,7,26
2024340WN4062,2024,340WN4062,456989,237773,-1.17064,52.03544,2,"[3, 2]",6,21:30,-1,E06000062,3,2,1,0,2,"[19, 13]","[8, 4]","[4, 8]",0,"[0, 7]",0,1,0,0,0,0,0,7,26
2024340WN4072,2024,340WN4072,474624,259102,-0.90893,52.22508,3,3,6,16:52,-1,E06000062,6,0,1,0,1,19,"[7, 3]","[3, 7]",0,0,0,1,0,0,0,0,0,7,26
2024340WN4082,2024,340WN4082,475710,262934,-0.89218,52.25937,3,3,1,05:00,-1,E06000062,6,0,1,0,1,"[19, 2]","[1, 0]","[5, 0]",0,"[7, 0]","[3, 0]",1,0,0,0,0,0,7,28
2024340WN4092,2024,340WN4092,457928,271670,-1.15117,52.34006,2,2,7,09:30,-1,E06000062,1,0,1,0,2,19,5,1,0,0,0,1,0,0,0,0,0,7,27
2024340WN4102,2024,340WN4102,473828,260847,-0.92021,52.24087,3,3,1,13:31,-1,E06000062,3,0,1,0,1,"[19, 7]",7,"[3, 1]",0,0,0,1,1,0,0,0,0,7,28
2024340WN4112,2024,340WN4112,474062,260786,-0.91679,52.24029,3,3,2,16:01,-1,E06000062,3,0,1,0,1,"[8, 19]","[2, 7]","[7, 3]",0,0,0,1,1,0,0,0,0,7,29
2024340WN4122,2024,340WN4122,477267,261536,-0.86969,52.24659,2,"[2, 3]",2,18:33,-1,E06000062,3,0,1,0,1,19,7,3,0,0,0,1,0,0,0,0,1,7,29
2024340WN4132,2024,340WN4132,476928,261068,-0.87476,52.24243,3,3,3,13:40,-1,E06000062,3,0,1,0,1,19,3,7,0,0,0,0,0,0,0,0,0,7,30
2024340WN4142,2024,340WN4142,479583,250227,-0.83843,52.14461,2,2,3,14:30,-1,E06000062,1,0,1,0,2,19,5,1,0,"[0, 1]",0,0,0,0,1,0,0,7,30
2024340WN4152,2024,340WN4152,478934,262262,-0.84511,52.25288,3,3,6,05:36,-1,E06000062,5,0,1,0,1,19,1,5,0,0,0,1,0,0,0,0,0,7,19
2024340WN4162,2024,340WN4162,477218,261438,-0.87043,52.24572,3,3,2,16:45,-1,E06000062,3,0,1,0,1,19,6,2,0,0,0,1,0,0,0,0,1,7,22
2024340WN4172,2024,340WN4172,471983,268159,-0.94566,52.30684,3,3,6,14:45,-1,E06000062,3,0,1,0,2,19,"[1, 3]","[3, 1]",0,0,0,1,0,0,0,0,0,8,9
2024340WN4182,2024,340WN4182,470973,246915,-0.96492,52.11601,3,3,5,11:05,-1,E06000062,5,0,1,0,2,19,"[6, 2]","[2, 6]",0,1,0,1,0,0,0,0,0,8,1
2024340WN4192,2024,340WN4192,459104,233621,-1.14053,51.9979,2,2,5,12:30,-1,E06000062,3,0,1,0,2,"[19, 9]","[7, 3]","[3, 7]",0,"[0, 7]",0,1,0,0,1,0,0,8,1
2024340WN4202,2024,340WN4202,479615,262463,-0.83509,52.25459,3,3,5,19:20,-1,E06000062,3,0,1,0,1,"[9, 19]","[1, 3]",7,0,0,0,1,1,0,0,0,0,8,1
2024340WN4212,2024,340WN4212,468801,274567,-0.99101,52.36485,3,3,5,21:30,-1,E06000062,5,0,2,1,2,19,1,5,0,5,4,1,0,0,0,0,0,8,1
2024340WN4222,2024,340WN4222,450016,242745,-1.27156,52.08081,3,3,7,11:10,-1,E06000062,4,0,1,0,2,19,6,2,0,0,0,1,0,1,0,0,0,8,3
2024340WN4232,2024,340WN4232,469150,243757,-0.99218,52.08785,2,2,7,11:20,-1,E06000062,3,0,1,0,2,19,5,1,11,0,0,0,1,0,0,0,0,8,3
2024340WN4242,2024,340WN4242,472120,246221,-0.94832,52.10962,2,2,7,13:50,-1,E06000062,3,0,1,0,2,"[9, 19]","[6, 8]",4,"[0, 10]",0,0,1,0,1,0,0,0,8,3
2024340WN4252,2024,340WN4252,474589,270347,-0.90696,52.32616,3,3,1,10:50,-1,E06000062,6,0,1,0,2,"[19, 2]","[5, 0]","[1, 0]",0,0,0,1,0,0,0,0,0,8,4
2024340WN4262,2024,340WN4262,476565,261985,-0.87987,52.25072,3,3,1,14:50,-1,E06000062,3,0,1,0,1,"[3, 19]",2,6,0,0,0,1,0,0,0,0,0,8,4
2024340WN4272,2024,340WN4272,475316,253057,-0.90015,52.17065,3,3,3,09:40,-1,E06000062,3,0,2,1,2,"[19, 6]",1,"[5, 1]",0,0,0,1,0,0,0,0,0,8,6
2024340WN4282,2024,340WN4282,474398,255952,-0.91293,52.19679,3,3,7,03:00,-1,E06000062,1,2,1,0,2,19,1,5,0,0,0,1,0,0,1,0,0,8,3
2024340WN4292,2024,340WN4292,474979,247795,-0.90623,52.12339,3,3,3,22:05,-1,E06000062,3,2,1,0,2,"[-1, 9]","[4, 6]","[8, 4]",0,0,0,1,0,0,0,0,0,8,6
2024340WN4302,2024,340WN4302,477461,257569,-0.86776,52.21091,3,3,5,10:15,-1,E06000062,6,0,1,0,2,"[1, 19]","[5, 7]","[1, 3]",0,0,0,1,1,0,0,0,0,8,8
2024340WN4312,2024,340WN4312,480088,264645,-0.82765,52.27413,2,2,6,00:15,-1,E06000062,6,2,8,1,1,7,7,2,0,1,0,0,0,1,0,0,0,8,9
2024340WN4322,2024,340WN4322,474555,265344,-0.90857,52.28119,3,3,6,17:45,-1,E06000062,5,0,1,0,2,"[19, 9]","[6, 5]",2,0,0,0,1,0,0,0,0,0,8,9
2024340WN4332,2024,340WN4332,475700,257388,-0.89357,52.20952,2,"[3, 2]",7,14:02,-1,E06000062,3,0,1,0,1,"[19, 15]",3,7,0,"[7, 0]","[6, 0]",1,0,0,0,0,1,8,10
2024340WN4342,2024,340WN4342,481395,261321,-0.8093,52.24406,3,3,6,08:55,-1,E06000062,5,0,1,0,2,"[14, 9]",5,"[1, 3]",0,"[0, 1]",0,1,0,0,0,0,0,8,9
2024340WN4352,2024,340WN4352,473753,258895,-0.92173,52.22333,3,3,6,14:32,-1,E06000062,3,0,1,0,1,"[19, 12]",4,8,0,"[7, 0]",0,1,0,0,0,0,0,8,9
2024340WN4362,2024,340WN4362,481402,262139,-0.809,52.25142,3,3,2,22:00,-1,E06000062,3,2,1,0,2,"[5, 19]","[6, 5]",1,0,0,0,1,0,0,0,0,0,8,12
2024340WN4372,2024,340WN4372,473242,255776,-0.92988,52.19537,3,3,3,09:25,-1,E06000062,5,0,2,1,2,"[2, 19, 9]","[0, 1, 3]","[0, 5, 1]",0,0,0,1,0,0,0,0,0,8,6
2024340WN4382,2024,340WN4382,475116,260197,-0.90149,52.23485,3,3,3,14:39,-1,E06000062,3,0,1,0,1,19,1,5,0,"[0, 7]","[0, 1]",1,0,0,0,0,0,8,13
2024340WN4392,2024,340WN4392,475200,272430,-0.89753,52.3448,3,3,4,09:00,-1,E06000062,3,0,2,1,2,19,5,1,10,1,4,1,0,0,0,0,0,8,14
2024340WN4402,2024,340WN4402,474904,261048,-0.90441,52.24253,3,3,2,15:00,-1,E06000062,3,0,1,0,1,5,1,5,0,0,0,1,0,0,0,0,1,8,12
2024340WN4412,2024,340WN4412,476621,255904,-0.88043,52.19606,2,2,6,07:37,-1,E06000062,5,0,1,0,1,19,"[6, 1]",4,0,0,0,0,1,0,1,0,0,8,16
2024340WN4422,2024,340WN4422,453591,256327,-1.21726,52.20257,2,"[3, 2]",6,11:00,-1,E06000062,5,0,1,0,2,19,7,3,0,1,1,1,0,0,0,0,0,8,16
2024340WN4432,2024,340WN4432,461339,264399,-1.10244,52.27433,3,3,6,12:50,-1,E06000062,3,0,1,0,2,19,"[3, 1, 5]","[7, 5, 1]",0,0,0,1,0,0,0,0,0,8,16
2024340WN4442,2024,340WN4442,463201,259872,-1.076,52.23343,3,3,7,12:20,-1,E06000062,3,0,1,0,2,"[9, 19]","[1, 5]","[7, 1]","[0, 7]",0,0,1,0,0,0,0,0,8,17
2024340WN4452,2024,340WN4452,475706,260833,-0.89271,52.24049,3,3,1,02:40,-1,E06000062,6,2,1,0,1,19,"[2, 6]","[6, 2]",0,0,0,1,0,0,0,0,0,8,18
2024340WN4462,2024,340WN4462,476200,262083,-0.8852,52.25166,3,3,1,23:30,-1,E06000062,5,2,1,0,1,19,"[3, 7]","[7, 3]",0,0,0,1,0,0,0,0,0,8,18
2024340WN4472,2024,340WN4472,472350,262486,-0.9415,52.2558,2,2,2,11:50,-1,E06000062,3,0,1,0,1,"[19, 4]",8,4,0,0,0,1,0,0,0,0,0,8,19
2024340WN4482,2024,340WN4482,480990,264599,-0.81444,52.27359,3,3,3,10:30,-1,E06000062,3,0,1,0,1,19,7,3,7,3,1,1,0,0,0,0,0,8,20
2024340WN4492,2024,340WN4492,467366,259650,-1.01506,52.23094,3,3,3,18:15,-1,E06000062,3,0,1,0,2,5,3,5,0,0,0,1,0,0,0,0,0,8,20
2024340WN4502,2024,340WN4502,477021,259850,-0.87368,52.23147,3,3,4,07:40,-1,E06000062,3,0,1,0,2,"[19, 11]",3,7,0,1,"[2, 1]",1,0,0,1,0,0,8,21
2024340WN4512,2024,340WN4512,470956,279276,-0.95838,52.4069,3,3,4,11:00,-1,E06000062,3,0,1,0,2,19,3,7,0,0,0,1,0,0,0,0,0,8,21
2024340WN4522,2024,340WN4522,475527,260968,-0.8953,52.24173,3,3,4,10:40,-1,E06000062,3,0,1,0,1,"[9, 19]","[8, 4]","[5, 8]",0,0,0,1,1,0,0,0,0,8,21
2024340WN4542,2024,340WN4542,474088,278005,-0.91263,52.39506,3,3,4,16:53,-1,E06000062,3,0,1,0,2,"[10, 19]",1,5,0,0,0,1,0,0,0,0,0,8,21
2024340WN4552,2024,340WN4552,458633,270005,-1.14112,52.32502,3,3,4,13:28,-1,E06000062,1,0,1,0,2,"[4, 19]",5,1,0,0,0,1,0,0,1,0,0,8,21
2024340WN4562,2024,340WN4562,473511,259026,-0.92524,52.22454,3,3,7,19:30,-1,E06000062,3,0,1,1,1,"[9, 19]",7,"[5, 3]",0,0,0,1,0,1,0,0,0,8,24