collision_index,collision_year,collision_ref_no,location_easting_osgr,location_northing_osgr,longitude,latitude,casualty_severity,casualty_severity,day_of_week,time,local_authority_district,local_authority_ons_district,first_road_class,light_conditions,weather_conditions,road_surface_conditions,urban_or_rural_area,vehicle_manoeuvre,vehicle_direction_from,vehicle_direction_to,hit_object_in_carriageway,vehicle_leaving_carriageway,hit_object_off_carriageway,is_car,is_cyle,is_mcyle,is_goodsv,is_other,is_pedestrian,month,day
2024340WN4572,2024,340WN4572,468430,246068,-1.00222,52.10872,3,3,1,15:39,-1,E06000062,3,0,1,0,2,19,"[6, 1]","[2, 5]",0,0,0,1,0,0,0,0,0,8,25
2024340WN4582,2024,340WN4582,477377,270394,-0.86605,52.3262,3,3,7,15:15,-1,E06000062,5,0,2,1,2,19,4,8,0,0,0,1,0,0,0,0,0,8,24
2024340WN4592,2024,340WN4592,477228,262233,-0.87011,52.25286,3,3,2,18:00,-1,E06000062,3,0,1,0,1,"[19, 9]","[5, 1]","[1, 7]",0,0,0,1,0,0,0,0,0,8,26
2024340WN4602,2024,340WN4602,450521,236428,-1.26512,52.02398,2,"[3, 2]",2,19:35,-1,E06000062,5,0,1,0,2,19,"[1, 7]","[5, 1]",0,1,0,1,0,0,0,0,0,8,26
2024340WN4612,2024,340WN4612,460770,269417,-1.10987,52.3195,3,3,4,13:40,-1,E06000062,5,0,1,0,2,19,"[1, 5]","[5, 1]",0,0,0,1,0,0,0,0,0,8,28
2024340WN4622,2024,340WN4622,476348,270779,-0.88106,52.3298,2,2,6,15:35,-1,E06000062,5,0,1,0,2,"[19, 10]",7,3,0,"[1, 0]","[11, 0]",1,0,1,0,0,0,8,30
2024340WN4632,2024,340WN4632,469427,260166,-0.98479,52.23532,3,3,4,22:07,-1,E06000062,3,2,1,0,2,"[9, 19]","[3, 7]","[1, 3]",0,0,0,1,0,0,0,0,0,8,28
2024340WN4642,2024,340WN4642,458151,261292,-1.14969,52.24675,3,3,6,17:40,-1,E06000062,6,0,1,0,1,7,7,1,0,0,0,0,0,0,1,0,0,8,30
2024340WN4652,2024,340WN4652,479482,262398,-0.83706,52.25402,2,2,6,22:30,-1,E06000062,3,2,1,0,1,"[9, 19]",7,"[5, 3]",0,0,0,1,0,1,0,0,0,8,30
2024340WN4662,2024,340WN4662,480097,264665,-0.82751,52.27431,3,3,7,20:00,-1,E06000062,6,2,1,0,1,"[13, 19]",1,5,0,"[7, 0]",0,1,0,0,0,0,0,8,31
2024340WN4672,2024,340WN4672,476263,260899,-0.88454,52.24101,3,3,7,00:38,-1,E06000062,3,2,1,0,1,"[19, 11]",7,3,0,0,0,1,0,0,0,0,0,8,24
2024340WN4682,2024,340WN4682,475360,261064,-0.89773,52.24261,3,3,5,12:55,-1,E06000062,3,0,1,0,1,"[3, 19]",3,7,0,0,0,1,0,0,0,0,0,8,29
2024340WN4692,2024,340WN4692,476693,260989,-0.87822,52.24175,3,3,3,14:00,-1,E06000062,3,0,2,1,1,"[19, 9]","[3, 7]","[7, 5]",0,0,0,0,0,1,0,0,0,9,3
2024340WN4702,2024,340WN4702,472776,258846,-0.93604,52.22302,3,3,3,14:46,-1,E06000062,3,0,2,1,1,19,7,3,0,0,0,0,0,1,0,0,0,9,3
2024340WN4712,2024,340WN4712,475383,261415,-0.89731,52.24576,3,3,3,19:51,-1,E06000062,3,0,1,0,1,"[2, 19]","[0, 1]","[0, 5]","[0, 4]",0,0,1,0,0,0,0,0,9,3
2024340WN4722,2024,340WN4722,477477,263484,-0.86617,52.26407,3,3,5,16:00,-1,E06000062,6,0,1,0,1,19,4,8,0,0,0,1,0,0,0,0,1,9,5
2024340WN4732,2024,340WN4732,459552,267896,-1.12801,52.30596,2,2,5,20:00,-1,E06000062,3,2,2,1,2,19,"[5, 3]","[1, 7]",0,0,0,1,0,0,0,0,0,9,5
2024340WN4742,2024,340WN4742,476569,262879,-0.87961,52.25876,3,3,5,19:25,-1,E06000062,5,0,1,0,1,19,"[3, 5]","[7, 1]",0,0,0,1,0,0,0,0,0,9,5
2024340WN4752,2024,340WN4752,472662,257291,-0.93804,52.20906,3,3,6,05:05,-1,E06000062,3,2,1,1,2,19,8,4,0,0,0,1,0,0,1,0,0,9,6
2024340WN4762,2024,340WN4762,475148,262929,-0.90041,52.25941,2,"[2, 3]",6,15:00,-1,E06000062,3,0,1,0,1,"[9, 19]","[7, 1]",5,0,0,0,1,1,0,0,0,0,9,6
2024340WN4772,2024,340WN4772,479679,262507,-0.83414,52.25498,3,3,1,13:21,-1,E06000062,3,0,1,0,1,"[3, 19]",7,"[3, 2]",0,0,0,1,0,0,0,0,0,9,8
2024340WN4782,2024,340WN4782,456680,265093,-1.17059,52.28107,3,3,1,16:00,-1,E06000062,6,0,8,1,2,19,3,6,0,0,0,1,0,0,0,0,1,9,8
2024340WN4792,2024,340WN4792,476558,260964,-0.88021,52.24155,3,3,1,21:00,-1,E06000062,3,2,1,0,1,19,7,3,0,0,0,1,0,0,0,0,1,9,8
2024340WN4802,2024,340WN4802,475051,255229,-0.90354,52.19021,3,3,2,04:48,-1,E06000062,1,2,8,1,2,19,5,1,0,1,0,1,0,0,0,0,0,9,9
2024340WN4812,2024,340WN4812,477599,265039,-0.86403,52.27803,3,3,2,14:01,-1,E06000062,5,0,1,0,1,"[19, 4]",7,3,0,0,0,1,0,0,0,0,0,9,9
2024340WN4822,2024,340WN4822,466300,278151,-1.02703,52.39737,2,2,2,14:30,-1,E06000062,3,0,1,0,2,19,7,3,0,0,0,1,0,0,1,0,0,9,9
2024340WN4832,2024,340WN4832,457587,261760,-1.15787,52.25101,3,3,4,14:34,-1,E06000062,4,0,2,1,1,"[13, 19]","[5, 1]","[1, 5]",0,0,0,1,0,0,0,0,0,9,11
2024340WN4842,2024,340WN4842,475668,254984,-0.89457,52.18792,3,3,5,16:15,-1,E06000062,3,0,1,0,2,"[12, 3]",1,5,0,0,0,1,0,0,0,0,0,9,12
2024340WN4852,2024,340WN4852,475126,262936,-0.90074,52.25947,3,3,6,07:22,-1,E06000062,5,0,1,0,1,19,7,3,0,0,0,1,0,0,0,0,0,9,13
2024340WN4862,2024,340WN4862,474256,260095,-0.9141,52.23405,3,3,6,13:30,-1,E06000062,6,0,1,0,1,"[19, 9]","[5, 1]","[1, 7]",0,0,0,1,0,0,0,0,0,9,13
2024340WN4872,2024,340WN4872,459555,267894,-1.12796,52.30594,3,3,7,12:20,-1,E06000062,3,0,1,0,2,19,"[1, 3]","[5, 7]",0,"[0, 1]",0,1,0,0,0,0,0,9,14
2024340WN4882,2024,340WN4882,458536,270153,-1.14251,52.32636,3,3,7,08:45,-1,E06000062,1,0,1,0,2,19,5,1,0,0,0,1,0,0,0,0,0,9,14
2024340WN4892,2024,340WN4892,470958,271969,-0.95989,52.34122,3,3,7,11:46,-1,E06000062,5,0,1,0,2,"[9, 19, 13]","[7, 1]",5,0,0,0,1,0,0,0,0,0,9,14
2024340WN4902,2024,340WN4902,475928,262546,-0.88908,52.25586,3,3,7,22:40,-1,E06000062,3,2,8,0,1,19,7,3,0,1,0,1,0,0,0,0,1,9,14
2024340WN4912,2024,340WN4912,474668,261042,-0.90786,52.24251,3,3,7,12:55,-1,E06000062,3,0,1,0,2,19,7,3,0,0,0,1,0,0,0,0,1,9,14
2024340WN4922,2024,340WN4922,475594,274498,-0.89129,52.36333,3,3,1,16:00,-1,E06000062,3,0,1,0,2,"[5, 19]","[7, 1]","[3, 5]",0,"[0, 1]",0,1,0,0,0,0,0,9,15
2024340WN4932,2024,340WN4932,474964,243714,-0.90735,52.08671,3,3,2,09:56,-1,E06000062,3,0,1,0,2,"[4, 19]","[1, 5]","[5, 1]",0,"[0, 1]",0,1,0,0,0,0,0,9,16
2024340WN4942,2024,340WN4942,472172,265955,-0.94336,52.287,3,3,3,08:00,-1,E06000062,5,0,1,0,2,"[5, 19]","[8, 2]","[4, 6]",0,"[0, 1]",0,1,0,0,0,0,0,9,17
2024340WN4952,2024,340WN4952,481014,261826,-0.81475,52.24866,2,2,3,13:00,-1,E06000062,3,0,1,0,1,"[2, 19]","[0, 7]","[0, 3]",0,"[1, 0]","[4, 0]",1,0,0,1,0,0,9,17
2024340WN4962,2024,340WN4962,473998,258643,-0.9182,52.22104,3,3,3,15:55,-1,E06000062,3,0,1,0,1,"[3, 19]",4,8,0,0,0,1,0,0,0,0,0,9,17
2024340WN4972,2024,340WN4972,458125,261284,-1.15007,52.24668,3,3,3,18:46,-1,E06000062,3,0,1,0,1,"[13, 19]",3,7,"[7, 0]","[4, 0]","[1, 0]",1,0,0,0,0,0,9,17
2024340WN4982,2024,340WN4982,475138,263029,-0.90054,52.26031,3,3,5,06:09,-1,E06000062,3,0,1,0,1,"[3, 19]",5,1,0,"[1, 0]","[10, 0]",1,0,0,1,0,0,9,19
2024340WN4992,2024,340WN4992,447132,243173,-1.31358,52.08491,3,3,6,07:00,-1,E06000062,3,0,1,0,2,"[13, 19]",1,5,0,"[1, 0]","[9, 0]",1,0,0,0,0,0,9,20
2024340WN5002,2024,340WN5002,467961,259345,-1.00641,52.22812,3,3,1,22:35,-1,E06000062,1,2,2,1,2,"[19, 12]",5,1,0,0,0,1,0,0,1,0,0,9,22
2024340WN5012,2024,340WN5012,478762,262734,-0.84752,52.25715,3,3,6,08:25,-1,E06000062,5,0,2,1,1,19,1,5,0,0,0,1,0,0,0,0,1,9,27
2024340WN5022,2024,340WN5022,475940,260760,-0.8893,52.2398,3,3,3,13:10,-1,E06000062,3,0,1,0,1,"[19, 14]","[7, 3]","[3, 7]",0,0,0,1,0,0,0,0,0,9,3
2024340WN5032,2024,340WN5032,475211,259427,-0.90027,52.22792,3,3,6,18:00,-1,E06000062,5,0,8,0,1,"[4, 19]",7,3,0,0,0,1,0,0,0,0,0,9,6
2024340WN5042,2024,340WN5042,475164,260416,-0.90074,52.23681,3,3,6,21:45,-1,E06000062,3,2,1,0,1,19,1,5,0,0,0,1,0,0,0,0,1,9,6
2024340WN5052,2024,340WN5052,475690,260487,-0.89302,52.23738,2,2,7,22:46,-1,E06000062,5,2,1,0,1,5,3,7,0,0,0,1,0,0,0,0,1,9,7
2024340WN5062,2024,340WN5062,475145,260225,-0.90106,52.2351,3,3,7,16:24,-1,E06000062,3,0,1,0,1,"[19, 12]",7,3,0,0,0,1,0,0,0,0,0,9,7
2024340WN5072,2024,340WN5072,474383,258173,-0.91267,52.21676,3,3,3,13:05,-1,E06000062,3,0,1,0,1,"[19, 3]",1,5,0,0,0,1,0,0,0,0,0,9,17
2024340WN5082,2024,340WN5082,476739,261825,-0.87736,52.24926,3,3,6,21:40,-1,E06000062,3,2,1,0,1,"[2, 19]","[0, 1]","[0, 5]","[0, 4]",0,0,1,0,0,0,0,0,9,20
2024340WN5092,2024,340WN5092,479502,264347,-0.8363,52.27154,2,2,7,12:40,-1,E06000062,6,0,1,0,1,19,3,7,0,0,0,0,0,0,0,0,1,9,21
2024340WN5102,2024,340WN5102,475429,258830,-0.89721,52.22252,3,3,1,16:49,-1,E06000062,3,0,2,1,1,"[7, 19]","[7, 5]",1,0,"[7, 0]",0,1,0,0,0,0,0,9,22
2024340WN5112,2024,340WN5112,476502,261824,-0.88083,52.24929,3,3,7,16:05,-1,E06000062,3,0,2,1,1,"[2, 19]","[0, 5]","[0, 1]","[0, 4]",0,0,1,0,0,0,0,0,9,21
2024340WN5122,2024,340WN5122,477019,261004,-0.87345,52.24184,3,3,3,08:45,-1,E06000062,6,0,8,0,1,9,3,1,0,0,0,1,0,0,0,0,1,9,24
2024340WN5132,2024,340WN5132,477600,265037,-0.86401,52.27801,2,2,3,17:00,-1,E06000062,5,0,1,0,1,19,4,8,0,0,0,1,0,0,0,0,1,9,24
2024340WN5142,2024,340WN5142,475491,259913,-0.89606,52.23225,3,3,4,16:30,-1,E06000062,3,0,1,1,1,"[19, 12]",1,5,0,0,0,1,0,0,0,0,0,9,25
2024340WN5152,2024,340WN5152,481342,262790,-0.80972,52.25728,3,3,4,17:30,-1,E06000062,3,2,2,1,1,"[3, 19]",1,5,0,0,0,1,0,0,0,0,0,9,25
2024340WN5162,2024,340WN5162,475125,260860,-0.90121,52.24081,3,3,4,19:59,-1,E06000062,6,2,2,1,1,6,3,3,0,0,0,1,0,0,0,0,1,9,25
2024340WN5172,2024,340WN5172,470586,250802,-0.96977,52.151,3,3,4,21:09,-1,E06000062,3,2,2,1,2,19,7,3,0,1,9,1,0,0,0,0,0,9,25
2024340WN5182,2024,340WN5182,471322,256901,-0.95773,52.20573,3,3,5,04:15,-1,E06000062,5,2,2,1,2,19,"[5, 7]","[1, 3]",0,0,0,1,0,0,0,0,0,9,26
2024340WN5192,2024,340WN5192,476644,260262,-0.87911,52.23523,3,3,5,15:00,-1,E06000062,3,0,2,1,1,"[9, 19]","[1, 5]","[7, 1]",0,0,0,1,0,0,0,0,0,9,26
2024340WN5202,2024,340WN5202,453520,266046,-1.21676,52.28995,3,3,5,18:10,-1,E06000062,5,0,2,1,2,19,"[5, 1]","[1, 5]",0,"[0, 1]",0,1,0,0,0,0,0,9,26
2024340WN5212,2024,340WN5212,461369,269977,-1.10098,52.32447,3,3,6,07:35,-1,E06000062,5,0,2,1,2,19,1,6,0,1,3,1,0,0,0,0,0,9,27
2024340WN5222,2024,340WN5222,475179,263516,-0.89983,52.26468,3,3,3,22:10,-1,E06000062,3,2,2,1,1,"[19, 6]",5,"[1, 5]",0,0,0,1,0,0,0,0,0,9,24
2024340WN5232,2024,340WN5232,475669,257873,-0.89391,52.21389,3,3,5,17:40,-1,E06000062,3,0,2,1,2,"[7, 19]",1,"[5, 7]",0,0,0,1,0,0,0,0,0,9,26
2024340WN5242,2024,340WN5242,475884,254501,-0.89152,52.18355,3,3,7,01:40,-1,E06000062,1,2,1,0,2,"[11, 19]",5,1,0,0,0,1,0,0,1,0,0,9,28
2024340WN5252,2024,340WN5252,474933,259245,-0.90438,52.22632,3,3,1,10:34,-1,E06000062,3,0,1,0,1,5,7,3,0,0,0,1,0,0,0,0,1,9,29
2024340WN5262,2024,340WN5262,475171,272313,-0.89799,52.34375,3,3,1,14:40,-1,E06000062,3,0,1,0,2,19,"[1, 5]","[5, 1]",0,"[0, 1]","[0, 4]",1,0,0,0,0,0,9,29
2024340WN5272,2024,340WN5272,472530,259878,-0.93942,52.23233,3,3,7,15:30,-1,E06000062,6,0,1,0,1,"[2, 1]","[0, 5]","[0, 1]",0,0,0,1,0,0,0,0,0,9,28
2024340WN5282,2024,340WN5282,477325,261887,-0.86876,52.24974,3,3,1,19:11,-1,E06000062,3,2,2,1,1,19,"[7, 1]","[3, 5]",0,"[0, 3]",0,1,0,0,0,0,0,9,29
2024340WN5292,2024,340WN5292,475015,260770,-0.90284,52.24002,3,3,3,15:37,-1,E06000062,6,0,1,0,1,"[2, 1]","[0, 3]","[0, 7]",0,0,0,1,0,0,0,0,0,9,24
2024340WN5302,2024,340WN5302,474916,259197,-0.90464,52.22589,3,3,3,08:00,-1,E06000062,3,0,2,1,1,"[2, 19, 7]","[0, 1, 7]","[0, 5]","[0, 4]",0,0,1,0,0,0,0,0,10,1
2024340WN5312,2024,340WN5312,476562,261376,-0.88005,52.24525,3,3,3,11:00,-1,E06000062,6,0,2,1,1,19,"[1, 7]","[5, 3]",0,0,0,1,0,0,0,0,0,10,1
2024340WN5322,2024,340WN5322,477810,262234,-0.86158,52.25279,3,3,3,14:30,-1,E06000062,6,0,2,1,1,"[2, 19]","[0, 5]","[0, 1]","[0, 4]","[0, 7]","[0, 10]",1,0,0,0,0,0,10,1
2024340WN5332,2024,340WN5332,464586,270393,-1.05371,52.32784,3,3,4,07:00,-1,E06000062,3,0,2,1,2,19,"[5, 1]","[1, 5]",0,0,0,1,0,0,0,0,0,10,2
2024340WN5342,2024,340WN5342,474939,261010,-0.9039,52.24218,3,3,3,13:00,-1,E06000062,6,0,2,1,1,"[3, 19]",3,7,0,0,0,1,0,0,0,0,0,10,1
2024340WN5352,2024,340WN5352,479430,261722,-0.83798,52.24796,3,3,4,18:10,-1,E06000062,3,0,1,0,1,19,"[7, 5]","[3, 1]",0,0,0,1,0,1,0,0,0,10,2
2024340WN5362,2024,340WN5362,475093,255669,-0.90283,52.19415,3,3,1,12:05,-1,E06000062,6,0,1,0,1,19,1,5,0,0,0,1,0,0,0,0,1,10,6
2024340WN5372,2024,340WN5372,456455,261414,-1.17451,52.24802,3,3,7,13:33,-1,E06000062,3,0,1,0,2,-1,6,8,0,0,0,1,0,0,0,0,0,10,5
2024340WN5382,2024,340WN5382,458617,242638,-1.14608,52.07901,2,2,1,19:49,-1,E06000062,4,2,2,1,2,19,"[7, 5, 3]","[3, 1, 7]",0,0,0,1,0,0,0,0,0,10,6
2024340WN5392,2024,340WN5392,475173,263342,-0.89996,52.26311,3,3,2,07:00,-1,E06000062,3,0,8,1,1,15,1,5,0,"[0, 1]",0,1,1,0,0,0,0,10,7
2024340WN5402,2024,340WN5402,475388,260071,-0.89754,52.23368,3,3,6,08:00,-1,E06000062,3,0,1,1,1,"[19, 3]",5,7,0,0,0,1,0,0,0,0,0,10,4
2024340WN5412,2024,340WN5412,454956,246068,-1.19894,52.11022,3,3,4,13:30,-1,E06000062,6,0,1,1,2,"[9, 19]","[8, 5]","[5, 1]",0,"[3, 1]",0,1,0,0,0,0,0,10,9
2024340WN5422,2024,340WN5422,457674,233471,-1.16138,51.9967,3,3,5,08:30,-1,E06000062,3,0,1,1,2,"[19, 9]",5,"[1, 3]","[9, 0]",0,0,1,0,0,1,0,0,10,10
2024340WN5432,2024,340WN5432,457912,271782,-1.15139,52.34107,3,3,5,14:35,-1,E06000062,1,0,1,0,2,"[19, 12]",1,5,0,"[5, 0]","[6, 0]",1,0,0,1,0,0,10,10
2024340WN5442,2024,340WN5442,475226,259362,-0.90007,52.22733,2,2,6,22:13,-1,E06000062,6,2,1,0,1,19,7,3,0,0,0,0,0,0,0,0,1,10,11
2024340WN5452,2024,340WN5452,475692,257877,-0.89358,52.21392,3,3,5,20:04,-1,E06000062,3,2,1,1,2,19,"[1, 3]","[5, 7]","[7, 0]",0,0,1,0,0,0,0,0,10,10
2024340WN5462,2024,340WN5462,480002,264596,-0.82892,52.27371,3,3,7,20:10,-1,E06000062,3,2,1,0,1,19,"[3, 7]","[7, 3]",0,0,0,1,0,0,0,0,0,10,12
2024340WN5472,2024,340WN5472,474834,257983,-0.90611,52.21499,3,3,1,19:50,-1,E06000062,3,2,1,0,1,11,7,3,6,4,9,1,0,0,0,0,0,10,13
2024340WN5482,2024,340WN5482,475001,259390,-0.90335,52.22761,3,3,2,18:50,-1,E06000062,3,2,1,0,1,5,1,6,0,0,0,1,0,1,0,0,0,10,14
2024340WN5492,2024,340WN5492,476921,261055,-0.87487,52.24232,3,3,3,15:50,-1,E06000062,3,0,1,0,1,19,3,7,0,0,0,1,0,0,0,0,1,10,15
2024340WN5502,2024,340WN5502,468677,245777,-0.99867,52.10607,3,3,3,14:30,-1,E06000062,3,0,1,0,2,19,"[7, 4]","[3, 8]",0,0,0,1,0,0,0,0,0,10,15
2024340WN5512,2024,340WN5512,475738,260859,-0.89224,52.24072,3,3,4,21:27,-1,E06000062,3,2,2,1,1,19,"[4, 7]","[8, 3]",0,0,0,1,0,0,0,0,0,10,16
2024340WN5522,2024,340WN5522,475705,257875,-0.89339,52.2139,3,3,1,19:13,-1,E06000062,4,0,2,1,2,"[3, 19]",4,7,0,0,0,1,0,0,0,0,0,9,15
2024340WN5532,2024,340WN5532,472870,253065,-0.9359,52.17105,3,3,6,06:23,-1,E06000062,5,2,2,1,2,19,1,5,0,0,0,1,0,0,0,0,0,10,18
2024340WN5542,2024,340WN5542,481634,262217,-0.80558,52.25208,2,2,6,11:46,-1,E06000062,3,0,1,0,2,"[4, 19]","[7, 3]","[3, 7]",0,0,0,1,0,0,0,0,0,10,18
2024340WN5552,2024,340WN5552,475639,260243,-0.89382,52.23519,2,2,6,15:38,-1,E06000062,6,0,1,0,1,-1,5,1,0,0,0,1,0,0,0,0,1,10,18
2024340WN5562,2024,340WN5562,461926,260168,-1.09461,52.23623,3,3,6,16:35,-1,E06000062,6,0,1,0,2,"[9, 19]","[5, 3]","[3, 7]",0,0,0,1,0,1,0,0,0,10,18
2024340WN5572,2024,340WN5572,475709,264135,-0.89193,52.27017,3,3,7,10:23,-1,E06000062,5,0,1,1,1,19,6,2,0,0,0,1,0,0,0,0,0,10,19
2024340WN5582,2024,340WN5582,460021,267901,-1.12113,52.30595,2,"[3, 2]",1,07:30,-1,E06000062,1,0,2,1,2,19,1,5,0,0,0,1,0,0,0,0,0,10,20
2024340WN5592,2024,340WN5592,475081,249700,-0.90432,52.1405,3,3,2,16:40,-1,E06000062,3,0,1,0,2,19,"[5, 1]","[1, 5]",0,0,0,1,0,0,0,0,0,10,21
2024340WN5602,2024,340WN5602,474152,261158,-0.91539,52.24362,2,2,2,18:55,-1,E06000062,6,2,1,0,1,19,4,8,0,0,0,1,0,0,0,0,1,10,21
2024340WN5612,2024,340WN5612,475816,260827,-0.8911,52.24042,2,2,3,14:35,-1,E06000062,3,0,1,0,1,19,8,4,0,0,0,0,1,0,0,0,1,10,22
2024340WN5622,2024,340WN5622,472277,255473,-0.94406,52.19277,2,2,4,23:10,-1,E06000062,3,2,1,0,2,19,5,1,0,1,1,1,0,0,0,0,0,10,23
2024340WN5632,2024,340WN5632,470718,258221,-0.96629,52.21767,3,3,4,12:20,-1,E06000062,1,0,1,0,2,19,4,8,0,0,0,1,0,0,1,0,0,10,23
2024340WN5642,2024,340WN5642,466641,265022,-1.02462,52.27931,2,2,5,15:00,-1,E06000062,5,0,1,0,2,"[19, 4]","[2, 5, 6]","[6, 2]",0,0,0,1,1,0,0,0,0,10,24
2024340WN5652,2024,340WN5652,459326,264370,-1.13194,52.27429,2,2,5,06:20,-1,E06000062,4,2,1,0,2,19,1,5,0,"[0, 1]",0,0,1,0,0,1,0,10,24
2024340WN5662,2024,340WN5662,462556,250274,-1.08721,52.14722,3,3,6,11:05,-1,E06000062,6,0,1,1,2,19,"[3, 5, 7]","[7, 1, 3]",0,0,0,1,0,0,0,0,0,10,25
2024340WN5672,2024,340WN5672,475860,256701,-0.89138,52.20333,3,3,7,11:20,-1,E06000062,3,0,1,0,1,19,1,5,0,0,0,1,0,0,0,0,0,10,26
2024340WN5682,2024,340WN5682,469443,248539,-0.98693,52.1308,2,2,5,19:00,-1,E06000062,6,2,1,0,2,1,0,0,0,0,0,1,0,0,0,0,0,10,24
2024340WN5692,2024,340WN5692,472981,266295,-0.93143,52.28995,3,3,7,18:00,-1,E06000062,3,0,1,0,2,"[5, 19]","[3, 7]","[7, 3]",0,0,0,1,0,0,0,0,0,10,26
2024340WN5702,2024,340WN5702,474897,261034,-0.90451,52.24241,3,3,7,21:41,-1,E06000062,3,2,8,0,1,7,1,3,7,0,10,1,0,0,0,0,0,10,26
2024340WN5712,2024,340WN5712,475770,260850,-0.89177,52.24063,2,2,2,14:10,-1,E06000062,3,0,1,0,1,19,8,4,0,0,0,0,1,0,1,0,0,10,28
2024340WN5722,2024,340WN5722,475215,260776,-0.89991,52.24004,3,3,5,12:20,-1,E06000062,3,0,1,0,1,"[19, 9]","[1, 5]","[5, 3]",0,"[1, 0]","[1, 0]",1,0,0,0,0,0,10,31
2024340WN5732,2024,340WN5732,477909,266316,-0.85919,52.28947,3,3,2,18:49,-1,E06000062,5,2,1,0,1,19,"[3, 7]","[1, 3]",0,0,0,1,0,0,0,0,0,10,7
2024340WN5742,2024,340WN5742,475471,261032,-0.89611,52.24231,3,3,5,07:00,-1,E06000062,6,0,1,0,1,"[7, 8]",1,3,0,0,0,1,0,0,0,0,0,10,24
2024340WN5752,2024,340WN5752,476834,262349,-0.87585,52.25396,3,3,4,10:05,-1,E06000062,3,0,2,1,1,19,2,6,0,0,0,1,0,0,0,0,1,10,16
2024340WN5762,2024,340WN5762,479692,262608,-0.83393,52.25588,3,3,5,17:00,-1,E06000062,6,0,1,0,1,"[19, 6]","[5, 3]","[1, 3]",0,0,0,1,1,0,0,0,0,10,17
2024340WN5772,2024,340WN5772,475203,260413,-0.90017,52.23678,3,3,5,13:10,-1,E06000062,6,0,1,0,1,19,7,3,0,0,0,0,0,0,1,0,1,10,24
2024340WN5782,2024,340WN5782,476637,260272,-0.87921,52.23532,3,3,5,11:00,-1,E06000062,3,0,1,0,1,"[7, 19]","[7, 5]",1,0,0,0,1,0,0,0,0,0,10,24
2024340WN5792,2024,340WN5792,458181,238648,-1.15312,52.04318,3,3,3,12:25,-1,E06000062,6,0,2,1,1,"[7, 19]","[2, 8]",4,0,0,0,1,1,0,0,0,0,10,1
2024340WN5802,2024,340WN5802,479475,261809,-0.8373,52.24873,3,3,3,08:15,-1,E06000062,3,0,1,0,1,"[19, 3]",1,5,0,0,0,1,0,0,0,0,0,10,1
2024340WN5812,2024,340WN5812,479473,261467,-0.83741,52.24566,3,3,5,10:30,-1,E06000062,3,0,1,0,2,19,4,"[1, 2]",0,0,0,1,0,0,0,0,0,10,3
2024340WN5822,2024,340WN5822,478218,262433,-0.85556,52.25452,3,3,5,19:30,-1,E06000062,6,2,1,0,1,19,"[5, 7]","[1, 3]",0,0,0,1,1,0,0,0,0,10,3
2024340WN5832,2024,340WN5832,476336,262736,-0.88306,52.25751,3,3,1,17:02,-1,E06000062,5,0,1,0,1,"[3, 19]",6,2,0,0,0,1,1,0,0,0,0,10,6
2024340WN5842,2024,340WN5842,475130,250002,-0.90354,52.14321,3,3,5,08:40,-1,E06000062,3,0,1,0,2,19,1,5,0,0,0,1,0,0,0,0,0,10,31
2024340WN5852,2024,340WN5852,476493,260579,-0.88124,52.2381,3,3,5,14:20,-1,E06000062,6,0,1,0,1,1,5,1,0,0,0,1,0,0,0,0,1,10,10
2024340WN5862,2024,340WN5862,477873,263895,-0.86028,52.26771,3,3,7,15:23,-1,E06000062,3,0,1,1,1,"[19, 3]",6,2,0,0,0,1,0,0,0,0,0,10,12
2024340WN5872,2024,340WN5872,475647,259719,-0.89382,52.23048,3,3,3,22:37,-1,E06000062,6,2,1,0,1,19,3,7,0,0,0,1,0,0,0,0,0,10,15
2024340WN5882,2024,340WN5882,475571,260806,-0.89469,52.24026,3,3,5,17:39,-1,E06000062,5,0,1,0,1,"[12, 19]",7,3,0,0,0,1,0,0,1,0,0,10,17
2024340WN5892,2024,340WN5892,472696,260003,-0.93696,52.23343,3,3,6,06:20,-1,E06000062,3,2,7,1,1,19,"[3, 5]","[7, 1]",0,0,0,1,1,0,0,0,0,10,18
2024340WN5902,2024,340WN5902,474753,258928,-0.90708,52.2235,3,3,5,16:30,-1,E06000062,3,0,1,0,1,"[9, 19]","[7, 5]","[5, 1]",0,0,0,1,1,0,0,0,0,10,24
2024340WN5912,2024,340WN5912,457903,233421,-1.15805,51.99622,3,3,4,16:58,-1,E06000062,3,0,1,0,2,19,3,7,0,0,0,1,0,0,0,0,0,10,23
2024340WN5922,2024,340WN5922,458094,237931,-1.15451,52.03675,3,3,5,15:29,-1,E06000062,6,0,1,0,1,9,5,3,0,0,0,0,0,0,1,0,1,10,24
2024340WN5932,2024,340WN5932,475824,238147,-0.89603,52.03655,3,3,1,15:10,-1,E06000062,3,0,1,0,2,"[19, 10]",6,"[2, 3]",0,0,0,1,0,0,0,0,0,10,27
2024340WN5942,2024,340WN5942,475064,271798,-0.89967,52.33914,3,3,2,09:30,-1,E06000062,3,0,1,0,2,"[19, 7]",5,"[1, 7]",0,0,0,1,0,0,0,0,0,10,28
2024340WN5952,2024,340WN5952,457406,262566,-1.16038,52.25828,3,3,2,15:05,-1,E06000062,4,0,2,1,1,19,"[1, 3]","[5, 7]",0,0,0,1,1,0,0,0,0,10,28
2024340WN5962,2024,340WN5962,476304,260002,-0.88414,52.23294,3,3,5,09:30,-1,E06000062,3,0,1,1,1,"[4, 19]",3,7,0,0,0,1,0,0,0,0,0,10,10
2024340WN5972,2024,340WN5972,475482,260083,-0.89616,52.23378,3,3,3,17:25,-1,E06000062,3,2,1,0,1,19,"[1, 3]","[5, 7]",0,0,0,1,0,0,0,0,0,10,29
2024340WN5982,2024,340WN5982,454698,245111,-1.20286,52.10164,3,3,4,06:53,-1,E06000062,5,0,1,0,2,"[19, 8, 9]","[3, 5, 7]","[7, 5]",0,0,0,1,0,0,0,0,0,10,30
2024340WN5992,2024,340WN5992,458080,270280,-1.14918,52.32755,3,3,4,19:05,-1,E06000062,3,2,1,0,2,"[10, 19]",5,"[2, 1]",0,0,0,1,0,0,0,0,0,10,30
2024340WN6002,2024,340WN6002,459513,236807,-1.13402,52.02649,3,3,1,12:45,-1,E06000062,3,0,1,0,2,"[19, 3]",1,5,0,0,0,1,0,0,0,0,0,10,27
2024340WN6012,2024,340WN6012,457387,262494,-1.16067,52.25763,2,2,6,20:30,-1,E06000062,6,2,1,0,1,"[20, 19]","[5, 1]","[1, 5]",0,0,0,1,0,0,0,0,0,11,1