collision_index,collision_year,collision_ref_no,location_easting_osgr,location_northing_osgr,longitude,latitude,casualty_severity,casualty_severity,day_of_week,time,local_authority_district,local_authority_ons_district,first_road_class,light_conditions,weather_conditions,road_surface_conditions,urban_or_rural_area,vehicle_manoeuvre,vehicle_direction_from,vehicle_direction_to,hit_object_in_carriageway,vehicle_leaving_carriageway,hit_object_off_carriageway,is_car,is_cyle,is_mcyle,is_goodsv,is_other,is_pedestrian,month,day
2024340WN9122,2024,340WN9122,475347,257952,-0.89861,52.21464,1,1,1,07:20,-1,E06000062,3,0,1,0,1,"[10, 19]","[5, 7]",3,0,"[0, 3]","[0, 4]",0,0,1,0,1,0,8,25
2024340WN9132,2024,340WN9132,477293,259913,-0.86968,52.232,1,1,2,12:20,-1,E06000062,3,0,2,1,2,19,5,1,0,1,1,1,0,0,0,0,0,9,23
2024340WN9142,2024,340WN9142,456880,266518,-1.16742,52.29386,1,"[3, 1]",4,10:50,-1,E06000062,3,0,1,1,2,19,"[5, 1]","[1, 5]",0,"[0, 1]",0,1,0,0,1,0,0,10,2
2024340WN9152,2024,340WN9152,475319,272814,-0.8957,52.34823,1,1,4,14:40,-1,E06000062,3,0,1,0,2,19,"[1, 5]","[5, 1]",0,0,0,1,0,0,0,0,0,10,23
2024340WN9162,2024,340WN9162,476737,242158,-0.88183,52.07248,1,1,2,13:40,-1,E06000062,3,0,8,0,2,"[10, 13]",8,"[6, 4]",0,0,0,1,0,1,0,0,0,11,11
2024340WN9172,2024,340WN9172,463292,260965,-1.07446,52.24324,1,"[1, 3]",7,08:20,-1,E06000062,3,0,5,1,2,"[19, 11]","[6, 2]","[2, 6]",0,0,0,1,0,0,0,0,0,11,23
2024340WN9192,2024,340WN9192,479670,264646,-0.83377,52.2742,1,"[3, 2, 1]",6,13:00,-1,E06000062,3,0,1,1,1,19,"[3, 7]","[7, 3]",0,0,0,1,0,0,0,0,0,12,13
2024341409940,2024,341409940,477857,260497,-0.86129,52.23717,2,2,3,18:20,-1,E06000062,3,2,2,1,1,19,"[5, 3]","[1, 7]",0,0,0,1,0,0,0,0,0,2,13
2024351394803,2024,351394803,542412,259291,0.08301,52.21344,3,3,3,16:18,-1,E07000008,3,0,2,1,2,"[12, -1]",-1,-1,"[10, -1]","[0, -1]",0,1,0,0,0,1,0,1,2
2024351395100,2024,351395100,517572,295091,-0.26782,52.54099,3,3,5,08:20,-1,E06000031,6,0,1,1,1,"[19, -1]","[3, -1]","[7, -1]",0,0,0,0,0,1,0,1,0,1,4
2024351395845,2024,351395845,517512,300688,-0.26673,52.5913,3,3,6,08:15,-1,E06000031,6,0,1,0,1,"[19, 9]","[1, 3]","[5, 7]",0,0,0,1,1,0,0,0,0,1,5
2024351395900,2024,351395900,519273,298996,-0.24135,52.57571,2,2,6,15:37,-1,E06000031,6,0,1,0,1,"[9, 19]","[3, 5]",1,0,0,0,1,1,0,0,0,0,1,5
2024351395914,2024,351395914,517840,301530,-0.26159,52.59879,3,3,4,13:30,-1,E06000031,3,0,1,-1,1,"[19, 5]",-1,-1,0,0,0,1,0,0,0,0,0,1,3
2024351396028,2024,351396028,537420,303396,0.02809,52.61096,2,2,4,14:00,-1,E07000010,3,0,1,0,2,-1,-1,-1,-1,-1,0,1,0,0,1,0,0,1,3
2024351396062,2024,351396062,546810,255305,0.14561,52.17647,3,3,5,10:30,-1,E07000008,3,0,1,0,1,"[-1, 9]","[-1, 8]","[-1, 5]","[-1, 0]","[-1, 0]",0,1,0,0,0,0,0,1,4
2024351396344,2024,351396344,537665,259573,0.01369,52.21718,3,3,5,12:30,-1,E07000012,6,0,1,1,2,-1,-1,-1,-1,-1,0,1,0,0,0,0,0,1,4
2024351396407,2024,351396407,555031,272294,0.27353,52.32684,3,3,7,23:11,-1,E07000009,3,2,2,1,2,19,4,7,0,1,3,1,0,0,0,0,0,1,6
2024351396799,2024,351396799,551572,275659,0.22433,52.35804,3,3,5,13:23,-1,E07000009,3,0,1,0,2,"[19, 5]","[6, 1]","[2, 6]",0,0,0,1,0,0,1,0,0,1,4
2024351397094,2024,351397094,557043,283149,0.30811,52.42378,3,3,4,08:07,-1,E07000009,6,0,8,2,2,"[4, 19]",-1,-1,0,"[0, 7]",0,1,0,0,0,0,0,1,10
2024351397101,2024,351397101,547868,259307,0.16281,52.21214,3,3,4,08:55,-1,E07000008,3,0,1,2,1,"[4, 5]",-1,-1,0,0,0,1,1,0,0,0,0,1,10
2024351397222,2024,351397222,544391,260286,0.11238,52.22186,3,3,2,11:40,-1,E07000008,6,0,1,0,1,"[19, 3]",3,"[5, 7]",0,0,0,1,1,0,0,0,0,1,8
2024351397235,2024,351397235,524630,272720,-0.17215,52.33841,2,2,5,15:10,-1,E07000011,6,0,1,0,1,"[19, 14]","[8, 4]","[4, 8]",0,0,0,1,1,0,0,0,0,1,4
2024351397500,2024,351397500,541656,296744,0.08777,52.55012,3,3,5,17:00,-1,E07000010,6,2,1,0,1,-1,-1,-1,0,0,0,1,1,0,0,0,0,1,11
2024351397517,2024,351397517,545924,262030,0.13556,52.23713,3,3,3,17:15,-1,E07000012,3,2,4,1,2,19,"[3, -1]","[7, -1]",0,0,0,1,0,0,1,0,0,1,2
2024351397535,2024,351397535,531099,271736,-0.07764,52.32806,3,3,4,18:10,-1,E07000011,6,2,1,0,1,19,1,5,0,0,0,1,0,0,0,0,1,1,10
2024351398371,2024,351398371,543989,258302,0.10565,52.20414,3,3,7,12:52,-1,E07000008,6,0,1,0,1,"[9, 4]","[1, 5]","[7, 1]",0,0,0,1,1,0,0,0,0,1,13
2024351398439,2024,351398439,545068,258238,0.12141,52.20328,3,3,6,22:00,-1,E07000008,6,2,1,0,1,"[19, 7]","[8, 3]","[3, 8]",0,0,0,1,0,0,0,0,0,1,12
2024351398798,2024,351398798,546746,256577,0.14522,52.18792,3,3,2,09:15,-1,E07000008,6,0,1,-1,1,-1,-1,-1,-1,-1,0,1,1,0,0,0,0,1,15
2024351398817,2024,351398817,529643,260620,-0.10326,52.22853,3,3,6,16:25,-1,E07000012,3,2,1,0,2,"[5, 19]",5,1,0,0,0,1,0,0,0,0,0,1,12
2024351398836,2024,351398836,544933,310680,0.14217,52.67445,3,3,6,23:58,-1,E07000010,4,2,1,1,1,19,7,3,11,1,11,1,0,0,0,0,0,1,12
2024351398850,2024,351398850,542479,243754,0.07748,52.07383,3,3,4,15:45,-1,E07000012,3,0,1,1,2,"[2, 19]","[0, 6]","[0, 2]",0,0,0,1,0,0,0,0,0,1,10
2024351398870,2024,351398870,547261,256473,0.15271,52.18685,3,3,2,22:37,-1,E07000008,3,2,1,-1,1,-1,-1,-1,-1,-1,0,1,0,0,0,0,0,1,15
2024351398889,2024,351398889,549206,259241,0.18235,52.21119,3,3,4,20:37,-1,E07000012,3,2,8,0,1,"[9, 19]","[8, 2]","[4, 6]","[0, 7]",0,0,1,0,0,0,0,0,1,10
2024351398935,2024,351398935,554315,281058,0.26706,52.40577,2,2,5,15:30,-1,E07000009,6,2,1,1,1,19,5,1,0,0,0,1,0,0,0,0,1,1,11
2024351398966,2024,351398966,544822,279431,0.12691,52.39375,3,3,1,07:38,-1,E07000009,3,2,8,1,2,"[19, 13]","[4, 8]","[8, 4]",0,"[1, 0]","[4, 0]",1,0,0,0,0,0,1,7
2024351399004,2024,351399004,540847,255575,0.05858,52.18045,2,2,4,10:58,-1,E07000012,6,0,1,2,2,19,1,7,0,1,11,0,0,1,0,0,0,1,10
2024351399033,2024,351399033,546067,295311,0.15214,52.53608,2,2,4,07:55,-1,E07000010,4,0,1,2,2,19,4,8,0,7,9,1,0,0,0,0,0,1,10
2024351399070,2024,351399070,540635,255776,0.05556,52.18231,3,3,6,20:12,-1,E07000012,4,2,1,1,2,"[19, 9]","[3, 8]","[8, 4]",0,0,0,1,0,0,0,0,0,1,12
2024351399084,2024,351399084,539553,266902,0.04433,52.28255,2,2,6,14:20,-1,E07000012,6,0,1,1,2,"[19, 9]",1,5,0,0,0,1,0,1,0,0,0,1,5
2024351399280,2024,351399280,515581,298499,-0.29598,52.57204,3,3,1,17:28,-1,E06000031,3,2,1,0,2,19,"[1, 5]","[5, 1]",9,0,0,1,0,0,0,0,0,1,7
2024351399328,2024,351399328,538893,259069,0.03145,52.21234,3,3,2,15:45,-1,E07000012,6,0,1,0,2,"[15, 19]",5,1,0,0,0,1,1,0,0,0,0,1,15
2024351399332,2024,351399332,532107,288016,-0.05644,52.4741,1,1,2,17:25,-1,E07000011,6,2,1,0,2,"[13, 19]","[7, 3]","[3, 7]",0,0,0,1,0,1,0,0,0,1,8
2024351399457,2024,351399457,518979,295928,-0.24679,52.54821,3,3,5,05:52,-1,E06000031,3,2,4,0,2,"[13, 5]",7,3,"[0, 7]",0,0,1,0,0,0,0,0,1,4
2024351399803,2024,351399803,519854,299555,-0.23258,52.58061,3,3,3,08:35,-1,E06000031,6,0,1,-1,1,"[19, 4]",-1,-1,0,0,0,1,0,0,0,0,0,1,16
2024351399854,2024,351399854,546649,259021,0.14486,52.2099,2,2,4,10:56,-1,E07000008,3,0,1,0,1,"[5, 19]","[4, 2]","[8, 6]",0,0,0,1,1,0,0,0,0,1,17
2024351400279,2024,351400279,530914,308626,-0.06586,52.65956,3,3,5,16:43,-1,E06000031,4,0,1,-1,2,19,-1,-1,0,0,0,1,0,0,0,0,0,1,18
2024351400290,2024,351400290,545826,258313,0.13252,52.20376,3,3,5,15:23,-1,E07000008,3,0,1,0,1,"[7, 19]",2,"[3, 6]","[0, 10]",0,0,1,1,0,0,0,0,1,18
2024351400381,2024,351400381,522282,294991,-0.19845,52.53906,3,3,3,20:45,-1,E07000011,6,2,2,1,2,19,7,3,0,1,0,1,0,0,0,0,0,1,2
2024351400383,2024,351400383,563871,275166,0.40453,52.35007,3,3,3,18:01,-1,E07000009,4,2,1,2,2,19,"[8, 4]","[4, 8]",0,"[0, 1]",0,1,0,0,0,0,0,1,16
2024351400391,2024,351400391,520442,296352,-0.22507,52.5517,3,3,5,14:13,-1,E06000031,4,0,1,0,1,19,3,7,10,7,0,1,0,0,0,0,0,1,4
2024351400392,2024,351400392,545872,260233,0.13402,52.221,3,3,7,22:37,-1,E07000008,6,2,1,1,1,"[2, 3, 14, 5]","[0, 8, 4]","[0, 4, 8]","[0, 4]",0,0,1,0,1,0,0,0,1,13
2024351401208,2024,351401208,544921,307427,0.14056,52.64523,3,3,1,13:50,-1,E07000010,3,0,4,1,2,"[19, 4]",3,7,0,0,0,1,0,0,0,0,0,1,21
2024351401581,2024,351401581,546654,261005,0.14579,52.22772,2,2,7,00:17,-1,E07000008,3,2,1,0,1,19,5,1,0,1,0,0,0,1,0,0,0,1,13
2024351401587,2024,351401587,519403,302357,-0.23822,52.60588,3,3,2,08:41,-1,E06000031,6,0,1,0,1,"[5, 3, 1]","[3, 7, 1]","[7, 3, 5]",0,0,0,1,0,0,1,0,0,1,22
2024351401655,2024,351401655,530309,277237,-0.08709,52.37768,3,3,1,10:50,-1,E07000011,6,0,1,0,2,19,3,7,0,7,0,1,0,0,0,0,0,1,14
2024351401686,2024,351401686,548228,248350,0.1633,52.11361,1,1,5,10:45,-1,E07000012,3,0,1,1,2,19,"[3, 7]","[7, 3]",0,1,0,1,0,0,0,0,0,1,18
2024351401706,2024,351401706,547208,295466,0.16902,52.53716,3,3,4,08:05,-1,E07000010,4,0,1,2,2,"[2, 19]","[0, 2]","[0, 6]","[0, 4]","[0, 7]",0,1,0,0,0,0,0,1,10
2024351401739,2024,351401739,522954,271965,-0.19701,52.332,3,3,6,15:25,-1,E07000011,6,0,1,0,2,"[10, 19]",-1,-1,0,0,0,1,0,0,0,0,0,1,12
2024351401748,2024,351401748,526700,297102,-0.13254,52.55702,3,3,6,15:25,-1,E07000010,4,0,1,1,1,19,1,5,0,1,7,1,0,0,0,0,0,1,19
2024351401966,2024,351401966,544944,315356,0.14439,52.71645,3,3,5,14:30,-1,E07000010,3,0,8,0,2,19,1,5,0,1,0,1,0,0,0,0,0,1,18
2024351401974,2024,351401974,539994,247490,0.04278,52.10803,2,2,4,08:57,-1,E07000012,3,0,1,2,2,19,"[5, 7]","[1, 3]",0,0,0,1,0,0,0,0,0,1,10
2024351402048,2024,351402048,546373,309772,0.16304,52.6659,3,3,5,06:11,-1,E07000010,3,2,1,2,1,"[19, 7]","[1, 2]",5,0,"[4, 0]","[6, 0]",1,0,0,0,0,0,1,18
2024351402087,2024,351402087,521389,301480,-0.20923,52.59756,3,3,5,08:05,-1,E06000031,3,0,8,2,1,"[19, 13]",1,5,0,"[0, 1]",0,1,0,0,0,0,0,1,18
2024351402142,2024,351402142,519042,298600,-0.2449,52.5722,2,2,6,15:50,-1,E06000031,6,0,1,0,1,19,1,5,0,0,0,1,0,0,0,0,1,1,19
2024351402177,2024,351402177,547261,256461,0.1527,52.18674,3,3,3,07:20,-1,E07000008,3,2,1,0,1,"[5, 19]","[3, 1]","[7, 5]",0,0,0,1,1,0,0,0,0,1,23
2024351402480,2024,351402480,530268,269038,-0.09087,52.30402,3,3,6,12:17,-1,E07000011,3,0,1,0,2,"[19, 10]","[3, 1]","[1, 5]",0,0,0,1,0,0,1,0,0,1,19
2024351402546,2024,351402546,545764,250928,0.12845,52.13743,2,2,2,19:15,-1,E07000012,6,2,1,1,2,"[99, 19]",-1,-1,"[99, 0]",0,0,1,1,0,0,0,0,1,22
2024351402798,2024,351402798,516097,295617,-0.28938,52.54603,3,3,3,19:45,-1,E06000031,6,2,1,1,1,"[19, -1]",-1,-1,"[10, -1]","[1, -1]","[1, 0]",1,0,0,0,0,0,1,23
2024351402958,2024,351402958,556568,277045,0.29828,52.36908,3,3,4,22:48,-1,E07000009,3,2,1,2,2,19,"[8, 4]","[4, 8]",0,"[7, 0]",0,1,0,0,0,0,0,1,10
2024351402963,2024,351402963,542267,278202,0.08887,52.38338,2,2,3,20:49,-1,E07000009,4,2,2,1,2,19,4,5,0,0,0,1,0,0,0,0,0,1,9
2024351402994,2024,351402994,514107,294298,-0.31916,52.5346,3,3,5,09:34,-1,E07000011,3,0,1,2,2,3,7,3,0,0,0,1,0,0,0,0,0,1,18
2024351403014,2024,351403014,521580,299536,-0.20713,52.58005,2,2,3,13:10,-1,E06000031,6,0,1,0,1,"[5, 3]","[6, 3]","[1, 8]",0,0,0,1,1,0,0,0,0,1,23
2024351403673,2024,351403673,547424,257513,0.15554,52.19615,2,2,4,19:40,-1,E07000008,6,2,1,0,1,-1,-1,-1,0,0,0,1,1,0,0,0,0,1,24
2024351403778,2024,351403778,551303,275150,0.22015,52.35354,3,3,4,14:00,-1,E07000009,3,0,8,0,2,"[9, 19]","[5, 1]","[3, 5, 1]",0,0,0,1,0,0,0,0,0,1,3
2024351403801,2024,351403801,545738,258173,0.13117,52.20252,2,2,1,23:12,-1,E07000008,3,2,5,1,1,"[7, 19]","[-1, 1]","[-1, 5]",0,0,0,1,1,0,0,0,0,1,21
2024351403805,2024,351403805,517622,299915,-0.26538,52.58433,3,3,4,09:15,-1,E06000031,6,0,1,-1,1,"[4, 3]",-1,-1,0,-1,0,1,1,0,0,0,0,1,24
2024351403831,2024,351403831,518823,298905,-0.24802,52.57499,3,3,4,18:57,-1,E06000031,3,2,1,0,1,12,4,8,0,2,1,1,0,0,0,0,0,1,10
2024351403835,2024,351403835,557786,256950,0.30676,52.18822,3,3,6,07:10,-1,E07000012,3,0,1,1,2,19,"[5, 7]","[1, 3]",0,"[0, 1]","[0, 4]",1,0,0,1,0,0,1,19
2024351403923,2024,351403923,516819,294028,-0.27929,52.5316,3,3,5,08:20,-1,E06000031,6,0,9,0,1,19,"[7, 4]","[2, 8]",0,0,0,1,0,0,0,0,0,1,25
2024351403952,2024,351403952,551215,259644,0.21191,52.21426,3,3,6,17:19,-1,E07000012,3,2,1,0,2,4,7,3,0,0,0,1,0,1,0,0,0,1,12
2024351404327,2024,351404327,531155,271881,-0.07676,52.32935,2,2,3,15:20,-1,E07000011,6,0,1,0,1,19,"[5, 1]","[7, 5]",0,0,0,1,1,0,0,0,0,1,16
2024351404432,2024,351404432,545134,257649,0.12212,52.19798,3,3,6,22:28,-1,E07000008,3,2,8,1,1,"[7, 19]","[3, 1]",5,0,0,0,1,0,0,0,1,0,1,19
2024351404772,2024,351404772,548266,266817,0.17193,52.27951,2,2,1,15:13,-1,E07000012,3,0,1,1,2,19,5,1,0,1,0,1,0,0,0,0,1,1,21
2024351404862,2024,351404862,544311,261796,0.11185,52.23545,3,3,5,17:40,-1,E07000012,3,2,1,0,2,5,7,3,0,0,0,1,0,0,0,0,0,1,25
2024351405098,2024,351405098,543714,281258,0.11143,52.41045,3,3,5,09:25,-1,E07000009,3,0,1,1,2,-1,-1,-1,-1,-1,0,1,0,0,1,0,0,1,25
2024351405138,2024,351405138,529598,272285,-0.09944,52.33335,2,"[3, 2]",1,01:39,-1,E07000011,3,2,1,0,2,"[13, 19]",7,3,0,0,0,1,0,0,0,0,0,1,21
2024351405139,2024,351405139,545897,259742,0.13417,52.21658,3,3,3,15:50,-1,E07000008,3,0,1,0,1,"[5, 19]",5,1,0,0,0,1,1,0,0,0,0,1,30
2024351405162,2024,351405162,542123,250715,0.07519,52.13646,3,3,7,16:35,-1,E07000012,3,2,1,1,2,19,6,2,0,1,0,0,0,1,0,0,0,1,20
2024351405174,2024,351405174,519033,299793,-0.2446,52.58293,3,3,1,16:54,-1,E06000031,6,2,1,1,1,19,"[5, 1]","[1, 5]",0,0,0,1,0,0,1,0,0,1,14
2024351405194,2024,351405194,521412,270610,-0.22012,52.32017,3,3,6,14:23,-1,E07000011,4,0,1,0,2,"[19, 9]","[3, 7]","[7, 3]",0,0,0,1,0,0,0,0,0,1,26
2024351405215,2024,351405215,514997,295308,-0.3057,52.54349,3,3,5,15:46,-1,E06000031,6,0,1,0,2,"[19, 9]","[1, 5]","[5, 3]",0,0,0,1,1,0,0,0,0,1,4
2024351405253,2024,351405253,518334,300509,-0.25466,52.58951,2,2,2,08:40,-1,E06000031,6,0,1,0,1,19,1,5,0,0,0,1,0,0,0,0,1,1,29
2024351405466,2024,351405466,514199,294248,-0.31782,52.53413,2,"[3, 2]",6,03:00,-1,E07000011,3,2,5,1,2,19,2,6,9,0,0,1,0,0,0,0,0,1,26
2024351405551,2024,351405551,518567,299555,-0.25156,52.58089,3,3,7,14:55,-1,E06000031,3,0,1,0,1,"[4, 19]",1,5,0,0,0,1,0,0,0,0,0,1,27
2024351405565,2024,351405565,536060,265484,-0.00741,52.27068,3,3,5,17:32,-1,E07000012,3,2,2,1,2,7,7,3,0,0,0,1,0,0,1,0,0,1,18
2024351405584,2024,351405584,548663,261421,0.17537,52.23092,2,2,5,06:25,-1,E07000012,3,2,1,1,2,12,3,7,0,0,0,1,0,0,0,0,0,1,25
2024351405599,2024,351405599,519365,297259,-0.24062,52.56008,3,3,4,13:07,-1,E06000031,3,0,1,-1,1,-1,-1,-1,-1,-1,0,1,0,0,0,1,0,1,31
2024351406288,2024,351406288,558077,246724,0.30626,52.09628,3,3,1,11:05,-1,E07000012,3,0,1,0,2,19,3,7,0,1,0,1,0,0,0,0,0,1,28
2024351406344,2024,351406344,561571,285426,0.37574,52.44291,1,1,4,16:10,-1,E07000009,3,0,1,0,2,"[19, 9]","[4, 6]","[8, 4]",0,0,0,1,0,1,0,0,0,1,31
2024351406427,2024,351406427,519195,300113,-0.2421,52.58577,3,3,1,22:20,-1,E06000031,6,2,1,-1,1,-1,-1,-1,-1,-1,0,1,0,0,0,0,0,2,4
2024351406671,2024,351406671,510672,273914,-0.37653,52.35213,2,2,1,20:25,-1,E07000011,3,2,1,0,2,"[19, 5]","[3, 5]","[7, 1]",0,0,0,1,0,0,1,0,0,1,28
2024351406688,2024,351406688,557884,259847,0.30954,52.21422,3,3,6,19:48,-1,E07000009,3,2,1,0,2,19,1,5,0,1,0,1,0,0,0,0,0,1,26
2024351406698,2024,351406698,528803,260532,-0.11558,52.22793,2,"[2, 3]",3,17:45,-1,E07000012,3,2,2,1,2,19,"[3, 7]","[7, 3]",0,"[7, 0]",0,1,0,0,0,0,0,1,23
2024351406701,2024,351406701,539400,246609,0.03375,52.10026,2,2,6,19:17,-1,E07000012,3,2,1,0,2,13,3,7,10,7,0,0,0,1,0,0,0,2,2
2024351406720,2024,351406720,520397,300342,-0.22428,52.58756,2,2,5,18:00,-1,E06000031,6,2,4,0,1,"[9, 19]","[2, 6]","[8, 2]",0,0,0,1,0,1,0,0,0,1,25
2024351406749,2024,351406749,545159,257360,0.12236,52.19537,3,3,3,21:40,-1,E07000008,3,2,1,0,1,"[19, 9]",1,5,0,0,0,1,1,0,0,0,0,1,30
2024351406753,2024,351406753,522131,272954,-0.20872,52.34108,3,3,6,05:10,-1,E07000011,3,2,1,0,2,-1,-1,-1,-1,-1,0,1,0,0,0,0,0,2,2
2024351406769,2024,351406769,557283,259898,0.30077,52.21485,3,3,2,18:55,-1,E07000009,3,2,1,0,2,"[19, 2]","[7, 0]","[3, 0]","[4, 0]",1,0,1,0,0,0,0,0,1,8
2024351406777,2024,351406777,544949,260542,0.12065,52.22402,2,2,2,07:10,-1,E07000008,6,0,1,0,1,"[3, 19]","[5, 1]","[1, 5]",0,0,0,1,0,0,0,0,0,1,22
2024351406896,2024,351406896,527333,240659,-0.14453,52.0497,3,3,7,20:48,-1,E07000012,6,2,1,0,2,19,"[2, 6]","[6, 2]",0,0,0,1,0,0,0,0,0,1,27
2024351406902,2024,351406902,551681,250631,0.2147,52.13317,2,2,2,06:58,-1,E07000012,3,2,1,1,2,"[1, 19]","[3, 7]","[7, 3]",0,0,0,1,0,0,0,0,0,1,22
2024351407099,2024,351407099,514172,294311,-0.3182,52.53471,3,3,2,17:10,-1,E06000031,6,0,1,0,2,"[19, 8]",1,2,0,0,0,1,0,0,0,0,0,2,5
2024351407468,2024,351407468,531088,271713,-0.07781,52.32786,3,3,3,18:00,-1,E07000011,6,2,2,1,1,-1,-1,-1,-1,-1,0,1,0,0,0,0,1,2,6
2024351407507,2024,351407507,556170,275954,0.29193,52.3594,2,2,2,05:00,-1,E07000009,6,2,4,0,2,19,1,5,0,7,9,1,0,0,0,0,0,1,1
2024351407559,2024,351407559,514567,296508,-0.31162,52.55436,3,3,3,18:00,-1,E06000031,6,2,5,1,1,7,-1,-1,0,0,0,1,0,0,0,0,1,1,23
2024351407595,2024,351407595,504791,276146,-0.46214,52.37334,3,3,7,07:05,-1,E07000011,3,0,1,0,2,19,4,8,0,1,0,1,0,0,0,0,0,2,3
2024351407899,2024,351407899,545873,258079,0.13311,52.20164,3,3,4,16:15,-1,E07000008,6,0,1,0,1,-1,-1,-1,0,0,0,1,1,0,0,0,0,2,7
2024351407999,2024,351407999,531142,272237,-0.07681,52.33255,3,3,5,08:45,-1,E07000011,3,0,2,1,1,"[19, 5]","[3, 5]","[7, 1]",0,0,0,1,1,0,0,0,0,2,8
2024351408776,2024,351408776,545586,256974,0.12844,52.19179,3,3,5,08:00,-1,E07000008,6,0,1,0,1,"[9, 19]",-1,-1,0,0,0,1,1,0,0,0,0,2,1
2024351408859,2024,351408859,521411,270517,-0.22016,52.31934,3,3,4,09:15,-1,E07000011,4,0,1,1,2,"[5, 19]","[3, 1]","[7, 5]",0,0,0,1,1,0,0,0,0,2,7
2024351408936,2024,351408936,518617,299859,-0.25072,52.58361,2,"[3, 2]",6,18:11,-1,E06000031,6,2,1,0,1,-1,-1,-1,-1,-1,0,1,0,0,0,0,0,2,9
2024351409219,2024,351409219,546206,309834,0.1606,52.66651,2,2,2,11:30,-1,E07000010,6,0,1,0,1,-1,-1,-1,0,0,0,1,0,0,0,0,1,2,12
2024351409226,2024,351409226,553471,279882,0.25412,52.39545,3,3,3,17:13,-1,E07000009,6,2,4,1,1,19,2,6,0,0,0,1,0,0,0,0,1,2,6
2024351409237,2024,351409237,516953,297996,-0.27592,52.56723,1,1,6,19:37,-1,E06000031,3,2,2,1,2,19,6,6,0,0,0,1,0,0,0,0,1,2,9
2024351409284,2024,351409284,518474,262655,-0.26599,52.24933,3,3,5,09:13,-1,E07000011,4,0,1,1,2,"[3, 19]",5,1,0,0,0,1,0,0,0,0,0,2,1
2024351409293,2024,351409293,538262,254473,0.02035,52.1712,3,3,6,14:40,-1,E07000012,6,0,1,0,2,19,"[5, 1]","[1, 5]",0,"[1, 0]","[10, 0]",1,0,0,0,0,0,1,26
2024351409301,2024,351409301,545131,257596,0.12205,52.1975,2,2,5,09:16,-1,E07000008,3,0,1,0,1,"[5, 19]","[7, 5]","[5, 1]",0,0,0,1,1,0,0,0,0,1,18
2024351409332,2024,351409332,547868,259317,0.16282,52.21223,3,3,3,08:17,-1,E07000008,3,0,2,1,1,"[5, 19]","[5, 3]","[1, 7]",0,0,0,1,1,0,0,0,0,1,2
2024351409334,2024,351409334,545172,256724,0.12228,52.18965,3,3,6,22:35,-1,E07000008,3,2,1,1,1,"[13, 19]",6,2,0,0,0,1,1,0,0,0,0,1,19
2024351409339,2024,351409339,545300,258118,0.12475,52.20215,3,3,5,18:17,-1,E07000008,6,2,9,-1,1,"[-1, 19]",-1,-1,0,0,0,1,1,0,0,0,0,2,8
2024351409398,2024,351409398,522185,272958,-0.20793,52.3411,2,2,6,14:00,-1,E07000011,3,0,1,0,2,19,6,"[2, 4]",0,0,0,1,0,1,0,0,0,2,2
2024351409856,2024,351409856,521173,300466,-0.21279,52.5885,3,3,3,17:15,-1,E06000031,6,2,2,1,1,"[19, 3]",-1,-1,0,0,0,1,0,0,0,0,0,2,13
2024351410079,2024,351410079,547052,307786,0.17219,52.64788,3,3,4,18:00,-1,E07000010,3,2,1,-1,1,-1,-1,-1,-1,-1,0,1,0,0,0,0,0,2,14
2024351410097,2024,351410097,518584,300565,-0.25095,52.58996,3,3,4,19:50,-1,E06000031,6,2,1,-1,1,-1,-1,-1,-1,-1,0,1,0,0,0,0,0,2,14
2024351410122,2024,351410122,519275,271573,-0.25111,52.32929,3,3,3,12:36,-1,E07000011,3,0,2,1,2,"[13, 19]",5,1,0,"[5, 0]","[6, 0]",1,0,0,1,0,0,2,13
2024351410510,2024,351410510,504207,274721,-0.47116,52.36065,3,3,4,18:02,-1,E07000011,4,2,1,1,2,19,2,8,0,1,0,1,0,0,0,0,0,2,7
2024351410542,2024,351410542,537340,244244,0.00275,52.07953,3,3,3,17:12,-1,E07000012,3,2,5,1,2,9,"[6, 8]","[2, 4]",0,0,0,1,0,0,0,0,0,2,6
2024351410549,2024,351410549,513594,294932,-0.32651,52.54041,2,2,4,20:37,-1,E07000011,3,2,3,1,2,"[19, -1]","[5, -1]","[1, -1]","[0, -1]","[1, -1]",0,1,0,0,0,0,0,2,7
2024351410561,2024,351410561,514611,295665,-0.31126,52.54678,3,3,2,09:05,-1,E06000031,6,0,1,0,1,"[19, 2]","[5, 0]","[1, 0]",0,0,0,1,0,0,0,1,0,2,12
2024351410575,2024,351410575,542557,299979,0.10244,52.57894,2,2,1,17:30,-1,E07000010,4,2,1,0,2,19,"[1, 6]","[6, 1]",0,"[1, 0]",0,1,0,0,0,1,0,2,11
2024351410613,2024,351410613,545701,310387,0.15339,52.67161,3,3,2,13:07,-1,E07000010,3,0,1,0,1,4,4,8,0,0,0,1,0,0,0,0,0,2,12
2024351411429,2024,351411429,519861,301071,-0.23193,52.59423,3,3,2,09:00,-1,E06000031,6,0,1,0,1,"[8, 19]",1,"[4, 6]",0,0,0,1,0,0,0,0,0,2,12
2024351411434,2024,351411434,518218,280195,-0.26358,52.407,3,3,5,18:28,-1,E07000011,4,2,2,1,2,-1,-1,-1,-1,-1,0,1,1,0,0,0,0,2,15
2024351411473,2024,351411473,517746,301483,-0.26299,52.59839,3,3,1,20:00,-1,E06000031,3,2,1,0,1,"[3, 19]",-1,-1,0,0,0,1,0,0,0,0,0,2,18
2024351411477,2024,351411477,524011,273121,-0.18108,52.34215,3,3,6,13:10,-1,E07000011,6,0,1,0,1,"[-1, 2]",-1,-1,"[4, 0]","[0, 1]","[0, 4]",1,0,0,0,0,0,2,16