collision_index,collision_year,collision_ref_no,location_easting_osgr,location_northing_osgr,longitude,latitude,casualty_severity,casualty_severity,day_of_week,time,local_authority_district,local_authority_ons_district,first_road_class,light_conditions,weather_conditions,road_surface_conditions,urban_or_rural_area,vehicle_manoeuvre,vehicle_direction_from,vehicle_direction_to,hit_object_in_carriageway,vehicle_leaving_carriageway,hit_object_off_carriageway,is_car,is_cyle,is_mcyle,is_goodsv,is_other,is_pedestrian,month,day
2024351411555,2024,351411555,519876,298659,-0.23258,52.57255,2,2,1,14:20,-1,E06000031,6,0,1,-1,1,"[8, 1]",-1,-1,0,0,0,1,0,0,0,0,0,2,18
2024351411884,2024,351411884,554190,279764,0.26463,52.39418,3,3,4,07:41,-1,E07000009,6,0,8,1,1,"[9, 19]","[7, 1]","[3, 5]",0,0,0,1,1,0,0,0,0,2,14
2024351411894,2024,351411894,507394,299754,-0.41632,52.585,3,3,2,09:10,-1,E06000031,3,0,1,0,2,"[3, 19]",-1,-1,0,0,0,1,0,0,0,1,0,2,19
2024351411933,2024,351411933,520438,302407,-0.22293,52.6061,3,3,4,18:15,-1,E06000031,3,2,1,1,2,9,7,1,0,0,0,1,0,0,0,0,0,2,14
2024351411941,2024,351411941,517449,301899,-0.26723,52.60219,3,3,1,17:00,-1,E06000031,3,2,5,1,1,19,3,7,11,0,0,0,0,1,0,0,0,1,21
2024351411951,2024,351411951,518974,301250,-0.24495,52.59603,3,3,7,19:00,-1,E06000031,6,2,2,1,1,"[19, -1]","[3, -1]","[7, -1]",0,0,0,1,0,0,0,0,0,2,17
2024351411975,2024,351411975,545174,258319,0.12299,52.20398,3,3,3,09:42,-1,E07000008,6,0,1,0,1,"[9, 19]",1,5,0,0,0,1,1,0,0,0,0,2,6
2024351411993,2024,351411993,544652,254583,0.11376,52.17056,3,3,5,08:35,-1,E07000008,3,0,2,1,1,"[9, 15]","[8, 4]","[6, 8]",0,0,0,1,1,0,0,0,0,2,8
2024351412031,2024,351412031,546259,309917,0.16142,52.66724,3,3,2,09:05,-1,E07000010,3,0,1,0,1,19,7,3,0,0,0,1,0,0,0,0,1,2,12
2024351412301,2024,351412301,543727,253203,0.09966,52.1584,3,3,4,10:00,-1,E07000012,3,0,1,0,2,"[19, 5]","[2, 3]",6,0,0,0,1,0,0,1,0,0,2,7
2024351412335,2024,351412335,544352,260083,0.11172,52.22005,3,3,3,18:52,-1,E07000008,4,2,1,0,1,"[9, 19]",1,"[7, 5]",0,0,0,1,1,0,0,0,0,2,13
2024351412362,2024,351412362,546537,258943,0.14319,52.20923,3,3,3,11:11,-1,E07000008,3,0,1,-1,1,-1,-1,-1,-1,-1,0,0,1,0,1,0,0,2,20
2024351412369,2024,351412369,540932,297383,0.07737,52.55604,3,3,1,12:20,-1,E07000010,6,0,1,0,1,"[19, 2]","[3, 0]","[7, 0]",0,0,0,1,0,0,0,0,0,2,11
2024351412398,2024,351412398,547015,255607,0.14873,52.17913,3,3,7,23:11,-1,E07000008,3,2,2,-1,1,-1,-1,-1,-1,-1,0,1,1,0,0,0,0,2,17
2024351413120,2024,351413120,517300,301168,-0.26968,52.59566,3,3,5,11:50,-1,E06000031,6,0,2,1,1,"[10, 19]",-1,-1,0,0,0,1,0,0,0,0,0,2,22
2024351413159,2024,351413159,527318,297186,-0.12339,52.55763,3,3,6,20:49,-1,E07000010,6,2,8,0,1,-1,-1,-1,-1,-1,0,1,0,0,0,0,1,2,16
2024351413178,2024,351413178,522796,271658,-0.19944,52.32928,3,3,4,08:15,-1,E07000011,6,0,1,0,2,"[5, 7]","[7, 1]","[3, 5]",0,0,0,1,1,0,0,0,0,1,17
2024351413184,2024,351413184,545140,257596,0.12218,52.1975,3,3,5,17:50,-1,E07000008,3,2,8,1,1,"[4, 9]",-1,-1,0,0,0,1,1,0,0,0,0,2,22
2024351413190,2024,351413190,525214,256770,-0.16949,52.19496,3,3,7,08:15,-1,E07000011,4,0,1,1,2,"[19, 13]",5,2,0,"[1, 0]",0,1,0,0,0,0,0,2,17
2024351413204,2024,351413204,520945,297077,-0.21739,52.5581,2,2,1,08:27,-1,E06000031,6,0,8,1,1,5,0,0,0,0,0,0,0,0,0,0,0,2,18
2024351413230,2024,351413230,546091,256708,0.1357,52.18927,3,3,4,08:00,-1,E07000008,6,0,1,0,1,9,6,4,0,0,0,1,1,0,0,0,0,2,7
2024351413257,2024,351413257,518916,298510,-0.24679,52.57142,3,3,5,18:02,-1,E06000031,3,2,1,2,1,"[19, 4]",4,8,0,0,0,1,0,0,0,1,0,1,18
2024351413338,2024,351413338,519225,300180,-0.24163,52.58636,3,3,5,18:17,-1,E06000031,6,2,1,1,1,"[9, 19]","[4, 6]",1,0,"[1, 0]",0,1,0,0,0,0,0,2,22
2024351413351,2024,351413351,525271,270635,-0.16352,52.31953,3,3,3,14:56,-1,E07000011,3,0,2,1,2,19,3,7,0,1,0,1,0,0,0,0,0,2,13
2024351414066,2024,351414066,547314,256813,0.15363,52.18989,2,2,6,08:45,-1,E07000008,3,0,1,0,1,"[7, 19]","[7, 5]",1,0,0,0,1,1,0,0,0,0,2,23
2024351414070,2024,351414070,517757,303716,-0.26203,52.61845,3,3,6,08:43,-1,E06000031,6,0,1,0,1,-1,"[-1, 6]","[-1, 1]","[-1, 0]","[-1, 0]",0,1,0,0,0,0,0,2,23
2024351414168,2024,351414168,546867,309999,0.17044,52.66781,2,2,1,19:40,-1,E07000010,6,2,1,0,1,"[-1, 19]","[-1, 4]","[-1, 8]","[-1, 0]","[-1, 0]",0,1,1,0,0,0,0,2,25
2024351414201,2024,351414201,522521,294154,-0.19523,52.53148,3,3,4,12:13,-1,E07000011,4,0,1,0,2,"[9, 13]",8,"[6, 4]",0,"[0, 1]","[0, 9]",1,0,0,0,0,0,2,14
2024351414207,2024,351414207,533703,289665,-0.03229,52.48852,3,3,6,10:59,-1,E07000010,4,0,1,0,2,"[19, 9]","[6, 5]",2,0,"[7, 0]","[9, 0]",1,0,0,0,0,0,2,23
2024351414471,2024,351414471,520619,299293,-0.22139,52.57808,3,3,3,17:47,-1,E06000031,6,2,2,1,1,3,5,1,0,0,0,1,0,0,0,0,0,2,6
2024351414510,2024,351414510,528864,282025,-0.10646,52.42104,3,3,6,15:40,-1,E07000011,4,0,2,1,2,19,5,1,0,0,0,1,0,0,0,0,0,2,9
2024351414524,2024,351414524,535841,307329,0.00641,52.6467,2,2,4,14:16,-1,E07000010,6,0,8,1,2,19,"[6, 2]","[2, 6]",0,"[7, 0]",0,1,0,0,1,0,0,2,21
2024351414530,2024,351414530,545108,308030,0.14359,52.6506,2,"[3, 2]",4,21:15,-1,E07000010,4,2,1,1,1,"[9, 19]","[2, 6]","[6, 2]",0,0,0,1,0,0,0,0,0,2,21
2024351414554,2024,351414554,553814,280310,0.25936,52.39919,3,3,3,17:40,-1,E07000009,6,2,2,1,1,19,-1,-1,0,0,0,1,0,0,0,0,1,2,13
2024351414587,2024,351414587,545761,267123,0.13537,52.28293,2,2,1,23:30,-1,E07000012,6,2,8,0,2,"[19, -1]","[1, -1]","[1, -1]","[0, -1]","[0, -1]",0,1,1,0,0,0,0,2,11
2024351414877,2024,351414877,546525,255713,0.14162,52.18021,3,3,2,08:50,-1,E07000008,3,0,1,0,1,"[7, 19]",-1,-1,0,0,0,1,1,0,0,0,0,2,26
2024351415294,2024,351415294,544437,265999,0.11549,52.27318,3,3,4,23:55,-1,E07000012,4,2,1,0,2,19,"[1, 5]","[5, 1]",0,"[1, 0]","[9, 0]",0,1,1,0,0,0,2,28
2024351415317,2024,351415317,549072,249911,0.1763,52.12741,3,3,1,09:41,-1,E07000012,6,0,1,0,2,"[10, 3]",7,3,0,0,0,1,0,0,0,0,0,2,25
2024351415388,2024,351415388,542585,246304,0.08009,52.09671,3,3,3,07:30,-1,E07000012,6,0,1,0,2,-1,-1,-1,-1,-1,0,1,0,0,0,0,0,2,27
2024351415392,2024,351415392,541985,283424,0.08694,52.43036,3,3,6,21:41,-1,E07000010,3,2,1,0,2,19,2,6,0,0,0,1,0,0,0,0,0,2,16
2024351415408,2024,351415408,534928,242993,-0.03292,52.06888,3,3,6,13:01,-1,E07000012,3,0,1,1,2,"[4, 19]",1,5,0,0,0,1,0,0,0,0,0,2,23
2024351415418,2024,351415418,517995,295677,-0.26138,52.54617,3,3,5,18:58,-1,E06000031,3,2,1,0,2,19,3,6,0,0,0,1,0,0,0,0,0,2,15
2024351415438,2024,351415438,513053,295591,-0.33425,52.54644,3,3,4,19:40,-1,E07000011,3,2,2,1,2,4,4,8,0,3,0,1,0,0,0,0,0,2,21
2024351415446,2024,351415446,547039,262177,0.15194,52.23815,3,3,3,10:45,-1,E07000012,3,0,1,0,2,19,-1,-1,0,0,0,1,1,0,0,0,0,2,27
2024351415469,2024,351415469,557461,257864,0.30243,52.19653,3,3,1,12:55,-1,E07000009,3,0,1,1,2,"[12, 4, 19]",5,1,0,0,0,1,0,0,0,0,0,2,18
2024351415723,2024,351415723,515970,296363,-0.29099,52.55276,3,3,2,18:27,-1,E06000031,6,2,1,0,1,1,5,3,10,7,4,1,0,0,0,0,0,2,19
2024351415743,2024,351415743,518090,295743,-0.25996,52.54674,3,3,5,17:55,-1,E06000031,3,2,1,0,2,19,6,"[3, 7]",0,0,0,1,0,0,0,0,0,2,15
2024351416645,2024,351416645,530639,273511,-0.08369,52.34412,3,3,6,08:10,-1,E07000011,6,0,2,1,2,-1,-1,-1,"[0, -1]","[0, -1]",0,1,1,0,0,0,0,3,1
2024351416699,2024,351416699,557291,264260,0.30292,52.25403,3,3,6,16:30,-1,E07000009,4,0,1,0,2,"[3, 4, 19]",-1,-1,0,0,0,1,0,0,0,0,0,3,1
2024351416846,2024,351416846,518960,299940,-0.24563,52.58426,3,3,5,13:58,-1,E06000031,6,0,2,1,1,-1,-1,-1,-1,-1,0,1,0,0,0,0,1,2,22
2024351417130,2024,351417130,554676,271196,0.26782,52.31708,3,3,6,23:49,-1,E07000009,6,2,1,1,2,19,4,1,0,1,7,1,0,0,0,0,0,3,1
2024351417134,2024,351417134,559761,262795,0.33838,52.24016,3,3,2,14:40,-1,E07000009,3,0,1,0,2,"[19, 4]",-1,-1,0,0,0,1,0,0,0,0,0,3,4
2024351417194,2024,351417194,541170,294000,0.07944,52.52559,3,3,1,14:36,-1,E07000010,3,0,1,1,2,"[4, 19]",8,4,0,0,0,1,0,0,0,0,0,2,25
2024351417229,2024,351417229,559129,260465,0.32803,52.21941,3,3,6,19:00,-1,E07000009,3,2,2,1,2,"[10, 19]","[7, 3]","[5, 7]",0,0,0,1,0,0,0,0,0,2,16
2024351417240,2024,351417240,508933,300518,-0.39337,52.59156,3,3,6,21:43,-1,E06000031,6,2,1,0,2,19,8,4,0,0,0,1,0,0,0,0,0,2,23
2024351417248,2024,351417248,519890,261300,-0.24574,52.23685,3,3,3,12:45,-1,E07000011,6,0,1,0,1,19,"[1, 7]","[7, 3]",0,0,0,1,0,0,0,0,0,2,20
2024351417308,2024,351417308,544980,259338,0.12059,52.21319,3,3,7,21:17,-1,E07000008,3,2,1,0,1,"[4, 19]",5,1,0,0,0,1,0,0,0,0,0,2,24
2024351417311,2024,351417311,548152,259317,0.16697,52.21216,3,3,6,08:33,-1,E07000008,3,0,1,1,1,4,1,3,0,0,0,1,0,0,0,0,0,2,23
2024351417335,2024,351417335,540520,304197,0.07419,52.61737,3,3,2,16:28,-1,E07000010,4,0,1,0,2,19,"[1, 5]","[5, 1]",0,"[3, 0]","[10, 0]",1,0,0,0,0,0,2,5
2024351417968,2024,351417968,547929,259340,0.16372,52.21242,3,3,3,20:00,-1,E07000008,3,2,1,0,1,-1,-1,-1,-1,-1,0,1,0,0,0,0,1,3,5
2024351417975,2024,351417975,527693,272599,-0.12726,52.33662,1,1,4,19:05,-1,E07000011,3,2,1,0,2,19,7,7,0,"[0, 1]",0,0,1,0,1,0,0,2,28
2024351417994,2024,351417994,532699,259689,-0.05891,52.21944,2,2,3,21:00,-1,E07000012,6,2,1,0,2,19,"[7, 1]","[7, 1]",0,0,0,1,0,0,0,1,0,3,5
2024351418055,2024,351418055,556144,277434,0.29223,52.3727,3,3,7,11:49,-1,E07000009,3,0,1,0,2,"[9, 10, 19]","[4, 2, 8]","[8, 6, 4]",0,0,0,1,0,0,0,0,0,3,2
2024351418060,2024,351418060,543423,281721,0.10735,52.41469,2,2,3,06:09,-1,E07000009,3,2,1,1,2,19,"[8, 4]","[4, 8]",0,"[1, 0]","[9, 0]",1,0,0,0,1,0,3,5
2024351418408,2024,351418408,530394,268959,-0.08905,52.30328,3,3,6,16:42,-1,E07000011,6,0,1,1,2,19,4,7,0,7,0,0,0,1,0,0,0,3,1
2024351419217,2024,351419217,519630,299193,-0.23601,52.5774,3,3,7,17:52,-1,E06000031,6,0,1,0,1,"[2, 1]","[0, -1]","[0, -1]",0,0,0,1,0,0,0,0,0,3,9
2024351419222,2024,351419222,520418,296979,-0.2252,52.55734,2,2,6,15:30,-1,E06000031,6,0,1,0,1,19,7,3,0,0,0,1,0,0,0,0,1,3,8
2024351419345,2024,351419345,547244,256448,0.15245,52.18663,3,3,6,16:45,-1,E07000008,3,0,9,-1,1,"[3, 19]",-1,-1,0,0,0,1,0,1,0,0,0,3,8
2024351419658,2024,351419658,554283,253610,0.25404,52.15921,3,3,3,08:35,-1,E07000012,6,0,1,1,2,-1,-1,-1,"[-1, 0]","[-1, 0]",0,1,0,1,0,0,0,3,5
2024351419728,2024,351419728,524942,272905,-0.1675,52.34,3,3,3,12:38,-1,E07000011,6,0,1,-1,1,-1,-1,-1,-1,-1,0,1,0,0,0,0,1,3,5
2024351420104,2024,351420104,546528,309093,0.16503,52.65976,3,3,1,12:06,-1,E07000010,6,0,1,0,1,4,5,1,0,0,0,1,0,0,0,0,0,2,25
2024351420111,2024,351420111,526544,273543,-0.14376,52.34537,3,3,3,08:32,-1,E07000011,3,0,1,1,2,"[19, 4]",2,6,0,"[0, 1]",0,1,0,0,0,0,0,2,13
2024351420116,2024,351420116,516941,258284,-0.28995,52.21038,3,3,5,21:00,-1,E07000011,4,2,1,1,1,-1,-1,-1,-1,-1,0,1,0,0,0,0,0,2,29
2024351420117,2024,351420117,540782,272290,0.06459,52.33064,3,3,3,06:54,-1,E07000012,4,0,2,-1,2,-1,-1,-1,-1,-1,0,1,0,0,0,0,0,3,12
2024351420156,2024,351420156,555771,252412,0.27522,52.14803,2,"[3, 2]",4,14:17,-1,E07000012,6,0,1,1,2,"[19, 13]","[4, 8]","[8, 4]",0,"[7, 1, 0]",0,1,0,0,0,0,0,2,21
2024351420175,2024,351420175,525599,303704,-0.14627,52.61659,3,3,5,09:05,-1,E06000031,3,0,1,0,2,"[14, 2]","[3, 0]","[7, 0]",0,0,0,1,0,0,0,0,0,2,22
2024351420229,2024,351420229,531920,271815,-0.06557,52.32858,3,3,6,06:31,-1,E07000011,6,0,1,1,1,6,7,5,0,0,0,1,0,0,0,0,1,3,1
2024351420241,2024,351420241,526816,297241,-0.13077,52.55824,3,3,6,12:04,-1,E07000010,3,0,1,0,1,"[2, 19]","[0, 7]","[0, 3]",0,0,0,1,0,0,0,0,1,3,8
2024351420272,2024,351420272,543169,306205,0.11415,52.63472,3,3,4,11:49,-1,E07000010,3,0,1,0,2,"[19, 4]",6,2,0,"[1, 0]","[4, 0]",1,0,0,0,0,0,2,14
2024351420346,2024,351420346,506833,299724,-0.42461,52.58484,3,3,4,17:56,-1,E06000031,3,2,1,0,2,4,7,3,0,0,0,1,0,0,0,0,0,1,31
2024351420626,2024,351420626,545987,257297,0.13444,52.19459,2,2,6,09:52,-1,E07000008,6,0,1,0,1,19,1,5,0,3,10,1,0,0,0,0,0,2,16
2024351420641,2024,351420641,516339,295494,-0.28585,52.54488,3,3,4,13:19,-1,E06000031,6,0,1,0,1,"[15, 3]",6,2,0,0,0,1,1,0,0,0,0,3,13
2024351420649,2024,351420649,548709,265917,0.17802,52.2713,3,3,4,14:05,-1,E07000012,3,0,1,0,2,-1,-1,-1,-1,-1,0,1,0,0,0,1,0,3,13
2024351420920,2024,351420920,524416,270777,-0.176,52.321,3,3,4,19:00,-1,E07000011,4,2,8,0,2,"[13, 4]",1,5,"[99, 0]",0,0,1,0,0,0,0,0,3,13
2024351420942,2024,351420942,547534,258013,0.15737,52.20061,3,3,2,06:20,-1,E07000008,3,2,1,1,1,"[19, 11]","[4, 5]","[1, 8]",0,"[3, 0]",0,1,1,0,0,0,0,2,19
2024351420977,2024,351420977,516240,297793,-0.28651,52.56556,3,3,7,20:53,-1,E06000031,3,2,1,0,2,19,4,8,0,"[2, 0]",0,1,0,0,0,0,0,2,24
2024351420993,2024,351420993,515549,304263,-0.29444,52.62384,3,3,4,08:14,-1,E06000031,3,0,8,2,2,"[12, 19]",1,5,0,"[4, 7]","[6, 9]",1,0,0,0,0,0,1,10
2024351421002,2024,351421002,546088,256736,0.13567,52.18952,3,3,6,15:11,-1,E07000008,3,0,1,0,1,"[15, 19]",5,1,0,0,0,0,1,0,1,0,0,3,8
2024351421003,2024,351421003,544668,307394,0.13681,52.645,2,"[2, 3]",3,19:54,-1,E07000010,3,2,1,0,2,"[4, 19]","[6, 2]","[2, 6]",0,0,0,1,0,0,0,0,0,2,13
2024351421015,2024,351421015,516044,290458,-0.29196,52.49969,3,3,6,16:51,-1,E07000011,2,2,6,2,2,19,1,5,0,0,0,1,0,0,0,0,0,2,23
2024351421054,2024,351421054,556332,287045,0.29948,52.45898,3,3,1,16:50,-1,E07000009,6,0,2,1,2,"[9, 19]","[7, 5]","[5, 1]",0,0,0,1,0,1,0,0,0,3,10
2024351421056,2024,351421056,546245,258721,0.13882,52.20731,3,3,3,12:30,-1,E07000008,6,2,2,1,1,"[5, 3]","[3, 1]","[7, 5]",0,0,0,1,1,0,0,0,0,3,12
2024351421827,2024,351421827,515065,309481,-0.29977,52.67083,3,3,5,16:50,-1,E06000031,4,0,1,0,1,19,5,1,0,0,0,1,0,0,0,0,0,3,7
2024351421870,2024,351421870,518633,292666,-0.25305,52.51897,3,3,6,12:45,-1,E07000011,4,0,1,0,2,5,3,7,0,0,0,0,0,0,1,0,1,3,15
2024351421912,2024,351421912,519574,295833,-0.23805,52.54722,3,3,7,10:34,-1,E06000031,3,0,1,0,2,"[4, 19]",1,7,0,0,0,1,0,0,0,0,0,3,9
2024351421916,2024,351421916,544361,261480,0.11245,52.2326,3,3,7,19:45,-1,E07000012,6,2,1,0,2,"[19, 12]","[4, 3]","[8, 2]",0,0,0,1,0,0,0,0,0,3,16
2024351421947,2024,351421947,519448,297004,-0.23949,52.55777,3,3,4,18:50,-1,E06000031,6,2,8,0,1,10,3,1,0,0,0,1,0,0,0,0,1,3,13
2024351422028,2024,351422028,519357,271942,-0.24978,52.33259,3,3,7,13:08,-1,E07000011,3,0,1,0,2,19,8,"[3, 5]",0,0,0,1,0,0,0,0,0,3,9
2024351422325,2024,351422325,533852,287959,-0.03078,52.47316,3,3,2,15:00,-1,E07000010,6,0,1,0,2,5,-1,-1,0,0,0,1,0,0,0,0,1,3,18
2024351422642,2024,351422642,545903,259721,0.13425,52.21639,2,2,7,22:35,-1,E07000008,3,2,1,0,1,19,"[6, 5]",1,0,0,0,1,1,0,0,0,0,3,16
2024351422703,2024,351422703,568213,267021,0.46415,52.2756,2,"[2, 3]",5,06:45,-1,E07000009,6,0,1,0,2,19,"[1, 5]","[5, 1]",0,0,0,1,0,0,0,0,0,3,14
2024351422720,2024,351422720,520414,299724,-0.22426,52.582,3,3,6,15:20,-1,E06000031,6,0,4,-1,1,1,-1,-1,0,0,0,1,0,0,0,0,1,3,15
2024351422733,2024,351422733,517707,295696,-0.26562,52.5464,3,3,4,09:00,-1,E06000031,3,0,1,0,2,"[-1, 4]","[-1, 6]","[-1, 7]","[-1, 0]","[-1, 0]",0,1,0,0,0,0,0,3,13
2024351422734,2024,351422734,519973,294329,-0.23271,52.53362,3,3,4,09:40,-1,E07000011,4,0,2,1,1,"[19, 13, 4]",6,2,0,0,0,1,0,0,1,0,0,2,21
2024351422776,2024,351422776,545738,258161,0.13117,52.20242,3,3,3,21:52,-1,E07000008,6,2,1,1,1,"[19, 10]","[2, 6]","[6, 4]",0,0,0,0,0,1,0,0,0,2,27
2024351422777,2024,351422777,547896,259001,0.16309,52.20939,3,3,5,11:37,-1,E07000008,3,0,1,2,1,1,7,3,0,0,0,1,0,0,0,0,1,1,18
2024351422784,2024,351422784,518290,279627,-0.26272,52.40188,3,3,4,06:20,-1,E07000011,2,0,1,0,2,19,1,5,0,0,0,1,0,0,1,0,0,3,6
2024351422791,2024,351422791,530905,280155,-0.0772,52.40375,3,3,7,16:22,-1,E07000011,4,0,1,0,2,19,7,3,0,0,0,1,0,0,0,0,1,2,24
2024351422800,2024,351422800,546594,257682,0.14348,52.19789,3,3,5,16:00,-1,E07000008,6,0,1,-1,1,-1,-1,-1,-1,-1,0,1,0,0,0,0,0,3,14
2024351422821,2024,351422821,552200,250157,0.22207,52.12877,3,3,5,18:16,-1,E07000012,3,2,1,1,2,"[4, 19]","[5, 1]","[1, 5]",0,0,0,1,0,0,0,0,0,2,15
2024351422835,2024,351422835,548234,259292,0.16816,52.21191,3,3,4,08:45,-1,E07000008,3,0,1,0,1,"[19, 4]","[3, 7]","[7, 3]",0,0,0,1,0,0,0,0,0,3,13
2024351422838,2024,351422838,529787,286955,-0.09099,52.46512,3,3,3,14:50,-1,E07000011,6,0,1,0,2,"[19, 4]",7,3,0,0,0,1,1,0,0,0,0,3,12
2024351422867,2024,351422867,513633,289198,-0.32789,52.48887,3,3,6,09:40,-1,E07000011,6,0,2,1,2,19,4,8,0,7,4,1,0,0,0,0,0,3,1
2024351423040,2024,351423040,541976,258287,0.07621,52.20453,3,3,7,11:07,-1,E07000012,1,0,2,1,2,3,1,3,0,0,0,1,0,0,0,0,0,3,2
2024351423134,2024,351423134,516999,303129,-0.27343,52.61334,3,3,6,12:27,-1,E06000031,6,0,1,0,1,"[19, 15]","[7, 6]","[3, 2]",0,0,0,1,1,0,0,0,0,3,15
2024351423135,2024,351423135,518792,302081,-0.24734,52.60354,3,3,4,15:00,-1,E06000031,6,0,1,0,2,19,3,7,0,0,0,1,0,0,0,0,0,2,7
2024351423155,2024,351423155,530095,267613,-0.09395,52.29126,3,3,3,18:23,-1,E07000011,3,2,1,0,2,"[2, 19]","[0, 3]","[0, 7]","[0, 4]","[0, 1]","[0, 6]",1,0,0,0,0,0,3,12
2024351423441,2024,351423441,514279,272304,-0.32414,52.33692,2,2,1,16:00,-1,E07000011,3,0,1,0,2,19,"[7, 3]","[1, 7]",0,0,0,1,0,0,0,0,0,3,17
2024351423595,2024,351423595,544306,261794,0.11178,52.23543,2,2,6,08:51,-1,E07000012,3,0,9,-1,2,-1,-1,-1,-1,-1,0,1,1,0,0,0,0,3,15
2024351423618,2024,351423618,544341,259997,0.11152,52.21928,3,3,5,17:52,-1,E07000008,4,0,1,0,1,"[7, 19]","[1, 5]","[7, 1]",0,3,0,1,1,0,0,0,0,3,21
2024351424353,2024,351424353,543465,260056,0.09874,52.22004,2,"[3, 2]",5,09:02,-1,E07000008,3,0,1,1,1,19,8,1,0,0,0,1,0,0,0,0,1,1,4
2024351424378,2024,351424378,519848,297833,-0.23329,52.56513,3,3,5,06:30,-1,E06000031,3,0,1,0,2,"[-1, 4]",-1,-1,-1,-1,0,1,0,0,0,0,0,3,21
2024351424400,2024,351424400,544391,258970,0.11182,52.21004,2,2,6,23:10,-1,E07000008,3,2,1,-1,1,-1,-1,-1,-1,-1,0,1,1,0,0,0,0,3,15
2024351424460,2024,351424460,517924,299764,-0.26097,52.58291,3,3,6,20:30,-1,E06000031,6,2,1,0,1,"[19, 9]","[5, 3]","[3, 5]",0,0,0,1,0,0,0,0,0,3,22
2024351424470,2024,351424470,546057,258654,0.13605,52.20676,3,3,4,00:15,-1,E07000008,3,2,1,0,1,"[3, 19]",6,2,0,"[3, 0]",0,1,0,0,0,0,0,3,6
2024351424479,2024,351424479,544565,254913,0.11263,52.17354,2,2,6,08:29,-1,E07000008,3,0,1,0,1,5,-1,-1,-1,-1,0,1,0,0,0,0,1,3,22
2024351424506,2024,351424506,531033,270531,-0.07907,52.31725,2,2,7,13:03,-1,E07000011,3,0,1,0,1,"[5, 19]","[3, 1]","[7, 5]",0,0,0,1,1,0,0,0,0,3,16
2024351424536,2024,351424536,551434,259690,0.21514,52.21462,3,3,7,13:10,-1,E07000012,3,0,1,0,2,"[4, 19]",7,1,0,0,0,1,0,0,0,0,0,3,23
2024351424555,2024,351424555,534279,276718,-0.02901,52.37206,3,3,1,16:14,-1,E07000011,4,0,1,0,2,"[-1, 19]",-1,-1,"[-1, 0]","[-1, 0]",0,1,0,0,0,0,0,3,24
2024351424556,2024,351424556,538307,283822,0.03305,52.43488,3,3,3,21:30,-1,E07000010,4,2,1,1,2,19,5,3,0,1,3,1,0,0,0,0,0,3,12
2024351424572,2024,351424572,546605,309515,0.16636,52.66353,3,3,4,16:00,-1,E07000010,6,0,1,1,1,"[19, 4]",2,6,0,0,0,1,0,0,0,0,0,3,20
2024351424573,2024,351424573,520314,296416,-0.22693,52.5523,3,3,4,19:36,-1,E06000031,4,2,2,1,1,"[19, 4]",7,3,0,0,0,1,0,0,0,0,0,2,28
2024351424586,2024,351424586,525728,262671,-0.15979,52.24786,3,3,3,17:26,-1,E07000011,6,0,8,1,2,19,5,1,11,1,10,1,0,0,0,0,0,3,5
2024351424914,2024,351424914,520386,301658,-0.22397,52.59939,3,3,4,12:07,-1,E06000031,6,0,1,0,1,19,7,3,0,0,0,1,0,0,0,0,1,1,31
2024351424920,2024,351424920,547009,256519,0.14904,52.18733,2,2,5,16:18,-1,E07000008,6,0,1,-1,1,-1,-1,-1,-1,-1,0,1,1,0,0,0,0,3,14
2024351424935,2024,351424935,518188,292075,-0.25982,52.51376,3,3,1,19:20,-1,E07000011,6,2,9,-1,2,-1,-1,-1,-1,-1,0,1,0,1,0,0,0,3,24
2024351425661,2024,351425661,556787,286805,0.30606,52.45669,3,3,4,13:29,-1,E07000009,6,0,1,0,2,"[2, 4]","[0, 7]","[0, 3]",0,0,0,1,0,0,0,0,0,3,27
2024351425942,2024,351425942,564548,266171,0.41006,52.26908,3,3,4,16:00,-1,E07000009,3,0,1,0,2,19,7,3,0,0,0,1,0,0,0,0,0,3,27
2024351427053,2024,351427053,524387,274053,-0.17522,52.35044,3,3,4,18:54,-1,E07000011,6,2,1,0,1,19,"[5, 7]",3,0,0,0,1,0,0,0,0,0,3,27
2024351427077,2024,351427077,539042,286801,0.04509,52.46146,3,3,5,20:00,-1,E07000010,6,2,2,1,1,-1,-1,-1,-1,-1,0,1,0,0,0,0,0,3,28
2024351427438,2024,351427438,524991,263941,-0.17011,52.25944,3,3,5,11:15,-1,E07000012,6,0,1,0,2,19,3,7,0,0,0,1,0,0,0,0,1,3,28
2024351427507,2024,351427507,515263,294510,-0.30205,52.53626,3,3,2,13:10,-1,E06000031,3,0,1,0,2,"[3, 19]",3,7,0,0,0,1,0,0,0,0,0,4,1
2024351427577,2024,351427577,548128,278940,0.17524,52.38845,2,"[2, 3]",7,16:30,-1,E07000009,3,0,1,0,2,"[9, 13]",3,"[1, 7]",0,"[0, 7]",0,1,0,1,0,0,0,3,30
2024351427589,2024,351427589,515663,291952,-0.29705,52.51319,3,3,5,22:33,-1,E07000011,2,2,1,0,2,19,4,8,0,1,0,1,0,0,0,0,0,3,21
2024351427600,2024,351427600,541270,292178,0.08014,52.5092,3,3,7,17:35,-1,E07000010,6,0,1,0,2,"[19, 5]","[1, 3]",5,0,0,0,1,0,1,0,0,0,3,9
2024351427780,2024,351427780,518921,278185,-0.25396,52.38879,3,3,4,20:10,-1,E07000011,6,2,1,0,2,"[10, 19]","[5, 1]","[3, 5]",0,"[1, 0]",0,1,0,0,0,0,0,3,13