collision_index,collision_year,collision_ref_no,location_easting_osgr,location_northing_osgr,longitude,latitude,casualty_severity,casualty_severity,day_of_week,time,local_authority_district,local_authority_ons_district,first_road_class,light_conditions,weather_conditions,road_surface_conditions,urban_or_rural_area,vehicle_manoeuvre,vehicle_direction_from,vehicle_direction_to,hit_object_in_carriageway,vehicle_leaving_carriageway,hit_object_off_carriageway,is_car,is_cyle,is_mcyle,is_goodsv,is_other,is_pedestrian,month,day
2024351427801,2024,351427801,518768,299085,-0.24877,52.57662,3,3,1,15:01,-1,E06000031,6,0,1,0,1,19,1,3,0,0,0,1,0,0,0,0,1,3,24
2024351427849,2024,351427849,507308,299288,-0.41774,52.58082,2,2,1,14:09,-1,E06000031,6,0,1,0,2,19,8,1,10,1,11,0,0,1,0,0,0,3,24
2024351427882,2024,351427882,539669,262990,0.04442,52.24737,3,3,1,17:34,-1,E07000012,3,0,1,0,2,19,"[6, 2]","[2, 6]",0,0,0,1,0,0,0,0,0,3,24
2024351427919,2024,351427919,545782,309710,0.15428,52.66551,2,2,5,16:44,-1,E07000010,4,0,1,0,1,"[9, 19]",6,2,0,0,0,1,1,0,0,0,0,3,14
2024351427985,2024,351427985,539952,259433,0.04709,52.21534,3,3,3,17:45,-1,E07000012,3,0,1,-1,2,-1,-1,-1,-1,-1,0,1,1,0,0,0,0,4,2
2024351427987,2024,351427987,523738,251607,-0.19296,52.14889,2,2,7,13:49,-1,E07000012,4,0,1,0,2,"[13, 19]",1,5,0,0,0,0,1,1,0,0,0,3,30
2024351428005,2024,351428005,531472,279910,-0.06897,52.40142,3,3,2,08:26,-1,E07000011,4,0,1,1,2,19,8,4,0,0,0,1,0,0,0,0,0,3,11
2024351428006,2024,351428006,515182,296884,-0.30242,52.55761,3,3,4,09:45,-1,E06000031,6,0,1,0,1,"[19, 5]","[4, 5]","[1, 4]",0,0,0,1,0,0,0,0,0,4,3
2024351428175,2024,351428175,546673,310204,0.16767,52.6697,3,3,6,08:07,-1,E07000010,4,0,1,0,1,"[19, 2]","[1, 6, 0]","[6, 1, 0]","[0, 7]","[1, 0]",0,1,0,0,0,0,0,3,29
2024351428188,2024,351428188,547356,259594,0.15545,52.21486,3,3,5,16:50,-1,E07000008,6,0,1,0,1,"[9, 13]",2,"[2, 6]",0,0,0,1,0,0,0,0,0,4,4
2024351428196,2024,351428196,531886,271787,-0.06608,52.32833,3,3,3,14:05,-1,E07000011,6,0,1,0,1,"[2, 19]","[0, 5]","[0, 7]",0,0,0,1,0,0,0,0,1,4,2
2024351428227,2024,351428227,553411,281461,0.25397,52.40965,3,3,1,12:48,-1,E07000009,3,0,1,1,2,4,2,6,0,"[0, 1]","[0, 4]",1,0,0,0,0,0,3,17
2024351428241,2024,351428241,545419,260773,0.12763,52.22597,3,3,4,17:45,-1,E07000008,6,0,1,0,1,"[9, 13]",4,"[2, 1]",0,0,0,1,0,1,0,0,0,4,3
2024351428247,2024,351428247,520352,300274,-0.22497,52.58696,3,3,3,11:11,-1,E06000031,6,0,1,0,1,-1,-1,-1,-1,-1,0,1,0,0,0,0,1,4,2
2024351428333,2024,351428333,517814,301827,-0.26186,52.60147,2,2,6,17:05,-1,E06000031,6,0,1,0,1,9,7,4,0,0,0,1,0,0,0,0,1,3,22
2024351428354,2024,351428354,520308,274988,-0.23474,52.35975,3,3,5,19:14,-1,E07000011,3,2,1,1,2,"[2, 19]","[0, 4]","[0, 8]","[0, 4]",0,0,1,0,0,0,0,0,3,28
2024351429046,2024,351429046,544485,261436,0.11424,52.23217,3,3,6,15:25,-1,E07000012,6,0,1,0,1,"[15, 11]",4,8,0,0,0,1,0,0,0,0,0,3,22
2024351429073,2024,351429073,556038,246803,0.27655,52.09757,3,3,7,10:05,-1,E07000012,4,0,1,-1,2,-1,-1,-1,-1,-1,0,1,0,0,0,0,1,3,30
2024351429140,2024,351429140,541597,295289,0.08628,52.53706,3,3,5,20:19,-1,E07000010,4,2,2,1,1,19,1,5,11,0,0,1,0,0,0,0,0,3,28
2024351429167,2024,351429167,506706,304441,-0.42496,52.62725,3,3,6,15:00,-1,E06000031,6,0,1,0,2,19,1,4,0,7,10,1,0,0,0,0,0,3,29
2024351429168,2024,351429168,523322,293579,-0.18364,52.52614,3,3,2,16:10,-1,E07000011,4,0,1,0,2,19,"[3, 5]","[7, 3]",0,0,0,1,0,0,0,0,0,3,25
2024351429233,2024,351429233,537964,285622,0.02875,52.45114,3,3,3,12:20,-1,E07000010,3,0,1,0,2,19,"[1, 5]","[5, 1]",0,0,0,1,0,0,1,0,0,4,2
2024351429521,2024,351429521,521345,267311,-0.22229,52.29054,2,"[3, 2]",6,21:49,-1,E07000011,6,2,1,0,2,19,"[7, 3]",4,0,"[0, 7]",0,1,0,0,0,0,0,3,29
2024351429541,2024,351429541,521388,260040,-0.22427,52.2252,3,3,5,17:27,-1,E07000011,3,0,1,0,2,"[4, 19]",3,7,0,0,0,1,0,0,0,0,0,3,28
2024351429548,2024,351429548,553887,259936,0.25112,52.21615,3,3,7,09:59,-1,E07000012,3,0,1,0,2,19,3,7,0,1,11,0,0,0,1,0,0,3,23
2024351429573,2024,351429573,558627,266862,0.32369,52.27702,3,3,7,11:22,-1,E07000009,6,0,1,0,2,1,5,1,0,1,11,1,0,0,0,0,0,4,6
2024351429877,2024,351429877,551281,275079,0.2198,52.35291,3,3,7,07:37,-1,E07000009,3,0,1,0,2,19,2,6,0,1,3,1,0,0,0,0,0,3,23
2024351429897,2024,351429897,546236,247129,0.13371,52.10317,3,3,2,16:25,-1,E07000012,1,0,1,0,2,19,5,1,0,"[0, 8]",0,1,0,0,0,0,0,3,25
2024351429960,2024,351429960,543668,248415,0.09678,52.1154,3,3,7,15:15,-1,E07000012,4,0,4,0,2,19,6,2,0,0,0,1,1,0,0,0,0,4,6
2024351429965,2024,351429965,519527,271955,-0.24728,52.33267,3,3,1,18:30,-1,E07000011,3,0,4,-1,2,-1,-1,-1,-1,-1,0,1,0,1,0,0,0,4,7
2024351430006,2024,351430006,554139,279789,0.26389,52.39442,3,3,3,10:30,-1,E07000009,6,0,1,0,1,"[4, 19]",7,3,"[0, 4]",0,0,1,1,0,0,0,0,4,2
2024351430013,2024,351430013,546767,259557,0.14682,52.21468,3,3,3,14:00,-1,E07000008,6,0,1,0,1,"[9, 19]","[6, 4]","[4, 8]",0,0,0,1,1,0,0,0,0,4,9
2024351430070,2024,351430070,518982,299870,-0.24533,52.58363,3,3,2,22:00,-1,E06000031,6,2,1,0,1,19,1,5,0,0,0,1,0,0,0,0,0,2,19
2024351430101,2024,351430101,518841,300351,-0.24724,52.58798,3,3,5,18:26,-1,E06000031,6,2,8,-1,1,"[19, 3]",-1,-1,0,0,0,1,0,0,0,0,0,3,28
2024351430109,2024,351430109,543865,259757,0.10446,52.21725,3,3,4,11:12,-1,E07000008,3,0,1,0,1,"[7, 19]",-1,-1,0,0,0,1,1,0,0,0,0,4,3
2024351430342,2024,351430342,521729,259962,-0.21931,52.22442,3,3,3,08:25,-1,E07000011,3,0,1,0,2,19,1,5,0,0,0,1,0,1,0,0,0,3,26
2024351430358,2024,351430358,561024,253180,0.35229,52.15342,3,3,3,19:31,-1,E07000012,4,2,1,0,2,"[9, 19]","[6, 4]","[4, 8]",0,0,0,1,0,0,0,0,0,3,19
2024351430432,2024,351430432,530619,272324,-0.08445,52.33346,3,3,4,08:10,-1,E07000011,6,0,1,0,1,"[8, 19]",-1,-1,0,0,0,1,1,0,0,0,0,4,10
2024351430445,2024,351430445,519625,298844,-0.23621,52.57427,3,3,1,11:00,-1,E06000031,6,0,9,-1,1,-1,-1,-1,-1,-1,0,0,0,0,0,1,1,4,7
2024351430716,2024,351430716,544796,255732,0.11636,52.18084,3,3,3,08:40,-1,E07000008,3,0,2,1,2,19,1,5,7,0,0,1,0,0,0,0,0,4,2
2024351430745,2024,351430745,544602,259063,0.11494,52.21082,3,3,6,07:49,-1,E07000008,6,0,2,1,1,"[7, 19]",8,"[2, 4]",0,0,0,1,1,0,0,0,0,1,5
2024351430816,2024,351430816,546382,249124,0.13669,52.12106,3,3,5,17:15,-1,E07000012,6,0,2,1,2,"[19, -1]","[1, -1]","[5, -1]","[0, -1]","[0, -1]",0,0,1,0,0,1,0,4,4
2024351430862,2024,351430862,525506,270404,-0.16016,52.3174,3,3,6,22:39,-1,E07000011,6,2,1,0,2,19,"[4, 2]","[2, 6]",0,0,0,1,0,0,0,0,0,3,22
2024351431724,2024,351431724,546551,276880,0.15119,52.37037,3,3,3,13:50,-1,E07000009,3,0,1,1,2,13,1,5,0,1,0,1,0,0,0,0,0,3,5
2024351431726,2024,351431726,519843,302164,-0.2318,52.60405,3,3,1,12:35,-1,E06000031,3,0,1,0,2,"[11, 3]",6,2,0,0,0,1,0,0,0,0,0,3,3
2024351431758,2024,351431758,519235,300990,-0.24119,52.59364,3,3,3,06:22,-1,E06000031,6,2,1,2,1,"[13, 9]",1,"[5, 7]",0,0,0,1,0,1,0,0,0,1,9
2024351431773,2024,351431773,546717,258758,0.14574,52.20752,3,3,5,12:30,-1,E07000008,6,0,1,-1,1,"[9, 3]",-1,-1,0,0,0,0,1,0,1,0,0,4,11
2024351431776,2024,351431776,548584,260288,0.17372,52.22077,3,3,7,21:05,-1,E07000012,4,2,1,0,1,20,2,6,"[0, 99]",0,0,1,0,0,0,0,0,4,13
2024351431822,2024,351431822,545241,258212,0.12392,52.20301,3,3,7,16:27,-1,E07000008,6,0,1,-1,1,-1,-1,-1,-1,-1,0,0,0,0,0,0,1,4,13
2024351432138,2024,351432138,548880,259192,0.17756,52.21084,3,3,4,12:43,-1,E07000012,3,0,1,0,1,"[4, 19]",3,7,0,0,0,1,0,0,0,0,0,4,10
2024351432197,2024,351432197,518051,301599,-0.25845,52.59937,3,3,4,22:39,-1,E06000031,3,2,4,0,1,"[4, 14, -1]","[7, -1]","[3, -1]","[0, -1]","[0, -1]",0,1,0,1,0,1,0,4,10
2024351432222,2024,351432222,507451,299987,-0.41541,52.58708,2,"[3, 2]",6,15:06,-1,E06000031,3,0,1,0,2,4,5,1,0,0,0,1,0,0,0,0,0,4,5
2024351432236,2024,351432236,537342,259719,0.00903,52.21857,3,3,5,06:25,-1,E07000012,3,0,2,1,2,19,3,7,0,0,0,1,0,0,0,0,0,4,4
2024351432500,2024,351432500,517832,301538,-0.2617,52.59887,3,3,5,18:20,-1,E06000031,3,0,1,0,1,-1,-1,-1,-1,-1,0,1,0,0,0,0,0,4,11
2024351432535,2024,351432535,521601,287980,-0.21104,52.47621,3,3,5,19:27,-1,E07000011,4,0,1,0,2,19,5,8,0,7,0,0,0,1,0,0,0,4,11
2024351432578,2024,351432578,541847,305249,0.09422,52.62647,2,2,3,09:15,-1,E07000010,3,0,1,0,2,"[99, 4]",6,2,"[99, 0]",0,0,1,0,0,0,0,0,4,16
2024351432609,2024,351432609,547481,257791,0.15649,52.19863,3,3,4,15:50,-1,E07000008,3,0,1,0,1,"[19, 3]",5,1,0,0,0,1,0,0,0,0,0,4,3
2024351432667,2024,351432667,565787,269308,0.42975,52.29688,2,2,5,21:30,-1,E07000009,6,2,1,1,2,19,5,1,0,1,4,0,0,1,0,0,0,4,4
2024351432690,2024,351432690,547754,252051,0.15799,52.14699,3,3,2,08:45,-1,E07000012,6,0,1,0,1,"[2, 14]","[0, 1]","[0, 5]","[0, 4]",0,0,1,0,0,0,0,0,4,8
2024351433043,2024,351433043,543938,244530,0.09908,52.08042,2,"[2, 3]",1,13:14,-1,E07000012,3,0,1,0,2,"[9, 19]",1,5,0,0,0,1,0,0,0,0,0,3,31
2024351433108,2024,351433108,519400,300175,-0.23905,52.58628,3,3,4,15:20,-1,E06000031,6,0,1,0,1,19,7,3,0,0,0,0,0,0,0,1,1,4,17
2024351433127,2024,351433127,547136,254875,0.15019,52.17252,3,3,5,17:20,-1,E07000008,3,0,1,0,1,-1,-1,-1,-1,-1,0,1,1,0,0,0,0,4,11
2024351433400,2024,351433400,530353,280097,-0.08533,52.40337,3,3,5,07:11,-1,E07000011,4,0,2,1,2,"[9, 19]","[3, 1]","[1, 5]",0,0,0,1,0,0,0,0,0,2,29
2024351433401,2024,351433401,523095,272069,-0.1949,52.33291,3,3,6,09:50,-1,E07000011,3,0,1,0,2,19,8,4,11,7,2,1,0,0,0,0,0,3,8
2024351433420,2024,351433420,518755,302080,-0.24789,52.60354,2,2,4,09:45,-1,E06000031,6,0,1,0,2,"[19, 13]","[3, 7]","[7, 3]",0,0,0,1,0,0,0,0,0,4,17
2024351433446,2024,351433446,516646,261616,-0.29311,52.24038,3,3,2,12:33,-1,E07000011,4,0,1,0,2,19,1,5,0,"[0, 7]",0,1,0,0,0,0,0,3,25
2024351433470,2024,351433470,516926,258432,-0.29012,52.21171,3,3,1,12:24,-1,E07000011,4,0,1,0,1,7,1,2,0,0,0,1,0,0,0,0,1,3,17
2024351434420,2024,351434420,546620,263246,0.14627,52.24787,2,2,6,09:22,-1,E07000012,6,0,2,1,2,"[19, 10]",3,7,0,0,0,1,0,0,0,0,0,4,19
2024351434523,2024,351434523,521898,305449,-0.20026,52.63311,1,"[1, 2]",2,15:35,-1,E06000031,3,0,1,0,2,"[19, 13]","[1, 5]","[1, 5]",0,0,0,1,0,0,0,0,0,4,22
2024351434621,2024,351434621,518729,298697,-0.24948,52.57314,1,1,4,13:15,-1,E06000031,3,0,1,0,1,19,"[3, 7]","[3, 7]",0,0,0,1,1,0,0,0,0,4,10
2024351434650,2024,351434650,546065,257961,0.13586,52.20053,3,3,2,17:20,-1,E07000008,6,0,2,-1,1,-1,-1,-1,-1,-1,0,1,0,0,0,0,0,4,15
2024351434799,2024,351434799,520791,299784,-0.21868,52.58246,3,3,5,14:52,-1,E06000031,3,0,1,0,1,19,"[8, 2]","[3, 6]",0,0,0,1,0,0,0,0,0,4,18
2024351435010,2024,351435010,518318,260266,-0.26911,52.22789,3,3,3,16:15,-1,E07000011,4,0,1,0,1,"[3, 19]",3,7,0,0,0,1,0,0,0,0,0,4,23
2024351435078,2024,351435078,546411,275535,0.14855,52.35833,3,3,7,11:43,-1,E07000009,3,0,1,0,2,"[19, 10]",5,1,0,0,0,1,0,0,0,1,0,4,20
2024351435108,2024,351435108,521795,295724,-0.20535,52.54575,3,3,6,09:05,-1,E06000031,3,0,1,1,2,"[19, 2]","[6, 0]","[2, 0]",0,"[0, 1]",0,1,0,0,0,0,0,4,19
2024351435109,2024,351435109,547542,257999,0.15748,52.20048,3,3,3,08:50,-1,E07000008,3,0,2,1,1,5,"[5, 3]","[1, 7]",0,0,0,1,1,0,0,0,0,4,9
2024351435182,2024,351435182,505794,299885,-0.43989,52.58649,3,3,6,23:40,-1,E06000031,3,2,1,0,2,19,8,4,0,"[1, 0]","[4, 0]",1,0,0,0,0,0,3,15
2024351435264,2024,351435264,542027,259013,0.07726,52.21104,3,3,5,17:00,-1,E07000008,1,0,1,0,2,"[4, 12]",5,1,0,0,0,0,0,0,1,0,0,4,11
2024351435491,2024,351435491,541639,296385,0.08736,52.5469,3,3,1,13:42,-1,E07000010,4,0,1,0,1,"[3, 4]",1,5,0,0,0,1,0,1,0,0,0,4,7
2024351435511,2024,351435511,519359,271940,-0.24975,52.33257,3,3,2,14:39,-1,E07000011,3,0,1,0,2,5,"[7, 5]","[3, 1]",0,0,0,1,0,0,0,0,0,4,15
2024351435586,2024,351435586,517579,295104,-0.26771,52.54111,3,3,5,06:45,-1,E06000031,6,0,1,0,1,"[2, 19]","[0, 7]","[0, 3]","[0, 4]",0,0,1,0,0,0,0,0,4,18
2024351435633,2024,351435633,544608,291185,0.12886,52.4994,2,"[3, 2]",5,07:08,-1,E07000010,4,0,1,0,2,19,"[3, 6]","[7, 2]","[0, 7]",0,0,1,0,0,0,0,0,4,18
2024351435643,2024,351435643,536943,270227,0.00745,52.31308,2,2,6,18:46,-1,E07000012,6,0,1,0,2,"[9, 19]","[6, 2]","[4, 6]",0,0,0,1,1,0,0,0,0,4,19
2024351435863,2024,351435863,560026,247446,0.33502,52.1022,1,"[1, 2, 3]",6,19:28,-1,E07000012,3,2,2,1,2,19,"[3, 7]","[7, 3]",0,"[0, 1]",0,1,0,0,0,0,0,3,15
2024351435894,2024,351435894,560014,286356,0.35329,52.45173,3,3,5,15:00,-1,E07000009,3,0,1,0,2,"[19, 9]","[8, 2]","[4, 6]",0,0,0,1,0,0,0,0,0,4,18
2024351435919,2024,351435919,525441,275119,-0.15935,52.35978,2,2,1,15:53,-1,E07000011,6,0,1,0,2,19,7,3,0,7,0,0,0,1,0,0,0,4,14
2024351435939,2024,351435939,518804,300383,-0.24777,52.58828,3,3,5,11:07,-1,E06000031,6,0,1,0,1,14,5,1,0,0,0,1,0,0,0,0,1,4,25
2024351436030,2024,351436030,542077,255944,0.07671,52.18345,3,3,7,11:00,-1,E07000012,1,0,1,0,2,4,1,5,0,0,0,1,0,0,0,0,0,4,13
2024351436053,2024,351436053,544820,260200,0.11862,52.22098,2,2,4,19:15,-1,E07000008,6,2,2,1,1,"[9, 7]","[1, 5]",7,0,0,0,1,1,0,0,0,0,3,27
2024351436079,2024,351436079,526765,266678,-0.1431,52.28363,2,"[2, 3]",6,11:39,-1,E07000011,3,0,2,1,2,"[13, 9]",5,"[1, 3]",0,0,0,1,0,0,0,1,0,3,1
2024351436086,2024,351436086,528421,284799,-0.11191,52.44607,3,3,5,08:18,-1,E07000011,4,0,1,0,2,"[19, 9]","[5, 4]",1,0,0,0,1,0,0,0,0,0,4,25
2024351436098,2024,351436098,525022,267822,-0.16821,52.29431,3,3,6,09:00,-1,E07000011,3,0,1,1,2,"[19, 20]","[7, 0]","[3, 0]","[4, 0]","[0, 4]","[0, 6]",1,0,0,0,0,0,4,5
2024351436877,2024,351436877,518113,292452,-0.26079,52.51716,3,3,5,16:43,-1,E07000011,4,0,2,0,2,"[3, 19]",2,6,0,0,0,1,0,0,0,0,0,4,25
2024351436885,2024,351436885,524253,273422,-0.17742,52.3448,3,3,7,13:26,-1,E07000011,6,0,1,0,1,"[9, 19]","[7, 3]","[5, 7]",0,0,0,1,0,0,0,0,0,4,27
2024351436937,2024,351436937,548815,253484,0.17411,52.15958,3,3,2,16:47,-1,E07000012,6,0,1,0,2,"[8, 4]","[1, 3]","[3, 7]",0,0,0,1,1,0,0,0,0,4,22
2024351436950,2024,351436950,511611,273571,-0.36286,52.34886,3,3,4,15:40,-1,E07000011,3,0,1,0,2,4,7,3,0,0,0,1,0,0,0,0,0,4,24
2024351437036,2024,351437036,557460,257777,0.30237,52.19575,3,3,5,11:10,-1,E07000009,3,0,1,0,2,19,1,5,0,0,0,1,0,0,0,1,0,4,18
2024351437270,2024,351437270,545359,259719,0.1263,52.21651,3,3,2,12:44,-1,E07000008,3,0,1,0,1,19,-1,-1,0,0,0,1,1,0,0,0,0,4,29
2024351437741,2024,351437741,539963,242469,0.04027,52.06292,3,3,7,12:05,-1,E07000012,3,0,1,1,2,-1,-1,-1,-1,-1,0,1,0,0,0,0,0,4,27
2024351437768,2024,351437768,559128,260471,0.32802,52.21947,2,2,2,21:16,-1,E07000009,3,2,2,1,2,19,"[7, 4]","[3, 8]",0,"[0, 3]",0,1,0,0,0,0,0,4,15
2024351437775,2024,351437775,545895,258431,0.13358,52.2048,3,3,6,13:50,-1,E07000008,3,0,9,-1,1,-1,-1,-1,-1,-1,0,0,1,0,1,0,0,4,26
2024351437871,2024,351437871,541982,256285,0.07546,52.18654,3,3,7,11:03,-1,E07000012,1,0,1,0,2,4,1,5,0,0,0,1,0,0,1,0,0,4,13
2024351438152,2024,351438152,539818,302999,0.06332,52.60679,2,2,6,20:15,-1,E07000010,3,0,1,0,2,"[19, -1]","[7, 5, -1]","[1, -1]","[0, -1]","[0, -1]",0,1,0,1,0,0,0,4,26
2024351438217,2024,351438217,544568,255013,0.11272,52.17444,3,3,5,14:33,-1,E07000008,3,0,1,0,1,5,3,7,0,0,0,1,0,0,0,0,1,4,18
2024351438260,2024,351438260,541691,296620,0.08823,52.54899,3,3,3,15:05,-1,E07000010,4,0,1,0,1,"[19, 10]","[1, 3]",5,0,0,0,1,1,0,0,0,0,4,30
2024351438321,2024,351438321,547791,263376,0.16346,52.24872,2,2,7,13:38,-1,E07000012,3,0,1,0,1,19,4,8,0,0,0,0,0,1,0,0,0,4,13
2024351438378,2024,351438378,528106,304907,-0.10879,52.62681,3,3,4,11:08,-1,E06000031,3,0,1,0,2,"[3, 4]",3,6,0,0,0,1,0,0,0,0,0,5,1
2024351438597,2024,351438597,546283,261329,0.14051,52.23073,2,2,7,21:47,-1,E07000008,6,2,1,0,1,"[19, -1]","[3, -1]","[7, -1]","[0, -1]","[0, -1]",0,0,0,1,0,1,0,2,24
2024351438659,2024,351438659,541906,299351,0.09257,52.57347,3,3,7,15:50,-1,E07000010,4,0,4,0,2,19,5,1,0,7,9,1,0,0,0,0,0,4,6
2024351438662,2024,351438662,544332,259976,0.11138,52.21909,3,3,2,17:15,-1,E07000008,4,0,1,0,1,-1,-1,-1,"[0, -1]","[0, -1]",0,1,1,0,0,0,0,4,29
2024351438705,2024,351438705,544586,254666,0.11284,52.17132,3,3,7,22:57,-1,E07000008,3,2,2,1,1,"[19, 10]",4,1,0,0,0,1,0,0,0,0,0,4,27
2024351438787,2024,351438787,539230,286191,0.0476,52.45593,3,3,3,09:20,-1,E07000010,6,0,1,-1,1,-1,-1,-1,-1,-1,0,1,0,0,0,0,0,4,30
2024351438801,2024,351438801,541663,259452,0.07212,52.21508,3,3,2,09:23,-1,E07000008,3,0,1,0,2,"[3, 19]",7,3,0,0,0,1,0,0,1,0,0,4,22
2024351438938,2024,351438938,523419,271754,-0.19027,52.33,1,1,7,12:29,-1,E07000011,4,0,1,0,1,"[15, 5]",7,3,0,0,0,1,1,0,0,0,0,3,16
2024351439750,2024,351439750,512615,273201,-0.34825,52.34533,3,3,5,09:35,-1,E07000011,3,0,1,0,2,"[12, 4]",3,7,"[4, 0]","[1, 0]","[6, 0]",0,0,0,1,0,0,4,25
2024351439769,2024,351439769,552789,249661,0.23044,52.12415,3,3,4,15:45,-1,E07000012,3,0,1,-1,2,-1,-1,-1,-1,-1,0,1,0,0,0,0,0,5,1
2024351439774,2024,351439774,555842,285977,0.29178,52.44953,3,3,1,23:48,-1,E07000009,6,2,1,0,2,"[19, 9]","[3, 1]",7,0,0,0,1,0,0,0,0,0,5,5
2024351439868,2024,351439868,524703,273226,-0.17089,52.34294,3,3,6,08:25,-1,E07000011,6,0,9,-1,1,-1,-1,-1,-1,-1,0,1,1,0,0,0,0,5,3
2024351439869,2024,351439869,531766,260089,-0.0724,52.22325,2,"[3, 2]",2,15:45,-1,E07000012,6,0,1,0,2,"[19, 3]",6,2,0,0,0,1,0,0,0,1,0,4,29
2024351440122,2024,351440122,544283,310794,0.13261,52.67565,3,3,1,09:40,-1,E07000010,4,0,1,0,1,"[3, 19]",-1,-1,0,0,0,1,1,0,0,0,0,5,5
2024351440351,2024,351440351,545672,310405,0.15297,52.67178,3,3,1,16:40,-1,E07000010,3,0,1,0,1,"[-1, 19]",-1,-1,"[-1, 0]","[-1, 0]",0,1,0,0,0,0,0,5,5
2024351440596,2024,351440596,554371,260711,0.25855,52.22298,3,3,4,13:10,-1,E07000009,6,0,1,0,2,-1,-1,-1,-1,-1,0,1,1,0,0,0,0,5,1
2024351440604,2024,351440604,525904,290427,-0.1468,52.49722,3,3,4,10:28,-1,E07000011,4,0,1,0,2,"[9, 19]",1,5,0,"[0, 7]","[0, 4]",1,0,0,0,0,0,5,1
2024351440724,2024,351440724,522827,278290,-0.19656,52.38887,2,"[3, 2]",3,08:57,-1,E07000011,4,0,1,0,2,19,"[1, 5]","[5, 1]",0,0,0,1,0,0,0,0,0,2,20
2024351440758,2024,351440758,546353,258018,0.1401,52.20097,3,3,5,19:46,-1,E07000008,6,0,2,1,1,19,1,"[5, 3]",0,0,0,0,1,0,0,0,0,4,25
2024351440787,2024,351440787,518629,299854,-0.25054,52.58356,3,3,3,11:27,-1,E06000031,6,0,1,0,1,9,7,5,0,0,0,1,0,0,0,0,1,4,30
2024351440792,2024,351440792,544335,260840,0.1118,52.22685,3,3,2,16:43,-1,E07000008,4,0,1,0,1,19,"[1, 5]","[6, 1, 5]",0,"[7, 0]","[11, 0]",1,0,0,0,0,0,4,22
2024351440818,2024,351440818,518627,301758,-0.24989,52.60067,3,3,2,15:00,-1,E06000031,6,0,1,0,1,"[3, 19]",2,4,0,0,0,1,0,0,0,0,0,4,29
2024351441042,2024,351441042,549663,265258,0.1917,52.26512,3,3,7,21:18,-1,E07000012,6,2,4,0,2,"[19, 7]","[8, 2]",5,0,0,0,1,0,0,0,0,0,4,6
2024351441129,2024,351441129,561340,255224,0.35788,52.17169,3,3,5,08:15,-1,E07000009,6,0,1,0,2,19,"[3, 7]","[7, 3]",0,0,0,1,0,0,0,0,0,4,18
2024351441141,2024,351441141,526382,259805,-0.15128,52.22196,3,3,3,13:40,-1,E07000012,3,0,1,0,2,"[19, 5]",3,7,0,0,0,1,0,0,0,0,0,4,2
2024351441152,2024,351441152,528355,284425,-0.11302,52.44273,3,3,3,14:32,-1,E07000011,4,0,2,1,2,19,5,1,0,"[0, 1]",0,1,0,0,0,0,0,4,23
2024351441203,2024,351441203,546571,246704,0.13841,52.09926,3,3,6,12:51,-1,E07000012,3,0,5,1,2,"[19, 12]","[6, 5]",2,0,0,0,1,0,0,1,0,0,5,3
2024351442039,2024,351442039,526962,297578,-0.12849,52.56123,3,3,6,15:40,-1,E07000010,6,0,1,0,1,"[-1, 5]",-1,-1,-1,-1,0,1,0,0,0,0,0,5,10
2024351442232,2024,351442232,549613,265316,0.19099,52.26566,3,3,2,08:20,-1,E07000012,6,0,1,0,2,19,"[1, -1]","[4, -1]",0,0,0,1,1,0,0,0,0,5,6
2024351442496,2024,351442496,546974,262120,0.15096,52.23766,2,"[3, 2]",5,05:04,-1,E07000012,3,0,1,0,2,"[4, 3]",7,3,0,0,0,1,0,0,1,0,0,4,25
2024351442508,2024,351442508,518971,266741,-0.25728,52.28594,3,3,2,08:28,-1,E07000011,3,0,1,0,2,"[19, 3]",5,1,0,0,0,1,0,0,0,0,0,5,13
2024351442553,2024,351442553,520451,299967,-0.22362,52.58418,3,3,7,14:12,-1,E06000031,6,0,1,0,1,-1,-1,-1,-1,-1,0,1,0,0,0,0,0,5,11
2024351442559,2024,351442559,517319,295693,-0.27134,52.54646,3,3,5,16:35,-1,E06000031,6,0,1,0,1,-1,-1,-1,-1,-1,0,1,1,0,0,0,0,5,9
2024351442582,2024,351442582,546682,262147,0.1467,52.23798,3,3,7,06:00,-1,E07000012,3,0,9,-1,2,-1,-1,-1,-1,-1,0,1,0,0,0,0,0,5,11
2024351442749,2024,351442749,517400,284370,-0.27413,52.44469,2,2,3,16:21,-1,E07000011,4,0,1,0,2,19,5,4,0,0,0,1,0,0,0,0,0,4,23
2024351442761,2024,351442761,544296,262037,0.11174,52.23762,2,2,4,10:17,-1,E07000012,4,0,1,0,1,"[13, 6]",1,"[5, 1]",0,0,0,1,0,1,0,0,0,4,17
2024351442765,2024,351442765,547068,262999,0.15272,52.24553,3,3,4,12:49,-1,E07000012,6,0,1,0,2,"[19, 7]","[4, 8]","[8, 4]",0,0,0,1,0,0,0,0,0,4,17
2024351443031,2024,351443031,546517,246541,0.13755,52.09781,3,3,2,06:15,-1,E07000012,1,0,1,0,2,"[4, 19]","[5, 3]","[1, 7]","[9, 99]",0,0,1,0,0,1,0,0,5,6
2024351443051,2024,351443051,521812,305348,-0.20157,52.63222,3,3,2,18:12,-1,E06000031,3,0,1,0,2,19,"[1, 5]","[5, 1]",0,"[1, 0]",0,1,0,0,0,0,0,5,6
2024351443064,2024,351443064,519026,261372,-0.25836,52.23768,3,3,2,09:24,-1,E07000011,4,0,1,0,1,4,1,5,0,0,0,1,0,0,0,0,1,4,29