collision_index,collision_year,collision_ref_no,location_easting_osgr,location_northing_osgr,longitude,latitude,casualty_severity,casualty_severity,day_of_week,time,local_authority_district,local_authority_ons_district,first_road_class,light_conditions,weather_conditions,road_surface_conditions,urban_or_rural_area,vehicle_manoeuvre,vehicle_direction_from,vehicle_direction_to,hit_object_in_carriageway,vehicle_leaving_carriageway,hit_object_off_carriageway,is_car,is_cyle,is_mcyle,is_goodsv,is_other,is_pedestrian,month,day
2024351526508,2024,351526508,546464,255845,0.14078,52.18142,3,3,3,12:44,-1,E07000008,3,0,1,0,1,"[7, 19]","[4, 5]","[7, 1]",0,0,0,1,0,0,0,0,0,10,22
2024351526525,2024,351526525,543984,259093,0.10592,52.21125,3,3,5,09:00,-1,E07000008,3,0,1,0,1,-1,-1,-1,-1,-1,0,0,1,0,1,0,0,12,5
2024351526622,2024,351526622,518419,297579,-0.25445,52.56316,3,3,6,15:06,-1,E06000031,6,0,1,0,1,5,"[1, 5]","[5, 1]",0,0,0,1,0,0,0,0,0,11,29
2024351526629,2024,351526629,546812,308562,0.16899,52.65492,3,3,7,19:50,-1,E07000010,3,2,1,1,1,"[10, 19]",1,"[6, 5]",0,0,0,1,0,0,0,0,0,11,30
2024351526648,2024,351526648,519631,297002,-0.23679,52.55772,3,3,6,01:09,-1,E06000031,3,2,1,1,1,"[19, 2, -1]","[7, 0]","[3, 0]","[4, 0]",0,0,1,0,0,0,0,0,11,22
2024351526658,2024,351526658,519292,300695,-0.24046,52.59097,3,3,5,15:52,-1,E06000031,6,0,1,0,1,"[13, 9]",5,1,0,0,0,1,0,0,0,0,0,10,31
2024351526673,2024,351526673,520488,300672,-0.22282,52.5905,3,3,4,17:50,-1,E06000031,6,2,1,0,1,"[19, 9]","[2, 8]","[6, 2]",0,0,0,1,0,0,0,0,0,11,27
2024351526674,2024,351526674,565905,262850,0.4283,52.23884,3,3,3,18:16,-1,E07000009,4,2,1,0,1,19,4,8,0,0,0,1,0,0,0,0,0,11,19
2024351526980,2024,351526980,541481,249779,0.06543,52.12822,3,3,7,23:45,-1,E07000012,3,2,2,1,2,-1,-1,-1,-1,-1,0,1,0,0,0,0,0,11,23
2024351526992,2024,351526992,547660,256137,0.15839,52.18372,3,3,3,08:53,-1,E07000008,6,0,1,0,1,-1,-1,-1,-1,-1,0,1,1,0,0,0,0,11,26
2024351527540,2024,351527540,552994,260229,0.23819,52.21903,3,3,4,14:22,-1,E07000012,6,0,1,0,2,"[10, 5]",5,3,0,0,0,1,0,0,0,0,0,8,14
2024351527543,2024,351527543,520187,296880,-0.22864,52.5565,3,3,3,13:47,-1,E06000031,3,0,1,0,1,19,5,1,0,0,0,1,0,0,0,0,1,8,20
2024351527583,2024,351527583,523058,303163,-0.18398,52.61231,3,3,4,15:56,-1,E06000031,3,0,1,0,2,"[4, 19]",3,7,0,0,0,1,0,0,0,0,0,10,9
2024351527644,2024,351527644,544231,278973,0.11804,52.38979,3,3,4,16:05,-1,E07000009,4,0,1,0,2,19,"[3, 5]","[5, 3]",0,0,0,1,0,0,0,0,0,11,27
2024351527699,2024,351527699,517340,299909,-0.26954,52.58434,3,3,4,09:08,-1,E06000031,6,0,2,1,1,"[7, 9]","[1, 5]",3,0,0,0,1,1,0,0,0,0,11,27
2024351527708,2024,351527708,518787,302081,-0.24741,52.60354,3,3,6,11:04,-1,E06000031,6,0,1,0,2,19,"[1, 5]","[5, 1]",0,0,0,1,0,0,0,0,0,11,1
2024351527750,2024,351527750,551471,259572,0.21562,52.21355,2,2,3,15:45,-1,E07000012,3,0,1,0,2,"[-1, 19]",-1,-1,-1,-1,0,1,0,0,0,0,0,11,19
2024351527762,2024,351527762,541586,248150,0.06629,52.11355,3,3,4,13:57,-1,E07000012,6,0,1,0,2,"[3, 12]","[5, 1]","[1, 5]",0,0,0,1,0,0,0,0,0,10,30
2024351528038,2024,351528038,517183,295408,-0.27344,52.54392,3,3,5,05:52,-1,E06000031,3,0,1,0,2,19,3,7,0,0,0,1,0,0,1,0,0,7,18
2024351528057,2024,351528057,544602,291159,0.12876,52.49917,2,2,7,17:48,-1,E07000010,4,0,1,0,2,19,"[3, 1]","[7, 5]",0,0,0,1,0,1,0,0,0,9,7
2024351528077,2024,351528077,560013,262994,0.34216,52.24187,2,2,7,23:50,-1,E07000009,3,2,5,1,2,19,6,2,0,1,0,1,0,0,0,0,0,11,23
2024351528122,2024,351528122,563063,270814,0.39057,52.31122,2,2,6,15:55,-1,E07000009,6,2,4,1,2,"[19, 9]","[3, 5]","[7, 2]",0,0,0,1,0,1,0,0,0,11,29
2024351528248,2024,351528248,518910,298571,-0.24686,52.57197,3,3,4,17:30,-1,E06000031,6,2,2,1,1,-1,-1,-1,-1,-1,0,0,0,0,1,0,1,12,4
2024351528268,2024,351528268,520468,299131,-0.22368,52.57666,3,3,7,10:00,-1,E06000031,6,0,1,1,1,-1,-1,-1,-1,-1,0,1,0,0,0,0,0,11,23
2024351528513,2024,351528513,507521,299754,-0.41445,52.58497,3,3,3,17:57,-1,E06000031,3,2,1,0,2,4,7,3,0,0,0,1,0,0,0,0,0,12,3
2024351528517,2024,351528517,545913,310298,0.15648,52.67075,3,3,4,09:46,-1,E07000010,3,0,2,1,1,19,5,1,0,1,0,1,0,0,0,0,0,11,6
2024351528576,2024,351528576,550714,274528,0.21123,52.34811,3,3,7,19:32,-1,E07000009,3,0,1,0,2,19,"[3, 7]","[7, 3]",0,0,0,1,0,0,0,0,0,8,24
2024351528614,2024,351528614,541552,295468,0.08569,52.53868,3,3,2,15:30,-1,E07000010,6,0,1,0,1,"[10, 19]","[3, 1]","[7, 5]",0,0,0,1,1,0,0,0,0,9,9
2024351528633,2024,351528633,546659,246417,0.13957,52.09666,2,"[2, 3]",6,11:49,-1,E07000012,1,0,1,0,2,"[4, 19]",4,8,0,0,0,1,0,0,1,0,0,11,29
2024351528651,2024,351528651,509188,297786,-0.3905,52.56695,3,3,2,18:10,-1,E07000011,3,2,2,1,2,-1,-1,-1,-1,-1,0,1,0,0,0,0,0,12,2
2024351528696,2024,351528696,544550,311056,0.13667,52.67793,3,3,5,10:57,-1,E07000010,6,0,1,1,1,19,1,5,2,0,0,1,0,0,0,0,1,11,21
2024351528741,2024,351528741,523490,272169,-0.18907,52.33372,3,3,4,13:37,-1,E07000011,4,0,2,1,1,"[13, 9]","[3, 2]",7,0,0,0,1,0,1,0,0,0,11,6
2024351529015,2024,351529015,513988,300317,-0.31885,52.58871,3,3,3,21:56,-1,E06000031,6,2,1,0,2,19,1,5,0,7,0,1,0,0,0,0,0,8,13
2024351529018,2024,351529018,519753,299105,-0.23423,52.57659,3,3,3,15:40,-1,E06000031,6,0,8,1,1,5,3,7,"[11, 0]",0,0,1,0,0,0,0,0,11,19
2024351529117,2024,351529117,516034,295308,-0.29041,52.54327,3,3,1,14:35,-1,E06000031,6,0,1,0,1,1,1,5,0,0,0,1,0,0,0,0,1,11,10
2024351529138,2024,351529138,550600,248542,0.198,52.11469,3,3,2,06:32,-1,E07000012,3,0,2,1,2,"[13, 19]",6,2,0,0,0,1,0,0,0,0,0,12,9
2024351529275,2024,351529275,544811,258190,0.11763,52.20292,3,3,5,21:11,-1,E07000008,6,2,2,1,1,"[7, 19]",1,5,0,0,0,1,1,0,0,0,0,10,3
2024351529303,2024,351529303,552423,279208,0.23843,52.38968,1,1,4,16:21,-1,E07000009,3,2,1,0,2,"[12, 19]","[7, 3]","[3, 7]",0,"[1, 0]",0,1,0,0,1,0,0,12,11
2024351529538,2024,351529538,545656,260513,0.13098,52.22357,2,2,2,17:59,-1,E07000008,6,2,2,1,1,"[19, 2]","[3, 0]","[7, 0]",4,0,0,1,0,1,0,0,0,11,18
2024351529587,2024,351529587,545293,256953,0.12414,52.19168,3,3,6,21:11,-1,E07000008,6,2,1,0,1,19,"[1, 5]","[5, 1]",0,0,0,1,1,0,0,0,0,8,30
2024351530575,2024,351530575,531756,271514,-0.06809,52.32591,3,3,3,05:23,-1,E07000011,6,2,1,1,1,-1,-1,-1,-1,-1,0,1,0,0,0,0,1,12,3
2024351530589,2024,351530589,540267,297625,0.06767,52.55839,3,3,2,05:25,-1,E07000010,3,2,1,-1,1,-1,-1,-1,-1,-1,0,1,0,0,0,0,0,12,9
2024351530611,2024,351530611,523907,272445,-0.18285,52.3361,2,2,3,15:51,-1,E07000011,6,0,1,0,1,19,1,5,0,0,0,1,0,0,0,0,1,11,26
2024351530676,2024,351530676,518149,301019,-0.25721,52.59413,3,3,1,19:01,-1,E06000031,6,2,1,0,1,19,8,4,0,0,0,1,0,0,0,0,1,10,27
2024351530678,2024,351530678,534634,244027,-0.0368,52.07824,3,3,6,17:32,-1,E07000012,3,2,2,1,2,19,"[1, 5]","[5, 1]",0,0,0,1,0,0,0,0,0,12,13
2024351530691,2024,351530691,561736,269902,0.37068,52.30342,2,2,5,17:24,-1,E07000009,4,2,1,2,2,19,6,2,0,0,0,0,0,1,0,0,0,11,28
2024351530705,2024,351530705,520037,302827,-0.2287,52.60997,3,3,2,21:37,-1,E06000031,6,2,1,1,2,19,1,5,0,1,0,1,0,0,0,0,0,12,2
2024351530725,2024,351530725,541579,295347,0.08604,52.53759,3,3,5,08:30,-1,E07000010,4,0,2,1,1,-1,-1,-1,-1,-1,0,1,0,0,0,0,1,12,5
2024351530738,2024,351530738,516390,297726,-0.28432,52.56492,3,3,1,13:15,-1,E06000031,3,0,2,1,2,19,8,4,0,0,0,1,0,0,0,0,0,10,20
2024351530776,2024,351530776,536348,267765,-0.00227,52.29111,3,3,7,23:45,-1,E07000012,6,2,1,0,2,"[19, 9]",1,"[5, 7]",0,"[1, 0]",0,1,0,1,0,0,0,11,16
2024351530799,2024,351530799,520532,300818,-0.22212,52.59181,3,3,3,22:26,-1,E06000031,6,2,1,1,1,"[13, 9]","[5, 1]","[1, 5]",0,0,0,1,0,1,0,0,0,12,3
2024351531036,2024,351531036,521644,305020,-0.20417,52.62931,2,2,5,17:12,-1,E06000031,3,2,1,0,2,19,5,1,0,"[1, 0]",0,1,0,0,0,0,0,10,31
2024351531105,2024,351531105,546245,258870,0.13889,52.20865,2,"[2, 3]",7,18:00,-1,E07000008,3,0,2,1,1,19,8,4,11,6,6,1,0,0,0,0,0,8,24
2024351531120,2024,351531120,543800,259801,0.10353,52.21766,3,3,4,08:35,-1,E07000008,3,0,1,0,1,"[4, 19]","[7, 2]","[3, 6]",0,0,0,1,1,0,0,0,0,9,11
2024351531141,2024,351531141,523654,271837,-0.18679,52.3307,3,3,3,07:34,-1,E07000011,4,0,1,1,1,"[12, 19]","[8, 4]","[3, 8]",0,0,0,1,0,0,0,0,0,10,29
2024351531155,2024,351531155,516349,304450,-0.28256,52.62535,3,3,2,07:00,-1,E06000031,6,2,2,1,1,-1,-1,-1,-1,-1,0,1,1,0,0,0,0,12,9
2024351531608,2024,351531608,555336,258409,0.27161,52.20203,3,3,2,06:30,-1,E07000012,6,2,1,1,2,"[2, 19]","[0, 7]","[0, 3]","[0, 4]",0,0,1,0,0,0,0,0,12,2
2024351531641,2024,351531641,545224,307438,0.14504,52.64525,2,2,1,10:47,-1,E07000010,3,0,1,0,2,"[14, 6]",1,5,0,0,0,1,0,1,0,0,0,8,11
2024351531668,2024,351531668,518205,299807,-0.25681,52.58323,3,3,5,19:39,-1,E06000031,6,2,8,1,1,"[3, -1]","[7, -1]","[3, -1]","[0, -1]","[0, -1]",0,1,0,0,0,0,0,11,28
2024351531756,2024,351531756,538619,267490,0.03089,52.28807,2,2,2,12:22,-1,E07000012,6,0,1,0,2,19,3,7,0,1,4,1,0,0,0,0,0,11,4
2024351532081,2024,351532081,509014,294771,-0.39406,52.53989,3,3,6,16:11,-1,E07000011,4,0,1,0,2,19,"[1, 5]","[5, 1]",0,"[1, 0]",0,1,0,0,0,0,0,9,20
2024351532089,2024,351532089,516898,296974,-0.27709,52.55806,3,3,1,13:54,-1,E06000031,3,2,2,1,2,19,1,5,0,0,0,1,0,0,0,0,0,11,17
2024351532116,2024,351532116,519608,301565,-0.23548,52.59872,3,3,5,15:09,-1,E06000031,6,0,1,0,1,19,6,2,0,0,0,1,0,0,0,0,1,9,12
2024351532127,2024,351532127,507111,275307,-0.42835,52.36536,3,3,6,16:10,-1,E07000011,6,2,1,1,2,19,"[7, 3]","[3, 7]",0,0,0,0,0,0,1,1,0,11,29
2024351532150,2024,351532150,507228,269260,-0.42856,52.31099,3,3,4,08:09,-1,E07000011,4,0,1,0,2,19,"[8, 4]","[4, 8]",0,"[1, 7]","[0, 9]",1,0,0,0,0,0,10,23
2024351532173,2024,351532173,518520,278422,-0.25977,52.391,3,3,2,13:25,-1,E07000011,2,0,1,0,2,"[19, 11]",4,8,0,"[0, 1]",0,1,0,0,1,0,0,11,18
2024351532708,2024,351532708,517672,299691,-0.26472,52.5823,3,3,5,18:30,-1,E06000031,6,2,1,-1,1,-1,-1,-1,-1,-1,0,1,0,0,0,0,0,12,12
2024351532784,2024,351532784,544798,259214,0.11787,52.21212,3,3,3,10:00,-1,E07000008,3,0,1,1,1,-1,-1,-1,-1,-1,0,1,1,0,0,0,0,12,10
2024351533835,2024,351533835,531735,271292,-0.06848,52.32392,3,3,5,21:04,-1,E07000011,3,2,1,0,1,19,"[7, 1]","[3, 5]",0,0,0,1,0,0,0,0,0,11,21
2024351533888,2024,351533888,516019,301218,-0.28857,52.59638,3,3,7,12:28,-1,E06000031,6,0,5,1,2,19,1,5,"[11, 0]",0,0,1,0,0,0,0,0,12,7
2024351533935,2024,351533935,546667,261014,0.14599,52.2278,3,3,2,17:05,-1,E07000008,3,2,1,-1,1,"[3, 19]",-1,-1,0,0,0,1,1,0,0,0,0,11,25
2024351533944,2024,351533944,547815,263383,0.16382,52.24878,3,3,3,08:50,-1,E07000012,3,0,1,0,2,"[99, 3]","[6, 1]","[2, 6]",0,0,0,1,0,0,1,0,0,12,10
2024351533952,2024,351533952,521801,299494,-0.20388,52.57963,2,2,2,06:54,-1,E06000031,6,0,1,0,2,"[9, 19]","[5, 1]","[3, 5]",0,0,0,1,0,0,0,0,0,10,21
2024351533958,2024,351533958,541731,256277,0.07179,52.18653,3,3,6,19:00,-1,E07000012,3,2,1,0,2,4,-1,-1,0,0,0,1,0,0,0,0,0,11,29
2024351533970,2024,351533970,517644,302857,-0.26401,52.61076,3,3,4,17:40,-1,E06000031,6,2,1,0,1,-1,-1,-1,-1,-1,0,1,1,0,0,0,0,12,11
2024351534002,2024,351534002,519258,298950,-0.24159,52.5753,3,3,2,09:49,-1,E06000031,6,0,1,1,1,"[5, 19]",-1,-1,0,0,0,1,0,0,0,0,0,12,2
2024351534007,2024,351534007,546531,246537,0.13776,52.09777,3,3,3,10:45,-1,E07000012,1,0,1,0,2,19,5,1,0,0,0,1,0,0,0,0,0,10,15
2024351534057,2024,351534057,544361,260554,0.11205,52.22428,3,3,6,15:10,-1,E07000008,4,0,1,0,1,19,-1,-1,0,0,0,0,1,0,0,0,0,11,29
2024351534060,2024,351534060,547674,257966,0.15939,52.20015,3,3,7,21:22,-1,E07000008,6,2,2,1,1,19,"[8, 4]","[4, 8]",0,0,0,1,0,0,0,0,0,12,7
2024351534065,2024,351534065,520830,301639,-0.21742,52.59912,2,"[3, 2]",7,11:09,-1,E06000031,3,0,5,1,2,19,5,1,"[0, 4]",0,0,1,0,0,0,0,0,12,7
2024351534081,2024,351534081,544653,260584,0.11634,52.22447,2,2,6,13:00,-1,E07000008,6,0,1,0,1,"[10, 9]",-1,-1,0,0,0,1,1,0,0,0,0,11,22
2024351534361,2024,351534361,548799,264988,0.17893,52.26293,2,2,7,20:42,-1,E07000012,3,2,1,0,2,13,5,1,0,0,0,0,0,1,0,0,0,12,14
2024351534362,2024,351534362,519866,299598,-0.23239,52.58099,3,3,6,15:30,-1,E06000031,6,0,2,1,1,"[19, 7]",-1,-1,0,0,0,1,0,0,0,0,0,12,20
2024351535013,2024,351535013,510311,297153,-0.37415,52.56104,2,"[2, 3]",4,05:51,-1,E07000011,3,2,1,0,2,19,4,8,0,0,0,1,0,0,1,0,0,10,30
2024351535073,2024,351535073,546787,255979,0.14556,52.18253,3,3,6,21:00,-1,E07000008,6,2,2,1,1,"[9, 19]","[3, 7]","[7, 3]",0,0,0,1,1,0,0,0,0,12,6
2024351535127,2024,351535127,541912,299368,0.09266,52.57362,2,2,3,19:46,-1,E07000010,4,2,2,1,2,4,1,5,0,1,0,1,0,0,0,0,0,11,5
2024351535759,2024,351535759,541290,255446,0.065,52.17918,2,2,2,15:05,-1,E07000012,3,0,1,0,2,19,6,2,0,0,0,1,1,0,0,0,0,10,7
2024351535762,2024,351535762,554659,258723,0.26186,52.20504,3,3,5,12:39,-1,E07000012,6,0,1,0,2,19,"[5, 7]","[7, 5]",0,0,0,1,0,0,0,0,0,12,5
2024351535928,2024,351535928,545135,257583,0.1221,52.19738,2,2,7,02:27,-1,E07000008,3,2,1,0,1,"[9, 19]","[5, 2]","[1, 5]",0,0,0,1,1,0,0,0,0,12,14
2024351536186,2024,351536186,529667,260581,-0.10292,52.22817,3,3,4,09:01,-1,E07000012,3,0,1,1,2,"[19, 5]","[1, 3]","[5, 1]",0,0,0,1,0,0,0,0,0,12,4
2024351536301,2024,351536301,546654,258783,0.14483,52.20776,3,3,5,09:00,-1,E07000008,6,0,1,1,1,"[5, 19]","[8, 5]","[4, 2]",0,0,0,1,0,0,0,0,0,11,28
2024351536325,2024,351536325,532228,304271,-0.04819,52.62011,3,3,1,07:53,-1,E06000031,3,0,1,0,2,"[5, 19]",7,"[4, 3]",0,0,0,1,0,0,0,0,0,9,1
2024351536806,2024,351536806,516282,286451,-0.28985,52.46363,3,3,4,10:07,-1,E07000011,4,0,1,0,2,19,3,7,0,7,0,1,0,0,0,0,0,11,20
2024351536888,2024,351536888,542137,238854,0.07046,52.02989,3,3,7,02:00,-1,E07000012,4,2,1,0,2,"[2, 19]","[0, 8]","[0, 5]",0,"[0, 1]","[0, 11]",1,0,0,0,0,0,11,2
2024351536932,2024,351536932,517163,301209,-0.27169,52.59605,3,3,6,13:00,-1,E06000031,3,0,1,0,1,4,7,3,0,0,0,1,0,0,0,0,0,11,22
2024351537117,2024,351537117,541571,261210,0.07151,52.23089,3,3,4,18:27,-1,E07000012,3,2,1,0,2,"[19, 12]",7,3,0,"[4, 0]","[6, 0]",1,0,0,1,0,0,11,13
2024351537155,2024,351537155,547873,259401,0.16293,52.21299,3,3,3,22:10,-1,E07000008,6,2,5,1,1,"[5, 9]","[1, 5]","[5, 3]",0,0,0,1,0,1,0,0,0,10,1
2024351537186,2024,351537186,536864,259705,0.00203,52.21856,2,2,1,17:29,-1,E07000012,6,2,1,0,2,"[14, 9]",7,"[3, 5]",0,0,0,1,0,1,0,0,0,10,20
2024351537229,2024,351537229,520154,302414,-0.22712,52.60623,3,3,5,16:10,-1,E06000031,6,2,2,1,2,"[3, 19]",1,3,0,0,0,1,0,0,0,0,0,12,5
2024351537230,2024,351537230,545454,260732,0.12812,52.22559,2,2,4,17:15,-1,E07000008,6,2,1,0,1,19,4,6,0,0,0,1,0,0,0,0,1,11,13
2024351537240,2024,351537240,516271,299075,-0.2856,52.57707,1,1,5,07:38,-1,E06000031,3,2,1,1,1,19,2,6,0,0,0,1,0,0,0,0,1,12,19
2024351537260,2024,351537260,529588,260667,-0.10405,52.22896,3,3,5,17:17,-1,E07000012,3,2,1,0,2,"[3, 5]",7,3,0,0,0,1,0,0,0,0,0,11,14
2024351537273,2024,351537273,557706,256824,0.30553,52.18711,3,3,4,23:00,-1,E07000012,3,2,1,1,2,19,8,6,11,0,0,1,0,0,0,0,0,11,27
2024351537278,2024,351537278,535446,304106,-0.00075,52.61784,3,3,1,16:30,-1,E07000010,6,2,2,1,2,19,-1,-1,2,1,0,1,0,0,0,0,0,12,1
2024351537285,2024,351537285,524418,272445,-0.17536,52.33599,3,3,6,19:00,-1,E07000011,6,2,1,0,1,-1,-1,-1,-1,-1,0,1,1,0,0,0,0,12,13
2024351537527,2024,351537527,540594,262278,0.05766,52.24074,2,2,2,06:56,-1,E07000012,3,0,1,0,2,4,7,3,0,0,0,1,0,0,0,0,0,11,25
2024351537544,2024,351537544,545092,260912,0.1229,52.2273,3,3,1,00:10,-1,E07000008,6,2,1,0,1,"[15, 19]",5,1,0,0,0,1,1,0,0,0,0,12,15
2024351538000,2024,351538000,546233,256687,0.13777,52.18904,3,3,1,22:02,-1,E07000008,6,2,2,1,1,"[3, 19]","[1, 3]",7,0,0,0,1,0,1,0,0,0,11,10
2024351538022,2024,351538022,550904,255568,0.20555,52.17773,3,3,4,16:52,-1,E07000012,6,2,1,-1,2,-1,-1,-1,-1,-1,0,1,0,0,0,0,0,12,18
2024351538060,2024,351538060,535889,265549,-0.00989,52.27131,3,3,2,10:43,-1,E07000012,3,0,1,0,2,"[3, 4]",4,8,0,0,0,1,0,0,0,0,0,12,2
2024351538125,2024,351538125,544392,258973,0.11183,52.21007,3,3,4,11:45,-1,E07000008,3,0,1,0,1,-1,-1,-1,-1,-1,0,1,1,0,0,0,0,12,18
2024351538177,2024,351538177,528010,305128,-0.11012,52.62882,2,2,3,17:25,-1,E06000031,4,0,1,0,2,"[3, 9]","[3, 5]","[7, 1]",0,0,0,1,0,1,0,0,0,8,20
2024351538214,2024,351538214,525827,297721,-0.14517,52.56278,3,3,4,20:54,-1,E07000010,6,0,1,0,1,19,"[3, 7]","[7, 3]",0,0,0,1,0,0,0,0,0,9,4
2024351538224,2024,351538224,504936,275998,-0.46006,52.37199,3,3,7,10:30,-1,E07000011,3,0,1,1,2,19,"[6, 4]","[2, 8]",0,"[0, 4]","[0, 1]",1,0,0,0,0,0,12,21
2024351538229,2024,351538229,546795,258219,0.14665,52.20266,3,3,5,11:45,-1,E07000008,6,0,1,1,1,"[10, 19]",-1,-1,0,0,0,1,0,0,0,0,0,12,12
2024351538269,2024,351538269,546663,262135,0.14642,52.23787,3,3,6,18:20,-1,E07000012,3,2,1,1,2,19,3,7,7,5,6,1,0,0,0,0,0,12,6
2024351538442,2024,351538442,519323,300381,-0.24012,52.58815,3,3,5,13:30,-1,E06000031,6,0,1,0,1,"[19, 5]","[4, 6]",1,0,0,0,1,1,0,0,0,0,12,26
2024351538656,2024,351538656,535705,284092,-0.00509,52.43796,3,3,5,06:00,-1,E07000011,3,2,8,1,2,19,"[2, 6]","[6, 2]",0,"[1, 0]",0,1,0,0,0,0,0,12,12
2024351538785,2024,351538785,546452,309403,0.16405,52.66257,2,2,1,16:36,-1,E07000010,3,2,1,0,1,9,3,1,0,0,0,1,0,0,0,0,1,12,15
2024351538821,2024,351538821,538642,285713,0.03876,52.45179,3,3,5,15:59,-1,E07000010,3,0,1,0,2,19,2,6,"[0, 11]",0,0,1,0,0,0,1,0,10,31
2024351538833,2024,351538833,539871,242535,0.03896,52.06354,3,3,2,08:30,-1,E07000012,6,0,5,1,2,19,8,4,11,1,1,1,0,0,0,0,0,12,9
2024351538841,2024,351538841,542625,297780,0.10249,52.55917,3,3,3,22:21,-1,E07000010,6,2,1,0,1,"[19, 3]",1,6,0,0,0,1,0,0,0,0,0,12,17
2024351538866,2024,351538866,550813,259416,0.20593,52.21233,2,2,7,13:57,-1,E07000012,3,0,1,1,2,"[19, 10]","[3, 5]","[7, 1]",0,"[7, 0]",0,1,0,0,0,0,0,11,23
2024351538870,2024,351538870,519621,295992,-0.2373,52.54864,3,3,2,08:41,-1,E06000031,3,0,5,1,2,5,2,5,0,0,0,1,0,0,1,0,0,12,9
2024351538911,2024,351538911,555578,271897,0.28136,52.32312,3,3,3,12:30,-1,E07000009,3,0,6,2,2,"[19, 4]","[2, 4]","[6, 8]",0,0,0,1,0,0,0,0,0,12,10
2024351538986,2024,351538986,555947,280293,0.29067,52.39844,3,3,4,15:27,-1,E07000009,6,0,1,0,2,"[19, 13]","[2, 7]","[7, 2]",0,0,0,1,0,0,0,0,0,12,11
2024351539005,2024,351539005,518821,299599,-0.2478,52.58123,3,3,3,15:30,-1,E06000031,6,0,1,1,1,-1,-1,-1,-1,-1,0,1,0,0,0,0,0,12,24
2024351539035,2024,351539035,533365,248365,-0.05361,52.11753,3,3,5,17:31,-1,E07000012,6,2,5,1,2,"[19, 10]","[5, 7]","[1, 4]",0,0,0,1,0,0,0,0,0,12,5
2024351539080,2024,351539080,522388,294829,-0.19694,52.53758,3,3,7,20:57,-1,E07000011,4,2,1,1,2,19,5,1,0,1,0,1,0,0,0,0,0,11,16
2024351539218,2024,351539218,545364,308433,0.14755,52.65415,3,3,1,10:20,-1,E07000010,4,0,1,0,1,5,1,5,0,0,0,1,0,0,0,0,0,12,29
2024351539225,2024,351539225,566918,260635,0.44203,52.21864,3,3,7,19:35,-1,E07000009,6,0,1,0,2,19,"[7, 5]","[3, 1]",0,8,0,1,0,0,0,0,0,12,7
2024351539262,2024,351539262,529600,260651,-0.10388,52.22882,3,3,3,16:37,-1,E07000012,3,2,2,1,2,19,1,5,"[0, 9]","[0, 7]",0,1,0,0,0,0,0,11,19
2024351539283,2024,351539283,516191,272052,-0.29618,52.33426,2,"[3, 2]",6,17:00,-1,E07000011,3,0,1,0,2,4,8,3,0,0,0,1,0,1,0,0,0,12,13
2024351539299,2024,351539299,545675,261014,0.13147,52.22806,3,3,6,15:16,-1,E07000008,6,0,1,0,1,19,3,7,0,0,0,1,0,0,0,0,1,11,29
2024351539300,2024,351539300,538245,244748,0.01615,52.08383,3,3,6,19:20,-1,E07000012,6,2,1,0,2,"[-1, 19]","[-1, 6]","[-1, 2]","[-1, 0]","[-1, 0]",0,1,0,1,0,0,0,12,6
2024351539318,2024,351539318,545154,310593,0.14539,52.67361,3,3,5,12:15,-1,E07000010,3,0,1,0,1,-1,-1,-1,-1,-1,0,1,1,0,0,0,0,12,19
2024351539320,2024,351539320,545450,258746,0.12721,52.20775,3,3,4,18:15,-1,E07000008,6,2,1,0,1,19,"[2, 7]","[7, 6]",0,0,0,1,1,0,0,0,0,12,18
2024351539326,2024,351539326,517721,293799,-0.26608,52.52935,2,2,5,16:25,-1,E06000031,6,0,1,0,2,"[4, 2]","[5, 0]","[1, 0]","[4, 0]",0,0,1,0,0,0,0,0,12,19
2024351539365,2024,351539365,519744,302120,-0.23328,52.60368,2,2,3,18:10,-1,E06000031,3,2,1,0,2,"[12, 4]",7,2,0,"[4, 0]",0,1,0,0,0,0,0,12,10
2024351539380,2024,351539380,545551,308717,0.15043,52.65665,3,3,2,16:34,-1,E07000010,6,2,1,1,1,"[5, 19]",4,8,0,0,0,1,0,0,0,0,0,12,16
2024351539381,2024,351539381,543272,255961,0.09418,52.1833,3,3,1,19:30,-1,E07000012,6,2,1,0,2,1,7,3,0,0,0,1,0,0,0,0,1,12,29
2024351539442,2024,351539442,516325,295494,-0.28606,52.54488,3,3,7,16:49,-1,E06000031,6,2,5,1,1,5,8,1,0,0,0,1,0,0,0,0,1,11,23
2024351539677,2024,351539677,526389,267561,-0.14828,52.29165,2,2,3,13:35,-1,E07000011,3,0,1,0,2,19,1,5,0,0,0,0,0,0,1,0,0,11,12
2024351539687,2024,351539687,516628,300314,-0.2799,52.58813,3,3,2,10:08,-1,E06000031,6,0,1,0,1,"[7, 19]","[1, 7]",3,0,0,0,1,0,0,0,0,0,12,9
2024351539701,2024,351539701,508138,299686,-0.40537,52.58424,3,3,3,16:49,-1,E06000031,3,2,2,1,2,"[3, 4]",3,7,0,0,0,1,0,0,0,0,0,12,10
2024351539715,2024,351539715,541721,309130,0.09403,52.66137,2,"[2, 3]",5,17:14,-1,E07000010,4,2,1,0,2,19,6,2,0,1,9,0,0,0,1,0,0,11,14
2024351539764,2024,351539764,514981,295441,-0.30589,52.54469,2,2,7,22:34,-1,E06000031,6,2,1,0,2,19,5,1,0,7,0,1,0,0,0,0,0,7,20