collision_index,collision_year,collision_ref_no,location_easting_osgr,location_northing_osgr,longitude,latitude,casualty_severity,casualty_severity,day_of_week,time,local_authority_district,local_authority_ons_district,first_road_class,light_conditions,weather_conditions,road_surface_conditions,urban_or_rural_area,vehicle_manoeuvre,vehicle_direction_from,vehicle_direction_to,hit_object_in_carriageway,vehicle_leaving_carriageway,hit_object_off_carriageway,is_car,is_cyle,is_mcyle,is_goodsv,is_other,is_pedestrian,month,day
2024351539772,2024,351539772,518028,299781,-0.25943,52.58304,3,3,4,18:25,-1,E06000031,6,2,2,1,1,"[1, 9]","[3, 5]","[7, 3]",0,0,0,1,0,0,0,0,0,12,18
2024351539814,2024,351539814,568417,260243,0.46376,52.21466,3,3,1,15:00,-1,E07000009,6,0,2,-1,2,-1,-1,-1,-1,-1,0,1,0,0,0,0,1,12,29
2024351539880,2024,351539880,560522,252188,0.34449,52.14466,3,3,3,19:40,-1,E07000012,6,2,1,1,2,"[2, 19]","[0, 7]","[0, 3]",0,0,0,1,0,0,0,0,0,12,17
2024351540092,2024,351540092,513049,272984,-0.34196,52.34329,2,2,2,13:14,-1,E07000011,3,0,1,0,2,19,7,3,0,"[1, 0]",0,0,0,0,1,0,0,12,2
2024351540100,2024,351540100,517467,292294,-0.27036,52.51588,3,3,3,09:51,-1,E07000011,3,0,1,0,2,"[9, 19]","[1, 5]","[7, 1]",0,0,0,1,0,0,0,0,0,12,24
2024351540102,2024,351540102,531050,267500,-0.08,52.29001,3,3,6,05:00,-1,E07000011,3,2,1,1,2,"[-1, 19]","[-1, 7]","[-1, 3]","[-1, 0]","[-1, 0]",0,1,0,0,0,0,0,11,29
2024351540114,2024,351540114,516888,304578,-0.27456,52.62639,3,3,7,06:13,-1,E06000031,6,2,1,1,1,"[3, 9, -1]","[5, 1, -1]","[1, 5, -1]","[0, -1]","[0, -1]",0,1,0,0,0,0,0,11,30
2024351540704,2024,351540704,546452,309397,0.16404,52.66251,3,3,2,09:49,-1,E07000010,3,0,1,0,1,9,3,1,0,0,0,1,0,0,0,0,1,12,30
2024351540705,2024,351540705,516479,298018,-0.2829,52.56753,3,3,7,18:19,-1,E06000031,6,2,1,0,1,19,"[2, 6]","[6, 2]",0,0,0,1,0,0,0,0,0,12,21
2024351540714,2024,351540714,520924,271198,-0.22706,52.32556,3,3,3,16:45,-1,E07000011,4,2,1,0,2,"[7, 19]","[5, 7]","[1, 3]",0,0,0,1,0,1,0,0,0,12,17
2024351540760,2024,351540760,540340,297570,0.06872,52.55788,3,3,1,15:00,-1,E07000010,4,0,2,1,1,"[7, 19, 2]","[8, 0]","[1, 4, 0]",0,0,0,1,0,0,0,0,0,12,8
2024351540776,2024,351540776,518875,300606,-0.24664,52.59026,2,2,2,12:15,-1,E06000031,6,0,1,0,1,"[3, 19]",-1,-1,0,0,0,1,1,0,0,0,0,12,16
2024351540783,2024,351540783,518817,303197,-0.24657,52.61356,3,3,2,08:10,-1,E06000031,3,0,1,0,2,19,8,4,0,0,0,1,0,0,0,0,0,12,2
2024351540802,2024,351540802,532411,297941,-0.04801,52.5632,1,"[1, 2]",7,20:30,-1,E07000010,3,2,1,1,2,19,"[2, 4]","[6, 8]",0,"[7, 0]","[9, 0]",1,0,0,0,0,0,12,21
2024351540857,2024,351540857,546395,309843,0.1634,52.66654,3,3,2,15:20,-1,E07000010,6,0,1,0,1,7,3,5,0,0,0,0,0,1,0,0,0,12,23
2024351540860,2024,351540860,528171,304300,-0.10807,52.62134,3,3,4,10:15,-1,E06000031,4,0,1,0,2,19,"[5, 3]","[1, 7]",0,0,0,1,0,0,0,0,0,12,25
2024351540902,2024,351540902,546292,258141,0.13926,52.20209,2,2,6,18:15,-1,E07000008,6,2,2,1,1,"[1, 19]","[-1, 1]","[-1, 5]",0,0,0,1,1,0,0,0,0,12,13
2024351540927,2024,351540927,524497,262521,-0.17786,52.2468,3,3,4,08:05,-1,E07000011,6,0,2,1,2,19,"[1, 7]","[5, 3]",0,0,0,1,0,0,0,0,0,11,27
2024351540952,2024,351540952,518799,297870,-0.24875,52.5657,3,3,3,12:10,-1,E06000031,3,0,1,0,1,19,7,3,0,0,0,1,1,0,0,0,0,12,24
2024351541147,2024,351541147,545548,258132,0.12838,52.20221,3,3,7,12:37,-1,E07000008,6,0,1,-1,1,-1,-1,-1,-1,-1,0,0,1,0,0,0,1,12,21
2024351541159,2024,351541159,558025,257290,0.31041,52.19121,3,3,2,12:35,-1,E07000009,3,0,1,0,2,19,1,5,0,0,0,1,0,0,0,0,0,12,30
2024351541271,2024,351541271,544100,262914,0.10924,52.24555,2,2,4,12:27,-1,E07000012,6,0,1,0,1,19,3,7,0,0,0,1,0,0,0,0,1,10,23
2024351541335,2024,351541335,547004,251691,0.14688,52.14395,3,3,2,13:10,-1,E07000012,3,0,1,0,1,"[19, 9]","[1, 5]","[5, 1]",0,"[1, 0]",0,1,0,1,0,0,0,12,30
2024351541658,2024,351541658,546242,256688,0.1379,52.18905,2,2,4,19:53,-1,E07000008,6,2,1,0,1,"[9, 19]","[3, 7]","[1, 3]",0,0,0,1,0,1,0,0,0,11,20
2024351541682,2024,351541682,518780,297075,-0.24931,52.55856,2,2,2,08:15,-1,E06000031,3,0,1,0,1,"[19, 2]","[1, 0]","[5, 0]",0,"[7, 0]","[11, 0]",1,0,0,0,0,0,12,30
2024351541885,2024,351541885,547886,259318,0.16308,52.21224,3,3,2,17:10,-1,E07000008,3,2,2,1,1,"[5, 19]","[5, 3]",7,0,0,0,1,1,0,0,0,0,12,2
2024351541968,2024,351541968,528267,247508,-0.12835,52.11103,3,3,4,18:34,-1,E07000012,4,2,7,1,2,"[19, 9]","[3, 7]","[7, 3]",0,"[0, 1]","[0, 9]",1,0,0,0,0,0,12,25
2024351541982,2024,351541982,519066,260329,-0.25814,52.2283,3,3,3,06:15,-1,E07000011,6,2,1,0,1,-1,-1,-1,-1,-1,0,1,0,0,0,0,1,12,24
2024351542334,2024,351542334,548806,253478,0.17398,52.15953,3,3,4,12:50,-1,E07000012,3,0,1,1,2,"[9, 19]","[6, 4]","[4, 8]",0,"[1, 0]",0,1,0,0,0,0,0,1,3
2024351542408,2024,351542408,518253,299808,-0.25611,52.58323,3,3,5,20:20,-1,E06000031,6,2,8,1,1,4,7,3,0,0,0,1,0,1,0,0,0,8,15
2024351542803,2024,351542803,545684,255627,0.12929,52.17966,3,3,4,14:47,-1,E07000008,3,0,1,0,2,19,7,3,0,0,0,0,1,0,0,0,1,12,11
2024351543015,2024,351543015,519792,299828,-0.2334,52.58307,3,3,2,12:08,-1,E06000031,6,0,1,0,1,"[7, 19]","[2, 7]","[5, 3]",0,0,0,1,1,0,0,0,0,11,25
2024351543024,2024,351543024,533379,275294,-0.04279,52.35948,2,2,5,16:05,-1,E07000011,6,2,5,1,2,"[19, 7]",3,7,0,0,0,1,0,1,0,0,0,12,5
2024351543068,2024,351543068,559666,274562,0.34256,52.34589,3,3,1,18:20,-1,E07000009,3,2,4,0,2,"[19, 5]","[4, 6]","[8, 2]",0,"[7, 0]",0,1,0,0,0,0,0,12,22
2024351543094,2024,351543094,526265,267745,-0.15003,52.29333,3,3,5,14:15,-1,E07000011,3,0,1,1,2,"[4, 19]","[7, 4]","[3, 8]",0,0,0,1,0,0,1,0,0,12,5
2024351543337,2024,351543337,519229,297673,-0.24248,52.56383,3,3,6,11:40,-1,E06000031,3,0,1,0,1,"[5, 7]",-1,-1,-1,-1,0,0,0,1,1,0,0,12,20
2024351543791,2024,351543791,528567,283814,-0.11014,52.43719,3,3,5,21:21,-1,E07000011,4,2,2,1,2,19,8,4,10,1,0,1,0,0,0,0,0,12,5
2024351543873,2024,351543873,518971,299891,-0.24548,52.58382,3,3,6,00:47,-1,E06000031,6,2,1,0,1,19,"[1, 5]","[5, 1]",0,"[0, 7]","[0, 10]",1,0,0,0,0,0,10,4
2024351543925,2024,351543925,543539,306425,0.11971,52.63659,2,"[3, 2]",1,05:40,-1,E07000010,3,2,7,1,2,"[19, 13]","[6, 2]","[2, 6]","[0, 11]","[0, 1]","[0, 4, 9]",1,0,0,1,0,0,12,29
2024351544354,2024,351544354,519120,303292,-0.24206,52.61435,3,3,2,14:04,-1,E06000031,6,0,1,0,2,"[19, 2]","[3, 0]","[7, 0]",0,0,0,1,0,0,0,0,0,12,30
2024351544974,2024,351544974,547869,259314,0.16283,52.21221,3,3,5,10:15,-1,E07000008,3,0,7,1,1,"[5, 19]","[5, 3]",8,0,0,0,1,0,0,0,0,0,12,26
2024351545133,2024,351545133,547111,310557,0.1743,52.67276,3,3,7,04:21,-1,E07000010,6,2,1,0,1,"[19, 1]","[7, 3]","[3, 7]",0,0,0,1,0,0,0,0,0,12,7
2024351545145,2024,351545145,541473,295108,0.08437,52.53547,3,3,3,17:29,-1,E07000010,6,2,1,1,1,19,7,3,0,3,0,0,0,0,0,1,0,12,31
2024351545579,2024,351545579,545188,312493,0.14673,52.69067,3,3,7,22:50,-1,E07000010,3,2,2,1,2,19,5,1,0,1,0,1,0,0,0,0,0,11,16
2024351545599,2024,351545599,545475,257926,0.12722,52.20037,3,3,3,19:50,-1,E07000008,6,2,1,0,1,19,"[7, 3]","[3, 7]",0,0,0,0,0,0,0,0,0,10,29
2024351545722,2024,351545722,518744,306148,-0.24659,52.64009,3,3,4,15:41,-1,E06000031,6,0,1,0,2,19,5,1,0,1,1,1,0,0,0,0,0,10,30
2024351546022,2024,351546022,516899,304573,-0.2744,52.62634,3,3,4,07:04,-1,E06000031,6,0,1,1,1,"[7, 19]","[1, 3]","[3, 7]",0,0,0,1,0,0,0,0,0,11,20
2024351546035,2024,351546035,544346,260061,0.11162,52.21985,3,3,1,09:12,-1,E07000008,4,0,1,0,1,"[19, 7]","[5, 8]","[1, 4]",0,0,0,0,1,0,0,0,0,11,17
2024351547127,2024,351547127,515179,294731,-0.30322,52.53827,2,2,2,10:44,-1,E06000031,3,0,1,1,2,19,5,1,0,0,0,1,0,0,0,0,0,11,11
2024351547575,2024,351547575,540889,297362,0.07673,52.55587,3,3,6,18:38,-1,E07000010,6,2,1,0,1,"[2, 19]","[0, 1]","[0, 5]",0,0,0,1,0,1,0,0,0,10,25
2024351547792,2024,351547792,563301,246945,0.38255,52.09675,2,"[2, 3]",7,16:30,-1,E07000012,3,2,1,0,2,19,"[2, 6]","[6, 2]",0,"[7, 0]","[9, 0]",1,0,0,0,0,0,11,9
2024351548092,2024,351548092,540817,242898,0.0529,52.06656,3,3,2,10:40,-1,E07000012,3,0,1,0,2,"[19, 9]","[3, 5]","[7, 3]",0,0,0,1,0,0,0,0,0,12,23
2024351548372,2024,351548372,516622,295122,-0.28181,52.54147,3,3,7,23:39,-1,E06000031,3,2,1,1,2,4,2,6,9,0,0,1,0,0,0,0,0,1,20
2024351549619,2024,351549619,538865,304329,0.04981,52.61898,2,2,7,16:23,-1,E07000010,4,2,2,1,2,19,"[8, 6]","[4, 2]",0,0,0,1,0,0,0,0,0,11,16
2024351549682,2024,351549682,535530,259179,-0.0177,52.21416,3,3,3,19:31,-1,E07000012,6,2,9,-1,2,-1,-1,-1,-1,-1,0,1,0,0,0,0,0,12,31
2024351550265,2024,351550265,545071,256361,0.12065,52.18642,2,2,3,19:10,-1,E07000008,3,2,1,0,1,"[7, 19]","[4, 5]","[5, 2]",0,0,0,1,0,1,0,0,0,12,31
2024351553743,2024,351553743,538411,264109,0.02646,52.25774,3,3,7,14:40,-1,E07000012,3,0,1,0,2,19,"[6, 4]","[2, 8]",0,0,0,1,1,0,0,0,0,5,18
2024351556379,2024,351556379,546229,309919,0.16098,52.66726,3,3,2,07:30,-1,E07000010,3,0,1,0,1,19,4,6,0,0,0,1,0,0,0,0,1,10,7
2024351556662,2024,351556662,532953,274540,-0.04934,52.35281,2,2,7,19:56,-1,E07000011,4,2,2,1,2,"[13, 19]","[2, 6]","[6, 2]",0,"[0, 1]",0,1,0,0,0,0,0,10,12
2024351558355,2024,351558355,519846,299573,-0.23269,52.58077,3,3,7,05:46,-1,E06000031,6,2,4,0,1,19,"[1, 5]","[5, 1]",0,0,0,1,0,0,0,0,0,12,7
2024351559229,2024,351559229,516670,294762,-0.28123,52.53823,3,3,3,17:44,-1,E06000031,6,0,1,0,2,"[19, 9]","[5, 3]",1,0,0,0,1,0,0,0,0,0,9,17
2024351559719,2024,351559719,518929,301244,-0.24562,52.59599,3,3,7,17:28,-1,E06000031,6,2,2,1,1,"[7, 3]","[7, 0]","[2, 0]","[10, 0]",0,0,1,0,0,0,0,0,12,7
2024351562157,2024,351562157,546103,256701,0.13588,52.1892,3,3,6,22:15,-1,E07000008,3,2,2,1,1,"[9, 19]","[1, 5]","[7, 1]",0,0,0,1,0,0,0,0,0,12,13
2024351564084,2024,351564084,551529,259828,0.21659,52.21583,3,3,7,13:52,-1,E07000012,3,0,1,0,2,19,"[1, 5]","[5, 3]",0,0,0,1,0,0,0,0,0,12,14
2024351567910,2024,351567910,544478,252099,0.11017,52.14828,3,3,2,16:33,-1,E07000012,1,2,2,1,2,"[4, 3, 19]",5,1,0,"[4, 0]","[6, 0]",1,0,0,1,0,0,12,2
2024351567918,2024,351567918,552360,276294,0.23618,52.36352,3,3,6,20:12,-1,E07000009,3,2,1,0,2,"[4, 19]",5,1,0,0,0,1,0,0,0,0,0,9,13
2024351567930,2024,351567930,534499,244427,-0.03861,52.08187,3,3,4,15:49,-1,E07000012,3,0,1,0,2,"[5, 9]",5,"[3, 1]",0,0,0,1,0,0,0,0,0,5,15
2024351569729,2024,351569729,519014,267444,-0.2564,52.29225,3,3,3,18:28,-1,E07000011,3,2,1,1,2,"[19, 4]",5,1,0,0,0,1,0,0,0,0,0,12,24
2024351570068,2024,351570068,539422,299757,0.05611,52.57776,3,3,7,17:30,-1,E07000010,3,2,1,0,2,19,"[1, 5]","[5, 1]",0,"[7, 0]",0,1,0,0,0,0,0,11,30
2024351572935,2024,351572935,520088,298953,-0.22935,52.57515,3,3,5,14:22,-1,E06000031,6,0,2,1,1,"[15, 9]",5,"[1, 3]",0,0,0,1,1,0,0,0,0,7,11
2024351580648,2024,351580648,538392,275171,0.03073,52.35714,3,3,4,15:10,-1,E07000011,4,0,1,0,2,19,"[1, 5]","[5, 1]",0,"[0, 7]",0,1,0,0,0,0,0,6,19
2024351582939,2024,351582939,519129,261535,-0.2568,52.23912,3,3,5,18:09,-1,E07000011,6,0,1,0,1,"[3, 19]",3,8,0,0,0,1,0,0,0,0,0,5,9
2024361393612,2024,361393612,615636,303925,1.18201,52.59033,3,3,2,02:20,-1,E07000149,6,2,4,1,2,19,4,8,12,1,4,1,0,0,0,0,0,1,1
2024361393714,2024,361393714,625257,309878,1.32784,52.63986,2,2,2,18:46,-1,E07000148,6,2,2,1,1,9,1,3,0,0,0,1,0,0,0,0,1,1,1
2024361393720,2024,361393720,622414,307130,1.28405,52.61636,2,2,2,17:37,-1,E07000148,3,2,1,0,1,10,4,2,0,1,0,1,0,0,0,0,0,1,1
2024361393894,2024,361393894,562229,319506,0.4021,52.74882,2,2,3,10:22,-1,E07000146,3,0,2,1,1,-1,-1,-1,-1,-1,0,1,0,0,0,0,1,1,2
2024361394407,2024,361394407,590447,339087,0.83107,52.91544,3,3,4,13:15,-1,E07000147,4,0,4,1,2,"[3, 4]",1,5,0,0,0,1,0,0,0,0,0,1,3
2024361394467,2024,361394467,628584,330627,1.39135,52.82466,3,3,4,17:15,-1,E07000147,6,2,1,1,1,9,6,3,0,0,0,1,0,0,0,0,1,1,3
2024361394605,2024,361394605,562210,319073,0.4016,52.74494,3,3,5,07:25,-1,E07000146,3,0,9,-1,1,"[19, -1]",-1,-1,0,0,0,1,1,0,0,0,0,1,4
2024361394693,2024,361394693,621345,307423,1.26848,52.61943,2,2,2,14:54,-1,E07000148,6,0,1,0,1,"[19, 9]","[6, 2]","[2, 8]",0,0,0,1,0,1,0,0,0,1,1
2024361394873,2024,361394873,590547,332455,0.82868,52.85586,3,3,5,16:37,-1,E07000147,4,2,1,1,2,19,"[6, 4]","[3, 1]",0,"[7, 0]",0,1,0,0,0,0,0,1,4
2024361394878,2024,361394878,623448,306977,1.29919,52.61457,3,3,5,17:50,-1,E07000148,6,2,1,1,1,19,5,1,0,0,0,1,0,0,0,0,1,1,4
2024361394897,2024,361394897,561018,319063,0.38396,52.74521,3,3,5,19:10,-1,E07000146,6,2,1,1,2,"[8, 5]",3,7,0,0,0,1,0,1,0,0,0,1,4
2024361395248,2024,361395248,639170,293836,1.5215,52.48997,2,"[3, 2]",6,16:18,-1,E07000149,6,2,1,1,2,"[9, 15]",5,"[2, 8]",0,"[0, 7]",0,1,0,1,0,0,0,1,5
2024361395252,2024,361395252,618987,306760,1.23327,52.61443,3,3,6,17:20,-1,E07000149,6,2,1,1,2,19,-1,-1,0,0,0,0,0,0,0,1,1,1,5
2024361395331,2024,361395331,619261,309160,1.2389,52.63586,3,3,3,15:12,-1,E07000148,6,0,1,1,1,"[-1, 19]",-1,-1,0,0,0,1,1,0,0,0,0,1,2
2024361395343,2024,361395343,568235,335351,0.49915,52.88929,3,3,2,17:30,-1,E07000146,3,2,1,0,2,19,5,1,12,0,0,1,0,0,0,0,0,1,1
2024361395397,2024,361395397,597397,293423,0.9069,52.50296,3,3,7,12:20,-1,E07000143,6,0,1,1,2,19,7,3,0,7,0,1,0,0,0,0,0,1,6
2024361396226,2024,361396226,590146,327638,0.81992,52.81275,3,3,3,06:17,-1,E07000147,3,2,8,2,2,19,"[6, 1]","[2, 6, 5]",0,"[0, 7, 1]",0,1,0,0,0,0,0,1,9
2024361396479,2024,361396479,602293,313538,0.99121,52.68175,2,2,3,10:58,-1,E07000143,3,0,8,1,2,19,7,3,0,0,0,1,0,1,0,0,0,1,9
2024361396585,2024,361396585,595178,306871,0.88216,52.6245,2,2,3,22:29,-1,E07000143,3,2,1,2,2,19,6,2,10,0,0,0,0,1,0,0,0,1,9
2024361396689,2024,361396689,618697,297379,1.22281,52.53035,3,3,4,10:05,-1,E07000149,6,0,1,2,2,19,8,5,0,0,0,0,0,1,0,0,0,1,10
2024361397004,2024,361397004,602769,340588,1.015,52.92441,2,2,3,16:20,-1,E07000147,4,2,8,0,2,"[13, 9]",7,"[3, 6]",0,0,0,1,1,0,0,0,0,1,9
2024361397045,2024,361397045,604121,294874,1.00671,52.51351,2,"[3, 2]",5,07:27,-1,E07000143,6,2,1,1,1,9,2,1,0,0,0,1,0,0,0,0,1,1,11
2024361397119,2024,361397119,651543,312265,1.71732,52.64973,3,3,7,10:50,-1,E07000145,6,0,1,1,2,"[2, 19]","[0, 3]","[0, 7]","[0, 4]",0,0,1,0,0,0,0,0,1,6
2024361397249,2024,361397249,621757,310313,1.2765,52.6452,3,3,4,06:57,-1,E07000148,3,2,1,0,1,"[19, 5]","[1, 3]",5,0,0,0,1,0,1,0,0,0,1,10
2024361397268,2024,361397268,609614,293232,1.0865,52.49669,3,3,4,08:53,-1,E07000149,6,0,1,2,2,19,"[5, 1]","[1, 5]",0,0,0,1,0,0,0,0,0,1,10
2024361397278,2024,361397278,564252,320726,0.43265,52.75917,3,3,3,12:55,-1,E07000146,6,0,1,0,1,19,1,5,0,0,0,1,0,0,0,0,0,1,9
2024361397346,2024,361397346,563975,322539,0.42946,52.77554,2,2,5,17:15,-1,E07000146,6,2,2,1,1,9,7,5,0,0,0,1,0,0,0,0,1,1,11
2024361397348,2024,361397348,625582,310763,1.33324,52.64766,3,3,5,17:20,-1,E07000148,6,2,2,1,1,4,2,5,0,0,0,0,0,1,0,0,0,1,11
2024361397395,2024,361397395,586683,304367,0.7554,52.605,3,3,5,21:56,-1,E07000143,6,2,1,1,2,19,4,7,0,7,0,1,0,0,0,0,0,1,11
2024361397449,2024,361397449,606456,302525,1.04582,52.58132,3,3,2,07:15,-1,E07000149,6,2,1,0,2,-1,7,3,-1,-1,0,1,1,0,0,0,0,1,1
2024361397453,2024,361397453,566221,298574,0.45065,52.55961,3,3,6,06:34,-1,E07000146,4,2,2,0,2,"[7, 9]",5,"[1, 4]",0,0,0,0,0,0,1,0,0,1,12
2024361397522,2024,361397522,561971,303230,0.39028,52.60271,3,3,6,09:04,-1,E07000146,6,0,1,1,1,19,7,3,0,0,0,1,0,0,0,0,1,1,12
2024361397560,2024,361397560,586921,283223,0.74704,52.41506,2,2,3,21:13,-1,E07000143,6,2,1,0,1,"[14, 3]","[5, 2]","[3, 4]",0,0,0,1,0,0,0,0,0,1,9
2024361397722,2024,361397722,607481,305281,1.06266,52.60567,2,2,6,10:37,-1,E07000149,4,0,1,1,2,19,7,3,11,0,0,1,0,0,1,0,0,1,12
2024361397746,2024,361397746,584613,312375,0.72935,52.67762,3,3,6,16:27,-1,E07000143,6,2,1,1,2,19,"[3, 5]","[6, 1]",0,"[0, 1]",0,1,0,0,0,0,0,1,12
2024361397824,2024,361397824,564057,320950,0.42988,52.76124,3,3,6,08:47,-1,E07000146,6,0,8,-1,1,-1,-1,-1,-1,-1,0,1,0,0,0,0,1,1,5
2024361397828,2024,361397828,617213,310188,1.20936,52.64591,3,3,2,08:24,-1,E07000149,6,0,2,1,1,"[9, 15]",2,6,0,0,0,1,0,1,0,0,0,1,8
2024361397841,2024,361397841,652565,307377,1.72866,52.60541,3,3,6,14:40,-1,E07000145,6,0,1,0,1,"[19, -1]",-1,-1,0,"[7, 0]",0,1,1,0,0,0,0,1,5
2024361397863,2024,361397863,568606,319674,0.49657,52.74838,2,2,7,08:15,-1,E07000146,4,0,1,0,2,19,3,7,0,0,0,1,1,0,0,0,0,1,13
2024361398101,2024,361398101,621730,311568,1.27694,52.65647,3,3,7,22:15,-1,E07000144,3,2,1,1,1,19,"[7, 5]","[3, 1]",0,0,0,1,0,0,0,0,0,1,13
2024361398208,2024,361398208,585433,298950,0.73394,52.55679,1,"[2, 1]",1,13:22,-1,E07000143,4,0,1,1,2,19,"[7, 3]","[3, 7]",0,0,0,1,0,0,0,0,0,1,14
2024361398545,2024,361398545,573159,300793,0.55404,52.57738,2,2,7,09:47,-1,E07000143,6,0,1,1,2,19,"[3, 7]","[7, 3]",0,0,0,1,0,0,0,0,0,1,13
2024361398549,2024,361398549,618915,312590,1.23607,52.66679,3,3,2,09:52,-1,E07000144,6,0,1,0,2,19,"[5, 8]","[8, 4]",0,0,0,1,0,0,0,0,0,1,15
2024361398574,2024,361398574,579374,335173,0.66443,52.8841,2,2,2,14:00,-1,E07000146,4,0,1,0,2,19,"[1, 8]","[5, 4]",0,"[1, 0]",0,1,0,0,0,0,0,1,15
2024361398650,2024,361398650,623777,309373,1.30566,52.63593,3,3,2,18:09,-1,E07000148,3,0,1,0,1,"[19, 7]",7,"[3, 2]",0,0,0,1,1,0,0,0,0,1,15
2024361398906,2024,361398906,562803,320240,0.41096,52.75524,2,2,3,10:40,-1,E07000146,4,0,1,0,1,19,"[1, 5]","[5, 1]",0,0,0,1,0,0,0,0,0,1,16
2024361399142,2024,361399142,586794,283585,0.74538,52.41835,3,3,3,16:47,-1,E07000143,6,2,1,0,1,"[-1, 19]",5,"[8, 1]","[-1, 0]","[-1, 0]",0,1,1,0,0,0,1,1,16
2024361399152,2024,361399152,619149,314851,1.24103,52.68699,3,3,3,08:17,-1,E07000144,3,0,1,2,2,5,7,3,0,0,0,1,0,0,0,0,0,1,16
2024361399172,2024,361399172,561895,311122,0.39303,52.67362,3,3,3,19:13,-1,E07000146,6,2,1,0,2,"[4, 19]","[7, 1]","[4, 5]",0,0,0,1,1,0,0,0,0,1,16
2024361399200,2024,361399200,596487,300815,0.89788,52.56966,3,3,3,17:40,-1,E07000143,4,2,1,0,2,19,"[3, 2]","[1, 6]",0,0,0,1,0,0,0,0,0,1,16
2024361399276,2024,361399276,617191,309574,1.20863,52.64041,2,2,3,15:55,-1,E07000148,6,2,1,0,1,5,"[4, 5]","[4, 1]",0,0,0,1,1,0,0,0,0,1,16
2024361399283,2024,361399283,620307,321230,1.2624,52.74377,3,3,2,08:20,-1,E07000144,3,0,4,1,2,19,"[3, 1]","[7, 5]",0,0,0,1,0,0,0,0,0,1,15
2024361399395,2024,361399395,588433,284264,0.76983,52.42389,3,3,4,07:50,-1,E07000143,3,0,1,0,2,"[6, 19]","[5, 6]","[1, 6]",0,0,0,1,0,0,0,0,0,1,17
2024361399556,2024,361399556,622232,302425,1.27821,52.57421,3,3,4,11:49,-1,E07000149,3,0,1,0,2,19,1,5,0,0,0,1,0,0,0,0,0,1,17
2024361399632,2024,361399632,624862,306067,1.31942,52.60582,3,3,4,16:43,-1,E07000149,3,2,1,0,2,19,2,6,0,0,0,1,0,0,0,0,0,1,17
2024361399661,2024,361399661,631134,309149,1.41403,52.63084,3,3,4,17:52,-1,E07000144,3,2,1,0,2,19,7,3,0,0,0,1,0,0,0,0,0,1,17
2024361399696,2024,361399696,653100,306397,1.7358,52.59637,3,3,4,19:30,-1,E07000145,6,2,1,0,1,5,7,3,0,7,10,1,0,0,0,0,0,1,17
2024361399808,2024,361399808,628250,312143,1.37356,52.65893,3,3,5,09:30,-1,E07000144,3,0,1,0,2,4,4,8,0,0,0,1,0,0,0,0,0,1,18
2024361399920,2024,361399920,572421,288418,0.53675,52.46647,2,2,5,07:32,-1,E07000146,4,0,1,2,2,19,1,4,0,7,9,0,0,1,0,0,0,1,18
2024361400318,2024,361400318,573449,319442,0.56812,52.74477,3,3,3,09:45,-1,E07000146,6,0,9,-1,2,-1,-1,-1,-1,-1,0,0,0,0,0,1,1,1,16
2024361400422,2024,361400422,561775,301448,0.38652,52.58677,2,"[2, 3]",6,15:07,-1,E07000146,6,0,1,1,2,"[10, 19, 4]","[1, 5, 7]","[8, 1, 7, 5]",0,"[0, 1]",0,1,0,0,0,0,0,1,19
2024361400428,2024,361400428,563037,320480,0.41454,52.75733,3,3,6,14:58,-1,E07000146,3,0,1,1,1,"[3, 19, 4]","[7, 3]","[3, 7]",0,0,0,1,0,0,0,0,1,1,19
2024361400469,2024,361400469,598455,289166,0.91993,52.46436,3,3,6,17:40,-1,E07000143,3,2,1,1,2,5,7,3,0,0,0,1,0,0,0,0,0,1,19
2024361400481,2024,361400481,615597,310793,1.18591,52.65199,3,3,6,18:50,-1,E07000149,6,2,1,1,2,"[8, 3]",7,1,0,0,0,1,0,1,0,0,0,1,19
2024361400513,2024,361400513,609777,312207,1.10091,52.66696,3,3,6,18:00,-1,E07000144,4,2,8,2,2,"[9, 19]","[1, 7]","[7, 3]",0,0,0,1,0,0,0,0,0,1,19
2024361400525,2024,361400525,603191,343585,1.02315,52.95115,3,3,5,15:00,-1,E07000147,6,0,1,1,2,19,7,3,0,1,0,1,0,0,0,0,1,1,18
2024361400597,2024,361400597,625037,306234,1.32212,52.60724,3,3,7,23:00,-1,E07000149,3,2,4,1,2,"[13, 3]",-1,-1,0,0,0,1,0,0,0,0,0,1,13
2024361400612,2024,361400612,561927,320552,0.39815,52.75831,3,3,2,08:19,-1,E07000146,6,0,9,1,1,-1,-1,-1,0,0,0,1,0,0,0,0,0,1,15
2024361400617,2024,361400617,565342,320168,0.44851,52.75383,3,3,2,14:40,-1,E07000146,3,0,1,0,2,"[19, 11]",-1,-1,0,0,0,1,0,0,0,0,0,1,15
2024361400663,2024,361400663,619345,301695,1.23519,52.56883,2,"[2, 3]",7,13:58,-1,E07000149,4,0,1,1,2,19,"[6, 2]","[2, 6]",0,0,0,1,0,0,0,0,0,1,20
2024361400669,2024,361400669,623577,312568,1.30488,52.66469,3,3,7,12:50,-1,E07000144,6,0,1,0,1,19,1,3,0,0,0,0,0,0,0,0,0,1,20
2024361400870,2024,361400870,620630,308116,1.2584,52.62594,3,3,5,16:28,-1,E07000148,6,0,1,-1,1,-1,-1,-1,-1,-1,0,1,1,0,0,0,0,1,18