collision_index,collision_year,collision_ref_no,location_easting_osgr,location_northing_osgr,longitude,latitude,casualty_severity,casualty_severity,day_of_week,time,local_authority_district,local_authority_ons_district,first_road_class,light_conditions,weather_conditions,road_surface_conditions,urban_or_rural_area,vehicle_manoeuvre,vehicle_direction_from,vehicle_direction_to,hit_object_in_carriageway,vehicle_leaving_carriageway,hit_object_off_carriageway,is_car,is_cyle,is_mcyle,is_goodsv,is_other,is_pedestrian,month,day
2024361401363,2024,361401363,610829,301089,1.10935,52.56675,3,3,2,10:20,-1,E07000149,6,0,1,0,1,5,5,1,0,0,0,1,0,0,0,0,1,1,22
2024361401642,2024,361401642,634552,324001,1.47501,52.76265,3,3,3,11:10,-1,E07000147,3,0,1,1,2,"[7, 8]","[4, 3]",3,0,0,0,1,0,0,0,0,0,1,23
2024361401700,2024,361401700,625141,314419,1.32923,52.68066,3,3,3,13:28,-1,E07000144,3,0,5,1,2,"[12, 15]","[3, 5]",3,0,0,0,1,0,0,0,0,0,1,23
2024361401870,2024,361401870,602588,332366,1.0072,52.85067,3,3,3,22:14,-1,E07000147,4,2,5,1,2,19,6,1,11,0,0,1,0,0,0,0,0,1,23
2024361401993,2024,361401993,629405,305039,1.38568,52.59469,2,2,3,23:10,-1,E07000149,6,2,1,2,2,19,2,4,0,7,4,1,0,0,0,0,0,1,16
2024361402050,2024,361402050,622738,311008,1.29144,52.65104,2,2,5,17:50,-1,E07000148,6,2,1,0,1,"[2, 15]","[0, 3]","[0, 7]","[0, 4]",0,0,1,1,0,0,0,0,1,4
2024361402108,2024,361402108,630181,308679,1.39964,52.62703,1,1,7,21:56,-1,E07000144,3,2,1,0,2,19,6,2,0,0,0,1,0,0,0,0,1,1,20
2024361402130,2024,361402130,612328,303949,1.13327,52.59184,1,1,2,11:35,-1,E07000149,6,0,1,0,2,19,2,6,0,1,4,1,0,0,0,0,0,1,22
2024361402326,2024,361402326,652616,304292,1.72706,52.57771,2,2,4,19:35,-1,E07000145,6,2,1,0,1,"[9, 19]","[1, 6]","[7, 1]",0,0,0,1,0,1,0,0,0,1,24
2024361402420,2024,361402420,620667,279991,1.24032,52.37349,2,"[2, 3]",2,10:49,-1,E07000149,3,0,1,0,2,19,"[2, 5]","[5, 2]",0,0,0,1,0,0,1,0,0,1,22
2024361402498,2024,361402498,622356,308903,1.28439,52.6323,3,3,1,16:40,-1,E07000148,3,0,1,0,1,19,5,1,0,0,0,1,0,0,0,0,1,1,7
2024361402756,2024,361402756,636211,313073,1.49171,52.66387,2,2,6,05:40,-1,E07000144,6,2,5,1,2,19,7,3,11,7,11,1,0,0,0,0,0,1,26
2024361402797,2024,361402797,639482,310080,1.53781,52.63558,2,2,5,07:30,-1,E07000144,6,0,1,1,2,"[9, 19]","[5, 3]","[3, 7]",0,0,0,1,0,1,0,0,0,1,25
2024361402802,2024,361402802,572696,320315,0.55744,52.75285,3,3,6,09:00,-1,E07000146,4,0,4,1,2,19,"[5, 7]","[1, 3]",0,0,0,1,0,0,0,0,0,1,26
2024361402853,2024,361402853,565363,320236,0.44885,52.75443,3,3,6,07:30,-1,E07000146,3,0,1,1,2,"[19, 2]","[1, 3]",5,"[4, 0]",0,0,1,0,0,0,0,0,1,26
2024361403101,2024,361403101,603907,295389,1.00388,52.51822,3,3,6,20:35,-1,E07000143,6,2,1,0,1,"[19, 9]","[1, 4]","[5, 1]",0,0,0,1,0,0,0,0,0,1,26
2024361403122,2024,361403122,631935,309284,1.42594,52.63171,3,3,6,14:50,-1,E07000144,3,0,1,0,2,"[19, 12]",7,"[3, 5]",0,0,0,1,0,0,0,0,0,1,26
2024361403184,2024,361403184,590794,341611,0.83771,52.93797,3,3,6,14:15,-1,E07000147,4,0,1,0,2,"[19, 6]","[5, 4]",1,0,0,0,1,0,0,0,0,0,1,26
2024361403386,2024,361403386,625630,304290,1.32953,52.58955,3,3,7,23:55,-1,E07000149,4,2,1,1,2,19,5,1,0,7,0,1,0,0,0,0,0,1,27
2024361403472,2024,361403472,581741,298538,0.67931,52.55433,2,2,1,12:20,-1,E07000143,3,0,1,0,2,10,6,3,0,0,0,0,0,1,0,0,0,1,28
2024361403574,2024,361403574,587400,286078,0.75567,52.44053,3,3,7,17:30,-1,E07000143,6,2,1,1,2,19,1,5,0,1,0,1,0,0,0,0,0,1,27
2024361403585,2024,361403585,599872,312495,0.95482,52.67329,3,3,7,17:20,-1,E07000143,3,2,1,0,1,19,3,7,0,1,1,1,0,0,0,0,0,1,27
2024361403677,2024,361403677,584339,288152,0.71184,52.4602,2,"[3, 2]",3,15:27,-1,E07000143,3,0,2,1,2,19,"[1, 5]","[5, 1]",0,1,0,1,0,0,1,0,0,1,2
2024361403702,2024,361403702,651589,308802,1.71536,52.61865,3,3,4,23:04,-1,E07000145,3,2,1,0,2,"[4, 19]",7,3,0,0,0,1,0,0,0,0,0,1,17
2024361403766,2024,361403766,622734,310463,1.29101,52.64615,2,2,5,16:20,-1,E07000148,6,2,8,1,1,19,5,1,0,0,0,0,1,0,0,0,1,1,25
2024361403837,2024,361403837,616078,309736,1.19232,52.64231,1,1,2,11:17,-1,E07000149,3,0,1,0,2,19,1,5,0,0,0,1,0,0,0,0,1,1,29
2024361403984,2024,361403984,622480,307301,1.28514,52.61787,3,3,5,09:04,-1,E07000148,3,0,2,1,1,"[19, 5]","[2, 8]","[6, 2]",0,0,0,1,0,1,0,0,0,1,25
2024361404029,2024,361404029,563361,318211,0.41821,52.73685,3,3,2,15:50,-1,E07000146,3,2,1,0,2,11,"[1, 7]","[5, 4]",0,"[0, 1]","[0, 2]",1,0,0,0,0,0,1,29
2024361404094,2024,361404094,652859,307135,1.73281,52.6031,3,3,3,00:01,-1,E07000145,6,2,1,1,1,"[5, 19]","[1, 7]","[5, 3]","[0, 11]",0,0,1,0,0,0,0,0,1,30
2024361404123,2024,361404123,561980,304341,0.39096,52.61269,3,3,2,10:14,-1,E07000146,6,0,1,1,1,4,6,2,0,0,0,1,0,0,0,0,0,1,29
2024361404243,2024,361404243,651255,302543,1.70569,52.56265,2,"[2, 3]",7,20:40,-1,E07000145,4,2,2,1,2,19,5,1,0,0,0,1,0,0,0,0,0,1,6
2024361404367,2024,361404367,623511,311288,1.30304,52.65323,3,3,3,12:40,-1,E07000144,3,2,2,1,1,19,"[3, 1]","[8, 5]",0,0,0,1,1,0,0,0,0,1,30
2024361404413,2024,361404413,589436,322092,0.80619,52.7632,2,2,4,08:26,-1,E07000143,6,0,8,2,2,19,6,2,0,7,10,1,0,0,0,0,0,1,10
2024361404415,2024,361404415,609423,314964,1.09743,52.69185,2,"[2, 3]",3,13:51,-1,E07000144,4,0,1,1,2,"[13, 19]","[4, 8]","[8, 4]",0,"[0, 1]",0,1,0,0,1,0,0,1,30
2024361404443,2024,361404443,619364,326800,1.25218,52.79415,3,3,4,13:25,-1,E07000144,6,0,7,1,2,19,5,1,0,0,0,1,0,0,0,0,1,1,10
2024361404528,2024,361404528,584727,329572,0.74071,52.832,3,3,3,17:15,-1,E07000147,3,0,1,0,2,"[19, 10]",6,3,0,0,0,1,0,0,0,0,0,1,30
2024361404580,2024,361404580,599171,297297,0.93532,52.5371,2,2,3,22:48,-1,E07000143,4,2,1,0,2,19,6,3,0,8,4,1,0,0,0,0,0,1,30
2024361404622,2024,361404622,623329,294345,1.28894,52.50124,2,2,4,07:00,-1,E07000149,4,0,1,1,2,19,"[1, 3]","[5, 7]",0,"[3, 0]",0,1,0,0,0,0,0,1,31
2024361404846,2024,361404846,621448,307053,1.26975,52.61607,3,3,1,12:05,-1,E07000148,6,0,1,0,1,-1,-1,-1,-1,-1,0,1,1,0,0,0,0,1,28
2024361404913,2024,361404913,621907,314299,1.28139,52.68091,2,2,4,14:56,-1,E07000144,3,0,1,0,1,"[19, 2]","[7, 0]","[3, 0]",0,1,0,1,0,0,0,0,0,1,31
2024361404960,2024,361404960,619653,292493,1.23365,52.48611,3,3,4,18:00,-1,E07000149,3,2,1,1,2,19,"[1, 5]","[5, 1]",0,0,0,1,0,0,0,0,0,1,31
2024361404999,2024,361404999,622156,308973,1.28148,52.63301,3,3,4,19:10,-1,E07000148,3,2,1,0,1,1,4,8,0,0,0,1,0,0,0,0,1,1,31
2024361405014,2024,361405014,562836,318562,0.41062,52.74016,3,3,2,16:26,-1,E07000146,3,2,2,1,1,"[19, 5]","[7, 1]",3,0,0,0,1,0,0,0,0,0,1,1
2024361405021,2024,361405021,602820,313862,0.99919,52.68446,3,3,4,20:00,-1,E07000143,6,2,2,1,2,"[19, 7]","[7, 1]",3,0,"[7, 0]",0,1,0,0,0,0,0,1,31
2024361405244,2024,361405244,623549,318943,1.30879,52.72192,3,3,5,08:45,-1,E07000144,6,0,1,1,2,"[13, 5]",5,1,0,0,0,1,0,0,0,1,0,2,1
2024361405256,2024,361405256,620648,308885,1.25918,52.63284,3,3,7,02:30,-1,E07000148,3,2,1,0,1,"[19, 4]","[3, 2]","[5, 3]",0,0,0,1,0,0,0,0,0,1,6
2024361405319,2024,361405319,617498,310090,1.2135,52.64492,3,3,5,17:50,-1,E07000148,3,2,1,1,1,5,3,7,0,0,0,0,0,1,0,0,0,2,1
2024361405352,2024,361405352,624238,308355,1.31177,52.62661,3,3,5,20:30,-1,E07000148,6,2,1,0,1,8,8,4,0,0,0,1,0,0,0,0,1,2,1
2024361405668,2024,361405668,620575,308043,1.25754,52.62531,3,3,6,17:05,-1,E07000148,6,2,1,0,1,19,1,2,0,0,0,0,1,0,0,0,0,2,2
2024361405758,2024,361405758,619811,308576,1.24663,52.6304,2,2,6,22:20,-1,E07000148,6,2,1,0,1,"[9, 19]",8,"[7, 4]",0,0,0,1,1,0,0,0,0,2,2
2024361405760,2024,361405760,613282,307588,1.14967,52.62414,3,3,6,22:55,-1,E07000149,6,2,8,1,2,19,"[7, 8]","[3, 5]",0,0,0,1,0,0,0,0,0,2,2
2024361405780,2024,361405780,652444,309344,1.72838,52.62311,2,2,6,19:18,-1,E07000145,6,2,1,1,1,7,3,5,0,0,0,1,0,0,0,0,1,2,2
2024361405861,2024,361405861,608800,312601,1.08673,52.67088,2,"[2, 3]",7,09:54,-1,E07000143,6,0,1,0,2,"[19, 5]","[7, 1]","[3, 5]",0,0,0,1,0,0,0,0,0,2,3
2024361405969,2024,361405969,621743,342300,1.29795,52.93228,3,3,5,14:10,-1,E07000147,3,0,1,0,2,19,5,1,0,0,0,1,0,0,0,0,1,2,1
2024361406037,2024,361406037,652614,307380,1.72939,52.60541,3,3,1,00:25,-1,E07000145,4,2,1,1,1,19,1,7,0,0,0,1,0,0,0,0,1,2,4
2024361406249,2024,361406249,570481,300593,0.51446,52.57643,3,3,2,02:40,-1,E07000146,3,2,1,0,2,19,7,3,0,1,1,0,0,0,1,0,0,2,5
2024361406434,2024,361406434,619275,326933,1.25096,52.79538,3,3,7,12:20,-1,E07000144,6,0,1,0,2,19,5,1,0,0,0,1,0,0,0,0,1,1,13
2024361406499,2024,361406499,581999,289608,0.67823,52.47406,2,2,1,11:55,-1,E07000143,6,0,1,0,2,19,3,7,0,7,4,0,0,1,0,0,0,2,4
2024361406502,2024,361406502,564322,320393,0.43352,52.75616,3,3,3,15:38,-1,E07000146,3,0,1,0,1,19,3,7,0,0,0,1,0,0,0,0,1,1,16
2024361406796,2024,361406796,621731,311278,1.27676,52.65387,3,3,3,20:33,-1,E07000148,6,2,1,0,1,19,"[4, 2]","[8, 6]",0,0,0,0,1,0,0,1,0,1,16
2024361406879,2024,361406879,643111,316563,1.5961,52.69214,2,2,6,06:23,-1,E07000145,4,2,8,2,2,19,5,1,0,0,0,1,0,0,0,0,0,1,19
2024361406963,2024,361406963,633680,310102,1.45225,52.63831,3,3,3,17:32,-1,E07000144,3,2,2,1,2,19,7,3,0,"[0, 7]",0,1,0,0,0,0,0,2,6
2024361407052,2024,361407052,620626,311159,1.26037,52.65325,2,2,5,09:49,-1,E07000144,3,0,1,0,1,"[19, 9]","[8, 5]","[4, 3]",0,0,0,1,0,0,0,0,0,1,18
2024361407215,2024,361407215,621947,308032,1.27777,52.62465,3,3,4,09:36,-1,E07000148,6,0,1,0,1,"[19, 10]","[2, 7, 6]","[5, 2]",0,0,0,1,0,1,0,0,0,2,7
2024361407361,2024,361407361,591655,329228,0.84322,52.82649,3,3,4,18:08,-1,E07000147,6,2,1,0,2,19,"[7, 2]","[3, 6]",0,0,0,1,0,0,0,0,0,2,7
2024361407417,2024,361407417,614424,325845,1.17841,52.78756,2,2,4,22:05,-1,E07000144,4,2,1,0,2,"[19, 9]","[8, 2]",4,0,"[7, 0]",0,1,0,0,0,0,0,2,7
2024361407463,2024,361407463,648495,308923,1.66985,52.62115,3,3,3,17:25,-1,E07000145,3,2,1,1,2,19,3,7,0,0,0,1,0,0,0,0,0,1,16
2024361407465,2024,361407465,629051,311740,1.3851,52.65498,3,3,5,08:38,-1,E07000144,6,0,2,1,2,"[9, 19]","[4, 2]","[2, 6]",0,"[0, 7]",0,1,0,0,0,0,0,2,8
2024361407501,2024,361407501,562694,305408,0.40202,52.62206,3,3,1,19:55,-1,E07000146,3,2,8,1,2,"[19, 9]","[6, 8]","[4, 6]",0,0,0,1,0,0,0,0,0,2,4
2024361407747,2024,361407747,612587,302636,1.13624,52.57996,3,3,5,17:57,-1,E07000149,4,2,2,1,1,10,4,"[6, 8]",0,0,0,1,0,1,0,0,0,2,8
2024361407764,2024,361407764,587671,283652,0.7583,52.41865,3,3,5,16:10,-1,E07000143,3,2,2,1,1,4,7,3,0,0,0,1,0,0,0,0,0,1,25
2024361407840,2024,361407840,595870,307367,0.89266,52.62871,3,3,5,23:40,-1,E07000143,3,2,2,1,2,19,4,1,10,2,0,1,0,0,0,0,0,2,8
2024361407912,2024,361407912,607392,319281,1.07015,52.73138,3,3,6,08:53,-1,E07000143,3,0,2,1,2,"[9, 2, 19]","[4, 0, 7, 1]","[8, 0, 4, 7]",0,0,0,1,0,0,0,0,0,2,9
2024361408065,2024,361408065,592262,299561,0.83489,52.55991,3,3,5,18:30,-1,E07000143,3,2,1,0,2,19,-1,-1,0,0,0,1,1,0,0,0,0,2,8
2024361408108,2024,361408108,611717,279687,1.10886,52.37429,1,1,6,14:09,-1,E07000149,6,0,1,1,1,19,5,1,0,0,0,0,1,0,0,0,0,2,9
2024361408158,2024,361408158,588917,340188,0.80899,52.92586,3,3,6,15:55,-1,E07000147,6,0,2,1,2,19,7,3,0,2,11,1,0,0,0,0,0,2,9
2024361408169,2024,361408169,562790,326392,0.41382,52.8105,3,3,6,15:38,-1,E07000146,6,0,2,1,2,19,8,4,0,1,0,0,0,0,1,0,0,2,9
2024361408173,2024,361408173,582028,291118,0.67948,52.48761,3,3,6,18:01,-1,E07000143,3,2,1,1,2,19,"[2, 4]","[6, 8]",0,1,0,1,0,0,0,0,0,2,9
2024361408208,2024,361408208,559073,311386,0.35146,52.67683,3,3,6,21:04,-1,E07000146,6,2,1,1,2,19,7,3,0,1,0,1,0,0,0,0,0,2,9
2024361408243,2024,361408243,624687,283044,1.30131,52.39926,2,2,6,21:50,-1,E07000149,6,2,1,1,2,"[2, 19]","[8, 3, 7]","[3, 2]",4,0,0,1,0,0,0,0,0,2,9
2024361408323,2024,361408323,607487,307560,1.06417,52.62613,3,3,7,09:55,-1,E07000149,6,0,1,1,2,19,3,5,0,1,4,1,0,0,0,0,0,2,10
2024361408478,2024,361408478,623767,308500,1.30493,52.6281,2,2,7,21:07,-1,E07000148,6,2,2,1,1,2,0,0,0,0,0,0,0,0,1,0,1,2,10
2024361408528,2024,361408528,592261,299563,0.83488,52.55993,2,"[3, 2]",1,04:00,-1,E07000143,3,2,2,1,2,19,"[1, 6]","[4, 2]",0,0,0,1,0,0,0,0,0,2,11
2024361408696,2024,361408696,652803,309189,1.73355,52.62155,2,2,1,20:57,-1,E07000145,6,2,1,0,1,19,"[3, 7]","[5, 6]",0,0,0,1,0,0,0,0,0,2,11
2024361408704,2024,361408704,644377,316271,1.61458,52.68895,3,3,1,19:29,-1,E07000145,3,2,1,1,2,19,4,8,0,1,0,1,0,0,0,0,0,2,11
2024361408855,2024,361408855,623150,308651,1.29593,52.62971,3,3,6,18:19,-1,E07000148,6,2,1,0,1,19,5,3,0,0,0,1,0,0,0,0,1,1,26
2024361408901,2024,361408901,550370,311684,0.22297,52.68199,3,3,7,19:57,-1,E07000146,6,2,1,0,2,19,"[8, 4]","[4, 8]",0,"[1, 0]",0,1,0,0,0,0,0,1,27
2024361408912,2024,361408912,548998,313066,0.20332,52.69478,3,3,2,06:27,-1,E07000146,6,2,1,1,2,"[19, 20]","[7, 5]","[4, 5]","[4, 0]",0,0,1,0,0,0,0,0,2,12
2024361408968,2024,361408968,605407,313676,1.03729,52.68182,3,3,6,15:35,-1,E07000143,6,0,1,1,2,"[7, 19]","[2, 6]","[5, 1]",0,"[1, 0]",0,1,0,0,0,0,0,2,9
2024361408978,2024,361408978,601409,297524,0.96841,52.53831,2,2,1,00:18,-1,E07000143,4,2,1,0,2,19,3,7,0,7,0,1,0,0,0,0,0,1,28
2024361409002,2024,361409002,616006,306696,1.18927,52.61505,3,3,2,11:27,-1,E07000149,6,0,1,1,2,19,"[7, 5]","[3, 1]",0,0,0,1,0,0,0,0,0,1,29
2024361409028,2024,361409028,608889,302941,1.08194,52.58413,3,3,2,12:45,-1,E07000149,4,0,1,0,2,19,"[7, 4]","[3, 7]",0,"[1, 0]",0,1,0,0,0,0,0,2,12
2024361409067,2024,361409067,652377,311441,1.72899,52.64195,3,3,6,15:00,-1,E07000145,6,0,2,1,2,19,1,5,0,0,0,1,1,0,0,0,0,2,9
2024361409443,2024,361409443,615638,343095,1.20779,52.9419,3,3,3,12:47,-1,E07000147,6,0,1,0,2,2,7,3,4,0,0,0,0,0,1,0,1,2,13
2024361409493,2024,361409493,562751,303463,0.40191,52.60457,3,3,3,14:55,-1,E07000146,3,0,2,1,2,19,3,7,0,0,0,1,0,0,0,0,0,2,13
2024361409508,2024,361409508,562755,320473,0.41036,52.75735,3,3,3,15:07,-1,E07000146,3,0,2,1,1,"[14, 5]","[7, 1]","[3, 7]",0,0,0,1,0,1,0,0,0,2,13
2024361409540,2024,361409540,612704,302509,1.13789,52.57877,3,3,3,18:00,-1,E07000149,4,2,2,1,2,"[7, 5]","[5, 7]","[1, 2]",0,0,0,1,1,0,0,0,0,2,13
2024361409591,2024,361409591,632305,309373,1.43145,52.63236,3,3,3,18:05,-1,E07000144,6,2,2,1,2,"[3, 4]",7,3,0,0,0,1,0,0,1,0,0,2,13
2024361409599,2024,361409599,562837,318564,0.41063,52.74018,3,3,7,16:30,-1,E07000146,3,2,2,1,1,"[5, 9]","[4, 1]","[3, 1]",0,0,0,1,0,0,0,0,0,2,10
2024361409710,2024,361409710,585048,281894,0.7188,52.40376,3,3,3,09:31,-1,E07000143,3,0,2,1,2,"[19, 9]",6,"[2, 3]",0,0,0,1,0,0,1,0,0,1,23
2024361409865,2024,361409865,651368,307576,1.71117,52.60775,3,3,4,13:00,-1,E07000145,6,0,1,0,1,19,5,1,0,0,0,1,0,0,0,0,1,2,14
2024361409906,2024,361409906,623469,301585,1.29587,52.56617,3,3,4,07:45,-1,E07000149,6,0,9,-1,2,-1,-1,-1,-1,-1,0,1,1,0,0,0,0,2,14
2024361410077,2024,361410077,619550,300469,1.2374,52.55774,3,3,5,07:00,-1,E07000149,6,2,8,1,2,"[5, 19]","[7, 1]","[2, 3]",0,0,0,1,1,0,0,0,0,2,15
2024361410091,2024,361410091,592153,331273,0.8518,52.84467,2,2,5,07:15,-1,E07000147,6,0,1,1,2,"[19, 5]","[7, 3]","[3, 7]",0,0,0,1,0,0,1,0,0,2,15
2024361410308,2024,361410308,610329,300706,1.10175,52.56351,2,2,4,06:00,-1,E07000149,4,2,1,1,1,"[19, 9]","[6, 1]","[2, 5]",0,0,0,1,0,1,0,0,0,1,31
2024361410500,2024,361410500,562801,320454,0.41104,52.75717,3,3,6,08:32,-1,E07000146,3,0,1,1,1,4,7,"[4, 3]",0,0,0,1,0,1,0,0,0,2,16
2024361410610,2024,361410610,622604,307732,1.28726,52.62169,3,3,5,18:57,-1,E07000148,3,2,2,0,1,5,"[2, 6]","[6, 2]",0,0,0,1,0,0,0,0,0,2,15
2024361410669,2024,361410669,613109,288536,1.13491,52.45319,3,3,6,11:20,-1,E07000149,6,0,1,1,2,19,5,2,0,1,9,1,0,0,0,0,0,2,16
2024361410918,2024,361410918,612747,279664,1.12395,52.37369,3,3,6,09:36,-1,E07000149,6,0,2,1,1,1,-1,-1,0,0,0,1,0,0,0,0,1,2,9
2024361410927,2024,361410927,620047,310467,1.25137,52.64728,3,3,7,11:30,-1,E07000148,6,0,1,1,1,19,-1,-1,0,0,0,1,0,0,0,0,1,2,10
2024361410928,2024,361410928,611767,280183,1.1099,52.37872,3,3,7,13:12,-1,E07000149,6,0,8,1,1,"[1, 19]",-1,-1,0,"[0, 1]",0,1,0,1,0,0,0,2,10
2024361410950,2024,361410950,590880,337043,0.8363,52.89693,2,2,7,10:23,-1,E07000147,6,0,1,1,2,19,"[5, 1]","[1, 5]",0,0,0,1,0,1,0,0,0,2,17
2024361410970,2024,361410970,554721,308801,0.28593,52.65487,2,2,7,11:48,-1,E07000146,6,0,1,1,2,19,5,4,0,3,0,1,0,0,0,0,0,2,17
2024361411120,2024,361411120,627635,285193,1.34603,52.41733,3,3,7,18:45,-1,E07000149,3,2,4,1,2,"[19, 2]","[1, 0]","[5, 0]","[4, 0]",0,0,1,0,0,0,0,0,2,17
2024361411305,2024,361411305,622696,308403,1.28906,52.62767,3,3,1,16:23,-1,E07000148,6,0,8,1,1,"[9, 19]","[7, 4]","[5, 8]",0,0,0,1,0,1,0,0,0,2,18
2024361411367,2024,361411367,549266,312061,0.20683,52.68568,3,3,6,17:38,-1,E07000146,3,0,1,0,2,"[3, 19]","[6, 2]","[2, 6]","[0, 10]",0,0,1,0,0,0,0,0,2,16
2024361411383,2024,361411383,600138,301514,0.9521,52.5746,3,3,1,01:48,-1,E07000149,4,2,2,1,2,"[19, 4]","[7, 2]","[3, 6]",0,0,0,1,0,0,0,0,1,2,18
2024361411410,2024,361411410,622846,304576,1.2887,52.59327,3,3,5,07:40,-1,E07000149,3,0,1,1,2,19,6,2,0,0,0,1,0,0,0,0,0,2,15
2024361411431,2024,361411431,623446,309073,1.30058,52.63338,2,2,2,07:00,-1,E07000148,6,0,1,1,1,9,4,1,0,0,0,1,0,0,0,0,1,2,19
2024361411660,2024,361411660,621972,304971,1.27608,52.59717,3,3,4,18:50,-1,E07000149,3,2,1,0,2,19,2,6,0,0,0,1,0,0,0,0,1,1,17
2024361411729,2024,361411729,575287,291745,0.58064,52.49544,3,3,2,17:36,-1,E07000146,4,0,1,0,2,19,8,5,0,1,0,1,0,0,0,0,0,2,19
2024361411914,2024,361411914,564971,320283,0.44307,52.75497,2,2,2,06:49,-1,E07000146,3,0,1,1,1,"[19, 9]","[7, 3]","[3, 1]",0,0,0,1,0,1,0,0,0,2,19
2024361411968,2024,361411968,625757,305907,1.33251,52.60401,3,3,5,07:50,-1,E07000149,3,0,1,1,2,4,7,1,0,0,0,1,0,0,0,0,0,2,1
2024361412013,2024,361412013,562624,320508,0.40844,52.75771,3,3,4,14:00,-1,E07000146,6,0,1,1,1,19,"[1, 3]","[5, 7]",0,0,0,1,1,0,0,0,0,2,7
2024361412018,2024,361412018,651396,304599,1.70933,52.58103,3,3,5,11:30,-1,E07000145,3,0,8,-1,1,"[19, -1]",-1,-1,"[0, -1]","[0, -1]",0,1,0,0,0,0,1,2,1
2024361412037,2024,361412037,567041,340553,0.48409,52.93638,3,3,2,10:10,-1,E07000146,6,0,4,1,2,2,0,0,0,0,0,0,0,0,1,0,1,2,19
2024361412065,2024,361412065,622932,312313,1.29518,52.66267,2,2,5,17:20,-1,E07000144,6,2,2,1,1,19,"[1, 5]","[5, 1]",0,0,0,1,0,1,0,0,0,2,8
2024361412431,2024,361412431,631777,308582,1.42311,52.62548,3,3,6,18:30,-1,E07000144,6,2,1,1,2,"[19, -1]",-1,-1,0,0,0,1,0,1,0,0,0,2,9
2024361412439,2024,361412439,603739,328350,1.02176,52.81418,2,2,4,07:57,-1,E07000147,6,0,5,1,2,19,"[0, 5]","[0, 1]",0,0,0,1,0,0,0,0,0,2,21
2024361412466,2024,361412466,567238,302838,0.46778,52.5976,3,3,2,10:18,-1,E07000146,3,0,1,0,2,4,1,5,0,0,0,1,0,0,1,0,0,2,12
2024361412542,2024,361412542,572471,287364,0.53694,52.45699,2,2,4,15:52,-1,E07000146,4,0,2,1,2,"[8, 19]",1,"[6, 5]",0,0,0,1,0,0,1,0,0,2,21
2024361412735,2024,361412735,619991,308974,1.24955,52.6339,3,3,4,14:00,-1,E07000148,6,0,2,1,1,-1,3,7,-1,-1,0,1,0,0,0,0,1,2,21
2024361412775,2024,361412775,630640,327494,1.4196,52.79568,3,3,5,09:40,-1,E07000147,6,0,2,1,2,4,7,5,0,7,1,1,0,0,0,0,0,2,22
2024361413248,2024,361413248,618892,309757,1.23385,52.64137,3,3,6,09:45,-1,E07000149,3,0,1,1,1,5,7,3,0,0,0,1,0,0,0,0,1,2,23
2024361413346,2024,361413346,587018,309979,0.76352,52.65528,3,3,6,11:30,-1,E07000143,3,0,1,1,2,19,3,7,0,"[0, 7, 1]",0,1,0,0,0,0,0,2,23
2024361413370,2024,361413370,586187,306693,0.7494,52.62606,3,3,6,11:14,-1,E07000143,6,0,1,1,2,"[5, 1]","[1, 3]","[6, 8]",0,0,0,1,0,0,0,0,0,2,23
2024361413416,2024,361413416,587992,283828,0.76311,52.42012,3,3,6,17:33,-1,E07000143,3,2,2,1,1,"[4, 19]",1,1,"[4, 0]",0,0,1,0,1,0,0,0,2,23
2024361413691,2024,361413691,612944,327567,1.15762,52.8036,2,"[2, 3]",7,16:30,-1,E07000144,4,0,1,0,2,19,"[5, 8]","[8, 4]",0,"[7, 2]",0,1,0,0,0,0,0,2,24
2024361413703,2024,361413703,623894,308578,1.30685,52.62875,3,3,7,16:45,-1,E07000148,3,2,1,0,1,"[3, 4]",1,5,0,0,0,0,0,1,0,1,0,2,24
2024361413840,2024,361413840,627064,320681,1.36194,52.73605,3,3,1,09:55,-1,E07000144,6,0,1,0,2,"[9, 19]","[7, 5]","[5, 1]",0,0,0,1,0,0,0,0,0,2,25
2024361413971,2024,361413971,627239,313854,1.35982,52.67471,3,3,1,16:30,-1,E07000144,3,0,1,0,2,19,7,3,0,0,0,1,0,0,0,0,1,2,25
2024361414043,2024,361414043,591179,329173,0.83613,52.82617,3,3,5,19:00,-1,E07000147,3,2,1,1,2,"[19, 5]","[1, 3]","[5, 1]",0,"[0, 1]","[0, 11]",1,0,0,0,0,0,2,22
2024361414060,2024,361414060,602605,292903,0.9832,52.49638,3,3,6,08:13,-1,E07000143,6,0,1,0,2,"[10, 19]",2,6,0,0,0,1,0,0,0,0,0,2,2
2024361414222,2024,361414222,621752,311579,1.27727,52.65656,3,3,7,21:25,-1,E07000144,3,2,1,0,1,"[19, 9]","[6, 8]",2,0,0,0,1,0,0,0,0,0,2,24
2024361414223,2024,361414223,617869,310344,1.21915,52.64705,3,3,6,10:00,-1,E07000149,6,0,1,0,1,"[2, 1]","[0, 5]","[0, 1]",0,0,0,1,0,0,0,0,1,2,23
2024361414262,2024,361414262,604635,281386,1.00601,52.39223,3,3,6,11:00,-1,E07000143,3,0,2,1,2,"[19, 9]","[3, 1]","[7, 3]",0,"[0, 3]",0,1,0,0,0,0,0,2,9
2024361414310,2024,361414310,562602,303347,0.39965,52.60358,3,3,1,21:30,-1,E07000146,3,2,1,0,2,19,1,5,0,1,9,1,0,0,0,0,0,2,25