collision_index,collision_year,collision_ref_no,location_easting_osgr,location_northing_osgr,longitude,latitude,casualty_severity,casualty_severity,day_of_week,time,local_authority_district,local_authority_ons_district,first_road_class,light_conditions,weather_conditions,road_surface_conditions,urban_or_rural_area,vehicle_manoeuvre,vehicle_direction_from,vehicle_direction_to,hit_object_in_carriageway,vehicle_leaving_carriageway,hit_object_off_carriageway,is_car,is_cyle,is_mcyle,is_goodsv,is_other,is_pedestrian,month,day
2024361414496,2024,361414496,652856,307894,1.73334,52.60991,2,"[2, 3]",7,21:28,-1,E07000145,6,2,2,1,1,"[19, 9]","[1, 6]","[5, 3]",0,0,0,1,0,0,0,0,0,2,17
2024361414540,2024,361414540,621888,309041,1.27758,52.63373,2,2,2,09:30,-1,E07000148,3,0,1,0,1,"[1, 19]",7,"[3, 1]",0,0,0,1,0,1,0,0,0,2,26
2024361414657,2024,361414657,561080,318940,0.38481,52.74408,3,3,3,17:08,-1,E07000146,6,2,2,1,2,4,7,3,0,0,0,1,0,0,0,0,0,2,13
2024361414671,2024,361414671,604225,294441,1.00798,52.50959,3,3,3,13:09,-1,E07000143,6,0,1,0,1,"[19, 9]","[1, 6]","[5, 3]",0,0,0,1,0,0,0,0,0,2,27
2024361414908,2024,361414908,590548,332457,0.82869,52.85587,2,2,4,07:43,-1,E07000147,4,0,1,1,2,19,"[6, 4]","[2, 8]",0,"[0, 1]",0,1,0,0,0,1,0,2,28
2024361415036,2024,361415036,581577,309186,0.68274,52.65001,3,3,4,13:25,-1,E07000143,6,0,1,0,2,"[5, 19]","[5, 3]","[3, 7]",0,"[1, 7]","[0, 11]",1,0,0,0,0,0,2,28
2024361415219,2024,361415219,621418,312686,1.27309,52.66664,2,2,4,18:03,-1,E07000144,6,2,1,0,1,5,1,2,0,0,0,1,0,0,0,0,1,2,28
2024361415316,2024,361415316,563074,317874,0.4138,52.73391,2,2,1,15:50,-1,E07000146,6,0,1,0,1,"[19, 14]",-1,-1,0,0,0,1,0,0,0,0,0,2,25
2024361415355,2024,361415355,632990,322509,1.45085,52.74994,2,2,5,09:19,-1,E07000147,6,0,1,1,2,"[19, 10]",2,"[6, 7]",0,0,0,0,0,1,1,0,0,2,29
2024361415368,2024,361415368,626344,319113,1.35022,52.72228,3,3,3,11:56,-1,E07000144,4,0,1,0,2,-1,-1,-1,-1,-1,0,1,0,0,0,0,0,2,27
2024361415399,2024,361415399,625351,309179,1.32875,52.63354,3,3,2,19:50,-1,E07000148,6,2,1,0,1,"[7, 10]",-1,-1,0,0,0,1,0,0,0,0,0,2,26
2024361415599,2024,361415599,623193,307798,1.29599,52.62204,2,2,5,18:41,-1,E07000148,6,2,2,1,1,"[9, 19]","[8, 4]","[5, 8]",0,0,0,1,0,1,0,0,0,2,29
2024361415653,2024,361415653,565224,322516,0.44794,52.77495,2,"[3, 2]",5,09:18,-1,E07000146,3,0,2,1,2,"[19, 7]","[3, 5]","[3, 5]",0,0,0,1,0,0,0,0,0,2,29
2024361415792,2024,361415792,554854,314014,0.29034,52.70165,2,2,6,00:45,-1,E07000146,6,2,1,1,2,-1,-1,-1,-1,-1,0,1,0,0,0,0,1,3,1
2024361415796,2024,361415796,626062,317040,1.34463,52.7038,3,3,4,15:29,-1,E07000144,4,0,1,0,2,19,5,1,0,1,10,1,0,0,0,0,0,2,28
2024361415836,2024,361415836,615936,313946,1.19298,52.68015,3,3,3,09:20,-1,E07000144,6,0,1,0,1,19,3,7,0,0,0,1,0,0,0,0,0,2,20
2024361415862,2024,361415862,652403,305782,1.72506,52.59118,3,3,4,13:30,-1,E07000145,6,0,1,0,1,-1,-1,-1,-1,-1,0,1,1,0,0,0,0,2,28
2024361415984,2024,361415984,619913,308402,1.24802,52.6288,3,3,2,19:00,-1,E07000148,4,2,9,0,1,5,7,2,0,0,0,1,0,0,0,0,1,2,12
2024361415985,2024,361415985,605330,312604,1.03549,52.67223,3,3,6,22:45,-1,E07000143,6,2,2,1,2,19,1,5,0,1,0,1,0,0,0,0,0,3,1
2024361416173,2024,361416173,615057,320582,1.18433,52.74007,2,2,7,18:25,-1,E07000144,6,2,1,1,2,19,5,1,0,0,0,1,0,0,0,0,0,2,24
2024361416331,2024,361416331,620648,308891,1.25918,52.63289,2,2,7,20:51,-1,E07000148,3,2,1,1,1,19,1,5,0,0,0,1,0,0,0,0,1,3,2
2024361416354,2024,361416354,650747,305123,1.70017,52.58603,2,2,7,22:15,-1,E07000145,6,2,1,0,1,19,"[2, 6]","[6, 2]",0,"[0, 1]",0,1,0,1,0,0,0,3,2
2024361416555,2024,361416555,611427,300270,1.11764,52.55917,3,3,1,19:15,-1,E07000149,6,2,1,0,1,"[19, 2]","[5, 0]","[1, 0]","[0, 4]","[0, 7]",0,1,0,1,0,0,0,3,3
2024361416557,2024,361416557,567378,324932,0.48108,52.79599,3,3,1,19:01,-1,E07000146,3,2,1,1,2,"[19, -1]",1,5,"[0, -1]","[0, -1]",0,1,0,1,0,0,0,3,3
2024361416656,2024,361416656,599589,312307,0.95052,52.6717,2,2,2,08:33,-1,E07000143,6,0,1,0,1,9,1,6,0,0,0,1,0,0,0,0,1,3,4
2024361416720,2024,361416720,563226,318800,0.41651,52.74218,2,2,6,13:30,-1,E07000146,6,0,1,0,1,"[4, 19]","[4, 2]",7,0,0,0,1,1,0,0,0,0,2,23
2024361416811,2024,361416811,621706,310058,1.27557,52.64293,3,3,2,12:23,-1,E07000148,3,0,1,0,1,19,"[1, 5]","[5, 1]",0,0,0,1,0,0,0,0,0,3,4
2024361416900,2024,361416900,620151,307937,1.25122,52.62453,3,3,5,18:12,-1,E07000148,6,2,1,0,1,"[2, -1]","[0, -1]","[0, -1]",-1,-1,0,1,0,0,0,0,1,2,29
2024361416977,2024,361416977,621931,309042,1.27821,52.63372,3,3,2,16:15,-1,E07000148,3,0,1,-1,1,-1,-1,-1,-1,-1,0,1,1,0,0,0,0,2,5
2024361416988,2024,361416988,615118,341050,1.19871,52.92375,2,"[2, 3]",1,21:00,-1,E07000147,3,2,1,1,2,"[9, 7]","[3, 1]","[8, 3]",0,0,0,1,0,0,0,0,0,2,11
2024361417155,2024,361417155,584073,330740,0.73167,52.84271,3,3,5,07:55,-1,E07000147,4,0,2,1,2,"[10, 19]",4,8,0,0,0,1,0,0,0,0,0,2,29
2024361417228,2024,361417228,618188,305471,1.22064,52.60319,3,3,5,13:55,-1,E07000149,6,0,2,1,2,"[19, 7]","[-1, 4]","[-1, 7]",0,0,0,1,0,0,0,0,0,2,29
2024361417257,2024,361417257,597940,317725,0.92942,52.72095,3,3,1,10:28,-1,E07000143,6,0,1,1,2,"[19, 9]","[1, 3]","[5, 7]",0,0,0,1,0,0,0,0,0,3,3
2024361417380,2024,361417380,617868,313642,1.22131,52.67665,2,2,3,15:42,-1,E07000144,3,0,2,1,1,4,4,8,0,0,0,1,0,0,0,0,1,3,5
2024361417387,2024,361417387,586800,284702,0.74609,52.42838,3,3,4,16:08,-1,E07000143,6,0,1,1,1,-1,"[3, -1]","[1, -1]",-1,-1,0,1,1,0,0,0,0,2,28
2024361417395,2024,361417395,617391,306661,1.20967,52.61419,3,3,3,14:40,-1,E07000149,6,0,1,1,2,19,"[1, 5]","[5, 4]",0,0,0,1,0,0,0,0,0,3,5
2024361417519,2024,361417519,652236,305920,1.7227,52.59249,3,3,2,08:15,-1,E07000145,6,0,1,0,1,19,7,"[3, 4]",0,0,0,1,0,0,0,0,0,3,4
2024361417620,2024,361417620,610517,311885,1.11163,52.66379,2,2,5,08:27,-1,E07000144,3,0,1,1,2,19,7,3,0,0,0,1,0,0,0,0,0,2,15
2024361417678,2024,361417678,642966,309349,1.58865,52.62748,3,3,7,22:18,-1,E07000144,3,2,1,1,2,"[19, 4]",7,3,0,0,0,1,0,0,0,0,0,2,3
2024361417698,2024,361417698,623190,309059,1.29679,52.63336,2,2,3,13:00,-1,E07000148,6,0,1,0,1,19,4,1,0,0,0,0,0,0,1,0,1,3,5
2024361417718,2024,361417718,652815,305287,1.73075,52.58655,2,2,3,06:02,-1,E07000145,3,2,1,1,1,19,1,5,0,0,0,0,0,0,1,0,1,2,6
2024361417738,2024,361417738,622224,306501,1.28082,52.6108,2,2,3,16:30,-1,E07000148,3,2,2,1,1,"[9, 13]",-1,-1,0,0,0,1,0,1,0,0,0,2,13
2024361417886,2024,361417886,582892,328370,0.71283,52.82183,3,3,4,21:03,-1,E07000146,3,2,1,0,2,"[19, 3]",1,"[6, 5]",0,0,0,1,0,0,0,0,0,3,6
2024361417892,2024,361417892,620219,304048,1.24963,52.5896,1,1,4,20:50,-1,E07000149,3,2,1,0,2,"[19, 13]",4,8,0,"[1, 0]","[4, 0]",1,0,0,0,0,0,3,6
2024361418022,2024,361418022,624967,306272,1.32111,52.60761,2,2,4,10:30,-1,E07000149,3,0,1,0,2,9,6,4,0,0,0,1,0,0,1,0,0,3,6
2024361418199,2024,361418199,652258,312070,1.72772,52.64765,3,3,5,18:40,-1,E07000145,6,2,1,0,2,"[5, 9]","[1, 5]","[5, 3]",0,0,0,1,0,0,0,0,0,3,7
2024361418202,2024,361418202,592032,300717,0.83218,52.57037,2,2,5,15:40,-1,E07000143,4,0,1,0,2,"[9, 5]","[3, 5]","[7, 2]",0,0,0,1,0,1,0,0,0,3,7
2024361418237,2024,361418237,635497,298541,1.47084,52.53378,2,2,5,19:30,-1,E07000149,3,2,1,0,2,19,5,4,9,3,1,1,0,0,0,0,0,3,7
2024361418242,2024,361418242,622828,307992,1.29073,52.62393,3,3,5,15:38,-1,E07000148,3,0,1,0,1,"[7, 14]",4,6,0,0,0,1,1,0,0,0,0,3,7
2024361418324,2024,361418324,651189,313261,1.71286,52.65883,3,3,6,14:50,-1,E07000145,6,0,4,1,2,"[19, 4]",1,5,0,0,0,1,0,0,0,0,0,3,1
2024361418504,2024,361418504,617277,310162,1.21029,52.64566,3,3,6,08:30,-1,E07000149,3,0,1,0,1,"[5, 19]","[5, 3]","[1, 7]",0,0,0,1,1,0,0,0,0,3,8
2024361418582,2024,361418582,619097,305605,1.23413,52.60402,2,2,6,18:27,-1,E07000149,3,2,1,0,1,15,7,3,0,6,0,0,0,1,0,0,0,3,8
2024361418583,2024,361418583,623655,310008,1.30429,52.64168,2,2,7,11:20,-1,E07000148,6,0,1,0,1,"[15, 19]","[7, 3]","[3, 7]",0,0,0,1,1,0,0,0,0,2,17
2024361418585,2024,361418585,606804,311179,1.05636,52.65888,3,3,6,20:00,-1,E07000149,6,2,1,0,2,19,2,7,0,1,11,1,0,0,0,0,0,3,8
2024361418588,2024,361418588,619806,309428,1.24712,52.63805,3,3,6,17:08,-1,E07000148,6,0,1,0,1,9,8,5,0,7,4,1,0,0,0,0,0,3,8
2024361418658,2024,361418658,636145,299276,1.48089,52.5401,2,2,6,14:55,-1,E07000149,6,0,1,0,2,"[20, 13, 2]",5,"[5, 1]","[0, 4]",0,0,1,0,1,0,0,0,3,8
2024361418665,2024,361418665,594476,295856,0.86534,52.52586,1,1,7,07:00,-1,E07000143,3,0,1,0,2,19,"[8, 5]","[4, 1]",0,"[7, 1]",0,1,0,0,0,1,0,3,9
2024361418749,2024,361418749,608960,286705,1.0728,52.43835,3,3,7,10:00,-1,E07000149,4,0,1,0,2,19,5,2,0,1,0,0,0,1,0,0,0,3,9
2024361418796,2024,361418796,562662,304495,0.4011,52.61387,3,3,7,14:33,-1,E07000146,6,0,1,0,2,"[10, 19]",6,"[5, 1]",0,1,0,1,0,0,0,0,0,3,9
2024361418820,2024,361418820,599142,313896,0.94488,52.68613,3,3,7,17:05,-1,E07000143,6,0,1,0,1,19,5,1,0,0,0,1,0,0,0,0,0,3,9
2024361418841,2024,361418841,618996,309716,1.23536,52.64096,2,2,7,20:29,-1,E07000149,3,2,1,0,1,19,8,4,0,0,0,0,0,0,0,1,1,3,9
2024361418895,2024,361418895,621947,284486,1.26206,52.41332,2,2,1,00:35,-1,E07000149,6,2,8,1,2,9,3,7,10,0,0,1,0,0,0,0,0,3,10
2024361419019,2024,361419019,609817,342897,1.12118,52.94243,2,2,7,17:36,-1,E07000147,3,2,1,0,2,19,7,3,0,0,0,0,0,1,0,0,0,3,9
2024361419044,2024,361419044,622672,307700,1.28824,52.62137,3,3,5,21:59,-1,E07000148,6,2,1,0,1,-1,-1,-1,-1,-1,0,1,1,0,0,0,0,2,15
2024361419077,2024,361419077,575306,291706,0.5809,52.49509,3,3,1,20:07,-1,E07000146,6,2,1,1,2,9,7,5,0,3,0,1,0,0,0,0,0,3,10
2024361419098,2024,361419098,548278,306516,0.18973,52.63614,3,3,1,22:00,-1,E07000146,3,2,2,1,2,19,5,1,0,1,0,1,0,0,0,0,0,3,10
2024361419694,2024,361419694,622549,308711,1.2871,52.6305,3,3,3,06:15,-1,E07000148,6,0,1,0,1,"[19, 9]","[3, 7]","[1, 5]",0,0,0,1,1,0,0,0,0,3,12
2024361419698,2024,361419698,623210,284415,1.28055,52.41217,3,3,7,16:05,-1,E07000149,6,0,1,1,2,19,0,0,0,"[1, 0]",0,1,0,0,0,0,0,3,2
2024361419752,2024,361419752,619121,314786,1.24057,52.68642,3,3,4,20:18,-1,E07000144,3,2,1,0,2,19,"[5, 7]","[1, 3]",0,"[7, 0]",0,1,0,0,0,0,0,2,14
2024361419754,2024,361419754,623550,282270,1.28411,52.39278,2,2,3,07:50,-1,E07000149,3,0,1,0,2,19,"[7, 6]","[4, 1]",0,"[3, 0]",0,1,1,0,0,0,0,3,12
2024361419823,2024,361419823,615909,328735,1.2023,52.8129,3,3,1,19:00,-1,E07000144,6,2,1,1,2,19,3,7,12,1,4,1,0,0,0,0,0,2,18
2024361420249,2024,361420249,630604,320158,1.41391,52.72986,3,3,4,06:45,-1,E07000147,6,0,1,1,2,19,"[1, 5]","[4, 7]",0,0,0,1,0,0,1,0,0,3,13
2024361420363,2024,361420363,623851,312637,1.30897,52.6652,3,3,4,12:31,-1,E07000144,6,0,1,0,1,19,1,5,0,0,0,1,0,0,0,0,1,3,13
2024361420492,2024,361420492,549381,312072,0.20853,52.68575,3,3,7,17:00,-1,E07000146,6,0,1,0,2,"[19, 9]","[7, 4]","[3, 7]",0,0,0,1,0,0,0,0,0,3,9
2024361420510,2024,361420510,599994,312526,0.95664,52.67352,3,3,2,09:30,-1,E07000143,3,0,1,0,1,-1,-1,-1,-1,-1,0,1,0,0,0,0,0,3,11
2024361420712,2024,361420712,588747,284288,0.77446,52.42399,3,3,5,13:21,-1,E07000143,6,0,1,0,1,"[9, 13]",7,"[5, 3]",0,7,0,1,0,0,0,0,0,3,14
2024361420866,2024,361420866,619412,292345,1.23001,52.48488,3,3,6,00:07,-1,E07000149,6,2,4,0,2,19,3,7,0,0,0,0,0,1,0,0,1,3,15
2024361420907,2024,361420907,621945,311066,1.27978,52.65188,3,3,5,15:49,-1,E07000148,3,0,1,0,1,19,5,1,0,0,0,0,0,0,1,0,1,3,14
2024361421034,2024,361421034,548378,306400,0.19115,52.63507,2,2,6,20:23,-1,E07000146,3,2,2,1,2,19,"[8, 2]","[4, 6]",0,"[0, 7]","[0, 9]",1,0,0,0,0,0,2,23
2024361421171,2024,361421171,586475,284326,0.74111,52.42511,3,3,6,17:15,-1,E07000143,3,0,1,0,1,"[19, 9]","[7, 3]","[3, 7]",0,7,0,1,0,0,0,0,0,3,15
2024361421229,2024,361421229,622178,283194,1.2646,52.40163,3,3,6,22:55,-1,E07000149,6,2,1,1,2,19,3,7,0,7,4,1,0,0,0,0,0,3,15
2024361421262,2024,361421262,611319,302794,1.11766,52.58187,3,3,6,15:35,-1,E07000149,6,0,1,0,1,"[8, 9]",8,"[1, 5]",0,0,0,1,0,0,0,0,1,3,15
2024361421285,2024,361421285,552409,299266,0.24739,52.56987,3,3,5,17:10,-1,E07000146,4,0,8,0,2,19,7,3,0,0,0,0,0,1,0,0,0,3,7
2024361421446,2024,361421446,628139,325533,1.38121,52.77914,2,"[2, 3]",7,13:28,-1,E07000147,4,0,1,0,2,"[3, 4]","[1, 5]","[3, 4, 5]",0,0,0,1,0,0,0,0,0,3,16
2024361421505,2024,361421505,601907,301168,0.97796,52.57084,2,"[2, 3]",7,20:05,-1,E07000149,6,2,1,1,2,19,5,1,0,1,0,1,0,0,0,0,0,3,16
2024361421746,2024,361421746,623519,308528,1.30129,52.62846,2,"[3, 2]",1,16:58,-1,E07000148,6,0,1,1,1,19,3,7,10,1,10,1,0,0,0,0,0,3,17
2024361422051,2024,361422051,574296,297482,0.56907,52.54728,3,3,2,11:55,-1,E07000146,6,0,1,0,2,19,7,3,7,0,0,1,0,0,0,0,0,3,18
2024361422170,2024,361422170,623138,306903,1.29457,52.61403,3,3,4,16:18,-1,E07000148,6,0,2,0,1,-1,-1,-1,-1,-1,0,1,0,0,0,0,1,3,13
2024361422171,2024,361422171,628314,331199,1.38775,52.82991,2,2,2,13:20,-1,E07000147,4,0,1,0,1,"[9, 19]","[4, 2]","[2, 6]",0,0,0,1,0,1,0,0,0,3,18
2024361422319,2024,361422319,620528,339714,1.27815,52.90957,3,3,6,22:50,-1,E07000147,4,2,2,1,2,19,4,1,0,0,0,1,0,0,0,0,0,2,9
2024361422340,2024,361422340,559072,314009,0.35271,52.70039,3,3,6,15:51,-1,E07000146,6,0,1,0,2,19,2,6,0,0,0,1,0,0,0,0,1,3,15
2024361422434,2024,361422434,621058,313221,1.26813,52.67158,3,3,5,11:47,-1,E07000144,6,0,1,0,2,"[2, 19]","[0, 3]","[0, 7]","[0, 4]",0,0,1,0,0,0,0,0,3,14
2024361422494,2024,361422494,585630,298947,0.73684,52.55669,2,2,3,13:15,-1,E07000143,4,0,1,0,2,19,7,4,0,1,0,0,0,1,0,0,0,3,19
2024361422667,2024,361422667,617369,342827,1.23333,52.9388,3,3,2,15:30,-1,E07000147,3,0,1,0,2,"[19, 10]",7,3,0,0,0,1,0,1,0,0,0,2,19
2024361422874,2024,361422874,652628,307243,1.72949,52.60418,3,3,6,16:30,-1,E07000145,6,0,1,1,1,"[2, 19]","[0, 5]","[0, 1]","[0, 8]",0,0,1,1,0,0,0,0,2,23
2024361422909,2024,361422909,598882,313474,0.94078,52.68244,2,2,4,15:42,-1,E07000143,6,0,1,0,1,19,3,6,0,0,0,1,0,0,0,0,1,3,20
2024361423026,2024,361423026,619458,307733,1.24086,52.62298,3,3,7,20:30,-1,E07000148,6,2,1,1,2,"[9, 19]","[7, 4]","[3, 8]",0,0,0,1,1,0,0,0,0,3,2
2024361423044,2024,361423044,608403,322783,1.08732,52.76243,3,3,5,07:10,-1,E07000144,4,0,1,0,2,19,6,3,0,1,0,1,0,0,0,0,0,3,21
2024361423106,2024,361423106,608223,319591,1.08263,52.73384,3,3,4,18:00,-1,E07000144,6,0,1,1,2,19,"[5, 1]","[1, 5]",0,"[0, 1]",0,1,0,0,0,0,0,3,20
2024361423184,2024,361423184,628058,304219,1.36526,52.5879,2,"[3, 2]",5,12:20,-1,E07000149,6,0,1,1,2,"[19, 9]",4,"[7, 1]",0,1,0,1,0,0,0,0,0,3,21
2024361423245,2024,361423245,652030,307399,1.72079,52.60586,2,2,4,15:18,-1,E07000145,3,0,2,1,1,19,7,3,0,0,0,1,0,0,0,0,0,2,28
2024361423271,2024,361423271,551258,303664,0.23243,52.6097,3,3,5,12:31,-1,E07000146,3,0,1,0,2,"[19, 5]","[1, 3]",5,0,"[7, 0]","[11, 0]",1,0,0,0,0,0,3,21
2024361423326,2024,361423326,622726,307906,1.28917,52.6232,2,2,5,16:25,-1,E07000148,3,0,1,0,1,19,1,5,0,0,0,0,0,0,1,0,1,3,21
2024361423351,2024,361423351,621683,308653,1.27429,52.63033,3,3,5,15:55,-1,E07000148,4,0,1,1,1,"[19, 4]",7,3,0,0,0,1,0,1,0,0,0,3,21
2024361423357,2024,361423357,620623,309394,1.25915,52.63741,3,3,5,20:43,-1,E07000148,3,2,1,0,2,7,7,1,0,0,0,1,0,0,0,0,1,3,14
2024361423365,2024,361423365,594746,306430,0.87553,52.6207,3,3,5,21:02,-1,E07000143,3,2,1,0,2,19,6,2,"[0, 11]","[1, 0]",0,1,0,0,0,0,0,3,21
2024361423411,2024,361423411,573686,294698,0.55863,52.52247,2,2,4,18:44,-1,E07000146,4,2,1,0,2,"[4, 19]","[1, 6]","[5, 3]",0,0,0,1,0,1,0,0,0,3,20
2024361423517,2024,361423517,564724,316505,0.43752,52.72112,3,3,6,17:16,-1,E07000146,3,2,1,1,2,"[10, 19]","[1, 7]","[7, 3]",0,0,0,1,0,0,0,0,0,3,1
2024361423833,2024,361423833,616682,316438,1.20563,52.70222,2,2,7,13:37,-1,E07000144,6,0,2,1,2,"[9, 19]","[7, 5]","[5, 1]",0,0,0,1,0,0,0,0,0,3,2
2024361423937,2024,361423937,624301,312433,1.31547,52.66318,3,3,4,14:05,-1,E07000144,6,0,1,0,1,19,1,5,0,0,0,1,0,0,0,0,0,3,6
2024361423959,2024,361423959,652316,307453,1.72505,52.60621,3,3,7,12:50,-1,E07000145,6,0,1,0,1,5,"[7, 5]","[3, 8]",0,0,0,1,1,0,0,0,0,3,23
2024361424004,2024,361424004,619423,315753,1.24568,52.69497,2,2,7,17:14,-1,E07000144,4,0,1,0,2,19,"[5, 1]","[1, 5]",0,"[0, 1]",0,1,0,0,0,0,0,3,23
2024361424163,2024,361424163,562804,320222,0.41097,52.75508,2,2,6,10:22,-1,E07000146,4,0,1,0,1,"[19, 9]","[1, 7]",5,0,0,0,1,0,1,0,0,0,3,15
2024361424189,2024,361424189,651541,306566,1.71296,52.59861,3,3,1,13:50,-1,E07000145,6,0,1,0,2,"[3, 5]",5,1,0,0,0,1,0,0,0,0,0,3,24
2024361424486,2024,361424486,621988,309644,1.27946,52.6391,3,3,6,10:45,-1,E07000148,3,0,1,0,1,"[19, 2]","[4, 0]","[8, 0]",0,0,0,1,1,0,0,0,0,3,15
2024361424528,2024,361424528,652364,299870,1.71999,52.53816,3,3,2,09:51,-1,E07000145,3,0,1,0,2,19,5,4,0,"[1, 7]","[0, 6]",1,0,0,0,0,0,3,25
2024361424687,2024,361424687,563325,317906,0.41753,52.73412,2,2,2,15:35,-1,E07000146,3,0,1,0,2,19,1,5,11,3,0,0,0,1,0,0,0,3,25
2024361424690,2024,361424690,622184,302321,1.27743,52.5733,3,3,2,14:50,-1,E07000149,3,0,1,0,2,19,"[1, 5]","[5, 1]",0,0,0,1,0,0,1,0,0,3,25
2024361424808,2024,361424808,619556,326440,1.25479,52.79084,2,2,5,05:55,-1,E07000144,6,2,2,1,2,19,6,2,0,0,0,1,0,1,0,0,0,2,29
2024361425080,2024,361425080,621861,306883,1.27573,52.61437,3,3,7,10:30,-1,E07000148,3,0,1,0,1,1,2,4,0,0,0,1,0,0,0,0,1,3,16
2024361425210,2024,361425210,551184,298610,0.22903,52.56432,3,3,4,06:15,-1,E07000146,4,0,1,0,2,"[4, 19]",2,6,0,0,0,1,0,0,0,0,0,3,27
2024361425665,2024,361425665,599133,312478,0.94389,52.67341,3,3,4,07:45,-1,E07000143,6,0,1,0,1,"[19, 2]","[8, 0]","[4, 0]","[4, 0]",0,0,1,0,0,0,0,0,3,27
2024361425686,2024,361425686,628262,324359,1.38221,52.76855,3,3,5,06:45,-1,E07000147,4,0,2,1,2,"[4, 10]",5,"[1, 2]",0,0,0,1,0,0,0,0,0,3,28
2024361425707,2024,361425707,624083,307969,1.30923,52.62321,3,3,5,08:30,-1,E07000148,3,0,1,0,1,"[2, 9]","[0, 2]","[0, 6]",0,"[1, 0]","[4, 0]",1,0,0,0,0,0,3,28
2024361425729,2024,361425729,572046,322460,0.54894,52.77232,3,3,4,08:10,-1,E07000146,4,0,1,0,2,"[19, 9]","[3, 5]","[7, 3]",0,0,0,1,0,0,0,0,0,3,27
2024361425819,2024,361425819,619918,308450,1.24812,52.62923,3,3,5,08:55,-1,E07000148,6,0,1,0,1,"[19, 5]","[8, 2]","[4, 6]",0,0,0,1,1,0,0,0,0,3,28
2024361426348,2024,361426348,548266,317942,0.19469,52.73878,3,3,7,09:20,-1,E07000146,6,0,1,0,2,19,"[7, 1]","[4, 5]",0,"[0, 1]","[0, 1]",1,0,0,0,0,0,3,30
2024361426424,2024,361426424,568992,334228,0.5098,52.87897,3,3,7,09:45,-1,E07000146,6,0,1,0,2,"[19, 5]","[7, 5]","[3, 1]",0,"[0, 7]","[0, 1]",1,0,0,0,0,0,3,30
2024361426537,2024,361426537,579650,321221,0.66085,52.75872,2,"[2, 3]",7,18:28,-1,E07000146,4,0,1,0,2,19,7,3,0,2,0,1,0,0,0,0,0,3,30
2024361426741,2024,361426741,625149,340375,1.3472,52.91359,3,3,1,14:30,-1,E07000147,6,0,2,1,2,19,"[7, 3]","[3, 7]",0,0,0,1,0,0,0,0,0,3,31
2024361426764,2024,361426764,585394,282716,0.72434,52.41102,2,2,6,14:05,-1,E07000143,6,0,1,0,1,5,7,3,0,1,0,0,0,1,0,0,0,3,29
2024361426795,2024,361426795,648455,301347,1.66358,52.55321,3,3,2,00:58,-1,E07000145,3,2,1,1,2,19,3,7,0,0,0,1,0,0,0,0,0,4,1
2024361426915,2024,361426915,554532,315068,0.28608,52.71121,1,1,2,10:12,-1,E07000146,3,0,1,0,2,"[19, 2]",2,6,0,0,0,1,0,0,1,0,0,4,1
2024361426980,2024,361426980,621613,316224,1.27834,52.69831,1,"[1, 3]",1,15:10,-1,E07000144,3,0,2,1,2,"[13, 19]","[5, 1]","[1, 5]",0,"[1, 0]",0,1,0,1,0,0,0,3,31
2024361427059,2024,361427059,618415,305495,1.224,52.60331,3,3,6,10:51,-1,E07000149,3,0,1,0,2,"[19, 4]",3,7,0,0,0,1,0,0,0,0,0,3,29
2024361427304,2024,361427304,630504,306233,1.4027,52.60494,2,2,7,14:30,-1,E07000149,6,0,1,0,2,"[19, 9]","[1, 3]","[6, 1]",0,0,0,1,1,0,0,0,0,3,23
2024361427432,2024,361427432,569231,330514,0.51142,52.84554,2,2,3,11:18,-1,E07000146,4,0,2,1,2,9,3,7,0,0,0,1,0,0,0,0,0,3,5
2024361427500,2024,361427500,591666,324769,0.84077,52.78645,3,3,5,06:10,-1,E07000143,6,0,7,1,2,4,4,8,0,0,0,0,0,1,0,0,0,3,7
2024361427574,2024,361427574,579359,288952,0.63906,52.46904,2,2,4,07:48,-1,E07000143,3,0,1,1,2,"[4, 19]",4,8,0,0,0,1,0,0,0,0,0,3,6
2024361427923,2024,361427923,561101,318473,0.3849,52.73988,3,3,1,13:35,-1,E07000146,3,0,1,0,2,19,5,1,0,0,0,1,0,0,0,0,0,3,31
2024361428063,2024,361428063,569834,316147,0.51292,52.71632,3,3,5,17:06,-1,E07000146,3,0,1,0,2,"[4, 19]",3,7,0,0,0,1,0,0,0,0,0,4,4
2024361428094,2024,361428094,621921,304259,1.27486,52.5908,3,3,5,18:00,-1,E07000149,3,0,2,1,2,19,1,5,0,0,0,1,0,1,0,0,0,4,4
2024361428209,2024,361428209,624037,311122,1.31069,52.65152,2,2,6,20:15,-1,E07000148,3,2,1,0,1,"[5, 19]","[2, 4]","[6, 8]",0,0,0,1,0,1,0,0,0,3,8
2024361428218,2024,361428218,615553,305673,1.18192,52.60605,3,3,4,08:45,-1,E07000149,6,0,1,0,2,"[-1, 19]","[-1, 1]","[-1, 5]","[-1, 0]","[-1, 0]",0,0,1,0,0,1,0,3,27
2024361428234,2024,361428234,620308,311971,1.25622,52.66067,3,3,3,15:10,-1,E07000144,6,0,1,1,1,19,2,5,0,0,0,1,0,0,0,0,1,3,19
2024361428512,2024,361428512,628407,330200,1.38843,52.82091,2,2,6,21:30,-1,E07000147,6,2,2,1,1,"[9, 19]","[7, 5]","[5, 2]",0,0,0,1,1,0,0,0,0,4,5