collision_index,collision_year,collision_ref_no,location_easting_osgr,location_northing_osgr,longitude,latitude,casualty_severity,casualty_severity,day_of_week,time,local_authority_district,local_authority_ons_district,first_road_class,light_conditions,weather_conditions,road_surface_conditions,urban_or_rural_area,vehicle_manoeuvre,vehicle_direction_from,vehicle_direction_to,hit_object_in_carriageway,vehicle_leaving_carriageway,hit_object_off_carriageway,is_car,is_cyle,is_mcyle,is_goodsv,is_other,is_pedestrian,month,day
2024361428610,2024,361428610,593074,298882,0.84646,52.55352,3,3,7,10:30,-1,E07000143,3,0,1,0,2,13,"[7, 8]",4,0,"[7, 0]",0,1,0,0,0,0,0,4,6
2024361428681,2024,361428681,650733,305108,1.69995,52.5859,2,"[3, 2]",7,10:43,-1,E07000145,6,0,1,0,1,"[19, 9]","[6, 4]","[2, 8]",0,0,0,1,0,1,0,0,0,4,6
2024361428721,2024,361428721,560718,318646,0.37931,52.74155,2,2,7,17:50,-1,E07000146,3,0,1,0,2,19,"[5, 2]","[1, 7]",0,0,0,1,0,1,0,0,0,4,6
2024361428731,2024,361428731,631993,325892,1.4385,52.78072,3,3,7,17:50,-1,E07000147,3,0,1,0,2,19,1,1,0,0,0,1,0,0,0,0,0,4,6
2024361428776,2024,361428776,585443,286837,0.72734,52.44801,3,3,7,23:00,-1,E07000143,3,2,1,1,2,7,7,3,0,7,4,1,0,0,0,0,0,4,6
2024361428796,2024,361428796,619094,286449,1.22147,52.43209,2,"[3, 2]",1,02:00,-1,E07000149,6,2,4,1,2,19,3,7,0,0,0,0,0,1,0,0,1,4,7
2024361428809,2024,361428809,562082,299813,0.39025,52.57199,2,2,1,01:46,-1,E07000146,3,2,1,0,2,19,5,1,0,1,0,1,0,0,0,0,0,4,7
2024361428920,2024,361428920,646547,308924,1.64113,52.62205,3,3,1,15:15,-1,E07000144,3,0,4,0,2,"[4, 13]","[7, 3]","[3, 7]",0,0,0,1,0,0,0,0,0,4,7
2024361429040,2024,361429040,609046,331714,1.10254,52.84235,2,2,3,15:48,-1,E07000147,4,0,1,0,2,19,4,8,0,7,4,1,0,0,0,0,0,4,2
2024361429235,2024,361429235,618762,342732,1.25396,52.93738,3,3,6,18:36,-1,E07000147,3,2,1,0,2,"[19, 1]",4,"[8, 2]",0,0,0,1,0,1,0,0,0,3,8
2024361429262,2024,361429262,581376,297043,0.67312,52.54103,3,3,5,08:50,-1,E07000143,3,0,1,0,2,"[4, 19]",1,5,0,0,0,1,0,0,0,0,0,3,7
2024361429376,2024,361429376,573756,314067,0.56982,52.6964,3,3,5,09:15,-1,E07000146,6,0,1,0,2,19,6,2,0,0,0,1,0,0,0,0,1,4,4
2024361429550,2024,361429550,567417,326985,0.48271,52.81441,3,3,3,10:23,-1,E07000146,3,0,1,1,2,19,5,1,0,0,0,1,0,0,0,0,0,4,9
2024361429623,2024,361429623,565668,296016,0.44122,52.53681,3,3,7,12:20,-1,E07000146,4,0,1,0,2,19,7,3,0,1,0,1,0,0,0,0,0,3,23
2024361429851,2024,361429851,587678,310125,0.77335,52.65636,2,"[2, 3]",4,07:20,-1,E07000143,3,0,1,0,2,19,"[1, 6]",2,0,0,0,1,0,0,0,0,0,4,10
2024361429947,2024,361429947,651771,303838,1.71427,52.57403,3,3,6,18:31,-1,E07000145,6,0,1,0,1,"[9, 19]","[4, 1]","[8, 5]",0,0,0,1,0,1,0,0,0,3,22
2024361430212,2024,361430212,580815,309330,0.67157,52.65155,3,3,4,17:00,-1,E07000143,6,0,1,0,2,"[19, 5]","[3, 1]",7,0,0,0,1,1,0,0,0,0,3,27
2024361430438,2024,361430438,633851,323374,1.4642,52.75733,2,2,5,06:45,-1,E07000147,3,0,1,0,2,"[19, 13]",2,5,0,0,0,1,0,1,0,0,0,4,11
2024361430462,2024,361430462,645134,297884,1.61214,52.52364,3,3,5,12:00,-1,E07000149,3,0,4,0,2,19,"[5, 1]","[1, 5]",0,0,0,1,0,0,1,0,0,4,11
2024361430549,2024,361430549,624108,308090,1.30968,52.62428,3,3,7,10:45,-1,E07000148,3,0,1,0,1,-1,-1,-1,0,0,0,1,0,1,0,0,0,3,16
2024361430672,2024,361430672,652187,308437,1.7239,52.61509,3,3,2,11:40,-1,E07000145,3,0,1,0,1,"[9, 13]",5,1,0,0,0,1,0,1,0,0,0,3,18
2024361430804,2024,361430804,623363,310918,1.3006,52.64997,3,3,6,16:55,-1,E07000148,4,0,1,0,1,19,"[-1, 1]","[-1, 5]",0,"[-1, 0]",0,1,0,0,0,0,0,4,5
2024361430821,2024,361430821,619463,324051,1.25181,52.76943,3,3,3,19:41,-1,E07000144,6,0,1,0,2,4,3,7,0,0,0,1,0,0,0,0,1,4,9
2024361430833,2024,361430833,603663,329353,1.02126,52.82321,2,2,6,10:00,-1,E07000147,6,0,1,0,2,"[19, 2]","[3, 0]","[7, 0]",0,0,0,1,0,0,0,0,0,4,12
2024361430876,2024,361430876,619591,291972,1.2324,52.48146,3,3,5,07:55,-1,E07000149,3,0,1,0,2,-1,-1,-1,-1,-1,0,1,1,0,0,0,0,3,21
2024361430965,2024,361430965,623791,310826,1.30686,52.64897,3,3,6,18:30,-1,E07000148,3,0,1,0,1,"[13, 9]",6,2,0,0,0,1,0,1,0,0,0,4,12
2024361431160,2024,361431160,562261,320334,0.40298,52.75625,2,2,7,10:50,-1,E07000146,3,0,1,0,1,"[19, 9]","[3, 5]","[3, 6]",0,0,0,1,0,1,0,0,0,4,13
2024361431361,2024,361431361,652447,307080,1.7267,52.6028,3,3,1,06:15,-1,E07000145,6,0,1,0,1,9,"[3, 5]","[5, 1]",0,0,0,1,0,1,0,0,0,4,14
2024361431592,2024,361431592,622181,310109,1.28262,52.6432,2,2,1,17:02,-1,E07000148,3,0,1,0,1,"[19, 9]","[7, 1]","[3, 8]",0,"[7, 0]",0,1,0,1,0,0,0,4,14
2024361431674,2024,361431674,619462,306135,1.23986,52.60863,3,3,6,12:00,-1,E07000149,6,0,1,0,1,"[9, 19]",4,"[2, 8]",0,0,0,1,0,1,0,0,0,3,22
2024361431882,2024,361431882,652235,305865,1.72265,52.592,2,2,2,10:33,-1,E07000145,6,0,1,1,1,4,5,1,0,0,0,0,0,1,0,0,0,4,15
2024361431886,2024,361431886,622018,303956,1.27608,52.58804,3,3,2,18:20,-1,E07000149,3,0,1,0,2,"[5, 19]","[2, 8]",5,0,0,0,1,1,0,0,0,0,4,1
2024361431906,2024,361431906,616336,308410,1.19526,52.63031,3,3,2,16:13,-1,E07000149,3,0,4,1,2,19,5,1,0,0,0,1,0,0,0,0,0,4,15
2024361432062,2024,361432062,567963,337677,0.49631,52.91027,3,3,2,17:30,-1,E07000146,6,0,1,0,2,9,2,7,0,0,0,0,0,0,1,0,1,4,15
2024361432102,2024,361432102,561443,303718,0.38273,52.60725,3,3,3,10:00,-1,E07000146,6,0,1,0,1,"[4, 19]",2,6,0,0,0,1,0,0,0,0,0,4,16
2024361432284,2024,361432284,598839,312931,0.93982,52.67758,3,3,3,14:31,-1,E07000143,6,0,1,0,1,"[19, 2]","[5, 0, 1]","[5, 0]","[4, 0]",0,0,1,0,0,0,0,0,4,16
2024361432529,2024,361432529,621725,310262,1.27599,52.64476,3,3,3,12:44,-1,E07000148,3,0,1,1,1,"[19, 3]",1,5,0,0,0,1,0,0,0,0,0,3,12
2024361432679,2024,361432679,652300,302442,1.721,52.56126,3,3,2,15:09,-1,E07000145,3,0,1,0,1,19,"[6, 4]","[2, 8]",0,0,0,0,1,1,0,0,0,3,18
2024361432702,2024,361432702,652076,301838,1.71724,52.55595,3,3,7,16:11,-1,E07000145,3,0,1,0,1,"[19, 3]",5,1,0,0,0,1,0,0,0,0,0,3,16
2024361432707,2024,361432707,581964,309466,0.68861,52.65239,3,3,4,14:08,-1,E07000143,6,0,1,0,2,"[19, 9]",5,"[1, 3]",0,0,0,1,0,1,0,0,0,4,17
2024361432761,2024,361432761,623421,308631,1.29991,52.62942,3,3,4,14:47,-1,E07000148,6,0,1,0,1,"[19, 9]",7,3,0,0,0,1,0,1,0,0,0,4,17
2024361432813,2024,361432813,579145,325373,0.65565,52.79617,3,3,4,19:51,-1,E07000146,6,0,2,1,2,19,5,1,0,2,0,1,0,0,0,0,0,4,17
2024361432956,2024,361432956,620771,332400,1.2768,52.84383,3,3,3,15:43,-1,E07000147,3,0,1,0,2,"[3, 19]",5,1,0,0,0,1,0,0,0,0,0,3,19
2024361433006,2024,361433006,572026,325530,0.55026,52.7999,2,2,4,18:08,-1,E07000146,3,0,2,1,2,19,"[7, 3]","[3, 7]",0,"[7, 1]",0,1,0,0,0,0,0,4,17
2024361433026,2024,361433026,574147,307680,0.57223,52.63892,3,3,6,09:57,-1,E07000146,3,0,1,0,2,"[10, 19]","[4, 2]",6,0,0,0,1,0,0,0,0,0,3,22
2024361433326,2024,361433326,652191,304392,1.72088,52.57881,2,"[2, 3]",5,09:59,-1,E07000145,6,0,1,0,1,"[19, 2, 5]","[3, 0, 7]","[7, 0, 3]",0,0,0,1,0,1,0,0,1,4,18
2024361433328,2024,361433328,586521,282776,0.74092,52.41118,2,"[2, 3]",6,06:10,-1,E07000143,6,0,1,0,1,"[5, 3, 4]","[7, 2, 3]","[1, 3, 4]",0,0,0,1,0,0,0,0,0,4,19
2024361433368,2024,361433368,592032,300713,0.83217,52.57033,3,3,6,08:40,-1,E07000143,6,0,1,0,2,"[7, 19]",3,7,0,"[1, 0]",0,0,1,0,1,0,0,4,19
2024361433573,2024,361433573,601211,281403,0.95577,52.39365,2,2,6,14:54,-1,E07000143,3,0,4,0,2,19,7,3,0,0,0,0,0,1,0,0,0,4,19
2024361433617,2024,361433617,651996,304922,1.71841,52.58365,3,3,6,09:55,-1,E07000145,3,0,1,0,1,"[5, 19]","[3, 7]","[1, 3]",0,0,0,1,1,0,0,0,0,4,19
2024361433663,2024,361433663,585191,282148,0.72104,52.40599,3,3,6,17:34,-1,E07000143,3,0,1,0,2,"[19, 4]",1,5,0,0,0,1,0,0,0,0,0,4,19
2024361433802,2024,361433802,571016,292584,0.51823,52.50433,2,2,7,05:30,-1,E07000146,6,0,2,1,2,19,5,2,0,1,4,1,0,0,0,0,0,4,20
2024361433967,2024,361433967,623773,309517,1.3057,52.63723,2,2,7,23:30,-1,E07000148,6,2,1,1,1,"[2, 19]","[0, 4]","[0, 7]",0,0,0,1,1,0,0,0,0,4,20
2024361434259,2024,361434259,630400,318173,1.40951,52.71214,3,3,1,10:30,-1,E07000147,3,0,1,0,2,9,6,4,0,0,0,0,0,0,1,0,1,4,21
2024361434363,2024,361434363,612628,324164,1.15073,52.77318,2,"[2, 3]",2,12:25,-1,E07000144,4,0,1,0,2,19,"[7, 3]","[3, 8]",0,0,0,1,0,0,0,0,0,4,22
2024361434388,2024,361434388,620642,309349,1.2594,52.637,3,3,2,11:25,-1,E07000148,3,0,1,0,1,"[11, 19]",1,5,0,0,0,1,0,0,1,0,0,4,22
2024361434426,2024,361434426,622858,309251,1.29203,52.63522,3,3,2,11:50,-1,E07000148,3,0,1,0,1,"[19, 9]",3,7,0,0,0,1,0,0,0,0,0,4,22
2024361434470,2024,361434470,652844,307897,1.73317,52.60995,2,2,2,13:35,-1,E07000145,5,0,1,0,1,"[9, 19]","[7, 3]","[4, 7]",0,0,0,1,0,1,0,0,0,4,22
2024361434693,2024,361434693,561647,320262,0.39386,52.75579,2,2,1,12:50,-1,E07000146,6,0,1,0,1,19,-1,-1,0,0,0,0,1,0,0,1,0,4,7
2024361434727,2024,361434727,627823,328272,1.37844,52.80385,3,3,3,16:57,-1,E07000147,4,0,2,1,2,"[4, 19]",5,1,0,0,0,1,0,0,0,0,0,4,16
2024361434837,2024,361434837,633278,323861,1.45607,52.76194,2,"[3, 2]",1,13:50,-1,E07000147,6,0,1,1,2,19,"[7, 1]","[3, 5]",0,0,0,1,0,0,0,0,0,4,21
2024361435009,2024,361435009,591717,300735,0.82754,52.57064,3,3,1,22:42,-1,E07000143,6,2,1,0,2,19,1,5,0,1,4,1,0,0,0,0,0,3,24
2024361435074,2024,361435074,653138,308097,1.73765,52.6116,2,2,3,16:25,-1,E07000145,6,0,1,0,1,"[19, 13]",5,1,0,0,0,1,1,0,0,0,0,3,19
2024361435238,2024,361435238,564201,320087,0.43158,52.75345,3,3,3,06:00,-1,E07000146,6,0,1,0,1,19,"[1, 3]","[5, 7]",0,0,0,1,1,0,0,0,0,3,26
2024361435263,2024,361435263,598416,316882,0.93595,52.71321,3,3,4,10:49,-1,E07000143,4,0,1,0,2,19,"[5, 7]","[1, 3]",0,0,0,1,0,0,0,0,0,4,17
2024361435408,2024,361435408,567734,319833,0.48374,52.75008,2,2,4,22:51,-1,E07000146,4,2,1,0,2,19,7,3,0,0,0,0,1,0,0,1,0,4,24
2024361435678,2024,361435678,607205,313023,1.06344,52.67528,3,3,5,07:58,-1,E07000143,3,0,1,0,2,4,7,3,0,0,0,0,0,0,1,1,0,4,25
2024361435872,2024,361435872,578089,315513,0.63465,52.70798,2,"[2, 3]",2,16:08,-1,E07000146,6,0,1,0,2,19,"[7, 3]","[3, 7]",0,"[1, 7]",0,1,0,0,0,0,0,2,19
2024361436268,2024,361436268,561062,319035,0.38459,52.74494,3,3,5,13:30,-1,E07000146,6,0,1,0,2,"[9, 19]","[5, 1]","[1, 5]",0,0,0,1,1,0,0,0,0,3,28
2024361436387,2024,361436387,611939,279578,1.11204,52.37323,3,3,3,16:00,-1,E07000149,3,0,1,0,1,5,8,4,0,0,0,1,0,0,0,0,1,4,23
2024361436470,2024,361436470,621872,307203,1.27611,52.61724,3,3,3,18:05,-1,E07000148,3,0,1,0,1,19,"[1, 3]","[5, 7]",0,0,0,1,1,0,0,0,0,4,9
2024361436561,2024,361436561,601944,318005,0.9888,52.72199,3,3,6,20:45,-1,E07000143,6,2,1,0,2,19,1,5,11,1,0,1,0,0,0,0,0,4,26
2024361436582,2024,361436582,612060,279519,1.11378,52.37265,3,3,7,15:26,-1,E07000149,3,0,1,0,1,"[4, 5]",3,7,0,0,0,1,0,0,0,0,0,4,27
2024361436665,2024,361436665,622736,307915,1.28933,52.62328,3,3,7,13:23,-1,E07000148,3,0,1,-1,1,7,6,4,0,0,0,1,0,0,0,0,1,4,27
2024361436804,2024,361436804,586624,282935,0.74252,52.41257,3,3,2,09:07,-1,E07000143,6,0,8,0,1,"[-1, 19]",-1,-1,"[-1, 0]","[-1, 0]",0,1,0,0,1,0,0,4,15
2024361436887,2024,361436887,619002,314447,1.23859,52.68342,3,3,1,17:00,-1,E07000144,6,0,1,0,2,19,"[3, 1]","[7, 5]",0,0,0,1,0,1,0,0,0,4,28
2024361436931,2024,361436931,623145,309685,1.29655,52.639,3,3,7,13:45,-1,E07000148,3,0,1,0,1,19,3,1,0,0,0,1,0,0,0,0,1,4,6
2024361436972,2024,361436972,593631,282984,0.84544,52.41058,1,"[3, 1]",2,12:07,-1,E07000143,3,0,1,0,2,19,7,3,0,1,0,1,0,0,0,0,0,4,29
2024361437087,2024,361437087,616594,340932,1.22056,52.9221,3,3,7,15:18,-1,E07000147,3,0,1,0,2,"[19, 10, 4]",3,7,0,0,0,1,0,0,0,0,0,4,6
2024361437098,2024,361437098,617927,309955,1.21974,52.64354,3,3,2,14:50,-1,E07000148,3,0,1,0,1,"[3, 5]",3,1,0,0,0,1,0,1,0,0,1,4,29
2024361437230,2024,361437230,622539,305763,1.28497,52.60404,3,3,6,08:50,-1,E07000148,6,0,2,1,1,"[19, 9]","[6, 7]","[2, 4]",0,0,0,1,0,0,0,0,0,4,19
2024361437323,2024,361437323,652906,306079,1.73269,52.59361,3,3,5,09:20,-1,E07000145,6,0,1,0,1,19,"[5, -1]","[1, -1]",0,0,0,1,1,0,0,0,0,4,11
2024361437338,2024,361437338,561356,295712,0.37756,52.53537,1,"[3, 1]",4,21:09,-1,E07000146,3,2,1,1,2,"[19, 9]","[5, 3]",1,0,0,0,1,0,0,0,0,0,4,24
2024361437403,2024,361437403,621918,311151,1.27944,52.65266,3,3,3,11:41,-1,E07000148,3,0,1,0,1,19,4,8,0,0,0,1,0,0,0,0,1,4,2
2024361437438,2024,361437438,640304,318760,1.55626,52.7131,3,3,3,12:10,-1,E07000147,3,0,1,0,2,"[19, 10]","[3, 5]","[6, 3]",0,"[3, 0]","[10, 0]",1,0,0,0,0,0,4,30
2024361437490,2024,361437490,593428,337300,0.87428,52.89833,3,3,6,19:20,-1,E07000147,6,0,1,0,2,19,-1,-1,0,0,0,1,1,0,0,0,0,4,12
2024361437523,2024,361437523,585500,282093,0.72555,52.40539,3,3,5,17:58,-1,E07000143,6,0,1,0,1,8,5,7,0,0,0,1,0,0,0,0,0,4,11
2024361437525,2024,361437525,621208,297739,1.26,52.53257,3,3,2,17:43,-1,E07000149,3,0,1,0,2,"[19, 9]","[5, 1]","[1, 5]",0,0,0,1,0,0,0,0,0,4,29
2024361437526,2024,361437526,620693,308493,1.25958,52.6293,3,3,4,09:00,-1,E07000148,3,0,1,0,1,"[19, 3]",5,1,0,0,0,1,0,0,0,0,0,4,24
2024361437632,2024,361437632,573128,288128,0.547,52.46365,3,3,3,21:58,-1,E07000146,6,2,1,0,2,19,3,7,10,2,0,1,0,0,0,0,0,4,30
2024361437730,2024,361437730,606331,332005,1.06247,52.84601,3,3,6,09:31,-1,E07000147,6,0,1,0,2,"[19, 2]","[5, 0]","[1, 0]","[4, 0]",0,0,1,0,0,0,0,0,4,12
2024361437736,2024,361437736,630479,310924,1.40561,52.64705,3,3,4,08:55,-1,E07000144,6,0,1,0,2,4,7,3,0,0,0,1,0,0,0,0,0,5,1
2024361437798,2024,361437798,619391,308283,1.24024,52.62794,3,3,6,13:58,-1,E07000148,4,0,1,0,1,19,3,7,0,7,2,1,0,0,0,0,0,4,12
2024361437990,2024,361437990,622242,308936,1.28273,52.63264,3,3,4,18:08,-1,E07000148,3,0,1,0,1,"[13, 7, 19]","[7, 1]",3,0,"[4, 0]",0,1,0,1,0,0,0,5,1
2024361438043,2024,361438043,651168,302680,1.70452,52.56392,3,3,4,23:20,-1,E07000145,4,2,1,0,2,19,4,8,0,7,4,1,0,0,0,0,0,5,1
2024361438165,2024,361438165,641936,291461,1.56044,52.46744,2,"[2, 3]",4,17:05,-1,E07000149,3,0,1,0,2,19,"[4, 8]","[8, 3]",0,0,0,1,0,0,0,1,0,3,6
2024361438186,2024,361438186,612551,302668,1.13573,52.58026,3,3,5,09:20,-1,E07000149,4,0,1,0,1,19,8,4,0,0,0,1,0,0,0,0,1,5,2
2024361438253,2024,361438253,608627,338744,1.10083,52.90561,2,2,5,10:20,-1,E07000147,3,0,1,0,2,19,6,2,0,0,0,1,1,0,0,0,0,5,2
2024361438396,2024,361438396,651809,308505,1.71838,52.61588,3,3,5,16:15,-1,E07000145,3,0,1,0,2,"[19, 7]",3,7,0,0,0,1,0,0,1,0,0,5,2
2024361438410,2024,361438410,652226,305876,1.72252,52.5921,3,3,5,15:18,-1,E07000145,6,0,1,0,1,"[19, 9]",7,"[3, 4]",0,"[3, 0]",0,1,0,1,0,0,0,5,2
2024361438514,2024,361438514,624356,334551,1.33141,52.86165,3,3,5,20:30,-1,E07000147,3,0,1,0,2,"[13, 19]",1,1,0,0,0,1,0,0,0,0,0,5,2
2024361438840,2024,361438840,652515,299842,1.72219,52.53784,2,2,6,14:55,-1,E07000145,6,0,1,0,2,"[19, 8]","[5, 7]",1,0,0,0,1,0,1,0,0,0,5,3
2024361438895,2024,361438895,619355,309445,1.24048,52.63838,3,3,6,17:39,-1,E07000148,6,0,2,1,1,"[2, 4, 5]","[0, 1, 7]","[0, 5, 3]",0,0,0,1,1,0,0,0,0,5,3
2024361438918,2024,361438918,652318,303968,1.72243,52.57494,2,2,6,19:41,-1,E07000145,4,0,2,1,1,"[7, 19]","[5, 4]","[4, 1]",0,0,0,1,0,1,0,0,0,5,3
2024361439050,2024,361439050,621449,338913,1.29127,52.902,3,3,1,00:40,-1,E07000147,4,2,2,1,2,"[19, 13]",5,1,0,"[7, 0]",0,1,0,1,0,0,0,4,28
2024361439064,2024,361439064,561813,305298,0.38896,52.62134,3,3,1,14:30,-1,E07000146,6,0,9,-1,2,"[2, -1]","[0, -1]","[0, -1]",0,0,0,1,0,0,0,0,0,4,28
2024361439078,2024,361439078,651841,304058,1.71547,52.57597,3,3,2,15:40,-1,E07000145,6,0,1,0,1,"[19, 9]","[6, 2]","[2, 6]",0,0,0,1,0,0,0,0,0,4,29
2024361439136,2024,361439136,637595,309936,1.50987,52.63512,3,3,2,16:27,-1,E07000144,4,0,1,0,2,8,1,"[3, 5]",0,0,0,1,0,1,0,0,0,4,29
2024361439138,2024,361439138,630475,310907,1.40553,52.6469,2,2,7,13:35,-1,E07000144,6,0,1,0,2,19,1,5,0,2,4,1,0,0,0,0,0,5,4
2024361439168,2024,361439168,620912,308526,1.26283,52.62951,3,3,7,16:51,-1,E07000148,4,0,1,0,1,19,"[3, 7]",7,"[0, 7]",0,0,1,1,0,0,0,0,5,4
2024361439277,2024,361439277,607156,304472,1.05736,52.59853,3,3,7,17:50,-1,E07000149,4,0,1,0,2,"[9, 19]","[8, 6]","[5, 2]",0,0,0,1,0,0,0,0,0,5,4
2024361439300,2024,361439300,547097,311609,0.17456,52.68221,2,2,7,21:46,-1,E07000146,6,2,1,0,2,19,1,5,0,0,0,1,0,0,0,0,1,5,4
2024361439330,2024,361439330,617863,285457,1.20275,52.42367,2,"[3, 2]",1,11:50,-1,E07000149,3,0,1,0,2,"[19, 3]","[5, 1]","[1, 5]",0,0,0,1,0,0,0,0,0,5,5
2024361439460,2024,361439460,568236,306329,0.48428,52.62865,2,"[2, 3]",6,15:47,-1,E07000146,3,0,2,1,2,19,"[3, 7]","[7, 3]",0,0,0,1,0,0,0,1,0,5,3
2024361439465,2024,361439465,624506,310725,1.31734,52.64777,3,3,1,23:39,-1,E07000148,3,2,1,0,1,19,4,8,7,0,0,1,0,0,0,0,0,5,5
2024361439650,2024,361439650,630642,318345,1.4132,52.71358,3,3,5,19:00,-1,E07000147,3,0,1,0,2,"[5, 19]","[6, 4]","[2, 5]",0,0,0,1,0,1,0,0,0,5,2
2024361439723,2024,361439723,572038,310697,0.54267,52.66668,2,2,3,07:39,-1,E07000146,6,0,1,0,2,"[2, 19]","[0, 3]","[0, 7]","[0, 4]",0,0,1,0,0,0,0,0,5,7
2024361439758,2024,361439758,612027,279973,1.11358,52.37674,3,3,1,16:00,-1,E07000149,6,0,1,0,1,19,2,6,0,0,0,1,0,0,0,0,1,4,28
2024361439763,2024,361439763,609618,293231,1.08656,52.49668,3,3,5,15:20,-1,E07000149,6,0,1,0,2,19,"[7, 1]","[3, 5]",0,0,0,1,0,0,0,0,0,5,2
2024361439788,2024,361439788,586905,285409,0.74803,52.43469,2,2,3,08:40,-1,E07000143,3,0,1,0,2,"[19, 3]",2,7,"[4, 0]",0,0,1,0,0,1,0,0,5,7
2024361440021,2024,361440021,617888,304835,1.2158,52.5976,3,3,3,18:14,-1,E07000149,3,0,1,0,2,19,6,2,10,1,0,0,0,1,0,0,0,5,7
2024361440042,2024,361440042,581510,309199,0.68176,52.65015,3,3,3,19:00,-1,E07000143,6,0,1,0,2,"[19, 9]","[5, 7]",7,0,0,0,1,0,1,0,0,0,5,7
2024361440065,2024,361440065,652350,311099,1.72833,52.6389,3,3,3,21:50,-1,E07000145,3,2,1,0,2,5,7,8,0,8,0,1,0,0,0,0,0,5,7
2024361440172,2024,361440172,561630,294393,0.38095,52.52344,2,"[3, 2]",2,13:40,-1,E07000146,3,0,1,0,2,"[5, 19]","[3, 1]","[1, 5]",0,0,0,1,0,1,0,0,0,5,6
2024361440192,2024,361440192,620772,311063,1.26246,52.65233,2,2,4,08:55,-1,E07000144,3,0,1,0,1,19,7,3,0,1,11,0,0,1,0,0,0,5,8
2024361440367,2024,361440367,562506,320490,0.40669,52.75758,3,3,7,10:10,-1,E07000146,3,0,1,0,1,4,-1,-1,0,0,0,1,0,0,0,0,0,4,13
2024361440398,2024,361440398,611743,341950,1.14918,52.93317,2,2,3,13:29,-1,E07000147,6,0,1,0,2,19,5,1,0,7,0,1,0,0,0,0,0,5,7
2024361440402,2024,361440402,615438,304524,1.17948,52.59578,3,3,3,08:55,-1,E07000149,6,0,2,1,2,"[19, -1]",-1,-1,0,0,0,1,1,0,0,0,0,4,16
2024361440464,2024,361440464,624974,309390,1.32333,52.63559,3,3,4,17:20,-1,E07000148,4,0,1,0,1,"[14, 9]",6,2,0,0,0,1,0,1,0,0,0,5,8
2024361440478,2024,361440478,599404,313884,0.94874,52.68593,2,2,4,18:05,-1,E07000143,6,0,1,0,1,19,2,3,0,2,11,0,0,1,0,0,0,5,8
2024361440520,2024,361440520,607709,305425,1.06611,52.60688,2,2,4,22:32,-1,E07000149,4,2,1,0,2,19,7,3,0,1,0,1,0,0,0,0,0,5,8
2024361440587,2024,361440587,652384,309866,1.72789,52.62782,3,3,3,15:42,-1,E07000145,3,0,1,0,2,"[3, 11]",1,5,0,0,0,1,0,0,0,0,0,5,7
2024361440664,2024,361440664,591944,329638,0.84774,52.83007,3,3,1,08:00,-1,E07000147,6,0,1,0,2,2,-1,-1,0,0,0,1,0,0,0,0,1,4,14
2024361440814,2024,361440814,562957,318276,0.41226,52.73756,3,3,4,13:30,-1,E07000146,6,0,1,0,1,1,8,4,0,0,0,1,0,0,0,0,1,5,8
2024361440865,2024,361440865,622810,339125,1.31162,52.90334,3,3,1,12:07,-1,E07000147,3,0,2,1,2,"[4, 13]",5,1,0,"[0, 1]","[0, 4]",1,0,0,0,0,0,4,28
2024361440909,2024,361440909,624954,306259,1.32091,52.6075,3,3,5,19:25,-1,E07000149,3,0,1,0,2,"[19, 5]","[4, 6]","[7, 3]",0,0,0,1,1,0,0,0,0,5,9
2024361440913,2024,361440913,621685,312623,1.27699,52.66596,3,3,5,16:25,-1,E07000144,6,0,1,0,1,"[3, 19]",4,2,0,0,0,1,0,0,0,0,0,5,9
2024361441041,2024,361441041,621767,310382,1.27669,52.64582,3,3,4,07:20,-1,E07000148,3,0,1,0,1,"[3, 19]",-1,-1,0,0,0,1,0,0,0,0,0,4,24
2024361441061,2024,361441061,641187,292579,1.55024,52.4778,2,2,4,13:41,-1,E07000149,3,0,2,1,2,"[19, 5]",-1,-1,0,0,0,0,0,1,1,0,0,4,24
2024361441080,2024,361441080,652780,307201,1.73169,52.60373,3,3,5,13:08,-1,E07000145,6,0,1,0,1,19,3,7,0,0,0,1,0,0,0,0,1,4,18
2024361441100,2024,361441100,621506,307577,1.27096,52.62075,3,3,5,17:10,-1,E07000148,6,0,1,0,1,"[19, 4]",-1,-1,0,0,0,1,0,0,0,0,0,4,25
2024361441285,2024,361441285,602468,292944,0.98121,52.4968,3,3,6,15:53,-1,E07000143,3,0,1,0,2,19,"[5, 6]",3,"[11, 0]","[0, 8]",0,1,0,0,0,0,0,5,10
2024361441321,2024,361441321,620082,308566,1.25062,52.6302,2,2,6,19:15,-1,E07000148,6,0,1,0,1,"[19, 9]","[6, 8]","[2, 6]",0,0,0,1,0,1,0,0,0,5,10
2024361441327,2024,361441327,627760,310899,1.36547,52.64797,3,3,6,19:15,-1,E07000144,6,0,1,0,1,"[19, 9]",2,"[6, 4]",0,0,0,1,0,1,0,0,0,5,10
2024361441357,2024,361441357,563739,320943,0.42517,52.76128,2,2,6,19:30,-1,E07000146,3,0,1,0,1,"[2, 19]","[0, 5]","[0, 1]","[0, 4]",0,0,1,0,0,0,0,0,5,10
2024361441358,2024,361441358,623995,308169,1.30806,52.62504,3,3,6,19:40,-1,E07000148,3,0,1,0,1,19,8,4,7,0,0,0,0,0,0,0,0,5,10
2024361441636,2024,361441636,591466,329025,0.8403,52.82473,3,3,7,15:55,-1,E07000147,4,0,1,0,2,"[9, 19]","[4, 7]","[4, 2]",0,"[0, 1]",0,1,0,0,0,0,0,5,11