collision_index,collision_year,collision_ref_no,location_easting_osgr,location_northing_osgr,longitude,latitude,casualty_severity,casualty_severity,day_of_week,time,local_authority_district,local_authority_ons_district,first_road_class,light_conditions,weather_conditions,road_surface_conditions,urban_or_rural_area,vehicle_manoeuvre,vehicle_direction_from,vehicle_direction_to,hit_object_in_carriageway,vehicle_leaving_carriageway,hit_object_off_carriageway,is_car,is_cyle,is_mcyle,is_goodsv,is_other,is_pedestrian,month,day
2024361453428,2024,361453428,630401,302548,1.39862,52.57192,3,3,1,01:00,-1,E07000149,3,2,1,0,2,19,4,8,12,7,0,1,0,0,0,0,0,6,9
2024361453430,2024,361453430,623560,310858,1.30347,52.64935,3,3,1,03:00,-1,E07000148,6,2,1,0,1,19,4,8,0,0,0,1,0,0,0,0,0,6,9
2024361453441,2024,361453441,638116,307761,1.51599,52.61538,3,3,4,06:30,-1,E07000144,4,0,1,0,2,"[7, 5]","[3, 5]","[7, 1]",0,0,0,1,0,1,0,0,0,6,5
2024361453467,2024,361453467,581395,332874,0.69315,52.86278,1,1,1,08:34,-1,E07000146,4,0,1,0,2,19,4,8,0,0,0,0,0,1,0,0,0,6,9
2024361453702,2024,361453702,613055,279094,1.1281,52.36845,3,3,5,17:19,-1,E07000149,3,0,1,0,1,"[19, 9]","[7, 1]","[3, 4]",0,0,0,1,0,0,0,0,0,5,2
2024361453875,2024,361453875,651460,307363,1.71237,52.6058,3,3,5,17:24,-1,E07000145,3,0,1,0,1,"[3, 19]",5,1,0,0,0,1,0,0,0,0,0,5,2
2024361453932,2024,361453932,553793,320055,0.27748,52.75622,3,3,1,21:35,-1,E07000146,6,0,1,0,2,19,"[1, 5]","[5, 1]",0,0,0,1,0,0,0,0,0,6,2
2024361454151,2024,361454151,622436,304268,1.28245,52.59067,3,3,5,18:20,-1,E07000149,3,0,1,0,2,19,7,3,0,0,0,0,0,1,0,0,0,5,2
2024361454198,2024,361454198,621888,304001,1.2742,52.5885,3,3,4,07:15,-1,E07000149,3,0,1,0,2,19,"[4, 5]","[8, 6]",0,0,0,1,1,0,0,0,0,6,5
2024361454238,2024,361454238,594598,320420,0.8816,52.74636,3,3,6,08:16,-1,E07000143,4,0,2,1,2,"[5, 19]","[8, 4]","[4, 8]",0,0,0,1,0,1,0,0,0,5,3
2024361454318,2024,361454318,652184,307516,1.72315,52.60683,3,3,3,18:00,-1,E07000145,3,0,1,0,1,19,2,6,0,0,0,1,1,0,0,0,0,5,7
2024361454409,2024,361454409,610458,279872,1.09051,52.37644,3,3,5,10:50,-1,E07000149,6,0,1,1,2,7,1,3,0,1,0,0,0,0,1,0,0,4,4
2024361454415,2024,361454415,614681,315399,1.17539,52.69369,3,3,5,07:40,-1,E07000144,3,0,1,0,2,19,5,1,0,0,0,1,0,1,0,0,0,5,9
2024361454440,2024,361454440,585167,281861,0.72053,52.40342,2,"[3, 2]",3,11:21,-1,E07000143,6,0,1,0,1,"[4, 7]",7,"[7, 6]",0,0,0,1,0,0,0,0,0,6,11
2024361454667,2024,361454667,649977,305190,1.68888,52.58699,3,3,5,15:55,-1,E07000145,6,0,1,0,2,19,"[7, 3]","[3, 7]",0,0,0,1,0,0,0,0,0,5,9
2024361454673,2024,361454673,618316,305352,1.22245,52.60207,3,3,6,18:40,-1,E07000149,3,0,1,0,2,"[3, 4, 19]","[0, 5]","[0, 1]","[0, 4]",0,0,1,0,0,0,0,0,6,7
2024361454867,2024,361454867,615774,343033,1.20977,52.94129,3,3,4,12:55,-1,E07000147,6,0,1,0,2,5,7,5,0,0,0,1,0,0,0,0,1,6,12
2024361454954,2024,361454954,622402,308868,1.28504,52.63197,3,3,7,13:00,-1,E07000148,3,0,9,0,1,4,7,"[3, 4]",0,0,0,1,0,0,0,0,0,5,18
2024361455106,2024,361455106,621293,318739,1.27531,52.72101,2,2,6,18:00,-1,E07000144,3,0,1,0,2,5,4,8,0,0,0,1,0,0,0,0,1,5,10
2024361455113,2024,361455113,637149,297867,1.49466,52.52702,3,3,5,07:32,-1,E07000149,6,0,1,0,2,"[19, 9]","[7, 1]","[3, 5]",0,0,0,1,0,0,0,0,0,6,13
2024361455114,2024,361455114,599756,325598,0.96107,52.79096,3,3,7,11:35,-1,E07000143,3,0,1,0,2,"[19, 4]",5,1,0,0,0,1,0,0,0,0,0,5,11
2024361455137,2024,361455137,651521,306282,1.71245,52.59607,3,3,7,13:15,-1,E07000145,6,0,1,0,2,19,"[1, 3]","[5, 7]",0,0,0,1,0,0,0,0,0,4,20
2024361455148,2024,361455148,624598,306838,1.31605,52.61285,3,3,7,01:58,-1,E07000149,6,2,7,0,1,19,8,4,0,"[0, 1]",0,1,0,0,0,0,0,5,11
2024361455155,2024,361455155,620530,312656,1.25996,52.66673,2,"[2, 3]",6,14:58,-1,E07000144,6,0,1,0,1,"[10, 19]",5,"[3, 1]",0,0,0,1,0,1,0,0,0,5,10
2024361455223,2024,361455223,640964,292300,1.54676,52.4754,3,3,2,14:45,-1,E07000149,3,0,1,0,2,19,-1,-1,0,0,0,0,0,1,0,1,0,5,13
2024361455291,2024,361455291,560839,318693,0.38113,52.74194,2,2,5,13:18,-1,E07000146,3,0,1,0,2,19,7,3,0,7,0,0,0,1,0,0,0,6,13
2024361455512,2024,361455512,611988,280178,1.11314,52.37859,3,3,5,16:00,-1,E07000149,6,0,1,0,1,7,7,1,0,1,0,1,0,0,0,0,1,6,13
2024361455913,2024,361455913,621261,318837,1.2749,52.7219,3,3,5,17:40,-1,E07000144,3,0,1,0,2,4,5,1,0,0,0,1,0,0,0,0,0,6,13
2024361455985,2024,361455985,583986,318115,0.72329,52.72937,3,3,3,09:07,-1,E07000143,3,0,1,0,2,19,"[6, 2]","[2, 6]",0,0,0,1,0,0,0,0,0,6,11
2024361456005,2024,361456005,622084,310163,1.28122,52.64372,3,3,7,09:51,-1,E07000148,6,0,1,0,1,19,"[6, 7]","[1, 3]",0,0,0,1,1,0,0,0,0,6,8
2024361456047,2024,361456047,604379,295775,1.01106,52.52151,3,3,6,17:40,-1,E07000143,4,0,2,1,2,"[3, 19]","[4, 7]","[8, 4, 7]",0,0,0,1,0,0,0,0,0,6,14
2024361456065,2024,361456065,623159,309241,1.29646,52.635,3,3,7,10:25,-1,E07000148,6,0,1,0,1,"[9, 19]","[3, 1]","[1, 5]",0,0,0,1,0,1,0,0,0,6,15
2024361456080,2024,361456080,652630,299429,1.72357,52.53408,2,"[3, 2]",7,11:48,-1,E07000145,3,0,1,0,2,19,"[4, 6]",1,0,"[0, 5]",0,1,0,0,0,0,0,6,15
2024361456372,2024,361456372,620157,321953,1.26067,52.75032,3,3,1,13:51,-1,E07000144,3,0,1,0,2,19,"[1, 5]","[5, 1]",0,0,0,1,0,0,0,0,0,6,16
2024361456410,2024,361456410,593863,287282,0.85133,52.44909,3,3,1,14:40,-1,E07000143,3,0,1,0,2,19,2,6,0,1,0,1,0,0,0,0,0,6,16
2024361456453,2024,361456453,547606,308039,0.18049,52.65,2,2,1,11:00,-1,E07000146,3,0,9,0,2,-1,-1,-1,-1,-1,0,1,0,0,0,0,1,6,16
2024361456533,2024,361456533,592077,302831,0.83406,52.58933,2,"[2, 3]",7,12:40,-1,E07000143,3,0,2,1,2,19,"[6, 2]","[2, 6]",0,0,0,1,0,0,0,0,0,6,15
2024361456613,2024,361456613,552166,295257,0.24197,52.53392,2,2,6,08:15,-1,E07000146,3,0,1,0,2,19,"[1, 7]","[7, 1]",0,0,0,0,0,1,1,0,0,6,7
2024361456630,2024,361456630,652401,309044,1.72752,52.62044,2,2,6,22:45,-1,E07000145,3,2,1,1,1,"[19, 5]",1,5,0,0,0,1,1,0,0,0,0,6,14
2024361456803,2024,361456803,563366,318224,0.41829,52.73697,3,3,4,18:24,-1,E07000146,3,0,1,0,2,19,1,4,0,0,0,1,0,0,0,0,0,5,29
2024361457137,2024,361457137,626416,319592,1.35161,52.72655,3,3,4,06:48,-1,E07000144,4,0,1,1,2,"[19, 9]","[5, 8]","[2, 5]",0,0,0,1,0,0,1,0,0,5,29
2024361457192,2024,361457192,560729,318793,0.37955,52.74287,3,3,3,14:40,-1,E07000146,3,0,1,0,2,"[5, 8]","[7, 3]","[3, 7]",0,0,0,1,0,0,1,0,0,6,18
2024361457312,2024,361457312,594828,292637,0.86864,52.49683,2,2,3,19:45,-1,E07000143,3,0,1,0,2,"[7, 19]","[2, 1]","[7, 5]",0,0,0,1,0,0,0,0,0,6,18
2024361457353,2024,361457353,552133,295413,0.24155,52.53534,2,2,3,17:30,-1,E07000146,3,0,1,0,2,19,1,5,0,1,0,0,0,1,0,0,0,6,18
2024361457395,2024,361457395,547859,307489,0.18398,52.64499,2,"[3, 2]",5,21:58,-1,E07000146,3,2,2,1,1,"[19, 9]","[3, 4]","[4, 3]",0,0,0,1,0,0,0,0,0,6,13
2024361457418,2024,361457418,602496,292907,0.9816,52.49646,2,2,1,18:50,-1,E07000143,3,0,1,0,2,19,2,6,9,0,0,1,0,0,0,0,0,6,16
2024361458009,2024,361458009,652172,308060,1.72339,52.61172,3,3,5,15:55,-1,E07000145,3,0,1,0,1,5,"[6, 4]",8,0,0,0,1,0,1,0,0,0,6,6
2024361458038,2024,361458038,555586,317945,0.30303,52.73675,3,3,2,00:12,-1,E07000146,6,2,1,0,2,"[19, 20, 2]","[8, 0]","[4, 0]","[4, 0]",0,0,1,0,0,0,0,0,4,22
2024361458146,2024,361458146,618066,310225,1.22197,52.6459,3,3,5,19:50,-1,E07000149,6,0,1,0,1,"[2, 1]","[0, 8]","[0, 4]",0,"[0, 1]",0,1,0,0,0,0,0,6,20
2024361458301,2024,361458301,620753,308035,1.26016,52.62516,3,3,6,09:28,-1,E07000148,3,0,1,0,1,"[19, 2]","[1, 0]","[5, 0]","[0, 7]",0,0,1,0,0,0,0,0,6,21
2024361458604,2024,361458604,616409,322180,1.20538,52.75387,2,"[2, 3]",5,16:50,-1,E07000144,4,0,1,0,2,19,"[4, 8]","[7, 4]",0,"[0, 1]",0,1,0,0,0,0,0,6,20
2024361458606,2024,361458606,599238,312002,0.94515,52.66909,3,3,2,09:20,-1,E07000143,3,0,1,0,1,"[9, 19]","[3, 1]","[1, 5]",0,0,0,1,0,0,1,0,0,6,17
2024361458607,2024,361458607,624234,309183,1.31228,52.63404,3,3,6,17:10,-1,E07000148,4,0,1,0,1,19,4,7,0,0,0,1,1,0,0,0,0,6,21
2024361458690,2024,361458690,633504,309543,1.44926,52.63337,2,2,7,09:55,-1,E07000144,6,0,1,0,2,"[19, 2]",3,7,"[4, 0]","[7, 0]",0,1,0,0,0,0,0,6,22
2024361458696,2024,361458696,624806,307002,1.31923,52.61423,3,3,7,09:45,-1,E07000149,6,0,1,0,2,"[9, 14]",6,"[3, 2]",0,0,0,1,1,0,0,0,0,6,22
2024361458827,2024,361458827,590799,300748,0.81402,52.57108,3,3,6,16:35,-1,E07000143,4,0,1,0,2,19,3,7,9,0,0,1,0,0,0,0,0,6,21
2024361458925,2024,361458925,602115,302227,0.98167,52.58027,2,2,7,21:03,-1,E07000149,6,0,1,0,2,9,5,5,0,0,0,1,0,0,0,0,1,6,22
2024361459250,2024,361459250,548962,306016,0.1996,52.63146,1,"[2, 1]",2,08:20,-1,E07000146,3,0,1,0,2,19,"[4, 8]","[8, 4]",0,1,0,1,0,0,0,0,0,6,24
2024361459313,2024,361459313,623142,309726,1.29654,52.63936,3,3,4,09:08,-1,E07000148,3,0,1,0,1,19,"[7, 1]","[3, 5]",0,0,0,1,1,0,0,0,0,5,15
2024361459402,2024,361459402,621947,306493,1.27674,52.61084,3,3,4,17:15,-1,E07000148,6,0,1,0,1,"[2, 19]","[0, 1, 3]","[0, 3, 7]",0,0,0,1,0,0,0,0,0,5,15
2024361459619,2024,361459619,629550,308474,1.3902,52.62546,2,"[2, 3]",2,22:25,-1,E07000144,3,2,1,0,2,"[19, 5]","[7, 3]","[3, 4]",0,0,0,1,0,0,0,0,0,6,24
2024361459958,2024,361459958,628305,308661,1.37197,52.62766,3,3,7,15:28,-1,E07000144,3,0,1,0,2,"[19, 4]",7,3,0,0,0,1,0,0,0,0,0,5,18
2024361460039,2024,361460039,577828,315407,0.63074,52.70711,3,3,6,09:45,-1,E07000146,6,0,1,0,2,-1,"[3, 8]",6,-1,-1,0,1,0,1,0,0,0,6,21
2024361460041,2024,361460041,632499,312738,1.43668,52.66247,3,3,3,15:19,-1,E07000144,6,0,1,0,2,19,"[1, 2]","[5, 6]",0,"[0, 1]",0,1,0,0,0,0,0,6,25
2024361460118,2024,361460118,614035,300425,1.15615,52.55954,2,"[2, 3]",3,18:20,-1,E07000149,6,0,1,0,2,3,7,"[3, 4]",0,0,0,1,0,1,0,0,0,6,25
2024361460157,2024,361460157,652377,311559,1.72908,52.64301,2,2,3,21:20,-1,E07000145,6,2,1,0,2,"[19, 9, 2]","[1, 5]","[5, 2, 1]","[0, 4]",0,0,1,0,0,0,0,0,6,25
2024361460302,2024,361460302,600923,290237,0.95685,52.47307,2,"[2, 3]",4,06:45,-1,E07000143,6,0,1,0,2,"[19, 10]",8,"[4, 6]",0,"[7, 0]",0,1,0,1,0,0,0,6,26
2024361460311,2024,361460311,562795,321960,0.41169,52.7707,2,2,4,07:29,-1,E07000146,6,0,1,0,1,7,2,7,0,7,0,0,0,1,0,0,0,6,26
2024361460350,2024,361460350,585342,326175,0.7479,52.80128,2,2,3,14:43,-1,E07000147,6,0,1,0,2,19,"[7, 3]","[3, 7]",0,"[0, 1]","[0, 10]",1,0,0,0,0,0,6,25
2024361460412,2024,361460412,617387,320021,1.21842,52.7341,3,3,3,14:01,-1,E07000144,4,0,1,0,2,19,1,5,0,0,0,1,0,0,1,0,0,6,25
2024361460467,2024,361460467,561567,318622,0.39187,52.74108,2,2,4,14:11,-1,E07000146,6,0,2,0,1,"[3, 14]",6,"[6, 2]",0,0,0,0,0,1,1,0,0,6,26
2024361460554,2024,361460554,609732,300434,1.09278,52.5613,3,3,4,17:27,-1,E07000149,6,0,1,0,2,"[5, 19]","[6, 7]","[3, 7]",0,0,0,1,0,1,0,0,0,6,26
2024361460625,2024,361460625,602298,336832,1.00567,52.89087,3,3,4,18:45,-1,E07000147,3,0,8,0,2,"[9, 19]","[2, 8]",6,0,"[0, 1]",0,1,0,0,0,0,0,6,26
2024361460643,2024,361460643,598565,281778,0.91716,52.39799,1,1,4,17:49,-1,E07000143,3,0,1,0,2,19,3,7,0,1,0,1,0,0,0,0,0,6,26
2024361460721,2024,361460721,648596,303447,1.66723,52.57198,3,3,1,11:23,-1,E07000145,6,0,9,0,2,-1,-1,-1,-1,-1,0,1,0,0,0,0,1,6,23
2024361460760,2024,361460760,652345,307701,1.72567,52.60842,3,3,4,16:05,-1,E07000145,6,0,1,0,1,"[1, 19]","[5, 3]","[1, 7]",0,0,0,1,1,0,0,0,0,5,29
2024361460982,2024,361460982,652826,305235,1.73087,52.58607,2,"[2, 3]",1,17:27,-1,E07000145,3,0,1,0,1,19,8,4,0,0,0,0,0,1,0,0,0,6,16
2024361461046,2024,361461046,638710,294645,1.51532,52.49743,1,1,5,15:31,-1,E07000149,3,0,1,0,2,"[9, 15]",8,4,0,7,0,1,0,1,0,0,0,6,27
2024361461127,2024,361461127,603956,302114,1.00873,52.57857,2,"[3, 2]",5,17:11,-1,E07000149,4,0,1,0,2,19,"[3, 7]","[7, 3]",0,0,0,1,0,0,0,0,0,6,27
2024361461174,2024,361461174,628780,330281,1.39402,52.82148,3,3,2,15:30,-1,E07000147,6,0,1,0,1,"[19, 5]","[8, 6]","[4, 2]",0,0,0,1,0,1,0,0,0,5,20
2024361461181,2024,361461181,596476,307679,0.90179,52.63129,3,3,4,06:30,-1,E07000143,3,0,1,0,2,19,"[2, 6]","[6, 2]",0,"[7, 0]","[10, 0]",1,0,0,1,0,0,6,26
2024361461252,2024,361461252,563367,318210,0.4183,52.73684,2,2,6,09:43,-1,E07000146,6,0,1,0,2,"[19, 12]",7,"[4, 5]",0,0,0,1,0,0,0,0,0,6,28
2024361461739,2024,361461739,652815,309334,1.73384,52.62285,3,3,7,23:15,-1,E07000145,6,2,1,0,1,"[9, 19]","[7, 3]","[3, 7]",0,0,0,1,0,1,0,0,0,6,29
2024361461880,2024,361461880,602629,302148,0.98919,52.57937,3,3,1,11:30,-1,E07000149,4,0,1,1,2,"[19, 9]","[7, 1]","[3, 8]",0,0,0,1,0,0,0,0,0,6,30
2024361462088,2024,361462088,562210,319561,0.40185,52.74932,3,3,2,08:54,-1,E07000146,6,0,1,0,1,"[10, 19]","[3, 8]","[8, 5]",0,0,0,1,0,0,0,0,0,7,1
2024361462373,2024,361462373,578403,309839,0.63622,52.65692,3,3,2,18:40,-1,E07000143,3,0,2,1,2,19,8,4,0,1,0,1,0,0,0,0,0,7,1
2024361462641,2024,361462641,609471,294892,1.08544,52.51165,3,3,3,08:30,-1,E07000149,6,0,2,1,2,19,"[7, 5]","[4, 8]",0,0,0,1,0,0,0,0,0,7,2
2024361462669,2024,361462669,629538,308476,1.39002,52.62548,3,3,3,09:04,-1,E07000144,3,0,1,0,2,19,"[3, 1]","[7, 5]",0,0,0,1,0,0,0,0,0,6,25
2024361462725,2024,361462725,577802,315390,0.63034,52.70697,3,3,2,11:47,-1,E07000146,6,0,1,0,2,"[19, 5]","[7, 1]","[3, 5]",0,"[1, 0]","[10, 0]",1,0,0,0,0,0,7,1
2024361462899,2024,361462899,622755,311901,1.29229,52.65904,3,3,3,14:51,-1,E07000148,6,0,1,1,1,"[5, 19]",-1,-1,0,0,0,1,1,0,0,0,0,6,11
2024361462903,2024,361462903,619050,308258,1.23519,52.62785,3,3,1,13:25,-1,E07000148,6,0,1,0,1,"[2, 19]","[0, -1]","[0, -1]",0,0,0,1,1,0,0,0,0,6,9
2024361462928,2024,361462928,573912,306509,0.56815,52.62847,3,3,2,10:38,-1,E07000146,6,0,1,0,2,"[19, 9]",3,1,0,0,0,1,1,0,0,0,0,7,1
2024361462937,2024,361462937,621202,297225,1.25957,52.52796,3,3,3,08:15,-1,E07000149,3,0,1,1,2,19,"[5, 1]","[1, 5]",0,0,0,1,0,0,1,0,0,7,2
2024361463050,2024,361463050,652202,305339,1.72176,52.5873,2,2,4,08:00,-1,E07000145,6,0,2,1,1,19,4,3,0,0,0,1,0,0,0,0,1,7,3
2024361463065,2024,361463065,652729,305691,1.72979,52.59021,3,3,7,13:32,-1,E07000145,3,0,1,0,1,"[9, 13]",5,1,0,0,0,1,0,1,0,0,0,6,29
2024361463102,2024,361463102,583657,284801,0.69997,52.43033,2,2,1,16:10,-1,E07000143,4,0,1,0,2,"[13, 9]","[4, 5]","[8, 1]",0,0,0,1,0,1,0,0,0,6,30
2024361463120,2024,361463120,599318,294929,0.93606,52.51578,3,3,4,09:00,-1,E07000143,6,0,2,1,2,19,3,6,0,0,0,0,0,1,0,0,0,7,3
2024361463197,2024,361463197,602824,333147,1.01119,52.85759,3,3,4,17:00,-1,E07000147,4,0,1,0,2,"[19, 9]","[7, 2]","[3, 6]",0,0,0,1,0,0,0,0,0,7,3
2024361463245,2024,361463245,609003,340986,1.10785,52.92559,3,3,4,14:20,-1,E07000147,6,0,1,0,2,19,2,6,0,"[8, 7]",0,1,0,0,0,0,0,7,3
2024361463349,2024,361463349,639778,310063,1.54216,52.6353,3,3,4,21:19,-1,E07000144,3,2,1,1,2,19,7,3,0,1,4,1,0,0,0,0,0,5,22
2024361463415,2024,361463415,611438,311173,1.12477,52.65704,3,3,6,15:36,-1,E07000144,3,0,1,0,2,"[4, 19]",3,7,0,0,0,1,0,0,0,0,0,6,28
2024361463532,2024,361463532,630050,321144,1.40641,52.73895,3,3,4,17:28,-1,E07000147,6,0,1,0,2,1,6,2,0,0,0,1,0,0,0,0,1,5,29
2024361463566,2024,361463566,554734,313786,0.28846,52.69964,3,3,3,18:09,-1,E07000146,6,0,1,0,2,19,"[6, 8]","[2, 4]",0,0,0,1,0,0,0,0,0,7,2
2024361463578,2024,361463578,615511,304506,1.18054,52.59559,3,3,5,17:47,-1,E07000149,4,0,2,1,2,19,2,"[8, 6]",0,0,0,1,0,0,0,0,0,5,30
2024361463640,2024,361463640,591837,300751,0.82932,52.57074,2,2,5,17:30,-1,E07000143,4,0,1,0,2,3,3,7,0,0,0,0,0,1,0,0,1,7,4
2024361463646,2024,361463646,562713,321466,0.41023,52.76628,3,3,5,18:10,-1,E07000146,6,0,1,0,1,19,"[7, 5]","[3, 1]",0,0,0,1,1,0,0,0,0,7,4
2024361463709,2024,361463709,618480,317502,1.23291,52.71105,3,3,2,16:15,-1,E07000144,4,0,1,0,2,19,5,1,0,0,0,1,0,1,0,0,0,6,24
2024361463730,2024,361463730,611077,291222,1.10675,52.47809,2,2,5,17:22,-1,E07000149,4,0,1,0,2,19,6,2,0,0,0,1,0,0,0,0,1,7,4
2024361463836,2024,361463836,623597,307649,1.30184,52.62054,3,3,2,21:50,-1,E07000148,3,2,1,0,1,19,-1,-1,0,0,0,1,0,0,0,0,1,6,17
2024361463840,2024,361463840,564214,323008,0.43323,52.77968,3,3,6,11:02,-1,E07000146,6,0,1,0,2,19,"[7, 8]","[3, 5]",0,0,0,1,0,0,0,1,0,7,5
2024361463844,2024,361463844,641791,318655,1.57815,52.7115,3,3,3,13:55,-1,E07000147,6,0,1,0,2,19,1,5,0,0,0,1,0,0,0,0,0,5,28
2024361463869,2024,361463869,623540,309987,1.30258,52.64154,3,3,4,12:15,-1,E07000148,6,0,1,0,1,"[3, 19]",-1,-1,0,0,0,1,0,0,0,0,0,6,19
2024361463901,2024,361463901,625263,314421,1.33103,52.68062,3,3,5,08:10,-1,E07000144,3,0,8,0,2,"[4, 3]",-1,-1,0,0,0,1,0,0,0,0,0,6,20
2024361464095,2024,361464095,591768,300761,0.82831,52.57086,2,"[2, 3]",6,21:24,-1,E07000143,3,2,2,1,2,"[19, 9]","[1, 5]","[5, 3]","[10, 0]","[1, 0]",0,1,0,0,0,0,0,7,5
2024361464321,2024,361464321,598465,289146,0.92007,52.46417,3,3,7,10:03,-1,E07000143,3,0,2,1,2,13,2,6,0,1,0,1,0,0,0,0,0,7,6
2024361464696,2024,361464696,637909,318194,1.52046,52.70908,3,3,2,06:05,-1,E07000147,3,0,1,0,2,19,2,6,0,0,0,0,0,1,0,0,0,7,8
2024361464982,2024,361464982,601596,329939,0.99099,52.82925,3,3,1,10:37,-1,E07000147,4,0,1,0,2,"[5, 19]","[4, 6]","[8, 2]",0,0,0,1,0,0,0,0,0,7,7
2024361465008,2024,361465008,621746,309798,1.27599,52.64058,3,3,7,19:50,-1,E07000148,6,0,1,0,1,"[7, 19]",7,"[2, 3]",0,0,0,1,0,0,0,0,0,6,29
2024361465077,2024,361465077,547118,313312,0.17563,52.6975,1,1,2,13:50,-1,E07000146,6,0,1,0,2,19,"[8, 5]","[4, 1]",0,0,0,1,0,1,0,0,0,7,8
2024361465167,2024,361465167,620431,308472,1.2557,52.62922,3,3,3,08:15,-1,E07000148,4,0,1,1,1,"[19, 13]",6,2,0,0,0,1,0,1,0,0,0,7,9
2024361465400,2024,361465400,652512,303488,1.72492,52.57055,3,3,1,17:24,-1,E07000145,3,0,1,0,1,19,1,3,10,1,0,1,0,0,0,0,0,6,9
2024361465417,2024,361465417,622729,306480,1.28826,52.6104,3,3,3,13:25,-1,E07000148,3,0,2,1,1,"[19, 2]","[3, 6]","[7, 5]",0,0,0,1,0,0,0,0,0,7,9
2024361465485,2024,361465485,610362,313963,1.11066,52.6825,3,3,3,16:05,-1,E07000144,6,0,2,1,2,"[4, 19]",2,6,0,0,0,1,0,0,0,0,0,6,4
2024361465494,2024,361465494,561558,318162,0.39151,52.73695,2,2,3,15:42,-1,E07000146,3,0,2,1,2,"[6, 19]","[4, 3]","[2, 8]",0,0,0,1,0,0,1,0,0,7,9
2024361465501,2024,361465501,622271,306731,1.28167,52.61284,3,3,3,15:05,-1,E07000148,3,0,1,1,1,19,"[7, 6]","[3, 1]",0,0,0,1,1,0,0,0,0,7,9
2024361465561,2024,361465561,627134,301695,1.34992,52.56564,3,3,3,19:40,-1,E07000149,4,0,1,0,2,"[19, 10]",1,5,0,0,0,1,0,0,0,1,0,7,9
2024361465657,2024,361465657,623165,308594,1.29611,52.6292,3,3,1,14:00,-1,E07000148,6,0,1,0,1,20,6,2,0,0,0,0,0,0,1,0,1,6,2
2024361466027,2024,361466027,619660,295647,1.23584,52.51442,3,3,4,10:55,-1,E07000149,6,0,1,1,2,19,7,4,0,1,0,0,0,1,0,0,0,7,10
2024361466047,2024,361466047,605168,321432,1.0386,52.75154,3,3,4,13:20,-1,E07000143,4,0,1,0,2,19,"[3, 7]","[7, 3]",0,"[1, 0]",0,1,0,0,0,0,0,7,10
2024361466257,2024,361466257,651698,308649,1.71685,52.61722,3,3,4,07:30,-1,E07000145,3,0,2,1,2,19,5,8,0,1,2,1,0,0,0,0,0,5,15
2024361466289,2024,361466289,593729,325400,0.87169,52.79138,3,3,5,09:53,-1,E07000143,4,0,1,1,2,4,"[5, 1]","[1, 5]",0,0,0,0,0,0,1,0,0,7,11
2024361466392,2024,361466392,608307,290194,1.06538,52.46992,3,3,2,09:08,-1,E07000143,4,0,1,0,2,"[20, 19]","[0, 7]","[0, 3]",0,0,0,1,0,0,0,0,0,6,24
2024361466513,2024,361466513,616437,281740,1.17941,52.39088,1,1,5,15:35,-1,E07000149,3,0,1,0,2,19,5,7,0,3,0,1,0,0,0,0,0,7,11
2024361466536,2024,361466536,625598,304461,1.32918,52.5911,3,3,5,17:05,-1,E07000149,4,0,1,0,2,4,1,5,"[1, 0]",0,0,1,0,1,0,0,0,7,11
2024361466702,2024,361466702,623222,310942,1.29854,52.65024,2,2,4,18:30,-1,E07000148,6,0,1,0,1,19,-1,-1,0,0,0,1,1,0,0,0,0,7,10
2024361466726,2024,361466726,619927,309430,1.24891,52.63802,3,3,6,06:11,-1,E07000148,3,0,1,0,1,19,"[7, 4]","[3, 7]",0,0,0,1,1,0,0,0,0,7,12
2024361466738,2024,361466738,610489,300862,1.1042,52.56485,3,3,5,14:30,-1,E07000149,6,0,1,0,1,"[9, 19]",-1,-1,0,0,0,1,0,0,0,0,0,7,11
2024361466768,2024,361466768,619370,309492,1.24073,52.6388,3,3,5,16:00,-1,E07000148,6,0,2,1,1,"[4, 19]",-1,-1,0,0,0,1,0,0,0,0,0,7,11
2024361467015,2024,361467015,644552,308926,1.61172,52.62297,2,2,6,15:17,-1,E07000144,3,0,1,0,2,19,"[3, 7]","[7, 3]",0,"[1, 0]","[9, 0]",1,0,0,0,0,0,7,12
2024361467035,2024,361467035,622288,306692,1.2819,52.61248,3,3,6,15:25,-1,E07000148,3,0,1,1,1,9,1,5,0,0,0,1,0,0,0,0,1,7,12
2024361467128,2024,361467128,602684,293259,0.98458,52.49955,3,3,6,19:15,-1,E07000143,3,0,2,1,2,"[11, 15]",6,"[5, 6]",0,"[0, 1]","[0, 9]",1,0,0,0,0,0,7,12
2024361467145,2024,361467145,566207,320009,0.46123,52.75213,2,2,7,01:05,-1,E07000146,4,2,2,1,2,19,4,2,0,7,4,1,0,0,0,0,0,7,13
2024361467253,2024,361467253,609768,312204,1.10077,52.66694,2,"[3, 2]",7,12:33,-1,E07000144,3,0,1,0,2,"[9, 19]","[1, 7]","[7, 4]",0,"[0, 7]",0,1,0,0,0,0,0,7,13
2024361467437,2024,361467437,596968,300057,0.90452,52.56268,2,2,7,23:45,-1,E07000143,4,2,1,0,2,19,8,5,0,1,4,1,0,0,0,0,0,7,13
2024361467451,2024,361467451,571338,299348,0.52645,52.56498,2,2,7,19:16,-1,E07000146,3,0,1,0,2,19,3,7,9,0,0,0,0,1,0,0,0,7,13
2024361467548,2024,361467548,582239,298474,0.68662,52.55359,1,1,1,09:35,-1,E07000143,4,0,1,0,2,19,"[3, 7]","[7, 3]",0,0,0,0,0,1,0,1,0,7,14