collision_index,collision_year,collision_ref_no,location_easting_osgr,location_northing_osgr,longitude,latitude,casualty_severity,casualty_severity,day_of_week,time,local_authority_district,local_authority_ons_district,first_road_class,light_conditions,weather_conditions,road_surface_conditions,urban_or_rural_area,vehicle_manoeuvre,vehicle_direction_from,vehicle_direction_to,hit_object_in_carriageway,vehicle_leaving_carriageway,hit_object_off_carriageway,is_car,is_cyle,is_mcyle,is_goodsv,is_other,is_pedestrian,month,day
2024361467685,2024,361467685,604286,281396,1.0009,52.39245,2,"[2, 3]",1,18:08,-1,E07000143,4,0,1,0,2,"[19, 9]","[3, 8]","[7, 4]",0,0,0,1,0,1,0,0,0,7,14
2024361467692,2024,361467692,623610,311629,1.30473,52.65625,3,3,1,20:10,-1,E07000144,4,0,1,0,1,5,"[5, 1]","[1, 5]",0,0,0,1,0,0,0,0,0,7,14
2024361467709,2024,361467709,606356,338765,1.06713,52.90668,3,3,2,00:02,-1,E07000147,3,2,1,0,2,9,7,3,0,1,0,1,0,0,0,0,0,7,15
2024361467730,2024,361467730,611692,288779,1.11424,52.45592,3,3,1,08:00,-1,E07000149,6,0,1,0,2,"[4, 19]",1,5,0,0,0,1,0,0,0,0,0,7,14
2024361467784,2024,361467784,621494,341913,1.29399,52.92891,3,3,5,13:24,-1,E07000147,6,0,1,0,2,"[20, 2]","[4, 0]","[8, 0]","[4, 0]",0,0,1,0,0,0,0,0,6,6
2024361467799,2024,361467799,642997,309338,1.5891,52.62736,3,3,1,10:25,-1,E07000144,3,0,1,0,2,19,7,3,0,0,0,1,0,0,0,0,0,7,14
2024361467852,2024,361467852,652398,305999,1.72515,52.59313,3,3,7,14:04,-1,E07000145,6,0,1,0,1,19,1,7,10,0,0,1,0,0,0,0,0,6,8
2024361467876,2024,361467876,591756,300658,0.82807,52.56994,3,3,5,16:15,-1,E07000143,3,0,2,1,2,"[5, 19]","[7, 5]","[2, 1]",0,0,0,1,0,0,0,0,0,5,30
2024361468005,2024,361468005,620686,307193,1.25861,52.61763,3,3,1,14:28,-1,E07000148,6,0,1,0,1,"[19, 5]",-1,-1,0,0,0,1,1,0,0,0,0,7,14
2024361468041,2024,361468041,627981,285685,1.35144,52.4216,3,3,2,14:10,-1,E07000149,3,0,1,0,2,19,"[6, 2]","[2, 4]",0,"[7, 0]",0,1,0,0,1,0,0,7,15
2024361468295,2024,361468295,631945,309286,1.42608,52.63173,2,2,3,16:12,-1,E07000144,3,0,1,0,2,19,7,3,0,"[1, 0]","[9, 0]",1,0,0,0,0,0,6,11
2024361468379,2024,361468379,604607,295191,1.01406,52.51618,3,3,3,14:33,-1,E07000143,6,0,2,1,1,19,3,7,0,7,0,1,0,0,0,0,0,7,16
2024361468413,2024,361468413,620891,308966,1.26282,52.63346,3,3,3,15:32,-1,E07000148,6,0,1,1,1,19,6,2,0,0,0,1,0,0,0,0,1,7,16
2024361468452,2024,361468452,566046,295945,0.44675,52.53605,2,"[3, 2]",3,17:19,-1,E07000146,4,0,1,0,2,19,"[7, 2]","[3, 7]",0,0,0,1,0,0,0,0,0,7,16
2024361468564,2024,361468564,638746,325987,1.53849,52.77863,2,2,3,22:58,-1,E07000147,6,2,1,0,2,"[-1, 2]","[-1, 1]","[-1, 1]","[-1, 0]","[-1, 0]",0,1,0,0,0,0,0,7,16
2024361468629,2024,361468629,593366,336628,0.87296,52.89232,3,3,6,17:40,-1,E07000147,6,0,2,1,2,"[19, 7]","[5, 4]","[1, 5]",0,0,0,1,0,0,0,0,0,7,12
2024361468667,2024,361468667,607995,307452,1.0716,52.62496,3,3,6,12:24,-1,E07000149,6,0,1,0,2,19,"[1, 3]","[2, 4]",0,0,0,1,0,0,0,0,0,6,14
2024361468692,2024,361468692,595287,341618,0.90448,52.93642,3,3,2,10:45,-1,E07000147,6,0,1,0,2,"[19, 13]",-1,-1,0,0,0,1,0,0,0,0,0,7,15
2024361468947,2024,361468947,629691,316702,1.398,52.69924,3,3,4,12:50,-1,E07000144,3,0,1,0,2,19,6,2,0,7,0,1,0,0,0,0,0,7,17
2024361469104,2024,361469104,615722,323367,1.196,52.7648,2,"[3, 2]",2,08:46,-1,E07000144,4,0,1,0,2,19,"[7, 6]","[3, 1]",0,0,0,1,0,0,0,0,0,6,17
2024361469261,2024,361469261,652669,307080,1.72997,52.6027,3,3,3,11:45,-1,E07000145,6,2,1,0,1,19,6,2,0,0,0,1,1,0,0,0,0,6,18
2024361469357,2024,361469357,585325,283146,0.72356,52.41491,3,3,7,12:20,-1,E07000143,3,0,1,0,2,"[4, 19]",5,1,0,"[0, 3]",0,1,0,0,0,0,0,5,11
2024361469392,2024,361469392,621387,312592,1.27257,52.6658,3,3,5,13:20,-1,E07000144,3,0,1,0,1,"[9, 19]",5,1,0,0,0,1,0,0,0,0,0,6,27
2024361469416,2024,361469416,591110,330735,0.83602,52.84021,3,3,5,15:00,-1,E07000147,3,0,1,0,2,"[19, 5]",1,5,0,0,0,1,0,0,0,0,0,7,18
2024361469432,2024,361469432,547922,308233,0.18524,52.65166,3,3,5,15:57,-1,E07000146,3,0,1,0,2,"[19, 4]",2,6,0,0,0,1,0,0,0,0,0,7,18
2024361469475,2024,361469475,619914,308398,1.24803,52.62876,3,3,5,15:30,-1,E07000148,4,0,1,0,1,19,3,7,0,0,0,0,0,1,0,0,1,7,11
2024361469478,2024,361469478,622559,309222,1.2876,52.63508,2,2,4,18:10,-1,E07000148,3,0,1,0,1,"[9, 7]",7,"[2, 5]",0,0,0,1,0,1,0,0,0,7,17
2024361469481,2024,361469481,620730,310997,1.2618,52.65176,3,3,5,19:20,-1,E07000148,3,0,1,0,1,"[1, 2]","[1, 5]","[5, 4]","[-1, 0]","[-1, 0]",0,1,0,1,0,0,0,7,18
2024361469561,2024,361469561,634984,327071,1.4836,52.79001,3,3,4,17:45,-1,E07000147,6,0,1,0,2,"[19, 5]","[8, 3]",4,0,0,0,1,0,1,0,0,0,7,10
2024361469564,2024,361469564,631636,304386,1.4181,52.58789,3,3,5,10:00,-1,E07000149,6,0,8,0,2,"[2, 19]",-1,-1,0,0,0,1,1,0,0,0,0,7,18
2024361469620,2024,361469620,620937,308976,1.2635,52.63353,2,2,3,17:30,-1,E07000148,6,0,2,1,1,19,3,7,0,0,0,0,0,1,0,0,0,5,28
2024361469625,2024,361469625,616026,310600,1.19212,52.65009,1,1,5,15:25,-1,E07000149,3,0,1,0,2,19,7,3,0,0,0,1,0,0,0,0,1,7,18
2024361469731,2024,361469731,617941,309687,1.21977,52.64113,3,3,6,17:10,-1,E07000148,6,0,1,0,1,19,"[5, 7]","[1, 3]",0,0,0,0,1,0,1,0,0,6,28
2024361469793,2024,361469793,651251,305814,1.70811,52.592,3,3,7,12:05,-1,E07000145,6,0,1,0,1,"[9, 19]","[7, 2]","[5, 7]",0,0,0,1,0,0,0,0,0,6,29
2024361469822,2024,361469822,611217,279625,1.10148,52.37393,3,3,3,20:20,-1,E07000149,3,0,1,0,1,"[9, 19]","[5, 7]",3,0,0,0,1,0,0,0,0,0,6,18
2024361469850,2024,361469850,624635,308156,1.31749,52.62466,3,3,2,12:38,-1,E07000148,3,0,1,0,1,19,7,3,0,0,0,1,0,0,0,0,0,7,8
2024361469859,2024,361469859,640467,292334,1.53948,52.47592,2,2,6,13:06,-1,E07000149,3,0,1,0,2,"[9, 19]","[1, 7]","[5, 3]",0,0,0,1,0,0,0,0,0,7,19
2024361469895,2024,361469895,623436,309386,1.30064,52.63619,3,3,6,17:43,-1,E07000148,3,0,1,0,1,"[3, 4]",7,3,0,0,0,1,0,0,0,0,0,7,19
2024361469908,2024,361469908,564422,319626,0.43462,52.74924,2,2,6,17:13,-1,E07000146,6,0,1,0,1,"[19, 7]","[7, 5]","[3, 7]",0,0,0,1,1,0,0,0,0,7,19
2024361470036,2024,361470036,628876,298243,1.37319,52.53393,2,"[3, 2]",7,06:38,-1,E07000149,4,0,1,0,2,19,"[1, 5]","[5, 1]",0,1,0,1,0,0,0,0,0,7,20
2024361470274,2024,361470274,653012,309649,1.73698,52.62558,2,2,7,18:42,-1,E07000145,6,0,1,0,1,19,5,1,11,0,0,1,0,0,0,0,1,7,20
2024361470466,2024,361470466,566524,322542,0.46721,52.77479,3,3,1,16:08,-1,E07000146,3,0,1,0,2,19,"[2, 6]","[6, 2]",0,0,0,1,0,0,0,0,0,7,21
2024361470638,2024,361470638,651592,308794,1.7154,52.61857,2,"[2, 3]",6,11:20,-1,E07000145,3,0,1,0,2,"[19, 4]",3,7,0,0,0,1,0,0,0,0,0,7,19
2024361470704,2024,361470704,612361,317009,1.14215,52.70906,2,2,7,17:13,-1,E07000144,3,0,1,0,2,"[19, 5]","[4, 6]","[2, 4]",0,"[7, 0]","[3, 0]",1,0,0,0,0,0,7,13
2024361470763,2024,361470763,617783,308673,1.21677,52.63209,3,3,4,21:08,-1,E07000148,6,2,1,0,1,19,"[3, 1]","[7, 5]",0,0,0,1,1,0,0,0,0,7,17
2024361470778,2024,361470778,602820,344119,1.01797,52.95608,3,3,1,15:00,-1,E07000147,6,0,1,0,2,6,5,3,7,1,10,1,0,0,0,0,1,7,21
2024361470779,2024,361470779,603613,327116,1.01913,52.80315,2,2,5,16:30,-1,E07000147,6,0,1,0,2,"[19, 9]",-1,-1,0,0,0,1,1,0,0,0,0,7,18
2024361470828,2024,361470828,621709,310565,1.27596,52.64748,3,3,2,14:50,-1,E07000148,6,0,1,0,1,"[19, -1]","[1, -1]","[5, -1]","[0, -1]","[0, -1]",0,0,1,1,0,0,0,7,22
2024361470953,2024,361470953,564241,317097,0.43067,52.72658,2,"[2, 3]",2,23:45,-1,E07000146,3,2,1,0,2,19,"[8, 5]","[4, 1]","[0, 2]",7,0,1,0,0,0,0,0,7,22
2024361471029,2024,361471029,649359,315648,1.68766,52.68109,3,3,1,00:17,-1,E07000145,6,0,1,0,2,19,"[6, 2]","[2, 6]",0,0,0,1,0,0,0,0,0,7,21
2024361471120,2024,361471120,563374,318199,0.4184,52.73674,3,3,6,15:30,-1,E07000146,3,0,1,0,2,4,-1,-1,0,0,0,1,0,0,0,0,0,7,19
2024361471141,2024,361471141,625129,306196,1.32345,52.60686,3,3,2,20:20,-1,E07000149,3,2,2,1,2,19,1,3,0,1,0,1,0,0,0,0,0,7,1
2024361471223,2024,361471223,625625,315893,1.33738,52.69368,3,3,6,15:10,-1,E07000144,4,0,1,0,2,19,"[2, 6]","[6, 2]","[11, 0]","[0, 1]",0,1,0,0,0,0,0,7,19
2024361471315,2024,361471315,562634,301537,0.39923,52.58731,3,3,3,16:27,-1,E07000146,6,0,1,0,2,19,"[6, 7]","[7, 5]",0,0,0,1,0,1,0,0,0,7,23
2024361471340,2024,361471340,596950,312488,0.91165,52.67429,3,3,2,15:08,-1,E07000143,3,0,1,0,2,"[4, 19]",7,3,0,0,0,1,0,0,0,0,0,7,22
2024361471361,2024,361471361,652057,304788,1.71921,52.58242,2,"[2, 3]",3,19:28,-1,E07000145,3,0,1,0,1,19,5,1,"[10, 6]",0,0,1,0,0,0,0,0,7,23
2024361471471,2024,361471471,622629,307773,1.28765,52.62205,3,3,6,17:20,-1,E07000148,3,0,1,0,1,"[7, 19]",4,8,0,"[0, 3]",0,1,1,0,0,0,0,7,5
2024361471499,2024,361471499,619701,304162,1.24207,52.59083,3,3,6,18:45,-1,E07000149,6,0,1,0,2,19,6,2,0,0,0,1,0,0,0,0,1,7,5
2024361471673,2024,361471673,555072,319027,0.29593,52.74662,3,3,2,14:18,-1,E07000146,6,0,1,0,2,"[9, 19]","[6, 7]","[2, 3]",0,0,0,1,0,0,1,0,0,7,8
2024361471968,2024,361471968,653110,307710,1.73695,52.60814,3,3,4,16:22,-1,E07000145,6,0,1,0,1,19,"[5, 3]","[1, 7]",0,0,0,1,1,0,0,0,0,7,10
2024361472099,2024,361472099,618518,319048,1.23449,52.72491,3,3,4,14:15,-1,E07000144,6,0,1,0,2,"[19, 3]","[7, -1]","[3, -1]",0,"[0, 1]",0,1,0,0,0,0,0,7,24
2024361472261,2024,361472261,623799,305617,1.30345,52.60222,3,3,4,09:06,-1,E07000149,6,0,1,0,2,"[9, 19]","[5, 1]","[1, 5]",0,0,0,1,0,0,0,0,0,7,24
2024361472311,2024,361472311,623324,308894,1.29866,52.63182,2,2,5,13:49,-1,E07000148,6,0,1,0,1,"[5, 19]","[5, 8]","[1, 5]",0,0,0,1,1,0,0,0,0,7,18
2024361472332,2024,361472332,631643,309240,1.4216,52.63144,3,3,6,15:50,-1,E07000144,3,0,1,0,2,19,"[7, 3]","[3, 7]",0,0,0,1,0,0,0,0,0,7,19
2024361472375,2024,361472375,622627,307377,1.28736,52.61849,3,3,3,14:21,-1,E07000148,6,0,1,0,1,4,5,1,7,0,0,0,0,1,0,0,0,5,7
2024361472472,2024,361472472,622946,308753,1.29299,52.63071,3,3,3,20:03,-1,E07000148,6,0,1,0,1,19,"[3, 1]","[7, 5]",0,0,0,1,1,0,0,0,0,7,23
2024361472474,2024,361472474,652598,308994,1.73038,52.6199,3,3,4,16:32,-1,E07000145,6,0,1,0,1,"[19, 1]","[7, 5]","[3, 1]",0,0,0,1,0,0,0,0,0,7,17
2024361472819,2024,361472819,605108,295599,1.02168,52.51965,2,2,7,16:40,-1,E07000143,4,0,1,0,1,19,6,2,0,1,0,1,0,0,0,0,1,7,27
2024361472982,2024,361472982,564736,316510,0.4377,52.72116,2,2,1,10:14,-1,E07000146,6,0,1,0,2,"[10, 8]",2,4,0,0,0,1,0,1,0,0,0,7,28
2024361473060,2024,361473060,632236,325622,1.4419,52.77819,3,3,1,14:00,-1,E07000147,3,0,1,0,2,"[13, 10]",8,"[4, 7]",0,0,0,1,0,1,0,0,0,7,28
2024361473172,2024,361473172,624276,309170,1.31289,52.63391,2,2,1,18:15,-1,E07000148,4,0,1,0,1,19,4,7,0,0,0,0,1,0,0,0,0,7,28
2024361473225,2024,361473225,615291,328969,1.1933,52.81525,2,2,2,04:25,-1,E07000144,6,2,1,0,2,19,3,7,0,0,0,1,0,0,0,0,0,7,29
2024361473269,2024,361473269,652660,307079,1.72983,52.60269,2,2,7,13:43,-1,E07000145,6,0,1,0,1,19,"[3, 1]","[7, 5]",0,0,0,1,0,1,0,0,0,7,27
2024361473452,2024,361473452,616063,310594,1.19266,52.65002,2,"[3, 2]",1,14:00,-1,E07000149,3,0,1,0,2,"[19, 7]","[3, 5]",7,0,0,0,0,0,1,0,0,0,7,28
2024361473483,2024,361473483,552372,311240,0.25236,52.67744,2,2,2,07:25,-1,E07000146,6,0,1,0,2,"[19, 2]","[1, 0]","[5, 0]",0,"[0, 1]",0,1,0,0,0,0,0,7,29
2024361473485,2024,361473485,621498,312187,1.27393,52.66212,3,3,6,19:35,-1,E07000144,3,0,1,0,1,19,6,2,0,0,0,0,0,1,0,0,0,7,26
2024361473570,2024,361473570,634144,297733,1.45036,52.52711,2,"[2, 3]",2,19:04,-1,E07000149,6,0,1,0,2,19,"[3, 7]","[7, 3]",0,"[1, 7]",0,1,0,0,0,0,0,7,29
2024361473673,2024,361473673,621939,309365,1.27854,52.63662,2,2,6,19:57,-1,E07000148,6,0,1,0,1,"[19, 9]","[1, 5]","[5, 3]",0,"[3, 7]","[0, 1]",1,0,0,0,0,0,6,28
2024361473685,2024,361473685,613467,303264,1.14961,52.58525,2,2,1,14:36,-1,E07000149,4,0,1,0,2,19,6,4,0,0,0,1,1,0,0,0,0,7,14
2024361473691,2024,361473691,650728,303017,1.69829,52.56715,3,3,6,06:20,-1,E07000145,6,0,1,0,2,2,3,7,0,0,0,0,0,1,0,0,0,7,26
2024361473797,2024,361473797,602491,332047,1.00556,52.84784,1,1,4,09:46,-1,E07000147,4,0,1,0,2,19,1,5,0,0,0,0,0,0,1,0,1,7,24
2024361473816,2024,361473816,618246,305240,1.22134,52.60109,3,3,7,11:46,-1,E07000149,3,0,1,0,2,"[12, 19]",5,1,0,0,0,1,0,0,0,0,0,7,27
2024361473872,2024,361473872,620891,306652,1.26127,52.61269,3,3,6,18:55,-1,E07000148,3,0,2,1,1,19,"[3, 7]","[7, 3]",0,0,0,1,0,0,0,0,0,7,12
2024361473962,2024,361473962,597581,288937,0.90695,52.46262,2,2,3,14:23,-1,E07000143,3,0,1,0,2,"[7, 12, 19]",7,3,0,"[0, 1]","[0, 7]",1,0,0,0,0,0,7,30
2024361474163,2024,361474163,606890,301030,1.05129,52.56774,3,3,3,13:00,-1,E07000149,6,0,1,0,2,19,"[3, 1]","[7, 5]",0,0,0,1,0,0,0,0,0,6,18
2024361474212,2024,361474212,591963,302726,0.83232,52.58843,2,2,4,09:55,-1,E07000143,3,0,1,0,2,19,5,2,12,1,9,0,0,1,0,0,0,7,31
2024361474283,2024,361474283,563771,311976,0.42117,52.68073,3,3,4,09:45,-1,E07000146,3,0,1,0,2,"[4, 19]",5,1,0,0,0,0,0,1,0,1,0,7,31
2024361474291,2024,361474291,577995,310196,0.63039,52.66026,3,3,6,10:51,-1,E07000143,3,0,1,0,2,19,7,3,0,"[0, 1, 7]","[0, 9, 6]",1,0,0,0,0,0,7,26
2024361474295,2024,361474295,652193,307575,1.72333,52.60736,3,3,3,13:16,-1,E07000145,4,0,1,0,1,19,"[1, 8]","[6, 3]",0,"[4, 0]",0,1,0,0,1,0,0,6,25
2024361474387,2024,361474387,592485,331226,0.8567,52.84413,3,3,4,07:45,-1,E07000147,3,0,1,0,2,"[10, 19]",5,1,0,0,0,1,0,0,0,0,0,7,31
2024361474634,2024,361474634,626341,319208,1.35024,52.72313,3,3,4,15:52,-1,E07000144,4,0,1,0,2,"[19, 3]",5,1,0,0,0,1,0,0,0,0,0,7,24
2024361474640,2024,361474640,608917,322851,1.09497,52.76284,3,3,4,08:30,-1,E07000144,4,0,1,0,2,"[4, 1]",-1,-1,0,0,0,1,0,1,0,0,0,7,31
2024361474679,2024,361474679,598614,333375,0.94888,52.8612,3,3,5,10:34,-1,E07000147,3,0,1,0,2,"[1, 19]","[4, 2]","[3, 7]",0,0,0,0,0,0,1,0,0,8,1
2024361474700,2024,361474700,625111,310539,1.32614,52.64585,2,"[2, 3]",6,13:50,-1,E07000148,6,0,1,0,1,19,1,5,0,0,0,1,0,0,0,0,0,7,26
2024361474717,2024,361474717,643015,314747,1.59335,52.67589,3,3,7,11:45,-1,E07000145,4,0,1,0,2,19,"[1, 5]","[5, 1]",0,"[1, 0]",0,1,0,0,0,0,0,7,27
2024361474756,2024,361474756,652825,307399,1.73251,52.60549,2,"[2, 3]",2,20:12,-1,E07000145,6,0,1,0,1,19,2,6,0,0,0,0,1,0,0,0,1,7,8
2024361474997,2024,361474997,624625,283499,1.30071,52.40337,3,3,5,08:41,-1,E07000149,6,0,1,0,2,19,3,7,0,0,0,1,0,0,0,0,1,7,18
2024361475072,2024,361475072,586673,283881,0.74377,52.42105,3,3,2,14:58,-1,E07000143,3,0,1,0,1,"[2, 9]","[8, 6]","[8, 4]",0,0,0,1,0,0,0,0,0,3,11
2024361475152,2024,361475152,584234,301973,0.71795,52.58434,3,3,6,12:50,-1,E07000143,6,0,1,0,2,"[19, 2]","[2, 4]","[6, 8]",0,"[0, 1]",0,1,0,0,0,0,0,8,2
2024361475275,2024,361475275,624134,308705,1.31048,52.62979,2,2,6,09:15,-1,E07000148,6,0,1,0,1,5,2,8,0,0,0,1,0,0,0,0,1,8,2
2024361475302,2024,361475302,571415,319938,0.53828,52.74987,3,3,6,17:25,-1,E07000146,6,0,1,0,2,"[9, 19]","[1, 3]","[1, 4]",0,0,0,1,0,0,0,1,0,8,2
2024361475398,2024,361475398,613920,293917,1.15027,52.50117,3,3,6,21:55,-1,E07000149,4,2,1,0,2,19,"[7, 1]","[4, 5]",0,"[3, 0]","[1, 0]",1,0,0,0,0,0,8,2
2024361475478,2024,361475478,627585,304368,1.35839,52.58944,2,"[3, 2]",7,08:43,-1,E07000149,3,0,1,0,2,"[15, 19]","[8, 4]","[4, 8]",0,0,0,0,0,1,0,0,0,8,3
2024361475583,2024,361475583,630521,334257,1.42261,52.85641,3,3,7,13:19,-1,E07000147,4,0,1,0,2,"[19, 2]","[5, 0]","[1, 0]",0,1,0,1,0,0,0,0,0,8,3
2024361475622,2024,361475622,625321,309409,1.32847,52.63562,2,2,7,21:35,-1,E07000148,6,2,1,0,1,"[19, 5]",5,1,0,0,0,1,0,1,0,0,0,8,3
2024361475660,2024,361475660,652544,307550,1.72848,52.60697,3,3,7,19:46,-1,E07000145,6,0,1,0,1,-1,-1,-1,-1,-1,0,1,0,0,0,0,1,8,3
2024361475743,2024,361475743,562591,318124,0.40677,52.7363,2,"[2, 3]",1,11:37,-1,E07000146,3,0,1,0,2,"[3, 19]",7,3,0,0,0,1,0,0,0,0,0,8,4
2024361475954,2024,361475954,651800,307245,1.71729,52.60458,3,3,5,16:10,-1,E07000145,6,0,1,0,1,1,1,7,0,0,0,1,0,0,0,0,1,8,1
2024361476019,2024,361476019,649684,316799,1.69333,52.69127,3,3,4,23:47,-1,E07000145,6,2,1,0,2,19,"[3, 1]","[7, 5]",0,0,0,1,0,0,0,0,0,7,31
2024361476164,2024,361476164,585271,329898,0.74896,52.83474,3,3,1,16:00,-1,E07000147,3,0,9,-1,2,"[3, 4]",-1,-1,0,0,0,1,0,0,0,0,0,8,4
2024361476199,2024,361476199,626900,311421,1.35314,52.65302,3,3,2,15:20,-1,E07000144,6,0,1,0,2,"[4, 3]",2,6,"[4, 0]",0,0,1,0,1,0,0,0,8,5
2024361476264,2024,361476264,586298,283076,0.73781,52.41395,2,2,2,18:53,-1,E07000143,3,0,1,0,1,19,7,3,0,0,0,1,0,0,0,0,1,8,5
2024361476291,2024,361476291,603843,300225,1.0059,52.56166,3,3,3,00:01,-1,E07000149,6,2,1,0,2,19,2,4,0,7,0,1,0,0,0,0,0,8,6
2024361476480,2024,361476480,600972,313199,0.97149,52.6792,3,3,3,11:30,-1,E07000143,3,0,1,0,1,"[13, 19]",6,2,0,0,0,1,0,0,1,0,0,8,6
2024361476592,2024,361476592,651826,313028,1.72208,52.65645,2,2,6,22:20,-1,E07000145,6,2,2,1,2,"[10, 19]",5,"[1, 7]",0,0,0,1,0,1,0,0,0,4,19
2024361476812,2024,361476812,555221,320715,0.29894,52.76174,3,3,3,12:34,-1,E07000146,6,0,1,0,2,"[19, 1]","[5, 3]",7,0,0,0,1,0,0,0,0,0,8,6
2024361476844,2024,361476844,653102,307291,1.73651,52.60439,3,3,7,19:53,-1,E07000145,6,0,1,0,1,"[2, 19]","[0, 1]","[0, 5]",0,0,0,1,0,1,0,0,0,6,22
2024361476912,2024,361476912,621005,296364,1.2561,52.52031,3,3,3,13:56,-1,E07000149,3,0,2,1,2,"[4, 19]",6,2,0,0,0,1,0,0,0,0,0,7,9
2024361476915,2024,361476915,573622,295027,0.55785,52.52545,3,3,5,09:55,-1,E07000146,4,0,1,0,2,19,4,8,0,1,0,1,0,0,0,0,0,7,11
2024361476930,2024,361476930,628320,314382,1.37614,52.679,1,1,4,12:37,-1,E07000144,6,0,1,0,2,"[1, 4]","[8, 4]","[4, 8]",0,0,0,0,0,1,1,0,0,8,7
2024361476958,2024,361476958,591618,343513,0.85108,52.95476,3,3,4,13:43,-1,E07000147,6,0,1,0,2,19,1,5,0,0,0,0,0,0,0,1,1,8,7
2024361476977,2024,361476977,579896,290862,0.64798,52.48601,2,"[2, 3]",4,13:50,-1,E07000143,3,0,1,0,2,19,5,5,12,1,0,0,0,1,0,0,0,8,7
2024361477001,2024,361477001,618441,309611,1.2271,52.64024,3,3,1,15:00,-1,E07000148,6,0,1,-1,1,-1,5,3,-1,-1,0,0,0,1,0,0,1,7,21
2024361477054,2024,361477054,560722,320488,0.38027,52.75809,3,3,4,19:22,-1,E07000146,6,0,1,0,2,"[13, 9]",5,"[1, 3]",0,"[7, 0]",0,1,0,1,0,0,0,8,7
2024361477066,2024,361477066,623122,308745,1.29558,52.63057,3,3,3,17:00,-1,E07000148,6,0,1,0,1,5,"[7, 5]","[3, 1]",0,0,0,1,1,0,0,0,0,8,6
2024361477181,2024,361477181,651322,312288,1.71408,52.65004,3,3,4,23:33,-1,E07000145,6,2,1,0,2,"[19, 15]",1,"[3, 4]","[0, 9]",0,0,1,0,0,0,0,0,8,7
2024361477254,2024,361477254,615754,342966,1.20943,52.94069,3,3,5,14:00,-1,E07000147,3,0,1,0,2,19,1,5,0,0,0,1,0,0,0,0,1,7,25
2024361477343,2024,361477343,614968,315509,1.1797,52.69457,3,3,3,15:44,-1,E07000144,3,0,1,1,2,19,7,3,0,5,0,1,0,0,0,0,0,8,6
2024361477540,2024,361477540,599061,284487,0.92605,52.42213,3,3,5,17:30,-1,E07000143,6,0,1,0,2,4,4,1,0,0,0,0,0,1,0,0,0,8,8
2024361477622,2024,361477622,644417,314021,1.6135,52.66874,3,3,5,10:45,-1,E07000145,6,0,1,0,2,15,8,4,0,0,0,1,0,0,0,0,1,6,27
2024361477629,2024,361477629,621719,309931,1.27568,52.64179,3,3,6,08:45,-1,E07000148,3,0,1,0,1,"[9, 13]",1,"[7, 5]",0,"[0, 7]",0,0,0,1,1,0,0,6,21
2024361477660,2024,361477660,619724,305849,1.24353,52.60596,2,"[3, 2]",4,14:19,-1,E07000149,6,0,1,0,1,"[4, 19]","[8, 5]","[4, 7, 8]",0,0,0,1,1,0,0,0,0,8,7
2024361477809,2024,361477809,604009,334603,1.02967,52.87021,2,2,6,15:56,-1,E07000147,4,0,1,0,2,19,"[7, 5]","[4, 7]",0,0,0,1,0,1,0,0,0,7,19
2024361477864,2024,361477864,561082,318473,0.38461,52.73989,3,3,6,16:00,-1,E07000146,3,0,1,0,2,19,"[5, 4]","[7, 8]",0,0,0,1,0,0,1,0,0,8,9
2024361478416,2024,361478416,602403,304029,0.98701,52.59635,3,3,1,09:45,-1,E07000143,6,0,1,0,2,19,3,7,11,0,0,0,0,1,0,0,0,8,11
2024361478464,2024,361478464,632710,327479,1.45024,52.79465,2,2,1,10:14,-1,E07000147,6,0,1,0,2,19,3,7,0,0,0,0,1,0,0,0,0,8,11
2024361478600,2024,361478600,564313,319371,0.43288,52.74698,3,3,6,00:01,-1,E07000146,6,2,1,0,1,"[2, 19]","[0, 7]","[0, 3]",0,0,0,1,0,0,0,1,0,8,2
2024361478817,2024,361478817,599213,312714,0.94521,52.6755,3,3,4,10:00,-1,E07000143,6,0,1,0,1,19,"[7, 3]","[3, 1]",0,0,0,1,0,0,0,0,0,7,31
2024361478842,2024,361478842,595710,312674,0.89345,52.67641,3,3,2,15:10,-1,E07000143,6,0,1,0,2,9,"[1, 7]","[3, 1]",0,0,0,1,0,0,0,0,0,7,22
2024361478952,2024,361478952,619638,325292,1.25523,52.7805,3,3,2,15:20,-1,E07000144,3,0,1,0,2,"[2, 9]","[0, 5]","[0, 1]",0,0,0,1,0,0,0,0,0,8,12
2024361478973,2024,361478973,562125,319983,0.4008,52.75314,1,1,2,21:06,-1,E07000146,3,0,1,0,1,19,5,1,0,0,0,1,0,0,0,0,1,8,12
2024361479128,2024,361479128,592148,282096,0.82315,52.40313,3,3,3,09:00,-1,E07000143,3,0,1,0,2,19,8,4,0,1,0,1,0,0,0,0,0,8,13
2024361479191,2024,361479191,621970,309024,1.27877,52.63354,3,3,4,17:18,-1,E07000148,6,0,1,0,1,19,3,7,0,0,0,1,0,0,0,0,0,7,24
2024361479232,2024,361479232,617949,309698,1.2199,52.64122,3,3,4,18:40,-1,E07000148,6,0,1,0,1,19,"[1, 3]","[5, 7]",0,0,0,1,1,0,0,0,0,7,31
2024361479249,2024,361479249,634835,291272,1.45597,52.46884,2,2,3,11:40,-1,E07000149,6,0,1,0,2,"[2, 19]",2,"[8, 6]","[4, 0]",0,0,1,0,0,0,0,0,8,13