collision_index,collision_year,collision_ref_no,location_easting_osgr,location_northing_osgr,longitude,latitude,casualty_severity,casualty_severity,day_of_week,time,local_authority_district,local_authority_ons_district,first_road_class,light_conditions,weather_conditions,road_surface_conditions,urban_or_rural_area,vehicle_manoeuvre,vehicle_direction_from,vehicle_direction_to,hit_object_in_carriageway,vehicle_leaving_carriageway,hit_object_off_carriageway,is_car,is_cyle,is_mcyle,is_goodsv,is_other,is_pedestrian,month,day
2024361479288,2024,361479288,650398,314397,1.70205,52.66939,3,3,6,22:35,-1,E07000145,6,2,1,0,2,"[19, 2]","[3, 0]","[7, 0]","[4, 0]",0,0,1,0,1,0,0,0,7,26
2024361479299,2024,361479299,591910,302237,0.83126,52.58406,2,2,2,05:48,-1,E07000143,3,0,1,0,2,"[4, 19]","[5, 1]","[1, 5]",0,0,0,1,0,0,1,0,0,8,12
2024361479352,2024,361479352,616176,314664,1.19699,52.6865,3,3,3,15:54,-1,E07000144,3,0,1,0,1,"[19, 7]",7,3,0,"[0, 1]","[0, 10]",1,0,0,0,0,0,8,13
2024361479373,2024,361479373,563181,318368,0.41562,52.73832,2,"[2, 3]",3,16:05,-1,E07000146,3,0,1,0,1,"[19, 2]","[7, 0, 6]","[3, 0, 2]",0,"[0, 1]","[0, 2]",1,0,0,0,1,0,8,13
2024361479575,2024,361479575,602599,304950,0.99046,52.60454,3,3,4,08:20,-1,E07000143,6,0,1,0,2,19,"[5, 1]","[2, 5]",0,0,0,1,0,0,0,0,0,8,14
2024361479589,2024,361479589,623394,308471,1.29941,52.628,3,3,2,21:45,-1,E07000148,6,2,1,0,1,19,"[5, 7]","[7, 3]",0,0,0,1,1,0,0,0,0,7,29
2024361479686,2024,361479686,621911,311666,1.27968,52.65728,2,2,4,10:25,-1,E07000144,6,0,1,0,1,"[7, 19]",7,"[1, 3]",0,0,0,1,0,0,0,0,0,8,14
2024361479781,2024,361479781,618329,305381,1.22266,52.60232,3,3,4,17:30,-1,E07000149,3,0,1,0,2,19,"[6, 5]","[2, 1]",0,0,0,1,0,0,0,0,0,8,14
2024361479802,2024,361479802,615668,340992,1.20684,52.92301,3,3,4,17:35,-1,E07000147,3,0,1,0,2,"[10, 3]",3,"[1, 7]",0,0,0,1,0,0,0,0,0,8,14
2024361479886,2024,361479886,602522,292999,0.98204,52.49728,2,2,4,21:59,-1,E07000143,3,2,1,0,2,"[19, 2]","[5, 0]","[1, 0]","[4, 0]","[4, 7]",0,1,0,0,0,0,0,8,14
2024361479914,2024,361479914,610372,280166,1.08943,52.37911,3,3,2,09:40,-1,E07000149,3,0,1,0,2,"[15, 2, 10]","[3, 0]","[7, 0]","[4, 0]","[7, 0]",0,1,0,1,0,0,0,7,22
2024361479940,2024,361479940,637569,309908,1.50947,52.63488,2,"[3, 2]",7,07:10,-1,E07000144,3,0,1,0,2,"[9, 19]","[5, 3]",7,0,"[1, 0]",0,1,0,0,0,0,0,7,20
2024361479971,2024,361479971,622792,308030,1.29023,52.62429,3,3,5,08:40,-1,E07000148,3,0,1,0,1,19,5,"[3, 4]",0,0,0,1,1,0,0,0,0,8,15
2024361480103,2024,361480103,551535,303327,0.23636,52.60659,3,3,3,18:50,-1,E07000146,6,0,1,0,2,"[19, 7]","[8, 6]","[4, 8]",0,0,0,1,0,0,0,0,0,8,13
2024361480155,2024,361480155,584256,298809,0.71652,52.55592,3,3,5,16:40,-1,E07000143,4,0,1,0,2,13,7,3,0,0,0,1,0,1,0,0,0,8,15
2024361480215,2024,361480215,563042,316103,0.41244,52.71802,2,2,4,09:59,-1,E07000146,6,0,1,0,2,1,3,7,0,0,0,1,0,0,0,0,0,8,14
2024361480245,2024,361480245,611660,279628,1.10798,52.37378,3,3,5,21:50,-1,E07000149,3,2,1,1,1,19,7,3,0,1,0,1,0,0,0,0,1,8,15
2024361480404,2024,361480404,619154,308251,1.23672,52.62775,3,3,6,19:45,-1,E07000148,4,0,1,0,2,19,1,5,0,0,0,1,0,0,0,0,1,8,2
2024361480442,2024,361480442,631093,302256,1.40861,52.56901,3,3,6,11:38,-1,E07000149,3,0,1,0,2,"[19, 10]",1,5,"[4, 0]",0,0,1,0,0,0,0,0,8,16
2024361480575,2024,361480575,621375,318402,1.27629,52.71795,3,3,6,12:01,-1,E07000144,3,0,1,0,2,19,5,1,0,0,0,1,0,0,0,0,0,8,16
2024361480669,2024,361480669,643578,309094,1.59749,52.62491,1,"[1, 3]",6,22:57,-1,E07000144,3,2,1,0,2,"[13, 19]","[7, 3]","[3, 7]",0,0,0,1,0,1,0,0,0,8,16
2024361480671,2024,361480671,613380,289287,1.13937,52.45982,3,3,6,23:00,-1,E07000149,6,2,1,0,2,"[2, 19]",1,5,"[0, 4]",0,0,1,0,0,0,0,0,8,16
2024361480852,2024,361480852,635827,298871,1.47593,52.5366,3,3,7,14:10,-1,E07000149,6,0,1,0,2,"[2, 19]","[0, 7]","[0, 3]",4,0,0,1,0,0,0,0,0,8,17
2024361480928,2024,361480928,567580,333406,0.48842,52.87203,3,3,7,21:26,-1,E07000146,3,2,1,0,2,"[19, 4]",1,5,0,0,0,1,0,1,0,0,0,8,17
2024361480950,2024,361480950,572120,317780,0.54758,52.73027,2,2,7,22:00,-1,E07000146,6,2,1,0,2,19,1,5,0,1,4,1,0,0,0,0,0,8,17
2024361481020,2024,361481020,619761,292869,1.23549,52.48944,3,3,5,21:15,-1,E07000149,3,2,2,1,2,19,1,5,0,0,0,1,0,0,0,0,0,8,15
2024361481475,2024,361481475,652841,307389,1.73274,52.60539,3,3,6,21:15,-1,E07000145,6,2,1,0,1,19,"[5, 1]","[1, 6]",0,0,0,1,0,0,0,0,0,8,16
2024361481486,2024,361481486,629345,308544,1.38722,52.62617,3,3,2,11:55,-1,E07000144,3,0,1,0,2,3,"[7, 3]","[3, 7]",0,0,0,1,0,0,0,0,0,8,19
2024361481585,2024,361481585,556131,319066,0.31163,52.74667,2,2,2,16:55,-1,E07000146,3,0,1,0,2,19,"[7, 3]","[3, 7]",0,0,0,1,0,0,1,0,0,8,19
2024361482022,2024,361482022,620754,328563,1.27395,52.8094,3,3,3,21:00,-1,E07000144,4,2,1,0,2,9,7,5,0,1,9,1,0,0,0,0,0,8,20
2024361482283,2024,361482283,618856,309758,1.23332,52.6414,2,2,4,13:12,-1,E07000148,3,0,1,0,1,19,7,3,0,0,0,1,0,0,0,0,1,8,21
2024361482436,2024,361482436,615349,310953,1.18235,52.65352,3,3,4,22:30,-1,E07000149,6,2,1,0,2,9,1,8,0,0,0,1,0,0,0,0,1,8,21
2024361482546,2024,361482546,648329,303131,1.66306,52.56927,3,3,1,16:15,-1,E07000145,6,0,1,0,2,19,2,6,0,1,0,1,0,0,0,0,0,6,23
2024361482598,2024,361482598,586739,283684,0.74463,52.41926,3,3,5,10:30,-1,E07000143,6,0,1,0,1,5,7,7,0,0,0,1,0,0,0,0,0,8,22
2024361482651,2024,361482651,606452,317847,1.05535,52.71887,2,2,1,17:22,-1,E07000143,6,0,1,0,2,19,"[5, 1]","[1, 5]",0,0,0,1,0,0,0,0,0,7,28
2024361482669,2024,361482669,651725,306962,1.71597,52.60208,3,3,4,05:40,-1,E07000145,6,0,1,0,2,19,"[7, 1]",3,0,0,0,1,1,0,0,0,0,7,3
2024361482723,2024,361482723,578782,288064,0.63009,52.46125,3,3,7,11:32,-1,E07000143,3,0,1,0,2,-1,"[6, 3]","[2, 7]",-1,-1,"[-1, 0]",1,0,0,0,1,0,8,10
2024361482731,2024,361482731,606683,313327,1.05592,52.6782,2,"[2, 3]",5,14:43,-1,E07000143,3,0,1,0,2,19,"[8, 7, 4]","[6, 3, 8]",0,"[1, 0]",0,1,0,0,0,0,0,8,22
2024361482739,2024,361482739,611905,301549,1.1255,52.57047,3,3,3,15:00,-1,E07000149,6,0,1,0,1,19,"[5, 1]","[6, 5]",0,0,0,1,1,0,0,0,0,8,20
2024361482748,2024,361482748,650920,314826,1.71008,52.673,3,3,5,16:30,-1,E07000145,6,0,1,0,2,"[5, 19]","[3, 8]","[6, 4]",0,"[1, 0]",0,1,0,0,0,0,0,8,22
2024361482847,2024,361482847,608862,340840,1.10566,52.92433,3,3,7,13:30,-1,E07000147,6,0,1,0,2,19,"[1, 5]","[5, 2]",0,0,0,1,0,0,0,0,0,8,17
2024361482858,2024,361482858,639136,312747,1.53464,52.65966,3,3,7,17:34,-1,E07000144,6,0,1,0,2,19,4,8,0,0,0,1,0,0,0,0,1,8,17
2024361483105,2024,361483105,627388,284969,1.34225,52.41542,2,2,6,14:41,-1,E07000149,3,0,1,0,2,19,"[2, 6]","[6, 2]",0,"[0, 7]",0,1,0,0,1,0,0,8,23
2024361483132,2024,361483132,591916,301957,0.83118,52.58154,3,3,6,14:00,-1,E07000143,3,0,1,0,2,7,1,5,0,1,0,0,0,1,0,0,0,8,23
2024361483144,2024,361483144,651960,312483,1.72364,52.6515,2,"[2, 3]",6,17:00,-1,E07000145,6,0,1,0,2,4,5,1,0,0,0,0,0,0,1,0,0,8,23
2024361483145,2024,361483145,574144,322716,0.58014,52.77395,3,3,6,07:25,-1,E07000146,6,0,4,1,2,4,7,3,0,0,0,1,0,0,0,0,0,8,23
2024361483155,2024,361483155,586411,285102,0.7406,52.43211,3,3,6,16:25,-1,E07000143,3,0,1,0,2,"[19, 5]","[1, 2]","[1, 6]",0,0,0,1,0,0,0,1,0,8,23
2024361483208,2024,361483208,600709,313320,0.96768,52.68038,3,3,6,19:35,-1,E07000143,6,0,1,0,1,19,"[6, 7]","[2, 3]","[0, 11]",0,0,1,0,0,0,0,0,8,23
2024361483225,2024,361483225,619021,305567,1.23298,52.60371,3,3,6,23:33,-1,E07000149,3,2,1,0,2,19,"[3, 1]","[7, 5]",0,0,0,1,1,0,0,0,0,8,23
2024361483497,2024,361483497,646189,299144,1.62859,52.53447,3,3,7,15:30,-1,E07000145,4,0,2,1,2,19,8,8,0,7,3,1,0,0,0,0,0,8,24
2024361483522,2024,361483522,628738,308573,1.37829,52.62669,3,3,7,18:50,-1,E07000144,3,0,2,1,2,19,6,7,0,0,0,0,0,1,0,0,0,8,24
2024361483612,2024,361483612,621913,304031,1.27458,52.58875,3,3,5,06:40,-1,E07000149,3,0,1,0,2,3,-1,-1,0,0,0,1,0,1,0,0,0,8,8
2024361483730,2024,361483730,647438,308925,1.65427,52.62166,2,2,1,17:15,-1,E07000144,3,0,1,0,2,"[19, 13]","[3, 7]","[7, 3]",0,"[0, 1]",0,1,0,1,0,0,0,8,25
2024361483736,2024,361483736,584785,283460,0.7158,52.41791,3,3,1,12:39,-1,E07000143,4,0,1,0,2,"[19, 15]","[1, 3]","[3, 1]",0,0,0,1,0,0,0,0,0,8,25
2024361483746,2024,361483746,625074,308366,1.32411,52.62636,2,2,6,12:10,-1,E07000148,3,0,1,1,1,-1,7,3,-1,-1,0,0,1,0,0,0,1,8,23
2024361483909,2024,361483909,590635,285983,0.80315,52.43856,3,3,2,13:35,-1,E07000143,3,0,1,0,2,19,6,2,0,1,4,1,0,0,0,0,0,8,26
2024361483912,2024,361483912,643589,316874,1.60339,52.69471,3,3,2,14:20,-1,E07000145,6,0,1,0,2,"[19, 9]",2,"[6, 8]",0,0,0,1,1,0,0,0,0,8,12
2024361483919,2024,361483919,622420,323713,1.29533,52.76519,2,2,2,17:40,-1,E07000144,6,0,1,0,2,19,"[4, 8]","[8, 4]",0,"[8, 0]",0,1,0,1,0,0,0,8,12
2024361483927,2024,361483927,563369,318270,0.41836,52.73738,3,3,4,10:15,-1,E07000146,3,0,1,0,2,"[19, 15]",2,5,0,0,0,1,0,0,0,0,0,8,14
2024361483930,2024,361483930,599271,312665,0.94604,52.67503,3,3,3,15:36,-1,E07000143,6,0,9,-1,1,-1,-1,-1,-1,-1,0,1,0,0,0,0,0,8,13
2024361483935,2024,361483935,619788,311926,1.24852,52.66048,2,2,3,07:15,-1,E07000144,6,0,1,0,2,19,-1,-1,0,0,0,1,0,0,0,0,1,8,13
2024361483936,2024,361483936,617249,307813,1.20833,52.62458,2,2,5,16:30,-1,E07000149,4,0,1,0,2,"[9, 13]",-1,-1,0,0,0,1,0,1,0,0,0,8,8
2024361484043,2024,361484043,585222,342814,0.75559,52.95073,3,3,5,08:55,-1,E07000146,4,0,1,0,2,19,"[3, 7]","[7, 3]",0,0,0,1,0,0,0,1,0,8,22
2024361484079,2024,361484079,554353,317966,0.28479,52.7373,3,3,6,23:35,-1,E07000146,6,2,1,0,2,19,3,7,0,7,3,1,0,0,0,0,0,8,9
2024361484143,2024,361484143,609764,312210,1.10072,52.66699,2,2,3,10:52,-1,E07000144,3,0,1,0,2,"[19, 8, 9, 10]","[7, 1, 3]","[3, 1, 7]",0,0,0,1,0,0,0,0,0,8,27
2024361484317,2024,361484317,616987,310303,1.2061,52.64704,3,3,3,17:10,-1,E07000149,3,0,1,0,1,"[15, 9]","[4, 8]","[8, 5]",0,0,0,1,0,1,0,0,0,8,27
2024361484322,2024,361484322,605771,311109,1.04107,52.65864,3,3,6,15:45,-1,E07000143,6,0,1,0,2,"[19, 9]","[7, 5]",3,0,0,0,1,0,0,0,0,0,6,7
2024361484331,2024,361484331,593465,313008,0.86048,52.68022,3,3,3,16:48,-1,E07000143,3,0,1,0,2,"[2, 19]",7,3,0,"[1, 0]",0,1,0,0,0,0,0,8,27
2024361484346,2024,361484346,621347,309178,1.26969,52.63518,3,3,3,17:03,-1,E07000148,6,0,1,0,1,19,"[6, 7]","[1, 3]",0,0,0,1,1,0,0,0,0,8,27
2024361484370,2024,361484370,598316,296780,0.92242,52.53277,3,3,3,19:15,-1,E07000143,4,0,1,0,2,"[4, 14]",2,6,0,0,0,1,0,0,0,0,0,8,27
2024361484395,2024,361484395,653082,306446,1.73557,52.59682,1,1,3,21:43,-1,E07000145,6,2,1,0,1,19,5,1,0,0,0,1,0,0,0,0,1,8,27
2024361484411,2024,361484411,616707,305680,1.19894,52.60565,2,"[3, 2]",3,21:06,-1,E07000149,6,2,1,0,2,"[13, 19]","[6, 1, 5]","[2, 5, 1]",0,0,0,1,0,1,0,0,0,8,27
2024361484488,2024,361484488,622817,311332,1.29282,52.65391,3,3,4,09:35,-1,E07000148,6,0,1,0,1,19,1,5,10,0,0,1,0,0,0,0,0,8,28
2024361484495,2024,361484495,597143,308232,0.91196,52.63601,3,3,7,08:59,-1,E07000143,3,0,8,0,2,19,7,3,0,0,0,1,1,0,0,0,0,8,10
2024361484521,2024,361484521,652770,309295,1.73315,52.62252,3,3,5,22:00,-1,E07000145,6,2,1,0,1,"[19, 2]","[1, 0]","[5, 0]","[4, 0]",0,0,1,0,0,0,0,0,8,8
2024361484542,2024,361484542,585992,309550,0.74813,52.65178,3,3,4,10:44,-1,E07000143,6,0,1,0,2,19,7,3,0,0,0,0,0,1,0,0,0,8,28
2024361484568,2024,361484568,562599,318139,0.4069,52.73644,3,3,4,12:19,-1,E07000146,3,0,1,0,2,19,7,3,0,0,0,1,0,0,1,0,0,8,28
2024361484579,2024,361484579,618717,315054,1.23478,52.68899,2,2,3,18:09,-1,E07000144,3,0,1,0,2,19,4,8,0,1,0,0,0,1,0,0,0,8,27
2024361484655,2024,361484655,622339,308892,1.28413,52.63221,3,3,4,14:20,-1,E07000148,3,0,1,0,1,"[10, 19]",4,"[2, 8]",0,0,0,1,0,1,0,0,0,8,28
2024361484753,2024,361484753,603801,330034,1.02373,52.82927,3,3,4,15:21,-1,E07000147,6,0,1,0,2,19,"[1, 8]",2,0,0,0,1,0,0,0,0,0,8,28
2024361484920,2024,361484920,622514,311590,1.28853,52.65635,3,3,5,07:50,-1,E07000148,3,0,1,0,1,9,0,0,0,0,0,1,0,0,0,0,0,8,29
2024361484926,2024,361484926,609471,339495,1.11384,52.91202,3,3,3,15:45,-1,E07000147,6,0,1,0,2,19,3,7,0,0,0,1,1,0,0,0,0,8,13
2024361484940,2024,361484940,623184,286709,1.2817,52.43277,2,"[3, 2]",6,12:17,-1,E07000149,6,0,1,0,2,"[9, 19]","[3, 1]","[7, 5]",0,0,0,1,0,0,0,0,0,8,16
2024361485191,2024,361485191,637412,297833,1.49851,52.5266,3,3,5,20:41,-1,E07000149,3,2,1,0,2,19,7,3,0,"[2, 0]",0,1,0,0,0,0,0,8,29
2024361485222,2024,361485222,624087,309202,1.31012,52.63427,2,2,5,21:11,-1,E07000148,3,2,1,0,1,19,3,7,0,0,0,0,1,0,0,0,0,8,29
2024361485286,2024,361485286,626811,319797,1.35759,52.72822,3,3,7,12:25,-1,E07000144,4,0,1,0,2,19,"[6, 2]","[2, 6]",0,0,0,1,0,0,0,0,0,8,17
2024361485330,2024,361485330,625047,309429,1.32444,52.63591,3,3,7,15:32,-1,E07000148,4,0,1,0,1,19,3,7,0,0,0,1,0,0,0,0,1,8,17
2024361485344,2024,361485344,622796,319512,1.29805,52.72733,3,3,5,07:42,-1,E07000144,4,0,1,0,2,"[3, 19]",7,"[3, 2]","[4, 0]",0,0,1,0,0,1,0,0,8,29
2024361485420,2024,361485420,615668,299871,1.17984,52.55393,3,3,6,08:05,-1,E07000149,6,0,1,0,2,"[10, 9]","[5, 1]","[2, 3]",0,0,0,1,1,0,0,0,0,8,30
2024361485452,2024,361485452,613035,302555,1.14279,52.57905,3,3,2,16:45,-1,E07000149,3,0,1,0,2,"[19, 8]",5,1,0,0,0,1,0,0,0,0,0,8,19
2024361485509,2024,361485509,613520,340659,1.17472,52.92088,2,"[3, 2]",6,13:15,-1,E07000147,3,0,1,0,2,"[19, 10]",2,5,0,0,0,1,0,0,0,0,0,8,30
2024361485540,2024,361485540,600925,290243,0.95689,52.47312,3,3,6,18:50,-1,E07000143,6,0,1,0,2,"[19, 9]",5,4,0,0,0,1,0,0,0,0,0,8,30
2024361485618,2024,361485618,631223,336830,1.43484,52.8792,2,2,7,00:03,-1,E07000147,6,2,1,0,2,1,8,6,0,0,0,1,0,0,0,0,1,8,31
2024361485627,2024,361485627,652303,304262,1.72243,52.57759,3,3,5,08:40,-1,E07000145,6,0,1,0,1,"[-1, 1]",-1,-1,"[-1, 0]","[-1, 0]",0,1,0,0,0,0,0,8,15
2024361485629,2024,361485629,586444,285138,0.7411,52.43242,3,3,1,14:30,-1,E07000143,3,0,1,0,2,"[19, 3]",-1,-1,0,0,0,1,0,0,0,0,0,8,18
2024361485638,2024,361485638,613986,340966,1.18185,52.92345,3,3,3,17:00,-1,E07000147,3,0,9,0,2,19,-1,-1,0,0,0,1,1,0,0,0,0,8,20
2024361485646,2024,361485646,637085,325188,1.51334,52.77219,3,3,4,20:10,-1,E07000147,6,0,1,0,2,"[19, 5]",-1,-1,"[10, 0]","[1, 0]",0,1,0,1,0,0,0,8,21
2024361485813,2024,361485813,589298,285305,0.78313,52.43294,3,3,7,16:41,-1,E07000143,3,0,1,0,2,19,4,5,0,0,0,0,0,1,0,0,0,8,31
2024361485917,2024,361485917,622009,304765,1.27649,52.5953,3,3,1,15:36,-1,E07000149,6,0,1,0,2,"[20, 2]",-1,-1,0,0,0,1,0,0,0,0,0,8,25
2024361485920,2024,361485920,561485,317559,0.39013,52.73156,3,3,2,19:08,-1,E07000146,6,0,1,0,2,-1,-1,-1,0,7,0,1,0,0,0,0,1,8,26
2024361485923,2024,361485923,621119,308167,1.26565,52.6262,3,3,3,08:15,-1,E07000148,6,0,1,0,1,19,"[1, 3]","[5, 7]",0,0,0,1,1,0,0,0,0,8,27
2024361486099,2024,361486099,615809,314853,1.1917,52.68835,2,2,1,15:09,-1,E07000144,3,0,1,0,1,19,"[8, 4]","[6, 8]",0,"[0, 1]",0,1,0,0,0,0,0,9,1
2024361486317,2024,361486317,604943,313717,1.03047,52.68237,3,3,2,11:11,-1,E07000143,6,0,1,0,2,19,7,3,0,1,0,1,0,0,0,0,0,9,2
2024361486377,2024,361486377,631519,314157,1.42322,52.67562,3,3,1,18:25,-1,E07000144,4,0,1,0,2,19,7,3,0,0,0,1,0,0,0,0,0,9,1
2024361486403,2024,361486403,620607,284374,1.24232,52.41286,2,2,2,14:00,-1,E07000149,6,0,1,0,2,"[19, 2]",5,1,"[4, 0]",0,0,1,0,1,0,0,0,9,2
2024361486654,2024,361486654,569178,337337,0.51418,52.90683,3,3,3,09:46,-1,E07000146,4,0,2,1,2,19,4,8,0,2,0,0,0,0,0,1,0,9,3
2024361486787,2024,361486787,650792,314348,1.70783,52.66877,2,2,2,07:44,-1,E07000145,6,0,1,0,2,19,7,3,0,0,0,1,1,0,0,0,0,9,2
2024361487057,2024,361487057,572132,325514,0.55182,52.79972,3,3,2,15:48,-1,E07000146,3,0,1,0,2,"[9, 19]","[2, 7]","[6, 3]",0,0,0,1,0,0,0,0,0,8,26
2024361487293,2024,361487293,622791,311457,1.29253,52.65504,3,3,4,16:24,-1,E07000148,3,0,1,0,1,"[19, 10]","[8, 4]","[4, 1]",0,0,0,1,0,0,0,0,0,9,4
2024361487349,2024,361487349,620747,311015,1.26206,52.65191,3,3,4,21:20,-1,E07000148,3,2,1,0,1,19,2,6,0,0,0,1,0,1,0,0,0,9,4
2024361487444,2024,361487444,563304,317960,0.41724,52.73462,3,3,2,10:50,-1,E07000146,3,0,1,0,2,-1,-1,-1,-1,-1,0,1,0,1,0,0,0,8,19
2024361487733,2024,361487733,587455,285274,0.75603,52.43329,2,2,5,15:50,-1,E07000143,3,0,1,0,2,"[9, 19]","[5, 1]","[3, 5]",0,"[7, 0]",0,1,0,1,0,0,0,9,5
2024361487743,2024,361487743,590524,319497,0.82079,52.73952,3,3,5,17:45,-1,E07000143,6,0,1,0,2,1,7,8,0,0,0,1,0,1,0,0,0,9,5
2024361487875,2024,361487875,624445,311494,1.31696,52.65469,3,3,6,15:03,-1,E07000144,3,0,1,0,1,"[10, 19]","[2, 6]","[6, 2]",0,0,0,1,1,0,0,0,0,8,16
2024361487968,2024,361487968,550540,300324,0.22031,52.57989,3,3,6,21:22,-1,E07000146,3,2,1,0,2,"[2, 19]","[0, 5]","[0, 1]","[0, 4]",0,0,1,0,0,0,0,0,8,16
2024361487988,2024,361487988,621917,311151,1.27942,52.65266,3,3,4,16:45,-1,E07000148,3,0,1,0,1,"[-1, 19]",-1,-1,0,0,0,1,0,0,0,0,0,9,4
2024361488074,2024,361488074,574453,308995,0.57744,52.65063,3,3,6,14:26,-1,E07000146,6,0,1,0,2,19,5,1,0,0,0,0,0,0,0,0,0,9,6
2024361488094,2024,361488094,596144,282033,0.88178,52.40115,2,"[2, 3]",6,16:20,-1,E07000143,3,0,1,0,2,"[13, 19]","[3, 7]","[7, 3]",0,0,0,1,0,0,0,0,0,9,6
2024361488121,2024,361488121,635993,325404,1.49734,52.77461,3,3,6,16:20,-1,E07000147,3,0,1,0,2,"[19, -1]","[7, -1]","[3, -1]","[0, -1]","[0, -1]",0,1,0,0,0,0,0,9,6
2024361488312,2024,361488312,629110,308659,1.38384,52.6273,3,3,5,17:22,-1,E07000144,3,0,1,0,2,"[13, 19]",6,1,0,"[7, 0]",0,1,0,1,0,0,0,8,29
2024361488317,2024,361488317,564022,321885,0.42983,52.76965,3,3,5,16:45,-1,E07000146,6,0,1,0,1,"[9, 19]",-1,-1,0,0,0,1,0,1,0,0,0,8,29
2024361488343,2024,361488343,617795,307746,1.21634,52.62376,3,3,4,17:25,-1,E07000149,6,0,1,0,2,"[12, 5]","[5, 3]",1,0,0,0,1,0,0,0,0,0,9,4
2024361488345,2024,361488345,628854,330280,1.39511,52.82144,3,3,6,08:40,-1,E07000147,6,0,1,0,1,"[3, 1]",5,1,0,0,0,1,1,0,0,0,0,9,6
2024361488353,2024,361488353,623326,308894,1.29869,52.63182,3,3,6,09:20,-1,E07000148,6,0,1,0,1,"[4, 10]",1,5,0,8,0,1,0,1,0,0,0,9,6
2024361488396,2024,361488396,618516,305304,1.22536,52.60156,3,3,7,09:52,-1,E07000149,3,0,1,0,2,19,3,7,0,1,1,1,0,0,0,0,0,9,7
2024361488408,2024,361488408,548538,309275,0.19481,52.66085,3,3,6,12:27,-1,E07000146,3,0,1,0,2,"[9, 19]","[7, 1]",5,0,0,0,1,0,0,0,0,0,9,6
2024361488800,2024,361488800,562703,321469,0.41009,52.76631,2,2,7,17:25,-1,E07000146,6,0,1,0,1,19,"[4, 6]","[4, 6]",0,0,0,1,1,0,0,0,0,9,7
2024361488926,2024,361488926,651917,303036,1.71581,52.56677,2,2,1,12:15,-1,E07000145,6,0,1,0,1,"[2, 19]","[0, 1]","[0, 5]",0,0,0,1,0,0,0,0,1,7,28
2024361489022,2024,361489022,591868,299830,0.82925,52.56246,3,3,1,16:30,-1,E07000143,3,0,2,1,2,19,7,4,0,1,11,0,0,1,0,0,0,9,8
2024361489075,2024,361489075,561228,302572,0.379,52.59702,3,3,2,12:53,-1,E07000146,6,0,1,1,1,"[19, 10]",7,"[7, 6]",0,0,0,1,0,0,0,0,0,9,9
2024361489083,2024,361489083,613686,324912,1.16688,52.77948,3,3,2,21:00,-1,E07000144,6,2,1,0,2,19,5,2,0,1,0,1,0,0,0,0,0,9,2
2024361489144,2024,361489144,627948,319714,1.37434,52.727,2,2,1,12:35,-1,E07000144,4,0,1,0,2,"[2, 9, 19]","[0, 3]","[0, 5, 7]","[0, 4]",0,0,1,1,0,0,0,0,8,25
2024361489281,2024,361489281,620674,342400,1.28214,52.93362,3,3,1,16:46,-1,E07000147,3,0,1,0,2,19,"[7, 3]","[3, 7]",0,0,0,1,0,0,0,0,0,9,8
2024361489374,2024,361489374,624337,310011,1.31436,52.64143,3,3,2,16:45,-1,E07000148,6,0,1,1,1,"[3, 19]",-1,-1,0,0,0,1,1,0,0,0,0,9,9
2024361489403,2024,361489403,620742,311249,1.26215,52.65401,3,3,2,12:00,-1,E07000144,6,0,1,-1,1,-1,-1,-1,"[0, -1]","[0, -1]",0,1,0,0,0,0,0,9,9
2024361489802,2024,361489802,613177,340394,1.16946,52.91864,1,"[2, 1]",3,19:36,-1,E07000147,3,2,2,1,2,19,"[7, 3]","[3, 7]",0,"[0, 1]",0,1,0,0,0,0,0,9,10
2024361489838,2024,361489838,602071,302249,0.98103,52.58049,3,3,7,21:46,-1,E07000149,6,2,1,0,2,19,3,7,0,1,0,1,0,0,0,0,0,8,24
2024361489843,2024,361489843,641959,309775,1.57412,52.63175,3,3,4,07:55,-1,E07000144,3,0,1,1,2,"[4, 19]",3,7,0,0,0,1,0,0,0,0,0,9,11
2024361490232,2024,361490232,618294,307527,1.22356,52.6216,3,3,4,18:20,-1,E07000149,6,0,1,0,1,"[3, -1]","[5, -1]","[1, -1]","[0, -1]","[0, -1]",0,1,1,0,0,0,0,9,11
2024361490268,2024,361490268,562472,320896,0.40638,52.76124,2,"[2, 3]",5,00:31,-1,E07000146,6,2,1,0,1,"[2, 19]","[0, 5]","[0, 1]","[10, 4]","[1, 0]",0,1,0,0,1,0,0,9,12
2024361490351,2024,361490351,568334,337876,0.50192,52.91194,2,2,1,15:45,-1,E07000146,3,0,1,0,2,"[19, 14]","[1, 3]","[2, 4]",0,0,0,1,0,1,0,0,0,8,11
2024361490358,2024,361490358,562368,318952,0.40388,52.74381,2,2,5,08:25,-1,E07000146,6,0,1,0,2,"[19, 9]","[4, 1]","[1, 5]",0,0,0,1,0,1,0,0,0,9,12
2024361490376,2024,361490376,616145,311944,1.19475,52.6621,2,2,5,08:20,-1,E07000149,6,0,1,0,1,4,5,1,0,0,0,1,0,0,0,0,1,9,12
2024361490495,2024,361490495,557931,317157,0.33735,52.729,3,3,5,04:49,-1,E07000146,3,2,2,1,2,19,3,7,0,7,0,1,0,0,0,0,0,8,22
2024361490532,2024,361490532,620697,308540,1.25967,52.62972,3,3,3,22:18,-1,E07000148,3,2,1,0,1,19,"[1, 7]","[5, 3]",0,0,0,1,1,0,0,0,0,8,27