collision_index,collision_year,collision_ref_no,location_easting_osgr,location_northing_osgr,longitude,latitude,casualty_severity,casualty_severity,day_of_week,time,local_authority_district,local_authority_ons_district,first_road_class,light_conditions,weather_conditions,road_surface_conditions,urban_or_rural_area,vehicle_manoeuvre,vehicle_direction_from,vehicle_direction_to,hit_object_in_carriageway,vehicle_leaving_carriageway,hit_object_off_carriageway,is_car,is_cyle,is_mcyle,is_goodsv,is_other,is_pedestrian,month,day
2024361490574,2024,361490574,601642,333394,0.99381,52.86025,2,"[3, 2]",5,13:45,-1,E07000147,4,0,1,0,2,19,3,7,0,0,0,0,0,1,0,0,0,6,20
2024361490594,2024,361490594,585505,322278,0.74811,52.76624,3,3,5,11:57,-1,E07000143,3,0,1,0,2,"[19, 4]",2,5,0,0,0,1,0,0,0,0,0,9,12
2024361490615,2024,361490615,623544,312467,1.30432,52.6638,2,2,5,13:40,-1,E07000144,6,0,1,0,1,"[19, 6]","[1, 5]","[5, 1]",0,"[1, 0]",0,1,0,1,0,0,0,9,12
2024361490639,2024,361490639,652853,305732,1.73165,52.59052,3,3,5,13:25,-1,E07000145,6,0,1,0,1,19,"[6, 4]","[2, 8]",0,0,0,1,1,0,0,0,0,8,29
2024361490915,2024,361490915,610325,318247,1.11285,52.72097,2,2,6,08:54,-1,E07000144,6,0,1,0,2,"[15, 9]","[3, 7]","[7, 1]",0,0,0,1,0,1,0,0,0,9,13
2024361490936,2024,361490936,616804,288148,1.18894,52.44825,3,3,3,08:40,-1,E07000149,4,0,1,0,2,"[4, 19]",7,3,0,0,0,1,0,1,0,0,0,8,27
2024361490965,2024,361490965,631987,309288,1.42671,52.63173,3,3,4,07:00,-1,E07000144,3,0,1,0,2,"[19, 13]",5,"[3, 7]",0,0,0,1,0,1,0,0,0,8,28
2024361491067,2024,361491067,652004,305885,1.71926,52.59229,3,3,3,16:28,-1,E07000145,6,0,1,0,1,"[5, 3]",7,3,0,0,0,1,0,0,0,0,0,8,20
2024361491141,2024,361491141,582328,309019,0.69373,52.64825,3,3,5,08:45,-1,E07000143,6,0,1,0,2,19,2,6,0,0,0,1,0,0,0,0,1,9,12
2024361491280,2024,361491280,623514,314109,1.30499,52.67855,3,3,7,06:18,-1,E07000144,3,0,1,0,2,19,3,7,12,1,0,1,0,0,0,0,0,9,14
2024361491291,2024,361491291,622499,311600,1.28831,52.65645,3,3,4,20:35,-1,E07000148,3,2,2,1,1,-1,-1,-1,-1,-1,0,1,1,0,0,0,0,9,11
2024361491403,2024,361491403,584792,287568,0.71818,52.4548,3,3,7,13:48,-1,E07000143,3,0,1,0,2,9,5,1,0,"[7, 0]",0,1,0,1,0,0,0,9,14
2024361491672,2024,361491672,598407,316875,0.93582,52.71315,3,3,1,13:00,-1,E07000143,6,0,1,0,2,"[9, 19]","[7, 5]","[4, 1]",0,0,0,1,0,0,0,0,0,9,15
2024361491685,2024,361491685,566157,291106,0.44597,52.49256,2,2,7,15:29,-1,E07000146,6,0,1,0,2,7,7,3,0,0,0,0,0,1,0,0,0,9,14
2024361491703,2024,361491703,628842,305030,1.37737,52.59485,2,"[3, 2]",1,13:50,-1,E07000149,6,0,1,0,2,"[9, 19]","[5, 3]","[3, 7]",0,"[3, 0]",0,1,0,0,0,0,0,9,15
2024361491736,2024,361491736,586828,282792,0.74543,52.41122,3,3,6,06:55,-1,E07000143,3,0,1,0,1,"[3, 19, 15]","[1, 5]","[5, 1]","[0, -1]","[0, -1]",0,1,0,0,1,0,0,9,13
2024361491794,2024,361491794,635482,299374,1.47121,52.54126,3,3,1,22:40,-1,E07000149,6,2,1,0,2,19,"[3, 7]","[7, 3]",0,0,0,1,0,0,0,0,0,9,15
2024361491899,2024,361491899,623256,308589,1.29745,52.62911,3,3,4,12:04,-1,E07000148,6,0,1,0,1,5,1,2,0,0,0,0,0,0,1,0,1,9,11
2024361492286,2024,361492286,651781,303936,1.71449,52.5749,3,3,3,10:10,-1,E07000145,6,0,1,0,1,"[5, 19]","[7, 5]","[4, 2]",0,0,0,1,0,0,0,0,0,8,6
2024361492304,2024,361492304,599071,311690,0.9425,52.66635,2,2,3,08:38,-1,E07000143,3,0,1,0,1,19,"[5, 3]","[6, 7]",0,0,0,1,1,0,0,0,0,9,17
2024361492321,2024,361492321,563241,318297,0.41648,52.73766,3,3,7,20:45,-1,E07000146,3,2,1,0,1,19,"[3, 1]","[7, 8]",0,0,0,1,0,0,0,0,0,9,7
2024361492501,2024,361492501,565365,320270,0.4489,52.75474,3,3,2,09:39,-1,E07000146,3,0,1,0,2,"[13, 19]",-1,-1,0,0,0,1,1,0,0,0,0,9,16
2024361492546,2024,361492546,653119,308974,1.73805,52.61948,3,3,7,14:45,-1,E07000145,6,0,1,0,1,"[19, 6]","[5, 7]","[1, 3]",0,0,0,1,0,0,0,0,0,8,31
2024361492607,2024,361492607,613193,303086,1.14546,52.58376,3,3,3,17:10,-1,E07000149,6,0,8,0,1,"[7, -1]","[1, -1]","[3, -1]","[0, -1]","[0, -1]",0,1,1,0,0,0,0,9,17
2024361492771,2024,361492771,585327,283268,0.72366,52.416,3,3,6,16:32,-1,E07000143,3,0,1,0,2,"[2, 19]","[0, 5]","[0, 1]","[0, 4]",0,0,1,0,0,1,0,0,8,30
2024361492782,2024,361492782,615599,310799,1.18594,52.65204,3,3,2,12:15,-1,E07000149,6,0,1,0,2,8,-1,-1,0,0,0,1,0,0,0,0,0,9,16
2024361492800,2024,361492800,624530,283343,1.29921,52.40201,2,2,5,11:46,-1,E07000149,6,0,1,0,2,1,5,1,0,0,0,1,0,0,0,0,1,5,23
2024361492876,2024,361492876,621698,307741,1.2739,52.62214,3,3,2,10:20,-1,E07000148,6,0,2,1,1,9,8,6,0,0,0,1,0,0,0,0,1,9,9
2024361492935,2024,361492935,571321,325453,0.53977,52.79943,3,3,4,11:00,-1,E07000146,3,0,1,0,2,"[19, 2]",7,3,"[4, 0]",0,0,1,0,0,0,0,0,9,18
2024361493159,2024,361493159,622605,307722,1.28726,52.6216,3,3,6,15:34,-1,E07000148,3,0,9,0,1,-1,"[5, -1]","[6, -1]","[-1, 0]","[-1, 0]",0,1,0,0,1,0,0,9,6
2024361493193,2024,361493193,627104,319945,1.36203,52.72943,3,3,7,13:25,-1,E07000144,6,0,1,0,2,19,5,1,0,0,0,1,0,0,0,0,1,9,14
2024361493222,2024,361493222,598920,313170,0.94116,52.6797,2,2,4,19:55,-1,E07000143,6,2,1,0,1,19,1,5,0,0,0,0,0,1,0,0,0,9,18
2024361493231,2024,361493231,625190,308404,1.32585,52.62665,2,2,5,00:40,-1,E07000144,3,2,1,0,1,19,7,3,0,7,1,1,0,0,0,0,0,9,19
2024361493232,2024,361493232,563582,322255,0.4235,52.77311,2,2,5,05:55,-1,E07000146,3,0,1,0,2,19,3,7,0,1,0,1,0,0,0,0,0,9,19
2024361493323,2024,361493323,652252,307479,1.72413,52.60647,3,3,7,15:05,-1,E07000145,3,0,1,0,1,19,-1,-1,0,0,0,1,0,0,1,0,0,9,14
2024361493393,2024,361493393,616713,314329,1.2047,52.68328,3,3,4,14:45,-1,E07000144,3,0,1,0,1,"[19, 10]",7,"[3, 5]",0,0,0,1,0,0,0,1,0,9,11
2024361493442,2024,361493442,562031,320713,0.39976,52.75972,2,2,3,17:25,-1,E07000146,6,0,1,0,1,19,1,5,0,0,0,1,0,0,0,0,1,9,17
2024361493604,2024,361493604,603577,313550,1.01018,52.68138,3,3,5,18:42,-1,E07000143,3,0,1,0,2,19,7,3,0,1,4,1,0,0,0,0,0,9,19
2024361493619,2024,361493619,605819,287519,1.02716,52.44685,2,2,4,20:24,-1,E07000143,6,2,1,0,2,"[9, 19]","[2, 7]","[8, 2]",0,0,0,1,0,1,0,0,0,9,18
2024361493781,2024,361493781,628441,312483,1.37661,52.6619,3,3,4,01:13,-1,E07000144,6,0,1,0,2,19,1,5,10,0,0,1,0,0,0,0,0,9,11
2024361493803,2024,361493803,586832,282787,0.74549,52.41117,3,3,2,08:29,-1,E07000143,3,0,2,1,1,19,"[4, 6]","[8, 2]",0,0,0,1,1,0,0,0,0,9,9
2024361493842,2024,361493842,581798,310133,0.68652,52.65844,3,3,1,13:55,-1,E07000143,3,0,1,0,2,4,4,8,0,0,0,1,0,0,0,0,0,9,15
2024361493977,2024,361493977,553108,314397,0.2647,52.70559,3,3,6,15:38,-1,E07000146,6,0,1,0,2,"[19, 9]",3,"[7, 1]",0,"[5, 0]",0,1,0,0,0,0,0,9,20
2024361494017,2024,361494017,640554,310361,1.55382,52.63763,3,3,6,18:00,-1,E07000144,6,0,1,0,2,"[3, 9]","[7, 5]","[3, 1]",0,0,0,1,0,0,0,0,0,9,20
2024361494117,2024,361494117,618655,309762,1.23036,52.64151,3,3,2,15:05,-1,E07000148,6,0,1,0,1,"[-1, 19]",-1,-1,"[-1, 0]","[-1, 0]",0,1,1,0,0,0,0,9,16
2024361494118,2024,361494118,586775,282862,0.7447,52.41187,3,3,3,08:30,-1,E07000143,3,0,1,0,1,"[9, 14]",-1,-1,0,0,0,1,0,1,0,0,0,9,17
2024361494171,2024,361494171,585768,282264,0.72958,52.40684,2,2,7,10:12,-1,E07000143,6,0,1,0,1,19,"[6, 2]","[2, 6]",0,0,0,1,0,0,0,0,0,9,21
2024361494488,2024,361494488,591848,329774,0.8464,52.83132,3,3,1,12:30,-1,E07000147,6,0,1,0,2,1,1,1,0,7,0,1,0,0,0,0,0,9,22
2024361494646,2024,361494646,601905,301161,0.97792,52.57078,2,2,1,23:45,-1,E07000149,6,2,1,1,2,19,5,1,0,0,0,1,0,0,0,0,0,9,22
2024361494673,2024,361494673,626573,302649,1.34231,52.57443,3,3,2,09:30,-1,E07000149,4,0,1,0,2,"[19, 9]",8,"[4, 7]",0,0,0,1,0,0,0,0,0,9,16
2024361494736,2024,361494736,653093,307063,1.7362,52.60235,3,3,7,12:45,-1,E07000145,6,0,1,0,1,19,"[5, 3]","[1, 7]",0,0,0,1,1,0,0,0,0,9,7
2024361494797,2024,361494797,593870,327174,0.87483,52.80726,3,3,2,10:20,-1,E07000147,6,0,2,1,2,"[2, 19]","[0, 7]","[0, 3]","[4, 0]",0,0,1,1,0,0,0,0,9,23
2024361494938,2024,361494938,624070,309230,1.30989,52.63453,3,3,2,15:00,-1,E07000148,3,0,1,0,1,"[5, 11]","[1, 7]",3,0,0,0,1,1,0,0,0,0,9,23
2024361495058,2024,361495058,560337,315489,0.37213,52.71331,2,2,3,05:05,-1,E07000146,6,2,2,1,2,19,"[6, 1]","[2, 5]",0,0,0,1,0,0,0,0,0,9,24
2024361495078,2024,361495078,550804,303112,0.22548,52.60487,2,2,3,07:15,-1,E07000146,3,0,1,1,2,"[9, 19]",8,6,0,0,0,1,0,0,0,0,0,9,24
2024361495093,2024,361495093,607533,322442,1.07423,52.7597,3,3,3,07:07,-1,E07000144,4,0,2,1,2,19,7,3,0,7,4,1,0,0,0,0,0,9,24
2024361495094,2024,361495094,567773,341439,0.49543,52.94411,2,"[3, 2]",7,17:00,-1,E07000146,6,0,1,0,2,"[7, 3]",3,1,0,0,0,1,0,0,0,0,0,9,21
2024361495183,2024,361495183,571417,315414,0.53595,52.70924,3,3,5,22:59,-1,E07000146,3,2,1,0,2,"[19, 8]","[8, 4]","[4, 8]",0,"[1, 0]","[10, 0]",1,0,0,0,0,0,9,12
2024361495259,2024,361495259,625557,283264,1.31423,52.40088,2,"[3, 2]",3,08:35,-1,E07000149,3,0,2,1,2,"[13, 19]","[6, 2]","[2, 6]",0,0,0,1,0,0,1,1,0,9,24
2024361495377,2024,361495377,622408,308870,1.28513,52.63198,3,3,3,14:01,-1,E07000148,3,0,1,0,1,19,"[7, 5]","[4, 2]",0,0,0,1,1,0,0,0,0,9,24
2024361495488,2024,361495488,554823,313683,0.28973,52.69869,3,3,3,19:05,-1,E07000146,6,2,1,0,2,"[19, 9]","[8, 2]","[4, 8]",0,0,0,1,0,1,0,0,0,9,24
2024361495520,2024,361495520,652208,303563,1.7205,52.57136,3,3,3,15:40,-1,E07000145,4,0,1,0,1,"[19, 4]",1,5,0,0,0,1,0,0,0,0,0,9,24
2024361495560,2024,361495560,618872,285016,1.21727,52.41931,3,3,3,10:40,-1,E07000149,6,0,1,1,2,"[9, 19]","[1, 7]","[7, 3]",0,"[3, 7]","[0, 9]",1,0,0,0,0,0,9,24
2024361495605,2024,361495605,620621,310535,1.25988,52.64766,2,2,4,08:00,-1,E07000148,3,0,1,0,2,"[7, 19]",1,"[3, 5]",0,0,0,1,1,0,0,0,0,9,11
2024361495660,2024,361495660,622899,306480,1.29076,52.61033,2,2,7,19:04,-1,E07000148,3,0,1,0,1,"[5, 19]","[3, 7]","[7, 3]",0,0,0,1,1,0,0,0,0,9,21
2024361495833,2024,361495833,597457,308710,0.91688,52.64019,2,2,4,14:09,-1,E07000143,3,0,2,1,2,"[15, 19]",2,6,0,1,0,1,1,0,0,0,0,9,25
2024361495906,2024,361495906,625129,310543,1.32641,52.64588,3,3,3,08:15,-1,E07000148,6,0,1,0,1,5,1,5,0,0,0,1,0,0,0,0,1,9,24
2024361496104,2024,361496104,563169,307532,0.41008,52.641,2,2,5,10:20,-1,E07000146,3,0,1,1,2,"[19, 3]",5,1,"[4, 0]","[1, 0]",0,1,0,0,1,0,0,9,26
2024361496267,2024,361496267,623544,308539,1.30166,52.62855,3,3,6,20:45,-1,E07000148,6,2,1,0,1,"[9, 19]","[1, 3]",7,0,0,0,1,0,1,0,0,0,9,20
2024361496333,2024,361496333,619933,305887,1.24664,52.60622,3,3,7,10:15,-1,E07000149,6,0,1,0,1,"[19, 9]","[7, 5]","[2, 1]",0,0,0,1,1,0,0,0,0,9,21
2024361496410,2024,361496410,628164,308176,1.36955,52.62337,3,3,4,17:16,-1,E07000149,3,0,1,0,2,19,6,2,0,0,0,1,0,0,0,0,0,9,25
2024361496412,2024,361496412,622304,306710,1.28214,52.61264,3,3,5,18:42,-1,E07000148,3,2,2,1,1,"[9, 19]","[6, 2]","[3, 5]",0,0,0,1,1,0,0,0,0,9,26
2024361496493,2024,361496493,615401,302435,1.17758,52.57705,3,3,5,17:02,-1,E07000149,6,0,1,1,2,5,7,7,0,7,9,1,0,0,0,0,0,9,26
2024361496497,2024,361496497,652553,307317,1.72844,52.60488,3,3,6,00:40,-1,E07000145,4,2,2,1,1,2,0,0,0,1,0,1,0,0,0,0,0,9,27
2024361496527,2024,361496527,639567,311016,1.53974,52.64394,3,3,4,22:10,-1,E07000144,6,2,1,1,2,19,8,4,0,0,0,1,0,0,0,0,1,9,11
2024361496534,2024,361496534,636127,302788,1.48313,52.57162,2,2,6,08:15,-1,E07000149,6,0,2,1,2,14,8,4,0,0,0,1,0,0,0,0,1,9,27
2024361496732,2024,361496732,601344,281395,0.95772,52.39353,3,3,6,08:13,-1,E07000143,3,0,2,1,2,"[4, 19]",3,7,"[4, 0]",0,0,1,0,0,1,0,0,9,27
2024361496925,2024,361496925,591669,343444,0.85179,52.95412,3,3,7,17:50,-1,E07000147,6,0,1,0,2,"[1, 3]",-1,-1,0,0,0,1,0,1,0,0,0,9,21
2024361496930,2024,361496930,618322,307248,1.22379,52.61908,3,3,2,07:50,-1,E07000149,6,0,2,1,2,"[19, 5]",1,"[-1, 6]",0,0,0,1,0,1,0,0,0,9,23
2024361496939,2024,361496939,652153,308014,1.72308,52.61132,3,3,6,10:25,-1,E07000145,4,0,1,0,1,19,-1,-1,0,0,0,1,0,0,0,0,0,9,20
2024361497040,2024,361497040,624956,306254,1.32094,52.60746,3,3,7,11:48,-1,E07000149,3,0,1,0,2,"[19, 9]","[4, 6]","[8, 4]",0,0,0,1,0,0,1,0,0,9,28
2024361497132,2024,361497132,652842,308579,1.73366,52.61606,3,3,7,15:36,-1,E07000145,6,0,1,0,1,"[9, 19]","[7, 1]",5,0,0,0,1,0,0,0,0,0,9,28
2024361497442,2024,361497442,621721,307093,1.27381,52.61631,2,2,1,16:50,-1,E07000148,3,0,1,0,1,"[5, 19]","[4, 1]","[1, 7]",0,0,0,1,1,0,0,0,0,9,29
2024361497618,2024,361497618,650215,304194,1.69163,52.57794,3,3,1,22:25,-1,E07000145,6,2,1,0,1,"[19, -1]","[8, -1]","[4, -1]","[0, -1]","[0, -1]",0,1,0,0,0,0,0,9,29
2024361497636,2024,361497636,572801,297558,0.54708,52.54844,2,"[3, 2]",4,16:56,-1,E07000146,4,0,1,0,2,"[9, 13]",4,"[2, 8]",0,"[7, 1]",0,1,0,0,0,0,0,8,21
2024361497805,2024,361497805,652344,311100,1.72825,52.63891,2,2,1,15:50,-1,E07000145,3,0,1,0,2,19,8,5,0,0,0,0,0,1,1,0,0,8,18
2024361497917,2024,361497917,636200,298741,1.48132,52.53527,3,3,2,20:10,-1,E07000149,6,2,1,1,2,2,"[0, 5]","[0, 1]","[0, 4]",0,0,1,0,0,0,0,0,9,30
2024361497959,2024,361497959,587070,283640,0.74946,52.41875,3,3,3,05:06,-1,E07000143,6,2,1,0,1,5,2,6,0,0,0,1,0,0,0,0,1,10,1
2024361498031,2024,361498031,588910,307111,0.78981,52.62887,3,3,3,03:15,-1,E07000143,6,2,2,1,2,19,6,2,0,1,0,1,0,0,0,0,0,10,1
2024361498054,2024,361498054,622410,308466,1.28489,52.62836,3,3,5,17:01,-1,E07000148,3,0,1,0,1,19,"[6, 1]","[2, 5]",0,0,0,1,1,0,0,0,0,9,19
2024361498062,2024,361498062,632482,330426,1.44896,52.8212,2,2,7,16:20,-1,E07000147,6,0,1,0,2,19,3,7,0,0,0,0,0,1,0,0,0,3,9
2024361498133,2024,361498133,620675,310828,1.26087,52.65026,3,3,3,09:51,-1,E07000148,3,0,2,1,1,"[9, 19]","[6, 1]","[4, 5]",0,"[7, 0]",0,1,0,0,0,0,0,10,1
2024361498364,2024,361498364,562194,319065,0.40136,52.74487,3,3,3,19:31,-1,E07000146,3,2,1,1,1,"[7, 19]","[4, 7]","[1, 4]",0,0,0,1,0,1,0,0,0,10,1
2024361498476,2024,361498476,621093,312146,1.26793,52.66192,3,3,1,14:30,-1,E07000144,6,0,1,0,1,19,8,4,0,0,0,1,0,0,0,0,1,9,29
2024361498517,2024,361498517,597771,317313,0.92668,52.71731,3,3,5,14:00,-1,E07000143,6,0,1,0,2,9,-1,-1,0,0,0,1,1,0,0,0,0,9,26
2024361498600,2024,361498600,592253,300607,0.83537,52.5693,3,3,5,16:55,-1,E07000143,6,0,1,0,2,"[19, 7]","[-1, 1]","[-1, 3]",0,0,0,1,1,0,0,0,0,9,19
2024361498635,2024,361498635,626410,310892,1.34555,52.64848,3,3,3,08:15,-1,E07000144,6,0,2,1,1,"[19, 10]","[1, 8]","[5, 7]",0,0,0,1,0,1,0,0,0,10,1
2024361498831,2024,361498831,595643,318566,0.89596,52.72934,2,2,4,21:29,-1,E07000143,4,2,1,0,2,19,8,4,0,7,0,0,0,1,0,0,0,10,2
2024361498875,2024,361498875,566495,305058,0.45794,52.61777,3,3,4,07:38,-1,E07000146,3,0,2,1,2,"[8, 9]","[2, 5]","[5, 2]",0,0,0,1,0,1,0,0,0,10,2
2024361499244,2024,361499244,619445,326619,1.25326,52.79249,2,2,6,12:30,-1,E07000144,6,0,1,0,2,-1,-1,-1,-1,-1,0,0,0,0,0,1,1,9,13
2024361499263,2024,361499263,589155,282757,0.77958,52.41011,1,1,5,20:15,-1,E07000143,3,2,1,0,2,13,7,3,0,1,0,0,0,1,0,0,0,10,3
2024361499335,2024,361499335,624075,307309,1.30866,52.61729,3,3,5,15:50,-1,E07000148,3,0,1,0,1,19,7,3,0,0,0,1,0,0,0,0,0,9,26
2024361499345,2024,361499345,627241,313862,1.35985,52.67478,3,3,6,07:23,-1,E07000144,3,0,1,0,2,19,7,"[4, 3]",0,0,0,1,1,0,0,0,0,10,4
2024361499674,2024,361499674,618607,287737,1.21516,52.44384,3,3,2,06:50,-1,E07000149,3,2,2,1,2,"[3, 4]",5,2,0,0,0,1,0,0,1,0,0,9,30
2024361499720,2024,361499720,563033,318472,0.41349,52.7393,3,3,5,16:53,-1,E07000146,3,0,1,0,1,"[19, 9]","[8, 3]","[4, 2]",0,"[1, 7]",0,1,0,0,0,0,0,9,12
2024361499734,2024,361499734,586837,282046,0.74515,52.40452,3,3,6,19:20,-1,E07000143,3,2,1,0,2,"[19, 9]","[1, 4]","[5, 1]",0,0,0,1,0,0,0,0,0,10,4
2024361499922,2024,361499922,622050,305189,1.27738,52.59909,3,3,7,15:50,-1,E07000148,3,0,1,0,2,"[19, 9]","[5, 3]",1,0,0,0,1,0,0,0,0,0,10,5
2024361499973,2024,361499973,562103,319754,0.40036,52.75109,3,3,3,08:56,-1,E07000146,3,0,2,1,1,"[5, 19]","[3, 1]","[7, 5]",0,0,0,1,0,0,0,0,0,10,1
2024361500039,2024,361500039,602229,300660,0.98239,52.56616,3,3,5,06:28,-1,E07000149,6,2,1,0,2,-1,-1,-1,0,7,0,1,0,0,0,0,0,10,3
2024361500044,2024,361500044,598958,313369,0.94184,52.68147,3,3,4,15:45,-1,E07000143,6,0,1,0,1,19,3,1,0,0,0,1,0,0,0,0,1,10,2
2024361500054,2024,361500054,562414,320407,0.40528,52.75686,3,3,5,13:50,-1,E07000146,3,0,1,0,1,"[4, 5]","[6, 1]","[2, -1]",0,"[7, 0]",0,1,0,0,0,0,0,10,3
2024361500064,2024,361500064,608699,297817,1.07592,52.5382,3,3,4,16:15,-1,E07000149,3,0,1,0,2,-1,-1,-1,-1,-1,0,1,0,0,0,0,0,9,25
2024361500100,2024,361500100,563699,311082,0.41967,52.67272,3,3,1,10:00,-1,E07000146,3,0,1,0,2,"[9, 19]",5,"[3, 1]",0,0,0,1,0,1,0,0,0,10,6
2024361500298,2024,361500298,643362,310461,1.59531,52.63728,3,3,1,14:45,-1,E07000145,6,0,1,0,2,19,5,1,0,7,3,1,0,0,0,0,0,10,6
2024361500453,2024,361500453,630499,337221,1.42438,52.88302,3,3,2,08:11,-1,E07000147,6,0,1,1,2,"[2, 19]","[0, 7]","[0, 3]","[0, 4]",0,0,1,0,0,1,0,0,10,7
2024361500471,2024,361500471,624695,313125,1.32176,52.66923,2,2,2,07:46,-1,E07000144,4,0,1,1,2,19,1,5,0,7,0,1,0,0,0,0,0,10,7
2024361500665,2024,361500665,652660,304441,1.72782,52.57903,3,3,6,11:50,-1,E07000145,6,0,2,1,1,2,0,0,0,0,0,1,0,0,0,0,1,9,13
2024361500748,2024,361500748,594907,294195,0.87072,52.51079,2,2,2,18:28,-1,E07000143,3,2,1,0,2,"[19, 9]","[5, 1]","[1, 7]",0,0,0,1,0,1,0,0,0,10,7
2024361500751,2024,361500751,619800,304417,1.2437,52.59308,3,3,2,17:17,-1,E07000149,3,0,1,0,2,"[19, 4]",8,4,0,0,0,1,0,0,0,0,0,10,7
2024361500899,2024,361500899,552998,303028,0.25781,52.6035,2,2,3,07:00,-1,E07000146,6,0,1,1,2,"[7, 15]","[1, 4]","[3, 8]",0,1,0,1,0,1,0,0,0,10,8
2024361500916,2024,361500916,599604,286331,0.93513,52.43849,3,3,5,05:25,-1,E07000143,6,0,1,0,2,"[19, 2]","[5, 0]","[7, 0]","[4, 0]",0,0,1,0,0,0,0,0,10,3
2024361501149,2024,361501149,620934,308976,1.26346,52.63354,2,2,2,16:14,-1,E07000148,6,0,1,0,1,"[9, 19]",7,7,0,0,0,1,0,1,0,0,0,10,7
2024361501222,2024,361501222,613278,307579,1.14961,52.62406,2,"[3, 2]",3,15:41,-1,E07000149,4,0,1,1,2,19,"[5, 3]","[1, 7]",0,"[3, 7]",0,1,0,0,0,0,0,10,8
2024361501493,2024,361501493,564049,321873,0.43022,52.76953,3,3,7,14:14,-1,E07000146,3,0,1,0,1,19,3,7,0,0,0,1,0,0,0,0,0,9,28
2024361501533,2024,361501533,652152,308093,1.72312,52.61202,3,3,4,10:50,-1,E07000145,3,0,1,0,1,"[19, 15]",5,"[5, 7]",0,0,0,1,0,0,0,0,0,10,9
2024361501708,2024,361501708,562192,319559,0.40158,52.74931,3,3,1,12:30,-1,E07000146,3,0,9,-1,1,"[12, 19]",4,"[3, 8]",0,0,0,1,0,1,0,0,0,9,29
2024361501773,2024,361501773,614847,307616,1.17278,52.62377,3,3,4,16:47,-1,E07000149,4,0,1,1,2,19,"[7, 3]","[3, 7]",0,"[0, 1]",0,1,0,0,0,0,0,10,9
2024361501780,2024,361501780,563164,320480,0.41642,52.75729,3,3,4,16:48,-1,E07000146,3,0,2,1,1,"[8, 19]","[1, 3]",7,0,0,0,1,1,0,0,0,0,10,9
2024361501804,2024,361501804,642760,313623,1.58876,52.66592,2,2,4,19:00,-1,E07000145,4,2,2,1,2,19,6,2,12,0,0,1,0,0,0,0,0,10,9
2024361502011,2024,361502011,614518,309428,1.1691,52.64016,3,3,5,08:00,-1,E07000149,6,0,1,-1,2,"[13, 19]",-1,-1,0,0,0,1,1,0,0,0,0,10,10
2024361502158,2024,361502158,644611,314009,1.61636,52.66855,3,3,5,14:03,-1,E07000145,3,0,1,0,2,19,3,3,0,1,2,1,0,0,0,0,0,10,10
2024361502222,2024,361502222,563140,320473,0.41606,52.75724,2,2,5,17:20,-1,E07000146,3,0,1,0,1,19,"[3, 1]","[7, 5]",0,0,0,1,1,0,0,0,0,10,10
2024361502264,2024,361502264,593627,311317,0.86188,52.66498,2,2,5,20:33,-1,E07000143,6,2,1,1,2,19,2,6,0,8,0,1,0,0,0,0,0,10,10
2024361502428,2024,361502428,550193,305128,0.21737,52.62314,2,"[3, 2]",4,07:47,-1,E07000146,3,0,2,1,2,"[9, 19]",8,"[6, 4]",0,"[8, 7]",0,1,0,0,0,0,0,10,2
2024361502482,2024,361502482,622116,341976,1.30327,52.92922,3,3,6,11:28,-1,E07000147,3,0,1,0,2,"[15, 9]","[7, 6]","[5, 1]",0,0,0,1,0,1,0,0,0,10,11
2024361502595,2024,361502595,598672,312133,0.93687,52.67048,3,3,6,16:55,-1,E07000143,3,0,1,0,1,19,"[7, 3]","[3, 7]",0,"[0, 1]",0,1,0,0,0,0,0,10,11
2024361502731,2024,361502731,652390,307930,1.7265,52.61045,3,3,4,17:51,-1,E07000145,4,0,8,1,1,"[19, 9]","[3, 5]","[7, 2]",0,0,0,1,0,0,0,0,0,10,9
2024361502739,2024,361502739,621679,311763,1.27632,52.65825,3,3,1,11:45,-1,E07000144,3,0,1,0,1,19,8,4,0,0,0,0,0,0,0,1,1,10,6
2024361502746,2024,361502746,623014,309664,1.29461,52.63886,3,3,6,17:33,-1,E07000148,6,0,8,-1,1,-1,-1,-1,-1,-1,0,0,1,0,0,0,0,10,4
2024361502793,2024,361502793,622837,307993,1.29087,52.62394,3,3,6,13:10,-1,E07000148,3,0,1,0,1,"[3, 19]","[8, 7]","[4, 3]",0,0,0,1,1,0,0,0,0,10,4
2024361502804,2024,361502804,650789,312679,1.70651,52.6538,2,2,6,15:33,-1,E07000145,3,0,1,0,2,19,7,3,0,1,0,0,0,1,0,0,0,10,4
2024361503243,2024,361503243,616774,304091,1.19889,52.59137,3,3,2,01:30,-1,E07000149,3,2,1,0,2,19,7,3,0,1,11,1,0,0,0,0,0,10,14
2024361503317,2024,361503317,574979,296740,0.57874,52.5404,2,2,2,06:56,-1,E07000146,3,2,2,1,2,19,"[5, 8]","[4, 7]",0,0,0,1,0,0,1,0,0,10,14
2024361503353,2024,361503353,602684,293249,0.98458,52.49946,3,3,2,10:59,-1,E07000143,3,0,1,1,2,"[19, 13]",6,"[1, 4]","[0, 7]","[0, 5]","[0, 6]",1,0,0,0,0,0,10,14
2024361503477,2024,361503477,623623,308585,1.30286,52.62893,3,3,4,17:37,-1,E07000148,6,0,1,0,1,"[15, 19]",8,4,0,0,0,1,0,0,0,0,0,10,9