collision_index,collision_year,collision_ref_no,location_easting_osgr,location_northing_osgr,longitude,latitude,casualty_severity,casualty_severity,day_of_week,time,local_authority_district,local_authority_ons_district,first_road_class,light_conditions,weather_conditions,road_surface_conditions,urban_or_rural_area,vehicle_manoeuvre,vehicle_direction_from,vehicle_direction_to,hit_object_in_carriageway,vehicle_leaving_carriageway,hit_object_off_carriageway,is_car,is_cyle,is_mcyle,is_goodsv,is_other,is_pedestrian,month,day
2024361517524,2024,361517524,620281,311945,1.25581,52.66045,2,"[3, 2]",1,16:05,-1,E07000144,6,2,2,1,1,19,2,5,7,0,0,1,0,0,0,0,0,11,17
2024361517532,2024,361517532,622094,309532,1.28094,52.63805,3,3,1,17:15,-1,E07000148,6,2,2,1,1,"[9, 19]","[2, 8]","[8, 4]",0,0,0,1,0,0,0,0,0,11,17
2024361517550,2024,361517550,626230,310080,1.34233,52.64126,3,3,1,19:50,-1,E07000144,6,2,7,1,1,"[4, 19]","[1, 7]","[5, 3]","[0, 7]",0,0,1,0,0,0,0,0,11,17
2024361517556,2024,361517556,615758,342972,1.2095,52.94075,3,3,5,18:40,-1,E07000147,3,2,1,0,2,19,"[1, 3]","[5, 7]",0,0,0,1,0,0,0,0,0,11,14
2024361517600,2024,361517600,562057,318074,0.39885,52.73601,1,1,1,21:53,-1,E07000146,3,2,1,1,2,19,7,3,0,0,0,1,0,0,0,0,1,11,17
2024361517689,2024,361517689,636831,326054,1.51021,52.78008,3,3,7,18:45,-1,E07000147,6,2,2,1,2,"[19, 5]","[4, 6]","[1, 4]",0,0,0,1,0,0,0,0,0,11,16
2024361517768,2024,361517768,562705,318642,0.40872,52.74092,2,"[2, 3]",7,19:40,-1,E07000146,3,2,1,0,1,19,"[4, 8]","[8, 4]",0,0,0,1,0,0,0,0,0,11,16
2024361517780,2024,361517780,624236,308353,1.31174,52.62659,3,3,5,08:50,-1,E07000148,6,0,1,0,1,"[3, 19]",-1,-1,0,0,0,1,0,0,0,0,0,11,14
2024361517842,2024,361517842,605805,296457,1.03247,52.52709,3,3,6,20:20,-1,E07000143,3,2,1,1,2,"[4, 19]",3,1,0,"[0, 1]",0,1,0,0,0,0,0,11,15
2024361517863,2024,361517863,607389,319279,1.0701,52.73136,3,3,2,10:30,-1,E07000143,3,0,1,1,2,"[8, 10, 19]","[1, 5, 4, 7]","[3, 1, 7]",0,"[0, 1]",0,1,0,0,0,0,0,11,18
2024361518181,2024,361518181,615083,312223,1.17926,52.66503,3,3,1,11:20,-1,E07000149,6,0,1,0,1,19,-1,-1,0,0,0,1,1,0,0,0,0,11,17
2024361518217,2024,361518217,652463,305979,1.72609,52.59292,3,3,2,08:30,-1,E07000145,6,0,1,0,1,"[4, -1]",-1,-1,"[0, -1]","[0, -1]",0,1,0,0,0,0,0,11,18
2024361518245,2024,361518245,564261,322773,0.43381,52.77755,3,3,5,08:50,-1,E07000146,6,0,9,-1,1,-1,-1,-1,-1,-1,0,1,1,0,0,0,0,10,24
2024361518265,2024,361518265,637996,295609,1.50551,52.50639,2,"[3, 2]",3,10:30,-1,E07000149,3,0,8,1,2,19,"[1, 5]","[2, 1]",0,0,0,1,0,0,0,0,0,11,19
2024361518347,2024,361518347,618335,307207,1.22395,52.61871,3,3,3,19:27,-1,E07000149,6,2,1,0,2,4,2,6,0,0,0,1,0,1,0,0,0,11,19
2024361518382,2024,361518382,620140,311763,1.2536,52.65887,3,3,3,18:30,-1,E07000144,6,2,2,1,1,5,4,8,0,0,0,1,0,0,0,0,1,11,19
2024361518390,2024,361518390,606455,288189,1.03692,52.45262,3,3,3,21:31,-1,E07000143,6,2,1,1,2,19,3,7,0,1,11,1,0,0,0,0,0,11,19
2024361518565,2024,361518565,626942,319720,1.35948,52.72748,3,3,4,14:11,-1,E07000144,4,0,2,1,2,19,3,7,0,7,11,1,0,0,0,0,0,10,9
2024361518582,2024,361518582,648299,303175,1.66265,52.56968,2,"[3, 2]",4,09:00,-1,E07000145,6,0,8,1,2,"[2, 19]","[0, 8]","[0, 4]","[0, 4]",0,0,1,0,0,0,0,0,11,20
2024361518592,2024,361518592,627550,330556,1.37599,52.82446,3,3,4,09:20,-1,E07000147,3,0,1,1,1,4,7,3,0,0,0,1,0,0,0,0,0,11,20
2024361518710,2024,361518710,624276,282819,1.29513,52.39741,3,3,4,11:00,-1,E07000149,6,0,1,1,2,"[19, 9]","[6, 5]",2,0,0,0,1,0,1,0,0,0,11,20
2024361518774,2024,361518774,562449,318880,0.40505,52.74314,3,3,4,12:05,-1,E07000146,3,0,1,0,2,"[3, 5]",5,1,0,"[3, 0]",0,1,0,0,0,0,0,11,20
2024361518814,2024,361518814,621593,312648,1.27564,52.66622,3,3,4,07:00,-1,E07000144,6,2,1,1,1,"[9, 19]",-1,-1,99,0,0,1,1,0,0,0,0,11,20
2024361518912,2024,361518912,622195,311223,1.28357,52.65319,3,3,4,15:42,-1,E07000148,6,0,3,1,1,19,-1,-1,0,0,0,1,0,0,0,0,1,11,20
2024361518913,2024,361518913,593262,314518,0.85837,52.69385,3,3,4,17:07,-1,E07000143,6,2,1,1,2,7,1,5,0,7,4,1,0,0,0,0,0,11,20
2024361519134,2024,361519134,619248,317061,1.24396,52.70678,2,2,5,08:44,-1,E07000144,6,0,1,0,2,19,"[7, 5]","[5, 7]",0,0,0,1,0,0,0,0,0,10,24
2024361519173,2024,361519173,587077,283337,0.7494,52.41603,3,3,5,16:34,-1,E07000143,6,2,1,0,1,"[9, 19]","[8, 3]","[1, 7]",0,0,0,1,0,1,0,0,0,10,31
2024361519344,2024,361519344,575455,332418,0.60476,52.86065,3,3,5,11:30,-1,E07000146,6,0,1,2,2,19,3,8,0,0,0,0,0,1,0,0,0,11,21
2024361519384,2024,361519384,651441,306449,1.71139,52.59761,2,2,5,13:35,-1,E07000145,6,0,1,1,1,5,1,5,0,0,0,1,0,0,0,0,1,11,21
2024361519467,2024,361519467,622520,307645,1.28596,52.62094,2,2,7,23:35,-1,E07000148,3,2,1,0,1,"[3, 19]","[4, 2]","[3, 6]",0,0,0,1,0,0,0,0,0,10,19
2024361519471,2024,361519471,604310,320559,1.02537,52.74403,3,3,3,16:55,-1,E07000143,3,2,2,1,2,"[19, 10]",7,"[3, 5]",0,0,0,1,0,0,0,0,0,11,19
2024361519659,2024,361519659,622196,306341,1.2803,52.60937,3,3,6,00:46,-1,E07000148,6,2,8,1,1,19,1,5,0,0,0,1,0,0,0,0,0,11,22
2024361519852,2024,361519852,552079,314629,0.24959,52.70796,2,2,5,16:48,-1,E07000146,3,2,1,0,2,"[2, 19]","[0, 3]","[0, 7]",0,0,0,1,0,0,0,0,0,11,21
2024361519890,2024,361519890,612640,302607,1.13701,52.57968,3,3,6,08:29,-1,E07000149,4,0,8,2,2,"[4, 19]","[-1, 1]","[-1, 4]",0,0,0,1,0,0,0,0,0,11,22
2024361520148,2024,361520148,602302,292738,0.97865,52.49502,3,3,6,17:18,-1,E07000143,3,2,1,0,2,19,7,3,0,"[7, 0]",0,1,0,0,0,1,0,11,22
2024361520157,2024,361520157,630619,327485,1.41929,52.7956,3,3,6,17:45,-1,E07000147,3,2,1,1,2,"[19, 10]",3,"[7, 1]",0,0,0,1,0,0,0,0,0,11,22
2024361520249,2024,361520249,626664,302488,1.34354,52.57295,2,2,7,15:15,-1,E07000149,4,2,1,0,2,"[9, 19]","[1, 8]","[6, 5]",0,"[0, 1]","[0, 11]",1,1,0,0,0,0,11,9
2024361520387,2024,361520387,606115,296639,1.03715,52.52861,2,"[3, 2]",3,17:03,-1,E07000143,3,2,1,0,2,"[3, 11]","[2, 5]",3,0,0,0,1,0,0,0,0,0,11,5
2024361520418,2024,361520418,609653,297354,1.08967,52.53368,3,3,6,15:00,-1,E07000149,6,0,1,0,2,19,"[3, 1]","[7, 5]",0,0,0,1,0,0,1,0,0,11,8
2024361520623,2024,361520623,604495,295102,1.01235,52.51542,3,3,6,16:10,-1,E07000143,6,0,1,0,1,19,3,7,0,0,0,1,0,0,0,0,1,11,8
2024361520652,2024,361520652,575465,296377,0.5857,52.53698,2,2,7,13:09,-1,E07000146,3,0,1,1,2,"[19, 9]","[4, 8]","[8, 6]",0,0,0,1,0,1,0,0,0,11,23
2024361520793,2024,361520793,598782,311460,0.93809,52.6644,3,3,3,08:30,-1,E07000143,6,0,1,0,1,19,1,5,0,0,0,0,0,0,0,1,1,11,12
2024361520904,2024,361520904,598287,318123,0.9348,52.7244,2,2,1,21:59,-1,E07000143,4,2,5,1,2,"[19, 9]","[5, 1]","[1, 6]",0,"[7, 0]",0,1,0,1,0,0,0,11,24
2024361520910,2024,361520910,611117,302789,1.11468,52.5819,3,3,1,21:01,-1,E07000149,4,2,5,1,1,19,3,7,0,"[0, 1]",0,1,0,0,0,0,0,11,24
2024361520933,2024,361520933,623542,300668,1.29632,52.55791,3,3,6,16:00,-1,E07000149,6,2,1,2,2,19,1,5,0,0,0,1,0,0,0,0,0,11,22
2024361521193,2024,361521193,618382,305528,1.22354,52.60362,3,3,2,10:03,-1,E07000149,3,0,1,0,2,"[19, 11]",-1,-1,0,0,0,1,0,0,1,0,0,11,25
2024361521281,2024,361521281,554398,314055,0.28362,52.70215,3,3,5,14:42,-1,E07000146,6,0,1,2,2,7,5,8,0,0,0,1,0,0,0,0,1,11,21
2024361521315,2024,361521315,629013,297846,1.37494,52.53031,3,3,2,17:38,-1,E07000149,4,2,1,0,2,19,"[5, 1]","[1, 5]",0,0,0,1,0,0,0,0,0,11,25
2024361521356,2024,361521356,614433,325844,1.17855,52.78754,3,3,2,17:53,-1,E07000144,6,2,1,0,2,19,"[1, 3]","[5, 7]",0,0,0,1,0,0,0,0,0,11,25
2024361521444,2024,361521444,571978,289500,0.53079,52.47633,3,3,5,17:00,-1,E07000146,4,2,8,-1,2,19,1,5,0,0,0,1,1,0,0,0,0,11,21
2024361521446,2024,361521446,594608,295640,0.86716,52.52387,3,3,3,07:50,-1,E07000143,3,0,1,1,2,"[19, 10]","[8, 3]","[5, 1]",0,"[0, 3]",0,1,0,0,0,0,0,11,26
2024361521481,2024,361521481,625180,314396,1.32979,52.68043,2,2,2,15:25,-1,E07000144,3,0,1,0,2,19,"[3, 5, 7]","[7, 1, 5]",0,0,0,1,0,1,0,0,0,11,25
2024361521491,2024,361521491,606074,338843,1.06299,52.90748,2,2,7,17:56,-1,E07000147,3,2,1,0,2,19,"[3, 7]","[7, 3]",0,0,0,1,0,0,0,0,0,11,23
2024361521530,2024,361521530,611663,316175,1.1313,52.70185,3,3,3,07:34,-1,E07000144,6,0,1,1,2,19,"[6, 8]","[3, 5]",0,0,0,1,0,0,0,0,0,11,26
2024361521773,2024,361521773,628356,331174,1.38836,52.82967,2,2,3,16:00,-1,E07000147,6,2,1,0,1,2,0,0,0,0,0,1,0,0,0,0,0,11,26
2024361521809,2024,361521809,617114,299246,1.20073,52.54774,3,3,3,16:30,-1,E07000149,4,2,1,0,2,"[9, 19]","[1, 2]",6,0,0,0,1,1,0,0,0,0,11,26
2024361522359,2024,361522359,623506,310368,1.30234,52.64498,3,3,2,15:40,-1,E07000148,6,0,9,-1,1,20,4,5,0,1,0,1,0,0,0,0,1,11,25
2024361522394,2024,361522394,562663,319865,0.4087,52.75192,2,2,4,21:00,-1,E07000146,6,2,1,1,1,19,6,6,0,0,0,0,1,0,0,0,1,11,27
2024361522462,2024,361522462,652333,308930,1.72643,52.61945,1,1,3,15:40,-1,E07000145,3,0,1,0,1,"[3, 19]","[6, 2]","[2, 6]",0,0,0,1,0,0,0,0,0,11,26
2024361522497,2024,361522497,634218,303317,1.45538,52.57719,3,3,5,08:15,-1,E07000149,6,0,1,1,2,19,-1,-1,0,"[1, 0]",0,1,1,0,0,0,0,11,28
2024361522561,2024,361522561,622979,308300,1.29317,52.62663,3,3,7,12:50,-1,E07000148,6,0,1,0,1,1,5,1,0,0,0,1,0,0,0,0,1,11,9
2024361522611,2024,361522611,569266,337284,0.51546,52.90633,3,3,5,10:20,-1,E07000146,4,0,1,1,2,19,8,3,0,7,0,1,0,0,0,0,0,11,28
2024361522795,2024,361522795,620392,294911,1.24612,52.50752,2,2,5,08:35,-1,E07000149,6,0,1,2,2,5,3,7,0,0,0,0,0,1,0,0,0,11,28
2024361522843,2024,361522843,598759,311247,0.93762,52.66249,3,3,3,18:32,-1,E07000143,6,2,1,1,1,"[4, 9]",-1,-1,0,"[0, 3]",0,1,0,0,0,0,0,11,26
2024361522848,2024,361522848,554658,318159,0.28939,52.73894,3,3,5,17:17,-1,E07000146,6,2,1,1,2,4,1,6,0,1,0,1,0,0,0,0,0,11,28
2024361523068,2024,361523068,623406,308181,1.29939,52.62539,2,2,4,08:20,-1,E07000148,6,0,1,1,1,"[19, 5]","[1, 5]","[5, 1]",0,0,0,1,0,1,0,0,0,10,9
2024361523090,2024,361523090,624095,306590,1.30847,52.61083,3,3,6,08:45,-1,E07000148,3,0,1,0,2,"[5, 3]",4,"[6, 8]",0,0,0,1,0,0,0,0,0,11,29
2024361523432,2024,361523432,641807,312107,1.57358,52.65274,2,"[2, 3]",6,20:55,-1,E07000145,3,2,1,1,2,"[19, 2]","[6, 2]","[2, 6]","[4, 0]",1,0,1,0,0,0,0,0,11,29
2024361523502,2024,361523502,626314,324156,1.35325,52.76755,2,"[3, 2]",6,19:02,-1,E07000147,6,2,8,0,2,19,7,7,10,7,9,1,0,0,0,0,0,11,29
2024361524063,2024,361524063,599099,313304,0.94389,52.68083,3,3,7,15:15,-1,E07000143,6,0,1,0,1,"[3, -1]",-1,-1,"[0, -1]","[0, -1]",0,1,0,0,0,0,0,11,30
2024361524211,2024,361524211,624342,310826,1.31499,52.64874,2,2,2,09:00,-1,E07000148,6,0,1,1,1,9,8,5,0,0,0,1,0,0,0,0,1,12,2
2024361524228,2024,361524228,557610,317121,0.33258,52.72877,1,1,2,07:14,-1,E07000146,3,0,1,1,2,19,7,3,0,0,0,0,0,0,1,0,1,12,2
2024361524368,2024,361524368,652083,305872,1.72041,52.59213,3,3,7,12:00,-1,E07000145,6,0,1,0,1,3,3,5,0,0,0,1,0,0,0,0,0,11,30
2024361524413,2024,361524413,563312,320505,0.41863,52.75747,2,"[3, 2]",4,15:30,-1,E07000146,6,0,1,0,1,"[5, 3]",1,5,0,0,0,1,0,0,0,0,0,11,20
2024361524469,2024,361524469,562640,319525,0.40819,52.74887,3,3,2,14:44,-1,E07000146,4,0,8,1,1,"[10, 19]","[7, 5]","[5, 1]",0,0,0,1,0,1,0,0,0,12,2
2024361524539,2024,361524539,603789,339010,1.02917,52.90985,2,"[2, 3]",7,16:40,-1,E07000147,4,2,2,1,2,19,"[5, 7]","[1, 3]",0,0,0,1,0,0,0,0,0,11,30
2024361524983,2024,361524983,636884,325175,1.51036,52.77217,3,3,3,12:05,-1,E07000147,3,0,1,0,2,"[19, 9]","[3, 7]","[7, 1]",0,0,0,1,0,0,0,0,0,9,24
2024361524996,2024,361524996,623092,308010,1.29464,52.62398,3,3,2,17:42,-1,E07000148,6,2,2,1,1,"[2, 19]","[0, 3, 5]","[0, 7, 1]",0,0,0,1,0,0,0,0,0,12,2
2024361525034,2024,361525034,623554,311286,1.30367,52.6532,2,2,4,16:38,-1,E07000144,3,2,1,1,1,19,3,7,0,0,0,0,0,0,1,0,1,11,13
2024361525145,2024,361525145,618718,305555,1.22851,52.60373,3,3,3,19:42,-1,E07000149,3,2,1,0,2,"[-1, 4]","[-1, 3]","[-1, 7]","[-1, 0]","[-1, 0]",0,1,0,0,0,0,0,12,3
2024361525162,2024,361525162,621756,310322,1.27649,52.64528,2,2,3,21:34,-1,E07000148,3,2,1,0,1,"[19, 5]","[1, 7]","[5, 3]",0,0,0,1,1,0,0,0,0,12,3
2024361525196,2024,361525196,616883,307855,1.20296,52.62511,3,3,2,17:15,-1,E07000149,4,2,8,1,2,19,7,3,0,0,0,1,0,0,0,0,0,12,2
2024361525278,2024,361525278,619950,308425,1.24858,52.62899,3,3,4,06:50,-1,E07000148,4,2,1,1,1,"[-1, 99]",-1,-1,"[-1, 99]","[-1, 9]","[0, 99]",1,0,1,0,0,0,12,4
2024361525293,2024,361525293,619007,312472,1.23735,52.66569,3,3,3,19:09,-1,E07000144,6,2,1,0,2,19,8,4,0,0,0,1,0,0,0,0,0,10,22
2024361525385,2024,361525385,619463,309534,1.24213,52.63914,3,3,4,08:50,-1,E07000148,6,2,1,0,1,"[-1, 19]",-1,-1,0,0,0,1,1,0,0,0,0,12,4
2024361525469,2024,361525469,628542,338437,1.39621,52.89477,2,2,7,17:52,-1,E07000147,6,2,1,0,2,19,"[5, 1]","[1, 5]",0,0,0,0,1,0,0,1,0,11,23
2024361525544,2024,361525544,563354,308459,0.41327,52.64927,3,3,3,16:12,-1,E07000146,3,0,1,0,2,"[19, 10]",1,"[5, 8]",0,0,0,1,0,0,0,0,0,12,3
2024361525598,2024,361525598,619919,308448,1.24813,52.62921,2,2,4,16:05,-1,E07000148,6,2,7,1,1,"[3, 9]","[5, 8]","[1, 7]",0,"[0, 1]",0,1,0,1,0,0,0,12,4
2024361525637,2024,361525637,627418,313662,1.36233,52.67291,3,3,4,17:00,-1,E07000144,3,2,1,1,2,"[4, 19]",4,8,0,"[1, 0]",0,1,0,0,0,0,0,12,4
2024361525738,2024,361525738,567724,332831,0.49026,52.86682,3,3,4,17:25,-1,E07000146,3,2,1,1,2,19,5,1,0,7,4,1,0,0,0,0,0,12,4
2024361525817,2024,361525817,566930,313075,0.46841,52.68964,3,3,4,06:19,-1,E07000146,6,2,7,1,2,19,1,5,0,7,4,1,0,0,0,0,0,12,4
2024361525923,2024,361525923,617349,310132,1.21133,52.64536,2,2,5,07:48,-1,E07000149,3,0,2,1,1,4,3,7,0,0,0,1,0,0,0,0,1,12,5
2024361526008,2024,361526008,604237,333103,1.03211,52.85666,3,3,6,12:20,-1,E07000147,4,0,1,0,2,19,3,7,0,0,0,1,1,0,0,0,0,11,29
2024361526125,2024,361526125,561133,303109,0.37786,52.60188,3,3,5,11:20,-1,E07000146,6,0,1,1,1,9,2,4,0,0,0,1,0,0,0,0,1,12,5
2024361526289,2024,361526289,617877,309969,1.21902,52.64368,3,3,5,17:20,-1,E07000148,6,2,2,1,1,"[19, 5]","[5, 7]","[5, 3]",0,0,0,1,0,1,0,0,0,12,5
2024361526362,2024,361526362,627393,293938,1.34843,52.49591,3,3,5,17:03,-1,E07000149,4,2,8,1,2,"[19, -1]",-1,-1,"[0, -1]","[0, -1]",0,1,0,0,1,0,0,12,5
2024361526515,2024,361526515,623109,306869,1.29412,52.61374,3,3,6,08:50,-1,E07000148,6,0,1,0,1,"[19, 3]","[2, 7]","[6, 5]",0,0,0,1,0,0,0,0,0,12,6
2024361526747,2024,361526747,615560,304907,1.18153,52.59917,3,3,6,15:00,-1,E07000149,6,0,1,0,2,"[3, 6]",-1,-1,"[0, 99]",0,0,1,0,0,0,0,0,12,6
2024361526794,2024,361526794,568854,330787,0.50597,52.84811,3,3,6,17:25,-1,E07000146,6,2,1,0,2,19,"[8, 5]","[5, 1]",0,1,0,1,0,0,0,0,0,12,6
2024361526841,2024,361526841,594111,283144,0.85258,52.41185,2,"[2, 3]",6,17:54,-1,E07000143,6,2,4,1,2,19,3,6,0,3,0,1,0,0,0,0,0,12,6
2024361526863,2024,361526863,619661,287897,1.23075,52.44486,2,2,6,20:48,-1,E07000149,6,2,4,1,2,19,5,3,0,1,9,0,0,1,0,0,0,12,6
2024361527114,2024,361527114,623423,308488,1.29984,52.62814,3,3,7,16:00,-1,E07000148,6,2,1,0,1,-1,-1,-1,-1,-1,0,0,1,0,0,0,1,11,30
2024361527123,2024,361527123,625752,310149,1.33533,52.64208,3,3,1,19:00,-1,E07000148,6,2,1,0,1,"[19, 5]",1,2,0,0,0,0,1,1,0,0,0,12,1
2024361527131,2024,361527131,621963,309030,1.27867,52.6336,3,3,7,15:00,-1,E07000148,3,0,4,1,1,19,"[1, 5]","[1, 4]",0,3,0,1,0,0,0,0,0,12,7
2024361527187,2024,361527187,588107,323837,0.78752,52.77933,3,3,7,19:48,-1,E07000147,3,2,5,1,2,"[19, 4]",6,2,0,0,0,1,0,0,0,0,0,12,7
2024361527552,2024,361527552,629452,295225,1.37959,52.5066,3,3,4,00:35,-1,E07000149,4,2,1,0,2,19,1,5,0,0,0,1,0,0,0,0,0,12,4
2024361527556,2024,361527556,604893,333072,1.04182,52.85613,2,2,2,08:15,-1,E07000147,4,2,2,1,2,19,7,3,0,0,0,1,0,0,0,0,1,12,9
2024361527615,2024,361527615,629715,308507,1.39265,52.62568,3,3,2,07:29,-1,E07000144,3,2,8,1,2,19,3,7,0,1,"[10, 0]",1,0,0,0,0,0,12,9
2024361527903,2024,361527903,598501,311625,0.93404,52.66598,2,2,2,17:35,-1,E07000143,6,2,1,1,1,"[19, 9]","[4, 7]","[8, 4]",0,0,0,1,0,1,0,0,0,12,9
2024361527909,2024,361527909,608784,312602,1.08649,52.67089,2,"[3, 2]",2,09:54,-1,E07000143,3,0,1,1,2,"[19, 10]","[4, 7]","[7, 3, 5]",0,0,0,1,0,0,0,0,0,12,9
2024361527978,2024,361527978,627035,302703,1.34915,52.57472,3,3,2,19:40,-1,E07000149,6,2,1,1,2,19,8,6,0,3,4,1,0,0,0,0,0,12,9
2024361528043,2024,361528043,600778,282991,0.95037,52.40807,3,3,2,16:50,-1,E07000143,6,2,2,1,2,19,2,6,0,1,0,1,0,0,0,0,0,12,9
2024361528372,2024,361528372,621305,307209,1.26775,52.61753,3,3,2,08:24,-1,E07000148,6,0,1,0,1,"[1, 19]","[1, 8]",4,0,7,0,1,1,0,0,0,0,12,9
2024361528373,2024,361528373,581986,309137,0.68875,52.64943,2,2,3,15:38,-1,E07000143,3,2,1,0,2,-1,1,5,-1,-1,0,1,0,0,0,0,1,12,10
2024361528746,2024,361528746,637758,297553,1.5034,52.52394,2,2,3,08:15,-1,E07000149,3,0,8,1,2,19,"[1, 5]","[5, 1]",0,0,0,1,0,1,0,0,0,12,10
2024361528776,2024,361528776,576389,343707,0.62475,52.96172,3,3,6,18:44,-1,E07000146,3,2,1,0,2,"[2, 19]","[0, 3]","[0, 7]",0,0,0,1,0,0,0,0,0,12,6
2024361528873,2024,361528873,598386,286860,0.91755,52.44368,3,3,4,18:15,-1,E07000143,6,2,1,0,2,19,2,6,0,7,0,1,0,0,0,0,0,12,11
2024361528988,2024,361528988,652203,300997,1.71848,52.54834,1,1,4,20:40,-1,E07000145,3,2,1,0,2,19,1,5,0,"[1, 0]",0,1,0,0,0,0,0,12,11
2024361529019,2024,361529019,623274,285032,1.2819,52.41768,3,3,5,10:31,-1,E07000149,6,0,1,1,2,19,"[1, 3]","[3, 1]",0,"[1, 0]",0,1,0,0,0,0,0,11,28
2024361529081,2024,361529081,619937,305880,1.24669,52.60615,3,3,4,08:30,-1,E07000149,6,0,1,0,1,19,"[1, 2]","[5, 4]",0,0,0,1,1,0,0,0,0,12,11
2024361529087,2024,361529087,652764,306954,1.73127,52.60152,3,3,1,17:46,-1,E07000145,6,0,1,0,1,19,5,1,0,1,0,1,0,0,0,0,0,9,29
2024361529105,2024,361529105,562247,319039,0.40213,52.74462,3,3,3,16:50,-1,E07000146,3,2,9,-1,1,"[5, 19]",1,"[5, 4]",0,0,0,1,1,0,0,0,0,11,26
2024361529190,2024,361529190,622620,308199,1.28781,52.62587,3,3,6,18:40,-1,E07000148,3,2,1,0,1,"[3, 4]",-1,-1,"[0, 4]",0,0,1,0,0,0,0,0,12,6
2024361529349,2024,361529349,627802,330425,1.37963,52.82318,3,3,5,16:34,-1,E07000147,3,2,1,1,1,"[8, 7]",5,8,0,0,0,1,0,0,0,0,0,12,12
2024361529378,2024,361529378,623294,308623,1.29803,52.6294,2,2,6,10:00,-1,E07000148,6,0,7,1,1,19,1,5,0,0,0,0,0,0,1,0,0,12,6
2024361529513,2024,361529513,597416,312892,0.91878,52.67775,2,2,3,16:18,-1,E07000143,6,2,1,0,2,"[14, 2]","[6, 0]","[2, 0]",0,0,0,1,0,0,0,0,0,12,10
2024361529536,2024,361529536,623026,308254,1.29383,52.6262,2,2,5,19:46,-1,E07000148,6,2,1,0,1,19,"[2, 6]","[4, 2]",0,0,0,1,1,0,0,0,0,10,3
2024361529544,2024,361529544,560518,318366,0.37622,52.7391,3,3,1,21:34,-1,E07000146,3,2,1,1,2,19,2,6,0,1,9,1,0,0,0,0,0,10,20
2024361529567,2024,361529567,612847,279166,1.1251,52.36918,2,2,6,13:55,-1,E07000149,3,0,1,0,1,19,"[3, 6]","[7, 3]",0,0,0,1,0,1,0,0,0,11,15
2024361529656,2024,361529656,640182,310342,1.54832,52.63762,3,3,6,11:40,-1,E07000144,6,0,2,1,2,19,3,5,0,0,0,1,0,0,0,0,1,12,13
2024361529686,2024,361529686,563255,318156,0.41661,52.73639,3,3,4,17:01,-1,E07000146,3,0,1,0,2,"[19, 4]",5,1,0,0,0,1,0,0,0,0,0,8,28
2024361529783,2024,361529783,626571,302667,1.34229,52.57459,3,3,6,16:20,-1,E07000149,4,2,1,1,2,5,-1,-1,0,0,0,1,0,0,0,0,1,12,13
2024361529886,2024,361529886,621764,308824,1.2756,52.63183,3,3,6,22:26,-1,E07000148,6,2,1,1,1,19,5,1,10,1,4,1,0,0,0,0,0,12,13
2024361530065,2024,361530065,605984,295900,1.03476,52.52203,3,3,7,12:50,-1,E07000143,6,0,1,0,1,"[19, 10]",1,5,0,0,0,1,0,1,0,0,0,12,14
2024361530224,2024,361530224,563188,318371,0.41573,52.73834,3,3,7,22:39,-1,E07000146,6,2,1,0,1,"[3, 19]","[2, 8, 6]","[4, 6, 2]","[0, 4]","[0, 1]","[0, 1]",1,0,0,0,0,0,12,14
2024361530661,2024,361530661,619619,305854,1.24199,52.60605,3,3,6,17:40,-1,E07000149,3,2,1,1,1,"[19, 3]",5,1,0,0,0,1,0,0,0,0,0,12,13
2024361530832,2024,361530832,651959,304375,1.71745,52.57876,3,3,7,11:44,-1,E07000145,6,0,1,1,1,19,"[3, 5]","[7, 1]",0,0,0,1,0,0,0,0,0,12,14
2024361531000,2024,361531000,563106,314840,0.41276,52.70665,2,2,2,21:30,-1,E07000146,6,2,1,0,2,19,3,7,0,1,3,1,0,0,0,0,0,12,16
2024361531134,2024,361531134,649259,308924,1.68111,52.62081,3,3,3,08:32,-1,E07000145,3,0,1,0,2,4,"[7, 3]",3,0,0,0,1,0,0,0,0,0,12,17
2024361531374,2024,361531374,652068,305861,1.72018,52.59204,3,3,2,07:55,-1,E07000145,3,0,1,0,1,"[9, 13]","[3, 2]","[7, 6]",0,0,0,1,0,0,0,0,0,12,16
2024361531397,2024,361531397,632681,313983,1.44025,52.67356,3,3,3,17:55,-1,E07000144,4,2,1,0,2,"[19, 5]","[3, 1]","[7, 5]",0,"[0, 3]","[0, 1]",1,0,0,0,0,0,12,17
2024361531458,2024,361531458,624907,310441,1.32306,52.64505,3,3,3,19:34,-1,E07000144,6,2,1,0,1,19,"[7, 6]",3,0,0,0,1,0,1,0,0,0,12,17
2024361531470,2024,361531470,568121,323796,0.4915,52.78555,3,3,2,21:24,-1,E07000146,3,2,1,0,2,19,3,7,"[0, 12]",0,0,1,0,0,0,0,0,12,16
2024361531525,2024,361531525,623793,308333,1.3052,52.62659,2,2,4,04:45,-1,E07000148,3,2,1,1,1,-1,-1,-1,-1,-1,0,1,1,0,0,0,0,12,18
2024361531619,2024,361531619,620121,306076,1.24954,52.60784,2,2,7,16:12,-1,E07000148,6,2,2,1,1,9,3,7,0,0,0,1,0,0,0,0,1,12,7