collision_index,collision_year,collision_ref_no,location_easting_osgr,location_northing_osgr,longitude,latitude,casualty_severity,casualty_severity,day_of_week,time,local_authority_district,local_authority_ons_district,first_road_class,light_conditions,weather_conditions,road_surface_conditions,urban_or_rural_area,vehicle_manoeuvre,vehicle_direction_from,vehicle_direction_to,hit_object_in_carriageway,vehicle_leaving_carriageway,hit_object_off_carriageway,is_car,is_cyle,is_mcyle,is_goodsv,is_other,is_pedestrian,month,day
2024361531742,2024,361531742,567923,330416,0.49197,52.84507,3,3,7,17:23,-1,E07000146,3,2,2,1,2,19,"[3, 7]","[7, 3]",0,7,0,1,0,0,0,0,0,11,16
2024361531784,2024,361531784,588970,333059,0.80563,52.86183,2,"[2, 3]",1,12:52,-1,E07000147,4,0,1,0,2,19,"[6, 4]","[4, 8]",0,0,0,1,0,0,0,0,0,12,15
2024361531820,2024,361531820,598367,313418,0.93314,52.68213,2,"[3, 2]",2,03:00,-1,E07000143,4,0,1,0,1,19,2,6,0,7,0,1,0,0,0,0,0,12,16
2024361531859,2024,361531859,625501,305312,1.32833,52.59878,3,3,4,15:33,-1,E07000149,4,2,1,0,2,4,1,5,0,"[1, 0]",0,1,0,0,0,0,0,12,18
2024361531884,2024,361531884,594810,294626,0.86954,52.51469,3,3,4,16:15,-1,E07000143,3,2,1,0,2,19,1,4,0,7,0,1,0,0,0,0,0,12,18
2024361532211,2024,361532211,585839,336017,0.76087,52.88948,3,3,6,11:29,-1,E07000146,4,0,1,1,2,19,7,4,0,1,10,1,0,0,0,0,0,10,25
2024361532369,2024,361532369,622003,309017,1.27926,52.63347,3,3,4,15:35,-1,E07000148,3,2,1,0,1,19,3,7,0,0,0,1,0,0,0,0,1,12,11
2024361532381,2024,361532381,617989,307233,1.21886,52.61908,1,"[3, 1]",5,12:10,-1,E07000149,6,0,1,0,2,"[19, 5]","[5, 7]","[2, 4]",0,0,0,1,0,0,0,0,0,12,19
2024361532429,2024,361532429,613481,305692,1.15139,52.60704,3,3,5,16:00,-1,E07000149,6,0,1,1,2,19,1,5,0,0,0,0,0,1,0,0,0,12,19
2024361532499,2024,361532499,582032,291116,0.67954,52.48759,3,3,3,13:40,-1,E07000143,3,0,1,0,2,"[19, 10]",4,"[8, 2]",0,0,0,1,0,0,0,0,0,12,17
2024361532559,2024,361532559,621772,310413,1.27678,52.64609,3,3,3,17:30,-1,E07000148,3,2,1,0,1,19,4,8,0,0,0,1,0,0,0,0,1,12,3
2024361532644,2024,361532644,584966,281740,0.71751,52.4024,3,3,5,07:15,-1,E07000143,3,2,2,1,2,19,1,5,0,0,0,0,0,1,0,0,0,12,19
2024361532651,2024,361532651,637621,309608,1.51002,52.63216,3,3,3,11:20,-1,E07000144,4,0,1,0,2,-1,-1,-1,-1,-1,0,0,1,0,1,0,0,11,26
2024361532686,2024,361532686,612765,293224,1.13284,52.4954,2,2,6,08:08,-1,E07000149,6,0,1,1,2,"[9, 19]","[8, 3]","[6, 7]",0,0,0,1,1,0,0,0,0,12,20
2024361532687,2024,361532687,622991,309115,1.2939,52.63394,2,2,5,20:00,-1,E07000148,6,2,1,2,1,"[-1, 19]","[-1, 3]","[-1, 1]","[-1, 0]","[-1, 0]",0,0,1,0,0,0,0,12,19
2024361532707,2024,361532707,628111,312322,1.37163,52.6606,3,3,3,08:30,-1,E07000144,3,0,1,1,2,"[13, 19]",-1,-1,0,"[0, 1]","[0, 99]",1,0,0,0,0,0,12,17
2024361532782,2024,361532782,622799,338435,1.31098,52.89716,3,3,3,15:00,-1,E07000147,3,0,1,0,2,19,"[1, 3]","[2, 4]",0,0,0,1,0,0,0,0,0,9,17
2024361533002,2024,361533002,652355,305963,1.72449,52.59282,3,3,6,15:15,-1,E07000145,6,0,8,0,1,19,"[3, 4]","[7, 8]",0,0,0,1,1,0,0,0,0,12,20
2024361533215,2024,361533215,578631,309684,0.63951,52.65546,3,3,7,10:01,-1,E07000143,3,0,2,1,2,19,6,1,0,4,0,1,0,0,0,0,0,12,21
2024361533460,2024,361533460,624902,310434,1.32298,52.64499,3,3,7,21:35,-1,E07000148,3,2,8,1,1,19,"[2, 7]","[6, 3]",0,0,0,1,0,1,0,0,0,12,21
2024361533732,2024,361533732,586854,282611,0.74572,52.40959,3,3,5,16:30,-1,E07000143,3,2,9,0,1,7,7,1,-1,0,0,0,0,0,0,1,0,12,19
2024361533733,2024,361533733,610417,339836,1.12811,52.91472,1,1,1,16:18,-1,E07000147,3,2,2,1,2,19,7,3,0,0,0,1,0,0,0,0,1,12,22
2024361533743,2024,361533743,585544,283149,0.72678,52.41486,3,3,1,20:21,-1,E07000143,3,2,1,0,2,"[9, 19]","[7, 3]","[3, 7]",0,0,0,1,0,1,0,0,0,12,22
2024361533777,2024,361533777,627696,304331,1.36001,52.58906,2,2,7,00:01,-1,E07000149,3,2,1,0,2,19,1,5,0,1,0,1,0,0,0,0,0,12,21
2024361534021,2024,361534021,578182,288017,0.62125,52.46103,2,2,7,15:00,-1,E07000143,6,0,2,1,2,19,3,7,0,0,0,1,0,0,0,0,0,10,12
2024361534110,2024,361534110,618985,305612,1.23248,52.60413,3,3,2,14:10,-1,E07000149,3,0,1,0,1,"[19, 5]",7,3,0,0,0,1,0,0,0,0,0,12,23
2024361534117,2024,361534117,562154,319607,0.40104,52.74975,3,3,2,16:12,-1,E07000146,3,2,1,0,1,"[19, 12]",5,"[5, 4]",0,"[6, 0]",0,1,0,0,0,0,0,12,23
2024361534294,2024,361534294,561713,320389,0.3949,52.75691,3,3,2,14:50,-1,E07000146,6,0,1,0,1,19,7,3,0,0,0,1,0,0,0,0,1,12,23
2024361534793,2024,361534793,627249,293902,1.34629,52.49565,2,"[3, 2]",5,07:32,-1,E07000149,4,2,7,1,2,19,3,7,0,7,0,1,0,0,0,0,0,12,26
2024361535026,2024,361535026,646758,313452,1.64762,52.66258,3,3,3,15:37,-1,E07000145,3,0,1,1,2,19,3,7,0,1,0,1,0,0,0,0,0,12,24
2024361535059,2024,361535059,628211,330394,1.38567,52.82273,2,2,2,12:30,-1,E07000147,6,0,1,0,1,19,1,5,0,0,0,1,0,0,0,0,1,12,23
2024361535236,2024,361535236,639994,306733,1.54293,52.60533,2,2,6,18:13,-1,E07000144,6,2,7,1,2,19,5,2,0,1,0,1,0,0,0,0,0,12,27
2024361535477,2024,361535477,619368,309567,1.24075,52.63947,2,2,7,18:10,-1,E07000148,3,2,1,1,1,19,7,3,0,0,0,1,0,0,0,0,1,12,28
2024361535494,2024,361535494,641534,311828,1.56935,52.65036,3,3,7,17:55,-1,E07000145,3,2,7,1,2,"[13, 19]","[6, 2]","[3, 5]",0,0,0,1,0,1,0,0,0,12,28
2024361535507,2024,361535507,590796,330836,0.83142,52.84123,3,3,6,11:30,-1,E07000147,4,0,2,1,2,"[8, 19, 9]","[1, 6, 4]","[4, 1]",0,0,0,1,0,0,0,1,0,12,13
2024361535668,2024,361535668,636852,325197,1.5099,52.77238,3,3,1,13:30,-1,E07000147,3,0,1,0,2,"[5, 19]","[0, 1]","[0, 5]",0,0,0,1,0,0,0,0,0,12,29
2024361535766,2024,361535766,617596,342820,1.2367,52.93864,3,3,4,07:55,-1,E07000147,3,0,1,0,2,19,"[4, 8]","[8, 4]",0,0,0,1,0,0,0,0,0,11,13
2024361535940,2024,361535940,618072,313604,1.2243,52.67623,3,3,2,10:42,-1,E07000144,6,0,1,0,1,19,-1,-1,0,0,0,1,1,0,0,0,0,12,30
2024361535979,2024,361535979,622874,309232,1.29225,52.63504,3,3,1,12:38,-1,E07000148,6,0,1,0,1,"[99, 19]",-1,-1,99,0,0,1,0,0,0,0,0,12,29
2024361535985,2024,361535985,621077,312163,1.2677,52.66208,2,2,4,18:00,-1,E07000144,6,2,1,1,1,19,"[4, 2]",8,0,0,0,1,0,1,0,0,0,12,4
2024361535996,2024,361535996,557345,317064,0.32864,52.72833,3,3,2,11:23,-1,E07000146,3,0,9,0,2,"[19, 13]",7,3,0,0,0,1,0,0,0,0,0,12,30
2024361536147,2024,361536147,616980,311570,1.20683,52.65841,2,2,2,11:10,-1,E07000149,6,0,1,0,1,"[5, 19]","[3, 5]","[7, 2]",0,0,0,1,0,0,0,0,0,12,2
2024361536163,2024,361536163,642789,314669,1.58995,52.67529,2,2,1,17:00,-1,E07000145,6,2,2,1,2,19,3,1,0,7,0,1,0,0,0,0,0,10,27
2024361536227,2024,361536227,652695,300009,1.72496,52.53925,3,3,6,09:18,-1,E07000145,6,0,1,1,2,19,3,5,0,1,0,1,0,0,0,0,0,12,6
2024361536250,2024,361536250,582167,309056,0.69138,52.64864,3,3,6,18:00,-1,E07000143,6,0,1,0,2,19,3,7,11,7,11,1,0,0,0,0,0,10,4
2024361536289,2024,361536289,598941,311304,0.94035,52.66294,3,3,3,12:27,-1,E07000143,6,0,1,1,1,"[13, 9]",6,"[2, 3]",0,"[7, 0]","[11, 0]",1,0,0,0,1,0,12,31
2024361536415,2024,361536415,563215,318087,0.41599,52.73578,2,2,3,20:38,-1,E07000146,3,2,1,0,2,19,"[7, 3]","[3, 7]",0,0,0,1,1,0,0,0,0,12,31
2024361536533,2024,361536533,562865,318664,0.4111,52.74107,3,3,1,15:20,-1,E07000146,6,0,9,0,1,"[9, 19]","[1, 5]","[7, 1]",0,0,0,1,0,0,0,0,0,12,29
2024361536636,2024,361536636,607454,312911,1.06705,52.67417,1,"[3, 2, 1]",7,14:28,-1,E07000143,3,0,1,1,2,19,"[4, 8]","[8, 4]",0,0,0,1,0,0,0,0,0,12,28
2024361537337,2024,361537337,620712,312370,1.26245,52.66409,3,3,4,17:05,-1,E07000144,6,2,1,0,1,19,"[6, 2]","[2, 6]",0,0,0,1,1,0,0,0,0,11,6
2024361537518,2024,361537518,561339,305974,0.3823,52.62755,2,2,6,20:32,-1,E07000146,6,2,7,1,2,"[19, 2]","[1, 0]","[5, 0]","[4, 0]",0,0,1,0,1,0,0,0,12,27
2024361538048,2024,361538048,621421,310562,1.27171,52.64757,3,3,1,17:25,-1,E07000148,6,0,1,0,1,19,"[1, 3]","[5, 7]",0,0,0,1,0,0,0,0,0,10,13
2024361538389,2024,361538389,629162,309135,1.38493,52.63155,3,3,2,17:11,-1,E07000144,3,2,8,1,2,19,7,3,0,0,0,1,0,0,0,0,0,11,25
2024361538517,2024,361538517,624460,283255,1.29812,52.40125,3,3,5,15:00,-1,E07000149,6,2,1,0,2,1,2,8,0,0,0,1,0,0,0,0,1,11,14
2024361538565,2024,361538565,620115,309414,1.25167,52.6378,3,3,1,11:28,-1,E07000148,3,0,1,0,1,"[19, 10]",7,"[3, 5]",0,0,0,1,0,1,0,0,0,11,17
2024361538850,2024,361538850,620855,312360,1.26456,52.66394,3,3,4,16:57,-1,E07000144,6,2,2,1,1,"[19, 4]",4,8,0,0,0,1,0,0,0,0,0,11,27
2024361538904,2024,361538904,625224,314393,1.33044,52.68039,2,2,5,15:13,-1,E07000144,3,0,1,1,2,19,6,"[6, 7]",0,0,0,1,0,0,0,0,0,11,28
2024361538952,2024,361538952,630706,314037,1.41113,52.67489,3,3,4,07:13,-1,E07000144,6,0,7,1,2,"[5, 19]","[7, 3]","[3, 1]",0,0,0,1,0,0,0,0,0,12,4
2024361539023,2024,361539023,564409,322257,0.43574,52.77287,3,3,6,14:15,-1,E07000146,3,0,1,1,1,19,5,1,0,0,0,1,0,0,0,0,0,12,13
2024361540806,2024,361540806,548797,307357,0.19777,52.64355,2,2,2,13:32,-1,E07000146,6,0,1,0,1,"[6, 19]","[5, 3]","[1, 7]",0,0,0,1,0,1,0,0,0,12,30
2024361541342,2024,361541342,582075,291050,0.68014,52.48698,3,3,3,16:34,-1,E07000143,3,2,1,0,2,19,5,1,0,7,0,1,0,0,0,0,0,12,24
2024361541347,2024,361541347,622321,308907,1.28387,52.63235,3,3,3,17:15,-1,E07000148,3,2,9,-1,1,-1,-1,-1,-1,-1,0,1,1,0,0,0,0,12,17
2024361541849,2024,361541849,652134,312142,1.72594,52.64836,3,3,1,15:04,-1,E07000145,6,0,1,0,2,"[4, 19]","[3, 1]","[7, 5]",0,0,0,1,1,0,0,0,0,11,17
2024361542332,2024,361542332,597459,288911,0.90514,52.46243,3,3,6,18:55,-1,E07000143,3,2,1,1,2,19,"[8, 7]","[4, 3]",0,0,0,1,0,0,1,0,0,12,20
2024361543808,2024,361543808,550189,300414,0.21518,52.5808,3,3,6,10:40,-1,E07000146,4,0,1,0,2,"[19, 2]","[-1, 0]","[-1, 0]","[4, 11, 0]","[0, 1]",0,1,0,0,0,1,0,12,6
2024361544694,2024,361544694,630014,328178,1.41082,52.80208,2,2,2,16:44,-1,E07000147,6,2,1,0,2,19,8,4,0,0,0,1,1,0,0,0,0,12,16
2024361544885,2024,361544885,651700,311902,1.71936,52.6464,3,3,2,13:00,-1,E07000145,6,0,1,0,2,4,1,5,0,0,0,0,0,1,0,0,0,11,18
2024361544901,2024,361544901,622642,307792,1.28786,52.62221,2,2,4,10:55,-1,E07000148,3,0,1,0,1,14,1,2,0,0,0,1,0,0,0,0,1,11,20
2024361544944,2024,361544944,620579,312606,1.26065,52.66626,3,3,5,13:20,-1,E07000144,6,0,1,1,1,19,"[4, 8]","[8, 6]",0,"[1, 0]","[2, 0]",1,0,1,0,0,0,11,21
2024361545239,2024,361545239,573449,314540,0.56554,52.70075,3,3,6,08:07,-1,E07000146,3,0,7,1,2,19,3,7,0,1,0,1,0,0,0,0,0,12,27
2024361545641,2024,361545641,618019,313591,1.2235,52.67614,3,3,2,09:55,-1,E07000144,6,0,2,1,1,19,5,2,0,0,0,1,0,0,0,0,1,12,9
2024361548097,2024,361548097,578375,287355,0.62373,52.45502,3,3,4,19:45,-1,E07000143,3,2,2,1,2,"[19, 2]","[1, 0]","[5, 0]",0,0,0,1,0,0,0,0,0,11,20
2024361548119,2024,361548119,579726,321204,0.66197,52.75854,3,3,5,15:12,-1,E07000146,4,0,8,1,2,19,"[7, 1]","[3, 7]",0,0,0,1,0,0,0,0,0,11,21
2024361548221,2024,361548221,603013,293930,0.98983,52.50545,3,3,3,17:20,-1,E07000143,3,2,8,1,2,"[2, 19]","[0, 5]","[0, 1]",0,0,0,1,0,0,1,0,0,11,19
2024361548374,2024,361548374,624236,309931,1.31281,52.64075,3,3,7,17:52,-1,E07000148,6,2,1,1,1,19,"[2, 6]","[6, 2]",0,0,0,1,0,0,0,0,0,11,23
2024361548755,2024,361548755,652532,303904,1.72553,52.57427,3,3,5,14:03,-1,E07000145,6,0,1,0,1,19,"[4, 3]","[1, 7]",0,0,0,1,0,0,0,1,0,11,7
2024361548804,2024,361548804,622173,307379,1.28066,52.6187,3,3,2,09:20,-1,E07000148,3,0,1,0,1,9,4,2,0,0,0,1,0,0,0,0,1,11,11
2024361550869,2024,361550869,621942,309177,1.27846,52.63493,3,3,3,15:03,-1,E07000148,3,0,8,1,1,"[19, 9]","[5, 3]",1,0,0,0,1,0,1,0,0,0,11,12
2024361551084,2024,361551084,601370,315750,0.97893,52.70195,3,3,4,15:59,-1,E07000143,6,0,1,0,2,19,7,3,0,0,0,0,0,0,1,0,0,11,6
2024361551618,2024,361551618,622548,309853,1.28786,52.64075,2,2,5,19:53,-1,E07000148,3,2,1,1,1,19,"[3, 5]","[7, 1]",0,0,0,1,0,1,0,0,0,11,28
2024361551629,2024,361551629,587730,283643,0.75916,52.41855,3,3,2,13:30,-1,E07000143,3,0,1,0,1,"[4, 19]",7,3,0,0,0,1,0,0,0,0,0,11,11
2024361553069,2024,361553069,619276,308264,1.23853,52.62782,3,3,2,08:08,-1,E07000148,4,0,1,1,1,"[19, 9]","[3, 1]",7,0,"[1, 0]",0,1,0,0,0,0,0,11,18
2024361553378,2024,361553378,652618,307260,1.72935,52.60434,2,2,6,17:19,-1,E07000145,6,2,1,0,1,19,4,1,0,1,0,0,1,0,0,0,1,12,20
2024361553437,2024,361553437,630223,318668,1.40724,52.71665,3,3,7,22:43,-1,E07000147,4,2,2,1,2,19,4,8,0,0,0,1,0,0,0,0,0,12,14
2024361553673,2024,361553673,610439,311920,1.1105,52.66413,3,3,5,17:17,-1,E07000144,3,2,1,1,2,"[19, 4]",5,1,0,"[7, 0]",0,1,0,0,0,0,0,12,26
2024361555508,2024,361555508,652395,309293,1.72762,52.62268,3,3,1,12:26,-1,E07000145,3,0,1,0,1,"[19, 5]","[1, 3]",5,0,0,0,1,0,0,0,0,0,8,4
2024361555540,2024,361555540,585328,281981,0.72296,52.40445,2,"[3, 2]",6,15:18,-1,E07000143,6,0,1,1,1,"[7, 19]","[8, 6]",2,0,0,0,1,0,0,0,0,0,12,13
2024361556311,2024,361556311,596150,329211,0.90983,52.82472,2,2,6,11:20,-1,E07000147,3,0,1,1,2,"[19, 9]",8,3,0,0,0,1,0,0,0,0,0,12,6
2024361556734,2024,361556734,622389,307547,1.28396,52.62012,3,3,3,16:33,-1,E07000148,3,2,1,0,1,"[7, 15]",7,"[8, 3]",0,0,0,1,0,1,0,0,0,12,10
2024361559331,2024,361559331,641571,306645,1.56611,52.60384,3,3,4,16:28,-1,E07000144,6,2,2,1,2,-1,-1,-1,-1,-1,0,1,0,0,0,0,1,12,18
2024361566697,2024,361566697,643069,315076,1.59439,52.67881,3,3,6,07:18,-1,E07000145,4,0,1,2,2,"[19, 9]",5,"[1, 7]",0,0,0,1,0,0,0,0,0,12,20
2024361568567,2024,361568567,562373,302512,0.39586,52.59614,3,3,7,13:35,-1,E07000146,3,0,8,1,2,"[19, 3]",1,5,0,0,0,1,0,0,0,0,0,12,21
2024361568629,2024,361568629,652099,301853,1.71759,52.55607,3,3,3,19:37,-1,E07000145,3,2,1,1,1,19,1,5,0,0,0,1,0,1,0,0,0,12,24
2024361568679,2024,361568679,652784,306580,1.73128,52.59816,3,3,7,22:48,-1,E07000145,6,2,2,1,1,19,3,7,0,0,0,0,1,0,0,0,0,12,28
2024361569300,2024,361569300,652331,311110,1.72806,52.63901,3,3,1,23:14,-1,E07000145,3,2,1,1,2,19,5,1,0,3,0,1,0,0,0,0,0,12,29
2024361569488,2024,361569488,615732,294112,1.17705,52.50221,3,3,1,08:05,-1,E07000149,6,0,7,1,2,19,"[3, 7]","[7, 3]",0,"[0, 1]",0,1,0,0,0,0,0,12,29
2024361569646,2024,361569646,552648,294005,0.24849,52.52254,3,3,4,09:23,-1,E07000146,3,0,8,1,2,"[19, -1]","[1, -1]","[5, -1]","[0, -1]","[0, -1]",0,1,0,1,0,0,0,10,16
2024361570039,2024,361570039,624286,309167,1.31303,52.63388,3,3,5,09:26,-1,E07000148,4,0,1,1,1,"[4, 19]",3,7,0,0,0,1,1,0,0,0,0,12,5
2024371393646,2024,371393646,638669,257134,1.48811,52.16084,2,2,2,09:15,-1,E07000244,4,0,1,1,2,19,6,2,0,1,0,1,0,0,0,0,0,1,1
2024371393666,2024,371393666,567691,275412,0.46068,52.35113,3,3,2,12:52,-1,E07000245,6,0,1,0,1,19,3,8,0,2,0,1,0,0,0,0,0,1,1
2024371393683,2024,371393683,575397,281145,0.5767,52.40021,2,2,2,08:02,-1,E07000245,3,0,1,0,2,19,6,2,0,7,4,1,0,0,0,0,0,1,1
2024371393813,2024,371393813,631224,263748,1.38398,52.22337,3,3,2,10:50,-1,E07000244,4,0,1,0,2,19,"[7, 3]","[3, 7]",0,0,0,1,0,0,0,0,0,1,1
2024371394294,2024,371394294,606475,236520,1.0057,51.98874,3,3,4,11:42,-1,E07000200,4,0,4,0,2,"[9, 19]","[2, 7]","[5, 4]",0,0,0,1,0,0,0,0,0,1,3
2024371395276,2024,371395276,615884,244807,1.14774,52.05956,3,3,6,19:00,-1,E07000202,3,2,2,1,1,4,5,1,0,0,0,1,0,0,0,0,1,1,5
2024371395338,2024,371395338,642394,291266,1.56702,52.46549,3,3,3,17:30,-1,E07000244,3,2,2,1,2,"[4, 19]",8,4,0,0,0,1,0,0,0,0,0,1,2
2024371395354,2024,371395354,624837,245355,1.27847,52.06092,3,3,4,17:12,-1,E07000244,6,2,2,1,1,"[4, -1]",-1,-1,"[0, -1]","[0, -1]",0,1,0,0,0,0,0,1,3
2024371395358,2024,371395358,596311,263097,0.87319,52.23106,3,3,6,17:45,-1,E07000203,3,2,2,1,2,4,-1,-1,0,0,0,1,0,0,0,0,0,1,5
2024371395664,2024,371395664,614437,245552,1.12713,52.06681,3,3,1,18:05,-1,E07000202,4,2,1,0,1,"[19, 9]","[4, 8]","[8, 6]",0,0,0,1,0,1,0,0,0,1,7
2024371396515,2024,371396515,570982,272212,0.50732,52.32137,1,1,5,22:11,-1,E07000245,3,2,5,1,2,19,1,5,0,1,4,1,0,0,0,0,0,1,4
2024371396593,2024,371396593,614531,244640,1.12793,52.05858,2,2,4,05:29,-1,E07000202,6,2,2,2,1,19,3,7,0,0,0,0,0,1,0,0,0,1,10
2024371396953,2024,371396953,585630,268027,0.71969,52.27904,3,3,4,17:25,-1,E07000245,4,2,1,0,2,19,6,2,0,0,0,1,0,0,0,0,0,1,10
2024371397006,2024,371397006,567859,271743,0.46131,52.31812,2,"[3, 2]",5,00:45,-1,E07000245,5,2,1,2,2,19,4,7,0,7,0,1,0,0,0,0,0,1,11
2024371397027,2024,371397027,611676,250990,1.09029,52.11669,2,2,4,21:24,-1,E07000203,4,2,1,1,2,"[19, 2]","[5, 0]","[1, 0]","[4, 0]",0,0,1,0,0,0,0,0,1,10
2024371397290,2024,371397290,567206,244963,0.43854,52.07778,3,3,4,16:38,-1,E07000245,6,0,1,1,1,19,"[6, 4]",8,0,0,0,1,0,0,0,0,0,1,10
2024371397398,2024,371397398,579822,286279,0.64442,52.44488,3,3,5,21:30,-1,E07000245,6,2,1,1,2,19,5,1,0,1,0,1,0,0,0,0,0,1,11
2024371397580,2024,371397580,617203,244552,1.16679,52.05675,3,3,3,08:30,-1,E07000202,4,0,1,0,1,"[19, 9, 4]","[3, 5, 7]","[7, 3]",0,0,0,1,0,0,0,0,0,1,9
2024371397694,2024,371397694,637736,284060,1.49347,52.40287,2,2,6,12:55,-1,E07000244,3,0,1,1,2,2,1,5,0,0,0,1,0,0,0,0,0,1,12
2024371397818,2024,371397818,615549,245040,1.14301,52.06178,2,2,4,18:40,-1,E07000202,3,2,8,0,1,19,7,4,0,0,0,1,0,0,0,0,1,1,10
2024371397857,2024,371397857,612976,241774,1.1035,52.03345,3,3,4,07:07,-1,E07000200,3,2,8,-1,2,-1,-1,-1,-1,-1,0,1,0,0,0,0,0,1,10
2024371397865,2024,371397865,654641,293963,1.74897,52.48411,3,3,4,16:40,-1,E07000244,4,2,1,0,1,"[3, 19]",-1,-1,0,0,0,1,0,1,0,0,0,1,10
2024371397876,2024,371397876,615856,244846,1.14736,52.05992,3,3,5,17:40,-1,E07000202,3,2,1,0,1,-1,-1,-1,-1,-1,0,0,0,0,0,1,1,1,11
2024371397881,2024,371397881,626132,249344,1.29997,52.0962,3,3,5,17:15,-1,E07000244,4,2,1,1,1,"[10, 14]","[7, -1]","[5, -1]",0,0,0,1,0,0,0,0,0,1,11
2024371397929,2024,371397929,615181,244632,1.13739,52.05826,3,3,7,12:16,-1,E07000202,6,0,1,0,1,7,1,5,0,0,0,1,0,0,0,0,0,1,13
2024371398646,2024,371398646,649860,290467,1.6761,52.45495,2,"[3, 2]",2,12:41,-1,E07000244,3,0,1,1,2,19,"[7, 3]","[3, 7]",0,0,0,1,0,0,0,0,0,1,8
2024371398663,2024,371398663,614590,242157,1.12723,52.03627,3,3,5,22:15,-1,E07000202,6,2,9,0,1,4,-1,-1,-1,-1,0,1,0,0,0,0,0,1,11
2024371398685,2024,371398685,615193,242500,1.13623,52.03912,3,3,2,15:20,-1,E07000202,6,0,1,0,1,"[19, 5]",2,2,0,0,0,1,0,0,0,0,0,1,15
2024371398730,2024,371398730,616949,259567,1.17265,52.19164,3,3,3,05:30,-1,E07000203,3,2,1,2,2,19,2,7,0,1,3,1,0,0,0,0,0,1,16
2024371398891,2024,371398891,571666,252011,0.5071,52.13972,3,3,3,08:19,-1,E07000245,3,0,1,2,2,19,"[3, 7]","[7, 3]",0,"[0, 1]",0,1,0,0,0,0,0,1,16
2024371398928,2024,371398928,563608,265496,0.39597,52.26329,3,3,3,11:14,-1,E07000245,6,0,1,0,1,9,1,5,0,0,0,1,0,0,0,0,1,1,16
2024371399676,2024,371399676,637591,263460,1.47681,52.21808,3,3,4,17:13,-1,E07000244,3,2,1,1,2,"[19, 10]","[5, 7]","[1, 3]",0,0,0,1,0,0,0,0,0,1,17
2024371399682,2024,371399682,615646,241446,1.14216,52.02948,3,3,4,19:09,-1,E07000200,3,2,1,1,2,19,0,0,0,7,9,1,0,0,0,0,0,1,17
2024371399794,2024,371399794,644982,272444,1.5913,52.29545,2,2,4,11:44,-1,E07000244,4,0,1,0,2,19,6,2,0,7,0,1,0,0,0,0,0,1,17
2024371399856,2024,371399856,648075,281190,1.64301,52.37254,3,3,3,09:04,-1,E07000244,3,0,1,0,2,"[19, 10, 3]","[5, 1]","[1, 5]",0,0,0,1,0,0,0,0,0,1,16
2024371400156,2024,371400156,613005,241779,1.10393,52.03349,3,3,5,17:15,-1,E07000200,3,2,1,1,2,"[13, 19]",7,"[3, 6, 4, 5]",0,0,0,1,0,0,1,0,0,1,18
2024371400577,2024,371400577,612907,249480,1.1073,52.10266,3,3,7,10:20,-1,E07000203,3,0,1,0,2,"[3, 19]",4,"[8, -1]",0,0,0,1,0,0,0,0,0,1,13
2024371400695,2024,371400695,586758,263664,0.73379,52.23948,3,3,3,17:45,-1,E07000245,3,2,1,0,2,19,-1,-1,0,"[7, 0]",0,1,0,1,0,0,0,1,16
2024371400701,2024,371400701,585468,264987,0.71565,52.25179,3,3,4,05:25,-1,E07000245,3,2,1,2,1,"[5, 19]",-1,-1,0,0,0,1,1,0,0,0,0,1,17
2024371400722,2024,371400722,584917,267804,0.70913,52.27727,3,3,5,08:30,-1,E07000245,4,0,1,1,2,"[8, 19]",3,"[4, 7]",0,0,0,1,0,0,0,0,0,1,18
2024371400727,2024,371400727,613638,243015,1.11391,52.04434,3,3,3,10:50,-1,E07000202,6,0,1,0,1,"[1, 19]",-1,-1,0,0,0,1,0,1,0,0,0,1,16
2024371400736,2024,371400736,618230,245928,1.18262,52.0687,3,3,7,09:45,-1,E07000202,3,0,1,1,1,"[19, 7]",-1,-1,0,0,0,1,1,0,0,0,0,1,20
2024371400805,2024,371400805,636090,272837,1.46143,52.30287,3,3,7,20:49,-1,E07000244,6,2,1,1,2,19,1,5,0,2,0,1,0,0,0,0,0,1,20
2024371401177,2024,371401177,628947,235968,1.33205,51.97499,3,3,2,21:34,-1,E07000244,6,2,1,1,2,19,4,8,10,0,0,0,0,1,0,0,0,1,8
2024371401294,2024,371401294,606474,236523,1.00569,51.98877,3,3,5,15:52,-1,E07000200,4,2,1,0,2,"[9, 19]","[2, 1]","[8, 5]",0,0,0,1,0,0,1,0,0,1,4
2024371401835,2024,371401835,599026,241266,0.90012,52.03407,3,3,3,17:00,-1,E07000200,3,2,2,1,2,19,6,2,0,1,1,0,0,0,1,0,0,1,23
2024371402166,2024,371402166,583994,265055,0.69412,52.2529,3,3,4,07:45,-1,E07000245,3,0,1,0,1,19,7,"[7, 6]",0,0,0,1,0,0,0,0,0,1,24
2024371402680,2024,371402680,613984,243037,1.11896,52.04441,3,3,6,15:00,-1,E07000202,6,2,1,0,1,-1,-1,-1,-1,-1,0,1,0,0,0,1,0,1,19
2024371402783,2024,371402783,618624,245074,1.18781,52.06088,3,3,1,17:25,-1,E07000202,3,2,1,0,1,-1,-1,-1,-1,-1,0,1,0,0,0,0,0,1,21