collision_index,collision_year,collision_ref_no,location_easting_osgr,location_northing_osgr,longitude,latitude,casualty_severity,casualty_severity,day_of_week,time,local_authority_district,local_authority_ons_district,first_road_class,light_conditions,weather_conditions,road_surface_conditions,urban_or_rural_area,vehicle_manoeuvre,vehicle_direction_from,vehicle_direction_to,hit_object_in_carriageway,vehicle_leaving_carriageway,hit_object_off_carriageway,is_car,is_cyle,is_mcyle,is_goodsv,is_other,is_pedestrian,month,day
2024371442322,2024,371442322,615141,245638,1.13744,52.06731,3,3,5,16:57,-1,E07000202,3,0,1,0,1,"[9, 19]",8,"[2, 4]",0,0,0,1,0,1,0,0,0,4,18
2024371442425,2024,371442425,571674,252013,0.50722,52.13974,2,2,2,18:21,-1,E07000245,3,0,1,0,2,19,"[3, 7]","[7, 3]",0,0,0,1,0,1,0,0,0,4,22
2024371442511,2024,371442511,654173,297473,1.74477,52.51582,3,3,5,19:37,-1,E07000244,6,0,1,0,1,"[7, 2]","[1, 0]","[3, 0]",0,0,0,1,0,1,0,0,0,5,2
2024371442531,2024,371442531,628922,236301,1.33191,51.97799,2,2,1,13:08,-1,E07000244,3,0,1,0,2,19,2,8,0,0,0,1,0,1,0,0,0,5,12
2024371442732,2024,371442732,585631,246605,0.70799,52.08666,3,3,7,12:41,-1,E07000200,3,0,1,0,2,"[10, 19]",3,7,0,0,0,1,1,0,0,0,0,3,23
2024371442764,2024,371442764,586666,240864,0.71994,52.03476,3,3,2,17:20,-1,E07000200,3,0,1,0,1,"[19, 2]","[7, 0]","[3, 0]","[4, 0]",0,0,1,0,0,0,0,0,5,13
2024371442800,2024,371442800,572068,278881,0.52666,52.38093,3,3,3,15:25,-1,E07000245,4,0,2,1,2,10,1,"[7, 5]",0,0,0,1,0,0,0,0,0,5,14
2024371443050,2024,371443050,605317,267244,1.00739,52.26501,3,3,1,18:24,-1,E07000203,6,0,1,0,2,19,7,3,0,0,0,1,0,0,0,0,1,5,12
2024371443092,2024,371443092,616529,244790,1.15712,52.05915,2,2,2,12:44,-1,E07000202,3,0,1,0,1,7,6,2,0,0,0,0,0,0,1,0,1,5,6
2024371443198,2024,371443198,571661,249153,0.50559,52.11405,2,"[3, 2]",3,21:09,-1,E07000245,6,2,2,1,2,19,2,7,0,0,0,1,0,0,0,0,0,5,14
2024371443317,2024,371443317,627914,236601,1.31746,51.98109,3,3,1,10:40,-1,E07000244,6,0,1,0,1,"[4, 19]",-1,-1,0,0,0,1,1,0,0,0,0,5,5
2024371443526,2024,371443526,587246,242858,0.72948,52.05247,2,2,3,12:03,-1,E07000200,3,0,8,0,2,19,5,1,0,0,0,1,0,0,0,0,0,5,14
2024371443527,2024,371443527,638209,287766,1.50304,52.43592,3,3,4,18:20,-1,E07000244,6,0,1,0,2,19,1,5,0,0,0,1,0,0,0,1,0,5,15
2024371443581,2024,371443581,614878,244505,1.1329,52.05724,3,3,6,12:47,-1,E07000202,3,0,1,0,1,"[19, 9]","[5, 7]","[1, 5]",0,0,0,1,0,1,0,0,0,5,10
2024371443582,2024,371443582,614890,245568,1.13374,52.06678,3,3,5,16:11,-1,E07000202,6,0,1,0,1,"[2, 19]","[0, 1]","[0, 5]",0,0,0,1,0,0,0,0,0,4,18
2024371443596,2024,371443596,645889,289275,1.6169,52.44606,3,3,3,11:55,-1,E07000244,3,0,1,0,2,"[19, 15]","[3, 5]","[7, 3]",0,0,0,1,0,0,0,0,0,3,26
2024371443631,2024,371443631,630951,235897,1.36113,51.97352,3,3,6,16:12,-1,E07000244,6,0,1,0,1,1,3,7,0,0,0,1,0,0,0,0,1,4,12
2024371443647,2024,371443647,619413,242019,1.19734,52.03315,3,3,6,07:53,-1,E07000202,6,0,1,1,1,19,5,1,0,0,0,1,0,0,0,0,0,4,19
2024371444180,2024,371444180,566699,245411,0.43136,52.08196,3,3,5,08:24,-1,E07000245,6,0,1,0,1,19,5,1,0,0,0,1,0,0,0,0,1,3,7
2024371444332,2024,371444332,609020,254761,1.05387,52.15155,2,2,4,09:48,-1,E07000203,4,0,1,0,2,"[9, 19]","[3, 7]","[7, 3]",0,0,0,1,1,0,0,0,0,5,1
2024371444403,2024,371444403,618452,242933,1.18394,52.04173,3,3,1,10:30,-1,E07000202,6,0,1,0,1,19,4,8,0,0,0,1,1,0,0,0,0,5,12
2024371444437,2024,371444437,625516,247510,1.28978,52.07999,3,3,5,16:00,-1,E07000244,6,0,1,1,2,-1,-1,-1,-1,-1,0,1,0,1,0,0,0,5,16
2024371444669,2024,371444669,566564,246210,0.42978,52.08917,2,2,7,20:35,-1,E07000245,3,0,1,0,1,19,4,8,0,0,0,1,0,0,0,0,1,5,18
2024371444679,2024,371444679,564332,263346,0.40553,52.24377,2,2,7,22:50,-1,E07000245,3,2,1,0,1,4,7,3,0,0,0,1,0,0,0,0,1,5,18
2024371444867,2024,371444867,614138,246224,1.1232,52.07296,2,2,1,20:15,-1,E07000202,6,0,1,0,1,"[2, 19]","[0, 1]","[0, 5]",0,0,0,1,1,0,0,0,0,5,19
2024371445066,2024,371445066,636934,253443,1.46022,52.12847,3,3,5,15:20,-1,E07000244,6,0,8,1,2,19,7,3,0,0,0,1,0,0,0,0,0,5,16
2024371445207,2024,371445207,621412,272770,1.24649,52.30838,2,2,1,13:12,-1,E07000203,4,0,1,0,2,19,3,7,0,7,4,0,0,1,0,0,0,5,19
2024371445412,2024,371445412,590004,244436,0.77053,52.0657,1,"[2, 1]",1,12:52,-1,E07000200,6,0,1,0,2,19,7,3,0,0,0,0,0,1,0,0,0,5,19
2024371445606,2024,371445606,564006,266125,0.40211,52.26882,3,3,6,15:18,-1,E07000245,3,0,2,1,2,19,"[3, 7]","[7, 3]",0,0,0,1,0,0,0,0,0,5,3
2024371445669,2024,371445669,575718,283622,0.58271,52.42235,3,3,3,14:30,-1,E07000245,3,0,1,0,2,"[9, 19]","[2, 6]","[3, 2]",0,0,0,1,0,0,0,0,0,5,21
2024371445681,2024,371445681,589327,267146,0.77332,52.26987,3,3,3,14:30,-1,E07000245,3,0,2,1,2,19,"[2, 6]","[6, 2]","[0, 10]","[0, 1]",0,1,0,0,1,0,0,5,21
2024371445968,2024,371445968,611149,265825,1.09184,52.25007,3,3,7,17:52,-1,E07000203,6,0,1,0,2,19,"[3, 8]","[8, 3]",0,0,0,1,0,0,0,0,0,4,20
2024371446035,2024,371446035,617686,244173,1.17358,52.05316,3,3,1,17:00,-1,E07000202,6,0,1,0,1,19,"[3, 5]",1,0,0,0,1,0,1,0,0,0,4,21
2024371446339,2024,371446339,603984,275153,0.99267,52.33652,3,3,1,15:33,-1,E07000203,6,0,1,0,2,"[4, 1]",-1,-1,0,0,0,1,0,1,0,0,0,5,19
2024371446366,2024,371446366,580196,265608,0.63884,52.25912,2,2,3,07:25,-1,E07000245,3,0,8,0,2,19,-1,-1,0,0,0,1,1,0,0,0,0,5,21
2024371446376,2024,371446376,571037,274783,0.50944,52.34445,3,3,4,14:58,-1,E07000245,6,0,1,0,1,"[5, 19]","[5, 3]","[1, 7]",0,0,0,1,0,0,0,0,0,5,8
2024371447020,2024,371447020,642528,291191,1.56894,52.46475,3,3,3,17:25,-1,E07000244,6,0,1,0,2,4,-1,-1,0,0,0,1,0,0,0,0,0,5,21
2024371447029,2024,371447029,618725,240964,1.18666,52.02395,3,3,5,07:11,-1,E07000202,3,0,1,0,2,19,7,3,0,0,0,1,0,0,0,0,0,5,23
2024371447040,2024,371447040,612942,249637,1.10791,52.10406,3,3,4,04:12,-1,E07000203,3,0,1,0,2,"[4, 3]",-1,-1,0,0,0,1,0,0,1,0,0,5,22
2024371447218,2024,371447218,627721,275486,1.3407,52.33018,3,3,5,12:40,-1,E07000203,6,0,1,0,2,9,1,5,0,3,9,1,0,0,0,0,0,5,23
2024371447286,2024,371447286,642232,289958,1.5637,52.45382,2,2,1,11:20,-1,E07000244,4,0,1,0,1,19,"[5, 7]","[1, 3]",0,0,0,1,0,0,0,0,0,4,21
2024371447566,2024,371447566,607204,256529,1.02845,52.16811,3,3,2,14:25,-1,E07000203,4,0,3,2,2,"[19, 5]",8,"[4, 2]",0,0,0,1,0,0,0,0,0,1,8
2024371447570,2024,371447570,592255,275658,0.82103,52.34528,3,3,1,10:16,-1,E07000245,6,0,1,0,2,19,"[4, 6]","[8, 2]",0,0,0,1,0,0,0,0,0,4,21
2024371447582,2024,371447582,573218,266315,0.53707,52.26771,3,3,6,08:13,-1,E07000245,3,0,1,0,2,19,1,3,0,"[5, 0]",0,1,0,0,0,1,0,5,24
2024371447606,2024,371447606,615434,245202,1.14144,52.06328,3,3,4,14:36,-1,E07000202,3,0,1,0,1,19,5,1,0,0,0,1,0,0,0,0,1,4,24
2024371447629,2024,371447629,619438,243017,1.19835,52.0421,3,3,6,09:00,-1,E07000202,3,0,1,0,1,19,"[8, 2]","[3, 6]",0,0,0,1,0,0,0,0,0,5,24
2024371447642,2024,371447642,618412,244099,1.1841,52.05221,3,3,2,12:46,-1,E07000202,6,0,1,0,1,"[9, 19]",3,"[1, 7]",0,0,0,1,0,0,0,0,0,3,25
2024371447788,2024,371447788,619479,243158,1.19904,52.04335,3,3,7,12:10,-1,E07000202,6,0,1,0,1,"[10, 19]","[5, 1]","[3, 5]",0,0,0,1,1,0,0,0,0,5,18
2024371447880,2024,371447880,617276,246155,1.16887,52.07112,2,"[3, 2]",6,19:12,-1,E07000202,3,0,1,0,1,"[4, 19]",7,"[6, 7]",0,0,0,1,0,0,0,0,0,5,24
2024371448331,2024,371448331,642194,289647,1.56291,52.45105,3,3,4,08:35,-1,E07000244,6,0,1,0,1,-1,-1,-1,-1,-1,0,1,0,0,0,0,1,5,22
2024371448339,2024,371448339,624602,246323,1.27569,52.0697,3,3,6,08:10,-1,E07000244,6,0,1,0,2,"[7, 19]","[6, 8]","[8, 4]",0,0,0,1,1,0,0,0,0,5,24
2024371448533,2024,371448533,596558,247579,0.86782,52.09164,3,3,1,16:46,-1,E07000200,3,0,1,0,2,19,3,7,0,0,0,1,0,0,0,0,0,5,26
2024371448731,2024,371448731,594000,267762,0.84207,52.27377,3,3,2,18:38,-1,E07000245,6,0,1,0,2,19,2,5,0,7,3,1,0,0,0,0,0,5,27
2024371448902,2024,371448902,629505,263536,1.35871,52.22218,2,2,6,15:32,-1,E07000244,4,0,1,0,2,19,3,7,0,1,0,1,0,0,0,0,0,5,24
2024371449385,2024,371449385,608644,237316,1.03773,51.99508,3,3,4,10:43,-1,E07000200,3,0,1,0,2,19,7,3,0,0,0,0,0,0,1,0,0,5,29
2024371449523,2024,371449523,578641,285841,0.62683,52.44133,3,3,4,11:43,-1,E07000245,4,0,1,1,2,19,1,4,0,1,0,1,0,0,0,0,1,5,29
2024371449731,2024,371449731,605126,262542,1.00174,52.22287,2,2,7,12:09,-1,E07000203,6,0,1,0,2,"[15, 19]",3,7,0,0,0,1,1,0,0,0,0,4,27
2024371449771,2024,371449771,615259,245129,1.13884,52.06269,3,3,1,14:41,-1,E07000202,4,0,1,1,1,"[19, 6]","[5, 1]","[1, 5]",0,0,0,1,0,1,0,0,0,4,28
2024371449834,2024,371449834,574188,266249,0.55123,52.26681,2,"[3, 2]",5,07:45,-1,E07000245,3,0,1,0,2,"[4, 19]",1,5,0,0,0,1,0,0,0,0,0,5,9
2024371449968,2024,371449968,625844,277335,1.31445,52.34755,3,3,4,07:09,-1,E07000203,6,0,1,0,2,19,-1,-1,0,0,0,1,0,0,0,0,1,5,29
2024371450204,2024,371450204,622322,241336,1.23924,52.02586,2,2,6,15:48,-1,E07000244,3,0,1,0,2,"[13, 9]","[8, 2]","[4, 8]",0,0,0,1,0,1,0,0,0,5,3
2024371450346,2024,371450346,637896,261240,1.47971,52.19802,2,2,4,17:40,-1,E07000244,3,0,1,1,2,"[19, 5]","[1, 3]","[5, 7]",0,0,0,1,1,0,0,0,0,5,29
2024371450366,2024,371450366,583881,248840,0.68368,52.10732,3,3,6,13:20,-1,E07000200,4,0,2,1,2,19,0,0,0,7,3,1,0,0,0,0,0,5,31
2024371450522,2024,371450522,618587,246286,1.18805,52.07178,3,3,4,08:30,-1,E07000202,6,0,1,0,1,19,"[3, 1]","[7, 5]",0,0,0,1,1,0,0,0,0,5,29
2024371450793,2024,371450793,616377,244418,1.15467,52.05587,3,3,7,13:20,-1,E07000202,4,0,4,0,1,11,7,3,0,1,0,1,0,0,0,0,1,6,1
2024371451092,2024,371451092,595399,272350,0.86521,52.31447,2,"[2, 3]",7,12:05,-1,E07000245,3,0,1,0,2,"[19, 10]","[4, 7, 8]","[8, 3, 4]",0,0,0,1,0,0,0,0,0,6,1
2024371451224,2024,371451224,566661,272013,0.44389,52.32091,2,"[3, 2]",2,15:36,-1,E07000245,4,0,1,0,2,19,"[7, 2]","[3, 6]",0,0,0,1,0,0,0,0,0,5,20
2024371451299,2024,371451299,587526,241475,0.7328,52.03995,2,"[2, 3]",7,02:46,-1,E07000200,4,2,1,1,1,19,"[1, 7]","[5, 3]",0,0,0,1,0,0,0,0,0,6,1
2024371451585,2024,371451585,587636,245879,0.73682,52.07947,2,"[2, 3]",6,23:10,-1,E07000200,6,2,1,0,2,19,1,5,0,0,0,1,0,0,0,0,0,5,31
2024371451735,2024,371451735,616546,243644,1.15664,52.04886,3,3,3,18:00,-1,E07000202,3,0,1,0,1,5,2,2,0,0,0,1,0,0,0,0,0,6,4
2024371451749,2024,371451749,613293,246540,1.11109,52.07612,1,1,3,17:42,-1,E07000203,3,0,1,0,2,19,5,1,"[11, 0]","[5, 0]","[6, 0]",1,0,1,0,0,0,6,4
2024371451770,2024,371451770,586349,240703,0.71524,52.03342,3,3,3,17:00,-1,E07000200,6,0,2,1,1,"[9, 5]","[3, 1]",1,0,0,0,1,0,1,0,0,0,6,4
2024371451836,2024,371451836,586082,264618,0.72443,52.24827,3,3,1,10:19,-1,E07000245,6,0,9,-1,1,"[-1, 19]",-1,-1,0,0,0,1,1,0,0,0,0,6,2
2024371452105,2024,371452105,579560,270010,0.63187,52.29886,3,3,1,21:14,-1,E07000245,3,2,1,0,2,19,3,7,0,1,0,1,0,0,0,0,0,5,26
2024371452173,2024,371452173,567497,245858,0.44322,52.08573,3,3,4,16:00,-1,E07000245,6,0,1,0,1,"[4, 9]","[7, 6]","[4, 3]",0,0,0,1,0,1,0,0,0,6,5
2024371452275,2024,371452275,571113,275066,0.51069,52.34697,3,3,4,16:45,-1,E07000245,3,0,1,0,1,19,5,1,0,0,0,1,0,0,0,0,1,6,5
2024371452372,2024,371452372,579154,286132,0.63453,52.44378,3,3,4,19:30,-1,E07000245,6,0,1,0,2,-1,-1,-1,-1,-1,0,0,0,1,0,0,0,6,5
2024371452439,2024,371452439,616336,244090,1.15387,52.05295,3,3,6,07:08,-1,E07000202,3,0,2,1,1,"[19, 13]",3,"[6, 5]",0,0,0,1,0,0,0,0,0,5,3
2024371452454,2024,371452454,653488,295944,1.73353,52.50242,3,3,3,15:55,-1,E07000244,6,0,1,0,1,"[8, 19]",3,"[5, 7]",0,0,0,1,0,0,0,0,0,6,4
2024371452937,2024,371452937,619416,245142,1.19939,52.06118,3,3,3,13:13,-1,E07000202,3,0,1,0,1,"[19, 9]","[3, 7]","[7, 5]",0,0,0,1,0,0,0,0,0,6,4
2024371452989,2024,371452989,582355,271357,0.67354,52.31004,2,2,7,18:11,-1,E07000245,6,0,1,0,2,19,5,1,0,1,0,1,0,0,0,0,0,5,25
2024371453057,2024,371453057,596235,240460,0.85903,52.02783,3,3,6,17:20,-1,E07000200,6,0,1,0,2,"[2, 15]","[0, 5]","[0, 1]","[0, 4]",0,0,1,0,0,0,0,0,6,7
2024371453426,2024,371453426,585269,263008,0.71165,52.23409,3,3,1,01:00,-1,E07000245,6,2,1,0,1,"[2, 19]",7,3,0,1,0,1,0,0,0,0,0,6,9
2024371453643,2024,371453643,650896,286032,1.68798,52.41469,3,3,1,21:00,-1,E07000244,3,2,1,0,2,19,2,6,10,1,0,1,0,0,0,0,0,6,9
2024371453751,2024,371453751,622625,242291,1.24427,52.03431,2,2,7,14:40,-1,E07000244,6,0,1,0,2,"[5, 19, 2]","[1, 3, 0]","[3, 7, 0]",0,0,0,1,0,0,0,0,1,6,8
2024371453872,2024,371453872,611633,258051,1.09406,52.18009,2,"[3, 2]",2,11:22,-1,E07000203,3,0,2,1,2,19,"[5, 1]","[1, 5]",0,"[1, 0]",0,1,0,0,1,0,0,6,10
2024371453914,2024,371453914,614770,246122,1.13234,52.0718,3,3,7,19:00,-1,E07000202,6,0,1,-1,1,-1,-1,-1,0,0,0,1,0,0,0,0,1,6,1
2024371453959,2024,371453959,567268,246186,0.44004,52.08875,3,3,2,10:55,-1,E07000245,6,0,1,0,1,"[19, 2]","[4, 7]",8,0,0,0,1,0,0,0,0,0,6,10
2024371454173,2024,371454173,586897,262060,0.73494,52.22502,3,3,5,18:35,-1,E07000245,3,0,1,0,2,19,4,8,0,0,0,1,0,0,0,0,0,5,2
2024371454227,2024,371454227,645276,288410,1.60726,52.43857,3,3,3,18:07,-1,E07000244,3,0,1,0,2,19,"[7, 3]","[3, 7]",0,0,0,1,0,0,0,0,0,5,7
2024371454277,2024,371454277,601982,243501,0.94448,52.05307,3,3,1,15:47,-1,E07000200,3,0,1,0,2,9,1,3,0,0,0,1,0,0,0,0,0,5,5
2024371454358,2024,371454358,583127,246545,0.67145,52.08696,3,3,2,20:46,-1,E07000200,3,2,1,0,2,19,"[7, 1]","[3, 7]",0,0,0,1,0,0,0,0,0,4,1
2024371454359,2024,371454359,608702,243455,1.04231,52.05017,3,3,4,08:20,-1,E07000200,3,0,1,0,2,"[19, 4]","[3, 7]","[7, 3]",0,0,0,1,0,0,0,0,0,5,8
2024371454494,2024,371454494,628057,236419,1.31941,51.9794,3,3,3,15:43,-1,E07000244,6,0,1,0,1,"[19, 2]",4,"[8, 7]","[8, 0]",0,0,1,0,0,0,0,0,6,11
2024371454704,2024,371454704,571963,281759,0.52659,52.40681,3,3,2,10:53,-1,E07000245,4,0,1,0,2,"[19, 5]","[8, 2]","[4, 8]",0,0,0,1,0,0,0,0,0,4,8
2024371454790,2024,371454790,637163,260502,1.46849,52.19172,3,3,1,16:32,-1,E07000244,3,0,1,0,2,"[19, 9]",1,"[5, 3]",0,0,0,1,0,0,0,0,0,5,19
2024371455066,2024,371455066,614689,244360,1.13006,52.05601,3,3,4,20:45,-1,E07000202,3,0,1,0,1,19,6,3,0,0,0,1,1,0,0,0,0,6,12
2024371455147,2024,371455147,621241,244880,1.2258,52.0581,3,3,4,20:00,-1,E07000244,6,0,1,0,1,-1,-1,-1,-1,-1,0,1,1,0,0,0,0,6,12
2024371455255,2024,371455255,614007,245695,1.12096,52.06826,3,3,2,10:36,-1,E07000202,4,0,1,0,1,"[19, 2]","[7, 0]","[4, 0]",0,0,0,1,0,0,0,0,0,5,13
2024371455278,2024,371455278,654983,293187,1.7534,52.47699,3,3,2,09:30,-1,E07000244,6,0,1,0,1,19,"[5, -1]","[1, -1]",0,0,0,0,1,0,1,0,0,5,13
2024371455331,2024,371455331,631091,263741,1.38203,52.22336,3,3,3,12:54,-1,E07000244,4,0,1,0,2,19,-1,-1,0,0,0,1,0,0,0,0,0,6,4
2024371455351,2024,371455351,615958,244315,1.14851,52.05511,3,3,6,16:50,-1,E07000202,4,0,1,0,1,19,-1,-1,0,0,0,1,0,0,0,0,1,6,7
2024371455498,2024,371455498,567622,244373,0.44431,52.07235,3,3,5,21:09,-1,E07000245,6,0,1,0,2,19,3,7,0,0,0,1,0,0,0,0,0,6,13
2024371455524,2024,371455524,563699,265492,0.3973,52.26323,3,3,1,11:30,-1,E07000245,6,0,1,0,1,"[5, 3]",5,1,0,0,0,1,0,0,0,0,0,5,19
2024371455697,2024,371455697,642588,289740,1.56877,52.45171,2,"[3, 2]",1,13:35,-1,E07000244,6,0,1,0,1,"[2, 19]","[0, 1]","[0, 5]","[0, 4]",0,0,1,0,0,0,0,0,6,9
2024371455780,2024,371455780,609376,254634,1.05899,52.15028,3,3,4,09:00,-1,E07000203,4,0,1,0,2,"[3, 19]",-1,-1,0,0,0,1,0,0,0,0,0,6,12
2024371455782,2024,371455782,566902,245438,0.43434,52.08214,3,3,6,12:57,-1,E07000245,6,0,1,0,1,"[2, 1]",-1,-1,0,0,0,1,0,0,0,0,0,6,14
2024371455843,2024,371455843,624655,281940,1.3001,52.38936,2,2,6,15:30,-1,E07000203,4,0,1,0,2,"[19, 5]","[1, 3]","[5, 1]",0,0,0,1,0,1,0,0,0,6,14
2024371456651,2024,371456651,611490,241304,1.08158,52.0298,3,3,1,16:19,-1,E07000200,6,0,1,0,2,19,4,2,0,1,1,1,0,0,0,0,0,6,9
2024371457155,2024,371457155,635945,275138,1.46092,52.32358,3,3,2,18:25,-1,E07000244,6,0,1,0,2,19,"[2, 4]","[5, 2]",0,0,0,1,1,0,0,0,0,6,17
2024371457478,2024,371457478,565756,246546,0.41817,52.09243,2,2,4,09:55,-1,E07000245,3,0,1,0,1,19,3,7,0,0,0,1,0,0,0,0,1,6,5
2024371457588,2024,371457588,618833,244506,1.19049,52.0557,3,3,4,18:10,-1,E07000202,6,0,9,-1,1,"[-1, 19]",-1,-1,0,0,0,1,1,0,0,0,0,6,5
2024371457913,2024,371457913,585217,266113,0.71259,52.26199,3,3,4,18:30,-1,E07000245,4,0,1,0,1,19,"[6, 2]","[2, 6]",0,0,0,1,0,0,0,0,0,6,19
2024371458046,2024,371458046,606834,258461,1.02422,52.18559,3,3,5,08:11,-1,E07000203,3,0,1,0,2,"[19, 20]",4,8,0,0,0,1,0,0,0,0,0,6,20
2024371458366,2024,371458366,570096,270974,0.49371,52.31053,2,2,6,13:18,-1,E07000245,3,0,1,0,2,19,"[2, 8]","[5, 4]",0,0,0,1,1,0,0,0,0,6,7
2024371458483,2024,371458483,585095,263689,0.70948,52.24026,3,3,6,16:38,-1,E07000245,3,0,1,0,1,"[2, 19]","[0, 1]","[0, 5]",0,0,0,1,0,0,0,0,0,6,21
2024371458524,2024,371458524,576052,244658,0.56733,52.0723,3,3,6,17:10,-1,E07000245,3,0,1,0,2,19,"[7, 3]","[3, 7]",0,"[7, 0]","[11, 0]",1,0,0,0,0,0,6,21
2024371458731,2024,371458731,615917,245188,1.14846,52.06297,3,3,7,13:00,-1,E07000202,6,0,1,0,1,"[7, 9]","[5, 1]","[1, 5]",0,0,0,1,0,0,0,0,0,6,22
2024371459258,2024,371459258,631368,250647,1.37716,52.10573,2,2,7,20:48,-1,E07000244,6,0,1,0,2,19,2,6,0,0,0,0,0,1,0,0,0,6,22
2024371459486,2024,371459486,621979,245570,1.23699,52.064,3,3,2,08:29,-1,E07000244,6,0,1,0,1,"[5, 19]","[6, 5]","[2, 1]",0,0,0,0,1,0,0,1,0,6,17
2024371459689,2024,371459689,654139,293013,1.74087,52.47582,3,3,6,23:38,-1,E07000244,6,2,1,0,1,"[2, 19]","[0, 5]","[0, 1]","[0, 4]",0,0,1,0,0,0,0,1,6,21
2024371459870,2024,371459870,603002,249240,0.96274,52.10423,3,3,3,10:33,-1,E07000200,6,0,1,0,2,"[2, 19]","[1, 3]",1,0,"[0, 1]",0,1,0,0,0,0,0,6,25
2024371459931,2024,371459931,652199,296993,1.71538,52.51243,2,2,4,07:33,-1,E07000244,6,0,1,0,2,19,7,3,0,0,0,1,0,0,0,0,1,6,19
2024371460331,2024,371460331,616842,240406,1.1589,52.01968,2,2,5,09:03,-1,E07000200,6,0,2,1,2,19,"[5, 1]","[1, 5]",0,0,0,1,0,0,0,0,0,5,16
2024371460352,2024,371460352,641122,288433,1.54629,52.44063,3,3,3,12:25,-1,E07000244,6,0,1,0,2,19,6,2,0,1,0,1,0,0,0,0,0,6,25
2024371460449,2024,371460449,613126,242936,1.10641,52.04383,3,3,2,13:50,-1,E07000200,6,0,1,1,1,"[19, 5]","[6, 8]","[2, 6]",0,0,0,1,0,1,0,0,0,6,10
2024371460472,2024,371460472,615411,244824,1.14086,52.0599,3,3,7,14:17,-1,E07000202,6,0,1,0,1,19,"[6, 2]","[2, 6]",0,0,0,1,1,0,0,0,0,6,22
2024371460523,2024,371460523,606082,235716,0.9995,51.98167,3,3,4,16:00,-1,E07000200,6,0,1,0,2,"[3, 5]",4,1,0,0,0,1,0,0,0,0,0,6,26
2024371460773,2024,371460773,621373,237129,1.22271,51.98847,3,3,5,10:05,-1,E07000200,4,0,2,1,2,19,3,1,0,1,4,1,0,0,0,0,0,5,16
2024371460801,2024,371460801,592071,264618,0.81205,52.24622,2,"[2, 3]",7,23:50,-1,E07000203,6,2,1,1,2,19,7,3,0,7,4,1,0,0,0,0,0,6,15
2024371460826,2024,371460826,636696,244084,1.45026,52.04458,3,3,2,17:00,-1,E07000244,6,0,1,0,2,-1,-1,-1,-1,"[-1, 1]",0,1,1,0,0,0,0,6,24
2024371460857,2024,371460857,587372,241597,0.73062,52.0411,2,2,1,00:57,-1,E07000200,3,2,8,0,1,"[19, -1]","[5, -1]","[1, -1]",0,"[1, 0]",0,1,0,0,0,1,0,5,19
2024371460995,2024,371460995,567848,244877,0.44785,52.07681,3,3,5,14:25,-1,E07000245,6,0,1,0,1,"[5, 2]","[7, 0]","[2, 0]",0,0,0,1,0,0,0,0,0,6,27
2024371461312,2024,371461312,643093,260533,1.55509,52.18941,2,2,4,11:38,-1,E07000244,4,0,1,0,2,19,6,2,0,0,0,1,0,1,0,0,0,6,26
2024371461346,2024,371461346,586241,240443,0.71352,52.03112,3,3,6,06:40,-1,E07000200,3,0,1,0,2,19,"[1, 5]","[5, 2]",0,0,0,1,0,0,0,0,0,6,28
2024371462037,2024,371462037,571268,272705,0.51177,52.32571,2,2,2,17:15,-1,E07000245,3,0,1,0,2,"[19, 9]",5,1,0,"[6, 0]","[9, 0]",1,0,0,0,0,0,6,24
2024371462048,2024,371462048,618284,244339,1.18239,52.05442,2,2,1,17:37,-1,E07000202,6,0,1,0,1,19,5,1,0,0,0,1,0,1,0,0,0,6,30
2024371462063,2024,371462063,629677,234123,1.34143,51.95813,2,2,7,18:20,-1,E07000244,4,0,8,0,1,19,7,3,0,0,0,1,0,0,0,0,1,6,29
2024371462171,2024,371462171,560108,266093,0.34502,52.26968,2,2,2,07:49,-1,E07000245,4,0,1,0,2,19,1,5,0,0,0,1,1,0,0,0,0,6,24
2024371462227,2024,371462227,628893,236286,1.33148,51.97786,2,2,2,09:50,-1,E07000244,3,0,1,0,2,19,2,5,10,0,0,0,0,1,0,0,0,7,1
2024371462492,2024,371462492,611866,240686,1.08667,52.02411,3,3,3,07:25,-1,E07000200,3,0,2,1,2,19,"[5, 6]","[1, 2]",0,0,0,1,0,0,1,0,0,7,2
2024371462572,2024,371462572,652708,293386,1.72013,52.47983,2,2,7,10:48,-1,E07000244,6,0,1,0,1,"[9, 19]","[4, 2]","[2, 6]",0,0,0,1,0,1,0,0,0,6,29
2024371462766,2024,371462766,649954,284407,1.67295,52.40054,3,3,3,15:30,-1,E07000244,3,0,1,0,2,19,"[1, 5]","[5, 1]",0,"[1, 0]",0,1,0,0,0,0,0,7,2
2024371462772,2024,371462772,615527,243300,1.14159,52.04617,3,3,7,10:37,-1,E07000202,6,0,9,0,1,-1,6,3,0,0,0,1,0,0,0,0,1,6,29
2024371463387,2024,371463387,593827,238864,0.82307,52.01434,3,3,5,08:33,-1,E07000200,3,0,1,0,2,"[4, 3]",8,4,0,0,0,1,0,1,0,0,0,7,4
2024371463441,2024,371463441,642660,289291,1.5695,52.44765,3,3,6,02:40,-1,E07000244,6,2,1,0,1,19,5,1,0,0,0,0,0,1,0,0,0,5,24
2024371463467,2024,371463467,619432,242006,1.19761,52.03302,3,3,4,16:35,-1,E07000202,6,0,1,1,1,19,"[1, 2]","[3, 4]",0,0,0,1,0,1,0,0,0,7,3