collision_index,collision_year,collision_ref_no,location_easting_osgr,location_northing_osgr,longitude,latitude,casualty_severity,casualty_severity,day_of_week,time,local_authority_district,local_authority_ons_district,first_road_class,light_conditions,weather_conditions,road_surface_conditions,urban_or_rural_area,vehicle_manoeuvre,vehicle_direction_from,vehicle_direction_to,hit_object_in_carriageway,vehicle_leaving_carriageway,hit_object_off_carriageway,is_car,is_cyle,is_mcyle,is_goodsv,is_other,is_pedestrian,month,day
2024371463561,2024,371463561,633005,272338,1.41593,52.29971,3,3,1,19:08,-1,E07000244,4,0,1,0,2,"[9, 19]","[5, 2]","[2, 6]",0,0,0,1,0,0,0,1,0,6,2
2024371463575,2024,371463575,616041,244365,1.14975,52.05553,3,3,1,20:40,-1,E07000202,4,0,1,0,1,"[19, 9]","[3, 1]",7,0,0,0,1,0,0,0,0,0,6,23
2024371463598,2024,371463598,641092,286760,1.54465,52.42563,2,2,5,13:50,-1,E07000244,6,0,1,0,2,19,5,1,0,1,0,1,0,0,0,0,0,7,4
2024371463679,2024,371463679,616214,244158,1.15214,52.0536,3,3,4,17:39,-1,E07000202,3,0,1,0,1,"[12, 14]",1,"[4, 5]",0,0,0,1,0,1,0,0,0,7,3
2024371463745,2024,371463745,571218,272654,0.51101,52.32527,3,3,4,16:31,-1,E07000245,3,0,1,0,2,"[9, 19, 7]","[2, 6, 8]","[8, 2]",0,0,0,1,0,0,0,0,0,7,3
2024371463766,2024,371463766,612754,242488,1.10071,52.03995,3,3,3,15:52,-1,E07000200,3,0,2,1,1,"[4, 3]",-1,-1,0,0,0,1,0,0,0,0,0,6,11
2024371463804,2024,371463804,589527,240319,0.76129,52.02889,3,3,6,21:17,-1,E07000200,6,0,1,0,2,19,-1,-1,0,0,0,1,0,0,0,0,1,6,14
2024371463815,2024,371463815,627593,248938,1.32099,52.09196,2,2,1,01:50,-1,E07000244,4,2,2,1,1,19,-1,-1,0,2,0,1,0,0,0,0,0,6,16
2024371463945,2024,371463945,588498,240458,0.74639,52.03049,2,"[3, 2]",1,23:41,-1,E07000200,6,2,1,0,1,19,2,6,0,1,0,1,0,0,0,0,0,6,23
2024371464141,2024,371464141,616334,243983,1.15377,52.05199,3,3,3,16:07,-1,E07000202,3,0,1,-1,1,-1,-1,-1,-1,-1,0,1,0,0,0,0,1,6,11
2024371464143,2024,371464143,602253,261713,0.95925,52.21649,3,3,3,08:10,-1,E07000203,6,0,1,0,2,19,"[2, 8]","[6, 4]",0,0,0,1,0,0,0,0,0,6,4
2024371464175,2024,371464175,612267,246605,1.09618,52.0771,3,3,7,08:37,-1,E07000203,4,0,2,1,1,"[2, 19, 4]","[0, 8]","[0, 4]","[0, 4]",0,0,1,0,0,0,0,0,7,6
2024371465159,2024,371465159,645296,275376,1.59803,52.32162,2,2,4,13:55,-1,E07000244,3,0,1,0,2,19,5,1,0,1,0,1,0,0,0,0,0,5,29
2024371465231,2024,371465231,585964,244253,0.71156,52.06543,2,2,6,19:56,-1,E07000200,4,0,1,0,2,19,"[-1, 1]","[-1, 5]","[-1, 0]","[-1, 0]",0,1,1,0,0,0,0,6,7
2024371465253,2024,371465253,615003,273820,1.1533,52.32035,2,2,1,18:50,-1,E07000203,4,0,1,0,2,19,7,3,0,0,0,0,0,1,0,0,0,6,23
2024371465256,2024,371465256,612015,252371,1.09609,52.12896,3,3,5,10:57,-1,E07000203,3,0,1,0,2,"[19, 11]",7,3,0,0,0,1,0,0,0,0,0,5,30
2024371465264,2024,371465264,593282,256440,0.8251,52.17236,2,2,2,21:35,-1,E07000203,6,2,2,1,2,19,"[3, 7]","[7, 3]","[11, 0]",0,0,1,0,1,0,0,0,7,8
2024371465515,2024,371465515,631175,256900,1.37859,52.16193,2,2,7,12:20,-1,E07000244,4,0,2,1,2,19,8,"[4, 1]",0,0,0,1,0,0,0,0,0,7,6
2024371466052,2024,371466052,596001,240201,0.85547,52.02558,3,3,5,08:55,-1,E07000200,3,0,1,0,2,"[1, 19]","[7, 5]","[3, 1]",0,0,0,1,0,0,0,0,0,6,20
2024371466057,2024,371466057,572064,281429,0.5279,52.40382,3,3,4,16:24,-1,E07000245,4,0,1,0,2,"[9, 19]","[1, 8]",1,0,"[0, 1]",0,1,0,0,0,0,0,7,10
2024371466150,2024,371466150,615323,245416,1.13995,52.06524,3,3,4,18:26,-1,E07000202,3,0,1,0,1,"[4, 9]",2,"[5, 6]",0,0,0,1,0,1,0,0,0,7,10
2024371466194,2024,371466194,585263,264939,0.71262,52.25143,3,3,2,18:12,-1,E07000245,3,0,1,0,1,"[4, 19]",6,2,0,0,0,1,1,0,0,0,0,7,8
2024371466281,2024,371466281,642240,289958,1.56381,52.45382,2,2,5,16:35,-1,E07000244,6,0,2,1,1,19,"[7, 5]","[3, 1]",0,0,0,1,0,0,1,0,0,5,30
2024371466283,2024,371466283,643071,289483,1.57567,52.44919,2,2,3,19:10,-1,E07000244,6,0,1,0,1,7,5,7,0,7,0,1,0,0,0,0,1,7,9
2024371466424,2024,371466424,641607,261994,1.53444,52.20318,3,3,6,08:35,-1,E07000244,6,0,1,0,2,19,5,1,0,7,0,1,0,0,0,0,0,5,3
2024371466465,2024,371466465,605821,270575,1.0168,52.29473,3,3,2,07:10,-1,E07000203,4,0,1,0,2,19,4,8,12,0,0,1,0,0,0,0,0,6,3
2024371466497,2024,371466497,578483,286551,0.62489,52.44776,3,3,1,22:44,-1,E07000245,4,0,1,0,2,"[19, 7]","[1, 3]","[5, 1]",0,0,0,1,0,0,0,0,0,6,2
2024371466527,2024,371466527,600713,245617,0.92724,52.07253,2,2,2,07:31,-1,E07000200,4,0,1,0,2,"[9, 19]","[5, 1]","[3, 5]",0,"[7, 0]","[11, 0]",1,0,0,0,0,0,4,15
2024371466709,2024,371466709,626009,249516,1.29829,52.09779,3,3,4,07:50,-1,E07000244,3,0,1,0,1,"[7, 19]","[4, 3]","[8, 7]",0,0,0,1,0,0,0,0,0,6,5
2024371466734,2024,371466734,617672,244639,1.17367,52.05735,3,3,4,15:55,-1,E07000202,6,0,1,0,1,"[5, 19]",4,8,0,0,0,1,1,0,0,0,0,6,5
2024371466973,2024,371466973,617333,244492,1.16864,52.05617,3,3,5,09:19,-1,E07000202,6,0,1,0,1,"[19, 1]","[7, 4]","[3, 1]",0,0,0,1,0,0,0,0,0,6,6
2024371467360,2024,371467360,638484,266747,1.49217,52.24719,2,2,7,16:10,-1,E07000244,3,0,1,0,2,19,"[1, 5]","[5, 1]",0,"[0, 1]",0,1,0,0,0,0,0,7,13
2024371467754,2024,371467754,650708,276227,1.6779,52.32681,2,2,4,09:07,-1,E07000244,3,0,1,0,2,"[2, 19]","[0, 8]","[0, 4]",0,0,0,1,1,0,0,0,0,7,10
2024371467759,2024,371467759,612526,249550,1.10179,52.10344,2,2,6,15:31,-1,E07000203,4,0,1,0,2,12,5,1,11,1,9,0,0,1,0,0,0,6,7
2024371467790,2024,371467790,603484,237979,0.96307,52.00294,3,3,7,09:45,-1,E07000200,6,0,1,0,2,"[4, 19]",-1,-1,0,0,0,1,1,0,0,0,0,7,13
2024371467878,2024,371467878,614727,245415,1.13127,52.06547,3,3,7,18:30,-1,E07000202,4,0,1,0,1,"[4, 19]",7,3,0,0,0,1,0,0,0,0,0,6,8
2024371467937,2024,371467937,622173,241409,1.23712,52.02657,3,3,6,16:30,-1,E07000244,3,0,1,0,2,19,"[1, 5]","[5, 1]",0,0,0,1,1,0,0,0,0,6,7
2024371467945,2024,371467945,654975,293195,1.75329,52.47707,3,3,7,13:05,-1,E07000244,6,0,1,-1,1,4,-1,-1,0,0,0,1,0,0,0,0,1,7,6
2024371467952,2024,371467952,623296,241334,1.25341,52.02545,3,3,4,11:25,-1,E07000244,3,0,1,0,2,5,6,8,0,0,0,1,0,0,0,0,0,7,10
2024371468077,2024,371468077,591699,264631,0.80661,52.24646,2,"[2, 3]",1,10:51,-1,E07000245,6,0,1,0,2,19,"[1, 3]","[5, 7]",0,0,0,1,0,0,0,0,0,7,14
2024371468158,2024,371468158,653093,294826,1.72688,52.49257,3,3,2,20:26,-1,E07000244,3,0,1,0,1,"[19, 5]","[5, 7]","[1, 3]",0,0,0,1,1,0,0,0,0,6,10
2024371468174,2024,371468174,652792,292367,1.72059,52.47065,3,3,1,09:17,-1,E07000244,6,0,1,0,1,19,"[7, 5]",3,0,0,0,1,0,1,0,0,0,6,9
2024371468194,2024,371468194,615324,245102,1.13977,52.06242,3,3,3,02:10,-1,E07000202,4,2,1,0,1,19,8,4,10,3,0,1,0,0,0,0,0,6,11
2024371468254,2024,371468254,654765,293159,1.75018,52.47684,3,3,1,10:00,-1,E07000244,6,0,1,0,1,19,1,5,0,0,0,0,0,1,0,0,1,6,9
2024371468398,2024,371468398,652542,294692,1.71868,52.49163,3,3,4,11:32,-1,E07000244,4,0,1,1,1,"[19, 10]","[1, 5]","[5, 7, 1]",0,0,0,1,0,0,0,0,0,6,12
2024371468580,2024,371468580,576883,258443,0.5866,52.19584,3,3,3,15:07,-1,E07000245,6,0,1,0,2,"[19, 9]","[1, 3]","[5, 1]",0,"[7, 3]","[0, 10]",1,0,0,0,0,0,7,16
2024371468609,2024,371468609,627477,237349,1.3116,51.98798,3,3,2,13:15,-1,E07000244,6,0,1,0,1,"[7, 4]",-1,-1,0,0,0,1,1,0,0,0,0,7,15
2024371468717,2024,371468717,624026,246179,1.2672,52.06864,2,2,6,08:55,-1,E07000244,3,0,1,0,2,"[3, 5]",7,3,0,0,0,1,0,0,0,0,0,6,14
2024371468868,2024,371468868,622383,245050,1.24254,52.05917,3,3,1,18:30,-1,E07000244,6,0,1,0,1,19,"[3, 7]","[7, 3]",0,0,0,1,0,0,0,0,0,6,16
2024371468896,2024,371468896,624762,245877,1.27773,52.06564,2,2,1,12:30,-1,E07000244,6,0,1,1,2,"[4, 19]",5,1,0,0,0,1,0,0,0,0,0,6,16
2024371469160,2024,371469160,615021,247343,1.13677,52.08266,3,3,1,11:17,-1,E07000202,6,0,1,0,1,"[2, 19]","[0, 4]","[0, 8]","[0, 4]",0,0,1,0,0,0,0,0,6,23
2024371469196,2024,371469196,612163,242245,1.09196,52.03799,2,2,6,08:35,-1,E07000200,6,0,1,0,2,19,2,4,0,3,0,1,0,0,0,0,0,6,21
2024371469318,2024,371469318,592430,265477,0.81779,52.2538,3,3,3,08:39,-1,E07000203,6,0,1,0,2,19,"[3, 2]","[7, 4]",0,0,0,1,1,0,0,0,0,6,25
2024371469349,2024,371469349,598892,263400,0.91111,52.23286,3,3,4,11:31,-1,E07000203,6,0,1,0,2,"[19, 9]","[3, 2]","[7, 6]",0,0,0,1,0,0,0,0,0,6,26
2024371469352,2024,371469352,578855,270887,0.62201,52.30697,2,"[2, 3]",4,14:37,-1,E07000245,3,0,1,0,2,19,"[8, 4]",2,0,0,0,1,0,0,0,0,0,6,5
2024371469642,2024,371469642,616301,244047,1.15333,52.05257,2,"[2, 3]",5,22:10,-1,E07000202,3,2,1,0,1,19,"[2, 1]","[6, 7]",0,0,0,1,0,0,0,0,0,6,27
2024371469684,2024,371469684,653377,291763,1.72873,52.46496,2,2,6,22:26,-1,E07000244,6,2,1,0,1,1,1,"[4, 6]",0,0,0,1,0,0,0,0,0,6,28
2024371469701,2024,371469701,614237,247033,1.12515,52.08018,3,3,5,09:00,-1,E07000202,6,0,1,0,1,"[19, 9]","[5, 6]","[1, 4]",0,0,0,1,0,1,0,0,0,7,11
2024371470068,2024,371470068,599831,241588,0.91203,52.03667,3,3,1,23:35,-1,E07000200,3,2,1,0,2,-1,-1,-1,-1,-1,0,1,0,0,0,1,0,7,14
2024371470195,2024,371470195,614585,246425,1.12984,52.07459,3,3,7,16:25,-1,E07000202,3,0,1,0,1,19,8,4,0,0,0,0,0,0,1,0,1,7,20
2024371470675,2024,371470675,619235,245124,1.19674,52.06109,3,3,4,15:45,-1,E07000202,3,0,8,0,1,"[7, 19]",-1,-1,0,"[1, 0]",0,1,1,0,0,0,0,7,17
2024371470709,2024,371470709,621289,239680,1.22314,52.01141,3,3,5,18:28,-1,E07000244,6,0,1,0,2,"[4, 19]",7,3,0,0,0,1,0,0,0,0,0,7,18
2024371470758,2024,371470758,642548,290472,1.56871,52.45829,3,3,2,11:10,-1,E07000244,6,0,1,0,1,"[5, 9]","[5, 3]",1,0,0,0,1,1,0,0,0,0,7,15
2024371470797,2024,371470797,617862,244708,1.17648,52.0579,2,2,6,12:27,-1,E07000202,6,2,1,0,1,"[19, 10]",3,"[7, 1]",0,0,0,1,0,1,0,0,0,7,5
2024371470803,2024,371470803,642738,291172,1.57201,52.46449,3,3,1,10:24,-1,E07000244,3,0,1,0,2,"[4, 19]",1,5,0,0,0,1,0,0,0,0,0,7,14
2024371470818,2024,371470818,572450,284459,0.53513,52.43091,3,3,7,01:36,-1,E07000245,4,2,1,0,2,"[19, 9]","[5, 3]",1,0,0,0,1,0,0,0,0,0,7,20
2024371470846,2024,371470846,586386,280544,0.73769,52.39118,3,3,2,14:20,-1,E07000245,3,0,1,0,2,19,5,1,0,1,0,0,0,0,1,0,0,7,22
2024371470920,2024,371470920,654821,293554,1.7513,52.48036,2,2,2,19:49,-1,E07000244,3,0,1,0,1,19,5,1,0,0,0,1,0,0,0,0,0,7,22
2024371470987,2024,371470987,626779,244697,1.30632,52.05422,3,3,2,16:35,-1,E07000244,6,0,1,0,2,"[19, 5]","[8, 7]","[4, 3]",0,"[7, 0]","[10, 0]",1,0,0,0,0,0,7,22
2024371471014,2024,371471014,618715,242600,1.18756,52.03864,3,3,6,08:52,-1,E07000202,6,0,1,0,1,"[9, 19]","[6, 2]","[2, 6]",0,0,0,1,0,0,0,0,0,6,28
2024371471182,2024,371471182,616092,244799,1.15076,52.05941,3,3,2,15:55,-1,E07000202,3,0,1,0,1,"[9, 19]","[1, 5]","[5, 1]",0,0,0,1,0,1,0,0,0,7,1
2024371471193,2024,371471193,619582,243989,1.20107,52.05076,2,2,5,05:15,-1,E07000202,3,0,1,0,1,19,"[3, 5]","[7, 1]",0,0,0,1,1,0,0,0,0,7,18
2024371471220,2024,371471220,573861,266257,0.54645,52.26699,3,3,1,13:12,-1,E07000245,3,0,1,0,2,19,3,7,11,0,0,1,0,0,0,0,0,7,21
2024371471252,2024,371471252,577669,245463,0.59131,52.07901,3,3,5,09:28,-1,E07000245,3,0,1,0,2,"[15, 10]",3,7,0,0,0,1,0,1,0,0,0,7,4
2024371471265,2024,371471265,591529,240820,0.79072,52.0327,3,3,4,18:30,-1,E07000200,3,0,1,0,2,19,-1,-1,0,0,0,1,0,0,0,0,1,7,17
2024371471282,2024,371471282,604639,259361,0.9927,52.19449,3,3,6,17:40,-1,E07000203,3,0,2,1,1,19,4,8,0,0,0,1,0,0,0,0,1,7,5
2024371471409,2024,371471409,603531,278396,0.988,52.3658,3,3,3,06:15,-1,E07000203,6,0,2,1,2,19,"[2, 6]","[5, 3]",0,"[0, 1]",0,1,0,0,0,0,0,7,23
2024371471513,2024,371471513,623636,242504,1.25912,52.03582,3,3,6,23:56,-1,E07000244,3,2,2,1,2,19,5,1,0,2,0,1,0,0,0,0,0,7,5
2024371471609,2024,371471609,652666,290943,1.71766,52.45794,2,2,1,17:51,-1,E07000244,6,0,2,1,1,19,2,6,0,7,0,0,0,1,0,0,0,7,7
2024371471662,2024,371471662,644540,262450,1.5776,52.20598,3,3,5,11:04,-1,E07000244,4,0,1,0,2,"[15, 19]",5,1,0,0,0,0,1,0,1,0,0,7,18
2024371471734,2024,371471734,626774,250431,1.31005,52.10569,2,"[2, 3]",4,13:05,-1,E07000244,3,0,1,0,2,19,1,5,0,0,0,1,0,0,0,0,0,7,24
2024371471870,2024,371471870,615381,243739,1.13974,52.05017,3,3,5,02:39,-1,E07000202,6,2,2,1,1,19,3,7,0,0,0,0,0,1,0,0,0,7,25
2024371471908,2024,371471908,613680,237710,1.11121,51.9967,3,3,3,18:50,-1,E07000200,6,0,1,1,2,"[19, 10]",5,1,0,0,0,0,0,1,0,0,0,7,9
2024371471933,2024,371471933,609969,238243,1.05757,52.0029,3,3,2,14:43,-1,E07000200,3,0,1,0,2,"[19, 7]",1,5,0,0,0,1,0,0,1,0,0,7,8
2024371471948,2024,371471948,615407,245265,1.14108,52.06386,3,3,6,09:45,-1,E07000202,3,0,1,0,1,"[9, 19]",8,"[5, 3]",0,0,0,1,1,0,0,0,0,7,12
2024371471988,2024,371471988,587315,264280,0.74228,52.24482,3,3,3,14:20,-1,E07000245,6,0,1,0,1,1,1,5,0,0,0,1,0,0,0,0,1,7,9
2024371472011,2024,371472011,654974,292857,1.75302,52.47403,3,3,3,23:33,-1,E07000244,3,2,1,0,1,19,7,3,0,0,0,1,0,0,0,0,0,7,9
2024371472017,2024,371472017,646717,279462,1.62183,52.35764,3,3,4,18:38,-1,E07000244,3,0,1,0,2,19,"[5, 3]","[1, 7]",0,"[1, 0]",0,1,0,0,0,0,0,7,10
2024371472065,2024,371472065,653764,290859,1.73372,52.45667,2,2,5,16:53,-1,E07000244,4,0,1,0,1,"[9, 19]","[5, 7]","[1, 3]",0,0,0,1,0,0,0,0,0,7,18
2024371472113,2024,371472113,654544,293496,1.74719,52.47997,2,2,6,12:56,-1,E07000244,6,0,1,0,1,19,7,3,0,0,0,1,1,0,0,0,0,6,28
2024371472374,2024,371472374,606265,267803,1.0216,52.26968,3,3,1,22:00,-1,E07000203,6,2,1,0,2,19,"[6, 2]","[1, 6]",0,0,0,1,0,0,0,0,0,4,7
2024371472377,2024,371472377,615893,244582,1.14773,52.05754,3,3,4,08:30,-1,E07000202,3,0,1,0,1,"[11, 19]",-1,-1,0,0,0,1,1,0,0,0,0,7,24
2024371472389,2024,371472389,638721,280847,1.50563,52.37361,3,3,5,10:55,-1,E07000244,3,0,1,0,2,13,5,1,0,0,0,1,0,0,0,0,0,6,20
2024371472399,2024,371472399,613133,243204,1.10668,52.04623,3,3,6,12:35,-1,E07000200,3,0,1,0,2,"[9, 5]","[5, 1]","[3, 5]",0,0,0,1,0,0,0,0,0,7,26
2024371472452,2024,371472452,654394,292008,1.74385,52.46669,3,3,6,20:40,-1,E07000244,4,0,2,1,1,"[19, 4]",5,1,0,0,0,1,0,0,0,0,0,7,12
2024371472485,2024,371472485,572366,266663,0.52477,52.2711,3,3,6,12:41,-1,E07000245,3,0,1,0,2,"[19, 2]","[7, 1]","[4, 8]",0,0,0,1,0,0,1,0,0,4,12
2024371472515,2024,371472515,654228,291673,1.74116,52.46376,3,3,6,15:45,-1,E07000244,4,0,1,0,1,"[2, 19]","[0, 6]","[0, 2]","[0, 4]",0,0,1,0,0,0,0,0,7,26
2024371472569,2024,371472569,563971,263102,0.40013,52.24168,3,3,5,15:00,-1,E07000245,3,0,1,0,1,"[2, 19]","[0, 2]","[0, 6]","[0, 4]",0,0,1,0,0,0,0,0,7,25
2024371472726,2024,371472726,586707,243869,0.72218,52.06173,2,2,6,16:20,-1,E07000200,3,0,1,0,2,"[19, 7]","[1, 3]","[5, 7]",0,0,0,1,1,0,0,0,0,7,26
2024371472893,2024,371472893,579602,265864,0.63028,52.26161,3,3,7,21:42,-1,E07000245,6,2,1,0,2,7,3,5,0,7,0,1,0,0,0,0,0,7,27
2024371473288,2024,371473288,587254,264265,0.74138,52.2447,2,2,7,17:32,-1,E07000245,6,0,1,0,1,19,3,7,0,0,0,1,0,0,0,0,1,7,27
2024371473758,2024,371473758,591699,264615,0.8066,52.24632,3,3,3,10:15,-1,E07000245,6,0,1,0,2,19,"[7, 1]","[3, 5]",0,"[7, 0]",0,1,0,0,0,0,0,6,25
2024371473928,2024,371473928,591699,264622,0.80661,52.24638,3,3,3,14:18,-1,E07000245,6,0,1,0,2,19,"[7, 5, 1]","[3, 1, 5]",0,0,0,1,0,0,0,0,0,7,30
2024371474042,2024,371474042,592716,264242,0.82127,52.24261,3,3,3,16:55,-1,E07000203,6,0,1,0,2,"[19, 9]","[4, 7]","[1, 8, 3]",0,"[0, 7]",0,1,0,0,0,0,0,7,30
2024371474172,2024,371474172,614360,278398,1.1468,52.36169,3,3,1,18:40,-1,E07000203,6,0,1,0,2,"[3, 19]",3,7,0,0,0,1,0,1,0,0,0,7,28
2024371474173,2024,371474173,628922,236302,1.33191,51.97799,3,3,1,17:00,-1,E07000244,3,0,1,0,2,"[7, 12]",-1,-1,0,0,0,1,0,1,0,0,0,7,28
2024371474177,2024,371474177,651641,291958,1.70337,52.46751,3,3,6,15:00,-1,E07000244,3,0,1,0,1,12,6,2,0,0,0,1,0,1,0,0,0,7,19
2024371474243,2024,371474243,621718,249759,1.23591,52.10171,2,"[3, 2]",1,13:30,-1,E07000244,6,0,1,0,2,"[19, 4]",6,"[4, 2]",0,0,0,1,0,0,0,0,0,7,28
2024371474356,2024,371474356,654164,292947,1.74119,52.47522,3,3,7,11:34,-1,E07000244,6,0,1,0,1,19,7,3,0,0,0,1,0,0,0,1,0,7,20
2024371474547,2024,371474547,614143,247382,1.124,52.08335,2,2,2,13:59,-1,E07000202,6,0,1,0,1,19,5,1,0,7,11,0,0,1,0,0,0,7,29
2024371474612,2024,371474612,566349,245134,0.42613,52.07957,3,3,6,18:18,-1,E07000245,6,0,1,0,1,"[2, 19]","[0, 8]","[0, 4]","[0, 4]",0,0,1,0,0,0,0,0,7,26
2024371474673,2024,371474673,583766,270361,0.69367,52.30062,3,3,6,21:09,-1,E07000245,4,2,2,1,2,"[19, 10]","[5, 7]","[1, 3]",0,0,0,1,0,1,0,0,0,7,12
2024371474771,2024,371474771,572141,273366,0.5249,52.33138,2,2,2,19:20,-1,E07000245,3,0,1,0,2,19,1,5,0,0,0,1,0,0,0,0,0,7,15
2024371474778,2024,371474778,621846,262401,1.24603,52.21513,3,3,2,05:39,-1,E07000203,3,0,1,0,2,"[2, 19]","[0, 7]","[0, 3]",0,0,0,1,0,0,0,0,0,7,29
2024371474979,2024,371474979,626962,250459,1.31281,52.10587,3,3,4,08:50,-1,E07000244,6,0,1,0,1,"[19, 9]","[3, 5]","[7, 2]",0,0,0,1,0,0,0,0,0,7,31
2024371475016,2024,371475016,616215,243726,1.15188,52.04973,2,2,5,13:30,-1,E07000202,6,0,1,0,1,19,5,1,0,0,0,1,0,0,0,0,1,8,1
2024371475056,2024,371475056,598895,263393,0.91115,52.2328,3,3,3,17:00,-1,E07000203,6,0,1,0,2,"[19, 9]","[4, 7]","[7, 4]",0,0,0,1,0,0,0,0,0,6,18
2024371475060,2024,371475060,603787,240415,0.96893,52.0247,3,3,4,06:43,-1,E07000200,6,0,1,0,2,"[19, 2]","[7, 0]","[3, 0]","[10, 0]",0,0,1,0,0,0,0,0,7,31
2024371475076,2024,371475076,593489,280152,0.84172,52.3852,2,"[2, 3]",3,08:54,-1,E07000245,6,0,2,1,2,19,5,1,0,7,0,1,0,0,0,0,0,7,23
2024371475123,2024,371475123,633940,258208,1.41984,52.1725,3,3,2,15:25,-1,E07000244,3,0,1,0,2,19,"[5, 1]","[1, 5]",0,0,0,1,0,0,0,0,0,6,17
2024371475180,2024,371475180,613867,274150,1.13687,52.32375,2,2,1,19:30,-1,E07000203,6,0,1,0,2,19,1,5,0,7,0,1,0,0,0,0,0,6,30
2024371475246,2024,371475246,590247,267533,0.787,52.27302,2,"[2, 3]",4,18:46,-1,E07000245,6,0,1,0,2,19,"[1, 3]","[5, 7]",0,0,0,1,0,0,0,0,0,7,31
2024371475452,2024,371475452,635501,259790,1.44372,52.18604,3,3,7,08:40,-1,E07000244,3,0,1,0,2,19,5,1,0,1,11,1,0,0,0,0,0,8,3
2024371475685,2024,371475685,615885,251384,1.15192,52.1186,2,2,6,17:00,-1,E07000203,6,0,8,1,2,19,"[1, 5]","[5, 1]",0,0,0,1,0,1,0,0,0,7,5
2024371476049,2024,371476049,615719,243456,1.14449,52.0475,3,3,5,16:56,-1,E07000202,6,0,1,0,1,19,0,0,11,0,0,1,0,0,0,0,1,7,18
2024371476075,2024,371476075,616497,243604,1.15591,52.04852,3,3,4,11:28,-1,E07000202,6,0,1,0,1,19,3,7,0,0,0,1,0,0,0,0,1,7,17
2024371476165,2024,371476165,648430,278230,1.64602,52.34582,2,2,7,09:15,-1,E07000244,4,0,1,0,2,"[15, 19]",7,3,0,0,0,1,1,0,0,0,0,7,20
2024371476373,2024,371476373,571235,272648,0.51125,52.32521,2,"[3, 2]",7,13:05,-1,E07000245,3,0,1,0,2,"[19, 10]","[1, 2]","[5, 6]",0,0,0,1,0,1,1,0,0,8,3
2024371476492,2024,371476492,572999,274280,0.53795,52.33932,3,3,1,16:40,-1,E07000245,3,0,1,0,2,"[19, 4]",3,7,0,0,0,1,0,0,0,0,0,7,7
2024371476770,2024,371476770,653414,291642,1.72918,52.46386,3,3,3,13:00,-1,E07000244,6,0,1,0,1,19,"[5, 3]","[1, 7]",0,0,0,1,0,0,0,0,0,8,6
2024371476804,2024,371476804,584913,264330,0.70717,52.24608,3,3,1,20:24,-1,E07000245,3,0,1,0,1,"[5, 19]","[7, 5]",1,0,"[1, 0]",0,1,0,0,0,0,0,8,4
2024371476884,2024,371476884,614537,278365,1.14937,52.36133,3,3,4,10:54,-1,E07000203,3,0,1,0,2,19,7,5,0,0,0,0,0,0,1,0,0,7,3
2024371476960,2024,371476960,654620,293582,1.74837,52.4807,2,2,6,06:05,-1,E07000244,6,0,1,0,1,1,8,4,0,0,0,1,0,0,0,0,1,7,19
2024371476967,2024,371476967,649923,282866,1.67135,52.38673,2,"[3, 2]",4,16:39,-1,E07000244,3,0,1,0,2,19,"[1, 5]","[5, 1]",0,0,0,1,0,0,0,0,0,7,17
2024371477209,2024,371477209,653062,288539,1.72166,52.43619,3,3,5,09:38,-1,E07000244,3,0,1,0,2,"[3, 4]",1,5,"[0, 4]",0,0,1,0,0,0,0,0,8,8
2024371477213,2024,371477213,575166,266246,0.56555,52.26647,3,3,4,17:36,-1,E07000245,3,0,1,0,2,19,"[1, 5]","[5, 1]",0,0,0,1,0,0,0,0,0,8,7
2024371477351,2024,371477351,590726,266928,0.79367,52.26743,3,3,1,19:35,-1,E07000245,6,0,1,0,2,"[19, 9]","[7, 1]","[3, 5]",0,"[0, 7]",0,1,0,0,0,0,0,7,7
2024371477477,2024,371477477,615100,244595,1.13619,52.05796,3,3,5,17:18,-1,E07000202,3,0,2,1,1,4,3,5,0,0,0,1,0,0,0,0,1,8,8
2024371477590,2024,371477590,617174,243808,1.16589,52.05009,2,2,5,17:10,-1,E07000202,4,0,2,1,1,"[5, 19]","[3, 5]","[2, 1]",0,0,0,1,0,1,0,0,0,8,8
2024371477595,2024,371477595,618133,245414,1.18088,52.06413,3,3,7,12:45,-1,E07000202,6,0,1,0,1,"[19, 7]","[6, 2]","[2, 6]",0,0,0,1,1,0,0,0,0,8,3
2024371477613,2024,371477613,653700,295360,1.73621,52.49708,3,3,4,14:41,-1,E07000244,3,0,1,0,1,"[19, 10, 3]",1,3,0,0,0,1,0,0,0,0,0,8,7
2024371477626,2024,371477626,653670,293061,1.73402,52.47647,2,2,3,11:06,-1,E07000244,6,0,1,0,1,19,8,4,0,0,0,1,0,0,0,0,1,7,23
2024371477650,2024,371477650,654163,291537,1.7401,52.46257,3,3,4,21:15,-1,E07000244,4,2,1,0,1,19,"[8, 2]","[4, 6]",0,0,0,1,0,0,0,0,0,7,17
2024371477716,2024,371477716,652115,292937,1.71108,52.47608,3,3,3,20:43,-1,E07000244,6,0,1,0,1,19,5,1,0,0,0,1,0,0,0,0,1,7,23
2024371477762,2024,371477762,652431,290497,1.71387,52.45404,3,3,6,16:46,-1,E07000244,3,0,1,0,1,19,6,3,0,1,0,1,0,0,0,0,0,7,26
2024371477785,2024,371477785,585488,264996,0.71595,52.25187,3,3,6,10:08,-1,E07000245,3,0,1,0,1,"[19, 3]",5,8,0,0,0,1,0,1,0,0,0,7,19