collision_index,collision_year,collision_ref_no,location_easting_osgr,location_northing_osgr,longitude,latitude,casualty_severity,casualty_severity,day_of_week,time,local_authority_district,local_authority_ons_district,first_road_class,light_conditions,weather_conditions,road_surface_conditions,urban_or_rural_area,vehicle_manoeuvre,vehicle_direction_from,vehicle_direction_to,hit_object_in_carriageway,vehicle_leaving_carriageway,hit_object_off_carriageway,is_car,is_cyle,is_mcyle,is_goodsv,is_other,is_pedestrian,month,day
2024371477868,2024,371477868,606851,252890,1.02108,52.13557,3,3,6,16:15,-1,E07000203,4,0,1,0,2,19,"[6, 2]","[3, 5]",0,"[0, 7]","[0, 1]",1,0,0,0,0,0,8,9
2024371478286,2024,371478286,609655,248534,1.05931,52.09541,3,3,7,23:03,-1,E07000203,6,2,1,0,2,19,7,3,0,0,0,1,0,0,0,0,0,8,10
2024371478655,2024,371478655,588275,242851,0.74446,52.05206,2,2,5,09:15,-1,E07000200,6,0,1,0,1,"[1, 2]","[1, 0]","[5, 0]",0,0,0,1,0,0,0,0,0,8,8
2024371478668,2024,371478668,571987,259403,0.51553,52.20601,3,3,1,20:13,-1,E07000245,4,0,1,0,2,19,1,5,0,"[2, 0]",0,1,0,0,0,0,0,8,11
2024371478691,2024,371478691,576835,255155,0.58419,52.16633,2,"[2, 3]",7,23:15,-1,E07000245,3,2,1,0,2,19,1,5,0,7,0,1,0,0,0,0,0,8,10
2024371478710,2024,371478710,643036,291092,1.57633,52.46364,3,3,6,13:16,-1,E07000244,3,0,1,0,2,"[19, 4]",3,7,0,0,0,1,0,0,0,0,0,7,19
2024371478759,2024,371478759,628395,256570,1.3378,52.16012,3,3,1,14:08,-1,E07000244,4,0,1,0,2,19,3,7,12,0,0,0,0,1,0,0,0,8,11
2024371478824,2024,371478824,585418,270157,0.71776,52.29824,3,3,7,13:48,-1,E07000245,3,0,1,0,2,19,1,5,0,1,0,1,0,0,0,0,0,7,20
2024371478986,2024,371478986,567757,245094,0.44663,52.07879,2,2,2,23:30,-1,E07000245,3,2,1,0,1,19,1,5,0,0,0,1,0,0,0,0,1,8,12
2024371479025,2024,371479025,568012,246850,0.45121,52.09449,2,2,6,17:00,-1,E07000245,3,0,1,0,2,19,3,7,0,1,0,1,0,0,0,0,0,7,19
2024371479038,2024,371479038,588483,243179,0.74767,52.05493,2,2,7,07:10,-1,E07000200,6,0,1,0,2,19,5,1,0,0,0,1,0,0,0,0,1,7,20
2024371479069,2024,371479069,615403,243190,1.13972,52.04523,3,3,1,13:00,-1,E07000202,6,0,1,0,1,19,6,2,0,0,0,1,0,0,0,0,1,7,28
2024371479081,2024,371479081,618675,246314,1.18935,52.07199,2,2,6,17:26,-1,E07000202,6,0,1,0,1,"[19, 2]","[7, 0]","[3, 0]",0,0,0,1,0,1,0,0,0,7,26
2024371479120,2024,371479120,634572,246407,1.42094,52.06633,3,3,3,22:14,-1,E07000244,6,2,1,0,2,"[15, 19]",8,4,0,0,0,1,1,0,0,0,0,7,23
2024371479153,2024,371479153,565690,264797,0.42611,52.25639,3,3,3,14:08,-1,E07000245,4,0,1,0,2,19,6,3,0,1,0,1,0,0,0,0,0,7,23
2024371479260,2024,371479260,617361,244560,1.16909,52.05676,3,3,2,18:55,-1,E07000202,4,0,1,0,1,19,"[7, 3]","[5, 7]",0,0,0,1,1,0,0,0,0,7,29
2024371479375,2024,371479375,635413,259752,1.44241,52.18573,2,2,2,15:00,-1,E07000244,3,0,1,0,2,19,1,5,0,1,0,0,0,1,0,0,0,8,12
2024371479498,2024,371479498,605300,251464,0.99759,52.12335,3,3,2,09:54,-1,E07000203,4,0,1,0,2,"[19, 9]","[1, 5]","[5, 3]",0,0,0,1,0,0,0,0,0,7,29
2024371479515,2024,371479515,607644,244125,1.02731,52.05658,3,3,6,14:30,-1,E07000200,3,0,1,0,2,19,"[7, 3]","[3, 7]",0,0,0,1,0,0,1,0,0,7,26
2024371479534,2024,371479534,587605,245570,0.73619,52.0767,3,3,6,09:25,-1,E07000200,3,0,1,0,2,19,1,5,0,7,0,1,0,0,0,0,0,7,26
2024371479552,2024,371479552,614566,239379,1.12514,52.01134,3,3,6,01:20,-1,E07000200,3,2,1,0,2,19,6,2,0,1,0,1,0,0,0,0,0,7,12
2024371479691,2024,371479691,614885,244514,1.13301,52.05732,3,3,2,09:55,-1,E07000202,3,0,1,0,1,"[9, 19]","[6, 3]","[5, 6]",0,0,0,1,0,0,0,0,0,8,12
2024371479724,2024,371479724,642527,289954,1.56802,52.45365,3,3,4,15:59,-1,E07000244,6,0,1,0,1,"[9, 19]","[1, 5]","[5, 1]",0,0,0,1,0,0,0,0,0,8,14
2024371479904,2024,371479904,575860,266170,0.57567,52.26557,2,2,1,11:38,-1,E07000245,3,0,1,0,2,19,3,7,0,0,0,1,0,1,0,0,0,8,11
2024371479913,2024,371479913,619442,243008,1.1984,52.04201,3,3,2,06:45,-1,E07000202,6,0,1,0,1,19,"[5, 7]","[1, 3]",0,0,0,1,1,0,0,0,0,8,12
2024371480063,2024,371480063,646688,279432,1.62139,52.35739,3,3,3,10:08,-1,E07000244,3,0,1,0,2,19,"[5, 3]","[1, 7]",0,0,0,1,0,0,0,0,0,8,13
2024371480077,2024,371480077,569589,273674,0.48764,52.33494,3,3,7,09:10,-1,E07000245,4,0,1,0,2,19,"[3, 5]","[7, 1]",0,0,0,1,0,0,0,0,0,8,3
2024371480095,2024,371480095,614314,278020,1.14588,52.35832,3,3,5,10:17,-1,E07000203,4,0,1,0,2,"[19, 7]","[6, 4]",2,0,0,0,1,0,0,1,0,0,8,1
2024371480171,2024,371480171,615445,245050,1.1415,52.06191,3,3,5,14:30,-1,E07000202,4,0,1,0,1,4,3,7,0,0,0,1,0,0,0,0,1,8,15
2024371480177,2024,371480177,627882,234273,1.31545,51.96021,3,3,5,15:36,-1,E07000244,3,0,1,0,1,"[5, 19]","[5, 7]",2,0,0,0,1,1,0,0,0,0,8,15
2024371480252,2024,371480252,622857,245929,1.25001,52.06687,2,2,5,22:00,-1,E07000244,3,2,1,0,1,19,7,3,9,8,1,1,0,0,0,0,0,8,15
2024371480331,2024,371480331,570805,267912,0.50255,52.28281,3,3,4,17:30,-1,E07000245,6,0,1,0,2,"[19, 3]",7,5,0,0,0,1,0,0,0,1,0,8,14
2024371480347,2024,371480347,593225,246306,0.81851,52.08138,3,3,5,23:42,-1,E07000200,4,2,2,1,2,19,"[5, 1]","[1, 5]",0,"[1, 0]",0,1,0,0,0,0,0,8,15
2024371480451,2024,371480451,653183,289809,1.72439,52.44752,3,3,6,17:00,-1,E07000244,4,0,1,0,1,"[19, 3]",2,4,0,0,0,1,0,0,0,0,0,8,2
2024371480461,2024,371480461,598997,274084,0.91894,52.32875,3,3,5,14:38,-1,E07000245,3,0,1,0,2,"[3, 4]",3,7,0,0,0,1,0,0,0,0,0,8,15
2024371480491,2024,371480491,655131,294032,1.75622,52.4845,3,3,1,18:28,-1,E07000244,3,0,1,0,1,"[19, 2]","[3, 0]","[7, 0]",0,"[1, 0]",0,1,0,0,0,0,0,8,4
2024371480521,2024,371480521,618200,253099,1.18677,52.13309,2,2,5,16:14,-1,E07000244,4,0,1,0,2,"[13, 9]","[1, 7]","[5, 7]",0,0,0,0,0,1,0,1,0,8,15
2024371480570,2024,371480570,581497,279829,0.66554,52.3864,3,3,6,16:00,-1,E07000245,4,0,1,0,2,19,"[1, 3]",5,0,0,0,1,0,0,0,0,0,8,16
2024371480640,2024,371480640,614715,242043,1.12898,52.0352,3,3,6,21:06,-1,E07000202,6,2,1,0,1,"[19, 2]","[4, 0]","[1, 0]","[4, 0]",0,0,1,0,0,0,0,0,8,16
2024371480882,2024,371480882,578488,286317,0.62484,52.44566,2,2,7,17:45,-1,E07000245,4,0,1,0,2,19,"[5, 1]","[1, 5]",0,0,0,1,0,0,0,0,0,8,17
2024371480960,2024,371480960,644685,262641,1.57986,52.20763,3,3,2,14:54,-1,E07000244,6,0,1,-1,2,-1,-1,-1,-1,-1,0,1,0,0,0,0,1,7,8
2024371481313,2024,371481313,652871,298445,1.72636,52.52514,2,2,4,17:46,-1,E07000244,3,0,1,0,2,"[19, 15]",1,5,0,"[5, 0]",0,1,0,0,0,0,0,8,14
2024371481401,2024,371481401,567061,245321,0.4366,52.08104,3,3,6,11:50,-1,E07000245,6,0,1,0,1,19,"[1, 7]","[5, 3]",0,0,0,1,0,0,0,0,0,8,16
2024371481684,2024,371481684,643263,288477,1.57776,52.44007,1,1,2,15:21,-1,E07000244,3,0,1,0,2,"[9, 19]",7,"[5, 3]",0,0,0,1,0,1,0,0,0,8,12
2024371481928,2024,371481928,614960,241654,1.1323,52.03161,3,3,3,16:48,-1,E07000202,6,0,1,0,1,19,2,4,0,0,0,1,0,0,0,0,1,8,20
2024371482591,2024,371482591,616097,244772,1.15082,52.05916,3,3,1,12:00,-1,E07000202,6,0,1,0,1,"[9, 7]","[1, 4]",7,0,0,0,1,0,0,0,0,0,8,18
2024371482595,2024,371482595,652435,293268,1.71603,52.4789,3,3,2,16:50,-1,E07000244,4,0,1,0,1,"[19, 3, 8]",-1,-1,0,0,0,1,0,0,0,0,0,8,5
2024371482650,2024,371482650,618715,246459,1.19003,52.07328,3,3,2,20:45,-1,E07000202,6,0,1,0,2,"[19, 9]","[2, 1]","[4, 3]",0,0,0,1,0,1,0,0,0,7,22
2024371482675,2024,371482675,614911,245509,1.13401,52.06624,3,3,1,18:25,-1,E07000202,6,0,1,0,1,"[7, 19]",-1,-1,0,0,0,1,0,0,0,0,0,8,4
2024371482686,2024,371482686,652757,297653,1.72409,52.51809,3,3,3,19:50,-1,E07000244,3,0,1,1,2,19,5,1,0,1,0,1,0,0,0,0,0,8,6
2024371482707,2024,371482707,585238,264210,0.71186,52.24489,2,2,5,13:40,-1,E07000245,6,0,1,0,1,5,2,4,0,0,0,1,0,0,0,0,1,8,22
2024371483247,2024,371483247,646404,255725,1.59994,52.14481,2,2,5,13:02,-1,E07000244,6,0,4,0,2,19,5,1,0,0,0,1,0,0,0,0,1,8,22
2024371483600,2024,371483600,618808,242468,1.18883,52.03742,3,3,3,14:25,-1,E07000202,6,0,1,0,1,"[5, 19]",-1,-1,0,0,0,1,1,0,0,0,0,8,6
2024371483604,2024,371483604,571623,275531,0.51841,52.35098,3,3,4,11:36,-1,E07000245,6,0,1,0,1,"[1, 9]",-1,-1,0,0,0,1,0,0,0,0,0,8,7
2024371483700,2024,371483700,590327,266869,0.7878,52.26703,2,2,4,09:13,-1,E07000245,6,0,1,0,2,"[15, -1]","[7, -1]","[3, -1]","[0, -1]","[0, -1]",0,1,1,0,0,0,0,8,21
2024371483708,2024,371483708,572581,273771,0.53156,52.33488,3,3,1,15:25,-1,E07000245,3,0,1,0,1,"[12, 19]","[3, 2]","[1, 6]",0,0,0,1,0,0,0,0,0,8,25
2024371483830,2024,371483830,602678,258548,0.96357,52.18792,3,3,5,17:15,-1,E07000203,4,0,2,1,2,"[3, 19]",1,5,0,0,0,1,0,0,0,1,0,8,8
2024371484172,2024,371484172,629638,234356,1.34101,51.96023,3,3,7,18:00,-1,E07000244,3,0,2,1,1,"[4, 19]",-1,-1,0,0,0,1,0,0,0,0,0,8,24
2024371484296,2024,371484296,613228,245442,1.10946,52.06629,3,3,7,18:07,-1,E07000200,3,0,2,1,1,19,5,1,0,0,0,1,0,0,0,0,0,8,24
2024371484472,2024,371484472,652596,286887,1.71357,52.42158,3,3,7,13:44,-1,E07000244,6,0,1,0,2,"[19, 3]",8,4,0,0,0,1,0,0,0,0,0,8,3
2024371484489,2024,371484489,633801,253004,1.41424,52.12586,3,3,5,12:43,-1,E07000244,3,0,1,0,2,19,8,2,0,0,0,1,0,0,1,0,0,8,8
2024371484505,2024,371484505,654688,293018,1.74894,52.47561,2,2,3,13:24,-1,E07000244,3,0,1,0,1,19,"[1, 7]",5,0,0,0,1,0,0,0,1,0,8,27
2024371484507,2024,371484507,605065,251321,0.99408,52.12215,2,"[2, 3]",6,10:40,-1,E07000203,4,0,1,0,2,19,"[2, 8]",6,0,0,0,1,0,0,0,0,0,8,23
2024371484620,2024,371484620,602296,243620,0.94912,52.05403,3,3,3,14:00,-1,E07000200,3,0,1,0,2,"[19, 13]","[6, 2]","[2, 6]",0,0,0,1,0,0,0,0,0,8,13
2024371484627,2024,371484627,587638,245876,0.73684,52.07944,3,3,2,20:50,-1,E07000200,3,2,1,0,2,19,"[1, 7]","[5, 3]",0,0,0,1,0,0,0,0,0,8,26
2024371484878,2024,371484878,587909,242607,0.739,52.04999,3,3,7,10:58,-1,E07000200,3,0,1,0,1,"[5, 19]","[5, 3]",7,0,0,0,1,0,0,0,0,0,8,10
2024371484896,2024,371484896,654875,294472,1.7528,52.48857,3,3,7,09:45,-1,E07000244,3,0,1,0,1,"[9, 19]","[5, 7]",3,0,0,0,1,1,0,0,0,0,8,10
2024371484907,2024,371484907,615755,244606,1.14574,52.0578,3,3,2,07:58,-1,E07000202,6,0,1,0,1,"[10, 19]","[1, 5]","[7, 1]",0,0,0,1,1,0,0,0,0,8,12
2024371484958,2024,371484958,619786,242080,1.20281,52.03355,3,3,6,13:30,-1,E07000202,6,0,1,0,1,"[7, 19]","[8, 3]","[4, 7]",0,0,0,1,1,0,0,0,0,8,16
2024371485154,2024,371485154,604605,259427,0.99225,52.1951,3,3,5,16:40,-1,E07000203,3,0,1,0,1,"[19, 9]","[5, 7]","[1, 4]",0,0,0,1,0,0,0,0,0,8,29
2024371485228,2024,371485228,626240,238666,1.29448,52.00031,3,3,5,23:18,-1,E07000244,3,2,1,0,2,"[5, 19]","[1, 7]","[5, 3]","[0, 10]","[0, 4]",0,1,0,0,1,0,0,8,29
2024371485259,2024,371485259,637585,263461,1.47672,52.21809,2,"[2, 3]",5,18:25,-1,E07000244,3,0,1,0,2,"[9, 19]","[3, 1]","[7, 5]",0,0,0,1,0,0,0,0,0,8,29
2024371485528,2024,371485528,617005,244670,1.16398,52.05789,2,2,6,07:10,-1,E07000202,3,0,1,0,1,19,7,3,0,0,0,1,0,0,0,0,1,8,30
2024371485556,2024,371485556,619065,241882,1.19219,52.03205,2,2,3,13:15,-1,E07000202,6,0,1,0,1,19,"[4, 8]","[8, 4]",0,0,0,0,0,1,1,0,0,8,27
2024371485625,2024,371485625,616368,243882,1.1542,52.05107,3,3,5,08:08,-1,E07000202,3,0,1,0,1,"[4, 19]",5,-1,0,0,0,1,0,0,0,0,0,8,15
2024371485822,2024,371485822,623922,268600,1.28047,52.26993,2,2,7,06:30,-1,E07000203,6,0,1,0,2,"[7, 9]","[5, 8]","[8, 4]",0,"[1, 0]","[9, 0]",1,0,1,0,0,0,8,31
2024371485913,2024,371485913,585373,265242,0.7144,52.25411,2,2,7,14:14,-1,E07000245,6,0,1,0,1,1,-1,-1,0,0,0,1,0,0,0,0,1,8,17
2024371485939,2024,371485939,613383,247551,1.11303,52.08516,3,3,6,07:37,-1,E07000202,6,0,1,0,1,1,6,3,0,0,0,1,0,0,0,0,1,8,30
2024371486202,2024,371486202,595376,236397,0.84421,51.99165,3,3,2,14:43,-1,E07000200,3,0,1,0,2,"[19, 15, -1]","[1, 5, -1]","[5, 1, -1]","[0, -1]","[0, 1, -1]",0,1,0,0,0,0,0,8,26
2024371486247,2024,371486247,573047,277620,0.54037,52.3693,2,"[3, 2]",2,08:47,-1,E07000245,3,0,1,0,2,"[7, 19, 10]","[3, 5]","[5, 1, 7]",0,0,0,1,0,0,0,0,0,8,26
2024371486382,2024,371486382,613475,247676,1.11445,52.08625,3,3,4,16:40,-1,E07000202,3,0,1,0,2,"[4, 19]","[1, 5]","[5, 1]","[1, 0]",0,0,1,0,0,0,0,0,8,7
2024371486675,2024,371486675,629632,233649,1.34046,51.95389,2,2,2,21:50,-1,E07000244,6,2,1,0,1,19,1,5,0,0,0,0,0,1,0,0,1,9,2
2024371487023,2024,371487023,611345,251811,1.08597,52.12419,2,2,3,21:45,-1,E07000203,4,2,1,0,2,"[9, 19]","[5, 8]","[2, 4]",0,"[0, 1]",0,1,0,1,0,0,0,9,3
2024371487080,2024,371487080,652975,291816,1.72286,52.46562,3,3,3,17:09,-1,E07000244,6,0,1,0,1,19,3,7,0,0,0,1,0,0,0,0,1,9,3
2024371487085,2024,371487085,611095,239944,1.07499,52.01774,3,3,2,07:41,-1,E07000200,3,0,1,0,2,4,"[5, 3]","[1, 7]",0,0,0,1,0,0,0,0,0,9,2
2024371487124,2024,371487124,617513,262997,1.18309,52.22221,2,2,1,06:24,-1,E07000203,4,0,1,0,2,19,8,4,0,0,0,1,0,0,0,0,0,6,30
2024371487170,2024,371487170,623290,241358,1.25334,52.02567,2,"[3, 2]",4,12:01,-1,E07000244,3,0,1,0,2,19,"[5, 4]",1,0,"[0, 7]",0,1,0,1,0,0,0,9,4
2024371487188,2024,371487188,583619,267344,0.68987,52.27358,3,3,6,18:10,-1,E07000245,3,0,1,0,1,"[-1, 5]","[-1, 4, 8]","[-1, 2, 4]","[-1, 0]","[-1, 0]",0,1,0,0,0,0,0,8,30
2024371487226,2024,371487226,642258,290282,1.56431,52.45672,3,3,7,11:48,-1,E07000244,6,0,1,0,1,19,4,8,0,0,0,1,0,0,0,0,1,8,31
2024371487426,2024,371487426,569694,270786,0.48773,52.30896,2,2,6,13:40,-1,E07000245,3,0,1,0,2,19,7,3,0,0,0,1,0,0,1,0,0,6,28
2024371487839,2024,371487839,606770,258476,1.0233,52.18575,3,3,6,01:28,-1,E07000203,3,2,7,1,2,5,6,2,9,3,0,1,0,0,0,0,0,9,6
2024371487915,2024,371487915,614183,247208,1.12447,52.08177,2,2,6,17:55,-1,E07000202,6,0,1,0,1,"[9, 19]",4,8,0,0,0,1,1,0,0,0,0,7,26
2024371488025,2024,371488025,626106,249958,1.3,52.10172,3,3,7,15:05,-1,E07000244,6,0,1,0,2,"[19, 7]",4,"[4, 6]",0,0,0,1,0,0,0,0,0,5,18
2024371488296,2024,371488296,584350,248937,0.69057,52.10803,3,3,3,12:30,-1,E07000200,6,0,1,0,2,"[4, 14]",-1,-1,0,"[0, 2]",0,1,0,0,0,0,0,8,27
2024371488304,2024,371488304,602621,275096,0.97266,52.33651,2,2,1,11:40,-1,E07000203,6,0,1,0,2,"[19, 10]",-1,-1,0,0,0,1,0,0,0,0,0,8,25
2024371488328,2024,371488328,614848,244429,1.13242,52.05657,3,3,6,15:55,-1,E07000202,6,0,1,0,1,"[4, 1]",-1,-1,0,0,0,1,0,0,0,0,0,8,30
2024371488337,2024,371488337,645408,274289,1.59888,52.31182,3,3,6,12:50,-1,E07000244,4,0,1,0,2,"[19, -1]",-1,-1,"[0, -1]","[0, -1]",0,1,0,0,0,0,0,8,30
2024371488927,2024,371488927,651089,289600,1.69349,52.44661,3,3,7,15:10,-1,E07000244,6,0,1,0,1,"[7, 15, 19]","[8, 2]","[4, 6]",0,"[0, 1]",0,1,1,0,0,0,0,9,7
2024371489101,2024,371489101,653561,290781,1.73068,52.45607,3,3,1,11:11,-1,E07000244,6,0,1,0,1,19,"[8, 2]","[4, 6]",0,0,0,1,1,0,0,0,0,9,8
2024371489206,2024,371489206,604475,259612,0.99046,52.19681,3,3,2,16:15,-1,E07000203,3,0,2,1,2,19,"[2, 5]","[6, 8]",0,0,0,1,0,0,0,0,0,9,9
2024371489229,2024,371489229,623354,246053,1.25733,52.06778,3,3,2,15:45,-1,E07000244,3,0,1,0,2,19,"[3, 7]","[7, 3]",0,"[0, 1]",0,1,0,0,1,0,0,9,9
2024371489342,2024,371489342,572305,274438,0.52785,52.34095,2,"[2, 3]",7,23:15,-1,E07000245,3,2,1,0,2,19,"[1, 4]","[4, 1]",0,0,0,1,0,0,1,0,0,9,7
2024371489365,2024,371489365,642475,291235,1.56819,52.46517,3,3,1,12:30,-1,E07000244,3,0,1,0,2,"[4, 19]",8,4,0,0,0,1,0,0,0,0,0,8,18
2024371489393,2024,371489393,616988,245447,1.16422,52.06487,2,2,2,08:45,-1,E07000202,6,0,1,0,1,19,1,5,0,0,0,1,0,0,0,0,0,8,19
2024371489396,2024,371489396,614092,241467,1.11955,52.03027,3,3,5,20:37,-1,E07000200,3,2,1,0,2,"[12, 19]",7,3,0,0,0,1,0,0,0,0,0,8,22
2024371489443,2024,371489443,654415,292550,1.74457,52.47154,3,3,4,15:50,-1,E07000244,3,0,1,0,1,19,"[5, 7]","[7, 3]",0,0,0,1,1,0,0,0,0,8,21
2024371489506,2024,371489506,615851,247557,1.149,52.08426,2,2,5,13:52,-1,E07000202,6,0,1,0,1,"[19, 9]","[5, 7]","[1, 5]",0,0,0,1,0,1,0,0,0,9,5
2024371489546,2024,371489546,572829,284317,0.54063,52.42951,3,3,4,15:33,-1,E07000245,6,0,1,0,2,19,"[5, 4]","[1, 8]",0,0,0,1,0,1,0,0,0,8,21
2024371489584,2024,371489584,591004,233827,0.77918,51.97009,3,3,7,21:03,-1,E07000200,6,2,2,1,2,19,5,1,0,1,0,1,0,0,0,0,0,8,24
2024371489614,2024,371489614,588959,241588,0.75373,52.04048,3,3,6,20:09,-1,E07000200,3,2,1,0,2,19,3,1,0,0,0,1,0,0,0,0,0,8,23
2024371489672,2024,371489672,570659,274167,0.50358,52.33903,3,3,2,13:10,-1,E07000245,4,0,1,0,1,"[9, 19]","[6, 3]","[3, 7]",0,0,0,1,0,1,0,0,0,8,19
2024371489865,2024,371489865,627454,237383,1.31129,51.9883,3,3,6,15:16,-1,E07000244,6,0,1,0,2,"[19, 4]",1,2,0,0,0,1,0,1,0,0,0,8,30
2024371490005,2024,371490005,612359,242728,1.09511,52.04226,3,3,4,12:58,-1,E07000200,3,0,1,0,2,19,5,1,0,0,0,1,0,0,1,0,0,9,11
2024371490382,2024,371490382,619274,241930,1.19526,52.0324,3,3,6,09:58,-1,E07000202,6,0,1,0,1,19,"[4, 2]","[8, 6]",0,0,0,1,1,0,0,0,0,8,16
2024371490444,2024,371490444,639208,278975,1.51144,52.3566,3,3,6,20:44,-1,E07000244,3,0,1,0,2,19,1,5,0,1,0,1,0,0,0,0,0,8,9
2024371490513,2024,371490513,637587,263612,1.47686,52.21944,3,3,1,17:00,-1,E07000244,3,0,1,0,2,"[5, 19]","[7, 5]","[3, 1]",0,0,0,1,0,0,0,0,0,9,1
2024371491284,2024,371491284,620122,242550,1.20801,52.03763,3,3,3,16:38,-1,E07000244,6,0,1,0,1,"[-1, 19]","[-1, 4]","[-1, 7]",0,0,0,1,0,0,0,0,0,9,10
2024371491310,2024,371491310,567575,245310,0.44409,52.08078,3,3,5,14:25,-1,E07000245,6,0,1,1,1,-1,-1,-1,-1,-1,0,1,0,0,0,0,0,9,12
2024371491321,2024,371491321,617960,241249,1.17571,52.02681,3,3,6,07:56,-1,E07000202,3,0,1,0,2,-1,-1,-1,-1,-1,0,1,0,0,1,0,0,9,13
2024371491556,2024,371491556,617454,245846,1.17127,52.06827,3,3,7,23:32,-1,E07000202,6,2,1,0,1,19,2,"[5, 6]",0,0,0,1,1,0,0,0,0,9,14
2024371491964,2024,371491964,585954,243833,0.71119,52.06166,3,3,5,12:57,-1,E07000200,4,0,1,0,2,"[19, 9]","[5, 7]","[1, 5]",0,0,0,1,0,0,0,0,0,8,29
2024371491969,2024,371491969,630424,234974,1.35285,51.96545,3,3,7,17:31,-1,E07000244,6,0,1,0,1,-1,-1,-1,-1,-1,0,1,1,0,0,0,0,9,14
2024371491994,2024,371491994,607863,235366,1.02519,51.97786,3,3,6,08:52,-1,E07000200,4,0,1,0,2,19,3,7,0,0,0,1,0,0,0,0,1,9,6
2024371492239,2024,371492239,579751,286484,0.64349,52.44674,3,3,1,18:30,-1,E07000245,4,0,2,1,2,4,5,3,10,3,3,1,0,0,0,0,0,9,15
2024371492314,2024,371492314,575707,283621,0.58255,52.42235,3,3,1,17:37,-1,E07000245,6,0,1,0,2,7,3,7,10,0,0,1,0,0,0,0,0,9,8
2024371492327,2024,371492327,600819,272361,0.94462,52.31262,2,"[3, 2]",6,10:32,-1,E07000203,6,0,1,0,2,19,"[5, 1]","[1, 5]",0,0,0,1,0,0,0,0,0,9,13
2024371492455,2024,371492455,642088,262705,1.54197,52.20935,2,2,2,17:30,-1,E07000244,4,0,1,0,2,"[19, 13]","[7, 3]","[3, 7]",0,"[1, 0]",0,1,0,0,1,0,0,9,16
2024371492475,2024,371492475,603440,260677,0.97598,52.20675,3,3,7,09:05,-1,E07000203,3,0,1,0,2,19,6,4,0,0,0,1,0,1,0,0,0,8,31
2024371493060,2024,371493060,629353,235738,1.3378,51.97275,3,3,3,12:40,-1,E07000244,6,0,1,0,1,3,0,0,0,0,0,1,0,0,0,0,1,9,17
2024371493169,2024,371493169,618500,241925,1.184,52.03266,2,2,4,16:20,-1,E07000202,6,0,1,0,1,"[9, 19]",4,8,0,"[0, 7]",0,1,0,0,0,0,0,9,11
2024371493257,2024,371493257,653573,285607,1.72694,52.40965,3,3,2,18:00,-1,E07000244,6,0,1,0,2,"[2, 19]","[0, 3]","[0, 7]","[0, 4]",0,0,1,0,0,0,0,1,9,2
2024371493277,2024,371493277,598960,236198,0.89622,51.98859,3,3,3,12:25,-1,E07000200,4,0,1,0,2,19,3,7,0,0,0,1,0,0,0,0,0,9,3
2024371493310,2024,371493310,588878,241585,0.75254,52.04048,3,3,5,16:15,-1,E07000200,3,0,1,0,2,"[4, 3]",3,7,"[4, 0]",0,0,1,0,0,0,0,0,9,5
2024371493567,2024,371493567,635437,244958,1.43254,52.05296,3,3,5,13:55,-1,E07000244,6,0,1,0,2,19,"[6, 8]","[2, 4]",0,"[7, 0]",0,0,0,0,1,1,0,9,19
2024371493747,2024,371493747,591312,241041,0.78768,52.03476,3,3,5,12:09,-1,E07000200,3,0,1,0,2,19,3,7,0,1,0,1,0,0,0,0,0,9,5
2024371493952,2024,371493952,587555,241499,0.73323,52.04016,3,3,5,06:39,-1,E07000200,6,0,1,0,1,19,"[2, 6]","[6, 2]","[10, 0]","[3, 0]",0,1,0,0,1,0,0,9,5
2024371494108,2024,371494108,615587,245006,1.14354,52.06146,3,3,2,18:16,-1,E07000202,4,0,1,0,1,"[19, 3]",4,8,0,0,0,1,0,0,0,0,0,9,16
2024371494136,2024,371494136,607961,257926,1.04035,52.18037,3,3,4,08:00,-1,E07000203,3,0,1,0,2,"[13, 19]",-1,-1,0,"[5, 0]",0,1,0,0,0,0,0,9,18
2024371494144,2024,371494144,609360,255770,1.05946,52.16048,2,2,2,11:06,-1,E07000203,6,0,1,0,2,19,7,3,0,0,0,1,1,0,0,0,0,8,26
2024371494148,2024,371494148,652056,292499,1.70988,52.47218,3,3,4,21:05,-1,E07000244,3,2,1,0,1,"[19, 4]",-1,-1,0,0,0,1,0,0,0,0,0,9,18
2024371494158,2024,371494158,586063,266418,0.72514,52.26444,3,3,1,19:00,-1,E07000245,3,0,1,1,2,19,-1,-1,0,0,0,1,0,0,1,0,0,9,15
2024371494752,2024,371494752,607460,235403,1.01935,51.97834,2,"[3, 2]",6,14:00,-1,E07000200,4,0,1,0,2,"[19, 7]","[7, 1]",3,0,0,0,1,0,0,0,0,0,9,20
2024371494800,2024,371494800,587577,241308,0.73345,52.03844,2,2,7,16:15,-1,E07000200,3,0,1,0,1,19,"[3, 8]","[7, 5]",0,0,0,1,1,0,0,0,0,9,21
2024371494812,2024,371494812,593788,263621,0.83659,52.23666,2,"[3, 2]",6,16:45,-1,E07000203,3,0,1,0,2,"[4, 19]",3,7,"[4, 0]",0,0,1,0,0,0,0,0,9,20
2024371494819,2024,371494819,571316,272721,0.51248,52.32584,3,3,2,06:55,-1,E07000245,3,2,2,1,2,19,"[5, 2]","[1, 5]",0,"[7, 0]","[1, 0]",1,0,0,0,0,0,9,23