collision_index,collision_year,collision_ref_no,location_easting_osgr,location_northing_osgr,longitude,latitude,casualty_severity,casualty_severity,day_of_week,time,local_authority_district,local_authority_ons_district,first_road_class,light_conditions,weather_conditions,road_surface_conditions,urban_or_rural_area,vehicle_manoeuvre,vehicle_direction_from,vehicle_direction_to,hit_object_in_carriageway,vehicle_leaving_carriageway,hit_object_off_carriageway,is_car,is_cyle,is_mcyle,is_goodsv,is_other,is_pedestrian,month,day
2024371495103,2024,371495103,616540,244427,1.15705,52.05589,3,3,1,04:30,-1,E07000202,4,2,1,0,1,19,7,3,0,7,2,1,0,0,0,0,0,9,22
2024371495123,2024,371495123,618822,244930,1.19061,52.05951,3,3,3,09:00,-1,E07000202,6,0,2,0,1,"[5, 19]","[1, 3]","[1, 3]",0,0,0,1,0,0,0,0,0,9,24
2024371495621,2024,371495621,615338,252382,1.14457,52.12777,1,1,4,16:08,-1,E07000203,6,0,1,0,2,19,"[1, 2]","[5, 6]",0,0,0,1,0,0,1,0,0,9,18
2024371495638,2024,371495638,650786,296809,1.69446,52.51143,3,3,3,16:28,-1,E07000244,4,0,1,0,2,19,1,3,0,0,0,1,0,0,0,0,0,9,24
2024371495700,2024,371495700,617689,243757,1.17336,52.04943,3,3,2,12:30,-1,E07000202,3,0,1,0,1,"[19, 9]","[4, 8]","[8, 1]",0,0,0,0,0,1,1,0,0,9,9
2024371495732,2024,371495732,615072,255425,1.14261,52.15519,3,3,4,10:23,-1,E07000203,6,0,1,1,2,4,"[5, 1]","[1, 5]",0,0,0,1,0,0,1,0,0,9,25
2024371496034,2024,371496034,637604,263345,1.47692,52.21704,3,3,2,16:44,-1,E07000244,3,0,1,0,2,"[19, 9]","[3, 1]","[7, 5]",0,0,0,1,0,0,0,0,0,9,23
2024371496060,2024,371496060,618600,242742,1.18597,52.03996,2,2,2,19:30,-1,E07000202,6,2,1,0,1,19,"[5, 3]","[1, 7]",0,0,0,1,0,1,0,0,0,9,9
2024371496105,2024,371496105,635270,245146,1.43024,52.05472,3,3,2,20:55,-1,E07000244,6,2,2,1,2,19,5,1,0,7,0,1,0,0,0,0,0,7,8
2024371496124,2024,371496124,613348,247186,1.11229,52.0819,3,3,3,16:25,-1,E07000202,6,0,1,0,1,"[9, 19]","[4, 8]","[2, 4]",0,0,0,1,1,0,0,0,0,9,10
2024371496172,2024,371496172,599615,267693,0.92422,52.27114,3,3,5,22:00,-1,E07000203,6,2,1,0,2,19,8,4,10,0,0,0,0,1,0,0,0,9,19
2024371496525,2024,371496525,635776,260039,1.44791,52.18816,3,3,6,08:05,-1,E07000244,3,0,2,1,2,"[19, 9]","[6, 2]","[6, 4]",0,0,0,1,0,0,0,0,0,9,27
2024371496549,2024,371496549,569241,270498,0.48094,52.30652,1,1,2,22:34,-1,E07000245,3,2,1,0,2,19,1,5,1,0,0,1,0,0,0,0,1,9,23
2024371496582,2024,371496582,590337,261571,0.78497,52.21946,3,3,4,08:15,-1,E07000245,6,0,2,1,2,9,5,3,0,0,0,0,0,1,0,0,0,9,11
2024371496584,2024,371496584,628306,263449,1.34113,52.2219,2,2,6,09:20,-1,E07000244,4,0,2,1,2,5,7,5,0,0,0,1,0,0,0,0,1,9,27
2024371496607,2024,371496607,629997,235241,1.34682,51.96803,3,3,4,18:10,-1,E07000244,3,0,1,0,1,19,5,1,0,0,0,1,1,0,0,0,0,9,18
2024371496628,2024,371496628,654192,291598,1.74057,52.4631,3,3,4,23:35,-1,E07000244,4,2,2,1,1,"[19, 20]","[5, 0]","[1, 0]",0,0,0,1,0,0,0,0,0,9,25
2024371496948,2024,371496948,653686,293173,1.73434,52.47747,3,3,2,13:30,-1,E07000244,6,0,1,0,1,"[2, 1]",-1,-1,0,0,0,1,0,0,0,0,0,9,23
2024371496957,2024,371496957,614762,244434,1.13117,52.05665,3,3,4,08:25,-1,E07000202,3,0,1,0,1,"[19, 3]",-1,-1,0,0,0,1,0,0,0,0,0,9,25
2024371496975,2024,371496975,582640,251334,0.66692,52.13012,3,3,4,07:27,-1,E07000200,4,0,1,0,2,"[4, 19]",-1,-1,0,0,0,1,0,0,0,1,0,9,25
2024371497079,2024,371497079,599926,271179,0.93083,52.30233,3,3,7,11:00,-1,E07000203,6,0,1,0,2,"[19, 9]","[3, 1]",6,0,0,0,1,0,0,0,0,0,9,28
2024371497329,2024,371497329,613940,239090,1.11586,52.00899,3,3,1,11:30,-1,E07000200,3,0,1,0,2,"[19, 15]",7,3,0,"[0, 2]",0,1,0,0,0,0,0,9,29
2024371497570,2024,371497570,564773,263580,0.41209,52.24574,3,3,7,18:47,-1,E07000245,6,0,1,0,1,"[2, 19]","[0, 7]","[0, 3]","[4, 0]",0,0,1,0,0,0,0,0,5,25
2024371497643,2024,371497643,568251,244732,0.45366,52.07539,3,3,2,10:15,-1,E07000245,6,0,2,1,1,"[9, 19]","[7, 5]","[5, 2]",0,0,0,1,0,0,0,0,0,9,30
2024371497792,2024,371497792,575795,246899,0.56474,52.09251,2,2,7,12:34,-1,E07000245,4,0,1,0,2,19,"[3, 1]","[7, 3]",0,0,0,1,0,1,0,0,0,9,28
2024371497864,2024,371497864,575122,253340,0.55823,52.15057,2,"[3, 2]",2,15:04,-1,E07000245,3,0,2,1,2,"[2, 19]","[0, 2]","[0, 3]",0,0,0,1,0,0,0,0,0,9,30
2024371497986,2024,371497986,586408,247720,0.71992,52.09641,3,3,2,11:05,-1,E07000200,6,0,1,1,2,19,1,5,0,0,0,1,0,0,0,0,1,7,8
2024371497990,2024,371497990,615663,242662,1.14317,52.04039,3,3,5,15:20,-1,E07000202,6,0,2,1,1,19,"[7, 1]","[3, 5]",0,0,0,1,0,0,0,0,0,2,8
2024371498000,2024,371498000,618983,245003,1.193,52.0601,3,3,6,17:08,-1,E07000202,3,0,1,0,1,19,3,7,0,0,0,1,0,0,0,0,1,9,13
2024371498048,2024,371498048,653081,294925,1.72678,52.49347,3,3,6,08:45,-1,E07000244,3,0,1,0,1,19,"[1, 7]","[5, 3]",0,0,0,1,1,0,0,0,0,9,20
2024371498430,2024,371498430,623186,244163,1.25365,52.05089,3,3,3,23:45,-1,E07000244,6,2,2,1,2,19,1,2,10,7,3,1,0,0,0,0,0,10,1
2024371498505,2024,371498505,614466,245543,1.12755,52.06672,3,3,6,08:05,-1,E07000202,4,0,1,1,1,-1,-1,-1,-1,-1,0,1,0,0,0,0,1,9,27
2024371498546,2024,371498546,610811,254317,1.07974,52.14689,3,3,2,07:25,-1,E07000203,3,0,2,1,2,"[4, 3]",-1,-1,0,0,0,1,0,0,1,0,0,9,23
2024371498569,2024,371498569,614183,247157,1.12444,52.08131,3,3,7,22:33,-1,E07000202,6,2,1,0,2,"[10, 19]","[5, -1]","[2, -1]",0,0,0,1,0,0,0,0,0,9,28
2024371498650,2024,371498650,616842,267646,1.17627,52.2642,2,2,6,10:44,-1,E07000203,6,0,2,1,2,19,6,6,0,1,0,1,0,0,0,0,0,9,27
2024371498702,2024,371498702,569649,247530,0.47543,52.10009,2,2,2,10:29,-1,E07000245,3,0,1,0,2,19,"[4, 6]","[8, 2]",0,0,0,1,1,0,0,0,0,8,26
2024371498753,2024,371498753,567203,245492,0.43875,52.08253,3,3,1,19:15,-1,E07000245,6,2,2,1,1,19,7,3,0,0,0,0,0,0,0,0,1,9,22
2024371499410,2024,371499410,617592,243007,1.17147,52.04273,3,3,5,23:30,-1,E07000202,6,2,1,0,1,"[2, 19]","[1, 6]",1,"[4, 0]",0,0,1,0,0,0,0,0,8,29
2024371499462,2024,371499462,572645,273837,0.53253,52.33545,3,3,5,11:35,-1,E07000245,3,0,1,0,1,19,6,2,0,0,0,1,0,0,0,0,0,8,29
2024371499463,2024,371499463,572825,274115,0.53531,52.33789,2,2,4,12:02,-1,E07000245,3,0,1,1,2,"[20, 19]",1,5,0,0,0,1,0,1,0,0,0,10,2
2024371499556,2024,371499556,595399,272369,0.86522,52.31464,3,3,5,17:40,-1,E07000245,6,0,1,0,2,"[3, 19]",8,4,0,0,0,1,0,0,0,0,0,8,29
2024371499579,2024,371499579,618676,244607,1.18827,52.05667,3,3,6,15:00,-1,E07000202,6,0,1,0,1,"[2, 7]",1,3,"[0, 4]",0,0,1,0,0,0,0,0,10,4
2024371499610,2024,371499610,610589,239385,1.06729,52.01292,3,3,5,13:25,-1,E07000200,3,0,1,0,2,"[19, 9]",2,6,0,"[0, 7]",0,1,0,0,0,0,0,10,3
2024371499738,2024,371499738,617628,262723,1.1846,52.2197,3,3,7,01:23,-1,E07000203,4,2,7,1,2,4,6,5,0,3,0,1,0,0,0,0,0,10,5
2024371500048,2024,371500048,585233,263764,0.71154,52.24089,3,3,4,15:03,-1,E07000245,3,0,1,0,1,"[19, 9]","[5, 3]",1,0,"[7, 0]",0,1,0,1,0,0,0,10,2
2024371500060,2024,371500060,618568,242229,1.18518,52.03537,2,2,6,07:45,-1,E07000202,6,0,1,1,1,"[4, 7]","[4, 2]","[8, 4]",0,0,0,1,1,0,0,0,0,10,4
2024371500080,2024,371500080,593634,270030,0.83802,52.29426,2,2,3,02:18,-1,E07000245,3,2,1,1,2,19,6,2,9,1,0,1,0,0,0,0,0,10,1
2024371500099,2024,371500099,615412,244951,1.14096,52.06104,3,3,7,20:58,-1,E07000202,6,2,1,0,1,19,1,5,0,0,0,1,0,0,0,0,1,8,10
2024371500398,2024,371500398,570913,249677,0.49494,52.11899,2,2,7,16:36,-1,E07000245,3,0,1,0,2,"[19, 9]","[5, 1]","[1, 5]",0,0,0,1,0,1,0,0,0,10,5
2024371500457,2024,371500457,652793,297579,1.72456,52.51741,2,2,1,10:15,-1,E07000244,3,0,1,0,2,"[11, 19]",1,"[6, 5]",0,"[0, 4]","[0, 1]",1,0,0,0,0,0,10,6
2024371500529,2024,371500529,571988,259402,0.51555,52.206,3,3,2,07:40,-1,E07000245,4,0,1,0,2,19,"[8, 1]",5,0,0,0,0,0,1,0,1,0,10,7
2024371500670,2024,371500670,626856,250877,1.31154,52.10966,3,3,2,08:28,-1,E07000244,3,0,1,1,2,"[4, 19]",2,6,0,0,0,1,0,0,0,0,0,10,7
2024371500863,2024,371500863,644539,263820,1.57857,52.21827,2,2,2,18:35,-1,E07000244,6,2,2,1,2,19,1,5,0,7,0,1,0,0,0,0,0,10,7
2024371501092,2024,371501092,616012,244359,1.14932,52.05549,2,2,2,18:04,-1,E07000202,3,0,1,0,1,9,8,3,0,0,0,1,0,0,0,0,1,10,7
2024371501128,2024,371501128,567406,246189,0.44205,52.08873,3,3,3,13:58,-1,E07000245,3,0,1,1,1,"[10, 19]",5,1,0,0,0,1,0,0,0,0,0,10,8
2024371501139,2024,371501139,605985,257317,1.01113,52.17564,3,3,3,09:41,-1,E07000203,4,0,2,1,2,19,"[8, 2]","[4, 6]",0,0,0,1,0,0,0,0,0,10,1
2024371501437,2024,371501437,616376,244951,1.155,52.06066,3,3,5,14:57,-1,E07000202,6,0,2,1,1,"[2, -1]","[0, -1]","[0, -1]","[0, -1]","[0, -1]",0,1,0,0,0,0,1,9,26
2024371501694,2024,371501694,585184,264428,0.71119,52.24687,3,3,5,16:20,-1,E07000245,6,0,1,0,1,19,"[5, 7]","[1, 3]",0,0,0,1,0,1,0,0,0,9,19
2024371501893,2024,371501893,655095,294031,1.75569,52.48451,2,2,2,12:10,-1,E07000244,3,0,1,0,1,-1,-1,-1,-1,-1,0,1,0,0,0,0,1,10,7
2024371501900,2024,371501900,588124,242688,0.74217,52.05064,3,3,5,10:41,-1,E07000200,6,0,1,0,1,"[7, 19]","[3, 5]","[5, 1]",0,0,0,1,0,0,0,0,0,9,26
2024371501949,2024,371501949,640159,254463,1.50796,52.13623,2,2,5,09:21,-1,E07000244,6,0,1,0,2,"[2, 19]","[0, 8]","[0, 5]",0,"[0, 7]",0,1,0,0,1,0,0,10,10
2024371502425,2024,371502425,591690,249120,0.79772,52.10718,3,3,2,15:22,-1,E07000200,3,0,1,-1,2,-1,-1,-1,-1,-1,0,1,0,0,0,0,1,10,7
2024371502442,2024,371502442,620361,261595,1.22381,52.20849,3,3,1,13:43,-1,E07000203,3,0,1,0,2,"[19, 10]","[6, 7]","[2, 4, 8]",0,0,0,1,0,0,0,0,0,10,6
2024371502485,2024,371502485,605067,251316,0.9941,52.1221,3,3,6,11:27,-1,E07000203,4,0,1,0,2,19,"[8, 6]","[6, 2]",0,0,0,1,0,0,0,0,0,10,4
2024371502742,2024,371502742,572189,262164,0.51989,52.23075,2,2,2,13:20,-1,E07000245,6,0,1,0,2,"[19, 5]","[1, 2]","[5, 3]",0,"[2, 0]",0,1,0,1,0,0,0,10,7
2024371503197,2024,371503197,602728,242368,0.95467,52.04263,2,2,4,19:50,-1,E07000200,4,2,1,0,2,-1,1,6,-1,-1,0,1,0,0,0,0,1,10,9
2024371503462,2024,371503462,615097,247069,1.1377,52.08017,3,3,1,12:55,-1,E07000202,6,0,1,0,1,"[2, 19]","[5, 1]",5,0,0,0,1,0,0,0,0,0,10,6
2024371503555,2024,371503555,591001,252987,0.78984,52.14214,3,3,6,09:17,-1,E07000200,3,0,1,1,2,"[3, 2]","[2, 0]","[4, 0]","[4, 0]",0,0,1,0,0,0,0,0,10,11
2024371503737,2024,371503737,644539,262452,1.57759,52.20599,3,3,4,14:20,-1,E07000244,4,0,1,0,2,19,-1,-1,0,0,0,1,0,0,0,0,1,10,9
2024371503743,2024,371503743,613326,245123,1.11068,52.06339,2,2,1,16:30,-1,E07000200,3,0,1,0,2,19,5,7,10,0,0,0,0,0,1,0,0,9,1
2024371503821,2024,371503821,653162,293707,1.72704,52.4825,3,3,3,16:19,-1,E07000244,3,0,1,0,1,19,1,7,0,0,0,1,0,0,0,0,1,4,2
2024371503890,2024,371503890,626464,241099,1.29935,52.02206,3,3,5,15:40,-1,E07000244,6,0,1,0,2,4,1,5,0,0,0,1,0,0,0,0,0,9,19
2024371504067,2024,371504067,614798,243485,1.13109,52.04811,2,2,3,09:14,-1,E07000202,6,0,1,0,1,"[9, 13]",2,"[8, 3]",0,0,0,1,0,1,0,0,0,10,15
2024371504264,2024,371504264,611279,270926,1.09693,52.29581,3,3,3,15:20,-1,E07000203,3,0,2,1,2,"[4, 19]",1,5,0,0,0,1,0,0,1,0,0,10,8
2024371504314,2024,371504314,591338,262041,0.79987,52.22333,3,3,1,00:01,-1,E07000245,6,2,1,1,2,19,1,5,0,1,0,1,0,0,0,0,0,10,13
2024371504344,2024,371504344,586016,266414,0.72445,52.26442,3,3,5,09:56,-1,E07000245,6,0,1,0,2,"[19, 7]",5,"[1, 7]",0,0,0,1,0,0,0,0,0,9,26
2024371504433,2024,371504433,642762,262912,1.55196,52.21091,3,3,1,15:42,-1,E07000244,4,0,1,0,2,"[4, 19]","[1, 5]","[5, 1]",0,0,0,1,0,1,0,0,0,7,21
2024371504434,2024,371504434,622886,275264,1.26972,52.33017,3,3,2,10:24,-1,E07000203,4,0,1,1,2,-1,-1,-1,-1,-1,0,0,0,1,0,0,0,10,7
2024371504444,2024,371504444,585090,264061,0.70961,52.2436,2,2,4,11:00,-1,E07000245,6,0,1,0,1,19,3,7,0,0,0,1,0,0,0,0,1,9,18
2024371504463,2024,371504463,617813,242365,1.17428,52.03688,3,3,6,21:20,-1,E07000202,6,2,1,0,1,"[19, 2]","[7, 0]","[3, 0]",0,0,0,1,0,0,0,0,0,9,20
2024371504514,2024,371504514,627017,250293,1.3135,52.10435,3,3,5,13:15,-1,E07000244,6,0,1,0,1,19,5,1,0,0,0,1,0,0,0,0,1,9,19
2024371504555,2024,371504555,611537,257647,1.0924,52.1765,3,3,3,16:12,-1,E07000203,3,0,1,0,2,19,1,5,0,0,0,1,0,0,0,0,0,10,15
2024371504742,2024,371504742,612270,249449,1.09799,52.10263,3,3,2,18:28,-1,E07000203,4,2,1,0,2,"[9, 19]","[3, 6]","[8, 2]",0,"[0, 1]",0,1,0,0,0,0,0,10,14
2024371504802,2024,371504802,626011,249293,1.29818,52.09579,3,3,5,05:42,-1,E07000244,3,0,1,0,2,19,5,1,0,0,0,1,0,0,1,0,0,9,26
2024371504827,2024,371504827,632931,268324,1.41207,52.26372,2,2,5,08:25,-1,E07000244,3,0,1,1,2,"[4, 10]","[7, 6]","[3, 4]",0,0,0,1,0,1,0,0,0,10,17
2024371504838,2024,371504838,610265,270645,1.08191,52.29368,3,3,3,11:35,-1,E07000203,6,0,1,0,2,19,"[7, 3]","[3, 7]",0,"[1, 0]",0,1,0,0,0,0,0,9,24
2024371504840,2024,371504840,652440,291082,1.71445,52.45929,3,3,4,09:00,-1,E07000244,6,0,2,1,1,"[9, 10]","[5, 3]","[3, 1]",0,0,0,1,1,0,0,0,0,10,2
2024371504886,2024,371504886,641794,289683,1.55706,52.45155,3,3,6,14:30,-1,E07000244,6,0,2,1,1,"[4, 19]",6,2,0,0,0,1,0,0,0,0,0,9,27
2024371504958,2024,371504958,651496,293717,1.70257,52.48336,3,3,7,15:02,-1,E07000244,6,0,1,0,1,"[9, 19]","[3, 7]","[1, 3]",0,0,0,1,0,0,0,0,0,9,28
2024371505021,2024,371505021,654794,292799,1.75033,52.4736,3,3,2,21:20,-1,E07000244,3,2,1,0,1,"[19, 3]",2,6,0,0,0,1,0,1,0,0,0,10,14
2024371505178,2024,371505178,637545,251725,1.46793,52.11279,3,3,5,19:44,-1,E07000244,4,2,1,0,2,19,8,3,0,2,0,1,0,0,0,0,0,10,17
2024371505383,2024,371505383,642335,290873,1.56587,52.46199,3,3,7,08:55,-1,E07000244,6,0,1,0,1,19,5,1,0,0,0,1,0,0,0,0,1,10,5
2024371505401,2024,371505401,609030,248579,1.05022,52.09605,2,2,3,15:29,-1,E07000203,6,0,1,0,2,"[19, 2, 5]","[3, 2, 5]","[7, 2, 3]",0,0,0,1,0,1,0,0,0,9,3
2024371505408,2024,371505408,612601,259438,1.10906,52.19217,2,2,5,15:18,-1,E07000203,3,0,1,0,2,19,"[3, 7]","[7, 3]",0,"[0, 1]",0,1,0,0,1,0,0,10,17
2024371505479,2024,371505479,570933,249319,0.49505,52.11577,2,2,6,07:34,-1,E07000245,3,0,7,1,2,19,1,5,0,1,4,1,0,0,0,0,0,10,18
2024371505533,2024,371505533,635956,268109,1.45616,52.2605,3,3,3,10:14,-1,E07000244,6,0,2,1,2,"[19, 4]",7,1,0,0,0,1,0,0,0,0,0,10,1
2024371505589,2024,371505589,621287,245674,1.22698,52.06521,3,3,6,15:50,-1,E07000244,3,0,1,0,2,"[3, 19]","[0, 6]","[0, 3]",0,0,0,1,0,1,0,0,0,10,18
2024371505832,2024,371505832,617148,238383,1.16207,52.0014,3,3,7,11:13,-1,E07000200,4,0,1,1,2,19,1,5,0,0,0,1,0,0,0,0,0,10,19
2024371505892,2024,371505892,615308,245400,1.13973,52.06511,3,3,7,11:00,-1,E07000202,3,0,2,1,1,19,2,6,0,0,0,1,0,0,0,0,1,10,19
2024371506078,2024,371506078,652391,290141,1.71302,52.45087,3,3,2,07:55,-1,E07000244,6,0,2,1,1,-1,-1,-1,-1,-1,0,1,1,0,0,0,0,10,14
2024371506115,2024,371506115,603408,260660,0.9755,52.20661,3,3,1,13:00,-1,E07000203,3,0,2,1,2,4,8,4,0,3,0,1,0,0,0,0,0,10,20
2024371506318,2024,371506318,653559,290516,1.73045,52.45369,3,3,7,18:30,-1,E07000244,4,2,1,1,1,"[4, 19]",1,5,0,0,0,1,0,0,0,0,0,10,12
2024371506504,2024,371506504,618125,243015,1.17923,52.0426,3,3,2,13:32,-1,E07000202,6,0,1,0,1,"[7, 13]","[7, 2]",7,0,0,0,1,1,0,0,0,0,10,21
2024371506509,2024,371506509,655160,293196,1.75601,52.47699,2,"[3, 2]",7,20:08,-1,E07000244,3,2,1,0,1,19,1,5,0,1,0,1,0,0,0,0,0,10,5
2024371506537,2024,371506537,568160,244697,0.45231,52.0751,3,3,2,08:36,-1,E07000245,3,0,2,1,1,"[10, 19]","[1, 7]","[7, 3]",0,0,0,1,0,0,0,0,0,10,14
2024371506603,2024,371506603,616698,244677,1.15951,52.05807,3,3,4,06:32,-1,E07000202,3,2,2,1,1,19,8,1,0,0,0,1,0,0,0,0,1,10,9
2024371506779,2024,371506779,563806,265139,0.3987,52.26003,2,2,6,14:38,-1,E07000245,3,0,1,0,2,19,"[3, 1]","[1, 3]",0,"[0, 1]",0,1,0,1,0,0,0,10,18
2024371506891,2024,371506891,652748,297549,1.72387,52.51716,2,2,7,13:24,-1,E07000244,4,0,1,0,2,19,5,1,0,0,0,0,0,1,0,0,0,10,19
2024371506895,2024,371506895,606439,236559,1.0052,51.9891,3,3,3,09:01,-1,E07000200,4,0,1,0,2,19,3,7,0,0,0,1,0,0,0,0,0,10,22
2024371506910,2024,371506910,566174,246463,0.42422,52.09156,3,3,6,15:45,-1,E07000245,3,0,1,0,1,"[9, 19]",8,4,0,0,0,1,0,0,0,0,0,10,11
2024371507013,2024,371507013,641961,289981,1.55973,52.45415,2,2,1,10:30,-1,E07000244,6,0,1,1,1,"[2, 14]","[0, 5]","[0, 1]",0,0,0,1,1,0,0,0,0,10,6
2024371507056,2024,371507056,654334,294198,1.74464,52.48636,3,3,3,19:02,-1,E07000244,6,2,1,0,1,"[-1, 19]","[1, 7]","[-1, 3]",0,0,0,1,0,1,0,0,0,10,15
2024371507331,2024,371507331,571944,281815,0.52634,52.40732,3,3,4,17:58,-1,E07000245,4,0,9,-1,2,19,2,6,0,0,0,1,0,0,0,0,1,10,9
2024371507407,2024,371507407,625989,239354,1.29129,52.00659,2,2,4,09:00,-1,E07000244,6,0,1,1,2,19,1,5,0,0,0,1,0,0,0,0,0,10,16
2024371507451,2024,371507451,615798,245250,1.14677,52.06357,3,3,2,08:27,-1,E07000202,6,0,2,1,1,19,"[2, 4]","[6, 8]",0,0,0,1,0,0,0,0,0,10,14
2024371507509,2024,371507509,614958,244530,1.13408,52.05743,3,3,5,12:20,-1,E07000202,3,0,1,0,1,19,5,1,0,0,0,1,0,0,0,0,1,10,17
2024371507553,2024,371507553,611847,249761,1.09202,52.10559,3,3,3,07:15,-1,E07000203,6,2,7,0,2,"[1, 4]",7,3,0,0,0,1,0,0,1,0,0,10,15
2024371507621,2024,371507621,594359,263110,0.84465,52.23187,3,3,3,10:14,-1,E07000203,6,0,1,0,2,19,"[7, 3]","[3, 7]",0,"[1, 0]","[1, 0]",1,0,0,0,0,0,10,22
2024371507657,2024,371507657,606262,235999,1.00229,51.98414,3,3,4,15:02,-1,E07000200,3,0,1,0,2,"[19, 7]",5,1,0,"[0, 1]","[0, 4]",1,0,0,1,0,0,10,23
2024371507830,2024,371507830,618548,244033,1.18604,52.05157,3,3,7,13:30,-1,E07000202,6,0,1,1,1,19,"[2, 3]","[5, 2]",0,"[1, 0]",0,1,0,1,0,0,0,10,19
2024371507862,2024,371507862,615491,244595,1.14188,52.05781,3,3,7,17:20,-1,E07000202,3,0,1,0,1,19,"[7, 3]","[3, 7]",0,0,0,1,0,0,0,0,1,10,19
2024371508180,2024,371508180,615322,245405,1.13993,52.06515,3,3,5,17:22,-1,E07000202,3,0,1,0,1,4,5,6,0,0,0,1,0,0,0,0,1,10,24
2024371508330,2024,371508330,622937,245627,1.25098,52.06413,3,3,5,16:02,-1,E07000244,6,0,1,0,1,"[3, 19]",1,5,0,0,0,1,0,1,0,0,0,10,24
2024371508519,2024,371508519,590858,263477,0.79366,52.23639,2,2,5,16:15,-1,E07000245,3,0,1,0,2,19,2,6,0,0,0,1,0,0,1,0,0,10,24
2024371508537,2024,371508537,646701,279448,1.62159,52.35753,3,3,5,12:30,-1,E07000244,3,0,1,0,2,"[19, 9]","[7, 5]",3,0,0,0,1,0,0,1,0,0,10,17
2024371508689,2024,371508689,618740,242436,1.18782,52.03716,3,3,7,00:30,-1,E07000202,6,2,1,0,1,"[2, 19]","[0, 2]","[0, 6]","[0, 4]","[0, 1]",0,1,0,0,0,0,0,10,26
2024371509464,2024,371509464,617331,244859,1.16885,52.05946,2,2,5,15:50,-1,E07000202,3,0,1,0,1,19,3,7,0,0,0,1,0,1,0,0,0,10,24
2024371509488,2024,371509488,652784,297562,1.72441,52.51726,3,3,1,14:01,-1,E07000244,3,0,1,0,2,"[4, 19]",3,7,0,0,0,1,0,0,0,0,0,10,27
2024371509709,2024,371509709,615223,243606,1.13736,52.04903,3,3,6,18:35,-1,E07000202,6,0,1,0,1,2,0,0,0,0,0,1,0,0,0,0,0,10,18
2024371509769,2024,371509769,652573,294789,1.71921,52.49248,2,2,5,12:20,-1,E07000244,4,0,1,0,1,"[9, 19]",7,"[5, 3]",0,0,0,1,0,1,0,0,0,10,24
2024371509901,2024,371509901,594341,247603,0.83552,52.09264,3,3,2,17:20,-1,E07000200,3,0,2,1,2,19,"[4, 8]","[8, 4]",0,0,0,1,0,0,0,0,0,9,30
2024371510026,2024,371510026,610057,243397,1.06201,52.04914,2,2,3,10:03,-1,E07000200,3,0,1,1,2,"[19, 7]","[7, 3]","[3, 5]",0,0,0,0,0,0,1,0,0,10,29
2024371510232,2024,371510232,613807,245824,1.11813,52.06949,2,2,5,07:25,-1,E07000202,6,0,1,1,1,"[9, 19]","[8, 1]",5,0,0,0,1,1,0,0,0,0,10,24
2024371510255,2024,371510255,615882,244799,1.14771,52.05949,3,3,5,17:00,-1,E07000202,3,0,1,0,1,3,6,2,0,0,0,1,0,0,0,0,0,8,29
2024371510295,2024,371510295,612940,237909,1.10057,51.99877,3,3,2,22:22,-1,E07000200,3,2,9,0,2,5,"[5, 1]","[5, 1]",0,"[0, 1]",0,1,0,0,0,1,0,10,28
2024371510347,2024,371510347,587529,241037,0.7326,52.03602,2,2,4,11:26,-1,E07000200,6,0,1,0,1,"[9, 19]","[4, 2]","[2, 6]",0,0,0,1,1,0,0,0,0,10,30
2024371510468,2024,371510468,588656,267740,0.76383,52.27543,3,3,5,11:10,-1,E07000245,4,0,1,1,2,19,"[8, 6]","[4, 2]",0,0,0,1,0,0,0,0,0,10,24
2024371510637,2024,371510637,598120,277789,0.90828,52.36233,2,"[2, 3]",4,23:25,-1,E07000245,4,2,7,1,2,19,5,6,0,0,0,1,0,0,0,0,0,10,30
2024371510638,2024,371510638,632330,236432,1.38153,51.97775,3,3,5,00:10,-1,E07000244,6,2,1,0,1,19,2,6,0,1,4,1,0,0,0,0,0,10,31
2024371510728,2024,371510728,580800,286442,0.65889,52.44602,2,2,2,17:50,-1,E07000245,4,0,1,0,2,19,3,7,0,0,0,0,0,1,0,0,0,9,16
2024371510744,2024,371510744,575342,254489,0.56204,52.16082,3,3,3,15:59,-1,E07000245,6,0,1,0,2,19,"[4, 7]","[7, 4]",0,0,0,1,0,1,0,0,0,9,17
2024371510782,2024,371510782,591640,250556,0.7978,52.12009,2,2,3,18:06,-1,E07000200,3,2,2,1,2,19,1,5,0,0,0,1,0,0,0,0,0,10,1
2024371510803,2024,371510803,586507,262753,0.72962,52.23138,3,3,4,07:20,-1,E07000245,3,0,1,1,1,20,5,1,0,0,0,1,0,0,0,0,0,9,11
2024371510930,2024,371510930,587312,263664,0.7419,52.23929,3,3,5,20:27,-1,E07000245,6,2,1,0,1,"[2, 19]","[0, 4]","[0, 1]",4,0,0,1,0,0,1,0,0,10,3
2024371511136,2024,371511136,574075,249939,0.54121,52.12036,3,3,5,00:40,-1,E07000245,6,2,1,0,2,19,2,6,0,0,0,0,0,1,0,0,0,10,24
2024371511172,2024,371511172,572758,274134,0.53434,52.33808,3,3,5,18:10,-1,E07000245,3,2,1,0,2,19,2,3,0,0,0,1,0,0,0,0,0,10,31
2024371511251,2024,371511251,590200,267517,0.78631,52.2729,2,2,5,07:50,-1,E07000245,3,0,1,1,2,"[3, 14, 9]","[3, 5]","[7, 2]",0,0,0,1,0,1,0,0,0,10,31