collision_index,collision_year,collision_ref_no,location_easting_osgr,location_northing_osgr,longitude,latitude,casualty_severity,casualty_severity,day_of_week,time,local_authority_district,local_authority_ons_district,first_road_class,light_conditions,weather_conditions,road_surface_conditions,urban_or_rural_area,vehicle_manoeuvre,vehicle_direction_from,vehicle_direction_to,hit_object_in_carriageway,vehicle_leaving_carriageway,hit_object_off_carriageway,is_car,is_cyle,is_mcyle,is_goodsv,is_other,is_pedestrian,month,day
2024371511555,2024,371511555,614953,246964,1.13554,52.07928,2,2,4,20:45,-1,E07000202,6,2,1,0,1,-1,-1,-1,-1,-1,0,1,0,0,0,0,1,10,30
2024371511622,2024,371511622,563498,262764,0.39304,52.23879,3,3,7,12:53,-1,E07000245,3,0,2,1,2,"[4, 3]",7,"[3, 2]",0,0,0,1,0,0,0,0,0,11,2
2024371512469,2024,371512469,570898,272036,0.506,52.31982,3,3,4,17:15,-1,E07000245,3,2,8,0,2,19,-1,-1,4,3,10,1,0,0,0,0,1,10,30
2024371512508,2024,371512508,611381,255649,1.08888,52.15863,3,3,6,12:50,-1,E07000203,3,0,1,0,2,19,"[1, 5]","[5, 1]",0,"[0, 7]",0,1,0,0,0,0,0,10,18
2024371512593,2024,371512593,616231,244439,1.15256,52.05612,3,3,2,22:30,-1,E07000202,4,2,1,0,1,19,"[7, 5]","[3, 1]",0,0,0,1,1,0,0,0,0,11,4
2024371512932,2024,371512932,581777,279184,0.6693,52.38052,3,3,6,05:59,-1,E07000245,4,2,7,1,2,19,3,7,0,0,0,1,0,1,0,0,0,10,18
2024371513291,2024,371513291,587591,261067,0.74454,52.21587,2,2,4,08:00,-1,E07000245,3,0,1,1,2,"[19, 5]","[7, 1, 3]","[3, 7]",0,0,0,1,0,1,0,0,0,11,6
2024371513749,2024,371513749,616774,244451,1.16048,52.05602,3,3,4,17:30,-1,E07000202,3,2,1,0,1,19,6,2,0,0,0,1,1,0,0,0,0,11,6
2024371513837,2024,371513837,645230,266187,1.59038,52.2392,2,2,5,10:50,-1,E07000244,6,0,1,0,2,"[9, 19]","[6, 5]","[4, 1]",0,0,0,1,1,0,0,0,0,10,24
2024371513854,2024,371513854,614677,245749,1.13075,52.06848,3,3,5,18:15,-1,E07000202,6,0,1,0,1,19,"[5, 7]","[1, 3]",0,0,0,1,0,0,0,0,0,10,17
2024371514122,2024,371514122,614304,246866,1.12602,52.07866,3,3,7,09:00,-1,E07000202,3,0,1,0,1,3,"[1, 5]","[5, 1]",0,0,0,1,0,1,0,0,0,10,5
2024371514133,2024,371514133,617329,242604,1.16738,52.03922,3,3,6,08:30,-1,E07000202,6,0,1,0,1,"[19, 14]","[2, 6]","[7, 2]",0,0,0,1,0,0,1,0,0,10,18
2024371514138,2024,371514138,615352,247107,1.14144,52.08041,3,3,2,08:14,-1,E07000202,6,0,2,1,1,19,"[3, 7]","[7, 3]",0,0,0,1,0,1,0,0,0,10,7
2024371514429,2024,371514429,585989,243691,0.71162,52.06037,3,3,1,09:50,-1,E07000200,4,0,1,0,2,"[15, 19]",5,1,"[11, 0]",0,0,1,1,0,0,0,0,11,10
2024371514675,2024,371514675,616506,244130,1.15637,52.05324,3,3,4,11:44,-1,E07000202,3,0,1,0,1,"[19, 5]","[7, 8]",3,0,0,0,1,0,0,0,0,0,10,16
2024371514842,2024,371514842,576666,263086,0.58585,52.23761,3,3,2,11:31,-1,E07000245,6,0,1,0,2,19,"[8, 5]","[4, 1]",0,0,0,1,0,0,0,0,0,11,11
2024371515060,2024,371515060,572417,273647,0.52909,52.33381,3,3,4,07:40,-1,E07000245,3,0,2,1,2,"[9, 19]","[1, 5]","[5, 1]",0,0,0,1,0,0,0,0,0,10,2
2024371515206,2024,371515206,630367,234830,1.35192,51.96419,2,2,5,14:10,-1,E07000244,4,0,1,0,1,"[7, 19]","[3, 1]",5,0,0,0,1,1,0,0,0,0,11,7
2024371515550,2024,371515550,607198,248674,1.02358,52.09759,3,3,3,10:04,-1,E07000203,6,0,1,0,2,19,"[6, 2]","[2, 6]",0,"[1, 0]",0,1,0,0,0,0,0,10,15
2024371515552,2024,371515552,620334,248622,1.21501,52.09205,3,3,4,07:49,-1,E07000244,6,0,1,0,2,19,"[3, 8]","[8, 3]",0,0,0,1,0,0,0,0,0,11,13
2024371515560,2024,371515560,595622,237605,0.84847,52.00241,2,2,7,20:05,-1,E07000200,4,2,1,1,2,19,3,7,0,1,0,1,0,0,0,0,0,11,9
2024371515583,2024,371515583,618259,244855,1.18236,52.05906,3,3,5,22:51,-1,E07000202,6,2,1,0,1,19,"[3, 1]","[7, 5]",0,0,0,1,0,0,0,0,0,10,17
2024371515696,2024,371515696,627637,249369,1.32192,52.09581,3,3,4,10:50,-1,E07000244,4,0,1,0,1,5,4,2,0,0,0,0,0,0,1,0,1,11,13
2024371515709,2024,371515709,619374,244042,1.19807,52.05132,3,3,6,17:29,-1,E07000202,6,0,1,0,1,19,1,5,0,0,0,1,0,0,0,0,0,10,25
2024371515710,2024,371515710,604903,258656,0.99613,52.18807,3,3,4,07:50,-1,E07000203,6,0,1,0,1,19,"[5, 7]",1,0,0,0,1,1,0,0,0,0,11,13
2024371515719,2024,371515719,617977,243684,1.17751,52.04866,3,3,4,07:30,-1,E07000202,3,0,1,1,1,19,"[6, 2]","[2, 6]",0,0,0,1,1,0,0,0,0,11,13
2024371515764,2024,371515764,638555,262401,1.49015,52.20816,3,3,1,08:20,-1,E07000244,4,0,1,0,2,19,1,5,0,0,0,1,1,0,0,0,0,10,27
2024371515873,2024,371515873,614936,244531,1.13376,52.05745,3,3,4,08:29,-1,E07000202,3,0,1,0,1,19,2,6,0,0,0,1,0,0,0,0,0,11,13
2024371515901,2024,371515901,596148,237937,0.85632,52.0052,3,3,4,17:20,-1,E07000200,4,2,8,0,2,"[19, 2]","[7, 0]","[3, 0]",0,0,0,1,0,0,0,0,1,11,13
2024371516140,2024,371516140,564027,263327,0.40106,52.24369,3,3,1,18:00,-1,E07000245,6,0,1,0,1,"[9, 19]","[4, 6]","[8, 2]",0,0,0,1,1,0,0,0,0,10,6
2024371516158,2024,371516158,617236,244798,1.16742,52.05895,2,2,4,12:30,-1,E07000202,3,0,1,0,1,"[19, 4]",3,7,0,0,0,1,0,1,0,0,0,11,13
2024371516193,2024,371516193,626026,249491,1.29853,52.09756,3,3,4,17:20,-1,E07000244,3,2,1,0,1,19,"[8, 5]",1,0,0,0,1,1,0,0,0,0,11,13
2024371516216,2024,371516216,615853,240923,1.14484,52.0247,3,3,5,09:40,-1,E07000200,3,0,1,1,2,19,7,3,0,0,0,1,0,1,0,1,0,11,14
2024371516245,2024,371516245,608414,255291,1.04535,52.15654,3,3,5,08:30,-1,E07000203,6,0,1,0,2,"[2, 19]","[0, 8]","[0, 4]",0,0,0,1,0,0,0,0,0,11,14
2024371516295,2024,371516295,618223,245918,1.18251,52.06862,3,3,3,18:55,-1,E07000202,3,2,2,1,1,"[5, 19]","[4, 1]","[8, 5]",0,0,0,1,1,0,0,0,0,10,8
2024371516364,2024,371516364,619490,244702,1.20019,52.0572,3,3,4,10:19,-1,E07000202,6,0,1,0,1,4,3,5,0,0,0,1,0,0,0,0,1,10,16
2024371516658,2024,371516658,648010,281144,1.64202,52.37215,2,"[3, 2]",2,14:30,-1,E07000244,3,0,1,0,2,19,"[5, 1]","[1, 5]",0,0,0,1,0,0,0,0,0,10,21
2024371516678,2024,371516678,636332,274631,1.46623,52.31886,2,2,7,18:30,-1,E07000244,6,2,1,0,2,19,"[5, 1]","[1, 5]",0,0,0,1,0,0,0,0,1,11,9
2024371516692,2024,371516692,580769,246502,0.63705,52.08734,3,3,2,02:16,-1,E07000245,3,2,8,1,2,"[2, 19]","[0, 3]","[0, 4]","[0, 4]",0,0,1,0,0,0,0,0,11,11
2024371516801,2024,371516801,586387,274849,0.73455,52.34004,2,2,6,13:15,-1,E07000245,3,0,1,0,2,19,"[5, 1]","[1, 5]",0,"[1, 0]",0,1,0,0,1,0,0,11,15
2024371516819,2024,371516819,568738,266150,0.4714,52.26762,2,"[3, 2]",4,18:47,-1,E07000245,4,2,1,0,2,19,"[8, 3]","[4, 7]",0,0,0,1,0,0,0,0,0,10,23
2024371516826,2024,371516826,569723,272782,0.48916,52.32688,2,2,1,14:37,-1,E07000245,6,0,1,0,2,19,1,5,0,1,0,0,0,1,0,0,0,10,27
2024371516839,2024,371516839,634443,253477,1.42392,52.12983,2,2,2,07:56,-1,E07000244,3,0,2,1,2,19,2,6,10,1,0,1,0,0,0,0,0,9,23
2024371517175,2024,371517175,603453,238566,0.96297,52.00822,3,3,7,09:00,-1,E07000200,6,0,1,0,2,19,"[7, 1]","[4, 7]",0,0,0,1,0,0,0,0,0,11,16
2024371517614,2024,371517614,591774,264622,0.8077,52.24636,2,2,1,15:31,-1,E07000203,6,0,1,0,2,"[3, 19]",3,7,0,0,0,1,0,1,0,0,0,11,17
2024371517629,2024,371517629,626843,248683,1.3099,52.08997,3,3,3,21:16,-1,E07000244,4,2,1,0,1,19,6,2,0,0,0,0,0,1,0,0,0,9,24
2024371517647,2024,371517647,614964,244540,1.13417,52.05752,3,3,1,00:01,-1,E07000202,3,2,1,0,1,"[7, 19]","[2, 3]","[5, 7]",0,0,0,1,0,1,0,0,0,10,27
2024371517661,2024,371517661,652460,293221,1.71636,52.47847,3,3,1,09:04,-1,E07000244,3,0,1,0,1,19,"[8, 1]",5,0,0,0,1,0,1,0,0,0,10,27
2024371517674,2024,371517674,592231,265495,0.81489,52.25403,3,3,5,14:50,-1,E07000203,6,0,9,0,2,9,"[5, 7]","[3, 5]",0,0,0,1,0,0,0,0,0,11,14
2024371517685,2024,371517685,611223,241630,1.0779,52.03283,2,2,1,08:58,-1,E07000200,6,0,1,0,2,"[9, 19]","[7, 3]","[3, 7]",0,0,0,1,1,0,0,0,0,11,17
2024371517686,2024,371517686,652779,291007,1.71937,52.45846,3,3,1,18:58,-1,E07000244,6,2,1,0,1,19,6,2,0,1,0,1,0,0,0,0,0,10,27
2024371517721,2024,371517721,653564,291212,1.73105,52.45993,3,3,1,16:58,-1,E07000244,6,2,1,0,1,"[2, 19]","[0, 5, 6]","[0, 1, 2]",0,0,0,1,0,0,0,0,0,10,27
2024371517765,2024,371517765,615879,244821,1.14768,52.05969,3,3,5,13:34,-1,E07000202,3,0,1,0,1,19,3,6,0,1,0,1,0,0,0,0,0,10,3
2024371517845,2024,371517845,615324,245418,1.13997,52.06526,3,3,3,19:20,-1,E07000202,3,2,1,0,1,19,"[6, 2]","[2, 8]",0,0,0,1,0,0,0,0,0,10,29
2024371518035,2024,371518035,615973,243049,1.14793,52.04374,3,3,6,15:05,-1,E07000202,6,0,1,0,1,-1,-1,-1,-1,-1,0,1,1,0,0,0,0,11,15
2024371518094,2024,371518094,653527,291881,1.73102,52.46595,2,2,1,17:35,-1,E07000244,3,2,2,1,1,19,"[2, 5]","[6, 8]",0,0,0,1,1,0,0,0,0,11,17
2024371518109,2024,371518109,615752,241642,1.14382,52.0312,3,3,7,11:45,-1,E07000200,3,0,1,0,2,"[6, 19]","[2, 6]","[6, 2]",0,0,0,1,0,0,0,0,0,11,16
2024371518160,2024,371518160,593276,240428,0.81593,52.02858,3,3,6,18:30,-1,E07000200,3,2,1,0,2,19,-1,-1,12,0,0,1,0,0,0,0,0,11,15
2024371518233,2024,371518233,618269,243778,1.18182,52.04939,3,3,2,16:50,-1,E07000202,4,2,1,0,1,"[7, 19]","[5, -1]","[7, -1]",0,0,0,1,1,0,0,0,0,11,18
2024371518515,2024,371518515,588502,245891,0.74944,52.07928,2,2,4,08:50,-1,E07000200,6,0,1,1,2,"[9, 19]","[1, 5]","[3, 1]",0,0,0,1,0,0,0,0,0,11,20
2024371518546,2024,371518546,583272,248306,0.67451,52.10272,3,3,2,17:40,-1,E07000200,4,2,2,1,2,"[19, 2]","[7, 0]","[3, 0]","[4, 0]",0,0,1,0,1,0,0,0,11,18
2024371518625,2024,371518625,611656,258193,1.09448,52.18136,3,3,3,14:39,-1,E07000203,3,0,1,1,2,19,1,5,0,0,0,1,0,0,0,0,0,11,19
2024371518703,2024,371518703,570716,246927,0.49069,52.09435,3,3,4,08:45,-1,E07000245,6,0,1,2,2,4,3,7,0,0,0,0,0,1,0,0,0,11,20
2024371518711,2024,371518711,567744,253159,0.45041,52.15124,3,3,4,11:50,-1,E07000245,6,0,1,1,2,19,"[2, 8]","[1, 3]",0,0,0,1,0,0,0,0,0,11,20
2024371518908,2024,371518908,616803,245219,1.16139,52.0629,3,3,4,15:30,-1,E07000202,6,0,1,0,1,"[5, 19]",-1,-1,0,0,0,1,1,0,0,0,0,11,20
2024371519447,2024,371519447,564651,263544,0.41029,52.24545,2,2,2,17:41,-1,E07000245,6,2,9,0,1,19,7,3,10,1,0,1,0,0,0,0,1,11,18
2024371519641,2024,371519641,599651,241500,0.90936,52.03595,3,3,5,19:03,-1,E07000200,3,2,1,1,2,"[9, 19]","[6, 3]",2,0,0,0,1,0,0,0,0,0,11,21
2024371519700,2024,371519700,637688,276045,1.48709,52.33097,2,2,4,11:22,-1,E07000244,4,0,1,1,2,19,2,6,0,1,0,0,0,1,0,0,0,11,20
2024371519744,2024,371519744,619137,245173,1.19535,52.06157,2,2,5,15:54,-1,E07000202,3,2,1,0,1,19,8,4,0,0,0,0,1,0,1,0,0,11,21
2024371520131,2024,371520131,631458,235491,1.36822,51.96967,1,1,3,14:40,-1,E07000244,6,0,1,1,1,19,1,5,0,7,4,1,0,0,0,0,1,11,19
2024371520208,2024,371520208,585656,260558,0.71597,52.21196,3,3,6,21:57,-1,E07000245,6,2,8,2,2,2,0,0,0,1,0,1,0,0,0,0,0,11,22
2024371520895,2024,371520895,599405,274153,0.92496,52.32922,3,3,1,19:25,-1,E07000245,3,2,1,1,2,19,"[7, 3]","[3, 7]",0,1,0,1,0,0,0,0,0,11,24
2024371521043,2024,371521043,628316,268208,1.34449,52.26461,2,2,7,11:53,-1,E07000244,4,0,2,1,2,"[9, 19]","[3, 5]","[5, 1]",0,"[0, 7]",0,1,0,1,0,0,0,11,23
2024371521132,2024,371521132,616161,244242,1.15142,52.05438,3,3,6,18:00,-1,E07000202,3,2,1,0,1,"[99, 2]",-1,-1,0,0,0,1,0,0,0,0,0,11,22
2024371521210,2024,371521210,575710,283623,0.58259,52.42236,2,"[2, 3]",1,17:49,-1,E07000245,6,0,4,0,2,"[19, 9, 3]","[5, 1, 7]","[1, 7]",0,0,0,1,0,0,0,0,0,11,24
2024371521605,2024,371521605,588182,242765,0.74306,52.05132,3,3,3,13:25,-1,E07000200,6,0,1,0,1,19,"[2, 1]","[6, 5]",0,0,0,1,0,0,0,0,0,11,12
2024371521792,2024,371521792,635287,254308,1.4368,52.13693,3,3,3,14:45,-1,E07000244,4,0,1,1,2,19,6,2,0,0,0,1,1,0,0,0,0,11,26
2024371521882,2024,371521882,575806,254125,0.56863,52.15741,3,3,3,14:00,-1,E07000245,3,0,1,1,2,"[19, 7]","[7, 8]",3,0,0,0,1,0,0,1,0,0,11,26
2024371521952,2024,371521952,618273,243187,1.1815,52.04408,2,2,4,07:50,-1,E07000202,6,0,2,1,1,"[19, 7]","[2, 1]","[6, 4]",0,0,0,1,1,0,0,0,0,11,27
2024371522250,2024,371522250,584639,266612,0.70441,52.26666,2,2,4,06:15,-1,E07000245,6,2,2,1,1,"[7, -1]","[6, -1]","[1, -1]","[0, -1]","[0, -1]",0,1,1,0,0,0,0,11,27
2024371522579,2024,371522579,563399,267310,0.39379,52.27965,3,3,5,09:40,-1,E07000245,3,0,1,2,2,"[14, 5]","[1, 5]","[5, 1]",0,0,0,1,0,1,0,0,0,11,28
2024371522805,2024,371522805,586522,279527,0.73912,52.382,3,3,5,15:50,-1,E07000245,3,2,1,0,2,19,1,5,0,1,0,1,0,0,0,0,0,11,28
2024371522913,2024,371522913,615382,245327,1.14076,52.06442,3,3,5,17:30,-1,E07000202,3,2,1,1,1,"[99, 5]",-1,-1,0,0,0,1,0,1,0,0,0,11,28
2024371522996,2024,371522996,569642,247531,0.47532,52.10011,3,3,5,16:25,-1,E07000245,3,2,1,2,2,"[9, 19]","[1, 7]","[5, 3]",0,"[3, 0]","[4, 0]",1,0,0,0,0,0,11,28
2024371523157,2024,371523157,643398,260841,1.55977,52.19204,3,3,4,08:25,-1,E07000244,4,0,1,0,2,-1,1,5,-1,-1,0,1,0,0,0,0,1,11,6
2024371523207,2024,371523207,592155,264747,0.81335,52.24734,3,3,5,15:35,-1,E07000203,6,2,2,1,2,"[4, 7]","[3, 1]","[7, 5]",0,0,0,1,0,0,0,0,0,11,28
2024371523220,2024,371523220,617951,277023,1.19856,52.34794,3,3,5,17:54,-1,E07000203,6,2,1,0,2,-1,-1,-1,-1,-1,0,1,0,0,0,0,0,11,28
2024371523414,2024,371523414,583657,264805,0.68905,52.25076,3,3,6,17:22,-1,E07000245,6,2,1,1,1,"[19, 9]","[1, 6]","[5, 3]",0,0,0,1,0,1,0,0,0,11,29
2024371523461,2024,371523461,625409,247992,1.28854,52.08436,3,3,6,22:20,-1,E07000244,3,2,1,1,2,"[9, 5]","[6, 2]","[2, 6]",0,0,0,1,0,0,0,0,0,11,29
2024371523550,2024,371523550,596027,273335,0.87498,52.32309,2,2,6,16:41,-1,E07000245,3,2,1,1,2,19,"[6, 2]","[2, 6]",0,0,0,1,0,0,0,0,0,11,29
2024371523731,2024,371523731,587879,249229,0.7422,52.10947,3,3,7,18:09,-1,E07000200,3,2,1,1,2,"[4, 10]",1,5,0,0,0,1,0,0,0,0,0,11,30
2024371524428,2024,371524428,585549,263784,0.71617,52.24096,2,2,2,13:00,-1,E07000245,6,0,2,1,1,"[9, 19]","[1, 4]","[7, 6]",0,0,0,1,0,1,0,0,0,12,2
2024371524747,2024,371524747,587306,263678,0.74182,52.23942,2,2,2,16:15,-1,E07000245,6,2,2,1,1,"[9, 19]","[8, 4]","[6, 8]",0,0,0,1,0,1,0,0,0,12,2
2024371524791,2024,371524791,582771,281062,0.68491,52.39705,2,2,1,17:08,-1,E07000245,3,2,2,1,2,19,5,1,0,0,0,1,0,0,0,0,0,12,1
2024371525181,2024,371525181,627675,264801,1.33282,52.2343,3,3,3,22:20,-1,E07000244,4,2,7,1,2,9,5,3,0,1,4,1,0,0,0,0,0,12,3
2024371525359,2024,371525359,615780,243816,1.1456,52.0507,3,3,3,17:53,-1,E07000202,4,2,1,1,1,"[14, 9]","[3, 5]","[7, 3]",0,0,0,1,0,1,0,0,0,10,29
2024371525471,2024,371525471,654911,294443,1.7533,52.48829,3,3,7,01:43,-1,E07000244,3,2,1,0,1,19,8,4,0,0,0,1,1,0,0,0,0,10,5
2024371525708,2024,371525708,597199,240158,0.87289,52.02477,3,3,4,17:48,-1,E07000200,3,2,1,1,2,19,"[3, 5]","[7, 8]",0,0,0,1,0,0,0,0,0,12,4
2024371525726,2024,371525726,588775,241994,0.75127,52.04419,2,2,4,17:00,-1,E07000200,3,2,1,1,1,"[19, -1]","[5, -1]","[1, -1]","[0, -1]","[0, -1]",0,0,0,1,0,1,0,12,4
2024371525874,2024,371525874,613478,247634,1.11447,52.08587,3,3,5,09:15,-1,E07000202,3,0,1,1,2,19,1,5,0,0,0,1,0,0,1,0,0,11,28
2024371526215,2024,371526215,572538,284864,0.53664,52.43452,3,3,2,08:05,-1,E07000245,4,0,1,0,2,"[19, 14, 2]","[5, 1, 0]","[1, 5, 0]",0,0,0,1,0,0,1,0,0,11,11
2024371526392,2024,371526392,617229,244554,1.16717,52.05676,2,2,5,18:23,-1,E07000202,4,2,5,1,1,"[14, 9]","[7, 1]","[3, 7]",0,0,0,1,0,1,0,0,0,12,5
2024371526440,2024,371526440,628612,235593,1.32693,51.97176,2,"[3, 2]",5,17:12,-1,E07000244,3,2,5,1,2,19,1,6,0,0,0,1,0,0,0,0,0,12,5
2024371526540,2024,371526540,619559,244703,1.20119,52.05718,3,3,6,09:30,-1,E07000202,3,0,1,0,1,19,8,4,0,0,0,1,1,0,0,0,0,12,6
2024371526595,2024,371526595,616226,242506,1.15127,52.03877,2,2,3,16:20,-1,E07000202,3,2,1,0,1,"[19, 6]","[5, 1]",1,0,0,0,1,0,1,0,0,0,12,3
2024371526663,2024,371526663,626774,244694,1.30624,52.0542,3,3,6,09:52,-1,E07000244,6,0,1,0,2,19,"[8, 3]","[4, 7]",0,0,0,1,0,0,0,0,0,11,29
2024371527400,2024,371527400,619443,244493,1.19937,52.05534,3,3,1,07:20,-1,E07000202,6,2,5,1,1,"[7, 19]",-1,-1,0,3,0,1,1,0,0,0,0,12,8
2024371528060,2024,371528060,598244,262661,0.9012,52.22646,3,3,4,08:47,-1,E07000203,3,0,2,1,2,"[19, 4]",3,7,0,0,0,1,0,0,0,0,0,11,27
2024371528180,2024,371528180,569334,277562,0.48586,52.36994,3,3,6,08:40,-1,E07000245,3,0,1,0,1,19,8,2,0,0,0,1,0,0,0,0,1,12,6
2024371528213,2024,371528213,640143,277892,1.52437,52.34647,3,3,3,07:59,-1,E07000244,6,0,1,1,2,19,3,7,0,0,0,1,0,0,0,0,1,12,3
2024371528324,2024,371528324,651895,286605,1.70307,52.41937,3,3,5,21:20,-1,E07000244,3,2,5,1,2,19,5,1,9,1,0,1,0,0,0,0,0,12,5
2024371528458,2024,371528458,604030,244908,0.97514,52.06495,3,3,3,21:23,-1,E07000200,6,2,1,0,2,19,6,2,0,0,0,1,0,0,0,0,0,12,10
2024371529072,2024,371529072,650748,296813,1.69391,52.51148,3,3,4,20:50,-1,E07000244,4,2,2,1,2,"[4, 19]","[1, 5]","[5, 1]",0,"[0, 1]",0,1,0,0,0,0,0,12,11
2024371529206,2024,371529206,589226,241636,0.75764,52.04082,2,2,4,20:43,-1,E07000200,3,2,1,0,2,19,5,3,0,7,0,1,0,0,0,0,0,10,30
2024371529225,2024,371529225,567655,246501,0.44584,52.09146,2,2,5,20:19,-1,E07000245,3,2,7,1,1,19,5,1,0,0,0,1,0,0,0,0,1,10,31
2024371529271,2024,371529271,615343,245431,1.14025,52.06537,3,3,4,12:29,-1,E07000202,3,0,1,0,1,"[9, 19]","[6, 2]","[4, 6]",0,0,0,1,0,0,0,0,0,10,30
2024371529406,2024,371529406,599280,274135,0.92312,52.3291,1,1,1,18:28,-1,E07000245,3,2,2,1,2,19,1,4,0,1,9,1,0,0,0,0,0,12,8
2024371529530,2024,371529530,585814,265153,0.7208,52.25317,2,2,5,16:35,-1,E07000245,3,2,1,0,2,19,3,7,0,"[0, 4]",0,1,0,0,1,0,0,12,12
2024371529549,2024,371529549,613264,245698,1.11014,52.06857,3,3,5,13:23,-1,E07000200,3,0,1,0,2,"[-1, 19]",-1,-1,0,0,0,1,0,0,1,0,0,12,12
2024371529636,2024,371529636,651301,293975,1.6999,52.48577,3,3,4,15:15,-1,E07000244,6,0,1,0,1,19,"[3, 1]","[1, 3]",0,0,0,1,0,0,0,0,0,10,23
2024371529745,2024,371529745,616720,244230,1.15955,52.05405,3,3,5,15:04,-1,E07000202,3,0,1,0,1,"[19, 4]",6,2,0,0,0,1,0,0,0,0,0,10,24
2024371529818,2024,371529818,615874,244833,1.14761,52.0598,3,3,6,17:24,-1,E07000202,3,2,1,1,1,"[5, 19]","[4, 3]","[2, 7]",0,0,0,1,1,0,0,0,0,12,13
2024371529830,2024,371529830,614731,245412,1.13133,52.06544,3,3,6,18:38,-1,E07000202,4,0,1,0,1,-1,-1,-1,-1,-1,0,1,0,0,0,0,0,12,13
2024371529834,2024,371529834,613543,247327,1.11522,52.08309,3,3,6,17:30,-1,E07000202,6,2,2,1,1,9,-1,-1,0,0,0,1,0,0,0,0,1,12,13
2024371529964,2024,371529964,573084,279042,0.54165,52.38206,2,2,7,06:00,-1,E07000245,3,2,1,1,2,19,5,1,0,1,4,1,0,0,0,0,0,12,14
2024371530257,2024,371530257,612771,236630,1.09732,51.98735,3,3,7,18:50,-1,E07000200,3,2,1,1,2,"[4, 19]","[5, 1]","[1, 5]",0,0,0,1,0,0,0,0,0,12,14
2024371530457,2024,371530457,571299,275989,0.51389,52.3552,3,3,4,17:02,-1,E07000245,3,2,1,0,1,"[9, 19]",-1,-1,0,0,0,1,0,0,0,0,0,12,11
2024371531184,2024,371531184,591785,240628,0.79434,52.03089,3,3,2,16:50,-1,E07000200,3,2,1,0,2,19,"[7, 3]","[3, 7]",0,0,0,1,0,0,0,0,0,12,16
2024371531561,2024,371531561,632245,236394,1.38027,51.97744,3,3,2,18:09,-1,E07000244,6,2,1,0,1,19,5,1,0,1,0,1,0,0,0,0,0,11,4
2024371531598,2024,371531598,637163,260503,1.46849,52.19173,3,3,3,17:55,-1,E07000244,3,2,2,1,2,"[19, 9]","[3, 7]","[7, 5]",0,"[1, 0]",0,1,0,0,0,0,0,11,12
2024371531600,2024,371531600,612654,243552,1.09992,52.04954,3,3,3,12:53,-1,E07000200,6,0,1,0,2,"[9, 19]",-1,-1,0,0,0,1,0,0,0,0,0,12,17
2024371531635,2024,371531635,619978,242033,1.20558,52.03305,3,3,3,19:40,-1,E07000202,6,2,1,1,1,19,"[2, 1]","[1, 2]",0,0,0,1,0,0,0,0,0,11,12
2024371531638,2024,371531638,612469,274283,1.11647,52.32549,3,3,7,19:16,-1,E07000203,6,2,5,1,2,19,"[1, 5]","[5, 1]",0,"[7, 1]",0,1,0,0,0,0,0,12,7
2024371531687,2024,371531687,653442,295925,1.73284,52.50227,3,3,3,17:50,-1,E07000244,3,2,2,1,1,"[19, 4]",5,1,0,0,0,1,0,0,0,0,0,11,12
2024371531715,2024,371531715,568734,266151,0.47134,52.26763,3,3,4,09:20,-1,E07000245,4,0,1,0,2,"[19, 5]","[7, 1]","[3, 5]",0,0,0,1,0,0,0,0,0,11,13
2024371532092,2024,371532092,565758,250999,0.42036,52.13243,2,2,2,14:04,-1,E07000245,6,0,1,1,2,19,"[3, 7]","[7, 3]",0,0,0,1,0,0,0,0,0,12,16
2024371532257,2024,371532257,586477,242686,0.71818,52.05118,2,2,1,17:55,-1,E07000200,3,0,2,1,1,19,"[5, 3]","[1, 7]",0,0,0,1,1,0,0,0,0,10,6
2024371532317,2024,371532317,590492,236021,0.77296,51.98997,2,"[3, 2]",4,04:54,-1,E07000200,4,2,2,1,2,19,"[5, 1]","[1, 5]",0,0,0,1,0,0,0,0,0,12,18
2024371532322,2024,371532322,617148,244551,1.16599,52.05677,3,3,6,08:40,-1,E07000202,6,0,7,1,1,"[1, 19]","[5, 1]","[1, 5]",0,0,0,1,1,0,0,0,0,10,25
2024371532401,2024,371532401,610126,238450,1.05998,52.0047,3,3,4,20:51,-1,E07000200,6,2,1,0,2,19,1,5,0,0,0,1,0,0,0,0,0,12,18
2024371532793,2024,371532793,598138,251247,0.89299,52.12401,3,3,5,16:00,-1,E07000200,6,0,2,1,2,19,2,7,0,0,0,1,0,0,0,0,1,12,19
2024371532798,2024,371532798,584218,264150,0.6969,52.2447,3,3,5,08:15,-1,E07000245,6,0,1,1,1,"[9, 10]","[5, 3]","[2, 1]",0,0,0,1,1,0,0,0,0,12,19
2024371532830,2024,371532830,618724,245708,1.18968,52.06653,3,3,4,18:30,-1,E07000202,3,2,2,1,1,"[14, 10]",3,7,0,"[7, 0]",0,1,0,1,0,0,0,12,18
2024371532858,2024,371532858,652829,298784,1.726,52.5282,2,2,6,07:03,-1,E07000244,3,2,1,0,2,19,5,1,0,0,0,1,0,1,0,0,0,12,20