collision_index,collision_year,collision_ref_no,location_easting_osgr,location_northing_osgr,longitude,latitude,casualty_severity,casualty_severity,day_of_week,time,local_authority_district,local_authority_ons_district,first_road_class,light_conditions,weather_conditions,road_surface_conditions,urban_or_rural_area,vehicle_manoeuvre,vehicle_direction_from,vehicle_direction_to,hit_object_in_carriageway,vehicle_leaving_carriageway,hit_object_off_carriageway,is_car,is_cyle,is_mcyle,is_goodsv,is_other,is_pedestrian,month,day
2024371533096,2024,371533096,566273,244327,0.42462,52.07235,3,3,6,19:10,-1,E07000245,3,2,8,1,2,19,"[4, 7]","[7, 8]",0,0,0,1,0,0,0,0,0,12,20
2024371533558,2024,371533558,647112,276858,1.62571,52.3341,1,1,7,01:00,-1,E07000244,3,2,1,0,2,19,7,1,0,7,8,1,0,0,0,0,0,12,14
2024371533759,2024,371533759,629047,261331,1.35053,52.20258,2,"[2, 3]",1,19:09,-1,E07000244,4,2,1,0,2,19,"[4, 3]","[3, 1]",0,0,0,1,0,0,0,0,0,12,22
2024371533883,2024,371533883,579071,286331,0.63341,52.44559,3,3,4,22:13,-1,E07000245,4,2,2,1,2,"[2, 19]","[0, 3]","[0, 7]","[4, 0]","[0, 7]",0,1,0,0,0,0,0,12,18
2024371534188,2024,371534188,616445,243739,1.15523,52.04975,2,2,2,18:36,-1,E07000202,3,2,2,1,1,"[5, 3]",-1,-1,0,"[8, 1]","[0, 99]",1,0,0,0,0,0,12,23
2024371534204,2024,371534204,574968,266203,0.56263,52.26615,3,3,2,16:38,-1,E07000245,3,2,2,1,2,19,"[1, 3]","[5, 7]",0,"[0, 3]","[0, 1]",1,0,0,0,0,0,12,23
2024371534456,2024,371534456,566748,246084,0.43241,52.08799,3,3,2,20:00,-1,E07000245,3,2,2,1,1,"[19, 9]","[1, 5]","[5, 2]",0,0,0,1,0,1,0,0,0,12,23
2024371534978,2024,371534978,605385,264568,1.00676,52.24096,2,2,4,09:03,-1,E07000203,4,0,1,1,2,19,5,1,0,1,0,1,0,0,0,0,0,12,25
2024371535131,2024,371535131,613238,242750,1.10792,52.04212,2,2,6,20:39,-1,E07000200,6,2,1,1,1,19,8,4,0,0,0,1,0,0,0,0,1,12,20
2024371535814,2024,371535814,610113,233020,1.05647,51.95595,3,3,1,21:50,-1,E07000200,3,2,4,0,2,19,1,5,0,0,0,1,0,0,0,0,1,11,24
2024371535844,2024,371535844,568253,245571,0.4541,52.08292,3,3,6,10:11,-1,E07000245,6,0,1,1,1,2,0,0,0,0,0,1,0,0,0,0,1,11,29
2024371535846,2024,371535846,616987,277992,1.18505,52.35702,3,3,3,16:54,-1,E07000203,4,2,1,0,2,19,"[3, 7]","[7, 3]",0,0,0,1,0,0,0,0,0,12,24
2024371535958,2024,371535958,615702,243823,1.14447,52.0508,2,2,1,10:35,-1,E07000202,6,0,1,0,1,99,-1,-1,0,0,0,1,0,0,0,0,1,12,22
2024371536140,2024,371536140,582475,264123,0.67139,52.24503,3,3,1,14:58,-1,E07000245,6,0,8,1,2,"[9, 19]","[3, 7]","[1, 3]",0,0,0,1,0,1,0,0,0,12,1
2024371536155,2024,371536155,613263,245783,1.11018,52.06934,3,3,5,16:55,-1,E07000200,3,2,1,0,2,4,3,7,0,0,0,1,0,0,0,0,0,11,28
2024371536370,2024,371536370,615134,243450,1.13596,52.04767,2,2,3,15:11,-1,E07000202,6,0,1,0,1,"[9, 19]",5,"[7, 1]",0,0,0,1,1,0,0,0,0,12,31
2024371536759,2024,371536759,609144,243314,1.04866,52.04874,2,"[2, 3]",3,00:06,-1,E07000200,3,2,1,1,2,19,"[1, 5]","[5, 1]",0,"[0, 7]",0,1,0,0,0,0,0,12,24
2024371536811,2024,371536811,585410,263782,0.71414,52.24099,2,"[2, 3]",1,18:33,-1,E07000245,6,2,8,1,1,19,7,"[3, 4]",0,0,0,1,0,0,0,0,0,12,29
2024371537105,2024,371537105,614688,244352,1.13004,52.05594,3,3,3,15:20,-1,E07000202,3,0,1,0,1,"[4, 19]","[1, 5]","[5, 1]",0,0,0,1,0,0,1,0,0,12,17
2024371537177,2024,371537177,615547,244920,1.1429,52.0607,2,2,2,12:26,-1,E07000202,6,0,1,0,1,1,1,5,0,0,0,1,0,0,0,0,1,12,30
2024371537209,2024,371537209,654398,292542,1.74432,52.47148,3,3,5,16:47,-1,E07000244,3,2,1,0,1,19,"[3, 7]","[1, 3]",0,0,0,1,0,0,0,0,0,11,7
2024371537223,2024,371537223,616495,244136,1.15621,52.0533,3,3,7,12:30,-1,E07000202,3,0,1,0,1,19,"[7, 1]","[8, 3]",0,0,0,1,0,1,0,0,0,11,9
2024371537232,2024,371537232,563111,264732,0.38833,52.25658,3,3,3,14:00,-1,E07000245,4,0,1,0,1,"[5, 19]","[2, 4]","[5, 8]",0,0,0,1,1,0,0,0,0,10,29
2024371537300,2024,371537300,654261,291266,1.74133,52.46009,3,3,7,05:37,-1,E07000244,6,2,1,0,1,19,6,1,0,8,2,1,0,0,0,0,0,11,2
2024371537326,2024,371537326,654701,292624,1.74883,52.47207,3,3,1,11:20,-1,E07000244,3,0,1,0,1,19,"[1, 3]","[3, 7]",0,0,0,1,1,0,0,0,0,11,10
2024371538127,2024,371538127,564167,263488,0.40318,52.24509,3,3,5,13:40,-1,E07000245,6,0,1,0,1,"[9, 10]","[8, 4]","[6, 2]",0,0,0,1,0,1,0,0,0,11,21
2024371538213,2024,371538213,616619,244393,1.15818,52.05556,3,3,1,13:40,-1,E07000202,4,0,1,0,1,"[7, 19]","[5, 1]","[8, 1]",0,0,0,1,1,0,0,0,0,11,10
2024371538441,2024,371538441,589594,278952,0.78388,52.37579,3,3,5,17:25,-1,E07000245,3,2,2,1,2,"[9, 19]","[2, 6]","[7, 2]",0,0,0,1,0,1,0,0,0,12,12
2024371538507,2024,371538507,618806,245654,1.19084,52.06602,3,3,2,13:00,-1,E07000202,3,0,1,0,1,-1,"[6, -1]","[8, -1]",-1,-1,0,1,1,0,0,0,0,12,30
2024371538536,2024,371538536,613445,245101,1.1124,52.06314,3,3,6,20:45,-1,E07000200,6,2,2,1,1,"[19, 9]","[7, 8]",3,0,0,0,1,0,0,0,0,0,12,20
2024371538545,2024,371538545,614964,242538,1.13292,52.03955,3,3,7,07:22,-1,E07000202,6,0,1,1,1,19,4,8,0,0,0,1,1,0,0,0,0,11,16
2024371539066,2024,371539066,594069,238605,0.82645,52.01193,3,3,3,07:55,-1,E07000200,3,0,1,1,2,"[19, 4]",7,3,0,0,0,1,0,0,0,0,0,12,17
2024371539266,2024,371539266,589836,263654,0.77881,52.23833,3,3,5,18:50,-1,E07000245,3,2,1,1,2,19,3,7,0,1,0,1,0,0,0,0,0,12,12
2024371539288,2024,371539288,605491,257614,1.00409,52.17849,2,2,2,12:37,-1,E07000203,6,0,1,1,1,19,1,5,0,0,0,1,0,1,0,0,0,12,9
2024371539498,2024,371539498,613195,241717,1.10665,52.03286,3,3,6,12:35,-1,E07000200,3,0,1,0,2,19,7,3,0,0,0,1,0,0,1,0,0,12,20
2024371539507,2024,371539507,606661,236326,1.00829,51.98693,3,3,5,15:56,-1,E07000200,4,2,7,1,2,3,5,7,0,0,0,1,0,0,0,0,0,12,12
2024371539819,2024,371539819,654756,292765,1.74974,52.47331,3,3,5,17:28,-1,E07000244,6,0,1,0,1,"[-1, 19]","[-1, 3]","[-1, 7]","[-1, 0]","[-1, 0]",0,1,1,0,0,0,0,12,19
2024371540305,2024,371540305,588764,270787,0.76712,52.30276,3,3,2,12:15,-1,E07000245,6,0,1,0,2,"[19, 15]","[6, 1]","[2, 5]",0,"[1, 0]",0,1,0,1,0,0,0,12,30
2024371541191,2024,371541191,654001,294133,1.7397,52.48593,3,3,5,16:08,-1,E07000244,4,2,2,1,1,"[5, 19]","[1, 7]","[7, 3]",0,0,0,1,1,0,0,0,0,12,5
2024371543085,2024,371543085,614907,240952,1.13109,52.02533,3,3,3,16:40,-1,E07000200,3,2,1,0,2,"[19, 11]",3,7,0,0,0,1,0,0,1,0,0,12,17
2024371543968,2024,371543968,618889,245402,1.19188,52.06372,3,3,4,09:10,-1,E07000202,3,0,1,0,1,19,7,3,0,0,0,1,1,0,0,0,0,12,18
2024371545169,2024,371545169,653922,293328,1.73792,52.47875,3,3,5,10:15,-1,E07000244,6,0,1,-1,1,"[2, 19]","[0, -1]","[0, -1]",0,0,0,1,0,0,0,1,0,12,26
2024371546842,2024,371546842,650243,285117,1.67772,52.40678,3,3,6,16:52,-1,E07000244,3,2,1,2,2,19,6,2,0,0,0,1,0,0,0,0,0,11,22
2024371547272,2024,371547272,569463,266414,0.48214,52.26977,3,3,6,12:55,-1,E07000245,4,0,1,1,2,19,"[7, 1]","[3, 5]",0,0,0,1,0,0,0,0,0,11,29
2024371547336,2024,371547336,582147,280691,0.67555,52.39393,3,3,5,19:40,-1,E07000245,3,2,5,1,2,"[13, 19]",1,5,0,1,10,1,0,0,0,0,0,12,5
2024371547359,2024,371547359,614868,244491,1.13275,52.05712,2,2,2,11:42,-1,E07000202,4,0,1,0,1,19,"[7, 5]","[4, 1]",0,0,0,1,0,1,0,0,0,11,18
2024371547388,2024,371547388,653449,291609,1.72967,52.46355,2,2,4,16:50,-1,E07000244,3,2,2,1,1,19,2,6,0,0,0,1,0,0,0,0,0,11,20
2024371547745,2024,371547745,609889,238246,1.0564,52.00296,3,3,4,13:54,-1,E07000200,6,0,1,1,2,"[4, 5]","[2, 3]","[6, 7]",0,0,0,1,0,1,0,0,0,11,27
2024371548747,2024,371548747,630184,255669,1.3633,52.1513,3,3,3,14:06,-1,E07000244,4,0,1,0,2,9,3,1,0,0,0,1,0,0,0,0,1,11,26
2024371548791,2024,371548791,618835,244508,1.19052,52.05572,2,2,1,16:35,-1,E07000202,6,0,1,1,1,"[5, 19]","[1, 7]","[5, 3]",0,0,0,1,1,0,0,0,0,11,24
2024371550173,2024,371550173,608775,254107,1.0499,52.14577,3,3,1,19:31,-1,E07000203,6,2,1,0,2,-1,-1,-1,-1,-1,0,1,0,0,0,0,1,12,22
2024371551101,2024,371551101,589133,256108,0.76432,52.17081,3,3,6,15:08,-1,E07000245,3,0,1,1,2,19,"[3, 1]","[7, 5]",0,0,0,1,0,0,0,0,0,11,29
2024371552605,2024,371552605,564577,263565,0.40922,52.24566,3,3,7,01:06,-1,E07000245,3,2,5,1,1,19,6,2,0,0,0,1,0,0,0,0,0,11,30
2024371553796,2024,371553796,628564,236142,1.3266,51.97671,3,3,1,12:09,-1,E07000244,6,0,2,1,1,"[19, 3]",8,4,0,0,0,1,0,0,0,0,0,12,1
2024371555526,2024,371555526,653526,295551,1.73379,52.49888,3,3,2,11:50,-1,E07000244,3,0,1,0,1,"[19, 9]","[4, 6]","[8, 4]",0,0,0,1,0,1,0,0,0,12,2
2024371555558,2024,371555558,629869,253802,1.35744,52.13467,3,3,3,16:36,-1,E07000244,4,2,1,0,2,19,2,6,0,1,0,1,0,0,0,0,0,12,3
2024371555589,2024,371555589,606592,250926,1.01611,52.11804,3,3,4,20:24,-1,E07000203,6,2,1,0,2,"[19, 2]","[8, 0]","[4, 0]","[4, 0]",0,0,1,0,0,0,0,0,12,4
2024371556640,2024,371556640,588477,242427,0.74717,52.04818,3,3,7,14:51,-1,E07000200,4,0,2,1,1,19,5,7,0,0,0,1,0,0,0,0,1,12,7
2024371558146,2024,371558146,654071,292419,1.73942,52.47053,3,3,3,08:55,-1,E07000244,4,0,1,0,1,19,"[3, 5]","[7, 1]",0,0,0,1,0,0,0,0,0,12,10
2024371559382,2024,371559382,598750,262199,0.90833,52.22213,3,3,5,11:29,-1,E07000203,3,0,1,0,2,"[4, 19]",7,3,0,0,0,0,0,0,1,0,0,12,19
2024371559384,2024,371559384,593658,267528,0.83693,52.27179,3,3,6,17:26,-1,E07000245,6,2,2,1,2,19,3,7,0,0,0,1,0,0,0,0,0,12,13
2024371559420,2024,371559420,653078,294900,1.72671,52.49324,3,3,7,21:53,-1,E07000244,3,2,1,0,1,"[9, 19]","[1, 5]","[7, 1]",0,0,0,1,0,0,0,0,0,12,14
2024371563953,2024,371563953,617450,238853,1.16676,52.0055,2,2,6,00:17,-1,E07000200,4,2,8,1,2,19,2,4,0,7,0,1,0,0,0,0,0,12,27
2024371566581,2024,371566581,597198,240157,0.87287,52.02477,2,2,7,08:45,-1,E07000200,3,0,1,1,2,7,3,5,0,0,0,0,0,1,0,0,0,12,14
2024371566592,2024,371566592,630551,250243,1.36498,52.10244,3,3,5,18:30,-1,E07000244,3,2,1,0,2,"[7, 19]","[3, 7]","[1, 3]",0,0,0,1,0,0,0,0,0,12,19
2024371566631,2024,371566631,616087,244707,1.15063,52.05858,3,3,6,16:10,-1,E07000202,6,2,2,1,1,19,"[7, 1]","[3, 5]",0,0,0,0,1,0,1,0,0,12,20
2024371566652,2024,371566652,613943,247171,1.12095,52.08153,3,3,6,07:40,-1,E07000202,3,0,1,1,2,19,3,7,0,0,0,1,0,0,0,0,0,12,20
2024371566750,2024,371566750,654445,292927,1.7453,52.47491,3,3,7,16:59,-1,E07000244,6,2,1,1,1,9,3,1,0,0,0,1,0,0,0,0,1,12,21
2024371567029,2024,371567029,623076,274099,1.27173,52.31963,3,3,3,19:35,-1,E07000203,4,2,1,1,2,"[19, 2]","[5, 0]","[1, 0]",0,0,0,1,0,0,0,0,0,11,26
2024371567109,2024,371567109,626140,264429,1.31013,52.23159,2,2,1,21:16,-1,E07000244,4,2,4,1,2,19,3,7,0,7,0,1,0,0,0,0,0,12,15
2024371569010,2024,371569010,628408,236800,1.32477,51.98268,2,2,3,15:09,-1,E07000244,3,0,1,0,2,19,3,7,0,0,0,0,0,1,1,0,0,9,17
2024371569115,2024,371569115,608625,277203,1.06196,52.35318,3,3,1,14:15,-1,E07000203,3,0,1,1,2,19,7,3,0,7,0,1,0,0,0,0,0,12,29
2024401395092,2024,401395092,503321,237548,-0.49549,52.02673,3,3,5,19:05,-1,E06000056,6,2,5,1,1,9,-1,-1,9,0,0,1,0,0,0,0,1,1,4
2024401395803,2024,401395803,506201,224239,-0.45764,51.90658,3,3,6,15:20,-1,E06000032,4,0,1,0,1,"[3, 5]",4,8,0,0,0,1,0,0,0,0,0,1,5
2024401395837,2024,401395837,506009,248950,-0.45279,52.1287,3,3,4,08:15,-1,E06000055,6,0,1,-1,1,"[7, 19]",-1,-1,0,0,0,1,0,0,0,0,0,1,3
2024401395865,2024,401395865,507408,250515,-0.43186,52.14249,3,3,2,17:04,-1,E06000055,3,2,2,1,1,9,"[3, 7]","[1, 3]",0,"[0, 3]",0,1,0,0,0,0,0,1,1
2024401395988,2024,401395988,509076,220976,-0.4169,51.87669,3,3,5,16:40,-1,E06000032,4,2,1,1,1,"[19, 7]",5,7,0,0,0,0,0,1,0,0,0,1,4
2024401396207,2024,401396207,503877,226154,-0.49083,51.92422,3,3,7,20:00,-1,E06000056,4,2,1,1,2,19,-1,-1,0,0,0,1,0,0,0,0,0,1,6
2024401396322,2024,401396322,508495,224465,-0.42424,51.90817,3,3,6,08:01,-1,E06000032,3,0,1,-1,1,13,-1,-1,0,0,0,1,0,0,0,0,1,1,5
2024401396347,2024,401396347,501761,221761,-0.52289,51.88513,2,"[2, 3]",7,13:52,-1,E06000056,6,0,1,0,1,19,3,7,0,0,0,1,0,0,0,0,0,1,6
2024401396385,2024,401396385,501049,222704,-0.53295,51.89374,3,3,7,20:23,-1,E06000056,6,2,1,0,1,19,"[2, 6]","[6, 2]",0,0,0,1,0,0,0,0,0,1,6
2024401396466,2024,401396466,498715,242270,-0.56124,52.07001,3,3,6,18:45,-1,E06000056,6,2,2,1,2,19,8,4,0,1,9,1,0,0,0,0,0,1,5
2024401396664,2024,401396664,509081,220974,-0.41682,51.87668,3,3,2,18:45,-1,E06000032,4,2,3,-1,1,-1,-1,-1,-1,-1,0,1,0,0,0,0,1,1,8
2024401396805,2024,401396805,506598,250449,-0.44372,52.14206,3,3,3,16:00,-1,E06000055,6,0,1,-1,1,19,-1,-1,0,0,0,1,0,0,0,0,1,1,9
2024401396831,2024,401396831,508725,221304,-0.42189,51.87971,2,2,6,12:03,-1,E06000032,3,0,1,0,1,9,2,6,0,0,0,1,0,0,0,0,1,1,5
2024401396871,2024,401396871,491633,225013,-0.66913,51.91612,3,3,2,15:35,-1,E06000056,6,0,1,0,1,"[11, 14]",-1,-1,0,0,0,1,1,0,0,0,0,1,8
2024401397079,2024,401397079,502958,236413,-0.50112,52.0166,3,3,4,08:15,-1,E06000056,3,0,1,1,2,"[5, 19]",3,7,0,0,0,1,1,0,0,0,0,1,10
2024401397086,2024,401397086,510201,223438,-0.39977,51.8986,3,3,4,15:38,-1,E06000032,6,0,1,0,1,19,5,1,0,0,0,1,0,0,0,0,1,1,10
2024401397132,2024,401397132,507717,224229,-0.43561,51.9062,3,3,3,12:45,-1,E06000032,6,0,1,0,1,"[7, 19]","[4, 1]",6,0,0,0,1,1,0,0,0,0,1,9
2024401397143,2024,401397143,505781,224416,-0.46369,51.90825,3,3,3,09:10,-1,E06000032,4,0,1,0,1,"[4, 19]",1,5,0,0,0,1,0,0,0,0,0,1,9
2024401397233,2024,401397233,501150,221759,-0.53176,51.88522,3,3,3,06:50,-1,E06000056,6,0,1,0,1,19,"[1, 3]","[5, 7]",0,0,0,1,0,0,0,0,0,1,9
2024401397683,2024,401397683,508891,220914,-0.4196,51.87617,3,3,4,23:00,-1,E06000032,6,2,1,1,1,"[5, 19]","[4, 6]","[8, 2]",0,0,0,1,0,0,0,0,0,1,10
2024401398425,2024,401398425,508304,225375,-0.42673,51.91638,3,3,6,07:25,-1,E06000032,3,2,2,1,1,19,"[3, 5]","[7, 1]",0,0,0,1,0,0,0,0,0,1,12
2024401398467,2024,401398467,507596,236001,-0.43369,52.01202,3,3,5,15:10,-1,E06000056,6,0,2,1,2,"[4, 19]",-1,-1,0,0,0,1,0,0,0,0,0,1,4
2024401398471,2024,401398471,490729,224797,-0.68233,51.91432,2,2,2,08:40,-1,E06000056,6,0,1,0,1,"[5, 19]","[4, 2]","[8, 6]",0,"[0, 1]",0,1,1,0,0,0,0,1,8
2024401398755,2024,401398755,511431,222218,-0.3823,51.88739,3,3,7,17:30,-1,E06000032,6,2,1,0,1,"[1, 19]",-1,-1,0,0,0,1,0,1,0,0,0,1,13
2024401398884,2024,401398884,507697,223025,-0.43628,51.89538,3,3,5,17:30,-1,E06000032,3,2,9,-1,1,-1,-1,-1,-1,-1,0,1,0,0,0,1,0,1,11
2024401399354,2024,401399354,496243,238163,-0.59844,52.03353,1,1,3,07:29,-1,E06000056,6,2,1,0,2,19,1,5,0,0,0,1,0,0,0,0,1,1,16
2024401399417,2024,401399417,509547,228423,-0.40769,51.94353,2,"[3, 2]",1,12:55,-1,E06000056,6,0,1,0,2,19,7,3,0,7,1,1,0,0,0,0,0,1,14
2024401399424,2024,401399424,508385,221159,-0.42687,51.87847,3,3,1,01:36,-1,E06000032,6,2,1,0,1,"[19, 9]","[7, 3]","[3, 7]",0,0,0,1,0,0,0,0,0,1,14
2024401399439,2024,401399439,492426,224786,-0.65767,51.91395,3,3,3,02:30,-1,E06000056,3,0,1,-1,1,19,-1,-1,0,0,0,1,0,0,0,0,1,1,16
2024401399884,2024,401399884,505128,222727,-0.47369,51.89319,3,3,4,08:13,-1,E06000032,3,0,1,0,1,-1,-1,-1,-1,-1,0,1,0,0,0,0,1,1,17
2024401399909,2024,401399909,504694,224132,-0.47957,51.9059,3,3,7,22:11,-1,E06000032,1,2,1,0,2,19,1,5,"[11, 0]",0,0,1,0,0,0,0,0,1,13
2024401400002,2024,401400002,505458,249131,-0.46078,52.13043,3,3,2,19:52,-1,E06000055,6,2,1,1,1,"[19, 5]","[5, 7]","[1, 3]",0,0,0,1,1,0,0,0,0,1,15
2024401400013,2024,401400013,499753,224431,-0.55128,51.90949,2,2,3,22:45,-1,E06000056,6,2,8,2,2,19,5,2,10,1,4,1,0,0,0,0,0,1,16
2024401400040,2024,401400040,516405,256586,-0.29837,52.19523,3,3,6,03:10,-1,E06000055,3,2,2,1,1,19,"[5, 1]","[1, 5]",0,0,0,1,0,0,0,0,0,1,12
2024401400055,2024,401400055,515097,247597,-0.32054,52.11473,2,2,7,11:01,-1,E06000056,6,0,1,0,2,19,5,1,0,0,0,1,0,0,0,1,0,1,13
2024401400227,2024,401400227,501281,250414,-0.52139,52.14274,3,3,7,06:03,-1,E06000055,3,2,1,1,2,4,3,7,0,0,0,0,0,1,0,0,0,1,6
2024401400257,2024,401400257,505434,222673,-0.46926,51.89265,3,3,5,06:25,-1,E06000032,1,2,8,2,1,"[19, 13]",1,5,0,0,0,1,0,0,1,0,0,1,18
2024401400261,2024,401400261,505583,244437,-0.46041,52.08822,3,3,5,15:30,-1,E06000055,6,0,1,0,2,19,7,3,0,0,0,1,0,0,0,0,1,1,18
2024401400268,2024,401400268,508574,218458,-0.42498,51.85416,3,3,4,16:04,-1,E06000056,1,0,1,-1,2,-1,-1,-1,-1,-1,0,1,0,0,1,0,0,1,17
2024401400296,2024,401400296,520128,237025,-0.25082,52.01865,3,3,4,18:00,-1,E06000056,3,2,1,-1,2,5,-1,-1,0,0,0,1,0,0,0,0,0,1,17
2024401400297,2024,401400297,505214,249142,-0.46434,52.13058,3,3,6,18:32,-1,E06000055,3,2,1,1,1,"[5, 19]","[7, 1]","[3, 5]",0,0,0,1,0,0,0,0,0,1,5
2024401400306,2024,401400306,498385,248782,-0.56417,52.1286,3,3,4,07:33,-1,E06000055,3,0,8,2,2,"[3, 4]",2,6,0,0,0,1,0,0,0,0,0,1,10
2024401400360,2024,401400360,504094,250112,-0.4804,52.13951,3,3,2,08:50,-1,E06000055,3,2,1,1,1,"[9, 8]",7,"[1, 3]",0,0,0,1,0,0,0,0,0,1,15
2024401401301,2024,401401301,497397,226662,-0.58489,51.92996,3,3,3,06:54,-1,E06000056,3,0,1,0,2,"[3, 19]",4,8,0,9,0,1,0,0,1,0,0,1,16
2024401401630,2024,401401630,497203,236896,-0.58481,52.02198,3,3,2,08:07,-1,E06000056,1,0,1,0,2,4,1,5,0,0,0,1,0,0,0,0,0,1,15
2024401401637,2024,401401637,504897,249947,-0.46872,52.13787,2,"[2, 3]",1,19:15,-1,E06000055,6,2,2,1,1,99,1,5,0,0,0,1,0,0,0,0,1,1,21
2024401401652,2024,401401652,508966,220743,-0.41857,51.87462,3,3,5,16:33,-1,E06000032,4,2,2,1,1,19,8,6,0,0,0,1,0,0,0,0,1,1,11
2024401401675,2024,401401675,505707,244492,-0.45858,52.08869,2,2,3,08:45,-1,E06000055,3,0,1,2,2,9,2,1,0,0,0,0,0,1,0,0,0,1,16
2024401401694,2024,401401694,505753,222667,-0.46463,51.89253,2,"[3, 2]",7,21:30,-1,E06000032,6,2,1,0,1,19,"[5, 1]","[1, 5]",0,"[7, 0]",0,1,0,0,0,0,0,1,20
2024401401730,2024,401401730,509171,219280,-0.41605,51.86143,3,3,5,12:22,-1,E06000032,6,0,1,0,2,19,6,1,0,1,2,1,0,0,0,0,0,1,4
2024401401732,2024,401401732,505574,223713,-0.46691,51.90197,3,3,4,21:09,-1,E06000032,6,2,1,1,1,"[4, 19]",5,1,0,0,0,1,0,0,0,0,0,1,17
2024401401759,2024,401401759,501477,244158,-0.52039,52.08648,3,3,1,14:25,-1,E06000055,6,0,1,0,2,19,6,2,0,1,4,1,0,0,0,0,0,1,14
2024401402005,2024,401402005,508603,221559,-0.42358,51.88203,3,3,5,20:57,-1,E06000032,3,2,8,1,1,19,5,1,0,0,0,1,0,0,0,0,0,1,18
2024401402082,2024,401402082,508023,221517,-0.43202,51.88176,3,3,6,16:45,-1,E06000032,6,0,1,0,1,"[2, 19]",3,7,0,0,0,1,0,0,0,1,0,1,19
2024401402101,2024,401402101,506857,223259,-0.44841,51.89764,3,3,2,07:00,-1,E06000032,3,2,1,1,1,9,-1,-1,0,0,0,1,0,0,0,0,1,1,22
2024401402512,2024,401402512,493912,240631,-0.63174,52.05611,3,3,7,02:50,-1,E06000056,6,2,1,1,2,19,6,2,0,7,9,1,0,0,0,0,0,1,13
2024401402565,2024,401402565,509003,220148,-0.41822,51.86927,3,3,6,13:15,-1,E06000032,6,0,1,0,1,"[7, 19]","[1, 5]","[5, 1]",0,0,0,1,1,0,0,0,0,1,19
2024401402601,2024,401402601,509917,237379,-0.39944,52.02395,2,"[3, 2]",3,16:40,-1,E06000056,3,2,5,1,2,19,"[3, 7]","[7, 3]",0,0,0,1,0,0,0,0,0,1,2
2024401402611,2024,401402611,506081,243091,-0.45356,52.07603,2,2,6,22:20,-1,E06000055,3,2,1,0,2,19,"[1, 5]","[5, 1]",0,"[1, 7]",0,1,0,1,0,0,0,1,19
2024401402794,2024,401402794,505665,249194,-0.45773,52.13096,2,2,3,22:14,-1,E06000055,3,2,1,2,1,"[9, 7]","[1, 3]","[5, 1]",0,0,0,1,0,0,0,0,0,1,16
2024401402886,2024,401402886,506128,247404,-0.45153,52.11478,3,3,2,16:47,-1,E06000055,6,2,1,1,2,"[4, 19]","[3, 7]","[7, 3]",0,0,0,1,0,1,0,0,0,1,22
2024401403731,2024,401403731,520767,242475,-0.23959,52.06749,2,2,1,08:15,-1,E06000056,3,0,1,1,2,19,1,5,0,1,9,1,0,0,0,0,0,1,21
2024401403734,2024,401403734,502300,246138,-0.50779,52.10413,3,3,3,18:30,-1,E06000055,3,2,1,0,2,19,7,3,0,0,0,1,0,0,0,0,0,1,16
2024401403810,2024,401403810,494915,233126,-0.61919,51.98849,3,3,3,17:27,-1,E06000056,6,2,1,1,2,"[3, 19]",7,3,0,0,0,1,0,0,0,0,0,1,23
2024401403844,2024,401403844,511343,223101,-0.38329,51.89535,3,3,6,08:45,-1,E06000032,6,0,1,0,1,5,3,7,0,0,0,0,0,0,0,1,1,1,26
2024401403903,2024,401403903,495480,237530,-0.60974,52.02797,3,3,4,17:30,-1,E06000056,1,2,1,0,2,19,-1,-1,0,"[8, 0]","[7, 0]",1,0,0,1,0,0,1,24
2024401404316,2024,401404316,505760,222244,-0.46466,51.88873,3,3,4,10:15,-1,E06000032,6,0,1,0,1,3,7,3,0,0,0,1,0,0,0,0,1,1,24
2024401404335,2024,401404335,508854,221757,-0.41987,51.88376,3,3,2,19:51,-1,E06000032,3,2,1,1,1,4,3,7,0,0,0,1,0,0,0,0,0,1,29
2024401404359,2024,401404359,509128,220952,-0.41615,51.87647,3,3,1,16:58,-1,E06000032,6,0,1,0,1,19,-1,-1,0,0,0,1,0,0,0,0,1,1,28
2024401404393,2024,401404393,507554,221379,-0.43887,51.88061,2,"[3, 2]",4,16:35,-1,E06000032,6,0,1,0,2,19,"[7, 3]","[3, 7]",0,0,0,1,0,0,0,0,0,1,24
2024401404440,2024,401404440,509166,220884,-0.41562,51.87585,3,3,1,18:00,-1,E06000032,6,2,1,0,1,19,5,1,0,0,0,1,0,0,0,0,0,1,7
2024401404468,2024,401404468,508761,239155,-0.41572,52.04014,3,3,3,16:00,-1,E06000056,6,0,5,1,2,19,"[4, 2]","[2, 4]",0,0,0,0,0,0,1,0,0,1,23
2024401404798,2024,401404798,506978,222535,-0.44688,51.89111,3,3,7,00:07,-1,E06000032,3,2,8,0,1,19,"[1, 3]","[5, 7]","[4, 0]",0,0,1,0,0,0,0,0,1,20
2024401404843,2024,401404843,504529,246515,-0.47515,52.1071,2,2,4,12:59,-1,E06000055,3,0,4,0,2,"[3, 19]",5,1,0,0,0,1,0,0,0,0,0,1,24
2024401404845,2024,401404845,505464,222458,-0.46889,51.89071,3,3,3,17:50,-1,E06000032,1,2,1,0,1,19,1,5,0,0,0,1,0,0,0,0,0,1,30
2024401404855,2024,401404855,504692,234417,-0.47647,51.99834,2,2,6,14:35,-1,E06000056,6,0,1,0,2,"[9, 19]","[8, 6]","[4, 3]",0,0,0,1,1,0,0,0,0,1,26