collision_index,collision_year,collision_ref_no,location_easting_osgr,location_northing_osgr,longitude,latitude,casualty_severity,casualty_severity,day_of_week,time,local_authority_district,local_authority_ons_district,first_road_class,light_conditions,weather_conditions,road_surface_conditions,urban_or_rural_area,vehicle_manoeuvre,vehicle_direction_from,vehicle_direction_to,hit_object_in_carriageway,vehicle_leaving_carriageway,hit_object_off_carriageway,is_car,is_cyle,is_mcyle,is_goodsv,is_other,is_pedestrian,month,day
2024401443068,2024,401443068,499532,242065,-0.54938,52.06802,3,3,3,17:58,-1,E06000056,3,0,1,0,2,12,6,2,0,5,6,1,0,0,0,0,0,5,7
2024401443106,2024,401443106,516108,254589,-0.3034,52.17735,3,3,2,11:44,-1,E06000055,3,0,1,0,2,19,5,1,0,0,0,0,0,0,0,1,0,4,29
2024401443173,2024,401443173,504398,251323,-0.47558,52.15033,3,3,5,14:05,-1,E06000055,6,0,1,0,1,"[1, 2]",-1,-1,"[11, 0]",0,0,1,0,0,0,0,0,5,9
2024401443244,2024,401443244,496120,242920,-0.5989,52.07631,3,3,3,20:15,-1,E06000056,6,0,1,0,2,"[4, 19]","[1, 2]",6,0,0,0,0,1,1,0,0,0,5,14
2024401443493,2024,401443493,506321,219739,-0.45728,51.86611,3,3,2,15:01,-1,E06000056,6,0,2,1,2,"[19, 9, 10]","[-1, 4]","[-1, 5]","[0, -1]","[0, -1]",0,1,0,0,0,0,0,5,6
2024401443534,2024,401443534,506125,224294,-0.45873,51.90708,3,3,6,16:25,-1,E06000032,6,0,1,0,1,"[19, 99]","[2, 8]","[6, 4]",0,0,0,1,0,0,0,0,0,5,10
2024401443638,2024,401443638,511220,223167,-0.38506,51.89596,3,3,1,14:11,-1,E06000032,6,0,1,0,1,19,8,4,0,0,0,1,0,0,0,0,0,5,12
2024401443657,2024,401443657,521050,236948,-0.23742,52.01776,3,3,4,15:45,-1,E06000056,6,0,1,0,2,"[19, -1]",-1,-1,"[0, -1]","[0, -1]",0,1,0,0,0,0,0,5,15
2024401443690,2024,401443690,504459,249634,-0.47521,52.13514,3,3,2,07:02,-1,E06000055,6,0,1,0,1,19,"[1, 4]","[8, 6]",0,0,0,1,0,0,0,0,0,4,29
2024401443939,2024,401443939,506798,248542,-0.44139,52.12488,3,3,1,09:22,-1,E06000055,4,0,1,0,1,"[7, 8]",4,7,0,0,0,1,0,1,0,0,0,5,12
2024401443966,2024,401443966,502417,222656,-0.51309,51.89306,3,3,7,08:30,-1,E06000056,3,0,1,0,1,"[6, 5]","[1, 2]",5,0,0,0,1,1,0,0,0,0,5,11
2024401443988,2024,401443988,506397,222070,-0.45546,51.88704,3,3,1,14:22,-1,E06000032,6,0,2,1,1,1,3,7,0,0,0,1,0,0,0,0,1,4,28
2024401444016,2024,401444016,493915,227044,-0.63541,51.93399,3,3,7,18:01,-1,E06000056,6,0,1,0,2,"[19, 5]","[3, 1]","[7, 5]",0,"[0, 8]",0,1,0,0,0,0,0,5,11
2024401444053,2024,401444053,505747,225439,-0.46387,51.91745,3,3,4,19:40,-1,E06000032,6,0,1,-1,1,-1,-1,-1,-1,-1,0,1,0,0,0,0,0,5,15
2024401444064,2024,401444064,504686,249581,-0.47191,52.13462,3,3,6,20:56,-1,E06000055,6,2,1,0,1,19,5,5,0,0,0,1,0,0,0,0,0,5,10
2024401444092,2024,401444092,505286,249023,-0.46332,52.12949,3,3,5,16:30,-1,E06000055,6,0,1,-1,1,-1,-1,-1,-1,-1,0,1,0,0,0,0,0,5,16
2024401444100,2024,401444100,508906,222121,-0.419,51.88702,3,3,7,06:48,-1,E06000032,6,0,1,0,1,19,1,5,10,7,11,1,0,0,0,0,0,5,11
2024401444946,2024,401444946,510337,221926,-0.39828,51.88499,3,3,3,08:45,-1,E06000032,6,0,2,1,1,"[19, 1]","[1, 7]","[5, 3]",0,0,0,1,0,0,0,0,0,5,14
2024401445519,2024,401445519,500388,224603,-0.542,51.91092,3,3,6,22:45,-1,E06000056,6,2,1,0,2,"[19, 9]","[5, 3]",1,0,"[0, 1]","[0, 1]",1,0,0,0,0,0,5,17
2024401445521,2024,401445521,495525,237537,-0.60908,52.02803,3,3,4,17:01,-1,E06000056,1,0,1,0,2,"[11, 19]",8,4,0,0,0,1,0,0,0,0,0,5,15
2024401445884,2024,401445884,513566,219399,-0.35222,51.86163,3,3,1,16:47,-1,E06000056,6,0,1,0,2,19,"[7, 4]","[3, 8]",0,0,0,1,0,0,0,0,0,5,12
2024401445925,2024,401445925,508052,221293,-0.43167,51.87974,3,3,6,15:08,-1,E06000032,6,0,1,0,1,5,3,7,0,0,0,1,0,0,0,0,1,5,10
2024401446142,2024,401446142,507827,220594,-0.43515,51.8735,3,3,5,16:23,-1,E06000032,6,0,1,0,1,"[2, 19]","[0, 4]","[0, 8]",0,0,0,1,0,0,0,0,0,5,16
2024401446345,2024,401446345,507963,222479,-0.43259,51.89042,2,"[2, 3]",4,21:08,-1,E06000032,4,2,1,0,1,"[2, 19]","[0, 8]","[0, 5]","[0, 4]",0,0,1,0,0,0,0,0,3,27
2024401447128,2024,401447128,510984,220459,-0.38936,51.87167,3,3,3,17:00,-1,E06000032,3,0,2,1,1,19,2,6,0,0,0,1,0,0,0,0,0,5,21
2024401447198,2024,401447198,507284,224024,-0.44197,51.90444,2,"[3, 2]",3,14:41,-1,E06000032,6,0,2,1,1,"[2, 19]","[0, 2]","[0, 6]","[0, 10]",0,0,1,0,0,0,0,1,5,21
2024401447210,2024,401447210,520526,237240,-0.24495,52.0205,3,3,3,16:12,-1,E06000056,6,0,2,1,2,-1,-1,-1,-1,-1,0,1,0,0,0,0,0,5,21
2024401447563,2024,401447563,515911,255367,-0.30601,52.18438,2,2,5,18:40,-1,E06000055,3,0,1,0,2,"[5, 11]",1,7,0,0,0,0,0,1,1,0,0,5,9
2024401447565,2024,401447565,503621,235180,-0.49183,52.00539,3,3,4,15:35,-1,E06000056,6,0,2,1,1,19,5,1,0,0,0,1,0,0,0,1,0,5,22
2024401447569,2024,401447569,495577,223553,-0.61221,51.90233,3,3,4,10:45,-1,E06000056,6,0,2,1,2,"[4, 19]","[0, 5]","[0, 1]","[0, 4]",0,0,1,0,0,1,0,0,5,22
2024401447639,2024,401447639,501103,222754,-0.53215,51.89418,3,3,4,10:54,-1,E06000056,4,0,2,1,1,7,2,6,10,0,0,1,0,0,0,0,0,5,22
2024401447652,2024,401447652,516384,241252,-0.30392,52.05744,3,3,5,06:33,-1,E06000056,4,0,1,0,2,"[19, 5]","[1, 5]","[5, 1]",0,0,0,1,0,0,0,0,0,5,2
2024401448910,2024,401448910,508463,235615,-0.42118,52.00838,2,"[2, 3]",1,12:22,-1,E06000056,3,0,1,0,2,19,"[5, 1]","[1, 5]",0,0,0,1,0,0,0,0,0,5,12
2024401448957,2024,401448957,523238,236416,-0.20574,52.0125,3,3,7,11:58,-1,E06000056,3,0,1,-1,2,-1,-1,-1,-1,-1,0,1,0,0,0,0,0,5,25
2024401449232,2024,401449232,511827,218620,-0.37771,51.85498,2,"[3, 2]",3,08:17,-1,E06000056,4,0,1,0,2,19,"[3, 1]","[1, 3]",0,0,0,1,0,0,0,0,0,5,21
2024401449334,2024,401449334,502186,223154,-0.5163,51.89757,3,3,6,19:25,-1,E06000056,6,0,1,0,1,"[19, 5]","[6, 7]","[1, 3]",0,"[7, 0]","[11, 0]",1,0,0,0,0,0,5,17
2024401449336,2024,401449336,503118,236803,-0.49867,52.02008,3,3,3,08:55,-1,E06000056,6,0,2,1,1,"[9, 19]","[3, 1, 5]","[1, 5]",0,0,0,1,0,0,0,0,0,5,14
2024401449340,2024,401449340,495053,260634,-0.60951,52.2357,3,3,1,13:30,-1,E06000055,6,0,1,0,2,19,1,5,0,0,0,1,0,0,0,0,1,5,26
2024401449344,2024,401449344,508678,222592,-0.42217,51.8913,2,2,4,09:00,-1,E06000032,6,0,2,1,1,"[19, 2]","[5, 0]","[7, 0]",0,0,0,1,0,0,0,0,0,5,22
2024401449356,2024,401449356,502154,247218,-0.5096,52.11386,3,3,5,07:49,-1,E06000055,4,0,1,1,1,"[19, 9]","[3, 4]","[7, 3]",0,"[1, 0]",0,1,0,0,0,0,0,5,23
2024401449373,2024,401449373,504713,249027,-0.47169,52.12964,3,3,6,14:30,-1,E06000055,3,0,1,0,1,3,4,1,0,0,0,1,0,0,0,0,0,4,26
2024401449390,2024,401449390,493448,224727,-0.64283,51.91324,3,3,3,06:35,-1,E06000056,6,0,1,0,1,19,7,3,11,7,4,1,0,0,0,0,0,5,7
2024401449423,2024,401449423,508443,219012,-0.4267,51.85917,3,3,6,14:45,-1,E06000032,4,0,9,-1,2,-1,-1,-1,-1,-1,0,1,0,0,0,0,1,5,24
2024401449437,2024,401449437,506744,223679,-0.44992,51.90144,3,3,6,13:00,-1,E06000032,4,0,1,0,1,19,-1,-1,0,0,0,1,1,0,0,0,0,5,24
2024401449439,2024,401449439,502552,249059,-0.50324,52.13033,3,3,4,08:19,-1,E06000055,6,0,1,0,2,1,5,1,0,0,0,1,0,0,0,0,1,5,15
2024401449444,2024,401449444,502397,246065,-0.5064,52.10345,3,3,5,14:30,-1,E06000055,3,0,1,0,2,"[4, 8]","[7, 3]",1,0,0,0,1,0,0,1,0,0,4,25
2024401449527,2024,401449527,507111,239738,-0.43959,52.0457,3,3,4,17:18,-1,E06000056,3,0,1,0,2,"[19, 9]","[5, 7]","[1, 3]",0,0,0,1,0,0,0,0,0,3,27
2024401449549,2024,401449549,515141,244872,-0.32082,52.09023,2,"[2, 3]",4,11:30,-1,E06000056,6,0,1,0,2,19,"[7, 4]","[3, 7]",0,0,0,1,0,0,0,0,0,5,8
2024401449702,2024,401449702,522843,249676,-0.20673,52.13174,2,2,1,16:10,-1,E06000056,4,0,1,0,2,"[9, 13]",1,"[7, 5]",0,0,0,1,1,0,0,0,0,5,12
2024401449735,2024,401449735,503963,250810,-0.4821,52.1458,3,3,3,09:10,-1,E06000055,3,0,1,0,1,"[19, 9]","[5, 2]","[2, 8]",0,0,0,1,0,0,0,0,0,5,7
2024401449780,2024,401449780,504930,222902,-0.47652,51.8948,3,3,4,13:38,-1,E06000032,6,0,2,1,1,"[19, 2]","[8, 0]","[4, 0]","[4, 0]",0,0,1,0,0,0,0,0,5,22
2024401449784,2024,401449784,509291,223204,-0.41307,51.89668,3,3,4,20:13,-1,E06000032,3,0,1,-1,1,-1,-1,-1,-1,-1,0,1,0,0,0,0,0,5,29
2024401449839,2024,401449839,495850,237261,-0.60442,52.02549,2,2,6,15:33,-1,E06000056,3,0,1,0,2,19,"[3, 1]","[8, 7]",0,0,0,1,0,1,0,0,0,5,10
2024401449933,2024,401449933,493837,232533,-0.63505,51.98334,3,3,7,09:14,-1,E06000056,6,0,1,0,2,19,6,2,12,0,0,0,0,1,0,0,0,5,25
2024401449948,2024,401449948,508012,222236,-0.43195,51.88823,3,3,4,13:32,-1,E06000032,4,0,1,0,1,19,4,8,4,0,0,1,0,0,0,0,1,5,29
2024401450116,2024,401450116,505611,249194,-0.45852,52.13097,3,3,6,20:10,-1,E06000055,3,0,1,0,1,"[4, 99, 19]",-1,-1,0,0,0,1,0,0,0,0,0,5,24
2024401450211,2024,401450211,507068,248004,-0.43762,52.11999,3,3,2,01:56,-1,E06000055,6,2,1,0,1,19,2,6,0,0,0,1,0,1,0,0,0,5,6
2024401450318,2024,401450318,504938,227012,-0.47515,51.93174,3,3,4,13:30,-1,E06000056,6,0,2,1,2,19,3,7,0,7,0,1,0,0,0,0,0,5,22
2024401450319,2024,401450319,502760,229127,-0.50618,51.95115,3,3,5,11:50,-1,E06000056,1,0,1,0,2,4,1,5,0,0,0,1,0,0,0,0,0,5,23
2024401450341,2024,401450341,505519,222120,-0.4682,51.88766,3,3,5,16:00,-1,E06000056,3,0,1,0,2,"[6, 13]","[7, 3]","[3, 7]",0,0,0,1,0,1,0,0,0,5,23
2024401451104,2024,401451104,508072,251327,-0.42191,52.14966,3,3,7,23:27,-1,E06000055,6,2,1,0,1,"[19, 2]","[1, 0]","[5, 0]","[10, 0]",0,0,1,0,0,0,0,0,5,4
2024401451156,2024,401451156,509004,221386,-0.41781,51.88039,3,3,5,23:15,-1,E06000032,6,2,1,0,1,"[-1, 19]","[-1, 4]","[-1, 8]","[-1, 0]","[-1, 0]",0,1,0,1,0,0,0,5,23
2024401451262,2024,401451262,521946,249187,-0.22,52.12755,3,3,3,18:30,-1,E06000056,6,0,1,0,2,"[19, 5]","[3, 5]","[7, 1]",0,0,0,1,0,0,0,0,0,5,7
2024401451294,2024,401451294,508770,248929,-0.41248,52.12798,3,3,3,00:36,-1,E06000055,3,2,2,1,2,19,"[3, 7]","[7, 3]",0,0,0,1,0,0,1,0,0,5,21
2024401451431,2024,401451431,500406,221442,-0.54266,51.88251,3,3,1,18:42,-1,E06000056,6,0,1,0,1,19,7,3,0,0,0,1,0,0,0,0,0,5,26
2024401451530,2024,401451530,508925,221311,-0.41898,51.87974,3,3,4,15:31,-1,E06000032,6,0,1,0,1,"[5, 19]",6,"[3, 2]",0,0,0,1,1,0,0,0,0,5,29
2024401451576,2024,401451576,502532,237308,-0.50706,52.02472,3,3,4,07:00,-1,E06000056,3,0,1,0,2,19,1,5,0,0,0,1,0,0,0,0,0,5,29
2024401451935,2024,401451935,508767,222127,-0.42102,51.8871,2,2,4,00:06,-1,E06000032,6,2,2,1,1,19,"[7, 1]","[3, 5]",0,0,0,1,1,0,0,0,0,5,22
2024401451982,2024,401451982,508743,222745,-0.42117,51.89266,3,3,7,01:46,-1,E06000032,3,2,1,-1,1,-1,-1,-1,-1,-1,0,1,0,0,0,0,0,6,1
2024401452010,2024,401452010,495567,237423,-0.6085,52.027,2,2,3,22:46,-1,E06000056,3,2,2,1,2,3,1,7,0,"[7, 0]","[10, 0]",1,0,0,0,0,0,5,28
2024401452069,2024,401452069,505108,224328,-0.47349,51.90758,3,3,3,15:40,-1,E06000032,6,0,2,1,1,19,"[2, 1]","[6, 5]",0,0,0,1,1,0,0,0,0,6,4
2024401452386,2024,401452386,504480,250016,-0.47479,52.13857,2,2,3,14:08,-1,E06000055,3,0,1,0,1,"[7, 13]",5,"[3, 1]",0,0,0,1,0,1,0,0,0,4,30
2024401452481,2024,401452481,508157,231089,-0.42707,51.96776,3,3,7,20:04,-1,E06000056,4,0,1,0,2,-1,-1,-1,-1,-1,0,1,0,0,0,0,0,6,1
2024401452554,2024,401452554,504058,248170,-0.48152,52.12206,3,3,7,12:30,-1,E06000055,6,0,1,0,1,-1,-1,-1,-1,-1,0,1,0,0,0,0,0,6,1
2024401452793,2024,401452793,504022,222395,-0.48986,51.89041,3,3,6,16:50,-1,E06000056,3,0,1,0,1,"[19, 4]",7,3,0,0,0,1,0,0,1,0,0,5,31
2024401452877,2024,401452877,500628,260268,-0.52801,52.23142,3,3,3,07:25,-1,E06000055,3,0,1,0,2,"[3, 19]",1,5,0,0,0,1,0,0,0,0,0,6,4
2024401452981,2024,401452981,509888,232414,-0.40146,51.97933,2,"[2, 3]",6,11:18,-1,E06000056,6,0,8,0,2,19,"[6, 2]","[2, 5]",0,0,0,1,0,0,0,0,0,5,31
2024401453786,2024,401453786,510451,221826,-0.39666,51.88406,3,3,4,18:34,-1,E06000032,6,0,1,0,1,"[19, 2]","[6, 0]","[2, 0]",0,0,0,1,0,0,0,0,0,6,5
2024401453802,2024,401453802,507498,223227,-0.43911,51.89723,3,3,6,05:55,-1,E06000032,6,0,9,-1,1,-1,-1,-1,-1,-1,0,1,0,0,0,0,1,6,7
2024401453814,2024,401453814,507772,223793,-0.43495,51.90227,3,3,6,19:55,-1,E06000032,6,2,1,0,1,"[6, 13]",3,7,0,0,0,1,0,0,0,0,0,5,10
2024401453890,2024,401453890,500807,226188,-0.53545,51.92509,3,3,7,16:41,-1,E06000056,4,0,1,0,2,19,1,5,0,8,9,1,0,0,0,0,0,6,1
2024401453950,2024,401453950,503575,237189,-0.4919,52.02346,3,3,2,21:27,-1,E06000056,6,2,1,0,1,5,7,3,0,7,10,1,0,0,0,0,0,6,3
2024401454241,2024,401454241,507666,225238,-0.43604,51.91527,3,3,7,21:35,-1,E06000032,6,2,1,0,1,"[13, 19]",7,3,0,0,0,1,1,0,0,0,0,5,25
2024401454242,2024,401454242,505489,222763,-0.46844,51.89345,3,3,5,11:12,-1,E06000032,3,0,1,0,1,19,8,3,0,0,0,1,1,0,0,0,0,5,23
2024401454278,2024,401454278,497377,226691,-0.58517,51.93022,3,3,7,18:26,-1,E06000056,3,0,1,0,2,"[4, 13]","[8, 4]","[4, 8]",0,0,0,1,0,0,0,0,0,6,8
2024401454279,2024,401454279,504733,249134,-0.47136,52.1306,3,3,1,00:33,-1,E06000055,3,2,1,0,1,"[19, 3]",6,2,0,0,0,1,0,0,0,0,0,6,9
2024401454324,2024,401454324,509097,223201,-0.41589,51.89669,3,3,5,18:14,-1,E06000032,3,0,1,0,1,5,"[3, 7]","[1, 3]",0,0,0,1,0,0,0,1,0,5,30
2024401454329,2024,401454329,506357,250250,-0.4473,52.14032,3,3,3,10:55,-1,E06000055,3,0,1,0,1,"[19, 5]","[7, 1]",3,0,0,0,1,0,0,0,0,0,6,4
2024401454349,2024,401454349,506390,222503,-0.45543,51.89094,3,3,2,14:24,-1,E06000032,6,0,8,-1,1,-1,-1,-1,-1,-1,0,1,0,0,0,0,0,6,10
2024401454377,2024,401454377,509031,219698,-0.41795,51.86522,3,3,7,05:13,-1,E06000032,6,0,1,0,2,19,7,3,0,0,0,1,0,0,0,0,0,6,1
2024401454769,2024,401454769,494279,225993,-0.63041,51.92448,3,3,5,16:57,-1,E06000056,6,0,9,-1,2,19,"[8, 4]","[4, 8]","[0, 10]","[0, 1]",0,1,0,0,1,0,0,6,6
2024401454789,2024,401454789,504389,223098,-0.48431,51.89666,2,2,6,16:20,-1,E06000032,6,0,1,0,1,-1,-1,-1,-1,-1,0,1,1,0,0,0,0,6,7
2024401454912,2024,401454912,508831,220727,-0.42053,51.8745,3,3,4,20:00,-1,E06000032,6,0,1,0,1,19,"[4, 6]","[8, 2]",0,0,0,1,1,0,0,0,0,6,5
2024401455187,2024,401455187,507819,222003,-0.43483,51.88617,3,3,3,15:30,-1,E06000032,6,0,1,0,1,"[19, 2]","[-1, 0]","[-1, 0]",0,0,0,1,0,0,0,0,0,6,11
2024401455250,2024,401455250,506403,249407,-0.44689,52.13273,3,3,4,15:40,-1,E06000055,3,0,1,0,1,19,"[2, 6]","[6, 2]",0,0,0,1,0,0,0,0,0,6,5
2024401455288,2024,401455288,504076,235001,-0.48526,52.0037,3,3,3,10:50,-1,E06000056,6,0,1,0,1,"[19, 2]","[2, 0]","[6, 0]","[4, 0]",0,0,1,0,0,0,0,0,6,4
2024401455611,2024,401455611,508735,223324,-0.42111,51.89786,3,3,7,12:49,-1,E06000032,3,0,1,0,1,4,1,5,0,0,0,1,0,0,0,0,0,6,8
2024401455671,2024,401455671,501685,221618,-0.52403,51.88386,3,3,6,02:03,-1,E06000056,6,2,1,0,1,"[2, 19, -1]","[0, 2, -1]","[0, 6, -1]","[0, -1]","[0, -1]",0,1,0,0,0,0,0,6,7
2024401455713,2024,401455713,502286,221466,-0.51535,51.88238,3,3,3,18:00,-1,E06000056,3,0,2,1,1,"[8, 19]","[8, 1]","[3, 5]",0,0,0,1,0,0,0,0,0,6,4
2024401456565,2024,401456565,502939,223441,-0.50528,51.90002,3,3,4,15:55,-1,E06000056,3,0,1,0,1,"[9, -1]","[4, -1]","[6, -1]","[0, -1]","[0, -1]",0,1,0,1,0,0,0,6,5
2024401456579,2024,401456579,509484,221511,-0.4108,51.88142,3,3,2,11:55,-1,E06000032,6,0,1,0,1,"[19, 5]","[5, 3]","[1, 7]",0,"[1, 0]",0,1,0,0,1,0,0,6,10
2024401456645,2024,401456645,504258,224971,-0.48565,51.91352,3,3,6,20:30,-1,E06000056,1,0,1,0,2,-1,-1,-1,-1,-1,0,1,0,0,1,0,0,6,14
2024401456669,2024,401456669,503677,249150,-0.48678,52.13094,3,3,6,23:10,-1,E06000055,6,2,1,-1,1,-1,-1,-1,-1,-1,0,0,0,0,0,0,1,6,14
2024401456801,2024,401456801,503616,223658,-0.49538,51.90184,3,3,6,11:57,-1,E06000032,6,0,1,0,1,"[3, 1]","[2, 7]","[7, 8]",0,0,0,1,0,0,0,0,0,6,14
2024401457035,2024,401457035,519482,245285,-0.25734,52.09302,3,3,6,22:05,-1,E06000056,6,2,1,0,1,"[7, 19]","[4, 6]","[6, 2]",0,"[0, 1]",0,1,0,0,0,0,1,5,31
2024401457056,2024,401457056,516823,257818,-0.29183,52.20621,3,3,3,07:59,-1,E06000055,3,0,1,0,2,19,2,6,0,0,0,1,0,0,0,0,1,6,11
2024401457067,2024,401457067,505407,222089,-0.46983,51.8874,2,2,4,17:43,-1,E06000056,3,0,1,0,2,"[19, 6]","[3, 7]","[7, 3]",0,0,0,1,0,1,0,0,0,6,5
2024401457095,2024,401457095,514967,254669,-0.32005,52.17831,3,3,4,18:28,-1,E06000055,6,0,1,0,2,"[9, 19]","[5, 1]","[3, 5]",0,0,0,1,0,0,0,0,0,6,5
2024401457125,2024,401457125,502000,223952,-0.51877,51.90478,3,3,4,10:44,-1,E06000056,6,0,2,1,1,"[3, -1]","[1, -1]","[5, -1]","[0, -1]","[0, -1]",0,1,0,0,0,0,0,5,22
2024401457132,2024,401457132,495442,221865,-0.61464,51.88718,3,3,1,16:10,-1,E06000056,6,0,1,0,2,"[3, 1]","[7, 4]","[4, 7]","[0, 4]","[0, -1]",0,1,0,0,0,0,0,6,9
2024401457133,2024,401457133,502182,242840,-0.5105,52.07451,2,2,3,09:04,-1,E06000055,6,0,1,0,2,19,3,7,0,4,4,1,0,0,0,0,0,4,30
2024401457146,2024,401457146,506343,223826,-0.4557,51.90284,3,3,1,16:20,-1,E06000032,6,0,1,0,1,"[4, 19]","[6, 8]","[2, 6]",0,0,0,1,1,0,0,0,0,6,16
2024401457246,2024,401457246,506148,247282,-0.45128,52.11368,3,3,4,17:27,-1,E06000055,3,0,1,0,1,4,6,2,0,0,0,1,0,0,0,0,0,6,5
2024401457423,2024,401457423,504343,222464,-0.48517,51.89097,3,3,7,17:45,-1,E06000056,3,0,1,0,1,-1,-1,-1,-1,-1,0,1,0,0,0,0,0,6,15
2024401457523,2024,401457523,508226,219096,-0.42983,51.85996,1,1,2,17:45,-1,E06000056,1,0,1,0,2,"[11, 19]",1,5,0,0,0,1,0,0,1,0,0,6,10
2024401457554,2024,401457554,519434,245217,-0.25807,52.09242,3,3,3,21:35,-1,E06000056,6,2,2,1,1,19,"[-1, 8]","[-1, 4]",0,0,0,1,1,0,0,0,0,5,28
2024401457574,2024,401457574,507396,250104,-0.43217,52.1388,3,3,4,17:18,-1,E06000055,6,0,1,0,1,19,"[1, 5]","[5, 1]",0,0,0,1,0,0,0,0,0,5,1
2024401457613,2024,401457613,502903,223453,-0.5058,51.90013,2,2,1,00:35,-1,E06000056,3,2,1,1,1,19,"[3, 7]","[1, 3]",0,0,0,1,0,1,0,0,0,6,16
2024401457625,2024,401457625,500747,224950,-0.53668,51.91398,2,2,2,20:00,-1,E06000056,6,0,1,0,2,"[19, 5]","[3, 1]","[7, 5]",0,0,0,1,0,0,0,0,0,6,17
2024401458303,2024,401458303,504999,222996,-0.47548,51.89563,3,3,4,08:26,-1,E06000032,6,0,1,0,1,19,3,7,0,0,0,1,0,0,0,0,1,6,19
2024401458395,2024,401458395,507611,223120,-0.4375,51.89625,3,3,4,16:41,-1,E06000032,6,0,1,0,1,"[2, 19, 1]","[0, 6, 2]","[0, 2, 6]","[0, 4]",0,0,1,0,0,0,0,0,6,19
2024401458405,2024,401458405,505567,225115,-0.46658,51.91457,3,3,3,14:57,-1,E06000032,6,0,1,0,1,"[19, 9]","[5, 3]","[1, 5]",0,0,0,1,0,1,0,0,0,6,18
2024401458436,2024,401458436,503872,248417,-0.48416,52.12431,3,3,2,15:54,-1,E06000055,4,0,1,0,1,"[19, 9]","[2, 4]","[6, 2]",0,0,0,1,0,0,0,0,0,6,17
2024401459233,2024,401459233,520281,244314,-0.24603,52.08412,2,2,1,08:15,-1,E06000056,6,0,1,-1,2,-1,-1,-1,-1,-1,0,1,1,0,0,0,0,6,2
2024401459316,2024,401459316,505451,250230,-0.46054,52.14031,3,3,6,15:50,-1,E06000055,3,0,1,0,1,"[19, 12]",7,5,0,0,0,1,0,0,0,0,0,6,21
2024401459323,2024,401459323,507700,223821,-0.43599,51.90253,3,3,5,17:20,-1,E06000032,6,0,1,1,1,"[9, 5]","[1, 5]","[7, 1]",0,0,0,1,0,0,0,0,0,6,13
2024401459332,2024,401459332,516536,248987,-0.29906,52.12692,3,3,1,17:00,-1,E06000056,3,0,1,0,1,"[3, 19]",5,1,0,0,0,1,0,0,1,0,0,6,16
2024401459893,2024,401459893,499887,248277,-0.54238,52.12379,3,3,1,16:08,-1,E06000055,4,0,1,0,2,19,1,5,0,0,0,0,0,1,0,0,0,6,16
2024401459941,2024,401459941,510472,221850,-0.39635,51.88428,3,3,1,18:55,-1,E06000032,6,0,1,0,1,19,"[2, 6]","[6, 2]",0,0,0,1,0,0,0,0,0,6,23
2024401460363,2024,401460363,500967,217813,-0.53557,51.84979,3,3,2,15:40,-1,E06000056,6,0,1,0,2,19,"[3, 7]","[7, 3]",0,"[1, 0]",0,1,0,0,1,0,0,6,17
2024401460385,2024,401460385,511711,221972,-0.37831,51.88513,3,3,1,12:54,-1,E06000032,6,0,1,0,1,"[10, 9]",3,1,0,0,0,1,0,0,0,0,0,6,23
2024401460421,2024,401460421,503127,236886,-0.49851,52.02082,2,2,5,07:55,-1,E06000056,6,0,1,0,1,5,7,3,0,0,0,1,0,0,0,0,1,6,20
2024401460428,2024,401460428,503988,250804,-0.48173,52.14575,3,3,4,14:25,-1,E06000055,3,0,1,0,1,"[9, 4]","[1, 7]","[7, 3]",0,0,0,1,0,0,0,0,0,6,19
2024401460477,2024,401460477,507455,221366,-0.44031,51.88051,3,3,6,05:49,-1,E06000032,6,0,1,0,2,19,3,7,7,1,0,1,0,0,0,0,0,6,21
2024401460761,2024,401460761,503523,251212,-0.4884,52.1495,2,2,4,17:23,-1,E06000055,3,0,1,0,2,"[2, 19]",8,4,0,0,0,1,1,0,0,0,0,6,19
2024401460816,2024,401460816,504528,249663,-0.47419,52.13539,3,3,4,06:40,-1,E06000055,6,0,1,0,1,"[-1, 3]","[-1, 5]","[-1, 1]","[-1, 0]","[-1, 0]",0,1,0,0,0,0,0,6,26
2024401460818,2024,401460818,504495,249980,-0.47458,52.13824,3,3,3,14:15,-1,E06000055,3,0,1,-1,1,-1,-1,-1,-1,-1,0,1,0,0,0,0,0,6,25
2024401460832,2024,401460832,507977,222463,-0.43239,51.89027,3,3,1,16:07,-1,E06000032,6,0,1,0,1,9,5,3,0,0,0,1,0,0,0,0,1,6,23
2024401460920,2024,401460920,510471,223882,-0.39571,51.90254,3,3,2,13:56,-1,E06000032,3,0,1,0,1,"[4, 5]",6,2,0,0,0,1,0,0,0,0,0,6,24
2024401461226,2024,401461226,507684,223637,-0.43628,51.90088,3,3,7,00:14,-1,E06000032,6,2,1,0,1,"[-1, 2]","[-1, 0]","[-1, 0]","[-1, 0]","[-1, 0]",0,1,0,0,0,0,0,6,22
2024401462085,2024,401462085,492338,225141,-0.65885,51.91715,2,2,7,19:30,-1,E06000056,6,0,1,0,1,"[7, 19]",7,"[1, 3]",0,0,0,1,1,0,0,0,0,6,22
2024401462313,2024,401462313,499452,261862,-0.54476,52.24596,3,3,6,12:01,-1,E06000055,3,0,1,0,2,"[19, 9]","[8, 6]",4,0,0,0,1,0,0,0,0,0,6,21
2024401462573,2024,401462573,519376,245473,-0.25883,52.09473,3,3,6,18:40,-1,E06000056,6,0,1,0,1,19,"[5, 3]","[1, 7]",0,0,0,1,1,0,0,0,0,6,28