collision_index,collision_year,collision_ref_no,location_easting_osgr,location_northing_osgr,longitude,latitude,casualty_severity,casualty_severity,day_of_week,time,local_authority_district,local_authority_ons_district,first_road_class,light_conditions,weather_conditions,road_surface_conditions,urban_or_rural_area,vehicle_manoeuvre,vehicle_direction_from,vehicle_direction_to,hit_object_in_carriageway,vehicle_leaving_carriageway,hit_object_off_carriageway,is_car,is_cyle,is_mcyle,is_goodsv,is_other,is_pedestrian,month,day
2024401462676,2024,401462676,508289,221894,-0.42804,51.8851,2,2,7,18:26,-1,E06000032,3,0,1,0,1,4,6,2,0,0,0,1,0,0,0,0,1,6,22
2024401462696,2024,401462696,502619,244775,-0.50355,52.09182,2,2,4,17:52,-1,E06000055,6,0,1,0,2,19,"[5, 1]","[1, 5]",0,"[7, 0]",0,1,0,1,0,0,0,6,26
2024401462703,2024,401462703,507011,223173,-0.4462,51.89684,3,3,1,16:59,-1,E06000032,6,0,1,0,1,"[19, 7]","[4, 5]",8,0,0,0,1,0,0,0,0,0,6,30
2024401462718,2024,401462718,508008,221524,-0.43223,51.88183,3,3,4,21:00,-1,E06000032,6,0,1,0,1,"[5, 19]","[5, 3]","[1, 7]",0,0,0,1,0,0,0,0,0,5,29
2024401462735,2024,401462735,512092,218113,-0.37403,51.85037,2,"[3, 2]",5,18:45,-1,E06000056,4,0,1,0,2,19,"[4, 8, 5]","[8, 4, 2]",0,"[7, 0]",0,1,0,1,0,0,0,6,20
2024401463031,2024,401463031,508747,222225,-0.42128,51.88798,2,"[2, 3]",2,16:24,-1,E06000032,3,0,1,0,1,"[4, 19, 3]",1,5,0,0,0,1,0,0,0,0,0,6,17
2024401463063,2024,401463063,507013,223395,-0.4461,51.89883,2,2,5,21:59,-1,E06000032,6,2,1,1,1,9,6,2,0,0,0,1,0,0,0,0,1,5,2
2024401463114,2024,401463114,499605,224392,-0.55344,51.90917,3,3,2,11:18,-1,E06000056,3,0,1,0,2,3,6,1,0,0,0,1,0,0,0,0,0,6,24
2024401463126,2024,401463126,501985,223947,-0.51899,51.90474,3,3,5,12:26,-1,E06000056,6,0,1,0,1,9,"[1, 5]","[7, 1]",0,0,0,1,0,1,0,0,0,6,27
2024401463242,2024,401463242,505172,227136,-0.47171,51.93281,2,2,6,11:54,-1,E06000056,6,0,1,0,2,"[13, 19]","[6, 2]","[2, 6]",0,"[1, 0]",0,1,0,1,0,0,0,6,21
2024401463375,2024,401463375,505958,223878,-0.46128,51.90338,3,3,4,06:40,-1,E06000032,6,0,1,0,1,"[2, 19]","[0, 3]","[0, 7]","[0, 4]",0,0,1,0,0,0,0,0,6,12
2024401463460,2024,401463460,495608,223189,-0.61186,51.89905,3,3,2,08:37,-1,E06000056,3,0,1,0,2,"[3, 4]",3,7,0,0,0,1,0,0,0,0,0,7,1
2024401463526,2024,401463526,500352,240611,-0.53785,52.05481,3,3,3,20:46,-1,E06000056,6,0,1,0,2,15,1,2,0,7,4,1,0,0,0,0,0,6,18
2024401463733,2024,401463733,505917,219502,-0.46322,51.86406,2,"[2, 3]",2,10:07,-1,E06000056,6,0,1,0,2,"[9, 19]","[5, 7]","[1, 3]",0,0,0,1,0,0,0,0,0,7,1
2024401463809,2024,401463809,506423,241973,-0.44892,52.06592,2,2,4,20:21,-1,E06000056,3,0,1,0,2,"[9, 19]","[7, 5]","[5, 1]",0,"[0, 7]",0,1,0,0,0,0,0,6,26
2024401463859,2024,401463859,510156,221890,-0.40092,51.8847,3,3,4,21:50,-1,E06000032,6,2,1,1,1,14,1,5,0,0,0,1,0,0,0,0,1,7,3
2024401463882,2024,401463882,508490,221621,-0.4252,51.88261,2,2,1,13:56,-1,E06000032,3,0,1,0,1,5,8,4,0,0,0,0,0,0,1,0,1,4,7
2024401464714,2024,401464714,521388,236528,-0.23265,52.01391,3,3,4,18:34,-1,E06000056,6,0,1,0,2,"[14, 7]","[3, 5]",7,0,0,0,1,1,0,0,0,0,7,3
2024401464743,2024,401464743,509506,221567,-0.41046,51.88192,2,2,1,14:33,-1,E06000032,6,0,1,0,1,"[3, 7]","[5, 7]","[1, 5]",0,"[0, 8]","[0, 1]",1,0,0,0,0,1,2,18
2024401464867,2024,401464867,516385,241242,-0.30391,52.05735,3,3,6,17:00,-1,E06000056,6,0,1,0,2,19,1,"[5, 2]",0,0,0,1,0,0,0,0,0,6,28
2024401464919,2024,401464919,498723,242254,-0.56112,52.06987,2,2,4,12:10,-1,E06000056,6,0,2,1,2,19,"[1, 5]","[5, 1]",0,0,0,0,0,1,1,0,0,7,3
2024401464923,2024,401464923,508716,236886,-0.4171,52.01975,3,3,5,09:52,-1,E06000056,6,0,1,0,2,19,"[2, 5]","[5, 2]",0,"[7, 0]","[9, 0]",1,0,0,0,0,0,6,27
2024401464924,2024,401464924,503671,242681,-0.48883,52.0728,2,"[3, 2]",1,13:00,-1,E06000056,4,0,1,0,2,"[19, 9]","[1, 5]","[5, 1]",0,0,0,1,0,0,0,0,0,5,12
2024401465157,2024,401465157,497590,220437,-0.58384,51.87398,3,3,2,21:10,-1,E06000056,6,0,2,1,2,19,4,8,0,0,0,1,0,0,0,0,1,7,8
2024401465206,2024,401465206,506574,223941,-0.45231,51.90383,2,2,6,20:35,-1,E06000032,4,2,2,1,1,"[9, 19]",-1,-1,0,0,0,1,1,0,0,0,0,7,5
2024401465235,2024,401465235,502432,246166,-0.50586,52.10435,2,2,7,09:55,-1,E06000055,4,0,1,0,2,"[5, 11]","[1, 7]","[2, 1]",0,0,0,1,0,1,0,0,0,6,1
2024401465270,2024,401465270,501418,231099,-0.52512,51.96912,3,3,3,13:39,-1,E06000056,1,0,1,0,2,"[12, 19]",1,5,0,"[0, 5]","[0, 6]",1,0,0,1,0,0,6,25
2024401465274,2024,401465274,504748,249602,-0.471,52.1348,3,3,6,22:25,-1,E06000055,6,2,2,1,1,3,3,7,0,0,0,1,0,0,0,0,0,7,5
2024401465278,2024,401465278,502462,224838,-0.51179,51.91266,3,3,3,09:12,-1,E06000056,6,0,1,0,1,"[9, 2]","[1, 0]","[7, 0]","[4, 0]",0,0,1,0,0,1,0,0,6,25
2024401465308,2024,401465308,504504,241561,-0.47703,52.06258,3,3,5,13:00,-1,E06000056,6,0,1,0,2,"[3, 5]",1,5,0,0,0,1,0,1,0,0,0,7,4
2024401465360,2024,401465360,511125,224828,-0.3859,51.91091,3,3,6,11:30,-1,E06000032,3,0,2,1,2,"[4, 19]",2,6,0,0,0,1,0,0,0,0,0,7,5
2024401465366,2024,401465366,505640,238990,-0.46126,52.03926,2,2,1,16:55,-1,E06000056,6,0,1,0,2,9,5,1,0,1,2,0,0,1,0,0,0,6,23
2024401465386,2024,401465386,504550,247894,-0.47442,52.11949,2,2,4,10:05,-1,E06000055,3,0,1,0,1,"[4, 19]","[2, 6]","[6, 2]",0,"[0, 7]","[0, 4]",1,0,0,0,0,0,1,24
2024401465390,2024,401465390,507677,246548,-0.42919,52.10679,1,1,5,11:55,-1,E06000055,3,0,1,0,2,19,8,4,0,0,0,0,0,0,1,0,1,7,4
2024401465424,2024,401465424,504378,270346,-0.47001,52.3213,2,2,3,19:10,-1,E06000055,4,0,1,0,2,19,3,7,0,1,0,0,0,1,0,0,0,6,18
2024401465627,2024,401465627,510608,223259,-0.39392,51.89691,3,3,6,09:15,-1,E06000032,6,0,2,1,1,-1,-1,-1,-1,-1,0,1,0,0,0,0,0,7,5
2024401465686,2024,401465686,511566,258435,-0.36853,52.21285,3,3,2,10:55,-1,E06000055,6,0,1,0,2,19,"[7, 1]","[1, 6]",0,0,0,1,1,0,0,0,0,7,8
2024401465689,2024,401465689,505143,249083,-0.46539,52.13006,3,3,3,17:37,-1,E06000055,3,0,2,1,1,"[-1, 19]",-1,-1,"[-1, 0]","[-1, 0]",0,1,1,0,0,0,0,7,9
2024401465709,2024,401465709,516550,245710,-0.29998,52.09746,3,3,1,14:00,-1,E06000056,6,0,1,0,2,"[2, 3]","[7, 5]","[1, 5]",0,0,0,1,0,0,0,0,0,6,30
2024401465729,2024,401465729,510037,221311,-0.40284,51.87952,3,3,2,15:40,-1,E06000032,6,0,1,0,1,"[9, 19]","[6, 2]","[4, 6]",0,"[0, 1]",0,1,1,0,0,0,0,7,1
2024401466218,2024,401466218,499935,241147,-0.54377,52.0597,3,3,3,18:22,-1,E06000056,6,0,1,1,2,"[19, -1]",-1,-1,"[0, -1]","[0, -1]",0,1,1,0,0,0,0,7,9
2024401466220,2024,401466220,500573,248152,-0.53241,52.12254,3,3,1,22:56,-1,E06000055,4,2,1,0,2,19,3,7,0,7,9,1,0,0,0,0,0,6,23
2024401466229,2024,401466229,504831,250212,-0.4696,52.14027,2,"[2, 3]",2,17:00,-1,E06000055,3,0,1,0,1,"[19, 1]","[3, 7, 0]","[7, 3, 0]","[0, 4]",0,0,1,0,0,0,1,0,6,24
2024401466230,2024,401466230,506642,222870,-0.45166,51.89419,3,3,2,07:50,-1,E06000032,6,0,1,0,1,19,"[4, 7]","[8, 4]",0,0,0,1,1,0,0,0,0,7,8
2024401466267,2024,401466267,508994,220535,-0.41823,51.87275,3,3,4,11:30,-1,E06000032,6,0,9,0,1,"[19, 5]","[2, 8]","[5, 4]",0,0,0,1,0,0,0,0,0,5,15
2024401466279,2024,401466279,523295,236354,-0.20494,52.01193,3,3,3,17:30,-1,E06000056,2,0,2,1,2,"[19, 8]",5,7,0,0,0,1,0,0,0,0,0,7,9
2024401466286,2024,401466286,504153,248635,-0.47999,52.12622,2,2,4,06:30,-1,E06000055,6,0,1,0,1,9,"[-1, 8]","[-1, 6]",0,0,0,0,1,0,1,0,0,7,10
2024401466314,2024,401466314,501962,220973,-0.5202,51.87801,3,3,3,09:20,-1,E06000056,6,0,1,0,1,19,4,8,0,0,0,1,0,0,0,0,1,7,9
2024401466324,2024,401466324,508399,224901,-0.42549,51.9121,2,2,5,16:00,-1,E06000032,3,0,1,0,1,"[15, 19]","[1, 5]","[5, 1]",0,0,0,1,0,1,0,0,0,7,4
2024401466372,2024,401466372,510228,220529,-0.40031,51.87245,3,3,3,08:10,-1,E06000032,6,0,1,1,2,"[2, 19]",-1,-1,0,0,0,1,0,0,0,0,0,7,9
2024401466415,2024,401466415,493645,255107,-0.63165,52.18627,3,3,5,14:25,-1,E06000055,6,0,1,0,2,19,"[5, 1]","[1, 5]",0,0,0,1,0,0,1,0,0,7,4
2024401466453,2024,401466453,504565,249497,-0.47371,52.13389,3,3,4,12:10,-1,E06000055,3,0,1,0,1,19,5,1,0,0,0,1,1,0,0,0,0,6,12
2024401466461,2024,401466461,504604,222612,-0.48134,51.89225,3,3,6,23:00,-1,E06000032,3,2,1,0,1,"[15, 11]",6,2,0,"[1, 0]","[10, 0]",0,0,1,1,0,0,6,28
2024401466537,2024,401466537,501686,223746,-0.52339,51.90299,3,3,5,07:15,-1,E06000056,6,0,1,0,1,-1,-1,-1,-1,-1,0,1,0,0,0,0,1,7,4
2024401466705,2024,401466705,508995,221960,-0.41776,51.88555,3,3,3,14:30,-1,E06000032,6,0,1,1,1,"[19, 2]",-1,-1,"[4, 0]",0,0,1,0,0,0,0,0,7,9
2024401466718,2024,401466718,506359,222425,-0.4559,51.89024,3,3,3,08:40,-1,E06000032,6,0,1,0,1,"[8, 19]","[1, 2]","[4, 5]",0,0,0,1,0,0,0,0,0,7,2
2024401466763,2024,401466763,505649,249204,-0.45796,52.13105,3,3,6,18:43,-1,E06000055,3,0,1,0,1,"[4, 3]",4,7,0,0,0,1,0,0,0,0,0,6,28
2024401466767,2024,401466767,518322,245091,-0.27434,52.09153,3,3,7,13:00,-1,E06000056,3,0,1,0,2,"[19, 4]",5,1,0,0,0,1,0,0,0,0,0,6,29
2024401466992,2024,401466992,492855,239508,-0.64745,52.0462,3,3,3,17:14,-1,E06000056,6,0,1,0,2,19,3,7,0,7,9,1,0,0,0,0,0,7,2
2024401467758,2024,401467758,490563,226444,-0.68431,51.92915,3,3,6,15:12,-1,E06000056,6,0,1,0,2,"[9, 19]","[2, 4]",1,0,0,0,1,0,0,0,0,0,7,5
2024401467766,2024,401467766,493641,225445,-0.63983,51.91967,3,3,5,08:00,-1,E06000056,3,0,1,0,1,"[19, 12]","[2, 3]","[6, 7]",0,0,0,1,1,0,0,0,0,7,11
2024401467800,2024,401467800,506251,222187,-0.45755,51.88812,2,2,6,06:45,-1,E06000032,6,2,2,1,1,"[7, 19]","[7, 3]","[3, 7]",0,0,0,0,0,0,1,0,0,7,5
2024401467903,2024,401467903,508771,221107,-0.42128,51.87793,3,3,1,13:50,-1,E06000032,6,0,1,0,1,19,"[7, 1]","[3, 5]",0,0,0,1,1,0,0,0,0,6,30
2024401467960,2024,401467960,515594,237680,-0.31664,52.0255,3,3,7,10:10,-1,E06000056,3,0,1,0,2,19,4,"[1, 8]",0,0,0,1,0,1,0,0,0,7,13
2024401467968,2024,401467968,508703,222211,-0.42192,51.88787,3,3,5,08:25,-1,E06000032,6,0,9,-1,1,-1,-1,-1,-1,-1,0,1,0,0,0,0,1,7,4
2024401467978,2024,401467978,501752,261086,-0.51131,52.23857,3,3,7,11:35,-1,E06000055,6,0,1,0,2,19,"[1, 5]","[5, 1]","[10, 1]","[1, 0]","[10, 0]",1,0,1,0,0,0,7,13
2024401468238,2024,401468238,506205,222629,-0.45808,51.8921,2,2,7,19:54,-1,E06000032,3,0,8,0,1,19,3,7,0,4,2,0,0,1,0,0,0,6,8
2024401468249,2024,401468249,507594,222919,-0.43781,51.89445,3,3,3,12:33,-1,E06000032,3,0,1,0,1,"[5, 4]","[1, 3]","[4, 1]",0,0,0,1,0,0,0,0,0,7,2
2024401468276,2024,401468276,502833,221071,-0.50752,51.87873,3,3,3,18:15,-1,E06000056,6,0,2,1,1,"[19, 2]","[2, 0]","[8, 0]",0,0,0,1,0,0,0,0,0,7,9
2024401468384,2024,401468384,503694,249643,-0.48638,52.13537,3,3,6,07:37,-1,E06000055,6,0,1,0,1,-1,-1,-1,-1,-1,0,1,1,0,0,0,0,7,12
2024401468693,2024,401468693,493701,240588,-0.63482,52.05576,2,2,2,15:42,-1,E06000056,6,0,1,0,2,19,"[5, 3]","[1, 5]",0,"[0, 3]","[0, 9]",1,0,0,0,0,0,6,10
2024401469214,2024,401469214,508199,225876,-0.42809,51.9209,2,2,6,22:35,-1,E06000032,3,2,1,1,1,19,5,1,0,0,0,1,0,0,0,0,1,5,31
2024401469233,2024,401469233,518328,244551,-0.27444,52.08667,2,"[2, 3]",7,13:26,-1,E06000056,3,0,1,0,2,4,5,1,0,0,0,0,0,1,0,0,0,6,29
2024401469281,2024,401469281,508501,220738,-0.42532,51.87467,3,3,7,12:00,-1,E06000032,6,0,1,0,1,5,8,2,0,0,0,1,0,0,0,0,0,7,13
2024401469580,2024,401469580,508010,222084,-0.43203,51.88686,2,2,4,10:17,-1,E06000032,3,0,2,1,1,"[2, 1]","[0, 7]","[0, 4]",0,0,0,1,0,0,0,0,1,7,10
2024401469645,2024,401469645,504832,248833,-0.47001,52.12787,3,3,1,10:13,-1,E06000055,3,0,1,0,1,19,6,2,10,1,1,1,0,0,0,0,0,7,14
2024401469666,2024,401469666,509454,221849,-0.41113,51.88447,3,3,1,23:50,-1,E06000032,6,2,1,0,1,19,"[6, 4]","[2, 8]",0,0,0,1,0,0,0,0,0,7,14
2024401469693,2024,401469693,507980,226400,-0.43111,51.92566,3,3,6,19:35,-1,E06000032,6,0,2,1,1,19,"[1, 7]","[7, 1]",0,0,0,1,0,0,0,0,0,7,5
2024401471022,2024,401471022,502679,223645,-0.50899,51.9019,3,3,1,19:25,-1,E06000056,6,0,1,0,1,"[7, 19]",5,"[6, 1]",0,0,0,1,0,0,0,0,0,7,21
2024401471031,2024,401471031,505203,249077,-0.46452,52.13,3,3,7,11:27,-1,E06000055,3,0,9,-1,1,-1,-1,-1,-1,-1,0,1,0,0,0,0,1,7,20
2024401471101,2024,401471101,501565,223952,-0.52509,51.90486,3,3,2,16:52,-1,E06000056,6,0,1,0,1,19,"[3, 1]","[7, 5]",0,0,0,1,1,0,0,0,0,7,8
2024401471122,2024,401471122,503776,248999,-0.48538,52.12956,3,3,2,14:30,-1,E06000055,6,0,1,0,2,19,5,1,0,0,0,0,1,1,0,0,0,7,22
2024401471154,2024,401471154,505286,222095,-0.47159,51.88748,3,3,4,15:38,-1,E06000056,3,0,1,0,2,"[4, 19]",7,3,0,0,0,1,0,0,0,0,0,7,17
2024401471157,2024,401471157,508714,221646,-0.42194,51.88279,3,3,6,11:48,-1,E06000032,3,0,1,0,1,19,-1,-1,0,0,0,1,0,0,0,0,0,7,19
2024401471165,2024,401471165,501788,224284,-0.52175,51.9078,2,2,6,15:35,-1,E06000056,6,0,1,0,1,5,7,6,0,0,0,1,0,0,0,0,1,7,12
2024401471212,2024,401471212,494622,229237,-0.62453,51.95358,3,3,2,10:00,-1,E06000056,3,0,1,1,2,19,"[8, 4]","[4, 8]",0,0,0,1,0,0,0,0,0,7,15
2024401471253,2024,401471253,509608,220910,-0.40919,51.876,3,3,3,15:16,-1,E06000032,6,0,1,0,1,"[15, 9]",8,"[4, 6]",0,"[0, 7]","[0, 3]",1,0,1,0,0,0,7,16
2024401471519,2024,401471519,508431,221706,-0.42603,51.88338,3,3,1,16:11,-1,E06000032,3,0,1,0,1,"[9, 14]",4,"[2, 8]",0,0,0,1,0,1,0,0,0,5,26
2024401471550,2024,401471550,512293,217903,-0.37118,51.84844,3,3,5,07:33,-1,E06000056,4,0,1,0,2,19,"[4, 8]","[8, 4]",0,0,0,1,0,0,0,0,0,7,18
2024401471648,2024,401471648,504454,246630,-0.47621,52.10815,3,3,2,10:40,-1,E06000055,3,0,1,0,2,"[9, 19]",4,"[3, 1]",0,0,0,1,0,0,0,0,0,7,22
2024401471666,2024,401471666,508719,218235,-0.42294,51.85213,3,3,4,17:14,-1,E06000056,1,0,1,0,2,19,5,1,0,0,0,1,0,0,0,0,0,7,17
2024401471669,2024,401471669,506289,269405,-0.44228,52.31248,3,3,7,01:13,-1,E06000055,4,2,1,0,2,19,3,1,0,7,0,1,0,0,0,0,0,7,20
2024401471936,2024,401471936,500867,221429,-0.53597,51.88231,3,3,5,16:03,-1,E06000056,4,0,1,0,1,5,3,7,0,0,0,1,0,0,0,0,1,7,18
2024401471945,2024,401471945,509986,222366,-0.40324,51.88901,3,3,6,14:22,-1,E06000032,6,0,1,0,1,"[7, 3]","[7, 5]",1,0,0,0,1,0,0,0,0,0,7,19
2024401471947,2024,401471947,509526,221615,-0.41016,51.88235,3,3,1,21:59,-1,E06000032,6,2,1,0,1,19,"[2, 7]","[1, 7]",0,0,0,1,0,0,0,0,0,7,14
2024401471971,2024,401471971,503822,248368,-0.4849,52.12388,3,3,3,17:43,-1,E06000055,6,0,1,0,1,"[7, 19]","[3, 7]","[5, 3]",0,0,0,1,1,0,0,0,0,6,18
2024401472074,2024,401472074,506984,222526,-0.44679,51.89103,3,3,1,05:50,-1,E06000032,3,0,1,0,1,"[4, 13]",-1,-1,"[0, 11]","[0, 9]",0,1,0,0,0,0,0,7,21
2024401472270,2024,401472270,506112,223210,-0.45925,51.89734,3,3,2,08:50,-1,E06000032,6,0,1,0,1,4,"[2, 8]",1,0,0,0,1,1,0,0,0,0,7,22
2024401472340,2024,401472340,502651,223155,-0.50955,51.8975,3,3,1,15:56,-1,E06000056,3,0,1,0,1,"[-1, 19]","[-1, 1]","[-1, 5]","[-1, 0]","[-1, 0]",0,1,0,1,0,0,0,7,21
2024401472397,2024,401472397,505049,234640,-0.4712,52.00027,1,1,4,03:58,-1,E06000056,6,2,1,0,2,"[2, 19]","[0, 6]","[0, 2]","[0, 4]","[0, 1]",0,1,0,1,0,0,0,7,24
2024401473683,2024,401473683,508070,223864,-0.4306,51.90285,3,3,7,09:15,-1,E06000032,6,0,1,0,1,-1,-1,-1,-1,-1,0,1,0,1,0,0,0,7,27
2024401473698,2024,401473698,517689,239077,-0.28564,52.03761,3,3,1,12:00,-1,E06000056,4,0,1,-1,1,-1,-1,-1,-1,-1,0,1,1,0,0,0,0,7,28
2024401473721,2024,401473721,505013,222712,-0.47537,51.89308,3,3,3,20:40,-1,E06000032,6,0,1,0,1,"[5, 19]",1,5,0,0,0,1,0,0,0,0,0,7,23
2024401473843,2024,401473843,505439,222540,-0.46923,51.89145,3,3,1,18:30,-1,E06000032,1,0,1,-1,1,-1,-1,-1,-1,-1,0,1,0,0,0,0,0,7,28
2024401473861,2024,401473861,504088,237021,-0.48447,52.02185,2,2,4,14:06,-1,E06000056,6,0,1,0,2,19,7,3,0,0,0,0,0,0,0,1,1,7,24
2024401474213,2024,401474213,500698,250294,-0.52995,52.14177,2,"[2, 3]",6,11:51,-1,E06000055,3,0,1,0,2,"[10, 19]","[5, 1]","[6, 3]",0,0,0,1,0,0,0,0,0,7,19
2024401474217,2024,401474217,510992,223993,-0.3881,51.90343,2,2,4,15:07,-1,E06000032,6,0,2,1,1,19,7,3,0,0,0,1,0,0,0,0,1,7,3
2024401474233,2024,401474233,505389,222612,-0.46994,51.89211,3,3,3,09:48,-1,E06000032,1,0,1,0,1,"[4, -1]","[5, -1]","[1, -1]","[0, -1]","[1, -1]","[7, 0]",1,0,0,1,0,0,7,9
2024401474292,2024,401474292,519027,244724,-0.26418,52.08808,3,3,6,15:44,-1,E06000056,6,0,1,0,1,1,1,5,0,0,0,1,0,0,0,0,1,7,26
2024401474655,2024,401474655,505870,252092,-0.45384,52.15696,3,3,5,20:47,-1,E06000055,4,0,1,0,1,"[13, 9]",5,"[1, 2]",0,0,0,1,0,1,0,0,0,7,18
2024401474657,2024,401474657,506313,249287,-0.44824,52.13167,3,3,5,13:19,-1,E06000055,3,0,1,0,2,19,"[2, 6]","[4, 2, 7, 6]",0,0,0,1,0,0,0,0,0,6,27
2024401474669,2024,401474669,512315,230245,-0.36684,51.95935,2,2,5,17:40,-1,E06000056,4,0,1,0,2,19,"[4, 8]","[8, 4]",0,0,0,1,0,1,0,0,0,7,18
2024401474734,2024,401474734,505542,223686,-0.46738,51.90173,3,3,6,14:42,-1,E06000032,6,0,1,0,1,"[1, 19]","[5, 2]","[1, 6]",0,0,0,1,1,0,0,0,0,7,26
2024401474786,2024,401474786,511680,249620,-0.36976,52.13361,3,3,4,15:33,-1,E06000055,3,0,1,0,2,"[19, 4]",7,3,0,0,0,1,0,0,0,0,0,7,10
2024401475088,2024,401475088,491424,224855,-0.67221,51.91473,3,3,7,12:15,-1,E06000056,6,0,1,0,1,19,"[-1, 3]","[-1, 7]",0,0,0,1,1,0,0,0,0,7,27
2024401475137,2024,401475137,503896,246688,-0.48433,52.10877,3,3,4,17:45,-1,E06000055,6,0,1,0,1,"[19, 1]","[5, 3]","[1, 7]",0,0,0,1,0,0,0,0,0,7,31
2024401475143,2024,401475143,500184,221445,-0.54588,51.88258,2,2,7,09:40,-1,E06000056,6,0,1,0,1,19,"[7, 3]","[3, 7]",0,0,0,1,0,0,0,0,0,7,27
2024401475187,2024,401475187,510198,237744,-0.39523,52.02717,2,"[3, 2]",3,16:18,-1,E06000056,3,0,1,0,2,19,"[2, 6]","[6, 2]",0,"[0, 1]",0,1,0,0,0,0,0,7,30
2024401476045,2024,401476045,508974,218711,-0.41909,51.85636,3,3,4,20:56,-1,E06000056,6,2,1,0,2,19,5,1,0,2,0,1,0,0,0,0,0,7,31
2024401476068,2024,401476068,502702,222132,-0.50911,51.88829,3,3,7,13:30,-1,E06000056,3,0,1,0,1,"[19, 5]",-1,-1,0,0,0,1,0,0,0,0,0,8,3
2024401476371,2024,401476371,508988,221224,-0.4181,51.87894,3,3,5,18:18,-1,E06000032,6,0,1,0,1,7,8,2,0,0,0,1,0,0,0,0,1,5,16
2024401476451,2024,401476451,506495,222133,-0.45402,51.88759,3,3,3,12:04,-1,E06000032,3,0,1,0,1,"[19, 4]",3,7,0,0,0,1,0,0,0,0,0,7,30
2024401476463,2024,401476463,509431,223795,-0.41085,51.90196,3,3,1,20:12,-1,E06000032,6,0,1,0,1,"[2, 19]","[0, 5]","[0, 1]",0,0,0,1,0,0,0,0,0,8,4
2024401476472,2024,401476472,505595,225322,-0.46611,51.91642,3,3,1,23:34,-1,E06000032,6,2,1,0,1,"[3, 19]","[3, 7]","[7, 3]","[7, 0]",0,0,1,0,0,1,0,0,8,4
2024401476479,2024,401476479,504310,222537,-0.48563,51.89164,3,3,5,12:19,-1,E06000056,6,0,1,0,1,5,6,2,0,1,0,1,0,0,0,0,0,8,1
2024401476491,2024,401476491,508765,222126,-0.42105,51.88709,3,3,6,08:11,-1,E06000032,3,0,1,0,1,19,"[1, 7]","[5, 3]",0,0,0,1,0,0,0,1,0,7,26
2024401476496,2024,401476496,507175,228685,-0.4421,51.94635,2,2,1,16:20,-1,E06000056,6,0,1,0,2,"[2, 19]","[0, 5]","[0, 1]","[4, 0]",0,0,1,0,0,0,0,0,7,28
2024401476511,2024,401476511,505444,222749,-0.46909,51.89333,3,3,6,15:43,-1,E06000032,3,0,1,0,1,19,"[1, 3]","[5, 7]",0,0,0,1,0,0,1,0,0,8,2
2024401476557,2024,401476557,508289,221452,-0.42817,51.88113,3,3,7,09:10,-1,E06000032,6,0,1,0,1,19,3,7,0,0,0,1,0,0,0,0,1,7,27
2024401476788,2024,401476788,508329,218981,-0.42837,51.85891,3,3,6,12:45,-1,E06000056,1,0,1,0,2,"[19, -1]","[1, -1]","[5, -1]","[0, -1]","[0, -1]",0,1,0,0,1,0,0,8,2
2024401476798,2024,401476798,495420,237583,-0.6106,52.02846,3,3,1,19:05,-1,E06000056,1,0,1,0,2,19,8,4,0,0,0,1,0,0,0,0,0,7,14
2024401476952,2024,401476952,503339,235497,-0.49584,52.0083,3,3,3,15:40,-1,E06000056,6,0,1,0,1,"[19, 7]","[3, 1]","[7, 3]",0,0,0,1,0,0,0,0,0,8,6
2024401477170,2024,401477170,512617,238638,-0.3597,52.03472,3,3,6,06:45,-1,E06000056,3,0,8,1,2,"[9, 3]","[3, 7]","[7, 3]",0,0,0,1,0,0,0,0,0,7,12
2024401477171,2024,401477171,504549,246539,-0.47485,52.10731,3,3,5,16:30,-1,E06000055,3,0,1,0,2,19,2,5,"[10, 0]","[1, 0]","[2, 0]",1,0,0,1,0,0,6,20
2024401477193,2024,401477193,504704,248456,-0.472,52.12451,3,3,6,16:20,-1,E06000055,3,0,1,0,1,"[5, 19]","[3, 5]","[7, 1]",0,0,0,1,1,0,0,0,0,6,28
2024401477199,2024,401477199,522652,238110,-0.21367,52.02785,3,3,1,18:51,-1,E06000056,3,0,1,1,2,"[19, 12]","[3, 1]",5,0,0,0,1,0,0,0,0,0,7,7
2024401477229,2024,401477229,508388,236362,-0.42204,52.01511,3,3,1,23:53,-1,E06000056,3,2,1,0,2,"[15, 19]","[1, 5]","[1, 5]",0,0,0,1,0,0,0,0,0,7,7
2024401477242,2024,401477242,507877,238024,-0.42896,52.03014,3,3,3,16:14,-1,E06000056,3,0,1,0,2,19,"[4, 8]","[8, 4]",0,0,0,1,0,0,1,0,0,2,27
2024401477246,2024,401477246,508169,230727,-0.42701,51.96451,3,3,4,15:36,-1,E06000056,4,0,1,0,2,"[3, 9]","[1, 3]",5,0,0,0,1,0,0,0,0,0,7,31
2024401477278,2024,401477278,516031,247766,-0.30685,52.11605,3,3,3,22:24,-1,E06000056,6,2,1,0,2,19,5,1,0,0,0,1,0,0,0,0,0,6,25
2024401477282,2024,401477282,515577,255405,-0.31088,52.18479,3,3,5,17:45,-1,E06000055,3,0,2,1,2,"[3, 19]",7,3,0,0,0,1,0,0,0,0,0,7,25
2024401477290,2024,401477290,507924,250704,-0.42427,52.14409,2,2,4,11:30,-1,E06000055,3,0,1,0,1,-1,-1,-1,-1,-1,0,1,1,0,0,0,0,8,7
2024401477294,2024,401477294,505440,222609,-0.4692,51.89207,3,3,3,07:24,-1,E06000032,1,0,1,0,1,"[3, 19]",1,5,0,0,0,1,0,0,1,0,0,8,6