collision_index,collision_year,collision_ref_no,location_easting_osgr,location_northing_osgr,longitude,latitude,casualty_severity,casualty_severity,day_of_week,time,local_authority_district,local_authority_ons_district,first_road_class,light_conditions,weather_conditions,road_surface_conditions,urban_or_rural_area,vehicle_manoeuvre,vehicle_direction_from,vehicle_direction_to,hit_object_in_carriageway,vehicle_leaving_carriageway,hit_object_off_carriageway,is_car,is_cyle,is_mcyle,is_goodsv,is_other,is_pedestrian,month,day
2024401477313,2024,401477313,504779,249185,-0.47068,52.13105,3,3,1,21:00,-1,E06000055,3,0,1,0,1,"[5, 19]","[2, 6]","[8, 2]",0,0,0,1,0,0,0,0,0,7,21
2024401477339,2024,401477339,503159,247725,-0.49478,52.11823,2,2,2,10:16,-1,E06000055,6,0,1,0,1,"[2, 6]","[0, 1]","[0, 5]",0,0,0,1,0,1,0,0,0,7,15
2024401477359,2024,401477359,500836,250617,-0.52783,52.14465,2,2,1,19:15,-1,E06000055,6,0,1,0,2,"[9, 19]","[7, 3]","[5, 7]",0,"[0, 1]",0,1,1,0,0,0,0,7,14
2024401477381,2024,401477381,504648,249043,-0.47263,52.12979,2,2,6,11:18,-1,E06000055,4,0,1,0,1,19,6,2,0,0,0,1,1,0,0,0,0,7,19
2024401477609,2024,401477609,505834,252628,-0.4542,52.16179,3,3,5,09:03,-1,E06000055,6,0,1,0,1,8,1,3,0,0,0,1,0,0,0,0,0,8,8
2024401477669,2024,401477669,508076,251281,-0.42186,52.14925,3,3,7,18:16,-1,E06000055,6,0,1,0,1,19,"[4, 6]","[8, 2]",0,0,0,1,1,0,0,0,0,6,8
2024401477694,2024,401477694,518795,244913,-0.2675,52.08982,3,3,4,07:54,-1,E06000056,3,0,1,-1,1,"[19, 20]",-1,-1,0,0,0,1,0,0,0,0,0,7,31
2024401477740,2024,401477740,505329,247062,-0.4633,52.11186,2,"[3, 2]",5,15:14,-1,E06000055,6,0,1,0,1,19,1,5,10,8,0,1,0,0,0,0,0,7,25
2024401478772,2024,401478772,499176,241711,-0.55468,52.06491,3,3,1,17:20,-1,E06000056,6,0,1,0,2,-1,-1,-1,-1,-1,0,1,0,0,0,0,1,8,11
2024401479023,2024,401479023,501331,231450,-0.52628,51.97229,1,1,1,02:21,-1,E06000056,1,2,1,0,2,"[19, 2]",5,1,0,0,0,1,0,0,1,0,1,8,11
2024401479083,2024,401479083,507019,223165,-0.44609,51.89677,3,3,7,22:08,-1,E06000032,6,2,1,0,1,"[19, 7]","[8, 4]","[4, 8]",0,0,0,1,0,0,0,0,0,8,10
2024401479099,2024,401479099,510492,223847,-0.39542,51.90222,2,2,5,12:56,-1,E06000032,3,0,1,0,1,19,1,5,0,0,0,1,1,0,0,0,0,8,8
2024401479132,2024,401479132,502975,225276,-0.50421,51.9165,3,3,5,06:50,-1,E06000056,6,0,1,0,2,5,2,6,10,1,4,1,0,0,0,0,0,8,1
2024401479165,2024,401479165,510152,221886,-0.40098,51.88466,3,3,7,11:49,-1,E06000032,6,0,1,0,1,19,5,1,0,0,0,1,0,0,0,0,1,8,10
2024401479172,2024,401479172,508168,230720,-0.42702,51.96445,2,2,5,16:21,-1,E06000056,4,0,1,0,2,"[5, 15]","[3, 5]","[1, 3]",0,"[7, 1]",0,1,0,1,0,0,0,8,8
2024401479272,2024,401479272,507248,224095,-0.44247,51.90508,3,3,5,20:28,-1,E06000032,6,0,1,0,1,"[19, 2, 6]","[3, 0, 7]","[7, 0, 3]","[4, 0]","[1, 0]",0,1,0,0,0,0,0,8,8
2024401479519,2024,401479519,495856,261042,-0.59764,52.23923,3,3,1,13:18,-1,E06000055,6,0,1,0,2,"[9, 2]","[7, 0]","[5, 0]","[4, 0]",0,0,1,0,0,0,0,1,8,4
2024401479555,2024,401479555,509157,221700,-0.41549,51.88319,3,3,7,08:40,-1,E06000032,6,0,1,0,1,19,-1,-1,0,0,0,0,0,0,0,1,1,8,10
2024401479586,2024,401479586,517476,242901,-0.28743,52.07202,2,2,6,20:18,-1,E06000056,6,0,1,0,2,19,3,7,0,1,4,1,0,0,0,0,0,8,9
2024401479673,2024,401479673,508121,222107,-0.43041,51.88705,3,3,7,15:15,-1,E06000032,4,0,1,0,1,"[3, 19]",8,4,0,0,0,1,0,0,0,0,0,8,10
2024401479890,2024,401479890,509473,217606,-0.4122,51.84633,2,2,1,14:10,-1,E06000056,6,0,1,0,2,"[19, 5]","[5, 7]","[1, 3]",0,0,0,1,0,1,0,0,0,7,28
2024401479943,2024,401479943,516473,242878,-0.30207,52.07203,2,2,3,05:16,-1,E06000056,4,2,1,0,2,19,1,5,0,1,0,1,0,0,0,0,0,8,13
2024401479997,2024,401479997,500846,226327,-0.53484,51.92634,2,2,7,10:55,-1,E06000056,4,0,1,0,2,19,5,1,0,1,9,0,0,1,0,0,0,8,10
2024401480022,2024,401480022,508219,219373,-0.42984,51.86245,3,3,3,21:16,-1,E06000032,4,2,1,-1,2,-1,-1,-1,-1,-1,0,1,0,0,0,0,1,8,13
2024401480381,2024,401480381,502529,229379,-0.50947,51.95346,2,"[2, 3]",3,10:51,-1,E06000056,1,0,1,1,2,4,8,4,0,0,0,0,0,0,1,0,0,8,6
2024401480405,2024,401480405,494358,252457,-0.62196,52.16233,3,3,3,16:40,-1,E06000055,3,0,1,0,2,"[19, 9]","[8, 6]",4,0,0,0,1,0,0,0,0,0,8,6
2024401480463,2024,401480463,506991,223364,-0.44643,51.89856,3,3,3,10:07,-1,E06000032,3,0,8,-1,1,-1,-1,-1,-1,-1,0,1,1,0,0,0,0,8,13
2024401481358,2024,401481358,506853,223255,-0.44847,51.89761,3,3,2,19:45,-1,E06000032,3,0,1,0,1,"[9, 19]","[8, 6]","[6, 2]",0,0,0,1,0,0,0,0,0,8,5
2024401481760,2024,401481760,501086,225394,-0.53163,51.91791,3,3,2,18:46,-1,E06000056,4,0,1,0,2,19,5,1,0,0,0,1,0,0,0,0,0,8,12
2024401481768,2024,401481768,501612,237102,-0.52052,52.02304,3,3,7,11:12,-1,E06000056,6,0,1,0,2,"[9, 3]",1,5,0,0,0,1,0,1,0,0,0,7,27
2024401481797,2024,401481797,518700,245227,-0.26877,52.09267,3,3,6,16:40,-1,E06000056,3,0,1,0,1,19,"[8, 4]","[4, 8]",0,0,0,1,0,0,0,0,0,8,2
2024401482117,2024,401482117,508645,220809,-0.42321,51.87528,3,3,3,20:00,-1,E06000032,6,0,1,0,1,19,-1,-1,"[0, -1]","[0, -1]",0,1,0,0,0,0,0,8,20
2024401482265,2024,401482265,508864,221175,-0.41991,51.87852,3,3,2,10:30,-1,E06000032,3,0,1,-1,1,-1,-1,-1,-1,-1,0,1,0,0,0,0,0,8,19
2024401482539,2024,401482539,507131,222490,-0.44467,51.89068,3,3,4,21:50,-1,E06000032,3,2,1,-1,1,-1,-1,-1,-1,-1,0,1,0,0,0,0,0,8,21
2024401482550,2024,401482550,504721,244718,-0.4729,52.09091,3,3,6,17:15,-1,E06000055,6,0,1,0,2,19,-1,-1,-1,-1,0,0,0,1,0,0,1,8,9
2024401482585,2024,401482585,509430,221426,-0.41161,51.88067,3,3,3,06:45,-1,E06000032,6,0,2,1,1,19,"[2, 7]","[6, 3]",0,0,0,1,1,0,0,0,0,8,20
2024401482622,2024,401482622,508977,223596,-0.41751,51.90026,3,3,7,19:37,-1,E06000032,6,0,1,0,1,"[19, 2]","[1, 0]","[5, 0]",0,0,0,1,0,0,0,0,0,8,10
2024401482654,2024,401482654,502596,231141,-0.50797,51.96928,3,3,2,14:22,-1,E06000056,3,0,1,0,2,"[4, 19]","[6, 2]","[2, 6]",0,"[0, 1]",0,1,0,0,0,0,0,8,12
2024401482931,2024,401482931,504474,249837,-0.47493,52.13696,3,3,5,17:34,-1,E06000055,6,0,1,0,1,-1,-1,-1,-1,-1,0,1,0,0,0,0,0,8,22
2024401483020,2024,401483020,511542,221042,-0.38107,51.8768,3,3,4,08:20,-1,E06000032,6,0,1,0,1,-1,-1,-1,-1,-1,0,1,0,1,0,0,0,8,21
2024401484191,2024,401484191,516343,251049,-0.30117,52.14549,3,3,2,04:10,-1,E06000056,3,2,1,0,2,"[19, 13]",5,1,0,0,0,1,0,0,0,0,0,8,26
2024401484231,2024,401484231,505568,222725,-0.4673,51.89309,3,3,5,16:39,-1,E06000032,3,0,1,0,1,-1,-1,-1,-1,-1,0,1,0,0,0,0,0,8,22
2024401484526,2024,401484526,501337,213521,-0.53146,51.81115,2,"[2, 3]",7,18:41,-1,E06000056,4,0,1,0,2,"[19, 13, 9]",1,5,0,"[0, 7]",0,1,0,0,0,0,0,8,17
2024401484539,2024,401484539,504488,222695,-0.483,51.89302,2,2,5,12:45,-1,E06000032,6,0,1,0,1,-1,-1,-1,-1,-1,0,1,0,0,0,0,1,8,22
2024401484546,2024,401484546,516589,244989,-0.29965,52.09098,3,3,1,10:32,-1,E06000056,4,0,1,0,2,"[3, 19]",-1,-1,0,0,0,1,0,1,0,0,0,8,25
2024401484590,2024,401484590,508746,222631,-0.42117,51.89163,3,3,1,20:03,-1,E06000032,3,0,1,0,1,"[4, 19]",-1,-1,0,0,0,1,0,1,0,0,0,8,25
2024401484614,2024,401484614,508197,237573,-0.42444,52.02603,3,3,4,05:16,-1,E06000056,3,0,1,1,2,5,3,7,0,1,0,0,0,0,1,0,0,7,24
2024401484876,2024,401484876,503814,235075,-0.48905,52.00442,3,3,2,19:25,-1,E06000056,6,0,1,0,1,"[19, 2]","[3, 0]","[7, 0]","[4, 0]",0,0,1,0,0,0,0,0,6,24
2024401484970,2024,401484970,497989,226060,-0.57645,51.92445,2,2,3,15:43,-1,E06000056,3,0,1,0,2,19,4,1,0,0,0,1,1,0,0,0,0,8,20
2024401484986,2024,401484986,502336,221239,-0.51469,51.88033,3,3,1,21:35,-1,E06000056,6,2,1,0,1,"[2, 19, 5]","[0, 2, 4]","[0, 6, 8]",0,0,0,1,0,0,0,0,0,8,25
2024401484998,2024,401484998,508430,224778,-0.42508,51.91099,3,3,3,17:06,-1,E06000032,3,0,1,0,1,"[19, 3]",5,1,0,0,0,1,0,0,0,0,0,8,13
2024401485024,2024,401485024,503786,251132,-0.48458,52.14873,3,3,7,07:58,-1,E06000055,6,0,1,0,2,19,6,2,11,1,1,1,0,0,0,0,0,8,3
2024401485067,2024,401485067,509708,221912,-0.40742,51.88498,3,3,5,17:07,-1,E06000032,6,0,1,1,1,"[-1, 19]","[-1, 5]","[-1, 4]","[-1, 10]","[-1, 0]",0,1,0,0,0,0,0,8,22
2024401485076,2024,401485076,501808,222190,-0.52208,51.88898,3,3,4,11:43,-1,E06000056,6,0,1,0,1,"[9, 19]","[1, 2]","[4, 7]",0,0,0,1,0,1,0,0,0,8,21
2024401485305,2024,401485305,518472,258181,-0.26759,52.20912,3,3,7,11:32,-1,E06000055,3,0,2,1,2,"[13, 7]",-1,-1,0,0,0,1,0,0,0,0,0,8,24
2024401485349,2024,401485349,503501,226773,-0.49611,51.92986,3,3,3,07:55,-1,E06000056,1,0,1,0,2,"[4, 19]",1,5,0,0,0,1,0,0,0,0,0,8,27
2024401485357,2024,401485357,506341,224852,-0.45542,51.91206,3,3,1,16:30,-1,E06000032,6,0,1,0,1,-1,-1,-1,-1,-1,0,1,0,0,0,0,0,8,25
2024401486278,2024,401486278,508793,221089,-0.42097,51.87777,3,3,6,22:00,-1,E06000032,6,2,8,0,1,"[1, 19]","[1, 7]","[5, 3]",0,0,0,1,0,0,0,0,0,8,16
2024401486294,2024,401486294,506273,223855,-0.45671,51.90311,3,3,1,20:52,-1,E06000032,6,2,1,0,1,2,3,7,0,0,0,1,0,0,0,0,0,8,11
2024401486323,2024,401486323,506520,223903,-0.45311,51.9035,3,3,2,16:48,-1,E06000032,6,0,1,0,1,19,7,3,0,0,0,1,0,0,0,0,1,8,19
2024401486345,2024,401486345,503753,247538,-0.48616,52.11644,3,3,5,22:11,-1,E06000055,6,2,8,1,1,"[2, 19]",7,3,0,0,0,1,0,0,0,0,0,8,8
2024401486370,2024,401486370,503696,223567,-0.49424,51.90101,2,2,4,17:36,-1,E06000032,6,0,1,0,1,19,2,6,0,0,0,0,1,0,0,0,1,8,28
2024401486383,2024,401486383,507017,221726,-0.44656,51.88383,3,3,5,18:54,-1,E06000032,6,0,1,0,1,"[19, 3]",7,3,0,0,0,1,0,0,0,0,0,8,22
2024401486587,2024,401486587,505868,224404,-0.46243,51.90812,3,3,7,14:34,-1,E06000032,6,0,2,1,1,"[19, 5]",5,1,0,0,0,1,0,0,0,0,0,8,24
2024401486616,2024,401486616,521450,247669,-0.22778,52.11401,3,3,6,08:28,-1,E06000056,4,0,1,0,2,"[14, 9, 10]","[6, 8, 2]","[2, 6, 8]",0,0,0,1,0,1,0,0,0,8,23
2024401486704,2024,401486704,507071,239803,-0.44015,52.04629,3,3,3,17:12,-1,E06000056,3,0,1,0,2,19,5,1,0,0,0,1,0,0,0,0,0,8,27
2024401486731,2024,401486731,505748,248342,-0.45679,52.12329,3,3,2,18:35,-1,E06000055,6,0,1,0,1,19,"[1, 3]","[3, 1]",0,0,0,0,1,0,0,0,0,9,2
2024401486777,2024,401486777,506034,223340,-0.46034,51.89853,3,3,3,16:45,-1,E06000032,6,0,1,0,1,-1,-1,-1,-1,-1,0,1,0,0,0,0,0,8,20
2024401486864,2024,401486864,504477,246527,-0.4759,52.10722,2,"[2, 3]",3,19:46,-1,E06000055,3,2,1,0,2,19,3,8,0,0,0,0,0,1,0,0,0,8,27
2024401487050,2024,401487050,523020,249018,-0.20438,52.12579,3,3,6,20:50,-1,E06000056,6,2,1,0,2,"[19, 5]","[7, 1]","[3, 5]",10,"[0, 3]","[0, 4]",1,0,0,0,0,0,8,2
2024401487213,2024,401487213,507428,223819,-0.43994,51.90257,3,3,4,21:04,-1,E06000032,6,2,1,0,1,"[9, 4]","[8, 2]",6,0,0,0,1,0,0,0,0,0,8,14
2024401487554,2024,401487554,505124,270300,-0.45908,52.32074,3,3,6,06:30,-1,E06000055,4,0,2,1,2,19,7,3,0,0,0,1,0,0,0,0,0,8,23
2024401487626,2024,401487626,503802,249246,-0.48493,52.13178,3,3,1,12:50,-1,E06000055,6,0,1,0,1,"[19, 10]","[2, 8]",6,0,0,0,1,0,0,0,0,0,8,25
2024401487905,2024,401487905,506423,241972,-0.44892,52.06591,2,"[3, 2]",3,08:05,-1,E06000056,3,0,1,0,2,"[19, 9]","[5, 7]","[1, 3]",0,0,0,1,0,0,0,0,0,8,20
2024401487940,2024,401487940,503715,242648,-0.4882,52.0725,3,3,6,15:10,-1,E06000056,6,0,1,0,2,19,"[4, 8]","[8, 4]",0,0,0,1,0,0,0,0,0,8,23
2024401488000,2024,401488000,499674,250162,-0.54494,52.14077,3,3,1,07:32,-1,E06000055,6,0,1,0,2,"[5, 19]","[3, 1]","[7, 5]",0,0,0,1,1,0,0,0,0,9,1
2024401488046,2024,401488046,504947,217917,-0.47778,51.84999,2,2,1,16:14,-1,E06000056,4,0,1,0,2,"[10, 13]",1,5,0,"[0, 3]",0,1,0,0,0,0,0,8,18
2024401488923,2024,401488923,501272,232329,-0.52688,51.9802,3,3,1,13:30,-1,E06000056,1,0,1,0,2,-1,-1,-1,-1,-1,0,1,0,0,0,0,0,9,1
2024401488953,2024,401488953,501316,221632,-0.52939,51.88405,3,3,4,16:45,-1,E06000056,4,0,8,0,1,"[19, 3]","[2, 1]","[2, 5]",0,0,0,1,1,0,0,0,0,8,28
2024401488991,2024,401488991,506827,247567,-0.44128,52.11611,3,3,2,07:17,-1,E06000055,3,0,1,0,2,19,7,3,0,0,0,1,0,0,1,0,0,8,19
2024401488994,2024,401488994,516386,256319,-0.29874,52.19284,2,2,1,03:17,-1,E06000055,3,2,1,0,1,19,5,5,7,1,0,0,0,1,0,0,0,9,1
2024401489118,2024,401489118,509642,220868,-0.40871,51.87561,3,3,3,18:10,-1,E06000032,6,0,1,0,1,-1,-1,-1,-1,-1,0,1,0,0,0,0,0,9,3
2024401489448,2024,401489448,508713,218122,-0.42306,51.85112,3,3,5,18:15,-1,E06000056,1,0,1,0,2,19,5,1,0,0,0,1,0,0,0,0,0,8,15
2024401489485,2024,401489485,490574,226439,-0.68415,51.92911,3,3,2,11:43,-1,E06000056,6,0,2,1,2,"[19, 7]","[8, 2]",4,0,0,0,1,0,0,0,0,0,9,2
2024401489491,2024,401489491,503737,226066,-0.49289,51.92346,3,3,3,17:25,-1,E06000056,4,0,1,0,2,-1,-1,-1,-1,-1,0,1,0,0,0,0,0,9,3
2024401489511,2024,401489511,501507,245019,-0.5197,52.09421,2,2,3,15:35,-1,E06000055,6,0,1,0,2,19,5,1,0,0,0,1,0,0,0,0,1,4,2
2024401489605,2024,401489605,506022,225229,-0.45994,51.91551,3,3,4,08:28,-1,E06000032,6,0,1,0,1,"[19, 5]","[5, 7]","[1, 3]",0,0,0,1,1,0,0,0,0,9,4
2024401489609,2024,401489609,503935,233235,-0.48785,51.98786,2,"[2, 3]",2,15:20,-1,E06000056,6,0,1,0,2,"[19, 6]","[5, 8]","[2, 6]",0,"[0, 7]",0,1,0,0,0,0,0,7,8
2024401489623,2024,401489623,506165,248909,-0.45052,52.1283,3,3,6,08:20,-1,E06000055,3,0,1,0,1,"[3, 15]",3,7,0,0,0,1,0,0,0,0,0,9,6
2024401489830,2024,401489830,503823,225867,-0.4917,51.92166,3,3,6,06:18,-1,E06000056,1,0,1,0,2,"[4, 12]",1,5,0,0,0,1,0,0,0,0,0,8,30
2024401489849,2024,401489849,502361,238070,-0.50932,52.0316,3,3,5,08:30,-1,E06000056,3,0,1,0,2,"[-1, 19]","[-1, 7]","[-1, 7]","[-1, 0]","[-1, 0]",0,1,0,0,0,0,0,7,25
2024401489949,2024,401489949,515316,248895,-0.31691,52.12634,3,3,5,08:43,-1,E06000056,3,0,1,0,2,19,"[8, 4]","[4, 8]",0,0,0,1,0,0,0,0,0,9,5
2024401489995,2024,401489995,508786,223181,-0.42041,51.89657,2,2,3,16:48,-1,E06000032,3,0,1,0,1,19,"[3, 6]","[6, 8]",0,0,0,1,1,0,0,0,0,9,3
2024401490009,2024,401490009,509079,221545,-0.41667,51.88181,3,3,1,20:00,-1,E06000032,6,2,2,1,1,"[19, 13]",1,5,0,0,0,1,0,0,0,0,0,9,8
2024401490037,2024,401490037,503202,247844,-0.49411,52.11929,3,3,5,13:37,-1,E06000055,6,0,1,0,1,19,1,5,0,0,0,1,0,0,0,0,1,8,22
2024401490117,2024,401490117,506110,224295,-0.45895,51.9071,3,3,2,10:00,-1,E06000032,6,0,1,1,1,"[5, 19]",7,3,0,0,0,1,1,0,0,0,0,9,2
2024401490180,2024,401490180,495531,223196,-0.61298,51.89913,1,"[1, 3]",4,11:05,-1,E06000056,3,0,1,0,2,19,7,3,0,7,0,1,0,0,0,0,0,8,14
2024401490468,2024,401490468,492159,223416,-0.66191,51.90168,3,3,5,18:15,-1,E06000056,3,0,1,0,2,"[13, 6]",3,7,0,"[1, 7]","[9, 4]",1,0,0,0,0,0,8,29
2024401490548,2024,401490548,505007,222378,-0.47556,51.89008,3,3,5,17:45,-1,E06000032,6,0,1,0,1,"[2, 19]","[0, 3]","[0, 7]",0,"[0, 1]",0,1,0,0,0,0,0,9,5
2024401490638,2024,401490638,508280,221916,-0.42816,51.8853,2,"[3, 2]",7,19:46,-1,E06000032,6,2,1,0,1,1,1,5,0,7,2,1,0,0,0,0,1,9,7
2024401490696,2024,401490696,508148,237680,-0.42512,52.027,3,3,5,13:40,-1,E06000056,3,0,1,0,2,"[19, 9]","[5, 3]","[1, 8]",0,0,0,1,0,0,0,0,0,9,5
2024401490986,2024,401490986,513902,251222,-0.33677,52.14755,3,3,1,10:55,-1,E06000056,6,0,2,1,2,19,3,7,0,1,0,1,0,0,0,0,0,9,8
2024401491075,2024,401491075,504429,246609,-0.47658,52.10796,3,3,7,10:21,-1,E06000055,3,0,1,0,2,"[5, 3]",7,1,0,0,0,1,0,0,0,0,0,9,7
2024401491107,2024,401491107,510135,220710,-0.4016,51.8741,3,3,4,04:00,-1,E06000032,4,0,1,0,1,-1,-1,-1,-1,-1,0,0,0,1,0,0,1,9,11
2024401491122,2024,401491122,504989,217956,-0.47716,51.85034,3,3,6,14:42,-1,E06000056,3,0,1,0,2,"[15, 9]","[4, 6]","[8, 4]",0,"[7, 0]","[2, 0]",1,0,1,0,0,0,9,6
2024401491908,2024,401491908,506429,222640,-0.45482,51.89216,2,2,7,16:20,-1,E06000032,6,0,1,0,1,19,-1,-1,0,0,0,1,0,0,0,0,1,9,7
2024401492102,2024,401492102,493297,223162,-0.64545,51.8992,3,3,1,00:53,-1,E06000056,4,2,1,0,2,19,"[8, 4]","[4, 8]",0,0,0,1,0,0,0,0,0,9,1
2024401492322,2024,401492322,496097,242884,-0.59925,52.07599,3,3,2,08:27,-1,E06000056,6,0,1,0,2,-1,-1,-1,-1,-1,0,1,0,0,0,0,1,9,16
2024401492376,2024,401492376,508531,221564,-0.42463,51.88209,3,3,1,12:37,-1,E06000032,3,0,1,-1,1,-1,-1,-1,-1,-1,0,1,0,0,0,0,0,9,15
2024401492388,2024,401492388,504448,236483,-0.47939,52.01695,3,3,7,17:30,-1,E06000056,3,0,1,0,2,"[19, 3]",-1,-1,0,0,0,1,1,0,0,0,0,9,14
2024401492405,2024,401492405,516852,237856,-0.29826,52.02682,3,3,4,07:07,-1,E06000056,3,0,1,0,2,19,7,3,0,0,0,1,1,0,0,0,0,9,11
2024401492540,2024,401492540,506536,236797,-0.44888,52.01938,2,"[3, 2]",6,09:57,-1,E06000056,3,0,1,0,2,"[19, 5]","[3, 5]","[7, 1]",0,0,0,1,0,0,0,0,0,8,9
2024401492756,2024,401492756,500425,234035,-0.53871,51.99569,3,3,2,15:08,-1,E06000056,1,0,1,0,2,19,1,5,0,0,0,1,0,0,1,0,0,9,16
2024401492795,2024,401492795,504220,249814,-0.47865,52.1368,3,3,6,08:44,-1,E06000055,3,0,1,0,1,"[4, 19]",5,1,0,0,0,1,0,0,0,0,0,8,30
2024401492796,2024,401492796,516281,246907,-0.30349,52.10828,3,3,2,13:27,-1,E06000056,6,0,1,0,2,"[3, 19, 2]","[5, 1, 0]","[1, 5, 0]",0,0,0,1,0,0,0,0,0,9,9
2024401492863,2024,401492863,501494,237982,-0.52198,52.03097,3,3,2,10:27,-1,E06000056,6,0,1,0,2,"[19, 3]",5,1,0,0,0,1,0,0,0,0,0,9,16
2024401492922,2024,401492922,525470,246454,-0.16956,52.1022,3,3,1,21:31,-1,E06000056,6,2,1,0,2,19,5,3,0,1,9,1,0,0,0,0,0,9,8
2024401492929,2024,401492929,496372,224428,-0.60042,51.91006,3,3,3,17:25,-1,E06000056,6,0,2,1,2,19,"[4, 8]","[8, 4]",0,0,0,1,0,0,0,0,0,9,10
2024401492952,2024,401492952,503977,250615,-0.48195,52.14405,3,3,5,16:50,-1,E06000055,3,0,2,-1,1,3,5,1,0,0,0,1,0,0,0,0,1,9,12
2024401493087,2024,401493087,514360,239120,-0.33414,52.0387,3,3,2,19:20,-1,E06000056,6,2,1,0,1,-1,-1,-1,-1,-1,0,0,0,0,0,0,1,9,16
2024401493460,2024,401493460,492957,225989,-0.64962,51.92467,3,3,3,08:35,-1,E06000056,6,0,1,0,1,19,1,3,0,0,0,1,0,0,0,0,1,9,17
2024401493985,2024,401493985,510447,220240,-0.39722,51.86981,3,3,3,11:40,-1,E06000056,3,0,1,0,2,"[19, 3, 7]","[7, 1]","[1, 5]","[0, 9]","[0, 4]",0,1,0,0,0,0,0,7,23
2024401494868,2024,401494868,504451,246628,-0.47625,52.10813,3,3,4,17:00,-1,E06000055,3,0,1,0,2,4,6,2,0,0,0,1,0,0,0,0,0,9,18
2024401494924,2024,401494924,507213,224464,-0.44287,51.9084,3,3,4,14:38,-1,E06000032,6,0,1,0,1,"[-1, 19]","[-1, 8]","[-1, 4]","[-1, 0]","[-1, 0]",0,1,0,0,0,0,0,9,18
2024401494958,2024,401494958,507195,222266,-0.44381,51.88865,3,3,7,14:45,-1,E06000032,6,0,9,-1,1,"[3, 9]","[7, 3]","[3, 1]",0,0,0,1,0,1,0,0,0,9,21
2024401495268,2024,401495268,505028,250386,-0.46667,52.14179,3,3,6,17:52,-1,E06000055,6,0,1,0,1,-1,-1,-1,-1,-1,0,1,0,0,0,0,1,9,20
2024401495433,2024,401495433,504332,222528,-0.48532,51.89155,3,3,7,19:03,-1,E06000032,6,0,1,0,1,"[-1, 10]",-1,-1,"[-1, 0]","[-1, 0]",0,1,0,0,0,0,0,9,21
2024401495451,2024,401495451,522549,244077,-0.21303,52.08149,2,"[2, 3]",2,06:48,-1,E06000056,6,0,1,1,2,"[19, 4]",7,3,0,0,0,1,0,1,0,0,0,9,16
2024401495798,2024,401495798,504321,222480,-0.48549,51.89112,3,3,1,09:55,-1,E06000056,3,0,2,1,1,"[12, 19]","[7, 5]",1,0,0,0,1,0,0,0,0,0,9,22
2024401495804,2024,401495804,502201,221542,-0.51656,51.88308,3,3,2,06:40,-1,E06000056,3,2,2,1,1,-1,-1,-1,-1,-1,0,1,0,0,0,0,1,9,23
2024401495873,2024,401495873,508744,221315,-0.42161,51.87981,3,3,6,16:05,-1,E06000032,6,0,1,0,1,"[2, 19, 5]","[0, 2, 1]","[0, 6]",0,0,0,1,0,0,0,0,0,9,6
2024401495883,2024,401495883,505940,222660,-0.46192,51.89243,3,3,6,10:20,-1,E06000032,3,0,1,1,1,"[20, 4]",7,3,0,0,0,1,0,0,1,0,0,9,20
2024401495892,2024,401495892,492319,226069,-0.65888,51.92549,2,2,2,16:46,-1,E06000056,6,0,1,0,1,"[7, 19]","[7, 6]","[2, 1]",0,0,0,1,0,1,0,0,0,9,16
2024401496072,2024,401496072,505411,222550,-0.46964,51.89155,3,3,3,16:56,-1,E06000032,1,0,1,0,1,"[3, 12]",5,1,0,0,0,1,0,0,1,0,0,9,24
2024401496117,2024,401496117,508303,225384,-0.42674,51.91646,3,3,1,20:05,-1,E06000032,3,2,2,-1,1,-1,-1,-1,-1,-1,0,1,0,0,0,0,0,9,22
2024401496158,2024,401496158,508257,237056,-0.42373,52.02137,3,3,3,17:40,-1,E06000056,3,0,1,-1,2,-1,-1,-1,-1,-1,0,1,0,0,1,0,0,9,24
2024401496207,2024,401496207,509432,221426,-0.41158,51.88067,3,3,3,05:30,-1,E06000032,6,2,2,1,1,"[9, 5]","[7, 5]","[5, 1]",0,0,0,1,0,0,0,0,0,9,24
2024401496513,2024,401496513,509159,221579,-0.4155,51.8821,3,3,3,13:52,-1,E06000032,6,0,1,0,1,19,-1,-1,0,0,0,0,0,0,1,0,1,9,24
2024401496606,2024,401496606,505722,244440,-0.45838,52.08822,3,3,4,08:24,-1,E06000055,3,0,1,0,2,"[19, 5]",5,"[1, 7]",0,0,0,1,0,0,0,0,0,9,18
2024401496621,2024,401496621,500587,248155,-0.5322,52.12257,3,3,4,19:30,-1,E06000055,4,2,1,0,2,19,7,3,0,1,0,1,0,0,0,0,0,9,18
2024401496711,2024,401496711,519116,234379,-0.26648,51.99509,3,3,6,21:06,-1,E06000056,6,2,1,0,2,19,5,1,0,0,0,1,0,0,0,0,1,9,13
2024401496719,2024,401496719,504650,248282,-0.47284,52.12296,3,3,4,08:47,-1,E06000055,3,0,1,0,1,3,5,1,0,0,0,1,0,0,0,0,1,9,18
2024401496768,2024,401496768,505661,248567,-0.45799,52.12532,3,3,5,07:30,-1,E06000055,6,0,1,0,1,7,8,2,0,0,0,1,0,0,0,0,1,9,12
2024401496796,2024,401496796,505894,251278,-0.45374,52.14964,3,3,3,21:00,-1,E06000055,6,2,9,-1,1,-1,-1,-1,-1,-1,0,1,0,0,0,0,1,9,24
2024401497574,2024,401497574,503813,250052,-0.48452,52.13902,3,3,4,09:20,-1,E06000055,6,0,1,0,1,9,7,5,0,0,0,1,0,0,0,0,1,9,4
2024401497604,2024,401497604,503365,250209,-0.49101,52.14052,3,3,6,07:32,-1,E06000055,3,0,2,1,2,"[19, 7]","[-1, 1]","[-1, 3]",0,0,0,1,1,0,0,0,0,9,27