collision_index,collision_year,collision_ref_no,location_easting_osgr,location_northing_osgr,longitude,latitude,casualty_severity,casualty_severity,day_of_week,time,local_authority_district,local_authority_ons_district,first_road_class,light_conditions,weather_conditions,road_surface_conditions,urban_or_rural_area,vehicle_manoeuvre,vehicle_direction_from,vehicle_direction_to,hit_object_in_carriageway,vehicle_leaving_carriageway,hit_object_off_carriageway,is_car,is_cyle,is_mcyle,is_goodsv,is_other,is_pedestrian,month,day
2024401497614,2024,401497614,504827,246159,-0.47091,52.10384,3,3,4,07:33,-1,E06000055,3,0,1,1,2,"[4, 19]",5,1,0,0,0,1,0,0,0,0,0,9,25
2024401497648,2024,401497648,508267,222461,-0.42818,51.8902,2,2,3,13:15,-1,E06000032,6,0,1,0,1,"[13, 19]","[4, 8]","[8, 4]",0,0,0,1,0,0,0,0,0,7,30
2024401497680,2024,401497680,508083,222143,-0.43095,51.88738,3,3,1,18:33,-1,E06000032,4,0,1,-1,1,-1,-1,-1,-1,-1,0,1,0,0,0,0,0,9,29
2024401497732,2024,401497732,493850,232561,-0.63485,51.98359,3,3,1,11:10,-1,E06000056,6,0,1,1,2,"[19, 9]","[2, 7]",6,0,0,0,1,1,0,0,0,0,9,29
2024401497995,2024,401497995,501054,225561,-0.53204,51.91941,3,3,7,18:20,-1,E06000056,3,0,1,0,2,-1,-1,-1,-1,-1,0,1,0,0,0,0,0,9,28
2024401498143,2024,401498143,508773,218428,-0.4221,51.85385,3,3,6,12:30,-1,E06000056,3,0,1,0,2,-1,-1,-1,-1,-1,0,1,0,0,0,0,0,9,27
2024401498251,2024,401498251,506807,222654,-0.44932,51.89221,3,3,7,14:40,-1,E06000032,6,0,1,0,1,-1,-1,-1,-1,-1,0,1,0,0,0,0,1,9,28
2024401498265,2024,401498265,507521,223701,-0.43863,51.90149,3,3,7,14:02,-1,E06000032,6,0,1,0,1,"[1, 2]","[1, 0]","[5, 0]","[4, 0]","[6, 7]","[0, 11]",1,0,0,0,0,1,9,21
2024401498313,2024,401498313,506416,222585,-0.45503,51.89167,3,3,5,23:53,-1,E06000032,6,2,1,0,1,"[3, -1]",-1,-1,"[0, -1]","[0, -1]",0,1,0,0,0,0,0,9,5
2024401498320,2024,401498320,504074,225339,-0.48821,51.91686,3,3,3,18:20,-1,E06000056,1,0,1,0,2,"[19, -1]",-1,-1,"[0, -1]","[0, -1]",0,1,0,0,1,0,0,9,17
2024401498463,2024,401498463,506846,222331,-0.44886,51.8893,3,3,2,20:43,-1,E06000032,6,2,1,1,1,"[19, 5, 20]","[7, 5, 0]","[3, 2, 0]",0,0,0,1,0,0,0,0,0,9,16
2024401498481,2024,401498481,508032,221298,-0.43196,51.87979,3,3,4,10:54,-1,E06000032,6,0,1,0,1,19,"[1, 7]","[5, 3]",0,0,0,0,1,0,0,0,0,9,4
2024401498501,2024,401498501,502084,228530,-0.51619,51.94591,3,3,6,13:16,-1,E06000056,4,0,1,0,2,"[9, 19, 2]",1,5,0,0,0,1,0,0,0,0,0,9,13
2024401498540,2024,401498540,519946,237698,-0.25324,52.02474,2,"[2, 3]",2,06:14,-1,E06000056,3,0,1,1,2,"[19, 10]",3,7,0,0,0,1,0,0,0,0,0,9,16
2024401498545,2024,401498545,492065,225185,-0.66281,51.91759,3,3,2,16:45,-1,E06000056,6,0,1,0,1,"[19, 5]","[3, 5]","[7, 1]",0,0,0,1,0,1,0,0,0,9,9
2024401498563,2024,401498563,507004,223380,-0.44624,51.8987,3,3,6,23:00,-1,E06000032,3,2,1,0,1,19,"[4, 6]","[8, 2]",0,0,0,1,0,0,0,0,0,9,20
2024401498578,2024,401498578,503696,226135,-0.49347,51.92409,3,3,7,11:20,-1,E06000056,1,0,1,0,2,4,5,1,0,0,0,1,0,0,0,0,0,9,14
2024401498648,2024,401498648,506312,252299,-0.44732,52.15874,3,3,2,16:40,-1,E06000055,6,0,2,1,1,"[10, 19]",-1,-1,0,0,0,1,0,1,0,0,0,9,30
2024401498714,2024,401498714,508732,220976,-0.42189,51.87676,3,3,1,21:17,-1,E06000032,6,2,1,0,1,5,0,4,4,0,0,1,0,0,0,0,1,6,2
2024401498730,2024,401498730,516033,255521,-0.30418,52.18574,3,3,7,10:30,-1,E06000055,3,0,1,0,2,4,1,5,0,0,0,1,0,0,0,0,0,9,21
2024401498742,2024,401498742,503473,246314,-0.49062,52.10549,3,3,1,14:04,-1,E06000055,3,0,1,0,2,"[4, -1]","[3, -1]","[7, -1]","[0, -1]","[0, -1]",0,1,0,0,0,0,0,9,29
2024401498750,2024,401498750,506279,222162,-0.45715,51.88789,3,3,5,17:07,-1,E06000032,6,0,1,0,1,19,"[5, 3]","[1, 7]",0,0,0,1,0,0,0,0,0,9,19
2024401498958,2024,401498958,503957,250816,-0.48218,52.14586,3,3,2,08:59,-1,E06000055,3,0,1,0,1,"[5, 3]",5,"[2, 1]",0,0,0,1,0,0,0,0,0,6,3
2024401499042,2024,401499042,506872,247576,-0.44062,52.11619,3,3,5,00:51,-1,E06000055,3,2,1,0,2,19,3,6,0,0,0,0,0,1,0,0,0,9,19
2024401499109,2024,401499109,520898,236044,-0.23995,52.00967,3,3,7,00:48,-1,E06000056,6,2,1,0,2,"[4, 19]","[1, 2]",3,0,0,0,1,0,0,0,0,0,9,21
2024401499131,2024,401499131,495948,238252,-0.60272,52.03438,3,3,1,22:24,-1,E06000056,3,2,2,1,2,"[19, 13]",1,1,0,0,0,1,0,0,0,0,0,9,22
2024401499147,2024,401499147,492787,224764,-0.65243,51.91369,3,3,4,20:49,-1,E06000056,6,2,1,1,1,19,7,3,0,0,0,1,0,0,0,0,0,9,25
2024401499207,2024,401499207,512295,221788,-0.36989,51.88335,3,3,3,12:00,-1,E06000032,6,0,2,1,1,"[19, -1]",-1,-1,"[0, -1]","[0, -1]",0,1,0,0,0,0,0,10,1
2024401499346,2024,401499346,508507,221564,-0.42497,51.88209,3,3,5,12:32,-1,E06000032,3,0,1,1,1,"[3, 8]",7,"[3, 1]",0,0,0,1,0,0,1,0,0,9,12
2024401499489,2024,401499489,506798,228838,-0.44754,51.9478,3,3,6,16:11,-1,E06000056,6,0,1,0,2,"[7, 19]",4,8,0,0,0,1,0,0,0,0,0,9,20
2024401500415,2024,401500415,500393,250170,-0.53444,52.14071,2,2,1,16:31,-1,E06000055,3,0,1,0,2,19,"[3, 7]","[7, 3]",0,"[0, 1]",0,1,0,0,0,0,0,9,15
2024401500594,2024,401500594,495852,237287,-0.60439,52.02573,2,2,5,05:50,-1,E06000056,3,2,1,-1,2,-1,-1,-1,-1,-1,0,1,0,0,1,0,0,10,3
2024401500612,2024,401500612,508966,224470,-0.41739,51.90812,3,3,2,16:53,-1,E06000032,6,0,1,1,1,"[3, 19]","[5, 1]","[1, 5]",0,0,0,1,0,0,0,0,0,9,30
2024401500656,2024,401500656,504562,248993,-0.4739,52.12936,3,3,5,12:35,-1,E06000055,6,0,1,0,1,"[5, 9]",5,"[5, 3]",0,0,0,1,0,0,0,0,0,9,26
2024401500691,2024,401500691,500814,222116,-0.53654,51.88849,3,3,5,18:00,-1,E06000056,6,0,1,0,1,1,-1,-1,0,0,0,1,0,0,0,0,1,10,3
2024401500940,2024,401500940,505025,236124,-0.4711,52.01362,3,3,6,14:54,-1,E06000056,3,0,1,1,2,19,"[1, 8]","[5, 4]",0,"[7, 0]","[10, 0]",1,0,0,1,0,0,9,27
2024401500961,2024,401500961,516914,237856,-0.29735,52.02681,2,2,6,13:46,-1,E06000056,3,0,8,0,2,"[6, 13]",1,2,0,0,0,1,0,0,0,0,0,8,9
2024401501068,2024,401501068,505562,247017,-0.45991,52.11141,3,3,2,00:36,-1,E06000055,3,2,1,0,2,19,3,7,0,1,0,0,0,1,0,0,0,9,30
2024401501477,2024,401501477,509218,223753,-0.41396,51.90163,3,3,2,08:05,-1,E06000032,6,0,1,0,1,-1,-1,-1,-1,-1,0,1,0,1,0,0,0,10,7
2024401501506,2024,401501506,516402,242167,-0.30334,52.06566,2,2,7,08:45,-1,E06000056,4,0,1,0,2,"[4, 19]",1,5,0,0,0,1,0,1,0,0,0,9,21
2024401501692,2024,401501692,501501,217642,-0.52787,51.84816,3,3,1,11:28,-1,E06000056,6,0,1,0,2,"[19, 14]",5,1,0,0,0,0,1,1,0,0,0,10,6
2024401501706,2024,401501706,507064,223987,-0.44518,51.90415,3,3,6,08:15,-1,E06000032,6,0,1,1,1,19,3,7,11,0,0,1,0,0,0,0,1,10,4
2024401501729,2024,401501729,508754,223158,-0.42088,51.89637,3,3,5,14:43,-1,E06000032,3,0,1,0,1,"[7, 3]","[2, 3]","[6, 7]",0,0,0,1,1,0,0,0,0,10,3
2024401502007,2024,401502007,506923,222923,-0.44756,51.89461,3,3,2,16:00,-1,E06000032,6,0,2,1,1,"[1, 19, 14]","[7, 3]","[3, 7]","[0, 4]",0,0,1,0,0,0,0,0,9,30
2024401502039,2024,401502039,505000,249717,-0.46728,52.13579,3,3,7,23:00,-1,E06000055,3,2,1,-1,1,-1,-1,-1,-1,-1,0,1,1,0,0,0,0,9,28
2024401502075,2024,401502075,502409,222577,-0.51323,51.89235,3,3,4,14:37,-1,E06000056,3,0,2,1,1,-1,-1,-1,-1,-1,0,1,1,0,0,0,0,10,9
2024401502107,2024,401502107,491181,225101,-0.67568,51.91698,3,3,6,18:30,-1,E06000056,6,0,1,0,1,19,5,1,0,0,0,1,0,0,0,0,1,10,4
2024401502184,2024,401502184,502611,224082,-0.50985,51.90584,2,"[3, 2]",1,03:16,-1,E06000056,6,2,1,0,1,5,7,2,0,0,0,0,0,0,0,0,0,10,6
2024401502419,2024,401502419,501564,246817,-0.51833,52.11036,3,3,5,17:31,-1,E06000055,3,0,1,0,2,19,4,8,0,0,0,1,0,0,0,0,0,10,3
2024401502465,2024,401502465,503768,249631,-0.4853,52.13525,2,2,1,20:10,-1,E06000055,6,2,5,-1,1,-1,-1,-1,-1,-1,0,1,0,0,0,0,0,10,6
2024401502471,2024,401502471,508576,221524,-0.42398,51.88172,3,3,7,12:42,-1,E06000032,3,0,1,0,1,4,7,3,0,0,0,1,0,0,0,0,0,10,5
2024401502480,2024,401502480,509441,237214,-0.40643,52.02256,3,3,6,23:29,-1,E06000056,3,2,1,0,2,"[4, 19]","[6, 3]","[1, 8]",0,0,0,0,0,1,0,1,0,10,4
2024401502505,2024,401502505,495007,235628,-0.61716,52.01096,3,3,5,08:06,-1,E06000056,6,0,1,1,2,19,6,2,0,0,0,1,0,0,0,0,1,10,3
2024401502604,2024,401502604,500095,242590,-0.54102,52.07264,3,3,2,05:42,-1,E06000056,6,2,2,1,2,"[19, 4]","[2, 6]","[6, 2]",0,0,0,1,0,0,0,1,0,9,30
2024401503354,2024,401503354,516470,249769,-0.29976,52.13396,3,3,7,23:28,-1,E06000056,3,2,2,1,1,"[4, 2]","[1, 0]","[5, 0]","[4, 0]","[1, 0]",0,1,0,0,0,0,0,9,21
2024401503359,2024,401503359,509799,221127,-0.40635,51.87791,3,3,5,09:05,-1,E06000032,3,0,2,1,1,"[11, 19]",-1,-1,0,0,0,1,0,0,0,0,0,10,10
2024401503375,2024,401503375,516588,248591,-0.29844,52.12335,3,3,4,20:20,-1,E06000056,3,2,2,1,2,"[4, -1, 2]","[4, -1, 0]","[8, -1, 0]","[0, -1]","[0, -1]",0,1,0,0,0,1,0,9,25
2024401503399,2024,401503399,516835,257828,-0.29165,52.2063,3,3,7,20:27,-1,E06000055,3,2,1,1,2,"[19, 5]","[1, 3]","[5, 1]",0,0,0,1,0,0,0,0,0,10,5
2024401503754,2024,401503754,508253,221930,-0.42855,51.88543,3,3,2,18:44,-1,E06000032,3,2,1,0,1,5,1,5,0,0,0,1,0,0,0,0,1,10,7
2024401503767,2024,401503767,504241,249523,-0.47843,52.13419,3,3,6,13:00,-1,E06000055,6,0,1,-1,2,-1,-1,-1,-1,-1,0,1,1,0,0,0,0,10,11
2024401503824,2024,401503824,519802,245494,-0.2526,52.09483,2,2,6,09:17,-1,E06000056,4,0,8,1,1,"[19, 7]","[2, 6]","[6, 2]",0,0,0,1,0,1,0,0,0,9,20
2024401503888,2024,401503888,495860,237255,-0.60428,52.02544,3,3,2,19:40,-1,E06000056,3,2,1,0,2,-1,-1,-1,-1,-1,0,1,0,0,0,0,0,10,14
2024401503918,2024,401503918,501084,243423,-0.52635,52.07995,3,3,6,08:27,-1,E06000055,6,0,1,0,2,"[19, 5]","[3, 0]",7,0,"[1, 0]","[9, 0]",1,0,0,0,0,0,10,4
2024401503972,2024,401503972,505153,249101,-0.46524,52.13022,3,3,2,06:55,-1,E06000055,3,2,1,-1,1,"[5, 19]",-1,-1,0,0,0,1,1,0,0,0,0,10,14
2024401504018,2024,401504018,511017,224657,-0.38753,51.90939,3,3,3,06:38,-1,E06000032,3,0,2,1,1,"[19, 10]","[6, 4]",2,0,0,0,1,0,0,0,0,0,10,8
2024401504026,2024,401504026,505460,250633,-0.46028,52.14393,3,3,2,11:20,-1,E06000055,6,0,1,0,1,"[19, 2]","[-1, 0]","[-1, 0]",0,0,0,1,0,0,0,0,1,10,7
2024401504266,2024,401504266,502964,236119,-0.50112,52.01396,2,2,6,23:23,-1,E06000056,3,2,1,-1,1,-1,-1,-1,-1,-1,0,1,0,0,0,0,0,10,11
2024401504383,2024,401504383,504645,248263,-0.47292,52.12279,3,3,6,15:40,-1,E06000055,3,0,1,0,1,"[19, 4]",-1,-1,0,0,0,1,0,0,0,0,0,10,11
2024401504390,2024,401504390,494306,222369,-0.631,51.89191,3,3,5,07:40,-1,E06000056,4,0,2,1,2,"[19, 7]",-1,-1,0,0,0,1,0,0,0,0,0,10,10
2024401504410,2024,401504410,502783,236941,-0.50351,52.02138,2,2,5,16:18,-1,E06000056,6,0,1,0,2,"[19, 2]","[2, 7]","[5, 3]",0,0,0,1,0,0,0,0,0,9,19
2024401505004,2024,401505004,504495,246655,-0.4756,52.10836,3,3,5,13:39,-1,E06000055,3,0,1,0,2,"[19, 7]","[1, 7]","[5, 3]",0,"[0, 1]","[0, 2]",1,0,0,0,0,0,10,3
2024401505038,2024,401505038,504597,248727,-0.47347,52.12696,2,2,3,17:08,-1,E06000055,6,0,1,0,1,"[5, 19]","[8, 2]","[4, 6]",0,0,0,1,0,0,0,0,0,9,17
2024401505368,2024,401505368,503988,249480,-0.48214,52.13385,2,2,2,11:09,-1,E06000055,6,0,1,0,1,19,4,8,0,0,0,1,0,0,0,0,1,9,23
2024401506325,2024,401506325,507244,222270,-0.4431,51.88868,3,3,7,14:20,-1,E06000032,6,0,1,1,1,19,"[7, 4]","[4, 7]",0,0,0,1,0,0,0,0,0,10,12
2024401506429,2024,401506429,504942,222885,-0.47635,51.89464,3,3,4,19:35,-1,E06000032,6,2,1,-1,1,-1,-1,-1,-1,-1,0,1,0,0,0,0,1,10,16
2024401506449,2024,401506449,510854,222244,-0.39067,51.88774,2,2,2,17:02,-1,E06000032,6,0,1,0,1,19,7,3,0,0,0,1,0,1,0,0,0,10,7
2024401506465,2024,401506465,510026,220843,-0.40314,51.87531,3,3,5,19:30,-1,E06000032,3,2,1,0,1,19,"[7, 1]","[1, 6]",0,0,0,1,0,1,0,0,0,10,10
2024401506485,2024,401506485,495842,237260,-0.60454,52.02549,3,3,4,16:04,-1,E06000056,3,0,1,0,2,5,3,7,0,0,0,1,0,0,0,0,0,9,4
2024401506505,2024,401506505,503212,247524,-0.49406,52.11641,3,3,3,19:15,-1,E06000055,6,2,8,-1,1,-1,-1,-1,-1,-1,0,1,0,0,0,0,1,10,15
2024401506602,2024,401506602,509870,221053,-0.40534,51.87723,3,3,5,18:30,-1,E06000032,3,2,1,0,1,"[19, -1]","[4, -1]","[8, -1]","[0, -1]","[0, -1]",0,1,0,0,0,0,0,10,17
2024401506831,2024,401506831,508980,218700,-0.41901,51.85626,3,3,7,12:55,-1,E06000056,3,0,1,0,2,-1,-1,-1,-1,-1,0,1,0,0,0,0,0,10,19
2024401506860,2024,401506860,517241,257982,-0.28566,52.2076,3,3,6,12:38,-1,E06000055,3,0,1,0,2,"[6, 4]",5,"[7, 1]",0,0,0,1,0,0,0,0,0,10,11
2024401506950,2024,401506950,507659,222160,-0.4371,51.88761,3,3,4,04:17,-1,E06000032,3,2,7,1,1,"[2, 19]","[0, 8]","[0, 4]","[0, 4]",0,0,1,0,0,0,0,0,10,16
2024401506980,2024,401506980,501078,250660,-0.52429,52.14499,3,3,5,11:10,-1,E06000055,6,0,1,0,2,-1,-1,-1,-1,-1,0,1,0,0,0,0,1,10,17
2024401507038,2024,401507038,518212,258150,-0.2714,52.2089,2,2,7,14:26,-1,E06000055,3,0,1,0,1,19,7,3,0,0,0,1,0,1,0,0,0,10,12
2024401507120,2024,401507120,492901,223798,-0.65103,51.90499,3,3,6,12:50,-1,E06000056,6,0,1,1,1,-1,-1,-1,-1,-1,0,1,0,0,0,0,1,10,18
2024401507140,2024,401507140,505643,224617,-0.46563,51.91008,2,"[3, 2]",3,14:55,-1,E06000032,6,0,2,1,1,"[19, 4, 3]","[4, 8]","[8, 4]","[0, 10]","[1, 0]",0,1,0,0,0,0,0,10,1
2024401507346,2024,401507346,502560,229319,-0.50903,51.95291,3,3,7,11:00,-1,E06000056,1,0,1,0,2,19,5,1,0,0,0,1,0,0,0,0,0,10,5
2024401507369,2024,401507369,501326,232025,-0.52619,51.97746,3,3,7,11:35,-1,E06000056,1,0,1,1,2,-1,-1,-1,-1,-1,0,1,0,0,0,0,0,10,19
2024401507482,2024,401507482,496523,238665,-0.59422,52.038,3,3,3,02:34,-1,E06000056,3,2,1,0,2,19,2,6,0,0,0,1,0,0,0,0,0,10,15
2024401507519,2024,401507519,505690,222693,-0.46554,51.89278,3,3,6,08:00,-1,E06000032,3,0,1,0,1,4,7,3,0,0,0,1,0,0,0,0,0,10,18
2024401507564,2024,401507564,509173,220929,-0.4155,51.87625,3,3,6,18:55,-1,E06000032,6,2,1,1,1,7,5,8,0,0,0,1,0,0,1,0,0,10,18
2024401507595,2024,401507595,508940,224585,-0.41773,51.90916,3,3,3,14:30,-1,E06000032,6,0,1,0,1,-1,-1,-1,-1,-1,0,1,1,0,0,0,0,10,22
2024401507615,2024,401507615,507004,223380,-0.44624,51.8987,3,3,5,20:59,-1,E06000032,6,2,1,0,1,"[9, 19]","[5, 1]","[2, 5]",0,0,0,1,1,0,0,0,0,10,17
2024401507889,2024,401507889,508904,224718,-0.41821,51.91036,2,2,4,19:00,-1,E06000032,6,0,1,0,1,19,1,5,0,1,0,1,0,0,0,0,0,8,7
2024401507905,2024,401507905,496808,220760,-0.59511,51.87702,3,3,6,16:43,-1,E06000056,6,0,1,0,2,"[19, 3]","[6, 8]","[2, 4]",0,0,0,1,1,0,0,0,0,10,18
2024401507954,2024,401507954,493714,224573,-0.639,51.91182,2,2,4,16:38,-1,E06000056,6,0,1,1,1,5,"[6, 1]","[8, 4]",0,0,0,1,1,0,0,0,0,10,9
2024401508005,2024,401508005,509871,221049,-0.40533,51.8772,3,3,4,10:22,-1,E06000032,3,0,2,1,1,"[19, 5]","[4, 6]","[8, 2]",0,0,0,1,0,0,0,0,0,9,25
2024401508076,2024,401508076,505605,223824,-0.46643,51.90296,3,3,2,08:39,-1,E06000032,6,0,1,0,1,19,-1,-1,0,0,0,1,1,0,0,0,0,10,21
2024401508398,2024,401508398,508374,236445,-0.42222,52.01586,3,3,5,13:55,-1,E06000056,3,0,1,0,2,"[10, 19]","[5, 1]","[3, 5]",0,"[0, 1]",0,1,0,0,0,0,0,10,10
2024401508454,2024,401508454,507978,223266,-0.43212,51.89749,3,3,3,09:00,-1,E06000032,6,0,1,0,1,19,-1,-1,0,0,0,1,0,1,0,0,0,10,22
2024401508592,2024,401508592,493411,251390,-0.63609,52.1529,3,3,2,17:13,-1,E06000055,6,0,1,1,2,19,3,7,0,7,3,1,0,0,0,0,0,10,14
2024401509301,2024,401509301,502762,222040,-0.50827,51.88746,3,3,4,15:20,-1,E06000056,3,0,1,0,1,-1,-1,-1,-1,-1,0,1,0,0,0,0,0,10,23
2024401509349,2024,401509349,506329,224761,-0.45562,51.91124,3,3,7,15:20,-1,E06000032,6,0,1,0,1,19,"[6, 2]","[2, 6]",0,0,0,1,0,0,0,0,0,10,19
2024401509409,2024,401509409,491452,227710,-0.67105,51.94039,3,3,7,12:04,-1,E06000056,6,0,2,1,2,"[19, 9]","[2, 4]","[6, 2]",0,0,0,1,0,0,0,0,0,10,12
2024401509474,2024,401509474,494942,223288,-0.62151,51.90006,2,2,6,02:35,-1,E06000056,3,2,1,0,2,"[19, 4]","[7, 3]","[3, 7]",0,0,0,1,0,0,1,0,0,10,18
2024401509478,2024,401509478,511599,249642,-0.37093,52.13382,3,3,3,14:35,-1,E06000055,3,0,1,0,2,"[19, 4]",3,7,0,0,0,1,0,0,0,0,0,10,22
2024401509548,2024,401509548,503016,240268,-0.49911,52.05124,3,3,5,21:00,-1,E06000056,4,2,1,0,2,"[19, 5]","[1, 3]","[5, 7]",0,0,0,1,0,0,0,0,0,10,10
2024401509587,2024,401509587,505055,249724,-0.46648,52.13584,3,3,4,12:45,-1,E06000055,3,0,1,0,1,"[19, 5]",7,5,0,0,0,1,0,0,1,0,0,10,23
2024401509768,2024,401509768,504544,249530,-0.474,52.13419,2,2,5,12:34,-1,E06000055,3,0,1,0,1,19,4,1,7,1,0,1,0,0,0,0,0,10,17
2024401509775,2024,401509775,510131,223162,-0.40088,51.89613,3,3,4,17:25,-1,E06000032,3,0,1,-1,1,"[3, -1]",-1,-1,"[0, -1]","[0, -1]",0,1,0,0,0,0,0,10,23
2024401509857,2024,401509857,495556,237353,-0.60868,52.02637,3,3,1,13:17,-1,E06000056,3,0,1,0,2,5,3,7,0,0,0,1,0,1,0,0,0,10,27
2024401509948,2024,401509948,508810,221761,-0.42051,51.8838,3,3,4,04:30,-1,E06000032,3,2,2,1,1,"[19, 9]",5,"[1, 3]",0,0,0,1,0,0,1,0,0,9,25
2024401509978,2024,401509978,508963,221084,-0.4185,51.87769,3,3,5,14:09,-1,E06000032,3,0,1,0,1,"[19, 3]",1,5,0,0,0,1,0,0,0,0,0,10,24
2024401510013,2024,401510013,499904,259419,-0.53886,52.22393,3,3,6,09:42,-1,E06000055,6,0,1,0,2,19,6,2,0,0,0,1,0,0,0,0,1,10,11
2024401510081,2024,401510081,502227,242209,-0.51004,52.06883,3,3,5,17:11,-1,E06000055,6,2,9,-1,2,-1,-1,-1,-1,-1,0,1,0,0,0,0,1,10,24
2024401510349,2024,401510349,515926,255164,-0.30586,52.18255,3,3,4,04:24,-1,E06000055,3,2,2,1,2,"[11, 19]",1,5,"[0, 11]","[0, 4]",0,1,0,0,1,0,0,10,9
2024401510701,2024,401510701,503284,225557,-0.49963,51.91897,3,3,4,18:25,-1,E06000056,4,0,1,0,2,"[99, 3]",1,5,0,0,0,1,0,0,0,0,0,10,30
2024401510754,2024,401510754,509891,221026,-0.40505,51.87698,3,3,6,12:00,-1,E06000032,3,0,1,0,1,19,-1,-1,0,0,0,0,0,0,0,1,1,10,25
2024401510770,2024,401510770,509318,222148,-0.41301,51.88718,3,3,3,15:16,-1,E06000032,6,0,1,0,1,19,4,1,0,0,0,1,0,0,0,0,1,10,22
2024401510822,2024,401510822,503449,225789,-0.49716,51.92102,3,3,4,09:17,-1,E06000056,3,0,2,1,2,3,1,5,0,0,0,1,0,0,1,0,0,10,16
2024401510891,2024,401510891,503732,250886,-0.48545,52.14653,3,3,3,13:30,-1,E06000055,6,0,1,0,1,5,7,3,0,0,0,1,0,0,0,0,1,10,29
2024401510893,2024,401510893,511773,221859,-0.37745,51.8841,3,3,5,21:13,-1,E06000032,6,2,1,0,1,19,6,2,7,1,1,1,0,0,0,0,0,10,10
2024401511151,2024,401511151,503626,222998,-0.49543,51.89591,3,3,5,15:55,-1,E06000056,6,0,1,0,1,"[3, 19]",4,8,0,0,0,1,0,0,0,0,0,10,24
2024401511179,2024,401511179,505328,252230,-0.46172,52.15831,3,3,5,16:47,-1,E06000055,6,0,1,0,1,"[2, 5]","[0, 1]","[0, 5]",0,0,0,1,0,0,0,0,0,10,24
2024401511231,2024,401511231,512246,233081,-0.36692,51.98486,3,3,7,04:00,-1,E06000056,6,2,7,1,2,"[2, 15]","[0, 8]","[0, 4]","[0, 4]",0,0,1,0,0,0,0,0,10,26
2024401511302,2024,401511302,505441,252743,-0.45991,52.1629,3,3,4,10:40,-1,E06000055,6,0,1,-1,1,-1,-1,-1,-1,-1,0,0,0,0,0,0,1,10,30
2024401512116,2024,401512116,509096,223205,-0.4159,51.89672,3,3,2,19:38,-1,E06000032,6,2,2,1,1,19,"[1, 3]","[5, 7]",0,0,0,1,1,0,0,0,0,10,28
2024401512207,2024,401512207,504454,246576,-0.47622,52.10766,2,2,7,09:47,-1,E06000055,3,0,1,0,2,-1,-1,-1,-1,-1,0,1,0,0,0,0,0,10,26
2024401512751,2024,401512751,505275,222081,-0.47175,51.88736,1,"[1, 3]",3,00:15,-1,E06000056,3,2,1,1,2,"[9, 19]","[8, 3]","[4, 7]",0,"[7, 0]","[1, 0]",1,0,0,0,0,0,10,29
2024401512971,2024,401512971,508683,218351,-0.42343,51.85318,3,3,4,15:00,-1,E06000056,1,0,1,0,2,19,5,1,0,0,0,1,0,0,0,0,0,10,30
2024401512976,2024,401512976,505213,224725,-0.47185,51.91113,3,3,3,16:06,-1,E06000032,4,2,1,1,1,"[9, 19]","[5, 3]","[3, 7]",0,0,0,1,0,0,0,0,0,10,29
2024401513378,2024,401513378,494179,224509,-0.63226,51.91116,2,2,7,14:10,-1,E06000056,6,0,1,0,1,13,7,3,0,0,0,1,0,1,0,0,0,10,19
2024401513528,2024,401513528,502917,220772,-0.50639,51.87603,2,2,1,15:24,-1,E06000056,3,0,1,0,1,19,3,7,0,0,0,1,0,0,0,0,1,10,27
2024401514802,2024,401514802,507902,223263,-0.43323,51.89748,3,3,7,20:20,-1,E06000032,6,2,1,0,1,19,-1,-1,0,0,0,1,0,0,0,0,1,11,2
2024401514822,2024,401514822,506925,241099,-0.44187,52.05797,1,"[1, 2]",7,17:20,-1,E06000056,3,2,1,0,2,19,"[5, 1]","[1, 5]",0,0,0,1,0,0,0,0,0,11,9
2024401515193,2024,401515193,504757,248978,-0.47106,52.12919,3,3,5,10:30,-1,E06000055,3,0,3,1,1,-1,-1,-1,-1,-1,0,1,0,0,0,0,0,11,7
2024401515531,2024,401515531,501715,224153,-0.52285,51.90664,2,2,1,19:05,-1,E06000056,6,2,1,0,1,"[19, 2]","[5, 0]","[1, 0]","[4, 0]",0,0,1,0,1,0,0,0,11,3
2024401515571,2024,401515571,502006,223949,-0.51868,51.90475,3,3,7,13:43,-1,E06000056,6,0,1,0,1,19,7,3,0,3,7,1,0,0,0,0,0,10,19
2024401515694,2024,401515694,503655,248177,-0.4874,52.1222,3,3,1,01:30,-1,E06000055,4,2,1,0,1,"[13, 19]",7,3,0,0,0,1,0,0,0,0,0,10,20
2024401515697,2024,401515697,508509,218747,-0.42583,51.85677,3,3,3,05:15,-1,E06000056,1,2,1,-1,2,-1,-1,-1,-1,-1,0,1,0,0,0,0,0,11,12
2024401516179,2024,401516179,509415,220743,-0.41205,51.87453,3,3,3,08:05,-1,E06000032,6,0,8,0,1,5,3,7,0,0,0,1,0,0,0,0,0,11,5
2024401516316,2024,401516316,499227,219020,-0.56048,51.86095,3,3,5,13:30,-1,E06000056,4,0,1,0,2,"[19, 3]",-1,-1,0,0,0,1,0,0,0,0,0,11,7
2024401516320,2024,401516320,496735,237147,-0.59156,52.02432,3,3,7,09:39,-1,E06000056,3,0,1,1,2,"[-1, 19]","[-1, 3]","[-1, 7]","[-1, 0]","[-1, 0]",0,1,0,1,0,0,0,10,26