collision_index,collision_year,collision_ref_no,location_easting_osgr,location_northing_osgr,longitude,latitude,casualty_severity,casualty_severity,day_of_week,time,local_authority_district,local_authority_ons_district,first_road_class,light_conditions,weather_conditions,road_surface_conditions,urban_or_rural_area,vehicle_manoeuvre,vehicle_direction_from,vehicle_direction_to,hit_object_in_carriageway,vehicle_leaving_carriageway,hit_object_off_carriageway,is_car,is_cyle,is_mcyle,is_goodsv,is_other,is_pedestrian,month,day
2024401516350,2024,401516350,501703,252973,-0.51446,52.16566,3,3,3,08:10,-1,E06000055,6,0,1,0,2,19,3,7,0,0,0,1,0,0,0,0,1,11,12
2024401516374,2024,401516374,499649,235371,-0.54962,52.00784,3,3,4,13:55,-1,E06000056,1,0,1,0,2,-1,-1,-1,-1,-1,0,1,0,0,1,0,0,11,6
2024401516633,2024,401516633,514259,244779,-0.33372,52.08957,3,3,5,11:30,-1,E06000056,6,2,1,1,2,19,3,7,0,7,11,1,0,0,0,0,0,10,24
2024401516640,2024,401516640,504961,222843,-0.47608,51.89426,3,3,3,02:20,-1,E06000032,6,2,2,1,1,"[5, 19]","[1, 2]","[5, 6]",0,0,0,1,0,1,0,0,0,10,29
2024401516723,2024,401516723,508729,220513,-0.42208,51.8726,2,2,5,20:03,-1,E06000032,4,2,1,0,1,"[5, 19]","[2, 6]","[6, 2]",0,0,0,1,1,0,0,0,0,11,7
2024401516746,2024,401516746,519802,245493,-0.2526,52.09482,3,3,4,17:11,-1,E06000056,4,2,2,0,1,"[19, 4]",6,2,0,0,0,1,0,1,0,0,0,10,30
2024401516761,2024,401516761,504565,246562,-0.47461,52.10751,3,3,7,15:40,-1,E06000055,3,0,1,0,2,"[19, 9]","[3, 5]",7,0,0,0,1,0,0,0,0,0,10,19
2024401517691,2024,401517691,505852,250204,-0.45469,52.14,2,2,4,16:15,-1,E06000055,3,0,1,0,1,"[7, 2]","[3, 0]","[7, 0]",0,0,0,1,0,1,0,0,0,10,23
2024401517732,2024,401517732,502610,222277,-0.5104,51.88961,3,3,4,11:43,-1,E06000056,3,0,1,0,1,"[19, 1]","[1, 5]","[5, 1]",0,0,0,1,0,0,0,0,0,10,30
2024401517774,2024,401517774,522915,236325,-0.21048,52.01175,3,3,5,20:41,-1,E06000056,3,2,2,1,2,"[19, 10]",7,"[3, 5]",0,0,0,1,0,0,0,0,0,9,19
2024401517790,2024,401517790,518931,244113,-0.26579,52.08261,3,3,4,07:10,-1,E06000056,6,0,1,0,1,19,3,7,0,0,0,1,0,0,0,0,1,11,6
2024401517839,2024,401517839,510549,220323,-0.39572,51.87054,3,3,6,17:37,-1,E06000056,3,2,1,-1,2,-1,-1,-1,-1,-1,0,1,0,1,0,0,0,11,15
2024401518026,2024,401518026,508365,221317,-0.42711,51.8799,2,2,1,22:25,-1,E06000032,6,2,1,-1,1,-1,-1,-1,-1,-1,0,1,1,0,0,0,0,11,10
2024401518065,2024,401518065,509464,221637,-0.41105,51.88256,3,3,1,21:37,-1,E06000032,6,2,1,0,1,"[-1, 2, 19]","[-1, 0, 3]","[-1, 0, 7]","[-1, 4, 0]","[-1, 0]",0,1,0,0,0,0,0,10,27
2024401518068,2024,401518068,506124,224075,-0.45881,51.90512,3,3,3,10:44,-1,E06000032,6,0,1,0,1,"[19, 2]","[1, 0]","[5, 0]","[0, 4]",0,0,1,0,0,0,0,0,4,16
2024401518075,2024,401518075,495175,222737,-0.61828,51.89507,3,3,4,06:14,-1,E06000056,6,0,1,0,2,19,1,5,0,1,2,1,0,0,0,0,0,10,30
2024401518123,2024,401518123,501791,222151,-0.52234,51.88863,3,3,1,15:55,-1,E06000056,6,0,2,1,1,-1,-1,-1,-1,-1,0,1,0,0,0,0,1,9,22
2024401518127,2024,401518127,506256,224796,-0.45667,51.91157,2,"[3, 2]",4,15:36,-1,E06000032,6,0,1,0,1,19,"[8, 4]","[4, 8]",0,"[0, 1]",0,1,0,0,1,0,0,11,13
2024401518132,2024,401518132,496888,222843,-0.59336,51.89572,2,2,1,17:08,-1,E06000056,6,2,1,0,2,"[9, 19]","[3, 7]","[1, 3]",0,0,0,1,0,1,0,0,0,11,10
2024401518250,2024,401518250,509015,221865,-0.4175,51.8847,3,3,2,21:41,-1,E06000032,6,2,1,0,1,7,3,5,0,0,0,1,0,0,0,0,1,11,11
2024401518560,2024,401518560,503398,222225,-0.49897,51.889,3,3,2,20:50,-1,E06000056,6,2,2,1,1,-1,-1,-1,-1,-1,0,1,0,0,0,0,0,11,18
2024401518609,2024,401518609,509263,221564,-0.41399,51.88194,3,3,2,12:29,-1,E06000032,6,0,1,0,1,19,7,3,0,0,0,0,0,0,1,0,1,11,11
2024401518690,2024,401518690,507010,223389,-0.44615,51.89878,3,3,7,20:00,-1,E06000032,6,2,1,0,1,"[3, -1]","[2, -1]","[6, -1]","[0, -1]","[0, -1]",0,1,0,1,0,0,0,10,26
2024401518761,2024,401518761,507074,228670,-0.44358,51.94623,3,3,5,18:25,-1,E06000056,6,2,1,0,2,"[4, 19]",-1,-1,0,0,0,1,0,0,0,0,0,11,14
2024401519100,2024,401519100,513961,253278,-0.33522,52.16601,2,2,4,16:21,-1,E06000055,6,0,1,0,2,19,7,3,10,0,0,1,0,0,0,0,0,6,19
2024401519136,2024,401519136,503725,250986,-0.48552,52.14743,3,3,7,11:55,-1,E06000055,3,0,1,-1,2,-1,-1,-1,-1,-1,0,1,0,0,0,0,0,10,26
2024401519185,2024,401519185,495973,237451,-0.60258,52.02718,2,2,6,14:43,-1,E06000056,1,0,2,1,2,"[19, 3]",1,5,0,0,0,1,0,1,0,0,0,11,1
2024401519242,2024,401519242,499131,253169,-0.552,52.16789,3,3,4,08:33,-1,E06000055,6,0,1,0,2,19,"[8, 4]","[4, 8]",0,0,0,1,0,0,0,0,0,11,13
2024401519297,2024,401519297,502468,227133,-0.51102,51.93328,3,3,5,11:32,-1,E06000056,4,0,1,0,2,-1,"[4, -1]","[1, -1]",-1,-1,0,1,0,0,0,0,0,11,7
2024401519298,2024,401519298,518662,241938,-0.27047,52.06312,3,3,4,12:40,-1,E06000056,4,0,1,0,2,"[19, 5]",1,5,0,0,0,1,0,1,0,0,0,10,23
2024401519393,2024,401519393,508429,221705,-0.42606,51.88337,3,3,5,20:56,-1,E06000032,3,2,1,0,1,"[19, 10]","[8, 4]","[4, 8]",0,0,0,1,0,0,0,0,0,10,31
2024401519759,2024,401519759,504816,249640,-0.47,52.13513,3,3,5,19:25,-1,E06000055,3,2,1,0,1,19,7,3,0,0,0,1,0,0,0,0,1,11,7
2024401519788,2024,401519788,500991,225784,-0.53289,51.92143,3,3,3,22:43,-1,E06000056,4,2,1,0,2,19,5,1,0,0,0,1,0,0,0,0,1,11,12
2024401519804,2024,401519804,504485,246653,-0.47575,52.10835,3,3,1,18:17,-1,E06000055,3,2,1,1,2,19,1,5,0,0,0,1,0,0,0,0,0,10,27
2024401519867,2024,401519867,493180,223445,-0.64707,51.90177,3,3,3,21:28,-1,E06000056,3,2,1,0,2,"[2, 19]",3,7,0,0,0,1,0,0,0,0,0,10,29
2024401519878,2024,401519878,503553,250024,-0.48832,52.13882,3,3,1,21:01,-1,E06000055,6,2,1,0,1,9,8,4,0,0,0,1,0,0,0,0,1,11,10
2024401519879,2024,401519879,508998,220132,-0.41829,51.86912,3,3,4,17:00,-1,E06000032,6,2,1,0,1,3,5,1,0,0,0,1,0,0,0,0,0,11,13
2024401519903,2024,401519903,508964,220741,-0.4186,51.8746,2,2,6,14:11,-1,E06000032,4,0,1,0,1,9,5,3,0,0,0,1,0,0,0,0,1,11,8
2024401521066,2024,401521066,518600,241351,-0.27158,52.05786,2,2,3,18:30,-1,E06000056,6,2,1,0,2,"[19, 9]","[5, 1]","[1, 5]",0,0,0,1,0,1,0,0,0,10,22
2024401521072,2024,401521072,503821,225815,-0.49175,51.92119,3,3,7,12:47,-1,E06000056,3,0,1,0,2,4,7,3,9,4,10,1,0,0,0,0,0,10,26
2024401521151,2024,401521151,510413,220405,-0.39766,51.8713,3,3,3,11:30,-1,E06000032,6,0,2,1,1,5,5,1,0,0,0,1,0,0,0,0,1,11,19
2024401521534,2024,401521534,507713,223819,-0.4358,51.90251,3,3,1,17:50,-1,E06000032,6,2,2,1,1,-1,-1,-1,-1,-1,0,1,0,0,0,0,0,11,24
2024401521539,2024,401521539,507308,223672,-0.44173,51.90127,3,3,7,11:25,-1,E06000032,6,0,1,-1,1,-1,-1,-1,-1,-1,0,1,1,0,0,0,0,11,2
2024401521572,2024,401521572,520534,243292,-0.2427,52.07488,3,3,2,12:24,-1,E06000056,6,0,1,0,1,"[7, -1]","[1, -1]","[3, -1]","[0, -1]","[1, -1]","[2, 0]",1,0,0,0,0,0,11,11
2024401521588,2024,401521588,495916,237452,-0.60341,52.0272,3,3,1,13:08,-1,E06000056,3,0,1,0,2,"[3, 19]",5,3,0,0,0,1,0,1,0,0,0,11,3
2024401521626,2024,401521626,503041,228729,-0.50221,51.94752,3,3,4,23:20,-1,E06000056,1,2,1,0,2,19,1,5,0,0,0,1,0,0,1,0,0,10,30
2024401521704,2024,401521704,501745,230328,-0.52059,51.96213,3,3,4,18:45,-1,E06000056,1,2,1,-1,2,-1,-1,-1,-1,-1,0,1,0,0,0,0,0,11,20
2024401521918,2024,401521918,507943,222515,-0.43287,51.89075,3,3,5,21:20,-1,E06000032,4,2,1,0,1,"[19, 2, 9]","[1, 0, 3]","[5, 0, 1]",0,0,0,1,0,0,0,0,0,11,14
2024401521950,2024,401521950,501419,259177,-0.51676,52.22147,3,3,4,07:30,-1,E06000055,3,0,1,1,2,19,1,5,0,0,0,1,0,0,0,0,0,10,23
2024401521975,2024,401521975,508603,221541,-0.42359,51.88186,3,3,4,17:45,-1,E06000032,3,2,2,1,1,"[12, 19]",2,5,0,0,0,1,0,0,0,0,0,11,6
2024401522001,2024,401522001,506350,222397,-0.45604,51.88999,3,3,5,16:17,-1,E06000032,6,0,1,0,1,"[9, 19]",5,"[3, 1]",0,0,0,1,1,0,0,0,0,10,24
2024401522015,2024,401522015,504874,218350,-0.47871,51.8539,3,3,4,07:00,-1,E06000056,3,0,1,0,2,"[6, 13]",1,5,0,"[4, 0]",0,1,0,1,0,0,0,10,30
2024401522091,2024,401522091,507031,223982,-0.44566,51.90411,3,3,7,12:35,-1,E06000032,6,0,3,1,1,"[3, 7]",3,"[7, 5]",0,0,0,1,0,0,0,0,0,11,23
2024401522116,2024,401522116,510081,222930,-0.40168,51.89406,3,3,4,21:10,-1,E06000032,3,2,2,1,1,"[19, 2]","[5, 0]","[1, 0]",0,"[0, 7]","[0, 11]",1,0,0,0,0,0,10,9
2024401522142,2024,401522142,508129,223798,-0.42976,51.90224,3,3,5,04:30,-1,E06000032,6,2,2,1,1,"[19, 2]","[7, 0]","[3, 0]",0,0,0,1,0,0,0,0,0,11,7
2024401522582,2024,401522582,510607,220291,-0.39488,51.87024,2,2,2,16:51,-1,E06000056,6,2,2,1,2,"[19, 5]","[7, 1]","[3, 5]",0,0,0,1,0,1,0,0,0,10,28
2024401522618,2024,401522618,509504,221605,-0.41048,51.88226,3,3,7,20:05,-1,E06000032,3,2,2,1,1,5,7,3,0,0,0,1,0,0,0,0,0,11,16
2024401522684,2024,401522684,516673,239298,-0.30037,52.03982,3,3,7,16:40,-1,E06000056,6,2,2,1,1,-1,-1,-1,-1,-1,0,1,0,0,0,0,0,11,23
2024401522698,2024,401522698,506248,224223,-0.45696,51.90642,3,3,5,21:15,-1,E06000032,4,2,8,0,1,"[19, 5]","[4, 2]","[8, 6]",0,0,0,1,0,0,0,1,0,10,31
2024401522741,2024,401522741,508967,221638,-0.41827,51.88267,3,3,4,22:24,-1,E06000032,3,2,2,1,1,3,3,7,0,0,0,0,0,1,0,0,1,11,6
2024401522770,2024,401522770,506383,250089,-0.44697,52.13886,3,3,7,08:50,-1,E06000055,6,0,2,1,1,"[5, 19]","[3, 1]","[7, 5]",0,"[3, 0]",0,1,0,0,0,0,0,11,2
2024401523143,2024,401523143,507427,239231,-0.43514,52.04108,2,2,5,07:45,-1,E06000056,3,0,2,1,2,"[5, 9]","[7, 1]",5,0,"[0, 1]",0,0,0,1,0,1,0,11,14
2024401523168,2024,401523168,502396,246065,-0.50641,52.10345,3,3,2,18:31,-1,E06000055,3,2,2,1,2,5,6,1,0,0,0,1,0,0,0,0,0,11,18
2024401523176,2024,401523176,503301,237463,-0.49581,52.02597,3,3,1,18:10,-1,E06000056,6,2,2,1,1,"[2, 15]","[0, 5]","[0, 1]",0,"[0, 7]",0,1,0,0,0,0,0,11,17
2024401523179,2024,401523179,497644,242931,-0.57667,52.07614,2,2,3,17:35,-1,E06000056,6,2,1,1,2,19,"[6, 3]","[3, 6]",0,0,0,1,0,0,0,0,0,11,19
2024401523255,2024,401523255,499357,235706,-0.55378,52.0109,2,2,2,03:40,-1,E06000056,1,2,1,1,2,"[19, 11]",5,1,0,0,0,1,0,0,1,0,0,9,16
2024401524296,2024,401524296,506206,224794,-0.4574,51.91156,3,3,3,08:30,-1,E06000032,6,0,3,-1,1,-1,-1,-1,-1,-1,0,1,0,0,0,0,0,11,19
2024401524387,2024,401524387,510824,251886,-0.38152,52.15414,3,3,3,07:50,-1,E06000055,3,0,3,1,2,19,3,7,0,0,0,1,0,0,0,0,0,11,19
2024401524430,2024,401524430,501777,256094,-0.51245,52.1937,3,3,1,10:28,-1,E06000055,3,0,5,1,2,19,5,1,11,0,0,1,0,0,0,0,0,11,24
2024401524817,2024,401524817,507169,250435,-0.43538,52.14182,3,3,7,17:40,-1,E06000055,3,2,1,-1,1,-1,-1,-1,-1,-1,0,1,1,0,0,0,0,11,16
2024401524820,2024,401524820,504324,224844,-0.48473,51.91237,3,3,6,20:35,-1,E06000056,1,2,1,0,2,-1,-1,-1,-1,-1,0,1,0,0,1,0,0,11,29
2024401524849,2024,401524849,512644,222677,-0.36453,51.89127,3,3,5,17:50,-1,E06000032,6,2,1,1,1,5,"[1, 7]","[7, 5]",0,0,0,1,0,1,0,0,0,11,28
2024401524964,2024,401524964,508366,221787,-0.42695,51.88412,3,3,1,14:46,-1,E06000032,3,0,2,1,1,-1,-1,-1,-1,-1,0,1,0,1,0,0,0,11,24
2024401525243,2024,401525243,502361,227559,-0.51245,51.93713,3,3,2,23:15,-1,E06000056,4,2,2,1,2,19,5,1,0,0,0,1,1,0,0,0,0,11,18
2024401525334,2024,401525334,503229,246773,-0.49404,52.10966,2,2,6,16:37,-1,E06000055,6,2,1,0,1,"[19, 9]","[4, 6]","[8, 4]",0,0,0,1,0,1,0,0,0,11,8
2024401525352,2024,401525352,503284,228124,-0.49886,51.94204,3,3,5,15:20,-1,E06000056,1,0,1,-1,2,-1,-1,-1,-1,-1,0,1,0,0,0,0,0,11,28
2024401525356,2024,401525356,499158,219110,-0.56146,51.86177,3,3,1,08:40,-1,E06000056,6,0,1,0,2,19,5,1,0,1,0,1,0,0,0,0,0,11,17
2024401525402,2024,401525402,495697,237750,-0.60652,52.02991,3,3,6,23:51,-1,E06000056,3,2,1,0,2,"[7, 19]",1,5,0,0,0,1,0,0,1,0,0,11,1
2024401525416,2024,401525416,504393,247314,-0.47689,52.1143,3,3,7,20:02,-1,E06000055,3,2,2,1,2,"[9, 19]","[5, 1]","[3, 5]",0,0,0,1,0,0,0,0,0,11,23
2024401525838,2024,401525838,525476,246453,-0.16947,52.10219,3,3,2,12:40,-1,E06000056,6,0,1,0,2,19,"[1, 5]","[5, 1]",0,0,0,1,0,1,0,0,0,11,18
2024401525844,2024,401525844,508808,221713,-0.42056,51.88337,3,3,2,08:42,-1,E06000032,3,0,1,1,1,"[4, 19]",4,7,0,0,0,1,0,0,0,0,0,11,25
2024401525872,2024,401525872,504872,237965,-0.47276,52.03019,3,3,4,15:20,-1,E06000056,6,0,1,0,2,9,5,3,0,0,0,1,0,0,0,0,0,10,9
2024401525928,2024,401525928,495873,237302,-0.60408,52.02586,3,3,5,18:45,-1,E06000056,3,2,1,-1,2,-1,-1,-1,-1,-1,0,1,0,0,0,0,0,11,28
2024401525972,2024,401525972,504370,248767,-0.47678,52.12737,3,3,2,13:15,-1,E06000055,6,0,1,0,1,"[-1, 2]","[-1, 0]","[-1, 0]",-1,-1,0,1,0,0,1,0,1,11,25
2024401526011,2024,401526011,500400,224599,-0.54183,51.91089,3,3,5,12:58,-1,E06000056,6,0,1,0,2,5,-1,-1,0,1,0,1,0,0,0,0,1,11,21
2024401526030,2024,401526030,510799,222190,-0.39149,51.88727,3,3,3,16:15,-1,E06000032,6,2,1,0,1,"[9, 13]","[4, 6]",2,0,0,0,1,0,1,0,0,0,11,26
2024401526085,2024,401526085,509315,221553,-0.41324,51.88183,2,2,3,12:23,-1,E06000032,6,0,1,0,1,5,3,8,0,0,0,0,0,0,1,0,1,11,26
2024401526132,2024,401526132,504772,250244,-0.47045,52.14057,3,3,3,08:20,-1,E06000055,3,0,1,0,1,-1,-1,-1,-1,-1,0,1,0,0,0,0,1,11,26
2024401526227,2024,401526227,504722,248520,-0.47171,52.12508,3,3,5,16:53,-1,E06000055,6,2,1,1,1,"[9, 13]","[3, 1]","[1, 5]",0,0,0,1,0,1,0,0,0,11,28
2024401526242,2024,401526242,503247,228225,-0.49937,51.94296,3,3,6,18:45,-1,E06000056,1,2,2,1,2,"[4, 19]",5,1,0,0,0,1,0,0,1,0,0,11,22
2024401526448,2024,401526448,503286,225554,-0.4996,51.91894,2,2,5,19:15,-1,E06000056,4,2,1,0,2,7,1,3,0,0,0,0,1,0,1,0,0,11,14
2024401526466,2024,401526466,505987,224207,-0.46076,51.90633,3,3,5,16:33,-1,E06000032,6,0,1,-1,1,-1,-1,-1,-1,-1,0,1,0,0,0,0,1,11,28
2024401526548,2024,401526548,504723,248520,-0.4717,52.12508,3,3,3,21:50,-1,E06000055,6,0,1,0,1,"[7, 19]",2,"[4, 6]",0,0,0,1,1,0,0,0,0,11,26
2024401526608,2024,401526608,506125,223219,-0.45906,51.89742,3,3,7,13:08,-1,E06000032,6,0,1,1,1,"[7, -1]","[1, -1]","[4, -1]","[0, -1]","[0, -1]",0,1,0,0,0,0,0,11,30
2024401526628,2024,401526628,510939,222939,-0.38921,51.89397,3,3,7,15:44,-1,E06000032,6,0,1,1,1,"[19, 7, 2]","[4, 2, 0]","[8, 4, 0]","[4, 0]",0,0,1,0,0,0,0,0,11,30
2024401527008,2024,401527008,509937,220959,-0.4044,51.87637,3,3,5,07:20,-1,E06000032,3,2,1,0,1,19,4,8,0,0,0,1,0,0,0,0,1,11,21
2024401527539,2024,401527539,501907,258412,-0.50985,52.21451,3,3,5,08:10,-1,E06000055,3,0,1,1,2,19,1,5,0,0,0,0,0,1,0,0,0,11,28
2024401527547,2024,401527547,507691,220450,-0.43717,51.87224,3,3,2,18:37,-1,E06000032,6,2,1,0,1,"[3, 19, 2]","[3, 7, 0]","[7, 3, 0]",0,0,0,1,0,0,0,0,0,11,25
2024401527609,2024,401527609,503298,228075,-0.49867,51.9416,3,3,2,11:36,-1,E06000056,1,0,1,0,2,4,5,1,0,0,0,1,0,0,0,0,0,11,25
2024401527712,2024,401527712,503897,225847,-0.49063,51.92146,3,3,6,17:09,-1,E06000056,3,2,1,0,2,4,3,7,0,0,0,1,0,0,0,0,0,11,29
2024401527725,2024,401527725,499990,234994,-0.54477,52.00439,3,3,5,09:10,-1,E06000056,6,0,1,2,2,19,"[5, 2]","[2, 5]",0,0,0,1,0,0,0,0,0,11,28
2024401527815,2024,401527815,508300,223292,-0.42744,51.89766,3,3,6,08:15,-1,E06000032,6,0,1,0,1,"[2, 19]","[0, 3, 7]","[0, 7, 3]","[0, 4]",0,0,1,0,0,0,0,0,10,4
2024401528351,2024,401528351,507720,223816,-0.4357,51.90248,3,3,4,15:48,-1,E06000032,6,0,1,1,1,"[19, 3]",3,7,0,0,0,1,0,0,0,0,0,12,4
2024401528519,2024,401528519,498157,224451,-0.57447,51.90995,2,2,6,08:07,-1,E06000056,6,0,8,2,2,9,6,3,0,1,9,1,0,0,0,0,0,11,22
2024401528522,2024,401528522,507980,218495,-0.43359,51.85461,3,3,3,19:34,-1,E06000056,4,2,1,0,2,19,"[4, 2]","[8, 6]",0,0,0,1,0,1,0,0,0,12,3
2024401528624,2024,401528624,503282,234999,-0.49682,52.00383,3,3,3,09:05,-1,E06000056,6,0,3,1,1,9,5,7,11,0,0,1,0,0,0,0,1,11,19
2024401528659,2024,401528659,495857,237294,-0.60431,52.02579,2,2,4,10:36,-1,E06000056,3,0,1,2,2,5,7,8,0,0,0,1,0,0,0,0,0,11,20
2024401528680,2024,401528680,497158,221725,-0.58975,51.88563,3,3,6,10:06,-1,E06000056,6,0,2,1,2,19,"[2, 8]","[6, 4]",0,0,0,1,0,0,0,0,0,11,1
2024401528717,2024,401528717,509012,221860,-0.41755,51.88465,3,3,6,05:17,-1,E06000032,6,2,4,0,1,19,1,3,0,0,0,1,0,0,0,0,1,12,6
2024401528724,2024,401528724,505374,258521,-0.45909,52.21484,3,3,4,07:40,-1,E06000055,6,0,1,0,2,-1,-1,-1,-1,-1,0,1,0,0,0,0,1,12,4
2024401528729,2024,401528729,502736,222047,-0.50864,51.88752,3,3,4,08:04,-1,E06000056,3,0,1,1,1,"[19, 3]",8,3,0,0,0,1,0,0,0,0,0,12,4
2024401529007,2024,401529007,509347,221053,-0.41294,51.87733,2,2,5,16:33,-1,E06000032,6,2,1,0,1,5,1,5,0,0,0,1,0,0,0,0,1,11,21
2024401529182,2024,401529182,491958,224979,-0.66442,51.91576,3,3,6,08:52,-1,E06000056,6,0,1,0,1,-1,-1,-1,-1,-1,0,1,0,0,0,0,1,12,6
2024401529192,2024,401529192,509033,219753,-0.41791,51.86571,3,3,4,07:15,-1,E06000032,6,2,1,0,1,19,-1,-1,0,0,0,1,0,0,0,0,1,11,6
2024401529198,2024,401529198,504361,247299,-0.47736,52.11418,3,3,5,06:35,-1,E06000055,4,0,1,0,2,19,"[4, 5]","[8, 1]",0,0,0,1,0,0,0,0,0,7,18
2024401529288,2024,401529288,505325,249618,-0.46257,52.13483,3,3,2,06:50,-1,E06000055,6,2,1,0,2,19,"[1, 5]","[3, 1]",0,0,0,1,1,0,0,0,0,12,2
2024401529324,2024,401529324,503749,226032,-0.49273,51.92315,2,2,1,17:34,-1,E06000056,1,2,1,1,2,"[4, 19]",4,8,0,0,0,1,0,0,0,0,0,12,1
2024401530654,2024,401530654,492304,225124,-0.65935,51.917,3,3,5,15:19,-1,E06000056,6,0,1,0,1,"[9, 19]","[5, 7]",3,0,0,0,1,1,0,0,0,0,11,21
2024401530694,2024,401530694,507569,228055,-0.43657,51.94061,3,3,6,18:11,-1,E06000056,3,0,1,0,2,"[-1, 19]","[-1, 1]","[-1, 5]","[-1, 0]","[-1, 0]",0,1,0,0,0,0,0,12,6
2024401530761,2024,401530761,504561,246556,-0.47467,52.10746,3,3,7,23:01,-1,E06000055,3,2,2,1,2,"[19, 5]","[3, 7]","[7, 3]",0,0,0,1,0,0,0,0,0,11,23
2024401531183,2024,401531183,502532,247082,-0.50412,52.11257,3,3,7,16:10,-1,E06000055,6,2,1,1,1,"[2, 3]","[0, 7]","[0, 3]","[0, 4]",0,0,1,0,0,0,0,0,11,30
2024401531276,2024,401531276,494877,229012,-0.62088,51.95152,2,2,5,23:00,-1,E06000056,3,2,8,1,2,"[19, 13]","[8, 4]","[4, 8]",0,"[1, 7, 0]",0,1,0,0,1,0,0,12,5
2024401531534,2024,401531534,505607,221129,-0.46722,51.87874,3,3,5,08:00,-1,E06000056,6,0,1,2,2,19,"[1, 5]","[5, 1]",0,0,0,1,0,0,0,0,0,11,28
2024401531633,2024,401531633,503883,225737,-0.49087,51.92048,3,3,1,12:24,-1,E06000056,1,0,1,0,2,"[4, 19]",5,1,0,0,0,1,0,0,0,0,0,11,10
2024401531642,2024,401531642,503729,250986,-0.48546,52.14743,3,3,6,17:30,-1,E06000055,3,2,2,1,2,-1,-1,-1,-1,-1,0,1,0,0,0,0,0,12,13
2024401531775,2024,401531775,506042,224168,-0.45997,51.90597,3,3,4,21:19,-1,E06000032,4,2,2,1,1,19,1,5,0,0,0,1,0,0,0,0,0,11,27
2024401532103,2024,401532103,508597,223928,-0.42292,51.90332,2,2,6,17:44,-1,E06000032,6,2,1,0,1,"[9, 7]","[1, 5]",7,0,0,0,1,0,0,0,0,0,11,22
2024401532147,2024,401532147,508372,236446,-0.42225,52.01587,2,2,4,17:40,-1,E06000056,3,2,1,1,2,"[7, 4]","[3, 1]",5,0,0,0,1,0,0,0,0,0,12,4
2024401532167,2024,401532167,503176,220538,-0.5027,51.87388,3,3,1,04:05,-1,E06000056,3,2,1,1,1,19,4,8,0,0,0,0,0,1,0,0,0,10,27
2024401532230,2024,401532230,495888,238130,-0.60363,52.0333,3,3,6,18:49,-1,E06000056,3,2,1,1,2,"[19, 2]",2,6,0,0,0,1,0,0,0,0,0,11,29
2024401533886,2024,401533886,505309,225231,-0.4703,51.91566,3,3,5,19:20,-1,E06000032,6,2,1,0,1,"[7, 9]","[3, 5]","[5, 3]",0,0,0,1,0,0,0,0,0,12,12
2024401533905,2024,401533905,508162,231149,-0.42698,51.9683,3,3,6,14:40,-1,E06000056,4,0,1,1,2,-1,-1,-1,-1,-1,0,1,1,0,0,0,0,12,13
2024401533930,2024,401533930,503872,250044,-0.48366,52.13894,3,3,3,09:18,-1,E06000055,3,0,1,0,1,19,"[7, 3]","[3, 7]",10,"[0, 1]","[0, 7]",1,0,0,0,0,1,12,3
2024401533984,2024,401533984,510214,221543,-0.40019,51.88157,2,2,2,09:00,-1,E06000032,6,0,1,0,1,19,-1,-1,0,0,0,1,0,0,0,0,1,12,9
2024401534025,2024,401534025,503334,235167,-0.49602,52.00533,2,2,4,17:24,-1,E06000056,3,0,2,1,1,"[19, 7]",8,"[3, 1]",0,0,0,1,0,0,0,0,0,10,9
2024401534026,2024,401534026,501505,246880,-0.51918,52.11094,3,3,7,08:30,-1,E06000055,3,0,1,-1,2,-1,-1,-1,-1,-1,0,1,1,0,0,0,0,12,14
2024401534031,2024,401534031,508599,223970,-0.42288,51.9037,3,3,3,08:15,-1,E06000032,3,0,2,1,1,"[19, -1]",-1,-1,"[0, -1]","[0, -1]",0,1,0,0,0,1,0,12,17
2024401534032,2024,401534032,504472,249633,-0.47502,52.13513,3,3,4,06:08,-1,E06000055,3,2,2,1,1,19,2,4,0,0,0,1,0,0,0,0,1,11,27
2024401534067,2024,401534067,503701,249797,-0.48623,52.13675,3,3,4,17:36,-1,E06000055,6,2,2,1,1,9,2,6,0,0,0,1,0,0,0,0,1,12,4
2024401534295,2024,401534295,508231,237334,-0.42402,52.02387,3,3,6,14:50,-1,E06000056,3,0,1,0,2,"[4, 19]",5,1,0,0,0,1,0,0,0,0,0,10,25
2024401534413,2024,401534413,504672,249059,-0.47228,52.12993,3,3,4,18:30,-1,E06000055,3,2,1,0,1,5,"[3, 7]","[7, 5]",0,0,0,1,0,1,0,0,0,10,23
2024401534422,2024,401534422,502486,245992,-0.50512,52.10278,3,3,1,10:30,-1,E06000055,3,0,1,-1,2,-1,-1,-1,-1,-1,0,1,0,0,0,1,0,12,15
2024401534987,2024,401534987,517220,249390,-0.28894,52.13039,3,3,3,21:50,-1,E06000056,6,2,1,0,1,9,-1,-1,0,0,0,1,0,0,0,0,1,12,10
2024401535791,2024,401535791,501253,221606,-0.53031,51.88383,1,"[3, 1]",6,15:50,-1,E06000056,4,2,1,1,1,"[19, 2]","[6, 0]","[2, 0]",0,"[1, 0]",0,1,0,0,0,0,1,12,27
2024401535880,2024,401535880,507134,222015,-0.44477,51.88641,3,3,5,13:08,-1,E06000032,3,0,2,1,1,4,5,1,0,0,0,1,0,0,0,0,0,12,12