collision_index,collision_year,collision_ref_no,location_easting_osgr,location_northing_osgr,longitude,latitude,casualty_severity,casualty_severity,day_of_week,time,local_authority_district,local_authority_ons_district,first_road_class,light_conditions,weather_conditions,road_surface_conditions,urban_or_rural_area,vehicle_manoeuvre,vehicle_direction_from,vehicle_direction_to,hit_object_in_carriageway,vehicle_leaving_carriageway,hit_object_off_carriageway,is_car,is_cyle,is_mcyle,is_goodsv,is_other,is_pedestrian,month,day
2024401535929,2024,401535929,515634,237686,-0.31606,52.02555,3,3,5,17:25,-1,E06000056,3,2,1,1,2,"[19, -1]",-1,-1,0,0,0,1,0,1,0,0,0,12,12
2024401535954,2024,401535954,497033,239752,-0.58648,52.04768,2,2,3,10:02,-1,E06000056,3,0,2,1,2,"[6, 4, 15, 19]",3,7,0,"[0, 1]",0,1,0,1,1,0,0,10,1
2024401535990,2024,401535990,505015,250031,-0.46697,52.1386,3,3,7,16:45,-1,E06000055,3,2,1,0,1,9,1,7,0,0,0,1,0,0,0,0,1,12,14
2024401536182,2024,401536182,507792,231480,-0.43226,51.97135,2,"[3, 2]",1,17:43,-1,E06000056,6,2,5,1,2,"[9, 19]","[3, 6]","[7, 2]",0,0,0,1,0,0,0,0,0,12,8
2024401536211,2024,401536211,503550,226572,-0.49546,51.92804,3,3,1,14:33,-1,E06000056,1,0,5,1,2,3,1,5,0,0,0,1,0,0,0,0,0,12,8
2024401536222,2024,401536222,509970,222331,-0.40348,51.8887,2,2,6,18:26,-1,E06000032,6,2,2,1,1,-1,-1,-1,-1,-1,0,1,0,0,0,0,1,12,13
2024401536729,2024,401536729,494978,237726,-0.617,52.02982,3,3,6,16:52,-1,E06000056,1,2,1,0,2,4,1,5,0,0,0,1,0,0,0,0,0,11,1
2024401537216,2024,401537216,506124,220210,-0.46,51.87038,3,3,5,06:45,-1,E06000056,6,0,1,2,2,19,3,7,0,0,0,1,0,0,0,0,0,11,28
2024401537533,2024,401537533,503034,222089,-0.5043,51.88785,3,3,3,14:05,-1,E06000056,3,0,1,0,1,"[19, 12]",3,7,0,0,0,1,0,0,1,0,0,11,26
2024401537548,2024,401537548,514253,236970,-0.33641,52.0194,2,2,6,20:43,-1,E06000056,6,2,1,1,2,19,1,5,0,0,0,1,0,0,0,0,1,12,27
2024401538169,2024,401538169,508968,220743,-0.41854,51.87462,2,2,5,19:45,-1,E06000032,4,2,9,-1,1,-1,-1,-1,-1,-1,0,1,0,0,0,0,1,12,12
2024401538205,2024,401538205,499190,235893,-0.55616,52.01261,3,3,7,17:33,-1,E06000056,1,2,1,1,2,-1,-1,-1,-1,-1,0,1,0,0,0,0,0,12,21
2024401538227,2024,401538227,507394,222371,-0.44089,51.88956,3,3,1,17:00,-1,E06000032,3,0,1,0,1,-1,-1,-1,-1,-1,0,1,0,0,0,0,1,12,15
2024401538423,2024,401538423,494007,229766,-0.63333,51.95844,3,3,5,20:37,-1,E06000056,3,2,1,0,2,19,8,4,0,7,4,1,0,0,0,0,0,12,12
2024401538489,2024,401538489,505019,250386,-0.4668,52.14179,3,3,6,16:30,-1,E06000055,6,2,1,1,1,"[19, 9]","[1, 5]","[5, 1]",0,0,0,1,1,0,0,0,0,12,6
2024401538508,2024,401538508,504252,224989,-0.48573,51.91368,3,3,5,12:03,-1,E06000056,1,0,7,-1,2,-1,-1,-1,-1,-1,0,1,0,0,0,0,0,12,26
2024401538515,2024,401538515,502240,221955,-0.51587,51.88679,2,2,2,18:50,-1,E06000056,6,2,2,1,1,-1,-1,-1,-1,-1,0,1,0,0,0,0,1,12,23
2024401538532,2024,401538532,519555,244998,-0.25638,52.09042,3,3,2,07:30,-1,E06000056,6,0,5,0,1,"[13, 19]",6,2,0,0,0,1,1,0,0,0,0,12,9
2024401538543,2024,401538543,508157,256254,-0.4191,52.19393,2,2,7,13:30,-1,E06000055,4,0,1,0,2,"[19, 13]",5,1,0,"[1, 0]",0,1,1,0,0,0,0,12,14
2024401538552,2024,401538552,503729,225718,-0.49312,51.92033,3,3,5,14:56,-1,E06000056,3,0,2,1,2,3,5,1,0,0,0,1,0,0,0,0,0,12,5
2024401538906,2024,401538906,499210,241943,-0.55411,52.06698,3,3,3,07:17,-1,E06000056,3,0,1,0,2,4,5,1,0,0,0,1,0,0,0,0,0,12,3
2024401538912,2024,401538912,504349,222362,-0.48512,51.89006,3,3,7,14:00,-1,E06000056,6,0,1,-1,1,-1,-1,-1,-1,-1,0,1,0,0,0,0,1,12,28
2024401538933,2024,401538933,520503,242959,-0.24327,52.0719,3,3,4,20:40,-1,E06000056,3,2,2,1,2,"[5, 19]","[1, 7]","[5, 3]",0,0,0,1,0,0,0,0,0,12,4
2024401538975,2024,401538975,502581,229296,-0.50874,51.9527,2,2,3,05:50,-1,E06000056,1,2,1,0,2,"[19, 12]",5,1,0,0,0,1,0,0,1,0,0,12,17
2024401539211,2024,401539211,490249,225245,-0.68919,51.91843,3,3,6,12:03,-1,E06000056,6,0,1,0,1,"[5, 2]","[8, 0]","[4, 0]",0,0,0,1,0,0,0,0,0,12,20
2024401539231,2024,401539231,506374,248793,-0.44751,52.12722,3,3,2,08:20,-1,E06000055,3,0,1,0,1,"[1, 19]","[6, 8]","[2, 4]",0,0,0,1,1,0,0,0,0,12,16
2024401539307,2024,401539307,516566,248904,-0.29865,52.12616,2,"[2, 3]",6,16:04,-1,E06000056,3,2,1,0,1,19,"[3, 1, 7]","[7, 5, 3]","[0, 4]",0,0,1,0,1,0,0,0,11,8
2024401539350,2024,401539350,521443,247664,-0.22789,52.11397,3,3,5,17:23,-1,E06000056,4,2,1,0,2,"[9, 19]","[6, 2]","[2, 6]",0,0,0,1,0,0,0,0,0,11,28
2024401539353,2024,401539353,506151,224259,-0.45836,51.90676,3,3,2,15:40,-1,E06000032,4,0,1,0,1,-1,-1,-1,-1,-1,0,1,0,0,0,1,0,12,23
2024401539364,2024,401539364,517096,257950,-0.2878,52.20734,3,3,1,15:05,-1,E06000055,3,0,8,1,2,"[4, 15]","[3, 7]","[7, 3]",0,0,0,1,0,0,0,0,0,12,1
2024401539421,2024,401539421,508358,224415,-0.42624,51.90774,2,"[2, 3]",4,08:10,-1,E06000032,6,0,1,1,1,19,5,1,0,0,0,1,0,0,0,0,1,11,20
2024401539454,2024,401539454,492779,236131,-0.64948,52.01586,3,3,3,09:55,-1,E06000056,6,0,8,0,1,"[4, 19]",8,4,0,0,0,1,1,0,0,0,0,12,31
2024401539481,2024,401539481,518750,245132,-0.26808,52.0918,3,3,3,15:54,-1,E06000056,3,0,2,1,1,19,"[3, 5]","[6, 1]",0,"[7, 1]","[11, 0]",1,0,0,0,0,0,12,24
2024401539665,2024,401539665,504445,236760,-0.47935,52.01944,2,2,1,06:48,-1,E06000056,6,2,1,0,2,19,8,4,0,1,0,1,0,0,0,0,0,12,22
2024401539669,2024,401539669,491800,223415,-0.66713,51.90173,3,3,6,18:13,-1,E06000056,3,2,7,1,2,19,3,7,0,0,0,1,0,0,0,0,0,12,27
2024401539670,2024,401539670,508656,224388,-0.42192,51.90744,3,3,4,17:48,-1,E06000032,6,2,1,0,1,19,"[1, 3]",7,0,0,0,1,0,0,0,0,0,12,11
2024401539751,2024,401539751,495503,237408,-0.60944,52.02687,3,3,2,14:51,-1,E06000056,3,0,1,0,2,"[19, 7]",1,"[5, 3]","[0, 7]","[0, 5]","[0, 1]",1,0,0,0,0,0,12,30
2024401539759,2024,401539759,515550,255401,-0.31128,52.18476,3,3,2,10:00,-1,E06000055,3,0,1,0,2,"[4, 19]",7,3,0,0,0,1,0,0,0,0,0,12,2
2024401539766,2024,401539766,502730,220960,-0.50905,51.87775,3,3,1,11:03,-1,E06000056,6,0,1,0,1,-1,-1,-1,-1,-1,0,1,0,0,0,0,1,12,22
2024401539767,2024,401539767,501901,230063,-0.5184,51.95972,3,3,2,19:34,-1,E06000056,1,2,1,1,2,"[3, 19]",1,5,0,0,0,1,0,0,0,0,0,12,9
2024401539781,2024,401539781,504859,248864,-0.46961,52.12815,3,3,3,09:36,-1,E06000055,3,0,1,0,1,"[19, 9]","[5, 8]",2,0,0,0,1,0,0,0,0,0,11,26
2024401539804,2024,401539804,510246,242671,-0.39295,52.07144,3,3,2,22:50,-1,E06000056,3,2,1,0,2,19,5,1,11,7,10,1,0,0,0,0,0,12,23
2024401539829,2024,401539829,509177,221582,-0.41524,51.88212,2,"[2, 3]",4,08:50,-1,E06000032,6,0,1,0,1,5,1,2,0,0,0,0,0,0,1,0,1,12,11
2024401539869,2024,401539869,504437,246622,-0.47646,52.10808,3,3,7,15:03,-1,E06000055,3,0,1,0,2,"[19, 3]",7,1,0,0,0,1,0,0,0,0,0,12,21
2024401540112,2024,401540112,505822,223807,-0.46328,51.90277,3,3,1,12:30,-1,E06000032,6,0,1,1,1,5,3,8,0,0,0,1,0,0,0,0,0,12,29
2024401540702,2024,401540702,501642,250507,-0.51609,52.14351,3,3,6,20:42,-1,E06000055,6,2,2,1,2,"[19, 9]","[7, 3]","[3, 1]",0,0,0,1,0,0,0,0,0,12,13
2024401540752,2024,401540752,499634,241505,-0.54806,52.06297,3,3,1,18:45,-1,E06000056,6,0,1,0,2,7,2,4,0,0,0,1,0,0,0,0,1,12,15
2024401540761,2024,401540761,505534,248649,-0.45982,52.12609,2,2,5,10:52,-1,E06000055,6,0,1,0,1,5,6,2,0,0,0,1,0,0,0,0,1,12,19
2024401540793,2024,401540793,505972,251290,-0.4526,52.14974,2,"[3, 2]",3,07:18,-1,E06000055,6,2,2,1,1,"[7, 19]","[2, 5]","[5, 1]",0,"[1, 0]",0,1,1,0,0,0,0,12,24
2024401540800,2024,401540800,501647,230481,-0.52197,51.96353,3,3,5,18:31,-1,E06000056,1,2,1,1,2,4,1,5,0,0,0,1,0,0,0,0,0,12,26
2024401540813,2024,401540813,511109,220047,-0.38767,51.86794,3,3,2,06:39,-1,E06000056,6,2,1,0,2,19,2,6,12,0,0,0,0,1,0,0,0,12,16
2024401540892,2024,401540892,506261,222106,-0.45742,51.88739,2,2,3,07:50,-1,E06000032,3,0,1,0,1,"[5, 19]",3,7,0,0,0,1,1,0,0,0,0,9,10
2024401541137,2024,401541137,511154,222450,-0.38625,51.88953,3,3,7,14:30,-1,E06000032,6,0,1,0,1,"[19, 5]","[6, 8]","[2, 4]",0,0,0,1,0,1,0,0,0,12,28
2024401541139,2024,401541139,497742,248454,-0.57366,52.12576,2,"[3, 2]",5,08:15,-1,E06000055,3,0,1,0,2,"[10, 19]","[1, 3]","[2, 7]",0,"[3, 0]","[9, 0]",1,0,0,1,0,0,12,12
2024401541167,2024,401541167,509523,221606,-0.41021,51.88227,3,3,3,20:15,-1,E06000032,3,2,8,0,1,5,"[1, 5]","[7, 1]",0,0,0,1,0,0,0,0,0,12,31
2024401541189,2024,401541189,506152,258409,-0.44774,52.21368,3,3,6,07:32,-1,E06000055,6,0,1,1,2,"[9, 4]","[5, 3]","[3, 7]",0,0,0,1,1,0,0,0,0,11,29
2024401541197,2024,401541197,501589,230580,-0.52279,51.96443,3,3,7,16:52,-1,E06000056,1,2,1,1,2,19,8,4,0,0,0,1,0,0,0,0,0,12,21
2024401541222,2024,401541222,510367,220510,-0.3983,51.87225,3,3,2,19:00,-1,E06000032,4,2,2,1,1,"[3, 19]",8,4,0,0,0,1,0,0,0,0,0,12,2
2024401541254,2024,401541254,502530,215262,-0.51364,51.82658,3,3,6,13:00,-1,E06000056,6,0,1,1,2,19,"[5, 8]","[1, 2]","[10, 0]",0,0,1,0,0,0,0,0,12,20
2024401541279,2024,401541279,500865,247298,-0.52839,52.11481,2,2,7,21:06,-1,E06000055,6,2,1,0,2,9,5,2,0,0,0,1,0,0,0,0,0,12,28
2024401541362,2024,401541362,505136,249493,-0.46537,52.13375,3,3,4,14:00,-1,E06000055,6,0,1,0,1,"[19, 7]","[7, 1]",3,99,0,0,1,0,1,0,0,0,12,25
2024401541920,2024,401541920,508144,251929,-0.42066,52.15506,3,3,6,17:32,-1,E06000055,6,2,1,1,1,"[19, 3]",1,5,0,0,0,1,0,0,0,0,0,12,13
2024401541943,2024,401541943,508374,221585,-0.4269,51.8823,3,3,1,21:19,-1,E06000032,3,2,1,0,1,4,4,8,0,0,0,1,0,1,0,0,0,12,15
2024401542239,2024,401542239,500637,233649,-0.53574,51.99218,3,3,5,16:31,-1,E06000056,1,0,1,0,2,19,1,5,0,0,0,1,0,0,0,0,0,12,26
2024401542241,2024,401542241,503760,249268,-0.48553,52.13198,2,2,3,17:30,-1,E06000055,6,2,1,0,1,19,-1,-1,0,0,0,1,1,0,0,0,0,12,17
2024401543080,2024,401543080,504457,249646,-0.47524,52.13525,3,3,7,21:56,-1,E06000055,6,2,1,0,1,"[5, 9]","[3, 7]","[7, 4]",0,0,0,1,0,1,0,0,0,12,21
2024401544249,2024,401544249,496121,237308,-0.60046,52.02587,2,"[3, 2]",1,18:00,-1,E06000056,1,2,1,1,2,"[4, 19]",8,4,0,0,0,1,0,0,0,0,0,12,15
2024401544310,2024,401544310,508438,235478,-0.42159,52.00715,2,"[2, 3]",7,11:30,-1,E06000056,3,0,1,0,2,19,"[1, 6]","[5, 1]",0,"[0, 1]",0,1,0,0,0,0,0,12,14
2024401544674,2024,401544674,510012,252452,-0.3932,52.15939,2,2,4,11:41,-1,E06000055,6,0,8,1,2,1,3,7,0,1,0,1,0,0,0,0,0,12,25
2024401544675,2024,401544675,511617,230153,-0.37703,51.95867,2,2,2,08:03,-1,E06000056,4,0,1,1,2,19,3,7,0,0,0,1,0,0,0,0,0,11,25
2024401545136,2024,401545136,496002,237356,-0.60218,52.02632,3,3,1,15:44,-1,E06000056,1,2,1,1,2,"[19, 4]",1,5,0,0,0,1,0,0,0,0,0,12,29
2024401545181,2024,401545181,510109,238514,-0.39628,52.03411,3,3,2,08:49,-1,E06000056,3,0,1,1,2,"[14, 19]","[3, 7]","[7, 3]",0,"[7, 1]",0,1,0,0,0,0,0,12,23
2024401545362,2024,401545362,516504,249929,-0.29921,52.13539,3,3,1,22:57,-1,E06000056,3,2,1,1,1,"[19, 2]","[1, 0]","[5, 0]",0,"[1, 0]","[6, 0]",1,0,0,0,0,0,10,6
2024401545582,2024,401545582,510089,222660,-0.40165,51.89163,2,2,6,23:18,-1,E06000032,6,2,1,1,1,"[19, 2]","[1, 0]","[5, 0]",0,"[1, 0]","[5, 0]",1,0,0,1,0,0,8,9
2024401547393,2024,401547393,501830,221943,-0.52183,51.88675,2,"[2, 3]",1,00:13,-1,E06000056,3,2,2,1,1,19,"[1, 5]","[5, 1]",0,0,0,1,0,1,0,0,1,12,29
2024401548086,2024,401548086,508410,236281,-0.42175,52.01438,3,3,4,10:25,-1,E06000056,3,0,1,0,2,4,1,5,0,0,0,1,0,0,0,0,0,12,11
2024401548594,2024,401548594,520521,242880,-0.24304,52.07118,3,3,5,14:20,-1,E06000056,3,0,1,1,2,"[3, 19]","[1, 5]","[5, 1]",0,0,0,1,0,0,0,0,0,1,11
2024401553339,2024,401553339,501515,246900,-0.51902,52.11112,3,3,2,11:33,-1,E06000055,3,0,1,0,2,19,"[7, 1]","[3, 5]",0,0,0,1,0,0,0,0,0,8,26
2024401556255,2024,401556255,502470,220590,-0.51294,51.87448,3,3,5,18:54,-1,E06000056,6,2,1,0,1,"[2, 1]","[0, 5]","[0, 1]","[0, 4]",0,0,1,0,0,0,0,1,12,19
2024401566629,2024,401566629,525542,246443,-0.16851,52.10209,2,"[3, 2]",5,06:41,-1,E06000056,6,2,7,1,2,19,5,7,0,1,0,1,0,0,0,0,0,12,26
2024401567518,2024,401567518,503803,251194,-0.48432,52.14929,3,3,6,07:16,-1,E06000055,6,0,1,0,2,"[4, 19]","[5, 7]","[1, 4]",0,0,0,1,0,0,0,0,0,12,20
2024401571573,2024,401571573,504603,222124,-0.4815,51.88787,2,"[3, 2]",1,13:30,-1,E06000056,3,0,2,1,2,19,3,7,0,0,0,1,0,0,0,0,0,12,8
2024401576687,2024,401576687,508623,222006,-0.42315,51.88604,2,2,1,19:51,-1,E06000032,6,2,2,1,1,19,"[3, 5]","[7, 1]",0,0,0,1,0,0,0,0,0,12,8
2024401577697,2024,401577697,492183,224934,-0.66116,51.91532,3,3,6,11:40,-1,E06000056,6,0,1,0,1,1,1,5,0,0,0,1,0,0,0,0,1,4,5
2024401578226,2024,401578226,507924,219155,-0.43419,51.86055,3,3,3,07:48,-1,E06000056,6,0,1,0,2,19,"[2, 6]","[6, 2]",0,0,0,1,0,0,0,0,0,11,26
2024411394644,2024,411394644,518566,229290,-0.27624,51.94948,3,3,3,16:37,-1,E07000099,6,2,2,1,1,"[6, 5]",-1,-1,0,0,0,1,0,0,0,0,0,1,2
2024411394714,2024,411394714,513803,197529,-0.35593,51.66503,3,3,2,16:02,-1,E07000098,1,2,2,1,2,"[3, 19]",1,5,0,0,0,1,0,1,0,0,0,1,1
2024411395112,2024,411395112,503801,196471,-0.50081,51.65745,3,3,5,16:40,-1,E07000102,3,2,2,1,1,4,-1,-1,0,0,0,1,0,0,0,0,0,1,4
2024411395879,2024,411395879,509409,207615,-0.41628,51.75655,3,3,4,12:28,-1,E07000240,1,0,2,1,2,19,5,1,0,0,0,1,0,0,0,0,0,1,3
2024411395996,2024,411395996,512687,203113,-0.37026,51.71544,3,3,7,00:30,-1,E07000240,3,2,1,-1,2,"[4, 15]",-1,-1,0,0,0,1,0,0,0,0,0,1,6
2024411396054,2024,411396054,520638,232503,-0.24498,51.9779,3,3,5,10:15,-1,E07000099,6,0,1,0,1,"[19, 9]","[7, 1]","[3, 7]",0,0,0,1,0,1,0,0,0,1,4
2024411396217,2024,411396217,509324,205235,-0.41825,51.73517,3,3,6,19:35,-1,E07000102,6,2,2,1,2,3,-1,-1,0,0,0,1,0,0,0,0,0,1,5
2024411396248,2024,411396248,522740,200213,-0.22584,51.68727,3,3,2,19:22,-1,E07000098,6,2,1,0,2,"[7, 19]","[5, 3]",7,0,0,0,1,0,0,0,0,0,1,8
2024411396263,2024,411396263,510895,197856,-0.39786,51.66855,3,3,5,16:50,-1,E07000103,3,2,2,1,1,19,-1,-1,0,0,0,1,1,0,0,0,0,1,4
2024411396296,2024,411396296,500009,207436,-0.55247,51.75669,2,2,5,12:44,-1,E07000096,3,0,1,-1,1,-1,-1,-1,-1,-1,0,1,0,1,0,0,0,1,4
2024411396447,2024,411396447,523704,223784,-0.2035,51.89888,3,3,6,17:10,-1,E07000243,3,2,2,1,1,"[4, 3]",7,1,0,0,0,1,0,0,0,0,0,1,5
2024411396615,2024,411396615,520094,197088,-0.26517,51.65975,3,3,5,17:10,-1,E07000098,3,2,2,-1,1,-1,-1,-1,-1,-1,0,1,0,0,0,0,1,1,4
2024411396656,2024,411396656,526318,224404,-0.1653,51.90386,3,3,3,05:15,-1,E07000243,6,2,1,-1,1,"[19, 9]",-1,-1,0,0,0,1,0,0,0,0,0,1,9
2024411396673,2024,411396673,535954,202263,-0.034,51.70265,3,3,7,18:25,-1,E07000095,6,2,1,1,1,"[1, 3]",3,7,0,0,0,1,0,0,0,0,0,1,6
2024411396729,2024,411396729,546400,221978,0.12537,51.87716,2,"[2, 3]",6,13:25,-1,E07000242,3,0,2,1,2,"[19, 4]","[7, 4]","[3, 8]",0,0,0,1,0,0,0,0,0,1,5
2024411396740,2024,411396740,510658,196950,-0.40157,51.66045,3,3,2,07:45,-1,E07000103,3,0,1,1,1,-1,-1,-1,-1,-1,0,1,0,0,0,0,0,1,8
2024411396798,2024,411396798,536468,205202,-0.02542,51.72893,3,3,5,15:30,-1,E07000095,3,0,2,1,1,"[9, 13]",-1,-1,0,0,0,1,0,1,0,0,0,1,4
2024411397284,2024,411397284,521942,209364,-0.23417,51.76968,3,3,4,17:30,-1,E07000241,6,2,1,-1,2,"[5, -1]","[7, -1]","[2, -1]","[0, -1]","[0, -1]",0,1,0,0,1,0,0,1,10
2024411397536,2024,411397536,525036,201312,-0.19225,51.69664,3,3,5,17:25,-1,E07000098,6,2,2,1,1,"[19, 3]",6,2,0,0,0,1,0,0,0,0,0,1,11
2024411398339,2024,411398339,518155,228734,-0.28241,51.94457,1,"[1, 2]",7,20:38,-1,E07000099,3,2,1,1,1,19,1,5,0,1,0,1,0,0,0,0,0,1,13
2024411398356,2024,411398356,536310,203407,-0.0284,51.71284,3,3,6,11:00,-1,E07000095,6,0,1,-1,1,"[5, 19]",-1,-1,0,0,0,1,0,1,0,0,0,1,12
2024411398441,2024,411398441,517922,221265,-0.28835,51.87749,3,3,6,11:30,-1,E07000099,6,0,8,1,2,"[1, 4]",8,4,0,0,0,1,0,1,0,0,0,1,12
2024411398554,2024,411398554,512354,200243,-0.376,51.68971,3,3,1,13:35,-1,E07000098,1,0,1,-1,2,-1,-1,-1,-1,-1,0,1,0,0,0,0,0,1,14
2024411398909,2024,411398909,546018,213700,0.11633,51.80288,2,"[3, 2]",2,21:30,-1,E07000242,6,2,1,1,2,"[19, 13]","[6, 2]","[2, 6]",0,0,0,1,0,0,0,0,0,1,8
2024411398950,2024,411398950,508931,207559,-0.42322,51.75614,3,3,4,23:26,-1,E07000240,3,2,1,2,2,7,3,7,0,1,2,1,0,0,0,0,0,1,10
2024411399078,2024,411399078,509687,210480,-0.41135,51.78224,3,3,1,17:41,-1,E07000240,1,2,8,0,2,19,5,1,11,1,10,1,0,0,0,0,0,1,7
2024411399325,2024,411399325,492387,211393,-0.66181,51.79357,2,2,7,10:00,-1,E07000096,4,0,1,0,1,5,3,7,0,0,0,1,0,0,0,0,1,1,13
2024411399442,2024,411399442,508795,217946,-0.42193,51.84952,3,3,7,15:20,-1,E07000096,1,0,1,1,2,19,1,5,0,0,0,1,0,0,0,0,0,1,13
2024411399544,2024,411399544,535312,212866,-0.03916,51.79808,3,3,3,08:51,-1,E07000242,3,0,1,0,2,"[11, 19]",4,"[6, 1]",0,"[7, 0]","[4, 0]",1,0,0,0,0,0,1,16
2024411399577,2024,411399577,521108,196105,-0.25086,51.6507,3,3,5,16:29,-1,E07000098,3,2,1,1,2,"[19, 2]","[0, 5]","[0, 8]",0,"[1, 0]",0,1,0,0,1,0,0,1,4
2024411399579,2024,411399579,535434,215144,-0.0365,51.81852,3,3,2,18:30,-1,E07000242,3,2,2,1,1,19,"[3, 7]","[7, 3]",0,0,0,1,0,0,0,0,0,1,8
2024411399831,2024,411399831,535148,206815,-0.04389,51.74375,3,3,4,08:06,-1,E07000095,6,0,1,1,2,19,"[7, 3]","[3, 7]",0,0,0,1,0,0,0,0,0,1,10
2024411399887,2024,411399887,522446,226883,-0.22067,51.92701,2,"[2, 3]",7,23:19,-1,E07000243,2,2,1,0,2,19,5,8,0,4,0,1,0,0,0,0,0,1,6
2024411399914,2024,411399914,518702,229253,-0.27428,51.94911,3,3,3,17:10,-1,E07000099,4,2,1,0,1,19,5,1,0,0,0,1,0,0,0,0,1,1,16
2024411399925,2024,411399925,495133,210813,-0.62216,51.7879,3,3,7,12:27,-1,E07000096,6,0,1,0,2,"[19, 5]","[3, 5]","[7, 1]",0,0,0,1,0,0,0,0,0,1,13
2024411399932,2024,411399932,514665,213463,-0.33823,51.80805,3,3,4,07:50,-1,E07000240,6,0,1,-1,1,-1,-1,-1,-1,-1,0,1,0,0,0,0,1,1,17
2024411399999,2024,411399999,515197,207620,-0.33245,51.75543,3,3,4,17:00,-1,E07000240,6,2,1,0,1,19,"[4, 8]","[8, 4]",0,0,0,1,1,0,0,0,0,1,17
2024411400232,2024,411400232,524974,212640,-0.18908,51.79845,3,3,7,13:41,-1,E07000241,6,0,1,0,1,19,3,1,0,0,0,1,0,0,0,0,1,1,13
2024411400321,2024,411400321,506856,215913,-0.4507,51.83162,3,3,7,14:37,-1,E07000096,3,0,1,0,2,19,5,1,0,0,0,1,0,0,0,0,0,1,13
2024411401218,2024,411401218,510343,201120,-0.40481,51.69799,3,3,2,15:47,-1,E07000102,6,0,2,1,1,19,"[2, 6]","[6, 2]",0,0,0,1,0,1,0,0,0,1,8
2024411401246,2024,411401246,537230,208282,-0.01318,51.75642,3,3,5,19:42,-1,E07000095,3,2,8,1,1,"[9, 19]","[1, 5]","[7, 1]",0,0,0,1,0,0,0,0,0,1,18
2024411401277,2024,411401277,516992,210464,-0.3055,51.78062,3,3,2,16:30,-1,E07000240,6,0,1,0,1,5,4,8,0,0,0,1,0,0,0,0,1,1,15
2024411401293,2024,411401293,496502,208151,-0.60306,51.76374,3,3,4,11:45,-1,E07000096,3,0,1,1,2,19,5,2,0,5,0,1,0,0,0,0,0,1,3
2024411401561,2024,411401561,521987,209345,-0.23353,51.7695,3,3,4,17:22,-1,E07000241,2,2,1,1,2,7,5,1,0,0,0,0,0,1,0,0,0,1,10
2024411401612,2024,411401612,503774,206760,-0.49814,51.74993,3,3,4,12:38,-1,E07000096,6,0,1,1,1,"[19, 2]","[1, 0]","[5, 0]",0,0,0,1,0,0,0,0,0,1,3
2024411401951,2024,411401951,526211,201452,-0.1752,51.69763,3,3,1,11:45,-1,E07000098,3,0,1,1,1,"[10, 19]",-1,-1,0,-1,0,1,0,1,0,0,0,1,21
2024411401984,2024,411401984,523027,202178,-0.22099,51.70486,1,1,2,04:25,-1,E07000098,2,2,1,1,2,19,5,1,0,1,4,1,0,0,0,0,0,1,22
2024411402027,2024,411402027,516884,199572,-0.31072,51.68275,3,3,3,08:50,-1,E07000098,6,0,1,0,2,"[2, 14]","[0, 3]","[0, 7]",0,0,0,1,0,0,0,0,0,1,16
2024411402030,2024,411402030,521685,232591,-0.22972,51.97847,2,2,2,15:30,-1,E07000099,6,0,1,0,1,1,1,5,0,0,0,1,0,0,0,0,1,1,15
2024411402093,2024,411402093,522662,231661,-0.21583,51.9699,3,3,3,10:58,-1,E07000099,6,0,1,0,1,"[19, 7]","[6, 8]","[2, 4]",0,0,0,1,0,0,0,0,0,1,16
2024411402589,2024,411402589,520186,196605,-0.264,51.65539,3,3,3,08:42,-1,E07000098,6,0,2,-1,1,19,-1,-1,0,0,0,1,0,0,0,0,1,1,23
2024411402766,2024,411402766,536356,206770,-0.02642,51.74305,3,3,6,12:00,-1,E07000095,6,0,1,-1,1,-1,-1,-1,-1,-1,0,1,0,1,0,0,0,1,19
2024411402848,2024,411402848,521506,232916,-0.23221,51.98143,3,3,1,13:25,-1,E07000099,6,0,1,0,1,5,"[1, 3]","[5, 7]",0,0,0,1,0,0,0,0,0,1,14
2024411402929,2024,411402929,499685,215340,-0.55489,51.82779,3,3,5,09:20,-1,E07000096,4,0,1,0,2,-1,-1,-1,-1,-1,0,1,0,1,0,0,0,1,18
2024411402938,2024,411402938,510024,196403,-0.4109,51.65566,3,3,1,14:53,-1,E07000103,3,0,1,0,1,"[14, 3]",7,3,0,0,0,1,0,1,0,0,0,1,14
2024411402977,2024,411402977,509703,199848,-0.41446,51.68668,3,3,2,08:25,-1,E07000103,6,0,1,0,1,-1,-1,-1,-1,-1,0,1,1,0,0,0,0,1,15
2024411402978,2024,411402978,535845,224916,-0.02671,51.90623,3,3,7,19:20,-1,E07000242,6,2,8,1,2,19,5,1,10,0,0,1,0,0,0,0,0,1,20
2024411402993,2024,411402993,513362,197630,-0.36227,51.66602,3,3,5,19:10,-1,E07000098,4,2,2,1,1,"[19, 3]",3,7,0,0,0,1,0,0,0,0,0,1,25
2024411403885,2024,411403885,510989,198200,-0.39639,51.67162,3,3,7,20:30,-1,E07000103,3,2,1,-1,1,"[4, 5]",-1,-1,0,0,0,1,0,0,0,0,0,1,27
2024411403890,2024,411403890,524304,222926,-0.19509,51.89104,2,2,4,13:20,-1,E07000243,3,0,1,0,1,19,1,4,0,0,0,1,0,0,0,0,0,1,24
2024411403949,2024,411403949,536361,200377,-0.02885,51.6856,3,3,6,19:20,-1,E07000095,3,2,1,0,1,"[19, 11]",3,7,0,0,0,1,0,0,0,0,0,1,26