collision_index,collision_year,collision_ref_no,location_easting_osgr,location_northing_osgr,longitude,latitude,casualty_severity,casualty_severity,day_of_week,time,local_authority_district,local_authority_ons_district,first_road_class,light_conditions,weather_conditions,road_surface_conditions,urban_or_rural_area,vehicle_manoeuvre,vehicle_direction_from,vehicle_direction_to,hit_object_in_carriageway,vehicle_leaving_carriageway,hit_object_off_carriageway,is_car,is_cyle,is_mcyle,is_goodsv,is_other,is_pedestrian,month,day
2024411403961,2024,411403961,506659,195384,-0.45984,51.64715,3,3,6,11:10,-1,E07000102,6,0,1,0,1,-1,-1,-1,-1,-1,0,1,0,0,0,0,1,1,26
2024411403975,2024,411403975,538120,222749,0.00548,51.8862,3,3,3,09:05,-1,E07000242,3,0,1,2,2,"[19, 4]",1,5,0,0,0,1,0,0,0,0,0,1,16
2024411404226,2024,411404226,517818,228887,-0.28726,51.94601,2,2,3,15:43,-1,E07000099,3,0,1,0,1,"[19, 2]","[6, 0]","[2, 0]",0,0,0,1,0,0,0,0,1,1,9
2024411404254,2024,411404254,535642,234659,-0.02581,51.99382,3,3,6,12:28,-1,E07000099,3,0,1,0,2,"[3, 19]",1,5,0,0,0,1,0,0,0,0,0,1,19
2024411404267,2024,411404267,504660,196087,-0.48851,51.65384,3,3,5,22:55,-1,E07000102,3,2,1,0,1,19,7,3,0,0,0,1,0,0,0,0,0,1,18
2024411404283,2024,411404283,508938,216809,-0.42021,51.83927,3,3,6,19:17,-1,E07000096,1,2,1,0,2,19,5,1,0,0,0,1,0,0,0,0,0,1,26
2024411404310,2024,411404310,510986,199044,-0.39617,51.6792,3,3,5,14:50,-1,E07000103,3,0,1,0,1,19,"[7, 1]","[3, 5]",0,0,0,1,1,0,0,0,0,1,25
2024411404325,2024,411404325,519532,207652,-0.26967,51.75481,2,"[3, 2]",2,16:09,-1,E07000240,3,0,4,0,1,19,"[3, 4]","[7, 8]","[0, 9]",0,0,1,0,0,0,0,0,1,22
2024411404399,2024,411404399,529833,201805,-0.12269,51.69998,3,3,5,20:49,-1,E07000241,4,2,1,0,2,19,"[6, 2]","[1, 6]",0,"[2, 0]",0,1,0,0,0,0,0,1,25
2024411404680,2024,411404680,535568,214820,-0.03469,51.81558,3,3,4,15:20,-1,E07000242,3,0,1,0,1,5,"[8, 7]","[4, 3]",0,"[1, 0]","[11, 0]",1,0,0,0,1,0,1,24
2024411404700,2024,411404700,513582,197353,-0.35918,51.66349,3,3,1,12:04,-1,E07000098,6,0,8,1,2,"[5, 19]","[7, 5]","[5, 1]",0,"[1, 0]",0,1,0,0,0,0,0,1,21
2024411404728,2024,411404728,507709,201341,-0.44283,51.70049,3,3,3,08:20,-1,E07000102,1,0,1,-1,2,"[19, 3]",-1,-1,0,0,0,1,0,0,0,0,0,1,30
2024411404741,2024,411404741,532441,212757,-0.08081,51.79779,2,2,6,11:32,-1,E07000242,6,0,1,1,1,5,1,3,0,0,0,1,0,0,0,0,1,1,5
2024411404760,2024,411404760,515294,206772,-0.33133,51.74779,2,2,3,22:07,-1,E07000240,4,2,1,0,1,9,3,1,0,0,0,1,0,0,0,0,1,1,16
2024411404788,2024,411404788,498582,208123,-0.57294,51.76312,3,3,5,19:40,-1,E07000096,3,2,2,1,1,-1,-1,-1,0,0,0,1,0,0,0,0,0,1,4
2024411404803,2024,411404803,524848,233353,-0.18341,51.98461,3,3,3,15:30,-1,E07000099,6,0,4,0,1,19,3,7,0,0,0,1,0,0,0,0,1,1,23
2024411404876,2024,411404876,512949,195901,-0.3688,51.65057,2,"[3, 2]",4,04:30,-1,E07000098,6,2,1,0,1,19,4,8,0,0,0,1,0,0,0,0,1,1,17
2024411405083,2024,411405083,513708,212737,-0.35234,51.80173,3,3,2,20:22,-1,E07000240,3,2,1,0,2,"[5, 19]","[7, 5]",1,0,0,0,1,0,1,0,0,0,1,22
2024411405129,2024,411405129,518603,201072,-0.28536,51.69588,3,3,1,09:56,-1,E07000098,4,0,1,0,2,"[13, 19]",8,4,0,"[0, 1]",0,1,1,0,0,0,0,1,7
2024411405176,2024,411405176,537630,208819,-0.00717,51.76115,3,3,3,17:20,-1,E07000095,3,2,1,-1,1,-1,-1,-1,-1,-1,0,1,0,0,0,0,0,1,30
2024411405206,2024,411405206,525162,227474,-0.18098,51.93171,3,3,6,09:51,-1,E07000099,6,0,1,0,1,19,3,7,0,0,0,1,0,0,0,0,0,1,19
2024411405216,2024,411405216,509345,213450,-0.41537,51.809,3,3,4,17:30,-1,E07000240,1,2,2,1,2,19,5,1,0,0,0,1,0,1,0,0,0,1,10
2024411405221,2024,411405221,521472,206689,-0.24191,51.74574,3,3,4,11:18,-1,E07000241,2,0,1,0,1,"[4, 19]",1,5,0,0,0,1,0,0,0,0,0,1,31
2024411405449,2024,411405449,525139,220235,-0.18394,51.86667,3,3,5,06:50,-1,E07000099,6,0,1,1,2,5,3,6,11,0,0,1,0,0,0,0,1,1,18
2024411405507,2024,411405507,535909,203946,-0.03399,51.71778,3,3,2,05:19,-1,E07000095,3,2,2,1,2,19,1,5,0,"[0, 5]","[0, 6]",1,0,0,0,0,0,1,8
2024411405529,2024,411405529,522565,227040,-0.21889,51.92839,3,3,1,20:19,-1,E07000243,3,2,1,0,2,4,1,5,0,7,0,1,0,0,0,0,0,1,28
2024411406277,2024,411406277,533880,201981,-0.0641,51.70061,3,3,2,14:05,-1,E07000095,4,0,1,0,2,19,4,8,0,1,0,1,0,0,0,0,0,1,29
2024411406310,2024,411406310,503205,206075,-0.50658,51.74388,3,3,1,11:10,-1,E07000096,3,0,1,0,2,"[5, 14]",7,"[3, 7]",0,0,0,1,1,0,0,0,0,2,4
2024411406417,2024,411406417,519462,196714,-0.27443,51.65653,2,2,5,08:22,-1,E07000098,4,0,1,1,1,-1,-1,-1,-1,-1,0,0,0,0,0,0,1,2,1
2024411406430,2024,411406430,533851,240886,-0.04945,52.05021,3,3,6,19:19,-1,E07000099,3,2,1,0,2,"[4, 12]",2,6,0,"[1, 0]",0,1,0,0,0,0,0,1,26
2024411406453,2024,411406453,505733,207262,-0.46962,51.75408,3,3,3,13:59,-1,E07000096,6,0,1,0,1,"[19, 3, -1]","[5, -1]","[1, -1]","[0, -1]","[0, -1]",0,1,0,0,0,0,0,1,30
2024411406467,2024,411406467,523593,236115,-0.20068,52.00971,3,3,5,10:50,-1,E07000099,3,0,1,0,2,"[19, 9]",5,1,0,0,0,1,0,0,0,0,0,2,1
2024411406481,2024,411406481,524515,200147,-0.2002,51.68628,3,3,6,02:15,-1,E07000098,1,2,1,0,2,"[19, 12]",7,3,0,0,0,1,0,0,1,0,0,2,2
2024411406526,2024,411406526,536010,204956,-0.03214,51.72683,3,3,5,15:05,-1,E07000095,3,0,1,0,2,"[7, 3]",8,4,0,0,0,1,0,0,0,0,0,2,1
2024411406723,2024,411406723,511696,205010,-0.38399,51.73268,3,3,6,22:00,-1,E07000240,6,2,1,0,2,19,"[1, 5]","[5, 1]",0,0,0,1,0,0,0,0,0,2,2
2024411406772,2024,411406772,525016,213467,-0.18817,51.80587,3,3,2,09:30,-1,E07000241,4,0,1,0,2,"[3, 5]",5,6,0,0,0,1,0,0,0,0,0,1,22
2024411406792,2024,411406792,511417,193197,-0.3918,51.62657,2,2,3,23:28,-1,E07000102,6,2,1,0,1,-1,-1,-1,-1,-1,0,0,0,0,1,0,1,1,2
2024411407133,2024,411407133,541557,223326,0.05562,51.89052,3,3,5,16:17,-1,E07000242,3,0,1,0,2,4,4,"[2, 8]",0,0,0,1,0,0,0,0,0,2,1
2024411407136,2024,411407136,548907,221365,0.1615,51.87099,2,2,6,20:07,-1,E07000242,3,2,1,1,1,19,5,1,7,0,0,1,0,0,0,0,1,2,2
2024411407139,2024,411407139,506980,207475,-0.4515,51.75576,3,3,2,11:15,-1,E07000096,6,0,1,-1,1,-1,-1,-1,-1,-1,0,1,0,1,0,0,0,2,5
2024411407452,2024,411407452,522280,225484,-0.22358,51.91447,3,3,4,13:30,-1,E07000243,6,0,1,0,1,"[5, -1]",-1,-1,0,0,0,1,1,0,0,0,0,2,7
2024411407482,2024,411407482,511224,195652,-0.3938,51.64867,3,3,3,07:09,-1,E07000103,6,2,1,0,1,19,-1,-1,0,0,0,1,0,0,0,0,1,1,30
2024411407508,2024,411407508,511602,197204,-0.38785,51.66255,3,3,4,11:26,-1,E07000103,6,0,1,0,2,19,1,5,0,0,0,1,0,0,0,0,1,1,10
2024411407512,2024,411407512,513041,198108,-0.36676,51.67038,2,"[3, 2]",5,19:00,-1,E07000098,1,2,1,2,2,19,5,1,0,"[0, 2]","[0, 11]",1,0,0,0,0,0,1,18
2024411407514,2024,411407514,503798,194604,-0.50141,51.64067,3,3,7,14:20,-1,E07000102,6,0,1,0,1,19,"[8, 4]","[4, 8]",0,0,0,1,0,0,0,0,0,1,27
2024411407529,2024,411407529,510952,197312,-0.39721,51.66364,3,3,7,10:18,-1,E07000103,6,0,1,2,1,4,8,3,0,0,0,1,0,0,0,0,1,1,27
2024411407564,2024,411407564,519782,203137,-0.2676,51.71418,3,3,6,08:18,-1,E07000098,1,0,1,0,2,4,8,4,0,"[0, 4]",0,1,0,0,0,0,0,1,26
2024411407569,2024,411407569,509715,211028,-0.41077,51.78716,3,3,6,06:21,-1,E07000240,1,2,1,0,2,4,1,5,0,"[0, 4]",0,1,0,0,0,0,0,1,26
2024411407580,2024,411407580,524923,214242,-0.18924,51.81286,3,3,6,14:39,-1,E07000241,6,0,1,0,1,"[2, 1]","[0, 8]","[0, 4]","[0, 4]","[0, 8]",0,1,0,0,0,0,0,2,2
2024411407609,2024,411407609,511875,202095,-0.38234,51.70645,3,3,1,22:55,-1,E07000102,1,2,1,1,2,19,5,1,0,0,0,1,0,0,0,0,0,1,14
2024411407645,2024,411407645,547717,214225,0.14118,51.80715,2,"[3, 2]",5,17:15,-1,E07000242,3,2,1,1,2,"[5, 19]","[8, 6]","[6, 2]",0,0,0,1,0,0,0,0,0,2,1
2024411407678,2024,411407678,511709,195661,-0.38679,51.64866,3,3,6,13:05,-1,E07000103,3,0,1,0,1,-1,-1,-1,-1,-1,0,1,0,0,0,0,1,1,26
2024411407680,2024,411407680,508784,217874,-0.42211,51.84887,3,3,1,16:40,-1,E07000096,1,2,4,1,2,4,5,1,0,0,0,1,0,0,0,0,0,1,21
2024411407889,2024,411407889,508988,196027,-0.42599,51.65248,3,3,5,19:25,-1,E07000103,3,2,2,1,2,"[5, 19]",7,3,0,0,0,1,1,0,0,0,0,2,8
2024411407934,2024,411407934,526472,211874,-0.16764,51.79123,3,3,4,08:00,-1,E07000241,4,0,1,1,2,"[5, 19]","[2, 4]",8,0,0,0,1,0,0,0,0,0,2,7
2024411407937,2024,411407937,547679,221892,0.1439,51.87605,3,3,3,07:37,-1,E07000242,3,0,1,0,1,"[19, 9]","[8, 2]","[4, 6]",0,0,0,1,0,1,0,0,0,2,6
2024411407959,2024,411407959,517294,204940,-0.30299,51.73091,3,3,5,16:55,-1,E07000240,3,2,2,-1,2,-1,-1,-1,-1,-1,0,1,0,0,0,0,0,2,8
2024411407981,2024,411407981,515456,206597,-0.32904,51.74619,3,3,3,09:20,-1,E07000240,6,0,1,0,1,4,4,5,0,0,0,1,0,0,0,0,1,2,6
2024411408808,2024,411408808,535330,202257,-0.04303,51.70274,3,3,7,11:10,-1,E07000095,3,0,1,1,1,"[5, 3]",1,6,0,0,0,1,0,0,0,0,0,2,10
2024411408836,2024,411408836,508928,207554,-0.42326,51.75609,3,3,7,21:04,-1,E07000240,3,2,1,0,2,"[19, -1]",-1,-1,"[0, -1]","[0, -1]",0,1,0,0,1,0,0,2,10
2024411408857,2024,411408857,513752,204215,-0.35449,51.72513,3,3,7,17:45,-1,E07000240,3,2,1,0,1,"[4, 19]",1,5,0,0,0,1,0,0,0,0,0,1,20
2024411408882,2024,411408882,514789,194187,-0.34278,51.63479,3,3,6,11:38,-1,E07000098,6,0,1,0,1,99,4,8,0,0,0,1,0,0,0,0,1,2,9
2024411408896,2024,411408896,512599,198700,-0.37296,51.67579,3,3,4,08:39,-1,E07000103,1,0,1,0,2,4,1,5,0,0,0,1,0,0,1,0,0,2,7
2024411408911,2024,411408911,514688,196239,-0.34357,51.65325,1,"[2, 3, 1]",6,07:38,-1,E07000098,3,0,1,1,2,"[19, 15]","[8, 4, 2]","[4, 8]",0,"[1, 0]",0,1,0,0,0,0,0,2,2
2024411408991,2024,411408991,513385,204380,-0.35975,51.72668,3,3,6,17:30,-1,E07000240,4,2,2,1,1,"[19, 2]","[1, 0]","[5, 0]",0,0,0,1,0,0,0,0,0,2,9
2024411408995,2024,411408995,521872,198547,-0.23897,51.67248,3,3,7,13:51,-1,E07000098,6,0,2,-1,2,-1,-1,-1,-1,-1,0,1,0,0,0,0,0,2,10
2024411409007,2024,411409007,504038,195918,-0.49755,51.65244,3,3,7,14:00,-1,E07000102,1,0,1,0,1,-1,-1,-1,-1,-1,0,1,0,0,0,0,0,2,10
2024411409097,2024,411409097,535770,228735,-0.02629,51.94056,1,"[3, 1]",7,06:34,-1,E07000242,3,2,2,1,2,19,"[1, 5]","[5, 1]",0,"[0, 1]",0,1,0,0,0,0,0,2,10
2024411409228,2024,411409228,513133,195271,-0.36635,51.64487,3,3,6,19:30,-1,E07000098,3,0,1,0,1,"[9, 13]",7,"[5, 3]",0,0,0,1,0,1,0,0,0,2,9
2024411409230,2024,411409230,521838,200903,-0.23864,51.69366,3,3,4,15:15,-1,E07000098,1,0,1,-1,2,-1,-1,-1,-1,-1,0,1,0,0,0,0,0,1,31
2024411409271,2024,411409271,510003,206755,-0.40795,51.7487,3,3,5,14:43,-1,E07000240,1,0,1,0,2,"[4, 19, 12]","[1, 5]","[5, 1]",0,0,0,1,0,0,0,0,0,1,25
2024411409338,2024,411409338,508669,207542,-0.42702,51.75604,3,3,7,20:30,-1,E07000096,3,2,2,1,2,19,"[7, 3]","[3, 7]",0,0,0,1,0,0,0,0,0,2,10
2024411409704,2024,411409704,520972,196982,-0.25252,51.65861,2,2,3,13:23,-1,E07000098,3,0,1,0,1,"[9, 19]",1,"[7, 5]",0,0,0,1,0,1,0,0,0,1,30
2024411409708,2024,411409708,523436,231853,-0.2045,51.97145,3,3,4,08:15,-1,E07000099,6,0,1,1,1,"[2, 19]","[0, 5, 1]","[0, 1, 5]",0,"[0, 7]",0,1,0,0,0,0,0,2,7
2024411409730,2024,411409730,518870,232384,-0.27075,51.97722,3,3,7,23:50,-1,E07000099,6,2,1,1,2,"[19, 13]","[1, 6]","[6, 1]",0,"[7, 1]",0,1,0,0,0,0,0,1,27
2024411409736,2024,411409736,523578,223096,-0.20558,51.89272,3,3,5,14:10,-1,E07000243,3,0,1,0,1,"[11, 12]",8,4,0,0,0,1,0,0,1,0,0,2,1
2024411409741,2024,411409741,509443,208782,-0.41542,51.76703,3,3,3,17:18,-1,E07000240,1,2,1,0,2,3,5,1,0,0,0,1,0,0,0,0,0,1,16
2024411409763,2024,411409763,518299,231342,-0.27942,51.96797,3,3,2,21:00,-1,E07000099,6,2,1,0,1,19,"[4, 8]","[8, 4]",0,"[1, 0]",0,1,0,0,0,0,0,1,8
2024411409884,2024,411409884,492325,212613,-0.66238,51.80455,3,3,2,01:30,-1,E07000096,4,2,1,-1,1,-1,-1,-1,-1,-1,0,1,0,0,0,0,0,2,12
2024411410129,2024,411410129,508067,207281,-0.43582,51.75381,2,2,6,16:56,-1,E07000096,3,0,2,1,2,19,3,5,0,0,0,1,0,1,0,0,0,2,9
2024411410154,2024,411410154,534224,203997,-0.05835,51.71865,3,3,4,17:45,-1,E07000095,6,2,2,1,1,9,7,5,0,0,0,1,0,0,0,0,1,2,7
2024411410606,2024,411410606,515853,201290,-0.32506,51.69841,3,3,5,11:54,-1,E07000098,4,0,2,1,2,"[3, 5, 2]",2,7,0,0,0,1,0,0,0,0,0,2,8
2024411411444,2024,411411444,537720,209003,-0.0058,51.76278,3,3,3,19:10,-1,E07000095,3,2,1,0,1,"[7, 19]",2,6,0,0,0,1,1,0,0,0,0,2,13
2024411411520,2024,411411520,509166,199609,-0.4223,51.68464,3,3,7,18:00,-1,E07000103,3,2,2,1,2,"[4, 19]",-1,-1,0,0,0,1,0,0,0,1,0,2,17
2024411411521,2024,411411521,521381,218806,-0.23899,51.85465,3,3,6,08:20,-1,E07000099,4,0,1,1,2,"[4, 19]",1,"[3, 5]",0,0,0,1,0,0,1,0,0,2,16
2024411411546,2024,411411546,512601,205565,-0.37071,51.73749,3,3,1,21:05,-1,E07000240,3,2,1,0,2,"[-1, 19]","[-1, 7]","[-1, 3]","[-1, 0]","[-1, 0]",0,1,0,0,0,0,0,2,4
2024411411562,2024,411411562,523322,225278,-0.20852,51.91239,3,3,1,01:15,-1,E07000243,6,2,1,1,1,9,"[1, 5]","[3, 1]",0,"[0, 4]",0,1,0,0,0,0,0,1,7
2024411411643,2024,411411643,509738,195287,-0.41539,51.64568,3,3,7,10:00,-1,E07000103,6,0,1,1,1,"[19, 7]","[8, 5]","[4, 8]",0,0,0,1,0,0,0,0,0,2,10
2024411411664,2024,411411664,521343,208334,-0.24321,51.76055,3,3,6,12:50,-1,E07000241,3,0,1,0,1,"[5, 19]","[3, -1]","[1, -1]",0,0,0,1,0,1,0,0,0,2,16
2024411411826,2024,411411826,505312,207622,-0.47561,51.75739,2,2,2,10:00,-1,E07000096,3,0,1,0,1,19,1,5,0,0,0,1,0,0,0,0,1,1,22
2024411411875,2024,411411875,515241,193797,-0.33638,51.63119,2,2,3,07:30,-1,E07000098,3,0,1,0,1,9,1,7,0,0,0,1,0,0,0,0,1,1,30
2024411411899,2024,411411899,522372,204716,-0.22958,51.72782,3,3,6,16:37,-1,E07000241,6,0,1,1,2,19,"[3, 7]","[7, 3]",0,0,0,1,0,0,0,0,0,2,16
2024411411907,2024,411411907,512648,203001,-0.37086,51.71444,3,3,2,06:31,-1,E07000240,1,2,1,0,2,"[5, 7]",3,5,0,0,0,1,0,0,0,0,0,2,19
2024411411912,2024,411411912,518309,231319,-0.27928,51.96776,3,3,6,15:35,-1,E07000099,6,0,1,0,1,-1,-1,-1,-1,-1,0,1,0,0,0,0,0,2,16
2024411411955,2024,411411955,522234,209651,-0.22984,51.7722,3,3,2,07:05,-1,E07000241,3,0,1,2,2,"[5, 19]",2,6,0,0,0,1,0,0,1,0,0,1,15
2024411411976,2024,411411976,519012,230287,-0.26941,51.95834,2,2,4,12:10,-1,E07000099,6,0,1,1,1,"[9, 13]",5,7,0,0,0,1,0,1,0,0,0,1,3
2024411411989,2024,411411989,514698,204973,-0.34055,51.73175,3,3,2,07:30,-1,E07000240,3,0,1,0,2,19,4,8,0,0,0,1,0,0,0,1,0,1,29
2024411412259,2024,411412259,547707,220554,0.14373,51.86402,3,3,7,19:30,-1,E07000242,6,2,2,1,1,9,"[8, 2]","[2, 8]",0,0,0,1,1,0,0,0,0,2,10
2024411412278,2024,411412278,516503,194853,-0.3178,51.64042,3,3,5,11:22,-1,E07000098,1,0,1,0,2,"[19, -1]","[8, -1]","[4, -1]","[0, -1]","[0, -1]",0,1,0,0,0,0,0,2,15
2024411412287,2024,411412287,534535,212953,-0.05039,51.79905,3,3,3,15:30,-1,E07000242,6,0,8,1,1,9,7,6,0,0,0,1,0,0,0,0,0,1,30
2024411412296,2024,411412296,534536,212965,-0.05037,51.79916,3,3,4,20:00,-1,E07000242,4,2,1,0,1,19,"[3, 1]","[7, 5]","[0, 10]",0,0,1,0,0,0,0,0,2,7
2024411412308,2024,411412308,513930,194639,-0.35504,51.63903,3,3,5,16:45,-1,E07000098,3,2,1,0,1,-1,-1,-1,-1,-1,0,1,0,0,0,0,0,1,25
2024411412328,2024,411412328,536254,217177,-0.02382,51.83659,3,3,4,01:10,-1,E07000242,3,2,2,1,2,19,5,1,11,1,9,1,0,0,0,0,0,2,7
2024411412330,2024,411412330,532329,213275,-0.08224,51.80247,3,3,3,19:40,-1,E07000242,4,2,2,1,1,19,5,1,0,0,0,1,0,0,0,0,1,2,6
2024411412340,2024,411412340,532141,212596,-0.08522,51.79641,3,3,1,16:39,-1,E07000242,6,0,1,0,1,19,"[1, 4]","[5, 8]",0,0,0,1,1,0,0,0,0,2,4
2024411412364,2024,411412364,538550,223730,0.01211,51.8949,2,2,7,16:40,-1,E07000242,3,2,1,0,2,"[11, 19]",1,"[4, 5]",0,0,0,1,0,1,0,0,0,2,3
2024411412374,2024,411412374,512173,225959,-0.37031,51.92086,3,3,6,23:13,-1,E07000099,3,2,1,0,2,19,"[6, 1]","[2, 5]",0,0,0,1,0,0,0,0,0,2,9
2024411412378,2024,411412378,506552,208949,-0.45724,51.76909,3,3,5,08:45,-1,E07000096,3,2,9,1,1,7,3,7,0,0,0,1,0,0,0,0,1,2,15
2024411412454,2024,411412454,536035,203019,-0.03253,51.70942,3,3,3,15:20,-1,E07000095,6,0,2,1,1,-1,-1,-1,-1,-1,0,1,0,0,0,0,1,2,13
2024411412483,2024,411412483,513054,198070,-0.36658,51.67004,3,3,2,17:55,-1,E07000098,1,2,1,1,2,19,5,1,0,0,0,1,0,0,0,0,0,2,12
2024411412491,2024,411412491,536872,200399,-0.02145,51.68567,3,3,6,12:47,-1,E07000095,3,0,1,0,1,"[7, 19]",7,"[1, 3]",0,0,0,1,0,0,0,0,0,2,16
2024411412541,2024,411412541,536099,204175,-0.03116,51.71979,3,3,6,17:33,-1,E07000095,4,0,1,0,1,"[3, 19]",7,3,0,0,0,1,0,0,0,0,0,2,16
2024411412738,2024,411412738,504490,206020,-0.48799,51.74315,3,3,1,17:00,-1,E07000096,3,2,1,0,1,19,7,3,0,0,0,1,0,0,0,0,1,1,28
2024411412744,2024,411412744,506414,197952,-0.4626,51.67027,3,3,2,07:54,-1,E07000102,6,0,1,0,2,19,"[5, 2]","[2, 5]","[0, 11]","[1, 0]",0,1,0,0,0,0,0,2,12
2024411412774,2024,411412774,510969,197124,-0.39702,51.66195,3,3,5,16:54,-1,E07000103,6,2,1,0,1,"[9, 14]","[3, 5]",1,0,0,0,1,0,1,0,0,0,1,18
2024411412782,2024,411412782,513987,215999,-0.34723,51.83098,2,2,7,15:00,-1,E07000240,4,0,8,1,2,"[9, 19]","[6, 4]","[2, 8]",0,0,0,1,0,0,0,0,0,2,10
2024411412962,2024,411412962,518228,229121,-0.28122,51.94803,3,3,5,12:30,-1,E07000099,3,0,2,1,1,-1,-1,-1,-1,-1,0,1,0,0,0,0,1,2,22
2024411413138,2024,411413138,548674,217513,0.15646,51.83644,3,3,4,10:56,-1,E07000242,6,0,2,1,2,"[13, 19]",-1,-1,99,0,0,1,0,0,0,0,0,2,21
2024411413206,2024,411413206,533767,240788,-0.05071,52.04935,3,3,5,13:04,-1,E07000099,3,0,8,1,2,"[2, 19]","[0, 2]","[0, 6]","[0, 4]",0,0,1,0,0,0,0,0,1,18
2024411414069,2024,411414069,537261,208424,-0.01267,51.75769,3,3,5,18:35,-1,E07000095,3,2,2,-1,1,-1,-1,-1,-1,-1,0,1,0,0,0,0,1,2,22
2024411414093,2024,411414093,525209,220126,-0.18296,51.86567,3,3,7,18:12,-1,E07000099,4,2,1,0,2,19,1,5,0,0,0,1,0,0,0,0,1,2,17
2024411414122,2024,411414122,525301,218331,-0.18228,51.84952,2,2,6,13:54,-1,E07000241,4,0,1,0,1,"[4, 19]",2,6,0,0,0,1,0,0,0,0,0,2,16
2024411414133,2024,411414133,511397,204183,-0.38858,51.72531,3,3,1,15:15,-1,E07000240,1,0,1,0,2,"[19, 4]",1,5,0,0,0,1,0,0,0,0,0,2,25
2024411414160,2024,411414160,522098,226303,-0.22594,51.92187,3,3,3,07:37,-1,E07000243,6,0,1,1,2,"[3, 19]",5,1,0,"[0, 1]","[0, 4]",1,0,0,0,0,0,2,6
2024411414462,2024,411414462,514622,207507,-0.34082,51.75454,3,3,7,12:20,-1,E07000240,6,0,1,0,1,"[1, 3]",-1,-1,0,0,0,1,0,1,0,0,0,2,24
2024411414497,2024,411414497,522761,199894,-0.22564,51.6844,3,3,7,18:45,-1,E07000098,3,2,1,0,2,19,3,7,0,0,0,1,0,0,0,0,0,1,20
2024411414506,2024,411414506,512478,196265,-0.37549,51.65393,3,3,2,13:50,-1,E07000098,4,0,1,0,2,19,"[2, 8]","[6, 4]",0,0,0,1,1,0,0,0,0,2,12
2024411414513,2024,411414513,522253,213505,-0.22821,51.80683,2,"[3, 2]",2,17:28,-1,E07000241,4,2,1,0,2,"[10, 19]","[3, 1]","[1, 5]","[0, 10]","[4, 3]",0,1,0,0,0,0,0,2,5
2024411414563,2024,411414563,533464,240354,-0.0553,52.04552,3,3,6,11:45,-1,E07000099,3,0,1,0,2,-1,-1,-1,-1,-1,0,1,0,0,0,0,0,2,23
2024411414577,2024,411414577,514956,208729,-0.33558,51.76545,3,3,5,07:20,-1,E07000240,3,2,1,2,1,"[15, 19]",1,5,0,0,0,1,1,0,0,0,0,1,18
2024411414579,2024,411414579,525184,212372,-0.18613,51.796,3,3,5,15:39,-1,E07000241,6,0,1,0,1,19,8,4,0,0,0,1,0,0,0,0,1,2,15
2024411414656,2024,411414656,519249,203237,-0.27528,51.7152,2,2,6,10:55,-1,E07000098,4,0,1,0,2,19,3,7,0,0,0,0,0,1,0,0,0,1,26
2024411414906,2024,411414906,536037,214680,-0.02794,51.8142,2,2,3,16:00,-1,E07000242,6,0,1,0,1,19,1,5,0,0,0,1,0,0,0,0,1,2,20
2024411415045,2024,411415045,526669,223391,-0.16057,51.89468,3,3,5,18:13,-1,E07000243,6,2,1,1,1,19,"[1, 7]","[5, 3]",0,0,0,1,1,0,0,0,0,2,1
2024411415306,2024,411415306,524561,201487,-0.19905,51.69832,3,3,6,19:30,-1,E07000098,4,2,1,0,1,5,8,4,0,0,0,0,1,0,0,1,0,1,19
2024411415311,2024,411415311,522764,209091,-0.22236,51.76705,3,3,2,08:00,-1,E07000241,6,0,1,0,1,"[19, 14]","[5, 1]","[1, 5]",0,0,0,1,0,1,0,0,0,2,26
2024411415339,2024,411415339,517509,230418,-0.29123,51.95984,3,3,7,16:52,-1,E07000099,6,0,1,0,1,"[19, 2]","[2, 0]","[8, 0]",0,0,0,1,0,0,1,0,0,2,24
2024411415395,2024,411415395,532328,212608,-0.08251,51.79647,3,3,1,10:10,-1,E07000242,6,0,1,0,1,19,5,1,0,"[0, 1]",0,1,1,0,0,0,0,1,21
2024411415458,2024,411415458,513982,215997,-0.3473,51.83097,3,3,5,18:20,-1,E07000240,6,2,1,0,2,"[19, 9]","[4, 5]","[8, 3]",0,0,0,1,0,0,0,0,0,2,15
2024411415725,2024,411415725,524109,222762,-0.19798,51.88961,3,3,6,16:05,-1,E07000243,4,0,2,1,1,19,8,4,0,0,0,1,0,0,0,0,0,2,23
2024411415823,2024,411415823,522848,226350,-0.21502,51.92213,2,"[3, 2]",3,14:18,-1,E07000243,3,0,1,0,1,19,4,8,0,0,0,1,0,0,0,0,1,2,27
2024411415858,2024,411415858,524399,201496,-0.20139,51.69843,2,2,2,19:08,-1,E07000098,6,2,1,0,1,-1,1,6,-1,-1,0,1,0,0,0,0,1,1,22
2024411416765,2024,411416765,518828,197962,-0.28316,51.66788,3,3,7,14:15,-1,E07000098,6,0,1,1,1,-1,-1,-1,-1,-1,0,1,0,1,0,0,0,3,2
2024411416785,2024,411416785,535841,213991,-0.03105,51.80806,3,3,4,16:05,-1,E07000242,3,0,1,0,1,19,3,7,0,0,0,1,0,0,0,0,1,2,28
2024411416848,2024,411416848,535938,201763,-0.03443,51.69816,3,3,5,12:30,-1,E07000095,4,0,1,1,1,"[7, 19]","[3, 1]",5,0,0,0,1,0,1,0,0,0,2,29
2024411416885,2024,411416885,524022,224005,-0.1988,51.90079,3,3,7,18:13,-1,E07000243,3,2,2,1,1,-1,-1,-1,-1,-1,0,1,0,0,0,0,1,3,2