collision_index,collision_year,collision_ref_no,location_easting_osgr,location_northing_osgr,longitude,latitude,casualty_severity,casualty_severity,day_of_week,time,local_authority_district,local_authority_ons_district,first_road_class,light_conditions,weather_conditions,road_surface_conditions,urban_or_rural_area,vehicle_manoeuvre,vehicle_direction_from,vehicle_direction_to,hit_object_in_carriageway,vehicle_leaving_carriageway,hit_object_off_carriageway,is_car,is_cyle,is_mcyle,is_goodsv,is_other,is_pedestrian,month,day
2024411417067,2024,411417067,523149,205375,-0.2181,51.73357,2,2,4,18:52,-1,E07000241,6,2,2,1,1,9,6,4,0,0,0,1,0,0,0,0,1,2,28
2024411417076,2024,411417076,537296,209123,-0.01189,51.76396,3,3,5,08:15,-1,E07000095,3,0,1,1,1,19,-1,-1,0,0,0,1,1,0,0,0,0,2,29
2024411417113,2024,411417113,518290,195089,-0.29191,51.64217,3,3,2,11:11,-1,E07000098,3,0,1,0,1,-1,-1,-1,-1,-1,0,1,0,0,0,1,0,3,4
2024411417166,2024,411417166,522981,214974,-0.21714,51.81987,2,2,3,08:35,-1,E07000241,2,0,1,0,1,4,5,1,0,0,0,1,0,0,0,0,0,2,27
2024411417197,2024,411417197,522475,209993,-0.22623,51.77522,3,3,5,15:38,-1,E07000241,2,0,2,1,2,19,2,6,0,4,0,1,0,0,0,0,0,2,29
2024411417222,2024,411417222,519097,203673,-0.27733,51.71915,3,3,1,13:50,-1,E07000098,6,0,1,1,2,19,2,6,0,0,0,1,0,0,0,0,0,2,4
2024411417735,2024,411417735,523781,198020,-0.21156,51.66733,3,3,2,06:45,-1,E07000098,3,0,1,2,2,-1,"[1, 5]","[5, 1]",0,0,0,1,0,0,0,0,0,3,4
2024411418109,2024,411418109,510674,215932,-0.39531,51.83105,3,3,4,18:00,-1,E07000240,6,2,8,1,2,19,"[7, 5]","[3, 1]",0,"[7, 0]","[4, 0]",1,0,0,0,0,0,2,21
2024411418366,2024,411418366,506851,195132,-0.45714,51.64484,3,3,6,09:53,-1,E07000102,6,0,2,1,1,9,4,6,0,0,0,1,0,0,0,0,1,2,9
2024411418415,2024,411418415,534083,212151,-0.05725,51.79195,2,"[2, 3]",3,05:50,-1,E07000242,4,2,1,1,2,19,"[4, 8]","[8, 4]",0,"[1, 7]",10,1,0,0,0,0,0,2,6
2024411418464,2024,411418464,537217,208115,-0.01343,51.75492,3,3,7,15:15,-1,E07000095,3,0,1,1,1,19,"[6, 2]","[2, 6]",0,0,0,1,0,0,0,0,0,3,2
2024411418485,2024,411418485,524024,205830,-0.20527,51.73746,2,2,4,21:36,-1,E07000241,3,2,1,0,2,19,7,3,0,7,9,1,0,0,0,0,0,3,6
2024411419155,2024,411419155,513204,205562,-0.36199,51.73734,3,3,3,08:20,-1,E07000240,3,0,1,0,2,"[19, 11]",7,3,0,0,0,1,0,1,0,0,0,3,5
2024411419240,2024,411419240,507040,207208,-0.45071,51.75335,3,3,5,14:00,-1,E07000096,6,0,4,-1,1,-1,-1,-1,-1,-1,0,1,0,0,0,0,0,3,7
2024411419293,2024,411419293,524891,213498,-0.18997,51.80618,3,3,6,17:20,-1,E07000241,3,0,1,0,1,"[5, 19]",-1,-1,0,0,0,1,0,0,0,0,0,3,8
2024411419418,2024,411419418,510409,194156,-0.40605,51.63539,3,3,3,17:18,-1,E07000102,3,2,1,0,1,"[9, 19]","[6, 2]","[4, 6]",0,0,0,1,0,1,0,0,0,1,30
2024411419683,2024,411419683,535274,240694,-0.02879,52.04814,3,3,7,12:30,-1,E07000099,6,0,1,0,1,-1,-1,-1,-1,-1,0,1,0,0,0,0,1,3,9
2024411419712,2024,411419712,511720,202865,-0.38433,51.7134,3,3,7,10:35,-1,E07000240,1,0,1,1,2,19,1,5,0,7,6,1,0,0,0,0,0,3,2
2024411419729,2024,411419729,510368,196274,-0.40597,51.65443,3,3,2,10:00,-1,E07000103,6,0,1,1,1,"[9, 5]",-1,-1,0,0,0,1,0,0,0,0,0,3,11
2024411419766,2024,411419766,509699,198521,-0.41494,51.67476,3,3,6,13:18,-1,E07000103,6,0,1,0,1,19,2,5,0,0,0,1,0,0,0,0,1,2,2
2024411419796,2024,411419796,522350,199824,-0.23161,51.68386,2,2,1,15:14,-1,E07000098,3,0,1,0,2,"[19, 3]",5,1,0,0,0,1,0,1,0,0,0,2,4
2024411419830,2024,411419830,495143,210820,-0.62202,51.78796,2,2,4,18:10,-1,E07000096,3,2,1,1,2,19,"[3, 2]","[7, 6]",0,"[3, 0]",0,1,0,0,0,0,0,2,21
2024411419847,2024,411419847,520484,195498,-0.26008,51.64538,3,3,2,13:20,-1,E07000098,6,0,1,0,1,"[1, -1]","[5, -1]","[5, -1]","[0, -1]","[0, -1]",0,1,0,0,0,0,0,3,11
2024411419855,2024,411419855,516454,199610,-0.31693,51.68319,3,3,6,06:50,-1,E07000098,3,2,1,0,2,"[1, 3]","[1, 3]","[5, 7]",0,0,0,1,1,0,0,0,0,3,8
2024411420070,2024,411420070,506986,207472,-0.45141,51.75573,3,3,4,12:40,-1,E07000096,6,0,1,0,1,"[19, 5]","[7, 1]",3,0,0,0,1,0,1,0,0,0,3,6
2024411420120,2024,411420120,528880,226148,-0.12743,51.91895,3,3,3,07:34,-1,E07000242,4,0,2,1,2,"[4, 19]",1,5,0,0,0,1,0,0,0,0,0,3,12
2024411420158,2024,411420158,517552,204430,-0.29943,51.72628,3,3,7,10:45,-1,E07000240,6,0,1,0,1,19,7,3,0,0,0,0,1,0,0,0,1,3,9
2024411420186,2024,411420186,511839,201942,-0.38291,51.70508,3,3,3,21:47,-1,E07000102,1,2,8,1,2,"[19, 9]",1,"[5, 7]",0,0,0,1,0,0,0,0,0,2,13
2024411420543,2024,411420543,518152,229743,-0.28211,51.95364,3,3,1,12:30,-1,E07000099,3,0,2,1,1,"[19, 10]",7,3,0,0,0,1,0,0,0,0,0,3,10
2024411420643,2024,411420643,514027,222402,-0.34454,51.88852,2,"[3, 2]",1,07:30,-1,E07000099,6,0,1,1,2,19,"[2, 5]","[5, 2]",0,0,0,1,0,0,0,0,0,2,11
2024411420653,2024,411420653,519137,203314,-0.27687,51.71591,2,"[2, 3]",7,05:06,-1,E07000098,1,2,1,0,2,19,3,7,0,0,0,1,0,0,0,0,0,3,9
2024411420664,2024,411420664,548785,221240,0.15967,51.8699,3,3,2,08:28,-1,E07000242,6,0,1,-1,1,-1,-1,-1,-1,-1,0,1,0,0,0,0,1,3,11
2024411421005,2024,411421005,529940,230497,-0.11039,51.95778,2,2,3,11:30,-1,E07000099,3,0,1,0,2,19,"[8, 3]","[3, 8]",0,0,0,1,0,1,0,0,0,2,20
2024411421009,2024,411421009,543200,224398,0.07992,51.89973,2,2,7,10:15,-1,E07000242,6,0,1,0,2,19,6,2,0,0,0,1,1,0,0,0,0,2,10
2024411421102,2024,411421102,520158,227749,-0.25363,51.93529,3,3,4,07:35,-1,E07000099,6,0,1,1,2,19,"[7, 2]","[3, 6]",0,0,0,1,0,0,0,0,0,3,6
2024411421871,2024,411421871,525993,213317,-0.17406,51.80431,2,2,7,14:39,-1,E07000241,6,0,1,1,1,19,6,2,0,0,0,0,0,0,1,0,1,3,16
2024411421872,2024,411421872,519181,197897,-0.27809,51.66722,3,3,4,10:40,-1,E07000098,6,0,1,0,1,-1,-1,-1,-1,-1,0,1,0,0,0,0,0,3,13
2024411422024,2024,411422024,517332,204938,-0.30244,51.73089,3,3,7,22:47,-1,E07000240,3,2,1,-1,1,-1,-1,-1,-1,-1,0,1,0,0,0,0,0,3,16
2024411422338,2024,411422338,519077,196462,-0.28008,51.65434,3,3,2,08:55,-1,E07000098,6,0,1,0,1,-1,-1,-1,0,0,0,1,1,0,0,0,0,3,18
2024411422358,2024,411422358,511282,203077,-0.3906,51.71539,2,"[3, 2]",1,13:09,-1,E07000240,1,0,1,0,2,19,2,"[3, 8]",0,0,0,1,0,0,0,0,0,1,28
2024411422459,2024,411422459,522013,207234,-0.23389,51.75052,3,3,5,20:19,-1,E07000241,6,2,2,1,1,9,5,3,0,0,0,1,0,0,0,0,1,3,14
2024411422629,2024,411422629,516046,207285,-0.32027,51.75225,2,2,3,13:38,-1,E07000240,3,0,1,0,1,-1,"[0, 2]","[0, 6]",-1,-1,0,1,0,0,1,0,0,3,5
2024411422702,2024,411422702,511257,199352,-0.39215,51.68192,3,3,2,19:30,-1,E07000103,3,2,1,0,1,"[19, 12]",1,5,0,9,0,1,0,1,0,0,0,3,18
2024411422718,2024,411422718,533589,240341,-0.05348,52.04537,2,"[3, 2]",1,11:48,-1,E07000099,6,0,1,1,2,"[19, 9]","[7, 5]","[3, 7]",0,0,0,1,0,0,0,0,0,3,17
2024411423054,2024,411423054,534809,203243,-0.05018,51.71173,3,3,4,08:11,-1,E07000095,4,0,1,0,1,-1,-1,-1,-1,-1,0,1,0,0,0,0,1,3,20
2024411423066,2024,411423066,520403,196146,-0.26103,51.65122,3,3,4,08:23,-1,E07000098,6,0,1,0,1,3,1,5,0,0,0,1,0,0,0,0,0,3,20
2024411423069,2024,411423069,536095,200243,-0.03275,51.68446,3,3,4,17:23,-1,E07000095,6,2,2,1,1,1,5,1,0,0,0,1,0,0,0,0,1,2,28
2024411423080,2024,411423080,505855,207624,-0.46774,51.75731,3,3,2,15:41,-1,E07000096,6,0,1,0,1,19,4,8,0,0,0,1,0,0,0,0,1,3,18
2024411423090,2024,411423090,536818,200378,-0.02224,51.6855,3,3,3,18:58,-1,E07000095,3,2,1,0,1,"[15, 9]",3,"[7, 5]",0,0,0,1,0,0,0,0,0,2,20
2024411423094,2024,411423094,518635,229744,-0.27508,51.95354,2,2,3,09:55,-1,E07000099,6,0,1,0,1,19,"[1, 6]","[6, 3]",0,0,0,1,1,0,0,0,0,2,13
2024411423108,2024,411423108,521024,233504,-0.23901,51.98682,3,3,4,18:10,-1,E07000099,6,0,1,0,1,"[9, 13]",3,"[1, 7]",0,"[0, 8]","[0, 11]",1,0,0,0,0,0,2,28
2024411423482,2024,411423482,522828,210399,-0.22097,51.77879,3,3,4,18:45,-1,E07000241,3,2,1,0,2,"[19, 5, 4]",1,"[5, 3]",0,0,0,1,0,0,0,0,0,3,20
2024411423525,2024,411423525,519635,228083,-0.26112,51.9384,3,3,6,12:30,-1,E07000099,6,0,1,0,2,19,"[2, 7]",3,0,0,0,1,0,0,0,0,0,2,16
2024411423542,2024,411423542,507528,195026,-0.44739,51.64376,3,3,3,09:30,-1,E07000102,6,0,1,0,1,"[2, 4]","[0, 8]","[0, 4]","[0, 4]",0,0,1,0,0,0,0,0,1,9
2024411423553,2024,411423553,515881,206253,-0.323,51.74301,2,2,2,16:49,-1,E07000240,6,0,1,0,1,"[19, 9]","[8, 5]","[4, 2]",0,"[1, 0]","[2, 0]",1,0,1,0,0,0,3,11
2024411424412,2024,411424412,499087,207870,-0.5657,51.76076,3,3,7,07:26,-1,E07000096,3,0,1,0,1,3,8,6,0,0,0,1,1,0,0,0,0,3,23
2024411424415,2024,411424415,521694,231804,-0.22986,51.97139,3,3,6,08:15,-1,E07000099,6,0,1,0,1,19,-1,-1,"[10, 0]","[1, 0]",0,1,0,0,0,0,0,3,22
2024411424452,2024,411424452,519823,226979,-0.25877,51.92844,3,3,5,11:11,-1,E07000099,6,0,1,0,2,19,"[1, 4]","[5, 1]",0,0,0,1,0,0,0,0,0,2,15
2024411424504,2024,411424504,502969,193926,-0.51358,51.63473,3,3,6,16:00,-1,E07000102,1,0,1,0,1,"[3, 19]",-1,-1,0,0,0,1,0,0,0,0,0,3,22
2024411424595,2024,411424595,505223,194242,-0.48093,51.63715,3,3,5,15:40,-1,E07000102,6,0,1,-1,1,-1,-1,-1,-1,-1,0,1,0,0,0,0,1,3,21
2024411424824,2024,411424824,514912,207555,-0.3366,51.75491,3,3,6,12:17,-1,E07000240,3,0,1,1,1,-1,-1,-1,-1,-1,0,0,0,0,0,1,1,3,22
2024411425006,2024,411425006,525164,225446,-0.18169,51.91349,3,3,2,17:20,-1,E07000243,6,0,1,0,1,"[19, 9]","[5, 7]","[1, 5]",0,0,0,1,0,0,0,0,0,3,4
2024411425030,2024,411425030,525211,234768,-0.17761,51.99725,3,3,6,17:40,-1,E07000099,6,0,1,0,2,"[3, 19]",-1,-1,"[0, 4]",0,0,1,0,0,0,0,0,3,22
2024411425235,2024,411425235,534086,203532,-0.06053,51.7145,3,3,4,18:24,-1,E07000095,6,2,1,0,1,19,8,5,0,"[0, 1]","[0, 10]",1,0,0,0,1,0,3,20
2024411425285,2024,411425285,522992,215008,-0.21696,51.82017,3,3,5,19:35,-1,E07000241,2,2,1,0,2,19,5,1,0,"[0, 1]","[0, 2]",1,0,0,0,0,0,3,21
2024411425290,2024,411425290,513447,197783,-0.361,51.66738,3,3,3,17:40,-1,E07000098,1,0,1,0,1,"[11, 3]",5,1,0,0,0,1,0,0,0,0,0,3,19
2024411425311,2024,411425311,536834,208136,-0.01897,51.75521,3,3,2,08:45,-1,E07000095,6,0,2,1,1,-1,-1,-1,-1,-1,0,1,0,0,0,0,1,3,11
2024411425330,2024,411425330,511097,196894,-0.39524,51.65986,3,3,3,17:07,-1,E07000103,6,0,2,1,1,"[2, 19]","[0, 1]","[0, 5]",0,0,0,1,0,0,0,0,1,3,26
2024411425366,2024,411425366,535319,202228,-0.0432,51.70249,3,3,4,20:10,-1,E07000095,3,2,1,0,1,"[3, 4]",5,1,0,0,0,1,0,1,0,0,0,3,13
2024411425372,2024,411425372,525822,214084,-0.17626,51.81124,3,3,3,08:25,-1,E07000241,4,0,1,0,2,"[19, 5]","[4, 7]","[8, 4]",0,0,0,1,0,0,0,0,0,2,13
2024411425381,2024,411425381,535973,201080,-0.03418,51.69201,3,3,4,08:30,-1,E07000095,6,0,1,1,1,"[9, 19]","[3, 1]","[1, 5]",0,0,0,1,1,0,0,0,0,2,28
2024411425389,2024,411425389,512643,203065,-0.37091,51.71501,3,3,4,15:58,-1,E07000240,1,0,1,0,2,"[19, 4]",7,3,0,0,0,1,0,0,0,0,0,3,20
2024411425391,2024,411425391,519736,225950,-0.26039,51.91921,3,3,5,15:55,-1,E07000099,6,0,1,0,2,19,"[8, 6]",2,0,"[0, 3]",0,1,0,0,0,0,0,2,15
2024411425669,2024,411425669,509897,199818,-0.41167,51.68638,3,3,1,10:20,-1,E07000103,3,0,1,0,1,4,2,6,0,0,0,1,0,0,0,0,0,3,24
2024411425673,2024,411425673,509776,196105,-0.41458,51.65303,3,3,4,07:20,-1,E07000103,6,0,1,1,1,-1,-1,-1,-1,-1,0,1,0,1,0,0,0,3,27
2024411425685,2024,411425685,493956,211234,-0.63911,51.79188,3,3,3,16:35,-1,E07000096,3,0,1,-1,2,"[99, 9]",-1,-1,0,0,0,1,0,0,0,0,0,3,19
2024411425783,2024,411425783,507295,207067,-0.44706,51.75203,2,"[3, 2]",4,17:14,-1,E07000096,6,0,1,0,1,"[4, 19]",8,4,0,0,0,1,0,0,0,0,0,3,20
2024411425790,2024,411425790,534075,202677,-0.06101,51.70682,3,3,5,07:58,-1,E07000095,4,0,1,1,2,19,"[8, 7]","[4, 3]",0,0,0,1,0,0,0,0,0,2,1
2024411425823,2024,411425823,536878,207451,-0.0186,51.74904,3,3,7,00:33,-1,E07000095,3,2,8,2,1,"[1, 2, 19]","[5, 0]","[2, 0, 1]",0,0,0,1,0,0,0,0,0,1,27
2024411427090,2024,411427090,507519,207157,-0.44379,51.7528,3,3,1,09:25,-1,E07000096,6,0,1,0,1,"[5, 2]","[2, 0]","[6, 0]","[4, 0]","[7, 0]",0,1,0,0,0,0,0,3,10
2024411427160,2024,411427160,513462,214191,-0.35543,51.81484,3,3,6,23:07,-1,E07000240,3,2,1,0,1,19,5,1,0,0,0,1,0,0,0,0,1,3,29
2024411427165,2024,411427165,522514,211288,-0.22521,51.78685,3,3,6,17:45,-1,E07000241,2,0,1,0,2,19,1,5,0,0,0,1,0,0,0,0,0,3,29
2024411427168,2024,411427168,532970,212888,-0.07309,51.79884,2,2,6,10:54,-1,E07000242,6,0,1,0,1,19,"[8, 7]","[1, 7]",0,0,0,1,1,0,0,0,0,3,22
2024411427191,2024,411427191,523575,236443,-0.20083,52.01267,3,3,2,13:25,-1,E07000099,3,0,1,0,2,"[3, 4]",5,1,0,0,0,1,0,0,0,0,0,3,18
2024411427206,2024,411427206,536300,200432,-0.02971,51.68611,3,3,4,06:50,-1,E07000095,3,0,1,-1,1,-1,-1,-1,-1,-1,0,1,0,0,0,0,0,3,27
2024411427249,2024,411427249,509845,206901,-0.41019,51.75004,2,2,5,07:25,-1,E07000240,1,0,1,1,2,19,8,4,0,"[1, 0]","[6, 0]",1,0,0,0,0,0,3,28
2024411427423,2024,411427423,517856,230522,-0.28615,51.9607,3,3,4,23:40,-1,E07000099,3,2,1,1,1,19,"[1, 7]","[5, 3]",0,0,0,1,1,0,0,0,0,3,20
2024411427439,2024,411427439,524171,211880,-0.20099,51.7918,3,3,3,15:20,-1,E07000241,6,0,1,0,1,4,4,8,0,0,0,1,0,0,0,0,1,3,19
2024411427480,2024,411427480,547647,220283,0.14275,51.8616,2,2,7,13:31,-1,E07000242,6,0,1,0,1,19,1,5,0,0,0,1,0,0,0,0,1,3,23
2024411427493,2024,411427493,526230,202891,-0.17441,51.71056,3,3,6,12:25,-1,E07000241,3,0,1,0,2,19,1,5,0,0,0,1,0,0,0,0,0,3,22
2024411427498,2024,411427498,533508,202620,-0.06924,51.70644,3,3,3,09:45,-1,E07000095,4,0,1,0,1,"[19, 1]","[3, 5]","[7, 1]",0,0,0,1,0,0,0,0,0,4,2
2024411427520,2024,411427520,512917,198158,-0.36854,51.67086,3,3,1,18:45,-1,E07000098,1,2,1,0,2,-1,-1,-1,-1,-1,0,1,0,0,0,0,0,2,25
2024411427521,2024,411427521,520531,227443,-0.24831,51.93246,3,3,3,08:45,-1,E07000099,3,0,2,1,2,"[6, 19]","[8, 4]","[8, 4]",0,0,0,1,0,0,0,0,0,1,23
2024411427524,2024,411427524,522183,199318,-0.2342,51.67935,3,3,5,13:45,-1,E07000098,3,0,1,1,2,"[19, 12]",5,1,0,0,0,1,0,0,0,0,0,3,28
2024411427558,2024,411427558,523755,223740,-0.20278,51.89847,3,3,4,07:20,-1,E07000243,4,0,1,-1,1,3,-1,-1,0,0,0,1,0,0,0,0,0,3,27
2024411427628,2024,411427628,507706,201409,-0.44286,51.7011,3,3,3,16:25,-1,E07000096,1,0,1,0,2,"[19, 4]",2,6,0,0,0,1,0,0,0,0,0,3,12
2024411427777,2024,411427777,511768,203115,-0.38356,51.71564,3,3,1,03:50,-1,E07000240,1,2,1,1,2,"[19, -1]","[6, -1]","[2, -1]","[0, -1]","[0, -1]",0,1,0,1,0,0,0,3,17
2024411427808,2024,411427808,514219,213752,-0.3446,51.81074,3,3,3,16:55,-1,E07000240,6,0,1,0,1,"[4, -1]","[3, -1]","[7, -1]","[0, -1]","[0, -1]",0,1,0,0,0,0,0,2,27
2024411427867,2024,411427867,511911,215839,-0.37739,51.82997,3,3,1,19:00,-1,E07000240,3,2,1,0,1,"[9, 19]","[5, 3]","[3, 7]",0,0,0,1,0,0,0,0,0,2,11
2024411427869,2024,411427869,522046,208726,-0.23289,51.76392,3,3,3,12:23,-1,E07000241,6,0,1,1,1,"[19, 3]",8,4,0,0,0,1,0,0,0,0,0,2,13
2024411427888,2024,411427888,522477,208512,-0.22672,51.76191,3,3,5,07:30,-1,E07000241,4,0,2,1,1,9,"[7, 5]","[5, 3]",0,0,0,1,1,0,0,0,0,2,29
2024411427936,2024,411427936,512385,200904,-0.37534,51.69564,1,"[1, 2]",2,20:10,-1,E07000240,1,2,1,1,1,19,1,5,0,1,0,1,0,0,0,0,0,4,1
2024411427943,2024,411427943,512061,194937,-0.38194,51.64208,3,3,1,23:21,-1,E07000103,3,2,1,1,1,"[9, 13]",5,"[3, 1]",0,0,0,1,0,1,0,0,0,3,3
2024411427949,2024,411427949,535806,208695,-0.03363,51.76048,3,3,4,13:14,-1,E07000095,3,0,2,1,2,"[19, -1]","[1, -1]","[5, -1]","[0, -1]","[0, -1]",0,1,0,0,0,0,0,3,27
2024411427972,2024,411427972,535425,202881,-0.04141,51.70833,3,3,4,14:14,-1,E07000095,6,0,2,1,1,"[19, 10]",5,1,0,0,0,1,0,0,0,0,0,3,27
2024411427978,2024,411427978,511902,195367,-0.3841,51.64598,3,3,2,13:25,-1,E07000103,3,0,8,0,1,"[-1, 3]",-1,-1,0,0,0,1,0,0,0,0,0,4,1
2024411428004,2024,411428004,516449,199603,-0.317,51.68312,3,3,2,10:30,-1,E07000098,3,0,1,0,2,2,4,8,0,0,0,1,0,0,0,0,1,4,1
2024411428024,2024,411428024,527514,220940,-0.14921,51.87246,1,1,4,09:43,-1,E07000243,3,0,1,0,2,19,8,4,0,1,0,1,0,0,0,0,0,3,20
2024411428190,2024,411428190,522464,208606,-0.22688,51.76275,3,3,3,10:01,-1,E07000241,6,0,8,0,1,1,8,4,0,0,0,1,0,0,0,0,1,1,23
2024411428201,2024,411428201,537032,211575,-0.01474,51.78606,3,3,5,09:10,-1,E07000242,3,0,1,0,2,"[3, 4]",-1,-1,0,0,0,1,0,0,0,0,0,4,4
2024411428214,2024,411428214,517486,194666,-0.30367,51.63854,2,2,4,23:45,-1,E07000098,3,2,8,2,2,19,1,5,0,0,0,0,0,1,0,0,0,1,10
2024411428272,2024,411428272,535270,200953,-0.0444,51.69104,3,3,5,22:47,-1,E07000095,3,2,1,1,2,"[3, 19]",1,5,0,0,0,1,0,0,0,0,0,3,28
2024411428280,2024,411428280,523935,212066,-0.20434,51.79352,3,3,6,09:54,-1,E07000241,3,0,1,0,2,"[5, 19]","[4, 2]","[7, 6]",0,0,0,1,0,0,0,0,0,1,26
2024411428345,2024,411428345,537933,238697,0.00916,52.02954,3,3,4,21:00,-1,E07000099,6,2,1,1,2,19,"[5, 1]","[1, 5]",0,0,0,1,0,0,0,0,0,3,27
2024411428377,2024,411428377,525205,220032,-0.18306,51.86483,3,3,1,18:15,-1,E07000099,4,2,8,1,2,"[19, 2]","[1, 0]","[1, 0]",0,0,0,1,0,0,0,0,1,3,24
2024411428486,2024,411428486,526222,212850,-0.17091,51.80006,1,1,4,22:09,-1,E07000241,6,2,1,0,1,19,5,1,0,1,0,0,0,1,0,0,0,3,27
2024411429131,2024,411429131,518713,206711,-0.28185,51.74653,3,3,2,15:00,-1,E07000240,6,0,1,0,1,19,"[8, 4]","[4, 8]",0,0,0,1,0,0,0,0,0,3,18
2024411429152,2024,411429152,513735,207496,-0.35367,51.75462,3,3,5,11:00,-1,E07000240,6,0,1,0,1,"[9, 19]","[6, 8]","[2, 4]",0,0,0,1,0,0,0,0,0,4,4
2024411429186,2024,411429186,515010,206763,-0.33545,51.74777,3,3,6,07:20,-1,E07000240,6,0,1,0,1,"[9, 19]","[5, 3]","[2, 7]",0,0,0,1,1,0,0,0,0,3,22
2024411429284,2024,411429284,549324,220666,0.16725,51.8646,3,3,6,21:52,-1,E07000242,4,2,1,0,1,"[9, 19]","[4, 6]","[6, 2]",0,"[0, 3]",0,1,0,0,0,0,0,3,29
2024411429549,2024,411429549,511477,192892,-0.39103,51.62382,3,3,2,07:24,-1,E07000102,6,0,1,-1,1,-1,-1,-1,-1,-1,0,1,1,0,0,0,0,4,8
2024411429605,2024,411429605,539746,222551,0.02901,51.88401,3,3,4,18:16,-1,E07000242,3,0,1,0,2,5,"[7, 1]","[3, 6]",0,0,0,1,0,0,0,0,0,3,27
2024411429622,2024,411429622,522101,199105,-0.23546,51.67745,3,3,6,16:24,-1,E07000098,3,0,2,1,2,19,5,1,0,0,0,1,0,0,0,0,0,2,9
2024411429666,2024,411429666,515283,197642,-0.33451,51.66574,2,"[3, 2]",2,22:37,-1,E07000098,6,2,2,1,2,19,5,1,0,7,0,1,0,0,0,0,0,4,1
2024411429675,2024,411429675,511200,193503,-0.39483,51.62936,3,3,2,21:30,-1,E07000102,6,0,1,0,1,"[5, 19]","[1, 7]","[5, 3]",0,0,0,1,0,0,1,0,0,3,4
2024411429677,2024,411429677,538009,222640,0.00382,51.88524,2,2,7,11:11,-1,E07000242,6,0,1,0,2,4,7,3,0,0,0,1,0,1,0,0,0,3,30
2024411429693,2024,411429693,527319,201638,-0.15911,51.69905,2,2,3,22:52,-1,E07000241,6,2,1,1,2,19,3,7,0,"[0, 2]",0,1,0,0,0,0,0,3,12
2024411429697,2024,411429697,536006,214542,-0.02845,51.81297,3,3,6,16:17,-1,E07000242,6,0,1,0,1,"[19, 5]","[1, 3]","[5, 7]",0,0,0,1,0,0,0,0,0,2,9
2024411429899,2024,411429899,512491,192584,-0.37648,51.62085,2,2,6,17:35,-1,E07000102,6,2,1,0,1,"[9, 19]","[1, 7]","[7, 3]",0,0,0,1,0,1,0,0,0,1,19
2024411429944,2024,411429944,513552,213918,-0.35422,51.81237,3,3,3,18:30,-1,E07000240,3,0,1,-1,2,-1,-1,-1,-1,-1,0,1,1,0,0,0,0,4,9
2024411430077,2024,411430077,519816,218435,-0.26183,51.85166,3,3,4,15:25,-1,E07000099,6,0,1,1,2,19,"[3, 5]","[7, 1]",0,0,0,1,1,0,0,0,0,3,27
2024411430107,2024,411430107,499558,207636,-0.55894,51.75857,3,3,1,12:46,-1,E07000096,3,0,1,0,1,"[19, 9]","[8, 4]","[4, 8]",0,0,0,1,1,0,0,0,0,3,3
2024411430304,2024,411430304,516424,196292,-0.31847,51.65337,2,"[3, 2]",5,15:35,-1,E07000098,6,0,2,1,2,19,"[5, 6]","[1, 5]",0,"[0, 1]",0,1,0,0,0,0,0,4,4
2024411430695,2024,411430695,520873,196753,-0.25403,51.65658,3,3,4,13:00,-1,E07000098,6,0,1,0,1,19,"[5, 8]","[1, 4]",0,0,0,1,0,0,0,0,0,3,20
2024411430812,2024,411430812,516735,207264,-0.3103,51.75192,3,3,6,11:56,-1,E07000240,3,0,1,0,1,"[19, 9]","[3, 7]","[7, 5]",0,0,0,1,0,0,0,0,0,3,22
2024411430817,2024,411430817,533717,212317,-0.06249,51.79353,3,3,6,14:08,-1,E07000242,3,0,1,0,2,19,"[1, 5]","[5, 1]",0,"[7, 0]",0,1,0,0,0,0,0,1,26
2024411430818,2024,411430818,516857,199616,-0.3111,51.68316,3,3,6,08:59,-1,E07000098,6,0,1,0,2,19,2,6,0,0,0,1,0,0,0,0,1,3,22
2024411430819,2024,411430819,514058,206078,-0.34945,51.74181,3,3,4,14:07,-1,E07000240,4,0,1,0,1,"[19, 5]",-1,-1,0,0,0,1,0,1,0,0,0,4,10
2024411431697,2024,411431697,509218,195890,-0.42271,51.6512,3,3,4,13:55,-1,E07000103,6,0,1,0,1,7,3,1,0,0,0,1,0,0,0,0,1,1,10
2024411431723,2024,411431723,524388,222896,-0.19388,51.89075,3,3,7,11:20,-1,E07000243,3,0,1,0,1,4,-1,-1,0,0,0,1,0,0,0,0,0,4,13
2024411431767,2024,411431767,534868,202991,-0.04942,51.70945,3,3,2,10:37,-1,E07000095,4,0,1,0,1,"[5, 19]","[5, 3]","[1, 7]",0,0,0,1,1,0,0,0,0,4,1
2024411431887,2024,411431887,504429,208053,-0.48827,51.76143,3,3,6,20:54,-1,E07000096,6,2,1,0,1,"[19, 2]","[4, 0]","[1, 0]","[4, 0]",0,0,1,0,0,0,0,0,4,5
2024411432070,2024,411432070,521101,227487,-0.24001,51.93273,3,3,2,17:24,-1,E07000099,6,0,2,1,2,"[9, 19]","[1, 3]","[6, 7]",0,0,0,1,0,0,1,0,0,4,8
2024411432082,2024,411432082,511691,197548,-0.38645,51.66562,3,3,5,17:45,-1,E07000103,6,0,1,0,2,"[3, 19]",5,1,0,0,0,1,0,0,0,0,0,4,11
2024411432099,2024,411432099,502519,193221,-0.52029,51.62847,3,3,7,14:19,-1,E07000102,1,0,1,0,2,-1,-1,-1,-1,-1,0,1,0,0,0,0,0,4,13
2024411432130,2024,411432130,508252,194441,-0.43712,51.63837,3,3,6,12:40,-1,E07000102,3,0,1,0,1,19,"[1, 6]","[5, 2]",0,0,0,1,0,0,0,0,0,3,29