collision_index,collision_year,collision_ref_no,location_easting_osgr,location_northing_osgr,longitude,latitude,casualty_severity,casualty_severity,day_of_week,time,local_authority_district,local_authority_ons_district,first_road_class,light_conditions,weather_conditions,road_surface_conditions,urban_or_rural_area,vehicle_manoeuvre,vehicle_direction_from,vehicle_direction_to,hit_object_in_carriageway,vehicle_leaving_carriageway,hit_object_off_carriageway,is_car,is_cyle,is_mcyle,is_goodsv,is_other,is_pedestrian,month,day
2024411432279,2024,411432279,513321,214447,-0.35739,51.81717,3,3,4,12:45,-1,E07000240,3,0,1,0,1,5,5,3,0,0,0,1,0,0,0,0,1,4,10
2024411432313,2024,411432313,524614,209874,-0.19529,51.77367,3,3,6,21:50,-1,E07000241,3,2,1,1,2,19,7,3,0,1,4,1,0,0,0,0,0,3,15
2024411432513,2024,411432513,510566,199443,-0.40211,51.68287,3,3,6,13:30,-1,E07000103,3,0,1,0,1,-1,-1,-1,-1,-1,0,1,0,0,0,0,0,4,12
2024411432545,2024,411432545,535435,202884,-0.04126,51.70835,3,3,2,18:46,-1,E07000095,3,0,1,0,1,"[11, 5]",1,5,0,0,0,1,0,0,0,0,0,4,15
2024411432550,2024,411432550,522717,227769,-0.21642,51.93491,2,2,4,11:21,-1,E07000099,2,0,2,1,2,19,1,5,0,0,0,0,0,0,0,1,0,4,3
2024411432558,2024,411432558,523865,222678,-0.20156,51.8889,3,3,2,12:30,-1,E07000243,3,0,1,0,1,"[19, 3]",8,4,0,0,0,1,0,0,0,0,0,4,15
2024411432580,2024,411432580,511901,195361,-0.38412,51.64592,2,2,7,15:59,-1,E07000103,3,0,1,1,1,19,4,8,0,0,0,0,0,0,1,0,1,3,23
2024411432602,2024,411432602,538419,209385,0.00448,51.76604,3,3,3,19:30,-1,E07000095,6,2,2,1,1,19,"[5, 1]","[1, 5]",0,0,0,1,0,0,1,0,0,2,6
2024411432614,2024,411432614,522570,207813,-0.22562,51.7556,3,3,4,15:25,-1,E07000241,6,0,1,0,1,-1,6,2,-1,0,0,1,0,0,0,0,1,3,27
2024411432966,2024,411432966,509546,209309,-0.41376,51.77175,3,3,2,15:07,-1,E07000240,1,0,1,0,2,19,1,5,0,0,0,0,0,0,1,0,0,4,15
2024411432981,2024,411432981,535196,200918,-0.04548,51.69074,3,3,4,21:10,-1,E07000095,3,2,1,0,2,"[4, 19]",5,"[1, 8]",0,0,0,1,0,0,0,0,0,1,3
2024411432982,2024,411432982,525731,200905,-0.18234,51.69282,2,2,5,05:42,-1,E07000098,4,2,2,1,1,"[5, 19]","[5, 3]","[1, 7]",0,0,0,1,0,1,0,0,0,4,4
2024411433007,2024,411433007,512589,203013,-0.37171,51.71456,3,3,4,22:10,-1,E07000240,3,2,1,1,2,19,"[6, 4]","[2, 7]",0,0,0,1,0,0,0,0,0,4,3
2024411433019,2024,411433019,503460,206906,-0.50264,51.7513,3,3,2,09:46,-1,E07000096,6,0,2,1,1,"[19, 5, 2]","[8, 0]","[4, 0]",0,0,0,1,0,0,0,0,0,4,15
2024411433081,2024,411433081,508922,207546,-0.42335,51.75602,3,3,1,19:45,-1,E07000240,3,0,1,-1,2,-1,-1,-1,"[-1, 0]","[-1, 0]",0,1,0,0,0,0,0,4,14
2024411433113,2024,411433113,506600,196706,-0.46029,51.65904,3,3,4,20:36,-1,E07000102,6,2,1,1,2,"[19, 9]","[3, 5]","[8, 3]",0,0,0,1,0,0,0,0,0,1,31
2024411433122,2024,411433122,528791,213655,-0.13338,51.80671,2,"[3, 2]",4,10:54,-1,E07000242,6,0,1,0,2,"[19, 5]","[7, 4]","[3, 8]",0,0,0,1,0,0,0,0,0,4,10
2024411433161,2024,411433161,521075,196699,-0.25113,51.65605,3,3,4,13:34,-1,E07000098,3,0,1,0,1,"[11, 13]",6,2,"[0, 10]",0,0,1,0,0,0,0,0,3,20
2024411433348,2024,411433348,535842,203081,-0.0353,51.71002,2,2,4,20:15,-1,E07000095,4,2,1,0,1,"[5, 9]","[1, 5]","[5, 3]",0,0,0,1,0,1,0,0,0,3,13
2024411433475,2024,411433475,522021,211602,-0.23224,51.78977,3,3,5,13:38,-1,E07000241,4,0,2,1,2,19,1,5,0,0,0,1,0,0,1,0,0,3,28
2024411433521,2024,411433521,509697,210680,-0.41114,51.78404,3,3,5,13:34,-1,E07000240,1,0,1,0,2,"[19, 13]",5,1,0,"[4, 0]",0,1,0,0,1,0,0,4,11
2024411433528,2024,411433528,537391,208940,-0.01058,51.7623,3,3,6,11:10,-1,E07000095,6,0,8,1,1,5,7,1,0,0,0,1,0,0,0,0,1,3,1
2024411433544,2024,411433544,523177,223187,-0.21137,51.89363,3,3,5,13:51,-1,E07000243,2,0,1,0,2,19,1,5,0,1,1,1,0,0,0,0,0,3,21
2024411434299,2024,411434299,523959,212028,-0.20401,51.79318,2,2,5,17:55,-1,E07000241,3,0,1,1,1,19,1,5,0,0,0,1,0,0,0,0,1,3,28
2024411434310,2024,411434310,511038,200426,-0.39497,51.69162,3,3,6,16:34,-1,E07000103,3,0,1,0,1,"[9, 19]",-1,-1,-1,-1,0,1,0,0,0,0,0,4,19
2024411434322,2024,411434322,535935,201674,-0.0345,51.69736,3,3,6,18:57,-1,E07000095,4,2,1,0,1,"[10, 9]",1,"[8, 5]",0,0,0,1,0,0,0,0,0,3,22
2024411434344,2024,411434344,518411,201371,-0.28804,51.6986,3,3,6,18:05,-1,E07000098,6,0,1,0,2,-1,-1,-1,-1,-1,0,1,0,0,0,0,0,4,19
2024411434390,2024,411434390,509398,201907,-0.41823,51.70525,2,"[3, 2]",3,11:20,-1,E07000102,6,0,1,0,1,"[9, 19]","[6, 2]","[4, 8]",0,0,0,1,0,0,0,0,0,1,16
2024411434411,2024,411434411,534499,203528,-0.05455,51.71436,2,2,1,13:00,-1,E07000095,6,0,1,0,1,"[4, 5]","[8, 3]","[4, 7]",0,0,0,1,0,1,0,0,0,4,14
2024411434649,2024,411434649,504649,196090,-0.48867,51.65387,3,3,5,09:30,-1,E07000102,3,0,1,0,1,9,8,5,0,0,0,1,0,0,0,0,1,4,18
2024411434665,2024,411434665,517587,207311,-0.29795,51.75216,2,"[3, 2]",5,15:10,-1,E07000240,3,0,1,1,2,19,"[3, 7]","[7, 3]","[0, 11]","[0, 1]","[0, 1, 11]",1,0,0,1,0,0,4,4
2024411434674,2024,411434674,522605,204762,-0.22619,51.72818,3,3,6,18:23,-1,E07000241,6,0,1,0,2,"[9, 19]","[7, 2]","[4, 6]",0,0,0,1,0,0,0,0,0,4,19
2024411434721,2024,411434721,519301,229710,-0.26541,51.95309,2,2,3,10:30,-1,E07000099,4,0,1,0,1,"[9, 19]","[7, 3]","[3, 7]",0,0,0,1,0,1,0,0,0,3,26
2024411434734,2024,411434734,509658,195343,-0.41653,51.6462,2,2,5,19:05,-1,E07000103,3,2,2,1,1,19,1,5,0,0,0,1,0,0,0,0,1,3,14
2024411434776,2024,411434776,514910,202515,-0.33829,51.70961,3,3,3,23:13,-1,E07000240,1,2,2,1,2,19,7,3,0,1,0,1,0,0,0,0,0,3,26
2024411435062,2024,411435062,508525,199645,-0.43156,51.68509,3,3,4,12:05,-1,E07000102,3,0,1,0,2,"[5, 1]",5,"[8, 1]",0,0,0,1,0,0,0,0,0,3,20
2024411435079,2024,411435079,522011,207232,-0.23392,51.7505,3,3,2,20:52,-1,E07000241,6,2,1,0,1,-1,"[3, 5]",1,-1,-1,0,1,1,0,0,0,0,2,19
2024411435081,2024,411435081,509893,214022,-0.40724,51.81404,2,2,7,09:38,-1,E07000240,3,0,1,0,2,9,1,5,0,0,0,1,0,1,0,0,0,4,13
2024411435095,2024,411435095,504252,196497,-0.49428,51.6576,3,3,3,18:49,-1,E07000102,1,2,2,1,1,4,6,2,0,0,0,1,0,0,0,0,0,3,26
2024411435136,2024,411435136,520823,208114,-0.25082,51.75869,2,"[2, 3]",1,00:21,-1,E07000241,6,2,1,0,1,19,"[8, 4]","[4, 8]",0,0,0,1,0,0,0,1,0,4,14
2024411435138,2024,411435138,522979,233441,-0.21058,51.98582,3,3,4,07:30,-1,E07000099,6,0,1,0,1,"[19, 2]","[7, 0]","[3, 0]",0,0,0,0,0,1,1,0,0,4,17
2024411435153,2024,411435153,514661,207415,-0.34028,51.7537,3,3,7,11:08,-1,E07000240,6,0,1,0,1,"[5, 19]",7,3,0,0,0,1,0,1,0,0,0,4,20
2024411435154,2024,411435154,529983,220021,-0.11371,51.86364,3,3,5,18:01,-1,E07000242,3,0,1,0,2,"[4, 20]","[3, 0]","[7, 0]",0,0,0,1,0,0,0,0,0,4,11
2024411435185,2024,411435185,535855,203097,-0.03511,51.71017,3,3,4,14:30,-1,E07000095,4,0,1,0,1,19,2,6,0,0,0,0,0,0,0,0,1,4,17
2024411435214,2024,411435214,524249,217270,-0.19792,51.84022,3,3,3,15:07,-1,E07000241,4,0,1,0,1,-1,-1,-1,-1,-1,0,1,0,0,0,0,0,4,23
2024411435235,2024,411435235,536836,207231,-0.01929,51.74707,3,3,6,20:10,-1,E07000095,3,2,1,0,1,3,2,"[6, 4]",0,0,0,1,1,0,0,0,0,4,12
2024411435554,2024,411435554,517398,204905,-0.3015,51.73058,3,3,4,08:03,-1,E07000240,3,0,1,0,2,"[7, 19]",3,"[5, 7]",0,0,0,1,0,0,0,0,0,4,24
2024411435614,2024,411435614,511042,196146,-0.39628,51.65315,3,3,7,23:27,-1,E07000103,3,2,1,0,1,19,4,8,0,0,0,1,0,0,0,0,1,4,6
2024411435941,2024,411435941,519564,197223,-0.27278,51.66108,3,3,2,17:34,-1,E07000098,6,2,1,0,1,19,8,2,0,0,0,1,0,0,0,0,1,2,5
2024411435994,2024,411435994,513363,197626,-0.36226,51.66599,3,3,5,12:22,-1,E07000098,4,0,1,-1,1,-1,-1,-1,-1,-1,0,1,1,0,0,0,0,4,25
2024411436889,2024,411436889,521320,234306,-0.23442,51.99396,3,3,4,10:17,-1,E07000099,6,0,1,0,1,1,1,5,0,0,0,1,0,0,0,0,1,4,17
2024411436942,2024,411436942,524490,201798,-0.19997,51.70113,3,3,6,13:22,-1,E07000098,6,0,1,0,1,-1,-1,-1,-1,-1,0,1,0,0,0,0,1,4,26
2024411436951,2024,411436951,507909,207643,-0.43799,51.75709,3,3,3,22:45,-1,E07000096,3,2,1,0,2,"[6, 19]","[8, 4]",4,0,"[0, 1]",0,1,0,1,0,0,0,4,23
2024411436975,2024,411436975,516174,208901,-0.31788,51.76674,3,3,5,14:20,-1,E07000240,6,0,1,0,1,"[7, 19]","[5, 7]","[7, 3]",0,0,0,1,0,0,0,0,0,4,4
2024411436979,2024,411436979,514191,205780,-0.34763,51.7391,3,3,4,17:37,-1,E07000240,3,0,1,0,1,19,5,1,0,0,0,1,0,0,0,0,1,4,17
2024411437009,2024,411437009,512506,195423,-0.37536,51.64636,3,3,3,15:29,-1,E07000098,3,0,2,1,1,"[9, 19]","[7, 3]","[5, 7]",0,0,0,1,1,0,0,0,0,4,23
2024411437109,2024,411437109,519236,230534,-0.26607,51.96051,3,3,6,15:00,-1,E07000099,6,0,1,0,1,"[3, 19]","[2, 4]","[6, 8]",0,0,0,1,1,0,0,0,0,4,26
2024411437264,2024,411437264,526661,200135,-0.16917,51.6857,3,3,6,14:18,-1,E07000098,3,0,1,1,2,"[3, 5]",3,7,0,0,0,1,0,0,0,0,0,4,19
2024411437272,2024,411437272,522661,200132,-0.22701,51.68656,3,3,6,10:10,-1,E07000098,3,0,1,0,2,3,1,5,0,0,0,1,0,0,0,0,0,4,26
2024411437387,2024,411437387,523251,230527,-0.20767,51.95957,3,3,7,14:01,-1,E07000099,2,0,1,0,2,"[19, 12]",1,5,7,0,0,1,0,0,0,0,0,4,27
2024411437388,2024,411437388,511033,197212,-0.39607,51.66273,3,3,5,20:20,-1,E07000103,6,2,1,0,1,10,-1,-1,0,0,0,1,0,0,0,0,1,4,25
2024411437503,2024,411437503,515418,195486,-0.33327,51.64634,3,3,3,08:45,-1,E07000098,1,0,1,0,2,"[4, 3, 19]",4,8,0,0,0,1,0,0,0,0,0,4,16
2024411437774,2024,411437774,536662,202346,-0.02373,51.70322,2,2,2,15:12,-1,E07000095,6,0,1,0,1,"[5, 19]","[3, 7]","[7, 3]",0,0,0,1,1,0,0,0,0,4,29
2024411438197,2024,411438197,523620,216743,-0.20724,51.83562,3,3,1,20:51,-1,E07000241,2,0,1,0,2,"[19, 4]","[5, 6]","[1, 2]",0,0,0,1,0,0,0,0,0,3,24
2024411438206,2024,411438206,511477,203825,-0.38754,51.72208,2,2,2,11:51,-1,E07000240,1,0,1,0,2,19,1,5,0,1,1,0,0,0,1,0,0,4,15
2024411438236,2024,411438236,512589,203011,-0.37171,51.71454,3,3,1,00:10,-1,E07000240,3,2,1,0,2,"[19, 4]","[7, 5]","[3, 1]",0,0,0,1,0,0,0,0,0,4,14
2024411438258,2024,411438258,537023,208331,-0.01615,51.75691,3,3,3,14:50,-1,E07000095,6,0,1,1,2,"[2, 14]","[0, 5]","[0, 1]",0,0,0,1,0,0,0,0,0,4,9
2024411438295,2024,411438295,526795,224612,-0.1583,51.90563,3,3,7,14:32,-1,E07000243,6,0,1,0,2,"[19, 3]","[6, 2]","[2, 6]",0,0,0,1,0,0,0,0,0,3,23
2024411438595,2024,411438595,517856,230858,-0.28603,51.96372,3,3,5,06:14,-1,E07000099,3,0,1,0,2,"[5, 9]","[1, 7]","[5, 3]",0,0,0,1,0,1,0,0,0,4,18
2024411438601,2024,411438601,499415,208304,-0.56082,51.7646,3,3,2,13:01,-1,E07000096,6,0,1,0,1,19,6,2,0,0,0,1,0,0,0,0,1,2,12
2024411438708,2024,411438708,549780,221267,0.17413,51.86987,3,3,3,19:49,-1,E07000242,3,0,1,0,1,-1,-1,-1,-1,-1,0,1,0,1,0,0,0,4,30
2024411438752,2024,411438752,513460,197776,-0.36081,51.66731,2,"[2, 3]",6,16:46,-1,E07000098,1,0,1,0,1,"[4, 3]",5,1,0,0,0,1,0,0,0,0,0,4,19
2024411438774,2024,411438774,509199,214656,-0.4171,51.81987,3,3,6,12:23,-1,E07000096,1,0,1,0,2,4,5,1,0,0,0,1,0,0,0,0,0,4,26
2024411438784,2024,411438784,502426,193108,-0.52166,51.62748,3,3,4,02:51,-1,E07000102,1,2,1,0,2,19,5,1,0,0,0,1,0,0,0,0,0,5,1
2024411439725,2024,411439725,510669,215926,-0.39538,51.831,3,3,5,17:30,-1,E07000240,6,0,1,1,2,"[8, 4]","[3, 5]","[5, 3]",0,0,0,1,0,0,0,0,0,5,2
2024411439781,2024,411439781,524247,211108,-0.20016,51.78485,3,3,1,16:25,-1,E07000241,6,0,1,0,1,"[19, 5]","[4, 6]","[8, 3]",0,0,0,1,0,1,0,0,0,1,14
2024411439797,2024,411439797,519122,196419,-0.27944,51.65395,3,3,3,07:22,-1,E07000098,4,0,1,1,1,"[4, 19]",-1,-1,0,0,0,1,0,0,0,0,0,4,30
2024411439802,2024,411439802,520243,196041,-0.26337,51.65031,2,2,6,17:15,-1,E07000098,6,0,1,-1,1,-1,-1,-1,-1,-1,0,1,0,1,0,0,0,5,3
2024411439857,2024,411439857,515609,202686,-0.32813,51.711,3,3,5,20:02,-1,E07000240,1,2,1,0,1,"[19, 11]",7,3,0,0,0,1,0,0,1,0,0,4,18
2024411439897,2024,411439897,499725,208411,-0.5563,51.76551,3,3,4,18:00,-1,E07000096,6,0,1,0,2,"[-1, 19]",-1,-1,-1,-1,0,1,1,0,0,0,0,5,1
2024411439955,2024,411439955,523961,221141,-0.20072,51.87507,3,3,7,10:14,-1,E07000099,2,0,1,0,2,19,1,5,0,0,0,1,0,0,0,0,0,4,20
2024411440191,2024,411440191,506845,207482,-0.45345,51.75585,3,3,6,15:13,-1,E07000096,6,0,2,1,1,-1,-1,-1,-1,-1,0,1,0,0,0,0,1,5,3
2024411440226,2024,411440226,522797,200768,-0.22482,51.69224,2,"[3, 2]",6,17:01,-1,E07000098,2,0,1,0,2,"[19, 4]",1,5,0,0,0,1,0,0,0,0,0,4,26
2024411440295,2024,411440295,519232,229636,-0.26644,51.95244,2,2,1,00:15,-1,E07000099,4,2,2,1,1,"[2, 14]","[0, 6]","[0, 2]","[0, 4]",0,0,1,1,0,0,0,0,4,28
2024411440302,2024,411440302,513879,205682,-0.35218,51.73828,3,3,7,11:50,-1,E07000240,4,0,1,0,1,"[-1, 4]","[-1, 1]","[-1, 5]","[-1, 0]","[-1, 1]",0,1,1,0,0,0,0,5,4
2024411440395,2024,411440395,522832,210408,-0.22091,51.77887,3,3,7,14:25,-1,E07000241,3,0,8,0,2,"[5, 19]","[1, 8]",5,0,0,0,1,0,0,1,0,0,4,27
2024411440578,2024,411440578,529504,208871,-0.12483,51.76355,3,3,2,16:52,-1,E07000242,6,0,1,0,2,19,5,1,11,1,11,1,0,0,0,0,0,4,29
2024411440623,2024,411440623,508647,199616,-0.4298,51.6848,2,"[3, 2]",5,10:11,-1,E07000102,3,0,1,0,2,19,8,4,0,0,0,1,0,0,0,0,0,5,2
2024411440634,2024,411440634,532628,212696,-0.07812,51.79719,3,3,4,07:11,-1,E07000242,6,0,1,0,1,19,"[7, 2]","[3, 4]",0,0,0,1,1,0,0,0,0,5,1
2024411440637,2024,411440637,544627,211722,0.09535,51.78547,3,3,2,16:23,-1,E07000242,6,0,1,0,2,19,1,7,0,1,0,1,0,0,0,0,0,4,22
2024411440638,2024,411440638,537973,217049,0.00107,51.83502,2,2,5,05:30,-1,E07000242,6,2,1,1,2,"[19, 13]",7,3,0,0,0,1,0,0,0,0,0,4,25
2024411440647,2024,411440647,503993,195749,-0.49825,51.65093,3,3,3,17:37,-1,E07000102,1,0,1,0,1,"[19, 4]",5,1,0,0,0,1,0,0,1,0,0,3,12
2024411440648,2024,411440648,505524,194470,-0.47651,51.63915,3,3,3,11:00,-1,E07000102,3,0,1,0,1,-1,"[-1, 5]","[-1, 1]","[-1, 0]",-1,0,1,1,0,0,0,0,4,30
2024411440656,2024,411440656,507439,200089,-0.44713,51.68929,3,3,2,11:24,-1,E07000102,1,0,1,1,2,19,3,7,0,0,0,1,0,0,0,0,0,4,22
2024411440705,2024,411440705,523089,225822,-0.21171,51.91733,3,3,3,13:39,-1,E07000243,3,0,1,-1,1,-1,-1,-1,-1,-1,0,1,0,0,0,0,0,5,7
2024411440728,2024,411440728,522673,227622,-0.21711,51.9336,2,"[2, 3]",7,05:54,-1,E07000099,2,0,1,1,2,19,1,5,0,"[0, 1]","[0, 4]",1,0,0,0,0,0,4,27
2024411440803,2024,411440803,533878,202080,-0.06409,51.7015,2,2,5,10:20,-1,E07000095,4,0,1,0,2,"[14, 2]","[5, 0]","[1, 0]","[4, 0]",0,0,1,0,1,0,0,0,4,18
2024411440816,2024,411440816,522701,232246,-0.21505,51.97514,3,3,7,14:11,-1,E07000099,6,0,1,0,1,"[8, 19]","[3, 1]","[1, 3]",0,0,0,1,0,0,0,1,0,5,4
2024411441024,2024,411441024,503634,196592,-0.50319,51.65857,3,3,5,14:30,-1,E07000102,3,0,1,0,1,"[19, 3]",4,8,0,0,0,1,0,0,0,0,0,5,9
2024411441036,2024,411441036,518161,228689,-0.28234,51.94416,3,3,3,19:36,-1,E07000099,3,0,1,0,2,"[5, 19]","[6, 4]","[2, 8]",0,0,0,1,0,0,0,0,0,4,23
2024411441069,2024,411441069,527676,220747,-0.14693,51.87069,3,3,4,17:16,-1,E07000242,3,0,1,0,2,"[19, 5]","[8, 6]",4,0,0,0,1,0,0,1,0,0,5,1
2024411441070,2024,411441070,524338,233031,-0.19095,51.98183,3,3,1,00:04,-1,E07000099,6,2,1,0,1,"[19, 13]",1,5,0,0,0,1,0,0,0,0,0,4,21
2024411441089,2024,411441089,538415,235439,0.01486,52.00015,3,3,2,17:41,-1,E07000099,4,0,1,0,2,19,"[1, 5]","[5, 1]",0,0,0,1,0,0,0,0,0,4,29
2024411441201,2024,411441201,505205,206156,-0.4776,51.74424,2,2,5,08:12,-1,E07000096,3,0,1,0,2,"[13, 19]",5,1,0,0,0,1,1,0,0,0,0,3,14
2024411441205,2024,411441205,501731,208921,-0.52709,51.76973,2,"[2, 3]",6,17:54,-1,E07000096,6,0,2,1,1,19,"[3, 5]","[7, 1]",0,0,0,1,0,1,0,0,0,5,3
2024411441213,2024,411441213,510954,196399,-0.39747,51.65544,3,3,7,16:07,-1,E07000103,6,0,7,1,1,"[19, 5]","[4, 8]","[8, 4]",0,0,0,1,0,1,0,0,0,4,27
2024411442045,2024,411442045,506603,209069,-0.45647,51.77016,3,3,1,20:00,-1,E07000096,6,0,1,1,1,4,5,3,0,0,0,1,0,0,0,0,1,4,28
2024411442192,2024,411442192,535282,201920,-0.04385,51.69973,3,3,1,10:50,-1,E07000095,3,0,1,0,2,"[19, 11]",1,5,0,0,0,1,0,1,0,0,0,5,5
2024411442216,2024,411442216,511685,192505,-0.38815,51.6203,3,3,5,19:50,-1,E07000102,4,0,8,0,1,"[5, 19]","[4, 2]","[8, 6]",0,0,0,1,1,0,0,0,0,5,9
2024411442245,2024,411442245,511153,195478,-0.39488,51.64712,3,3,1,11:00,-1,E07000103,3,0,1,1,1,5,"[3, 1]","[6, 5]",0,0,0,1,0,0,0,1,0,4,28
2024411442592,2024,411442592,534724,215103,-0.04681,51.81832,3,3,6,18:00,-1,E07000242,6,0,1,1,1,"[19, 5]","[3, 5]","[7, 1]",0,0,0,1,0,0,0,0,0,5,3
2024411442621,2024,411442621,519355,231024,-0.26417,51.96489,3,3,5,07:05,-1,E07000099,6,0,1,0,1,"[19, 5]","[5, 3]","[1, 7]",0,0,0,1,0,1,0,0,0,5,9
2024411442653,2024,411442653,524576,211703,-0.19518,51.79012,3,3,2,09:07,-1,E07000241,6,0,1,-1,1,-1,-1,-1,-1,-1,0,1,0,0,0,0,1,5,13
2024411442656,2024,411442656,524446,223852,-0.1927,51.89933,3,3,2,16:20,-1,E07000243,6,0,1,0,1,"[19, 5]","[1, 7]","[5, 3]",0,0,0,1,0,1,0,0,0,4,15
2024411442687,2024,411442687,514368,194461,-0.34877,51.63734,3,3,5,18:08,-1,E07000098,3,0,1,0,1,3,7,3,0,0,0,1,0,0,0,0,0,4,25
2024411442698,2024,411442698,510752,197365,-0.40008,51.66416,3,3,2,15:37,-1,E07000103,6,0,1,-1,1,-1,-1,-1,-1,-1,0,1,1,0,0,0,0,5,13
2024411442763,2024,411442763,522591,227029,-0.21851,51.92829,3,3,3,07:24,-1,E07000243,4,0,4,1,2,"[19, 11]",8,4,0,0,0,1,0,0,1,0,0,4,16
2024411443095,2024,411443095,549236,220255,0.16579,51.86093,3,3,3,07:05,-1,E07000242,4,0,2,1,1,"[7, 19]",-1,-1,0,0,0,1,1,0,0,0,0,5,14
2024411443113,2024,411443113,510824,196076,-0.39945,51.65256,3,3,7,22:25,-1,E07000103,3,2,1,0,1,"[1, 3]",1,5,0,0,0,1,0,1,0,0,0,5,11
2024411443124,2024,411443124,502734,206161,-0.51338,51.74474,3,3,3,16:09,-1,E07000096,3,0,1,0,2,5,1,5,0,3,2,1,0,0,0,0,0,4,30
2024411443179,2024,411443179,491212,213447,-0.6783,51.81222,3,3,3,12:22,-1,E07000096,4,0,1,0,2,"[9, 7]","[6, 4]","[8, 2]",0,0,0,1,0,0,0,0,0,4,30
2024411443260,2024,411443260,527020,218882,-0.15713,51.85408,3,3,5,03:06,-1,E07000242,6,2,2,1,2,19,2,1,0,0,0,1,0,0,0,0,0,4,4
2024411443488,2024,411443488,521757,206146,-0.23798,51.7408,2,2,1,17:00,-1,E07000241,3,0,1,0,2,"[19, 5]","[2, 3]",7,0,0,0,1,1,0,0,0,0,4,28
2024411443572,2024,411443572,535341,212758,-0.03878,51.7971,3,3,6,15:20,-1,E07000242,4,0,1,0,2,"[19, 4, 3]",8,4,0,0,0,1,0,0,1,0,0,5,10
2024411443585,2024,411443585,529233,237553,-0.11801,52.02135,3,3,7,21:00,-1,E07000099,3,2,1,0,2,"[19, 5]","[2, 4]","[6, 8]",0,0,0,1,0,0,0,0,0,4,13
2024411443586,2024,411443586,529030,220008,-0.12755,51.86374,3,3,3,12:00,-1,E07000242,3,0,1,0,2,4,5,1,0,0,0,1,0,0,0,0,0,4,30
2024411443606,2024,411443606,536305,200403,-0.02965,51.68585,3,3,6,15:13,-1,E07000095,3,0,1,-1,1,-1,-1,-1,-1,-1,0,1,0,0,0,0,0,5,10
2024411443618,2024,411443618,534636,202060,-0.05314,51.70114,3,3,6,15:00,-1,E07000095,6,0,1,0,1,4,"[3, 7]","[7, 3]",0,0,0,1,1,0,0,0,0,5,3
2024411443661,2024,411443661,536472,211301,-0.02297,51.78373,3,3,7,17:35,-1,E07000242,3,0,1,0,2,"[4, 5]",5,1,0,0,0,1,0,0,0,0,0,5,11
2024411443665,2024,411443665,534945,212914,-0.04446,51.7986,3,3,1,16:10,-1,E07000242,3,0,1,0,2,19,"[6, 3]","[2, 7]",0,0,0,1,1,0,0,0,0,5,12
2024411443676,2024,411443676,517209,203951,-0.30455,51.72204,2,2,5,17:30,-1,E07000240,6,0,1,0,1,"[19, 15]","[4, 8]","[8, 4]",0,0,0,1,0,1,0,0,0,5,9
2024411443679,2024,411443679,536869,210432,-0.01756,51.77583,2,2,4,17:24,-1,E07000095,6,0,1,0,1,"[2, 1]",1,5,0,0,0,1,0,0,0,0,1,5,8
2024411443686,2024,411443686,526360,204804,-0.17183,51.72772,2,"[2, 3]",3,08:00,-1,E07000241,4,0,1,0,2,19,"[2, 6]","[6, 2]",0,"[1, 0]","[4, 0]",1,0,0,0,0,0,3,19
2024411443997,2024,411443997,514529,224025,-0.33671,51.903,2,"[2, 3]",4,08:20,-1,E07000099,6,0,1,0,2,19,"[1, 7]","[4, 5]",0,0,0,1,0,1,0,0,0,5,8
2024411444047,2024,411444047,517507,233300,-0.29027,51.98574,3,3,2,13:15,-1,E07000099,3,0,1,0,2,"[15, 19]","[1, 5]","[5, 1]",0,0,0,1,0,0,0,0,0,4,15
2024411444050,2024,411444050,510182,197217,-0.40837,51.66294,3,3,3,20:45,-1,E07000103,3,2,1,0,1,"[19, 5]",5,8,0,0,0,1,0,0,1,0,0,5,7
2024411444109,2024,411444109,513351,214452,-0.35696,51.81721,3,3,2,09:50,-1,E07000240,6,0,1,0,1,19,5,1,0,0,0,1,0,0,0,0,1,5,13
2024411444988,2024,411444988,531123,215022,-0.09906,51.81845,3,3,2,14:07,-1,E07000242,3,0,1,0,2,"[10, 19]","[3, 1]","[8, 5]",0,0,0,1,0,0,0,0,0,4,29
2024411445033,2024,411445033,514203,196475,-0.3505,51.65547,3,3,5,18:10,-1,E07000098,6,2,1,1,2,"[19, -1]","[8, 4, -1]","[4, 8, -1]","[0, -1]","[0, -1]",0,1,0,0,0,0,0,3,28
2024411445055,2024,411445055,520662,198180,-0.25658,51.66945,2,2,7,10:49,-1,E07000098,6,0,1,0,2,"[5, 10]","[7, 5]","[5, 1]",0,0,0,1,1,0,0,0,0,5,11
2024411445083,2024,411445083,508776,217915,-0.42222,51.84924,3,3,1,11:32,-1,E07000096,1,0,1,0,2,4,5,1,0,"[0, 1]",0,1,0,0,0,0,0,5,5
2024411445093,2024,411445093,509902,195850,-0.41284,51.65071,3,3,4,10:00,-1,E07000103,6,0,1,0,1,"[19, 5]",7,3,0,0,0,1,0,0,0,0,0,5,15
2024411445132,2024,411445132,521114,232636,-0.23801,51.979,3,3,5,17:06,-1,E07000099,6,0,1,0,1,19,2,6,11,0,0,1,0,0,0,0,1,5,2
2024411445366,2024,411445366,503170,194206,-0.5106,51.63721,3,3,3,09:43,-1,E07000102,1,0,1,1,2,"[11, 19]","[5, 1]","[1, 5]",0,0,0,1,0,0,0,0,0,5,14
2024411445377,2024,411445377,515025,207376,-0.33503,51.75328,3,3,2,11:57,-1,E07000240,6,0,1,0,1,19,5,1,0,0,0,0,0,1,0,0,1,5,13