collision_index,collision_year,collision_ref_no,location_easting_osgr,location_northing_osgr,longitude,latitude,casualty_severity,casualty_severity,day_of_week,time,local_authority_district,local_authority_ons_district,first_road_class,light_conditions,weather_conditions,road_surface_conditions,urban_or_rural_area,vehicle_manoeuvre,vehicle_direction_from,vehicle_direction_to,hit_object_in_carriageway,vehicle_leaving_carriageway,hit_object_off_carriageway,is_car,is_cyle,is_mcyle,is_goodsv,is_other,is_pedestrian,month,day
2024411495870,2024,411495870,533722,216588,-0.06077,51.83191,3,3,5,17:55,-1,E07000242,3,0,1,1,2,"[5, 4]",1,7,0,0,0,1,0,0,0,0,0,8,22
2024411496129,2024,411496129,516299,195114,-0.32066,51.64281,3,3,5,16:45,-1,E07000098,3,0,1,0,2,"[11, 19]","[8, 7]",3,0,0,0,1,0,0,1,0,0,9,19
2024411496180,2024,411496180,542599,230591,0.07376,51.95553,3,3,6,09:45,-1,E07000242,4,0,1,0,2,"[4, 12]",3,7,0,0,0,1,0,0,0,1,0,9,20
2024411496240,2024,411496240,538113,226012,0.00668,51.91552,3,3,7,13:00,-1,E07000242,3,0,1,0,2,"[19, -1]","[1, 7]","[5, 3]","[0, -1]","[0, -1]",0,1,0,1,0,0,0,4,13
2024411496255,2024,411496255,524065,227893,-0.19678,51.93572,2,"[3, 2]",3,14:16,-1,E07000099,6,0,1,0,2,"[19, -1]","[7, -1]","[3, -1]","[0, -1]","[0, -1]",0,1,0,0,0,0,0,9,24
2024411496291,2024,411496291,533920,212202,-0.05959,51.79245,2,"[3, 2]",5,07:31,-1,E07000242,4,0,1,0,2,19,"[7, 3]","[3, 7]",0,0,0,1,0,0,0,0,0,9,5
2024411496626,2024,411496626,513370,197655,-0.36215,51.66625,3,3,7,14:44,-1,E07000098,4,0,1,0,2,"[2, 4]",7,3,0,0,0,1,0,0,0,0,0,9,14
2024411496651,2024,411496651,512738,198061,-0.37115,51.67002,3,3,7,20:00,-1,E07000098,3,2,1,0,2,19,3,7,0,0,0,1,0,0,0,0,0,9,7
2024411496657,2024,411496657,517683,215671,-0.29373,51.82727,3,3,3,07:30,-1,E07000240,4,0,2,1,2,"[5, 2, 19]","[8, 0]","[4, 0]",0,0,0,1,0,0,0,0,0,7,23
2024411496971,2024,411496971,524503,222213,-0.19246,51.88458,3,3,5,12:00,-1,E07000243,4,0,1,0,1,"[3, 4]",5,1,0,0,0,1,0,0,0,0,0,9,12
2024411496986,2024,411496986,518367,195060,-0.29081,51.64189,3,3,4,22:25,-1,E07000098,3,2,1,0,1,19,"[7, 3]","[3, 7]",0,0,0,1,0,0,0,0,0,7,10
2024411497662,2024,411497662,522587,227026,-0.21857,51.92826,3,3,6,07:00,-1,E07000243,3,0,1,0,2,"[19, 13]",8,4,0,0,0,1,0,0,0,0,0,8,9
2024411497665,2024,411497665,523391,230786,-0.20554,51.96187,3,3,5,06:05,-1,E07000099,2,2,2,1,2,"[19, 4]",1,5,0,0,0,1,0,0,0,0,0,9,26
2024411497789,2024,411497789,509730,199845,-0.41407,51.68665,2,2,1,14:55,-1,E07000103,6,0,1,1,1,-1,-1,-1,-1,-1,0,1,1,0,0,0,0,9,22
2024411497793,2024,411497793,536421,204102,-0.02653,51.71906,3,3,3,08:02,-1,E07000095,4,0,1,0,1,3,7,1,0,0,0,1,0,0,0,0,1,9,24
2024411497828,2024,411497828,525432,199418,-0.1872,51.67953,3,3,1,11:37,-1,E07000098,3,0,1,0,2,19,"[5, 4]",1,0,"[1, 0]","[10, 0]",1,0,0,0,0,0,6,2
2024411497848,2024,411497848,521670,232328,-0.23003,51.97611,3,3,4,11:15,-1,E07000099,6,0,1,0,1,"[7, 19]","[3, 1]",5,0,0,0,1,1,0,0,0,0,9,25
2024411497972,2024,411497972,507281,208038,-0.44696,51.76076,3,3,6,08:30,-1,E07000096,6,0,2,1,1,"[3, 4]",1,5,0,0,0,1,0,0,0,0,0,9,27
2024411498138,2024,411498138,519114,196419,-0.27956,51.65395,3,3,6,18:00,-1,E07000098,4,0,1,0,1,-1,-1,-1,-1,-1,0,1,1,0,0,0,0,9,27
2024411498145,2024,411498145,521389,218631,-0.23894,51.85308,3,3,3,19:40,-1,E07000099,4,2,1,0,1,"[2, 19]","[0, 1]","[0, 5]",0,0,0,1,0,0,0,0,0,9,24
2024411498271,2024,411498271,515100,207847,-0.33378,51.75749,3,3,6,17:35,-1,E07000240,3,0,1,-1,1,-1,-1,-1,-1,-1,0,1,0,0,0,0,0,9,20
2024411498280,2024,411498280,532739,212606,-0.07655,51.79636,3,3,7,17:00,-1,E07000242,6,0,1,0,1,7,6,1,0,0,0,1,0,0,0,0,1,9,21
2024411498301,2024,411498301,504326,193806,-0.49402,51.6334,3,3,1,10:30,-1,E07000102,3,0,1,0,1,"[10, 19]",-1,-1,0,0,0,1,1,0,0,0,0,9,29
2024411498316,2024,411498316,524723,224793,-0.18833,51.90772,3,3,3,11:49,-1,E07000243,6,0,1,0,1,"[19, 9]","[8, 4]","[4, 2]",0,0,0,1,0,0,0,0,0,7,23
2024411498493,2024,411498493,510480,197049,-0.40411,51.66137,3,3,2,08:57,-1,E07000103,6,0,1,1,1,-1,-1,-1,-1,-1,0,1,0,0,0,0,1,9,30
2024411498526,2024,411498526,523321,225263,-0.20853,51.91226,3,3,1,19:28,-1,E07000243,6,0,1,0,1,5,1,5,0,0,0,1,0,0,0,0,1,5,5
2024411498608,2024,411498608,522376,225996,-0.22201,51.91905,3,3,4,16:20,-1,E07000243,6,0,1,0,1,19,"[3, 1]","[7, 5]",0,0,0,1,0,0,0,0,0,8,21
2024411498663,2024,411498663,548393,214777,0.15121,51.81193,3,3,6,23:45,-1,E07000242,6,2,1,0,1,4,1,5,0,0,0,1,0,0,0,0,1,9,27
2024411498684,2024,411498684,513336,206675,-0.35971,51.74732,2,2,5,20:46,-1,E07000240,6,0,1,0,2,4,4,8,0,0,0,1,0,1,0,0,0,6,20
2024411498746,2024,411498746,492056,211128,-0.66668,51.79124,2,2,3,13:00,-1,E07000096,6,0,1,0,1,2,0,0,0,0,0,1,0,0,0,0,1,9,17
2024411498951,2024,411498951,511982,225804,-0.37313,51.91951,2,"[3, 2]",5,17:16,-1,E07000099,3,0,2,1,2,19,2,6,0,1,4,1,0,0,0,0,0,9,26
2024411499044,2024,411499044,541771,223295,0.05871,51.89019,3,3,6,14:30,-1,E07000242,3,0,1,0,2,19,"[3, 7]","[7, 3]",0,"[1, 0]",0,1,0,0,0,0,0,9,27
2024411499079,2024,411499079,535736,202963,-0.03688,51.70899,3,3,2,16:05,-1,E07000095,4,0,1,0,1,"[19, 10]","[6, 0]","[2, 0]",0,0,0,1,0,0,0,0,0,9,9
2024411499094,2024,411499094,537332,209339,-0.01128,51.76589,3,3,1,19:40,-1,E07000095,3,0,1,0,1,19,"[7, 1]","[3, 5]",0,0,0,1,1,0,0,0,0,9,29
2024411499155,2024,411499155,522013,207235,-0.23389,51.75053,3,3,7,10:00,-1,E07000241,6,0,1,0,1,"[6, 5]",1,"[1, 5]",0,0,0,1,0,0,0,0,0,9,21
2024411499191,2024,411499191,519578,229870,-0.26132,51.95447,3,3,4,08:50,-1,E07000099,6,0,1,0,1,4,4,8,0,0,0,1,0,0,0,0,1,9,25
2024411499198,2024,411499198,517806,195271,-0.29884,51.64391,3,3,2,15:00,-1,E07000098,3,0,1,0,1,"[19, 3]","[3, 5]","[7, 1]",99,0,0,1,0,1,0,0,0,9,30
2024411499341,2024,411499341,510331,199502,-0.40549,51.68345,3,3,2,18:51,-1,E07000103,3,2,2,1,1,4,7,3,0,0,0,1,0,1,0,0,0,9,30
2024411499447,2024,411499447,523857,222691,-0.20167,51.88902,3,3,6,15:19,-1,E07000243,3,0,1,0,1,5,8,4,0,0,0,1,0,1,0,0,0,9,20
2024411499525,2024,411499525,523665,198372,-0.21311,51.67052,3,3,5,08:35,-1,E07000098,3,0,1,1,2,19,"[3, 1]","[1, 5]",0,0,0,1,0,0,0,0,0,9,26
2024411499537,2024,411499537,538996,222801,0.01822,51.88645,3,3,1,21:33,-1,E07000242,6,2,2,1,2,"[1, 19]",4,8,0,0,0,1,0,0,0,0,0,9,22
2024411499544,2024,411499544,536448,204895,-0.02583,51.72618,2,2,7,08:22,-1,E07000095,6,0,1,0,1,19,1,5,10,3,2,0,0,1,0,0,0,9,14
2024411500402,2024,411500402,511956,196591,-0.38293,51.65697,2,2,6,12:32,-1,E07000098,6,0,1,0,1,"[13, 12]","[1, 7]",3,0,0,0,1,0,0,0,0,0,9,20
2024411500421,2024,411500421,548275,221491,0.15238,51.87229,2,2,5,17:00,-1,E07000242,3,0,5,1,1,-1,-1,-1,-1,-1,0,1,0,0,0,0,1,9,26
2024411500484,2024,411500484,523278,208730,-0.21505,51.76369,3,3,3,06:25,-1,E07000241,3,2,1,0,1,19,5,1,0,0,0,1,0,0,0,0,1,10,1
2024411500513,2024,411500513,511001,196415,-0.39678,51.65557,3,3,5,18:20,-1,E07000103,6,0,1,0,1,"[-1, 19]",-1,-1,"[-1, 0]","[-1, 3]",0,1,0,1,0,0,0,10,3
2024411500538,2024,411500538,509618,207817,-0.41319,51.75832,3,3,6,15:30,-1,E07000240,1,0,1,0,2,"[-1, 19]",-1,-1,"[-1, 11]","[-1, 8]",0,1,0,0,1,0,0,9,27
2024411500554,2024,411500554,517825,206960,-0.29462,51.74896,2,2,7,00:14,-1,E07000240,6,2,1,0,1,19,1,5,0,0,0,1,0,0,0,0,0,8,31
2024411500556,2024,411500556,522584,226979,-0.21863,51.92784,3,3,2,19:45,-1,E07000243,3,2,2,1,2,5,1,4,0,0,0,1,0,0,0,0,0,9,23
2024411500617,2024,411500617,510579,206006,-0.39984,51.74186,2,"[2, 3]",1,14:05,-1,E07000240,3,0,1,1,2,"[2, 19]","[0, 7]","[0, 3]",0,1,0,1,0,0,1,0,0,9,29
2024411500641,2024,411500641,542327,211525,0.06195,51.78429,3,3,6,15:56,-1,E07000242,3,0,1,0,2,19,7,3,0,0,0,1,0,0,0,0,0,8,23
2024411500716,2024,411500716,518839,229764,-0.27211,51.95368,3,3,4,06:55,-1,E07000099,3,0,1,1,1,9,-1,-1,0,1,0,1,1,0,0,0,0,10,2
2024411500720,2024,411500720,501745,203800,-0.52839,51.7237,3,3,7,20:10,-1,E07000096,6,0,1,1,2,"[4, 19]",-1,-1,0,0,0,1,0,0,0,0,0,10,5
2024411500901,2024,411500901,541034,222944,0.04787,51.88722,3,3,4,11:57,-1,E07000242,3,0,1,1,2,19,"[3, 7]","[7, 3]",0,"[1, 0]",0,1,0,0,0,0,0,9,25
2024411500938,2024,411500938,516023,195285,-0.32459,51.6444,2,2,5,22:20,-1,E07000098,3,0,1,0,2,"[5, 19]","[2, 1]","[8, 5]",0,0,0,1,0,1,0,0,0,5,23
2024411501005,2024,411501005,511301,195820,-0.39264,51.65017,2,2,2,15:41,-1,E07000103,6,0,1,0,1,19,6,2,0,0,0,1,0,0,0,0,1,9,9
2024411501025,2024,411501025,525373,199966,-0.18786,51.68447,3,3,6,09:06,-1,E07000098,1,0,1,0,2,19,3,7,0,0,0,1,0,0,1,0,0,10,4
2024411501099,2024,411501099,523756,223739,-0.20276,51.89846,3,3,7,12:45,-1,E07000243,4,0,1,0,1,4,1,1,0,0,0,1,0,1,0,0,0,10,5
2024411501119,2024,411501119,511150,195435,-0.39494,51.64674,3,3,6,18:30,-1,E07000103,3,2,1,-1,1,-1,-1,-1,-1,-1,0,1,0,1,0,0,0,10,4
2024411501150,2024,411501150,506539,196384,-0.46127,51.65616,3,3,5,17:50,-1,E07000102,6,0,1,0,2,"[1, 3]",-1,-1,0,0,0,1,0,1,0,0,0,10,3
2024411501366,2024,411501366,537005,211686,-0.01509,51.78706,3,3,4,13:13,-1,E07000242,3,0,8,1,2,"[2, 19]",5,1,0,"[6, 0]","[10, 0]",1,0,0,0,0,0,8,28
2024411501470,2024,411501470,510923,197882,-0.39745,51.66877,3,3,6,19:35,-1,E07000103,6,2,1,1,1,"[99, 19]","[1, 7]","[4, 3]",0,0,0,1,0,1,0,0,0,10,4
2024411501472,2024,411501472,548588,221541,0.15694,51.87265,3,3,7,14:45,-1,E07000242,6,0,1,0,1,"[7, -1]","[6, -1]","[8, -1]","[0, -1]","[0, -1]",0,1,0,0,0,0,0,10,5
2024411501519,2024,411501519,510966,196252,-0.39734,51.65412,2,2,7,12:10,-1,E07000103,3,0,1,0,1,"[19, 12]","[4, 5]",3,0,7,"[11, 0]",1,0,1,0,0,0,9,14
2024411501563,2024,411501563,510454,196672,-0.40461,51.65799,3,3,1,13:46,-1,E07000103,3,0,1,0,1,"[7, 8]",4,7,0,0,0,1,0,1,0,0,0,9,15
2024411501624,2024,411501624,528744,221929,-0.13098,51.88107,3,3,7,10:40,-1,E07000242,6,0,9,-1,2,-1,-1,-1,-1,-1,0,1,1,0,0,0,0,8,31
2024411501656,2024,411501656,515142,207887,-0.33316,51.75784,3,3,4,10:44,-1,E07000240,4,0,1,0,1,"[9, 19]","[3, 1]","[7, 5]",0,0,0,1,0,1,0,0,0,10,2
2024411501683,2024,411501683,541918,212377,0.05637,51.79205,3,3,2,14:45,-1,E07000242,6,0,1,1,2,"[7, -1]","[7, -1]","[3, -1]","[0, -1]","[1, -1]","[11, 0]",1,0,0,0,0,0,9,30
2024411501724,2024,411501724,519741,196994,-0.2703,51.65898,3,3,3,21:00,-1,E07000098,6,2,1,-1,1,-1,-1,-1,-1,-1,0,1,1,0,0,0,0,9,24
2024411501926,2024,411501926,507842,199357,-0.44152,51.68263,3,3,7,17:49,-1,E07000102,1,0,1,1,2,19,3,7,0,0,0,1,0,0,0,0,0,9,28
2024411501982,2024,411501982,548681,221545,0.1583,51.87267,3,3,4,14:58,-1,E07000242,4,0,1,1,1,4,5,1,0,0,0,1,0,0,0,0,1,10,2
2024411502018,2024,411502018,507014,204677,-0.45186,51.7306,3,3,5,17:28,-1,E07000096,6,0,2,1,1,"[19, 9]",1,"[5, 7]",0,0,0,1,0,1,0,0,0,9,12
2024411502025,2024,411502025,535165,201006,-0.0459,51.69154,3,3,6,16:58,-1,E07000095,4,0,1,0,2,"[99, 5]",-1,-1,0,0,0,1,0,0,0,0,0,10,4
2024411502045,2024,411502045,503077,194280,-0.51192,51.63789,3,3,3,08:40,-1,E07000102,6,0,1,0,2,"[19, 4]",7,3,"[99, 0]",0,0,1,0,0,0,0,0,10,1
2024411502048,2024,411502048,511078,195290,-0.39603,51.64545,3,3,3,17:30,-1,E07000103,6,0,2,1,1,-1,-1,-1,-1,-1,0,1,0,1,0,0,0,10,1
2024411502053,2024,411502053,514386,198469,-0.3472,51.67336,3,3,4,08:30,-1,E07000098,4,0,2,1,2,"[5, 3]","[1, 7]","[2, 3]",0,0,0,1,0,1,0,0,0,10,2
2024411502065,2024,411502065,549784,219054,0.17323,51.84999,3,3,2,16:29,-1,E07000242,3,0,1,-1,2,"[19, 9]",-1,-1,0,0,0,1,0,1,0,0,0,10,7
2024411502099,2024,411502099,513582,197704,-0.35907,51.66664,3,3,5,21:21,-1,E07000098,1,2,1,0,1,19,1,5,0,0,0,1,0,0,0,0,0,10,3
2024411502119,2024,411502119,524510,233835,-0.18816,51.98902,3,3,6,15:57,-1,E07000099,6,0,1,0,1,"[9, 4]","[7, 4]","[4, 8]",0,0,0,1,0,1,0,0,0,9,20
2024411502200,2024,411502200,524124,200846,-0.2056,51.69265,3,3,4,11:20,-1,E07000098,6,0,2,1,1,"[5, 19]","[4, 2]",6,0,0,0,1,0,1,0,0,0,10,9
2024411502311,2024,411502311,522670,200206,-0.22685,51.68722,3,3,4,23:30,-1,E07000098,3,2,2,1,2,"[4, 15, 11]",1,5,0,0,0,1,0,0,0,0,0,10,9
2024411502463,2024,411502463,536098,203470,-0.03145,51.71346,3,3,3,11:40,-1,E07000095,4,0,1,1,1,19,-1,-1,0,0,0,1,0,1,0,0,0,10,8
2024411503304,2024,411503304,514458,198458,-0.34616,51.67324,3,3,4,18:00,-1,E07000098,4,0,1,0,2,"[4, 19]",3,7,0,0,0,1,0,0,0,0,0,10,2
2024411503330,2024,411503330,536322,201892,-0.02882,51.69922,3,3,6,11:24,-1,E07000095,6,0,1,0,1,2,0,0,"[4, 0]",0,0,1,0,0,0,0,1,9,20
2024411503346,2024,411503346,527830,202307,-0.15148,51.70495,3,3,6,23:00,-1,E07000241,4,2,1,1,2,19,"[8, 2]","[4, 8]",0,0,0,1,0,0,0,0,0,9,27
2024411503351,2024,411503351,521748,211981,-0.23607,51.79324,3,3,3,07:48,-1,E07000241,4,0,8,1,2,"[5, 19]","[1, 8]",3,0,0,0,1,0,0,0,0,0,9,24
2024411503369,2024,411503369,523569,219111,-0.20713,51.85692,3,3,6,06:55,-1,E07000099,6,0,1,0,2,19,8,4,11,1,1,1,0,0,0,0,0,9,20
2024411503387,2024,411503387,504724,207531,-0.48415,51.75669,3,3,6,15:19,-1,E07000096,6,0,1,0,1,19,"[1, 5]","[5, 2]",0,0,0,1,0,0,0,0,0,10,4
2024411503411,2024,411503411,512596,215272,-0.36764,51.82473,3,3,3,09:45,-1,E07000240,3,0,1,1,1,"[3, 99]",4,8,"[0, 99]",0,0,1,0,0,0,0,0,10,8
2024411503445,2024,411503445,527671,220756,-0.147,51.87078,3,3,7,14:05,-1,E07000242,3,0,8,0,2,"[4, 19]",8,3,0,0,0,1,0,1,0,0,0,10,5
2024411503454,2024,411503454,503686,205629,-0.49975,51.73978,3,3,5,08:57,-1,E07000096,4,0,1,0,1,19,6,2,0,0,0,1,0,0,0,0,0,10,3
2024411503476,2024,411503476,510184,197859,-0.40813,51.66871,3,3,4,08:30,-1,E07000103,6,0,2,1,1,"[10, 7]","[3, 1]","[3, 5]",0,0,0,1,0,0,0,0,0,10,2
2024411503517,2024,411503517,537333,200482,-0.01476,51.68631,2,2,6,06:02,-1,E07000095,3,2,1,0,1,"[13, 19]","[7, 3]","[3, 7]",0,0,0,1,0,1,0,0,0,10,4
2024411503781,2024,411503781,520867,232525,-0.24164,51.97805,3,3,6,13:19,-1,E07000099,6,0,1,0,1,"[19, 2]","[2, 0]","[6, 0]",0,0,0,1,0,0,0,0,0,8,23
2024411503894,2024,411503894,525704,219709,-0.17593,51.86181,3,3,1,17:50,-1,E07000099,6,0,1,0,2,"[9, 7]","[4, 8]","[8, 4]",0,0,0,1,0,1,0,0,0,10,13
2024411503937,2024,411503937,525123,225818,-0.18215,51.91684,2,2,1,21:49,-1,E07000243,6,2,2,1,1,9,3,7,0,0,0,1,0,0,0,0,1,9,15
2024411503966,2024,411503966,516549,209830,-0.31214,51.77502,2,2,5,14:50,-1,E07000240,4,0,1,0,2,19,2,6,0,0,0,1,1,0,0,0,0,9,19
2024411504309,2024,411504309,517047,201979,-0.30756,51.70435,2,2,1,14:45,-1,E07000240,4,0,1,0,2,"[10, 19]",6,2,0,0,0,1,0,0,0,0,0,10,13
2024411504313,2024,411504313,492355,211446,-0.66226,51.79405,3,3,7,17:57,-1,E07000096,6,2,1,0,1,"[2, 19]","[0, 2]","[0, 6]",0,0,0,1,0,0,0,0,1,10,5
2024411504350,2024,411504350,548325,215107,0.15037,51.81492,3,3,4,18:12,-1,E07000242,6,0,1,0,1,19,6,2,0,0,0,1,0,0,0,0,1,10,9
2024411504370,2024,411504370,526257,201615,-0.17448,51.69909,3,3,7,08:30,-1,E07000098,3,0,1,0,1,"[5, 7]","[1, 8]","[5, 2]",0,0,0,1,0,0,1,0,0,10,12
2024411504401,2024,411504401,536439,208006,-0.02474,51.75413,3,3,5,12:30,-1,E07000095,6,0,1,1,2,9,7,3,0,0,0,0,0,1,0,0,0,10,10
2024411504412,2024,411504412,519900,230101,-0.25656,51.95648,3,3,4,08:30,-1,E07000099,6,0,2,1,1,"[9, 3]","[5, 7]",3,"[0, 11]",0,0,1,0,0,0,0,0,10,9
2024411504453,2024,411504453,524125,223836,-0.19737,51.89925,2,"[2, 3]",7,11:36,-1,E07000243,6,0,2,1,1,5,3,7,"[9, 11]","[0, 1]","[0, 1]",1,0,0,0,0,0,10,12
2024411504511,2024,411504511,535243,201037,-0.04476,51.6918,3,3,2,10:00,-1,E07000095,3,0,1,0,2,"[5, 4]",1,5,0,0,0,1,0,0,0,0,0,10,7
2024411504554,2024,411504554,536826,228311,-0.01111,51.93649,2,2,6,06:45,-1,E07000242,3,0,1,0,2,5,1,"[7, 5]",0,0,0,1,0,1,0,0,0,8,16
2024411504566,2024,411504566,508339,202150,-0.43347,51.70764,3,3,6,22:22,-1,E07000102,1,2,1,0,2,"[13, 19]",3,7,0,0,0,1,0,0,0,0,0,10,4
2024411504854,2024,411504854,516579,202769,-0.31407,51.71155,2,"[2, 3]",5,14:11,-1,E07000240,1,0,1,0,2,"[19, 4]",7,3,0,0,0,1,0,0,0,0,0,4,4
2024411504895,2024,411504895,522846,203212,-0.22325,51.7142,1,"[1, 2]",1,07:40,-1,E07000241,2,0,5,1,2,19,1,1,0,1,0,1,0,0,0,0,0,9,22
2024411504993,2024,411504993,536571,210914,-0.02168,51.78023,3,3,5,08:13,-1,E07000242,3,0,1,0,2,12,1,4,0,"[0, 1]","[0, 6]",1,0,0,0,0,0,10,3
2024411505053,2024,411505053,509784,193716,-0.41521,51.63155,3,3,3,06:35,-1,E07000102,3,2,1,0,1,"[7, 19]",-1,-1,0,0,0,1,1,0,0,0,0,10,15
2024411505433,2024,411505433,513239,202791,-0.36238,51.71243,3,3,2,09:19,-1,E07000240,1,0,2,1,2,-1,-1,-1,-1,-1,0,1,0,0,1,0,0,10,14
2024411505510,2024,411505510,524414,225651,-0.19251,51.9155,2,2,7,13:15,-1,E07000243,6,0,2,1,1,"[19, 9]","[1, 5]","[5, 3]",0,0,0,1,0,1,0,0,0,10,12
2024411506479,2024,411506479,508255,195865,-0.43663,51.65116,2,2,1,06:35,-1,E07000102,6,0,1,0,1,"[2, 19]","[0, 5]","[0, 2]","[0, 4]","[0, 1]",0,1,0,0,0,0,0,9,1
2024411506482,2024,411506482,505758,194675,-0.47307,51.64094,3,3,7,10:15,-1,E07000102,3,0,1,0,1,-1,-1,-1,-1,-1,0,1,0,0,0,0,0,10,12
2024411506561,2024,411506561,549024,220885,0.16299,51.86664,3,3,3,08:10,-1,E07000242,6,0,1,0,1,19,1,5,0,0,0,1,0,0,0,0,1,10,15
2024411506846,2024,411506846,517540,231999,-0.29024,51.97404,3,3,4,09:48,-1,E07000099,3,0,1,1,2,19,"[1, 5]","[5, 1]",0,0,0,1,0,0,0,0,0,10,2
2024411506872,2024,411506872,504252,196490,-0.49429,51.65754,3,3,3,08:57,-1,E07000102,1,0,1,0,1,"[11, 19]",5,1,0,0,0,1,0,0,1,0,0,8,13
2024411506916,2024,411506916,536006,200803,-0.03382,51.68952,3,3,7,23:00,-1,E07000095,3,2,1,0,1,"[12, 19]",-1,-1,0,3,0,1,0,0,0,0,0,10,19
2024411506998,2024,411506998,538297,222575,0.00798,51.88459,2,"[2, 3]",4,14:16,-1,E07000242,3,0,2,1,2,"[19, 5]","[7, 1]","[3, 5]",0,0,0,1,0,0,0,0,0,10,9
2024411507023,2024,411507023,521158,212268,-0.24452,51.79595,3,3,2,23:03,-1,E07000241,4,2,1,0,2,-1,-1,-1,-1,-1,0,1,0,0,0,0,0,10,21
2024411507117,2024,411507117,520348,197456,-0.26137,51.66301,3,3,5,07:55,-1,E07000098,6,0,1,0,1,"[19, 9]","[5, 3]","[8, 1]",0,0,0,1,0,1,0,0,0,10,17
2024411507445,2024,411507445,509950,198019,-0.41147,51.6702,3,3,7,12:58,-1,E07000103,6,0,1,0,1,9,4,1,0,0,0,1,0,0,0,0,1,10,12
2024411507498,2024,411507498,517947,229837,-0.28506,51.95452,3,3,6,20:57,-1,E07000099,3,2,1,1,1,19,1,5,0,0,0,1,0,0,0,0,1,9,27
2024411507828,2024,411507828,533330,240321,-0.05726,52.04526,3,3,2,05:08,-1,E07000099,3,2,1,1,2,11,7,3,0,1,0,1,0,0,0,0,0,10,21
2024411507839,2024,411507839,523464,215929,-0.20979,51.82834,3,3,4,15:17,-1,E07000241,2,0,2,1,2,"[5, 4]",5,1,0,0,0,1,0,0,1,0,0,9,11
2024411507914,2024,411507914,508880,207557,-0.42396,51.75613,3,3,1,12:56,-1,E07000096,3,0,1,1,2,"[7, 19]",5,"[6, 1]",0,0,0,1,0,0,0,0,0,10,20
2024411507932,2024,411507932,510455,199471,-0.40371,51.68315,2,2,3,07:35,-1,E07000103,3,0,2,1,1,"[19, 6]",7,3,0,0,0,1,0,1,0,0,0,10,1
2024411507936,2024,411507936,536272,200379,-0.03014,51.68564,2,2,5,16:15,-1,E07000095,6,0,1,0,1,14,3,7,0,0,0,1,0,0,0,0,1,10,10
2024411507991,2024,411507991,536168,200184,-0.03171,51.68391,3,3,7,08:30,-1,E07000095,6,0,1,0,1,"[1, 3]","[4, 6]","[8, 2]",0,0,0,1,0,1,0,0,0,10,12
2024411508016,2024,411508016,506056,206261,-0.46525,51.74502,3,3,5,17:00,-1,E07000096,6,0,1,0,1,1,2,6,0,0,0,1,0,0,0,0,1,10,17
2024411508036,2024,411508036,513203,197113,-0.36474,51.66141,3,3,3,08:52,-1,E07000098,6,0,1,0,2,"[7, 9]","[2, 6]","[7, 2]",0,0,0,1,1,0,0,0,0,8,13
2024411508097,2024,411508097,521930,209243,-0.23439,51.76859,3,3,1,19:15,-1,E07000241,3,2,1,0,1,"[3, 19]",6,2,0,0,0,1,0,0,0,0,0,10,20
2024411508110,2024,411508110,522488,224066,-0.22106,51.90168,3,3,7,11:48,-1,E07000243,2,0,2,1,2,4,8,4,0,0,0,1,0,0,0,0,0,10,19
2024411508149,2024,411508149,518668,229072,-0.27484,51.9475,3,3,5,07:25,-1,E07000099,6,0,1,0,1,"[19, 5]",3,7,0,0,0,1,0,0,1,0,0,10,3
2024411508494,2024,411508494,521350,232109,-0.23476,51.97421,3,3,2,14:55,-1,E07000099,6,0,1,0,1,"[19, 14]","[1, 5]","[5, 1]","[11, 0]",0,0,1,0,0,0,0,0,10,14
2024411508516,2024,411508516,537333,209142,-0.01134,51.76412,3,3,3,08:18,-1,E07000095,3,0,1,-1,1,-1,-1,-1,-1,-1,0,1,0,0,0,0,0,10,22
2024411508773,2024,411508773,520120,227672,-0.25421,51.9346,3,3,6,17:17,-1,E07000099,6,0,1,0,2,19,"[3, 7]","[7, 3]",0,0,0,1,0,0,0,0,0,10,4
2024411509432,2024,411509432,532595,239934,-0.06812,52.04195,3,3,5,09:33,-1,E07000099,3,0,1,0,2,19,6,2,0,"[0, 4]","[0, 6]",1,0,0,0,0,0,9,12
2024411509446,2024,411509446,535790,202687,-0.03621,51.7065,2,2,5,10:20,-1,E07000095,4,0,1,-1,1,-1,-1,-1,-1,-1,0,1,0,0,0,0,0,10,24
2024411509449,2024,411509449,536579,241409,-0.00948,52.05424,3,3,4,15:15,-1,E07000099,6,0,1,0,1,5,4,6,0,0,0,1,0,0,0,0,1,9,18
2024411509508,2024,411509508,514123,194558,-0.35228,51.63826,2,2,7,19:50,-1,E07000098,3,0,1,0,1,19,7,3,0,0,0,1,0,0,0,0,1,9,14
2024411509541,2024,411509541,522054,209381,-0.23254,51.76981,3,3,6,15:58,-1,E07000241,3,0,1,0,1,"[3, 19]",2,6,0,0,0,1,0,0,0,0,0,10,18
2024411509793,2024,411509793,495144,210816,-0.622,51.78792,3,3,3,11:34,-1,E07000096,3,0,1,0,2,"[19, 7]","[1, 3]","[5, 7]",0,0,0,1,0,0,0,0,0,9,3
2024411509853,2024,411509853,517892,195866,-0.2974,51.64924,3,3,6,20:37,-1,E07000098,3,2,1,1,1,"[7, 19]","[-1, 5]","[-1, 1]","[-1, 0]","[-1, 0]",0,1,0,0,0,0,0,10,11
2024411509860,2024,411509860,515141,227558,-0.32663,51.93463,3,3,6,12:26,-1,E07000099,6,0,1,1,2,19,2,4,10,1,0,1,0,0,0,0,0,9,13