collision_index,collision_year,collision_ref_no,location_easting_osgr,location_northing_osgr,longitude,latitude,casualty_severity,casualty_severity,day_of_week,time,local_authority_district,local_authority_ons_district,first_road_class,light_conditions,weather_conditions,road_surface_conditions,urban_or_rural_area,vehicle_manoeuvre,vehicle_direction_from,vehicle_direction_to,hit_object_in_carriageway,vehicle_leaving_carriageway,hit_object_off_carriageway,is_car,is_cyle,is_mcyle,is_goodsv,is_other,is_pedestrian,month,day
2024411522605,2024,411522605,513744,194835,-0.35766,51.64083,3,3,7,09:02,-1,E07000098,3,0,1,0,1,19,"[3, 1]","[7, 5]",0,0,0,1,0,1,0,0,0,11,16
2024411522622,2024,411522622,521922,208560,-0.23474,51.76246,3,3,5,21:25,-1,E07000241,6,2,1,1,1,"[5, 19]","[6, 7]","[2, 3]",0,"[7, 0]",0,1,0,0,0,0,0,10,17
2024411522729,2024,411522729,510589,196486,-0.40271,51.65629,3,3,7,11:53,-1,E07000103,3,0,1,1,1,"[19, 5]","[8, 2]","[4, 8]",0,0,0,1,0,0,0,0,0,11,2
2024411523055,2024,411523055,529146,220820,-0.12556,51.87101,2,2,6,21:13,-1,E07000242,6,2,1,0,2,19,"[1, 5]","[5, 1]",0,"[0, 1]",0,1,0,1,0,0,0,9,13
2024411523107,2024,411523107,510780,197376,-0.39967,51.66425,2,2,2,09:27,-1,E07000103,3,0,2,1,1,9,1,7,0,0,0,1,0,0,0,0,1,9,30
2024411523124,2024,411523124,520188,227738,-0.2532,51.93518,3,3,1,22:08,-1,E07000099,3,2,2,1,2,19,4,8,10,7,2,1,0,0,0,0,0,11,3
2024411523136,2024,411523136,523200,225886,-0.21007,51.91788,3,3,1,02:18,-1,E07000243,3,2,1,0,1,7,1,3,0,0,0,1,0,0,0,0,0,6,16
2024411523163,2024,411523163,511403,193276,-0.39197,51.62728,3,3,2,17:05,-1,E07000102,6,2,1,-1,1,"[2, -1]","[0, -1]","[0, -1]",-1,-1,0,1,0,0,0,0,1,11,25
2024411523185,2024,411523185,525550,226698,-0.17562,51.92465,2,2,1,16:43,-1,E07000243,6,2,2,1,1,"[2, 19, 7]","[0, 6, 3]","[0, 1, 5]","[0, 4]",0,0,1,0,0,0,0,1,11,17
2024411523219,2024,411523219,523366,225099,-0.20794,51.91077,3,3,1,18:11,-1,E07000243,6,2,2,1,1,19,4,8,0,0,0,1,0,0,0,0,1,10,6
2024411524176,2024,411524176,504767,209501,-0.48294,51.77439,3,3,2,07:41,-1,E07000096,4,0,1,0,2,"[19, 9]","[1, 5]","[5, 1]",0,0,0,1,0,0,0,0,0,10,28
2024411524226,2024,411524226,512409,215505,-0.37028,51.82686,3,3,5,19:13,-1,E07000240,3,2,1,1,2,"[19, 9]",2,6,0,0,0,1,0,1,0,0,0,11,21
2024411524244,2024,411524244,536360,200378,-0.02886,51.68561,3,3,7,19:20,-1,E07000095,3,2,2,1,1,19,-1,-1,0,0,0,1,0,1,0,0,0,11,23
2024411524263,2024,411524263,549258,220297,0.16613,51.8613,3,3,5,14:38,-1,E07000242,4,0,1,0,1,"[14, 9]",1,"[5, 7]",0,0,0,1,0,1,0,0,0,11,7
2024411524449,2024,411524449,521435,205180,-0.24298,51.73219,2,"[3, 2]",2,08:55,-1,E07000241,6,0,1,1,2,19,"[8, 4]","[4, 8]",0,"[0, 1]","[0, 1]",1,0,0,0,0,0,11,18
2024411524644,2024,411524644,514295,205124,-0.34634,51.73319,3,3,4,17:55,-1,E07000240,3,2,2,1,2,19,7,3,0,0,0,1,0,0,0,0,0,11,6
2024411524655,2024,411524655,521862,198483,-0.23913,51.67191,3,3,1,03:04,-1,E07000098,3,2,1,0,2,19,5,1,11,2,0,1,0,0,0,0,0,11,10
2024411524702,2024,411524702,522659,200242,-0.227,51.68755,3,3,6,18:34,-1,E07000098,3,2,1,1,2,"[19, 11]","[1, 8]","[5, 4]","[10, 0]","[2, 0]","[7, 0]",1,0,0,0,0,0,11,22
2024411524733,2024,411524733,524043,199400,-0.20729,51.67967,3,3,7,15:30,-1,E07000098,6,2,1,-1,2,-1,-1,-1,-1,-1,0,1,0,1,0,0,0,11,30
2024411524814,2024,411524814,536475,202313,-0.02644,51.70297,3,3,5,17:00,-1,E07000095,6,2,1,2,1,-1,-1,-1,-1,-1,0,1,0,0,0,0,1,11,28
2024411524863,2024,411524863,535549,231562,-0.02839,51.96602,2,"[3, 2]",5,17:24,-1,E07000242,3,2,1,0,2,"[9, 19]","[3, 1]","[1, 5]",0,0,0,1,0,1,0,0,0,11,14
2024411524880,2024,411524880,507725,207049,-0.44084,51.75179,1,"[1, 3]",6,23:11,-1,E07000096,3,2,1,0,1,19,2,6,0,0,0,1,0,0,0,0,1,11,29
2024411524882,2024,411524882,524247,205779,-0.20206,51.73696,2,"[2, 3]",4,19:35,-1,E07000241,3,2,1,1,2,19,"[3, 7]","[7, 3]",0,0,0,1,0,1,0,0,0,11,20
2024411524911,2024,411524911,522721,232217,-0.21477,51.97488,3,3,2,19:30,-1,E07000099,3,2,1,-1,1,-1,-1,-1,-1,-1,0,1,0,0,0,0,1,11,18
2024411524952,2024,411524952,523371,212118,-0.2125,51.79412,3,3,5,06:50,-1,E07000241,6,2,1,-1,1,-1,-1,-1,-1,-1,0,1,1,0,0,0,0,11,21
2024411524960,2024,411524960,509788,199624,-0.4133,51.68465,3,3,5,07:45,-1,E07000103,3,0,1,0,1,-1,-1,-1,-1,-1,0,1,0,0,0,0,0,11,21
2024411525251,2024,411525251,520431,233336,-0.2477,51.98544,3,3,2,10:18,-1,E07000099,6,2,1,1,2,"[19, 15]",5,1,0,0,0,1,0,0,0,0,0,11,11
2024411525281,2024,411525281,516733,214538,-0.30789,51.81729,3,3,5,13:26,-1,E07000240,4,0,1,0,2,19,7,3,0,1,2,1,0,0,0,0,0,10,31
2024411525303,2024,411525303,522775,199976,-0.22541,51.68513,3,3,2,12:04,-1,E07000098,1,0,1,0,2,"[4, 19]",3,7,0,0,0,1,0,0,0,0,0,11,4
2024411525483,2024,411525483,519394,198693,-0.27473,51.67433,2,2,3,15:00,-1,E07000098,6,0,1,1,1,19,5,1,0,7,11,0,0,0,0,0,0,11,19
2024411525495,2024,411525495,526071,227099,-0.16791,51.92814,2,2,1,01:04,-1,E07000099,6,2,2,1,1,"[19, 2]","[3, 0]","[7, 0]","[4, 0]",0,0,1,0,0,0,0,0,11,24
2024411525537,2024,411525537,535237,201043,-0.04484,51.69186,3,3,6,13:56,-1,E07000095,3,0,1,-1,2,-1,-1,-1,-1,-1,0,1,0,0,0,0,0,11,29
2024411525590,2024,411525590,536325,242117,-0.0129,52.06067,3,3,6,15:17,-1,E07000099,3,0,1,2,2,-1,-1,-1,-1,-1,0,1,0,0,0,0,0,11,22
2024411525839,2024,411525839,521794,210907,-0.23578,51.78358,3,3,1,20:03,-1,E07000241,6,2,2,1,2,"[4, 19]",7,3,0,0,0,1,0,0,0,0,0,11,24
2024411525917,2024,411525917,522563,200236,-0.22839,51.68751,3,3,2,14:20,-1,E07000098,2,0,1,0,2,"[3, 19, 4]",1,6,0,0,0,1,0,0,1,0,0,11,18
2024411525970,2024,411525970,523248,230600,-0.20769,51.96023,2,2,2,06:16,-1,E07000099,2,2,1,1,2,19,5,1,0,"[1, 0]",0,1,0,0,0,0,0,12,2
2024411525987,2024,411525987,511974,201932,-0.38096,51.70496,3,3,2,18:36,-1,E07000102,1,2,1,0,1,19,"[1, 3]","[3, 6]",0,0,0,1,0,0,0,0,0,11,11
2024411526047,2024,411526047,525251,213787,-0.18465,51.8087,3,3,4,16:00,-1,E07000241,4,0,1,0,2,"[3, 19]",2,4,0,0,0,1,0,0,0,0,0,10,9
2024411526090,2024,411526090,542486,226618,0.07047,51.91986,3,3,5,08:30,-1,E07000242,6,0,1,0,2,19,"[5, 3]","[3, 5]",0,0,0,1,0,0,0,0,0,11,14
2024411526098,2024,411526098,539850,229299,0.03325,51.94462,3,3,6,23:45,-1,E07000242,6,2,1,0,2,19,3,5,0,1,0,1,0,0,0,0,0,11,1
2024411526109,2024,411526109,509654,195338,-0.41658,51.64616,3,3,1,13:55,-1,E07000103,3,0,2,1,1,"[10, 3]","[2, 8]","[8, 2]",0,0,0,1,0,0,0,0,0,11,24
2024411526179,2024,411526179,504372,193820,-0.49335,51.63352,3,3,2,09:09,-1,E07000102,3,0,2,1,1,1,3,7,0,0,0,1,0,0,0,0,1,9,30
2024411526205,2024,411526205,518756,229779,-0.27331,51.95383,3,3,2,15:19,-1,E07000099,3,0,2,1,1,"[13, 19]",3,7,0,0,0,1,1,0,0,0,0,11,25
2024411526446,2024,411526446,510012,196265,-0.41112,51.65442,3,3,6,15:29,-1,E07000103,6,0,1,0,1,19,2,6,0,0,0,1,0,0,0,0,1,9,20
2024411526454,2024,411526454,522815,204358,-0.22329,51.7245,3,3,3,16:45,-1,E07000241,6,2,1,0,2,"[19, 2]","[5, 0]","[1, 0]",0,0,0,1,0,0,0,0,0,11,26
2024411526477,2024,411526477,523973,223816,-0.19958,51.89911,3,3,7,02:06,-1,E07000243,3,2,1,0,1,19,1,5,0,0,0,1,1,0,0,0,0,11,16
2024411526489,2024,411526489,518952,230224,-0.27031,51.95779,3,3,2,17:05,-1,E07000099,6,2,1,0,1,9,5,7,0,0,0,1,0,0,0,0,1,11,25
2024411526514,2024,411526514,530764,218981,-0.10277,51.85411,3,3,5,18:45,-1,E07000242,3,0,1,0,2,"[9, 19]","[3, 1]","[1, 5]",0,0,0,1,1,0,0,0,0,8,29
2024411526554,2024,411526554,509585,211877,-0.41238,51.79482,3,3,3,18:58,-1,E07000096,1,2,1,0,2,"[19, 9]",5,1,0,0,0,1,0,0,1,0,0,11,12
2024411526611,2024,411526611,525671,223070,-0.17519,51.89202,2,2,3,17:33,-1,E07000243,6,2,1,1,1,9,3,5,0,0,0,1,0,0,0,0,1,11,26
2024411526650,2024,411526650,522210,209341,-0.2303,51.76941,3,3,5,17:15,-1,E07000241,6,2,2,1,1,-1,-1,-1,-1,-1,0,1,1,0,0,0,0,12,5
2024411526654,2024,411526654,523020,224105,-0.21332,51.90192,3,3,6,06:57,-1,E07000243,6,0,1,0,1,-1,-1,-1,-1,-1,0,1,0,0,0,0,0,11,8
2024411526986,2024,411526986,524361,219221,-0.1956,51.85773,3,3,5,11:37,-1,E07000241,6,0,1,0,2,-1,-1,-1,-1,-1,0,1,1,0,0,0,0,11,21
2024411527568,2024,411527568,536279,204562,-0.0284,51.72323,3,3,5,13:30,-1,E07000095,3,0,1,1,1,"[19, 9]","[5, 1]","[1, 7]",0,0,0,1,0,0,0,0,0,11,28
2024411527631,2024,411527631,508207,209770,-0.43301,51.77615,3,3,6,07:38,-1,E07000096,4,0,1,0,2,-1,-1,-1,-1,-1,0,1,0,0,0,0,0,12,6
2024411527730,2024,411527730,520380,196790,-0.26114,51.65701,3,3,5,09:20,-1,E07000098,6,0,1,1,1,"[19, -1]","[1, 5]","[5, 1]","[0, -1]","[0, -1]",0,1,0,1,0,0,0,11,28
2024411527740,2024,411527740,520950,218737,-0.24527,51.85413,3,3,6,16:10,-1,E07000099,6,0,1,0,2,"[9, 3]","[6, 3]","[2, 7]",0,0,0,1,0,0,0,0,0,11,15
2024411527794,2024,411527794,510370,196274,-0.40595,51.65443,3,3,6,15:01,-1,E07000103,6,0,1,1,1,19,-1,-1,0,0,0,1,0,0,0,0,1,11,22
2024411528056,2024,411528056,525994,225145,-0.16974,51.9106,3,3,3,15:40,-1,E07000243,6,0,1,0,1,19,2,6,0,0,0,1,0,0,0,0,1,11,5
2024411528166,2024,411528166,533462,240326,-0.05534,52.04527,2,2,5,15:17,-1,E07000099,6,0,1,0,2,"[4, 19]",3,6,0,0,0,1,0,0,0,0,0,10,31
2024411528508,2024,411528508,523034,225866,-0.21249,51.91774,3,3,3,08:06,-1,E07000243,3,0,1,0,1,"[19, 3]",7,3,0,0,0,1,0,0,0,0,0,11,12
2024411528638,2024,411528638,516245,208035,-0.31714,51.75895,3,3,4,17:10,-1,E07000240,6,2,1,0,1,19,-1,-1,0,0,0,1,0,0,0,0,0,12,4
2024411528660,2024,411528660,509306,192450,-0.42251,51.62027,3,3,4,13:30,-1,E07000102,6,0,1,0,1,"[19, 9]","[7, 1]","[3, 7]",0,0,0,1,0,0,0,0,0,11,27
2024411528702,2024,411528702,548018,222992,0.14929,51.88584,3,3,2,15:55,-1,E07000242,3,0,1,0,2,4,3,7,"[1, 0]",0,0,1,0,0,0,0,0,11,11
2024411529008,2024,411529008,517180,206545,-0.3041,51.74536,3,3,2,13:22,-1,E07000240,6,0,1,0,1,19,"[5, 1]","[1, 5]",0,0,0,1,0,0,0,0,0,12,2
2024411529165,2024,411529165,516583,206337,-0.31281,51.74362,3,3,4,13:30,-1,E07000240,6,0,1,-1,1,"[1, 19]",-1,-1,0,0,0,1,0,0,0,0,0,12,11
2024411529193,2024,411529193,502277,192679,-0.52394,51.62365,2,2,3,13:27,-1,E07000102,1,0,1,0,2,-1,-1,-1,-1,-1,0,1,0,0,0,0,0,12,3
2024411529194,2024,411529194,514462,205083,-0.34393,51.73278,3,3,1,13:45,-1,E07000240,3,0,2,-1,2,-1,-1,-1,-1,-1,0,1,0,0,0,0,0,12,8
2024411529293,2024,411529293,509609,209708,-0.41272,51.77532,3,3,2,13:30,-1,E07000240,1,0,2,1,2,-1,-1,-1,-1,-1,0,1,0,0,1,0,0,12,2
2024411529296,2024,411529296,533888,213068,-0.05972,51.80024,2,2,2,16:30,-1,E07000242,3,2,2,1,1,"[19, 9]","[4, 7]","[1, 3]",0,0,0,1,1,0,0,0,0,12,2
2024411529508,2024,411529508,536103,204167,-0.0311,51.71972,3,3,5,17:30,-1,E07000095,4,0,1,0,1,"[5, 3]",3,7,0,0,0,1,0,1,0,0,0,5,16
2024411529598,2024,411529598,514058,206078,-0.34945,51.74181,3,3,6,19:32,-1,E07000240,4,2,1,-1,1,-1,-1,-1,-1,-1,0,1,0,1,0,0,0,12,6
2024411530560,2024,411530560,512189,198719,-0.37888,51.67604,3,3,6,17:50,-1,E07000103,6,2,1,0,1,"[9, 19]",6,"[4, 2]",0,0,0,1,0,0,0,0,0,7,12
2024411530593,2024,411530593,523252,215325,-0.21308,51.82296,2,"[2, 3]",5,19:15,-1,E07000241,2,2,2,1,1,19,1,5,0,0,0,1,0,0,0,0,0,12,5
2024411530642,2024,411530642,526251,225639,-0.16582,51.91498,2,2,6,09:00,-1,E07000243,4,0,1,1,1,19,7,3,0,0,0,1,0,0,0,0,1,11,29
2024411530684,2024,411530684,511774,195958,-0.38576,51.65131,3,3,6,16:20,-1,E07000103,3,2,2,-1,1,-1,-1,-1,-1,-1,0,1,0,0,0,0,0,12,6
2024411530706,2024,411530706,532107,212553,-0.08573,51.79603,3,3,2,16:08,-1,E07000242,3,2,1,0,1,-1,-1,-1,-1,-1,0,1,0,0,0,0,0,12,9
2024411530711,2024,411530711,523850,222623,-0.2018,51.88841,3,3,2,20:00,-1,E07000243,3,2,1,-1,2,-1,-1,-1,-1,-1,0,1,0,0,0,0,0,12,9
2024411530782,2024,411530782,519317,197458,-0.27627,51.66324,2,2,4,19:37,-1,E07000098,6,2,2,1,1,"[19, 2, -1]","[8, 0, 4, -1]","[4, 0, 8, -1]","[0, -1]","[0, -1]",0,1,0,0,0,0,0,12,4
2024411531070,2024,411531070,509926,206773,-0.40905,51.74888,3,3,7,02:50,-1,E07000240,1,2,1,0,2,"[19, 3]",1,5,0,0,0,1,0,0,0,0,0,9,21
2024411531087,2024,411531087,520575,202301,-0.25642,51.7065,3,3,4,17:22,-1,E07000098,4,2,1,1,2,"[19, 4]",4,8,0,0,0,1,0,1,0,0,0,11,27
2024411531125,2024,411531125,535266,200937,-0.04446,51.6909,3,3,1,12:17,-1,E07000095,3,0,2,1,2,-1,-1,-1,-1,-1,0,1,0,0,0,0,0,12,8
2024411531142,2024,411531142,513409,204241,-0.35945,51.72543,3,3,3,08:35,-1,E07000240,4,0,8,1,1,7,3,5,0,0,0,1,0,0,0,0,1,10,15
2024411531174,2024,411531174,508919,208059,-0.42323,51.76063,3,3,3,17:22,-1,E07000096,6,2,1,0,1,19,"[5, 1]","[1, 5]",0,0,0,1,0,0,0,0,0,12,3
2024411531200,2024,411531200,525459,226311,-0.17709,51.9212,2,2,1,04:00,-1,E07000243,3,2,5,1,1,19,7,3,0,0,0,1,0,0,0,0,0,11,24
2024411531249,2024,411531249,505799,205916,-0.46907,51.74197,3,3,3,17:40,-1,E07000096,6,2,1,1,1,-1,-1,-1,-1,-1,0,1,1,0,0,0,0,12,3
2024411531252,2024,411531252,509755,195867,-0.41496,51.65089,3,3,2,09:30,-1,E07000103,6,0,1,1,1,19,"[5, 3, 1]","[1, 7, 5]",0,0,0,1,0,1,0,0,0,11,18
2024411531292,2024,411531292,506283,204922,-0.46237,51.73294,2,2,2,18:30,-1,E07000096,3,2,1,1,1,19,"[0, 4]","[0, 8]","[0, 99]",0,0,1,0,0,0,0,1,12,2
2024411531324,2024,411531324,517043,206586,-0.30607,51.74576,3,3,5,15:35,-1,E07000240,6,0,2,1,1,9,1,7,0,0,0,1,0,0,0,0,1,12,5
2024411531362,2024,411531362,508059,208482,-0.43556,51.7646,2,2,4,06:10,-1,E07000096,6,2,1,1,1,"[9, 7]",-1,-1,-1,-1,0,0,1,0,0,0,0,11,27
2024411531538,2024,411531538,533728,203830,-0.06559,51.71726,3,3,6,09:58,-1,E07000095,6,0,1,1,1,4,2,6,0,0,0,1,1,0,0,0,0,11,29
2024411531590,2024,411531590,523759,209650,-0.20775,51.77185,3,3,5,17:57,-1,E07000241,3,2,1,0,2,"[19, -1]","[2, -1]","[5, -1]","[0, -1]","[0, -1]",0,1,0,0,0,0,0,11,28
2024411531634,2024,411531634,527392,207454,-0.15593,51.7513,2,"[3, 2]",7,03:29,-1,E07000241,4,2,2,1,2,19,1,4,0,7,4,1,0,0,0,0,0,11,2
2024411531685,2024,411531685,548781,221611,0.15978,51.87323,2,2,5,22:30,-1,E07000242,3,2,1,0,1,19,5,3,0,0,0,1,0,0,0,0,1,11,28
2024411531722,2024,411531722,523767,223545,-0.20267,51.89672,3,3,5,19:00,-1,E07000243,4,2,1,2,1,"[5, 10]","[5, 2]","[1, 7]",0,0,0,1,0,0,0,0,0,11,21
2024411531738,2024,411531738,517974,208746,-0.29186,51.76497,3,3,2,21:21,-1,E07000240,6,2,2,1,1,19,"[1, 5]","[5, 1]",0,"[2, 0]",0,1,0,0,0,0,0,10,28
2024411531800,2024,411531800,516813,195114,-0.31324,51.6427,2,"[3, 2]",3,19:54,-1,E07000098,3,2,8,1,2,19,1,5,0,0,0,1,0,0,1,0,0,12,3
2024411532083,2024,411532083,524105,236633,-0.19304,52.01426,2,2,4,01:15,-1,E07000099,6,2,1,2,2,19,6,2,0,7,0,1,0,0,0,0,0,11,20
2024411532087,2024,411532087,521217,232332,-0.23662,51.97624,3,3,5,15:00,-1,E07000099,6,0,1,-1,1,-1,-1,-1,-1,-1,0,1,0,0,0,0,1,11,28
2024411532183,2024,411532183,520067,195488,-0.26611,51.64538,3,3,6,15:35,-1,E07000098,3,0,1,0,2,"[13, 19]","[3, 7]","[7, 3]",0,"[7, 0]",0,1,0,0,0,0,0,11,15
2024411532243,2024,411532243,536592,211362,-0.0212,51.78425,3,3,6,22:22,-1,E07000242,3,2,1,0,2,"[7, 3]",3,5,0,0,0,1,0,0,0,0,0,7,12
2024411532262,2024,411532262,536425,204102,-0.02647,51.71906,3,3,1,09:37,-1,E07000095,4,0,2,1,1,"[7, 19]","[3, 2]","[7, 5]",0,0,0,1,1,0,0,0,0,12,8
2024411532277,2024,411532277,512599,198614,-0.37298,51.67502,3,3,4,08:20,-1,E07000098,1,0,1,1,2,"[19, 3]",5,1,0,"[0, 1]","[0, 10]",1,0,0,0,0,0,11,20
2024411532299,2024,411532299,511598,197159,-0.38792,51.66214,3,3,7,22:30,-1,E07000103,6,2,1,0,1,19,"[1, 5]","[5, 1]",0,0,0,1,0,0,0,0,0,11,23
2024411532346,2024,411532346,529819,238260,-0.10921,52.02757,3,3,1,22:03,-1,E07000099,6,2,1,0,2,"[19, 5]","[6, 8]","[2, 4]",0,0,0,1,0,0,0,0,0,10,6
2024411532855,2024,411532855,517443,212295,-0.29835,51.79698,3,3,3,08:58,-1,E07000240,4,0,2,1,2,"[4, 5]","[5, 7]","[1, 3]",0,"[1, 0]",0,1,0,0,0,0,0,12,10
2024411532905,2024,411532905,535899,202579,-0.03467,51.7055,3,3,2,18:06,-1,E07000095,6,2,1,1,1,"[9, 19]","[8, 4]","[6, 8]",0,0,0,1,1,0,0,0,0,11,25
2024411533857,2024,411533857,518952,196804,-0.28177,51.65744,3,3,2,11:18,-1,E07000098,6,0,1,0,1,7,2,4,0,0,0,1,0,0,0,0,1,12,2
2024411533914,2024,411533914,535990,214002,-0.02889,51.80812,3,3,6,20:20,-1,E07000242,6,2,2,-1,1,"[2, -1]","[0, -1]","[0, -1]",-1,-1,0,1,0,0,0,0,0,12,13
2024411533921,2024,411533921,534873,202994,-0.04935,51.70948,3,3,1,11:25,-1,E07000095,4,0,1,0,1,-1,-1,-1,-1,-1,0,1,0,1,0,0,0,12,15
2024411533928,2024,411533928,515114,206899,-0.3339,51.74897,3,3,4,14:00,-1,E07000240,3,0,1,0,1,"[9, 19]","[4, 2]","[2, 4]",0,0,0,1,0,1,0,0,0,12,4
2024411533948,2024,411533948,521349,208375,-0.24311,51.76092,3,3,7,10:30,-1,E07000241,3,0,1,0,1,-1,-1,-1,-1,-1,0,1,1,0,0,0,0,12,14
2024411533950,2024,411533950,516271,199311,-0.31967,51.68054,3,3,6,12:42,-1,E07000098,6,0,2,-1,2,-1,-1,-1,-1,-1,0,1,0,0,0,0,0,12,13
2024411533955,2024,411533955,511429,203200,-0.38843,51.71647,3,3,4,17:52,-1,E07000240,1,2,2,1,2,"[19, 3]",7,1,0,0,0,1,0,0,0,0,0,12,18
2024411533979,2024,411533979,528309,223360,-0.13677,51.89403,3,3,1,12:06,-1,E07000242,6,0,1,1,2,"[19, 9]","[7, 1]","[3, 7]",0,0,0,1,0,0,0,0,0,12,1
2024411533989,2024,411533989,513752,215260,-0.35088,51.82439,3,3,5,16:26,-1,E07000240,6,2,1,0,1,5,1,5,0,0,0,1,0,0,0,0,1,12,12
2024411534034,2024,411534034,519996,206093,-0.26349,51.7407,3,3,3,08:30,-1,E07000240,6,0,2,1,2,"[14, 9]",4,"[8, 2]",0,0,0,1,0,1,0,0,0,10,8
2024411534285,2024,411534285,515469,194102,-0.33299,51.63389,3,3,2,19:05,-1,E07000098,3,0,1,0,1,7,5,1,0,0,0,1,0,0,0,0,1,12,9
2024411534289,2024,411534289,508496,201032,-0.43155,51.69756,3,3,6,13:52,-1,E07000102,6,0,1,0,1,19,"[5, 1]","[1, 5]",0,0,0,1,0,0,0,0,0,7,26
2024411534316,2024,411534316,531173,210897,-0.09989,51.78137,3,3,2,19:23,-1,E07000242,4,0,1,0,2,"[13, 19]","[7, 3]","[3, 7]",0,0,0,1,0,0,0,0,0,9,9
2024411534332,2024,411534332,519932,197825,-0.26726,51.66641,3,3,5,08:38,-1,E07000098,6,0,1,0,1,4,1,1,0,0,0,1,0,0,0,0,1,9,19
2024411534368,2024,411534368,506412,216423,-0.45698,51.83629,2,2,6,22:05,-1,E07000096,6,2,1,0,2,19,1,3,0,0,0,1,0,0,0,0,1,11,29
2024411534387,2024,411534387,518803,198011,-0.28351,51.66832,3,3,2,08:40,-1,E07000098,6,0,1,0,1,5,3,7,0,0,0,1,0,0,0,0,0,10,21
2024411534392,2024,411534392,507923,195385,-0.44158,51.64691,3,3,3,08:35,-1,E07000102,3,0,1,1,1,"[19, 13, 3]",-1,-1,0,0,0,1,0,1,0,0,0,11,26
2024411534981,2024,411534981,510792,196559,-0.39976,51.65691,2,2,6,20:20,-1,E07000103,3,2,2,1,1,7,-1,-1,0,0,0,1,0,0,0,0,1,12,13
2024411535047,2024,411535047,510355,200391,-0.40486,51.69144,3,3,6,18:00,-1,E07000103,6,2,2,1,1,"[19, -1]",-1,-1,"[0, -1]","[0, -1]",0,1,0,0,0,1,0,12,20
2024411535798,2024,411535798,526268,201588,-0.17433,51.69884,3,3,4,06:42,-1,E07000098,3,2,2,1,1,5,1,5,0,0,0,1,0,0,0,0,1,11,27
2024411535808,2024,411535808,512221,203222,-0.37697,51.71651,3,3,2,16:04,-1,E07000240,1,2,1,0,2,"[-1, 4]","[-1, 7]","[-1, 3]","[-1, 0]","[-1, 0]",0,1,0,0,0,0,0,12,2
2024411535847,2024,411535847,521459,197696,-0.24523,51.66493,3,3,2,18:23,-1,E07000098,3,2,1,0,2,"[19, 4]","[1, 2]","[5, 1]",0,0,0,1,0,0,0,0,0,11,25
2024411535865,2024,411535865,513380,197836,-0.36195,51.66787,3,3,2,08:35,-1,E07000098,1,0,5,1,2,19,5,1,"[10, 0]",0,0,1,0,0,0,0,0,12,9
2024411535878,2024,411535878,517580,229929,-0.29036,51.95543,3,3,5,13:42,-1,E07000099,6,0,1,-1,1,"[9, -1]",-1,-1,-1,-1,0,1,1,0,0,0,0,11,28
2024411535895,2024,411535895,534320,201428,-0.05795,51.69554,3,3,6,14:32,-1,E07000095,4,0,1,1,2,19,4,8,"[0, 7]",0,0,1,0,0,0,0,0,11,29
2024411535962,2024,411535962,536068,241601,-0.01686,52.05609,3,3,2,08:19,-1,E07000099,6,0,1,0,1,19,"[5, 7]","[1, 3]",0,0,0,1,1,0,0,0,0,11,11
2024411536134,2024,411536134,549261,221214,0.16657,51.86954,2,"[3, 2]",5,19:45,-1,E07000242,3,2,2,1,1,19,"[1, 7]",5,0,0,0,1,0,0,0,0,0,12,5
2024411536138,2024,411536138,506032,194457,-0.46918,51.63893,3,3,4,14:32,-1,E07000102,6,0,1,0,1,19,5,1,0,0,0,1,0,0,0,0,1,11,6
2024411536230,2024,411536230,514364,205021,-0.34537,51.73225,3,3,7,16:52,-1,E07000240,3,2,2,1,2,-1,-1,-1,-1,-1,0,1,0,0,0,0,0,12,7
2024411536244,2024,411536244,520686,230810,-0.24488,51.96268,3,3,3,19:30,-1,E07000099,3,2,1,0,2,"[1, 19]","[3, 1]","[7, 6]",0,0,0,1,0,0,0,0,0,12,3
2024411536282,2024,411536282,547729,214231,0.14136,51.8072,2,"[3, 2]",3,05:35,-1,E07000242,3,2,1,1,2,"[3, 19, 9]","[3, 5, 1]","[5, 1, 7]",0,0,0,1,0,0,0,0,0,12,3
2024411536314,2024,411536314,522017,198889,-0.23675,51.67553,3,3,4,15:14,-1,E07000098,3,0,1,0,2,"[19, 3]",6,2,0,0,0,1,0,0,0,0,0,10,23
2024411536316,2024,411536316,535899,202217,-0.03481,51.70225,3,3,3,04:11,-1,E07000095,4,2,8,2,1,"[7, 19]",7,"[1, 5]",0,0,0,1,1,0,0,0,0,12,3
2024411536749,2024,411536749,509595,207226,-0.41371,51.75301,3,3,7,17:39,-1,E07000240,1,2,1,0,2,19,1,5,0,0,0,1,0,0,0,0,0,12,14
2024411536816,2024,411536816,523119,228410,-0.21035,51.94058,3,3,1,06:30,-1,E07000099,4,0,1,1,2,19,4,8,0,7,0,1,0,0,0,0,0,10,27
2024411536841,2024,411536841,513648,202610,-0.35652,51.71072,3,3,7,14:09,-1,E07000240,1,0,1,-1,2,-1,-1,-1,-1,-1,0,1,0,0,0,0,0,12,14
2024411536848,2024,411536848,523917,224476,-0.20016,51.90505,3,3,6,06:20,-1,E07000243,3,2,9,1,1,19,3,7,0,"[0, 7]",0,1,0,0,0,0,0,11,29
2024411536854,2024,411536854,511942,201944,-0.38142,51.70508,3,3,1,10:30,-1,E07000102,1,0,5,1,2,19,5,1,0,5,6,1,0,0,0,0,0,12,8