collision_index,collision_year,collision_ref_no,location_easting_osgr,location_northing_osgr,longitude,latitude,casualty_severity,casualty_severity,day_of_week,time,local_authority_district,local_authority_ons_district,first_road_class,light_conditions,weather_conditions,road_surface_conditions,urban_or_rural_area,vehicle_manoeuvre,vehicle_direction_from,vehicle_direction_to,hit_object_in_carriageway,vehicle_leaving_carriageway,hit_object_off_carriageway,is_car,is_cyle,is_mcyle,is_goodsv,is_other,is_pedestrian,month,day
2024411537135,2024,411537135,518930,227943,-0.27142,51.93729,3,3,1,13:14,-1,E07000099,4,0,1,0,1,19,"[8, 3]","[4, 6]",0,0,0,1,0,1,0,0,0,8,11
2024411537136,2024,411537136,523355,224396,-0.20835,51.90446,2,2,5,12:32,-1,E07000243,3,0,1,0,1,19,7,3,10,1,11,1,0,0,0,0,0,11,14
2024411537137,2024,411537137,522014,198886,-0.2368,51.6755,2,"[3, 2]",7,15:16,-1,E07000098,3,0,1,0,2,19,5,1,0,0,0,1,0,0,0,0,0,12,14
2024411537140,2024,411537140,523249,232577,-0.20696,51.978,3,3,6,15:14,-1,E07000099,4,0,1,0,1,19,1,4,0,0,0,1,1,0,0,0,0,11,22
2024411537184,2024,411537184,541714,213080,0.0537,51.79842,3,3,1,15:38,-1,E07000242,6,2,1,1,2,19,"[6, 8]","[2, 4]",0,0,0,1,0,0,0,0,0,11,10
2024411537271,2024,411537271,533713,212336,-0.06254,51.7937,3,3,5,16:31,-1,E07000242,3,2,1,0,2,"[4, 19]",3,7,0,"[0, 4]",0,1,0,0,0,0,0,11,21
2024411537292,2024,411537292,522768,199948,-0.22552,51.68488,3,3,7,18:35,-1,E07000098,1,2,1,0,2,19,7,3,0,0,0,1,0,0,0,0,0,10,12
2024411537302,2024,411537302,506510,208676,-0.45794,51.76664,3,3,1,12:28,-1,E07000096,6,0,1,0,1,19,"[6, 2]","[2, 6]",0,1,0,1,0,0,1,0,0,12,15
2024411537995,2024,411537995,525864,226058,-0.17129,51.91883,3,3,5,13:15,-1,E07000243,6,0,1,0,1,1,5,1,0,3,0,1,0,0,0,0,0,11,21
2024411538068,2024,411538068,530116,230546,-0.10781,51.95818,3,3,4,07:25,-1,E07000099,6,2,2,1,2,-1,-1,-1,-1,-1,0,1,0,1,0,0,0,12,18
2024411538148,2024,411538148,548696,221782,0.15861,51.87479,3,3,6,17:50,-1,E07000242,4,2,1,0,1,"[3, 9, 10]","[3, 5, 1]","[1, 5]",0,0,0,1,0,0,1,0,0,11,8
2024411538172,2024,411538172,512178,198711,-0.37904,51.67598,3,3,6,19:20,-1,E07000103,6,2,1,-1,1,-1,-1,-1,-1,-1,0,1,0,1,0,0,0,12,20
2024411538176,2024,411538176,523197,230478,-0.20847,51.95915,3,3,5,17:03,-1,E07000099,2,2,1,1,2,19,5,1,0,0,0,1,0,0,0,0,0,12,12
2024411538184,2024,411538184,518709,229068,-0.27424,51.94745,3,3,4,21:35,-1,E07000099,6,2,2,1,1,"[2, 5]","[0, 8]","[0, 4]","[0, 4]",0,0,1,0,0,0,0,0,10,16
2024411538189,2024,411538189,524021,223907,-0.19885,51.89991,3,3,4,16:25,-1,E07000243,3,2,1,-1,1,-1,-1,-1,-1,-1,0,1,0,0,0,0,0,12,25
2024411538190,2024,411538190,503817,205888,-0.49778,51.74209,3,3,6,13:30,-1,E07000096,4,0,1,0,1,-1,-1,-1,-1,-1,0,1,0,0,0,0,0,12,20
2024411538209,2024,411538209,509578,207237,-0.41395,51.75312,3,3,4,20:32,-1,E07000240,1,2,2,1,2,"[19, 4]",1,5,0,0,0,1,0,0,0,0,0,12,25
2024411538216,2024,411538216,520863,208880,-0.24997,51.76556,3,3,6,15:25,-1,E07000241,6,0,1,-1,1,19,7,3,0,0,0,1,0,0,0,0,1,11,29
2024411538233,2024,411538233,510798,196465,-0.3997,51.65606,3,3,4,13:50,-1,E07000103,3,0,1,0,1,99,-1,-1,0,0,0,1,0,1,0,0,0,12,18
2024411538453,2024,411538453,504885,206321,-0.48218,51.74578,3,3,4,17:00,-1,E07000096,6,2,1,0,1,-1,-1,-1,-1,-1,0,1,0,0,0,0,0,12,25
2024411538462,2024,411538462,522127,209179,-0.23156,51.76798,3,3,3,18:46,-1,E07000241,4,2,1,0,1,"[4, 14]","[5, 1]","[1, 5]",0,0,0,1,0,0,0,0,0,12,24
2024411538486,2024,411538486,522074,233074,-0.22388,51.98272,3,3,6,07:54,-1,E07000099,6,0,1,1,1,"[10, 19]",1,"[7, 5]",0,0,0,1,0,0,1,0,0,12,20
2024411538488,2024,411538488,516833,195109,-0.31295,51.64266,3,3,1,01:04,-1,E07000098,3,2,2,1,2,19,7,3,0,1,0,1,0,0,0,0,0,12,22
2024411538520,2024,411538520,517452,196850,-0.30343,51.65817,3,3,1,18:05,-1,E07000098,3,2,1,0,2,19,1,5,0,"[0, 1]",0,1,0,0,0,0,0,12,15
2024411538605,2024,411538605,521537,208518,-0.24033,51.76216,3,3,3,16:57,-1,E07000241,3,2,1,0,1,"[19, 7]","[2, 3]",6,0,0,0,1,0,0,0,0,0,12,24
2024411538790,2024,411538790,502378,203289,-0.51938,51.71899,3,3,5,11:38,-1,E07000096,6,0,1,1,2,19,"[5, 1]","[1, 5]",0,0,0,1,0,0,0,0,0,12,12
2024411538825,2024,411538825,509441,201956,-0.41759,51.70568,3,3,3,12:48,-1,E07000102,6,0,1,0,1,9,8,6,0,0,0,1,0,0,0,0,1,12,17
2024411538987,2024,411538987,506268,205454,-0.46242,51.73773,3,3,2,12:22,-1,E07000096,6,0,1,1,1,"[9, 19, 2, 3]","[-1, 4, 0, 2]","[-1, 8, 0, 6]","[4, 0]",0,0,1,0,0,0,0,0,12,9
2024411539020,2024,411539020,522010,198853,-0.23687,51.6752,3,3,7,21:33,-1,E07000098,3,2,1,0,2,19,5,1,"[11, 0]",0,0,1,0,0,0,0,0,12,21
2024411539060,2024,411539060,526258,201607,-0.17447,51.69902,3,3,7,19:05,-1,E07000098,3,2,1,1,1,"[13, 9]","[6, 8]","[2, 6]",0,0,0,1,0,1,0,0,0,12,21
2024411539064,2024,411539064,523037,202992,-0.22056,51.71218,3,3,3,17:15,-1,E07000098,6,2,1,1,2,"[19, 5]","[5, 1]","[1, 5]",0,0,0,1,0,0,0,0,0,12,3
2024411539224,2024,411539224,534263,203700,-0.0579,51.71597,3,3,4,08:50,-1,E07000095,6,0,1,1,1,19,8,4,0,0,0,1,0,0,0,0,1,12,18
2024411539242,2024,411539242,511144,195418,-0.39503,51.64658,3,3,5,23:20,-1,E07000103,3,2,1,0,1,19,5,1,"[0, 10]",0,0,1,0,0,0,0,0,12,12
2024411539251,2024,411539251,523269,225488,-0.20921,51.91429,2,2,6,19:30,-1,E07000243,3,2,2,1,1,19,1,5,0,0,0,1,0,1,0,0,0,12,20
2024411539297,2024,411539297,515473,207060,-0.32864,51.75034,3,3,1,19:00,-1,E07000240,4,2,9,-1,1,-1,-1,-1,-1,-1,0,1,0,1,0,0,0,12,29
2024411539354,2024,411539354,534876,202991,-0.04931,51.70945,3,3,4,13:50,-1,E07000095,4,0,1,0,1,"[19, 9]","[3, 1]",7,0,0,0,1,0,1,0,0,0,12,18
2024411539388,2024,411539388,518781,197037,-0.28416,51.65957,3,3,3,09:15,-1,E07000098,6,0,1,0,1,"[19, 9]","[4, 6]","[8, 4]",0,0,0,1,1,0,0,0,0,12,17
2024411539420,2024,411539420,506740,206808,-0.45518,51.74981,3,3,3,16:30,-1,E07000096,3,2,1,0,1,"[3, 19]",3,7,0,0,0,1,0,0,0,0,0,12,3
2024411539424,2024,411539424,520860,227522,-0.2435,51.93309,3,3,6,08:45,-1,E07000099,6,0,1,0,2,"[5, 19]","[1, 7]","[5, 3]",0,0,0,1,1,0,0,0,0,12,13
2024411539477,2024,411539477,517333,204954,-0.30242,51.73103,3,3,3,21:26,-1,E07000240,3,2,2,1,2,"[19, 5]",5,1,0,0,0,1,0,0,0,0,0,12,17
2024411539663,2024,411539663,511980,200024,-0.38148,51.68782,3,3,5,16:35,-1,E07000103,6,2,1,0,1,9,3,1,0,0,0,1,0,0,0,0,1,12,19
2024411539711,2024,411539711,512218,198703,-0.37846,51.6759,3,3,2,08:30,-1,E07000103,3,0,1,0,1,"[19, 3]",8,4,0,0,0,1,0,0,0,0,0,12,9
2024411539780,2024,411539780,528789,213655,-0.13341,51.80671,3,3,1,12:15,-1,E07000242,6,0,1,1,2,"[19, -1]","[4, -1]","[8, -1]","[0, -1]","[0, -1]",0,1,0,0,0,0,0,10,27
2024411539785,2024,411539785,510963,198963,-0.39652,51.67848,2,2,3,09:43,-1,E07000103,3,0,1,-1,1,-1,-1,-1,-1,-1,0,1,1,0,0,0,0,12,31
2024411539846,2024,411539846,522396,212427,-0.22652,51.79711,2,2,7,04:38,-1,E07000241,2,2,1,1,2,19,5,1,0,0,0,1,0,0,0,0,1,12,21
2024411539887,2024,411539887,518233,197592,-0.29189,51.66468,3,3,2,13:39,-1,E07000098,6,0,2,1,1,5,4,8,0,0,0,1,0,0,0,0,1,12,23
2024411540094,2024,411540094,502889,206056,-0.51116,51.74377,3,3,6,08:20,-1,E07000096,3,0,1,0,2,7,2,4,11,0,0,1,0,0,0,0,0,11,8
2024411540098,2024,411540098,522726,232257,-0.21469,51.97524,3,3,2,19:04,-1,E07000099,4,2,2,1,1,5,7,2,0,0,0,1,0,0,0,0,1,11,18
2024411540709,2024,411540709,522848,224271,-0.21576,51.90344,3,3,3,05:37,-1,E07000243,3,2,1,0,1,19,1,3,0,0,0,1,0,0,0,0,0,12,17
2024411540775,2024,411540775,524977,201199,-0.19314,51.69564,3,3,3,11:29,-1,E07000098,6,0,1,0,1,19,2,6,0,0,0,1,0,0,0,0,1,12,17
2024411540790,2024,411540790,535714,204036,-0.03678,51.71864,3,3,6,10:39,-1,E07000095,6,0,1,0,1,"[5, 7]","[7, 5]","[3, 7]",0,0,0,1,0,0,0,0,0,12,20
2024411540825,2024,411540825,507280,208047,-0.44698,51.76084,2,2,3,17:10,-1,E07000096,6,0,1,0,1,"[19, 13]",1,5,"[0, 10]",0,0,1,1,0,0,0,0,2,27
2024411540828,2024,411540828,535980,200766,-0.03421,51.68919,3,3,6,16:00,-1,E07000095,3,2,1,0,1,19,-1,-1,0,0,0,1,0,0,0,0,0,12,27
2024411540836,2024,411540836,523473,216006,-0.20963,51.82903,3,3,6,15:37,-1,E07000241,2,2,7,1,2,"[19, 3]",5,1,0,0,0,1,0,0,0,0,0,12,27
2024411540843,2024,411540843,505313,207616,-0.4756,51.75734,3,3,4,18:33,-1,E07000096,3,2,1,1,1,-1,-1,-1,0,0,0,1,0,0,0,0,0,11,13
2024411540862,2024,411540862,511473,195162,-0.39036,51.64422,2,2,2,21:15,-1,E07000103,6,2,1,-1,1,-1,-1,-1,-1,-1,0,1,0,0,0,0,1,12,2
2024411540872,2024,411540872,549116,219967,0.16393,51.85837,3,3,5,09:30,-1,E07000242,4,0,1,1,1,"[7, 19]",5,"[7, 1]",0,0,0,1,1,0,0,0,0,12,19
2024411540899,2024,411540899,519107,196427,-0.27965,51.65402,3,3,1,11:30,-1,E07000098,6,0,1,0,1,"[5, 9]",5,1,0,0,0,1,0,1,0,0,0,12,22
2024411541112,2024,411541112,510365,206388,-0.40282,51.74533,3,3,1,20:26,-1,E07000240,1,2,1,1,2,"[4, 11]",1,5,0,0,0,1,0,0,0,0,0,11,3
2024411541115,2024,411541115,533141,217397,-0.06888,51.83931,3,3,6,16:11,-1,E07000242,3,2,2,1,2,19,5,1,0,0,0,1,0,0,0,0,0,12,13
2024411541128,2024,411541128,526347,226779,-0.16401,51.9252,2,2,4,13:45,-1,E07000099,6,0,1,0,1,19,1,5,0,0,0,1,0,0,0,0,1,12,18
2024411541142,2024,411541142,509463,212846,-0.41385,51.80355,3,3,6,17:15,-1,E07000240,1,2,5,1,2,19,1,5,0,0,0,1,0,0,0,0,0,12,13
2024411541153,2024,411541153,512789,202951,-0.36884,51.71396,3,3,5,17:05,-1,E07000240,1,2,1,1,2,"[3, 19]",4,8,0,0,0,1,0,0,0,0,0,12,19
2024411541164,2024,411541164,509338,205121,-0.41809,51.73415,3,3,7,01:18,-1,E07000102,6,2,1,0,2,"[19, 2]","[1, 0]","[5, 0]","[4, 0]",0,0,1,0,0,0,0,0,10,26
2024411541178,2024,411541178,534003,203617,-0.06169,51.71528,3,3,3,10:59,-1,E07000095,6,0,1,0,1,"[5, 19]","[4, 5]","[8, 3]",0,0,0,1,0,0,0,0,0,12,24
2024411541195,2024,411541195,523593,235101,-0.20105,52.0006,3,3,1,20:56,-1,E07000099,6,2,1,0,2,4,3,6,11,1,4,1,0,0,0,0,0,11,3
2024411541196,2024,411541196,523418,211953,-0.21187,51.79262,3,3,4,13:33,-1,E07000241,3,0,1,0,1,19,2,6,0,0,0,1,0,0,0,0,1,12,11
2024411541220,2024,411541220,510608,198249,-0.40188,51.67213,3,3,4,17:15,-1,E07000103,6,2,1,0,1,"[19, 5]","[4, 6]","[8, 2]",0,0,0,1,0,0,0,0,0,12,25
2024411541247,2024,411541247,518596,203187,-0.28474,51.71488,3,3,2,18:15,-1,E07000240,1,2,1,1,1,-1,6,2,0,"[3, 0]",0,1,0,0,0,0,0,12,9
2024411541256,2024,411541256,517569,204529,-0.29915,51.72716,3,3,7,09:50,-1,E07000240,6,0,2,1,1,"[9, 2, 19]","[8, 0, 4]","[6, 0, 8]","[4, 0]","[1, 0]",0,1,0,0,0,0,0,11,23
2024411541288,2024,411541288,538632,223908,0.01338,51.89648,3,3,6,17:20,-1,E07000242,4,2,1,1,2,19,"[1, 5]","[5, 1]",0,0,0,1,0,0,0,0,0,12,6
2024411541307,2024,411541307,505519,207384,-0.47268,51.75522,3,3,6,14:00,-1,E07000096,6,0,1,0,1,"[4, 3]",-1,-1,0,0,0,1,0,0,0,0,0,12,20
2024411541312,2024,411541312,512914,198174,-0.36857,51.671,3,3,2,12:01,-1,E07000098,3,0,1,0,2,"[3, 19]",2,6,0,0,0,1,0,0,0,0,0,12,16
2024411541389,2024,411541389,536651,206601,-0.02222,51.74146,3,3,6,17:30,-1,E07000095,3,2,1,0,1,5,"[2, 8]","[6, 5]",0,0,0,1,0,0,0,1,0,12,20
2024411541418,2024,411541418,535882,240744,-0.01991,52.04844,3,3,5,18:06,-1,E07000099,3,2,2,1,1,"[5, 19]","[6, 7]","[1, 3]",0,0,0,1,0,0,0,0,0,12,12
2024411541655,2024,411541655,525796,200902,-0.1814,51.69278,3,3,3,12:45,-1,E07000098,6,0,1,0,1,"[7, 9]","[3, 5]","[5, 7]",0,0,0,1,0,0,0,0,0,12,24
2024411541663,2024,411541663,512016,201827,-0.38038,51.70401,3,3,2,22:45,-1,E07000102,1,2,1,1,2,19,1,5,0,0,0,1,0,0,1,0,0,12,23
2024411541888,2024,411541888,536183,209477,-0.02787,51.76742,3,3,3,16:53,-1,E07000095,3,2,1,0,2,"[19, 12]",5,1,0,0,0,1,0,0,0,0,0,12,31
2024411542017,2024,411542017,510780,196919,-0.39982,51.66015,2,2,2,10:15,-1,E07000103,3,0,1,0,1,19,5,1,0,0,0,0,0,1,0,0,1,12,30
2024411542238,2024,411542238,519425,198890,-0.27422,51.67609,2,2,6,09:00,-1,E07000098,4,0,1,0,1,19,1,5,0,0,0,1,0,0,0,0,0,12,20
2024411542246,2024,411542246,502635,193413,-0.51856,51.63018,3,3,6,11:20,-1,E07000102,1,0,1,0,2,19,3,7,0,0,0,1,0,0,0,0,0,12,20
2024411542358,2024,411542358,513359,197575,-0.36234,51.66553,3,3,4,17:03,-1,E07000098,3,2,1,0,2,"[10, 19]",4,"[2, 8]",0,0,0,0,0,1,1,0,0,12,11
2024411542443,2024,411542443,517430,228642,-0.29299,51.94389,3,3,7,15:44,-1,E07000099,3,0,1,0,2,"[19, 9]","[2, 4]","[6, 2]",0,0,0,1,0,0,0,0,0,12,14
2024411542974,2024,411542974,513812,204334,-0.35359,51.72618,3,3,3,15:35,-1,E07000240,3,0,1,0,2,"[5, 3]",2,6,0,0,0,1,0,1,0,0,0,12,3
2024411543001,2024,411543001,516283,207326,-0.31683,51.75257,3,3,6,11:30,-1,E07000240,3,0,1,0,1,"[14, 9]","[3, 5]","[7, 3]",0,0,0,1,0,1,0,0,0,12,20
2024411543031,2024,411543031,534586,215230,-0.04877,51.8195,2,2,6,11:16,-1,E07000242,3,0,1,0,2,"[4, 5]",5,8,0,0,0,1,0,0,0,0,0,12,20
2024411543318,2024,411543318,516605,206318,-0.3125,51.74344,3,3,4,09:50,-1,E07000240,6,0,1,0,1,"[2, 6, 15]","[0, 1]","[0, 5]",0,0,0,1,0,1,0,0,0,11,13
2024411543323,2024,411543323,523508,209974,-0.21127,51.77482,2,2,5,11:10,-1,E07000241,3,0,1,0,2,"[13, -1]","[7, -1]","[3, -1]","[0, -1]","[5, -1]",0,1,0,1,0,0,0,12,19
2024411543327,2024,411543327,518379,229045,-0.27905,51.94731,3,3,3,15:14,-1,E07000099,6,0,1,0,1,2,"[0, 7]","[0, 2]",0,0,0,1,0,0,0,0,0,11,5
2024411543331,2024,411543331,524461,200750,-0.20076,51.69171,3,3,7,10:50,-1,E07000098,6,0,1,1,1,19,"[3, 7]","[7, 3]",10,"[7, 1]","[11, 0]",1,0,0,0,0,0,11,30
2024411543332,2024,411543332,507444,202911,-0.44618,51.71465,3,3,5,08:15,-1,E07000096,6,0,2,1,1,"[7, 9]","[5, 1]","[1, 5]",-1,-1,0,1,0,0,1,0,0,12,12
2024411543344,2024,411543344,514477,205045,-0.34373,51.73244,3,3,6,19:40,-1,E07000240,3,2,1,0,2,"[7, -1]",-1,-1,0,-1,0,1,0,0,1,0,0,11,29
2024411543355,2024,411543355,513108,195386,-0.36667,51.64591,3,3,1,18:39,-1,E07000098,6,2,1,1,1,9,5,3,0,0,0,1,0,0,0,0,1,11,24
2024411544084,2024,411544084,523844,222646,-0.20187,51.88862,3,3,3,16:14,-1,E07000243,3,0,1,0,2,19,"[7, 5]","[3, 1]",0,"[7, 0]",0,1,0,0,0,0,0,11,26
2024411544251,2024,411544251,523296,234686,-0.20552,51.99694,3,3,1,23:50,-1,E07000099,6,2,1,0,2,"[15, 19]","[5, 1]","[1, 5]",0,0,0,1,0,0,0,0,0,12,29
2024411544257,2024,411544257,524667,221700,-0.19026,51.87994,2,2,5,06:45,-1,E07000099,4,0,1,2,2,19,1,5,0,0,0,1,0,1,0,0,0,11,28
2024411544437,2024,411544437,505187,207992,-0.47731,51.76074,2,2,7,19:44,-1,E07000096,3,2,1,0,2,19,1,5,10,1,10,1,0,0,0,0,0,12,28
2024411545158,2024,411545158,512960,203601,-0.36615,51.71977,3,3,1,17:40,-1,E07000240,3,2,1,0,2,"[19, 4]",1,5,0,0,0,1,0,0,0,0,0,12,29
2024411545255,2024,411545255,521216,207690,-0.24527,51.75479,3,3,4,16:06,-1,E07000241,2,2,1,0,1,"[19, 2]",5,1,"[4, 0]",0,0,1,0,0,0,0,0,12,18
2024411545581,2024,411545581,523436,224629,-0.20709,51.90653,2,2,1,10:48,-1,E07000243,6,0,1,0,1,19,1,5,0,0,0,1,0,0,0,0,1,10,27
2024411545586,2024,411545586,505676,194206,-0.4744,51.63674,3,3,6,19:15,-1,E07000102,3,0,1,0,2,19,"[4, 8]","[8, 4]","[10, 0]","[2, 1, 0]","[9, 0]",1,0,0,0,0,0,7,12
2024411545684,2024,411545684,522763,210336,-0.22194,51.77824,3,3,1,09:57,-1,E07000241,3,0,1,1,1,19,"[6, 4]",1,0,0,0,1,0,0,0,0,0,1,14
2024411545790,2024,411545790,530617,202716,-0.11102,51.70798,3,3,3,09:30,-1,E07000241,4,0,1,1,2,"[9, 19]","[7, 3]","[5, 7]",0,0,0,1,0,0,0,0,0,12,24
2024411546742,2024,411546742,507463,209372,-0.44392,51.77272,1,1,2,06:35,-1,E07000096,4,0,1,0,1,"[9, 19]","[6, 2]","[2, 6]",0,0,0,1,0,1,0,0,0,6,17
2024411547119,2024,411547119,501566,195817,-0.5333,51.65198,2,"[3, 2]",1,10:25,-1,E07000102,6,0,1,0,1,"[1, 19]","[3, 4]","[7, 8]",0,0,0,1,1,0,0,0,0,10,6
2024411547719,2024,411547719,513779,204310,-0.35407,51.72597,3,3,1,12:10,-1,E07000240,3,0,5,1,2,19,7,3,0,0,0,1,0,0,0,0,0,11,24
2024411548574,2024,411548574,505483,206129,-0.47358,51.74394,3,3,6,16:56,-1,E07000096,3,2,2,1,1,"[9, 19]","[3, 7]","[1, 3]",0,0,0,1,1,0,0,0,0,12,13
2024411548579,2024,411548579,505522,207329,-0.47266,51.75472,3,3,1,18:06,-1,E07000096,6,2,1,0,1,"[7, 19]",1,2,0,0,0,1,1,0,0,0,0,12,15
2024411549598,2024,411549598,516395,199742,-0.31774,51.68438,3,3,7,18:19,-1,E07000098,3,2,1,0,2,"[2, 1]","[0, 7]","[0, 3]",0,0,0,1,0,0,0,0,1,12,14
2024411549601,2024,411549601,523903,222639,-0.20102,51.88855,3,3,4,03:55,-1,E07000243,6,2,1,2,2,"[7, 19]",3,"[5, 7]",0,0,0,1,0,1,0,0,0,11,20
2024411550846,2024,411550846,507950,207505,-0.43744,51.75584,2,"[2, 3]",5,16:00,-1,E07000096,3,0,1,0,1,"[14, 9]","[5, 7]","[1, 5]",0,0,0,1,0,1,0,0,0,11,7
2024411551141,2024,411551141,512112,195428,-0.38105,51.64648,3,3,4,10:25,-1,E07000103,3,0,8,0,1,"[9, 19]",5,1,0,0,0,1,1,0,0,0,0,10,23
2024411551678,2024,411551678,524353,222896,-0.19439,51.89076,3,3,7,11:00,-1,E07000243,3,0,1,0,1,"[2, 7]","[3, 2]","[7, 6]",0,0,0,1,0,0,0,0,0,11,16
2024411553344,2024,411553344,514785,202473,-0.34012,51.70926,1,"[1, 2, 3]",1,04:05,-1,E07000240,1,2,1,0,2,19,"[3, 7]","[7, 3]","[11, 0]",0,0,1,0,0,0,0,0,2,4
2024411556244,2024,411556244,510249,196547,-0.40761,51.65691,2,2,6,20:02,-1,E07000103,3,2,1,0,1,"[-1, 19]","[-1, 3]","[-1, 7]","[-1, 0]","[-1, 0]",0,1,0,1,0,0,0,11,1
2024411556369,2024,411556369,521939,198558,-0.238,51.67257,3,3,3,18:30,-1,E07000098,6,0,1,0,2,"[9, 19]","[7, 5]","[3, 1]",0,0,0,1,0,0,0,0,0,8,6
2024411556405,2024,411556405,518753,195192,-0.28519,51.643,3,3,6,07:50,-1,E07000098,3,0,1,0,1,"[19, 13]","[2, 6]","[6, 2]",0,"[0, 1]","[0, 4]",1,0,0,0,0,0,5,17
2024411556755,2024,411556755,511544,203637,-0.38663,51.72037,3,3,7,09:45,-1,E07000240,1,0,1,1,2,"[12, 19]",1,5,0,"[0, 2]","[0, 11]",1,0,0,0,0,0,12,21
2024411556969,2024,411556969,518865,197917,-0.28265,51.66747,3,3,6,18:47,-1,E07000098,6,0,1,0,1,"[3, 19]","[5, 7]","[1, 3]",0,0,0,1,1,0,0,0,0,9,27
2024411556973,2024,411556973,517544,232909,-0.28987,51.98222,2,"[2, 3]",3,14:32,-1,E07000099,3,0,1,0,2,19,"[1, 5]","[5, 1]",0,0,0,1,0,0,0,0,0,12,31
2024411559488,2024,411559488,526095,224816,-0.16839,51.90762,3,3,6,17:05,-1,E07000243,6,2,1,1,1,"[-1, 2]","[-1, 0]","[-1, 0]","[-1, 0]","[-1, 0]",0,1,0,0,1,0,1,12,13
2024411559728,2024,411559728,546785,221873,0.13091,51.87611,3,3,6,14:10,-1,E07000242,3,0,1,1,2,-1,-1,-1,-1,-1,0,1,0,0,0,0,0,12,13
2024411560756,2024,411560756,525173,201640,-0.19015,51.69955,3,3,3,11:48,-1,E07000098,6,0,8,0,1,5,2,6,0,0,0,1,0,0,0,0,1,12,24
2024411561288,2024,411561288,508728,195936,-0.42978,51.65171,3,3,1,08:19,-1,E07000102,6,0,1,0,2,"[5, 19]","[7, 5]",3,0,0,0,1,1,0,0,0,0,7,14
2024411563296,2024,411563296,519444,198859,-0.27396,51.67581,3,3,2,08:19,-1,E07000098,4,0,1,1,1,"[4, 19]","[8, 4]","[4, 8]",0,"[0, 7, 1]",0,1,0,0,0,0,0,11,25
2024411565809,2024,411565809,533506,237550,-0.05578,52.02032,3,3,2,14:00,-1,E07000099,6,0,1,0,2,1,3,5,0,0,0,1,0,0,0,0,1,12,16
2024411567945,2024,411567945,509246,194816,-0.42264,51.64155,3,3,7,22:41,-1,E07000103,3,2,1,0,1,19,3,7,0,0,0,1,1,0,0,0,0,11,9
2024411578127,2024,411578127,517275,204939,-0.30327,51.73091,3,3,5,15:30,-1,E07000240,3,0,1,0,2,"[19, 4]",7,3,"[0, 7]","[4, 0]",0,1,0,0,1,0,0,12,19
2024411578266,2024,411578266,519019,228677,-0.26987,51.94387,3,3,2,08:50,-1,E07000099,6,0,1,0,1,9,8,6,0,0,0,1,0,0,0,0,1,12,23
2024411578537,2024,411578537,526338,222871,-0.16557,51.89008,3,3,6,00:06,-1,E07000243,6,2,1,0,1,"[2, 19]",8,"[8, 6]",0,0,0,1,0,0,0,0,0,11,15
2024411579029,2024,411579029,513681,212840,-0.3527,51.80266,2,2,5,16:12,-1,E07000240,3,2,1,0,2,"[13, 9]","[1, 7]","[5, 3]",0,0,0,1,0,1,0,0,0,12,19
2024411580857,2024,411580857,531812,234047,-0.0818,51.98924,2,"[3, 2]",2,09:32,-1,E07000099,6,0,1,1,2,19,"[1, 5]","[5, 1]",0,0,0,1,0,0,0,0,0,9,16
2024411586700,2024,411586700,519545,226594,-0.26294,51.92504,3,3,5,16:56,-1,E07000099,4,2,5,1,1,"[9, 19]","[2, 8]","[6, 4]",0,0,0,1,0,0,0,0,0,12,5
2024411586823,2024,411586823,527341,207100,-0.1568,51.74813,2,"[3, 2]",1,16:28,-1,E07000241,4,0,1,1,2,19,"[1, 5]","[5, 1]",0,"[7, 1]","[9, 0]",1,0,0,0,0,0,10,6
2024421393680,2024,421393680,557536,182115,0.26902,51.516,3,3,2,13:58,-1,E06000034,1,0,1,0,2,19,5,"[1, 2]",0,0,0,1,0,0,0,0,0,1,1
2024421393732,2024,421393732,581109,197144,0.61615,51.64393,3,3,2,17:54,-1,E07000070,6,2,2,1,1,19,7,3,0,0,0,0,0,0,1,0,1,1,1
2024421393910,2024,421393910,574255,190495,0.51389,51.58637,3,3,3,08:00,-1,E07000066,6,0,2,1,1,"[19, 5]","[3, 1]","[7, 6]",0,0,0,1,0,0,0,1,0,1,2
2024421394061,2024,421394061,546219,202387,0.11449,51.70118,3,3,3,12:30,-1,E07000072,4,0,1,1,1,"[14, 9]","[1, 5]","[5, 2]",0,0,0,1,0,1,0,0,0,1,2
2024421394082,2024,421394082,596599,224103,0.85498,51.88082,2,2,3,17:35,-1,E07000071,6,2,5,1,1,"[19, 13]","[1, 5]","[5, 1]",0,"[1, 0]",0,1,0,1,0,0,0,1,2
2024421394227,2024,421394227,547100,212020,0.1313,51.7875,3,3,4,08:01,-1,E07000073,3,0,1,1,2,4,5,1,0,0,0,1,0,0,0,0,0,1,3
2024421394435,2024,421394435,598511,205579,0.87212,51.7138,3,3,4,14:36,-1,E07000074,6,2,2,1,2,9,7,3,0,7,9,1,0,0,0,0,0,1,3
2024421394461,2024,421394461,610509,223582,1.05646,51.87107,3,3,3,16:23,-1,E07000076,3,2,5,1,2,19,"[7, 8]",7,0,0,0,1,0,0,0,0,0,1,2
2024421394876,2024,421394876,579955,183352,0.59242,51.52042,2,2,5,16:00,-1,E07000069,3,2,2,1,1,5,3,7,0,0,0,1,0,0,0,0,1,1,4