collision_index,collision_year,collision_ref_no,location_easting_osgr,location_northing_osgr,longitude,latitude,casualty_severity,casualty_severity,day_of_week,time,local_authority_district,local_authority_ons_district,first_road_class,light_conditions,weather_conditions,road_surface_conditions,urban_or_rural_area,vehicle_manoeuvre,vehicle_direction_from,vehicle_direction_to,hit_object_in_carriageway,vehicle_leaving_carriageway,hit_object_off_carriageway,is_car,is_cyle,is_mcyle,is_goodsv,is_other,is_pedestrian,month,day
2024421394944,2024,421394944,616817,228614,1.1511,51.91383,2,2,6,00:12,-1,E07000076,3,2,2,1,2,19,3,7,0,1,4,1,0,0,0,0,0,1,5
2024421395285,2024,421395285,587804,185871,0.70677,51.54049,3,3,6,16:50,-1,E06000033,6,0,1,1,1,5,1,5,0,0,0,1,0,0,0,0,1,1,5
2024421395357,2024,421395357,560569,179487,0.3115,51.49153,2,2,6,19:34,-1,E06000034,6,2,1,0,1,"[19, 9]","[4, 7]","[1, 4]",0,0,0,1,0,1,0,0,0,1,5
2024421395393,2024,421395393,568410,193374,0.43098,51.614,3,3,7,06:35,-1,E07000066,6,2,1,0,1,"[9, 19]","[4, 7]","[2, 3]",0,0,0,1,1,0,0,0,0,1,6
2024421395489,2024,421395489,542773,200479,0.06388,51.68493,3,3,7,16:53,-1,E07000072,6,2,2,1,2,19,3,8,0,0,0,1,0,0,0,0,0,1,6
2024421395531,2024,421395531,564413,186112,0.36991,51.54995,3,3,7,22:57,-1,E06000034,6,2,1,1,2,19,3,7,0,3,0,1,0,0,0,0,0,1,6
2024421395585,2024,421395585,541662,199698,0.04751,51.67819,3,3,1,10:15,-1,E07000072,3,0,1,1,2,19,"[3, 7]","[7, 3]",0,"[1, 0]",0,1,0,0,0,0,0,1,7
2024421395790,2024,421395790,601489,228321,0.92839,51.91695,3,3,2,08:41,-1,E07000071,6,0,1,1,1,"[13, 9]",5,1,0,0,0,1,1,0,0,0,0,1,8
2024421396002,2024,421396002,585250,186116,0.67011,51.54353,3,3,1,17:45,-1,E06000033,6,2,1,0,1,"[9, 19]","[1, 7]","[7, 3]",0,0,0,1,0,0,0,0,0,1,7
2024421396128,2024,421396128,590268,216051,0.75868,51.8107,3,3,2,18:00,-1,E07000071,6,2,1,1,2,"[9, 19]","[2, 6]","[7, 2]",0,0,0,1,0,0,0,0,0,1,8
2024421396134,2024,421396134,613644,222151,1.10104,51.85703,3,3,2,18:00,-1,E07000076,3,2,1,1,2,19,1,5,0,0,0,1,0,0,0,0,0,1,8
2024421396182,2024,421396182,557257,178996,0.26362,51.48805,3,3,3,20:30,-1,E06000034,6,2,2,1,2,"[19, 10]",1,5,0,0,0,1,0,1,0,0,0,1,2
2024421396284,2024,421396284,598604,225849,0.88507,51.89579,3,3,3,08:27,-1,E07000071,3,0,1,0,2,19,6,2,0,0,0,1,0,0,0,0,0,1,9
2024421396396,2024,421396396,571179,189992,0.46929,51.58279,2,2,6,07:52,-1,E07000066,3,0,2,1,2,19,"[3, 5]","[7, 1]",0,0,0,1,1,0,0,0,0,1,5
2024421396464,2024,421396464,583397,189453,0.64516,51.57411,2,"[2, 3]",3,15:00,-1,E06000033,6,0,1,0,1,19,"[5, 3]","[1, 7]",0,0,0,1,0,0,0,0,0,1,9
2024421396494,2024,421396494,572880,204877,0.50117,51.71598,2,"[2, 3]",3,16:36,-1,E07000070,6,0,1,0,1,19,"[5, 1]","[1, 5]",0,"[0, 1]",0,1,0,0,0,0,0,1,9
2024421396505,2024,421396505,592075,184424,0.76749,51.52606,2,2,3,15:40,-1,E06000033,4,0,1,0,1,19,3,7,0,0,0,1,0,0,0,0,1,1,9
2024421396512,2024,421396512,541883,199508,0.05062,51.67643,3,3,3,13:31,-1,E07000072,3,0,1,1,2,"[4, 19]","[7, 4]",8,0,0,0,1,0,0,0,0,0,1,9
2024421396527,2024,421396527,574137,203001,0.51841,51.69874,3,3,3,17:53,-1,E07000070,3,2,1,1,2,19,"[4, 5]",1,0,0,0,1,0,0,0,0,0,1,9
2024421396546,2024,421396546,545605,210727,0.1091,51.77628,3,3,3,19:11,-1,E07000073,6,2,1,1,1,"[19, 3]",3,7,0,0,0,1,0,0,0,0,0,1,9
2024421396548,2024,421396548,545437,208813,0.10587,51.75912,3,3,3,18:40,-1,E07000073,6,2,2,0,1,19,1,5,0,0,0,0,0,0,0,1,1,1,9
2024421396562,2024,421396562,546434,197713,0.11564,51.65913,2,2,3,22:15,-1,E07000072,4,2,1,2,2,19,5,1,0,7,0,1,0,0,0,0,0,1,9
2024421396703,2024,421396703,544523,203993,0.09063,51.71605,3,3,4,06:38,-1,E07000072,4,2,1,2,2,19,1,1,0,0,0,1,0,0,0,0,0,1,10
2024421396773,2024,421396773,573811,188009,0.50626,51.56417,3,3,4,11:35,-1,E07000066,6,0,1,0,1,19,8,4,0,0,0,1,0,0,0,0,1,1,10
2024421396955,2024,421396955,610329,231963,1.05896,51.94638,2,2,4,18:15,-1,E07000076,4,2,1,1,2,19,3,7,0,0,0,1,0,0,0,0,1,1,10
2024421396970,2024,421396970,548509,197563,0.14556,51.65724,2,2,4,19:47,-1,E07000072,3,2,1,0,2,19,7,3,0,1,0,1,0,0,0,0,0,1,10
2024421397008,2024,421397008,557538,179000,0.26766,51.48801,2,2,5,03:50,-1,E06000034,3,2,1,2,2,19,7,3,0,0,0,0,0,1,0,0,0,1,11
2024421397009,2024,421397009,576881,225471,0.56952,51.89971,3,3,3,20:25,-1,E07000067,4,2,8,2,2,2,0,0,0,1,2,1,0,0,0,0,0,1,9
2024421397035,2024,421397035,587778,214390,0.72171,51.79663,2,2,5,06:38,-1,E07000071,4,2,1,2,2,4,1,5,0,0,0,0,0,1,0,0,0,1,11
2024421397337,2024,421397337,617769,214808,1.15623,51.78952,3,3,5,13:51,-1,E07000076,6,0,1,1,1,"[19, 5]","[7, 8]","[3, 5]",0,0,0,1,0,1,0,0,0,1,11
2024421397340,2024,421397340,566034,188980,0.39462,51.57524,2,2,5,15:10,-1,E07000066,4,0,1,1,2,19,"[3, 1]","[1, 3]",0,"[0, 1]",0,1,0,0,1,0,0,1,11
2024421397396,2024,421397396,558593,177685,0.28225,51.4759,3,3,5,18:39,-1,E06000034,6,2,2,1,1,19,3,"[4, 3]",0,0,0,1,0,0,1,0,0,1,11
2024421397636,2024,421397636,570683,210326,0.47207,51.7656,3,3,6,11:34,-1,E07000070,6,0,1,0,1,19,"[7, 5]","[3, 1]",0,0,0,1,0,0,0,0,0,1,12
2024421397762,2024,421397762,601136,226520,0.92221,51.90091,2,2,6,18:20,-1,E07000071,3,2,1,0,1,"[13, 9]",1,5,0,"[7, 0]",0,1,0,1,0,0,0,1,12
2024421397869,2024,421397869,540798,195142,0.03318,51.63747,3,3,7,08:50,-1,E07000072,3,0,1,0,2,"[7, 19]","[3, 1]","[4, 5]",0,0,0,0,1,1,0,0,0,1,13
2024421397952,2024,421397952,570069,188060,0.45235,51.56577,2,2,7,13:13,-1,E07000066,3,0,1,0,1,19,5,1,0,0,0,1,0,1,0,0,0,1,13
2024421397970,2024,421397970,565072,219114,0.39501,51.84622,3,3,7,11:51,-1,E07000077,4,0,1,0,2,"[2, 19]","[0, 1]","[0, 4]","[4, 0]","[1, 0]",0,1,0,0,0,0,1,1,13
2024421398010,2024,421398010,602671,227270,0.94493,51.90708,2,2,7,14:49,-1,E07000071,3,0,1,0,2,19,"[2, 6]","[6, 2]",0,0,0,1,0,0,0,0,0,1,13
2024421398027,2024,421398027,580193,183622,0.59599,51.52277,2,2,7,17:40,-1,E07000069,4,2,1,0,1,9,7,3,0,0,0,1,0,0,0,0,1,1,13
2024421398063,2024,421398063,615863,230386,1.13836,51.93011,2,"[3, 2]",7,19:07,-1,E07000076,4,2,1,1,2,19,"[8, 4]",2,0,"[0, 7]",0,1,0,0,0,0,0,1,13
2024421398114,2024,421398114,568616,194624,0.43456,51.62517,3,3,1,00:40,-1,E07000066,6,2,1,2,1,"[19, 2]","[1, 0]","[3, 0]","[4, 0]","[1, 0]",0,1,0,0,0,0,0,1,14
2024421398125,2024,421398125,571666,210862,0.48656,51.77011,3,3,7,12:10,-1,E07000070,3,0,1,0,2,"[3, 4]","[3, 1, 8]","[1, 5]",0,0,0,1,0,0,0,0,0,1,13
2024421398150,2024,421398150,571054,189363,0.46718,51.57718,3,3,1,10:15,-1,E07000066,6,0,1,0,1,19,5,1,0,0,0,1,1,0,0,0,0,1,14
2024421398257,2024,421398257,593572,197541,0.79627,51.64334,3,3,1,01:19,-1,E07000074,4,2,1,0,2,"[2, 19]","[0, 7]","[0, 3]",0,0,0,1,0,0,0,0,0,1,14
2024421398270,2024,421398270,553427,216221,0.22482,51.82355,2,2,1,19:48,-1,E07000077,4,2,1,1,2,7,2,5,0,7,9,1,0,0,0,0,0,1,14
2024421398273,2024,421398273,593019,185189,0.7815,51.5326,2,2,1,19:36,-1,E06000033,3,2,1,1,1,19,1,5,0,0,0,1,0,0,0,0,1,1,14
2024421398295,2024,421398295,577612,219150,0.57689,51.8427,3,3,1,22:07,-1,E07000067,6,2,1,2,2,19,5,2,0,2,3,1,0,0,0,0,0,1,14
2024421398433,2024,421398433,597548,221471,0.86724,51.85685,3,3,2,10:05,-1,E07000071,4,0,1,1,2,19,"[1, 5]","[5, 1]",0,0,0,1,0,0,0,0,0,1,15
2024421398512,2024,421398512,579498,186861,0.58763,51.55208,3,3,4,08:22,-1,E07000069,4,0,8,0,1,"[19, 9]","[3, 1]",7,0,0,0,1,0,0,0,0,0,1,10
2024421398595,2024,421398595,615933,218828,1.13215,51.82632,3,3,2,09:00,-1,E07000076,3,0,1,1,2,19,4,8,0,"[1, 0]",0,1,0,0,0,0,0,1,15
2024421398649,2024,421398649,581349,229761,0.63665,51.9368,3,3,2,13:28,-1,E07000067,6,0,1,0,1,9,1,6,0,0,0,1,0,0,0,0,1,1,15
2024421398686,2024,421398686,541665,208338,0.05106,51.75582,3,3,2,19:11,-1,E07000072,4,2,1,2,2,19,"[1, 5]","[5, 1]",0,0,0,1,0,1,0,0,0,1,15
2024421398733,2024,421398733,572020,206887,0.48972,51.7343,3,3,1,17:06,-1,E07000070,6,2,1,0,1,19,"[7, 3]","[3, 7]",0,0,0,1,0,0,0,0,0,1,14
2024421398797,2024,421398797,592989,226298,0.80382,51.90179,3,3,5,08:08,-1,E07000071,3,0,1,0,2,"[9, 19]",3,"[1, 7]",0,0,0,1,0,0,0,0,0,1,11
2024421398908,2024,421398908,598090,222924,0.87593,51.86971,3,3,4,08:55,-1,E07000071,4,0,1,0,1,"[19, 3]","[6, 2]","[2, 6]",0,0,0,1,0,0,0,0,0,1,10
2024421398956,2024,421398956,579986,183294,0.59284,51.51989,3,3,4,11:03,-1,E07000069,6,0,1,0,1,19,1,5,0,0,0,1,0,0,0,0,1,1,3
2024421399007,2024,421399007,551092,242027,0.20229,52.05603,3,3,3,08:45,-1,E07000077,4,0,1,2,2,14,8,4,1,0,0,1,0,0,0,0,1,1,16
2024421399043,2024,421399043,601096,220341,0.91803,51.84544,2,2,3,07:30,-1,E07000071,4,0,8,1,2,"[4, 19]",1,5,"[10, 0]","[1, 0]",0,1,0,0,0,0,0,1,9
2024421399137,2024,421399137,588398,186702,0.71577,51.54775,3,3,3,15:03,-1,E06000033,6,0,1,0,1,9,"[1, 3]","[3, 8]",0,0,0,1,0,0,0,0,0,1,16
2024421399186,2024,421399186,594862,196770,0.81446,51.63598,3,3,3,18:45,-1,E07000074,4,2,1,0,2,"[19, 9]","[5, 1]","[1, 6]",0,0,0,1,0,0,0,0,0,1,16
2024421399247,2024,421399247,591692,188671,0.76429,51.56433,3,3,5,09:35,-1,E07000075,6,0,1,0,2,19,7,1,0,0,0,1,0,0,0,0,1,1,4
2024421399484,2024,421399484,620963,217457,1.20415,51.81205,3,3,4,12:40,-1,E07000076,4,0,1,0,2,19,5,1,0,1,0,1,0,0,0,0,0,1,17
2024421399490,2024,421399490,543034,197853,0.06658,51.66126,2,"[3, 2]",4,10:07,-1,E07000072,3,0,1,0,1,19,"[1, 5]","[4, 1]",0,"[0, 7]",0,1,0,0,0,0,0,1,17
2024421399602,2024,421399602,549920,196163,0.16534,51.64429,3,3,4,14:41,-1,E07000072,4,0,1,0,2,19,5,1,0,7,0,1,0,0,0,0,0,1,17
2024421399626,2024,421399626,551590,221592,0.20054,51.8723,3,3,4,15:45,-1,E07000077,1,0,1,0,2,4,1,5,0,0,0,1,0,0,0,0,0,1,17
2024421399643,2024,421399643,581082,230534,0.63318,51.94383,3,3,4,16:06,-1,E07000067,3,0,1,0,1,3,2,7,0,0,0,1,0,0,0,0,1,1,17
2024421399724,2024,421399724,572315,188324,0.48485,51.56746,3,3,4,23:00,-1,E07000066,4,2,1,2,1,19,1,5,0,0,0,1,0,0,0,0,1,1,17
2024421399796,2024,421399796,573443,210151,0.51193,51.76318,3,3,5,08:30,-1,E07000070,6,0,1,2,2,19,8,4,0,0,0,1,0,0,0,0,1,1,18
2024421400102,2024,421400102,545989,195837,0.10843,51.64239,2,2,5,14:58,-1,E07000072,3,0,1,1,2,19,8,5,0,7,4,1,0,0,0,0,0,1,18
2024421400113,2024,421400113,584536,207579,0.67113,51.73653,3,3,5,14:41,-1,E07000074,3,0,1,0,2,19,6,3,0,0,0,1,0,0,0,0,0,1,18
2024421400133,2024,421400133,575107,200273,0.53106,51.67393,3,3,5,17:40,-1,E07000070,6,2,1,2,2,"[9, 19]","[3, 5]","[5, 1]",0,0,0,1,0,0,0,0,0,1,18
2024421400194,2024,421400194,620490,216734,1.19684,51.80574,3,3,5,08:50,-1,E07000076,5,0,8,2,1,19,"[2, 5]","[4, 1]",0,0,0,1,0,0,0,0,0,1,18
2024421400219,2024,421400219,580705,217339,0.62079,51.82544,3,3,5,14:47,-1,E07000067,4,0,1,1,2,"[19, 3]",4,8,0,0,0,1,0,0,0,0,0,1,18
2024421400250,2024,421400250,576562,222174,0.56321,51.87019,3,3,6,08:53,-1,E07000067,6,0,1,0,1,1,7,3,0,0,0,1,0,0,0,0,1,1,19
2024421400289,2024,421400289,569432,189776,0.44399,51.58138,2,2,3,12:00,-1,E07000066,6,0,1,0,1,"[19, 2]","[1, 0]","[5, 0]","[4, 0]",0,0,1,0,0,0,0,0,1,9
2024421400327,2024,421400327,562299,196688,0.34434,51.64557,3,3,6,09:00,-1,E07000068,3,0,1,1,2,4,6,6,0,0,0,1,0,0,0,0,1,1,19
2024421400466,2024,421400466,544288,196397,0.0841,51.64786,2,2,6,16:35,-1,E07000072,6,0,1,0,1,2,"[2, 7]","[2, 1]","[0, 7]","[0, 1]",0,1,0,0,0,0,0,1,19
2024421400487,2024,421400487,583241,215968,0.65682,51.8123,3,3,6,16:43,-1,E07000067,3,2,1,0,2,19,6,2,0,0,0,1,0,0,0,0,0,1,19
2024421400515,2024,421400515,550270,197069,0.17078,51.65233,2,2,6,21:00,-1,E07000072,4,2,1,2,2,19,"[1, 5]","[5, 1]",0,0,0,1,0,1,0,0,0,1,19
2024421400750,2024,421400750,571210,205693,0.47742,51.72382,3,3,7,17:10,-1,E07000070,6,2,1,0,1,19,8,4,0,0,0,1,0,0,0,0,1,1,20
2024421400799,2024,421400799,580020,229308,0.6171,51.93316,2,"[2, 3]",7,22:07,-1,E07000067,3,2,1,0,2,19,"[5, 2]","[2, 5]",0,0,0,1,0,0,0,0,0,1,20
2024421400925,2024,421400925,538861,203267,0.00844,51.71096,3,3,5,08:16,-1,E07000072,4,0,2,1,2,19,"[5, 2]","[2, 5]",0,"[0, 7]",0,1,0,1,0,0,0,1,18
2024421400940,2024,421400940,568249,190292,0.42718,51.58637,3,3,6,06:55,-1,E07000066,6,2,1,0,1,19,"[1, 5]","[5, 1]",0,0,0,1,0,0,0,0,0,1,19
2024421400992,2024,421400992,550791,235308,0.19495,51.99575,2,2,1,16:42,-1,E07000077,1,2,5,1,2,19,1,5,0,0,0,1,0,0,1,0,0,1,21
2024421400997,2024,421400997,561653,187804,0.33092,51.56594,3,3,1,18:16,-1,E06000034,6,2,5,1,2,"[5, 19]","[1, 7]","[1, 3]",0,0,0,1,0,0,0,0,0,1,21
2024421401166,2024,421401166,569474,205921,0.45242,51.72639,3,3,3,22:00,-1,E07000070,6,2,1,1,1,"[9, 19]","[3, 1]",5,0,0,0,1,1,0,0,0,0,1,2
2024421401170,2024,421401170,568370,190332,0.42895,51.58669,2,2,2,09:36,-1,E07000066,6,0,1,1,1,19,8,3,0,0,0,1,0,0,0,0,1,1,22
2024421401191,2024,421401191,563451,220495,0.37215,51.8591,2,2,2,06:41,-1,E07000077,3,0,1,0,2,19,7,3,0,0,0,1,0,0,0,0,0,1,22
2024421401192,2024,421401192,551469,241511,0.20756,52.05129,3,3,2,05:00,-1,E07000077,6,2,1,0,2,"[-1, 19]",-1,-1,"[-1, 0]","[-1, 0]",0,1,1,0,0,0,0,1,8
2024421401194,2024,421401194,599195,225548,0.89348,51.89288,2,2,2,10:12,-1,E07000071,3,0,4,0,1,"[5, 19]","[7, 5]","[3, 1]",0,0,0,0,1,0,1,0,0,1,22
2024421401226,2024,421401226,553810,214989,0.22982,51.81238,3,3,2,08:15,-1,E07000077,3,0,1,0,2,19,-1,-1,"[0, -1]","[0, -1]",0,1,0,0,0,0,0,1,8
2024421401242,2024,421401242,592359,185435,0.77213,51.53504,3,3,2,17:30,-1,E06000033,6,2,3,1,1,"[3, 19]",-1,-1,0,0,0,1,0,0,0,0,0,1,8
2024421401262,2024,421401262,567754,186353,0.41817,51.55113,3,3,2,08:08,-1,E07000066,4,0,1,1,2,"[19, 9]","[6, 2]","[2, 6]",0,0,0,1,0,0,0,0,0,1,22
2024421401275,2024,421401275,598770,221875,0.88519,51.86005,3,3,2,10:22,-1,E07000071,6,0,1,0,2,19,3,7,0,1,4,0,0,0,0,1,0,1,22
2024421401369,2024,421401369,590218,200265,0.74934,51.66895,3,3,2,12:55,-1,E07000074,4,0,1,0,2,19,3,7,0,"[7, 1]","[9, 0]",1,0,0,0,0,0,1,22
2024421401468,2024,421401468,599181,226166,0.89363,51.89843,3,3,6,17:10,-1,E07000071,3,2,1,2,1,19,5,1,0,0,0,1,0,0,0,0,0,1,19
2024421401473,2024,421401473,546011,201097,0.11095,51.68965,3,3,5,14:45,-1,E07000072,6,0,1,0,1,"[9, 10]","[7, 5]","[5, 3]",0,0,0,1,0,1,0,0,0,1,18
2024421401478,2024,421401478,558268,179952,0.27859,51.49636,3,3,7,16:22,-1,E06000034,3,0,1,1,2,"[3, 19]",5,1,0,0,0,1,0,0,0,0,0,1,13
2024421401527,2024,421401527,572617,189518,0.48979,51.57809,3,3,1,13:10,-1,E07000066,6,0,1,0,1,"[19, 3]","[1, 5]","[5, 1]",0,0,0,1,0,0,0,0,0,1,14
2024421401538,2024,421401538,573141,188130,0.49666,51.56546,3,3,2,08:35,-1,E07000066,6,0,1,0,1,"[19, 9]","[8, 2]","[4, 8]",0,0,0,1,0,0,0,0,0,1,15
2024421401552,2024,421401552,586732,186909,0.69188,51.55017,3,3,5,07:35,-1,E06000033,6,0,8,1,1,19,3,7,0,0,0,1,0,0,0,0,1,1,11
2024421401603,2024,421401603,556910,177893,0.25813,51.47824,3,3,5,08:30,-1,E06000034,6,0,1,0,2,19,7,3,0,0,0,1,0,0,0,0,0,1,18
2024421401781,2024,421401781,545773,210869,0.11159,51.77751,3,3,3,10:32,-1,E07000073,6,0,8,1,1,"[19, 3]","[1, 3]","[5, 7]",0,0,0,1,0,0,0,0,0,1,23
2024421401837,2024,421401837,578369,203442,0.5798,51.70137,3,3,3,16:01,-1,E07000070,6,0,4,1,2,19,"[8, 5]","[7, 1]",0,0,0,1,0,0,0,0,0,1,23
2024421401852,2024,421401852,538665,199046,0.00393,51.67308,3,3,3,16:42,-1,E07000072,6,2,1,1,2,"[5, 19]","[3, 1]","[1, 5]",0,0,0,1,0,0,0,0,0,1,23
2024421401891,2024,421401891,558657,188476,0.28803,51.57283,3,3,5,15:50,-1,E07000068,3,0,1,0,2,"[3, 19]",3,7,0,0,0,1,0,0,0,0,0,1,18
2024421401899,2024,421401899,575670,222916,0.55064,51.87714,3,3,2,08:50,-1,E07000067,6,0,1,0,1,19,1,5,0,0,0,0,0,0,1,0,1,1,15
2024421401979,2024,421401979,570511,202866,0.46592,51.69864,3,3,4,09:09,-1,E07000070,4,0,1,1,1,"[4, 19]",5,1,0,0,0,1,0,0,0,0,0,1,24
2024421402015,2024,421402015,573223,208902,0.50813,51.75203,3,3,4,10:27,-1,E07000070,3,0,1,1,1,19,4,8,10,7,0,1,0,0,0,0,0,1,24
2024421402075,2024,421402075,584173,206404,0.66526,51.7261,3,3,7,22:07,-1,E07000074,3,2,1,1,2,19,5,1,7,0,0,1,0,0,0,0,0,1,20
2024421402213,2024,421402213,584165,186024,0.65443,51.54306,3,3,4,11:35,-1,E06000033,6,0,1,0,1,19,1,5,0,0,0,1,0,1,0,0,0,1,24
2024421402216,2024,421402216,590931,199517,0.75923,51.66199,2,"[3, 2]",4,14:24,-1,E07000074,6,0,1,0,2,"[7, 19]","[2, 5]","[6, 1]",0,0,0,1,0,0,0,1,0,1,24
2024421402217,2024,421402217,583751,187340,0.64916,51.55501,3,3,3,08:00,-1,E06000033,6,0,9,0,1,19,"[7, 1]","[3, 5]",0,0,0,1,0,1,0,0,0,1,16
2024421402255,2024,421402255,581972,215602,0.63824,51.80943,3,3,4,15:43,-1,E07000067,4,2,1,0,1,"[3, 19]",5,1,0,0,0,1,0,0,0,0,0,1,24
2024421402269,2024,421402269,557064,179816,0.2612,51.49547,3,3,4,18:12,-1,E06000034,3,2,1,0,2,19,6,2,0,1,4,1,0,0,0,0,0,1,24
2024421402323,2024,421402323,553914,233464,0.23957,51.97833,3,3,3,17:20,-1,E07000077,6,2,2,1,2,19,"[5, 3]","[3, 5]",0,0,0,1,0,0,0,0,0,1,23
2024421402356,2024,421402356,569841,183405,0.44682,51.52402,3,3,2,10:30,-1,E06000034,6,0,9,0,1,1,1,5,0,0,0,1,0,0,0,0,1,1,15
2024421402360,2024,421402360,580918,213118,0.62168,51.78746,3,3,5,06:52,-1,E07000067,4,2,2,1,2,19,2,6,9,7,11,1,0,0,0,0,0,1,25
2024421402421,2024,421402421,544643,195884,0.08901,51.64316,3,3,6,14:39,-1,E07000072,1,0,1,0,2,"[19, 12]",2,5,0,0,0,1,0,0,0,0,0,1,12
2024421402502,2024,421402502,567824,188106,0.42001,51.56685,3,3,6,19:10,-1,E07000066,6,2,9,0,1,"[8, 19]",3,"[5, 7]",0,0,0,1,1,0,0,0,0,1,12
2024421402530,2024,421402530,580186,196598,0.60254,51.63932,3,3,5,09:37,-1,E07000070,6,0,1,1,1,1,7,2,0,0,0,1,0,0,0,0,0,1,25
2024421402643,2024,421402643,568514,182250,0.42716,51.51404,2,2,5,14:40,-1,E06000034,6,0,1,0,1,"[2, 19]","[8, 3]","[5, 1]",0,0,0,1,0,0,0,0,0,1,25
2024421402682,2024,421402682,544175,196071,0.08233,51.64496,3,3,5,17:36,-1,E07000072,3,2,1,0,1,19,5,5,0,0,0,1,0,0,0,0,1,1,25
2024421402694,2024,421402694,572800,208174,0.50164,51.74562,2,"[3, 2]",5,16:42,-1,E07000070,3,2,4,0,1,"[19, 3, 4]",2,6,0,"[4, 0, 1]",0,1,0,0,0,0,0,1,25
2024421402695,2024,421402695,572923,208339,0.50351,51.74706,3,3,5,17:17,-1,E07000070,3,2,1,0,1,"[19, 4]",2,6,0,"[0, 1]",0,1,0,0,0,0,0,1,25
2024421402699,2024,421402699,544207,195516,0.08257,51.63997,3,3,5,18:17,-1,E07000072,1,2,1,0,2,19,2,6,0,"[0, 7]",0,1,0,0,0,0,0,1,25
2024421402705,2024,421402705,546782,211037,0.12628,51.77876,2,"[2, 3]",5,17:05,-1,E07000073,6,2,1,0,2,"[3, 19]",6,2,0,0,0,1,0,0,0,0,0,1,25
2024421402706,2024,421402706,577063,223043,0.57092,51.87784,2,2,5,14:26,-1,E07000067,6,0,1,0,1,"[7, 19]","[1, 7]",3,0,0,0,1,1,0,0,0,0,1,25
2024421402708,2024,421402708,577765,186066,0.56226,51.54549,2,2,5,17:00,-1,E07000069,4,2,1,1,1,10,1,3,0,0,0,1,0,0,0,0,1,1,25
2024421402724,2024,421402724,577972,185198,0.56481,51.53763,3,3,5,20:00,-1,E07000069,4,2,1,0,2,"[6, 19]","[5, 1]","[1, 5]",0,0,0,1,0,1,0,0,0,1,25
2024421402727,2024,421402727,585453,223628,0.69298,51.88037,3,3,5,18:51,-1,E07000067,4,2,8,0,2,"[7, 19]","[4, 7]","[1, 3]",0,"[0, 7]",0,1,0,0,0,0,0,1,25
2024421402786,2024,421402786,559842,193679,0.30748,51.61924,2,2,6,08:01,-1,E07000068,3,0,1,1,1,19,1,1,0,0,0,1,0,0,0,0,1,1,26
2024421402927,2024,421402927,544907,210385,0.09885,51.77339,2,2,6,11:30,-1,E07000073,6,0,1,0,1,"[19, 5]","[7, 8]","[3, 5]",0,0,0,1,0,0,0,1,0,1,26
2024421403015,2024,421403015,555181,202195,0.24399,51.69705,3,3,6,14:42,-1,E07000072,3,0,1,1,2,4,2,6,0,1,4,1,0,0,0,0,0,1,26
2024421403071,2024,421403071,562463,179268,0.33866,51.48902,3,3,6,18:09,-1,E06000034,3,2,1,0,1,"[15, 8]",3,7,0,0,0,1,0,1,0,0,0,1,26
2024421403079,2024,421403079,576687,193171,0.5503,51.60965,3,3,6,19:28,-1,E07000066,3,0,1,0,1,19,7,4,0,1,0,1,0,0,0,0,0,1,26
2024421403081,2024,421403081,570912,207271,0.47388,51.73808,3,3,6,17:35,-1,E07000070,4,2,1,0,1,"[5, 9]","[1, 5]","[5, 7]",0,0,0,1,0,0,0,0,0,1,26
2024421403189,2024,421403189,544345,195509,0.08456,51.63987,3,3,2,17:18,-1,E07000072,3,2,1,0,2,"[4, 19]",1,5,0,0,0,1,0,0,0,0,0,1,22
2024421403200,2024,421403200,559977,233646,0.32786,51.97825,3,3,7,07:57,-1,E07000077,4,0,1,2,2,19,4,8,0,"[0, 7]",0,1,0,0,0,0,0,1,27
2024421403229,2024,421403229,558787,182666,0.28729,51.5206,3,3,7,08:34,-1,E06000034,6,0,1,0,2,4,5,1,0,0,0,1,0,0,0,0,0,1,27
2024421403263,2024,421403263,589268,216679,0.74454,51.81668,2,2,7,13:31,-1,E07000071,4,0,1,0,2,19,6,2,7,0,0,0,0,1,0,0,0,1,27
2024421403407,2024,421403407,582566,201097,0.63924,51.67896,2,2,7,23:54,-1,E07000074,6,2,1,1,2,19,8,4,0,7,0,1,0,0,0,0,0,1,27
2024421403578,2024,421403578,600782,225680,0.91658,51.89349,2,"[3, 2]",1,00:02,-1,E07000071,3,2,1,2,1,19,8,4,7,0,0,1,0,0,0,0,0,1,28
2024421403583,2024,421403583,570490,203072,0.46572,51.70049,3,3,1,15:19,-1,E07000070,4,0,1,0,1,5,1,5,0,0,0,1,0,1,0,0,0,1,28
2024421403632,2024,421403632,579054,205156,0.59059,51.71655,3,3,4,16:58,-1,E07000070,3,0,1,0,2,19,7,"[3, 5]",0,0,0,1,0,0,0,0,0,1,24
2024421403647,2024,421403647,547480,204170,0.13348,51.71687,3,3,6,09:30,-1,E07000072,6,0,1,0,2,"[8, 19]","[3, 1]",5,0,0,0,1,0,0,0,0,0,1,19
2024421403648,2024,421403648,560188,177909,0.3053,51.47746,3,3,2,07:17,-1,E06000034,6,0,1,0,1,"[5, 19]","[5, 3]","[3, 7]",0,0,0,1,1,0,0,0,0,1,29
2024421403668,2024,421403668,576222,223269,0.55883,51.88014,3,3,5,17:00,-1,E07000067,4,2,1,0,1,"[19, 8]",3,"[7, 5]",0,0,0,1,0,0,0,0,0,1,25