collision_index,collision_year,collision_ref_no,location_easting_osgr,location_northing_osgr,longitude,latitude,casualty_severity,casualty_severity,day_of_week,time,local_authority_district,local_authority_ons_district,first_road_class,light_conditions,weather_conditions,road_surface_conditions,urban_or_rural_area,vehicle_manoeuvre,vehicle_direction_from,vehicle_direction_to,hit_object_in_carriageway,vehicle_leaving_carriageway,hit_object_off_carriageway,is_car,is_cyle,is_mcyle,is_goodsv,is_other,is_pedestrian,month,day
2024421403765,2024,421403765,543874,209985,0.08372,51.77006,3,3,7,16:15,-1,E07000073,6,0,1,0,1,4,5,1,0,0,0,1,0,0,0,0,0,1,20
2024421403799,2024,421403799,569275,183613,0.43877,51.52606,3,3,4,17:00,-1,E06000034,6,2,1,2,1,"[9, 19]","[5, 7]",3,0,0,0,1,1,0,0,0,0,1,17
2024421403819,2024,421403819,584785,191214,0.66609,51.58947,3,3,6,07:50,-1,E07000075,4,0,1,2,1,19,5,1,0,0,0,1,0,0,0,0,1,1,19
2024421403966,2024,421403966,574573,223029,0.53478,51.8785,3,3,2,13:11,-1,E07000067,6,0,1,0,1,9,5,1,0,0,0,0,0,1,0,0,0,1,29
2024421403998,2024,421403998,595471,224850,0.83903,51.88792,2,2,2,12:11,-1,E07000071,3,0,1,1,1,19,3,6,0,0,0,1,0,0,0,0,1,1,29
2024421404049,2024,421404049,576163,197309,0.54482,51.64698,3,3,2,18:10,-1,E07000070,3,2,1,0,2,19,5,1,0,"[0, 1]",0,1,0,0,0,0,0,1,29
2024421404063,2024,421404063,578309,190647,0.57242,51.58646,3,3,2,14:50,-1,E07000069,3,0,1,0,2,4,4,8,0,0,0,1,0,0,1,0,0,1,29
2024421404122,2024,421404122,544275,195863,0.08369,51.64307,3,3,5,17:00,-1,E07000072,6,2,1,0,1,"[8, 9]",2,4,0,0,0,1,0,0,0,0,0,1,25
2024421404127,2024,421404127,566340,200576,0.40454,51.67932,3,3,6,14:00,-1,E07000070,6,0,1,0,2,"[1, 19]","[1, 7]","[5, 3]",0,0,0,1,1,0,0,0,0,1,19
2024421404141,2024,421404141,587376,188722,0.70212,51.56624,3,3,7,00:30,-1,E06000033,3,2,1,0,1,19,5,1,0,0,0,1,0,0,0,0,0,1,20
2024421404238,2024,421404238,552150,221685,0.20871,51.87299,2,2,2,16:50,-1,E07000077,1,2,8,1,2,7,1,6,0,0,0,0,0,1,0,0,0,1,29
2024421404271,2024,421404271,554274,238657,0.24714,52.02488,3,3,3,18:27,-1,E07000077,6,2,1,1,1,"[19, 7]",5,"[3, 7]",0,0,0,1,0,0,0,0,0,1,23
2024421404306,2024,421404306,547728,209565,0.13936,51.76528,2,2,5,11:20,-1,E07000073,6,0,8,-1,1,19,3,7,0,0,0,0,0,0,1,0,0,1,18
2024421404311,2024,421404311,559218,178476,0.2916,51.48283,3,3,3,15:15,-1,E06000034,6,0,1,0,1,19,3,7,0,0,0,1,0,0,0,0,1,1,23
2024421404370,2024,421404370,580849,187141,0.60724,51.55416,3,3,2,11:50,-1,E07000069,3,0,1,0,1,3,7,3,0,0,0,1,0,0,0,0,0,1,22
2024421404422,2024,421404422,599257,224882,0.89399,51.88687,3,3,2,16:35,-1,E07000071,3,0,1,0,1,5,3,7,0,0,0,1,0,0,0,0,0,1,22
2024421404638,2024,421404638,555270,204285,0.24621,51.71581,3,3,6,08:15,-1,E07000072,6,0,8,2,2,7,5,7,0,0,0,1,0,0,0,0,1,1,19
2024421404682,2024,421404682,568218,229319,0.44561,51.93695,3,3,4,08:23,-1,E07000067,6,0,1,1,2,19,5,1,0,7,0,1,0,0,0,0,0,1,31
2024421404685,2024,421404685,584688,186032,0.66197,51.54296,3,3,2,09:40,-1,E06000033,6,0,1,0,1,"[2, 19]","[0, 5]","[0, 3]",0,0,0,1,0,0,0,0,0,1,22
2024421404780,2024,421404780,546069,198747,0.1108,51.66852,3,3,4,07:51,-1,E07000072,4,0,1,0,2,"[19, 5]","[1, 6, 4]","[4, 6, 8]",0,0,0,1,0,0,0,0,0,1,31
2024421404793,2024,421404793,623644,230344,1.25132,51.92666,3,3,2,11:42,-1,E07000076,6,0,1,0,1,1,3,7,0,0,0,1,0,0,0,0,1,1,22
2024421404840,2024,421404840,594635,225088,0.82703,51.89035,3,3,4,11:25,-1,E07000071,3,0,1,0,2,19,3,7,0,0,0,1,0,0,0,0,0,1,31
2024421404964,2024,421404964,596216,201274,0.83653,51.67595,3,3,4,15:38,-1,E07000074,6,0,1,0,2,19,7,3,0,1,0,1,0,0,0,0,0,1,31
2024421404968,2024,421404968,570876,188224,0.46406,51.567,2,2,4,15:26,-1,E07000066,6,0,1,0,1,19,7,5,0,0,0,1,0,0,0,0,1,1,31
2024421405003,2024,421405003,582222,189148,0.62806,51.57175,3,3,4,18:30,-1,E07000075,3,0,1,0,1,19,7,3,0,0,0,1,0,0,0,0,0,1,31
2024421405020,2024,421405020,558580,213024,0.29806,51.79339,3,3,4,20:14,-1,E07000077,3,2,1,1,2,19,1,5,0,7,0,1,0,0,0,0,0,1,31
2024421405043,2024,421405043,559758,188712,0.30401,51.57464,3,3,4,21:55,-1,E07000068,3,2,2,1,2,"[19, 11]",7,3,"[10, 0]","[1, 0]",0,1,0,0,0,0,0,1,31
2024421405060,2024,421405060,600811,224452,0.91629,51.88245,3,3,5,00:22,-1,E07000071,6,2,1,1,1,"[19, 2]","[3, 1, 5]","[7, 5]",0,0,0,1,0,0,0,0,0,2,1
2024421405066,2024,421405066,587521,186672,0.70312,51.54778,3,3,6,05:43,-1,E06000033,4,2,2,1,1,19,"[5, 1]","[1, 5]",0,0,0,1,0,0,0,0,0,1,26
2024421405154,2024,421405154,587119,219613,0.71498,51.84376,2,2,5,08:10,-1,E07000067,4,0,1,0,2,19,7,3,0,0,0,0,1,0,0,0,0,2,1
2024421405233,2024,421405233,566729,187784,0.40407,51.56429,3,3,3,10:00,-1,E07000066,6,0,1,0,1,1,-1,-1,0,0,0,1,0,0,0,0,1,1,16
2024421405273,2024,421405273,540176,199620,0.026,51.67786,3,3,4,17:36,-1,E07000072,1,2,1,0,2,"[12, 19]",3,7,0,0,0,1,0,0,1,0,0,1,31
2024421405318,2024,421405318,550648,238508,0.19427,52.02454,3,3,5,17:20,-1,E07000077,1,2,1,0,2,19,8,4,0,0,0,1,0,0,0,0,0,2,1
2024421405402,2024,421405402,572017,191793,0.48225,51.59871,2,2,6,02:00,-1,E07000066,6,2,2,1,2,19,7,3,0,0,0,0,0,0,0,1,1,2,2
2024421405404,2024,421405404,553868,238433,0.24113,52.02298,3,3,7,13:54,-1,E07000077,4,0,1,0,1,"[3, 19]",3,7,0,0,0,1,0,1,0,0,0,1,13
2024421405406,2024,421405406,545131,207832,0.10103,51.75039,3,3,5,19:25,-1,E07000073,6,2,1,0,1,9,2,8,0,0,0,1,0,0,0,0,1,2,1
2024421405526,2024,421405526,570954,206369,0.47405,51.72997,3,3,5,11:00,-1,E07000070,6,0,1,0,1,19,1,3,0,0,0,1,0,0,0,0,1,1,18
2024421405543,2024,421405543,542640,209470,0.06564,51.76575,3,3,6,07:20,-1,E07000073,6,2,1,0,1,"[9, 19]","[7, 3]","[5, 7]",0,0,0,1,1,0,0,0,0,2,2
2024421405556,2024,421405556,600398,222769,0.90932,51.86749,2,"[2, 3]",6,12:20,-1,E07000071,4,0,1,0,1,19,"[6, 2]","[2, 6]",0,0,0,1,0,0,0,0,0,2,2
2024421405629,2024,421405629,576885,188413,0.55076,51.56685,2,2,6,14:35,-1,E07000069,6,0,1,0,1,5,7,3,0,0,0,1,0,0,0,0,0,2,2
2024421405663,2024,421405663,599840,229200,0.90495,51.92544,3,3,6,16:13,-1,E07000071,3,0,1,0,2,"[19, 3]",7,3,0,0,0,1,0,0,0,0,0,2,2
2024421405814,2024,421405814,559171,195497,0.29863,51.63576,1,"[2, 1]",6,19:30,-1,E07000068,6,2,1,0,2,19,"[5, 1]","[1, 5]",0,"[1, 0]",0,1,0,0,0,0,0,2,2
2024421405916,2024,421405916,561218,178012,0.32017,51.4781,3,3,7,14:09,-1,E06000034,3,0,1,0,1,19,3,1,0,0,0,1,0,0,0,0,1,2,3
2024421405931,2024,421405931,572153,229683,0.50298,51.93902,2,2,7,14:34,-1,E07000067,4,0,8,1,2,19,5,1,0,7,0,1,0,0,0,0,0,2,3
2024421405934,2024,421405934,584635,236978,0.68827,52.00054,1,"[1, 2]",7,10:39,-1,E07000067,3,0,1,0,2,19,"[5, 1]","[1, 5]","[0, 11]","[0, 7]",0,1,0,1,0,0,0,2,3
2024421405944,2024,421405944,569650,182869,0.44381,51.51926,2,2,7,12:15,-1,E06000034,6,0,1,0,1,7,3,7,0,0,0,1,0,0,0,0,1,2,3
2024421405949,2024,421405949,574353,189054,0.51459,51.57339,3,3,7,13:53,-1,E07000066,6,0,1,0,1,"[2, 20]","[0, 5]","[0, 5]",0,"[0, 7]",0,1,0,0,0,0,0,2,3
2024421405963,2024,421405963,576427,218827,0.55954,51.84017,3,3,6,20:45,-1,E07000067,6,2,1,1,2,19,6,2,10,1,7,1,0,0,0,0,0,2,2
2024421405970,2024,421405970,618390,215086,1.16539,51.79177,3,3,7,15:00,-1,E07000076,6,0,1,0,1,19,6,2,0,0,0,1,0,0,0,0,1,2,3
2024421405980,2024,421405980,576584,194993,0.54973,51.62604,3,3,7,16:45,-1,E07000070,3,0,1,1,2,"[3, 19]",3,7,0,0,0,1,0,0,0,0,0,2,3
2024421406007,2024,421406007,588631,186034,0.71877,51.54168,2,2,7,20:31,-1,E06000033,6,2,1,1,1,19,5,3,0,0,0,1,0,0,0,0,1,2,3
2024421406019,2024,421406019,587483,188768,0.70369,51.56661,3,3,6,09:16,-1,E06000033,6,0,8,1,1,"[13, 19]","[6, 2]","[2, 6]",0,0,0,1,0,0,1,0,0,2,2
2024421406086,2024,421406086,573006,188989,0.49514,51.57322,3,3,7,11:00,-1,E07000066,6,0,1,0,1,"[5, 11]",5,7,0,0,0,1,0,1,0,0,0,2,3
2024421406166,2024,421406166,580785,236611,0.63206,51.99851,1,1,7,23:18,-1,E07000067,6,2,1,1,2,19,7,3,0,7,4,1,0,0,0,0,0,2,3
2024421406176,2024,421406176,571826,204684,0.48583,51.71457,2,2,1,13:39,-1,E07000070,6,0,1,0,1,19,7,3,0,0,0,1,0,0,0,0,1,2,4
2024421406201,2024,421406201,602448,224395,0.94001,51.88135,2,2,1,14:40,-1,E07000071,3,0,1,0,2,19,3,7,0,0,0,1,0,0,0,0,1,2,4
2024421406205,2024,421406205,551626,221674,0.2011,51.87303,3,3,1,13:50,-1,E07000077,1,0,1,0,2,19,1,5,0,0,0,1,0,0,0,0,0,2,4
2024421406237,2024,421406237,543054,206872,0.07057,51.7423,2,2,1,17:36,-1,E07000072,4,2,1,1,2,19,8,4,0,1,0,1,0,0,0,0,0,2,4
2024421406261,2024,421406261,601129,220474,0.91859,51.84662,3,3,3,20:15,-1,E07000071,4,2,1,0,2,"[3, 4]",1,5,0,0,0,1,0,0,0,0,0,1,30
2024421406370,2024,421406370,616943,214755,1.14424,51.78936,3,3,2,09:09,-1,E07000076,6,0,1,0,1,"[1, 19]","[3, 1]","[8, 5]",0,0,0,1,0,1,0,0,0,2,5
2024421406378,2024,421406378,554999,178396,0.23086,51.48328,3,3,4,08:45,-1,E06000034,6,0,1,0,1,19,1,5,0,0,0,1,0,0,0,0,1,1,17
2024421406398,2024,421406398,541889,200275,0.05102,51.68332,3,3,6,21:00,-1,E07000072,6,2,1,0,2,"[19, -1]","[5, -1]","[1, -1]","[0, -1]","[1, -1]",0,1,0,0,1,0,0,2,2
2024421406414,2024,421406414,595205,224747,0.83511,51.88709,3,3,2,13:05,-1,E07000071,3,0,1,0,1,"[7, 19]",-1,-1,0,0,0,1,0,0,0,0,0,1,15
2024421406420,2024,421406420,574880,193758,0.52453,51.61548,3,3,7,11:40,-1,E07000066,6,0,1,0,1,"[4, 19]",7,3,0,0,0,1,0,0,0,0,0,2,3
2024421406447,2024,421406447,584150,186882,0.65467,51.55077,3,3,6,08:15,-1,E06000033,6,0,8,-1,1,"[19, -1]","[3, -1]","[7, -1]","[0, -1]","[0, -1]",0,1,1,0,0,0,0,2,2
2024421406449,2024,421406449,577877,244720,0.59396,52.07227,2,2,1,13:24,-1,E07000067,6,0,1,0,2,-1,-1,-1,-1,-1,0,0,1,0,0,0,0,2,4
2024421406618,2024,421406618,583152,186298,0.63998,51.54585,3,3,4,15:21,-1,E06000033,6,0,1,0,1,19,1,5,0,0,0,0,0,0,0,1,1,1,31
2024421406631,2024,421406631,587276,186619,0.69956,51.54738,3,3,3,08:30,-1,E06000033,6,0,1,0,1,"[2, 19]",5,1,0,0,0,1,0,0,0,0,0,1,30
2024421406660,2024,421406660,567943,189110,0.42221,51.57584,3,3,6,09:00,-1,E07000066,6,0,1,0,1,"[19, 8]",5,"[1, 7]",0,0,0,1,0,0,0,0,0,2,2
2024421406679,2024,421406679,589713,186719,0.73472,51.54747,3,3,5,17:00,-1,E06000033,6,2,9,0,1,2,0,0,0,0,0,1,0,0,0,0,1,1,25
2024421406813,2024,421406813,596839,229518,0.86155,51.92936,2,2,1,10:45,-1,E07000071,6,0,1,0,2,"[9, 19]","[2, 4]",7,0,"[0, 1]",0,1,1,0,0,0,0,1,28
2024421406817,2024,421406817,559275,192953,0.29897,51.61288,3,3,3,07:03,-1,E07000068,4,2,1,0,1,19,1,5,0,0,0,1,0,0,0,0,1,2,6
2024421406819,2024,421406819,542715,199404,0.06261,51.67528,3,3,3,08:28,-1,E07000072,3,0,1,0,2,19,"[7, 6]",2,0,"[0, 1]",0,1,0,1,0,0,0,2,6
2024421406858,2024,421406858,565188,199733,0.38749,51.67208,3,3,6,15:55,-1,E07000068,4,0,1,0,2,"[19, 3]",2,6,0,0,0,1,0,0,0,0,0,1,26
2024421406872,2024,421406872,585718,186920,0.67728,51.5506,3,3,3,09:00,-1,E06000033,6,0,1,0,1,19,3,7,0,0,0,1,0,0,0,0,1,2,6
2024421406957,2024,421406957,602205,224507,0.93655,51.88244,3,3,3,16:54,-1,E07000071,3,2,1,0,2,19,8,4,0,0,0,1,0,0,0,0,0,2,6
2024421406961,2024,421406961,609725,221404,1.04376,51.85181,3,3,3,17:11,-1,E07000076,6,2,4,1,2,19,"[7, 8]","[3, 5]",0,"[7, 3]","[0, 9]",1,0,0,0,0,0,2,6
2024421406970,2024,421406970,580580,183620,0.60156,51.52262,2,2,3,17:11,-1,E07000069,4,2,1,0,1,15,3,7,0,0,0,1,0,0,0,0,1,2,6
2024421406986,2024,421406986,570446,206161,0.46659,51.72826,3,3,6,22:48,-1,E07000070,6,2,1,0,1,7,2,4,0,0,0,0,1,0,0,0,0,2,2
2024421407011,2024,421407011,567008,195180,0.41161,51.63065,2,2,3,23:00,-1,E07000066,6,2,2,1,1,19,3,7,0,0,0,1,0,0,0,0,1,2,6
2024421407039,2024,421407039,586579,191970,0.69236,51.59567,2,2,2,15:00,-1,E07000075,6,0,1,0,1,19,7,3,0,0,0,1,0,0,0,0,1,1,22
2024421407046,2024,421407046,558024,181301,0.27569,51.50855,3,3,2,15:25,-1,E06000034,6,0,1,0,1,19,3,7,0,0,0,1,0,0,0,0,1,1,29
2024421407051,2024,421407051,569439,204903,0.45142,51.71726,2,2,3,17:50,-1,E07000070,3,2,1,0,2,19,2,6,0,0,0,1,0,0,0,0,0,1,30
2024421407096,2024,421407096,617435,215244,1.15167,51.79356,2,2,5,13:30,-1,E07000076,6,0,1,0,1,19,2,6,0,0,0,1,0,0,0,0,1,1,18
2024421407112,2024,421407112,599341,224889,0.89521,51.88691,3,3,4,19:00,-1,E07000071,3,2,1,0,1,19,"[7, 3]","[3, 7]",0,0,0,1,0,0,0,0,0,1,31
2024421407131,2024,421407131,552612,196528,0.20437,51.64684,3,3,4,18:25,-1,E07000068,1,2,1,0,2,19,8,4,0,0,0,1,0,0,0,0,0,1,31
2024421407146,2024,421407146,577808,222665,0.58154,51.87421,3,3,6,15:16,-1,E07000067,6,0,9,0,1,19,1,5,0,0,0,1,0,0,0,0,1,1,26
2024421407161,2024,421407161,560930,188857,0.32098,51.57561,3,3,4,16:35,-1,E07000068,3,0,1,0,2,"[4, 19]",6,2,0,0,0,1,0,0,0,0,0,1,31
2024421407189,2024,421407189,582151,189163,0.62705,51.57191,2,2,4,08:05,-1,E07000075,3,0,1,1,1,"[11, 13, 19]","[3, 4]",7,0,0,0,1,0,1,0,0,0,2,7
2024421407240,2024,421407240,546453,198702,0.11633,51.66801,3,3,4,10:40,-1,E07000072,1,0,1,1,2,19,6,1,"[0, 7]",0,0,1,0,0,0,0,0,2,7
2024421407250,2024,421407250,577383,192711,0.56011,51.6053,3,3,4,08:00,-1,E07000075,3,0,1,1,2,"[19, 11]",1,5,0,"[1, 0]",0,1,0,1,0,0,0,2,7
2024421407339,2024,421407339,580866,190916,0.60943,51.58807,3,3,4,15:23,-1,E07000075,4,0,1,1,1,19,6,2,0,0,0,1,0,0,0,0,1,2,7
2024421407366,2024,421407366,574524,190062,0.51755,51.58239,3,3,4,16:40,-1,E07000066,6,0,1,0,1,"[2, 19]",1,5,0,0,0,1,0,0,0,0,0,2,7
2024421407397,2024,421407397,617581,215212,1.15376,51.79322,2,2,4,18:01,-1,E07000076,3,2,1,0,1,19,8,4,0,0,0,1,1,0,0,0,0,2,7
2024421407441,2024,421407441,543783,204429,0.08011,51.72016,3,3,3,14:40,-1,E07000072,4,0,9,-1,2,19,-1,-1,0,0,0,1,0,0,0,0,0,1,16
2024421407585,2024,421407585,547202,204398,0.12956,51.719,3,3,6,10:00,-1,E07000072,4,0,9,-1,2,19,-1,-1,"[-1, 0]",0,0,1,0,0,0,0,0,1,19
2024421407659,2024,421407659,581631,214127,0.63253,51.79629,3,3,2,08:15,-1,E07000067,6,0,9,-1,1,"[5, 19]",-1,-1,0,0,0,1,1,0,0,0,0,1,29
2024421407737,2024,421407737,578414,191872,0.57456,51.59743,3,3,5,17:15,-1,E07000075,3,2,2,1,2,19,6,1,0,1,0,1,0,0,0,0,0,2,8
2024421407757,2024,421407757,564965,181174,0.37555,51.50542,3,3,5,16:50,-1,E06000034,3,2,2,1,2,"[19, 11]",6,"[3, 2]",0,"[1, 0]","[0, 2]",1,0,0,0,0,0,2,1
2024421407783,2024,421407783,589535,185368,0.73143,51.53539,3,3,5,16:54,-1,E06000033,6,0,2,1,1,4,3,7,0,0,0,1,0,0,0,0,1,2,8
2024421407790,2024,421407790,564201,176281,0.36228,51.46169,3,3,5,15:54,-1,E06000034,6,0,2,1,1,19,3,7,0,0,0,1,0,0,0,0,1,2,8
2024421407799,2024,421407799,588952,215530,0.73933,51.80647,2,"[3, 2]",5,20:10,-1,E07000071,4,2,2,1,2,19,"[2, 6]","[6, 2]",0,"[1, 0]",0,1,0,0,0,0,0,2,8
2024421407832,2024,421407832,545644,200563,0.10542,51.68494,3,3,5,22:30,-1,E07000072,1,2,2,1,2,19,8,4,"[0, 7]",0,0,1,0,0,1,0,0,2,8
2024421407843,2024,421407843,580146,191463,0.59933,51.59321,2,2,5,05:25,-1,E07000075,3,2,2,1,1,19,"[3, 1]","[1, 3]",0,0,0,1,0,0,0,0,0,2,8
2024421407848,2024,421407848,577183,222088,0.57217,51.86922,2,2,3,16:55,-1,E07000067,6,2,1,0,1,19,3,7,0,0,0,0,1,0,0,0,0,1,30
2024421407941,2024,421407941,609592,231015,1.04767,51.93815,3,3,6,08:26,-1,E07000076,4,0,1,1,2,"[2, 19]","[0, 1]","[0, 1]",0,0,0,1,0,0,0,0,0,2,9
2024421407983,2024,421407983,557910,222359,0.29261,51.87744,2,"[2, 3]",6,07:46,-1,E07000077,3,0,2,1,2,"[2, 19]","[0, 7]","[0, 3]","[0, 10]",1,10,1,0,0,0,0,0,2,9
2024421408021,2024,421408021,581189,214818,0.62649,51.80264,3,3,6,11:02,-1,E07000067,6,0,2,1,1,"[7, 19]","[7, 8]","[8, 4]",0,0,0,1,1,0,0,0,0,2,9
2024421408080,2024,421408080,595919,222356,0.84412,51.86537,3,3,6,13:40,-1,E07000071,4,0,2,1,2,"[19, 3]","[7, 3]","[3, 7]","[10, 0]","[1, 0]",0,1,0,0,0,0,0,2,9
2024421408174,2024,421408174,548355,211393,0.14922,51.78154,3,3,6,16:58,-1,E07000073,6,2,1,0,1,19,"[4, 3]",8,0,0,0,1,0,0,0,1,0,2,9
2024421408189,2024,421408189,578650,232376,0.59879,51.96116,3,3,6,16:54,-1,E07000067,3,0,1,1,2,"[19, 10]",1,5,0,0,0,1,0,0,0,0,0,2,9
2024421408209,2024,421408209,593350,224631,0.80813,51.8867,2,2,6,14:33,-1,E07000071,3,0,1,0,2,19,2,6,0,0,0,1,0,0,0,0,0,2,9
2024421408216,2024,421408216,580214,187232,0.59814,51.55518,3,3,6,21:00,-1,E07000069,6,2,2,1,1,"[19, 5]","[8, 6]","[4, 2]",0,"[0, 3]",0,1,0,0,0,0,0,2,9
2024421408219,2024,421408219,544020,209906,0.0858,51.76931,3,3,6,16:50,-1,E07000073,6,0,2,1,1,"[-1, 19]","[-1, 3]","[-1, 7]","[-1, 0]","[-1, 1]","[0, 7]",1,0,0,0,0,0,2,9
2024421408288,2024,421408288,579086,191780,0.5842,51.59639,3,3,7,06:24,-1,E07000075,3,2,1,1,2,7,5,7,7,0,0,1,0,0,0,0,0,2,10
2024421408353,2024,421408353,586859,187293,0.69391,51.55357,3,3,7,08:36,-1,E06000033,6,0,1,1,1,"[2, 19]","[0, 1]","[0, 5]",0,0,0,1,0,0,0,0,0,2,10
2024421408402,2024,421408402,589693,216037,0.75035,51.81077,3,3,7,12:24,-1,E07000071,4,0,1,0,2,"[19, 3]","[4, 6]","[8, 2]",0,0,0,1,0,0,0,0,0,2,10
2024421408407,2024,421408407,579706,184258,0.5893,51.52863,3,3,6,16:10,-1,E07000069,4,0,1,0,1,"[19, 5]","[8, 2]","[4, 8]",0,0,0,1,0,0,0,0,0,2,9
2024421408467,2024,421408467,559316,193306,0.29972,51.61604,3,3,7,18:30,-1,E07000068,4,2,2,1,1,19,"[5, 8]",5,"[0, 9]",0,0,1,0,0,0,0,0,2,10
2024421408496,2024,421408496,584191,186888,0.65526,51.55081,3,3,7,18:35,-1,E06000033,6,2,2,1,1,19,1,1,"[7, 0]","[7, 0]",0,1,0,0,0,0,0,2,10
2024421408584,2024,421408584,558268,183085,0.28,51.52451,3,3,1,11:20,-1,E06000034,6,2,1,1,2,19,"[5, 1]","[2, 5]",0,"[0, 1]",0,1,0,0,0,0,0,2,11
2024421408592,2024,421408592,574048,209043,0.52014,51.75304,3,3,1,10:26,-1,E07000070,3,0,1,0,2,19,5,1,0,0,0,0,0,0,1,0,1,2,11
2024421408656,2024,421408656,546039,201603,0.11156,51.69419,3,3,1,17:06,-1,E07000072,6,0,1,0,1,"[2, 19]","[0, 2]","[0, 6]","[0, 4]",0,0,1,0,0,0,0,0,2,11
2024421408669,2024,421408669,579888,189724,0.59472,51.57767,3,3,1,16:04,-1,E07000075,3,0,1,0,2,11,7,3,0,1,0,1,0,0,0,0,0,2,11
2024421408699,2024,421408699,622074,222080,1.22321,51.85311,2,2,7,19:35,-1,E07000076,4,2,1,1,2,"[19, 2]","[7, 0, 3]","[3, 0, 7]","[7, 0, 4]","[1, 0]","[2, 0]",1,0,0,0,0,0,2,10
2024421408720,2024,421408720,573608,193252,0.50592,51.61133,2,"[3, 2]",7,20:02,-1,E07000066,6,2,2,1,1,"[5, 19]","[1, 7]","[5, 3]",0,"[1, 8]","[10, 0]",1,0,0,0,0,0,2,10
2024421408781,2024,421408781,569985,208938,0.46128,51.75334,3,3,5,15:25,-1,E07000070,6,0,1,0,1,"[4, 19]",3,7,0,0,0,1,0,1,0,0,0,2,8
2024421408804,2024,421408804,568075,194721,0.4268,51.6262,3,3,4,18:00,-1,E07000066,6,2,1,0,1,19,5,1,0,0,0,1,0,0,0,0,1,2,7
2024421408822,2024,421408822,559372,193665,0.30069,51.61925,3,3,5,20:26,-1,E07000068,6,2,9,-1,1,19,5,1,0,0,0,1,0,0,0,0,1,2,8
2024421408824,2024,421408824,563261,179684,0.35033,51.49253,3,3,2,18:44,-1,E06000034,3,2,8,0,1,"[3, 19]",-1,-1,0,0,0,1,0,0,0,0,0,1,29
2024421408874,2024,421408874,617674,214715,1.1548,51.78872,3,3,1,23:00,-1,E07000076,6,2,1,0,1,19,7,3,0,0,0,1,0,0,0,0,1,2,4
2024421408902,2024,421408902,600896,225591,0.91819,51.89265,3,3,5,16:40,-1,E07000071,3,0,2,1,1,8,4,7,0,0,0,1,0,0,0,0,0,2,8
2024421408973,2024,421408973,601979,224765,0.93342,51.88484,3,3,5,08:32,-1,E07000071,6,0,2,1,1,"[4, 19]","[7, 3]","[3, 7]",0,0,0,1,0,0,0,0,0,2,8
2024421408976,2024,421408976,584897,207040,0.67607,51.73158,3,3,2,07:04,-1,E07000074,6,0,1,0,1,19,7,3,0,0,0,1,0,0,0,0,1,2,12
2024421409109,2024,421409109,541214,199553,0.04097,51.677,2,"[2, 3]",2,16:50,-1,E07000072,6,2,1,1,2,"[19, 14]",5,1,0,"[0, 7]",0,1,0,0,0,0,0,2,12
2024421409110,2024,421409110,547285,200352,0.12905,51.68262,3,3,2,15:40,-1,E07000072,1,0,1,0,2,19,6,2,0,0,0,1,0,0,1,0,0,2,12
2024421409118,2024,421409118,579594,191634,0.59145,51.59492,2,2,2,17:18,-1,E07000075,3,0,1,0,1,"[9, 13]",3,"[5, 3]",0,0,0,1,0,1,0,0,0,2,12
2024421409250,2024,421409250,563629,176300,0.35406,51.46202,2,2,3,05:57,-1,E06000034,3,2,1,0,1,"[9, 19]","[1, 8]","[5, 4]",0,0,0,1,0,1,0,0,0,2,13
2024421409287,2024,421409287,589797,186327,0.73572,51.54392,3,3,2,18:00,-1,E06000033,6,2,1,0,1,19,"[3, 1]","[7, 5]",0,0,0,1,0,1,0,0,0,2,5
2024421409316,2024,421409316,583272,185843,0.64148,51.54172,3,3,4,09:00,-1,E06000033,6,0,8,1,2,"[19, 8]",3,7,0,0,0,1,0,0,0,0,0,2,7
2024421409364,2024,421409364,599234,224967,0.89371,51.88764,3,3,2,07:45,-1,E07000071,6,0,1,0,1,"[7, 19]","[3, 1]",5,0,0,0,0,1,0,1,0,0,2,5
2024421409395,2024,421409395,585708,218552,0.69395,51.8347,3,3,7,14:20,-1,E07000067,6,0,1,0,2,"[7, 4]","[2, 3]","[4, 7]",0,0,0,0,0,1,1,0,0,2,3
2024421409486,2024,421409486,581122,191996,0.61368,51.59768,3,3,3,13:00,-1,E07000075,6,0,1,1,1,"[19, 4]",8,8,0,0,0,1,0,0,0,0,0,2,13
2024421409526,2024,421409526,582328,230324,0.65117,51.94154,2,2,3,16:37,-1,E07000067,3,2,2,1,1,19,7,3,0,0,0,1,0,0,0,0,1,2,13
2024421409555,2024,421409555,579303,211876,0.59765,51.77683,2,2,3,18:04,-1,E07000067,4,2,1,1,2,"[14, 20]",2,6,0,0,0,1,0,0,0,0,1,2,13
2024421409566,2024,421409566,555824,201584,0.25301,51.69139,3,3,3,17:00,-1,E07000072,3,2,1,1,2,19,8,4,0,1,4,1,0,0,0,0,0,2,13
2024421409624,2024,421409624,559434,177811,0.29441,51.4768,3,3,4,03:20,-1,E06000034,3,2,1,0,1,"[2, 1]","[0, 3]","[0, 7]",0,0,0,1,0,0,0,0,0,2,14
2024421409646,2024,421409646,558996,179817,0.28901,51.49494,3,3,5,10:30,-1,E06000034,3,0,2,1,2,"[19, 11]",7,3,0,0,0,1,0,0,1,0,0,2,8
2024421409662,2024,421409662,564148,178483,0.36254,51.48149,3,3,7,18:30,-1,E06000034,6,0,1,0,1,"[2, -1]","[0, -1]","[0, -1]","[0, -1]","[0, -1]",0,1,0,0,0,0,0,2,3