collision_index,collision_year,collision_ref_no,location_easting_osgr,location_northing_osgr,longitude,latitude,casualty_severity,casualty_severity,day_of_week,time,local_authority_district,local_authority_ons_district,first_road_class,light_conditions,weather_conditions,road_surface_conditions,urban_or_rural_area,vehicle_manoeuvre,vehicle_direction_from,vehicle_direction_to,hit_object_in_carriageway,vehicle_leaving_carriageway,hit_object_off_carriageway,is_car,is_cyle,is_mcyle,is_goodsv,is_other,is_pedestrian,month,day
2024421409817,2024,421409817,613654,223417,1.10197,51.86839,3,3,4,07:30,-1,E07000076,6,0,1,1,2,19,"[2, 5]","[5, 2]",0,"[0, 1]",0,1,0,0,1,0,0,2,14
2024421409839,2024,421409839,605169,223338,0.97886,51.87087,3,3,4,13:00,-1,E07000071,4,0,1,1,2,19,8,4,0,1,4,1,0,0,0,0,0,2,14
2024421409862,2024,421409862,600338,224433,0.90942,51.88245,3,3,4,15:50,-1,E07000071,6,0,1,0,1,19,-1,-1,0,0,0,1,0,0,0,0,1,2,7
2024421409957,2024,421409957,564302,180880,0.36587,51.50297,2,2,7,21:27,-1,E06000034,3,2,1,1,2,"[19, 12]",3,7,0,"[1, 0]",0,1,0,0,0,0,0,2,10
2024421409979,2024,421409979,577889,222024,0.58238,51.86843,3,3,3,17:40,-1,E07000067,3,2,1,1,1,"[7, 19]",6,"[1, 4]",0,"[1, 7]",0,1,0,0,0,0,0,2,6
2024421410009,2024,421410009,579118,188822,0.58316,51.56981,3,3,4,19:25,-1,E07000069,4,2,1,0,1,5,1,5,0,0,0,1,0,0,0,0,1,2,14
2024421410162,2024,421410162,623634,220356,1.2447,51.83701,3,3,5,09:15,-1,E07000076,6,0,1,1,1,9,"[6, 1]","[3, 7]",0,0,0,1,0,0,0,1,0,2,15
2024421410207,2024,421410207,539398,200982,0.0153,51.69029,3,3,6,21:30,-1,E07000072,6,2,1,1,1,19,-1,-1,0,0,0,1,0,0,0,0,0,2,9
2024421410235,2024,421410235,574575,193281,0.51989,51.61129,3,3,5,10:53,-1,E07000066,3,0,1,1,1,19,1,5,0,0,0,1,0,0,0,0,1,2,15
2024421410335,2024,421410335,595514,223773,0.83905,51.87824,3,3,1,15:03,-1,E07000071,6,0,1,0,1,"[5, 19]","[1, 8]","[5, 3]",0,0,0,1,1,0,0,0,0,2,11
2024421410457,2024,421410457,555496,223221,0.25796,51.88587,3,3,6,07:45,-1,E07000077,6,0,2,1,2,"[5, 19]","[3, 1]",5,0,0,0,1,0,0,0,0,0,2,9
2024421410462,2024,421410462,557246,179921,0.26387,51.49636,3,3,1,14:45,-1,E06000034,3,0,1,0,2,19,"[3, 1]","[7, 5]",0,0,0,1,0,0,0,0,0,2,11
2024421410738,2024,421410738,588535,185097,0.71688,51.53329,3,3,6,12:45,-1,E06000033,6,0,1,0,1,19,7,4,10,1,0,0,1,0,0,0,0,2,16
2024421410801,2024,421410801,587862,185860,0.7076,51.54037,3,3,6,15:55,-1,E06000033,6,0,1,0,1,1,5,3,0,0,0,0,0,0,0,1,1,2,16
2024421410825,2024,421410825,617577,217630,1.15522,51.81493,3,3,6,14:50,-1,E07000076,6,0,1,0,1,"[19, 1]","[1, 7]","[5, 2]",0,0,0,1,0,0,0,0,0,2,16
2024421410836,2024,421410836,592536,199579,0.78244,51.662,2,2,6,19:16,-1,E07000074,4,2,1,0,2,"[9, 19]","[3, 7]","[1, 3]",0,0,0,1,0,0,0,0,0,2,16
2024421410837,2024,421410837,555198,204153,0.24511,51.71464,3,3,6,18:43,-1,E07000072,4,2,1,0,2,"[19, 13]","[2, 5]","[5, 1]",0,0,0,1,0,1,0,0,0,2,16
2024421410847,2024,421410847,616277,228574,1.14324,51.91368,2,2,6,16:50,-1,E07000076,6,0,1,0,2,19,5,1,0,0,0,0,0,1,0,0,0,2,16
2024421410856,2024,421410856,609610,220030,1.04127,51.83952,3,3,6,20:44,-1,E07000076,4,2,1,0,2,19,7,3,0,0,0,1,0,0,0,0,1,2,16
2024421410857,2024,421410857,583758,209578,0.66094,51.75474,3,3,6,19:55,-1,E07000074,4,2,1,0,2,19,5,"[1, 2]",0,0,0,1,0,0,0,0,0,2,16
2024421410885,2024,421410885,591343,185871,0.75774,51.5393,3,3,6,22:52,-1,E06000033,6,2,1,0,1,15,5,1,0,0,0,1,0,0,0,0,1,2,16
2024421410890,2024,421410890,591912,198466,0.77282,51.65222,3,3,6,20:55,-1,E07000074,4,2,1,1,2,19,"[3, 8]","[8, 3]",0,"[1, 7]",0,1,0,0,0,0,0,2,16
2024421410979,2024,421410979,599668,223316,0.89905,51.87266,2,"[3, 2]",7,03:43,-1,E07000071,6,2,1,0,1,19,2,6,0,1,4,1,0,0,0,0,0,2,17
2024421411004,2024,421411004,600038,228421,0.90738,51.91837,3,3,7,12:11,-1,E07000071,6,0,1,0,2,"[19, 9]","[6, 4]","[4, 2]",0,0,0,1,1,0,0,0,0,2,17
2024421411014,2024,421411014,602421,226891,0.94108,51.90377,2,2,7,13:42,-1,E07000071,3,0,1,0,1,19,"[6, 1]","[2, 5]",0,0,0,1,0,0,0,0,0,2,17
2024421411092,2024,421411092,556392,195885,0.25868,51.64003,3,3,7,19:41,-1,E07000068,6,2,1,0,2,19,4,8,0,1,0,1,0,0,0,0,0,2,17
2024421411096,2024,421411096,557452,180962,0.2673,51.50566,2,2,7,16:07,-1,E06000034,1,0,1,0,2,19,5,1,0,0,0,1,0,0,0,0,0,2,17
2024421411114,2024,421411114,560983,180610,0.31797,51.5015,2,2,7,20:40,-1,E06000034,3,2,2,1,2,19,6,2,0,1,0,1,0,0,0,0,0,2,17
2024421411118,2024,421411118,542193,196130,0.05373,51.646,3,3,7,22:15,-1,E07000072,3,2,2,1,1,7,1,4,0,0,0,1,0,0,0,0,1,2,17
2024421411151,2024,421411151,570028,188257,0.45185,51.56755,2,2,7,23:40,-1,E07000066,3,2,2,1,1,19,5,1,0,0,0,1,0,0,0,0,1,2,17
2024421411264,2024,421411264,547668,200927,0.13483,51.68769,3,3,1,12:25,-1,E07000072,1,0,1,1,2,19,"[2, 1]",6,0,0,0,1,0,0,0,0,0,2,18
2024421411349,2024,421411349,551964,235077,0.21192,51.99335,3,3,7,23:50,-1,E07000077,4,2,2,1,2,19,"[1, 5]","[5, 1]",0,0,0,1,0,0,0,0,0,2,17
2024421411720,2024,421411720,574078,203391,0.51775,51.70226,3,3,2,17:08,-1,E07000070,3,0,1,0,2,"[9, 19]",1,5,0,0,0,1,0,0,0,0,0,2,19
2024421411724,2024,421411724,575455,222991,0.54756,51.87788,3,3,2,15:55,-1,E07000067,4,0,1,0,1,"[9, 19]","[3, 1]","[1, 5]",0,0,0,1,0,0,0,0,0,2,19
2024421411734,2024,421411734,543549,209054,0.07863,51.76178,3,3,2,16:50,-1,E07000073,3,0,1,0,2,"[3, 19]",1,5,0,0,0,1,0,0,0,0,0,2,19
2024421411805,2024,421411805,543373,191848,0.06902,51.60722,3,3,5,09:40,-1,E07000072,6,0,1,0,1,"[8, 19]",3,5,0,0,0,1,0,0,0,0,0,2,15
2024421411828,2024,421411828,599224,224946,0.89355,51.88746,3,3,2,07:39,-1,E07000071,3,0,1,1,1,"[4, 19]",1,5,0,0,0,1,0,0,0,0,0,2,12
2024421411830,2024,421411830,601870,226081,0.93261,51.8967,3,3,5,15:10,-1,E07000071,6,0,1,0,1,"[19, 10]","[3, 1]","[7, 3]",0,0,0,1,1,0,0,0,0,2,15
2024421411839,2024,421411839,552276,221604,0.2105,51.87223,3,3,3,07:15,-1,E07000077,1,0,1,1,2,"[8, 4]",1,5,0,0,0,1,0,0,0,0,0,2,20
2024421411873,2024,421411873,579962,183462,0.59258,51.5214,3,3,2,10:15,-1,E07000069,4,0,1,0,1,19,1,5,0,0,0,1,0,0,0,0,1,2,12
2024421411917,2024,421411917,561635,179419,0.32681,51.49062,3,3,7,09:50,-1,E06000034,6,0,1,0,1,19,4,8,0,0,0,1,0,0,0,0,0,2,10
2024421411978,2024,421411978,597445,227379,0.86913,51.90994,3,3,3,07:21,-1,E07000071,3,0,1,0,2,"[19, 4]",1,5,0,0,0,1,0,0,0,0,0,2,20
2024421411985,2024,421411985,597133,225447,0.86349,51.8927,3,3,3,07:47,-1,E07000071,3,0,1,0,2,"[19, 5]","[6, 3]","[1, 8]",0,"[3, 0]","[10, 0]",1,0,0,0,0,0,2,20
2024421412130,2024,421412130,595421,222010,0.8367,51.86244,3,3,3,15:45,-1,E07000071,6,0,1,0,2,19,4,8,0,0,0,1,0,0,0,0,1,2,20
2024421412159,2024,421412159,570140,188438,0.45355,51.56914,2,2,3,17:23,-1,E07000066,6,2,1,0,1,19,5,1,0,0,0,1,0,0,0,0,1,2,20
2024421412186,2024,421412186,618336,222625,1.16936,51.85947,2,2,3,16:51,-1,E07000076,4,0,1,0,2,"[13, 19]","[7, 3]","[3, 6]",0,0,0,1,0,1,0,0,0,2,20
2024421412187,2024,421412187,557505,178542,0.26698,51.4839,3,3,3,19:00,-1,E06000034,3,2,1,0,1,19,5,1,"[0, 11]","[0, 1]","[0, 6]",1,0,1,0,0,0,2,20
2024421412232,2024,421412232,567930,188827,0.42188,51.5733,3,3,2,06:30,-1,E07000066,6,2,1,0,1,19,1,5,0,0,0,1,0,0,0,0,1,2,12
2024421412357,2024,421412357,570603,202696,0.46717,51.69708,3,3,6,19:00,-1,E07000070,6,2,2,1,1,19,5,1,0,0,0,1,0,0,0,0,1,2,9
2024421412513,2024,421412513,600054,224787,0.9055,51.88573,2,2,4,12:45,-1,E07000071,6,0,2,1,1,"[5, 19, 9]","[4, 6]","[7, 4]",0,"[0, 7]",0,1,0,0,1,0,0,2,21
2024421412524,2024,421412524,593554,224197,0.81085,51.88273,3,3,4,09:42,-1,E07000071,4,0,2,1,1,19,2,6,0,0,0,1,0,0,0,0,0,2,21
2024421412579,2024,421412579,542546,199199,0.06008,51.67348,3,3,3,08:15,-1,E07000072,3,0,1,0,2,19,2,6,12,1,0,0,0,1,0,0,0,2,20
2024421412596,2024,421412596,577806,223360,0.58187,51.88045,3,3,4,18:15,-1,E07000067,6,2,2,1,1,4,5,6,0,0,0,1,0,0,0,0,1,2,21
2024421412603,2024,421412603,588805,223303,0.74144,51.87633,3,3,4,17:42,-1,E07000071,3,2,2,1,2,"[13, 10]",7,"[3, 5]",0,0,0,1,0,1,0,0,0,2,21
2024421412681,2024,421412681,552995,226128,0.22294,51.91267,3,3,7,02:13,-1,E07000077,6,2,1,0,2,"[19, 2]","[8, 5]","[4, 1]",4,0,0,1,0,0,0,0,0,2,17
2024421412750,2024,421412750,582513,186559,0.63091,51.5484,3,3,5,07:45,-1,E06000033,6,0,1,1,1,"[5, 9]","[1, 5]","[5, 3]",0,0,0,1,0,0,0,0,0,2,22
2024421412863,2024,421412863,574867,193400,0.52416,51.61227,3,3,3,15:55,-1,E07000066,3,0,1,0,1,19,1,5,0,0,0,1,0,0,0,0,0,2,20
2024421412865,2024,421412865,547882,208515,0.14114,51.75581,3,3,5,10:02,-1,E07000072,6,0,2,1,2,15,3,7,0,7,0,1,0,0,0,0,0,2,22
2024421412924,2024,421412924,568166,188212,0.42499,51.56771,3,3,3,08:05,-1,E07000066,6,2,1,0,1,"[20, 19]",-1,-1,0,0,0,1,0,0,0,0,0,2,13
2024421413006,2024,421413006,585905,208109,0.69122,51.74084,3,3,3,11:55,-1,E07000074,4,0,1,0,1,19,6,2,12,0,0,1,0,0,0,0,1,2,20
2024421413007,2024,421413007,555159,203108,0.24408,51.70526,3,3,5,17:30,-1,E07000072,6,0,2,1,2,5,7,4,0,0,0,1,0,0,0,0,1,2,22
2024421413136,2024,421413136,579902,236218,0.619,51.99526,3,3,6,07:31,-1,E07000067,6,0,1,1,2,19,"[6, 2]","[2, 6]",0,"[1, 0]",0,1,0,0,0,0,0,2,23
2024421413463,2024,421413463,541233,194933,0.03938,51.63548,2,2,6,21:22,-1,E07000072,3,2,1,1,2,19,2,6,0,1,0,1,0,0,0,0,0,2,23
2024421413616,2024,421413616,574478,193558,0.51863,51.61381,2,2,7,11:20,-1,E07000066,6,0,1,1,1,19,1,4,0,0,0,1,0,0,0,0,1,2,24
2024421413631,2024,421413631,600611,224758,0.91357,51.88527,3,3,7,11:06,-1,E07000071,3,0,1,0,1,"[5, 19]","[3, 1]","[7, 5]",0,0,0,1,0,1,0,0,0,2,24
2024421413642,2024,421413642,587992,186168,0.70963,51.54309,3,3,7,11:18,-1,E06000033,3,0,1,0,1,"[5, 9]","[8, 3]","[4, 7]",0,0,0,1,0,0,0,0,0,2,24
2024421413667,2024,421413667,580149,204439,0.60605,51.70976,3,3,7,14:20,-1,E07000074,4,0,1,1,2,"[15, 19]",3,7,"[0, 10]",0,0,1,0,0,0,0,0,2,24
2024421413668,2024,421413668,573615,193252,0.50602,51.61133,3,3,7,10:05,-1,E07000066,3,0,1,0,1,19,"[8, 7]",3,0,"[7, 0]",0,1,0,0,0,0,0,2,24
2024421413920,2024,421413920,545543,209545,0.10771,51.76567,3,3,1,13:41,-1,E07000073,3,0,4,0,2,"[4, 2]",3,7,"[4, 0, 1]",0,0,1,0,0,0,0,0,2,25
2024421413961,2024,421413961,586343,185887,0.68573,51.54111,3,3,1,17:00,-1,E06000033,6,0,1,1,1,"[19, 7]","[7, 1]",3,0,"[1, 0]",0,1,0,0,0,0,0,2,25
2024421413979,2024,421413979,608850,224669,1.03305,51.88145,3,3,1,16:10,-1,E07000076,4,0,1,0,2,"[7, 19]","[4, 6]","[7, 2]",0,0,0,1,0,0,0,0,0,2,25
2024421413984,2024,421413984,551701,222151,0.20239,51.8773,3,3,1,18:00,-1,E07000077,1,2,1,0,2,19,5,1,0,1,7,0,0,0,1,0,0,2,25
2024421414085,2024,421414085,567509,189533,0.41615,51.57977,3,3,3,16:00,-1,E07000066,6,0,9,-1,1,19,7,3,0,0,0,0,0,0,1,0,1,2,13
2024421414086,2024,421414086,592806,185368,0.77853,51.53428,3,3,2,08:30,-1,E06000033,6,0,1,1,1,19,3,7,0,0,0,1,0,0,0,0,1,2,26
2024421414319,2024,421414319,568562,209272,0.44085,51.75677,3,3,7,11:50,-1,E07000070,6,0,1,0,1,"[19, 15]","[1, 5]","[5, 1]",0,"[7, 1, 0]",0,1,0,0,0,0,0,2,3
2024421414365,2024,421414365,617769,214807,1.15623,51.78951,3,3,2,20:11,-1,E07000076,6,2,1,0,1,19,"[5, 7]","[1, 3]",0,0,0,1,0,0,0,0,0,2,26
2024421414390,2024,421414390,543358,191977,0.06886,51.60838,3,3,7,12:40,-1,E07000072,4,0,1,1,1,19,"[3, 1]","[7, 5]",0,0,0,1,1,0,0,0,0,2,24
2024421414392,2024,421414392,616889,217197,1.14498,51.81131,3,3,6,15:45,-1,E07000076,3,0,1,0,2,"[19, 3]",1,3,0,0,0,1,0,0,0,0,0,2,23
2024421414397,2024,421414397,588218,185740,0.71266,51.53917,3,3,6,15:30,-1,E06000033,6,0,1,0,1,19,5,1,0,0,0,0,0,0,0,0,1,2,16
2024421414406,2024,421414406,621167,219131,1.20817,51.82699,3,3,5,11:45,-1,E07000076,4,0,2,1,1,"[3, 19]",5,"[7, 1]",0,0,0,1,0,0,0,0,0,2,22
2024421414409,2024,421414409,583713,188316,0.64912,51.56379,3,3,7,22:50,-1,E06000033,3,2,1,0,1,19,3,7,0,0,0,1,0,0,0,0,0,2,24
2024421414423,2024,421414423,560098,194203,0.31142,51.62387,3,3,6,12:40,-1,E07000068,3,0,1,0,2,"[19, 4]",2,6,0,0,0,1,0,0,0,0,0,2,16
2024421414478,2024,421414478,542317,207249,0.06005,51.74587,3,3,3,18:30,-1,E07000072,6,2,1,0,1,4,6,2,0,0,0,1,0,0,0,0,0,2,13
2024421414505,2024,421414505,553550,238662,0.2366,52.02513,3,3,6,08:15,-1,E07000077,4,0,1,0,1,19,4,8,0,0,0,1,0,0,0,0,1,2,16
2024421414526,2024,421414526,559138,199008,0.29975,51.66732,3,3,2,18:10,-1,E07000068,6,2,1,0,2,"[9, 19]","[4, 1]","[3, 4]",0,0,0,1,0,0,0,0,0,2,19
2024421414544,2024,421414544,541468,206553,0.04748,51.73983,3,3,1,09:36,-1,E07000072,6,0,1,1,2,19,"[1, 5]","[5, 1]",0,0,0,1,0,0,0,0,0,2,18
2024421414561,2024,421414561,577664,183437,0.55948,51.5219,3,3,3,19:20,-1,E07000069,6,2,1,0,1,19,-1,-1,0,0,0,1,1,0,0,0,0,2,13
2024421414582,2024,421414582,575907,222659,0.55395,51.87476,3,3,3,13:30,-1,E07000067,6,0,1,0,1,19,1,5,0,0,0,0,0,0,0,1,0,2,20
2024421414619,2024,421414619,560850,179889,0.31573,51.49506,3,3,6,15:00,-1,E06000034,3,0,1,0,1,19,3,7,0,0,0,1,0,0,0,0,0,2,16
2024421414647,2024,421414647,548312,212019,0.14886,51.78718,3,3,3,09:50,-1,E07000073,6,0,1,0,2,"[19, 1]","[7, 3]","[3, 7]",0,0,0,1,0,0,0,0,0,2,20
2024421414672,2024,421414672,572026,209702,0.4912,51.75958,3,3,2,15:12,-1,E07000070,3,0,1,0,2,"[3, 19]",3,7,0,0,0,1,0,1,0,0,0,2,19
2024421414718,2024,421414718,559519,184304,0.29857,51.53511,3,3,3,07:15,-1,E06000034,4,0,1,0,2,"[14, 2]",1,5,0,0,0,0,0,0,1,0,0,1,30
2024421414821,2024,421414821,598342,228961,0.88306,51.92383,2,2,3,20:45,-1,E07000071,3,2,2,1,2,19,1,4,0,7,0,1,0,0,0,0,0,2,27
2024421414822,2024,421414822,586639,186933,0.69055,51.55041,3,3,2,11:33,-1,E06000033,6,0,1,0,1,"[19, 9]","[3, 7]","[7, 3]",0,0,0,1,0,1,0,0,0,2,26
2024421414851,2024,421414851,573996,209450,0.51959,51.75671,3,3,5,17:50,-1,E07000070,3,2,1,0,2,"[3, 19]","[7, 3, 6]","[2, 7]",0,0,0,1,0,0,0,0,0,2,15
2024421414855,2024,421414855,572217,209093,0.49366,51.75405,3,3,6,18:30,-1,E07000070,6,2,2,1,1,19,3,7,0,0,0,1,0,0,0,0,1,2,23
2024421414861,2024,421414861,577802,186548,0.56304,51.54981,3,3,5,18:45,-1,E07000069,6,2,2,1,1,"[7, 3]","[1, 3]","[3, 7]",0,0,0,1,0,0,0,0,0,2,22
2024421414989,2024,421414989,586886,186047,0.69364,51.54237,3,3,3,15:24,-1,E06000033,6,0,1,0,1,"[2, 19]",-1,-1,0,0,0,1,0,0,0,0,1,2,13
2024421415090,2024,421415090,585386,186888,0.67248,51.55042,3,3,3,21:06,-1,E06000033,6,2,1,0,1,"[9, 19]","[7, 4]","[4, 8]",0,0,0,1,1,0,0,0,0,2,27
2024421415128,2024,421415128,545355,210053,0.1052,51.77029,3,3,4,15:25,-1,E07000073,6,0,1,0,1,5,-1,-1,-1,-1,0,1,0,0,0,0,1,2,28
2024421415192,2024,421415192,551121,206544,0.18718,51.73723,3,3,4,18:40,-1,E07000072,6,2,1,1,2,"[19, 2]","[6, 0]","[2, 0]","[4, 0]",0,0,1,0,0,1,0,0,2,28
2024421415246,2024,421415246,609913,232074,1.05298,51.94754,3,3,4,11:30,-1,E07000076,4,2,1,1,2,19,7,3,0,7,0,1,0,0,0,0,1,2,28
2024421415262,2024,421415262,612665,216229,1.08321,51.80424,3,3,4,13:30,-1,E07000076,4,0,1,1,2,"[19, 9]","[4, 2]",8,0,0,0,1,0,0,0,0,0,2,21
2024421415268,2024,421415268,577878,222022,0.58222,51.86841,3,3,4,17:45,-1,E07000067,3,2,2,1,1,"[7, 12]",6,"[2, 3]",0,0,0,1,0,0,0,0,0,2,21
2024421415282,2024,421415282,598991,228541,0.89224,51.91982,3,3,3,16:52,-1,E07000071,6,2,2,1,1,"[3, 7]","[3, 1]","[7, 3]",0,0,0,1,0,0,0,0,0,2,13
2024421415285,2024,421415285,578017,223460,0.58498,51.88128,1,1,5,03:40,-1,E07000067,3,0,1,0,2,19,3,7,9,1,0,1,0,0,0,0,0,2,29
2024421415350,2024,421415350,617962,221219,1.16305,51.847,3,3,5,08:21,-1,E07000076,4,0,1,0,2,"[19, 9]",1,5,0,0,0,1,0,0,0,0,0,2,29
2024421415571,2024,421415571,581956,215169,0.63779,51.80555,3,3,5,16:24,-1,E07000067,4,0,2,1,1,19,8,4,0,0,0,0,0,1,0,0,1,2,29
2024421415595,2024,421415595,586280,186960,0.68539,51.55077,3,3,5,19:02,-1,E06000033,6,2,2,1,1,"[2, 19]","[0, 3]","[0, 7]","[0, 10]","[0, 7]",0,1,0,0,0,0,1,2,29
2024421415597,2024,421415597,595352,215853,0.83223,51.80717,3,3,5,19:59,-1,E07000071,4,2,1,1,2,"[19, 9]","[5, 1]","[3, 5]",0,0,0,1,0,0,0,0,0,2,29
2024421415869,2024,421415869,600945,215649,0.91312,51.80336,3,3,6,13:33,-1,E07000071,4,0,1,0,2,"[9, 19]","[8, 4]","[6, 8]",0,0,0,1,0,0,0,0,0,3,1
2024421415950,2024,421415950,587991,186172,0.70962,51.54313,3,3,6,20:05,-1,E06000033,3,2,2,1,1,"[5, 19]",1,"[2, 5]","[7, 0]",0,0,1,0,0,0,0,0,3,1
2024421415960,2024,421415960,580671,223131,0.62332,51.87747,3,3,6,16:38,-1,E07000067,3,0,1,1,2,19,7,3,0,0,0,1,0,1,0,0,0,3,1
2024421416050,2024,421416050,583788,186204,0.6491,51.5448,3,3,6,12:00,-1,E06000033,6,0,1,1,1,19,3,7,0,0,0,1,0,0,0,0,1,3,1
2024421416159,2024,421416159,568272,191266,0.42798,51.59511,3,3,7,11:23,-1,E07000066,3,0,2,1,1,"[19, 4]",4,8,0,0,0,1,0,0,0,0,0,3,2
2024421416186,2024,421416186,592500,224221,0.79557,51.88331,3,3,7,13:00,-1,E07000071,3,0,2,1,2,19,2,6,0,0,0,1,0,0,0,0,0,3,2
2024421416219,2024,421416219,564399,177268,0.36559,51.4705,2,"[2, 3]",7,12:02,-1,E06000034,3,0,2,1,1,"[19, 9]","[1, 4]","[5, 1]",0,"[1, 0]","[11, 0]",1,0,0,0,0,0,3,2
2024421416307,2024,421416307,568928,208334,0.44569,51.74823,2,2,7,17:26,-1,E07000070,6,0,1,0,1,19,3,7,0,0,0,1,0,0,0,0,1,3,2
2024421416310,2024,421416310,578622,205110,0.58431,51.71627,3,3,7,15:44,-1,E07000070,3,0,1,0,2,"[19, 5]","[7, 1]",3,0,"[1, 0]","[4, 0]",1,0,0,0,0,0,3,2
2024421416472,2024,421416472,556832,180664,0.25824,51.50315,3,3,1,12:40,-1,E06000034,4,0,1,0,2,"[5, 19]","[5, 4]",7,0,0,0,1,0,0,0,0,0,3,3
2024421416512,2024,421416512,557901,179008,0.27289,51.48798,3,3,7,12:30,-1,E06000034,4,0,1,1,1,"[19, 11]",1,5,0,0,0,1,0,0,0,0,0,3,2
2024421416541,2024,421416541,566483,224589,0.41811,51.89498,3,3,1,12:00,-1,E07000077,6,0,1,1,2,19,-1,-1,0,0,0,0,0,1,0,0,0,3,3
2024421416635,2024,421416635,563642,235207,0.38191,51.99121,3,3,2,08:22,-1,E07000077,6,0,8,2,2,19,1,1,0,0,0,1,0,0,0,0,0,3,4
2024421416636,2024,421416636,570828,226546,0.48217,51.91125,2,2,2,07:35,-1,E07000067,6,0,1,1,2,19,5,1,0,1,4,1,0,0,0,0,0,3,4
2024421416758,2024,421416758,560887,188849,0.32035,51.57555,2,"[3, 2]",2,07:52,-1,E07000068,3,0,1,0,2,19,3,7,0,0,0,1,0,0,0,0,0,3,4
2024421416789,2024,421416789,584654,192103,0.66467,51.5975,3,3,6,17:20,-1,E07000075,4,0,2,1,1,19,3,7,0,0,0,1,0,0,0,0,1,2,23
2024421416805,2024,421416805,539612,204161,0.01966,51.7188,2,2,2,06:50,-1,E07000072,6,0,1,1,2,19,2,6,0,1,0,0,0,1,0,0,0,3,4
2024421416960,2024,421416960,584153,186132,0.65432,51.54403,2,2,2,18:39,-1,E06000033,6,2,1,0,1,"[3, 10, 19]",5,1,0,0,0,1,0,0,0,0,0,3,4
2024421416986,2024,421416986,567541,189027,0.41637,51.57521,2,2,2,18:40,-1,E07000066,4,2,1,0,1,"[9, 3]",3,"[1, 7]",0,0,0,1,0,0,0,0,0,3,4
2024421416998,2024,421416998,556946,176432,0.258,51.4651,3,3,1,15:00,-1,E06000034,3,2,1,0,2,-1,6,2,0,0,0,1,0,1,0,0,0,3,3
2024421417017,2024,421417017,555675,223310,0.2606,51.88662,3,3,3,01:10,-1,E07000077,6,2,2,1,2,"[19, 9]","[2, 4]","[2, 6]",0,0,0,1,0,0,0,0,0,3,5
2024421417037,2024,421417037,546965,199843,0.12421,51.67813,3,3,3,09:00,-1,E07000072,1,0,1,0,2,19,3,7,0,0,0,1,0,0,1,0,0,2,20
2024421417105,2024,421417105,581058,187071,0.61022,51.55347,2,2,3,12:15,-1,E07000069,6,0,1,0,1,19,3,7,0,0,0,0,0,0,0,1,1,2,27
2024421417107,2024,421417107,570307,188253,0.45587,51.56743,2,2,5,18:20,-1,E07000066,6,2,2,1,1,6,1,6,0,0,0,1,0,0,0,0,1,2,29
2024421417126,2024,421417126,556434,194357,0.2586,51.62629,3,3,4,17:00,-1,E07000068,6,0,2,1,2,"[10, 19]",7,"[5, 3]",0,0,0,1,0,0,0,0,0,2,14
2024421417140,2024,421417140,597721,229212,0.87418,51.9263,3,3,4,15:15,-1,E07000071,6,0,1,0,2,19,7,3,0,0,0,1,0,0,0,0,1,2,28
2024421417146,2024,421417146,581287,194611,0.61741,51.62112,3,3,3,08:34,-1,E07000075,6,0,1,0,1,"[19, 9, 2]","[3, 1, 7]",7,"[4, 0]",0,0,1,0,0,0,0,0,3,5
2024421417176,2024,421417176,594861,203534,0.81822,51.69672,3,3,3,10:41,-1,E07000074,6,0,1,1,2,19,2,5,10,7,0,1,0,0,0,0,0,3,5
2024421417177,2024,421417177,600223,222037,0.90636,51.86098,3,3,5,07:45,-1,E07000071,6,0,2,1,1,"[19, 3]",3,"[7, 1]",0,0,0,1,0,0,0,0,0,2,29
2024421417180,2024,421417180,564820,178467,0.3722,51.48115,3,3,3,16:00,-1,E06000034,6,0,1,0,1,"[19, 6]",-1,-1,0,0,0,1,0,1,0,0,0,2,20
2024421417215,2024,421417215,589276,185013,0.72751,51.53229,2,"[3, 2]",4,00:15,-1,E06000033,6,2,1,0,1,"[2, 1]","[0, 7]","[0, 3]",0,0,0,1,0,0,0,0,0,2,28
2024421417260,2024,421417260,559631,193858,0.30452,51.62091,3,3,5,18:21,-1,E07000068,3,2,2,1,1,-1,-1,-1,-1,-1,0,1,0,0,0,0,0,2,22
2024421417272,2024,421417272,562027,181059,0.33321,51.50524,3,3,6,13:22,-1,E06000034,3,0,1,0,2,19,3,7,"[0, 7]","[0, 5]","[0, 6]",1,0,0,1,0,0,2,23
2024421417298,2024,421417298,573034,208404,0.50514,51.74761,3,3,5,14:45,-1,E07000070,4,0,2,1,1,"[3, 19]","[2, 3]",6,0,0,0,1,0,0,0,0,0,2,29
2024421417482,2024,421417482,551043,234005,0.19804,51.98397,3,3,6,13:01,-1,E07000077,1,0,1,0,2,"[4, 19]",8,4,0,0,0,1,0,0,0,0,0,3,1
2024421417497,2024,421417497,563158,177023,0.34762,51.46865,3,3,5,15:45,-1,E06000034,6,0,2,1,2,"[5, 19]","[5, 7]","[1, 3]",0,0,0,1,0,1,0,0,0,2,29
2024421417518,2024,421417518,543720,197378,0.0763,51.65682,3,3,7,18:57,-1,E07000072,6,2,1,0,1,"[9, 19]","[5, 1]","[2, 5]",0,0,0,1,0,0,0,0,0,3,2
2024421417599,2024,421417599,587348,186099,0.70032,51.54269,3,3,4,09:34,-1,E06000033,6,0,1,0,1,5,5,1,0,0,0,1,0,0,0,0,1,3,6