collision_index,collision_year,collision_ref_no,location_easting_osgr,location_northing_osgr,longitude,latitude,casualty_severity,casualty_severity,day_of_week,time,local_authority_district,local_authority_ons_district,first_road_class,light_conditions,weather_conditions,road_surface_conditions,urban_or_rural_area,vehicle_manoeuvre,vehicle_direction_from,vehicle_direction_to,hit_object_in_carriageway,vehicle_leaving_carriageway,hit_object_off_carriageway,is_car,is_cyle,is_mcyle,is_goodsv,is_other,is_pedestrian,month,day
2024421417602,2024,421417602,567361,194237,0.41626,51.62207,3,3,3,13:10,-1,E07000066,3,0,1,0,1,3,3,1,0,0,0,1,0,0,0,0,0,2,27
2024421417619,2024,421417619,599313,229063,0.89722,51.9244,3,3,4,10:08,-1,E07000071,3,0,1,0,2,"[3, 19]",3,7,0,0,0,1,0,0,0,0,0,3,6
2024421417627,2024,421417627,617976,216333,1.16018,51.80313,2,2,4,08:50,-1,E07000076,6,0,1,0,1,"[9, 15]","[5, 1]","[3, 5]",0,"[0, 1]",0,1,1,0,0,0,0,3,6
2024421417646,2024,421417646,577873,221962,0.58212,51.86787,3,3,7,12:25,-1,E07000067,4,0,1,1,2,19,-1,-1,0,0,0,1,0,0,0,0,0,2,10
2024421417680,2024,421417680,585978,212005,0.69436,51.77581,3,3,4,11:10,-1,E07000074,4,0,1,0,2,19,"[2, 6]","[6, 2]",0,0,0,1,0,0,0,0,0,3,6
2024421417695,2024,421417695,587672,190029,0.70708,51.57788,3,3,4,07:50,-1,E07000075,6,0,1,1,1,"[8, 19]","[7, 5]","[4, 3]",0,"[0, 1]",0,1,0,1,0,0,0,3,6
2024421417716,2024,421417716,559617,182169,0.29901,51.5159,3,3,4,13:31,-1,E06000034,6,0,1,0,1,19,3,7,0,1,2,1,0,0,0,0,0,3,6
2024421417793,2024,421417793,541544,193991,0.04349,51.62694,3,3,4,16:12,-1,E07000072,4,0,1,0,1,9,1,7,0,0,0,1,0,0,0,0,1,3,6
2024421417860,2024,421417860,575361,224510,0.54697,51.89155,3,3,3,20:20,-1,E07000067,6,2,1,0,1,"[2, 5, 19]","[0, 1, 5]","[0, 5, 1]","[0, 4]",0,0,1,0,0,0,0,0,3,5
2024421417863,2024,421417863,560021,177934,0.30291,51.47773,2,2,4,19:19,-1,E06000034,3,2,1,0,1,"[13, 19]","[7, 5]","[3, 1]",0,0,0,1,0,0,0,0,0,3,6
2024421417983,2024,421417983,541217,194915,0.03914,51.63532,2,2,6,09:30,-1,E07000072,3,0,1,1,2,19,5,1,0,0,0,0,1,0,0,0,0,2,16
2024421417997,2024,421417997,563599,178181,0.3545,51.47893,3,3,5,08:19,-1,E06000034,3,0,1,0,2,"[9, 19]",5,4,0,0,0,1,0,0,0,0,0,3,7
2024421418126,2024,421418126,573080,188314,0.49587,51.56714,2,2,5,12:11,-1,E07000066,6,0,1,0,1,"[13, 9, 2]","[5, 2]","[1, 3, 2]",0,"[7, 0]",0,1,0,1,0,0,0,3,7
2024421418132,2024,421418132,589508,185470,0.73109,51.53632,3,3,5,08:00,-1,E06000033,6,0,1,0,1,"[19, 5]","[1, 3]","[5, 7]",0,0,0,1,1,0,0,0,0,3,7
2024421418272,2024,421418272,586824,185533,0.69247,51.53778,2,2,6,19:05,-1,E06000033,6,2,2,1,1,"[5, 19]",7,"[8, 3]",0,0,0,1,1,0,0,0,1,3,1
2024421418547,2024,421418547,625589,231605,1.28038,51.9372,3,3,6,15:00,-1,E07000076,4,0,1,0,1,3,1,5,0,0,0,1,0,0,0,0,1,3,8
2024421418558,2024,421418558,568634,195920,0.43544,51.63681,3,3,6,00:07,-1,E07000066,6,2,1,1,1,"[2, 19]","[0, 2]","[0, 6]","[0, 4]",0,0,1,0,0,0,0,0,3,1
2024421418561,2024,421418561,589155,185491,0.72602,51.53662,3,3,4,13:54,-1,E06000033,6,0,1,0,1,"[5, 19]","[5, 7]","[1, 3]",0,0,0,1,1,0,0,0,0,3,6
2024421418587,2024,421418587,556056,238251,0.27291,52.02073,2,2,6,18:30,-1,E07000077,4,2,1,0,2,19,"[3, 7]","[7, 3]",0,0,0,1,0,0,0,0,0,3,8
2024421418724,2024,421418724,548207,202518,0.1433,51.70184,2,2,7,11:40,-1,E07000072,1,0,1,0,2,19,5,1,0,0,0,1,0,0,0,0,0,3,9
2024421418859,2024,421418859,586524,185810,0.6883,51.54036,3,3,7,20:15,-1,E06000033,6,2,1,0,1,19,"[5, 3]","[1, 7]",0,0,0,1,0,1,0,0,0,3,9
2024421418864,2024,421418864,573477,187645,0.50126,51.561,3,3,7,21:45,-1,E07000066,3,2,2,1,2,19,3,7,0,0,0,1,0,0,0,0,0,3,9
2024421418946,2024,421418946,583911,200535,0.65838,51.67347,2,"[3, 2]",1,07:34,-1,E07000074,6,0,2,1,2,19,"[7, 3]","[3, 7]",0,1,0,1,0,0,0,0,0,3,10
2024421418950,2024,421418950,577675,186871,0.56137,51.55275,2,2,1,08:15,-1,E07000069,4,0,2,1,1,19,8,5,0,1,2,0,1,0,0,0,0,3,10
2024421419042,2024,421419042,585911,186107,0.67963,51.54323,3,3,5,08:00,-1,E06000033,6,0,1,0,1,19,1,5,0,0,0,1,0,0,0,0,1,2,29
2024421419069,2024,421419069,615616,219475,1.12796,51.83225,1,1,1,18:34,-1,E07000076,3,2,2,1,2,19,"[5, 1]","[1, 5]",0,0,0,1,0,0,0,0,0,3,10
2024421419086,2024,421419086,593796,185550,0.79289,51.53558,2,2,1,16:50,-1,E06000033,6,0,1,1,1,"[9, 19]","[1, 7]","[7, 3]",0,0,0,1,0,0,0,0,0,3,10
2024421419107,2024,421419107,550779,235612,0.19491,51.99848,3,3,1,18:01,-1,E07000077,1,2,2,1,2,"[4, 19]",1,5,0,0,0,1,0,0,0,0,0,3,10
2024421419131,2024,421419131,589968,186099,0.73806,51.54181,3,3,1,18:35,-1,E06000033,6,2,2,1,1,"[19, 9]","[7, 3]","[3, 1]",0,0,0,1,0,1,0,0,0,3,10
2024421419235,2024,421419235,546243,210811,0.11838,51.77687,3,3,2,21:16,-1,E07000073,6,2,2,1,1,"[4, -1, 3]","[7, -1]","[3, -1]","[0, -1]","[0, -1]",0,1,0,0,0,0,0,3,4
2024421419264,2024,421419264,578518,191986,0.57611,51.59842,3,3,3,11:37,-1,E07000075,3,0,1,0,2,"[4, 8]",3,7,0,0,0,1,0,0,1,0,0,3,5
2024421419283,2024,421419283,565231,218641,0.39709,51.84193,3,3,2,06:27,-1,E07000077,4,0,1,1,2,19,"[4, 1]","[8, 4]",0,"[1, 0]",0,1,0,0,0,0,0,3,11
2024421419290,2024,421419290,567586,179103,0.4123,51.48605,3,3,3,19:06,-1,E06000034,6,2,8,-1,2,-1,-1,-1,-1,-1,0,1,0,0,0,0,1,3,5
2024421419294,2024,421419294,540352,199894,0.02865,51.68028,3,3,3,19:15,-1,E07000072,6,2,1,0,2,"[5, 19]",-1,-1,0,0,0,1,1,0,0,0,0,2,27
2024421419560,2024,421419560,552046,215091,0.2043,51.81377,3,3,2,17:00,-1,E07000077,6,0,8,1,2,"[9, 5]","[5, 8]","[3, 8]",0,0,0,1,0,0,0,0,0,3,11
2024421419672,2024,421419672,569046,189379,0.43824,51.57793,3,3,3,07:55,-1,E07000066,6,0,2,1,2,"[7, 19]","[5, 7]","[7, 3]",0,0,0,1,0,0,0,0,0,3,12
2024421419700,2024,421419700,553565,237893,0.23648,52.01821,3,3,7,10:30,-1,E07000077,4,0,1,0,1,"[19, 9]","[3, 5]","[7, 3]",0,0,0,1,0,0,0,0,0,3,9
2024421419722,2024,421419722,574266,221599,0.5296,51.86575,3,3,3,08:50,-1,E07000067,6,0,1,0,1,19,6,2,0,0,0,1,0,0,0,0,0,2,13
2024421419749,2024,421419749,555689,180725,0.24181,51.50402,3,3,3,10:40,-1,E06000034,4,0,2,1,2,4,7,3,0,0,0,0,0,1,0,0,0,3,12
2024421419781,2024,421419781,587842,186439,0.70762,51.54558,2,2,5,17:10,-1,E06000033,6,0,2,1,1,"[3, 19]",3,"[5, 7]",0,0,0,1,0,0,0,0,0,2,29
2024421419802,2024,421419802,587479,223082,0.72208,51.87479,3,3,3,11:17,-1,E07000067,3,0,2,1,2,19,"[7, 3]","[3, 7]",0,0,0,1,0,0,0,0,0,3,12
2024421419811,2024,421419811,538481,198368,0.001,51.66703,3,3,3,09:55,-1,E07000072,3,0,2,1,2,"[3, 19, 10]","[5, 6]",2,0,0,0,1,0,0,0,0,0,3,12
2024421419814,2024,421419814,608360,220488,1.02342,51.8441,3,3,3,11:10,-1,E07000076,4,0,2,1,2,"[10, 19]",3,7,0,0,0,1,0,0,0,0,0,3,12
2024421419821,2024,421419821,546120,200221,0.11216,51.68175,3,3,6,18:35,-1,E07000072,1,2,1,0,2,12,7,3,0,0,0,1,0,0,0,0,0,1,19
2024421419984,2024,421419984,588406,228800,0.73866,51.92583,3,3,3,16:45,-1,E07000071,3,0,1,1,2,19,"[8, 2]","[4, 8]",0,0,0,1,0,0,0,0,0,3,12
2024421420028,2024,421420028,566982,191558,0.40951,51.59812,3,3,3,00:21,-1,E07000066,6,2,2,1,2,19,1,5,11,7,0,1,0,0,0,0,0,3,12
2024421420150,2024,421420150,551412,194329,0.18609,51.62741,3,3,4,08:12,-1,E07000072,4,0,2,1,1,"[19, 9]","[7, 8]","[5, 7]",0,0,0,1,0,0,0,0,0,3,13
2024421420191,2024,421420191,547736,207011,0.13839,51.74233,3,3,5,15:46,-1,E07000072,3,0,1,0,2,19,1,7,0,"[0, 1]","[0, 2]",1,0,0,0,0,0,3,7
2024421420194,2024,421420194,541292,199721,0.04217,51.67849,3,3,4,10:01,-1,E07000072,3,0,1,1,1,"[4, 19]","[3, 2]",7,0,0,0,1,0,0,0,0,0,3,13
2024421420264,2024,421420264,565333,205697,0.39241,51.72562,2,2,4,12:20,-1,E07000070,3,0,1,0,2,19,"[3, 7]","[7, 2]",0,0,0,1,0,0,0,0,0,3,13
2024421420478,2024,421420478,558580,178622,0.28249,51.48432,3,3,4,21:51,-1,E06000034,6,2,1,0,1,19,8,4,0,0,0,1,0,0,0,0,1,3,13
2024421420499,2024,421420499,541404,195281,0.04199,51.63857,3,3,6,19:55,-1,E07000072,3,2,1,0,1,19,1,5,0,0,0,1,0,0,0,0,1,3,1
2024421420720,2024,421420720,573153,187866,0.4967,51.56309,3,3,5,08:52,-1,E07000066,4,0,1,0,1,19,6,3,0,0,0,0,0,0,1,0,1,3,14
2024421420723,2024,421420723,577736,223648,0.581,51.88306,3,3,5,11:30,-1,E07000067,6,0,1,0,1,5,"[0, 1]",1,0,0,0,1,0,0,0,0,0,3,14
2024421420726,2024,421420726,559470,188468,0.29975,51.57253,2,2,5,12:35,-1,E07000068,6,0,1,0,2,19,7,7,0,7,0,1,0,0,0,0,0,3,14
2024421420782,2024,421420782,563170,178913,0.34867,51.48563,3,3,5,15:45,-1,E06000034,4,0,1,0,2,19,5,1,0,0,0,1,0,0,0,0,0,3,14
2024421420856,2024,421420856,563648,198232,0.36454,51.65905,3,3,5,21:30,-1,E07000068,3,2,1,1,2,19,6,2,0,0,0,1,0,0,0,0,0,3,14
2024421420871,2024,421420871,571876,205133,0.48677,51.71859,2,2,2,09:00,-1,E07000070,6,0,1,0,1,"[19, 9]","[1, 0]",1,0,0,0,1,0,0,0,0,0,3,11
2024421420973,2024,421420973,569716,190264,0.44832,51.58567,2,"[2, 3]",6,07:28,-1,E07000066,3,0,1,0,2,"[19, 2]","[7, 0]","[3, 0]","[4, 0]","[0, 1]",0,1,0,0,0,0,0,3,15
2024421421066,2024,421421066,543607,209900,0.07982,51.76936,2,2,6,08:40,-1,E07000073,6,0,1,0,1,"[19, 10]",3,"[7, 1]",0,0,0,1,0,1,0,0,0,3,15
2024421421085,2024,421421085,575852,193487,0.53842,51.61275,3,3,5,15:48,-1,E07000066,6,0,1,0,1,19,4,2,0,0,0,1,0,0,0,0,1,3,7
2024421421098,2024,421421098,603754,223840,0.95863,51.87589,3,3,6,08:26,-1,E07000071,6,0,1,0,2,"[10, 19, 9]","[1, 5, 7]","[7, 1, 5]",0,0,0,1,0,0,1,0,0,3,15
2024421421155,2024,421421155,569376,205099,0.4506,51.71904,3,3,6,07:45,-1,E07000070,3,0,1,0,2,"[9, 19]","[5, 3]","[3, 7]",0,0,0,1,0,0,0,0,0,3,15
2024421421156,2024,421421156,578516,194564,0.5774,51.62158,3,3,6,16:00,-1,E07000075,6,0,1,0,2,"[19, 7]",7,"[3, 1]",0,"[0, 1]","[0, 4]",1,0,0,0,0,0,3,15
2024421421228,2024,421421228,581087,215555,0.6254,51.8093,3,3,6,21:04,-1,E07000067,6,2,1,1,1,12,6,2,0,0,0,1,0,0,0,0,1,3,15
2024421421303,2024,421421303,578518,193298,0.57678,51.61021,2,2,7,06:30,-1,E07000075,6,0,1,0,2,19,7,4,0,0,0,1,0,0,0,0,1,3,16
2024421421393,2024,421421393,583432,209128,0.65598,51.75081,2,"[2, 3]",7,12:24,-1,E07000074,4,0,1,0,2,19,"[4, 8]","[8, 4]",0,7,0,1,0,0,0,0,0,3,16
2024421421409,2024,421421409,545150,204892,0.10008,51.72397,3,3,6,18:00,-1,E07000072,6,2,1,0,2,19,"[6, 4]","[4, 6]",0,0,0,1,0,0,0,0,0,3,15
2024421421484,2024,421421484,543835,196703,0.07768,51.65073,2,2,7,15:30,-1,E07000072,3,0,1,0,1,"[19, 13]","[8, 4]","[4, 8]",0,0,0,1,0,1,0,0,0,3,16
2024421421486,2024,421421486,581070,192050,0.61295,51.59819,2,2,7,18:25,-1,E07000075,6,2,1,0,1,19,8,1,0,0,0,0,1,0,0,0,0,3,16
2024421421518,2024,421421518,553516,204753,0.22104,51.72049,3,3,7,21:42,-1,E07000072,3,0,1,0,2,19,3,7,0,0,0,0,0,1,0,0,0,3,16
2024421421548,2024,421421548,589369,198673,0.73621,51.65494,3,3,1,01:09,-1,E07000074,4,2,1,0,2,19,7,3,12,0,0,1,0,0,0,0,0,3,17
2024421421662,2024,421421662,592704,184199,0.77642,51.52382,3,3,7,18:15,-1,E06000033,4,2,1,0,1,19,3,7,0,1,0,1,0,0,0,0,0,3,16
2024421421689,2024,421421689,579658,188709,0.59088,51.56863,2,2,1,14:40,-1,E07000069,6,0,1,1,1,19,3,7,0,0,0,1,0,0,0,0,1,3,17
2024421421692,2024,421421692,578088,188186,0.56799,51.56443,2,2,1,13:56,-1,E07000069,3,0,1,0,1,"[19, 5]","[3, 6]","[7, 2]",0,0,0,1,0,1,0,0,0,3,17
2024421421742,2024,421421742,553861,237768,0.24073,52.01701,3,3,1,16:56,-1,E07000077,6,0,1,0,1,19,"[1, 3]","[5, 7]",0,0,0,1,0,0,0,0,0,3,17
2024421421744,2024,421421744,598133,220215,0.87501,51.84537,3,3,1,18:13,-1,E07000071,6,2,1,1,2,19,2,6,0,1,0,1,0,0,0,0,0,3,17
2024421421779,2024,421421779,538829,199861,0.00662,51.68036,3,3,2,01:12,-1,E07000072,1,2,1,0,1,19,3,7,0,0,0,1,0,0,0,0,0,3,18
2024421421822,2024,421421822,578218,203729,0.57777,51.704,2,2,2,07:30,-1,E07000070,6,0,1,0,2,"[19, 9]","[8, 2]","[4, 8]",0,"[7, 0]",0,1,0,1,0,0,0,3,18
2024421421879,2024,421421879,595408,224912,0.83815,51.8885,3,3,2,09:05,-1,E07000071,6,0,1,0,1,"[2, 19]","[0, -1]","[0, -1]",0,0,0,1,1,0,0,0,0,3,4
2024421421911,2024,421421911,569819,199659,0.45436,51.67004,2,"[2, 3]",2,07:11,-1,E07000070,4,0,1,0,2,"[19, 13]","[7, 3]","[3, 6]",0,"[0, 7]","[0, 10]",1,0,0,0,0,0,3,18
2024421421927,2024,421421927,559023,178589,0.28885,51.4839,3,3,2,07:30,-1,E06000034,6,0,1,0,1,19,1,5,0,0,0,1,0,0,0,0,1,3,18
2024421421962,2024,421421962,558804,180665,0.28663,51.50261,3,3,5,14:10,-1,E06000034,6,0,1,0,1,"[3, 4]",1,5,0,0,0,1,0,1,0,0,0,3,7
2024421421966,2024,421421966,569248,189976,0.44144,51.58323,2,2,7,12:00,-1,E07000066,3,0,2,1,2,"[3, 5]",-1,-1,0,0,0,1,0,0,0,1,0,3,2
2024421421981,2024,421421981,577268,188094,0.55612,51.56386,3,3,2,03:05,-1,E07000069,6,0,1,0,1,-1,-1,-1,-1,-1,0,1,0,0,0,0,1,3,11
2024421421990,2024,421421990,609615,232375,1.04884,51.95035,3,3,2,14:47,-1,E07000076,3,0,1,0,2,"[3, 4]",1,5,0,0,0,1,0,0,0,0,0,3,11
2024421421991,2024,421421991,570892,207142,0.47353,51.73693,3,3,2,07:50,-1,E07000070,6,0,1,0,1,5,1,5,0,0,0,1,0,0,0,0,1,3,11
2024421422010,2024,421422010,575041,204863,0.53241,51.71518,3,3,3,08:15,-1,E07000070,6,0,2,1,2,-1,-1,-1,-1,-1,0,1,0,0,0,0,0,3,12
2024421422016,2024,421422016,602590,223960,0.94181,51.87739,3,3,6,15:55,-1,E07000071,6,0,1,0,2,"[19, 3]",-1,-1,0,0,0,1,0,1,0,0,0,3,8
2024421422066,2024,421422066,601226,226736,0.92364,51.90281,2,2,2,11:05,-1,E07000071,3,0,1,0,1,"[19, 7]","[1, 3]",5,0,7,0,1,0,0,0,0,0,3,18
2024421422070,2024,421422070,563360,178363,0.35115,51.48064,2,2,2,11:30,-1,E06000034,3,0,1,0,2,19,6,2,11,0,0,0,0,0,0,0,0,3,18
2024421422089,2024,421422089,575767,225618,0.55342,51.90138,3,3,2,12:14,-1,E07000067,6,0,1,0,1,19,"[1, 5]","[5, 1]",0,0,0,1,0,0,0,0,0,3,18
2024421422105,2024,421422105,560848,180321,0.3159,51.49895,3,3,2,10:39,-1,E06000034,3,0,1,0,2,"[4, 5, 3]",1,1,0,0,0,1,0,0,0,0,0,3,18
2024421422213,2024,421422213,571814,201977,0.48432,51.69026,3,3,2,20:05,-1,E07000070,3,2,1,0,2,"[19, 5]","[6, 4]","[2, 8, 4]",0,"[0, 1]",0,1,0,0,1,0,0,3,18
2024421422233,2024,421422233,557904,194127,0.27972,51.62381,3,3,2,23:12,-1,E07000068,6,2,1,0,2,19,3,7,0,0,0,1,0,0,0,0,0,3,18
2024421422259,2024,421422259,566349,188837,0.3991,51.57386,3,3,7,18:50,-1,E07000066,4,2,1,0,2,19,7,3,0,0,0,1,0,0,0,0,0,3,16
2024421422261,2024,421422261,586009,186373,0.68118,51.54559,3,3,5,12:00,-1,E06000033,3,0,1,0,1,19,7,3,0,0,0,1,0,0,0,0,1,3,14
2024421422268,2024,421422268,598207,223998,0.87825,51.87931,3,3,1,09:05,-1,E07000071,4,0,1,1,1,5,6,2,0,0,0,1,1,0,0,0,0,3,17
2024421422273,2024,421422273,617962,221261,1.16308,51.84737,3,3,6,08:20,-1,E07000076,4,0,2,1,2,19,1,5,0,0,0,1,0,0,0,0,0,3,1
2024421422291,2024,421422291,589678,186308,0.73399,51.54379,3,3,6,15:54,-1,E06000033,6,0,1,0,1,19,6,2,0,0,0,1,0,0,0,0,0,3,15
2024421422330,2024,421422330,576018,238363,0.56359,52.01577,3,3,6,22:25,-1,E07000067,6,2,1,0,2,"[3, 19]",2,4,0,0,0,1,0,0,0,0,0,3,15
2024421422344,2024,421422344,550024,198069,0.16766,51.66138,3,3,5,08:20,-1,E07000072,1,0,1,0,2,"[11, 19]",4,8,0,0,0,1,0,0,1,0,0,3,14
2024421422354,2024,421422354,587090,190944,0.69918,51.58629,3,3,3,07:45,-1,E07000075,6,0,1,1,1,-1,-1,-1,-1,-1,0,1,0,0,0,0,1,3,12
2024421422363,2024,421422363,560591,188790,0.31606,51.5751,3,3,4,06:10,-1,E07000068,3,2,1,0,2,"[19, 4]",7,3,0,0,0,1,0,0,0,0,0,3,13
2024421422376,2024,421422376,559317,210480,0.30757,51.77033,3,3,4,11:28,-1,E07000077,6,0,1,1,2,"[15, 19]",1,5,0,0,0,1,1,0,0,0,0,3,13
2024421422383,2024,421422383,573283,187905,0.4986,51.5634,3,3,4,08:40,-1,E07000066,4,0,1,0,1,"[4, -1]",-1,-1,"[0, -1]","[0, -1]",0,1,0,0,0,0,0,3,13
2024421422396,2024,421422396,563851,198245,0.36748,51.65911,3,3,6,11:35,-1,E07000068,6,0,1,1,2,19,7,3,0,7,0,1,0,0,0,0,0,3,15
2024421422403,2024,421422403,590381,202351,0.75283,51.68763,3,3,1,15:00,-1,E07000074,6,0,1,0,2,"[2, 19]","[0, 1]","[0, 3]",0,0,0,1,0,0,0,0,1,3,17
2024421422411,2024,421422411,546659,200105,0.1199,51.68056,3,3,1,09:39,-1,E07000072,1,0,2,1,2,"[4, 19]",7,3,0,0,0,1,0,0,0,0,0,3,17
2024421422423,2024,421422423,599735,227560,0.90248,51.91075,3,3,6,16:25,-1,E07000071,6,0,1,0,1,"[3, 12]",5,1,0,"[0, 2]",0,1,1,0,0,0,0,3,15
2024421422428,2024,421422428,584289,186563,0.6565,51.54786,3,3,6,19:20,-1,E06000033,3,2,1,0,1,5,5,1,0,0,0,1,0,0,0,0,1,3,15
2024421422462,2024,421422462,589114,186447,0.72594,51.54522,3,3,3,12:59,-1,E06000033,6,0,1,0,1,"[7, 19]",7,"[1, 3]",0,0,0,1,1,0,0,0,0,3,19
2024421422526,2024,421422526,551495,194280,0.18727,51.62695,3,3,3,17:01,-1,E07000072,4,0,1,0,2,"[9, 19]","[1, 4]",8,0,0,0,1,0,0,0,0,0,3,19
2024421422534,2024,421422534,579175,226417,0.60332,51.90747,3,3,3,16:25,-1,E07000067,6,0,1,0,2,19,"[2, 4]","[4, 8]",0,0,0,1,0,0,0,0,0,3,19
2024421422556,2024,421422556,559047,199851,0.29881,51.67491,3,3,3,15:20,-1,E07000068,6,0,1,0,2,"[5, 19]","[1, 7]","[7, 3]",0,0,0,1,1,0,0,0,0,3,19
2024421422560,2024,421422560,549676,211629,0.16845,51.78331,3,3,3,20:00,-1,E07000072,1,2,1,1,2,19,1,5,0,0,0,1,0,0,0,0,0,3,19
2024421422586,2024,421422586,599310,224784,0.8947,51.88597,3,3,3,21:57,-1,E07000071,4,2,1,0,1,5,6,1,0,0,0,1,0,0,0,0,1,3,19
2024421422617,2024,421422617,582647,188970,0.6341,51.57001,3,3,6,15:00,-1,E06000033,3,0,1,1,1,-1,-1,-1,-1,-1,0,1,0,0,0,0,0,3,15
2024421422655,2024,421422655,586697,214680,0.70621,51.79959,3,3,4,07:11,-1,E07000074,6,0,2,1,2,"[9, 19]","[7, 3]","[3, 7]",0,0,0,1,0,0,0,0,0,3,20
2024421422724,2024,421422724,544242,195475,0.08305,51.63959,3,3,4,09:19,-1,E07000072,1,0,1,0,2,"[19, 4]",2,6,0,0,0,1,0,0,1,0,0,3,20
2024421422748,2024,421422748,579292,189960,0.58624,51.57998,3,3,3,11:31,-1,E07000069,3,0,1,0,2,19,5,1,0,0,0,1,0,0,0,0,1,3,19
2024421422782,2024,421422782,581137,183231,0.60938,51.51895,3,3,3,08:48,-1,E07000069,4,0,1,0,1,-1,-1,-1,-1,-1,0,1,0,0,0,0,1,2,27
2024421422798,2024,421422798,599666,228385,0.90195,51.91818,2,2,4,08:14,-1,E07000071,3,0,1,0,2,"[19, 5]","[1, 7]","[5, 3]",0,0,0,1,1,0,0,0,0,3,20
2024421422925,2024,421422925,576320,193634,0.54524,51.61392,2,2,4,15:00,-1,E07000066,6,0,1,0,1,19,4,8,0,0,0,1,0,0,0,0,1,3,20
2024421423186,2024,421423186,578404,187313,0.5721,51.55649,3,3,5,07:50,-1,E07000069,6,0,1,0,1,"[19, 9]","[7, 1]","[3, 7]",0,0,0,1,0,0,0,0,0,3,21
2024421423246,2024,421423246,587546,186953,0.70363,51.55029,2,"[3, 2]",5,13:00,-1,E06000033,3,0,1,0,1,"[9, 19]","[4, 2]","[6, 4]",0,0,0,1,0,0,0,0,0,3,21
2024421423256,2024,421423256,594066,230803,0.82199,51.94187,3,3,5,12:00,-1,E07000071,4,0,1,0,2,19,5,1,0,7,4,0,0,0,1,0,0,3,21
2024421423292,2024,421423292,565335,181157,0.38087,51.50516,3,3,5,16:15,-1,E06000034,6,0,1,0,2,"[5, 3]",5,1,0,0,0,1,0,1,0,0,0,3,21
2024421423306,2024,421423306,583067,186713,0.63898,51.5496,3,3,5,14:55,-1,E06000033,6,0,1,0,1,13,8,5,0,0,0,1,0,0,0,0,1,3,21
2024421423348,2024,421423348,584651,188152,0.66255,51.56201,2,2,5,16:10,-1,E06000033,6,0,1,0,1,"[19, 10]",6,2,0,0,0,1,0,1,0,0,0,3,21
2024421423358,2024,421423358,557264,180427,0.26435,51.50091,3,3,5,18:44,-1,E06000034,4,2,1,0,2,"[3, 5]",8,4,0,0,0,1,0,1,0,0,0,3,21
2024421423651,2024,421423651,567976,189137,0.42269,51.57607,3,3,3,17:10,-1,E07000066,4,0,1,0,1,19,3,7,0,0,0,1,0,0,0,0,0,3,19
2024421423658,2024,421423658,586412,187198,0.68742,51.55287,3,3,3,16:10,-1,E06000033,6,0,1,0,1,"[5, 4]","[1, 3]","[5, 7]",0,0,0,1,1,0,0,0,0,3,19
2024421423660,2024,421423660,543341,200894,0.07226,51.68851,2,"[3, 2]",6,12:37,-1,E07000072,1,0,1,0,2,19,3,7,0,0,0,1,0,0,1,0,0,3,22
2024421423669,2024,421423669,580436,190789,0.60316,51.58706,3,3,4,16:45,-1,E07000075,3,0,1,0,1,"[3, 14]",4,8,0,0,0,1,1,0,0,0,0,3,20
2024421423673,2024,421423673,557889,179126,0.27277,51.48904,3,3,5,10:10,-1,E06000034,3,0,1,0,2,19,-1,-1,0,0,0,1,0,0,0,0,0,3,21
2024421423679,2024,421423679,595360,224801,0.83739,51.88752,3,3,6,14:55,-1,E07000071,6,0,1,0,1,"[7, 19]","[4, 7]","[7, 2]",0,0,0,1,1,0,0,0,0,3,22
2024421423704,2024,421423704,561996,179290,0.33195,51.48936,3,3,6,15:45,-1,E06000034,6,0,1,0,1,"[19, 10]","[7, 5]",3,0,0,0,1,0,0,0,0,0,3,22
2024421423719,2024,421423719,600735,215851,0.9102,51.80525,3,3,6,17:02,-1,E07000071,4,0,1,0,2,"[19, 5]","[4, 7]","[8, 4]",0,0,0,1,0,1,0,0,0,3,22
2024421423778,2024,421423778,587544,185082,0.7026,51.53349,3,3,6,22:10,-1,E06000033,6,2,1,0,1,"[2, 19]","[0, 3]","[0, 7]",0,0,0,1,0,1,0,0,1,3,22
2024421423853,2024,421423853,585482,211289,0.6868,51.76954,2,2,6,13:12,-1,E07000074,6,0,9,0,2,19,7,3,0,0,0,0,0,1,0,0,0,3,22
2024421424002,2024,421424002,582172,214512,0.64057,51.79958,3,3,7,16:00,-1,E07000067,4,0,1,0,1,"[4, 5]","[4, 8]","[8, 4]",0,"[1, 0]",0,1,0,0,0,0,1,3,23
2024421424012,2024,421424012,577960,204551,0.57446,51.71146,3,3,7,17:50,-1,E07000070,6,0,1,0,2,19,"[7, 5]",1,0,0,0,1,0,0,0,0,0,3,23
2024421424016,2024,421424016,561949,177951,0.33066,51.47734,3,3,7,17:15,-1,E06000034,3,0,1,1,1,"[3, 19]",1,5,0,0,0,1,1,0,0,0,0,3,23
2024421424174,2024,421424174,575454,212102,0.54203,51.78008,2,2,1,09:41,-1,E07000070,6,0,1,0,2,"[19, 9]","[4, 6]","[8, 4]",0,0,0,1,0,1,0,0,0,3,24
2024421424177,2024,421424177,590803,186781,0.75045,51.54765,3,3,1,09:30,-1,E06000033,3,0,1,0,2,"[2, 19]",4,8,0,"[7, 0]","[10, 0]",1,0,0,0,0,0,3,24