collision_index,collision_year,collision_ref_no,location_easting_osgr,location_northing_osgr,longitude,latitude,casualty_severity,casualty_severity,day_of_week,time,local_authority_district,local_authority_ons_district,first_road_class,light_conditions,weather_conditions,road_surface_conditions,urban_or_rural_area,vehicle_manoeuvre,vehicle_direction_from,vehicle_direction_to,hit_object_in_carriageway,vehicle_leaving_carriageway,hit_object_off_carriageway,is_car,is_cyle,is_mcyle,is_goodsv,is_other,is_pedestrian,month,day
2024421424215,2024,421424215,581610,189376,0.61936,51.57399,2,2,1,14:00,-1,E07000075,3,0,1,0,1,"[4, 19, 11]","[7, 8, 5]","[3, 4, 1]",0,0,0,1,0,1,0,0,0,3,24
2024421424222,2024,421424222,573160,222702,0.51411,51.876,2,2,1,12:45,-1,E07000067,6,0,1,0,1,5,6,"[3, 2]",0,0,0,1,1,0,0,0,0,3,24
2024421424255,2024,421424255,587496,187980,0.70345,51.55953,3,3,1,17:12,-1,E06000033,3,0,1,0,1,19,1,5,0,0,0,1,0,0,0,0,1,3,24
2024421424271,2024,421424271,558341,190702,0.28448,51.59292,3,3,1,17:43,-1,E07000068,6,0,1,0,2,"[9, 19]","[2, 5]","[6, 2]",0,0,0,1,0,0,0,0,0,3,24
2024421424538,2024,421424538,544369,210147,0.09096,51.77139,3,3,2,11:30,-1,E07000073,6,0,1,0,1,3,7,7,0,0,0,1,0,0,0,0,1,3,25
2024421424644,2024,421424644,599939,229209,0.9064,51.92548,3,3,2,15:07,-1,E07000071,3,0,1,0,2,19,7,3,0,0,0,1,0,1,0,0,0,3,25
2024421424774,2024,421424774,561309,195004,0.32927,51.63073,3,3,6,13:37,-1,E07000068,6,0,1,0,1,1,2,6,0,0,0,1,0,0,0,0,1,3,8
2024421424780,2024,421424780,573419,187875,0.50054,51.56309,3,3,7,18:00,-1,E07000066,6,0,9,0,1,19,1,5,0,0,0,1,0,0,0,0,1,2,17
2024421424797,2024,421424797,559325,178897,0.29333,51.48658,2,"[2, 3]",3,18:00,-1,E06000034,6,0,9,0,1,19,7,3,0,0,0,1,0,0,0,0,0,2,27
2024421424892,2024,421424892,555257,204331,0.24604,51.71622,3,3,4,17:00,-1,E07000072,4,0,1,0,2,"[3, 19]",5,1,0,0,0,1,0,0,0,0,0,2,28
2024421424933,2024,421424933,545473,210690,0.10717,51.77598,2,2,5,16:25,-1,E07000073,6,0,1,0,1,19,7,3,0,0,0,1,1,0,0,0,0,3,7
2024421425126,2024,421425126,578824,223420,0.59667,51.88067,3,3,3,03:57,-1,E07000067,3,0,1,0,2,"[19, 9]",7,"[3, 5]",0,"[0, 7]",0,1,0,0,0,0,0,3,26
2024421425137,2024,421425137,577584,190242,0.56176,51.58305,3,3,3,18:04,-1,E07000066,3,0,2,1,2,"[19, 9]","[2, 8]",6,0,"[0, 3]","[0, 10]",1,0,0,0,0,0,3,26
2024421425194,2024,421425194,578797,184661,0.57642,51.53254,2,"[3, 2]",3,23:13,-1,E07000069,4,2,2,1,1,19,"[3, 7]","[7, 3]",0,"[7, 0]",0,1,0,0,0,0,0,3,26
2024421425215,2024,421425215,570493,222674,0.47539,51.87657,3,3,7,09:30,-1,E07000067,4,0,1,0,2,9,"[6, 8]","[2, 4]",0,0,0,1,1,0,0,0,0,3,23
2024421425224,2024,421425224,551114,220663,0.19322,51.86409,3,3,6,06:17,-1,E07000077,1,0,1,0,2,19,1,5,0,0,0,1,0,0,1,0,0,3,22
2024421425380,2024,421425380,583617,198646,0.65314,51.6566,3,3,4,09:00,-1,E07000074,4,0,1,1,2,"[4, 10]",3,"[7, 1]","[1, 0]",0,0,1,0,0,0,0,0,3,27
2024421425387,2024,421425387,559645,193755,0.30468,51.61998,3,3,2,08:04,-1,E07000068,6,0,1,0,1,"[9, 19]","[1, 3]","[5, 7]",0,0,0,1,0,0,0,0,0,3,25
2024421425551,2024,421425551,611154,221474,1.06452,51.8519,3,3,4,15:30,-1,E07000076,6,0,1,0,2,5,8,4,0,0,0,1,0,0,0,0,1,3,27
2024421425560,2024,421425560,605944,232535,0.99559,51.95316,2,2,4,17:39,-1,E07000071,6,0,1,0,2,"[7, 19]",5,"[7, 1]",0,0,0,1,0,0,0,0,0,3,27
2024421425616,2024,421425616,556730,199395,0.26513,51.67147,3,3,4,08:55,-1,E07000068,3,0,1,0,2,19,"[1, 5]","[5, 1]",0,"[7, 0]","[9, 0]",1,0,0,0,0,0,3,27
2024421425623,2024,421425623,571697,188680,0.47612,51.57085,3,3,3,12:10,-1,E07000066,6,0,1,0,1,-1,-1,-1,-1,-1,0,0,0,0,0,0,1,3,26
2024421425666,2024,421425666,544314,195643,0.08416,51.64108,3,3,6,13:25,-1,E07000072,3,0,1,0,2,19,-1,-1,0,0,0,1,0,0,0,0,0,3,15
2024421425699,2024,421425699,546155,202333,0.11355,51.70071,3,3,1,00:36,-1,E07000072,4,2,1,1,1,4,1,5,0,0,0,1,0,0,0,0,1,3,24
2024421425771,2024,421425771,571954,189052,0.48,51.57411,3,3,5,08:25,-1,E07000066,3,0,1,1,1,19,7,3,7,6,0,1,0,0,0,0,0,3,28
2024421425874,2024,421425874,546815,209275,0.12601,51.76292,2,"[3, 2]",5,13:39,-1,E07000073,3,0,2,1,1,19,"[1, 5]","[5, 1]",0,0,0,1,0,0,0,0,0,3,28
2024421425905,2024,421425905,601776,224762,0.93047,51.88489,2,2,5,15:44,-1,E07000071,6,0,2,1,1,5,5,2,0,0,0,1,0,0,0,0,1,3,28
2024421425915,2024,421425915,563617,178132,0.35474,51.47849,3,3,5,17:43,-1,E06000034,3,0,4,0,2,"[4, 19]","[6, 4]","[1, 8]",0,0,0,1,0,0,0,0,0,3,28
2024421425989,2024,421425989,615440,213363,1.12162,51.77745,3,3,5,20:54,-1,E07000076,6,2,1,1,2,"[2, 19]","[0, 1, 5]","[0, 5, 1]","[4, 0]","[0, 1]",0,1,0,0,0,0,0,3,28
2024421426109,2024,421426109,546026,209478,0.11467,51.76495,3,3,6,12:25,-1,E07000073,3,0,1,0,2,19,3,7,0,0,0,1,0,0,0,0,1,3,29
2024421426122,2024,421426122,617968,222317,1.16383,51.85685,3,3,3,16:30,-1,E07000076,4,0,1,0,2,"[19, 14]","[8, 4]","[4, 8]",0,0,0,1,0,1,0,0,0,3,26
2024421426188,2024,421426188,589371,184872,0.7288,51.53099,3,3,6,16:49,-1,E06000033,4,0,1,0,1,"[5, 19]",3,7,0,0,0,1,0,1,0,0,0,3,29
2024421426285,2024,421426285,594241,185484,0.79926,51.53484,2,2,5,23:23,-1,E06000033,6,2,1,0,1,19,"[7, 1]","[3, 5]",0,0,0,1,0,0,0,0,0,3,28
2024421426297,2024,421426297,542836,208011,0.06788,51.75259,3,3,6,23:45,-1,E07000073,4,2,1,0,2,19,6,2,0,7,0,1,0,0,0,0,0,3,29
2024421426417,2024,421426417,580835,190373,0.6087,51.5832,3,3,7,11:25,-1,E07000075,3,0,1,0,1,"[19, 4]","[8, 6]",4,0,0,0,1,0,1,0,0,0,3,30
2024421426542,2024,421426542,551791,225131,0.20501,51.90405,3,3,7,15:37,-1,E07000077,4,0,1,0,2,19,"[2, 6]","[6, 2]",0,0,0,1,0,0,0,0,0,3,30
2024421426592,2024,421426592,576060,223912,0.55681,51.88596,3,3,7,22:00,-1,E07000067,6,2,1,0,1,19,3,7,0,0,0,1,0,0,0,0,1,3,30
2024421426594,2024,421426594,588161,185172,0.71154,51.53409,2,2,1,02:30,-1,E06000033,6,2,1,0,1,19,7,3,10,2,11,1,0,0,0,0,0,3,31
2024421426602,2024,421426602,543364,191978,0.06894,51.60839,3,3,3,22:15,-1,E07000072,4,2,2,1,1,"[5, 19]","[5, 7]","[1, 3]",0,0,0,1,0,0,0,0,0,3,26
2024421426625,2024,421426625,570959,189096,0.46568,51.57481,3,3,1,08:59,-1,E07000066,6,0,1,0,1,"[4, 1]","[7, 5]","[3, 1]",0,0,0,1,0,0,0,0,0,3,31
2024421426635,2024,421426635,571897,206163,0.48758,51.72783,2,2,1,09:24,-1,E07000070,3,0,4,0,2,19,2,6,10,2,0,0,0,1,0,0,0,3,31
2024421426654,2024,421426654,582441,186570,0.62988,51.54852,2,"[3, 2]",7,11:25,-1,E06000033,3,0,8,0,1,"[3, 19]",7,3,0,0,0,1,0,0,1,0,0,3,30
2024421426687,2024,421426687,544340,195526,0.08449,51.64002,2,2,1,13:45,-1,E07000072,3,0,1,0,2,19,1,5,0,"[6, 0]",0,1,0,1,0,0,0,3,31
2024421426846,2024,421426846,569447,205558,0.45185,51.72314,3,3,2,10:45,-1,E07000070,6,0,1,0,1,9,3,5,0,0,0,1,0,0,0,0,1,4,1
2024421426867,2024,421426867,598673,228290,0.88748,51.91768,3,3,2,12:13,-1,E07000071,6,0,1,0,2,"[19, 9]","[4, 7]","[1, 3]",0,0,0,1,0,0,0,0,0,4,1
2024421426887,2024,421426887,584820,188255,0.66504,51.56288,2,2,2,12:14,-1,E06000033,3,0,1,0,1,11,7,3,7,1,0,0,0,1,0,0,0,4,1
2024421426890,2024,421426890,550881,234625,0.19596,51.98959,3,3,2,12:35,-1,E07000077,1,0,1,0,2,"[4, 19]",1,5,0,0,0,1,0,0,0,0,0,4,1
2024421426979,2024,421426979,590940,193588,0.75612,51.60874,2,"[2, 3]",2,22:05,-1,E07000075,6,2,1,0,2,19,1,5,0,1,9,1,0,0,0,0,0,4,1
2024421427046,2024,421427046,561242,198831,0.33006,51.66513,3,3,7,08:40,-1,E07000068,6,2,1,0,2,19,-1,-1,0,0,0,1,0,0,0,0,0,3,30
2024421427052,2024,421427052,551140,224097,0.1951,51.89493,3,3,1,02:25,-1,E07000077,6,2,1,0,2,-1,-1,-1,-1,-1,0,1,0,0,0,0,0,3,31
2024421427066,2024,421427066,585572,188775,0.67615,51.56731,3,3,1,05:55,-1,E06000033,6,0,1,0,1,-1,-1,-1,-1,-1,0,1,1,0,0,0,0,3,31
2024421427076,2024,421427076,564533,199288,0.37782,51.66828,3,3,7,20:20,-1,E07000068,6,2,1,0,2,"[-1, 19]",-1,-1,"[-1, 0]","[-1, 0]",0,1,0,1,0,0,0,3,30
2024421427082,2024,421427082,577356,195200,0.56098,51.62766,3,3,6,15:30,-1,E07000070,3,0,1,0,2,-1,-1,-1,-1,-1,0,1,0,1,0,0,0,3,29
2024421427091,2024,421427091,578019,223447,0.585,51.88117,3,3,5,06:00,-1,E07000067,3,0,1,0,2,19,-1,-1,0,0,0,1,0,1,0,0,0,3,28
2024421427181,2024,421427181,559960,196446,0.31045,51.64407,3,3,3,10:25,-1,E07000068,6,0,1,0,2,19,6,1,0,0,0,1,0,0,0,0,0,4,2
2024421427209,2024,421427209,588866,190751,0.72468,51.58396,3,3,3,12:46,-1,E07000075,6,0,1,0,2,19,"[3, 7]","[7, 3]",0,0,0,1,0,0,0,0,0,4,2
2024421427239,2024,421427239,540627,193897,0.03022,51.62632,3,3,7,04:20,-1,E07000072,6,2,9,0,1,"[2, 19]","[0, 3]","[0, 7]",0,0,0,1,0,0,0,0,0,3,23
2024421427260,2024,421427260,616923,217174,1.14546,51.81109,3,3,3,14:07,-1,E07000076,3,0,1,0,2,19,8,5,0,1,0,0,0,1,0,0,0,4,2
2024421427301,2024,421427301,574650,201601,0.52512,51.686,2,"[2, 3]",3,13:30,-1,E07000070,6,0,1,0,2,"[10, 19]","[7, 1]","[1, 5]",0,0,0,1,0,0,1,0,0,4,2
2024421427323,2024,421427323,569966,187214,0.45046,51.5582,3,3,3,02:39,-1,E07000066,6,2,1,0,1,5,3,1,0,1,0,1,0,0,0,0,0,4,2
2024421427380,2024,421427380,558488,180771,0.28213,51.50365,3,3,1,11:36,-1,E06000034,6,0,1,0,1,"[19, 9]","[7, 1]","[3, 5]",0,0,0,1,0,1,0,0,0,3,31
2024421427666,2024,421427666,562288,178732,0.33589,51.48426,3,3,4,16:35,-1,E06000034,3,0,1,0,1,5,5,1,0,0,0,1,0,0,0,0,1,4,3
2024421427678,2024,421427678,585375,188288,0.67305,51.563,3,3,4,16:32,-1,E06000033,3,0,1,0,1,"[11, 19]",7,4,0,"[0, 1]",0,1,0,1,0,0,0,4,3
2024421427706,2024,421427706,546985,211136,0.12926,51.77959,3,3,4,20:04,-1,E07000073,4,2,1,0,2,19,7,1,7,0,0,1,0,0,0,0,0,4,3
2024421427738,2024,421427738,543739,204431,0.07947,51.72019,3,3,3,20:30,-1,E07000072,6,2,2,1,2,"[19, 7]","[3, 1]","[7, 4]",0,0,0,1,0,0,0,0,0,4,2
2024421427750,2024,421427750,542451,195732,0.05729,51.64235,3,3,3,16:33,-1,E07000072,6,0,1,0,1,4,5,1,0,0,0,0,0,1,0,0,0,4,2
2024421427887,2024,421427887,570626,206997,0.46961,51.73571,3,3,5,10:39,-1,E07000070,3,0,1,0,1,5,6,1,0,0,0,1,0,0,0,0,1,4,4
2024421428034,2024,421428034,585821,187647,0.67914,51.55709,3,3,5,15:29,-1,E06000033,3,0,1,0,1,"[9, 19]","[6, 1]","[3, 5]",0,0,0,1,0,1,0,0,0,4,4
2024421428040,2024,421428040,551561,221592,0.20012,51.87231,3,3,5,12:14,-1,E07000077,3,0,1,0,2,"[19, 2, 3]","[7, 8]","[3, 4]",0,0,0,1,0,0,0,0,0,4,4
2024421428074,2024,421428074,551275,229823,0.19958,51.94634,2,"[3, 2]",3,14:22,-1,E07000077,4,0,1,0,2,"[4, 19]","[1, 4]",5,"[11, 0]",0,0,1,0,0,0,0,0,4,2
2024421428132,2024,421428132,586080,200254,0.68956,51.67024,3,3,5,17:07,-1,E07000074,4,0,1,0,2,"[19, 10]",3,"[7, 1]",0,0,0,1,0,0,0,0,0,4,4
2024421428157,2024,421428157,587243,185898,0.6987,51.54092,3,3,6,19:44,-1,E06000033,3,2,1,0,1,"[4, 19]",3,7,0,0,0,1,0,0,0,0,0,3,29
2024421428192,2024,421428192,553043,226060,0.22361,51.91205,2,2,6,08:38,-1,E07000077,4,0,1,0,2,"[9, 13]",2,"[8, 6]",0,0,0,0,1,0,1,0,0,4,5
2024421428274,2024,421428274,575710,225367,0.55247,51.89914,3,3,6,10:27,-1,E07000067,4,0,1,0,1,"[7, 19]","[8, 4]","[2, 1]",0,0,0,1,0,0,0,0,0,4,5
2024421428445,2024,421428445,570602,185931,0.459,51.54648,3,3,6,16:53,-1,E06000034,4,0,1,0,2,"[19, 4]",2,6,0,0,0,1,0,0,0,0,0,4,5
2024421428494,2024,421428494,550603,224153,0.18733,51.89558,3,3,6,17:50,-1,E07000077,6,0,1,0,2,"[9, 19]","[6, 2]","[4, 2, 6]",0,0,0,1,0,0,0,0,0,4,5
2024421428545,2024,421428545,578791,195855,0.58202,51.63309,3,3,6,22:33,-1,E07000070,3,2,1,0,2,"[13, 19]","[6, 2]","[2, 6]","[7, 0]","[1, 0]",0,1,0,0,1,0,0,4,5
2024421428724,2024,421428724,577087,195124,0.55706,51.62706,2,2,7,15:06,-1,E07000070,3,0,1,0,2,7,4,6,0,0,0,0,0,1,0,0,0,4,6
2024421428798,2024,421428798,603201,231249,0.95497,51.94262,2,2,7,23:31,-1,E07000071,3,2,4,0,2,19,6,2,0,0,0,1,0,1,0,0,0,4,6
2024421428836,2024,421428836,563222,176958,0.34851,51.46805,3,3,2,19:37,-1,E06000034,3,2,1,0,2,19,"[1, 3]","[5, 7]",0,0,0,1,0,0,0,0,0,4,1
2024421428876,2024,421428876,590921,201333,0.76007,51.6783,3,3,1,11:51,-1,E07000074,6,0,1,0,2,"[9, 19]","[7, 2]","[4, 6]",0,0,0,1,0,0,0,0,0,4,7
2024421428938,2024,421428938,550507,197612,0.17444,51.65715,3,3,1,13:50,-1,E07000072,3,0,1,0,2,"[10, 19]","[2, 5]","[8, 1, 4]",0,0,0,1,0,0,0,0,0,4,7
2024421429023,2024,421429023,580630,190545,0.60583,51.58481,3,3,4,14:00,-1,E07000075,3,0,9,0,1,19,"[4, 2]","[8, 6]",0,0,0,1,1,0,0,0,0,3,27
2024421429025,2024,421429025,569055,195094,0.44112,51.62926,3,3,7,12:47,-1,E07000066,6,0,1,0,1,"[1, 4]",1,5,0,0,0,1,0,0,0,0,0,4,6
2024421429026,2024,421429026,601526,223541,0.92613,51.87402,3,3,7,20:30,-1,E07000071,6,2,9,0,1,19,2,6,0,0,0,1,0,0,0,0,1,3,23
2024421429359,2024,421429359,570216,188702,0.45478,51.57149,2,"[2, 3]",2,14:20,-1,E07000066,3,0,1,0,2,5,"[2, 7]","[6, 5]",0,0,0,1,0,1,0,0,0,4,8
2024421429540,2024,421429540,574442,190189,0.51643,51.58356,3,3,6,14:15,-1,E07000066,6,0,2,1,1,"[7, 19]",-1,-1,0,0,0,1,0,1,0,0,0,3,15
2024421429619,2024,421429619,547455,199842,0.13129,51.67799,3,3,3,10:47,-1,E07000072,1,0,1,1,2,19,4,7,0,1,6,1,0,0,0,0,0,4,9
2024421429711,2024,421429711,568011,195855,0.42642,51.63641,3,3,3,13:24,-1,E07000066,4,0,2,1,1,"[9, 19]","[3, 1]",2,0,0,0,1,0,0,0,0,0,4,9
2024421429731,2024,421429731,571604,212935,0.48669,51.78875,3,3,3,15:24,-1,E07000070,3,0,1,0,2,4,8,5,0,0,0,1,0,0,0,0,0,4,9
2024421429749,2024,421429749,569338,189754,0.44263,51.58121,3,3,3,17:20,-1,E07000066,3,0,1,0,1,"[3, 19]",1,5,0,0,0,1,0,0,0,0,0,4,9
2024421429784,2024,421429784,621187,228278,1.21432,51.9091,3,3,3,13:43,-1,E07000076,4,0,2,1,2,19,"[6, 2]","[2, 6]",0,0,0,1,0,0,0,0,0,4,9
2024421429831,2024,421429831,584209,200468,0.66265,51.67278,3,3,6,08:31,-1,E07000074,6,0,2,1,2,4,"[8, 6]","[4, 2]",0,0,0,1,0,0,0,0,0,4,5
2024421429832,2024,421429832,585467,188686,0.67459,51.56654,3,3,3,16:55,-1,E06000033,6,0,1,0,1,19,7,3,0,0,0,1,0,0,0,0,1,4,9
2024421429833,2024,421429833,589846,186810,0.73668,51.54824,3,3,4,16:45,-1,E06000033,6,0,1,0,1,"[5, 19]","[3, 6]","[7, 2]",0,0,0,1,0,0,0,0,0,4,3
2024421429834,2024,421429834,600396,206808,0.90008,51.72417,3,3,6,17:45,-1,E07000074,6,0,1,0,2,19,"[7, 5]","[3, 1]",0,0,0,1,0,0,0,0,0,4,5
2024421429845,2024,421429845,544126,196286,0.08171,51.64691,3,3,4,06:00,-1,E07000072,6,0,1,0,1,19,8,6,0,0,0,1,0,0,0,0,1,4,10
2024421429861,2024,421429861,545671,201799,0.10632,51.69604,2,2,7,14:32,-1,E07000072,4,0,1,0,1,"[7, 19]","[8, 6]",2,0,0,0,1,1,0,0,0,0,3,30
2024421429948,2024,421429948,617153,216374,1.14829,51.80382,3,3,3,21:00,-1,E07000076,3,2,1,0,1,"[19, -1]","[5, 7]","[1, 3]",0,0,0,1,0,0,0,1,0,4,9
2024421430000,2024,421430000,577470,224716,0.57769,51.89274,2,2,4,11:30,-1,E07000067,3,0,1,0,2,"[19, 6]","[4, 6]","[8, 4]",0,0,0,1,0,0,0,0,0,4,10
2024421430092,2024,421430092,584077,186192,0.65325,51.5446,2,2,4,10:50,-1,E06000033,6,0,1,0,1,"[2, 19]","[0, 3]","[0, 7]","[4, 0]",0,0,1,0,0,0,0,0,4,10
2024421430201,2024,421430201,579898,189704,0.59485,51.57749,2,2,4,17:31,-1,E07000069,3,0,1,0,2,"[12, 19]",3,7,0,"[0, 7]",0,1,0,1,0,0,0,4,10
2024421430203,2024,421430203,556484,194311,0.2593,51.62586,3,3,3,21:29,-1,E07000068,6,2,1,1,2,19,4,3,0,7,0,1,0,0,0,0,0,4,9
2024421430258,2024,421430258,570399,207719,0.46668,51.74227,2,"[3, 2]",4,21:35,-1,E07000070,4,2,1,0,1,19,"[1, 5]","[5, 1]",0,0,0,1,0,0,1,0,0,4,10
2024421430260,2024,421430260,576480,222647,0.56226,51.87447,3,3,5,02:11,-1,E07000067,6,2,1,1,1,"[9, 19]","[6, 8]",3,0,0,0,1,0,1,0,0,0,4,11
2024421430277,2024,421430277,586220,207944,0.69569,51.73926,3,3,4,10:30,-1,E07000074,4,0,1,0,1,"[19, -1]","[4, -1]","[8, -1]","[0, -1]","[0, -1]",0,1,0,0,0,0,0,4,10
2024421430280,2024,421430280,551676,215393,0.19907,51.81659,3,3,4,07:38,-1,E07000077,3,0,1,0,2,19,1,5,0,0,0,1,1,0,0,0,0,4,10
2024421430284,2024,421430284,591196,186417,0.75592,51.54425,3,3,7,11:15,-1,E06000033,3,0,1,0,2,19,-1,-1,0,0,0,1,0,1,0,0,0,4,6
2024421430585,2024,421430585,577999,223312,0.58464,51.87996,3,3,5,15:12,-1,E07000067,3,0,1,0,2,4,5,1,0,0,0,1,0,0,0,0,0,4,11
2024421430598,2024,421430598,566092,205934,0.4035,51.72752,2,2,5,13:10,-1,E07000070,3,0,1,0,2,19,"[7, 4]","[3, 8]",0,"[1, 0]",0,1,0,0,1,0,0,4,11
2024421430836,2024,421430836,604177,233322,0.97038,51.96087,2,2,6,08:43,-1,E07000071,6,0,1,0,2,"[19, 9]","[3, 7]","[7, 4]",0,0,0,1,0,0,0,0,0,4,12
2024421430887,2024,421430887,582811,189414,0.63669,51.57395,3,3,6,08:27,-1,E06000033,6,0,1,0,1,"[9, 19]","[5, 7]",3,0,"[0, 1]","[0, 11]",1,0,0,0,0,0,4,12
2024421430940,2024,421430940,579965,212261,0.60743,51.78007,3,3,6,13:30,-1,E07000067,3,0,1,0,2,19,6,2,0,0,0,1,0,0,0,0,0,4,12
2024421430994,2024,421430994,594731,224826,0.82828,51.88797,3,3,6,15:45,-1,E07000071,6,0,1,0,2,4,7,"[3, 2]",0,0,0,1,0,1,0,0,0,4,12
2024421430997,2024,421430997,577777,191868,0.56537,51.5976,3,3,6,18:30,-1,E07000075,3,0,1,0,2,19,1,3,0,1,0,1,0,0,0,0,0,4,12
2024421431005,2024,421431005,544200,208383,0.08778,51.75558,3,3,6,20:17,-1,E07000073,6,2,1,0,1,19,6,2,0,0,0,0,0,1,0,0,1,4,12
2024421431025,2024,421431025,616310,219864,1.13826,51.83547,2,"[2, 3]",6,17:42,-1,E07000076,4,0,1,0,2,"[4, 19]","[1, 5]","[5, 1]",0,0,0,1,0,0,0,0,0,4,12
2024421431043,2024,421431043,573012,208494,0.50487,51.74843,2,2,7,00:17,-1,E07000070,4,2,1,0,1,19,6,2,0,7,0,0,0,1,0,0,0,4,13
2024421431057,2024,421431057,576277,188468,0.54203,51.56753,3,3,7,01:10,-1,E07000066,3,2,1,0,2,19,1,4,0,3,1,1,0,0,0,0,0,4,13
2024421431060,2024,421431060,567620,226372,0.43549,51.91066,3,3,7,00:10,-1,E07000077,6,2,1,0,2,19,5,1,7,7,0,1,0,0,0,0,0,4,13
2024421431069,2024,421431069,542745,195353,0.06139,51.63887,3,3,6,12:16,-1,E07000072,6,0,1,0,1,"[19, 9]","[3, 6]","[6, 4]",0,0,0,1,0,1,0,0,0,4,12
2024421431224,2024,421431224,580039,183788,0.59386,51.52431,2,2,7,14:19,-1,E07000069,4,0,1,0,1,19,8,5,0,0,0,1,0,0,0,0,1,4,13
2024421431297,2024,421431297,546730,199398,0.12063,51.67419,3,3,7,21:30,-1,E07000072,1,2,1,0,2,19,1,5,0,0,0,1,0,0,0,0,0,4,13
2024421431309,2024,421431309,557344,203757,0.27597,51.71049,1,1,7,17:36,-1,E07000072,3,0,1,0,2,"[9, 19]","[7, 3]","[6, 7]",0,0,0,1,0,1,0,0,0,4,13
2024421431318,2024,421431318,593977,202540,0.80489,51.6881,1,1,7,17:24,-1,E07000074,6,0,1,0,2,19,1,5,0,"[0, 7]",0,1,0,1,0,0,0,4,13
2024421431448,2024,421431448,569516,189778,0.44521,51.58137,3,3,1,11:41,-1,E07000066,6,0,1,0,1,"[19, 9]","[1, 3]","[5, 1]",0,0,0,1,0,0,0,0,0,4,14
2024421431463,2024,421431463,581642,205101,0.62798,51.71522,2,2,1,11:42,-1,E07000074,3,0,1,0,2,19,7,3,0,0,0,1,0,1,0,0,0,4,14
2024421431512,2024,421431512,580971,195978,0.61355,51.6335,3,3,1,12:45,-1,E07000070,6,0,1,0,2,19,1,5,0,0,0,1,0,0,0,0,1,4,14
2024421431561,2024,421431561,601164,225481,0.92201,51.89157,3,3,1,18:09,-1,E07000071,3,0,1,0,1,19,"[4, 2]","[8, 6]",0,0,0,1,1,0,0,0,0,4,14
2024421431620,2024,421431620,582564,189026,0.63293,51.57054,3,3,7,15:00,-1,E06000033,3,0,1,0,1,4,7,3,0,0,0,1,0,0,0,0,0,4,13
2024421431630,2024,421431630,538383,198208,-0.00048,51.66562,3,3,7,11:30,-1,E07000072,3,0,1,0,2,"[19, 4]",1,5,0,0,0,1,0,0,0,0,0,4,13
2024421431645,2024,421431645,563197,178209,0.34873,51.4793,3,3,7,13:21,-1,E06000034,3,0,1,0,2,4,7,3,0,0,0,1,0,0,0,0,0,4,13
2024421431658,2024,421431658,543768,196815,0.07676,51.65175,3,3,7,15:00,-1,E07000072,3,0,1,0,1,"[10, 4]","[1, 5]","[5, 1]",0,0,0,1,0,1,0,0,0,4,13
2024421431703,2024,421431703,557525,179951,0.2679,51.49656,1,1,1,23:43,-1,E06000034,3,2,1,0,2,"[3, 19]","[4, 5]","[7, 8]",0,"[7, 0]",0,1,0,1,0,0,0,4,14
2024421431728,2024,421431728,551400,222178,0.19804,51.87762,3,3,3,15:24,-1,E07000077,6,0,1,0,2,"[19, 14]","[3, 1]","[1, 3]",0,0,0,1,0,0,1,0,0,3,19
2024421431824,2024,421431824,600155,224705,0.90692,51.88496,3,3,2,12:10,-1,E07000071,6,0,1,1,1,"[19, 9]","[4, 3]",8,0,0,0,1,1,0,0,0,0,4,15
2024421431876,2024,421431876,616684,213748,1.13986,51.78042,3,3,4,20:20,-1,E07000076,6,2,1,0,1,"[2, 19]","[0, 2]","[0, 6]",0,0,0,1,0,0,0,0,0,4,10
2024421431881,2024,421431881,545502,200657,0.1034,51.68583,3,3,2,14:46,-1,E07000072,1,0,1,0,2,"[11, 19]",4,8,0,0,0,1,0,0,1,0,0,4,15
2024421431919,2024,421431919,596030,225305,0.8474,51.89181,3,3,6,21:37,-1,E07000071,3,2,1,0,1,"[11, 19]",3,7,0,0,0,1,0,0,1,0,0,4,5
2024421431944,2024,421431944,616232,215059,1.13414,51.79237,2,2,2,18:45,-1,E07000076,6,0,4,0,1,19,1,7,10,0,0,0,0,0,0,0,0,4,15
2024421432022,2024,421432022,560894,177855,0.31544,51.47678,3,3,2,10:36,-1,E06000034,6,0,2,1,1,1,6,5,0,0,0,1,0,0,0,0,1,4,15
2024421432036,2024,421432036,574029,188861,0.50982,51.57176,3,3,3,22:40,-1,E07000066,6,2,1,1,1,19,1,5,0,0,0,1,0,0,0,0,0,4,9
2024421432047,2024,421432047,567445,194620,0.41765,51.62548,3,3,7,19:15,-1,E07000066,4,2,1,0,1,19,1,5,0,0,0,0,0,1,0,0,1,3,23
2024421432054,2024,421432054,587916,189471,0.7103,51.57278,3,3,3,19:58,-1,E07000075,6,0,1,0,1,"[7, 19]","[8, 6]",2,0,0,0,1,0,0,0,0,0,4,9
2024421432135,2024,421432135,602196,226301,0.93747,51.89856,3,3,3,10:15,-1,E07000071,3,0,1,0,1,19,5,8,0,0,0,1,0,0,0,0,1,4,16
2024421432170,2024,421432170,577279,195343,0.55994,51.62897,3,3,7,11:08,-1,E07000070,3,0,1,0,2,"[19, 5]","[4, 6]",1,0,0,0,1,1,0,0,0,0,4,13
2024421432219,2024,421432219,539405,201065,0.01543,51.69104,3,3,3,10:45,-1,E07000072,6,0,1,0,1,"[9, 19]","[1, 7]","[7, 3]",0,0,0,1,0,0,0,0,0,4,16
2024421432238,2024,421432238,578270,184860,0.56893,51.5345,2,2,3,12:00,-1,E07000069,4,0,1,0,2,19,7,3,0,0,0,1,0,0,0,0,1,4,16