collision_index,collision_year,collision_ref_no,location_easting_osgr,location_northing_osgr,longitude,latitude,casualty_severity,casualty_severity,day_of_week,time,local_authority_district,local_authority_ons_district,first_road_class,light_conditions,weather_conditions,road_surface_conditions,urban_or_rural_area,vehicle_manoeuvre,vehicle_direction_from,vehicle_direction_to,hit_object_in_carriageway,vehicle_leaving_carriageway,hit_object_off_carriageway,is_car,is_cyle,is_mcyle,is_goodsv,is_other,is_pedestrian,month,day
2024421432393,2024,421432393,572397,205376,0.49443,51.72061,2,2,3,17:00,-1,E07000070,6,0,4,0,1,"[9, 19]","[1, 7]","[7, 3]",0,0,0,1,1,0,0,0,0,4,16
2024421432431,2024,421432431,572044,234931,0.50402,51.98619,3,3,3,22:20,-1,E07000067,6,2,1,0,2,19,6,2,0,0,0,1,0,0,0,0,0,4,16
2024421432466,2024,421432466,575212,194173,0.52952,51.61911,3,3,4,18:50,-1,E07000066,3,0,1,0,1,"[19, 4]",2,6,0,0,0,1,0,0,0,0,0,4,10
2024421432487,2024,421432487,547196,211359,0.13241,51.78154,3,3,4,07:13,-1,E07000073,6,0,1,0,1,"[9, 19]","[7, 5]","[5, 1]",0,0,0,1,1,0,0,0,0,4,17
2024421432497,2024,421432497,601848,224349,0.93128,51.88116,3,3,3,21:30,-1,E07000071,3,2,2,1,1,19,"[5, 1]","[1, 5]",0,0,0,1,0,0,0,0,0,3,26
2024421432524,2024,421432524,551423,221279,0.19798,51.86954,3,3,4,08:30,-1,E07000077,1,0,1,0,2,19,5,1,7,7,6,1,0,0,0,0,0,4,17
2024421432527,2024,421432527,589773,215921,0.75144,51.8097,3,3,4,07:47,-1,E07000071,4,0,1,0,2,"[4, 3]",4,8,"[4, 0]",0,0,1,0,1,0,0,0,4,17
2024421432537,2024,421432537,613676,222425,1.10167,51.85948,3,3,4,09:31,-1,E07000076,3,0,1,0,2,"[19, 13]","[1, 8]","[6, 3]",7,0,0,1,0,0,1,0,0,4,17
2024421432555,2024,421432555,550714,224316,0.18901,51.89702,3,3,4,07:10,-1,E07000077,4,0,1,0,2,"[13, 9]",2,"[6, 7]",0,0,0,1,0,1,0,0,0,4,17
2024421432634,2024,421432634,586688,198637,0.69748,51.65551,2,2,4,12:35,-1,E07000074,4,0,1,0,2,19,7,3,10,2,11,1,0,0,0,0,0,4,17
2024421432646,2024,421432646,571971,205965,0.48856,51.72603,3,3,4,10:20,-1,E07000070,3,0,8,0,2,19,7,3,0,0,0,0,0,1,0,0,0,4,17
2024421432762,2024,421432762,577686,211258,0.57392,51.77179,3,3,4,15:31,-1,E07000067,4,0,1,0,2,"[9, 19]","[7, 3]","[5, 7]",0,"[7, 0]",0,1,0,0,0,0,0,4,17
2024421432781,2024,421432781,617891,216649,1.15915,51.806,2,2,4,18:30,-1,E07000076,6,0,2,1,1,19,"[7, 3]","[3, 7]",0,0,0,1,0,1,0,0,0,4,17
2024421432786,2024,421432786,561713,189023,0.33234,51.57688,3,3,4,15:06,-1,E07000068,3,0,1,0,2,19,7,3,0,0,0,1,0,0,0,0,0,4,17
2024421432898,2024,421432898,570301,185954,0.45467,51.54678,3,3,5,06:45,-1,E06000034,3,0,1,0,2,19,2,6,0,0,0,1,0,0,0,0,0,4,18
2024421433053,2024,421433053,546006,209504,0.1144,51.76518,3,3,5,07:38,-1,E07000073,3,0,1,0,2,19,"[7, 5]","[3, 1]",0,0,0,1,1,0,0,0,0,4,18
2024421433192,2024,421433192,570274,222804,0.47227,51.87781,2,"[2, 3]",5,16:15,-1,E07000067,4,0,1,0,2,"[19, 9]","[7, 4]","[4, 1]",0,0,0,1,0,0,0,0,0,4,18
2024421433214,2024,421433214,572747,189008,0.49141,51.57347,3,3,5,14:10,-1,E07000066,3,0,1,0,1,"[4, 19]",4,7,0,0,0,1,0,0,0,0,0,4,18
2024421433260,2024,421433260,557383,208222,0.27855,51.75059,1,"[1, 2]",5,18:00,-1,E07000072,4,0,1,0,2,"[19, 13]","[1, 5]","[5, 1]",0,"[0, 1]",0,1,0,0,0,0,0,4,18
2024421433402,2024,421433402,590754,186835,0.74978,51.54816,2,"[2, 3]",6,07:57,-1,E06000033,3,0,1,1,2,5,8,4,0,0,0,1,0,0,0,1,0,4,19
2024421433465,2024,421433465,568417,232282,0.44996,51.96351,2,2,6,10:30,-1,E07000067,4,0,1,1,2,"[1, 19]",1,5,0,0,0,1,0,0,0,0,0,4,19
2024421433497,2024,421433497,572753,188119,0.49106,51.56548,3,3,6,10:55,-1,E07000066,6,0,1,0,1,"[19, 2]","[3, 0]","[7, 0]",0,0,0,1,0,0,0,0,0,4,19
2024421433543,2024,421433543,587504,218830,0.72014,51.83659,3,3,6,10:45,-1,E07000071,3,0,1,0,2,"[19, 4]",6,2,0,0,0,1,0,0,1,0,0,4,19
2024421433667,2024,421433667,601938,224674,0.93277,51.88404,3,3,5,23:58,-1,E07000071,3,2,1,0,1,19,8,4,0,"[0, 7]",0,1,0,0,0,0,0,4,18
2024421433676,2024,421433676,571387,186586,0.47063,51.55213,3,3,6,22:25,-1,E07000066,3,2,1,1,2,"[12, 19]",7,3,0,0,0,0,0,1,1,0,0,4,19
2024421433732,2024,421433732,556529,221168,0.27203,51.86713,2,2,7,04:25,-1,E07000077,4,2,1,0,2,"[6, 13]",7,"[7, 3]",0,0,0,1,0,1,0,0,0,4,20
2024421433894,2024,421433894,570658,188413,0.46101,51.56876,3,3,7,16:58,-1,E07000066,6,0,1,0,1,9,6,3,0,7,0,1,0,0,0,0,0,4,20
2024421433907,2024,421433907,557572,180003,0.2686,51.49701,2,"[2, 3]",7,15:16,-1,E06000034,1,0,1,0,2,19,5,1,0,0,0,1,0,0,0,0,0,4,20
2024421433923,2024,421433923,570571,212598,0.47156,51.78604,3,3,7,17:10,-1,E07000070,4,0,1,0,2,"[5, 19]","[1, 5]","[6, 1]",0,"[7, 1]",0,1,0,0,0,0,0,4,20
2024421433961,2024,421433961,553198,216065,0.22143,51.82221,2,"[2, 3]",7,18:01,-1,E07000077,4,0,1,0,2,19,3,6,0,7,0,1,0,0,0,0,0,4,20
2024421434165,2024,421434165,538340,200868,-5e-05,51.68953,3,3,7,17:50,-1,E07000072,6,0,1,0,2,19,"[5, 3]","[1, 7]",0,0,0,1,0,1,0,0,0,4,20
2024421434207,2024,421434207,546748,211006,0.12577,51.77849,3,3,3,15:45,-1,E07000073,6,0,1,0,1,19,3,7,0,0,0,1,0,0,0,0,0,4,16
2024421434209,2024,421434209,572425,188040,0.4863,51.56488,2,2,1,10:10,-1,E07000066,6,0,1,0,1,19,"[3, 5]","[7, 1]",0,0,0,1,1,0,0,0,0,4,21
2024421434444,2024,421434444,566913,195263,0.41028,51.63142,2,2,2,07:52,-1,E07000066,6,0,1,0,1,9,7,4,0,0,0,1,0,0,0,0,1,4,22
2024421434458,2024,421434458,575082,193948,0.52754,51.61713,2,2,2,11:45,-1,E07000066,3,0,1,0,1,"[2, 19, 3]","[0, 2, 6]","[0, 6, 2]","[0, 4]",0,0,1,0,0,1,0,0,4,22
2024421434598,2024,421434598,584208,215993,0.67085,51.81221,3,3,2,22:49,-1,E07000067,6,2,8,1,2,"[19, 2]","[8, 4]","[2, 6]",0,"[0, 1, 7]",0,1,0,0,0,0,0,4,22
2024421434600,2024,421434600,559918,221454,0.32134,51.86874,3,3,6,13:37,-1,E07000077,6,0,1,1,2,"[19, 9]","[1, 5]","[5, 3]",0,0,0,1,0,0,0,0,0,4,19
2024421434806,2024,421434806,545892,202009,0.10961,51.69787,3,3,3,13:10,-1,E07000072,6,0,1,0,1,1,8,4,0,0,0,1,0,0,0,0,1,4,23
2024421434943,2024,421434943,574487,190205,0.51709,51.58369,2,2,3,17:25,-1,E07000066,6,0,1,0,1,"[9, 5]","[7, 3]","[3, 7]",0,0,0,1,0,1,0,0,0,4,23
2024421434973,2024,421434973,587579,187051,0.70415,51.55116,3,3,6,15:30,-1,E06000033,6,0,1,0,1,"[1, 14]","[1, 3]","[5, 7]",0,0,0,1,1,0,0,0,0,4,19
2024421434976,2024,421434976,577986,188240,0.56654,51.56495,3,3,5,08:00,-1,E07000069,6,0,1,0,1,"[10, 19]",6,3,0,0,0,1,0,0,0,0,0,4,18
2024421434988,2024,421434988,557821,179189,0.27182,51.48963,3,3,4,10:15,-1,E06000034,6,0,1,0,2,"[3, 4]",1,3,0,0,0,1,0,0,0,0,0,4,17
2024421435038,2024,421435038,605057,225179,0.97833,51.88744,3,3,1,16:00,-1,E07000076,6,0,1,0,2,19,8,4,0,0,0,1,0,0,0,0,0,4,21
2024421435076,2024,421435076,598676,221910,0.88385,51.86039,3,3,4,17:15,-1,E07000071,6,0,1,0,2,"[8, 19]","[3, 1]",5,0,0,0,1,0,0,0,0,0,4,17
2024421435087,2024,421435087,600505,224753,0.91203,51.88527,2,2,5,07:50,-1,E07000071,3,0,1,0,1,"[9, 19]","[5, 3]","[3, 7]",0,0,0,1,1,0,0,0,0,4,18
2024421435118,2024,421435118,600998,229237,0.92179,51.92535,3,3,5,17:45,-1,E07000071,3,0,1,1,2,19,3,7,"[0, 7]",0,0,1,0,0,0,0,0,4,18
2024421435132,2024,421435132,564849,176647,0.37177,51.46479,3,3,6,15:50,-1,E06000034,6,0,1,0,1,"[7, 8]","[7, 1]","[1, 3]",0,0,0,1,0,0,0,0,0,4,12
2024421435189,2024,421435189,547545,199788,0.13257,51.67748,2,2,2,16:25,-1,E07000072,1,0,1,0,2,19,"[4, 3]","[7, 8]",0,0,0,1,0,0,1,0,0,4,22
2024421435346,2024,421435346,580923,215216,0.62284,51.8063,3,3,4,17:16,-1,E07000067,6,0,1,0,1,19,7,3,0,0,0,1,0,0,0,0,1,4,24
2024421435542,2024,421435542,567904,223671,0.4383,51.88631,3,3,5,07:18,-1,E07000077,6,0,1,0,2,19,"[4, 2]","[8, 6]",0,"[7, 1]",0,1,0,0,0,0,0,4,25
2024421435657,2024,421435657,576248,192469,0.54362,51.60348,3,3,4,13:45,-1,E07000066,6,0,1,0,1,19,3,7,0,0,0,1,0,0,0,0,0,4,24
2024421435672,2024,421435672,580655,212748,0.61768,51.78422,3,3,4,20:59,-1,E07000067,3,0,1,0,2,19,3,6,11,1,6,0,0,1,0,0,0,4,24
2024421435730,2024,421435730,567199,195790,0.41466,51.63607,3,3,6,05:32,-1,E07000066,6,0,1,0,1,5,3,3,0,"[0, 1]",0,1,0,0,0,0,0,4,19
2024421435734,2024,421435734,572380,206916,0.49494,51.73445,2,2,5,18:20,-1,E07000070,3,0,1,1,1,19,"[1, 8]","[5, 6]",0,0,0,1,0,0,0,0,0,4,25
2024421435777,2024,421435777,577887,223469,0.5831,51.8814,2,"[3, 2]",5,22:10,-1,E07000067,4,2,1,0,1,19,"[3, 7]","[7, 3]",0,0,0,1,0,0,0,0,0,4,25
2024421435792,2024,421435792,568853,208316,0.4446,51.7481,3,3,5,13:51,-1,E07000070,6,0,1,0,1,"[5, 19]","[5, 7]",3,0,0,0,1,1,0,0,0,0,4,25
2024421435935,2024,421435935,580023,189346,0.59647,51.57423,3,3,7,15:00,-1,E07000069,3,0,1,0,1,"[9, 19]",1,5,0,0,0,1,0,1,0,0,0,4,20
2024421435948,2024,421435948,574058,208643,0.52008,51.74944,3,3,6,08:27,-1,E07000070,3,0,1,0,2,"[19, 11]",5,1,0,0,0,1,0,1,0,0,0,4,26
2024421436003,2024,421436003,547075,200098,0.12591,51.68039,2,2,6,10:09,-1,E07000072,1,0,1,0,2,7,5,1,0,0,0,0,0,0,1,0,0,4,26
2024421436025,2024,421436025,598893,226712,0.88976,51.90343,3,3,6,12:35,-1,E07000071,4,0,1,0,1,19,"[6, 8]","[8, 3]",0,0,0,1,1,0,0,0,0,4,26
2024421436047,2024,421436047,573683,204480,0.51258,51.71216,3,3,5,11:03,-1,E07000070,6,0,1,0,2,19,"[3, 7]","[7, 3]",0,0,0,1,0,0,0,0,0,4,25
2024421436087,2024,421436087,570566,191433,0.46115,51.59592,1,"[3, 1, 2]",5,00:44,-1,E07000066,6,2,1,0,1,19,3,1,0,0,0,1,0,0,0,0,0,4,25
2024421436139,2024,421436139,544270,210199,0.08955,51.77188,1,1,6,11:56,-1,E07000073,6,0,1,0,1,"[1, 2]","[2, 0]","[1, 0]",0,0,0,1,0,0,0,0,1,4,26
2024421436143,2024,421436143,594775,224604,0.82879,51.88596,3,3,6,16:05,-1,E07000071,3,0,1,0,1,"[14, 9]","[3, 5]","[7, 3]",0,0,0,1,0,1,0,0,0,4,26
2024421436194,2024,421436194,543661,194853,0.07441,51.63415,3,3,6,17:00,-1,E07000072,1,0,1,0,2,19,6,2,0,0,0,1,0,0,0,0,0,4,26
2024421436227,2024,421436227,615844,216333,1.12931,51.80395,2,2,6,21:20,-1,E07000076,4,2,1,0,1,"[9, 19]","[7, 3]","[3, 7]",0,"[7, 0]",0,1,0,1,0,0,0,4,26
2024421436390,2024,421436390,546059,209965,0.11536,51.76931,3,3,7,11:28,-1,E07000073,6,0,1,1,1,"[9, 19]","[7, 3]","[5, 1]",0,0,0,1,0,0,0,0,0,4,27
2024421436399,2024,421436399,595859,224716,0.84459,51.88659,3,3,7,13:10,-1,E07000071,6,0,1,1,1,5,3,7,0,1,1,1,0,0,0,0,0,4,27
2024421436429,2024,421436429,550954,220370,0.19077,51.8615,2,"[2, 3]",7,13:30,-1,E07000077,1,0,1,0,2,19,5,1,0,"[7, 0]",0,1,0,0,0,0,0,4,27
2024421436437,2024,421436437,585176,189182,0.67066,51.57109,3,3,7,14:00,-1,E06000033,6,0,1,0,1,2,"[7, 0]","[3, 0]",0,0,0,1,0,0,0,0,1,4,27
2024421436491,2024,421436491,575463,237328,0.55498,52.00665,2,2,7,14:20,-1,E07000067,6,0,1,1,2,19,7,2,0,7,4,1,0,0,0,0,0,4,27
2024421436506,2024,421436506,556931,192166,0.26479,51.60647,2,"[3, 2]",7,19:10,-1,E07000068,1,2,2,1,2,"[19, 13]",4,8,0,0,0,1,0,0,0,0,0,4,27
2024421436534,2024,421436534,600865,225624,0.91776,51.89296,3,3,2,22:43,-1,E07000071,3,2,1,0,1,19,"[5, 1]","[7, 5]",0,0,0,1,1,0,0,0,0,4,22
2024421436540,2024,421436540,599403,225223,0.89631,51.88988,3,3,7,22:05,-1,E07000071,6,2,2,1,1,19,5,1,0,0,0,1,0,0,0,0,1,4,27
2024421436576,2024,421436576,619452,218606,1.183,51.82296,3,3,7,17:01,-1,E07000076,6,0,1,0,2,9,"[3, 8]","[8, 3]",0,0,0,1,0,0,0,0,0,4,20
2024421436596,2024,421436596,551677,233182,0.2069,51.97641,1,"[3, 1]",1,05:50,-1,E07000077,1,0,2,1,2,19,1,5,0,1,0,1,0,0,0,0,0,4,28
2024421436613,2024,421436613,577967,211427,0.57807,51.77322,3,3,1,09:32,-1,E07000067,3,0,2,1,2,19,6,2,0,1,0,1,0,0,0,0,0,4,28
2024421436686,2024,421436686,599965,224806,0.90422,51.88594,3,3,1,14:00,-1,E07000071,3,0,2,1,1,5,7,"[3, 7]",0,0,0,1,1,0,0,0,0,4,28
2024421436746,2024,421436746,595726,214699,0.83699,51.79668,3,3,1,15:22,-1,E07000071,6,0,1,0,2,19,3,7,0,7,0,1,0,0,0,0,0,4,28
2024421436835,2024,421436835,544354,210132,0.09073,51.77126,3,3,6,05:06,-1,E07000073,6,0,1,0,1,19,2,6,0,0,0,1,0,0,0,0,1,4,26
2024421436882,2024,421436882,544293,211271,0.09032,51.7815,3,3,2,12:30,-1,E07000073,3,0,2,1,2,"[19, 10]",5,"[1, 3]",0,0,0,1,0,0,0,0,0,4,15
2024421436993,2024,421436993,584424,243091,0.68849,52.05551,3,3,7,10:15,-1,E07000067,6,0,1,1,2,"[9, 19]","[1, 3]","[5, 7]",0,0,0,1,0,0,0,0,0,4,27
2024421437117,2024,421437117,565613,196438,0.39207,51.64236,3,3,2,14:07,-1,E07000068,6,0,1,0,2,19,3,7,0,0,0,1,0,1,0,0,0,4,29
2024421437180,2024,421437180,575071,193549,0.52718,51.61355,3,3,2,16:34,-1,E07000066,3,0,1,0,1,"[10, 19]","[1, 7]","[7, 3]",0,0,0,1,0,0,0,0,0,4,29
2024421437197,2024,421437197,597197,226111,0.8648,51.89864,3,3,2,23:10,-1,E07000071,6,2,1,1,2,19,2,5,0,0,0,1,0,0,0,0,0,4,29
2024421437229,2024,421437229,569484,189704,0.44471,51.58071,3,3,5,10:55,-1,E07000066,6,0,9,0,1,1,7,3,0,0,0,1,0,0,0,0,1,3,21
2024421437241,2024,421437241,598297,225688,0.88052,51.89445,3,3,7,20:36,-1,E07000071,3,2,2,1,2,19,6,2,0,0,0,1,0,0,0,0,1,4,27
2024421437358,2024,421437358,550719,224321,0.18909,51.89706,3,3,3,07:31,-1,E07000077,4,0,1,0,2,"[19, 4]","[6, 2]","[2, 6]",0,0,0,1,0,0,0,0,0,4,30
2024421437389,2024,421437389,577308,207745,0.56665,51.74036,3,3,6,19:34,-1,E07000070,6,0,1,0,2,"[4, 3]",7,3,0,0,0,1,0,0,0,0,0,4,26
2024421437411,2024,421437411,572652,190659,0.49085,51.58833,3,3,3,12:00,-1,E07000066,6,0,1,0,1,"[19, 5]",1,5,0,0,0,1,1,0,0,0,0,4,30
2024421437469,2024,421437469,542804,209951,0.06821,51.77003,3,3,3,10:45,-1,E07000073,3,0,1,0,1,4,7,1,0,0,0,1,0,0,0,0,0,4,23
2024421437644,2024,421437644,571871,209905,0.48906,51.76145,3,3,3,22:50,-1,E07000070,6,2,1,0,2,"[9, 19]","[1, 5]","[6, 1]",0,0,0,1,0,0,0,1,0,4,30
2024421437674,2024,421437674,559710,193913,0.30569,51.62138,3,3,3,17:20,-1,E07000068,3,0,1,0,1,3,3,"[7, 1]",0,0,0,1,0,1,0,0,0,4,23
2024421437679,2024,421437679,575655,205357,0.54154,51.71943,3,3,3,16:50,-1,E07000070,3,0,1,0,2,"[10, 19]",7,"[5, 3]",0,0,0,1,0,0,0,0,0,4,23
2024421437691,2024,421437691,546921,203640,0.12517,51.71226,3,3,6,18:00,-1,E07000072,4,0,1,0,2,"[5, 6]",1,"[5, 3]",0,0,0,1,0,1,0,0,0,4,26
2024421437693,2024,421437693,623637,220545,1.24487,51.8387,3,3,3,17:00,-1,E07000076,6,0,1,0,1,"[19, 12]",5,1,0,0,0,1,1,0,0,0,0,4,23
2024421437765,2024,421437765,550879,220233,0.18963,51.86029,3,3,3,18:39,-1,E07000077,1,0,1,0,2,"[15, 19]",5,1,0,0,0,1,0,0,0,0,0,4,23
2024421437772,2024,421437772,538063,197050,-0.00556,51.65529,3,3,4,19:40,-1,E07000072,3,0,1,0,2,"[19, 13]",2,6,0,0,0,1,0,0,0,0,0,4,24
2024421437784,2024,421437784,605972,232225,0.99581,51.95036,3,3,7,18:45,-1,E07000071,6,0,1,0,2,"[19, 10]",5,"[1, 3]",0,0,0,1,0,0,0,0,0,4,6
2024421437814,2024,421437814,566053,205951,0.40295,51.72769,1,"[1, 3]",4,10:01,-1,E07000070,3,0,1,0,2,19,"[3, 7]","[7, 3]",0,0,0,1,0,0,1,0,0,5,1
2024421437823,2024,421437823,543063,193916,0.06539,51.62588,3,3,3,17:40,-1,E07000072,1,0,1,0,2,"[3, 19]",1,5,0,0,0,1,0,0,0,0,0,4,2
2024421437834,2024,421437834,583715,186614,0.64826,51.54851,2,2,4,08:14,-1,E06000033,3,0,1,0,1,19,3,7,11,0,0,1,0,0,0,0,1,5,1
2024421437850,2024,421437850,584437,212416,0.67227,51.78001,3,3,4,21:48,-1,E07000074,6,2,8,0,2,19,"[4, 2]","[8, 6]",0,0,0,1,0,1,0,0,0,4,24
2024421437874,2024,421437874,585165,239055,0.6971,52.01901,2,2,4,06:58,-1,E07000067,3,0,1,0,2,19,"[2, 6]","[6, 2]",0,"[0, 8]","[0, 4]",1,0,0,0,0,0,5,1
2024421437886,2024,421437886,558719,208865,0.29818,51.75599,3,3,4,10:43,-1,E07000072,6,0,1,0,2,"[8, 7]","[5, 3]","[1, 5]",0,0,0,1,0,0,0,1,0,5,1
2024421437963,2024,421437963,583241,188341,0.64233,51.56417,3,3,4,15:01,-1,E06000033,6,0,1,0,1,"[9, 19, 13]",1,"[7, 5]",0,"[0, 7]","[0, 11]",1,0,0,0,0,0,5,1
2024421437988,2024,421437988,559227,180658,0.29272,51.50243,3,3,4,18:20,-1,E06000034,4,0,1,0,1,"[9, 19, 4]","[1, 3, 7]","[7, 3]",0,"[0, 1]","[0, 5]",1,0,0,0,0,0,5,1
2024421438029,2024,421438029,592877,185255,0.77949,51.53325,2,2,3,16:40,-1,E06000033,6,0,1,0,1,19,"[6, 5]","[3, 8]",0,0,0,1,0,0,0,0,0,4,30
2024421438133,2024,421438133,544355,210132,0.09075,51.77126,3,3,4,19:00,-1,E07000073,6,0,1,0,1,"[11, 19]","[5, 2]",6,0,0,0,1,1,0,0,0,0,4,24
2024421438189,2024,421438189,563812,189385,0.36277,51.57952,3,3,5,09:50,-1,E07000068,3,0,1,0,2,"[4, 19]",2,6,0,0,0,1,0,0,0,0,0,4,25
2024421438208,2024,421438208,538207,200288,-0.0022,51.68435,3,3,3,17:02,-1,E07000072,6,0,1,0,1,19,"[1, 3]","[5, 7]",0,0,0,1,0,1,0,0,0,4,23
2024421438255,2024,421438255,579706,184259,0.5893,51.52864,3,3,2,11:00,-1,E07000069,4,0,1,1,1,"[9, 19]","[2, 4]","[4, 8]",0,0,0,1,0,0,0,0,0,4,15
2024421438257,2024,421438257,620441,230053,1.20463,51.92533,2,"[3, 2]",4,11:21,-1,E07000076,3,0,1,0,2,"[19, 4]",3,7,"[0, 1]",0,0,1,0,0,0,0,0,5,1
2024421438309,2024,421438309,540397,200871,0.02969,51.68905,3,3,2,17:38,-1,E07000072,6,0,1,0,1,"[19, 4]",-1,-1,0,0,0,1,0,1,0,0,0,4,22
2024421438320,2024,421438320,564314,178493,0.36494,51.48153,2,2,6,19:13,-1,E06000034,6,0,1,0,1,"[19, 6]","[7, 3]","[3, 7]",0,0,0,1,0,0,0,0,0,4,26
2024421438419,2024,421438419,603683,224028,0.95771,51.87761,3,3,5,14:55,-1,E07000076,4,0,1,0,2,"[3, 19]","[8, 1]","[4, 5]",0,0,0,1,0,0,0,0,0,5,2
2024421438470,2024,421438470,577850,223474,0.58256,51.88146,3,3,5,18:02,-1,E07000067,4,0,1,0,1,"[19, 2]",7,3,0,0,0,1,0,0,1,0,0,5,2
2024421438484,2024,421438484,585176,194487,0.67346,51.61874,3,3,5,19:50,-1,E07000075,6,0,1,0,1,4,"[5, 7]","[8, 5]","[8, 0]",0,0,1,0,0,0,0,0,5,2
2024421438520,2024,421438520,580382,187414,0.60065,51.55677,2,"[2, 3]",5,21:10,-1,E07000069,3,2,1,0,1,19,"[1, 4]","[4, 8]","[10, 0]","[6, 0]",0,1,0,0,0,0,0,5,2
2024421438525,2024,421438525,585931,201057,0.68784,51.6775,3,3,6,00:24,-1,E07000074,4,2,2,1,2,19,1,5,0,8,0,1,0,0,0,0,0,5,3
2024421438689,2024,421438689,576827,188477,0.54996,51.56744,3,3,5,07:56,-1,E07000069,3,0,1,0,1,19,7,3,0,0,0,1,0,0,0,0,1,4,18
2024421438843,2024,421438843,563184,197394,0.35745,51.65166,3,3,7,14:40,-1,E07000068,3,0,1,0,2,19,2,6,0,0,0,1,0,0,0,0,0,3,23
2024421438847,2024,421438847,600156,226139,0.90777,51.89784,3,3,6,15:47,-1,E07000071,3,0,2,1,1,"[19, 3]",7,3,0,0,0,1,0,0,0,0,0,5,3
2024421438889,2024,421438889,600903,225891,0.91846,51.89534,3,3,6,17:10,-1,E07000071,3,0,2,1,1,"[19, 9]",5,1,0,0,0,1,0,1,0,0,0,5,3
2024421438901,2024,421438901,555699,219161,0.25908,51.84933,3,3,6,17:10,-1,E07000077,4,0,1,1,2,19,"[6, 2]","[2, 6]",0,"[0, 7]","[0, 9]",1,0,0,0,0,0,5,3
2024421438916,2024,421438916,570163,187490,0.45343,51.56062,2,2,6,18:00,-1,E07000066,3,0,1,1,2,"[3, 19]",5,1,0,0,0,1,0,1,0,0,0,5,3
2024421439023,2024,421439023,553162,200117,0.21389,51.67894,3,3,7,07:47,-1,E07000072,6,0,1,0,2,19,"[4, 1]","[1, 4]",0,0,0,1,0,0,0,0,0,5,4
2024421439093,2024,421439093,550631,223984,0.18766,51.89406,2,2,7,12:30,-1,E07000077,6,0,1,0,2,"[19, 7]","[2, 1]",8,0,0,0,1,0,0,0,0,0,5,4
2024421439103,2024,421439103,602528,224377,0.94116,51.88116,3,3,7,14:00,-1,E07000071,6,0,1,0,2,19,3,7,0,0,0,1,0,0,0,0,0,5,4
2024421439224,2024,421439224,570515,191152,0.46028,51.59341,2,2,7,20:05,-1,E07000066,6,0,1,0,1,4,7,3,0,3,11,1,0,0,0,0,0,5,4
2024421439254,2024,421439254,570951,206487,0.47406,51.73103,3,3,1,00:11,-1,E07000070,6,2,1,0,1,5,4,8,0,0,0,1,0,0,0,0,1,5,5
2024421439286,2024,421439286,551612,221649,0.20088,51.87281,3,3,7,11:00,-1,E07000077,1,0,1,0,2,3,1,5,0,0,0,1,0,0,0,0,0,5,4
2024421439339,2024,421439339,557954,178780,0.27355,51.48592,3,3,1,11:15,-1,E06000034,4,0,1,0,1,"[5, 19]","[8, 2]","[4, 5]",0,0,0,1,1,0,0,0,0,5,5
2024421439342,2024,421439342,578353,223477,0.58986,51.88133,2,2,1,12:50,-1,E07000067,3,0,1,0,2,"[19, 10]",3,7,0,0,0,1,0,0,0,0,0,5,5
2024421439343,2024,421439343,570727,203215,0.46922,51.70171,2,2,1,11:59,-1,E07000070,6,0,1,0,1,19,2,6,0,0,0,1,0,0,0,0,1,5,5
2024421439584,2024,421439584,567903,223670,0.43828,51.8863,3,3,2,10:40,-1,E07000077,6,0,1,1,2,19,"[1, 4]","[5, 8]",0,0,0,1,0,0,0,0,0,5,6
2024421439690,2024,421439690,546893,199823,0.12316,51.67797,3,3,2,23:00,-1,E07000072,1,2,2,1,2,19,6,"[2, 6]",0,0,0,1,0,0,0,0,0,5,6
2024421439801,2024,421439801,578163,234195,0.59265,51.97765,3,3,1,16:00,-1,E07000067,3,0,1,0,2,"[10, 19]",5,1,0,0,0,1,0,0,0,0,0,4,21
2024421439813,2024,421439813,586567,187904,0.69003,51.55916,3,3,1,17:45,-1,E06000033,6,0,1,0,1,4,5,1,0,0,0,1,0,0,0,0,0,4,14
2024421439870,2024,421439870,545548,210711,0.10827,51.77615,2,2,7,15:15,-1,E07000073,6,0,1,0,1,19,3,7,0,0,0,1,0,0,0,0,1,4,20
2024421439914,2024,421439914,587819,189650,0.709,51.57442,3,3,6,08:19,-1,E07000075,6,0,1,0,1,"[19, 9]",7,3,"[10, 0]","[1, 0]",0,1,0,1,0,0,0,4,26
2024421439984,2024,421439984,596008,225012,0.84692,51.88919,2,"[3, 2]",3,15:15,-1,E07000071,6,0,1,0,1,"[9, 19]","[5, 3]","[2, 7]",0,0,0,1,0,0,0,0,0,5,7
2024421440043,2024,421440043,569380,189569,0.44314,51.57953,3,3,6,08:59,-1,E07000066,3,0,1,0,2,9,5,1,0,0,0,1,0,0,1,0,0,4,26
2024421440058,2024,421440058,601940,231791,0.93697,51.94794,3,3,3,21:28,-1,E07000071,6,2,1,0,2,19,6,2,0,1,0,1,0,0,0,0,0,5,7
2024421440101,2024,421440101,570889,207103,0.47346,51.73658,3,3,5,17:10,-1,E07000070,6,0,1,0,1,"[4, 19]",1,5,0,0,0,1,1,0,0,0,0,5,2
2024421440103,2024,421440103,599286,226056,0.89509,51.8974,2,2,1,21:11,-1,E07000071,3,2,1,0,1,19,"[6, 5]","[2, 1]",0,0,0,1,1,0,0,0,0,5,5