collision_index,collision_year,collision_ref_no,location_easting_osgr,location_northing_osgr,longitude,latitude,casualty_severity,casualty_severity,day_of_week,time,local_authority_district,local_authority_ons_district,first_road_class,light_conditions,weather_conditions,road_surface_conditions,urban_or_rural_area,vehicle_manoeuvre,vehicle_direction_from,vehicle_direction_to,hit_object_in_carriageway,vehicle_leaving_carriageway,hit_object_off_carriageway,is_car,is_cyle,is_mcyle,is_goodsv,is_other,is_pedestrian,month,day
2024421440107,2024,421440107,538709,200549,0.00516,51.68657,3,3,5,14:15,-1,E07000072,6,0,1,0,1,"[19, 11]","[3, 1]","[7, 5]",0,0,0,1,0,0,0,0,0,4,18
2024421440129,2024,421440129,561608,178283,0.3259,51.48042,3,3,6,14:00,-1,E06000034,6,0,1,0,1,19,"[3, 5]","[7, 1]",0,0,0,1,0,1,0,0,0,5,3
2024421440147,2024,421440147,574638,222757,0.53558,51.87604,3,3,4,07:23,-1,E07000067,4,0,1,0,1,"[9, 19]","[7, 5]","[5, 8]",0,0,0,1,0,1,0,0,0,5,8
2024421440159,2024,421440159,611617,218138,1.0692,51.82177,2,2,4,07:21,-1,E07000076,4,0,1,0,2,"[4, 19]",5,1,"[0, 11]",0,0,1,0,1,0,0,0,5,8
2024421440217,2024,421440217,557034,176439,0.25927,51.46514,3,3,4,12:50,-1,E06000034,3,0,1,0,2,19,2,5,0,0,0,1,0,0,1,0,0,4,17
2024421440228,2024,421440228,555217,203292,0.245,51.7069,2,2,5,15:30,-1,E07000072,3,0,1,0,2,1,3,7,0,0,0,1,0,0,0,0,1,5,2
2024421440316,2024,421440316,622496,220780,1.22849,51.84127,3,3,4,14:45,-1,E07000076,4,0,1,0,1,"[19, 9]","[7, 1]","[3, 7]",0,0,0,1,0,0,0,0,0,5,1
2024421440330,2024,421440330,576159,221597,0.55706,51.86514,3,3,4,11:29,-1,E07000067,6,0,1,0,1,14,5,1,11,0,0,1,0,0,0,0,1,5,8
2024421440345,2024,421440345,545415,209898,0.106,51.76888,2,2,3,18:14,-1,E07000073,6,0,1,0,1,"[19, 4]","[4, 1]","[1, 4]",0,0,0,1,0,0,0,0,0,4,30
2024421440360,2024,421440360,542028,199463,0.0527,51.67599,1,1,4,05:23,-1,E07000072,3,0,1,0,2,19,"[3, 7]","[7, 3]",0,0,0,1,0,1,0,0,0,5,8
2024421440388,2024,421440388,543017,193811,0.06468,51.62495,3,3,4,08:59,-1,E07000072,1,0,1,0,2,19,1,5,0,0,0,1,0,0,0,0,0,5,8
2024421440403,2024,421440403,599257,226403,0.89487,51.90053,2,2,4,07:40,-1,E07000071,3,0,1,0,1,19,"[5, 1]","[1, 5]",0,0,0,0,1,0,0,0,0,5,1
2024421440406,2024,421440406,565798,189644,0.39153,51.58127,3,3,4,13:30,-1,E07000066,4,0,1,0,2,"[19, 9]","[5, 2]","[1, 7]",0,0,0,1,0,0,0,0,0,5,8
2024421440410,2024,421440410,543766,208018,0.08135,51.75241,3,3,3,16:02,-1,E07000073,3,0,1,0,1,"[9, 19]","[1, 7]","[7, 3]",0,0,0,1,0,1,0,0,0,4,30
2024421440455,2024,421440455,584548,186425,0.66016,51.54654,3,3,4,15:09,-1,E06000033,6,0,1,0,1,"[2, 19]","[0, 5]","[0, 1]",4,0,0,1,0,0,0,0,0,5,8
2024421440477,2024,421440477,578373,186128,0.57105,51.54585,3,3,4,15:21,-1,E07000069,4,0,1,0,1,"[10, 15]",3,"[1, 7]",0,0,0,1,0,1,0,0,0,5,8
2024421440527,2024,421440527,564123,220268,0.3818,51.85687,3,3,5,01:38,-1,E07000077,4,2,1,0,2,19,1,5,0,1,4,1,0,0,0,0,0,5,9
2024421440544,2024,421440544,544293,209922,0.08976,51.76938,2,2,2,17:35,-1,E07000073,6,0,1,0,1,"[7, 19]",-1,-1,0,0,0,1,1,0,0,0,0,4,22
2024421440554,2024,421440554,599514,227945,0.89949,51.91428,3,3,3,07:20,-1,E07000071,6,0,1,0,1,"[8, 19]","[5, 3]",6,0,0,0,1,1,0,0,0,0,4,30
2024421440561,2024,421440561,538275,202210,-0.00045,51.7016,3,3,6,17:05,-1,E07000072,4,0,1,0,2,"[19, 3]",5,1,0,0,0,1,0,0,0,0,0,4,26
2024421440590,2024,421440590,559213,235496,0.3176,51.99509,3,3,5,08:00,-1,E07000077,6,0,1,0,2,1,7,5,0,0,0,1,0,0,0,0,1,5,9
2024421440603,2024,421440603,586681,187919,0.69168,51.55925,3,3,5,15:30,-1,E06000033,3,0,9,0,1,19,7,3,0,0,0,1,0,0,0,0,1,4,25
2024421440764,2024,421440764,548922,206092,0.15516,51.73376,3,3,7,14:00,-1,E07000072,3,0,1,0,2,"[3, 19]",3,7,0,0,0,1,0,0,0,0,0,4,27
2024421440833,2024,421440833,581665,230877,0.64183,51.94672,3,3,5,13:02,-1,E07000067,3,0,1,0,1,"[9, 15]",6,"[4, 2]",0,0,0,1,0,0,0,0,0,5,9
2024421440910,2024,421440910,613112,222730,1.09368,51.86243,3,3,5,16:00,-1,E07000076,3,0,1,0,2,19,4,8,0,0,0,1,0,0,0,0,0,5,9
2024421440928,2024,421440928,597695,225565,0.87172,51.89356,3,3,5,16:06,-1,E07000071,6,0,1,0,2,"[7, 19]","[3, 5]","[5, 7]",0,0,0,1,0,0,0,0,0,5,9
2024421440951,2024,421440951,612032,217312,1.0747,51.8142,3,3,5,17:20,-1,E07000076,4,0,1,0,2,"[19, 10]","[5, 1]","[5, 3]",0,0,0,1,0,0,0,0,0,5,9
2024421440955,2024,421440955,572105,187762,0.48155,51.56248,2,2,5,17:05,-1,E07000066,6,0,1,0,1,19,4,8,0,0,0,1,0,0,0,0,1,5,9
2024421441264,2024,421441264,618003,218933,1.16221,51.82646,3,3,2,09:12,-1,E07000076,6,0,1,0,2,"[5, 4]","[5, 7]","[1, 3]",0,0,0,1,0,0,0,0,0,4,29
2024421441304,2024,421441304,571593,188269,0.47442,51.56719,2,2,6,17:14,-1,E07000066,6,0,1,0,1,19,1,5,0,0,0,1,0,0,0,0,1,5,10
2024421441315,2024,421441315,587678,189376,0.70682,51.57201,2,"[3, 2]",4,18:21,-1,E07000075,6,0,1,0,1,-1,-1,-1,-1,-1,0,0,1,0,0,0,0,5,8
2024421441342,2024,421441342,589212,216493,0.74363,51.81503,3,3,6,15:59,-1,E07000071,4,0,1,0,2,"[9, 5]","[0, 1]","[0, 5]",0,"[0, 7]",0,1,0,0,0,0,0,5,10
2024421441368,2024,421441368,573291,190189,0.49984,51.58391,3,3,5,18:03,-1,E07000066,6,0,1,0,1,19,"[7, 6]","[3, 2]",0,0,0,1,0,0,0,0,0,5,9
2024421441375,2024,421441375,570354,186010,0.45546,51.54727,2,2,6,15:57,-1,E06000034,3,0,2,0,2,19,6,2,0,0,0,1,0,1,0,0,0,5,10
2024421441384,2024,421441384,569912,207341,0.45945,51.73902,2,2,6,20:45,-1,E07000070,6,0,1,0,1,19,3,7,0,0,0,1,0,0,0,0,1,5,10
2024421441572,2024,421441572,599622,222096,0.89768,51.86173,2,2,7,12:34,-1,E07000071,6,0,1,0,2,"[15, 2]","[3, 8]","[8, 3]",0,0,0,1,0,1,0,0,0,5,11
2024421441587,2024,421441587,538530,201188,0.00283,51.69236,3,3,7,14:09,-1,E07000072,4,0,1,0,1,"[10, 19]","[7, 5]","[5, 2]",0,0,0,1,0,0,0,0,0,5,11
2024421441606,2024,421441606,544307,195612,0.08405,51.6408,2,2,7,15:44,-1,E07000072,3,0,1,0,2,19,"[7, 5]","[5, 1]",0,0,0,1,0,1,0,0,0,5,11
2024421441644,2024,421441644,570025,188357,0.45186,51.56845,3,3,7,19:26,-1,E07000066,3,0,1,0,1,5,2,1,0,0,0,1,0,0,0,0,0,5,11
2024421441645,2024,421441645,571223,206749,0.47812,51.7333,3,3,7,13:02,-1,E07000070,3,0,1,0,1,"[12, 14]",2,6,0,0,0,1,0,0,0,0,0,5,11
2024421441655,2024,421441655,578835,223419,0.59683,51.88065,3,3,7,17:45,-1,E07000067,3,0,1,0,2,"[13, 9]",7,"[3, 6]",0,0,0,1,0,1,0,0,0,5,11
2024421441715,2024,421441715,601223,226631,0.92354,51.90187,3,3,1,02:50,-1,E07000071,6,2,1,0,1,19,4,1,0,0,0,0,0,0,0,0,0,5,12
2024421441770,2024,421441770,577294,195319,0.56015,51.62875,2,2,1,08:30,-1,E07000070,3,0,1,0,2,"[19, 15]","[3, 7]","[7, 3]","[7, 0]","[4, 0]",0,1,0,0,0,0,0,5,12
2024421441806,2024,421441806,589965,201094,0.74613,51.67648,3,3,7,06:14,-1,E07000074,6,0,1,0,2,19,7,3,0,7,9,1,0,0,0,0,0,5,11
2024421441862,2024,421441862,546401,193303,0.11332,51.61952,3,3,1,15:51,-1,E07000072,4,0,1,0,1,"[9, 19]",4,"[6, 8]",0,0,0,1,0,0,0,0,0,5,12
2024421441948,2024,421441948,544106,207370,0.086,51.7465,3,3,1,22:55,-1,E07000073,6,2,1,0,1,"[9, 19]","[6, 3]","[3, 1]",0,0,0,1,0,0,0,0,0,5,12
2024421441993,2024,421441993,580995,213829,0.62316,51.79382,2,2,7,05:30,-1,E07000067,6,2,1,0,1,"[2, 19]","[0, 4]","[0, 8]","[0, 4]",0,0,1,0,0,0,0,1,4,6
2024421441994,2024,421441994,601116,215414,0.91546,51.80119,3,3,7,11:03,-1,E07000071,4,0,1,0,2,"[13, 19]",5,1,0,0,0,1,0,0,0,0,0,4,20
2024421442010,2024,421442010,544276,200803,0.08574,51.68745,3,3,2,07:30,-1,E07000072,4,0,1,0,2,"[13, 19]",6,2,0,0,0,1,0,1,0,0,0,5,13
2024421442076,2024,421442076,552013,215118,0.20383,51.81403,3,3,2,07:20,-1,E07000077,6,0,1,0,2,"[19, 9]","[7, 4]","[3, 1]",0,0,0,1,0,0,0,0,0,5,13
2024421442310,2024,421442310,581758,191855,0.62278,51.59621,2,2,2,15:06,-1,E07000075,4,0,1,0,1,19,"[4, 2]",6,0,0,0,1,1,0,0,0,0,5,13
2024421442377,2024,421442377,574296,205472,0.52194,51.72088,2,2,2,16:44,-1,E07000070,3,0,1,0,2,"[19, 6]",3,7,0,"[7, 0]",0,1,0,1,0,0,0,5,13
2024421442379,2024,421442379,585251,207689,0.68154,51.73729,2,2,2,18:49,-1,E07000074,4,0,1,0,1,"[6, 19]",2,"[2, 6]",0,0,0,1,0,0,0,0,0,5,13
2024421442475,2024,421442475,582377,214148,0.64335,51.79624,2,2,3,07:28,-1,E07000067,4,0,2,1,1,19,1,5,0,0,0,1,0,0,0,0,1,5,14
2024421442483,2024,421442483,579112,188858,0.58309,51.57014,3,3,2,14:05,-1,E07000069,6,0,1,0,1,3,1,5,0,0,0,1,0,0,0,0,0,4,29
2024421442609,2024,421442609,573447,208782,0.51131,51.75088,3,3,2,13:20,-1,E07000070,3,0,1,0,1,"[3, 19]",7,-1,0,0,0,1,0,1,0,0,0,4,29
2024421442636,2024,421442636,543896,207794,0.08313,51.75037,3,3,2,13:30,-1,E07000073,6,0,1,0,1,"[7, 19]",1,3,0,0,0,1,0,0,0,0,0,4,29
2024421442743,2024,421442743,587154,188550,0.69883,51.56476,3,3,3,23:56,-1,E06000033,6,2,1,0,1,19,6,2,7,0,0,1,0,0,0,0,0,5,7
2024421442754,2024,421442754,575562,220854,0.54803,51.85865,3,3,3,13:02,-1,E07000067,6,0,2,1,2,"[19, 4, 13]","[7, 3]","[3, 7]",0,0,0,1,0,0,1,0,0,5,14
2024421442849,2024,421442849,566037,192446,0.3963,51.60637,2,"[3, 2]",3,15:46,-1,E07000066,6,0,1,1,2,19,"[8, 4]","[4, 8]",0,"[0, 1]",0,1,0,0,0,0,0,5,14
2024421442855,2024,421442855,573450,208784,0.51135,51.7509,3,3,3,14:50,-1,E07000070,3,0,1,0,1,"[3, 19]",1,5,0,0,0,1,0,1,0,0,0,5,7
2024421442864,2024,421442864,543952,209284,0.08456,51.76374,3,3,6,16:00,-1,E07000073,6,0,1,0,1,"[19, 5]","[5, 3]","[1, 7]",0,0,0,1,0,0,0,0,0,5,3
2024421442875,2024,421442875,583288,213064,0.65597,51.78621,3,3,3,16:43,-1,E07000074,6,0,2,1,2,"[4, 19]","[3, 7]","[7, 3]",0,0,0,1,0,0,0,0,0,5,14
2024421442981,2024,421442981,572132,205937,0.49087,51.72573,2,2,4,05:43,-1,E07000070,3,0,1,1,2,19,7,3,0,5,0,0,0,1,0,0,0,5,15
2024421442995,2024,421442995,589736,185992,0.73466,51.54093,3,3,2,17:00,-1,E06000033,3,0,1,0,1,"[19, 3]",-1,-1,0,0,0,1,0,0,0,0,0,4,29
2024421443280,2024,421443280,609737,221402,1.04394,51.85179,3,3,4,07:10,-1,E07000076,6,0,2,1,2,19,"[1, 3]","[5, 7]",0,"[3, 7]",0,1,0,0,0,0,0,5,15
2024421443342,2024,421443342,569871,189875,0.45037,51.58213,2,"[3, 2]",4,14:05,-1,E07000066,6,0,1,0,1,"[19, 9]","[7, 1]","[3, 7]",0,0,0,1,0,1,0,0,0,5,15
2024421443361,2024,421443361,588995,185289,0.72361,51.53486,3,3,4,18:05,-1,E06000033,3,0,1,0,1,"[13, 19]","[8, 2]",4,0,0,0,1,0,1,0,0,0,5,15
2024421443487,2024,421443487,563591,199923,0.36451,51.67426,3,3,1,11:55,-1,E07000068,6,0,1,0,2,"[5, 19]",7,3,0,0,0,1,1,0,0,0,0,5,12
2024421443573,2024,421443573,568739,190022,0.43412,51.58379,3,3,2,11:23,-1,E07000066,3,0,1,0,1,19,3,7,0,0,0,1,0,0,0,0,0,5,6
2024421443598,2024,421443598,597530,221606,0.86706,51.85807,2,2,5,11:22,-1,E07000071,4,0,2,1,2,"[7, 19]","[7, 5]",1,0,"[1, 0]","[4, 0]",1,0,1,0,0,0,5,16
2024421443664,2024,421443664,537669,200556,-0.00987,51.68689,3,3,2,11:30,-1,E07000072,3,0,2,1,2,"[19, 3]",-1,-1,0,0,0,1,0,0,0,0,0,5,6
2024421443784,2024,421443784,567792,190086,0.42049,51.58465,3,3,5,17:52,-1,E07000066,3,0,1,0,1,19,7,4,0,1,0,0,0,1,0,0,0,5,16
2024421443836,2024,421443836,572942,190371,0.49489,51.58566,3,3,5,19:31,-1,E07000066,3,0,1,0,1,19,3,7,"[0, 7]","[0, 1]","[0, 7]",1,0,0,0,0,1,5,16
2024421443855,2024,421443855,573174,208640,0.50729,51.74969,3,3,5,23:06,-1,E07000070,3,2,1,0,1,"[19, 2]",2,6,0,0,0,1,0,0,0,0,0,5,16
2024421443880,2024,421443880,543971,195176,0.07902,51.63697,3,3,7,14:10,-1,E07000072,1,0,1,0,2,"[19, 3]",1,5,0,0,0,1,0,0,0,0,0,5,11
2024421443992,2024,421443992,564347,177121,0.36477,51.46919,3,3,2,10:40,-1,E06000034,3,0,1,0,1,"[3, 19]",1,5,0,0,0,1,0,0,0,0,0,5,13
2024421444054,2024,421444054,580210,218124,0.61403,51.83265,3,3,6,09:00,-1,E07000067,4,0,1,0,2,"[2, 19]","[2, 5]","[1, 8, 2]",0,"[0, 7]",0,1,0,0,0,0,0,5,17
2024421444086,2024,421444086,569131,207511,0.44823,51.74078,2,2,6,10:41,-1,E07000070,3,0,1,0,1,"[9, 14]",3,"[1, 7]",0,0,0,1,0,1,0,0,0,5,17
2024421444165,2024,421444165,571683,197214,0.48009,51.64751,3,3,6,16:27,-1,E07000070,6,0,1,0,2,19,4,8,0,2,10,1,0,0,0,0,0,5,17
2024421444168,2024,421444168,563354,194615,0.3586,51.62664,2,2,5,13:51,-1,E07000068,6,0,1,0,2,19,"[5, 3]","[3, 5]",0,0,0,1,0,0,0,0,0,5,16
2024421444328,2024,421444328,574196,192253,0.51391,51.60218,3,3,5,17:49,-1,E07000066,6,0,1,0,1,"[2, 19]",1,5,"[0, 4]","[0, 7]",0,1,0,0,0,0,0,5,16
2024421444346,2024,421444346,588116,185942,0.7113,51.54102,3,3,5,17:05,-1,E06000033,3,0,1,0,1,19,"[3, 5]","[6, 1]",0,0,0,0,1,1,0,0,0,5,16
2024421444496,2024,421444496,544371,196480,0.08533,51.64859,3,3,7,14:52,-1,E07000072,6,0,1,0,1,19,2,6,0,0,0,0,0,1,0,0,0,5,18
2024421444588,2024,421444588,573518,207783,0.51184,51.74188,2,2,7,16:08,-1,E07000070,6,0,1,0,1,19,5,1,0,0,0,1,0,0,0,0,1,5,18
2024421444593,2024,421444593,576244,222935,0.55898,51.87713,2,2,7,19:21,-1,E07000067,4,0,1,0,1,19,"[7, 1]","[3, 5]",0,0,0,1,0,1,0,0,0,5,18
2024421444609,2024,421444609,546118,210195,0.11631,51.77136,3,3,7,19:15,-1,E07000073,6,0,1,0,1,19,"[8, 3]","[4, 7]",0,0,0,1,1,0,0,0,0,5,18
2024421444660,2024,421444660,572901,204827,0.50144,51.71552,3,3,7,11:45,-1,E07000070,6,2,1,1,1,5,5,1,0,0,0,0,0,1,0,0,0,5,18
2024421444677,2024,421444677,583025,213081,0.65217,51.78645,3,3,1,01:51,-1,E07000074,6,2,1,0,2,19,7,3,6,0,0,1,0,0,0,0,0,5,19
2024421444707,2024,421444707,540089,198341,0.02423,51.66639,2,2,1,04:23,-1,E07000072,6,0,1,0,2,19,3,7,0,8,0,1,0,0,0,0,0,5,19
2024421444745,2024,421444745,561454,229920,0.34759,51.94435,2,2,1,10:47,-1,E07000077,4,0,1,0,2,"[19, 13]","[1, 5]","[5, 1]",0,"[0, 7]",0,1,0,1,0,0,0,5,19
2024421444782,2024,421444782,540699,194195,0.03137,51.62898,2,2,1,12:14,-1,E07000072,6,0,1,0,1,19,8,4,0,0,0,1,0,0,0,0,1,5,19
2024421444901,2024,421444901,569026,207506,0.44671,51.74077,3,3,1,19:10,-1,E07000070,3,0,1,0,1,19,3,"[7, 3]",0,0,0,1,0,0,0,0,0,5,19
2024421444959,2024,421444959,599899,224978,0.90336,51.88751,2,2,1,13:48,-1,E07000071,6,0,1,0,1,19,1,5,"[11, 0]","[7, 1]",0,0,0,1,0,0,1,5,19
2024421444998,2024,421444998,578228,233978,0.59348,51.97568,3,3,2,08:13,-1,E07000067,3,0,1,0,2,19,8,5,11,0,0,1,0,0,0,0,1,5,20
2024421445008,2024,421445008,562001,179306,0.33203,51.4895,3,3,3,17:30,-1,E06000034,6,0,9,0,1,19,"[5, 7]","[1, 3]",0,0,0,1,1,0,0,0,0,5,14
2024421445023,2024,421445023,587072,191273,0.6991,51.58925,2,2,2,07:45,-1,E07000075,6,0,1,0,1,"[14, 9]","[1, 7]","[5, 3]",0,0,0,1,0,1,0,0,0,5,20
2024421445078,2024,421445078,594766,221476,0.8269,51.85787,2,2,2,09:00,-1,E07000071,6,0,1,0,2,19,"[4, 1]","[1, 4]",0,0,0,1,0,0,1,0,0,5,20
2024421445206,2024,421445206,557906,210919,0.28734,51.77467,2,2,2,14:16,-1,E07000072,4,0,1,0,2,19,5,2,0,1,0,1,0,0,0,0,0,5,20
2024421445209,2024,421445209,547267,208665,0.1323,51.75732,2,2,2,14:05,-1,E07000073,6,0,1,0,1,"[2, 1]","[0, 8]","[0, 1]",0,0,0,1,0,0,0,0,1,5,20
2024421445332,2024,421445332,597538,220992,0.86682,51.85255,2,"[3, 2]",2,22:59,-1,E07000071,4,2,1,0,2,19,1,6,0,2,0,1,0,0,0,0,0,5,20
2024421445416,2024,421445416,571202,213821,0.4813,51.79683,2,"[2, 3]",4,13:25,-1,E07000070,4,0,9,0,2,"[3, 4]",6,2,0,0,0,1,0,0,0,0,0,5,8
2024421445428,2024,421445428,622267,222000,1.22595,51.85231,3,3,6,19:09,-1,E07000076,4,0,9,-1,2,"[19, 1]","[7, 5]","[3, 1]",0,0,0,1,0,1,0,0,0,4,26
2024421445514,2024,421445514,588094,190951,0.71366,51.58602,3,3,3,08:09,-1,E07000075,6,0,1,0,1,"[19, 2]","[1, 0]","[1, 0]",0,0,0,1,0,0,0,0,0,5,21
2024421445593,2024,421445593,546476,200079,0.11724,51.68038,3,3,3,13:25,-1,E07000072,1,0,1,1,2,"[19, 12]",3,7,0,0,0,1,0,0,1,0,0,5,21
2024421445624,2024,421445624,601128,227585,0.92272,51.91047,3,3,3,12:17,-1,E07000071,6,0,1,0,1,3,-1,-1,0,0,0,1,0,0,0,0,1,5,7
2024421445736,2024,421445736,564301,180878,0.36586,51.50296,3,3,3,18:45,-1,E06000034,3,0,2,1,2,19,3,7,0,"[0, 1]",0,1,0,0,0,0,0,5,21
2024421445758,2024,421445758,586101,222058,0.70154,51.86605,3,3,3,18:20,-1,E07000067,6,0,2,1,2,19,7,8,0,1,3,1,0,0,0,0,0,5,21
2024421445767,2024,421445767,540894,199679,0.0364,51.67821,3,3,3,21:00,-1,E07000072,3,2,2,1,2,19,"[3, 6]","[7, 2]",0,0,0,1,0,0,0,0,0,5,21
2024421445769,2024,421445769,587102,198681,0.70348,51.65577,3,3,3,21:00,-1,E07000074,4,2,5,1,2,19,3,7,0,2,4,1,0,0,0,0,0,5,21
2024421445770,2024,421445770,572135,188761,0.48247,51.57144,3,3,3,20:23,-1,E07000066,6,0,2,1,1,"[4, 19]","[7, 3]","[3, 7]",0,0,0,1,0,1,0,0,0,5,21
2024421445824,2024,421445824,581986,214329,0.63778,51.79799,3,3,3,15:10,-1,E07000067,4,0,1,0,1,19,2,6,0,0,0,1,0,1,0,0,0,5,7
2024421445861,2024,421445861,566873,187751,0.40613,51.56395,2,2,1,15:05,-1,E07000066,6,0,1,0,1,"[5, 19]","[5, 3]","[1, 7]",0,0,0,1,1,0,0,0,0,5,5
2024421445962,2024,421445962,585285,228984,0.69342,51.92853,3,3,2,12:45,-1,E07000067,3,0,1,0,2,3,7,3,0,0,0,1,0,0,0,0,0,5,13
2024421446069,2024,421446069,619533,216399,1.18277,51.80311,2,2,4,11:20,-1,E07000076,4,0,1,1,1,"[1, 19]","[3, 7]","[1, 3]",0,0,0,1,0,0,0,1,0,5,22
2024421446201,2024,421446201,609271,222088,1.0376,51.85812,2,"[3, 2]",4,06:36,-1,E07000076,4,0,2,1,2,"[19, 7]","[8, 6]","[4, 8]",0,"[1, 0]","[1, 0]",1,0,0,0,0,0,5,22
2024421446385,2024,421446385,559694,177880,0.29818,51.47734,3,3,4,15:21,-1,E06000034,3,0,1,0,1,9,1,7,0,0,0,1,0,0,0,0,1,5,22
2024421446413,2024,421446413,594375,187507,0.8023,51.55296,2,"[2, 3]",4,13:25,-1,E07000075,4,0,1,0,2,19,"[7, 3]","[3, 7]",0,0,0,1,0,0,0,0,0,5,22
2024421446556,2024,421446556,571873,205035,0.48668,51.71771,3,3,4,16:26,-1,E07000070,4,0,1,1,1,19,1,5,0,0,0,1,0,0,0,0,1,5,22
2024421446645,2024,421446645,552565,196580,0.20372,51.64732,3,3,4,19:37,-1,E07000068,1,0,2,1,2,"[19, 12]","[7, 8]","[3, 4]",0,0,0,1,0,0,0,0,0,5,22
2024421446979,2024,421446979,547581,199795,0.13309,51.67754,3,3,5,13:30,-1,E07000072,1,0,1,0,2,"[19, 4]",4,8,0,0,0,1,0,0,0,0,0,5,16
2024421447011,2024,421447011,587456,186431,0.70205,51.54563,3,3,5,08:20,-1,E06000033,6,0,2,1,1,"[19, 3]",5,1,0,0,0,1,0,0,0,0,0,5,16
2024421447063,2024,421447063,568005,178545,0.41806,51.48091,3,3,4,16:15,-1,E06000034,6,0,1,0,2,1,1,5,0,0,0,1,0,0,0,0,1,5,15
2024421447090,2024,421447090,575007,203082,0.53102,51.6992,2,2,4,19:33,-1,E07000070,6,0,1,0,2,"[9, 19]","[8, 4]","[5, 8]",0,0,0,1,1,0,0,0,0,5,15
2024421447116,2024,421447116,571634,189451,0.47558,51.57779,3,3,4,14:40,-1,E07000066,6,0,1,0,1,"[3, 19]",6,2,0,0,0,1,0,0,0,0,0,5,15
2024421447131,2024,421447131,542924,192263,0.06271,51.61106,3,3,4,15:27,-1,E07000072,3,0,1,0,2,"[4, 19]",6,2,0,0,0,1,0,0,0,0,0,5,15
2024421447160,2024,421447160,581051,191243,0.61226,51.59094,3,3,3,15:10,-1,E07000075,4,0,2,1,1,19,2,6,0,0,0,1,0,0,0,0,1,5,14
2024421447168,2024,421447168,579107,188854,0.58301,51.57011,3,3,2,10:30,-1,E07000069,6,0,1,0,1,19,"[7, 5]","[3, 1]",0,0,0,1,1,0,0,0,0,5,6
2024421447204,2024,421447204,571236,203281,0.47661,51.70215,3,3,6,09:45,-1,E07000070,6,0,9,0,1,19,-1,-1,0,0,0,1,0,0,0,0,0,5,3
2024421447307,2024,421447307,618063,215194,1.16073,51.79287,3,3,4,09:12,-1,E07000076,4,0,1,0,1,19,"[6, 5]","[2, 8]",0,0,0,1,0,0,0,0,0,5,22
2024421447416,2024,421447416,572582,207618,0.49821,51.74069,3,3,6,10:44,-1,E07000070,3,0,1,0,1,19,6,1,0,0,0,1,0,0,0,0,0,5,10
2024421447532,2024,421447532,578476,195572,0.57733,51.63065,2,2,6,02:56,-1,E07000070,3,2,1,0,2,19,6,2,0,7,0,1,0,0,0,0,0,5,24
2024421447603,2024,421447603,541518,200243,0.04565,51.68312,2,2,6,07:56,-1,E07000072,1,0,1,0,2,"[13, 19]",2,6,0,0,0,1,0,1,1,0,0,5,24
2024421447654,2024,421447654,586992,187846,0.69612,51.55849,3,3,5,08:36,-1,E06000033,3,0,1,0,1,"[3, 13]","[0, 7]","[0, 3]","[0, 4]",0,0,1,0,1,0,0,0,5,23
2024421447667,2024,421447667,579739,189713,0.59256,51.57762,3,3,6,08:30,-1,E07000069,3,0,1,0,1,"[3, 14]",3,7,"[0, 4]",0,0,1,0,1,0,0,0,5,24
2024421447812,2024,421447812,601787,224269,0.93034,51.88046,3,3,6,14:03,-1,E07000071,3,0,1,0,1,19,7,2,0,0,0,1,0,1,0,0,0,5,24
2024421447814,2024,421447814,566682,206121,0.41213,51.72903,2,"[3, 2]",6,15:17,-1,E07000070,6,0,1,0,2,19,"[5, 6]","[1, 2]",0,0,0,1,0,0,0,0,0,5,24
2024421447818,2024,421447818,562492,197159,0.34734,51.64975,2,2,6,14:20,-1,E07000068,6,0,1,0,2,9,4,2,0,0,0,1,0,0,0,0,1,5,24
2024421447835,2024,421447835,579292,211971,0.59754,51.77768,3,3,6,16:50,-1,E07000067,3,0,1,0,2,19,3,"[6, 7]",0,0,0,1,0,0,0,0,0,5,24
2024421447848,2024,421447848,577655,224478,0.58025,51.89054,3,3,6,17:38,-1,E07000067,3,0,1,0,2,"[19, 6]",8,4,0,0,0,1,0,1,0,0,0,5,24
2024421447857,2024,421447857,545935,202022,0.11023,51.69798,2,2,6,16:10,-1,E07000072,4,0,1,0,1,"[3, 9, 19]","[4, 6, 2]","[6, 4]",0,0,0,1,0,0,0,0,0,5,24
2024421447870,2024,421447870,585478,197767,0.67955,51.6481,3,3,6,15:33,-1,E07000074,6,0,1,0,2,19,5,1,0,0,0,1,0,0,0,0,1,5,24
2024421447883,2024,421447883,588224,186205,0.71299,51.54335,3,3,6,19:39,-1,E06000033,6,0,1,0,1,-1,-1,-1,0,0,0,0,0,0,0,0,0,5,24
2024421447916,2024,421447916,574749,223041,0.53734,51.87855,3,3,6,21:34,-1,E07000067,6,2,1,0,1,"[5, 19]","[1, 6]","[6, 3]",0,0,0,1,0,1,0,0,0,5,24
2024421447948,2024,421447948,570970,191522,0.46702,51.5966,1,"[2, 3, 1]",7,00:37,-1,E07000066,6,2,1,0,1,19,3,7,0,7,0,1,0,0,0,0,0,5,25
2024421448161,2024,421448161,576233,188321,0.54132,51.56622,2,2,7,18:00,-1,E07000066,3,0,1,0,2,"[7, 19]",3,"[7, 2]",0,0,0,1,0,1,0,0,0,5,25