collision_index,collision_year,collision_ref_no,location_easting_osgr,location_northing_osgr,longitude,latitude,casualty_severity,casualty_severity,day_of_week,time,local_authority_district,local_authority_ons_district,first_road_class,light_conditions,weather_conditions,road_surface_conditions,urban_or_rural_area,vehicle_manoeuvre,vehicle_direction_from,vehicle_direction_to,hit_object_in_carriageway,vehicle_leaving_carriageway,hit_object_off_carriageway,is_car,is_cyle,is_mcyle,is_goodsv,is_other,is_pedestrian,month,day
2024421448309,2024,421448309,551419,233409,0.20325,51.97852,3,3,1,05:55,-1,E07000077,1,0,2,1,2,19,8,4,0,1,0,1,0,0,0,0,0,5,26
2024421448415,2024,421448415,538174,202951,-0.00162,51.70829,3,3,1,12:10,-1,E07000072,4,0,1,1,2,19,"[3, 5]","[5, 3]",0,0,0,1,0,0,0,0,0,5,26
2024421448467,2024,421448467,576472,205424,0.55338,51.71977,3,3,1,15:55,-1,E07000070,3,0,1,0,2,19,7,3,0,7,0,1,0,0,0,0,0,5,26
2024421448474,2024,421448474,581778,214074,0.63463,51.79577,2,2,1,14:42,-1,E07000067,4,0,1,0,1,19,6,2,0,0,0,0,0,0,1,0,1,5,26
2024421448488,2024,421448488,591158,186425,0.75537,51.54434,3,3,1,16:45,-1,E06000033,3,0,1,0,2,"[9, 19]",7,"[5, 3]",0,0,0,1,0,0,0,0,0,5,26
2024421448534,2024,421448534,576799,188477,0.54956,51.56745,3,3,1,19:57,-1,E07000069,3,0,1,0,1,4,7,3,0,0,0,1,0,0,0,0,1,5,26
2024421448570,2024,421448570,576276,188455,0.54201,51.56741,3,3,1,22:53,-1,E07000066,3,2,1,0,2,19,"[7, 6]",3,0,0,0,1,0,0,0,0,0,5,26
2024421448616,2024,421448616,589506,233561,0.75726,51.96821,2,"[2, 3]",2,08:37,-1,E07000067,6,0,1,0,2,19,"[5, 3]","[3, 5]",0,0,0,1,0,0,0,0,0,5,27
2024421448710,2024,421448710,581310,231236,0.63686,51.95006,2,2,2,14:36,-1,E07000067,3,0,1,0,1,"[19, 2]","[8, 0]","[4, 0]",0,0,0,1,0,0,0,0,0,5,27
2024421448732,2024,421448732,555782,244716,0.27187,52.07889,3,3,2,16:55,-1,E07000077,4,0,1,0,2,19,"[5, 1]","[2, 5]",0,0,0,1,0,0,0,0,0,5,27
2024421448745,2024,421448745,577524,190293,0.56092,51.58353,3,3,2,17:58,-1,E07000066,3,0,1,0,2,19,5,2,9,3,0,0,0,0,1,0,0,5,27
2024421448803,2024,421448803,612200,229355,1.08453,51.92226,2,2,2,14:30,-1,E07000076,4,0,1,0,2,"[19, 15]","[5, 1]","[1, 5]",0,0,0,1,0,0,0,0,0,5,27
2024421448864,2024,421448864,589347,184884,0.72846,51.53111,2,2,7,17:30,-1,E06000033,4,0,1,0,1,"[9, 13]",4,"[1, 8]",0,0,0,1,0,1,0,0,0,5,11
2024421448880,2024,421448880,578134,211428,0.58049,51.77318,3,3,3,08:27,-1,E07000067,3,0,1,0,2,"[19, 5]","[7, 3]","[3, 8]",0,0,0,1,0,0,0,0,0,5,28
2024421448886,2024,421448886,579096,183282,0.58002,51.52006,2,2,3,06:51,-1,E07000069,3,0,1,0,1,"[5, 19]","[1, 3]","[5, 7]",0,0,0,1,1,0,0,0,0,5,28
2024421448938,2024,421448938,583881,192479,0.65372,51.60113,3,3,3,08:42,-1,E07000075,4,0,1,0,1,19,7,"[3, 5]",0,0,0,1,1,0,0,0,0,5,28
2024421448954,2024,421448954,609726,221406,1.04378,51.85183,3,3,3,11:25,-1,E07000076,6,0,2,1,2,"[5, 19]","[8, 7]","[5, 6]",0,0,0,1,0,0,0,0,0,5,28
2024421448978,2024,421448978,583615,189348,0.64825,51.57309,3,3,3,09:45,-1,E06000033,6,0,1,0,1,"[19, 1]","[7, 1]","[3, 5]",0,0,0,1,1,0,0,0,0,5,28
2024421449003,2024,421449003,617128,216428,1.14796,51.80431,3,3,1,23:00,-1,E07000076,3,2,1,0,1,"[19, 9]","[4, 8]","[1, 4]",0,0,0,1,0,1,0,0,0,5,19
2024421449006,2024,421449006,618028,217916,1.16193,51.81732,3,3,3,10:10,-1,E07000076,4,0,1,0,1,"[9, 19]","[4, 1]","[1, 5]",0,0,0,1,0,0,1,0,0,5,28
2024421449076,2024,421449076,547961,203597,0.1402,51.7116,2,2,1,10:25,-1,E07000072,4,0,1,0,2,19,"[3, 4]","[7, 8]",0,0,0,1,1,0,0,0,0,5,26
2024421449183,2024,421449183,573149,182749,0.49413,51.51713,3,3,4,01:55,-1,E06000034,3,2,2,1,2,"[5, 2]","[6, 3]","[8, 7]",0,0,0,1,0,0,0,0,0,5,29
2024421449194,2024,421449194,617478,215760,1.15261,51.79818,3,3,2,17:10,-1,E07000076,3,0,1,0,1,"[4, 19]",4,8,0,0,0,1,0,0,0,0,0,5,13
2024421449210,2024,421449210,576761,222785,0.56641,51.87562,3,3,5,17:55,-1,E07000067,4,0,1,0,1,1,5,1,0,0,0,1,0,0,0,0,1,5,16
2024421449254,2024,421449254,573920,189237,0.50844,51.57517,2,2,4,16:10,-1,E07000066,6,0,1,0,1,5,7,3,0,0,0,0,0,0,1,0,1,5,15
2024421449620,2024,421449620,585471,223622,0.69324,51.88031,2,"[2, 3]",1,13:26,-1,E07000067,3,0,1,0,2,19,"[3, 7]","[7, 3]",0,0,0,1,0,0,0,0,0,5,26
2024421449632,2024,421449632,559313,213818,0.30905,51.80032,2,2,4,13:29,-1,E07000077,4,0,1,0,2,"[3, 19]",1,5,0,0,0,1,0,1,0,0,0,5,29
2024421449727,2024,421449727,583330,189119,0.64402,51.57113,3,3,2,16:59,-1,E06000033,3,0,2,1,1,"[3, 5]","[1, 7]","[5, 3]",0,0,0,1,0,0,0,0,0,5,6
2024421449800,2024,421449800,594450,211729,0.81685,51.77045,3,3,7,09:00,-1,E07000074,6,0,1,0,2,10,7,5,0,0,0,1,0,1,0,0,0,5,4
2024421449857,2024,421449857,572323,188412,0.48501,51.56825,3,3,5,11:48,-1,E07000066,4,0,1,0,1,"[19, 8]",5,5,0,0,0,1,0,1,0,0,0,5,30
2024421449861,2024,421449861,576303,221472,0.55909,51.86397,3,3,5,10:55,-1,E07000067,6,0,1,0,1,19,7,3,0,1,0,1,0,0,0,0,0,5,30
2024421449875,2024,421449875,592438,198198,0.78026,51.64963,3,3,5,11:27,-1,E07000074,4,0,1,0,2,9,5,6,0,1,4,1,0,0,0,0,0,5,30
2024421449903,2024,421449903,609722,221402,1.04372,51.85179,2,2,4,18:38,-1,E07000076,6,0,1,0,2,19,"[7, 8]","[3, 7]",0,"[0, 3]",0,1,0,1,0,0,0,5,29
2024421449957,2024,421449957,573613,193248,0.50599,51.61129,3,3,5,13:30,-1,E07000066,3,0,8,1,1,"[9, 4]",3,1,0,0,0,1,0,0,0,0,0,5,30
2024421450032,2024,421450032,544938,199182,0.09464,51.67272,2,2,5,17:50,-1,E07000072,4,0,2,1,2,19,"[5, 7]","[1, 3]",0,0,0,1,1,0,0,0,0,5,30
2024421450036,2024,421450036,577347,195327,0.56092,51.6288,3,3,5,16:29,-1,E07000070,3,0,1,0,2,19,"[3, 1]","[6, 5]",0,0,0,1,0,0,0,0,0,5,30
2024421450073,2024,421450073,586004,205297,0.69115,51.71555,2,2,5,20:31,-1,E07000074,6,0,2,1,2,"[19, 9]","[8, 3]","[4, 8]",0,0,0,1,0,1,0,0,0,5,30
2024421450092,2024,421450092,615348,213604,1.12044,51.77965,2,2,5,22:31,-1,E07000076,6,2,2,1,2,"[2, 19]","[0, 1]","[0, 5]","[0, 7, 4]","[1, 0]",0,1,0,0,0,0,0,5,30
2024421450266,2024,421450266,600569,225271,0.91325,51.8899,3,3,6,11:02,-1,E07000071,6,0,2,1,1,19,3,7,0,0,0,1,0,0,0,0,1,5,31
2024421450372,2024,421450372,580832,225674,0.62699,51.90026,2,2,6,13:59,-1,E07000067,6,0,1,1,2,19,"[2, 6]","[6, 2]",0,0,0,0,0,1,0,1,0,5,31
2024421450499,2024,421450499,580979,194156,0.61273,51.61713,3,3,5,16:37,-1,E07000075,6,0,1,0,1,"[5, 9]",5,5,"[4, 0]","[2, 0]",0,1,0,0,0,0,0,5,30
2024421450551,2024,421450551,568574,207510,0.44017,51.74094,3,3,3,18:14,-1,E07000070,3,0,1,0,2,"[19, 5]","[3, 5]","[7, 1]",0,0,0,1,1,0,0,0,0,5,28
2024421450569,2024,421450569,576453,222061,0.56157,51.86921,2,2,7,07:49,-1,E07000067,6,0,1,0,1,"[1, 19]","[3, 1]","[7, 5]",0,0,0,1,1,0,0,0,0,6,1
2024421450629,2024,421450629,542995,197963,0.06606,51.66226,3,3,7,11:45,-1,E07000072,3,0,1,0,2,"[9, 19]","[1, 5]","[6, 1]",0,0,0,1,0,1,0,0,0,6,1
2024421450663,2024,421450663,565376,181299,0.38153,51.50643,3,3,7,15:10,-1,E06000034,3,0,1,0,2,"[5, 19]",1,5,0,0,0,1,0,0,0,0,0,6,1
2024421450697,2024,421450697,554824,222232,0.24776,51.87717,3,3,7,17:18,-1,E07000077,3,0,8,0,2,"[8, 5]",4,8,0,0,0,1,0,0,0,0,0,6,1
2024421450734,2024,421450734,571631,203159,0.48226,51.70093,3,3,7,19:57,-1,E07000070,6,0,1,0,1,"[19, 2, 4]","[5, 0]","[1, 0]",0,0,0,1,0,0,0,0,0,6,1
2024421450775,2024,421450775,595160,186715,0.81317,51.54557,2,"[3, 2]",7,22:53,-1,E07000075,6,2,1,0,2,19,7,3,0,7,0,1,0,0,0,0,0,6,1
2024421450776,2024,421450776,615924,216206,1.13039,51.80278,3,3,7,23:06,-1,E07000076,6,2,1,0,1,"[2, 19]",1,"[1, 4]","[0, 4]","[1, 7]",0,1,0,0,0,0,0,6,1
2024421450875,2024,421450875,600971,225568,0.91926,51.89242,3,3,1,10:29,-1,E07000071,3,0,1,0,1,"[11, 5]","[7, 1]",3,0,0,0,1,0,0,0,0,0,6,2
2024421450971,2024,421450971,579248,211845,0.59683,51.77657,2,2,1,17:03,-1,E07000067,4,0,1,0,2,19,"[2, 7]","[6, 3]","[0, 10]","[0, 8]",0,1,0,0,0,0,0,6,2
2024421450998,2024,421450998,569472,187861,0.44365,51.56416,2,2,1,20:00,-1,E07000066,6,0,1,0,1,"[19, 9]","[7, 1]","[3, 7]",0,0,0,1,0,1,0,0,0,6,2
2024421451203,2024,421451203,549765,212098,0.16994,51.7875,3,3,2,10:19,-1,E07000072,1,0,1,0,2,19,5,8,10,0,0,1,0,0,0,0,0,6,3
2024421451325,2024,421451325,584361,192788,0.6608,51.60375,2,2,2,15:04,-1,E07000075,6,0,1,0,1,"[19, 4]",2,6,0,0,0,1,1,0,0,0,0,6,3
2024421451348,2024,421451348,555541,179055,0.23895,51.48905,3,3,2,19:50,-1,E06000034,3,0,1,0,2,13,"[4, 5]","[8, 1]",0,0,0,1,0,1,0,0,0,6,3
2024421451447,2024,421451447,547833,201349,0.13739,51.69143,3,3,3,06:50,-1,E07000072,1,0,1,0,2,"[19, 4]",6,2,0,"[1, 0]",0,1,0,0,0,0,0,6,4
2024421451523,2024,421451523,577997,222636,0.58426,51.87389,3,3,2,16:45,-1,E07000067,3,0,9,-1,1,19,-1,-1,0,0,0,1,0,0,0,0,0,6,3
2024421451632,2024,421451632,576167,221800,0.55728,51.86696,3,3,3,10:28,-1,E07000067,6,0,1,0,1,"[2, 19]","[1, 6, 5]","[3, 8, 6]","[0, 4]","[0, 3]",0,1,0,0,0,0,0,6,4
2024421451641,2024,421451641,589622,228669,0.75625,51.92424,1,1,3,12:15,-1,E07000071,6,0,1,0,2,19,1,5,0,0,0,1,0,0,0,0,1,6,4
2024421451804,2024,421451804,595616,198934,0.82655,51.65515,3,3,1,20:09,-1,E07000074,4,0,1,0,2,19,"[6, 1]","[1, 5]",0,"[0, 1]",0,1,0,0,0,0,0,6,2
2024421451815,2024,421451815,552203,221585,0.20943,51.87208,3,3,6,03:00,-1,E07000077,3,2,9,0,2,"[19, 12]",3,"[1, 7]",0,0,0,1,0,0,1,0,0,5,10
2024421451819,2024,421451819,541706,193107,0.04547,51.61895,3,3,4,06:38,-1,E07000072,6,0,1,0,1,5,1,5,0,7,0,1,0,0,0,0,0,6,5
2024421451843,2024,421451843,575324,193525,0.53082,51.61325,3,3,3,13:45,-1,E07000066,3,0,1,0,1,"[9, 19]","[7, 3]","[5, 7]",0,0,0,1,0,0,0,0,0,5,21
2024421451886,2024,421451886,570670,206374,0.46994,51.7301,3,3,4,17:55,-1,E07000070,4,0,1,1,1,19,6,2,0,0,0,1,0,0,0,0,1,5,22
2024421451950,2024,421451950,546779,205826,0.12404,51.73194,3,3,4,11:00,-1,E07000072,4,0,1,0,2,19,"[2, 5]","[6, 1]",0,0,0,1,0,1,0,0,0,6,5
2024421452002,2024,421452002,586119,185979,0.68255,51.54201,3,3,2,13:10,-1,E06000033,6,0,1,-1,1,"[5, 19]","[1, 7]","[5, 3]",0,0,0,1,1,0,0,0,0,5,13
2024421452147,2024,421452147,582881,186516,0.63619,51.5479,3,3,3,15:51,-1,E06000033,3,0,1,0,1,"[19, 7]","[7, 5]","[3, 7]",0,0,0,1,0,1,0,0,0,6,4
2024421452154,2024,421452154,600800,221259,0.91428,51.85379,2,2,4,00:49,-1,E07000071,4,2,1,1,2,19,1,5,0,0,0,0,0,1,0,0,0,6,5
2024421452330,2024,421452330,582761,186536,0.63448,51.54811,2,2,5,08:36,-1,E06000033,3,0,1,0,1,"[13, 9]",7,3,0,0,0,1,0,1,0,0,0,6,6
2024421452332,2024,421452332,617041,215393,1.14606,51.79505,3,3,5,15:40,-1,E07000076,6,0,9,-1,1,19,6,2,0,0,0,1,0,0,0,0,1,5,2
2024421452341,2024,421452341,573172,187869,0.49698,51.56311,3,3,5,08:15,-1,E07000066,4,0,1,0,1,19,7,3,5,0,0,0,0,0,1,0,0,6,6
2024421452350,2024,421452350,581095,183662,0.609,51.52284,3,3,5,17:35,-1,E07000069,6,0,9,-1,1,19,4,8,0,0,0,1,0,0,0,0,0,5,9
2024421452415,2024,421452415,617115,215182,1.147,51.79313,2,2,4,14:25,-1,E07000076,6,0,1,0,1,19,3,7,0,0,0,0,0,0,0,1,1,6,5
2024421452434,2024,421452434,612337,215669,1.07812,51.79934,3,3,1,11:00,-1,E07000076,6,0,9,-1,2,19,2,6,0,0,0,1,0,0,0,0,1,5,12
2024421452466,2024,421452466,581098,230190,0.63323,51.94074,3,3,6,17:30,-1,E07000067,6,0,9,-1,1,19,6,2,0,0,0,1,0,0,0,0,1,5,10
2024421452489,2024,421452489,560676,187575,0.31673,51.56416,3,3,5,17:10,-1,E06000034,6,0,1,0,2,19,"[3, 7]","[7, 3]",0,0,0,1,0,1,0,0,0,5,9
2024421452522,2024,421452522,579011,205148,0.58996,51.71649,3,3,2,10:00,-1,E07000070,3,0,1,0,2,"[19, 5]","[7, 5]","[3, 7]",0,0,0,1,0,0,0,0,0,5,20
2024421452623,2024,421452623,587356,187641,0.70126,51.55653,3,3,5,14:15,-1,E06000033,3,0,1,0,1,19,"[5, 8]","[4, 3]",0,0,0,1,0,0,0,1,0,6,6
2024421452660,2024,421452660,560760,196004,0.3218,51.63987,3,3,5,17:30,-1,E07000068,3,0,1,0,2,19,7,2,"[0, 10]",0,0,1,0,0,0,0,0,6,6
2024421452692,2024,421452692,571576,188010,0.47405,51.56486,3,3,3,15:32,-1,E07000066,6,0,1,0,1,4,3,3,0,0,0,1,0,0,0,0,0,6,4
2024421452704,2024,421452704,594985,214842,0.82634,51.79822,3,3,5,19:00,-1,E07000071,4,0,1,0,2,9,7,3,0,1,0,1,0,0,0,0,0,6,6
2024421452735,2024,421452735,573896,209054,0.51794,51.75318,3,3,4,19:30,-1,E07000070,3,0,1,0,1,"[12, 19]",2,6,0,0,0,1,0,1,0,0,0,6,5
2024421452779,2024,421452779,545303,210160,0.10449,51.77126,3,3,3,14:30,-1,E07000073,6,0,2,1,1,"[9, 19]","[4, 8]","[2, 4]",0,0,0,1,1,0,0,0,0,5,21
2024421452819,2024,421452819,580110,183516,0.59474,51.52184,3,3,6,09:08,-1,E07000069,4,0,1,0,1,"[4, 19]",2,6,0,0,0,1,0,0,0,1,0,6,7
2024421452834,2024,421452834,585899,188251,0.68059,51.56249,3,3,6,23:00,-1,E06000033,4,2,1,0,1,19,8,4,0,0,0,1,0,0,0,0,0,5,24
2024421452865,2024,421452865,594623,221780,0.825,51.86065,2,2,6,07:45,-1,E07000071,4,0,1,0,2,"[10, 19]","[5, 2]","[2, 6]",0,0,0,1,1,0,0,0,0,6,7
2024421452898,2024,421452898,547205,212447,0.133,51.79131,2,2,6,11:24,-1,E07000073,3,0,1,0,1,"[9, 19]","[7, 1]",5,0,0,0,1,0,0,0,0,0,6,7
2024421453037,2024,421453037,557369,196215,0.27293,51.64272,3,3,6,15:23,-1,E07000068,3,0,1,0,2,"[19, 7]","[8, 2]",4,0,0,0,1,0,0,0,0,0,6,7
2024421453092,2024,421453092,570938,204562,0.47293,51.71374,3,3,6,19:52,-1,E07000070,6,0,1,0,1,19,"[3, 7]","[7, 3]",0,0,0,1,0,0,0,0,0,6,7
2024421453096,2024,421453096,617475,215669,1.15251,51.79736,2,"[3, 2]",6,20:12,-1,E07000076,3,0,1,0,1,"[9, 2]","[2, 0]","[8, 0]","[10, 4]","[1, 0]","[10, 0]",1,0,0,0,0,1,6,7
2024421453142,2024,421453142,577992,188243,0.56663,51.56497,3,3,4,19:13,-1,E07000069,3,0,1,0,1,"[19, 7]",4,"[8, 5]",0,"[0, 1]",0,1,0,0,0,0,0,6,5
2024421453195,2024,421453195,559210,192379,0.29777,51.60774,3,3,6,08:58,-1,E07000068,4,0,1,0,1,19,1,5,0,0,0,1,0,0,0,0,1,6,7
2024421453236,2024,421453236,553057,228155,0.22474,51.93087,2,2,7,10:15,-1,E07000077,1,0,1,0,2,"[11, 19]",1,5,0,0,0,1,0,0,1,0,0,6,8
2024421453243,2024,421453243,568759,207917,0.44304,51.74454,3,3,7,12:03,-1,E07000070,6,0,1,0,1,19,1,5,0,0,0,1,0,0,0,0,1,6,8
2024421453311,2024,421453311,614591,219083,1.11287,51.82913,3,3,7,12:36,-1,E07000076,6,0,1,0,2,19,8,7,0,7,0,1,0,0,0,0,0,6,8
2024421453348,2024,421453348,538175,202952,-0.00161,51.7083,3,3,7,18:23,-1,E07000072,4,0,1,0,2,"[19, 10]",3,7,0,0,0,1,0,1,0,0,0,6,8
2024421453356,2024,421453356,552052,232741,0.21216,51.97234,2,"[2, 3]",7,15:08,-1,E07000077,1,0,1,0,2,"[4, 19]",8,4,0,"[0, 1]",0,1,0,0,1,0,0,6,8
2024421453359,2024,421453359,584884,186528,0.66505,51.54735,2,2,7,19:09,-1,E06000033,3,0,1,0,1,"[15, 10, 7]","[7, 1]","[3, 7, 1]",0,0,0,1,0,1,0,0,0,6,8
2024421453453,2024,421453453,559765,207926,0.31289,51.74726,3,3,7,18:00,-1,E07000072,6,0,1,0,2,"[19, 7]","[3, 5]","[7, 1]",0,0,0,1,0,0,0,0,0,6,8
2024421453488,2024,421453488,556482,219163,0.27044,51.84913,2,2,1,11:00,-1,E07000077,6,0,1,0,2,19,"[7, 2]","[2, 7]",0,0,0,1,0,1,0,0,0,6,9
2024421453504,2024,421453504,618339,225512,1.17123,51.88539,1,1,5,12:42,-1,E07000076,4,0,1,0,2,"[13, 19]","[3, 7]","[7, 3]",0,0,0,1,0,1,0,0,0,6,6
2024421453588,2024,421453588,566030,228151,0.41325,51.92712,2,2,1,15:38,-1,E07000077,4,0,1,0,2,19,6,2,0,1,0,0,0,1,0,0,0,6,9
2024421453650,2024,421453650,556892,179599,0.25863,51.49357,3,3,1,21:30,-1,E06000034,3,2,1,0,2,"[4, 3]",6,3,0,0,0,1,0,1,0,0,0,6,9
2024421453671,2024,421453671,567207,204414,0.4189,51.71354,2,"[3, 2]",7,22:40,-1,E07000070,6,2,1,0,2,19,5,8,0,7,3,1,0,0,0,0,0,6,8
2024421453681,2024,421453681,568036,201913,0.42969,51.69082,3,3,1,22:54,-1,E07000070,6,2,1,0,2,19,5,1,0,1,4,1,0,0,0,0,0,6,9
2024421453961,2024,421453961,568421,197976,0.43335,51.65534,2,"[3, 2]",2,11:06,-1,E07000070,6,0,1,0,1,"[19, 9]","[7, 2]","[3, 7]",0,0,0,1,0,0,0,0,0,6,10
2024421453962,2024,421453962,572631,209740,0.49998,51.75974,2,2,2,13:30,-1,E07000070,6,0,1,0,2,9,7,5,0,0,0,1,0,0,0,0,1,6,10
2024421454011,2024,421454011,542335,196402,0.05589,51.6484,3,3,2,15:26,-1,E07000072,6,0,1,1,1,19,3,7,0,0,0,1,0,0,0,0,1,6,10
2024421454039,2024,421454039,545834,210583,0.11236,51.77492,2,2,2,12:40,-1,E07000073,6,0,1,0,1,19,5,1,0,0,0,1,0,0,0,0,1,6,10
2024421454078,2024,421454078,577309,200378,0.56293,51.67419,3,3,1,12:55,-1,E07000070,6,0,1,0,2,19,5,1,0,0,0,1,1,0,0,0,0,6,9
2024421454107,2024,421454107,586350,185894,0.68584,51.54118,3,3,7,20:58,-1,E06000033,6,2,1,0,1,"[9, 19]","[5, 7]",3,0,0,0,1,0,1,0,0,0,6,8
2024421454159,2024,421454159,577988,188243,0.56658,51.56497,3,3,2,13:10,-1,E07000069,3,0,1,0,1,"[19, 9]","[7, 5]","[3, 7]",0,"[1, 0]",0,1,0,0,0,0,0,6,10
2024421454195,2024,421454195,582937,189108,0.63835,51.57116,3,3,3,10:00,-1,E06000033,6,0,2,1,1,"[9, 19]","[4, 2]","[1, 6]",0,0,0,1,0,0,0,0,0,5,28
2024421454252,2024,421454252,570022,207351,0.46104,51.73907,3,3,4,14:30,-1,E07000070,3,0,1,0,1,"[19, 7]","[8, 2]",4,0,0,0,1,0,0,0,0,0,5,22
2024421454313,2024,421454313,597585,225155,0.86988,51.88992,3,3,3,09:30,-1,E07000071,3,0,1,0,1,"[19, 9]","[7, 3]","[3, 1]",0,0,0,1,0,0,0,0,0,6,11
2024421454332,2024,421454332,599346,225816,0.89582,51.89523,3,3,5,12:00,-1,E07000071,6,0,1,0,1,"[2, 19]","[0, 1]","[0, 5]",0,0,0,1,1,0,0,0,0,5,23
2024421454372,2024,421454372,599516,224974,0.8978,51.88761,3,3,3,11:41,-1,E07000071,6,0,1,0,1,"[4, 19]",3,7,0,0,0,0,1,0,1,0,0,6,11
2024421454391,2024,421454391,566978,194648,0.41093,51.62587,3,3,3,12:30,-1,E07000066,6,0,1,0,1,"[2, 14]","[0, 1]","[0, 6]","[4, 0]",0,0,1,0,0,1,0,0,6,11
2024421454435,2024,421454435,563713,223685,0.37747,51.88768,2,2,7,14:45,-1,E07000077,4,0,1,0,2,"[19, 5]","[1, 7]",5,0,0,0,1,0,1,0,0,0,5,25
2024421454436,2024,421454436,585942,187405,0.68076,51.55488,3,3,2,11:10,-1,E06000033,3,0,8,0,1,"[2, 19]","[0, 1]","[0, 1]",0,0,0,1,0,0,0,0,0,5,20
2024421454469,2024,421454469,558807,180675,0.28668,51.5027,2,2,3,15:39,-1,E06000034,6,0,1,0,1,"[9, 3]","[3, 1]","[1, 5]",0,0,0,1,0,0,0,0,1,6,11
2024421454510,2024,421454510,573166,190121,0.498,51.58334,3,3,3,17:25,-1,E07000066,3,0,1,1,1,19,5,1,0,0,0,0,0,1,0,0,0,6,11
2024421454592,2024,421454592,587354,186253,0.70049,51.54407,3,3,5,15:00,-1,E06000033,6,0,1,0,1,"[19, 2]","[5, -1]","[1, -1]",0,0,0,1,0,0,0,0,0,5,30
2024421454691,2024,421454691,575800,209663,0.54581,51.75806,3,3,6,19:35,-1,E07000070,6,0,1,0,2,"[7, 8]","[6, 1]","[1, 3]",0,0,0,1,0,0,0,0,0,5,24
2024421454810,2024,421454810,577348,195341,0.56094,51.62893,2,2,7,14:00,-1,E07000070,3,0,1,0,2,19,2,6,0,0,0,0,0,1,0,0,0,5,25
2024421454828,2024,421454828,574202,209369,0.52253,51.75592,3,3,7,20:30,-1,E07000070,3,0,1,0,2,"[19, 11]",4,8,0,0,0,1,0,0,0,0,0,5,25
2024421454834,2024,421454834,602478,224391,0.94044,51.8813,2,2,4,06:57,-1,E07000071,3,0,1,0,2,4,3,7,0,0,0,1,0,1,0,0,0,6,12
2024421454935,2024,421454935,587677,190265,0.70728,51.57999,3,3,3,18:20,-1,E07000075,6,0,2,1,1,"[3, 19]",-1,-1,0,0,0,1,0,1,0,0,0,5,21
2024421454961,2024,421454961,585359,224830,0.69226,51.8912,3,3,4,15:07,-1,E07000067,4,0,1,0,2,19,"[6, 1]","[1, 5]",0,"[7, 0]","[9, 0]",1,0,0,0,0,0,6,12
2024421454974,2024,421454974,544602,208058,0.09346,51.75256,3,3,1,00:01,-1,E07000073,6,2,1,0,1,"[19, 2]","[8, 0]","[8, 0]","[4, 0]",0,0,1,0,0,0,0,0,6,2
2024421455002,2024,421455002,582455,214940,0.64489,51.80333,2,2,4,16:03,-1,E07000067,4,0,1,0,1,19,6,2,0,0,0,1,0,0,0,0,1,6,12
2024421455014,2024,421455014,561436,230641,0.34767,51.95083,3,3,4,16:15,-1,E07000077,4,0,1,0,2,19,"[5, 1]","[1, 5]",0,0,0,1,0,0,0,0,0,6,12
2024421455031,2024,421455031,577676,188389,0.56215,51.56638,2,2,4,17:30,-1,E07000069,3,0,1,0,1,"[19, 7]",3,"[7, 5]",0,0,0,1,1,0,0,0,0,6,12
2024421455043,2024,421455043,592460,198371,0.78067,51.65118,3,3,4,20:39,-1,E07000074,4,0,1,0,2,19,"[1, 5]","[1, 5]",0,0,0,1,0,1,0,0,0,6,12
2024421455103,2024,421455103,594428,218520,0.82034,51.83145,3,3,5,10:19,-1,E07000071,6,0,9,0,2,19,1,5,0,0,0,1,0,0,0,0,1,5,23
2024421455119,2024,421455119,571039,206915,0.47554,51.73485,3,3,1,15:00,-1,E07000070,6,0,9,-1,1,19,5,1,0,0,0,1,0,0,0,0,0,5,26
2024421455146,2024,421455146,587405,185796,0.70098,51.53995,2,2,1,21:00,-1,E06000033,3,0,1,0,1,"[5, 9]","[8, 2]","[3, 8]",0,0,0,1,1,0,0,0,0,6,9
2024421455343,2024,421455343,544800,203344,0.09437,51.71015,3,3,7,17:42,-1,E07000072,4,0,9,-1,2,"[3, 19]",2,6,0,0,0,1,0,0,0,0,0,5,18
2024421455350,2024,421455350,612349,216222,1.07863,51.8043,3,3,5,09:44,-1,E07000076,6,0,1,0,2,"[15, 5]","[3, 1]","[7, 1]",0,0,0,1,0,1,0,0,0,6,13
2024421455381,2024,421455381,582043,214740,0.63882,51.80167,3,3,3,08:25,-1,E07000067,4,0,1,0,1,"[2, 19]","[0, -1]","[0, -1]",0,0,0,1,0,0,0,0,1,5,21
2024421455395,2024,421455395,573387,187930,0.50011,51.56359,2,2,5,05:50,-1,E07000066,6,0,1,0,1,9,6,2,0,0,0,1,0,0,0,0,1,6,13
2024421455416,2024,421455416,612362,228547,1.08639,51.91494,2,2,5,13:17,-1,E07000076,4,0,1,0,2,19,"[1, 6]","[6, 1]",0,"[1, 0]","[4, 0]",1,0,0,0,0,0,6,13
2024421455444,2024,421455444,564679,179275,0.37055,51.48845,3,3,5,15:52,-1,E06000034,6,0,1,0,1,"[5, 19]","[4, 2]","[1, 6]",0,0,0,1,1,0,0,0,0,6,13
2024421455450,2024,421455450,584147,186198,0.65426,51.54463,2,2,5,16:10,-1,E06000033,6,0,1,0,1,"[10, 19]","[7, 5]","[5, 1]",0,0,0,1,1,0,0,0,0,6,13
2024421455476,2024,421455476,623189,220624,1.23843,51.83959,2,2,5,16:47,-1,E07000076,6,0,1,0,1,"[5, 19]","[6, 4]","[4, 8]",0,0,0,1,0,0,0,0,0,6,13