collision_index,collision_year,collision_ref_no,location_easting_osgr,location_northing_osgr,longitude,latitude,casualty_severity,casualty_severity,day_of_week,time,local_authority_district,local_authority_ons_district,first_road_class,light_conditions,weather_conditions,road_surface_conditions,urban_or_rural_area,vehicle_manoeuvre,vehicle_direction_from,vehicle_direction_to,hit_object_in_carriageway,vehicle_leaving_carriageway,hit_object_off_carriageway,is_car,is_cyle,is_mcyle,is_goodsv,is_other,is_pedestrian,month,day
2024421463946,2024,421463946,545657,208306,0.10884,51.75451,3,3,6,13:00,-1,E07000073,3,0,1,0,1,19,"[7, 3]","[3, 7]",0,"[0, 1]",0,1,0,0,0,0,0,7,5
2024421464048,2024,421464048,550772,235601,0.1948,51.99839,3,3,6,17:00,-1,E07000077,1,0,2,1,2,19,1,5,0,0,0,1,0,0,0,0,0,7,5
2024421464051,2024,421464051,604254,224490,0.96627,51.88155,3,3,6,18:10,-1,E07000076,3,0,2,1,2,"[12, 19]",7,3,0,4,0,1,0,0,0,0,0,7,5
2024421464125,2024,421464125,539409,200975,0.01545,51.69023,2,"[2, 3]",7,00:10,-1,E07000072,6,2,5,1,1,19,7,3,0,0,0,1,0,0,0,0,0,7,6
2024421464165,2024,421464165,571973,202038,0.48665,51.69075,3,3,7,07:08,-1,E07000070,3,0,1,1,2,19,3,6,0,4,6,1,0,0,0,0,0,7,6
2024421464217,2024,421464217,597125,225490,0.8634,51.89309,3,3,7,11:55,-1,E07000071,3,0,2,1,2,19,"[4, 5]","[1, 3]",0,0,0,1,0,0,0,0,0,7,6
2024421464345,2024,421464345,544039,192198,0.07878,51.6102,3,3,7,17:25,-1,E07000072,4,0,1,0,1,19,"[7, 3]","[3, 7]",0,0,0,1,0,0,0,0,0,7,6
2024421464401,2024,421464401,578794,183265,0.57566,51.52,3,3,7,19:55,-1,E07000069,3,0,1,0,1,"[13, 9]",3,"[7, 2]",0,"[7, 1]",0,1,0,0,0,0,0,7,6
2024421464425,2024,421464425,588040,188457,0.71155,51.56363,2,2,7,22:54,-1,E06000033,6,2,1,0,2,"[19, 2]","[7, 3, 0]","[3, 7, 0]",0,0,0,1,0,1,0,0,0,7,6
2024421464428,2024,421464428,617125,223042,1.15207,51.86369,3,3,1,01:44,-1,E07000076,4,2,1,0,2,19,7,4,0,2,3,1,0,0,0,0,0,7,7
2024421464454,2024,421464454,578535,191988,0.57636,51.59844,2,2,4,17:50,-1,E07000075,3,0,1,0,2,13,8,4,0,0,0,0,0,1,0,0,0,7,3
2024421464560,2024,421464560,585752,206348,0.68807,51.72508,3,3,1,15:22,-1,E07000074,6,0,2,1,1,"[2, 19]","[0, 8]","[0, 4]",0,0,0,1,0,0,0,0,0,7,7
2024421464659,2024,421464659,542864,198515,0.0644,51.66726,3,3,1,21:35,-1,E07000072,3,2,1,0,2,"[19, 15]","[5, 1]","[1, 5]",0,0,0,1,0,0,0,0,0,7,7
2024421464690,2024,421464690,557294,192626,0.27024,51.6105,3,3,1,22:32,-1,E07000068,3,2,8,1,1,9,2,3,0,0,0,1,0,0,0,0,1,7,7
2024421464847,2024,421464847,578506,192024,0.57596,51.59877,3,3,2,09:02,-1,E07000075,3,0,1,0,2,4,3,3,0,0,0,1,0,0,0,0,0,7,8
2024421464883,2024,421464883,556445,221180,0.27081,51.86726,3,3,2,11:54,-1,E07000077,4,0,1,0,2,19,"[3, 7]","[8, 4]",0,"[1, 0]",0,1,0,1,0,0,0,7,8
2024421465011,2024,421465011,548937,209101,0.15667,51.76079,3,3,2,17:00,-1,E07000072,6,0,1,0,2,19,6,3,0,1,11,1,0,0,0,0,0,7,8
2024421465094,2024,421465094,563689,222000,0.37632,51.87255,3,3,5,14:00,-1,E07000077,6,0,1,0,2,"[9, 19]","[2, 6]","[8, 2]",0,0,0,1,0,0,0,0,0,7,4
2024421465109,2024,421465109,600962,226159,0.91948,51.89773,3,3,7,10:01,-1,E07000071,6,0,1,0,1,"[19, 4]","[2, 8]","[6, 4]",0,0,0,1,1,0,0,0,0,6,8
2024421465149,2024,421465149,574214,209352,0.52269,51.75576,3,3,7,19:00,-1,E07000070,3,0,1,0,2,"[7, 12]",3,7,0,"[7, 0]",0,1,0,1,0,0,0,6,8
2024421465162,2024,421465162,581515,191717,0.6192,51.59505,3,3,1,14:43,-1,E07000075,4,0,2,1,1,"[19, 9]","[7, 3]","[3, 1]",0,0,0,1,0,0,0,0,0,7,7
2024421465188,2024,421465188,579949,189706,0.59559,51.57749,3,3,6,07:20,-1,E07000069,3,0,1,0,2,19,7,3,0,0,0,1,0,0,0,0,0,6,7
2024421465272,2024,421465272,547799,199668,0.13619,51.67634,3,3,3,10:06,-1,E07000072,1,0,1,1,2,"[3, 19]",4,8,0,0,0,1,0,0,1,0,0,7,9
2024421465395,2024,421465395,553679,214977,0.22792,51.8123,3,3,3,13:16,-1,E07000077,3,0,2,1,2,19,3,7,0,0,0,1,0,0,0,0,0,7,9
2024421465462,2024,421465462,594845,196760,0.81421,51.63589,2,2,3,12:39,-1,E07000074,4,0,1,1,2,"[3, 4]",7,2,0,0,0,1,0,0,0,0,0,7,9
2024421465465,2024,421465465,565813,189898,0.39187,51.58355,2,2,3,13:22,-1,E07000066,3,0,2,1,2,"[2, 19]",3,7,"[0, 4]",0,0,1,0,0,1,0,0,7,9
2024421465471,2024,421465471,546832,209188,0.12622,51.76213,1,1,3,14:25,-1,E07000073,3,0,2,1,2,19,"[5, 1]","[1, 5]",0,0,0,1,0,1,0,0,0,7,9
2024421465480,2024,421465480,577651,183468,0.55931,51.52219,3,3,3,16:20,-1,E07000069,6,0,1,1,1,"[4, 9, 19]","[8, 2]","[4, 8]",0,"[0, 1]","[0, 7]",1,0,0,0,0,0,7,9
2024421465566,2024,421465566,571144,188786,0.4682,51.57197,3,3,4,00:10,-1,E07000066,6,2,1,0,1,"[5, 20]",1,5,"[0, 4]",0,0,1,0,0,0,0,0,7,10
2024421465595,2024,421465595,561559,177485,0.32483,51.47326,3,3,4,02:55,-1,E06000034,6,2,1,1,2,19,4,8,0,1,0,1,0,0,0,0,0,7,10
2024421465603,2024,421465603,579677,199998,0.59694,51.67002,3,3,6,20:44,-1,E07000070,4,0,1,0,2,"[9, 13]","[8, 4]","[7, 8]",0,0,0,1,0,0,0,0,0,6,7
2024421465613,2024,421465613,581168,216589,0.62711,51.81856,3,3,4,05:46,-1,E07000067,4,0,1,0,2,19,"[8, 4]","[4, 8]",0,"[1, 0]",0,1,0,0,0,0,0,7,10
2024421465615,2024,421465615,581537,230731,0.63989,51.94545,3,3,4,19:00,-1,E07000067,3,0,1,0,1,"[3, 19]",6,2,0,0,0,1,0,0,0,0,0,6,26
2024421465724,2024,421465724,570951,188883,0.46546,51.5729,3,3,4,08:15,-1,E07000066,3,0,1,0,1,19,3,7,0,0,0,1,0,0,0,0,1,7,10
2024421466033,2024,421466033,588365,187386,0.71566,51.55391,3,3,5,18:40,-1,E06000033,3,0,1,0,1,"[19, 5]","[3, 5]","[7, 1]",0,0,0,1,0,0,0,0,0,6,27
2024421466171,2024,421466171,568589,182861,0.42853,51.51951,3,3,3,23:00,-1,E06000034,3,2,1,0,1,19,"[3, 1]","[7, 5]",0,0,0,1,0,0,0,0,0,7,9
2024421466177,2024,421466177,563693,178508,0.35601,51.48184,2,2,4,23:42,-1,E06000034,3,2,8,0,2,19,5,1,0,0,0,1,0,0,0,0,0,7,10
2024421466191,2024,421466191,549093,226462,0.1664,51.91673,2,2,3,13:55,-1,E07000077,6,0,2,1,2,"[19, 14]","[5, 1]","[1, 5]","[10, 0]","[1, 0]",0,1,1,0,0,0,0,7,9
2024421466201,2024,421466201,583667,192503,0.65064,51.60141,3,3,2,17:40,-1,E07000075,4,0,1,1,1,"[9, 13]","[1, 8]","[8, 4]",0,0,0,1,0,1,0,0,0,6,10
2024421466226,2024,421466226,561350,180491,0.3232,51.50033,3,3,3,19:02,-1,E06000034,6,0,1,0,1,"[1, 19]","[5, 3]","[1, 7]",0,0,0,1,0,0,0,0,0,6,11
2024421466287,2024,421466287,580597,187230,0.60366,51.55504,3,3,6,16:10,-1,E07000069,3,0,1,0,1,"[3, 19]",4,8,0,0,0,1,0,0,0,0,0,6,28
2024421466382,2024,421466382,575188,194117,0.52915,51.61861,3,3,5,11:02,-1,E07000066,3,0,1,0,1,"[9, 15]","[6, 2]","[4, 6]",0,0,0,1,1,0,0,0,0,7,11
2024421466448,2024,421466448,578853,190342,0.58011,51.58355,3,3,5,12:20,-1,E07000069,3,0,1,0,2,19,4,8,0,0,0,1,0,0,0,0,0,7,11
2024421466538,2024,421466538,568900,184306,0.4337,51.5324,2,2,4,16:37,-1,E06000034,3,0,1,0,2,"[19, 4]",6,2,0,0,0,1,0,1,0,0,0,7,10
2024421466558,2024,421466558,563438,195150,0.36007,51.63142,2,2,4,19:40,-1,E07000068,6,0,1,0,1,1,4,2,0,7,0,1,0,0,0,0,1,7,10
2024421466606,2024,421466606,594681,224423,0.82733,51.88437,3,3,5,19:45,-1,E07000071,6,0,1,0,2,"[9, 19]","[3, 1]","[1, 5]",0,0,0,1,0,1,0,0,0,7,11
2024421466687,2024,421466687,597565,223609,0.86871,51.87604,3,3,6,06:39,-1,E07000071,4,0,1,1,1,"[9, 19]","[2, 6]","[8, 2]",0,0,0,1,0,0,0,0,0,7,12
2024421466760,2024,421466760,583560,185841,0.64562,51.54161,3,3,5,18:10,-1,E06000033,6,0,1,0,1,19,3,7,0,0,0,1,0,0,0,0,0,6,6
2024421466793,2024,421466793,564873,199750,0.38295,51.67233,3,3,4,20:03,-1,E07000068,6,0,1,0,2,19,"[3, 7]","[7, 3]",0,0,0,1,0,0,0,0,0,6,12
2024421466990,2024,421466990,589593,185958,0.73258,51.54067,2,2,6,11:47,-1,E06000033,3,0,1,0,1,19,"[7, 3]","[3, 7]",0,0,0,1,0,0,0,0,0,7,12
2024421467010,2024,421467010,560017,179709,0.30366,51.49368,3,3,6,13:05,-1,E06000034,3,0,1,0,1,"[19, 4]",3,7,0,0,0,1,0,0,0,0,0,7,12
2024421467096,2024,421467096,579620,197612,0.59489,51.64861,2,2,6,09:29,-1,E07000070,3,0,1,0,2,"[6, 13]","[5, 1]","[1, 5]",0,0,0,1,0,1,0,0,0,7,12
2024421467105,2024,421467105,579641,197846,0.59531,51.6507,3,3,6,18:39,-1,E07000070,6,0,1,0,2,5,1,5,0,0,0,1,0,0,0,0,0,7,12
2024421467163,2024,421467163,580396,198121,0.60636,51.65293,3,3,6,23:37,-1,E07000070,4,2,1,0,1,"[9, 19]","[7, 3]","[5, 7]",0,0,0,1,0,0,0,0,0,7,12
2024421467180,2024,421467180,592304,184354,0.77075,51.52535,2,2,7,00:35,-1,E06000033,4,2,1,0,1,19,7,3,0,2,11,1,0,0,0,0,0,7,13
2024421467205,2024,421467205,555692,178357,0.24081,51.48274,2,2,7,02:30,-1,E06000034,6,2,1,0,1,5,8,3,0,0,0,0,0,0,1,0,1,7,13
2024421467211,2024,421467211,585390,206311,0.68281,51.72487,3,3,5,16:45,-1,E07000074,6,0,1,0,1,"[19, 5]",3,7,0,0,0,1,1,0,0,0,0,6,27
2024421467219,2024,421467219,599775,227158,0.90283,51.90712,3,3,2,17:13,-1,E07000071,6,0,1,0,1,19,3,7,0,0,0,1,0,0,0,0,1,6,24
2024421467231,2024,421467231,573952,203539,0.516,51.70363,3,3,7,16:46,-1,E07000070,3,0,1,0,2,"[5, 19]","[1, 5]","[5, 3]",0,0,0,1,0,0,0,0,0,6,29
2024421467254,2024,421467254,585013,212690,0.68075,51.78228,3,3,7,11:27,-1,E07000074,6,0,1,0,2,19,7,3,0,0,0,1,1,0,0,0,0,7,13
2024421467259,2024,421467259,553987,238395,0.24285,52.02261,3,3,7,10:40,-1,E07000077,6,0,1,0,1,1,1,8,0,0,0,1,0,0,0,0,1,7,13
2024421467286,2024,421467286,601148,226540,0.9224,51.90108,2,2,7,14:10,-1,E07000071,3,0,1,0,1,19,6,2,0,0,0,1,0,0,0,0,0,7,13
2024421467340,2024,421467340,551709,198436,0.19216,51.66423,2,"[2, 3]",7,15:05,-1,E07000072,3,0,1,0,2,"[19, 13]","[2, 6]","[6, 2]",0,0,0,1,0,1,0,0,0,7,13
2024421467377,2024,421467377,610077,223578,1.05019,51.8712,3,3,7,18:01,-1,E07000076,3,0,1,0,2,19,"[3, 7]","[7, 3]",0,"[0, 7]",0,1,0,0,0,0,0,7,13
2024421467421,2024,421467421,543362,191976,0.06892,51.60837,2,2,6,17:17,-1,E07000072,4,0,1,0,1,"[5, 19]","[5, 3]","[3, 7]",0,0,0,1,0,1,0,0,0,7,12
2024421467487,2024,421467487,562090,177682,0.33256,51.47488,3,3,1,16:00,-1,E06000034,6,0,1,0,1,"[9, 19]","[1, 3]",7,0,0,0,1,0,0,0,0,0,6,9
2024421467494,2024,421467494,600665,224748,0.91434,51.88516,3,3,4,14:00,-1,E07000071,3,0,1,0,1,"[3, 4]",3,7,0,0,0,1,0,0,0,0,0,5,22
2024421467499,2024,421467499,577507,220189,0.5759,51.85207,3,3,6,11:10,-1,E07000067,6,0,1,0,2,19,1,3,0,0,0,1,0,1,0,0,0,6,14
2024421467503,2024,421467503,618021,217904,1.16182,51.81721,3,3,2,17:40,-1,E07000076,4,0,1,0,1,12,6,2,0,0,0,1,1,0,0,0,0,6,3
2024421467506,2024,421467506,564843,179256,0.3729,51.48823,3,3,7,13:40,-1,E06000034,6,0,1,1,1,"[1, 19]","[1, 5]","[5, 1]",0,0,0,1,0,0,0,0,0,6,15
2024421467511,2024,421467511,599008,225945,0.89099,51.89651,3,3,7,18:20,-1,E07000071,3,0,1,0,2,"[5, 3]",4,8,0,0,0,1,0,0,0,0,0,6,15
2024421467640,2024,421467640,585814,187630,0.67903,51.55694,2,2,1,19:18,-1,E06000033,3,0,1,0,1,"[19, 9]","[5, 3]","[1, 7]",0,0,0,1,0,1,0,0,0,7,14
2024421467671,2024,421467671,589893,186452,0.73717,51.54501,2,2,1,20:15,-1,E06000033,6,0,1,0,1,"[2, 19]","[1, 2]",5,0,"[0, 1]",0,1,0,0,0,0,1,7,14
2024421467716,2024,421467716,584972,222518,0.68541,51.87056,3,3,2,02:41,-1,E07000067,4,2,1,0,2,19,1,5,0,7,0,1,0,0,0,0,0,7,15
2024421467727,2024,421467727,596349,217247,0.84746,51.81934,3,3,1,13:05,-1,E07000071,4,0,1,0,2,"[19, 5]","[1, 4]","[5, 1]",0,0,0,1,0,1,0,0,0,7,14
2024421467736,2024,421467736,585559,194057,0.67875,51.61475,2,2,7,10:30,-1,E07000075,6,0,1,0,2,"[5, 19]","[7, 6]","[3, 2]",0,0,0,1,1,0,0,0,0,6,22
2024421467743,2024,421467743,598998,225959,0.89085,51.89664,3,3,1,08:50,-1,E07000071,3,0,1,0,2,"[19, 4]",1,5,0,0,0,1,0,0,0,0,0,7,7
2024421467750,2024,421467750,544642,210554,0.09508,51.77497,3,3,6,11:55,-1,E07000073,6,0,1,0,2,"[19, 3]",8,"[4, 3]",0,0,0,1,0,0,1,0,0,6,14
2024421467992,2024,421467992,615253,214619,1.11969,51.78879,3,3,2,08:40,-1,E07000076,6,0,1,0,2,"[19, 7]","[5, 8]","[7, 3]",0,0,0,1,0,0,1,0,0,7,15
2024421468101,2024,421468101,566614,206317,0.41124,51.73081,3,3,2,17:57,-1,E07000070,6,0,1,0,2,"[19, 5]","[3, 5]","[7, 3]",0,0,0,1,0,0,0,0,0,7,15
2024421468132,2024,421468132,552856,227467,0.22152,51.92474,3,3,3,01:25,-1,E07000077,1,2,2,1,2,19,1,5,"[0, 7]",0,0,1,0,0,1,0,0,7,16
2024421468142,2024,421468142,616312,213659,1.13442,51.77977,3,3,6,15:30,-1,E07000076,6,0,2,1,1,"[19, 4]","[7, 2]",3,0,0,0,1,1,0,0,0,0,7,5
2024421468176,2024,421468176,587894,189400,0.70995,51.57215,3,3,4,18:40,-1,E07000075,6,0,1,0,1,"[19, 7]","[2, 7]","[6, 2]",0,0,0,1,0,1,0,0,0,6,19
2024421468203,2024,421468203,586296,186129,0.68518,51.5433,3,3,2,08:00,-1,E06000033,6,0,1,0,1,"[2, 19]","[0, 5]","[0, 1]","[0, 4]",0,0,1,1,0,0,0,0,7,8
2024421468208,2024,421468208,581987,215745,0.63854,51.81071,3,3,2,20:07,-1,E07000067,4,0,1,0,1,"[10, 19]",-1,-1,0,0,0,1,1,0,0,0,0,6,24
2024421468305,2024,421468305,617239,215773,1.14916,51.79839,2,2,1,16:30,-1,E07000076,6,0,1,0,1,9,"[1, 4]","[7, 1]",0,0,0,1,1,0,0,0,0,6,23
2024421468315,2024,421468315,584944,188893,0.66716,51.56857,3,3,1,18:30,-1,E06000033,6,0,9,-1,1,19,-1,-1,0,0,0,1,1,0,0,0,0,6,23
2024421468456,2024,421468456,617215,215575,1.14869,51.79662,3,3,3,16:35,-1,E07000076,6,0,1,0,1,"[9, 19]","[4, 2]","[2, 6]",0,0,0,1,0,1,0,0,0,7,16
2024421468472,2024,421468472,586921,192864,0.69777,51.60359,3,3,3,16:55,-1,E07000075,6,0,1,0,1,1,1,5,0,0,0,1,0,0,0,0,0,7,16
2024421468518,2024,421468518,592903,185127,0.7798,51.53209,2,2,3,18:47,-1,E06000033,6,0,1,0,1,"[9, 19]","[3, 5]","[6, 1]",0,0,0,1,0,1,0,0,0,7,16
2024421468525,2024,421468525,562162,196533,0.34229,51.64422,2,"[3, 2]",3,20:20,-1,E07000068,3,0,1,0,2,19,"[2, 6]","[6, 2]",0,0,0,1,0,0,0,0,0,7,16
2024421468583,2024,421468583,564988,179584,0.37514,51.49113,3,3,6,13:56,-1,E06000034,6,0,1,0,1,"[9, 19]","[2, 6]","[8, 2]",0,0,0,1,0,0,0,0,0,6,21
2024421468598,2024,421468598,573456,208783,0.51144,51.75089,3,3,7,13:40,-1,E07000070,3,0,1,0,1,"[19, 3]",8,3,0,0,0,1,0,1,0,0,0,6,22
2024421468602,2024,421468602,561941,177724,0.33044,51.4753,2,2,6,15:35,-1,E06000034,6,0,1,0,1,19,"[5, 1]","[1, 5]",0,0,0,1,1,0,0,0,0,7,5
2024421468715,2024,421468715,594048,224348,0.8181,51.88391,3,3,3,08:50,-1,E07000071,4,0,2,1,1,"[7, 5]","[4, 5]","[6, 1]",0,0,0,1,1,0,0,0,0,7,2
2024421468719,2024,421468719,584576,200418,0.66792,51.67221,3,3,7,12:35,-1,E07000074,6,0,9,-1,2,"[2, 19]","[-1, 7]","[-1, 3]",0,0,0,1,1,0,0,0,0,6,29
2024421468986,2024,421468986,579972,223270,0.61325,51.87895,3,3,4,17:49,-1,E07000067,3,0,1,0,2,"[3, 4]",3,7,0,0,0,1,0,0,0,0,0,7,17
2024421469002,2024,421469002,546941,205063,0.12606,51.72504,3,3,4,17:00,-1,E07000072,4,0,1,0,2,"[19, 4, 10]",1,5,0,"[0, 1]",0,1,0,0,0,0,0,7,17
2024421469008,2024,421469008,544254,209733,0.08912,51.7677,2,2,2,20:24,-1,E07000073,6,0,9,0,1,"[5, 19]","[3, 1]","[7, 5]",0,0,0,1,1,0,0,0,0,6,24
2024421469018,2024,421469018,612410,227365,1.08635,51.90431,3,3,4,21:06,-1,E07000076,3,2,1,0,2,19,7,3,0,1,2,1,0,0,0,0,0,7,17
2024421469058,2024,421469058,613671,223430,1.10222,51.8685,2,2,4,23:37,-1,E07000076,6,2,1,0,2,19,7,3,0,1,9,0,0,1,0,0,0,7,17
2024421469100,2024,421469100,574232,209436,0.523,51.75651,3,3,4,14:15,-1,E07000070,3,0,1,0,2,"[3, 5]",1,5,0,0,0,1,0,0,0,0,0,7,17
2024421469101,2024,421469101,542798,209333,0.06787,51.76447,3,3,2,17:00,-1,E07000073,6,0,1,0,1,"[3, 14]",3,7,0,0,0,1,0,0,0,0,0,7,1
2024421469212,2024,421469212,562409,189156,0.34244,51.57787,3,3,5,08:40,-1,E07000068,3,0,1,0,2,"[19, 7]",3,"[7, 5]",0,"[0, 1]","[0, 3]",1,0,1,1,0,0,7,18
2024421469457,2024,421469457,620213,222003,1.19618,51.85315,2,"[3, 2]",5,16:16,-1,E07000076,4,0,1,0,2,19,"[4, 7]","[6, 3]",0,"[0, 1]",0,1,0,0,0,0,0,7,18
2024421469723,2024,421469723,581406,230664,0.63795,51.94489,3,3,6,12:00,-1,E07000067,3,0,1,0,1,19,2,6,0,0,0,1,0,0,0,0,1,7,19
2024421469726,2024,421469726,608300,216714,1.02028,51.81023,3,3,6,10:10,-1,E07000076,6,0,1,0,2,1,5,2,0,0,0,1,0,0,0,0,1,7,19
2024421469741,2024,421469741,583121,233832,0.66456,51.97278,2,2,6,11:40,-1,E07000067,3,0,1,0,2,"[4, 19]",5,2,0,0,0,1,0,1,0,0,0,7,19
2024421469747,2024,421469747,571642,209181,0.48538,51.75502,2,2,2,13:40,-1,E07000070,3,0,1,0,2,"[4, 19]",6,2,0,0,0,1,0,1,0,0,0,6,24
2024421469883,2024,421469883,587231,187094,0.69916,51.55166,2,2,6,17:42,-1,E06000033,6,0,1,0,1,5,7,5,0,0,0,1,0,1,0,0,0,7,19
2024421469941,2024,421469941,569511,205246,0.45262,51.72032,3,3,2,08:00,-1,E07000070,3,0,1,0,1,"[9, 7]",1,"[7, 5]",0,0,0,1,0,1,0,0,0,7,15
2024421470070,2024,421470070,560751,187584,0.31781,51.56422,3,3,2,16:10,-1,E06000034,6,0,1,0,2,19,3,7,0,0,0,1,0,0,0,0,1,6,17
2024421470156,2024,421470156,588275,185984,0.71361,51.54135,3,3,3,03:24,-1,E06000033,3,2,1,0,1,"[9, 19]","[7, 3]","[5, 7]",0,"[0, 1]",0,1,0,0,0,0,0,7,16
2024421470229,2024,421470229,540812,195317,0.03346,51.63904,2,2,1,13:51,-1,E07000072,3,0,1,0,2,"[19, 9]","[1, 2]","[4, 8]","[1, 0]",3,"[0, 3]",1,0,0,0,0,0,6,23
2024421470242,2024,421470242,548312,200921,0.14414,51.68746,3,3,4,17:30,-1,E07000072,6,0,1,0,2,"[9, 19]","[1, 8]","[5, 4]",0,"[0, 7]","[0, 4]",1,0,0,0,0,0,7,17
2024421470269,2024,421470269,548866,207851,0.1551,51.74958,3,3,7,18:20,-1,E07000072,6,0,1,0,2,"[19, 9]","[6, 8]","[2, 6]","[10, 0]","[7, 0]",0,1,0,0,0,0,0,7,20
2024421470341,2024,421470341,620674,227902,1.20663,51.90592,2,2,1,08:30,-1,E07000076,4,0,1,1,2,19,8,4,0,7,9,1,0,0,0,0,0,7,21
2024421470347,2024,421470347,596924,224430,0.85988,51.88364,3,3,1,07:27,-1,E07000071,6,0,1,0,1,19,2,5,0,7,10,1,0,0,0,0,0,7,21
2024421470377,2024,421470377,600821,219925,0.91381,51.8418,3,3,1,09:05,-1,E07000071,4,0,2,1,2,19,5,2,0,7,4,1,0,0,0,0,0,7,21
2024421470381,2024,421470381,587262,185908,0.69898,51.541,2,2,1,12:34,-1,E06000033,6,0,1,0,1,1,5,1,0,0,0,1,0,0,0,0,1,7,21
2024421470427,2024,421470427,550798,235247,0.19502,51.9952,3,3,1,14:25,-1,E07000077,1,0,1,0,2,"[11, 3]",1,5,0,0,0,1,0,1,0,0,0,7,21
2024421470504,2024,421470504,545478,207769,0.10602,51.74973,2,2,1,16:02,-1,E07000073,6,0,1,0,1,19,2,6,0,0,0,0,0,1,0,0,0,7,21
2024421470701,2024,421470701,609594,230577,1.04744,51.93422,3,3,2,10:29,-1,E07000076,6,0,1,0,2,"[19, 5]","[7, 4]","[5, 7]",0,0,0,1,0,0,0,0,0,7,22
2024421470739,2024,421470739,579853,191521,0.59513,51.59382,3,3,5,13:00,-1,E07000075,6,0,1,0,1,"[2, 1]","[0, 8]","[0, 4]",0,0,0,1,0,0,0,0,0,7,11
2024421470853,2024,421470853,588807,223302,0.74147,51.87632,2,2,2,16:26,-1,E07000071,3,0,1,0,2,"[19, 9]","[3, 5]","[7, 3]",0,0,0,1,0,0,0,0,0,7,22
2024421470871,2024,421470871,566330,178650,0.39401,51.48235,2,2,2,16:45,-1,E06000034,6,0,1,0,2,19,3,7,0,0,0,1,1,0,0,0,0,7,22
2024421470888,2024,421470888,549015,212460,0.15923,51.79095,3,3,6,12:56,-1,E07000072,4,0,1,0,2,19,"[1, 6]","[3, 6]",0,0,0,1,0,0,1,0,0,3,1
2024421470889,2024,421470889,586740,187911,0.69252,51.55916,3,3,1,12:55,-1,E06000033,3,0,1,0,1,"[3, 19]",4,4,0,0,0,1,0,0,0,0,0,7,21
2024421470945,2024,421470945,559916,178837,0.30181,51.48588,3,3,2,20:30,-1,E06000034,6,2,1,0,1,19,6,2,0,1,0,0,0,0,0,0,1,7,22
2024421470979,2024,421470979,572952,187756,0.49375,51.56216,2,2,5,16:49,-1,E07000066,4,0,1,0,1,19,"[7, 3]","[3, 7]","[10, 0]","[1, 7]",0,1,0,0,0,0,0,7,4
2024421471002,2024,421471002,546340,202742,0.11639,51.70434,3,3,2,22:07,-1,E07000072,4,2,1,0,1,19,"[4, 3]",8,0,0,0,1,1,0,0,0,0,7,22
2024421471037,2024,421471037,555182,179782,0.2341,51.49569,3,3,2,15:25,-1,E06000034,6,0,9,-1,2,19,2,6,0,0,0,0,0,1,0,0,1,6,24
2024421471066,2024,421471066,554824,222230,0.24776,51.87715,3,3,4,13:30,-1,E07000077,3,0,1,0,2,"[19, 3]",4,7,0,0,0,1,0,0,0,0,0,7,3
2024421471121,2024,421471121,587726,185857,0.70564,51.54039,3,3,2,14:55,-1,E06000033,3,0,1,0,1,"[11, 19]",3,7,0,0,0,1,0,1,0,0,0,6,24
2024421471185,2024,421471185,590815,186419,0.75043,51.5444,3,3,3,10:50,-1,E06000033,6,0,1,0,1,"[2, 1]","[0, 5]","[0, 1]",0,0,0,1,0,0,0,0,1,7,23
2024421471337,2024,421471337,551892,222847,0.20547,51.8835,3,3,3,03:00,-1,E07000077,1,2,1,0,2,12,1,5,0,0,0,1,0,0,0,0,0,7,23
2024421471357,2024,421471357,577675,227195,0.58194,51.91494,3,3,3,17:31,-1,E07000067,3,0,1,0,2,"[7, 14]","[6, 1]","[1, 6]",0,0,0,1,1,0,0,0,0,7,23
2024421471428,2024,421471428,584374,188253,0.65861,51.56301,3,3,1,09:44,-1,E06000033,6,0,1,0,1,19,"[1, 3]","[5, 7]",0,0,0,1,1,0,0,0,0,7,21
2024421471436,2024,421471436,601415,223463,0.92448,51.87336,3,3,5,08:55,-1,E07000071,6,0,1,0,1,"[9, 19]","[2, 5]",1,0,0,0,1,1,0,0,0,0,6,27
2024421471437,2024,421471437,543719,194048,0.07492,51.6269,3,3,7,10:40,-1,E07000072,6,0,1,0,2,"[9, 19]","[7, 3]","[6, 7]",0,0,0,1,1,0,0,0,0,7,20
2024421471447,2024,421471447,572322,210420,0.49584,51.76594,3,3,1,15:00,-1,E07000070,6,0,9,-1,2,"[7, 19]",-1,-1,"[0, -1]","[0, -1]",0,1,1,0,0,0,0,6,30
2024421471460,2024,421471460,598959,224631,0.88952,51.88473,2,2,3,08:20,-1,E07000071,4,0,1,0,1,"[9, 19]",6,"[4, 2]",0,0,0,1,1,0,0,0,0,7,16
2024421471491,2024,421471491,584203,186621,0.65529,51.54841,3,3,3,11:50,-1,E06000033,6,0,1,0,1,"[4, 19]",1,5,0,0,0,1,0,0,0,0,0,7,16
2024421471628,2024,421471628,544370,209791,0.09082,51.76819,3,3,2,08:05,-1,E07000073,6,0,1,0,1,19,5,1,0,0,0,1,0,0,0,0,0,7,8
2024421471635,2024,421471635,585386,223341,0.69185,51.87781,3,3,3,15:28,-1,E07000067,6,0,8,0,2,19,7,3,0,0,0,0,0,0,0,1,1,7,9