collision_index,collision_year,collision_ref_no,location_easting_osgr,location_northing_osgr,longitude,latitude,casualty_severity,casualty_severity,day_of_week,time,local_authority_district,local_authority_ons_district,first_road_class,light_conditions,weather_conditions,road_surface_conditions,urban_or_rural_area,vehicle_manoeuvre,vehicle_direction_from,vehicle_direction_to,hit_object_in_carriageway,vehicle_leaving_carriageway,hit_object_off_carriageway,is_car,is_cyle,is_mcyle,is_goodsv,is_other,is_pedestrian,month,day
2024421471652,2024,421471652,544564,203793,0.09114,51.71424,3,3,4,13:15,-1,E07000072,4,0,1,0,2,19,1,5,0,1,9,1,0,0,0,0,0,7,24
2024421471692,2024,421471692,587661,190380,0.70711,51.58103,2,"[3, 2]",4,12:00,-1,E07000075,6,0,1,0,1,1,1,5,0,0,0,1,0,0,0,0,1,7,24
2024421471752,2024,421471752,589554,185780,0.73192,51.53909,2,2,4,16:29,-1,E06000033,6,0,1,0,1,19,"[7, 1]","[3, 5]",0,0,0,1,1,0,0,0,0,7,24
2024421471776,2024,421471776,562263,178519,0.33544,51.48235,2,2,4,17:09,-1,E06000034,3,0,1,0,1,19,6,2,0,0,0,1,0,0,0,0,1,7,24
2024421471814,2024,421471814,552162,234024,0.21433,51.98384,2,2,4,17:27,-1,E07000077,4,0,1,0,2,"[19, 9]","[5, 1]","[1, 7]",0,0,0,1,0,1,0,0,0,7,24
2024421471835,2024,421471835,537849,200603,-0.00725,51.68727,2,2,4,20:50,-1,E07000072,4,2,1,0,1,"[19, -1]",3,8,"[0, -1]","[0, -1]",0,1,0,1,0,0,0,7,24
2024421471845,2024,421471845,554817,222230,0.24766,51.87715,3,3,4,22:00,-1,E07000077,3,2,1,0,2,"[19, 5]","[1, 4]",7,0,0,0,1,0,0,0,0,0,7,24
2024421471855,2024,421471855,552188,225708,0.21103,51.90912,2,2,4,19:29,-1,E07000077,4,0,1,0,2,19,"[2, 6]","[6, 2]",0,"[0, 1]",0,1,0,0,0,0,0,7,24
2024421471857,2024,421471857,570377,189814,0.45764,51.58143,3,3,4,22:54,-1,E07000066,3,2,1,0,1,19,7,3,9,3,10,1,0,0,0,0,0,7,24
2024421471918,2024,421471918,586436,219148,0.70483,51.83981,3,3,5,18:00,-1,E07000067,4,0,1,0,2,"[5, 19]","[4, 2]","[8, 6]",0,0,0,1,1,0,0,0,0,7,11
2024421471929,2024,421471929,587449,218776,0.71931,51.83613,3,3,5,08:30,-1,E07000071,3,0,1,0,2,19,"[6, 7]","[3, 2]",0,0,0,1,0,0,0,0,0,7,25
2024421471940,2024,421471940,588759,187464,0.72138,51.55448,3,3,7,19:00,-1,E06000033,3,0,1,0,1,"[4, 19]","[4, 2]",6,0,0,0,1,0,0,0,0,0,7,13
2024421472005,2024,421472005,537869,199841,-0.00726,51.68042,3,3,5,09:41,-1,E07000072,1,0,1,0,2,19,3,7,0,0,0,1,0,0,1,0,0,7,25
2024421472078,2024,421472078,609255,215309,1.03327,51.79726,3,3,5,13:15,-1,E07000076,6,0,1,0,2,19,7,3,0,0,0,1,0,0,0,0,1,7,25
2024421472135,2024,421472135,561151,178507,0.31943,51.48256,3,3,5,15:16,-1,E06000034,3,0,1,1,1,5,1,5,0,0,0,1,0,0,0,0,0,7,25
2024421472157,2024,421472157,582087,215013,0.6396,51.8041,2,"[2, 3]",5,16:04,-1,E07000067,6,0,1,0,1,"[2, 19]","[0, 1]","[0, 4]",0,"[0, 7]",0,1,0,0,0,0,0,7,25
2024421472222,2024,421472222,573760,187154,0.5051,51.55651,3,3,5,21:53,-1,E07000066,6,2,1,0,2,19,"[1, 5]","[5, 1]",0,0,0,1,0,0,0,0,0,7,25
2024421472227,2024,421472227,545839,200416,0.10818,51.68357,3,3,5,19:25,-1,E07000072,1,0,2,1,2,19,8,4,0,0,0,1,0,1,0,0,0,7,25
2024421472529,2024,421472529,613837,218484,1.10157,51.82404,3,3,6,15:57,-1,E07000076,6,0,1,0,2,19,"[4, 6]","[8, 2]",0,0,0,1,0,0,0,0,0,7,26
2024421472607,2024,421472607,544218,192070,0.08131,51.609,3,3,6,19:01,-1,E07000072,6,0,1,0,1,19,7,3,0,0,0,1,0,0,0,0,1,7,26
2024421472666,2024,421472666,598890,224219,0.88828,51.88105,2,2,7,01:29,-1,E07000071,4,0,1,0,1,19,6,2,0,0,0,0,0,1,0,0,0,7,27
2024421472700,2024,421472700,565549,191871,0.38899,51.60135,1,1,7,07:52,-1,E07000066,6,0,1,0,2,"[13, 9]",6,"[2, 4]",0,0,0,1,0,1,0,0,0,7,27
2024421472714,2024,421472714,566999,192437,0.41018,51.60601,3,3,7,08:35,-1,E07000066,6,0,1,0,1,"[13, 9]","[2, 4]","[6, 8]",0,0,0,1,0,0,0,0,0,7,27
2024421472735,2024,421472735,568498,238095,0.45399,52.0157,3,3,7,11:47,-1,E07000067,4,0,1,0,2,7,5,1,0,1,7,0,0,1,0,0,0,7,27
2024421472754,2024,421472754,570954,188697,0.46541,51.57122,2,2,7,10:15,-1,E07000066,6,0,1,0,1,19,"[7, 1]",3,0,0,0,0,0,0,0,1,0,7,27
2024421472762,2024,421472762,560645,180387,0.313,51.4996,2,2,7,11:18,-1,E06000034,6,0,1,0,2,"[9, 19]","[4, 7]","[1, 3]",0,0,0,1,0,0,0,0,0,7,27
2024421472861,2024,421472861,538631,199904,0.00378,51.6808,3,3,7,14:10,-1,E07000072,1,0,1,0,2,"[19, 3]",3,7,0,0,0,0,0,0,1,0,0,7,27
2024421472905,2024,421472905,560223,188753,0.31073,51.57488,2,2,7,20:27,-1,E07000068,3,0,1,0,2,"[15, 19]",7,3,0,0,0,1,0,1,0,0,0,7,27
2024421473100,2024,421473100,570277,183168,0.45298,51.52176,2,2,1,14:09,-1,E06000034,3,0,1,0,1,19,"[8, 6]","[5, 3]",0,0,0,0,1,0,1,0,0,7,28
2024421473115,2024,421473115,589100,208391,0.73759,51.74231,2,2,1,15:45,-1,E07000074,4,0,1,0,2,"[7, 9]","[3, 7]","[7, 3]",0,0,0,1,0,0,0,0,0,7,28
2024421473171,2024,421473171,570084,225791,0.47099,51.90469,3,3,1,19:51,-1,E07000067,6,0,1,0,2,"[13, 4]",5,"[1, 3]",0,0,0,1,0,1,0,0,0,7,28
2024421473174,2024,421473174,577772,227217,0.58336,51.9151,3,3,1,14:40,-1,E07000067,3,0,1,0,1,"[19, 4]",3,7,0,0,0,1,0,0,0,0,0,7,28
2024421473199,2024,421473199,568552,188161,0.43053,51.56713,3,3,7,20:37,-1,E07000066,6,0,1,0,1,"[19, 13]","[3, 7]","[7, 3]",0,0,0,1,0,0,0,0,0,7,27
2024421473215,2024,421473215,589216,221476,0.74641,51.85978,3,3,1,11:19,-1,E07000071,3,0,1,0,2,19,6,2,0,0,0,1,0,0,0,0,0,7,28
2024421473415,2024,421473415,570860,200414,0.46977,51.67651,3,3,2,10:43,-1,E07000070,5,0,1,0,2,7,"[3, 7]","[7, 3]",0,0,0,1,0,0,0,0,0,7,29
2024421473428,2024,421473428,584857,186055,0.66442,51.54311,2,2,1,19:31,-1,E06000033,6,0,1,0,1,"[9, 19]","[1, 7]","[7, 3]",0,0,0,1,0,1,0,0,0,7,28
2024421473444,2024,421473444,577940,185049,0.56427,51.5363,3,3,1,21:50,-1,E07000069,3,2,1,0,2,19,"[1, 8]",3,0,0,0,1,1,0,0,0,0,7,28
2024421473543,2024,421473543,584981,187010,0.66671,51.55165,2,2,3,12:28,-1,E06000033,6,0,2,0,1,19,1,5,0,0,0,1,0,0,0,0,1,7,2
2024421473642,2024,421473642,601442,225794,0.92623,51.89428,2,2,2,07:23,-1,E07000071,3,0,1,0,1,"[5, 19]",2,"[2, 6]",0,0,0,1,0,1,0,0,0,7,29
2024421473643,2024,421473643,584083,205761,0.66362,51.72036,3,3,2,12:23,-1,E07000074,6,0,1,0,1,9,1,5,0,0,0,1,0,0,0,0,1,7,29
2024421473646,2024,421473646,577745,221407,0.57998,51.86293,3,3,4,23:19,-1,E07000067,4,2,1,0,2,19,1,5,0,7,0,1,0,0,0,0,0,7,24
2024421473652,2024,421473652,545346,199063,0.10049,51.67154,3,3,1,19:45,-1,E07000072,4,0,1,0,2,"[19, 4]",8,4,0,0,0,1,1,0,0,0,0,7,7
2024421473660,2024,421473660,550974,220416,0.19108,51.86191,3,3,7,23:35,-1,E07000077,1,2,1,0,2,19,6,2,0,0,0,1,0,0,1,0,0,7,27
2024421473727,2024,421473727,545621,202429,0.10586,51.70172,3,3,7,15:30,-1,E07000072,6,0,1,0,1,19,8,4,0,0,0,1,0,0,0,0,1,7,27
2024421473775,2024,421473775,544508,209563,0.09273,51.7661,3,3,1,12:06,-1,E07000073,6,0,9,-1,1,19,-1,-1,0,0,0,0,0,0,0,0,1,7,7
2024421473779,2024,421473779,571503,192310,0.47509,51.60351,3,3,5,21:55,-1,E07000066,3,2,7,1,1,"[19, 7]","[6, 1]",2,0,0,0,1,1,0,0,0,0,7,25
2024421473842,2024,421473842,572548,189175,0.48863,51.57503,3,3,6,05:20,-1,E07000066,6,0,1,0,1,19,"[1, 5]","[5, 1]",0,0,0,1,1,0,0,0,0,7,26
2024421473927,2024,421473927,590638,198760,0.75458,51.65529,3,3,2,12:43,-1,E07000074,4,0,1,0,2,19,3,7,0,0,0,0,0,1,1,0,0,7,29
2024421473972,2024,421473972,567664,193600,0.42033,51.61626,3,3,3,14:16,-1,E07000066,3,0,1,0,2,19,5,1,0,1,4,0,0,1,0,0,0,7,30
2024421473975,2024,421473975,593656,210836,0.80486,51.76271,2,2,3,16:27,-1,E07000074,4,0,1,0,2,9,4,1,0,0,0,0,0,1,0,0,0,7,30
2024421474006,2024,421474006,553469,223500,0.22866,51.88893,3,3,3,16:15,-1,E07000077,6,0,1,0,2,19,"[3, 7]","[7, 3]",0,0,0,1,0,0,0,1,0,7,30
2024421474043,2024,421474043,586339,185889,0.68568,51.54113,3,3,3,20:10,-1,E06000033,6,0,1,0,1,"[5, 19]","[6, 4]",7,0,0,0,1,0,0,0,0,0,7,30
2024421474154,2024,421474154,559324,179318,0.29351,51.49037,3,3,4,06:03,-1,E06000034,4,0,1,0,1,5,5,8,0,0,0,1,0,0,0,0,1,7,31
2024421474210,2024,421474210,545137,207953,0.10117,51.75147,3,3,4,19:00,-1,E07000073,6,0,1,0,1,19,-1,-1,0,0,0,0,1,0,0,0,0,7,10
2024421474235,2024,421474235,547801,209201,0.14026,51.76199,3,3,5,08:50,-1,E07000073,6,0,1,0,1,1,3,7,0,0,0,1,0,0,0,0,1,7,11
2024421474239,2024,421474239,568704,183080,0.43029,51.52144,3,3,5,18:59,-1,E06000034,3,0,1,0,1,19,-1,-1,0,0,0,1,1,0,0,0,0,7,11
2024421474269,2024,421474269,571919,205283,0.48747,51.71992,3,3,5,14:20,-1,E07000070,4,0,1,0,1,"[19, 4]",2,6,0,0,0,1,0,0,0,0,0,7,25
2024421474327,2024,421474327,588826,186390,0.72176,51.54481,3,3,2,17:20,-1,E06000033,6,0,1,0,1,19,7,3,0,0,0,1,1,0,0,0,0,7,8
2024421474395,2024,421474395,566232,201314,0.40333,51.68598,3,3,4,13:18,-1,E07000070,3,0,1,0,2,19,2,6,0,0,0,0,0,1,0,0,0,7,31
2024421474408,2024,421474408,546758,199476,0.12106,51.67489,3,3,4,13:33,-1,E07000072,1,0,1,0,2,19,"[1, 2]",5,0,"[0, 1]","[0, 7]",1,0,0,0,0,0,7,31
2024421474459,2024,421474459,588135,194111,0.71594,51.61438,2,2,4,14:26,-1,E07000075,6,0,1,0,2,"[9, 19]","[7, 3]","[2, 7]",0,0,0,1,1,0,0,0,0,7,31
2024421474461,2024,421474461,573952,221676,0.52508,51.86654,2,2,4,15:41,-1,E07000067,3,0,1,0,2,4,7,6,9,7,1,0,0,1,0,0,0,7,31
2024421474514,2024,421474514,617680,214510,1.15475,51.78688,3,3,4,18:47,-1,E07000076,6,0,1,0,1,7,8,7,0,7,0,0,1,0,0,0,1,7,31
2024421474552,2024,421474552,575322,207515,0.53781,51.73892,2,"[3, 2]",5,01:24,-1,E07000070,6,2,1,0,2,19,6,2,0,7,0,1,0,0,0,0,0,8,1
2024421474562,2024,421474562,569462,205128,0.45186,51.71927,3,3,3,00:05,-1,E07000070,3,2,1,0,1,19,6,2,0,0,0,1,0,0,0,0,0,7,23
2024421474573,2024,421474573,583706,188330,0.64903,51.56392,3,3,2,18:25,-1,E06000033,3,0,1,0,1,"[19, 4]",8,4,0,0,0,1,0,0,0,0,0,7,22
2024421474587,2024,421474587,593067,184629,0.78188,51.52756,3,3,3,17:00,-1,E06000033,4,0,1,0,1,"[3, 19]",2,6,0,0,0,1,0,0,0,0,0,7,23
2024421474687,2024,421474687,615588,217330,1.12622,51.813,3,3,5,09:59,-1,E07000076,6,0,1,0,2,"[20, 19]","[7, 3]","[3, 7]",0,0,0,1,0,0,0,0,0,8,1
2024421474688,2024,421474688,571220,208881,0.47913,51.75245,3,3,4,15:25,-1,E07000070,3,0,1,0,2,19,7,3,0,7,0,1,0,0,0,0,0,7,31
2024421474693,2024,421474693,585894,186598,0.67964,51.54765,3,3,5,09:10,-1,E06000033,3,0,1,0,1,19,"[3, 1]","[7, 5]",0,0,0,1,0,1,0,0,0,8,1
2024421474773,2024,421474773,586515,219203,0.706,51.84028,3,3,4,18:00,-1,E07000067,4,0,1,0,2,7,1,3,0,0,0,1,0,0,0,0,1,7,10
2024421474816,2024,421474816,567466,179361,0.4107,51.4884,3,3,5,12:10,-1,E06000034,6,0,1,0,2,19,"[5, 1]","[1, 5]",0,0,0,1,0,0,1,0,0,8,1
2024421474824,2024,421474824,571561,188378,0.47401,51.56817,3,3,4,22:07,-1,E07000066,6,2,1,0,1,19,"[5, 1]","[1, 5]",0,"[0, 1]",0,1,0,0,0,0,0,7,10
2024421474889,2024,421474889,568726,183195,0.43066,51.52247,3,3,5,17:26,-1,E06000034,6,0,1,0,1,"[2, 5]","[0, 5]","[0, 1]","[0, 4]",0,0,1,0,0,0,0,0,8,1
2024421474936,2024,421474936,589535,187295,0.73246,51.5527,3,3,5,17:54,-1,E06000033,3,0,1,0,1,19,7,3,0,0,0,1,0,0,0,0,0,8,1
2024421474940,2024,421474940,537883,200605,-0.00676,51.68728,3,3,4,15:11,-1,E07000072,6,0,1,0,1,"[4, 5]",4,"[6, 7]",0,0,0,1,0,1,0,0,0,7,31
2024421474958,2024,421474958,570610,205378,0.46858,51.72117,2,2,4,22:32,-1,E07000070,3,2,1,0,1,19,3,7,0,2,0,1,0,0,0,0,0,7,31
2024421475046,2024,421475046,543588,209901,0.07955,51.76938,3,3,6,07:56,-1,E07000073,6,0,1,0,1,19,"[7, 8]","[3, 5]",0,0,0,1,0,0,0,0,0,8,2
2024421475047,2024,421475047,576150,223391,0.55785,51.88126,3,3,6,08:03,-1,E07000067,6,0,1,0,1,19,"[1, 5]","[4, 8]",0,"[7, 1]",0,1,0,0,0,0,0,8,2
2024421475129,2024,421475129,580395,198102,0.60633,51.65276,3,3,6,20:40,-1,E07000070,6,0,1,0,1,19,1,5,0,2,10,1,0,0,0,0,0,7,26
2024421475218,2024,421475218,586570,187927,0.69008,51.55936,3,3,6,10:30,-1,E06000033,6,0,1,0,1,"[19, 7]","[3, 5]",7,0,0,0,1,0,0,0,0,0,8,2
2024421475235,2024,421475235,578509,191982,0.57598,51.59839,2,2,6,11:42,-1,E07000075,3,0,1,0,2,"[5, 19]",3,7,0,0,0,1,0,0,0,0,0,8,2
2024421475258,2024,421475258,569829,182755,0.44633,51.51819,3,3,6,13:38,-1,E06000034,3,0,1,0,2,"[5, 19]","[7, 5]","[3, 1]",0,"[0, 7]",0,1,0,0,0,0,0,8,2
2024421475277,2024,421475277,572345,188762,0.4855,51.57139,3,3,6,15:40,-1,E07000066,4,0,1,0,1,"[19, 7]","[3, 1]","[7, 5]",0,0,0,1,0,0,0,0,0,8,2
2024421475335,2024,421475335,545318,210125,0.10469,51.77094,2,2,6,17:29,-1,E07000073,6,0,1,0,1,19,"[1, 3]","[5, 7]",0,0,0,1,1,0,0,0,0,8,2
2024421475341,2024,421475341,574773,188248,0.52024,51.56602,2,2,6,18:21,-1,E07000066,4,0,1,0,1,"[10, 5]",1,5,0,0,0,1,0,1,0,0,0,8,2
2024421475368,2024,421475368,558152,207918,0.28954,51.74764,3,3,4,17:55,-1,E07000072,6,0,8,0,2,"[5, 2, 19]","[6, 0, 2]","[2, 0, 6]",0,0,0,1,0,0,0,0,0,7,31
2024421475415,2024,421475415,544557,192395,0.08633,51.61183,3,3,7,05:50,-1,E07000072,4,0,1,0,1,19,"[7, 3]","[2, 7]",0,0,0,1,0,0,0,0,0,8,3
2024421475468,2024,421475468,564507,224412,0.38934,51.89398,3,3,7,09:30,-1,E07000077,4,0,1,1,2,19,2,6,0,1,0,1,0,0,0,0,0,8,3
2024421475539,2024,421475539,544255,211484,0.08986,51.78343,2,2,7,13:33,-1,E07000073,3,0,1,0,2,"[19, 3]",1,5,0,0,0,1,0,0,0,0,0,8,3
2024421475578,2024,421475578,569657,182776,0.44386,51.51843,3,3,7,15:36,-1,E06000034,3,0,1,0,2,19,"[7, 1]","[3, 5]",0,0,0,1,0,0,0,0,0,8,3
2024421475598,2024,421475598,580046,223265,0.61432,51.87888,3,3,2,12:34,-1,E07000067,3,0,1,0,2,19,3,7,0,5,2,1,0,0,0,0,0,7,29
2024421475627,2024,421475627,595897,227935,0.84697,51.91548,2,2,7,14:20,-1,E07000071,6,0,1,0,2,19,"[5, 1]","[1, 5]",0,"[0, 7]","[0, 10]",1,0,0,0,0,0,8,3
2024421475680,2024,421475680,586727,185857,0.69125,51.54072,2,2,7,19:15,-1,E06000033,6,0,1,0,1,"[9, 19]","[3, 5]","[5, 1]",0,0,0,1,0,1,0,0,0,8,3
2024421475763,2024,421475763,561327,192827,0.32852,51.61116,1,1,1,07:40,-1,E07000068,6,0,1,0,1,19,"[2, 6]","[6, 2]",0,0,0,0,0,1,1,0,0,8,4
2024421475905,2024,421475905,571112,185927,0.46634,51.54629,3,3,2,00:20,-1,E06000034,6,2,1,0,2,19,"[5, 1]","[1, 5]",0,0,0,1,0,0,0,0,0,8,5
2024421476066,2024,421476066,544808,207719,0.09631,51.74946,3,3,2,08:26,-1,E07000073,6,0,1,0,1,"[5, 19]",8,4,0,0,0,0,0,1,1,0,0,8,5
2024421476167,2024,421476167,574770,205194,0.52865,51.71824,1,1,2,08:55,-1,E07000070,3,0,1,0,2,19,5,1,0,0,0,1,0,0,0,0,1,8,5
2024421476368,2024,421476368,573760,188093,0.50556,51.56494,3,3,3,07:00,-1,E07000066,4,0,1,0,1,9,7,3,0,0,0,0,0,0,1,0,1,7,16
2024421476385,2024,421476385,589068,198699,0.73188,51.65528,3,3,7,15:20,-1,E07000074,4,0,1,0,2,19,3,7,0,0,0,0,0,1,0,0,0,7,27
2024421476389,2024,421476389,573598,191450,0.50489,51.59515,3,3,6,21:19,-1,E07000066,3,0,1,0,2,19,6,2,0,0,0,1,0,0,0,0,0,6,14
2024421476438,2024,421476438,545090,195432,0.09528,51.63898,3,3,5,22:20,-1,E07000072,3,2,1,0,2,"[9, 19]",-1,-1,0,0,0,1,0,0,0,0,0,7,11
2024421476489,2024,421476489,570408,208352,0.46712,51.74795,2,"[3, 2]",3,09:00,-1,E07000070,4,0,1,0,1,"[3, 9, 19]","[1, 3, 5]","[5, 1]",0,0,0,1,0,0,0,0,0,8,6
2024421476519,2024,421476519,589571,228515,0.75542,51.92287,3,3,2,13:18,-1,E07000071,6,0,1,0,2,"[19, 5]","[1, 7]","[3, 2]",0,"[0, 1]",0,1,0,0,0,0,0,8,5
2024421476528,2024,421476528,571205,213872,0.48137,51.79729,3,3,3,19:20,-1,E07000070,4,0,1,1,2,19,"[8, 5]","[-1, 2]",0,0,0,1,0,0,0,0,0,7,16
2024421476532,2024,421476532,547983,230277,0.15191,51.9513,2,"[2, 3]",3,13:14,-1,E07000077,6,0,2,1,2,"[19, 5]","[2, 8]","[6, 4]",0,0,0,1,0,0,0,0,0,8,6
2024421476575,2024,421476575,595336,214796,0.8314,51.79769,3,3,3,07:52,-1,E07000071,4,0,1,0,2,"[19, 9, 8]","[7, 1, 6]","[3, 7, 6]",0,"[7, 0]","[9, 0]",1,0,0,0,0,0,8,6
2024421476613,2024,421476613,574482,204196,0.52399,51.70936,2,"[2, 3]",3,16:07,-1,E07000070,3,0,1,1,2,19,5,1,0,"[0, 1]",0,1,0,1,0,0,0,8,6
2024421476653,2024,421476653,559779,203865,0.31123,51.71077,3,3,3,17:50,-1,E07000072,3,0,1,0,2,4,7,3,0,0,0,1,0,0,0,0,0,8,6
2024421476669,2024,421476669,572261,192878,0.48631,51.60838,2,2,3,19:30,-1,E07000066,3,0,1,0,2,"[19, 9]","[7, 3]","[3, 1]",0,0,0,1,0,1,0,0,0,8,6
2024421476712,2024,421476712,589865,186581,0.73683,51.54617,3,3,7,04:30,-1,E06000033,6,2,1,0,1,19,7,5,10,3,0,1,0,0,0,0,0,8,3
2024421476713,2024,421476713,594451,185416,0.80225,51.53415,3,3,2,20:01,-1,E06000033,6,0,1,1,1,"[2, 5]",-1,-1,0,0,0,1,0,0,0,0,1,7,8
2024421476851,2024,421476851,574317,203911,0.52146,51.70686,3,3,4,12:00,-1,E07000070,3,0,1,0,2,"[11, 4]","[1, 2]","[5, 6]",0,0,0,1,0,0,0,0,0,8,7
2024421476906,2024,421476906,578337,223476,0.58963,51.88132,2,2,4,07:46,-1,E07000067,3,0,1,0,2,"[4, 14, 9]","[7, 2, 3]","[3, 7]",0,0,0,1,0,0,1,0,0,8,7
2024421477032,2024,421477032,544623,208194,0.09382,51.75377,3,3,4,14:45,-1,E07000073,3,0,1,0,1,"[19, 9]","[3, 7]","[7, 5]",0,0,0,1,0,1,0,0,0,8,7
2024421477033,2024,421477033,544633,211094,0.09518,51.77983,3,3,4,16:45,-1,E07000073,3,0,1,0,2,19,3,7,0,0,0,0,0,1,0,0,1,8,7
2024421477141,2024,421477141,545910,200370,0.10918,51.68314,3,3,5,13:40,-1,E07000072,1,0,1,0,2,19,8,4,0,0,0,1,0,0,1,0,0,6,13
2024421477160,2024,421477160,589198,184961,0.72636,51.53185,3,3,7,16:02,-1,E06000033,4,0,1,0,1,19,7,3,0,0,0,0,0,1,0,0,0,7,20
2024421477162,2024,421477162,573675,187902,0.50424,51.56325,3,3,1,10:22,-1,E07000066,3,0,1,0,2,7,4,8,0,0,0,1,0,0,0,0,0,6,30
2024421477273,2024,421477273,601070,224129,0.91986,51.87946,3,3,3,20:25,-1,E07000071,6,0,1,0,1,19,6,2,0,0,0,0,0,0,0,0,1,8,6
2024421477419,2024,421477419,577872,194703,0.56818,51.62303,3,3,5,13:46,-1,E07000070,6,0,1,0,2,"[9, 19]",3,"[1, 7]",0,"[7, 0]",0,1,0,0,0,0,0,8,8
2024421477424,2024,421477424,579518,197356,0.59329,51.64634,3,3,3,13:00,-1,E07000070,3,0,1,0,2,"[19, 5]","[1, 3]",5,0,"[1, 0]",0,1,0,0,0,0,0,7,30
2024421477484,2024,421477484,561720,177999,0.32739,51.47784,3,3,2,20:50,-1,E06000034,3,0,1,0,1,19,5,1,0,"[0, 1]",0,0,1,0,0,1,0,7,29
2024421477502,2024,421477502,611579,218202,1.06869,51.82236,3,3,5,17:40,-1,E07000076,4,0,1,1,2,"[10, 9, 19]","[0, 7, 8]","[0, 8, 4]",0,0,0,1,0,0,0,0,0,8,8
2024421477557,2024,421477557,598346,224048,0.88029,51.87971,3,3,5,20:45,-1,E07000071,4,2,1,1,1,1,7,3,0,0,0,1,0,0,0,0,1,8,8
2024421477582,2024,421477582,559650,193879,0.3048,51.62109,3,3,3,18:30,-1,E07000068,3,0,1,0,1,"[19, 5]","[6, 2]","[2, 6]",0,0,0,1,0,1,0,0,0,8,6
2024421477596,2024,421477596,570459,205560,0.46649,51.72285,2,2,2,23:30,-1,E07000070,6,2,1,0,1,19,"[6, 2]","[2, 6]",0,0,0,1,1,0,0,0,0,6,24
2024421477602,2024,421477602,559270,193907,0.29933,51.62145,3,3,2,17:08,-1,E07000068,6,0,9,0,1,5,2,6,0,0,0,1,0,0,0,0,1,7,29
2024421477607,2024,421477607,565008,179631,0.37545,51.49155,3,3,5,14:58,-1,E06000034,6,0,1,0,1,"[4, 1]","[3, 7]","[7, 3]",0,0,0,1,0,0,0,0,0,3,14
2024421477616,2024,421477616,617947,215427,1.1592,51.79501,3,3,2,16:42,-1,E07000076,6,0,1,0,1,19,"[4, 6]","[8, 2]",0,0,0,1,0,1,0,0,0,8,5
2024421477617,2024,421477617,574075,209409,0.52071,51.75632,3,3,3,21:30,-1,E07000070,3,2,1,0,2,"[7, 19]",3,"[5, 7]",0,0,0,1,0,0,0,0,0,7,30
2024421477655,2024,421477655,577428,188403,0.55859,51.56659,3,3,1,19:20,-1,E07000069,6,0,1,0,1,19,"[3, 5]","[7, 1]",0,0,0,1,1,0,0,0,0,7,21
2024421477815,2024,421477815,613623,222461,1.10093,51.85982,3,3,5,14:55,-1,E07000076,3,0,1,0,2,7,5,7,0,0,0,1,0,1,0,0,0,8,8
2024421477875,2024,421477875,562661,179341,0.34154,51.48962,3,3,6,17:00,-1,E06000034,6,0,1,0,2,19,"[7, 1]","[3, 5]",0,0,0,1,1,0,0,0,0,8,9
2024421477905,2024,421477905,586725,218049,0.70843,51.82984,3,3,6,17:48,-1,E07000067,3,0,1,0,2,19,2,6,0,5,0,1,0,0,0,0,0,8,9
2024421477950,2024,421477950,585164,207525,0.68019,51.73584,3,3,6,20:23,-1,E07000074,6,2,1,0,1,19,"[1, 2]","[1, 6]",0,0,0,1,0,1,0,0,0,8,9
2024421477980,2024,421477980,582275,219118,0.64448,51.84091,3,3,6,23:17,-1,E07000067,6,2,1,0,2,19,1,4,0,7,4,1,0,0,0,0,0,8,9
2024421478004,2024,421478004,584984,212033,0.67998,51.77639,3,3,6,20:10,-1,E07000074,6,0,1,0,2,"[5, 19]","[7, 1]","[3, 5]",0,0,0,1,0,0,0,0,0,8,9
2024421478081,2024,421478081,592662,218149,0.79453,51.82873,2,"[3, 2]",6,13:39,-1,E07000071,6,0,1,0,2,19,"[3, 1]","[7, 5]",0,7,"[0, 11]",1,0,0,0,0,0,8,9
2024421478110,2024,421478110,576966,195087,0.5553,51.62677,2,2,7,10:22,-1,E07000070,3,0,1,0,2,"[9, 19]","[3, 6]","[8, 2]",0,0,0,1,0,0,0,0,0,8,10
2024421478172,2024,421478172,573776,187891,0.50569,51.56312,3,3,7,13:05,-1,E07000066,3,0,1,0,2,"[3, 4, 19]","[2, 6]","[5, 4]","[0, 4]",0,0,1,0,0,0,0,0,8,10
2024421478175,2024,421478175,588898,186155,0.72268,51.54267,3,3,6,22:20,-1,E06000033,6,2,1,0,1,1,1,5,0,0,0,1,0,0,0,0,1,8,9
2024421478279,2024,421478279,545917,210626,0.11358,51.77529,3,3,7,22:40,-1,E07000073,6,0,1,0,1,19,1,5,0,0,0,1,0,0,0,0,1,8,10
2024421478422,2024,421478422,548314,200919,0.14416,51.68744,3,3,1,10:30,-1,E07000072,6,0,1,0,2,19,"[7, 2]","[3, 4]",0,0,0,1,1,0,0,0,0,8,11
2024421478426,2024,421478426,575269,238966,0.553,52.02143,3,3,2,16:13,-1,E07000067,3,0,1,0,2,19,5,1,0,0,0,1,0,0,0,0,0,7,22
2024421478533,2024,421478533,585067,186102,0.66747,51.54347,2,"[2, 3]",1,16:30,-1,E06000033,6,0,1,0,1,"[2, 19]",5,1,"[0, 4]",0,0,1,0,0,0,0,0,8,11
2024421478536,2024,421478536,570350,188375,0.45655,51.56851,3,3,1,16:51,-1,E07000066,6,0,1,0,1,"[19, 9]","[3, 7]","[7, 5]",0,0,0,1,0,0,0,0,0,8,11
2024421478541,2024,421478541,620928,228056,1.21042,51.90721,3,3,1,17:11,-1,E07000076,4,0,1,0,2,19,6,2,0,0,0,1,0,0,0,0,0,8,11