collision_index,collision_year,collision_ref_no,location_easting_osgr,location_northing_osgr,longitude,latitude,casualty_severity,casualty_severity,day_of_week,time,local_authority_district,local_authority_ons_district,first_road_class,light_conditions,weather_conditions,road_surface_conditions,urban_or_rural_area,vehicle_manoeuvre,vehicle_direction_from,vehicle_direction_to,hit_object_in_carriageway,vehicle_leaving_carriageway,hit_object_off_carriageway,is_car,is_cyle,is_mcyle,is_goodsv,is_other,is_pedestrian,month,day
2024421478646,2024,421478646,569375,189621,0.4431,51.58,3,3,2,07:17,-1,E07000066,3,0,1,0,1,19,1,5,11,0,0,1,0,0,0,0,0,8,12
2024421478673,2024,421478673,607892,224649,1.01914,51.88163,3,3,2,08:22,-1,E07000076,6,0,1,0,2,19,7,3,0,"[0, 1]","[0, 4]",1,1,0,0,0,0,8,12
2024421478861,2024,421478861,594046,224350,0.81807,51.88393,2,2,2,13:47,-1,E07000071,4,0,1,0,1,19,7,3,0,0,0,1,0,1,0,0,0,8,12
2024421478919,2024,421478919,580176,229522,0.61948,51.93504,3,3,3,16:21,-1,E07000067,3,0,1,0,2,19,2,6,0,0,0,0,0,0,1,0,0,8,6
2024421478921,2024,421478921,577364,223460,0.5755,51.88149,2,2,2,16:53,-1,E07000067,4,0,1,0,1,"[10, 13]",7,"[5, 3]",0,0,0,1,0,1,0,0,0,8,12
2024421479154,2024,421479154,568590,205233,0.4393,51.72048,1,1,3,08:18,-1,E07000070,3,0,1,0,2,"[9, 13]",4,8,0,"[7, 0]",0,0,0,1,1,0,0,8,13
2024421479336,2024,421479336,569709,201951,0.45389,51.69066,2,2,3,15:25,-1,E07000070,3,0,1,0,2,"[2, 19]",4,8,0,"[0, 1]",0,1,0,0,1,0,0,8,13
2024421479411,2024,421479411,583203,222530,0.65975,51.87125,1,1,3,14:42,-1,E07000067,3,0,1,0,2,19,"[7, 3]","[3, 7]",0,0,0,1,0,0,1,0,0,8,13
2024421479412,2024,421479412,579245,196663,0.58899,51.6402,1,"[2, 1]",3,15:56,-1,E07000070,3,0,1,0,2,19,"[7, 3]","[3, 7]",0,"[7, 1]",0,1,0,0,1,0,0,8,13
2024421479422,2024,421479422,589153,187334,0.72698,51.55318,2,2,3,17:33,-1,E06000033,3,0,1,0,1,"[7, 19]","[5, 3]",7,0,0,0,1,0,1,0,0,0,8,13
2024421479442,2024,421479442,552964,221639,0.2205,51.87235,2,2,3,21:21,-1,E07000077,6,2,1,0,2,19,"[7, 3]","[3, 7]",0,0,0,1,0,0,1,0,0,8,13
2024421479582,2024,421479582,598230,224005,0.87858,51.87936,3,3,5,11:53,-1,E07000071,4,0,1,0,1,"[9, 19]","[1, 6]",2,0,0,0,1,1,0,0,0,0,7,18
2024421479592,2024,421479592,574239,193289,0.51504,51.61147,3,3,2,19:10,-1,E07000066,3,0,1,0,1,"[4, 3]",7,3,0,0,0,1,0,0,0,0,0,7,29
2024421479609,2024,421479609,597826,222342,0.87177,51.86457,3,3,4,11:00,-1,E07000071,4,0,1,0,1,19,"[6, 4]",2,0,0,0,1,1,0,0,0,0,7,31
2024421479712,2024,421479712,581607,215331,0.63281,51.80712,3,3,4,16:14,-1,E07000067,6,0,1,0,2,"[19, 3]","[3, 4]",7,0,0,0,1,0,1,0,0,0,8,14
2024421479751,2024,421479751,587860,223164,0.72766,51.8754,3,3,4,18:02,-1,E07000071,3,0,1,0,2,"[19, 5]",3,7,0,0,0,1,0,0,0,0,0,8,14
2024421479779,2024,421479779,570891,195878,0.468,51.63575,2,2,4,17:50,-1,E07000070,6,0,1,0,1,19,3,7,0,0,0,0,0,1,0,0,1,8,14
2024421479791,2024,421479791,587875,189327,0.70963,51.5715,2,2,4,14:30,-1,E07000075,6,0,1,0,1,"[7, 2, 19]","[7, 3, 1]","[1, 3, 5]",0,0,0,1,0,1,0,0,0,8,14
2024421479840,2024,421479840,585307,206624,0.68178,51.7277,3,3,5,00:41,-1,E07000074,6,2,1,0,1,"[2, 19]","[0, 5, 4]","[0, 1]","[4, 0]","[0, 1]",0,1,0,0,0,0,0,8,15
2024421479918,2024,421479918,599060,225985,0.89177,51.89685,3,3,5,07:01,-1,E07000071,3,0,1,0,1,"[3, 4]",3,7,0,0,0,1,0,0,0,0,0,8,1
2024421479999,2024,421479999,614300,227862,1.11409,51.90805,3,3,5,10:30,-1,E07000076,3,0,1,0,2,"[9, 19]","[4, 3]","[1, 7]",0,0,0,1,0,0,0,0,0,8,15
2024421480073,2024,421480073,601891,227185,0.93356,51.9066,3,3,5,13:15,-1,E07000071,6,0,1,0,1,"[9, 2, 19]","[6, 0, 8]","[4, 0]",0,"[0, 7]","[0, 11]",1,0,1,0,0,0,8,15
2024421480212,2024,421480212,585119,188289,0.66937,51.56309,2,"[2, 3]",6,22:58,-1,E06000033,3,2,1,0,1,19,3,7,0,0,0,1,0,0,0,0,0,8,9
2024421480214,2024,421480214,565925,193144,0.39502,51.61268,2,"[3, 2]",5,15:16,-1,E07000066,6,0,1,0,2,"[9, 19]","[6, 2]","[4, 6]",0,0,0,1,0,1,0,0,0,8,15
2024421480230,2024,421480230,570519,202389,0.46581,51.69435,2,2,5,19:00,-1,E07000070,4,2,1,0,2,19,1,5,0,0,0,1,0,0,0,0,1,8,15
2024421480271,2024,421480271,601391,227460,0.92646,51.90925,3,3,4,17:09,-1,E07000071,3,0,1,0,1,19,"[3, 1]","[8, 5]",0,0,0,1,0,1,0,0,0,8,14
2024421480302,2024,421480302,574228,202668,0.51956,51.69572,3,3,5,14:45,-1,E07000070,3,0,1,0,2,"[19, 4]",5,1,0,0,0,1,0,0,0,0,0,8,15
2024421480385,2024,421480385,570470,188789,0.45848,51.5722,2,2,6,08:00,-1,E07000066,3,0,1,0,1,19,7,3,0,0,0,1,0,0,0,0,1,8,16
2024421480402,2024,421480402,552382,230102,0.21579,51.94854,3,3,6,11:30,-1,E07000077,1,0,1,0,2,"[19, 4]",5,1,0,0,0,1,0,0,0,0,0,8,16
2024421480582,2024,421480582,596629,223961,0.85533,51.87953,2,"[2, 3]",6,17:14,-1,E07000071,6,0,1,0,1,"[9, 19]","[3, 1]","[1, 4]",0,"[0, 1]",0,1,0,0,0,0,0,8,16
2024421480607,2024,421480607,611773,223332,1.07464,51.86835,3,3,6,17:00,-1,E07000076,3,0,1,0,2,5,6,1,0,0,0,1,0,0,0,0,1,8,16
2024421480614,2024,421480614,577003,188465,0.55249,51.56728,3,3,6,18:20,-1,E07000069,6,0,1,0,1,"[15, 9]","[3, 7]","[7, 5]","[7, 0]",0,0,1,0,1,0,0,0,8,16
2024421480639,2024,421480639,568818,212919,0.44633,51.78945,3,3,6,16:00,-1,E07000070,6,0,1,0,2,"[9, 19]","[5, 6]","[7, 2]",0,0,0,1,0,1,0,0,0,8,16
2024421480656,2024,421480656,564926,202433,0.38498,51.69642,3,3,6,09:50,-1,E07000070,6,2,1,1,2,19,7,4,0,7,0,1,0,0,0,0,0,8,16
2024421480673,2024,421480673,579540,205294,0.59768,51.71763,3,3,3,16:10,-1,E07000070,3,0,1,0,2,"[9, 10]","[1, 4]","[7, 1]",0,0,0,1,0,0,0,0,0,8,13
2024421480762,2024,421480762,599604,225142,0.89918,51.88908,2,2,7,08:35,-1,E07000071,6,0,1,0,1,9,7,5,0,0,0,1,0,0,0,0,1,8,17
2024421480822,2024,421480822,557569,179636,0.26839,51.49371,3,3,7,12:50,-1,E06000034,1,0,1,0,2,19,5,1,0,1,4,1,0,0,0,0,0,8,17
2024421480838,2024,421480838,588021,214694,0.72539,51.79928,2,"[2, 3]",7,13:57,-1,E07000071,4,0,1,0,2,19,"[2, 6]","[6, 2]",0,"[0, 1]",0,1,0,0,0,0,0,8,17
2024421480932,2024,421480932,612675,212822,1.08127,51.77365,3,3,7,23:36,-1,E07000076,6,2,1,0,2,"[2, 20]","[0, 6]","[0, 2]","[0, 4]",0,0,1,0,0,0,0,1,8,17
2024421481037,2024,421481037,550502,197613,0.17437,51.65716,2,2,1,10:51,-1,E07000072,3,0,1,0,2,"[5, 19]","[8, 6]","[6, 2]",0,0,0,1,0,0,0,0,0,8,18
2024421481128,2024,421481128,590240,194526,0.74654,51.6174,1,1,1,09:25,-1,E07000075,6,0,1,0,2,19,3,7,0,0,0,0,1,0,0,0,0,8,18
2024421481182,2024,421481182,620434,229059,1.20389,51.91641,3,3,1,19:45,-1,E07000076,6,2,1,0,2,"[7, 19]","[8, 3]","[3, 7]",0,0,0,1,0,0,0,0,0,8,18
2024421481193,2024,421481193,558019,195491,0.28199,51.63603,2,"[2, 3]",1,21:00,-1,E07000068,3,0,1,0,1,19,"[1, 5]","[5, 1]",0,0,0,1,0,1,0,0,0,8,18
2024421481209,2024,421481209,551425,221268,0.198,51.86944,2,"[2, 3]",2,00:41,-1,E07000077,1,2,1,0,2,19,2,"[6, 5]","[0, 1]",0,0,1,0,0,0,0,0,8,19
2024421481216,2024,421481216,585950,194030,0.68438,51.61438,2,2,2,04:13,-1,E07000075,6,2,1,1,1,19,3,6,0,0,0,1,0,0,0,0,0,8,19
2024421481224,2024,421481224,576238,188312,0.54139,51.56614,2,2,1,10:29,-1,E07000066,3,0,1,0,2,19,3,7,0,0,0,1,0,1,0,0,0,8,11
2024421481362,2024,421481362,576653,222580,0.56473,51.87381,2,2,6,17:53,-1,E07000067,6,0,1,0,1,"[3, 19]","[5, 2]","[3, 5]",0,0,0,1,1,0,0,0,0,8,2
2024421481376,2024,421481376,610974,231930,1.06831,51.94584,3,3,2,11:20,-1,E07000076,4,0,1,0,2,"[9, 19]","[7, 3]","[5, 7]",0,0,0,1,1,0,0,0,0,7,29
2024421481399,2024,421481399,579798,218956,0.60848,51.84026,2,2,2,12:04,-1,E07000067,4,0,1,0,2,"[19, 10]",5,1,0,0,0,1,0,0,0,0,0,8,19
2024421481488,2024,421481488,587069,186009,0.69625,51.54197,3,3,6,17:55,-1,E06000033,3,0,1,0,1,7,5,3,0,0,0,1,0,0,0,0,1,8,2
2024421481527,2024,421481527,552116,233268,0.21333,51.97706,3,3,2,17:45,-1,E07000077,4,0,1,0,2,"[19, 9]","[1, 8]",5,0,0,0,1,0,1,0,0,0,8,19
2024421481534,2024,421481534,573654,239969,0.52999,52.03094,2,2,2,17:17,-1,E07000067,3,0,1,0,2,"[19, 9]",8,"[4, 6]",0,0,0,1,1,0,0,0,0,8,19
2024421481536,2024,421481536,577822,208064,0.57425,51.74306,3,3,2,17:37,-1,E07000070,6,0,1,0,2,"[14, 2]","[5, 0]","[1, 0]","[4, 0]",0,0,1,0,1,0,0,0,8,19
2024421481556,2024,421481556,567143,201742,0.4167,51.68955,3,3,2,16:57,-1,E07000070,6,0,1,0,2,19,"[4, 6]","[8, 2]",0,0,0,1,0,0,0,0,0,8,19
2024421481557,2024,421481557,603602,232323,0.96143,51.95212,3,3,2,15:26,-1,E07000071,3,0,1,0,2,"[19, 4]",2,4,0,0,0,1,0,1,0,0,0,8,19
2024421481625,2024,421481625,581261,213483,0.62684,51.79063,2,2,3,03:14,-1,E07000067,4,2,1,0,1,19,2,6,0,0,0,1,0,0,0,0,1,8,20
2024421481645,2024,421481645,541129,193870,0.03745,51.62596,3,3,2,13:24,-1,E07000072,6,0,1,0,1,"[19, 2]",7,3,"[4, 0]",0,0,1,0,0,0,0,0,8,19
2024421481721,2024,421481721,610454,232020,1.06081,51.94685,3,3,2,08:55,-1,E07000076,6,0,1,0,2,-1,-1,-1,-1,-1,0,1,0,0,0,0,1,8,5
2024421481774,2024,421481774,559519,193883,0.30292,51.62116,2,"[2, 3]",3,11:23,-1,E07000068,6,0,1,0,1,19,7,3,0,0,0,0,0,0,0,0,1,8,20
2024421481786,2024,421481786,567668,202216,0.42451,51.69365,3,3,3,11:20,-1,E07000070,4,0,1,0,2,19,6,2,0,0,0,0,0,1,0,0,0,8,20
2024421481887,2024,421481887,565916,227870,0.41146,51.92463,2,2,1,14:50,-1,E07000077,4,0,1,0,2,19,2,5,0,1,0,1,0,0,0,0,0,8,18
2024421481931,2024,421481931,551593,221411,0.2005,51.87068,2,"[2, 3]",3,15:45,-1,E07000077,3,0,1,0,2,19,3,"[7, 3]",0,0,0,1,0,0,1,0,0,8,20
2024421481968,2024,421481968,617601,216659,1.15496,51.8062,3,3,3,15:30,-1,E07000076,4,0,1,0,1,9,4,1,0,0,0,1,0,0,0,0,1,8,20
2024421481973,2024,421481973,593743,185995,0.79237,51.5396,2,2,5,15:41,-1,E06000033,6,0,1,0,1,19,5,8,0,7,10,1,0,0,0,0,0,8,8
2024421481980,2024,421481980,547224,209758,0.13214,51.76715,3,3,3,19:25,-1,E07000073,6,0,1,0,1,"[19, 5]","[1, 3]","[5, 1]","[7, 0]","[7, 0]",0,1,0,0,0,0,0,8,20
2024421482089,2024,421482089,571274,207188,0.47908,51.73723,3,3,4,11:00,-1,E07000070,6,0,1,0,1,19,1,5,0,0,0,1,0,0,0,0,1,7,31
2024421482142,2024,421482142,542735,199402,0.06289,51.67526,3,3,4,09:00,-1,E07000072,4,0,1,0,2,"[19, 3]",1,5,0,0,0,1,0,1,0,0,0,8,21
2024421482159,2024,421482159,563888,179905,0.35946,51.49434,3,3,4,18:10,-1,E06000034,6,0,1,0,1,"[4, 19]",4,8,0,0,0,1,0,0,0,0,0,7,31
2024421482200,2024,421482200,572642,202380,0.49649,51.69362,3,3,4,16:45,-1,E07000070,3,0,1,0,2,"[4, 19]",2,6,0,0,0,1,0,0,0,0,0,7,31
2024421482202,2024,421482202,599961,224803,0.90416,51.88591,3,3,7,14:05,-1,E07000071,3,0,1,0,1,-1,-1,-1,-1,-1,0,1,0,0,0,0,0,8,3
2024421482355,2024,421482355,581979,215580,0.63833,51.80923,3,3,4,14:55,-1,E07000067,4,0,1,0,1,"[9, 19]",1,"[6, 5]",0,0,0,1,0,0,0,0,0,8,21
2024421482439,2024,421482439,567168,201715,0.41705,51.6893,3,3,4,21:40,-1,E07000070,6,2,1,0,2,"[2, 19]","[5, 7]","[5, 8]",4,0,0,1,0,0,0,0,0,8,21
2024421482480,2024,421482480,543972,208888,0.08469,51.76018,3,3,7,18:20,-1,E07000073,6,0,1,0,1,"[5, 19]","[5, 1]","[1, 7]",0,0,0,1,1,0,0,0,0,8,3
2024421482484,2024,421482484,600378,221890,0.90852,51.85961,3,3,2,18:30,-1,E07000071,4,0,1,0,1,"[19, 5]","[4, 6]",8,0,0,0,1,0,0,0,0,0,7,29
2024421482486,2024,421482486,623638,220490,1.24485,51.83821,2,2,4,12:00,-1,E07000076,6,0,1,0,1,19,5,1,0,0,0,0,0,0,0,1,1,7,31
2024421482581,2024,421482581,549307,210661,0.16269,51.77471,2,2,6,11:00,-1,E07000072,1,0,1,0,2,19,1,6,0,1,0,1,0,0,0,0,0,11,1
2024421482621,2024,421482621,540937,194108,0.03478,51.62814,2,2,5,09:00,-1,E07000072,6,0,1,0,1,-1,-1,-1,-1,-1,0,1,0,0,0,0,1,8,22
2024421482752,2024,421482752,586535,186310,0.68872,51.54485,3,3,5,15:30,-1,E06000033,6,0,1,0,1,19,"[7, 4]","[3, 7]",0,0,0,1,1,0,0,0,0,8,22
2024421482830,2024,421482830,559248,181109,0.29322,51.50648,2,2,5,20:14,-1,E06000034,4,2,1,0,1,19,5,1,0,0,0,1,0,0,0,0,1,8,22
2024421482832,2024,421482832,601089,220317,0.91792,51.84523,2,2,5,20:09,-1,E07000071,4,0,1,1,2,"[5, 19]","[3, 1]","[1, 5]",0,"[1, 0]",0,1,0,0,0,0,0,8,22
2024421482851,2024,421482851,545777,210840,0.11164,51.77725,3,3,3,17:10,-1,E07000073,6,0,1,0,1,4,1,5,0,0,0,1,0,1,0,0,0,6,11
2024421482855,2024,421482855,551426,233395,0.20335,51.97839,3,3,6,04:20,-1,E07000077,1,2,1,0,2,19,1,5,0,0,0,1,0,0,1,0,0,8,23
2024421482861,2024,421482861,579879,198055,0.59886,51.6525,3,3,6,15:18,-1,E07000070,4,0,1,0,2,19,3,7,0,0,0,1,0,0,0,0,0,8,2
2024421482865,2024,421482865,556896,180207,0.25896,51.49903,3,3,6,04:00,-1,E06000034,6,2,4,0,2,"[2, 19]","[0, 3]","[0, 7]","[0, 4]","[0, 2]","[0, 11]",1,0,0,0,0,0,8,23
2024421482935,2024,421482935,616294,218060,1.1369,51.81929,3,3,1,03:35,-1,E07000076,3,2,1,0,2,19,7,5,9,3,0,1,0,0,0,0,0,8,18
2024421483055,2024,421483055,580138,188211,0.59754,51.564,3,3,4,12:30,-1,E07000069,3,0,1,0,1,"[5, 19]","[2, 4]",8,0,0,0,1,0,1,0,0,0,8,14
2024421483113,2024,421483113,580238,212419,0.61147,51.7814,3,3,6,12:31,-1,E07000067,3,0,1,0,2,"[19, 4]",6,2,0,0,0,1,0,0,0,0,0,8,23
2024421483239,2024,421483239,570645,188825,0.46102,51.57247,2,2,7,00:45,-1,E07000066,3,2,1,0,1,19,3,7,10,3,9,1,0,0,0,0,0,8,24
2024421483243,2024,421483243,549069,211726,0.1597,51.78434,3,3,6,19:40,-1,E07000073,6,2,1,0,2,19,"[4, 8]","[8, 4]",0,0,0,1,0,0,0,0,0,8,23
2024421483363,2024,421483363,547605,207007,0.13649,51.74233,3,3,7,05:45,-1,E07000072,1,0,1,0,2,"[19, 4]",5,1,0,0,0,1,0,0,0,0,0,8,24
2024421483417,2024,421483417,577889,221963,0.58235,51.86788,3,3,7,11:37,-1,E07000067,3,0,2,1,2,"[12, 15]",1,5,0,0,0,1,0,0,0,0,0,8,24
2024421483459,2024,421483459,615942,216348,1.13074,51.80405,3,3,7,14:25,-1,E07000076,4,0,2,1,1,"[3, 4]",3,7,0,0,0,1,0,0,0,0,0,8,24
2024421483462,2024,421483462,623701,219832,1.24534,51.83228,3,3,7,13:00,-1,E07000076,4,0,2,1,1,"[2, 1]","[0, 5]","[0, 1]",0,0,0,1,0,0,0,0,1,8,24
2024421483494,2024,421483494,581300,191628,0.61605,51.59432,3,3,7,13:57,-1,E07000075,4,0,2,1,1,19,7,3,0,1,2,1,0,0,0,0,0,8,24
2024421483520,2024,421483520,564963,179558,0.37477,51.49091,3,3,7,17:50,-1,E06000034,6,0,1,1,1,"[8, 19]","[5, 2]",7,0,0,0,1,0,0,1,0,0,8,24
2024421483542,2024,421483542,570824,189951,0.46415,51.58253,3,3,7,16:55,-1,E07000066,3,0,2,1,1,7,1,3,0,0,0,0,0,1,0,0,0,8,24
2024421483575,2024,421483575,551187,224967,0.19617,51.90274,3,3,1,00:34,-1,E07000077,4,2,1,1,2,"[2, 19]","[7, 4]",7,"[0, 4]",0,0,1,0,0,0,0,0,8,25
2024421483678,2024,421483678,581177,190721,0.61381,51.58621,2,2,1,10:29,-1,E07000075,6,0,1,0,1,"[1, 2, 19]","[6, 0, 2]","[7, 0, 6]",0,0,0,1,0,1,0,0,0,8,25
2024421483681,2024,421483681,556166,200600,0.25752,51.68245,2,2,7,16:00,-1,E07000068,3,0,2,1,2,19,8,4,0,0,0,0,0,1,0,0,0,8,24
2024421483682,2024,421483682,570216,205414,0.4629,51.72162,2,"[2, 3]",1,12:20,-1,E07000070,3,0,1,0,1,"[13, 19]",3,7,0,0,0,1,0,1,0,0,0,8,25
2024421483684,2024,421483684,544976,196259,0.09398,51.64644,3,3,1,13:24,-1,E07000072,1,0,1,0,2,"[4, 19]",5,1,0,0,0,1,0,0,0,0,0,8,25
2024421483685,2024,421483685,589009,185291,0.72381,51.53488,3,3,1,11:55,-1,E06000033,3,0,1,0,1,5,3,"[5, 7]",0,0,0,1,0,1,0,0,0,8,25
2024421483845,2024,421483845,557874,194555,0.27948,51.62767,2,2,2,06:15,-1,E07000068,6,0,1,0,2,19,5,1,0,7,4,1,0,0,0,0,0,8,26
2024421483884,2024,421483884,579208,198646,0.58947,51.65803,2,2,2,10:08,-1,E07000070,6,0,1,0,2,"[9, 13]",5,"[3, 1]",0,"[1, 0]",0,1,0,1,0,0,0,8,26
2024421484046,2024,421484046,598803,225930,0.88801,51.89645,3,3,4,15:00,-1,E07000071,3,0,1,0,2,4,6,2,0,0,0,1,0,0,0,0,0,8,7
2024421484092,2024,421484092,584195,188008,0.6559,51.56087,3,3,1,13:20,-1,E06000033,6,0,1,0,1,"[19, 9]",1,5,0,0,0,1,0,1,0,0,0,8,11
2024421484114,2024,421484114,546903,208555,0.12698,51.75642,2,2,6,17:15,-1,E07000073,3,0,1,0,2,5,6,2,0,0,0,1,0,0,0,0,0,8,9
2024421484194,2024,421484194,547518,203353,0.13369,51.70952,1,"[2, 1]",3,09:38,-1,E07000072,4,0,1,0,2,"[9, 19]",6,2,0,"[0, 1]","[0, 5]",1,0,0,0,0,0,8,27
2024421484266,2024,421484266,545067,210440,0.10119,51.77384,3,3,3,13:50,-1,E07000073,6,0,1,0,1,"[9, 19]","[7, 3]","[4, 7]",0,0,0,1,0,1,0,0,0,8,27
2024421484474,2024,421484474,538532,201119,0.00283,51.69174,1,1,3,21:45,-1,E07000072,4,2,1,0,1,9,1,6,10,1,0,0,0,1,0,0,0,8,27
2024421484503,2024,421484503,551591,221597,0.20055,51.87235,3,3,4,22:42,-1,E07000077,1,2,1,0,2,"[3, 1]",1,5,0,0,0,1,0,0,0,0,0,8,21
2024421484541,2024,421484541,589520,185367,0.73121,51.53539,2,"[2, 3]",4,10:03,-1,E06000033,6,0,1,0,1,"[5, 19]","[5, 7]","[1, 3]",0,0,0,1,0,1,0,0,0,8,28
2024421484551,2024,421484551,589625,187257,0.73374,51.55233,2,2,1,19:18,-1,E06000033,6,0,9,0,1,"[5, 19]",3,7,0,0,0,1,1,0,0,0,0,8,4
2024421484769,2024,421484769,577840,186381,0.5635,51.54829,3,3,4,18:10,-1,E07000069,4,0,1,0,1,"[9, 4, 19]",1,5,0,0,0,1,0,0,0,0,0,8,28
2024421484785,2024,421484785,544887,198996,0.09383,51.67106,3,3,3,22:15,-1,E07000072,6,2,1,0,2,19,3,7,0,0,0,0,1,0,0,0,1,8,6
2024421484788,2024,421484788,601014,226232,0.92027,51.89836,3,3,4,18:05,-1,E07000071,3,0,1,0,1,"[13, 6]",1,5,0,0,0,1,0,1,0,0,0,8,7
2024421484796,2024,421484796,568318,190377,0.42822,51.58711,3,3,4,22:52,-1,E07000066,6,2,1,0,1,19,"[3, 5]","[7, 1]",0,"[1, 0]",0,1,1,0,0,0,0,8,7
2024421484802,2024,421484802,561590,178791,0.32588,51.48499,3,3,6,17:40,-1,E06000034,6,0,1,0,1,19,7,3,0,0,0,1,0,0,0,0,0,8,9
2024421484848,2024,421484848,574305,209650,0.52416,51.75841,3,3,5,03:00,-1,E07000070,3,2,1,0,2,19,2,6,0,8,0,1,0,0,0,0,0,8,29
2024421484852,2024,421484852,623986,230570,1.25643,51.92855,2,"[2, 3]",4,23:00,-1,E07000076,6,2,1,0,1,"[19, 2]","[5, 8]","[8, 4, 1]","[4, 0]","[7, 0]","[11, 0]",1,0,0,0,0,0,8,28
2024421485013,2024,421485013,564849,209337,0.38713,51.75846,3,3,5,11:23,-1,E07000070,3,0,1,0,2,"[19, 7]","[3, 4]","[7, 4]",0,0,0,1,0,1,0,0,0,8,29
2024421485053,2024,421485053,577736,186353,0.56199,51.54807,3,3,5,12:10,-1,E07000069,6,0,1,0,1,"[19, 5]","[3, 1]","[7, 5]",0,0,0,1,0,0,0,0,0,8,29
2024421485057,2024,421485057,575912,210361,0.54778,51.76429,3,3,4,17:50,-1,E07000070,4,0,1,0,2,"[19, 9]","[2, 4]","[6, 3]",0,0,0,1,0,0,0,0,0,8,28
2024421485074,2024,421485074,541171,194796,0.03843,51.63427,3,3,5,13:20,-1,E07000072,3,0,1,0,2,13,"[1, -1]","[5, -1]","[0, -1]","[0, -1]",0,1,0,1,0,0,0,8,29
2024421485134,2024,421485134,559209,192377,0.29776,51.60772,3,3,5,16:30,-1,E07000068,4,0,1,0,1,19,1,5,0,0,0,1,0,0,0,0,1,8,29
2024421485195,2024,421485195,574776,223041,0.53773,51.87854,2,2,5,16:54,-1,E07000067,4,0,1,0,1,"[9, 19]","[3, 7]","[8, 3]",0,"[0, 1]",0,1,0,1,0,0,0,8,29
2024421485217,2024,421485217,601415,223474,0.92448,51.87346,3,3,4,15:28,-1,E07000071,6,0,1,0,1,"[5, 9]","[1, 5]","[5, 3]",0,0,0,1,1,0,0,0,0,8,28
2024421485223,2024,421485223,556202,223630,0.2684,51.88934,3,3,5,20:02,-1,E07000077,6,0,1,0,2,19,"[1, 6]","[6, 1]",0,0,0,1,0,0,0,0,0,8,29
2024421485226,2024,421485226,583242,186273,0.64127,51.5456,3,3,5,22:08,-1,E06000033,6,0,1,0,1,19,7,3,0,0,0,1,0,1,0,0,0,8,29
2024421485274,2024,421485274,587840,185817,0.70726,51.53999,3,3,6,17:23,-1,E06000033,6,0,1,0,1,19,5,1,0,0,0,1,0,0,0,0,1,8,16
2024421485312,2024,421485312,559779,177900,0.29941,51.4775,2,2,6,09:30,-1,E06000034,3,0,1,0,1,19,7,3,0,0,0,1,0,0,0,0,1,8,30
2024421485388,2024,421485388,551668,215401,0.19896,51.81666,2,2,6,11:05,-1,E07000077,3,0,1,0,2,"[19, 9]","[8, 6]","[4, 2]",0,0,0,1,0,1,0,0,0,8,30
2024421485430,2024,421485430,617397,215691,1.1514,51.79759,3,3,5,12:28,-1,E07000076,3,0,1,0,1,"[19, 4, 10]",3,7,0,0,0,1,0,0,0,0,0,8,29
2024421485480,2024,421485480,544151,196123,0.08201,51.64543,3,3,5,15:37,-1,E07000072,3,0,1,0,1,19,0,0,0,0,0,1,0,0,0,0,1,8,29
2024421485529,2024,421485529,584984,217404,0.68285,51.82463,2,"[3, 2]",6,16:16,-1,E07000067,3,0,1,0,2,"[4, 19]",7,3,0,4,"[0, 6]",1,0,0,0,0,0,8,30
2024421485545,2024,421485545,585859,223325,0.69871,51.87751,3,3,6,18:40,-1,E07000067,3,0,1,0,2,"[19, 7]",8,"[4, 2]",0,"[7, 0]",0,1,0,0,0,0,0,8,30
2024421485588,2024,421485588,586509,186306,0.68835,51.54482,3,3,6,17:15,-1,E06000033,3,0,1,0,1,"[9, 19, 3]","[6, 3]","[3, 8]",0,0,0,1,0,1,0,0,0,8,30
2024421485616,2024,421485616,571647,210703,0.48621,51.76869,3,3,6,22:15,-1,E07000070,3,2,1,0,2,19,"[4, 5]",1,0,0,0,1,0,0,0,0,0,8,30
2024421485635,2024,421485635,599909,224685,0.90334,51.88487,3,3,2,23:40,-1,E07000071,4,2,1,0,1,19,5,1,0,0,0,1,0,0,0,0,0,8,26
2024421485676,2024,421485676,593633,202987,0.80017,51.69223,3,3,3,01:44,-1,E07000074,6,2,1,0,2,"[2, 19]","[0, 7]","[0, 3]","[0, 4]","[1, 0]",0,1,0,0,0,0,0,8,27
2024421485689,2024,421485689,584681,238584,0.68981,52.01494,2,2,7,10:09,-1,E07000067,3,0,1,0,2,19,5,1,0,0,0,0,0,1,0,0,0,8,31
2024421485703,2024,421485703,561943,177740,0.33048,51.47545,2,"[3, 2]",7,08:45,-1,E06000034,6,0,1,0,1,"[2, 19]","[5, 1]","[1, 5]",0,0,0,1,0,0,0,0,0,8,31
2024421485710,2024,421485710,544938,199179,0.09464,51.67269,3,3,7,10:02,-1,E07000072,4,0,1,1,2,"[5, 19]","[5, 7]","[1, 3]",0,0,0,1,1,0,0,0,0,8,31
2024421485752,2024,421485752,617297,215672,1.14994,51.79746,2,2,7,11:48,-1,E07000076,6,0,1,0,1,7,1,2,0,0,0,1,0,0,0,0,0,8,31
2024421485773,2024,421485773,586335,185885,0.68562,51.5411,3,3,2,20:09,-1,E06000033,6,2,1,0,1,19,"[6, 4]","[1, 8]",0,0,0,1,0,0,0,0,0,8,26