collision_index,collision_year,collision_ref_no,location_easting_osgr,location_northing_osgr,longitude,latitude,casualty_severity,casualty_severity,day_of_week,time,local_authority_district,local_authority_ons_district,first_road_class,light_conditions,weather_conditions,road_surface_conditions,urban_or_rural_area,vehicle_manoeuvre,vehicle_direction_from,vehicle_direction_to,hit_object_in_carriageway,vehicle_leaving_carriageway,hit_object_off_carriageway,is_car,is_cyle,is_mcyle,is_goodsv,is_other,is_pedestrian,month,day
2024421493884,2024,421493884,581981,222823,0.64217,51.87428,3,3,6,10:09,-1,E07000067,6,0,1,0,2,"[3, 19]",3,7,0,0,0,1,0,0,0,0,0,9,20
2024421493978,2024,421493978,568822,226165,0.45285,51.90844,3,3,6,16:01,-1,E07000067,6,0,1,0,2,19,5,1,0,1,4,1,0,0,0,0,0,9,20
2024421493997,2024,421493997,581118,191351,0.61329,51.59189,2,2,6,15:15,-1,E07000075,4,0,1,0,1,19,1,5,0,0,0,1,0,0,0,0,1,9,20
2024421494009,2024,421494009,565974,208263,0.40291,51.74848,1,"[1, 3, 2]",6,13:27,-1,E07000070,3,0,1,0,2,"[9, 19]","[5, 4]","[1, 8]",0,0,0,1,0,0,1,0,0,9,20
2024421494057,2024,421494057,557594,178916,0.26843,51.48724,3,3,6,14:44,-1,E06000034,3,0,1,0,2,19,2,5,0,0,0,1,0,0,0,0,0,9,20
2024421494115,2024,421494115,556273,206766,0.26183,51.73782,3,3,6,23:23,-1,E07000072,6,2,1,0,2,19,3,7,0,0,0,1,0,0,0,0,0,9,20
2024421494121,2024,421494121,559839,193994,0.30758,51.62207,3,3,6,13:17,-1,E07000068,3,0,1,0,1,"[3, 4]",2,6,0,0,0,1,0,0,0,0,1,9,20
2024421494166,2024,421494166,580317,187453,0.59974,51.55714,3,3,6,15:52,-1,E07000069,4,0,1,0,1,7,3,5,0,0,0,1,0,0,0,0,1,9,20
2024421494179,2024,421494179,575789,193007,0.53727,51.60845,3,3,7,08:33,-1,E07000066,6,0,8,0,1,9,4,7,0,1,0,1,0,0,0,0,0,9,21
2024421494204,2024,421494204,594875,198687,0.81572,51.65319,2,2,7,11:59,-1,E07000074,4,0,1,0,2,19,3,6,0,0,0,0,0,1,0,0,0,9,21
2024421494283,2024,421494283,548270,202598,0.14424,51.70254,3,3,6,21:20,-1,E07000072,1,2,1,0,2,"[19, 4]",1,"[6, 5]",0,"[0, 1]",0,1,0,0,0,0,0,9,20
2024421494375,2024,421494375,565651,239746,0.41334,52.03138,3,3,1,00:15,-1,E07000077,4,2,1,0,2,19,3,7,0,0,0,1,0,0,0,0,0,9,22
2024421494406,2024,421494406,612876,216154,1.08622,51.80348,3,3,1,02:11,-1,E07000076,4,2,1,0,2,19,2,8,0,0,0,1,0,0,0,0,0,9,22
2024421494524,2024,421494524,592506,224225,0.79565,51.88334,3,3,1,12:40,-1,E07000071,3,0,1,0,2,19,2,6,0,"[5, 0]","[6, 0]",1,0,0,0,0,0,9,22
2024421494785,2024,421494785,578883,201827,0.58641,51.6867,3,3,3,14:21,-1,E07000070,4,0,1,0,2,19,"[5, 1]","[1, 5]",0,0,0,1,0,0,1,0,0,9,3
2024421494791,2024,421494791,553976,204202,0.22745,51.71542,1,"[2, 1]",2,09:10,-1,E07000072,3,0,2,1,2,19,"[5, 8]","[8, 5]",0,0,0,1,0,0,0,0,0,9,23
2024421494798,2024,421494798,560415,191533,0.31477,51.5998,2,2,2,08:25,-1,E07000068,6,0,2,1,2,7,3,7,0,1,0,1,0,0,0,0,0,9,23
2024421494823,2024,421494823,538578,200405,0.00321,51.68531,3,3,3,13:27,-1,E07000072,6,0,1,0,1,-1,-1,-1,-1,-1,0,1,0,0,0,0,1,8,27
2024421494835,2024,421494835,601235,226747,0.92378,51.90291,3,3,2,11:24,-1,E07000071,3,0,1,0,1,"[19, 10, 3]","[5, 1]","[1, 3]",0,0,0,1,0,0,0,0,0,9,23
2024421494873,2024,421494873,615386,213915,1.12118,51.78242,2,2,2,13:05,-1,E07000076,6,0,1,1,2,19,3,7,0,0,0,1,0,0,0,0,0,9,23
2024421494874,2024,421494874,569521,208553,0.45438,51.75002,3,3,6,11:30,-1,E07000070,6,0,1,0,1,"[9, 19]","[7, 5]","[5, 1]",0,7,0,1,0,0,0,0,0,9,20
2024421494984,2024,421494984,574306,191966,0.51535,51.59956,3,3,5,18:20,-1,E07000066,3,0,1,0,2,5,7,3,0,0,0,1,0,0,0,0,1,9,12
2024421494995,2024,421494995,563688,222003,0.37631,51.87258,3,3,1,09:44,-1,E07000077,6,0,1,0,2,"[19, 9]","[6, 2]","[2, 8]",0,0,0,1,0,0,0,0,0,9,22
2024421495044,2024,421495044,564088,205304,0.37422,51.72245,3,3,3,01:05,-1,E07000070,3,2,1,1,2,19,3,7,0,7,2,1,0,0,0,0,0,9,24
2024421495052,2024,421495052,573964,203541,0.51617,51.70364,3,3,2,23:18,-1,E07000070,3,2,1,0,2,9,7,3,0,1,0,0,0,0,1,0,0,9,23
2024421495077,2024,421495077,555871,223690,0.26362,51.88997,3,3,7,15:26,-1,E07000077,6,0,1,0,2,12,6,2,0,0,0,1,0,0,0,0,1,9,14
2024421495085,2024,421495085,590350,186179,0.7436,51.5424,3,3,7,12:00,-1,E06000033,3,0,1,0,1,19,7,3,0,0,0,1,0,0,0,0,0,9,21
2024421495105,2024,421495105,570364,211162,0.46786,51.7732,3,3,6,13:10,-1,E07000070,6,0,1,0,1,-1,-1,-1,-1,-1,0,1,0,1,0,0,0,8,30
2024421495220,2024,421495220,570050,188599,0.45234,51.57062,3,3,4,11:00,-1,E07000066,3,0,1,0,1,"[7, 19]","[-1, 2]",-1,0,0,0,1,0,0,0,0,0,9,4
2024421495252,2024,421495252,617125,216426,1.14792,51.80429,3,3,4,09:02,-1,E07000076,3,0,1,0,1,"[19, 5]","[5, 3]","[1, 7]",0,0,0,1,0,0,0,0,0,9,11
2024421495276,2024,421495276,555678,242755,0.26946,52.0613,2,2,4,17:10,-1,E07000077,4,0,1,0,2,19,5,1,0,"[0, 1]",0,1,1,0,0,0,0,9,11
2024421495291,2024,421495291,577245,223437,0.57376,51.88132,3,3,4,15:30,-1,E07000067,6,0,8,1,1,-1,-1,-1,-1,-1,0,1,0,0,0,0,1,9,11
2024421495314,2024,421495314,561415,178013,0.323,51.47805,3,3,6,08:45,-1,E06000034,6,0,1,0,1,19,1,5,0,0,0,0,0,0,0,0,1,9,13
2024421495323,2024,421495323,580366,198120,0.60592,51.65293,3,3,5,07:30,-1,E07000070,4,0,1,0,1,"[3, 19]",7,3,0,0,0,1,0,0,0,0,0,9,12
2024421495334,2024,421495334,616771,214101,1.14134,51.78356,3,3,4,16:30,-1,E07000076,6,0,9,-1,1,-1,-1,-1,-1,-1,0,1,1,0,0,0,0,9,11
2024421495396,2024,421495396,620743,216444,1.20032,51.80304,3,3,3,08:00,-1,E07000076,6,0,1,0,2,7,8,2,0,0,0,1,0,0,0,0,1,9,10
2024421495443,2024,421495443,568011,194925,0.42597,51.62806,3,3,2,15:00,-1,E07000066,6,0,1,0,1,19,"[1, 5]","[5, 1]",0,0,0,1,0,0,0,0,0,9,23
2024421495477,2024,421495477,600521,221661,0.91046,51.8575,1,1,7,21:17,-1,E07000071,4,2,1,0,1,19,8,4,0,0,0,1,0,0,0,0,1,9,21
2024421495498,2024,421495498,588116,189596,0.71325,51.57384,3,3,3,15:42,-1,E07000075,6,0,1,0,1,"[19, 3]","[7, 3]","[3, 7]",0,0,0,1,0,0,0,0,0,9,24
2024421495537,2024,421495537,594045,185051,0.7962,51.53101,3,3,3,23:00,-1,E06000033,6,0,1,0,1,"[2, 19]","[7, 5, 6]","[7, 2]","[0, 10]",0,0,1,1,0,0,0,0,9,24
2024421495562,2024,421495562,543721,197296,0.07628,51.65608,3,3,6,17:30,-1,E07000072,6,0,1,0,1,19,1,5,0,0,0,0,0,1,0,0,1,9,20
2024421495570,2024,421495570,616609,218688,1.14186,51.8248,3,3,3,15:30,-1,E07000076,4,0,1,0,2,4,1,5,0,0,0,0,0,0,1,0,0,9,24
2024421495571,2024,421495571,561453,195073,0.33138,51.6313,3,3,5,15:25,-1,E07000068,6,0,1,0,1,"[5, 19]","[-1, 2]","[-1, 6]",0,0,0,1,1,0,0,0,0,9,5
2024421495572,2024,421495572,576698,193152,0.55045,51.60947,3,3,6,21:30,-1,E07000066,3,2,1,0,1,"[9, 3]",7,3,"[10, 0]",0,0,1,0,0,0,0,0,9,13
2024421495607,2024,421495607,569362,205500,0.45059,51.72265,3,3,6,09:52,-1,E07000070,3,0,1,0,1,"[5, 3]",1,5,0,0,0,1,0,0,0,0,0,9,13
2024421495746,2024,421495746,571385,190046,0.47228,51.58321,2,2,4,10:35,-1,E07000066,3,0,8,1,2,19,3,7,0,0,0,1,0,0,0,0,0,9,25
2024421495781,2024,421495781,544430,211065,0.09222,51.77962,3,3,2,01:55,-1,E07000073,3,2,1,0,2,5,-1,-1,0,0,0,1,0,0,0,0,0,9,2
2024421495856,2024,421495856,619391,218763,1.18221,51.82439,3,3,1,16:10,-1,E07000076,6,0,1,0,2,"[19, 9]",1,"[5, 7]",0,0,0,1,1,0,0,0,0,9,15
2024421495957,2024,421495957,599439,226713,0.89769,51.90325,3,3,4,20:43,-1,E07000071,6,2,2,1,1,"[9, 19]","[5, 1]","[3, 5]",0,0,0,1,0,0,0,0,0,9,25
2024421495970,2024,421495970,615191,215089,1.11908,51.79304,2,2,4,17:17,-1,E07000076,6,0,1,0,2,19,5,1,8,0,0,0,0,1,0,0,1,9,25
2024421496227,2024,421496227,542782,209369,0.06765,51.7648,3,3,4,16:45,-1,E07000073,3,0,1,0,1,19,"[5, 1]","[1, 5]",0,0,0,1,0,0,0,0,0,8,28
2024421496447,2024,421496447,586911,186116,0.69404,51.54298,2,2,5,19:42,-1,E06000033,6,2,2,1,1,"[19, 9]","[4, 8]","[8, 5]",0,0,0,1,1,0,0,0,0,9,26
2024421496507,2024,421496507,561867,178983,0.32995,51.48663,3,3,2,15:09,-1,E06000034,6,0,1,0,1,"[1, 2]",5,1,0,0,0,1,0,0,0,0,0,9,9
2024421496510,2024,421496510,575691,211738,0.54528,51.77673,3,3,7,00:50,-1,E07000070,6,2,9,0,2,19,8,4,0,0,0,1,1,0,0,0,0,9,21
2024421496516,2024,421496516,572499,187516,0.48711,51.56015,3,3,6,07:40,-1,E07000066,4,0,1,0,1,19,8,4,0,0,0,1,0,0,0,0,0,9,20
2024421496612,2024,421496612,567413,186320,0.41324,51.55093,3,3,7,16:38,-1,E06000034,6,0,1,0,2,19,3,7,0,0,0,1,0,0,0,0,1,8,31
2024421496662,2024,421496662,588281,186019,0.71372,51.54166,2,2,4,17:10,-1,E06000033,6,0,2,1,1,7,1,3,0,0,0,1,0,0,0,0,1,9,11
2024421496724,2024,421496724,570861,206795,0.47291,51.73382,3,3,6,13:40,-1,E07000070,6,0,1,0,1,20,4,8,0,0,0,1,0,0,0,0,1,9,27
2024421496758,2024,421496758,617436,214395,1.15115,51.78594,3,3,6,14:29,-1,E07000076,6,0,2,1,1,"[19, 4]","[6, 7]",6,0,0,0,1,0,0,0,0,0,9,27
2024421496804,2024,421496804,561422,195654,0.3312,51.63653,3,3,6,08:47,-1,E07000068,6,0,1,1,1,19,"[6, 7]","[7, 3]",0,0,0,1,1,0,0,0,0,9,27
2024421496807,2024,421496807,568722,183065,0.43054,51.5213,3,3,6,17:25,-1,E06000034,3,0,1,1,1,19,"[7, 2]","[3, 6]",0,0,0,1,0,0,0,0,0,9,27
2024421496857,2024,421496857,600635,224413,0.91371,51.88217,2,2,6,19:44,-1,E07000071,6,2,1,0,1,"[2, 19]","[0, 5]","[0, 1]","[0, 4]",0,0,1,1,0,0,0,0,9,27
2024421496903,2024,421496903,554893,196376,0.23725,51.64485,2,"[2, 3]",6,19:00,-1,E07000068,6,2,1,1,2,"[19, 7]","[2, 5]",6,0,"[7, 3]",0,1,0,0,0,0,0,9,27
2024421497056,2024,421497056,577503,220190,0.57584,51.85208,2,2,7,10:04,-1,E07000067,6,0,1,0,2,19,"[8, 3]","[4, 8]",0,0,0,1,1,0,0,0,0,9,28
2024421497071,2024,421497071,567351,194421,0.4162,51.62372,2,2,7,11:45,-1,E07000066,4,0,1,0,1,5,8,5,0,0,0,1,0,0,0,0,1,9,28
2024421497096,2024,421497096,587437,188728,0.703,51.56627,3,3,7,12:30,-1,E06000033,6,0,8,0,2,"[4, 19]",2,6,"[0, 4]",0,0,1,0,0,0,0,0,9,28
2024421497112,2024,421497112,572265,188754,0.48434,51.57134,2,2,7,14:08,-1,E07000066,6,0,1,0,1,3,3,7,0,0,0,1,0,0,0,0,1,9,28
2024421497115,2024,421497115,584396,215774,0.67346,51.81018,2,2,7,14:07,-1,E07000074,6,0,1,0,2,19,5,1,0,1,0,0,0,1,0,0,0,9,28
2024421497155,2024,421497155,545283,210596,0.10438,51.77518,3,3,7,18:03,-1,E07000073,6,0,1,0,1,3,6,2,0,0,0,1,0,1,0,0,0,9,28
2024421497172,2024,421497172,589304,184911,0.72786,51.53136,2,2,7,20:00,-1,E06000033,4,2,1,0,1,19,7,3,0,0,0,1,0,0,0,0,1,9,28
2024421497187,2024,421497187,569582,189847,0.44619,51.58197,3,3,7,17:02,-1,E07000066,6,0,1,0,1,9,5,3,0,0,0,1,0,0,0,0,1,9,28
2024421497193,2024,421497193,566947,201631,0.41381,51.68861,2,2,7,18:00,-1,E07000070,4,0,1,0,2,19,"[6, 2]","[2, 6]",0,"[7, 0]",0,1,0,0,1,0,0,9,28
2024421497368,2024,421497368,611812,223302,1.07518,51.86806,2,2,1,12:45,-1,E07000076,3,0,1,0,2,"[19, 9]","[8, 2]","[4, 8]",0,0,0,1,0,1,0,0,0,9,29
2024421497383,2024,421497383,588620,185447,0.71829,51.53641,3,3,7,12:05,-1,E06000033,3,0,1,0,1,19,5,1,0,0,0,1,0,0,0,0,1,9,28
2024421497535,2024,421497535,617287,214885,1.1493,51.7904,3,3,1,10:48,-1,E07000076,6,0,1,0,1,"[19, 5]","[3, 0]",7,0,0,0,1,0,1,0,0,0,9,29
2024421497597,2024,421497597,546129,202294,0.11315,51.70037,3,3,6,15:00,-1,E07000072,4,0,9,0,1,"[19, 2]","[5, 0]","[1, 0]",0,0,0,1,0,0,0,0,1,9,13
2024421497629,2024,421497629,572792,189004,0.49206,51.57342,3,3,5,18:49,-1,E07000066,3,0,9,0,1,-1,-1,-1,-1,-1,0,1,0,0,0,0,0,9,26
2024421497686,2024,421497686,588080,186029,0.71083,51.54181,3,3,2,11:19,-1,E06000033,3,0,2,1,1,"[9, 19]","[1, 5]",3,0,0,0,1,1,0,0,0,0,9,30
2024421497704,2024,421497704,593985,185560,0.79561,51.53561,3,3,6,16:20,-1,E06000033,6,0,9,0,1,-1,-1,-1,-1,-1,0,1,0,0,0,0,0,9,27
2024421497729,2024,421497729,566868,195917,0.40994,51.63731,3,3,3,19:09,-1,E07000066,6,2,9,0,1,19,7,3,0,0,0,0,0,1,0,0,0,9,17
2024421497764,2024,421497764,581551,214199,0.63141,51.79697,3,3,6,08:10,-1,E07000067,6,0,9,0,1,-1,-1,-1,-1,-1,0,1,0,0,0,0,1,9,27
2024421497927,2024,421497927,543571,196453,0.07377,51.64855,2,2,1,00:36,-1,E07000072,6,2,1,0,1,"[2, 5]","[0, 1]","[0, 5]","[4, 0]",0,0,1,0,0,0,0,0,9,29
2024421497965,2024,421497965,570550,206704,0.46836,51.7331,3,3,3,12:20,-1,E07000070,3,0,1,0,2,"[19, 5]",2,3,0,0,0,1,0,0,0,0,0,9,24
2024421497979,2024,421497979,589701,216025,0.75045,51.81066,3,3,3,10:15,-1,E07000071,4,0,1,0,2,19,4,8,0,0,0,1,1,0,0,0,0,9,24
2024421497996,2024,421497996,567480,194252,0.41798,51.62217,3,3,1,21:40,-1,E07000066,3,2,2,1,1,9,1,7,0,0,0,1,0,0,0,0,1,9,22
2024421498023,2024,421498023,561219,178021,0.32019,51.47818,3,3,1,09:45,-1,E06000034,3,0,1,1,1,19,1,3,0,0,0,1,0,0,0,0,1,9,22
2024421498036,2024,421498036,559436,182962,0.29677,51.52307,3,3,1,14:30,-1,E06000034,6,0,2,1,1,"[19, 10]","[6, 7]","[3, 5]",0,0,0,1,0,0,0,0,0,9,22
2024421498057,2024,421498057,576893,225515,0.56972,51.9001,3,3,5,12:40,-1,E07000067,3,0,2,1,2,"[19, 6, -1]","[2, -1]","[6, 7, -1]","[0, -1]","[0, -1]",0,1,0,1,0,0,0,9,26
2024421498060,2024,421498060,589095,186521,0.72571,51.54589,2,2,1,16:00,-1,E06000033,6,0,1,1,1,19,"[3, 5]","[7, 1]","[11, 0]",0,0,1,0,0,0,0,0,9,22
2024421498102,2024,421498102,565077,194803,0.38356,51.62783,3,3,4,15:45,-1,E07000068,6,0,1,0,1,"[3, 14]",1,"[7, 5]",0,0,0,1,0,0,0,0,0,9,11
2024421498162,2024,421498162,585948,188157,0.68124,51.56163,3,3,4,15:00,-1,E06000033,3,0,1,0,1,9,7,4,0,0,0,0,0,1,0,0,0,9,25
2024421498185,2024,421498185,578975,186710,0.58002,51.55089,3,3,6,08:10,-1,E07000069,6,0,2,1,1,19,3,7,0,0,0,1,0,0,0,0,1,9,27
2024421498290,2024,421498290,574284,195303,0.5167,51.62955,2,2,3,08:07,-1,E07000070,6,0,1,0,1,19,"[8, 4]","[4, 8]","[0, 11]",0,0,1,1,0,0,0,0,10,1
2024421498369,2024,421498369,591558,185134,0.76043,51.53261,3,3,3,17:24,-1,E06000033,6,0,2,1,1,19,"[7, 1]","[3, 5]",0,0,0,1,0,0,0,0,0,10,1
2024421498420,2024,421498420,602990,227996,0.94999,51.91349,3,3,3,23:00,-1,E07000076,3,2,2,1,2,"[19, 2]",3,7,0,0,0,1,0,0,1,0,0,10,1
2024421498445,2024,421498445,610822,231867,1.06606,51.94533,3,3,7,20:04,-1,E07000076,4,2,1,0,2,"[2, 1]",-1,-1,0,0,0,1,0,0,0,0,0,9,14
2024421498466,2024,421498466,557254,178669,0.26343,51.48511,3,3,5,21:56,-1,E06000034,6,2,1,1,2,19,1,5,0,0,0,1,0,0,0,0,0,9,26
2024421498477,2024,421498477,581209,190136,0.61397,51.58095,3,3,2,16:15,-1,E07000075,3,0,1,0,1,"[5, 19]",-1,-1,0,0,0,1,1,0,0,0,0,9,16
2024421498519,2024,421498519,621056,217553,1.20556,51.81287,3,3,4,07:45,-1,E07000076,4,0,2,1,2,19,7,2,0,8,0,1,0,0,0,0,0,10,2
2024421498520,2024,421498520,576610,223485,0.56457,51.88195,3,3,4,08:43,-1,E07000067,6,0,1,1,1,19,4,8,0,0,0,1,0,0,0,0,1,10,2
2024421498538,2024,421498538,618111,216552,1.16228,51.80504,3,3,3,14:30,-1,E07000076,6,0,1,0,1,"[19, 1]","[6, 1]","[3, 5]",0,0,0,1,0,0,0,0,0,9,24
2024421498587,2024,421498587,555572,178068,0.23896,51.48018,3,3,5,08:10,-1,E06000034,6,0,1,1,1,7,8,1,0,0,0,1,0,0,0,0,1,9,26
2024421498602,2024,421498602,591499,223667,0.78073,51.87868,3,3,4,10:45,-1,E07000071,3,0,1,1,1,19,2,7,"[0, 10]","[0, 7]","[0, 10]",1,0,0,1,0,0,10,2
2024421498632,2024,421498632,576474,188460,0.54486,51.5674,3,3,2,19:30,-1,E07000069,3,2,1,0,1,"[19, 6]","[7, 5]","[3, 7]",0,0,0,1,0,1,0,0,0,9,16
2024421498642,2024,421498642,601290,225399,0.92379,51.89079,3,3,2,19:00,-1,E07000071,6,2,1,0,1,"[7, 19]","[5, 1]","[7, 5]",0,0,0,1,1,0,0,0,0,9,23
2024421498818,2024,421498818,561037,231471,0.34226,51.95841,3,3,4,16:18,-1,E07000077,4,0,1,0,2,19,5,1,0,0,0,1,0,0,0,0,1,10,2
2024421498842,2024,421498842,609537,231883,1.0474,51.94596,3,3,3,16:00,-1,E07000076,3,0,1,1,2,19,5,1,0,0,0,0,0,1,0,0,0,10,1
2024421498848,2024,421498848,571203,187922,0.46863,51.56419,3,3,6,16:44,-1,E07000066,6,0,1,0,1,4,3,7,0,0,0,1,0,1,0,0,0,9,20
2024421498861,2024,421498861,555615,223139,0.25965,51.8851,2,"[3, 2]",5,00:56,-1,E07000077,6,2,1,0,2,"[2, 19]","[0, 1]","[0, 5]",0,"[1, 0]",0,1,0,0,0,0,0,10,3
2024421498980,2024,421498980,549749,213610,0.17037,51.80109,3,3,5,07:01,-1,E07000072,4,0,1,0,2,19,"[2, 6]","[6, 2]",0,"[0, 7]",0,1,0,0,0,0,0,10,3
2024421499110,2024,421499110,572160,209081,0.49283,51.75396,3,3,2,15:30,-1,E07000070,6,0,1,0,1,"[19, 3]",4,1,0,0,0,1,0,0,0,0,0,9,16
2024421499202,2024,421499202,589835,186728,0.73648,51.54751,3,3,2,20:30,-1,E06000033,6,0,9,0,1,19,5,1,0,0,0,1,0,0,0,0,0,9,23
2024421499240,2024,421499240,544305,195608,0.08402,51.64077,2,2,5,18:18,-1,E07000072,3,0,1,0,2,"[9, 19]","[7, 5]","[4, 1]",0,0,0,1,0,1,0,0,0,10,3
2024421499257,2024,421499257,575253,221728,0.54399,51.8666,2,2,5,18:05,-1,E07000067,3,0,1,0,2,"[15, 11]",8,4,0,0,0,1,0,1,0,0,0,10,3
2024421499321,2024,421499321,589818,217515,0.75297,51.824,3,3,4,21:45,-1,E07000071,4,2,2,1,2,19,1,6,0,8,10,1,0,0,0,0,0,9,25
2024421499357,2024,421499357,578030,190876,0.56851,51.58861,3,3,6,15:30,-1,E07000075,3,0,1,0,2,-1,-1,-1,-1,-1,0,1,0,0,0,0,0,9,27
2024421499451,2024,421499451,551366,225855,0.19916,51.91067,3,3,6,09:57,-1,E07000077,4,0,1,0,2,"[19, 9]",1,"[5, 8]","[10, 0]","[2, 0]","[4, 0]",1,0,0,1,0,0,10,4
2024421499472,2024,421499472,572999,208367,0.50462,51.74729,3,3,3,07:55,-1,E07000070,4,0,8,0,1,"[19, 3]",3,7,0,0,0,1,0,0,0,0,0,9,24
2024421499476,2024,421499476,563197,195761,0.35687,51.63698,2,2,3,13:25,-1,E07000068,6,0,1,0,1,-1,-1,-1,-1,-1,0,1,0,0,0,0,1,9,24
2024421499567,2024,421499567,547192,204472,0.12944,51.71966,2,2,6,14:10,-1,E07000072,4,0,1,0,2,"[19, 10]","[1, 3]","[5, 1]",0,0,0,1,0,1,0,0,0,10,4
2024421499640,2024,421499640,577959,188260,0.56617,51.56513,3,3,6,16:10,-1,E07000069,3,0,1,0,1,19,4,8,0,"[0, 1]","[0, 10]",1,1,0,0,0,0,10,4
2024421499699,2024,421499699,600250,229752,0.91123,51.93025,2,2,6,16:44,-1,E07000071,6,0,1,0,2,"[3, 19]","[5, 1]","[1, 5]",0,0,0,1,0,1,0,0,0,10,4
2024421499727,2024,421499727,580693,212867,0.61829,51.78528,3,3,7,00:50,-1,E07000067,4,2,1,0,2,"[9, 19]","[4, 2]","[8, 6]",0,0,0,1,0,0,0,0,0,10,5
2024421499814,2024,421499814,561097,179129,0.31894,51.48817,3,3,7,10:45,-1,E06000034,6,0,1,0,1,1,1,5,0,0,0,1,0,0,0,0,1,10,5
2024421499844,2024,421499844,561308,179066,0.32195,51.48754,3,3,7,11:38,-1,E06000034,6,0,1,0,1,"[2, 20, 19]","[0, 1]","[0, 5]",0,0,0,1,0,0,0,0,1,10,5
2024421499930,2024,421499930,552837,226019,0.2206,51.91174,3,3,7,16:23,-1,E07000077,1,0,2,0,2,19,"[8, 1]",5,0,0,0,1,0,0,0,0,0,10,5
2024421499953,2024,421499953,578051,188927,0.56783,51.5711,3,3,7,17:43,-1,E07000069,6,2,1,0,1,4,1,5,0,0,0,1,0,0,0,0,1,10,5
2024421499954,2024,421499954,553063,239081,0.2297,52.02902,3,3,7,18:09,-1,E07000077,4,0,1,0,2,"[9, 13]",4,"[2, 8]",0,"[0, 7]","[0, 10]",1,0,0,0,0,0,10,5
2024421499957,2024,421499957,561746,210971,0.34297,51.77404,2,"[3, 2]",7,16:57,-1,E07000070,3,0,1,0,2,"[2, 13, 19]","[0, 3]","[0, 7]",0,"[0, 7]",0,1,0,0,0,0,0,10,5
2024421499995,2024,421499995,588629,185874,0.71865,51.54024,2,2,2,08:48,-1,E06000033,3,0,1,0,1,19,7,3,0,0,0,1,0,0,0,0,1,9,23
2024421500021,2024,421500021,583956,185952,0.65139,51.54248,3,3,1,00:55,-1,E06000033,6,2,1,0,1,19,4,8,0,0,0,1,0,0,0,0,0,10,6
2024421500248,2024,421500248,552504,198270,0.20357,51.66252,3,3,1,12:00,-1,E07000072,6,0,1,0,2,19,"[3, 8]","[8, 3]",0,0,0,1,0,0,0,0,0,10,6
2024421500389,2024,421500389,546286,193244,0.11164,51.61901,2,2,1,19:45,-1,E07000072,4,2,2,1,1,19,7,3,0,0,0,0,0,1,0,0,0,10,6
2024421500397,2024,421500397,571983,204632,0.48807,51.71405,3,3,2,08:35,-1,E07000070,6,0,2,1,1,"[10, 19]",1,"[7, 5]",0,0,0,1,0,0,0,0,0,9,30
2024421500401,2024,421500401,580145,189665,0.59839,51.57706,3,3,3,18:30,-1,E07000069,3,0,9,0,1,"[12, 19]",5,1,0,0,0,1,0,1,0,0,0,9,10
2024421500527,2024,421500527,599958,224799,0.90411,51.88588,3,3,2,11:20,-1,E07000071,3,0,1,0,1,19,"[5, 7]","[1, 3]",0,0,0,1,1,0,0,0,0,10,7
2024421500561,2024,421500561,572746,189025,0.49141,51.57362,3,3,2,08:33,-1,E07000066,3,0,1,0,1,"[19, 3]","[7, 8]","[4, 3]",0,0,0,1,0,0,0,0,1,10,7
2024421500586,2024,421500586,572562,208772,0.4985,51.75106,3,3,4,07:45,-1,E07000070,6,0,1,0,1,-1,-1,-1,-1,-1,0,1,1,0,0,0,0,10,2
2024421500638,2024,421500638,582035,189220,0.6254,51.57246,3,3,2,08:00,-1,E07000075,3,0,1,1,1,19,8,4,0,0,0,1,0,0,0,0,0,10,7
2024421500647,2024,421500647,601430,223389,0.92465,51.87269,3,3,2,11:40,-1,E07000071,6,0,1,0,1,"[19, 9]","[5, 1]","[1, 7]",0,0,0,1,0,0,0,0,0,10,7
2024421500658,2024,421500658,588447,186578,0.71641,51.54662,3,3,2,12:47,-1,E06000033,4,0,8,0,1,"[6, 14]",8,"[1, 4]",0,0,0,1,1,0,0,0,0,10,7
2024421500684,2024,421500684,588133,214790,0.72707,51.8001,3,3,2,13:12,-1,E07000071,4,0,1,0,2,19,"[6, 2]","[2, 6]",0,"[1, 0]",0,1,0,0,1,0,0,10,7
2024421500782,2024,421500782,567500,202248,0.4221,51.69399,3,3,2,20:07,-1,E07000070,3,2,2,1,2,19,7,3,12,0,0,0,0,1,0,0,0,10,7
2024421500889,2024,421500889,599253,226426,0.89482,51.90074,3,3,2,21:00,-1,E07000071,3,2,2,1,1,7,"[5, 1]",7,0,0,0,1,0,0,0,0,0,9,30
2024421500924,2024,421500924,545523,196987,0.10218,51.65284,3,3,3,07:58,-1,E07000072,1,0,1,1,2,19,2,6,0,0,0,1,0,0,0,0,0,10,8
2024421500999,2024,421500999,547202,212520,0.13299,51.79197,3,3,6,08:50,-1,E07000073,3,0,1,0,1,-1,-1,-1,-1,-1,0,1,0,0,0,0,0,10,4
2024421501001,2024,421501001,555305,180053,0.23599,51.49809,3,3,1,03:40,-1,E06000034,3,2,9,0,2,19,4,8,0,0,0,1,0,0,0,0,0,7,28
2024421501058,2024,421501058,544309,195613,0.08408,51.64081,3,3,2,08:00,-1,E07000072,1,0,2,1,2,"[19, 9]","[4, 6]","[8, 1]",0,0,0,1,0,0,0,0,0,9,23