collision_index,collision_year,collision_ref_no,location_easting_osgr,location_northing_osgr,longitude,latitude,casualty_severity,casualty_severity,day_of_week,time,local_authority_district,local_authority_ons_district,first_road_class,light_conditions,weather_conditions,road_surface_conditions,urban_or_rural_area,vehicle_manoeuvre,vehicle_direction_from,vehicle_direction_to,hit_object_in_carriageway,vehicle_leaving_carriageway,hit_object_off_carriageway,is_car,is_cyle,is_mcyle,is_goodsv,is_other,is_pedestrian,month,day
2024421515411,2024,421515411,589940,215989,0.7539,51.81026,3,3,5,21:10,-1,E07000071,6,2,1,0,2,1,7,3,0,0,0,1,0,0,0,0,1,11,7
2024421515426,2024,421515426,540077,201288,0.02523,51.69287,3,3,3,19:09,-1,E07000072,6,2,1,0,1,"[19, 12]","[2, 8]","[6, 8]",0,0,0,0,1,1,0,0,0,11,12
2024421515443,2024,421515443,594481,214518,0.81886,51.79549,2,"[2, 3]",3,19:09,-1,E07000071,4,2,1,1,2,19,"[6, 2]","[3, 5]",0,0,0,1,0,0,0,0,0,11,12
2024421515454,2024,421515454,601525,224245,0.92653,51.88034,3,3,3,13:00,-1,E07000071,3,0,1,0,1,"[19, 13]",5,1,0,0,0,1,0,0,1,0,0,10,29
2024421515466,2024,421515466,592907,185568,0.7801,51.53605,2,2,3,19:09,-1,E06000033,3,2,1,0,1,19,1,5,0,0,0,1,0,0,0,0,1,11,12
2024421515525,2024,421515525,551927,223021,0.20606,51.88505,3,3,3,19:00,-1,E07000077,1,2,1,0,2,19,2,6,0,0,0,1,0,0,1,0,0,10,29
2024421515546,2024,421515546,566756,194358,0.40759,51.62334,3,3,3,22:00,-1,E07000066,3,2,1,0,1,"[9, 19]","[6, 2]","[4, 6]",0,0,0,1,0,0,0,0,0,11,5
2024421515572,2024,421515572,613088,222738,1.09334,51.86251,3,3,4,08:25,-1,E07000076,3,0,1,1,2,"[19, 3]",4,"[7, 8]",0,0,0,1,0,0,0,0,0,11,13
2024421515576,2024,421515576,574074,205764,0.51887,51.72358,3,3,4,15:32,-1,E07000070,6,0,1,1,2,"[9, 19]","[8, 5]","[5, 1]",0,0,0,1,0,1,0,0,0,11,6
2024421515705,2024,421515705,574262,202563,0.51999,51.69476,3,3,4,09:18,-1,E07000070,3,0,1,0,2,"[3, 19, 4]","[1, 5]","[5, 1]",0,0,0,1,0,0,0,0,0,11,13
2024421515727,2024,421515727,539919,200178,0.02251,51.68294,3,3,4,16:20,-1,E07000072,6,2,1,0,1,-1,-1,-1,-1,-1,0,1,0,0,0,0,0,11,6
2024421515788,2024,421515788,543634,205919,0.07857,51.73359,3,3,4,08:20,-1,E07000072,4,0,1,1,2,19,"[4, 1, 8]","[8, 5, 4]",0,"[0, 1]","[0, 3]",1,0,0,0,0,0,11,13
2024421515793,2024,421515793,544936,210393,0.09927,51.77345,3,3,2,22:03,-1,E07000073,6,2,1,1,1,-1,-1,-1,-1,-1,0,1,0,1,0,0,0,10,28
2024421515904,2024,421515904,573589,220786,0.51937,51.85866,3,3,2,09:28,-1,E07000067,3,0,1,0,2,4,8,4,0,0,0,1,0,0,0,0,0,11,11
2024421515928,2024,421515928,596535,224399,0.85422,51.8835,3,3,4,15:27,-1,E07000071,6,0,1,0,1,19,1,5,0,0,0,1,1,0,0,0,0,11,13
2024421515961,2024,421515961,577853,221124,0.5814,51.86035,3,3,4,16:10,-1,E07000067,4,2,1,0,1,"[19, 9]","[5, 8]","[8, 6]",0,0,0,1,0,0,0,0,0,11,13
2024421516149,2024,421516149,551205,209880,0.18984,51.76718,3,3,2,06:07,-1,E07000072,6,2,1,0,2,"[19, 15]",-1,-1,0,0,0,1,0,0,1,0,0,11,4
2024421516181,2024,421516181,564234,196522,0.3722,51.64352,3,3,4,12:44,-1,E07000068,6,0,1,1,2,19,2,7,0,1,0,1,0,0,0,0,0,11,13
2024421516196,2024,421516196,589482,216416,0.7475,51.81425,3,3,5,09:08,-1,E07000071,4,0,1,0,2,14,4,8,0,0,0,1,0,0,0,0,1,11,14
2024421516243,2024,421516243,547446,197439,0.13015,51.6564,3,3,5,06:29,-1,E07000072,3,2,2,1,2,19,7,3,0,1,3,0,0,0,1,0,0,11,14
2024421516250,2024,421516250,556780,203852,0.26785,51.7115,2,2,5,07:44,-1,E07000072,3,0,1,1,2,"[19, 9]",3,"[7, 1]",0,0,0,1,0,1,0,0,0,11,14
2024421516509,2024,421516509,562599,179287,0.34062,51.48916,3,3,5,16:40,-1,E06000034,3,0,1,0,1,19,7,3,0,0,0,1,0,0,0,0,1,11,14
2024421516546,2024,421516546,617360,214876,1.15035,51.79029,2,"[3, 2]",5,16:25,-1,E07000076,6,0,1,0,1,"[19, 2]","[7, 0, 1]","[3, 0, 5]",0,0,0,1,0,0,0,0,0,11,14
2024421516563,2024,421516563,570926,188875,0.4651,51.57283,3,3,5,20:51,-1,E07000066,3,2,1,0,1,19,7,7,0,0,0,1,0,0,0,0,0,11,14
2024421516565,2024,421516565,576971,195082,0.55536,51.62672,3,3,5,20:55,-1,E07000070,3,2,1,0,2,"[19, 9]","[6, 3]","[2, 8]",0,0,0,1,0,0,0,0,0,11,14
2024421516934,2024,421516934,569637,189597,0.44686,51.57971,3,3,6,17:13,-1,E07000066,3,2,1,0,2,19,3,7,0,0,0,1,0,0,0,0,1,11,15
2024421516990,2024,421516990,596921,224440,0.85984,51.88373,3,3,6,15:50,-1,E07000071,6,0,1,0,1,"[9, 10]","[2, 8]","[7, 4]",0,0,0,1,1,0,0,0,0,11,15
2024421516994,2024,421516994,602283,221241,0.93577,51.85309,3,3,6,17:37,-1,E07000071,6,2,1,0,2,19,"[3, 8]","[7, 4]",0,0,0,1,0,1,0,0,0,11,15
2024421517003,2024,421517003,544936,199180,0.09461,51.6727,2,2,6,15:38,-1,E07000072,4,0,1,0,2,19,"[7, 1, 5]","[3, 5, 1]",0,0,0,1,0,1,0,0,0,11,15
2024421517033,2024,421517033,599256,226199,0.89474,51.8987,3,3,6,17:42,-1,E07000071,3,2,1,0,1,19,"[3, 5]","[7, 1]",0,0,0,1,0,0,0,0,0,11,15
2024421517078,2024,421517078,597142,225448,0.86362,51.89271,2,"[3, 2]",7,01:52,-1,E07000071,3,2,1,0,2,19,6,2,10,3,0,1,0,0,0,0,0,11,16
2024421517168,2024,421517168,595964,223731,0.84555,51.8777,2,2,7,12:15,-1,E07000071,6,0,1,0,1,"[6, 4]",7,"[7, 3]",0,0,0,1,0,0,0,0,0,11,16
2024421517219,2024,421517219,545072,192658,0.09387,51.61406,3,3,7,14:10,-1,E07000072,4,0,1,0,2,"[7, 19]","[1, 3]",7,0,0,0,1,0,1,0,0,0,11,16
2024421517230,2024,421517230,563773,223827,0.37841,51.88894,2,2,7,13:45,-1,E07000077,4,0,1,0,2,19,"[2, 6]","[6, 2]","[0, 12]",0,0,1,0,1,0,0,0,11,16
2024421517264,2024,421517264,571421,197647,0.47652,51.65148,3,3,7,17:42,-1,E07000070,6,2,1,0,2,19,8,5,0,3,0,1,0,0,0,0,0,11,16
2024421517287,2024,421517287,543513,197009,0.07316,51.65356,3,3,7,17:55,-1,E07000072,6,2,2,1,1,"[9, 19]","[2, 8]","[8, 4]",0,0,0,1,0,1,0,0,0,11,16
2024421517314,2024,421517314,550436,238939,0.19137,52.02847,2,"[2, 3]",7,19:34,-1,E07000077,1,2,2,1,2,19,5,1,0,"[0, 2]",0,1,0,0,0,0,0,11,16
2024421517436,2024,421517436,583860,216462,0.66606,51.81654,2,"[3, 2]",1,11:45,-1,E07000067,3,0,1,0,2,"[19, 4]",2,6,0,0,0,1,0,0,0,0,0,11,17
2024421517461,2024,421517461,577958,190627,0.56735,51.58639,3,3,1,13:04,-1,E07000066,3,0,1,0,2,19,1,5,0,0,0,0,0,1,0,0,0,11,17
2024421517481,2024,421517481,597691,222505,0.86991,51.86609,3,3,1,04:18,-1,E07000071,6,2,2,1,1,19,1,4,0,7,11,1,0,0,0,0,0,11,17
2024421517542,2024,421517542,570352,188373,0.45658,51.5685,2,2,1,13:36,-1,E07000066,6,0,1,1,1,"[9, 19]","[7, 3]","[6, 7]",0,0,0,1,1,0,0,0,0,11,17
2024421517545,2024,421517545,538119,197470,-0.00458,51.65905,3,3,1,18:52,-1,E07000072,3,2,1,1,2,19,"[1, 5]","[5, 1]",0,0,0,1,0,0,0,0,0,11,17
2024421517571,2024,421517571,561784,224438,0.34982,51.89501,2,"[3, 2]",1,20:00,-1,E07000077,4,2,1,1,2,19,"[5, 1]","[8, 4]","[12, 0]",0,0,1,0,0,0,0,0,11,17
2024421517627,2024,421517627,571920,205265,0.48747,51.71976,3,3,2,07:50,-1,E07000070,4,0,1,1,1,19,6,1,0,7,11,1,0,0,0,0,0,11,18
2024421517725,2024,421517725,571389,208941,0.4816,51.75294,3,3,1,19:45,-1,E07000070,3,2,1,0,2,-1,-1,-1,-1,-1,0,1,0,0,0,0,0,11,10
2024421517767,2024,421517767,574908,221573,0.5389,51.86532,3,3,2,09:45,-1,E07000067,6,0,1,0,1,"[10, 19]","[8, 2]",6,0,0,0,1,1,0,0,0,0,11,18
2024421517772,2024,421517772,554240,225582,0.24078,51.90743,3,3,2,11:07,-1,E07000077,6,0,1,0,2,19,"[7, 3]","[3, 7]",0,0,0,0,0,0,1,0,0,11,18
2024421517775,2024,421517775,572448,205356,0.49516,51.72041,3,3,1,01:15,-1,E07000070,6,0,1,1,1,-1,-1,-1,-1,-1,0,1,0,0,0,0,0,11,10
2024421517821,2024,421517821,573345,187901,0.49949,51.56334,3,3,1,18:23,-1,E07000066,6,2,2,1,1,9,7,3,0,3,0,1,0,0,0,0,0,11,17
2024421517876,2024,421517876,599162,224867,0.8926,51.88677,3,3,2,16:30,-1,E07000071,4,2,1,0,1,19,7,3,0,0,0,1,0,0,0,0,1,11,11
2024421517891,2024,421517891,551098,221713,0.19345,51.87353,3,3,2,08:45,-1,E07000077,3,0,1,0,2,"[9, 19]",3,"[5, 7]",0,0,0,1,0,0,0,0,0,10,28
2024421517907,2024,421517907,546722,209385,0.12471,51.76393,3,3,6,08:40,-1,E07000073,3,0,1,0,2,"[19, 3]",3,7,0,0,0,1,0,0,0,0,0,11,8
2024421517926,2024,421517926,570357,184086,0.45458,51.52998,3,3,4,08:30,-1,E06000034,6,0,9,0,1,19,3,7,0,0,0,1,0,0,0,0,1,11,13
2024421517965,2024,421517965,554915,180089,0.23039,51.49852,3,3,4,10:00,-1,E06000034,3,0,1,0,2,"[3, 19]",8,4,0,0,0,1,0,0,0,0,0,11,13
2024421517986,2024,421517986,618646,217302,1.1705,51.81157,3,3,2,17:35,-1,E07000076,6,2,1,0,1,19,1,5,0,0,0,1,0,0,0,0,1,11,11
2024421517990,2024,421517990,573973,219856,0.52447,51.85019,3,3,4,16:55,-1,E07000067,3,2,1,0,2,"[9, 19]","[4, 5]",1,0,0,0,1,1,0,0,0,0,11,13
2024421518007,2024,421518007,567550,179187,0.41182,51.48681,3,3,7,23:55,-1,E06000034,6,2,1,0,2,-1,-1,-1,-1,-1,0,0,0,0,0,1,1,10,26
2024421518022,2024,421518022,546587,202975,0.12006,51.70637,3,3,2,19:10,-1,E07000072,4,2,1,0,1,"[19, 7]","[6, 8]",2,0,0,0,1,0,1,0,0,0,11,11
2024421518039,2024,421518039,595473,223802,0.83847,51.87851,2,2,3,07:55,-1,E07000071,6,0,1,1,1,"[9, 19]","[3, 7]","[7, 3]",0,0,0,1,0,1,0,0,0,11,19
2024421518056,2024,421518056,552150,233953,0.21413,51.98321,3,3,4,08:35,-1,E07000077,4,0,9,0,2,4,5,1,0,0,0,1,0,0,0,0,1,11,13
2024421518118,2024,421518118,602267,226001,0.93832,51.89584,2,2,2,15:50,-1,E07000071,6,0,1,0,1,19,1,5,0,0,0,1,0,0,0,0,1,11,11
2024421518119,2024,421518119,587716,186613,0.7059,51.54718,3,3,4,11:00,-1,E06000033,3,0,9,-1,1,19,-1,-1,0,0,0,1,0,0,0,0,1,10,30
2024421518138,2024,421518138,585784,198812,0.68452,51.65738,3,3,3,10:30,-1,E07000074,4,0,2,1,2,19,"[6, 1]","[1, 6]",0,0,0,1,0,0,0,0,0,11,19
2024421518148,2024,421518148,617696,214790,1.15516,51.78939,3,3,4,19:55,-1,E07000076,6,2,8,0,1,9,7,5,0,0,0,1,0,0,0,0,1,11,6
2024421518184,2024,421518184,537669,200555,-0.00987,51.68688,3,3,6,18:05,-1,E07000072,3,2,9,-1,2,"[19, 3]",-1,-1,0,0,0,1,0,0,0,0,0,11,8
2024421518255,2024,421518255,585898,185956,0.67936,51.54188,3,3,2,23:55,-1,E06000033,6,2,2,1,1,"[2, 19]","[0, 1]","[0, 5]",0,0,0,1,0,0,0,0,0,11,18
2024421518275,2024,421518275,571520,205992,0.48205,51.72641,3,3,4,09:30,-1,E07000070,3,0,9,0,1,"[3, 5]","[3, 6]","[6, 1, 3]",0,0,0,1,0,0,0,0,0,11,13
2024421518425,2024,421518425,588387,186392,0.71544,51.54497,3,3,3,23:35,-1,E06000033,6,2,1,1,1,"[2, 19]","[0, 7]","[0, 3]",4,"[0, 7]",0,1,0,0,0,0,0,11,19
2024421518446,2024,421518446,604489,214320,0.96367,51.79014,3,3,7,19:00,-1,E07000071,6,2,1,0,2,19,"[4, 2]","[6, 4]",0,1,"[0, 4]",1,0,0,0,0,0,11,9
2024421518447,2024,421518447,583589,222457,0.66531,51.87047,3,3,3,11:43,-1,E07000067,6,0,2,1,2,19,"[8, 3]","[3, 8]",0,0,0,1,0,0,1,0,0,11,19
2024421518451,2024,421518451,569136,190292,0.43997,51.5861,3,3,3,18:10,-1,E07000066,3,2,1,0,2,3,7,1,0,0,0,1,0,0,0,0,0,10,29
2024421518620,2024,421518620,587383,187618,0.70163,51.55632,3,3,2,17:50,-1,E06000033,3,2,1,0,1,19,"[7, 1]","[3, 5]",0,0,0,1,0,0,0,0,0,11,11
2024421518678,2024,421518678,546354,202708,0.11658,51.70403,2,2,4,09:50,-1,E07000072,4,0,1,0,1,19,8,5,0,0,0,1,0,0,0,0,1,11,20
2024421518722,2024,421518722,564432,178541,0.36666,51.48192,3,3,3,08:33,-1,E06000034,6,0,2,1,1,19,1,5,0,0,0,1,0,0,0,0,1,11,19
2024421518724,2024,421518724,585399,218689,0.68955,51.83603,3,3,3,21:40,-1,E07000067,6,0,1,1,2,19,3,8,0,1,9,1,0,0,0,0,0,11,19
2024421518791,2024,421518791,587366,185808,0.70043,51.54007,3,3,6,22:30,-1,E06000033,3,2,1,0,1,"[2, 19]","[0, -1]","[0, -1]",0,0,0,1,1,0,0,0,0,11,1
2024421518854,2024,421518854,573616,188067,0.50348,51.56475,3,3,2,09:10,-1,E07000066,4,0,1,1,1,"[19, 3]",7,7,0,0,0,1,0,1,0,0,0,11,18
2024421518879,2024,421518879,551416,221452,0.19795,51.87109,3,3,4,11:45,-1,E07000077,1,0,1,0,2,"[3, 19]",5,1,0,0,0,1,0,0,0,0,0,11,6
2024421518890,2024,421518890,579734,197810,0.59664,51.65035,2,2,6,11:35,-1,E07000070,3,0,1,0,2,"[7, 19]","[7, 3]","[3, 7]",0,0,0,1,1,0,0,0,0,11,8
2024421518906,2024,421518906,559162,180654,0.29178,51.50241,3,3,4,15:00,-1,E06000034,4,0,1,0,1,3,7,3,0,0,0,1,0,0,0,0,0,11,20
2024421518944,2024,421518944,582098,215366,0.63995,51.80727,3,3,4,16:20,-1,E07000067,6,0,1,0,1,"[9, 19]","[7, 4]","[4, 1]",0,"[0, 1]",0,1,1,0,0,0,0,11,20
2024421518966,2024,421518966,599402,225271,0.89632,51.89031,3,3,6,14:40,-1,E07000071,6,0,1,0,1,19,5,1,0,0,0,1,0,0,0,0,1,11,8
2024421519000,2024,421519000,559232,180660,0.29279,51.50245,3,3,4,21:23,-1,E06000034,4,2,7,0,1,"[3, 1]","[3, 7]","[7, 3]",0,0,0,1,0,0,0,0,0,11,20
2024421519105,2024,421519105,537817,196405,-0.00937,51.64955,2,2,1,02:50,-1,E07000072,3,2,1,0,2,19,2,7,0,1,0,0,0,1,0,0,0,11,17
2024421519186,2024,421519186,545522,201018,0.10384,51.68906,3,3,5,08:45,-1,E07000072,6,0,1,1,1,19,-1,-1,0,0,0,1,0,0,0,0,1,11,21
2024421519209,2024,421519209,583054,215659,0.65395,51.80959,3,3,5,07:45,-1,E07000067,3,0,1,0,2,19,3,7,0,0,0,1,0,0,0,0,0,11,21
2024421519213,2024,421519213,602305,224198,0.93782,51.87963,3,3,2,18:20,-1,E07000071,6,2,2,1,2,19,7,3,0,0,0,0,0,1,0,0,1,11,18
2024421519293,2024,421519293,577541,186711,0.55936,51.55135,3,3,6,15:45,-1,E07000069,6,0,9,-1,1,"[1, 3]",-1,-1,0,0,0,1,1,0,0,0,0,11,1
2024421519366,2024,421519366,542247,195754,0.05436,51.6426,3,3,5,08:30,-1,E07000072,6,0,8,1,1,19,8,4,0,0,0,0,0,0,1,0,0,11,21
2024421519448,2024,421519448,596930,224437,0.85997,51.8837,3,3,6,15:45,-1,E07000071,6,0,1,0,1,"[9, 4]",-1,-1,0,0,0,1,1,0,0,0,0,11,15
2024421519463,2024,421519463,554830,222382,0.24792,51.87851,3,3,4,12:25,-1,E07000077,6,0,1,1,2,19,6,2,0,4,0,1,0,0,0,0,0,11,20
2024421519478,2024,421519478,573584,220771,0.51929,51.85853,3,3,5,14:23,-1,E07000067,3,0,1,1,2,19,"[4, 6]","[8, 3]",0,0,0,1,1,0,0,0,0,11,21
2024421519510,2024,421519510,591941,185307,0.76604,51.53403,3,3,5,14:03,-1,E06000033,6,0,1,0,1,19,"[5, 7]","[1, 3]",0,0,0,1,0,0,1,0,0,11,21
2024421519512,2024,421519512,573840,191693,0.5085,51.59725,2,2,5,16:35,-1,E07000066,3,2,1,0,2,"[13, 19]","[5, 1]","[1, 5]",0,0,0,1,0,1,0,0,0,11,21
2024421519516,2024,421519516,568934,209021,0.44611,51.7544,3,3,4,18:35,-1,E07000070,6,2,8,1,1,5,1,1,0,0,0,1,0,0,0,0,1,11,20
2024421519528,2024,421519528,550789,236075,0.19526,52.00264,3,3,5,16:30,-1,E07000077,1,2,1,0,2,19,"[8, 1]",5,0,"[0, 1]",0,1,0,0,1,0,0,11,21
2024421519561,2024,421519561,619821,216596,1.18707,51.80477,2,2,5,14:48,-1,E07000076,4,0,1,0,1,"[19, 2]","[2, 0]","[6, 0]","[4, 0]",0,0,1,0,0,0,0,0,11,21
2024421519565,2024,421519565,584523,214456,0.6746,51.7983,2,2,5,19:40,-1,E07000074,6,2,8,2,2,19,5,8,0,1,0,1,0,0,0,0,0,11,21
2024421519617,2024,421519617,588573,186430,0.71814,51.54525,3,3,5,18:47,-1,E06000033,4,2,1,0,1,"[9, 19]","[7, 3]","[5, 7]",0,0,0,1,0,0,0,0,0,11,21
2024421519625,2024,421519625,587094,185992,0.69661,51.54181,3,3,5,19:00,-1,E06000033,3,2,1,0,1,"[9, 3]","[5, 1]","[2, 5]",0,0,0,1,0,0,0,0,0,11,21
2024421519812,2024,421519812,568465,190919,0.4306,51.59193,2,2,6,07:53,-1,E07000066,3,0,1,1,2,19,"[1, 5]","[5, 1]",0,0,0,1,0,1,0,0,0,11,22
2024421519821,2024,421519821,541346,195805,0.04137,51.64329,3,3,3,09:30,-1,E07000072,6,0,9,-1,2,19,2,6,0,0,0,1,0,0,0,0,0,11,19
2024421519859,2024,421519859,602480,229836,0.94367,51.93019,3,3,3,10:00,-1,E07000076,3,0,9,-1,2,19,6,2,0,0,0,0,0,1,1,0,0,11,19
2024421520060,2024,421520060,559515,179548,0.29636,51.49238,3,3,6,14:20,-1,E06000034,4,0,1,0,1,"[3, 19]","[5, -1]","[1, -1]",0,0,0,1,1,0,0,0,0,11,22
2024421520134,2024,421520134,587745,185877,0.70592,51.54056,3,3,5,20:03,-1,E06000033,3,2,1,0,1,"[-1, 4]",-1,-1,"[-1, 0]","[-1, 3]",0,1,1,0,0,0,0,11,21
2024421520147,2024,421520147,574735,193548,0.52233,51.61364,3,3,6,17:55,-1,E07000066,6,2,1,0,1,2,-1,-1,0,0,0,1,0,0,0,0,1,11,22
2024421520174,2024,421520174,558582,181853,0.28397,51.51335,3,3,6,19:25,-1,E06000034,6,2,1,0,1,"[9, 19]","[7, 5]","[3, 8]",0,0,0,1,0,0,1,0,0,11,22
2024421520191,2024,421520191,602231,224794,0.93709,51.88501,2,"[3, 2]",6,17:37,-1,E07000071,6,2,1,1,1,"[19, 15]","[7, 3, 8]","[3, 7, 2]","[10, 0]","[7, 0]","[2, 0]",1,1,0,0,0,0,11,22
2024421520210,2024,421520210,547399,206973,0.1335,51.74208,3,3,5,23:44,-1,E07000072,4,2,1,0,2,"[9, 7]","[3, 1]","[1, 4]",0,0,0,1,0,0,0,0,0,11,21
2024421520271,2024,421520271,600677,218545,0.91092,51.82946,3,3,6,11:08,-1,E07000071,4,0,1,1,2,19,"[1, 5]","[5, 1]",0,"[1, 0]",0,1,0,0,0,1,0,11,22
2024421520288,2024,421520288,538875,196598,0.00599,51.65103,3,3,2,21:25,-1,E07000072,6,2,2,1,2,19,1,5,0,1,0,1,0,0,0,0,0,11,18
2024421520489,2024,421520489,583849,188292,0.65107,51.56353,3,3,7,16:21,-1,E06000033,3,2,2,1,1,"[9, 19]","[6, 3]","[2, 7]",0,0,0,1,0,0,0,0,0,11,23
2024421520564,2024,421520564,558781,181929,0.28687,51.51398,3,3,7,21:00,-1,E06000034,6,2,4,1,1,7,5,1,7,0,0,1,0,0,0,0,0,11,23
2024421520650,2024,421520650,577581,190276,0.56174,51.58336,3,3,7,13:06,-1,E07000066,3,0,2,1,2,"[4, 19]","[2, 8]","[8, 6]",0,"[7, 0]",0,1,0,0,0,0,0,11,23
2024421520679,2024,421520679,545911,197638,0.10806,51.65859,3,3,1,09:23,-1,E07000072,1,0,4,0,2,19,2,6,0,0,0,1,0,0,0,0,0,11,24
2024421520732,2024,421520732,569788,182708,0.44572,51.51778,3,3,1,11:00,-1,E06000034,3,0,4,0,2,"[19, 5]",3,7,0,0,0,1,0,0,0,0,0,11,24
2024421520764,2024,421520764,577851,222004,0.58182,51.86826,3,3,1,12:55,-1,E07000067,3,0,1,0,1,19,5,1,0,0,0,1,0,0,0,0,0,11,24
2024421520780,2024,421520780,566651,187721,0.40292,51.56374,2,2,7,16:20,-1,E07000066,6,0,9,1,1,"[5, 19]","[2, 7]","[7, 3]",0,0,0,1,0,1,0,0,0,11,2
2024421520787,2024,421520787,574233,228432,0.53257,51.92714,2,2,1,10:24,-1,E07000067,6,0,4,1,2,19,5,8,0,0,0,0,0,1,0,0,0,11,24
2024421520804,2024,421520804,559818,193694,0.30714,51.61938,3,3,7,21:35,-1,E07000068,4,2,2,1,1,7,3,5,0,0,0,1,0,0,0,0,1,11,23
2024421520912,2024,421520912,566581,201910,0.40865,51.69123,3,3,2,00:15,-1,E07000070,3,2,2,1,2,19,6,3,0,7,7,1,0,0,0,0,0,11,25
2024421520944,2024,421520944,545543,230969,0.11673,51.95816,3,3,2,06:59,-1,E07000077,6,2,1,1,2,19,3,6,0,7,0,1,0,0,0,0,0,11,25
2024421520959,2024,421520959,582441,201258,0.63752,51.68045,1,"[1, 2, 3]",1,14:30,-1,E07000074,6,0,4,0,2,"[13, 19]",8,4,0,"[1, 0]","[4, 0]",1,0,0,0,0,0,11,24
2024421521038,2024,421521038,600574,224762,0.91303,51.88532,3,3,4,09:30,-1,E07000071,3,0,1,0,1,19,3,7,0,0,0,1,0,0,0,0,1,11,20
2024421521056,2024,421521056,571418,188094,0.47181,51.56567,3,3,1,10:10,-1,E07000066,6,0,1,0,1,"[1, 19]","[3, 1]","[7, 5]",0,0,0,1,0,0,0,0,0,11,17
2024421521059,2024,421521059,597384,227243,0.86816,51.90874,3,3,2,10:14,-1,E07000071,4,0,1,0,2,"[19, 4]",3,7,0,0,0,1,0,0,0,0,0,11,25
2024421521088,2024,421521088,570906,183094,0.462,51.52091,3,3,5,05:50,-1,E06000034,4,2,1,0,2,"[3, 4]",1,5,0,0,0,1,0,0,0,0,0,11,14
2024421521095,2024,421521095,608352,216804,1.02109,51.81102,3,3,5,15:50,-1,E07000076,6,0,1,0,2,19,2,6,0,0,0,1,1,0,0,0,0,11,14
2024421521111,2024,421521111,574123,203643,0.51852,51.70451,3,3,2,07:35,-1,E07000070,3,0,1,0,2,19,6,"[2, 1]",0,0,0,1,0,0,0,0,0,11,25
2024421521138,2024,421521138,586355,186953,0.68647,51.55069,3,3,1,19:49,-1,E06000033,6,2,2,1,1,"[3, 19]",7,3,0,0,0,1,0,0,0,0,0,11,17
2024421521192,2024,421521192,553966,237341,0.24207,52.01314,3,3,6,18:00,-1,E07000077,6,2,1,0,1,19,3,7,0,0,0,1,0,0,0,0,1,11,15
2024421521243,2024,421521243,545656,211150,0.11002,51.78006,3,3,2,13:20,-1,E07000073,6,2,1,0,1,13,1,5,0,1,0,0,0,1,0,0,1,11,25
2024421521266,2024,421521266,574779,224119,0.53832,51.88823,2,2,2,16:39,-1,E07000067,6,2,1,0,1,19,"[4, 8]","[8, 4]",0,0,0,1,1,0,0,0,0,11,25
2024421521271,2024,421521271,546937,211105,0.12855,51.77933,3,3,2,15:09,-1,E07000073,4,0,2,1,2,"[9, 19]",2,6,99,"[0, 1]",0,1,0,0,0,0,0,11,25
2024421521282,2024,421521282,570076,187335,0.4521,51.55925,3,3,1,18:25,-1,E07000066,6,2,1,0,1,19,6,2,0,0,0,1,0,0,0,0,1,11,24
2024421521357,2024,421521357,578160,234186,0.5926,51.97757,3,3,2,15:33,-1,E07000067,6,0,1,0,2,19,3,7,0,0,0,1,0,0,0,0,1,11,25
2024421521364,2024,421521364,585287,206953,0.68166,51.73067,3,3,7,16:05,-1,E07000074,6,0,1,0,1,2,8,4,0,1,10,1,0,0,0,0,1,10,26
2024421521403,2024,421521403,576217,188430,0.54114,51.56721,3,3,5,08:45,-1,E07000066,3,0,1,1,2,19,"[5, 7]","[1, 3]",0,0,0,1,0,0,0,0,0,11,14
2024421521405,2024,421521405,559266,194429,0.29951,51.62614,3,3,2,17:50,-1,E07000068,3,2,2,1,1,"[9, 19]","[4, 8]","[1, 4]",0,0,0,1,0,0,0,0,0,11,18
2024421521406,2024,421521406,580993,194992,0.61336,51.62464,3,3,6,12:30,-1,E07000075,6,0,1,0,1,"[3, 19]",5,"[3, 1]",0,0,0,1,1,0,0,0,0,11,15
2024421521455,2024,421521455,579925,188853,0.5948,51.56984,3,3,7,13:30,-1,E07000069,3,0,1,0,1,19,"[5, 1]","[1, 5]",0,0,0,1,0,0,1,0,0,11,16
2024421521459,2024,421521459,579416,184475,0.58524,51.53067,3,3,3,07:30,-1,E07000069,4,0,1,0,1,"[14, 19]",7,"[3, 1]",99,0,0,1,0,1,0,0,0,11,26
2024421521592,2024,421521592,576175,193289,0.54298,51.61087,3,3,1,14:15,-1,E07000066,3,0,1,0,1,"[19, 7]","[7, 5]","[3, 7]",0,0,0,1,0,1,0,0,0,11,17
2024421521593,2024,421521593,575754,223083,0.55194,51.87861,3,3,2,12:30,-1,E07000067,6,0,1,0,1,19,-1,3,0,0,0,0,1,0,0,0,1,11,18
2024421521596,2024,421521596,551963,241891,0.21493,52.05457,3,3,3,09:40,-1,E07000077,4,0,1,0,2,19,-1,-1,0,"[0, 2]","[0, 10]",1,1,0,0,0,0,11,26
2024421521697,2024,421521697,584692,192975,0.66568,51.60532,2,2,3,10:03,-1,E07000075,6,0,1,0,1,1,5,1,0,0,0,1,0,0,0,0,1,11,26