collision_index,collision_year,collision_ref_no,location_easting_osgr,location_northing_osgr,longitude,latitude,casualty_severity,casualty_severity,day_of_week,time,local_authority_district,local_authority_ons_district,first_road_class,light_conditions,weather_conditions,road_surface_conditions,urban_or_rural_area,vehicle_manoeuvre,vehicle_direction_from,vehicle_direction_to,hit_object_in_carriageway,vehicle_leaving_carriageway,hit_object_off_carriageway,is_car,is_cyle,is_mcyle,is_goodsv,is_other,is_pedestrian,month,day
2024421521726,2024,421521726,595614,198921,0.82651,51.65503,3,3,2,18:55,-1,E07000074,4,2,1,0,2,19,"[6, 1]","[1, 6]",0,0,0,1,0,0,0,0,0,11,25
2024421521764,2024,421521764,594734,225045,0.82845,51.88993,3,3,3,16:14,-1,E07000071,3,2,1,0,2,"[5, 14]",3,7,0,0,0,1,0,0,0,0,0,11,26
2024421521785,2024,421521785,584547,188233,0.66109,51.56278,2,2,3,14:15,-1,E06000033,3,0,1,0,1,"[4, 19]",7,3,0,0,0,1,0,1,0,0,0,11,26
2024421521796,2024,421521796,582577,193071,0.63522,51.60687,3,3,3,12:25,-1,E07000075,6,0,1,0,2,19,1,5,0,0,0,1,0,0,0,0,0,11,26
2024421521802,2024,421521802,570874,189073,0.46444,51.57463,3,3,3,17:51,-1,E07000066,6,2,1,0,1,"[19, 7]","[7, 8]",3,0,0,0,1,0,0,0,0,0,11,26
2024421521838,2024,421521838,557573,179398,0.26834,51.49157,3,3,3,18:06,-1,E06000034,1,2,1,0,2,"[12, 4]",1,5,0,0,0,1,0,0,0,0,0,11,26
2024421521859,2024,421521859,593620,185554,0.79035,51.53568,3,3,3,18:00,-1,E06000033,6,2,1,0,1,19,"[7, 8]",4,0,0,0,1,0,1,0,0,0,11,26
2024421521921,2024,421521921,583762,186953,0.64911,51.55153,3,3,2,07:40,-1,E06000033,6,0,1,0,1,19,"[3, 1]","[7, 5]",0,0,0,1,0,0,0,0,0,11,18
2024421521929,2024,421521929,569567,189125,0.44563,51.57549,3,3,2,17:20,-1,E07000066,3,2,2,1,2,"[5, 7]","[1, 5]","[5, 1]",0,0,0,1,0,1,0,0,0,11,18
2024421522036,2024,421522036,544032,196319,0.08037,51.64723,3,3,3,15:00,-1,E07000072,6,0,9,-1,1,9,1,7,0,0,0,1,0,0,0,0,1,11,26
2024421522069,2024,421522069,567959,195317,0.42541,51.63159,3,3,4,06:45,-1,E07000066,6,2,2,1,1,19,"[1, 5]","[1, 5]","[10, 0]",0,0,1,0,0,0,0,0,11,27
2024421522070,2024,421522070,625017,231387,1.27193,51.93547,1,1,4,07:42,-1,E07000076,4,2,2,1,1,19,3,7,0,0,0,1,0,0,0,0,1,11,27
2024421522133,2024,421522133,619643,221737,1.18775,51.85099,2,2,3,18:52,-1,E07000076,4,2,1,1,2,"[6, 19]","[4, 8]","[1, 4]",0,0,0,1,0,0,0,0,0,11,26
2024421522298,2024,421522298,547045,200043,0.12545,51.67991,3,3,4,16:34,-1,E07000072,1,2,1,0,2,19,6,2,0,0,0,1,0,1,0,0,0,11,27
2024421522322,2024,421522322,582017,215462,0.63882,51.80816,2,2,4,15:44,-1,E07000067,6,2,1,0,1,19,8,4,0,0,0,1,0,0,0,0,1,11,27
2024421522398,2024,421522398,557321,178955,0.26452,51.48766,3,3,4,20:55,-1,E06000034,6,2,1,1,2,19,"[5, 1]","[1, 5]",0,0,0,1,0,0,0,0,0,11,27
2024421522610,2024,421522610,580840,213028,0.6205,51.78668,2,"[3, 2]",7,19:05,-1,E07000067,4,2,1,1,2,19,"[1, 6]","[5, 2]",0,0,0,1,0,0,0,0,0,11,23
2024421522642,2024,421522642,581167,183573,0.60999,51.52201,3,3,5,09:36,-1,E07000069,6,0,1,0,1,19,4,2,0,0,0,1,0,0,0,0,1,11,28
2024421522728,2024,421522728,545371,209601,0.10524,51.76622,3,3,4,19:30,-1,E07000073,3,2,1,0,2,"[19, 4]",7,3,0,0,0,1,0,0,0,0,0,11,27
2024421522745,2024,421522745,600614,224763,0.91361,51.88532,2,2,5,13:25,-1,E07000071,3,0,1,1,1,"[9, 19]","[1, 7]","[7, 3]",0,0,0,1,0,0,0,0,0,11,28
2024421522760,2024,421522760,577997,223430,0.58467,51.88102,3,3,5,08:00,-1,E07000067,3,0,1,2,2,"[4, 3]",5,1,0,0,0,1,0,0,0,0,0,11,28
2024421522765,2024,421522765,543368,191978,0.069,51.60839,3,3,5,10:00,-1,E07000072,4,0,1,0,1,19,"[1, 7]","[5, 3]",0,0,0,1,0,0,0,0,0,11,28
2024421522813,2024,421522813,579844,216854,0.60806,51.82136,3,3,5,14:55,-1,E07000067,6,2,1,1,2,19,4,8,0,8,4,1,0,0,0,0,0,11,28
2024421522821,2024,421522821,573901,191762,0.50941,51.59786,3,3,5,14:30,-1,E07000066,3,0,1,1,2,19,"[2, 6]","[6, 2]",0,0,0,1,0,0,0,0,0,11,28
2024421522833,2024,421522833,618513,217152,1.16848,51.81027,3,3,5,14:27,-1,E07000076,6,0,1,1,1,"[19, 9]","[7, 5]","[3, 7]",0,0,0,1,0,1,0,0,0,11,28
2024421522897,2024,421522897,594948,225149,0.83161,51.89079,3,3,5,17:10,-1,E07000071,3,0,1,0,1,19,7,3,0,1,0,1,0,0,0,0,0,11,28
2024421522926,2024,421522926,544540,210403,0.09354,51.77364,3,3,5,12:07,-1,E07000073,6,0,1,1,1,19,-1,-1,0,0,0,1,0,0,0,0,1,11,28
2024421522930,2024,421522930,587367,187357,0.70126,51.55398,2,2,5,20:00,-1,E06000033,3,2,1,1,1,19,1,5,0,0,0,1,0,0,0,0,1,11,28
2024421523006,2024,421523006,570481,207056,0.46754,51.73628,3,3,5,23:59,-1,E07000070,6,2,1,1,1,19,2,7,0,0,0,1,0,0,0,0,1,11,28
2024421523064,2024,421523064,540484,199683,0.03047,51.67835,3,3,6,07:45,-1,E07000072,1,0,1,1,2,"[11, 19]",7,3,0,0,0,1,0,0,1,0,0,11,29
2024421523191,2024,421523191,583069,206829,0.64952,51.73028,3,3,6,11:08,-1,E07000074,6,0,1,1,2,19,"[5, 1]","[1, 5]",0,0,0,1,0,0,0,0,0,11,29
2024421523202,2024,421523202,583193,188592,0.64177,51.56644,3,3,4,18:40,-1,E06000033,3,2,1,0,1,"[19, 3]","[3, 7]","[7, 3]",0,0,0,1,0,0,0,1,0,11,27
2024421523224,2024,421523224,553461,223497,0.22854,51.88891,3,3,6,11:17,-1,E07000077,6,0,1,1,2,19,"[2, 8]","[3, 2]","[7, 0]","[8, 0]","[3, 0]",1,0,0,0,0,0,11,29
2024421523380,2024,421523380,592224,186418,0.77072,51.54391,3,3,6,15:35,-1,E06000033,3,2,1,0,2,"[14, 6]","[5, 1]","[1, 3]",0,0,0,1,0,1,0,0,0,11,29
2024421523389,2024,421523389,546908,211150,0.12815,51.77974,3,3,6,18:05,-1,E07000073,3,2,1,1,2,"[3, 19]",1,"[5, 6]",0,0,0,1,0,0,0,0,0,11,29
2024421523396,2024,421523396,595485,225201,0.83943,51.89107,2,2,6,18:10,-1,E07000071,3,2,1,0,1,19,3,7,0,0,0,1,0,0,0,0,0,11,29
2024421523406,2024,421523406,595027,225145,0.83276,51.89073,3,3,6,16:10,-1,E07000071,3,2,1,1,1,19,7,3,0,0,0,1,0,0,0,0,0,11,29
2024421523415,2024,421523415,546880,212060,0.12813,51.78792,3,3,6,17:35,-1,E07000073,3,2,1,1,2,19,7,3,0,1,1,1,0,0,0,0,0,11,29
2024421523440,2024,421523440,586066,208049,0.69352,51.74025,3,3,6,14:39,-1,E07000074,4,0,1,0,1,"[19, 2]","[8, 4, 0]","[4, 8, 0]","[0, 4]","[0, 7]",0,1,0,0,0,0,0,11,29
2024421523464,2024,421523464,580569,190601,0.60498,51.58533,3,3,6,22:25,-1,E07000075,3,2,1,1,1,19,"[6, 4]","[4, 8]",0,0,0,1,0,0,0,0,0,11,29
2024421523487,2024,421523487,597205,227304,0.8656,51.90935,2,"[2, 3]",6,17:50,-1,E07000071,4,2,1,1,2,"[19, 15]","[8, 4]","[3, 8]",0,0,0,1,0,0,0,0,0,11,29
2024421523607,2024,421523607,551419,221468,0.198,51.87124,3,3,6,14:35,-1,E07000077,3,0,1,0,2,"[19, 3]",1,3,0,0,0,1,0,0,0,0,0,11,29
2024421523711,2024,421523711,602301,224962,0.93821,51.8865,3,3,7,13:10,-1,E07000071,6,0,1,1,1,"[4, 9, 13]","[4, 5]","[8, 3]",0,0,0,1,0,1,0,0,0,11,30
2024421523747,2024,421523747,577975,190720,0.56764,51.58722,3,3,7,17:45,-1,E07000066,3,2,1,1,2,"[3, 19]",5,1,0,0,0,1,0,0,0,0,0,11,30
2024421523765,2024,421523765,577780,183364,0.56111,51.52121,3,3,7,18:40,-1,E07000069,3,2,1,1,1,19,4,8,0,"[1, 0]",0,1,0,1,0,0,0,11,30
2024421523793,2024,421523793,565104,221742,0.39673,51.86982,3,3,7,19:05,-1,E07000077,3,2,8,1,2,19,7,3,0,0,0,1,0,0,0,0,0,11,30
2024421523813,2024,421523813,580014,229301,0.61701,51.9331,3,3,7,14:28,-1,E07000067,3,0,1,1,2,19,"[1, 5]","[5, 1]",0,0,0,1,0,0,0,0,0,11,30
2024421523838,2024,421523838,581218,194241,0.61622,51.61782,3,3,7,21:55,-1,E07000075,6,2,1,1,1,"[2, 5]","[0, 1]","[0, 5]",0,"[0, 7]","[0, 11]",1,0,0,0,0,0,11,30
2024421523840,2024,421523840,568658,190073,0.43298,51.58428,3,3,7,19:28,-1,E07000066,6,2,1,1,1,"[19, 7]","[7, 1]",3,0,0,0,1,0,0,0,0,0,11,30
2024421523849,2024,421523849,586247,187234,0.68506,51.55324,3,3,6,15:24,-1,E06000033,6,0,8,0,1,19,7,3,0,0,0,1,0,0,0,0,1,11,29
2024421523963,2024,421523963,614671,222410,1.11609,51.85896,3,3,1,09:30,-1,E07000076,4,0,2,1,2,"[19, 4]",7,"[3, 5]",0,0,0,1,0,0,0,0,0,12,1
2024421524041,2024,421524041,557469,179981,0.26711,51.49684,3,3,1,14:00,-1,E06000034,3,0,1,0,2,"[11, 19]",3,1,0,0,0,1,0,0,1,0,0,12,1
2024421524068,2024,421524068,568797,183121,0.43165,51.52178,3,3,1,18:20,-1,E06000034,6,2,1,1,1,19,"[8, 2]",6,0,"[0, 1]",0,1,0,0,0,0,0,12,1
2024421524074,2024,421524074,579951,183677,0.59253,51.52334,3,3,7,13:15,-1,E07000069,4,0,2,1,1,7,7,2,0,0,0,1,0,0,0,0,1,11,30
2024421524118,2024,421524118,587299,186519,0.69984,51.54647,2,2,1,20:18,-1,E06000033,4,2,1,1,1,19,2,6,0,0,0,1,0,0,0,0,1,12,1
2024421524197,2024,421524197,580603,187240,0.60375,51.55513,2,2,2,08:09,-1,E07000069,3,0,1,1,1,19,8,4,0,0,0,1,0,0,0,0,1,12,2
2024421524203,2024,421524203,545598,211259,0.10922,51.78106,3,3,6,09:24,-1,E07000073,6,0,9,0,1,-1,-1,-1,-1,-1,0,1,1,0,0,0,0,11,8
2024421524247,2024,421524247,579737,197912,0.59673,51.65127,3,3,6,11:57,-1,E07000070,4,0,9,0,2,-1,-1,-1,-1,-1,0,1,1,0,0,0,0,11,8
2024421524271,2024,421524271,549016,240392,0.17132,52.0419,2,"[2, 3]",2,07:40,-1,E07000077,6,0,1,1,2,19,"[6, 8]","[1, 4]",0,"[0, 3]",0,1,0,0,0,0,0,12,2
2024421524348,2024,421524348,563649,179628,0.35589,51.49192,3,3,6,12:40,-1,E06000034,6,0,9,0,1,-1,-1,-1,-1,-1,0,1,0,0,0,0,0,11,8
2024421524533,2024,421524533,548154,204264,0.14327,51.71754,3,3,2,16:52,-1,E07000072,1,2,1,1,2,19,1,5,0,0,0,1,0,0,0,0,0,12,2
2024421524549,2024,421524549,550380,241699,0.19177,52.05328,3,3,2,17:05,-1,E07000077,1,2,2,1,2,"[19, 4]",-1,-1,0,0,0,1,0,0,0,0,0,12,2
2024421524585,2024,421524585,542230,200552,0.05606,51.68572,2,2,2,03:57,-1,E07000072,1,2,1,0,2,19,"[7, 3]","[3, 7]",0,0,0,1,0,0,0,0,0,12,2
2024421524592,2024,421524592,592643,184225,0.77556,51.52408,3,3,1,20:32,-1,E06000033,4,2,1,1,1,19,3,7,7,0,0,1,0,0,0,0,0,12,1
2024421524628,2024,421524628,558260,183279,0.27997,51.52625,3,3,3,00:30,-1,E06000034,6,2,1,1,2,19,1,5,0,0,0,0,0,1,0,0,0,12,3
2024421524769,2024,421524769,562168,202273,0.34504,51.69578,3,3,3,09:30,-1,E07000070,6,0,1,0,2,19,"[6, 2]","[2, 6]",0,"[7, 0]",0,1,0,0,0,0,0,12,3
2024421524813,2024,421524813,591657,185632,0.76213,51.53705,3,3,2,11:50,-1,E06000033,6,0,1,0,1,-1,-1,-1,-1,-1,0,1,0,0,0,0,1,12,2
2024421524824,2024,421524824,556242,220268,0.26746,51.85913,2,2,3,10:20,-1,E07000077,4,0,8,1,2,19,1,5,0,1,0,1,0,0,0,0,0,12,3
2024421524843,2024,421524843,569701,188605,0.44731,51.57078,3,3,3,08:32,-1,E07000066,6,0,9,0,1,19,4,8,0,0,0,1,0,0,0,0,1,11,12
2024421525024,2024,421525024,543987,209305,0.08508,51.76392,3,3,2,19:08,-1,E07000073,6,2,1,1,1,"[3, -1]",-1,-1,"[0, -1]","[0, -1]",0,1,0,0,0,0,0,12,2
2024421525062,2024,421525062,568124,196039,0.42814,51.63803,3,3,3,14:40,-1,E07000066,4,0,1,0,1,"[19, 14, 3]","[2, 6]",2,0,0,0,1,0,0,1,0,0,12,3
2024421525131,2024,421525131,611354,219011,1.06592,51.82971,2,"[2, 3]",3,16:50,-1,E07000076,4,2,1,0,2,19,"[3, 7]","[7, 3]",0,0,0,1,0,0,0,0,0,12,3
2024421525191,2024,421525191,570504,184057,0.45668,51.52968,3,3,3,19:45,-1,E06000034,4,2,1,0,1,"[19, 13]","[5, 4, 1]","[1, 4]",0,"[1, 0]","[11, 0]",1,0,0,0,0,0,12,3
2024421525199,2024,421525199,595809,187439,0.82292,51.55185,2,"[3, 2]",3,17:00,-1,E07000075,6,2,1,0,2,"[14, 19]","[7, 1]","[1, 7]","[1, 0]","[2, 0]",0,1,0,0,1,0,0,12,3
2024421525238,2024,421525238,625873,222375,1.27847,51.85423,3,3,4,01:59,-1,E07000076,6,2,1,1,1,"[2, 19]","[0, 6]","[0, 2]",0,0,0,1,0,0,0,0,0,12,4
2024421525313,2024,421525313,586854,186990,0.69368,51.55085,3,3,4,08:07,-1,E06000033,6,0,1,0,1,"[5, 19]","[7, 5]","[3, 1]",0,0,0,1,1,0,0,0,0,12,4
2024421525386,2024,421525386,551285,197380,0.18558,51.65486,3,3,4,09:05,-1,E07000072,1,0,1,0,2,"[19, 12]",3,7,0,0,0,1,0,0,0,0,0,12,4
2024421525401,2024,421525401,551124,219502,0.19286,51.85365,3,3,5,17:35,-1,E07000077,6,2,9,-1,2,"[10, 7]",-1,-1,0,0,0,1,0,0,0,0,0,11,28
2024421525441,2024,421525441,599679,228394,0.90215,51.91826,3,3,3,08:20,-1,E07000071,6,0,1,0,2,"[5, 1]","[4, 2]","[8, 6]","[0, 99]","[0, 9]","[0, 99]",1,1,0,0,0,0,12,3
2024421525450,2024,421525450,570727,206243,0.4707,51.72891,3,3,1,16:15,-1,E07000070,6,0,9,-1,1,"[19, 2]","[2, 0]","[6, 0]",0,0,0,1,0,0,0,0,1,11,24
2024421525481,2024,421525481,570255,211376,0.46638,51.77516,3,3,4,15:45,-1,E07000070,6,0,1,0,1,1,3,7,0,0,0,1,0,0,0,0,1,11,13
2024421525533,2024,421525533,601753,224727,0.93012,51.88458,3,3,4,13:25,-1,E07000071,6,0,1,0,1,2,2,6,0,0,0,1,0,0,0,0,1,12,4
2024421525565,2024,421525565,563039,180254,0.3474,51.49772,3,3,4,13:31,-1,E06000034,6,0,1,0,2,19,"[3, 7]","[7, 3]",0,0,0,1,0,0,0,0,0,12,4
2024421525571,2024,421525571,561443,195051,0.33122,51.63111,3,3,5,09:10,-1,E07000068,6,0,1,1,1,9,8,6,0,0,0,1,0,0,0,0,1,11,14
2024421525584,2024,421525584,545370,210199,0.10548,51.77159,3,3,4,15:20,-1,E07000073,6,0,1,0,1,-1,-1,-1,-1,-1,0,1,0,0,0,0,1,12,4
2024421525611,2024,421525611,581601,230327,0.64061,51.9418,3,3,4,15:08,-1,E07000067,6,0,1,0,1,"[9, 4]","[5, 1]","[3, 5]",0,0,0,1,1,0,0,0,0,12,4
2024421525629,2024,421525629,584884,188254,0.66596,51.56285,2,2,4,15:45,-1,E06000033,3,0,1,0,1,19,"[3, 1]","[7, 5]",0,"[1, 0]",0,1,0,0,0,0,0,12,4
2024421525649,2024,421525649,560841,180308,0.31579,51.49883,3,3,4,17:15,-1,E06000034,3,2,8,0,2,"[3, 5]",1,5,0,0,0,1,0,0,0,0,0,12,4
2024421525669,2024,421525669,585457,211165,0.68637,51.76844,2,2,4,16:06,-1,E07000074,6,0,1,0,2,19,6,2,0,0,0,0,0,1,0,0,1,12,4
2024421525691,2024,421525691,544075,209118,0.08627,51.76222,3,3,4,03:25,-1,E07000073,3,0,1,0,2,"[7, 5]",4,"[6, 8]",0,0,0,1,1,0,0,0,0,12,4
2024421525782,2024,421525782,599279,226232,0.89509,51.89899,3,3,4,16:42,-1,E07000071,6,2,1,0,1,7,8,3,0,0,0,1,0,0,0,0,1,12,4
2024421525806,2024,421525806,593352,221475,0.80639,51.85836,3,3,4,19:35,-1,E07000071,6,2,1,0,2,19,5,1,0,1,0,1,0,0,0,0,0,12,4
2024421525842,2024,421525842,569388,189542,0.44325,51.57929,3,3,1,05:30,-1,E07000066,3,2,1,1,2,"[19, 7]","[6, 7]","[3, 1]",0,0,0,1,0,1,0,0,0,12,1
2024421525924,2024,421525924,580512,229871,0.62454,51.93806,3,3,5,08:10,-1,E07000067,3,0,2,1,1,5,1,6,0,0,0,1,0,0,0,0,1,12,5
2024421525953,2024,421525953,601317,227344,0.92532,51.90824,3,3,5,14:39,-1,E07000071,3,0,9,-1,1,"[3, 19]",-1,-1,"[0, -1]","[0, -1]",0,1,0,0,0,0,0,11,28
2024421526031,2024,421526031,538077,197088,-0.00534,51.65563,2,2,5,08:04,-1,E07000072,3,0,2,1,2,"[5, 19]","[4, 1, 6]","[1, 6]",0,0,0,1,0,0,0,0,0,12,5
2024421526049,2024,421526049,573461,208747,0.51149,51.75056,3,3,4,08:00,-1,E07000070,3,2,1,0,1,5,"[3, 6]","[7, 1]",0,0,0,1,0,0,0,0,0,12,4
2024421526052,2024,421526052,545101,196384,0.09584,51.64754,2,2,5,10:27,-1,E07000072,1,0,2,1,2,15,1,5,0,0,0,0,0,1,0,0,0,12,5
2024421526121,2024,421526121,546817,211062,0.1268,51.77897,3,3,5,12:55,-1,E07000073,6,0,1,1,1,"[3, 19]",7,3,0,0,0,1,0,0,0,0,0,12,5
2024421526139,2024,421526139,599948,225180,0.90419,51.8893,3,3,5,12:11,-1,E07000071,6,0,1,0,1,9,1,7,0,0,0,1,0,0,0,0,1,12,5
2024421526145,2024,421526145,544207,192237,0.08122,51.6105,3,3,4,16:07,-1,E07000072,4,0,2,1,1,9,1,5,0,0,0,1,0,0,0,0,1,12,4
2024421526244,2024,421526244,541023,194492,0.03617,51.63157,3,3,6,19:45,-1,E07000072,6,2,1,0,1,"[3, 8]",3,7,0,0,0,1,0,0,0,1,0,11,29
2024421526278,2024,421526278,566657,187727,0.40301,51.5638,3,3,5,16:20,-1,E07000066,6,2,2,1,1,"[9, 19]","[1, 7]","[7, 3]",0,0,0,1,0,0,0,0,0,12,5
2024421526326,2024,421526326,613090,222743,1.09337,51.86256,3,3,5,18:44,-1,E07000076,3,2,2,1,2,"[13, 19]","[3, 7]","[7, 3]",0,0,0,1,0,0,0,0,0,12,5
2024421526383,2024,421526383,544416,209625,0.09142,51.76668,2,2,5,19:07,-1,E07000073,6,2,2,1,1,19,4,8,0,0,0,1,0,0,0,0,1,12,5
2024421526395,2024,421526395,579706,184260,0.5893,51.52865,2,2,5,21:30,-1,E07000069,4,2,2,1,1,"[19, 9]","[8, 1]","[4, 7]",0,"[7, 0]",0,1,0,1,0,0,0,12,5
2024421526402,2024,421526402,587652,185379,0.70432,51.53612,2,2,5,21:30,-1,E06000033,6,2,2,1,1,5,"[3, 7]","[7, 3]",0,0,0,1,0,1,0,0,0,12,5
2024421526438,2024,421526438,579385,219523,0.60279,51.84548,2,2,5,08:03,-1,E07000067,4,0,2,1,2,"[19, 5]","[4, 6]","[8, 4]",0,0,0,1,0,0,0,0,0,12,5
2024421526519,2024,421526519,575792,188187,0.5349,51.56516,3,3,5,07:20,-1,E07000066,3,0,2,1,2,"[5, 3, 19]",7,3,0,0,0,1,0,0,0,0,0,12,5
2024421526599,2024,421526599,582961,214621,0.65206,51.8003,3,3,6,11:05,-1,E07000067,3,0,1,0,2,19,5,1,0,0,0,1,0,0,0,0,0,12,6
2024421526711,2024,421526711,599320,221984,0.89323,51.86083,3,3,6,01:30,-1,E07000071,6,0,1,0,2,19,"[8, 3]","[3, 7]",0,"[0, 1]","[0, 9]",1,0,0,0,0,0,12,6
2024421526756,2024,421526756,574793,205221,0.529,51.71848,3,3,6,08:50,-1,E07000070,3,0,1,0,2,"[19, -1]","[-1, 1]","[-1, 5]","[0, -1]","[0, -1]",0,1,0,0,0,0,0,12,6
2024421526776,2024,421526776,571815,210373,0.48848,51.76567,2,2,6,15:24,-1,E07000070,3,0,1,0,2,19,5,1,0,0,0,1,0,0,0,0,1,12,6
2024421526781,2024,421526781,557603,178938,0.26857,51.48743,3,3,5,15:00,-1,E06000034,3,0,1,0,2,19,3,"[7, -1]",0,0,0,1,0,0,1,0,0,12,5
2024421526796,2024,421526796,597633,227809,0.8721,51.91373,3,3,6,16:23,-1,E07000071,3,2,1,0,2,19,2,6,0,0,0,1,0,0,0,0,0,12,6
2024421526800,2024,421526800,571701,212363,0.48781,51.78358,3,3,6,18:16,-1,E07000070,3,2,1,1,2,19,1,5,0,0,0,1,0,0,0,0,0,12,6
2024421526804,2024,421526804,543764,208068,0.08134,51.75286,3,3,6,19:20,-1,E07000073,6,2,2,1,1,"[19, 4]",1,"[5, 1]",0,0,0,1,0,1,0,0,0,12,6
2024421526835,2024,421526835,551052,225228,0.19432,51.90512,3,3,6,17:50,-1,E07000077,6,2,2,1,2,"[5, 4]",5,1,0,0,0,1,0,0,0,0,0,12,6
2024421526979,2024,421526979,593124,185021,0.78292,51.53106,3,3,3,18:10,-1,E06000033,3,2,1,0,1,19,1,5,0,7,11,1,0,0,0,0,1,12,3
2024421527089,2024,421527089,566255,206456,0.40611,51.73216,3,3,7,12:55,-1,E07000070,6,0,2,1,2,"[4, 19]",3,7,0,0,0,1,0,0,0,1,0,12,7
2024421527102,2024,421527102,589034,223336,0.74478,51.87655,3,3,7,13:50,-1,E07000071,3,0,5,1,2,"[19, 7]","[7, 1]",3,0,1,0,1,0,0,0,0,0,12,7
2024421527103,2024,421527103,561052,226252,0.34003,51.91152,3,3,6,16:48,-1,E07000077,4,2,1,2,2,19,1,5,0,2,10,1,0,0,0,0,0,11,29
2024421527112,2024,421527112,575741,193361,0.53675,51.61165,2,2,6,08:45,-1,E07000066,3,0,1,0,1,19,"[3, 7]","[7, 3]",0,0,0,1,1,0,0,0,0,12,6
2024421527122,2024,421527122,554031,214953,0.23301,51.81199,3,3,7,14:34,-1,E07000077,3,0,5,1,2,19,"[4, 8]","[8, 4]",0,0,0,1,0,0,0,0,0,12,7
2024421527178,2024,421527178,568870,182328,0.43232,51.51464,3,3,7,12:50,-1,E06000034,6,0,1,1,1,19,3,7,0,0,0,1,0,0,0,0,1,12,7
2024421527193,2024,421527193,544840,211139,0.09819,51.78018,3,3,7,18:30,-1,E07000073,3,2,4,1,2,19,"[1, 3]","[5, 7]",0,0,0,1,0,0,0,0,0,12,7
2024421527251,2024,421527251,559150,193725,0.29752,51.61985,3,3,1,00:13,-1,E07000068,6,2,5,1,1,19,7,2,0,0,0,1,0,0,0,0,1,12,8
2024421527272,2024,421527272,577813,188351,0.56411,51.566,1,1,7,23:30,-1,E07000069,3,2,5,1,1,19,7,4,0,0,0,1,0,0,0,0,1,12,7
2024421527279,2024,421527279,543303,199475,0.07113,51.67577,2,2,7,12:52,-1,E07000072,4,0,2,1,2,19,3,7,0,7,0,1,0,0,0,0,0,12,7
2024421527369,2024,421527369,558633,178271,0.28309,51.48115,2,"[2, 3]",1,12:15,-1,E06000034,6,0,2,1,1,"[5, 19]","[3, 1]","[1, 5]",0,0,0,1,0,0,0,0,0,12,8
2024421527385,2024,421527385,578086,204795,0.5764,51.71361,3,3,1,13:49,-1,E07000070,6,0,5,1,2,19,"[5, 1]","[1, 5]",0,0,0,1,0,0,0,0,0,12,8
2024421527424,2024,421527424,570763,189027,0.46282,51.57425,3,3,1,16:30,-1,E07000066,6,2,5,1,1,9,1,7,0,0,0,1,0,0,0,0,1,12,8
2024421527440,2024,421527440,577887,221962,0.58232,51.86787,3,3,1,11:30,-1,E07000067,4,0,4,1,2,"[7, -1]",-1,-1,"[0, -1]","[0, -1]",0,1,0,0,0,0,0,11,24
2024421527492,2024,421527492,546941,208552,0.12753,51.75639,3,3,1,18:58,-1,E07000073,3,2,4,1,2,19,5,"[1, 8]",0,0,0,1,0,0,0,0,0,12,8
2024421527494,2024,421527494,577126,189276,0.55467,51.57452,3,3,1,09:30,-1,E07000069,6,0,2,1,1,"[1, 14]",-1,-1,0,0,0,1,0,0,0,0,0,12,8
2024421527605,2024,421527605,583275,188137,0.64271,51.56233,3,3,2,07:57,-1,E06000033,6,0,1,0,1,"[7, 15]",1,"[1, 5]",0,0,0,1,0,1,0,0,0,12,9
2024421527657,2024,421527657,545788,208350,0.11076,51.75487,3,3,2,08:38,-1,E07000073,6,0,1,0,1,"[3, 19]",3,7,0,0,0,1,1,0,0,0,0,12,9
2024421527685,2024,421527685,575979,195713,0.54137,51.6327,3,3,2,10:05,-1,E07000070,6,0,1,1,2,19,"[7, 4]","[4, 7]",0,0,0,1,0,0,0,0,0,12,9
2024421527739,2024,421527739,546907,210404,0.12782,51.77304,3,3,1,21:00,-1,E07000073,3,2,2,1,2,"[19, 5]",1,5,"[10, 0]",0,0,1,0,0,0,0,0,12,8
2024421527923,2024,421527923,577640,186909,0.56089,51.5531,3,3,2,18:09,-1,E07000069,4,2,2,1,1,19,1,5,0,0,0,1,0,0,0,0,1,12,9
2024421528041,2024,421528041,570524,201493,0.46544,51.6863,3,3,7,01:00,-1,E07000070,4,2,5,1,2,"[7, 99]",-1,-1,"[0, 99]",0,0,1,0,0,0,0,0,12,7
2024421528138,2024,421528138,576257,205371,0.55025,51.71936,3,3,3,08:50,-1,E07000070,3,0,1,0,2,19,3,7,0,0,0,1,0,0,0,0,0,12,10
2024421528165,2024,421528165,552979,225605,0.22248,51.90798,3,3,7,11:20,-1,E07000077,1,0,2,1,2,"[-1, 4]",-1,-1,"[-1, 0]","[-1, 0]",0,1,0,0,0,0,0,12,7
2024421528171,2024,421528171,588126,185943,0.71144,51.54103,3,3,6,19:13,-1,E06000033,3,2,2,1,1,5,3,7,0,0,0,1,0,0,0,0,1,12,6
2024421528197,2024,421528197,594905,195957,0.81463,51.62866,3,3,2,18:00,-1,E07000074,6,2,2,1,2,9,-1,-1,0,0,0,1,0,0,0,0,1,12,9
2024421528218,2024,421528218,543086,197269,0.06709,51.656,3,3,7,15:40,-1,E07000072,3,0,2,1,1,99,-1,-1,99,9,99,0,0,0,0,1,1,11,23