collision_index,collision_year,collision_ref_no,location_easting_osgr,location_northing_osgr,longitude,latitude,casualty_severity,casualty_severity,day_of_week,time,local_authority_district,local_authority_ons_district,first_road_class,light_conditions,weather_conditions,road_surface_conditions,urban_or_rural_area,vehicle_manoeuvre,vehicle_direction_from,vehicle_direction_to,hit_object_in_carriageway,vehicle_leaving_carriageway,hit_object_off_carriageway,is_car,is_cyle,is_mcyle,is_goodsv,is_other,is_pedestrian,month,day
2024421528400,2024,421528400,599566,226746,0.89955,51.9035,3,3,3,13:50,-1,E07000071,6,0,1,0,1,19,2,6,0,0,0,0,0,0,1,0,1,12,10
2024421528433,2024,421528433,579823,192799,0.59535,51.60531,3,3,3,18:47,-1,E07000075,6,2,1,1,1,"[19, 4]",8,4,0,0,0,1,0,0,0,0,0,12,10
2024421528487,2024,421528487,586580,200234,0.69677,51.66989,3,3,3,22:30,-1,E07000074,4,2,1,0,2,"[19, 14]",3,7,0,0,0,1,0,0,0,0,0,12,10
2024421528543,2024,421528543,601979,224670,0.93336,51.88399,3,3,4,07:15,-1,E07000071,3,2,8,1,1,"[9, 99]",1,4,0,"[8, 3]",0,1,0,0,0,0,0,12,11
2024421528575,2024,421528575,573921,192636,0.51013,51.6057,3,3,4,08:33,-1,E07000066,6,0,1,1,1,19,7,3,0,0,0,1,0,0,0,0,1,12,11
2024421528578,2024,421528578,572355,188672,0.4856,51.57057,2,2,3,16:35,-1,E07000066,4,2,2,1,1,19,1,5,0,0,0,1,0,0,0,0,1,12,10
2024421528650,2024,421528650,551575,224625,0.20165,51.89956,3,3,3,11:00,-1,E07000077,6,0,1,0,2,4,8,5,0,"[1, 0]","[4, 0]",1,0,0,0,0,0,12,10
2024421528683,2024,421528683,626066,232532,1.28792,51.94532,3,3,5,12:48,-1,E07000076,4,0,9,-1,1,"[2, 19]","[0, -1]","[0, -1]",0,0,0,1,0,0,0,0,1,11,28
2024421528736,2024,421528736,612678,215837,1.08316,51.80071,3,3,4,11:37,-1,E07000076,6,0,1,0,2,"[9, 19]",3,"[1, 7]",0,"[7, 0]",0,1,0,0,0,0,0,12,11
2024421528764,2024,421528764,577151,189898,0.55535,51.5801,2,2,3,13:45,-1,E07000066,3,0,1,0,2,19,"[2, 6]","[6, 2]",0,"[7, 1]",0,1,0,0,1,0,0,12,10
2024421528765,2024,421528765,586748,185906,0.69158,51.54115,3,3,2,18:30,-1,E06000033,6,2,8,1,1,"[9, 99]","[6, 2]","[4, 6]",99,0,0,1,1,0,0,0,0,12,9
2024421528783,2024,421528783,540765,199652,0.03452,51.678,2,2,4,14:13,-1,E07000072,3,0,1,1,2,"[4, 5]",3,"[6, 7]",0,0,0,1,0,1,0,0,0,12,11
2024421528814,2024,421528814,555110,221982,0.2518,51.87484,3,3,4,22:09,-1,E07000077,3,2,2,1,2,19,3,3,0,3,7,1,0,0,0,0,0,12,4
2024421528821,2024,421528821,615038,213749,1.11604,51.78107,3,3,4,11:47,-1,E07000076,6,0,1,0,2,19,4,8,0,0,0,1,0,0,0,0,1,12,11
2024421528848,2024,421528848,573143,188533,0.49689,51.56908,3,3,7,02:10,-1,E07000066,6,0,5,1,1,"[19, 9]","[7, 5]",3,"[99, 0]","[9, 0]","[99, 0]",1,0,0,0,0,0,12,7
2024421528884,2024,421528884,560814,194226,0.32176,51.62388,3,3,4,18:45,-1,E07000068,6,2,1,0,1,"[19, 9]","[1, 5]","[5, 1]",0,0,0,1,0,0,0,0,0,12,11
2024421528935,2024,421528935,543886,197183,0.07861,51.65503,3,3,4,20:10,-1,E07000072,6,2,1,0,1,19,"[5, 8]","[2, 4]",0,0,0,1,0,0,0,0,0,12,11
2024421528942,2024,421528942,574073,203389,0.51767,51.70224,3,3,4,17:49,-1,E07000070,3,2,1,0,2,19,"[1, 0]","[4, 0]",0,0,0,1,0,0,0,0,0,12,11
2024421528967,2024,421528967,557573,178979,0.26816,51.48781,3,3,4,16:10,-1,E06000034,3,2,1,0,2,19,7,3,0,0,0,1,0,0,0,0,0,12,11
2024421529251,2024,421529251,586698,186396,0.69112,51.54557,3,3,5,13:30,-1,E06000033,6,0,1,0,1,19,1,5,0,0,0,1,0,0,0,0,1,12,5
2024421529263,2024,421529263,575662,224220,0.55119,51.88886,3,3,5,12:52,-1,E07000067,6,0,2,1,1,1,-1,-1,0,0,0,1,0,0,0,0,1,12,12
2024421529272,2024,421529272,582989,215397,0.65287,51.80726,3,3,5,13:36,-1,E07000067,3,0,1,1,1,"[19, 10]",5,"[1, 8]",0,0,0,1,0,0,0,0,0,12,12
2024421529352,2024,421529352,601722,223753,0.9291,51.87585,3,3,5,17:01,-1,E07000071,6,2,2,1,1,"[19, 9]","[3, 8]","[6, 5]",0,0,0,1,0,1,0,0,0,12,12
2024421529359,2024,421529359,568415,182624,0.42591,51.51743,3,3,5,17:40,-1,E06000034,6,2,1,0,1,-1,-1,-1,-1,-1,0,1,0,0,0,0,1,12,12
2024421529379,2024,421529379,568590,197910,0.43576,51.6547,3,3,5,17:10,-1,E07000070,6,2,2,1,1,"[19, 3]","[5, 7]","[1, 3]",0,0,0,1,0,0,0,0,0,12,12
2024421529390,2024,421529390,587011,185864,0.69534,51.54069,1,"[3, 1]",5,17:26,-1,E06000033,6,2,2,1,1,"[2, 9]","[0, 5]","[0, 3]",0,"[0, 1]",0,1,0,0,0,0,1,12,12
2024421529411,2024,421529411,575754,190274,0.53539,51.58392,3,3,3,11:27,-1,E07000066,6,0,2,1,2,"[15, 2, 19]","[1, 0, 5]","[5, 0, 1]","[4, 0]",0,0,1,0,0,0,0,0,12,10
2024421529454,2024,421529454,585752,188676,0.67869,51.56636,3,3,5,16:30,-1,E06000033,4,2,2,1,1,"[19, 99]",-1,-1,"[0, 99]",0,0,1,0,0,0,0,0,12,12
2024421529457,2024,421529457,577745,224357,0.58149,51.88943,2,2,5,16:41,-1,E07000067,3,2,1,1,2,"[6, 2, 19]","[1, 0, 4]","[7, 0, 8]",0,0,0,1,0,0,0,0,0,12,12
2024421529562,2024,421529562,589982,185445,0.73791,51.53593,3,3,6,08:15,-1,E06000033,6,0,2,1,1,19,"[5, 3]","[3, 7]",0,0,0,1,1,0,0,0,0,12,13
2024421529595,2024,421529595,595942,228519,0.84795,51.92071,3,3,5,19:25,-1,E07000071,6,2,1,1,2,19,"[5, 1]","[1, 5]","[0, 99]","[1, 3]","[0, 99]",1,0,0,0,0,0,12,12
2024421529653,2024,421529653,588571,213086,0.73249,51.78465,3,3,6,10:02,-1,E07000074,6,0,2,1,2,19,8,5,0,2,11,1,0,0,0,0,0,12,13
2024421529668,2024,421529668,588401,200486,0.72321,51.67155,2,"[3, 2]",6,09:30,-1,E07000074,4,0,2,1,2,19,"[7, 3]","[4, 5, 3]",0,0,0,1,0,0,0,0,0,12,13
2024421529836,2024,421529836,602296,226056,0.93878,51.89632,3,3,6,18:05,-1,E07000071,6,2,8,1,1,"[19, 9]","[4, 8]","[8, 6]",0,0,0,1,1,0,0,0,0,12,13
2024421529878,2024,421529878,576855,195034,0.55367,51.62633,3,3,6,16:50,-1,E07000070,3,2,1,0,2,19,"[7, 1]","[3, 2, 4]",0,"[0, 1]","[0, 4]",1,0,0,0,0,0,12,13
2024421529901,2024,421529901,587193,190997,0.70069,51.58673,3,3,6,06:00,-1,E07000075,6,2,1,0,1,5,1,5,0,0,0,1,0,0,0,0,0,12,13
2024421530016,2024,421530016,579520,188695,0.58889,51.56855,3,3,7,11:09,-1,E07000069,6,0,1,0,1,19,7,3,0,1,4,1,0,0,0,0,0,12,14
2024421530028,2024,421530028,601266,225664,0.9236,51.89317,3,3,7,10:55,-1,E07000071,3,0,1,1,1,"[13, 4]","[1, 2]","[6, 5]",0,0,0,1,0,1,0,0,0,12,14
2024421530037,2024,421530037,559511,193958,0.30283,51.62184,2,2,7,12:30,-1,E07000068,6,0,1,1,1,19,2,6,0,0,0,1,0,0,0,0,1,12,14
2024421530066,2024,421530066,590825,188503,0.7517,51.56311,3,3,6,21:00,-1,E07000075,6,2,1,1,2,19,"[5, 1]","[1, 5]",0,0,0,1,0,0,0,0,0,12,13
2024421530067,2024,421530067,568896,217266,0.44957,51.82848,2,2,6,19:37,-1,E07000070,4,2,1,0,2,19,"[5, 1]","[8, 5]",0,"[7, 0]","[4, 0]",1,0,0,0,0,0,12,13
2024421530145,2024,421530145,574807,193224,0.52321,51.61071,3,3,7,14:00,-1,E07000066,3,0,1,1,1,"[5, 4]",5,3,99,0,0,1,0,0,0,0,0,12,14
2024421530199,2024,421530199,616643,216419,1.14094,51.80442,3,3,7,18:38,-1,E07000076,6,2,1,0,1,"[10, 7]","[7, 3]",5,0,0,0,1,0,0,0,0,0,12,14
2024421530306,2024,421530306,569234,209111,0.4505,51.75512,2,2,1,07:45,-1,E07000070,6,0,1,1,1,19,3,8,0,0,0,0,0,1,0,0,0,12,15
2024421530364,2024,421530364,547450,200616,0.13155,51.68495,3,3,1,06:54,-1,E07000072,1,0,1,1,2,19,6,2,0,0,0,0,0,1,0,0,0,12,15
2024421530377,2024,421530377,602907,220336,0.94429,51.84474,3,3,5,20:30,-1,E07000071,6,0,8,0,2,-1,-1,-1,-1,-1,0,1,0,0,0,0,0,12,12
2024421530386,2024,421530386,552149,240094,0.21684,52.03838,2,2,7,11:00,-1,E07000077,4,0,1,1,2,19,"[1, 5]","[5, 1]",0,0,0,1,0,0,0,0,0,12,14
2024421530390,2024,421530390,566674,206120,0.41201,51.72902,3,3,7,20:31,-1,E07000070,6,2,1,1,2,19,"[4, 2]","[3, 4]",0,0,0,1,0,0,0,0,0,11,30
2024421530489,2024,421530489,603022,230985,0.95222,51.94031,3,3,1,16:49,-1,E07000071,6,2,1,0,2,19,"[5, 7]","[7, 3]",0,"[0, 1]",0,1,0,0,0,0,0,12,15
2024421530523,2024,421530523,543420,196544,0.07162,51.6494,3,3,7,23:30,-1,E07000072,6,2,8,1,1,19,-1,-1,"[0, -1]","[0, -1]",0,1,0,0,0,1,0,12,14
2024421530537,2024,421530537,560444,221517,0.329,51.86916,3,3,1,19:40,-1,E07000077,3,2,1,0,2,19,7,3,0,1,4,1,0,0,0,0,0,12,15
2024421530546,2024,421530546,576890,222917,0.56835,51.87676,2,2,7,21:02,-1,E07000067,6,2,1,1,1,14,2,4,0,0,0,0,0,0,0,0,0,12,14
2024421530605,2024,421530605,565966,189220,0.39375,51.57741,3,3,2,07:50,-1,E07000066,4,0,8,2,2,"[6, 3, 19]","[1, 5]","[5, 1]",0,"[1, 0]",0,1,0,0,0,0,0,12,16
2024421530679,2024,421530679,588750,187464,0.72125,51.55448,3,3,1,11:10,-1,E06000033,3,0,8,0,2,3,"[3, 7]","[7, 3]",0,0,0,1,0,0,0,0,0,12,15
2024421530840,2024,421530840,571842,210173,0.48877,51.76387,2,2,2,08:08,-1,E07000070,3,0,1,0,2,"[19, 3]",1,5,0,0,0,1,0,1,0,0,0,12,16
2024421530858,2024,421530858,595353,215855,0.83224,51.80719,2,"[3, 2]",2,16:00,-1,E07000071,6,2,1,1,2,19,"[5, 1]","[2, 5]",0,0,0,1,0,1,0,0,0,12,16
2024421530887,2024,421530887,549586,198545,0.16153,51.66578,3,3,2,11:00,-1,E07000072,1,0,1,0,2,"[11, 19]",4,8,"[7, 0]",0,0,1,0,0,1,0,0,12,16
2024421530937,2024,421530937,589782,187189,0.73597,51.55166,2,2,5,17:20,-1,E06000033,6,2,2,1,1,"[19, 9]","[5, 7]","[1, 5]",0,0,0,1,1,0,0,0,0,12,5
2024421530967,2024,421530967,583936,185974,0.65111,51.54269,2,"[2, 3]",2,19:41,-1,E06000033,6,2,1,1,1,19,7,3,0,0,0,0,0,1,0,0,0,12,16
2024421531029,2024,421531029,576984,220251,0.56834,51.85279,3,3,2,10:35,-1,E07000067,6,0,1,0,2,19,1,5,0,1,3,1,0,0,0,0,0,12,16
2024421531038,2024,421531038,591267,185718,0.75656,51.53795,3,3,3,06:22,-1,E06000033,6,2,1,1,1,"[7, 19]","[7, 5]","[5, 1]",0,0,0,1,1,0,0,0,0,12,17
2024421531067,2024,421531067,574762,224205,0.53812,51.889,3,3,5,06:30,-1,E07000067,6,2,9,0,2,19,6,2,0,0,0,1,0,0,0,0,0,12,5
2024421531080,2024,421531080,617693,216397,1.15613,51.80381,3,3,3,09:02,-1,E07000076,4,0,1,0,1,19,5,1,0,0,0,1,0,0,0,0,1,12,17
2024421531169,2024,421531169,569575,183875,0.44321,51.52832,3,3,1,17:00,-1,E06000034,6,2,1,0,1,5,6,2,0,0,0,1,0,0,0,0,1,12,15
2024421531171,2024,421531171,543708,200412,0.07737,51.68409,3,3,2,18:29,-1,E07000072,4,2,1,1,2,19,"[2, 6]","[7, 3]",0,0,0,1,0,0,0,0,0,12,16
2024421531221,2024,421531221,572411,205429,0.49466,51.72108,3,3,6,14:00,-1,E07000070,6,0,9,-1,1,-1,-1,-1,-1,-1,0,1,0,0,0,0,0,12,6
2024421531250,2024,421531250,570352,211246,0.46772,51.77396,2,2,5,16:15,-1,E07000070,6,0,1,0,1,19,6,2,0,0,0,1,0,0,0,0,1,12,5
2024421531340,2024,421531340,596681,225116,0.85674,51.88989,3,3,3,07:30,-1,E07000071,3,0,8,1,1,"[5, 19]","[5, 3]","[1, 7]",99,0,0,1,1,0,0,0,0,12,17
2024421531352,2024,421531352,589587,216245,0.74892,51.81268,3,3,3,16:20,-1,E07000071,4,2,1,1,2,"[19, 10]","[8, 2]","[4, 8]",0,0,0,1,0,0,0,0,0,12,17
2024421531366,2024,421531366,594018,225860,0.81851,51.8975,3,3,3,15:50,-1,E07000071,3,0,1,0,1,"[19, 4]",4,8,0,0,0,1,0,0,1,0,0,12,17
2024421531382,2024,421531382,580631,223136,0.62275,51.87753,3,3,3,15:59,-1,E07000067,3,2,1,1,2,"[2, 19]","[7, 3]","[6, 7, 3]",0,"[0, 1]",0,1,0,0,0,0,0,12,17
2024421531415,2024,421531415,577366,222749,0.57517,51.8751,3,3,3,15:26,-1,E07000067,6,0,1,0,1,4,8,4,0,0,0,1,0,0,0,0,1,12,17
2024421531443,2024,421531443,568545,188687,0.43068,51.57186,2,2,4,08:50,-1,E07000066,6,0,4,1,1,"[5, 4]",-1,-1,99,"[1, 2]","[0, 99]",1,1,0,0,0,0,12,11
2024421531446,2024,421531446,550683,224277,0.18855,51.89667,3,3,4,09:23,-1,E07000077,4,0,1,0,2,"[3, 6]",-1,-1,0,0,0,1,0,0,0,0,0,12,11
2024421531465,2024,421531465,570183,205665,0.46255,51.72388,3,3,3,19:20,-1,E07000070,6,2,1,1,1,"[2, 19]","[0, 7]","[0, 3]","[0, 4]",0,0,1,0,0,0,0,0,12,17
2024421531479,2024,421531479,570442,206289,0.4666,51.72941,3,3,3,17:59,-1,E07000070,6,2,1,0,1,4,5,1,0,0,0,1,0,0,0,0,1,12,17
2024421531517,2024,421531517,545190,208147,0.10201,51.7532,3,3,3,22:45,-1,E07000073,3,2,5,1,1,"[9, 19]","[3, 7]","[7, 3]",0,0,0,1,0,0,0,0,0,12,17
2024421531588,2024,421531588,614273,212774,1.10436,51.77261,3,3,7,12:50,-1,E07000076,6,0,9,0,2,-1,-1,-1,-1,-1,0,1,0,0,0,0,0,11,23
2024421531605,2024,421531605,616355,215961,1.13648,51.80042,3,3,1,09:35,-1,E07000076,6,0,9,0,1,-1,-1,-1,-1,-1,0,1,0,0,0,0,1,11,24
2024421531610,2024,421531610,601087,227630,0.92215,51.91089,3,3,4,15:40,-1,E07000071,6,0,9,0,1,-1,-1,-1,-1,-1,0,1,0,0,0,0,1,11,20
2024421531726,2024,421531726,556715,191550,0.2614,51.60099,3,3,3,21:19,-1,E07000068,6,2,9,-1,2,19,-1,-1,-1,-1,0,1,0,0,0,0,0,12,3
2024421531727,2024,421531727,583267,185852,0.64141,51.54181,3,3,4,07:05,-1,E06000033,6,2,1,1,2,4,-1,-1,0,0,0,1,0,0,0,0,1,12,18
2024421531882,2024,421531882,546475,194451,0.11487,51.62981,3,3,4,14:15,-1,E07000072,3,0,1,0,2,"[5, 19]","[4, 1]",6,0,0,0,1,0,0,0,0,0,12,18
2024421531934,2024,421531934,557502,178789,0.26705,51.48612,3,3,4,17:10,-1,E06000034,3,2,2,1,2,19,5,1,0,0,0,1,0,0,1,0,0,12,18
2024421531959,2024,421531959,558686,188459,0.28844,51.57267,3,3,4,18:25,-1,E07000068,3,2,2,1,2,"[3, 19]",3,7,0,0,0,1,0,0,0,0,0,12,18
2024421532040,2024,421532040,579313,228357,0.60633,51.92485,1,1,4,19:52,-1,E07000067,3,2,2,1,2,19,"[3, 6]","[6, 2]",0,"[3, 0]",0,1,0,1,0,0,0,12,18
2024421532214,2024,421532214,577701,187707,0.56217,51.56025,3,3,5,08:33,-1,E07000069,6,0,1,0,1,19,5,1,0,0,0,1,0,0,0,0,1,12,19
2024421532334,2024,421532334,564814,179520,0.37261,51.49061,3,3,5,11:31,-1,E06000034,6,0,1,0,1,2,3,7,11,1,2,1,0,0,0,0,0,12,19
2024421532335,2024,421532335,546934,205090,0.12597,51.72528,3,3,5,11:49,-1,E07000072,4,0,1,0,2,"[19, 10]",1,"[5, 7]",0,0,0,1,0,0,0,0,0,12,19
2024421532418,2024,421532418,603132,227860,0.95197,51.91221,2,2,5,12:54,-1,E07000076,3,0,1,0,2,"[19, 4]",2,6,0,0,0,0,0,1,0,0,0,12,19
2024421532527,2024,421532527,573129,190015,0.49742,51.5824,3,3,5,18:25,-1,E07000066,3,2,1,1,1,"[19, 9]",-1,-1,0,0,0,1,0,0,0,0,0,12,19
2024421532557,2024,421532557,587144,191050,0.70002,51.58722,3,3,4,14:45,-1,E07000075,6,0,1,0,1,"[19, 7]","[8, 3]",5,0,0,0,1,0,1,0,0,0,12,18
2024421532572,2024,421532572,603048,230976,0.95259,51.94022,3,3,5,21:22,-1,E07000071,6,2,1,0,2,7,"[7, 5]",1,0,"[0, 1]",0,1,0,0,0,0,0,12,19
2024421532610,2024,421532610,576277,188314,0.54195,51.56615,3,3,5,23:08,-1,E07000066,3,2,1,1,2,19,"[3, 8]","[7, 5, 4]",0,0,0,1,0,0,0,0,0,12,19
2024421532613,2024,421532613,572722,208103,0.50048,51.745,2,2,6,01:18,-1,E07000070,4,2,1,0,1,"[19, 4]",5,1,0,0,0,1,0,1,0,0,0,12,20
2024421532619,2024,421532619,566296,201455,0.40432,51.68723,3,3,6,04:00,-1,E07000070,3,2,1,0,2,19,4,8,0,0,0,1,0,0,1,0,0,12,20
2024421532649,2024,421532649,573233,190453,0.49913,51.5863,3,3,6,07:15,-1,E07000066,3,2,1,0,1,19,"[1, 7]","[5, 3]",0,0,0,1,1,0,0,0,0,12,20
2024421532721,2024,421532721,558688,177304,0.28345,51.47245,1,1,6,06:30,-1,E06000034,3,2,1,1,1,5,1,5,0,0,0,0,0,0,0,1,1,12,20
2024421532825,2024,421532825,587807,185431,0.70658,51.53653,3,3,6,08:34,-1,E06000033,6,0,1,1,1,"[10, 19]","[3, 7]","[1, 3]",0,0,0,1,0,0,0,0,0,12,20
2024421532866,2024,421532866,542454,195897,0.05741,51.64384,3,3,6,12:25,-1,E07000072,6,0,1,0,1,5,4,4,0,0,0,1,0,0,0,0,1,12,20
2024421532914,2024,421532914,577525,226918,0.57962,51.9125,3,3,6,09:45,-1,E07000067,3,0,8,0,1,19,1,5,0,0,0,0,0,0,1,0,1,12,20
2024421532919,2024,421532919,574424,188795,0.51548,51.57104,2,2,6,08:50,-1,E07000066,6,0,1,0,1,"[99, 19]","[-1, 1]","[-1, 5]",99,"[9, 0]","[99, 0]",1,1,0,0,0,0,12,20
2024421533044,2024,421533044,618707,230760,1.1799,51.93236,3,3,6,15:56,-1,E07000076,4,2,1,1,2,19,"[8, 2]","[2, 8]",0,"[0, 1]",0,1,0,0,0,0,0,12,20
2024421533047,2024,421533047,570607,206872,0.46927,51.73459,3,3,6,18:00,-1,E07000070,3,2,2,1,1,19,1,5,0,0,0,1,0,0,0,0,1,12,20
2024421533182,2024,421533182,599157,222762,0.89132,51.86787,3,3,7,04:53,-1,E07000071,6,2,1,1,2,19,"[8, 6]","[4, 8]",0,0,0,1,0,0,0,0,0,12,21
2024421533205,2024,421533205,546954,206146,0.12671,51.73477,3,3,7,08:50,-1,E07000072,4,0,2,1,2,"[5, 19]","[5, 6]","[1, 2]",0,0,0,1,1,0,0,0,0,12,21
2024421533231,2024,421533231,569400,190472,0.44387,51.58764,3,3,2,19:11,-1,E07000066,6,2,1,0,1,-1,-1,-1,-1,-1,0,1,0,0,0,0,1,12,2
2024421533337,2024,421533337,550794,236220,0.19539,52.00394,3,3,1,12:30,-1,E07000077,1,0,2,1,2,4,-1,-1,0,0,0,1,0,0,0,0,0,12,8
2024421533354,2024,421533354,616353,219779,1.13883,51.83469,3,3,7,16:37,-1,E07000076,4,2,2,1,2,19,1,5,0,0,0,1,0,0,0,0,1,12,21
2024421533456,2024,421533456,547584,207041,0.1362,51.74264,2,2,1,00:40,-1,E07000072,3,2,1,0,2,7,7,5,0,0,0,1,0,0,0,0,0,12,22
2024421533530,2024,421533530,542386,199014,0.05769,51.67186,3,3,7,22:05,-1,E07000072,3,2,1,1,2,19,6,2,0,0,0,1,0,0,0,0,0,12,21
2024421533667,2024,421533667,577355,195202,0.56097,51.62768,3,3,1,13:28,-1,E07000070,3,0,1,0,2,19,"[1, 3]",7,0,0,0,1,0,1,0,0,0,12,22
2024421533681,2024,421533681,562307,178624,0.33612,51.48328,3,3,1,13:00,-1,E06000034,3,0,1,0,1,19,-1,-1,99,"[0, 1]",0,1,0,0,0,0,0,12,22
2024421533768,2024,421533768,576211,188345,0.54102,51.56645,3,3,7,23:48,-1,E07000066,3,2,1,0,2,19,"[7, 5]","[3, 1]",0,0,0,1,0,0,0,0,0,12,21
2024421533860,2024,421533860,596548,223819,0.85407,51.87829,3,3,2,07:42,-1,E07000071,6,0,1,0,1,19,7,3,0,0,0,1,1,0,0,0,0,12,23
2024421534116,2024,421534116,575777,190909,0.53604,51.58961,3,3,2,13:30,-1,E07000066,6,0,1,0,2,"[10, 19]",5,1,0,0,0,1,0,0,0,0,0,12,23
2024421534143,2024,421534143,587513,186472,0.7029,51.54598,3,3,2,15:00,-1,E06000033,6,0,1,0,1,"[1, 2]","[1, 0]","[5, 0]","[4, 0]",0,0,1,0,0,0,0,0,12,23
2024421534179,2024,421534179,572878,189095,0.49334,51.57421,3,3,2,18:16,-1,E07000066,6,2,1,1,1,19,1,5,0,0,0,1,0,0,0,0,1,12,23
2024421534211,2024,421534211,562331,178746,0.33652,51.48437,3,3,2,19:20,-1,E06000034,6,2,1,1,1,19,-1,-1,"[0, 99]",0,0,1,0,0,0,0,0,12,23
2024421534237,2024,421534237,568938,207507,0.44543,51.7408,3,3,2,13:10,-1,E07000070,3,0,1,0,1,10,-1,-1,"[4, 0]","[7, 0]",0,1,0,0,0,0,0,12,23
2024421534252,2024,421534252,561042,194503,0.32518,51.6263,2,2,2,21:47,-1,E07000068,6,2,1,0,1,19,1,5,0,7,0,1,0,0,0,0,0,12,23
2024421534281,2024,421534281,602193,213209,0.92978,51.781,3,3,2,12:19,-1,E07000071,6,0,1,0,2,"[2, 19]","[0, 5]","[0, 1]","[0, 4]",0,0,1,0,0,0,0,0,12,23
2024421534532,2024,421534532,541643,194003,0.04493,51.62702,1,1,3,07:30,-1,E07000072,4,2,1,1,1,13,3,7,0,0,0,1,0,0,0,0,1,12,24
2024421534637,2024,421534637,563238,176970,0.34875,51.46816,2,"[3, 2]",3,14:12,-1,E06000034,3,0,1,1,2,"[2, 19]","[0, 5]","[0, 5]","[9, 11]","[1, 7]",0,1,0,0,0,0,1,12,24
2024421534639,2024,421534639,615195,214698,1.1189,51.78953,3,3,3,19:33,-1,E07000076,6,2,1,0,2,19,"[5, 7]","[1, 4]","[10, 0]","[0, 8]",0,1,0,0,0,0,0,12,24
2024421534678,2024,421534678,575019,223078,0.54127,51.8788,3,3,1,01:29,-1,E07000067,4,2,1,0,1,"[19, 9]","[7, 1]","[3, 7]",0,0,0,1,0,0,1,0,0,12,22
2024421534752,2024,421534752,551938,221898,0.20572,51.87496,3,3,4,21:50,-1,E07000077,1,2,1,1,2,19,3,7,0,0,0,1,0,0,0,0,0,12,25
2024421534841,2024,421534841,576674,220777,0.56412,51.85761,3,3,3,22:22,-1,E07000067,6,2,1,0,2,19,1,5,0,0,0,1,0,0,0,0,1,12,24
2024421534878,2024,421534878,570606,206877,0.46926,51.73464,3,3,3,16:30,-1,E07000070,3,2,1,0,1,"[5, 19]","[-1, 5]","[-1, 1]",0,0,0,1,0,0,0,0,0,12,24
2024421535136,2024,421535136,544574,208373,0.09319,51.75539,3,3,6,12:53,-1,E07000073,6,0,1,1,1,19,"[7, 2]","[2, 7]",0,0,0,1,0,1,0,0,0,12,27
2024421535212,2024,421535212,586847,192263,0.69638,51.59821,3,3,6,14:45,-1,E07000075,6,0,7,1,1,"[9, 19]","[5, 1]","[3, 5]",0,0,0,1,0,0,0,0,0,12,27
2024421535461,2024,421535461,546267,196572,0.11275,51.64892,3,3,7,16:20,-1,E07000072,3,2,2,1,2,14,3,1,0,0,0,0,0,0,1,0,1,12,28
2024421535606,2024,421535606,571223,206653,0.47808,51.73244,3,3,1,06:41,-1,E07000070,3,2,1,1,1,19,5,1,0,0,0,1,0,0,0,0,0,12,29
2024421535624,2024,421535624,559225,177491,0.29126,51.47398,3,3,7,19:54,-1,E06000034,6,2,1,0,1,"[9, 19]",7,"[5, 3]","[0, 99]",0,0,1,0,0,0,0,0,12,28
2024421535654,2024,421535654,597156,223295,0.8626,51.87337,3,3,1,15:30,-1,E07000071,4,0,1,0,1,"[9, 19]","[7, 3]","[5, 7]",0,0,0,1,1,0,0,0,0,12,29
2024421535734,2024,421535734,553734,221324,0.23154,51.86931,2,2,1,22:40,-1,E07000077,4,2,1,0,2,"[2, 19]","[0, 7]","[0, 3]","[4, 10]","[0, 1]","[0, 10]",1,0,0,0,0,0,12,29
2024421535742,2024,421535742,576731,223363,0.56627,51.88082,2,2,4,13:33,-1,E07000067,4,0,1,1,1,"[9, 19]","[1, 7]","[7, 3]",0,0,0,1,0,0,0,0,0,12,25
2024421535756,2024,421535756,561318,196226,0.32996,51.6417,3,3,1,12:30,-1,E07000068,3,0,1,0,2,19,"[3, 2]","[6, 7]",0,0,0,1,0,0,0,0,0,12,29
2024421535852,2024,421535852,571220,206626,0.47802,51.7322,2,2,2,09:37,-1,E07000070,3,0,1,0,1,"[19, 12]","[1, 5]","[5, 1]",0,0,0,1,0,0,1,0,0,12,30
2024421536139,2024,421536139,582900,186855,0.63664,51.55093,3,3,3,16:30,-1,E06000033,6,0,1,0,1,-1,-1,-1,-1,-1,0,1,0,0,0,1,0,12,10
2024421536267,2024,421536267,603703,224002,0.95798,51.87737,3,3,2,20:46,-1,E07000071,4,2,1,0,2,-1,-1,-1,-1,-1,0,1,0,0,0,0,0,12,30
2024421536355,2024,421536355,543533,210451,0.07898,51.77433,3,3,3,15:15,-1,E07000073,6,0,1,0,1,2,-1,-1,4,0,0,1,0,0,0,0,0,12,31
2024421536377,2024,421536377,584227,185858,0.65524,51.54155,3,3,3,11:20,-1,E06000033,6,0,1,0,1,19,-1,-1,11,0,0,0,0,0,0,0,1,12,31
2024421536386,2024,421536386,604532,223736,0.96985,51.87467,3,3,3,17:13,-1,E07000071,6,2,1,0,2,"[19, 9]","[7, 2]","[3, 7]",0,0,0,1,0,0,0,0,0,12,31
2024421536416,2024,421536416,581261,230561,0.63579,51.94401,2,2,3,19:10,-1,E07000067,3,2,1,0,1,19,6,2,0,0,0,1,0,0,0,0,1,12,31