collision_index,collision_year,collision_ref_no,location_easting_osgr,location_northing_osgr,longitude,latitude,casualty_severity,casualty_severity,day_of_week,time,local_authority_district,local_authority_ons_district,first_road_class,light_conditions,weather_conditions,road_surface_conditions,urban_or_rural_area,vehicle_manoeuvre,vehicle_direction_from,vehicle_direction_to,hit_object_in_carriageway,vehicle_leaving_carriageway,hit_object_off_carriageway,is_car,is_cyle,is_mcyle,is_goodsv,is_other,is_pedestrian,month,day
2024430085875,2024,430085875,461627,205042,-1.10887,51.7407,3,3,6,08:04,-1,E07000179,6,0,1,0,2,"[19, 9]","[3, 7]","[7, 5]",0,0,0,1,0,0,0,0,0,2,23
2024430086000,2024,430086000,461835,207209,-1.10548,51.76016,3,3,6,10:12,-1,E07000179,1,0,1,0,2,19,1,5,0,0,0,1,0,0,1,0,0,2,23
2024430086157,2024,430086157,448671,176158,-1.3005,51.48229,2,"[3, 2]",6,11:39,-1,E06000037,3,0,1,0,2,"[4, 19]",2,6,0,0,0,1,0,0,0,0,0,2,23
2024430086654,2024,430086654,440245,213569,-1.41754,51.8193,3,3,4,07:46,-1,E07000181,3,0,1,1,2,"[19, 7]","[2, 5]",6,0,"[0, 1]",0,1,0,0,0,0,0,2,28
2024430087162,2024,430087162,473360,173293,-0.94561,51.45388,3,3,6,22:51,-1,E06000038,3,2,1,0,1,"[19, 9]","[6, 8, 2]","[2, 6]",0,0,0,1,0,0,0,0,0,2,23
2024430087372,2024,430087372,481527,240042,-0.81246,52.05278,3,3,6,17:45,-1,E06000042,5,2,2,1,2,"[3, 19]",8,4,0,0,0,1,0,0,0,0,0,2,23
2024430087468,2024,430087468,484132,208300,-0.78222,51.76707,3,3,7,07:45,-1,E06000060,4,0,1,2,2,19,2,6,0,7,11,1,0,0,0,0,0,2,24
2024430087742,2024,430087742,492287,176097,-0.67255,51.47632,2,2,7,13:29,-1,E06000040,4,0,1,0,1,"[13, 19]","[6, 2]","[2, 6]","[0, 10]","[0, 1]",0,0,1,0,1,0,0,2,24
2024430087950,2024,430087950,424737,189920,-1.64419,51.60758,3,3,7,11:10,-1,E07000180,6,0,1,0,2,19,9,9,0,0,0,1,0,0,0,0,1,2,24
2024430088099,2024,430088099,449524,211299,-1.28325,51.79815,1,1,7,18:41,-1,E07000177,3,2,1,0,2,19,1,5,0,"[0, 4]",0,1,1,0,0,0,0,2,24
2024430088189,2024,430088189,471476,173318,-0.97271,51.45434,3,3,7,16:30,-1,E06000038,6,0,1,0,1,19,2,6,0,0,0,1,0,0,0,0,1,2,24
2024430088235,2024,430088235,451170,207284,-1.25998,51.76191,2,2,7,20:32,-1,E07000178,6,2,1,0,1,"[5, 19]","[1, 7]","[5, 4]",0,0,0,1,0,0,0,0,0,2,24
2024430089139,2024,430089139,498146,179684,-0.58722,51.50757,3,3,1,14:30,-1,E06000039,6,0,1,0,1,"[1, 19]","[8, 4]","[4, 8]",0,0,0,1,1,0,0,0,0,2,25
2024430089282,2024,430089282,489728,238806,-0.69322,52.0404,3,3,7,11:39,-1,E06000042,5,0,1,0,2,"[19, 3]",2,6,0,0,0,1,0,0,0,0,0,2,24
2024430089288,2024,430089288,494652,182362,-0.63683,51.53224,3,3,7,18:55,-1,E06000039,6,2,1,0,1,19,"[5, 7]","[1, 3]",0,0,0,1,0,0,0,0,0,2,24
2024430089631,2024,430089631,497268,204368,-0.59302,51.7296,3,3,1,19:50,-1,E06000060,3,2,2,1,2,19,"[1, 6]","[6, 1]",0,"[0, 1]","[0, 4]",1,0,0,0,0,0,2,25
2024430089840,2024,430089840,486264,187716,-0.75641,51.58171,3,3,1,15:40,-1,E06000060,3,0,1,0,2,"[19, 3]",1,5,0,0,0,1,0,0,0,0,0,2,25
2024430089857,2024,430089857,427906,207410,-1.59704,51.76468,3,3,1,22:23,-1,E07000181,4,2,1,0,1,"[8, 7]","[1, 7]","[3, 1]",0,0,0,1,0,0,0,0,0,2,25
2024430089893,2024,430089893,494846,189391,-0.63214,51.59539,3,3,2,06:08,-1,E06000060,1,2,4,0,2,19,4,8,11,0,0,1,0,0,0,0,0,2,26
2024430089923,2024,430089923,448668,206649,-1.29631,51.75642,3,3,2,07:36,-1,E07000180,3,0,1,0,2,4,6,2,0,0,0,1,0,0,0,0,0,2,26
2024430089964,2024,430089964,459850,173344,-1.14001,51.45592,3,3,2,08:20,-1,E06000037,6,0,1,1,2,"[4, 19]","[8, 4]","[4, 8]",0,0,0,1,0,0,0,0,0,2,26
2024430090822,2024,430090822,455712,204642,-1.19459,51.73772,3,3,2,13:00,-1,E07000178,6,0,1,0,1,"[9, 19]","[1, 5]","[7, 1]",0,0,0,1,0,0,0,0,0,2,26
2024430090910,2024,430090910,451146,214478,-1.25927,51.82659,3,3,4,07:48,-1,E07000177,6,0,1,1,2,"[8, 4]",3,"[5, 7]",0,0,0,1,0,1,0,0,0,2,14
2024430090981,2024,430090981,498085,197877,-0.58302,51.67111,3,3,2,18:07,-1,E06000060,3,0,1,0,1,19,4,8,0,0,0,1,0,0,0,0,1,2,26
2024430091111,2024,430091111,446706,241643,-1.32,52.07119,3,3,6,08:50,-1,E07000177,6,0,1,0,1,"[9, 19]","[7, 5]","[3, 1]",0,0,0,1,1,0,0,0,0,2,23
2024430091445,2024,430091445,453341,208896,-1.22828,51.7762,3,3,7,11:00,-1,E07000178,4,0,1,0,2,19,4,7,0,0,0,1,1,0,0,0,0,2,24
2024430091896,2024,430091896,458767,186573,-1.15339,51.57497,3,3,3,08:36,-1,E07000179,6,0,1,0,2,19,1,0,0,0,0,1,1,0,0,0,0,2,27
2024430092150,2024,430092150,445337,240179,-1.34017,52.05814,3,3,3,13:00,-1,E07000177,3,0,1,0,1,"[8, 19]","[3, 5]","[7, 1]",0,0,0,1,1,0,0,0,0,2,27
2024430092510,2024,430092510,455514,207342,-1.19703,51.76202,3,3,3,10:50,-1,E07000178,6,0,1,0,1,"[2, 19]","[0, 5]","[0, 1]",0,0,0,1,0,0,0,0,0,2,27
2024430092541,2024,430092541,485759,193279,-0.76234,51.6318,3,3,7,13:50,-1,E06000060,5,0,1,0,1,"[7, 19]","[1, 7]",3,0,0,0,1,1,0,0,0,0,2,24
2024430092578,2024,430092578,452986,205180,-1.23399,51.74283,3,3,1,18:50,-1,E07000178,6,2,1,0,1,"[9, 19]","[8, 6]","[6, 2]",0,0,0,0,1,0,0,0,0,2,25
2024430092579,2024,430092579,487804,233083,-0.72273,51.98927,3,3,3,16:18,-1,E06000042,6,0,1,0,1,"[10, 19]",7,"[5, 3]",0,0,0,1,1,0,0,0,0,2,27
2024430092786,2024,430092786,489013,180688,-0.71853,51.51811,3,3,3,18:35,-1,E06000040,6,2,1,0,1,19,8,4,0,0,0,1,0,0,0,0,1,2,27
2024430093289,2024,430093289,482000,212208,-0.81219,51.80251,3,3,1,16:00,-1,E06000060,6,0,1,0,1,"[7, 19]","[4, 2]",6,0,0,0,1,0,0,0,0,0,2,25
2024430093293,2024,430093293,497963,180850,-0.58953,51.51809,3,3,3,18:05,-1,E06000039,4,2,1,0,1,19,7,3,0,0,0,1,1,0,0,0,0,2,27
2024430094237,2024,430094237,469431,172466,-1.0023,51.44694,3,3,4,15:03,-1,E06000038,3,0,1,1,1,19,4,8,0,0,0,1,0,0,0,0,1,2,28
2024430094367,2024,430094367,439604,189514,-1.42956,51.60308,3,3,4,16:06,-1,E07000180,6,0,1,0,2,4,1,5,0,0,0,1,0,1,0,0,0,2,28
2024430094556,2024,430094556,487072,185099,-0.7454,51.55806,3,3,4,17:53,-1,E06000040,6,2,1,1,1,19,6,2,0,0,0,1,0,0,0,0,1,2,21
2024430095147,2024,430095147,453037,202881,-1.2336,51.72215,3,3,3,15:45,-1,E07000178,3,0,1,0,2,"[3, 19]",7,3,0,0,0,1,0,0,0,0,0,2,27
2024430095154,2024,430095154,470470,172525,-0.98734,51.44734,2,2,4,08:25,-1,E06000038,3,0,1,0,1,"[9, 19]","[3, 7]","[1, 3]",0,0,0,1,1,0,0,0,0,2,28
2024430095311,2024,430095311,448712,234896,-1.2917,52.01037,3,3,5,08:11,-1,E07000177,4,0,1,1,2,"[10, 3, 19]",8,4,0,0,0,1,0,0,0,0,0,2,29
2024430095632,2024,430095632,471523,172173,-0.97227,51.44404,3,3,5,11:11,-1,E06000038,6,0,1,1,1,19,5,1,11,0,0,0,1,0,0,0,0,2,29
2024430096887,2024,430096887,452298,205954,-1.24383,51.74985,2,2,5,23:02,-1,E07000178,3,2,1,0,1,19,"[4, 2]","[8, 6]",0,0,0,1,1,0,0,0,0,2,29
2024430097070,2024,430097070,499287,197444,-0.56577,51.66701,3,3,5,18:49,-1,E06000060,3,2,1,1,1,5,3,7,0,0,0,1,0,0,0,0,1,2,29
2024430097212,2024,430097212,458108,225085,-1.15647,51.92126,3,3,6,08:17,-1,E07000177,4,0,2,1,2,"[19, 9]","[8, 3]","[5, 1]",0,0,0,1,0,0,0,0,0,3,1
2024430097452,2024,430097452,487243,231326,-0.73134,51.97357,3,3,5,08:00,-1,E06000042,6,0,1,0,2,"[3, 19]",3,7,0,0,0,1,0,0,0,0,0,2,29
2024430097532,2024,430097532,481715,214171,-0.81586,51.8202,2,2,6,11:47,-1,E06000060,3,0,1,0,1,"[9, 5]","[8, 6]","[6, 2]",0,0,0,1,1,0,0,0,0,3,1
2024430097651,2024,430097651,458108,225093,-1.15647,51.92134,3,3,6,12:58,-1,E07000177,4,0,1,1,2,"[9, 19]","[3, 8]","[8, 5]",0,0,0,1,0,0,0,0,0,3,1
2024430098001,2024,430098001,435276,168647,-1.49413,51.41575,3,3,6,15:48,-1,E06000037,3,0,1,0,2,"[19, 9]","[3, 5]","[7, 3]",0,"[1, 0]",0,1,0,0,0,0,0,3,1
2024430098264,2024,430098264,450570,208756,-1.26846,51.7752,3,3,6,08:04,-1,E07000178,3,0,2,1,1,19,1,"[7, 5]",0,0,0,0,1,1,0,0,0,3,1
2024430098298,2024,430098298,502155,185016,-0.52793,51.55479,3,3,6,19:18,-1,E06000060,1,2,2,1,2,"[19, 11]",4,8,0,0,0,1,0,0,0,0,0,3,1
2024430098841,2024,430098841,454624,207160,-1.20995,51.76047,3,3,5,16:00,-1,E07000178,3,0,1,0,1,"[15, 11]",7,3,0,0,0,1,1,0,0,0,0,2,29
2024430098847,2024,430098847,471586,169153,-0.97197,51.41688,2,2,4,13:00,-1,E06000038,4,0,1,0,2,19,"[2, 4]","[6, 8]",0,0,0,1,0,0,0,1,0,2,28
2024430099076,2024,430099076,459105,176799,-1.15015,51.48706,3,3,1,08:30,-1,E06000037,6,0,2,1,2,19,"[6, 8]","[2, 4]",0,0,0,1,0,0,0,0,0,3,3
2024430099422,2024,430099422,449684,209805,-1.28115,51.78471,3,3,6,08:35,-1,E07000178,6,0,2,1,1,1,2,6,0,0,0,1,0,0,0,0,1,3,1
2024430100189,2024,430100189,494075,195837,-0.64154,51.65346,3,3,1,03:40,-1,E06000060,3,2,1,2,2,19,2,7,0,1,4,1,0,0,0,0,0,3,3
2024430100593,2024,430100593,425136,212128,-1.63683,51.80723,3,3,1,14:26,-1,E07000181,3,0,1,0,2,19,5,1,10,7,11,1,0,0,0,0,1,3,3
2024430100640,2024,430100640,498009,177482,-0.5898,51.4878,3,3,1,14:58,-1,E06000040,4,0,1,0,2,19,"[7, 4]","[4, 7]",0,0,0,1,0,1,0,0,0,3,3
2024430100987,2024,430100987,497985,217873,-0.57883,51.85086,2,2,1,19:16,-1,E06000060,4,2,1,2,2,19,"[6, 2]","[2, 6]",0,0,0,1,0,1,0,0,0,3,3
2024430101018,2024,430101018,483473,237042,-0.78482,52.02552,2,2,1,19:46,-1,E06000042,5,2,1,0,1,"[19, 9]","[4, 8]","[8, 4]",0,0,0,1,0,0,0,0,0,3,3
2024430101339,2024,430101339,466864,202729,-1.03348,51.71931,3,3,2,01:29,-1,E07000179,1,2,1,0,2,19,4,8,0,1,4,1,0,0,0,0,0,3,4
2024430101398,2024,430101398,480743,212900,-0.83025,51.80892,3,3,1,17:45,-1,E06000060,3,0,1,0,1,"[3, 19]",4,8,0,0,0,1,0,0,0,0,0,3,3
2024430101463,2024,430101463,461341,205398,-1.11295,51.74393,2,2,2,06:21,-1,E07000179,3,2,1,0,2,"[2, 19]","[0, 8]","[0, 4]",0,0,0,1,0,0,1,0,0,3,4
2024430101476,2024,430101476,472479,233278,-0.94582,51.99323,2,"[3, 2]",2,06:54,-1,E06000060,3,2,1,2,2,19,"[4, 8]","[8, 4]",0,0,0,1,0,0,0,0,0,3,4
2024430101521,2024,430101521,482570,214832,-0.8033,51.82602,3,3,2,07:51,-1,E06000060,3,0,4,0,1,"[4, 19, 9]","[4, 2]",8,0,0,0,1,0,1,0,0,0,3,4
2024430101570,2024,430101570,426178,211092,-1.6218,51.79787,1,"[1, 2]",2,06:20,-1,E07000181,3,0,1,0,2,19,"[7, 3]","[3, 7]",0,0,0,1,0,0,0,0,0,3,4
2024430101756,2024,430101756,443541,168109,-1.37536,51.41034,2,2,2,10:40,-1,E06000037,3,0,1,0,2,"[13, 19]","[4, 8]","[8, 4]",0,0,0,1,0,0,0,0,0,3,4
2024430101877,2024,430101877,473016,233158,-0.93802,51.99208,3,3,2,06:54,-1,E06000060,3,0,1,2,2,19,3,7,0,7,11,1,0,0,0,0,0,3,4
2024430102404,2024,430102404,493735,180983,-0.65041,51.52,3,3,1,14:20,-1,E06000039,3,0,1,0,1,"[8, 19]",5,"[7, 1]",0,0,0,1,0,0,0,0,0,3,3
2024430102681,2024,430102681,486983,193393,-0.74463,51.63263,2,2,2,19:00,-1,E06000060,3,2,2,1,1,"[13, 19]","[6, 2]","[2, 6]","[7, 0]",0,0,1,0,1,0,0,0,3,4
2024430102787,2024,430102787,489000,180083,-0.71887,51.51267,3,3,2,14:30,-1,E06000040,3,0,1,0,1,19,8,4,"[0, 10]",0,0,1,0,0,0,0,0,3,4
2024430103029,2024,430103029,503892,185090,-0.50286,51.55514,2,2,3,00:48,-1,E06000060,3,2,1,0,2,19,6,2,10,1,4,1,0,0,0,0,0,3,5
2024430103584,2024,430103584,455558,207466,-1.19637,51.76313,3,3,3,11:17,-1,E07000178,3,0,1,0,1,"[5, 19]","[1, 7]","[5, 3]","[9, 0]","[7, 0]",0,1,0,0,0,0,0,3,5
2024430103627,2024,430103627,492584,181641,-0.66682,51.5261,3,3,2,15:55,-1,E06000060,6,0,1,0,1,"[14, 2]","[5, 0]","[1, 0]",0,0,0,1,0,0,1,0,1,3,4
2024430103734,2024,430103734,453405,191206,-1.23005,51.61715,3,3,2,06:11,-1,E07000179,3,2,8,0,2,"[5, 19]","[7, 5]","[3, 1]",0,0,0,1,1,0,0,0,0,11,18
2024430103736,2024,430103736,452721,208042,-1.23739,51.76858,3,3,3,12:13,-1,E07000178,6,0,1,0,1,19,1,5,0,0,0,1,0,0,0,0,1,3,5
2024430104159,2024,430104159,448838,196029,-1.29534,51.66093,3,3,1,15:40,-1,E07000180,6,0,1,0,1,"[8, 19]","[1, 3]","[3, 7]",0,0,0,1,1,0,0,0,0,3,3
2024430104199,2024,430104199,482942,234956,-0.79306,52.00685,3,3,3,15:40,-1,E06000042,5,0,1,0,2,19,4,8,0,0,0,1,0,0,0,0,1,3,5
2024430105115,2024,430105115,487557,174071,-0.74114,51.45885,3,3,1,07:53,-1,E06000036,3,0,1,1,2,"[9, 19]","[1, 4]",7,0,0,0,1,0,0,0,0,0,3,10
2024430105868,2024,430105868,492858,238682,-0.64763,52.03877,3,3,4,13:50,-1,E06000042,1,0,1,0,2,19,8,4,0,"[4, 0]","[6, 0]",1,0,0,1,0,0,3,6
2024430106210,2024,430106210,452905,207792,-1.23476,51.76632,3,3,4,11:30,-1,E07000178,6,0,1,0,1,"[9, 19]","[6, 4]","[4, 8]",0,0,0,1,0,0,0,0,0,3,6
2024430106571,2024,430106571,473143,208526,-0.94139,51.77064,3,3,3,15:48,-1,E06000060,5,0,1,0,2,19,2,6,0,0,0,1,0,0,0,0,1,3,5
2024430106579,2024,430106579,451057,207881,-1.26153,51.76729,3,3,6,13:30,-1,E07000178,3,0,1,0,1,19,1,5,0,0,0,1,1,0,0,0,0,3,1
2024430106696,2024,430106696,446919,167667,-1.32685,51.4061,2,2,4,21:47,-1,E06000037,6,2,1,0,1,19,"[7, 3]","[3, 7]",0,0,0,1,0,1,0,0,0,3,6
2024430107957,2024,430107957,451428,206366,-1.25637,51.75363,3,3,5,15:20,-1,E07000178,6,0,1,0,1,6,1,1,0,0,0,1,0,0,0,0,1,3,7
2024430108330,2024,430108330,487931,217584,-0.72483,51.84994,3,3,5,16:52,-1,E06000060,5,0,1,0,2,19,"[8, 4]","[4, 8]",0,0,0,1,0,0,0,0,0,3,7
2024430108359,2024,430108359,485769,193340,-0.76218,51.63234,3,3,4,16:15,-1,E06000060,5,0,1,0,1,"[9, 19]","[7, 5]","[5, 1]",0,0,0,1,0,1,0,0,0,3,6
2024430108384,2024,430108384,488618,181217,-0.72408,51.52293,3,3,5,14:10,-1,E06000040,3,0,1,0,1,"[7, 19]",2,"[5, 6]",0,0,0,1,0,0,0,0,0,3,7
2024430108399,2024,430108399,474481,172164,-0.92971,51.44358,3,3,5,07:50,-1,E06000038,4,0,1,0,1,"[9, 19]","[2, 6]","[8, 2]",0,0,0,1,1,0,0,0,0,3,7
2024430108500,2024,430108500,459322,198829,-1.14331,51.6851,1,"[1, 2]",5,21:25,-1,E07000179,4,2,1,0,2,19,1,4,0,"[0, 7]","[0, 11]",1,0,0,0,0,0,3,7
2024430108744,2024,430108744,472751,172029,-0.95463,51.44259,3,3,5,15:30,-1,E06000038,3,0,1,0,1,19,"[4, 2]","[8, 6]",0,0,0,1,1,0,0,0,0,3,7
2024430108749,2024,430108749,470159,172558,-0.99181,51.44767,3,3,5,18:49,-1,E06000038,3,2,1,1,1,"[3, 19]",8,4,0,0,0,1,0,0,0,0,0,3,7
2024430108757,2024,430108757,476280,172273,-0.90381,51.44432,3,3,5,07:20,-1,E06000041,6,0,1,0,1,"[19, 14]","[3, 5]","[5, 1]",0,0,0,1,0,0,0,0,0,3,14
2024430108873,2024,430108873,441951,188543,-1.39579,51.59418,2,2,6,07:58,-1,E07000180,3,0,1,0,2,"[11, 19]",3,7,0,0,0,1,1,0,0,0,0,3,8
2024430108959,2024,430108959,451042,207153,-1.26185,51.76074,2,2,6,09:09,-1,E07000178,3,0,1,0,1,"[19, 9]",8,"[4, 6]",0,0,0,1,1,0,0,0,0,3,8
2024430109159,2024,430109159,488334,194481,-0.72484,51.6422,3,3,6,08:45,-1,E06000060,5,0,1,0,1,1,4,8,0,0,0,1,0,0,0,0,1,3,8
2024430109193,2024,430109193,447167,167100,-1.32336,51.40098,3,3,6,07:15,-1,E06000037,6,0,1,1,1,19,5,1,0,0,0,0,0,1,0,0,1,3,8
2024430109212,2024,430109212,433580,169138,-1.51847,51.42027,3,3,6,11:43,-1,E06000037,6,0,1,0,2,"[19, 9]","[2, 4]","[6, 2]",0,0,0,1,0,0,0,0,0,3,8
2024430109796,2024,430109796,456236,184746,-1.1902,51.5588,3,3,6,16:30,-1,E07000179,3,0,1,0,2,19,"[8, 4]","[4, 8]","[0, 11]",0,0,1,0,0,0,0,0,3,8
2024430109870,2024,430109870,488849,192591,-0.71788,51.62513,3,3,6,17:20,-1,E06000060,6,0,1,0,1,"[19, 9]","[1, 7]",5,0,0,0,1,0,0,0,0,0,3,8
2024430110116,2024,430110116,450922,205823,-1.26378,51.7488,3,3,3,14:29,-1,E07000178,3,0,1,0,1,"[7, 19]",8,"[1, 4]",0,0,0,1,1,0,0,0,0,3,5
2024430110125,2024,430110125,496202,180232,-0.61507,51.51283,3,3,4,10:50,-1,E06000039,6,0,1,0,1,"[7, 19]","[6, 4]",8,0,0,0,1,1,0,0,0,0,3,6
2024430110133,2024,430110133,472167,169680,-0.96351,51.42155,3,3,6,14:32,-1,E06000038,6,0,1,0,1,"[19, 9]","[1, 5]","[5, 3]",0,0,0,1,1,0,0,0,0,3,8
2024430110169,2024,430110169,483491,214226,-0.79009,51.82043,2,2,6,21:00,-1,E06000060,3,2,1,0,2,19,1,5,0,0,0,1,0,0,0,0,1,3,8
2024430110244,2024,430110244,483506,233004,-0.78532,51.98922,3,3,6,22:05,-1,E06000042,3,2,1,0,2,19,2,6,0,5,6,1,0,0,0,0,0,3,8
2024430110596,2024,430110596,471062,173025,-0.97873,51.45176,3,3,6,18:16,-1,E06000038,3,2,1,0,1,7,4,6,0,0,0,1,0,0,0,0,1,3,8
2024430110683,2024,430110683,447593,167714,-1.31715,51.40646,3,3,7,06:38,-1,E06000037,3,0,2,1,1,19,"[4, 1]","[8, 5]",0,0,0,1,0,0,0,0,0,3,9
2024430111171,2024,430111171,488495,181626,-0.72575,51.52662,3,3,7,15:25,-1,E06000040,6,0,1,0,1,"[2, 19]","[0, 5, 4]","[0, 1, 8]",0,0,0,1,0,0,0,0,0,3,9
2024430111226,2024,430111226,458757,174716,-1.15551,51.46837,1,"[2, 1]",7,16:08,-1,E06000037,6,0,1,1,2,19,7,3,0,7,4,1,0,0,0,0,0,3,9
2024430111252,2024,430111252,491654,181181,-0.68035,51.52212,3,3,7,15:45,-1,E06000060,3,0,1,0,1,"[3, 19]",3,7,0,0,0,1,0,0,0,0,0,3,9
2024430111532,2024,430111532,486945,237622,-0.73408,52.0302,3,3,7,20:31,-1,E06000042,4,2,1,0,2,19,"[5, 7]","[1, 3]",0,0,0,1,1,0,0,0,0,3,9
2024430112166,2024,430112166,481152,203218,-0.82658,51.72182,3,3,1,09:55,-1,E06000060,3,0,1,1,2,"[9, 19]","[2, 8]","[8, 4]",0,0,0,1,1,0,0,0,0,3,10
2024430112463,2024,430112463,499935,178834,-0.56169,51.49962,3,3,1,15:12,-1,E06000039,3,0,2,1,1,"[1, 19]","[6, 4]","[2, 8]",0,0,0,1,0,1,0,0,0,3,10
2024430112506,2024,430112506,472161,169650,-0.9636,51.42128,3,3,5,14:00,-1,E06000038,6,0,1,0,1,19,"[7, 5]","[3, 1]",0,0,0,1,1,0,0,0,0,3,7
2024430112563,2024,430112563,486165,187678,-0.75785,51.58139,3,3,5,10:05,-1,E06000060,3,0,1,0,2,"[13, 19]",5,1,0,0,0,1,0,0,0,0,0,3,7
2024430112650,2024,430112650,462211,201444,-1.10106,51.70829,3,3,1,17:36,-1,E07000179,3,2,2,1,2,"[3, 19]",2,6,0,0,0,1,0,0,0,0,0,3,10
2024430112745,2024,430112745,471686,172831,-0.96979,51.44994,3,3,1,18:45,-1,E06000038,3,2,1,0,1,"[19, 3]","[2, 4]","[6, 8]",0,0,0,1,0,0,0,0,0,3,10
2024430113236,2024,430113236,446637,240857,-1.32112,52.06413,2,2,2,07:10,-1,E07000177,6,0,1,0,1,"[2, 14]","[0, 1]","[0, 5]","[0, 4]",0,0,1,0,0,0,0,0,3,11
2024430113238,2024,430113238,435773,225372,-1.48119,51.92572,2,"[2, 3]",2,07:13,-1,E07000181,3,0,1,0,2,"[19, 9]","[4, 6]","[8, 4]",0,0,0,1,0,1,0,0,0,3,11
2024430113607,2024,430113607,485732,219639,-0.75624,51.86875,3,3,2,08:20,-1,E06000060,3,0,1,0,2,"[9, 10]","[6, 7]","[7, 6]",0,0,0,1,0,0,0,0,0,3,11
2024430113720,2024,430113720,470814,172946,-0.98231,51.45108,3,3,1,13:30,-1,E06000038,3,0,1,0,1,"[19, 5]",2,6,0,0,0,1,0,0,0,0,0,3,10
2024430114387,2024,430114387,447543,168264,-1.3178,51.41141,3,3,2,18:01,-1,E06000037,6,0,1,1,2,19,"[4, 6]","[8, 2]",0,"[7, 0]","[1, 0]",1,1,0,0,0,0,3,11
2024430114442,2024,430114442,493805,181009,-0.6494,51.52022,3,3,1,18:20,-1,E06000039,3,0,1,0,1,19,7,3,0,0,0,1,0,0,0,0,0,3,17
2024430114808,2024,430114808,484244,182289,-0.78686,51.53323,2,2,2,23:30,-1,E06000040,3,2,1,0,2,19,6,1,0,8,2,1,0,0,0,0,0,3,11
2024430115013,2024,430115013,495586,194014,-0.6202,51.63682,3,3,3,07:47,-1,E06000060,3,0,5,1,2,"[7, 19]","[8, 6]",2,0,0,0,1,0,0,0,0,0,3,12
2024430115038,2024,430115038,496794,177082,-0.60741,51.48442,2,2,3,07:53,-1,E06000040,6,0,2,1,1,"[2, 19]","[0, 2]","[0, 6]",0,0,0,1,0,0,0,0,1,3,12
2024430115068,2024,430115068,452772,167393,-1.24275,51.40312,3,3,3,08:14,-1,E06000037,3,0,2,1,1,19,"[5, 3]","[1, 7]",0,"[3, 7]",0,1,1,0,0,0,0,3,12
2024430115456,2024,430115456,452294,189789,-1.24631,51.60452,3,3,1,19:10,-1,E07000179,6,2,2,1,1,"[9, 19]","[3, 1]","[1, 5]",0,0,0,1,0,1,0,0,0,3,10
2024430115626,2024,430115626,471923,234885,-0.95358,52.00775,2,2,3,12:26,-1,E06000060,3,0,1,1,2,19,"[8, 2]","[2, 8]",0,0,0,1,0,0,1,0,0,3,12
2024430116149,2024,430116149,470784,234034,-0.97034,52.00025,3,3,3,15:57,-1,E06000060,3,0,1,0,1,19,5,1,0,7,4,1,0,0,0,0,0,3,12
2024430116380,2024,430116380,483987,166173,-0.79438,51.3884,3,3,3,17:38,-1,E06000036,6,2,1,1,2,4,4,8,0,0,0,0,0,1,0,0,0,3,12
2024430116543,2024,430116543,488958,210979,-0.71162,51.7904,3,3,3,13:25,-1,E06000060,4,0,2,1,2,"[7, 10]","[6, 8]","[8, 6]",0,0,0,1,0,0,0,0,0,3,12
2024430116585,2024,430116585,471117,174472,-0.97765,51.46476,3,3,3,12:01,-1,E06000038,3,0,2,1,1,7,5,7,0,0,0,1,0,0,0,0,0,3,12
2024430116852,2024,430116852,490322,234676,-0.68565,52.00319,3,3,2,16:01,-1,E06000042,6,0,1,0,2,19,"[3, 1]","[7, 5]",0,0,0,1,0,0,0,1,0,11,11
2024430116968,2024,430116968,453463,203942,-1.22727,51.73165,3,3,3,09:22,-1,E07000178,3,0,2,1,1,"[6, 19]",4,"[6, 8]",0,0,0,1,1,0,0,0,0,3,12
2024430117121,2024,430117121,477592,169863,-0.88546,51.42248,3,3,4,07:56,-1,E06000041,4,0,1,0,1,"[19, 9]","[2, 8]",6,0,0,0,1,0,1,0,0,0,3,13
2024430117495,2024,430117495,469718,173254,-0.99802,51.45398,3,3,3,08:53,-1,E06000038,6,0,1,0,1,"[1, 19]","[1, 5]","[5, 1]",0,0,0,1,0,0,0,0,0,3,12
2024430117523,2024,430117523,470092,173252,-0.99264,51.45392,3,3,3,08:50,-1,E06000038,6,0,2,1,1,19,5,1,0,0,0,1,0,0,0,0,1,3,12
2024430117885,2024,430117885,470681,173405,-0.98413,51.45522,3,3,4,14:08,-1,E06000038,3,0,1,0,1,19,"[1, 7]","[5, 3]",0,0,0,1,1,0,0,0,0,3,13
2024430118133,2024,430118133,471795,173387,-0.96811,51.45492,3,3,4,15:42,-1,E06000038,6,0,1,0,1,"[9, 19]","[1, 7]","[7, 3]",0,0,0,1,1,0,0,0,0,3,13
2024430118196,2024,430118196,444122,225855,-1.35973,51.92947,3,3,4,09:30,-1,E07000181,4,0,1,0,2,"[19, 4]",6,2,0,0,0,1,0,1,0,0,0,3,13
2024430118262,2024,430118262,465003,166810,-1.06705,51.39661,3,3,5,08:20,-1,E06000037,6,0,1,0,2,19,4,8,0,0,0,0,0,0,1,0,1,3,7
2024430118451,2024,430118451,486872,239256,-0.73473,52.0449,2,2,4,19:00,-1,E06000042,6,2,1,1,2,19,7,3,0,3,1,1,0,0,0,0,0,3,13
2024430118680,2024,430118680,497613,205177,-0.5878,51.73681,3,3,4,22:16,-1,E06000060,3,2,9,1,2,"[9, 14]",6,"[3, 2]",0,0,0,1,0,0,0,0,0,3,13