collision_index,collision_year,collision_ref_no,location_easting_osgr,location_northing_osgr,longitude,latitude,casualty_severity,casualty_severity,day_of_week,time,local_authority_district,local_authority_ons_district,first_road_class,light_conditions,weather_conditions,road_surface_conditions,urban_or_rural_area,vehicle_manoeuvre,vehicle_direction_from,vehicle_direction_to,hit_object_in_carriageway,vehicle_leaving_carriageway,hit_object_off_carriageway,is_car,is_cyle,is_mcyle,is_goodsv,is_other,is_pedestrian,month,day
2024430154690,2024,430154690,447734,167570,-1.31515,51.40516,2,2,5,21:50,-1,E06000037,6,2,2,1,1,19,2,6,0,0,0,1,0,0,0,0,1,4,4
2024430154802,2024,430154802,487006,233617,-0.73421,51.9942,2,2,6,00:04,-1,E06000042,4,2,1,1,1,19,1,5,0,0,0,1,0,0,0,0,1,4,5
2024430154944,2024,430154944,461656,205028,-1.10846,51.74057,3,3,5,21:10,-1,E07000179,6,2,2,1,2,"[19, 3]","[2, 3]",7,0,0,0,1,0,0,0,0,0,4,4
2024430154976,2024,430154976,497376,181660,-0.59777,51.52547,3,3,6,05:40,-1,E06000039,6,2,1,1,1,"[9, 19]","[1, 5]","[7, 1]",0,0,0,0,1,0,1,0,0,4,5
2024430155338,2024,430155338,446351,172990,-1.33432,51.454,3,3,6,07:03,-1,E06000037,1,0,2,1,2,"[12, 19]",3,7,0,0,0,1,0,0,0,0,0,4,5
2024430155367,2024,430155367,483516,164900,-0.80145,51.37702,3,3,5,20:30,-1,E06000041,6,2,1,1,1,"[3, 19]",6,2,0,0,0,1,1,0,0,0,0,4,4
2024430155929,2024,430155929,454316,218209,-1.21269,51.85983,3,3,6,16:21,-1,E07000177,3,0,1,0,2,"[5, 19]",2,6,0,0,0,1,0,0,1,0,0,4,5
2024430156044,2024,430156044,449581,197229,-1.28443,51.67165,3,3,6,18:02,-1,E07000180,3,0,1,0,1,19,2,6,0,0,0,1,0,0,0,0,1,4,5
2024430156232,2024,430156232,455025,205890,-1.20435,51.74901,3,3,5,16:32,-1,E07000178,4,0,2,1,1,"[3, 19]",5,1,0,0,0,1,0,0,0,0,0,4,4
2024430156306,2024,430156306,497062,180657,-0.60257,51.51651,3,3,6,21:02,-1,E06000039,6,2,1,1,1,19,"[1, 7]","[5, 3]",0,0,0,1,0,0,0,0,0,4,5
2024430156700,2024,430156700,487387,234969,-0.72832,52.00629,3,3,5,13:15,-1,E06000042,4,0,1,0,1,"[19, 9]","[8, 3]","[4, 1]",0,0,0,1,0,0,0,0,0,4,4
2024430156704,2024,430156704,447883,167592,-1.313,51.40534,3,3,4,16:20,-1,E06000037,3,0,1,0,1,19,8,4,0,0,0,1,0,0,1,0,0,4,3
2024430156717,2024,430156717,484566,213226,-0.77474,51.81128,3,3,6,18:50,-1,E06000060,3,0,1,0,2,"[19, 3]",3,7,0,0,0,1,0,0,0,0,0,4,5
2024430156816,2024,430156816,492845,181028,-0.66322,51.52055,3,3,7,05:30,-1,E06000060,3,2,1,0,1,"[10, 19]",3,"[1, 7]",0,0,0,1,0,0,0,0,0,4,6
2024430157594,2024,430157594,444012,240164,-1.35949,52.05812,3,3,7,19:23,-1,E07000177,6,0,1,0,1,"[5, 19]","[3, 1]","[1, 5]",0,0,0,1,0,0,0,0,0,4,6
2024430157596,2024,430157596,484524,192643,-0.78033,51.62627,3,3,7,14:24,-1,E06000060,6,0,1,0,1,"[13, 19]",5,1,0,0,0,1,0,0,0,0,0,4,6
2024430157740,2024,430157740,483094,240286,-0.78956,52.05474,3,3,5,21:35,-1,E06000042,6,2,1,0,1,19,1,5,0,0,0,1,0,0,0,0,1,6,6
2024430157881,2024,430157881,434781,209740,-1.49719,51.78525,3,3,7,23:26,-1,E07000181,3,2,4,1,1,19,6,2,0,0,0,1,0,0,0,0,1,4,6
2024430157974,2024,430157974,484367,234024,-0.77254,51.99826,2,"[3, 2]",1,01:08,-1,E06000042,3,2,1,0,2,19,8,4,9,3,1,1,0,0,0,0,0,4,7
2024430158982,2024,430158982,473534,217419,-0.93384,51.85053,3,3,1,21:22,-1,E06000060,3,2,1,0,2,"[13, 19]","[4, 7]","[7, 4]",0,0,0,1,0,0,1,0,0,4,7
2024430160032,2024,430160032,427879,210026,-1.59722,51.7882,3,3,2,14:10,-1,E07000181,6,0,1,0,2,"[9, 10]","[1, 7]","[7, 5]",0,0,0,1,1,0,0,0,0,4,8
2024430160271,2024,430160271,495059,182337,-0.63097,51.53195,3,3,6,18:08,-1,E06000039,6,0,1,0,1,1,5,1,0,0,0,1,0,0,0,0,1,4,5
2024430160299,2024,430160299,453098,204310,-1.2325,51.73499,3,3,2,16:05,-1,E07000178,3,0,1,0,1,"[10, 19]",1,"[7, 4]",0,0,0,1,0,0,0,0,0,4,8
2024430160311,2024,430160311,455427,202563,-1.19905,51.71906,3,3,2,11:46,-1,E07000178,6,0,1,0,1,"[7, 19]","[5, 3]",7,0,0,0,1,1,0,0,0,0,4,8
2024430160698,2024,430160698,486728,233533,-0.73828,51.99348,3,3,2,20:46,-1,E06000042,6,2,1,1,1,"[19, 9]","[7, 4]",2,0,0,0,1,0,0,0,0,0,4,8
2024430161080,2024,430161080,496071,201671,-0.61109,51.70556,3,3,3,05:49,-1,E06000060,6,2,2,1,1,"[9, 19]","[7, 1]","[5, 7]",0,0,0,1,1,0,0,0,0,4,9
2024430161101,2024,430161101,486800,172967,-0.75231,51.44905,2,2,3,21:14,-1,E06000036,3,0,1,0,2,19,1,5,0,1,0,1,0,0,0,0,0,5,7
2024430161232,2024,430161232,502009,190916,-0.52832,51.60785,3,3,3,08:39,-1,E06000060,1,0,1,0,2,4,5,1,0,0,0,1,0,0,0,0,0,4,9
2024430161373,2024,430161373,467043,197373,-1.03192,51.67114,3,3,3,10:30,-1,E07000179,6,0,1,1,2,19,6,2,0,0,0,1,0,0,0,0,0,4,9
2024430161794,2024,430161794,480801,213333,-0.82931,51.8128,3,3,3,08:20,-1,E06000060,6,0,1,1,1,19,8,4,0,0,0,1,1,0,0,0,0,4,9
2024430161938,2024,430161938,496415,179750,-0.61214,51.50846,3,3,3,11:30,-1,E06000039,3,0,2,1,1,"[19, 9]","[4, 8]","[8, 5]",0,0,0,1,0,0,0,0,0,3,12
2024430162191,2024,430162191,471153,173775,-0.97727,51.45849,3,3,3,18:00,-1,E06000038,3,0,1,0,1,"[9, 19]","[8, 6]","[6, 2]",0,0,0,1,0,0,0,0,0,4,9
2024430162304,2024,430162304,485772,237486,-0.75121,52.02916,3,3,3,19:00,-1,E06000042,5,0,1,0,1,"[9, 19]","[8, 6]","[6, 2]",0,0,0,1,0,1,0,0,0,4,9
2024430162307,2024,430162307,469680,173628,-0.99849,51.45735,3,3,1,21:15,-1,E06000038,3,2,1,0,1,"[1, 19]","[8, 4]","[4, 8]","[0, 4]",0,0,1,1,0,0,0,0,3,31
2024430162458,2024,430162458,459315,221272,-1.13958,51.88686,2,2,3,19:46,-1,E07000177,3,2,1,0,1,19,6,2,0,0,0,0,0,1,0,0,0,4,9
2024430162544,2024,430162544,480826,203531,-0.83123,51.72468,3,3,3,22:33,-1,E06000060,3,2,1,0,2,19,4,8,0,0,0,0,0,1,0,0,1,4,9
2024430162789,2024,430162789,451906,204167,-1.24978,51.73382,3,3,3,08:50,-1,E07000178,3,0,2,1,1,"[5, 19]","[9, 1]","[9, 5]",0,0,0,1,1,0,0,0,0,4,9
2024430162844,2024,430162844,488882,238519,-0.70562,52.03796,3,3,4,05:43,-1,E06000042,6,0,1,0,2,"[13, 19]","[7, 3]","[3, 7]",0,0,0,1,0,0,0,0,0,4,10
2024430162882,2024,430162882,449024,167702,-1.29658,51.40623,3,3,4,07:00,-1,E06000037,6,0,1,0,1,"[9, 19]","[6, 4]","[4, 8]",0,0,0,1,1,0,0,0,0,4,10
2024430162923,2024,430162923,471251,173568,-0.9759,51.45662,3,3,3,16:50,-1,E06000038,6,0,2,1,1,19,7,3,0,0,0,1,0,0,0,0,1,4,2
2024430163001,2024,430163001,488399,193534,-0.72414,51.63368,3,3,4,08:47,-1,E06000060,5,0,1,0,1,"[7, 19]","[3, 1]",5,0,0,0,1,0,1,0,0,0,4,10
2024430163383,2024,430163383,485279,193262,-0.76928,51.63172,3,3,4,11:50,-1,E06000060,6,0,1,0,1,"[8, 19]",7,2,0,0,0,1,0,1,0,0,0,4,10
2024430163582,2024,430163582,476027,182443,-0.90526,51.53578,3,3,4,13:46,-1,E07000179,6,0,2,1,1,"[19, 9]","[2, 8]",6,0,0,0,1,0,0,0,0,0,4,10
2024430163703,2024,430163703,451579,203636,-1.25459,51.72908,3,3,2,17:30,-1,E07000180,6,0,1,0,2,19,6,2,0,0,0,1,0,1,0,0,0,4,8
2024430163744,2024,430163744,434451,174430,-1.50543,51.4678,2,2,4,15:25,-1,E06000037,4,0,2,1,2,19,"[8, 5]","[5, 8]",0,0,0,1,0,0,0,0,0,4,10
2024430164528,2024,430164528,489660,245700,-0.6924,52.10238,3,3,4,23:00,-1,E06000042,3,2,1,0,2,19,1,5,9,3,4,1,0,0,0,0,0,4,10
2024430165166,2024,430165166,440697,198653,-1.41272,51.68517,3,3,5,09:55,-1,E07000180,3,0,1,0,2,19,5,1,0,0,0,1,0,0,0,0,0,4,11
2024430165187,2024,430165187,452769,199014,-1.23806,51.68741,3,3,5,09:10,-1,E07000180,6,0,1,0,2,"[4, 14]","[0, 7]","[0, 3]","[0, 10]",0,0,1,0,0,1,0,0,4,11
2024430165214,2024,430165214,486969,192817,-0.74498,51.62746,3,3,4,09:10,-1,E06000060,3,0,1,1,1,"[12, 19]",7,3,0,0,0,1,0,0,0,0,0,4,10
2024430165301,2024,430165301,438504,235195,-1.44038,52.01385,3,3,5,12:27,-1,E07000177,6,0,1,0,2,19,"[1, 3]","[5, 7]",0,0,0,1,1,0,0,0,0,4,11
2024430165552,2024,430165552,459552,205924,-1.13877,51.74886,3,3,5,14:08,-1,E07000179,6,0,1,0,1,1,1,5,0,1,11,1,0,0,0,0,0,4,11
2024430165682,2024,430165682,490112,168895,-0.70569,51.41193,3,3,5,15:11,-1,E06000036,3,0,1,0,2,"[4, 19]",3,7,0,0,0,1,0,0,0,0,0,4,11
2024430165728,2024,430165728,500192,190470,-0.55468,51.60417,3,3,5,05:45,-1,E06000060,6,2,1,0,1,7,3,5,0,0,0,1,0,0,0,0,1,4,11
2024430165911,2024,430165911,453722,208196,-1.22286,51.76987,2,"[2, 3]",5,19:12,-1,E07000178,6,0,1,0,1,9,6,4,0,1,4,1,0,0,0,0,0,4,11
2024430165915,2024,430165915,481787,214470,-0.81474,51.82288,2,2,5,17:10,-1,E06000060,3,0,1,0,1,"[7, 19]","[2, 5]","[5, 1]",0,0,0,1,1,0,0,0,0,4,11
2024430166221,2024,430166221,483440,214314,-0.7908,51.82123,3,3,5,20:52,-1,E06000060,3,2,1,0,2,"[19, 9]","[8, 4]","[4, 2]",0,0,0,1,0,0,0,0,0,4,11
2024430166471,2024,430166471,455558,207467,-1.19637,51.76314,3,3,6,00:01,-1,E07000178,3,2,1,0,1,19,"[1, 8]","[5, 4]",0,0,0,1,0,0,0,0,0,4,12
2024430167076,2024,430167076,481886,214095,-0.8134,51.81949,3,3,6,11:19,-1,E06000060,3,0,1,0,1,19,4,8,0,0,0,1,0,0,0,0,1,4,12
2024430167558,2024,430167558,481923,213883,-0.81291,51.81758,3,3,6,14:02,-1,E06000060,6,0,1,0,1,"[19, 1]","[8, 4]","[4, 8]",0,0,0,1,0,1,0,0,0,4,12
2024430167641,2024,430167641,487251,166374,-0.74744,51.38971,3,3,4,11:20,-1,E06000036,6,0,1,0,1,"[6, 19]","[3, 7]",3,0,0,0,1,1,0,0,0,0,4,10
2024430167760,2024,430167760,490184,182938,-0.70108,51.53815,3,3,6,17:01,-1,E06000040,3,0,1,0,1,"[19, 10]",8,"[4, 6]",0,0,0,1,0,0,0,0,0,4,12
2024430167795,2024,430167795,469387,172627,-1.00291,51.44839,2,2,6,17:22,-1,E06000038,6,0,1,0,1,19,8,4,0,0,0,1,1,0,0,0,0,4,12
2024430168104,2024,430168104,485281,239430,-0.75788,52.04671,2,2,6,20:39,-1,E06000042,3,2,1,0,1,19,2,6,9,3,1,0,0,1,0,0,0,4,12
2024430168584,2024,430168584,451886,204183,-1.25006,51.73396,3,3,6,18:10,-1,E07000178,3,0,1,0,1,19,"[5, 3]","[1, 7]",0,0,0,1,1,0,0,0,0,4,12
2024430168974,2024,430168974,450310,163849,-1.27864,51.37148,2,2,7,12:42,-1,E06000037,3,0,1,0,2,"[19, 7]","[6, 7]","[3, 1]",0,0,0,0,0,1,0,0,0,4,13
2024430169056,2024,430169056,484948,180392,-0.77717,51.51607,2,2,7,14:00,-1,E06000040,3,0,1,0,2,"[13, 9]","[2, 4]","[6, 2]",0,0,0,1,0,1,0,0,0,4,13
2024430169267,2024,430169267,447293,171070,-1.32102,51.43666,3,3,7,16:00,-1,E06000037,3,0,1,0,2,19,2,6,0,0,0,1,0,0,0,0,0,4,13
2024430169367,2024,430169367,496163,181053,-0.61541,51.52022,3,3,7,17:39,-1,E06000039,3,0,1,0,1,"[12, 3]",7,3,0,0,0,1,0,0,0,0,0,4,13
2024430169421,2024,430169421,447564,212229,-1.31155,51.80668,3,3,7,18:17,-1,E07000177,6,0,1,0,2,19,"[5, 1]","[1, 5]",0,0,0,1,0,0,0,0,0,4,13
2024430169507,2024,430169507,486147,167591,-0.76301,51.40082,3,3,1,19:25,-1,E06000036,3,0,1,0,1,19,4,8,0,6,4,1,0,0,0,0,0,4,14
2024430169516,2024,430169516,501553,177817,-0.53868,51.49019,2,2,7,18:06,-1,E06000039,3,0,1,0,1,"[11, 19]",4,8,0,0,0,1,0,1,0,0,0,4,13
2024430170098,2024,430170098,485426,193342,-0.76714,51.63241,3,3,7,15:30,-1,E06000060,6,0,1,0,1,19,9,9,0,0,0,1,0,0,0,0,1,4,13
2024430170292,2024,430170292,444633,241036,-1.35032,52.06591,3,3,1,10:06,-1,E07000177,4,0,1,0,1,9,6,2,0,0,0,1,0,0,0,0,1,4,14
2024430170359,2024,430170359,447347,166889,-1.3208,51.39907,3,3,6,17:15,-1,E06000037,3,0,1,0,1,19,5,1,0,0,0,1,0,0,0,0,0,3,15
2024430170525,2024,430170525,462214,219099,-1.09786,51.86701,1,"[1, 2]",1,14:00,-1,E07000177,4,0,1,0,2,"[9, 19]","[4, 8]","[1, 4]",0,0,0,1,0,1,0,0,0,4,14
2024430170629,2024,430170629,470144,201422,-0.98627,51.70716,3,3,1,15:33,-1,E07000179,4,0,1,0,2,19,1,6,0,1,9,1,0,0,0,0,0,4,14
2024430170827,2024,430170827,430955,205169,-1.55306,51.74437,2,2,1,18:00,-1,E07000181,3,0,1,0,2,19,1,5,10,1,0,0,0,1,0,0,0,4,14
2024430171059,2024,430171059,501022,178446,-0.54615,51.49594,2,2,1,21:08,-1,E06000039,6,2,1,0,1,19,2,6,0,0,0,1,0,0,0,0,1,4,14
2024430171348,2024,430171348,472080,197304,-0.95911,51.6699,3,3,7,19:00,-1,E07000179,1,0,1,0,2,"[3, 19]",4,8,0,0,0,1,0,0,0,0,0,4,13
2024430171810,2024,430171810,496024,182993,-0.61688,51.53768,3,3,3,07:45,-1,E06000060,3,0,1,0,1,"[3, 19]",2,6,0,0,0,1,0,1,0,0,0,4,9
2024430172101,2024,430172101,474711,210320,-0.91828,51.78656,3,3,2,13:46,-1,E06000060,3,0,1,0,2,"[19, 13]","[3, 7]","[7, 3]",0,0,0,1,0,0,1,0,0,4,15
2024430172311,2024,430172311,480847,213300,-0.82865,51.8125,3,3,2,15:34,-1,E06000060,6,0,2,1,1,19,"[6, 4]","[2, 8]",0,0,0,1,1,0,0,0,0,4,15
2024430172374,2024,430172374,502170,197939,-0.52395,51.67094,3,3,5,17:15,-1,E06000060,6,0,8,0,2,"[4, 19]",4,8,0,0,0,1,0,0,0,0,0,4,11
2024430172379,2024,430172379,450514,208882,-1.26925,51.77634,3,3,2,16:15,-1,E07000178,3,0,1,0,2,"[13, 9]","[4, 6]","[8, 4]",0,"[0, 3]",0,1,0,1,0,0,0,4,15
2024430172704,2024,430172704,481882,213962,-0.81349,51.8183,3,3,7,03:15,-1,E06000060,6,2,1,0,1,19,8,4,0,0,0,1,0,0,0,0,1,4,13
2024430172736,2024,430172736,450842,203950,-1.26521,51.73197,2,2,2,19:37,-1,E07000180,3,0,1,0,2,19,4,8,0,0,0,1,0,1,0,0,0,4,15
2024430173639,2024,430173639,457755,225205,-1.16159,51.92238,3,3,3,08:30,-1,E07000177,6,0,1,1,2,"[5, 3]","[1, 5]","[5, 1]",0,0,0,1,1,0,0,0,0,4,16
2024430174181,2024,430174181,494829,197818,-0.63011,51.67114,3,3,3,14:53,-1,E06000060,3,0,1,0,2,19,"[4, 8]","[8, 4]",0,0,0,1,0,0,0,0,0,4,16
2024430174208,2024,430174208,450908,189734,-1.26633,51.60415,3,3,3,08:30,-1,E07000180,4,0,1,0,2,19,3,7,0,0,0,1,0,0,0,0,1,4,16
2024430174261,2024,430174261,450012,206213,-1.27691,51.75239,3,3,3,07:10,-1,E07000178,3,0,2,1,1,"[7, 19]",7,"[1, 3]",0,0,0,1,1,0,0,0,0,4,16
2024430174286,2024,430174286,459104,176800,-1.15016,51.48707,3,3,3,15:51,-1,E06000037,6,0,1,0,2,19,"[6, 8]","[2, 4]",0,0,0,1,0,0,0,0,0,4,16
2024430174504,2024,430174504,471492,168534,-0.97345,51.41133,3,3,3,17:16,-1,E06000038,3,0,1,0,2,"[11, 3, 12]",5,1,0,0,0,1,0,1,0,0,0,4,16
2024430174660,2024,430174660,462380,212305,-1.09667,51.80591,3,3,3,09:30,-1,E06000060,1,0,1,0,2,"[19, 13]",4,8,0,"[0, 5]","[0, 6]",1,0,0,0,0,0,4,16
2024430175008,2024,430175008,495979,180026,-0.61834,51.51102,3,3,3,07:45,-1,E06000039,6,0,1,0,1,"[6, 14]",8,"[8, 4]",0,0,0,1,0,1,0,0,0,4,16
2024430175028,2024,430175028,473890,177114,-0.93718,51.48816,3,3,3,15:15,-1,E07000179,6,0,2,1,2,"[19, 9]","[5, 8]","[1, 5]",0,0,0,1,0,0,0,0,0,4,16
2024430175040,2024,430175040,451343,224417,-1.25493,51.91592,3,3,4,05:12,-1,E07000177,4,2,1,0,2,19,"[3, 7]","[7, 3]",0,"[0, 1]",0,1,0,0,0,0,0,4,17
2024430175242,2024,430175242,469096,173278,-1.00697,51.45428,3,3,4,09:38,-1,E06000038,6,0,1,0,1,"[2, 19]","[0, 8]","[0, 4]",0,0,0,0,0,0,1,0,1,4,17
2024430175409,2024,430175409,447252,201212,-1.31756,51.70766,2,2,1,11:01,-1,E07000180,6,0,1,0,1,5,-1,-1,0,1,0,1,0,0,0,0,0,11,17
2024430176573,2024,430176573,472053,230768,-0.95255,51.97072,3,3,4,18:08,-1,E06000060,3,0,1,0,2,"[5, 8]",6,8,0,0,0,1,0,0,0,0,0,4,17
2024430177217,2024,430177217,484266,215800,-0.77846,51.83446,3,3,5,09:31,-1,E06000060,3,0,1,0,1,19,"[8, 6]","[4, 2]",0,0,0,1,1,0,0,0,0,4,18
2024430177318,2024,430177318,488595,171378,-0.72688,51.43449,2,2,5,10:35,-1,E06000036,4,0,1,0,2,19,"[8, 6]","[4, 2]",0,"[0, 3]",0,1,0,0,0,0,0,4,18
2024430177424,2024,430177424,477593,174966,-0.88433,51.46835,3,3,5,11:29,-1,E06000041,6,0,1,0,2,"[19, 2]","[6, 0]","[2, 0]",0,"[0, 1]",0,1,0,0,0,0,0,4,18
2024430177959,2024,430177959,498084,180833,-0.58779,51.51791,2,2,4,05:40,-1,E06000039,6,0,1,0,1,19,"[4, 2]","[8, 6]",0,0,0,1,1,0,0,0,0,4,17
2024430178932,2024,430178932,482821,235073,-0.7948,52.00792,3,3,5,15:30,-1,E06000042,5,0,1,0,1,"[19, 9]","[8, 2]","[4, 8]",0,0,0,1,0,0,0,0,0,4,18
2024430179490,2024,430179490,484562,161071,-0.78733,51.34244,2,2,6,12:05,-1,E06000036,3,0,1,1,1,"[4, 19]","[1, 5]","[5, 1]",0,0,0,1,0,1,0,0,0,4,19
2024430179940,2024,430179940,480427,167072,-0.84533,51.39699,3,3,6,15:43,-1,E06000041,6,0,1,1,1,19,2,6,0,0,0,1,0,0,0,0,1,4,19
2024430180150,2024,430180150,476207,218679,-0.89476,51.8615,2,2,6,15:07,-1,E06000060,5,0,1,0,2,19,"[2, 6]","[6, 2]",0,0,0,1,0,0,0,0,0,4,19
2024430180370,2024,430180370,469145,172352,-1.00644,51.44595,3,3,6,15:15,-1,E06000038,3,0,1,0,1,19,"[6, 4]","[2, 8]",0,0,0,1,1,0,0,0,0,4,19
2024430180550,2024,430180550,500052,178799,-0.56002,51.49929,3,3,6,22:12,-1,E06000039,3,2,1,0,1,19,"[4, 8]","[8, 4]",0,0,0,1,0,0,0,0,0,4,19
2024430180627,2024,430180627,490051,191000,-0.70093,51.61064,3,3,6,23:14,-1,E06000060,3,2,1,0,1,19,8,4,0,0,0,1,0,0,0,0,1,4,19
2024430180941,2024,430180941,443793,208968,-1.36665,51.77767,3,3,6,16:40,-1,E07000181,4,0,1,0,2,7,4,6,0,0,0,0,1,0,1,0,0,4,19
2024430181132,2024,430181132,487469,196918,-0.73673,51.66424,3,3,6,14:47,-1,E06000060,3,0,1,0,1,"[19, 10]",5,2,0,0,0,1,0,1,0,0,0,4,19
2024430181133,2024,430181133,468192,171913,-1.02024,51.44211,3,3,7,11:05,-1,E06000038,6,0,1,0,1,19,"[1, 3]","[5, 7]",0,0,0,1,0,0,0,0,0,4,20
2024430181255,2024,430181255,470476,202948,-0.98116,51.72084,3,3,7,13:29,-1,E07000179,4,0,1,0,2,19,"[2, 6]","[6, 2]",0,"[0, 1]",0,1,0,0,0,0,0,4,20
2024430181290,2024,430181290,483055,212305,-0.79687,51.80323,3,3,7,13:58,-1,E06000060,6,0,1,0,1,14,6,2,0,0,0,1,0,0,0,0,1,4,20
2024430181335,2024,430181335,451083,206508,-1.26135,51.75494,2,2,7,14:42,-1,E07000178,3,0,1,0,1,"[19, 9]","[3, 7]","[7, 5]",0,0,0,1,0,1,0,0,0,4,20
2024430181433,2024,430181433,470776,180312,-0.98138,51.51731,3,3,6,16:30,-1,E07000179,6,0,1,0,2,1,6,2,0,0,0,1,0,0,0,0,1,4,19
2024430181440,2024,430181440,482029,237011,-0.80587,52.02546,3,3,7,10:35,-1,E06000042,6,0,1,0,1,"[4, 19]","[8, 2]","[4, 6]",0,0,0,1,0,0,0,0,0,4,20
2024430181466,2024,430181466,471617,163404,-0.97268,51.36519,1,"[1, 2]",7,16:06,-1,E06000041,3,0,1,0,2,12,8,4,0,1,4,1,0,0,0,0,0,4,20
2024430181584,2024,430181584,425357,190830,-1.63517,51.61573,3,3,7,17:41,-1,E07000180,3,0,1,0,2,19,2,6,0,"[0, 7]",0,1,0,0,0,0,0,4,20
2024430181683,2024,430181683,471946,173375,-0.96594,51.45479,3,3,7,14:00,-1,E06000038,6,0,1,0,1,19,"[7, 1]","[3, 5]",0,0,0,1,0,1,0,0,0,4,20
2024430181691,2024,430181691,487687,166931,-0.74104,51.39465,3,3,7,19:17,-1,E06000036,3,0,1,0,1,"[19, 7]","[2, 8]","[6, 2]","[0, 9]","[0, 7]",0,1,0,0,0,0,0,4,20
2024430181694,2024,430181694,501373,177948,-0.54124,51.4914,3,3,7,18:00,-1,E06000039,1,0,1,0,2,"[11, 7]",2,"[6, 4]",0,0,0,1,0,0,0,0,0,4,20
2024430181941,2024,430181941,487542,166784,-0.74316,51.39335,2,2,7,22:50,-1,E06000036,6,2,1,0,1,19,"[4, 6]","[8, 2]",0,0,0,1,0,1,0,0,0,4,20
2024430182209,2024,430182209,484565,168446,-0.78554,51.40874,3,3,7,11:00,-1,E06000036,6,0,1,0,1,7,6,8,0,0,0,1,0,0,0,0,0,4,20
2024430182505,2024,430182505,504372,185913,-0.4957,51.56245,3,3,1,12:30,-1,E06000060,3,0,1,0,2,19,4,8,10,0,0,0,0,1,0,0,0,4,21
2024430182625,2024,430182625,488905,251278,-0.70197,52.15264,3,3,7,10:17,-1,E06000042,3,0,1,0,2,"[19, 9]","[1, 3]","[5, 1]",0,0,0,1,0,1,0,0,0,4,20
2024430183033,2024,430183033,433353,209286,-1.51793,51.78125,3,3,1,11:15,-1,E07000181,6,0,1,0,2,"[19, 10]",5,1,0,0,0,1,0,0,1,0,0,4,21
2024430183415,2024,430183415,486777,192980,-0.74771,51.62895,3,3,1,17:05,-1,E06000060,3,0,1,0,1,"[3, 19]",2,6,0,0,0,1,0,0,0,0,0,4,21
2024430183855,2024,430183855,475028,200277,-0.91585,51.69624,3,3,2,10:43,-1,E07000179,4,0,2,1,2,"[13, 19]",6,2,0,0,0,1,1,0,0,0,0,4,22
2024430184263,2024,430184263,451951,206230,-1.24882,51.75236,3,3,2,13:52,-1,E07000178,3,0,2,1,1,19,7,3,0,0,0,1,1,0,0,0,0,4,22
2024430185471,2024,430185471,497490,179661,-0.59667,51.50748,3,3,3,08:16,-1,E06000039,3,0,1,1,1,"[10, 19]",2,"[8, 6]","[0, 10]",0,0,1,0,0,0,0,0,4,23
2024430185936,2024,430185936,485501,160063,-0.7741,51.33324,3,3,3,06:50,-1,E06000036,3,0,1,0,1,"[3, 19]",8,4,0,0,0,1,0,0,0,0,0,4,23
2024430186075,2024,430186075,484203,204324,-0.78216,51.73132,2,2,3,12:52,-1,E06000060,5,0,2,1,2,19,"[7, 5]","[5, 7]",0,0,0,1,0,0,0,0,0,4,23
2024430186224,2024,430186224,481695,164881,-0.82761,51.37711,2,2,3,13:45,-1,E06000041,3,0,1,0,1,19,8,4,0,0,0,1,0,0,0,0,1,4,23
2024430186648,2024,430186648,470529,200023,-0.98098,51.69454,3,3,3,17:05,-1,E07000179,3,0,1,0,2,"[19, 9]","[8, 4]","[4, 2]",0,"[1, 0]",0,1,0,0,0,0,0,4,23
2024430186826,2024,430186826,497374,179408,-0.59842,51.50523,3,3,5,08:30,-1,E06000039,3,0,1,0,1,"[19, 12]",2,6,0,0,0,1,0,0,0,0,0,4,18
2024430186915,2024,430186915,462892,165126,-1.09769,51.38171,3,3,3,20:20,-1,E06000037,6,0,1,0,2,"[13, 9]",6,"[2, 4]",0,0,0,1,0,0,0,0,0,4,23
2024430187280,2024,430187280,485147,193547,-0.77112,51.6343,3,3,3,08:55,-1,E06000060,6,0,1,0,1,1,7,3,0,0,0,1,0,0,0,0,1,4,23
2024430187281,2024,430187281,501385,177988,-0.54105,51.49176,3,3,3,09:01,-1,E06000039,1,0,1,0,2,"[19, 3]",2,6,0,0,0,1,0,0,0,0,0,4,23
2024430187911,2024,430187911,484932,193008,-0.77435,51.62949,3,3,4,10:15,-1,E06000060,6,0,1,0,1,"[9, 19]","[4, 2]","[2, 6]",0,0,0,1,0,0,0,0,0,4,24
2024430188020,2024,430188020,487910,235723,-0.72051,52.01298,3,3,3,14:40,-1,E06000042,3,0,2,1,2,19,4,8,0,"[4, 0]","[6, 0]",1,0,0,0,0,0,4,16
2024430188099,2024,430188099,496118,181655,-0.61589,51.52564,2,2,4,13:30,-1,E06000039,3,0,1,0,1,19,5,1,0,0,0,1,0,0,0,0,1,4,24
2024430188414,2024,430188414,485622,193717,-0.76421,51.63575,3,3,5,15:34,-1,E06000060,6,0,1,0,1,"[19, 2]","[8, 0]","[4, 0]",0,"[1, 0]",0,1,0,0,0,0,0,5,9
2024430188444,2024,430188444,451214,197588,-1.26076,51.67473,3,3,2,17:10,-1,E07000180,6,0,1,0,2,"[19, 7]",5,"[1, 7]",0,0,0,1,1,0,0,0,0,4,22