collision_index,collision_year,collision_ref_no,location_easting_osgr,location_northing_osgr,longitude,latitude,casualty_severity,casualty_severity,day_of_week,time,local_authority_district,local_authority_ons_district,first_road_class,light_conditions,weather_conditions,road_surface_conditions,urban_or_rural_area,vehicle_manoeuvre,vehicle_direction_from,vehicle_direction_to,hit_object_in_carriageway,vehicle_leaving_carriageway,hit_object_off_carriageway,is_car,is_cyle,is_mcyle,is_goodsv,is_other,is_pedestrian,month,day
2024430188453,2024,430188453,495212,201690,-0.62351,51.70588,3,3,3,17:30,-1,E06000060,6,0,1,1,2,19,7,4,0,0,0,1,0,0,0,0,1,4,23
2024430188459,2024,430188459,471401,176098,-0.97323,51.47934,3,3,4,16:00,-1,E06000038,6,0,1,0,1,19,4,8,10,1,11,1,0,0,0,0,0,4,24
2024430188656,2024,430188656,470951,199554,-0.97498,51.69027,3,3,4,17:45,-1,E07000179,3,0,1,0,2,"[9, 19]",8,"[6, 4]",0,0,0,1,0,1,0,0,0,4,24
2024430188750,2024,430188750,465378,182303,-1.0588,51.53585,2,2,4,18:41,-1,E07000179,3,0,1,0,2,7,8,4,0,0,0,0,0,1,0,0,0,4,24
2024430189074,2024,430189074,495947,182072,-0.61825,51.52942,3,3,4,23:00,-1,E06000039,6,2,1,0,1,19,2,6,0,1,0,1,0,0,0,0,1,4,24
2024430189251,2024,430189251,447632,166305,-1.31678,51.39379,3,3,7,08:50,-1,E06000037,6,0,1,0,1,19,4,8,0,0,0,1,0,0,0,0,1,4,20
2024430189272,2024,430189272,455728,204516,-1.19438,51.73659,2,2,2,08:00,-1,E07000178,6,0,1,0,1,"[19, 9]","[3, 7]","[7, 5]",0,"[1, 0]",0,1,1,0,0,0,0,3,18
2024430189605,2024,430189605,428981,208076,-1.5814,51.77061,3,3,2,07:45,-1,E07000181,4,0,1,0,2,"[19, 7]","[5, 1, 7]","[1, 5]",0,0,0,1,0,0,1,0,0,4,15
2024430190321,2024,430190321,488789,192045,-0.71889,51.62023,3,3,4,20:08,-1,E06000060,3,0,1,0,1,"[19, 3]",4,7,0,0,0,1,0,0,0,0,0,4,24
2024430190379,2024,430190379,431463,196843,-1.54645,51.66949,3,3,7,01:20,-1,E07000180,3,2,1,0,2,19,6,2,0,0,0,0,0,0,1,0,0,4,20
2024430190544,2024,430190544,474373,171842,-0.93134,51.4407,2,2,5,16:45,-1,E06000041,4,0,1,1,1,"[19, 9]","[2, 8]",6,0,0,0,1,1,0,0,0,0,4,25
2024430190785,2024,430190785,454836,204656,-1.20728,51.73794,3,3,5,16:50,-1,E07000178,4,0,1,0,1,19,9,9,0,0,0,0,0,0,0,0,1,4,25
2024430190821,2024,430190821,502714,185657,-0.51968,51.56045,3,3,3,16:02,-1,E06000060,1,0,1,0,2,"[19, 3]",3,7,0,0,0,1,0,0,0,0,0,4,23
2024430190983,2024,430190983,439170,225122,-1.43182,51.92325,3,3,5,22:00,-1,E07000181,4,2,1,0,2,19,7,3,12,0,0,0,0,1,0,0,0,4,25
2024430191223,2024,430191223,471015,173017,-0.97941,51.45169,3,3,5,16:10,-1,E06000038,3,0,2,1,1,"[9, 19]","[2, 6]","[8, 2]",0,0,0,1,1,0,0,0,0,4,25
2024430191225,2024,430191225,484464,168510,-0.78698,51.40933,3,3,5,09:30,-1,E06000036,3,0,1,0,2,"[19, 8]",4,"[8, 6]",0,0,0,1,0,0,0,0,0,4,25
2024430191299,2024,430191299,488945,239520,-0.70445,52.04695,3,3,6,06:10,-1,E06000042,6,0,1,0,2,19,"[6, 2]","[2, 4]",0,0,0,1,1,0,0,0,0,4,26
2024430191560,2024,430191560,488751,239672,-0.70724,52.04834,3,3,6,09:45,-1,E06000042,3,0,1,0,2,"[3, 19]",4,8,0,0,0,1,0,0,0,0,0,4,26
2024430192244,2024,430192244,482371,211653,-0.80694,51.79747,3,3,6,15:53,-1,E06000060,6,0,1,0,1,"[1, 2]","[4, 0]","[8, 0]",0,0,0,1,0,0,0,0,1,4,26
2024430192286,2024,430192286,474653,172955,-0.92707,51.45067,3,3,5,19:40,-1,E06000041,4,0,1,1,1,"[19, 6]","[0, 3]","[0, 3]",0,0,0,1,0,1,0,0,0,4,25
2024430192653,2024,430192653,477063,173368,-0.89231,51.45406,3,3,6,11:40,-1,E06000041,6,0,1,0,1,19,"[8, 2]","[4, 6]",0,0,0,1,1,0,0,0,0,4,26
2024430193192,2024,430193192,446581,240713,-1.32195,52.06284,3,3,6,08:45,-1,E07000177,6,0,1,0,1,19,"[1, 3]","[5, 7]",0,"[0, 1]",0,1,1,0,0,0,0,4,26
2024430193308,2024,430193308,480969,212448,-0.82708,51.80482,2,"[2, 3]",7,08:06,-1,E06000060,5,0,1,1,1,"[9, 19]","[3, 1]","[1, 5]",0,0,0,1,0,0,1,0,0,4,27
2024430193600,2024,430193600,477693,169952,-0.88399,51.42326,3,3,7,13:06,-1,E06000041,4,0,1,0,1,19,"[2, 6]","[6, 2]",0,0,0,1,0,0,0,0,0,4,27
2024430193690,2024,430193690,485087,184729,-0.77412,51.55504,3,3,7,14:30,-1,E06000040,3,0,1,0,2,19,6,2,0,0,0,1,0,0,0,0,0,4,27
2024430193788,2024,430193788,452910,204744,-1.23515,51.73891,3,3,7,09:14,-1,E07000178,3,0,2,1,1,"[14, 5]","[5, 0]","[1, 5]",0,0,0,1,1,0,0,0,0,4,27
2024430194130,2024,430194130,439129,192988,-1.43603,51.63435,3,3,7,14:00,-1,E07000180,6,0,1,0,2,"[19, 4]","[7, 3]","[3, 7]",0,0,0,1,0,0,0,1,0,4,27
2024430194440,2024,430194440,461798,213373,-1.10492,51.81558,3,3,1,00:05,-1,E06000060,1,2,2,1,2,19,4,8,0,1,4,1,0,0,0,0,0,4,28
2024430194618,2024,430194618,488793,237770,-0.70712,52.03124,3,3,7,17:22,-1,E06000042,3,0,1,0,2,"[19, 13]",2,6,0,0,0,1,0,0,0,0,0,4,27
2024430194626,2024,430194626,451748,206525,-1.25172,51.75503,3,3,7,17:30,-1,E07000178,6,0,1,0,1,"[9, 4]","[3, 9]","[1, 9]","[4, 0]",0,0,1,1,0,0,0,0,4,27
2024430194708,2024,430194708,471861,197869,-0.96216,51.675,2,2,1,07:47,-1,E07000179,1,0,2,1,2,19,1,5,0,0,0,1,0,0,0,0,0,4,28
2024430194734,2024,430194734,467932,172158,-1.02393,51.44435,3,3,1,08:24,-1,E06000038,3,0,1,0,1,"[6, 19]",6,"[6, 2]",0,0,0,1,0,0,0,0,0,4,28
2024430195036,2024,430195036,469336,218874,-0.99448,51.86415,3,3,1,14:25,-1,E06000060,3,0,1,0,2,19,4,8,0,7,0,1,0,0,0,0,0,4,28
2024430195121,2024,430195121,459478,225346,-1.13651,51.92347,3,3,1,15:45,-1,E07000177,3,0,1,0,1,"[4, 10]",6,"[2, 3]",0,0,0,1,0,0,0,0,0,4,28
2024430195308,2024,430195308,445556,243777,-1.3365,52.09047,3,3,7,12:30,-1,E07000177,3,0,2,1,2,"[4, 19, 10]",1,5,0,0,0,1,0,0,0,0,0,4,27
2024430195485,2024,430195485,485576,167286,-0.77129,51.39816,3,3,1,21:20,-1,E06000036,6,2,1,0,1,"[3, 9, 19]","[8, 2, 6]","[4, 8, 2]",0,0,0,1,0,0,0,0,0,4,28
2024430195912,2024,430195912,473365,236141,-0.93231,52.01885,3,3,2,06:31,-1,E06000060,3,0,1,1,2,7,2,4,0,1,4,1,0,0,0,0,0,4,29
2024430196750,2024,430196750,497277,181103,-0.59935,51.52048,3,3,2,14:18,-1,E06000039,6,0,1,0,1,19,1,5,0,0,0,1,0,0,0,0,1,4,29
2024430196833,2024,430196833,497926,197928,-0.5853,51.6716,3,3,2,15:00,-1,E06000060,3,0,1,0,1,"[3, 9, 14]",7,"[3, 6]",0,0,0,1,0,1,0,0,0,4,29
2024430196913,2024,430196913,495146,189170,-0.62787,51.59335,3,3,7,20:00,-1,E06000060,3,0,1,0,2,"[19, 12]",2,6,0,0,0,1,0,0,1,0,0,4,20
2024430197003,2024,430197003,474654,172957,-0.92706,51.45069,3,3,2,16:50,-1,E06000041,4,0,1,1,1,"[6, 19]","[1, 5]",1,0,0,0,1,0,1,0,0,0,4,22
2024430197135,2024,430197135,486054,240908,-0.74624,52.05988,3,3,2,17:05,-1,E06000042,5,0,1,0,1,"[19, 9]","[5, 1]","[1, 7]",0,0,0,1,0,0,0,0,0,4,29
2024430197186,2024,430197186,471980,170741,-0.96598,51.43111,3,3,2,17:30,-1,E06000038,6,0,1,0,1,"[19, 14]","[8, 4]","[4, 8]",0,0,0,1,1,0,0,0,0,4,29
2024430197326,2024,430197326,483748,241410,-0.77975,52.06474,3,3,2,14:47,-1,E06000042,6,0,1,0,1,19,3,7,0,0,0,1,0,0,0,0,1,4,29
2024430197801,2024,430197801,484160,238278,-0.77451,52.03653,3,3,3,03:00,-1,E06000042,6,2,1,0,1,19,2,6,0,1,1,1,0,0,0,0,0,4,30
2024430197942,2024,430197942,472493,168628,-0.95904,51.41205,3,3,3,08:16,-1,E06000041,1,0,1,0,1,"[19, 3]",2,6,0,0,0,1,0,0,0,0,0,4,30
2024430197959,2024,430197959,488978,220623,-0.70885,51.87709,3,3,3,07:57,-1,E06000060,5,0,1,0,2,"[19, 9]","[6, 8]","[2, 6]",0,0,0,1,0,0,0,0,0,4,30
2024430198163,2024,430198163,481373,203008,-0.82343,51.7199,3,3,3,10:00,-1,E06000060,6,0,1,0,2,14,4,8,0,0,0,1,0,0,0,0,1,4,30
2024430198401,2024,430198401,485508,237288,-0.75511,52.02742,2,2,3,04:15,-1,E06000042,6,0,1,0,1,"[-1, 9, 19]","[8, 4]","[6, 8]",0,0,0,1,0,0,0,0,0,4,30
2024430198522,2024,430198522,462550,204968,-1.09552,51.73994,1,1,3,12:41,-1,E07000179,1,0,1,0,2,19,4,8,0,5,6,0,0,0,1,0,0,4,30
2024430198864,2024,430198864,457829,194241,-1.16566,51.644,3,3,3,15:16,-1,E07000179,6,0,1,0,2,"[19, 2]","[8, 5, 0]","[5, 8, 0]",0,0,0,1,0,1,0,0,0,4,30
2024430198881,2024,430198881,484232,192851,-0.7845,51.62818,3,3,3,15:33,-1,E06000060,3,0,1,0,1,19,1,6,0,0,0,1,0,0,0,0,1,4,30
2024430199202,2024,430199202,489348,195496,-0.70993,51.65117,3,3,3,18:01,-1,E06000060,4,0,1,0,1,"[9, 19]","[6, 3]","[3, 7]",0,0,0,1,0,0,0,0,0,4,30
2024430199374,2024,430199374,449878,212389,-1.27796,51.80792,3,3,3,17:45,-1,E07000177,3,0,1,0,2,"[3, 4]","[1, 9]","[5, 9]",0,0,0,1,0,0,0,0,0,4,30
2024430199400,2024,430199400,471202,170174,-0.97729,51.42611,3,3,3,07:45,-1,E06000038,6,0,1,0,1,"[13, 19]",6,2,0,0,0,0,1,0,1,0,0,4,30
2024430199786,2024,430199786,483725,240584,-0.78028,52.05732,3,3,3,19:00,-1,E06000042,6,0,1,0,1,19,"[1, 6]","[5, 2]",0,0,0,1,0,0,0,1,0,4,30
2024430200061,2024,430200061,451938,206545,-1.24896,51.7552,3,3,6,11:16,-1,E07000178,6,0,1,0,1,19,5,1,0,0,0,1,0,0,0,0,1,4,26
2024430200390,2024,430200390,452386,205987,-1.24255,51.75014,3,3,4,12:04,-1,E07000178,3,0,1,0,1,"[9, 15]","[7, 3]","[5, 7]",0,0,0,1,1,0,0,0,0,5,1
2024430200820,2024,430200820,501368,177943,-0.54131,51.49136,3,3,3,14:30,-1,E06000039,1,0,1,0,2,"[8, 19]",2,"[5, 6]",0,0,0,1,0,0,0,0,0,4,30
2024430201001,2024,430201001,453082,205561,-1.23254,51.74624,3,3,4,17:12,-1,E07000178,4,0,1,0,1,19,8,4,0,0,0,0,0,0,1,0,1,5,1
2024430201272,2024,430201272,452481,224473,-1.23838,51.91632,3,3,3,15:40,-1,E07000177,6,0,8,0,2,"[19, 13]",1,5,0,0,0,1,1,0,0,0,0,4,30
2024430201303,2024,430201303,503587,177245,-0.50956,51.48468,3,3,4,07:35,-1,E06000039,3,0,1,0,2,"[3, 19]",8,4,0,0,0,1,0,0,0,0,0,5,1
2024430201454,2024,430201454,491147,237873,-0.67279,52.03179,3,3,4,23:00,-1,E06000042,6,2,1,0,2,6,1,1,0,0,0,1,0,0,0,0,1,5,1
2024430201704,2024,430201704,494891,166414,-0.63766,51.38885,3,3,4,17:05,-1,E06000040,3,0,1,0,1,"[1, 3]","[2, 6]","[6, 2]",0,0,0,1,1,0,0,0,0,5,1
2024430201950,2024,430201950,441855,214142,-1.39411,51.82434,3,3,5,09:03,-1,E07000181,3,0,1,0,2,19,"[7, 5]","[3, 1]",0,0,0,1,1,0,0,0,0,5,2
2024430202097,2024,430202097,494275,243992,-0.62552,52.08626,2,2,5,10:35,-1,E06000042,6,0,1,0,2,19,"[8, 3]","[3, 8]",0,0,0,1,0,1,0,0,0,5,2
2024430202238,2024,430202238,495564,182331,-0.62369,51.53181,3,3,5,18:00,-1,E06000039,6,0,1,0,1,"[4, 19]",7,3,0,0,0,1,0,0,0,0,0,4,25
2024430203123,2024,430203123,453217,208396,-1.23015,51.77172,3,3,3,15:35,-1,E07000178,4,0,1,0,1,"[4, 19]",5,1,0,0,0,1,0,0,0,0,0,4,30
2024430203130,2024,430203130,486171,237745,-0.74533,52.03143,3,3,1,02:30,-1,E06000042,5,2,1,0,2,19,2,6,9,3,4,1,0,0,0,0,0,4,21
2024430203917,2024,430203917,468579,174228,-1.01422,51.46288,2,2,7,12:23,-1,E06000038,3,0,1,0,1,19,"[4, 2]","[8, 6]",0,0,0,1,1,0,0,0,0,3,23
2024430203961,2024,430203961,470845,174897,-0.98148,51.46862,3,3,5,17:29,-1,E06000038,6,0,1,0,1,19,"[2, 8]","[6, 4]",0,0,0,1,1,0,0,0,0,10,17
2024430203991,2024,430203991,447375,167043,-1.32038,51.40045,3,3,6,07:20,-1,E06000037,3,0,2,1,1,"[9, 19]","[5, 1]","[4, 5]",0,0,0,1,0,0,0,0,0,5,3
2024430204026,2024,430204026,481285,214835,-0.82194,51.82623,3,3,5,18:59,-1,E06000060,3,0,1,1,1,"[5, 9]","[8, 6]","[4, 8]",0,0,0,1,0,0,0,0,0,5,2
2024430204063,2024,430204063,444168,196972,-1.36273,51.66979,2,"[3, 2]",6,10:56,-1,E07000180,3,0,2,1,2,"[19, 9]","[1, 3]","[6, 1]",0,0,0,1,0,0,0,0,0,5,3
2024430204111,2024,430204111,481449,213893,-0.81978,51.81774,3,3,4,13:45,-1,E06000060,3,0,1,0,1,"[4, 19]",4,8,0,0,0,1,1,0,0,0,0,5,1
2024430204115,2024,430204115,450082,198310,-1.27703,51.68133,3,3,6,11:00,-1,E07000180,6,0,1,1,1,"[5, 19]","[7, 1]","[3, 5]",0,0,0,1,1,0,0,0,0,5,3
2024430204125,2024,430204125,501779,179349,-0.53499,51.50392,3,3,5,15:30,-1,E06000039,6,0,1,0,1,19,5,1,0,0,0,1,0,0,0,0,1,5,2
2024430204180,2024,430204180,470987,231837,-0.96784,51.98047,3,3,6,11:27,-1,E06000060,3,0,8,0,2,"[13, 19]",4,8,0,0,0,1,1,0,0,0,0,5,3
2024430204593,2024,430204593,486311,192437,-0.75457,51.62414,3,3,6,14:30,-1,E06000060,3,0,8,1,2,"[12, 13]",4,8,0,0,0,1,0,1,0,0,0,5,3
2024430205006,2024,430205006,462763,216979,-1.09027,51.84789,2,2,6,18:53,-1,E07000177,4,0,1,0,2,19,4,1,0,1,4,1,0,0,0,0,0,5,3
2024430205061,2024,430205061,468102,223167,-1.01156,51.90289,3,3,6,20:06,-1,E06000060,5,0,2,1,2,19,-1,-1,0,0,0,1,0,0,0,0,0,5,3
2024430205139,2024,430205139,488555,243283,-0.70916,52.08083,3,3,6,10:20,-1,E06000042,4,0,1,1,1,"[19, 9]","[5, 3]",1,0,0,0,1,1,0,0,0,0,5,3
2024430205439,2024,430205439,459425,196044,-1.14229,51.66005,3,3,6,22:25,-1,E07000179,6,2,7,1,2,19,2,8,10,2,10,1,0,0,0,0,0,5,3
2024430205465,2024,430205465,452886,205678,-1.23536,51.74731,3,3,6,22:16,-1,E07000178,4,2,1,0,1,19,4,8,0,0,0,1,0,0,0,0,1,5,3
2024430205655,2024,430205655,477422,170404,-0.88779,51.42736,3,3,6,17:30,-1,E06000041,6,0,1,1,2,1,2,6,0,0,0,1,0,0,0,0,1,5,3
2024430205895,2024,430205895,449064,167502,-1.29604,51.40443,3,3,7,10:13,-1,E06000037,3,0,1,0,1,19,"[5, 7]","[1, 3]",0,0,0,1,0,0,0,0,0,5,4
2024430205921,2024,430205921,493851,191099,-0.64604,51.61091,3,3,7,11:00,-1,E06000060,4,0,1,0,1,"[15, 2]","[4, 0]","[8, 0]","[0, 8]",0,0,1,1,0,0,0,0,5,4
2024430205979,2024,430205979,468199,172729,-1.01998,51.44945,3,3,7,11:15,-1,E06000038,6,0,1,0,1,"[1, 19]","[3, 1]","[7, 5]",0,0,0,1,0,0,0,0,0,5,4
2024430205997,2024,430205997,496091,179206,-0.61695,51.50363,3,3,7,11:15,-1,E06000039,1,0,1,0,1,"[3, 19]",6,2,0,0,0,1,0,0,0,0,0,5,4
2024430207012,2024,430207012,439757,177923,-1.42866,51.49885,2,2,7,19:03,-1,E06000037,3,0,1,0,2,19,6,1,0,7,0,0,0,1,0,0,0,5,4
2024430207252,2024,430207252,470350,175381,-0.9885,51.47303,2,2,1,06:28,-1,E06000038,6,0,1,0,1,19,4,8,0,1,11,1,0,0,0,0,0,5,5
2024430207369,2024,430207369,482743,187348,-0.8073,51.57893,2,"[3, 2]",1,09:30,-1,E06000060,5,0,1,0,2,"[13, 19]",8,4,0,0,0,1,1,0,0,0,0,5,5
2024430207432,2024,430207432,425609,211418,-1.63003,51.80082,3,3,1,10:29,-1,E07000181,3,0,1,0,2,"[19, 3]",8,4,0,0,0,1,0,1,0,0,0,5,5
2024430207531,2024,430207531,446802,167836,-1.32851,51.40763,2,2,1,12:14,-1,E06000037,3,0,1,0,1,"[19, 9]","[3, 7]","[7, 4]",0,0,0,1,1,0,0,0,0,5,5
2024430207535,2024,430207535,450081,206212,-1.27591,51.75237,3,3,1,12:18,-1,E07000178,3,0,1,0,1,"[7, 19]",3,"[5, 7]",0,0,0,1,1,0,0,0,0,5,5
2024430207826,2024,430207826,451207,206693,-1.25953,51.75659,3,3,5,18:24,-1,E07000178,3,0,1,0,1,"[7, 19]",1,"[3, 5]",0,0,0,1,1,0,0,0,0,5,2
2024430207843,2024,430207843,470698,173388,-0.98389,51.45507,3,3,7,06:13,-1,E06000038,3,0,1,0,1,19,3,7,0,0,0,1,1,0,0,0,0,5,4
2024430208027,2024,430208027,495889,178333,-0.6201,51.49582,3,3,1,17:47,-1,E06000040,3,0,1,1,2,19,6,2,0,0,0,1,0,0,0,0,0,5,5
2024430208732,2024,430208732,488824,177499,-0.72205,51.48947,3,3,2,10:12,-1,E06000040,3,0,1,1,2,19,2,6,0,1,0,1,0,0,0,0,0,5,6
2024430209112,2024,430209112,503752,187220,-0.50425,51.57431,3,3,2,15:17,-1,E06000060,3,0,1,0,2,"[9, 19]","[8, 5]","[5, 1]",0,0,0,1,0,0,0,0,0,5,6
2024430209206,2024,430209206,449877,219537,-1.27695,51.87218,3,3,2,11:40,-1,E07000177,3,0,1,0,2,"[3, 4]",5,1,0,0,0,1,0,0,0,0,0,5,6
2024430209262,2024,430209262,485556,235899,-0.75476,52.01493,3,3,2,16:24,-1,E06000042,3,0,1,0,2,"[5, 19]",4,8,0,"[0, 2]",0,1,0,1,0,0,0,5,6
2024430209445,2024,430209445,487017,200862,-0.74228,51.69977,2,"[3, 2]",2,18:59,-1,E06000060,3,0,9,0,2,19,6,2,10,1,4,0,0,1,0,0,0,5,6
2024430209517,2024,430209517,485166,191299,-0.77139,51.61409,3,3,2,12:10,-1,E06000060,3,0,2,1,1,"[19, 3]",7,4,0,0,0,1,0,0,0,0,0,5,6
2024430209901,2024,430209901,484571,193008,-0.77957,51.62954,3,3,2,20:00,-1,E06000060,6,0,2,1,1,"[9, 19]","[3, 2]","[2, 5]",0,0,0,1,0,1,0,0,0,5,6
2024430209964,2024,430209964,484903,188249,-0.77592,51.58671,3,3,3,06:47,-1,E06000060,6,0,1,0,1,"[2, 19]","[0, 3]","[0, 7]",0,0,0,1,0,0,1,0,0,5,7
2024430210750,2024,430210750,422353,190373,-1.67858,51.61175,2,2,3,13:30,-1,E07000180,4,0,1,0,2,19,"[8, 4]","[4, 8]",0,0,0,1,0,0,0,0,0,5,7
2024430211285,2024,430211285,455319,207394,-1.19985,51.7625,3,3,3,17:30,-1,E07000178,3,0,1,0,1,"[15, 9]","[7, 3]","[3, 1]",0,0,0,1,0,1,0,0,0,5,7
2024430211363,2024,430211363,469102,171954,-1.00714,51.44237,3,3,3,17:32,-1,E06000038,6,0,1,0,1,19,"[4, 2]","[8, 6]",0,0,0,1,1,0,0,0,0,5,7
2024430211512,2024,430211512,495088,178350,-0.63163,51.4961,3,3,7,15:00,-1,E06000040,4,0,1,0,2,"[9, 19]","[2, 8]","[8, 4]",0,0,0,1,0,1,0,0,0,5,4
2024430212061,2024,430212061,483889,166606,-0.79569,51.3923,3,3,3,08:15,-1,E06000036,6,0,1,1,2,"[9, 14]","[8, 5]","[5, 1]",0,0,0,1,0,1,0,0,0,5,7
2024430212376,2024,430212376,482032,236464,-0.80596,52.02054,2,"[3, 2]",4,10:07,-1,E06000042,6,0,1,0,2,"[9, 19]","[2, 6]","[8, 2]",0,0,0,1,0,1,0,0,0,5,8
2024430212887,2024,430212887,484470,236097,-0.77053,52.01688,2,"[2, 3]",4,13:40,-1,E06000042,5,0,1,0,1,"[19, 9]","[2, 4]","[6, 2]",0,0,0,1,0,0,0,0,0,5,8
2024430212936,2024,430212936,487513,205397,-0.73397,51.74045,2,2,4,13:50,-1,E06000060,3,0,1,0,2,19,5,1,0,0,0,0,0,1,0,0,0,5,8
2024430213617,2024,430213617,457574,221676,-1.16481,51.89067,3,3,4,15:30,-1,E07000177,6,0,1,0,2,"[3, 5]",8,4,0,0,0,1,0,0,0,0,0,5,8
2024430213808,2024,430213808,432164,188009,-1.53712,51.59002,2,2,4,22:00,-1,E07000180,6,2,1,0,2,"[19, 2]","[4, 0]","[8, 0]","[10, 0]","[7, 0]","[1, 0]",1,0,1,0,0,0,5,8
2024430214278,2024,430214278,446903,228281,-1.31896,51.95105,2,2,5,08:24,-1,E07000177,3,0,1,0,2,19,1,5,0,0,0,0,0,1,0,0,0,5,9
2024430214289,2024,430214289,463196,171079,-1.09226,51.43519,3,3,5,08:31,-1,E06000037,3,0,1,0,2,"[19, 9]","[5, 1]","[1, 7]",0,0,0,1,0,0,0,0,0,5,9
2024430214335,2024,430214335,483628,170833,-0.79845,51.43034,3,3,5,09:00,-1,E06000036,4,0,1,0,2,"[9, 19]","[7, 3]","[5, 7]",10,"[1, 7]",0,1,0,0,0,0,0,5,9
2024430214386,2024,430214386,485513,240569,-0.75422,52.05692,3,3,3,09:36,-1,E06000042,4,0,1,0,2,"[19, 9]","[1, 5]","[5, 3]",0,"[1, 0]",0,1,0,0,0,0,0,7,9
2024430214848,2024,430214848,450621,209604,-1.26759,51.78282,3,3,7,13:30,-1,E07000178,3,0,1,0,1,"[3, 19]",1,5,0,0,0,1,0,1,0,0,0,5,11
2024430215059,2024,430215059,485314,194536,-0.76846,51.64316,3,3,5,15:10,-1,E06000060,6,0,1,0,1,"[9, 19]","[6, 8]",4,0,0,0,1,0,1,0,0,0,5,9
2024430215069,2024,430215069,498319,174119,-0.58627,51.45752,3,3,5,13:20,-1,E06000040,4,0,1,0,1,"[9, 19]","[2, 4]",8,0,"[0, 1]",0,1,1,0,0,0,0,5,9
2024430215154,2024,430215154,488711,240401,-0.70763,52.0549,3,3,5,13:54,-1,E06000042,3,0,1,0,2,19,7,3,0,0,0,0,0,1,0,0,0,5,9
2024430215177,2024,430215177,473035,171572,-0.95064,51.43845,3,3,5,08:26,-1,E06000038,3,0,1,0,1,"[3, 14]",5,1,0,0,0,1,0,0,0,0,0,5,9
2024430215545,2024,430215545,488643,192093,-0.72098,51.62069,3,3,5,07:42,-1,E06000060,3,0,8,0,1,19,4,8,0,0,0,1,0,0,0,0,1,5,9
2024430216169,2024,430216169,458356,223540,-1.15313,51.90735,3,3,5,18:00,-1,E07000177,6,0,1,0,1,"[3, 19]",8,4,0,0,0,1,0,0,0,0,0,5,9
2024430216218,2024,430216218,495063,182781,-0.63079,51.53594,2,2,6,07:14,-1,E06000039,6,0,1,0,1,"[4, 13]",1,5,0,0,0,1,0,0,0,0,0,5,10
2024430216354,2024,430216354,452598,205814,-1.23951,51.74856,3,3,6,08:12,-1,E07000178,4,0,1,0,1,"[9, 13]",4,"[1, 7]",0,0,0,1,0,1,0,0,0,5,10
2024430216587,2024,430216587,487533,174161,-0.74147,51.45967,3,3,6,10:54,-1,E06000040,3,0,1,0,2,"[3, 19]",8,4,0,0,0,1,0,0,0,0,0,5,10
2024430216634,2024,430216634,484660,162322,-0.78563,51.35368,3,3,5,22:55,-1,E06000036,6,2,1,0,1,19,"[8, 6]","[4, 2]",0,0,0,1,0,1,0,0,0,5,9
2024430216650,2024,430216650,499982,188120,-0.55838,51.58308,3,3,6,11:27,-1,E06000060,3,0,1,0,1,19,4,8,0,0,0,1,0,0,0,0,1,5,10
2024430217040,2024,430217040,454103,206154,-1.21766,51.75148,3,3,6,14:44,-1,E07000178,6,0,1,0,1,"[19, 7]","[7, 1]",3,0,0,0,1,0,1,0,0,0,5,10
2024430217170,2024,430217170,503289,188461,-0.51057,51.58555,3,3,7,15:29,-1,E06000060,6,0,1,0,2,"[3, 1]",9,9,0,0,0,1,0,1,0,0,0,5,4
2024430217228,2024,430217228,472446,169769,-0.95948,51.42231,3,3,6,16:14,-1,E06000038,6,0,1,0,1,19,5,1,0,0,0,0,0,1,0,0,1,5,10
2024430217293,2024,430217293,483927,241755,-0.77705,52.06782,3,3,6,17:00,-1,E06000042,5,0,1,0,2,"[9, 19]","[7, 1]",5,0,0,0,1,0,0,0,0,0,5,10
2024430217348,2024,430217348,482588,234921,-0.79823,52.00659,3,3,6,15:35,-1,E06000042,6,0,1,0,1,19,"[3, 5]","[7, 1]",0,0,0,1,1,0,0,0,0,5,10
2024430217542,2024,430217542,462300,219431,-1.09655,51.86998,2,2,6,19:17,-1,E07000177,6,0,1,0,2,19,6,2,0,7,0,1,0,0,0,0,1,5,10
2024430218252,2024,430218252,472264,172192,-0.9616,51.44412,2,2,7,07:18,-1,E06000038,3,0,1,0,1,"[13, 9]",8,"[4, 6]",0,0,0,1,0,1,0,0,0,5,11
2024430218261,2024,430218261,450781,209134,-1.26534,51.77858,3,3,6,08:40,-1,E07000178,3,0,1,0,1,"[9, 19]","[5, 1]","[3, 5]",0,0,0,1,1,0,0,0,0,5,10
2024430218433,2024,430218433,490054,193855,-0.70015,51.6363,3,3,7,11:19,-1,E06000060,5,0,1,0,1,"[3, 19]",8,4,0,0,0,1,0,0,0,0,0,5,11
2024430218440,2024,430218440,453877,186988,-1.22388,51.57919,3,3,7,11:15,-1,E07000180,4,0,1,0,2,"[9, 19]","[1, 3]","[5, 1]",0,0,0,1,0,1,0,0,0,5,11
2024430218465,2024,430218465,485273,169773,-0.77504,51.42057,2,2,7,11:57,-1,E06000036,4,0,1,0,1,"[9, 13]",8,"[6, 4]",0,0,0,1,0,1,0,0,0,5,11
2024430218517,2024,430218517,468447,174334,-1.0161,51.46385,3,3,7,12:45,-1,E06000038,3,0,1,0,1,14,4,8,0,0,0,0,0,1,0,0,1,5,11
2024430218532,2024,430218532,463198,171082,-1.09223,51.43522,3,3,7,12:56,-1,E06000037,3,0,1,0,2,"[9, 19]",1,"[7, 5]",0,0,0,1,0,1,0,0,0,5,11
2024430218753,2024,430218753,488815,237805,-0.70679,52.03155,3,3,7,07:35,-1,E06000042,5,0,1,0,2,19,"[2, 1]","[6, 5]",0,0,0,1,1,0,0,0,0,5,11