collision_index,collision_year,collision_ref_no,location_easting_osgr,location_northing_osgr,longitude,latitude,casualty_severity,casualty_severity,day_of_week,time,local_authority_district,local_authority_ons_district,first_road_class,light_conditions,weather_conditions,road_surface_conditions,urban_or_rural_area,vehicle_manoeuvre,vehicle_direction_from,vehicle_direction_to,hit_object_in_carriageway,vehicle_leaving_carriageway,hit_object_off_carriageway,is_car,is_cyle,is_mcyle,is_goodsv,is_other,is_pedestrian,month,day
2024430218817,2024,430218817,436936,175843,-1.46951,51.48034,3,3,7,16:29,-1,E06000037,6,0,1,0,2,19,3,1,0,1,0,0,0,1,0,0,0,5,11
2024430218880,2024,430218880,489498,178894,-0.71199,51.50191,3,3,7,17:21,-1,E06000040,3,0,1,0,2,"[4, 19]","[4, 5]",1,0,0,0,1,0,0,0,0,0,5,11
2024430219100,2024,430219100,450383,210198,-1.27096,51.78818,2,2,7,20:30,-1,E07000178,3,0,1,0,1,"[19, 5]","[3, 5]","[7, 1]",0,0,0,1,1,0,0,0,0,5,11
2024430219139,2024,430219139,428494,202053,-1.58895,51.71649,2,2,7,21:09,-1,E07000181,4,2,1,0,2,5,1,5,0,0,0,1,0,0,0,0,1,5,11
2024430219181,2024,430219181,455203,219278,-1.19964,51.86935,2,2,7,16:47,-1,E07000177,1,0,1,0,2,19,5,8,0,0,0,0,0,1,0,0,0,5,11
2024430219856,2024,430219856,496161,176247,-0.61675,51.47702,3,3,1,12:11,-1,E06000040,6,0,1,0,1,"[5, 19]","[5, 1]","[1, 5]",0,0,0,1,0,1,0,0,0,5,12
2024430220188,2024,430220188,476386,206634,-0.89481,51.7532,2,"[3, 2]",1,16:05,-1,E06000060,3,0,1,0,2,19,"[7, 3]","[3, 7]",0,"[0, 1]","[0, 3]",1,0,0,0,0,0,5,12
2024430220198,2024,430220198,447533,167483,-1.31805,51.40439,3,3,7,11:56,-1,E06000037,3,0,1,0,1,"[8, 19]",4,"[6, 8]",0,0,0,1,0,0,0,0,0,5,11
2024430220435,2024,430220435,468605,174181,-1.01386,51.46245,3,3,1,16:41,-1,E06000038,3,0,1,0,1,"[19, 3]",4,8,0,0,0,1,0,0,0,0,0,5,12
2024430220575,2024,430220575,497829,180557,-0.59154,51.51548,3,3,1,22:04,-1,E06000039,4,2,1,0,1,19,2,7,0,0,0,1,0,0,0,0,1,5,12
2024430220757,2024,430220757,470718,173404,-0.9836,51.45521,3,3,2,00:32,-1,E06000038,3,2,1,0,1,7,7,1,0,0,0,1,0,0,0,0,1,5,13
2024430220823,2024,430220823,445120,200344,-1.34853,51.70003,2,2,2,01:54,-1,E07000180,3,2,1,0,2,19,5,1,0,2,4,1,0,0,0,0,0,5,13
2024430221031,2024,430221031,477768,169447,-0.88302,51.41871,3,3,2,07:59,-1,E06000041,6,0,1,0,1,19,"[1, 4]","[4, 1]",0,"[0, 1]",0,1,0,0,0,0,0,5,13
2024430221043,2024,430221043,488536,178542,-0.72594,51.49889,3,3,2,08:05,-1,E06000040,1,0,1,0,2,"[19, 3]",6,2,0,0,0,1,0,0,0,0,0,5,13
2024430221420,2024,430221420,441209,237472,-1.4007,52.03413,2,2,2,11:21,-1,E07000177,4,0,4,0,2,19,"[3, 7]","[7, 3]",0,"[0, 1]",0,1,0,0,1,0,0,5,13
2024430221484,2024,430221484,485032,186334,-0.77452,51.56948,3,3,2,11:49,-1,E06000060,5,0,1,0,1,"[19, 1]","[4, 0]","[8, 0]",0,0,0,1,0,0,0,0,1,5,13
2024430221839,2024,430221839,499126,179395,-0.57318,51.50481,3,3,2,14:24,-1,E06000039,3,0,1,0,1,"[19, 9]","[4, 6]","[8, 4]",0,0,0,1,0,1,0,0,0,5,13
2024430221999,2024,430221999,446565,241076,-1.32214,52.06611,3,3,2,15:40,-1,E07000177,6,0,2,1,1,19,6,2,0,0,0,1,0,0,0,0,1,5,13
2024430222097,2024,430222097,471611,175272,-0.97037,51.47189,3,3,2,12:00,-1,E06000038,6,0,1,0,1,"[7, 19]","[6, 4]",8,0,0,0,1,1,0,0,0,0,5,13
2024430222243,2024,430222243,462043,205063,-1.10285,51.74085,3,3,2,17:24,-1,E07000179,3,0,1,0,2,"[3, 4]",8,4,0,0,0,1,0,0,0,0,0,5,13
2024430222663,2024,430222663,488112,168909,-0.73444,51.41237,3,3,3,07:21,-1,E06000036,6,0,2,1,1,19,"[2, 6]","[6, 2]",0,0,0,1,0,0,0,0,0,5,14
2024430223802,2024,430223802,491149,189331,-0.68551,51.59546,3,3,3,15:45,-1,E06000060,3,0,1,0,1,"[9, 19]","[2, 8]","[8, 4]",0,0,0,1,0,0,0,0,0,5,14
2024430223843,2024,430223843,496136,179070,-0.61634,51.5024,3,3,4,14:29,-1,E06000039,1,0,1,1,2,19,"[4, 2]","[8, 6]",0,0,0,1,0,0,0,0,0,4,10
2024430224142,2024,430224142,462375,232949,-1.09301,51.9915,2,2,3,18:55,-1,E07000177,3,0,1,0,2,"[19, 12]","[3, 7]","[7, 3]",0,0,0,1,0,0,0,0,0,5,14
2024430224146,2024,430224146,496169,181350,-0.61524,51.52289,3,3,3,19:59,-1,E06000039,3,0,1,0,1,"[14, 9]",0,0,0,0,0,1,0,1,0,0,0,5,14
2024430224564,2024,430224564,451566,206337,-1.25438,51.75336,3,3,6,23:18,-1,E07000178,6,2,1,0,1,19,5,1,0,0,0,0,1,0,0,0,1,3,15
2024430224584,2024,430224584,449736,213455,-1.27987,51.81752,3,3,5,17:33,-1,E07000177,6,0,1,0,1,"[9, 19]","[1, 7]","[7, 3]",0,0,0,1,1,0,0,0,0,3,14
2024430224980,2024,430224980,496698,180129,-0.60795,51.51182,3,3,7,14:45,-1,E06000039,6,0,1,0,1,19,"[1, 3]","[5, 7]",0,0,0,1,1,0,0,0,0,5,11
2024430225818,2024,430225818,451046,209311,-1.26148,51.78014,3,3,4,15:49,-1,E07000178,6,0,1,0,1,19,"[3, 5]","[7, 1]",0,0,0,1,1,0,0,0,0,5,15
2024430225917,2024,430225917,483203,214928,-0.79409,51.82678,3,3,4,17:40,-1,E06000060,3,0,1,0,1,"[9, 19]","[8, 2]",6,0,0,0,1,0,1,0,0,0,5,15
2024430226150,2024,430226150,452559,221866,-1.23764,51.89288,3,3,4,18:44,-1,E07000177,3,0,1,0,2,19,7,3,0,7,9,1,0,0,0,0,0,5,15
2024430226304,2024,430226304,451712,206827,-1.25219,51.75775,3,3,4,12:20,-1,E07000178,6,0,1,0,1,19,5,1,0,0,0,1,1,0,0,0,0,5,15
2024430226325,2024,430226325,495135,181337,-0.63015,51.52295,3,3,4,08:50,-1,E06000039,6,0,1,0,1,"[19, 9]","[2, 8]",6,0,0,0,1,0,0,0,0,0,5,15
2024430226335,2024,430226335,498133,179681,-0.58741,51.50755,3,3,4,14:33,-1,E06000039,6,0,1,0,1,19,1,5,0,0,0,1,0,0,0,0,1,5,15
2024430226724,2024,430226724,446697,166153,-1.33024,51.3925,3,3,4,15:23,-1,E06000037,3,0,1,0,1,19,2,6,0,0,0,0,1,0,0,0,1,5,15
2024430226930,2024,430226930,498328,203455,-0.57794,51.72121,3,3,5,08:09,-1,E06000060,4,0,5,1,2,"[9, 19]","[2, 7]","[7, 4]",0,0,0,1,0,0,0,0,0,5,16
2024430227079,2024,430227079,459165,204139,-1.14468,51.73285,3,3,5,09:41,-1,E07000179,6,0,1,0,2,"[19, 9]","[1, 7]",5,0,0,0,1,0,0,0,0,0,5,16
2024430227117,2024,430227117,453964,206812,-1.21957,51.7574,2,"[2, 3]",5,09:56,-1,E07000178,3,0,1,0,1,"[9, 19]","[6, 2]","[4, 6]",0,"[0, 1]",0,1,0,0,0,0,0,5,16
2024430227257,2024,430227257,436564,217675,-1.4705,51.85647,3,3,3,10:31,-1,E07000181,4,0,1,0,2,19,"[8, 4]","[4, 8]",0,7,"[9, 0]",1,0,0,0,0,0,5,14
2024430227364,2024,430227364,473366,172717,-0.94564,51.4487,3,3,3,09:58,-1,E06000038,6,0,1,0,1,19,"[7, 1]","[3, 5]",0,0,0,1,0,1,0,0,0,5,7
2024430227499,2024,430227499,487129,233728,-0.73239,51.99517,3,3,5,12:22,-1,E06000042,6,0,1,0,1,13,5,1,0,0,0,1,0,0,0,0,1,5,16
2024430227772,2024,430227772,468299,174028,-1.01829,51.46112,3,3,2,17:40,-1,E06000038,6,0,1,0,1,"[13, 19]",2,6,0,0,0,1,1,0,0,0,0,5,13
2024430227800,2024,430227800,487611,191006,-0.73616,51.61108,2,2,5,14:37,-1,E06000060,6,0,2,1,2,"[19, 2]","[6, 0]","[2, 0]",0,0,0,0,0,1,1,0,0,5,16
2024430227945,2024,430227945,453638,203572,-1.22479,51.72831,3,3,4,18:00,-1,E07000178,3,0,1,0,1,19,5,"[7, 1]",0,0,0,1,1,0,0,0,0,5,15
2024430227997,2024,430227997,494063,181383,-0.64558,51.52354,3,3,5,15:41,-1,E06000039,6,0,2,1,1,"[7, 19]","[5, 1]","[7, 5]",0,0,0,1,1,0,0,0,0,5,16
2024430228247,2024,430228247,448968,173450,-1.29659,51.45792,3,3,5,17:40,-1,E06000037,6,0,1,0,2,19,"[3, 7]","[7, 3]",0,0,0,1,0,0,0,0,0,5,16
2024430228988,2024,430228988,470491,173108,-0.98693,51.45258,3,3,6,07:55,-1,E06000038,6,0,1,0,1,"[14, 19]","[7, 3]","[3, 7]",0,0,0,1,1,0,0,0,0,5,17
2024430229565,2024,430229565,479235,167733,-0.86231,51.4031,3,3,6,13:02,-1,E06000041,4,0,1,0,1,2,8,4,0,1,11,1,0,0,0,0,0,5,17
2024430229949,2024,430229949,469537,173681,-1.00054,51.45785,3,3,6,15:21,-1,E06000038,3,0,1,0,1,"[9, 19]","[1, 8]","[8, 4]",0,0,0,1,1,0,0,0,0,5,17
2024430229967,2024,430229967,475999,175492,-0.90716,51.4733,3,3,6,14:30,-1,E06000041,4,0,1,0,1,"[19, 9]","[4, 8]","[8, 6]",0,0,0,1,0,1,0,0,0,5,17
2024430230223,2024,430230223,455884,207384,-1.19166,51.76236,2,2,6,17:49,-1,E07000178,3,0,1,0,1,"[7, 19]",3,7,0,0,0,1,0,0,1,0,0,5,17
2024430230414,2024,430230414,473200,169183,-0.94876,51.41695,3,3,6,17:41,-1,E06000041,3,0,1,0,1,"[13, 19]",1,5,0,0,0,1,1,0,0,0,0,5,17
2024430230442,2024,430230442,485935,240513,-0.74808,52.05635,3,3,6,17:10,-1,E06000042,5,0,1,0,2,"[3, 19]",2,6,0,0,0,1,0,0,0,0,0,5,17
2024430230444,2024,430230444,476222,196246,-0.89946,51.65984,3,3,6,19:38,-1,E06000060,6,0,1,0,2,19,2,6,0,0,0,1,0,0,0,0,1,5,17
2024430230521,2024,430230521,481229,241072,-0.81656,52.06208,3,3,6,14:52,-1,E06000042,6,0,1,0,1,19,"[3, 5]","[7, 1]",0,0,0,1,0,0,0,0,0,5,17
2024430231662,2024,430231662,481989,239755,-0.8058,52.05013,2,2,7,14:48,-1,E06000042,5,0,1,0,2,"[9, 19]","[4, 8]","[3, 4]",0,0,"[0, -1]",1,0,0,0,0,0,5,18
2024430231721,2024,430231721,471492,171398,-0.97287,51.43708,3,3,7,15:48,-1,E06000038,6,0,1,0,1,19,"[7, 1]","[3, 7]",0,0,0,1,0,0,0,0,0,5,18
2024430232121,2024,430232121,489052,191725,-0.71517,51.61732,2,2,7,20:59,-1,E06000060,3,0,1,0,1,"[9, 19]","[6, 4]","[4, 8]",0,0,0,1,0,1,0,0,0,5,18
2024430232315,2024,430232315,486528,194995,-0.75081,51.6471,3,3,7,23:29,-1,E06000060,3,2,1,0,2,"[19, 2]","[1, 0]","[4, 0]",0,0,0,1,1,0,0,0,0,5,18
2024430232573,2024,430232573,450933,206360,-1.26355,51.75362,3,3,7,21:35,-1,E07000178,3,2,1,0,1,19,1,7,0,0,0,1,1,0,0,0,0,5,18
2024430232589,2024,430232589,454959,225375,-1.20221,51.92419,3,3,7,09:50,-1,E07000177,1,0,1,0,2,19,1,5,0,0,0,1,0,0,0,0,0,5,18
2024430232904,2024,430232904,439856,187889,-1.42611,51.58845,3,3,1,12:14,-1,E07000180,6,0,1,0,1,19,2,7,0,0,0,1,0,0,0,0,1,5,19
2024430233150,2024,430233150,497957,196157,-0.58535,51.65568,3,3,1,15:40,-1,E06000060,3,0,1,0,2,19,"[8, 4]","[4, 8]",0,0,0,1,0,0,0,0,0,5,19
2024430233363,2024,430233363,453903,192093,-1.22272,51.62508,3,3,1,18:27,-1,E07000179,4,0,1,0,2,19,"[1, 5]","[5, 1]",0,"[0, 1]",0,1,0,0,0,0,0,5,19
2024430233900,2024,430233900,454940,226971,-1.20223,51.93854,2,2,2,02:26,-1,E07000177,1,2,1,0,2,19,5,1,0,0,0,1,0,0,1,0,0,5,20
2024430233966,2024,430233966,504853,185714,-0.48882,51.56057,3,3,4,13:35,-1,E06000060,3,0,1,0,2,"[19, 15]",3,7,0,0,0,1,0,0,0,0,0,9,18
2024430233977,2024,430233977,470788,173378,-0.9826,51.45497,3,3,1,21:50,-1,E06000038,6,2,1,0,1,"[14, 2]","[3, 0]","[7, 0]",0,0,0,1,0,0,0,0,0,5,19
2024430233981,2024,430233981,474287,169620,-0.93304,51.42073,3,3,2,05:08,-1,E06000041,4,0,1,0,2,9,6,3,9,0,0,1,0,0,0,0,0,5,20
2024430233999,2024,430233999,464878,164480,-1.06927,51.37568,3,3,1,15:30,-1,E06000037,6,0,1,0,2,19,"[1, 3]","[5, 7]",0,0,0,1,0,0,0,0,0,5,19
2024430234036,2024,430234036,471043,174472,-0.97871,51.46477,3,3,2,07:06,-1,E06000038,6,0,1,0,1,19,"[3, 7]","[7, 3]",0,0,0,1,0,0,0,0,0,5,20
2024430234146,2024,430234146,489066,177039,-0.71868,51.4853,3,3,2,09:00,-1,E06000040,6,0,1,0,1,19,"[6, 2]","[2, 6]",0,0,0,1,0,0,0,0,0,5,20
2024430234498,2024,430234498,444691,241334,-1.34944,52.06858,3,3,6,16:38,-1,E07000177,3,0,8,0,1,"[3, 19]",6,2,0,0,0,1,0,0,0,0,0,5,17
2024430234717,2024,430234717,484606,191120,-0.77952,51.61256,3,3,2,12:39,-1,E06000060,6,0,1,0,1,"[9, 19]","[6, 2]","[3, 6]",0,0,0,1,0,0,0,0,0,5,20
2024430235201,2024,430235201,455426,174126,-1.20355,51.4634,3,3,4,15:50,-1,E06000037,6,0,1,0,2,"[19, 2]","[5, 0]","[1, 0]",0,0,0,1,0,0,0,0,0,5,15
2024430236576,2024,430236576,471496,174873,-0.97211,51.46832,3,3,2,12:00,-1,E06000038,3,0,1,0,1,"[9, 14]","[8, 2]",6,0,0,0,1,1,0,0,0,0,5,20
2024430236586,2024,430236586,455251,219120,-1.19897,51.86793,3,3,2,08:45,-1,E07000177,3,0,1,0,2,19,2,"[4, 6]",0,0,0,1,0,0,0,0,0,5,20
2024430237179,2024,430237179,486745,231510,-0.73854,51.9753,3,3,3,15:43,-1,E06000042,6,0,2,1,2,5,2,6,0,7,10,1,0,0,0,0,0,5,21
2024430237314,2024,430237314,467392,197846,-1.02678,51.67535,2,2,3,17:12,-1,E07000179,6,0,2,1,2,"[9, 19]","[4, 2]","[2, 6]","[0, 10]",0,0,1,0,1,0,0,0,5,21
2024430237341,2024,430237341,453362,222006,-1.22595,51.89406,3,3,3,17:43,-1,E07000177,4,0,2,1,2,"[19, 5]","[1, 3]","[5, 7]",0,"[1, 0]","[4, 0]",1,0,0,0,0,0,5,21
2024430237447,2024,430237447,496116,182116,-0.6158,51.52978,3,3,3,19:02,-1,E06000039,6,0,1,0,1,9,8,6,0,0,0,1,0,0,0,0,1,5,21
2024430237493,2024,430237493,497842,179658,-0.59161,51.50739,3,3,3,15:25,-1,E06000039,6,0,1,0,1,"[1, 3]","[3, 7]","[8, 3]",0,0,0,1,0,1,0,0,0,5,21
2024430237496,2024,430237496,484233,212817,-0.77966,51.80766,3,3,3,19:30,-1,E06000060,6,0,1,0,1,19,"[6, 8]","[2, 4]",0,0,0,1,1,0,0,0,0,5,21
2024430237512,2024,430237512,430802,227098,-1.55333,51.94154,2,2,6,13:00,-1,E07000181,3,0,1,0,2,"[9, 19]","[7, 3]","[5, 7]",0,0,0,1,1,0,0,0,0,5,10
2024430237610,2024,430237610,446730,241778,-1.31964,52.0724,3,3,3,22:06,-1,E07000177,3,2,2,1,1,7,7,1,0,0,0,0,0,1,0,0,0,5,21
2024430237755,2024,430237755,473178,183590,-0.94609,51.54647,1,1,3,23:09,-1,E07000179,6,2,9,1,2,19,7,3,0,1,4,1,0,0,0,0,0,5,21
2024430237915,2024,430237915,479742,169524,-0.85462,51.41913,3,3,3,11:58,-1,E06000041,3,0,1,0,1,"[7, 19]",8,"[1, 4]",0,0,0,1,1,0,0,0,0,5,21
2024430238040,2024,430238040,453410,206571,-1.22763,51.75529,3,3,4,07:20,-1,E07000178,3,0,2,1,1,"[19, 9]","[6, 2]","[2, 1]",0,0,0,1,1,0,0,0,0,5,22
2024430238080,2024,430238080,484298,240423,-0.77197,52.05579,3,3,3,22:25,-1,E06000042,5,2,2,1,1,19,5,1,0,0,0,1,0,0,0,0,0,5,21
2024430238099,2024,430238099,480463,169090,-0.84436,51.41513,3,3,4,08:06,-1,E06000041,3,0,1,0,2,"[9, 19]","[2, 8]","[8, 4]",0,0,0,1,0,1,0,0,0,5,22
2024430238243,2024,430238243,479198,195026,-0.85672,51.64846,3,3,4,09:23,-1,E06000060,3,0,5,1,2,"[2, 14]","[0, 4]","[0, 8]",0,0,0,1,0,0,1,0,1,5,22
2024430238327,2024,430238327,449687,210177,-1.28105,51.78805,2,2,4,10:00,-1,E07000178,3,0,1,1,1,19,4,8,0,0,0,1,0,1,0,0,0,5,22
2024430238527,2024,430238527,476050,183163,-0.90478,51.54225,3,3,4,09:24,-1,E07000179,3,0,1,0,1,"[2, 1]","[5, 1]","[1, 5]","[0, 4]",0,0,1,0,0,0,0,0,5,15
2024430238542,2024,430238542,476003,175491,-0.9071,51.47329,3,3,6,15:40,-1,E06000041,4,0,1,0,1,"[6, 19]","[6, 8]","[6, 4]",0,0,0,1,0,1,0,0,0,5,17
2024430238581,2024,430238581,433917,169830,-1.51356,51.42647,2,2,4,11:59,-1,E06000037,6,0,2,1,2,19,"[1, 3]","[5, 7]",0,0,0,1,0,1,0,0,0,5,22
2024430238804,2024,430238804,489294,187482,-0.71275,51.57914,3,3,5,13:12,-1,E06000060,3,0,1,0,1,1,6,2,0,0,0,1,0,0,0,0,1,5,23
2024430238970,2024,430238970,485498,190804,-0.76671,51.60959,3,3,4,15:20,-1,E06000060,3,0,2,1,2,19,8,4,0,2,7,1,0,0,0,0,0,5,22
2024430239027,2024,430239027,450031,196430,-1.27803,51.66443,1,"[1, 3, 2]",4,15:32,-1,E07000179,3,0,2,1,2,19,"[1, 5]","[5, 1]","[10, 0]",0,0,1,0,0,0,0,0,5,22
2024430239063,2024,430239063,484131,164057,-0.79282,51.36935,3,3,4,16:06,-1,E06000036,6,0,2,1,1,7,8,2,0,0,0,1,0,0,0,0,1,5,22
2024430239119,2024,430239119,471939,174610,-0.96579,51.4659,3,3,4,16:00,-1,E06000038,4,0,2,1,1,"[3, 19]",3,7,0,0,0,1,0,0,0,0,0,5,22
2024430239270,2024,430239270,491621,174720,-0.6825,51.46405,3,3,4,17:40,-1,E06000040,6,0,1,1,2,19,"[1, 4]","[4, 1]",0,"[1, 0]","[9, 0]",1,0,0,0,0,0,5,22
2024430239816,2024,430239816,493842,170876,-0.65155,51.42913,3,3,1,22:17,-1,E06000036,4,2,1,0,2,19,"[8, 4]","[4, 8]",0,0,0,1,0,0,0,0,0,5,5
2024430239897,2024,430239897,459064,224524,-1.14267,51.91612,2,2,5,07:00,-1,E07000177,3,0,1,0,1,9,8,6,0,0,0,0,0,1,0,0,0,5,23
2024430239991,2024,430239991,434525,210041,-1.50087,51.78797,2,2,5,08:32,-1,E07000181,3,0,1,0,1,19,1,4,0,0,0,1,0,0,0,0,1,5,23
2024430240958,2024,430240958,473694,233180,-0.92815,51.99219,3,3,5,16:08,-1,E06000060,3,0,1,0,2,"[19, 9]","[3, 5]","[7, 3]",0,0,0,1,0,0,0,0,0,5,23
2024430241206,2024,430241206,491739,188982,-0.67709,51.59223,3,3,5,18:00,-1,E06000060,4,0,1,0,1,"[19, 3]",2,6,0,0,0,1,0,0,0,0,0,5,23
2024430242310,2024,430242310,448248,191439,-1.3045,51.61971,3,3,6,11:30,-1,E07000180,3,0,1,0,2,19,5,1,0,0,0,1,0,0,0,0,0,5,24
2024430242540,2024,430242540,475001,201367,-0.91601,51.70604,3,3,5,19:05,-1,E07000179,4,0,1,0,2,"[19, 13]",4,8,0,0,0,1,1,0,0,0,0,5,23
2024430242711,2024,430242711,497478,182305,-0.59612,51.53125,3,3,5,06:44,-1,E06000060,6,0,1,1,1,"[19, 5]","[2, 8]","[5, 3]",0,0,0,1,0,0,0,0,0,5,23
2024430243103,2024,430243103,456903,196204,-1.17872,51.66175,3,3,6,17:18,-1,E07000179,3,0,1,0,2,4,8,4,0,0,0,1,0,0,0,0,1,5,24
2024430243203,2024,430243203,501697,177730,-0.53663,51.48938,2,2,6,18:00,-1,E06000039,3,0,1,0,1,19,4,8,0,0,0,1,1,0,0,0,0,5,24
2024430243938,2024,430243938,455058,208006,-1.20353,51.76803,3,3,6,16:35,-1,E07000178,6,0,1,0,1,"[19, 5]","[4, 6]","[8, 4]",0,0,0,0,0,1,0,0,0,5,24
2024430243942,2024,430243942,487543,166787,-0.74314,51.39338,3,3,6,07:15,-1,E06000036,6,0,1,0,1,"[9, 19]","[4, 6]",2,0,0,0,1,0,1,0,0,0,5,24
2024430244281,2024,430244281,459131,173866,-1.15027,51.46069,3,3,7,12:22,-1,E06000037,1,0,1,0,2,19,3,7,0,1,4,0,0,0,1,0,0,5,25
2024430244330,2024,430244330,494469,181051,-0.63982,51.52049,2,2,7,13:18,-1,E06000039,3,0,1,0,1,7,3,5,0,0,0,1,0,0,0,0,1,5,25
2024430244621,2024,430244621,484334,194210,-0.7827,51.64038,3,3,7,17:19,-1,E06000060,3,0,1,0,1,"[3, 5]",5,8,0,0,0,1,0,0,0,0,0,5,25
2024430244674,2024,430244674,431300,203247,-1.54823,51.72707,3,3,4,17:55,-1,E07000181,6,0,1,0,2,7,3,5,0,0,0,1,0,0,0,0,1,5,15
2024430244874,2024,430244874,449916,212215,-1.27744,51.80635,3,3,6,20:43,-1,E07000177,3,0,8,0,2,"[3, 19]",5,1,0,0,0,1,0,0,0,0,0,5,24
2024430245219,2024,430245219,492229,168800,-0.67529,51.41073,3,3,1,01:17,-1,E06000040,3,2,2,1,1,19,3,7,10,0,0,0,0,1,0,0,0,5,26
2024430245366,2024,430245366,488551,178552,-0.72572,51.49898,3,3,2,16:11,-1,E06000040,1,0,1,0,2,"[3, 19]",6,2,0,0,0,1,0,0,0,0,0,5,20
2024430245378,2024,430245378,445699,240465,-1.33485,52.06069,3,3,6,21:15,-1,E07000177,6,2,1,0,1,19,"[7, 1]","[3, 5]",0,0,0,0,1,0,1,0,0,5,24
2024430245431,2024,430245431,448070,173846,-1.30947,51.46155,3,3,1,07:00,-1,E06000037,3,0,2,1,2,19,5,1,0,5,7,1,0,0,0,0,0,5,26
2024430245848,2024,430245848,447655,167804,-1.31625,51.40727,3,3,1,13:05,-1,E06000037,4,0,1,0,1,"[3, 19]",6,2,0,0,0,1,0,0,0,0,0,5,26
2024430246142,2024,430246142,451405,205977,-1.25676,51.75014,2,2,1,19:00,-1,E07000178,3,0,1,0,1,"[13, 5]",1,5,0,0,0,0,1,1,0,0,0,5,26
2024430246318,2024,430246318,470193,173468,-0.99114,51.45585,3,3,1,21:33,-1,E06000038,3,2,1,0,1,"[19, 6]","[3, 7]",7,"[10, 0]",0,0,1,1,0,0,0,0,5,26
2024430246698,2024,430246698,498087,179691,-0.58807,51.50765,3,3,1,16:21,-1,E06000039,6,0,1,0,1,"[2, 19]","[0, 3]","[0, 7]",0,0,0,1,0,0,0,0,0,5,26
2024430246829,2024,430246829,470200,173473,-0.99104,51.45589,3,3,2,09:17,-1,E06000038,3,0,1,0,1,"[9, 19]","[7, 3]","[5, 7]",0,0,0,1,1,0,0,0,0,5,27
2024430246859,2024,430246859,456196,222828,-1.18464,51.90117,1,1,2,09:43,-1,E07000177,4,0,1,0,2,"[9, 19]","[2, 4]",8,"[0, 10]","[0, 2]","[0, 10]",1,0,1,0,0,0,5,27
2024430247024,2024,430247024,431419,224389,-1.5446,51.91715,3,3,2,12:14,-1,E07000181,3,0,1,0,2,19,6,2,0,0,0,1,0,0,0,0,1,5,27
2024430247156,2024,430247156,490292,238480,-0.68509,52.03738,3,3,2,14:00,-1,E06000042,6,0,1,0,1,"[9, 19]","[5, 3]","[3, 7]",0,0,0,1,0,0,0,0,0,5,27
2024430247257,2024,430247257,476850,173632,-0.89532,51.45646,3,3,1,16:36,-1,E06000041,6,0,1,0,1,"[2, 19]","[0, 6]","[0, 1]",0,0,0,1,0,0,0,0,0,5,26
2024430247277,2024,430247277,446058,239979,-1.32968,52.05629,3,3,2,10:07,-1,E07000177,6,0,1,0,1,"[19, 9]","[1, 3]","[5, 1]",0,0,0,1,0,1,0,0,0,5,27
2024430247282,2024,430247282,482776,213618,-0.8006,51.81507,3,3,2,15:37,-1,E06000060,3,0,1,0,1,"[5, 19]",3,6,0,0,0,1,1,0,0,0,0,5,27
2024430247575,2024,430247575,447195,168919,-1.32271,51.41733,3,3,7,17:30,-1,E06000037,3,0,1,0,2,"[19, 12]",1,5,0,0,0,1,0,0,1,0,0,5,25
2024430248457,2024,430248457,453079,195219,-1.23415,51.65326,2,2,3,11:31,-1,E07000179,6,0,2,1,2,1,3,7,0,0,0,0,0,0,1,0,1,5,28
2024430248791,2024,430248791,493720,191416,-0.64785,51.61378,3,3,2,17:00,-1,E06000060,4,0,1,0,1,"[19, 3]",2,6,0,0,0,1,0,0,0,0,0,5,20
2024430248972,2024,430248972,482014,239339,-0.80553,52.04639,3,3,2,16:50,-1,E06000042,3,0,1,0,2,"[7, 19]",3,"[6, 7]",0,0,0,1,0,0,0,0,0,4,22
2024430249158,2024,430249158,449684,197054,-1.28296,51.67007,2,2,3,17:05,-1,E07000180,3,0,1,0,1,19,3,7,0,0,0,1,0,0,0,0,1,5,28
2024430249352,2024,430249352,473217,180386,-0.9462,51.51766,3,3,2,13:00,-1,E07000179,6,0,8,0,2,19,7,3,0,"[0, 1]","[0, 11]",1,1,0,0,0,0,5,27
2024430249398,2024,430249398,484464,164425,-0.78795,51.37261,3,3,3,19:30,-1,E06000036,4,0,1,0,2,19,2,6,0,1,4,1,0,0,0,0,0,5,28
2024430249874,2024,430249874,452112,215850,-1.24504,51.83883,3,3,3,11:25,-1,E07000177,3,0,1,1,2,3,6,2,0,0,0,1,0,0,0,0,0,5,28
2024430250027,2024,430250027,480734,203648,-0.83253,51.72575,3,3,3,10:00,-1,E06000060,3,0,2,1,2,"[19, 10]",4,"[8, 2]",0,0,0,1,0,0,0,0,0,5,28
2024430251442,2024,430251442,473584,171280,-0.9428,51.43575,2,2,4,21:23,-1,E06000041,6,2,1,0,1,19,8,4,0,0,0,1,0,0,0,0,1,5,29
2024430251479,2024,430251479,493918,180203,-0.64798,51.51296,3,3,4,21:58,-1,E06000039,6,2,1,0,1,"[19, 7]",8,"[4, 2]",0,0,0,1,1,0,0,0,0,5,29
2024430251494,2024,430251494,446017,201774,-1.33536,51.71282,1,1,4,22:01,-1,E07000180,3,2,1,1,2,19,2,6,0,0,0,1,0,0,0,0,1,5,29
2024430251664,2024,430251664,497343,183353,-0.59777,51.54069,2,"[3, 2]",5,00:04,-1,E06000060,4,2,1,0,1,19,8,4,10,2,3,1,0,0,0,0,0,5,30