collision_index,collision_year,collision_ref_no,location_easting_osgr,location_northing_osgr,longitude,latitude,casualty_severity,casualty_severity,day_of_week,time,local_authority_district,local_authority_ons_district,first_road_class,light_conditions,weather_conditions,road_surface_conditions,urban_or_rural_area,vehicle_manoeuvre,vehicle_direction_from,vehicle_direction_to,hit_object_in_carriageway,vehicle_leaving_carriageway,hit_object_off_carriageway,is_car,is_cyle,is_mcyle,is_goodsv,is_other,is_pedestrian,month,day
2024430251965,2024,430251965,477526,216291,-0.87615,51.83985,3,3,5,08:25,-1,E06000060,3,0,1,0,2,"[3, 10, 19]",4,"[8, 2]",0,0,0,1,0,0,0,0,0,5,30
2024430252087,2024,430252087,447172,168615,-1.32309,51.4146,3,3,5,09:55,-1,E06000037,6,0,1,0,2,"[4, 19]",7,3,0,0,0,1,0,0,0,0,0,5,30
2024430252183,2024,430252183,504903,184928,-0.48833,51.5535,3,3,5,11:05,-1,E06000060,3,0,8,1,1,"[19, 7]","[8, 2]",4,0,0,0,1,0,1,0,0,0,5,30
2024430252322,2024,430252322,487415,212248,-0.73367,51.80205,3,3,5,12:53,-1,E06000060,5,0,1,0,2,"[14, 2, 19]","[3, 0, 7]","[7, 0, 3]","[4, 0, 10]",0,0,1,0,0,0,0,0,5,30
2024430252716,2024,430252716,467239,169939,-1.03432,51.42448,3,3,5,15:49,-1,E06000037,1,0,1,0,2,"[11, 19]",8,4,0,0,0,1,0,0,1,0,0,5,30
2024430252890,2024,430252890,487366,200087,-0.73743,51.69275,3,3,5,17:37,-1,E06000060,6,0,1,1,2,19,"[6, 8]","[2, 4]",0,0,0,1,1,0,0,0,0,5,30
2024430252942,2024,430252942,473633,170153,-0.94233,51.42561,3,3,5,18:13,-1,E06000041,6,0,1,1,1,19,8,4,0,0,0,0,0,1,0,0,1,5,30
2024430253203,2024,430253203,459240,173869,-1.1487,51.4607,3,3,5,21:09,-1,E06000037,1,2,2,1,2,19,3,7,11,0,6,1,0,0,0,0,0,5,30
2024430253607,2024,430253607,469724,234121,-0.98576,52.00116,3,3,5,17:26,-1,E06000060,3,0,8,0,1,19,2,6,0,0,0,1,0,0,0,0,1,5,30
2024430253762,2024,430253762,486070,193136,-0.75788,51.63046,3,3,5,10:00,-1,E06000060,6,0,1,0,1,19,9,9,0,0,0,1,0,0,0,0,1,5,23
2024430253972,2024,430253972,486554,167082,-0.75728,51.39618,2,2,6,11:24,-1,E06000036,6,0,1,0,1,19,8,4,0,0,0,0,0,0,0,0,0,5,31
2024430254428,2024,430254428,461391,189316,-1.11505,51.59935,3,3,6,15:04,-1,E07000179,6,0,1,0,1,"[19, 2]","[3, 0]","[7, 0]","[4, 0]",0,0,1,0,0,0,0,0,5,31
2024430254543,2024,430254543,427450,196480,-1.6045,51.66643,3,3,6,15:00,-1,E07000180,3,0,1,0,2,19,8,4,0,1,4,1,0,0,0,0,0,5,31
2024430254642,2024,430254642,482260,213889,-0.80802,51.81758,2,2,6,16:34,-1,E06000060,3,0,1,0,1,"[19, 3]","[4, 6]","[8, 2]",0,0,0,1,1,0,0,0,0,5,31
2024430254902,2024,430254902,486871,239253,-0.73475,52.04488,2,2,6,19:45,-1,E06000042,6,0,1,0,2,-1,6,2,10,0,0,0,0,1,0,0,0,5,31
2024430255273,2024,430255273,484386,193517,-0.78212,51.63414,3,3,7,00:44,-1,E06000060,6,2,1,0,1,"[2, 19]","[0, 2]","[0, 6]","[0, 4]",0,0,1,0,0,0,0,0,6,1
2024430255333,2024,430255333,494182,220256,-0.63338,51.87293,3,3,7,01:30,-1,E06000060,6,2,1,0,2,19,8,2,0,7,9,1,0,0,0,0,0,6,1
2024430255551,2024,430255551,495699,177000,-0.62319,51.48387,2,2,7,08:15,-1,E06000040,3,0,1,0,1,19,"[1, 7]","[5, 3]",0,0,0,1,1,0,0,0,0,6,1
2024430255648,2024,430255648,502312,172260,-0.52936,51.4401,2,2,6,16:15,-1,E06000040,4,0,1,0,1,"[5, 19]",8,"[8, 4]",0,0,0,1,0,1,0,0,0,3,1
2024430255681,2024,430255681,446811,242514,-1.31835,52.07901,3,3,7,10:56,-1,E07000177,1,0,1,0,2,"[4, 19]",8,4,0,0,0,1,0,0,0,0,0,6,1
2024430255709,2024,430255709,449239,213785,-1.28703,51.82053,2,2,7,10:50,-1,E07000177,3,0,1,0,1,"[7, 12]","[6, 8]","[8, 4]",0,0,0,1,1,0,0,0,0,6,1
2024430256161,2024,430256161,484970,238550,-0.76263,52.03885,3,3,7,17:15,-1,E06000042,6,0,1,0,1,19,6,2,0,0,0,0,0,0,0,0,1,6,1
2024430256172,2024,430256172,472871,182235,-0.9508,51.53433,2,2,7,17:45,-1,E07000179,6,0,1,0,2,"[19, 9]","[4, 8]","[8, 6]",0,0,0,1,0,1,0,0,0,6,1
2024430256745,2024,430256745,461358,168948,-1.11906,51.41624,3,3,1,02:13,-1,E06000037,3,2,1,0,2,19,"[2, 6]","[6, 2]","[0, 10]","[0, 7]","[0, 1]",1,0,0,1,0,0,6,2
2024430257267,2024,430257267,447306,241485,-1.31127,52.06972,3,3,1,14:15,-1,E07000177,1,0,1,0,2,"[11, 19]",1,5,0,0,0,1,0,0,0,0,0,6,2
2024430257391,2024,430257391,485455,238702,-0.75553,52.04014,3,3,1,15:48,-1,E06000042,6,0,1,0,1,19,2,6,0,0,0,1,0,0,0,0,1,6,2
2024430257513,2024,430257513,445465,240448,-1.33827,52.06055,2,2,1,17:28,-1,E07000177,6,0,1,0,1,7,3,7,0,0,0,1,0,0,0,0,1,6,2
2024430258151,2024,430258151,453997,208353,-1.21885,51.77126,2,2,2,06:19,-1,E07000178,3,0,1,0,2,"[19, 9]","[8, 4]","[4, 2]","[0, 7]",0,2,1,0,0,1,0,0,6,3
2024430258873,2024,430258873,431262,214526,-1.54777,51.82848,3,3,2,13:35,-1,E07000181,6,0,1,0,2,19,5,1,0,7,11,1,0,0,0,0,0,6,3
2024430258918,2024,430258918,480896,182896,-0.83497,51.53918,3,3,7,19:45,-1,E06000040,3,0,1,0,2,"[3, 19]",6,2,0,0,0,1,0,0,0,0,0,6,1
2024430259009,2024,430259009,485218,193807,-0.77003,51.63662,3,3,2,14:20,-1,E06000060,3,0,1,0,1,"[2, 19, 13]","[0, 8]","[0, 4]",0,0,0,1,0,0,0,0,0,6,3
2024430259076,2024,430259076,473297,169649,-0.94727,51.42112,3,3,7,15:10,-1,E06000041,3,0,1,0,1,"[14, 19]","[2, 6]","[6, 2]",0,0,0,1,0,0,0,0,0,6,1
2024430259212,2024,430259212,495292,182931,-0.62745,51.53725,3,3,2,16:14,-1,E06000039,6,0,1,0,1,19,7,3,0,0,0,1,0,0,0,0,1,6,3
2024430259375,2024,430259375,490085,238783,-0.68802,52.04014,3,3,2,17:50,-1,E06000042,6,0,1,0,1,"[19, 9]","[1, 5]","[5, 3]",0,0,0,1,0,0,0,0,0,6,3
2024430259400,2024,430259400,486062,235110,-0.74758,52.00776,3,3,6,18:02,-1,E06000042,6,0,1,0,1,"[13, 9]",4,"[8, 2]",0,"[7, 0]","[11, 0]",1,0,0,0,0,0,5,3
2024430259962,2024,430259962,451215,206542,-1.25943,51.75523,2,2,4,22:10,-1,E07000178,3,2,1,0,1,19,7,3,0,0,0,1,0,0,0,0,1,5,29
2024430260125,2024,430260125,482314,168104,-0.81797,51.406,3,3,3,08:45,-1,E06000041,6,0,1,0,1,"[9, 19]","[1, 7]","[7, 3]",0,0,0,1,0,0,0,0,0,6,4
2024430260682,2024,430260682,451785,204482,-1.25148,51.73666,3,3,3,14:00,-1,E07000178,3,0,2,1,1,"[9, 19]",5,"[3, 1]",0,0,0,1,1,0,0,0,0,6,4
2024430260790,2024,430260790,490497,165093,-0.70113,51.37769,3,3,3,14:31,-1,E06000036,3,0,1,0,2,"[19, 11]","[8, 1]",4,0,0,0,1,0,0,1,0,0,6,4
2024430260951,2024,430260951,467560,167020,-1.03026,51.3982,3,3,3,15:46,-1,E06000037,6,0,1,0,2,19,"[6, 8]","[2, 4]",0,0,0,1,0,0,0,0,0,6,4
2024430261781,2024,430261781,481086,214437,-0.82492,51.82268,3,3,5,16:35,-1,E06000060,5,0,2,1,1,19,"[4, 6]","[8, 2]",0,0,0,0,1,1,0,0,0,5,30
2024430261883,2024,430261883,502286,180966,-0.52722,51.51836,3,3,4,07:59,-1,E06000060,4,0,1,0,2,"[13, 10]",2,6,0,0,0,1,0,0,0,0,0,6,5
2024430261970,2024,430261970,423617,189779,-1.66037,51.60636,2,2,4,09:24,-1,E07000180,3,0,1,0,2,19,6,2,12,0,0,1,0,0,0,0,1,6,5
2024430262066,2024,430262066,466510,173715,-1.0441,51.45851,3,3,4,10:03,-1,E06000038,6,0,1,0,1,9,4,2,0,0,0,1,0,0,0,0,1,6,5
2024430262421,2024,430262421,498056,180367,-0.58833,51.51373,3,3,4,13:03,-1,E06000039,6,0,1,0,1,19,6,2,4,0,0,1,0,0,0,0,1,6,5
2024430262806,2024,430262806,471599,168551,-0.9719,51.41147,3,3,4,10:45,-1,E06000038,1,0,1,0,2,"[19, 11]",2,6,0,0,0,1,0,0,0,0,0,6,5
2024430262984,2024,430262984,497594,180032,-0.59507,51.5108,3,3,4,17:28,-1,E06000039,3,0,1,0,1,7,7,2,0,0,0,1,0,0,0,0,1,6,5
2024430263275,2024,430263275,487443,234766,-0.72756,52.00445,3,3,6,13:10,-1,E06000042,5,0,1,0,1,"[3, 19]",7,3,0,0,0,1,0,0,0,0,0,5,24
2024430263665,2024,430263665,454017,227529,-1.21557,51.94365,2,2,4,16:15,-1,E07000177,6,0,1,0,2,19,5,8,0,0,0,1,0,0,0,0,1,6,5
2024430263874,2024,430263874,472314,174904,-0.96033,51.46849,3,3,5,08:11,-1,E06000038,6,0,1,0,1,14,3,7,0,0,0,1,0,0,0,0,1,6,6
2024430263959,2024,430263959,430527,196296,-1.56003,51.66462,3,3,5,09:30,-1,E07000180,3,0,1,0,2,19,"[3, 7]","[7, 3]",0,0,0,1,0,0,0,0,0,6,6
2024430264189,2024,430264189,483677,161429,-0.79995,51.34579,3,3,6,16:20,-1,E06000036,3,0,1,0,1,19,"[5, 3]","[1, 7]",0,0,0,1,0,1,0,0,0,5,31
2024430264227,2024,430264227,443324,236608,-1.36998,52.0262,3,3,5,08:44,-1,E07000177,3,0,8,0,2,"[19, 10]",6,2,0,0,0,1,0,1,0,0,0,5,23
2024430264801,2024,430264801,474106,171419,-0.93526,51.43693,3,3,5,09:09,-1,E06000041,4,0,1,0,1,19,6,2,0,0,0,1,1,0,0,0,0,6,6
2024430264891,2024,430264891,495695,180319,-0.62235,51.5137,2,2,5,15:58,-1,E06000039,6,0,1,0,1,"[9, 19]","[4, 2]","[2, 6]",0,0,0,1,0,1,0,0,0,6,6
2024430265073,2024,430265073,445559,242646,-1.3366,52.0803,2,2,5,17:36,-1,E07000177,3,0,1,0,1,"[19, 10]","[5, 7]","[1, 5]",0,0,0,1,0,1,0,0,0,6,6
2024430265108,2024,430265108,495911,178407,-0.61976,51.49648,3,3,5,18:10,-1,E06000040,3,0,1,0,2,"[4, 19]",6,2,0,0,0,1,0,0,0,0,0,6,6
2024430265257,2024,430265257,452976,205162,-1.23413,51.74266,3,3,5,12:18,-1,E07000178,6,0,8,0,1,"[3, 1]","[4, 8]","[8, 4]",0,0,0,1,0,0,0,0,0,6,6
2024430265512,2024,430265512,454722,203037,-1.20918,51.72339,2,2,5,23:19,-1,E07000178,6,2,1,0,1,19,"[2, 7]","[7, 2]",0,0,0,1,0,1,0,0,1,6,6
2024430265721,2024,430265721,480487,214834,-0.83352,51.82634,3,3,2,17:50,-1,E06000060,6,0,1,0,1,"[2, 19]","[0, 4]","[0, 8]",0,0,0,1,0,0,0,0,0,6,3
2024430265763,2024,430265763,454861,221059,-1.20432,51.8854,2,2,6,05:15,-1,E07000177,1,0,1,0,2,19,5,1,6,0,7,0,0,0,1,0,0,6,7
2024430265913,2024,430265913,456405,220209,-1.18203,51.8776,3,3,6,08:37,-1,E07000177,6,0,1,0,2,19,"[2, 6]","[6, 2]",0,0,0,1,0,0,0,0,0,6,7
2024430266268,2024,430266268,481364,178456,-0.82925,51.4992,3,3,6,11:43,-1,E06000041,3,0,1,0,2,9,"[5, 8]","[2, 6]",0,0,0,1,0,0,0,0,0,6,7
2024430266869,2024,430266869,495206,166712,-0.63305,51.39147,3,3,6,15:56,-1,E06000040,3,0,1,0,1,4,"[0, 5]","[0, 1]",0,0,0,1,0,0,0,0,0,6,7
2024430267031,2024,430267031,450808,209007,-1.26497,51.77743,3,3,6,17:27,-1,E07000178,3,0,1,0,1,"[9, 13]","[7, 5]","[5, 1]",0,0,0,1,1,0,0,0,0,6,7
2024430267234,2024,430267234,472515,171035,-0.95823,51.43368,3,3,6,19:53,-1,E06000038,6,0,1,0,1,19,"[3, 7]","[7, 3]",0,0,0,1,0,0,0,0,0,6,7
2024430267238,2024,430267238,451442,205506,-1.2563,51.7459,3,3,5,07:55,-1,E07000178,3,0,1,0,1,"[5, 19]","[7, 5]","[3, 1]",0,0,0,0,1,0,0,0,0,6,6
2024430268419,2024,430268419,475652,210711,-0.90456,51.78995,2,"[3, 2]",7,14:59,-1,E06000060,3,0,1,0,2,"[9, 19]",6,"[4, 2]",0,0,0,1,0,1,0,0,0,6,8
2024430268442,2024,430268442,445956,238808,-1.33133,52.04577,2,2,7,15:10,-1,E07000177,3,0,1,0,1,19,4,8,0,0,0,1,0,0,0,0,1,6,8
2024430268489,2024,430268489,452288,205959,-1.24398,51.74989,3,3,7,14:11,-1,E07000178,3,0,1,0,1,19,"[2, 4]","[5, 8]",0,0,0,1,0,0,0,0,0,6,8
2024430268498,2024,430268498,499196,178614,-0.5724,51.49777,3,3,7,15:52,-1,E06000039,6,0,1,0,2,19,"[3, 1]","[7, 5]",0,0,0,1,1,0,0,0,0,6,8
2024430268646,2024,430268646,489809,238070,-0.69223,52.03377,3,3,7,17:52,-1,E06000042,3,0,1,0,2,"[13, 12]",5,1,0,0,0,1,0,0,0,0,0,6,8
2024430268741,2024,430268741,496881,177218,-0.60612,51.48563,3,3,7,15:45,-1,E06000040,4,0,1,0,1,"[3, 19]",2,6,0,0,0,1,0,0,0,0,0,6,8
2024430268825,2024,430268825,489871,168914,-0.70915,51.41213,3,3,7,12:42,-1,E06000036,3,0,1,0,2,"[3, 19]",3,7,0,0,0,1,0,0,0,0,0,6,8
2024430268927,2024,430268927,484089,238701,-0.77544,52.04034,3,3,7,19:22,-1,E06000042,3,0,1,0,1,19,"[5, 1]","[1, 5]","[9, 0]","[4, 0]","[6, 0]",1,0,1,0,0,0,6,8
2024430269097,2024,430269097,448368,237219,-1.29638,52.03128,3,3,7,23:40,-1,E07000177,6,2,1,0,2,"[4, 19]","[3, 7]","[7, 3]",0,0,0,1,0,0,0,0,0,6,8
2024430269118,2024,430269118,497497,179055,-0.59674,51.50203,3,3,1,00:05,-1,E06000039,1,2,1,0,1,19,8,4,0,"[2, 0]","[7, 0]",1,0,0,0,0,0,6,9
2024430269134,2024,430269134,459920,167377,-1.14001,51.40227,3,3,1,00:30,-1,E06000037,3,0,1,0,2,19,6,2,0,1,2,1,0,0,0,0,0,6,9
2024430269587,2024,430269587,482344,241504,-0.8002,52.0658,3,3,1,12:13,-1,E06000042,6,0,1,0,2,"[9, 19]","[1, -1]","[7, -1]",0,0,0,1,1,0,0,0,0,6,9
2024430269736,2024,430269736,491415,168941,-0.68695,51.41213,3,3,1,14:14,-1,E06000040,3,0,1,0,2,19,6,2,0,0,0,1,0,1,0,0,0,6,9
2024430270025,2024,430270025,492476,199522,-0.66367,51.68685,3,3,7,07:15,-1,E06000060,6,0,1,0,2,"[19, 3]","[6, 2]","[2, 6]",0,0,0,1,0,0,0,0,0,6,8
2024430270029,2024,430270029,466279,172557,-1.04764,51.44813,3,3,1,15:37,-1,E06000037,6,0,1,0,1,19,"[5, 2]","[2, 5]",0,0,0,1,0,0,0,0,0,6,9
2024430270056,2024,430270056,441800,184128,-1.39849,51.5545,3,3,1,18:00,-1,E07000180,4,0,1,0,2,19,5,8,0,1,10,1,0,0,0,0,0,6,9
2024430270193,2024,430270193,455106,204729,-1.20336,51.73857,3,3,7,05:02,-1,E07000178,6,0,1,0,1,"[4, 19]","[3, 7]","[7, 3]",0,0,0,1,0,0,0,1,0,6,8
2024430270389,2024,430270389,457729,221919,-1.16251,51.89284,2,2,1,22:22,-1,E07000177,3,2,1,0,2,19,6,2,0,1,0,1,0,0,0,0,0,6,9
2024430270773,2024,430270773,485586,176973,-0.7688,51.48524,3,3,2,08:05,-1,E06000040,6,0,1,0,2,"[19, 9]","[7, 4]","[4, 1]",0,0,0,1,0,1,0,0,0,6,10
2024430271600,2024,430271600,493902,182403,-0.64763,51.53274,3,3,2,15:20,-1,E06000039,6,0,1,0,2,"[3, 19]",6,2,0,0,0,1,0,0,1,0,0,6,10
2024430271703,2024,430271703,457782,221940,-1.16174,51.89302,3,3,2,12:46,-1,E07000177,4,0,1,0,2,8,2,4,0,0,0,1,0,0,0,0,1,6,10
2024430272195,2024,430272195,465711,211780,-1.04846,51.80081,2,2,2,22:35,-1,E06000060,4,2,1,0,2,19,4,7,0,7,0,0,0,1,0,0,0,6,10
2024430272521,2024,430272521,499282,180726,-0.57056,51.51674,3,3,3,07:38,-1,E06000039,3,0,1,0,1,19,"[5, 7]",1,0,0,0,0,0,1,0,1,0,6,11
2024430272818,2024,430272818,447933,212559,-1.30615,51.80962,3,3,3,07:11,-1,E07000177,6,0,8,0,2,"[19, 7]","[4, 6]",8,0,0,0,1,0,0,0,0,0,6,11
2024430272981,2024,430272981,502168,182977,-0.52833,51.53646,3,3,3,12:37,-1,E06000060,3,0,1,0,2,19,"[6, 2]","[2, 6]",0,"[1, 0]","[9, 0]",1,0,0,0,0,0,6,11
2024430273139,2024,430273139,500462,179418,-0.55394,51.50478,3,3,3,08:00,-1,E06000039,6,0,1,0,1,19,"[7, 1]","[3, 5]",0,0,0,1,1,0,0,0,0,6,11
2024430273478,2024,430273478,472270,170660,-0.96183,51.43034,3,3,3,16:23,-1,E06000038,6,0,1,0,1,5,1,5,0,0,0,1,0,0,0,0,1,6,11
2024430273641,2024,430273641,460585,189470,-1.12666,51.60082,3,3,3,17:50,-1,E07000179,6,0,1,0,1,"[19, 9]","[3, 7]","[7, 5]",0,0,0,1,0,1,0,0,0,6,11
2024430273781,2024,430273781,448683,206255,-1.29615,51.75288,3,3,7,13:45,-1,E07000180,4,0,8,0,1,"[7, 19]",7,"[1, 3]",0,0,0,1,1,0,0,0,0,6,8
2024430274205,2024,430274205,429079,208031,-1.57999,51.7702,3,3,1,12:45,-1,E07000181,6,0,1,0,2,"[99, 19]","[9, 3]","[9, 7]",0,0,0,1,1,0,0,0,0,5,12
2024430274956,2024,430274956,490772,216581,-0.68386,51.84047,3,3,4,13:05,-1,E06000060,5,0,1,0,2,"[19, 9]","[2, 4]","[6, 2]",0,0,0,1,0,1,0,0,0,6,12
2024430275324,2024,430275324,501821,189853,-0.53134,51.59833,2,2,4,15:30,-1,E06000060,1,0,1,0,2,"[2, 19]","[0, 5]","[0, 1]","[0, 8]",0,0,1,0,0,0,0,0,6,12
2024430276071,2024,430276071,488397,234038,-0.71385,51.99776,2,2,4,22:17,-1,E06000042,5,2,1,0,1,"[13, 19]",8,4,0,0,0,1,0,1,0,0,0,6,12
2024430276702,2024,430276702,498797,182455,-0.57707,51.53237,3,3,3,15:50,-1,E06000060,6,0,1,0,1,19,"[8, 2]","[4, 6]",0,0,0,1,1,0,0,0,0,6,4
2024430276766,2024,430276766,447736,165686,-1.31537,51.38822,3,3,5,11:08,-1,E06000037,6,0,1,0,1,1,2,6,0,0,0,1,0,0,0,0,1,6,13
2024430276768,2024,430276768,490453,190396,-0.69528,51.60515,3,3,5,11:04,-1,E06000060,3,0,1,0,1,"[7, 19]",2,"[4, 6]",0,0,0,1,1,0,0,0,0,6,13
2024430277071,2024,430277071,495976,182609,-0.61768,51.53424,3,3,5,13:00,-1,E06000039,3,0,1,0,1,19,5,1,0,7,2,1,0,0,0,0,0,6,13
2024430277252,2024,430277252,481559,241171,-0.81173,52.06292,3,3,5,14:50,-1,E06000042,6,0,1,0,1,"[-1, 5]",2,6,0,0,0,1,0,0,1,0,0,6,13
2024430277314,2024,430277314,450505,209426,-1.2693,51.78123,3,3,5,08:05,-1,E07000178,6,0,1,0,1,"[2, 19]","[0, 5, 3]","[0, 3, 7]","[0, 4]",0,0,1,1,0,0,0,0,6,13
2024430277641,2024,430277641,496930,175779,-0.60581,51.47268,3,3,5,18:05,-1,E06000040,3,0,1,0,2,"[19, 9]","[1, 7]",5,0,0,0,1,1,0,0,0,0,6,13
2024430277867,2024,430277867,486009,239102,-0.74735,52.04365,3,3,5,20:51,-1,E06000042,6,0,2,1,2,"[3, 19]",8,4,0,0,0,1,0,1,0,0,0,6,13
2024430277939,2024,430277939,496770,180100,-0.60693,51.51155,2,2,5,22:09,-1,E06000039,3,2,1,1,1,19,"[1, 3]","[5, 7]",0,0,0,1,1,0,0,0,0,6,13
2024430277949,2024,430277949,471927,172908,-0.9663,51.4506,3,3,5,21:00,-1,E06000038,3,2,2,1,1,"[5, 19]","[2, 6]","[6, 2]",0,0,0,1,0,1,0,0,0,6,13
2024430278278,2024,430278278,501488,178872,-0.53931,51.49969,3,3,6,07:00,-1,E06000039,6,0,1,1,1,"[7, 19]","[1, 7]",3,0,0,0,1,1,0,0,0,0,6,14
2024430278354,2024,430278354,471109,174474,-0.97776,51.46478,2,2,6,08:25,-1,E06000038,3,0,1,0,1,7,5,7,0,0,0,1,0,0,0,0,1,6,14
2024430278372,2024,430278372,439899,198103,-1.42433,51.68028,2,2,6,08:38,-1,E07000180,6,0,1,0,2,"[19, 5]","[7, 5]","[3, 1]",0,"[1, 0]",0,1,0,0,0,0,0,6,14
2024430278606,2024,430278606,452251,167453,-1.25023,51.40371,3,3,6,10:51,-1,E06000037,3,0,1,1,1,"[5, 3]",3,7,0,0,0,1,0,1,0,0,0,6,14
2024430278690,2024,430278690,430942,227141,-1.55129,51.94192,3,3,6,11:30,-1,E07000181,3,0,8,1,2,"[4, 19]",7,3,0,0,0,1,0,0,0,0,0,6,14
2024430279068,2024,430279068,459288,182380,-1.14658,51.53722,3,3,6,14:23,-1,E06000037,3,0,1,1,2,19,"[6, 1]","[1, 6]",0,0,0,1,0,0,0,0,0,6,14
2024430279189,2024,430279189,501673,188437,-0.53389,51.58563,3,3,6,09:33,-1,E06000060,1,0,1,0,2,"[12, 19]",5,1,0,0,0,1,0,0,0,0,0,6,14
2024430279383,2024,430279383,472522,172491,-0.95783,51.44677,3,3,6,16:35,-1,E06000038,6,0,1,0,1,"[9, 13]",4,"[2, 8]",0,0,0,0,1,0,1,0,0,6,14
2024430279575,2024,430279575,428889,194917,-1.58382,51.65231,2,2,6,18:29,-1,E07000180,6,0,1,0,2,"[5, 2]","[6, 0]","[2, 0]",0,0,"[0, 10]",1,0,1,0,0,0,6,14
2024430279582,2024,430279582,474080,170467,-0.93584,51.42838,2,2,6,18:40,-1,E06000041,6,0,1,0,1,19,1,5,0,0,0,0,0,1,0,0,0,6,14
2024430279608,2024,430279608,451945,189936,-1.25132,51.60587,3,3,6,18:00,-1,E07000179,4,0,8,0,1,"[3, 19]","[1, 9]","[5, 9]",0,0,0,1,0,0,0,0,0,6,14
2024430280330,2024,430280330,487430,212235,-0.73345,51.80193,3,3,7,08:38,-1,E06000060,5,0,1,1,2,"[9, 19]","[5, 3]","[3, 7]",0,0,0,1,1,0,0,0,0,6,15
2024430280477,2024,430280477,497267,206437,-0.59246,51.7482,3,3,6,10:15,-1,E06000060,6,0,2,1,2,"[13, 19]",6,2,0,0,0,1,1,0,0,0,0,6,14
2024430280787,2024,430280787,428907,207734,-1.5825,51.76754,3,3,6,23:20,-1,E07000181,4,2,2,1,2,14,5,1,0,0,0,1,0,0,0,0,1,6,14
2024430281212,2024,430281212,453644,206064,-1.22432,51.75071,3,3,6,17:03,-1,E07000178,6,0,1,1,2,"[4, 19]",2,6,0,0,0,1,0,0,0,0,0,6,14
2024430281258,2024,430281258,481908,214094,-0.81308,51.81948,3,3,7,21:17,-1,E06000060,3,0,1,0,1,19,"[2, 8]","[6, 2]",0,0,0,1,0,0,0,0,0,6,15
2024430281319,2024,430281319,485717,193574,-0.76287,51.63445,3,3,7,21:42,-1,E06000060,3,2,1,0,1,"[7, 19]",8,4,0,0,0,1,0,1,0,0,0,6,15
2024430281635,2024,430281635,445675,216844,-1.33833,51.84833,3,3,1,02:30,-1,E07000181,6,2,2,1,2,"[7, 9]","[7, 1]","[1, 7]",0,0,0,1,1,0,0,0,0,6,16
2024430282059,2024,430282059,455596,169082,-1.20189,51.41804,3,3,5,12:50,-1,E06000037,6,0,1,0,2,"[9, 19]","[2, 5]",1,0,"[0, 7]","[0, 4]",1,0,0,0,0,0,6,6
2024430282090,2024,430282090,448017,168541,-1.31095,51.41386,3,3,1,13:32,-1,E06000037,4,0,1,0,1,"[9, 13]",6,"[4, 2]",0,"[1, 0]",0,1,0,1,0,0,0,6,16
2024430282845,2024,430282845,445315,240403,-1.34046,52.06016,3,3,1,23:30,-1,E07000177,4,2,1,0,1,"[19, 5]","[5, 7]","[1, -1]",0,0,0,1,0,0,0,0,0,6,16
2024430282959,2024,430282959,484394,168534,-0.78798,51.40956,2,2,2,01:56,-1,E06000036,3,2,1,0,2,19,8,4,9,0,0,1,0,0,0,0,0,6,17
2024430282965,2024,430282965,485937,193213,-0.75979,51.63118,3,3,2,01:50,-1,E06000060,6,2,1,0,1,"[7, 3]","[2, 8]",3,0,0,0,1,0,0,0,0,0,6,17
2024430283031,2024,430283031,488110,194919,-0.72797,51.64618,3,3,1,18:50,-1,E06000060,3,0,8,0,2,"[3, 19]",2,6,0,0,0,1,0,0,0,0,0,6,16
2024430283034,2024,430283034,465934,171754,-1.05275,51.44095,3,3,1,17:10,-1,E06000037,3,0,1,0,1,"[3, 19]",7,3,0,0,0,1,0,0,0,0,0,6,16
2024430283038,2024,430283038,494855,191718,-0.63138,51.61631,3,3,1,12:40,-1,E06000060,3,0,1,0,1,"[6, 7]",6,"[6, 7]",0,0,0,1,1,0,0,0,0,6,16
2024430283039,2024,430283039,450726,205947,-1.2666,51.74993,3,3,1,16:00,-1,E07000178,3,0,8,0,1,"[19, 5]",4,1,"[8, 0]","[1, 0]",0,1,1,0,0,0,0,6,16
2024430283055,2024,430283055,485528,186662,-0.76729,51.57235,3,3,7,08:30,-1,E06000060,6,0,1,0,1,"[14, 19]","[2, 6]","[6, 2]",0,0,0,0,1,0,1,0,0,6,1
2024430283075,2024,430283075,486246,167164,-0.76169,51.39697,3,3,7,09:10,-1,E06000036,3,0,1,0,1,19,"[5, 6]","[1, 2]",0,0,0,1,0,0,0,0,0,6,15
2024430283897,2024,430283897,481404,189082,-0.82622,51.59471,2,2,2,13:49,-1,E06000060,6,0,1,0,2,19,"[2, 7]","[6, 2]",0,0,0,1,1,0,0,0,0,6,17
2024430284014,2024,430284014,487132,237120,-0.73149,52.02566,2,2,6,19:00,-1,E06000042,3,0,1,0,2,4,-1,-1,0,0,0,0,0,1,0,0,0,8,16
2024430284197,2024,430284197,489846,238017,-0.69171,52.03329,3,3,2,12:10,-1,E06000042,3,0,1,0,2,"[3, 19]",5,1,0,0,0,1,0,0,0,0,0,6,17
2024430284680,2024,430284680,488831,237489,-0.70664,52.02871,3,3,2,21:06,-1,E06000042,5,0,1,1,2,19,5,1,0,3,4,1,0,0,0,0,0,6,17
2024430285027,2024,430285027,489074,177793,-0.71838,51.49208,3,3,2,16:18,-1,E06000040,3,0,1,0,2,"[19, 13]",6,2,0,0,0,1,1,0,0,0,0,6,17