collision_index,collision_year,collision_ref_no,location_easting_osgr,location_northing_osgr,longitude,latitude,casualty_severity,casualty_severity,day_of_week,time,local_authority_district,local_authority_ons_district,first_road_class,light_conditions,weather_conditions,road_surface_conditions,urban_or_rural_area,vehicle_manoeuvre,vehicle_direction_from,vehicle_direction_to,hit_object_in_carriageway,vehicle_leaving_carriageway,hit_object_off_carriageway,is_car,is_cyle,is_mcyle,is_goodsv,is_other,is_pedestrian,month,day
2024430285542,2024,430285542,453900,206787,-1.2205,51.75719,3,3,3,08:10,-1,E07000178,3,0,1,0,1,"[19, 11]",6,2,0,0,0,1,1,0,0,0,0,6,18
2024430285623,2024,430285623,471908,172475,-0.96667,51.44671,2,2,1,18:30,-1,E06000038,3,0,1,0,1,"[7, 19]",4,"[6, 8]",0,0,0,1,1,0,0,0,0,6,16
2024430286173,2024,430286173,481083,214437,-0.82496,51.82268,3,3,1,11:07,-1,E06000060,5,0,1,0,1,19,9,9,0,0,0,1,0,0,0,0,1,6,16
2024430286228,2024,430286228,498131,179683,-0.58744,51.50757,3,3,3,07:45,-1,E06000039,6,0,1,0,1,19,5,1,0,0,0,1,0,0,0,0,1,6,18
2024430286364,2024,430286364,485805,167187,-0.76802,51.39724,3,3,3,17:21,-1,E06000036,6,0,1,0,1,19,"[8, 4]","[4, 8]",0,0,0,1,0,0,0,0,0,6,18
2024430286597,2024,430286597,454785,204092,-1.2081,51.73287,3,3,3,19:30,-1,E07000178,4,0,1,0,1,"[14, 4]",-1,-1,0,0,0,1,0,0,0,0,0,6,18
2024430286780,2024,430286780,486615,238467,-0.73868,52.03785,3,3,3,22:04,-1,E06000042,4,0,1,0,2,19,5,1,0,0,0,0,0,1,0,0,0,6,18
2024430287602,2024,430287602,487693,192854,-0.73451,51.62768,3,3,4,11:02,-1,E06000060,6,0,1,0,1,1,2,6,0,0,0,1,0,0,0,0,1,6,19
2024430287925,2024,430287925,452072,190704,-1.24938,51.61277,2,2,4,13:27,-1,E07000179,6,0,1,0,1,"[3, 14]",7,3,0,0,0,1,0,0,1,0,1,6,19
2024430288199,2024,430288199,485944,236410,-0.74898,52.01947,2,2,4,15:30,-1,E06000042,6,0,1,0,2,"[19, 12]",1,5,0,0,0,1,0,1,0,0,0,6,19
2024430288206,2024,430288206,471660,176372,-0.96945,51.48177,3,3,4,15:36,-1,E06000038,6,0,1,0,1,19,8,3,0,0,0,1,0,0,0,0,1,6,19
2024430288256,2024,430288256,493761,180253,-0.65023,51.51343,3,3,4,15:20,-1,E06000039,6,0,1,0,1,19,6,2,0,0,0,1,0,0,0,0,1,6,19
2024430288905,2024,430288905,483975,161353,-0.79569,51.34507,3,3,4,16:30,-1,E06000036,3,0,1,0,1,"[9, 19]","[6, 4]","[4, 8]",0,0,0,1,0,1,0,0,0,6,19
2024430288956,2024,430288956,442882,219164,-1.37859,51.86941,3,3,4,23:40,-1,E07000181,3,2,1,0,2,19,4,8,0,0,0,1,0,0,0,0,1,6,19
2024430288966,2024,430288966,500698,182453,-0.54967,51.53201,3,3,4,23:08,-1,E06000060,3,2,1,0,2,19,6,3,0,1,0,1,0,0,0,0,0,6,19
2024430289222,2024,430289222,424503,215748,-1.64576,51.8398,2,2,5,05:40,-1,E07000181,3,0,1,0,2,13,1,5,0,"[8, 0]","[11, 0]",1,0,0,0,0,0,6,20
2024430289248,2024,430289248,488563,180614,-0.72503,51.51752,3,3,4,17:55,-1,E06000040,6,0,1,0,1,"[7, 19]",6,"[8, 2]",0,0,0,1,1,0,0,0,0,6,19
2024430289325,2024,430289325,454240,218135,-1.2138,51.85917,2,2,5,07:40,-1,E07000177,3,0,1,0,2,"[14, 11]",2,6,0,"[1, 0]","[9, 0]",1,0,1,0,0,0,6,20
2024430289705,2024,430289705,452853,207397,-1.23558,51.76277,3,3,2,12:15,-1,E07000178,4,0,1,0,1,"[9, 19]",5,"[3, 1]",0,0,0,1,1,0,0,0,0,5,27
2024430289887,2024,430289887,485171,239023,-0.75959,52.04307,3,3,5,13:30,-1,E06000042,6,0,1,0,1,"[9, 19]","[8, 2]",6,0,0,0,1,0,1,0,0,0,6,20
2024430289985,2024,430289985,445035,241644,-1.34438,52.07134,3,3,5,14:20,-1,E07000177,3,0,1,0,1,"[9, 14]","[8, 6]","[6, 2]",0,0,0,1,0,1,0,0,0,6,20
2024430290291,2024,430290291,450937,206368,-1.26349,51.7537,3,3,4,22:00,-1,E07000178,3,2,1,0,1,"[3, 1]",1,7,0,0,0,1,0,1,0,0,0,6,19
2024430290344,2024,430290344,482533,167580,-0.81495,51.40126,3,3,5,17:18,-1,E06000041,6,0,1,0,2,"[19, 7]","[4, 6]",8,0,0,0,1,0,0,0,0,0,6,20
2024430290358,2024,430290358,443891,238145,-1.36152,52.03998,3,3,5,17:28,-1,E07000177,3,0,4,0,2,"[10, 19]",6,"[3, 2]",0,0,0,1,0,0,0,0,0,6,20
2024430291077,2024,430291077,487560,180613,-0.73948,51.51766,3,3,5,08:15,-1,E06000040,6,0,1,0,1,"[9, 19]","[8, 6]","[6, 2]",0,0,0,1,1,0,0,0,0,6,20
2024430291125,2024,430291125,497852,179657,-0.59146,51.50738,3,3,5,16:28,-1,E06000039,6,0,1,0,1,"[19, 9]","[8, 2]","[4, 8]",0,0,0,1,0,1,0,0,0,6,20
2024430291199,2024,430291199,464949,166865,-1.06781,51.39711,3,3,6,17:41,-1,E06000037,6,0,1,0,2,19,"[1, 4]","[4, 1]",0,0,0,1,0,0,0,0,0,6,21
2024430291268,2024,430291268,485859,241166,-0.74902,52.06223,2,2,6,08:45,-1,E06000042,6,0,1,0,1,19,4,8,10,0,0,0,1,0,0,0,0,6,21
2024430291461,2024,430291461,501373,177976,-0.54123,51.49165,3,3,6,10:36,-1,E06000039,1,0,1,0,2,19,2,6,0,"[0, 7]","[0, 1]",1,0,0,0,0,0,6,21
2024430291592,2024,430291592,495358,196736,-0.62275,51.66133,3,3,6,07:40,-1,E06000060,3,0,1,0,2,"[4, 19]",8,2,0,0,0,1,0,0,0,0,0,6,21
2024430291633,2024,430291633,481136,203978,-0.82664,51.72866,3,3,6,11:25,-1,E06000060,3,0,1,0,2,19,6,2,0,0,0,1,0,0,0,0,1,6,21
2024430291636,2024,430291636,452294,205991,-1.24389,51.75018,2,2,5,09:00,-1,E07000178,3,0,9,0,1,99,9,9,0,0,0,1,1,0,0,0,0,5,23
2024430291657,2024,430291657,489969,191071,-0.7021,51.61129,3,3,4,15:27,-1,E06000060,3,0,8,0,1,"[11, 19]",8,4,0,0,0,1,0,0,0,0,0,6,19
2024430291878,2024,430291878,469236,234027,-0.99289,52.00038,3,3,6,12:56,-1,E06000060,3,0,1,0,1,"[9, 19]","[8, 7]","[7, 3]",0,0,0,1,0,0,0,0,0,6,21
2024430292165,2024,430292165,497975,179947,-0.58961,51.50997,3,3,6,10:45,-1,E06000039,3,0,1,0,1,19,"[2, 4]","[6, 8]",0,0,0,1,1,0,0,0,0,6,21
2024430292407,2024,430292407,501335,191522,-0.53788,51.61342,3,3,6,18:11,-1,E06000060,6,0,1,0,2,19,"[1, 6]","[6, 1]",0,0,0,1,0,0,0,0,0,6,21
2024430292502,2024,430292502,481922,192080,-0.81804,51.62159,3,3,6,17:35,-1,E06000060,1,0,1,0,2,"[19, 3]",8,4,0,0,0,1,0,0,0,0,0,6,21
2024430292878,2024,430292878,497403,181892,-0.59731,51.52755,2,2,6,23:37,-1,E06000039,6,2,1,0,2,19,5,1,0,3,11,1,0,0,0,0,0,6,21
2024430293178,2024,430293178,447611,166623,-1.31704,51.39665,3,3,6,16:30,-1,E06000037,6,0,1,0,1,"[3, 19]",7,3,0,0,0,1,0,0,0,0,0,6,21
2024430293550,2024,430293550,482616,190348,-0.80843,51.60592,2,2,7,12:12,-1,E06000060,4,0,1,0,2,"[19, 13]","[8, 4]","[4, 8]",0,0,0,1,0,1,0,0,0,6,22
2024430294344,2024,430294344,502393,172205,-0.52821,51.4396,3,3,7,12:05,-1,E06000040,4,0,1,0,1,19,8,4,0,0,0,1,1,0,0,0,0,6,22
2024430294399,2024,430294399,487131,237137,-0.7315,52.02582,3,3,7,23:03,-1,E06000042,3,2,1,0,2,"[9, 3]","[7, 1]","[4, 6]",0,"[3, 1]",7,1,0,0,0,0,0,6,22
2024430294925,2024,430294925,473961,172710,-0.93708,51.44856,3,3,1,09:41,-1,E06000038,3,0,1,0,1,"[2, 19]","[0, 8]","[0, 4]",0,0,0,1,1,0,0,0,0,6,23
2024430294993,2024,430294993,489843,238122,-0.69172,52.03424,3,3,1,11:05,-1,E06000042,3,0,1,0,2,"[9, 19]","[5, 1]","[3, 5]",0,0,0,1,0,0,0,0,0,6,23
2024430295016,2024,430295016,452328,205996,-1.24339,51.75022,2,2,7,15:40,-1,E07000178,3,0,1,0,1,19,7,3,0,0,0,1,1,0,0,0,0,6,22
2024430295044,2024,430295044,496501,198641,-0.60571,51.67825,2,2,1,11:27,-1,E06000060,4,0,1,0,1,9,8,6,0,0,0,1,0,0,0,0,1,6,23
2024430295068,2024,430295068,449851,209970,-1.2787,51.78618,2,2,1,11:01,-1,E07000178,3,0,1,0,1,"[19, 9]","[1, 7]",5,0,0,0,0,1,0,0,1,0,6,23
2024430295578,2024,430295578,472260,170415,-0.96202,51.42814,3,3,7,21:00,-1,E06000038,6,0,1,0,1,19,"[6, 2]","[2, 6]",0,0,0,1,1,0,0,0,0,6,22
2024430295841,2024,430295841,478563,194950,-0.86591,51.64787,3,3,1,23:23,-1,E06000060,6,2,1,0,2,2,0,0,0,0,0,1,0,0,0,0,1,6,23
2024430296119,2024,430296119,478626,170193,-0.87052,51.4253,3,3,1,08:58,-1,E06000041,3,0,1,0,2,"[7, 19]","[6, 4]",8,0,0,0,1,1,0,0,0,0,6,23
2024430296263,2024,430296263,463020,176150,-1.09389,51.4808,3,3,2,08:02,-1,E06000037,6,0,1,0,2,19,"[2, 6]","[6, 2]",0,0,0,1,0,0,0,0,0,6,24
2024430296285,2024,430296285,483941,211587,-0.7842,51.79664,3,3,2,08:15,-1,E06000060,3,0,1,0,2,4,8,4,0,0,0,1,0,0,0,0,0,6,24
2024430296877,2024,430296877,450466,208966,-1.26993,51.77709,3,3,1,18:15,-1,E07000178,3,0,1,0,2,"[2, 19]","[0, 4]","[0, 8]","[0, 8]",0,0,1,1,0,0,0,0,6,23
2024430297283,2024,430297283,486526,169169,-0.75717,51.41495,2,2,3,15:35,-1,E06000036,3,0,1,0,1,7,4,6,0,4,0,1,0,0,0,0,0,6,25
2024430297318,2024,430297318,501689,188563,-0.53362,51.58676,2,2,2,15:40,-1,E06000060,1,0,1,0,2,"[19, 12]",1,5,0,0,0,1,0,0,1,0,0,6,24
2024430297467,2024,430297467,469902,173550,-0.99531,51.45662,3,3,2,12:00,-1,E06000038,3,0,1,0,1,19,"[4, 8]","[8, 4]",0,0,0,1,1,0,0,0,0,6,24
2024430297502,2024,430297502,491335,170088,-0.68781,51.42245,3,3,5,14:45,-1,E06000036,6,0,1,0,1,"[19, 2]","[6, 0]","[2, 0]",0,0,0,1,0,0,0,0,0,6,13
2024430297518,2024,430297518,474788,171894,-0.92535,51.44111,3,3,1,18:30,-1,E06000041,3,0,1,0,1,"[7, 19]",8,"[2, 4]",0,0,0,1,1,0,0,0,0,6,23
2024430298166,2024,430298166,478125,170523,-0.87765,51.42834,3,3,2,07:15,-1,E06000041,4,0,1,0,1,9,6,3,0,0,0,1,0,0,0,0,1,6,24
2024430298200,2024,430298200,451135,206373,-1.26062,51.75372,3,3,2,15:15,-1,E07000178,6,0,1,0,1,9,3,1,0,0,0,1,0,0,0,0,1,6,24
2024430298271,2024,430298271,447483,206229,-1.31354,51.75275,3,3,3,06:53,-1,E07000180,3,0,9,0,2,19,5,2,0,0,0,1,0,0,0,0,0,6,25
2024430298524,2024,430298524,451720,167402,-1.25787,51.4033,2,2,3,09:41,-1,E06000037,6,0,1,0,1,19,7,3,0,0,0,1,0,0,0,0,1,6,25
2024430298877,2024,430298877,501806,172714,-0.53651,51.44428,3,3,3,06:45,-1,E06000040,4,0,1,0,2,"[19, 4]",4,8,0,0,0,1,0,0,0,0,0,6,25
2024430299050,2024,430299050,486505,192756,-0.75169,51.62698,3,3,3,13:59,-1,E06000060,3,0,1,0,2,"[9, 7]","[2, 6]",7,0,0,0,1,0,0,0,0,0,6,25
2024430299342,2024,430299342,498586,179750,-0.58086,51.50809,2,2,4,07:45,-1,E06000039,3,0,1,0,1,19,"[8, 6]","[4, 2]",0,0,0,1,1,0,0,0,0,6,26
2024430299437,2024,430299437,479610,215166,-0.84616,51.82945,3,3,3,16:27,-1,E06000060,3,0,1,0,2,"[19, 13]",8,4,"[10, 0]","[1, 0]","[9, 0]",1,0,0,1,0,0,6,25
2024430299861,2024,430299861,453032,188988,-1.23577,51.59725,3,3,3,08:45,-1,E07000179,4,0,8,0,1,4,1,5,0,0,0,1,0,0,0,0,1,6,25
2024430300746,2024,430300746,493232,186292,-0.65626,51.5678,3,3,4,10:24,-1,E06000060,6,0,1,0,2,"[9, 19]","[8, 2]",5,0,0,0,1,1,0,0,0,0,6,26
2024430301532,2024,430301532,483734,162269,-0.79894,51.35334,3,3,4,15:32,-1,E06000036,6,0,1,0,1,"[4, 19, 3]",1,5,0,0,0,1,0,0,0,0,0,6,26
2024430301573,2024,430301573,478852,216391,-0.85688,51.84057,3,3,4,08:40,-1,E06000060,6,0,1,0,2,"[19, 1]","[8, 7]","[4, 3]",0,0,0,1,1,0,0,0,0,6,26
2024430301588,2024,430301588,488283,231728,-0.7161,51.97701,3,3,6,16:50,-1,E06000060,3,0,1,0,2,19,6,2,0,0,0,1,0,0,0,0,0,6,7
2024430302023,2024,430302023,451538,225886,-1.25188,51.92911,3,3,4,08:42,-1,E07000177,6,0,1,0,2,"[1, 2]","[7, 0]","[3, 0]","[4, 0]",0,0,1,0,0,0,0,0,6,26
2024430302042,2024,430302042,447693,196946,-1.31176,51.66927,3,3,4,07:20,-1,E07000180,3,0,1,0,2,5,"[7, 9]","[1, 9]",0,0,0,1,0,0,0,0,0,6,26
2024430302320,2024,430302320,471737,173936,-0.96883,51.45986,3,3,4,22:42,-1,E06000038,3,2,1,0,1,19,"[8, 5]","[4, 1]",0,0,0,1,1,0,0,0,0,6,26
2024430302634,2024,430302634,451618,167460,-1.25933,51.40383,3,3,4,20:25,-1,E06000037,3,0,1,0,1,19,"[5, 3]","[1, 7]",0,0,0,1,1,0,0,0,0,6,26
2024430302635,2024,430302635,501469,186565,-0.53737,51.56884,3,3,4,18:30,-1,E06000060,6,0,1,0,2,"[4, 19]","[6, 2]","[2, 6]",0,0,0,1,0,0,0,0,0,6,26
2024430302641,2024,430302641,489496,179087,-0.71197,51.50364,3,3,4,10:20,-1,E06000040,2,0,1,0,2,"[3, 19]",5,1,0,0,0,1,0,0,0,0,0,6,26
2024430302654,2024,430302654,455155,207354,-1.20223,51.76216,3,3,4,14:20,-1,E07000178,3,0,1,0,1,19,5,1,0,0,0,1,0,0,0,0,0,6,26
2024430302669,2024,430302669,483453,236122,-0.78534,52.01726,3,3,4,00:36,-1,E06000042,4,2,1,0,1,19,6,2,9,7,1,1,0,0,0,0,0,6,26
2024430303576,2024,430303576,486014,166938,-0.76508,51.39497,3,3,5,15:00,-1,E06000036,3,0,1,0,1,"[14, 19]","[5, 1]","[1, 5]",0,0,0,1,0,1,0,0,0,6,27
2024430303647,2024,430303647,489371,233633,-0.69977,51.99396,3,3,5,15:25,-1,E06000042,6,0,1,0,2,"[3, 19]",5,1,0,0,0,1,0,0,0,0,0,6,27
2024430303671,2024,430303671,483460,236094,-0.78524,52.017,3,3,3,09:11,-1,E06000042,4,0,1,0,2,19,4,8,0,0,0,1,0,0,0,0,0,6,25
2024430304120,2024,430304120,488125,181813,-0.73104,51.52836,3,3,5,15:40,-1,E06000040,3,0,1,0,1,"[13, 9]",8,"[4, 6]",0,0,0,1,0,1,0,0,0,6,27
2024430304462,2024,430304462,467556,169338,-1.02988,51.41904,3,3,5,23:43,-1,E06000037,6,2,1,0,2,19,7,3,0,3,9,0,0,1,0,0,0,6,27
2024430304650,2024,430304650,483152,212468,-0.79542,51.80468,3,3,6,03:24,-1,E06000060,3,2,1,0,1,"[19, 4]",8,4,0,0,0,1,0,1,0,0,0,6,28
2024430304850,2024,430304850,455500,186330,-1.20057,51.57311,3,3,6,09:03,-1,E07000179,6,0,1,0,2,19,"[5, 7]",1,0,"[0, 1]","[0, 11]",1,0,0,0,0,0,6,28
2024430304916,2024,430304916,458466,185890,-1.15785,51.56886,2,2,6,09:58,-1,E07000179,6,0,1,0,2,19,6,1,0,7,4,1,0,0,0,0,0,6,28
2024430305085,2024,430305085,454137,206910,-1.21705,51.75827,3,3,6,11:34,-1,E07000178,3,0,1,0,1,"[19, 9]",2,"[6, 8]",0,0,0,1,0,1,0,0,0,6,28
2024430305556,2024,430305556,502054,182859,-0.53001,51.53542,3,3,5,16:10,-1,E06000060,3,0,1,0,2,"[15, 19]",7,2,0,0,0,0,0,1,0,0,0,6,27
2024430306062,2024,430306062,453704,203376,-1.22387,51.72654,3,3,6,18:15,-1,E07000178,3,0,1,0,1,"[19, 4]",5,1,0,0,0,1,0,0,0,0,0,6,28
2024430306094,2024,430306094,498177,174969,-0.58808,51.46519,3,3,6,07:25,-1,E06000040,3,0,1,0,2,19,4,2,0,0,0,1,1,0,0,0,0,6,28
2024430306707,2024,430306707,482250,232692,-0.80368,51.9866,3,3,7,09:00,-1,E06000042,3,0,1,0,2,19,7,3,0,0,0,0,0,1,0,0,0,6,29
2024430306727,2024,430306727,488906,176823,-0.72104,51.48338,3,3,7,09:39,-1,E06000040,4,0,1,0,1,"[13, 7]","[7, 6]","[3, 7]",0,0,0,1,0,0,0,0,0,6,29
2024430306937,2024,430306937,501285,179268,-0.54212,51.50328,3,3,6,13:32,-1,E06000039,4,0,1,0,1,9,5,4,11,0,0,1,0,0,0,0,0,5,17
2024430307113,2024,430307113,484972,192541,-0.77389,51.62528,2,2,1,15:33,-1,E06000060,6,0,1,0,1,19,6,2,0,0,0,0,0,1,0,0,0,6,30
2024430307142,2024,430307142,487417,167299,-0.74483,51.398,3,3,5,10:35,-1,E06000036,3,0,1,0,1,19,"[5, 2]","[1, 6]",0,0,0,1,1,0,0,0,0,6,27
2024430307188,2024,430307188,423680,197591,-1.65894,51.67659,2,2,7,16:30,-1,E07000180,3,0,1,0,2,19,7,4,0,1,0,0,0,1,0,0,0,6,29
2024430307397,2024,430307397,480736,240058,-0.82399,52.05304,3,3,7,19:17,-1,E06000042,6,0,1,0,1,9,-1,-1,0,0,0,1,0,0,0,0,1,6,29
2024430307643,2024,430307643,473175,173173,-0.94829,51.45282,3,3,7,10:10,-1,E06000038,3,0,1,0,1,19,4,8,0,0,0,1,1,0,0,0,0,6,29
2024430307768,2024,430307768,487117,236174,-0.73195,52.01716,2,"[3, 2]",7,23:13,-1,E06000042,6,2,1,0,1,"[19, 7]","[2, -1]","[6, -1]",0,"[7, 0]","[4, 0]",1,0,0,0,0,1,6,29
2024430308263,2024,430308263,449127,234496,-1.28571,52.00673,2,2,1,10:11,-1,E07000177,4,0,1,0,2,"[9, 19]",4,"[2, 8]",0,0,0,1,0,1,0,0,0,6,30
2024430308385,2024,430308385,454826,207534,-1.20697,51.76381,2,2,1,12:26,-1,E07000178,6,0,1,0,1,2,0,0,10,0,0,1,0,0,0,0,0,6,30
2024430308686,2024,430308686,465122,164878,-1.06569,51.37923,3,3,7,14:20,-1,E06000037,6,0,1,0,2,19,2,6,0,0,0,1,0,0,0,0,1,6,29
2024430308730,2024,430308730,465096,203241,-1.05898,51.72412,3,3,1,17:00,-1,E07000179,3,0,1,0,2,"[9, 19]","[5, 2]","[2, 6]",0,0,0,1,0,0,0,0,0,6,30
2024430308737,2024,430308737,487272,191154,-0.74101,51.61246,3,3,7,17:58,-1,E06000060,1,0,1,0,2,"[19, 4]",8,4,0,0,0,1,0,0,0,0,0,6,29
2024430309020,2024,430309020,455928,202355,-1.19183,51.71714,3,3,1,17:20,-1,E07000178,6,0,1,0,1,19,"[5, 7]","[1, 3]",0,0,0,1,1,0,0,0,0,6,30
2024430309289,2024,430309289,504559,185711,-0.49306,51.5606,3,3,1,23:14,-1,E06000060,3,2,1,0,2,"[19, 3]",3,7,0,0,0,1,0,0,0,0,0,6,30
2024430309465,2024,430309465,469845,173990,-0.99605,51.46059,3,3,1,13:00,-1,E06000038,6,0,1,0,1,"[3, 19]",3,7,0,0,0,1,0,0,0,0,0,6,30
2024430309468,2024,430309468,432236,229510,-1.53224,51.96314,3,3,1,15:40,-1,E07000181,3,0,1,0,2,19,5,1,0,0,0,1,0,0,0,0,1,6,30
2024430309484,2024,430309484,485576,239301,-0.75361,52.04551,3,3,1,18:07,-1,E06000042,6,0,1,0,1,19,7,3,0,0,0,1,0,0,0,0,1,6,30
2024430309646,2024,430309646,461366,168942,-1.11895,51.41618,3,3,2,08:40,-1,E06000037,3,0,1,0,2,"[2, 19]",2,6,0,0,0,1,0,0,0,0,0,7,1
2024430309958,2024,430309958,487672,192775,-0.73483,51.62697,3,3,2,11:13,-1,E06000060,6,0,1,0,1,"[19, 2]","[1, 0]","[5, 0]",0,0,0,1,0,0,0,0,0,7,1
2024430310549,2024,430310549,451139,214496,-1.25936,51.82675,3,3,2,15:16,-1,E07000177,5,0,8,0,2,"[19, 5]","[1, 6]","[5, 3]",0,"[0, 7]",0,1,0,0,0,0,0,7,1
2024430310805,2024,430310805,468754,226592,-1.0014,51.9336,2,2,2,17:51,-1,E06000060,5,0,1,0,2,19,"[7, 1]","[1, 7]",0,0,0,1,0,1,0,0,0,7,1
2024430310905,2024,430310905,484545,161454,-0.78749,51.34589,3,3,2,18:53,-1,E06000036,3,0,1,0,1,19,"[8, 4]","[4, 8]",0,0,0,1,0,0,0,0,0,7,1
2024430310931,2024,430310931,485413,186574,-0.76897,51.57158,3,3,2,19:00,-1,E06000060,5,0,1,0,1,19,"[2, 4]","[6, 8]",0,0,0,1,0,0,0,0,0,7,1
2024430310995,2024,430310995,471398,173581,-0.97378,51.45672,3,3,7,23:45,-1,E06000038,6,2,1,0,1,"[5, 19]",3,7,0,0,0,1,1,0,0,0,0,5,25
2024430311476,2024,430311476,495747,202565,-0.61553,51.71365,3,3,7,11:00,-1,E06000060,6,0,1,0,1,"[9, 19]","[7, 1]",4,0,0,0,1,1,0,0,0,0,6,29
2024430311568,2024,430311568,455584,205068,-1.19638,51.74157,3,3,3,06:20,-1,E07000178,3,0,1,0,2,"[19, 9]","[5, 7]","[1, 3]","[10, 7]","[1, 0]","[1, 0]",1,0,0,0,0,0,7,2
2024430311681,2024,430311681,453104,204305,-1.23241,51.73495,2,2,3,08:30,-1,E07000178,3,0,1,0,1,"[14, 19]","[4, 7]",3,0,0,0,1,1,0,0,0,0,7,2
2024430311828,2024,430311828,444629,216612,-1.35355,51.84633,2,2,3,10:01,-1,E07000181,6,0,1,0,2,19,7,3,0,0,11,1,0,0,0,0,0,7,2
2024430312543,2024,430312543,495477,173515,-0.62733,51.45258,3,3,3,15:14,-1,E06000040,3,0,1,0,2,19,6,2,0,0,0,1,0,0,1,0,0,7,2
2024430312696,2024,430312696,452600,203104,-1.23989,51.7242,2,2,5,17:00,-1,E07000179,3,0,1,0,2,19,4,8,0,0,0,0,0,0,1,0,0,6,20
2024430312736,2024,430312736,482277,234859,-0.80277,52.00608,3,3,3,08:24,-1,E06000042,5,0,1,0,1,19,3,7,0,0,0,1,0,0,0,0,0,7,2
2024430312760,2024,430312760,485887,195021,-0.76006,51.64744,3,3,3,16:48,-1,E06000060,6,0,1,0,2,19,4,7,0,2,10,1,0,0,0,0,0,7,2
2024430312889,2024,430312889,487659,239532,-0.72319,52.04726,3,3,3,18:24,-1,E06000042,6,0,1,0,2,"[13, 10]",7,"[3, 5]","[10, 0]","[4, 0]","[1, 0]",1,0,0,0,0,0,7,2
2024430313695,2024,430313695,460984,185362,-1.12161,51.56385,2,2,5,08:48,-1,E07000179,4,0,1,0,2,"[9, 13]",6,"[3, 2]",0,0,0,1,0,1,0,0,0,7,4
2024430314027,2024,430314027,458648,205624,-1.15192,51.74625,3,3,4,11:13,-1,E07000179,6,0,1,1,1,5,4,8,10,2,11,1,0,0,0,0,1,7,3
2024430314509,2024,430314509,498481,180278,-0.58223,51.51285,3,3,6,16:30,-1,E06000039,6,0,1,0,1,19,8,4,0,0,0,1,0,0,0,0,1,6,28
2024430314581,2024,430314581,473899,172776,-0.93796,51.44916,3,3,4,11:15,-1,E06000038,3,0,1,0,1,"[9, 19]",4,"[2, 8]",0,0,0,1,1,0,0,0,0,7,3
2024430314641,2024,430314641,485734,234979,-0.75239,52.00664,3,3,5,18:15,-1,E06000042,6,0,1,0,1,"[4, -1]",3,7,0,0,0,1,1,0,0,0,0,6,27
2024430314920,2024,430314920,484631,219981,-0.77214,51.87199,3,3,4,18:22,-1,E06000060,6,0,1,0,2,19,"[2, 6]","[6, 2]",0,0,0,1,0,0,0,0,0,7,3
2024430314983,2024,430314983,431363,227148,-1.54516,51.94196,3,3,4,16:30,-1,E07000181,3,0,1,0,2,"[9, 19]",1,"[7, 5]",0,0,0,1,0,0,0,0,0,7,3
2024430315098,2024,430315098,472634,168713,-0.95699,51.41279,3,3,4,21:08,-1,E06000041,4,0,1,0,1,15,7,3,10,1,10,0,0,0,0,0,0,7,3
2024430315510,2024,430315510,475769,171083,-0.91142,51.43369,3,3,4,15:05,-1,E06000041,6,0,1,0,1,"[1, 19]","[2, 8]","[6, 4]",0,0,0,1,1,0,0,0,0,7,3
2024430315635,2024,430315635,480675,218587,-0.82992,51.86005,3,3,5,08:00,-1,E06000060,3,0,1,0,2,"[3, 19, 10]",5,"[1, 3]",0,0,0,1,0,0,0,0,0,7,4
2024430315656,2024,430315656,486098,192124,-0.75773,51.62136,3,3,5,08:19,-1,E06000060,3,0,1,0,2,19,2,6,0,0,0,1,0,0,1,0,0,7,4
2024430315690,2024,430315690,496908,179861,-0.605,51.50938,3,3,5,08:30,-1,E06000039,6,0,1,0,1,19,8,4,0,0,0,1,0,0,0,0,1,7,4
2024430315695,2024,430315695,487225,167918,-0.74743,51.40359,3,3,5,08:52,-1,E06000036,3,0,1,0,1,19,"[7, 5]","[3, 1]",0,0,0,1,0,0,0,0,0,7,4
2024430316062,2024,430316062,450229,206224,-1.27376,51.75246,3,3,5,10:30,-1,E07000178,3,0,1,0,2,"[9, 13]",7,"[5, 3]",0,0,0,1,0,1,0,0,0,7,4
2024430316453,2024,430316453,473337,168107,-0.94701,51.40726,3,3,5,14:29,-1,E06000041,3,0,1,0,1,"[9, 19]",4,"[2, 8]",0,0,0,1,0,0,0,0,0,7,4
2024430316686,2024,430316686,454128,204509,-1.21755,51.73668,3,3,5,09:15,-1,E07000178,4,0,1,0,1,"[99, 19]","[9, 4]","[9, 8]",0,0,0,1,0,1,0,0,0,7,4
2024430316903,2024,430316903,482791,237886,-0.79456,52.03321,3,3,5,17:56,-1,E06000042,6,0,1,0,1,"[2, 19]","[0, 6]","[0, 2]",0,0,0,1,0,0,0,0,0,7,4
2024430317096,2024,430317096,434383,222606,-1.50168,51.90094,3,3,5,19:44,-1,E07000181,6,0,1,0,2,19,1,5,0,1,11,1,0,0,0,0,0,7,4
2024430317669,2024,430317669,482606,237666,-0.7973,52.03126,3,3,6,05:37,-1,E06000042,6,0,1,0,1,"[10, 19]","[8, 4]","[6, 8]",0,"[0, 1]",0,1,0,0,0,0,0,7,5
2024430317722,2024,430317722,474678,197294,-0.92155,51.66947,3,3,6,07:30,-1,E07000179,6,0,2,1,2,19,"[2, 6]","[6, 2]",0,"[0, 7]",0,1,0,0,0,0,0,7,5