collision_index,collision_year,collision_ref_no,location_easting_osgr,location_northing_osgr,longitude,latitude,casualty_severity,casualty_severity,day_of_week,time,local_authority_district,local_authority_ons_district,first_road_class,light_conditions,weather_conditions,road_surface_conditions,urban_or_rural_area,vehicle_manoeuvre,vehicle_direction_from,vehicle_direction_to,hit_object_in_carriageway,vehicle_leaving_carriageway,hit_object_off_carriageway,is_car,is_cyle,is_mcyle,is_goodsv,is_other,is_pedestrian,month,day
2024430351111,2024,430351111,481030,214211,-0.82579,51.82066,2,2,3,16:44,-1,E06000060,3,0,1,0,1,"[19, 9]","[4, 8]","[8, 6]",0,0,0,1,0,1,0,0,0,7,23
2024430351845,2024,430351845,440422,210440,-1.41533,51.79116,3,3,4,02:12,-1,E07000181,3,2,2,1,2,19,"[3, 7]","[7, 3]",0,0,0,1,0,0,0,0,0,7,24
2024430352045,2024,430352045,474128,178981,-0.93336,51.50491,3,3,4,08:45,-1,E07000179,6,0,1,0,2,"[19, 4]","[4, 6]","[8, 2]",0,0,0,1,0,0,0,0,0,7,24
2024430352275,2024,430352275,452791,205720,-1.23673,51.7477,3,3,3,19:00,-1,E07000178,4,0,1,0,1,"[14, 4]",4,8,0,0,0,1,0,1,0,0,0,7,23
2024430352282,2024,430352282,492546,181080,-0.66752,51.52107,3,3,4,11:18,-1,E06000060,3,0,1,0,1,"[19, 3]",5,1,0,0,0,1,1,0,0,0,0,7,24
2024430352317,2024,430352317,490516,234623,-0.68284,52.00268,2,2,4,11:39,-1,E06000042,6,0,1,0,2,"[13, 5]",7,3,0,0,0,1,0,1,0,0,0,7,24
2024430352525,2024,430352525,472907,197616,-0.94709,51.67259,2,2,4,13:12,-1,E07000179,3,0,1,0,2,19,8,4,0,2,4,0,0,1,0,0,0,7,24
2024430352720,2024,430352720,444866,242579,-1.34672,52.07976,3,3,4,14:38,-1,E07000177,6,0,1,0,2,"[19, 9]","[2, 4]","[6, 2]","[10, 0]",0,0,1,0,1,0,0,0,7,24
2024430352930,2024,430352930,487114,175006,-0.74729,51.46733,3,3,3,16:30,-1,E06000040,6,0,1,0,2,19,"[7, 4]","[3, 7]",0,0,0,1,0,0,0,0,0,7,23
2024430353224,2024,430353224,458967,224321,-1.14412,51.91431,3,3,4,18:41,-1,E07000177,3,0,1,0,2,5,"[3, 5]","[7, 1]",0,0,0,1,0,1,0,0,0,7,24
2024430353406,2024,430353406,486241,236126,-0.74472,52.01687,3,3,4,16:40,-1,E06000042,3,0,1,0,2,"[19, 3]",2,6,0,0,0,1,0,0,0,0,0,7,17
2024430353517,2024,430353517,486775,230647,-0.73833,51.96754,3,3,4,22:02,-1,E06000060,5,2,2,1,2,19,2,6,0,1,1,1,0,0,0,0,0,7,24
2024430353938,2024,430353938,449024,217941,-1.28956,51.85791,3,3,5,07:53,-1,E07000177,4,0,1,0,2,19,7,3,0,1,9,0,0,1,0,0,0,7,25
2024430353992,2024,430353992,495426,202052,-0.62032,51.7091,2,2,5,08:43,-1,E06000060,6,0,1,0,1,"[2, 19]","[0, 4]","[0, 8]",0,0,0,1,0,0,0,0,0,7,25
2024430354226,2024,430354226,487118,181382,-0.74566,51.52464,3,3,5,10:50,-1,E06000040,6,0,1,0,1,19,"[2, 8]","[6, 4]",0,0,0,1,1,0,0,0,0,7,25
2024430355133,2024,430355133,470775,172550,-0.98295,51.44752,2,2,5,17:30,-1,E06000038,3,0,2,1,1,"[9, 19]","[5, 3]","[3, 7]",0,0,0,1,0,1,0,0,0,7,25
2024430355199,2024,430355199,454007,208321,-1.21871,51.77097,3,3,5,19:10,-1,E07000178,3,0,2,1,2,"[4, 19]",4,"[7, 8]",0,0,"[1, 0]",1,0,0,1,0,0,7,25
2024430355211,2024,430355211,443005,181133,-1.38148,51.52748,2,2,5,21:29,-1,E06000037,4,2,1,0,2,19,4,8,12,0,0,0,0,1,0,0,0,7,25
2024430355457,2024,430355457,495956,200078,-0.61319,51.69126,3,3,5,22:07,-1,E06000060,3,2,1,0,1,"[10, 19]",2,"[7, 6]",0,0,0,1,0,0,0,0,0,7,25
2024430355867,2024,430355867,467890,226145,-1.01405,51.92969,2,2,6,07:26,-1,E06000060,5,0,1,0,2,"[19, 9]","[8, 4]","[4, 2]",0,0,0,1,0,1,0,0,0,7,26
2024430356571,2024,430356571,433871,168758,-1.51432,51.41683,3,3,7,14:31,-1,E06000037,3,0,1,0,2,19,"[8, 6]","[4, 2]",0,0,0,1,0,0,0,0,0,7,27
2024430357029,2024,430357029,446411,221543,-1.32702,51.89052,2,2,6,18:45,-1,E07000181,3,0,1,0,2,19,5,1,0,7,4,1,0,0,0,0,0,7,26
2024430357154,2024,430357154,485243,238926,-0.75856,52.04219,2,2,4,18:07,-1,E06000042,6,0,1,0,1,5,7,3,0,0,0,1,0,0,0,0,1,9,4
2024430357213,2024,430357213,484191,191670,-0.78538,51.61757,3,3,6,20:43,-1,E06000060,6,0,1,0,1,"[9, 19]","[7, 5]","[5, 1]",0,0,0,1,0,0,0,0,0,7,26
2024430357785,2024,430357785,489615,235721,-0.69567,52.01269,3,3,6,20:36,-1,E06000042,3,0,1,0,2,"[19, 6]",5,"[1, 5]",0,0,0,1,0,1,0,0,0,7,26
2024430357908,2024,430357908,483523,192005,-0.79494,51.62068,3,3,7,07:57,-1,E06000060,5,0,1,0,2,"[3, 5, 13]",6,2,0,0,0,1,0,0,1,0,0,7,27
2024430357961,2024,430357961,450829,207227,-1.26493,51.76143,3,3,7,09:18,-1,E07000178,6,0,8,0,1,2,"[6, 0]","[2, 0]","[4, 0]",0,0,1,0,0,0,0,0,7,27
2024430358134,2024,430358134,485215,184851,-0.77224,51.55612,3,3,7,12:35,-1,E06000040,3,0,1,0,2,4,1,5,0,0,0,1,0,0,0,0,0,7,27
2024430358248,2024,430358248,496125,181656,-0.61579,51.52565,2,2,7,14:07,-1,E06000039,3,0,1,0,1,"[6, 19]","[5, 1]",5,0,0,0,1,0,1,0,0,0,7,27
2024430358268,2024,430358268,432973,227957,-1.52166,51.94914,2,2,7,14:14,-1,E07000181,3,0,1,0,2,"[19, 9]",4,"[8, 2]",0,0,0,0,0,1,0,1,0,7,27
2024430358649,2024,430358649,452376,167445,-1.24843,51.40362,3,3,7,18:24,-1,E06000037,3,0,1,0,1,"[7, 19]","[5, 7]","[7, 3]",0,0,0,1,1,0,0,0,0,7,27
2024430359968,2024,430359968,485413,242803,-0.75512,52.07701,1,"[1, 3]",1,16:37,-1,E06000042,6,0,1,0,2,"[19, 9]","[2, 6]","[6, 4]",0,0,0,1,0,1,0,0,0,7,28
2024430359989,2024,430359989,496818,191126,-0.6032,51.61065,3,3,1,16:50,-1,E06000060,6,0,1,0,2,"[9, 19]","[8, 4]","[6, 8]",0,0,0,1,0,0,0,0,0,7,28
2024430360347,2024,430360347,484692,237293,-0.767,52.02759,3,3,1,21:45,-1,E06000042,3,2,1,0,2,"[19, 13]",4,8,0,"[5, 4]",6,1,0,0,0,0,0,7,28
2024430360703,2024,430360703,488928,180567,-0.71978,51.51704,3,3,1,15:45,-1,E06000040,3,0,1,0,1,19,"[2, 8]","[6, 4]",0,0,0,1,1,0,0,0,0,7,28
2024430360776,2024,430360776,479755,177821,-0.85257,51.49372,3,3,2,06:30,-1,E06000041,3,0,1,0,2,"[13, 19]",7,3,0,0,0,1,1,0,0,0,0,7,29
2024430360930,2024,430360930,467360,215384,-1.02385,51.83302,3,3,2,09:30,-1,E06000060,5,0,1,0,2,"[19, 9]","[6, 8]","[3, 7]",0,0,0,1,0,0,0,0,0,7,29
2024430360973,2024,430360973,482297,214913,-0.80724,51.82678,3,3,2,10:00,-1,E06000060,3,0,1,0,1,"[19, 9]","[4, 6]","[8, 4]",0,0,0,1,0,0,0,1,0,7,29
2024430361298,2024,430361298,450686,213063,-1.26615,51.81391,3,3,2,13:03,-1,E07000177,3,0,1,0,2,"[4, 19]",6,2,0,"[1, 0]",0,1,0,0,1,0,0,7,29
2024430361362,2024,430361362,473369,170538,-0.94605,51.42911,3,3,3,13:40,-1,E06000038,3,0,1,0,1,"[19, 3]",1,5,0,0,0,1,0,0,1,0,0,7,30
2024430362042,2024,430362042,497858,179701,-0.59136,51.50778,3,3,5,16:05,-1,E06000039,6,0,1,0,1,"[1, 3]","[1, 5]","[5, 1]",0,0,0,1,0,1,0,0,0,7,25
2024430362699,2024,430362699,484386,168531,-0.78809,51.40953,3,3,3,08:20,-1,E06000036,3,0,1,0,2,"[3, 4]",8,4,0,0,0,1,0,0,1,0,0,7,30
2024430362976,2024,430362976,498625,176801,-0.58112,51.48158,3,3,2,11:58,-1,E06000040,3,0,1,0,2,"[19, 3]",8,4,0,0,0,1,0,0,0,0,0,7,29
2024430363787,2024,430363787,455048,220671,-1.20167,51.88189,3,3,3,17:15,-1,E07000177,1,0,1,0,2,4,1,5,0,0,0,1,0,0,0,0,0,7,30
2024430363976,2024,430363976,477512,175833,-0.88531,51.47616,3,3,3,17:10,-1,E06000041,3,0,1,0,2,7,4,6,0,0,0,1,0,0,0,0,1,7,30
2024430364180,2024,430364180,496317,166098,-0.61726,51.38576,3,3,3,21:48,-1,E06000040,4,2,1,0,2,19,8,5,0,1,0,0,0,1,0,0,0,7,30
2024430364480,2024,430364480,496023,183082,-0.61687,51.53848,3,3,3,19:15,-1,E06000060,3,0,1,0,1,"[3, 19]",1,5,0,0,0,1,0,0,0,0,0,7,30
2024430365377,2024,430365377,498261,185593,-0.58392,51.56067,3,3,7,14:14,-1,E06000060,4,0,1,0,2,"[9, 19]","[5, 1]","[3, 5]",0,0,0,1,0,0,0,0,0,8,31
2024430365626,2024,430365626,476475,219032,-0.89079,51.86464,3,3,4,10:59,-1,E06000060,5,0,1,0,2,"[9, 19]",4,"[2, 8]",0,0,0,1,0,1,0,0,0,7,31
2024430365651,2024,430365651,494363,187868,-0.63952,51.58178,2,"[2, 3]",4,01:00,-1,E06000060,6,2,1,0,2,19,5,"[1, 0]",0,0,0,1,0,0,1,0,0,7,31
2024430365663,2024,430365663,489351,187442,-0.71194,51.57877,3,3,2,14:10,-1,E06000060,3,0,1,0,1,"[9, 19]","[2, 8]","[8, 4]",0,0,0,1,0,1,0,0,0,7,29
2024430365949,2024,430365949,453958,209738,-1.2192,51.78371,3,3,3,19:05,-1,E07000179,6,0,1,0,2,"[19, 13]","[5, 1]","[1, 5]",0,"[7, 1]",0,0,1,0,0,0,0,7,16
2024430365973,2024,430365973,452272,205960,-1.24421,51.7499,3,3,4,14:15,-1,E07000178,3,0,8,0,1,"[4, 7]",4,"[8, 6]",0,0,0,1,1,0,0,0,0,7,31
2024430366159,2024,430366159,486241,168985,-0.76132,51.41334,3,3,4,21:52,-1,E06000036,3,2,1,0,2,19,8,4,"[0, 9]","[0, 1]","[0, 4]",1,0,0,0,0,0,7,31
2024430366477,2024,430366477,453417,223499,-1.22492,51.90747,3,3,4,17:30,-1,E07000177,4,0,1,0,2,19,8,4,0,0,0,1,1,0,0,0,0,7,31
2024430366940,2024,430366940,468606,174184,-1.01384,51.46248,3,3,4,18:32,-1,E06000038,3,0,1,0,1,19,4,8,0,0,0,1,1,0,0,0,0,7,31
2024430367366,2024,430367366,451037,207146,-1.26192,51.76068,3,3,5,15:17,-1,E07000178,3,0,1,0,1,"[2, 19]","[0, 5]","[0, 1]","[0, 4]",0,0,1,0,0,1,0,0,8,1
2024430367388,2024,430367388,452296,205989,-1.24386,51.75016,3,3,5,15:00,-1,E07000178,3,0,1,0,1,"[19, 9]","[3, 8]","[7, 5]",0,0,0,1,1,0,0,0,0,8,1
2024430367406,2024,430367406,483264,173407,-0.80308,51.45353,3,3,5,15:38,-1,E06000040,1,0,1,0,2,11,2,6,0,1,7,1,0,0,0,0,0,8,1
2024430367426,2024,430367426,496237,201146,-0.60883,51.70082,3,3,5,12:45,-1,E06000060,6,0,1,0,1,"[4, 19]",7,3,0,0,0,1,0,0,0,0,0,8,1
2024430367501,2024,430367501,446126,169997,-1.33795,51.42711,3,3,4,13:56,-1,E06000037,3,0,1,0,2,"[12, 19]",6,2,0,0,0,1,0,0,1,0,0,7,31
2024430367503,2024,430367503,495665,186815,-0.62102,51.5721,3,3,5,16:22,-1,E06000060,3,0,1,0,2,"[19, 7]","[8, 2]",4,0,"[7, 0]","[4, 0]",1,0,0,0,0,0,8,1
2024430367551,2024,430367551,471714,170318,-0.96989,51.42734,3,3,5,16:50,-1,E06000038,4,0,1,0,1,"[19, 9]",6,"[2, 4]",0,0,0,1,0,1,0,0,0,8,1
2024430367638,2024,430367638,434344,197416,-1.50473,51.67447,3,3,5,17:12,-1,E07000180,3,0,2,1,2,"[3, 19]","[5, 3]",7,"[0, 10]","[0, 2]","[0, 1]",1,0,0,0,0,0,8,1
2024430367822,2024,430367822,468476,170017,-1.01652,51.42503,3,3,5,19:52,-1,E06000037,6,0,1,0,2,19,"[5, 7]","[7, 5]",0,0,0,1,0,1,0,0,0,8,1
2024430367908,2024,430367908,486293,169097,-0.76054,51.41433,3,3,5,11:05,-1,E06000036,3,0,1,0,2,"[9, 19]",5,"[2, 1]",0,0,0,1,0,0,0,0,0,8,1
2024430368669,2024,430368669,484049,214587,-0.7819,51.82359,3,3,6,11:05,-1,E06000060,6,0,1,0,2,"[9, 19]","[6, 2]","[4, 6]",0,0,0,1,0,1,0,0,0,8,2
2024430368756,2024,430368756,448745,194209,-1.29693,51.64457,3,3,6,11:48,-1,E07000180,4,0,1,0,2,"[19, 7]","[3, 5]",7,0,0,0,1,0,0,0,0,0,8,2
2024430369158,2024,430369158,489549,189832,-0.70848,51.60022,3,3,6,15:31,-1,E06000060,5,0,1,0,1,19,4,8,0,0,0,1,0,0,0,0,1,8,2
2024430369216,2024,430369216,450326,206747,-1.27228,51.75716,3,3,4,17:05,-1,E07000178,6,0,1,0,2,19,"[5, 1]","[1, 5]",0,0,0,0,1,1,0,0,0,7,31
2024430369265,2024,430369265,503563,181454,-0.50867,51.52252,3,3,6,16:18,-1,E06000060,6,0,1,0,2,"[13, 9]",1,"[5, 7]",0,0,0,1,0,1,0,0,0,8,2
2024430369295,2024,430369295,489333,233400,-0.70039,51.99188,3,3,6,16:37,-1,E06000042,3,0,1,0,2,19,"[4, 2]","[8, 6]",0,0,"[1, 0]",1,0,0,0,0,0,8,2
2024430369353,2024,430369353,480678,218605,-0.82987,51.86021,2,2,6,17:19,-1,E06000060,3,0,1,0,2,"[19, 9]","[5, 3]",1,0,0,0,0,0,1,0,0,0,8,2
2024430369592,2024,430369592,457480,198694,-1.16997,51.68407,2,2,6,20:17,-1,E07000179,4,0,1,0,2,19,6,3,0,1,0,0,0,1,0,0,0,8,2
2024430370559,2024,430370559,486463,196347,-0.75141,51.65927,3,3,7,12:02,-1,E06000060,3,0,1,0,2,"[19, 9]","[5, 2]","[1, 2]",0,0,0,1,0,0,0,0,0,8,3
2024430370838,2024,430370838,487235,243618,-0.72833,52.08405,2,2,5,17:00,-1,E06000042,6,0,1,0,1,19,5,1,0,0,0,1,0,0,0,0,1,8,1
2024430371741,2024,430371741,450839,206267,-1.26492,51.7528,3,3,1,02:50,-1,E07000178,3,2,1,0,1,19,7,3,0,0,0,1,0,0,0,0,1,8,4
2024430371781,2024,430371781,485493,238376,-0.75506,52.03721,3,3,7,16:24,-1,E06000042,5,0,1,0,1,"[19, 11]",6,2,0,0,0,1,0,0,0,0,0,8,3
2024430371796,2024,430371796,451440,205571,-1.25632,51.74648,3,3,7,18:37,-1,E07000178,3,0,1,0,1,"[13, 19]",1,5,"[0, 10]","[0, 1]",0,0,1,0,1,0,0,8,3
2024430371797,2024,430371797,489017,179015,-0.71889,51.50307,3,3,4,17:30,-1,E06000040,2,0,1,0,2,"[11, 19]",2,6,0,0,0,1,0,0,0,0,0,7,31
2024430372653,2024,430372653,484286,235082,-0.77346,52.00778,3,3,1,18:52,-1,E06000042,6,0,1,0,1,19,-1,-1,0,0,0,0,0,0,0,1,0,8,4
2024430372731,2024,430372731,476776,169320,-0.89731,51.41771,2,"[2, 3]",1,19:56,-1,E06000041,6,0,1,0,2,19,2,6,0,0,0,0,0,1,0,0,0,8,4
2024430373212,2024,430373212,485267,239013,-0.75819,52.04297,3,3,7,16:01,-1,E06000042,6,0,1,0,1,99,9,9,0,0,"[0, 99]",1,0,0,0,0,0,7,27
2024430374195,2024,430374195,499727,178985,-0.56464,51.50101,2,2,2,15:09,-1,E06000039,3,0,1,0,1,19,"[2, 8]","[6, 4]",0,"[0, 7]",0,1,1,0,0,0,0,8,5
2024430374498,2024,430374498,467726,233417,-1.015,51.99508,3,3,2,18:13,-1,E06000060,3,0,1,0,2,19,"[7, 3]","[3, 7]",0,0,0,1,0,0,1,0,0,8,5
2024430374604,2024,430374604,485339,191279,-0.76889,51.61388,3,3,2,15:09,-1,E06000060,3,0,1,0,1,"[3, 19]",8,4,0,0,0,1,0,0,0,0,0,8,5
2024430374905,2024,430374905,455106,205010,-1.20331,51.74109,2,2,2,16:00,-1,E07000178,6,0,1,0,1,19,1,5,0,0,0,0,0,0,0,0,0,8,5
2024430375055,2024,430375055,450875,210192,-1.26383,51.78808,3,3,2,11:20,-1,E07000178,3,0,1,0,1,5,3,7,0,0,0,1,0,0,0,0,0,8,5
2024430375064,2024,430375064,489564,246892,-0.69349,52.11311,2,2,1,10:02,-1,E06000042,3,0,1,0,2,"[13, 19]",5,1,0,"[0, 1]","[0, 10]",0,1,0,0,0,0,8,4
2024430375182,2024,430375182,496714,176987,-0.60858,51.48358,3,3,6,22:35,-1,E06000040,4,2,1,0,1,"[2, 19]","[0, 4]","[0, 8]",0,0,0,1,0,0,0,0,0,8,2
2024430375281,2024,430375281,486116,193231,-0.7572,51.63131,3,3,3,09:00,-1,E06000060,6,0,2,1,1,"[19, 9]","[2, 4]","[6, 2]",0,0,0,1,0,1,0,0,0,8,6
2024430375862,2024,430375862,439410,236283,-1.42706,52.02357,2,"[3, 2]",3,13:56,-1,E07000177,6,0,1,0,2,19,"[6, 2]","[2, 6]",0,0,0,1,0,0,0,0,0,8,6
2024430376377,2024,430376377,447778,222077,-1.30708,51.8952,3,3,3,17:52,-1,E07000181,6,0,1,0,2,"[19, 5]","[1, 3]","[5, 1]",0,"[7, 0]","[4, 0]",1,0,0,0,0,0,8,6
2024430376571,2024,430376571,496540,181333,-0.6099,51.52267,3,3,3,19:40,-1,E06000039,6,0,1,0,1,19,3,7,0,0,0,1,0,0,0,0,1,8,6
2024430377487,2024,430377487,475433,173101,-0.91582,51.45188,3,3,2,18:50,-1,E06000041,6,0,1,0,1,"[19, 6]","[5, 3]","[1, 3]",0,0,0,1,0,1,0,0,0,2,5
2024430377586,2024,430377586,480417,219214,-0.83352,51.86572,3,3,1,16:51,-1,E06000060,3,0,1,0,2,19,"[5, 1]","[1, 5]",0,"[1, 7]",0,1,0,0,0,0,0,7,28
2024430377864,2024,430377864,448572,206631,-1.29771,51.75627,3,3,4,14:29,-1,E07000180,3,0,1,0,2,4,6,3,0,"[0, 1]","[0, 1]",1,0,0,0,0,0,8,7
2024430378885,2024,430378885,473359,173296,-0.94562,51.4539,3,3,4,19:40,-1,E06000038,3,0,1,0,1,19,"[8, 6]","[4, 2]",0,0,0,1,1,0,0,0,0,8,7
2024430379016,2024,430379016,490709,175416,-0.69544,51.47045,3,3,5,07:17,-1,E06000040,6,0,1,0,2,19,"[1, 5]","[5, 1]",0,0,0,1,0,0,0,0,0,8,8
2024430380001,2024,430380001,491602,181184,-0.68109,51.52215,3,3,5,17:00,-1,E06000060,3,0,2,1,2,"[3, 19]",7,3,0,0,0,1,0,0,0,0,0,8,8
2024430380172,2024,430380172,498808,177070,-0.57841,51.48396,3,3,5,19:10,-1,E06000040,4,0,1,0,2,19,"[2, 8]","[6, 4]",0,0,0,1,1,0,0,0,0,8,8
2024430380410,2024,430380410,501803,178118,-0.535,51.49285,3,3,5,22:19,-1,E06000039,1,2,1,0,1,"[19, 4]",2,6,0,0,0,1,0,0,0,0,0,8,8
2024430381341,2024,430381341,468836,174005,-1.01057,51.46084,2,2,6,13:18,-1,E06000038,3,0,1,0,1,"[9, 19]","[8, 4]","[6, 8]",0,0,0,1,1,0,0,0,0,8,9
2024430382027,2024,430382027,475680,169787,-0.91297,51.42205,3,3,5,16:40,-1,E06000041,4,0,1,0,2,"[19, 9]",2,"[6, 8]",0,0,0,1,0,0,0,0,0,8,8
2024430382037,2024,430382037,494206,180971,-0.64363,51.51981,3,3,1,13:40,-1,E06000039,3,0,1,0,1,"[9, 19]","[7, 3]","[5, 7]",0,0,0,1,0,0,0,0,0,7,28
2024430382164,2024,430382164,496023,182047,-0.61716,51.52918,3,3,6,21:36,-1,E06000039,3,0,1,0,1,19,5,1,0,5,6,1,0,0,0,0,0,8,9
2024430382785,2024,430382785,438473,172151,-1.44778,51.44705,3,3,7,09:58,-1,E06000037,1,0,2,1,2,"[4, 19]",3,7,0,0,0,1,0,0,0,0,0,8,10
2024430382853,2024,430382853,486504,192881,-0.75168,51.6281,3,3,6,13:40,-1,E06000060,3,0,1,0,1,"[4, 15]",8,4,0,"[0, 1]","[0, 11]",1,0,1,0,0,0,8,9
2024430383068,2024,430383068,444220,210230,-1.3603,51.78899,3,3,7,15:35,-1,E07000181,3,0,1,0,2,"[4, 19]",3,7,0,0,0,1,0,0,0,0,0,8,10
2024430383179,2024,430383179,486921,233596,-0.73545,51.99402,3,3,7,16:12,-1,E06000042,6,0,1,0,1,19,6,2,0,0,0,0,0,0,0,0,0,8,10
2024430383187,2024,430383187,473713,227361,-0.92912,51.93988,3,3,7,16:04,-1,E06000060,5,0,1,0,2,19,"[6, 3]","[3, 6]",0,0,0,1,1,0,0,0,0,8,10
2024430383226,2024,430383226,471777,169630,-0.96913,51.42115,3,3,7,16:20,-1,E06000038,4,0,1,0,1,19,1,5,0,0,0,1,1,0,0,0,0,8,10
2024430383371,2024,430383371,473878,173507,-0.93811,51.45573,3,3,7,18:35,-1,E06000041,3,0,1,0,1,19,8,4,10,7,0,1,0,0,0,0,1,8,10
2024430384254,2024,430384254,482785,194659,-0.80497,51.64465,2,2,1,11:06,-1,E06000060,3,0,1,0,2,"[19, 5]","[7, 1]","[3, 7]",0,0,0,1,0,1,0,0,0,8,11
2024430384521,2024,430384521,464797,182636,-1.06711,51.53891,2,2,1,15:09,-1,E07000179,3,0,1,0,2,15,8,3,0,0,0,0,0,1,0,0,0,8,11
2024430384582,2024,430384582,450195,207332,-1.2741,51.76243,3,3,7,17:30,-1,E07000178,6,0,1,0,2,"[1, 3]",7,3,0,0,0,1,0,1,0,0,0,8,10
2024430384776,2024,430384776,488157,193708,-0.7276,51.63528,3,3,1,18:35,-1,E06000060,6,0,1,0,1,"[19, 14]","[3, 7]","[7, 3]",0,0,0,1,0,1,0,0,0,8,11
2024430385389,2024,430385389,432795,208961,-1.52605,51.77836,3,3,2,06:38,-1,E07000181,6,0,1,0,2,19,6,3,0,"[0, 1]","[0, 10]",1,1,0,0,0,0,8,12
2024430385588,2024,430385588,489487,181314,-0.71154,51.52366,2,2,2,09:33,-1,E06000040,3,0,1,0,1,"[9, 19]","[8, 2]","[5, 6]",0,0,0,1,1,0,0,0,0,8,12
2024430386339,2024,430386339,467066,229430,-1.02539,51.95932,2,2,2,16:48,-1,E06000060,5,0,1,0,2,19,"[3, 5]","[7, 1]",0,0,0,1,0,0,0,0,0,8,12
2024430386401,2024,430386401,489763,184297,-0.7068,51.55043,3,3,2,16:49,-1,E06000040,3,0,1,0,2,"[13, 19]",1,4,0,"[0, 1]","[0, 9]",1,1,0,0,0,0,8,12
2024430387258,2024,430387258,492008,176066,-0.67658,51.47608,3,3,3,17:51,-1,E06000040,4,0,1,0,2,"[10, 13]",4,"[1, 8]",0,"[0, 7]","[0, 11]",1,0,0,0,0,0,8,13
2024430387293,2024,430387293,495455,176981,-0.62671,51.48374,2,2,3,08:30,-1,E06000040,3,0,1,0,1,19,0,0,0,0,0,1,1,0,0,0,0,8,13
2024430387497,2024,430387497,453954,226258,-1.21669,51.93223,3,3,3,10:36,-1,E07000177,4,0,1,0,2,"[4, 3]",1,5,0,0,0,1,0,0,1,0,0,8,13
2024430387831,2024,430387831,494364,176297,-0.6426,51.47777,3,3,3,13:34,-1,E06000040,4,0,1,0,1,"[19, 4]",6,2,0,0,0,1,0,1,0,0,0,8,13
2024430388523,2024,430388523,454264,203593,-1.21573,51.72844,3,3,3,19:38,-1,E07000178,6,0,1,0,1,19,"[3, 1]","[7, 5]",0,0,0,0,1,0,1,0,0,8,13
2024430388586,2024,430388586,482919,167266,-0.80947,51.39838,3,3,3,20:30,-1,E06000041,6,0,1,0,2,19,"[5, 8]","[8, 5]",0,0,0,1,0,1,0,0,0,8,13
2024430389028,2024,430389028,487186,214105,-0.73652,51.81878,3,3,3,14:05,-1,E06000060,6,0,8,0,2,19,"[8, 5]","[5, 8]",0,0,0,1,0,0,0,0,0,8,13
2024430389148,2024,430389148,484957,193923,-0.77377,51.63771,3,3,5,17:30,-1,E06000060,3,0,2,1,1,"[9, 19]","[6, 4]",8,0,0,0,1,0,0,0,0,0,8,1
2024430389373,2024,430389373,471304,170890,-0.97567,51.43253,3,3,4,10:05,-1,E06000038,6,0,2,1,2,19,"[3, 1]","[7, 5]",0,0,0,1,0,0,0,0,0,8,14
2024430389686,2024,430389686,499249,180955,-0.57097,51.51881,2,2,4,12:47,-1,E06000039,6,0,1,0,1,19,"[8, 2]","[4, 6]",0,0,0,1,1,0,0,0,0,8,14
2024430389790,2024,430389790,488135,182249,-0.73079,51.53228,3,3,4,13:00,-1,E06000040,6,0,1,0,1,19,"[2, 4]","[6, 8]",0,0,0,1,0,0,0,0,0,8,14
2024430390574,2024,430390574,472275,170626,-0.96176,51.43004,3,3,4,20:03,-1,E06000038,6,2,2,1,1,"[19, 7]","[1, 7]","[5, 1]",0,0,0,1,0,0,0,0,0,8,14
2024430391000,2024,430391000,487380,170774,-0.7445,51.42924,3,3,4,14:30,-1,E06000036,3,0,1,0,2,19,5,1,0,0,0,0,0,0,0,1,1,8,14
2024430391484,2024,430391484,487326,240289,-0.72785,52.05412,3,3,3,18:00,-1,E06000042,5,0,1,0,2,"[3, 19]",5,1,0,0,0,1,0,0,0,0,0,5,14
2024430391903,2024,430391903,462079,189515,-1.10508,51.60106,2,2,5,15:11,-1,E07000179,3,0,1,0,2,19,"[5, 1]","[1, 5]",0,"[0, 7]",0,1,0,0,1,0,0,8,15
2024430392203,2024,430392203,483165,241610,-0.7882,52.06663,3,3,5,17:41,-1,E06000042,6,0,1,0,1,"[5, 3]","[3, 1]",7,0,0,0,1,0,0,0,0,0,8,15
2024430392402,2024,430392402,484940,213102,-0.76934,51.81011,3,3,5,13:18,-1,E06000060,3,0,8,0,2,"[3, 19]",4,8,0,0,0,1,0,0,0,0,0,8,15
2024430393463,2024,430393463,460382,187985,-1.12985,51.58749,3,3,6,12:25,-1,E07000179,3,0,1,0,2,"[5, 19]","[5, 3]","[1, 7]",0,0,0,1,1,0,0,0,0,8,16
2024430393568,2024,430393568,438017,197546,-1.4516,51.6754,2,2,6,13:20,-1,E07000180,3,0,1,0,2,"[6, 13]",2,6,0,0,0,1,0,1,0,0,0,8,16
2024430393598,2024,430393598,498099,179883,-0.58784,51.50937,3,3,6,13:10,-1,E06000039,3,0,1,0,1,"[19, 15]","[4, 2]","[8, 6]",0,0,0,1,0,0,1,0,0,8,16
2024430393855,2024,430393855,454061,203613,-1.21866,51.72864,3,3,6,15:38,-1,E07000178,6,0,1,0,1,1,7,3,0,0,0,1,0,0,0,0,1,8,16
2024430393938,2024,430393938,464872,164481,-1.06936,51.37569,2,2,3,09:15,-1,E06000037,6,0,1,0,2,19,"[4, 6]","[8, 2]",0,0,0,1,0,1,0,0,0,8,13
2024430393957,2024,430393957,496739,181984,-0.60686,51.52849,3,3,6,16:20,-1,E06000039,6,0,1,0,1,"[2, 19]","[0, 2]","[0, 6]",0,0,0,1,0,0,1,0,0,8,16