collision_index,collision_year,collision_ref_no,location_easting_osgr,location_northing_osgr,longitude,latitude,casualty_severity,casualty_severity,day_of_week,time,local_authority_district,local_authority_ons_district,first_road_class,light_conditions,weather_conditions,road_surface_conditions,urban_or_rural_area,vehicle_manoeuvre,vehicle_direction_from,vehicle_direction_to,hit_object_in_carriageway,vehicle_leaving_carriageway,hit_object_off_carriageway,is_car,is_cyle,is_mcyle,is_goodsv,is_other,is_pedestrian,month,day
2024430393974,2024,430393974,480926,178247,-0.83561,51.49738,2,2,6,16:29,-1,E06000041,3,0,1,0,2,"[9, 19]","[2, 6]","[8, 2]",0,0,0,1,1,0,0,0,0,8,16
2024430394043,2024,430394043,448356,196930,-1.30218,51.66907,3,3,6,16:40,-1,E07000180,3,0,1,0,1,"[13, 4]","[3, 7]","[7, 3]",0,0,0,1,0,0,0,0,0,8,16
2024430394285,2024,430394285,454783,221369,-1.20541,51.88819,3,3,5,09:00,-1,E07000177,1,0,1,0,2,"[4, 19]",1,5,0,0,0,1,0,0,0,0,0,8,15
2024430394928,2024,430394928,471881,172889,-0.96697,51.45043,3,3,7,03:36,-1,E06000038,3,2,1,0,1,19,"[8, 2]","[4, 6]",0,0,0,1,0,0,0,0,0,8,17
2024430395207,2024,430395207,484474,168596,-0.78681,51.4101,3,3,6,16:54,-1,E06000036,3,0,1,0,2,"[3, 19]",2,6,0,0,0,1,0,0,0,0,0,8,16
2024430395310,2024,430395310,481347,237481,-0.8157,52.02978,3,3,7,16:58,-1,E06000042,6,0,1,0,2,1,7,3,0,-1,0,1,0,0,0,0,1,8,17
2024430395330,2024,430395330,456533,207442,-1.18225,51.76282,3,3,7,13:35,-1,E07000178,3,0,1,0,1,"[19, 4]",7,3,0,0,0,1,0,0,0,0,0,8,17
2024430395464,2024,430395464,474225,169950,-0.93386,51.42371,3,3,7,15:15,-1,E06000041,6,0,1,0,1,19,"[7, 5]","[3, 1]",0,0,0,1,0,1,0,0,0,8,17
2024430395521,2024,430395521,496212,179297,-0.61518,51.50443,3,3,7,15:30,-1,E06000039,3,0,1,0,1,19,2,6,0,0,0,1,0,0,0,0,0,8,17
2024430396389,2024,430396389,484028,235566,-0.7771,52.01217,3,3,7,21:25,-1,E06000042,5,2,1,0,1,"[19, 3]",2,6,0,0,0,1,0,0,0,0,0,8,17
2024430396414,2024,430396414,488913,191888,-0.71714,51.6188,3,3,1,16:55,-1,E06000060,3,0,1,0,1,"[11, 19]",8,4,0,0,0,1,0,0,0,0,0,8,18
2024430396465,2024,430396465,447169,192112,-1.31999,51.62586,2,2,1,05:24,-1,E07000180,4,2,1,0,2,19,5,1,0,1,4,0,0,1,0,0,0,8,18
2024430396475,2024,430396475,452906,223850,-1.2323,51.91068,2,2,1,06:03,-1,E07000177,4,0,1,0,2,19,4,8,0,1,4,1,0,0,0,0,0,8,18
2024430396655,2024,430396655,460091,205737,-1.131,51.74712,2,2,1,11:39,-1,E07000179,6,0,1,0,1,"[19, 9]","[4, 6]","[8, 4]",0,0,0,1,0,1,0,0,0,8,18
2024430396784,2024,430396784,438431,205832,-1.44471,51.74987,2,2,1,13:46,-1,E07000181,4,0,1,0,2,19,-1,-1,10,7,4,1,0,0,0,0,0,8,18
2024430396830,2024,430396830,447830,244851,-1.30316,52.09994,2,"[2, 3]",1,14:41,-1,E07000177,3,0,1,0,2,19,2,6,0,1,4,1,0,0,0,0,0,8,18
2024430396890,2024,430396890,455030,205867,-1.20428,51.74881,3,3,3,09:42,-1,E07000178,4,0,2,1,1,"[7, 19]","[6, 4]",8,0,0,0,1,1,0,0,0,0,7,23
2024430396927,2024,430396927,457000,202181,-1.17635,51.71547,2,2,1,16:00,-1,E07000179,4,0,1,0,2,"[19, 9]","[8, 2]","[4, 8]",0,0,0,1,0,1,0,0,0,8,18
2024430397787,2024,430397787,452252,189654,-1.24693,51.60331,3,3,2,07:27,-1,E07000179,6,0,1,0,1,19,5,1,0,0,0,1,0,0,0,0,1,8,19
2024430398721,2024,430398721,485413,162093,-0.77487,51.3515,3,3,2,16:47,-1,E06000036,6,0,1,0,1,"[19, 8]","[4, 6]","[8, 2]",0,"[0, 3]","[0, 11]",1,0,0,0,0,0,8,19
2024430399022,2024,430399022,457605,191283,-1.16938,51.61743,2,2,2,19:40,-1,E07000179,3,0,1,0,2,13,7,3,0,0,0,0,0,1,0,0,0,8,19
2024430399266,2024,430399266,485873,193240,-0.7607,51.63143,2,"[2, 3]",2,22:37,-1,E06000060,6,2,1,0,1,19,4,8,0,0,0,0,0,1,0,0,1,8,19
2024430399598,2024,430399598,470973,174874,-0.97964,51.46839,3,3,3,07:39,-1,E06000038,3,0,1,0,1,19,4,8,0,0,0,0,0,0,1,0,1,8,20
2024430400320,2024,430400320,498040,179218,-0.58888,51.5034,3,3,3,14:57,-1,E06000039,3,0,1,0,1,19,"[1, 8]","[5, 4]",0,0,0,1,1,0,0,0,0,8,20
2024430401380,2024,430401380,497145,181057,-0.60126,51.52009,3,3,2,17:05,-1,E06000039,6,0,1,0,1,19,8,4,0,0,0,1,1,0,0,0,0,8,12
2024430401402,2024,430401402,498314,175571,-0.58594,51.47057,3,3,4,07:52,-1,E06000040,4,0,1,0,2,19,"[2, 6]","[6, 2]",0,"[7, 0]",0,1,0,0,0,0,0,8,21
2024430402236,2024,430402236,490153,238559,-0.68709,52.03811,3,3,4,14:15,-1,E06000042,6,0,8,0,1,"[19, -1]","[9, -1]","[9, -1]","[0, -1]","[0, -1]","[0, -1]",1,0,1,0,0,0,8,21
2024430402404,2024,430402404,459918,215654,-1.13179,51.83629,3,3,4,17:05,-1,E06000060,1,0,1,0,2,"[11, 19]",4,8,0,1,"[4, 7]",1,0,0,0,0,0,8,21
2024430402573,2024,430402573,436068,186982,-1.48087,51.58055,2,"[3, 2]",4,18:54,-1,E07000180,4,0,1,0,2,"[19, 5]","[7, 3]","[3, 7]","[10, 0]",0,"[10, 0]",1,0,0,0,0,0,8,21
2024430402627,2024,430402627,490054,238392,-0.68858,52.03663,3,3,4,19:19,-1,E06000042,6,0,1,0,1,"[7, 19]","[5, 3]",7,0,0,0,1,0,0,0,0,0,8,21
2024430402717,2024,430402717,495436,180209,-0.62611,51.51276,2,2,4,20:38,-1,E06000039,6,2,1,0,1,19,4,8,0,0,0,1,0,0,0,0,1,8,21
2024430403228,2024,430403228,444763,189120,-1.35513,51.59915,2,2,5,07:26,-1,E07000180,3,0,1,0,2,"[3, 19]",6,2,0,0,0,1,0,1,0,0,0,8,22
2024430403744,2024,430403744,497266,175300,-0.6011,51.46832,3,3,5,13:15,-1,E06000040,3,0,1,0,2,19,"[8, 4]","[4, 8]",0,0,0,1,0,0,0,0,0,8,22
2024430403997,2024,430403997,496898,182005,-0.60456,51.52865,3,3,1,15:25,-1,E06000039,6,0,1,0,1,19,2,6,0,0,0,1,0,0,0,0,1,8,18
2024430404086,2024,430404086,487338,240324,-0.72767,52.05443,3,3,5,12:01,-1,E06000042,3,0,1,0,2,4,3,7,0,0,0,1,0,1,0,0,1,8,22
2024430404557,2024,430404557,471788,170648,-0.96876,51.4303,3,3,2,16:43,-1,E06000038,4,0,1,0,1,"[19, 9]","[5, 1]","[1, 7]",0,0,0,1,0,1,0,0,0,8,12
2024430404597,2024,430404597,474134,199534,-0.92894,51.68968,2,2,5,21:17,-1,E07000179,4,2,1,0,2,19,"[2, 6]","[6, 2]",0,1,0,1,0,0,0,0,0,8,22
2024430405134,2024,430405134,472135,173628,-0.96317,51.45704,3,3,6,08:38,-1,E06000038,3,0,1,0,1,"[9, 19]","[5, 8]","[2, 4]",0,0,0,1,1,0,0,0,0,8,23
2024430405320,2024,430405320,449732,206485,-1.28092,51.75486,3,3,6,09:21,-1,E07000178,6,0,1,0,2,"[13, 9]",4,8,0,0,0,1,1,0,0,0,0,8,23
2024430405440,2024,430405440,471795,173212,-0.96814,51.45335,3,3,6,12:10,-1,E06000038,3,0,1,0,1,19,2,6,0,0,0,0,0,1,0,0,1,8,23
2024430405754,2024,430405754,482736,246755,-0.79321,52.11294,3,3,6,14:49,-1,E06000042,1,0,1,0,2,"[19, 12]","[2, 8]","[6, 4]",0,0,"[6, 0]",1,0,0,1,0,0,9,20
2024430405911,2024,430405911,449858,210177,-1.27857,51.78804,3,3,4,17:40,-1,E07000178,3,0,1,0,1,"[3, 19]",3,7,0,0,0,1,0,0,0,0,0,8,21
2024430405952,2024,430405952,486801,238260,-0.73602,52.03596,3,3,6,16:40,-1,E06000042,6,0,1,0,2,10,1,7,0,0,0,1,0,1,0,0,0,8,23
2024430406454,2024,430406454,466792,173592,-1.04006,51.45738,3,3,6,22:23,-1,E06000038,6,2,1,0,1,19,6,2,0,0,0,1,0,0,0,0,1,8,23
2024430406783,2024,430406783,487677,181038,-0.73769,51.52146,3,3,5,18:25,-1,E06000040,3,0,1,0,1,"[7, 15]",8,"[2, 4]",0,0,0,1,1,0,0,0,0,8,22
2024430406907,2024,430406907,467490,172656,-1.03019,51.44888,3,3,7,06:50,-1,E06000038,6,0,2,1,1,19,"[5, 1]","[1, 5]",0,0,0,1,0,0,0,0,0,8,24
2024430407204,2024,430407204,458809,221440,-1.1469,51.88842,2,2,7,13:25,-1,E07000177,3,0,2,1,2,"[4, 19]","[4, 8]","[8, 4]",0,"[0, 1]",0,1,0,0,1,0,0,8,24
2024430407207,2024,430407207,485202,239051,-0.75913,52.04332,3,3,7,13:28,-1,E06000042,6,0,2,1,1,19,5,1,0,0,0,1,0,0,0,0,1,8,24
2024430407340,2024,430407340,436628,173440,-1.4742,51.45876,3,3,7,12:00,-1,E06000037,3,0,2,1,2,"[10, 19, 4]",6,"[4, 2]",0,0,0,1,0,0,0,0,0,8,24
2024430407372,2024,430407372,504263,179469,-0.49918,51.50455,3,3,6,18:35,-1,E06000060,1,0,1,0,2,"[3, 19]",4,8,0,0,0,1,0,0,0,0,0,8,23
2024430407398,2024,430407398,489955,237245,-0.69032,52.02634,3,3,7,15:40,-1,E06000042,6,0,1,1,1,19,-1,-1,0,"[6, 0]","[9, 0]",1,0,0,0,0,0,8,24
2024430407415,2024,430407415,493518,180015,-0.6538,51.51133,3,3,7,14:10,-1,E06000039,1,0,2,1,2,19,8,4,0,0,0,1,0,0,1,0,0,8,24
2024430408040,2024,430408040,458849,186016,-1.1523,51.56995,3,3,7,23:45,-1,E07000179,6,2,1,0,2,"[19, 2]","[7, 0]","[3, 0]","[4, 0]",0,0,1,0,0,0,0,0,8,24
2024430408221,2024,430408221,492813,196393,-0.65963,51.65867,3,3,7,16:37,-1,E06000060,3,0,2,1,2,"[10, 19]","[6, 4]","[4, 8]",0,0,0,1,0,0,0,0,0,8,24
2024430408442,2024,430408442,439758,228682,-1.42286,51.95521,2,2,1,10:36,-1,E07000181,6,0,1,0,2,"[9, 19]","[1, 7]","[7, 3]",0,0,0,1,1,0,0,0,0,8,25
2024430408492,2024,430408492,486959,241258,-0.73296,52.06288,3,3,1,11:37,-1,E06000042,6,0,1,0,1,"[19, 5]","[1, -1]","[3, -1]",0,0,0,1,0,1,0,0,0,8,25
2024430409737,2024,430409737,475082,229158,-0.90882,51.95585,1,1,2,11:15,-1,E06000060,3,0,1,0,2,19,4,7,0,7,4,0,0,1,0,0,0,8,26
2024430409965,2024,430409965,479433,171034,-0.85873,51.43275,2,2,2,15:05,-1,E06000041,2,0,1,0,2,19,8,4,0,1,10,1,0,0,0,0,0,8,26
2024430410704,2024,430410704,455156,207346,-1.20222,51.76209,3,3,5,07:20,-1,E07000178,3,0,1,0,1,"[7, 19]","[5, 7]","[7, 3]",0,0,0,1,1,0,0,0,0,3,7
2024430410835,2024,430410835,428348,218558,-1.58972,51.86489,3,3,3,07:55,-1,E07000181,3,0,1,0,2,19,5,1,0,0,0,1,0,0,0,0,1,8,27
2024430410950,2024,430410950,452621,207991,-1.23885,51.76813,3,3,1,14:55,-1,E07000178,6,0,1,0,1,"[5, 19]","[4, 2]","[8, 6]",0,0,0,1,0,0,0,0,0,8,25
2024430411873,2024,430411873,484584,192474,-0.77951,51.62474,3,3,3,17:45,-1,E06000060,6,0,1,0,1,"[19, 9]","[6, 8]","[2, 6]",0,0,0,1,1,0,0,0,0,8,27
2024430411986,2024,430411986,448256,167416,-1.30766,51.40373,3,3,3,19:05,-1,E06000037,3,0,1,0,1,"[9, 19]","[6, 4]","[4, 8]",0,0,0,1,0,1,0,0,0,8,27
2024430411999,2024,430411999,503092,175685,-0.51714,51.47075,3,3,3,18:30,-1,E06000039,6,0,1,0,2,"[19, 4]",4,8,0,0,0,1,0,0,1,0,0,8,27
2024430412094,2024,430412094,474418,172015,-0.93065,51.44225,3,3,3,15:30,-1,E06000041,3,0,1,0,1,"[19, 9]","[2, 6]","[6, 4]",0,0,0,1,0,0,0,0,0,8,27
2024430412111,2024,430412111,485968,234335,-0.74915,52.00081,3,3,3,01:25,-1,E06000042,6,0,1,0,1,"[-1, 19]","[-1, 1]","[-1, 5]","[-1, 0]","[-1, 0]","[-1, 0]",0,0,0,0,0,1,8,27
2024430412550,2024,430412550,471725,173722,-0.96905,51.45794,3,3,3,18:25,-1,E06000038,3,0,1,0,1,"[19, 4]",7,3,0,0,0,1,0,1,0,0,0,8,27
2024430412709,2024,430412709,474708,184330,-0.92388,51.55292,2,2,4,07:48,-1,E07000179,3,0,1,0,2,13,8,4,0,0,1,1,0,0,0,0,0,8,28
2024430413251,2024,430413251,469651,234078,-0.98684,52.00078,3,3,4,13:33,-1,E06000060,6,0,1,0,1,1,2,6,0,0,0,1,0,0,0,0,1,8,21
2024430413284,2024,430413284,470488,206937,-0.98018,51.7567,3,3,4,13:48,-1,E07000179,4,0,1,0,2,"[19, 9]","[8, 2]","[4, 8]",0,0,0,1,0,0,0,0,0,8,28
2024430413906,2024,430413906,470745,173004,-0.98329,51.45161,3,3,4,12:55,-1,E06000038,6,0,1,0,1,"[7, 19]","[1, 8]",4,0,0,0,1,0,1,0,0,0,8,28
2024430413995,2024,430413995,495752,202459,-0.61549,51.7127,3,3,4,21:00,-1,E06000060,6,2,1,0,1,9,2,8,0,0,0,1,0,0,0,0,1,8,28
2024430414370,2024,430414370,440698,198657,-1.41271,51.6852,3,3,4,10:45,-1,E07000180,3,0,9,0,2,"[9, 19]","[5, 7]",3,0,0,0,1,0,0,1,0,0,8,28
2024430414387,2024,430414387,488906,251295,-0.70195,52.15279,3,3,4,11:10,-1,E06000042,3,0,1,0,2,"[13, 19]",1,5,0,0,0,1,1,0,0,0,0,8,28
2024430414988,2024,430414988,479705,169536,-0.85515,51.41924,2,"[2, 3]",5,12:25,-1,E06000041,3,0,1,0,1,19,"[4, 6]","[6, 2]",0,0,0,1,0,1,0,0,0,8,29
2024430414992,2024,430414992,445556,242646,-1.33665,52.08031,3,3,5,11:30,-1,E07000177,3,0,1,0,1,"[19, 10]","[5, 1, 7]","[1, 5]","[7, 0]","[1, 0]","[11, 0]",1,0,0,0,0,0,8,29
2024430415027,2024,430415027,485562,185811,-0.76701,51.56469,2,2,4,12:40,-1,E06000040,6,0,1,0,1,19,8,4,0,0,0,1,0,0,0,0,1,8,28
2024430415125,2024,430415125,459917,223586,-1.13043,51.9076,3,3,5,13:34,-1,E07000177,3,0,1,0,2,"[9, 19]","[2, 8]","[8, 4]",0,0,0,1,0,0,0,0,0,8,29
2024430415852,2024,430415852,447629,165260,-1.31696,51.3844,2,2,6,19:30,-1,E06000037,6,0,1,0,1,"[19, 9]",7,"[3, 5]",0,0,0,1,0,1,0,0,0,6,28
2024430415880,2024,430415880,496370,180537,-0.61257,51.51555,3,3,5,20:40,-1,E06000039,3,0,1,0,1,"[7, 19]","[8, 2]","[2, 6]",0,0,0,1,1,0,0,0,0,8,29
2024430415951,2024,430415951,455022,205909,-1.20439,51.74918,3,3,5,21:19,-1,E07000178,4,2,1,0,1,"[9, 19]","[5, 1]","[3, 5]",0,0,0,1,1,0,0,0,0,8,29
2024430416443,2024,430416443,486272,233713,-0.74487,51.99517,3,3,6,08:30,-1,E06000042,6,0,1,0,1,"[9, 19]","[3, 2]","[5, 2]",0,0,0,1,0,0,0,0,0,8,30
2024430417191,2024,430417191,448830,235920,-1.28983,52.01956,3,3,6,15:25,-1,E07000177,1,0,1,0,2,19,4,8,0,0,0,1,0,0,1,0,0,8,30
2024430417520,2024,430417520,480171,213438,-0.83842,51.81383,2,2,7,12:30,-1,E06000060,5,0,2,1,1,9,4,2,0,0,0,0,1,0,0,0,0,8,24
2024430417630,2024,430417630,486181,235084,-0.74586,52.00751,3,3,6,20:47,-1,E06000042,6,2,1,0,1,"[12, 19]",7,3,0,0,0,1,0,0,0,0,0,8,30
2024430417671,2024,430417671,472735,172038,-0.95486,51.44267,2,2,6,21:14,-1,E06000038,3,2,1,0,1,"[9, 19]","[8, 4]","[6, 8]",0,0,0,1,0,1,0,0,0,8,30
2024430417685,2024,430417685,485693,238837,-0.75202,52.04132,3,3,6,21:24,-1,E06000042,6,2,1,0,1,"[5, 3]",5,1,10,"[5, 0]","[1, 0]",1,0,0,0,0,0,8,30
2024430417699,2024,430417699,451278,206425,-1.25854,51.75418,3,3,2,21:30,-1,E07000178,6,2,1,0,1,"[9, 19]","[1, 7]","[7, 3]",0,0,0,1,1,0,0,0,0,9,30
2024430417819,2024,430417819,455284,203713,-1.20094,51.72942,2,2,6,23:00,-1,E07000178,4,2,1,0,1,"[19, 9]","[4, 8]","[8, 6]",0,0,0,1,1,0,0,0,0,8,30
2024430418120,2024,430418120,468951,173934,-1.00893,51.46019,3,3,6,16:20,-1,E06000038,3,0,1,0,1,19,8,4,0,0,0,1,0,1,0,0,0,8,30
2024430418121,2024,430418121,465743,171733,-1.0555,51.44078,3,3,6,18:30,-1,E06000037,3,0,1,0,1,"[19, 9]",7,"[3, 5]",0,0,0,1,0,0,0,0,0,8,30
2024430418334,2024,430418334,451746,203486,-1.2522,51.72771,3,3,7,07:49,-1,E07000180,3,0,1,0,2,19,5,7,0,0,0,0,0,1,0,0,0,8,31
2024430418343,2024,430418343,431602,224909,-1.54189,51.92181,2,"[3, 2]",7,09:37,-1,E07000181,3,0,1,0,2,"[19, 7]","[7, 1, 3]","[3, 5, 7]",0,"[0, 1]",0,1,0,0,0,0,0,8,31
2024430418849,2024,430418849,487962,231539,-0.72082,51.97537,3,3,7,17:46,-1,E06000060,3,0,1,0,2,"[19, 15]",2,6,0,0,0,1,0,1,0,0,0,8,31
2024430418938,2024,430418938,471202,173890,-0.97654,51.45952,3,3,7,03:48,-1,E06000038,3,2,1,0,1,"[4, 19]",6,2,0,0,0,1,0,0,0,0,0,8,31
2024430418972,2024,430418972,473109,173189,-0.94924,51.45297,3,3,7,19:39,-1,E06000038,3,2,1,0,1,19,2,6,0,0,0,1,0,0,0,0,1,8,31
2024430419014,2024,430419014,497782,179677,-0.59246,51.50757,3,3,7,20:09,-1,E06000039,6,2,1,0,1,"[13, 9]",8,"[4, 5]",0,0,0,1,0,1,0,0,0,8,31
2024430419487,2024,430419487,486039,235471,-0.74783,52.01101,3,3,7,13:00,-1,E06000042,6,0,1,0,1,"[3, -1]","[0, 4]","[-1, 8]",0,0,0,1,0,0,0,1,0,8,31
2024430419693,2024,430419693,494876,166395,-0.63788,51.38868,3,3,1,10:46,-1,E06000040,3,0,1,0,1,13,2,6,0,0,0,1,1,0,0,0,0,9,1
2024430419857,2024,430419857,486517,169743,-0.75716,51.42011,2,2,1,12:31,-1,E06000036,4,0,1,0,1,"[2, 19]","[0, 4]","[0, 8]",0,"[0, 1]","[0, 2]",1,0,0,0,0,0,9,1
2024430419917,2024,430419917,451380,206078,-1.25711,51.75105,3,3,1,12:14,-1,E07000178,3,0,1,0,1,19,1,5,0,0,0,0,1,0,0,0,0,9,1
2024430420176,2024,430420176,477083,179648,-0.89065,51.51051,2,"[2, 3]",1,17:22,-1,E07000179,3,0,1,0,2,19,"[6, 2]","[2, 6]",0,0,0,1,0,0,0,0,0,9,1
2024430420821,2024,430420821,478907,240302,-0.8506,52.05549,3,3,1,00:01,-1,E06000042,6,0,1,0,1,19,-1,-1,-1,-1,-1,1,1,0,0,0,0,9,1
2024430420946,2024,430420946,481657,212873,-0.81701,51.80854,3,3,2,07:15,-1,E06000060,6,0,1,0,1,19,"[6, 4]","[2, 8]",0,0,0,1,0,0,0,1,0,9,2
2024430421056,2024,430421056,474447,172943,-0.93004,51.45059,3,3,2,08:31,-1,E06000041,6,0,1,0,1,19,"[8, 6]","[4, 2]",0,"[7, 0]","[3, 0]",1,0,0,0,0,0,9,2
2024430421919,2024,430421919,472720,173238,-0.95483,51.45346,3,3,2,13:45,-1,E06000038,3,0,1,1,1,19,7,3,0,0,0,1,0,0,0,0,1,9,2
2024430422272,2024,430422272,470839,181542,-0.98023,51.52836,3,3,2,16:51,-1,E07000179,4,0,1,0,2,19,"[7, 1]","[1, 7]",0,0,0,1,0,0,0,0,0,9,2
2024430422310,2024,430422310,483494,214214,-0.79004,51.82032,3,3,7,15:35,-1,E06000060,3,0,1,0,2,19,8,4,0,0,0,1,0,0,1,0,0,8,31
2024430422343,2024,430422343,431323,203030,-1.54792,51.72512,3,3,2,16:15,-1,E07000181,3,0,1,0,2,19,6,2,0,7,0,1,0,0,0,0,1,9,2
2024430422779,2024,430422779,500054,193985,-0.55567,51.63578,3,3,2,18:02,-1,E06000060,6,0,1,0,2,19,"[7, 1]",4,0,0,0,1,0,0,0,0,0,9,2
2024430422803,2024,430422803,487527,234540,-0.72639,52.00241,3,3,3,04:44,-1,E06000042,6,2,2,1,1,19,"[7, 5]","[3, 1]",0,0,-1,1,1,0,0,0,1,9,3
2024430422935,2024,430422935,476932,168989,-0.89514,51.41471,3,3,3,08:24,-1,E06000041,4,0,1,1,2,"[13, 19]","[6, 2]","[2, 6]",0,0,0,1,0,0,0,0,0,9,3
2024430423725,2024,430423725,465568,205353,-1.05175,51.74305,3,3,3,15:04,-1,E07000179,3,0,1,0,2,"[19, 10]","[7, 1]","[3, 7]",0,0,0,1,0,0,1,0,0,9,3
2024430423799,2024,430423799,498778,178915,-0.57833,51.50055,3,3,5,18:00,-1,E06000039,6,0,1,0,1,"[19, 2]","[7, 0]","[3, 0]",0,0,0,1,0,0,0,0,0,7,11
2024430424009,2024,430424009,492585,181706,-0.66679,51.52669,3,3,3,17:20,-1,E06000060,6,0,1,0,1,19,"[5, 7]","[1, 3]",0,0,0,1,1,0,0,0,0,9,3
2024430424074,2024,430424074,494237,180971,-0.64318,51.51981,2,2,3,18:03,-1,E06000039,3,0,1,0,1,"[19, 9]","[6, 4]",2,0,0,0,1,1,0,0,0,0,9,3
2024430424657,2024,430424657,455355,219076,-1.19746,51.86752,3,3,3,06:50,-1,E07000177,1,0,2,1,2,"[15, 19]",4,1,0,0,0,1,0,0,1,0,0,9,3
2024430424660,2024,430424660,492193,183599,-0.67195,51.54377,3,3,3,08:30,-1,E06000060,6,0,1,1,2,19,1,5,0,0,0,0,0,1,0,0,0,9,3
2024430425590,2024,430425590,496167,181383,-0.61526,51.52319,3,3,4,14:45,-1,E06000039,3,0,1,0,1,"[14, 6]","[5, 1]",1,0,0,0,1,0,1,0,0,0,9,4
2024430425844,2024,430425844,503090,182211,-0.51527,51.52941,2,2,4,16:19,-1,E06000060,6,0,1,0,2,"[9, 19]","[1, 4]","[7, 1]",0,0,0,1,0,0,0,0,0,9,4
2024430425901,2024,430425901,467988,167167,-1.02408,51.39947,3,3,4,19:07,-1,E06000037,6,0,1,0,2,19,"[2, 1]","[7, 5]",0,0,0,1,0,1,0,0,0,9,4
2024430425951,2024,430425951,498694,180854,-0.579,51.518,3,3,4,17:46,-1,E06000039,6,0,1,0,1,7,6,8,0,0,0,1,0,0,0,0,1,9,4
2024430426030,2024,430426030,454096,202124,-1.21838,51.71525,3,3,4,18:41,-1,E07000178,6,0,1,0,1,"[19, 3]",6,1,0,0,0,0,0,1,1,0,0,9,4
2024430426156,2024,430426156,488070,179712,-0.73236,51.50948,3,3,3,15:30,-1,E06000040,6,0,1,0,1,"[9, 19]","[4, 8]","[2, 4]",0,0,0,1,1,0,0,0,0,9,3
2024430426159,2024,430426159,458436,162704,-1.1621,51.36041,3,3,4,20:13,-1,E06000037,3,0,1,0,2,"[3, 19]",3,7,0,0,0,1,0,0,0,0,0,9,4
2024430426176,2024,430426176,450680,206150,-1.26724,51.75176,3,3,3,13:30,-1,E07000178,3,0,1,0,1,"[9, 13]",5,"[3, 1]",0,0,0,1,0,1,0,0,0,9,3
2024430426499,2024,430426499,488234,235020,-0.71597,52.00661,3,3,5,02:00,-1,E06000042,3,2,1,1,2,19,5,1,-1,-1,7,0,0,1,0,0,0,9,5
2024430426549,2024,430426549,495205,181642,-0.62905,51.52568,3,3,1,17:42,-1,E06000039,6,0,1,0,1,19,8,4,0,0,0,1,0,0,0,0,1,8,4
2024430426553,2024,430426553,446068,165020,-1.33942,51.38237,3,3,1,14:50,-1,E06000037,6,0,1,0,1,19,"[4, 2]","[8, 6]",0,0,0,1,1,0,0,0,0,9,1
2024430426577,2024,430426577,471739,168951,-0.96981,51.41505,3,3,5,04:00,-1,E06000038,6,2,2,1,1,"[13, 9]",2,"[6, 8]",0,0,0,1,0,0,0,0,0,9,5
2024430426689,2024,430426689,485866,191545,-0.76122,51.61619,3,3,5,08:14,-1,E06000060,6,0,2,1,1,"[2, 1]","[0, 2]","[0, 6]",0,0,0,1,0,0,0,0,1,9,5
2024430427139,2024,430427139,484399,165218,-0.78869,51.37975,3,3,5,12:35,-1,E06000036,6,0,1,1,1,19,"[6, 8]","[2, 4]",0,0,0,1,0,0,0,0,0,9,5
2024430427535,2024,430427535,452549,164365,-1.2464,51.37592,2,2,5,15:20,-1,E06000037,6,0,2,1,2,"[4, 19]",5,1,0,0,0,1,0,1,0,0,0,9,5
2024430427889,2024,430427889,480084,174106,-0.84867,51.46027,3,3,5,18:03,-1,E06000041,6,0,2,1,2,19,2,6,0,0,0,0,0,1,0,0,0,9,5
2024430427915,2024,430427915,458147,222895,-1.15628,51.90157,2,2,5,18:15,-1,E07000177,6,0,1,0,1,19,4,8,0,0,0,1,0,0,0,0,1,9,5
2024430427929,2024,430427929,428017,207050,-1.59546,51.76144,3,3,5,19:27,-1,E07000181,6,2,2,1,1,"[13, 4]","[1, 5]","[5, 1]",0,0,0,1,0,1,0,0,0,9,5
2024430428015,2024,430428015,503480,177264,-0.5111,51.48487,3,3,5,07:52,-1,E06000039,3,0,1,0,2,9,6,4,0,0,0,1,0,0,0,0,1,9,5
2024430428159,2024,430428159,485771,237490,-0.75123,52.0292,3,3,5,21:26,-1,E06000042,5,2,1,0,1,"[19, 9]","[7, 3]","[3, 1]",0,0,0,1,0,0,0,0,0,9,5
2024430428196,2024,430428196,480785,213341,-0.82954,51.81287,2,2,5,21:37,-1,E06000060,6,2,9,0,1,19,4,8,0,0,0,1,0,0,0,0,0,9,5
2024430428227,2024,430428227,497942,180865,-0.58983,51.51822,3,3,5,22:15,-1,E06000039,4,2,1,0,1,19,"[5, 3]","[1, 7]",0,0,0,1,1,0,0,0,0,9,5
2024430428331,2024,430428331,429524,191875,-1.5749,51.62492,3,3,6,00:05,-1,E07000180,4,2,1,1,2,19,3,7,0,1,4,1,0,0,0,0,0,9,6
2024430428596,2024,430428596,454998,204996,-1.20488,51.74098,3,3,6,08:02,-1,E07000178,4,0,2,1,1,19,6,2,0,0,0,1,0,0,0,0,0,9,6
2024430428744,2024,430428744,479252,169172,-0.86175,51.41604,3,3,5,15:25,-1,E06000041,6,0,2,1,1,1,6,2,0,0,0,1,0,0,0,0,1,9,5
2024430428780,2024,430428780,496397,179837,-0.61237,51.50925,3,3,6,10:03,-1,E06000039,3,0,2,1,1,19,"[3, 1]","[7, 5]",0,0,0,1,1,0,0,0,0,9,6
2024430429158,2024,430429158,484964,238322,-0.76278,52.0368,2,2,6,12:00,-1,E06000042,6,0,1,0,1,19,-1,-1,0,0,0,0,0,0,0,0,1,9,6