collision_index,collision_year,collision_ref_no,location_easting_osgr,location_northing_osgr,longitude,latitude,casualty_severity,casualty_severity,day_of_week,time,local_authority_district,local_authority_ons_district,first_road_class,light_conditions,weather_conditions,road_surface_conditions,urban_or_rural_area,vehicle_manoeuvre,vehicle_direction_from,vehicle_direction_to,hit_object_in_carriageway,vehicle_leaving_carriageway,hit_object_off_carriageway,is_car,is_cyle,is_mcyle,is_goodsv,is_other,is_pedestrian,month,day
2024430429380,2024,430429380,444192,197083,-1.36237,51.67079,3,3,6,15:18,-1,E07000180,3,0,1,0,2,"[9, 19]","[7, 5]","[5, 1]",0,0,0,1,0,0,0,0,0,9,6
2024430429836,2024,430429836,457938,222391,-1.1594,51.89706,2,2,6,20:02,-1,E07000177,6,2,1,0,1,19,"[8, 2]","[4, 6]",0,0,0,1,1,0,0,0,0,9,6
2024430429877,2024,430429877,492586,181711,-0.66678,51.52673,2,2,6,20:34,-1,E06000060,6,2,2,1,1,"[9, 19]","[3, 5]",1,0,0,0,1,1,0,0,0,0,9,6
2024430430024,2024,430430024,438283,225051,-1.44473,51.92267,2,2,6,22:13,-1,E07000181,4,2,1,0,2,19,1,5,0,3,4,1,0,0,0,0,0,9,6
2024430430429,2024,430430429,496191,180981,-0.61503,51.51957,3,3,5,16:25,-1,E06000039,3,0,2,1,1,"[19, 4]",1,5,0,0,0,1,0,0,1,0,0,9,5
2024430430694,2024,430430694,434624,173697,-1.50301,51.46119,3,3,7,11:16,-1,E06000037,1,0,1,0,2,19,8,4,0,2,7,1,0,0,0,0,0,9,7
2024430430741,2024,430430741,440014,188268,-1.42378,51.59185,3,3,6,19:05,-1,E07000180,3,0,2,1,1,"[8, 4]",5,"[7, 1]",0,0,0,1,0,0,0,0,0,9,6
2024430430750,2024,430430750,501763,186195,-0.53324,51.56546,2,2,7,12:35,-1,E06000060,1,0,1,0,2,"[11, 4]",1,5,0,0,0,1,0,1,0,0,0,9,7
2024430430769,2024,430430769,429960,221290,-1.56608,51.88937,3,3,7,12:47,-1,E07000181,3,0,1,1,2,"[4, 19]",6,2,0,0,0,1,1,0,0,0,0,9,7
2024430430780,2024,430430780,435912,210356,-1.48073,51.79071,3,3,7,13:07,-1,E07000181,4,0,1,0,1,4,8,4,0,0,0,1,1,0,0,0,0,9,7
2024430430952,2024,430430952,431614,177540,-1.546,51.49592,3,3,7,08:30,-1,E06000037,4,0,7,1,2,"[19, 13]","[5, 2]","[2, 5]",0,0,0,1,0,1,0,0,0,9,7
2024430431161,2024,430431161,497753,179572,-0.59291,51.50664,2,2,7,16:30,-1,E06000039,6,0,1,0,1,"[19, 7]",8,"[4, 2]",0,0,0,1,1,0,0,0,0,9,7
2024430431493,2024,430431493,435033,221808,-1.49232,51.89373,3,3,7,22:44,-1,E07000181,4,2,1,1,2,7,7,1,0,0,0,0,0,1,0,0,0,9,7
2024430431798,2024,430431798,500366,190223,-0.55224,51.60191,3,3,1,02:30,-1,E06000060,3,2,2,1,2,19,1,5,9,3,4,1,0,0,0,0,0,9,8
2024430431879,2024,430431879,471751,173944,-0.96863,51.45993,3,3,1,01:53,-1,E06000038,3,2,2,1,1,19,6,2,0,0,0,1,0,0,0,0,1,9,8
2024430432068,2024,430432068,455724,207621,-1.19394,51.76451,3,3,1,11:00,-1,E07000178,6,0,1,1,1,19,"[1, 3]","[5, 1]",0,0,0,1,1,0,0,0,0,9,8
2024430432105,2024,430432105,481510,195811,-0.82313,51.65519,3,3,1,11:38,-1,E06000060,5,0,1,0,2,19,4,7,0,0,0,1,1,0,0,0,0,9,8
2024430432169,2024,430432169,501642,188063,-0.53445,51.58227,3,3,1,12:31,-1,E06000060,1,0,1,1,2,"[19, 4]",1,5,0,0,0,1,0,0,0,0,0,9,8
2024430432239,2024,430432239,443705,241738,-1.36377,52.07229,3,3,1,14:02,-1,E07000177,4,0,1,0,1,"[19, 13]",5,1,0,0,0,1,1,0,0,0,0,9,8
2024430432675,2024,430432675,495988,182491,-0.61754,51.53318,2,2,1,20:10,-1,E06000039,3,2,1,0,1,19,"[1, 5]","[5, 1]",0,0,0,1,0,1,1,0,0,9,8
2024430432783,2024,430432783,448765,244606,-1.28954,52.09765,3,3,1,21:14,-1,E07000177,6,2,2,1,2,19,7,3,0,3,0,1,0,0,0,0,0,9,8
2024430432968,2024,430432968,499343,182197,-0.56927,51.52995,3,3,2,00:18,-1,E06000039,6,2,1,1,1,19,"[2, 6]","[6, 2]",0,"[1, 0]","[4, 0]",1,0,0,0,0,0,9,9
2024430433103,2024,430433103,497855,179679,-0.59141,51.50758,3,3,1,16:53,-1,E06000039,6,0,1,0,1,"[5, 19]","[1, 5]","[5, 1]",0,0,0,1,0,0,0,0,0,9,8
2024430433105,2024,430433105,449791,164231,-1.28604,51.37496,3,3,2,05:43,-1,E06000037,6,2,1,0,2,"[9, 19]","[5, 1]","[3, 5]",0,0,0,1,1,0,0,0,0,9,9
2024430433418,2024,430433418,489566,236624,-0.69615,52.02082,3,3,2,10:37,-1,E06000042,6,0,1,0,1,"[5, 19]","[5, 3]","[1, 7]",0,0,0,1,0,0,0,0,0,9,9
2024430433645,2024,430433645,472258,176841,-0.96074,51.48591,3,3,2,12:44,-1,E06000038,4,0,1,0,1,19,1,6,10,1,2,1,0,0,0,0,0,9,9
2024430434384,2024,430434384,502738,177081,-0.52183,51.48336,3,3,6,16:11,-1,E06000039,6,0,1,0,1,19,8,4,0,0,0,1,0,0,0,0,1,9,6
2024430435257,2024,430435257,497759,180426,-0.59259,51.51431,3,3,3,08:20,-1,E06000039,4,0,1,0,1,"[9, 19]","[6, 4]","[4, 8]",0,0,0,1,1,0,0,0,0,9,10
2024430435385,2024,430435385,448577,206178,-1.2977,51.7522,2,2,2,08:28,-1,E07000180,4,0,1,0,1,"[7, 19]",6,"[8, 2]",0,0,0,1,1,0,0,0,0,9,9
2024430435816,2024,430435816,475537,166501,-0.91573,51.39253,3,3,3,16:16,-1,E06000041,3,0,2,1,2,"[19, 9]","[8, 2]","[4, 8]",0,0,0,1,0,0,0,0,0,9,10
2024430436109,2024,430436109,483159,168798,-0.80567,51.41211,3,3,6,11:48,-1,E06000041,3,0,1,0,2,"[19, 9]","[3, 7]","[7, 5]",0,0,0,1,0,0,0,0,0,9,6
2024430436124,2024,430436124,500501,179048,-0.55348,51.50144,3,3,3,16:25,-1,E06000039,6,0,1,1,1,19,4,8,0,0,0,1,0,0,0,0,1,9,10
2024430436133,2024,430436133,452431,205997,-1.2419,51.75022,2,2,5,15:30,-1,E07000178,3,0,1,0,1,"[3, 19]",3,"[4, 7]",0,0,0,0,1,0,1,0,0,9,5
2024430436150,2024,430436150,455578,207341,-1.1961,51.762,3,3,3,12:00,-1,E07000178,6,0,1,0,1,"[1, 19]",9,9,0,0,0,1,0,1,0,0,0,9,10
2024430437007,2024,430437007,479532,169655,-0.85761,51.42034,3,3,4,08:27,-1,E06000041,3,0,1,0,1,19,8,4,0,0,0,1,0,0,0,0,0,9,11
2024430437010,2024,430437010,488709,239695,-0.70784,52.04856,3,3,3,17:09,-1,E06000042,3,0,2,1,2,"[3, 19]",6,2,0,0,0,1,0,0,0,0,0,9,10
2024430437081,2024,430437081,449251,194020,-1.28965,51.64283,3,3,3,17:00,-1,E07000180,4,0,2,1,2,19,3,7,0,0,0,1,0,0,0,0,1,9,10
2024430437091,2024,430437091,487835,233081,-0.72228,51.98925,3,3,4,06:30,-1,E06000042,6,0,1,0,1,"[5, 19]","[7, 5]",1,0,0,0,1,1,0,0,0,0,9,11
2024430437295,2024,430437295,498169,175273,-0.58811,51.46792,3,3,4,11:57,-1,E06000040,4,0,1,0,1,19,"[8, 4]","[4, 8]",0,0,0,1,0,0,0,0,0,9,11
2024430437444,2024,430437444,477213,174258,-0.88996,51.46204,3,3,2,15:05,-1,E06000041,6,0,1,0,1,"[19, 3]","[0, 2]","[0, 6]",0,0,0,1,1,0,0,0,0,9,9
2024430437504,2024,430437504,490729,238028,-0.67884,52.03325,3,3,4,13:30,-1,E06000042,3,0,1,0,2,"[3, 19]",7,3,0,0,0,1,0,0,0,0,0,9,11
2024430437583,2024,430437583,486688,180953,-0.75196,51.52085,2,2,4,15:50,-1,E06000040,6,0,1,0,1,"[19, 2]",4,8,0,0,0,1,0,0,0,0,0,9,11
2024430437665,2024,430437665,446621,232047,-1.32255,51.98493,3,3,4,16:42,-1,E07000177,3,0,1,0,2,"[19, 3]",1,5,0,0,0,1,0,0,0,0,0,9,11
2024430437764,2024,430437764,473753,224080,-0.92924,51.91038,3,3,4,19:18,-1,E06000060,5,2,1,1,2,19,"[4, 2]","[2, 4]",0,"[7, 1]","[0, 9]",1,0,0,0,0,0,9,11
2024430437896,2024,430437896,485933,235150,-0.74945,52.00814,3,3,4,07:45,-1,E06000042,6,0,1,1,1,19,5,1,0,0,0,1,0,0,0,0,0,9,11
2024430438221,2024,430438221,485330,237112,-0.75775,52.02587,3,3,5,00:58,-1,E06000042,6,0,1,0,1,19,6,2,0,0,0,1,0,0,0,0,0,9,12
2024430438312,2024,430438312,447211,192446,-1.31934,51.62885,3,3,4,16:10,-1,E07000180,4,0,9,-1,2,"[14, 2]",1,5,0,0,0,1,0,0,1,0,1,9,11
2024430438446,2024,430438446,457755,223033,-1.16195,51.90285,3,3,5,08:13,-1,E07000177,6,0,1,0,1,"[7, 19]",8,4,0,0,0,1,1,0,0,0,0,9,12
2024430438466,2024,430438466,495767,216929,-0.61129,51.84276,3,3,5,08:30,-1,E06000060,4,0,1,0,2,"[8, 4, 19]",2,6,0,0,0,1,0,1,0,0,0,9,12
2024430438542,2024,430438542,485442,237809,-0.75594,52.03212,3,3,5,08:16,-1,E06000042,6,0,1,0,1,19,"[2, 8]","[6, 4]",0,0,0,1,0,0,0,1,0,9,12
2024430438719,2024,430438719,481762,214162,-0.81518,51.82011,3,3,5,08:00,-1,E06000060,3,0,1,0,1,19,3,7,0,0,0,1,0,0,0,0,1,9,12
2024430438780,2024,430438780,463312,170671,-1.09066,51.43151,3,3,5,17:45,-1,E06000037,3,0,1,1,2,19,"[3, 2]","[7, 6]",0,0,0,1,1,0,0,0,0,9,12
2024430439088,2024,430439088,485017,194715,-0.77271,51.64482,2,2,5,14:01,-1,E06000060,6,0,1,0,1,"[9, 19]","[2, 6]","[8, 2]",0,0,0,1,0,1,0,0,0,9,12
2024430439311,2024,430439311,493659,191446,-0.64872,51.61406,3,3,5,14:09,-1,E06000060,6,0,1,0,1,"[1, 2]","[7, 0]","[3, 0]",0,0,0,1,0,0,0,0,0,9,12
2024430439377,2024,430439377,501624,186832,-0.53506,51.57121,3,3,5,15:50,-1,E06000060,1,0,8,1,2,"[11, 19]",1,5,0,0,0,1,0,0,0,0,0,9,12
2024430439422,2024,430439422,452769,229489,-1.23343,51.96139,3,3,4,16:00,-1,E07000177,6,0,2,1,2,"[19, 4]","[5, 7]","[1, 3]",0,0,0,1,0,0,0,0,0,9,11
2024430439546,2024,430439546,466133,171751,-1.04989,51.4409,3,3,5,17:53,-1,E06000037,3,0,1,0,1,"[19, 11]",2,6,0,0,0,1,0,1,0,0,0,9,12
2024430439669,2024,430439669,447561,193693,-1.31411,51.64004,3,3,5,19:15,-1,E07000180,4,0,1,0,2,"[19, 4]",1,5,0,0,0,1,0,1,0,0,0,9,12
2024430439689,2024,430439689,473361,172725,-0.94571,51.44877,3,3,4,09:48,-1,E06000038,6,0,1,0,1,19,"[7, 5]","[3, 1]",0,0,0,1,0,1,0,0,0,9,11
2024430439752,2024,430439752,496378,180192,-0.61255,51.51244,3,3,5,20:15,-1,E06000039,3,2,1,0,1,"[12, 19]",5,1,0,0,0,1,0,1,0,0,0,9,12
2024430440218,2024,430440218,450047,204793,-1.2766,51.73962,3,3,6,07:19,-1,E07000180,3,0,1,0,2,19,8,4,0,0,0,1,0,0,0,0,0,9,13
2024430440347,2024,430440347,500619,182399,-0.55082,51.53154,3,3,6,09:17,-1,E06000060,3,0,1,0,2,"[9, 19]","[2, 6]","[8, 2]",0,0,0,1,0,0,0,0,0,9,13
2024430440382,2024,430440382,461187,220386,-1.11254,51.87869,1,1,6,09:56,-1,E07000177,3,0,1,0,2,19,7,3,0,1,3,1,0,0,0,0,0,9,13
2024430440599,2024,430440599,445769,239197,-1.334,52.04928,3,3,4,15:10,-1,E07000177,3,0,2,1,1,"[3, 19]",8,4,0,0,0,1,0,0,0,0,0,9,11
2024430440632,2024,430440632,459145,221172,-1.14207,51.88598,3,3,6,07:50,-1,E07000177,3,0,1,0,2,"[4, 19]",4,8,0,0,0,1,0,0,0,0,0,9,13
2024430441069,2024,430441069,496182,179216,-0.61564,51.5037,3,3,6,08:45,-1,E06000039,1,0,1,0,2,"[3, 19]",2,6,0,0,0,1,0,0,0,0,0,9,13
2024430441078,2024,430441078,500935,179327,-0.54715,51.50387,3,3,4,06:03,-1,E06000039,6,2,1,0,1,19,"[1, 7]","[5, 3]",0,0,0,1,1,0,0,0,0,9,11
2024430441279,2024,430441279,482261,235576,-0.80283,52.01253,3,3,6,17:50,-1,E06000042,6,0,1,0,2,"[19, 9]","[4, 8]","[8, 4]",0,0,0,1,0,0,0,0,0,9,13
2024430441454,2024,430441454,476267,166684,-0.9052,51.39408,2,2,6,15:10,-1,E06000041,6,0,1,0,1,19,1,5,0,0,0,1,0,0,0,0,1,9,13
2024430441956,2024,430441956,483028,168789,-0.80755,51.41205,3,3,7,00:34,-1,E06000041,3,2,1,0,2,19,6,2,10,1,10,1,0,0,0,0,0,9,14
2024430442241,2024,430442241,449331,235361,-1.28261,52.01449,3,3,7,08:06,-1,E07000177,1,0,1,0,2,"[19, 12]",4,8,0,0,0,1,0,0,0,0,0,9,14
2024430442426,2024,430442426,448429,191344,-1.3019,51.61884,3,3,7,12:26,-1,E07000180,3,0,1,0,2,19,"[3, 1]","[7, 5]",0,"[1, 7]",7,1,0,0,0,0,0,9,14
2024430442462,2024,430442462,469315,173765,-1.00372,51.45863,3,3,6,20:00,-1,E06000038,3,2,1,0,1,19,"[4, 6]","[8, 2]",0,0,0,1,0,0,0,0,0,9,13
2024430442782,2024,430442782,488127,241577,-0.71584,52.06557,3,3,7,16:56,-1,E06000042,1,0,1,0,2,"[19, 12]",5,1,0,"[4, 0]","[9, 0]",1,0,0,0,0,0,9,14
2024430442806,2024,430442806,447476,218358,-1.31198,51.86179,2,2,7,17:19,-1,E07000181,3,0,1,0,2,19,"[8, 6]","[4, 2]","[10, 0]",0,0,1,0,0,0,0,0,9,14
2024430442896,2024,430442896,485805,169574,-0.76744,51.4187,3,3,7,18:00,-1,E06000036,4,0,1,0,1,19,"[1, 3]","[5, 7]",0,0,0,1,1,0,0,0,0,9,14
2024430442939,2024,430442939,435918,230074,-1.4786,51.96799,3,3,7,18:53,-1,E07000181,3,0,1,0,2,"[13, 19]",2,6,0,"[0, 7]","[0, 4]",1,0,0,0,0,0,9,14
2024430442983,2024,430442983,486070,197506,-0.75681,51.66975,3,3,7,14:30,-1,E06000060,5,0,1,0,1,"[19, 9]","[1, 5]","[5, 2]",0,0,0,1,0,1,0,0,0,9,14
2024430443184,2024,430443184,448143,235647,-1.29988,52.01717,3,3,7,22:10,-1,E07000177,4,2,2,1,2,19,8,4,0,1,2,1,0,0,0,0,0,12,28
2024430443315,2024,430443315,474420,236497,-0.91686,52.02191,2,"[2, 3]",7,23:40,-1,E06000060,3,2,1,0,2,19,"[2, 6]","[6, 2]",0,0,0,1,0,0,0,0,0,9,14
2024430443770,2024,430443770,497049,181733,-0.60246,51.52618,2,2,4,16:00,-1,E06000039,6,0,1,0,1,19,4,8,0,0,0,1,0,0,0,0,1,9,11
2024430443968,2024,430443968,484899,186549,-0.77639,51.57143,3,3,1,14:33,-1,E06000060,5,0,1,0,1,19,"[0, 8]","[0, 4]","[0, 8]",0,0,1,1,0,0,0,0,9,15
2024430444168,2024,430444168,445099,200653,-1.34879,51.70281,3,3,1,17:16,-1,E07000180,3,0,1,0,2,"[5, 19]","[5, 2]","[1, 6]",0,0,0,1,0,1,0,0,0,9,15
2024430444362,2024,430444362,490648,237669,-0.68011,52.03003,3,3,1,14:50,-1,E06000042,6,0,1,0,2,19,4,"[6, 4]",0,0,"[0, -1]",1,0,0,0,0,0,9,15
2024430444763,2024,430444763,477635,170942,-0.88461,51.43217,3,3,1,20:30,-1,E06000041,3,2,1,0,1,"[9, 19]","[2, 8]","[8, 4]",0,0,0,1,1,0,0,0,0,9,15
2024430444816,2024,430444816,460961,188118,-1.12147,51.58863,2,2,2,06:06,-1,E07000179,3,2,1,1,2,19,3,7,0,0,0,1,1,0,0,0,0,9,16
2024430445188,2024,430445188,496509,179670,-0.6108,51.50773,3,3,7,16:07,-1,E06000039,6,0,1,0,1,"[19, 3]","[6, 8]","[2, 4]",0,0,0,1,0,0,0,0,0,9,14
2024430445286,2024,430445286,454879,227562,-1.20303,51.94386,2,2,2,12:02,-1,E07000177,1,0,1,0,2,19,"[1, 5]","[5, 1]",0,"[6, 0]",0,1,0,0,1,0,0,9,16
2024430445798,2024,430445798,433980,211799,-1.5086,51.80381,3,3,3,15:30,-1,E07000181,6,0,1,0,2,"[19, 3]",2,6,0,0,0,1,0,0,0,0,0,9,17
2024430445851,2024,430445851,491383,168856,-0.68743,51.41137,3,3,4,17:25,-1,E06000040,3,0,1,0,2,"[19, 4]","[7, 3]","[3, 7]",0,0,0,1,0,0,0,0,0,9,18
2024430445854,2024,430445854,450933,205822,-1.26362,51.74879,3,3,2,17:18,-1,E07000178,3,0,1,0,1,"[19, 7]","[8, 1]",4,0,0,0,1,1,0,0,0,0,9,16
2024430445900,2024,430445900,479222,164760,-0.86316,51.37638,3,3,2,17:59,-1,E06000041,4,0,1,0,1,19,3,7,0,0,0,1,0,0,0,0,1,9,16
2024430445976,2024,430445976,485753,164901,-0.76932,51.3767,3,3,2,19:13,-1,E06000036,3,2,1,0,2,19,"[4, 8]","[8, 4]",0,0,0,1,0,0,0,0,0,9,16
2024430445985,2024,430445985,486180,179755,-0.75957,51.51016,2,2,2,18:22,-1,E06000040,6,0,1,0,1,"[1, 2]","[7, 0]","[3, 0]",0,0,0,1,0,0,0,0,1,9,16
2024430446002,2024,430446002,475226,219687,-0.90879,51.87069,3,3,2,19:22,-1,E06000060,6,2,1,0,2,"[19, 13]","[8, 2]","[2, 8]",0,0,0,1,0,0,0,0,0,9,16
2024430446037,2024,430446037,488959,191847,-0.71648,51.61843,3,3,2,17:20,-1,E06000060,3,0,1,0,1,"[19, 3]",8,4,0,0,0,1,0,0,0,0,0,9,16
2024430446056,2024,430446056,469227,167357,-1.00624,51.40103,3,3,2,20:20,-1,E06000041,6,2,1,0,2,9,6,4,6,0,0,1,0,0,0,0,0,9,16
2024430446081,2024,430446081,496099,201022,-0.61086,51.69973,3,3,5,14:00,-1,E06000060,3,0,1,0,1,19,3,7,0,0,0,1,0,0,0,0,1,9,12
2024430446501,2024,430446501,455000,170804,-1.2102,51.43358,3,3,2,17:00,-1,E06000037,6,0,1,0,2,19,7,3,0,0,0,1,0,0,0,0,1,9,16
2024430446692,2024,430446692,487341,241522,-0.72732,52.0652,3,3,3,08:55,-1,E06000042,5,0,1,0,1,"[9, 19]","[3, 7]","[1, 3]",0,0,0,1,0,0,0,0,0,9,17
2024430446723,2024,430446723,455054,207753,-1.20363,51.76576,3,3,3,08:10,-1,E07000178,6,0,1,0,1,9,7,5,0,0,"[2, 0]",1,0,0,0,0,0,9,17
2024430446981,2024,430446981,449007,234583,-1.28745,52.00753,3,3,3,11:30,-1,E07000177,4,0,1,0,2,19,4,8,12,1,4,1,0,0,0,0,0,9,17
2024430447086,2024,430447086,484274,193405,-0.78376,51.63315,3,3,3,16:05,-1,E06000060,6,0,8,0,1,"[19, 2]","[2, 0]","[6, 0]",0,0,0,1,0,0,1,0,1,9,10
2024430447118,2024,430447118,486361,179101,-0.75712,51.50425,3,3,2,11:55,-1,E06000040,6,0,1,0,1,19,4,2,0,0,0,1,0,0,0,0,1,9,16
2024430447572,2024,430447572,484799,184173,-0.7784,51.55009,3,3,3,15:42,-1,E06000040,3,0,1,0,2,4,2,6,0,0,0,0,0,1,0,0,0,9,17
2024430447912,2024,430447912,471358,172381,-0.9746,51.44593,3,3,3,18:32,-1,E06000038,3,0,1,0,1,"[3, 19]",5,1,0,0,0,1,0,1,0,0,0,9,17
2024430448477,2024,430448477,483412,212197,-0.79172,51.8022,3,3,4,06:15,-1,E06000060,3,0,1,1,1,"[5, 3]",4,8,0,0,0,1,1,0,0,0,0,9,18
2024430448563,2024,430448563,498254,179856,-0.58562,51.5091,3,3,4,08:07,-1,E06000039,3,0,1,0,1,"[7, 19]",3,"[5, 7]",0,0,0,1,1,0,0,0,0,9,18
2024430448581,2024,430448581,488888,167906,-0.72354,51.40323,3,3,4,08:10,-1,E06000036,6,0,1,0,1,19,1,5,0,0,0,1,1,0,0,0,0,9,18
2024430448638,2024,430448638,450575,208763,-1.26838,51.77526,3,3,4,09:01,-1,E07000178,3,0,1,0,1,19,5,1,0,0,0,1,0,0,0,0,1,9,18
2024430448741,2024,430448741,447661,244785,-1.30563,52.09936,3,3,4,09:50,-1,E07000177,3,0,1,0,2,19,6,2,0,1,1,1,0,0,0,0,0,9,18
2024430449173,2024,430449173,473264,173146,-0.94702,51.45257,3,3,2,21:15,-1,E06000038,3,2,1,0,1,19,8,4,0,0,0,1,0,0,0,0,0,8,19
2024430449829,2024,430449829,466703,240890,-1.02845,52.06238,3,3,4,17:39,-1,E06000060,5,0,1,1,2,19,"[2, 5]","[5, 2]",0,0,0,1,0,0,0,0,0,9,18
2024430449830,2024,430449830,452285,205961,-1.24402,51.74991,3,3,4,16:53,-1,E07000178,3,0,1,0,1,19,"[4, 1]","[8, 5]",0,0,0,1,1,0,0,0,0,9,18
2024430449831,2024,430449831,431699,218865,-1.54103,51.86747,3,3,4,17:39,-1,E07000181,4,0,1,0,2,"[9, 19]","[4, 2]","[2, 6]",0,0,0,0,0,1,0,1,0,9,18
2024430449909,2024,430449909,463514,174838,-1.08701,51.46895,3,3,4,18:35,-1,E06000037,3,0,1,0,2,"[10, 19, 9]","[7, 5, 1]","[5, 1, 7]",0,0,0,1,1,0,0,0,0,9,18
2024430450156,2024,430450156,430326,195062,-1.56304,51.65354,3,3,4,20:37,-1,E07000180,3,2,1,0,2,"[19, 9]","[4, 8]","[8, 6]",0,"[1, 0]","[10, 0]",1,0,1,0,0,0,9,18
2024430450469,2024,430450469,485724,194071,-0.76265,51.63892,3,3,4,15:35,-1,E06000060,6,0,1,0,1,"[14, 2]","[5, 0]","[1, 0]",0,0,0,1,0,0,1,0,1,9,18
2024430450489,2024,430450489,504468,179166,-0.49631,51.50179,3,3,4,09:28,-1,E06000060,1,0,1,0,2,"[3, 19]",8,4,0,0,0,1,0,0,0,0,0,9,18
2024430450504,2024,430450504,486033,188888,-0.75946,51.59228,2,2,5,04:10,-1,E06000060,3,2,1,0,2,19,4,8,0,0,0,0,0,1,0,0,0,9,19
2024430450753,2024,430450753,501619,188051,-0.53478,51.58217,2,2,5,06:50,-1,E06000060,1,0,1,0,2,"[4, 19]",5,1,0,0,0,0,0,1,1,0,0,9,19
2024430450785,2024,430450785,465672,235151,-1.04458,52.01091,3,3,5,10:03,-1,E06000060,5,0,1,0,2,19,"[1, 6]","[6, 1]",0,0,0,1,0,0,0,0,0,9,19
2024430451033,2024,430451033,495324,180731,-0.62759,51.51747,3,3,4,06:15,-1,E06000039,6,2,1,0,1,"[9, 19]","[4, 8]","[2, 4]",0,0,0,1,1,0,0,0,0,9,18
2024430451312,2024,430451312,475651,182597,-0.91065,51.53722,3,3,5,14:00,-1,E07000179,6,0,1,0,1,"[14, 9]",3,"[7, 1]",0,0,0,1,0,1,0,0,0,9,19
2024430451359,2024,430451359,456873,198349,-1.17881,51.68103,2,2,5,14:20,-1,E07000179,4,0,1,0,2,19,2,6,0,1,10,0,0,1,0,0,0,9,19
2024430451552,2024,430451552,451542,167179,-1.26046,51.40131,3,3,3,13:25,-1,E06000037,6,0,1,0,1,"[5, 19]",3,7,0,0,0,1,1,0,0,0,0,9,17
2024430451563,2024,430451563,467236,173079,-1.03377,51.45271,3,3,4,15:30,-1,E06000038,6,0,1,0,1,"[9, 19]","[5, 3]","[3, 7]",0,0,0,1,0,0,0,0,0,9,18
2024430452381,2024,430452381,464186,182837,-1.07588,51.54079,3,3,6,10:37,-1,E07000179,3,0,1,0,2,"[13, 19]","[8, 4]","[4, 8]",0,0,0,1,0,0,1,0,0,9,20
2024430452466,2024,430452466,484377,234035,-0.77239,51.99836,3,3,5,10:47,-1,E06000042,3,0,1,0,2,19,4,4,0,0,"[-1, 0]",1,0,0,0,0,0,9,19
2024430452473,2024,430452473,471809,205841,-0.96127,51.74668,3,3,5,13:45,-1,E07000179,6,0,1,0,1,"[5, 19]","[6, 7]",3,0,0,0,1,0,0,0,0,0,9,19
2024430452474,2024,430452474,451687,167189,-1.25838,51.40138,2,2,4,22:26,-1,E06000037,6,2,1,0,1,19,6,2,0,7,11,1,0,0,0,0,0,9,18
2024430452640,2024,430452640,502781,185673,-0.51871,51.56058,3,3,6,13:55,-1,E06000060,1,0,8,0,2,"[11, 3]",3,7,0,0,0,1,0,0,0,0,0,8,23
2024430452814,2024,430452814,504416,178202,-0.49735,51.49313,3,3,6,10:25,-1,E06000039,1,0,1,0,2,"[3, 19]",8,4,0,0,0,1,0,0,0,0,0,9,20
2024430452887,2024,430452887,488481,190526,-0.72372,51.60663,3,3,6,11:07,-1,E06000060,5,0,1,0,1,"[19, 4, 6]","[7, 3]",3,0,0,0,1,0,1,0,0,0,9,20
2024430453354,2024,430453354,479830,165042,-0.85437,51.37883,3,3,6,15:05,-1,E06000041,4,0,1,0,1,19,6,2,0,0,0,1,1,0,0,0,0,9,20
2024430453430,2024,430453430,493050,181643,-0.66011,51.52604,3,3,6,15:39,-1,E06000039,6,0,1,0,1,19,"[3, 5]","[7, 1]",0,0,0,1,0,0,0,0,0,9,20
2024430453737,2024,430453737,432011,229907,-1.53548,51.96672,2,2,6,18:50,-1,E07000181,3,2,2,1,2,19,5,8,0,1,0,0,0,1,0,0,0,9,20
2024430454046,2024,430454046,488686,180985,-0.72316,51.52083,3,3,6,22:35,-1,E06000040,3,2,1,0,1,"[4, 19]",6,2,"[0, 10]",0,0,1,0,1,0,0,0,9,20
2024430454234,2024,430454234,486872,239256,-0.73473,52.0449,3,3,7,00:53,-1,E06000042,6,2,1,0,2,19,6,2,9,3,10,1,0,0,0,0,0,9,21
2024430454402,2024,430454402,430956,205309,-1.55303,51.74563,3,3,6,18:25,-1,E07000181,3,0,1,0,2,19,3,5,0,0,0,1,0,0,0,0,0,9,20
2024430454487,2024,430454487,433553,197506,-1.51616,51.67533,3,3,7,05:40,-1,E07000180,3,2,2,1,2,19,1,3,10,1,9,1,0,0,0,0,0,9,21
2024430454533,2024,430454533,453110,205543,-1.23213,51.74608,2,2,6,15:30,-1,E07000178,4,0,2,1,1,"[19, 4]",8,4,0,0,0,0,0,1,0,0,0,9,20
2024430454703,2024,430454703,480540,167153,-0.84369,51.3977,3,3,6,12:35,-1,E06000041,3,0,2,1,1,"[1, 3]","[2, 6]","[6, 2]",0,0,0,1,0,1,0,0,0,9,20
2024430454835,2024,430454835,487333,174659,-0.74422,51.46417,3,3,7,13:47,-1,E06000040,3,0,2,1,2,19,"[1, 4]","[5, 1]",0,"[0, 1]","[0, 9]",1,0,0,0,0,0,9,21
2024430454931,2024,430454931,488519,188868,-0.72359,51.59172,3,3,7,15:14,-1,E06000060,5,0,1,1,2,19,8,5,0,2,10,1,0,0,0,0,0,9,21
2024430455390,2024,430455390,472947,171761,-0.95187,51.44016,3,3,3,09:00,-1,E06000038,3,0,1,0,1,"[19, 3]",4,8,0,0,0,1,0,0,0,0,0,9,17