collision_index,collision_year,collision_ref_no,location_easting_osgr,location_northing_osgr,longitude,latitude,casualty_severity,casualty_severity,day_of_week,time,local_authority_district,local_authority_ons_district,first_road_class,light_conditions,weather_conditions,road_surface_conditions,urban_or_rural_area,vehicle_manoeuvre,vehicle_direction_from,vehicle_direction_to,hit_object_in_carriageway,vehicle_leaving_carriageway,hit_object_off_carriageway,is_car,is_cyle,is_mcyle,is_goodsv,is_other,is_pedestrian,month,day
2024430455758,2024,430455758,447237,205645,-1.31718,51.74752,3,3,1,00:36,-1,E07000180,3,2,1,0,2,19,2,6,0,0,0,1,0,0,0,0,0,9,22
2024430455966,2024,430455966,472453,169739,-0.95938,51.42204,3,3,1,03:14,-1,E06000038,6,2,1,0,1,"[19, 13]",1,5,0,0,0,1,1,0,0,0,0,9,22
2024430456009,2024,430456009,496287,182167,-0.61332,51.53021,2,2,1,06:06,-1,E06000039,6,2,1,0,1,19,"[2, 6]","[6, 2]",0,0,0,1,0,0,0,0,0,9,22
2024430456165,2024,430456165,431121,178092,-1.55305,51.50091,3,3,7,16:40,-1,E06000037,6,0,1,0,2,"[19, 10]",4,"[8, 2]",0,0,0,1,0,0,0,0,0,9,21
2024430456422,2024,430456422,447643,164083,-1.31692,51.37381,2,2,1,15:09,-1,E06000037,3,0,2,1,2,7,8,2,0,0,0,0,0,1,0,0,0,9,22
2024430456489,2024,430456489,472378,175052,-0.95938,51.46982,3,3,7,20:45,-1,E06000038,6,2,1,1,1,"[9, 19]","[3, 1]","[1, 5]",0,0,0,1,1,0,0,0,0,9,21
2024430456712,2024,430456712,496513,181747,-0.61018,51.5264,3,3,1,19:02,-1,E06000039,6,0,1,1,1,19,1,5,0,0,0,1,0,0,0,0,1,9,22
2024430457165,2024,430457165,451459,168280,-1.26149,51.41121,3,3,6,20:05,-1,E06000037,6,0,1,0,1,"[19, 14]","[8, 4]","[4, 8]",0,0,0,1,1,0,0,0,0,9,20
2024430457365,2024,430457365,444943,241558,-1.34573,52.07057,3,3,1,12:38,-1,E07000177,3,0,2,1,1,"[4, 3]",6,2,0,0,0,1,0,0,0,0,0,9,22
2024430457734,2024,430457734,449694,197056,-1.28282,51.67009,3,3,6,13:41,-1,E07000180,3,0,1,0,1,3,3,7,0,"[0, 1]",0,0,1,0,1,0,0,9,20
2024430458204,2024,430458204,486431,193333,-0.75262,51.63218,3,3,7,20:30,-1,E06000060,6,2,1,1,1,"[1, 3]","[5, 1]","[1, 5]",0,0,0,1,0,1,0,0,0,9,21
2024430458240,2024,430458240,478680,207249,-0.86145,51.75841,3,3,2,14:32,-1,E06000060,5,0,5,1,2,19,1,6,0,1,9,1,0,0,0,0,0,9,23
2024430458251,2024,430458251,463246,173575,-1.09109,51.45763,3,3,6,11:00,-1,E06000037,1,0,1,0,2,"[19, 12]",8,4,0,0,0,1,0,0,1,0,0,9,20
2024430458325,2024,430458325,456386,222720,-1.1819,51.90018,3,3,1,20:30,-1,E07000177,4,2,8,1,2,19,"[4, 6]","[8, 2]",0,0,0,1,0,0,0,0,0,9,22
2024430458569,2024,430458569,498355,179833,-0.58417,51.50888,3,3,1,20:15,-1,E06000039,3,2,2,1,1,19,4,8,0,0,0,1,0,0,0,0,1,9,22
2024430458892,2024,430458892,486737,207748,-0.74462,51.76171,3,3,2,21:05,-1,E06000060,5,2,2,1,2,"[9, 19]","[4, 2]","[2, 6]",0,0,0,1,0,0,0,0,0,9,23
2024430458916,2024,430458916,445943,241632,-1.33114,52.07116,3,3,2,20:16,-1,E07000177,3,2,2,1,2,"[3, 19]",7,3,0,0,0,1,0,0,0,0,0,9,23
2024430458923,2024,430458923,490123,190677,-0.69997,51.60773,3,3,2,18:12,-1,E06000060,5,0,2,1,1,"[19, 9]","[6, 2]","[2, 8]",0,0,0,1,0,0,0,0,0,9,23
2024430458926,2024,430458926,447310,213199,-1.3151,51.81543,3,3,2,16:35,-1,E07000177,3,0,2,1,2,"[19, 3]",8,4,0,0,0,1,0,0,0,0,0,9,23
2024430459043,2024,430459043,482427,206514,-0.80735,51.75127,3,3,3,08:04,-1,E06000060,3,0,2,1,2,19,8,4,0,0,0,0,0,0,1,0,0,9,24
2024430459379,2024,430459379,485858,212793,-0.75611,51.80719,3,3,3,08:20,-1,E06000060,3,0,1,1,2,"[19, 4]",7,3,0,0,0,1,0,0,0,0,0,9,24
2024430459951,2024,430459951,486793,193032,-0.74747,51.62942,3,3,3,11:45,-1,E06000060,3,0,1,0,1,"[3, 1]","[6, 2]","[1, 6]",0,0,0,1,0,0,0,0,0,9,24
2024430459990,2024,430459990,470978,167689,-0.981,51.4038,3,3,3,16:10,-1,E06000041,3,0,1,0,2,"[3, 19]",6,2,0,0,0,1,0,0,1,0,0,9,24
2024430460008,2024,430460008,447215,217268,-1.31592,51.85202,3,3,3,16:08,-1,E07000177,3,0,1,0,2,"[19, 10]",8,"[4, 6]",0,0,0,1,0,0,0,0,0,9,24
2024430460226,2024,430460226,471583,233373,-0.95885,51.9942,3,3,1,16:50,-1,E06000060,3,0,1,0,2,"[4, 19]",3,7,0,0,0,1,0,0,0,0,0,9,29
2024430460550,2024,430460550,481521,239999,-0.81256,52.05239,3,3,3,22:18,-1,E06000042,6,2,1,1,2,19,"[4, 6]","[8, 2]",0,0,0,1,0,0,0,0,0,9,24
2024430460793,2024,430460793,454628,204206,-1.21036,51.73391,3,3,3,21:35,-1,E07000178,4,2,1,0,1,"[19, 9]","[8, 4]","[4, 2]",0,0,0,1,0,1,0,0,0,9,24
2024430460797,2024,430460797,446230,240705,-1.32707,52.0628,2,2,2,16:30,-1,E07000177,6,0,2,1,1,9,9,9,0,0,0,1,0,0,0,0,1,9,23
2024430460807,2024,430460807,473809,173439,-0.93912,51.45513,3,3,3,19:50,-1,E06000041,3,2,1,0,1,"[19, 3]",6,2,0,0,0,1,0,0,0,0,0,9,24
2024430461015,2024,430461015,498925,179476,-0.57606,51.50557,3,3,5,07:18,-1,E06000039,3,0,1,0,1,"[19, 7]","[4, 3]","[8, 6]",0,0,0,1,1,0,0,0,0,9,19
2024430461305,2024,430461305,454962,206067,-1.20523,51.75061,3,3,4,11:48,-1,E07000178,4,0,1,0,1,19,"[5, 1]","[1, 5]",0,0,0,1,0,0,0,0,0,9,25
2024430461814,2024,430461814,455245,206172,-1.20111,51.75153,3,3,4,13:10,-1,E07000178,6,0,1,0,1,"[3, 19]",4,1,0,0,0,1,0,0,0,0,0,9,25
2024430462218,2024,430462218,474202,173629,-0.93342,51.45679,3,3,4,19:47,-1,E06000041,3,2,2,1,1,19,"[4, 6]","[8, 2]",0,0,0,1,0,1,0,0,0,9,25
2024430462671,2024,430462671,488598,178534,-0.72505,51.49881,3,3,4,17:55,-1,E06000040,1,0,1,0,2,"[4, 1]","[5, 1]","[1, 5]",0,0,0,1,0,0,0,0,0,9,25
2024430462764,2024,430462764,454174,166828,-1.22268,51.39791,2,2,5,06:45,-1,E06000037,3,0,1,1,2,"[19, 9]","[7, 5]",3,0,0,0,1,1,0,0,0,0,9,26
2024430462814,2024,430462814,454163,189993,-1.21929,51.60618,3,3,5,07:58,-1,E07000179,3,0,1,0,2,"[19, 10]","[7, 3]","[3, 7]",0,0,0,1,0,0,0,0,0,9,26
2024430462916,2024,430462916,493993,182338,-0.64633,51.53214,3,3,4,15:50,-1,E06000039,6,0,1,0,1,"[19, 9]",8,"[4, 6]",0,0,0,1,1,0,0,0,0,9,25
2024430462971,2024,430462971,479322,168450,-0.8609,51.40954,2,2,5,13:00,-1,E06000041,6,0,1,0,1,1,6,2,0,0,0,1,0,0,0,0,1,9,19
2024430463282,2024,430463282,483853,239327,-0.77872,52.046,3,3,3,18:20,-1,E06000042,6,0,1,0,1,"[-1, 19]","[3, 1]","[7, 5]",-1,-1,-1,1,0,1,0,0,0,9,17
2024430463726,2024,430463726,484811,176874,-0.77999,51.48447,2,"[2, 3]",5,15:35,-1,E06000040,4,0,2,1,2,"[19, 9]","[6, 2]","[2, 1]",0,0,0,1,0,0,0,0,0,9,26
2024430463839,2024,430463839,485805,238410,-0.7505,52.03746,2,2,5,16:51,-1,E06000042,6,0,9,-1,1,19,-1,-1,0,0,0,0,0,0,0,0,1,9,26
2024430463962,2024,430463962,471420,173245,-0.97353,51.45369,3,3,5,18:10,-1,E06000038,6,0,1,0,1,9,6,4,0,0,0,1,0,0,0,0,1,9,26
2024430464132,2024,430464132,483930,214465,-0.78366,51.82251,3,3,5,15:17,-1,E06000060,6,0,2,1,2,19,"[3, 2]","[8, 6]",0,0,0,1,1,0,0,0,0,9,26
2024430464358,2024,430464358,492298,168795,-0.6743,51.41068,3,3,5,23:00,-1,E06000040,3,2,1,1,1,19,3,7,0,0,0,1,0,0,0,0,1,9,26
2024430464497,2024,430464497,445968,241604,-1.33077,52.0709,3,3,5,23:17,-1,E07000177,3,2,2,1,2,"[4, 19]",5,7,0,0,0,1,0,0,0,0,0,9,26
2024430464500,2024,430464500,451446,206211,-1.25614,51.75224,3,3,5,19:45,-1,E07000178,3,2,1,0,1,19,7,3,0,0,0,0,0,0,1,0,1,9,19
2024430464690,2024,430464690,496087,185421,-0.61531,51.5595,3,3,6,08:41,-1,E06000060,3,0,1,0,1,19,5,1,0,0,0,1,0,0,0,0,1,9,27
2024430464964,2024,430464964,487782,233092,-0.72305,51.98935,3,3,7,19:30,-1,E06000042,6,0,1,0,1,"[3, 1]",7,3,0,0,0,1,0,0,0,0,0,8,31
2024430465376,2024,430465376,453632,204992,-1.22466,51.74107,3,3,6,15:00,-1,E07000178,4,0,1,0,1,"[9, 19]","[4, 8]","[2, 4]",0,0,0,1,1,0,0,0,0,9,27
2024430465429,2024,430465429,488912,251361,-0.70184,52.15338,3,3,6,09:50,-1,E06000042,3,0,2,1,2,"[3, 19]",1,5,0,0,0,1,0,0,0,0,0,9,27
2024430465451,2024,430465451,469902,172564,-0.99551,51.44776,3,3,6,15:15,-1,E06000038,6,0,1,1,1,19,5,1,0,0,0,1,0,0,0,0,1,9,20
2024430465554,2024,430465554,501272,179321,-0.5423,51.50376,3,3,6,16:36,-1,E06000039,4,0,1,0,1,19,2,6,0,0,0,1,0,0,0,0,1,9,27
2024430465722,2024,430465722,496898,176592,-0.60604,51.48,3,3,5,15:52,-1,E06000040,4,0,2,1,1,"[9, 19]","[7, 5]","[5, 1]",0,0,0,1,1,0,0,0,0,9,26
2024430465753,2024,430465753,484721,238403,-0.7663,52.03757,2,2,3,19:06,-1,E06000042,6,0,1,0,1,19,"[1, 7]","[5, 3]",0,0,0,1,0,0,0,0,0,9,17
2024430466035,2024,430466035,482875,220970,-0.79741,51.88114,3,3,6,22:21,-1,E06000060,5,2,1,1,2,19,6,3,0,0,0,1,0,0,0,0,0,9,27
2024430466357,2024,430466357,504049,187874,-0.49978,51.58013,3,3,6,11:20,-1,E06000060,3,0,1,0,2,"[19, 3]",2,6,0,0,0,1,0,0,0,0,0,9,27
2024430466504,2024,430466504,486045,235650,-0.74769,52.01262,1,1,7,06:30,-1,E06000042,3,0,1,0,2,"[2, 14]","[0, 8]","[0, 3]","[0, 4]",0,0,1,0,0,0,0,0,9,28
2024430466520,2024,430466520,500895,178231,-0.54804,51.49403,3,3,7,07:10,-1,E06000039,3,0,1,0,1,19,"[8, 2]","[4, 6]",0,0,0,1,1,0,0,0,0,9,28
2024430466570,2024,430466570,485283,192780,-0.76934,51.62738,3,3,7,08:39,-1,E06000060,6,0,1,0,1,"[19, 1]","[1, 3]","[5, 7]",0,0,0,1,0,0,0,0,0,9,28
2024430466678,2024,430466678,446953,228677,-1.31817,51.95461,2,2,7,11:01,-1,E07000177,3,0,1,0,2,"[9, 19]","[5, 1]","[3, 5]",0,0,0,1,0,1,0,0,0,9,28
2024430466707,2024,430466707,476544,227045,-0.88801,51.93666,3,3,7,12:27,-1,E06000060,5,0,1,0,2,9,1,6,0,1,0,1,0,0,0,0,0,9,28
2024430466823,2024,430466823,447437,167293,-1.31945,51.40269,3,3,7,13:41,-1,E06000037,3,0,1,0,1,"[3, 19]",6,2,0,0,0,1,0,1,0,0,0,9,28
2024430466959,2024,430466959,467968,174750,-1.02292,51.46765,2,2,7,15:21,-1,E06000038,3,0,1,0,1,"[9, 19]","[8, 4]","[6, 8]",0,0,0,1,0,1,0,0,0,9,28
2024430466979,2024,430466979,482150,236125,-0.80432,52.01748,3,3,6,14:20,-1,E06000042,6,0,1,0,1,"[2, 19]","[0, 4]","[0, 8]",0,0,0,1,0,0,0,0,0,9,20
2024430467032,2024,430467032,485333,191291,-0.76898,51.61399,3,3,6,21:29,-1,E06000060,3,2,8,0,1,"[3, 19]",2,6,0,0,0,1,0,0,0,0,0,9,27
2024430467195,2024,430467195,487315,192812,-0.73998,51.62736,2,2,7,18:07,-1,E06000060,6,0,1,0,1,"[9, 19]","[6, 4]","[4, 8]",0,0,0,1,0,0,0,0,0,9,28
2024430467209,2024,430467209,466945,174417,-1.0377,51.46477,3,3,7,17:49,-1,E06000038,6,0,1,0,1,19,"[3, 5]","[7, 1]",0,0,0,1,0,0,0,0,0,9,28
2024430467299,2024,430467299,428551,195240,-1.58868,51.65523,3,3,7,12:52,-1,E07000180,4,0,1,0,2,"[2, 19]","[0, 6]","[0, 2]","[0, 8]",0,0,1,0,0,0,0,1,9,28
2024430467884,2024,430467884,503064,183054,-0.5154,51.53699,3,3,7,19:35,-1,E06000060,3,2,1,0,2,"[19, 3]",9,9,0,0,0,1,0,0,0,0,0,9,28
2024430467903,2024,430467903,494786,178484,-0.63594,51.49736,3,3,7,13:35,-1,E06000040,4,0,1,0,2,"[9, 13]",4,"[2, 8]",0,0,0,1,1,0,0,0,0,9,28
2024430468434,2024,430468434,454987,205990,-1.20488,51.74992,3,3,1,15:00,-1,E07000178,4,0,1,0,1,19,"[1, 5]","[5, 1]",0,0,0,1,0,0,0,0,0,9,29
2024430468443,2024,430468443,498741,179902,-0.57859,51.50943,3,3,7,12:32,-1,E06000039,3,0,1,0,1,"[7, 19]","[4, 6]","[6, 2]",0,0,0,1,1,0,0,0,0,9,28
2024430468582,2024,430468582,430794,194818,-1.5563,51.65132,3,3,1,17:12,-1,E07000180,3,0,1,0,2,4,4,8,0,0,0,1,0,0,0,0,0,9,29
2024430468783,2024,430468783,448296,218113,-1.30011,51.85952,3,3,1,20:15,-1,E07000177,3,2,1,0,2,9,2,8,0,1,1,1,0,0,0,0,0,9,29
2024430469039,2024,430469039,485159,183699,-0.77333,51.54577,3,3,1,23:48,-1,E06000040,3,2,2,1,2,19,1,4,0,1,4,1,0,0,0,0,0,9,29
2024430469128,2024,430469128,456073,207833,-1.18885,51.76638,3,3,1,14:09,-1,E07000178,6,0,1,0,1,"[19, 2]","[1, 0]","[5, 0]","[8, 0]",0,0,1,0,0,0,0,0,9,29
2024430469143,2024,430469143,485485,238320,-0.75519,52.0367,3,3,1,15:20,-1,E06000042,5,0,1,0,1,19,2,6,0,0,0,1,0,0,0,0,0,9,29
2024430469146,2024,430469146,452796,208407,-1.23625,51.77185,3,3,1,20:06,-1,E07000178,6,2,2,1,1,"[9, 19]","[7, 5]","[5, 1]",0,0,0,1,1,0,0,0,0,9,29
2024430469386,2024,430469386,430700,181601,-1.55881,51.53249,3,3,2,08:36,-1,E06000037,6,0,7,1,2,19,"[8, 4]","[4, 8]",0,0,0,1,0,0,0,1,0,9,30
2024430469937,2024,430469937,497987,179187,-0.58965,51.50313,3,3,2,13:29,-1,E06000039,3,0,1,0,1,7,6,8,0,0,0,1,1,0,0,0,0,9,30
2024430470080,2024,430470080,493511,180990,-0.65364,51.5201,3,3,2,14:55,-1,E06000039,3,0,1,0,1,"[9, 19]","[5, 3]","[3, 7]",0,0,0,1,0,0,0,0,0,9,30
2024430470139,2024,430470139,468538,173276,-1.015,51.45433,3,3,2,15:25,-1,E06000038,6,0,1,0,1,19,2,6,0,0,0,1,0,0,0,0,1,9,30
2024430470161,2024,430470161,486430,238519,-0.74136,52.03835,3,3,2,15:38,-1,E06000042,6,0,1,0,1,4,7,3,0,0,0,1,0,0,0,0,1,9,30
2024430470450,2024,430470450,484828,192734,-0.77592,51.62704,3,3,2,18:30,-1,E06000060,6,0,1,0,1,"[1, 19]","[7, 6]","[3, 2]",0,0,0,1,0,1,0,0,0,9,30
2024430471081,2024,430471081,470786,173318,-0.98264,51.45443,1,1,3,08:20,-1,E06000038,6,0,1,1,1,9,1,7,0,0,0,1,0,0,0,0,1,10,1
2024430471110,2024,430471110,478534,217274,-0.8613,51.84855,3,3,3,08:44,-1,E06000060,6,0,2,1,2,19,"[8, 5]","[4, 8]",0,"[0, 2]","[0, 11]",1,0,0,0,0,0,10,1
2024430471204,2024,430471204,488488,241345,-0.71064,52.06342,3,3,2,08:15,-1,E06000042,1,0,2,1,2,"[3, 19]",8,4,0,0,0,1,0,0,0,0,0,9,30
2024430471467,2024,430471467,472444,175162,-0.95841,51.4708,3,3,3,12:06,-1,E06000038,3,0,2,1,1,"[2, 19]","[0, 1]","[0, 5]",0,0,0,1,0,0,0,0,0,10,1
2024430471554,2024,430471554,443256,236489,-1.37098,52.02514,3,3,3,12:50,-1,E07000177,3,0,2,1,2,"[9, 19]",1,"[7, 5]",0,0,0,1,0,0,0,0,0,10,1
2024430471585,2024,430471585,471497,207619,-0.96542,51.7627,3,3,3,08:25,-1,E06000060,3,0,2,1,2,"[19, 7]","[1, 2]",6,0,0,0,1,0,0,0,0,0,10,1
2024430471672,2024,430471672,497682,180266,-0.59374,51.51289,3,3,4,08:00,-1,E06000039,4,0,1,0,1,19,2,6,0,0,0,1,0,0,0,0,1,9,11
2024430471700,2024,430471700,474273,172156,-0.93271,51.44354,3,3,2,19:55,-1,E06000038,3,2,1,1,1,19,"[2, 4]","[6, 8]",0,0,0,1,0,1,0,0,0,9,30
2024430471844,2024,430471844,471240,172170,-0.97634,51.44405,2,2,3,15:05,-1,E06000038,3,0,1,0,1,5,8,4,0,0,0,1,0,0,0,0,1,10,1
2024430472021,2024,430472021,449602,213328,-1.28183,51.81639,3,3,3,14:05,-1,E07000177,3,0,4,0,1,"[4, 19]",5,1,0,0,0,1,0,0,0,0,0,10,1
2024430472116,2024,430472116,493847,181759,-0.64859,51.52696,2,2,3,17:45,-1,E06000039,6,0,2,1,1,9,8,6,0,0,0,1,0,0,0,0,1,10,1
2024430472328,2024,430472328,497485,180011,-0.59665,51.51063,3,3,5,13:40,-1,E06000039,3,0,1,0,1,19,"[2, 6]","[6, 2]",0,0,0,1,0,0,0,0,0,9,5
2024430472382,2024,430472382,490745,239512,-0.67821,52.04658,3,3,7,20:45,-1,E06000042,6,2,1,0,2,"[3, 19]",7,3,0,0,0,1,0,0,0,0,0,9,28
2024430472850,2024,430472850,468421,173193,-1.0167,51.45359,3,3,4,08:30,-1,E06000038,6,0,1,1,1,"[4, 19]","[6, 4]","[2, 8]",0,0,0,0,1,0,1,0,0,10,2
2024430473221,2024,430473221,481445,213909,-0.81984,51.81788,3,3,4,08:40,-1,E06000060,3,0,2,1,1,"[5, 3]",8,4,0,0,0,1,0,0,1,0,0,10,2
2024430473701,2024,430473701,483570,235007,-0.7839,52.00722,3,3,4,15:27,-1,E06000042,6,0,1,0,2,13,8,4,0,0,0,1,0,0,0,0,1,10,2
2024430474000,2024,430474000,469439,172443,-1.00219,51.44673,3,3,2,08:50,-1,E06000038,3,0,1,0,1,"[19, 12]",2,6,0,0,0,1,0,0,0,0,0,9,2
2024430474152,2024,430474152,453465,203940,-1.22724,51.73163,3,3,4,16:53,-1,E07000178,3,0,1,0,1,"[7, 19]",4,8,"[0, 10]",0,0,1,1,0,0,0,0,10,2
2024430474338,2024,430474338,441357,207247,-1.40216,51.76239,3,3,4,21:25,-1,E07000181,4,2,1,0,2,19,1,5,10,2,1,1,0,0,0,0,0,10,2
2024430474535,2024,430474535,470771,173176,-0.98288,51.45315,3,3,4,08:35,-1,E06000038,6,0,1,0,1,19,"[6, 8]","[2, 4]",0,0,0,1,1,0,0,0,0,10,2
2024430475048,2024,430475048,485584,240309,-0.75325,52.05457,3,3,3,17:18,-1,E06000042,6,0,2,1,2,19,3,7,0,0,0,1,0,0,0,0,0,10,1
2024430475058,2024,430475058,453143,205883,-1.23161,51.74913,3,3,4,14:15,-1,E07000178,6,0,1,0,1,"[3, 1]",9,9,0,0,0,1,0,1,0,0,0,10,2
2024430475106,2024,430475106,453993,206837,-1.21915,51.75763,3,3,5,11:41,-1,E07000178,3,0,1,0,1,"[7, 19]","[1, 6]",2,0,0,0,1,1,0,0,0,0,10,3
2024430475627,2024,430475627,490005,236677,-0.68974,52.02122,3,3,5,15:15,-1,E06000042,6,0,1,0,1,15,-1,-1,0,0,0,1,0,0,0,0,1,10,3
2024430475683,2024,430475683,481585,168508,-0.82836,51.40974,3,3,5,08:35,-1,E06000041,6,0,1,0,1,19,8,4,0,0,0,1,0,0,0,0,1,10,3
2024430475785,2024,430475785,484535,232625,-0.77044,51.98566,3,3,5,16:56,-1,E06000042,6,0,1,0,1,"[8, 19]",8,4,0,0,0,1,1,0,0,0,0,10,3
2024430476013,2024,430476013,486956,236711,-0.73416,52.02201,3,3,5,17:06,-1,E06000042,6,0,1,0,1,"[19, 1]",-1,-1,0,0,0,1,0,0,0,0,0,10,3
2024430476443,2024,430476443,432763,174848,-1.52969,51.47165,2,2,6,01:20,-1,E06000037,1,2,1,0,2,"[4, 19]",8,4,0,0,0,1,0,0,1,0,0,10,4
2024430476545,2024,430476545,486106,191900,-0.75767,51.61935,3,3,5,08:17,-1,E06000060,5,0,1,0,1,19,4,8,0,0,0,0,0,0,1,0,1,10,3
2024430476550,2024,430476550,484590,194258,-0.77899,51.64077,3,3,4,15:00,-1,E06000060,6,0,1,1,1,"[10, 19]",6,"[4, 2]",0,0,0,1,0,0,0,0,0,10,2
2024430476618,2024,430476618,485999,189061,-0.75991,51.59384,1,1,6,06:16,-1,E06000060,3,2,1,0,2,"[19, 5, 2]","[1, 0]","[5, 0]",0,0,0,1,0,0,1,0,1,10,4
2024430476902,2024,430476902,454905,204802,-1.20625,51.73924,3,3,6,10:07,-1,E07000178,4,0,1,0,1,"[7, 19]",2,"[4, 6]",0,0,0,1,1,0,0,0,0,10,4
2024430477096,2024,430477096,465461,207691,-1.05286,51.76408,3,3,6,08:20,-1,E06000060,5,0,1,0,2,"[19, 13]",8,4,0,0,0,1,1,0,0,0,0,10,4
2024430477104,2024,430477104,486512,192720,-0.7516,51.62666,3,3,4,08:26,-1,E06000060,3,0,1,0,1,19,2,6,0,0,0,1,0,0,0,0,1,10,2
2024430477338,2024,430477338,466542,164288,-1.0454,51.37376,3,3,6,13:39,-1,E06000037,6,0,1,0,2,19,3,7,0,1,9,1,0,0,0,0,0,10,4
2024430477417,2024,430477417,476872,174240,-0.89487,51.46192,3,3,4,08:56,-1,E06000041,6,0,1,1,1,19,8,4,0,0,0,1,0,0,0,0,1,10,2
2024430477604,2024,430477604,486087,242429,-0.74538,52.07354,3,3,5,15:35,-1,E06000042,6,0,1,0,1,"[2, 19]","[0, -1]","[0, -1]",0,0,0,1,0,0,0,0,0,10,3
2024430477659,2024,430477659,494459,216113,-0.63049,51.83565,3,3,5,16:52,-1,E06000060,4,0,1,0,2,19,2,6,0,0,0,1,0,0,0,0,1,10,3
2024430477907,2024,430477907,502133,185064,-0.52823,51.55523,2,2,6,18:11,-1,E06000060,1,0,1,0,2,"[19, 12]",4,8,0,0,0,1,0,1,0,0,0,10,4
2024430478318,2024,430478318,431042,178099,-1.55419,51.50098,2,2,6,23:38,-1,E06000037,6,2,1,1,2,19,2,6,0,7,9,0,0,1,0,0,0,10,4
2024430478369,2024,430478369,450919,206260,-1.26376,51.75273,3,3,7,03:46,-1,E07000178,3,2,1,0,1,4,4,8,0,0,0,1,0,0,0,0,1,10,5
2024430478583,2024,430478583,489793,238525,-0.69235,52.03787,3,3,2,15:00,-1,E06000042,3,0,2,1,2,"[8, 5]",2,"[5, 6]",0,0,0,1,0,0,0,0,0,9,30
2024430478765,2024,430478765,449443,210790,-1.2845,51.79358,2,2,7,08:24,-1,E07000178,3,0,1,0,2,12,8,4,0,0,0,0,0,1,0,0,0,10,5
2024430478828,2024,430478828,443417,212108,-1.3717,51.80593,2,2,7,09:43,-1,E07000181,6,0,1,0,2,"[2, 19]","[0, 1]","[0, 5]",0,0,0,0,1,0,0,1,0,10,5
2024430478887,2024,430478887,486971,168703,-0.75089,51.41069,2,2,7,11:07,-1,E06000036,3,0,1,0,1,7,7,1,0,0,0,1,0,0,0,0,1,10,5
2024430478894,2024,430478894,484960,190983,-0.77444,51.61128,3,3,7,11:16,-1,E06000060,1,0,1,0,1,"[4, 19]",2,6,0,0,0,1,0,0,0,0,0,10,5
2024430478977,2024,430478977,483328,237191,-0.7869,52.02688,2,2,7,15:55,-1,E06000042,6,0,1,0,1,19,"[7, 5]","[3, 2]",0,0,0,1,0,1,0,0,0,10,5
2024430479079,2024,430479079,486604,170136,-0.75582,51.42363,3,3,1,14:38,-1,E06000036,6,0,1,0,1,19,"[8, 2]","[4, 6]",0,0,0,1,0,0,0,0,0,10,6
2024430479138,2024,430479138,470375,173446,-0.98853,51.45563,3,3,7,12:55,-1,E06000038,3,0,1,0,1,"[13, 9]",7,"[3, 5]",0,0,0,1,0,1,0,0,0,10,5
2024430479148,2024,430479148,483676,215378,-0.78712,51.83076,3,3,7,16:00,-1,E06000060,3,0,1,0,1,"[3, 19]",2,"[6, 5]",0,0,0,1,0,0,0,0,0,10,5
2024430479181,2024,430479181,444972,239626,-1.34556,52.0532,3,3,7,15:54,-1,E07000177,3,0,1,0,1,"[9, 10, 19]","[8, 2, 6]","[6, 8, 2]",0,0,0,1,0,0,0,0,0,10,5
2024430479510,2024,430479510,487679,166865,-0.74117,51.39406,3,3,7,19:57,-1,E06000036,3,2,1,0,1,19,"[4, 2]","[8, 6]",0,0,0,1,0,0,0,0,0,10,5
2024430480025,2024,430480025,455140,219786,-1.20047,51.87393,3,3,7,23:30,-1,E07000177,1,2,1,0,2,"[19, 12]",1,5,0,0,0,1,0,0,0,0,0,10,5
2024430480101,2024,430480101,427898,194989,-1.59814,51.653,3,3,1,05:29,-1,E07000180,4,2,1,0,2,19,7,3,0,0,0,1,0,0,0,0,1,10,6
2024430480256,2024,430480256,484949,186478,-0.77569,51.57078,3,3,1,10:21,-1,E06000060,5,0,1,0,1,1,4,8,0,0,0,1,0,0,0,0,1,10,6
2024430480292,2024,430480292,484195,170980,-0.79026,51.43158,3,3,1,11:10,-1,E06000036,3,0,1,0,1,19,"[1, 7]","[5, 3]",0,0,0,1,1,0,0,0,0,10,6
2024430480332,2024,430480332,482075,213543,-0.81079,51.8145,3,3,1,11:59,-1,E06000060,3,0,1,0,1,"[19, 9]","[8, 4]",2,0,0,0,1,1,0,0,0,0,10,6
2024430480469,2024,430480469,485580,193302,-0.76492,51.63203,3,3,1,14:00,-1,E06000060,6,0,1,0,1,7,4,7,0,0,0,1,0,0,0,0,1,10,6
2024430480548,2024,430480548,485462,190872,-0.76722,51.6102,2,2,1,14:58,-1,E06000060,3,0,2,1,2,"[19, 3]",5,1,0,0,0,1,0,1,0,0,0,10,6
2024430480810,2024,430480810,427841,210503,-1.59773,51.79249,2,"[2, 3]",1,16:34,-1,E07000181,3,0,2,1,2,"[9, 19]","[5, 8, 4]","[4, 8]",0,0,0,1,0,0,0,0,0,10,6
2024430480853,2024,430480853,483778,235831,-0.78067,52.01459,2,2,1,18:43,-1,E06000042,4,0,2,1,1,"[9, 19]","[2, 8]","[8, 4]",0,0,0,1,0,1,0,0,0,10,6
2024430481161,2024,430481161,491528,189785,-0.67992,51.59948,3,3,1,23:53,-1,E06000060,1,2,1,0,2,19,4,8,0,0,0,1,0,0,0,0,0,10,6