collision_index,collision_year,collision_ref_no,location_easting_osgr,location_northing_osgr,longitude,latitude,casualty_severity,casualty_severity,day_of_week,time,local_authority_district,local_authority_ons_district,first_road_class,light_conditions,weather_conditions,road_surface_conditions,urban_or_rural_area,vehicle_manoeuvre,vehicle_direction_from,vehicle_direction_to,hit_object_in_carriageway,vehicle_leaving_carriageway,hit_object_off_carriageway,is_car,is_cyle,is_mcyle,is_goodsv,is_other,is_pedestrian,month,day
2024430481363,2024,430481363,443296,235063,-1.37058,52.01231,3,3,2,15:25,-1,E07000177,6,0,1,1,2,5,5,1,0,0,0,1,0,0,0,0,1,10,7
2024430481558,2024,430481558,459917,166805,-1.14015,51.39712,3,3,2,09:30,-1,E06000037,3,0,2,1,2,"[19, 4]",6,2,0,0,0,1,0,0,0,0,0,10,7
2024430481581,2024,430481581,457254,166829,-1.17841,51.39761,2,2,2,09:47,-1,E06000037,3,0,1,1,2,19,2,6,0,0,0,1,0,0,0,0,1,10,7
2024430482223,2024,430482223,466330,171871,-1.04703,51.44196,3,3,6,19:45,-1,E06000037,3,0,1,0,1,"[19, 3]",6,2,0,0,0,1,0,1,0,0,0,10,4
2024430482273,2024,430482273,491761,181177,-0.6788,51.52207,3,3,1,12:30,-1,E06000060,3,0,1,0,2,"[13, 19]",7,3,0,0,0,1,1,0,0,0,0,10,6
2024430482283,2024,430482283,468269,173898,-1.01875,51.45995,3,3,2,08:06,-1,E06000038,6,0,1,1,1,19,"[4, 6]","[8, 2]",0,0,0,1,1,0,0,0,0,10,7
2024430482313,2024,430482313,488469,193269,-0.7232,51.63129,2,2,2,15:15,-1,E06000060,5,0,1,1,1,9,8,7,0,0,0,1,0,0,0,0,1,10,7
2024430482345,2024,430482345,468672,174382,-1.01285,51.46425,3,3,6,13:20,-1,E06000038,6,0,1,0,1,19,"[6, 4]","[2, 8]",0,0,0,1,0,1,0,0,0,10,4
2024430482450,2024,430482450,487262,234197,-0.73034,51.99937,3,3,2,08:04,-1,E06000042,6,0,1,0,1,19,5,1,4,0,0,1,0,0,0,0,0,10,7
2024430482484,2024,430482484,471142,172756,-0.97763,51.44933,3,3,1,14:30,-1,E06000038,6,0,1,1,1,19,"[1, 7]","[5, 3]",0,0,0,1,1,0,0,0,0,10,6
2024430482530,2024,430482530,450604,189646,-1.27073,51.60339,2,2,2,08:54,-1,E07000180,4,0,1,0,2,19,"[7, 5]","[3, 1]",0,0,0,1,1,0,0,0,0,10,7
2024430482533,2024,430482533,496193,181489,-0.61486,51.52413,3,3,3,16:57,-1,E06000039,6,0,1,0,1,19,"[4, 6]","[8, 2]",0,0,0,1,0,0,0,0,0,10,8
2024430482555,2024,430482555,481920,168759,-0.82349,51.41194,3,3,6,19:00,-1,E06000041,3,2,1,0,1,"[14, 5]",8,4,0,0,0,1,0,1,0,0,0,10,4
2024430482563,2024,430482563,444681,241280,-1.34959,52.0681,3,3,1,11:05,-1,E07000177,3,0,1,0,1,"[5, 19]",2,6,0,0,0,1,0,0,0,0,0,10,6
2024430482585,2024,430482585,450697,200108,-1.26787,51.69744,2,2,2,15:22,-1,E07000180,3,0,1,1,2,19,"[1, 2]",5,0,0,0,1,0,0,0,0,0,10,7
2024430482613,2024,430482613,464533,176158,-1.0721,51.48071,3,3,7,16:15,-1,E06000037,3,0,1,0,2,19,4,8,0,"[1, 0]","[4, 0]",1,0,0,0,0,0,10,5
2024430482628,2024,430482628,473764,170836,-0.94031,51.43173,3,3,6,22:15,-1,E06000041,6,2,7,1,1,19,"[4, 2]","[8, 6]",0,0,0,1,1,0,0,0,0,10,4
2024430482633,2024,430482633,481359,168607,-0.83159,51.41066,3,3,7,13:35,-1,E06000041,6,0,1,0,1,19,2,6,0,0,0,1,0,0,0,0,1,10,5
2024430482713,2024,430482713,498644,181415,-0.57956,51.52305,3,3,2,10:00,-1,E06000039,6,0,2,1,1,19,"[2, 4]","[6, 8]",0,0,0,1,1,0,0,0,0,9,23
2024430482726,2024,430482726,473933,172798,-0.93747,51.44935,3,3,5,16:45,-1,E06000038,6,0,1,0,1,"[1, 3]","[2, 6]","[6, 2]",0,0,0,1,0,1,0,0,0,10,3
2024430482824,2024,430482824,447104,165974,-1.32441,51.39086,3,3,2,20:05,-1,E06000037,6,2,1,1,1,"[19, 9]","[8, 4]","[4, 2]",0,0,0,1,0,1,0,0,0,10,7
2024430482841,2024,430482841,437747,163821,-1.45911,51.3722,3,3,2,20:25,-1,E06000037,6,2,1,1,2,19,"[2, 7]","[7, 2]",0,0,0,1,0,0,0,0,0,10,7
2024430483000,2024,430483000,491912,189597,-0.67443,51.59773,2,2,2,22:25,-1,E06000060,1,2,2,1,2,19,3,8,0,"[0, 5]","[0, 7]",1,0,0,0,0,0,10,7
2024430483312,2024,430483312,455554,207465,-1.19643,51.76312,3,3,2,19:20,-1,E07000178,3,2,1,0,1,"[7, 9]",8,"[3, 5]",0,0,0,1,0,0,0,0,0,10,7
2024430483348,2024,430483348,495690,182044,-0.62196,51.52921,2,"[3, 2]",3,06:30,-1,E06000039,6,2,1,1,1,19,"[7, 3]","[3, 7]",0,0,0,1,0,0,0,0,0,10,8
2024430483487,2024,430483487,445583,198799,-1.34203,51.68611,3,3,3,08:27,-1,E07000180,6,0,1,1,2,19,5,2,0,2,4,1,0,0,0,0,0,10,8
2024430483824,2024,430483824,469023,173896,-1.0079,51.45984,3,3,7,14:25,-1,E06000038,3,0,1,0,1,19,"[8, 2]","[4, 6]",0,0,0,1,0,0,0,0,0,10,5
2024430483897,2024,430483897,484098,174094,-0.79091,51.45959,2,2,3,11:58,-1,E06000040,1,0,1,0,2,19,2,6,0,0,0,1,0,1,0,0,0,10,8
2024430484312,2024,430484312,482337,168629,-0.81752,51.41072,3,3,3,15:10,-1,E06000041,3,0,1,1,1,19,8,4,0,0,0,1,0,0,0,0,1,10,8
2024430484340,2024,430484340,487110,241044,-0.73081,52.06094,3,3,3,15:21,-1,E06000042,5,0,2,1,1,"[19, 11]",8,4,0,0,0,1,0,0,1,0,0,10,8
2024430484683,2024,430484683,473437,168610,-0.94547,51.41177,3,3,3,18:33,-1,E06000041,6,2,2,1,1,"[7, 19]",1,"[3, 5]",0,0,0,1,1,0,0,0,0,10,8
2024430484812,2024,430484812,486698,239820,-0.73713,52.05,3,3,1,22:30,-1,E06000042,6,2,8,0,2,19,"[3, 7]","[7, 3]",0,0,"[-1, 0]",0,1,0,0,0,0,10,6
2024430484860,2024,430484860,475241,170373,-0.91916,51.42738,2,2,3,19:00,-1,E06000041,6,2,1,1,1,19,4,8,0,0,0,1,0,0,0,0,1,10,8
2024430484922,2024,430484922,496312,180215,-0.61349,51.51266,3,3,3,22:19,-1,E06000039,3,2,2,1,1,9,6,4,0,0,0,1,0,0,0,0,1,10,8
2024430485124,2024,430485124,485567,240015,-0.75357,52.05193,3,3,3,20:53,-1,E06000042,4,2,2,1,2,"[7, 19]","[6, 5]",1,0,0,0,1,0,1,0,0,0,10,8
2024430485134,2024,430485134,471745,173747,-0.96875,51.45816,3,3,5,12:20,-1,E06000038,3,0,1,0,1,19,5,1,0,0,0,0,1,0,0,0,1,9,26
2024430485231,2024,430485231,487271,167750,-0.74681,51.40208,2,2,4,06:56,-1,E06000036,3,2,1,1,1,19,"[1, 5]","[5, 1]","[0, 10]","[0, 6]",0,1,0,0,0,0,0,10,9
2024430485273,2024,430485273,485873,200622,-0.75889,51.69779,3,3,4,07:52,-1,E06000060,5,0,1,0,2,"[4, 19]",8,4,0,0,0,1,0,0,0,0,0,10,9
2024430485683,2024,430485683,448448,191217,-1.30164,51.6177,3,3,4,11:11,-1,E07000180,3,0,1,0,2,"[19, 4]",4,8,0,0,0,1,0,0,0,0,0,10,9
2024430485724,2024,430485724,455335,206391,-1.19978,51.75349,3,3,4,08:44,-1,E07000178,6,0,1,0,1,"[14, 3]",1,5,0,0,0,1,1,0,0,0,0,10,9
2024430486673,2024,430486673,452206,188287,-1.2478,51.59102,3,3,4,18:10,-1,E07000179,6,0,8,1,2,"[19, 4]",9,9,0,0,"[11, 0]",1,0,0,0,0,0,10,9
2024430486783,2024,430486783,477309,227866,-0.87671,51.94393,3,3,4,08:30,-1,E06000060,6,0,2,1,2,19,8,4,0,0,0,1,0,0,0,0,1,10,9
2024430486793,2024,430486793,451068,190218,-1.26395,51.60849,3,3,4,08:50,-1,E07000179,6,0,1,1,2,10,8,5,0,0,0,1,0,0,0,0,1,10,9
2024430487203,2024,430487203,446959,166348,-1.32645,51.39423,3,3,2,15:20,-1,E06000037,6,0,1,0,1,19,"[2, 8]","[6, 4]",0,0,0,1,1,0,0,0,0,9,16
2024430487345,2024,430487345,473164,208535,-0.94108,51.77072,3,3,5,07:58,-1,E06000060,5,0,1,1,2,19,2,8,0,0,0,1,0,0,0,0,1,10,10
2024430488349,2024,430488349,468776,174256,-1.01138,51.46311,2,2,5,16:00,-1,E06000038,6,0,1,0,1,19,6,4,10,1,2,0,0,1,0,0,0,10,10
2024430488655,2024,430488655,488235,234140,-0.71618,51.9987,3,3,5,18:30,-1,E06000042,5,0,1,0,1,"[9, 19]","[2, 4]",8,0,0,0,1,0,0,0,0,0,10,10
2024430488791,2024,430488791,440372,190526,-1.41836,51.61212,3,3,7,07:04,-1,E07000180,6,0,1,0,1,19,3,7,0,0,0,1,0,0,0,0,1,9,7
2024430489219,2024,430489219,485515,187678,-0.76723,51.58148,3,3,3,06:50,-1,E06000060,5,2,2,1,1,"[19, 7]",2,"[6, 4]",0,0,0,0,1,1,0,0,0,10,8
2024430489326,2024,430489326,487676,232669,-0.7247,51.98557,3,3,6,07:44,-1,E06000042,6,0,1,0,1,19,2,6,0,1,9,0,0,0,1,0,0,10,11
2024430490595,2024,430490595,471746,173392,-0.96881,51.45497,3,3,6,19:13,-1,E06000038,6,2,1,0,1,"[13, 19]",3,"[6, 7]",0,0,0,1,0,0,1,0,0,10,11
2024430490612,2024,430490612,487660,233812,-0.72464,51.99585,3,3,5,19:20,-1,E06000042,6,2,1,0,1,19,3,7,0,0,0,1,0,0,0,0,1,10,10
2024430490684,2024,430490684,454134,204030,-1.21754,51.73238,2,2,6,20:00,-1,E07000178,4,2,1,0,1,"[4, 19]","[5, 2]","[1, 6]",0,0,0,1,1,0,0,0,0,10,11
2024430490695,2024,430490695,490797,239290,-0.67751,52.04458,3,3,4,15:30,-1,E06000042,6,0,1,0,2,5,6,2,0,0,0,1,0,0,0,0,1,10,9
2024430490865,2024,430490865,479084,191236,-0.85922,51.61441,3,3,6,22:45,-1,E06000060,5,2,1,1,2,19,2,7,0,8,10,1,0,0,0,0,0,10,11
2024430491233,2024,430491233,449373,198062,-1.28732,51.67916,3,3,6,08:22,-1,E07000180,4,0,1,0,1,19,5,1,0,0,0,1,0,0,0,0,0,10,11
2024430491423,2024,430491423,450998,168234,-1.26813,51.41084,3,3,7,09:38,-1,E06000037,6,0,1,0,1,19,"[4, 8]","[8, 4]",0,"[0, 1]","[0, 4]",1,0,0,0,0,0,10,12
2024430491482,2024,430491482,453041,202882,-1.23354,51.72216,3,3,7,10:52,-1,E07000178,3,0,1,1,2,"[3, 19]",6,2,0,0,0,1,0,1,0,0,0,10,12
2024430491488,2024,430491488,487292,233609,-0.73005,51.99408,3,3,7,10:30,-1,E06000042,6,0,1,0,1,"[19, 5]","[3, 5]","[7, 1]",0,0,0,1,0,0,0,0,0,10,12
2024430491812,2024,430491812,451416,206202,-1.25657,51.75216,3,3,6,17:50,-1,E07000178,3,2,1,0,1,"[19, 3]",7,3,0,0,0,0,1,0,1,0,0,10,11
2024430492095,2024,430492095,496616,180116,-0.60914,51.51172,3,3,2,19:05,-1,E06000039,3,2,1,0,1,19,4,8,0,0,0,1,0,0,0,0,1,2,12
2024430492147,2024,430492147,444714,207230,-1.35352,51.76198,3,3,7,19:30,-1,E07000180,4,2,1,0,2,"[9, 12]",8,"[6, 4]",0,"[0, 7]","[0, 4]",1,0,0,0,0,0,10,12
2024430492835,2024,430492835,486859,236909,-0.73552,52.02381,3,3,1,07:57,-1,E06000042,3,0,1,0,2,19,"[2, 8]","[6, 3]",0,0,0,1,0,0,0,0,0,10,13
2024430494001,2024,430494001,489095,239412,-0.70229,52.04595,3,3,1,04:15,-1,E06000042,6,2,1,0,2,19,"[3, 8]","[2, 4]",0,0,-1,1,0,0,0,0,0,10,13
2024430494012,2024,430494012,445861,215645,-1.33579,51.83754,2,2,6,17:50,-1,E07000177,3,2,1,0,2,"[7, 19]",4,"[6, 8]",0,0,0,1,0,0,0,0,0,10,4
2024430494094,2024,430494094,457780,224286,-1.16138,51.91412,2,"[2, 3]",2,07:50,-1,E07000177,3,0,2,1,1,"[9, 19]","[4, 2]","[2, 6]",0,0,0,1,0,0,0,0,0,10,14
2024430494196,2024,430494196,482382,166613,-0.81734,51.39259,3,3,2,09:00,-1,E06000041,6,0,2,1,2,"[19, 9]","[1, 2]","[5, 1]",0,0,0,1,0,0,0,0,0,10,14
2024430494492,2024,430494492,445527,241770,-1.33719,52.07243,3,3,2,06:40,-1,E07000177,3,2,2,1,2,"[9, 15]","[7, 3]","[5, 7]",0,0,0,1,0,0,0,0,0,10,14
2024430494557,2024,430494557,490784,238042,-0.67803,52.03336,3,3,4,07:00,-1,E06000042,3,2,1,0,2,19,"[7, 1]","[3, 5]",0,0,0,1,0,1,0,0,0,10,9
2024430494749,2024,430494749,448967,176860,-1.29614,51.48858,3,3,2,13:30,-1,E06000037,3,0,1,1,2,19,5,1,0,1,4,1,0,0,0,0,0,10,14
2024430495018,2024,430495018,455236,205391,-1.20137,51.74451,3,3,7,13:00,-1,E07000178,4,0,2,1,1,19,"[6, 4]","[2, 8]",0,0,0,1,0,1,0,0,0,10,12
2024430495410,2024,430495410,454317,207010,-1.21443,51.75915,3,3,2,11:30,-1,E07000178,3,0,2,1,1,"[9, 19]","[2, 6]","[1, 2]",0,0,0,1,1,0,0,0,0,10,14
2024430495419,2024,430495419,487291,171282,-0.74566,51.43382,3,3,7,16:50,-1,E06000036,3,0,1,0,2,"[19, 9]",8,"[4, 6]",0,0,0,1,0,1,0,0,0,10,12
2024430496011,2024,430496011,443258,172923,-1.37884,51.45364,3,3,3,07:46,-1,E06000037,1,2,2,1,2,"[3, 19]",6,2,0,0,0,1,0,0,0,0,0,10,15
2024430496973,2024,430496973,495004,181232,-0.63206,51.52202,3,3,2,06:18,-1,E06000039,6,0,1,0,1,"[9, 19]","[2, 8]","[8, 4]",0,0,0,1,0,1,0,0,0,10,14
2024430497160,2024,430497160,470734,175095,-0.98303,51.47041,3,3,3,08:02,-1,E06000038,6,2,1,1,1,"[5, 19]",0,0,0,0,0,1,0,1,0,0,1,11,5
2024430497307,2024,430497307,471566,228094,-0.96019,51.94675,3,3,3,19:00,-1,E06000060,5,2,1,1,2,19,-1,-1,0,1,9,1,0,0,0,0,0,10,15
2024430497324,2024,430497324,472489,173043,-0.95819,51.45174,3,3,3,14:55,-1,E06000038,3,0,1,0,1,"[9, 11]",8,"[6, 4]",0,0,0,1,0,0,0,0,0,10,15
2024430498019,2024,430498019,461851,205105,-1.10562,51.74124,2,2,4,10:10,-1,E07000179,3,0,1,0,2,19,"[6, 3]","[3, 6]",0,0,0,1,0,1,0,0,0,10,16
2024430498106,2024,430498106,443167,214295,-1.37506,51.82561,3,3,4,08:30,-1,E07000181,3,0,1,0,2,19,7,3,0,0,0,0,0,0,1,0,1,10,16
2024430498333,2024,430498333,449791,212595,-1.2792,51.80978,2,2,4,10:30,-1,E07000177,6,0,2,1,1,19,7,5,0,0,0,1,0,0,0,0,1,10,16
2024430498379,2024,430498379,484710,237803,-0.76661,52.03218,3,3,4,00:01,-1,E06000042,6,0,1,1,1,"[19, 4]",3,7,0,0,0,1,0,0,0,0,0,10,16
2024430498509,2024,430498509,471308,173419,-0.97511,51.45527,3,3,4,11:45,-1,E06000038,6,0,1,0,1,"[2, 19]","[0, 4]","[0, 8]",0,0,0,1,0,0,0,0,1,10,16
2024430498915,2024,430498915,489987,196052,-0.70056,51.65606,2,2,4,14:45,-1,E06000060,3,0,1,1,2,19,2,7,0,1,4,1,0,0,0,0,0,10,16
2024430499049,2024,430499049,472130,172479,-0.96347,51.44672,3,3,4,12:30,-1,E06000038,6,0,2,1,1,"[10, 19]",5,"[3, 1]",0,0,0,1,1,0,0,0,0,10,16
2024430499436,2024,430499436,501721,189174,-0.53298,51.59224,3,3,4,18:44,-1,E06000060,1,2,1,1,2,"[4, 19]",5,1,0,0,0,1,0,0,0,0,0,10,16
2024430499543,2024,430499543,495509,166772,-0.62868,51.39196,3,3,6,16:45,-1,E06000040,6,0,1,0,1,7,4,6,0,0,0,1,0,0,0,0,1,10,4
2024430499553,2024,430499553,482082,213977,-0.81058,51.8184,3,3,4,20:00,-1,E06000060,3,2,1,1,1,"[19, 9]",-1,-1,0,0,0,1,0,1,0,0,0,10,16
2024430499565,2024,430499565,470795,172962,-0.98258,51.45123,3,3,2,14:30,-1,E06000038,3,0,2,1,1,"[3, 19]",8,4,0,0,0,1,0,0,0,0,0,10,14
2024430499881,2024,430499881,473136,173197,-0.94885,51.45304,3,3,5,01:51,-1,E06000038,3,2,1,1,1,"[14, 19]",6,2,0,"[1, 0]","[1, 0]",1,0,0,1,0,1,10,17
2024430500059,2024,430500059,449854,197394,-1.28045,51.67311,3,3,5,07:25,-1,E07000180,3,0,1,0,1,"[9, 13]",2,"[8, 6]",0,0,0,1,1,0,0,0,0,10,17
2024430500064,2024,430500064,471688,172824,-0.96976,51.44987,2,2,5,07:51,-1,E06000038,3,0,1,1,1,19,2,8,0,0,0,1,0,0,0,0,1,10,17
2024430500406,2024,430500406,484973,194706,-0.77335,51.64474,3,3,5,10:37,-1,E06000060,6,0,1,0,1,"[19, 9]","[8, 3]","[5, 1]",0,0,0,1,0,0,0,0,0,10,17
2024430501091,2024,430501091,467941,179452,-1.0224,51.50992,2,2,5,15:21,-1,E07000179,3,0,1,0,2,"[19, 9]",4,"[8, 2]",0,0,0,1,0,1,0,0,0,10,17
2024430501487,2024,430501487,486399,237161,-0.74216,52.02615,2,2,5,18:30,-1,E06000042,6,2,1,0,1,"[19, 9]","[5, 7]","[1, 5]",0,0,0,1,0,1,0,0,0,10,17
2024430501623,2024,430501623,482502,214045,-0.80447,51.81895,3,3,5,08:25,-1,E06000060,3,0,1,0,1,"[19, 9]",1,0,0,0,0,1,1,0,0,0,0,10,17
2024430502028,2024,430502028,472306,168642,-0.96172,51.4122,3,3,5,20:10,-1,E06000041,4,2,1,0,1,"[8, 19]",1,"[3, 5]",0,0,0,1,0,0,0,0,0,10,17
2024430502056,2024,430502056,466668,173644,-1.04184,51.45786,3,3,5,17:20,-1,E06000038,6,0,1,0,1,19,"[8, 6]","[4, 2]",0,0,0,1,1,0,0,0,0,10,17
2024430502207,2024,430502207,469177,173030,-1.00585,51.45204,3,3,6,08:50,-1,E06000038,6,0,7,1,1,19,"[3, 1]","[7, 5]",0,0,0,1,1,0,0,0,0,10,18
2024430502631,2024,430502631,485512,191683,-0.7663,51.61749,3,3,6,12:40,-1,E06000060,5,0,1,0,1,"[9, 19]","[8, 6]","[6, 2]",0,0,0,1,0,1,0,0,0,10,18
2024430502721,2024,430502721,440083,213453,-1.4199,51.81827,2,2,6,13:30,-1,E07000181,3,0,1,0,2,"[19, 9]","[6, 2]","[2, 8]",0,0,0,1,0,1,0,0,0,10,18
2024430503141,2024,430503141,489097,239508,-0.70223,52.04681,3,3,6,17:14,-1,E06000042,6,0,1,0,2,"[7, 19]","[1, 8]",4,0,"[1, 0]",0,1,0,0,0,0,0,10,18
2024430503170,2024,430503170,425832,184244,-1.62879,51.55649,3,3,6,15:20,-1,E07000180,6,0,2,1,2,4,2,6,0,8,4,1,0,0,0,0,0,10,18
2024430503310,2024,430503310,487325,167595,-0.74608,51.40067,3,3,6,19:27,-1,E06000036,3,2,2,1,1,"[19, 4]",1,5,0,0,0,1,0,0,0,0,0,10,18
2024430503907,2024,430503907,486305,233412,-0.74447,51.99246,3,3,6,18:00,-1,E06000042,4,0,1,1,1,"[8, 19]","[1, 3]","[3, 7]",0,0,0,0,0,0,1,0,0,10,18
2024430503911,2024,430503911,486447,193393,-0.75237,51.63272,3,3,6,14:40,-1,E06000060,6,0,1,0,1,"[19, 11]",1,5,0,0,0,1,0,0,0,0,0,10,18
2024430504056,2024,430504056,497933,175029,-0.59158,51.46577,3,3,7,08:00,-1,E06000040,3,0,2,1,2,19,"[4, 8]","[8, 4]",0,"[1, 0]",0,1,0,0,0,0,0,10,19
2024430504341,2024,430504341,446522,225197,-1.32491,51.92336,3,3,7,12:45,-1,E07000177,3,0,1,0,2,"[9, 19]","[7, 5]","[5, 1]",0,0,0,1,0,0,0,0,0,10,19
2024430504466,2024,430504466,485660,192998,-0.76384,51.62929,3,3,7,14:41,-1,E06000060,5,0,1,0,1,"[9, 19]","[8, 6]","[6, 2]",0,0,0,1,0,1,0,0,0,10,19
2024430504522,2024,430504522,484226,193359,-0.78446,51.63275,3,3,6,15:00,-1,E06000060,3,0,1,0,1,"[19, 9]","[5, 7]","[1, 5]",0,0,0,1,0,1,0,0,0,10,18
2024430504606,2024,430504606,500246,176055,-0.558,51.47459,1,"[1, 2]",7,16:07,-1,E06000040,4,0,1,0,2,19,8,4,0,0,0,1,0,1,0,0,0,10,19
2024430504967,2024,430504967,452092,206142,-1.24679,51.75156,3,3,7,20:37,-1,E07000178,3,2,1,0,1,19,8,4,0,0,10,0,0,0,0,0,0,10,19
2024430505046,2024,430505046,485506,237288,-0.75514,52.02742,3,3,7,21:32,-1,E06000042,6,2,1,0,1,5,"[3, 5]","[7, 3]",0,0,0,1,0,1,0,0,0,10,19
2024430505359,2024,430505359,471216,172584,-0.9766,51.44777,3,3,1,00:45,-1,E06000038,3,2,1,1,1,"[19, 3]",3,7,0,0,0,1,0,0,0,0,0,10,20
2024430505465,2024,430505465,488896,196637,-0.71618,51.66149,3,3,1,02:52,-1,E06000060,5,2,9,0,1,19,"[7, 0]","[3, 0]",0,"[0, 1]","[0, 11]",1,0,0,0,0,0,10,20
2024430505484,2024,430505484,488081,233717,-0.71853,51.99492,3,3,7,21:10,-1,E06000042,6,2,1,0,1,"[9, 19]","[5, 1]","[3, 5]",0,0,0,1,0,0,0,0,0,10,19
2024430505493,2024,430505493,471444,173213,-0.97319,51.4534,3,3,7,17:45,-1,E06000038,6,0,1,0,1,"[7, 19]","[2, 4]","[4, 8]",0,0,0,1,0,0,0,1,0,10,19
2024430505625,2024,430505625,491773,187287,-0.67704,51.57699,3,3,1,07:24,-1,E06000060,5,0,1,1,2,19,2,7,0,1,9,1,0,0,0,0,0,10,20
2024430505751,2024,430505751,482650,237641,-0.79667,52.03103,3,3,1,11:42,-1,E06000042,6,0,1,1,1,"[9, 19]","[4, 8]","[2, 4]",0,0,0,1,0,0,0,0,0,10,20
2024430506166,2024,430506166,484104,208277,-0.78263,51.76686,3,3,1,17:01,-1,E06000060,4,0,1,0,2,19,"[6, 2]","[2, 6]",0,0,0,1,0,0,0,0,0,10,20
2024430506848,2024,430506848,501635,188057,-0.53455,51.58222,3,3,3,06:15,-1,E06000060,1,2,1,-1,2,"[3, 19]",2,6,0,0,0,1,0,0,0,0,0,10,22
2024430506898,2024,430506898,467701,163804,-1.02885,51.36927,3,3,2,07:30,-1,E06000037,6,2,1,1,2,19,6,2,0,3,4,1,0,0,0,0,0,10,21
2024430507014,2024,430507014,488725,238150,-0.70801,52.03467,3,3,2,09:00,-1,E06000042,6,0,1,0,1,"[7, 19]","[7, 1]","[3, 5]",0,0,0,1,0,0,0,0,0,10,21
2024430507335,2024,430507335,500618,182396,-0.55084,51.53152,3,3,2,11:32,-1,E06000060,3,0,1,0,2,"[19, 9]","[6, 2]","[2, 8]",0,0,0,1,0,0,0,0,0,10,21
2024430507415,2024,430507415,488665,243317,-0.70754,52.08112,3,3,2,06:55,-1,E06000042,6,2,1,0,1,19,"[7, 1]","[3, 5]",0,0,0,1,1,0,0,0,0,10,21
2024430507802,2024,430507802,486208,176260,-0.76002,51.47874,3,3,2,14:50,-1,E06000040,4,0,1,0,2,"[19, 4]",6,2,0,0,0,1,0,1,0,0,0,10,21
2024430507844,2024,430507844,473889,173417,-0.93797,51.45492,3,3,2,09:40,-1,E06000041,1,0,2,1,1,"[3, 19]",3,7,0,0,0,1,0,0,0,0,0,10,21
2024430508269,2024,430508269,501539,177828,-0.53888,51.49029,3,3,1,22:30,-1,E06000039,3,2,1,0,1,19,8,4,0,0,0,1,0,0,0,0,0,10,20
2024430508319,2024,430508319,442381,188635,-1.38957,51.59497,3,3,2,20:08,-1,E07000180,3,2,1,0,2,19,"[3, 1]","[7, 5]",0,0,0,1,0,0,0,0,0,10,21
2024430508787,2024,430508787,497289,180970,-0.59921,51.51928,2,2,6,16:26,-1,E06000039,6,0,1,0,1,"[9, 19]",8,"[6, 4]",0,0,0,1,0,1,0,0,0,10,18
2024430508863,2024,430508863,471900,197733,-0.96162,51.67378,3,3,3,06:30,-1,E07000179,1,2,1,0,2,19,4,8,0,"[4, 0]","[6, 0]",1,0,0,0,0,0,10,22
2024430508909,2024,430508909,452462,225705,-1.23847,51.9274,2,2,3,07:37,-1,E07000177,6,0,1,0,2,19,"[3, 7]","[7, 3]",0,0,0,1,0,0,1,0,0,10,22
2024430509460,2024,430509460,481082,214437,-0.82498,51.82268,3,3,3,12:37,-1,E06000060,5,0,1,0,1,19,"[5, 3]","[1, 7]",0,0,0,1,0,0,0,0,0,10,22
2024430509666,2024,430509666,444573,175771,-1.35956,51.47915,2,2,3,14:00,-1,E06000037,4,0,1,0,2,"[7, 19]","[6, 4]",8,0,0,0,1,0,1,0,0,0,10,22
2024430510198,2024,430510198,471246,172460,-0.97619,51.44666,2,2,3,17:15,-1,E06000038,6,0,1,1,1,"[6, 14]",4,"[4, 8]",0,0,0,1,1,0,0,0,0,10,22
2024430510766,2024,430510766,496806,180095,-0.60641,51.5115,3,3,3,13:01,-1,E06000039,3,0,1,0,1,"[19, 3]",7,3,0,0,0,1,0,0,0,0,0,10,22
2024430510775,2024,430510775,454943,206153,-1.20549,51.75138,2,2,3,07:55,-1,E07000178,4,0,1,0,1,"[7, 19]","[7, 5]","[3, 1]",0,0,0,1,1,0,0,0,0,10,22
2024430510868,2024,430510868,484952,238526,-0.7629,52.03864,3,3,2,07:30,-1,E06000042,6,0,2,1,1,"[19, 2]",-1,-1,0,0,0,1,0,0,1,0,0,10,14
2024430511022,2024,430511022,481705,214175,-0.816,51.82024,3,3,4,09:10,-1,E06000060,3,0,1,0,1,19,"[8, 2]","[4, 6]",0,0,0,1,1,0,0,0,0,10,23
2024430511050,2024,430511050,487688,200866,-0.73258,51.6997,2,2,4,09:23,-1,E06000060,3,0,1,0,2,19,"[7, 5]","[3, 1]",0,0,0,1,0,0,0,0,0,10,23
2024430511101,2024,430511101,487175,234757,-0.73146,52.00442,2,2,4,09:44,-1,E06000042,6,0,1,0,1,"[19, 5]","[1, 7]","[5, 3]",0,0,0,1,0,0,0,0,0,10,23
2024430512167,2024,430512167,484225,165149,-0.79121,51.37915,3,3,4,16:52,-1,E06000036,6,0,1,0,1,"[9, 19]","[1, 5]","[8, 1]",0,0,0,1,1,0,0,0,0,10,23
2024430512177,2024,430512177,495737,180434,-0.62172,51.51473,3,3,4,16:55,-1,E06000039,6,0,1,0,1,"[19, 9]",1,"[5, 7]",0,0,0,1,0,0,0,0,0,10,23
2024430512338,2024,430512338,482088,247309,-0.80254,52.11802,1,"[1, 3]",4,18:28,-1,E06000042,1,2,1,0,2,"[4, 19]",8,4,0,0,0,1,0,0,0,0,0,10,23