collision_index,collision_year,collision_ref_no,location_easting_osgr,location_northing_osgr,longitude,latitude,casualty_severity,casualty_severity,day_of_week,time,local_authority_district,local_authority_ons_district,first_road_class,light_conditions,weather_conditions,road_surface_conditions,urban_or_rural_area,vehicle_manoeuvre,vehicle_direction_from,vehicle_direction_to,hit_object_in_carriageway,vehicle_leaving_carriageway,hit_object_off_carriageway,is_car,is_cyle,is_mcyle,is_goodsv,is_other,is_pedestrian,month,day
2024430549451,2024,430549451,483053,239987,-0.79023,52.05206,3,3,4,14:10,-1,E06000042,6,0,1,0,1,"[3, 5]",4,6,0,0,0,1,0,0,0,0,0,11,13
2024430549542,2024,430549542,429998,195238,-1.56777,51.65514,3,3,4,14:30,-1,E07000180,3,0,1,0,2,"[19, 9]","[2, 6]","[6, 2]",0,0,0,1,1,0,0,0,0,11,13
2024430549633,2024,430549633,481116,238696,-0.81877,52.04074,3,3,2,17:00,-1,E06000042,6,0,1,0,2,19,"[8, 2]","[4, 6]",0,0,0,1,1,0,0,0,0,10,21
2024430549928,2024,430549928,483079,213107,-0.79633,51.81043,3,3,4,18:25,-1,E06000060,6,2,1,0,1,"[9, 19]","[4, 8]","[2, 4]",0,0,0,1,0,1,0,0,0,11,13
2024430549999,2024,430549999,495282,180760,-0.62818,51.51774,2,2,4,09:16,-1,E06000039,6,0,1,0,1,"[14, 19]",8,4,0,0,0,1,1,0,0,0,0,11,13
2024430550021,2024,430550021,486629,230588,-0.74046,51.96703,3,3,4,08:00,-1,E06000060,5,0,8,0,2,"[3, 19]",8,4,0,0,0,1,0,0,0,0,0,11,13
2024430550327,2024,430550327,447190,167014,-1.32304,51.4002,3,3,4,23:30,-1,E06000037,6,2,1,0,1,5,1,5,0,0,0,1,0,0,0,0,1,11,13
2024430550350,2024,430550350,448528,175768,-1.30261,51.4788,3,3,4,23:50,-1,E06000037,3,2,1,0,2,"[19, 2]","[5, 0]","[1, 0]",0,"[1, 0]","[7, 0]",1,0,0,1,0,0,11,13
2024430550475,2024,430550475,450670,208517,-1.26704,51.77304,3,3,4,17:40,-1,E07000178,3,2,1,0,1,"[9, 19]","[3, 1]","[1, 5]",0,0,0,1,1,0,0,0,0,11,13
2024430550706,2024,430550706,448527,206633,-1.29836,51.75629,3,3,4,08:30,-1,E07000180,3,0,1,0,2,19,7,3,0,0,0,1,0,1,0,0,0,11,13
2024430550738,2024,430550738,461449,191498,-1.11383,51.61896,3,3,5,08:52,-1,E07000179,3,0,1,1,2,"[19, 5]","[4, 5]","[8, 1]",0,0,0,1,0,0,1,0,0,11,14
2024430550747,2024,430550747,432856,209067,-1.52516,51.77931,2,2,5,09:16,-1,E07000181,3,0,1,1,2,4,7,3,0,0,0,0,0,1,0,0,0,11,14
2024430550828,2024,430550828,490003,190397,-0.70178,51.60523,3,3,5,16:50,-1,E06000060,5,2,1,0,1,7,4,6,0,0,0,1,0,0,0,0,1,11,14
2024430551005,2024,430551005,466458,173449,-1.04489,51.45613,3,3,3,19:15,-1,E06000038,6,2,1,0,1,19,"[2, 4]","[6, 8]",0,0,0,1,0,1,0,0,0,11,12
2024430551006,2024,430551006,488355,238450,-0.71332,52.03742,3,3,5,00:01,-1,E06000042,5,0,1,0,1,"[19, 5]","[7, 1]","[3, 7]",0,0,0,1,0,0,0,0,0,11,14
2024430551053,2024,430551053,445226,206474,-1.3462,51.75514,3,3,6,07:21,-1,E07000180,4,0,2,1,2,19,5,1,0,0,0,0,1,0,0,0,0,11,1
2024430551536,2024,430551536,488057,179698,-0.73255,51.50936,3,3,4,09:28,-1,E06000040,6,0,1,0,1,"[7, 9]","[4, 8]",6,0,0,0,1,0,0,0,0,0,11,13
2024430551554,2024,430551554,483735,236565,-0.78112,52.0212,3,3,4,08:10,-1,E06000042,6,0,1,-1,1,"[2, 19]",8,4,0,0,0,1,0,0,0,0,0,11,13
2024430551580,2024,430551580,484401,238226,-0.77101,52.03603,3,3,7,19:15,-1,E06000042,6,2,1,0,1,19,-1,-1,0,0,0,0,0,1,0,0,1,11,9
2024430551915,2024,430551915,428171,206556,-1.59327,51.75699,3,3,5,18:33,-1,E07000181,6,2,4,1,1,19,8,4,0,0,0,1,0,0,0,0,1,11,14
2024430552423,2024,430552423,470414,176433,-0.98737,51.48248,3,3,5,08:49,-1,E06000038,6,0,1,0,1,19,2,6,0,0,0,1,0,0,0,0,1,11,14
2024430552578,2024,430552578,449905,210178,-1.27789,51.78804,3,3,5,16:45,-1,E07000178,3,2,1,0,1,"[3, 19]",3,7,0,0,0,1,0,0,0,0,0,11,14
2024430552660,2024,430552660,493467,180983,-0.65427,51.52004,3,3,6,06:51,-1,E06000039,3,0,1,0,1,19,"[3, 1]","[7, 5]",0,0,0,1,1,0,0,0,0,11,15
2024430553587,2024,430553587,472259,170685,-0.96198,51.43057,3,3,3,08:50,-1,E06000038,6,0,1,0,1,"[19, 13]",5,1,0,0,0,1,1,0,0,0,0,11,12
2024430553692,2024,430553692,498064,182264,-0.58768,51.53078,3,3,6,08:32,-1,E06000060,4,0,1,0,1,"[8, 14]",8,"[2, 4]",0,0,0,1,0,0,0,0,0,11,15
2024430553756,2024,430553756,459395,223003,-1.13812,51.90241,3,3,6,16:36,-1,E07000177,6,2,1,0,1,"[19, 9]","[6, 4]",2,0,0,0,1,0,1,0,0,0,11,15
2024430553940,2024,430553940,502981,185714,-0.51582,51.56091,3,3,6,17:45,-1,E06000060,1,2,1,0,2,"[4, 19]",3,7,0,0,0,1,0,0,0,0,0,11,15
2024430555213,2024,430555213,493034,173125,-0.66258,51.44948,3,3,7,15:00,-1,E06000036,4,0,1,0,2,"[13, 19]",1,5,0,0,0,1,0,1,0,0,0,11,16
2024430555215,2024,430555215,451198,206771,-1.25965,51.75729,2,2,7,14:33,-1,E07000178,3,0,1,0,1,19,1,5,0,0,0,1,0,1,0,0,0,11,16
2024430555487,2024,430555487,483596,238310,-0.78272,52.0369,3,3,7,17:42,-1,E06000042,3,0,2,1,2,"[12, 11]","[8, 6]","[4, 3]",0,0,0,1,0,0,0,0,0,11,16
2024430555511,2024,430555511,503611,178255,-0.50892,51.49375,3,3,7,18:01,-1,E06000039,1,0,1,0,2,"[4, 19, 11]",6,2,0,0,0,1,0,0,0,0,0,11,16
2024430555643,2024,430555643,459091,222546,-1.14262,51.89834,3,3,7,14:45,-1,E07000177,6,0,1,0,1,9,2,8,0,0,0,1,0,0,0,0,1,11,16
2024430555735,2024,430555735,451196,206711,-1.25968,51.75676,3,3,7,20:53,-1,E07000178,3,2,1,0,1,"[9, 19]","[3, 1]","[1, 5]",0,0,0,1,0,0,1,0,0,11,16
2024430555926,2024,430555926,448402,207749,-1.30002,51.76634,2,2,7,23:11,-1,E07000180,3,2,1,0,2,19,8,4,0,0,0,1,0,1,0,0,0,11,16
2024430556079,2024,430556079,471137,173771,-0.9775,51.45846,2,2,1,01:10,-1,E06000038,3,2,1,0,1,9,2,7,0,0,0,1,0,0,0,0,1,11,17
2024430556151,2024,430556151,487598,199387,-0.73425,51.68642,3,3,1,02:49,-1,E06000060,3,2,2,1,2,"[4, 19]","[1, 5]","[5, 1]",0,0,0,1,0,0,0,0,0,11,17
2024430556210,2024,430556210,486208,238870,-0.74451,52.04154,3,3,7,17:47,-1,E06000042,6,2,8,1,2,"[3, -1]","[6, -1]","[2, -1]","[0, -1]","[0, -1]","[0, -1]",1,0,0,0,0,0,11,16
2024430556436,2024,430556436,504519,178960,-0.49564,51.49992,2,2,1,10:46,-1,E06000060,1,0,1,0,2,"[12, 19]",4,8,0,0,0,1,0,1,0,0,0,11,17
2024430556498,2024,430556498,486805,238261,-0.73596,52.03597,2,2,1,07:47,-1,E06000042,4,0,1,0,2,19,"[6, 4]","[2, 8]",0,"[0, 3]",0,1,1,0,0,0,0,11,17
2024430556792,2024,430556792,501544,187719,-0.53596,51.5792,2,2,1,15:30,-1,E06000060,3,0,5,1,2,19,8,4,0,1,0,0,0,1,0,0,0,11,17
2024430556901,2024,430556901,487774,179504,-0.73667,51.50766,3,3,1,17:00,-1,E06000040,2,2,2,1,1,19,0,0,0,0,0,1,0,0,0,0,0,11,17
2024430556985,2024,430556985,485603,234001,-0.75454,51.99786,3,3,1,17:12,-1,E06000042,6,0,1,0,1,19,"[4, 3]","[8, 7]",0,0,0,1,0,0,0,0,0,11,17
2024430557175,2024,430557175,480747,214554,-0.82981,51.82378,3,3,1,20:37,-1,E06000060,3,2,1,0,1,19,4,8,0,0,0,1,0,0,0,0,1,11,17
2024430557499,2024,430557499,450812,208969,-1.26492,51.77709,3,3,1,17:50,-1,E07000178,6,2,2,1,1,"[5, 19]",5,1,0,0,0,1,1,0,0,0,0,11,17
2024430557502,2024,430557502,477031,175654,-0.89227,51.47461,3,3,6,07:40,-1,E06000041,3,0,1,1,2,19,"[6, 4]","[2, 8]",0,0,0,1,1,0,0,0,0,11,8
2024430557504,2024,430557504,482100,213497,-0.81043,51.81408,3,3,7,21:15,-1,E06000060,3,2,2,1,1,"[8, 11]",4,"[7, 8]",0,0,0,1,0,0,0,0,0,11,16
2024430557793,2024,430557793,464711,170485,-1.07058,51.42968,3,3,2,09:33,-1,E06000037,6,0,1,0,2,14,5,1,0,0,0,1,0,0,0,0,1,11,18
2024430557799,2024,430557799,473638,202368,-0.93552,51.71522,2,"[2, 3]",2,09:47,-1,E07000179,4,0,1,1,2,19,"[4, 1]","[1, 4]",0,0,0,1,0,0,0,0,0,11,18
2024430557900,2024,430557900,472032,172921,-0.96479,51.4507,3,3,2,16:10,-1,E06000038,3,0,1,0,1,4,"[5, 7]","[8, 3]",0,0,0,0,1,1,0,0,0,11,18
2024430558431,2024,430558431,496314,180206,-0.61347,51.51258,3,3,2,14:01,-1,E06000039,6,0,2,1,1,"[19, 2]","[4, 0]","[8, 0]","[8, 0]",0,0,1,0,1,0,0,0,11,11
2024430558508,2024,430558508,497303,179072,-0.59953,51.50222,3,3,2,14:20,-1,E06000039,1,0,2,1,1,"[19, 12]",7,3,0,"[4, 0]","[6, 0]",1,0,0,0,0,0,11,18
2024430558552,2024,430558552,487100,234833,-0.73253,52.00511,3,3,2,14:10,-1,E06000042,6,0,1,0,1,19,4,8,0,"[1, 0]","[2, 0]",1,0,0,0,0,0,11,18
2024430558616,2024,430558616,475981,175210,-0.90748,51.47076,3,3,2,15:19,-1,E06000041,6,0,1,1,1,19,"[0, 5]","[0, 1]",0,"[8, 0]","[11, 0]",1,0,0,0,0,0,11,18
2024430558693,2024,430558693,486974,237968,-0.73357,52.03331,3,3,2,15:41,-1,E06000042,6,0,1,1,2,"[19, 11]","[5, 7]",1,0,0,0,1,0,0,0,0,0,11,18
2024430558978,2024,430558978,491600,239498,-0.66575,52.04632,2,"[2, 3]",2,18:19,-1,E06000042,6,2,2,1,2,19,"[6, 2]","[2, 6]",0,0,"[0, -1]",1,0,0,0,0,0,11,18
2024430558981,2024,430558981,498717,182268,-0.57827,51.5307,3,3,2,18:28,-1,E06000060,6,2,2,1,1,"[9, 19]","[7, 1]",5,0,0,0,1,0,1,0,0,0,11,18
2024430559078,2024,430559078,479920,224724,-0.83946,51.91532,3,3,2,17:09,-1,E06000060,3,2,2,1,2,"[4, 9]","[8, 2]","[4, 8]",0,"[1, 0]",0,1,0,0,0,0,0,11,18
2024430559188,2024,430559188,502109,178175,-0.53057,51.49331,3,3,2,19:32,-1,E06000039,1,2,2,1,1,"[4, 1]","[7, 3]","[3, 7]",0,0,0,1,0,0,0,0,0,11,18
2024430559229,2024,430559229,471293,198575,-0.97023,51.68142,2,2,2,21:48,-1,E07000179,1,2,2,1,2,19,4,8,0,1,11,1,0,0,0,0,0,11,18
2024430559364,2024,430559364,487196,169123,-0.74755,51.41443,3,3,3,00:25,-1,E06000036,6,2,1,1,1,19,1,6,10,2,2,1,0,0,0,0,0,11,19
2024430559467,2024,430559467,440756,198633,-1.41187,51.68498,2,2,2,16:13,-1,E07000180,3,0,2,1,2,19,"[3, 1]","[7, 5]",0,0,0,1,0,1,0,0,0,11,18
2024430559480,2024,430559480,442887,219165,-1.37852,51.86942,3,3,2,17:50,-1,E07000181,3,2,2,1,2,"[9, 19]",8,"[6, 4]",0,0,0,1,0,1,0,0,0,11,18
2024430560153,2024,430560153,479872,165130,-0.85374,51.37961,3,3,3,07:45,-1,E06000041,4,0,2,1,1,19,"[6, 4]","[2, 8]",0,0,0,1,1,0,0,0,0,11,19
2024430560490,2024,430560490,425396,211517,-1.63311,51.80172,3,3,5,12:00,-1,E07000181,3,0,1,0,2,"[10, 9]","[7, 5]",3,0,0,0,1,0,0,0,0,0,12,19
2024430560647,2024,430560647,487676,232667,-0.7247,51.98555,3,3,3,16:30,-1,E06000042,6,2,8,1,1,19,"[2, 3]","[6, 7]","[9, 0]","[2, 0]",0,1,0,1,0,0,0,11,19
2024430560902,2024,430560902,487556,179349,-0.73985,51.5063,3,3,2,15:10,-1,E06000040,6,0,1,1,1,3,9,9,0,0,0,1,0,0,0,0,0,11,18
2024430561075,2024,430561075,495323,181981,-0.62726,51.5287,3,3,3,21:45,-1,E06000039,6,2,1,0,1,"[9, 19]","[3, 1]","[1, 5]",0,0,0,1,0,1,0,0,0,11,19
2024430561367,2024,430561367,458764,186613,-1.15343,51.57533,2,2,4,07:01,-1,E07000179,6,2,1,0,2,19,5,1,0,0,0,1,0,0,0,0,1,11,20
2024430561402,2024,430561402,445095,240768,-1.34362,52.06346,3,3,4,07:40,-1,E07000177,4,2,8,1,1,"[5, 19]","[6, 3]","[2, 7]",0,0,0,1,1,0,0,0,0,11,20
2024430561719,2024,430561719,503213,181266,-0.51377,51.52089,3,3,4,07:30,-1,E06000060,4,0,8,1,2,"[2, 14]","[0, 3]","[0, 7]",0,0,0,1,0,0,1,0,1,11,20
2024430561754,2024,430561754,470688,205581,-0.97756,51.74448,3,3,4,09:15,-1,E07000179,6,0,1,2,1,3,5,1,0,0,0,1,0,0,0,0,1,11,20
2024430561766,2024,430561766,487728,233825,-0.72365,51.99595,3,3,2,16:52,-1,E06000042,6,2,2,1,1,-1,-1,-1,-1,-1,-1,0,0,0,0,0,1,11,18
2024430561962,2024,430561962,450038,189216,-1.27896,51.59957,2,2,4,13:06,-1,E07000180,3,0,1,0,2,"[19, 2]","[1, 0]","[5, 0]",0,0,0,1,0,0,1,0,0,11,20
2024430562528,2024,430562528,434459,192560,-1.50355,51.6308,2,2,4,17:37,-1,E07000180,3,2,1,1,2,19,"[8, 4]","[4, 8]",0,0,0,1,0,1,0,0,0,11,20
2024430562880,2024,430562880,473448,173332,-0.94433,51.45421,2,2,4,22:47,-1,E06000038,3,2,1,1,1,19,3,7,0,0,0,1,0,0,0,0,1,11,20
2024430563287,2024,430563287,439803,187818,-1.42688,51.58782,3,3,4,08:30,-1,E07000180,6,0,1,2,1,1,1,5,0,0,0,1,0,0,0,0,1,11,20
2024430563339,2024,430563339,477643,170926,-0.8845,51.43203,3,3,3,08:10,-1,E06000041,3,0,2,1,1,19,4,8,0,0,0,1,0,0,0,0,1,11,19
2024430563420,2024,430563420,486280,192828,-0.75493,51.62766,3,3,4,18:00,-1,E06000060,6,2,1,0,1,"[9, 19]","[6, 8]",4,0,0,0,1,0,1,0,0,0,11,20
2024430563449,2024,430563449,487817,232904,-0.72259,51.98766,3,3,4,18:20,-1,E06000042,6,2,1,0,1,"[19, -1]",1,5,0,0,0,1,0,0,0,0,0,11,20
2024430563495,2024,430563495,440730,234592,-1.40802,52.00827,3,3,4,14:28,-1,E07000177,6,0,1,0,2,19,"[7, 1]","[3, 5]",0,"[1, 0]","[11, 0]",1,0,0,0,0,0,11,20
2024430563502,2024,430563502,465160,166220,-1.0649,51.39129,3,3,5,11:00,-1,E06000037,6,0,1,1,2,19,"[3, 2]",6,0,0,0,1,0,1,0,0,0,11,21
2024430563589,2024,430563589,483344,164570,-0.804,51.37408,3,3,4,07:10,-1,E06000041,6,2,1,0,1,"[7, 19]","[3, 1]",5,0,0,0,1,1,0,0,0,0,11,20
2024430563978,2024,430563978,488567,191641,-0.72219,51.61664,3,3,5,14:15,-1,E06000060,6,0,1,1,1,"[4, 19]",6,2,0,0,0,1,0,0,0,0,0,11,21
2024430564120,2024,430564120,498551,181492,-0.58088,51.52376,2,2,3,15:40,-1,E06000039,6,0,1,0,1,19,5,1,0,0,0,0,1,0,0,0,1,11,12
2024430564238,2024,430564238,486007,241086,-0.74688,52.06149,3,3,5,16:32,-1,E06000042,6,2,1,0,1,5,4,8,0,0,0,1,0,0,0,0,0,11,21
2024430564489,2024,430564489,470968,205658,-0.97349,51.74514,3,3,5,19:00,-1,E07000179,6,2,1,0,1,7,8,3,0,0,0,1,0,0,0,0,1,11,21
2024430564527,2024,430564527,456963,222561,-1.17354,51.89869,3,3,5,15:35,-1,E07000177,6,0,8,0,1,"[8, 19]",8,"[3, 4]",0,0,0,1,0,1,0,0,0,11,21
2024430564540,2024,430564540,495220,180334,-0.62919,51.51392,3,3,5,08:23,-1,E06000039,6,0,1,0,2,"[10, 19]","[4, 0]","[2, 0]",0,0,0,1,0,0,0,0,0,11,21
2024430564982,2024,430564982,455313,204067,-1.20046,51.73259,3,3,5,16:46,-1,E07000178,3,2,1,0,1,19,6,2,0,0,0,1,0,1,0,0,0,11,21
2024430565054,2024,430565054,475337,235563,-0.9037,52.01339,3,3,6,06:03,-1,E06000060,5,2,3,2,2,19,1,4,0,1,4,1,0,0,0,0,0,11,22
2024430565070,2024,430565070,487016,237406,-0.7331,52.02825,3,3,6,07:10,-1,E06000042,4,0,1,2,2,19,1,5,0,"[3, 0]","[4, 0]",1,0,0,0,0,0,11,22
2024430565172,2024,430565172,494477,220560,-0.62901,51.87562,3,3,6,09:15,-1,E06000060,6,0,1,2,2,19,"[6, 3]","[2, 6]",0,0,0,1,0,0,0,0,0,11,22
2024430566038,2024,430566038,450581,209692,-1.26816,51.78361,3,3,6,13:00,-1,E07000178,3,0,1,0,1,19,5,1,"[7, 10]","[0, 1]",0,0,1,1,0,0,0,11,22
2024430566400,2024,430566400,468240,174474,-1.01905,51.46513,3,3,6,19:28,-1,E06000038,3,2,1,1,1,19,4,8,0,0,0,1,0,0,0,0,0,11,22
2024430566411,2024,430566411,453021,202812,-1.23384,51.72153,3,3,6,16:30,-1,E07000178,3,2,1,0,2,"[19, 3]",3,7,0,0,0,1,0,0,0,0,0,11,22
2024430566427,2024,430566427,483899,212598,-0.78456,51.80574,3,3,6,17:20,-1,E06000060,6,2,1,0,1,19,2,6,0,0,0,1,0,0,0,0,1,11,22
2024430566456,2024,430566456,453359,204316,-1.22872,51.73502,2,2,7,20:30,-1,E07000178,6,2,2,1,1,"[7, 19]","[5, 3]",7,0,0,0,1,1,0,0,0,0,11,16
2024430566574,2024,430566574,474992,173898,-0.922,51.4591,3,3,6,21:54,-1,E06000041,3,2,2,1,1,"[9, 2]","[5, 0]","[2, 0]",0,0,0,1,0,0,0,0,0,11,22
2024430566920,2024,430566920,500153,187926,-0.55597,51.58131,3,3,6,17:24,-1,E06000060,3,2,1,0,1,"[19, 3]",4,8,0,0,0,1,0,0,0,0,0,11,22
2024430567080,2024,430567080,488575,239931,-0.70973,52.0507,2,"[3, 2]",7,09:08,-1,E06000042,6,0,5,1,1,"[19, 9]","[4, 8]","[8, 6]",0,"[0, 7]",0,1,0,0,0,0,0,11,23
2024430567167,2024,430567167,468543,178961,-1.01382,51.50543,2,2,7,10:50,-1,E07000179,3,0,5,1,2,19,4,8,11,0,0,0,0,0,1,0,0,11,23
2024430567263,2024,430567263,488170,196467,-0.72671,51.66008,3,3,7,12:10,-1,E06000060,5,0,2,1,1,19,6,2,0,0,0,1,0,0,0,0,0,11,23
2024430567278,2024,430567278,492586,180978,-0.66697,51.52014,3,3,7,12:21,-1,E06000060,4,0,2,1,1,"[9, 19]","[7, 1]",5,0,0,0,1,0,0,0,0,0,11,23
2024430567533,2024,430567533,467452,174837,-1.03033,51.46849,3,3,6,17:15,-1,E06000038,6,2,1,0,1,"[2, 19]","[0, 2]","[0, 6]",0,0,0,1,0,0,0,0,1,11,22
2024430568784,2024,430568784,498883,176512,-0.57749,51.47893,3,3,1,11:45,-1,E06000040,6,0,1,1,2,19,2,6,0,0,0,1,0,0,0,0,1,11,24
2024430568816,2024,430568816,482947,213625,-0.79812,51.81511,2,2,1,15:36,-1,E06000060,3,2,1,0,1,19,7,3,0,0,0,0,1,0,0,0,0,11,24
2024430569031,2024,430569031,504191,185861,-0.49832,51.56201,3,3,1,18:30,-1,E06000060,1,2,5,1,2,"[9, 19]","[7, 5]","[5, 1]",0,0,0,1,0,0,0,0,0,11,24
2024430569770,2024,430569770,487549,166779,-0.74306,51.39331,3,3,2,10:00,-1,E06000036,6,0,1,0,1,19,"[4, 2]","[8, 6]",0,0,0,1,0,0,0,0,0,11,25
2024430570568,2024,430570568,500581,186996,-0.55006,51.57287,3,3,1,13:05,-1,E06000060,6,0,1,0,1,"[19, 10]",8,"[2, 6]",0,0,0,1,0,0,0,0,0,11,24
2024430570847,2024,430570847,478555,176993,-0.87004,51.48644,3,3,2,18:51,-1,E06000041,3,2,1,0,2,"[3, 19]",4,8,0,0,0,1,0,0,0,0,0,11,25
2024430570886,2024,430570886,480200,221919,-0.83604,51.89007,3,3,2,19:37,-1,E06000060,3,2,1,0,2,"[4, 19, 15]","[6, 2]","[2, 6]",0,0,0,1,0,0,1,0,0,11,25
2024430570944,2024,430570944,442083,225400,-1.38943,51.92553,2,2,2,20:30,-1,E07000181,4,2,1,0,2,"[19, 9]","[3, 5]","[7, 3]",0,0,0,1,0,1,0,0,0,11,25
2024430571003,2024,430571003,477033,206471,-0.88548,51.75165,2,2,2,21:15,-1,E06000060,3,2,2,1,2,19,4,8,0,1,4,1,0,0,0,0,0,11,25
2024430571305,2024,430571305,496204,180819,-0.61488,51.51811,3,3,2,19:18,-1,E06000039,3,2,1,0,1,"[19, 3]",1,5,0,0,0,1,0,0,0,0,0,11,25
2024430571398,2024,430571398,480008,232502,-0.83637,51.98522,3,3,3,07:21,-1,E06000060,3,0,1,1,2,"[7, 19]","[5, 3]",7,0,0,0,1,0,0,0,0,0,11,26
2024430571417,2024,430571417,424834,204713,-1.64174,51.74058,3,3,3,07:41,-1,E07000181,4,0,1,1,2,"[4, 19]",6,2,0,0,0,1,0,0,0,0,0,11,26
2024430572500,2024,430572500,499496,193955,-0.56374,51.63561,3,3,3,15:42,-1,E06000060,4,2,1,1,2,19,"[6, 2]","[2, 6]",0,0,0,1,0,0,0,0,0,11,26
2024430572523,2024,430572523,485136,167548,-0.77755,51.40058,3,3,5,08:11,-1,E06000036,6,0,1,0,2,"[3, 19]",4,8,0,0,0,1,0,0,0,0,0,11,21
2024430572566,2024,430572566,487420,236891,-0.72735,52.02356,2,2,3,16:05,-1,E06000042,4,2,1,0,1,"[19, 9]","[5, 3]","[1, 7]",0,0,"[0, 2]",1,0,0,0,0,0,11,26
2024430572845,2024,430572845,427312,210866,-1.60537,51.79578,2,2,3,19:00,-1,E07000181,3,2,1,0,2,19,"[4, 8]","[8, 4]",0,0,0,1,0,0,0,0,0,11,26
2024430572851,2024,430572851,488208,180949,-0.73006,51.52058,2,2,6,18:55,-1,E06000040,6,2,1,1,1,19,5,1,0,0,0,1,0,0,0,0,1,1,26
2024430574020,2024,430574020,487760,242627,-0.72092,52.07506,3,3,4,05:50,-1,E06000042,3,2,2,1,2,19,7,3,0,0,0,1,1,0,0,0,0,11,27
2024430574124,2024,430574124,483915,163560,-0.79604,51.36492,3,3,4,12:50,-1,E06000036,6,0,1,0,1,"[9, 19]","[6, 2]","[3, 6]",0,0,0,1,0,0,0,0,0,11,27
2024430574563,2024,430574563,450995,205934,-1.26271,51.74979,3,3,4,10:20,-1,E07000178,6,0,1,1,1,"[1, 2]","[3, 0]","[7, 0]",0,0,0,1,0,1,0,0,0,11,27
2024430574673,2024,430574673,473101,173192,-0.94935,51.453,3,3,4,16:50,-1,E06000038,6,0,1,0,1,4,3,7,0,0,0,1,0,1,0,0,0,11,27
2024430575223,2024,430575223,490845,190137,-0.68969,51.60276,2,2,5,00:10,-1,E06000060,1,2,1,1,1,19,4,8,0,1,7,1,0,0,0,0,0,11,28
2024430575472,2024,430575472,501798,187456,-0.53237,51.57679,1,"[3, 1]",5,06:55,-1,E06000060,3,2,7,2,2,19,8,4,0,1,4,1,0,0,0,0,0,11,28
2024430576297,2024,430576297,486132,240743,-0.74515,52.05838,3,3,5,14:45,-1,E06000042,6,0,1,0,1,"[11, 19]",6,"[8, 2]",0,0,0,1,0,0,0,0,0,11,28
2024430576405,2024,430576405,450673,206239,-1.26733,51.75256,3,3,7,23:10,-1,E07000178,3,2,2,1,1,7,3,5,0,0,0,0,0,0,1,0,1,11,23
2024430576448,2024,430576448,473804,211082,-0.93127,51.79353,3,3,5,10:50,-1,E06000060,5,0,7,1,2,"[19, 10]",6,"[3, 4]",0,0,0,1,0,0,0,0,0,11,28
2024430576611,2024,430576611,482703,213708,-0.80164,51.81589,2,2,5,17:15,-1,E06000060,5,2,1,0,1,9,2,8,0,0,0,1,0,0,0,0,1,11,28
2024430576897,2024,430576897,464303,171018,-1.07635,51.43452,2,2,4,17:10,-1,E06000037,6,2,1,0,1,19,"[6, 4]","[2, 8]",0,0,0,1,1,0,0,0,0,11,27
2024430577282,2024,430577282,437843,172250,-1.45684,51.44798,3,3,6,04:53,-1,E06000037,1,2,1,1,2,"[2, 19]","[0, 7]","[0, 3]",0,"[0, 1]","[0, 9]",1,0,0,1,0,0,11,29
2024430577449,2024,430577449,480730,171039,-0.84008,51.43261,3,3,6,09:05,-1,E06000041,3,0,1,1,2,"[19, 9]","[5, 1, 3]","[1, 5]",0,0,0,1,0,0,0,0,0,11,29
2024430577685,2024,430577685,448676,206670,-1.2962,51.75661,3,3,6,11:13,-1,E07000180,3,0,1,0,2,19,5,1,0,"[0, 2]","[0, 4]",1,0,0,0,0,0,11,29
2024430578360,2024,430578360,491099,188116,-0.68655,51.58455,3,3,6,13:00,-1,E06000060,3,0,8,0,2,"[3, 19]",6,2,0,0,0,1,0,0,0,0,0,11,29
2024430578498,2024,430578498,453099,204312,-1.23248,51.73501,3,3,6,17:27,-1,E07000178,3,2,1,0,1,"[7, 19]","[6, 5]",1,0,0,0,1,1,0,0,0,0,11,29
2024430578500,2024,430578500,487651,182115,-0.73779,51.53115,3,3,5,15:40,-1,E06000040,6,0,1,0,1,9,4,2,0,0,0,1,0,0,0,0,1,11,28
2024430578540,2024,430578540,496503,202021,-0.60474,51.70864,3,3,7,16:50,-1,E06000060,6,2,1,1,1,19,"[7, 3]","[3, 7]",0,0,0,1,0,0,0,0,0,11,30
2024430578652,2024,430578652,446582,227529,-1.32373,51.94432,3,3,6,18:32,-1,E07000177,3,2,1,0,2,19,5,1,11,0,0,1,0,0,0,0,1,11,29
2024430578836,2024,430578836,502426,178183,-0.52601,51.49332,3,3,6,20:08,-1,E06000039,1,2,1,1,2,"[19, 4]",7,3,0,0,0,1,0,0,0,0,0,11,29
2024430578902,2024,430578902,495578,180315,-0.62404,51.51369,3,3,6,20:55,-1,E06000039,6,2,1,0,1,19,"[2, 8]","[6, 4]",0,0,0,1,1,0,0,0,0,11,29
2024430578903,2024,430578903,488769,210878,-0.71439,51.78953,2,2,6,20:51,-1,E06000060,4,2,1,0,2,19,"[6, 2]","[2, 6]",0,0,0,1,0,0,0,0,0,11,29
2024430579108,2024,430579108,485640,187290,-0.76552,51.57798,3,3,6,23:31,-1,E06000060,6,2,1,0,1,19,4,8,0,1,11,1,0,0,0,0,0,11,29