collision_index,collision_year,collision_ref_no,location_easting_osgr,location_northing_osgr,longitude,latitude,casualty_severity,casualty_severity,day_of_week,time,local_authority_district,local_authority_ons_district,first_road_class,light_conditions,weather_conditions,road_surface_conditions,urban_or_rural_area,vehicle_manoeuvre,vehicle_direction_from,vehicle_direction_to,hit_object_in_carriageway,vehicle_leaving_carriageway,hit_object_off_carriageway,is_car,is_cyle,is_mcyle,is_goodsv,is_other,is_pedestrian,month,day
2024430579204,2024,430579204,502120,187089,-0.52783,51.57343,1,1,7,00:02,-1,E06000060,3,2,9,1,2,19,8,4,10,1,10,1,0,0,0,0,0,11,30
2024430579567,2024,430579567,467501,169813,-1.03058,51.42332,3,3,7,11:33,-1,E06000037,6,0,1,1,2,19,"[5, 1]","[1, 5]",0,0,0,1,0,0,0,0,0,11,30
2024430579627,2024,430579627,448952,210341,-1.29168,51.78959,3,3,7,12:28,-1,E07000177,3,0,1,0,2,19,6,2,0,0,0,1,0,0,0,0,0,11,30
2024430580025,2024,430580025,499250,179307,-0.57142,51.50399,3,3,7,17:25,-1,E06000039,3,2,1,0,1,"[9, 14]","[6, 4]","[4, 8]",0,0,0,1,0,1,0,0,0,11,30
2024430580119,2024,430580119,459042,199470,-1.14725,51.69089,3,3,7,18:30,-1,E07000179,4,2,1,1,2,19,8,4,0,1,4,0,1,0,0,0,0,11,30
2024430580168,2024,430580168,451453,206208,-1.25604,51.75221,3,3,6,16:40,-1,E07000178,3,2,1,0,1,6,3,7,0,0,0,1,0,0,0,0,1,11,29
2024430580178,2024,430580178,458351,221648,-1.15352,51.89034,3,3,6,13:10,-1,E07000177,3,0,1,0,2,"[3, 19]",4,8,0,0,0,1,0,0,0,0,0,11,29
2024430580202,2024,430580202,455476,204381,-1.19805,51.7354,3,3,6,12:30,-1,E07000178,3,0,1,0,1,"[19, 7]","[1, 3]",5,0,"[7, 0]",0,1,1,0,0,0,0,11,29
2024430580216,2024,430580216,453135,205519,-1.23178,51.74586,3,3,6,17:20,-1,E07000178,4,2,8,0,1,19,6,8,0,0,0,0,0,1,0,0,1,11,29
2024430580220,2024,430580220,477215,170611,-0.89072,51.42925,3,3,7,19:33,-1,E06000041,6,2,2,1,2,19,"[8, 6]","[4, 2]",0,0,0,1,0,0,0,0,0,11,30
2024430580266,2024,430580266,454876,205443,-1.20657,51.74501,3,3,7,19:53,-1,E07000178,6,2,1,0,1,"[1, 19]","[1, 3]","[5, 7]",0,0,0,1,0,0,0,0,0,11,30
2024430580423,2024,430580423,484489,213687,-0.77574,51.81544,3,3,7,22:20,-1,E06000060,6,2,9,-1,2,19,"[5, 2]","[2, 5]",0,0,0,1,0,0,0,0,0,11,30
2024430580580,2024,430580580,451208,206667,-1.25952,51.75636,2,2,1,00:01,-1,E07000178,3,2,1,0,1,5,1,5,0,0,0,0,0,0,0,0,0,12,1
2024430580680,2024,430580680,497291,180007,-0.59945,51.51062,3,3,1,00:17,-1,E06000039,3,2,1,0,1,19,8,4,0,"[6, 0]","[6, 0]",1,0,0,0,0,0,12,1
2024430580884,2024,430580884,437284,209268,-1.46095,51.78084,2,2,1,06:42,-1,E07000181,3,2,1,1,2,19,2,6,0,0,6,1,0,0,0,0,0,12,1
2024430581289,2024,430581289,485461,191283,-0.76713,51.6139,3,3,6,11:20,-1,E06000060,3,0,1,1,2,19,2,6,0,0,0,1,1,0,0,0,0,11,29
2024430581292,2024,430581292,467485,172720,-1.03025,51.44945,3,3,1,15:25,-1,E06000038,6,0,1,0,1,"[19, 5]","[5, 8]","[8, 4]",0,0,0,1,0,0,0,0,1,12,1
2024430581573,2024,430581573,451840,203319,-1.25086,51.7262,3,3,1,18:54,-1,E07000180,6,2,1,1,2,"[10, 4]",5,"[3, 1]",0,0,0,1,0,1,0,0,0,12,1
2024430581630,2024,430581630,471272,172185,-0.97587,51.44418,3,3,1,14:34,-1,E06000038,3,0,1,1,1,"[3, 19]",2,6,0,0,0,1,0,0,0,0,0,12,1
2024430581673,2024,430581673,471279,173783,-0.97545,51.45855,3,3,1,20:30,-1,E06000038,6,2,1,1,1,"[2, 19]","[0, 1]","[0, 5]",0,0,0,1,1,0,0,0,0,12,1
2024430582319,2024,430582319,447214,217269,-1.31594,51.85202,3,3,2,10:11,-1,E07000177,3,0,1,0,2,"[9, 19]","[1, 5]","[6, 1]",0,"[0, 1]",0,1,0,0,0,0,0,12,2
2024430582951,2024,430582951,452241,206018,-1.24465,51.75043,2,2,2,14:45,-1,E07000178,3,0,1,0,1,"[19, 12]",8,4,0,0,0,0,1,0,1,0,0,12,2
2024430583134,2024,430583134,471513,167666,-0.97332,51.40352,3,3,4,08:02,-1,E06000041,4,0,1,0,2,"[6, 14]",5,"[5, 1]",0,0,0,1,1,0,0,0,0,11,27
2024430583217,2024,430583217,448849,196935,-1.29505,51.66907,3,3,2,16:47,-1,E07000180,4,2,1,0,1,19,1,5,0,0,0,1,0,0,0,0,1,12,2
2024430583360,2024,430583360,443772,218267,-1.36578,51.86128,3,3,2,18:06,-1,E07000181,3,2,1,1,2,19,"[3, 4]",8,0,0,0,1,1,0,0,0,0,12,2
2024430583909,2024,430583909,485683,237982,-0.75238,52.03364,3,3,2,06:20,-1,E06000042,6,2,8,1,1,19,6,2,9,3,1,1,0,0,0,0,0,12,2
2024430583935,2024,430583935,484375,191537,-0.78275,51.61635,3,3,3,05:58,-1,E06000060,3,2,1,1,1,7,3,4,0,0,0,1,0,0,0,0,1,12,3
2024430583961,2024,430583961,489339,195106,-0.71016,51.64766,3,3,2,15:13,-1,E06000060,6,0,1,0,1,19,4,8,0,0,0,1,0,0,0,0,1,12,2
2024430584005,2024,430584005,495943,178123,-0.61938,51.49392,3,3,1,11:00,-1,E06000040,4,0,2,1,2,"[7, 19]",7,"[1, 3]",0,0,0,1,1,0,0,0,0,12,1
2024430584047,2024,430584047,481477,204360,-0.82161,51.73204,2,2,3,08:00,-1,E06000060,3,0,1,0,2,"[9, 19]","[8, 2]",6,0,0,0,1,0,1,0,0,0,12,3
2024430584062,2024,430584062,440173,232923,-1.41633,51.99331,2,"[3, 2]",3,07:45,-1,E07000177,3,2,1,1,2,19,"[5, 2]","[2, 5]",0,"[0, 1]",0,1,0,0,0,0,0,12,3
2024430584111,2024,430584111,439508,188450,-1.43107,51.59352,3,3,3,08:45,-1,E07000180,3,0,1,1,1,9,3,1,0,0,0,1,0,0,0,0,1,12,3
2024430584652,2024,430584652,482275,163107,-0.81969,51.36108,3,3,3,13:26,-1,E06000036,3,0,1,0,2,"[19, 14]","[5, 1]","[1, 5]",0,"[7, 0]","[3, 0]",1,0,0,0,0,0,12,3
2024430584732,2024,430584732,477866,170128,-0.88147,51.42482,3,3,3,13:45,-1,E06000041,4,0,1,0,1,19,"[6, 4]","[2, 8]","[7, 0]",0,0,1,0,0,0,0,0,12,3
2024430584777,2024,430584777,445397,240425,-1.33926,52.06035,3,3,1,19:15,-1,E07000177,6,2,2,1,1,5,6,2,0,0,0,1,0,0,0,0,1,12,1
2024430584801,2024,430584801,480423,169108,-0.84493,51.4153,3,3,7,16:01,-1,E06000041,3,0,1,0,2,"[19, 7]","[4, 6]",8,0,0,0,1,0,1,0,0,0,11,2
2024430584836,2024,430584836,481557,213789,-0.81824,51.81679,3,3,3,14:30,-1,E06000060,3,0,1,0,1,"[4, 19]",4,8,0,0,0,1,0,0,0,0,0,12,3
2024430585162,2024,430585162,473162,172366,-0.94865,51.44557,3,3,3,17:01,-1,E06000038,6,2,2,1,1,19,3,7,0,0,0,1,0,0,0,0,1,12,3
2024430585176,2024,430585176,486557,179556,-0.75419,51.50831,3,3,3,17:08,-1,E06000040,6,2,1,0,1,9,4,2,0,0,0,1,0,0,0,0,1,12,3
2024430585238,2024,430585238,494072,181439,-0.64544,51.52404,3,3,3,05:10,-1,E06000039,6,2,1,0,1,19,8,4,0,0,0,1,0,0,0,0,1,12,3
2024430585255,2024,430585255,453965,206828,-1.21955,51.75755,3,3,3,17:56,-1,E07000178,3,2,1,0,1,"[9, 7]","[2, 8]","[6, 2]",0,0,0,0,1,0,0,0,0,12,3
2024430585440,2024,430585440,452099,206134,-1.24669,51.75149,3,3,2,18:35,-1,E07000178,3,2,1,1,1,19,8,4,0,0,0,0,1,0,0,0,0,12,2
2024430585856,2024,430585856,503629,181255,-0.50778,51.52072,3,3,2,19:30,-1,E06000060,4,2,1,0,2,"[9, 19]","[3, 7]","[1, 3]",0,0,0,1,0,1,0,0,0,12,2
2024430585954,2024,430585954,449096,177629,-1.29417,51.49548,3,3,4,07:15,-1,E06000037,3,2,2,1,2,"[3, 4, 19]",6,2,0,0,0,1,0,0,1,0,0,12,4
2024430586065,2024,430586065,503053,175772,-0.51768,51.47154,3,3,4,08:45,-1,E06000039,6,0,1,0,1,15,5,1,0,0,0,1,0,0,0,0,1,12,4
2024430586085,2024,430586085,497353,189424,-0.59595,51.59526,3,3,4,09:04,-1,E06000060,3,0,1,1,2,"[14, 2, 9]","[4, 0, 8]","[8, 0, 6]","[0, 10]",0,0,1,0,1,1,0,0,12,4
2024430586193,2024,430586193,445606,239336,-1.33636,52.05054,3,3,4,10:01,-1,E07000177,3,0,1,0,1,5,1,5,7,0,0,1,0,0,0,0,0,12,4
2024430586734,2024,430586734,433024,227336,-1.52098,51.94355,3,3,4,14:15,-1,E07000181,3,0,1,1,2,19,"[3, 7]","[7, 3]",0,0,0,1,0,0,0,0,0,12,4
2024430587037,2024,430587037,434245,208760,-1.50505,51.77647,3,3,4,16:49,-1,E07000181,6,2,8,1,1,19,"[3, 7]","[7, 3]",0,0,0,1,0,0,0,0,0,12,4
2024430587043,2024,430587043,459708,221540,-1.13383,51.88923,2,2,4,16:50,-1,E07000177,3,2,1,0,2,"[2, 19]","[0, 6]","[0, 2]",0,0,0,1,1,0,0,0,0,12,4
2024430587255,2024,430587255,465420,192568,-1.05628,51.62813,3,3,4,19:19,-1,E07000179,4,2,2,1,2,19,"[3, 7]","[7, 3]",0,"[1, 0]","[9, 0]",1,0,0,0,0,0,12,4
2024430587329,2024,430587329,461651,213952,-1.10695,51.8208,3,3,4,20:00,-1,E06000060,1,2,2,1,2,"[4, 19]",4,8,0,0,0,1,0,0,0,0,0,12,4
2024430587656,2024,430587656,484384,168529,-0.78812,51.40952,3,3,5,03:04,-1,E06000036,3,2,1,0,2,19,6,2,7,0,6,1,0,0,0,0,0,12,5
2024430587789,2024,430587789,484343,234006,-0.77289,51.9981,3,3,5,06:51,-1,E06000042,6,2,2,1,2,4,6,2,0,0,0,0,0,1,0,0,0,12,5
2024430587993,2024,430587993,473546,172436,-0.94311,51.44615,3,3,5,09:20,-1,E06000038,6,0,1,0,1,19,8,4,0,1,4,1,0,0,0,0,1,12,5
2024430588377,2024,430588377,484343,240328,-0.77134,52.05493,3,3,5,13:12,-1,E06000042,6,0,1,1,1,"[19, 9, 10]","[8, 4, -1]","[4, 2, -1]",0,0,0,1,0,0,0,0,0,12,5
2024430588914,2024,430588914,440677,199005,-1.41297,51.68833,3,3,5,16:37,-1,E07000180,3,2,2,1,2,19,"[1, 5]","[5, 1]",0,"[0, 1]",0,1,0,0,0,0,0,12,5
2024430588972,2024,430588972,498247,179658,-0.58577,51.50732,3,3,5,19:30,-1,E06000039,6,2,1,0,1,1,4,8,0,0,0,1,0,0,0,0,1,11,28
2024430589227,2024,430589227,423627,197625,-1.6597,51.6769,2,2,5,18:49,-1,E07000180,3,2,5,1,2,19,4,7,0,7,9,1,0,0,0,0,0,12,5
2024430589316,2024,430589316,497033,181129,-0.60285,51.52075,3,3,4,08:05,-1,E06000039,6,0,1,0,1,19,8,4,0,0,0,0,0,0,0,0,1,12,4
2024430589382,2024,430589382,501944,184112,-0.53123,51.5467,3,3,5,20:49,-1,E06000060,6,2,1,1,2,"[9, 19]","[5, 1]","[3, 5]",0,0,0,1,0,0,0,0,0,12,5
2024430589746,2024,430589746,477914,170193,-0.88076,51.4254,3,3,3,15:45,-1,E06000041,4,0,2,1,1,"[3, 19]",6,2,0,0,0,1,0,0,1,0,0,11,5
2024430589749,2024,430589749,485324,193299,-0.76862,51.63204,2,2,2,18:05,-1,E06000060,6,2,2,1,1,9,6,4,0,0,0,1,0,0,0,0,1,11,18
2024430589752,2024,430589752,455126,220209,-1.20061,51.87773,3,3,5,18:05,-1,E07000177,1,2,2,1,2,"[4, 19]",5,1,0,0,0,1,0,0,0,0,0,12,5
2024430589955,2024,430589955,474496,170931,-0.92976,51.43249,3,3,6,08:43,-1,E06000041,6,0,1,0,1,"[9, 10]","[7, 5]","[5, 2]",0,0,0,1,1,0,0,0,0,12,6
2024430589966,2024,430589966,466970,175506,-1.03714,51.47456,3,3,6,08:55,-1,E06000037,3,0,1,1,2,19,3,7,0,0,0,1,0,0,0,0,1,12,6
2024430590039,2024,430590039,453115,207930,-1.2317,51.76754,3,3,6,09:43,-1,E07000178,4,0,1,0,1,9,8,6,0,0,0,1,1,0,0,0,0,12,6
2024430590107,2024,430590107,503753,187220,-0.50424,51.57431,3,3,6,10:21,-1,E06000060,3,0,1,0,2,"[9, 19]","[7, 5]","[5, 1]",0,0,0,1,0,1,0,0,0,12,6
2024430591184,2024,430591184,480232,247026,-0.8297,52.11574,3,3,5,20:00,-1,E06000042,6,2,2,1,2,"[19, 4]","[2, 4]","[6, 8]",0,0,0,1,0,0,0,0,0,12,5
2024430591221,2024,430591221,471738,173936,-0.96882,51.45986,3,3,2,06:23,-1,E06000038,3,2,1,1,1,19,"[6, 8]","[2, 4]",0,0,0,1,1,0,0,0,0,11,25
2024430591765,2024,430591765,448388,196941,-1.30172,51.66917,3,3,6,16:25,-1,E07000180,3,2,2,1,1,3,7,3,0,0,0,1,0,0,0,0,0,12,6
2024430592170,2024,430592170,486816,167466,-0.75342,51.39959,3,3,7,13:41,-1,E06000036,6,0,4,1,1,"[14, 19]","[8, 4]","[4, 8]",0,0,0,1,0,0,0,0,0,12,7
2024430592411,2024,430592411,451172,206849,-1.26001,51.758,3,3,7,16:40,-1,E07000178,3,2,1,1,1,"[9, 19]","[8, 5]","[5, 1]",0,0,0,1,0,1,0,0,0,12,7
2024430592412,2024,430592412,468697,173403,-1.01268,51.45545,2,2,7,16:53,-1,E06000038,6,2,2,1,1,19,2,6,0,0,0,1,0,0,0,0,1,12,7
2024430592443,2024,430592443,487355,240145,-0.72747,52.05282,3,3,7,17:19,-1,E06000042,5,2,5,1,2,19,"[5, 1]","[1, 5]",0,0,0,1,0,0,0,0,0,12,7
2024430592449,2024,430592449,455319,210559,-1.19935,51.79096,3,3,7,17:08,-1,E07000179,4,2,4,1,2,19,4,8,11,0,0,1,0,0,0,0,0,12,7
2024430592457,2024,430592457,451391,206022,-1.25696,51.75054,2,2,7,17:23,-1,E07000178,3,2,1,0,1,9,7,5,0,0,0,1,0,0,0,0,1,12,7
2024430592506,2024,430592506,438153,224476,-1.44668,51.91751,3,3,7,18:25,-1,E07000181,4,2,5,1,2,19,5,1,11,0,4,1,0,0,0,0,0,12,7
2024430592712,2024,430592712,488700,178466,-0.72359,51.49818,2,2,7,19:14,-1,E06000040,1,2,5,1,2,19,2,6,0,0,0,0,0,0,1,0,0,12,7
2024430592941,2024,430592941,483131,241382,-0.78875,52.06458,3,3,1,01:18,-1,E06000042,6,2,4,1,1,19,1,5,0,3,1,0,0,0,0,1,0,12,8
2024430593028,2024,430593028,498784,177700,-0.57858,51.48963,3,3,7,16:45,-1,E06000040,1,2,2,1,2,19,8,4,0,0,0,1,0,0,0,0,0,12,7
2024430593159,2024,430593159,453901,191997,-1.22277,51.62422,3,3,1,06:50,-1,E07000179,4,2,4,1,2,"[19, 9]","[5, 7]","[1, 5]",0,"[1, 0]","[11, 0]",1,0,0,0,0,0,12,8
2024430593572,2024,430593572,485854,238993,-0.74964,52.0427,3,3,1,13:16,-1,E06000042,6,0,1,1,1,19,-1,-1,0,0,0,1,0,0,0,0,1,12,8
2024430593714,2024,430593714,448496,206097,-1.29888,51.75148,3,3,1,16:20,-1,E07000180,4,2,2,1,1,"[7, 19]","[4, 2]",6,0,0,0,1,1,0,0,0,0,12,8
2024430593761,2024,430593761,494516,176338,-0.6404,51.47811,3,3,1,17:56,-1,E06000040,6,2,1,1,1,19,"[5, 3]","[1, 7]",0,0,0,1,1,0,0,0,0,12,8
2024430593850,2024,430593850,497257,180814,-0.59971,51.51788,2,2,1,18:56,-1,E06000039,6,2,2,1,1,19,"[5, 7]","[1, 2]",0,0,0,1,1,0,0,0,0,12,8
2024430594057,2024,430594057,458749,216397,-1.14863,51.84309,3,3,1,22:02,-1,E07000177,1,2,1,0,2,19,4,8,0,5,6,1,0,0,0,0,0,12,8
2024430594256,2024,430594256,501563,187338,-0.5358,51.57577,3,3,1,15:30,-1,E06000060,1,0,2,1,2,"[4, 19]",1,5,0,0,0,1,0,0,0,0,0,12,8
2024430594300,2024,430594300,483779,191227,-0.79143,51.61365,3,3,2,06:08,-1,E06000060,6,2,2,1,1,"[9, 19]","[2, 8]","[8, 4]",0,0,0,1,1,0,0,0,0,12,9
2024430594332,2024,430594332,452554,205333,-1.24022,51.74424,3,3,2,06:53,-1,E07000178,3,2,2,1,1,"[19, 5]","[4, 6]","[8, 2]",0,0,0,1,1,0,0,0,0,12,9
2024430594394,2024,430594394,486026,163930,-0.76563,51.36793,2,"[3, 2]",1,23:00,-1,E06000036,3,2,4,1,2,19,1,5,10,1,10,1,0,0,0,0,0,12,8
2024430594461,2024,430594461,493610,181793,-0.652,51.5273,3,3,2,08:39,-1,E06000039,6,0,1,0,1,19,1,5,0,0,0,1,0,0,0,0,1,12,9
2024430594760,2024,430594760,463314,170669,-1.09063,51.4315,2,2,2,10:58,-1,E06000037,3,0,1,0,2,19,"[2, 1]","[6, 5]",0,0,0,1,1,0,0,0,0,12,9
2024430594773,2024,430594773,449475,205338,-1.28481,51.74457,3,3,2,10:55,-1,E07000180,3,0,1,0,2,"[19, 2]",8,4,"[4, 0]",1,4,1,0,0,1,0,0,12,9
2024430595522,2024,430595522,445952,238831,-1.33138,52.04598,3,3,2,15:58,-1,E07000177,3,2,2,1,1,19,"[1, 3]","[5, 7]",0,0,0,1,1,0,0,0,0,12,9
2024430595541,2024,430595541,490170,167564,-0.7052,51.39995,2,2,2,15:58,-1,E06000036,3,2,1,1,2,19,"[5, 1]","[1, 5]",0,0,0,1,0,0,0,0,0,12,9
2024430595621,2024,430595621,488683,239671,-0.70823,52.04835,3,3,2,17:06,-1,E06000042,6,2,1,0,2,5,1,"[2, 1]",0,0,0,1,0,0,1,0,0,12,9
2024430595629,2024,430595629,463194,171075,-1.09229,51.43516,3,3,2,17:09,-1,E06000037,3,2,1,1,2,"[9, 19]","[1, 5]","[7, 1]",0,0,0,1,0,0,0,0,0,12,9
2024430595702,2024,430595702,469655,180698,-0.99746,51.52091,3,3,2,17:50,-1,E07000179,6,2,1,1,2,19,6,2,0,0,4,1,0,0,0,0,0,12,9
2024430595752,2024,430595752,457140,221038,-1.17122,51.88498,3,3,2,06:15,-1,E07000177,3,2,1,1,2,"[19, 3]",6,2,0,0,0,1,0,0,0,0,0,12,9
2024430596272,2024,430596272,486747,241485,-0.73599,52.06496,3,3,2,18:00,-1,E06000042,6,2,2,1,1,"[10, 19]","[2, 8]","[8, 4]",0,0,0,1,0,1,0,0,0,12,9
2024430596283,2024,430596283,501623,188074,-0.53472,51.58237,3,3,7,17:40,-1,E06000060,1,2,9,-1,2,"[19, 3]",5,1,0,0,0,1,0,0,0,0,0,11,30
2024430596307,2024,430596307,473378,172689,-0.94547,51.44844,3,3,2,08:00,-1,E06000038,6,0,2,1,1,"[19, 2]","[1, 0]","[5, 0]",0,0,0,1,0,0,0,1,0,12,9
2024430596350,2024,430596350,459093,222547,-1.14259,51.89834,2,2,2,17:00,-1,E07000177,6,2,1,0,1,9,2,8,0,0,0,1,0,0,0,0,1,12,9
2024430596427,2024,430596427,497469,198373,-0.59179,51.67568,2,2,3,10:15,-1,E06000060,6,0,1,0,1,"[9, 19]","[1, 5]","[8, 1]",0,0,0,1,1,0,0,0,0,12,3
2024430596536,2024,430596536,454447,203041,-1.21316,51.72346,3,3,3,08:50,-1,E07000178,6,0,2,1,1,"[14, 9]",8,4,0,0,0,1,0,0,0,0,0,12,10
2024430596691,2024,430596691,490586,245510,-0.67894,52.10052,3,3,3,08:25,-1,E06000042,6,0,1,0,2,19,"[3, 7]","[7, 3]",0,"[7, 0]","[9, 0]",1,0,0,0,0,0,12,10
2024430596802,2024,430596802,487625,181222,-0.73839,51.52313,3,3,2,16:35,-1,E06000040,6,2,2,1,1,19,7,3,0,0,0,1,0,0,0,0,1,12,9
2024430597354,2024,430597354,449646,210267,-1.28163,51.78886,3,3,5,17:10,-1,E07000178,3,2,5,1,1,"[19, 7]",4,8,0,0,0,1,1,0,0,0,0,12,5
2024430597432,2024,430597432,467670,173148,-1.02751,51.45328,3,3,3,16:16,-1,E06000038,6,2,1,1,1,9,4,2,0,0,0,1,0,0,0,0,1,12,10
2024430597561,2024,430597561,448611,206456,-1.29717,51.75469,2,2,5,17:21,-1,E07000180,3,2,1,0,2,"[4, 19]",5,1,0,0,0,1,0,1,0,0,0,12,19
2024430597610,2024,430597610,448467,167408,-1.30463,51.40364,3,3,3,18:24,-1,E06000037,3,2,1,1,1,19,"[0, 2]","[0, 6]",0,0,0,1,0,0,0,0,1,12,10
2024430597729,2024,430597729,466652,173627,-1.04207,51.45771,3,3,3,16:50,-1,E06000038,6,0,9,-1,1,99,9,9,0,0,0,1,0,1,0,0,0,12,10
2024430597757,2024,430597757,480923,167878,-0.83802,51.40417,3,3,3,13:40,-1,E06000041,3,0,1,0,1,19,4,8,0,0,0,1,0,0,0,0,1,12,10
2024430598162,2024,430598162,486024,167775,-0.76473,51.40249,3,3,3,19:00,-1,E06000036,3,2,1,1,2,"[11, 19]",2,6,0,0,0,1,0,0,0,0,0,12,10
2024430598619,2024,430598619,490004,178713,-0.70475,51.5002,3,3,3,12:00,-1,E06000040,3,0,1,0,1,"[19, 3]",8,4,0,0,0,1,0,0,0,0,0,11,26
2024430598727,2024,430598727,471577,174019,-0.97112,51.46063,3,3,5,12:00,-1,E06000038,3,0,1,0,1,"[12, 19]",4,8,0,0,0,1,0,0,0,0,0,12,12
2024430598776,2024,430598776,431338,226865,-1.54555,51.93941,3,3,3,16:40,-1,E07000181,3,2,1,0,2,4,1,5,0,0,0,1,0,0,0,0,1,12,10
2024430599269,2024,430599269,474387,173067,-0.93088,51.45171,2,2,4,16:00,-1,E06000041,6,2,1,0,1,"[9, 19]","[6, 2]","[4, 6]",0,0,0,1,1,0,0,0,0,12,11
2024430599517,2024,430599517,471819,170904,-0.96826,51.4326,2,2,4,18:30,-1,E06000038,4,2,1,0,1,"[9, 19]","[5, 1]","[3, 5]",0,"[0, 1]","[0, 11]",1,0,1,0,0,0,12,11
2024430599569,2024,430599569,453402,202308,-1.2284,51.71697,3,3,5,19:30,-1,E07000178,6,2,1,0,2,19,1,5,7,0,1,1,0,0,0,0,0,12,12
2024430599612,2024,430599612,483767,213643,-0.78622,51.81515,3,3,4,16:00,-1,E06000060,6,2,1,0,1,"[5, 14, 2]","[7, 3, 0]","[3, 7, 0]",0,0,0,1,0,1,0,0,0,12,11
2024430599790,2024,430599790,485982,193424,-0.75908,51.63307,3,3,4,22:41,-1,E06000060,3,2,1,0,1,19,4,8,7,0,0,1,0,0,0,0,0,12,11
2024430600080,2024,430600080,489889,178619,-0.70643,51.49937,2,2,5,06:06,-1,E06000040,1,2,2,1,1,"[12, 19]",2,6,0,"[0, 6]","[0, 6]",1,0,0,0,0,0,12,12
2024430600087,2024,430600087,466994,219594,-1.02835,51.87091,3,3,5,06:26,-1,E06000060,3,2,1,0,2,19,1,5,0,3,7,1,0,0,0,0,0,12,12
2024430600270,2024,430600270,470779,170216,-0.98336,51.42654,3,3,5,09:15,-1,E06000038,6,0,9,1,2,"[19, 12]",4,8,0,0,0,1,1,0,0,0,0,12,12
2024430601190,2024,430601190,472382,173311,-0.95968,51.45416,3,3,5,08:30,-1,E06000038,3,0,1,0,1,19,8,4,0,0,0,0,0,0,0,0,1,12,12
2024430601435,2024,430601435,451090,200487,-1.26213,51.70081,3,3,5,17:43,-1,E07000180,3,2,1,0,2,19,2,6,0,"[0, 1]","[0, 4]",1,0,0,1,0,0,12,12
2024430601522,2024,430601522,488047,169678,-0.73518,51.41929,3,3,5,18:43,-1,E06000036,6,2,2,1,1,"[9, 19]","[5, 3]","[3, 7]",0,0,0,1,1,0,0,0,0,12,12
2024430601603,2024,430601603,487985,180931,-0.73328,51.52045,3,3,5,16:30,-1,E06000040,6,2,1,-1,1,99,9,9,0,0,0,1,0,0,0,0,1,12,12
2024430601638,2024,430601638,496122,181646,-0.61584,51.52556,3,3,4,18:25,-1,E06000039,3,2,1,0,1,"[19, 12]",9,9,0,0,0,1,0,1,0,0,0,12,11
2024430602020,2024,430602020,452654,205166,-1.2388,51.74273,3,3,5,16:30,-1,E07000178,3,2,2,1,1,"[9, 19]","[4, 8]","[2, 4]",0,"[0, 1]",0,1,1,0,0,0,0,12,12
2024430602030,2024,430602030,455120,205651,-1.20301,51.74685,3,3,5,07:42,-1,E07000178,4,2,1,0,1,"[19, 7]","[4, 6]",8,0,0,0,1,0,0,0,0,0,12,12
2024430602201,2024,430602201,494418,177109,-0.64161,51.48506,3,3,6,08:26,-1,E06000040,3,0,2,1,2,"[10, 9]","[7, 5]","[5, 3]",0,0,0,1,0,1,0,0,0,12,13
2024430602260,2024,430602260,467310,225992,-1.02251,51.92838,3,3,6,08:54,-1,E06000060,5,0,1,1,2,19,4,1,0,1,1,1,0,0,0,0,0,12,13
2024430602267,2024,430602267,485094,233984,-0.76196,51.99779,3,3,5,20:20,-1,E06000042,6,2,9,1,1,"[1, 19]","[7, 1]","[3, 5]",0,0,0,1,1,0,0,0,0,12,12
2024430602534,2024,430602534,428655,207182,-1.5862,51.76259,3,3,5,16:20,-1,E07000181,6,2,2,1,1,19,"[6, 3]","[2, 7]",0,0,0,1,1,0,0,0,0,12,12
2024430602660,2024,430602660,480794,217652,-0.82841,51.85162,3,3,6,12:17,-1,E06000060,3,0,1,0,2,"[19, 3]",5,1,0,0,0,1,0,0,0,0,0,12,13
2024430602702,2024,430602702,467056,173349,-1.03631,51.45516,3,3,6,12:47,-1,E06000038,6,0,1,0,1,19,8,4,0,0,0,1,0,0,0,0,1,12,13
2024430602796,2024,430602796,482511,172901,-0.81403,51.44909,3,3,6,13:27,-1,E06000040,1,0,1,0,2,"[19, 12]",2,6,0,"[1, 0]","[9, 0]",1,0,0,1,0,0,12,13
2024430603133,2024,430603133,443894,238149,-1.36147,52.04001,3,3,5,18:55,-1,E07000177,3,2,1,1,2,"[10, 19]",6,"[3, 2]",0,0,0,1,0,0,0,0,0,12,12
2024430603359,2024,430603359,448069,174917,-1.30933,51.47118,2,"[3, 2]",6,18:08,-1,E06000037,6,2,2,1,2,"[9, 19]","[7, 5]","[5, 1]",0,"[0, 7]","[0, 11]",1,0,0,0,0,0,12,13
2024430603462,2024,430603462,493022,235529,-0.6461,52.01041,3,3,6,12:55,-1,E06000042,6,0,2,1,1,"[2, 1]",-1,-1,0,0,0,1,0,0,0,0,1,12,13
2024430603489,2024,430603489,466353,172947,-1.0465,51.45163,3,3,6,19:30,-1,E06000038,6,2,1,0,1,"[3, 19]",1,5,0,0,0,1,0,0,0,0,0,12,13
2024430604031,2024,430604031,495917,199379,-0.61395,51.68499,3,3,7,00:43,-1,E06000060,3,2,2,1,1,19,"[4, 1]","[8, 4]",0,0,0,1,0,0,0,0,0,12,14