collision_index,collision_year,collision_ref_no,location_easting_osgr,location_northing_osgr,longitude,latitude,casualty_severity,casualty_severity,day_of_week,time,local_authority_district,local_authority_ons_district,first_road_class,light_conditions,weather_conditions,road_surface_conditions,urban_or_rural_area,vehicle_manoeuvre,vehicle_direction_from,vehicle_direction_to,hit_object_in_carriageway,vehicle_leaving_carriageway,hit_object_off_carriageway,is_car,is_cyle,is_mcyle,is_goodsv,is_other,is_pedestrian,month,day
2024440002763,2024,440002763,465680,105687,-1.06844,50.84699,3,3,4,07:27,-1,E06000044,3,2,1,1,1,19,"[6, 4]","[2, 8]",0,0,0,0,1,1,0,0,0,1,3
2024440002786,2024,440002786,473671,150698,-0.9458,51.2507,3,3,4,08:03,-1,E07000089,4,0,1,1,2,19,"[6, 2]","[2, 6]",0,0,0,1,0,0,0,0,0,1,3
2024440002820,2024,440002820,464430,149652,-1.07838,51.24242,3,3,4,08:29,-1,E07000084,3,0,1,1,2,19,5,1,0,1,11,1,0,0,0,0,0,1,3
2024440003143,2024,440003143,442082,113075,-1.40275,50.91561,3,3,4,11:59,-1,E06000045,3,0,1,1,1,"[11, 12]",5,1,0,0,0,1,0,0,1,0,0,1,3
2024440003459,2024,440003459,441919,113782,-1.40499,50.92198,2,"[2, 3]",4,14:35,-1,E06000045,3,0,1,1,1,"[19, 9]","[1, 3]","[5, 1]",0,0,0,1,0,0,0,0,0,1,3
2024440003491,2024,440003491,422396,102480,-1.68343,50.82143,2,2,4,13:32,-1,E07000091,6,0,1,0,2,19,"[5, 4]","[1, 8]",0,0,0,1,0,0,0,0,0,1,3
2024440003623,2024,440003623,438299,114900,-1.45637,50.93228,2,"[3, 2]",4,15:57,-1,E06000045,6,0,1,0,1,19,2,6,0,0,0,0,0,1,0,0,1,1,3
2024440003731,2024,440003731,439596,119983,-1.43737,50.9779,3,3,4,16:51,-1,E07000093,3,2,1,0,2,"[9, 19]","[8, 4]","[6, 8]",0,0,0,1,0,0,0,0,0,1,3
2024440004068,2024,440004068,479491,154849,-0.86151,51.28724,2,2,4,15:45,-1,E07000089,6,0,1,0,1,19,6,2,0,0,0,1,0,0,0,0,1,1,3
2024440004157,2024,440004157,485595,151201,-0.77487,51.25356,2,2,4,23:53,-1,E07000092,3,2,2,1,2,19,2,6,0,1,11,1,0,0,0,0,0,1,3
2024440004394,2024,440004394,449004,112764,-1.30434,50.91227,3,3,5,08:46,-1,E07000086,4,0,2,1,1,"[13, 9]","[2, 4]","[6, 2]",0,0,0,1,0,1,0,0,0,1,4
2024440004696,2024,440004696,415068,104767,-1.78736,50.84223,2,2,5,11:57,-1,E07000091,4,0,1,0,1,"[19, 9]","[1, 5]","[5, 3]",0,0,0,1,1,0,0,0,0,1,4
2024440004846,2024,440004846,461637,106642,-1.12569,50.85602,3,3,5,13:26,-1,E07000087,1,0,5,1,2,19,7,3,0,1,7,1,0,0,0,0,0,1,4
2024440005168,2024,440005168,447632,109944,-1.32422,50.88703,3,3,5,15:56,-1,E07000086,4,0,2,1,1,"[19, 7]","[5, 8]",1,0,0,0,1,0,0,0,0,0,1,4
2024440005303,2024,440005303,460206,90987,-1.14858,50.7154,3,3,5,17:31,-1,E06000046,6,2,2,1,1,"[9, 19]","[6, 4]","[4, 8]",0,0,0,1,0,1,0,0,0,1,4
2024440005362,2024,440005362,486839,155922,-0.7559,51.29581,3,3,5,18:29,-1,E07000092,6,2,2,1,1,19,7,3,0,0,0,1,0,0,0,0,1,1,4
2024440005396,2024,440005396,468694,108693,-1.02507,50.87366,3,3,5,19:11,-1,E07000090,6,2,5,1,1,19,4,8,0,1,0,0,0,1,0,0,0,1,4
2024440005554,2024,440005554,481299,143380,-0.83819,51.18388,2,2,5,21:26,-1,E07000085,3,2,2,1,2,19,2,6,0,0,0,1,0,0,0,0,0,1,4
2024440005846,2024,440005846,442560,114648,-1.39577,50.92972,3,3,5,12:53,-1,E06000045,3,0,2,1,1,"[9, 19]","[8, 4]","[6, 8]",0,0,0,1,0,0,0,0,0,1,4
2024440006180,2024,440006180,464934,102221,-1.07964,50.81591,3,3,6,06:53,-1,E06000044,3,2,4,1,1,9,1,6,0,0,0,1,0,0,0,0,1,12,6
2024440006684,2024,440006684,447993,113226,-1.31866,50.91651,3,3,6,15:15,-1,E07000086,1,0,1,1,2,19,6,2,0,0,0,1,0,0,0,0,0,1,5
2024440006789,2024,440006789,460932,99556,-1.13688,50.79238,3,3,6,08:45,-1,E07000088,6,0,1,1,1,"[19, 9]","[6, 1]","[2, 6]",0,0,0,1,0,1,0,0,0,1,5
2024440006849,2024,440006849,424042,94805,-1.66056,50.75235,3,3,6,16:30,-1,E07000091,6,2,1,0,1,"[19, 9]","[7, 1]","[3, 7]",0,0,0,1,0,0,0,0,0,1,5
2024440006902,2024,440006902,463362,105810,-1.10133,50.84835,3,3,6,17:09,-1,E06000044,1,2,1,0,1,19,8,4,0,0,0,1,0,0,0,0,0,1,5
2024440007009,2024,440007009,461584,106416,-1.12649,50.85399,2,2,6,18:31,-1,E07000087,6,2,1,0,1,"[9, 19]","[8, 4]","[6, 8]",0,0,0,1,0,1,0,0,0,1,5
2024440007026,2024,440007026,487314,153500,-0.74969,51.27397,2,2,6,18:35,-1,E07000092,3,2,1,0,1,"[3, 19]",5,1,0,0,0,1,0,1,0,0,0,1,5
2024440007170,2024,440007170,484956,155583,-0.78299,51.29305,3,3,6,20:50,-1,E07000092,6,2,1,1,1,19,"[2, 6]","[6, 2]",0,0,0,1,0,0,0,0,0,1,5
2024440007326,2024,440007326,486265,150285,-0.76549,51.24523,2,2,6,23:03,-1,E07000092,4,2,1,0,1,"[9, 15]",5,"[3, 1]",0,"[0, 8]","[0, 10]",1,0,1,0,0,0,1,5
2024440007659,2024,440007659,471163,105948,-0.99052,50.84868,3,3,7,10:27,-1,E07000090,3,0,1,1,1,19,3,7,0,0,0,1,0,0,0,0,0,1,6
2024440007705,2024,440007705,442925,111558,-1.39094,50.90191,2,2,7,11:15,-1,E06000045,4,0,1,0,1,"[9, 19]","[1, 5]","[7, 1]",0,0,0,1,0,0,0,0,0,1,6
2024440007801,2024,440007801,460912,100363,-1.13704,50.79964,3,3,7,12:15,-1,E07000088,3,0,1,0,1,"[5, 19]","[1, 7]","[5, 3]",0,0,0,1,1,0,0,0,0,1,6
2024440007836,2024,440007836,471518,106093,-0.98545,50.84994,2,2,7,13:04,-1,E07000090,6,0,1,0,1,19,7,3,0,0,0,1,0,0,0,0,1,1,6
2024440007935,2024,440007935,437282,114144,-1.47092,50.92555,2,2,7,14:08,-1,E06000045,1,0,1,0,2,"[4, 19]",8,4,0,0,0,1,0,0,0,0,0,1,6
2024440008533,2024,440008533,460000,98773,-1.15023,50.78543,2,"[3, 2]",7,23:04,-1,E07000088,6,2,1,0,1,19,1,4,0,0,0,1,0,0,0,0,1,1,6
2024440008986,2024,440008986,466526,98819,-1.05766,50.78514,2,2,1,11:47,-1,E06000044,6,0,4,0,1,19,5,1,0,0,0,0,0,1,0,0,0,1,7
2024440009002,2024,440009002,443767,102895,-1.38,50.82395,3,3,1,12:05,-1,E07000091,6,0,1,0,1,"[13, 19]",7,3,0,0,0,1,1,0,0,0,0,1,7
2024440009050,2024,440009050,437164,117492,-1.47226,50.95567,2,2,1,12:50,-1,E07000093,3,0,1,0,2,"[5, 19]","[1, 7]","[5, 4]",0,0,0,1,1,0,0,0,0,1,7
2024440009083,2024,440009083,486215,150466,-0.76617,51.24686,2,2,1,13:34,-1,E07000092,4,0,1,0,1,"[9, 19]","[2, 8]","[8, 4]",0,0,0,1,0,1,0,0,0,1,7
2024440009124,2024,440009124,468493,111459,-1.02741,50.89856,3,3,1,14:11,-1,E07000090,6,0,1,0,1,19,4,8,0,0,0,0,0,0,0,0,0,1,7
2024440009358,2024,440009358,465780,99878,-1.06805,50.79474,2,2,2,15:00,-1,E06000044,3,0,1,0,1,19,7,3,0,0,0,0,1,0,0,0,1,12,16
2024440009385,2024,440009385,451767,87877,-1.26854,50.68825,3,3,1,18:18,-1,E06000046,6,2,1,1,2,19,2,7,0,0,0,1,0,0,0,0,0,1,7
2024440009811,2024,440009811,443033,112457,-1.3893,50.90998,2,2,2,07:31,-1,E06000045,3,2,1,0,1,19,2,6,0,0,0,0,0,0,1,0,1,1,8
2024440009823,2024,440009823,436719,146496,-1.47566,51.21649,3,3,2,07:44,-1,E07000093,3,2,1,2,1,5,1,5,0,0,0,0,0,1,0,0,0,1,8
2024440009833,2024,440009833,466358,100144,-1.05981,50.79707,3,3,2,07:52,-1,E06000044,3,2,1,0,1,"[9, 19]","[2, 8]","[8, 4]",0,"[3, 0]",0,1,0,0,0,0,0,1,8
2024440009834,2024,440009834,455424,115346,-1.21264,50.93491,3,3,2,07:54,-1,E07000094,6,2,1,2,2,19,"[2, 6]","[6, 2]",0,0,0,1,0,0,0,0,0,1,8
2024440009865,2024,440009865,417222,97792,-1.7571,50.77945,3,3,2,08:00,-1,E07000091,6,0,1,2,2,19,6,2,0,2,11,0,0,0,1,0,0,1,8
2024440009951,2024,440009951,474725,105984,-0.93992,50.84856,3,3,2,09:08,-1,E07000090,6,0,1,0,1,"[19, 7]","[1, 3]",5,0,0,0,1,0,0,0,0,0,1,8
2024440010020,2024,440010020,441195,113096,-1.41537,50.91586,3,3,1,13:05,-1,E06000045,6,0,1,0,1,"[3, 19]",1,5,0,0,0,1,0,0,0,0,0,1,7
2024440010155,2024,440010155,440221,113789,-1.42915,50.92216,3,3,2,11:09,-1,E06000045,6,0,1,0,1,"[19, 2]","[2, 0]","[6, 0]","[4, 0]","[7, 0]","[11, 0]",1,0,0,0,0,0,1,8
2024440010197,2024,440010197,483540,130210,-0.80918,51.06516,1,1,2,11:35,-1,E07000085,4,0,1,0,2,19,2,6,6,7,10,1,0,0,0,0,0,1,8
2024440010293,2024,440010293,441930,113706,-1.40484,50.9213,3,3,2,12:00,-1,E06000045,3,0,1,0,1,19,1,5,0,0,0,0,0,1,0,0,1,1,8
2024440011810,2024,440011810,461372,149697,-1.12217,51.24316,3,3,3,12:23,-1,E07000084,6,0,1,0,1,"[2, 19]","[0, 5]","[0, 1]",0,0,0,1,0,0,0,0,1,1,9
2024440011858,2024,440011858,441138,106179,-1.41696,50.85367,3,3,3,12:49,-1,E07000091,6,0,1,0,1,"[19, 2]","[6, 0]","[2, 0]",0,"[1, 0]","[11, 0]",1,0,0,0,0,0,1,9
2024440011965,2024,440011965,475182,141109,-0.92616,51.1643,2,2,3,13:30,-1,E07000085,6,0,1,1,2,19,"[1, 7]","[5, 3]",0,"[0, 1]","[0, 10]",1,0,0,0,0,0,1,9
2024440012471,2024,440012471,464658,101939,-1.08361,50.8134,2,2,3,18:07,-1,E06000044,3,2,1,1,1,19,6,2,0,0,0,1,0,0,0,0,1,1,9
2024440012548,2024,440012548,449089,88512,-1.30636,50.69419,3,3,3,15:45,-1,E06000046,4,0,1,0,1,19,3,7,0,0,0,1,0,0,0,0,1,1,9
2024440012643,2024,440012643,439130,117804,-1.44424,50.95834,2,2,3,20:29,-1,E07000093,1,2,1,0,2,19,2,6,0,4,6,1,0,0,0,0,0,1,9
2024440012788,2024,440012788,461463,99817,-1.12931,50.79467,3,3,3,23:22,-1,E07000088,6,2,1,0,1,19,"[7, 5]","[3, 1]",0,0,0,1,0,1,0,0,0,1,9
2024440012812,2024,440012812,438379,110112,-1.45574,50.88923,3,3,3,22:45,-1,E07000091,6,2,1,0,2,19,6,2,0,1,0,1,0,0,0,0,1,1,9
2024440012840,2024,440012840,459219,90561,-1.16263,50.71167,3,3,4,01:32,-1,E06000046,6,2,1,2,2,19,2,6,0,1,10,1,0,0,0,0,0,1,10
2024440012931,2024,440012931,439662,123284,-1.43607,51.00758,3,3,4,06:26,-1,E07000093,3,2,1,1,2,19,4,8,0,0,0,1,1,0,0,0,0,1,10
2024440012972,2024,440012972,463620,111811,-1.09663,50.90228,3,3,4,07:30,-1,E07000094,6,2,1,1,2,19,7,3,0,1,10,1,0,0,0,0,0,1,10
2024440013020,2024,440013020,456352,114147,-1.19962,50.92404,2,2,4,08:25,-1,E07000094,4,0,1,2,2,19,8,4,0,0,0,0,0,1,0,0,0,1,10
2024440013111,2024,440013111,441656,107393,-1.40946,50.86455,3,3,4,09:26,-1,E07000091,6,0,1,2,1,19,5,1,10,0,0,1,0,0,0,0,1,1,10
2024440013118,2024,440013118,439871,107244,-1.43484,50.86334,3,3,3,18:30,-1,E07000091,3,2,1,0,2,19,"[4, 2]","[8, 6]",0,0,0,1,1,0,0,0,0,1,9
2024440013132,2024,440013132,415052,104764,-1.78759,50.84221,3,3,4,09:38,-1,E07000091,6,0,1,2,1,"[3, 4]",7,3,0,0,0,1,0,0,0,0,0,1,10
2024440013322,2024,440013322,454321,105951,-1.22972,50.85053,3,3,4,11:25,-1,E07000087,6,0,1,0,2,19,"[4, 5]","[8, 1]",0,0,0,1,0,0,0,0,0,1,10
2024440013575,2024,440013575,464723,153766,-1.07344,51.27937,3,3,4,13:50,-1,E07000084,3,0,1,0,1,"[12, 19]",2,6,0,0,0,1,0,0,0,0,0,1,10
2024440013583,2024,440013583,450736,143082,-1.27546,51.18472,3,3,4,13:56,-1,E07000094,3,0,1,0,2,"[19, 12]",2,6,0,"[4, 0]",0,1,0,0,0,0,0,1,10
2024440013796,2024,440013796,457834,88204,-1.18261,50.69062,2,2,4,15:28,-1,E06000046,6,0,1,0,2,"[13, 19]","[2, 5]","[5, 2]",0,0,0,1,0,1,0,0,0,1,10
2024440013910,2024,440013910,422574,104516,-1.68077,50.83973,3,3,4,16:28,-1,E07000091,6,2,1,1,2,"[19, 9]","[6, 8]","[2, 6]",0,0,0,1,0,1,0,0,0,1,10
2024440014085,2024,440014085,448585,112712,-1.3103,50.91184,3,3,4,18:32,-1,E07000086,4,2,1,1,1,"[19, 3]",2,6,0,0,0,1,0,1,0,0,0,1,10
2024440014104,2024,440014104,446243,88228,-1.34669,50.69187,2,2,4,18:31,-1,E06000046,6,2,1,2,2,19,4,8,0,0,0,0,0,1,0,0,0,1,10
2024440014319,2024,440014319,487826,150971,-0.74297,51.25116,3,3,4,22:15,-1,E07000092,6,2,1,0,1,"[3, 19]",5,1,0,0,0,1,0,0,0,0,0,1,10
2024440014571,2024,440014571,442437,112224,-1.3978,50.90793,3,3,5,07:45,-1,E06000045,3,2,1,0,1,"[19, 9]","[7, 5]",3,0,0,0,1,0,0,0,0,0,1,11
2024440014651,2024,440014651,441100,86500,-1.41969,50.67672,2,"[3, 2]",5,08:52,-1,E06000046,4,0,1,2,2,19,6,3,0,1,4,1,0,0,0,0,0,1,11
2024440014657,2024,440014657,437570,120587,-1.46616,50.98347,3,3,5,08:53,-1,E07000093,3,0,1,1,1,"[19, 7]","[2, 7]","[6, 2]",0,0,0,1,0,0,0,0,0,1,11
2024440014821,2024,440014821,469183,111088,-1.01767,50.89514,2,2,5,10:08,-1,E07000090,3,0,1,0,1,5,6,2,0,0,0,1,0,0,0,0,1,1,11
2024440014829,2024,440014829,439821,122455,-1.43389,51.00011,2,2,5,09:50,-1,E07000093,6,0,1,2,2,19,1,5,0,7,4,1,0,0,0,0,0,1,11
2024440014854,2024,440014854,437917,113570,-1.46195,50.92035,3,3,4,08:00,-1,E06000045,6,0,1,0,1,19,"[8, 4]","[4, 8]",0,0,0,1,0,0,0,0,0,1,10
2024440015169,2024,440015169,445751,119895,-1.34971,50.97666,3,3,5,08:50,-1,E07000086,3,0,1,0,1,"[4, 19]",5,1,0,0,0,1,0,0,0,0,0,1,11
2024440015260,2024,440015260,446949,119779,-1.33266,50.97552,3,3,5,12:00,-1,E07000086,6,0,1,0,1,"[19, 2]","[5, 0]","[1, 0]",0,0,0,1,0,1,0,0,0,1,11
2024440015281,2024,440015281,453980,92044,-1.23661,50.72552,2,2,5,14:47,-1,E06000046,6,0,1,0,2,"[14, 2]","[6, 0]","[2, 0]",0,0,0,1,0,0,0,0,0,1,11
2024440015352,2024,440015352,450896,89783,-1.28061,50.70547,2,2,5,15:12,-1,E06000046,6,0,1,0,1,19,5,1,0,0,0,1,0,0,0,0,1,1,11
2024440015387,2024,440015387,448201,114223,-1.31557,50.92546,2,2,5,15:25,-1,E07000086,1,0,1,0,2,19,8,4,0,1,7,1,0,0,0,0,0,1,11
2024440015417,2024,440015417,446037,149503,-1.34187,51.24285,2,2,5,15:36,-1,E07000084,3,0,1,0,2,19,6,2,0,1,7,1,0,0,0,0,0,1,11
2024440015480,2024,440015480,439091,114272,-1.44517,50.92658,3,3,5,16:10,-1,E06000045,6,2,1,0,1,"[19, 9]","[7, 3]","[3, 1]",10,"[0, 7]",0,1,0,0,0,0,0,1,11
2024440015588,2024,440015588,455360,117346,-1.21324,50.9529,2,2,5,17:19,-1,E07000094,4,2,1,1,2,19,"[8, 6]","[4, 2]",0,0,0,1,1,0,0,0,0,1,11
2024440015603,2024,440015603,465016,101698,-1.07857,50.81119,2,2,5,17:30,-1,E06000044,6,2,1,0,1,19,2,6,0,0,0,0,1,0,0,0,1,1,11
2024440015680,2024,440015680,481248,154562,-0.83638,51.28441,2,2,5,18:20,-1,E07000089,4,2,1,1,1,7,4,6,0,0,0,1,0,0,0,0,1,1,11
2024440015723,2024,440015723,466883,100486,-1.0523,50.80008,2,2,5,19:00,-1,E06000044,6,2,1,1,1,"[9, 19]","[6, 2]","[4, 6]",0,0,0,1,0,1,0,0,0,1,11
2024440015764,2024,440015764,441950,117569,-1.40411,50.95603,2,2,5,19:38,-1,E07000093,3,2,1,0,1,19,1,5,10,0,0,0,1,0,0,0,0,1,11
2024440016148,2024,440016148,459012,101725,-1.16377,50.81208,3,3,5,17:15,-1,E07000088,6,2,1,0,1,"[3, 19]",8,4,0,0,0,1,0,0,0,0,0,1,11
2024440016182,2024,440016182,448057,129900,-1.31554,51.06643,3,3,6,07:37,-1,E07000094,6,2,1,0,1,"[19, 7]","[6, 8]",2,0,0,0,1,0,0,0,0,0,1,12
2024440016343,2024,440016343,437451,120725,-1.46784,50.98472,3,3,5,15:30,-1,E07000093,6,0,1,0,1,"[13, 19]",7,3,0,0,0,1,1,0,0,0,0,1,11
2024440016375,2024,440016375,485441,154678,-0.77625,51.28484,3,3,6,10:28,-1,E07000092,3,0,1,0,1,19,4,7,0,1,9,1,0,0,0,0,0,1,12
2024440016460,2024,440016460,449664,130082,-1.29259,51.06793,3,3,6,09:45,-1,E07000094,1,0,1,0,1,19,5,1,0,1,0,1,0,0,0,0,0,1,12
2024440016564,2024,440016564,468480,109845,-1.02789,50.88405,3,3,6,12:26,-1,E07000090,3,0,1,0,1,"[19, 9]","[6, 4]",2,0,0,0,1,0,0,0,0,0,1,12
2024440016938,2024,440016938,442130,113083,-1.40207,50.91568,3,3,6,15:38,-1,E06000045,3,0,1,0,1,"[7, 19]","[2, 4]","[4, 8]",0,0,0,1,1,0,0,0,0,1,12
2024440017070,2024,440017070,465191,103891,-1.0757,50.83089,3,3,6,16:54,-1,E06000044,6,2,1,0,1,"[19, 8]","[4, 2]","[8, 4]",0,0,0,1,0,0,0,0,0,1,12
2024440017186,2024,440017186,442335,113764,-1.39907,50.92179,3,3,4,22:50,-1,E06000045,6,2,1,1,1,"[19, 3]",5,1,0,0,0,1,0,1,0,0,0,1,10
2024440017219,2024,440017219,457610,105376,-1.1831,50.84505,3,3,6,18:20,-1,E07000087,3,2,1,0,1,"[19, 4]",2,6,0,0,0,1,0,0,0,0,0,1,12
2024440017260,2024,440017260,455897,83455,-1.21075,50.64811,3,3,6,19:01,-1,E06000046,3,2,1,0,2,"[19, 9]","[8, 4]","[4, 1]",0,0,0,1,0,0,0,0,0,1,12
2024440017318,2024,440017318,435761,121815,-1.49181,50.99463,3,3,6,19:29,-1,E07000093,6,2,1,0,1,5,6,2,0,0,0,1,0,0,0,0,1,1,12
2024440017320,2024,440017320,458342,116240,-1.17097,50.94266,3,3,6,19:45,-1,E07000094,6,2,1,1,2,19,6,2,0,7,0,1,0,0,0,0,0,1,12
2024440017953,2024,440017953,448835,112568,-1.30677,50.91052,3,3,7,11:23,-1,E07000086,4,0,1,0,1,"[2, 14]","[0, 6]","[0, 2]","[4, 0]",0,0,1,0,0,0,0,0,1,13
2024440017962,2024,440017962,452057,91741,-1.26389,50.72297,3,3,7,11:43,-1,E06000046,3,0,1,0,2,4,2,6,0,0,0,1,0,0,0,0,0,1,13
2024440018238,2024,440018238,447330,130076,-1.3259,51.06807,3,3,7,15:40,-1,E07000094,4,0,1,1,1,"[19, 2]","[8, 0]","[4, 0]","[10, 0, 4]",0,0,1,0,0,0,0,0,1,13
2024440018525,2024,440018525,446748,124812,-1.33488,51.02079,2,2,7,19:15,-1,E07000094,6,2,1,0,2,"[19, 7]","[6, 8]",2,0,0,0,1,0,1,0,0,0,1,13
2024440018571,2024,440018571,428229,112790,-1.59983,50.91389,3,3,7,20:25,-1,E07000091,3,2,1,1,2,19,2,6,0,1,4,1,0,0,0,0,0,1,13
2024440018621,2024,440018621,462505,149271,-1.10602,51.2392,3,3,7,21:04,-1,E07000084,1,2,1,0,2,19,2,6,0,"[0, 5]","[0, 6]",1,0,0,0,0,0,1,13
2024440018661,2024,440018661,445064,113105,-1.36033,50.91566,2,2,7,21:15,-1,E06000045,3,2,1,0,1,19,3,7,0,0,0,0,0,0,0,0,0,1,13
2024440018746,2024,440018746,465548,104614,-1.0705,50.83735,3,3,7,23:15,-1,E06000044,1,2,1,1,2,19,8,4,0,8,7,1,0,0,0,0,0,1,13
2024440019169,2024,440019169,448746,88601,-1.31121,50.69502,3,3,1,10:56,-1,E06000046,6,0,4,1,1,7,4,6,0,0,0,0,0,1,0,0,0,1,14
2024440019238,2024,440019238,444208,115944,-1.37217,50.94125,3,3,1,12:30,-1,E06000045,3,0,1,0,1,"[19, 10]",8,4,0,0,0,1,0,0,0,0,0,1,14
2024440019251,2024,440019251,470769,108342,-0.99565,50.87026,3,3,1,12:49,-1,E07000090,6,0,1,0,1,"[2, 19]","[0, 2]","[0, 6]","[0, 4]",0,0,1,0,1,0,0,0,1,14
2024440019380,2024,440019380,469197,111096,-1.01746,50.89521,2,"[2, 3]",7,20:00,-1,E07000090,3,2,1,0,1,"[9, 19]","[6, 2]","[3, 6]",0,0,0,1,0,0,0,0,0,1,13
2024440019387,2024,440019387,465766,99881,-1.06825,50.79477,2,2,1,14:31,-1,E06000044,3,0,1,0,1,19,8,4,0,0,0,0,0,0,0,0,1,1,14
2024440019429,2024,440019429,463991,100608,-1.09331,50.80151,3,3,1,14:59,-1,E06000044,3,0,1,0,1,"[4, 19]",2,6,0,0,0,1,0,0,0,0,0,1,14
2024440019444,2024,440019444,472765,106519,-0.96765,50.85362,2,2,1,15:07,-1,E07000090,6,0,1,0,1,19,6,2,0,0,0,1,0,0,0,0,1,1,14
2024440019717,2024,440019717,468521,107685,-1.02771,50.86462,3,3,1,19:22,-1,E07000090,6,2,1,1,1,19,"[4, 2]","[8, 6]",0,0,0,1,1,0,0,0,0,1,14
2024440020136,2024,440020136,443650,115640,-1.38014,50.93856,2,"[2, 3]",2,07:35,-1,E06000045,6,2,1,0,1,14,5,1,0,0,0,0,0,1,0,0,1,1,15
2024440020252,2024,440020252,487246,154732,-0.75036,51.28505,2,2,2,09:15,-1,E07000092,6,0,1,1,1,19,3,7,0,0,0,1,0,0,0,0,1,1,15
2024440020254,2024,440020254,468849,136546,-1.01759,51.12407,3,3,2,09:21,-1,E07000085,3,0,1,1,2,"[19, 12]",6,2,0,"[6, 0]",0,1,0,0,0,0,0,1,15
2024440020277,2024,440020277,465117,152190,-1.06808,51.26516,3,3,2,09:30,-1,E07000084,3,0,1,1,2,19,4,8,0,0,0,1,0,0,0,0,0,1,15
2024440020319,2024,440020319,463514,98857,-1.10038,50.78582,3,3,2,09:56,-1,E06000044,6,0,1,0,2,19,"[4, 2]","[2, 4]",0,0,0,1,1,0,0,0,0,1,15
2024440020415,2024,440020415,432184,95823,-1.54506,50.76111,3,3,2,08:35,-1,E07000091,6,0,1,0,1,1,3,7,0,0,0,1,0,0,0,0,1,1,15
2024440020463,2024,440020463,445160,114041,-1.35885,50.92406,2,2,2,11:22,-1,E06000045,6,0,1,0,1,19,2,6,0,0,0,0,0,1,0,0,1,1,1
2024440020479,2024,440020479,446258,148050,-1.33889,51.22977,3,3,2,11:28,-1,E07000084,6,0,1,0,2,19,8,4,0,0,0,1,0,0,0,0,1,1,15
2024440020531,2024,440020531,468530,107730,-1.02758,50.86502,3,3,2,08:45,-1,E07000090,6,0,1,0,1,"[19, 14]","[6, 2]","[2, 6]",0,0,0,1,0,0,0,0,0,1,15
2024440020559,2024,440020559,465264,103835,-1.07467,50.83038,3,3,2,12:14,-1,E06000044,3,0,1,0,1,"[19, 4]",6,2,0,0,0,1,0,0,0,0,0,1,15
2024440020973,2024,440020973,439883,115212,-1.4338,50.93498,3,3,2,15:21,-1,E06000045,6,0,1,0,1,"[19, 9]","[8, 4]","[4, 2]",0,0,0,1,0,0,0,0,0,1,15
2024440021004,2024,440021004,444753,113422,-1.36472,50.91853,3,3,2,15:27,-1,E06000045,6,0,1,0,1,"[9, 19]","[2, 8]","[8, 4]",0,0,0,1,1,0,0,0,0,1,15
2024440021044,2024,440021044,464663,102501,-1.08344,50.81845,3,3,2,15:50,-1,E06000044,3,0,1,0,1,1,5,1,0,0,0,1,0,0,0,0,1,1,15
2024440021150,2024,440021150,467547,135479,-1.03639,51.11463,3,3,2,16:38,-1,E07000085,3,2,1,0,2,"[7, 19]","[4, 3]",7,0,0,0,1,0,0,0,0,0,1,15
2024440021186,2024,440021186,458522,107452,-1.16982,50.86362,3,3,2,17:01,-1,E07000087,1,2,1,0,2,"[19, 4]",8,4,0,0,0,1,0,0,0,0,0,1,15
2024440021306,2024,440021306,476551,124562,-0.91009,51.01535,1,"[2, 3, 1]",2,18:40,-1,E07000085,3,2,1,1,2,"[3, 19, 9]","[4, 2, 6]","[8, 6, 4]",0,0,0,1,0,0,0,0,0,1,15
2024440021597,2024,440021597,462068,152982,-1.11164,51.27262,3,3,3,00:36,-1,E07000084,3,2,1,2,1,19,1,5,0,2,4,1,0,0,0,0,0,1,16
2024440021673,2024,440021673,430726,94134,-1.56587,50.746,2,2,3,05:36,-1,E07000091,3,2,1,2,2,19,2,6,0,0,0,1,0,0,0,0,0,1,16
2024440021676,2024,440021676,444725,116799,-1.3647,50.9489,3,3,3,05:42,-1,E07000086,6,2,1,2,1,19,2,6,0,7,11,1,0,0,0,0,0,1,16
2024440021698,2024,440021698,464914,98267,-1.08062,50.78036,3,3,5,08:30,-1,E06000044,6,0,1,0,1,"[9, 19]","[8, 6]","[6, 2]",0,0,0,1,1,0,0,0,0,1,4
2024440021700,2024,440021700,474903,123344,-0.93383,51.00462,3,3,2,12:40,-1,E07000085,4,0,1,0,1,"[19, 3]",3,7,0,0,0,1,1,0,0,0,0,1,15
2024440021703,2024,440021703,452644,108470,-1.25318,50.87334,3,3,3,06:40,-1,E07000094,3,2,1,2,2,19,6,2,0,4,1,1,0,0,0,0,0,1,16
2024440021715,2024,440021715,428989,113626,-1.58895,50.92137,3,3,3,07:16,-1,E07000091,1,2,1,2,2,19,6,2,0,7,4,1,0,0,0,0,0,1,16
2024440021721,2024,440021721,460693,149533,-1.13193,51.24175,3,3,3,07:23,-1,E07000084,3,2,1,2,1,19,"[2, 6]","[6, 2]",0,0,0,1,0,0,0,0,0,1,16
2024440021780,2024,440021780,487024,156138,-0.7532,51.29773,3,3,3,08:14,-1,E07000092,3,0,1,2,1,19,1,5,0,0,0,0,0,1,0,0,0,1,16
2024440021802,2024,440021802,446217,133527,-1.34134,51.09919,2,2,3,08:20,-1,E07000094,4,0,1,2,2,19,8,4,0,0,0,1,0,1,0,0,0,1,16