collision_index,collision_year,collision_ref_no,location_easting_osgr,location_northing_osgr,longitude,latitude,casualty_severity,casualty_severity,day_of_week,time,local_authority_district,local_authority_ons_district,first_road_class,light_conditions,weather_conditions,road_surface_conditions,urban_or_rural_area,vehicle_manoeuvre,vehicle_direction_from,vehicle_direction_to,hit_object_in_carriageway,vehicle_leaving_carriageway,hit_object_off_carriageway,is_car,is_cyle,is_mcyle,is_goodsv,is_other,is_pedestrian,month,day
2024440021822,2024,440021822,462296,152197,-1.1085,51.26553,3,3,3,08:36,-1,E07000084,3,0,1,2,1,4,5,1,0,0,0,1,0,0,0,0,0,1,16
2024440021837,2024,440021837,461980,153336,-1.11284,51.27581,3,3,3,08:41,-1,E07000084,3,0,1,2,1,9,5,3,0,0,0,0,0,1,0,0,0,1,16
2024440021854,2024,440021854,471703,117123,-0.98065,50.94909,3,3,3,08:49,-1,E07000085,6,0,1,2,2,"[19, 4]",7,4,0,"[0, 1]","[0, 7]",1,0,0,0,0,1,1,16
2024440022005,2024,440022005,433414,86498,-1.52846,50.67719,2,2,3,10:21,-1,E06000046,6,0,1,0,2,"[19, 2]","[8, 0]","[5, 0]","[4, 0]",0,0,1,0,0,0,0,0,1,16
2024440022054,2024,440022054,449167,88722,-1.30523,50.69607,3,3,3,10:30,-1,E06000046,6,0,1,0,1,19,2,6,0,0,0,1,0,0,0,0,1,1,16
2024440022060,2024,440022060,451381,106971,-1.27134,50.85997,3,3,3,10:35,-1,E07000087,6,0,1,0,1,"[2, 19]","[0, 5]","[0, 1]","[0, 8]",0,0,1,0,0,0,0,1,1,16
2024440022387,2024,440022387,414856,105306,-1.79035,50.84709,2,2,3,13:37,-1,E07000091,4,0,1,0,1,19,6,2,0,3,7,1,0,0,0,0,0,1,16
2024440022410,2024,440022410,471668,116968,-0.98118,50.9477,3,3,3,08:30,-1,E07000085,6,0,1,2,2,4,6,2,0,0,0,1,0,0,0,0,0,1,16
2024440022735,2024,440022735,467055,153839,-1.04,51.27976,3,3,3,16:10,-1,E07000084,6,2,1,2,1,19,6,2,0,1,4,1,0,0,0,0,0,1,16
2024440022941,2024,440022941,449205,112647,-1.30149,50.9112,3,3,3,18:57,-1,E07000086,6,2,1,2,1,19,8,4,0,0,0,0,0,1,0,0,0,1,16
2024440023057,2024,440023057,443046,112475,-1.38911,50.91014,3,3,3,20:59,-1,E06000045,3,2,2,1,1,"[19, 7]",2,"[6, 4]",0,0,0,1,0,0,1,0,0,1,16
2024440023162,2024,440023162,449640,130399,-1.29289,51.07078,3,3,3,22:53,-1,E07000094,1,2,1,2,1,"[19, 3]",5,1,0,0,0,1,0,0,0,0,0,1,16
2024440023386,2024,440023386,472458,120336,-0.96927,50.97789,3,3,4,08:13,-1,E07000085,3,0,1,0,2,19,6,2,0,0,0,1,0,0,0,0,0,1,17
2024440023492,2024,440023492,440957,114452,-1.4186,50.92807,2,"[2, 3]",4,09:07,-1,E06000045,6,0,1,0,1,"[2, 19]","[0, 6, 1]","[0, 1, 6]",0,0,0,1,0,0,0,0,0,1,17
2024440023739,2024,440023739,465815,105600,-1.06653,50.84619,2,2,4,11:53,-1,E06000044,6,0,1,0,1,1,5,1,0,0,0,1,0,0,0,0,1,1,17
2024440024116,2024,440024116,459303,92914,-1.16106,50.73282,2,2,4,14:38,-1,E06000046,3,0,1,0,1,"[19, 5]","[3, 5]","[7, 1]",0,0,0,1,0,1,0,0,0,1,17
2024440024169,2024,440024169,465377,100519,-1.07366,50.80055,3,3,4,15:30,-1,E06000044,6,0,1,0,1,19,1,5,0,0,0,1,0,0,0,0,1,1,17
2024440024224,2024,440024224,450344,107436,-1.28601,50.86425,3,3,3,15:40,-1,E07000087,6,0,1,0,1,9,8,6,0,0,0,1,0,0,0,0,1,1,16
2024440024981,2024,440024981,471783,161556,-0.97067,51.34856,3,3,5,08:14,-1,E07000089,3,0,1,2,2,"[19, 9]","[8, 4]","[4, 8]",0,0,0,1,0,0,0,0,0,1,18
2024440024997,2024,440024997,445731,123991,-1.34948,51.01349,2,"[2, 3]",5,08:19,-1,E07000094,6,0,1,2,2,19,"[8, 4]","[4, 8]",0,0,0,1,0,0,0,0,0,1,18
2024440025041,2024,440025041,466699,99376,-1.05511,50.79012,2,2,5,08:56,-1,E06000044,3,0,1,0,1,19,1,5,0,0,0,1,0,0,0,0,1,1,18
2024440025089,2024,440025089,464036,164337,-1.08139,51.37449,3,3,5,09:15,-1,E07000084,6,0,1,2,2,19,2,7,0,1,9,1,0,0,0,0,0,1,18
2024440025239,2024,440025239,481098,135619,-0.84281,51.11413,3,3,5,11:09,-1,E07000085,6,0,1,2,1,19,"[7, 3]","[3, 7]",0,0,0,1,0,0,0,0,0,1,18
2024440025659,2024,440025659,455038,84197,-1.22279,50.65486,3,3,5,14:50,-1,E06000046,3,0,1,0,2,"[10, 3, 19]",8,"[6, 4]",0,0,0,1,0,0,0,0,0,1,18
2024440025722,2024,440025722,445904,112996,-1.3484,50.91461,3,3,5,15:00,-1,E06000045,3,0,1,0,1,19,"[7, 3]","[3, 7]",0,0,0,1,0,0,0,0,0,1,18
2024440025800,2024,440025800,437800,114720,-1.46349,50.9307,3,3,5,15:35,-1,E06000045,6,0,1,0,1,19,8,4,0,0,0,1,0,0,0,0,1,1,18
2024440025877,2024,440025877,464655,100918,-1.08383,50.80422,3,3,5,16:00,-1,E06000044,6,0,1,0,1,19,4,8,0,0,0,1,0,0,0,0,1,1,18
2024440025912,2024,440025912,468534,107062,-1.02765,50.85902,2,2,5,16:49,-1,E07000090,6,2,1,1,1,19,4,8,0,0,0,0,0,0,0,0,1,1,18
2024440025915,2024,440025915,472235,99173,-0.97662,50.78764,3,3,5,17:03,-1,E07000090,6,2,1,0,1,1,4,8,0,0,0,1,0,0,0,0,1,1,18
2024440025945,2024,440025945,469610,107748,-1.01223,50.86506,3,3,5,16:39,-1,E07000090,6,2,1,0,1,19,6,2,0,0,0,1,0,0,0,0,1,1,18
2024440026093,2024,440026093,465996,99108,-1.06513,50.7878,3,3,5,19:00,-1,E06000044,6,2,1,0,1,"[2, 19]","[0, 6]","[0, 2]","[0, 8]",0,0,1,0,0,0,0,1,1,18
2024440026203,2024,440026203,464237,152611,-1.08061,51.26904,3,3,5,19:28,-1,E07000084,6,2,1,2,1,19,7,3,0,0,0,0,0,1,0,0,0,1,18
2024440026320,2024,440026320,438128,145929,-1.45554,51.2113,2,2,5,23:12,-1,E07000093,3,2,1,1,1,19,8,4,9,3,7,1,0,0,0,0,0,1,18
2024440026602,2024,440026602,441698,112299,-1.4083,50.90866,2,2,6,08:50,-1,E06000045,3,0,1,0,1,19,"[2, 1]","[6, 5]",0,0,0,0,0,0,1,0,0,1,19
2024440026609,2024,440026609,456449,107752,-1.19922,50.86653,3,3,6,08:51,-1,E07000087,6,0,1,2,1,19,7,3,0,0,0,0,0,1,0,0,0,1,19
2024440026612,2024,440026612,463317,100402,-1.10291,50.79973,3,3,6,08:58,-1,E06000044,6,0,1,0,1,5,3,7,0,0,0,1,0,0,0,0,1,1,19
2024440026631,2024,440026631,466478,142131,-1.05044,51.17456,3,3,6,09:06,-1,E07000085,3,0,1,2,2,19,4,8,0,7,4,1,0,0,0,0,0,1,19
2024440026814,2024,440026814,481961,160434,-0.82481,51.3371,3,3,6,10:50,-1,E07000089,6,0,1,2,1,19,"[8, 2]","[2, 8]",0,0,0,1,0,0,0,0,0,1,19
2024440026938,2024,440026938,449659,132899,-1.29227,51.09326,2,2,6,12:05,-1,E07000094,3,0,1,0,2,"[9, 19]","[4, 2]","[2, 6]",0,0,0,1,0,0,0,0,0,1,19
2024440027056,2024,440027056,442388,107528,-1.39904,50.86571,3,3,6,13:05,-1,E07000091,6,0,1,0,1,19,2,6,0,0,0,1,0,0,0,0,1,1,19
2024440027096,2024,440027096,467218,105672,-1.04659,50.84667,3,3,6,13:24,-1,E06000044,6,0,1,0,1,"[3, 19]",3,7,0,0,0,1,0,1,0,0,0,1,19
2024440027247,2024,440027247,442536,111786,-1.39645,50.90399,3,3,6,14:30,-1,E06000045,6,0,1,1,1,19,1,5,0,0,0,1,0,0,0,0,1,1,19
2024440027292,2024,440027292,423928,95524,-1.66213,50.75882,3,3,6,15:09,-1,E07000091,6,0,1,0,1,19,"[7, 4]","[3, 8]",0,0,0,1,0,0,0,0,0,1,19
2024440027452,2024,440027452,444212,116658,-1.37202,50.94767,3,3,6,16:18,-1,E07000086,3,2,1,0,2,"[3, 19]",2,6,0,0,0,1,0,1,0,0,0,1,19
2024440027527,2024,440027527,437801,113980,-1.46355,50.92404,3,3,6,17:00,-1,E06000045,6,2,1,0,1,"[9, 19]","[6, 4]","[4, 8]",0,"[0, 7]","[0, 1]",1,0,0,0,0,0,1,19
2024440027530,2024,440027530,441230,112045,-1.41499,50.90641,2,2,6,17:03,-1,E06000045,3,2,1,0,1,19,3,7,0,0,0,1,0,0,0,0,1,1,19
2024440027574,2024,440027574,451533,132927,-1.26551,51.09335,3,3,6,17:38,-1,E07000094,4,2,1,2,2,"[19, 2]","[3, 0]","[7, 0]",0,0,0,1,0,0,0,0,0,1,19
2024440027627,2024,440027627,486163,152101,-0.76652,51.26157,3,3,6,18:08,-1,E07000092,6,2,2,2,2,"[9, 19]","[8, 4]","[6, 8]",0,"[7, 0]",0,1,0,0,0,0,0,1,19
2024440027631,2024,440027631,474829,123120,-0.93493,51.00261,2,2,6,18:06,-1,E07000085,6,2,1,2,1,5,2,6,0,0,0,1,0,0,0,0,1,1,19
2024440027857,2024,440027857,466922,151998,-1.04225,51.26322,3,3,6,21:39,-1,E07000084,3,2,1,1,1,"[19, 9]","[1, 7]",5,"[10, 0]",0,0,1,0,0,0,0,0,1,19
2024440028067,2024,440028067,439293,115465,-1.44217,50.9373,3,3,4,12:09,-1,E06000045,6,0,1,0,1,"[19, 1]",1,"[3, 5]",0,0,0,1,0,0,0,0,0,7,3
2024440028438,2024,440028438,438864,114284,-1.4484,50.92671,2,2,7,11:55,-1,E06000045,6,0,1,0,1,"[8, 19]",3,7,0,0,0,1,0,0,0,0,0,1,20
2024440028522,2024,440028522,441664,112417,-1.40877,50.90972,2,2,2,19:30,-1,E06000045,6,2,1,0,1,"[4, 3]",8,4,0,0,0,1,0,0,0,0,0,1,15
2024440028604,2024,440028604,456579,112094,-1.1967,50.90555,3,3,7,14:20,-1,E07000094,6,0,1,0,2,19,6,2,0,1,4,1,0,0,0,0,0,1,20
2024440028722,2024,440028722,462502,150922,-1.10577,51.25405,3,3,7,14:45,-1,E07000084,3,0,1,0,1,19,6,2,0,0,0,1,0,0,0,0,1,1,20
2024440028857,2024,440028857,464919,100168,-1.08022,50.79745,3,3,7,18:36,-1,E06000044,3,2,1,0,1,"[19, 4]",5,1,0,0,0,1,0,0,0,0,0,1,20
2024440028937,2024,440028937,420510,95226,-1.7106,50.75627,3,3,7,20:27,-1,E07000091,3,2,1,0,2,19,2,6,12,0,0,1,0,0,0,0,0,1,20
2024440029842,2024,440029842,430673,113235,-1.56503,50.91777,3,3,1,15:29,-1,E07000091,3,0,1,0,1,19,"[1, 3]","[5, 7]",0,0,0,1,0,0,0,0,0,7,14
2024440030221,2024,440030221,430141,106228,-1.57317,50.85479,3,3,1,23:43,-1,E07000091,3,2,5,1,2,19,1,5,11,0,0,1,0,0,0,0,0,1,21
2024440030361,2024,440030361,444123,111985,-1.37385,50.90566,2,2,2,06:50,-1,E06000045,6,2,1,1,1,"[7, 19]","[8, 6]",2,0,0,0,1,1,0,0,0,0,1,22
2024440030596,2024,440030596,463784,126652,-1.0917,51.0357,3,3,2,10:09,-1,E07000094,3,0,1,0,2,"[15, 19]",4,8,0,"[0, 1]",0,1,0,0,1,0,0,1,22
2024440031451,2024,440031451,463384,105749,-1.10103,50.8478,3,3,2,16:51,-1,E06000044,1,2,1,0,1,19,4,8,0,0,0,1,0,0,1,0,0,1,22
2024440031500,2024,440031500,414896,107480,-1.7897,50.86664,3,3,2,17:20,-1,E07000091,3,2,1,0,2,"[19, 3]",8,4,0,"[1, 0]","[9, 0]",1,0,0,0,0,0,1,22
2024440031547,2024,440031547,456819,107606,-1.19399,50.86518,3,3,2,17:50,-1,E07000087,6,2,1,0,1,"[10, 19]",8,4,0,0,0,1,0,0,0,0,0,1,22
2024440031586,2024,440031586,465418,98607,-1.07342,50.78336,3,3,2,18:16,-1,E06000044,6,2,1,0,1,9,"[8, 1]","[5, 8]",0,0,0,1,1,0,0,0,0,1,22
2024440031644,2024,440031644,441905,111641,-1.40544,50.90273,3,3,2,19:00,-1,E06000045,6,2,1,0,1,4,3,7,0,0,0,0,0,0,1,0,0,1,22
2024440032065,2024,440032065,473604,122362,-0.95254,50.99596,3,3,3,07:15,-1,E07000085,3,2,2,1,2,"[19, 4]",6,2,0,0,0,1,0,0,0,0,0,1,23
2024440032076,2024,440032076,435511,146607,-1.49294,51.21756,3,3,3,07:32,-1,E07000093,3,2,1,1,2,19,"[4, 6]","[8, 2]",0,0,0,1,0,1,0,0,0,1,23
2024440032357,2024,440032357,446335,141784,-1.33859,51.17342,3,3,3,10:38,-1,E07000093,3,0,1,1,2,"[9, 19]","[8, 2]","[5, 6]",0,"[0, 1]","[0, 2]",1,0,0,1,0,0,1,23
2024440032626,2024,440032626,456791,105230,-1.19475,50.84382,3,3,3,13:15,-1,E07000087,6,0,2,1,1,19,"[6, 2, 8]","[2, 6, 4]",0,0,0,1,0,0,0,0,0,1,23
2024440032683,2024,440032683,461171,152453,-1.12458,51.26796,3,3,6,19:49,-1,E07000084,6,2,1,0,1,"[4, 19]","[5, 1]","[1, 5]",0,0,0,1,0,0,0,0,0,1,19
2024440032839,2024,440032839,451928,108804,-1.26331,50.87641,3,3,3,15:11,-1,E07000087,1,0,5,1,1,19,4,8,0,0,0,1,0,0,0,0,0,1,23
2024440033041,2024,440033041,463647,105447,-1.09735,50.84505,3,3,3,17:32,-1,E06000044,1,2,1,1,1,19,8,4,0,0,0,1,0,0,0,0,0,1,23
2024440033326,2024,440033326,434181,145134,-1.51212,51.2044,2,2,3,20:09,-1,E07000093,3,2,1,1,2,"[12, 19]",4,8,0,"[0, 1]","[0, 7]",1,0,0,0,0,0,1,23
2024440033424,2024,440033424,459505,101297,-1.15685,50.80818,3,3,3,20:15,-1,E07000088,6,2,1,1,1,19,2,6,0,0,0,1,0,0,0,0,1,1,23
2024440033891,2024,440033891,445231,122187,-1.35683,50.99731,3,3,4,12:49,-1,E07000086,6,0,1,0,2,"[8, 19]",8,4,0,0,0,1,0,0,0,0,0,1,24
2024440033946,2024,440033946,442755,111143,-1.39341,50.89819,3,3,4,13:21,-1,E06000045,4,0,1,0,1,"[9, 19]","[1, 2]",6,0,0,0,1,0,0,0,0,0,1,24
2024440034129,2024,440034129,487020,155552,-0.7534,51.29246,2,2,4,14:39,-1,E07000092,3,0,1,0,1,"[19, 4]",5,1,0,0,0,1,0,1,0,0,0,1,24
2024440034240,2024,440034240,461479,99821,-1.12908,50.7947,3,3,4,15:24,-1,E07000088,6,0,1,0,1,"[9, 19]","[3, 7]","[1, 3]",0,0,0,1,1,0,0,0,0,1,24
2024440034254,2024,440034254,451421,107337,-1.27072,50.86326,3,3,4,15:32,-1,E07000087,6,0,1,0,1,19,"[1, 7]","[5, 3]",0,0,0,1,1,0,0,0,0,1,24
2024440034256,2024,440034256,472315,107461,-0.97386,50.86215,2,2,4,15:29,-1,E07000090,6,0,1,0,1,19,5,1,0,0,0,1,0,0,0,0,1,1,24
2024440034388,2024,440034388,443783,119522,-1.37779,50.97345,2,2,4,16:40,-1,E07000086,3,2,1,0,1,"[9, 14]",7,"[5, 3]",0,0,0,1,0,1,0,0,0,1,24
2024440034488,2024,440034488,462210,152487,-1.10969,51.26815,3,3,4,17:50,-1,E07000084,3,2,1,0,1,"[3, 19]",8,4,0,0,0,1,0,0,0,0,0,1,24
2024440034525,2024,440034525,460371,90941,-1.14625,50.71497,3,3,4,18:17,-1,E06000046,3,2,1,1,1,"[12, 19]",5,1,0,0,0,1,0,0,0,0,0,1,24
2024440035056,2024,440035056,438503,115394,-1.45342,50.93671,3,3,5,06:55,-1,E06000045,3,2,1,1,1,"[5, 19]","[6, 4]",8,0,0,0,1,1,0,0,0,0,1,25
2024440035202,2024,440035202,436156,121241,-1.48624,50.98944,3,3,5,07:30,-1,E07000093,6,2,1,0,1,"[19, 2]","[8, 0]","[4, 0]","[8, 0]",0,0,1,0,0,0,0,1,1,25
2024440035294,2024,440035294,439083,113743,-1.44534,50.92183,2,2,4,10:20,-1,E06000045,6,0,2,1,1,"[1, 3]","[4, 6]","[8, 2]",0,0,0,1,0,0,0,0,0,1,24
2024440035343,2024,440035343,465234,102927,-1.07526,50.82222,2,2,5,10:30,-1,E06000044,3,0,1,0,1,19,"[6, 4]","[2, 8]",0,0,0,0,0,0,1,1,0,1,25
2024440036201,2024,440036201,459479,106081,-1.15644,50.8512,2,"[2, 3]",5,18:12,-1,E07000087,3,2,1,1,1,"[19, 9]","[7, 3]","[3, 1]",0,"[0, 4]","[0, 1]",1,0,0,0,0,0,1,25
2024440036320,2024,440036320,439359,119747,-1.44077,50.9758,3,3,5,08:55,-1,E07000093,6,0,1,0,2,19,6,2,0,0,0,1,0,0,0,0,1,1,25
2024440036355,2024,440036355,466516,106434,-1.05643,50.85361,3,3,5,20:21,-1,E06000044,4,2,1,1,2,19,7,3,0,2,1,1,0,0,0,0,0,1,25
2024440036484,2024,440036484,470317,152520,-0.99349,51.26751,3,3,5,21:03,-1,E07000084,1,2,2,1,2,19,7,3,0,"[1, 0]","[4, 0]",1,0,0,0,0,0,1,25
2024440036582,2024,440036582,453746,115232,-1.23653,50.93404,3,3,5,23:28,-1,E07000094,4,2,2,1,2,19,6,2,0,7,11,0,0,1,0,0,0,1,25
2024440037091,2024,440037091,441670,112329,-1.4087,50.90893,3,3,6,10:45,-1,E06000045,3,0,1,0,1,"[9, 19]","[8, 4]","[7, 8]",0,0,0,1,0,0,0,0,0,1,26
2024440037113,2024,440037113,457767,104700,-1.18098,50.83895,3,3,6,10:45,-1,E07000087,3,0,1,0,1,"[9, 19]","[2, 8]","[8, 4]",0,0,0,0,0,0,1,0,0,1,26
2024440037210,2024,440037210,429128,93870,-1.58854,50.74371,3,3,6,11:51,-1,E07000091,3,0,1,0,2,"[19, 9]","[2, 6]","[6, 4]",0,0,0,1,0,0,0,0,0,1,26
2024440037418,2024,440037418,460363,108351,-1.14351,50.87152,3,3,6,13:37,-1,E07000094,6,0,1,1,2,19,"[4, 1]","[1, 4]",0,"[0, 7]",0,1,0,0,0,0,0,1,26
2024440037899,2024,440037899,462470,151846,-1.10607,51.26236,3,3,6,18:11,-1,E07000084,6,2,1,0,1,"[9, 19]",7,"[5, 3]",0,0,0,1,0,0,0,0,0,1,26
2024440037915,2024,440037915,468767,111981,-1.02341,50.90322,3,3,6,18:25,-1,E07000090,6,2,1,0,1,"[9, 19]","[5, 3]","[3, 7]",0,0,0,1,1,0,0,0,0,1,26
2024440037933,2024,440037933,453371,113582,-1.24211,50.91924,3,3,6,18:47,-1,E07000094,3,2,1,0,2,"[19, 7]","[7, 1]",3,0,0,0,1,0,1,0,0,0,1,26
2024440037951,2024,440037951,445104,112354,-1.35986,50.9089,3,3,6,18:35,-1,E06000045,6,2,1,0,1,"[5, 2]","[2, 0]","[6, 0]",0,0,0,1,0,0,0,0,1,1,26
2024440038049,2024,440038049,444339,111017,-1.3709,50.89694,3,3,6,20:32,-1,E06000045,3,2,1,0,1,19,4,8,0,0,0,1,0,0,0,0,1,1,26
2024440038253,2024,440038253,466889,105224,-1.05135,50.84268,3,3,6,23:05,-1,E06000044,6,2,1,0,1,"[2, 19]","[0, 1]","[0, 5]",0,0,0,1,0,0,0,0,0,1,26
2024440038586,2024,440038586,457108,106249,-1.19009,50.85295,3,3,7,07:49,-1,E07000087,6,2,1,2,1,19,7,3,0,0,0,0,0,1,0,0,0,1,27
2024440038595,2024,440038595,452018,116961,-1.26087,50.94974,3,3,7,08:01,-1,E07000094,6,0,1,1,2,"[2, 19]","[0, 2]","[0, 6]","[0, 10]",0,0,1,0,0,0,0,0,1,27
2024440038828,2024,440038828,445512,113754,-1.35388,50.92146,3,3,7,12:51,-1,E06000045,6,0,1,1,1,"[9, 19]","[1, 7]","[7, 3]","[0, 10]",0,0,1,0,0,0,0,0,1,27
2024440039041,2024,440039041,470873,99159,-0.99594,50.78768,2,2,7,15:59,-1,E07000090,6,0,1,0,1,19,3,7,0,3,4,1,0,0,0,0,0,1,27
2024440039226,2024,440039226,441115,111950,-1.41663,50.90556,3,3,7,18:35,-1,E06000045,3,2,1,0,1,"[19, 4]",8,4,0,0,0,1,0,1,0,0,0,1,27
2024440039248,2024,440039248,460637,131910,-1.1357,51.08331,3,3,7,19:10,-1,E07000094,4,2,1,1,2,19,"[8, 4]","[4, 8]",0,"[0, 1]","[0, 11]",1,0,0,0,0,0,1,27
2024440039483,2024,440039483,485802,157077,-0.7705,51.30635,3,3,7,22:52,-1,E07000092,6,2,1,0,1,"[2, 19]","[0, 2]","[0, 6]","[0, 4]",0,0,1,0,0,0,0,0,1,27
2024440039568,2024,440039568,463543,98904,-1.09996,50.78623,3,3,7,23:58,-1,E06000044,6,2,1,0,2,19,6,2,0,0,0,1,0,0,0,0,1,1,27
2024440039751,2024,440039751,439336,119717,-1.4411,50.97553,3,3,7,15:30,-1,E07000093,6,0,1,0,2,19,6,2,0,0,0,1,0,0,0,0,1,1,27
2024440040981,2024,440040981,468175,104611,-1.0332,50.83702,3,3,2,07:35,-1,E06000044,3,2,1,0,2,"[19, 4]",2,6,0,0,0,1,0,0,0,0,0,1,29
2024440041524,2024,440041524,472190,147352,-0.96769,51.22081,2,2,2,12:45,-1,E07000089,4,0,1,0,2,"[19, 9]","[6, 2]","[2, 8]",0,0,0,1,0,1,0,0,0,1,29
2024440041908,2024,440041908,464356,98517,-1.08849,50.78267,3,3,2,14:10,-1,E06000044,3,0,1,0,1,19,4,8,0,0,0,1,0,0,0,0,1,1,29
2024440042102,2024,440042102,434865,155875,-1.50129,51.30094,2,2,2,16:52,-1,E07000093,6,2,1,0,2,19,4,8,0,1,4,1,0,0,0,0,0,1,29
2024440042246,2024,440042246,471661,106390,-0.98336,50.8526,3,3,2,18:10,-1,E07000090,6,2,1,0,1,7,3,5,0,0,0,1,0,0,0,0,1,1,29
2024440042285,2024,440042285,457777,104673,-1.18084,50.83871,3,3,2,18:44,-1,E07000087,3,2,1,0,1,"[4, 19]",8,4,0,0,0,1,0,0,0,0,0,1,29
2024440042400,2024,440042400,437030,85118,-1.47742,50.66456,3,3,2,21:14,-1,E06000046,3,2,2,1,2,19,3,1,0,1,0,1,0,0,0,0,0,1,29
2024440042415,2024,440042415,457423,102540,-1.1862,50.81957,3,3,2,21:23,-1,E07000088,4,2,1,0,2,"[19, 9]","[8, 4]","[4, 2]",0,0,0,1,0,1,0,0,0,1,29
2024440042757,2024,440042757,456140,116011,-1.20234,50.94082,2,2,3,08:02,-1,E07000094,4,0,1,0,2,"[19, 9]",4,"[8, 2]",0,0,0,1,0,1,0,0,0,1,30
2024440042829,2024,440042829,464002,151891,-1.08411,51.26259,3,3,6,18:01,-1,E07000084,6,2,1,0,1,"[3, 19]",1,5,0,0,0,1,0,1,0,0,0,1,26
2024440043455,2024,440043455,486250,150372,-0.76569,51.24601,3,3,2,13:20,-1,E07000092,4,0,1,0,1,19,8,4,0,0,0,0,0,0,1,0,1,1,15
2024440043849,2024,440043849,487547,157246,-0.74543,51.30761,3,3,3,17:15,-1,E07000092,3,2,1,0,1,"[4, 19]",4,8,0,0,0,1,0,0,0,0,0,1,30
2024440043912,2024,440043912,446374,124399,-1.34026,51.0171,3,3,3,18:42,-1,E07000094,1,2,1,0,2,"[19, 11]",6,2,0,"[5, 0]","[6, 0]",1,0,0,1,0,0,1,30
2024440043989,2024,440043989,463803,99249,-1.09621,50.78931,3,3,3,19:40,-1,E06000044,3,2,1,0,1,"[13, 10]","[1, 5]","[5, 3]",0,0,0,1,0,0,0,0,0,1,30
2024440044033,2024,440044033,427547,101331,-1.61039,50.81088,3,3,3,20:15,-1,E07000091,6,2,1,0,2,19,7,3,0,0,0,1,0,0,0,0,0,1,30
2024440044316,2024,440044316,442014,121427,-1.40276,50.99072,3,3,3,15:15,-1,E07000093,6,0,1,0,1,14,4,8,0,0,0,1,0,0,0,0,1,1,30
2024440044354,2024,440044354,471920,119231,-0.97715,50.96802,3,3,4,02:10,-1,E07000085,3,2,1,0,2,19,2,6,0,4,0,1,0,0,0,0,0,1,31
2024440044439,2024,440044439,442401,112932,-1.39823,50.9143,3,3,4,07:27,-1,E06000045,3,2,1,0,1,"[19, 10, 9]","[6, 3, 2]","[2, 3, 6]",0,0,0,1,0,0,0,0,0,1,31
2024440045533,2024,440045533,442861,114389,-1.39152,50.92737,2,2,4,17:45,-1,E06000045,3,2,1,0,1,9,4,8,0,0,0,1,0,0,0,0,1,1,31
2024440045608,2024,440045608,435710,87011,-1.49592,50.68167,3,3,4,19:15,-1,E06000046,6,2,1,1,2,19,5,2,0,7,4,1,0,0,0,0,0,1,31
2024440045628,2024,440045628,458444,81825,-1.17498,50.6332,3,3,4,19:30,-1,E06000046,3,2,1,1,1,"[19, 9]","[7, 3]","[3, 1]",0,0,0,1,0,1,0,0,0,1,31
2024440045927,2024,440045927,442519,111135,-1.39676,50.89813,3,3,5,00:35,-1,E06000045,3,2,1,1,1,"[9, 19]","[4, 2]","[2, 6]",0,0,0,1,0,0,0,0,0,2,1
2024440046150,2024,440046150,439994,119566,-1.43174,50.97413,3,3,5,08:23,-1,E07000093,3,0,1,0,2,"[9, 19]","[7, 1]",5,0,0,0,1,0,0,0,0,0,2,1
2024440046252,2024,440046252,444596,116637,-1.36656,50.94745,3,3,5,09:10,-1,E07000086,1,0,1,0,2,"[19, 12]",4,8,0,0,0,1,0,0,1,0,0,2,1
2024440046600,2024,440046600,447721,128642,-1.3205,51.05515,3,3,5,12:04,-1,E07000094,4,0,1,0,1,"[19, 7]","[5, 7]",1,0,0,0,1,0,1,0,0,0,2,1
2024440046619,2024,440046619,465396,104515,-1.07268,50.83648,3,3,5,12:00,-1,E06000044,3,0,1,0,2,"[5, 3]",5,1,0,0,0,1,0,1,0,0,0,2,1
2024440046964,2024,440046964,448423,129514,-1.31037,51.06293,3,3,5,14:50,-1,E07000094,4,0,1,0,1,"[3, 5]",3,7,0,0,0,1,0,0,0,0,0,2,1
2024440047239,2024,440047239,482390,153880,-0.82017,51.27812,3,3,5,16:50,-1,E07000089,6,0,1,0,1,"[5, 19]","[8, 2]","[4, 6]",0,0,0,1,0,0,0,0,0,2,1
2024440047311,2024,440047311,485302,156490,-0.77781,51.30115,3,3,5,17:30,-1,E07000092,6,2,1,0,1,"[19, 9]","[1, 3]","[5, 1]",0,0,0,1,0,0,0,0,0,2,1
2024440047439,2024,440047439,459924,100857,-1.15097,50.80418,2,2,5,19:07,-1,E07000088,3,2,1,0,1,19,8,4,0,0,0,1,0,0,0,0,1,2,1
2024440048492,2024,440048492,463980,152071,-1.08439,51.26421,3,3,6,13:37,-1,E07000084,6,0,1,0,1,"[13, 12]",1,5,0,0,0,1,0,1,0,0,0,2,2
2024440048745,2024,440048745,475933,156005,-0.91227,51.29812,2,2,6,15:40,-1,E07000089,3,0,1,0,2,"[9, 19]","[2, 6]","[7, 2]",0,0,0,1,0,1,0,0,0,2,2
2024440049103,2024,440049103,480877,153694,-0.8419,51.27666,3,3,6,19:23,-1,E07000089,3,2,1,0,1,19,8,2,0,0,0,1,0,0,0,0,1,2,2
2024440049294,2024,440049294,471096,108651,-0.99094,50.873,3,3,6,21:37,-1,E07000090,6,2,1,0,1,19,6,2,0,0,0,1,0,0,0,0,1,2,2