collision_index,collision_year,collision_ref_no,location_easting_osgr,location_northing_osgr,longitude,latitude,casualty_severity,casualty_severity,day_of_week,time,local_authority_district,local_authority_ons_district,first_road_class,light_conditions,weather_conditions,road_surface_conditions,urban_or_rural_area,vehicle_manoeuvre,vehicle_direction_from,vehicle_direction_to,hit_object_in_carriageway,vehicle_leaving_carriageway,hit_object_off_carriageway,is_car,is_cyle,is_mcyle,is_goodsv,is_other,is_pedestrian,month,day
2024440049445,2024,440049445,465454,104278,-1.0719,50.83434,3,3,6,23:31,-1,E06000044,3,2,1,0,1,"[19, 7]",5,"[1, 7]",0,0,0,1,0,0,1,0,0,2,2
2024440049607,2024,440049607,460054,100660,-1.14916,50.8024,3,3,7,01:41,-1,E07000088,6,2,1,0,1,19,5,1,0,0,0,0,0,1,0,0,0,2,3
2024440049751,2024,440049751,436267,89766,-1.48776,50.70641,3,3,7,07:47,-1,E06000046,3,0,1,1,2,19,3,7,10,1,11,1,0,0,0,0,0,2,3
2024440049764,2024,440049764,434848,148125,-1.50229,51.23125,2,2,7,08:16,-1,E07000093,6,0,1,1,2,19,4,8,10,1,4,0,0,1,0,0,0,2,3
2024440049877,2024,440049877,480032,161319,-0.8523,51.34533,3,3,7,10:20,-1,E07000089,4,0,1,0,2,"[14, 19]","[4, 8]","[8, 4]",0,0,0,1,0,0,0,0,0,2,3
2024440049917,2024,440049917,465463,104678,-1.0717,50.83794,3,3,7,11:10,-1,E06000044,3,0,1,0,2,"[3, 19]",2,6,0,0,0,1,0,0,0,0,0,2,3
2024440049971,2024,440049971,456995,107552,-1.19149,50.86467,3,3,7,12:04,-1,E07000087,6,0,1,1,2,"[19, 9]","[4, 6]","[8, 4]",0,0,0,1,0,0,0,0,0,2,3
2024440050092,2024,440050092,433157,116489,-1.5294,50.94689,3,3,7,13:57,-1,E07000091,3,0,1,0,2,19,1,5,0,0,0,1,0,0,0,0,0,2,3
2024440050130,2024,440050130,442373,112890,-1.39864,50.91393,3,3,7,13:30,-1,E06000045,3,0,1,0,1,"[3, 19]",2,6,0,0,0,1,0,0,0,0,0,2,3
2024440050291,2024,440050291,465091,99233,-1.07794,50.78902,3,3,3,13:45,-1,E06000044,6,0,1,0,1,"[2, 9]","[0, 7]","[0, 5]",0,0,0,1,1,0,0,0,0,1,30
2024440050498,2024,440050498,434484,98137,-1.51223,50.78179,3,3,7,17:05,-1,E07000091,4,2,1,0,2,"[9, 19]","[4, 2]","[2, 6]",0,0,0,1,0,0,0,0,0,2,3
2024440050509,2024,440050509,458540,100997,-1.17059,50.80558,3,3,7,19:38,-1,E07000088,6,2,1,0,1,19,1,5,0,0,0,1,0,0,0,0,1,2,3
2024440050522,2024,440050522,486919,152509,-0.75559,51.26512,2,2,7,19:57,-1,E07000092,6,2,2,1,2,19,6,2,10,0,0,0,0,1,0,0,0,2,3
2024440051082,2024,440051082,476809,156956,-0.89951,51.30655,3,3,1,08:05,-1,E07000089,3,0,1,0,2,"[19, 9]","[6, 2]","[2, 8]",0,0,0,1,1,0,0,0,0,2,4
2024440051158,2024,440051158,483329,155552,-0.80632,51.29301,2,2,1,10:52,-1,E07000089,3,0,1,0,2,19,"[7, 3]","[3, 7]",0,0,0,1,0,0,0,0,0,2,4
2024440051178,2024,440051178,447603,128195,-1.32225,51.05114,2,2,1,11:22,-1,E07000094,4,0,2,1,1,19,2,6,0,7,5,1,0,0,0,0,0,2,4
2024440051203,2024,440051203,439321,156726,-1.43728,51.3083,2,2,1,11:39,-1,E07000093,6,0,2,1,2,19,1,5,0,0,0,0,1,0,0,0,0,2,4
2024440051234,2024,440051234,457966,146283,-1.17151,51.21282,3,3,1,12:32,-1,E07000084,1,0,1,0,2,"[19, 12]",2,6,0,"[1, 0]","[7, 0]",1,0,0,1,0,0,2,4
2024440051340,2024,440051340,467332,128679,-1.04073,51.05352,2,2,1,14:10,-1,E07000085,3,0,2,1,2,"[19, 9]","[6, 8]","[2, 4]",0,"[7, 0]","[3, 0]",1,0,1,0,0,0,2,4
2024440051400,2024,440051400,442423,112969,-1.39792,50.91463,3,3,1,15:02,-1,E06000045,3,0,1,0,1,19,2,6,0,0,0,1,0,0,0,0,0,2,4
2024440051531,2024,440051531,457686,115069,-1.18049,50.93219,2,"[3, 2]",1,16:45,-1,E07000094,6,0,1,1,2,19,"[4, 2]","[8, 6]",0,"[1, 0]","[11, 0]",1,0,0,0,0,0,2,4
2024440052151,2024,440052151,462756,149945,-1.10231,51.24524,2,2,2,08:35,-1,E07000084,6,0,1,0,1,19,2,6,0,0,0,1,0,0,0,0,1,2,5
2024440052540,2024,440052540,461082,105552,-1.13376,50.84627,2,2,2,12:42,-1,E07000087,3,0,1,0,1,"[9, 19]","[3, 5]","[8, 3]",0,0,0,1,0,1,0,0,0,2,5
2024440053772,2024,440053772,458219,105994,-1.17435,50.85054,3,3,3,08:25,-1,E07000087,3,0,1,0,2,"[19, 11]",3,7,"[10, 0]",0,0,1,0,1,0,0,0,2,6
2024440053781,2024,440053781,481957,159032,-0.82519,51.3245,2,2,3,08:34,-1,E07000089,6,0,1,1,2,"[9, 19]","[7, 5]","[5, 1]",0,0,0,1,1,0,0,0,0,2,6
2024440053859,2024,440053859,448671,141671,-1.3052,51.17222,3,3,3,09:19,-1,E07000094,6,0,1,0,2,19,6,2,0,1,9,1,0,0,0,0,0,2,6
2024440054074,2024,440054074,469633,108919,-1.01168,50.87558,2,"[2, 3]",3,11:11,-1,E07000090,4,0,1,0,2,19,"[5, 1]","[1, 5]",0,0,0,1,0,0,0,0,0,2,6
2024440054661,2024,440054661,463828,99464,-1.09582,50.79124,3,3,3,05:50,-1,E06000044,4,2,1,0,1,19,"[5, 4]","[1, 8]",0,0,0,1,1,0,0,0,0,2,6
2024440054687,2024,440054687,467564,101378,-1.04247,50.80803,3,3,3,16:00,-1,E06000044,3,0,4,1,2,19,2,6,10,2,2,1,0,0,0,0,0,2,6
2024440054884,2024,440054884,462053,153251,-1.1118,51.27504,3,3,3,18:51,-1,E07000084,3,2,2,1,1,19,1,5,0,0,0,1,0,0,0,0,0,2,6
2024440054960,2024,440054960,468462,108982,-1.02831,50.87629,3,3,3,20:00,-1,E07000090,6,2,5,1,1,19,"[2, 8]","[6, 4]",0,0,0,1,0,1,0,0,0,2,6
2024440055135,2024,440055135,443073,118303,-1.38804,50.96255,3,3,3,23:25,-1,E07000086,1,2,2,1,2,19,2,6,0,0,0,0,0,1,0,0,0,2,6
2024440055380,2024,440055380,462350,107348,-1.11545,50.86229,3,3,4,08:14,-1,E07000094,6,0,1,1,2,19,7,2,0,7,11,1,0,0,0,0,0,2,7
2024440055607,2024,440055607,465741,105217,-1.06765,50.84275,3,3,4,10:06,-1,E06000044,6,0,1,1,1,"[3, 19]",1,5,0,0,0,1,0,0,0,0,0,2,7
2024440055835,2024,440055835,416283,103931,-1.77014,50.83468,3,3,3,19:00,-1,E07000091,6,2,1,0,2,19,"[2, 6]","[6, 2]",0,0,0,1,0,0,0,0,0,2,6
2024440056018,2024,440056018,466598,104770,-1.05556,50.83864,3,3,4,13:31,-1,E06000044,6,0,1,0,1,"[19, 2]","[8, 0]","[4, 0]",0,0,0,1,1,0,0,0,0,2,7
2024440056114,2024,440056114,462078,150535,-1.11192,51.25061,2,2,4,14:05,-1,E07000084,6,0,1,0,1,19,"[8, 6]","[4, 2]",0,0,0,1,0,1,0,0,0,2,7
2024440056131,2024,440056131,457311,102575,-1.18778,50.81989,2,2,4,14:17,-1,E07000087,4,0,1,0,2,"[13, 19]",7,3,0,0,0,1,0,0,0,0,0,2,7
2024440056267,2024,440056267,445616,119260,-1.35171,50.97096,3,3,4,15:11,-1,E07000086,3,0,1,0,1,19,6,2,0,0,0,1,0,0,0,0,1,2,7
2024440056575,2024,440056575,459148,106636,-1.16105,50.85622,3,3,4,17:43,-1,E07000087,3,2,1,0,2,"[4, 19]",2,6,0,0,0,1,0,0,0,0,0,2,7
2024440057047,2024,440057047,470284,107717,-1.00266,50.8647,3,3,5,05:12,-1,E07000090,6,2,2,1,1,"[19, 9]",4,"[8, 1]",0,0,0,1,0,0,0,0,0,2,8
2024440057304,2024,440057304,487233,157306,-0.74992,51.3082,3,3,5,05:45,-1,E07000092,3,2,2,1,1,19,"[2, 1]","[6, 5]",0,0,0,0,1,0,1,0,0,2,8
2024440057779,2024,440057779,465998,104514,-1.06413,50.8364,3,3,5,14:27,-1,E06000044,3,0,5,1,1,"[19, 12]",4,8,0,0,0,1,0,0,1,0,0,2,8
2024440057982,2024,440057982,450205,129193,-1.28499,51.05989,3,3,5,16:10,-1,E07000094,3,0,2,1,2,19,"[4, 8]","[8, 4]",0,"[7, 0]","[9, 0]",1,0,0,0,0,0,2,8
2024440058133,2024,440058133,439200,115288,-1.44351,50.93571,3,3,5,18:15,-1,E06000045,6,2,1,0,1,"[5, 19]","[5, 2]","[1, 6]",0,0,0,1,0,0,0,0,0,2,8
2024440058209,2024,440058209,476869,128784,-0.90466,51.05327,3,3,5,19:23,-1,E07000085,3,2,2,1,2,19,5,1,0,1,1,1,0,0,0,0,0,2,8
2024440058355,2024,440058355,487016,155726,-0.75341,51.29403,3,3,5,21:21,-1,E07000092,3,2,2,1,1,19,"[5, 3]","[1, 7]",0,0,0,1,0,0,0,0,0,2,8
2024440058646,2024,440058646,444418,115023,-1.36929,50.93295,2,"[2, 3]",6,06:50,-1,E06000045,6,2,2,1,1,19,"[7, 4]","[3, 7]",0,"[1, 0]","[11, 0]",1,0,0,0,0,0,2,9
2024440058900,2024,440058900,454047,141265,-1.22837,51.16808,3,3,5,16:25,-1,E07000094,1,0,2,1,2,"[19, 4]",6,2,0,"[0, 1]","[0, 9]",1,0,0,0,0,0,2,8
2024440058914,2024,440058914,484397,154343,-0.79129,51.28199,3,3,4,18:50,-1,E07000089,6,2,1,0,2,19,"[8, 6]","[4, 2]",0,0,0,1,1,0,0,0,0,2,7
2024440058959,2024,440058959,459997,85165,-1.15249,50.66308,3,3,6,10:00,-1,E06000046,3,0,2,1,1,"[19, 4]",1,5,0,0,0,1,0,1,0,0,0,2,9
2024440059086,2024,440059086,429393,113871,-1.58318,50.92355,3,3,6,11:51,-1,E07000091,1,0,2,1,1,19,6,2,0,4,6,1,0,0,0,0,0,2,9
2024440059730,2024,440059730,461245,105536,-1.13145,50.84611,3,3,6,17:03,-1,E07000087,3,2,2,1,1,"[7, 19]",1,"[3, 5]",0,0,0,1,0,0,0,1,0,2,9
2024440059843,2024,440059843,472635,153072,-0.96016,51.27218,3,3,6,18:51,-1,E07000089,1,2,2,1,2,"[5, 19]","[1, 7]","[4, 3]",0,0,0,1,0,0,0,0,0,2,9
2024440060062,2024,440060062,426185,111895,-1.62897,50.90594,3,3,6,21:40,-1,E07000091,3,2,1,1,2,19,3,7,0,1,3,1,0,0,0,0,0,2,9
2024440060357,2024,440060357,457734,111750,-1.18033,50.90235,3,3,7,03:15,-1,E07000094,3,2,1,0,2,19,6,2,0,1,4,1,0,0,0,0,0,2,10
2024440060483,2024,440060483,446115,141986,-1.34171,51.17526,3,3,7,08:16,-1,E07000093,3,0,1,0,2,19,4,8,0,1,4,1,0,0,0,0,0,2,10
2024440060631,2024,440060631,448294,111142,-1.31465,50.89774,2,2,7,11:35,-1,E07000086,3,0,1,0,2,"[3, 19]",6,2,0,0,0,1,0,0,0,0,0,2,10
2024440060709,2024,440060709,443015,112438,-1.38956,50.90981,2,2,7,13:04,-1,E06000045,3,0,1,0,1,"[9, 14]","[4, 2]","[2, 6]",0,0,0,1,0,1,0,0,0,2,10
2024440060732,2024,440060732,471292,152555,-0.97951,51.2677,3,3,7,11:48,-1,E07000089,1,0,1,1,2,19,6,2,0,4,6,1,0,0,0,0,0,2,10
2024440060756,2024,440060756,443788,115726,-1.37817,50.93932,2,2,7,13:55,-1,E06000045,3,0,1,0,1,"[14, 6]",2,"[6, 2]",0,0,0,1,0,1,0,0,0,2,10
2024440060757,2024,440060757,439223,112792,-1.44345,50.91327,2,2,7,13:58,-1,E06000045,3,0,1,0,1,19,3,7,0,0,0,1,0,0,0,0,1,2,10
2024440061217,2024,440061217,442002,113399,-1.40385,50.91853,2,"[3, 2]",7,20:41,-1,E06000045,3,2,1,0,1,"[9, 19]","[8, 4]","[6, 8]",0,0,0,1,0,0,0,0,0,2,10
2024440061599,2024,440061599,444935,116031,-1.36181,50.94198,3,3,1,02:48,-1,E06000045,1,2,1,0,1,19,8,4,0,4,6,1,0,0,0,0,0,2,11
2024440061893,2024,440061893,455058,124757,-1.21642,51.01956,3,3,1,12:46,-1,E07000094,6,0,1,0,2,"[19, 5]","[5, 3]","[1, 7]",0,"[1, 0]","[4, 0]",1,0,0,0,0,0,2,11
2024440062588,2024,440062588,439634,114076,-1.43747,50.92478,2,2,2,00:48,-1,E06000045,3,2,1,0,1,"[5, 19]","[6, 4]","[2, 8]",0,0,0,1,0,1,0,0,0,2,12
2024440062606,2024,440062606,440116,115832,-1.43042,50.94054,3,3,2,01:30,-1,E06000045,6,2,1,0,1,19,7,3,0,0,0,0,0,0,0,0,0,2,12
2024440062843,2024,440062843,434480,98139,-1.51229,50.78181,2,"[2, 3]",2,09:55,-1,E07000091,4,0,1,0,2,"[19, 5]","[6, 4]","[2, 8]",0,0,0,1,0,0,0,0,0,2,12
2024440062870,2024,440062870,463161,153758,-1.09583,51.27947,3,3,2,10:20,-1,E07000084,6,0,1,0,1,19,"[7, 5]","[3, 1]",0,0,0,1,0,0,0,0,0,2,12
2024440062890,2024,440062890,471546,117539,-0.98281,50.95285,3,3,2,10:38,-1,E07000085,6,0,1,0,2,4,8,4,0,0,0,1,0,0,0,0,0,2,12
2024440062922,2024,440062922,432035,117540,-1.54528,50.9564,2,2,2,10:58,-1,E07000091,3,0,1,0,2,"[14, 9]",4,"[8, 2]",0,0,0,1,0,1,0,0,0,2,12
2024440063249,2024,440063249,442588,113708,-1.39548,50.92127,2,2,2,13:50,-1,E06000045,6,0,1,0,1,"[9, 19]","[3, 7]","[1, 3]",0,0,0,1,1,0,0,0,0,2,12
2024440063296,2024,440063296,470586,108100,-0.9983,50.8681,3,3,6,14:10,-1,E07000090,6,0,1,0,1,19,4,8,0,0,0,0,0,0,1,0,1,2,9
2024440063336,2024,440063336,479306,134308,-0.86869,51.1026,3,3,6,17:55,-1,E07000085,6,2,1,0,1,19,"[6, 8]","[2, 4]",0,"[7, 0]",0,1,0,0,0,0,0,2,9
2024440063422,2024,440063422,464413,101463,-1.08717,50.80915,3,3,2,14:18,-1,E06000044,3,0,1,0,1,19,6,2,0,0,0,1,0,0,0,0,0,2,12
2024440063492,2024,440063492,449872,106224,-1.29288,50.85339,3,3,2,15:52,-1,E07000087,6,0,1,0,1,19,6,2,0,0,0,0,0,0,0,1,0,2,12
2024440063821,2024,440063821,481286,157679,-0.83513,51.31243,3,3,2,20:00,-1,E07000089,6,2,1,0,2,19,2,6,0,1,1,1,0,0,0,0,0,2,12
2024440064282,2024,440064282,458827,82835,-1.16941,50.64224,3,3,3,08:14,-1,E06000046,3,0,1,1,1,19,"[6, 2]","[2, 6]",0,0,0,1,0,0,0,0,0,2,13
2024440064765,2024,440064765,454333,92009,-1.23161,50.72517,3,3,3,13:30,-1,E06000046,3,0,2,1,2,"[9, 19]","[1, 7]","[7, 3]",0,"[1, 0]","[11, 0]",1,0,0,0,1,1,2,13
2024440064803,2024,440064803,458120,81692,-1.17958,50.63204,3,3,3,14:13,-1,E06000046,6,0,1,1,1,19,"[1, 7]","[5, 3]",0,"[1, 7]","[0, 1]",1,0,0,0,0,0,2,13
2024440064982,2024,440064982,424520,94598,-1.6538,50.75047,3,3,3,15:53,-1,E07000091,6,0,1,1,1,19,6,2,0,0,0,1,0,0,0,0,1,2,13
2024440065048,2024,440065048,447629,126481,-1.3221,51.03572,3,3,3,16:40,-1,E07000094,1,0,2,1,2,"[4, 19]",2,6,0,0,0,1,0,0,0,0,0,2,13
2024440065147,2024,440065147,451851,108144,-1.2645,50.87048,3,3,3,17:52,-1,E07000087,3,2,2,1,1,19,"[1, 4]","[4, 8]",0,0,0,1,1,0,0,0,0,2,13
2024440065214,2024,440065214,456368,87758,-1.20343,50.68675,3,3,3,18:57,-1,E06000046,6,2,2,1,2,19,1,5,0,1,9,1,0,0,0,0,0,2,13
2024440065265,2024,440065265,438715,115044,-1.45044,50.93355,2,2,3,19:57,-1,E06000045,3,2,1,1,1,"[19, 2]","[8, 0]","[4, 0]",0,0,0,1,0,0,0,0,1,2,13
2024440065365,2024,440065365,444068,113221,-1.37449,50.91678,2,"[3, 2]",3,21:55,-1,E06000045,6,2,1,0,1,"[9, 19]","[4, 8]","[8, 4]",0,0,0,1,0,0,0,0,0,2,13
2024440065412,2024,440065412,472656,155928,-0.95928,51.29785,3,3,3,22:40,-1,E07000089,4,2,1,1,2,19,"[4, 8]","[8, 4]",0,0,0,1,0,0,0,0,0,2,13
2024440065699,2024,440065699,471436,139850,-0.97998,51.15346,3,3,4,08:23,-1,E07000085,6,0,2,1,1,19,6,2,0,0,0,1,0,0,0,0,0,2,14
2024440065968,2024,440065968,464763,102642,-1.082,50.81971,3,3,4,10:30,-1,E06000044,6,0,1,0,1,"[19, 2]","[8, 0]","[4, 0]",0,0,0,1,0,0,0,0,0,2,14
2024440066131,2024,440066131,442461,111145,-1.39759,50.89823,3,3,4,12:30,-1,E06000045,6,0,1,1,1,1,6,2,0,0,0,1,0,0,0,0,1,2,14
2024440066592,2024,440066592,458910,91964,-1.16678,50.72432,2,2,4,18:03,-1,E06000046,6,2,5,1,1,"[9, 19]","[5, 1]","[3, 5]",0,0,0,1,1,0,0,0,0,2,14
2024440066908,2024,440066908,428990,148160,-1.58618,51.23189,3,3,4,23:57,-1,E07000093,6,2,2,1,2,19,8,4,11,7,1,1,0,0,0,0,0,2,14
2024440067644,2024,440067644,442702,115605,-1.39364,50.93831,3,3,6,13:55,-1,E06000045,3,0,1,0,1,"[3, 19]",7,3,0,0,0,1,0,0,0,0,0,3,15
2024440067881,2024,440067881,485708,154611,-0.77244,51.2842,3,3,5,15:32,-1,E07000092,3,0,1,0,1,"[15, 19]",8,4,0,0,0,1,0,1,0,0,0,2,15
2024440068609,2024,440068609,435532,120975,-1.49515,50.98709,3,3,5,08:18,-1,E07000093,3,0,1,1,1,"[9, 19]","[2, 6]","[8, 2]",0,0,0,1,1,0,0,0,0,2,15
2024440068968,2024,440068968,443976,111653,-1.37598,50.90268,3,3,6,11:15,-1,E06000045,6,0,1,0,1,19,6,2,0,0,0,1,0,0,0,0,1,2,16
2024440069051,2024,440069051,454769,149924,-1.21672,51.24587,3,3,6,12:00,-1,E07000084,4,0,1,1,2,"[9, 19]","[5, 2]","[2, 6]",0,0,0,1,0,0,0,0,0,2,16
2024440069075,2024,440069075,446326,155939,-1.3369,51.3007,3,3,6,12:00,-1,E07000084,3,0,1,0,2,19,5,1,0,0,0,1,0,0,1,0,0,2,16
2024440069132,2024,440069132,444062,114154,-1.37446,50.92517,3,3,6,12:55,-1,E06000045,6,0,1,0,1,19,"[7, 1]","[3, 5]",0,0,0,1,0,0,0,0,0,2,16
2024440069134,2024,440069134,441389,112225,-1.41271,50.90802,3,3,5,16:59,-1,E06000045,6,0,1,0,1,"[7, 3]","[1, 7]",3,0,0,0,1,1,0,0,0,0,2,15
2024440069637,2024,440069637,469845,112575,-1.00797,50.90843,2,2,6,17:17,-1,E07000085,3,2,1,0,1,19,"[2, 8]","[6, 4]",0,0,0,1,0,0,0,1,0,2,16
2024440069805,2024,440069805,463611,100056,-1.09879,50.79659,3,3,6,19:48,-1,E06000044,6,2,1,1,1,"[19, 9]","[6, 2]","[2, 1]",0,"[1, 0]",0,1,0,0,0,0,1,2,16
2024440070030,2024,440070030,471727,123737,-0.97901,51.00855,1,1,6,22:45,-1,E07000085,3,2,1,0,2,19,8,4,0,0,0,1,0,0,0,0,1,2,16
2024440070051,2024,440070051,460778,105696,-1.13805,50.8476,3,3,6,23:15,-1,E07000087,3,2,1,0,1,4,4,8,10,0,0,0,0,1,0,0,0,2,16
2024440070441,2024,440070441,430218,100196,-1.57257,50.80054,2,2,7,08:57,-1,E07000091,6,0,1,1,2,4,8,4,0,0,0,0,0,1,0,0,0,2,17
2024440070695,2024,440070695,460432,99845,-1.14393,50.79503,3,3,6,18:30,-1,E07000088,6,2,1,0,1,19,1,5,0,0,0,1,0,0,0,0,1,2,16
2024440071016,2024,440071016,444881,111063,-1.36319,50.89731,3,3,7,18:32,-1,E06000045,6,2,2,1,1,19,"[8, 3]","[4, 7]",0,0,0,1,0,0,0,0,0,2,17
2024440071112,2024,440071112,465188,98971,-1.07661,50.78665,3,3,7,20:05,-1,E06000044,4,2,2,1,1,"[19, 9]","[5, 1]","[1, 7]",0,0,0,1,0,0,0,0,0,2,17
2024440071159,2024,440071159,439677,116054,-1.43664,50.94257,3,3,7,21:17,-1,E06000045,6,2,2,1,2,19,"[2, 6]","[6, 2]",0,0,0,1,0,1,0,0,0,2,17
2024440071211,2024,440071211,482747,159019,-0.81386,51.32426,3,3,7,22:37,-1,E07000089,3,2,2,1,2,"[19, 2]","[3, 0]","[7, 0]","[4, 0]","[0, 1]",0,1,0,0,0,0,0,2,17
2024440071239,2024,440071239,456065,156886,-1.19707,51.30834,3,3,7,23:06,-1,E07000084,3,2,2,1,2,19,8,4,0,1,10,1,0,0,0,0,0,2,17
2024440071319,2024,440071319,438645,115163,-1.45142,50.93463,3,3,1,00:59,-1,E06000045,3,2,2,1,1,19,"[8, 2]","[4, 6]",0,0,0,1,0,0,0,0,0,2,18
2024440071354,2024,440071354,470095,110045,-1.0049,50.88565,3,3,1,01:39,-1,E07000090,2,2,2,1,2,19,2,6,0,5,6,1,0,0,0,0,0,2,18
2024440071435,2024,440071435,475388,154274,-0.92045,51.28263,3,3,1,05:51,-1,E07000089,1,2,2,1,2,19,6,2,0,1,4,1,0,0,0,0,0,2,18
2024440071506,2024,440071506,446411,115298,-1.3409,50.93527,3,3,1,07:18,-1,E07000086,1,0,2,1,2,19,3,7,0,2,7,1,0,0,0,0,0,2,18
2024440071530,2024,440071530,458335,102382,-1.17328,50.81805,3,3,1,08:54,-1,E07000088,6,0,1,0,1,19,"[5, 7]","[1, 3]",0,0,0,1,0,0,0,0,0,2,18
2024440071858,2024,440071858,484619,157076,-0.78746,51.30652,3,3,1,14:25,-1,E07000092,6,0,1,0,1,"[19, 2]","[6, 2, 0]","[2, 6, 0]",0,0,0,1,0,0,0,0,0,2,18
2024440071904,2024,440071904,416500,113834,-1.76662,50.92373,3,3,1,13:00,-1,E07000091,6,0,1,0,2,19,"[1, 6]","[6, 1]",0,0,0,1,1,0,0,0,0,2,18
2024440071941,2024,440071941,442439,112155,-1.39778,50.90731,3,3,1,14:00,-1,E06000045,3,0,1,0,1,9,5,3,0,0,0,0,0,1,0,0,0,2,18
2024440072134,2024,440072134,466685,99515,-1.05528,50.79138,3,3,1,18:11,-1,E06000044,3,2,1,1,1,"[9, 19]","[2, 8]","[8, 4]",0,0,0,1,0,0,0,0,0,2,18
2024440072140,2024,440072140,446347,142188,-1.33837,51.17706,3,3,1,18:18,-1,E07000093,3,2,1,1,2,19,1,5,0,0,0,1,0,0,0,0,0,2,18
2024440072580,2024,440072580,468658,110236,-1.02529,50.88754,2,2,2,06:56,-1,E07000090,3,2,1,1,1,14,6,2,0,0,0,0,0,1,0,0,0,2,19
2024440073019,2024,440073019,452927,109061,-1.24908,50.87863,3,3,2,12:17,-1,E07000094,6,0,1,0,2,"[3, 19]",6,2,0,0,0,1,0,0,0,0,0,2,19
2024440073133,2024,440073133,438883,114759,-1.44808,50.93098,2,2,2,13:06,-1,E06000045,3,0,1,0,1,19,8,4,0,0,0,1,0,0,0,0,1,2,19
2024440073513,2024,440073513,472363,101139,-0.97442,50.8053,2,"[2, 3]",2,15:38,-1,E07000090,3,0,1,0,2,19,"[8, 4]","[4, 8]",0,0,0,1,0,0,0,0,0,2,19
2024440073695,2024,440073695,451155,81239,-1.27812,50.62861,3,3,2,17:00,-1,E06000046,6,0,1,1,2,19,"[6, 1]","[1, 6]",0,0,0,1,0,0,0,0,0,2,19
2024440073732,2024,440073732,465570,102282,-1.07061,50.81638,3,3,2,17:54,-1,E06000044,6,2,1,0,1,19,"[7, 5]","[3, 1]",0,0,0,1,0,0,0,0,0,2,19
2024440073740,2024,440073740,443318,114445,-1.38501,50.92784,3,3,2,17:58,-1,E06000045,3,2,1,1,1,"[19, 4]",2,6,0,0,0,1,0,0,0,0,0,2,19
2024440073773,2024,440073773,464956,105515,-1.07875,50.84552,3,3,2,18:23,-1,E06000044,6,2,1,0,1,"[13, 19]",7,3,0,0,0,1,0,0,0,0,0,2,19
2024440073947,2024,440073947,442768,122370,-1.39191,50.99914,3,3,2,16:00,-1,E07000086,4,0,1,0,1,"[3, 19]",5,1,0,0,0,1,0,0,0,0,0,2,19
2024440074237,2024,440074237,465758,104570,-1.06753,50.83693,3,3,3,05:36,-1,E06000044,1,2,1,0,1,"[19, 4]",8,4,0,0,0,1,0,0,0,0,0,2,20
2024440074398,2024,440074398,457950,102149,-1.17878,50.816,3,3,3,08:58,-1,E07000088,4,0,1,0,1,"[3, 9]","[4, 2]",8,0,0,0,1,0,1,0,0,0,2,20
2024440074732,2024,440074732,429948,114051,-1.57527,50.92514,3,3,3,11:00,-1,E07000091,3,0,1,0,1,"[3, 19]",6,2,0,0,0,1,0,0,0,0,0,2,20
2024440074813,2024,440074813,424129,94822,-1.65932,50.7525,3,3,3,12:47,-1,E07000091,6,0,1,1,1,5,5,1,0,1,11,1,0,0,0,0,0,2,20
2024440074815,2024,440074815,430278,108175,-1.57106,50.87229,3,3,3,12:47,-1,E07000091,3,0,1,0,2,"[19, 4]",2,6,0,0,0,1,0,1,0,0,0,2,20
2024440074862,2024,440074862,448398,89875,-1.31597,50.70651,3,3,3,13:11,-1,E06000046,3,0,1,0,2,"[19, 10]","[6, 4]","[2, 8]",0,"[0, 7]","[0, 10]",1,0,0,0,0,0,2,20
2024440075075,2024,440075075,439834,107315,-1.43536,50.86398,3,3,3,14:49,-1,E07000091,3,0,1,0,2,"[14, 6]",4,"[8, 4]",0,0,0,1,0,1,0,0,0,2,20
2024440075194,2024,440075194,461964,127681,-1.11748,51.04515,3,3,3,15:42,-1,E07000094,3,0,1,0,2,19,8,4,0,1,9,1,0,0,0,0,0,2,20
2024440075277,2024,440075277,452239,83638,-1.26246,50.65009,2,2,3,16:29,-1,E06000046,6,0,1,1,2,19,7,3,10,0,0,0,0,1,0,0,0,2,20
2024440075342,2024,440075342,481818,152422,-0.8287,51.26509,2,2,3,16:50,-1,E07000089,6,0,1,1,1,19,6,2,0,0,0,0,0,1,0,0,0,2,20
2024440075362,2024,440075362,436543,145250,-1.4783,51.2053,3,3,6,06:10,-1,E07000093,3,2,1,1,1,19,"[1, 6]","[5, 2]",0,0,0,0,1,0,1,0,0,2,16
2024440075432,2024,440075432,451734,108331,-1.26613,50.87217,3,3,3,17:47,-1,E07000087,3,2,1,0,1,"[4, 3]",8,4,0,"[2, 0]","[2, 0]",1,0,1,0,0,1,2,20
2024440075668,2024,440075668,462712,164176,-1.10044,51.37319,3,3,3,21:02,-1,E07000084,6,2,1,0,2,19,"[7, 3]","[3, 7]",0,0,0,1,0,0,0,0,0,2,20
2024440075927,2024,440075927,471449,99452,-0.98772,50.79024,2,2,4,04:10,-1,E07000090,3,2,2,1,1,19,5,1,10,0,0,0,0,1,0,0,0,2,21
2024440075974,2024,440075974,433164,112913,-1.52962,50.91473,3,3,2,17:01,-1,E07000091,6,2,1,0,1,5,8,4,0,0,0,1,0,0,0,0,1,2,19
2024440076352,2024,440076352,471067,152533,-0.98274,51.26753,3,3,4,11:33,-1,E07000084,1,0,2,1,2,12,6,2,0,5,7,1,0,0,0,0,0,2,21