collision_index,collision_year,collision_ref_no,location_easting_osgr,location_northing_osgr,longitude,latitude,casualty_severity,casualty_severity,day_of_week,time,local_authority_district,local_authority_ons_district,first_road_class,light_conditions,weather_conditions,road_surface_conditions,urban_or_rural_area,vehicle_manoeuvre,vehicle_direction_from,vehicle_direction_to,hit_object_in_carriageway,vehicle_leaving_carriageway,hit_object_off_carriageway,is_car,is_cyle,is_mcyle,is_goodsv,is_other,is_pedestrian,month,day
2024440126582,2024,440126582,467325,103320,-1.04551,50.82551,2,2,2,05:40,-1,E06000044,3,2,2,1,2,19,5,1,0,0,0,0,0,0,0,0,0,3,25
2024440126596,2024,440126596,472577,140194,-0.9636,51.15641,3,3,1,14:55,-1,E07000085,6,0,1,0,1,"[9, 19]","[2, 6]","[8, 2]",0,0,0,1,1,0,0,0,0,3,24
2024440126708,2024,440126708,455323,119809,-1.2134,50.97504,3,3,2,08:58,-1,E07000094,6,0,1,1,2,19,"[6, 2]","[2, 6]",0,"[1, 0]","[1, 0]",1,0,0,0,0,0,3,25
2024440126806,2024,440126806,443833,114068,-1.37773,50.92441,3,3,2,09:56,-1,E06000045,3,0,1,0,2,15,3,7,0,0,0,1,0,1,0,0,0,3,25
2024440127008,2024,440127008,464675,102328,-1.0833,50.8169,3,3,2,11:45,-1,E06000044,3,0,1,0,1,19,1,5,0,1,10,1,0,0,0,0,0,3,25
2024440127377,2024,440127377,465158,100109,-1.07684,50.79689,3,3,2,14:58,-1,E06000044,3,0,1,0,1,19,1,5,0,0,0,0,1,0,0,0,1,3,25
2024440127529,2024,440127529,465636,101564,-1.0698,50.80992,2,"[3, 2]",1,18:12,-1,E06000044,6,2,1,0,1,1,1,5,0,0,0,1,0,0,0,0,1,3,24
2024440127820,2024,440127820,458190,106001,-1.17476,50.85061,1,"[2, 1, 3]",2,19:26,-1,E07000087,3,2,1,0,2,19,"[2, 6]","[6, 2]",0,"[0, 6]",0,1,0,0,0,0,0,3,25
2024440128450,2024,440128450,442077,113265,-1.4028,50.91732,3,3,3,09:10,-1,E06000045,3,0,1,0,1,"[5, 19]","[2, 4]","[6, 8]",0,0,0,1,1,0,0,0,0,3,26
2024440128532,2024,440128532,486236,150656,-0.76582,51.24857,3,3,3,10:15,-1,E07000092,6,0,1,0,1,9,5,3,0,0,0,1,0,0,0,0,1,3,26
2024440128543,2024,440128543,473488,98390,-0.95901,50.78044,3,3,3,08:30,-1,E07000090,6,0,1,0,1,"[5, 19]","[2, 4]","[6, 8]",0,0,0,1,1,0,0,0,0,3,26
2024440128855,2024,440128855,425382,94254,-1.6416,50.74734,3,3,3,13:15,-1,E07000091,3,0,1,1,2,"[4, 19]",7,3,0,0,0,1,0,0,1,0,0,3,26
2024440128880,2024,440128880,455800,84681,-1.21193,50.65914,3,3,3,13:31,-1,E06000046,6,0,2,1,2,19,1,5,0,2,4,1,0,0,0,0,0,3,26
2024440128984,2024,440128984,475832,155673,-0.91379,51.29515,2,"[3, 2]",3,14:23,-1,E07000089,3,0,2,1,2,"[9, 19]","[6, 2]","[4, 6]",0,0,0,1,0,0,0,0,0,3,26
2024440129187,2024,440129187,444750,111879,-1.36495,50.90466,3,3,3,16:08,-1,E06000045,6,0,2,1,1,19,3,7,0,0,0,1,0,0,0,0,1,3,26
2024440129303,2024,440129303,438632,109591,-1.45219,50.88452,2,2,3,17:31,-1,E07000091,3,0,2,1,2,"[6, 14]",8,"[8, 4]",0,0,0,1,0,1,0,0,0,3,26
2024440129353,2024,440129353,452939,143873,-1.24383,51.19164,3,3,3,18:07,-1,E07000084,3,2,1,0,2,19,7,3,0,0,0,1,0,0,0,0,0,3,26
2024440129439,2024,440129439,464908,99675,-1.08046,50.79302,3,3,3,19:32,-1,E06000044,4,2,2,1,1,"[19, 9]","[6, 3]",2,0,0,0,1,0,1,0,0,0,3,26
2024440129571,2024,440129571,443980,114566,-1.37558,50.92888,3,3,3,21:22,-1,E06000045,6,2,1,0,1,"[19, 10]","[6, 4]",2,0,0,0,1,0,0,0,0,0,3,26
2024440129851,2024,440129851,477865,158240,-0.88408,51.31795,3,3,4,06:46,-1,E07000089,3,0,1,1,2,19,6,2,10,1,4,1,0,0,0,0,0,3,27
2024440129934,2024,440129934,435199,144429,-1.49762,51.198,3,3,4,08:24,-1,E07000093,3,0,2,1,2,"[19, 4]",4,8,0,0,0,1,0,0,0,0,0,3,27
2024440130195,2024,440130195,429053,145864,-1.58546,51.21125,3,3,4,10:44,-1,E07000093,6,0,2,1,2,"[2, 19]","[0, 4]","[0, 8]","[0, 4]",0,0,1,0,0,0,0,0,3,27
2024440130302,2024,440130302,449562,113092,-1.29636,50.91517,3,3,4,11:45,-1,E07000086,4,0,1,0,1,9,"[1, 5]","[6, 2]",0,0,0,1,0,0,0,0,0,3,27
2024440130527,2024,440130527,479082,150242,-0.86839,51.24588,3,3,4,13:46,-1,E07000089,3,0,1,1,2,"[3, 19]",3,7,0,"[0, 1]","[0, 4]",1,0,0,0,0,0,3,27
2024440130789,2024,440130789,465474,99947,-1.07238,50.7954,3,3,4,15:30,-1,E06000044,3,0,1,0,1,9,8,6,0,0,0,1,0,0,0,0,1,3,27
2024440130872,2024,440130872,464449,98920,-1.0871,50.78628,3,3,4,15:45,-1,E06000044,6,0,1,0,1,"[9, 19]","[8, 6]","[6, 2]",0,0,0,0,1,0,0,0,0,3,27
2024440130959,2024,440130959,443162,118699,-1.38673,50.9661,3,3,4,16:35,-1,E07000086,6,0,1,0,2,"[5, 3]",8,4,0,0,0,1,0,0,0,0,0,3,27
2024440131007,2024,440131007,449612,89002,-1.29889,50.69855,3,3,4,17:42,-1,E06000046,4,0,1,0,1,19,6,2,0,0,0,1,0,0,0,0,1,3,27
2024440131140,2024,440131140,456110,87300,-1.20715,50.68266,2,2,4,19:45,-1,E06000046,6,2,2,1,2,"[19, 5]","[7, 2]","[3, 6]",0,0,0,1,0,0,0,0,0,3,27
2024440131190,2024,440131190,467559,135484,-1.03622,51.11467,3,3,4,20:35,-1,E07000085,3,2,5,1,2,19,7,3,0,0,0,0,0,1,0,0,0,3,27
2024440132108,2024,440132108,443288,114360,-1.38545,50.92708,3,3,5,13:09,-1,E06000045,3,0,1,1,1,"[19, 4]",2,6,0,0,0,1,0,0,0,0,0,3,28
2024440132199,2024,440132199,464182,100187,-1.09067,50.7977,3,3,6,01:35,-1,E06000044,6,2,1,0,1,"[3, 1]","[4, 8]","[8, 4]",0,0,0,1,0,1,0,0,0,3,22
2024440132299,2024,440132299,446408,161558,-1.33499,51.35121,3,3,5,14:47,-1,E07000084,4,0,2,1,2,19,2,6,0,1,9,1,0,0,0,0,0,3,28
2024440132499,2024,440132499,466508,108559,-1.05615,50.87271,2,2,5,16:24,-1,E07000094,6,0,4,1,2,19,"[5, 8]","[8, 5]",0,0,0,1,0,0,0,0,0,3,28
2024440132707,2024,440132707,446444,141905,-1.33702,51.1745,3,3,5,17:02,-1,E07000093,3,0,1,0,2,"[19, 9]","[1, 5]","[5, 3]",0,0,0,1,0,0,0,0,0,3,28
2024440132825,2024,440132825,446510,131000,-1.33748,51.07645,2,2,5,20:38,-1,E07000094,6,2,2,1,1,19,4,8,0,0,0,1,0,0,0,0,1,3,28
2024440133394,2024,440133394,448316,111640,-1.31427,50.90222,3,3,6,11:17,-1,E07000086,1,0,1,0,2,"[4, 19]",8,4,0,0,0,1,0,0,0,0,0,3,29
2024440133521,2024,440133521,480709,153826,-0.84428,51.27787,2,2,6,13:36,-1,E07000089,3,0,1,0,1,"[19, 9]","[8, 4]","[4, 2]",0,0,0,1,0,1,0,0,0,3,29
2024440133533,2024,440133533,450855,125687,-1.27621,51.02831,3,3,6,13:52,-1,E07000094,6,0,1,0,2,"[4, 19]",8,4,0,0,0,1,0,0,0,0,0,3,29
2024440133574,2024,440133574,449967,121008,-1.28951,50.98631,3,3,6,14:23,-1,E07000094,4,0,1,0,2,"[4, 19, 3, 9]","[3, 1, 7]","[7, 5, 1, 3]",0,0,0,1,0,0,0,0,0,3,29
2024440133578,2024,440133578,461468,100206,-1.12917,50.79816,3,3,6,14:21,-1,E07000088,3,0,1,0,1,19,"[1, 7]","[5, 3]",0,0,0,1,1,0,0,0,0,3,29
2024440133762,2024,440133762,437797,156676,-1.45915,51.30795,3,3,6,17:02,-1,E07000093,6,0,1,1,2,19,8,4,0,1,9,1,0,0,0,0,0,3,29
2024440133847,2024,440133847,482232,158949,-0.82127,51.32371,3,3,6,18:14,-1,E07000089,3,2,1,0,2,"[19, 2]","[7, 0]","[3, 0]",0,0,0,1,0,0,0,0,0,3,29
2024440133980,2024,440133980,464964,99863,-1.07963,50.7947,3,3,6,20:33,-1,E06000044,4,2,1,0,1,"[19, 4]",4,8,0,0,0,1,0,1,0,0,0,3,29
2024440134490,2024,440134490,459007,83705,-1.16672,50.65005,2,2,7,09:29,-1,E06000046,3,0,1,0,1,19,"[2, 8]","[6, 4]",0,0,0,1,1,0,0,0,0,3,30
2024440134516,2024,440134516,449491,106201,-1.2983,50.85322,3,3,7,10:08,-1,E07000087,6,0,1,0,1,"[7, 19]",3,"[5, 7]",0,0,0,1,1,0,0,0,0,3,30
2024440134610,2024,440134610,459551,92043,-1.15769,50.72497,3,3,7,11:45,-1,E06000046,4,0,1,0,1,"[9, 19]","[6, 4]","[4, 8]",0,0,0,1,0,0,0,0,0,3,30
2024440134614,2024,440134614,477811,127518,-0.8915,51.04176,2,2,7,12:05,-1,E07000085,4,0,1,0,2,19,1,5,0,0,0,1,0,0,0,0,1,3,30
2024440134647,2024,440134647,448209,113260,-1.31558,50.9168,3,3,7,12:30,-1,E07000086,3,0,1,0,1,"[3, 19]",2,6,0,0,0,1,0,0,0,0,0,3,30
2024440134674,2024,440134674,446427,124084,-1.33955,51.01427,3,3,7,09:40,-1,E07000094,6,0,1,0,2,"[5, 19]","[4, 2]","[8, 6]",0,0,0,1,1,0,0,0,0,3,30
2024440135473,2024,440135473,481057,153377,-0.83939,51.27379,3,3,1,03:09,-1,E07000089,4,2,1,0,1,"[19, 9]","[4, 6]","[8, 4]","[0, 10]","[0, 1]",0,1,0,0,0,0,0,3,31
2024440135496,2024,440135496,449421,118457,-1.29764,50.96342,2,2,1,02:49,-1,E07000086,4,2,1,1,1,"[14, 2]","[2, 0]","[6, 0]",0,0,0,1,0,0,0,0,0,3,31
2024440135570,2024,440135570,450785,118973,-1.27814,50.96794,2,2,1,07:35,-1,E07000086,4,0,1,0,2,19,7,3,0,1,4,1,0,0,0,0,0,3,31
2024440135652,2024,440135652,463340,105810,-1.10165,50.84835,3,3,1,09:27,-1,E06000044,1,0,1,0,1,"[11, 19]",4,8,0,5,6,1,0,0,0,0,0,3,31
2024440135884,2024,440135884,446475,128748,-1.33827,51.0562,3,3,1,14:24,-1,E07000094,6,0,1,0,1,19,1,5,0,0,0,0,0,1,0,0,0,3,31
2024440136192,2024,440136192,469599,108904,-1.01217,50.87545,3,3,1,19:41,-1,E07000090,4,2,2,1,2,"[12, 19]",4,8,0,0,0,1,0,0,0,0,0,3,31
2024440136204,2024,440136204,442564,112285,-1.39599,50.90847,3,3,1,19:51,-1,E06000045,6,2,1,0,1,"[5, 19]","[2, 8]","[6, 4]",0,0,0,1,0,0,0,0,0,3,31
2024440136274,2024,440136274,469462,108789,-1.01414,50.87443,3,3,1,21:11,-1,E07000090,2,2,5,1,1,19,5,1,0,2,7,1,0,0,0,0,0,3,31
2024440136539,2024,440136539,458167,112407,-1.17407,50.90821,3,3,2,03:52,-1,E07000094,3,2,1,1,2,19,2,6,0,0,0,1,0,0,0,0,0,4,1
2024440136698,2024,440136698,443340,143821,-1.38119,51.19197,3,3,2,11:00,-1,E07000093,6,0,1,0,2,19,4,8,0,0,0,0,1,0,0,0,0,4,1
2024440136835,2024,440136835,434756,110458,-1.50721,50.89256,3,3,2,13:34,-1,E07000091,6,0,1,0,2,19,4,1,0,7,9,1,0,0,0,0,0,4,1
2024440136840,2024,440136840,434058,145458,-1.51385,51.20732,3,3,2,13:42,-1,E07000093,3,0,2,1,2,19,8,4,0,0,0,1,0,0,0,0,0,4,1
2024440136914,2024,440136914,465397,154240,-1.06369,51.28355,3,3,2,14:50,-1,E07000084,6,0,1,1,1,19,"[2, 4]","[4, 2]",0,0,0,1,0,0,0,0,0,4,1
2024440137037,2024,440137037,469427,109547,-1.01449,50.88125,3,3,2,16:43,-1,E07000090,6,0,1,0,1,"[10, 19]",6,"[4, 2]",0,0,0,1,0,0,0,0,0,4,1
2024440137144,2024,440137144,457113,127218,-1.18674,51.04149,3,3,2,18:18,-1,E07000094,3,0,1,0,2,19,"[3, 7]","[7, 3]",0,"[7, 0]","[4, 0]",1,0,0,0,0,0,4,1
2024440137686,2024,440137686,444932,115533,-1.36191,50.9375,3,3,3,07:57,-1,E06000045,3,0,1,1,2,"[19, 3]",7,3,0,0,0,1,0,0,0,0,0,4,2
2024440137756,2024,440137756,438184,145991,-1.45474,51.21185,3,3,3,09:03,-1,E07000093,6,0,1,0,1,"[19, 9]","[6, 8]","[2, 6]",0,0,0,1,0,0,0,1,0,4,2
2024440137842,2024,440137842,434140,144196,-1.5128,51.19597,3,3,3,09:59,-1,E07000093,3,0,1,1,2,19,1,6,0,0,0,1,0,0,0,0,0,4,2
2024440138402,2024,440138402,452929,103719,-1.24982,50.83059,3,3,3,14:59,-1,E07000087,6,0,2,1,2,19,5,1,0,7,9,1,0,0,0,0,0,4,2
2024440138421,2024,440138421,464588,98394,-1.08523,50.78153,3,3,7,16:15,-1,E06000044,3,0,1,0,2,"[19, 3]",8,4,0,0,0,1,0,1,0,0,0,3,30
2024440138642,2024,440138642,469408,113616,-1.01399,50.91784,3,3,3,16:47,-1,E07000085,6,0,2,1,2,19,"[8, 4]","[4, 8]",0,0,0,1,0,0,0,0,0,4,2
2024440139437,2024,440139437,460314,107497,-1.14435,50.86384,2,"[3, 2]",4,10:02,-1,E07000087,6,0,4,1,2,19,"[8, 5]","[5, 8]",0,0,0,1,0,0,0,0,0,4,3
2024440140180,2024,440140180,464841,102621,-1.08089,50.81951,3,3,4,16:33,-1,E06000044,6,0,1,0,1,"[19, 5]","[5, 7]","[1, 3]",0,0,0,1,0,0,0,0,0,4,3
2024440140309,2024,440140309,469298,109450,-1.01634,50.8804,2,2,4,18:00,-1,E07000090,6,0,1,0,1,"[7, 19]",6,"[8, 2]",0,0,0,1,1,0,0,0,0,4,3
2024440140321,2024,440140321,458615,102693,-1.16925,50.82082,2,2,4,18:12,-1,E07000088,6,0,1,0,1,19,"[3, 1]","[7, 5]",0,0,0,1,0,1,0,0,0,4,3
2024440141038,2024,440141038,461177,106036,-1.13233,50.85062,3,3,4,12:20,-1,E07000087,6,0,1,0,1,1,3,7,0,0,0,1,0,0,0,0,1,4,3
2024440141427,2024,440141427,415580,104898,-1.78009,50.8434,3,3,5,13:05,-1,E07000091,6,0,1,0,1,"[1, 19]","[8, 4]","[4, 8]",0,0,0,1,1,0,0,0,0,4,4
2024440141494,2024,440141494,460666,149492,-1.13232,51.24139,3,3,5,13:56,-1,E07000084,3,0,2,1,1,"[3, 19]",2,6,0,0,0,1,0,0,0,0,0,4,4
2024440141631,2024,440141631,464379,101059,-1.08772,50.80552,3,3,3,09:00,-1,E06000044,6,0,1,0,1,"[3, 19]",6,2,0,0,0,1,0,0,1,0,0,4,2
2024440141659,2024,440141659,430827,144560,-1.56018,51.19943,1,"[1, 2]",5,15:19,-1,E07000093,6,0,1,0,2,"[1, 2]","[1, 0]","[5, 0]","[4, 0]","[1, 0]","[10, 0]",1,0,0,0,0,1,4,4
2024440141711,2024,440141711,427232,114106,-1.61391,50.92577,3,3,5,15:37,-1,E07000091,4,0,4,0,2,"[3, 19]",7,3,0,0,0,1,0,0,0,0,0,4,4
2024440141977,2024,440141977,461631,152464,-1.11799,51.26801,2,2,5,18:41,-1,E07000084,6,0,1,0,1,"[9, 13]",3,"[1, 7]","[0, 10]","[0, 7]",0,1,0,0,0,0,0,4,4
2024440142069,2024,440142069,458205,81580,-1.1784,50.63102,3,3,5,14:26,-1,E06000046,6,0,1,0,1,"[19, 5]",5,1,0,0,0,1,0,0,0,0,0,4,4
2024440142152,2024,440142152,485722,151287,-0.77303,51.25432,3,3,5,21:27,-1,E07000092,6,2,2,1,2,19,6,3,10,1,9,1,0,0,0,0,0,4,4
2024440142464,2024,440142464,456941,124533,-1.18961,51.01736,3,3,5,13:30,-1,E07000094,6,0,1,1,2,19,"[5, 7]","[1, 3]",0,0,0,1,0,0,0,0,0,4,4
2024440142580,2024,440142580,466573,98993,-1.05697,50.7867,3,3,6,09:00,-1,E06000044,3,0,1,0,1,19,"[5, 3]","[1, 7]",0,0,0,1,0,0,0,0,0,4,5
2024440143496,2024,440143496,445417,110774,-1.3556,50.89467,3,3,6,18:40,-1,E06000045,6,0,1,0,1,"[13, 19]",6,2,0,0,0,1,1,0,0,0,0,4,5
2024440143626,2024,440143626,439634,107644,-1.43816,50.86695,3,3,6,20:20,-1,E07000091,3,2,1,0,2,"[13, 19]",4,8,0,"[0, 1]","[0, 1]",1,0,0,0,0,0,4,5
2024440143697,2024,440143697,460028,100796,-1.14951,50.80362,3,3,6,21:06,-1,E07000088,3,2,1,0,1,"[7, 19]","[6, 4]",8,0,0,0,1,0,0,0,0,0,4,5
2024440143709,2024,440143709,441809,115318,-1.40638,50.9358,3,3,6,21:10,-1,E06000045,3,2,1,0,1,"[19, 9]","[1, 6]",5,0,0,0,1,0,1,0,0,0,4,5
2024440143787,2024,440143787,449625,129878,-1.29317,51.0661,2,2,6,23:04,-1,E07000094,1,2,1,0,2,"[19, 2]","[5, 0]","[1, 0]",0,0,0,1,0,0,0,0,0,4,5
2024440144116,2024,440144116,448067,88711,-1.32081,50.69607,3,3,6,18:05,-1,E06000046,6,0,1,0,1,"[5, 19]","[7, 5]","[3, 1]",0,0,0,1,0,0,0,0,0,4,5
2024440144242,2024,440144242,456785,107126,-1.19454,50.86086,3,3,7,09:14,-1,E07000087,6,0,1,0,1,4,6,2,0,0,0,1,0,0,0,0,1,4,6
2024440144430,2024,440144430,480776,154093,-0.84326,51.28026,2,2,7,12:40,-1,E07000089,3,0,4,0,1,"[19, 9]","[2, 6]","[6, 4]",0,0,0,1,1,0,0,0,0,4,6
2024440144533,2024,440144533,463192,100079,-1.10474,50.79684,3,3,7,14:28,-1,E06000044,4,0,1,0,1,"[7, 19]",8,"[2, 4]",0,0,0,1,1,0,0,0,0,4,6
2024440144571,2024,440144571,447086,121805,-1.33045,50.99372,3,3,7,10:00,-1,E07000094,4,0,1,0,2,"[13, 19]",2,6,0,0,0,1,1,0,0,0,0,4,6
2024440144634,2024,440144634,457542,99553,-1.18498,50.7927,3,3,7,15:56,-1,E07000088,4,0,1,0,1,"[14, 9]",4,"[8, 2]",0,0,0,1,0,1,0,0,0,4,6
2024440144969,2024,440144969,437433,115356,-1.46865,50.93644,3,3,7,20:47,-1,E07000093,6,2,1,0,1,9,4,2,0,7,11,1,0,0,0,0,0,4,6
2024440145078,2024,440145078,431361,115443,-1.55505,50.93758,3,3,7,22:37,-1,E07000091,1,2,1,0,2,"[19, 12]",2,6,0,0,0,1,0,0,0,0,0,4,6
2024440145316,2024,440145316,462187,99759,-1.11905,50.79407,2,"[2, 3]",1,03:19,-1,E07000088,4,2,1,0,1,"[2, 14]","[0, 2]","[0, 6]","[0, 4]","[0, 1]",0,1,0,0,0,0,0,4,7
2024440145556,2024,440145556,460906,101668,-1.1369,50.81137,3,3,1,10:29,-1,E07000088,6,0,1,0,1,19,5,1,0,1,11,1,0,0,0,0,0,4,7
2024440145559,2024,440145559,471273,145023,-0.98128,51.19999,2,2,1,10:32,-1,E07000089,4,0,1,0,2,19,2,6,0,0,0,0,0,1,0,0,0,4,7
2024440145638,2024,440145638,462210,105911,-1.11768,50.84938,3,3,1,12:13,-1,E07000087,6,0,1,0,1,"[19, 4]","[5, 1]","[1, 5]",0,0,0,1,0,0,0,0,0,4,7
2024440145643,2024,440145643,448254,111119,-1.31522,50.89754,3,3,1,12:22,-1,E07000086,3,0,1,0,2,"[4, 19]",6,2,0,0,0,1,0,0,0,0,0,4,7
2024440145649,2024,440145649,441083,118497,-1.41635,50.96444,2,2,1,12:26,-1,E07000093,3,0,1,0,1,"[19, 9]","[4, 8]","[8, 6]",0,"[1, 0]",0,1,0,1,0,0,0,4,7
2024440145880,2024,440145880,441455,112115,-1.41178,50.90702,3,3,1,15:56,-1,E06000045,3,0,1,0,1,19,4,8,0,0,0,0,0,0,0,0,1,4,7
2024440145903,2024,440145903,472448,100619,-0.97332,50.80061,3,3,1,16:15,-1,E07000090,6,0,1,0,1,19,7,3,0,0,0,0,0,0,0,0,0,4,7
2024440146170,2024,440146170,437385,123243,-1.46852,51.00736,2,2,1,20:15,-1,E07000093,6,2,1,0,2,19,8,4,0,0,0,0,1,0,0,0,0,4,7
2024440146250,2024,440146250,444844,87552,-1.36658,50.6859,1,1,1,22:11,-1,E06000046,4,2,1,0,2,19,3,7,0,7,4,1,0,0,0,0,0,4,7
2024440146261,2024,440146261,435611,146431,-1.49153,51.21598,3,3,1,22:30,-1,E07000093,3,2,1,0,1,19,4,8,0,7,2,1,0,0,0,0,0,4,7
2024440146308,2024,440146308,416423,102291,-1.76823,50.81993,3,3,1,23:30,-1,E07000091,6,2,1,1,2,19,8,3,0,2,4,1,0,0,0,0,0,4,7
2024440147453,2024,440147453,435291,145878,-1.49616,51.21102,2,2,2,17:00,-1,E07000093,6,0,1,0,1,19,2,6,0,0,0,1,0,0,0,0,1,4,8
2024440147595,2024,440147595,461053,109946,-1.13344,50.88579,3,3,2,19:34,-1,E07000094,4,0,1,1,2,"[19, 9]","[8, 4]","[4, 1]",0,0,0,1,0,0,0,0,0,4,8
2024440147686,2024,440147686,465651,100613,-1.06975,50.80137,2,2,2,19:00,-1,E06000044,6,0,1,0,1,19,8,4,0,0,0,1,0,0,0,0,1,4,8
2024440147795,2024,440147795,473573,123289,-0.95279,51.00429,2,"[3, 2]",2,22:49,-1,E07000085,3,2,4,1,2,"[12, 19]",5,1,0,0,0,1,0,0,0,0,0,4,8
2024440147925,2024,440147925,452693,108672,-1.25246,50.87515,3,3,3,02:45,-1,E07000094,6,2,1,0,2,"[7, 5]",6,"[1, 2]",0,0,0,1,0,0,0,0,0,4,9
2024440147980,2024,440147980,463811,152472,-1.08674,51.26784,3,3,6,05:30,-1,E07000084,6,2,2,1,1,9,3,1,0,0,0,1,0,0,0,0,1,4,5
2024440148369,2024,440148369,449936,89511,-1.29424,50.7031,2,2,3,11:49,-1,E06000046,6,0,4,0,1,"[9, 19]","[6, 1]","[1, 6]",0,0,0,1,1,0,0,0,0,4,9
2024440148937,2024,440148937,472617,109511,-0.96916,50.88054,3,3,3,16:35,-1,E07000085,4,0,1,0,1,19,"[5, 1]","[1, 5]",0,0,0,1,0,0,0,0,0,4,9
2024440149429,2024,440149429,462759,106413,-1.1098,50.85384,3,3,4,01:36,-1,E06000044,1,2,1,0,1,"[11, 15]",4,8,0,4,6,1,0,0,0,0,0,4,10
2024440149571,2024,440149571,448439,111145,-1.31259,50.89776,3,3,4,08:30,-1,E07000086,1,0,1,0,2,"[19, 3]",4,8,0,0,0,1,0,0,0,0,0,4,10
2024440149591,2024,440149591,436575,113431,-1.48105,50.91919,3,3,4,08:45,-1,E07000091,3,0,1,0,1,"[19, 3]",2,6,0,0,0,1,0,0,0,0,0,4,10
2024440149735,2024,440149735,466572,113056,-1.05443,50.91314,3,3,4,10:24,-1,E07000094,6,0,1,1,2,4,1,5,0,0,0,0,0,1,0,0,0,4,10
2024440149976,2024,440149976,415147,104564,-1.78625,50.84041,3,3,4,13:00,-1,E07000091,6,0,2,1,1,"[9, 19]","[6, 4]","[4, 8]",0,0,0,1,0,0,0,0,0,4,10
2024440150180,2024,440150180,436312,89769,-1.48713,50.70643,2,"[2, 3]",4,14:49,-1,E06000046,3,0,2,1,2,19,"[7, 3]","[3, 7]",0,0,0,1,0,0,0,0,0,4,10
2024440150219,2024,440150219,427666,91864,-1.60941,50.72574,3,3,3,12:35,-1,E07000091,4,0,1,0,2,"[19, 9]","[8, 4]","[4, 2]",0,0,0,1,1,0,0,0,0,4,9
2024440150479,2024,440150479,484537,159526,-0.78806,51.32856,3,3,4,17:25,-1,E07000089,6,0,2,1,1,19,5,1,10,1,4,1,0,0,0,0,0,4,10
2024440150695,2024,440150695,457204,101102,-1.18953,50.80666,3,3,4,18:43,-1,E07000088,6,0,2,1,2,19,2,7,7,1,1,1,0,0,0,0,0,4,10
2024440151068,2024,440151068,444832,120179,-1.36276,50.97928,3,3,5,06:49,-1,E07000086,6,0,1,0,1,"[7, 19]","[8, 6]",2,0,0,0,1,0,1,0,0,0,4,11
2024440151689,2024,440151689,448683,110270,-1.30923,50.88987,3,3,3,10:45,-1,E07000086,3,0,1,0,1,19,8,4,0,0,0,1,0,0,0,0,0,4,9
2024440151969,2024,440151969,464399,150770,-1.07862,51.25247,3,3,5,16:30,-1,E07000084,3,0,1,0,1,19,"[5, 1]","[1, 5]",0,0,0,1,0,0,0,0,0,4,11
2024440152036,2024,440152036,442538,113137,-1.39626,50.91614,3,3,5,16:45,-1,E06000045,3,0,1,0,1,"[19, 5]","[4, 2]","[8, 6]",0,0,0,1,0,1,0,0,0,4,11
2024440152070,2024,440152070,443323,147919,-1.38094,51.22882,3,3,5,17:28,-1,E07000084,4,0,1,0,2,19,5,1,0,1,3,1,0,0,0,0,0,4,11
2024440152075,2024,440152075,456122,87301,-1.20698,50.68267,3,3,5,17:30,-1,E06000046,6,0,7,0,2,"[19, 4]",7,3,0,0,0,1,0,0,0,0,0,4,11
2024440152367,2024,440152367,464374,100748,-1.08785,50.80272,3,3,5,20:25,-1,E06000044,6,2,1,0,1,4,5,1,0,0,0,0,0,0,1,0,0,4,11
2024440152477,2024,440152477,468112,138217,-1.02781,51.13918,3,3,5,23:20,-1,E07000085,6,2,1,0,2,19,7,3,10,0,0,1,0,0,0,0,0,4,11
2024440152685,2024,440152685,471486,106846,-0.98575,50.85672,2,2,7,15:37,-1,E07000090,4,0,1,0,1,"[19, 5]","[7, 1]","[4, 5]",0,0,0,1,1,0,0,0,0,4,6
2024440153060,2024,440153060,457484,111442,-1.18394,50.8996,3,3,6,11:46,-1,E07000094,3,0,1,0,2,"[19, 9]","[1, 5]","[5, 4]",0,0,0,1,0,0,0,0,0,4,12
2024440153198,2024,440153198,467986,108403,-1.03518,50.87114,3,3,6,13:00,-1,E07000090,6,0,1,0,1,"[19, 2]","[8, 0]","[4, 0]",0,"[1, 0]","[11, 0]",1,0,0,0,0,0,4,12
2024440153459,2024,440153459,485826,150559,-0.77172,51.24776,3,3,6,15:30,-1,E07000092,4,0,1,0,1,19,3,7,0,0,0,1,0,0,0,0,1,4,12
2024440153643,2024,440153643,465176,99987,-1.0766,50.79579,3,3,6,17:18,-1,E06000044,3,0,1,0,1,"[5, 19]","[3, 1]","[7, 5]",0,0,0,1,1,0,0,0,0,4,12
2024440153707,2024,440153707,463979,152070,-1.08441,51.26421,3,3,6,18:20,-1,E07000084,6,0,1,0,1,"[9, 19]",1,"[7, 5]",0,0,0,1,0,0,0,0,0,4,12
2024440153862,2024,440153862,466916,106769,-1.05068,50.85657,2,2,6,20:05,-1,E07000090,3,2,1,0,1,"[9, 19]","[8, 6]","[6, 2]",0,0,0,1,0,1,0,0,0,4,12
2024440154419,2024,440154419,469494,108782,-1.01368,50.87437,3,3,7,08:15,-1,E07000090,2,0,1,0,1,"[19, 13]",2,6,"[0, 10]",1,4,1,0,0,0,0,0,4,13
2024440154529,2024,440154529,469457,109046,-1.01416,50.87675,2,2,7,09:10,-1,E07000090,4,0,1,0,2,"[3, 19]",7,3,0,0,0,1,0,0,0,0,0,4,13