collision_index,collision_year,collision_ref_no,location_easting_osgr,location_northing_osgr,longitude,latitude,casualty_severity,casualty_severity,day_of_week,time,local_authority_district,local_authority_ons_district,first_road_class,light_conditions,weather_conditions,road_surface_conditions,urban_or_rural_area,vehicle_manoeuvre,vehicle_direction_from,vehicle_direction_to,hit_object_in_carriageway,vehicle_leaving_carriageway,hit_object_off_carriageway,is_car,is_cyle,is_mcyle,is_goodsv,is_other,is_pedestrian,month,day
2024440154560,2024,440154560,471748,118472,-0.97975,50.96122,3,3,7,10:51,-1,E07000085,3,0,1,0,2,19,5,1,0,1,0,1,0,0,0,0,0,4,13
2024440154594,2024,440154594,468386,107096,-1.02974,50.85934,2,2,7,11:22,-1,E07000090,6,0,1,0,1,19,6,2,0,0,0,0,0,0,0,0,0,4,13
2024440154682,2024,440154682,461937,92016,-1.12389,50.72447,2,2,7,12:52,-1,E06000046,6,0,1,0,1,19,7,4,0,0,0,1,0,0,0,0,1,4,13
2024440155089,2024,440155089,441957,112246,-1.40463,50.90817,3,3,7,13:50,-1,E06000045,6,0,1,0,1,19,1,5,0,0,0,0,0,0,0,0,1,4,13
2024440155115,2024,440155115,439934,112632,-1.43336,50.91178,3,3,7,18:10,-1,E06000045,3,0,1,0,1,"[19, 13]",4,8,0,0,0,1,0,0,0,0,0,4,13
2024440155270,2024,440155270,468862,111976,-1.02206,50.90316,2,2,7,21:43,-1,E07000090,6,2,1,0,1,19,6,2,10,0,0,0,0,1,0,0,0,4,13
2024440155642,2024,440155642,443965,114810,-1.37576,50.93107,3,3,1,07:00,-1,E06000045,6,0,1,0,1,19,6,2,0,0,0,0,0,1,0,0,0,4,14
2024440155775,2024,440155775,461057,109940,-1.13338,50.88573,3,3,1,10:26,-1,E07000094,4,0,1,0,2,"[5, 19]","[5, 3]","[1, 7]",0,0,0,1,0,0,0,0,0,4,14
2024440155792,2024,440155792,452960,103954,-1.24934,50.8327,2,2,1,10:48,-1,E07000087,6,0,1,0,2,19,6,2,0,0,0,0,1,0,0,0,0,4,14
2024440156066,2024,440156066,434479,98140,-1.5123,50.78182,3,3,1,14:51,-1,E07000091,4,0,1,0,2,19,"[6, 4]","[2, 8]",0,0,0,1,0,0,0,0,0,4,14
2024440156112,2024,440156112,446850,129367,-1.33284,51.06174,2,2,7,18:45,-1,E07000094,4,0,1,0,1,"[19, 9]","[2, 6]","[6, 4]",0,0,0,1,0,1,0,0,0,4,6
2024440156122,2024,440156122,436564,89243,-1.48361,50.70168,2,"[3, 2]",1,15:30,-1,E06000046,4,0,1,0,2,19,"[8, 4]","[4, 8]",0,0,0,1,0,0,0,0,0,4,14
2024440156439,2024,440156439,442523,111835,-1.39662,50.90443,3,3,1,20:31,-1,E06000045,6,2,1,0,1,19,5,1,0,0,0,0,0,1,0,0,1,4,14
2024440156514,2024,440156514,442126,123979,-1.40087,51.01365,1,1,1,22:01,-1,E07000094,3,2,1,0,2,19,2,6,0,1,4,1,0,0,0,0,0,4,14
2024440156966,2024,440156966,445115,118878,-1.35889,50.96756,3,3,7,08:10,-1,E07000086,6,0,1,0,1,"[5, 19]",1,5,0,0,0,1,0,1,0,0,0,4,13
2024440157021,2024,440157021,460205,92069,-1.14842,50.72513,3,3,2,10:24,-1,E06000046,3,0,4,1,2,"[2, 19]","[0, 1, 5]","[0, 5, 1]",0,0,0,1,0,0,0,0,0,4,15
2024440157383,2024,440157383,467506,152113,-1.03386,51.26419,3,3,2,12:45,-1,E07000084,3,0,1,0,1,"[3, 19]",8,4,0,0,0,1,0,0,0,0,0,4,15
2024440157909,2024,440157909,467283,122538,-1.04257,50.99831,3,3,2,17:21,-1,E07000085,6,0,2,1,2,19,8,4,0,7,4,1,0,0,0,0,0,4,15
2024440157961,2024,440157961,445138,127993,-1.35744,51.04952,2,2,2,18:09,-1,E07000094,3,0,1,0,2,"[13, 9]",2,"[6, 8]",0,0,0,1,0,0,0,0,0,4,15
2024440158096,2024,440158096,442603,105725,-1.3962,50.84948,3,3,2,19:47,-1,E07000091,6,2,1,0,1,"[1, 19]","[4, 2]","[8, 6]",0,0,0,1,0,0,0,1,0,4,15
2024440158641,2024,440158641,444542,110186,-1.36811,50.88945,3,3,3,08:56,-1,E06000045,6,0,1,0,1,"[5, 9]","[2, 4]","[6, 2]",0,0,0,1,0,0,0,0,0,4,16
2024440158939,2024,440158939,487193,149415,-0.75241,51.23726,2,2,7,11:07,-1,E07000092,6,0,1,0,1,1,1,5,0,0,0,1,0,0,0,0,1,4,6
2024440159150,2024,440159150,459032,101308,-1.16356,50.80833,3,3,3,13:00,-1,E07000088,6,0,1,0,1,"[19, 13]",2,6,"[10, 0]",0,0,1,0,0,0,0,0,4,16
2024440159302,2024,440159302,476417,156810,-0.90516,51.30529,3,3,3,14:28,-1,E07000089,4,0,1,0,2,19,"[5, 1]","[1, 5]",0,"[7, 0]","[1, 0]",1,0,0,0,0,0,4,16
2024440159317,2024,440159317,460569,109073,-1.14046,50.87799,2,2,3,14:20,-1,E07000094,6,0,1,0,2,19,"[3, 6]","[6, 3]",0,0,0,1,0,1,0,0,0,4,16
2024440159388,2024,440159388,486592,155872,-0.75946,51.2954,3,3,3,14:55,-1,E07000092,6,0,1,0,1,19,3,7,10,1,0,0,0,0,0,0,1,4,16
2024440159478,2024,440159478,460275,89893,-1.14778,50.70556,2,2,3,15:39,-1,E06000046,3,0,1,0,2,19,5,2,10,0,0,1,0,0,0,0,0,4,16
2024440159491,2024,440159491,470376,108503,-1.0012,50.87175,3,3,3,15:55,-1,E07000090,6,0,1,0,1,"[10, 19]",3,7,0,0,0,1,0,0,0,0,0,4,16
2024440159668,2024,440159668,446229,128662,-1.34179,51.05545,3,3,3,18:08,-1,E07000094,6,0,1,0,1,19,4,8,0,0,0,1,0,0,0,0,1,4,16
2024440159760,2024,440159760,446146,127654,-1.3431,51.04639,2,2,3,18:18,-1,E07000094,3,0,1,0,1,19,"[2, 1]","[6, 5]",0,0,0,1,1,0,0,0,0,4,16
2024440159884,2024,440159884,466613,134392,-1.04993,51.10497,3,3,3,21:39,-1,E07000085,6,2,1,0,2,"[2, 19]","[0, 1]","[0, 5]",0,0,0,1,0,0,0,0,0,4,16
2024440160190,2024,440160190,464668,101071,-1.08362,50.80559,3,3,4,08:01,-1,E06000044,6,0,1,0,1,"[7, 9]","[6, 4]","[4, 6]",0,0,0,1,1,0,0,0,0,4,17
2024440160193,2024,440160193,453607,89323,-1.24229,50.70109,2,"[2, 3]",4,08:05,-1,E06000046,6,0,1,0,2,"[19, 9]","[8, 4]","[4, 3]",0,0,0,1,0,0,0,0,0,4,17
2024440160207,2024,440160207,437216,116537,-1.47162,50.94707,3,3,4,08:20,-1,E07000093,1,0,1,0,2,"[3, 4]",2,6,0,0,0,1,0,0,0,0,0,4,17
2024440160271,2024,440160271,442561,111216,-1.39616,50.89886,3,3,4,08:00,-1,E06000045,3,0,1,0,1,"[5, 9]",1,"[5, 7]",0,0,0,1,0,0,0,0,0,4,17
2024440160724,2024,440160724,444744,119026,-1.36416,50.96892,2,2,4,13:02,-1,E07000086,6,0,1,0,1,19,4,8,0,0,0,0,0,0,0,0,0,4,17
2024440160829,2024,440160829,440112,113564,-1.43072,50.92015,3,3,3,15:20,-1,E06000045,3,0,1,0,1,"[5, 19]","[6, 4]","[2, 8]",0,0,0,1,0,1,0,0,0,4,16
2024440161057,2024,440161057,449074,92341,-1.30607,50.72862,2,2,4,15:38,-1,E06000046,3,0,1,0,1,"[14, 9]",1,"[5, 7]",0,0,0,1,0,1,0,0,0,4,17
2024440161313,2024,440161313,464782,101929,-1.08185,50.8133,3,3,4,18:00,-1,E06000044,3,0,1,0,1,19,4,8,0,0,0,1,0,0,0,0,1,4,17
2024440161427,2024,440161427,486867,153641,-0.75606,51.2753,3,3,4,19:59,-1,E07000092,3,2,1,0,1,4,6,2,0,0,0,1,0,1,0,0,0,4,17
2024440161514,2024,440161514,440401,112567,-1.42672,50.91116,2,"[3, 2]",4,21:14,-1,E06000045,6,2,1,0,1,"[19, 13]","[3, 7]","[7, 3]",0,0,0,1,0,1,0,0,0,4,17
2024440161805,2024,440161805,440969,112314,-1.41867,50.90885,3,3,4,19:30,-1,E06000045,6,0,1,0,1,"[5, 19]","[5, 3]","[1, 7]",0,0,0,1,1,0,0,0,0,4,17
2024440161850,2024,440161850,431065,146673,-1.55659,51.21842,3,3,5,07:10,-1,E07000093,6,0,1,0,2,"[9, 19]","[7, 6]","[6, 2]",0,0,0,1,0,0,0,0,0,4,18
2024440161866,2024,440161866,465298,151955,-1.06553,51.26302,3,3,5,07:52,-1,E07000084,3,0,1,0,2,"[4, 19]",8,4,0,0,0,1,0,0,0,0,0,4,18
2024440161885,2024,440161885,422990,93965,-1.67552,50.74484,2,2,5,08:05,-1,E07000091,3,0,1,0,1,"[4, 19]","[5, 7]","[1, 3]",0,0,0,1,1,0,0,0,0,4,18
2024440162339,2024,440162339,446213,113515,-1.34394,50.91925,3,3,5,12:35,-1,E06000045,6,0,1,0,1,"[19, 5]","[6, 8]","[2, 4]",0,0,0,1,0,1,0,0,0,4,18
2024440162471,2024,440162471,475993,123646,-0.91824,51.00719,3,3,5,13:46,-1,E07000085,4,0,1,0,1,19,1,5,0,1,2,1,0,0,0,0,0,4,18
2024440162765,2024,440162765,462117,106000,-1.11899,50.85019,3,3,5,16:05,-1,E07000087,6,0,1,0,1,"[19, 2]","[3, 0]","[7, 0]","[4, 0]",0,0,1,1,0,0,0,0,4,18
2024440162997,2024,440162997,486336,150877,-0.76433,51.25054,3,3,5,18:16,-1,E07000092,3,0,1,0,1,"[13, 9]",7,"[3, 5]",0,0,0,0,0,1,1,0,0,4,18
2024440163433,2024,440163433,451438,107420,-1.27047,50.86401,3,3,5,14:45,-1,E07000087,6,0,1,0,1,19,1,5,0,0,0,1,0,0,0,0,1,4,18
2024440163487,2024,440163487,464771,100921,-1.08219,50.80423,3,3,6,03:26,-1,E06000044,4,2,1,0,1,"[2, 19]","[0, 6]","[0, 2]","[0, 4]",0,0,1,0,0,0,0,0,4,19
2024440163760,2024,440163760,465605,103798,-1.06984,50.83001,3,3,6,08:25,-1,E06000044,3,0,1,0,1,19,5,1,0,0,0,0,0,0,1,0,1,4,19
2024440164043,2024,440164043,472033,107908,-0.97777,50.8662,3,3,6,13:19,-1,E07000090,4,0,1,0,1,"[19, 3]",5,1,0,0,0,1,0,0,0,0,0,4,19
2024440164220,2024,440164220,437367,113747,-1.46975,50.92198,3,3,6,14:49,-1,E06000045,3,0,1,0,1,"[19, 5]","[3, 1]","[7, 5]",0,0,0,1,0,0,0,0,0,4,19
2024440164576,2024,440164576,441735,89198,-1.4104,50.70093,3,3,6,17:55,-1,E06000046,3,0,1,0,2,19,8,4,0,0,0,1,0,0,0,0,0,4,19
2024440164629,2024,440164629,466122,99612,-1.06325,50.79231,2,2,6,18:47,-1,E06000044,6,0,1,0,1,19,5,1,0,0,0,0,1,0,0,0,0,4,19
2024440164639,2024,440164639,426478,144497,-1.62242,51.19908,2,"[2, 3]",6,16:45,-1,E07000093,6,0,1,0,2,19,"[3, 7]","[7, 3]",0,0,0,0,0,0,1,1,0,4,19
2024440164674,2024,440164674,465153,100109,-1.07691,50.79689,2,2,6,19:32,-1,E06000044,3,0,1,0,1,"[5, 19]","[5, 7]","[1, 3]",0,0,0,1,1,0,0,0,0,4,19
2024440164735,2024,440164735,464932,101016,-1.07988,50.80507,3,3,6,20:21,-1,E06000044,4,2,1,0,1,"[19, 9]","[6, 2]","[2, 8]",0,0,0,1,0,0,0,0,0,4,19
2024440165244,2024,440165244,485321,159841,-0.77673,51.33127,3,3,6,16:40,-1,E07000089,3,0,1,0,1,"[19, 10]",2,6,0,0,0,1,0,0,0,0,0,4,19
2024440165262,2024,440165262,466820,155807,-1.043,51.29748,3,3,7,06:30,-1,E07000084,3,0,1,0,1,19,"[6, 2]","[2, 6]",0,0,0,1,0,0,0,0,0,4,20
2024440165358,2024,440165358,459547,99683,-1.15651,50.79366,3,3,7,10:06,-1,E07000088,4,0,1,0,1,"[4, 19]",4,8,0,0,0,1,0,0,0,0,0,4,20
2024440165405,2024,440165405,487033,155257,-0.75328,51.28981,3,3,7,09:50,-1,E07000092,3,0,1,0,1,"[5, 3]",1,5,0,0,0,1,0,1,0,0,0,4,20
2024440165406,2024,440165406,461475,99812,-1.12914,50.79462,2,2,7,10:33,-1,E07000088,6,0,1,0,1,"[7, 19]",3,"[5, 7]",0,0,0,1,1,0,0,0,0,4,20
2024440165416,2024,440165416,459881,106510,-1.15066,50.85501,2,2,7,11:03,-1,E07000087,6,0,1,0,2,"[9, 19]","[3, 2]","[2, 6]",0,0,0,1,1,0,0,0,0,4,20
2024440165422,2024,440165422,445909,115140,-1.34806,50.93389,3,3,7,11:05,-1,E07000086,3,0,1,0,1,"[7, 19]",4,"[6, 8]",0,0,0,1,1,0,0,0,0,4,20
2024440165566,2024,440165566,469027,109208,-1.02024,50.87825,3,3,7,13:16,-1,E07000090,4,0,1,0,2,"[9, 19]",8,"[6, 4]",0,0,0,1,0,1,0,0,0,4,20
2024440165783,2024,440165783,467173,107619,-1.04688,50.86419,2,2,7,16:21,-1,E07000090,3,0,1,0,1,"[7, 19]",1,"[3, 5]",0,0,0,1,0,1,0,0,0,4,20
2024440165824,2024,440165824,469260,112509,-1.0163,50.90791,3,3,7,16:00,-1,E07000085,6,0,1,0,1,"[2, 19]","[0, 8]","[0, 4]","[0, 4]",0,0,1,0,0,0,0,1,4,20
2024440165927,2024,440165927,445760,112559,-1.3505,50.91069,3,3,7,18:16,-1,E06000045,3,0,1,0,1,"[9, 19]","[4, 8]","[2, 4]",0,"[1, 0]",0,1,0,0,0,0,0,4,20
2024440166020,2024,440166020,443661,118566,-1.37964,50.96487,3,3,7,19:00,-1,E07000086,6,0,1,0,1,19,7,3,0,0,0,0,1,0,0,0,0,4,20
2024440166389,2024,440166389,459305,92585,-1.16109,50.72986,3,3,1,00:01,-1,E06000046,3,2,1,0,1,9,2,7,0,0,0,1,0,1,0,0,0,4,21
2024440166558,2024,440166558,465244,151394,-1.0664,51.25798,3,3,7,14:30,-1,E07000084,1,0,1,0,2,"[3, 19]",6,2,0,0,0,1,0,0,0,0,0,4,20
2024440166693,2024,440166693,474302,151981,-0.9365,51.26216,3,3,1,10:53,-1,E07000089,3,0,1,0,2,"[13, 19]","[8, 4]","[4, 8]",0,"[0, 1]",0,1,0,0,0,0,0,4,21
2024440166970,2024,440166970,439044,146889,-1.44233,51.21987,2,2,1,14:57,-1,E07000093,6,0,1,0,2,19,6,2,10,0,0,0,1,0,0,0,0,4,21
2024440167038,2024,440167038,472980,161855,-0.95342,51.3511,2,2,1,15:45,-1,E07000089,6,0,1,0,2,19,2,6,0,1,4,1,0,0,0,0,0,4,21
2024440167046,2024,440167046,457346,111662,-1.18586,50.90159,3,3,4,08:15,-1,E07000094,6,0,1,0,2,"[7, 19]","[8, 6]",2,0,0,0,1,1,0,0,0,0,4,17
2024440167187,2024,440167187,443896,115278,-1.37669,50.93529,3,3,1,17:45,-1,E06000045,6,0,1,0,1,19,8,4,0,0,0,1,0,0,0,0,1,4,21
2024440167204,2024,440167204,465292,102200,-1.07457,50.81568,3,3,1,18:28,-1,E06000044,6,0,1,0,1,"[2, 19]","[0, 1, 3]","[0, 5, 7]",0,0,0,1,0,0,0,0,0,4,21
2024440167205,2024,440167205,457824,102249,-1.18055,50.81691,3,3,1,18:29,-1,E07000088,4,0,1,0,1,"[14, 9]",8,"[4, 6]",0,0,0,1,0,1,0,0,0,4,21
2024440167274,2024,440167274,439318,115310,-1.44183,50.9359,3,3,1,19:00,-1,E06000045,6,0,1,0,1,"[9, 19]","[7, 1]",5,0,0,0,1,1,0,0,0,0,4,21
2024440167306,2024,440167306,481907,152241,-0.82747,51.26345,3,3,1,19:25,-1,E07000089,6,0,1,0,1,"[19, 5]","[6, 8]","[2, 4]",0,0,0,1,0,0,0,0,0,4,21
2024440167426,2024,440167426,443815,115853,-1.37777,50.94046,3,3,1,21:53,-1,E06000045,3,2,1,0,1,19,"[2, 5]","[6, 1]",0,0,0,1,0,0,0,0,0,4,21
2024440167728,2024,440167728,467407,108593,-1.04337,50.87292,3,3,2,07:55,-1,E07000090,3,0,1,0,1,"[13, 9]","[6, 8]","[2, 6]",0,0,0,1,0,1,0,0,0,4,22
2024440167846,2024,440167846,473362,110682,-0.95834,50.89097,3,3,1,13:35,-1,E07000085,6,0,1,0,1,1,7,3,0,0,0,1,0,0,0,0,1,4,21
2024440167918,2024,440167918,438400,120598,-1.45434,50.98351,3,3,2,09:53,-1,E07000093,3,0,1,0,2,19,8,4,0,0,0,1,0,0,0,0,1,4,22
2024440167981,2024,440167981,459306,92580,-1.16107,50.72982,3,3,2,10:40,-1,E06000046,4,0,1,0,1,"[5, 19]","[3, 1]","[7, 5]",0,0,0,1,0,0,1,0,0,4,22
2024440168479,2024,440168479,466105,101380,-1.06317,50.80821,3,3,2,14:55,-1,E06000044,3,0,1,0,1,"[10, 19]",5,"[3, 1]",0,0,0,1,0,1,0,0,0,4,22
2024440168565,2024,440168565,465110,102690,-1.07706,50.8201,3,3,2,15:31,-1,E06000044,3,0,1,0,1,"[7, 19]",2,"[3, 6]",0,0,0,1,1,0,0,0,0,4,22
2024440168763,2024,440168763,442546,113177,-1.39614,50.91649,3,3,2,17:24,-1,E06000045,3,0,2,1,1,"[19, 9]","[6, 8]","[2, 6]",0,0,0,0,0,1,0,1,0,4,22
2024440168848,2024,440168848,465907,105889,-1.06517,50.84878,3,3,2,14:00,-1,E06000044,3,0,1,0,1,"[3, 19]",2,6,0,0,0,1,0,0,0,0,0,4,22
2024440168927,2024,440168927,443370,114654,-1.38425,50.92971,2,2,2,19:46,-1,E06000045,6,2,1,0,1,19,2,6,0,0,0,0,0,0,0,0,0,4,22
2024440169010,2024,440169010,465537,104794,-1.07063,50.83897,3,3,2,20:57,-1,E06000044,3,2,1,0,1,"[9, 19]","[6, 2]","[4, 6]",0,0,0,1,0,0,0,0,0,4,22
2024440169257,2024,440169257,437169,111354,-1.47281,50.90047,2,2,3,06:24,-1,E07000091,6,0,1,0,2,19,6,2,0,7,10,0,0,1,0,0,0,4,23
2024440169614,2024,440169614,487020,155656,-0.75337,51.2934,3,3,3,11:57,-1,E07000092,3,0,1,0,1,5,7,1,0,0,0,1,0,0,0,0,1,4,23
2024440170118,2024,440170118,436397,121554,-1.48277,50.99224,3,3,3,15:40,-1,E07000093,3,0,1,0,1,"[19, 3]",2,6,0,0,0,1,0,0,0,0,0,4,23
2024440170200,2024,440170200,480271,144322,-0.85268,51.19249,2,2,3,17:28,-1,E07000085,3,0,1,0,2,7,5,6,0,1,4,1,0,0,0,0,0,4,23
2024440170287,2024,440170287,465176,99992,-1.0766,50.79584,3,3,3,18:56,-1,E06000044,3,0,1,0,1,19,"[2, 1]","[6, 5]",0,0,0,1,1,0,0,0,0,4,23
2024440170821,2024,440170821,435734,112679,-1.49309,50.91248,3,3,4,08:46,-1,E07000091,3,0,1,0,1,"[4, 19]",6,2,0,0,0,1,0,0,0,0,0,4,24
2024440171177,2024,440171177,444322,116791,-1.37044,50.94886,3,3,4,11:31,-1,E07000086,1,0,1,0,2,"[5, 4]",4,8,0,0,0,1,0,0,1,0,0,4,24
2024440171327,2024,440171327,484508,136221,-0.79396,51.11905,3,3,4,13:51,-1,E07000085,6,0,1,0,1,19,6,2,0,1,3,1,0,0,0,0,0,4,24
2024440171357,2024,440171357,464740,101238,-1.08257,50.80709,3,3,4,08:30,-1,E06000044,6,0,1,0,1,"[2, 19]","[0, 6]","[0, 2]",0,0,0,1,1,0,0,0,0,4,24
2024440171724,2024,440171724,445889,111770,-1.34877,50.90359,3,3,4,17:24,-1,E06000045,6,0,1,0,1,"[19, 2]","[6, 0]","[2, 0]","[4, 0]",0,0,1,0,0,0,0,0,4,24
2024440171753,2024,440171753,465405,104465,-1.07256,50.83603,3,3,4,17:47,-1,E06000044,3,0,1,0,1,"[7, 19]","[7, 1]","[1, 5]",0,0,0,1,1,0,0,0,0,4,24
2024440171885,2024,440171885,457797,109093,-1.17986,50.87845,3,3,4,19:50,-1,E07000087,3,2,1,0,2,19,5,1,10,3,10,1,0,0,0,0,0,4,24
2024440172864,2024,440172864,466303,104701,-1.05977,50.83805,3,3,5,08:30,-1,E06000044,6,0,1,0,1,1,2,6,0,0,0,1,0,0,0,0,1,4,25
2024440172959,2024,440172959,464699,100875,-1.08322,50.80383,3,3,5,13:15,-1,E06000044,3,0,1,0,1,"[19, 9]",5,"[1, 3]",0,0,0,1,1,0,0,0,0,4,25
2024440173146,2024,440173146,465572,101883,-1.07065,50.81279,3,3,5,15:39,-1,E06000044,6,0,1,0,1,19,5,1,0,0,0,1,0,0,0,0,1,4,25
2024440173365,2024,440173365,461211,158396,-1.12299,51.32138,3,3,5,17:48,-1,E07000084,3,0,1,1,2,"[9, 19]","[2, 8]","[8, 4]",0,0,0,1,0,0,0,0,0,4,25
2024440173377,2024,440173377,438203,146004,-1.45446,51.21197,3,3,5,18:03,-1,E07000093,6,0,1,0,1,4,6,2,0,0,0,1,0,0,0,0,0,4,25
2024440173416,2024,440173416,485899,150586,-0.77066,51.24799,3,3,5,18:35,-1,E07000092,4,0,2,1,1,"[9, 19]","[1, 2]",6,0,0,0,1,0,1,0,0,0,4,25
2024440173753,2024,440173753,448691,110712,-1.30906,50.89384,3,3,5,23:02,-1,E07000086,1,2,2,1,2,19,8,4,0,"[5, 0]","[6, 0]",1,0,0,0,0,0,4,25
2024440173956,2024,440173956,461477,99821,-1.12911,50.7947,3,3,4,18:50,-1,E07000088,6,0,1,0,1,"[9, 19]","[3, 7]","[1, 3]",0,0,0,1,1,0,0,0,0,4,24
2024440173959,2024,440173959,448840,114614,-1.30642,50.92892,3,3,2,14:45,-1,E07000086,6,0,1,0,1,19,"[1, 4]","[5, 8]",0,0,0,1,0,0,0,0,0,4,22
2024440174039,2024,440174039,442855,111202,-1.39198,50.89871,3,3,6,08:54,-1,E06000045,3,0,1,0,1,"[7, 19]",3,"[5, 7]",0,0,0,1,1,0,0,0,0,4,26
2024440174238,2024,440174238,461659,151628,-1.11773,51.26049,2,2,6,11:05,-1,E07000084,6,0,1,0,1,"[9, 19]",2,"[1, 6]",0,0,0,1,0,0,0,0,0,4,26
2024440174335,2024,440174335,465718,105354,-1.06796,50.84399,3,3,6,12:08,-1,E06000044,6,0,1,0,1,1,3,7,0,0,0,1,0,0,0,0,1,4,26
2024440174387,2024,440174387,444799,120061,-1.36325,50.97822,3,3,6,12:37,-1,E07000086,6,0,1,0,1,"[9, 19]","[3, 1]","[1, 5]",0,0,0,1,0,0,0,0,0,4,26
2024440174478,2024,440174478,469080,110902,-1.01916,50.89348,3,3,6,13:31,-1,E07000090,3,0,1,0,1,"[5, 19]",6,2,0,0,0,1,0,0,0,0,0,4,26
2024440174558,2024,440174558,472277,107716,-0.97435,50.86444,3,3,6,14:01,-1,E07000090,6,0,1,0,1,19,"[5, 8]","[8, 5]",0,0,0,1,0,0,0,0,0,4,26
2024440174684,2024,440174684,481645,161002,-0.82922,51.34225,2,2,6,15:12,-1,E07000089,4,0,1,0,1,19,3,7,0,0,0,1,0,0,0,0,1,4,26
2024440174788,2024,440174788,465358,103171,-1.07346,50.8244,3,3,5,14:00,-1,E06000044,3,0,1,0,1,"[5, 19]","[3, 2]","[7, 6]",0,0,0,1,0,0,0,0,0,4,25
2024440174837,2024,440174837,466379,102313,-1.05912,50.81657,3,3,3,08:40,-1,E06000044,6,0,1,0,1,"[7, 19]",7,"[1, 3]",0,0,0,1,1,0,0,0,0,4,23
2024440174896,2024,440174896,462898,106416,-1.10782,50.85385,3,3,6,17:09,-1,E06000044,6,0,1,0,1,19,4,8,0,0,0,1,0,0,0,0,1,4,26
2024440174923,2024,440174923,457617,99820,-1.18387,50.79509,2,2,6,17:28,-1,E07000088,6,0,1,0,2,19,8,4,0,0,0,1,0,0,0,0,0,4,26
2024440174926,2024,440174926,487029,155901,-0.75319,51.2956,2,2,6,17:29,-1,E07000092,3,0,1,0,1,"[7, 19]","[3, 5]","[5, 1]",0,0,0,1,1,0,0,0,0,4,26
2024440175099,2024,440175099,443838,111129,-1.37801,50.89798,3,3,6,16:30,-1,E06000045,6,0,1,0,1,"[19, 9]","[3, 6]","[7, 3]",0,0,0,1,0,0,0,0,0,4,26
2024440175136,2024,440175136,448675,110280,-1.30935,50.88996,3,3,6,20:05,-1,E07000086,3,2,2,1,1,"[19, 9]","[8, 4]","[4, 2]",0,0,0,1,0,1,0,0,0,4,26
2024440175167,2024,440175167,443092,116381,-1.388,50.94526,2,"[3, 2]",5,10:30,-1,E06000045,6,0,1,0,1,"[9, 1]","[6, 0]","[4, 8]",0,0,0,1,0,0,0,0,0,4,25
2024440175353,2024,440175353,429079,113647,-1.58767,50.92155,3,3,6,22:57,-1,E07000091,1,2,2,1,2,19,2,6,0,0,0,1,0,0,0,0,0,4,26
2024440175639,2024,440175639,461631,100202,-1.12686,50.79811,3,3,6,12:45,-1,E07000088,3,0,1,0,1,"[4, 19]",6,2,0,0,0,1,1,0,0,0,0,4,26
2024440175688,2024,440175688,426737,141072,-1.61897,51.16827,2,2,6,09:40,-1,E07000093,4,0,1,0,2,19,4,8,11,0,0,0,0,1,0,0,0,4,26
2024440175859,2024,440175859,440690,112958,-1.42257,50.91466,3,3,7,11:48,-1,E06000045,6,0,1,0,1,"[2, 19]","[0, 6]","[0, 2]",0,0,0,1,0,0,0,0,0,4,27
2024440175959,2024,440175959,458088,82556,-1.1799,50.63981,3,3,7,13:10,-1,E06000046,6,0,1,0,1,"[19, 5]","[1, 5]","[5, 8]",0,0,0,1,0,1,0,0,0,4,27
2024440176012,2024,440176012,447994,129521,-1.31649,51.06303,2,2,4,08:50,-1,E07000094,6,0,1,0,1,19,1,7,0,0,0,1,0,0,0,0,1,4,24
2024440176267,2024,440176267,453855,106191,-1.23631,50.85274,3,3,7,17:21,-1,E07000087,3,0,1,0,2,19,8,4,0,0,0,1,0,0,0,0,0,4,27
2024440176491,2024,440176491,438537,115752,-1.4529,50.93993,3,3,7,21:00,-1,E06000045,6,2,2,1,2,19,6,2,0,0,0,1,0,0,0,0,1,4,27
2024440176568,2024,440176568,456749,112187,-1.19427,50.90637,3,3,7,22:17,-1,E07000094,3,2,2,1,2,"[19, 9]","[5, 1]","[1, 7]",0,0,0,1,0,1,0,0,0,4,27
2024440176691,2024,440176691,450403,106421,-1.28531,50.85511,2,2,1,00:12,-1,E07000087,6,2,2,1,1,19,4,8,0,1,11,1,0,0,0,0,0,4,28
2024440176712,2024,440176712,446226,141332,-1.34021,51.16937,3,3,1,00:33,-1,E07000093,3,2,5,1,2,19,1,5,0,5,6,1,0,0,0,0,0,4,28
2024440176823,2024,440176823,438355,117497,-1.4553,50.95563,3,3,1,03:59,-1,E07000093,1,2,2,1,1,19,6,2,0,0,0,1,0,0,1,0,0,4,28
2024440177093,2024,440177093,465392,104520,-1.07273,50.83652,3,3,1,12:05,-1,E06000044,3,0,1,0,2,"[3, 19]",4,8,0,0,0,1,0,0,0,0,0,4,28
2024440177431,2024,440177431,453232,104282,-1.24543,50.83563,2,2,1,17:15,-1,E07000087,6,0,1,0,2,19,"[4, 1]","[1, 4]",0,0,0,1,0,1,0,0,0,4,28
2024440177693,2024,440177693,465991,102066,-1.06467,50.81439,3,3,1,22:00,-1,E06000044,3,2,1,0,1,19,5,1,0,0,0,0,1,0,0,0,1,4,28
2024440177959,2024,440177959,467329,101181,-1.04584,50.80628,3,3,2,08:11,-1,E06000044,3,0,1,0,1,"[4, 19]",2,6,0,0,0,1,0,0,0,0,0,4,29
2024440178336,2024,440178336,451718,134838,-1.2626,51.11051,3,3,2,11:29,-1,E07000094,1,0,1,0,2,12,6,2,0,0,0,1,0,0,0,0,0,4,29