collision_index,collision_year,collision_ref_no,location_easting_osgr,location_northing_osgr,longitude,latitude,casualty_severity,casualty_severity,day_of_week,time,local_authority_district,local_authority_ons_district,first_road_class,light_conditions,weather_conditions,road_surface_conditions,urban_or_rural_area,vehicle_manoeuvre,vehicle_direction_from,vehicle_direction_to,hit_object_in_carriageway,vehicle_leaving_carriageway,hit_object_off_carriageway,is_car,is_cyle,is_mcyle,is_goodsv,is_other,is_pedestrian,month,day
2024440202354,2024,440202354,458336,102381,-1.17326,50.81804,3,3,3,19:31,-1,E07000088,6,0,1,1,1,"[19, 9]","[5, 7]","[1, 5]",0,0,0,1,0,0,0,0,0,5,14
2024440202829,2024,440202829,451296,154991,-1.26575,51.29175,3,3,4,07:42,-1,E07000084,4,0,1,0,2,"[19, 7]","[8, 2]",4,0,0,0,1,0,0,0,0,0,5,15
2024440202863,2024,440202863,449179,112682,-1.30186,50.91152,2,2,3,09:45,-1,E07000086,6,0,1,0,1,19,1,5,0,0,0,1,0,0,0,0,1,5,14
2024440202878,2024,440202878,466766,100703,-1.05392,50.80205,3,3,4,07:53,-1,E06000044,3,0,1,0,1,"[19, 5]","[6, 7]","[2, 3]",0,0,0,1,0,1,0,0,0,5,15
2024440202900,2024,440202900,457823,106212,-1.17994,50.85254,3,3,4,08:27,-1,E07000087,6,0,1,0,1,"[6, 19]","[7, 3]",7,0,0,0,1,1,0,0,0,0,5,15
2024440203162,2024,440203162,445743,111274,-1.3509,50.89914,3,3,4,10:55,-1,E06000045,6,0,1,0,1,"[9, 19]","[6, 4]","[4, 8]",0,0,0,1,0,1,0,0,0,5,15
2024440203283,2024,440203283,452324,113345,-1.25703,50.9172,2,"[2, 3]",4,12:12,-1,E07000094,3,0,1,0,2,19,"[1, 7]","[5, 3]",0,0,0,1,0,0,0,0,0,5,15
2024440203555,2024,440203555,444333,115009,-1.3705,50.93283,3,3,4,14:15,-1,E06000045,6,0,1,0,1,"[9, 19]","[7, 3]","[5, 7]",0,0,0,1,0,0,0,0,0,5,15
2024440203564,2024,440203564,441781,115622,-1.40674,50.93854,3,3,4,14:14,-1,E06000045,3,0,1,0,1,19,5,1,0,0,0,1,0,0,0,0,0,5,15
2024440204048,2024,440204048,471270,108249,-0.98855,50.86936,3,3,4,18:57,-1,E07000090,6,0,1,0,1,"[9, 19]","[4, 8]","[2, 4]",0,0,0,1,1,0,0,0,0,5,15
2024440204078,2024,440204078,472672,123740,-0.96554,51.00846,2,"[3, 2]",4,19:05,-1,E07000085,3,0,1,0,2,19,"[7, 4]","[4, 7]",0,0,0,1,0,0,0,0,0,5,15
2024440204132,2024,440204132,465528,107622,-1.07025,50.8644,2,2,4,21:45,-1,E07000094,6,2,1,1,2,19,5,7,0,7,4,1,0,0,0,0,0,5,15
2024440204220,2024,440204220,461768,99747,-1.12499,50.79401,3,3,4,20:32,-1,E07000088,4,0,1,0,1,"[7, 19]","[5, 3]",7,0,0,0,1,0,0,0,0,0,5,15
2024440204462,2024,440204462,464179,153583,-1.08127,51.27779,3,3,5,02:20,-1,E07000084,6,2,1,0,1,19,4,8,0,0,0,0,0,1,0,0,0,5,16
2024440204544,2024,440204544,450988,107753,-1.27682,50.86704,3,3,4,08:18,-1,E07000087,6,0,1,0,1,19,6,2,0,0,0,1,0,0,0,0,1,5,15
2024440204545,2024,440204545,461292,154136,-1.12256,51.28308,2,2,1,12:45,-1,E07000084,6,0,1,0,2,"[5, 19]","[1, 2]","[5, 6]",0,0,0,1,1,0,0,0,0,5,12
2024440204617,2024,440204617,458817,132753,-1.16154,51.09108,3,3,5,08:00,-1,E07000094,4,0,1,0,2,"[19, 5]","[5, 3]","[1, 7]",0,0,0,1,0,0,0,0,0,5,16
2024440204683,2024,440204683,441176,112270,-1.41573,50.90844,2,2,5,08:30,-1,E06000045,3,0,1,0,1,"[5, 19]","[5, 3]","[1, 7]",0,0,0,1,0,0,0,0,0,5,16
2024440205254,2024,440205254,487781,149999,-0.74385,51.24242,2,2,5,13:35,-1,E07000092,6,0,1,0,1,5,1,5,0,0,0,0,0,1,0,0,0,5,16
2024440205511,2024,440205511,473361,106024,-0.95928,50.84909,3,3,5,15:26,-1,E07000090,3,0,1,0,2,19,"[7, 3]","[3, 7]",0,0,0,1,0,0,0,0,0,5,16
2024440205619,2024,440205619,470995,107284,-0.99264,50.86072,3,3,5,16:08,-1,E07000090,6,0,1,0,1,"[19, 2]","[8, 0]","[4, 0]",0,0,0,1,0,0,0,0,0,5,16
2024440205770,2024,440205770,444730,116923,-1.36462,50.95001,3,3,5,16:15,-1,E07000086,6,0,1,0,2,"[14, 5]",5,1,0,0,0,1,0,1,0,0,0,5,16
2024440205856,2024,440205856,472803,98906,-0.96862,50.78517,3,3,5,18:40,-1,E07000090,6,0,1,0,1,"[2, 19]","[0, 5]","[0, 1]",0,0,0,1,0,0,0,1,0,5,16
2024440206402,2024,440206402,475598,123513,-0.92389,51.00605,2,2,4,17:30,-1,E07000085,6,0,1,0,1,"[19, 7]","[2, 6]","[6, 1]",0,0,0,0,1,0,0,0,0,5,15
2024440206405,2024,440206405,473125,157593,-0.95222,51.31276,3,3,5,12:15,-1,E07000089,6,0,1,0,2,19,"[2, 6]","[6, 2]",0,0,0,1,0,0,0,0,0,5,16
2024440206409,2024,440206409,443390,132851,-1.38179,51.09333,3,3,5,16:30,-1,E07000094,4,0,1,0,2,"[19, 3]",4,8,0,0,0,1,0,0,0,0,0,5,16
2024440206431,2024,440206431,462007,131670,-1.11618,51.08101,2,2,6,07:36,-1,E07000094,3,0,1,0,2,19,"[7, 5]","[3, 1]",0,0,0,1,1,0,0,0,0,5,17
2024440206503,2024,440206503,442859,111221,-1.39192,50.89888,3,3,6,08:48,-1,E06000045,3,0,1,0,1,9,3,1,0,7,1,1,0,0,0,0,0,5,17
2024440207060,2024,440207060,440306,115133,-1.42779,50.93424,2,2,6,14:15,-1,E06000045,6,0,1,0,1,"[13, 5]",2,6,0,0,0,1,0,1,0,0,0,5,17
2024440207204,2024,440207204,423203,95316,-1.67242,50.75698,3,3,6,15:07,-1,E07000091,6,0,1,0,1,"[7, 9]",4,"[6, 2]",0,0,0,1,0,1,0,0,0,5,17
2024440207392,2024,440207392,457326,102572,-1.18757,50.81986,3,3,6,16:51,-1,E07000087,4,0,1,0,2,"[19, 3]",7,3,0,0,0,1,0,0,0,0,0,5,17
2024440207456,2024,440207456,448835,133038,-1.30402,51.09458,2,2,6,17:44,-1,E07000094,6,0,1,0,2,"[2, 19]","[0, 6]","[0, 2]",0,0,0,1,1,0,0,0,0,5,17
2024440207471,2024,440207471,432802,117209,-1.53439,50.95338,3,3,6,15:43,-1,E07000091,3,0,1,0,2,"[3, 19]",3,7,0,0,0,1,0,0,0,0,0,5,17
2024440207640,2024,440207640,452902,113475,-1.24879,50.91832,2,2,6,20:47,-1,E07000094,3,2,1,0,2,"[9, 13]",3,"[1, 7]",0,0,0,0,0,1,0,1,0,5,17
2024440207761,2024,440207761,484790,151093,-0.78643,51.25271,2,"[2, 3]",6,22:15,-1,E07000092,6,2,1,0,2,19,"[7, 4]","[3, 7]",0,0,0,1,0,0,0,0,0,5,17
2024440208123,2024,440208123,416645,119861,-1.76428,50.97792,3,3,7,04:15,-1,E07000091,3,2,1,0,2,19,1,5,0,7,9,1,0,0,0,0,0,5,18
2024440208127,2024,440208127,433451,113953,-1.52544,50.92407,2,2,7,05:15,-1,E07000091,3,0,1,0,2,19,1,5,10,3,10,1,0,0,0,0,0,5,18
2024440208401,2024,440208401,448964,112595,-1.30493,50.91075,3,3,7,11:34,-1,E07000086,6,0,1,1,1,19,6,2,0,0,0,0,0,1,0,0,0,5,18
2024440208422,2024,440208422,470657,113229,-0.9963,50.91421,3,3,7,12:06,-1,E07000085,3,0,1,0,1,"[19, 9]","[5, 7]","[1, 5]",0,0,0,1,0,1,0,0,0,5,18
2024440208487,2024,440208487,442751,111193,-1.39346,50.89864,3,3,7,12:35,-1,E06000045,6,0,1,0,1,19,5,1,0,0,0,1,0,0,0,0,0,5,18
2024440208523,2024,440208523,458156,115380,-1.17376,50.93494,3,3,7,13:33,-1,E07000094,6,0,1,0,2,19,"[1, 4]","[4, 1]",0,0,0,1,0,0,0,0,0,5,18
2024440208678,2024,440208678,448124,117392,-1.31624,50.95396,3,3,7,16:00,-1,E07000086,6,0,1,0,2,"[9, 19]",6,2,0,0,0,1,0,1,0,0,0,5,18
2024440208795,2024,440208795,471237,108289,-0.98901,50.86972,3,3,7,17:23,-1,E07000090,6,0,1,0,1,"[2, 19]","[0, 8]","[0, 4]",0,0,0,1,0,0,1,0,0,5,18
2024440208836,2024,440208836,481927,151968,-0.82724,51.261,3,3,7,17:42,-1,E07000089,6,0,1,0,1,19,3,7,0,0,0,1,0,0,0,0,1,5,18
2024440209026,2024,440209026,445237,113470,-1.35783,50.91892,3,3,7,20:33,-1,E06000045,6,0,1,0,1,19,"[2, 6]","[6, 2]",0,0,0,1,0,0,0,0,0,5,18
2024440209152,2024,440209152,438261,138962,-1.45438,51.14865,3,3,7,22:20,-1,E07000093,3,2,1,0,2,19,6,8,0,3,10,1,0,0,0,0,0,5,18
2024440209331,2024,440209331,464715,106148,-1.08206,50.85124,2,2,1,01:27,-1,E06000044,6,2,1,0,1,"[7, 19]",5,"[7, 1]",0,0,0,0,1,0,1,0,0,5,19
2024440209434,2024,440209434,419080,97451,-1.73076,50.77633,3,3,1,03:16,-1,E07000091,6,2,1,0,2,19,2,6,0,1,10,1,0,0,0,0,0,5,19
2024440209535,2024,440209535,446302,89422,-1.3457,50.7026,3,3,1,07:47,-1,E06000046,3,0,1,0,2,"[9, 13]",7,"[5, 3]",0,0,0,1,0,0,0,0,0,5,19
2024440209712,2024,440209712,472601,161175,-0.959,51.34503,2,2,1,12:09,-1,E07000089,4,0,1,0,2,"[19, 3]",4,8,0,0,0,1,0,1,0,0,0,5,19
2024440209765,2024,440209765,447972,122747,-1.3177,51.00212,2,"[3, 2]",1,12:54,-1,E07000094,4,0,1,0,2,19,"[5, 1]","[1, 5]",0,0,0,1,0,0,0,0,0,5,19
2024440209837,2024,440209837,447928,81445,-1.32371,50.63074,3,3,1,13:56,-1,E06000046,4,0,1,0,2,"[3, 19]","[4, 8]","[8, 5]",0,0,0,1,1,0,0,0,0,5,19
2024440210031,2024,440210031,470825,139726,-0.98874,51.15242,3,3,7,12:30,-1,E07000085,4,0,1,0,2,"[14, 6]",8,"[4, 8]",0,0,0,1,0,1,0,0,0,5,18
2024440210155,2024,440210155,455941,133715,-1.20245,51.10002,3,3,1,17:48,-1,E07000094,6,0,1,0,2,19,"[5, 1]","[1, 5]",0,0,0,1,0,0,0,1,0,5,19
2024440210190,2024,440210190,479322,148401,-0.86536,51.2293,3,3,1,18:26,-1,E07000089,6,0,1,0,2,6,6,6,0,0,0,1,0,0,0,0,0,5,19
2024440210282,2024,440210282,442215,111808,-1.40101,50.90421,3,3,1,20:05,-1,E06000045,6,0,1,0,1,19,1,5,0,0,0,0,0,1,0,0,1,5,19
2024440210396,2024,440210396,446229,157783,-1.33805,51.31728,2,2,1,22:05,-1,E07000084,3,2,1,0,2,19,4,8,0,3,0,1,0,0,0,0,0,5,19
2024440210435,2024,440210435,469458,116058,-1.01281,50.93979,3,3,1,22:52,-1,E07000085,6,2,1,0,1,19,6,2,0,1,9,1,0,0,0,0,0,5,19
2024440210460,2024,440210460,449245,156254,-1.29499,51.30328,2,"[3, 2]",1,23:16,-1,E07000084,6,2,1,0,2,19,5,1,0,1,4,1,0,0,0,0,0,5,19
2024440210661,2024,440210661,458523,101090,-1.17082,50.80642,2,2,2,07:38,-1,E07000088,6,0,1,0,1,"[7, 19]","[3, 1]",5,0,0,0,1,1,0,0,0,0,5,20
2024440210786,2024,440210786,428038,98024,-1.60367,50.78112,2,2,2,09:16,-1,E07000091,4,0,1,0,2,"[7, 19]","[8, 6]",2,0,0,0,1,0,0,0,0,0,5,20
2024440210987,2024,440210987,414783,109232,-1.79123,50.88239,2,2,2,10:59,-1,E07000091,3,0,1,0,2,"[19, 4]",2,6,0,0,0,1,0,1,0,0,0,5,20
2024440211003,2024,440211003,443594,114074,-1.38113,50.92448,3,3,2,08:15,-1,E06000045,3,0,1,0,1,"[7, 19]",3,"[5, 7]",0,0,0,1,1,0,0,0,0,5,20
2024440211389,2024,440211389,472205,101984,-0.9765,50.81291,2,"[2, 3]",2,14:20,-1,E07000090,3,0,1,0,2,19,"[1, 5]","[5, 1]",0,0,0,1,0,0,0,0,0,5,20
2024440211421,2024,440211421,470497,108269,-0.99953,50.86963,3,3,2,14:20,-1,E07000090,6,0,1,0,1,19,5,1,0,0,0,1,0,0,0,0,1,5,20
2024440211802,2024,440211802,455116,126293,-1.21536,51.03336,2,"[2, 3]",2,18:22,-1,E07000094,6,0,1,0,2,19,"[2, 4]","[6, 8]",0,0,0,1,0,0,0,0,0,5,20
2024440211877,2024,440211877,445446,112989,-1.35491,50.91458,3,3,2,19:26,-1,E06000045,3,0,1,0,1,"[5, 19]","[1, 7]","[5, 3]",0,0,0,1,0,0,0,0,0,5,20
2024440212414,2024,440212414,485336,159845,-0.77652,51.33131,3,3,3,07:40,-1,E07000089,3,0,1,0,1,"[19, 12]",2,6,0,0,0,1,0,1,0,0,0,5,21
2024440212553,2024,440212553,466463,111319,-1.05629,50.89753,3,3,3,09:31,-1,E07000094,4,0,1,0,2,"[19, 13]","[4, 8]","[8, 4]",0,0,0,1,0,0,0,0,0,5,21
2024440212560,2024,440212560,470453,123775,-0.99716,51.00905,3,3,3,09:25,-1,E07000085,3,0,1,0,2,"[3, 19]",8,4,0,0,0,1,0,0,0,0,0,5,21
2024440213137,2024,440213137,465393,103816,-1.07284,50.83019,3,3,3,14:24,-1,E06000044,6,0,1,0,1,"[8, 19]",4,"[6, 8]",0,0,0,1,0,0,0,0,0,5,21
2024440213309,2024,440213309,471141,106800,-0.99066,50.85635,3,3,3,15:29,-1,E07000090,4,0,1,0,1,"[13, 9]",3,"[7, 1]",0,0,0,1,0,0,0,0,0,5,21
2024440213481,2024,440213481,465815,151629,-1.05818,51.26003,3,3,3,17:09,-1,E07000084,1,0,1,0,2,19,6,2,0,0,0,1,0,0,0,0,0,5,21
2024440214197,2024,440214197,461891,106916,-1.12204,50.85845,3,3,4,08:48,-1,E07000087,6,0,1,0,2,"[5, 19]","[5, 7, 1, 3]","[1, 3, 5, 7]",0,0,0,1,0,0,0,0,0,5,22
2024440214402,2024,440214402,469746,106105,-1.01061,50.85027,3,3,4,10:46,-1,E07000090,4,0,1,0,2,"[3, 19]",2,6,0,0,0,1,0,0,0,0,0,5,22
2024440214709,2024,440214709,487205,157299,-0.75032,51.30814,3,3,4,13:28,-1,E07000092,6,0,1,0,1,"[19, 13]",3,7,0,0,0,1,1,0,0,0,0,5,22
2024440214761,2024,440214761,459976,100822,-1.15024,50.80386,3,3,4,13:47,-1,E07000088,3,0,1,0,1,"[19, 2]","[4, 0]","[8, 0]",0,0,0,1,0,0,0,0,0,5,22
2024440214762,2024,440214762,476549,124562,-0.91012,51.01535,3,3,4,13:55,-1,E07000085,4,0,2,1,2,"[9, 19]","[6, 2]","[4, 6]",0,0,0,1,0,0,0,0,0,5,22
2024440214782,2024,440214782,460895,100464,-1.13726,50.80055,3,3,3,14:30,-1,E07000088,6,0,1,0,1,"[2, 19]","[0, 5]","[0, 1]",0,0,0,1,1,0,0,0,0,5,21
2024440215130,2024,440215130,464966,101681,-1.07928,50.81105,3,3,4,16:50,-1,E06000044,3,0,1,0,1,"[9, 13]",4,"[2, 8]",0,0,0,1,0,1,0,0,0,5,22
2024440215271,2024,440215271,465108,101323,-1.07733,50.80781,3,3,4,18:45,-1,E06000044,3,0,2,1,1,5,5,1,0,0,0,0,0,1,0,0,0,5,22
2024440215781,2024,440215781,452861,119120,-1.24856,50.96908,2,2,5,08:05,-1,E07000094,4,0,1,0,2,19,"[8, 4]","[4, 8]",0,0,0,1,0,0,0,0,0,5,23
2024440215835,2024,440215835,471683,105828,-0.98315,50.84754,3,3,5,08:52,-1,E07000090,3,0,1,0,1,"[3, 19]",4,8,0,0,0,1,0,0,0,0,0,5,23
2024440216078,2024,440216078,413357,113361,-1.81135,50.91956,2,2,5,11:07,-1,E07000091,6,0,1,1,2,19,"[5, 1]","[1, 5]",0,0,0,1,1,0,0,0,0,5,23
2024440216101,2024,440216101,465160,100915,-1.07667,50.80414,3,3,5,11:00,-1,E06000044,3,0,1,0,1,"[9, 3]","[5, 3]","[3, 7]",0,0,0,1,0,0,0,0,0,5,23
2024440216546,2024,440216546,442442,112203,-1.39773,50.90774,3,3,4,14:43,-1,E06000045,3,0,2,1,1,"[19, 9]","[5, 1]","[1, 7]",0,0,0,1,0,0,0,0,0,5,22
2024440216598,2024,440216598,447204,110220,-1.33027,50.88954,3,3,5,15:23,-1,E07000086,3,0,1,0,1,19,8,4,0,0,0,1,0,0,0,0,1,5,23
2024440216727,2024,440216727,455438,126004,-1.21081,51.03074,2,2,5,16:33,-1,E07000094,6,0,1,0,2,"[13, 19]",8,4,0,0,0,1,1,0,0,0,0,5,23
2024440216913,2024,440216913,465848,105825,-1.06602,50.84821,2,2,5,18:41,-1,E06000044,3,0,1,0,1,19,6,2,0,0,0,1,0,0,0,0,1,5,23
2024440217106,2024,440217106,465330,104767,-1.07357,50.83875,3,3,5,21:01,-1,E06000044,3,2,1,0,2,19,5,8,0,0,0,0,0,1,0,0,0,5,23
2024440217358,2024,440217358,457216,99700,-1.18958,50.79405,3,3,6,03:52,-1,E07000088,6,2,1,0,1,"[19, 2]","[6, 0]","[2, 0]","[4, 0]",0,0,1,0,0,0,0,0,5,24
2024440217764,2024,440217764,433150,115758,-1.52956,50.94032,3,3,6,10:43,-1,E07000091,3,0,1,0,2,19,8,0,10,1,0,0,0,1,0,0,0,5,24
2024440217816,2024,440217816,472667,108438,-0.96866,50.87089,3,3,6,11:15,-1,E07000090,6,0,1,0,1,19,3,7,0,0,0,1,0,0,0,0,1,5,24
2024440217865,2024,440217865,465004,105513,-1.07807,50.8455,3,3,6,11:55,-1,E06000044,6,0,1,0,1,"[19, 2]","[5, 0]","[1, 0]",0,0,0,1,0,0,0,0,0,5,24
2024440217990,2024,440217990,439005,119944,-1.44579,50.97759,3,3,6,12:33,-1,E07000093,6,0,1,0,2,19,"[2, 0]","[6, 0]",0,0,0,1,0,0,0,0,0,5,24
2024440218031,2024,440218031,449912,112369,-1.29148,50.90864,3,3,6,13:20,-1,E07000086,6,0,1,0,1,4,1,5,0,0,0,0,0,1,0,0,0,5,24
2024440218080,2024,440218080,449369,90220,-1.30217,50.70953,3,3,6,13:49,-1,E06000046,3,0,1,0,1,4,4,8,0,0,0,1,0,0,0,0,0,5,24
2024440218142,2024,440218142,465266,99432,-1.07543,50.79079,3,3,6,14:18,-1,E06000044,6,0,1,0,1,"[2, 19]","[0, 3]","[0, 7]",0,0,0,1,0,0,0,0,0,5,24
2024440218188,2024,440218188,469309,112775,-1.01555,50.91029,3,3,6,14:41,-1,E07000085,6,0,1,0,1,19,7,3,0,0,0,0,0,1,0,0,1,5,24
2024440218346,2024,440218346,461342,150107,-1.12253,51.24685,2,"[3, 2]",6,15:59,-1,E07000084,3,0,1,0,1,"[14, 19]","[6, 2]","[2, 6]",0,0,0,1,0,0,0,0,0,5,24
2024440218694,2024,440218694,464700,152079,-1.07407,51.26421,3,3,6,19:15,-1,E07000084,6,0,1,0,1,19,3,7,0,0,0,1,0,0,0,0,1,5,24
2024440218783,2024,440218783,456139,116016,-1.20236,50.94086,2,2,6,21:09,-1,E07000094,4,2,1,0,2,"[13, 14]",1,5,0,0,0,1,0,1,0,0,0,5,24
2024440218819,2024,440218819,486527,157891,-0.7599,51.31356,3,3,6,21:00,-1,E07000092,6,2,1,0,1,"[2, 19]","[0, 4]","[0, 8]","[0, 4]",0,0,1,0,0,0,0,0,5,24
2024440218967,2024,440218967,468087,106297,-1.03414,50.85219,3,3,6,23:50,-1,E06000044,4,2,1,0,2,"[6, 19]",7,"[7, 3]",0,0,0,1,0,0,0,0,0,5,24
2024440219236,2024,440219236,458813,132771,-1.16159,51.09124,2,2,7,08:08,-1,E07000094,4,0,1,0,2,"[14, 13]",5,1,0,0,0,1,1,0,0,0,0,5,25
2024440219303,2024,440219303,432700,135307,-1.53421,51.11613,2,2,7,09:21,-1,E07000093,3,0,1,0,2,19,"[6, 3]","[2, 7]",0,0,0,1,0,0,0,0,0,5,25
2024440219417,2024,440219417,459299,92582,-1.16117,50.72984,2,2,7,11:00,-1,E06000046,3,0,1,0,1,"[2, 9, 8, 19]","[0, 1, 5, 3]","[0, 7]",0,0,0,1,0,0,0,0,1,5,25
2024440219459,2024,440219459,465878,99681,-1.0667,50.79296,3,3,7,11:51,-1,E06000044,6,0,1,0,1,19,3,7,0,0,0,0,0,1,0,0,0,5,25
2024440219534,2024,440219534,465112,101361,-1.07727,50.80815,3,3,7,10:40,-1,E06000044,3,0,1,0,1,"[3, 19]",1,5,0,0,0,1,0,0,0,0,0,5,25
2024440219537,2024,440219537,432015,98451,-1.54723,50.78475,2,2,7,12:05,-1,E07000091,6,0,1,0,2,19,3,7,0,0,0,0,1,0,0,0,0,5,25
2024440219577,2024,440219577,465471,100827,-1.07227,50.80331,3,3,7,13:00,-1,E06000044,6,0,1,0,1,19,7,3,0,0,0,0,0,0,0,0,1,5,25
2024440219580,2024,440219580,456421,77867,-1.20418,50.59781,2,2,7,13:32,-1,E06000046,4,0,1,0,2,"[19, 9]","[7, 5]",3,0,0,0,1,0,1,0,0,0,5,25
2024440219592,2024,440219592,454220,106269,-1.23111,50.8534,2,2,7,13:38,-1,E07000087,6,0,1,0,1,19,2,6,0,0,0,1,0,0,0,0,1,5,25
2024440219722,2024,440219722,474650,125363,-0.93702,51.0228,2,2,7,14:56,-1,E07000085,6,0,1,0,2,19,6,2,0,0,0,0,1,0,0,0,0,5,25
2024440219723,2024,440219723,432043,134164,-1.5437,51.10588,2,2,7,14:55,-1,E07000093,6,0,1,0,2,19,6,2,0,0,0,0,0,1,0,0,0,5,25
2024440219920,2024,440219920,488133,151785,-0.73837,51.25843,2,2,7,17:13,-1,E07000092,6,0,1,0,2,"[19, 7]","[6, 8]",2,0,0,0,1,0,1,0,0,0,5,25
2024440219965,2024,440219965,486300,151441,-0.76471,51.25561,2,2,7,17:54,-1,E07000092,6,0,1,0,1,"[9, 19]","[4, 6]",2,0,0,0,1,0,0,1,0,0,5,25
2024440220045,2024,440220045,445974,161177,-1.34127,51.34782,3,3,7,19:08,-1,E07000084,3,0,1,0,2,19,5,1,10,0,0,0,0,1,0,0,0,5,25
2024440220047,2024,440220047,464328,153513,-1.07915,51.27714,3,3,7,19:08,-1,E07000084,6,0,1,0,1,"[19, 8]",6,2,0,0,0,1,0,0,0,0,0,5,25
2024440220176,2024,440220176,470499,108365,-0.99948,50.8705,3,3,7,21:29,-1,E07000090,6,2,1,0,1,19,1,5,0,1,2,1,0,0,0,0,0,5,25
2024440220219,2024,440220219,455727,77648,-1.21402,50.59591,3,3,7,14:00,-1,E06000046,4,0,1,0,2,"[3, 19]",6,2,0,0,0,1,0,0,0,0,0,5,25
2024440220602,2024,440220602,444031,101988,-1.37636,50.81577,2,2,7,10:00,-1,E07000091,6,0,1,0,2,"[9, 19]","[4, 2]","[2, 6]",0,0,0,1,1,0,0,0,0,5,25
2024440221034,2024,440221034,465227,152015,-1.06653,51.26357,3,3,1,14:52,-1,E07000084,3,0,2,1,2,19,"[6, 8]","[2, 4]",0,"[3, 0]","[1, 0]",1,0,0,0,0,0,5,26
2024440221080,2024,440221080,437573,113687,-1.46683,50.92142,2,2,1,15:25,-1,E06000045,3,0,1,0,1,19,8,4,0,0,0,0,0,1,0,0,0,5,26
2024440221478,2024,440221478,476738,156728,-0.90057,51.30451,3,3,1,21:38,-1,E07000089,3,2,1,0,2,"[5, 19]","[6, 5]","[2, 1]",0,0,0,1,0,0,0,0,0,5,26
2024440221635,2024,440221635,483262,132560,-0.8126,51.08632,3,3,1,23:31,-1,E07000085,4,2,1,0,2,19,8,3,0,1,4,1,0,0,0,0,0,5,26
2024440221642,2024,440221642,445981,134776,-1.34455,51.11044,3,3,2,00:28,-1,E07000094,3,2,1,0,2,19,5,1,0,1,4,1,0,0,0,0,0,5,27
2024440221878,2024,440221878,442205,111270,-1.40121,50.89937,3,3,2,08:05,-1,E06000045,6,0,1,0,1,19,"[1, 3]","[5, 7]",0,0,0,1,0,0,0,0,0,5,27
2024440221990,2024,440221990,462869,111793,-1.10731,50.9022,3,3,2,10:54,-1,E07000094,6,0,1,0,2,"[8, 19]",3,7,0,0,0,1,0,0,0,0,0,5,27
2024440222007,2024,440222007,442860,119086,-1.39098,50.9696,3,3,2,11:15,-1,E07000086,6,0,1,0,1,"[4, 19]",3,7,0,0,0,1,0,0,0,0,0,5,27
2024440222015,2024,440222015,436053,145993,-1.48524,51.21201,3,3,2,11:21,-1,E07000093,3,0,2,1,2,"[19, 3]",8,4,0,0,0,1,0,0,0,0,0,5,27
2024440222109,2024,440222109,421349,95977,-1.69867,50.76299,2,"[3, 2]",4,18:11,-1,E07000091,3,0,1,0,2,"[19, 10]",6,"[2, 4]",0,0,0,1,0,0,0,0,0,5,15
2024440222122,2024,440222122,457807,116294,-1.17858,50.9432,3,3,2,13:15,-1,E07000094,6,0,1,0,2,19,4,8,0,0,0,1,0,0,0,0,1,5,27
2024440222157,2024,440222157,443440,113933,-1.38333,50.92323,3,3,2,10:00,-1,E06000045,6,0,1,0,1,"[2, 19]","[0, 2]","[0, 6]",0,0,0,1,1,0,0,0,0,5,27
2024440222229,2024,440222229,487088,153496,-0.75293,51.27397,2,"[3, 2]",2,15:12,-1,E07000092,3,0,1,1,1,19,"[7, 3]","[3, 7]",0,0,0,1,0,0,0,0,0,5,27
2024440222389,2024,440222389,474347,107217,-0.94504,50.85969,3,3,2,17:00,-1,E07000090,4,0,1,0,2,19,"[8, 2]","[4, 6]",0,0,0,1,1,0,0,0,0,5,27
2024440222565,2024,440222565,458896,91778,-1.16701,50.72265,3,3,2,19:52,-1,E06000046,6,0,1,0,1,19,"[2, 7]","[6, 4]",0,0,0,1,0,0,0,0,0,5,27
2024440223059,2024,440223059,444606,118872,-1.36614,50.96755,3,3,5,10:30,-1,E07000086,6,0,1,0,1,"[19, 3]",5,1,0,0,0,1,0,1,0,0,0,5,23
2024440223212,2024,440223212,414992,97837,-1.78872,50.77992,3,3,1,13:25,-1,E07000091,4,0,1,0,2,"[19, 3]",2,6,0,0,0,1,0,0,0,0,0,5,26
2024440223280,2024,440223280,466685,105623,-1.05417,50.84629,2,2,1,19:00,-1,E06000044,6,0,1,0,1,"[9, 19]","[3, 7]","[1, 3]",0,0,0,1,1,0,0,0,0,5,26
2024440223503,2024,440223503,471344,138845,-0.98149,51.14443,3,3,3,12:40,-1,E07000085,6,0,1,0,1,"[2, 19]","[0, 6]","[0, 2]",0,"[1, 0]","[11, 0]",1,0,0,0,0,0,5,28
2024440223628,2024,440223628,464281,105547,-1.08833,50.84588,3,3,3,12:56,-1,E06000044,1,0,1,0,2,"[19, 3]",6,2,0,0,0,1,0,0,0,0,0,5,28
2024440223995,2024,440223995,471794,106268,-0.98149,50.85148,2,2,3,16:41,-1,E07000090,6,0,1,1,1,19,3,1,0,0,0,1,0,0,0,0,1,5,28
2024440224133,2024,440224133,458596,100755,-1.16983,50.8034,3,3,3,07:50,-1,E07000088,6,0,2,1,1,"[19, 9]","[1, 3]","[5, 1]",0,0,0,1,0,1,0,0,0,5,28
2024440224231,2024,440224231,464277,102194,-1.08897,50.81574,3,3,3,19:51,-1,E06000044,1,0,1,0,1,"[19, 4]",4,8,0,0,0,1,0,0,0,0,0,5,28