collision_index,collision_year,collision_ref_no,location_easting_osgr,location_northing_osgr,longitude,latitude,casualty_severity,casualty_severity,day_of_week,time,local_authority_district,local_authority_ons_district,first_road_class,light_conditions,weather_conditions,road_surface_conditions,urban_or_rural_area,vehicle_manoeuvre,vehicle_direction_from,vehicle_direction_to,hit_object_in_carriageway,vehicle_leaving_carriageway,hit_object_off_carriageway,is_car,is_cyle,is_mcyle,is_goodsv,is_other,is_pedestrian,month,day
2024440224369,2024,440224369,465867,98971,-1.06698,50.78658,3,3,3,22:26,-1,E06000044,4,2,1,1,1,"[2, 14]","[0, 6]","[0, 2]","[0, 8]",0,0,1,1,0,0,0,0,5,28
2024440224610,2024,440224610,486384,151582,-0.76348,51.25687,3,3,3,09:35,-1,E07000092,6,0,1,0,1,"[5, 19]","[4, 2]","[8, 6]",0,0,0,1,1,0,0,0,0,5,21
2024440224925,2024,440224925,436281,113346,-1.48524,50.91844,3,3,4,10:54,-1,E07000091,3,0,1,0,1,"[19, 7]","[4, 5]",8,0,"[1, 0]",0,1,0,0,0,0,0,5,29
2024440224936,2024,440224936,469285,111384,-1.01616,50.89779,1,1,4,10:50,-1,E07000090,3,0,1,0,1,19,1,5,0,0,0,1,0,0,0,0,1,5,29
2024440225061,2024,440225061,438174,153080,-1.45412,51.27559,3,3,4,12:09,-1,E07000093,3,0,1,0,2,"[3, 19]","[6, 2]","[2, 6]",0,0,0,1,0,0,0,0,0,5,29
2024440225169,2024,440225169,423653,94223,-1.66611,50.74713,2,2,4,13:13,-1,E07000091,3,0,1,0,1,19,2,6,0,0,0,1,0,0,0,0,1,5,29
2024440225617,2024,440225617,445687,113781,-1.35139,50.92169,3,3,4,16:46,-1,E06000045,6,0,1,0,1,19,"[5, 3]","[1, 7]",0,0,0,1,1,0,0,0,0,5,29
2024440225636,2024,440225636,432193,94853,-1.54501,50.75239,3,3,4,14:45,-1,E07000091,6,0,1,0,1,"[1, 19]","[3, 5]","[7, 1]",0,0,0,1,0,0,0,0,0,5,22
2024440225672,2024,440225672,463946,99939,-1.09406,50.7955,3,3,4,17:33,-1,E06000044,3,0,1,0,1,19,3,6,0,0,0,0,1,0,0,0,0,5,29
2024440225692,2024,440225692,480969,142790,-0.84304,51.17862,3,3,4,17:50,-1,E07000085,3,0,1,0,2,"[7, 19]",6,2,0,0,0,1,0,0,0,0,0,5,29
2024440226092,2024,440226092,464028,100671,-1.09277,50.80207,3,3,5,00:43,-1,E06000044,3,2,1,0,1,"[19, 13]",2,6,0,0,0,1,0,0,0,0,0,5,30
2024440226440,2024,440226440,468432,109721,-1.0286,50.88294,3,3,5,09:50,-1,E07000090,3,0,2,1,1,"[13, 9]",2,"[6, 8]",0,0,0,1,1,0,0,0,0,5,30
2024440226613,2024,440226613,472886,106949,-0.96585,50.85747,3,3,5,11:28,-1,E07000090,6,0,1,1,1,"[19, 9]","[2, 8]",6,0,0,0,1,0,0,0,0,0,5,30
2024440226631,2024,440226631,450943,107405,-1.2775,50.86392,3,3,5,11:37,-1,E07000087,6,0,1,0,1,"[9, 19]","[4, 6, 2]","[2, 6]",0,0,0,1,0,0,0,0,0,5,30
2024440227215,2024,440227215,457382,101603,-1.18693,50.81114,2,2,5,17:00,-1,E07000088,6,0,1,0,2,19,"[7, 1]","[1, 7]",0,0,0,1,0,1,0,0,0,5,30
2024440227448,2024,440227448,418326,109366,-1.74086,50.8835,2,2,5,20:43,-1,E07000091,6,0,1,0,2,19,6,3,12,0,0,0,1,0,0,0,0,5,30
2024440227495,2024,440227495,459340,107138,-1.15824,50.86072,3,3,5,21:22,-1,E07000087,1,2,1,0,2,"[3, 19]",7,3,0,0,0,1,0,0,0,0,0,5,30
2024440228399,2024,440228399,443625,103897,-1.3819,50.83297,3,3,6,13:56,-1,E07000091,3,0,1,0,1,"[10, 19]",8,"[6, 4]",0,0,0,1,0,0,0,0,0,5,31
2024440228420,2024,440228420,447106,126190,-1.3296,51.03315,2,2,6,14:08,-1,E07000094,6,0,1,0,2,"[19, 4]",2,6,0,0,0,1,0,1,0,0,0,5,31
2024440228787,2024,440228787,461306,151946,-1.12273,51.26338,2,"[2, 3]",6,17:15,-1,E07000084,4,0,1,0,1,"[6, 19]",2,"[2, 6]",0,0,0,1,0,0,0,0,0,5,31
2024440228796,2024,440228796,470956,138313,-0.98714,51.1397,3,3,6,17:35,-1,E07000085,6,0,1,0,1,19,2,6,0,0,0,0,0,1,0,0,0,5,31
2024440229278,2024,440229278,464004,100024,-1.09322,50.79625,3,3,7,00:25,-1,E06000044,6,2,1,0,1,19,6,1,0,0,0,1,0,0,0,0,1,6,1
2024440229303,2024,440229303,454295,144320,-1.22436,51.19553,3,3,7,00:56,-1,E07000084,3,2,1,0,2,19,6,2,0,1,11,1,0,0,0,0,0,6,1
2024440229657,2024,440229657,457506,132271,-1.18033,51.08688,3,3,7,10:35,-1,E07000094,4,0,1,0,2,"[9, 19]","[8, 2]",6,0,0,0,1,0,0,0,0,0,6,1
2024440229697,2024,440229697,463957,98811,-1.0941,50.78535,3,3,7,11:20,-1,E06000044,3,0,1,0,1,"[7, 9]","[8, 4]",2,0,0,0,1,0,0,0,0,0,6,1
2024440229767,2024,440229767,487132,150058,-0.75313,51.24305,3,3,7,13:04,-1,E07000092,6,0,1,0,1,19,6,2,0,0,0,1,0,0,0,0,1,6,1
2024440229894,2024,440229894,474716,151828,-0.9306,51.26073,3,3,7,14:59,-1,E07000089,3,0,1,0,2,"[19, 9]","[8, 2]","[4, 8]",0,0,0,1,0,0,0,0,0,6,1
2024440229903,2024,440229903,480638,154607,-0.84512,51.2849,2,2,7,15:02,-1,E07000089,6,0,1,0,1,"[19, 5]","[4, 6]","[8, 2]",0,0,0,1,1,0,0,0,0,6,1
2024440230165,2024,440230165,475406,122595,-0.92682,50.99782,3,3,7,18:44,-1,E07000085,4,0,1,0,2,"[6, 19]","[4, 8]",4,0,0,0,1,0,0,0,0,0,6,1
2024440230310,2024,440230310,437667,113626,-1.4655,50.92087,3,3,7,20:55,-1,E06000045,3,0,1,0,1,19,4,8,0,5,6,1,0,0,0,0,0,6,1
2024440230578,2024,440230578,446232,157772,-1.33801,51.31719,2,2,1,01:19,-1,E07000084,3,2,1,0,2,19,4,8,0,3,1,1,0,0,0,0,0,6,2
2024440230758,2024,440230758,441102,105852,-1.4175,50.85073,3,3,1,06:51,-1,E07000091,6,0,1,0,2,"[13, 19]",2,"[4, 6]",0,0,0,1,1,0,0,0,0,6,2
2024440231041,2024,440231041,473232,157486,-0.9507,51.31179,3,3,1,14:11,-1,E07000089,4,0,1,0,2,"[9, 19]","[3, 1]","[1, 5]",0,0,0,1,0,1,0,0,0,6,2
2024440231044,2024,440231044,460466,147840,-1.13546,51.22656,3,3,1,14:11,-1,E07000084,6,0,1,0,1,"[5, 19]","[3, 1]","[7, 5]",0,0,0,1,0,0,0,0,0,6,2
2024440231178,2024,440231178,452210,114274,-1.25852,50.92557,2,2,1,16:14,-1,E07000094,6,0,1,0,2,19,7,4,0,0,0,0,0,1,0,0,0,6,2
2024440231328,2024,440231328,466327,106437,-1.05911,50.85365,3,3,1,18:28,-1,E06000044,4,0,1,0,2,"[19, 10, 4]",7,"[3, 5]",0,0,0,1,0,0,0,0,0,6,2
2024440231362,2024,440231362,465079,98247,-1.07829,50.78016,3,3,1,19:04,-1,E06000044,6,0,1,0,1,19,4,8,0,0,0,1,0,0,0,0,1,6,2
2024440231624,2024,440231624,442941,112364,-1.39062,50.90915,2,2,1,22:59,-1,E06000045,3,2,1,0,1,9,4,2,0,0,0,0,0,0,0,0,1,6,2
2024440231890,2024,440231890,434319,110850,-1.51339,50.89612,3,3,2,07:45,-1,E07000091,3,0,1,0,1,19,2,6,0,1,2,1,0,0,0,0,0,6,3
2024440232246,2024,440232246,463335,153777,-1.09333,51.27962,3,3,7,09:20,-1,E07000084,6,0,1,0,1,"[1, 3, 19]","[3, 7]","[7, 3]",0,0,0,1,0,1,0,0,0,6,1
2024440232506,2024,440232506,433528,118583,-1.52392,50.9657,3,3,2,14:00,-1,E07000093,3,0,1,0,2,"[13, 9]",6,"[2, 4]",0,4,0,1,0,0,0,0,0,6,3
2024440232683,2024,440232683,448876,109431,-1.3066,50.88231,3,3,2,15:31,-1,E07000086,6,0,1,0,1,"[7, 19]","[1, 3]","[3, 7]",0,0,0,1,1,0,0,0,0,6,3
2024440232808,2024,440232808,444075,111162,-1.37464,50.89826,3,3,2,16:30,-1,E06000045,6,0,1,0,1,"[1, 3]","[1, 5]","[5, 1]",0,0,0,1,0,1,0,0,0,6,3
2024440233075,2024,440233075,463549,105675,-1.0987,50.84711,3,3,2,20:20,-1,E06000044,3,0,1,0,1,"[11, 19, 3]",3,7,0,0,0,1,0,0,0,0,0,6,3
2024440233398,2024,440233398,429535,100663,-1.58223,50.80478,2,2,2,13:30,-1,E07000091,4,0,1,0,2,"[3, 19]",5,1,0,0,0,1,0,0,0,0,0,6,3
2024440233554,2024,440233554,448992,113937,-1.30435,50.92282,3,3,2,17:30,-1,E07000086,4,0,1,0,1,"[3, 19]",8,4,0,0,0,1,0,1,0,0,0,6,3
2024440234019,2024,440234019,482546,161432,-0.81619,51.34599,3,3,3,13:01,-1,E07000089,6,0,1,0,2,19,2,5,0,1,4,1,0,0,0,0,0,6,4
2024440234027,2024,440234027,487050,149285,-0.75449,51.23612,3,3,3,13:04,-1,E07000092,4,0,1,0,1,19,6,2,0,0,0,1,0,0,0,0,0,6,4
2024440234090,2024,440234090,443339,113133,-1.38487,50.91604,3,3,3,13:37,-1,E06000045,3,0,1,0,1,"[3, 19]",6,2,0,0,0,1,0,0,0,0,0,6,4
2024440234510,2024,440234510,465047,102726,-1.07795,50.82043,3,3,3,17:25,-1,E06000044,6,0,1,0,1,"[2, 19]","[0, 3]","[0, 7]",0,0,0,1,0,0,0,0,0,6,4
2024440235107,2024,440235107,462038,153353,-1.112,51.27595,3,3,3,07:30,-1,E07000084,3,0,1,0,1,19,7,"[3, 5]",0,0,0,1,0,0,0,0,0,6,4
2024440235174,2024,440235174,461179,158442,-1.12344,51.3218,3,3,4,08:11,-1,E07000084,3,0,1,0,2,"[9, 14]","[7, 4]","[4, 8]",0,0,0,1,0,1,0,0,0,6,5
2024440235358,2024,440235358,430879,146130,-1.5593,51.21354,3,3,4,10:10,-1,E07000093,3,0,1,0,2,7,7,1,0,3,1,1,0,0,0,0,0,6,5
2024440235378,2024,440235378,454640,91979,-1.22727,50.72487,3,3,4,10:28,-1,E06000046,3,0,1,0,2,"[19, 9]","[3, 5]","[7, 3]",0,0,0,1,0,0,0,0,0,6,5
2024440235739,2024,440235739,480849,154196,-0.84219,51.28118,3,3,4,13:33,-1,E07000089,3,0,1,0,1,7,8,2,0,0,0,1,0,0,0,0,1,6,5
2024440235851,2024,440235851,478403,150297,-0.8781,51.24647,2,2,4,13:40,-1,E07000089,3,0,1,0,2,"[3, 19]",7,3,0,0,0,1,0,0,1,0,0,6,5
2024440236229,2024,440236229,434128,144234,-1.51297,51.19631,3,3,4,17:30,-1,E07000093,3,0,1,0,2,19,1,0,0,7,1,1,0,0,0,0,0,6,5
2024440236312,2024,440236312,447158,111260,-1.33079,50.8989,3,3,4,18:35,-1,E06000045,4,0,1,0,1,"[19, 9]","[2, 5]","[6, 2]",0,0,0,1,0,1,0,0,0,6,5
2024440236393,2024,440236393,463735,99175,-1.09719,50.78865,3,3,4,19:46,-1,E06000044,3,0,1,0,1,19,2,6,0,0,0,1,0,0,0,0,1,6,5
2024440236459,2024,440236459,444431,161516,-1.36338,51.35099,3,3,4,20:30,-1,E07000084,6,0,1,0,2,"[19, 9]","[4, 8]","[8, 6]",0,0,0,1,0,0,0,0,0,6,5
2024440236539,2024,440236539,470935,108432,-0.99327,50.87105,2,2,4,18:20,-1,E07000090,6,0,1,0,1,9,"[3, 1]","[1, 7]",0,0,0,1,1,0,0,0,0,6,5
2024440236559,2024,440236559,442949,114367,-1.39027,50.92716,3,3,4,18:00,-1,E06000045,6,0,1,0,1,5,6,2,0,0,0,1,0,0,0,0,1,6,5
2024440236655,2024,440236655,442826,114286,-1.39203,50.92645,3,3,4,22:30,-1,E06000045,6,2,1,0,1,19,6,2,0,0,0,0,0,0,0,0,1,6,5
2024440236847,2024,440236847,429486,145632,-1.57928,51.20914,1,"[1, 3]",5,07:20,-1,E07000093,3,0,1,0,2,19,6,2,0,3,1,1,0,0,0,0,0,6,6
2024440236999,2024,440236999,426629,106185,-1.62307,50.85457,3,3,4,15:00,-1,E07000091,3,0,1,0,2,"[19, 3, 10]","[6, 8]","[2, 4]",0,0,0,1,1,0,0,0,0,6,5
2024440237047,2024,440237047,436365,147490,-1.48062,51.22545,3,3,5,08:40,-1,E07000093,6,0,1,0,1,"[4, 19]",1,5,0,0,0,1,1,0,0,0,0,6,6
2024440237524,2024,440237524,468835,105204,-1.02372,50.84228,3,3,5,13:02,-1,E06000044,3,0,1,0,2,"[19, 4]",6,2,0,0,0,1,0,0,0,0,0,6,6
2024440237667,2024,440237667,486839,153489,-0.7565,51.27394,2,2,5,15:33,-1,E07000092,3,0,1,0,2,"[3, 19]",1,5,0,0,0,1,0,1,0,0,0,6,6
2024440237721,2024,440237721,424411,108150,-1.65444,50.87234,3,3,1,22:10,-1,E07000091,6,2,2,1,2,19,5,1,0,1,4,1,0,0,0,0,0,12,15
2024440237829,2024,440237829,430883,98736,-1.56326,50.78738,3,3,5,16:52,-1,E07000091,3,0,1,0,2,"[19, 5]","[8, 2]","[4, 6]",0,"[7, 0]","[9, 0]",1,0,0,0,0,0,6,6
2024440238576,2024,440238576,461998,153271,-1.11259,51.27522,2,2,6,08:13,-1,E07000084,3,0,1,0,1,"[19, 5]","[3, 5]","[7, 1]",0,0,0,1,0,1,0,0,0,6,7
2024440238702,2024,440238702,460459,160956,-1.13335,51.34448,2,2,6,09:40,-1,E07000084,3,0,1,0,1,"[10, 19]",4,"[2, 8]",0,0,0,1,0,1,0,0,0,6,7
2024440238769,2024,440238769,462502,153054,-1.1054,51.27322,3,3,6,10:28,-1,E07000084,6,0,1,0,1,"[4, 19]",2,6,0,0,0,1,0,0,0,0,0,6,7
2024440238899,2024,440238899,455940,78200,-1.21093,50.60085,3,3,6,11:36,-1,E06000046,6,0,1,0,2,"[13, 19]",5,1,0,0,0,1,1,0,0,0,0,6,7
2024440238960,2024,440238960,464894,154221,-1.07091,51.28344,3,3,6,12:14,-1,E07000084,3,0,1,0,1,19,"[5, 3]","[1, 7]",0,0,0,1,0,0,0,0,0,6,7
2024440239200,2024,440239200,432723,117224,-1.53551,50.95352,3,3,6,14:10,-1,E07000091,3,0,1,0,2,"[3, 19]",5,1,0,0,0,1,0,0,0,0,0,6,7
2024440239218,2024,440239218,461316,100289,-1.13132,50.79893,3,3,6,14:27,-1,E07000088,3,0,1,0,1,"[3, 19]",4,8,0,0,0,1,0,0,0,0,0,6,7
2024440239580,2024,440239580,460336,99540,-1.14534,50.7923,2,2,2,09:28,-1,E07000088,4,0,1,0,1,19,7,3,0,2,4,1,0,0,0,0,0,12,16
2024440239676,2024,440239676,464353,106235,-1.08719,50.85206,3,3,6,18:20,-1,E06000044,6,0,1,0,1,"[13, 19]",5,1,0,0,0,1,0,0,0,0,0,6,7
2024440239768,2024,440239768,438841,109544,-1.44923,50.88409,3,3,6,19:42,-1,E07000091,3,0,1,0,2,"[13, 19]","[4, 8]","[8, 4]",0,0,0,1,0,1,0,0,0,6,7
2024440240196,2024,440240196,429132,93876,-1.58848,50.74376,3,3,7,01:45,-1,E07000091,3,2,1,0,2,19,2,6,7,7,9,1,0,0,0,0,0,6,8
2024440240297,2024,440240297,442448,113528,-1.39749,50.91966,3,3,7,03:18,-1,E06000045,6,2,1,0,1,19,"[2, 6]","[6, 2]",0,0,0,1,0,0,0,0,0,6,8
2024440240424,2024,440240424,450242,132399,-1.28402,51.08871,2,2,7,09:00,-1,E07000094,1,0,1,0,2,19,2,6,0,5,7,1,0,0,0,0,0,6,8
2024440240498,2024,440240498,436810,97875,-1.47927,50.77929,2,2,7,10:35,-1,E07000091,6,0,1,0,2,19,5,1,0,0,0,0,1,0,0,0,0,6,8
2024440240519,2024,440240519,431882,122764,-1.547,51.00339,3,3,7,10:49,-1,E07000093,6,0,1,0,2,19,5,1,0,0,0,0,1,0,0,0,0,6,8
2024440240538,2024,440240538,456812,87475,-1.19719,50.68417,1,"[1, 2, 3]",7,11:20,-1,E06000046,6,0,1,0,2,19,"[2, 6]","[6, 2]",0,0,0,1,0,0,0,0,0,6,8
2024440240791,2024,440240791,428177,98103,-1.60169,50.78182,3,3,7,10:20,-1,E07000091,4,0,1,1,2,"[4, 19]",6,2,0,0,0,1,1,0,0,0,0,6,8
2024440240946,2024,440240946,406852,117137,-1.90382,50.95362,3,3,7,11:05,-1,E07000091,6,0,1,0,2,"[19, 4]","[2, 6]","[6, 2]",0,0,0,1,1,0,0,0,0,6,8
2024440241073,2024,440241073,468210,104648,-1.0327,50.83735,3,3,7,18:37,-1,E06000044,3,0,1,0,2,"[3, 19]",6,2,0,0,0,1,0,0,0,0,0,6,8
2024440241076,2024,440241076,440700,151678,-1.41807,51.26281,3,3,7,18:31,-1,E07000084,6,0,1,0,2,"[19, 3]","[7, 4]","[4, 7]",0,0,0,1,0,0,0,0,0,6,8
2024440241121,2024,440241121,465683,101995,-1.06905,50.81379,3,3,7,19:19,-1,E06000044,6,0,1,0,1,19,1,5,0,0,0,1,0,0,0,0,1,6,8
2024440241286,2024,440241286,484848,160037,-0.78348,51.33311,2,2,7,21:00,-1,E07000089,6,0,1,0,1,"[19, 13]",8,4,0,0,0,1,1,0,0,0,0,6,8
2024440241820,2024,440241820,424611,94425,-1.65252,50.74891,2,2,1,09:37,-1,E07000091,4,0,1,0,1,"[9, 19]","[4, 8]","[2, 4]",0,0,0,1,0,1,0,0,0,6,9
2024440241872,2024,440241872,438137,112995,-1.45888,50.91516,3,3,1,09:50,-1,E06000045,6,0,1,0,1,19,2,6,7,0,0,0,0,1,0,0,0,6,9
2024440241997,2024,440241997,458540,113083,-1.16866,50.91425,2,2,1,12:38,-1,E07000094,3,0,1,0,2,4,6,2,0,0,0,0,0,1,0,0,0,6,9
2024440242112,2024,440242112,466106,99818,-1.06344,50.79417,3,3,1,13:58,-1,E06000044,3,0,1,0,1,"[14, 9]","[8, 2]","[4, 8]",0,0,0,1,0,1,0,0,0,6,9
2024440242113,2024,440242113,466218,142187,-1.05414,51.1751,2,2,1,14:03,-1,E07000085,3,0,1,0,2,19,8,3,0,7,4,0,0,1,0,0,0,6,9
2024440242200,2024,440242200,433692,110454,-1.52234,50.89259,2,2,1,14:59,-1,E07000091,3,0,1,0,1,"[9, 19]","[8, 6]","[6, 2]",0,0,0,1,1,0,0,0,0,6,9
2024440242280,2024,440242280,448805,119542,-1.30626,50.97323,3,3,1,15:46,-1,E07000086,6,0,1,0,2,19,"[2, 3]","[6, 7]",0,0,0,1,0,0,0,1,0,6,9
2024440242497,2024,440242497,433945,88187,-1.52079,50.69235,3,3,1,18:00,-1,E06000046,6,0,1,0,2,19,"[2, 7]","[6, 2]",0,0,0,1,1,0,0,0,0,6,9
2024440242636,2024,440242636,444674,114312,-1.36573,50.92654,3,3,1,21:22,-1,E06000045,6,2,1,0,1,"[2, 19]","[0, 1, 7]","[0, 5, 3]",0,0,0,1,0,0,0,0,0,6,9
2024440242871,2024,440242871,458827,82808,-1.16941,50.642,2,2,2,03:32,-1,E06000046,3,2,2,1,1,19,5,1,0,7,11,0,0,1,0,0,0,6,10
2024440242903,2024,440242903,449175,91760,-1.30471,50.72339,2,2,5,07:45,-1,E06000046,3,0,1,0,1,19,1,5,0,0,0,0,1,0,0,0,0,6,6
2024440242940,2024,440242940,473113,157203,-0.95247,51.30926,3,3,2,07:54,-1,E07000089,4,0,1,0,2,"[19, 3]","[6, 2]","[2, 6]",0,0,0,1,0,0,0,0,0,6,10
2024440243065,2024,440243065,453960,91850,-1.23692,50.72378,3,3,2,09:19,-1,E06000046,6,0,1,0,2,"[19, 9]","[2, 4]","[6, 2]",0,0,0,1,0,0,0,0,0,6,10
2024440243385,2024,440243385,475601,125214,-0.92349,51.02134,3,3,2,12:19,-1,E07000085,3,0,1,0,2,19,6,2,0,0,0,1,0,0,0,0,0,6,10
2024440243575,2024,440243575,463500,98927,-1.10056,50.78645,3,3,1,19:30,-1,E06000044,6,0,1,0,2,1,4,8,0,0,0,1,0,0,0,0,1,6,9
2024440243772,2024,440243772,485791,151527,-0.77199,51.25646,2,2,2,15:39,-1,E07000092,3,0,1,0,2,19,2,6,0,0,0,1,0,0,0,0,1,6,10
2024440243912,2024,440243912,487728,153183,-0.74383,51.27106,3,3,2,17:03,-1,E07000092,6,0,1,0,1,"[3, 7]","[8, 2]",4,0,0,0,1,0,0,0,0,0,6,10
2024440243967,2024,440243967,469166,111037,-1.01792,50.89468,2,2,2,17:42,-1,E07000090,3,0,1,0,1,19,2,6,0,0,0,0,0,1,0,0,0,6,10
2024440244008,2024,440244008,466137,154836,-1.05297,51.28883,3,3,2,18:19,-1,E07000084,3,0,1,0,1,"[3, 19]",2,6,0,0,0,1,0,0,0,0,0,6,10
2024440244613,2024,440244613,432723,117219,-1.53551,50.95348,3,3,3,08:36,-1,E07000091,3,0,1,0,2,3,5,8,0,0,0,1,0,0,0,0,0,6,11
2024440244740,2024,440244740,449577,130468,-1.29378,51.07141,3,3,3,09:46,-1,E07000094,3,0,1,0,2,4,6,8,0,0,0,1,0,0,1,0,0,6,11
2024440244761,2024,440244761,442041,113381,-1.4033,50.91837,2,2,3,10:00,-1,E06000045,3,0,1,0,1,19,1,5,10,0,0,0,0,0,0,0,0,6,11
2024440244792,2024,440244792,435180,146448,-1.49769,51.21615,3,3,3,08:45,-1,E07000093,6,0,1,0,1,"[13, 9]",3,"[7, 1]",0,0,0,1,0,0,0,0,0,6,11
2024440244800,2024,440244800,454914,126793,-1.21817,51.03788,3,3,3,08:40,-1,E07000094,3,0,1,0,2,"[19, 5]","[4, 5]","[8, 1]",0,0,0,1,0,0,0,0,0,6,11
2024440245158,2024,440245158,478599,152963,-0.87471,51.27041,3,3,3,13:20,-1,E07000089,6,0,1,0,1,19,"[8, 4]","[4, 7]",0,0,0,1,0,0,0,0,0,6,11
2024440245228,2024,440245228,424486,94709,-1.65427,50.75147,3,3,3,13:30,-1,E07000091,4,0,1,0,1,9,2,8,0,0,0,1,0,0,0,0,1,6,11
2024440245546,2024,440245546,430841,114889,-1.5625,50.93263,2,2,3,15:40,-1,E07000091,3,0,1,0,2,"[4, 19]",6,2,0,0,0,1,0,1,0,0,0,6,11
2024440245764,2024,440245764,437841,87045,-1.46575,50.68184,3,3,3,18:14,-1,E06000046,6,0,1,0,2,19,"[1, 4]","[4, 1]",0,0,0,1,0,0,0,0,0,6,11
2024440245769,2024,440245769,451496,108313,-1.26952,50.87203,3,3,3,18:10,-1,E07000087,3,0,1,0,1,"[9, 15]","[8, 4]","[6, 8]",0,0,0,1,1,0,0,0,0,6,11
2024440245905,2024,440245905,447748,110519,-1.32249,50.89219,3,3,3,20:17,-1,E07000086,3,0,1,0,2,19,5,1,0,7,4,1,0,0,0,0,0,6,11
2024440246025,2024,440246025,471397,108684,-0.98666,50.87326,3,3,3,22:04,-1,E07000090,6,2,1,0,1,"[2, 19]","[0, 7]","[0, 3]",0,0,0,1,0,0,0,0,0,6,11
2024440246148,2024,440246148,463632,99173,-1.09865,50.78864,3,3,4,00:28,-1,E06000044,6,2,1,0,1,"[9, 19]","[2, 6]","[8, 2]",0,0,0,1,1,0,0,0,0,6,12
2024440247153,2024,440247153,485743,155636,-0.77169,51.29341,3,3,4,14:20,-1,E07000092,4,0,1,0,1,19,5,1,10,1,0,1,0,0,0,0,0,6,12
2024440247308,2024,440247308,416105,106282,-1.77257,50.85583,2,2,3,17:30,-1,E07000091,6,0,1,0,1,19,7,3,0,0,0,1,0,0,0,0,1,6,11
2024440247392,2024,440247392,448002,110370,-1.3189,50.89083,2,2,4,17:04,-1,E07000086,6,0,1,0,1,19,3,7,10,0,0,0,1,0,0,0,0,6,12
2024440247408,2024,440247408,447948,109642,-1.31976,50.88429,3,3,4,17:30,-1,E07000086,6,0,1,0,1,19,5,1,0,0,0,0,0,0,0,0,0,6,12
2024440247576,2024,440247576,442916,114790,-1.39069,50.93097,2,"[2, 3]",4,19:31,-1,E06000045,6,0,1,0,1,"[5, 19]","[1, 3]","[5, 7]",0,0,0,1,0,0,0,0,0,6,12
2024440247766,2024,440247766,464473,99325,-1.08669,50.78992,2,2,4,22:15,-1,E06000044,4,2,1,0,1,19,3,7,0,0,0,0,1,0,0,0,1,6,12
2024440247792,2024,440247792,457459,105391,-1.18524,50.8452,2,2,4,22:49,-1,E07000087,6,2,1,0,1,"[2, 19]","[0, 4]","[0, 8]",0,0,0,1,0,0,0,0,0,6,12
2024440247820,2024,440247820,481068,154494,-0.83898,51.28383,2,2,4,23:18,-1,E07000089,3,2,1,0,1,"[19, 13]",6,2,0,0,0,1,1,0,0,0,0,6,12
2024440247966,2024,440247966,434474,112519,-1.51103,50.91111,1,1,5,03:16,-1,E07000091,3,2,1,0,2,"[19, 5]","[8, 2]","[4, 6]",0,0,0,1,0,0,1,0,0,6,13
2024440248195,2024,440248195,470945,152504,-0.9845,51.26728,3,3,5,08:50,-1,E07000084,1,0,1,0,2,"[13, 11]",3,7,0,0,0,1,0,0,0,0,0,6,13
2024440248709,2024,440248709,422914,116634,-1.67519,50.94869,2,"[2, 3]",5,13:11,-1,E07000091,4,0,1,0,2,19,"[8, 4]","[4, 8]",0,0,0,1,0,0,0,0,0,6,13
2024440248789,2024,440248789,462420,150846,-1.10696,51.25337,3,3,5,08:50,-1,E07000084,3,0,1,0,1,"[12, 19]",6,2,0,"[0, 4]","[0, 6]",1,0,0,0,0,0,6,13
2024440249010,2024,440249010,468738,108442,-1.02449,50.8714,3,3,5,15:55,-1,E07000090,6,0,2,1,1,"[7, 19]","[7, 5]",1,0,0,0,1,0,0,0,0,0,6,13
2024440249033,2024,440249033,468875,109266,-1.02239,50.87879,3,3,5,16:15,-1,E07000090,4,0,2,1,1,"[19, 4]",4,8,0,0,0,1,0,0,0,0,0,6,13
2024440249170,2024,440249170,467218,110545,-1.0457,50.89049,3,3,5,17:48,-1,E07000090,4,0,1,0,2,4,8,4,0,0,0,1,0,1,0,0,0,6,13
2024440249388,2024,440249388,437097,122743,-1.47268,51.00289,2,2,5,20:20,-1,E07000093,6,0,2,1,1,19,1,5,7,0,0,1,0,0,0,0,0,6,13
2024440249538,2024,440249538,455593,106062,-1.21164,50.85141,3,3,5,22:48,-1,E07000087,3,2,2,1,1,"[7, 19]","[1, 7]",3,0,0,0,1,0,0,0,0,0,6,13
2024440249947,2024,440249947,451099,129421,-1.2722,51.06186,3,3,6,09:33,-1,E07000094,4,0,1,0,2,"[19, 9]","[7, 3]","[3, 1]",0,0,0,1,0,0,0,0,0,6,14
2024440249991,2024,440249991,488223,153654,-0.73662,51.27521,3,3,5,17:40,-1,E07000092,3,0,1,0,2,"[5, 9]","[3, 7]","[7, 5]",0,0,0,1,1,0,0,0,0,6,13
2024440249999,2024,440249999,414781,105422,-1.79141,50.84813,3,3,6,08:35,-1,E07000091,6,0,2,1,2,"[9, 19]","[8, 4]","[4, 8]",0,0,0,1,0,0,0,0,0,6,14
2024440250298,2024,440250298,442196,111687,-1.40129,50.90312,2,2,6,11:00,-1,E06000045,6,0,1,0,1,19,"[5, 7]","[1, 3]",0,0,0,1,0,0,0,0,0,6,14
2024440250463,2024,440250463,472636,152859,-0.96019,51.27026,2,2,3,08:10,-1,E07000089,3,0,1,0,2,5,4,8,0,0,0,1,0,0,0,0,0,6,11
2024440250641,2024,440250641,469915,107797,-1.00789,50.86546,3,3,6,15:36,-1,E07000090,6,0,1,0,1,"[19, 5]","[7, 1]","[3, 5]",0,0,0,1,0,1,0,0,0,6,14