collision_index,collision_year,collision_ref_no,location_easting_osgr,location_northing_osgr,longitude,latitude,casualty_severity,casualty_severity,day_of_week,time,local_authority_district,local_authority_ons_district,first_road_class,light_conditions,weather_conditions,road_surface_conditions,urban_or_rural_area,vehicle_manoeuvre,vehicle_direction_from,vehicle_direction_to,hit_object_in_carriageway,vehicle_leaving_carriageway,hit_object_off_carriageway,is_car,is_cyle,is_mcyle,is_goodsv,is_other,is_pedestrian,month,day
2024440274721,2024,440274721,434394,89147,-1.51435,50.70095,3,3,7,17:30,-1,E06000046,3,0,1,0,2,19,2,6,0,0,0,0,1,0,0,0,0,6,29
2024440275123,2024,440275123,441835,112462,-1.40634,50.91012,3,3,7,23:01,-1,E06000045,3,2,1,0,1,4,2,6,0,0,0,0,0,0,1,0,0,6,29
2024440275291,2024,440275291,465480,98959,-1.07247,50.78651,3,3,1,01:29,-1,E06000044,4,2,1,0,1,"[7, 19]","[5, 3]",7,0,0,0,1,0,0,0,0,0,6,30
2024440275424,2024,440275424,486853,149163,-0.75734,51.23505,3,3,1,04:30,-1,E07000092,4,2,1,0,1,"[2, 19]","[0, 6]","[0, 2]","[0, 4]",0,0,1,0,0,0,0,0,6,30
2024440275494,2024,440275494,430245,102145,-1.57203,50.81807,2,2,1,06:48,-1,E07000091,3,0,1,0,2,19,1,5,11,1,10,1,0,0,0,0,0,6,30
2024440275550,2024,440275550,447095,111768,-1.33162,50.90347,3,3,1,08:37,-1,E06000045,6,0,1,1,1,"[9, 19]","[3, 1]","[1, 5]",0,0,0,1,0,1,0,0,0,6,30
2024440275696,2024,440275696,466571,134875,-1.05044,51.10931,2,2,1,11:21,-1,E07000085,3,0,1,0,2,"[9, 19]","[5, 3]","[3, 7]",0,0,0,1,0,1,0,0,0,6,30
2024440275725,2024,440275725,442856,111206,-1.39196,50.89875,2,2,7,22:00,-1,E06000045,3,2,1,0,1,"[19, 9]","[3, 7]","[7, 5]",0,0,0,1,0,1,0,0,0,6,29
2024440275755,2024,440275755,451412,162673,-1.26298,51.36081,2,2,1,12:20,-1,E07000084,3,0,1,0,2,"[9, 19]","[3, 1]","[1, 5]",0,0,0,1,0,0,0,0,0,6,30
2024440275942,2024,440275942,448225,88204,-1.31863,50.69149,2,"[2, 3]",1,15:04,-1,E06000046,4,0,1,0,1,"[3, 19]",7,3,0,0,0,1,0,0,0,0,0,6,30
2024440275961,2024,440275961,456988,83299,-1.19534,50.6466,3,3,1,15:28,-1,E06000046,3,0,1,0,2,19,7,3,0,8,11,1,0,0,0,0,0,6,30
2024440276055,2024,440276055,471328,108117,-0.98775,50.86817,3,3,1,16:36,-1,E07000090,6,0,1,0,1,"[13, 9]",4,"[8, 2]",0,0,0,1,0,1,0,0,0,6,30
2024440276074,2024,440276074,472000,106201,-0.97858,50.85086,3,3,7,15:16,-1,E07000090,6,0,1,0,1,"[19, 9]",7,"[3, 5]",0,0,0,1,0,0,0,0,0,6,29
2024440276510,2024,440276510,458801,99013,-1.1672,50.78771,3,3,1,23:04,-1,E07000088,6,2,1,0,1,19,5,1,0,0,0,1,0,0,0,0,0,6,30
2024440276755,2024,440276755,451157,94728,-1.27623,50.74991,3,3,2,07:28,-1,E06000046,3,0,1,0,1,"[10, 19]",5,"[3, 1]",0,0,0,1,0,0,0,0,0,7,1
2024440276846,2024,440276846,443865,160916,-1.37158,51.34564,2,2,1,14:15,-1,E07000084,3,0,1,0,2,"[9, 13]",2,"[8, 6]",0,0,0,1,0,1,0,0,0,6,30
2024440277388,2024,440277388,485420,131720,-0.782,51.07845,3,3,2,14:16,-1,E07000085,4,0,1,0,2,19,"[5, 1]","[1, 5]",0,0,0,1,0,0,0,0,0,7,1
2024440277711,2024,440277711,465152,100319,-1.07689,50.79878,3,3,2,16:31,-1,E06000044,3,0,1,0,1,"[5, 19]",1,5,0,0,0,1,1,0,0,0,0,7,1
2024440277789,2024,440277789,435175,144459,-1.49796,51.19827,3,3,2,15:21,-1,E07000093,3,0,1,0,2,"[4, 19]",8,4,0,0,0,1,0,0,0,0,0,7,1
2024440277798,2024,440277798,439517,108366,-1.43975,50.87345,3,3,2,17:20,-1,E07000091,6,0,1,0,2,19,2,6,0,0,0,1,0,1,0,0,0,7,1
2024440278376,2024,440278376,474076,151071,-0.93992,51.254,3,3,1,22:00,-1,E07000089,6,2,1,0,2,5,5,1,0,0,0,1,0,0,0,0,1,6,30
2024440278626,2024,440278626,468585,110829,-1.02622,50.89288,2,2,3,08:00,-1,E07000090,6,0,1,0,1,"[14, 5]","[7, 1]","[3, 5]",0,0,0,1,1,0,0,0,0,7,2
2024440278873,2024,440278873,474679,123269,-0.93704,51.00397,3,3,3,06:05,-1,E07000085,6,0,1,0,1,19,3,7,0,0,0,1,0,0,0,0,1,7,2
2024440279115,2024,440279115,447767,116747,-1.32141,50.94819,3,3,3,13:21,-1,E07000086,6,0,1,0,2,"[4, 19]","[2, 6]","[6, 2]",0,"[0, 7]",0,1,0,0,0,0,0,7,2
2024440279155,2024,440279155,441758,112115,-1.40747,50.907,3,3,3,13:30,-1,E06000045,3,0,1,0,1,19,2,6,0,0,0,1,0,0,0,0,1,7,2
2024440279428,2024,440279428,477571,143673,-0.89145,51.18703,3,3,2,11:50,-1,E07000085,6,0,1,0,2,"[13, 19]",6,2,0,0,0,0,1,0,0,1,0,7,1
2024440279455,2024,440279455,466926,141599,-1.04413,51.16973,3,3,3,16:23,-1,E07000085,3,0,1,0,2,19,"[3, 1]","[8, 5]",0,"[1, 0]",0,1,0,0,0,0,0,7,2
2024440279824,2024,440279824,442576,113245,-1.39571,50.9171,3,3,3,21:04,-1,E06000045,3,2,1,0,1,4,1,5,0,0,0,1,0,0,0,0,0,7,2
2024440279834,2024,440279834,443265,138156,-1.38294,51.14104,3,3,3,21:30,-1,E07000093,3,2,1,0,2,"[19, 7]","[3, 4]",7,0,0,0,1,0,0,0,0,0,7,2
2024440279875,2024,440279875,438860,115738,-1.4483,50.93978,3,3,3,21:16,-1,E06000045,6,2,1,0,1,19,"[2, 6]","[6, 2]",0,0,0,1,0,0,0,0,0,7,2
2024440280028,2024,440280028,470087,105551,-1.00587,50.84525,2,2,4,00:38,-1,E07000090,6,2,1,0,2,19,8,4,0,7,4,1,0,0,0,0,0,7,3
2024440280231,2024,440280231,434835,111958,-1.50594,50.90605,3,3,4,07:29,-1,E07000091,3,0,1,0,2,"[9, 19]","[4, 6]","[1, 2]",0,0,0,1,0,0,0,0,0,7,3
2024440280314,2024,440280314,473736,108108,-0.95354,50.86778,3,3,4,08:44,-1,E07000090,4,0,2,1,2,"[19, 9]","[5, 7]","[1, 5]",0,0,0,1,0,0,0,0,0,7,3
2024440280446,2024,440280446,469925,124500,-1.00454,51.01564,3,3,4,10:00,-1,E07000085,3,0,1,0,2,19,1,5,0,0,0,1,0,0,0,0,0,7,3
2024440280493,2024,440280493,466911,145339,-1.04365,51.20335,3,3,4,10:26,-1,E07000084,3,0,1,0,2,19,"[8, 4]","[4, 8]",0,"[0, 7]",0,1,0,0,0,0,0,7,3
2024440280497,2024,440280497,443411,113232,-1.38383,50.91692,3,3,2,10:22,-1,E06000045,6,0,1,0,1,"[19, 9]","[2, 8]",6,0,0,0,1,0,0,0,0,0,7,1
2024440280668,2024,440280668,456842,156049,-1.18605,51.30074,3,3,4,12:06,-1,E07000084,3,0,1,0,2,"[9, 13]",4,8,0,0,0,1,0,0,0,0,0,7,3
2024440281482,2024,440281482,464319,88603,-1.09075,50.69353,3,3,4,18:55,-1,E06000046,4,0,1,0,2,"[19, 3, 4]","[5, 1]","[1, 5]",0,0,0,1,0,0,1,0,0,7,3
2024440281498,2024,440281498,466651,100390,-1.05561,50.79925,3,3,4,19:07,-1,E06000044,3,0,1,0,1,19,"[2, 4]","[6, 8]",0,0,0,1,0,0,0,0,0,7,3
2024440281630,2024,440281630,456121,104503,-1.20438,50.83734,3,3,4,21:24,-1,E07000087,6,2,1,1,2,19,8,4,0,0,0,0,0,1,0,0,0,7,3
2024440281845,2024,440281845,442619,112226,-1.39521,50.90794,3,3,5,03:20,-1,E06000045,6,2,1,0,1,19,"[1, 3]","[5, 7]",0,0,0,1,0,0,0,0,0,7,4
2024440281982,2024,440281982,487040,155740,-0.75307,51.29415,3,3,5,07:55,-1,E07000092,6,0,1,0,1,"[19, 9]","[1, 7]",5,0,0,0,1,0,1,0,0,0,7,4
2024440282108,2024,440282108,463706,100422,-1.09738,50.79987,3,3,5,09:35,-1,E06000044,6,0,1,0,1,19,3,7,0,0,0,0,0,0,1,0,1,7,4
2024440282215,2024,440282215,434347,144901,-1.50977,51.2023,2,"[3, 2]",5,11:01,-1,E07000093,3,0,1,0,2,11,1,0,0,1,0,1,0,0,0,0,0,7,4
2024440282377,2024,440282377,425416,95282,-1.64105,50.75658,3,3,4,08:25,-1,E07000091,6,0,1,0,1,1,3,7,0,0,0,1,0,0,0,0,1,7,3
2024440282659,2024,440282659,465597,105120,-1.06972,50.8419,3,3,5,14:45,-1,E06000044,6,0,1,0,2,19,1,5,0,0,0,1,0,0,0,0,0,7,4
2024440282845,2024,440282845,487963,156152,-0.73973,51.29771,3,3,5,16:25,-1,E07000092,3,0,1,0,1,"[4, 12, 19]",5,1,0,"[0, 4]",0,1,0,0,0,0,0,7,4
2024440282981,2024,440282981,447488,122198,-1.32467,50.99722,2,"[2, 3]",5,17:39,-1,E07000094,4,0,1,0,2,"[10, 19, 9]","[5, 1, 3]","[3, 5, 1]",0,0,0,1,0,0,0,0,0,7,4
2024440283431,2024,440283431,427875,98141,-1.60597,50.78218,3,3,6,00:03,-1,E07000091,6,2,1,0,2,19,5,1,0,0,0,1,0,0,0,0,1,7,5
2024440283681,2024,440283681,456229,102699,-1.20312,50.82111,3,3,6,08:44,-1,E07000087,4,0,1,0,1,19,"[3, 1]","[7, 5]",0,0,0,1,1,0,0,0,0,7,5
2024440283971,2024,440283971,464337,105568,-1.08753,50.84607,3,3,6,11:34,-1,E06000044,3,0,1,0,1,"[3, 4]",2,6,0,0,0,1,0,0,0,0,0,7,5
2024440284276,2024,440284276,444114,114375,-1.37369,50.92715,3,3,6,14:19,-1,E06000045,6,0,1,0,1,"[1, 19]","[7, 5]","[3, 1]",0,0,0,1,0,0,0,0,0,7,5
2024440284686,2024,440284686,466030,111932,-1.06234,50.9031,2,2,6,17:51,-1,E07000094,4,0,5,1,2,19,4,8,0,7,0,1,0,0,0,0,1,7,5
2024440284760,2024,440284760,468116,157989,-1.024,51.31694,3,3,6,18:40,-1,E07000084,3,0,2,1,2,19,5,1,0,2,2,1,0,0,0,0,0,7,5
2024440284822,2024,440284822,444841,113675,-1.36344,50.9208,3,3,6,09:24,-1,E06000045,6,0,1,1,1,"[9, 19]","[5, 3]","[1, 7]",0,0,0,1,0,0,0,0,0,7,5
2024440284824,2024,440284824,470496,106635,-0.99986,50.85494,3,3,6,19:29,-1,E07000090,4,0,2,1,1,19,"[5, 3]","[1, 7]",0,0,0,1,0,0,0,0,0,7,5
2024440285012,2024,440285012,449464,132429,-1.29512,51.08905,1,1,6,21:47,-1,E07000094,3,2,2,1,2,19,"[1, 6]","[6, 1]",0,"[6, 0]",0,1,0,0,0,0,0,7,5
2024440285118,2024,440285118,445883,153384,-1.34358,51.27776,3,3,6,23:33,-1,E07000084,3,2,2,1,2,19,5,1,0,4,6,1,0,0,0,0,0,7,5
2024440285235,2024,440285235,458242,81437,-1.1779,50.62973,3,3,7,02:12,-1,E06000046,6,2,2,1,1,"[19, 9]","[2, 4]","[6, 2]",0,0,0,1,0,1,0,0,0,7,6
2024440285578,2024,440285578,441635,111464,-1.40929,50.90116,3,3,7,11:07,-1,E06000045,6,0,1,0,1,19,6,2,0,0,0,0,1,0,0,0,1,7,6
2024440285915,2024,440285915,437584,113687,-1.46667,50.92142,3,3,7,15:38,-1,E06000045,3,0,1,1,1,19,8,4,0,4,6,1,0,0,0,0,0,7,6
2024440285970,2024,440285970,438881,114764,-1.44811,50.93102,3,3,7,16:13,-1,E06000045,6,0,1,0,1,19,8,4,0,0,0,1,0,0,0,0,1,7,6
2024440285993,2024,440285993,436689,88996,-1.48186,50.69946,3,3,7,16:36,-1,E06000046,4,0,1,0,2,19,5,1,0,7,1,1,0,0,0,0,0,7,6
2024440286036,2024,440286036,437695,86239,-1.4679,50.6746,2,2,7,17:05,-1,E06000046,6,0,1,0,2,"[19, 7]",7,3,0,0,0,1,0,1,0,0,0,7,6
2024440286056,2024,440286056,435977,116328,-1.48927,50.94527,3,3,7,17:19,-1,E07000093,1,0,1,0,2,"[12, 19]",3,7,0,0,0,1,0,1,0,0,0,7,6
2024440286083,2024,440286083,472749,155701,-0.95799,51.2958,3,3,7,15:37,-1,E07000089,4,0,1,1,2,19,"[1, 5]","[5, 1]",0,0,0,1,0,0,0,0,0,7,6
2024440286257,2024,440286257,433509,113937,-1.52462,50.92392,3,3,7,20:17,-1,E07000091,6,0,1,0,1,19,"[7, 3]","[3, 7]",0,0,0,1,0,0,0,0,0,7,6
2024440286353,2024,440286353,456793,105230,-1.19472,50.84381,3,3,7,21:35,-1,E07000087,6,2,1,0,1,"[2, 19]","[0, 7, 6]","[0, 3, 2]",0,"[0, 1]","[0, 11]",1,0,0,0,0,0,7,6
2024440286358,2024,440286358,463830,152472,-1.08647,51.26784,3,3,2,16:30,-1,E07000084,6,0,1,0,1,19,7,3,0,0,0,0,0,0,1,0,1,7,1
2024440287105,2024,440287105,445386,112834,-1.35579,50.91319,3,3,1,13:46,-1,E06000045,3,0,1,0,1,"[19, 3]",4,8,0,0,0,1,0,0,0,0,0,7,7
2024440287192,2024,440287192,437124,115625,-1.47302,50.93888,3,3,1,14:41,-1,E07000093,1,0,5,1,1,19,1,5,0,1,0,1,0,0,0,0,0,7,7
2024440287291,2024,440287291,469130,131883,-1.01447,51.08211,3,3,1,16:19,-1,E07000085,6,0,1,1,2,19,"[8, 4]","[4, 8]",0,"[1, 7]",0,1,0,0,0,0,0,7,7
2024440287391,2024,440287391,446284,141970,-1.3393,51.1751,2,2,1,18:01,-1,E07000093,3,0,1,0,2,"[11, 19]",5,1,0,0,0,1,0,0,0,0,0,7,7
2024440287439,2024,440287439,473365,140818,-0.9522,51.16192,2,2,1,22:04,-1,E07000085,6,2,1,1,1,19,"[6, 3]","[3, 6]",0,0,0,1,1,0,0,0,0,7,7
2024440287858,2024,440287858,429889,108255,-1.57659,50.87303,3,3,1,20:11,-1,E07000091,3,0,1,0,2,"[19, 3]",1,5,0,0,0,1,0,0,0,0,0,7,7
2024440287900,2024,440287900,455655,105843,-1.21079,50.84944,3,3,2,08:06,-1,E07000087,6,0,1,0,1,"[19, 8]","[1, 3]","[3, 7]",0,0,0,1,0,0,0,0,0,7,8
2024440288120,2024,440288120,487504,155655,-0.74643,51.29331,3,3,2,10:12,-1,E07000092,6,0,1,0,1,19,7,3,0,0,0,1,1,0,0,0,0,7,8
2024440288207,2024,440288207,442916,111432,-1.39108,50.90078,3,3,2,10:50,-1,E06000045,4,0,1,0,1,"[19, 9]","[1, 3]","[5, 1]",0,0,0,1,1,0,0,0,0,7,8
2024440288284,2024,440288284,449611,129802,-1.29338,51.06542,3,3,2,11:47,-1,E07000094,1,0,1,1,1,19,5,1,0,0,0,1,0,0,1,0,0,7,8
2024440288423,2024,440288423,441263,106103,-1.41519,50.85298,3,3,6,07:30,-1,E07000091,6,0,1,0,1,7,8,2,0,0,0,1,0,0,0,0,1,7,5
2024440288514,2024,440288514,439532,85864,-1.44195,50.67111,2,2,2,13:42,-1,E06000046,4,0,1,0,2,"[13, 9]",7,"[3, 5]",0,0,0,1,0,1,0,0,0,7,8
2024440288762,2024,440288762,455992,107774,-1.20571,50.86677,3,3,2,15:35,-1,E07000087,6,0,1,1,1,19,3,7,0,0,0,1,0,0,0,0,1,7,8
2024440288984,2024,440288984,459396,138314,-1.15236,51.14102,3,3,2,17:45,-1,E07000084,6,0,1,0,2,19,5,1,0,7,0,1,0,0,0,0,0,7,8
2024440288994,2024,440288994,426572,106126,-1.62388,50.85404,3,3,3,17:51,-1,E07000091,3,0,1,0,2,19,"[6, 2]","[2, 6]",0,0,0,1,0,0,0,0,0,7,9
2024440289142,2024,440289142,486786,156874,-0.75643,51.30438,3,3,2,19:45,-1,E07000092,6,0,1,1,1,"[19, 4]",3,7,0,0,0,1,0,1,0,0,0,7,8
2024440289244,2024,440289244,465139,100418,-1.07705,50.79967,2,2,2,21:24,-1,E06000044,3,2,1,0,1,4,1,5,0,0,0,1,1,0,0,0,0,7,8
2024440289392,2024,440289392,460346,115311,-1.1426,50.9341,3,3,3,00:23,-1,E07000094,3,2,2,1,2,19,6,1,0,7,0,1,0,0,0,0,0,7,9
2024440289523,2024,440289523,421074,118190,-1.70129,50.96275,3,3,3,05:10,-1,E07000091,4,2,2,1,2,19,4,8,0,0,0,1,0,0,0,0,0,7,9
2024440289551,2024,440289551,485710,155707,-0.77214,51.29405,3,3,2,19:51,-1,E07000092,4,0,1,0,1,"[19, 3]","[5, 3]","[1, 7]","[4, 0]",0,0,1,0,0,0,0,0,7,8
2024440289624,2024,440289624,465006,101595,-1.07873,50.81027,2,2,3,08:27,-1,E06000044,3,0,1,0,1,"[9, 19]","[1, 5]","[5, 1]",0,0,0,1,0,0,0,0,0,7,9
2024440289698,2024,440289698,465649,101387,-1.06964,50.80833,3,3,3,08:45,-1,E06000044,6,0,1,0,1,7,6,8,0,0,0,1,0,0,0,0,1,7,9
2024440290302,2024,440290302,422596,99535,-1.68077,50.79494,3,3,3,14:36,-1,E07000091,4,0,1,1,2,19,"[4, 6]","[1, 2]",0,"[0, 1]",0,1,0,0,1,0,0,7,9
2024440290506,2024,440290506,464366,99362,-1.0882,50.79026,3,3,3,16:30,-1,E06000044,4,0,2,1,1,"[2, 19]","[0, 7]","[0, 3]",0,0,0,1,1,0,0,0,0,7,9
2024440290636,2024,440290636,463968,154610,-1.08411,51.28704,3,3,3,17:53,-1,E07000084,6,0,2,1,1,"[19, 9]","[1, 5]","[5, 3]",0,"[0, 7]","[0, 10]",1,0,0,0,0,0,7,9
2024440290690,2024,440290690,422807,99855,-1.67775,50.79781,3,3,2,15:45,-1,E07000091,3,0,1,0,2,"[19, 10]",2,"[6, 8]",0,0,0,1,0,1,0,0,0,7,8
2024440290784,2024,440290784,457848,155493,-1.17172,51.29564,3,3,3,20:10,-1,E07000084,3,0,1,0,2,19,"[4, 7]","[7, 4]",0,0,0,1,0,0,1,0,0,7,9
2024440290910,2024,440290910,438074,109793,-1.46011,50.88638,2,"[3, 2]",3,21:59,-1,E07000091,3,2,1,1,2,"[19, 2]",8,4,0,"[0, 1]",0,1,0,0,0,0,0,7,9
2024440291150,2024,440291150,461572,152073,-1.1189,51.2645,3,3,1,14:50,-1,E07000084,6,0,1,0,1,"[7, 19]","[8, 2]","[2, 6]",0,0,0,1,1,0,0,0,0,7,7
2024440291217,2024,440291217,458182,88412,-1.17765,50.69246,3,3,4,08:08,-1,E06000046,6,0,1,0,2,"[9, 19]","[6, 2]","[2, 6]",0,0,0,1,0,1,0,0,0,7,10
2024440291257,2024,440291257,449074,113921,-1.30319,50.92267,3,3,4,08:35,-1,E07000086,3,0,1,0,1,19,7,3,0,0,0,0,0,1,0,0,1,7,10
2024440291583,2024,440291583,435269,121156,-1.49888,50.98873,2,"[3, 2]",4,12:50,-1,E07000093,6,0,1,0,1,4,7,3,11,1,10,1,0,0,0,0,1,7,10
2024440291595,2024,440291595,458300,101896,-1.17385,50.81369,3,3,4,12:28,-1,E07000088,4,0,1,0,1,"[9, 19]","[5, 8]",4,0,0,0,1,0,0,0,0,0,7,10
2024440291639,2024,440291639,451377,106915,-1.27141,50.85947,3,3,4,13:00,-1,E07000087,6,0,1,0,1,"[14, 2, 19]","[5, 0, 1]","[1, 0, 5]",0,0,0,1,0,0,0,0,0,7,10
2024440291861,2024,440291861,428738,108401,-1.59293,50.8744,3,3,3,18:00,-1,E07000091,6,0,1,0,2,"[13, 19]",3,7,"[0, 10]",0,0,1,1,0,0,0,0,7,2
2024440292019,2024,440292019,472454,154230,-0.96252,51.28261,3,3,4,16:12,-1,E07000089,3,0,1,0,2,19,"[1, 7]","[5, 3]",0,0,0,1,0,1,0,0,0,7,10
2024440292129,2024,440292129,461721,154775,-1.1163,51.28877,2,2,4,17:12,-1,E07000084,3,0,1,0,2,"[19, 9]","[5, 3]",1,0,"[1, 0]","[9, 0]",1,0,1,0,0,0,7,10
2024440292397,2024,440292397,435995,113397,-1.48931,50.91892,2,2,4,20:15,-1,E07000091,3,0,1,0,1,5,7,3,0,0,0,0,1,0,0,0,0,7,10
2024440292431,2024,440292431,465792,105481,-1.06688,50.84512,3,3,4,15:00,-1,E06000044,6,0,1,0,1,19,7,3,0,0,0,1,0,0,0,0,1,7,10
2024440292954,2024,440292954,468560,107799,-1.02714,50.86564,3,3,5,08:11,-1,E07000090,6,0,1,0,1,"[19, 9]",1,5,0,0,0,1,1,0,0,0,0,7,11
2024440292960,2024,440292960,457500,132268,-1.18042,51.08685,3,3,5,08:20,-1,E07000094,6,0,1,0,2,"[1, 19, 3]",3,"[5, 7]",0,0,0,1,0,0,0,0,0,7,11
2024440293125,2024,440293125,459356,120296,-1.15588,50.97902,3,3,5,10:11,-1,E07000094,6,0,1,0,2,"[19, 9]","[3, 7]","[7, 5]",0,0,0,1,0,1,0,0,0,7,11
2024440293135,2024,440293135,449749,132685,-1.29102,51.09133,2,2,5,10:17,-1,E07000094,4,0,1,0,2,"[9, 13]",3,"[1, 7]",0,0,0,1,0,1,0,0,0,7,11
2024440293263,2024,440293263,429883,122658,-1.57549,51.00254,2,2,5,11:06,-1,E07000093,6,0,1,0,2,19,1,5,0,7,11,1,0,0,0,0,0,7,11
2024440293273,2024,440293273,465459,104679,-1.07175,50.83795,3,3,5,11:22,-1,E06000044,6,0,1,0,2,"[4, 19]",2,4,0,0,0,1,0,0,1,0,0,7,11
2024440293310,2024,440293310,458897,83462,-1.16832,50.64787,2,2,5,11:28,-1,E06000046,3,0,1,0,1,"[3, 19]",1,5,0,0,0,1,0,0,0,0,0,7,11
2024440293351,2024,440293351,437641,84386,-1.46885,50.65794,2,2,5,11:45,-1,E06000046,3,0,1,0,2,13,5,1,0,1,10,0,0,1,0,0,0,7,11
2024440293629,2024,440293629,435194,116373,-1.50041,50.94573,3,3,5,14:35,-1,E07000093,1,0,1,0,2,"[19, 11]",3,7,0,"[1, 0]",0,1,0,0,0,0,0,7,11
2024440293848,2024,440293848,459398,132600,-1.15327,51.08965,3,3,5,09:52,-1,E07000094,4,0,1,0,2,19,7,3,0,0,0,1,0,0,0,0,1,7,11
2024440293924,2024,440293924,465101,101383,-1.07742,50.80835,3,3,5,16:26,-1,E06000044,3,0,1,0,1,"[7, 19]",5,"[7, 1]",0,0,0,1,1,0,0,0,0,7,11
2024440293927,2024,440293927,465230,101990,-1.07548,50.8138,3,3,5,17:05,-1,E06000044,6,0,1,0,1,"[9, 19]","[1, 7]","[7, 3]",0,0,0,1,1,0,0,0,0,7,11
2024440293995,2024,440293995,431736,112913,-1.54993,50.91481,3,3,5,17:34,-1,E07000091,3,0,1,0,2,19,"[3, 7]","[7, 3]",12,0,0,1,0,0,0,0,0,7,11
2024440294111,2024,440294111,468258,111085,-1.03082,50.89522,3,3,5,17:10,-1,E07000090,6,0,1,0,1,"[9, 14]","[4, 2]","[2, 6]",0,0,0,1,1,0,0,0,0,7,11
2024440294194,2024,440294194,457558,111523,-1.18287,50.90032,3,3,5,20:40,-1,E07000094,4,0,1,0,2,19,5,2,0,2,4,1,0,0,0,0,0,7,11
2024440294215,2024,440294215,445755,123484,-1.3492,51.00893,3,3,5,20:00,-1,E07000094,1,0,1,0,2,"[4, 19]",1,5,0,0,0,1,0,0,0,0,0,7,11
2024440294762,2024,440294762,450588,108683,-1.28237,50.87544,3,3,6,08:33,-1,E07000087,6,0,1,0,1,"[19, 4]",3,7,0,0,0,1,0,1,0,0,0,7,12
2024440294773,2024,440294773,467005,134765,-1.04427,51.10827,3,3,6,16:24,-1,E07000085,6,0,1,0,2,19,"[6, 2]","[2, 6]",10,0,0,1,0,0,0,0,0,7,12
2024440294968,2024,440294968,464748,99940,-1.08268,50.79542,3,3,6,10:45,-1,E06000044,6,0,1,0,1,19,8,4,0,0,0,1,0,0,0,0,1,7,12
2024440294984,2024,440294984,456688,160963,-1.18748,51.34493,3,3,6,11:01,-1,E07000084,6,0,1,0,2,19,1,0,0,7,0,1,0,0,0,0,0,7,12
2024440295108,2024,440295108,464478,101023,-1.08632,50.80518,3,3,6,12:00,-1,E06000044,6,0,1,0,1,19,1,4,0,0,0,1,0,0,0,0,1,7,12
2024440295307,2024,440295307,440906,115134,-1.41925,50.93421,3,3,6,08:50,-1,E06000045,3,0,1,0,1,"[19, 3]",6,2,0,0,0,1,1,0,0,0,0,7,12
2024440295555,2024,440295555,447919,126689,-1.31794,51.03757,3,3,6,16:01,-1,E07000094,1,0,1,0,2,"[19, 4]",2,6,0,0,0,1,0,0,0,0,0,7,12
2024440295766,2024,440295766,485529,150495,-0.77599,51.24722,3,3,6,17:59,-1,E07000092,6,0,1,0,1,"[19, 9]","[2, 5]","[7, 2]",0,0,0,1,0,0,0,0,0,7,12
2024440295792,2024,440295792,460968,153714,-1.12728,51.27932,3,3,6,18:18,-1,E07000084,3,0,1,0,1,4,8,4,0,0,0,1,0,0,0,0,0,7,12
2024440296513,2024,440296513,439721,114260,-1.43621,50.92643,3,3,7,06:16,-1,E06000045,3,0,1,0,1,19,"[8, 6]","[4, 2]",0,0,0,1,0,0,0,0,0,7,13
2024440296699,2024,440296699,420184,102156,-1.71485,50.8186,2,2,7,10:19,-1,E07000091,6,0,1,0,2,19,5,1,0,0,0,1,1,0,0,0,0,7,13
2024440296813,2024,440296813,472098,102085,-0.97799,50.81384,3,3,7,12:08,-1,E07000090,3,0,1,0,2,19,1,5,0,0,0,1,0,0,0,0,0,7,13
2024440296817,2024,440296817,441920,113786,-1.40498,50.92202,3,3,7,11:13,-1,E06000045,6,0,1,0,1,"[9, 19]","[3, 1]","[7, 5]",0,0,0,1,0,0,0,0,0,7,13
2024440297165,2024,440297165,472021,100621,-0.97937,50.80068,3,3,7,16:24,-1,E07000090,3,0,1,0,2,"[15, 19]",3,7,"[0, 10]",0,0,1,1,0,0,0,0,7,13
2024440298102,2024,440298102,484361,132449,-0.79694,51.08517,3,3,1,10:07,-1,E07000085,4,0,1,0,2,"[9, 19]","[5, 1]","[3, 5]",0,0,0,1,0,0,0,0,0,7,14
2024440298113,2024,440298113,444212,113826,-1.37237,50.9222,3,3,1,10:37,-1,E06000045,6,0,1,0,1,"[19, 9]",7,"[3, 5]",0,0,0,1,0,0,1,0,0,7,14
2024440298118,2024,440298118,449065,129445,-1.30122,51.06225,3,3,1,10:30,-1,E07000094,4,0,1,0,1,7,3,5,0,1,1,1,0,0,0,0,0,7,14
2024440298131,2024,440298131,474452,123587,-0.94021,51.00686,3,3,1,11:00,-1,E07000085,6,0,1,0,1,"[19, 3]",7,3,0,0,0,1,0,0,0,0,0,7,14
2024440298139,2024,440298139,447381,151794,-1.32231,51.26334,2,2,1,10:48,-1,E07000084,6,0,1,0,2,19,2,5,0,7,0,0,0,1,0,0,0,7,14
2024440298644,2024,440298644,433154,119735,-1.52915,50.97608,2,"[2, 3]",1,19:11,-1,E07000093,6,0,1,0,2,19,"[1, 5]","[5, 1]",0,0,0,1,0,0,0,0,0,7,14
2024440298686,2024,440298686,446667,119128,-1.33676,50.96969,2,2,1,20:04,-1,E07000086,4,0,1,0,1,19,"[4, 8]","[8, 4]",0,0,0,1,1,0,0,0,0,7,14
2024440298807,2024,440298807,435684,100081,-1.49502,50.7992,3,3,1,22:25,-1,E07000091,4,2,1,0,2,19,2,6,12,0,0,0,0,1,0,0,0,7,14