collision_index,collision_year,collision_ref_no,location_easting_osgr,location_northing_osgr,longitude,latitude,casualty_severity,casualty_severity,day_of_week,time,local_authority_district,local_authority_ons_district,first_road_class,light_conditions,weather_conditions,road_surface_conditions,urban_or_rural_area,vehicle_manoeuvre,vehicle_direction_from,vehicle_direction_to,hit_object_in_carriageway,vehicle_leaving_carriageway,hit_object_off_carriageway,is_car,is_cyle,is_mcyle,is_goodsv,is_other,is_pedestrian,month,day
2024440298941,2024,440298941,474868,106399,-0.9378,50.85227,2,2,1,23:57,-1,E07000090,3,2,1,0,1,"[4, 19]",7,3,0,1,7,1,0,0,0,0,0,7,14
2024440299228,2024,440299228,471326,106051,-0.98818,50.84959,3,3,2,08:08,-1,E07000090,6,0,1,0,1,19,7,3,7,0,0,1,0,0,0,0,0,7,15
2024440299521,2024,440299521,443964,114042,-1.37587,50.92417,3,3,2,11:10,-1,E06000045,6,0,1,0,1,"[6, 19]","[8, 4]","[4, 8]",0,0,0,1,1,0,0,0,0,7,15
2024440299710,2024,440299710,443383,120534,-1.38336,50.98258,3,3,4,14:32,-1,E07000086,4,0,1,0,1,"[4, 19]","[5, 7]","[1, 5]",0,0,0,1,0,0,0,0,0,7,17
2024440299888,2024,440299888,464732,101710,-1.0826,50.81133,2,2,2,14:21,-1,E06000044,6,0,1,0,1,"[13, 19]",8,3,0,0,0,1,1,0,0,0,0,7,15
2024440300097,2024,440300097,452096,92340,-1.26325,50.72835,2,"[3, 2]",3,15:57,-1,E06000046,3,0,1,1,2,19,"[1, 5]","[5, 1]",0,"[0, 1]","[0, 4]",1,0,0,1,0,0,7,16
2024440300799,2024,440300799,441213,112097,-1.41522,50.90688,3,3,2,07:55,-1,E06000045,3,0,1,0,1,"[19, 4]",7,1,0,0,0,1,0,0,0,0,0,7,15
2024440300897,2024,440300897,434998,114638,-1.50337,50.93014,3,3,3,08:15,-1,E07000091,3,0,1,1,1,19,4,8,0,0,0,0,0,1,0,0,0,7,16
2024440301367,2024,440301367,462182,151793,-1.11021,51.26191,3,3,2,20:15,-1,E07000084,6,0,1,1,1,19,"[9, 1]","[9, 5]",0,0,0,1,1,0,0,0,0,7,15
2024440301497,2024,440301497,474606,123290,-0.93807,51.00417,3,3,3,14:04,-1,E07000085,6,0,1,0,1,19,3,7,0,0,0,1,0,0,0,0,1,7,16
2024440301542,2024,440301542,465236,103760,-1.07508,50.82971,2,2,3,14:22,-1,E06000044,6,0,1,0,1,19,5,1,0,0,0,0,0,1,0,0,1,7,16
2024440301611,2024,440301611,443302,114400,-1.38524,50.92744,3,3,3,11:00,-1,E06000045,3,0,2,1,1,"[19, 15]",2,6,0,0,0,1,0,1,0,0,0,7,16
2024440301644,2024,440301644,487216,157357,-0.75015,51.30866,3,3,3,15:34,-1,E07000092,6,0,1,0,1,"[19, 9]","[7, 5]",3,0,0,0,1,0,1,0,0,0,7,16
2024440301682,2024,440301682,426232,105832,-1.62873,50.85142,2,2,3,15:33,-1,E07000091,3,0,1,0,2,"[10, 19]",2,6,0,0,0,1,0,0,0,0,0,7,16
2024440301735,2024,440301735,426711,95536,-1.62267,50.75881,2,2,3,16:06,-1,E07000091,6,0,1,0,1,1,1,6,0,0,0,1,0,0,0,0,1,7,16
2024440301910,2024,440301910,433173,116471,-1.52917,50.94673,3,3,2,15:56,-1,E07000091,3,0,1,0,2,19,1,5,0,0,0,1,0,0,1,0,0,7,15
2024440301929,2024,440301929,467485,104426,-1.04303,50.83544,2,2,3,18:11,-1,E06000044,6,0,1,0,1,19,"[1, 3]","[5, 7]",0,0,0,1,1,0,0,0,0,7,16
2024440302019,2024,440302019,485467,155911,-0.77558,51.29592,3,3,3,19:43,-1,E07000092,6,0,1,0,1,19,7,3,0,0,0,1,0,0,0,0,1,7,16
2024440302222,2024,440302222,462197,106562,-1.11775,50.85524,3,3,3,22:39,-1,E07000087,1,2,1,0,1,"[19, 2]",3,7,0,0,0,1,0,0,1,0,0,7,16
2024440302408,2024,440302408,455308,92162,-1.21778,50.72645,2,2,4,02:40,-1,E06000046,3,2,1,0,2,19,3,7,12,0,0,0,0,1,0,0,0,7,17
2024440302489,2024,440302489,487204,149661,-0.7522,51.23947,3,3,2,08:30,-1,E07000092,6,0,1,0,1,9,"[3, 5]","[1, 3]",0,0,0,1,0,0,0,0,0,7,15
2024440302537,2024,440302537,487778,149754,-0.74395,51.24022,3,3,4,07:57,-1,E07000092,6,0,1,0,1,"[19, 9]","[2, 3]","[6, 2]",0,0,0,1,0,0,0,0,0,7,17
2024440302540,2024,440302540,466052,101471,-1.06391,50.80904,2,2,4,07:56,-1,E06000044,6,0,1,0,1,"[9, 19]","[7, 5]","[3, 1]",0,0,0,1,1,0,0,0,0,7,17
2024440302564,2024,440302564,454930,129973,-1.21746,51.06647,2,"[3, 2]",4,08:25,-1,E07000094,3,0,1,0,2,"[19, 13]",2,6,0,"[0, 1]","[0, 4]",1,0,0,1,0,0,7,17
2024440303074,2024,440303074,470668,107670,-0.99721,50.86423,3,3,4,12:57,-1,E07000090,6,0,1,0,1,19,5,1,0,0,0,1,0,0,1,0,0,7,17
2024440303090,2024,440303090,457686,115067,-1.18049,50.93218,3,3,4,13:02,-1,E07000094,6,0,1,0,2,19,"[2, 3]","[6, 7]",0,0,0,1,0,0,0,0,0,7,17
2024440303275,2024,440303275,486384,151586,-0.76348,51.2569,3,3,4,14:24,-1,E07000092,6,0,1,0,1,19,"[4, 6]","[8, 2]",0,0,0,1,0,0,0,0,0,7,17
2024440303388,2024,440303388,448300,106839,-1.31513,50.85905,3,3,4,15:13,-1,E07000086,6,0,1,0,2,9,8,6,0,0,0,1,0,0,0,0,1,7,17
2024440303429,2024,440303429,455060,106754,-1.21911,50.85769,3,3,5,15:30,-1,E07000087,6,0,1,0,1,"[19, 2]","[1, 0]","[5, 0]","[4, 0]",0,0,1,0,1,0,0,0,7,18
2024440303782,2024,440303782,449114,76729,-1.30757,50.58823,3,3,4,18:45,-1,E06000046,6,0,1,0,2,"[9, 19]","[1, 5]","[5, 1]",0,0,0,0,0,1,0,0,0,7,17
2024440303802,2024,440303802,463567,153890,-1.08999,51.28061,3,3,4,18:52,-1,E07000084,6,0,1,0,1,19,1,4,0,0,4,1,0,0,0,0,0,7,17
2024440303841,2024,440303841,435533,146904,-1.4926,51.22023,2,2,4,19:28,-1,E07000093,6,0,1,0,1,19,1,5,10,1,2,1,0,0,0,0,0,7,17
2024440305007,2024,440305007,443846,110578,-1.37796,50.89303,3,3,5,14:15,-1,E06000045,6,0,1,0,1,"[4, 19]",4,8,0,0,0,1,0,0,0,0,0,7,18
2024440305030,2024,440305030,428339,134833,-1.59655,51.11209,2,2,5,14:24,-1,E07000093,6,0,1,0,2,"[7, 19]","[4, 7]",3,0,0,0,1,0,1,0,0,0,7,18
2024440305079,2024,440305079,454708,105896,-1.22424,50.85,3,3,5,14:52,-1,E07000087,3,0,1,0,1,"[19, 9]","[3, 7]","[7, 5]",0,0,0,1,0,0,0,0,0,7,18
2024440305327,2024,440305327,464239,101195,-1.08969,50.80676,2,2,5,17:13,-1,E06000044,6,0,1,0,1,19,5,1,7,0,0,0,1,0,0,0,0,7,18
2024440305364,2024,440305364,467055,107823,-1.04852,50.86603,2,2,4,17:40,-1,E07000094,6,0,1,0,1,19,4,8,0,0,0,1,0,0,0,0,1,7,17
2024440305638,2024,440305638,439890,115841,-1.43363,50.94064,2,2,5,20:50,-1,E06000045,6,0,1,0,1,7,4,6,0,0,0,0,0,0,0,0,0,7,18
2024440306080,2024,440306080,469209,108661,-1.01775,50.87331,3,3,6,07:50,-1,E07000090,6,0,1,0,1,"[19, 5]","[1, 3]","[5, 7]",0,0,0,1,0,0,0,0,0,7,19
2024440306223,2024,440306223,470821,143649,-0.98802,51.18769,2,2,6,09:41,-1,E07000085,4,0,1,0,2,19,"[1, 5]","[5, 1]",0,0,0,1,0,0,0,1,0,7,19
2024440306308,2024,440306308,465763,105999,-1.0672,50.84978,3,3,6,10:35,-1,E06000044,4,0,1,0,1,"[9, 7]","[8, 6]","[6, 8]",0,0,0,1,0,0,0,0,0,7,19
2024440306388,2024,440306388,471339,99915,-0.98919,50.79442,3,3,6,10:00,-1,E07000090,6,0,1,0,1,19,1,5,0,0,0,1,0,0,0,0,1,7,19
2024440306514,2024,440306514,453433,108224,-1.24201,50.87106,3,3,6,11:45,-1,E07000094,1,0,1,0,2,5,8,4,0,0,0,1,0,0,0,0,1,7,19
2024440306629,2024,440306629,474675,123257,-0.9371,51.00386,3,3,7,11:30,-1,E07000085,6,0,1,0,1,7,3,5,0,0,0,1,0,0,0,0,1,6,15
2024440306659,2024,440306659,480992,154213,-0.84013,51.28131,3,3,6,14:16,-1,E07000089,6,0,1,0,1,"[19, 5]","[2, 8]","[6, 4]",0,"[0, 3]","[0, 2]",1,0,0,0,0,0,7,19
2024440306879,2024,440306879,456358,77499,-1.20513,50.59451,3,3,6,15:45,-1,E06000046,3,0,1,0,2,"[19, 2]","[2, 0]","[8, 0]",0,"[1, 0]",0,1,0,0,0,0,1,7,19
2024440307072,2024,440307072,440793,112921,-1.42111,50.91432,2,2,6,17:39,-1,E06000045,6,0,1,0,1,19,4,8,0,0,0,0,0,0,0,0,0,7,19
2024440307399,2024,440307399,465251,105760,-1.07451,50.84769,3,3,6,21:25,-1,E06000044,6,2,1,0,1,9,1,7,0,0,0,1,0,0,0,0,0,7,19
2024440307494,2024,440307494,449270,132381,-1.2979,51.08863,1,1,6,22:31,-1,E07000094,4,2,1,0,2,"[19, 9]","[6, 2]","[2, 8]",0,0,0,1,0,1,0,0,0,7,19
2024440307596,2024,440307596,467988,109099,-1.03502,50.8774,3,3,6,23:57,-1,E07000090,3,2,1,0,1,19,2,6,0,0,0,0,0,1,0,0,0,7,19
2024440307922,2024,440307922,455174,81550,-1.22126,50.63105,2,2,7,07:48,-1,E06000046,3,0,1,0,2,19,3,7,0,0,0,1,0,0,0,0,0,7,20
2024440308476,2024,440308476,444963,113021,-1.36178,50.91491,3,3,7,16:19,-1,E06000045,6,0,1,0,1,4,6,2,0,0,0,1,0,0,0,0,0,7,20
2024440308643,2024,440308643,450225,127405,-1.28495,51.04381,3,3,7,18:47,-1,E07000094,6,0,1,1,2,19,"[1, 5]","[5, 1]",0,0,0,1,0,0,0,0,0,7,20
2024440308793,2024,440308793,459368,99735,-1.15904,50.79415,3,3,4,10:34,-1,E07000088,6,0,1,0,1,"[19, 9]","[3, 7]","[7, 1]",0,0,0,1,0,1,0,0,0,7,17
2024440309090,2024,440309090,466097,104519,-1.06272,50.83644,3,3,1,00:24,-1,E06000044,3,2,1,0,1,19,7,3,0,0,0,1,0,0,0,0,0,7,21
2024440309159,2024,440309159,470354,106693,-1.00186,50.85548,3,3,1,01:26,-1,E07000090,4,2,1,0,1,19,7,3,0,1,2,1,0,0,0,0,0,7,21
2024440309450,2024,440309450,479644,150243,-0.86034,51.24581,2,2,1,11:07,-1,E07000089,3,0,1,0,2,"[13, 9]",3,"[7, 1]",0,0,"[10, 0]",1,0,1,0,0,0,7,21
2024440309468,2024,440309468,464744,99942,-1.08274,50.79544,2,2,1,11:28,-1,E06000044,6,0,1,0,1,19,8,4,0,0,0,1,0,0,0,0,1,7,21
2024440309506,2024,440309506,440693,119647,-1.42178,50.9748,3,3,1,12:06,-1,E07000093,6,0,1,0,2,"[5, 4]",8,4,0,0,0,1,0,0,0,0,0,7,21
2024440309600,2024,440309600,433923,145881,-1.51574,51.21113,3,3,1,13:40,-1,E07000093,3,0,1,0,2,19,7,3,0,0,0,1,0,1,0,0,0,7,21
2024440309681,2024,440309681,433112,116471,-1.53004,50.94673,3,3,1,14:47,-1,E07000091,3,0,1,0,2,19,5,"[1, 3]",0,0,0,1,0,0,0,0,0,7,21
2024440309689,2024,440309689,431140,94350,-1.55998,50.74792,3,3,1,14:48,-1,E07000091,3,0,1,0,1,"[15, 4]",3,7,0,0,0,1,0,0,0,0,0,7,21
2024440309744,2024,440309744,424712,103068,-1.65051,50.82663,3,3,1,15:35,-1,E07000091,3,0,1,0,2,"[4, 19]",2,6,0,0,0,1,0,0,0,0,0,7,21
2024440309864,2024,440309864,464522,98187,-1.0862,50.77968,2,2,1,16:53,-1,E06000044,6,0,1,0,2,19,3,7,0,0,0,0,0,0,0,1,0,7,21
2024440310641,2024,440310641,448159,110688,-1.31663,50.89367,3,3,2,08:09,-1,E07000086,6,0,1,1,2,"[14, 9]","[4, 6]","[8, 4]",0,0,0,1,0,1,0,0,0,7,22
2024440310706,2024,440310706,419362,96654,-1.7268,50.76915,3,3,2,09:04,-1,E07000091,6,0,1,0,2,"[19, 9]","[5, 1]","[1, 5]",0,0,"[4, 0]",1,0,0,0,0,0,7,22
2024440310723,2024,440310723,456941,124533,-1.18961,51.01736,2,2,2,09:17,-1,E07000094,6,0,2,1,2,19,"[5, 7]","[1, 3]",0,0,0,1,0,0,0,0,0,7,22
2024440311362,2024,440311362,438853,114807,-1.4485,50.93141,2,2,2,14:34,-1,E06000045,6,0,1,0,1,19,8,4,0,0,0,1,0,0,0,0,1,7,22
2024440311528,2024,440311528,458309,104079,-1.17338,50.83332,3,3,2,15:36,-1,E07000088,3,0,1,0,1,9,2,8,0,3,1,1,0,0,0,0,0,7,22
2024440311617,2024,440311617,442568,114649,-1.39566,50.92973,3,3,2,16:31,-1,E06000045,3,0,1,0,1,19,8,4,0,0,0,0,0,1,0,0,0,7,22
2024440311631,2024,440311631,446022,160823,-1.34063,51.34463,3,3,2,16:41,-1,E07000084,3,0,1,0,2,19,1,5,0,0,0,1,0,0,0,1,0,7,22
2024440311744,2024,440311744,476551,124564,-0.91009,51.01537,3,3,2,18:12,-1,E07000085,3,0,1,0,2,"[19, 9]","[3, 7]","[7, 5]",0,0,0,1,0,0,0,0,0,7,22
2024440312005,2024,440312005,481292,158556,-0.83484,51.32031,2,"[2, 3]",2,22:01,-1,E07000089,4,2,1,0,2,19,"[3, 5]","[5, 3]",0,0,0,1,0,0,0,0,0,7,22
2024440312262,2024,440312262,443977,119535,-1.37502,50.97356,3,3,3,07:17,-1,E07000086,1,0,1,0,1,19,6,2,0,0,0,1,0,0,0,0,0,7,23
2024440312873,2024,440312873,445151,118445,-1.35844,50.96367,2,2,3,13:18,-1,E07000086,6,0,1,0,1,19,3,7,0,0,0,1,0,0,0,0,1,7,23
2024440312905,2024,440312905,461810,105667,-1.1234,50.84723,3,3,3,13:30,-1,E07000087,3,0,1,0,1,19,"[1, 7]","[5, 3]",0,0,0,1,1,0,0,0,0,7,23
2024440313105,2024,440313105,434028,87081,-1.51972,50.6824,3,3,3,15:02,-1,E06000046,3,0,1,0,2,"[19, 2]","[7, 3]","[3, 7]",0,0,0,1,0,0,0,0,0,7,23
2024440313167,2024,440313167,462162,108371,-1.11794,50.87151,2,2,3,15:30,-1,E07000094,6,0,1,0,2,19,1,5,0,0,0,0,1,0,0,0,0,7,23
2024440313237,2024,440313237,452498,92955,-1.25747,50.73385,2,2,3,16:02,-1,E06000046,6,0,1,0,2,19,8,5,0,0,0,0,0,1,0,0,0,7,23
2024440313299,2024,440313299,442552,117939,-1.3955,50.95931,3,3,3,16:34,-1,E07000093,1,0,1,0,2,"[19, 12]",6,2,0,0,0,1,0,1,0,0,0,7,23
2024440313338,2024,440313338,471441,106834,-0.98639,50.85662,3,3,3,16:39,-1,E07000090,6,0,1,0,1,"[4, 3]",7,3,0,0,0,1,0,0,0,0,0,7,23
2024440313399,2024,440313399,487073,154524,-0.75289,51.28321,2,2,3,17:30,-1,E07000092,3,0,1,0,1,19,5,1,0,0,0,0,0,0,1,0,1,7,23
2024440313485,2024,440313485,487659,153682,-0.7447,51.27555,2,2,3,18:46,-1,E07000092,6,0,1,0,1,"[13, 9]",1,"[5, 7]",0,0,0,1,0,1,0,0,0,7,23
2024440313612,2024,440313612,431306,146824,-1.55313,51.21976,3,3,3,20:31,-1,E07000093,3,0,1,0,2,"[9, 19]","[2, 8]","[8, 4]",0,0,0,1,0,0,0,0,0,7,23
2024440314027,2024,440314027,446093,148319,-1.34122,51.2322,3,3,4,06:08,-1,E07000084,6,0,1,0,2,2,0,0,0,7,0,1,0,0,0,0,0,7,24
2024440314059,2024,440314059,464340,99622,-1.08853,50.7926,3,3,4,07:16,-1,E06000044,6,0,1,0,1,"[9, 19]","[7, 5]","[3, 1]",0,0,0,1,1,0,0,0,0,7,24
2024440314069,2024,440314069,453167,158973,-1.23833,51.32738,3,3,4,07:39,-1,E07000084,3,0,1,0,2,"[12, 19]",3,7,0,0,0,1,0,1,0,0,0,7,24
2024440314239,2024,440314239,439943,115155,-1.43295,50.93447,2,2,4,09:44,-1,E06000045,6,0,1,0,1,4,4,8,0,0,0,0,0,0,1,0,1,7,24
2024440314795,2024,440314795,457964,105961,-1.17798,50.85027,3,3,4,14:31,-1,E07000087,3,0,2,1,1,19,"[8, 5]","[5, 1]",0,0,0,0,1,0,0,0,0,7,24
2024440314938,2024,440314938,462050,99340,-1.12106,50.79032,2,2,4,15:36,-1,E07000088,6,0,1,0,2,19,2,6,0,0,0,0,0,1,0,0,0,7,24
2024440315196,2024,440315196,455599,92927,-1.21354,50.73331,3,3,4,10:55,-1,E06000046,6,0,1,0,2,19,5,1,0,0,0,1,0,0,0,0,1,7,24
2024440315209,2024,440315209,453106,159006,-1.2392,51.32768,3,3,4,18:18,-1,E07000084,3,0,1,0,2,"[19, 9]","[4, 8]","[8, 6]",0,0,0,1,0,0,0,0,0,7,24
2024440315785,2024,440315785,464703,154277,-1.07363,51.28397,2,2,5,06:14,-1,E07000084,6,0,1,0,1,"[19, 4]",4,8,0,0,0,1,1,0,0,0,0,7,25
2024440315988,2024,440315988,445631,114420,-1.3521,50.92744,3,3,5,09:48,-1,E07000086,6,0,1,1,1,9,1,6,0,0,0,0,0,1,0,0,0,7,25
2024440316401,2024,440316401,455116,126296,-1.21536,51.03339,2,2,5,13:58,-1,E07000094,6,0,2,1,2,19,"[2, 1]","[6, 5]",0,0,0,1,0,0,0,0,0,7,25
2024440316466,2024,440316466,427567,112193,-1.60929,50.90855,3,3,5,14:30,-1,E07000091,3,0,1,0,2,"[19, 4]",2,6,0,0,0,1,0,0,0,0,0,7,25
2024440316695,2024,440316695,463920,99270,-1.09455,50.78948,3,3,5,16:11,-1,E06000044,6,0,2,1,1,"[5, 2]","[3, 0]","[7, 0]","[4, 0]","[7, 0]","[2, 0]",1,0,0,0,0,0,7,25
2024440316875,2024,440316875,472663,109876,-0.96843,50.88381,3,3,5,17:48,-1,E07000085,4,0,2,1,1,19,"[7, 3]","[3, 7]",0,0,0,1,0,0,0,0,0,7,25
2024440316990,2024,440316990,486531,150825,-0.76155,51.25004,3,3,5,19:26,-1,E07000092,3,0,2,1,1,19,3,7,0,2,2,1,0,0,0,0,0,7,25
2024440317038,2024,440317038,470237,114267,-1.00207,50.92359,3,3,5,20:11,-1,E07000085,6,0,1,1,1,19,4,8,0,0,4,1,0,0,0,0,0,7,25
2024440318215,2024,440318215,443948,161294,-1.37034,51.34903,2,"[3, 2]",6,15:37,-1,E07000084,3,0,1,0,2,19,1,0,"[6, 0]",0,"[0, 11]",1,0,0,0,0,0,7,26
2024440318229,2024,440318229,457573,106215,-1.18349,50.85259,2,2,6,14:37,-1,E07000087,6,0,1,0,1,9,3,1,0,0,0,1,0,0,0,0,1,7,26
2024440318319,2024,440318319,468131,110675,-1.0327,50.89155,2,2,6,16:30,-1,E07000090,6,0,1,0,1,19,1,5,0,0,0,1,0,0,0,0,1,7,26
2024440318419,2024,440318419,440005,113705,-1.43223,50.92142,3,3,6,17:32,-1,E06000045,6,0,1,0,1,19,8,4,0,0,0,0,0,0,0,0,1,7,26
2024440318524,2024,440318524,406377,121690,-1.91051,50.99457,2,2,6,19:15,-1,E07000091,3,0,1,0,2,"[9, 19]",7,3,0,0,0,0,0,1,0,1,0,7,26
2024440318796,2024,440318796,450496,109369,-1.28358,50.88161,3,3,6,22:34,-1,E07000087,1,2,1,0,1,"[12, 19]",4,8,0,"[0, 4]","[0, 6]",1,0,0,0,0,0,7,26
2024440318912,2024,440318912,449802,116176,-1.29252,50.94288,3,3,7,00:09,-1,E07000086,6,2,1,0,2,19,1,3,9,7,1,1,0,0,0,0,0,7,27
2024440319033,2024,440319033,478457,126926,-0.88241,51.03635,3,3,7,02:05,-1,E07000085,4,2,1,0,2,19,3,8,10,0,0,1,0,0,0,0,0,7,27
2024440319190,2024,440319190,461073,99646,-1.13487,50.79317,3,3,7,08:13,-1,E07000088,6,0,1,0,1,"[9, 19]",7,3,0,0,0,1,0,1,0,0,0,7,27
2024440319355,2024,440319355,444704,162932,-1.35928,51.3637,2,2,7,11:17,-1,E07000084,3,0,1,0,2,"[4, 19]",4,8,0,"[0, 1]",0,0,0,0,0,1,0,7,27
2024440319587,2024,440319587,438760,83585,-1.45311,50.65066,3,3,7,15:06,-1,E06000046,3,0,1,0,2,"[9, 19]","[7, 3]","[3, 7]",0,0,0,1,0,0,0,0,0,7,27
2024440319606,2024,440319606,464983,99809,-1.07937,50.79421,3,3,7,15:20,-1,E06000044,6,0,1,0,1,"[19, 3]",5,1,0,0,0,1,0,0,0,0,0,7,27
2024440320067,2024,440320067,463434,152359,-1.09217,51.26686,3,3,7,21:45,-1,E07000084,6,2,1,0,1,19,1,5,0,0,0,1,0,0,0,0,1,7,27
2024440320113,2024,440320113,434306,86022,-1.51588,50.67286,3,3,7,22:29,-1,E06000046,6,2,1,0,2,"[2, 19]","[0, 4]","[0, 7]","[10, 0]","[7, 0]","[11, 0]",1,0,0,0,0,0,7,27
2024440320358,2024,440320358,449690,118633,-1.29378,50.96498,3,3,1,02:18,-1,E07000086,4,2,1,0,1,19,3,7,10,1,11,1,0,0,0,0,0,7,28
2024440320366,2024,440320366,430583,134849,-1.56449,51.11212,2,"[3, 2]",1,02:18,-1,E07000093,3,2,1,0,2,19,8,4,0,7,4,1,0,0,0,0,0,7,28
2024440320692,2024,440320692,449250,111699,-1.30098,50.90267,1,1,1,11:37,-1,E07000086,6,0,1,0,2,19,"[2, 6]","[6, 2]",0,0,0,1,0,1,0,0,0,7,28
2024440320758,2024,440320758,446526,124553,-1.33808,51.01848,3,3,1,13:01,-1,E07000094,1,0,1,0,2,"[19, 4]",2,6,0,0,0,1,0,0,0,0,0,7,28
2024440320761,2024,440320761,462953,152301,-1.09907,51.2664,3,3,1,13:01,-1,E07000084,3,0,1,0,1,"[9, 19]","[3, 7]","[1, 3]",0,0,0,1,0,0,0,0,0,7,28
2024440320965,2024,440320965,487366,154334,-0.74874,51.28146,3,3,1,16:07,-1,E07000092,6,0,1,0,1,"[19, 9]","[6, 7]","[2, 6]",0,0,0,1,0,0,0,0,0,7,28
2024440321006,2024,440321006,442323,112049,-1.39944,50.90637,2,2,1,16:49,-1,E06000045,6,0,1,0,1,19,"[3, 7]","[7, 3]",0,0,0,0,1,0,0,0,0,7,28
2024440321538,2024,440321538,443060,115637,-1.38854,50.93858,2,2,2,00:44,-1,E06000045,3,2,1,0,1,"[9, 19]","[7, 3]","[5, 7]",0,"[7, 0]","[11, 0]",1,0,1,0,0,0,7,29
2024440321736,2024,440321736,457073,92275,-1.19276,50.7273,2,2,2,08:18,-1,E06000046,3,0,1,0,1,"[19, 3]",3,7,0,0,0,1,0,1,0,0,0,7,29
2024440322414,2024,440322414,469761,105888,-1.01044,50.84832,3,3,2,15:17,-1,E07000090,3,0,1,0,2,19,5,1,0,7,11,1,0,0,0,0,0,7,29
2024440322439,2024,440322439,457612,107608,-1.18272,50.86512,3,3,2,15:32,-1,E07000087,3,0,1,0,1,"[5, 7]","[5, 1]","[1, 7]",0,0,0,1,0,0,0,0,0,7,29
2024440322704,2024,440322704,466963,105655,-1.05022,50.84655,3,3,2,18:23,-1,E06000044,6,0,1,0,1,"[13, 9]",3,"[7, 1]",0,0,0,1,0,0,0,0,0,7,29
2024440322928,2024,440322928,463377,152320,-1.09299,51.26652,2,2,2,21:17,-1,E07000084,3,2,1,0,1,"[19, 3]",7,3,0,0,0,1,0,1,0,0,0,7,29
2024440323188,2024,440323188,449687,130026,-1.29227,51.06742,2,2,3,02:05,-1,E07000094,1,2,1,0,1,19,1,5,0,0,0,1,0,0,1,0,0,7,30
2024440323424,2024,440323424,470563,112376,-0.9978,50.90655,3,3,3,09:00,-1,E07000085,4,0,1,0,2,19,3,6,0,1,7,1,0,0,0,0,0,7,30
2024440323515,2024,440323515,444417,120227,-1.36867,50.97975,2,"[3, 2]",3,08:58,-1,E07000086,1,0,1,0,2,4,2,6,0,0,0,1,0,0,0,0,0,7,30
2024440323582,2024,440323582,481250,149426,-0.83752,51.23824,2,"[2, 3]",3,10:18,-1,E07000089,3,0,1,0,2,"[4, 19]",4,8,0,0,0,1,0,0,0,0,0,7,30
2024440324307,2024,440324307,440356,113279,-1.42728,50.91757,3,3,3,16:40,-1,E06000045,3,0,1,0,1,19,8,4,0,0,0,0,0,0,1,0,1,7,30
2024440324340,2024,440324340,466183,99786,-1.06235,50.79387,3,3,3,15:00,-1,E06000044,3,0,1,0,1,"[13, 19]",2,6,0,0,0,1,0,0,0,0,0,7,30
2024440324346,2024,440324346,432605,146229,-1.53458,51.21434,3,3,3,15:45,-1,E07000093,3,0,1,0,2,19,7,2,0,0,0,0,0,1,0,0,0,7,30
2024440324496,2024,440324496,464787,107114,-1.08087,50.85992,2,2,3,19:01,-1,E07000094,6,0,1,0,2,19,"[1, 6]","[6, 1]",0,0,0,1,1,0,0,0,0,7,30
2024440324505,2024,440324505,425488,94265,-1.6401,50.74743,2,"[3, 2]",3,19:09,-1,E07000091,3,0,1,0,2,19,"[7, 3]","[3, 7]","[0, 10]",0,0,1,0,0,0,0,0,7,30
2024440324524,2024,440324524,456038,100791,-1.20612,50.80397,3,3,3,19:22,-1,E07000088,6,0,1,0,1,"[9, 19]","[4, 8]","[2, 4]",0,0,0,1,0,0,0,0,0,7,30
2024440324569,2024,440324569,442478,111013,-1.39736,50.89704,2,"[3, 2]",3,19:58,-1,E06000045,6,0,1,0,1,"[9, 19]","[3, 7]","[2, 3]",0,0,0,1,0,0,0,0,0,7,30
2024440324616,2024,440324616,459747,101494,-1.15338,50.80993,3,3,3,18:00,-1,E07000088,3,0,1,0,1,"[19, 9]","[5, 7]","[1, 5]",0,0,0,1,1,0,0,0,0,7,30
2024440324676,2024,440324676,452462,136181,-1.25177,51.12252,2,2,3,21:18,-1,E07000094,1,2,1,0,2,19,5,1,0,0,6,1,0,0,0,0,0,7,30
2024440324724,2024,440324724,451718,108345,-1.26636,50.8723,3,3,3,21:55,-1,E07000087,3,2,1,0,1,"[3, 19]",4,8,0,0,0,1,0,0,0,0,0,7,30
2024440325209,2024,440325209,467732,121874,-1.03629,50.99229,2,2,3,11:20,-1,E07000085,6,0,1,0,2,14,7,3,0,0,0,1,0,0,0,0,1,7,30
2024440325293,2024,440325293,453422,88086,-1.24508,50.68998,3,3,4,10:05,-1,E06000046,6,0,1,0,2,"[19, 14]","[6, 2]","[2, 6]",0,0,0,1,0,0,0,0,0,7,31
2024440325336,2024,440325336,485696,155252,-0.77245,51.28996,3,3,4,10:49,-1,E07000092,6,0,1,0,1,19,"[7, 3]","[3, 7]",0,0,0,1,0,0,0,0,0,7,31
2024440325383,2024,440325383,415486,111549,-1.78114,50.90321,3,3,4,11:01,-1,E07000091,6,0,1,0,2,"[10, 19, 9]",5,3,0,"[7, 0]","[9, 0]",1,0,0,1,0,0,7,31
2024440325719,2024,440325719,459070,99772,-1.16326,50.79451,3,3,4,13:41,-1,E07000088,6,0,1,0,1,19,2,6,0,0,0,1,0,0,0,0,0,7,31
2024440325810,2024,440325810,466997,127466,-1.04573,51.04265,3,3,4,14:57,-1,E07000085,6,0,1,0,2,"[9, 19]","[1, 5]","[7, 1]",0,0,0,1,0,0,0,0,0,7,31