collision_index,collision_year,collision_ref_no,location_easting_osgr,location_northing_osgr,longitude,latitude,casualty_severity,casualty_severity,day_of_week,time,local_authority_district,local_authority_ons_district,first_road_class,light_conditions,weather_conditions,road_surface_conditions,urban_or_rural_area,vehicle_manoeuvre,vehicle_direction_from,vehicle_direction_to,hit_object_in_carriageway,vehicle_leaving_carriageway,hit_object_off_carriageway,is_car,is_cyle,is_mcyle,is_goodsv,is_other,is_pedestrian,month,day
2024440344601,2024,440344601,449899,113248,-1.29154,50.91655,2,2,1,09:15,-1,E07000086,3,0,1,0,1,19,"[6, 8]","[2, 4]",0,0,0,1,1,0,0,0,0,8,11
2024440345082,2024,440345082,456726,145301,-1.18942,51.20411,2,2,2,16:56,-1,E07000084,3,0,1,0,2,"[19, 9]","[6, 2]","[2, 6]",0,0,0,1,0,1,0,0,0,8,12
2024440345127,2024,440345127,445210,119077,-1.35752,50.96934,2,2,2,17:00,-1,E07000086,6,0,1,0,1,19,5,1,0,0,0,1,0,0,0,0,1,8,12
2024440345295,2024,440345295,459998,107682,-1.14881,50.86554,2,2,2,19:35,-1,E07000087,6,0,1,0,2,19,2,6,0,0,0,0,0,1,0,0,0,8,12
2024440345305,2024,440345305,472630,107655,-0.96934,50.86385,2,2,2,19:51,-1,E07000090,6,0,1,0,1,19,6,2,0,0,0,0,1,0,0,0,0,8,12
2024440345502,2024,440345502,415820,105277,-1.77666,50.8468,3,3,2,23:17,-1,E07000091,6,2,1,0,1,19,"[0, 7]","[0, 3]","[0, 4]",0,0,1,0,0,0,0,0,8,12
2024440346335,2024,440346335,486892,155701,-0.7552,51.29382,2,2,3,11:20,-1,E07000092,4,0,1,0,1,9,1,3,0,0,0,1,1,0,0,0,0,8,13
2024440346542,2024,440346542,445705,119066,-1.35047,50.96921,2,2,3,15:00,-1,E07000086,3,0,1,0,1,19,"[1, 3]","[5, 7]",0,0,0,1,1,0,0,0,0,8,13
2024440346768,2024,440346768,461145,162482,-1.12324,51.35813,3,3,3,16:59,-1,E07000084,6,0,1,0,1,19,7,3,0,0,0,1,0,0,0,0,0,8,13
2024440346815,2024,440346815,464507,100767,-1.08596,50.80288,3,3,3,15:31,-1,E06000044,3,0,1,0,1,19,3,7,0,0,0,1,0,1,0,0,0,8,13
2024440347160,2024,440347160,462034,106902,-1.12001,50.85831,1,1,3,21:44,-1,E07000087,6,2,1,0,2,19,3,7,0,0,0,1,1,0,0,0,0,8,13
2024440347575,2024,440347575,446034,153846,-1.34135,51.2819,3,3,3,08:00,-1,E07000084,3,0,1,0,2,19,1,5,0,0,0,1,0,0,0,0,0,8,13
2024440347694,2024,440347694,439043,114351,-1.44584,50.9273,3,3,3,20:00,-1,E06000045,6,0,1,0,1,19,3,7,0,0,0,1,0,0,0,0,1,8,13
2024440347701,2024,440347701,464981,101281,-1.07914,50.80745,3,3,4,09:56,-1,E06000044,6,0,1,0,1,"[2, 19]","[0, 3]","[0, 7]",0,0,0,1,1,0,0,0,0,8,14
2024440348046,2024,440348046,461860,153100,-1.1146,51.2737,3,3,4,13:15,-1,E07000084,6,0,1,0,1,19,4,8,10,0,0,0,0,1,0,0,0,8,14
2024440348257,2024,440348257,462097,150396,-1.11167,51.24936,3,3,4,14:53,-1,E07000084,6,0,2,1,1,19,"[1, 5]","[6, 1]",0,0,0,1,0,0,0,0,0,8,14
2024440348420,2024,440348420,454265,106051,-1.23051,50.85144,3,3,3,16:45,-1,E07000087,3,0,1,0,2,19,8,4,0,0,0,1,1,0,0,0,0,8,13
2024440348488,2024,440348488,464580,100942,-1.08489,50.80444,3,3,4,16:30,-1,E06000044,6,0,1,0,1,19,"[6, 8]","[2, 4]",0,0,0,0,1,1,0,0,0,8,14
2024440348542,2024,440348542,441742,113185,-1.40758,50.91662,3,3,4,17:00,-1,E06000045,6,0,2,1,1,19,7,3,0,0,0,1,0,1,0,0,0,8,14
2024440348696,2024,440348696,446957,125663,-1.33179,51.02842,2,2,4,18:50,-1,E07000094,6,0,2,1,2,"[9, 19]","[7, 5]","[3, 2]",0,0,0,1,0,1,0,0,0,8,14
2024440349050,2024,440349050,442559,113203,-1.39595,50.91673,2,2,3,17:50,-1,E06000045,3,0,1,0,1,19,5,1,0,0,0,0,0,1,0,0,1,8,13
2024440349232,2024,440349232,405138,121046,-1.92817,50.98879,3,3,5,07:50,-1,E07000091,3,0,1,0,2,"[9, 19]","[6, 2]","[2, 6]",0,"[0, 6]","[0, 1]",1,0,0,0,0,0,8,15
2024440349365,2024,440349365,472121,102080,-0.97767,50.81379,3,3,5,10:45,-1,E07000090,3,0,1,0,2,19,"[8, 4]","[4, 8]",0,0,0,1,0,0,0,0,0,8,15
2024440349797,2024,440349797,458633,132084,-1.16427,51.08509,3,3,5,13:25,-1,E07000094,6,0,1,0,2,19,8,4,0,0,0,0,0,0,0,1,0,8,15
2024440350250,2024,440350250,457571,106374,-1.1835,50.85402,3,3,5,16:00,-1,E07000087,6,0,1,0,1,1,5,1,0,0,0,1,0,0,0,0,1,8,15
2024440350567,2024,440350567,440499,112398,-1.42535,50.90964,3,3,5,22:16,-1,E06000045,6,2,1,0,1,"[1, 2]","[5, 0]","[1, 0]",0,0,0,1,0,0,0,0,1,8,15
2024440350908,2024,440350908,464390,101190,-1.08754,50.8067,3,3,5,19:36,-1,E06000044,3,0,8,0,1,19,1,5,0,0,0,1,0,0,0,0,0,8,15
2024440351028,2024,440351028,466844,158872,-1.04208,51.32503,2,2,5,15:30,-1,E07000084,6,0,1,0,2,19,7,3,0,0,0,1,0,1,0,0,0,8,15
2024440351170,2024,440351170,483887,131689,-0.80389,51.0784,3,3,6,10:19,-1,E07000085,4,0,1,0,2,"[19, 1]","[0, 7]","[0, 3]","[0, 4]",0,0,1,0,0,0,0,1,8,16
2024440351203,2024,440351203,443293,87159,-1.38858,50.68248,2,"[2, 3]",6,10:38,-1,E06000046,4,0,1,0,2,19,"[2, 6]","[6, 2]",0,0,0,1,0,0,0,0,0,8,16
2024440351322,2024,440351322,460032,91750,-1.15092,50.72228,2,2,5,16:30,-1,E06000046,4,0,1,0,1,9,"[8, 6]","[6, 2]",0,0,0,1,0,1,0,0,0,8,15
2024440351330,2024,440351330,447757,126582,-1.32026,51.03662,3,3,6,11:55,-1,E07000094,1,0,1,0,2,"[4, 3]",2,6,0,0,0,1,0,0,0,0,0,8,16
2024440351514,2024,440351514,479745,134263,-0.86243,51.10213,3,3,6,13:30,-1,E07000085,6,0,1,0,1,"[9, 19]","[7, 1]",5,0,0,0,1,0,0,0,0,0,8,16
2024440351680,2024,440351680,443226,116708,-1.38605,50.94819,2,2,6,14:42,-1,E07000093,1,0,1,0,2,"[12, 19]",7,3,"[2, 0]",0,0,1,0,0,0,0,0,8,16
2024440351834,2024,440351834,445144,111826,-1.35935,50.90415,3,3,4,16:56,-1,E06000045,6,0,2,1,1,"[3, 1]",8,4,0,0,0,1,0,1,0,0,0,8,14
2024440351897,2024,440351897,472341,161303,-0.96271,51.34621,3,3,6,16:32,-1,E07000089,6,0,1,0,2,4,8,4,0,0,0,1,0,0,0,0,0,8,16
2024440352005,2024,440352005,465995,102384,-1.06456,50.81725,2,2,6,17:37,-1,E06000044,3,0,1,0,1,19,5,1,0,0,0,1,0,0,0,0,0,8,16
2024440352086,2024,440352086,461226,118684,-1.12952,50.96433,3,3,6,18:44,-1,E07000094,4,0,1,0,2,19,1,4,0,0,0,0,0,1,0,0,0,8,16
2024440352087,2024,440352087,443526,104005,-1.38329,50.83395,3,3,6,18:43,-1,E07000091,3,0,1,0,1,19,"[5, 7]","[1, 3]",0,0,0,1,0,0,0,0,0,8,16
2024440352481,2024,440352481,439281,110249,-1.4429,50.8904,1,"[1, 3]",6,23:29,-1,E07000091,6,2,1,0,2,19,8,6,0,1,4,1,0,0,0,0,0,8,16
2024440352579,2024,440352579,451114,121477,-1.27311,50.99043,3,3,7,00:45,-1,E07000094,6,2,1,0,2,19,7,3,0,0,0,1,0,0,0,0,0,8,17
2024440352736,2024,440352736,485873,155496,-0.76986,51.29213,3,3,6,17:49,-1,E07000092,4,0,1,0,1,19,"[3, 1]","[7, 5]",0,0,0,1,0,0,0,0,0,8,16
2024440352741,2024,440352741,443670,116156,-1.3798,50.9432,3,3,6,20:08,-1,E06000045,6,0,1,0,1,19,1,5,0,0,0,1,0,0,0,0,0,8,16
2024440352757,2024,440352757,481627,156006,-0.83062,51.29734,2,2,7,07:01,-1,E07000089,6,0,1,0,1,19,7,5,0,0,0,0,0,1,0,0,0,8,17
2024440352878,2024,440352878,437200,113895,-1.47211,50.92332,2,2,7,10:10,-1,E06000045,6,0,1,0,1,"[9, 19]","[4, 8]","[2, 4]",0,0,0,1,1,0,0,0,0,8,17
2024440353364,2024,440353364,469287,153139,-1.00814,51.2732,2,2,7,16:53,-1,E07000084,3,0,1,0,2,19,7,3,0,1,1,1,0,0,0,0,0,8,17
2024440353581,2024,440353581,459329,92918,-1.16069,50.73286,3,3,7,20:05,-1,E06000046,3,0,1,0,1,19,7,3,0,0,0,1,0,0,0,0,1,8,17
2024440353787,2024,440353787,442868,115843,-1.39125,50.94044,3,3,7,23:30,-1,E06000045,6,2,1,0,1,"[19, 2]","[7, 0]","[3, 0]","[4, 0]",0,0,1,0,0,0,0,0,8,17
2024440354001,2024,440354001,473454,140321,-0.95103,51.15744,3,3,1,03:59,-1,E07000085,4,2,1,0,2,19,8,2,0,7,2,1,0,0,0,0,0,8,18
2024440354044,2024,440354044,439478,117929,-1.43927,50.95944,3,3,1,00:20,-1,E07000093,1,2,1,0,2,"[19, 11]",7,3,0,0,0,1,0,0,0,0,0,8,18
2024440354147,2024,440354147,442182,112475,-1.4014,50.91021,3,3,6,15:10,-1,E06000045,6,0,1,0,1,"[3, 19]",3,7,0,0,0,1,0,0,0,0,0,8,16
2024440354166,2024,440354166,449575,130496,-1.2938,51.07166,3,3,1,09:18,-1,E07000094,1,0,1,0,2,19,5,"[1, 2]",0,0,0,1,0,0,0,0,0,8,18
2024440354547,2024,440354547,461485,99820,-1.129,50.79469,3,3,1,15:36,-1,E07000088,6,0,1,0,1,"[19, 9]","[7, 1]","[3, 7]",0,0,0,1,0,0,1,0,0,8,18
2024440354727,2024,440354727,452479,110949,-1.25517,50.89564,2,2,1,18:05,-1,E07000094,6,0,1,0,2,"[19, 2]","[8, 0]","[5, 0]",0,"[1, 0]",0,1,0,1,0,0,0,8,18
2024440354855,2024,440354855,462063,153017,-1.1117,51.27293,2,2,1,20:19,-1,E07000084,3,2,1,0,1,19,1,5,0,0,0,1,0,1,0,0,0,8,18
2024440355154,2024,440355154,434669,144666,-1.50518,51.20016,2,"[3, 2]",2,01:52,-1,E07000093,3,2,1,0,1,19,"[3, 7]","[7, 3]",0,0,0,1,0,0,0,0,0,8,19
2024440355754,2024,440355754,464442,100702,-1.08689,50.8023,3,3,2,12:01,-1,E06000044,6,0,1,0,1,"[1, 19]","[8, 6]","[4, 2]",0,0,0,1,0,0,0,1,0,8,19
2024440355780,2024,440355780,455575,161977,-1.2033,51.35416,3,3,2,12:16,-1,E07000084,4,0,1,0,2,19,1,5,0,2,3,1,0,0,0,0,0,8,19
2024440355852,2024,440355852,442013,111128,-1.40396,50.89811,2,2,2,12:55,-1,E06000045,6,0,1,0,1,9,5,3,0,0,0,0,0,1,0,0,0,8,19
2024440355870,2024,440355870,442276,112745,-1.40003,50.91263,3,3,2,11:22,-1,E06000045,3,0,1,0,1,"[13, 19]",6,2,0,0,0,1,0,0,0,0,0,8,19
2024440356031,2024,440356031,464499,100768,-1.08607,50.80289,2,2,2,14:22,-1,E06000044,3,0,1,0,1,19,"[3, 1]","[6, 5]",0,0,0,1,0,0,0,0,0,8,19
2024440356136,2024,440356136,442939,163176,-1.38461,51.36603,2,2,2,15:09,-1,E07000084,6,0,1,0,2,"[9, 19]","[3, 7]","[7, 3]",0,0,0,1,0,1,0,0,0,8,19
2024440356212,2024,440356212,481201,156708,-0.83657,51.30371,3,3,2,15:47,-1,E07000089,6,0,1,0,2,"[9, 19]","[7, 5]","[5, 1]",0,0,0,1,0,0,0,0,0,8,19
2024440356764,2024,440356764,457883,146236,-1.17271,51.2124,3,3,2,23:28,-1,E07000084,1,2,1,0,2,19,6,2,0,0,7,1,0,0,0,0,0,8,19
2024440356866,2024,440356866,427735,148869,-1.6041,51.23833,3,3,3,01:33,-1,E07000093,6,2,2,1,2,19,8,5,0,1,3,1,0,0,0,0,0,8,20
2024440356900,2024,440356900,459513,119153,-1.15383,50.96873,3,3,3,03:30,-1,E07000094,6,2,2,1,2,19,8,4,0,0,4,1,0,0,0,0,0,8,20
2024440357098,2024,440357098,445347,118242,-1.35567,50.96182,3,3,3,08:52,-1,E07000086,6,0,1,0,1,19,"[8, 0]",4,0,0,0,1,0,1,0,0,0,8,20
2024440358042,2024,440358042,487159,156912,-0.75107,51.30467,3,3,3,17:00,-1,E07000092,3,0,1,0,1,"[9, 19]",1,5,0,0,0,1,0,0,0,0,0,8,20
2024440358055,2024,440358055,451008,95156,-1.27828,50.75377,3,3,3,17:31,-1,E06000046,3,0,1,0,1,"[19, 7]",1,5,0,0,0,1,1,0,0,0,0,8,20
2024440358148,2024,440358148,458201,85819,-1.17779,50.66914,2,2,3,19:02,-1,E06000046,6,0,1,0,2,"[19, 1]","[4, 2]",6,0,0,0,0,0,1,0,1,0,8,20
2024440358214,2024,440358214,473218,160873,-0.95021,51.34224,3,3,3,19:45,-1,E07000089,4,0,1,0,2,"[19, 5]","[7, 3]","[4, 2]",0,0,0,1,0,0,0,0,0,8,20
2024440358223,2024,440358223,472728,152702,-0.95891,51.26884,2,2,3,19:50,-1,E07000089,3,0,1,0,2,"[19, 4]","[4, 6]","[8, 2]",0,0,0,1,0,0,0,0,0,8,20
2024440358618,2024,440358618,456943,124538,-1.18958,51.01741,2,2,3,19:40,-1,E07000094,6,0,1,0,2,19,"[6, 3]","[2, 7]",0,0,0,1,1,0,0,0,0,8,20
2024440358936,2024,440358936,468302,109352,-1.03051,50.87963,2,2,4,10:51,-1,E07000090,6,0,1,0,1,6,2,3,0,0,0,1,0,0,0,0,0,8,21
2024440358946,2024,440358946,465762,105282,-1.06734,50.84333,3,3,4,10:07,-1,E06000044,6,0,1,0,1,1,3,7,0,0,0,1,0,0,0,0,1,8,21
2024440359044,2024,440359044,448979,127810,-1.30267,51.04756,3,3,4,11:48,-1,E07000094,1,0,1,0,2,19,1,5,0,0,0,0,0,0,0,1,0,8,21
2024440359169,2024,440359169,464477,99354,-1.08663,50.79018,3,3,4,12:54,-1,E06000044,6,0,4,0,1,"[2, 19]","[0, 5]","[0, 2]","[0, 8]",0,0,1,1,0,0,0,0,8,21
2024440359443,2024,440359443,462183,151823,-1.11019,51.26218,2,2,4,15:00,-1,E07000084,6,0,1,0,1,19,"[2, 1]","[6, 5]",0,0,0,1,1,0,0,0,0,8,21
2024440359594,2024,440359594,464947,102348,-1.07944,50.81705,3,3,4,16:20,-1,E06000044,6,0,1,0,1,19,"[3, 8]","[7, 5]",0,0,0,1,1,0,0,0,0,8,21
2024440359715,2024,440359715,466913,110826,-1.04999,50.89305,3,3,4,17:25,-1,E07000094,4,0,1,0,2,"[19, 3]",8,4,0,0,0,1,0,1,0,0,0,8,21
2024440359723,2024,440359723,475082,124892,-0.93096,51.01851,2,2,4,17:41,-1,E07000085,3,0,1,0,2,12,4,6,0,0,0,1,0,0,0,0,0,8,21
2024440359790,2024,440359790,481950,158935,-0.82532,51.32362,2,"[3, 2]",4,18:54,-1,E07000089,3,0,1,0,2,19,"[1, 6]","[5, 1]",0,0,0,1,0,0,0,0,0,8,21
2024440359801,2024,440359801,478618,132304,-0.87895,51.08468,2,2,4,19:06,-1,E07000085,3,0,1,0,2,"[9, 19]",6,"[7, 2]",0,0,0,1,0,1,0,0,0,8,21
2024440359888,2024,440359888,452310,81128,-1.26181,50.62751,3,3,4,20:21,-1,E06000046,6,2,1,0,2,19,2,6,0,0,0,1,0,0,0,0,0,8,21
2024440360128,2024,440360128,442949,119048,-1.38972,50.96926,3,3,4,23:53,-1,E07000086,6,2,1,0,1,5,4,7,0,0,0,1,0,0,0,0,0,8,21
2024440360398,2024,440360398,471302,108690,-0.98801,50.87332,3,3,4,16:25,-1,E07000090,6,0,1,0,1,19,"[3, 1]","[7, 0]",0,0,0,1,0,0,0,0,0,8,21
2024440360755,2024,440360755,460253,99544,-1.14652,50.79234,3,3,5,12:40,-1,E07000088,4,0,5,1,1,19,7,3,0,0,0,1,0,0,0,0,0,8,22
2024440360963,2024,440360963,466858,102752,-1.05224,50.82046,2,2,5,14:35,-1,E06000044,6,0,1,1,1,"[9, 19]","[1, 4]",8,0,0,0,1,0,0,0,0,0,8,22
2024440360967,2024,440360967,435638,135097,-1.49226,51.11406,3,3,5,14:38,-1,E07000093,3,0,1,0,2,"[1, 19]","[0, 3]","[1, 7]",0,0,0,1,0,0,0,0,0,8,22
2024440361176,2024,440361176,435316,113250,-1.49898,50.91764,3,3,5,16:25,-1,E07000091,3,0,1,0,1,19,7,3,0,0,0,0,0,0,0,0,1,8,22
2024440361425,2024,440361425,442219,111897,-1.40094,50.90501,3,3,5,20:10,-1,E06000045,6,0,2,1,1,19,"[7, 5]","[3, 1]",0,0,0,1,0,0,0,0,0,8,22
2024440361438,2024,440361438,436165,142171,-1.48402,51.17764,2,2,5,20:16,-1,E07000093,6,2,1,0,2,19,1,5,0,0,0,0,1,0,0,0,0,8,22
2024440361517,2024,440361517,456243,115425,-1.20097,50.93554,2,2,5,21:36,-1,E07000094,4,2,2,1,2,"[19, 9]",5,"[1, 3]",0,0,0,1,0,1,0,0,0,8,22
2024440361914,2024,440361914,437324,114052,-1.47033,50.92472,3,3,6,08:50,-1,E06000045,1,0,1,0,2,19,1,5,0,0,0,1,0,1,1,0,0,8,23
2024440361923,2024,440361923,439125,119156,-1.44416,50.9705,2,2,6,09:04,-1,E07000093,6,0,1,0,2,19,1,5,0,0,0,0,1,0,0,0,0,8,23
2024440362074,2024,440362074,465627,104560,-1.06939,50.83686,2,2,6,10:55,-1,E06000044,3,0,1,0,1,19,3,7,0,0,0,1,0,1,0,0,0,8,23
2024440362227,2024,440362227,484802,155889,-0.78512,51.29582,2,2,6,12:38,-1,E07000092,4,0,1,0,1,"[2, 19]","[0, 7]","[0, 3]",0,0,0,1,1,0,0,0,0,8,23
2024440362358,2024,440362358,473034,140569,-0.95699,51.15972,3,3,6,13:31,-1,E07000085,6,0,1,0,1,"[9, 19]","[4, 6]","[1, 4]",0,0,0,1,0,0,0,0,0,8,23
2024440362375,2024,440362375,436202,111916,-1.48651,50.90559,3,3,6,13:30,-1,E07000091,3,0,1,0,2,"[3, 19]",5,1,0,0,0,1,0,0,0,0,0,8,23
2024440362419,2024,440362419,461065,149864,-1.12654,51.24469,2,"[2, 3]",6,14:03,-1,E07000084,3,0,1,0,1,4,2,6,0,0,0,1,0,0,1,0,0,8,23
2024440362603,2024,440362603,449170,128129,-1.2999,51.05041,3,3,6,15:32,-1,E07000094,3,0,1,0,2,"[7, 19]","[3, 5]","[5, 7]",0,0,"[1, 0]",1,0,0,0,0,0,8,23
2024440362632,2024,440362632,452490,138280,-1.25107,51.14139,2,2,6,15:43,-1,E07000094,3,0,1,0,2,19,2,6,0,0,0,1,0,1,0,0,0,8,23
2024440362665,2024,440362665,448198,128131,-1.31377,51.05051,3,3,6,15:45,-1,E07000094,6,0,1,0,2,19,"[8, 4]","[4, 8]",0,0,0,1,0,0,0,0,0,8,23
2024440362709,2024,440362709,456090,126934,-1.20137,51.03903,2,2,6,16:34,-1,E07000094,3,0,1,0,2,"[19, 9]",7,3,0,0,0,1,0,1,0,0,0,8,23
2024440362783,2024,440362783,465568,102342,-1.07062,50.81692,3,3,6,16:00,-1,E06000044,6,0,1,0,1,19,5,1,0,0,0,1,0,0,0,0,1,8,23
2024440362859,2024,440362859,442750,111138,-1.39348,50.89814,3,3,6,16:30,-1,E06000045,6,0,1,0,1,"[9, 19]",5,"[3, 8]",0,0,0,1,0,1,0,0,0,8,23
2024440362920,2024,440362920,466168,100520,-1.06244,50.80047,3,3,6,18:47,-1,E06000044,3,0,1,0,1,19,4,8,0,0,0,1,1,0,0,0,0,8,23
2024440363203,2024,440363203,445631,113776,-1.35218,50.92165,2,2,6,23:30,-1,E06000045,6,2,1,0,1,"[9, 19]","[3, 7]","[7, 3]",0,0,0,1,0,0,0,0,0,8,23
2024440363672,2024,440363672,441852,116408,-1.40564,50.9456,3,3,7,11:47,-1,E06000045,3,0,2,1,1,"[19, 14]",1,5,0,0,0,1,0,0,0,0,0,8,24
2024440363725,2024,440363725,480055,144295,-0.85578,51.19228,3,3,7,12:27,-1,E07000085,3,0,2,1,2,19,2,6,0,0,0,1,0,0,0,0,0,8,24
2024440363827,2024,440363827,468496,108460,-1.02792,50.87159,2,2,7,14:20,-1,E07000090,6,0,1,1,1,"[19, 9]","[4, 1, 6]","[2, 6, 1]",0,0,0,1,0,0,0,0,0,8,24
2024440363888,2024,440363888,483973,156623,-0.79684,51.30255,3,3,7,15:20,-1,E07000092,1,0,1,1,2,19,7,3,0,5,6,1,0,0,0,0,0,8,24
2024440363959,2024,440363959,453292,87793,-1.24697,50.68736,3,3,6,11:20,-1,E06000046,6,0,1,0,2,19,5,1,0,0,0,1,0,1,0,0,0,8,23
2024440364045,2024,440364045,459032,101672,-1.1635,50.8116,2,2,7,17:40,-1,E07000088,4,0,1,0,1,"[7, 19]","[1, 7]","[7, 3]",0,0,0,1,1,0,0,0,0,8,24
2024440364057,2024,440364057,461644,106642,-1.1256,50.85602,2,"[2, 3]",7,16:23,-1,E07000087,1,0,2,1,2,19,7,3,0,1,7,1,0,0,0,0,0,8,24
2024440364475,2024,440364475,447393,115175,-1.32694,50.93408,3,3,1,00:57,-1,E07000086,1,2,1,0,1,"[19, 2]","[7, 0]","[3, 0]",0,0,0,1,0,0,0,0,0,8,25
2024440364690,2024,440364690,442629,112213,-1.39507,50.90782,3,3,1,08:25,-1,E06000045,3,0,1,0,1,19,"[3, 1]","[7, 5]",0,0,"[0, 10]",1,0,0,0,0,0,8,25
2024440364708,2024,440364708,446100,152174,-1.34062,51.26686,3,3,1,08:48,-1,E07000084,3,0,1,0,2,"[19, 11]",5,1,0,0,"[10, 7]",1,0,0,0,0,0,8,25
2024440364723,2024,440364723,450838,80750,-1.28267,50.62425,3,3,7,15:15,-1,E06000046,6,0,1,0,2,"[19, 13]","[6, 2]","[2, 6]",0,0,0,1,0,1,0,0,0,8,24
2024440364765,2024,440364765,449467,132551,-1.29506,51.09015,3,3,1,10:00,-1,E07000094,3,0,1,0,2,"[9, 19]","[6, 5]","[2, 1]",0,0,0,1,0,0,0,0,0,8,25
2024440364772,2024,440364772,464764,99163,-1.08259,50.78843,3,3,1,10:18,-1,E06000044,4,0,1,0,1,"[19, 5]","[4, 1]","[1, 5]",0,0,0,1,0,0,0,0,0,8,25
2024440364774,2024,440364774,465811,104546,-1.06678,50.83671,1,1,1,10:30,-1,E06000044,1,0,1,0,2,19,3,7,0,0,6,0,0,1,0,0,0,8,25
2024440364897,2024,440364897,468103,104558,-1.03423,50.83655,3,3,1,11:49,-1,E06000044,3,0,1,0,2,19,3,7,0,0,0,1,0,0,0,0,0,8,25
2024440364944,2024,440364944,447466,113080,-1.32617,50.91524,3,3,1,13:34,-1,E07000086,3,0,1,0,2,19,2,6,"[11, 0]",0,0,1,0,1,0,0,0,8,25
2024440365113,2024,440365113,448887,88226,-1.30926,50.69164,3,3,1,15:20,-1,E06000046,4,0,1,0,1,"[19, 3]",4,8,0,0,0,1,0,0,0,0,0,8,25
2024440365180,2024,440365180,442003,113387,-1.40384,50.91842,3,3,1,17:13,-1,E06000045,3,0,1,0,1,"[19, 3]",4,8,0,0,0,1,0,0,0,0,0,8,25
2024440365516,2024,440365516,463547,99608,-1.09978,50.79256,3,3,1,22:08,-1,E06000044,3,2,1,0,1,19,"[6, 4]","[2, 8]",0,0,0,1,1,0,0,0,0,8,25
2024440365535,2024,440365535,445168,149525,-1.35431,51.24312,2,2,1,22:38,-1,E07000084,6,2,1,0,2,19,4,7,0,7,4,1,0,0,0,0,0,8,25
2024440365806,2024,440365806,463542,99622,-1.09985,50.79269,3,3,7,23:40,-1,E06000044,6,2,1,0,1,19,6,2,0,0,0,1,1,0,0,0,0,8,24
2024440365908,2024,440365908,469728,139393,-1.00448,51.14956,3,3,2,10:11,-1,E07000085,3,0,1,0,2,"[9, 19]","[6, 4]","[4, 8]",0,0,0,1,0,0,0,0,0,8,26
2024440365948,2024,440365948,448930,127610,-1.3034,51.04577,3,3,2,10:50,-1,E07000094,1,0,1,0,2,"[19, 4]",2,6,0,0,0,1,0,0,0,0,0,8,26
2024440366011,2024,440366011,441891,114080,-1.40536,50.92466,3,3,2,11:55,-1,E06000045,3,0,1,0,1,19,1,5,0,0,0,0,0,1,0,0,0,8,26
2024440366373,2024,440366373,442541,115730,-1.39592,50.93945,3,3,2,17:22,-1,E06000045,6,0,1,0,1,19,"[1, 7]","[5, 3]",0,0,0,1,1,0,0,0,0,8,26
2024440366421,2024,440366421,470132,105547,-1.00523,50.8452,3,3,2,18:19,-1,E07000090,6,0,1,0,2,"[4, 19]","[5, 7]","[1, 3]",0,0,0,1,1,0,0,0,0,8,26
2024440366430,2024,440366430,470486,112660,-0.99884,50.90912,3,3,2,18:30,-1,E07000085,2,0,1,0,1,19,1,5,0,1,4,1,0,0,0,0,0,8,26
2024440366455,2024,440366455,434452,113111,-1.51128,50.91644,2,2,2,18:58,-1,E07000091,3,0,1,0,1,"[5, 19]","[3, 1]","[7, 5]",0,0,0,1,1,0,0,0,0,8,26
2024440366489,2024,440366489,454915,126794,-1.21815,51.03789,2,2,2,19:26,-1,E07000094,3,0,1,0,2,"[9, 13]",8,"[6, 4]",0,0,0,1,0,1,0,0,0,8,26
2024440366493,2024,440366493,464929,102221,-1.07971,50.81591,2,2,2,19:20,-1,E06000044,3,0,1,0,1,"[9, 19]","[1, 5]","[7, 1]",0,0,0,1,1,0,0,0,0,8,26
2024440366903,2024,440366903,443774,110983,-1.37894,50.89667,3,3,3,02:35,-1,E06000045,6,2,1,0,1,19,6,2,7,0,0,1,0,0,0,0,0,8,27
2024440367135,2024,440367135,439271,112785,-1.44277,50.9132,2,2,3,09:30,-1,E06000045,3,0,1,0,1,5,3,7,0,0,0,1,0,0,0,0,1,8,27
2024440367423,2024,440367423,456970,107897,-1.1918,50.86778,3,3,3,12:42,-1,E07000087,1,0,1,0,2,19,3,7,0,0,0,1,0,0,1,0,0,8,27
2024440367530,2024,440367530,431404,94540,-1.55622,50.74962,1,1,3,13:54,-1,E07000091,3,0,1,0,1,19,6,2,0,0,0,1,0,0,0,0,1,8,27
2024440367586,2024,440367586,467311,105657,-1.04528,50.84653,3,3,3,14:24,-1,E06000044,6,0,1,0,1,"[19, 2]","[3, 0]","[7, 0]",0,0,0,1,0,0,0,0,0,8,27
2024440367596,2024,440367596,464457,101119,-1.08661,50.80605,2,2,3,14:29,-1,E06000044,6,0,1,0,1,19,7,3,0,0,0,0,0,0,0,0,1,8,27
2024440367722,2024,440367722,457366,104660,-1.18668,50.83863,2,2,3,15:31,-1,E07000087,4,0,1,0,1,"[19, 5]","[5, 7]","[1, 3]",0,0,0,1,0,1,0,0,0,8,27
2024440367788,2024,440367788,458054,106033,-1.17669,50.85091,3,3,3,15:15,-1,E07000087,6,0,1,0,2,19,"[1, 7]","[5, 3]",0,0,0,1,0,0,0,0,0,8,27
2024440367852,2024,440367852,464161,100791,-1.09086,50.80313,3,3,3,16:39,-1,E06000044,3,0,1,0,1,"[4, 19]",6,2,0,0,0,1,0,0,0,0,0,8,27