collision_index,collision_year,collision_ref_no,location_easting_osgr,location_northing_osgr,longitude,latitude,casualty_severity,casualty_severity,day_of_week,time,local_authority_district,local_authority_ons_district,first_road_class,light_conditions,weather_conditions,road_surface_conditions,urban_or_rural_area,vehicle_manoeuvre,vehicle_direction_from,vehicle_direction_to,hit_object_in_carriageway,vehicle_leaving_carriageway,hit_object_off_carriageway,is_car,is_cyle,is_mcyle,is_goodsv,is_other,is_pedestrian,month,day
2024440434808,2024,440434808,444433,115873,-1.36897,50.94059,3,3,2,07:43,-1,E06000045,3,0,1,0,1,"[9, 19]","[1, 7]","[7, 3]",0,0,0,1,0,0,0,0,0,10,7
2024440434921,2024,440434921,482969,132213,-0.81687,51.08325,3,3,2,07:45,-1,E07000085,3,0,2,1,2,19,7,3,0,0,0,1,0,0,1,0,0,10,7
2024440435072,2024,440435072,475288,123927,-0.92822,51.00981,3,3,2,10:24,-1,E07000085,4,0,2,1,1,4,7,3,0,0,0,1,0,0,0,0,0,10,7
2024440435398,2024,440435398,470879,112407,-0.9933,50.90679,2,2,2,13:29,-1,E07000085,4,0,1,0,2,19,"[2, 3]",6,0,0,0,1,1,0,0,0,0,10,7
2024440436578,2024,440436578,466184,99786,-1.06234,50.79387,3,3,3,08:25,-1,E06000044,3,0,2,1,1,"[9, 19]","[8, 4]","[6, 8]",0,0,0,1,1,0,0,0,0,10,8
2024440436651,2024,440436651,459501,101299,-1.1569,50.8082,3,3,3,09:07,-1,E07000088,6,0,2,1,1,3,3,7,0,0,0,1,0,0,0,0,1,10,8
2024440436654,2024,440436654,486313,149826,-0.76492,51.24109,3,3,3,08:53,-1,E07000092,6,0,2,1,1,5,3,7,0,0,0,1,0,0,0,0,1,10,8
2024440436703,2024,440436703,471537,106454,-0.9851,50.85319,2,2,3,09:33,-1,E07000090,4,0,1,1,1,19,5,1,0,0,0,1,0,0,0,0,1,10,8
2024440436817,2024,440436817,453799,150927,-1.23047,51.25498,3,3,3,10:22,-1,E07000084,6,0,1,1,2,19,"[5, 1]","[1, 5]",0,0,0,1,0,0,1,0,0,10,8
2024440436864,2024,440436864,446210,141357,-1.34044,51.1696,3,3,3,11:00,-1,E07000093,3,0,2,1,2,"[4, 19]",5,1,0,0,0,1,0,0,0,0,0,10,8
2024440437461,2024,440437461,453602,105566,-1.23999,50.84714,2,2,3,15:22,-1,E07000087,6,0,1,0,1,19,5,1,0,0,0,0,1,0,0,0,0,10,8
2024440437646,2024,440437646,465289,101118,-1.0748,50.80595,3,3,3,16:58,-1,E06000044,6,0,1,0,1,19,7,3,0,0,0,0,1,0,0,0,1,10,8
2024440437668,2024,440437668,486248,150362,-0.76572,51.24592,3,3,3,17:20,-1,E07000092,4,0,2,1,1,19,4,8,0,0,0,1,0,0,0,0,1,10,8
2024440437670,2024,440437670,452449,110515,-1.25566,50.89175,3,3,3,12:00,-1,E07000094,6,0,2,1,2,"[19, 9]","[1, 3]","[5, 1]",0,0,0,1,0,0,0,0,0,10,8
2024440437725,2024,440437725,463809,100121,-1.09597,50.79715,3,3,3,17:57,-1,E06000044,6,0,1,0,1,"[9, 19]","[1, 5]","[7, 1]",0,0,0,1,0,0,0,0,0,10,8
2024440437749,2024,440437749,446047,127951,-1.34447,51.04907,3,3,3,18:15,-1,E07000094,3,2,2,1,1,"[19, 9]","[8, 2]","[4, 8]",0,0,0,1,0,0,1,0,0,10,8
2024440437785,2024,440437785,467991,109121,-1.03498,50.87759,3,3,3,18:36,-1,E07000090,3,2,2,1,1,"[19, 7]","[6, 8]",2,0,1,"[1, 10]",1,0,0,0,0,0,10,8
2024440438059,2024,440438059,465718,106401,-1.06777,50.8534,3,3,3,23:06,-1,E06000044,6,2,2,1,2,19,3,7,0,7,10,1,0,0,0,0,0,10,8
2024440438254,2024,440438254,471783,154064,-0.97218,51.2812,2,2,7,11:30,-1,E07000089,6,0,1,0,2,19,4,8,0,0,0,1,0,0,0,0,1,10,5
2024440438311,2024,440438311,450418,89392,-1.28743,50.70199,3,3,4,08:06,-1,E06000046,6,0,1,1,1,"[19, 9]","[6, 2]","[2, 6]",0,0,0,1,0,1,0,0,0,10,9
2024440438474,2024,440438474,456439,83349,-1.2031,50.6471,3,3,4,09:57,-1,E06000046,6,0,1,0,2,19,3,7,0,0,0,1,0,0,0,0,1,10,9
2024440438589,2024,440438589,449930,89512,-1.29432,50.70311,3,3,4,11:02,-1,E06000046,6,0,1,0,1,19,2,7,0,0,0,1,0,0,0,0,0,10,9
2024440438646,2024,440438646,444829,112573,-1.36374,50.91089,2,2,4,11:23,-1,E06000045,6,0,1,0,1,1,8,4,0,0,0,1,0,0,0,0,1,10,9
2024440438826,2024,440438826,452904,113477,-1.24876,50.91834,3,3,4,12:57,-1,E07000094,3,0,1,0,2,"[7, 19]","[8, 3]",7,0,0,0,1,0,1,0,0,0,10,9
2024440439070,2024,440439070,456559,106168,-1.1979,50.85227,3,3,4,14:24,-1,E07000087,3,0,1,0,1,"[19, 9]","[7, 2]","[3, 7]",0,0,0,1,0,1,0,0,0,10,9
2024440439242,2024,440439242,458257,147683,-1.16712,51.22537,2,2,4,15:18,-1,E07000084,6,0,1,0,2,19,"[1, 5]","[5, 1]",0,0,0,1,0,0,0,0,0,10,9
2024440439347,2024,440439347,460899,101610,-1.13701,50.81085,3,3,4,15:54,-1,E07000088,6,0,1,0,1,19,"[3, 7, 1]","[7, 3, 5]",0,0,0,1,0,0,0,0,0,10,9
2024440439398,2024,440439398,436740,146129,-1.47539,51.21319,3,3,4,16:10,-1,E07000093,3,0,1,0,1,10,3,1,0,2,11,1,0,0,0,0,0,10,9
2024440439519,2024,440439519,445624,113563,-1.35231,50.91973,3,3,4,17:43,-1,E06000045,6,0,1,0,1,"[1, 19]","[4, 8]","[8, 4]",0,0,0,1,0,0,0,0,0,10,9
2024440439647,2024,440439647,445346,112859,-1.35635,50.91342,3,3,4,19:33,-1,E06000045,6,2,2,1,1,1,6,8,0,0,0,1,0,1,0,0,0,10,9
2024440439686,2024,440439686,460626,100464,-1.14108,50.80057,3,3,4,19:50,-1,E07000088,3,2,1,0,1,"[9, 19]",8,"[1, 4]",0,0,0,1,0,0,0,0,0,10,9
2024440439727,2024,440439727,457372,145736,-1.1801,51.20796,2,2,4,20:24,-1,E07000084,1,2,1,0,2,"[5, 13]",7,3,0,"[0, 7]",0,1,0,0,1,0,0,10,9
2024440439807,2024,440439807,451315,108294,-1.27209,50.87188,2,"[3, 2]",4,21:09,-1,E07000087,6,2,1,0,1,"[19, 9]","[6, 8]",2,0,0,0,1,0,0,0,0,0,10,9
2024440440087,2024,440440087,457963,105913,-1.178,50.84984,3,3,4,12:01,-1,E07000087,3,0,1,0,1,"[4, 3]",6,2,0,0,0,1,0,0,0,0,0,10,9
2024440440106,2024,440440106,470583,114888,-0.99703,50.92914,3,3,5,07:16,-1,E07000085,6,0,1,1,1,19,1,5,0,0,0,1,0,0,0,0,1,10,10
2024440440129,2024,440440129,445978,112999,-1.34735,50.91463,2,2,5,07:47,-1,E06000045,3,0,1,0,1,"[19, 9]","[7, 2]",3,0,0,0,1,0,0,0,0,0,10,10
2024440440204,2024,440440204,464942,102361,-1.0795,50.81716,3,3,5,08:47,-1,E06000044,3,0,1,0,1,9,"[8, 3]","[5, 7]",0,0,0,1,0,0,0,0,0,10,10
2024440440242,2024,440440242,455640,105795,-1.21101,50.84901,3,3,5,09:09,-1,E07000087,6,0,1,1,1,"[9, 19]","[7, 5]","[5, 1]",0,0,0,1,0,0,0,0,0,10,10
2024440440315,2024,440440315,430667,113251,-1.56511,50.91791,3,3,5,09:40,-1,E07000091,3,0,1,0,1,19,"[5, 7]","[1, 3]",0,0,0,1,0,1,0,0,0,10,10
2024440440674,2024,440440674,441821,112756,-1.4065,50.91276,3,3,5,11:55,-1,E06000045,6,0,1,0,1,"[3, 19]",1,5,0,0,0,1,0,0,0,0,0,10,10
2024440441247,2024,440441247,461913,100115,-1.12287,50.7973,2,2,5,16:34,-1,E07000088,3,0,1,0,1,19,8,5,0,0,0,1,0,0,0,0,1,10,10
2024440441439,2024,440441439,444581,113174,-1.3672,50.91631,3,3,5,18:36,-1,E06000045,3,2,1,0,1,19,7,3,"[0, 7]","[1, 0]","[11, 0]",1,0,0,0,0,0,10,10
2024440441528,2024,440441528,452000,112999,-1.26169,50.91412,3,3,5,19:50,-1,E07000094,3,2,1,0,2,19,"[4, 7]",2,0,0,0,1,0,1,0,0,0,10,10
2024440441938,2024,440441938,468567,105795,-1.02741,50.84762,3,3,6,08:15,-1,E06000044,3,0,1,0,1,"[2, 19]","[0, 7]","[0, 3]","[0, 10]",0,0,1,0,0,0,0,0,10,11
2024440442203,2024,440442203,448009,111072,-1.31871,50.89714,3,3,6,10:24,-1,E07000086,3,0,1,0,2,"[3, 4]",1,5,0,0,0,1,0,0,0,0,0,10,11
2024440442270,2024,440442270,427290,144711,-1.61079,51.20097,3,3,5,19:03,-1,E07000093,3,2,2,1,2,19,3,7,0,5,6,1,0,0,0,0,0,10,10
2024440442405,2024,440442405,441635,112844,-1.40914,50.91357,3,3,6,12:05,-1,E06000045,6,0,1,0,1,9,7,5,0,0,0,1,0,0,0,0,1,10,11
2024440442493,2024,440442493,463138,105727,-1.10453,50.84763,3,3,6,07:10,-1,E06000044,6,2,8,0,1,"[2, 19]","[0, 7]","[0, 3]","[0, 4]",0,0,1,0,0,0,0,1,10,11
2024440442833,2024,440442833,437759,114322,-1.46412,50.92712,2,2,6,15:33,-1,E06000045,6,0,1,0,1,19,5,1,0,0,0,1,0,0,0,0,1,10,11
2024440442850,2024,440442850,475093,106435,-0.9346,50.85257,2,"[3, 2]",6,15:20,-1,E07000090,3,0,1,0,2,"[2, 19]","[0, 3]","[0, 7]",0,0,0,1,0,0,0,0,0,10,11
2024440442927,2024,440442927,443163,115585,-1.38708,50.9381,2,2,6,16:08,-1,E06000045,6,0,1,0,1,19,"[5, 1]","[1, 5]",0,0,0,1,0,0,0,0,0,10,11
2024440443021,2024,440443021,464895,100391,-1.08052,50.79946,3,3,6,08:00,-1,E06000044,3,0,1,0,1,"[19, 7]",1,"[5, 4]",0,0,0,1,1,0,0,0,0,10,4
2024440443144,2024,440443144,485480,157155,-0.7751,51.3071,3,3,6,18:36,-1,E07000092,6,2,1,0,1,"[3, 4]",5,1,0,0,0,1,1,0,0,0,0,10,11
2024440443234,2024,440443234,443233,112536,-1.38645,50.91068,3,3,6,19:41,-1,E06000045,6,2,1,0,1,19,8,4,0,0,0,1,0,0,0,0,1,10,11
2024440443375,2024,440443375,457702,110351,-1.18101,50.88977,2,"[3, 2]",6,21:40,-1,E07000094,3,2,1,0,2,"[9, 19]","[1, 5]","[5, 1]",0,"[1, 0]","[2, 0]",1,0,0,0,0,0,10,11
2024440443504,2024,440443504,457955,103135,-1.17855,50.82486,2,2,7,00:04,-1,E07000088,6,2,1,0,1,19,"[0, 7]","[0, 3]","[0, 4]",0,0,1,0,0,0,0,0,10,12
2024440443689,2024,440443689,439759,112942,-1.43581,50.91458,2,2,7,04:08,-1,E06000045,6,2,1,0,1,"[2, 19]","[0, 4]","[0, 8]",0,0,0,1,0,0,0,0,0,10,12
2024440443958,2024,440443958,441922,113781,-1.40495,50.92197,3,3,7,10:37,-1,E06000045,6,0,1,1,1,"[7, 15]","[3, 1]","[7, 5]",0,0,0,1,0,0,0,0,0,10,12
2024440444072,2024,440444072,444220,119939,-1.37151,50.97717,3,3,7,10:35,-1,E07000086,1,0,1,0,1,"[19, 4]",6,2,0,0,0,1,0,0,0,0,0,10,12
2024440444200,2024,440444200,442026,111281,-1.40376,50.89948,3,3,7,14:15,-1,E06000045,6,0,2,1,1,7,3,5,0,0,0,0,0,1,0,0,0,10,12
2024440444437,2024,440444437,439369,114825,-1.44116,50.93154,2,2,7,16:24,-1,E06000045,6,0,1,0,1,5,4,8,0,0,0,1,0,0,0,0,1,10,12
2024440444475,2024,440444475,445611,134690,-1.34985,51.1097,3,3,5,18:05,-1,E07000094,3,2,1,0,2,19,1,5,12,0,0,1,0,0,0,0,0,10,10
2024440444484,2024,440444484,471807,106673,-0.98123,50.85512,3,3,7,17:00,-1,E07000090,6,0,1,0,1,"[2, 19]","[0, 7]","[0, 3]",0,0,0,1,1,0,0,0,0,10,12
2024440444760,2024,440444760,465206,151996,-1.06684,51.2634,3,3,7,22:26,-1,E07000084,3,2,1,0,2,19,"[7, 5]","[3, 1]",0,"[1, 0]","[6, 0]",1,0,0,1,0,0,10,12
2024440445250,2024,440445250,438563,107680,-1.45338,50.86734,2,2,1,10:25,-1,E07000091,6,0,1,0,2,19,"[1, 5]","[5, 1]",0,0,0,1,1,0,0,0,0,10,13
2024440445272,2024,440445272,435796,112670,-1.49221,50.91239,3,3,1,11:07,-1,E07000091,3,0,1,0,1,7,1,3,0,0,0,0,0,0,1,0,0,10,13
2024440445426,2024,440445426,446034,160246,-1.34053,51.33945,3,3,1,13:48,-1,E07000084,3,0,1,0,2,19,1,5,0,1,0,1,0,0,0,0,0,10,13
2024440445428,2024,440445428,447104,89595,-1.33433,50.70409,3,3,1,13:43,-1,E06000046,3,0,1,0,2,"[9, 19]","[3, 7]","[7, 3]",0,0,0,1,0,0,0,0,0,10,13
2024440445446,2024,440445446,462446,105678,-1.11437,50.84726,3,3,1,14:16,-1,E06000044,6,0,1,0,1,19,7,3,0,0,0,0,0,1,0,0,0,10,13
2024440445560,2024,440445560,455076,103915,-1.21931,50.83216,2,2,1,15:39,-1,E07000087,6,0,1,0,1,"[19, 9]","[5, 1]","[1, 7]",0,0,0,1,0,1,0,0,0,10,13
2024440445621,2024,440445621,470600,108977,-0.99793,50.87599,3,3,1,16:21,-1,E07000090,6,0,1,0,2,19,4,5,0,0,0,1,0,0,0,0,1,10,13
2024440445802,2024,440445802,441513,115247,-1.4106,50.93518,2,2,1,19:00,-1,E06000045,3,2,1,0,1,"[3, 19]",7,3,0,0,0,1,0,1,0,0,0,10,13
2024440446196,2024,440446196,445798,123587,-1.34858,51.00985,3,3,2,05:54,-1,E07000094,1,2,2,1,2,19,5,1,0,1,0,1,0,0,0,0,0,10,14
2024440446540,2024,440446540,486850,155929,-0.75575,51.29588,3,3,2,10:43,-1,E07000092,6,0,1,0,1,"[4, 9]","[7, 3]","[3, 7]",0,0,0,1,1,0,0,0,0,10,14
2024440447095,2024,440447095,487680,150104,-0.74527,51.24338,2,2,2,06:00,-1,E07000092,6,2,1,0,1,19,7,3,0,0,0,0,0,0,0,0,1,10,14
2024440447415,2024,440447415,466446,105608,-1.05757,50.84619,2,2,2,17:39,-1,E06000044,6,0,1,1,1,19,7,3,0,0,0,1,0,0,0,0,1,10,14
2024440448596,2024,440448596,431806,95791,-1.55042,50.76085,3,3,3,11:30,-1,E07000091,3,0,1,0,1,"[13, 19]",8,4,0,0,0,1,1,0,0,0,0,10,15
2024440448877,2024,440448877,485423,155890,-0.77622,51.29574,2,2,3,15:44,-1,E07000092,6,0,1,0,1,19,3,6,0,0,0,1,0,0,0,0,1,10,15
2024440449232,2024,440449232,486094,158095,-0.76606,51.31546,3,3,3,19:16,-1,E07000092,6,2,1,1,1,"[1, 19]","[4, 6]","[8, 2]",0,0,0,1,0,0,0,0,0,10,15
2024440449443,2024,440449443,447124,125466,-1.32943,51.02664,2,"[3, 2]",3,22:40,-1,E07000094,1,2,1,1,2,19,2,6,0,"[4, 0]",0,1,0,0,0,0,0,10,15
2024440449587,2024,440449587,465632,106405,-1.06899,50.85345,3,3,4,03:31,-1,E06000044,4,2,1,1,2,19,7,3,0,7,9,1,0,0,0,0,0,10,16
2024440449652,2024,440449652,442894,119053,-1.3905,50.9693,2,2,4,06:40,-1,E07000086,6,2,1,0,1,"[5, 19]","[5, 4]","[1, 8]",0,0,0,1,1,0,0,0,0,10,16
2024440449665,2024,440449665,439992,114382,-1.43234,50.92751,2,2,4,07:00,-1,E06000045,3,2,1,0,1,4,6,2,0,0,0,0,0,1,0,0,0,10,16
2024440449676,2024,440449676,465119,101195,-1.0772,50.80666,3,3,3,17:00,-1,E06000044,3,0,1,0,1,"[9, 19]","[1, 5]","[7, 1]",0,0,0,1,1,0,0,0,0,10,15
2024440449761,2024,440449761,435958,113403,-1.48983,50.91897,2,2,4,08:50,-1,E07000091,3,0,1,0,1,"[7, 19]",4,"[6, 8]",0,0,0,1,1,0,0,0,0,10,16
2024440449836,2024,440449836,444739,121917,-1.36388,50.99492,3,3,4,08:50,-1,E07000086,6,0,1,1,1,9,4,2,0,0,0,1,0,0,0,0,1,10,16
2024440449870,2024,440449870,459978,99614,-1.15041,50.793,3,3,4,10:01,-1,E07000088,6,0,1,1,1,19,7,3,0,0,0,1,0,1,0,0,0,10,16
2024440450032,2024,440450032,464162,100369,-1.09092,50.79934,3,3,4,10:20,-1,E06000044,6,0,1,0,1,19,1,5,0,0,0,0,1,0,0,0,1,10,16
2024440450340,2024,440450340,455540,161918,-1.20382,51.35363,2,2,4,13:48,-1,E07000084,4,0,1,1,2,"[9, 19]","[7, 5]","[5, 1]",0,0,0,1,0,0,0,0,0,10,16
2024440450848,2024,440450848,443696,119048,-1.37908,50.9692,3,3,4,17:25,-1,E07000086,1,0,2,1,1,19,5,1,0,0,0,1,0,0,0,0,0,10,16
2024440450885,2024,440450885,458760,103532,-1.16706,50.82835,3,3,4,17:41,-1,E07000088,3,0,2,1,1,"[9, 19]","[1, 5]","[8, 1]",0,0,0,1,0,0,0,0,0,10,16
2024440450915,2024,440450915,445535,111417,-1.35384,50.90044,3,3,4,18:03,-1,E06000045,6,2,2,1,1,"[19, 3, 5]","[4, 6, 2]","[8, 2, 6]",0,"[1, 0]","[11, 0]",1,0,0,0,0,0,10,16
2024440451307,2024,440451307,415761,117302,-1.77698,50.95494,2,2,5,02:35,-1,E07000091,3,2,1,0,2,19,6,2,0,0,0,1,0,0,0,0,1,10,17
2024440451362,2024,440451362,442582,113235,-1.39562,50.91701,3,3,4,17:00,-1,E06000045,3,0,1,0,1,1,7,3,0,0,0,1,0,0,0,0,1,10,16
2024440451409,2024,440451409,478892,133103,-0.87487,51.09182,2,"[3, 2]",5,07:27,-1,E07000085,3,0,1,0,2,"[13, 19]","[6, 2]","[2, 6]",0,"[0, 1]","[0, 9]",1,0,0,0,0,0,10,17
2024440451466,2024,440451466,458255,103546,-1.17423,50.82853,1,1,4,08:19,-1,E07000088,6,0,1,1,1,19,6,2,0,1,7,1,0,0,0,0,0,10,16
2024440451734,2024,440451734,441406,113058,-1.41237,50.91551,3,3,4,20:15,-1,E06000045,6,2,2,1,1,"[19, 7]",2,6,0,0,0,1,0,0,0,0,0,10,16
2024440451918,2024,440451918,429950,114048,-1.57525,50.92512,3,3,5,11:05,-1,E07000091,3,0,1,0,1,"[9, 19]",6,2,0,0,0,1,0,0,1,0,0,10,17
2024440452047,2024,440452047,431832,122137,-1.54776,50.99775,2,2,5,13:43,-1,E07000093,6,0,1,2,2,4,1,5,0,0,0,0,0,1,0,0,0,10,17
2024440452064,2024,440452064,465473,99955,-1.0724,50.79547,3,3,5,13:40,-1,E06000044,3,0,1,0,1,"[14, 9]","[3, 5]","[7, 3]",0,0,0,1,0,1,0,0,0,10,17
2024440452469,2024,440452469,426577,111945,-1.62339,50.90637,3,3,5,16:34,-1,E07000091,3,0,1,0,2,19,3,7,0,0,0,1,0,0,0,0,0,10,17
2024440452526,2024,440452526,458077,106066,-1.17636,50.8512,3,3,5,17:10,-1,E07000087,6,0,1,0,1,5,6,2,0,0,0,1,0,1,0,0,0,10,17
2024440452612,2024,440452612,459132,101969,-1.16203,50.81426,2,2,5,18:00,-1,E07000088,6,2,1,0,1,19,"[4, 3]","[8, 7]",0,0,0,0,1,0,1,0,0,10,17
2024440453294,2024,440453294,446550,119151,-1.33843,50.9699,2,2,6,08:46,-1,E07000086,4,0,1,1,1,"[19, 9]","[7, 1]","[3, 7]",0,0,0,1,0,0,0,0,0,10,18
2024440453333,2024,440453333,458608,114549,-1.16746,50.92743,3,3,5,10:15,-1,E07000094,6,0,1,0,2,4,8,4,0,0,0,1,0,0,0,0,0,10,17
2024440453808,2024,440453808,458315,101873,-1.17364,50.81348,3,3,6,12:58,-1,E07000088,4,0,1,0,1,19,"[3, 1]","[7, 5]",0,0,0,1,0,0,0,0,0,10,18
2024440453889,2024,440453889,459595,123781,-1.1519,51.01033,3,3,6,13:51,-1,E07000094,6,0,1,0,2,19,"[3, 4]","[7, 8]",0,0,0,1,0,0,0,0,0,10,18
2024440453961,2024,440453961,435559,145922,-1.49232,51.2114,3,3,6,13:29,-1,E07000093,6,0,1,0,1,5,6,2,0,0,0,1,0,0,0,0,1,10,18
2024440453988,2024,440453988,481962,158921,-0.82515,51.3235,2,2,6,14:33,-1,E07000089,3,0,1,0,2,19,"[7, 1]","[3, 5]",0,0,0,1,0,1,0,0,0,10,18
2024440454026,2024,440454026,446209,124143,-1.34265,51.01482,3,3,6,14:57,-1,E07000094,1,0,1,0,2,4,2,6,0,0,0,1,0,0,0,0,0,10,18
2024440454096,2024,440454096,453817,76981,-1.2411,50.59009,2,"[3, 2]",6,15:27,-1,E06000046,6,0,1,0,2,19,"[8, 3]","[3, 8]",0,"[0, 1]",0,1,0,0,0,0,0,10,18
2024440454122,2024,440454122,444133,102568,-1.37484,50.82098,2,2,6,15:38,-1,E07000091,6,0,1,0,1,"[5, 3]",4,8,0,0,0,1,1,0,0,0,0,10,18
2024440454138,2024,440454138,469715,107782,-1.01073,50.86535,3,3,6,15:35,-1,E07000090,6,0,1,0,2,"[5, 19]","[7, 1]","[3, 5]",0,0,0,1,1,0,0,0,0,10,18
2024440454164,2024,440454164,474245,143559,-0.93906,51.18645,3,3,6,14:00,-1,E07000085,6,0,1,0,2,19,7,4,0,1,4,1,0,0,0,0,0,10,18
2024440454185,2024,440454185,464815,102750,-1.08124,50.82067,3,3,6,16:01,-1,E06000044,6,0,1,0,1,19,1,5,0,0,0,1,0,0,0,0,1,10,18
2024440454340,2024,440454340,485545,157824,-0.774,51.31311,3,3,6,16:40,-1,E07000092,6,0,1,0,1,19,6,2,0,0,0,1,0,0,0,0,1,10,18
2024440454466,2024,440454466,442846,111207,-1.3921,50.89876,3,3,6,19:12,-1,E06000045,3,2,2,1,1,"[19, 9]","[6, 2]","[2, 7]",0,0,0,1,0,0,0,0,0,10,18
2024440454533,2024,440454533,435914,96236,-1.49213,50.76461,2,2,6,19:58,-1,E07000091,6,2,2,1,2,19,8,3,0,1,4,1,0,0,0,0,0,10,18
2024440454762,2024,440454762,441161,83612,-1.41914,50.65074,2,"[3, 2]",6,23:38,-1,E06000046,4,2,2,1,2,19,4,7,0,8,10,1,0,0,0,0,0,10,18
2024440455008,2024,440455008,465255,105767,-1.07446,50.84775,3,3,7,07:25,-1,E06000044,3,0,2,1,1,"[4, 8]",7,3,0,0,0,1,0,0,0,0,0,10,19
2024440455042,2024,440455042,450718,88988,-1.28324,50.69833,3,3,7,08:02,-1,E06000046,6,0,1,1,1,19,"[2, 6]","[6, 2]",0,"[0, 1]",0,1,1,0,0,0,0,10,19
2024440455287,2024,440455287,456317,113319,-1.20024,50.91659,2,2,7,12:10,-1,E07000094,4,0,1,0,2,"[19, 5]","[1, 7]","[5, 3]",0,0,0,1,0,0,0,0,0,10,19
2024440455380,2024,440455380,454742,104769,-1.22392,50.83987,3,3,7,13:03,-1,E07000087,6,0,1,0,2,"[19, 13]",8,4,0,"[1, 0]","[7, 0]",1,0,0,0,0,0,10,19
2024440455744,2024,440455744,437052,115151,-1.47409,50.93462,2,2,7,17:30,-1,E07000093,6,0,1,1,2,5,5,1,0,5,6,1,0,0,0,0,0,10,19
2024440455831,2024,440455831,448448,114159,-1.31206,50.92486,2,2,7,18:53,-1,E07000086,6,2,1,0,1,19,"[3, 5]","[7, 1]",0,0,0,1,0,1,0,0,0,10,19
2024440455861,2024,440455861,465450,104230,-1.07196,50.83391,3,3,7,19:28,-1,E06000044,3,2,1,0,1,"[6, 9]","[5, 1]",6,0,0,0,1,0,1,0,0,0,10,19
2024440455875,2024,440455875,432370,95498,-1.54245,50.75818,3,3,7,19:27,-1,E07000091,6,2,1,1,1,"[2, 4]","[0, 3]","[0, 7]",0,0,0,1,1,0,0,0,0,10,19
2024440455882,2024,440455882,460504,149542,-1.13463,51.24186,2,2,7,19:27,-1,E07000084,6,2,1,1,1,"[19, 7]","[7, 1]",3,0,0,0,1,0,0,0,0,0,10,19
2024440456744,2024,440456744,460401,89323,-1.14609,50.70042,3,3,1,14:15,-1,E06000046,3,0,5,1,2,4,1,4,0,0,0,1,0,1,0,0,0,10,20
2024440456896,2024,440456896,438100,145932,-1.45594,51.21133,3,3,1,15:58,-1,E07000093,3,0,1,0,1,"[19, 4]",5,1,0,0,0,1,0,0,0,0,0,10,20
2024440457604,2024,440457604,438827,118218,-1.44851,50.96208,3,3,2,09:11,-1,E07000093,6,0,1,1,2,"[9, 13]",5,1,0,7,0,1,0,1,0,0,0,10,21
2024440457942,2024,440457942,441964,113552,-1.40438,50.91991,3,3,2,11:46,-1,E06000045,6,0,1,0,1,"[9, 19]","[5, 1]","[3, 5]",0,0,0,1,0,0,0,1,0,10,21
2024440458164,2024,440458164,475744,133186,-0.91979,51.09299,3,3,2,13:32,-1,E07000085,6,0,1,1,2,19,"[2, 6]","[6, 2]",0,0,0,1,0,0,0,0,0,10,21
2024440458255,2024,440458255,431022,95349,-1.56157,50.75691,3,3,2,14:25,-1,E07000091,6,0,1,0,1,14,7,3,0,0,0,1,0,0,0,0,1,10,21
2024440458487,2024,440458487,465845,105825,-1.06607,50.84821,3,3,2,15:19,-1,E06000044,3,0,2,1,1,19,"[6, 8]","[2, 4]",0,0,0,1,1,0,0,0,0,10,21
2024440458656,2024,440458656,436173,146159,-1.48351,51.21349,3,3,2,16:51,-1,E07000093,3,0,1,0,2,"[3, 19]",3,7,0,0,0,1,0,0,0,0,0,10,21
2024440458703,2024,440458703,448695,110252,-1.30907,50.88971,3,3,2,17:26,-1,E07000086,3,0,1,1,1,19,"[1, 5]","[5, 1]",0,0,0,1,0,0,0,0,0,10,21
2024440459204,2024,440459204,444122,113305,-1.37371,50.91753,3,3,3,03:29,-1,E06000045,3,2,1,0,1,"[9, 19]","[1, 7]","[7, 3]",0,0,0,1,0,0,0,0,0,10,22
2024440459285,2024,440459285,466054,101471,-1.06388,50.80904,3,3,3,05:55,-1,E06000044,3,2,1,0,1,"[5, 19]","[7, 5]","[5, 1]",0,0,0,1,1,0,0,0,0,10,22
2024440459324,2024,440459324,486880,153673,-0.75586,51.27559,3,3,3,08:13,-1,E07000092,3,0,1,1,1,"[3, 19]",1,5,0,0,0,1,0,0,0,0,0,10,22
2024440459325,2024,440459325,436887,115152,-1.47644,50.93464,3,3,3,07:45,-1,E07000093,6,0,1,0,1,19,"[7, 1]","[3, 5]",0,0,0,1,0,0,0,0,0,10,22
2024440459347,2024,440459347,457518,92285,-1.18645,50.72735,3,3,3,08:00,-1,E06000046,3,0,2,1,1,9,1,7,0,0,0,1,0,0,0,0,1,10,22
2024440459387,2024,440459387,458593,101727,-1.16972,50.81214,3,3,3,08:43,-1,E07000088,4,0,1,1,1,19,"[7, 5]","[3, 1]",0,0,0,1,1,0,0,0,0,10,22
2024440459391,2024,440459391,465936,102975,-1.06529,50.82257,2,2,2,07:10,-1,E06000044,6,2,1,0,1,"[19, 9]","[5, 1]","[1, 5]",0,0,0,1,1,0,0,0,0,10,21
2024440459406,2024,440459406,442198,115966,-1.40077,50.9416,2,2,3,08:52,-1,E06000045,6,0,1,0,1,"[9, 19]","[3, 7]","[7, 3]",0,0,0,1,1,0,0,0,0,10,22