collision_index,collision_year,collision_ref_no,location_easting_osgr,location_northing_osgr,longitude,latitude,casualty_severity,casualty_severity,day_of_week,time,local_authority_district,local_authority_ons_district,first_road_class,light_conditions,weather_conditions,road_surface_conditions,urban_or_rural_area,vehicle_manoeuvre,vehicle_direction_from,vehicle_direction_to,hit_object_in_carriageway,vehicle_leaving_carriageway,hit_object_off_carriageway,is_car,is_cyle,is_mcyle,is_goodsv,is_other,is_pedestrian,month,day
2024440459431,2024,440459431,425754,111719,-1.63511,50.90437,3,3,3,09:02,-1,E07000091,3,0,1,0,2,4,7,3,0,0,0,1,0,0,0,0,0,10,22
2024440459718,2024,440459718,424972,95059,-1.64736,50.7546,3,3,3,11:10,-1,E07000091,6,0,1,1,1,19,"[3, 1, 5]",7,0,0,0,1,0,0,0,0,0,10,22
2024440459801,2024,440459801,455914,83913,-1.21044,50.65222,3,3,3,08:35,-1,E06000046,6,0,1,0,2,"[13, 19]",1,5,0,0,0,1,1,0,0,0,0,10,22
2024440459885,2024,440459885,482659,136627,-0.82028,51.12297,2,2,3,11:30,-1,E07000085,6,0,1,0,1,"[5, 19]","[7, 5]","[3, 1]",0,0,0,1,1,0,0,0,0,10,22
2024440459898,2024,440459898,464937,100425,-1.07992,50.79976,3,3,3,12:48,-1,E06000044,6,0,1,0,1,19,3,7,0,0,0,1,0,0,0,0,0,10,22
2024440460126,2024,440460126,463890,105625,-1.09387,50.84663,2,2,3,14:36,-1,E06000044,3,0,1,0,1,"[19, 11]",3,7,0,0,0,1,0,0,0,0,0,10,22
2024440460227,2024,440460227,466375,153833,-1.04975,51.27978,3,3,3,15:02,-1,E07000084,6,0,1,0,1,"[9, 19]",1,"[5, 0]",0,0,0,1,0,0,1,0,0,10,22
2024440460455,2024,440460455,421869,108523,-1.69055,50.87579,2,2,3,17:11,-1,E07000091,3,0,1,1,2,19,3,7,0,"[0, 1]",0,1,0,0,0,0,0,10,22
2024440460610,2024,440460610,471786,106121,-0.98163,50.85016,3,3,5,19:06,-1,E07000090,6,2,1,0,1,1,7,3,0,0,0,1,0,0,0,0,1,10,24
2024440460619,2024,440460619,445350,112880,-1.35629,50.91361,3,3,3,19:25,-1,E06000045,3,2,1,1,1,19,3,7,10,0,0,0,0,1,0,0,0,10,22
2024440460683,2024,440460683,462041,153350,-1.11196,51.27593,3,3,3,20:15,-1,E07000084,3,2,1,1,1,"[7, 19]","[7, 1]","[3, 5]",0,0,0,1,0,0,0,0,0,10,22
2024440460750,2024,440460750,468555,152266,-1.01879,51.26544,2,2,3,21:04,-1,E07000084,1,2,1,1,2,19,6,2,0,1,4,1,0,0,0,0,0,10,22
2024440460835,2024,440460835,460178,91637,-1.14887,50.72125,2,"[2, 3]",3,22:23,-1,E06000046,6,2,1,1,1,19,"[7, 5]","[3, 1]",0,"[8, 0]","[10, 0]",1,0,0,0,0,0,10,22
2024440461041,2024,440461041,465402,104518,-1.07259,50.83651,3,3,3,09:14,-1,E06000044,3,0,1,0,1,"[3, 4]",5,1,0,0,0,1,0,0,0,0,0,10,22
2024440461059,2024,440461059,443662,118997,-1.37957,50.96874,3,3,4,07:18,-1,E07000086,1,0,1,1,1,"[19, 4]",5,1,0,0,0,1,0,0,0,0,0,10,23
2024440461257,2024,440461257,442849,111456,-1.39203,50.901,3,3,4,09:54,-1,E06000045,6,0,1,1,1,"[9, 19]","[7, 1]","[1, 5]",0,0,0,1,0,0,0,0,0,10,23
2024440461352,2024,440461352,465116,101244,-1.07723,50.8071,3,3,4,10:33,-1,E06000044,6,0,1,1,1,5,5,1,0,0,0,1,0,0,0,0,1,10,23
2024440461374,2024,440461374,446208,114585,-1.34387,50.92887,3,3,4,10:42,-1,E07000086,3,0,1,0,1,"[9, 19]","[4, 8]","[3, 4]",0,0,0,1,0,0,0,0,0,10,23
2024440461470,2024,440461470,430256,102582,-1.57184,50.82199,2,2,4,16:40,-1,E07000091,3,0,2,1,2,19,5,1,0,0,0,1,0,0,0,0,1,9,25
2024440461699,2024,440461699,474158,159547,-0.93699,51.33019,3,3,4,13:38,-1,E07000089,4,0,1,0,2,19,1,5,0,0,0,1,0,0,0,0,0,10,23
2024440461949,2024,440461949,423944,94783,-1.66195,50.75216,3,3,4,15:32,-1,E07000091,6,0,1,1,1,"[9, 19]","[1, 7]",3,0,0,0,1,0,1,0,0,0,10,23
2024440462163,2024,440462163,460904,100364,-1.13715,50.79965,3,3,4,17:45,-1,E07000088,6,0,1,0,1,"[19, 7]","[7, 5]",3,0,0,0,1,1,0,0,0,0,10,23
2024440462434,2024,440462434,457218,151070,-1.18146,51.25593,3,3,4,20:46,-1,E07000084,4,2,1,0,2,19,7,2,0,0,0,1,0,0,0,0,0,10,23
2024440462770,2024,440462770,431685,140768,-1.54823,51.16529,3,3,5,07:22,-1,E07000093,6,0,1,0,2,19,7,3,0,1,4,1,0,0,0,0,0,10,24
2024440462864,2024,440462864,436513,147632,-1.47849,51.22672,3,3,5,08:47,-1,E07000093,6,0,1,0,1,19,1,5,0,0,0,1,0,0,0,0,0,10,24
2024440463251,2024,440463251,449532,129783,-1.29451,51.06525,3,3,5,12:24,-1,E07000094,6,0,1,0,1,5,1,7,7,1,11,1,0,0,0,0,0,10,24
2024440463288,2024,440463288,455717,162278,-1.20122,51.35685,2,2,5,12:45,-1,E07000084,4,0,1,1,2,19,5,1,0,0,0,0,1,0,0,0,0,10,24
2024440463384,2024,440463384,437856,116472,-1.46251,50.94645,3,3,5,13:36,-1,E07000093,3,0,1,0,1,9,8,6,0,0,0,1,0,0,0,0,1,10,24
2024440463459,2024,440463459,461199,98143,-1.13333,50.77964,2,2,3,13:26,-1,E07000088,6,0,1,0,1,"[9, 10]","[6, 8]","[8, 4]",0,0,0,1,1,0,0,0,0,12,24
2024440463922,2024,440463922,453940,106156,-1.23511,50.85241,3,3,5,18:33,-1,E07000087,3,2,1,0,2,"[19, 4]",3,7,0,0,0,1,0,1,0,0,0,10,24
2024440463956,2024,440463956,442381,105222,-1.39941,50.84498,2,2,5,18:57,-1,E07000091,3,2,1,0,2,19,8,4,0,0,0,1,0,0,0,0,1,10,24
2024440463959,2024,440463959,442203,111276,-1.40124,50.89943,2,2,5,18:46,-1,E06000045,6,2,1,0,1,"[9, 19]","[3, 7]","[1, 3]",0,0,0,1,1,0,0,0,0,10,24
2024440464081,2024,440464081,438357,113207,-1.45573,50.91706,3,3,5,20:34,-1,E06000045,3,2,1,0,1,19,"[6, 8]","[2, 4]",0,0,0,1,1,0,0,0,0,10,24
2024440464606,2024,440464606,459110,92707,-1.16383,50.73098,3,3,6,09:44,-1,E06000046,6,0,1,0,1,19,1,5,0,7,11,1,0,0,0,0,0,10,25
2024440464871,2024,440464871,426188,111895,-1.62892,50.90594,3,3,6,12:04,-1,E07000091,3,0,1,0,2,19,3,7,0,0,0,1,0,0,0,0,0,10,25
2024440464885,2024,440464885,456292,100566,-1.20255,50.80193,3,3,6,12:11,-1,E07000088,6,0,1,0,1,"[5, 19]","[0, 6]","[6, 2]",0,0,0,1,1,0,0,0,0,10,25
2024440464918,2024,440464918,429986,107596,-1.57526,50.8671,2,2,6,12:25,-1,E07000091,3,0,1,0,2,19,"[3, 4]","[7, 8]",0,0,0,0,0,1,1,0,0,10,25
2024440465006,2024,440465006,432726,117223,-1.53547,50.95351,3,3,6,13:23,-1,E07000091,3,0,1,1,2,"[19, 3]",5,1,0,0,0,1,0,0,0,0,0,10,25
2024440465050,2024,440465050,470601,107253,-0.99825,50.86049,2,2,6,13:40,-1,E07000090,6,0,1,0,1,19,7,3,0,0,0,0,1,0,0,0,1,10,25
2024440465893,2024,440465893,443511,119527,-1.38166,50.97352,3,3,6,21:32,-1,E07000086,3,2,1,0,1,19,3,7,0,0,0,1,0,0,0,0,0,10,25
2024440466027,2024,440466027,427782,101403,-1.60705,50.81152,3,3,6,23:55,-1,E07000091,6,2,1,0,2,19,6,1,0,7,8,1,0,0,0,0,0,10,25
2024440466034,2024,440466034,446237,109464,-1.34411,50.88282,3,3,2,21:00,-1,E07000086,6,2,9,1,2,19,"[8, 6]","[4, 2]",0,0,0,1,0,0,0,0,0,10,14
2024440466317,2024,440466317,435996,113397,-1.48929,50.91892,3,3,7,07:40,-1,E07000091,3,0,1,0,1,"[5, 1]","[8, 7]","[4, 3]",0,0,0,1,1,0,0,0,0,10,26
2024440466425,2024,440466425,449603,129603,-1.29352,51.06363,3,3,7,10:40,-1,E07000094,1,0,1,0,1,19,5,1,0,0,0,1,0,0,0,0,0,10,26
2024440466684,2024,440466684,417505,98616,-1.75304,50.78685,2,"[3, 2]",7,15:11,-1,E07000091,6,0,1,1,2,19,"[6, 2]","[2, 6]",0,0,0,1,0,0,0,0,0,10,26
2024440466708,2024,440466708,466730,100625,-1.05444,50.80135,2,2,7,15:25,-1,E06000044,3,0,1,0,1,"[19, 9]","[4, 2]","[2, 6]",0,0,0,1,0,1,0,0,0,10,26
2024440466812,2024,440466812,443235,115634,-1.38605,50.93854,3,3,7,16:50,-1,E06000045,3,0,1,0,1,"[19, 5]","[3, 0]",7,0,0,0,1,0,1,0,0,0,10,26
2024440466876,2024,440466876,456919,118330,-1.1909,50.96159,3,3,7,17:58,-1,E07000094,6,0,7,0,2,19,"[4, 6]","[7, 3]",0,0,0,1,0,0,0,0,0,10,26
2024440466944,2024,440466944,459192,92626,-1.16268,50.73024,3,3,7,18:57,-1,E06000046,3,2,1,0,1,1,2,6,0,0,0,1,0,0,0,0,1,10,26
2024440466948,2024,440466948,464903,101879,-1.08014,50.81283,3,3,7,19:00,-1,E06000044,3,2,1,1,1,4,5,1,0,0,0,1,0,0,0,0,1,10,26
2024440466982,2024,440466982,477559,161954,-0.88766,51.35138,2,"[3, 2]",7,19:45,-1,E07000089,3,2,1,0,2,"[9, 19]","[6, 4]","[4, 8]",0,0,0,1,0,0,0,0,0,10,26
2024440467232,2024,440467232,452529,136417,-1.25078,51.12463,2,"[3, 2]",7,18:58,-1,E07000094,1,2,1,0,2,19,"[5, 1]","[1, 5]",0,0,0,1,0,0,0,0,0,10,26
2024440467477,2024,440467477,464247,99914,-1.0898,50.79524,3,3,1,02:43,-1,E06000044,3,2,1,0,1,19,3,7,0,0,0,1,0,0,0,0,1,10,27
2024440467680,2024,440467680,433139,116271,-1.52967,50.94493,3,3,1,10:12,-1,E07000091,3,0,1,0,2,19,5,1,0,0,0,1,0,0,0,0,0,10,27
2024440467758,2024,440467758,467695,124495,-1.03633,51.01586,3,3,1,11:52,-1,E07000085,6,0,1,0,2,19,"[2, 6]","[6, 2]",0,0,0,1,0,0,0,0,0,10,27
2024440467847,2024,440467847,466228,100748,-1.06154,50.80251,3,3,1,13:41,-1,E06000044,6,0,1,0,1,"[19, 9]","[7, 1]","[3, 7]",0,0,0,1,0,1,0,0,0,10,27
2024440468171,2024,440468171,433460,131324,-1.52372,51.08027,3,3,1,17:58,-1,E07000093,6,0,1,0,2,19,5,1,0,0,0,1,0,0,0,0,0,10,27
2024440468189,2024,440468189,446227,157782,-1.33808,51.31728,3,3,1,18:19,-1,E07000084,3,2,1,0,2,19,5,1,0,3,4,1,0,0,0,0,0,10,27
2024440468338,2024,440468338,447886,129947,-1.31798,51.06687,3,3,1,20:38,-1,E07000094,4,2,1,0,1,19,"[1, 4]","[5, 8]",0,0,0,1,0,0,0,0,0,10,27
2024440468745,2024,440468745,465847,100056,-1.06707,50.79634,3,3,7,14:29,-1,E06000044,6,0,1,0,1,"[3, 4]",5,1,0,0,0,1,0,0,0,0,0,10,26
2024440468753,2024,440468753,446907,158045,-1.32829,51.31959,2,2,2,08:38,-1,E07000084,6,0,2,1,2,19,7,4,0,0,0,0,0,1,0,0,0,10,28
2024440468906,2024,440468906,480255,138237,-0.85427,51.13779,3,3,2,10:37,-1,E07000085,3,0,1,1,2,"[3, 19]",5,1,0,0,0,1,0,0,0,0,0,10,28
2024440469223,2024,440469223,459940,151726,-1.14235,51.26155,3,3,2,13:05,-1,E07000084,4,0,1,0,1,"[3, 19, 10]",3,"[7, 1]",0,0,0,1,0,0,0,0,0,10,28
2024440469255,2024,440469255,442510,115558,-1.39638,50.93791,3,3,2,13:24,-1,E06000045,3,0,2,1,1,"[7, 15]",3,"[5, 7]",0,0,0,1,1,0,0,0,0,10,28
2024440469694,2024,440469694,450537,76011,-1.28756,50.58166,3,3,2,16:54,-1,E06000046,6,0,1,1,2,19,"[8, 0]","[4, 0]",0,0,0,1,0,1,0,0,0,10,28
2024440469711,2024,440469711,460886,153810,-1.12844,51.28019,3,3,2,17:23,-1,E07000084,3,0,1,0,2,19,"[4, 6]","[8, 4]",0,0,0,1,0,0,0,0,0,10,28
2024440469757,2024,440469757,472001,107229,-0.97836,50.8601,3,3,2,17:51,-1,E07000090,6,0,1,0,1,19,"[3, 5]","[7, 1]",0,0,0,1,0,0,0,0,0,10,28
2024440470000,2024,440470000,463820,100116,-1.09582,50.7971,2,2,2,21:31,-1,E06000044,3,2,1,1,1,19,5,1,0,0,0,1,0,0,0,0,1,10,28
2024440470129,2024,440470129,455634,144841,-1.20512,51.20008,3,3,3,00:22,-1,E07000084,3,2,1,0,2,19,2,6,0,2,7,1,0,0,0,0,0,10,29
2024440470329,2024,440470329,451437,107409,-1.27048,50.86391,2,2,3,07:47,-1,E07000087,6,0,1,0,1,"[19, 6]",5,"[1, 5]",0,0,0,1,0,1,0,0,0,10,29
2024440471015,2024,440471015,438568,110187,-1.45304,50.88989,3,3,3,14:25,-1,E07000091,6,0,1,0,2,19,6,2,0,0,0,1,0,0,0,0,1,10,29
2024440471155,2024,440471155,465783,102736,-1.0675,50.82044,3,3,3,15:41,-1,E06000044,6,0,1,0,1,19,"[1, 7]","[5, 3]",0,0,0,1,0,0,0,0,0,10,29
2024440471323,2024,440471323,429129,91851,-1.58868,50.72556,2,2,3,16:55,-1,E07000091,6,0,1,1,2,4,1,5,0,0,0,1,0,0,0,0,1,10,29
2024440471539,2024,440471539,462088,150523,-1.11177,51.25051,3,3,3,20:13,-1,E07000084,6,2,1,0,1,5,"[2, 7]","[4, 3]",0,"[1, 0]","[1, 0]",1,0,0,0,0,0,10,29
2024440471930,2024,440471930,464411,100727,-1.08733,50.80253,3,3,3,18:06,-1,E06000044,6,2,1,0,1,"[9, 19]","[4, 2]","[2, 6]",0,0,0,1,1,0,0,0,0,10,29
2024440472190,2024,440472190,442444,112187,-1.39771,50.9076,3,3,4,10:33,-1,E06000045,3,0,1,0,1,"[11, 19]",3,7,0,"[0, 1]","[0, 1]",1,0,0,0,0,0,10,30
2024440472626,2024,440472626,487292,153818,-0.74992,51.27683,3,3,4,14:28,-1,E07000092,4,0,1,0,1,19,1,5,0,0,0,1,0,0,0,0,1,10,30
2024440472899,2024,440472899,435689,146337,-1.49042,51.21513,2,2,4,16:17,-1,E07000093,6,0,1,0,1,19,"[3, 1]","[6, 5]",0,0,0,1,1,0,0,0,0,10,30
2024440472971,2024,440472971,458871,106234,-1.16505,50.85264,2,2,3,16:32,-1,E07000087,6,0,1,0,1,"[2, 14]",3,7,0,0,0,1,1,0,0,0,0,10,22
2024440473142,2024,440473142,470345,138905,-0.99576,51.1451,3,3,4,19:35,-1,E07000085,3,2,1,0,2,4,4,8,0,0,0,1,0,0,0,0,0,10,30
2024440473378,2024,440473378,459020,102761,-1.16349,50.82139,3,3,4,22:07,-1,E07000088,6,2,1,0,1,19,"[2, 8]","[6, 4]",0,0,0,1,0,0,0,0,0,10,30
2024440473623,2024,440473623,414994,97837,-1.78869,50.77992,3,3,4,17:20,-1,E07000091,6,0,1,0,2,"[19, 3]",2,6,0,0,0,1,0,0,0,0,0,10,30
2024440474060,2024,440474060,460445,99550,-1.14379,50.79237,2,2,3,11:00,-1,E07000088,4,0,1,0,1,"[13, 19]",7,3,0,0,0,1,1,0,0,0,0,10,22
2024440474278,2024,440474278,451318,106454,-1.27231,50.85533,3,3,5,15:24,-1,E07000087,6,0,1,0,1,"[19, 3]",7,3,0,0,0,1,0,1,0,0,0,10,31
2024440474611,2024,440474611,455025,103343,-1.22012,50.82702,2,2,5,18:35,-1,E07000087,6,2,1,0,1,19,6,2,0,0,0,1,0,0,0,0,1,10,31
2024440474685,2024,440474685,435646,130509,-1.4926,51.07281,3,3,5,19:27,-1,E07000093,3,2,1,0,2,19,1,6,0,1,0,1,0,0,0,0,0,10,31
2024440474781,2024,440474781,431885,95447,-1.54933,50.75775,3,3,5,18:00,-1,E07000091,3,2,1,0,1,19,"[6, 4]","[2, 8]",0,0,0,1,1,0,0,0,0,10,31
2024440474883,2024,440474883,447315,128949,-1.32626,51.05794,2,2,5,21:35,-1,E07000094,6,2,1,0,1,9,4,2,10,7,10,1,0,0,0,0,0,10,31
2024440475684,2024,440475684,464416,101120,-1.08719,50.80606,3,3,6,10:46,-1,E06000044,6,0,1,0,1,"[3, 4]",7,3,0,0,0,1,0,0,0,0,0,11,1
2024440476036,2024,440476036,428393,134623,-1.59579,51.1102,3,3,4,14:00,-1,E07000093,6,0,1,1,2,19,"[2, 7]","[7, 2]",0,0,0,1,0,0,0,0,0,10,23
2024440476149,2024,440476149,444144,119457,-1.37265,50.97284,2,2,6,15:08,-1,E07000086,3,0,1,0,1,"[5, 19]","[4, 2]","[8, 6]",0,0,0,1,1,0,0,0,0,11,1
2024440476443,2024,440476443,435860,113292,-1.49124,50.91798,3,3,6,17:34,-1,E07000091,3,2,1,0,1,19,2,6,0,0,0,1,0,0,0,0,1,11,1
2024440476598,2024,440476598,428497,148530,-1.59321,51.23525,3,3,6,19:48,-1,E07000093,6,2,1,0,2,19,7,3,0,7,9,1,0,0,0,0,0,11,1
2024440476710,2024,440476710,458315,104084,-1.17329,50.83336,3,3,6,21:33,-1,E07000088,3,2,1,0,1,19,8,4,0,0,0,1,0,0,0,0,1,11,1
2024440477408,2024,440477408,471014,105987,-0.99262,50.84905,3,3,7,12:48,-1,E07000090,3,0,1,0,1,19,7,3,0,1,1,1,0,0,0,0,0,11,2
2024440478176,2024,440478176,424398,94985,-1.6555,50.75395,2,2,1,00:29,-1,E07000091,4,2,1,0,1,19,1,5,0,0,0,1,0,0,0,0,1,11,3
2024440478338,2024,440478338,469514,105576,-1.01401,50.84554,3,3,1,03:45,-1,E07000090,3,2,1,0,2,19,6,2,0,1,4,1,0,0,0,0,0,11,3
2024440478381,2024,440478381,441774,113189,-1.40712,50.91666,3,3,7,22:52,-1,E06000045,6,2,1,0,1,"[4, 3]",3,7,0,0,0,1,0,0,0,0,0,11,2
2024440478504,2024,440478504,466064,101503,-1.06373,50.80932,3,3,1,09:42,-1,E06000044,3,0,1,0,1,19,"[1, 3]","[5, 7]",0,0,0,0,1,0,0,0,0,11,3
2024440478586,2024,440478586,429931,108208,-1.57599,50.8726,2,"[2, 3]",1,11:36,-1,E07000091,3,0,1,0,2,14,7,3,0,0,0,0,1,0,0,0,1,11,3
2024440478652,2024,440478652,444025,113373,-1.37508,50.91815,3,3,1,12:46,-1,E06000045,6,0,1,0,1,"[19, 10]",5,"[1, 3]",0,0,0,1,1,0,0,0,0,11,3
2024440478986,2024,440478986,435893,112780,-1.49082,50.91338,2,2,1,17:29,-1,E07000091,3,2,1,0,1,"[5, 19]","[7, 5]","[3, 1]",0,0,0,1,1,0,0,0,0,11,3
2024440478996,2024,440478996,452291,88554,-1.26103,50.69429,2,2,3,17:42,-1,E06000046,6,2,1,0,2,19,"[8, 4]","[4, 8]","[1, 0]","[0, 7]","[0, 10]",1,0,0,0,0,0,12,3
2024440479096,2024,440479096,429441,102085,-1.58345,50.81757,3,3,1,19:26,-1,E07000091,6,2,1,0,2,19,3,7,0,1,9,1,0,0,0,0,0,11,3
2024440479139,2024,440479139,434856,129959,-1.50392,51.06791,2,2,1,19:50,-1,E07000093,3,2,1,1,2,19,5,1,0,7,4,1,0,0,0,0,0,11,3
2024440479603,2024,440479603,457485,111442,-1.18392,50.8996,3,3,2,08:42,-1,E07000094,4,0,1,0,2,"[9, 19]","[5, 1]","[3, 5]",0,0,0,1,0,0,0,0,0,11,4
2024440479969,2024,440479969,486773,152266,-0.75774,51.26296,3,3,2,11:59,-1,E07000092,6,0,1,0,2,"[3, 4]",6,2,0,0,0,1,0,1,0,0,0,11,4
2024440480484,2024,440480484,459314,100655,-1.15966,50.80243,3,3,2,15:56,-1,E07000088,6,0,1,0,1,"[7, 19]","[4, 6]",2,0,0,0,1,1,0,0,0,0,11,11
2024440480650,2024,440480650,442757,115605,-1.39286,50.93831,3,3,2,17:47,-1,E06000045,6,2,1,0,1,"[19, 9]","[3, 7]","[7, 3]",0,0,0,1,0,1,0,0,0,11,4
2024440480779,2024,440480779,450220,89066,-1.29028,50.69908,3,3,2,18:56,-1,E06000046,6,2,1,0,1,"[6, 19]","[7, 5]",7,"[10, 0]",0,0,1,0,0,1,0,0,11,4
2024440480857,2024,440480857,470985,106272,-0.99298,50.85162,2,2,2,20:45,-1,E07000090,6,2,1,0,1,"[2, 19]","[0, 5]","[0, 1]",0,0,0,1,0,0,0,0,0,11,4
2024440480949,2024,440480949,466147,107822,-1.06142,50.86613,3,3,2,21:53,-1,E07000094,6,2,1,0,2,4,3,7,0,3,10,1,0,0,0,0,0,11,4
2024440481272,2024,440481272,482058,149580,-0.82591,51.23951,3,3,3,07:50,-1,E07000089,6,0,1,0,2,"[5, 19]","[7, 5]","[3, 1]",0,0,0,1,0,0,0,0,0,11,5
2024440481510,2024,440481510,487174,157361,-0.75075,51.3087,2,2,7,09:59,-1,E07000092,6,0,1,0,1,19,"[5, 7]",2,0,0,0,1,1,0,0,0,0,10,5
2024440481636,2024,440481636,429029,100105,-1.58945,50.79978,3,3,4,15:47,-1,E07000091,4,0,1,0,2,19,1,5,5,0,0,0,0,0,1,0,0,11,6
2024440481928,2024,440481928,436591,142953,-1.47785,51.18464,3,3,4,13:52,-1,E07000093,3,0,1,0,2,19,4,1,0,2,4,1,0,0,0,0,0,11,6
2024440482312,2024,440482312,444242,119421,-1.37126,50.97251,3,3,3,17:05,-1,E07000086,6,2,1,0,1,19,"[3, 7]","[7, 3]",0,0,0,1,0,1,0,0,0,11,5
2024440482390,2024,440482390,432275,146543,-1.53928,51.21718,3,3,3,19:43,-1,E07000093,6,2,2,1,2,"[3, 4]",3,7,0,0,0,1,0,0,0,0,0,11,5
2024440482419,2024,440482419,426484,92614,-1.6261,50.73254,3,3,3,18:13,-1,E07000091,6,2,1,0,2,19,7,3,"[0, 2]","[0, 1]","[0, 1]",1,0,0,0,0,0,11,5
2024440482471,2024,440482471,440375,112659,-1.42708,50.91199,3,3,3,07:30,-1,E06000045,6,0,1,0,1,19,"[6, 2]","[2, 4]",0,0,0,1,1,0,0,0,0,11,5
2024440482489,2024,440482489,468570,104939,-1.02753,50.83992,3,3,3,18:34,-1,E06000044,3,2,1,0,2,4,3,7,0,0,0,1,0,0,0,0,0,11,5
2024440482655,2024,440482655,469510,110643,-1.0131,50.8911,3,3,3,21:14,-1,E07000090,6,2,1,0,1,"[19, 9]",8,"[4, 1]",0,0,0,1,0,1,0,0,0,11,5
2024440482996,2024,440482996,446941,113665,-1.33356,50.92054,3,3,4,06:45,-1,E07000086,3,2,1,1,1,"[9, 19]","[6, 4]","[4, 8]",0,0,0,1,1,0,0,0,0,11,6
2024440483009,2024,440483009,455210,117716,-1.21532,50.95624,2,2,4,07:08,-1,E07000094,6,2,1,0,2,19,7,3,0,0,0,1,0,0,0,0,1,11,6
2024440483251,2024,440483251,463821,100124,-1.0958,50.79717,2,2,4,09:58,-1,E06000044,6,0,1,0,1,"[19, 9]","[5, 1]","[1, 7]",0,0,0,1,1,0,0,0,0,11,6
2024440483252,2024,440483252,436212,128329,-1.48474,51.05317,3,3,4,09:56,-1,E07000093,6,0,1,1,2,19,1,5,12,1,11,1,0,0,0,0,1,11,6
2024440483361,2024,440483361,456814,106212,-1.19427,50.85264,3,3,4,10:55,-1,E07000087,3,0,1,0,1,19,"[1, 3]",7,0,0,0,1,1,0,0,0,0,11,6
2024440483383,2024,440483383,436979,115078,-1.47514,50.93397,3,3,4,10:16,-1,E07000093,6,0,1,0,2,19,"[1, 7]","[5, 3]",0,0,0,1,1,0,0,0,0,11,6
2024440483504,2024,440483504,465901,103329,-1.06572,50.82576,3,3,4,12:07,-1,E06000044,6,0,1,0,1,19,1,5,0,0,0,1,0,0,0,0,0,11,6
2024440484058,2024,440484058,440942,112092,-1.41908,50.90685,3,3,4,16:38,-1,E06000045,3,2,1,0,1,5,"[3, 8]","[7, 4]",0,0,0,1,0,0,0,0,0,11,6
2024440484326,2024,440484326,464908,101976,-1.08006,50.81371,3,3,2,19:10,-1,E06000044,3,2,2,1,1,"[19, 9]","[1, 5]","[5, 3]",0,0,0,1,0,1,0,0,0,11,11
2024440484336,2024,440484336,465630,105656,-1.06915,50.84671,3,3,4,19:16,-1,E06000044,3,2,1,1,1,7,5,7,0,0,0,1,0,0,0,0,0,11,6
2024440484441,2024,440484441,467583,105042,-1.04153,50.84097,2,2,4,20:24,-1,E06000044,3,2,2,1,1,12,5,1,0,0,0,0,0,1,0,0,0,11,6
2024440484502,2024,440484502,449082,130020,-1.3009,51.06742,3,3,4,17:20,-1,E07000094,6,2,8,0,2,"[19, 13]",2,6,0,"[1, 0]","[9, 0]",1,1,0,0,0,0,11,6
2024440484550,2024,440484550,462006,153263,-1.11248,51.27515,3,3,4,22:17,-1,E07000084,3,2,1,0,1,4,5,"[2, 1]",0,0,0,1,0,0,0,0,0,11,6
2024440484558,2024,440484558,436363,113005,-1.48411,50.91537,3,3,4,22:22,-1,E07000091,3,2,1,1,1,19,7,3,0,0,0,1,0,0,0,0,0,11,6
2024440484855,2024,440484855,418733,109357,-1.73508,50.8834,2,2,5,07:42,-1,E07000091,6,0,1,0,2,19,8,4,0,1,4,1,0,0,0,0,0,11,7
2024440485042,2024,440485042,441948,142947,-1.40121,51.18422,3,3,5,08:04,-1,E07000093,3,0,1,0,2,19,8,4,0,0,0,1,0,0,0,0,0,11,7
2024440485189,2024,440485189,486617,150619,-0.76037,51.24818,3,3,5,11:03,-1,E07000092,4,0,1,0,1,9,5,1,0,0,0,1,0,0,0,0,1,11,7
2024440485384,2024,440485384,485390,159252,-0.77589,51.32597,2,2,5,12:49,-1,E07000089,4,0,1,0,1,"[13, 9]",4,"[8, 1]",0,0,0,1,0,1,0,0,0,11,7
2024440485677,2024,440485677,447173,115720,-1.33,50.939,3,3,5,15:00,-1,E07000086,6,0,1,1,2,19,7,3,0,7,4,1,0,0,0,0,0,11,7
2024440486012,2024,440486012,471459,138972,-0.97982,51.14556,2,2,5,17:52,-1,E07000085,6,2,1,0,1,"[9, 19]","[6, 2]","[4, 6]",0,0,0,1,1,0,0,0,0,11,7
2024440486031,2024,440486031,443511,118772,-1.38175,50.96673,2,"[2, 3]",5,18:06,-1,E07000086,1,2,1,0,1,"[12, 4]",5,1,0,0,0,1,0,1,0,0,0,11,7
2024440486199,2024,440486199,455527,103102,-1.21303,50.8248,3,3,5,12:30,-1,E07000087,4,0,1,0,1,19,"[7, 5]","[3, 1]",0,0,0,1,1,0,0,0,0,11,7
2024440486657,2024,440486657,453940,107990,-1.23484,50.8689,3,3,6,07:31,-1,E07000094,1,0,1,0,2,19,3,7,0,0,0,1,0,0,0,0,0,11,8
2024440486786,2024,440486786,429626,99496,-1.58103,50.79428,2,2,6,09:00,-1,E07000091,6,0,1,0,2,19,3,7,0,0,0,1,0,0,0,0,0,11,8
2024440487162,2024,440487162,449570,130502,-1.29387,51.07171,3,3,6,12:38,-1,E07000094,3,0,1,0,2,"[19, 12]",5,1,0,0,0,1,0,0,1,0,0,11,8