collision_index,collision_year,collision_ref_no,location_easting_osgr,location_northing_osgr,longitude,latitude,casualty_severity,casualty_severity,day_of_week,time,local_authority_district,local_authority_ons_district,first_road_class,light_conditions,weather_conditions,road_surface_conditions,urban_or_rural_area,vehicle_manoeuvre,vehicle_direction_from,vehicle_direction_to,hit_object_in_carriageway,vehicle_leaving_carriageway,hit_object_off_carriageway,is_car,is_cyle,is_mcyle,is_goodsv,is_other,is_pedestrian,month,day
2024451407924,2024,451407924,527640,153670,-0.17179,51.2679,1,"[2, 1]",5,23:40,-1,E07000211,1,2,2,1,2,19,7,3,0,"[8, 0]",0,1,0,0,0,0,0,2,8
2024451407974,2024,451407974,525254,161291,-0.2033,51.33692,3,3,6,08:30,-1,E07000211,3,0,2,1,1,"[2, 12]",1,5,0,"[0, 1]",0,1,0,0,0,0,0,2,9
2024451408120,2024,451408120,487979,155897,-0.73956,51.29541,3,3,6,10:45,-1,E07000214,6,0,2,1,1,"[9, 19]","[3, 8]","[1, 4]",0,0,0,1,0,0,0,0,0,2,9
2024451408126,2024,451408126,510671,165206,-0.41134,51.37513,3,3,6,09:25,-1,E07000207,6,0,8,1,1,"[19, 9]","[2, 4]","[6, 2]",0,0,0,1,0,0,0,0,0,2,9
2024451408152,2024,451408152,503004,150818,-0.5256,51.24724,3,3,6,14:20,-1,E07000209,3,0,2,1,2,19,7,3,0,0,0,1,0,0,0,0,0,2,9
2024451408183,2024,451408183,500337,157972,-0.5618,51.31203,3,3,5,13:10,-1,E07000217,3,0,1,0,1,"[19, 3]",5,1,0,0,0,1,0,0,0,0,0,2,8
2024451408185,2024,451408185,487602,160894,-0.74374,51.34039,2,2,5,16:10,-1,E07000214,3,0,2,1,1,"[11, 19]",7,3,0,"[1, 0]","[3, 0]",1,0,0,1,0,0,2,8
2024451408236,2024,451408236,504156,164307,-0.50517,51.36828,3,3,6,17:58,-1,E07000212,1,2,2,1,2,19,1,"[1, 5]",0,0,0,1,0,0,0,0,0,2,9
2024451408276,2024,451408276,506893,170633,-0.46397,51.42464,2,"[2, 3]",7,00:40,-1,E07000213,3,2,2,1,2,19,8,2,0,1,2,1,0,0,0,0,0,2,10
2024451408300,2024,451408300,492376,135724,-0.68171,51.11337,3,3,7,05:55,-1,E07000216,3,2,1,1,2,19,2,6,0,1,4,1,0,0,0,0,0,2,10
2024451408389,2024,451408389,500440,157501,-0.56045,51.30777,3,3,5,18:41,-1,E07000217,3,0,1,0,1,"[4, 19]",7,3,0,0,0,1,0,0,0,0,0,1,11
2024451408390,2024,451408390,500626,153092,-0.55902,51.26811,3,3,6,22:10,-1,E07000209,6,2,1,1,2,19,"[3, 7]","[7, 3]",0,"[0, 1]",0,1,0,0,0,0,0,2,9
2024451408424,2024,451408424,505563,162046,-0.48564,51.3477,3,3,7,13:30,-1,E07000217,1,0,1,0,1,19,5,1,0,0,0,1,0,0,0,0,0,2,10
2024451408430,2024,451408430,499467,149742,-0.57656,51.2382,3,3,7,13:45,-1,E07000209,3,0,1,0,1,19,"[4, 5]","[6, 1]",0,"[1, 0]",0,1,0,0,0,0,0,2,10
2024451408458,2024,451408458,502030,168827,-0.5344,51.4093,3,3,7,18:16,-1,E07000212,6,2,1,0,1,"[19, 2]","[3, 0]","[7, 0]",0,0,0,1,0,0,0,0,1,2,10
2024451408461,2024,451408461,494956,142216,-0.64315,51.17131,3,3,6,18:47,-1,E07000216,3,2,1,0,2,"[19, 2]","[6, 0]","[2, 0]",0,0,0,1,0,0,0,0,0,2,2
2024451408491,2024,451408491,520868,161342,-0.26622,51.33833,3,3,7,21:05,-1,E07000208,4,2,1,0,1,"[19, 2]","[1, 5]","[5, 1]","[10, 0]",0,0,1,0,0,0,1,0,2,10
2024451408505,2024,451408505,491505,164225,-0.68687,51.36972,3,3,7,19:51,-1,E07000214,3,2,1,1,2,19,"[5, 1]","[1, 4]",0,0,0,1,1,0,0,0,0,2,10
2024451408519,2024,451408519,488089,132598,-0.7437,51.08595,3,3,1,00:02,-1,E07000216,6,2,1,0,1,19,3,7,0,1,2,1,0,0,0,0,0,2,11
2024451408563,2024,451408563,499051,160686,-0.57949,51.33665,3,3,1,08:57,-1,E07000214,3,0,1,1,2,"[10, 19]","[3, 2]","[1, 6]",0,0,0,1,0,0,0,0,0,2,11
2024451408713,2024,451408713,491349,160849,-0.68998,51.3394,1,"[1, 2]",1,20:15,-1,E07000214,4,2,1,1,2,19,"[7, 3]","[3, 7]",0,0,0,1,0,0,0,0,0,2,11
2024451408755,2024,451408755,501744,171618,-0.53771,51.43444,3,3,2,06:59,-1,E07000212,1,0,1,0,1,19,8,4,0,0,0,1,0,0,0,0,0,2,12
2024451408773,2024,451408773,490015,151232,-0.71155,51.25316,3,3,2,07:20,-1,E07000209,4,0,1,1,1,"[19, 4]","[5, 1]","[1, 5]",0,0,0,1,0,0,0,0,0,2,12
2024451408791,2024,451408791,497361,161649,-0.60348,51.34559,3,3,2,07:00,-1,E07000214,3,0,8,1,1,9,1,1,11,3,11,1,0,0,0,0,0,2,12
2024451408805,2024,451408805,504209,160812,-0.50543,51.33686,2,2,2,08:00,-1,E07000217,3,0,1,0,1,"[19, 4]",1,5,0,0,0,1,0,0,0,0,0,2,12
2024451408888,2024,451408888,501288,150601,-0.55024,51.2456,3,3,5,08:00,-1,E07000209,6,0,1,0,1,5,7,3,0,0,0,1,0,0,0,0,1,2,1
2024451408914,2024,451408914,523528,152689,-0.23104,51.25999,3,3,5,17:19,-1,E07000211,1,2,9,1,2,-1,3,7,-1,-1,0,0,0,0,0,1,0,1,4
2024451409051,2024,451409051,500148,149734,-0.56681,51.23801,3,3,1,19:00,-1,E07000209,6,2,1,0,1,"[1, 19]",1,"[5, 3]",0,"[1, 0]",0,1,0,0,0,0,0,2,11
2024451409063,2024,451409063,512923,143491,-0.38585,51.17951,2,2,2,14:21,-1,E07000210,6,0,1,0,2,19,"[5, 1]","[1, 5]",0,0,0,1,0,0,0,0,0,2,12
2024451409154,2024,451409154,523244,155886,-0.23401,51.28878,3,3,2,16:29,-1,E07000211,4,0,1,0,1,"[9, 19]","[7, 3]","[5, 7]",0,0,0,1,0,0,0,0,0,2,12
2024451409171,2024,451409171,514063,168868,-0.36145,51.40738,3,3,3,01:09,-1,E07000207,6,2,1,0,1,19,7,3,10,0,0,0,0,1,0,0,0,2,13
2024451409434,2024,451409434,541110,152730,0.02079,51.25628,3,3,2,13:44,-1,E07000215,3,0,1,0,2,19,2,6,7,8,1,1,0,0,0,0,0,2,12
2024451409447,2024,451409447,485719,160062,-0.77097,51.3332,3,3,2,22:35,-1,E07000214,3,2,8,1,1,19,"[3, 7]","[7, 3]",0,0,0,1,0,0,0,0,0,2,12
2024451409455,2024,451409455,504290,136094,-0.51146,51.11466,3,3,3,10:00,-1,E07000216,6,0,2,1,2,"[19, 10]","[7, 5, 1]","[3, 1, 5]",0,0,0,1,0,0,0,0,0,2,13
2024451409532,2024,451409532,517851,155505,-0.31144,51.2865,3,3,3,16:25,-1,E07000210,3,0,2,1,2,"[19, 99]",1,6,"[10, 0]",0,0,1,0,0,1,0,0,2,13
2024451409552,2024,451409552,497821,152382,-0.59941,51.26221,3,3,3,17:35,-1,E07000209,6,2,2,1,1,"[19, 4]","[3, 7]","[7, 3]","[99, 0]",0,0,1,0,0,0,0,0,2,13
2024451409570,2024,451409570,488343,150024,-0.73579,51.24256,2,2,3,12:20,-1,E07000209,3,0,2,1,2,"[3, 19]",1,5,0,0,0,1,0,0,0,0,0,2,13
2024451409572,2024,451409572,504427,164066,-0.50135,51.36607,2,2,3,16:25,-1,E07000212,6,0,2,1,1,"[7, 19]","[1, 5]","[4, 1]",0,0,0,1,0,0,0,0,0,2,13
2024451409598,2024,451409598,502844,155429,-0.52657,51.28872,3,3,3,18:25,-1,E07000209,3,2,8,1,2,"[9, 19]",6,"[8, 2]",0,0,0,1,0,0,0,0,0,2,13
2024451409607,2024,451409607,514752,167947,-0.35185,51.39896,2,2,3,17:00,-1,E07000207,4,0,2,1,1,19,"[3, 6]","[7, 1]",0,"[0, 1]",0,1,1,0,0,0,0,2,13
2024451409612,2024,451409612,502814,173537,-0.52177,51.45149,2,"[3, 2]",3,16:50,-1,E07000213,1,0,2,1,2,19,6,2,0,0,0,1,0,0,0,0,0,2,13
2024451409619,2024,451409619,509550,160697,-0.42883,51.33482,3,3,3,22:57,-1,E07000207,3,2,1,1,2,19,7,3,0,0,0,1,0,0,0,0,0,2,13
2024451409942,2024,451409942,506289,159834,-0.47588,51.32768,3,3,4,13:25,-1,E07000209,1,0,1,1,2,"[19, 4]",4,8,0,0,0,1,0,0,0,1,0,2,14
2024451409961,2024,451409961,495646,158598,-0.62891,51.31846,3,3,4,16:05,-1,E07000214,3,0,1,1,2,"[9, 19]","[3, 5]",1,0,0,0,1,1,0,0,0,0,2,14
2024451409997,2024,451409997,499679,149249,-0.57366,51.23373,3,3,2,10:15,-1,E07000209,6,0,1,0,1,"[19, 2]","[1, 0]","[5, 0]",0,0,0,1,0,0,1,0,0,2,12
2024451410019,2024,451410019,507914,164730,-0.45108,51.37138,3,3,4,18:09,-1,E07000207,3,2,1,0,1,9,1,"[1, 2]",0,0,0,1,0,1,0,0,0,2,14
2024451410057,2024,451410057,522669,157159,-0.24181,51.30035,3,3,5,00:18,-1,E07000211,4,2,2,1,1,19,5,1,0,2,10,1,0,0,0,0,0,2,15
2024451410060,2024,451410060,525496,151309,-0.20334,51.24716,3,3,3,08:45,-1,E07000211,3,0,1,0,1,"[9, 13]","[3, 1]","[1, 5]",0,0,0,1,0,1,0,0,0,2,6
2024451410112,2024,451410112,495866,156911,-0.62621,51.30326,3,3,5,07:35,-1,E07000217,6,0,1,1,2,19,"[2, 5]","[6, 1]",0,0,0,1,0,0,0,0,0,2,15
2024451410261,2024,451410261,517238,166790,-0.31651,51.38805,3,3,4,08:40,-1,E07000207,6,0,9,0,1,19,1,"[6, 4]",0,0,0,1,1,0,0,0,0,2,14
2024451410344,2024,451410344,487602,158140,-0.74442,51.31564,3,3,7,18:36,-1,E07000214,4,0,1,0,1,19,"[6, 4]","[6, 4]",0,0,0,1,0,0,0,0,0,2,10
2024451410431,2024,451410431,522642,153270,-0.24353,51.2654,2,"[3, 2]",3,10:55,-1,E07000211,1,0,2,1,2,19,"[3, 1, 4]","[7, 5, 8]",0,0,0,1,0,0,0,0,0,2,13
2024451410482,2024,451410482,515064,165731,-0.34808,51.37898,3,3,6,13:15,-1,E07000207,3,0,8,0,1,"[3, 4]",1,5,0,0,0,1,0,0,0,0,0,2,9
2024451410508,2024,451410508,516529,158437,-0.32943,51.31312,3,3,5,21:10,-1,E07000210,1,2,5,1,2,"[19, 11]","[3, 1]","[7, 5]",0,0,0,1,0,0,0,0,0,2,8
2024451410579,2024,451410579,513992,163819,-0.36409,51.36201,2,2,5,15:28,-1,E07000207,3,0,8,0,1,"[19, 4]",1,1,"[0, 99]",0,0,1,0,0,0,0,0,2,15
2024451410804,2024,451410804,513835,168258,-0.36492,51.40194,2,2,5,18:25,-1,E07000207,6,2,8,0,1,"[10, 19]",1,3,99,0,0,1,1,0,0,0,0,2,15
2024451410812,2024,451410812,508021,167389,-0.44874,51.39526,3,3,5,18:15,-1,E07000213,4,2,1,0,1,19,5,1,0,0,0,1,0,0,0,0,1,2,15
2024451410842,2024,451410842,537296,157941,-0.03183,51.30404,3,3,6,14:59,-1,E07000215,6,0,1,0,2,"[9, 19]","[5, 3]","[1, 7]",0,0,0,1,0,0,0,0,0,2,16
2024451410864,2024,451410864,485721,149452,-0.77348,51.23782,3,3,6,02:20,-1,E07000216,4,2,2,1,1,19,6,2,0,1,2,1,0,0,0,0,0,2,16
2024451410875,2024,451410875,486211,160296,-0.76385,51.33523,3,3,6,21:15,-1,E07000214,3,2,1,0,1,"[10, 19]",5,"[2, 1]",0,0,0,1,0,0,0,0,0,2,16
2024451410879,2024,451410879,515352,168362,-0.34309,51.40257,3,3,5,19:00,-1,E07000207,3,2,1,0,1,"[9, 19]","[1, 5]","[3, 1]",0,0,0,1,0,0,0,0,0,2,15
2024451410920,2024,451410920,528550,152465,-0.15919,51.25687,2,2,4,18:30,-1,E07000211,6,2,1,0,2,"[4, 19]","[1, 5]","[5, 1, 4]",0,0,0,1,0,1,0,0,0,1,31
2024451411025,2024,451411025,488154,157958,-0.73655,51.31392,3,3,7,12:32,-1,E07000214,6,0,1,0,1,"[9, 19]","[4, 6]","[8, 2]",0,0,0,1,0,0,0,0,0,2,17
2024451411057,2024,451411057,504812,166530,-0.4951,51.38814,2,2,7,15:35,-1,E07000212,6,0,1,0,1,"[19, 5]","[1, 7]","[5, 3]",0,0,0,1,0,1,0,0,0,2,17
2024451411153,2024,451411153,526229,152388,-0.19246,51.25669,3,3,1,00:35,-1,E07000211,6,2,2,1,2,"[7, 4]","[5, 3]","[8, 7]",0,0,0,1,0,0,0,0,0,2,18
2024451411164,2024,451411164,519838,156044,-0.28278,51.29093,2,"[3, 2]",1,02:43,-1,E07000210,1,2,2,1,2,19,7,3,0,0,0,1,0,0,0,0,0,2,18
2024451411279,2024,451411279,541291,143297,0.01967,51.17147,3,3,7,15:00,-1,E07000215,4,0,2,1,2,19,7,3,0,1,0,0,0,1,0,0,0,2,17
2024451411297,2024,451411297,527984,143237,-0.17059,51.17406,3,3,1,13:04,-1,E07000211,3,0,1,1,1,19,5,1,0,0,0,1,0,0,0,0,1,2,18
2024451411317,2024,451411317,501697,159645,-0.54181,51.32682,3,3,1,13:55,-1,E07000217,6,0,8,0,1,"[19, 4]","[5, 1]","[3, 5]",0,0,0,1,0,0,0,0,0,2,18
2024451411366,2024,451411366,520532,150696,-0.27463,51.24272,2,2,1,01:58,-1,E07000210,3,2,2,1,2,13,7,3,0,7,4,1,0,0,0,0,0,2,18
2024451411619,2024,451411619,520835,155375,-0.26871,51.28471,3,3,1,07:12,-1,E07000211,1,0,2,1,2,19,5,1,0,0,0,1,0,0,0,0,0,2,18
2024451411763,2024,451411763,499311,150674,-0.57854,51.2466,3,3,2,19:30,-1,E07000209,6,2,1,0,1,"[19, 9]","[3, 1]","[7, 5]",0,0,0,1,0,1,0,0,0,2,19
2024451411953,2024,451411953,500270,149165,-0.56522,51.23287,3,3,5,16:35,-1,E07000209,6,0,1,0,1,"[19, 2]",8,4,0,0,0,1,0,0,0,0,1,2,15
2024451412100,2024,451412100,501762,159172,-0.54102,51.32256,3,3,3,14:22,-1,E07000217,6,0,1,0,1,19,"[2, 4]","[4, 2]",0,0,0,1,0,0,0,0,0,2,20
2024451412133,2024,451412133,501084,171045,-0.54737,51.4294,3,3,3,15:25,-1,E07000212,6,0,1,0,1,19,1,5,0,0,0,1,0,0,0,0,1,2,20
2024451412172,2024,451412172,513773,168333,-0.36579,51.40263,3,3,1,20:15,-1,E07000207,4,2,1,1,1,"[2, 9, 19]","[0, 5]","[0, 3, 1]",0,0,0,1,0,0,0,0,0,2,18
2024451412176,2024,451412176,510197,169680,-0.41676,51.41544,3,3,3,15:05,-1,E07000213,6,0,1,0,1,19,1,5,0,0,0,1,0,0,0,0,1,2,20
2024451412189,2024,451412189,498929,150823,-0.58397,51.24801,2,2,3,19:40,-1,E07000209,3,2,1,0,1,19,3,7,0,0,0,0,0,1,0,0,0,2,20
2024451412190,2024,451412190,503601,171352,-0.51109,51.43171,3,3,3,19:00,-1,E07000213,3,2,1,0,1,"[9, 19]","[3, 5]","[7, 1]",0,0,0,0,1,0,0,0,0,2,20
2024451412360,2024,451412360,520217,162456,-0.27518,51.34848,3,3,4,08:20,-1,E07000208,4,0,2,1,2,"[9, 19]","[3, 1]","[7, 5]",0,0,0,1,0,0,0,0,0,2,21
2024451412465,2024,451412465,526218,152380,-0.19262,51.25662,3,3,4,09:15,-1,E07000211,6,0,2,1,2,"[19, 9]","[1, 5]","[5, 1]",0,0,0,1,0,0,0,0,0,2,21
2024451412637,2024,451412637,508027,159325,-0.4511,51.32278,3,3,4,20:00,-1,E07000209,3,2,2,1,2,19,1,5,0,0,0,0,0,1,0,0,0,2,21
2024451412669,2024,451412669,507009,158087,-0.46607,51.31185,3,3,4,08:42,-1,E07000209,3,0,2,1,2,19,"[5, 3]",1,0,0,0,1,0,0,0,0,0,2,21
2024451412731,2024,451412731,504114,136551,-0.51384,51.1188,2,"[3, 2]",5,07:28,-1,E07000216,3,0,2,1,2,"[19, 13]",5,1,0,0,0,1,0,1,0,0,0,2,22
2024451412781,2024,451412781,503630,164971,-0.51253,51.37435,3,3,5,16:20,-1,E07000212,3,0,1,0,2,"[19, 3, 4]",7,3,0,0,0,1,0,0,0,0,0,2,15
2024451412804,2024,451412804,508973,164082,-0.43607,51.36536,3,3,5,07:54,-1,E07000207,3,0,2,1,1,19,"[7, 3]","[3, 7]",0,0,0,1,0,0,0,0,0,2,22
2024451412896,2024,451412896,500149,157655,-0.56458,51.30921,3,3,5,13:15,-1,E07000217,3,0,2,1,1,"[19, 10]",3,7,0,0,0,1,0,0,0,0,0,2,22
2024451412995,2024,451412995,504448,171953,-0.49873,51.43696,3,3,5,07:50,-1,E07000213,3,0,2,1,1,"[4, 13]",3,7,0,0,0,1,0,0,0,0,0,2,22
2024451413038,2024,451413038,503103,171459,-0.51822,51.43276,3,3,4,18:55,-1,E07000212,3,2,1,1,1,"[19, 5]","[5, 7]",1,0,0,0,1,0,0,0,0,0,2,21
2024451413054,2024,451413054,523802,158603,-0.22507,51.31308,2,"[3, 2]",5,19:19,-1,E07000211,3,2,1,1,1,"[4, 19]",1,5,0,0,0,1,0,0,0,0,0,2,22
2024451413059,2024,451413059,528593,154690,-0.15777,51.27685,2,2,5,15:26,-1,E07000211,3,0,2,1,2,19,5,1,0,"[1, 0]",0,1,0,1,0,0,0,2,22
2024451413061,2024,451413061,491690,161026,-0.68504,51.34094,3,3,5,14:15,-1,E07000214,4,0,2,1,2,19,2,6,0,1,0,1,0,0,0,0,0,2,22
2024451413067,2024,451413067,500461,160259,-0.55937,51.33256,2,2,5,19:20,-1,E07000217,3,2,2,1,2,19,7,3,0,0,0,1,0,0,0,0,1,2,22
2024451413079,2024,451413079,496983,162846,-0.60858,51.35642,3,3,2,16:35,-1,E07000214,6,0,1,0,1,"[19, 5]","[7, 3]","[3, 7]",0,0,0,0,0,1,1,0,0,2,19
2024451413365,2024,451413365,512280,165923,-0.38801,51.38126,3,3,6,12:48,-1,E07000207,6,0,1,0,2,13,5,1,0,0,0,1,0,0,0,0,1,2,23
2024451413424,2024,451413424,500388,158945,-0.56079,51.32076,3,3,6,16:55,-1,E07000217,3,0,1,1,1,"[19, 9]","[7, 1]","[3, 7]",0,0,0,1,0,0,0,0,0,2,23
2024451413439,2024,451413439,503334,165948,-0.5165,51.38318,2,2,3,21:18,-1,E07000212,1,2,1,1,1,"[19, -1]","[8, -1]","[4, -1]","[0, -1]","[0, 4, -1]","[0, 6]",1,0,0,0,0,0,2,13
2024451413467,2024,451413467,498958,150818,-0.58355,51.24796,2,2,6,20:36,-1,E07000209,3,2,1,1,1,19,3,7,0,0,0,1,0,0,0,0,1,2,23
2024451413613,2024,451413613,507557,163635,-0.45654,51.36161,3,3,7,08:45,-1,E07000207,4,0,1,2,2,"[9, 19]","[5, 1]","[3, 5]",0,0,0,1,0,0,0,0,1,2,24
2024451413687,2024,451413687,528208,151281,-0.16451,51.2463,3,3,6,17:27,-1,E07000211,6,0,1,1,1,19,"[1, 5]",1,0,0,0,1,1,0,0,0,0,2,23
2024451413761,2024,451413761,507038,164800,-0.46364,51.37218,2,2,7,18:02,-1,E07000207,3,2,1,1,1,19,5,1,0,0,0,1,0,0,0,0,1,2,24
2024451413786,2024,451413786,499421,149580,-0.57727,51.23675,3,3,1,02:10,-1,E07000209,3,2,7,0,1,19,1,2,0,0,0,0,0,1,0,0,1,2,25
2024451413988,2024,451413988,494643,147075,-0.64635,51.21504,3,3,1,19:00,-1,E07000209,3,2,5,1,1,7,5,1,0,1,0,1,0,0,0,0,0,2,25
2024451413997,2024,451413997,524213,157717,-0.21948,51.30503,3,3,1,20:15,-1,E07000211,6,2,5,1,1,"[7, 19]","[3, 1]",5,0,0,0,1,0,0,0,0,0,2,25
2024451414008,2024,451414008,503727,171707,-0.50917,51.43488,3,3,1,20:10,-1,E07000213,3,2,2,1,1,"[19, 9]","[1, 2]","[5, 3]",0,0,0,1,0,1,0,0,0,2,25
2024451414038,2024,451414038,501597,169160,-0.54053,51.41237,2,"[3, 2]",7,18:15,-1,E07000212,1,2,1,0,2,4,1,5,0,0,0,1,0,0,0,0,0,2,24
2024451414039,2024,451414039,500009,170876,-0.56287,51.42808,3,3,6,23:40,-1,E07000212,3,2,1,0,1,"[2, 19]","[2, 6]","[6, 2]","[0, 4]","[0, 1]",0,1,0,0,0,0,0,2,16
2024451414096,2024,451414096,531447,148810,-0.11904,51.22336,3,3,1,11:53,-1,E07000215,1,0,1,1,2,"[11, 4, 19]","[5, 1]","[1, 5]",0,0,0,1,0,0,0,0,0,2,18
2024451414170,2024,451414170,506803,159590,-0.46858,51.32539,3,3,2,10:21,-1,E07000209,1,0,4,0,2,"[19, 3]",7,3,0,0,0,1,0,0,0,0,0,2,26
2024451414206,2024,451414206,510749,150247,-0.41486,51.24066,3,3,2,08:30,-1,E07000209,6,0,4,1,2,"[19, 4]",3,3,0,0,0,1,0,0,0,0,0,2,26
2024451414366,2024,451414366,526231,143986,-0.19539,51.18118,3,3,2,07:45,-1,E07000211,3,0,1,0,2,"[19, 1]",1,3,0,0,0,1,0,0,0,0,0,2,26
2024451414368,2024,451414368,498867,158478,-0.58274,51.31683,3,3,2,20:25,-1,E07000217,3,2,1,0,1,"[19, 4]","[6, 1]","[2, 5]",0,0,0,1,0,0,0,0,0,2,26
2024451414446,2024,451414446,509765,169859,-0.42291,51.41713,3,3,2,21:45,-1,E07000213,1,2,8,0,1,"[3, 4]",7,1,0,0,0,1,0,0,0,0,0,2,19
2024451414459,2024,451414459,531291,142425,-0.1236,51.16601,3,3,2,06:30,-1,E07000215,6,0,1,0,2,19,-1,-1,"[8, 0]",0,0,1,0,0,0,0,0,2,26
2024451414538,2024,451414538,517774,155933,-0.3124,51.29036,2,2,3,08:00,-1,E07000210,3,0,1,0,2,"[9, 19]","[5, 1]","[3, 5]",0,0,0,1,0,0,0,0,0,2,27
2024451414568,2024,451414568,500888,159205,-0.55354,51.32301,3,3,3,08:42,-1,E07000217,6,0,1,0,1,19,1,3,0,0,0,1,0,1,0,0,0,2,27
2024451414624,2024,451414624,523788,152606,-0.22735,51.25919,3,3,2,18:20,-1,E07000211,1,2,1,0,2,12,7,3,0,0,0,1,0,0,0,0,0,2,26
2024451414692,2024,451414692,523696,144063,-0.23161,51.18242,3,3,3,07:10,-1,E07000211,6,0,1,0,2,"[19, 7]",5,1,0,"[1, 0]","[11, 0]",1,0,0,0,0,0,2,27
2024451414706,2024,451414706,497972,146072,-0.59897,51.20547,3,3,3,08:30,-1,E07000209,4,0,1,1,2,"[9, 19]","[5, 3]","[3, 7]",0,0,0,1,0,0,0,0,0,2,27
2024451414762,2024,451414762,528106,146644,-0.16763,51.20465,3,3,3,14:36,-1,E07000211,3,0,1,0,1,8,7,1,0,0,0,1,0,0,0,0,1,2,27
2024451414772,2024,451414772,502460,168035,-0.52845,51.4021,3,3,3,16:55,-1,E07000212,4,0,1,0,2,19,4,8,11,7,6,0,0,1,0,0,0,2,27
2024451414790,2024,451414790,501565,167908,-0.54135,51.40112,3,3,3,17:54,-1,E07000212,1,2,1,0,2,"[19, 12]","[5, 7]","[1, 4]",0,0,0,1,0,0,1,0,0,2,27
2024451414812,2024,451414812,499344,147996,-0.57881,51.22252,3,3,3,18:35,-1,E07000209,3,2,1,0,2,"[19, 4]","[1, 5]","[5, 1]",0,0,0,1,0,1,0,0,0,2,27
2024451414825,2024,451414825,500735,171285,-0.55232,51.43162,3,3,3,20:45,-1,E07000212,6,2,1,0,1,"[19, 9]","[2, 3]","[6, 1]",0,0,0,1,0,1,0,0,0,2,27
2024451414834,2024,451414834,527557,149541,-0.17445,51.23081,2,"[3, 2]",7,12:10,-1,E07000211,6,0,1,1,1,"[19, 10, 4]",1,"[5, 7]",0,0,0,1,0,0,0,0,0,2,24
2024451414856,2024,451414856,506164,172661,-0.47384,51.443,2,2,5,08:20,-1,E07000213,3,0,1,2,1,19,7,3,0,0,0,1,0,0,0,0,1,1,18
2024451414991,2024,451414991,506031,172772,-0.47572,51.44402,3,3,3,09:00,-1,E07000213,4,0,1,1,1,19,-1,-1,0,0,0,1,0,0,0,0,1,2,27
2024451415080,2024,451415080,527650,149364,-0.17318,51.2292,3,3,4,11:25,-1,E07000211,6,0,1,0,1,19,1,5,11,0,0,1,0,0,0,0,0,2,28
2024451415160,2024,451415160,533059,143276,-0.09802,51.17325,3,3,2,17:00,-1,E07000215,6,0,1,0,2,"[2, 19]","[0, 1]","[0, 5]",0,"[0, 1]","[0, 4]",1,0,0,0,0,0,2,26
2024451415229,2024,451415229,488755,132803,-0.73414,51.08769,3,3,4,17:15,-1,E07000216,4,2,2,1,1,"[19, 9]","[3, 6]","[7, 3]",0,0,0,1,0,1,0,0,0,2,28
2024451415236,2024,451415236,501188,163394,-0.54805,51.36061,3,3,4,18:36,-1,E07000212,3,2,1,0,2,"[5, 19]","[2, 6]","[6, 2]",0,0,0,1,0,0,0,0,0,2,28
2024451415255,2024,451415255,500577,157494,-0.55849,51.30769,2,"[2, 3]",3,22:20,-1,E07000217,3,2,1,0,1,19,7,3,0,0,0,1,0,0,0,0,1,2,27
2024451415533,2024,451415533,507648,159423,-0.4565,51.32373,3,3,5,13:08,-1,E07000209,1,0,2,1,2,19,"[6, 4]","[2, 8]",0,0,0,0,0,0,1,0,0,2,29
2024451415549,2024,451415549,498723,159684,-0.58447,51.3277,3,3,5,15:19,-1,E07000217,6,0,8,1,2,19,"[4, 8]","[8, 4]",0,0,0,1,0,0,0,0,0,2,29
2024451415566,2024,451415566,498933,149658,-0.58423,51.23754,2,2,5,18:30,-1,E07000209,6,2,1,1,1,"[9, 19]",7,3,0,0,0,1,0,1,0,0,0,2,29
2024451415601,2024,451415601,499812,158551,-0.56916,51.31732,2,2,4,16:14,-1,E07000217,6,0,1,0,1,5,3,7,0,0,0,1,0,0,0,0,1,2,28
2024451415604,2024,451415604,501951,168466,-0.53564,51.40607,2,2,5,08:00,-1,E07000212,6,0,2,1,1,"[19, 10]","[7, 1]","[2, 7]",0,0,0,1,0,0,0,0,0,2,29
2024451415632,2024,451415632,520180,163118,-0.27549,51.35444,2,2,4,19:00,-1,E07000208,4,2,1,0,2,19,5,1,0,0,0,1,0,0,0,0,1,2,28
2024451415673,2024,451415673,503608,163325,-0.51333,51.35956,3,3,6,07:42,-1,E07000212,6,0,2,1,1,10,"[5, 3]","[1, 7]",0,0,0,1,0,0,0,0,0,3,1
2024451415692,2024,451415692,498075,150130,-0.59639,51.24193,3,3,6,08:00,-1,E07000209,6,0,2,1,1,3,8,-1,0,0,0,1,0,0,0,0,0,3,1
2024451415847,2024,451415847,489352,160100,-0.71883,51.33298,3,3,6,09:00,-1,E07000214,6,0,1,1,1,19,8,4,0,0,0,1,0,0,0,0,1,3,1
2024451415898,2024,451415898,509158,168728,-0.43199,51.40708,3,3,6,15:02,-1,E07000213,3,0,1,0,1,"[7, 19]","[7, 1]","[2, 5]",0,0,0,1,1,0,0,0,0,3,1
2024451415939,2024,451415939,493104,139888,-0.67023,51.15069,3,3,6,16:40,-1,E07000216,3,0,2,1,2,"[19, 3]","[5, 7]","[1, 3]",0,0,0,1,0,1,0,0,0,3,1
2024451415976,2024,451415976,527808,148171,-0.17135,51.21844,3,3,6,19:30,-1,E07000211,3,2,2,1,2,19,1,"[3, 1]",0,0,0,1,0,0,0,0,0,3,1