collision_index,collision_year,collision_ref_no,location_easting_osgr,location_northing_osgr,longitude,latitude,casualty_severity,casualty_severity,day_of_week,time,local_authority_district,local_authority_ons_district,first_road_class,light_conditions,weather_conditions,road_surface_conditions,urban_or_rural_area,vehicle_manoeuvre,vehicle_direction_from,vehicle_direction_to,hit_object_in_carriageway,vehicle_leaving_carriageway,hit_object_off_carriageway,is_car,is_cyle,is_mcyle,is_goodsv,is_other,is_pedestrian,month,day
2024451416136,2024,451416136,526614,152732,-0.18682,51.2597,3,3,7,07:50,-1,E07000211,6,0,2,1,2,19,"[3, 7]","[7, 3]",0,0,0,1,0,0,0,0,0,3,2
2024451416193,2024,451416193,494171,163245,-0.64884,51.36048,3,3,7,06:12,-1,E07000214,1,2,2,1,2,19,3,7,0,0,0,1,0,0,0,0,0,3,2
2024451416301,2024,451416301,504377,171949,-0.49975,51.43693,2,"[3, 2]",7,17:39,-1,E07000213,3,2,8,0,1,19,"[3, 1]","[7, 5]",0,0,0,1,0,0,0,0,0,3,2
2024451416309,2024,451416309,504522,171274,-0.49787,51.43084,3,3,7,20:00,-1,E07000213,6,2,1,0,1,"[19, 9]","[5, 7]","[1, 5]",0,0,0,1,0,0,0,0,0,3,2
2024451416340,2024,451416340,538418,150368,-0.01867,51.23571,3,3,6,10:30,-1,E07000215,6,0,2,1,2,19,1,5,0,0,0,1,0,0,0,0,0,3,1
2024451416385,2024,451416385,496927,160696,-0.60997,51.3371,3,3,1,07:00,-1,E07000217,6,0,1,2,2,19,"[5, 1]","[1, 5]",0,"[7, 1]","[0, 9]",1,0,0,0,0,0,3,3
2024451416550,2024,451416550,499857,157676,-0.56876,51.30945,3,3,3,18:12,-1,E07000217,6,0,9,-1,1,"[5, 19]","[1, 3]","[5, 7]",0,0,0,1,0,1,0,0,0,2,27
2024451416566,2024,451416566,506055,172760,-0.47538,51.44391,3,3,1,19:15,-1,E07000213,4,2,1,0,1,19,"[1, 3]","[5, 1]",0,0,0,1,0,0,0,0,0,3,3
2024451416575,2024,451416575,498081,152242,-0.59573,51.26091,3,3,7,15:15,-1,E07000209,3,0,1,1,1,19,5,1,0,0,0,1,0,0,0,0,1,3,2
2024451416585,2024,451416585,521519,153144,-0.25967,51.26451,3,3,1,21:10,-1,E07000211,4,2,1,0,2,19,"[4, 2]",5,0,0,0,1,0,0,0,0,0,3,3
2024451416702,2024,451416702,533531,155640,-0.08667,51.28426,3,3,2,08:35,-1,E07000215,4,0,1,0,1,"[9, 19]","[2, 1]","[7, 5]",0,0,0,1,0,0,0,0,0,3,4
2024451416781,2024,451416781,514005,164774,-0.3636,51.37059,3,3,2,10:00,-1,E07000207,6,0,1,0,1,"[11, 19]","[5, 4]",8,0,0,0,1,1,0,0,0,0,3,4
2024451416818,2024,451416818,542531,155822,0.04237,51.28371,3,3,4,15:02,-1,E07000215,4,0,2,1,2,19,"[7, 3]","[3, 7]",0,"[0, 7]","[0, 11]",1,0,0,0,0,0,2,21
2024451416861,2024,451416861,492527,164974,-0.672,51.37629,3,3,2,13:12,-1,E07000214,3,0,1,0,1,"[19, 5]","[5, 3]","[1, 7]",0,0,0,1,0,0,0,0,0,3,4
2024451416871,2024,451416871,506520,160985,-0.47222,51.33799,3,3,2,08:30,-1,E07000217,6,0,1,0,1,"[19, 2]",1,3,0,0,0,1,1,0,0,0,0,3,4
2024451416883,2024,451416883,499542,144077,-0.57706,51.18726,3,3,2,14:02,-1,E07000216,6,0,1,0,2,19,1,5,0,0,0,1,1,0,0,0,0,3,4
2024451416937,2024,451416937,517690,157130,-0.31321,51.30114,3,3,2,16:20,-1,E07000210,6,0,1,0,1,5,1,5,0,0,0,1,0,0,0,0,1,3,4
2024451416993,2024,451416993,496312,155932,-0.62008,51.29438,2,2,2,20:38,-1,E07000217,3,2,2,1,1,19,1,5,0,0,0,0,0,1,0,0,0,3,4
2024451417070,2024,451417070,513334,162084,-0.37409,51.34655,3,3,2,12:40,-1,E07000207,3,0,1,0,2,19,4,8,0,1,4,0,0,0,1,0,0,3,4
2024451417086,2024,451417086,524156,157468,-0.22039,51.3028,2,2,2,15:35,-1,E07000211,3,0,1,1,2,19,1,5,0,0,0,1,0,0,0,0,0,2,26
2024451417453,2024,451417453,531184,153123,-0.12122,51.26218,3,3,1,07:25,-1,E07000215,1,0,1,1,2,19,7,5,0,0,0,1,0,0,0,0,0,2,11
2024451417491,2024,451417491,540730,152823,0.01539,51.25721,3,3,3,16:20,-1,E07000215,4,0,1,0,1,"[2, 19]","[0, 8]","[0, 4]","[0, 4]",0,0,1,0,0,0,0,0,3,5
2024451417498,2024,451417498,499842,170276,-0.56544,51.42271,2,2,7,12:00,-1,E07000212,6,0,9,0,1,19,1,5,11,0,0,0,1,0,0,0,0,2,24
2024451417645,2024,451417645,495853,157460,-0.62625,51.3082,2,2,4,11:44,-1,E07000217,3,0,1,0,2,19,1,5,0,0,0,0,1,0,0,0,0,3,6
2024451417686,2024,451417686,483836,146942,-0.80107,51.21553,3,3,4,09:32,-1,E07000216,6,0,1,1,1,5,3,3,0,0,0,1,0,0,0,0,0,3,6
2024451417831,2024,451417831,504555,161709,-0.5002,51.34486,3,3,3,08:00,-1,E07000212,6,0,1,1,1,19,5,1,0,0,0,1,0,0,0,0,1,3,5
2024451417875,2024,451417875,539730,158732,0.00338,51.31056,3,3,3,11:10,-1,E07000215,6,0,1,0,2,19,"[7, 3]","[3, 7]",0,0,0,1,1,0,0,0,0,3,5
2024451418176,2024,451418176,526714,153068,-0.18527,51.2627,3,3,4,16:58,-1,E07000211,1,0,1,0,2,19,7,3,0,"[4, 0]","[6, 0]",1,0,0,0,0,0,3,6
2024451418188,2024,451418188,502298,159953,-0.5331,51.32948,3,3,5,17:05,-1,E07000217,6,0,1,0,1,"[1, 19]","[6, 1]","[6, 3]",0,0,0,1,1,0,0,0,0,3,7
2024451418440,2024,451418440,506301,159845,-0.4757,51.32778,3,3,5,09:15,-1,E07000209,1,0,1,0,2,19,"[8, 3]","[4, 7]",0,0,0,1,0,0,1,0,0,3,7
2024451418448,2024,451418448,504183,171535,-0.50266,51.43325,2,2,1,20:40,-1,E07000213,6,2,1,0,1,9,6,4,0,0,0,0,0,0,1,0,1,3,3
2024451418449,2024,451418449,499007,150799,-0.58286,51.24778,3,3,6,11:32,-1,E07000209,6,0,1,0,1,"[9, 19]","[5, 1]","[1, 5]",0,0,0,1,0,0,0,0,0,3,8
2024451418512,2024,451418512,502207,172406,-0.53083,51.44144,3,3,7,14:55,-1,E07000213,1,0,1,0,1,"[19, 12]",1,5,0,0,0,1,0,0,0,0,0,3,2
2024451418537,2024,451418537,507138,164716,-0.46223,51.37141,2,2,6,09:40,-1,E07000207,4,0,1,0,1,99,"[0, 2]","[1, 5]",99,0,0,1,0,1,0,0,0,3,8
2024451418566,2024,451418566,501233,171353,-0.54514,51.43215,3,3,6,13:45,-1,E07000212,4,0,1,0,1,19,"[1, 7]","[5, 3]",0,0,0,1,0,1,0,0,0,3,8
2024451418589,2024,451418589,518252,158893,-0.30457,51.31687,3,3,6,17:45,-1,E07000210,6,2,1,0,1,9,6,2,0,0,0,1,0,0,0,0,1,3,8
2024451418758,2024,451418758,501649,152152,-0.54463,51.25948,2,2,6,13:19,-1,E07000209,3,0,1,0,1,5,6,2,0,0,0,0,0,0,1,0,1,3,8
2024451418833,2024,451418833,501597,161157,-0.54282,51.34043,2,"[3, 2]",7,18:02,-1,E07000217,3,2,1,0,2,19,"[3, 5]","[7, 1]",0,0,0,1,0,0,0,0,0,3,9
2024451418875,2024,451418875,504182,171539,-0.50268,51.43328,3,3,2,07:40,-1,E07000213,6,0,1,0,1,19,3,8,0,0,0,1,0,0,0,0,1,3,4
2024451418905,2024,451418905,502807,138631,-0.53191,51.13773,2,2,7,21:29,-1,E07000216,4,2,2,1,2,19,3,7,0,7,4,1,0,0,0,0,0,3,9
2024451418913,2024,451418913,504401,171900,-0.49942,51.43649,3,3,1,05:34,-1,E07000213,3,2,2,1,1,"[19, 7]",2,6,0,0,0,1,0,1,0,0,0,3,10
2024451418920,2024,451418920,503770,147581,-0.51557,51.21801,3,3,7,22:23,-1,E07000209,3,2,2,1,2,19,"[6, 2]","[2, 5]",0,"[0, 7]",0,1,0,0,0,0,0,3,9
2024451418948,2024,451418948,514706,164064,-0.35376,51.36407,3,3,6,16:39,-1,E07000207,6,0,9,0,1,19,1,1,0,0,0,1,0,0,0,0,1,3,8
2024451419024,2024,451419024,516455,158760,-0.33038,51.31604,3,3,7,16:20,-1,E07000210,3,0,8,0,2,"[8, 3]","[1, 5]","[5, 1]",0,0,0,1,0,0,0,0,0,3,9
2024451419070,2024,451419070,490558,158996,-0.7018,51.32287,3,3,1,16:30,-1,E07000214,6,0,2,1,2,19,1,4,99,9,99,1,0,0,0,0,0,3,10
2024451419099,2024,451419099,488873,132814,-0.73245,51.08777,2,2,1,18:10,-1,E07000216,4,2,1,1,1,19,7,3,0,0,0,0,1,0,0,0,0,3,10
2024451419121,2024,451419121,527906,150285,-0.16919,51.23742,3,3,1,22:17,-1,E07000211,3,2,1,1,1,19,"[5, 1]","[1, 5]",0,0,0,1,0,0,0,0,0,3,10
2024451419467,2024,451419467,501431,137693,-0.55184,51.12954,3,3,6,13:30,-1,E07000216,4,0,1,0,2,19,6,"[2, 8]","[0, 99]","[1, 0]","[4, 0]",1,0,0,0,1,0,3,8
2024451419546,2024,451419546,507365,161291,-0.46,51.34058,2,2,7,14:50,-1,E07000207,3,0,1,0,2,19,3,7,0,1,4,1,0,0,0,0,0,3,9
2024451419576,2024,451419576,499191,149865,-0.58048,51.23935,2,2,6,13:50,-1,E07000209,6,0,1,0,1,19,1,5,0,0,0,0,0,1,0,0,1,3,1
2024451419577,2024,451419577,499393,171936,-0.57143,51.43771,2,"[3, 2]",1,11:00,-1,E07000212,6,0,2,1,1,19,5,1,0,1,11,1,0,0,0,0,0,3,10
2024451419592,2024,451419592,526783,150276,-0.18527,51.23759,3,3,4,17:10,-1,E07000211,3,2,1,1,1,"[4, 9, 19]","[7, 8, 6]","[3, 6, 2]",0,0,0,1,0,0,0,0,0,2,28
2024451419600,2024,451419600,527123,145881,-0.18196,51.19801,3,3,2,21:50,-1,E07000211,6,2,1,1,1,5,1,5,0,2,11,1,0,0,0,0,0,3,11
2024451419607,2024,451419607,507351,164828,-0.45914,51.37237,3,3,2,11:34,-1,E07000207,6,0,1,1,1,7,5,8,0,0,0,1,0,0,0,0,1,3,11
2024451419708,2024,451419708,501627,170326,-0.53977,51.42284,3,3,3,08:42,-1,E07000212,1,0,5,1,2,"[19, 4]",1,5,0,0,0,1,0,0,0,0,0,3,12
2024451419785,2024,451419785,492360,164873,-0.67442,51.37541,3,3,3,08:10,-1,E07000214,3,0,2,1,1,19,2,8,0,0,0,1,0,0,0,0,0,3,12
2024451419804,2024,451419804,501004,152175,-0.55387,51.2598,3,3,3,09:05,-1,E07000209,3,0,2,1,2,19,1,5,0,0,0,1,0,0,0,0,0,3,12
2024451419857,2024,451419857,505882,162053,-0.48106,51.3477,3,3,3,07:10,-1,E07000217,3,2,2,1,1,19,"[7, 3]","[3, 7]",0,0,0,1,0,0,0,0,0,3,12
2024451419875,2024,451419875,533550,155687,-0.08638,51.28467,3,3,2,10:50,-1,E07000215,6,0,8,1,1,99,1,5,99,9,99,0,0,0,1,0,1,3,11
2024451420135,2024,451420135,530999,152650,-0.12405,51.25797,3,3,4,08:20,-1,E07000215,6,0,2,1,2,"[19, 9]","[1, 3]","[5, 1]",0,0,0,1,0,0,0,0,0,3,13
2024451420159,2024,451420159,488789,150243,-0.72935,51.24446,3,3,4,08:50,-1,E07000209,4,0,1,0,1,8,7,1,0,0,0,1,0,0,0,0,1,3,13
2024451420183,2024,451420183,491747,163113,-0.68368,51.35969,3,3,4,08:27,-1,E07000214,3,0,1,0,2,19,8,4,0,0,0,1,0,0,0,0,0,3,13
2024451420208,2024,451420208,499756,151349,-0.57198,51.25259,3,3,1,18:50,-1,E07000209,3,2,2,1,1,19,"[7, 5]","[3, 1]",0,0,0,1,1,0,0,0,0,3,10
2024451420235,2024,451420235,496944,149791,-0.61268,51.23907,3,3,3,11:35,-1,E07000209,6,0,2,1,1,"[19, 9]","[7, 1]",3,0,0,0,1,1,0,0,0,0,3,12
2024451420342,2024,451420342,503953,165044,-0.50787,51.37495,3,3,4,13:25,-1,E07000212,3,0,1,0,2,"[5, 3]","[7, 3]","[3, 7]",0,0,0,1,0,1,0,0,0,3,13
2024451420343,2024,451420343,520960,161042,-0.265,51.33561,3,3,3,21:05,-1,E07000208,4,2,1,1,1,"[9, 19]",1,3,0,0,0,1,0,0,0,0,0,3,12
2024451420353,2024,451420353,520220,160862,-0.27568,51.33415,3,3,3,18:27,-1,E07000208,4,0,9,0,1,"[7, 19]",7,"[8, 3]",0,0,0,1,1,0,0,0,0,3,12
2024451420422,2024,451420422,486948,158902,-0.75362,51.32259,3,3,3,15:00,-1,E07000214,4,0,9,0,1,19,1,5,0,0,0,1,0,0,0,0,1,3,12
2024451420575,2024,451420575,488334,158623,-0.7338,51.31987,3,3,4,11:50,-1,E07000214,4,0,9,-1,1,19,7,3,0,0,0,0,0,0,1,0,0,3,13
2024451420582,2024,451420582,499800,151201,-0.57139,51.25126,3,3,5,07:15,-1,E07000209,3,0,1,0,1,19,7,3,0,0,0,1,0,0,0,0,0,3,14
2024451420609,2024,451420609,512985,158657,-0.38019,51.31581,3,3,5,07:26,-1,E07000207,3,0,1,0,2,19,1,5,0,0,0,1,0,0,0,0,1,3,14
2024451420715,2024,451420715,522039,162646,-0.24897,51.3498,2,2,4,10:37,-1,E07000208,6,0,1,0,1,19,2,6,0,0,0,1,0,0,0,0,1,3,13
2024451420888,2024,451420888,487629,143850,-0.74753,51.18717,3,3,5,18:40,-1,E07000216,6,2,1,0,2,19,"[1, 5]","[5, 1]",0,"[1, 0]","[11, 0]",1,0,0,0,0,0,3,7
2024451420957,2024,451420957,499437,150450,-0.5768,51.24457,3,3,6,08:19,-1,E07000209,3,0,1,1,1,9,3,1,0,7,1,1,0,0,0,0,0,3,15
2024451421083,2024,451421083,510129,166218,-0.41881,51.38433,3,3,6,11:40,-1,E07000207,6,0,2,1,1,"[19, 9]","[7, 1]","[3, 7]",0,0,0,1,0,1,0,0,0,3,15
2024451421159,2024,451421159,528539,152386,-0.15937,51.25616,3,3,6,14:00,-1,E07000211,3,0,1,0,2,19,1,5,"[10, 0]","[1, 0]","[9, 0]",1,0,1,0,0,0,3,15
2024451421161,2024,451421161,501043,150954,-0.55365,51.24882,3,3,5,20:21,-1,E07000209,3,2,1,1,2,19,"[7, 6]","[3, 2]",0,0,0,1,1,0,0,0,0,3,14
2024451421169,2024,451421169,486445,148754,-0.76328,51.23144,2,2,6,14:30,-1,E07000216,6,0,1,1,1,"[11, 6]","[8, 4]","[6, 8]",0,0,0,1,0,1,0,0,0,3,15
2024451421215,2024,451421215,501364,170094,-0.54361,51.42081,3,3,6,18:38,-1,E07000212,6,2,1,1,2,"[19, 9, 13]",1,5,0,0,0,1,0,0,0,0,0,3,15
2024451421218,2024,451421218,507520,171537,-0.45468,51.43264,3,3,6,20:30,-1,E07000213,4,2,1,0,1,"[9, 19]","[3, 7]","[7, 3]",0,0,0,1,1,0,0,0,0,3,15
2024451421255,2024,451421255,526883,157011,-0.18145,51.29809,2,2,6,18:30,-1,E07000211,4,2,1,1,2,"[2, 19]","[0, 7]","[0, 3]",0,"[0, 1]","[0, 11]",1,0,0,0,0,0,3,15
2024451421284,2024,451421284,522731,163890,-0.23861,51.36083,3,3,7,03:10,-1,E07000208,3,2,1,0,1,19,"[7, 1]","[3, 5]",0,0,0,1,0,1,0,0,0,3,16
2024451421389,2024,451421389,494459,142951,-0.65006,51.178,2,"[3, 2]",7,11:00,-1,E07000216,3,0,1,0,2,19,1,5,9,3,2,1,0,0,0,0,0,3,16
2024451421531,2024,451421531,525868,141392,-0.20148,51.15795,3,3,5,18:30,-1,E07000210,6,2,1,1,2,19,6,2,0,2,3,0,0,0,0,1,0,3,14
2024451421537,2024,451421537,489192,160345,-0.72106,51.33521,2,2,7,23:00,-1,E07000214,6,2,1,0,1,"[19, 5]",7,2,0,0,0,1,0,0,0,0,0,3,16
2024451421553,2024,451421553,524313,158636,-0.21773,51.31327,3,3,1,00:50,-1,E07000211,4,2,1,1,1,"[2, 19]","[0, 7, 3]","[0, 3, 7]",0,0,0,1,0,0,0,0,0,3,17
2024451421616,2024,451421616,503094,143718,-0.52635,51.18341,3,3,1,08:04,-1,E07000216,6,0,1,1,2,19,1,5,0,7,0,0,0,1,0,0,0,3,17
2024451421669,2024,451421669,505064,162846,-0.49256,51.35498,3,3,6,12:21,-1,E07000212,1,0,1,1,1,19,7,3,0,0,0,1,0,0,1,0,0,3,15
2024451421685,2024,451421685,509558,152459,-0.43124,51.26077,2,2,1,06:30,-1,E07000209,6,0,2,1,2,19,3,7,0,1,1,1,0,0,0,0,0,3,17
2024451421703,2024,451421703,507669,164926,-0.45454,51.37319,2,2,1,12:30,-1,E07000207,3,0,2,1,1,5,3,2,0,0,0,1,1,0,0,0,0,3,17
2024451421743,2024,451421743,499523,149398,-0.57586,51.2351,2,"[3, 2]",7,18:25,-1,E07000209,6,2,1,0,1,19,7,3,0,0,0,0,0,1,0,0,1,3,16
2024451421761,2024,451421761,504295,171924,-0.50094,51.43672,3,3,1,17:45,-1,E07000213,3,0,1,0,1,"[19, 5]","[6, 4]","[2, 8]",0,0,0,1,0,0,0,0,0,3,17
2024451421780,2024,451421780,485851,159908,-0.76911,51.3318,3,3,7,15:45,-1,E07000214,6,0,1,1,1,"[19, 9]","[2, 6]","[2, 1]",0,"[0, 7]",0,1,0,0,0,0,0,2,24
2024451421817,2024,451421817,532721,155558,-0.0983,51.28371,3,3,2,06:55,-1,E07000215,4,0,1,0,1,"[9, 19]","[8, 2]","[3, 6]",0,0,0,1,0,0,0,0,0,3,18
2024451421848,2024,451421848,513643,168905,-0.36748,51.40779,3,3,2,07:00,-1,E07000207,3,0,1,0,1,"[6, 13]","[1, 3]","[5, 7]",0,0,0,1,0,1,0,0,0,3,18
2024451421898,2024,451421898,503088,171402,-0.51845,51.43225,3,3,6,16:15,-1,E07000212,3,0,2,1,1,19,"[6, 4]",8,0,0,0,1,0,1,0,0,0,3,15
2024451421995,2024,451421995,506157,172530,-0.47398,51.44183,3,3,6,15:30,-1,E07000213,4,0,8,0,1,"[19, 9]","[1, 3]","[3, 5]",0,0,0,1,0,0,0,0,0,3,8
2024451422145,2024,451422145,493717,144653,-0.66023,51.19342,3,3,2,14:04,-1,E07000209,6,0,1,0,2,19,3,7,0,0,0,1,0,0,0,0,0,3,18
2024451422251,2024,451422251,493542,148371,-0.66177,51.22688,2,"[2, 3]",3,01:25,-1,E07000209,3,2,1,0,2,"[19, 7]",3,7,0,"[0, 4]",0,1,0,0,0,0,0,3,19
2024451422269,2024,451422269,503887,154545,-0.51188,51.28058,2,2,3,05:52,-1,E07000209,3,0,1,0,2,19,8,4,11,1,4,1,0,0,0,0,0,3,19
2024451422296,2024,451422296,517036,166377,-0.31955,51.38438,3,3,4,15:00,-1,E07000207,6,0,1,0,1,19,1,3,0,0,0,1,0,1,0,0,0,3,13
2024451422333,2024,451422333,515907,150122,-0.34104,51.23851,2,"[3, 2]",7,12:06,-1,E07000210,6,0,1,0,2,"[14, 4, 19]",1,"[5, 1]",0,0,0,1,1,0,0,0,0,3,16
2024451422473,2024,451422473,503857,166524,-0.50882,51.38827,3,3,3,08:49,-1,E07000212,3,0,1,0,1,"[12, 19]",3,7,0,7,0,1,0,1,0,0,0,3,19
2024451422501,2024,451422501,539173,154092,-0.00642,51.26899,3,3,7,16:08,-1,E07000215,1,0,1,0,2,"[19, 12]",3,7,0,0,0,1,0,0,0,0,0,3,16
2024451422522,2024,451422522,507970,170477,-0.44853,51.42303,3,3,3,14:55,-1,E07000213,3,0,1,0,1,"[3, 5]",7,3,"[0, 99]","[0, 5]","[0, 99]",1,0,0,0,0,0,3,19
2024451422565,2024,451422565,484308,146682,-0.79437,51.21313,3,3,2,21:00,-1,E07000216,4,2,1,1,1,"[3, 19]",8,4,0,0,0,1,0,0,0,1,0,3,18
2024451422601,2024,451422601,540120,153997,0.00711,51.26791,3,3,3,23:30,-1,E07000215,1,2,1,0,2,19,7,3,0,"[0, 1]","[0, 6]",1,0,0,0,0,0,3,19
2024451422773,2024,451422773,535200,156954,-0.06225,51.29567,3,3,4,07:00,-1,E07000215,6,0,1,1,2,19,3,5,0,7,11,1,0,0,0,0,0,3,20
2024451422858,2024,451422858,505988,160167,-0.4801,51.33073,3,3,4,12:00,-1,E07000217,1,0,1,0,2,19,"[5, 7]","[1, 3]",0,0,0,1,0,0,1,0,0,2,28
2024451422952,2024,451422952,509018,168140,-0.43418,51.40182,2,2,4,17:37,-1,E07000213,6,0,1,0,2,"[9, 19]","[1, 5]","[5, 1]",0,0,0,1,0,0,0,1,0,3,20
2024451422979,2024,451422979,520927,160840,-0.26554,51.3338,3,3,2,19:00,-1,E07000208,3,2,1,0,1,"[19, 12]",3,7,0,0,0,1,1,0,0,0,0,3,18
2024451422983,2024,451422983,520582,164959,-0.2691,51.3709,2,2,3,18:45,-1,E07000208,6,2,2,0,1,19,"[4, 6]","[8, 4]",0,0,0,1,1,0,0,0,0,3,19
2024451423000,2024,451423000,502277,152297,-0.53559,51.26067,2,2,4,20:55,-1,E07000209,6,2,1,0,2,19,5,1,0,2,4,1,0,0,0,0,0,3,20
2024451423078,2024,451423078,516162,167286,-0.3318,51.39273,2,2,4,13:30,-1,E07000207,6,0,1,0,1,19,4,8,0,0,0,1,0,0,0,0,1,3,20
2024451423157,2024,451423157,533454,156630,-0.0874,51.29317,2,2,5,08:45,-1,E07000215,6,0,1,0,1,19,3,7,0,0,0,1,0,0,0,0,1,3,21
2024451423161,2024,451423161,500680,170878,-0.55323,51.42797,3,3,4,16:15,-1,E07000212,6,0,1,0,1,5,"[5, 1]","[1, 5]",0,0,0,1,0,1,0,0,0,3,20
2024451423288,2024,451423288,540293,152000,0.00881,51.24992,3,3,5,15:30,-1,E07000215,6,0,1,0,2,"[3, 19]","[5, 4]",4,0,0,0,1,0,0,0,0,0,3,21
2024451423324,2024,451423324,499142,150129,-0.58111,51.24173,3,3,4,12:35,-1,E07000209,6,0,1,0,1,19,1,5,0,0,0,0,1,0,0,0,1,3,13
2024451423399,2024,451423399,500664,171395,-0.55331,51.43262,3,3,6,01:01,-1,E07000212,3,2,1,0,1,19,1,5,11,1,7,1,0,0,0,0,0,3,22
2024451423692,2024,451423692,538953,160312,-0.00715,51.32494,2,"[3, 2]",6,13:30,-1,E07000215,6,0,8,1,2,19,"[5, 1]","[1, 5]",0,0,0,1,0,0,0,0,0,3,22
2024451423750,2024,451423750,528203,143627,-0.16732,51.17751,3,3,6,19:00,-1,E07000211,3,2,1,0,1,"[4, 19]",6,2,0,0,0,1,0,1,0,0,0,3,22
2024451423755,2024,451423755,534640,157159,-0.0702,51.29765,2,"[2, 3]",6,15:30,-1,E07000215,3,0,1,0,2,"[8, 5]",7,4,0,0,0,1,0,1,0,0,0,3,22
2024451423764,2024,451423764,501055,171716,-0.54759,51.43544,2,2,6,20:15,-1,E07000212,3,2,1,0,1,19,3,"[7, 1]",0,0,0,1,1,0,0,0,0,3,22
2024451423812,2024,451423812,516834,147740,-0.32854,51.21692,2,"[2, 3]",6,21:20,-1,E07000210,3,2,1,0,1,"[9, 3]",1,7,0,0,0,1,0,0,0,0,0,3,22
2024451423813,2024,451423813,520211,159949,-0.27611,51.32595,3,3,7,01:15,-1,E07000208,3,2,1,0,1,19,6,2,0,0,0,1,0,0,0,0,0,3,23
2024451423889,2024,451423889,494812,139116,-0.64602,51.14347,2,"[3, 2]",7,08:27,-1,E07000216,3,0,1,0,2,19,"[5, 1]","[1, 5]",0,"[1, 0]",0,1,0,0,0,0,0,3,23
2024451423951,2024,451423951,513020,150389,-0.3823,51.24149,3,3,6,21:00,-1,E07000210,6,2,1,0,2,19,1,5,0,0,0,1,0,0,0,0,0,3,22
2024451424079,2024,451424079,521452,159476,-0.25847,51.32143,3,3,7,19:45,-1,E07000208,4,2,1,0,1,19,"[7, 5]","[3, 1]",0,0,0,1,0,0,0,0,0,3,23
2024451424165,2024,451424165,506982,158059,-0.46647,51.3116,3,3,1,11:00,-1,E07000209,3,0,1,0,2,19,5,1,0,0,0,1,0,0,1,0,0,3,24
2024451424217,2024,451424217,503963,170726,-0.50606,51.42602,3,3,1,14:43,-1,E07000213,4,0,1,0,1,19,1,5,10,0,0,1,0,0,0,0,0,3,24
2024451424309,2024,451424309,484332,146666,-0.79403,51.21298,3,3,1,21:25,-1,E07000216,3,2,1,0,1,5,5,1,0,0,0,1,0,0,0,0,1,3,24
2024451424342,2024,451424342,505613,148622,-0.48889,51.22703,3,3,1,13:30,-1,E07000209,3,0,1,0,2,9,7,3,0,2,1,0,0,1,0,0,0,3,24
2024451424394,2024,451424394,498234,168935,-0.58893,51.41094,2,"[3, 2]",1,17:27,-1,E07000212,3,0,1,0,2,"[19, 6]","[6, 2]","[2, 6]",0,0,0,1,0,0,0,0,0,3,24
2024451424667,2024,451424667,502726,153351,-0.52886,51.27006,3,3,1,16:32,-1,E07000209,3,0,1,0,2,19,7,3,0,"[1, 0]","[1, 0]",0,0,1,0,0,0,3,24
2024451424668,2024,451424668,504262,136211,-0.51182,51.11571,2,"[3, 2]",2,12:50,-1,E07000216,3,0,1,0,2,19,"[4, 1]","[8, 5]",0,0,0,1,0,0,0,0,0,3,25
2024451424684,2024,451424684,499956,160375,-0.56659,51.33369,3,3,2,14:40,-1,E07000217,3,0,1,0,2,"[19, 13]","[7, 3]","[3, 7]","[0, 10]",0,0,1,0,0,0,0,0,3,25
2024451424721,2024,451424721,528003,150849,-0.1676,51.24247,3,3,2,17:00,-1,E07000211,3,0,1,0,1,"[5, 19]","[3, 1]","[7, 5]",0,0,0,1,1,0,0,0,0,3,25
2024451425097,2024,451425097,538293,152187,-0.01976,51.25209,1,1,3,10:35,-1,E07000215,3,0,1,0,2,"[3, 19]",6,2,0,0,0,1,0,1,0,0,0,3,26
2024451425134,2024,451425134,516316,149381,-0.33543,51.23177,3,3,3,18:20,-1,E07000210,3,2,2,1,1,9,1,3,0,0,0,1,0,0,0,0,1,3,26
2024451425174,2024,451425174,510019,170038,-0.41921,51.41869,3,3,1,09:45,-1,E07000213,3,0,1,0,1,"[19, 5]","[3, 5]",1,0,0,0,1,0,1,0,0,0,3,24
2024451425175,2024,451425175,491510,162397,-0.68727,51.35329,3,3,3,20:12,-1,E07000214,1,2,2,1,2,19,7,3,0,0,0,1,0,0,0,0,0,3,26
2024451425186,2024,451425186,500547,159041,-0.55848,51.3216,3,3,3,18:13,-1,E07000217,3,2,2,1,1,"[9, 19, 2]","[3, 0]","[1, 7, 0]",0,"[6, 0]","[1, 0]",1,0,0,0,0,0,3,26
2024451425279,2024,451425279,498067,150277,-0.59646,51.24325,2,2,3,08:45,-1,E07000209,3,0,1,0,1,19,1,5,10,5,6,1,0,0,0,0,0,3,26
2024451425383,2024,451425383,487671,158013,-0.74346,51.31448,3,3,4,08:00,-1,E07000214,6,0,1,1,1,"[19, 9]",5,1,0,0,0,1,0,0,0,0,0,3,27
2024451425388,2024,451425388,501581,159775,-0.54344,51.32801,3,3,1,19:10,-1,E07000217,6,2,2,1,2,"[3, 19]",1,5,0,0,0,1,0,1,0,0,0,3,3
2024451425446,2024,451425446,518960,156261,-0.29529,51.29306,3,3,3,20:40,-1,E07000210,1,2,2,1,2,19,3,7,0,1,7,1,0,0,0,0,0,3,26
2024451425552,2024,451425552,506153,172550,-0.47403,51.44201,2,2,4,18:50,-1,E07000213,4,2,1,0,1,19,6,2,0,0,0,0,0,1,0,0,1,3,27