collision_index,collision_year,collision_ref_no,location_easting_osgr,location_northing_osgr,longitude,latitude,casualty_severity,casualty_severity,day_of_week,time,local_authority_district,local_authority_ons_district,first_road_class,light_conditions,weather_conditions,road_surface_conditions,urban_or_rural_area,vehicle_manoeuvre,vehicle_direction_from,vehicle_direction_to,hit_object_in_carriageway,vehicle_leaving_carriageway,hit_object_off_carriageway,is_car,is_cyle,is_mcyle,is_goodsv,is_other,is_pedestrian,month,day
2024451434560,2024,451434560,517291,153848,-0.32001,51.27172,3,3,6,14:00,-1,E07000210,3,0,1,0,2,"[2, 19]","[1, 7]","[5, 3]",0,"[0, 4]",0,1,0,0,0,0,0,4,19
2024451434584,2024,451434584,504256,166893,-0.50298,51.39151,3,3,2,17:58,-1,E07000212,4,0,1,0,1,"[19, 2]",5,1,0,0,0,1,0,0,1,0,0,4,22
2024451434593,2024,451434593,503410,165832,-0.51544,51.38213,3,3,3,01:41,-1,E07000212,1,2,2,0,2,"[19, -1]","[7, -1]","[3, -1]","[0, -1]","[0, -1]",0,1,0,0,0,0,0,4,23
2024451434667,2024,451434667,503613,171324,-0.51092,51.43146,3,3,3,07:55,-1,E07000213,4,0,1,0,1,19,3,7,0,0,0,1,0,0,0,0,1,4,23
2024451434692,2024,451434692,488985,156439,-0.72501,51.30013,2,"[2, 3]",1,18:12,-1,E07000214,4,0,1,0,2,19,5,1,0,0,0,1,0,0,0,0,0,4,21
2024451434829,2024,451434829,510138,166221,-0.41868,51.38436,3,3,2,09:30,-1,E07000207,6,0,1,0,1,"[19, 9]","[3, 1]",7,0,0,0,1,0,0,0,0,0,4,22
2024451434974,2024,451434974,506138,172657,-0.47421,51.44297,3,3,3,16:40,-1,E07000213,4,2,1,1,1,4,"[4, 7]","[4, 3]",0,0,0,1,0,0,0,0,0,4,23
2024451434975,2024,451434975,529189,152446,-0.15004,51.25655,1,1,3,21:30,-1,E07000211,6,2,1,0,1,19,"[1, 3]","[3, 7]",0,0,0,1,0,0,0,0,0,4,23
2024451435044,2024,451435044,491077,163410,-0.69323,51.36247,3,3,3,17:10,-1,E07000214,3,0,1,0,2,"[3, 4]",1,5,0,0,0,1,0,0,0,0,0,4,23
2024451435075,2024,451435075,522412,160730,-0.24427,51.3325,2,2,5,16:28,-1,E07000208,6,0,2,1,1,15,1,5,0,0,0,0,0,1,0,0,0,2,8
2024451435116,2024,451435116,500315,138077,-0.56767,51.13319,1,"[2, 1]",4,17:49,-1,E07000216,4,2,1,0,2,19,"[3, 5]","[8, 4]",0,0,0,1,0,0,0,0,0,3,13
2024451435250,2024,451435250,541831,153199,0.0313,51.26032,2,2,5,10:10,-1,E07000215,3,0,2,1,2,19,3,7,0,1,4,1,0,0,0,0,0,2,29
2024451435275,2024,451435275,509911,160860,-0.4236,51.33622,3,3,4,07:40,-1,E07000207,3,0,1,0,1,"[19, 11]",1,5,0,0,0,1,0,0,0,1,0,4,24
2024451435284,2024,451435284,491186,143552,-0.69672,51.18393,3,3,4,13:07,-1,E07000216,4,0,2,0,2,1,0,7,0,0,0,1,0,0,0,0,0,4,24
2024451435289,2024,451435289,531681,149510,-0.11543,51.2296,2,"[3, 2]",5,11:30,-1,E07000215,1,0,1,0,2,19,5,1,0,0,0,1,0,0,1,0,0,4,18
2024451435400,2024,451435400,512143,165476,-0.39012,51.37727,3,3,4,18:26,-1,E07000207,6,0,1,0,1,"[7, 19]","[5, 8]","[7, 4]",0,0,0,1,0,0,0,0,0,4,24
2024451435409,2024,451435409,503309,138253,-0.52485,51.13424,2,"[3, 2]",4,21:55,-1,E07000216,3,2,1,0,2,"[19, 4]","[4, 1]","[8, 5]","[4, 0]","[1, 0]",0,1,0,0,0,0,0,4,24
2024451435422,2024,451435422,495646,156708,-0.62942,51.30147,2,"[3, 2]",4,23:27,-1,E07000217,6,2,1,0,2,19,5,"[6, 2]",0,0,0,1,0,0,0,0,0,4,24
2024451435465,2024,451435465,526223,152372,-0.19255,51.25655,3,3,5,07:15,-1,E07000211,3,0,1,0,2,"[19, 10]","[1, 3]","[5, 7]",0,0,0,1,0,0,0,0,0,4,25
2024451435615,2024,451435615,502339,159356,-0.53269,51.32411,3,3,4,21:36,-1,E07000217,6,0,1,0,1,"[9, 19]","[6, 8]","[2, 4]",0,0,0,1,0,1,0,0,0,4,24
2024451435691,2024,451435691,501661,159499,-0.54237,51.32552,3,3,5,15:20,-1,E07000217,6,0,1,1,1,"[19, 5]",1,5,0,0,0,1,0,1,0,0,0,4,25
2024451435707,2024,451435707,506860,172915,-0.46375,51.44515,3,3,5,15:50,-1,E07000213,6,0,2,1,2,"[9, 19]","[5, 3]","[1, 7]",0,0,0,1,0,0,0,0,0,4,25
2024451435718,2024,451435718,514689,167977,-0.35274,51.39924,3,3,5,16:29,-1,E07000207,4,0,2,1,1,7,1,5,0,0,0,0,0,1,0,0,0,4,25
2024451435719,2024,451435719,522200,163108,-0.2465,51.35392,2,2,6,19:05,-1,E07000208,4,0,1,0,1,"[19, 7, 9]","[7, 5, 1]","[3, 1, 5]",0,"[0, 7]",0,1,0,1,0,0,0,4,19
2024451435735,2024,451435735,520591,164984,-0.26896,51.37112,3,3,5,17:27,-1,E07000208,6,0,2,1,1,"[19, 8]","[8, 2]","[4, 6]",0,0,0,1,0,1,0,0,0,4,25
2024451435767,2024,451435767,516474,158672,-0.33014,51.31525,3,3,5,18:04,-1,E07000210,3,0,1,1,2,19,5,1,0,0,0,1,0,0,0,0,0,4,25
2024451435989,2024,451435989,487880,161020,-0.73972,51.34148,2,2,6,08:05,-1,E07000214,3,0,1,0,1,"[19, 5]",5,1,0,0,0,1,0,0,0,0,0,4,26
2024451436011,2024,451436011,503315,166879,-0.5165,51.39156,3,3,5,14:35,-1,E07000212,6,0,2,1,1,"[3, 99]",8,4,0,0,0,1,0,0,0,0,0,4,25
2024451436112,2024,451436112,501349,160337,-0.54661,51.33311,3,3,2,07:20,-1,E07000217,6,0,1,0,2,"[2, 19]","[0, 1]","[0, 5]",0,0,0,1,0,0,0,0,0,1,15
2024451436181,2024,451436181,509939,166221,-0.42154,51.3844,3,3,6,18:15,-1,E07000207,3,0,1,0,1,19,4,5,0,0,0,1,0,0,0,0,1,4,26
2024451436220,2024,451436220,499657,166595,-0.56914,51.38966,2,"[3, 2]",6,18:18,-1,E07000212,1,0,1,0,2,"[19, 4]","[7, 5, 2]","[3, 1, 6]",0,0,0,1,0,0,0,0,0,4,26
2024451436225,2024,451436225,533903,158482,-0.08027,51.30971,2,2,7,00:50,-1,E07000215,6,2,1,0,1,"[19, 5]","[3, 6]","[7, 2]","[11, 0]",0,0,1,0,1,0,0,0,3,9
2024451436295,2024,451436295,528433,145129,-0.16349,51.19096,3,3,7,05:09,-1,E07000211,3,0,2,1,2,19,"[1, 3]","[5, 7]","[11, 0]","[5, 0]","[1, 0]",1,0,0,0,0,0,4,27
2024451436392,2024,451436392,500529,158480,-0.5589,51.31656,3,3,6,07:35,-1,E07000217,3,0,1,0,1,19,2,4,0,0,0,1,1,0,0,0,0,4,26
2024451436434,2024,451436434,515062,165712,-0.34812,51.37881,2,2,7,10:47,-1,E07000207,3,0,1,1,1,"[5, 19]","[2, 7]","[6, 3]",0,0,0,1,1,0,0,0,0,4,27
2024451436516,2024,451436516,486770,160538,-0.75577,51.33732,2,2,5,18:25,-1,E07000214,3,0,1,1,1,"[19, 7]","[7, 3]","[3, 7]","[0, 10]","[0, 7]","[0, 11]",1,0,0,0,0,1,4,25
2024451436556,2024,451436556,509147,162958,-0.43392,51.35522,3,3,7,22:45,-1,E07000207,4,2,2,1,1,19,3,7,9,7,1,1,0,0,0,0,0,4,27
2024451436557,2024,451436557,519094,156218,-0.29338,51.29265,3,3,1,01:10,-1,E07000210,1,2,1,1,2,19,3,7,0,0,0,1,0,0,0,0,0,4,28
2024451436566,2024,451436566,494363,143731,-0.65123,51.18503,3,3,1,01:07,-1,E07000209,3,2,2,1,2,19,1,5,0,1,11,1,0,0,0,0,0,4,28
2024451436569,2024,451436569,499359,160177,-0.57521,51.33202,3,3,7,22:38,-1,E07000217,6,2,2,1,2,"[-1, 19]","[-1, 3]","[-1, 7]","[-1, 0]","[-1, 6]",0,1,0,0,0,0,0,4,27
2024451436593,2024,451436593,514956,167839,-0.34895,51.39795,3,3,4,12:32,-1,E07000207,4,0,1,0,1,"[9, 7]","[1, 3]",5,0,0,0,1,0,0,1,0,0,4,24
2024451436681,2024,451436681,525800,148363,-0.20002,51.22061,2,2,7,13:45,-1,E07000211,3,0,1,0,1,"[19, 9]",1,"[5, 7]",0,0,0,1,0,1,0,0,0,4,27
2024451436737,2024,451436737,535469,152845,-0.05995,51.25868,3,3,1,16:06,-1,E07000215,1,0,1,0,2,-1,-1,-1,-1,-1,0,1,0,0,0,0,0,4,28
2024451436832,2024,451436832,509612,140810,-0.43402,51.15606,2,"[3, 2]",2,01:36,-1,E07000216,4,2,7,1,2,19,3,7,0,7,1,1,0,0,0,0,0,4,29
2024451437071,2024,451437071,532774,156383,-0.09724,51.29111,3,3,2,11:50,-1,E07000215,4,0,1,0,1,"[19, 9]","[8, 3]","[4, 1]",0,0,0,1,0,1,0,0,0,4,29
2024451437122,2024,451437122,511924,166138,-0.39305,51.38326,2,2,2,15:45,-1,E07000207,6,0,1,0,1,"[19, 9]","[1, 2]","[5, 6]",0,0,0,1,0,1,0,0,0,4,29
2024451437168,2024,451437168,501613,168666,-0.54044,51.40793,3,3,6,11:57,-1,E07000212,1,0,1,0,2,"[19, 3]",1,5,0,0,0,1,0,0,1,0,0,4,26
2024451437215,2024,451437215,503271,154214,-0.5208,51.27772,1,1,6,11:40,-1,E07000209,4,0,1,0,2,19,1,5,0,7,4,1,0,0,0,0,0,4,26
2024451437345,2024,451437345,504215,160959,-0.5053,51.33818,3,3,3,07:50,-1,E07000217,6,0,1,0,1,"[9, 19]",4,8,0,0,0,1,0,1,0,0,0,4,30
2024451437553,2024,451437553,522115,163046,-0.24774,51.35338,3,3,3,21:00,-1,E07000208,4,2,1,1,1,"[19, 4]","[5, 1]","[1, 5]","[99, 0]",0,0,1,0,0,0,0,0,4,16
2024451437567,2024,451437567,505139,161086,-0.49201,51.33915,2,2,3,08:15,-1,E07000217,3,0,1,-1,1,"[11, 19]",7,3,0,0,0,1,1,0,0,0,0,4,30
2024451437649,2024,451437649,533720,158953,-0.08272,51.31398,3,3,3,16:50,-1,E07000215,3,0,1,0,1,"[19, 9]","[5, 3]","[1, 7]",0,0,0,1,0,1,0,0,0,4,30
2024451437695,2024,451437695,488730,156799,-0.72857,51.30341,3,3,4,06:02,-1,E07000214,4,0,7,1,1,"[15, 2]","[5, 0]","[1, 0]","[4, 0]",0,0,1,0,0,0,0,0,5,1
2024451437790,2024,451437790,527776,153579,-0.16988,51.26705,3,3,4,07:54,-1,E07000211,6,0,1,0,2,"[9, 19]","[1, 8]","[6, 4]",0,0,0,1,0,0,0,0,0,5,1
2024451437854,2024,451437854,520503,159759,-0.27199,51.32418,2,2,7,17:00,-1,E07000208,6,0,9,0,1,19,1,5,0,0,0,0,1,0,0,0,1,4,20
2024451438031,2024,451438031,502669,140561,-0.53333,51.1551,3,3,4,17:58,-1,E07000216,3,0,1,0,2,19,5,1,12,1,0,0,0,1,0,0,0,5,1
2024451438280,2024,451438280,505694,164825,-0.48293,51.37266,3,3,5,07:50,-1,E07000212,6,0,1,1,1,19,1,3,0,0,0,1,0,0,0,0,1,5,2
2024451438312,2024,451438312,531258,146001,-0.12277,51.19816,2,"[2, 3]",7,10:27,-1,E07000215,6,0,1,0,2,"[19, 7]","[1, 5, 7]","[5, 1]",0,"[0, 1]",0,1,0,0,0,0,0,4,27
2024451438472,2024,451438472,516956,150391,-0.32593,51.24072,3,3,5,18:30,-1,E07000210,3,0,1,1,1,"[19, 12]","[5, 6]","[1, 5]",0,0,0,1,0,0,0,0,0,5,2
2024451438508,2024,451438508,509294,170217,-0.42957,51.42044,3,3,3,21:10,-1,E07000213,3,2,1,0,1,19,"[5, 7]","[1, 3]",0,0,0,1,0,0,0,0,0,4,30
2024451438613,2024,451438613,503957,165049,-0.50781,51.37499,3,3,6,07:20,-1,E07000212,3,0,2,1,2,19,6,2,10,0,0,1,0,0,0,0,0,5,3
2024451438691,2024,451438691,512799,158894,-0.38278,51.31798,3,3,3,16:30,-1,E07000207,3,0,1,0,2,"[3, 19]",2,6,0,0,0,1,0,1,0,0,0,4,30
2024451438839,2024,451438839,516000,163797,-0.33527,51.36141,3,3,6,13:00,-1,E07000207,6,0,1,1,1,19,"[5, 3]","[1, 7]",0,0,0,1,0,0,0,0,0,5,3
2024451438870,2024,451438870,505021,165622,-0.49236,51.37994,3,3,6,16:45,-1,E07000212,3,0,1,0,2,"[19, 8]",6,1,0,0,0,1,0,1,0,0,0,5,3
2024451438875,2024,451438875,504954,165174,-0.49346,51.37593,3,3,6,16:15,-1,E07000212,3,0,1,0,2,"[9, 7]","[1, 7]","[7, 1]",0,0,0,1,0,0,0,0,0,5,3
2024451438923,2024,451438923,537698,152375,-0.02821,51.25392,3,3,6,14:00,-1,E07000215,6,0,1,0,2,19,1,3,0,0,0,1,0,0,0,1,0,5,3
2024451438947,2024,451438947,528102,150799,-0.1662,51.24199,3,3,6,21:30,-1,E07000211,3,2,1,0,1,7,"[8, 0]",4,0,0,0,1,0,0,1,0,0,5,3
2024451438959,2024,451438959,504163,160765,-0.50611,51.33644,2,2,6,22:50,-1,E07000217,3,2,1,0,1,9,3,1,0,0,0,1,1,0,0,0,0,5,3
2024451439057,2024,451439057,506197,172416,-0.47344,51.44079,3,3,7,10:05,-1,E07000213,4,0,1,0,1,"[2, 14]",1,5,"[0, 4]",0,0,1,0,0,0,0,0,5,4
2024451439098,2024,451439098,495043,133222,-0.64427,51.09045,3,3,7,12:15,-1,E07000216,3,0,1,0,2,"[4, 19]",5,1,0,0,0,1,0,0,0,0,0,5,4
2024451439130,2024,451439130,483919,146191,-0.80005,51.20877,3,3,7,14:36,-1,E07000216,6,0,1,0,2,"[19, 4]",3,7,0,0,0,1,0,0,0,0,0,5,4
2024451439131,2024,451439131,495339,147418,-0.63629,51.21801,2,2,7,11:15,-1,E07000209,4,0,1,0,2,"[5, 19]","[3, 5]",1,0,0,0,1,0,0,0,0,0,5,4
2024451439229,2024,451439229,494543,155811,-0.64547,51.29359,3,3,7,16:45,-1,E07000209,3,0,1,0,1,9,"[1, 5]","[5, 1]",0,0,0,1,0,0,0,0,0,5,4
2024451439245,2024,451439245,492092,156180,-0.68052,51.29731,3,3,7,22:55,-1,E07000209,4,2,1,0,2,19,6,4,0,1,10,1,0,0,0,0,0,5,4
2024451439384,2024,451439384,487567,160578,-0.74432,51.33756,3,3,1,15:30,-1,E07000214,6,0,1,0,1,"[7, 19]","[1, 3]","[3, 7]",0,0,0,1,1,0,0,0,0,5,5
2024451439390,2024,451439390,493786,163049,-0.65442,51.35878,3,3,1,16:42,-1,E07000214,1,0,2,1,2,"[11, 19]","[3, 2]","[7, 6]",0,"[1, 0]",0,1,0,0,0,0,0,5,5
2024451439406,2024,451439406,525352,161598,-0.20179,51.33966,3,3,1,17:22,-1,E07000211,3,0,1,0,1,19,7,3,0,3,2,1,0,0,0,0,0,5,5
2024451439425,2024,451439425,522333,162323,-0.24486,51.34683,3,3,1,17:30,-1,E07000208,3,0,1,0,1,"[19, 6]",7,3,0,0,0,1,0,1,0,0,0,5,5
2024451439468,2024,451439468,501764,159146,-0.54099,51.32233,2,"[3, 2]",1,21:10,-1,E07000217,6,2,1,0,1,"[19, 2]","[5, 0]","[1, 0]","[4, 0]","[1, 0]","[0, 11]",1,0,0,0,0,0,5,5
2024451439492,2024,451439492,489000,154325,-0.72532,51.28112,2,2,1,22:47,-1,E07000214,4,2,1,0,1,"[19, 5]","[7, 3]","[3, 5]",0,"[7, 1]",0,1,0,0,0,0,0,5,5
2024451439501,2024,451439501,506189,159907,-0.47729,51.32836,3,3,1,23:06,-1,E07000209,1,2,1,0,2,"[19, 2]",4,8,0,"[2, 0]","[7, 0]",1,0,0,0,1,0,5,5
2024451439538,2024,451439538,509382,171101,-0.42804,51.42837,3,3,1,12:50,-1,E07000213,6,0,1,0,1,"[19, 9]","[5, 1]","[1, 7]",0,0,0,1,0,0,0,0,0,5,5
2024451439547,2024,451439547,501008,152178,-0.55381,51.25983,3,3,2,09:10,-1,E07000209,3,0,2,1,2,"[15, 19]",1,5,0,"[4, 0]","[6, 0]",1,0,0,0,0,0,5,6
2024451439613,2024,451439613,503583,154222,-0.51633,51.27774,3,3,2,14:25,-1,E07000209,3,0,2,1,2,19,5,1,0,5,0,1,0,0,0,0,0,5,6
2024451439649,2024,451439649,499601,156221,-0.57284,51.29642,2,2,2,15:57,-1,E07000217,3,2,2,1,1,19,3,7,0,8,5,1,0,0,0,0,0,5,6
2024451439669,2024,451439669,499362,149563,-0.57812,51.23661,3,3,2,17:20,-1,E07000209,3,0,1,1,1,4,1,5,0,0,0,0,0,1,0,0,0,5,6
2024451439672,2024,451439672,501724,170477,-0.53833,51.42418,2,2,2,17:27,-1,E07000212,4,0,2,1,1,"[3, 4]",6,2,"[0, 10]",0,0,1,0,0,0,0,0,5,6
2024451439689,2024,451439689,500159,153079,-0.56572,51.26807,3,3,2,15:30,-1,E07000209,6,0,2,1,1,19,"[4, 8]","[8, 4]",0,0,0,1,0,0,0,0,0,5,6
2024451439762,2024,451439762,490381,162401,-0.70348,51.35351,2,2,3,08:00,-1,E07000214,3,0,1,0,2,19,5,1,0,0,0,0,1,0,0,0,0,5,7
2024451439862,2024,451439862,528069,151401,-0.16646,51.24741,3,3,6,15:35,-1,E07000211,3,0,1,0,1,"[3, 19]","[5, 1]","[1, 5]","[99, 0]",0,0,1,0,0,1,0,0,5,3
2024451439906,2024,451439906,540426,151156,0.01038,51.2423,2,"[3, 2]",3,08:36,-1,E07000215,6,0,1,0,1,"[19, 2]","[3, 0]","[7, 0]",0,0,0,1,0,0,0,0,0,5,7
2024451439921,2024,451439921,515751,165269,-0.33837,51.37469,2,2,2,10:30,-1,E07000207,6,0,1,0,1,5,1,5,0,0,0,1,0,0,0,0,1,4,29
2024451440022,2024,451440022,520953,164627,-0.26388,51.36783,2,2,3,14:40,-1,E07000208,3,0,1,0,1,19,8,4,0,0,0,1,0,0,0,0,1,5,7
2024451440025,2024,451440025,502342,172656,-0.52881,51.44366,3,3,3,16:20,-1,E07000213,3,0,1,0,2,"[19, 12]","[1, 4]","[5, 8]",0,0,0,1,0,0,0,0,0,5,7
2024451440028,2024,451440028,535483,158655,-0.05755,51.31089,2,2,3,15:47,-1,E07000215,4,0,1,0,1,"[19, 3]","[5, 1]","[1, 5]",0,0,0,1,0,0,0,0,0,5,7
2024451440165,2024,451440165,517589,158354,-0.31425,51.31216,3,3,3,14:00,-1,E07000210,6,0,9,0,1,19,1,1,0,0,0,0,1,0,0,0,1,4,30
2024451440248,2024,451440248,511001,163739,-0.40706,51.36188,3,3,2,17:30,-1,E07000207,6,0,1,0,1,20,5,1,0,0,0,1,0,0,0,0,1,5,6
2024451440293,2024,451440293,499493,150858,-0.57588,51.24823,3,3,4,10:24,-1,E07000209,3,0,1,0,1,"[4, 5]",1,"[3, 2]",0,1,0,1,0,0,0,0,0,5,8
2024451440338,2024,451440338,500461,156766,-0.56036,51.30116,3,3,3,06:15,-1,E07000217,4,0,1,0,1,19,1,4,0,0,0,0,0,0,1,0,1,5,7
2024451440375,2024,451440375,517048,150141,-0.3247,51.23845,2,2,4,12:00,-1,E07000210,3,0,1,0,1,4,1,5,0,0,0,0,0,1,0,0,0,5,8
2024451440376,2024,451440376,494541,160983,-0.64413,51.34008,3,3,4,13:30,-1,E07000214,3,0,1,0,1,"[4, 9]",1,5,0,0,0,1,0,0,0,0,0,5,8
2024451440436,2024,451440436,524748,150598,-0.21429,51.24093,3,3,4,15:24,-1,E07000211,6,0,1,0,1,"[19, 2]","[5, 6, 3]","[1, 7]",0,"[0, 1]",0,1,0,0,0,0,0,5,8
2024451440439,2024,451440439,483809,149090,-0.80095,51.23485,3,3,4,15:18,-1,E07000216,4,0,1,0,1,19,5,1,0,0,0,1,0,0,0,0,1,5,8
2024451440470,2024,451440470,510843,164394,-0.40912,51.3678,3,3,3,18:30,-1,E07000207,3,0,1,0,1,"[5, 19]","[5, 3]","[1, 7]",0,0,0,1,1,0,0,0,0,5,7
2024451440488,2024,451440488,493280,151726,-0.66465,51.25708,3,3,4,16:50,-1,E07000209,3,0,1,0,2,19,7,7,0,7,11,1,0,0,0,0,0,5,8
2024451440581,2024,451440581,502461,164317,-0.52951,51.36868,3,3,5,06:50,-1,E07000212,3,0,1,0,2,19,1,5,0,0,0,1,0,0,0,0,0,5,9
2024451440615,2024,451440615,497634,144902,-0.60413,51.19501,3,3,4,10:30,-1,E07000216,6,0,1,0,1,"[2, 19]","[0, 1]","[0, 5]",0,0,0,1,0,0,0,0,0,5,8
2024451440804,2024,451440804,504984,164986,-0.49308,51.37423,3,3,5,11:00,-1,E07000212,3,0,1,0,1,"[10, 9]",1,1,0,0,0,1,1,0,0,0,0,5,9
2024451440864,2024,451440864,528435,144416,-0.16372,51.18455,3,3,5,07:41,-1,E07000211,3,0,1,0,1,19,"[5, 1]","[1, 5]",0,0,0,1,0,0,0,0,0,5,9
2024451440908,2024,451440908,535775,151906,-0.05592,51.25017,3,3,5,12:52,-1,E07000215,6,0,1,0,2,"[19, 4]","[5, 3]",1,0,0,0,1,0,0,0,0,0,5,9
2024451440926,2024,451440926,485641,147479,-0.7751,51.22009,3,3,4,15:40,-1,E07000216,3,0,1,0,2,"[12, 19, 4]",1,5,0,"[7, 0]","[1, 0]",1,0,0,1,0,0,5,8
2024451440933,2024,451440933,511293,164019,-0.40278,51.36434,3,3,3,20:55,-1,E07000207,6,2,1,0,1,"[3, 19]","[2, 6]","[6, 2]",0,0,0,1,0,0,0,0,0,5,7
2024451440967,2024,451440967,517040,151129,-0.32449,51.24733,2,2,4,18:00,-1,E07000210,3,0,1,0,2,19,5,1,0,0,0,0,0,1,0,0,0,5,8
2024451440970,2024,451440970,499710,170669,-0.56723,51.42627,3,3,4,15:55,-1,E07000212,3,0,1,0,1,"[4, 19]",6,2,0,0,0,1,0,0,0,0,0,5,8
2024451440974,2024,451440974,504332,171475,-0.50054,51.43268,3,3,4,18:09,-1,E07000213,6,0,1,0,1,"[13, 9]","[8, 2]","[4, 8]",0,0,0,1,0,1,0,0,0,5,8
2024451440988,2024,451440988,502602,155628,-0.52998,51.29055,3,3,4,19:24,-1,E07000209,3,0,1,0,2,19,"[2, 4]","[6, 8]",0,0,0,1,0,0,0,0,0,5,8
2024451441255,2024,451441255,506234,171524,-0.47317,51.43277,3,3,6,08:50,-1,E07000213,6,0,1,0,1,19,3,7,0,1,11,1,0,0,0,0,1,5,10
2024451441292,2024,451441292,489218,160315,-0.7207,51.33494,2,2,6,15:38,-1,E07000214,3,0,8,0,1,"[19, 8]",3,7,6,"[8, 0]","[7, 0]",1,0,0,0,0,0,5,10
2024451441343,2024,451441343,519261,159870,-0.28977,51.32544,3,3,5,11:19,-1,E07000208,6,0,1,0,2,19,"[7, 3]","[3, 7]",0,0,0,1,0,0,0,0,0,5,9
2024451441349,2024,451441349,503124,167574,-0.51904,51.39784,3,3,6,17:08,-1,E07000212,4,0,1,0,2,"[19, 9]","[5, 8]","[1, 4, 3]",0,0,0,1,0,0,0,0,0,5,10
2024451441376,2024,451441376,528785,143273,-0.15912,51.1742,3,3,6,17:50,-1,E07000211,4,0,1,0,1,19,1,5,0,0,0,1,0,0,1,0,0,5,10
2024451441435,2024,451441435,499639,154335,-0.57282,51.27946,2,"[3, 2]",6,23:45,-1,E07000217,3,2,1,0,2,"[13, 19]","[1, 5]","[5, 1]",0,"[1, 0]","[4, 9, 0]",1,0,0,1,0,0,5,10
2024451441482,2024,451441482,516750,166638,-0.32357,51.38679,2,2,6,18:25,-1,E07000207,6,0,1,0,1,"[19, 5]",5,1,0,0,0,1,0,1,0,0,0,5,10
2024451441505,2024,451441505,482294,146940,-0.82314,51.21574,3,3,6,17:50,-1,E07000216,6,0,8,0,2,3,"[5, 1]","[1, 5]",0,0,0,1,0,0,0,0,0,5,10
2024451441536,2024,451441536,515062,166275,-0.34794,51.38387,3,3,6,16:20,-1,E07000207,6,0,9,-1,1,"[-1, 19]",-1,-1,0,0,0,1,0,0,0,0,0,5,10
2024451441539,2024,451441539,536450,148809,-0.04744,51.22218,3,3,7,09:10,-1,E07000215,3,0,1,0,2,"[4, 15]","[1, 5]","[5, 1]",0,"[0, 7]","[0, 9]",1,0,1,0,0,0,5,11
2024451441541,2024,451441541,508728,164374,-0.4395,51.36803,3,3,7,11:20,-1,E07000207,6,0,1,0,1,"[19, 2]","[3, 0]","[7, 0]","[4, 0]",0,0,1,0,0,0,0,0,5,11
2024451441544,2024,451441544,513201,163651,-0.3755,51.36066,3,3,7,10:40,-1,E07000207,3,0,1,0,2,19,"[1, 2]","[5, 6]","[10, 0]",0,0,1,1,0,0,0,0,5,11
2024451441559,2024,451441559,531804,143107,-0.11602,51.17202,3,3,7,14:25,-1,E07000215,6,0,1,0,2,19,3,7,0,0,0,1,0,0,0,0,1,5,11
2024451441575,2024,451441575,517016,153692,-0.324,51.27038,2,2,7,09:25,-1,E07000210,6,0,1,0,2,19,"[5, 3]","[1, 7]",0,0,0,1,1,0,0,0,0,5,11
2024451441633,2024,451441633,496774,154320,-0.61389,51.27981,3,3,7,16:45,-1,E07000209,3,0,1,0,2,"[4, 19]","[6, 7]","[2, 3]",0,0,0,1,0,1,0,0,0,5,11
2024451441635,2024,451441635,486839,159421,-0.75505,51.32727,3,3,6,15:20,-1,E07000214,4,0,1,0,1,19,5,1,0,0,0,1,0,0,0,0,1,5,10
2024451441650,2024,451441650,503363,171620,-0.51443,51.43416,3,3,6,18:45,-1,E07000213,4,0,1,0,1,"[19, 9]",1,5,0,0,0,1,0,1,0,0,0,5,10
2024451441656,2024,451441656,499794,168129,-0.56674,51.40342,2,2,3,13:15,-1,E07000212,6,0,1,0,1,20,3,5,0,7,10,1,0,0,0,0,1,5,7
2024451441661,2024,451441661,538581,143562,-0.01897,51.17451,2,"[3, 2]",7,14:30,-1,E07000215,4,0,1,0,2,"[1, 19]","[6, 8]","[8, 4]",0,"[7, 0]","[11, 0]",1,0,0,0,0,1,5,11
2024451441663,2024,451441663,518141,146498,-0.31025,51.20548,2,2,7,12:30,-1,E07000210,6,0,1,0,2,19,7,3,11,0,0,0,1,0,0,0,0,5,11
2024451441695,2024,451441695,507142,161484,-0.46314,51.34235,3,3,7,19:33,-1,E07000207,4,0,1,0,1,7,5,1,7,7,0,1,0,0,0,0,0,5,11
2024451441760,2024,451441760,517354,166095,-0.31507,51.38178,3,3,7,19:22,-1,E07000207,6,0,9,0,1,19,"[2, 8]","[6, 4]",0,0,0,1,0,0,0,0,0,5,11
2024451441788,2024,451441788,519038,156229,-0.29418,51.29276,2,"[3, 2]",1,10:47,-1,E07000210,1,0,1,0,2,19,7,3,0,0,0,1,0,0,0,0,0,5,12
2024451441838,2024,451441838,508937,150766,-0.44065,51.24568,2,2,1,12:40,-1,E07000209,6,0,1,0,2,"[9, 19]","[1, 5]","[5, 1]",0,0,0,1,1,0,0,0,0,5,12
2024451441912,2024,451441912,513632,165669,-0.36867,51.37871,3,3,7,18:00,-1,E07000207,6,0,1,0,1,"[19, 9]","[5, 3]","[2, 7]",0,0,0,1,0,0,0,0,0,5,11
2024451441933,2024,451441933,506995,166777,-0.46366,51.38996,3,3,1,20:59,-1,E07000213,6,2,1,0,2,5,"[8, 1]","[7, 5]",0,0,0,1,0,0,0,0,0,5,12
2024451441955,2024,451441955,504182,171539,-0.50268,51.43328,3,3,1,18:35,-1,E07000213,6,0,1,0,1,"[19, 7]","[3, 5]","[7, 8]",0,"[0, 7]",0,1,0,0,0,0,0,5,12