collision_index,collision_year,collision_ref_no,location_easting_osgr,location_northing_osgr,longitude,latitude,casualty_severity,casualty_severity,day_of_week,time,local_authority_district,local_authority_ons_district,first_road_class,light_conditions,weather_conditions,road_surface_conditions,urban_or_rural_area,vehicle_manoeuvre,vehicle_direction_from,vehicle_direction_to,hit_object_in_carriageway,vehicle_leaving_carriageway,hit_object_off_carriageway,is_car,is_cyle,is_mcyle,is_goodsv,is_other,is_pedestrian,month,day
2024451441964,2024,451441964,503062,171474,-0.5188,51.4329,2,2,1,19:20,-1,E07000212,3,0,1,0,1,"[19, 5]","[7, 1]","[3, 5]",0,0,0,1,1,0,0,0,0,5,12
2024451442001,2024,451442001,491380,164396,-0.68862,51.37128,3,3,2,06:35,-1,E07000214,3,0,1,0,2,19,3,7,0,0,0,0,0,1,0,1,0,5,13
2024451442087,2024,451442087,516788,147925,-0.32914,51.21859,2,2,1,12:40,-1,E07000210,3,0,8,0,1,19,1,5,"[99, 0]","[7, 0]",0,1,1,0,0,0,0,5,12
2024451442279,2024,451442279,504292,160857,-0.50423,51.33725,3,3,6,21:19,-1,E07000217,5,2,1,0,1,"[3, 2]",1,5,"[0, 99]",0,0,1,0,0,0,0,0,5,10
2024451442294,2024,451442294,528887,145148,-0.15699,51.19103,3,3,4,09:53,-1,E07000211,6,0,1,0,2,"[7, 19]","[3, 1]","[7, 4]","[0, 10]","[0, 7]","[0, 6]",1,0,0,0,0,0,5,8
2024451442311,2024,451442311,491961,152063,-0.68346,51.26032,2,"[2, 3]",2,09:20,-1,E07000209,3,0,1,0,2,19,"[8, 6]","[4, 8]",0,0,0,1,0,0,0,0,0,5,13
2024451442360,2024,451442360,529495,150840,-0.14624,51.24205,3,3,2,17:30,-1,E07000211,6,0,1,0,2,"[4, 19]",1,5,0,0,0,1,0,0,0,0,0,5,13
2024451442370,2024,451442370,501169,160342,-0.54919,51.33318,3,3,1,10:50,-1,E07000217,3,0,1,0,2,"[19, 4]","[5, 7]","[1, 3]",0,0,0,1,0,0,0,0,0,5,12
2024451442387,2024,451442387,524709,158753,-0.21201,51.31423,3,3,2,19:25,-1,E07000211,3,0,1,0,1,"[2, 19]","[0, 1]","[0, 5]",0,0,0,1,0,0,0,0,0,5,13
2024451442429,2024,451442429,492028,162582,-0.67978,51.35487,3,3,5,11:56,-1,E07000214,3,0,1,0,2,"[2, 19]","[5, 3]",1,0,0,0,1,0,0,0,0,0,5,9
2024451442434,2024,451442434,505004,164593,-0.49291,51.3707,2,2,6,22:09,-1,E07000212,6,2,1,0,1,"[9, 19]","[4, 3]","[6, 7]","[0, 10]","[0, 1]","[0, 10]",1,0,1,0,0,0,5,10
2024451442497,2024,451442497,519756,160856,-0.28234,51.33419,3,3,6,17:10,-1,E07000208,4,0,1,0,1,"[10, 19]","[7, 3]","[5, 7]",0,0,0,1,0,1,0,0,0,5,10
2024451442510,2024,451442510,500867,170871,-0.55054,51.42788,3,3,6,16:45,-1,E07000212,6,0,1,0,1,99,"[3, 7]","[7, 3]",99,0,0,1,0,1,0,0,0,5,10
2024451442526,2024,451442526,528464,143108,-0.16377,51.17279,3,3,3,08:20,-1,E07000211,6,0,2,1,1,19,"[6, 4]","[2, 8]",0,0,0,1,1,0,0,0,0,5,14
2024451442738,2024,451442738,528798,156446,-0.1542,51.29259,2,2,2,17:23,-1,E07000211,3,0,1,0,1,19,1,5,0,0,0,1,1,0,0,0,0,5,13
2024451442806,2024,451442806,534931,151667,-0.0681,51.24822,3,3,3,12:30,-1,E07000215,3,0,1,0,2,"[5, 19]","[1, 3]",1,0,0,0,1,0,0,0,0,0,5,14
2024451442825,2024,451442825,488810,149044,-0.72935,51.23368,3,3,3,09:00,-1,E07000209,6,0,2,1,1,"[10, 19]","[1, 5]","[5, 1]",0,0,0,1,0,1,0,0,0,5,14
2024451442961,2024,451442961,517507,156745,-0.31596,51.29771,3,3,3,22:05,-1,E07000210,3,2,1,1,2,"[19, 9]","[1, 4, 5]","[5, 1]",0,0,0,1,0,1,0,0,0,5,14
2024451442996,2024,451442996,519026,150607,-0.29622,51.24223,2,2,6,23:45,-1,E07000210,3,2,1,0,2,19,5,1,0,0,0,1,0,0,0,0,1,5,10
2024451443346,2024,451443346,517107,164173,-0.31925,51.36456,3,3,4,15:00,-1,E07000207,3,0,1,0,2,19,"[3, 6]","[7, 2]",0,"[0, 1]","[0, 7]",1,0,0,0,0,0,5,15
2024451443403,2024,451443403,517043,150153,-0.32477,51.23856,2,"[3, 2]",4,17:30,-1,E07000210,3,0,1,0,1,19,5,1,0,0,0,1,0,1,0,0,0,5,15
2024451443421,2024,451443421,520361,160027,-0.27394,51.32662,2,2,3,17:10,-1,E07000208,3,0,1,0,1,"[19, 9]","[2, 6]","[6, 4]",0,0,0,1,0,1,0,0,0,5,14
2024451443437,2024,451443437,488641,157070,-0.72978,51.30586,3,3,3,13:30,-1,E07000214,4,0,1,0,1,"[5, 19]","[-1, 1]","[-1, 5]",0,0,0,1,1,0,0,0,0,5,14
2024451443463,2024,451443463,520840,164647,-0.2655,51.36804,3,3,4,23:45,-1,E07000208,4,2,1,0,1,"[8, 19]","[5, 3]","[1, 5]",10,"[0, 7]","[0, 11]",1,0,0,0,0,0,5,15
2024451443614,2024,451443614,504981,164986,-0.49312,51.37423,3,3,5,08:55,-1,E07000212,3,0,1,0,1,19,5,1,0,0,0,1,0,0,0,0,0,5,16
2024451443708,2024,451443708,523237,158488,-0.23321,51.31217,3,3,5,08:45,-1,E07000211,6,0,1,1,1,"[5, 19]","[3, 7]","[7, 3]",0,"[7, 0]","[11, 0]",1,0,0,0,0,0,5,16
2024451443753,2024,451443753,490249,148461,-0.70889,51.22821,3,3,5,14:00,-1,E07000209,6,0,2,1,2,19,"[5, 1]","[1, 5]",0,0,0,1,0,0,0,0,0,5,16
2024451443768,2024,451443768,496884,160905,-0.61053,51.33899,3,3,3,18:30,-1,E07000214,6,0,1,0,2,"[10, 19]","[4, 5]",6,0,0,0,1,0,0,0,0,0,5,14
2024451444087,2024,451444087,506784,171696,-0.46521,51.43421,2,2,3,09:55,-1,E07000213,4,0,1,0,1,5,5,1,0,0,0,1,0,0,0,0,1,5,7
2024451444150,2024,451444150,506339,171995,-0.47152,51.43698,3,3,6,08:40,-1,E07000213,6,0,1,0,1,"[19, 15]","[3, 6]","[7, 2]",0,0,0,1,0,0,0,0,0,5,17
2024451444198,2024,451444198,498988,159018,-0.58085,51.32166,3,3,3,16:35,-1,E07000217,6,0,1,0,1,"[2, 19]","[0, 5]","[0, 1]",0,"[0, 1]","[0, 11]",1,0,0,0,0,0,5,14
2024451444199,2024,451444199,508234,169953,-0.44489,51.41827,2,2,6,14:32,-1,E07000213,6,0,1,1,1,"[19, 4, 5]","[4, 1, 7]","[8, 5, 3]",0,0,0,1,0,0,0,0,0,5,3
2024451444205,2024,451444205,494779,155353,-0.64221,51.28943,3,3,6,17:20,-1,E07000209,4,0,1,0,1,"[19, 3]",4,8,0,"[1, 0]",0,1,1,0,0,0,0,5,17
2024451444208,2024,451444208,537282,147014,-0.03622,51.20585,3,3,6,12:22,-1,E07000215,6,0,1,0,2,"[9, 19]",4,5,0,"[0, 1]",0,1,1,0,0,0,0,5,17
2024451444216,2024,451444216,500568,167232,-0.55587,51.39522,2,"[2, 3]",7,07:05,-1,E07000212,1,0,1,0,2,19,6,2,0,"[0, 1]",0,1,0,0,0,0,0,5,11
2024451444226,2024,451444226,517064,157268,-0.32214,51.30251,3,3,6,15:40,-1,E07000210,1,0,1,0,2,"[3, 19]",3,7,0,"[0, 1]",0,1,0,0,0,0,0,5,17
2024451444262,2024,451444262,500625,167308,-0.55503,51.39589,3,3,6,14:44,-1,E07000212,1,0,1,0,2,19,1,1,0,0,0,1,0,0,0,0,0,5,17
2024451444264,2024,451444264,525376,160329,-0.20189,51.32825,3,3,6,17:20,-1,E07000211,6,0,8,0,1,"[7, 19]","[5, 3]","[2, 7]","[0, 7]",0,0,1,0,0,0,0,0,5,17
2024451444306,2024,451444306,494332,144211,-0.65155,51.18935,3,3,6,23:20,-1,E07000209,3,2,1,0,2,19,6,2,0,1,4,1,0,0,0,0,0,5,17
2024451444327,2024,451444327,500690,158803,-0.5565,51.31943,3,3,7,02:55,-1,E07000217,6,2,1,0,1,20,1,5,0,0,0,1,0,0,0,0,1,5,18
2024451444355,2024,451444355,484481,147071,-0.7918,51.2166,3,3,7,02:25,-1,E07000216,6,2,1,0,1,19,3,7,10,7,10,0,0,1,0,0,0,5,18
2024451444412,2024,451444412,538562,153148,-0.01554,51.26066,3,3,5,17:40,-1,E07000215,6,0,1,0,2,-1,1,5,-1,-1,0,1,0,0,0,0,1,5,16
2024451444466,2024,451444466,506283,164912,-0.47445,51.37333,3,3,7,07:30,-1,E07000212,3,0,1,0,2,19,1,3,0,0,0,1,1,0,0,0,0,5,18
2024451444769,2024,451444769,513584,165663,-0.36936,51.37867,3,3,1,12:00,-1,E07000207,6,0,1,0,1,"[9, 19]",3,7,0,0,0,1,1,0,0,0,0,5,19
2024451444799,2024,451444799,508510,166852,-0.44187,51.39034,3,3,1,13:51,-1,E07000213,4,0,1,0,1,"[5, 19]","[5, 3]","[1, 7]",0,0,0,1,0,0,0,1,0,5,19
2024451444837,2024,451444837,521435,147038,-0.26294,51.20965,3,3,4,16:40,-1,E07000210,6,0,1,0,2,"[9, 19]","[5, 1]","[2, 5]",0,0,0,1,0,1,0,0,0,5,15
2024451444935,2024,451444935,520800,160858,-0.26736,51.33399,3,3,1,23:10,-1,E07000208,6,2,1,0,1,19,1,5,0,7,7,1,0,0,0,0,1,5,19
2024451445096,2024,451445096,502273,163936,-0.53232,51.36529,2,2,2,06:35,-1,E07000212,3,0,1,0,1,"[9, 19]",1,1,0,0,0,1,0,0,0,0,0,5,20
2024451445215,2024,451445215,539354,152956,-0.00427,51.25874,3,3,2,12:55,-1,E07000215,6,0,1,0,1,5,2,8,0,1,0,1,0,0,0,0,1,5,20
2024451445256,2024,451445256,488743,151375,-0.72973,51.25465,3,3,2,16:00,-1,E07000209,3,0,1,0,1,4,1,5,0,0,0,1,0,0,0,0,0,5,20
2024451445453,2024,451445453,540741,155810,0.01672,51.28405,3,3,4,08:00,-1,E07000215,6,0,7,0,2,19,1,5,0,0,0,1,0,0,0,0,0,5,1
2024451445499,2024,451445499,505037,165618,-0.49213,51.37991,3,3,2,09:07,-1,E07000212,3,0,8,0,2,"[12, 11]","[3, 1]",5,0,0,0,1,0,0,0,0,0,5,20
2024451445617,2024,451445617,524656,140972,-0.21895,51.15444,3,3,2,07:30,-1,E07000210,6,0,1,0,2,"[5, 19]","[5, 3]","[3, 7]",0,"[7, 0]",0,1,0,0,0,0,0,5,20
2024451445640,2024,451445640,519769,163742,-0.28118,51.36013,3,3,2,17:00,-1,E07000208,4,0,1,0,2,19,4,8,0,1,2,1,0,0,0,0,0,4,1
2024451445651,2024,451445651,488952,149152,-0.72729,51.23463,3,3,3,11:52,-1,E07000209,6,0,1,0,1,5,1,5,0,1,10,1,0,0,0,0,0,5,21
2024451445734,2024,451445734,501764,171832,-0.53736,51.43636,2,2,5,13:53,-1,E07000212,3,0,1,0,2,99,1,1,0,0,0,1,0,1,0,0,0,5,9
2024451445787,2024,451445787,503793,160628,-0.51146,51.33528,3,3,3,17:56,-1,E07000217,3,0,2,1,1,19,7,3,0,1,0,1,0,0,0,0,0,5,21
2024451446031,2024,451446031,499567,158421,-0.57271,51.3162,3,3,6,15:45,-1,E07000217,6,0,9,-1,1,19,7,3,0,0,0,0,1,0,0,0,1,5,17
2024451446648,2024,451446648,497299,157616,-0.60547,51.30935,3,3,4,17:10,-1,E07000217,6,0,2,1,1,19,"[1, 7]","[5, 3]",0,0,0,1,0,0,0,0,0,5,22
2024451446700,2024,451446700,522247,163150,-0.24581,51.35428,3,3,4,20:30,-1,E07000208,3,2,2,1,1,"[9, 19]",1,"[2, 5]",0,0,0,1,0,0,0,0,0,5,22
2024451446736,2024,451446736,527364,150700,-0.1768,51.24127,3,3,4,14:18,-1,E07000211,6,0,1,0,1,19,1,5,0,0,0,1,0,0,0,0,1,5,22
2024451446758,2024,451446758,513585,154446,-0.37292,51.27785,2,2,4,17:52,-1,E07000210,6,0,2,1,1,"[5, 2]","[5, 0]","[5, 0]",0,0,0,1,0,0,0,0,0,5,22
2024451447064,2024,451447064,505566,164815,-0.48477,51.37259,3,3,5,07:53,-1,E07000212,4,0,1,0,1,"[13, 9]","[1, 2]","[5, 6]",0,0,0,1,0,1,0,0,0,5,23
2024451447209,2024,451447209,517175,165868,-0.31772,51.37978,2,2,5,10:45,-1,E07000207,6,0,1,1,1,19,6,2,0,0,0,0,1,0,0,0,0,5,23
2024451447242,2024,451447242,536188,145814,-0.05232,51.19532,3,3,5,07:35,-1,E07000215,3,0,1,0,2,19,1,5,0,0,0,1,0,0,0,0,1,5,23
2024451447251,2024,451447251,540711,154047,0.0156,51.26821,2,2,5,11:45,-1,E07000215,4,0,1,0,2,19,5,1,12,0,0,0,0,1,0,0,0,5,23
2024451447281,2024,451447281,508521,167631,-0.44148,51.39734,3,3,2,15:45,-1,E07000213,6,0,1,0,1,"[2, 19]",3,1,"[0, 8]",0,0,1,1,0,0,0,0,5,20
2024451447313,2024,451447313,495288,161777,-0.6332,51.3471,3,3,6,13:15,-1,E07000214,3,0,1,0,1,"[19, 13]",3,7,0,0,0,0,1,0,1,0,0,5,17
2024451447331,2024,451447331,520213,161953,-0.27541,51.34396,3,3,5,17:41,-1,E07000208,6,0,1,0,1,19,"[1, 8]",4,0,0,0,1,1,0,0,0,0,5,23
2024451447339,2024,451447339,500631,167316,-0.55494,51.39597,3,3,5,16:17,-1,E07000212,1,0,1,0,2,"[4, 19]","[5, 7, 1]","[1, 3, 5]",0,0,0,1,0,0,0,0,0,5,23
2024451447414,2024,451447414,525390,150824,-0.20502,51.24282,3,3,5,17:20,-1,E07000211,3,0,1,0,1,"[3, 19]","[3, 5]","[5, 1, 7]",0,0,0,1,0,0,0,0,0,5,23
2024451447415,2024,451447415,487229,158481,-0.74969,51.31876,1,1,4,19:20,-1,E07000214,4,0,1,1,1,19,4,8,0,0,0,1,0,0,0,0,0,5,22
2024451447589,2024,451447589,502946,171503,-0.52046,51.43319,3,3,5,16:17,-1,E07000212,3,0,1,0,1,"[3, 1]","[5, 1]","[1, 5]",0,0,0,1,0,1,0,0,0,5,23
2024451447645,2024,451447645,485456,148859,-0.77742,51.23253,3,3,6,08:10,-1,E07000216,4,0,1,0,1,19,"[1, 3]","[3, 1]",0,0,0,1,1,0,0,0,0,5,24
2024451447712,2024,451447712,514215,168102,-0.35951,51.40046,3,3,3,08:15,-1,E07000207,6,0,1,0,1,"[19, 2]","[1, -1]","[5, -1]",0,0,0,1,1,0,0,0,0,5,21
2024451447898,2024,451447898,525393,152522,-0.20439,51.25808,3,3,6,19:50,-1,E07000211,1,0,1,0,2,"[19, 3]",7,3,0,0,0,1,0,0,0,0,0,5,24
2024451447971,2024,451447971,520540,164990,-0.26969,51.37118,3,3,6,23:47,-1,E07000208,6,2,1,0,1,"[2, 19]",2,6,0,0,0,1,0,0,0,0,0,5,24
2024451447999,2024,451447999,485501,159935,-0.77413,51.33209,2,2,7,07:10,-1,E07000214,3,0,1,0,1,"[9, 19]","[7, 3]","[5, 7]",0,0,0,1,0,1,0,0,0,5,25
2024451448065,2024,451448065,510873,159896,-0.41009,51.32737,3,3,7,10:00,-1,E07000207,3,0,1,0,1,"[10, 2]",3,1,0,1,0,1,1,0,0,0,0,5,25
2024451448117,2024,451448117,497606,162233,-0.5998,51.3508,3,3,7,15:12,-1,E07000214,6,0,9,-1,1,19,"[5, 1]","[1, 5]",0,0,0,1,1,0,0,0,0,5,25
2024451448138,2024,451448138,505099,166696,-0.49092,51.38958,3,3,7,16:36,-1,E07000212,4,0,1,0,1,"[2, 19]","[0, 3]","[0, 7]","[0, 4]","[0, 1]",0,1,0,0,0,0,0,5,25
2024451448212,2024,451448212,501894,171923,-0.53547,51.43715,3,3,7,18:45,-1,E07000212,3,0,1,0,2,19,5,1,0,0,0,1,0,0,0,0,0,5,25
2024451448236,2024,451448236,525403,150805,-0.20484,51.24265,2,2,7,20:50,-1,E07000211,6,0,1,0,1,19,7,3,0,7,11,1,0,0,0,0,0,5,25
2024451448289,2024,451448289,503996,164697,-0.50736,51.37182,2,2,7,10:10,-1,E07000212,1,0,1,0,2,19,7,3,0,0,0,1,0,0,0,0,0,5,25
2024451448291,2024,451448291,500359,157850,-0.56151,51.31093,3,3,1,03:45,-1,E07000217,3,2,2,1,1,19,"[2, 4]","[6, 8]",0,0,0,1,0,0,0,0,0,5,26
2024451448316,2024,451448316,503081,171465,-0.51853,51.43282,3,3,2,19:55,-1,E07000212,3,0,1,0,1,19,1,5,0,0,0,1,0,0,0,0,0,5,20
2024451448320,2024,451448320,494508,154382,-0.64635,51.28075,3,3,1,06:55,-1,E07000209,3,0,1,1,2,19,4,2,0,2,10,1,0,0,0,0,0,5,26
2024451448417,2024,451448417,524072,143517,-0.22642,51.17744,2,2,7,21:45,-1,E07000210,6,2,1,0,2,"[19, 10]","[1, 3]","[5, 7]",0,0,0,1,0,0,0,0,0,5,25
2024451448464,2024,451448464,506758,173571,-0.46502,51.45107,3,3,1,13:30,-1,E07000213,6,0,1,0,1,19,1,3,0,0,0,1,0,0,0,0,0,5,26
2024451448480,2024,451448480,511182,166819,-0.4035,51.38953,3,3,1,16:41,-1,E07000207,6,0,1,0,1,"[19, 7]","[7, 4]","[6, 8]",0,0,0,1,0,1,0,0,0,5,26
2024451448557,2024,451448557,484539,145079,-0.79144,51.19868,3,3,1,18:45,-1,E07000216,3,0,1,1,1,"[5, 19]","[1, 5]","[5, 1]","[10, 0]",0,0,1,0,0,0,0,0,5,26
2024451448603,2024,451448603,541903,154453,0.03283,51.27157,3,3,1,16:30,-1,E07000215,1,0,1,0,2,"[19, 4]",7,3,0,0,0,1,0,0,0,0,0,5,26
2024451448677,2024,451448677,522005,163557,-0.24914,51.35799,3,3,4,14:43,-1,E07000208,3,0,1,0,1,19,4,8,0,0,0,1,0,0,0,0,0,5,8
2024451448766,2024,451448766,500684,153060,-0.5582,51.26781,3,3,2,20:45,-1,E07000209,6,0,2,1,2,19,8,8,0,1,3,1,0,0,0,0,0,5,27
2024451448917,2024,451448917,498197,151710,-0.59421,51.25611,3,3,3,08:55,-1,E07000209,3,0,2,1,1,9,1,1,0,0,0,1,0,0,0,0,1,5,28
2024451448955,2024,451448955,531280,146078,-0.12243,51.19884,2,"[3, 2]",2,12:15,-1,E07000215,6,0,1,0,2,"[9, 19]","[5, 1]","[1, 5]",0,0,0,1,0,0,0,0,0,5,27
2024451449223,2024,451449223,514989,140720,-0.35719,51.15419,2,"[2, 3]",1,08:10,-1,E07000210,3,0,1,0,2,19,"[2, 5]","[6, 5]",0,0,0,1,0,1,0,0,0,5,19
2024451449289,2024,451449289,497441,162069,-0.60221,51.34936,3,3,4,07:59,-1,E07000214,3,0,1,0,1,"[19, 9]","[1, 3]","[5, 1]",0,0,0,1,0,0,0,0,0,5,29
2024451449519,2024,451449519,490393,145650,-0.70754,51.20292,2,2,4,13:20,-1,E07000209,6,0,1,0,2,19,"[1, 7]","[5, 3]",0,0,0,1,1,0,0,0,0,5,29
2024451449570,2024,451449570,537281,157956,-0.03204,51.30418,2,"[3, 2]",4,11:30,-1,E07000215,4,0,1,0,2,"[19, 5]","[3, 5, 7]","[7, 5, 3]",0,0,0,1,0,0,0,0,0,5,29
2024451449608,2024,451449608,495912,164286,-0.62357,51.36955,3,3,6,12:45,-1,E07000214,1,0,1,0,2,"[4, 19]",7,3,"[0, 99]",0,0,1,0,0,0,0,0,5,24
2024451449631,2024,451449631,516760,154924,-0.32726,51.2815,3,3,4,19:25,-1,E07000210,3,0,1,0,2,19,3,7,0,"[1, 0]",0,0,1,1,0,0,0,5,29
2024451449643,2024,451449643,515083,165311,-0.34795,51.3752,2,2,4,21:30,-1,E07000207,6,2,1,0,1,19,1,1,0,0,0,0,0,1,0,0,0,5,29
2024451449651,2024,451449651,493884,151800,-0.65597,51.25764,3,3,5,00:01,-1,E07000209,3,2,1,0,2,19,7,2,0,"[0, 8]","[0, 4]",1,0,0,0,0,0,5,30
2024451449669,2024,451449669,504837,166594,-0.49472,51.38871,3,3,5,01:28,-1,E07000212,4,2,8,0,1,"[2, 19]","[0, 5]","[0, 1]","[4, 0]","[0, 7]","[0, 10]",1,0,0,0,0,0,5,30
2024451449683,2024,451449683,497840,156648,-0.59797,51.30056,3,3,4,08:55,-1,E07000217,6,0,1,0,1,19,7,3,0,2,0,1,0,0,0,0,0,5,29
2024451450017,2024,451450017,486873,159190,-0.75462,51.32519,3,3,5,18:15,-1,E07000214,4,0,1,1,1,"[4, 19]",7,3,0,0,0,1,0,1,0,0,0,5,30
2024451450057,2024,451450057,505368,163800,-0.48792,51.3635,3,3,5,14:20,-1,E07000212,3,0,2,1,1,"[4, 19]",5,1,0,0,0,1,0,1,0,0,0,5,30
2024451450058,2024,451450058,514014,138363,-0.37188,51.1332,2,2,3,09:53,-1,E07000210,3,0,2,1,2,19,5,1,0,7,4,0,0,0,1,0,0,5,28
2024451450064,2024,451450064,506016,173585,-0.47569,51.45133,3,3,5,21:00,-1,E07000213,6,2,1,0,1,"[19, 12]",3,7,0,0,0,1,0,1,0,0,0,5,30
2024451450096,2024,451450096,517221,139027,-0.32585,51.13852,2,2,5,19:25,-1,E07000210,3,0,1,0,2,19,8,4,0,2,4,1,0,0,0,0,0,5,30
2024451450139,2024,451450139,495043,152598,-0.63916,51.26463,3,3,4,10:10,-1,E07000209,6,0,1,0,2,"[19, 9]","[7, 1]","[3, 5]",0,0,0,1,0,0,0,0,0,5,29
2024451450159,2024,451450159,508704,158886,-0.44152,51.31871,3,3,5,17:55,-1,E07000207,1,0,8,0,2,19,5,1,0,0,0,1,0,0,0,0,0,5,30
2024451450190,2024,451450190,506255,159886,-0.47635,51.32816,3,3,6,08:17,-1,E07000209,1,0,1,0,2,"[19, 11]","[7, 8]","[3, 4]",0,0,0,1,0,0,0,1,0,5,31
2024451450208,2024,451450208,482889,149124,-0.81412,51.23529,3,3,6,07:45,-1,E07000216,3,0,1,0,2,"[4, 19]",7,3,0,0,0,1,0,0,0,0,0,5,31
2024451450238,2024,451450238,501067,157046,-0.55159,51.30357,3,3,6,10:05,-1,E07000217,3,0,1,0,1,9,3,7,0,0,0,1,0,0,0,0,1,5,31
2024451450286,2024,451450286,502797,171544,-0.52259,51.43358,3,3,6,12:15,-1,E07000212,3,0,1,0,1,19,"[7, 1]","[3, 5]",0,0,0,1,1,0,0,0,0,5,31
2024451450312,2024,451450312,525108,153591,-0.20809,51.26775,3,3,6,12:09,-1,E07000211,3,0,2,0,2,"[7, 19]","[5, 1]",5,0,0,0,1,0,0,0,0,0,5,31
2024451450370,2024,451450370,514396,168784,-0.35669,51.40655,3,3,5,23:30,-1,E07000207,6,2,9,0,1,19,1,1,0,0,0,0,1,0,0,0,0,5,30
2024451450388,2024,451450388,534924,153901,-0.06736,51.2683,2,2,6,15:49,-1,E07000215,3,0,1,1,2,"[19, 12]",1,5,0,0,0,1,0,0,0,0,0,5,31
2024451450417,2024,451450417,504151,164300,-0.50525,51.36822,3,3,4,15:15,-1,E07000212,1,0,1,0,2,19,4,4,0,0,0,1,0,0,1,0,0,5,29
2024451450429,2024,451450429,510909,165388,-0.40787,51.37672,2,2,6,17:40,-1,E07000207,6,0,4,0,1,"[9, 19]","[1, 3]","[5, 7]",0,"[7, 0]",0,1,1,0,0,0,0,5,31
2024451450531,2024,451450531,537755,153630,-0.02691,51.26519,3,3,6,06:35,-1,E07000215,1,0,1,0,2,19,6,2,0,0,0,1,0,0,0,0,0,5,31
2024451450565,2024,451450565,509090,164063,-0.4344,51.36516,3,3,7,07:50,-1,E07000207,3,0,1,0,1,"[19, 9]","[3, 1]","[7, 3]",0,0,0,1,0,1,0,0,0,6,1
2024451450623,2024,451450623,500431,156692,-0.56081,51.3005,3,3,5,23:35,-1,E07000217,4,2,9,0,1,"[19, 15]",-1,-1,0,0,0,1,1,0,0,0,0,5,30
2024451450688,2024,451450688,489459,132861,-0.72408,51.0881,3,3,7,09:00,-1,E07000216,4,0,9,0,1,19,7,3,0,0,0,1,0,0,0,0,1,6,1
2024451450824,2024,451450824,525385,150135,-0.20534,51.23663,2,2,7,22:52,-1,E07000211,3,2,1,0,1,19,"[1, 3]","[5, 7]",0,"[1, 0]","[10, 0]",1,0,0,0,0,0,6,1
2024451450850,2024,451450850,510940,167395,-0.40679,51.39476,2,2,1,09:10,-1,E07000207,3,0,1,0,2,"[7, 19]",6,"[8, 2]",0,"[0, 1]",0,1,1,0,0,0,0,6,2
2024451450903,2024,451450903,505608,161384,-0.48519,51.34174,2,"[2, 3]",1,12:30,-1,E07000217,1,0,1,0,2,"[4, 12]","[1, 7, 5]","[5, 3, 1]",0,0,0,1,0,0,0,0,0,6,2
2024451450926,2024,451450926,500126,170955,-0.56117,51.42876,3,3,1,11:44,-1,E07000212,3,0,1,0,1,"[4, 19]","[1, 6]","[5, 2]",0,0,0,1,0,0,0,0,0,6,2
2024451450948,2024,451450948,498798,145929,-0.58719,51.20404,3,3,1,17:17,-1,E07000209,3,0,1,0,2,19,"[5, 1]","[1, 7]",0,0,0,1,0,0,0,0,0,6,2
2024451450955,2024,451450955,515125,154966,-0.35068,51.28221,3,3,1,15:45,-1,E07000210,3,0,1,0,2,19,7,3,0,0,0,1,0,1,0,0,0,6,2
2024451450962,2024,451450962,492678,135881,-0.67735,51.11474,3,3,1,17:20,-1,E07000216,3,0,1,0,2,19,1,5,0,0,0,0,0,1,0,0,0,6,2
2024451450973,2024,451450973,497458,149793,-0.60532,51.239,3,3,1,19:04,-1,E07000209,6,0,1,0,1,7,1,7,10,0,0,1,0,0,0,0,0,6,2
2024451451015,2024,451451015,522709,155949,-0.24166,51.28946,2,2,1,18:41,-1,E07000211,6,0,1,0,1,19,5,1,0,0,0,0,0,0,0,1,0,6,2
2024451451044,2024,451451044,527700,142682,-0.17484,51.16913,3,3,2,01:30,-1,E07000211,3,2,1,0,2,9,3,7,11,8,1,1,0,0,0,0,0,6,3
2024451451061,2024,451451061,495570,161745,-0.62916,51.34676,3,3,2,05:17,-1,E07000214,3,0,1,0,1,"[19, 13]",7,3,"[0, 10]",0,0,1,0,1,0,0,0,6,3
2024451451147,2024,451451147,537065,140195,-0.04192,51.14462,3,3,2,08:45,-1,E07000215,3,0,1,0,1,"[19, 4]",5,1,0,0,0,1,0,0,0,0,0,6,3
2024451451350,2024,451451350,537723,148704,-0.02926,51.22093,3,3,2,17:20,-1,E07000215,6,0,1,0,2,"[9, 19]","[3, 1, 7]","[1, 5, 3]","[0, 11]","[0, 3]","[0, 1]",1,0,0,0,0,0,6,3
2024451451361,2024,451451361,518685,158038,-0.29864,51.30909,3,3,2,16:16,-1,E07000210,6,0,1,0,1,19,1,5,0,0,0,1,0,0,0,0,1,6,3
2024451451362,2024,451451362,518525,158010,-0.30094,51.30887,3,3,2,15:00,-1,E07000210,3,0,1,0,1,19,"[5, 1]","[1, 5]",0,"[7, 0]","[10, 0]",1,0,0,0,0,0,6,3
2024451451377,2024,451451377,525199,144319,-0.21003,51.1844,3,3,2,23:30,-1,E07000211,6,2,1,0,2,11,7,3,0,3,10,1,0,0,0,0,0,6,3
2024451451395,2024,451451395,509992,170795,-0.41936,51.4255,3,3,2,23:21,-1,E07000213,6,2,1,0,1,19,1,5,0,0,0,1,1,0,0,0,0,6,3
2024451451509,2024,451451509,525856,148625,-0.19912,51.22295,2,2,4,12:30,-1,E07000211,3,0,1,0,1,5,5,1,0,0,0,1,0,0,0,0,1,5,29