collision_index,collision_year,collision_ref_no,location_easting_osgr,location_northing_osgr,longitude,latitude,casualty_severity,casualty_severity,day_of_week,time,local_authority_district,local_authority_ons_district,first_road_class,light_conditions,weather_conditions,road_surface_conditions,urban_or_rural_area,vehicle_manoeuvre,vehicle_direction_from,vehicle_direction_to,hit_object_in_carriageway,vehicle_leaving_carriageway,hit_object_off_carriageway,is_car,is_cyle,is_mcyle,is_goodsv,is_other,is_pedestrian,month,day
2024451451739,2024,451451739,535158,152986,-0.06435,51.26002,2,2,3,18:30,-1,E07000215,3,0,2,1,2,4,1,5,0,0,0,0,0,1,0,0,0,6,4
2024451451771,2024,451451771,501540,160898,-0.54371,51.33811,3,3,3,19:00,-1,E07000217,3,0,2,1,2,19,5,1,0,0,0,1,0,0,0,0,0,6,4
2024451451776,2024,451451776,522662,163772,-0.23964,51.35978,2,2,3,15:30,-1,E07000208,3,0,1,0,1,20,1,4,0,0,0,0,0,1,0,0,1,6,4
2024451451792,2024,451451792,504276,166838,-0.50271,51.39101,3,3,3,17:06,-1,E07000212,4,0,2,1,1,"[9, 5]","[1, 5]","[5, 1]",0,0,0,1,0,0,0,0,0,6,4
2024451451793,2024,451451793,501080,171047,-0.54743,51.42942,2,2,3,15:20,-1,E07000212,6,0,2,1,1,-1,-1,-1,-1,-1,0,1,0,0,0,0,1,6,4
2024451451812,2024,451451812,516176,156208,-0.33522,51.29316,3,3,3,23:45,-1,E07000210,4,2,1,1,1,19,3,7,0,1,2,1,0,0,0,0,0,6,4
2024451451927,2024,451451927,499565,150848,-0.57485,51.24812,3,3,7,08:59,-1,E07000209,3,0,2,1,1,"[7, 19]",3,"[3, 7]",0,0,0,1,1,0,0,0,0,3,9
2024451451955,2024,451451955,487413,160810,-0.74648,51.33967,3,3,3,14:39,-1,E07000214,3,0,1,0,1,"[1, 19]",-1,-1,0,0,0,1,0,1,0,0,0,6,4
2024451452090,2024,451452090,521595,154154,-0.25823,51.27357,2,"[2, 3]",3,16:34,-1,E07000211,1,0,1,0,2,19,"[3, -1]","[7, -1]",0,0,0,1,0,0,1,0,0,6,4
2024451452193,2024,451452193,505823,171294,-0.47915,51.43078,3,3,4,17:48,-1,E07000213,6,0,1,0,2,19,"[1, 5]","[5, 1]",0,0,0,1,0,0,0,0,0,6,5
2024451452270,2024,451452270,517180,152611,-0.322,51.26063,3,3,1,12:10,-1,E07000210,4,0,1,0,2,"[2, 19]","[0, 1]","[0, 5]",0,0,0,1,0,0,0,0,0,6,2
2024451452643,2024,451452643,521506,154360,-0.25944,51.27544,3,3,5,16:15,-1,E07000211,1,0,1,0,2,19,7,3,0,"[1, 0]","[7, 0]",1,0,0,0,1,0,6,6
2024451452682,2024,451452682,488373,149989,-0.73537,51.24224,3,3,5,18:25,-1,E07000209,3,0,1,0,1,5,8,8,0,0,0,1,0,0,1,0,0,6,6
2024451452714,2024,451452714,497804,165200,-0.59614,51.37744,2,2,5,17:57,-1,E07000214,4,0,1,0,2,"[19, 3, 13]",1,"[5, 4]",0,0,0,1,0,1,0,0,0,6,6
2024451452733,2024,451452733,486028,160230,-0.7665,51.33466,2,2,5,23:06,-1,E07000214,3,2,1,0,1,19,5,1,0,0,0,1,0,1,0,0,0,6,6
2024451452739,2024,451452739,490937,148303,-0.69908,51.22668,3,3,6,02:16,-1,E07000209,3,2,1,0,2,"[2, 19]","[0, 3]","[0, 7]","[0, 4]",0,0,1,0,0,0,0,0,6,7
2024451452823,2024,451452823,505342,164734,-0.48801,51.3719,3,3,5,15:55,-1,E07000212,6,0,2,1,1,"[19, 12]","[5, 1]","[1, 2]",0,"[0, 3]",0,1,0,1,0,0,0,5,30
2024451452886,2024,451452886,484683,144834,-0.78944,51.19646,3,3,5,14:50,-1,E07000216,6,0,1,0,1,1,0,7,0,0,0,1,0,0,0,0,1,6,6
2024451452942,2024,451452942,528429,148468,-0.16235,51.22097,3,3,5,11:00,-1,E07000211,6,0,8,0,2,1,3,7,0,0,0,1,0,0,0,0,1,6,6
2024451452967,2024,451452967,510015,170975,-0.41897,51.42711,3,3,5,15:29,-1,E07000213,6,0,1,0,1,"[2, 20]","[0, 3]","[0, 7]","[0, 4]",0,0,1,0,0,0,0,0,6,6
2024451453009,2024,451453009,506417,172760,-0.47017,51.44384,3,3,6,10:35,-1,E07000213,3,0,1,0,1,19,1,5,0,0,0,0,1,0,1,0,0,6,7
2024451453026,2024,451453026,521690,162730,-0.25395,51.35063,3,3,6,05:37,-1,E07000208,4,0,9,0,1,19,-1,-1,0,0,0,1,0,0,0,0,1,6,7
2024451453170,2024,451453170,501555,146889,-0.54747,51.21219,3,3,5,08:00,-1,E07000209,3,0,1,0,2,"[6, 14]",2,"[8, 5]",0,0,0,1,1,0,0,0,0,6,6
2024451453196,2024,451453196,507484,144810,-0.46324,51.19241,3,3,1,22:30,-1,E07000209,6,2,1,0,2,19,1,5,0,0,0,1,0,0,0,0,0,6,2
2024451453220,2024,451453220,514120,160452,-0.36333,51.33172,2,2,7,08:30,-1,E07000207,6,0,1,0,1,"[9, 19]","[8, 6]","[2, 6]",0,0,0,1,1,0,0,0,0,6,8
2024451453271,2024,451453271,488975,154902,-0.72553,51.28632,3,3,7,09:57,-1,E07000214,4,0,1,0,1,19,5,1,0,1,11,1,0,0,0,0,0,6,8
2024451453349,2024,451453349,521064,143505,-0.26944,51.17797,2,2,7,12:20,-1,E07000210,6,0,1,0,2,"[5, 19]","[3, 1]","[1, 5]",0,0,0,1,1,0,0,0,0,6,8
2024451453367,2024,451453367,482802,145855,-0.81612,51.20591,3,3,7,17:46,-1,E07000216,3,0,1,0,2,19,1,5,0,0,0,1,0,0,0,0,0,6,8
2024451453384,2024,451453384,495039,147373,-0.6406,51.21766,1,"[1, 2]",7,14:45,-1,E07000209,4,0,1,0,2,19,"[6, 2]","[2, 6]",0,"[0, 1]",0,1,0,0,0,0,0,6,8
2024451453442,2024,451453442,512309,169607,-0.38643,51.41437,1,1,7,22:58,-1,E07000213,3,2,1,0,2,19,"[3, 7]","[7, 3]",0,"[7, 0]",0,1,0,1,0,0,0,6,8
2024451453450,2024,451453450,533062,157115,-0.09284,51.29762,1,"[2, 1]",1,03:00,-1,E07000215,6,2,1,0,1,19,7,3,0,1,2,1,0,0,0,0,0,6,9
2024451453492,2024,451453492,514100,162467,-0.36297,51.34984,3,3,1,09:20,-1,E07000207,3,0,1,0,2,19,"[5, 2]","[1, 6]",0,0,0,1,1,0,0,0,0,6,9
2024451453552,2024,451453552,501743,159208,-0.54128,51.32289,3,3,7,12:51,-1,E07000217,6,0,1,0,1,5,2,6,0,0,0,1,0,0,0,0,1,6,8
2024451453570,2024,451453570,500401,157510,-0.56101,51.30786,3,3,6,18:10,-1,E07000217,3,0,1,0,1,5,3,7,0,0,0,1,0,0,0,0,1,6,7
2024451453598,2024,451453598,514793,143475,-0.35912,51.17899,2,2,1,15:50,-1,E07000210,6,0,1,0,2,19,8,4,0,0,0,0,1,0,0,0,0,6,9
2024451453621,2024,451453621,523576,152698,-0.23035,51.26006,3,3,1,19:54,-1,E07000211,1,0,1,0,2,19,3,7,0,0,0,1,0,0,1,0,0,6,9
2024451453657,2024,451453657,487185,158466,-0.75032,51.31863,3,3,4,08:17,-1,E07000214,1,0,1,0,1,19,1,5,0,0,0,1,0,0,0,0,0,6,5
2024451453667,2024,451453667,509736,166414,-0.4244,51.38617,3,3,1,17:20,-1,E07000207,3,0,1,0,1,"[19, 1]","[3, 7]","[7, 3]",0,0,0,1,0,0,0,0,0,6,9
2024451453795,2024,451453795,514910,166638,-0.35,51.38716,3,3,1,12:45,-1,E07000207,4,0,1,0,1,"[10, 19]",1,5,0,0,0,1,1,0,0,0,0,6,9
2024451453865,2024,451453865,507352,167871,-0.4582,51.39972,3,3,2,11:05,-1,E07000213,4,0,1,0,2,19,4,8,0,0,0,1,0,0,0,0,1,6,10
2024451453898,2024,451453898,523937,158182,-0.22328,51.30927,3,3,7,18:02,-1,E07000211,3,0,1,0,2,"[13, 19]",1,3,0,0,0,1,0,1,0,0,0,6,8
2024451453960,2024,451453960,514192,154480,-0.36421,51.27803,3,3,2,11:30,-1,E07000210,3,0,1,0,1,"[7, 19]",5,1,0,0,0,1,0,0,0,1,0,6,10
2024451454101,2024,451454101,507261,158307,-0.46239,51.31378,3,3,2,18:37,-1,E07000209,3,0,1,0,2,19,"[6, 1]","[2, 1]",0,0,0,1,0,1,0,0,0,6,10
2024451454175,2024,451454175,495983,145399,-0.62761,51.19975,3,3,3,07:40,-1,E07000216,6,0,1,0,1,"[5, 14]",-1,-1,"[99, 0]",0,0,1,1,0,0,0,0,6,11
2024451454176,2024,451454176,501986,158327,-0.53804,51.31492,2,2,2,14:20,-1,E07000217,6,0,1,0,1,"[9, 19]","[4, 5]","[5, 1]",0,0,0,1,0,1,0,0,0,6,10
2024451454187,2024,451454187,528745,152695,-0.15631,51.25889,2,2,1,17:05,-1,E07000211,3,0,1,0,1,"[13, 19]","[7, 3]","[3, 7]","[7, 0]",0,0,1,0,1,0,0,0,6,9
2024451454199,2024,451454199,486673,148690,-0.76004,51.23083,3,3,2,16:30,-1,E07000216,6,0,1,0,1,19,2,1,0,0,0,1,1,0,0,0,0,6,10
2024451454304,2024,451454304,489182,158926,-0.72156,51.32246,3,3,2,16:35,-1,E07000214,4,0,1,1,1,19,"[3, 1]","[7, 3]",0,0,0,1,0,1,0,0,0,6,10
2024451454320,2024,451454320,511975,161695,-0.39372,51.34332,3,3,4,08:22,-1,E07000207,3,0,1,0,1,"[19, 5]","[2, 4]","[6, 8]",0,0,0,1,1,0,0,0,0,6,5
2024451454516,2024,451454516,515344,163594,-0.34475,51.35972,3,3,3,17:58,-1,E07000207,6,0,1,0,1,"[9, 19]","[6, 1]","[2, 5]",0,"[0, 3]",0,1,0,0,0,0,0,6,11
2024451454518,2024,451454518,512157,165506,-0.3899,51.37754,3,3,6,08:37,-1,E07000207,6,0,1,0,1,19,"[5, 3]","[1, 7]",0,0,0,1,1,0,0,0,0,6,7
2024451454542,2024,451454542,487021,147965,-0.75523,51.22426,3,3,3,20:19,-1,E07000216,3,0,1,0,2,"[19, 11]","[5, 3]","[1, 3]",0,"[1, 0]",0,1,0,0,0,0,0,6,11
2024451454560,2024,451454560,500347,158045,-0.56163,51.31268,2,2,3,23:21,-1,E07000217,3,2,1,0,1,19,5,1,0,"[0, 7]",0,0,0,1,1,0,0,6,11
2024451454589,2024,451454589,523845,156150,-0.2253,51.29103,3,3,2,18:05,-1,E07000211,6,2,1,0,1,4,6,1,0,0,0,1,0,0,0,0,0,2,12
2024451454590,2024,451454590,540671,152693,0.01449,51.25606,3,3,3,07:40,-1,E07000215,3,0,1,0,1,"[13, 6]",3,7,0,0,0,1,0,1,0,0,0,4,16
2024451454842,2024,451454842,509837,164708,-0.42347,51.37082,3,3,4,06:30,-1,E07000207,3,0,1,0,1,"[5, 19]","[1, 7]","[4, 3]",0,0,0,1,1,0,0,0,0,6,12
2024451454902,2024,451454902,516222,156777,-0.33437,51.29827,3,3,4,08:30,-1,E07000210,3,0,1,0,1,19,7,3,0,1,0,1,0,0,0,0,0,6,12
2024451455098,2024,451455098,482831,145935,-0.81568,51.20663,3,3,4,08:50,-1,E07000216,3,0,1,0,2,"[15, 11]","[1, 7]","[5, 3]",0,0,0,1,0,1,0,0,0,6,12
2024451455128,2024,451455128,515152,166720,-0.3465,51.38785,3,3,5,07:25,-1,E07000207,3,0,1,0,1,4,4,1,0,0,0,1,0,0,0,0,0,6,13
2024451455265,2024,451455265,494014,153687,-0.65361,51.27459,2,2,4,18:52,-1,E07000209,3,0,1,0,2,19,"[5, 2]","[1, 6]",0,0,0,1,0,1,0,0,0,6,12
2024451455329,2024,451455329,504429,149249,-0.50565,51.23288,3,3,4,19:06,-1,E07000209,3,0,1,0,2,"[10, 19]",1,"[6, 5]","[0, 7]","[0, 7, 1]",0,1,0,1,0,0,0,6,12
2024451455335,2024,451455335,535843,146754,-0.0569,51.20385,3,3,5,11:44,-1,E07000215,3,0,1,0,2,19,1,1,0,0,0,1,0,0,0,0,0,6,13
2024451455384,2024,451455384,503455,166200,-0.51469,51.38543,3,3,5,08:00,-1,E07000212,3,0,9,0,1,"[13, 9]",1,3,0,0,0,1,0,1,0,0,0,6,13
2024451455469,2024,451455469,512114,169146,-0.38937,51.41026,3,3,5,19:05,-1,E07000213,6,0,2,1,2,"[19, 7]",7,3,0,0,0,1,0,0,0,0,0,6,13
2024451455470,2024,451455470,492440,140691,-0.67952,51.15801,3,3,3,14:20,-1,E07000216,3,0,1,0,2,19,2,6,0,2,7,1,0,0,0,0,0,6,11
2024451455502,2024,451455502,506859,172914,-0.46377,51.44514,2,"[2, 3]",5,06:10,-1,E07000213,6,0,1,0,2,"[19, 5]","[3, 5]","[7, 2]",0,1,"[11, 1]",1,0,0,0,0,0,6,13
2024451455503,2024,451455503,515065,168195,-0.34727,51.40113,3,3,5,17:30,-1,E07000207,4,0,2,1,1,19,"[7, 3]","[3, 7]",0,0,0,1,0,0,0,0,0,6,13
2024451455505,2024,451455505,507497,171407,-0.45505,51.43148,3,3,5,17:40,-1,E07000213,4,0,2,1,1,"[7, 4]",3,7,0,0,0,1,1,0,0,0,0,6,13
2024451455515,2024,451455515,523383,158195,-0.23122,51.3095,3,3,5,20:35,-1,E07000211,4,0,2,1,1,"[2, 19]","[7, 3]","[3, 7]",0,0,0,1,0,0,0,0,0,6,13
2024451455533,2024,451455533,514596,166385,-0.35459,51.38495,3,3,5,22:35,-1,E07000207,4,2,2,1,1,"[5, 19]","[7, 1]","[3, 5]",0,"[0, 1]","[0, 11]",1,0,0,0,0,0,6,13
2024451455636,2024,451455636,486675,160498,-0.75715,51.33698,2,2,4,14:00,-1,E07000214,3,0,1,0,1,"[19, 13]",7,3,99,"[0, 7]","[0, 99]",1,0,1,0,0,0,6,12
2024451455651,2024,451455651,504521,172351,-0.49756,51.44052,3,3,6,09:30,-1,E07000213,3,0,1,0,2,19,"[1, 5]","[5, 1]",0,0,0,1,0,0,1,0,0,6,14
2024451455736,2024,451455736,504773,164911,-0.49613,51.3736,3,3,5,17:55,-1,E07000212,6,0,2,1,1,"[9, 19]","[3, 1]","[7, 5]",0,0,0,1,0,1,0,0,0,6,13
2024451455755,2024,451455755,514557,165375,-0.35548,51.37588,3,3,1,13:45,-1,E07000207,3,0,9,-1,1,19,6,2,0,"[0, 1]",0,1,1,0,0,0,0,6,9
2024451455766,2024,451455766,526778,152838,-0.18444,51.26061,3,3,5,09:30,-1,E07000211,6,0,1,0,2,19,7,3,0,0,0,1,0,0,0,0,0,6,13
2024451455874,2024,451455874,525663,149128,-0.20171,51.22752,3,3,6,17:00,-1,E07000211,3,0,1,0,1,"[10, 14]","[6, 3]","[2, 7]",0,0,0,1,0,1,0,0,0,6,14
2024451455883,2024,451455883,506407,139872,-0.48011,51.14823,3,3,6,15:22,-1,E07000216,6,0,1,0,1,"[7, 19]","[1, 5]","[5, 1]",0,"[2, 0]","[10, 0]",1,0,0,0,0,0,6,14
2024451455890,2024,451455890,517015,150850,-0.32494,51.24483,3,3,6,16:05,-1,E07000210,3,0,1,0,2,19,"[3, 1]","[1, 5]",0,0,0,1,0,1,0,0,0,6,14
2024451455930,2024,451455930,510161,163552,-0.41918,51.36037,3,3,6,18:15,-1,E07000207,6,0,1,0,1,19,5,1,0,0,0,1,0,0,0,0,0,6,14
2024451455934,2024,451455934,528115,151673,-0.1657,51.24985,3,3,6,20:00,-1,E07000211,3,0,1,0,1,"[9, 13]","[3, 5]","[5, 1]",0,0,0,1,0,1,0,0,0,6,14
2024451455942,2024,451455942,515063,165703,-0.34811,51.37873,2,2,6,15:53,-1,E07000207,3,0,1,0,1,"[19, 11]","[5, 1]","[2, 1]",0,0,0,1,0,0,0,0,0,6,14
2024451455958,2024,451455958,489624,148255,-0.71789,51.22646,2,2,5,07:25,-1,E07000209,3,0,1,0,2,"[13, 12]",7,3,0,0,0,1,0,1,0,0,0,6,13
2024451456018,2024,451456018,515948,158716,-0.33767,51.31575,2,"[3, 2]",7,02:21,-1,E07000210,1,2,2,1,1,19,"[4, 6, 5]","[8, 2, 1]",0,0,0,1,0,0,0,0,0,6,15
2024451456041,2024,451456041,530920,145987,-0.12761,51.19811,3,3,7,07:12,-1,E07000215,1,0,1,0,2,19,5,1,0,"[0, 2]","[0, 7]",1,0,0,0,0,0,6,15
2024451456114,2024,451456114,517817,150083,-0.31371,51.23777,3,3,6,16:55,-1,E07000210,6,0,1,0,1,"[3, 19, 4]",7,3,0,0,0,1,0,0,0,0,0,6,14
2024451456120,2024,451456120,520239,160688,-0.27546,51.33258,3,3,6,18:36,-1,E07000208,6,0,1,0,1,"[19, 2]","[5, 0]","[1, 0]",0,0,0,1,0,0,0,0,0,6,14
2024451456182,2024,451456182,506686,164817,-0.46869,51.3724,3,3,7,15:40,-1,E07000212,3,0,1,1,2,19,3,7,0,0,0,1,0,0,0,0,1,6,15
2024451456204,2024,451456204,513572,164194,-0.37,51.36546,2,2,7,15:26,-1,E07000207,3,0,1,0,1,19,"[6, 3]","[2, 7]",0,"[1, 0]",0,1,0,0,0,0,0,6,15
2024451456290,2024,451456290,536068,151832,-0.05176,51.24943,3,3,1,00:56,-1,E07000215,3,2,8,1,2,"[6, 19]",5,1,0,"[8, 0]","[4, 0]",1,0,0,0,1,0,6,16
2024451456291,2024,451456291,488525,157260,-0.7314,51.30758,3,3,1,00:25,-1,E07000214,4,2,1,0,1,7,2,6,0,7,7,1,0,0,0,0,0,6,16
2024451456311,2024,451456311,509376,171088,-0.42813,51.42825,2,2,5,21:55,-1,E07000213,6,2,1,0,1,"[19, 9]","[5, 1]","[1, 7]",0,0,0,1,0,1,0,0,0,5,30
2024451456510,2024,451456510,523200,160082,-0.23319,51.3265,3,3,1,21:31,-1,E07000211,3,0,1,0,1,"[9, 19]","[8, 1]","[6, 5]",0,0,0,1,0,1,0,0,0,6,16
2024451456559,2024,451456559,528587,142895,-0.16209,51.17085,3,3,1,00:10,-1,E07000211,6,2,1,0,1,9,1,3,0,0,0,1,0,0,0,0,1,6,16
2024451456564,2024,451456564,528154,146485,-0.167,51.20321,2,2,1,09:08,-1,E07000211,3,0,1,0,1,19,5,1,0,1,10,1,0,0,0,0,0,6,16
2024451456602,2024,451456602,496887,163666,-0.60973,51.36381,3,3,2,22:15,-1,E07000214,4,2,1,0,2,"[19, 9]","[3, 7]",3,0,0,0,1,0,0,0,0,0,3,18
2024451456706,2024,451456706,513927,164710,-0.36474,51.37003,3,3,7,12:00,-1,E07000207,3,0,1,1,1,"[12, 19]",6,2,0,0,0,1,1,0,0,0,0,6,15
2024451456763,2024,451456763,498138,150274,-0.59545,51.24321,2,2,2,13:00,-1,E07000209,6,0,1,0,1,"[11, 19]",5,"[7, 1]",99,0,0,1,0,0,0,0,0,5,20
2024451456806,2024,451456806,506082,160475,-0.47866,51.33348,3,3,1,17:57,-1,E07000217,6,0,1,0,1,"[2, 19, 7]","[0, 1, 3]","[0, 5, 1]",0,0,0,1,0,0,0,0,0,6,16
2024451456882,2024,451456882,522265,163163,-0.24555,51.3544,2,2,2,17:53,-1,E07000208,3,0,1,0,1,19,1,4,0,0,0,1,1,0,0,0,0,6,17
2024451456933,2024,451456933,501018,167135,-0.54943,51.39427,3,3,2,14:35,-1,E07000212,6,0,1,0,2,7,3,5,10,0,0,1,0,0,0,0,0,6,17
2024451456955,2024,451456955,504856,164820,-0.49497,51.37277,3,3,3,07:13,-1,E07000212,6,0,1,0,1,"[2, 19]",1,3,99,0,0,1,0,0,0,0,0,6,18
2024451457049,2024,451457049,514741,165535,-0.35278,51.37728,2,2,1,02:35,-1,E07000207,4,2,1,0,1,"[10, 19]","[3, 1]","[7, 3]",0,0,0,0,0,1,1,0,0,6,16
2024451457103,2024,451457103,497290,156425,-0.60592,51.29865,3,3,3,07:55,-1,E07000217,6,0,1,0,2,"[2, 19]","[3, 7, 1]","[7, 3, 5]",0,0,0,1,0,0,0,0,0,6,18
2024451457115,2024,451457115,495745,137840,-0.63303,51.13184,3,3,3,08:00,-1,E07000216,3,0,1,0,2,"[19, 5]","[7, 1]","[3, 5]",0,0,0,1,0,1,0,0,0,6,18
2024451457122,2024,451457122,510982,157617,-0.40924,51.30686,3,3,3,08:26,-1,E07000207,1,0,1,0,2,"[19, 99]",7,3,"[0, 99]",0,0,1,0,0,1,0,0,6,18
2024451457140,2024,451457140,526331,149635,-0.19197,51.23193,2,"[2, 3]",2,16:37,-1,E07000211,6,0,1,0,1,"[19, 7]","[8, 3]","[4, 7]",0,0,0,1,0,0,0,0,0,6,10
2024451457149,2024,451457149,528745,155820,-0.15519,51.28697,3,3,3,13:00,-1,E07000211,6,0,1,0,1,19,3,7,0,0,0,1,0,0,0,0,0,6,18
2024451457171,2024,451457171,490324,132648,-0.71178,51.08605,3,3,4,18:27,-1,E07000216,6,0,1,0,1,6,1,5,0,0,0,1,0,0,0,0,1,6,12
2024451457237,2024,451457237,501635,171773,-0.53924,51.43585,3,3,3,13:20,-1,E07000212,3,0,1,0,1,"[19, 3]",5,1,0,0,0,1,0,0,0,0,0,6,18
2024451457243,2024,451457243,514227,162433,-0.36116,51.34951,3,3,3,15:30,-1,E07000207,3,0,1,0,2,"[5, 19]","[1, 5]","[5, 1]",0,0,0,1,0,0,0,0,0,6,18
2024451457331,2024,451457331,507950,170481,-0.44882,51.42307,3,3,2,20:24,-1,E07000213,3,0,1,0,1,19,7,3,0,0,0,1,0,0,0,0,0,6,17
2024451457354,2024,451457354,499810,166686,-0.56691,51.39045,2,2,6,10:50,-1,E07000212,1,0,1,0,2,"[4, 19, -1]","[7, 3, -1]","[3, 7, -1]","[0, -1]","[0, -1]",0,1,0,0,0,0,0,6,14
2024451457374,2024,451457374,514598,164223,-0.35526,51.36552,3,3,3,23:15,-1,E07000207,6,2,1,0,1,"[19, 2]","[1, 0]","[5, 0]","[4, 0]","[0, 1]",0,1,0,0,0,0,0,6,18
2024451457483,2024,451457483,500392,157518,-0.56113,51.30793,3,3,3,16:40,-1,E07000217,3,0,1,0,1,"[8, 19]","[5, 1]","[7, 5]",0,0,0,1,1,0,0,0,0,6,18
2024451457494,2024,451457494,494491,141243,-0.65005,51.16264,3,3,3,15:00,-1,E07000216,3,0,8,0,2,"[3, 19]","[5, 7]","[1, 3]",0,0,0,1,0,0,0,0,0,6,18
2024451457531,2024,451457531,520738,160085,-0.26851,51.32706,3,3,4,10:11,-1,E07000208,6,0,1,0,1,19,5,1,0,1,4,1,0,0,0,0,0,6,19
2024451457622,2024,451457622,501307,157049,-0.54815,51.30356,2,2,4,10:05,-1,E07000217,6,0,1,0,1,"[2, 19]","[0, 1]","[0, 5]",0,0,0,1,0,1,0,0,0,6,19
2024451457649,2024,451457649,506041,172608,-0.47562,51.44255,2,2,3,18:43,-1,E07000213,3,2,2,1,2,"[4, 19]",7,3,0,0,0,1,0,1,0,0,0,3,26
2024451457658,2024,451457658,525595,159793,-0.19894,51.32338,3,3,2,12:30,-1,E07000211,6,0,1,0,1,"[1, 3]",8,4,0,0,0,1,0,1,0,0,0,6,17
2024451457667,2024,451457667,504590,160959,-0.49992,51.33811,3,3,3,15:00,-1,E07000217,3,0,1,0,1,"[19, 4]","[3, 7]","[7, 3]",0,0,0,1,0,0,1,0,0,6,18
2024451457698,2024,451457698,502082,160732,-0.53598,51.33652,3,3,4,15:40,-1,E07000217,3,0,2,0,1,"[9, 19]",6,2,"[10, 0]","[1, 0]",0,1,0,0,0,1,0,6,19
2024451457762,2024,451457762,513411,163826,-0.37243,51.36219,3,3,2,17:41,-1,E07000207,3,0,1,0,1,"[19, 10]",6,3,0,0,0,1,0,0,0,0,0,6,17
2024451457779,2024,451457779,501769,159531,-0.54081,51.32579,3,3,6,11:30,-1,E07000217,6,0,1,0,1,19,2,6,0,0,0,1,0,0,0,0,1,6,7
2024451457792,2024,451457792,520064,164402,-0.27672,51.366,3,3,4,16:30,-1,E07000208,6,0,1,0,1,19,6,8,0,0,0,1,0,0,0,0,1,6,19
2024451457803,2024,451457803,501842,160605,-0.53946,51.33543,3,3,4,20:29,-1,E07000217,3,0,1,0,2,19,6,2,0,0,0,1,0,0,0,0,0,6,19
2024451457878,2024,451457878,531004,143408,-0.12735,51.17491,2,2,3,13:35,-1,E07000215,5,0,1,0,2,"[19, 15]","[3, 7]","[7, 3]",0,"[1, 0]",0,1,0,0,0,0,0,6,18
2024451457894,2024,451457894,532753,145508,-0.10157,51.19338,3,3,2,18:00,-1,E07000215,6,0,8,0,2,19,3,5,0,0,0,1,0,0,0,0,1,6,17
2024451457933,2024,451457933,497967,146056,-0.59905,51.20532,2,2,5,08:40,-1,E07000209,6,0,1,0,2,"[9, 19]","[7, 3]","[3, 7]",0,0,0,1,1,0,0,0,0,6,20
2024451457946,2024,451457946,518393,145214,-0.30707,51.19389,2,2,5,07:26,-1,E07000210,6,0,1,0,2,19,"[5, 1]","[1, 5]",0,0,0,1,0,0,0,1,0,6,20
2024451458029,2024,451458029,500487,158997,-0.55936,51.32121,3,3,5,10:55,-1,E07000217,3,0,8,0,1,"[11, 19]","[2, 1]","[6, 5]",0,0,0,1,0,1,0,0,0,6,20
2024451458076,2024,451458076,503016,150802,-0.52544,51.2471,3,3,3,09:42,-1,E07000209,3,0,1,0,2,19,"[5, 1]",3,0,0,0,0,0,1,1,0,0,6,18
2024451458079,2024,451458079,517258,148903,-0.3221,51.22728,3,3,2,13:30,-1,E07000210,3,0,1,0,2,"[6, 19]",5,1,0,"[0, 1]",0,1,0,0,0,0,0,6,17
2024451458087,2024,451458087,503461,164913,-0.51498,51.37386,3,3,5,16:02,-1,E07000212,3,0,1,0,2,"[11, 19]","[4, 6]",2,0,0,0,1,0,0,0,0,0,6,20
2024451458094,2024,451458094,493240,161952,-0.66255,51.34901,3,3,5,16:45,-1,E07000214,6,0,1,0,2,"[19, 9]","[3, 5]","[7, 1]",0,0,0,1,0,0,0,0,0,6,20
2024451458142,2024,451458142,495231,158906,-0.63478,51.3213,3,3,1,10:55,-1,E07000214,6,0,1,0,2,99,6,2,0,0,0,1,0,0,0,0,0,6,16
2024451458161,2024,451458161,528760,155553,-0.15507,51.28457,3,3,5,15:00,-1,E07000211,3,0,1,0,1,19,"[5, 1]","[1, 5]","[10, 0]","[6, 0]",0,1,0,0,0,0,0,6,20
2024451458264,2024,451458264,487084,160667,-0.75123,51.33843,3,3,6,08:29,-1,E07000214,6,0,1,0,1,9,4,8,0,0,0,1,0,0,0,0,1,6,21
2024451458304,2024,451458304,498922,146186,-0.58535,51.20633,3,3,6,09:00,-1,E07000209,4,0,1,0,2,19,"[1, 5]","[5, 1]",0,"[7, 0]",0,1,0,1,0,0,0,6,21
2024451458331,2024,451458331,524065,143520,-0.22652,51.17746,3,3,6,07:30,-1,E07000210,6,0,8,0,2,19,5,1,0,0,0,1,1,0,0,0,0,6,21
2024451458348,2024,451458348,499611,150459,-0.5743,51.24462,3,3,5,20:15,-1,E07000209,6,0,1,0,1,"[5, 19]",3,"[8, 7]",0,0,0,1,1,0,0,0,0,6,20
2024451458423,2024,451458423,529318,152527,-0.14817,51.25725,3,3,6,08:32,-1,E07000211,6,0,1,0,1,"[2, 19]","[0, 8]","[0, 4]",0,0,0,1,0,0,0,0,1,6,21
2024451458447,2024,451458447,499366,154774,-0.57661,51.28345,3,3,6,14:10,-1,E07000217,3,0,1,0,2,"[4, 2, 19]","[1, 5]","[5, 1]",0,0,0,1,0,0,0,0,0,6,21
2024451458499,2024,451458499,504748,174317,-0.49372,51.45815,3,3,6,09:20,-1,E07000213,3,0,1,0,2,"[12, 4]",1,5,0,0,0,1,0,0,1,0,0,6,21
2024451458522,2024,451458522,515561,156158,-0.34405,51.29284,3,3,6,17:30,-1,E07000210,6,0,1,0,2,"[5, 19]","[7, 5]",3,0,0,0,1,1,0,0,0,0,6,21