collision_index,collision_year,collision_ref_no,location_easting_osgr,location_northing_osgr,longitude,latitude,casualty_severity,casualty_severity,day_of_week,time,local_authority_district,local_authority_ons_district,first_road_class,light_conditions,weather_conditions,road_surface_conditions,urban_or_rural_area,vehicle_manoeuvre,vehicle_direction_from,vehicle_direction_to,hit_object_in_carriageway,vehicle_leaving_carriageway,hit_object_off_carriageway,is_car,is_cyle,is_mcyle,is_goodsv,is_other,is_pedestrian,month,day
2024451458525,2024,451458525,496367,151085,-0.62059,51.2508,3,3,6,16:30,-1,E07000209,6,0,8,0,2,"[2, 19]","[1, 3]","[3, 1]","[0, 10]","[0, 7]",0,1,0,1,0,0,0,6,21
2024451458615,2024,451458615,531853,145313,-0.11451,51.19184,2,2,6,21:20,-1,E07000215,6,0,1,0,2,19,7,3,0,0,0,1,0,0,0,0,0,6,21
2024451458668,2024,451458668,501363,160345,-0.54641,51.33317,3,3,6,16:25,-1,E07000217,6,0,1,0,2,"[19, 4]","[5, 3]","[1, 7]",0,0,0,1,0,0,0,0,0,6,21
2024451458719,2024,451458719,486263,160323,-0.7631,51.33547,3,3,7,11:52,-1,E07000214,3,0,1,0,1,"[7, 19]","[7, 1]","[3, 5]",0,0,0,1,1,0,0,0,0,6,22
2024451458826,2024,451458826,502857,144319,-0.52957,51.18885,3,3,7,16:30,-1,E07000216,4,0,1,0,2,"[19, 4]","[4, 5]","[5, 4]","[99, 0]",0,0,1,0,0,1,0,0,6,22
2024451458843,2024,451458843,535307,150251,-0.06325,51.23541,2,2,7,15:50,-1,E07000215,6,0,1,0,2,19,7,3,0,0,0,0,1,0,0,0,0,6,22
2024451458890,2024,451458890,498023,142458,-0.59923,51.17297,3,3,6,19:27,-1,E07000216,6,0,1,0,2,"[19, 5]","[1, 5]","[5, 1]",0,"[0, 1]",0,1,1,0,0,0,0,6,21
2024451458891,2024,451458891,489597,145930,-0.71886,51.20556,2,"[3, 2]",6,14:50,-1,E07000209,6,0,1,0,2,19,"[5, 4]","[1, 8]",0,"[7, 0]","[3, 0]",1,0,0,0,0,0,6,21
2024451458902,2024,451458902,509470,170111,-0.42708,51.41945,3,3,7,14:50,-1,E07000213,6,0,1,0,1,"[2, 1]","[0, 7]","[0, 3]",0,0,0,1,0,0,0,0,0,6,22
2024451458945,2024,451458945,525378,161595,-0.20142,51.33963,2,"[3, 2]",7,22:30,-1,E07000211,4,2,1,0,1,"[19, 4]","[1, 6]","[5, 6]",0,"[0, 3]",0,1,0,0,0,0,0,6,22
2024451458951,2024,451458951,486911,143641,-0.75785,51.1854,3,3,7,23:37,-1,E07000216,6,2,1,0,2,19,1,5,0,2,4,1,0,0,0,0,0,6,22
2024451458952,2024,451458952,527988,147014,-0.16918,51.208,2,2,1,02:56,-1,E07000211,3,2,1,0,2,19,"[5, 7]","[1, 3]",0,0,0,1,0,0,0,0,0,6,23
2024451458988,2024,451458988,501250,137616,-0.55444,51.12888,2,2,1,09:28,-1,E07000216,6,0,1,0,2,7,8,6,0,0,0,0,1,0,0,0,0,6,23
2024451459068,2024,451459068,490460,161530,-0.70256,51.34566,3,3,1,14:20,-1,E07000214,1,0,1,0,2,"[19, 12]",1,5,0,0,0,1,0,0,0,1,0,6,23
2024451459078,2024,451459078,506226,160612,-0.47655,51.33469,3,3,6,17:45,-1,E07000217,6,0,1,0,1,"[3, 2]",1,7,0,0,0,1,0,0,1,0,0,6,14
2024451459127,2024,451459127,492593,163008,-0.67156,51.35861,2,2,1,17:30,-1,E07000214,1,0,1,0,2,"[3, 4, 12]",7,3,0,0,0,1,0,0,0,0,0,6,23
2024451459201,2024,451459201,540543,148350,0.01096,51.21706,2,"[3, 2]",1,18:57,-1,E07000215,6,0,1,0,2,19,"[7, 3]","[3, 7]",0,"[0, 1]","[0, 9]",1,0,0,0,0,0,6,23
2024451459352,2024,451459352,489891,162036,-0.7106,51.3503,2,2,6,14:35,-1,E07000214,3,0,1,0,2,3,1,5,0,0,0,0,0,0,1,0,0,6,21
2024451459379,2024,451459379,504946,163089,-0.49419,51.35719,3,3,2,08:23,-1,E07000212,1,0,1,0,1,19,5,1,0,0,0,1,0,0,0,0,0,6,24
2024451459494,2024,451459494,516362,165386,-0.32955,51.37561,3,3,2,08:38,-1,E07000207,6,0,1,0,1,"[19, 3]",5,1,0,0,0,1,1,0,0,0,0,6,17
2024451459549,2024,451459549,505433,164872,-0.48667,51.37313,3,3,2,13:12,-1,E07000212,6,0,1,0,1,"[19, 9]",1,3,0,0,0,1,0,0,0,0,0,6,24
2024451459561,2024,451459561,509031,164494,-0.43511,51.36905,3,3,2,16:15,-1,E07000207,6,0,1,0,1,"[4, 13]",3,7,0,0,0,1,0,1,0,0,0,6,24
2024451459613,2024,451459613,515207,167891,-0.34533,51.39836,3,3,2,17:18,-1,E07000207,6,0,1,0,1,"[2, 19]","[0, 7]","[0, 3]","[4, 0]",0,0,1,0,0,0,0,0,6,24
2024451459621,2024,451459621,535491,143794,-0.06305,51.17734,2,2,2,19:31,-1,E07000215,6,0,1,0,2,"[19, 7]","[7, 3]","[3, 7]",0,0,0,1,1,0,0,0,0,6,24
2024451459700,2024,451459700,498524,167020,-0.5853,51.39367,2,2,3,08:25,-1,E07000212,6,0,1,0,1,19,1,5,0,1,4,0,1,0,0,0,0,6,25
2024451459713,2024,451459713,541367,154193,0.02505,51.26936,3,3,7,12:52,-1,E07000215,1,0,1,0,2,19,7,3,0,0,0,1,0,0,0,0,0,6,22
2024451459738,2024,451459738,532648,150779,-0.10112,51.24078,3,3,3,11:15,-1,E07000215,3,0,1,0,2,"[19, 2]","[3, 0]","[7, 0]",0,0,0,1,0,0,0,0,0,4,30
2024451459740,2024,451459740,504264,164612,-0.50353,51.37101,3,3,3,22:30,-1,E07000212,1,0,2,0,1,"[19, 2]",5,1,0,0,0,1,0,0,0,0,0,4,23
2024451459751,2024,451459751,524789,160276,-0.21033,51.3279,3,3,2,15:20,-1,E07000211,3,0,1,0,1,"[11, 3]",3,7,0,0,0,1,0,0,0,0,0,4,29
2024451459752,2024,451459752,517056,152076,-0.32395,51.25584,3,3,3,15:00,-1,E07000210,3,0,1,0,2,"[5, 19]","[3, 5]",1,0,0,0,1,0,1,0,0,0,4,30
2024451459756,2024,451459756,525020,151631,-0.21004,51.25015,2,2,4,17:55,-1,E07000211,6,0,1,1,1,2,"[1, 0]","[5, 0]","[4, 0]",0,0,1,0,0,0,0,0,5,1
2024451459758,2024,451459758,501011,159360,-0.55174,51.32438,3,3,4,13:33,-1,E07000217,6,0,1,0,1,"[7, 19]","[1, 6]","[5, 2]",0,0,0,1,0,1,0,0,0,4,24
2024451459762,2024,451459762,529377,151889,-0.14755,51.2515,2,2,7,15:40,-1,E07000211,6,0,1,0,1,19,1,5,0,7,2,1,0,0,0,0,0,4,13
2024451459773,2024,451459773,485679,159776,-0.77161,51.33064,3,3,5,10:30,-1,E07000214,3,0,1,0,1,"[19, 9]",1,5,0,0,0,1,0,0,0,0,0,5,2
2024451459794,2024,451459794,527217,151789,-0.17852,51.25109,2,"[3, 2]",6,11:40,-1,E07000211,3,0,2,1,1,19,3,7,0,"[0, 1]","[0, 4]",1,0,0,0,0,0,5,3
2024451459800,2024,451459800,527353,143441,-0.17953,51.17603,2,2,6,16:40,-1,E07000211,6,0,1,0,1,19,"[3, 1]","[7, 6]",0,0,0,1,1,0,0,0,0,5,3
2024451459808,2024,451459808,496843,143904,-0.61571,51.18617,2,2,6,21:15,-1,E07000216,6,2,1,0,1,"[7, 2]","[3, 0]","[7, 0]","[10, 0]",0,0,1,0,0,0,0,1,5,3
2024451459820,2024,451459820,512616,166451,-0.38301,51.38594,3,3,7,20:23,-1,E07000207,6,0,1,0,2,"[19, 13]","[6, 2]","[2, 6]",0,0,0,1,0,1,0,0,0,5,4
2024451459838,2024,451459838,492846,161524,-0.66832,51.34523,3,3,2,16:00,-1,E07000214,4,0,1,0,2,19,5,3,11,1,4,1,0,0,0,0,0,5,27
2024451459841,2024,451459841,510522,161115,-0.41475,51.33839,3,3,3,17:29,-1,E07000207,3,0,1,1,2,19,5,1,0,0,0,1,0,0,0,0,0,5,28
2024451459864,2024,451459864,508475,164235,-0.44317,51.36683,3,3,3,08:40,-1,E07000207,6,0,1,0,1,9,8,2,0,0,0,1,0,0,0,0,1,6,25
2024451459896,2024,451459896,508139,166800,-0.44722,51.38995,3,3,2,20:00,-1,E07000213,4,0,1,0,1,19,1,3,0,"[0, 1]","[0, 2]",1,1,0,1,0,0,6,24
2024451459913,2024,451459913,485348,148302,-0.7791,51.22754,2,"[2, 3]",3,11:00,-1,E07000216,4,0,1,0,2,"[9, 19]","[3, 1]","[1, 5]",0,"[0, 7]","[0, 4]",1,0,0,0,0,0,6,25
2024451460051,2024,451460051,502736,138566,-0.53294,51.13716,3,3,5,20:22,-1,E07000216,4,2,5,1,2,"[19, 9]","[5, 1]","[2, 5]",0,0,0,1,0,0,0,0,0,4,4
2024451460160,2024,451460160,489354,132851,-0.72558,51.08802,3,3,3,19:00,-1,E07000216,4,0,1,0,1,19,"[7, 5]","[3, 1]",0,0,0,1,0,1,0,0,0,6,25
2024451460166,2024,451460166,507653,165338,-0.45464,51.3769,3,3,3,14:26,-1,E07000207,6,0,8,0,1,19,-1,-1,0,0,0,1,0,0,0,0,1,6,25
2024451460175,2024,451460175,496423,152818,-0.61932,51.26637,3,3,3,17:00,-1,E07000209,6,0,8,0,2,"[5, 19]","[1, 5]","[3, 8]",0,0,0,1,0,0,0,0,0,6,25
2024451460178,2024,451460178,536505,159827,-0.04245,51.32118,2,"[2, 3]",6,14:00,-1,E07000215,6,0,1,0,2,"[19, 13]",5,1,0,0,0,1,0,1,0,0,0,6,21
2024451460192,2024,451460192,524536,140993,-0.22066,51.15465,3,3,3,21:00,-1,E07000210,6,0,1,0,2,19,3,7,0,0,0,0,0,1,0,0,1,6,25
2024451460198,2024,451460198,501220,156967,-0.54942,51.30284,3,3,3,23:01,-1,E07000217,3,2,1,0,1,19,7,3,10,1,7,1,0,0,0,0,0,6,25
2024451460204,2024,451460204,520358,155803,-0.2754,51.28865,3,3,4,00:17,-1,E07000210,1,2,1,0,2,19,7,3,0,"[0, 1]","[0, 7]",1,0,0,0,0,0,6,26
2024451460227,2024,451460227,487118,158018,-0.75139,51.31461,3,3,4,02:06,-1,E07000214,6,2,1,0,1,19,1,5,11,3,10,1,0,0,0,0,0,6,26
2024451460256,2024,451460256,527821,156971,-0.16802,51.29753,3,3,7,16:45,-1,E07000211,6,0,1,0,1,19,1,5,0,0,0,1,0,0,0,0,0,6,8
2024451460431,2024,451460431,526473,151010,-0.18945,51.24425,3,3,3,11:35,-1,E07000211,3,0,1,0,1,"[5, 19]","[5, 7]","[1, 3]",0,0,0,1,1,0,0,0,0,6,25
2024451460519,2024,451460519,535605,158539,-0.05584,51.30982,3,3,3,11:00,-1,E07000215,4,0,1,0,1,"[10, 19]","[8, 3]","[6, 1]",0,0,0,1,0,0,1,0,0,6,25
2024451460595,2024,451460595,505398,155904,-0.48982,51.29252,2,2,4,12:59,-1,E07000209,3,0,8,0,2,"[5, 19]","[-1, 5]","[-1, 1]",0,0,0,1,0,0,0,0,0,6,26
2024451460604,2024,451460604,491997,143337,-0.68518,51.18187,3,3,6,12:40,-1,E07000216,4,0,1,0,2,9,8,4,0,0,0,1,0,0,0,0,0,6,21
2024451460622,2024,451460622,520258,163219,-0.27434,51.35533,3,3,4,17:44,-1,E07000208,4,0,8,0,2,"[3, 19]",3,7,0,0,0,1,0,0,0,0,0,6,26
2024451460637,2024,451460637,489147,150425,-0.72418,51.24604,3,3,3,14:58,-1,E07000209,3,0,1,0,1,"[3, 19, 4]","[3, 2]","[7, 6]",0,0,0,1,0,0,1,0,0,6,25
2024451460651,2024,451460651,529301,143655,-0.15161,51.17752,3,3,4,22:45,-1,E07000211,6,2,1,0,1,19,1,5,10,0,0,1,0,0,0,0,0,6,26
2024451460662,2024,451460662,505608,161474,-0.48516,51.34255,3,3,4,19:47,-1,E07000217,1,0,1,0,2,"[11, 19]","[1, 7]","[5, 3]",0,"[0, 1]","[0, 7]",1,0,0,1,0,0,6,26
2024451460802,2024,451460802,504442,149342,-0.50544,51.23371,3,3,5,09:15,-1,E07000209,6,0,9,0,2,"[9, 13]",1,1,0,0,0,1,1,0,0,0,0,6,27
2024451460950,2024,451460950,507470,164908,-0.4574,51.37307,3,3,5,12:20,-1,E07000207,3,0,1,0,1,"[19, 2]","[1, 6]","[4, 2]",0,0,0,1,0,1,0,0,0,6,27
2024451461007,2024,451461007,504964,158665,-0.49523,51.31742,3,3,5,14:00,-1,E07000217,6,0,1,0,2,"[19, 4]",5,1,0,0,0,1,0,0,0,0,0,6,27
2024451461013,2024,451461013,503968,160847,-0.50888,51.33722,3,3,5,15:30,-1,E07000217,6,0,1,0,1,19,5,1,0,0,0,0,1,0,0,0,0,6,27
2024451461052,2024,451461052,518826,158210,-0.29656,51.31061,3,3,5,07:50,-1,E07000210,6,0,1,0,1,19,4,8,0,0,0,1,0,0,0,0,1,6,27
2024451461145,2024,451461145,502401,163833,-0.53051,51.36434,2,2,5,16:46,-1,E07000212,6,0,1,0,1,"[2, 19]",1,1,"[8, 0]",0,0,1,0,0,0,0,0,6,27
2024451461187,2024,451461187,530274,155090,-0.13354,51.28007,3,3,6,07:44,-1,E07000211,4,0,1,0,2,19,7,3,0,0,0,1,0,0,0,0,0,6,28
2024451461344,2024,451461344,497461,143979,-0.60685,51.18674,3,3,6,11:53,-1,E07000216,6,0,1,0,1,"[3, 5]","[3, 7]","[7, 3]",0,"[1, 0]",0,1,0,0,0,0,0,6,28
2024451461361,2024,451461361,509826,166372,-0.42312,51.38578,2,2,7,01:25,-1,E07000207,3,2,1,0,1,19,"[7, 3]","[3, 7]",0,"[1, 7]","[0, 1]",1,0,0,0,0,0,6,22
2024451461373,2024,451461373,519337,161013,-0.2883,51.33569,3,3,6,17:00,-1,E07000208,4,0,1,0,2,"[9, 3]",1,5,0,0,0,1,0,0,0,0,0,6,28
2024451461379,2024,451461379,490892,159817,-0.6968,51.3302,3,3,6,16:20,-1,E07000214,4,0,1,0,2,"[19, 9]","[7, 3]","[3, 7]",0,"[1, 0]",0,1,0,0,0,0,0,6,28
2024451461431,2024,451461431,490208,161244,-0.70625,51.34313,3,3,1,13:50,-1,E07000214,1,0,1,0,2,19,7,3,0,0,0,1,0,0,1,0,0,6,23
2024451461516,2024,451461516,504419,170166,-0.49967,51.4209,3,3,6,12:53,-1,E07000213,4,0,1,0,1,"[19, 5]",7,3,0,0,0,1,0,1,0,0,0,6,28
2024451461629,2024,451461629,509082,165557,-0.43405,51.37859,2,2,5,12:05,-1,E07000207,3,0,1,0,1,19,1,3,0,0,0,1,0,0,0,0,1,6,27
2024451461630,2024,451461630,502086,163337,-0.53517,51.35994,3,3,4,10:15,-1,E07000212,3,0,1,0,2,"[9, 13]","[5, 1]","[3, 5]",0,0,0,1,0,1,0,0,0,6,26
2024451461690,2024,451461690,542973,140012,0.04241,51.14153,3,3,7,12:03,-1,E07000215,6,0,1,0,2,19,"[8, 3]","[3, 7]",0,0,0,1,0,0,0,0,0,6,29
2024451461698,2024,451461698,524520,143183,-0.22013,51.17434,3,3,7,16:30,-1,E07000210,6,0,1,0,2,19,5,1,0,0,0,1,0,0,0,0,0,6,29
2024451461727,2024,451461727,500775,171103,-0.5518,51.42998,2,"[3, 2]",6,14:25,-1,E07000212,6,0,1,0,1,"[2, 19]","[5, 1]","[1, 5]",0,0,0,1,0,0,0,0,0,6,28
2024451461731,2024,451461731,502759,160253,-0.5264,51.3321,3,3,6,07:40,-1,E07000217,6,0,1,0,1,"[19, 9, 2]","[5, 1, 0]","[3, 7, 0]","[4, 0]",0,0,1,0,0,0,0,0,5,17
2024451461734,2024,451461734,504261,164313,-0.50366,51.36832,2,2,1,08:55,-1,E07000212,4,0,1,0,1,"[7, 19]",3,7,0,0,0,1,1,0,0,0,0,6,16
2024451461840,2024,451461840,500052,146841,-0.56899,51.21202,3,3,1,09:00,-1,E07000209,3,0,1,0,1,4,3,2,0,0,0,1,1,0,0,0,0,6,30
2024451461897,2024,451461897,519902,154317,-0.28244,51.27539,2,2,1,17:26,-1,E07000210,6,0,1,0,2,"[7, 19]","[2, 6]","[5, 3]",0,0,0,0,1,0,0,1,0,6,23
2024451461992,2024,451461992,528418,145273,-0.16365,51.19226,3,3,7,11:45,-1,E07000211,3,0,1,0,1,19,"[5, 1]","[1, 5]",0,0,0,1,0,1,0,0,0,6,29
2024451461993,2024,451461993,504563,171196,-0.4973,51.43013,3,3,1,00:20,-1,E07000213,6,2,1,0,1,19,5,8,0,1,1,1,0,0,0,0,1,6,23
2024451462017,2024,451462017,515315,155969,-0.34764,51.29119,3,3,1,21:10,-1,E07000210,6,0,1,0,1,19,5,1,10,8,0,1,0,0,0,0,0,6,30
2024451462079,2024,451462079,534736,157364,-0.06875,51.29946,2,2,2,08:00,-1,E07000215,5,0,1,0,2,19,"[5, 2]","[1, 6]",0,0,0,0,0,1,1,0,0,7,1
2024451462121,2024,451462121,500516,135603,-0.56549,51.11092,3,3,2,08:20,-1,E07000216,6,0,1,0,2,"[15, 19]","[6, 2]","[2, 6]",0,0,0,1,0,1,0,0,0,7,1
2024451462361,2024,451462361,509362,171094,-0.42833,51.42831,3,3,1,20:15,-1,E07000213,6,0,1,0,1,"[4, 19]",1,"[3, 4]",0,0,0,1,0,0,0,1,0,6,30
2024451462387,2024,451462387,516195,149557,-0.3371,51.23338,3,3,2,18:37,-1,E07000210,6,0,1,0,1,"[2, 19, 7]","[0, 3, 1]","[0, 7, 5]","[0, 4]",0,0,1,0,0,0,0,0,7,1
2024451462440,2024,451462440,507931,164272,-0.45097,51.36726,3,3,1,18:49,-1,E07000207,6,0,1,0,1,19,3,1,0,0,0,1,0,0,0,0,0,6,30
2024451462451,2024,451462451,533753,150334,-0.08547,51.23652,3,3,3,01:35,-1,E07000215,6,2,1,1,2,19,3,7,0,1,3,1,0,0,0,0,0,7,2
2024451462464,2024,451462464,503870,166540,-0.50863,51.38841,3,3,3,03:03,-1,E07000212,6,2,1,0,1,19,8,4,11,0,0,1,0,0,0,0,0,7,2
2024451462513,2024,451462513,536244,151800,-0.04925,51.2491,1,1,2,21:25,-1,E07000215,3,2,1,0,2,19,7,3,0,7,0,0,0,1,0,0,0,7,1
2024451462546,2024,451462546,499456,155308,-0.57517,51.28823,3,3,3,07:15,-1,E07000217,6,0,1,0,2,"[19, 4]",1,5,0,0,0,1,0,0,0,0,0,7,2
2024451462593,2024,451462593,516544,157307,-0.32958,51.30296,3,3,5,14:55,-1,E07000210,3,0,1,0,1,19,5,1,0,0,0,1,0,0,0,0,0,6,27
2024451462756,2024,451462756,516472,157546,-0.33054,51.30513,3,3,2,12:55,-1,E07000210,6,0,1,0,1,"[2, 1]",1,3,0,0,0,1,0,0,1,0,0,7,1
2024451462950,2024,451462950,487276,134133,-0.75493,51.09987,3,3,2,17:40,-1,E07000216,6,0,1,0,2,7,5,1,0,4,0,1,0,0,0,0,0,7,1
2024451462996,2024,451462996,504531,172364,-0.49742,51.44064,2,2,4,07:00,-1,E07000213,3,0,1,0,2,"[19, 13]","[1, 5]","[5, 1]","[0, 10]",0,0,1,0,1,0,0,0,7,3
2024451463053,2024,451463053,505066,174182,-0.48918,51.45688,2,2,4,09:30,-1,E07000213,4,0,2,0,1,19,"[7, 3]","[3, 7]",0,0,0,1,0,0,0,0,0,7,3
2024451463148,2024,451463148,531662,149664,-0.11565,51.23098,2,"[3, 2]",4,08:10,-1,E07000215,1,0,1,0,2,"[11, 19]",1,5,0,0,0,1,0,0,0,0,0,7,3
2024451463149,2024,451463149,537620,144873,-0.0322,51.18652,3,3,4,08:45,-1,E07000215,4,0,1,0,2,19,"[8, 4]","[4, 8]",0,0,0,1,0,0,0,0,0,7,3
2024451463174,2024,451463174,512316,166227,-0.38739,51.38399,3,3,4,12:25,-1,E07000207,6,0,1,0,2,"[19, 7]","[5, 3]",1,0,0,0,1,0,0,0,0,0,7,3
2024451463224,2024,451463224,522417,155226,-0.24609,51.28303,3,3,4,17:40,-1,E07000211,4,0,1,0,1,"[19, 3]",1,7,0,0,0,1,0,1,0,0,0,7,3
2024451463284,2024,451463284,499380,149359,-0.57791,51.23477,3,3,3,15:55,-1,E07000209,3,0,1,0,1,10,3,1,0,0,0,1,0,0,0,0,1,7,2
2024451463319,2024,451463319,509329,170300,-0.42905,51.42118,3,3,4,20:00,-1,E07000213,3,0,1,0,1,19,1,5,0,0,0,1,1,0,0,0,0,7,3
2024451463409,2024,451463409,500098,153169,-0.56657,51.26889,3,3,4,07:05,-1,E07000209,6,0,8,0,1,"[13, 9]","[2, 8]",4,0,0,0,1,0,1,0,0,0,7,3
2024451463486,2024,451463486,533431,156344,-0.08784,51.29061,3,3,4,11:15,-1,E07000215,6,0,1,0,1,19,7,3,0,0,0,1,0,0,0,0,1,7,3
2024451463595,2024,451463595,481397,146064,-0.83618,51.20799,3,3,3,15:10,-1,E07000216,6,0,1,0,2,"[1, 2]","[3, 0]","[7, 0]",0,0,0,1,0,0,0,0,0,7,2
2024451463601,2024,451463601,516542,156576,-0.32985,51.29639,2,2,5,14:30,-1,E07000210,4,0,1,0,1,19,7,3,7,0,0,0,0,1,0,0,0,7,4
2024451463661,2024,451463661,517202,155139,-0.32086,51.28334,3,3,5,17:15,-1,E07000210,3,0,1,0,1,"[9, 19]",7,3,0,0,0,1,0,0,0,0,0,7,4
2024451463953,2024,451463953,527710,147761,-0.1729,51.21478,3,3,6,10:15,-1,E07000211,6,0,2,1,1,19,3,7,0,0,0,0,0,1,0,0,0,7,5
2024451463978,2024,451463978,508968,167053,-0.43523,51.39206,2,2,4,20:00,-1,E07000213,3,2,1,0,2,99,4,5,0,0,0,1,0,1,0,0,0,7,3
2024451463982,2024,451463982,542187,143424,0.03253,51.17239,3,3,3,10:15,-1,E07000215,4,0,1,0,2,"[15, 19]",3,7,"[0, 10]",0,0,0,1,0,1,0,0,6,25
2024451464020,2024,451464020,499210,172902,-0.5738,51.44643,3,3,6,16:16,-1,E07000212,3,0,1,1,2,"[19, 4, 10]","[2, 1]","[6, 3]",0,0,0,1,0,0,0,0,0,7,5
2024451464106,2024,451464106,481707,146778,-0.83158,51.21437,3,3,6,18:53,-1,E07000216,6,0,2,1,2,19,7,3,0,2,11,1,0,0,0,0,0,7,5
2024451464139,2024,451464139,538667,154663,-0.01344,51.27425,2,2,3,00:50,-1,E07000215,6,2,1,1,2,19,"[3, 5]","[7, 1]",0,"[7, 3]",11,1,0,0,1,0,0,7,2
2024451464158,2024,451464158,538547,143588,-0.01944,51.17475,2,2,6,15:36,-1,E07000215,4,0,1,0,2,19,5,1,0,0,0,1,0,0,0,0,1,6,28
2024451464263,2024,451464263,485018,147844,-0.78393,51.22347,3,3,7,13:16,-1,E07000216,4,0,1,0,1,"[10, 9]",5,1,0,0,0,1,0,1,0,0,0,7,6
2024451464271,2024,451464271,491464,164048,-0.68751,51.36814,3,3,7,12:50,-1,E07000214,3,0,1,1,2,"[19, 3]",7,1,0,0,0,1,0,0,0,0,0,7,6
2024451464324,2024,451464324,493564,165633,-0.65693,51.38204,3,3,7,16:25,-1,E07000214,3,0,1,1,2,13,7,3,0,0,0,0,0,1,0,0,0,7,6
2024451464392,2024,451464392,528555,157999,-0.15713,51.3066,3,3,6,19:09,-1,E07000211,6,0,2,1,1,19,"[2, 8]","[6, 4]",0,1,0,1,0,0,0,0,0,7,5
2024451464458,2024,451464458,524732,159075,-0.21157,51.31712,3,3,7,17:18,-1,E07000211,3,2,9,0,1,19,5,1,0,0,0,1,1,0,0,0,0,7,6
2024451464469,2024,451464469,516198,148416,-0.33743,51.22312,2,2,1,08:38,-1,E07000210,6,0,1,1,2,19,5,1,0,0,0,1,1,0,0,0,0,7,7
2024451464540,2024,451464540,492888,149252,-0.6709,51.2349,3,3,6,13:10,-1,E07000209,6,0,1,1,2,19,1,5,0,1,4,1,0,0,0,0,0,7,5
2024451464581,2024,451464581,498917,146174,-0.58542,51.20622,2,2,1,16:15,-1,E07000209,3,0,2,1,2,19,5,1,0,7,0,0,0,1,0,0,0,7,7
2024451464595,2024,451464595,532235,140174,-0.11094,51.14556,2,2,7,20:13,-1,E07000215,6,0,1,0,1,19,1,5,10,1,0,1,0,0,0,0,0,7,6
2024451464666,2024,451464666,536596,158340,-0.04171,51.30779,3,3,7,02:45,-1,E07000215,6,2,1,0,1,9,6,3,0,0,0,1,0,0,0,0,0,6,29
2024451464680,2024,451464680,502683,160993,-0.52728,51.33876,3,3,2,00:10,-1,E07000217,3,2,1,0,1,19,2,6,10,2,4,1,0,0,0,0,0,7,8
2024451464915,2024,451464915,506318,171701,-0.47191,51.43434,2,2,2,12:45,-1,E07000213,6,0,2,1,1,19,1,5,0,0,0,0,0,1,0,0,0,7,8
2024451464936,2024,451464936,496566,152539,-0.61735,51.26384,3,3,2,13:22,-1,E07000209,3,0,1,0,2,"[9, 19]","[7, 5]","[3, 1]",0,0,0,1,0,0,0,0,0,7,8
2024451464961,2024,451464961,527941,143807,-0.171,51.17919,3,3,2,15:23,-1,E07000211,6,0,1,0,1,5,"[5, 4]","[4, 5]",0,0,0,1,1,0,0,0,0,7,8
2024451464990,2024,451464990,500309,149923,-0.56445,51.23968,3,3,7,21:10,-1,E07000209,3,2,1,0,1,"[9, 19]","[-1, 5]","[-1, 1]",0,0,0,1,0,1,0,0,0,7,6
2024451465102,2024,451465102,501716,159316,-0.54163,51.32386,1,1,2,22:17,-1,E07000217,6,2,2,1,1,19,5,1,0,0,0,1,0,0,0,0,1,7,8
2024451465212,2024,451465212,521168,149502,-0.26593,51.23185,2,2,3,07:32,-1,E07000210,6,0,8,1,2,"[19, 4]","[7, 3]","[7, 3]",0,0,0,0,1,0,0,1,0,7,9
2024451465266,2024,451465266,529896,149083,-0.14114,51.22617,3,3,3,08:20,-1,E07000215,6,0,2,1,2,"[9, 19]","[5, 3]","[7, 3]",0,0,0,1,0,0,0,0,0,7,9
2024451465299,2024,451465299,500515,150345,-0.56139,51.24344,2,2,2,13:45,-1,E07000209,3,0,1,0,1,19,"[5, 1]","[1, 5]",0,0,0,1,1,0,0,0,0,7,1
2024451465407,2024,451465407,499811,166686,-0.5669,51.39045,3,3,3,08:50,-1,E07000212,1,0,1,1,2,19,6,2,0,0,0,1,0,0,1,0,0,7,9
2024451465474,2024,451465474,498949,146203,-0.58496,51.20648,3,3,3,15:15,-1,E07000209,6,0,2,1,2,14,-1,-1,0,0,0,0,0,1,0,0,1,7,9
2024451465571,2024,451465571,502638,173251,-0.52438,51.44895,3,3,3,15:40,-1,E07000213,1,0,1,1,2,"[19, 4]",5,1,0,0,0,1,0,0,1,0,0,7,9
2024451465583,2024,451465583,500109,150984,-0.56702,51.24925,2,2,3,22:35,-1,E07000209,3,2,1,1,2,19,"[1, 5]","[5, 1]",0,"[8, 0]","[7, 0]",1,0,0,0,0,0,7,9
2024451465605,2024,451465605,538650,143364,-0.01805,51.17272,3,3,4,06:00,-1,E07000215,6,0,1,1,2,19,1,5,0,0,0,0,0,1,0,0,0,7,10
2024451465755,2024,451465755,522683,157050,-0.24165,51.29937,3,3,3,23:20,-1,E07000211,4,2,1,1,1,"[19, 13]",3,1,0,0,0,1,0,0,0,0,0,7,9
2024451466112,2024,451466112,518488,156293,-0.30204,51.29345,3,3,3,14:50,-1,E07000210,1,0,5,1,2,19,3,7,0,5,6,1,0,0,0,0,0,7,9
2024451466155,2024,451466155,502413,138090,-0.53769,51.13294,3,3,7,14:29,-1,E07000216,4,0,2,1,2,4,"[2, 8]","[8, 2]",0,0,0,1,0,0,0,0,0,7,6