collision_index,collision_year,collision_ref_no,location_easting_osgr,location_northing_osgr,longitude,latitude,casualty_severity,casualty_severity,day_of_week,time,local_authority_district,local_authority_ons_district,first_road_class,light_conditions,weather_conditions,road_surface_conditions,urban_or_rural_area,vehicle_manoeuvre,vehicle_direction_from,vehicle_direction_to,hit_object_in_carriageway,vehicle_leaving_carriageway,hit_object_off_carriageway,is_car,is_cyle,is_mcyle,is_goodsv,is_other,is_pedestrian,month,day
2024451466227,2024,451466227,538469,157020,-0.01537,51.29548,2,"[2, 3]",7,14:57,-1,E07000215,4,0,1,0,2,19,"[5, 1]","[1, 5]",0,"[0, 7]","[0, 9]",1,0,0,0,0,0,6,22
2024451466244,2024,451466244,484950,148373,-0.78478,51.22823,3,3,5,08:20,-1,E07000216,3,0,1,0,1,19,-1,-1,0,0,0,1,0,0,0,0,1,7,11
2024451466266,2024,451466266,536437,143362,-0.04969,51.17323,3,3,1,19:50,-1,E07000215,3,0,1,0,2,19,1,5,12,1,0,0,0,1,0,0,0,6,23
2024451466284,2024,451466284,540142,151430,0.00642,51.24484,3,3,5,08:40,-1,E07000215,6,0,1,0,1,19,"[7, 5]","[3, 2]",0,0,0,1,0,1,0,0,0,7,11
2024451466317,2024,451466317,504516,159223,-0.50149,51.32252,3,3,5,07:35,-1,E07000217,6,0,1,0,1,"[19, 9]","[5, 7]","[1, 4]",0,0,0,1,0,0,0,0,0,7,11
2024451466432,2024,451466432,541003,152681,0.01924,51.25587,2,2,5,08:55,-1,E07000215,3,0,1,0,2,"[9, 19]","[6, 3]","[3, 7]",0,0,0,1,1,0,0,0,0,7,11
2024451466483,2024,451466483,507943,170485,-0.44891,51.42311,3,3,5,07:17,-1,E07000213,3,0,1,0,1,19,3,7,0,0,0,1,0,0,0,0,0,7,11
2024451466533,2024,451466533,528506,151618,-0.16012,51.24926,3,3,5,14:45,-1,E07000211,6,0,1,0,1,"[19, 2]","[5, 0]","[1, 0]","[4, 0]","[0, 1]","[0, 11]",1,0,0,0,0,1,7,11
2024451466553,2024,451466553,527172,142317,-0.18252,51.16597,3,3,7,13:50,-1,E07000210,6,0,1,0,1,-1,-1,-1,-1,-1,0,1,0,0,0,0,1,3,2
2024451466630,2024,451466630,528428,145129,-0.16356,51.19096,3,3,3,19:30,-1,E07000211,3,0,2,1,2,19,5,1,0,0,0,1,0,0,0,0,0,7,9
2024451466648,2024,451466648,540726,142993,0.01148,51.16887,2,"[3, 2]",4,23:15,-1,E07000215,4,2,1,0,2,15,6,2,0,1,11,1,0,0,0,0,0,7,10
2024451466711,2024,451466711,501026,171192,-0.54816,51.43074,3,3,2,22:45,-1,E07000212,4,2,2,1,1,99,-1,-1,99,0,0,1,0,1,0,0,0,7,8
2024451466741,2024,451466741,500807,149774,-0.55736,51.23825,2,2,5,07:45,-1,E07000209,6,0,1,0,1,9,3,4,0,0,0,1,0,0,0,0,1,7,11
2024451466801,2024,451466801,522893,142700,-0.24356,51.17035,3,3,6,17:52,-1,E07000210,6,0,1,0,2,19,5,1,0,7,0,0,0,0,0,1,0,6,28
2024451466997,2024,451466997,499407,159412,-0.57473,51.32513,3,3,6,13:38,-1,E07000217,6,0,1,0,1,"[2, 19]","[6, 2]","[3, 6]",0,0,0,1,1,0,0,0,0,7,12
2024451467003,2024,451467003,500800,171272,-0.55139,51.43149,2,2,4,14:14,-1,E07000212,4,0,1,0,1,19,3,7,0,0,0,1,0,0,0,0,1,7,3
2024451467026,2024,451467026,506412,161048,-0.47375,51.33857,2,2,6,13:35,-1,E07000217,6,0,1,0,1,"[9, 19]","[3, 1]","[1, 5]",0,0,0,1,0,1,0,0,0,7,12
2024451467091,2024,451467091,519744,154065,-0.28479,51.27316,2,2,6,18:54,-1,E07000210,6,0,1,0,2,19,2,6,11,0,0,0,1,0,0,0,0,7,12
2024451467104,2024,451467104,488379,155560,-0.73391,51.29232,2,2,6,19:50,-1,E07000214,6,0,1,0,1,"[9, 19]","[7, 5]","[3, 7]",0,0,0,1,0,0,0,0,0,7,12
2024451467126,2024,451467126,502894,171525,-0.5212,51.43339,3,3,6,20:20,-1,E07000212,3,0,1,0,1,"[19, 9]",3,"[7, 3]",0,0,0,1,0,1,0,0,0,7,12
2024451467183,2024,451467183,517023,150835,-0.32483,51.2447,3,3,3,05:23,-1,E07000210,3,0,2,1,2,"[99, -1]","[1, -1]","[1, -1]","[0, -1]","[0, -1]",0,0,0,1,1,0,0,7,9
2024451467191,2024,451467191,517428,148529,-0.31979,51.22389,3,3,6,16:11,-1,E07000210,6,0,1,0,2,3,5,1,2,0,0,1,0,0,0,0,1,7,12
2024451467293,2024,451467293,534344,156706,-0.07461,51.29364,3,3,7,11:50,-1,E07000215,6,0,1,0,1,"[2, 19]","[0, 2]","[0, 6]",0,0,0,1,0,0,0,0,0,7,13
2024451467303,2024,451467303,523620,155551,-0.22874,51.28569,3,3,7,14:25,-1,E07000211,4,0,1,0,2,"[5, 19]","[5, 1]","[3, 5]",0,0,0,1,0,0,0,0,0,7,13
2024451467358,2024,451467358,495590,147920,-0.63257,51.22248,3,3,7,04:35,-1,E07000209,3,2,2,1,2,19,3,7,0,7,4,1,0,0,0,0,0,7,6
2024451467385,2024,451467385,499981,166801,-0.56442,51.39145,3,3,7,12:40,-1,E07000212,1,0,1,0,2,"[4, 99]",3,7,"[0, 99]","[0, 9]","[0, 99]",1,0,0,0,0,0,7,13
2024451467413,2024,451467413,520820,160796,-0.26709,51.33343,3,3,7,21:00,-1,E07000208,6,0,1,0,1,"[19, 99]","[1, 5]","[5, 1]",0,0,0,1,0,1,0,0,0,7,13
2024451467423,2024,451467423,495754,143609,-0.63137,51.1837,3,3,7,18:30,-1,E07000216,6,0,8,1,1,"[19, 7]","[5, 3]","[1, 7]",0,0,0,1,0,0,0,0,0,7,13
2024451467442,2024,451467442,516080,166287,-0.33331,51.38377,3,3,1,20:52,-1,E07000207,6,0,2,0,1,"[2, 19]","[5, 1, 0]","[1, 5, 0, 8]","[0, 4]",0,0,1,0,1,0,0,0,6,30
2024451467518,2024,451467518,519099,156220,-0.29331,51.29267,3,3,4,17:15,-1,E07000210,1,0,1,0,2,19,3,7,0,0,0,1,0,0,0,0,0,6,26
2024451467577,2024,451467577,508921,167059,-0.43591,51.39213,2,2,1,13:35,-1,E07000213,4,0,1,0,1,3,7,3,0,0,0,1,0,1,0,0,0,7,14
2024451467616,2024,451467616,499345,149726,-0.57831,51.23808,3,3,7,03:30,-1,E07000209,5,2,1,0,1,-1,-1,-1,-1,-1,0,1,0,0,0,0,1,3,30
2024451467633,2024,451467633,515296,167258,-0.34426,51.39266,2,2,1,17:55,-1,E07000207,3,0,1,0,1,"[14, 6]",5,1,0,"[7, 0]",0,1,0,1,0,0,0,7,14
2024451467655,2024,451467655,500130,147379,-0.56773,51.21684,3,3,1,12:55,-1,E07000209,3,0,1,0,1,19,"[5, 1]","[1, 5]",0,0,0,1,0,0,0,0,0,7,14
2024451467699,2024,451467699,501727,159278,-0.54149,51.32352,2,2,1,18:41,-1,E07000217,6,0,1,0,1,"[19, 9]","[1, 3]","[5, 1]",0,0,0,1,0,1,0,0,0,7,14
2024451467707,2024,451467707,534019,158151,-0.07873,51.30671,3,3,1,22:06,-1,E07000215,3,2,1,0,1,"[4, 19]",1,5,0,0,0,1,0,0,0,0,0,7,14
2024451467906,2024,451467906,510475,170014,-0.41266,51.41839,3,3,5,14:55,-1,E07000213,3,0,2,0,1,19,"[7, 1]","[3, 4]",0,0,0,1,1,0,0,0,0,6,6
2024451468051,2024,451468051,492470,150330,-0.67661,51.24466,3,3,2,17:20,-1,E07000209,6,0,2,1,2,19,4,8,0,7,0,1,0,0,0,0,0,7,15
2024451468053,2024,451468053,499470,158626,-0.57405,51.31806,3,3,2,16:15,-1,E07000217,6,0,1,0,1,"[8, 7]","[5, 3]","[7, 5]",0,0,0,1,0,1,0,0,0,7,15
2024451468104,2024,451468104,518898,156260,-0.29618,51.29307,3,3,2,20:30,-1,E07000210,1,2,2,1,2,19,"[3, 4]",7,0,0,0,1,0,0,0,0,0,7,15
2024451468122,2024,451468122,493153,141217,-0.66919,51.16263,3,3,2,21:00,-1,E07000216,3,2,2,1,2,19,5,1,0,1,11,1,0,0,0,0,0,7,15
2024451468202,2024,451468202,500402,156602,-0.56125,51.2997,3,3,3,08:20,-1,E07000217,4,0,1,0,1,19,1,5,0,0,0,1,0,0,0,0,1,7,16
2024451468245,2024,451468245,508672,160043,-0.44162,51.32911,3,3,2,14:31,-1,E07000207,3,0,8,1,2,"[4, 19]",2,6,0,0,0,1,0,0,0,0,0,7,15
2024451468405,2024,451468405,506282,155852,-0.47716,51.29189,3,3,3,12:00,-1,E07000209,6,0,1,0,2,19,"[6, 2]","[2, 6]",0,0,0,1,0,0,0,0,0,7,16
2024451468504,2024,451468504,526366,148709,-0.19179,51.2236,2,2,3,14:40,-1,E07000211,6,0,1,0,2,19,"[1, 7]","[7, 1]",0,0,0,0,1,0,0,0,0,7,16
2024451468550,2024,451468550,505872,156164,-0.48295,51.29477,3,3,3,21:25,-1,E07000209,6,2,1,0,2,19,8,4,0,1,4,1,0,0,0,0,0,7,16
2024451468557,2024,451468557,520641,164932,-0.26826,51.37064,3,3,4,00:20,-1,E07000208,3,2,8,1,1,19,"[5, 1]","[1, 5]",0,0,0,1,0,1,0,0,0,7,17
2024451468623,2024,451468623,540550,150904,0.01206,51.24001,3,3,3,18:40,-1,E07000215,6,0,1,0,1,19,1,5,0,0,0,1,0,0,0,0,1,7,16
2024451468665,2024,451468665,501064,171089,-0.54764,51.4298,3,3,5,08:00,-1,E07000212,6,0,9,0,1,19,1,5,0,0,0,0,0,0,0,1,1,7,4
2024451468716,2024,451468716,499366,153380,-0.577,51.27092,3,3,4,08:50,-1,E07000209,3,0,1,0,2,"[5, 19, 4]","[5, 1]","[1, 5]",0,0,0,1,0,0,0,0,0,7,17
2024451468886,2024,451468886,520801,155409,-0.26919,51.28502,2,2,3,16:55,-1,E07000210,1,0,1,0,2,19,3,7,0,0,0,0,0,1,0,0,0,7,16
2024451469029,2024,451469029,500125,157606,-0.56494,51.30877,3,3,1,17:29,-1,E07000217,3,0,1,0,1,19,"[1, 6]","[5, 8]",0,0,0,1,1,0,0,0,0,7,14
2024451469054,2024,451469054,505429,164482,-0.48684,51.36962,3,3,4,19:00,-1,E07000212,6,0,1,0,1,"[2, 19]","[0, 6]","[0, 2]",0,0,0,1,0,0,0,0,0,7,17
2024451469060,2024,451469060,508123,166002,-0.44769,51.38278,3,3,4,22:55,-1,E07000207,6,2,1,0,2,19,6,2,0,0,0,0,1,0,0,0,0,7,17
2024451469375,2024,451469375,524252,157882,-0.21887,51.3065,3,3,1,11:42,-1,E07000211,3,0,8,0,1,19,3,5,0,0,0,1,0,1,0,0,0,7,7
2024451469387,2024,451469387,528106,151602,-0.16586,51.24921,3,3,5,12:01,-1,E07000211,3,0,1,0,1,"[19, 9]","[5, 3]",1,0,0,0,1,0,0,0,0,0,7,18
2024451469433,2024,451469433,499190,168321,-0.57536,51.40525,3,3,5,14:47,-1,E07000212,4,0,1,0,1,19,"[8, 4]","[4, 8]",0,0,0,1,0,0,0,0,0,7,18
2024451469453,2024,451469453,510956,167383,-0.40657,51.39464,3,3,5,17:47,-1,E07000207,3,0,1,0,2,"[19, 9]","[2, 8]",6,0,0,0,1,0,1,0,0,0,7,18
2024451469506,2024,451469506,521215,152717,-0.26416,51.26074,2,2,4,21:08,-1,E07000210,4,2,1,0,2,"[19, 13]","[5, 1]","[1, 5]",0,0,0,1,0,1,0,0,0,7,17
2024451469518,2024,451469518,505881,168395,-0.47918,51.40471,2,2,5,19:35,-1,E07000213,4,0,1,0,2,"[19, 13]","[7, 3]","[3, 7]",0,0,0,1,0,1,0,0,0,7,18
2024451469526,2024,451469526,505960,147058,-0.48438,51.21291,3,3,5,17:55,-1,E07000209,6,0,1,0,2,"[19, 9]","[1, 7]","[5, 1]",0,0,0,1,0,0,0,0,0,7,18
2024451469529,2024,451469529,509927,169495,-0.4207,51.41383,2,2,4,08:10,-1,E07000213,6,0,1,0,1,19,1,3,0,0,0,0,1,0,0,0,1,7,17
2024451469538,2024,451469538,509100,166886,-0.43339,51.39054,3,3,5,23:25,-1,E07000213,6,2,1,0,1,"[5, 19]","[7, 1]",5,0,0,0,1,0,0,0,0,0,7,18
2024451469549,2024,451469549,516459,162776,-0.32901,51.35214,3,3,5,09:00,-1,E07000207,3,0,1,0,2,19,"[6, 1]","[2, 1, 5]",0,0,0,1,0,0,0,0,0,7,18
2024451469568,2024,451469568,485560,147502,-0.77626,51.22031,3,3,6,19:39,-1,E07000216,3,0,1,0,2,19,7,3,0,0,0,1,0,1,0,0,0,7,12
2024451469582,2024,451469582,501289,152363,-0.54973,51.26144,3,3,5,16:00,-1,E07000209,6,0,1,0,1,"[7, 19]","[7, 5]",1,0,0,0,1,0,1,0,0,0,7,18
2024451469761,2024,451469761,499521,149396,-0.57589,51.23508,3,3,7,14:10,-1,E07000209,6,0,9,0,1,19,5,1,0,0,0,0,1,0,0,0,1,7,6
2024451469784,2024,451469784,497265,167911,-0.60314,51.4019,3,3,5,18:38,-1,E07000212,3,0,1,0,1,"[19, 2]","[2, 0]","[6, 0]",0,0,0,1,0,0,0,0,0,7,18
2024451469791,2024,451469791,510934,169219,-0.40631,51.41115,3,3,6,12:28,-1,E07000213,6,0,1,0,1,19,"[1, 3]","[3, 1]",0,0,0,1,0,0,0,0,0,7,19
2024451469884,2024,451469884,523604,156914,-0.22849,51.29794,3,3,5,16:30,-1,E07000211,6,0,1,0,1,"[9, 10]","[3, 1]","[1, 5]",0,0,0,1,0,1,0,0,0,7,4
2024451470081,2024,451470081,503346,171765,-0.51463,51.43547,3,3,6,18:27,-1,E07000213,6,0,1,0,1,"[19, 7]","[8, 2]",7,0,0,0,1,0,1,0,0,0,7,19
2024451470184,2024,451470184,485858,160130,-0.76896,51.33379,3,3,7,13:40,-1,E07000214,3,0,1,0,1,19,"[5, 1]","[1, 5]",0,0,0,1,0,0,0,0,0,7,20
2024451470194,2024,451470194,504453,166839,-0.50016,51.39099,3,3,7,13:35,-1,E07000212,4,0,1,0,1,"[13, 19]","[8, 4]","[4, 3]",0,0,0,1,0,1,0,0,0,7,20
2024451470222,2024,451470222,491510,160939,-0.68764,51.34018,2,2,7,16:04,-1,E07000214,4,0,1,0,2,19,7,3,0,2,4,0,0,1,0,0,0,7,20
2024451470310,2024,451470310,527590,153646,-0.17252,51.2677,3,3,2,12:52,-1,E07000211,1,0,1,0,2,"[19, 12]","[3, 7]","[7, 3]",0,"[1, 0]",0,1,0,0,1,0,0,7,1
2024451470412,2024,451470412,534386,143349,-0.07902,51.1736,3,3,6,08:14,-1,E07000215,6,0,1,0,2,19,"[1, 5]","[5, 1]",0,0,0,1,0,0,0,0,0,7,19
2024451470477,2024,451470477,509304,158442,-0.43305,51.3146,3,3,1,16:30,-1,E07000207,1,0,1,0,2,19,8,4,0,0,0,1,0,0,0,0,0,7,21
2024451470482,2024,451470482,500367,167088,-0.5588,51.39396,2,"[2, 3]",1,13:45,-1,E07000212,1,0,1,0,2,"[19, 4]",6,1,0,0,0,1,0,0,0,0,0,7,21
2024451470531,2024,451470531,500609,159046,-0.55759,51.32163,3,3,1,21:30,-1,E07000217,3,2,1,0,1,19,"[2, 5]","[6, 1]",0,0,0,1,1,0,0,0,0,7,21
2024451470532,2024,451470532,486567,158340,-0.75922,51.31759,3,3,1,18:47,-1,E07000214,1,0,1,0,2,"[9, 99]",5,1,0,0,0,1,0,0,0,0,0,7,21
2024451470600,2024,451470600,503069,174453,-0.51783,51.45968,3,3,1,11:27,-1,E07000213,1,0,1,0,2,"[4, 19]",-1,-1,0,0,0,1,0,0,0,0,0,7,21
2024451471106,2024,451471106,517155,139750,-0.32655,51.14504,3,3,3,09:05,-1,E07000210,3,0,1,1,2,"[5, 19]","[1, 3]","[5, 7]",0,0,0,1,0,0,0,0,0,7,23
2024451471219,2024,451471219,506675,160994,-0.46999,51.33804,3,3,4,22:43,-1,E07000217,6,2,1,0,1,"[2, 19]","[0, 3]","[0, 7]",0,0,0,1,0,0,0,0,0,5,1
2024451471292,2024,451471292,533001,151509,-0.0958,51.24725,3,3,3,15:08,-1,E07000215,6,2,1,1,2,19,5,1,0,0,0,1,0,0,0,0,0,7,23
2024451471304,2024,451471304,487970,159408,-0.73883,51.32698,3,3,3,14:26,-1,E07000214,6,0,9,0,1,"[19, 11]","[1, 5]","[5, 1]",99,"[0, 7]",0,1,0,0,0,0,0,7,23
2024451471374,2024,451471374,503399,150829,-0.51994,51.24727,3,3,3,20:30,-1,E07000209,3,0,1,0,2,19,3,7,0,3,10,1,0,0,0,0,0,7,23
2024451471636,2024,451471636,525258,159466,-0.20389,51.32052,2,2,4,18:30,-1,E07000211,4,0,1,0,1,19,3,1,0,0,0,1,0,0,0,0,1,6,12
2024451471647,2024,451471647,495959,145408,-0.62796,51.19984,3,3,4,11:10,-1,E07000216,6,0,1,0,1,"[7, 5]","[1, 5]","[5, 1]",0,0,0,1,0,0,0,0,0,7,24
2024451471656,2024,451471656,508931,158689,-0.43832,51.31689,3,3,4,12:00,-1,E07000207,1,0,1,0,2,"[19, 12]",3,7,0,0,0,1,0,0,0,0,0,7,24
2024451471665,2024,451471665,498580,145977,-0.5903,51.20451,3,3,7,08:00,-1,E07000209,6,0,1,0,2,"[9, 19]","[7, 3]","[3, 7]",0,0,0,1,0,1,0,0,0,5,11
2024451471694,2024,451471694,522358,162507,-0.24444,51.34848,3,3,5,16:30,-1,E07000208,3,0,1,0,1,19,3,7,0,"[0, 1]",0,0,1,0,1,0,0,6,27
2024451471715,2024,451471715,500508,138068,-0.56492,51.13308,3,3,1,19:27,-1,E07000216,4,0,1,0,2,19,7,4,0,2,0,1,0,0,0,0,0,5,12
2024451471854,2024,451471854,525690,152604,-0.2001,51.25875,3,3,4,19:13,-1,E07000211,1,0,1,0,2,"[19, 3, 4]","[7, 1]","[3, 5]",0,0,0,1,0,0,0,0,0,7,24
2024451471879,2024,451471879,501605,168681,-0.54055,51.40806,3,3,4,12:10,-1,E07000212,1,0,1,0,2,"[19, 3]",1,5,0,0,0,1,0,0,0,0,0,7,24
2024451471935,2024,451471935,507742,153338,-0.45699,51.26902,2,2,1,12:00,-1,E07000209,6,0,1,0,2,1,7,3,0,0,0,1,0,0,0,0,1,4,28
2024451471949,2024,451471949,499624,132871,-0.57898,51.08651,3,3,5,07:26,-1,E07000216,6,0,1,0,2,19,"[5, 1]","[1, 5]",0,"[0, 1]",0,1,0,0,0,0,0,7,25
2024451471967,2024,451471967,500487,157483,-0.55978,51.3076,2,2,5,21:30,-1,E07000217,3,2,1,0,1,"[10, 3]",7,3,0,0,0,1,0,1,0,0,0,5,23
2024451471995,2024,451471995,525374,148535,-0.20605,51.22225,3,3,6,11:36,-1,E07000211,6,0,1,0,1,19,1,3,0,0,0,1,0,0,1,0,0,7,19
2024451471998,2024,451471998,511453,150025,-0.40485,51.23853,3,3,5,07:50,-1,E07000209,6,0,4,1,2,4,7,3,0,0,0,0,1,0,0,0,0,7,25
2024451472049,2024,451472049,502574,164510,-0.52783,51.3704,2,"[2, 3]",3,11:40,-1,E07000212,3,0,1,0,2,19,"[1, 5, 4]","[5, 1, 8]",0,"[0, 7, 1]",0,1,0,0,0,0,0,6,25
2024451472199,2024,451472199,511308,168847,-0.40105,51.40773,3,3,5,16:00,-1,E07000213,6,0,1,0,2,"[19, 2]","[2, 0, 8]","[6, 0, 4]",0,0,0,1,1,0,0,0,0,7,25
2024451472252,2024,451472252,524763,159554,-0.21096,51.32142,3,3,5,17:30,-1,E07000211,6,0,1,0,1,"[5, 19]","[4, 1]","[8, 3]",0,0,0,1,0,0,0,0,0,7,25
2024451472269,2024,451472269,510457,166612,-0.41398,51.38781,3,3,5,13:05,-1,E07000207,6,0,2,1,1,"[9, 19]","[7, 4]",8,0,0,0,1,0,1,0,0,0,7,25
2024451472495,2024,451472495,539245,158960,-0.00349,51.31272,3,3,5,07:45,-1,E07000215,6,0,1,0,2,"[19, 4]","[7, 5]","[5, 7]","[11, 0]",0,0,1,1,0,0,0,0,7,18
2024451472499,2024,451472499,503546,165670,-0.51353,51.38065,3,3,6,14:42,-1,E07000212,1,0,1,0,2,"[4, 99]",1,5,"[0, 99]","[1, 3]",0,1,0,0,0,1,0,7,26
2024451472508,2024,451472508,509163,166581,-0.43258,51.38778,3,3,6,14:40,-1,E07000213,3,0,1,0,1,19,4,5,0,0,0,1,0,0,0,0,0,7,26
2024451472582,2024,451472582,535771,158458,-0.05349,51.30905,3,3,6,17:48,-1,E07000215,4,0,8,0,1,"[19, 5]","[3, 7]","[7, 3]",0,"[0, 1]",0,1,1,0,0,0,0,7,26
2024451472632,2024,451472632,523404,157944,-0.231,51.30724,3,3,6,14:23,-1,E07000211,6,0,1,0,1,19,"[4, 5]","[5, 4]",0,0,0,1,0,0,0,0,0,7,26
2024451472647,2024,451472647,516611,159830,-0.3278,51.32563,3,3,7,00:40,-1,E07000210,3,2,1,0,2,19,5,1,0,1,0,1,0,0,0,0,0,7,27
2024451472656,2024,451472656,489010,160104,-0.72373,51.33307,3,3,7,00:30,-1,E07000214,1,2,1,0,1,19,1,5,0,1,1,0,0,1,0,0,0,7,27
2024451472859,2024,451472859,522522,159478,-0.24313,51.32122,2,2,7,14:30,-1,E07000208,4,0,8,0,1,19,"[7, 3]","[3, 7]",0,0,0,1,0,0,0,0,0,7,27
2024451472904,2024,451472904,519283,153896,-0.29145,51.27174,2,"[3, 2]",7,15:50,-1,E07000210,6,0,1,0,2,"[9, 19]","[7, 3]","[3, 7]",0,0,0,0,1,1,0,0,0,7,27
2024451472913,2024,451472913,515049,158053,-0.35078,51.30997,3,3,7,00:01,-1,E07000210,3,2,1,0,2,"[10, 19]",8,4,0,0,0,1,0,0,0,0,0,7,27
2024451472914,2024,451472914,508148,159213,-0.44939,51.32175,3,3,7,13:35,-1,E07000209,3,0,8,0,2,5,4,5,7,0,0,1,0,0,0,0,0,7,27
2024451473086,2024,451473086,491202,156136,-0.69329,51.29706,2,2,1,10:00,-1,E07000209,4,0,1,0,2,19,1,5,0,7,4,1,0,0,0,0,0,7,28
2024451473117,2024,451473117,527746,160024,-0.168,51.32498,3,3,1,09:00,-1,E07000211,4,0,1,0,1,"[3, 19]",7,3,0,0,0,1,0,0,0,0,0,7,28
2024451473142,2024,451473142,501636,159558,-0.54271,51.32605,3,3,3,07:50,-1,E07000217,6,0,1,0,1,19,1,3,0,0,0,1,0,0,0,0,0,7,23
2024451473186,2024,451473186,492092,156179,-0.68052,51.2973,3,3,1,22:40,-1,E07000209,4,2,1,0,2,9,7,3,0,1,10,1,0,0,0,0,0,7,28
2024451473333,2024,451473333,499829,150109,-0.57128,51.24143,3,3,6,19:30,-1,E07000209,3,0,1,0,1,99,1,5,0,0,0,1,0,1,0,0,0,7,26
2024451473605,2024,451473605,501052,159534,-0.5511,51.32594,3,3,2,16:25,-1,E07000217,3,0,1,0,2,"[14, 4]",1,5,0,"[7, 0]","[4, 0]",1,0,1,0,0,0,7,29
2024451473817,2024,451473817,497781,151376,-0.60026,51.25318,3,3,7,21:25,-1,E07000209,6,2,1,0,1,19,-1,-1,0,0,0,1,0,1,0,0,0,7,27
2024451474029,2024,451474029,517659,152146,-0.31529,51.25635,3,3,3,15:30,-1,E07000210,6,0,1,0,2,19,5,1,0,0,0,1,0,0,0,0,0,7,30
2024451474227,2024,451474227,516909,140240,-0.32991,51.14949,2,2,1,13:45,-1,E07000210,6,0,1,0,2,19,4,8,0,1,0,0,0,1,0,0,0,6,2
2024451474296,2024,451474296,505797,162286,-0.48221,51.34981,2,2,4,09:15,-1,E07000212,3,0,1,0,1,19,5,1,0,0,0,1,0,0,0,0,0,7,31
2024451474300,2024,451474300,539002,159955,-0.00659,51.32172,3,3,1,16:00,-1,E07000215,6,0,1,0,2,19,5,1,0,0,0,1,0,0,0,0,1,7,28
2024451474317,2024,451474317,526882,142128,-0.18673,51.16434,3,3,4,11:55,-1,E07000210,6,0,1,0,2,"[9, 19]","[5, 1]","[7, 5]",0,0,0,1,0,0,0,0,0,7,31
2024451474419,2024,451474419,517184,157034,-0.32049,51.30038,2,2,4,13:01,-1,E07000210,6,0,1,0,1,19,6,2,0,0,0,1,0,0,0,0,0,7,31
2024451474473,2024,451474473,527771,151733,-0.17061,51.25046,2,2,4,16:20,-1,E07000211,6,0,1,0,1,19,"[8, 1]","[4, 1]",0,"[0, 1]",0,1,0,0,0,0,0,7,31
2024451474475,2024,451474475,505920,165124,-0.4796,51.3753,3,3,4,07:35,-1,E07000212,3,0,1,0,2,"[19, 9]",1,5,0,0,0,1,1,0,0,0,0,7,31
2024451474479,2024,451474479,528170,146252,-0.16685,51.20111,3,3,4,16:00,-1,E07000211,3,0,1,0,1,19,"[3, 1]","[7, 5]",0,"[1, 0]",0,1,0,0,0,0,0,7,31
2024451474503,2024,451474503,496670,158767,-0.61418,51.31981,3,3,4,19:40,-1,E07000217,6,0,1,0,1,"[4, 19]","[5, 1]","[1, 4]",0,0,0,1,1,0,0,0,0,7,31
2024451474516,2024,451474516,488339,149921,-0.73588,51.24164,2,2,4,15:21,-1,E07000209,3,0,1,0,2,19,"[1, 7]","[5, 3]",0,"[0, 1]",0,1,1,0,0,0,0,1,10
2024451474523,2024,451474523,505336,164607,-0.48814,51.37076,3,3,4,19:00,-1,E07000212,6,0,1,0,1,19,3,7,0,0,0,0,0,1,0,0,0,7,31
2024451474660,2024,451474660,501073,156995,-0.55152,51.30311,3,3,4,17:00,-1,E07000217,4,0,8,0,1,5,7,3,0,0,0,1,1,0,0,0,0,7,31
2024451474737,2024,451474737,532809,155794,-0.09695,51.28581,3,3,5,06:55,-1,E07000215,6,0,1,0,1,"[2, 19]",1,5,"[10, 4]",0,0,1,0,0,0,0,0,8,1
2024451474804,2024,451474804,503153,170898,-0.51766,51.42771,3,3,5,11:00,-1,E07000212,6,0,1,0,1,"[6, 19]",-1,-1,0,0,0,1,0,1,0,0,0,8,1
2024451474822,2024,451474822,489256,160979,-0.71998,51.3409,3,3,5,13:18,-1,E07000214,6,0,1,0,1,7,1,2,0,7,1,1,0,0,0,0,0,8,1
2024451474839,2024,451474839,499194,162120,-0.57704,51.34951,3,3,5,11:12,-1,E07000214,3,0,1,0,2,"[5, 19]","[7, 3]","[3, 7]",0,0,0,1,1,0,0,0,0,8,1
2024451474875,2024,451474875,486553,160451,-0.75891,51.33657,3,3,5,18:15,-1,E07000214,3,0,2,1,2,19,"[1, 7, 5]","[1, 3]",0,0,0,1,0,0,0,0,0,8,1
2024451474925,2024,451474925,522276,163933,-0.24512,51.36131,2,2,5,20:20,-1,E07000208,6,0,2,1,1,9,3,1,0,0,0,0,1,0,0,0,0,8,1
2024451474944,2024,451474944,500920,160041,-0.55285,51.33052,3,3,5,18:50,-1,E07000217,6,0,2,1,1,"[19, 7]","[3, 5]","[7, 1]",0,0,0,1,0,0,0,0,0,8,1
2024451474969,2024,451474969,521706,160319,-0.25454,51.32896,3,3,5,13:50,-1,E07000208,6,0,1,0,1,"[19, 2]","[7, 0]","[3, 0]",0,0,0,1,0,0,0,0,0,8,1
2024451474970,2024,451474970,493212,162362,-0.66284,51.3527,1,1,6,02:29,-1,E07000214,3,2,1,0,2,19,8,4,0,0,0,1,0,0,0,0,1,8,2
2024451475074,2024,451475074,525845,148589,-0.19929,51.22263,2,2,5,11:34,-1,E07000211,6,0,1,0,1,19,5,1,0,0,0,1,0,0,0,0,1,8,1
2024451475288,2024,451475288,498443,149179,-0.59138,51.23332,2,2,6,11:30,-1,E07000209,3,0,1,0,1,19,3,7,0,"[1, 0]",0,0,0,1,0,0,0,8,2