collision_index,collision_year,collision_ref_no,location_easting_osgr,location_northing_osgr,longitude,latitude,casualty_severity,casualty_severity,day_of_week,time,local_authority_district,local_authority_ons_district,first_road_class,light_conditions,weather_conditions,road_surface_conditions,urban_or_rural_area,vehicle_manoeuvre,vehicle_direction_from,vehicle_direction_to,hit_object_in_carriageway,vehicle_leaving_carriageway,hit_object_off_carriageway,is_car,is_cyle,is_mcyle,is_goodsv,is_other,is_pedestrian,month,day
2024451475312,2024,451475312,501298,157028,-0.54828,51.30337,2,2,6,17:20,-1,E07000217,6,0,1,0,1,"[19, 2]","[1, 0]","[5, 0]",0,0,0,1,0,1,0,0,0,8,2
2024451475340,2024,451475340,504909,161028,-0.49532,51.33867,3,3,6,19:05,-1,E07000217,3,0,1,0,1,"[15, 19]",5,1,0,0,0,1,1,0,0,0,0,8,2
2024451475353,2024,451475353,510673,165214,-0.41131,51.3752,3,3,6,23:12,-1,E07000207,6,2,1,0,1,5,2,6,99,0,0,1,0,0,0,0,1,8,2
2024451475562,2024,451475562,512169,157671,-0.3922,51.30711,3,3,7,13:15,-1,E07000210,1,0,1,0,2,"[11, 19]",7,3,0,0,0,1,0,0,1,0,0,8,3
2024451475563,2024,451475563,536307,152790,-0.04797,51.25799,3,3,7,15:58,-1,E07000215,1,0,1,0,2,19,3,7,0,0,0,1,0,0,0,0,0,8,3
2024451475632,2024,451475632,500593,171316,-0.55435,51.43193,2,2,4,09:40,-1,E07000212,3,0,1,0,1,"[9, 19]","[3, 4]","[1, 7]",0,0,0,1,0,1,0,0,0,7,31
2024451475649,2024,451475649,530564,155023,-0.12941,51.2794,3,3,6,16:25,-1,E07000215,4,0,1,0,2,19,"[7, 3]","[3, 7]",0,0,0,1,0,1,0,0,0,8,2
2024451475659,2024,451475659,515231,165545,-0.34574,51.37727,2,2,7,22:04,-1,E07000207,3,2,1,0,1,19,8,4,0,0,0,0,0,1,0,0,0,8,3
2024451475696,2024,451475696,505999,161198,-0.47963,51.34,3,3,7,12:00,-1,E07000217,6,0,1,0,1,"[19, 9]","[3, 7]","[7, 5]",0,0,0,1,0,0,0,0,0,8,3
2024451475698,2024,451475698,537317,157557,-0.03167,51.30058,3,3,4,05:20,-1,E07000215,6,0,1,1,2,19,"[5, 1]","[1, 5]",0,0,0,1,0,0,0,0,0,7,10
2024451475713,2024,451475713,520177,160868,-0.27629,51.33421,2,2,6,17:02,-1,E07000208,4,0,1,0,1,1,5,1,0,0,0,1,0,0,0,0,1,8,2
2024451475739,2024,451475739,525546,151507,-0.20255,51.24892,3,3,1,10:15,-1,E07000211,3,0,1,0,1,"[9, 19]","[7, 1]","[1, 5]",0,"[7, 0]",0,1,1,0,0,0,0,8,4
2024451475772,2024,451475772,539153,143510,-0.01081,51.17391,3,3,7,01:15,-1,E07000215,6,0,1,0,2,19,1,1,0,0,0,1,0,0,0,0,1,8,3
2024451475808,2024,451475808,535718,140006,-0.06124,51.14324,3,3,1,12:55,-1,E07000215,3,0,1,0,2,"[4, 19]","[3, 7]","[7, 3]",0,0,0,1,0,0,0,0,0,8,4
2024451476015,2024,451476015,510672,160025,-0.41294,51.32856,3,3,1,12:30,-1,E07000207,6,0,1,0,1,"[9, 15]",5,"[3, 1]",0,0,0,1,1,0,0,0,0,8,4
2024451476028,2024,451476028,540565,142800,0.0091,51.16718,3,3,1,14:00,-1,E07000215,4,0,1,0,2,"[12, 19]","[7, 3]","[3, 7]",0,0,0,1,0,1,0,0,0,7,28
2024451476276,2024,451476276,495646,158033,-0.62906,51.31338,3,3,1,15:02,-1,E07000217,6,0,1,0,1,"[19, 2]","[4, 0]","[8, 0]","[4, 0]",0,0,1,0,0,0,0,0,8,4
2024451476435,2024,451476435,503469,143156,-0.52115,51.17829,2,2,6,16:10,-1,E07000216,4,0,1,0,2,"[15, 19]",1,3,0,0,0,1,1,0,0,0,0,7,26
2024451476553,2024,451476553,516968,150541,-0.32571,51.24206,2,2,3,09:50,-1,E07000210,3,0,1,0,1,19,"[-1, 5]","[-1, 1]",0,0,0,0,1,0,0,1,0,8,6
2024451476658,2024,451476658,522023,162538,-0.24924,51.34883,3,3,3,17:32,-1,E07000208,6,0,1,0,1,19,"[5, 1]","[1, 5]",0,0,0,1,0,0,0,0,0,8,6
2024451476674,2024,451476674,506253,170836,-0.47311,51.42658,2,2,3,10:50,-1,E07000213,4,0,1,1,2,"[4, 19]",1,5,0,0,0,0,1,0,1,0,0,8,6
2024451476677,2024,451476677,525842,151786,-0.19821,51.25137,1,1,3,13:00,-1,E07000211,3,0,2,1,1,19,3,7,0,0,0,1,0,0,0,0,1,8,6
2024451476697,2024,451476697,521073,152977,-0.26611,51.2631,3,3,3,05:30,-1,E07000211,4,0,1,0,2,"[19, 13]","[7, 3]","[3, 7]",0,0,0,1,0,0,0,0,0,8,6
2024451476800,2024,451476800,503869,170911,-0.50736,51.4277,2,2,7,00:30,-1,E07000213,4,2,1,0,1,7,1,3,0,0,0,0,0,1,0,0,0,8,3
2024451476904,2024,451476904,521883,161977,-0.25144,51.34382,2,"[2, 3]",4,11:00,-1,E07000208,6,0,1,0,1,"[19, 9]","[5, 2]","[1, 7]",0,0,0,1,0,0,0,0,0,8,7
2024451477134,2024,451477134,531306,146871,-0.12176,51.20596,3,3,4,22:10,-1,E07000215,6,2,1,0,2,"[11, 4]","[5, -1, 1]","[1, -1, 5]",0,0,0,1,0,0,0,0,0,8,7
2024451477184,2024,451477184,505209,156773,-0.49227,51.30037,2,2,5,06:42,-1,E07000209,4,0,1,0,2,"[19, 9]","[1, 3]",5,0,0,0,1,0,1,0,0,0,8,8
2024451477350,2024,451477350,500459,157319,-0.56023,51.30613,3,3,4,18:53,-1,E07000217,6,0,1,0,1,4,"[5, 4]","[4, 5]",0,0,0,1,1,0,0,0,0,8,7
2024451477455,2024,451477455,502649,166545,-0.52617,51.38867,3,3,5,14:30,-1,E07000212,1,0,2,1,2,"[-1, 19]","[-1, 7]","[-1, 3]","[-1, 0]","[-1, 0]",0,1,0,0,1,0,0,8,8
2024451477572,2024,451477572,530507,149050,-0.1324,51.22573,2,2,5,22:50,-1,E07000215,6,2,1,1,2,"[7, 19]","[6, 7]","[1, 3]",0,0,0,1,1,0,0,0,0,8,8
2024451477642,2024,451477642,484676,147346,-0.78895,51.21904,3,3,5,20:42,-1,E07000216,4,0,2,1,1,"[9, 19]","[3, 7]","[7, 3]","[0, 10]",0,0,1,1,0,0,0,0,8,8
2024451477709,2024,451477709,537044,159175,-0.03497,51.31519,1,"[3, 1, 2]",6,19:01,-1,E07000215,6,0,1,0,2,"[19, 13]",7,3,"[0, 10]","[0, 7]","[0, 4]",1,0,0,0,0,0,8,2
2024451477789,2024,451477789,521173,161076,-0.26193,51.33587,3,3,6,13:00,-1,E07000208,3,0,1,0,1,19,3,7,0,0,0,1,1,0,0,0,0,8,9
2024451477903,2024,451477903,504843,155133,-0.498,51.2857,3,3,6,17:00,-1,E07000209,3,0,1,0,2,19,1,5,0,1,4,1,0,0,0,0,0,8,9
2024451477906,2024,451477906,521429,153076,-0.26098,51.26392,2,2,6,17:10,-1,E07000211,4,0,1,0,2,"[4, 19]",5,1,0,0,0,1,0,1,0,0,0,8,9
2024451477932,2024,451477932,513642,165668,-0.36853,51.3787,3,3,6,17:12,-1,E07000207,6,0,1,0,1,19,"[6, 3]","[2, 7]",0,0,0,1,0,0,0,0,0,8,9
2024451477948,2024,451477948,513633,165666,-0.36866,51.37868,3,3,6,17:18,-1,E07000207,6,0,1,0,1,9,"[3, 6]","[7, 3]",0,"[0, 1]",0,1,1,0,0,0,0,8,9
2024451477962,2024,451477962,503964,157450,-0.50993,51.30668,3,3,6,22:42,-1,E07000209,4,2,1,0,2,"[19, 4]","[-1, 5]","[-1, 1]",0,0,0,1,0,0,0,0,0,8,9
2024451477995,2024,451477995,506145,172650,-0.47412,51.44291,3,3,6,22:20,-1,E07000213,3,2,1,0,1,"[19, -1]","[3, -1]","[6, -1]","[0, -1]","[0, -1]",0,1,0,1,0,0,0,8,9
2024451478006,2024,451478006,502262,151211,-0.53612,51.25091,3,3,7,02:07,-1,E07000209,6,2,1,0,1,"[19, 2]","[5, 0]","[1, 0]",0,0,0,1,0,0,0,0,0,8,10
2024451478010,2024,451478010,522533,163393,-0.24162,51.35641,3,3,7,04:05,-1,E07000208,3,2,1,0,1,19,2,6,0,1,2,1,0,0,0,0,0,8,10
2024451478015,2024,451478015,501642,170129,-0.53961,51.42107,3,3,6,13:00,-1,E07000212,1,0,1,0,2,19,1,5,0,0,0,1,0,0,1,0,0,8,9
2024451478161,2024,451478161,504284,171090,-0.50134,51.42923,3,3,6,19:00,-1,E07000213,6,0,1,0,1,7,3,5,0,0,0,1,0,0,0,0,1,8,9
2024451478182,2024,451478182,526599,142867,-0.19052,51.17104,3,3,7,14:19,-1,E07000210,3,0,1,0,1,"[4, 19]",1,5,0,0,0,1,0,0,1,0,0,8,10
2024451478186,2024,451478186,503533,170668,-0.51226,51.42557,3,3,7,11:30,-1,E07000212,3,0,1,0,1,19,"[5, 1]","[1, 5]","[0, 11]",0,0,1,0,0,0,0,0,8,10
2024451478201,2024,451478201,519434,150520,-0.29041,51.24136,3,3,7,16:40,-1,E07000210,3,0,1,0,2,19,7,3,0,0,0,0,0,1,0,0,0,8,10
2024451478266,2024,451478266,508628,164133,-0.44101,51.36588,3,3,7,14:00,-1,E07000207,3,0,1,0,1,19,"[3, 7]","[7, 3]",0,0,0,1,0,1,0,0,0,7,27
2024451478309,2024,451478309,523408,159004,-0.23058,51.31677,2,2,5,16:00,-1,E07000211,3,0,2,1,1,19,1,5,0,8,2,1,0,0,0,0,0,8,8
2024451478314,2024,451478314,539145,147099,-0.00953,51.20616,3,3,6,23:30,-1,E07000215,6,2,1,0,2,7,5,1,0,0,0,1,0,0,0,0,0,8,9
2024451478454,2024,451478454,509984,137624,-0.42967,51.12735,3,3,1,05:45,-1,E07000216,6,0,7,1,2,9,5,1,11,1,3,1,0,0,0,0,0,8,11
2024451478519,2024,451478519,503650,167382,-0.51154,51.39602,2,"[2, 3]",1,14:54,-1,E07000212,4,0,1,0,1,"[7, 4]","[3, 7]","[7, 3]",0,0,0,1,0,0,0,0,0,8,11
2024451478528,2024,451478528,508898,158718,-0.43879,51.31716,3,3,1,09:15,-1,E07000207,1,0,1,0,2,19,3,7,0,0,0,1,0,0,0,0,0,8,11
2024451478576,2024,451478576,506273,155865,-0.47729,51.29201,2,2,1,15:25,-1,E07000209,6,0,1,0,2,"[9, 19]","[3, 8]","[7, 4]",0,0,0,1,0,1,0,0,0,8,11
2024451478611,2024,451478611,516842,147600,-0.32848,51.21566,2,2,1,23:19,-1,E07000210,3,2,1,0,1,19,1,5,0,0,0,0,1,0,0,0,0,8,11
2024451478685,2024,451478685,493527,148391,-0.66198,51.22706,3,3,2,07:00,-1,E07000209,3,0,1,0,2,19,8,4,0,0,0,1,0,1,0,0,0,8,12
2024451478846,2024,451478846,522582,160096,-0.24205,51.32676,3,3,7,08:43,-1,E07000208,3,0,1,0,1,"[19, 3]",3,7,0,0,0,1,0,0,0,0,0,8,10
2024451478899,2024,451478899,492222,143972,-0.68179,51.18754,2,"[3, 2]",2,11:55,-1,E07000216,6,0,1,0,2,"[19, 3]","[1, 3]","[5, 3, 1]",0,"[8, 0]",0,1,0,0,1,0,0,8,12
2024451478959,2024,451478959,504552,163675,-0.49967,51.36253,2,"[2, 3]",2,17:45,-1,E07000212,1,0,1,0,1,4,4,8,0,0,0,1,0,0,0,0,0,8,12
2024451478966,2024,451478966,503960,164830,-0.50783,51.37302,3,3,2,15:10,-1,E07000212,1,0,1,0,2,"[19, 4]",1,"[5, 4]",0,"[1, 0]","[1, 0]",1,0,0,0,0,0,8,12
2024451478976,2024,451478976,509103,161557,-0.43498,51.34264,3,3,2,17:20,-1,E07000207,4,0,1,0,2,"[3, 19]",1,5,0,0,0,1,0,0,0,0,0,8,12
2024451478999,2024,451478999,499645,170258,-0.56828,51.42258,3,3,2,23:53,-1,E07000212,6,2,1,0,1,19,1,5,0,1,11,1,0,0,0,0,0,8,12
2024451479287,2024,451479287,504073,166657,-0.50568,51.38942,3,3,2,15:00,-1,E07000212,4,0,1,0,1,19,1,1,0,0,0,0,0,0,1,0,1,8,12
2024451479306,2024,451479306,511245,164639,-0.40327,51.36992,3,3,3,14:45,-1,E07000207,6,0,1,0,1,"[13, 9]","[5, 1]","[1, 7]",0,0,0,1,0,1,0,0,0,8,13
2024451479326,2024,451479326,501601,167738,-0.54088,51.39959,3,3,2,11:30,-1,E07000212,1,0,1,0,2,19,3,7,0,0,0,1,0,0,1,0,0,8,12
2024451479328,2024,451479328,525353,161571,-0.20178,51.33942,2,"[3, 2]",3,11:10,-1,E07000211,3,0,1,0,1,"[5, -1]",-1,-1,"[0, -1]","[0, -1]",0,1,0,0,0,0,0,8,13
2024451479420,2024,451479420,504318,170275,-0.50109,51.4219,2,2,1,13:15,-1,E07000213,4,0,1,0,1,"[15, 5]",1,5,0,0,0,1,0,1,0,0,0,8,11
2024451479474,2024,451479474,504992,155340,-0.49581,51.28753,3,3,3,17:50,-1,E07000209,3,0,1,0,2,19,5,1,0,0,0,1,0,0,0,0,0,8,13
2024451479513,2024,451479513,491850,162782,-0.68229,51.3567,3,3,4,07:42,-1,E07000214,3,0,1,1,2,19,"[5, 1]","[1, 5]",0,"[7, 0]",0,1,0,0,0,0,0,8,14
2024451479535,2024,451479535,527773,150550,-0.171,51.23983,2,2,6,10:25,-1,E07000211,6,0,8,0,1,"[4, 7]",8,4,0,0,0,1,0,0,0,0,0,7,5
2024451479566,2024,451479566,496240,135481,-0.62659,51.11055,3,3,4,09:20,-1,E07000216,6,0,1,1,2,7,4,8,0,0,0,0,0,1,0,0,0,8,14
2024451479576,2024,451479576,482718,145151,-0.81748,51.1996,3,3,5,10:41,-1,E07000216,6,0,1,0,1,"[19, 9]","[1, 6]","[5, 4]",0,0,0,1,0,0,0,0,0,8,1
2024451479616,2024,451479616,513068,158542,-0.37903,51.31476,3,3,4,12:00,-1,E07000207,3,0,1,1,2,"[19, 9]","[4, 8]","[8, 4]",0,0,0,1,0,1,0,0,0,8,14
2024451479625,2024,451479625,495177,163570,-0.63431,51.36323,2,"[2, 3]",5,16:30,-1,E07000214,6,0,1,0,2,"[19, 9]","[5, 3]","[1, 4]",0,0,0,1,0,0,0,0,0,6,27
2024451479647,2024,451479647,511702,157549,-0.39893,51.30611,3,3,3,16:10,-1,E07000207,1,0,1,0,2,19,"[3, 7]","[7, 3]","[99, 0]",0,0,1,0,0,1,0,0,8,13
2024451479677,2024,451479677,505916,165093,-0.47966,51.37502,3,3,4,07:20,-1,E07000212,3,2,2,1,1,"[9, 19]","[5, 3]","[1, 7]",0,"[3, 0]",0,1,0,1,0,0,0,8,14
2024451479819,2024,451479819,495304,160667,-0.63326,51.33712,3,3,4,19:40,-1,E07000214,6,0,1,0,2,"[10, 19]","[3, 7]","[1, 3]",0,0,0,1,0,0,0,0,0,8,14
2024451479832,2024,451479832,499801,151904,-0.57118,51.25757,3,3,4,19:20,-1,E07000209,6,0,1,0,1,"[4, 19]","[3, 7]","[7, 3]",0,0,0,1,0,0,0,0,0,8,14
2024451479892,2024,451479892,506346,161293,-0.47462,51.34079,3,3,5,06:32,-1,E07000217,3,0,1,0,1,19,"[1, 3]","[5, 7]",0,0,0,1,1,0,0,0,0,8,15
2024451480006,2024,451480006,505148,155096,-0.49364,51.28531,2,2,5,11:15,-1,E07000209,6,0,1,0,2,19,1,5,0,0,0,0,1,0,0,0,0,8,15
2024451480037,2024,451480037,516746,153687,-0.32787,51.27039,3,3,5,06:15,-1,E07000210,3,0,1,0,2,19,5,1,10,1,9,1,0,0,0,0,0,8,15
2024451480071,2024,451480071,500219,158800,-0.56326,51.31949,2,"[3, 2]",5,05:06,-1,E07000217,3,0,1,0,1,19,7,3,0,2,7,1,0,0,0,0,0,8,15
2024451480081,2024,451480081,533725,140325,-0.08959,51.14658,3,3,7,21:53,-1,E07000215,4,2,1,0,1,19,1,5,0,0,0,1,0,0,0,0,0,8,10
2024451480165,2024,451480165,515101,166166,-0.34741,51.38288,3,3,4,09:30,-1,E07000207,3,0,1,1,1,19,1,5,0,0,0,1,0,1,0,0,0,8,14
2024451480166,2024,451480166,503911,165106,-0.50846,51.37551,3,3,2,17:30,-1,E07000212,1,0,1,0,2,"[7, 19]","[6, 7]","[2, 3]",0,0,0,1,0,1,0,0,0,8,12
2024451480174,2024,451480174,512996,154629,-0.3813,51.27961,3,3,5,14:45,-1,E07000210,6,0,1,0,1,"[19, 14, 5]",1,"[1, 5]",0,0,0,1,0,1,0,0,0,8,15
2024451480208,2024,451480208,520663,164922,-0.26795,51.37055,3,3,5,17:00,-1,E07000208,3,0,1,0,1,"[19, 3]",1,5,0,0,0,1,0,0,0,0,0,8,15
2024451480268,2024,451480268,507123,164781,-0.46242,51.37199,3,3,5,14:00,-1,E07000207,3,0,1,0,1,"[3, 19]",7,3,0,0,0,1,0,0,0,0,0,8,15
2024451480276,2024,451480276,500807,158386,-0.55494,51.31566,3,3,5,23:11,-1,E07000217,6,2,2,1,1,"[19, 5]","[3, 1]","[7, 5]",0,"[1, 3]","[0, 1]",1,0,0,0,0,0,8,15
2024451480288,2024,451480288,501886,159641,-0.5391,51.32675,2,2,5,23:00,-1,E07000217,6,2,2,1,1,19,7,3,0,7,0,0,0,1,0,0,0,8,15
2024451480301,2024,451480301,495058,156167,-0.63799,51.29671,1,1,5,06:35,-1,E07000209,6,0,1,0,2,13,"[6, 7]","[2, 3]",0,"[0, 7]","[0, 1]",1,0,1,0,0,0,8,15
2024451480348,2024,451480348,499706,149100,-0.57332,51.23239,3,3,6,08:50,-1,E07000209,3,0,1,0,1,4,1,5,10,0,0,0,0,1,0,0,0,8,16
2024451480459,2024,451480459,506996,158102,-0.46625,51.31198,3,3,6,13:30,-1,E07000209,3,0,1,-1,2,"[4, 19]",1,3,0,0,0,1,0,0,0,0,0,8,16
2024451480599,2024,451480599,500820,149787,-0.55718,51.23837,3,3,6,18:55,-1,E07000209,3,0,1,0,1,19,-1,-1,0,-1,0,1,0,0,0,0,1,8,16
2024451480602,2024,451480602,517305,138976,-0.32466,51.13805,2,"[3, 2]",6,17:30,-1,E07000210,3,0,1,0,2,"[19, 14, 4]","[5, 1, 8]","[1, 5, 4]",0,"[0, 1]","[0, 6]",1,0,0,1,0,0,8,16
2024451480624,2024,451480624,499414,149612,-0.57736,51.23704,2,2,6,01:35,-1,E07000209,3,0,2,1,1,7,6,1,0,0,0,1,0,0,0,0,1,8,16
2024451480628,2024,451480628,496712,148634,-0.61631,51.22871,3,3,6,17:40,-1,E07000209,3,0,1,0,1,19,7,3,0,0,0,1,0,0,0,0,1,8,16
2024451480654,2024,451480654,532778,156381,-0.09718,51.29109,2,"[3, 2]",6,18:40,-1,E07000215,4,0,1,0,1,"[19, 7, 2]","[3, 7, 1]","[7, 3, 5]",0,0,0,1,0,0,0,0,0,8,16
2024451480774,2024,451480774,503311,161043,-0.51825,51.3391,3,3,5,12:15,-1,E07000217,3,0,1,0,1,19,4,8,0,0,0,0,0,0,1,0,1,8,8
2024451480790,2024,451480790,486799,159227,-0.75568,51.32553,3,3,7,08:00,-1,E07000214,6,0,1,0,1,"[9, -1]","[7, -1]","[3, -1]","[0, -1]","[0, -1]",0,1,0,0,0,0,0,8,17
2024451480797,2024,451480797,530034,146615,-0.14006,51.20395,3,3,7,11:12,-1,E07000211,6,0,1,0,2,19,3,3,0,0,0,0,1,0,0,0,0,8,17
2024451480855,2024,451480855,499803,166685,-0.56701,51.39044,3,3,7,15:50,-1,E07000212,1,0,1,0,2,"[12, 19]",5,1,0,0,0,1,0,0,0,0,0,8,17
2024451480916,2024,451480916,506253,138872,-0.4826,51.13927,3,3,6,10:36,-1,E07000216,4,0,1,0,1,"[19, 9]",7,"[3, 1]",0,0,0,1,1,0,0,0,0,8,16
2024451480952,2024,451480952,525378,150271,-0.20539,51.23785,3,3,1,00:19,-1,E07000211,3,2,1,0,1,"[19, 2]","[1, 0, 3]","[4, 0, 7]",0,0,0,1,0,0,0,0,0,8,18
2024451480967,2024,451480967,531629,149160,-0.1163,51.22646,2,"[2, 3]",7,10:55,-1,E07000215,1,0,1,0,2,"[4, 19, 15]","[1, 2]","[5, 6]",0,0,0,1,0,0,0,0,0,8,17
2024451481064,2024,451481064,498340,150750,-0.59242,51.24745,2,2,4,14:35,-1,E07000209,3,0,1,0,1,19,5,1,0,0,0,0,0,1,0,0,0,8,7
2024451481069,2024,451481069,500753,153030,-0.55722,51.26753,3,3,4,16:20,-1,E07000209,6,0,1,0,2,19,"[3, 7]","[7, 3]",0,0,0,1,0,0,0,0,0,8,7
2024451481080,2024,451481080,486988,158821,-0.75306,51.32185,3,3,1,11:15,-1,E07000214,4,0,1,0,1,19,5,1,0,0,0,1,0,1,0,0,0,8,18
2024451481549,2024,451481549,504412,161087,-0.50244,51.33929,2,2,2,18:55,-1,E07000217,6,0,1,0,1,19,"[1, 3]","[5, 1]",0,0,0,1,1,0,0,0,0,8,19
2024451481578,2024,451481578,497099,153641,-0.60942,51.27365,3,3,1,19:15,-1,E07000209,3,0,1,0,1,5,1,5,0,0,0,0,0,1,0,0,1,8,18
2024451481589,2024,451481589,516299,156761,-0.33327,51.29811,2,2,2,16:44,-1,E07000210,3,0,1,0,1,19,"[7, 5]","[3, 1]","[0, 6]",0,0,1,1,0,0,0,0,8,19
2024451481614,2024,451481614,520594,154345,-0.27251,51.2755,2,"[3, 2]",5,18:12,-1,E07000210,6,0,2,1,2,19,5,1,0,2,10,1,0,0,0,0,0,8,8
2024451481626,2024,451481626,517069,157330,-0.32205,51.30306,2,2,7,14:25,-1,E07000210,3,0,1,0,2,"[11, 7]",4,8,0,1,"[1, 0]",1,0,1,0,0,0,6,29
2024451481941,2024,451481941,523201,159926,-0.23323,51.3251,3,3,1,13:01,-1,E07000211,4,0,1,0,1,20,3,7,0,1,10,1,0,0,0,0,1,8,18
2024451482002,2024,451482002,497101,162850,-0.60688,51.35644,3,3,5,17:15,-1,E07000214,4,0,1,1,1,"[5, 19]","[3, 1]","[7, 5]",0,0,0,1,0,1,0,0,0,8,8
2024451482084,2024,451482084,499069,158620,-0.5798,51.31807,3,3,4,06:25,-1,E07000217,3,0,1,0,1,19,"[5, 3]","[1, 7]",0,0,0,1,1,0,0,0,0,8,21
2024451482124,2024,451482124,506920,158058,-0.46736,51.3116,2,2,2,16:37,-1,E07000209,3,0,1,0,2,4,6,1,0,0,0,1,0,0,0,0,0,8,19
2024451482311,2024,451482311,505213,139343,-0.49733,51.14369,2,2,4,07:40,-1,E07000216,4,0,1,0,1,"[99, 4]",1,5,0,"[0, 1]",0,1,1,0,0,0,0,8,21
2024451482396,2024,451482396,522300,163193,-0.24503,51.35466,3,3,4,17:47,-1,E07000208,3,0,1,0,1,"[7, 19]",3,7,0,"[1, 0]","[10, 0]",1,0,0,0,0,0,8,21
2024451482397,2024,451482397,493891,139988,-0.65896,51.15146,3,3,4,13:05,-1,E07000216,6,0,1,0,2,19,"[2, 6]","[6, 2]",0,0,0,1,0,0,0,0,0,8,21
2024451482455,2024,451482455,535164,151246,-0.06492,51.24438,2,2,3,19:12,-1,E07000215,6,0,1,0,2,"[19, 2]","[1, 0]","[5, 0]","[0, 4]",0,0,1,0,0,0,0,0,8,20
2024451482520,2024,451482520,527976,147017,-0.16935,51.20803,2,2,7,09:50,-1,E07000211,3,0,1,0,2,"[9, 19]","[1, 5]","[5, 1]",0,"[0, 7]",0,1,0,1,0,0,0,8,3
2024451482563,2024,451482563,505886,165089,-0.4801,51.37499,3,3,4,12:35,-1,E07000212,4,0,1,0,1,"[15, 19]",2,6,0,0,0,1,1,0,0,0,0,8,21
2024451482691,2024,451482691,500490,167186,-0.557,51.39482,3,3,5,07:27,-1,E07000212,1,0,1,0,2,19,7,3,0,0,0,1,0,0,0,0,0,8,22
2024451482776,2024,451482776,496214,163007,-0.61957,51.358,3,3,5,15:54,-1,E07000214,6,0,1,0,1,"[4, 19]","[3, 7]","[7, 3]",0,0,0,1,0,0,0,0,0,8,22
2024451482819,2024,451482819,513807,164772,-0.36644,51.37061,3,3,5,21:25,-1,E07000207,3,2,1,0,1,19,"[7, 5]","[3, 1]",0,0,0,1,0,1,0,0,0,8,22
2024451482905,2024,451482905,523001,142673,-0.24202,51.17008,3,3,6,06:50,-1,E07000210,6,0,4,1,2,9,7,3,0,7,4,1,0,0,0,0,0,8,23
2024451483004,2024,451483004,500625,153091,-0.55904,51.2681,3,3,6,08:00,-1,E07000209,6,0,2,1,2,19,7,3,0,"[7, 0]",0,1,0,0,0,0,0,8,23
2024451483012,2024,451483012,515763,165180,-0.33822,51.37388,2,2,6,12:22,-1,E07000207,3,0,1,0,1,19,7,3,10,1,0,0,1,0,0,0,0,8,23
2024451483078,2024,451483078,520299,160837,-0.27455,51.33391,2,"[3, 2]",6,14:10,-1,E07000208,4,0,8,0,1,"[19, 2, 9]",3,7,"[0, 4]",0,0,1,0,1,0,0,0,8,23
2024451483125,2024,451483125,504276,165161,-0.5032,51.37594,3,3,6,15:35,-1,E07000212,3,0,1,0,2,19,"[2, 3]","[6, 7]",0,0,0,1,0,0,0,0,0,8,23
2024451483142,2024,451483142,499689,149140,-0.57355,51.23275,3,3,6,15:43,-1,E07000209,3,0,1,0,1,"[7, 19]",5,"[3, 1]",0,0,0,1,1,0,0,0,0,8,23
2024451483162,2024,451483162,499136,158580,-0.57885,51.3177,3,3,6,17:40,-1,E07000217,3,0,1,0,1,"[99, 7]","[-1, 7]","[-1, 3]",0,0,0,1,1,0,0,0,0,8,23
2024451483187,2024,451483187,507034,171532,-0.46167,51.43269,3,3,6,17:00,-1,E07000213,4,0,1,0,1,"[4, 19]","[3, 4]","[7, 8]",0,0,0,1,0,0,0,0,0,8,23
2024451483205,2024,451483205,504036,171666,-0.50474,51.43445,3,3,6,17:02,-1,E07000213,6,0,1,0,1,19,7,3,0,0,0,1,0,0,0,0,0,8,23
2024451483211,2024,451483211,494579,141845,-0.64864,51.16804,3,3,6,16:15,-1,E07000216,3,0,1,0,2,"[19, 4]",6,2,0,0,0,1,0,0,0,0,0,8,23
2024451483510,2024,451483510,525744,159871,-0.19677,51.32405,3,3,6,15:00,-1,E07000211,4,0,3,0,1,"[19, 2]",4,5,0,0,0,1,0,0,0,0,1,8,23
2024451483590,2024,451483590,487418,160828,-0.7464,51.33983,1,1,7,21:40,-1,E07000214,3,2,1,0,1,19,3,7,0,0,0,1,0,0,0,0,1,8,24
2024451483593,2024,451483593,504290,136084,-0.51146,51.11457,3,3,5,14:12,-1,E07000216,3,0,2,1,2,"[19, 5, 9]","[1, 7, 5]","[5, 3, 1]",0,0,0,1,0,0,0,0,0,8,22
2024451483602,2024,451483602,514960,140602,-0.35765,51.15314,3,3,2,12:06,-1,E07000210,4,0,1,0,2,4,6,2,0,0,0,0,0,1,0,0,0,8,19
2024451483724,2024,451483724,516168,156199,-0.33533,51.29308,3,3,1,13:40,-1,E07000210,4,0,1,0,1,"[19, 9]","[5, 1]","[1, 5]",0,0,0,1,0,0,0,0,0,8,25
2024451483741,2024,451483741,494971,159418,-0.63838,51.32594,3,3,7,09:50,-1,E07000214,3,0,4,1,1,"[3, 19]",5,1,0,0,0,1,0,0,0,0,0,8,24
2024451483784,2024,451483784,516264,156764,-0.33377,51.29814,3,3,1,16:02,-1,E07000210,3,0,1,0,1,19,"[7, 3]","[5, 1]",0,0,0,1,1,0,0,0,0,8,25
2024451483872,2024,451483872,504473,166823,-0.49988,51.39084,3,3,2,10:10,-1,E07000212,4,0,1,0,1,"[14, 19]",4,8,0,0,0,1,1,0,0,0,0,8,26
2024451483908,2024,451483908,509747,160819,-0.42596,51.33588,3,3,1,16:48,-1,E07000207,3,0,1,0,2,19,5,1,0,0,0,1,0,0,0,0,0,8,25