collision_index,collision_year,collision_ref_no,location_easting_osgr,location_northing_osgr,longitude,latitude,casualty_severity,casualty_severity,day_of_week,time,local_authority_district,local_authority_ons_district,first_road_class,light_conditions,weather_conditions,road_surface_conditions,urban_or_rural_area,vehicle_manoeuvre,vehicle_direction_from,vehicle_direction_to,hit_object_in_carriageway,vehicle_leaving_carriageway,hit_object_off_carriageway,is_car,is_cyle,is_mcyle,is_goodsv,is_other,is_pedestrian,month,day
2024451483979,2024,451483979,499890,166746,-0.56575,51.39097,3,3,1,17:18,-1,E07000212,1,0,1,0,2,"[4, 19]",7,3,0,0,0,1,0,0,0,0,0,8,25
2024451483997,2024,451483997,527452,156790,-0.17337,51.29598,3,3,2,20:42,-1,E07000211,6,2,1,0,2,19,3,7,11,2,4,1,0,0,0,0,0,8,26
2024451484008,2024,451484008,532979,157253,-0.09398,51.29888,2,2,2,19:40,-1,E07000215,6,0,1,0,1,"[19, 2]","[5, 0]","[1, 0]","[4, 0]",0,0,1,0,0,0,0,1,8,5
2024451484052,2024,451484052,530935,152544,-0.125,51.25703,3,3,1,10:02,-1,E07000215,1,0,1,0,2,19,1,5,0,0,0,1,0,0,0,0,0,8,25
2024451484287,2024,451484287,528034,143318,-0.16984,51.17477,3,3,3,15:20,-1,E07000211,3,0,1,0,1,"[19, 3]",1,5,0,0,0,1,0,0,0,0,0,8,27
2024451484305,2024,451484305,496919,146360,-0.61396,51.20823,3,3,3,15:00,-1,E07000209,4,0,1,0,2,19,"[7, 3]","[3, 7]",0,0,0,1,0,0,0,0,0,8,27
2024451484344,2024,451484344,489079,132029,-0.7297,51.08068,2,"[2, 3]",3,16:13,-1,E07000216,3,2,1,0,2,"[19, 5]","[4, 5]","[8, 1]",0,0,0,1,0,0,0,0,0,8,27
2024451484376,2024,451484376,528455,143945,-0.1636,51.18032,2,2,3,17:00,-1,E07000211,3,0,1,0,1,"[19, 11]",2,6,0,"[1, 0]",0,1,0,0,0,0,0,8,27
2024451484417,2024,451484417,523512,148393,-0.23275,51.22138,3,3,3,20:26,-1,E07000211,6,2,1,0,2,19,3,7,0,7,0,1,0,0,0,0,0,8,27
2024451484421,2024,451484421,488620,134418,-0.73567,51.10223,3,3,3,22:45,-1,E07000216,3,2,1,0,2,19,1,5,0,0,0,1,0,0,0,0,0,8,27
2024451484440,2024,451484440,507743,171650,-0.45144,51.43362,2,2,7,21:15,-1,E07000213,6,2,1,0,1,"[19, 2]","[5, 0, 4]","[1, 0, 8]",0,0,0,1,0,0,0,0,0,8,10
2024451484558,2024,451484558,525015,150315,-0.21057,51.23833,3,3,2,11:15,-1,E07000211,3,0,1,0,1,"[3, 19]",7,3,0,0,0,1,0,1,0,0,0,8,26
2024451484722,2024,451484722,505705,170832,-0.48099,51.42665,3,3,6,16:30,-1,E07000213,6,0,1,0,1,"[-1, 19]","[-1, 1]","[-1, 1]","[-1, 0]","[-1, 0]",0,1,0,0,0,0,0,7,19
2024451484831,2024,451484831,500473,171188,-0.55611,51.4308,2,2,3,22:55,-1,E07000212,3,2,1,0,1,19,6,2,0,0,0,1,0,0,0,0,1,8,27
2024451485088,2024,451485088,516889,157909,-0.32444,51.3083,3,3,5,12:30,-1,E07000210,3,0,1,0,2,"[19, 2]","[7, 0]","[3, 0]","[4, 0]","[0, 1]",0,1,0,0,0,0,0,8,29
2024451485111,2024,451485111,502745,173346,-0.52282,51.44979,3,3,5,14:50,-1,E07000213,1,0,1,0,2,4,5,1,0,0,0,1,0,0,0,0,0,8,29
2024451485142,2024,451485142,510214,157914,-0.42016,51.30968,3,3,4,14:00,-1,E07000207,1,0,1,0,2,"[3, 4]",5,1,0,0,0,1,0,0,0,0,0,8,28
2024451485356,2024,451485356,497775,157946,-0.59855,51.31224,3,3,6,08:00,-1,E07000217,6,0,1,0,1,"[19, 2]","[7, 0]","[3, 0]","[4, 0]",0,0,1,0,0,0,0,1,8,30
2024451485456,2024,451485456,505364,163939,-0.48793,51.36475,2,2,6,11:47,-1,E07000212,3,0,1,0,1,"[9, 13]",5,"[3, 1]",0,0,0,1,0,0,0,1,0,8,30
2024451485462,2024,451485462,485861,160126,-0.76892,51.33375,3,3,6,12:08,-1,E07000214,6,0,1,0,1,"[19, 9]","[7, 3]","[3, 7]","[7, 0]","[1, 0]","[11, 0]",1,0,0,0,0,0,8,30
2024451485463,2024,451485463,528057,150603,-0.16692,51.24024,3,3,6,12:30,-1,E07000211,3,0,1,0,1,"[5, 19]","[5, 1]","[1, 5]","[1, 0]",0,0,1,0,1,0,0,0,8,30
2024451485547,2024,451485547,522005,162493,-0.24951,51.34843,2,2,1,13:15,-1,E07000208,6,0,1,0,1,"[19, 3]",1,5,0,"[0, 7]",0,1,0,1,0,0,0,8,25
2024451485575,2024,451485575,536618,144053,-0.04684,51.1794,3,3,6,17:15,-1,E07000215,3,0,1,0,2,19,5,1,0,0,0,1,0,0,0,0,0,8,30
2024451485576,2024,451485576,538360,157227,-0.01685,51.29737,2,2,5,17:10,-1,E07000215,4,0,1,0,2,"[19, 9]","[7, 5]","[3, 1]",0,"[1, 0]","[9, 0]",1,0,1,0,0,0,8,29
2024451485592,2024,451485592,513626,164740,-0.36905,51.37036,2,2,6,21:45,-1,E07000207,3,2,1,0,1,"[19, 10]","[3, 7]","[7, 3]",0,0,0,1,0,1,0,0,0,8,30
2024451485679,2024,451485679,518636,158083,-0.29933,51.30951,2,2,6,16:35,-1,E07000210,3,0,1,0,1,"[5, 3]",3,7,"[99, 0]",0,0,1,0,0,0,0,0,8,30
2024451485749,2024,451485749,535811,146832,-0.05733,51.20456,3,3,7,09:40,-1,E07000215,3,0,1,0,2,"[8, 19]","[7, 5]","[3, 1]",0,"[0, 1]","[0, 2]",1,0,0,0,0,0,8,31
2024451485750,2024,451485750,516869,147519,-0.32812,51.21492,3,3,7,12:40,-1,E07000210,3,0,1,0,1,"[19, 5]",3,7,0,0,0,1,0,1,0,0,0,8,31
2024451485759,2024,451485759,528415,144000,-0.16415,51.18082,3,3,3,16:30,-1,E07000211,3,0,1,0,1,-1,1,"[3, 5]",0,0,0,1,0,0,0,0,0,8,27
2024451485779,2024,451485779,526457,150218,-0.18996,51.23714,3,3,7,15:49,-1,E07000211,3,0,1,0,1,19,5,1,0,0,0,1,0,0,0,0,0,8,31
2024451485782,2024,451485782,511482,159691,-0.40142,51.3254,3,3,7,15:24,-1,E07000207,3,0,1,0,1,19,3,7,0,0,0,0,1,0,0,0,0,8,31
2024451485887,2024,451485887,502055,151918,-0.53888,51.2573,3,3,7,22:54,-1,E07000209,4,2,1,0,1,19,7,3,0,0,0,0,0,1,0,0,1,8,31
2024451486058,2024,451486058,500005,136732,-0.57247,51.12116,2,2,1,07:30,-1,E07000216,6,0,1,0,2,19,5,1,10,7,11,1,0,0,0,0,0,9,1
2024451486080,2024,451486080,514722,160680,-0.35462,51.33365,2,"[3, 2]",1,13:45,-1,E07000207,6,0,1,0,1,7,3,5,0,1,1,1,0,0,0,0,0,9,1
2024451486083,2024,451486083,528083,143405,-0.16911,51.17555,3,3,6,13:30,-1,E07000211,3,0,1,0,1,3,5,"[1, 3]","[99, 0]",0,0,1,0,1,0,0,0,8,30
2024451486113,2024,451486113,504686,171080,-0.49556,51.42907,3,3,1,18:35,-1,E07000213,6,0,1,0,1,19,5,3,0,0,0,0,1,0,0,0,0,9,1
2024451486142,2024,451486142,501373,160378,-0.54625,51.33347,3,3,1,13:58,-1,E07000217,3,0,1,0,2,"[4, 3]","[6, 7]","[1, 2]",0,0,0,1,1,0,0,0,0,9,1
2024451486144,2024,451486144,499647,152420,-0.57324,51.26224,2,2,1,19:15,-1,E07000209,3,0,1,0,2,"[3, 8]","[1, 5]","[5, 1]",0,0,0,1,0,1,0,0,0,9,1
2024451486148,2024,451486148,500416,167123,-0.55808,51.39427,2,2,1,21:04,-1,E07000212,1,2,1,0,2,"[4, 19]",5,1,0,"[0, 1]",0,1,0,1,0,0,0,9,1
2024451486151,2024,451486151,500098,166882,-0.56272,51.39216,3,3,1,21:10,-1,E07000212,1,2,1,0,2,19,"[6, 5]","[2, 1]",0,0,0,1,0,0,0,0,0,9,1
2024451486156,2024,451486156,509293,166454,-0.43075,51.38662,3,3,1,21:30,-1,E07000213,6,2,1,0,2,-1,-1,-1,-1,-1,0,1,0,0,0,0,1,9,1
2024451486159,2024,451486159,496451,165085,-0.61561,51.37664,3,3,1,00:45,-1,E07000214,4,2,1,0,2,"[19, 9]","[6, 5]","[2, 3]",0,0,0,1,0,0,0,0,0,9,1
2024451486189,2024,451486189,486721,160516,-0.75648,51.33713,3,3,6,13:45,-1,E07000214,3,0,1,0,1,3,"[5, 1]","[1, 5]",0,0,0,1,1,0,0,0,0,8,30
2024451486243,2024,451486243,497172,150882,-0.60912,51.24884,1,1,7,19:10,-1,E07000209,6,0,1,0,1,"[19, 2]","[7, 0]","[3, 0]","[4, 0]",0,0,1,0,0,0,1,0,8,31
2024451486548,2024,451486548,493971,142616,-0.65713,51.17507,3,3,2,15:45,-1,E07000216,3,0,1,0,2,19,6,8,0,"[1, 0]",0,1,0,0,1,0,0,9,2
2024451486641,2024,451486641,508151,159289,-0.44933,51.32243,2,2,7,21:50,-1,E07000209,1,2,1,0,2,19,"[6, 1]","[3, 5]",0,0,0,1,0,0,0,0,0,8,31
2024451486717,2024,451486717,522507,162281,-0.24238,51.34642,3,3,2,16:21,-1,E07000208,3,0,1,0,1,"[7, 19]","[2, 7]",3,0,0,0,1,0,1,0,0,0,9,2
2024451486872,2024,451486872,529123,156149,-0.14965,51.28984,3,3,3,11:37,-1,E07000211,6,0,1,1,2,19,"[1, 5]","[5, 1]",0,0,0,1,0,0,0,0,0,9,3
2024451486873,2024,451486873,537031,140482,-0.0423,51.14721,3,3,3,08:25,-1,E07000215,3,0,1,1,2,"[19, 9]",5,1,0,0,0,1,0,0,0,0,0,9,3
2024451486880,2024,451486880,497888,145891,-0.60022,51.20385,3,3,2,18:26,-1,E07000216,6,2,2,1,1,9,7,5,0,0,0,0,0,1,0,0,0,9,2
2024451486925,2024,451486925,528696,153888,-0.15659,51.26962,3,3,3,15:50,-1,E07000211,6,0,1,0,2,19,"[7, 3]","[3, 7]",0,0,0,1,0,0,0,0,0,9,3
2024451486930,2024,451486930,501547,171929,-0.54046,51.43727,3,3,3,07:30,-1,E07000212,3,2,1,1,2,"[4, 19]",8,4,0,0,0,1,0,0,0,0,0,9,3
2024451486932,2024,451486932,496147,148380,-0.62447,51.22652,3,3,3,17:05,-1,E07000209,3,0,1,0,2,19,6,2,0,"[5, 0]",0,1,0,0,0,0,0,9,3
2024451486958,2024,451486958,528456,153819,-0.16005,51.26906,3,3,3,17:00,-1,E07000211,6,0,1,0,2,"[3, 19]","[7, 3]","[3, 7]",0,0,0,1,0,0,0,0,0,9,3
2024451487009,2024,451487009,500309,149928,-0.56445,51.23972,3,3,2,20:30,-1,E07000209,3,2,1,0,1,"[5, 19]",5,1,0,0,0,1,1,0,0,0,0,9,2
2024451487027,2024,451487027,502718,171572,-0.52372,51.43385,2,2,2,22:30,-1,E07000212,3,2,1,0,1,19,"[5, 7]","[1, 3]",0,0,0,1,0,0,0,0,0,9,2
2024451487038,2024,451487038,530747,153202,-0.12745,51.26299,3,3,3,23:04,-1,E07000211,1,2,1,0,2,19,5,1,"[2, 0]",0,0,1,0,0,0,0,0,9,3
2024451487117,2024,451487117,521047,160854,-0.26381,51.3339,2,2,1,10:57,-1,E07000208,4,0,1,0,1,"[19, 3]","[7, 5]","[3, 1]",0,"[1, 0]",0,1,0,1,0,0,0,7,14
2024451487178,2024,451487178,538570,152251,-0.01577,51.2526,2,2,6,15:00,-1,E07000215,6,0,1,0,1,"[19, 2]",6,2,0,0,0,1,0,0,0,0,0,8,30
2024451487214,2024,451487214,515500,158667,-0.34411,51.3154,3,3,6,22:00,-1,E07000210,1,2,1,0,2,19,3,7,0,0,0,1,0,0,1,1,0,8,30
2024451487290,2024,451487290,510688,160071,-0.41269,51.32897,3,3,4,13:35,-1,E07000207,6,0,1,0,1,"[9, 19]","[7, 1]",5,0,0,0,1,0,1,0,0,0,9,4
2024451487299,2024,451487299,501649,159170,-0.54264,51.32256,3,3,4,13:00,-1,E07000217,6,0,8,0,1,"[7, 19]","[1, -1]","[5, -1]",0,0,0,1,0,0,0,0,0,9,4
2024451487342,2024,451487342,527216,149070,-0.1795,51.22665,3,3,4,03:30,-1,E07000211,6,0,1,0,1,"[19, 5]",7,3,0,0,0,1,0,1,0,0,0,9,4
2024451487371,2024,451487371,505340,166609,-0.48749,51.38876,3,3,4,20:40,-1,E07000212,6,2,1,0,1,"[19, 9]","[1, 7]","[7, 3]",0,0,0,1,0,1,0,0,0,9,4
2024451487375,2024,451487375,514808,156649,-0.35468,51.2974,3,3,3,14:16,-1,E07000210,6,0,1,0,1,19,7,3,0,0,0,0,0,1,0,0,0,9,3
2024451487428,2024,451487428,510529,165745,-0.41321,51.38001,2,"[3, 2]",4,09:30,-1,E07000207,3,0,1,0,1,"[4, 19]",4,8,0,0,0,1,0,0,0,0,0,9,4
2024451487439,2024,451487439,540966,154698,0.01951,51.274,3,3,2,17:00,-1,E07000215,4,0,1,0,2,13,-1,-1,0,-1,0,1,0,0,0,0,0,8,26
2024451487482,2024,451487482,528055,151277,-0.1667,51.2463,3,3,5,06:35,-1,E07000211,3,2,2,1,1,"[9, 19]","[1, 5]","[3, 5]",0,"[1, 3]",0,1,0,0,0,0,0,9,5
2024451487650,2024,451487650,500354,160249,-0.56091,51.33249,3,3,3,16:12,-1,E07000217,3,0,1,0,1,19,1,1,0,0,0,1,0,0,0,0,0,8,27
2024451487713,2024,451487713,541463,155973,0.02713,51.28533,2,2,4,20:15,-1,E07000215,4,2,1,0,2,"[13, 19]","[7, 3]","[3, 7]",0,0,0,1,0,1,0,0,0,9,4
2024451487739,2024,451487739,499428,149627,-0.57715,51.23717,3,3,5,11:18,-1,E07000209,3,0,8,1,1,"[19, 3]","[-1, 1]","[-1, 5]",0,0,0,1,0,0,0,0,0,9,5
2024451487746,2024,451487746,504957,164871,-0.4935,51.37321,3,3,5,15:10,-1,E07000212,6,2,2,1,1,"[5, 4]","[7, 1]","[1, 5]",0,0,0,1,1,0,0,0,0,9,5
2024451487842,2024,451487842,494343,144181,-0.6514,51.18908,3,3,6,01:00,-1,E07000209,3,2,1,1,2,19,1,5,0,2,1,1,0,0,0,0,0,9,6
2024451487853,2024,451487853,496140,143282,-0.62593,51.1807,2,2,3,15:15,-1,E07000216,6,0,1,0,1,"[9, 19]","[8, 5]","[5, 1]",0,0,0,1,1,0,0,0,0,9,3
2024451487943,2024,451487943,514431,160753,-0.35877,51.33436,3,3,6,09:20,-1,E07000207,3,0,1,1,1,19,5,1,0,0,0,1,0,0,0,0,0,9,6
2024451487947,2024,451487947,527151,153210,-0.17896,51.26387,3,3,6,09:20,-1,E07000211,6,0,2,1,2,"[4, 19]",-1,-1,0,0,0,1,0,0,0,0,0,9,6
2024451488076,2024,451488076,534192,157762,-0.0764,51.30317,2,2,6,06:17,-1,E07000215,6,0,1,0,1,19,5,1,0,0,0,1,1,0,0,0,0,8,30
2024451488173,2024,451488173,514626,158648,-0.35665,51.31541,3,3,6,17:29,-1,E07000210,3,2,1,1,2,19,"[1, 5]","[5, 1]",0,0,0,1,0,0,0,0,0,9,6
2024451488215,2024,451488215,509282,165280,-0.43127,51.37607,2,2,1,12:40,-1,E07000207,6,0,1,0,1,"[10, 19]","[5, 4, 3]","[1, 8, 7]",0,"[0, 7]",0,1,0,1,0,0,0,8,25
2024451488260,2024,451488260,491040,163374,-0.69377,51.36215,3,3,6,19:45,-1,E07000214,3,2,1,1,2,"[19, 6]",3,7,0,0,0,1,0,0,0,0,0,9,6
2024451488276,2024,451488276,525841,152467,-0.19799,51.25749,3,3,7,01:11,-1,E07000211,3,2,1,1,2,19,1,7,0,"[0, 1]","[0, 1]",1,0,0,0,0,0,9,7
2024451488403,2024,451488403,491675,163367,-0.68465,51.36198,2,"[2, 3]",6,07:15,-1,E07000214,3,0,2,1,2,"[4, 19, 3]",1,5,0,0,0,1,0,0,0,0,0,9,6
2024451488470,2024,451488470,493271,143098,-0.66702,51.17952,3,3,7,11:20,-1,E07000216,4,0,1,0,2,19,4,4,0,"[7, 0]",0,1,0,0,0,1,0,9,7
2024451488527,2024,451488527,494281,155875,-0.64921,51.29421,2,2,7,10:25,-1,E07000209,6,0,8,0,1,5,3,7,0,0,0,1,0,0,0,0,1,9,7
2024451488540,2024,451488540,521029,160951,-0.26404,51.33478,2,2,6,22:49,-1,E07000208,3,2,8,1,1,11,5,1,0,1,0,1,0,0,0,0,1,9,6
2024451488633,2024,451488633,530589,153181,-0.12972,51.26284,2,2,1,07:30,-1,E07000211,1,0,2,1,2,9,5,7,0,0,0,1,0,0,0,0,0,9,8
2024451488724,2024,451488724,532198,141011,-0.11116,51.1531,2,"[2, 3]",1,13:30,-1,E07000215,4,0,2,1,2,"[19, 9]","[5, 1]","[1, 7]",0,0,0,1,0,0,0,0,0,9,8
2024451488822,2024,451488822,497473,156533,-0.60327,51.29959,2,2,1,19:30,-1,E07000217,6,2,1,1,1,19,6,2,0,0,0,1,0,0,0,0,0,9,8
2024451488945,2024,451488945,496419,164473,-0.61623,51.37114,3,3,2,03:33,-1,E07000214,1,2,2,1,2,"[19, 99]",2,5,"[0, 7]","[1, 0]","[11, 0]",1,0,0,0,0,0,9,9
2024451489006,2024,451489006,528405,143977,-0.1643,51.18061,3,3,2,11:00,-1,E07000211,3,0,1,0,1,19,"[5, 1]","[1, 5]",0,0,0,1,0,0,0,0,0,9,9
2024451489165,2024,451489165,499291,149503,-0.57915,51.23608,3,3,2,11:40,-1,E07000209,3,0,1,0,1,19,5,"[1, 2]",0,0,0,1,0,0,0,0,0,9,9
2024451489188,2024,451489188,488748,148975,-0.73025,51.23307,3,3,2,14:45,-1,E07000209,6,0,1,0,1,"[9, 19]","[1, 3]",7,0,0,0,1,0,0,0,0,0,9,9
2024451489192,2024,451489192,499899,166727,-0.56562,51.3908,3,3,1,15:30,-1,E07000212,1,0,1,0,2,19,6,2,0,0,0,1,0,0,0,0,0,9,8
2024451489197,2024,451489197,526578,152721,-0.18734,51.25961,3,3,2,15:43,-1,E07000211,6,0,1,0,2,19,5,1,0,0,0,1,0,1,0,0,0,9,9
2024451489209,2024,451489209,519021,143016,-0.29881,51.17401,3,3,7,07:07,-1,E07000210,6,0,1,1,2,19,5,1,0,0,0,1,0,0,0,0,0,9,7
2024451489259,2024,451489259,527561,143405,-0.17657,51.17566,3,3,2,18:47,-1,E07000211,6,0,1,0,1,"[9, 19]","[1, 5]","[7, 1]",0,0,0,1,0,0,0,0,0,9,9
2024451489288,2024,451489288,506146,170753,-0.47467,51.42585,2,"[2, 3]",2,19:19,-1,E07000213,4,2,8,0,2,"[5, 12]",1,5,0,0,0,1,0,0,0,0,0,9,9
2024451489294,2024,451489294,514007,165809,-0.36324,51.37989,2,2,2,21:15,-1,E07000207,6,2,1,0,1,19,7,3,0,0,0,0,0,1,0,0,0,9,9
2024451489532,2024,451489532,488651,158068,-0.72939,51.31483,3,3,2,18:57,-1,E07000214,6,0,1,0,1,"[19, 2]",1,1,0,0,0,1,0,1,0,0,0,9,9
2024451489643,2024,451489643,505986,161207,-0.47982,51.34008,3,3,5,17:00,-1,E07000217,3,0,2,1,1,10,1,5,0,0,0,1,0,0,0,0,0,9,5
2024451489723,2024,451489723,493101,139890,-0.67028,51.15071,3,3,3,13:55,-1,E07000216,3,0,1,0,2,"[19, 10]","[2, 7]","[6, 2]",0,0,0,1,0,0,0,0,0,9,10
2024451489773,2024,451489773,510388,160281,-0.41693,51.33092,3,3,3,17:30,-1,E07000207,6,0,1,1,1,"[15, 5]","[3, 6]","[7, 3]",0,"[7, 0]",0,1,0,1,0,0,0,9,10
2024451489776,2024,451489776,488970,155140,-0.72554,51.28846,3,3,3,20:10,-1,E07000214,4,2,2,1,1,4,1,5,0,0,0,1,0,1,0,0,0,9,10
2024451490013,2024,451490013,530509,140424,-0.13551,51.14821,3,3,3,13:40,-1,E07000215,4,0,1,0,2,19,3,7,0,1,0,1,0,0,0,0,0,7,16
2024451490225,2024,451490225,508367,164846,-0.44454,51.37234,2,"[2, 3]",4,20:09,-1,E07000207,6,2,1,1,1,"[19, 9]",1,"[5, 7]",0,0,0,1,0,1,0,0,0,9,11
2024451490237,2024,451490237,493450,147925,-0.6632,51.22288,3,3,4,15:42,-1,E07000209,4,2,1,0,2,"[9, 19]","[7, 1]","[3, 5]",0,0,0,1,0,0,0,1,0,9,11
2024451490359,2024,451490359,506499,172799,-0.46898,51.44418,3,3,5,07:25,-1,E07000213,6,0,1,0,1,"[7, 19]","[5, 7]","[1, 3]",0,0,0,1,1,0,0,0,0,9,12
2024451490517,2024,451490517,512626,154963,-0.3865,51.28268,3,3,5,08:15,-1,E07000210,6,0,1,0,1,19,"[5, 7]","[1, 3]",0,0,0,1,1,0,0,0,0,9,12
2024451490552,2024,451490552,488923,157857,-0.72554,51.31289,3,3,5,12:10,-1,E07000214,6,0,1,0,1,"[2, 19]","[7, 3]","[3, 7]","[0, 4]",0,0,1,0,0,0,0,0,9,12
2024451490659,2024,451490659,506276,174346,-0.47172,51.45813,2,"[3, 2]",5,07:20,-1,E07000213,6,0,1,0,1,"[19, 9]","[3, 5]","[7, 3]",0,0,0,1,0,0,0,0,0,9,12
2024451490680,2024,451490680,509371,157805,-0.43228,51.30886,3,3,4,10:11,-1,E07000207,6,0,1,0,2,19,1,3,0,0,0,1,1,0,0,0,0,9,11
2024451490683,2024,451490683,502759,173422,-0.52259,51.45047,3,3,4,18:06,-1,E07000213,1,0,2,1,2,"[12, 11, 19]",1,1,0,"[1, 0]",0,1,0,0,0,0,0,9,11
2024451490814,2024,451490814,505946,142323,-0.48598,51.17035,3,3,5,23:09,-1,E07000216,6,2,1,1,2,9,1,5,0,2,4,1,0,0,0,0,0,9,12
2024451490816,2024,451490816,499469,150312,-0.57638,51.24332,3,3,6,02:00,-1,E07000209,3,2,1,0,1,"[19, 20]","[5, 1]","[1, 5]",0,0,0,1,0,0,0,0,0,9,13
2024451491049,2024,451491049,516889,156981,-0.32474,51.29996,3,3,6,12:25,-1,E07000210,6,0,1,0,1,-1,-1,-1,-1,-1,0,1,1,0,0,0,0,9,13
2024451491072,2024,451491072,514666,168750,-0.35282,51.40619,2,2,6,13:10,-1,E07000207,3,0,1,0,2,"[99, 19]",3,7,0,0,0,1,1,0,0,0,0,9,13
2024451491163,2024,451491163,510883,147391,-0.41382,51.21496,3,3,7,13:15,-1,E07000210,6,0,1,0,2,19,"[1, 3]","[5, 7]",0,0,0,1,0,0,0,0,0,8,31
2024451491233,2024,451491233,502967,150801,-0.52614,51.2471,3,3,6,15:30,-1,E07000209,3,0,1,0,1,19,"[3, 5]","[7, 1]",0,"[0, 1]","[0, 1]",1,0,0,0,0,0,9,13
2024451491245,2024,451491245,505397,174250,-0.4844,51.45743,3,3,6,18:05,-1,E07000213,4,0,1,0,1,"[19, 9]",7,3,0,0,0,1,0,0,0,0,0,9,13
2024451491246,2024,451491246,486137,148869,-0.76767,51.23252,3,3,6,23:00,-1,E07000216,6,2,1,0,1,-1,-1,-1,-1,-1,0,1,0,0,0,0,1,9,13
2024451491311,2024,451491311,507926,161132,-0.452,51.33904,3,3,6,09:15,-1,E07000207,3,0,8,0,2,"[19, 9]","[8, 4]","[4, 2]","[10, 0]","[1, 0]",0,1,0,1,0,0,0,9,13
2024451491374,2024,451491374,504717,139573,-0.50435,51.14585,2,2,5,13:30,-1,E07000216,4,0,1,0,1,19,"[1, 4]","[4, 1]",0,1,"[0, 9]",1,0,0,0,0,0,9,12
2024451491401,2024,451491401,516738,157295,-0.3268,51.30282,3,3,7,12:00,-1,E07000210,3,0,1,0,1,"[13, 9]","[7, 3]",3,0,0,0,1,0,1,0,0,0,9,14
2024451491444,2024,451491444,501897,171699,-0.53549,51.43514,3,3,6,07:30,-1,E07000212,3,0,1,0,1,19,"[3, 5]",7,0,0,0,1,1,0,0,0,0,9,13
2024451491476,2024,451491476,520928,160840,-0.26553,51.3338,2,"[3, 2]",7,13:30,-1,E07000208,3,0,1,0,1,19,3,7,0,0,0,0,0,1,0,0,1,9,14
2024451491509,2024,451491509,487454,157599,-0.74668,51.3108,3,3,7,16:39,-1,E07000214,6,0,1,0,1,"[13, 19]","[1, 5]","[5, 1]",0,0,0,1,0,0,0,0,0,9,14
2024451491511,2024,451491511,501578,151975,-0.5457,51.2579,3,3,7,20:34,-1,E07000209,6,2,1,0,1,"[2, 1]",1,5,0,0,0,1,0,0,0,0,1,9,14
2024451491578,2024,451491578,513567,162145,-0.37073,51.34705,2,2,7,18:40,-1,E07000207,3,0,1,1,2,"[19, -1]","[1, -1]","[5, -1]","[0, -1]","[1, -1]","[4, 0]",1,0,0,0,0,0,9,7
2024451491583,2024,451491583,527785,142763,-0.1736,51.16984,2,2,7,17:30,-1,E07000211,3,0,1,0,1,"[4, 19]",5,1,0,0,0,1,1,0,0,0,0,9,14
2024451491620,2024,451491620,516461,151854,-0.33255,51.25397,3,3,7,11:00,-1,E07000210,6,0,1,0,1,"[1, 3]","[3, 7]","[7, 3]","[99, 10]","[0, 1]",0,1,1,0,0,0,0,9,14
2024451491670,2024,451491670,535493,158647,-0.05741,51.31081,3,3,1,13:55,-1,E07000215,4,0,8,0,1,"[3, 19]",8,4,0,0,0,1,0,0,0,0,0,9,15
2024451491731,2024,451491731,522063,163000,-0.2485,51.35297,2,2,7,12:00,-1,E07000208,4,0,1,0,1,19,6,2,99,0,0,0,1,0,0,0,0,9,14
2024451491779,2024,451491779,521647,143308,-0.26117,51.17608,2,2,1,14:35,-1,E07000210,6,2,1,0,2,"[13, 19]","[7, 3]","[3, 7]",0,"[7, 0]",0,1,0,1,0,0,0,9,15
2024451491953,2024,451491953,522986,162001,-0.2356,51.3438,2,2,2,08:51,-1,E07000208,6,0,1,0,1,19,"[5, 6]","[1, 2]",0,0,0,1,1,0,0,0,0,9,16
2024451492098,2024,451492098,504016,160292,-0.50835,51.33222,3,3,6,16:37,-1,E07000217,4,0,1,0,1,"[19, -1]",-1,-1,-1,-1,0,1,0,0,0,0,0,9,13
2024451492123,2024,451492123,505795,160495,-0.48277,51.33372,3,3,2,10:00,-1,E07000217,1,0,8,0,2,"[19, 3]",1,5,0,0,0,1,0,0,0,0,0,9,16
2024451492137,2024,451492137,501441,158776,-0.54573,51.31906,2,2,2,10:30,-1,E07000217,6,0,1,0,1,"[99, 19]",3,7,99,0,0,1,1,0,0,0,0,9,16
2024451492155,2024,451492155,499585,149541,-0.57493,51.23637,3,3,2,16:00,-1,E07000209,6,0,8,0,1,99,7,3,0,0,0,0,0,1,0,0,1,9,16
2024451492176,2024,451492176,523019,158043,-0.23649,51.30822,3,3,7,04:14,-1,E07000211,4,2,1,0,1,19,-1,-1,4,0,0,1,0,0,0,0,0,9,14
2024451492200,2024,451492200,533164,155926,-0.09182,51.28691,3,3,2,17:40,-1,E07000215,4,0,1,0,1,3,6,2,0,0,0,1,0,1,0,0,0,9,16
2024451492253,2024,451492253,524495,152459,-0.21727,51.25771,3,3,3,00:15,-1,E07000211,1,2,1,0,2,19,7,3,"[0, 4]","[4, 0]","[7, 0]",1,0,0,0,0,0,9,17
2024451492315,2024,451492315,497710,143111,-0.60353,51.17889,3,3,4,08:40,-1,E07000216,4,0,1,0,2,19,1,1,0,0,0,1,0,0,0,0,1,9,11
2024451492320,2024,451492320,494620,147038,-0.64669,51.21471,3,3,2,07:35,-1,E07000209,3,0,1,0,1,19,5,1,0,0,0,1,0,0,0,0,0,9,16
2024451492369,2024,451492369,503154,171054,-0.5176,51.42911,3,3,6,21:26,-1,E07000212,6,2,1,1,1,"[7, 19]","[4, 1]","[8, 5]",0,0,0,1,0,0,0,0,0,9,13