collision_index,collision_year,collision_ref_no,location_easting_osgr,location_northing_osgr,longitude,latitude,casualty_severity,casualty_severity,day_of_week,time,local_authority_district,local_authority_ons_district,first_road_class,light_conditions,weather_conditions,road_surface_conditions,urban_or_rural_area,vehicle_manoeuvre,vehicle_direction_from,vehicle_direction_to,hit_object_in_carriageway,vehicle_leaving_carriageway,hit_object_off_carriageway,is_car,is_cyle,is_mcyle,is_goodsv,is_other,is_pedestrian,month,day
2024451492370,2024,451492370,522707,158191,-0.24091,51.30961,2,"[3, 2]",3,06:04,-1,E07000211,4,2,1,0,1,19,"[7, 3]","[3, 7]",0,0,0,1,0,0,0,0,0,9,17
2024451492371,2024,451492371,504512,171274,-0.49801,51.43084,3,3,3,09:10,-1,E07000213,6,0,1,0,1,"[11, 7]","[5, 1]","[1, 5]",0,0,0,1,0,0,0,0,0,9,17
2024451492426,2024,451492426,516617,156354,-0.32885,51.29438,3,3,2,19:15,-1,E07000210,6,0,1,0,1,"[1, 8]",1,5,0,0,0,1,0,0,0,0,0,9,16
2024451492494,2024,451492494,527423,145379,-0.17785,51.19343,3,3,1,10:58,-1,E07000211,6,0,1,0,1,19,1,5,0,0,0,0,1,0,0,0,0,9,15
2024451492509,2024,451492509,503983,164636,-0.50756,51.37127,2,2,3,13:00,-1,E07000212,1,2,1,0,2,"[19, 4]","[1, 3]",1,0,0,0,1,0,0,1,0,0,9,17
2024451492529,2024,451492529,503865,160262,-0.51053,51.33198,2,2,6,17:55,-1,E07000217,6,0,1,0,1,"[2, 19]","[1, 3]","[5, 7]",0,0,0,1,1,0,0,0,0,7,26
2024451492542,2024,451492542,527344,157055,-0.17483,51.29839,3,3,6,08:30,-1,E07000211,6,0,1,1,2,4,7,3,0,0,0,1,0,0,0,0,0,8,16
2024451492547,2024,451492547,528370,148028,-0.16336,51.21703,3,3,6,14:00,-1,E07000211,6,0,1,0,2,19,3,7,0,7,2,1,0,0,0,0,0,8,16
2024451492562,2024,451492562,513776,168320,-0.36575,51.40251,3,3,2,16:34,-1,E07000207,4,0,1,0,1,"[9, 99]","[1, 3]","[3, 7]",0,0,0,1,0,1,0,0,0,9,16
2024451492829,2024,451492829,522271,162161,-0.24581,51.34539,2,2,4,18:15,-1,E07000208,6,0,1,1,1,"[19, 7]",1,3,0,0,0,1,1,0,0,0,0,9,11
2024451492902,2024,451492902,509204,169659,-0.43104,51.41544,3,3,3,17:50,-1,E07000213,6,0,1,-1,1,-1,-1,-1,-1,-1,0,0,1,0,1,0,0,9,3
2024451492912,2024,451492912,495362,141385,-0.63756,51.16377,3,3,3,10:00,-1,E07000216,6,0,1,0,2,-1,-1,-1,-1,-1,0,1,1,0,0,0,0,9,3
2024451492976,2024,451492976,489084,161585,-0.7223,51.34638,2,2,4,13:00,-1,E07000214,6,0,1,0,1,9,5,1,0,1,2,0,1,0,0,0,0,9,18
2024451493002,2024,451493002,515985,156031,-0.33801,51.29161,2,"[2, 3]",2,15:50,-1,E07000210,6,0,1,0,1,19,"[6, 8]","[2, 4]",0,"[1, 0]",0,1,0,0,0,0,0,9,9
2024451493023,2024,451493023,504189,162252,-0.5053,51.34981,3,3,4,08:43,-1,E07000212,6,0,1,0,1,19,3,7,0,0,0,1,0,0,0,0,1,9,18
2024451493024,2024,451493024,508466,159842,-0.44464,51.32734,2,2,4,12:38,-1,E07000207,3,0,1,0,2,19,"[1, 8]","[5, 4]",0,0,0,1,0,1,0,0,0,9,18
2024451493094,2024,451493094,495905,135730,-0.6313,51.11285,2,2,2,14:55,-1,E07000216,6,0,1,0,2,19,5,1,0,0,0,1,0,0,0,0,1,6,10
2024451493097,2024,451493097,517238,140088,-0.32526,51.14806,3,3,4,12:50,-1,E07000210,6,0,1,0,2,"[19, 11]","[5, 1]","[1, 5]",0,"[6, 1]",0,1,0,0,0,0,0,7,10
2024451493108,2024,451493108,506993,164115,-0.46449,51.36603,3,3,4,08:27,-1,E07000207,6,0,1,0,2,19,-1,-1,0,0,0,1,0,0,0,0,1,9,18
2024451493115,2024,451493115,505917,172264,-0.47751,51.43948,3,3,1,20:55,-1,E07000213,6,2,1,0,1,19,5,1,0,0,0,1,0,0,0,0,1,7,21
2024451493150,2024,451493150,504565,163661,-0.49949,51.3624,3,3,4,16:10,-1,E07000212,1,0,1,0,1,"[99, 19]",4,8,0,0,0,1,0,0,0,0,0,9,18
2024451493158,2024,451493158,499770,170715,-0.56636,51.42667,3,3,4,17:40,-1,E07000212,3,0,1,0,1,19,7,2,0,0,0,1,0,0,0,0,1,9,18
2024451493230,2024,451493230,503120,164775,-0.51991,51.37268,2,"[2, 3]",3,16:05,-1,E07000212,3,0,1,0,2,19,3,7,0,0,0,1,0,0,1,0,0,9,17
2024451493240,2024,451493240,513350,164567,-0.37307,51.36886,2,2,4,13:44,-1,E07000207,3,0,1,0,1,19,2,6,0,0,0,0,1,0,0,0,0,9,18
2024451493322,2024,451493322,495945,143688,-0.62861,51.18438,2,"[3, 2]",3,08:00,-1,E07000216,6,0,1,0,1,"[99, 1]","[5, 1]","[1, 5]",0,0,0,1,0,0,0,0,0,9,17
2024451493391,2024,451493391,494764,141107,-0.64619,51.16137,3,3,4,08:00,-1,E07000216,6,0,8,0,2,19,3,7,0,0,0,1,0,0,0,0,1,9,18
2024451493437,2024,451493437,507357,165281,-0.45891,51.37644,2,2,5,08:20,-1,E07000207,6,0,1,0,1,15,"[5, 7]","[7, 3]",0,0,0,1,1,0,0,0,0,9,19
2024451493521,2024,451493521,534720,156624,-0.06926,51.29282,3,3,7,19:43,-1,E07000215,3,2,1,0,2,19,5,1,0,0,0,1,0,0,0,0,0,8,31
2024451493539,2024,451493539,501377,160341,-0.54621,51.33314,3,3,5,15:00,-1,E07000217,3,0,1,0,2,"[19, 11]","[3, 5]",7,0,0,0,1,0,1,0,0,0,9,19
2024451493570,2024,451493570,499547,156116,-0.57364,51.29548,3,3,5,15:50,-1,E07000217,4,0,1,0,1,"[4, 5]","[3, 1]",5,0,0,0,1,1,0,0,0,0,9,19
2024451493585,2024,451493585,503799,169042,-0.50892,51.41091,2,"[2, 3]",5,14:40,-1,E07000212,3,0,1,0,2,"[19, -1]","[1, -1]","[5, -1]","[0, -1]","[0, -1]",0,0,0,0,1,0,0,9,19
2024451493663,2024,451493663,517203,149829,-0.32258,51.23562,3,3,5,19:55,-1,E07000210,3,2,1,0,1,19,"[7, 1]","[5, 7]",0,"[0, 2]",0,1,0,1,0,0,0,9,19
2024451493675,2024,451493675,491502,164246,-0.68691,51.36991,3,3,6,10:00,-1,E07000214,3,0,1,1,2,19,5,8,0,5,6,1,0,0,0,0,0,9,6
2024451493688,2024,451493688,521541,162655,-0.25611,51.34999,3,3,3,18:00,-1,E07000208,4,0,1,0,1,5,7,2,0,0,0,1,0,0,0,0,1,9,17
2024451493797,2024,451493797,493007,141102,-0.67131,51.16162,3,3,7,04:20,-1,E07000216,3,2,2,1,2,19,3,7,0,1,0,1,0,0,0,0,0,8,24
2024451493827,2024,451493827,506245,170825,-0.47322,51.42648,3,3,4,20:00,-1,E07000213,4,2,1,0,2,"[3, 19]",6,2,0,0,0,1,0,1,0,0,0,9,18
2024451493830,2024,451493830,499680,166586,-0.56881,51.38957,3,3,6,12:45,-1,E07000212,1,0,1,0,2,19,"[5, 6]","[1, 2]",0,0,0,1,0,0,1,0,0,8,23
2024451493852,2024,451493852,498957,150834,-0.58356,51.2481,3,3,5,16:30,-1,E07000209,6,0,1,0,1,"[5, 3]",3,7,0,0,0,1,0,0,1,0,0,9,19
2024451493877,2024,451493877,490439,147776,-0.70634,51.22203,3,3,5,20:34,-1,E07000209,6,2,1,0,2,19,7,3,0,7,10,1,0,0,0,0,0,9,19
2024451493900,2024,451493900,509362,166474,-0.42975,51.38678,2,2,6,21:50,-1,E07000213,3,2,1,0,2,19,4,8,0,0,0,1,0,0,0,0,0,8,30
2024451494116,2024,451494116,522782,158317,-0.2398,51.31073,3,3,4,14:44,-1,E07000211,4,0,1,0,1,"[2, 19]","[0, 5]","[0, 1]","[0, 4]",0,0,1,0,0,0,0,0,9,18
2024451494180,2024,451494180,496858,140656,-0.61637,51.15697,2,2,7,10:17,-1,E07000216,6,0,2,1,2,"[5, 19]","[3, 6]","[7, 2]",0,0,0,1,1,0,0,0,0,9,21
2024451494185,2024,451494185,501552,171930,-0.54039,51.43728,3,3,7,06:20,-1,E07000212,3,2,1,1,2,"[9, 19]","[4, 8]","[8, 4]",0,"[0, 1]",0,1,1,0,0,0,0,9,21
2024451494191,2024,451494191,504424,166850,-0.50058,51.39109,3,3,7,10:50,-1,E07000212,4,0,1,1,1,5,8,4,0,0,0,0,0,0,0,1,0,9,21
2024451494260,2024,451494260,503651,160842,-0.51343,51.33723,2,2,7,13:30,-1,E07000217,6,2,2,1,1,19,3,1,0,7,2,1,0,0,0,0,0,9,21
2024451494291,2024,451494291,537569,157889,-0.02793,51.30351,2,"[3, 2]",7,13:07,-1,E07000215,4,0,1,0,2,"[19, 13]","[4, 7]","[8, 3]",0,"[2, 0]",0,1,0,0,0,0,0,9,21
2024451494292,2024,451494292,513861,164638,-0.36571,51.3694,3,3,7,16:45,-1,E07000207,3,0,1,0,1,19,3,"[1, 7]",0,0,0,1,0,0,0,0,0,9,21
2024451494293,2024,451494293,487437,158663,-0.74666,51.32036,3,3,6,10:54,-1,E07000214,1,0,1,0,1,19,"[5, 6]","[1, 2]","[2, 0]",0,0,1,0,0,0,0,0,8,30
2024451494329,2024,451494329,493120,162141,-0.66422,51.35073,3,3,4,19:50,-1,E07000214,6,0,1,0,2,"[19, 2]","[5, 1]",1,0,0,0,1,0,0,0,0,0,9,18
2024451494395,2024,451494395,528176,152083,-0.16468,51.25352,3,3,5,17:50,-1,E07000211,3,0,1,0,1,"[19, 5]","[5, 7]","[1, 5]",0,0,0,1,0,1,0,0,0,9,19
2024451494518,2024,451494518,523564,148321,-0.23203,51.22072,3,3,1,11:47,-1,E07000211,6,2,1,1,2,19,1,5,0,0,0,1,0,0,0,0,1,9,22
2024451494547,2024,451494547,498145,149910,-0.59545,51.23994,3,3,1,13:58,-1,E07000209,6,0,1,0,1,19,4,7,0,0,0,1,0,0,0,0,1,9,22
2024451494566,2024,451494566,504338,160923,-0.50355,51.33783,3,3,1,15:45,-1,E07000217,3,0,1,0,1,"[19, 9]",4,8,0,0,0,1,0,0,0,0,0,9,22
2024451494592,2024,451494592,505141,164655,-0.49092,51.37123,3,3,1,15:00,-1,E07000212,6,0,1,1,1,"[19, 5]","[7, 1]","[3, 5]",0,0,0,1,1,0,0,0,0,9,22
2024451494593,2024,451494593,488227,135129,-0.74111,51.10868,3,3,1,16:05,-1,E07000216,3,2,1,0,2,19,6,2,0,5,10,1,0,0,0,0,0,9,22
2024451494595,2024,451494595,504346,164335,-0.50243,51.3685,3,3,2,18:00,-1,E07000212,4,0,9,0,1,19,1,5,0,0,0,0,1,0,1,0,0,7,22
2024451494606,2024,451494606,489644,140684,-0.71949,51.1584,2,"[3, 2]",6,15:27,-1,E07000216,6,0,1,1,2,19,3,5,0,7,4,1,0,0,0,0,0,9,20
2024451494625,2024,451494625,537287,157950,-0.03195,51.30412,3,3,6,15:00,-1,E07000215,4,0,1,0,2,"[19, 9]","[3, 5]","[7, 1]",0,0,0,1,0,0,0,0,0,9,20
2024451494640,2024,451494640,499799,166685,-0.56707,51.39044,2,2,6,18:00,-1,E07000212,1,0,1,0,2,4,6,2,0,0,0,1,0,0,0,0,0,9,20
2024451494643,2024,451494643,511864,157574,-0.3966,51.3063,3,3,2,13:27,-1,E07000207,1,0,1,0,2,19,3,7,0,0,0,1,0,0,0,0,0,9,9
2024451494777,2024,451494777,500951,167538,-0.55028,51.3979,3,3,1,18:30,-1,E07000212,1,0,1,1,2,"[4, 99, 19]",5,1,0,0,0,1,0,0,0,0,0,9,22
2024451494793,2024,451494793,516097,166346,-0.33305,51.3843,2,2,2,07:35,-1,E07000207,6,0,2,1,1,"[5, 19]","[1, 7]",3,0,0,0,1,1,0,0,0,0,9,23
2024451494917,2024,451494917,520591,160717,-0.2704,51.33277,3,3,1,12:45,-1,E07000208,3,0,1,1,1,99,1,5,99,0,0,1,0,1,0,0,0,9,22
2024451494922,2024,451494922,540437,142477,0.00714,51.16431,2,2,2,13:25,-1,E07000215,6,0,8,1,2,"[19, 5]","[1, 3]",5,0,0,0,1,0,0,0,0,0,9,23
2024451494974,2024,451494974,537027,157578,-0.03582,51.30084,2,2,2,15:30,-1,E07000215,6,2,1,1,2,19,"[6, 2]","[2, 6]",0,0,0,1,0,0,0,0,0,9,23
2024451494986,2024,451494986,513599,165440,-0.36922,51.37666,2,2,2,15:05,-1,E07000207,6,0,1,0,1,19,1,5,0,0,0,1,1,0,0,0,0,9,23
2024451495010,2024,451495010,505267,164550,-0.48915,51.37026,3,3,2,15:50,-1,E07000212,6,0,1,0,1,19,3,1,0,0,0,1,0,0,0,0,1,9,23
2024451495013,2024,451495013,506307,171646,-0.47209,51.43385,3,3,2,16:09,-1,E07000213,6,0,1,0,1,"[19, 14, 2]","[5, 1, 0]","[1, 5, 0]",0,0,0,1,0,0,0,0,0,9,23
2024451495057,2024,451495057,529529,151473,-0.14553,51.24773,3,3,3,04:50,-1,E07000211,6,2,2,1,2,5,5,1,0,0,0,0,1,0,0,0,0,9,24
2024451495135,2024,451495135,489247,161638,-0.71995,51.34683,3,3,3,08:30,-1,E07000214,3,0,2,1,1,"[19, 6]","[3, 1]","[7, 5]",0,0,0,1,0,1,0,0,0,9,24
2024451495138,2024,451495138,507844,159385,-0.4537,51.32335,3,3,2,20:20,-1,E07000209,1,2,2,1,2,"[19, 3]",7,3,0,0,0,1,0,0,0,0,0,9,23
2024451495142,2024,451495142,495282,141518,-0.63867,51.16498,2,2,3,07:10,-1,E07000216,6,2,1,1,2,19,5,1,0,0,0,0,0,0,1,0,1,9,24
2024451495231,2024,451495231,515347,168390,-0.34315,51.40282,2,2,5,08:50,-1,E07000207,3,0,2,1,1,"[13, 3]",6,2,"[4, 0]",0,0,1,0,1,0,0,0,9,5
2024451495382,2024,451495382,525404,150807,-0.20483,51.24266,3,3,2,10:50,-1,E07000211,6,0,8,0,1,9,4,2,0,0,0,1,0,0,0,0,1,9,23
2024451495503,2024,451495503,515392,164742,-0.34369,51.37002,2,2,3,17:28,-1,E07000207,6,0,1,0,1,"[2, 19]","[0, 2]","[0, 6]",0,0,0,1,1,0,0,0,0,9,24
2024451495532,2024,451495532,535031,153157,-0.06611,51.26159,3,3,3,20:07,-1,E07000215,3,2,1,0,2,"[15, 11]",5,1,0,"[1, 0]","[2, 0]",1,0,0,0,0,0,9,24
2024451495533,2024,451495533,530811,152885,-0.12665,51.26013,3,3,3,20:05,-1,E07000215,1,2,1,0,2,19,5,"[1, 3]",0,"[7, 0]",0,1,0,0,0,0,0,9,24
2024451495550,2024,451495550,518961,156257,-0.29528,51.29303,3,3,4,03:05,-1,E07000210,1,2,1,0,2,"[19, 12]",3,7,0,0,0,1,0,0,1,0,0,9,25
2024451495669,2024,451495669,517517,152277,-0.31728,51.25755,2,2,7,10:05,-1,E07000210,6,0,1,0,2,19,1,5,0,0,0,0,0,1,0,0,0,9,14
2024451495813,2024,451495813,505964,161212,-0.48013,51.34013,3,3,2,21:30,-1,E07000217,3,0,1,1,1,19,"[1, 7]","[5, 3]",0,0,0,1,0,1,0,0,0,9,23
2024451495836,2024,451495836,510601,167043,-0.41177,51.39166,3,3,2,08:16,-1,E07000207,3,0,2,1,1,19,"[8, 2]","[4, 6]",0,0,0,1,0,0,0,0,0,9,23
2024451495840,2024,451495840,525512,159745,-0.20015,51.32297,3,3,4,12:35,-1,E07000211,4,0,1,0,1,4,7,3,0,0,0,1,0,0,0,0,1,9,25
2024451495990,2024,451495990,498320,155917,-0.59129,51.2939,2,2,4,22:57,-1,E07000217,4,2,1,1,2,19,3,7,0,7,3,1,0,0,0,0,0,9,25
2024451495995,2024,451495995,499409,150585,-0.57716,51.24579,2,2,5,00:10,-1,E07000209,6,2,1,1,1,19,5,5,0,0,0,1,0,0,0,0,1,9,26
2024451496068,2024,451496068,499863,157682,-0.56868,51.3095,3,3,5,08:35,-1,E07000217,6,0,1,1,1,"[19, 9]","[7, 1]","[3, 7]",0,"[7, 0]",0,1,0,1,0,0,0,9,26
2024451496091,2024,451496091,510345,141650,-0.42329,51.16347,3,3,6,18:37,-1,E07000216,6,0,9,-1,2,"[-1, 19]",-1,-1,0,0,0,1,0,0,0,0,0,9,20
2024451496099,2024,451496099,537675,143348,-0.032,51.17281,3,3,5,07:40,-1,E07000215,4,0,8,1,2,19,"[2, 6]","[6, 2]",0,0,0,1,0,0,0,0,0,9,26
2024451496229,2024,451496229,510026,170010,-0.41912,51.41844,3,3,5,11:11,-1,E07000213,6,0,2,1,1,"[12, 19]","[7, 1]","[3, 5]",0,0,0,1,0,1,0,0,0,9,26
2024451496313,2024,451496313,502341,164059,-0.53131,51.36638,3,3,5,08:55,-1,E07000212,3,0,8,1,1,"[4, 19]",6,2,0,0,0,1,0,1,0,0,0,9,26
2024451496343,2024,451496343,531807,143350,-0.11589,51.17421,2,"[2, 3]",4,07:55,-1,E07000215,6,0,1,0,2,"[7, 19]","[3, 5]","[5, 1]",0,0,0,1,0,0,1,0,0,9,25
2024451496375,2024,451496375,494729,155941,-0.64277,51.29473,3,3,5,13:37,-1,E07000209,6,0,2,1,1,"[19, 5]",6,2,0,0,0,1,0,0,0,0,0,9,26
2024451496429,2024,451496429,510005,170031,-0.41941,51.41863,3,3,5,19:40,-1,E07000213,1,2,2,1,1,"[99, 5]","[1, 5]","[5, 1]",0,0,0,1,0,0,0,0,0,9,26
2024451496456,2024,451496456,499069,158621,-0.5798,51.31808,3,3,5,06:40,-1,E07000217,3,0,1,1,1,"[4, 99]","[-1, 7]","[-1, 3]",0,0,0,1,1,0,0,0,0,9,26
2024451496481,2024,451496481,502482,150517,-0.53317,51.24463,3,3,5,15:15,-1,E07000209,3,0,1,1,1,19,1,5,0,0,0,1,0,0,0,0,1,9,26
2024451496488,2024,451496488,490437,149498,-0.70594,51.23751,2,2,5,14:15,-1,E07000209,6,0,1,1,2,2,0,0,0,0,0,0,0,0,0,1,1,9,26
2024451496749,2024,451496749,509114,161303,-0.4349,51.34035,3,3,6,12:00,-1,E07000207,4,0,2,1,1,"[-1, 3, 19]","[-1, 5, 1]","[-1, 1, 5]","[-1, 0]","[-1, 0]",0,1,0,0,0,0,0,9,27
2024451496760,2024,451496760,510074,166210,-0.4196,51.38427,3,3,6,15:10,-1,E07000207,3,0,1,0,1,"[12, 9]",7,3,0,"[0, 1]",0,1,0,1,0,0,0,9,27
2024451496767,2024,451496767,510513,170006,-0.41212,51.41831,2,2,2,06:30,-1,E07000213,3,2,2,1,1,"[19, 9]","[3, 1]","[7, 6]",0,0,0,1,0,1,0,0,0,9,23
2024451496805,2024,451496805,487208,158496,-0.74999,51.3189,3,3,6,16:17,-1,E07000214,4,0,1,0,1,"[2, 19]","[3, 4]","[7, 8]","[0, 4]",0,0,1,0,0,0,0,0,9,27
2024451496866,2024,451496866,492833,161545,-0.6685,51.34542,3,3,6,15:35,-1,E07000214,6,0,1,0,2,"[9, 19]","[1, 7]","[7, 3]",0,"[7, 0]",0,1,0,1,0,0,0,9,27
2024451496885,2024,451496885,543156,143739,0.04651,51.17498,3,3,7,11:30,-1,E07000215,4,0,1,0,2,19,2,6,0,1,3,1,0,0,0,0,0,9,14
2024451496893,2024,451496893,512226,165735,-0.38884,51.37958,2,2,6,15:10,-1,E07000207,6,0,1,1,1,"[2, 19]",1,5,"[0, 4]","[1, 0]",0,1,0,0,0,0,0,9,27
2024451496894,2024,451496894,483109,146345,-0.81161,51.21027,3,3,6,20:20,-1,E07000216,6,2,1,0,2,19,1,4,0,0,0,1,0,0,0,0,1,9,27
2024451497036,2024,451497036,504154,174792,-0.50212,51.46253,2,2,7,08:45,-1,E07000213,6,0,1,0,1,"[9, 19]","[2, 1]","[8, 7]",0,0,0,1,1,0,0,0,1,9,28
2024451497078,2024,451497078,501388,165556,-0.54456,51.38001,2,2,7,12:35,-1,E07000212,4,0,1,1,2,"[2, 19]","[3, 1]","[7, 6]",0,0,0,1,1,0,0,0,0,9,28
2024451497106,2024,451497106,520295,163236,-0.2738,51.35547,2,2,7,10:55,-1,E07000208,4,0,1,0,2,"[15, 9]","[7, 3]","[3, 7]",0,0,0,1,1,0,0,0,0,9,28
2024451497183,2024,451497183,536977,145153,-0.04129,51.1892,2,"[3, 2]",5,15:30,-1,E07000215,4,0,1,1,2,19,"[7, 3]","[3, 7]",0,0,0,1,0,0,0,0,0,9,26
2024451497207,2024,451497207,527183,150917,-0.17932,51.24326,2,2,5,06:40,-1,E07000211,6,0,2,1,1,19,1,5,0,0,0,0,1,0,0,0,0,9,26
2024451497208,2024,451497208,491026,143591,-0.699,51.18431,3,3,7,19:30,-1,E07000216,4,2,1,0,2,"[2, 19]","[0, 3]","[0, 7]","[0, 11]",0,0,1,0,0,0,1,0,9,28
2024451497210,2024,451497210,511569,169476,-0.3971,51.41334,3,3,7,20:20,-1,E07000213,3,2,1,0,1,"[13, 19]","[3, 7]","[7, 3]",0,0,0,1,0,0,0,0,0,9,28
2024451497409,2024,451497409,520772,163705,-0.26679,51.35959,3,3,1,12:07,-1,E07000208,6,0,1,0,1,1,1,5,0,0,0,1,0,0,0,0,1,9,29
2024451497418,2024,451497418,501345,159019,-0.54704,51.32126,2,2,7,16:47,-1,E07000217,6,0,1,0,1,"[9, 19]","[3, 7]","[1, 3]",0,0,0,1,0,1,0,0,0,9,28
2024451497428,2024,451497428,521906,140200,-0.25851,51.14809,2,2,1,14:49,-1,E07000210,6,0,1,0,2,19,5,1,0,0,0,0,0,1,0,0,0,9,29
2024451497474,2024,451497474,527709,153679,-0.1708,51.26797,2,"[3, 2]",5,15:53,-1,E07000211,1,0,2,1,2,19,7,3,0,0,0,1,0,0,0,0,0,9,26
2024451497490,2024,451497490,522949,155557,-0.23835,51.28589,3,3,1,14:40,-1,E07000211,4,0,1,0,2,19,"[6, 3]","[2, 3]",0,0,0,1,0,0,0,0,0,9,29
2024451497494,2024,451497494,503331,167148,-0.51619,51.39397,3,3,1,09:00,-1,E07000212,3,0,1,0,2,"[8, 9]","[4, 6]",8,0,0,0,1,1,0,0,0,0,9,29
2024451497498,2024,451497498,489664,159060,-0.71461,51.32359,3,3,4,08:50,-1,E07000214,6,0,1,1,1,"[19, 9]","[3, 1]",7,0,"[0, 7]","[0, 1]",1,0,0,0,0,0,9,25
2024451497517,2024,451497517,510013,160534,-0.42223,51.33327,3,3,1,18:44,-1,E07000207,3,0,1,0,1,"[9, 2, 19]","[3, 7]","[7, 3, 4]",0,0,0,1,0,1,0,0,0,9,29
2024451497552,2024,451497552,530858,146579,-0.12828,51.20344,3,3,2,05:55,-1,E07000215,1,2,2,1,2,19,5,1,0,0,0,1,0,0,0,0,0,9,30
2024451497607,2024,451497607,510079,168211,-0.41891,51.40226,3,3,1,10:50,-1,E07000213,6,0,1,0,1,"[19, 2]","[2, 0]","[6, 0]",0,0,0,1,0,0,0,0,1,9,29
2024451497611,2024,451497611,496991,158629,-0.60961,51.31851,3,3,2,08:23,-1,E07000217,6,0,1,1,1,"[9, 19]","[3, 5]","[5, 1]",0,0,0,1,1,0,0,0,0,9,30
2024451497724,2024,451497724,507643,159433,-0.45657,51.32382,2,2,7,17:50,-1,E07000209,1,0,1,0,2,"[11, 19]",7,3,"[0, 99]",0,0,1,0,0,0,0,0,9,28
2024451497726,2024,451497726,533320,156384,-0.08941,51.29099,3,3,2,08:10,-1,E07000215,6,0,2,1,1,19,5,1,0,0,0,1,0,0,0,0,1,9,30
2024451497772,2024,451497772,485139,147391,-0.78231,51.21938,2,2,2,09:00,-1,E07000216,3,0,1,1,1,"[19, 9]","[3, 7]","[7, 3]",0,0,0,1,0,1,0,0,0,9,30
2024451497846,2024,451497846,514113,163482,-0.36246,51.35896,3,3,2,14:44,-1,E07000207,3,0,1,0,1,19,"[5, 1]","[1, 5]",0,0,0,1,0,0,0,0,0,9,30
2024451497941,2024,451497941,507517,164954,-0.45671,51.37347,3,3,2,20:05,-1,E07000207,3,2,1,0,1,"[19, 5]",7,3,0,0,0,1,0,1,0,1,0,9,30
2024451498119,2024,451498119,493817,156250,-0.65577,51.29766,3,3,2,13:15,-1,E07000209,4,0,1,1,2,19,5,1,0,1,0,0,0,1,0,0,0,9,30
2024451498140,2024,451498140,500427,170845,-0.55687,51.42772,3,3,6,11:50,-1,E07000212,6,0,1,0,1,"[2, 1]",3,7,0,0,0,1,0,0,0,0,0,9,27
2024451498342,2024,451498342,505739,156521,-0.48475,51.29801,2,"[3, 2]",1,14:00,-1,E07000209,3,0,1,0,2,19,5,1,0,0,0,1,0,0,0,0,0,9,29
2024451498344,2024,451498344,485454,147349,-0.77781,51.21895,3,3,3,16:00,-1,E07000216,3,0,2,1,2,"[3, 5]",2,6,0,0,0,1,0,0,0,0,0,10,1
2024451498348,2024,451498348,501463,167826,-0.54284,51.4004,2,"[3, 2]",1,21:15,-1,E07000212,1,2,1,0,2,19,"[5, 6]","[1, 2]",0,0,0,1,0,0,1,0,0,9,8
2024451498451,2024,451498451,487161,160709,-0.75012,51.3388,2,2,7,05:05,-1,E07000214,3,2,1,0,2,19,3,1,7,0,0,1,0,0,0,0,0,9,28
2024451498542,2024,451498542,501142,167638,-0.54751,51.39877,3,3,2,19:30,-1,E07000212,1,2,1,0,2,19,3,7,"[7, 99]","[2, 0]","[7, 0]",1,0,0,1,0,0,9,30
2024451498615,2024,451498615,501524,170959,-0.54107,51.42855,3,3,3,06:35,-1,E07000212,1,2,1,0,1,4,5,1,0,0,0,1,0,0,1,0,0,10,1
2024451498658,2024,451498658,500565,167224,-0.55591,51.39515,2,2,4,11:24,-1,E07000212,1,0,1,1,2,"[19, 4]","[5, 6]","[1, 2]",0,0,0,1,0,0,0,0,0,10,2
2024451498659,2024,451498659,517425,156828,-0.31711,51.29848,3,3,4,11:40,-1,E07000210,4,0,2,1,1,"[11, 3]",7,3,0,0,0,1,0,0,0,0,0,10,2
2024451498701,2024,451498701,525508,149845,-0.20368,51.234,3,3,4,13:10,-1,E07000211,3,0,1,1,1,19,5,1,0,0,0,1,0,0,0,0,0,10,2
2024451498793,2024,451498793,498810,156821,-0.58402,51.30195,3,3,4,15:25,-1,E07000217,6,0,1,1,1,19,"[3, 5]","[7, 1]",0,0,0,1,0,1,0,0,0,10,2
2024451498806,2024,451498806,522542,162264,-0.24188,51.34626,2,2,4,19:50,-1,E07000208,3,2,1,0,1,"[3, 19]",7,3,0,0,0,1,1,0,0,0,0,10,2
2024451498828,2024,451498828,485660,159786,-0.77188,51.33073,3,3,4,19:50,-1,E07000214,6,2,1,0,1,"[19, 9]","[6, 8]","[2, 5]",0,0,0,1,0,0,0,0,0,10,2
2024451498845,2024,451498845,528753,156200,-0.15494,51.29039,3,3,2,12:00,-1,E07000211,3,0,2,1,1,"[19, 13]",1,5,0,0,0,1,0,1,0,0,0,9,30
2024451498869,2024,451498869,502550,155444,-0.53078,51.28891,2,2,5,03:00,-1,E07000209,6,2,1,0,2,19,1,4,0,0,0,1,0,0,0,0,1,10,3
2024451498927,2024,451498927,528285,143763,-0.16609,51.17872,3,3,4,08:10,-1,E07000211,3,0,2,1,1,"[19, 9]","[1, 3]","[5, 1]",0,0,0,1,0,1,0,0,0,10,2
2024451499212,2024,451499212,516222,148351,-0.33711,51.22253,3,3,5,14:20,-1,E07000210,6,0,1,0,1,20,0,0,0,0,0,1,0,0,0,0,0,10,3
2024451499234,2024,451499234,502921,171526,-0.52081,51.4334,3,3,5,17:30,-1,E07000212,3,0,1,0,1,19,"[1, 3]","[5, 7]",0,0,0,1,1,0,0,0,0,10,3