collision_index,collision_year,collision_ref_no,location_easting_osgr,location_northing_osgr,longitude,latitude,casualty_severity,casualty_severity,day_of_week,time,local_authority_district,local_authority_ons_district,first_road_class,light_conditions,weather_conditions,road_surface_conditions,urban_or_rural_area,vehicle_manoeuvre,vehicle_direction_from,vehicle_direction_to,hit_object_in_carriageway,vehicle_leaving_carriageway,hit_object_off_carriageway,is_car,is_cyle,is_mcyle,is_goodsv,is_other,is_pedestrian,month,day
2024451508280,2024,451508280,497618,151310,-0.60261,51.25261,3,3,5,08:12,-1,E07000209,3,0,1,0,1,19,"[1, 8]","[5, 8]",0,0,0,1,1,0,0,0,0,10,24
2024451508281,2024,451508281,504991,165703,-0.49277,51.38068,2,2,6,04:11,-1,E07000212,3,2,1,0,1,19,"[5, 6]","[1, 2]",0,"[5, 3]","[10, 0]",1,0,0,0,0,0,10,25
2024451508354,2024,451508354,490236,162288,-0.70559,51.35251,2,2,4,18:15,-1,E07000214,3,2,1,1,2,19,6,2,0,0,0,0,0,1,0,0,0,10,16
2024451508512,2024,451508512,527822,148062,-0.17119,51.21746,3,3,6,11:28,-1,E07000211,3,0,1,1,2,19,3,5,10,2,11,1,0,0,0,0,0,10,25
2024451508550,2024,451508550,522875,158276,-0.23848,51.31034,3,3,6,07:50,-1,E07000211,6,0,1,0,1,1,1,5,0,0,0,1,0,0,0,0,1,10,25
2024451508580,2024,451508580,538748,150875,-0.01375,51.24019,3,3,5,14:29,-1,E07000215,6,0,1,0,2,19,6,2,11,1,3,1,0,0,0,0,0,10,24
2024451508591,2024,451508591,492796,163033,-0.66864,51.3588,2,2,6,16:30,-1,E07000214,1,0,1,0,2,19,1,5,0,0,0,1,0,1,0,0,0,10,25
2024451508621,2024,451508621,506028,161236,-0.4792,51.34033,3,3,6,14:00,-1,E07000217,3,0,2,1,1,"[5, 19]","[5, 3]","[1, 7]",0,0,0,1,1,0,0,0,0,10,25
2024451508659,2024,451508659,503488,171836,-0.51257,51.43608,3,3,6,20:40,-1,E07000213,6,2,1,0,1,"[19, 3]",1,5,0,0,0,1,0,0,0,0,0,10,25
2024451508760,2024,451508760,489220,139534,-0.72584,51.14812,2,"[3, 2]",7,17:32,-1,E07000216,6,0,1,1,2,13,1,5,0,7,3,1,0,0,0,0,0,10,19
2024451508779,2024,451508779,502922,160551,-0.52398,51.33475,3,3,4,13:00,-1,E07000217,6,0,1,0,1,-1,-1,-1,-1,-1,0,1,0,1,0,0,0,10,23
2024451508781,2024,451508781,486481,160269,-0.75999,51.33495,3,3,5,08:10,-1,E07000214,4,0,1,0,1,"[10, 19]","[5, 1]","[3, 5]",0,"[0, 1]",0,1,1,0,0,0,0,10,24
2024451508864,2024,451508864,500334,170671,-0.55826,51.42618,3,3,5,18:50,-1,E07000212,6,2,1,0,1,"[2, 20]","[0, -1]","[0, -1]",0,0,0,1,0,0,0,0,0,10,24
2024451508889,2024,451508889,511758,153557,-0.39938,51.27022,2,2,7,10:35,-1,E07000209,6,0,2,1,1,"[9, 19]",1,1,0,0,0,1,1,0,0,0,0,10,26
2024451508900,2024,451508900,520305,163294,-0.27364,51.35599,3,3,7,11:20,-1,E07000208,4,0,1,0,2,"[99, 10]",8,"[5, 4]","[99, 0]",0,0,1,0,0,0,0,0,10,26
2024451509018,2024,451509018,506058,148409,-0.48258,51.22503,2,2,7,12:00,-1,E07000209,3,0,1,1,2,19,"[3, 1]","[7, 5]",0,0,0,1,0,0,1,0,0,10,26
2024451509019,2024,451509019,525894,146897,-0.19919,51.20742,2,"[3, 2]",5,10:30,-1,E07000211,3,0,1,0,2,"[12, 19]","[1, 5]","[5, 1]",0,"[1, 0]",0,1,0,0,0,1,0,10,17
2024451509094,2024,451509094,528881,145145,-0.15708,51.191,3,3,1,12:00,-1,E07000211,6,0,1,0,2,"[9, 19]","[1, 3]","[5, 7]",0,0,0,1,0,0,0,0,0,10,27
2024451509101,2024,451509101,498786,145969,-0.58735,51.2044,3,3,1,10:00,-1,E07000209,3,0,1,0,2,5,"[7, 5]","[3, 1]",0,0,0,1,1,0,0,0,0,10,27
2024451509113,2024,451509113,504144,164326,-0.50534,51.36846,2,2,7,18:50,-1,E07000212,1,2,1,0,2,"[19, 99]",1,5,0,0,0,1,0,0,0,0,0,10,26
2024451509123,2024,451509123,495652,158565,-0.62883,51.31816,3,3,1,12:00,-1,E07000214,3,0,1,0,2,19,2,4,0,0,0,0,1,0,0,0,0,10,27
2024451509169,2024,451509169,520079,150015,-0.28134,51.23669,2,2,1,12:57,-1,E07000210,6,0,1,0,2,4,3,7,0,0,0,1,1,0,0,0,0,10,27
2024451509185,2024,451509185,503112,155525,-0.5227,51.28953,2,2,1,14:25,-1,E07000209,4,0,1,0,2,19,"[3, 7]","[7, 3]",0,0,0,1,0,0,0,0,0,10,27
2024451509186,2024,451509186,491715,163179,-0.68412,51.36029,3,3,1,15:00,-1,E07000214,3,0,1,0,2,4,5,1,0,0,0,1,0,0,0,0,0,10,27
2024451509195,2024,451509195,528552,158002,-0.15717,51.30663,3,3,1,11:20,-1,E07000211,6,0,1,1,1,"[19, 9]",1,"[5, 7]",0,0,0,1,0,1,0,0,0,10,27
2024451509214,2024,451509214,503866,168898,-0.50799,51.4096,3,3,1,18:50,-1,E07000212,3,2,1,0,2,"[19, 4]",8,4,0,0,0,1,0,0,0,0,0,10,27
2024451509255,2024,451509255,525941,159895,-0.19394,51.32422,3,3,1,15:25,-1,E07000211,6,0,1,0,1,19,"[3, 7]","[7, 3]",0,0,0,1,1,0,0,0,0,10,27
2024451509263,2024,451509263,509578,166386,-0.42667,51.38595,3,3,6,20:55,-1,E07000207,3,2,1,1,1,19,"[7, 3]","[3, 7]",0,0,0,1,0,1,0,0,0,10,25
2024451509371,2024,451509371,494884,152060,-0.64158,51.25982,3,3,1,14:27,-1,E07000209,6,0,1,0,2,19,5,1,0,"[1, 0]","[4, 0]",1,0,0,0,0,0,10,27
2024451509509,2024,451509509,513316,154170,-0.37686,51.27542,3,3,2,12:20,-1,E07000210,3,0,2,1,1,"[9, 19]",1,5,0,0,0,1,0,0,0,0,0,10,28
2024451509586,2024,451509586,487505,157834,-0.74589,51.3129,3,3,2,15:05,-1,E07000214,6,0,1,0,1,19,1,7,0,0,0,1,0,0,0,0,1,10,28
2024451509608,2024,451509608,487016,139334,-0.75739,51.14666,3,3,1,14:45,-1,E07000216,6,0,1,0,2,19,1,1,0,0,0,1,0,0,0,0,1,10,27
2024451509630,2024,451509630,517044,157305,-0.32241,51.30284,3,3,4,18:12,-1,E07000210,3,2,1,0,2,"[19, 4]",5,1,0,"[3, 0]",0,1,0,0,0,0,0,10,23
2024451509677,2024,451509677,487103,148018,-0.75404,51.22472,3,3,1,19:20,-1,E07000216,3,2,1,0,2,"[19, 13]",3,7,0,0,0,1,0,0,0,0,0,10,27
2024451509684,2024,451509684,525287,152611,-0.20587,51.2589,2,"[2, 3]",2,17:39,-1,E07000211,6,2,1,1,2,19,"[3, 7]","[7, 3]",0,0,0,1,0,0,0,0,0,10,28
2024451509969,2024,451509969,506240,173633,-0.47245,51.45172,2,2,1,11:40,-1,E07000213,6,0,1,0,1,19,1,3,0,0,0,1,0,0,0,0,1,10,27
2024451510017,2024,451510017,536324,142330,-0.0517,51.16398,3,3,3,12:41,-1,E07000215,4,0,1,0,2,19,"[3, 7]","[7, 3]",0,0,0,1,0,0,0,0,0,10,29
2024451510022,2024,451510022,521750,158902,-0.25439,51.31621,3,3,5,14:00,-1,E07000208,4,0,9,0,2,"[6, 19]",5,1,0,0,0,1,0,1,0,0,0,10,24
2024451510070,2024,451510070,534275,155444,-0.07608,51.28232,3,3,7,13:00,-1,E07000215,5,0,1,0,1,19,8,6,0,0,0,1,0,0,0,0,1,10,26
2024451510101,2024,451510101,488722,156411,-0.72878,51.29992,3,3,3,16:00,-1,E07000214,4,2,1,0,1,"[4, 5]",5,1,0,0,0,1,0,0,0,0,0,10,29
2024451510159,2024,451510159,501726,159202,-0.54152,51.32284,3,3,3,18:25,-1,E07000217,6,2,1,0,1,"[9, 19]",5,1,0,0,0,1,0,1,0,0,0,10,29
2024451510306,2024,451510306,496860,153152,-0.61297,51.2693,2,2,2,17:28,-1,E07000209,6,2,2,1,2,"[4, 19]","[7, 2]","[3, 6]",0,"[7, 0]",0,1,0,0,0,0,0,10,14
2024451510337,2024,451510337,528639,153759,-0.15745,51.26848,3,3,3,13:20,-1,E07000211,1,0,1,0,2,"[12, 19]",7,3,0,0,0,1,0,0,1,0,0,10,15
2024451510362,2024,451510362,522656,157242,-0.24197,51.3011,3,3,4,07:30,-1,E07000211,4,0,1,0,1,19,"[5, 1]","[1, 5]",0,"[0, 1]",0,1,0,0,0,0,0,10,30
2024451510363,2024,451510363,500708,158625,-0.55629,51.31783,3,3,4,08:25,-1,E07000217,6,0,1,0,1,2,7,3,0,0,0,1,0,0,0,0,1,10,30
2024451510408,2024,451510408,492091,156185,-0.68053,51.29735,3,3,3,08:30,-1,E07000209,4,0,1,0,2,19,6,2,6,1,10,1,0,0,0,0,0,10,29
2024451510410,2024,451510410,534778,152806,-0.06986,51.25849,2,"[2, 3]",7,05:31,-1,E07000215,1,2,2,1,2,13,1,5,0,1,4,1,0,0,0,0,0,10,19
2024451510447,2024,451510447,498584,150721,-0.58894,51.24715,2,2,6,10:00,-1,E07000209,3,0,1,0,1,7,3,7,10,5,0,1,0,0,0,0,0,10,25
2024451510612,2024,451510612,520925,160416,-0.26571,51.32999,3,3,4,20:35,-1,E07000208,4,2,1,1,1,"[19, 2]","[3, 0]","[7, 0]","[4, 0]",0,0,1,0,0,0,0,0,10,30
2024451510658,2024,451510658,513061,168322,-0.37603,51.40267,3,3,3,13:00,-1,E07000207,4,2,1,0,1,"[19, 9]","[3, 7]","[7, 5]",0,0,0,1,0,1,0,0,0,10,29
2024451510876,2024,451510876,531122,152058,-0.1225,51.25262,3,3,2,13:20,-1,E07000215,1,0,1,0,2,"[11, 19]",1,5,0,0,0,1,0,0,0,0,0,10,28
2024451510950,2024,451510950,509729,170740,-0.42316,51.42506,3,3,5,07:22,-1,E07000213,6,0,1,0,1,19,"[1, 5]","[5, 1]",0,"[7, 1]","[11, 0]",1,0,0,0,0,0,10,31
2024451511098,2024,451511098,497272,168687,-0.60283,51.40887,3,3,5,22:50,-1,E07000212,3,2,1,0,2,19,"[3, 7]","[7, 3]",0,"[1, 0]",0,1,0,0,0,0,0,10,31
2024451511105,2024,451511105,504008,165078,-0.50707,51.37524,3,3,5,18:25,-1,E07000212,3,2,1,0,2,"[19, 3]",3,7,0,0,0,1,0,0,0,0,0,10,31
2024451511121,2024,451511121,506038,139025,-0.48563,51.14068,3,3,5,23:00,-1,E07000216,4,2,1,0,1,19,3,1,0,0,0,1,0,0,0,0,1,10,31
2024451511150,2024,451511150,507077,161337,-0.46412,51.34104,3,3,5,13:05,-1,E07000207,3,0,1,0,2,"[19, 12]",7,3,0,0,0,0,1,1,0,0,0,10,31
2024451511189,2024,451511189,484565,146431,-0.79075,51.21083,3,3,5,22:30,-1,E07000216,6,2,1,0,1,9,8,6,0,0,0,1,0,0,0,0,1,10,31
2024451511241,2024,451511241,535869,139964,-0.05909,51.14283,3,3,5,17:15,-1,E07000215,3,2,1,0,1,19,3,7,12,0,0,0,0,1,0,0,0,10,31
2024451511405,2024,451511405,536099,147828,-0.05283,51.21344,3,3,3,16:00,-1,E07000215,6,0,9,0,2,19,3,1,0,0,0,1,0,0,0,0,1,10,8
2024451511468,2024,451511468,500269,171262,-0.55903,51.4315,2,2,1,21:00,-1,E07000212,6,2,1,1,1,19,7,3,10,0,0,0,1,0,0,0,0,10,20
2024451511508,2024,451511508,498800,162086,-0.5827,51.34927,2,2,4,20:00,-1,E07000214,3,2,1,0,2,19,"[5, 1]","[1, 5]",0,"[7, 0]",0,1,0,0,0,0,0,10,30
2024451511650,2024,451511650,527361,158335,-0.17413,51.30989,3,3,7,11:05,-1,E07000211,6,0,8,1,1,"[19, 9]","[7, 3]","[3, 7]",0,0,0,1,0,0,0,0,0,11,2
2024451511655,2024,451511655,501557,160987,-0.54344,51.33891,2,2,6,15:47,-1,E07000217,3,0,1,0,2,14,5,1,0,0,0,1,0,0,0,0,1,11,1
2024451511656,2024,451511656,523379,149830,-0.23416,51.23432,3,3,6,10:00,-1,E07000211,6,0,1,0,2,19,5,1,0,0,0,0,0,0,0,1,0,11,1
2024451511684,2024,451511684,504979,165656,-0.49296,51.38026,2,2,7,07:30,-1,E07000212,3,0,2,1,1,19,"[7, 5]",1,0,0,0,1,1,0,0,0,0,11,2
2024451511767,2024,451511767,510836,159992,-0.41059,51.32824,3,3,4,17:50,-1,E07000207,3,2,1,0,1,"[1, 2]","[5, 1]","[1, 5]",99,0,0,1,0,0,0,0,0,10,30
2024451511788,2024,451511788,496471,158554,-0.61709,51.31793,3,3,7,20:55,-1,E07000217,6,2,1,0,1,"[2, 19]","[5, 1]",1,0,0,0,1,0,1,0,0,0,11,2
2024451511929,2024,451511929,493052,146049,-0.66938,51.20608,2,2,1,09:00,-1,E07000209,6,2,1,1,2,19,7,3,0,0,0,0,0,1,0,0,0,11,3
2024451512068,2024,451512068,501650,145214,-0.54658,51.19711,2,2,1,15:04,-1,E07000216,6,0,1,0,1,19,7,3,0,0,0,1,0,0,0,0,1,11,3
2024451512130,2024,451512130,514129,161557,-0.36285,51.34165,3,3,2,07:27,-1,E07000207,3,0,1,0,2,"[5, 19, 4]",5,1,0,0,0,1,0,0,0,0,0,11,4
2024451512173,2024,451512173,488350,132568,-0.73998,51.08564,3,3,2,08:37,-1,E07000216,4,0,2,0,1,"[19, 9]","[1, 5]","[5, 1]",0,0,0,1,0,0,0,0,0,11,4
2024451512251,2024,451512251,526185,152425,-0.19308,51.25703,3,3,2,06:00,-1,E07000211,3,2,1,0,2,"[12, 19]",1,5,0,0,0,1,0,0,0,0,0,11,4
2024451512280,2024,451512280,510791,165347,-0.40957,51.37638,3,3,2,13:20,-1,E07000207,3,0,1,0,1,"[10, 5]",1,5,0,0,0,1,0,1,0,0,0,11,4
2024451512305,2024,451512305,528732,155924,-0.15534,51.28791,3,3,7,18:45,-1,E07000211,6,0,1,0,1,19,1,3,0,0,0,1,0,0,0,0,1,11,2
2024451512330,2024,451512330,536747,142573,-0.04556,51.16606,3,3,1,20:45,-1,E07000215,4,2,1,0,2,"[19, 5]","[7, 0]",3,0,"[1, 0]",0,1,0,0,0,0,0,10,27
2024451512337,2024,451512337,522343,163239,-0.2444,51.35506,2,2,7,19:22,-1,E07000208,3,2,1,0,1,"[13, 9]",2,6,0,0,0,1,0,1,0,0,0,10,26
2024451512413,2024,451512413,506429,172112,-0.47019,51.43802,3,3,2,17:42,-1,E07000213,4,2,1,0,1,"[9, 19]","[1, 5]","[5, 1]",0,0,0,1,1,0,0,0,0,11,4
2024451512688,2024,451512688,502751,166457,-0.52473,51.38786,3,3,1,06:50,-1,E07000212,1,0,1,0,2,19,8,4,0,"[1, 0]",0,1,0,0,0,0,0,11,3
2024451512709,2024,451512709,531361,151497,-0.11928,51.24753,3,3,2,07:20,-1,E07000215,1,0,1,0,2,"[4, 19]",5,1,0,0,0,1,0,0,0,0,0,11,4
2024451512738,2024,451512738,522605,164383,-0.24025,51.36529,2,2,7,09:35,-1,E07000208,6,0,1,0,1,"[1, 19]","[7, 1]","[3, 5]",0,0,0,1,1,0,0,0,0,11,2
2024451512877,2024,451512877,528196,143620,-0.16742,51.17745,3,3,3,20:25,-1,E07000211,3,2,1,0,1,19,4,6,0,0,0,1,0,0,0,0,1,11,5
2024451512887,2024,451512887,539397,160381,-0.00075,51.32546,3,3,4,04:59,-1,E07000215,6,2,7,1,2,19,3,7,0,0,0,1,0,0,0,0,0,11,6
2024451512900,2024,451512900,502553,166604,-0.52753,51.38922,3,3,3,06:16,-1,E07000212,1,2,1,0,2,"[19, 11]",4,8,0,"[7, 0]","[6, 0]",1,0,0,1,0,0,11,5
2024451512914,2024,451512914,504387,171933,-0.49961,51.43679,3,3,1,14:30,-1,E07000213,3,0,1,0,1,"[9, 19]","[7, 3]","[5, 7]",0,0,0,1,0,0,0,0,0,11,3
2024451512977,2024,451512977,505334,170896,-0.4863,51.42729,2,"[2, 3]",4,08:33,-1,E07000213,6,0,1,0,1,"[2, 19]","[0, 7]","[0, 3]",0,"[0, 1]","[0, 11]",1,0,0,0,0,0,11,6
2024451513010,2024,451513010,496353,145305,-0.62235,51.19885,3,3,4,08:10,-1,E07000216,6,0,1,1,1,19,7,3,0,0,0,1,0,0,0,0,1,11,6
2024451513058,2024,451513058,535610,158495,-0.05579,51.30942,3,3,3,14:13,-1,E07000215,4,0,1,0,1,5,3,7,0,0,0,0,0,0,1,0,1,11,5
2024451513113,2024,451513113,487664,158157,-0.74353,51.31578,3,3,4,06:08,-1,E07000214,3,0,2,1,1,19,6,8,0,0,0,1,0,0,0,0,1,11,6
2024451513331,2024,451513331,504316,171972,-0.50062,51.43715,3,3,4,15:15,-1,E07000213,3,0,1,0,1,"[19, 5]","[1, 3]","[1, 7]",0,"[0, 3]",0,1,0,0,0,0,0,11,6
2024451513448,2024,451513448,499369,149572,-0.57801,51.23669,3,3,5,09:06,-1,E07000209,3,0,1,1,1,19,7,3,0,0,0,1,0,0,0,0,1,11,7
2024451513557,2024,451513557,530799,142227,-0.13071,51.16434,3,3,3,20:51,-1,E07000211,1,2,8,0,2,3,1,5,0,0,0,1,0,0,1,0,0,11,5
2024451513591,2024,451513591,509424,160831,-0.43059,51.33605,2,2,4,05:30,-1,E07000207,3,2,8,1,2,"[13, 5]",3,7,0,"[8, 0]","[99, 0]",1,0,1,0,0,0,11,6
2024451513676,2024,451513676,509091,161792,-0.43508,51.34475,3,3,5,16:40,-1,E07000207,4,2,1,0,2,"[19, 9]","[1, 3]","[5, 1]",0,0,0,1,0,1,0,0,0,11,7
2024451513695,2024,451513695,514648,165456,-0.35415,51.37659,3,3,5,22:15,-1,E07000207,3,2,1,0,1,"[9, 19]","[5, 2]","[1, 6]",0,0,0,1,0,0,0,0,0,11,7
2024451513732,2024,451513732,500433,156954,-0.56071,51.30286,2,2,6,06:35,-1,E07000217,6,0,1,0,1,19,"[4, 8]","[8, 4]",0,"[7, 0]","[4, 0]",1,0,1,0,0,0,11,8
2024451513882,2024,451513882,502063,150746,-0.5391,51.24677,2,2,6,08:28,-1,E07000209,6,0,8,0,1,"[5, 15]",5,1,0,0,0,1,0,0,0,0,0,11,8
2024451513932,2024,451513932,503423,167003,-0.51491,51.39265,3,3,4,08:10,-1,E07000212,3,0,1,0,1,19,8,4,0,0,0,1,0,0,0,0,0,11,6
2024451514081,2024,451514081,540389,147917,0.00858,51.21321,3,3,6,22:40,-1,E07000215,6,2,1,0,2,19,2,6,0,1,4,0,0,1,0,0,0,11,8
2024451514095,2024,451514095,520784,161113,-0.2675,51.33629,3,3,1,12:37,-1,E07000208,6,0,1,0,1,"[9, 19]","[1, 6]","[5, 3]",0,"[0, 7]",0,1,0,0,0,0,0,11,3
2024451514120,2024,451514120,521336,158419,-0.2605,51.31196,2,2,6,22:48,-1,E07000208,6,2,1,0,2,"[9, 19]","[3, 6, 2]","[7, 2, 6]",0,0,0,1,0,0,0,0,0,11,8
2024451514256,2024,451514256,513043,164365,-0.37754,51.36711,3,3,7,09:00,-1,E07000207,6,0,1,0,1,"[10, 19]",1,"[3, 5]",0,0,0,1,1,0,0,0,0,11,9
2024451514269,2024,451514269,498715,149654,-0.58736,51.23754,3,3,6,17:00,-1,E07000209,6,0,4,0,1,-1,-1,-1,-1,-1,0,1,0,0,0,0,1,11,8
2024451514375,2024,451514375,512917,168250,-0.37812,51.40205,2,2,7,22:00,-1,E07000207,4,2,8,0,1,"[2, 19]","[0, 3]","[0, 7]","[0, 4]",0,0,1,0,0,0,0,0,11,9
2024451514410,2024,451514410,483930,146808,-0.79975,51.21432,3,3,3,12:20,-1,E07000216,3,0,9,-1,1,19,1,3,0,0,0,1,0,0,0,0,0,11,5
2024451514420,2024,451514420,527306,150528,-0.17769,51.23974,2,2,4,12:15,-1,E07000211,3,0,1,0,1,"[3, 99]","[7, 3]","[3, 7]",99,0,0,1,0,0,0,0,0,11,6
2024451514486,2024,451514486,514453,165272,-0.35701,51.37498,2,2,1,11:11,-1,E07000207,3,0,1,0,1,"[15, 19]","[5, 1]","[1, 5]",0,0,0,1,1,0,0,0,0,11,10
2024451514492,2024,451514492,489267,132837,-0.72682,51.08791,3,3,7,18:11,-1,E07000216,6,2,1,0,1,9,5,1,0,0,0,1,0,0,0,0,1,11,9
2024451514523,2024,451514523,502781,153458,-0.52804,51.27101,2,2,1,02:26,-1,E07000209,3,2,1,0,2,19,5,1,0,1,9,1,0,0,0,0,0,11,10
2024451514534,2024,451514534,515936,162512,-0.33661,51.34987,2,2,1,03:30,-1,E07000207,3,0,1,0,2,19,1,5,0,0,0,1,0,0,0,0,0,11,10
2024451514768,2024,451514768,505976,161224,-0.47995,51.34024,3,3,2,08:50,-1,E07000217,3,0,1,0,1,19,1,5,0,0,0,1,1,0,0,0,0,11,11
2024451515000,2024,451515000,501015,159458,-0.55165,51.32526,2,2,5,17:43,-1,E07000217,3,2,9,0,2,"[19, 13]",1,5,0,"[1, 0]",0,1,0,1,0,0,0,11,7
2024451515016,2024,451515016,506856,172915,-0.46381,51.44515,3,3,3,01:45,-1,E07000213,3,2,1,0,2,19,"[5, 2]","[1, 6]",0,"[4, 0]","[1, 0]",1,0,0,0,0,0,11,12
2024451515018,2024,451515018,504898,166136,-0.49398,51.38459,3,3,2,14:20,-1,E07000212,4,0,1,0,1,19,"[5, 1, 7]","[1, 5, 3]",0,"[0, 8]",0,1,0,0,0,0,0,11,11
2024451515027,2024,451515027,497689,162151,-0.59863,51.35005,3,3,2,20:09,-1,E07000214,3,2,1,1,1,"[2, 19]","[0, 6]","[0, 2]",0,0,0,1,0,0,0,0,0,10,14
2024451515032,2024,451515032,495953,156873,-0.62497,51.3029,3,3,6,15:15,-1,E07000217,3,0,1,1,2,19,1,5,0,0,0,1,0,0,0,0,0,10,25
2024451515076,2024,451515076,507540,164959,-0.45638,51.37351,3,3,2,12:15,-1,E07000207,3,0,8,0,1,19,7,3,0,0,0,0,0,0,1,0,1,11,11
2024451515249,2024,451515249,529017,153194,-0.15224,51.26331,3,3,3,10:10,-1,E07000211,3,0,1,0,1,19,1,5,0,1,2,1,0,0,0,0,0,11,12
2024451515388,2024,451515388,500880,150706,-0.55606,51.24662,3,3,2,14:30,-1,E07000209,3,0,1,0,2,"[9, 19]","[7, 1]","[1, 5]",0,0,0,1,0,1,0,0,0,11,11
2024451515446,2024,451515446,517162,165394,-0.31806,51.37552,2,"[3, 2]",1,13:38,-1,E07000207,3,0,8,1,2,"[4, 19]","[5, 7]","[1, 3]",0,0,0,1,0,0,0,0,0,11,10
2024451515473,2024,451515473,490155,162232,-0.70676,51.35202,3,3,6,13:01,-1,E07000214,3,0,1,0,2,"[3, 19]",2,6,0,0,0,1,0,0,1,0,1,11,8
2024451515474,2024,451515474,506144,172636,-0.47413,51.44278,3,3,3,15:26,-1,E07000213,3,0,1,0,1,19,"[3, 1]","[7, 5]",0,0,0,1,0,0,0,0,0,11,12
2024451515770,2024,451515770,487446,160443,-0.74609,51.33636,3,3,4,12:19,-1,E07000214,6,0,1,0,1,"[9, 19]","[1, 5]","[5, 1]",0,0,0,1,0,1,0,0,0,11,13
2024451515828,2024,451515828,510696,160121,-0.41256,51.32942,3,3,4,09:00,-1,E07000207,6,0,1,0,1,"[9, 3]","[7, 5]","[5, 1]","[0, 10]",0,0,1,0,0,0,0,0,11,13
2024451515856,2024,451515856,531223,143353,-0.12424,51.17437,3,3,4,12:55,-1,E07000215,6,0,1,0,2,"[19, 9]",3,"[3, 5]",0,0,0,1,0,1,0,0,0,11,13
2024451515862,2024,451515862,499628,152548,-0.57348,51.26339,2,"[2, 3]",4,12:53,-1,E07000209,3,0,1,0,2,"[19, 9]","[5, 1]","[1, 7]",0,0,0,1,0,0,0,0,0,11,13
2024451515900,2024,451515900,537285,157953,-0.03198,51.30415,3,3,4,11:50,-1,E07000215,4,0,1,1,2,"[19, 9, 7]","[3, 4]","[7, 3]",0,"[7, 0]","[1, 0]",1,0,0,0,0,0,11,6
2024451515912,2024,451515912,504355,170226,-0.50058,51.42145,3,3,3,18:45,-1,E07000213,4,2,8,1,1,"[5, 19]",1,3,0,0,0,1,1,0,0,0,0,11,12
2024451515917,2024,451515917,522495,158207,-0.24395,51.3098,3,3,4,16:31,-1,E07000208,4,2,1,1,2,"[9, 19]","[5, 1]","[4, 5]",0,0,0,1,0,1,0,0,0,11,6
2024451515987,2024,451515987,537660,156557,-0.02714,51.29151,2,2,7,14:14,-1,E07000215,6,0,1,0,2,19,6,2,11,0,0,0,1,0,0,0,0,11,9
2024451516003,2024,451516003,498803,154232,-0.58483,51.27867,2,2,4,16:29,-1,E07000217,6,2,1,0,2,19,"[8, 6, 4]","[6, 8, 4]","[0, 10]",0,0,1,0,0,0,0,0,11,13
2024451516010,2024,451516010,499259,171244,-0.57356,51.43151,3,3,4,15:30,-1,E07000212,3,0,1,0,1,19,"[5, 1]","[1, 5]",0,0,0,1,0,0,0,0,0,11,13
2024451516017,2024,451516017,500203,171002,-0.56005,51.42917,3,3,4,19:35,-1,E07000212,3,2,1,0,1,19,2,6,10,1,0,0,0,1,0,0,0,11,13
2024451516184,2024,451516184,538510,144691,-0.01955,51.18467,2,2,3,18:50,-1,E07000215,6,2,1,0,2,19,7,3,0,1,3,1,0,0,0,0,0,11,5
2024451516479,2024,451516479,499947,157441,-0.56754,51.30732,3,3,5,16:30,-1,E07000217,3,2,1,0,1,19,"[5, 3]","[1, 7]",0,0,0,1,1,0,0,0,0,11,14
2024451516583,2024,451516583,521083,161009,-0.26325,51.33529,2,2,5,18:37,-1,E07000208,6,2,1,0,1,"[19, 9]","[2, 4]","[6, 8]",0,0,0,1,0,1,0,0,0,11,14
2024451516693,2024,451516693,509981,170133,-0.41972,51.41955,3,3,3,15:40,-1,E07000213,3,0,1,0,1,-1,-1,-1,-1,-1,0,1,0,0,0,0,1,11,12
2024451516742,2024,451516742,488773,150218,-0.72959,51.24424,2,2,4,06:32,-1,E07000209,3,2,1,0,1,19,7,3,0,0,0,1,1,0,0,0,0,11,13
2024451516812,2024,451516812,523571,148326,-0.23193,51.22077,3,3,5,17:35,-1,E07000211,6,2,1,0,2,19,3,7,0,7,0,1,0,0,0,0,0,10,31
2024451516925,2024,451516925,521052,162074,-0.26333,51.34487,3,3,6,15:35,-1,E07000208,6,0,1,0,1,19,"[3, 1]","[7, 5]",0,0,0,1,1,0,0,0,0,11,15
2024451516995,2024,451516995,516733,155928,-0.32732,51.29053,3,3,5,19:00,-1,E07000210,4,2,1,0,1,19,"[5, 1]","[1, 5]",0,0,0,1,0,0,0,0,0,11,14
2024451516997,2024,451516997,514267,161080,-0.36102,51.33734,3,3,6,08:04,-1,E07000207,3,0,1,0,2,"[4, 19]",1,5,0,0,0,1,0,0,0,0,0,11,15
2024451517012,2024,451517012,506563,166771,-0.46987,51.38998,3,3,6,21:02,-1,E07000213,4,2,1,0,2,19,7,3,0,0,0,0,0,1,0,0,0,11,15
2024451517017,2024,451517017,490214,149716,-0.70908,51.2395,3,3,3,19:00,-1,E07000209,6,2,1,0,2,"[2, 19]",1,5,0,0,0,1,0,0,0,0,0,11,5
2024451517067,2024,451517067,503464,171807,-0.51292,51.43582,2,2,7,00:46,-1,E07000213,6,2,1,0,1,19,"[1, 5]","[5, 1]",0,0,0,1,0,0,0,0,0,11,16
2024451517153,2024,451517153,514862,158214,-0.35341,51.31146,3,3,7,06:35,-1,E07000210,3,2,1,0,2,19,"[4, 8]","[8, 4]",0,0,0,1,0,0,0,0,0,11,16