collision_index,collision_year,collision_ref_no,location_easting_osgr,location_northing_osgr,longitude,latitude,casualty_severity,casualty_severity,day_of_week,time,local_authority_district,local_authority_ons_district,first_road_class,light_conditions,weather_conditions,road_surface_conditions,urban_or_rural_area,vehicle_manoeuvre,vehicle_direction_from,vehicle_direction_to,hit_object_in_carriageway,vehicle_leaving_carriageway,hit_object_off_carriageway,is_car,is_cyle,is_mcyle,is_goodsv,is_other,is_pedestrian,month,day
2024451517200,2024,451517200,511208,165488,-0.40354,51.37756,3,3,6,15:25,-1,E07000207,6,0,1,0,1,19,7,3,0,0,0,1,0,0,0,0,1,11,15
2024451517202,2024,451517202,506236,167165,-0.47445,51.39359,3,3,6,19:50,-1,E07000213,1,2,1,0,2,19,3,7,0,"[1, 0]",0,1,0,0,0,0,0,11,15
2024451517298,2024,451517298,506667,171887,-0.46684,51.43595,3,3,7,15:55,-1,E07000213,6,0,1,0,1,14,5,5,0,0,0,1,0,0,0,0,1,11,16
2024451517415,2024,451517415,507430,164877,-0.45799,51.3728,3,3,6,10:30,-1,E07000207,3,0,1,0,1,19,2,6,0,0,0,1,0,0,0,0,1,11,8
2024451517505,2024,451517505,526374,143118,-0.19365,51.17335,3,3,1,13:05,-1,E07000210,6,0,1,0,2,"[2, 14, 19]","[0, 5, 1]","[0, 1, 5]",0,0,0,1,0,1,0,0,0,11,17
2024451517529,2024,451517529,488422,150042,-0.73466,51.24271,3,3,1,16:02,-1,E07000209,3,2,1,0,1,"[19, 12]","[6, 3]","[2, 7]",0,0,0,1,0,0,0,0,0,11,17
2024451517570,2024,451517570,498740,145678,-0.58809,51.20179,3,3,2,08:35,-1,E07000209,3,0,1,0,2,5,"[1, 3]","[5, 1]",0,0,0,1,0,0,0,0,0,11,4
2024451517700,2024,451517700,528915,153852,-0.15346,51.26925,3,3,2,09:56,-1,E07000211,6,0,8,1,1,19,"[5, 1]","[1, 5]",0,0,0,1,0,0,0,0,0,11,18
2024451517729,2024,451517729,524299,150662,-0.2207,51.2416,3,3,2,11:30,-1,E07000211,6,0,1,0,1,19,5,1,0,0,0,1,0,0,0,0,1,11,18
2024451517737,2024,451517737,487618,158141,-0.74419,51.31564,3,3,2,10:25,-1,E07000214,3,0,1,1,1,"[10, 99]",8,7,0,"[1, 0]",0,1,0,0,0,0,0,11,18
2024451517764,2024,451517764,483583,145118,-0.80511,51.19917,3,3,2,10:15,-1,E07000216,4,0,2,1,1,19,5,7,0,0,0,1,0,0,0,1,0,11,18
2024451517866,2024,451517866,500624,145208,-0.56127,51.19724,1,1,2,08:58,-1,E07000216,3,0,1,1,1,"[13, 9]",8,"[4, 6]",0,"[7, 0]","[3, 0]",1,0,1,0,0,0,11,18
2024451517886,2024,451517886,501197,150736,-0.55151,51.24683,3,3,2,16:30,-1,E07000209,3,2,2,1,1,"[9, 19]","[5, 4]","[3, 8]",0,"[1, 0]",0,1,0,0,0,0,0,11,18
2024451517943,2024,451517943,509095,161792,-0.43502,51.34475,2,2,2,16:00,-1,E07000207,4,2,2,1,2,"[5, 19]","[5, 3]","[1, 7]",0,0,0,1,0,1,0,0,0,11,18
2024451518029,2024,451518029,527636,142605,-0.17579,51.16846,2,2,3,06:50,-1,E07000211,3,2,2,1,2,9,3,7,0,0,0,1,0,0,0,0,1,11,19
2024451518268,2024,451518268,488670,161851,-0.72818,51.34883,3,3,3,13:00,-1,E07000214,6,0,2,1,1,"[9, 19]","[5, 3]","[1, 7]",0,0,0,1,0,1,0,0,0,11,19
2024451518379,2024,451518379,517111,156577,-0.32169,51.29629,3,3,3,11:05,-1,E07000210,6,0,2,1,1,"[19, 5]",1,4,"[10, 0]",0,0,1,0,0,1,0,0,11,19
2024451518406,2024,451518406,541901,154471,0.03281,51.27173,3,3,2,06:40,-1,E07000215,1,2,2,1,2,"[11, 19]",7,3,0,0,0,1,0,0,1,0,0,11,18
2024451518411,2024,451518411,489991,136929,-0.71547,51.12459,3,3,3,21:00,-1,E07000216,3,2,1,1,2,19,1,5,0,1,7,1,0,0,0,0,0,11,19
2024451518415,2024,451518415,505354,134379,-0.49676,51.09905,3,3,3,17:55,-1,E07000216,3,2,8,1,2,"[19, 13]","[4, 1]","[8, 5]",0,0,0,1,0,0,0,0,0,11,19
2024451518423,2024,451518423,503257,171857,-0.51589,51.43631,2,2,2,07:36,-1,E07000213,4,0,1,1,1,"[7, 19]","[2, 7]","[4, 5]",0,0,0,1,1,0,0,0,0,11,18
2024451518622,2024,451518622,494533,161103,-0.64421,51.34116,3,3,6,12:00,-1,E07000214,6,0,1,0,2,"[19, 9]",8,"[4, 3]",0,0,0,1,0,0,0,0,0,11,8
2024451518733,2024,451518733,490788,151272,-0.70046,51.2534,2,2,4,08:25,-1,E07000209,3,0,1,2,2,"[9, 19]","[5, 3]","[2, 7]",0,0,0,1,0,1,0,0,0,11,20
2024451518737,2024,451518737,491723,164281,-0.68373,51.37019,3,3,1,13:10,-1,E07000214,3,0,1,0,2,"[4, 19]",5,1,0,0,0,1,0,0,0,0,0,11,17
2024451518797,2024,451518797,514405,168135,-0.35677,51.40072,2,2,1,17:45,-1,E07000207,5,2,2,1,1,19,3,7,0,0,0,1,0,0,0,0,1,11,17
2024451518815,2024,451518815,523097,155955,-0.23609,51.28943,2,2,4,13:55,-1,E07000211,6,0,1,0,1,5,0,7,0,0,0,1,0,0,0,0,1,11,20
2024451518816,2024,451518816,514202,168319,-0.35963,51.40241,3,3,4,11:55,-1,E07000207,6,2,1,0,1,19,3,1,0,0,0,1,0,0,0,0,1,11,20
2024451518817,2024,451518817,506363,164888,-0.47331,51.3731,2,2,4,11:55,-1,E07000212,3,0,1,2,2,"[19, 4]",3,7,0,0,0,1,0,1,0,0,0,11,20
2024451518841,2024,451518841,526215,151234,-0.19307,51.24632,3,3,4,08:10,-1,E07000211,6,0,1,2,1,19,2,8,99,0,0,1,0,0,0,0,1,11,20
2024451518904,2024,451518904,510164,169232,-0.41737,51.41142,3,3,4,15:45,-1,E07000213,6,2,1,0,1,"[19, 9]",5,1,"[10, 0]","[3, 7]",0,1,0,0,0,0,0,11,20
2024451518969,2024,451518969,507314,159499,-0.46127,51.32448,2,2,4,18:50,-1,E07000209,1,2,1,0,2,"[11, 5]","[7, 8]","[3, 4]",0,0,0,1,0,0,0,0,0,11,20
2024451519023,2024,451519023,507670,165201,-0.45444,51.37566,3,3,5,00:15,-1,E07000207,6,2,1,2,1,19,1,5,0,0,0,0,0,1,0,0,0,11,21
2024451519099,2024,451519099,504269,171899,-0.50132,51.4365,3,3,5,18:15,-1,E07000213,3,2,1,0,1,"[2, 14]","[7, 3]","[3, 7]",0,0,0,1,1,0,0,0,0,11,14
2024451519159,2024,451519159,506168,164682,-0.47617,51.37128,3,3,5,08:10,-1,E07000212,6,0,1,2,1,19,7,3,0,0,0,0,0,1,0,0,0,11,21
2024451519191,2024,451519191,490938,163086,-0.69531,51.35958,3,3,4,15:00,-1,E07000214,3,0,1,0,2,"[5, 14]","[1, 5]","[5, 1]",0,0,0,1,0,1,0,0,0,11,20
2024451519272,2024,451519272,514239,165897,-0.35988,51.38064,2,2,5,07:15,-1,E07000207,6,0,1,2,1,"[5, 2]",3,7,"[4, 0]",0,0,1,0,1,0,0,0,11,21
2024451519472,2024,451519472,503123,165843,-0.51956,51.38228,3,3,5,13:10,-1,E07000212,3,0,1,0,2,"[5, 19]","[2, 8]","[6, 4]",0,0,0,1,0,0,0,0,0,11,21
2024451519603,2024,451519603,495350,133961,-0.6397,51.09704,2,"[2, 3]",5,17:30,-1,E07000216,3,2,1,0,2,"[13, 19]","[2, 5]","[6, 1]",0,1,0,1,0,0,0,0,0,11,21
2024451519949,2024,451519949,508836,170664,-0.43602,51.42455,3,3,6,09:15,-1,E07000213,6,0,1,1,1,"[19, 9]",1,1,0,0,0,1,0,1,0,0,0,11,22
2024451520044,2024,451520044,528374,146574,-0.16382,51.20396,3,3,6,10:11,-1,E07000211,6,0,1,1,1,19,"[7, 1]","[3, 5]",0,0,0,1,0,0,0,0,0,11,22
2024451520048,2024,451520048,495374,161790,-0.63196,51.3472,3,3,6,14:00,-1,E07000214,3,0,1,0,2,12,"[7, 6]","[7, 6]",0,0,0,1,0,0,0,0,0,11,22
2024451520110,2024,451520110,505995,161780,-0.47952,51.34523,3,3,6,10:00,-1,E07000217,3,0,1,0,1,"[5, 9]","[1, 7]",5,0,0,0,1,1,0,0,0,0,11,1
2024451520151,2024,451520151,486748,144246,-0.76003,51.19086,3,3,6,15:00,-1,E07000216,6,0,1,1,2,19,"[1, 5]","[5, 1]",0,0,0,1,0,0,0,0,0,11,22
2024451520209,2024,451520209,506615,173385,-0.46713,51.44942,3,3,6,15:00,-1,E07000213,6,0,1,0,1,"[2, -1, 19]","[0, -1, 5]","[0, -1, 1]","[0, -1, 4]","[0, -1, 1]","[0, 11]",1,0,0,0,0,0,11,22
2024451520286,2024,451520286,512408,139999,-0.39431,51.14822,3,3,6,23:23,-1,E07000210,6,2,2,2,2,19,5,1,0,0,0,1,0,0,0,0,0,11,22
2024451520491,2024,451520491,501076,159414,-0.55079,51.32486,3,3,6,17:00,-1,E07000217,6,2,1,1,1,7,5,1,0,0,0,1,0,0,0,0,1,11,22
2024451520495,2024,451520495,509472,170124,-0.42704,51.41957,3,3,7,13:45,-1,E07000213,6,0,2,1,1,4,4,5,0,0,0,1,0,0,0,0,1,11,23
2024451520502,2024,451520502,518256,156379,-0.30534,51.29427,3,3,6,19:05,-1,E07000210,1,2,1,0,2,"[13, 12]",7,3,0,"[5, 1]","[6, 99]",1,0,0,1,0,0,11,22
2024451520559,2024,451520559,533714,158306,-0.08304,51.30817,3,3,6,17:35,-1,E07000215,6,2,1,0,1,"[2, 4]","[3, 7]","[7, 3]",0,0,0,1,0,0,0,0,0,11,22
2024451520589,2024,451520589,505051,164612,-0.49223,51.37086,3,3,7,17:46,-1,E07000212,4,2,2,1,1,13,3,7,0,0,0,0,0,1,0,0,1,11,23
2024451520597,2024,451520597,521060,160988,-0.26358,51.33511,3,3,6,20:05,-1,E07000208,3,2,1,0,1,"[19, 9]","[3, 7]","[7, 3]",0,0,0,1,0,0,0,0,0,11,22
2024451520669,2024,451520669,507584,167527,-0.45497,51.39659,2,2,7,04:00,-1,E07000213,1,2,2,1,1,19,1,5,0,1,7,1,0,0,0,0,0,11,23
2024451520740,2024,451520740,538316,141385,-0.02359,51.15501,3,3,7,19:27,-1,E07000215,6,2,2,1,1,"[2, 19]","[0, 5]","[0, 1]","[0, 4]",0,0,1,0,0,0,0,0,11,23
2024451520769,2024,451520769,507544,171118,-0.45446,51.42887,3,3,1,12:36,-1,E07000213,6,0,4,0,1,19,3,1,0,0,0,1,1,0,0,0,0,11,24
2024451520876,2024,451520876,507130,159527,-0.4639,51.32477,3,3,5,20:20,-1,E07000209,1,2,1,0,2,19,7,3,0,0,0,1,0,0,0,0,0,11,21
2024451520894,2024,451520894,526212,152381,-0.19271,51.25663,3,3,1,20:05,-1,E07000211,6,2,5,1,2,19,"[1, 3]","[5, 7]",0,"[0, 4]",0,1,0,0,0,0,0,11,24
2024451520906,2024,451520906,509250,140028,-0.43943,51.1491,3,3,6,18:20,-1,E07000216,4,2,1,1,2,"[5, 19]","[5, 2]","[1, 6]",0,"[7, 0]","[11, 0]",1,0,0,0,0,0,11,22
2024451520924,2024,451520924,504730,174158,-0.49402,51.45672,3,3,1,22:05,-1,E07000213,3,2,2,1,2,19,3,7,0,1,11,1,0,0,0,0,0,11,24
2024451520928,2024,451520928,493670,163417,-0.65599,51.36211,3,3,4,17:30,-1,E07000214,6,2,1,0,1,"[19, 9, 2]","[2, 3, 0]","[6, 2, 0]",0,"[7, 0]","[11, 0]",1,0,0,0,0,0,11,20
2024451520972,2024,451520972,514226,162382,-0.36119,51.34905,2,2,5,17:30,-1,E07000207,3,2,1,0,2,"[19, 4]","[3, 1]","[7, 5]",0,0,0,1,0,0,0,0,0,11,21
2024451520994,2024,451520994,515650,159147,-0.3418,51.31968,2,2,1,15:44,-1,E07000210,6,0,5,1,2,"[19, 4]","[3, 5]","[5, 1]",0,0,0,1,0,0,0,0,0,11,24
2024451521035,2024,451521035,527392,142446,-0.17933,51.16708,2,2,2,06:25,-1,E07000210,6,2,4,1,1,"[19, 7]","[7, 3]","[3, 7]",0,0,0,1,1,0,0,0,0,11,25
2024451521191,2024,451521191,506184,164970,-0.47585,51.37387,3,3,2,11:31,-1,E07000212,3,0,1,0,1,7,7,3,0,7,11,1,0,0,0,0,0,11,25
2024451521242,2024,451521242,510008,170244,-0.4193,51.42054,3,3,2,14:15,-1,E07000213,6,0,1,0,1,19,"[3, 1]","[7, 1]",0,0,0,1,0,1,0,0,0,11,25
2024451521329,2024,451521329,518247,158885,-0.30464,51.3168,2,2,2,09:45,-1,E07000210,6,0,1,0,1,1,1,5,0,0,0,1,0,0,0,0,1,11,25
2024451521335,2024,451521335,504805,162286,-0.49645,51.35,3,3,2,19:57,-1,E07000212,6,2,1,0,1,"[2, 3]","[0, 4]","[0, 8]","[0, 4]",0,0,1,0,0,0,0,0,11,25
2024451521435,2024,451521435,500919,158910,-0.55318,51.32035,3,3,7,19:00,-1,E07000217,6,2,9,-1,1,-1,-1,-1,-1,-1,0,1,0,0,0,0,1,11,23
2024451521770,2024,451521770,520918,161267,-0.26553,51.33764,3,3,2,12:43,-1,E07000208,6,0,1,0,1,"[6, 19, 2]","[3, 5]","[3, 5]",0,0,0,1,0,0,0,0,0,11,25
2024451521783,2024,451521783,529349,152440,-0.14775,51.25646,3,3,3,17:05,-1,E07000211,6,2,4,0,1,"[2, 19]","[0, 4]","[0, 8]",0,0,0,1,0,0,0,0,0,11,26
2024451521890,2024,451521890,536384,160563,-0.0439,51.32782,3,3,2,23:00,-1,E07000215,6,2,1,0,2,19,3,1,0,0,0,1,0,0,0,0,0,11,25
2024451521895,2024,451521895,494528,155672,-0.64572,51.29234,3,3,7,02:56,-1,E07000209,3,2,2,1,1,"[19, 2]","[5, 1]","[1, 5]",0,"[7, 0]","[11, 0]",1,0,0,0,0,0,11,23
2024451521910,2024,451521910,511736,164477,-0.39627,51.36837,3,3,4,00:20,-1,E07000207,3,2,2,1,1,9,3,7,0,0,0,0,0,0,0,1,0,11,27
2024451521916,2024,451521916,530580,140417,-0.13449,51.14813,2,2,7,20:15,-1,E07000215,4,2,5,1,1,19,"[7, 3]","[3, 7]",0,0,0,1,0,0,1,0,1,11,23
2024451522117,2024,451522117,530960,150624,-0.12534,51.23977,3,3,4,07:45,-1,E07000215,3,0,2,1,2,19,"[7, 1]","[3, 5]",0,"[0, 8]","[0, 11]",1,0,0,0,0,0,11,27
2024451522164,2024,451522164,499752,157677,-0.57027,51.30948,2,"[2, 3]",2,16:03,-1,E07000217,6,2,2,1,1,"[9, 19]","[1, 7]","[5, 3]",0,0,0,1,0,0,0,0,0,11,18
2024451522337,2024,451522337,502022,171171,-0.53384,51.43037,3,3,4,18:45,-1,E07000212,6,2,1,1,1,"[19, 2]","[1, 0]","[5, 0]","[4, 0]",0,0,0,0,0,1,0,0,11,27
2024451522371,2024,451522371,505233,164497,-0.48965,51.36979,3,3,4,17:22,-1,E07000212,6,2,1,0,1,19,1,5,11,0,0,1,0,0,0,0,1,11,27
2024451522413,2024,451522413,505079,162873,-0.49234,51.35522,3,3,4,18:05,-1,E07000212,1,2,1,1,1,"[3, 19]","[1, 3]","[5, 7]",0,0,0,1,0,0,0,0,0,11,27
2024451522451,2024,451522451,535271,152816,-0.0628,51.25847,2,2,5,03:00,-1,E07000215,1,2,1,0,2,"[10, 8]",3,"[1, 5]",0,"[0, 1]",0,1,0,0,1,0,0,11,28
2024451522455,2024,451522455,501151,159740,-0.54962,51.32777,2,2,4,01:20,-1,E07000217,3,2,2,1,2,19,"[1, 5]","[5, 1]",0,0,0,1,0,0,0,0,0,11,27
2024451522498,2024,451522498,528842,145180,-0.15762,51.19133,3,3,5,08:06,-1,E07000211,6,0,1,2,2,19,3,7,0,7,0,1,0,0,0,0,0,11,28
2024451522775,2024,451522775,503630,166264,-0.51215,51.38597,3,3,5,08:22,-1,E07000212,3,0,1,2,1,5,1,1,0,0,0,0,1,0,1,0,0,11,28
2024451522791,2024,451522791,511733,169510,-0.39474,51.41361,3,3,5,08:15,-1,E07000213,3,0,1,1,2,4,3,7,0,0,0,0,0,0,1,0,1,11,28
2024451522794,2024,451522794,490389,161231,-0.70366,51.34299,2,2,5,07:10,-1,E07000214,4,0,8,2,1,19,1,5,0,0,0,0,0,1,0,0,0,11,28
2024451522841,2024,451522841,507821,158775,-0.45422,51.31788,3,3,5,13:53,-1,E07000209,3,0,1,0,2,"[19, 3]",5,1,0,0,0,1,0,0,0,0,0,11,28
2024451522944,2024,451522944,535542,157238,-0.05724,51.29814,3,3,5,09:00,-1,E07000215,6,0,1,1,2,4,1,5,99,1,0,1,0,0,0,0,0,11,28
2024451522965,2024,451522965,488814,154020,-0.72806,51.27841,3,3,5,18:26,-1,E07000209,4,0,8,0,1,"[9, 19]","[7, 5]","[5, 1]",0,"[0, 1]",0,1,0,1,0,0,0,11,28
2024451522968,2024,451522968,513750,162216,-0.36808,51.34765,3,3,4,20:45,-1,E07000207,3,2,1,0,2,"[11, 19]","[1, 2]","[5, 6]",0,"[1, 0]",0,1,0,0,0,0,0,11,27
2024451523020,2024,451523020,505001,164595,-0.49295,51.37072,2,2,6,04:55,-1,E07000212,3,2,8,2,1,19,"[7, 1]","[3, 5]",0,0,0,1,0,0,0,0,0,11,29
2024451523213,2024,451523213,501619,150618,-0.5455,51.24569,3,3,6,08:44,-1,E07000209,6,0,1,0,1,19,1,6,0,0,0,0,0,0,1,0,1,11,29
2024451523250,2024,451523250,502287,163991,-0.5321,51.36578,3,3,6,13:05,-1,E07000212,3,0,1,0,1,"[4, 5]",6,7,0,0,0,1,0,0,1,0,0,11,29
2024451523259,2024,451523259,523231,160018,-0.23277,51.32592,3,3,6,06:20,-1,E07000211,3,2,1,1,1,19,5,1,0,0,0,1,0,0,0,0,0,11,29
2024451523267,2024,451523267,525962,146171,-0.19847,51.20088,2,"[3, 2]",6,08:00,-1,E07000211,3,0,1,2,2,19,5,1,10,1,4,1,0,0,0,0,0,11,29
2024451523268,2024,451523268,515049,165684,-0.34831,51.37856,3,3,5,13:25,-1,E07000207,3,0,1,1,1,"[19, 13]",7,3,0,0,0,1,0,1,0,0,0,11,28
2024451523385,2024,451523385,507042,161323,-0.46463,51.34093,3,3,6,16:20,-1,E07000207,3,2,1,0,2,19,7,3,0,0,0,1,0,0,0,0,0,11,29
2024451523397,2024,451523397,537842,144594,-0.02913,51.18396,3,3,6,17:02,-1,E07000215,6,2,1,1,2,"[19, 1]","[3, 1]","[7, 5]",0,0,0,1,0,0,0,0,0,11,29
2024451523404,2024,451523404,495052,159310,-0.63724,51.32496,3,3,6,17:15,-1,E07000214,3,2,1,1,1,"[19, 11]",5,1,0,0,0,1,0,0,0,0,0,11,29
2024451523421,2024,451523421,506493,161279,-0.47252,51.34063,3,3,6,16:25,-1,E07000217,3,2,2,1,1,"[19, 4]","[3, 7]","[7, 3]",0,0,0,1,0,0,0,0,0,11,29
2024451523457,2024,451523457,486924,147577,-0.75671,51.22078,3,3,6,16:38,-1,E07000216,6,2,1,1,2,"[12, 9]","[7, 1]","[1, 5]",0,0,0,1,0,1,0,0,0,11,29
2024451523462,2024,451523462,522064,155568,-0.25103,51.28618,3,3,6,22:25,-1,E07000211,6,2,1,0,1,19,7,3,0,0,0,1,0,0,0,0,0,11,29
2024451523471,2024,451523471,538381,154441,-0.01763,51.27232,2,2,6,17:15,-1,E07000215,6,2,1,0,2,"[5, 4]","[5, 1]","[1, 5]",0,0,0,1,0,0,1,0,0,11,29
2024451523477,2024,451523477,506906,168040,-0.46456,51.40133,3,3,6,18:15,-1,E07000213,4,2,1,0,1,"[7, 19]","[1, 5]","[5, 1]",0,0,0,1,0,0,0,0,0,11,29
2024451523500,2024,451523500,510899,165382,-0.40801,51.37667,3,3,6,22:30,-1,E07000207,6,2,1,0,1,"[2, 19]","[0, 2]","[0, 2]","[0, 4]","[0, 1]",0,1,0,0,0,0,0,11,29
2024451523543,2024,451523543,503122,143908,-0.5259,51.18511,3,3,3,19:21,-1,E07000216,4,2,1,0,2,"[9, 19]","[5, 3]","[1, 7]",0,"[0, 7]",0,1,0,0,0,0,0,11,26
2024451523642,2024,451523642,489435,160499,-0.71754,51.33656,3,3,7,10:22,-1,E07000214,1,0,2,1,1,"[-1, 19]","[-1, 3]","[-1, 7]","[-1, 0]","[-1, 0]",0,1,0,0,0,0,0,11,30
2024451523651,2024,451523651,509065,158631,-0.43642,51.31634,2,"[2, 3]",6,09:30,-1,E07000207,1,0,1,0,2,"[3, 19]",2,4,0,0,0,1,0,0,1,1,0,11,29
2024451523691,2024,451523691,500109,166895,-0.56256,51.39227,2,"[3, 2]",7,13:20,-1,E07000212,1,0,1,1,2,19,6,2,0,0,0,1,0,0,0,0,0,11,30
2024451523754,2024,451523754,505334,164699,-0.48814,51.37159,3,3,7,09:30,-1,E07000212,4,0,1,0,1,"[4, 1]",1,3,0,0,0,1,0,0,0,0,0,11,30
2024451523769,2024,451523769,506435,172106,-0.47011,51.43796,2,2,7,18:25,-1,E07000213,4,2,1,1,1,"[7, 9]",3,7,0,0,0,1,0,1,0,0,0,11,30
2024451523772,2024,451523772,509716,158231,-0.4272,51.31262,3,3,7,16:00,-1,E07000207,1,2,1,1,2,19,3,7,0,1,7,1,0,0,0,0,0,11,30
2024451523833,2024,451523833,501068,167165,-0.5487,51.39453,3,3,1,10:20,-1,E07000212,6,0,1,0,2,"[19, 7]","[3, 1]","[7, 2]",0,0,0,1,1,0,0,0,0,10,6
2024451523883,2024,451523883,510488,156792,-0.41658,51.29954,3,3,7,23:45,-1,E07000209,6,2,2,1,2,19,2,6,0,1,4,1,0,0,0,0,0,11,30
2024451523900,2024,451523900,507969,164742,-0.45029,51.37148,3,3,3,16:00,-1,E07000207,3,2,1,0,1,5,7,3,0,0,0,1,0,0,0,0,1,11,12
2024451523929,2024,451523929,525350,161580,-0.20182,51.3395,2,2,7,13:40,-1,E07000211,3,0,1,0,1,"[99, 3]",5,1,0,0,0,1,0,0,0,0,0,11,30
2024451523964,2024,451523964,517202,157270,-0.32016,51.3025,3,3,1,06:00,-1,E07000210,1,2,2,1,1,19,4,8,0,0,0,1,0,0,0,0,0,12,1
2024451523966,2024,451523966,489046,132832,-0.72998,51.0879,2,2,1,10:38,-1,E07000216,4,0,2,1,1,19,"[7, 3]","[3, 7]",0,0,0,1,0,0,0,0,0,12,1
2024451524028,2024,451524028,497442,162072,-0.6022,51.34938,2,2,1,13:00,-1,E07000214,3,0,8,1,1,"[19, 7]","[1, 3]",5,0,0,0,1,0,0,0,0,0,12,1
2024451524034,2024,451524034,539204,153040,-0.00638,51.25953,3,3,1,15:55,-1,E07000215,6,0,2,1,1,-1,-1,-1,-1,-1,0,1,1,0,0,0,0,12,1
2024451524045,2024,451524045,498689,151756,-0.58715,51.25644,3,3,1,15:00,-1,E07000209,6,0,1,0,1,-1,-1,-1,-1,-1,0,1,0,0,1,0,0,12,1
2024451524073,2024,451524073,502730,165923,-0.52518,51.38307,3,3,5,06:45,-1,E07000212,6,0,1,2,1,"[19, 4]","[8, 4, 5]","[4, 8, 1]",0,0,0,1,0,1,0,0,0,11,28
2024451524122,2024,451524122,484275,145564,-0.79511,51.20308,1,1,1,15:05,-1,E07000216,4,0,1,1,1,"[19, 9]","[8, 4]","[4, 8]",0,0,0,1,0,1,0,0,0,12,1
2024451524130,2024,451524130,515064,165647,-0.34811,51.37822,2,2,7,07:51,-1,E07000207,3,0,8,1,1,"[5, 11]","[1, 3]","[3, 7]",0,0,0,1,1,0,0,0,0,11,30
2024451524250,2024,451524250,540439,142487,0.00718,51.1644,3,3,1,12:25,-1,E07000215,6,0,2,1,2,19,"[7, 5]","[3, 1]",0,0,0,1,0,0,0,0,0,12,1
2024451524300,2024,451524300,516831,146146,-0.32911,51.20259,2,"[2, 3]",2,12:45,-1,E07000210,3,0,4,0,2,"[19, 6]","[5, 1]","[1, 5]",0,"[4, 0]",0,1,0,0,0,0,0,11,25
2024451524346,2024,451524346,503413,160935,-0.51682,51.33811,3,3,2,08:15,-1,E07000217,3,0,1,0,1,99,6,8,99,0,0,1,0,1,0,0,0,12,2
2024451524372,2024,451524372,528974,142448,-0.15671,51.16674,3,3,2,10:00,-1,E07000211,6,0,1,1,1,19,6,2,10,0,0,1,0,0,0,0,0,12,2
2024451524421,2024,451524421,499760,157684,-0.57015,51.30954,3,3,2,08:15,-1,E07000217,6,0,1,1,1,"[9, 3]",-1,-1,"[0, 10]","[0, 1]","[0, 11]",1,0,0,0,0,0,12,2
2024451524444,2024,451524444,515990,147823,-0.3406,51.21783,3,3,2,09:07,-1,E07000210,6,0,1,1,2,"[9, 7]","[1, 5]","[5, 1]",0,0,0,1,0,0,0,0,0,12,2
2024451524470,2024,451524470,488005,148357,-0.74104,51.22763,2,"[3, 2]",2,14:34,-1,E07000209,3,0,2,1,2,"[11, 4, 2]",3,7,0,0,0,1,0,0,0,0,0,12,2
2024451524504,2024,451524504,498579,152486,-0.58852,51.26302,3,3,2,16:50,-1,E07000209,6,2,8,0,1,19,1,5,0,0,0,1,0,0,0,0,1,12,2
2024451524553,2024,451524553,501210,152623,-0.55079,51.26379,3,3,2,16:00,-1,E07000209,3,2,1,0,2,19,5,1,0,"[4, 1]","[0, 7]",1,0,0,0,0,0,12,2
2024451524940,2024,451524940,489333,160113,-0.7191,51.3331,3,3,6,10:00,-1,E07000214,6,0,1,0,1,4,7,3,0,0,0,1,0,0,0,0,1,11,29
2024451525054,2024,451525054,509195,163152,-0.43317,51.35696,3,3,3,11:30,-1,E07000207,6,0,1,1,2,"[4, 19]",1,5,0,0,0,1,0,1,0,0,0,12,3
2024451525055,2024,451525055,507171,161356,-0.46277,51.3412,3,3,3,13:50,-1,E07000207,3,0,1,0,1,19,"[5, 7]",1,0,0,0,1,0,0,1,0,0,12,3
2024451525164,2024,451525164,511139,169236,-0.40336,51.41126,2,2,3,16:20,-1,E07000213,6,2,8,0,1,19,1,5,0,0,0,1,0,0,0,0,1,12,3
2024451525168,2024,451525168,514870,140444,-0.35898,51.15174,3,3,2,17:00,-1,E07000210,3,2,1,0,2,"[9, 19]","[1, 5]","[8, 1]",0,"[4, 0]",0,1,0,0,0,0,0,12,2
2024451525189,2024,451525189,507359,161292,-0.46009,51.34059,3,3,3,17:00,-1,E07000207,3,2,1,0,2,19,7,3,0,"[0, 2]","[0, 2]",1,0,0,0,0,0,12,3
2024451525206,2024,451525206,514052,164825,-0.36291,51.37104,3,3,3,22:13,-1,E07000207,3,2,1,0,1,"[19, 10]","[3, 5]","[7, 1]",0,0,0,1,0,1,0,0,0,12,3
2024451525287,2024,451525287,506805,171361,-0.46501,51.4312,3,3,3,08:20,-1,E07000213,6,0,1,0,1,"[19, 5]","[7, 1]",3,0,"[7, 0]","[11, 0]",1,0,0,0,0,0,12,3
2024451525325,2024,451525325,500999,150969,-0.55428,51.24896,3,3,4,06:35,-1,E07000209,3,2,2,1,2,"[11, 8]",2,6,0,0,0,1,1,0,0,0,0,11,13
2024451525545,2024,451525545,523611,155536,-0.22887,51.28556,3,3,4,09:05,-1,E07000211,4,0,2,1,2,"[19, 5, 10]","[5, 4, 7]","[1, 8, 3]",0,0,0,1,0,0,0,0,0,12,4
2024451525546,2024,451525546,538324,153003,-0.019,51.25942,2,2,3,18:55,-1,E07000215,6,2,1,0,2,"[7, 4]","[2, 5]","[4, 1]",0,0,0,1,0,0,0,0,0,12,3