collision_index,collision_year,collision_ref_no,location_easting_osgr,location_northing_osgr,longitude,latitude,casualty_severity,casualty_severity,day_of_week,time,local_authority_district,local_authority_ons_district,first_road_class,light_conditions,weather_conditions,road_surface_conditions,urban_or_rural_area,vehicle_manoeuvre,vehicle_direction_from,vehicle_direction_to,hit_object_in_carriageway,vehicle_leaving_carriageway,hit_object_off_carriageway,is_car,is_cyle,is_mcyle,is_goodsv,is_other,is_pedestrian,month,day
2024461399080,2024,461399080,614086,161163,1.07029,51.3093,3,3,5,16:47,-1,E07000106,6,0,1,0,2,"[2, 19, 15]","[0, 5, 1]","[0, 1, 5]",0,0,0,1,0,0,0,0,0,1,11
2024461399123,2024,461399123,612346,158102,1.04354,51.28246,3,3,7,11:54,-1,E07000106,6,0,1,0,2,"[5, 19]","[5, 3]","[3, 7]",0,0,0,1,0,1,0,0,0,1,13
2024461399129,2024,461399129,579072,137888,0.55689,51.11231,3,3,3,14:00,-1,E07000116,6,0,1,2,2,"[19, 9]","[8, 1]",3,0,0,0,1,0,0,0,0,0,1,16
2024461399140,2024,461399140,563518,158731,0.34439,51.30421,3,3,6,14:44,-1,E07000115,1,0,1,0,2,19,5,1,0,0,0,1,0,0,0,0,0,1,12
2024461399147,2024,461399147,591906,158932,0.75127,51.29717,3,3,4,07:30,-1,E07000113,1,0,1,1,2,"[11, 19]",3,"[6, 7]","[0, 1]",0,0,1,0,0,0,0,0,1,10
2024461399158,2024,461399158,578960,154476,0.56355,51.26135,3,3,4,22:16,-1,E07000110,6,2,1,2,1,19,5,1,0,1,10,1,0,0,0,0,1,1,10
2024461399165,2024,461399165,579480,152163,0.56984,51.24041,3,3,5,00:52,-1,E07000110,3,2,1,0,2,19,8,4,9,3,2,1,0,0,0,0,0,1,11
2024461399250,2024,461399250,616498,167276,1.10856,51.36327,3,3,5,08:39,-1,E07000106,4,0,1,1,1,3,2,4,0,"[0, 1]",0,1,0,0,0,0,0,1,11
2024461399255,2024,461399255,554919,172010,0.22691,51.42593,3,3,4,18:10,-1,E07000107,3,2,8,0,2,"[19, 12]",3,7,0,0,0,1,0,1,0,0,0,1,10
2024461399256,2024,461399256,621591,139927,1.16469,51.11577,2,2,6,22:30,-1,E07000112,6,2,1,1,2,19,4,8,0,0,0,1,0,1,0,0,0,1,12
2024461399465,2024,461399465,555457,167962,0.23287,51.38941,3,3,4,08:51,-1,E07000111,6,0,1,2,2,19,2,2,0,0,0,1,0,0,0,0,0,1,17
2024461399512,2024,461399512,588943,128397,0.6928,51.02389,3,3,1,12:26,-1,E07000105,4,0,1,0,2,19,7,3,0,1,9,1,0,0,0,0,0,1,14
2024461399535,2024,461399535,577371,166364,0.54671,51.36864,3,3,6,17:46,-1,E06000035,6,2,1,0,1,19,8,4,0,0,0,1,0,0,0,0,1,1,12
2024461399537,2024,461399537,599809,137929,0.8528,51.10583,3,3,1,18:25,-1,E07000105,6,2,1,1,2,"[2, 19]","[0, 5]","[0, 1]","[0, 4]",0,0,1,0,0,0,0,0,1,14
2024461399569,2024,461399569,638749,167300,1.42762,51.35458,3,3,5,19:50,-1,E07000114,3,2,2,1,1,19,"[7, 8]",3,0,0,0,1,0,1,0,0,0,1,11
2024461399578,2024,461399578,601075,142130,0.8732,51.14311,3,3,4,08:32,-1,E07000105,3,0,1,0,1,19,3,7,0,0,0,1,0,0,0,0,1,1,10
2024461399607,2024,461399607,613703,157854,1.06282,51.27973,3,3,5,21:40,-1,E07000106,6,2,2,1,1,"[4, 19]","[4, 2]","[2, 6]",0,0,0,1,1,0,0,0,0,1,11
2024461399609,2024,461399609,577708,146624,0.54174,51.19121,3,3,3,08:05,-1,E07000110,6,0,8,2,2,19,4,7,0,0,0,0,0,1,0,0,0,1,16
2024461399636,2024,461399636,565961,169146,0.38425,51.39708,3,3,5,00:38,-1,E07000109,6,2,1,2,2,19,1,5,0,7,9,1,0,0,0,0,0,1,11
2024461399637,2024,461399637,576308,155297,0.52599,51.26955,3,3,4,14:10,-1,E07000110,3,2,1,0,1,"[12, 19]","[1, 8]","[4, 5]",0,"[0, 7]","[0, 11]",1,0,0,0,0,0,1,17
2024461399642,2024,461399642,556756,166149,0.25073,51.37276,3,3,5,08:22,-1,E07000111,1,0,1,0,2,"[19, 12]",4,8,0,"[0, 1]","[0, 4]",1,0,0,1,0,0,1,11
2024461399649,2024,461399649,591523,162742,0.74783,51.33151,3,3,5,18:59,-1,E07000113,6,2,2,1,2,19,"[3, 7]","[7, 3]","[11, 0]",0,0,1,0,0,0,0,0,1,11
2024461399652,2024,461399652,554359,170464,0.21819,51.41219,3,3,6,10:45,-1,E07000107,1,0,1,1,2,"[11, 12]",6,2,0,"[5, 0]","[6, 0]",1,0,0,1,0,0,1,12
2024461399690,2024,461399690,556485,165449,0.24653,51.36655,2,2,4,17:58,-1,E07000111,3,2,1,0,2,"[9, 19]","[2, 8]","[8, 1]",0,0,0,1,0,0,0,0,0,1,17
2024461399748,2024,461399748,615017,157431,1.08138,51.27544,3,3,6,16:40,-1,E07000106,6,0,1,0,1,19,4,8,0,0,0,0,0,0,1,0,1,1,12
2024461399755,2024,461399755,564860,171388,0.36948,51.41754,3,3,3,03:45,-1,E07000109,6,2,1,2,1,"[19, 7]","[5, 7]",1,0,0,0,1,0,0,0,0,0,1,16
2024461399758,2024,461399758,579849,138824,0.56845,51.12047,3,3,4,09:00,-1,E07000116,6,0,1,2,2,19,"[5, 2]","[4, 3]",0,0,0,1,0,0,0,0,0,1,17
2024461399762,2024,461399762,599371,141117,0.84831,51.13461,3,3,2,14:15,-1,E07000105,6,0,1,0,1,"[9, 19]","[2, 6]","[6, 2]",0,0,0,1,0,0,0,0,0,1,15
2024461399798,2024,461399798,602785,140342,0.89661,51.12645,3,3,6,04:05,-1,E07000105,3,2,1,0,2,"[3, 19]",7,3,0,0,0,1,0,0,0,0,0,1,12
2024461399805,2024,461399805,564654,173743,0.36762,51.43875,3,3,7,17:00,-1,E07000109,3,0,1,0,1,"[19, 4]",5,1,0,0,0,1,0,0,0,0,0,1,13
2024461399878,2024,461399878,622651,163424,1.19439,51.32631,3,3,4,15:39,-1,E07000106,6,2,2,2,2,19,"[1, 5]","[5, 1]",0,0,0,1,0,0,0,0,0,1,10
2024461399910,2024,461399910,564139,172666,0.35972,51.42923,3,3,2,16:00,-1,E07000109,6,0,1,0,1,19,4,8,0,0,0,1,0,0,0,0,1,1,15
2024461400066,2024,461400066,590944,163439,0.7399,51.33797,2,2,4,16:40,-1,E07000113,6,2,1,0,1,"[15, 9]","[1, 6]","[5, 3]",0,0,0,1,0,1,0,0,0,1,17
2024461400082,2024,461400082,594168,174731,0.7923,51.43829,1,1,4,18:48,-1,E07000113,6,2,1,0,2,19,7,3,0,7,0,1,0,0,0,0,1,1,17
2024461400143,2024,461400143,635307,145616,1.36402,51.16137,2,2,3,15:00,-1,E07000108,6,0,8,0,2,"[2, 19]","[5, 2]",5,4,0,0,1,0,0,0,0,0,1,16
2024461400148,2024,461400148,599378,142762,0.84932,51.14938,3,3,5,15:56,-1,E07000105,3,2,8,0,1,3,2,6,0,0,0,1,0,1,0,0,0,1,18
2024461400192,2024,461400192,590241,163755,0.72999,51.34104,3,3,6,03:15,-1,E07000113,3,2,1,2,1,19,3,8,0,0,0,1,0,0,0,0,1,1,19
2024461400197,2024,461400197,638202,165693,1.4187,51.34038,3,3,4,09:05,-1,E07000114,6,0,1,0,1,"[9, 19]","[1, 7]",3,0,0,0,1,0,0,0,0,0,1,10
2024461400427,2024,461400427,617720,160431,1.1219,51.30135,1,1,6,12:05,-1,E07000106,3,0,1,1,2,7,8,3,0,0,0,0,0,0,1,0,1,1,19
2024461400433,2024,461400433,569415,159294,0.42917,51.30755,3,3,7,21:18,-1,E07000115,1,2,1,0,2,19,4,8,0,1,1,1,0,0,0,0,0,1,13
2024461400442,2024,461400442,543659,153608,0.05765,51.26353,3,3,3,21:14,-1,E07000111,3,2,8,2,2,"[19, 13]",3,7,0,"[2, 0]",0,1,0,0,0,0,0,1,16
2024461400461,2024,461400461,550254,162798,0.15597,51.34441,3,3,6,16:45,-1,E07000111,1,2,1,1,2,19,"[5, 1]","[4, 1]",0,0,0,1,0,0,0,0,0,1,19
2024461400473,2024,461400473,576895,136022,0.52491,51.09622,2,2,6,15:50,-1,E07000116,3,0,1,0,2,19,"[1, 6]","[5, 2]",0,0,0,1,0,0,0,0,0,1,19
2024461400530,2024,461400530,605560,159320,0.94708,51.29589,3,3,6,15:05,-1,E07000113,3,0,1,0,2,"[19, 3]","[3, 4]","[7, 8]",0,"[0, 5]","[0, 6]",1,0,0,0,0,0,1,19
2024461400551,2024,461400551,590379,164211,0.73221,51.34509,3,3,7,05:28,-1,E07000113,4,2,1,2,1,19,5,1,10,0,0,1,0,0,0,0,0,1,20
2024461400562,2024,461400562,598317,159837,0.84361,51.3031,3,3,7,02:22,-1,E07000113,1,2,1,2,2,19,5,3,0,1,11,1,0,0,0,0,0,1,20
2024461400634,2024,461400634,637828,152314,1.40444,51.22045,3,3,7,09:55,-1,E07000108,3,0,1,0,1,"[4, 19]",1,5,0,0,0,1,0,0,0,0,0,1,20
2024461400668,2024,461400668,555490,171613,0.23494,51.4222,3,3,5,12:59,-1,E07000107,1,0,1,0,2,"[19, 11]",6,2,0,"[2, 0]","[11, 0]",1,0,0,1,0,0,1,18
2024461400740,2024,461400740,580195,157014,0.58251,51.28376,1,1,7,13:40,-1,E07000110,6,0,1,2,2,19,6,2,0,1,0,1,0,0,0,0,1,1,20
2024461400766,2024,461400766,558599,139812,0.26552,51.13562,3,3,7,17:15,-1,E07000116,6,2,1,0,1,"[7, 2]","[1, 7]","[2, 3]","[8, 0]",0,0,1,0,1,0,0,0,1,20
2024461400776,2024,461400776,573178,158909,0.48292,51.30296,3,3,7,16:50,-1,E07000115,6,0,1,0,1,19,"[6, 2]","[2, 6]",0,0,0,1,0,0,0,0,0,1,20
2024461400807,2024,461400807,574068,151199,0.49192,51.23343,2,2,7,21:17,-1,E07000110,4,2,1,1,2,"[13, 9]",7,3,0,0,0,1,0,1,0,0,0,1,20
2024461400812,2024,461400812,553354,167474,0.20246,51.3856,3,3,7,23:37,-1,E07000111,6,2,1,0,2,"[19, 8]","[3, 7]","[7, 3]",0,0,0,1,0,0,0,0,0,1,20
2024461401005,2024,461401005,600810,142551,0.86965,51.14699,3,3,6,13:02,-1,E07000105,3,0,1,0,1,19,4,8,0,0,0,1,0,0,0,0,1,1,19
2024461401046,2024,461401046,576024,155528,0.52204,51.27171,3,3,1,12:56,-1,E07000110,3,0,1,1,1,"[19, 4]",7,3,0,0,0,1,0,0,0,0,0,1,21
2024461401050,2024,461401050,564557,159115,0.35945,51.30736,3,3,5,18:11,-1,E07000115,1,2,1,1,2,19,7,3,0,1,0,1,0,0,0,0,0,1,4
2024461401056,2024,461401056,553534,174197,0.20795,51.44595,3,3,1,17:12,-1,E07000107,3,0,1,0,1,7,6,3,0,0,0,1,0,0,0,0,1,1,14
2024461401096,2024,461401096,574322,163837,0.50172,51.34688,2,"[2, 3]",2,12:44,-1,E07000115,1,0,3,2,2,19,5,1,0,0,0,1,0,0,0,0,0,1,8
2024461401107,2024,461401107,563633,173177,0.35268,51.43397,3,3,6,18:20,-1,E07000109,6,2,7,0,1,"[19, 2]","[-1, 0]","[-1, 0]",0,0,0,1,0,1,0,0,0,1,12
2024461401116,2024,461401116,598110,171447,0.84711,51.40743,3,3,2,08:46,-1,E07000113,3,0,4,1,2,4,3,7,0,0,0,1,0,0,0,0,0,1,22
2024461401126,2024,461401126,574300,168612,0.50374,51.38978,2,2,1,16:15,-1,E06000035,6,2,1,1,1,19,"[7, 1]","[3, 5]",0,0,0,1,0,0,0,0,0,1,14
2024461401150,2024,461401150,558484,146194,0.26669,51.19299,3,3,3,08:00,-1,E07000115,6,0,1,0,1,19,3,7,0,0,0,1,0,0,0,0,1,1,16
2024461401164,2024,461401164,554309,175712,0.21976,51.45936,3,3,3,06:45,-1,E07000107,3,0,1,0,2,19,7,3,0,0,0,1,0,0,0,0,0,1,9
2024461401172,2024,461401172,577574,168041,0.55046,51.38364,3,3,4,08:55,-1,E06000035,6,0,1,0,1,3,2,8,0,0,0,1,0,0,0,0,0,1,17
2024461401182,2024,461401182,610493,165557,1.02141,51.35009,2,2,2,06:22,-1,E07000106,4,2,8,0,1,19,1,5,0,0,0,1,0,0,0,0,1,1,15
2024461401225,2024,461401225,564249,173789,0.36182,51.43929,2,"[3, 2]",3,21:25,-1,E07000109,6,2,1,0,1,"[19, 5]","[3, 1]","[7, 5]",0,0,0,1,0,0,0,0,0,1,16
2024461401268,2024,461401268,577093,167130,0.5431,51.3756,3,3,3,11:40,-1,E06000035,3,0,1,0,1,19,3,7,0,0,0,1,0,0,0,0,1,1,16
2024461401298,2024,461401298,555166,175616,0.23204,51.45826,3,3,1,17:10,-1,E07000107,3,2,1,0,2,"[15, 2]","[5, 0]","[1, 0]","[4, 0]",0,0,1,0,0,0,0,0,1,14
2024461401317,2024,461401317,584009,130598,0.62364,51.04526,3,3,3,06:45,-1,E07000105,3,2,1,2,2,19,5,1,0,1,0,1,0,0,0,0,0,1,16
2024461401325,2024,461401325,614417,157730,1.07297,51.27835,3,3,4,16:22,-1,E07000106,3,0,1,0,1,"[7, 3]","[2, 8]",5,0,0,0,1,0,0,1,0,0,1,17
2024461401337,2024,461401337,583685,150779,0.6293,51.22664,3,3,2,10:22,-1,E07000110,6,0,1,1,2,9,8,7,0,0,0,1,0,0,0,0,1,1,22
2024461401463,2024,461401463,564629,173683,0.36723,51.43822,3,3,6,11:32,-1,E07000109,3,0,1,1,1,"[19, 7]","[5, 7]",1,0,0,0,1,0,1,0,0,0,1,19
2024461401498,2024,461401498,574719,161782,0.50641,51.3283,3,3,3,06:50,-1,E07000115,3,0,1,0,1,19,8,5,0,0,0,1,0,0,0,0,0,1,23
2024461401585,2024,461401585,638763,165897,1.42688,51.34198,3,3,6,09:30,-1,E07000114,3,0,1,2,1,19,-1,-1,0,0,0,1,0,0,0,0,1,1,19
2024461401616,2024,461401616,576735,157166,0.53303,51.28621,3,3,5,16:22,-1,E07000110,6,0,1,0,1,"[19, 9]","[6, 2]","[2, 6]",0,0,0,1,0,0,0,0,0,1,18
2024461401617,2024,461401617,555958,174974,0.24315,51.45227,3,3,5,16:45,-1,E07000107,3,0,1,0,2,19,1,5,0,0,0,1,0,1,0,0,0,1,18
2024461401749,2024,461401749,561942,172166,0.32791,51.42537,3,3,4,08:07,-1,E07000107,4,0,1,0,2,19,"[7, 3]","[4, 7]",0,0,0,1,0,0,0,0,0,1,17
2024461401757,2024,461401757,617691,166967,1.12548,51.36004,3,3,6,11:32,-1,E07000106,3,0,1,0,2,"[4, 19]",4,8,0,0,0,1,0,0,0,0,0,1,19
2024461401804,2024,461401804,611139,138663,1.01484,51.10836,3,3,6,15:35,-1,E07000112,6,0,1,2,2,19,"[1, 4]","[4, 1]",0,0,0,1,0,0,0,0,0,1,19
2024461401869,2024,461401869,604657,121252,0.91255,50.95435,3,3,7,15:45,-1,E07000112,4,0,1,0,2,"[15, 2, 9]","[6, 0]","[6, 0, 8]","[11, 0]","[7, 0, 6]",0,1,0,0,0,0,0,1,20
2024461401895,2024,461401895,600085,159347,0.86867,51.29808,3,3,4,05:44,-1,E07000113,6,2,1,0,2,19,6,3,0,0,0,1,0,0,0,0,0,1,24
2024461402020,2024,461402020,552041,174129,0.18646,51.44575,3,3,6,23:18,-1,E07000107,6,2,1,0,1,19,3,7,0,0,0,1,0,0,0,0,1,1,19
2024461402086,2024,461402086,576179,167471,0.53015,51.37895,3,3,6,17:40,-1,E06000035,3,0,1,0,1,"[3, 19]",3,7,0,0,0,1,0,0,0,0,0,1,19
2024461402090,2024,461402090,564755,173561,0.36898,51.43709,3,3,6,11:20,-1,E07000109,6,0,1,0,1,19,5,1,0,0,0,1,0,0,0,0,1,1,19
2024461402154,2024,461402154,600920,142238,0.87105,51.14414,3,3,6,15:50,-1,E07000105,6,0,1,0,1,7,3,7,0,0,0,1,0,0,0,0,1,1,19
2024461402162,2024,461402162,608288,154149,0.98314,51.24846,3,3,3,12:30,-1,E07000105,3,0,5,1,2,"[19, 7]",7,"[3, 4]",0,0,0,1,0,0,0,0,0,1,23
2024461402164,2024,461402164,635973,144446,1.37276,51.15059,3,3,7,11:22,-1,E07000108,6,0,1,0,2,19,7,3,0,0,0,1,1,0,0,0,0,1,13
2024461402183,2024,461402183,633381,149006,1.33873,51.19259,2,2,4,01:00,-1,E07000108,6,2,1,0,2,19,1,2,0,1,6,1,0,0,0,0,0,1,24
2024461402223,2024,461402223,600836,142910,0.87022,51.1502,3,3,1,14:02,-1,E07000105,6,0,1,0,1,"[7, 19]","[7, 1]","[2, 5]",0,0,0,1,1,0,0,0,0,1,21
2024461402249,2024,461402249,612024,165382,1.04326,51.34795,2,2,4,16:54,-1,E07000106,6,2,1,0,1,"[9, 19]","[8, 3]","[4, 7]",0,0,0,1,0,1,0,0,0,1,24
2024461402270,2024,461402270,546727,148439,0.09947,51.21631,2,"[3, 2]",4,18:22,-1,E07000111,4,2,1,0,2,"[19, 2]","[1, 3]",3,4,0,0,1,0,0,0,0,0,1,24
2024461402309,2024,461402309,576688,154095,0.53084,51.25864,3,3,4,18:24,-1,E07000110,3,2,1,0,1,"[3, 11]","[5, 4]",8,0,0,0,1,0,0,1,0,0,1,24
2024461402316,2024,461402316,614587,167272,1.08114,51.36396,3,3,4,19:54,-1,E07000106,4,2,1,0,2,9,6,2,0,0,0,1,0,0,0,0,0,1,24
2024461402362,2024,461402362,622379,135936,1.17347,51.07963,3,3,6,14:30,-1,E07000112,6,0,1,1,1,19,"[2, 4]","[6, 8]",0,0,0,1,0,0,0,0,0,1,19
2024461402397,2024,461402397,555171,174299,0.23154,51.44643,3,3,2,16:46,-1,E07000107,6,0,1,0,1,20,4,8,0,0,0,1,0,0,0,0,1,1,22
2024461402410,2024,461402410,570328,169844,0.4473,51.40205,3,3,2,07:40,-1,E07000109,3,0,1,1,2,19,7,3,0,9,0,1,0,0,0,0,0,1,22
2024461402455,2024,461402455,581549,147456,0.59707,51.19748,3,3,2,04:30,-1,E07000110,3,2,5,1,2,19,1,5,0,0,0,1,0,0,0,0,0,1,22
2024461402475,2024,461402475,548991,156619,0.13527,51.28922,3,3,6,17:30,-1,E07000111,1,2,1,0,2,19,3,7,0,0,0,1,0,0,0,0,0,1,19
2024461402542,2024,461402542,634664,167471,1.36917,51.35781,2,2,5,09:47,-1,E07000114,6,0,2,1,2,19,7,3,0,1,4,1,0,0,0,0,0,1,25
2024461402582,2024,461402582,592278,174528,0.76503,51.43711,3,3,5,12:25,-1,E07000113,3,0,1,1,1,"[3, 19]",4,8,0,0,0,1,0,0,0,0,0,1,25
2024461402613,2024,461402613,592737,170796,0.7696,51.40344,3,3,5,13:43,-1,E07000113,3,0,4,0,2,19,1,5,0,0,0,1,0,0,0,0,0,1,25
2024461402624,2024,461402624,555472,174413,0.23591,51.44737,3,3,4,20:35,-1,E07000107,3,2,1,0,1,"[13, 12]",1,5,0,0,0,1,0,0,1,0,0,1,24
2024461402710,2024,461402710,603496,141833,0.9076,51.13959,2,2,5,15:31,-1,E07000105,3,0,1,0,1,"[19, 9]","[1, 5]","[5, 1]",0,0,0,1,0,0,0,0,0,1,25
2024461402752,2024,461402752,615555,156949,1.08879,51.27091,3,3,7,15:20,-1,E07000106,6,0,1,1,1,"[4, 19]",4,8,0,0,0,1,0,1,0,0,0,1,20
2024461402769,2024,461402769,575513,167806,0.52076,51.38217,3,3,2,09:55,-1,E06000035,3,0,1,1,1,"[19, 4, 9]","[3, 8]","[7, 4]",0,0,0,1,0,0,0,0,0,1,8
2024461402772,2024,461402772,558837,172668,0.28351,51.43076,3,3,4,16:12,-1,E07000107,3,0,1,0,2,7,1,3,0,2,1,1,0,0,0,0,0,1,24
2024461402789,2024,461402789,575069,165228,0.51312,51.35914,3,3,6,14:20,-1,E06000035,3,0,1,0,1,"[5, 19]","[5, 3]",7,0,0,0,1,0,0,0,0,0,1,19
2024461402805,2024,461402805,630390,142985,1.29214,51.13975,3,3,2,07:00,-1,E07000108,3,2,2,1,1,19,-1,-1,0,0,0,1,0,0,0,0,1,1,22
2024461402833,2024,461402833,635948,169191,1.38872,51.37272,3,3,6,09:16,-1,E07000114,3,0,1,0,1,"[3, 19]",5,"[4, 5]",0,0,0,1,0,0,0,0,0,1,26
2024461402845,2024,461402845,602233,142464,0.88992,51.1457,3,3,2,15:23,-1,E07000105,3,0,1,0,1,19,7,3,0,0,0,1,0,0,0,0,0,1,22
2024461402975,2024,461402975,577829,169312,0.55476,51.39497,3,3,6,12:40,-1,E06000035,3,0,1,0,1,"[4, 19]",3,7,0,0,0,1,0,0,0,0,0,1,26
2024461403068,2024,461403068,575748,162693,0.52161,51.33616,3,3,5,16:18,-1,E07000115,6,2,1,1,1,"[19, 5]","[1, 2]","[5, 6]",0,"[8, 0]",0,1,0,0,0,0,0,1,25
2024461403147,2024,461403147,572752,157588,0.47617,51.29122,2,"[2, 3]",7,00:50,-1,E07000115,4,2,1,0,1,"[9, 19]","[1, 5]","[7, 1]",0,0,0,1,0,0,0,0,0,1,27
2024461403315,2024,461403315,615308,157499,1.08559,51.27594,2,2,6,11:07,-1,E07000106,3,0,1,0,1,19,4,8,0,0,0,1,0,0,0,0,1,1,26
2024461403327,2024,461403327,635909,169265,1.38821,51.3734,3,3,6,14:07,-1,E07000114,6,0,1,0,1,"[7, 19]",5,"[7, 1]",0,0,0,1,1,0,0,0,0,1,26
2024461403332,2024,461403332,592298,174491,0.7653,51.43677,2,"[2, 3]",6,08:30,-1,E07000113,6,0,1,0,1,19,2,6,0,0,0,1,0,0,0,0,1,1,26
2024461403373,2024,461403373,572145,136954,0.45759,51.10604,2,2,7,17:37,-1,E07000116,4,2,1,0,2,19,"[5, 1]","[1, 5]",0,0,0,1,0,0,0,0,0,1,27
2024461403590,2024,461403590,629878,158486,1.29476,51.27911,2,2,1,17:10,-1,E07000108,6,2,1,0,2,7,3,4,0,3,4,1,0,0,0,0,0,1,28
2024461403594,2024,461403594,543867,140206,0.05526,51.14305,3,3,1,14:46,-1,E07000111,6,0,1,1,2,19,"[3, 7]","[7, 3]",0,0,0,1,0,0,0,0,0,1,28
2024461403627,2024,461403627,578001,169279,0.55721,51.39462,3,3,4,16:45,-1,E06000035,3,0,1,0,1,19,7,3,0,0,0,1,0,0,0,0,1,1,17
2024461403628,2024,461403628,573856,169875,0.49799,51.40126,3,3,6,08:59,-1,E06000035,6,0,1,0,1,19,8,4,0,0,0,1,0,0,0,0,1,1,19
2024461403631,2024,461403631,585365,167354,0.66194,51.37498,3,3,6,16:17,-1,E07000113,6,2,1,0,2,19,4,3,0,1,11,1,0,0,0,0,0,1,26
2024461403633,2024,461403633,575431,170860,0.52109,51.40963,3,3,4,08:26,-1,E06000035,6,0,7,1,2,19,"[6, 1]","[1, 5]",0,0,0,1,0,0,0,0,0,1,10
2024461403649,2024,461403649,574716,165137,0.50801,51.35844,3,3,4,16:45,-1,E06000035,6,2,9,0,1,19,2,6,0,0,0,1,0,0,0,0,1,1,24
2024461403657,2024,461403657,574735,156606,0.5041,51.28179,3,3,3,12:45,-1,E07000110,3,0,2,1,1,19,7,3,0,0,0,1,0,0,0,0,0,1,23
2024461403826,2024,461403826,613886,156529,1.06465,51.26776,3,3,6,09:00,-1,E07000106,3,0,1,0,2,"[4, 19]",3,7,0,0,0,1,0,0,0,0,0,1,19
2024461404057,2024,461404057,575989,163852,0.52564,51.3465,2,2,2,18:00,-1,E06000035,6,2,1,1,1,"[9, 19]","[1, 5]",1,0,0,0,1,0,0,0,0,0,1,29
2024461404071,2024,461404071,572612,140104,0.46576,51.1342,3,3,1,08:48,-1,E07000116,4,0,1,2,2,19,6,2,0,1,3,1,0,0,0,0,0,1,28
2024461404073,2024,461404073,575966,148155,0.51759,51.2055,3,3,2,17:12,-1,E07000110,3,2,1,0,2,"[10, 19]",5,1,0,0,0,1,0,0,0,0,0,1,29
2024461404153,2024,461404153,554464,174001,0.22124,51.44394,3,3,6,22:05,-1,E07000107,3,2,1,0,1,9,3,8,0,0,0,1,0,0,0,0,1,1,26
2024461404182,2024,461404182,564639,165763,0.3637,51.36707,3,3,4,10:52,-1,E07000109,6,0,1,1,2,"[2, 19]","[0, 8]","[0, 4]",0,0,0,1,0,0,0,0,0,1,24
2024461404235,2024,461404235,611935,131135,1.02178,51.04047,3,3,6,16:10,-1,E07000112,3,0,1,0,2,19,"[7, 3]","[3, 7]",0,0,0,1,0,0,0,0,0,1,19
2024461404511,2024,461404511,561410,174798,0.32147,51.44917,3,3,2,20:00,-1,E07000109,6,2,1,0,1,"[19, 9]","[4, 1]","[1, 6]",0,0,0,1,0,1,0,0,0,1,29
2024461404574,2024,461404574,551917,166331,0.18134,51.37571,3,3,3,19:30,-1,E07000111,1,2,1,0,2,19,"[3, 8]","[2, 3]",0,0,0,1,0,0,0,0,0,1,30
2024461404575,2024,461404575,555625,172064,0.23708,51.42622,3,3,3,17:55,-1,E07000107,3,2,1,0,2,19,7,"[5, 2]",0,0,0,1,0,0,0,0,0,1,30
2024461404610,2024,461404610,555457,171537,0.23444,51.42153,3,3,7,11:15,-1,E07000107,1,0,1,0,2,4,5,1,0,0,0,1,0,0,0,0,0,1,20
2024461404611,2024,461404611,632424,169753,1.33854,51.37922,3,3,6,20:01,-1,E07000114,6,2,1,0,1,"[3, 4]",5,1,0,0,0,1,0,0,0,0,0,1,26
2024461404614,2024,461404614,600216,144389,0.86219,51.1637,3,3,2,21:20,-1,E07000105,1,2,1,0,2,19,3,7,0,0,0,1,0,0,0,0,0,1,22
2024461404619,2024,461404619,632516,169564,1.33974,51.37748,2,2,6,10:24,-1,E07000114,6,0,1,0,1,"[19, 4]","[1, 5]","[5, 1]",0,0,0,1,0,0,0,0,0,1,26
2024461404620,2024,461404620,636972,167020,1.40196,51.35281,3,3,1,10:35,-1,E07000114,3,0,1,0,1,"[15, 13]",8,4,0,0,0,1,0,1,0,0,0,1,28
2024461404621,2024,461404621,555786,172214,0.23946,51.42752,3,3,7,22:10,-1,E07000107,3,2,1,0,2,4,1,5,0,0,0,1,0,0,0,0,0,1,13
2024461404626,2024,461404626,559496,162117,0.28825,51.33578,3,3,1,01:50,-1,E07000111,6,2,1,0,2,19,5,1,10,7,0,1,0,0,0,0,0,1,28
2024461404641,2024,461404641,557343,174344,0.26279,51.44623,3,3,5,08:35,-1,E07000107,3,0,1,0,1,19,2,6,0,0,0,1,0,0,0,0,1,1,25
2024461404650,2024,461404650,573978,169332,0.49947,51.39635,3,3,6,16:10,-1,E06000035,4,0,1,0,1,"[13, 9]",2,"[6, 8]",0,0,0,1,0,1,0,0,0,1,26
2024461404666,2024,461404666,555421,173756,0.23489,51.44148,3,3,7,23:58,-1,E07000107,4,2,1,0,1,"[2, 19]","[0, 1, 5]","[0, 5, 1]",0,0,0,1,0,0,0,0,0,1,27
2024461404699,2024,461404699,563749,172385,0.35398,51.42682,3,3,6,15:40,-1,E07000109,6,0,8,0,1,"[9, 19]","[4, 2]",6,0,0,0,1,0,0,0,0,0,1,26
2024461404790,2024,461404790,637584,170015,1.41273,51.37943,3,3,5,17:55,-1,E07000114,6,0,1,0,1,19,"[3, 5]","[7, 1]",0,0,0,1,0,1,0,0,0,1,25
2024461404795,2024,461404795,614345,160173,1.07341,51.30031,3,3,7,08:50,-1,E07000106,6,0,1,0,2,"[19, 7]","[3, 5]","[7, 1]",0,0,0,1,1,0,0,0,0,1,27