collision_index,collision_year,collision_ref_no,location_easting_osgr,location_northing_osgr,longitude,latitude,casualty_severity,casualty_severity,day_of_week,time,local_authority_district,local_authority_ons_district,first_road_class,light_conditions,weather_conditions,road_surface_conditions,urban_or_rural_area,vehicle_manoeuvre,vehicle_direction_from,vehicle_direction_to,hit_object_in_carriageway,vehicle_leaving_carriageway,hit_object_off_carriageway,is_car,is_cyle,is_mcyle,is_goodsv,is_other,is_pedestrian,month,day
2024461404844,2024,461404844,579812,158596,0.57782,51.29809,3,3,4,12:40,-1,E07000110,3,0,1,1,2,19,1,5,0,1,4,1,0,0,0,0,0,1,31
2024461404962,2024,461404962,576613,164441,0.53488,51.3516,2,2,4,16:07,-1,E06000035,6,0,1,0,1,4,5,"[8, 6]",0,0,0,1,0,0,0,0,0,1,31
2024461404985,2024,461404985,614993,136043,1.06825,51.0834,3,3,4,15:15,-1,E07000112,6,0,1,0,2,"[3, 19]",8,8,0,0,0,1,0,1,0,0,0,1,31
2024461405022,2024,461405022,555424,171523,0.23396,51.42141,3,3,3,18:05,-1,E07000107,1,2,1,0,2,"[19, 4]",6,2,0,"[1, 0]","[6, 0]",1,0,0,1,0,0,1,30
2024461405076,2024,461405076,589651,164984,0.72218,51.35228,2,"[2, 3]",6,13:15,-1,E07000113,6,0,1,0,1,19,"[7, 3]","[3, 7]",0,0,0,1,0,0,0,1,0,1,26
2024461405089,2024,461405089,614579,158110,1.07552,51.2817,3,3,5,07:30,-1,E07000106,6,0,1,0,1,19,"[1, 8]",4,0,0,0,1,1,0,0,0,0,2,1
2024461405090,2024,461405090,557194,175123,0.26099,51.45327,3,3,7,09:40,-1,E07000107,3,0,1,0,1,"[3, 19]","[4, 5]",1,0,0,0,1,0,0,0,0,0,1,27
2024461405097,2024,461405097,559248,139791,0.27478,51.13525,3,3,6,15:30,-1,E07000116,6,0,1,0,1,19,3,7,0,0,0,1,0,0,0,0,1,1,26
2024461405239,2024,461405239,631339,141985,1.30504,51.13039,2,2,1,19:20,-1,E07000108,3,2,1,0,1,"[19, 9]","[2, 4]","[5, 1]",0,0,0,1,0,0,0,0,0,1,28
2024461405280,2024,461405280,571796,154358,0.46092,51.26249,3,3,4,20:00,-1,E07000110,3,2,1,0,2,"[3, 19]",2,6,"[4, 0]",0,0,1,0,0,0,0,0,1,31
2024461405315,2024,461405315,577636,168354,0.55151,51.38643,3,3,4,18:30,-1,E06000035,3,2,1,0,1,"[9, 5]","[8, 3]","[5, 7]",0,0,0,1,0,0,0,0,0,1,31
2024461405321,2024,461405321,631894,141829,1.31286,51.12877,3,3,5,17:34,-1,E07000108,3,2,1,0,1,13,1,5,0,0,0,0,0,1,0,0,0,2,1
2024461405359,2024,461405359,579904,130736,0.56521,51.0478,3,3,5,19:45,-1,E07000116,6,2,1,0,2,"[9, 19]","[7, 6]","[5, 1]",0,0,0,1,0,0,0,0,0,2,1
2024461405425,2024,461405425,550546,158856,0.1585,51.30891,2,2,5,14:40,-1,E07000111,3,0,1,0,2,"[9, 19]","[4, 1]","[1, 5]",0,0,0,1,0,1,0,0,0,2,1
2024461405431,2024,461405431,577217,172960,0.54779,51.42793,3,3,6,08:15,-1,E06000035,6,0,1,0,2,19,"[5, 6]","[1, 2]",0,0,0,1,0,0,0,0,0,1,26
2024461405433,2024,461405433,553985,167352,0.21147,51.38433,3,3,2,07:52,-1,E07000111,1,0,1,0,2,4,3,7,0,0,0,1,0,0,1,0,0,1,22
2024461405456,2024,461405456,630177,144619,1.29015,51.15451,3,3,2,15:45,-1,E07000108,3,0,1,0,1,"[4, 19]",1,5,0,0,0,1,0,0,0,0,0,1,29
2024461405492,2024,461405492,575807,164395,0.5233,51.35143,3,3,2,14:55,-1,E06000035,6,0,1,0,1,"[4, 5]",1,5,0,0,0,1,0,0,0,0,0,1,29
2024461405554,2024,461405554,616620,167592,1.1105,51.36606,3,3,5,15:20,-1,E07000106,6,0,1,0,1,"[19, -1]","[1, -1]","[5, -1]","[0, -1]","[0, -1]",0,1,0,0,0,1,0,1,25
2024461405609,2024,461405609,593281,174915,0.77965,51.44025,3,3,6,11:42,-1,E07000113,6,0,1,0,1,"[2, 5]","[0, 1]","[0, 1]",0,0,0,1,0,0,0,0,0,2,2
2024461405709,2024,461405709,587754,164088,0.6945,51.34486,3,3,5,19:40,-1,E07000113,3,2,1,0,2,19,6,2,0,0,0,1,0,0,0,0,0,2,1
2024461405717,2024,461405717,569591,154764,0.42954,51.2668,3,3,6,19:42,-1,E07000115,6,2,1,0,2,"[7, 19]","[3, 1]",5,0,0,0,1,0,0,0,1,0,2,2
2024461405723,2024,461405723,604022,148007,0.9186,51.19485,2,2,6,19:50,-1,E07000105,3,2,1,1,2,"[19, 9]","[1, 5]","[5, 1]",0,"[0, 7]",0,1,0,0,0,0,0,2,2
2024461405728,2024,461405728,573562,169934,0.49379,51.40188,3,3,5,15:48,-1,E06000035,6,0,1,0,1,"[19, 9]","[6, 8]","[2, 5]",0,0,0,1,0,0,0,0,0,2,1
2024461405800,2024,461405800,600227,153125,0.86722,51.24215,2,"[3, 2]",5,14:35,-1,E07000113,6,0,1,0,2,19,"[7, 3]","[3, 7, 5]","[12, 0]",0,0,1,0,0,0,0,0,2,1
2024461405804,2024,461405804,590212,168310,0.73201,51.38196,1,"[2, 1]",7,01:44,-1,E07000113,6,2,2,0,2,19,6,2,0,7,0,1,0,0,0,0,1,2,3
2024461405962,2024,461405962,571687,162215,0.46314,51.33311,3,3,6,19:10,-1,E07000115,6,2,1,0,2,19,"[3, 7]","[7, 3]",0,"[0, 1]","[0, 9]",1,0,0,0,0,0,2,2
2024461405964,2024,461405964,594330,172661,0.79349,51.41964,1,1,4,07:50,-1,E07000113,4,2,1,0,1,5,3,7,0,0,0,1,0,0,0,0,1,1,31
2024461405998,2024,461405998,598755,141791,0.83989,51.14088,3,3,7,17:30,-1,E07000105,6,2,2,0,1,19,8,4,0,0,0,1,0,0,0,0,1,2,3
2024461406048,2024,461406048,574738,166370,0.50893,51.36951,3,3,5,17:57,-1,E06000035,6,2,1,0,1,"[9, 2, 19]","[1, 0]","[5, 0]","[4, 0]",0,0,1,0,0,0,0,0,2,1
2024461406053,2024,461406053,634173,167824,1.36236,51.36118,2,"[2, 3]",7,22:06,-1,E07000114,6,2,1,0,2,19,"[1, 5]","[5, 1]","[11, 10]",0,0,1,0,0,0,0,0,2,3
2024461406076,2024,461406076,573518,169206,0.4928,51.39536,3,3,1,06:30,-1,E06000035,3,0,8,1,1,19,"[6, 1]",2,0,0,0,1,0,0,0,0,0,2,4
2024461406100,2024,461406100,584320,144903,0.63537,51.17366,3,3,1,08:20,-1,E07000110,6,0,1,1,2,19,2,7,0,1,4,1,0,0,0,0,0,2,4
2024461406125,2024,461406125,561379,174839,0.32104,51.44954,3,3,7,16:20,-1,E07000109,6,0,1,0,1,"[19, 10]","[4, 1]","[8, 3]",0,0,0,1,0,0,0,0,0,2,3
2024461406155,2024,461406155,634489,145410,1.35221,51.15986,3,3,5,09:45,-1,E07000108,3,0,7,1,2,"[3, 4]",1,5,0,0,0,1,0,0,1,0,0,1,25
2024461406157,2024,461406157,637618,164338,1.40943,51.32847,2,2,7,12:50,-1,E07000114,4,0,1,0,1,19,3,7,0,0,0,0,0,1,0,0,0,2,3
2024461406222,2024,461406222,577582,137478,0.53543,51.10909,3,3,6,13:37,-1,E07000116,6,0,1,1,2,"[4, 19]","[5, 1]","[1, 5]",0,0,0,1,0,0,0,0,0,2,2
2024461406246,2024,461406246,602736,170664,0.91308,51.39877,3,3,1,21:04,-1,E07000113,4,2,1,0,2,19,3,7,0,1,11,1,0,0,0,0,0,2,4
2024461406248,2024,461406248,590755,166110,0.73862,51.36202,2,2,1,20:25,-1,E07000113,6,2,1,0,1,19,1,5,0,0,0,0,0,0,0,1,1,2,4
2024461406257,2024,461406257,563285,172055,0.34716,51.42399,2,2,6,11:27,-1,E07000109,6,0,1,0,1,"[19, 2]","[4, 0]","[8, 0]","[4, 0]","[7, 0]",0,1,0,0,0,0,0,1,26
2024461406272,2024,461406272,564074,171267,0.35813,51.41668,3,3,5,16:38,-1,E07000109,3,2,1,0,2,"[3, 19]",7,3,0,0,0,1,0,0,0,0,0,1,11
2024461406283,2024,461406283,549732,161458,0.14792,51.33251,3,3,2,08:32,-1,E07000111,3,0,1,1,2,19,"[5, 1]",4,0,0,0,1,1,0,0,0,0,2,5
2024461406289,2024,461406289,574478,162631,0.50337,51.336,3,3,3,07:30,-1,E07000115,3,0,1,0,2,"[11, 3]",5,1,0,0,0,1,0,0,0,0,0,1,30
2024461406353,2024,461406353,576364,153092,0.5257,51.24973,3,3,1,13:30,-1,E07000110,6,0,1,0,1,"[19, 7]","[5, 7]",1,0,0,0,1,0,0,0,0,0,1,28
2024461406362,2024,461406362,577496,167391,0.54902,51.37782,2,2,2,08:39,-1,E06000035,6,0,1,0,1,9,4,6,0,0,0,1,0,0,0,0,1,2,5
2024461406375,2024,461406375,559753,139782,0.28199,51.13503,3,3,1,17:15,-1,E07000116,6,2,1,0,1,3,7,2,0,0,0,1,0,0,0,0,0,1,28
2024461406437,2024,461406437,575161,171382,0.51747,51.4144,2,2,2,08:34,-1,E06000035,3,0,1,0,2,"[13, 19]",7,"[3, 5]",0,"[1, 0]","[2, 0]",1,0,0,1,0,0,2,5
2024461406597,2024,461406597,560746,174052,0.31158,51.44265,2,2,2,18:40,-1,E07000107,6,2,1,0,1,"[5, 19]","[1, 7]","[5, 3]",0,0,0,1,0,1,0,0,0,2,5
2024461406639,2024,461406639,563523,172698,0.35088,51.42969,3,3,5,20:06,-1,E07000109,6,2,1,0,1,19,"[7, 2]","[3, 5]",0,0,0,1,0,0,0,0,0,2,1
2024461406835,2024,461406835,568419,159658,0.41507,51.31111,3,3,3,07:08,-1,E07000115,1,0,1,0,2,19,3,"[5, 1]",0,0,0,1,0,0,0,0,0,2,6
2024461406876,2024,461406876,617377,137208,1.10294,51.09297,3,3,3,12:58,-1,E07000112,6,0,1,0,2,"[19, 5]","[1, 3]","[5, 7]",0,0,0,1,0,0,0,0,0,2,6
2024461406885,2024,461406885,575419,150120,0.51072,51.22332,3,3,3,09:46,-1,E07000110,3,0,1,0,2,"[2, 14]","[0, 5]","[0, 1]","[0, 4]","[1, 0]","[11, 0]",1,0,0,0,0,1,2,6
2024461406977,2024,461406977,570493,161048,0.44546,51.32298,2,2,3,16:17,-1,E07000115,3,0,1,0,2,19,5,1,"[7, 0]",0,0,1,0,0,0,0,0,2,6
2024461407029,2024,461407029,561934,174474,0.32885,51.44611,3,3,7,13:00,-1,E07000109,6,0,1,0,1,19,1,5,0,0,0,1,0,0,0,0,1,2,3
2024461407048,2024,461407048,580488,164627,0.59056,51.35205,2,2,5,15:51,-1,E06000035,6,0,1,0,1,9,7,5,0,0,0,1,0,0,0,0,1,1,11
2024461407086,2024,461407086,619117,162517,1.14319,51.31954,2,2,5,11:50,-1,E07000106,6,0,1,0,2,19,"[1, 5]","[5, 1]",0,"[1, 0]","[3, 0]",1,0,0,0,0,0,2,1
2024461407212,2024,461407212,585081,162628,0.65541,51.33262,3,3,3,20:20,-1,E07000113,1,2,1,0,2,"[19, 4]",8,2,0,0,0,1,0,0,0,0,0,1,30
2024461407344,2024,461407344,547520,147567,0.11046,51.20827,3,3,4,15:07,-1,E07000111,4,0,1,1,2,"[9, 19]","[7, 5]","[5, 1]",0,0,0,1,0,0,0,0,0,2,7
2024461407375,2024,461407375,563944,173420,0.35726,51.43606,3,3,6,15:00,-1,E07000109,6,0,1,0,1,19,5,1,0,0,0,1,0,0,0,0,1,2,2
2024461407385,2024,461407385,634638,164751,1.367,51.33341,3,3,2,17:12,-1,E07000114,6,2,1,0,2,5,3,7,0,0,0,1,0,0,0,0,0,2,5
2024461407419,2024,461407419,617290,134487,1.10006,51.06857,3,3,6,06:00,-1,E07000112,6,2,1,0,2,"[2, 14]","[0, 3]","[0, 7]","[0, 4]","[0, 7]",0,1,0,0,0,1,0,1,12
2024461407449,2024,461407449,623233,135881,1.18561,51.0788,2,2,1,13:30,-1,E07000112,3,0,1,0,1,19,5,1,0,0,0,0,0,1,0,0,0,2,4
2024461407466,2024,461407466,577400,174123,0.55101,51.43832,3,3,1,18:00,-1,E06000035,6,2,1,0,2,19,"[1, 5]","[5, 1]",0,0,0,1,0,0,0,0,0,2,4
2024461407493,2024,461407493,556231,140119,0.23183,51.13903,2,2,4,13:20,-1,E07000116,6,0,1,0,1,"[5, 4]",5,"[3, 1]",0,0,0,1,1,0,0,0,0,1,31
2024461407527,2024,461407527,574497,168470,0.5065,51.38844,3,3,1,14:00,-1,E06000035,3,0,1,0,1,"[19, 12]",3,7,0,0,0,1,0,0,0,0,0,2,4
2024461407823,2024,461407823,581871,154892,0.60544,51.26417,3,3,5,23:56,-1,E07000110,3,2,2,1,2,19,7,3,10,1,3,1,0,0,0,0,0,2,8
2024461407835,2024,461407835,582064,163569,0.61263,51.34205,2,"[3, 2]",5,23:23,-1,E06000035,1,2,2,1,2,"[2, 19]","[0, 6]","[0, 2]",0,0,0,1,0,0,1,0,0,2,8
2024461407845,2024,461407845,629821,169499,1.30104,51.378,2,2,2,08:38,-1,E07000114,6,0,1,0,1,"[19, 4]","[0, 5]","[0, 7]",0,0,0,1,1,0,0,0,0,2,5
2024461407850,2024,461407850,619215,136969,1.129,51.09012,2,2,3,17:55,-1,E07000112,6,2,1,0,1,"[19, 9]","[3, 5]","[7, 3]",0,0,0,1,0,0,0,0,0,2,6
2024461407861,2024,461407861,568770,157326,0.41899,51.29006,3,3,5,09:54,-1,E07000115,3,0,2,1,2,9,1,5,0,0,0,1,0,0,0,0,0,2,8
2024461407864,2024,461407864,577994,137096,0.54112,51.10553,3,3,5,11:05,-1,E07000116,3,0,2,1,2,"[5, 19]","[7, 2]","[3, 6]",0,0,0,1,0,0,0,0,0,2,8
2024461407871,2024,461407871,590532,163824,0.7342,51.34156,3,3,3,05:31,-1,E07000113,3,2,1,0,1,19,3,7,0,0,0,1,0,1,0,0,0,2,6
2024461407874,2024,461407874,566756,148615,0.38608,51.21239,3,3,3,15:30,-1,E07000115,6,0,1,0,2,"[19, 7]","[6, 1]","[2, 5]",0,0,0,1,0,0,0,1,0,2,6
2024461407882,2024,461407882,581318,151496,0.5958,51.23384,2,2,6,06:14,-1,E07000110,4,2,2,1,2,19,"[3, 1]","[7, 5]",0,"[7, 1]",0,1,0,0,1,0,0,2,9
2024461407896,2024,461407896,630466,168557,1.30968,51.36928,3,3,6,08:05,-1,E07000114,4,0,1,0,1,"[19, 7]","[5, 7]","[1, 3]",0,0,0,1,0,0,0,0,0,2,2
2024461407928,2024,461407928,575927,154632,0.52021,51.2637,2,"[3, 2]",7,14:32,-1,E07000110,6,0,1,0,1,"[4, 19]",5,1,0,0,0,1,0,0,0,0,0,2,3
2024461408166,2024,461408166,630456,142167,1.29256,51.13238,3,3,5,16:55,-1,E07000108,6,2,2,1,1,"[3, 19]","[2, 6]","[6, 2]",0,0,0,1,0,0,0,0,0,2,8
2024461408211,2024,461408211,607449,151864,0.96981,51.22825,3,3,6,19:30,-1,E07000105,3,2,2,1,2,"[19, 13]","[5, 1]","[1, 5]",0,"[1, 0]","[4, 0]",1,0,0,0,0,0,2,9
2024461408228,2024,461408228,637490,166104,1.40877,51.34437,3,3,6,21:57,-1,E07000114,3,2,2,1,1,"[19, 5]","[1, 2]","[5, 7]","[0, 7]","[0, 7]","[0, 1]",1,0,0,0,0,0,2,9
2024461408238,2024,461408238,554331,174266,0.21944,51.44636,2,2,4,20:51,-1,E07000107,3,2,1,0,1,19,7,4,0,0,0,0,1,0,0,0,0,1,31
2024461408251,2024,461408251,559877,174983,0.29951,51.45126,3,3,3,08:47,-1,E07000107,3,0,1,0,2,"[9, 7]",7,3,0,"[-1, 7]",0,1,0,0,1,0,0,1,16
2024461408267,2024,461408267,562227,172419,0.33212,51.42756,3,3,3,14:50,-1,E07000109,4,0,1,0,1,"[19, 4]",1,6,0,0,0,1,0,0,0,0,0,2,6
2024461408454,2024,461408454,576632,155959,0.53096,51.2754,3,3,4,16:07,-1,E07000110,3,0,1,0,1,19,2,6,0,0,0,1,0,0,0,0,1,1,31
2024461408472,2024,461408472,550559,155084,0.15709,51.27502,3,3,5,17:20,-1,E07000111,3,2,1,0,2,19,5,1,0,"[0, 1]",0,1,0,0,0,0,0,2,1
2024461408490,2024,461408490,638503,168020,1.42457,51.36114,2,2,7,18:00,-1,E07000114,3,2,2,1,1,19,7,3,0,0,0,0,0,0,0,0,1,2,10
2024461408550,2024,461408550,562302,172976,0.33346,51.43254,3,3,7,14:42,-1,E07000109,6,0,2,1,1,7,8,2,0,7,0,1,0,0,0,0,0,2,10
2024461408640,2024,461408640,555567,147832,0.22568,51.20851,3,3,7,18:53,-1,E07000115,3,2,2,1,2,19,5,1,0,1,4,1,0,0,0,0,0,2,10
2024461408667,2024,461408667,559023,146436,0.2745,51.19502,3,3,1,18:45,-1,E07000115,4,2,1,0,1,19,6,2,0,0,0,1,0,0,0,0,1,2,11
2024461408685,2024,461408685,576057,167810,0.52857,51.38203,3,3,6,10:45,-1,E06000035,3,0,1,0,1,"[19, 6]",7,3,0,0,0,1,0,1,0,0,0,2,9
2024461408700,2024,461408700,620660,136683,1.14943,51.087,3,3,7,17:41,-1,E07000112,3,0,1,1,1,9,5,2,0,0,0,1,0,0,0,0,1,2,10
2024461408723,2024,461408723,620078,136754,1.14117,51.08786,3,3,5,17:48,-1,E07000112,4,2,2,1,1,"[9, 19]","[0, 7]","[0, 3]",0,"[0, 1]","[0, 11]",1,0,0,0,0,0,2,8
2024461408742,2024,461408742,577030,165048,0.54116,51.35692,3,3,6,15:45,-1,E06000035,6,0,1,0,1,"[19, 9]","[2, 4]","[6, 2]",0,"[1, 0]","[10, 0]",1,0,0,0,0,1,1,5
2024461408767,2024,461408767,558118,141791,0.25952,51.15354,3,3,6,18:04,-1,E07000116,6,2,9,0,1,"[19, 2]","[3, 0]","[7, 0]",0,0,0,1,0,0,0,0,0,1,19
2024461408778,2024,461408778,552667,173129,0.19503,51.43659,2,2,4,08:00,-1,E07000107,6,0,1,0,2,"[19, 5]","[6, 1]",2,0,0,0,1,0,0,0,0,0,2,7
2024461408788,2024,461408788,553312,156664,0.19721,51.28848,3,3,2,17:28,-1,E07000111,3,2,2,1,1,"[4, 3]",7,3,"[0, 11]",0,0,1,0,0,0,0,0,2,5
2024461408807,2024,461408807,587400,141812,0.67777,51.14489,3,3,4,06:55,-1,E07000105,6,2,2,1,2,19,7,3,0,0,0,1,0,0,0,0,1,2,7
2024461408851,2024,461408851,623047,136363,1.18326,51.0832,2,2,4,11:40,-1,E07000112,3,0,1,0,1,9,7,4,0,0,0,1,0,0,0,0,1,2,7
2024461408867,2024,461408867,637100,152125,1.39391,51.21906,3,3,3,16:56,-1,E07000108,6,0,9,0,1,-1,-1,-1,0,0,0,0,0,0,1,0,0,1,23
2024461408923,2024,461408923,555665,173882,0.23846,51.44254,2,2,2,04:55,-1,E07000107,3,0,1,0,1,19,"[1, 3]","[5, 7]",0,0,0,1,0,1,0,0,0,1,29
2024461408935,2024,461408935,575678,172574,0.52549,51.42495,3,3,3,14:45,-1,E06000035,6,0,1,0,2,19,5,1,0,0,0,1,0,0,0,0,1,1,30
2024461408985,2024,461408985,633887,165100,1.35647,51.33685,3,3,7,15:32,-1,E07000114,6,0,1,0,2,19,5,1,0,0,0,1,0,0,0,0,0,2,10
2024461409008,2024,461409008,551774,152997,0.17361,51.25594,2,2,2,12:06,-1,E07000111,3,0,1,0,2,19,5,5,7,5,0,1,0,0,0,0,0,2,12
2024461409099,2024,461409099,553510,173313,0.20723,51.43802,3,3,7,15:10,-1,E07000107,4,0,1,0,1,19,7,3,0,0,0,1,0,0,0,0,1,2,3
2024461409146,2024,461409146,562505,173819,0.33676,51.44006,3,3,2,19:15,-1,E07000109,6,2,1,0,1,"[19, 2]","[1, 0]","[5, 0]","[4, 0]",0,0,1,0,0,0,0,0,2,12
2024461409157,2024,461409157,583416,138495,0.61919,51.11639,3,3,1,18:59,-1,E07000105,3,2,1,1,2,19,7,3,0,1,0,1,0,0,0,0,0,2,11
2024461409181,2024,461409181,638842,166231,1.42823,51.34494,3,3,5,08:00,-1,E07000114,6,0,2,1,1,19,"[7, 1]","[3, 5]",0,0,0,1,1,0,0,0,0,2,8
2024461409425,2024,461409425,633588,169880,1.35532,51.37988,3,3,3,12:18,-1,E07000114,3,0,1,0,1,19,7,3,0,0,0,1,0,0,0,0,1,2,13
2024461409588,2024,461409588,555658,173328,0.23811,51.43757,3,3,3,00:11,-1,E07000107,3,2,1,1,1,5,"[4, 5]","[8, 1]",0,0,0,1,0,0,0,0,0,2,13
2024461409593,2024,461409593,558305,141517,0.26207,51.15102,2,2,3,18:54,-1,E07000116,6,2,2,1,1,7,3,5,0,0,0,0,0,0,1,0,1,2,13
2024461409653,2024,461409653,553790,172279,0.2108,51.42865,3,3,1,19:15,-1,E07000107,3,2,1,0,1,19,7,3,0,9,0,1,0,0,0,0,0,2,4
2024461409672,2024,461409672,574408,168612,0.50529,51.38975,3,3,6,16:07,-1,E06000035,3,0,1,1,1,1,1,8,0,0,0,1,0,0,0,0,1,2,9
2024461409718,2024,461409718,637471,150986,1.39846,51.20868,3,3,7,16:50,-1,E07000108,3,0,2,1,1,"[19, 9]","[5, 7]","[1, 3]",0,0,0,1,0,0,0,0,0,2,10
2024461409724,2024,461409724,580743,166237,0.59504,51.36643,3,3,6,16:45,-1,E06000035,3,0,2,1,1,"[4, 19]",7,3,0,0,0,1,0,0,0,0,0,2,9
2024461409756,2024,461409756,551094,157755,0.16589,51.29888,1,1,4,07:05,-1,E07000111,1,0,2,1,2,"[4, 19]",3,7,0,0,0,1,0,0,1,0,0,2,14
2024461409774,2024,461409774,558584,154512,0.27179,51.2677,3,3,7,10:30,-1,E07000115,6,0,2,1,2,5,"[7, 1]","[3, 5]",0,0,0,1,1,0,0,0,0,2,10
2024461409819,2024,461409819,632771,158536,1.3362,51.27839,2,2,6,13:50,-1,E07000108,6,0,9,0,2,"[19, 3]",3,7,0,0,0,1,0,0,0,1,0,2,9
2024461409844,2024,461409844,581290,164190,0.60184,51.34787,3,3,7,21:40,-1,E06000035,6,2,1,0,1,19,"[1, 6]","[5, 2]",0,0,0,1,0,0,0,0,0,2,3
2024461409889,2024,461409889,595137,162470,0.79949,51.32784,3,3,5,18:15,-1,E07000113,3,2,1,0,2,9,5,1,0,0,0,1,0,0,0,0,1,2,8
2024461409982,2024,461409982,570680,153419,0.4445,51.25439,2,2,4,15:45,-1,E07000110,4,0,1,0,2,"[9, 19]","[7, 3]","[3, 7]",0,0,0,1,0,0,0,0,0,2,14
2024461409990,2024,461409990,607618,145885,0.96877,51.1745,3,3,4,21:50,-1,E07000105,6,2,4,1,2,19,5,1,0,0,0,1,0,0,0,0,0,2,7
2024461410024,2024,461410024,615136,157143,1.08291,51.27281,3,3,4,21:58,-1,E07000106,6,2,2,1,1,19,1,5,0,1,7,1,0,0,0,0,0,2,14
2024461410029,2024,461410029,601548,141713,0.87972,51.1392,3,3,4,23:16,-1,E07000105,6,2,2,1,1,"[7, 19]",4,"[6, 2]",0,0,0,1,1,0,0,0,0,2,14
2024461410039,2024,461410039,603376,170762,0.92233,51.39942,3,3,4,22:25,-1,E07000113,6,2,2,1,2,"[19, 2]","[5, 0]","[1, 0]",0,"[7, 0]",0,1,0,0,0,0,0,2,14
2024461410076,2024,461410076,601615,161285,0.89168,51.31494,2,2,7,12:50,-1,E07000113,6,0,1,0,1,19,5,1,0,0,0,1,0,0,0,0,1,1,20
2024461410085,2024,461410085,557674,175048,0.26786,51.45246,3,3,6,17:40,-1,E07000107,3,2,2,1,1,19,5,1,0,0,0,1,1,0,0,0,0,2,9
2024461410116,2024,461410116,568841,159608,0.42109,51.31054,3,3,7,07:17,-1,E07000115,1,2,1,0,2,19,7,3,0,0,0,1,0,0,0,0,0,2,10
2024461410118,2024,461410118,566130,142127,0.37413,51.15429,2,2,5,16:45,-1,E07000116,4,2,5,1,2,19,6,2,0,0,0,1,0,0,0,0,1,1,4
2024461410291,2024,461410291,601292,159708,0.88616,51.3009,2,2,4,17:15,-1,E07000113,1,2,1,0,2,4,7,3,0,0,0,1,0,0,0,0,0,2,14
2024461410354,2024,461410354,564758,172907,0.36872,51.43121,3,3,4,23:30,-1,E07000109,6,2,2,1,1,"[19, 2]",1,5,"[4, 0]",0,0,1,0,0,0,0,0,2,14
2024461410357,2024,461410357,636417,168176,1.39477,51.36341,1,"[1, 3]",5,13:50,-1,E07000114,3,0,1,0,1,19,"[5, 1]","[1, 5]",0,"[0, 8]",0,1,0,0,0,0,0,2,15
2024461410426,2024,461410426,551245,168748,0.17272,51.39761,3,3,5,17:30,-1,E07000111,4,0,1,0,1,"[3, 19, 5]","[4, 8, 2]","[8, 6]",0,0,0,1,0,0,0,0,0,2,15
2024461410449,2024,461410449,575494,171995,0.52256,51.4198,3,3,5,23:35,-1,E06000035,6,2,1,0,2,19,2,6,0,1,"[7, 0]",1,0,0,0,0,0,2,15
2024461410463,2024,461410463,556894,171277,0.25497,51.4188,3,3,1,23:00,-1,E07000107,4,2,1,0,2,"[7, 19]","[2, 8]","[8, 4]",0,0,0,1,0,1,0,0,0,2,11
2024461410471,2024,461410471,633441,169872,1.35321,51.37987,2,2,5,08:03,-1,E07000114,3,0,2,1,1,7,1,7,0,0,0,1,0,0,0,0,1,2,8
2024461410475,2024,461410475,576112,165214,0.52808,51.3587,3,3,1,23:45,-1,E06000035,6,2,1,0,1,"[19, 2]","[1, 0]","[1, 0]","[4, 0]",0,0,1,0,0,0,0,0,2,11
2024461410695,2024,461410695,619313,167117,1.14883,51.36076,1,"[3, 1]",6,09:31,-1,E07000106,3,0,1,0,2,"[19, 12]",7,3,0,"[0, 2]","[0, 7]",1,0,0,0,1,0,2,16
2024461410759,2024,461410759,573748,143416,0.48358,51.16361,2,2,6,10:12,-1,E07000110,4,0,1,0,2,19,"[5, 1]","[1, 5]",0,"[7, 0]",0,1,0,0,0,0,0,2,16
2024461410858,2024,461410858,560465,140216,0.29235,51.13873,3,3,6,19:54,-1,E07000116,3,2,1,0,1,"[5, 19]","[5, 1]","[1, 5]",0,0,0,1,0,0,0,0,0,2,16
2024461410871,2024,461410871,575476,171574,0.52209,51.41603,3,3,5,06:52,-1,E06000035,3,0,1,0,2,"[5, 4]",2,3,0,"[0, 1]",0,1,0,0,0,0,0,2,15
2024461410880,2024,461410880,634410,170296,1.36739,51.38328,2,2,6,21:45,-1,E07000114,6,2,1,0,1,19,"[4, 2]","[8, 6]",0,0,0,1,0,1,0,0,0,2,16
2024461410896,2024,461410896,559898,172680,0.29877,51.43057,2,"[3, 2]",6,22:40,-1,E07000107,3,2,1,0,2,19,7,3,0,0,0,1,0,0,0,0,0,2,16
2024461410954,2024,461410954,563527,172691,0.35093,51.42963,3,3,7,08:39,-1,E07000109,6,0,1,0,1,19,"[1, 7]","[5, 3]",0,"[0, 3]",0,1,0,0,0,0,0,2,17
2024461411000,2024,461411000,601512,138679,0.87751,51.11197,3,3,7,11:30,-1,E07000105,6,0,2,1,1,19,6,3,0,0,0,0,0,1,0,0,0,2,17
2024461411045,2024,461411045,581658,176998,0.61368,51.4628,2,2,7,13:26,-1,E06000035,6,0,1,1,2,19,6,2,0,7,0,1,0,0,0,0,0,2,17
2024461411059,2024,461411059,576274,167576,0.53157,51.37986,3,3,4,17:20,-1,E06000035,6,2,1,0,1,8,1,4,0,0,0,1,0,0,0,0,1,2,7
2024461411084,2024,461411084,600107,139267,0.85779,51.11774,3,3,7,18:37,-1,E07000105,6,2,1,0,1,19,6,2,0,0,0,1,0,0,0,0,1,2,17