collision_index,collision_year,collision_ref_no,location_easting_osgr,location_northing_osgr,longitude,latitude,casualty_severity,casualty_severity,day_of_week,time,local_authority_district,local_authority_ons_district,first_road_class,light_conditions,weather_conditions,road_surface_conditions,urban_or_rural_area,vehicle_manoeuvre,vehicle_direction_from,vehicle_direction_to,hit_object_in_carriageway,vehicle_leaving_carriageway,hit_object_off_carriageway,is_car,is_cyle,is_mcyle,is_goodsv,is_other,is_pedestrian,month,day
2024461411093,2024,461411093,579470,168741,0.57803,51.38933,2,2,5,20:25,-1,E06000035,3,2,1,0,2,"[4, 3]","[8, 7]","[6, 4]",0,0,0,1,0,0,0,0,0,2,15
2024461411132,2024,461411132,575475,167230,0.51993,51.377,2,2,6,15:36,-1,E06000035,6,0,1,0,1,19,6,2,0,0,0,1,0,0,0,0,1,1,26
2024461411262,2024,461411262,559983,160116,0.29434,51.31766,2,2,1,12:23,-1,E07000115,3,0,1,1,2,9,7,3,10,3,"[4, 3]",1,0,0,0,0,0,2,18
2024461411329,2024,461411329,559812,138917,0.28244,51.12724,2,2,6,16:11,-1,E07000116,6,0,1,0,1,9,5,4,0,0,0,1,0,0,0,0,1,2,16
2024461411347,2024,461411347,593777,150051,0.77327,51.21677,3,3,1,13:25,-1,E07000105,6,0,1,1,2,19,"[2, 6]","[6, 2]",0,"[0, 2]",0,1,0,0,0,0,0,2,18
2024461411362,2024,461411362,576100,155568,0.52314,51.27205,2,2,1,21:12,-1,E07000110,3,2,1,0,1,11,3,3,10,1,0,0,1,0,0,0,0,2,18
2024461411397,2024,461411397,555788,175167,0.24079,51.45405,3,3,2,15:37,-1,E07000107,3,0,1,0,2,19,7,3,0,0,0,1,0,0,0,0,0,2,12
2024461411419,2024,461411419,554178,174520,0.21735,51.44868,3,3,4,06:20,-1,E07000107,3,2,1,0,1,19,3,7,0,0,0,1,1,0,0,0,0,2,14
2024461411425,2024,461411425,635459,165103,1.379,51.33623,3,3,5,11:14,-1,E07000114,3,0,2,1,2,19,3,7,0,0,0,1,0,0,1,0,0,2,8
2024461411535,2024,461411535,600577,162014,0.87721,51.32186,3,3,2,08:00,-1,E07000113,6,0,1,0,1,"[19, 2]","[4, 0]","[8, 0]",0,0,0,1,0,0,0,0,0,2,19
2024461411569,2024,461411569,574863,162588,0.50887,51.33549,3,3,2,10:56,-1,E07000115,1,0,1,1,1,"[19, 11]",4,8,0,0,0,1,0,0,1,0,0,2,19
2024461411585,2024,461411585,560858,167523,0.31023,51.38396,2,2,2,09:09,-1,E07000111,6,0,1,0,1,9,7,5,0,0,0,1,0,0,0,0,1,2,19
2024461411616,2024,461411616,626420,139228,1.23313,51.1076,2,2,7,12:20,-1,E07000108,3,2,7,1,2,"[4, 3]","[4, 1]","[8, 5]","[4, 0]",0,0,1,0,0,1,0,0,2,17
2024461411690,2024,461411690,611186,141809,1.01735,51.13659,1,1,5,14:40,-1,E07000105,6,0,1,0,2,19,3,7,0,0,0,1,1,0,0,0,0,2,15
2024461411711,2024,461411711,572765,162240,0.47861,51.33301,2,2,3,16:50,-1,E07000115,6,2,1,0,2,19,1,5,0,0,0,1,0,0,0,0,1,1,30
2024461411725,2024,461411725,631047,141280,1.30043,51.12418,3,3,2,14:49,-1,E07000108,4,0,1,0,1,"[19, 2]","[7, 0]","[3, 0]","[4, 0]",0,0,1,0,0,0,0,0,2,19
2024461411727,2024,461411727,631822,141085,1.31136,51.12212,2,2,2,16:47,-1,E07000108,3,0,1,1,1,"[19, 12]",6,2,"[10, 0]",0,0,0,0,1,1,0,0,2,19
2024461411760,2024,461411760,611376,158221,1.02973,51.28389,3,3,2,17:25,-1,E07000106,3,2,1,0,2,19,7,3,0,0,0,1,0,0,0,0,0,2,19
2024461411771,2024,461411771,574248,151125,0.49446,51.23271,2,2,7,18:25,-1,E07000110,4,2,1,0,2,"[19, 9]","[8, 4]","[4, 2]",0,0,0,1,0,1,0,0,0,2,17
2024461411832,2024,461411832,605393,146261,0.9372,51.17868,3,3,5,11:05,-1,E07000105,6,0,1,1,2,"[19, 3]",5,1,0,0,0,1,0,0,0,0,0,2,15
2024461411844,2024,461411844,554706,175724,0.22547,51.45936,3,3,2,05:38,-1,E07000107,3,2,1,1,2,19,3,7,0,0,0,1,1,0,0,0,0,2,12
2024461411878,2024,461411878,565235,172867,0.37556,51.43072,3,3,2,20:30,-1,E07000109,6,2,9,0,1,"[3, 1]","[8, 3]","[4, 7]",0,0,0,1,0,0,0,1,0,2,12
2024461411921,2024,461411921,558133,175024,0.27445,51.45212,3,3,2,12:50,-1,E07000107,6,0,9,0,1,"[8, 9]",2,"[4, 3]",0,0,0,1,0,0,0,0,0,2,12
2024461412059,2024,461412059,558926,146253,0.27303,51.1934,3,3,3,18:00,-1,E07000115,4,2,9,0,1,"[2, 19]","[0, 6]","[0, 2]","[0, 8]",0,0,1,1,0,0,0,0,2,13
2024461412097,2024,461412097,575121,171381,0.5169,51.4144,3,3,2,16:15,-1,E06000035,3,0,1,0,2,19,7,3,0,0,0,1,0,0,1,0,0,2,12
2024461412178,2024,461412178,563807,173295,0.35523,51.43498,2,2,3,17:51,-1,E07000109,6,2,1,0,1,"[9, 19]","[8, 6]","[4, 2]",0,"[0, 1]",0,1,0,1,0,0,0,2,20
2024461412217,2024,461412217,617946,166842,1.12906,51.35882,3,3,6,18:35,-1,E07000106,3,2,1,0,2,19,"[4, 5]","[8, 2]",0,0,0,1,0,0,0,0,0,2,9
2024461412221,2024,461412221,584929,138356,0.64072,51.11465,3,3,4,08:30,-1,E07000105,3,0,1,0,2,19,"[7, 2]","[3, 6]",0,0,0,1,0,0,1,0,0,2,7
2024461412223,2024,461412223,613665,148972,1.05698,51.19999,3,3,2,16:44,-1,E07000106,4,0,1,0,2,"[10, 19]",1,"[7, 5]",0,0,0,1,0,0,0,0,0,2,19
2024461412229,2024,461412229,548754,156518,0.13183,51.28838,3,3,4,06:45,-1,E07000111,1,0,1,0,2,"[19, 12]","[3, 7]","[7, 3]",0,0,0,1,0,0,0,1,0,2,7
2024461412251,2024,461412251,636841,166594,1.3998,51.34904,2,2,7,01:30,-1,E07000114,6,2,9,0,1,-1,-1,-1,0,0,0,1,0,0,0,0,1,2,17
2024461412255,2024,461412255,581476,166020,0.60544,51.36425,3,3,1,04:30,-1,E06000035,3,2,2,1,1,5,8,4,"[10, 0]","[1, 0]",0,1,1,0,0,0,0,2,4
2024461412258,2024,461412258,578076,157518,0.55241,51.28895,3,3,3,11:50,-1,E07000110,3,0,1,1,2,4,7,3,0,0,0,1,0,0,0,0,0,2,13
2024461412295,2024,461412295,555478,170913,0.23446,51.41592,3,3,6,19:21,-1,E07000107,3,2,8,0,2,"[4, 19]",1,5,0,0,0,1,0,0,0,0,0,2,16
2024461412349,2024,461412349,560046,145965,0.28892,51.1905,3,3,3,09:05,-1,E07000115,3,0,1,0,1,"[19, 3]",4,8,0,0,0,1,0,0,0,0,0,2,20
2024461412503,2024,461412503,636547,164886,1.39445,51.33383,2,2,4,14:48,-1,E07000114,3,0,1,1,1,19,7,2,0,0,0,0,0,0,1,0,0,2,14
2024461412561,2024,461412561,574965,162616,0.51034,51.33571,3,3,4,15:45,-1,E07000115,3,0,2,1,1,"[5, 19]",2,2,0,0,0,1,0,0,1,0,0,2,21
2024461412575,2024,461412575,559068,156356,0.27955,51.28414,2,2,4,14:40,-1,E07000115,3,0,2,1,2,"[4, 19]",3,7,0,0,0,1,0,0,0,0,0,2,21
2024461412606,2024,461412606,550518,169339,0.16253,51.40311,3,3,4,15:36,-1,E07000111,4,0,2,1,1,"[9, 15]",1,1,0,0,0,1,0,1,0,0,0,2,21
2024461412628,2024,461412628,556599,169915,0.25013,51.40664,3,3,4,16:49,-1,E07000111,6,0,1,1,2,19,"[7, 4]","[3, 1]",0,"[0, 1]","[0, 9]",1,0,0,0,0,0,2,21
2024461412642,2024,461412642,573524,175739,0.49609,51.45404,3,3,4,21:06,-1,E06000035,4,2,1,0,2,19,1,5,0,0,0,1,0,0,0,0,1,2,21
2024461412653,2024,461412653,562788,172752,0.34034,51.43039,3,3,4,05:55,-1,E07000109,6,2,2,1,1,"[2, 19]","[0, 2]","[0, 6]",4,0,0,1,0,0,0,0,0,2,21
2024461412656,2024,461412656,590074,137365,0.71361,51.10407,3,3,6,15:38,-1,E07000105,3,0,1,0,2,19,5,1,0,0,0,1,0,0,0,0,1,2,16
2024461412667,2024,461412667,580081,162874,0.58384,51.33643,3,3,5,04:15,-1,E06000035,3,2,1,1,2,7,6,1,9,8,0,1,0,0,0,0,0,2,22
2024461412675,2024,461412675,615000,158718,1.08191,51.287,3,3,5,05:35,-1,E07000106,6,2,1,0,1,"[5, 19]","[1, 6]","[3, 2]",0,0,0,1,1,0,0,0,0,2,22
2024461412688,2024,461412688,574809,170941,0.5122,51.41054,3,3,3,08:12,-1,E06000035,6,0,1,0,1,"[2, 19]","[0, 5]","[0, 1]",0,0,0,1,0,0,0,0,0,2,20
2024461412720,2024,461412720,631379,141939,1.30558,51.12996,3,3,2,08:40,-1,E07000108,3,0,1,0,1,3,3,7,0,0,0,1,0,0,0,0,0,2,19
2024461412751,2024,461412751,588955,165058,0.71224,51.35317,3,3,6,15:07,-1,E07000113,3,0,1,0,2,4,"[7, 2]",2,0,0,0,1,0,0,1,0,0,2,2
2024461412769,2024,461412769,591825,172078,0.75719,51.41526,3,3,3,13:32,-1,E07000113,3,0,1,0,2,5,1,5,0,0,0,1,0,0,0,0,0,2,20
2024461412951,2024,461412951,590289,163419,0.7305,51.33801,3,3,4,10:00,-1,E07000113,6,0,2,1,1,19,"[2, 8]","[6, 4]",0,0,0,1,0,0,0,0,0,2,21
2024461412957,2024,461412957,619731,163910,1.15285,51.33181,3,3,5,12:54,-1,E07000106,6,0,2,1,2,19,1,5,0,0,0,1,0,0,0,0,0,2,22
2024461412985,2024,461412985,579176,133216,0.55606,51.0703,2,2,5,12:15,-1,E07000116,4,0,2,1,2,"[2, 19]","[0, 7]","[0, 3]",0,"[0, 7]","[0, 3]",1,0,0,0,0,0,2,22
2024461413027,2024,461413027,576710,154044,0.53113,51.25817,3,3,5,19:42,-1,E07000110,3,2,8,1,1,"[19, 9]","[1, 5]","[5, 2]",0,0,0,1,0,1,0,0,0,2,22
2024461413033,2024,461413033,575830,167686,0.52525,51.38099,3,3,3,15:07,-1,E06000035,3,0,1,1,1,"[9, 19]","[5, 4]","[1, 8]",0,0,0,1,0,0,0,0,0,2,20
2024461413034,2024,461413034,622191,136217,1.17097,51.08222,3,3,5,18:25,-1,E07000112,3,2,2,1,1,4,1,2,0,0,0,1,0,0,0,0,1,2,22
2024461413049,2024,461413049,577278,150816,0.53766,51.229,3,3,5,16:29,-1,E07000110,4,0,2,1,1,"[19, 3]",7,3,0,0,0,1,0,0,0,0,0,2,22
2024461413073,2024,461413073,581480,145139,0.59491,51.17668,3,3,5,21:29,-1,E07000110,6,2,1,1,2,19,"[8, 4]","[4, 2]",0,0,0,1,0,0,0,0,0,2,22
2024461413090,2024,461413090,600910,142580,0.8711,51.14721,3,3,6,14:30,-1,E07000105,6,0,1,0,1,"[2, 1]",0,0,0,0,0,1,0,1,0,0,0,2,16
2024461413101,2024,461413101,636516,149390,1.38376,51.19475,3,3,5,13:42,-1,E07000108,3,0,2,1,2,"[19, 9]","[6, 2]","[2, 6]",0,0,0,1,0,0,0,0,0,2,22
2024461413119,2024,461413119,544280,146515,0.06369,51.19964,2,"[3, 2]",1,22:25,-1,E07000111,6,2,5,1,2,"[9, 7]","[5, 1]",4,0,0,0,1,0,0,0,0,0,1,21
2024461413121,2024,461413121,558702,146067,0.26975,51.19179,3,3,1,19:30,-1,E07000115,6,2,1,1,1,19,"[3, 7]","[7, 3]",0,9,0,1,0,0,0,0,0,2,18
2024461413147,2024,461413147,559039,146457,0.27474,51.1952,3,3,3,08:40,-1,E07000115,4,0,1,0,1,"[19, 9]","[1, 3]","[5, 1]",0,0,0,1,1,0,0,0,0,2,20
2024461413200,2024,461413200,571248,158387,0.45501,51.29885,3,3,2,15:38,-1,E07000115,3,0,1,0,1,7,1,7,0,0,0,0,0,0,1,0,1,2,19
2024461413256,2024,461413256,583796,153788,0.63244,51.25363,3,3,5,16:40,-1,E07000110,3,2,2,1,2,19,8,4,0,0,0,1,0,0,0,0,0,2,22
2024461413266,2024,461413266,591015,163879,0.74116,51.3419,3,3,6,16:40,-1,E07000113,4,0,1,0,1,19,"[1, 3]","[5, 7]",0,0,0,1,0,0,0,0,0,2,16
2024461413281,2024,461413281,551368,156297,0.1692,51.2857,3,3,4,10:00,-1,E07000111,3,0,2,1,1,9,"[5, 7]","[7, 3]",0,0,0,1,0,0,1,0,0,2,21
2024461413440,2024,461413440,621413,142842,1.16394,51.14201,3,3,6,18:40,-1,E07000112,3,2,2,1,2,"[4, 19]",1,5,0,0,0,1,0,0,0,0,0,2,23
2024461413446,2024,461413446,552055,159187,0.18027,51.31149,2,2,5,03:43,-1,E07000111,6,2,1,0,2,"[2, 19]","[0, 6]","[0, 2]",0,"[0, 8]","[0, 11]",1,0,0,0,0,0,2,15
2024461413452,2024,461413452,565614,174062,0.38157,51.44134,2,2,6,17:55,-1,E07000109,6,2,1,1,1,7,7,2,11,0,0,1,0,0,0,0,1,2,23
2024461413456,2024,461413456,578984,138724,0.55605,51.11984,3,3,6,17:06,-1,E07000116,3,2,1,1,2,"[9, 19]","[8, 5]","[4, 2]",0,0,0,1,0,0,0,0,0,2,23
2024461413518,2024,461413518,624043,167511,1.21691,51.36246,2,2,6,13:09,-1,E07000114,3,0,1,0,2,"[11, 19]",3,7,0,1,"[6, 0]",1,0,0,0,0,0,2,23
2024461413530,2024,461413530,574756,163900,0.50798,51.34731,3,3,7,03:24,-1,E06000035,3,2,1,1,1,19,1,5,0,2,0,1,0,0,0,0,0,2,24
2024461413543,2024,461413543,637852,165367,1.41347,51.3376,3,3,3,05:23,-1,E07000114,6,2,1,0,1,"[2, 19]","[0, 1]","[0, 5]","[4, 0]",0,0,1,0,0,0,0,0,2,20
2024461413620,2024,461413620,569335,171760,0.43395,51.41956,1,1,7,10:56,-1,E07000109,3,0,1,0,2,19,4,8,0,0,0,1,0,0,0,0,1,2,24
2024461413767,2024,461413767,554244,174279,0.2182,51.4465,2,"[2, 3]",7,22:54,-1,E07000107,3,2,1,0,1,19,7,3,0,0,0,1,0,0,0,0,1,2,24
2024461413779,2024,461413779,601358,143643,0.87809,51.1566,3,3,6,15:55,-1,E07000105,3,0,2,1,2,5,6,2,0,0,0,1,0,0,0,0,0,2,23
2024461413801,2024,461413801,619999,155182,1.15131,51.25334,3,3,1,22:30,-1,E07000106,6,2,1,1,2,19,5,1,11,7,3,1,0,0,0,0,0,2,18
2024461413813,2024,461413813,632658,169884,1.34199,51.3803,2,2,7,16:20,-1,E07000114,3,0,1,1,1,19,3,6,0,0,0,1,0,0,0,0,1,2,24
2024461413814,2024,461413814,546396,148031,0.09457,51.21272,3,3,7,08:30,-1,E07000111,4,0,1,2,2,19,7,3,6,7,7,1,0,0,0,0,0,2,24
2024461413825,2024,461413825,577493,166987,0.54877,51.37419,3,3,1,07:40,-1,E06000035,3,0,7,0,1,19,7,3,0,0,0,1,0,0,0,0,1,2,25
2024461414000,2024,461414000,584330,160989,0.64379,51.31814,1,"[2, 1]",7,18:45,-1,E07000110,3,2,1,1,2,19,6,2,0,1,0,1,0,0,0,0,0,2,24
2024461414022,2024,461414022,639588,167377,1.4397,51.35492,3,3,2,01:00,-1,E07000114,6,2,5,1,1,"[2, 19]","[0, 3]","[0, 7]","[0, 4]",0,0,1,0,0,0,0,0,2,26
2024461414040,2024,461414040,553922,173875,0.21339,51.44296,2,2,7,11:30,-1,E07000107,3,0,1,0,1,"[19, 9]","[3, 1]","[7, 6]",0,0,0,1,0,1,0,0,0,1,27
2024461414050,2024,461414050,556412,175532,0.24992,51.45716,3,3,4,07:41,-1,E07000107,3,0,1,1,1,19,7,3,0,9,0,1,0,0,0,0,0,2,21
2024461414064,2024,461414064,555603,158036,0.23063,51.30019,3,3,3,14:45,-1,E07000111,6,0,1,1,2,"[4, 19]",5,1,0,0,0,1,0,0,0,0,0,2,20
2024461414071,2024,461414071,579200,154566,0.56704,51.26208,3,3,7,11:25,-1,E07000110,6,0,1,1,1,19,"[6, 2]","[2, 6]",0,0,0,1,0,0,0,0,0,2,24
2024461414094,2024,461414094,636904,150194,1.38984,51.20181,3,3,5,10:15,-1,E07000108,3,0,1,1,1,19,5,1,10,1,0,1,0,0,0,0,0,2,22
2024461414149,2024,461414149,557093,174256,0.25915,51.44551,3,3,2,09:15,-1,E07000107,3,0,1,0,2,"[5, 9]","[2, 6]","[6, 5]",0,0,0,1,0,0,1,0,0,2,26
2024461414150,2024,461414150,552645,161075,0.18954,51.32829,3,3,2,07:48,-1,E07000111,3,0,4,0,2,19,"[5, 1]","[1, 5]",0,0,0,1,0,0,0,0,0,2,26
2024461414303,2024,461414303,560667,162166,0.30507,51.33589,2,2,1,14:58,-1,E07000115,6,0,1,0,2,19,7,3,0,"[0, 1]",0,1,0,0,0,0,0,2,25
2024461414326,2024,461414326,575248,146504,0.50651,51.19089,2,"[2, 3]",2,16:08,-1,E07000110,6,0,4,1,2,19,"[7, 2]","[5, 3]",0,0,0,1,0,0,0,0,0,2,26
2024461414330,2024,461414330,550524,167272,0.16174,51.38454,2,2,1,12:16,-1,E07000111,4,0,1,0,1,19,3,7,0,0,0,1,0,1,0,0,0,2,25
2024461414335,2024,461414335,576561,170598,0.53719,51.40692,2,2,1,10:54,-1,E06000035,6,0,2,1,2,4,7,2,0,0,0,0,1,0,0,0,0,2,25
2024461414337,2024,461414337,548966,155495,0.13444,51.27913,3,3,2,18:53,-1,E07000111,3,2,1,0,2,"[3, 19]",3,7,0,0,0,1,0,1,0,0,0,2,26
2024461414357,2024,461414357,590991,163688,0.74071,51.34019,3,3,4,17:45,-1,E07000113,3,2,1,1,1,"[19, 9]","[3, 7]","[7, 5]",0,0,0,1,0,0,0,0,0,2,7
2024461414362,2024,461414362,578113,168512,0.55844,51.3877,3,3,2,17:05,-1,E06000035,6,0,1,0,1,19,7,2,0,0,0,1,0,0,0,0,1,2,26
2024461414373,2024,461414373,559022,141843,0.27246,51.15375,2,2,2,15:51,-1,E07000116,6,0,1,0,1,"[7, 19]","[6, 1]","[6, 5]",0,0,0,1,0,1,0,0,0,2,26
2024461414407,2024,461414407,544282,146865,0.06386,51.20278,2,2,7,15:00,-1,E07000111,6,0,1,0,2,1,3,7,0,0,0,1,0,0,0,0,1,2,17
2024461414726,2024,461414726,574233,164093,0.50057,51.34921,2,2,2,16:35,-1,E07000115,1,0,1,0,2,"[3, 19, 11]",8,4,0,"[0, 1]",0,1,0,0,0,0,0,2,26
2024461414802,2024,461414802,588724,164105,0.70842,51.34469,2,2,3,17:04,-1,E07000113,3,0,1,0,1,19,"[7, 3]","[3, 7]",0,0,0,1,0,0,0,0,0,2,27
2024461414887,2024,461414887,576208,163389,0.52855,51.34227,3,3,6,08:20,-1,E06000035,6,0,1,1,1,19,1,5,0,0,0,1,0,0,0,0,1,2,23
2024461414889,2024,461414889,595913,157204,0.80773,51.28028,3,3,1,16:10,-1,E07000113,6,0,1,1,2,19,4,2,0,0,0,1,0,0,0,0,1,2,25
2024461414933,2024,461414933,571504,144122,0.45185,51.17062,3,3,6,08:05,-1,E07000110,4,0,1,0,2,19,"[7, 1]","[1, 3]","[0, 7]","[1, 0]",0,1,0,0,0,0,0,2,9
2024461414934,2024,461414934,563221,149783,0.33605,51.22391,3,3,6,08:35,-1,E07000115,6,0,1,1,2,"[19, 9]","[3, 1]",7,0,0,0,1,0,0,0,0,0,2,23
2024461414940,2024,461414940,637922,165490,1.41455,51.33868,3,3,4,08:40,-1,E07000114,3,0,1,0,1,"[5, 19]","[2, 4]","[6, 8]",0,0,0,1,0,0,0,0,0,2,28
2024461414972,2024,461414972,599878,138420,0.85406,51.11021,3,3,6,15:44,-1,E07000105,6,0,2,1,2,19,5,1,0,0,0,1,0,0,0,0,0,2,23
2024461415053,2024,461415053,572707,155011,0.47428,51.26808,3,3,6,13:05,-1,E07000110,6,0,9,0,1,"[19, 5]","[3, 5]","[7, 1]",0,0,0,1,0,0,0,0,0,2,23
2024461415087,2024,461415087,574079,168192,0.50036,51.38607,3,3,6,12:19,-1,E06000035,6,0,1,1,1,19,5,1,0,0,0,0,0,0,0,1,1,2,23
2024461415207,2024,461415207,563525,156839,0.34362,51.28721,3,3,4,17:35,-1,E07000115,6,2,1,1,2,19,"[3, 7]","[7, 3]",0,0,0,1,0,0,0,0,0,2,28
2024461415211,2024,461415211,622064,135577,1.16876,51.07653,3,3,4,18:21,-1,E07000112,3,2,2,1,1,"[2, 19]","[0, 3]","[0, 7]","[0, 4]",0,0,1,0,0,0,0,0,2,28
2024461415265,2024,461415265,551606,168394,0.17775,51.39433,3,3,5,18:44,-1,E07000111,4,2,8,1,1,"[19, 4]",7,3,0,0,0,1,0,0,0,0,0,2,22
2024461415304,2024,461415304,567146,145178,0.39006,51.1814,3,3,2,08:00,-1,E07000116,6,0,1,0,2,19,3,7,0,0,0,1,0,0,0,0,1,2,26
2024461415341,2024,461415341,629892,145542,1.28667,51.16291,2,2,6,08:30,-1,E07000108,6,0,1,0,1,19,7,1,0,0,0,1,0,0,0,0,1,2,23
2024461415421,2024,461415421,626250,140569,1.23155,51.11971,3,3,1,17:30,-1,E07000108,6,2,2,1,2,"[9, 19]",3,7,0,0,0,1,0,1,0,0,0,2,25
2024461415440,2024,461415440,574339,171217,0.50558,51.41317,3,3,5,09:43,-1,E06000035,3,0,1,1,2,"[3, 11]",5,1,0,"[0, 8]",0,1,0,0,0,0,0,2,29
2024461415510,2024,461415510,558900,172702,0.28443,51.43104,3,3,4,21:29,-1,E07000107,3,2,1,0,2,"[19, 4]","[4, 5]","[3, 1]","[2, 0]",0,0,1,0,0,0,0,1,2,28
2024461415550,2024,461415550,572916,156713,0.4781,51.28331,3,3,5,16:30,-1,E07000115,4,0,2,1,2,19,1,1,0,0,0,1,0,0,0,0,0,2,29
2024461415575,2024,461415575,575328,158535,0.51354,51.29894,3,3,5,16:10,-1,E07000110,1,0,2,1,1,19,7,"[1, 3]",0,"[1, 0]",0,1,0,0,1,0,0,2,29
2024461415581,2024,461415581,558991,139741,0.27109,51.13487,2,2,5,19:45,-1,E07000116,6,2,2,1,1,19,6,4,7,0,0,1,0,0,0,0,0,2,29
2024461415583,2024,461415583,601483,159590,0.88883,51.29977,1,"[1, 3]",5,14:20,-1,E07000113,3,0,2,1,1,19,"[5, 1]","[1, 5]",0,0,0,1,0,0,1,0,0,2,29
2024461415591,2024,461415591,553142,154220,0.19372,51.26657,3,3,5,15:40,-1,E07000111,3,0,9,1,1,19,6,1,0,0,0,1,0,0,0,0,1,2,29
2024461415593,2024,461415593,638101,168488,1.41912,51.36551,3,3,5,20:29,-1,E07000114,6,2,2,1,1,5,7,3,0,0,0,1,0,0,0,0,1,2,29
2024461415598,2024,461415598,558317,140005,0.26158,51.13743,3,3,5,14:15,-1,E07000116,3,0,2,1,1,"[19, 9]",1,1,0,0,0,1,0,1,0,0,0,2,29
2024461415638,2024,461415638,633003,158148,1.33927,51.27481,2,2,5,22:13,-1,E07000108,6,2,2,1,2,9,2,8,0,0,0,1,0,0,0,0,1,2,29
2024461415677,2024,461415677,619913,137505,1.13928,51.09467,3,3,6,06:54,-1,E07000112,1,2,5,1,2,19,7,3,0,1,0,1,0,0,0,0,0,3,1
2024461415772,2024,461415772,615256,158326,1.08534,51.28338,3,3,3,12:30,-1,E07000106,6,0,1,0,1,"[9, 19]",-1,-1,0,0,0,1,1,0,0,0,0,2,27
2024461415785,2024,461415785,576274,154911,0.52531,51.26609,3,3,2,09:09,-1,E07000110,6,0,1,0,1,19,6,2,0,0,0,1,0,0,0,0,1,2,12
2024461415895,2024,461415895,582946,131921,0.60916,51.05748,3,3,6,14:00,-1,E07000105,4,0,1,1,2,"[7, 19]",4,8,0,"[1, 0]","[9, 0]",1,0,0,0,0,0,3,1
2024461415901,2024,461415901,557932,141934,0.25692,51.15487,3,3,6,12:49,-1,E07000116,6,0,2,1,1,19,"[1, 3]","[5, 7]",0,0,0,1,0,0,0,0,0,3,1
2024461415938,2024,461415938,572656,158644,0.47531,51.30074,3,3,6,18:15,-1,E07000115,6,2,2,1,2,"[9, 19]","[5, 3]","[3, 6]",0,0,0,1,0,0,0,0,0,3,1
2024461415942,2024,461415942,557077,137656,0.24284,51.11667,3,3,6,15:30,-1,E07000116,3,0,2,1,2,"[19, 9]","[1, 3]","[5, 1]",0,0,0,1,0,0,0,0,0,3,1
2024461415943,2024,461415943,556441,173676,0.24952,51.44048,3,3,6,17:03,-1,E07000107,6,0,8,1,1,19,5,1,0,0,0,1,0,0,0,0,1,3,1
2024461415944,2024,461415944,558279,139160,0.26066,51.12985,3,3,6,18:25,-1,E07000116,6,2,2,1,1,19,1,5,0,0,0,1,0,0,0,0,0,3,1
2024461415987,2024,461415987,561509,140849,0.30754,51.14413,3,3,6,18:30,-1,E07000116,3,2,2,1,2,19,8,3,0,7,4,1,0,0,0,0,0,3,1
2024461415996,2024,461415996,605790,159192,0.9503,51.29466,3,3,6,19:55,-1,E07000113,3,2,8,2,2,4,4,8,0,0,0,1,0,0,0,0,0,3,1
2024461415999,2024,461415999,606415,158828,0.95904,51.29116,3,3,6,19:59,-1,E07000113,3,2,2,2,2,19,4,8,7,0,0,1,0,0,0,0,0,3,1
2024461416061,2024,461416061,618098,166360,1.13094,51.35443,3,3,6,13:38,-1,E07000106,3,0,1,1,1,"[13, 9]","[4, 5]","[8, 3]",0,"[7, 2]","[0, 10]",1,0,0,0,0,0,3,1
2024461416118,2024,461416118,574398,128767,0.48579,51.03181,3,3,7,00:15,-1,E07000116,3,2,2,1,2,19,3,7,0,1,0,1,0,0,0,0,0,3,2
2024461416194,2024,461416194,590372,164777,0.73242,51.35018,3,3,2,19:00,-1,E07000113,6,2,4,0,1,"[19, 3]",8,4,0,0,0,1,0,0,0,0,0,2,26
2024461416221,2024,461416221,626539,154692,1.24457,51.24639,3,3,7,12:34,-1,E07000108,6,0,2,1,2,19,"[3, 5]","[6, 8]",0,0,0,1,1,0,0,0,0,3,2
2024461416230,2024,461416230,558465,173405,0.2785,51.43748,3,3,7,12:19,-1,E07000107,4,0,1,1,2,"[19, 3]","[5, 1]","[1, 5]",0,0,0,1,0,0,0,0,0,3,2
2024461416234,2024,461416234,560033,172660,0.3007,51.43035,3,3,5,22:42,-1,E07000107,3,2,2,1,2,"[4, 19]",3,7,0,0,0,1,0,0,0,0,0,2,29
2024461416257,2024,461416257,636327,165625,1.39179,51.34055,3,3,3,18:00,-1,E07000114,4,2,1,0,1,"[13, 9]","[8, 2]","[4, 6]",0,0,0,1,0,1,0,0,0,2,20
2024461416258,2024,461416258,605803,159187,0.95048,51.29461,3,3,6,19:55,-1,E07000113,3,2,8,2,2,19,4,8,0,0,0,1,0,0,0,0,0,3,1
2024461416272,2024,461416272,611723,155886,1.03331,51.2628,3,3,5,11:47,-1,E07000106,3,0,2,1,2,19,"[7, 3]","[3, 7]",0,0,0,1,0,0,0,0,0,2,29
2024461416370,2024,461416370,558627,170051,0.27933,51.4073,3,3,7,21:49,-1,E07000107,6,2,1,0,2,19,7,3,10,0,0,1,0,0,0,0,0,3,2
2024461416496,2024,461416496,636838,165013,1.3987,51.33485,3,3,7,11:53,-1,E07000114,3,0,2,1,1,"[19, 3]",6,2,0,0,0,1,0,0,0,0,0,3,2
2024461416602,2024,461416602,572718,168611,0.48103,51.39025,3,3,1,20:19,-1,E06000035,6,2,1,0,1,"[2, 19]","[0, 3]","[0, 7]",0,0,0,1,0,0,0,0,0,3,3