collision_index,collision_year,collision_ref_no,location_easting_osgr,location_northing_osgr,longitude,latitude,casualty_severity,casualty_severity,day_of_week,time,local_authority_district,local_authority_ons_district,first_road_class,light_conditions,weather_conditions,road_surface_conditions,urban_or_rural_area,vehicle_manoeuvre,vehicle_direction_from,vehicle_direction_to,hit_object_in_carriageway,vehicle_leaving_carriageway,hit_object_off_carriageway,is_car,is_cyle,is_mcyle,is_goodsv,is_other,is_pedestrian,month,day
2024461450864,2024,461450864,559306,140368,0.27586,51.14042,3,3,7,13:04,-1,E07000116,6,0,1,0,1,"[2, 5, 19]","[0, 6, 3]","[0, 2, 7]",0,0,0,1,0,0,0,0,0,6,1
2024461450891,2024,461450891,576909,134395,0.52432,51.0816,2,"[2, 3]",1,10:58,-1,E07000116,4,0,1,0,2,"[19, 13]","[3, 7]","[7, 6]",0,0,0,1,0,1,0,0,0,6,2
2024461451002,2024,461451002,566745,172565,0.39712,51.42756,3,3,1,19:33,-1,E07000109,6,0,1,0,1,"[19, 2]","[7, 1]","[3, 1]","[4, 0]",0,0,1,0,0,0,0,0,6,2
2024461451031,2024,461451031,590527,163858,0.73415,51.34187,3,3,5,18:58,-1,E07000113,4,0,1,0,1,"[9, 19]","[7, 3]","[3, 7]",0,0,0,1,0,0,0,0,0,5,30
2024461451045,2024,461451045,597173,159247,0.8269,51.2982,3,3,1,11:44,-1,E07000113,1,2,1,0,2,19,7,3,2,0,0,1,0,0,0,0,0,6,2
2024461451047,2024,461451047,638832,165188,1.42739,51.33559,2,"[2, 3]",1,01:25,-1,E07000114,4,2,1,0,1,"[19, 9]","[6, 8]","[2, 4]",0,0,0,1,0,0,0,0,0,6,2
2024461451055,2024,461451055,616386,167225,1.10692,51.36285,2,2,1,22:30,-1,E07000106,3,2,1,0,1,19,7,3,0,1,1,0,0,1,0,0,0,6,2
2024461451068,2024,461451068,560353,142175,0.29162,51.15636,3,3,2,16:55,-1,E07000116,6,0,1,0,1,"[19, 3]",2,4,0,0,0,1,0,0,0,0,0,5,13
2024461451090,2024,461451090,558837,141565,0.26969,51.15131,3,3,2,16:55,-1,E07000116,6,0,1,0,1,"[-1, 19]",-1,-1,0,0,0,1,0,0,0,0,0,5,13
2024461451107,2024,461451107,553316,153566,0.19594,51.26064,3,3,2,07:34,-1,E07000111,3,0,1,0,2,"[9, 19]","[7, 5]","[4, 1]",0,0,0,1,0,0,0,0,0,6,3
2024461451111,2024,461451111,581819,165351,0.61002,51.35813,3,3,2,08:48,-1,E06000035,6,0,1,0,1,"[14, 1]","[1, 7]","[4, 5]",0,0,0,1,0,1,0,0,0,6,3
2024461451142,2024,461451142,575989,167493,0.52744,51.37921,3,3,3,10:05,-1,E06000035,3,0,2,1,1,"[3, 4]",3,7,0,0,0,1,0,0,0,0,0,5,14
2024461451148,2024,461451148,595043,154573,0.79383,51.25695,3,3,4,06:00,-1,E07000113,6,0,2,1,2,4,"[1, 5]","[1, 5]",0,0,0,1,0,0,0,1,0,5,29
2024461451178,2024,461451178,555822,173689,0.24063,51.44077,3,3,3,08:45,-1,E07000107,6,0,1,0,1,"[19, 9]","[7, 3]","[3, 7]",0,0,0,1,1,0,0,0,0,5,14
2024461451228,2024,461451228,618630,137081,1.12073,51.09135,3,3,2,06:45,-1,E07000112,3,0,1,0,2,"[19, 7]",7,"[3, 1]",0,0,0,1,0,0,0,0,0,6,3
2024461451270,2024,461451270,597181,140838,0.8169,51.13286,3,3,2,09:20,-1,E07000105,3,0,1,0,2,19,"[3, 1]","[7, 5]",0,0,0,1,1,0,0,0,0,6,3
2024461451290,2024,461451290,554487,156800,0.2141,51.28938,3,3,3,09:00,-1,E07000111,3,0,2,1,1,"[19, 7]","[1, 7]","[5, 2]",0,0,0,1,0,0,0,0,0,5,14
2024461451338,2024,461451338,589857,163843,0.72453,51.34196,3,3,1,17:34,-1,E07000113,3,0,1,0,1,"[10, 4]","[2, 8]","[6, 4]",0,0,0,1,1,0,0,0,0,6,2
2024461451339,2024,461451339,596666,144446,0.81152,51.16544,3,3,2,17:07,-1,E07000105,6,0,1,0,2,19,"[2, 6]","[6, 1]",0,0,0,1,0,0,0,0,0,6,3
2024461451393,2024,461451393,630148,144645,1.28975,51.15475,3,3,2,13:28,-1,E07000108,3,0,1,0,1,"[3, 9, 19]","[4, 8]","[8, 4]",0,0,0,1,0,0,1,0,0,6,3
2024461451396,2024,461451396,576848,155773,0.53396,51.27366,3,3,2,22:12,-1,E07000110,3,2,1,0,1,"[3, 19]",3,7,0,0,0,1,0,0,0,0,0,6,3
2024461451425,2024,461451425,561382,140008,0.30535,51.1366,3,3,2,13:50,-1,E07000116,6,0,1,0,2,19,"[3, 7]","[7, 3]",0,0,0,1,0,0,1,0,0,6,3
2024461451556,2024,461451556,592731,145592,0.75592,51.17707,3,3,3,09:50,-1,E07000105,6,0,1,0,2,"[9, 19]","[1, 7]","[7, 3]",0,0,0,1,0,0,0,0,0,6,4
2024461451649,2024,461451649,592047,163112,0.75554,51.33466,3,3,3,12:28,-1,E07000113,6,0,1,0,1,"[19, 5]","[7, 1]","[3, 5]",0,0,0,1,0,0,0,0,0,6,4
2024461451717,2024,461451717,616160,157747,1.09793,51.27784,2,"[3, 2]",7,16:05,-1,E07000106,3,0,1,0,1,19,3,4,0,0,0,0,0,1,0,0,1,6,1
2024461451768,2024,461451768,630985,142803,1.30052,51.13788,3,3,3,17:36,-1,E07000108,6,0,1,0,1,19,3,7,0,0,0,1,0,0,0,0,1,6,4
2024461451783,2024,461451783,635623,170792,1.38512,51.38723,2,2,3,00:34,-1,E07000114,6,2,8,1,1,19,"[1, 2]","[1, 5]",0,0,0,0,1,0,1,0,0,6,4
2024461451821,2024,461451821,591993,174891,0.76113,51.44047,3,3,3,12:36,-1,E07000113,6,0,9,-1,1,-1,-1,-1,0,0,0,1,0,0,0,0,1,5,14
2024461451857,2024,461451857,572063,158668,0.46682,51.30113,3,3,6,06:45,-1,E07000115,6,0,1,0,1,"[9, 19]","[3, 7]","[1, 3]",0,0,0,1,1,0,0,0,0,5,10
2024461452000,2024,461452000,575765,155905,0.51851,51.27518,2,2,4,09:28,-1,E07000110,3,0,1,0,1,"[19, 11]",1,"[1, 2]","[10, 0]","[2, 0]",0,1,0,1,0,0,0,6,5
2024461452047,2024,461452047,630033,168372,1.30335,51.36779,3,3,4,12:13,-1,E07000114,6,0,1,0,1,"[2, 1]","[0, 3]","[0, 3]","[0, 4]","[0, 1]",0,1,0,0,0,0,0,6,5
2024461452107,2024,461452107,573014,156229,0.47927,51.27893,2,"[3, 2]",4,13:05,-1,E07000115,6,0,2,0,2,"[5, 19]","[7, 5]",1,0,"[1, 0]",0,1,0,0,0,0,0,6,5
2024461452272,2024,461452272,570078,157759,0.43794,51.29356,3,3,3,15:35,-1,E07000115,6,0,1,0,2,19,1,5,0,0,0,1,0,0,0,0,0,6,4
2024461452293,2024,461452293,559363,146130,0.27923,51.19218,3,3,4,14:37,-1,E07000115,6,0,1,0,1,19,"[4, 2]","[2, 4]",0,0,0,1,0,0,0,0,0,6,5
2024461452296,2024,461452296,560224,139537,0.2886,51.1327,3,3,2,15:20,-1,E07000116,6,0,1,0,2,"[7, 19]",1,5,0,0,0,1,1,0,0,0,0,5,20
2024461452303,2024,461452303,616436,157300,1.10161,51.27372,3,3,4,11:59,-1,E07000106,6,0,1,0,2,19,6,4,0,0,0,1,0,1,0,0,0,5,15
2024461452375,2024,461452375,570329,158663,0.44197,51.30161,3,3,5,08:30,-1,E07000115,6,0,1,0,1,"[8, 19]",5,1,0,0,0,1,0,0,0,0,0,5,16
2024461452394,2024,461452394,577696,166934,0.55166,51.37365,3,3,3,12:58,-1,E06000035,3,0,1,0,1,19,3,7,0,0,0,0,0,1,0,0,1,5,14
2024461452444,2024,461452444,561436,140860,0.3065,51.14424,3,3,4,08:30,-1,E07000116,3,0,1,0,2,"[4, 19]",-1,-1,0,0,0,1,0,0,0,0,0,5,15
2024461452459,2024,461452459,601983,146808,0.88879,51.1848,3,3,5,09:59,-1,E07000105,3,0,1,0,2,19,"[1, 5]","[5, 1]",0,0,0,1,0,0,1,0,0,6,6
2024461452464,2024,461452464,556049,175064,0.2445,51.45306,3,3,4,22:00,-1,E07000107,3,2,1,0,2,"[4, 11]",1,5,0,0,0,1,0,0,0,1,0,5,15
2024461452496,2024,461452496,636190,171314,1.3936,51.39168,3,3,5,12:20,-1,E07000114,4,0,1,0,1,"[4, 19]",7,3,0,0,0,1,0,0,0,0,0,6,6
2024461452631,2024,461452631,624281,152475,1.21088,51.22738,2,2,4,17:20,-1,E07000108,6,0,1,0,2,19,6,2,0,0,0,1,0,0,0,0,0,6,5
2024461452762,2024,461452762,590626,164562,0.73594,51.34816,3,3,6,11:25,-1,E07000113,6,0,1,0,1,"[19, 4]",2,4,0,0,0,1,0,0,0,0,0,5,17
2024461452825,2024,461452825,615152,157762,1.08351,51.27836,3,3,6,08:52,-1,E07000106,6,0,1,0,1,5,8,8,0,0,0,1,0,0,0,0,0,6,7
2024461452873,2024,461452873,565667,159332,0.37547,51.30899,3,3,5,18:37,-1,E07000115,1,0,1,0,2,19,7,3,0,"[2, 0]",0,1,0,0,1,0,0,6,6
2024461452927,2024,461452927,585562,164879,0.66348,51.35268,2,2,6,08:40,-1,E07000113,6,0,1,0,2,19,"[6, 3]","[2, 7]",0,0,0,1,0,1,0,0,0,6,7
2024461453101,2024,461453101,578201,135031,0.54306,51.08691,3,3,6,18:22,-1,E07000116,6,0,1,0,2,19,1,5,0,0,0,0,1,0,0,0,0,6,7
2024461453108,2024,461453108,577728,168849,0.55308,51.39085,3,3,1,19:23,-1,E06000035,6,2,1,0,1,19,3,7,0,0,0,1,0,0,0,0,0,3,17
2024461453133,2024,461453133,612053,166185,1.04415,51.35515,2,"[3, 2]",6,21:45,-1,E07000106,6,0,1,0,1,"[19, 10]","[7, 5]","[5, 6]",0,"[3, 0]","[10, 0]",1,0,0,0,0,0,6,7
2024461453154,2024,461453154,638310,164911,1.41973,51.33332,3,3,6,18:13,-1,E07000114,6,0,1,0,1,7,5,8,0,0,0,0,0,1,0,0,1,6,7
2024461453156,2024,461453156,639945,167872,1.44515,51.35921,3,3,6,21:32,-1,E07000114,6,2,1,0,1,19,2,4,0,0,0,1,0,0,0,0,1,6,7
2024461453256,2024,461453256,610013,129084,0.99322,51.02276,3,3,7,10:24,-1,E07000112,3,0,1,0,2,"[19, 3]",7,3,0,0,0,1,0,1,0,0,0,6,8
2024461453270,2024,461453270,570729,158881,0.44781,51.30345,3,3,6,19:43,-1,E07000115,1,0,1,0,1,"[19, 13]",5,1,0,0,0,1,0,0,1,0,0,6,7
2024461453289,2024,461453289,555774,172506,0.23942,51.43015,3,3,7,09:10,-1,E07000107,3,0,1,0,2,"[19, 11]","[1, 7]",4,0,"[0, 1]",0,1,0,1,0,0,0,6,8
2024461453334,2024,461453334,628630,165603,1.28146,51.3435,3,3,7,16:30,-1,E07000114,3,0,1,0,2,19,7,3,0,0,0,1,0,1,0,0,0,6,8
2024461453364,2024,461453364,579360,139362,0.56174,51.12546,3,3,6,23:09,-1,E07000116,6,2,1,0,2,19,1,5,11,7,11,1,0,0,0,0,0,6,7
2024461453376,2024,461453376,546339,142278,0.09141,51.16104,3,3,5,07:22,-1,E07000111,4,0,1,0,2,19,"[1, 5]","[5, 1]",0,0,0,1,0,0,0,0,0,6,6
2024461453397,2024,461453397,580000,166399,0.58446,51.36812,3,3,7,22:38,-1,E06000035,3,2,1,0,1,"[19, 5]","[7, 2]","[5, 3]",0,0,0,1,0,0,0,0,0,6,8
2024461453440,2024,461453440,551711,156370,0.17414,51.28627,3,3,1,01:39,-1,E07000111,3,2,1,0,1,19,7,3,0,1,4,1,0,0,0,0,0,6,9
2024461453446,2024,461453446,635841,171102,1.38845,51.38992,3,3,1,00:13,-1,E07000114,4,2,1,0,1,"[13, 19]",7,"[4, 6]",0,"[8, 0]",0,1,0,0,0,0,0,6,9
2024461453578,2024,461453578,637019,171164,1.40539,51.38998,3,3,7,15:50,-1,E07000114,6,0,1,0,1,"[2, 19]","[0, 1]","[0, 5]","[0, 4]",0,0,1,0,0,0,0,0,6,8
2024461453626,2024,461453626,574612,167832,0.50784,51.38268,3,3,1,19:32,-1,E06000035,6,0,1,0,1,19,5,1,0,1,0,1,0,0,0,0,1,6,9
2024461453634,2024,461453634,569244,159667,0.4269,51.31095,3,3,7,16:27,-1,E07000115,3,0,1,0,2,19,3,7,0,0,0,1,0,0,0,0,0,6,8
2024461453680,2024,461453680,573117,168974,0.48693,51.39339,3,3,7,16:32,-1,E06000035,3,0,1,0,1,19,"[5, 3]","[1, 7]",0,0,0,1,0,1,0,0,0,6,8
2024461453695,2024,461453695,599069,141744,0.84435,51.14035,3,3,1,16:45,-1,E07000105,6,0,1,0,1,"[7, 19]",-1,-1,0,0,0,1,1,0,0,0,0,5,19
2024461453698,2024,461453698,613967,153210,1.06383,51.23793,3,3,6,17:10,-1,E07000106,6,0,1,0,2,"[3, 19]",7,3,0,0,0,1,0,0,0,0,0,5,3
2024461453700,2024,461453700,615032,157484,1.08163,51.27591,3,3,4,18:52,-1,E07000106,3,0,1,0,1,19,3,7,0,0,0,1,0,0,0,0,1,5,1
2024461453716,2024,461453716,578871,162785,0.56644,51.33602,3,3,6,00:30,-1,E07000110,6,2,1,0,2,"[19, 7]",-1,-1,0,"[1, 0]","[4, 0]",1,0,1,0,0,0,5,17
2024461453783,2024,461453783,557360,174107,0.26292,51.4441,3,3,5,14:50,-1,E07000107,6,0,1,0,1,"[14, 4]",1,5,0,0,0,1,1,0,0,0,0,4,18
2024461453883,2024,461453883,577667,168250,0.5519,51.38548,3,3,2,09:41,-1,E06000035,6,0,1,1,1,"[19, 2]",1,5,0,"[1, 0]","[11, 0]",1,0,0,0,0,0,6,10
2024461454083,2024,461454083,599332,157772,0.857,51.2842,2,2,2,19:15,-1,E07000113,6,0,1,0,2,19,5,1,0,2,4,1,0,0,0,0,0,6,10
2024461454166,2024,461454166,613565,137424,1.04871,51.09634,2,2,6,14:40,-1,E07000112,3,0,1,0,2,19,5,3,0,"[1, 0]",0,1,0,0,0,0,0,5,17
2024461454262,2024,461454262,550736,141443,0.1539,51.1524,2,2,7,10:30,-1,E07000111,6,0,1,0,2,"[19, 9]","[7, 3]","[3, 7]",0,0,0,1,1,0,0,0,0,6,1
2024461454295,2024,461454295,617693,160444,1.12152,51.30147,3,3,3,09:25,-1,E07000106,3,0,1,0,2,"[6, 19]",1,"[8, 1]",0,0,0,1,0,1,0,0,0,6,11
2024461454411,2024,461454411,565420,171938,0.37779,51.42232,2,2,3,11:20,-1,E07000109,6,0,1,0,1,19,4,4,0,0,0,1,0,0,0,0,1,6,11
2024461454540,2024,461454540,607037,139323,0.9567,51.11578,3,3,1,18:18,-1,E07000105,6,0,1,0,2,19,6,2,0,8,11,1,0,0,0,0,0,6,9
2024461454582,2024,461454582,621080,138241,1.15637,51.10083,2,2,3,20:55,-1,E07000112,6,2,1,0,2,19,"[7, 3]","[3, 7]",0,"[0, 2]","[0, 10]",1,0,0,0,0,0,6,11
2024461454605,2024,461454605,624241,156304,1.2127,51.26177,3,3,4,23:25,-1,E07000108,4,2,1,1,2,19,5,1,0,2,0,1,0,0,0,0,0,4,17
2024461454613,2024,461454613,575590,175949,0.5259,51.45529,3,3,2,09:33,-1,E06000035,6,0,1,0,2,19,5,7,0,0,0,1,0,0,0,0,0,5,20
2024461454843,2024,461454843,600518,143119,0.8658,51.15219,2,2,4,15:53,-1,E07000105,3,0,1,0,1,19,8,4,0,0,0,0,0,0,0,1,1,5,22
2024461454911,2024,461454911,574672,167911,0.50874,51.38337,3,3,4,04:07,-1,E06000035,3,0,1,1,1,"[9, 19]","[3, 7]","[7, 3]",0,0,0,1,0,1,0,0,0,5,22
2024461455032,2024,461455032,556894,171276,0.25497,51.41879,3,3,4,15:21,-1,E07000107,4,0,1,0,2,"[10, 19]","[2, 8]","[8, 4]",0,0,0,1,0,0,0,0,0,6,12
2024461455057,2024,461455057,560233,147931,0.29247,51.20811,2,2,1,10:30,-1,E07000115,6,0,1,0,1,19,5,1,0,0,0,0,1,0,0,0,0,6,9
2024461455099,2024,461455099,577279,167783,0.5461,51.38141,3,3,2,17:39,-1,E06000035,6,0,1,0,1,"[1, 3]",5,4,0,0,0,1,0,0,0,0,0,5,20
2024461455157,2024,461455157,580389,164321,0.58899,51.34933,2,2,2,16:52,-1,E06000035,6,0,1,0,1,19,3,7,"[0, 2]",0,0,1,0,1,0,0,0,5,20
2024461455220,2024,461455220,636318,166231,1.39206,51.346,2,2,5,10:30,-1,E07000114,6,0,1,0,1,19,4,8,0,0,0,1,0,0,0,0,1,6,13
2024461455261,2024,461455261,566084,170446,0.38663,51.40872,3,3,5,09:18,-1,E07000109,6,0,1,0,2,19,7,"[4, 5]",0,0,0,1,0,1,0,0,0,6,13
2024461455378,2024,461455378,630669,142897,1.29607,51.13885,3,3,4,14:00,-1,E07000108,6,0,1,0,1,"[19, 4]","[5, 7]","[1, 3]",0,0,0,1,0,0,0,0,0,6,12
2024461455392,2024,461455392,578146,156378,0.55285,51.27869,2,2,3,14:11,-1,E07000110,6,0,1,0,1,19,5,3,0,0,0,1,0,0,0,0,1,6,11
2024461455426,2024,461455426,620082,135878,1.1407,51.07999,3,3,5,15:34,-1,E07000112,4,0,1,0,1,19,8,4,0,0,0,1,0,0,0,0,1,6,13
2024461455481,2024,461455481,591215,138011,0.73023,51.10949,3,3,5,16:03,-1,E07000105,3,0,1,0,2,19,2,5,0,1,0,1,0,0,0,0,0,6,13
2024461455511,2024,461455511,617924,154678,1.12132,51.24962,3,3,5,22:44,-1,E07000106,6,2,2,1,2,19,"[5, 8]","[6, 1]",0,0,0,1,0,0,0,0,0,6,13
2024461455547,2024,461455547,619952,168377,1.15877,51.37183,2,2,5,14:13,-1,E07000106,6,0,1,0,1,"[10, 14]","[7, 6]","[4, 2]",0,"[0, 7]","[0, 11]",1,0,1,0,0,0,6,13
2024461455552,2024,461455552,629512,143116,1.2797,51.14128,3,3,2,16:47,-1,E07000108,6,0,1,0,1,"[2, 19]","[0, 5]","[0, 3]","[0, 4]",0,0,1,0,1,0,0,0,5,20
2024461455563,2024,461455563,548978,156620,0.13508,51.28923,3,3,4,11:20,-1,E07000111,1,0,1,0,2,19,7,3,0,0,0,1,0,0,0,0,0,5,29
2024461455566,2024,461455566,580981,156196,0.59336,51.27616,3,3,4,11:00,-1,E07000110,1,0,1,0,2,"[13, 12]",1,5,0,0,0,1,0,0,1,0,0,5,22
2024461455584,2024,461455584,563454,173076,0.35006,51.43311,3,3,6,07:40,-1,E07000109,6,0,1,0,1,"[7, 19]","[5, 3]",7,0,0,0,1,0,0,0,0,0,6,14
2024461455586,2024,461455586,566198,173407,0.38965,51.43529,3,3,3,15:20,-1,E07000109,3,0,1,1,1,3,4,3,0,0,0,1,0,0,0,0,1,5,21
2024461455597,2024,461455597,575099,154274,0.50818,51.26073,3,3,5,08:05,-1,E07000110,6,0,1,0,1,19,-1,-1,0,0,0,1,0,0,0,0,0,5,23
2024461455658,2024,461455658,605106,124045,0.9205,50.97927,3,3,5,13:24,-1,E07000112,4,0,1,0,2,"[19, 9]","[5, 7]","[1, 5]","[0, 11]",0,0,1,0,0,0,0,0,6,13
2024461455663,2024,461455663,576067,156531,0.52315,51.28071,3,3,6,08:10,-1,E07000110,4,0,1,0,1,19,5,8,0,0,0,1,0,0,0,0,1,5,24
2024461455704,2024,461455704,635058,170710,1.37696,51.38672,3,3,7,11:58,-1,E07000114,3,0,1,0,1,19,3,7,0,0,0,0,0,1,0,0,1,5,25
2024461455918,2024,461455918,563967,173515,0.35764,51.43691,2,2,6,04:25,-1,E07000109,6,0,1,0,1,19,"[1, 5]","[5, 1]",0,"[7, 0]",0,1,0,0,0,0,0,6,14
2024461455937,2024,461455937,599439,142854,0.85024,51.15019,2,2,6,17:23,-1,E07000105,3,0,1,0,1,"[19, 7]","[6, 2]","[2, 6]",0,0,0,1,1,0,0,0,0,6,14
2024461455972,2024,461455972,558639,173990,0.28126,51.44269,3,3,7,20:52,-1,E07000107,4,2,1,0,2,"[7, 19]","[3, 1]",5,0,"[3, 0]",0,1,0,0,0,0,0,5,25
2024461455996,2024,461455996,618207,166159,1.13238,51.35259,3,3,7,01:53,-1,E07000106,3,2,1,1,1,"[19, 2]","[8, 0]","[1, 0]","[4, 0]","[0, 7]",0,1,0,0,0,0,0,6,15
2024461456138,2024,461456138,560424,172659,0.30632,51.43023,3,3,7,14:08,-1,E07000107,3,0,2,1,2,4,3,7,0,0,0,1,0,0,0,0,0,6,15
2024461456168,2024,461456168,559162,146863,0.27668,51.19882,3,3,6,13:30,-1,E07000115,3,0,1,0,1,"[19, 9]","[4, 8]","[8, 6]",0,0,0,1,0,0,0,0,0,6,14
2024461456170,2024,461456170,564862,139663,0.35489,51.13251,3,3,6,07:41,-1,E07000116,3,0,1,0,2,"[3, 4]","[4, 6]","[2, 8]",0,0,0,1,0,0,0,0,0,6,14
2024461456234,2024,461456234,564982,139505,0.35653,51.13106,2,"[2, 3]",6,11:13,-1,E07000116,3,0,1,0,2,"[4, 3]",8,8,0,0,0,1,0,0,0,0,0,6,14
2024461456238,2024,461456238,599042,142491,0.84437,51.14706,3,3,5,15:55,-1,E07000105,6,0,2,1,2,19,"[7, 6]","[3, 2]",0,0,0,1,0,0,0,0,0,6,13
2024461456247,2024,461456247,568752,157338,0.41874,51.29017,3,3,7,19:58,-1,E07000115,6,0,1,0,2,19,6,2,10,1,1,1,0,0,0,0,0,6,15
2024461456321,2024,461456321,571586,167231,0.46411,51.3782,3,3,7,11:55,-1,E06000035,3,0,2,1,2,4,6,2,0,0,0,1,0,0,0,0,0,6,15
2024461456446,2024,461456446,599088,144570,0.84618,51.16572,3,3,5,15:50,-1,E07000105,6,0,2,1,2,19,"[2, 6]","[4, 2]",0,"[0, 1]","[0, 3]",1,0,0,0,0,0,6,6
2024461456490,2024,461456490,547823,147079,0.1146,51.2038,2,2,7,23:15,-1,E07000111,4,2,1,1,2,5,3,7,0,1,4,1,0,0,0,0,0,6,15
2024461456535,2024,461456535,630691,169341,1.31342,51.37623,3,3,1,23:00,-1,E07000114,3,2,1,1,1,"[19, 13]","[1, 2]",6,0,0,0,1,0,0,0,0,0,6,16
2024461456540,2024,461456540,573937,165275,0.4969,51.35991,2,2,2,01:58,-1,E06000035,4,2,1,0,1,"[19, 9]","[2, 3]","[5, 2]",0,"[0, 1]",0,1,0,1,0,0,0,6,17
2024461456543,2024,461456543,556830,173411,0.255,51.43799,3,3,2,02:34,-1,E07000107,3,2,1,0,1,19,3,7,10,3,0,1,0,0,0,0,0,6,17
2024461456549,2024,461456549,574861,165103,0.51007,51.35809,3,3,3,16:57,-1,E06000035,3,2,1,0,1,3,7,3,0,0,0,1,0,0,0,0,0,5,21
2024461456550,2024,461456550,572687,169779,0.48115,51.40076,3,3,7,12:30,-1,E06000035,3,0,1,0,1,"[15, 10]",7,3,0,0,0,1,0,1,0,0,0,5,25
2024461456581,2024,461456581,555729,172819,0.23891,51.43297,3,3,4,19:31,-1,E07000107,3,0,1,0,1,"[19, -1]",5,1,0,0,0,1,0,0,0,0,0,6,5
2024461456596,2024,461456596,543335,154588,0.0534,51.27242,3,3,5,16:15,-1,E07000111,1,0,1,0,2,19,7,3,0,0,0,1,0,0,0,0,0,5,23
2024461456601,2024,461456601,558249,172649,0.27505,51.43075,3,3,4,16:20,-1,E07000107,3,0,1,0,2,19,7,3,0,0,0,1,0,0,0,0,0,5,22
2024461456614,2024,461456614,614962,159767,1.082,51.29643,3,3,4,13:15,-1,E07000106,6,0,1,0,1,19,7,3,0,0,0,1,1,0,0,0,0,5,29
2024461456638,2024,461456638,578225,172668,0.56213,51.425,3,3,6,15:43,-1,E06000035,6,0,1,0,2,19,1,4,0,0,0,1,0,0,0,0,1,6,14
2024461456641,2024,461456641,636566,170510,1.39846,51.3843,3,3,1,12:00,-1,E07000114,6,0,9,0,1,"[4, 19]",-1,-1,0,0,0,1,0,1,0,0,0,5,19
2024461456693,2024,461456693,555613,172099,0.23692,51.42654,3,3,2,08:44,-1,E07000107,3,0,1,0,2,"[9, 10]","[3, 5, 7]","[5, 3]",0,0,0,1,0,0,0,0,0,6,17
2024461456710,2024,461456710,554805,170951,0.22481,51.41644,3,3,2,09:40,-1,E07000107,1,0,1,0,2,19,"[7, 2]","[2, 5, 3]",0,"[2, 0]","[7, 0]",1,0,0,0,0,0,6,17
2024461456798,2024,461456798,589990,164288,0.72668,51.34591,3,3,1,11:38,-1,E07000113,6,0,1,0,1,"[19, 2]","[6, 0]","[3, 0]",4,0,0,1,0,0,0,0,0,6,16
2024461456934,2024,461456934,603623,159493,0.91943,51.29814,2,"[3, 2]",1,17:00,-1,E07000113,1,0,1,0,2,19,3,7,0,0,0,1,0,1,0,0,0,6,16
2024461456937,2024,461456937,614275,133821,1.0567,51.06372,2,2,7,18:37,-1,E07000112,3,0,8,0,1,"[10, 15]",5,"[6, 5]",0,0,0,1,0,1,0,0,0,6,15
2024461456959,2024,461456959,575075,171399,0.51624,51.41458,2,"[2, 3]",4,16:40,-1,E06000035,3,0,1,0,2,"[3, 19]",1,3,0,0,0,1,0,0,0,0,0,5,15
2024461456974,2024,461456974,563880,173358,0.35631,51.43552,2,2,2,06:50,-1,E07000109,4,0,1,0,1,19,7,3,0,0,0,1,0,0,0,0,1,6,17
2024461456976,2024,461456976,572417,157927,0.47154,51.29437,3,3,5,22:45,-1,E07000115,3,2,1,0,1,"[3, 19]",1,"[4, 3]",0,0,0,1,0,0,0,0,0,5,23
2024461457073,2024,461457073,635270,145579,1.36347,51.16105,2,2,3,21:48,-1,E07000108,6,2,1,0,2,"[13, 19]",5,1,0,0,0,1,0,1,0,0,0,6,11
2024461457311,2024,461457311,620073,158985,1.15471,51.28746,3,3,3,16:20,-1,E07000106,6,0,1,0,2,19,"[5, 6]","[1, 2]","[10, 0]",0,0,1,0,0,0,0,0,6,18
2024461457336,2024,461457336,632003,159041,1.32554,51.28323,3,3,3,16:00,-1,E07000108,3,0,1,0,2,"[13, 19]","[2, 6]","[6, 2]",0,0,0,1,0,1,0,0,0,6,18
2024461457384,2024,461457384,612421,136285,1.03173,51.08653,3,3,6,12:30,-1,E07000112,3,0,1,0,2,3,2,4,0,0,0,1,0,0,0,1,0,5,24
2024461457389,2024,461457389,616098,159156,1.0979,51.29052,3,3,6,11:35,-1,E07000106,6,0,5,1,1,8,2,4,0,0,0,1,0,0,0,0,1,5,31
2024461457392,2024,461457392,557978,162584,0.26669,51.3404,3,3,5,20:45,-1,E07000111,3,0,1,0,2,19,"[3, 5]",7,0,0,0,1,0,1,0,0,0,5,30
2024461457405,2024,461457405,572766,168907,0.48186,51.3929,2,2,4,14:30,-1,E06000035,6,0,1,0,1,19,5,1,0,0,0,0,0,0,0,0,1,6,5
2024461457421,2024,461457421,564144,171239,0.35913,51.41641,3,3,6,15:30,-1,E07000109,3,0,1,0,2,"[19, 4]","[5, 2]","[3, 4]",0,0,0,1,0,0,0,0,0,5,24
2024461457427,2024,461457427,543554,154598,0.05654,51.27246,3,3,4,10:45,-1,E07000111,1,0,8,0,2,"[5, 19]",-1,-1,"[0, -1]","[0, -1]",0,1,0,0,0,0,0,5,29
2024461457493,2024,461457493,613481,153189,1.05686,51.23792,3,3,4,08:04,-1,E07000106,6,0,1,0,2,"[13, 4]","[7, 4]","[3, 7]",10,0,0,1,0,0,0,0,0,6,19
2024461457497,2024,461457497,576152,155908,0.52406,51.27509,2,2,6,13:03,-1,E07000110,6,0,2,1,1,-1,-1,-1,-1,-1,0,1,0,0,0,0,1,5,31
2024461457522,2024,461457522,596554,147220,0.81143,51.1904,3,3,4,10:20,-1,E07000105,3,0,1,0,2,"[19, 2]","[4, 0]","[8, 0]",0,0,0,1,0,0,0,1,0,6,19