collision_index,collision_year,collision_ref_no,location_easting_osgr,location_northing_osgr,longitude,latitude,casualty_severity,casualty_severity,day_of_week,time,local_authority_district,local_authority_ons_district,first_road_class,light_conditions,weather_conditions,road_surface_conditions,urban_or_rural_area,vehicle_manoeuvre,vehicle_direction_from,vehicle_direction_to,hit_object_in_carriageway,vehicle_leaving_carriageway,hit_object_off_carriageway,is_car,is_cyle,is_mcyle,is_goodsv,is_other,is_pedestrian,month,day
2024461469574,2024,461469574,558209,144869,0.26217,51.18117,3,3,4,12:30,-1,E07000115,3,0,1,0,2,"[3, 19]",-1,-1,0,0,0,1,1,0,0,0,0,7,10
2024461469578,2024,461469578,555795,174947,0.24079,51.45208,3,3,4,17:30,-1,E07000107,3,0,1,0,2,"[19, 3]","[4, 5]",1,0,0,0,1,0,0,0,0,0,7,10
2024461469612,2024,461469612,612059,167143,1.04481,51.36375,3,3,5,08:50,-1,E07000106,4,0,1,0,1,"[2, 3]","[0, 4]","[0, 6]",0,0,0,1,0,0,0,0,0,7,11
2024461469613,2024,461469613,571340,172590,0.46316,51.42642,3,3,5,17:00,-1,E07000109,6,0,1,0,2,19,-1,-1,0,0,0,1,0,0,0,0,1,6,13
2024461469626,2024,461469626,636081,171052,1.39186,51.38937,3,3,4,08:45,-1,E07000114,6,0,1,0,1,19,3,7,0,0,0,1,0,0,0,0,1,7,10
2024461469653,2024,461469653,559546,141532,0.2798,51.15081,3,3,4,19:00,-1,E07000116,6,0,1,0,1,"[2, 14]","[0, 5]","[0, 1]",0,0,0,1,1,0,0,0,0,7,10
2024461469677,2024,461469677,578004,167933,0.55658,51.38253,3,3,5,15:37,-1,E06000035,6,0,1,0,1,19,"[4, 5]","[8, 1]",0,0,0,1,0,0,0,0,0,6,20
2024461469707,2024,461469707,562819,172660,0.34074,51.42956,3,3,6,14:25,-1,E07000109,6,0,1,0,1,19,2,6,0,0,0,1,0,0,0,0,1,6,28
2024461469799,2024,461469799,577993,168260,0.55659,51.38547,3,3,6,11:14,-1,E06000035,6,0,8,0,1,"[19, 9]","[2, 8]",6,0,0,0,1,0,0,0,0,0,7,19
2024461469807,2024,461469807,636731,166084,1.39788,51.34451,2,2,6,14:00,-1,E07000114,6,0,1,0,1,3,3,7,0,0,0,1,0,1,0,0,0,7,19
2024461469812,2024,461469812,617485,167085,1.12259,51.36118,3,3,6,12:56,-1,E07000106,6,0,1,0,2,8,"[8, 1]",4,0,0,0,1,0,0,0,0,0,7,19
2024461469827,2024,461469827,595196,171594,0.80534,51.40976,3,3,6,14:24,-1,E07000113,3,0,1,0,2,"[19, 9]",7,"[3, 5]",0,0,0,1,0,1,0,0,0,7,19
2024461469891,2024,461469891,564902,159230,0.36445,51.3083,3,3,6,16:26,-1,E07000115,1,0,1,0,2,19,"[5, 7]",3,0,0,0,1,0,0,1,0,0,7,19
2024461469902,2024,461469902,559228,172825,0.2892,51.43206,3,3,1,18:51,-1,E07000107,3,0,1,0,2,"[19, 5]","[3, 1]","[7, 5]",0,0,0,1,0,0,0,0,0,7,7
2024461469989,2024,461469989,577636,166955,0.55081,51.37386,2,2,6,19:40,-1,E06000035,3,0,1,0,1,19,"[3, 7]","[7, 3]",0,0,0,1,0,0,0,1,0,7,19
2024461469999,2024,461469999,576743,153935,0.53155,51.25718,2,"[2, 3]",6,23:41,-1,E07000110,3,2,1,0,1,"[6, 19]","[4, 8]",4,0,0,0,1,0,0,0,0,0,7,19
2024461470057,2024,461470057,621634,157175,1.17594,51.27061,1,1,6,12:56,-1,E07000106,3,0,1,0,2,"[9, 19]","[5, 3]","[3, 7]",0,0,0,1,0,1,0,0,0,7,19
2024461470101,2024,461470101,543690,156428,0.05923,51.28887,3,3,7,08:19,-1,E07000111,3,0,7,1,2,19,8,3,0,1,0,1,0,0,0,0,0,7,20
2024461470136,2024,461470136,556041,175239,0.24446,51.45463,3,3,6,18:00,-1,E07000107,3,0,1,0,1,"[13, 3]","[2, 3]",2,0,0,0,1,0,0,0,0,0,7,19
2024461470224,2024,461470224,564906,139611,0.35549,51.13203,3,3,6,18:05,-1,E07000116,3,0,1,0,2,19,"[5, 8]","[8, 4]",0,"[0, 1]","[0, 9]",1,0,0,0,0,0,7,19
2024461470272,2024,461470272,615158,157565,1.08348,51.27659,2,2,7,20:30,-1,E07000106,3,0,1,0,1,"[19, 5]",2,6,0,0,0,1,0,1,0,0,0,7,20
2024461470273,2024,461470273,592867,172805,0.77256,51.42144,2,"[2, 3]",7,19:41,-1,E07000113,3,0,1,0,1,"[9, 2, 19]","[7, 0, 3]","[3, 0, 7]",0,0,0,1,0,0,0,0,0,7,20
2024461470283,2024,461470283,554634,158898,0.21712,51.3082,3,3,7,22:15,-1,E07000111,6,2,1,0,2,19,1,5,0,0,0,1,0,0,0,0,1,7,20
2024461470286,2024,461470286,637830,152458,1.40457,51.22174,2,"[3, 2]",7,22:35,-1,E07000108,3,2,1,0,1,19,1,5,0,0,0,0,0,1,0,0,1,7,20
2024461470307,2024,461470307,577220,165289,0.54401,51.35903,3,3,7,11:12,-1,E06000035,6,0,1,0,1,"[9, 19]","[4, 6]","[8, 2]",0,"[0, 1]",0,1,0,0,0,0,0,7,20
2024461470415,2024,461470415,638119,167788,1.41891,51.35922,1,1,1,12:24,-1,E07000114,6,0,1,0,1,19,1,5,0,0,0,1,0,0,0,0,1,7,21
2024461470483,2024,461470483,555711,173537,0.23897,51.43943,2,2,7,15:31,-1,E07000107,3,0,1,0,1,"[11, 19]",1,5,0,0,0,1,0,0,1,0,0,7,20
2024461470518,2024,461470518,599397,141750,0.84903,51.14029,3,3,1,18:30,-1,E07000105,6,0,1,0,1,19,1,1,0,3,0,1,0,0,0,0,0,7,21
2024461470567,2024,461470567,600385,139739,0.86202,51.12188,2,2,3,11:15,-1,E07000105,6,0,2,1,2,-1,-1,-1,-1,-1,0,0,0,1,0,0,0,6,25
2024461470577,2024,461470577,579726,166416,0.58053,51.36836,2,2,3,06:00,-1,E06000035,3,0,1,0,1,"[3, 19]",2,4,0,0,0,1,0,0,0,0,0,7,16
2024461470608,2024,461470608,637740,168060,1.41366,51.36182,2,2,2,08:32,-1,E07000114,3,0,1,0,2,19,3,7,0,0,0,1,0,0,0,0,1,7,22
2024461470614,2024,461470614,614960,157776,1.08077,51.27856,3,3,2,18:40,-1,E07000106,6,0,1,0,1,19,3,7,0,0,0,0,1,0,0,0,0,7,8
2024461470624,2024,461470624,599767,143012,0.85502,51.15149,3,3,4,12:30,-1,E07000105,6,0,1,0,1,"[19, 5]",2,6,0,0,0,1,0,0,0,0,0,6,26
2024461470639,2024,461470639,620104,136697,1.14151,51.08734,3,3,4,08:25,-1,E07000112,4,0,1,0,1,19,1,5,0,0,0,1,1,0,0,0,0,7,3
2024461470641,2024,461470641,562831,172670,0.34092,51.42964,3,3,6,14:30,-1,E07000109,6,0,1,0,1,19,-1,-1,0,0,0,1,0,0,0,0,1,6,28
2024461470674,2024,461470674,601098,142353,0.87365,51.14511,3,3,2,11:15,-1,E07000105,3,0,1,0,1,"[9, 7]","[7, 5]","[5, 7]",0,0,0,0,1,0,0,1,0,6,24
2024461470690,2024,461470690,616430,157302,1.10153,51.27374,3,3,7,11:30,-1,E07000106,6,0,1,0,1,"[9, 19]","[1, 7]","[7, 3]",0,0,0,1,0,0,0,0,0,6,22
2024461470786,2024,461470786,554754,167263,0.22247,51.38332,3,3,2,08:30,-1,E07000111,3,0,1,0,2,"[7, 19]","[2, 7]",4,0,0,0,1,0,0,0,0,0,7,22
2024461470796,2024,461470796,636975,167870,1.40257,51.36044,3,3,2,11:24,-1,E07000114,3,0,1,0,1,"[19, 4]",3,7,0,"[1, 0]","[10, 0]",1,0,0,0,0,0,7,22
2024461470955,2024,461470955,636370,170923,1.39592,51.38809,2,2,2,21:20,-1,E07000114,6,2,1,0,1,19,7,3,0,0,0,1,0,0,0,0,1,7,22
2024461470992,2024,461470992,570572,161767,0.44693,51.32942,3,3,3,15:30,-1,E07000115,6,0,1,0,1,"[19, 2, 7]","[5, 7, 2]","[1, 7, 5]",0,0,0,1,0,0,0,0,0,7,16
2024461470998,2024,461470998,555703,160417,0.2331,51.32155,2,2,3,16:00,-1,E07000111,6,0,1,0,2,19,"[3, 7]","[7, 3]",0,0,0,1,0,0,0,0,0,7,2
2024461471015,2024,461471015,590914,163597,0.73956,51.3394,3,3,1,12:15,-1,E07000113,6,0,1,0,1,"[19, -1]","[7, -1]","[3, -1]","[0, -1]","[0, -1]",0,1,1,0,0,0,0,6,30
2024461471019,2024,461471019,580890,164275,0.59615,51.34876,3,3,2,10:27,-1,E06000035,6,0,1,0,1,19,3,7,0,0,0,1,0,0,0,0,1,7,8
2024461471052,2024,461471052,604887,124742,0.91778,50.98561,3,3,1,13:44,-1,E07000112,3,0,1,0,2,"[7, 13]",1,5,0,0,0,1,0,0,0,0,0,7,14
2024461471069,2024,461471069,552783,172650,0.19649,51.43226,3,3,6,03:00,-1,E07000107,3,2,1,0,2,19,7,3,0,0,0,1,0,0,0,0,0,7,12
2024461471118,2024,461471118,597301,161686,0.83008,51.32006,3,3,2,08:49,-1,E07000113,3,0,1,0,2,"[19, 15]",1,5,0,0,0,1,0,0,0,0,0,6,24
2024461471156,2024,461471156,637163,151137,1.39416,51.21016,2,2,6,15:54,-1,E07000108,6,0,1,0,1,99,1,5,0,0,0,1,0,1,0,0,0,7,12
2024461471168,2024,461471168,637303,166207,1.40616,51.34537,3,3,2,14:40,-1,E07000114,6,0,1,0,1,19,3,7,0,0,0,1,0,0,0,0,1,7,15
2024461471174,2024,461471174,566742,155426,0.38905,51.27359,3,3,4,15:21,-1,E07000115,3,0,1,0,2,"[3, 19]",1,5,0,0,0,1,0,0,1,0,0,7,17
2024461471198,2024,461471198,574807,150922,0.50236,51.23071,3,3,5,15:00,-1,E07000110,4,0,1,0,2,"[3, 19]",3,7,0,0,0,1,0,0,0,0,0,7,18
2024461471199,2024,461471199,600458,143175,0.86497,51.15271,3,3,3,12:20,-1,E07000105,3,0,1,0,1,"[14, 7]","[8, 2]",4,0,0,0,1,0,1,0,0,0,7,23
2024461471373,2024,461471373,636975,165210,1.4008,51.33656,3,3,7,23:12,-1,E07000114,3,2,1,0,1,5,4,5,0,0,0,1,0,0,0,0,1,7,13
2024461471423,2024,461471423,564186,159085,0.35412,51.3072,3,3,3,10:55,-1,E07000115,1,0,1,0,2,"[11, 19]",7,3,0,0,0,1,0,0,0,0,0,7,23
2024461471427,2024,461471427,604381,159771,0.93045,51.30036,2,2,1,16:25,-1,E07000113,3,0,1,0,2,"[13, 19]",4,"[1, 8]",0,0,0,1,0,0,1,0,0,7,21
2024461471439,2024,461471439,560287,166100,0.30139,51.37134,3,3,6,15:10,-1,E07000111,6,0,1,0,2,19,2,3,0,0,0,1,0,0,0,0,1,7,12
2024461471443,2024,461471443,620074,136593,1.14102,51.08642,3,3,5,16:40,-1,E07000112,6,0,1,0,1,"[5, 19]","[7, 3]","[3, 7]",0,0,0,1,1,0,0,0,0,7,18
2024461471446,2024,461471446,566928,172208,0.39958,51.4243,3,3,6,15:00,-1,E07000109,6,0,1,0,1,5,5,1,0,0,0,1,0,0,0,0,1,7,5
2024461471454,2024,461471454,637646,153151,1.4024,51.22804,3,3,4,14:10,-1,E07000108,6,0,1,0,1,"[2, 14]","[0, 5]","[0, 1]","[4, 0]",0,0,1,1,0,0,0,0,7,10
2024461471469,2024,461471469,608242,123734,0.96494,50.97536,3,3,4,17:00,-1,E07000112,6,0,1,0,2,"[19, 2]","[6, 4, 0]","[4, 6, 0]",0,0,0,1,0,1,1,0,0,7,17
2024461471483,2024,461471483,602342,161119,0.902,51.31319,3,3,6,04:48,-1,E07000113,4,0,1,0,1,"[10, 13]",3,"[5, 7]",0,0,0,1,0,1,0,0,0,7,19
2024461471484,2024,461471484,620335,135969,1.14436,51.08071,3,3,1,19:50,-1,E07000112,6,0,1,0,1,19,"[3, 7]","[7, 3]",0,0,0,1,1,0,0,0,0,7,7
2024461471501,2024,461471501,622056,139428,1.17101,51.11111,3,3,4,22:00,-1,E07000112,6,2,9,-1,2,19,-1,-1,0,0,0,1,1,0,0,0,0,7,10
2024461471582,2024,461471582,622442,136776,1.17489,51.08715,3,3,7,15:50,-1,E07000112,6,0,1,0,1,19,1,5,0,0,0,1,1,0,0,0,0,7,13
2024461471589,2024,461471589,630999,141262,1.29973,51.12404,3,3,4,11:31,-1,E07000108,4,0,1,0,1,"[4, 15]","[3, 7]","[7, 3]",0,"[1, 0]",0,1,1,0,0,0,0,7,24
2024461471595,2024,461471595,563933,165139,0.35328,51.36167,2,2,3,13:45,-1,E07000109,3,0,2,1,2,19,6,2,"[10, 0]","[1, 0]",0,1,0,0,0,0,0,7,23
2024461471649,2024,461471649,600153,143602,0.86086,51.15665,2,2,4,12:35,-1,E07000105,3,0,1,0,2,19,2,6,0,0,0,0,0,1,0,0,0,7,24
2024461471695,2024,461471695,566056,159346,0.38105,51.30901,3,3,4,11:09,-1,E07000115,1,0,1,0,2,"[19, 13]","[3, 7]","[7, 3]",0,0,0,1,0,0,1,0,0,7,24
2024461471702,2024,461471702,574672,170431,0.50998,51.40601,3,3,4,13:57,-1,E06000035,3,0,1,0,2,19,5,1,0,0,0,1,0,0,0,0,0,7,24
2024461471757,2024,461471757,629881,158509,1.29482,51.27932,3,3,4,16:17,-1,E07000108,6,0,1,0,2,"[3, 19]","[5, 3]","[1, 7]",0,0,0,1,0,0,0,0,0,7,24
2024461471806,2024,461471806,562256,170190,0.33152,51.40753,2,"[2, 3]",4,17:11,-1,E07000107,6,0,1,0,2,19,"[1, 5]","[5, 1]",0,0,0,1,0,0,0,0,0,7,24
2024461471853,2024,461471853,631293,141369,1.30399,51.12488,3,3,4,20:40,-1,E07000108,4,0,1,0,1,4,3,7,0,0,0,1,0,0,0,0,0,7,24
2024461471859,2024,461471859,560628,159825,0.30346,51.31487,2,2,4,16:20,-1,E07000115,3,0,1,0,2,"[19, 9]","[7, 2]","[3, 7]",0,"[7, 0]","[4, 0]",1,0,0,0,0,0,7,24
2024461471864,2024,461471864,587921,163727,0.69671,51.34156,3,3,1,18:22,-1,E07000113,6,0,1,0,2,19,5,5,0,0,0,1,0,0,0,0,0,7,21
2024461471876,2024,461471876,574163,168791,0.50186,51.39143,3,3,3,21:15,-1,E06000035,6,2,1,0,1,"[7, 19]","[3, 4]","[6, 8]",0,0,0,1,0,0,0,0,0,7,23
2024461471881,2024,461471881,558055,147729,0.26123,51.20691,3,3,2,16:50,-1,E07000115,4,0,1,0,1,19,7,3,0,0,0,0,1,0,0,0,1,6,24
2024461471887,2024,461471887,579007,137967,0.55601,51.11304,1,1,4,12:12,-1,E07000116,6,0,1,0,2,19,"[5, 1]","[1, 5]",0,0,0,0,0,1,0,1,0,7,24
2024461472108,2024,461472108,625661,138735,1.222,51.10348,3,3,5,10:18,-1,E07000108,4,0,2,1,2,"[10, 9]",7,"[4, 3]",0,0,0,1,0,0,0,0,0,7,25
2024461472197,2024,461472197,564402,172337,0.36334,51.4262,2,2,1,13:47,-1,E07000109,3,0,1,0,2,19,1,5,0,2,0,1,0,0,0,0,1,7,14
2024461472200,2024,461472200,599950,133905,0.85259,51.06964,3,3,4,15:13,-1,E07000105,4,0,1,0,2,19,5,1,0,0,0,1,0,0,0,0,1,7,24
2024461472201,2024,461472201,575583,168033,0.52188,51.38418,3,3,5,19:40,-1,E06000035,6,0,1,0,1,5,5,1,0,0,0,1,0,0,0,0,1,7,25
2024461472226,2024,461472226,555597,173973,0.23752,51.44338,2,2,4,16:04,-1,E07000107,3,0,1,0,1,"[12, 19]","[1, 8]","[5, 4]",0,0,0,1,0,0,1,0,0,7,24
2024461472241,2024,461472241,582134,166519,0.61514,51.36852,2,2,5,22:23,-1,E06000035,4,2,1,0,1,"[2, 19]","[0, 2]","[0, 6]","[0, 4]",0,0,1,0,0,0,0,0,7,25
2024461472242,2024,461472242,637216,151440,1.39512,51.21286,3,3,5,21:30,-1,E07000108,4,2,1,1,1,19,8,4,5,0,0,0,0,0,0,1,0,7,25
2024461472293,2024,461472293,631669,155703,1.31859,51.2534,2,2,6,08:20,-1,E07000108,6,0,1,0,2,10,"[7, 1]","[5, 7]",0,0,0,1,1,0,0,0,0,7,26
2024461472315,2024,461472315,570114,158319,0.43872,51.29858,2,"[2, 3]",6,06:59,-1,E07000115,3,0,1,0,1,19,"[1, 7]","[5, 3]",0,0,0,1,0,0,0,0,0,7,26
2024461472338,2024,461472338,635451,170841,1.38268,51.38774,3,3,6,09:51,-1,E07000114,6,0,1,0,1,"[5, 19]","[3, 1]","[7, 5]",0,0,0,1,0,0,0,0,0,7,26
2024461472441,2024,461472441,617947,166844,1.12907,51.35884,2,2,5,06:40,-1,E07000106,3,0,1,0,2,"[19, 9]","[6, 4]","[2, 8]",0,0,0,1,1,0,0,0,0,7,18
2024461472469,2024,461472469,613758,158053,1.06373,51.2815,3,3,6,12:08,-1,E07000106,3,0,1,0,2,"[19, 4]","[7, 1]",3,0,0,0,1,0,1,0,0,0,7,26
2024461472473,2024,461472473,575641,157586,0.51756,51.29032,3,3,6,14:12,-1,E07000110,3,0,1,0,1,19,3,7,0,0,0,0,0,1,0,0,0,7,26
2024461472476,2024,461472476,579321,139258,0.56113,51.12454,3,3,6,14:41,-1,E07000116,3,0,1,0,2,19,2,6,0,1,4,1,0,0,0,0,0,7,26
2024461472568,2024,461472568,600874,142596,0.87059,51.14737,3,3,6,18:24,-1,E07000105,6,0,1,0,1,1,6,2,0,0,0,1,0,0,0,0,1,7,26
2024461472628,2024,461472628,601058,143084,0.87349,51.15169,2,2,6,23:05,-1,E07000105,3,2,1,0,1,"[19, 5]","[1, 7]","[5, 3]",0,0,0,1,0,0,0,0,0,7,26
2024461472671,2024,461472671,551226,154099,0.16623,51.26599,3,3,6,23:22,-1,E07000111,6,2,1,0,2,19,1,5,0,0,0,1,0,0,0,0,0,7,26
2024461472740,2024,461472740,573978,155039,0.4925,51.26795,2,2,7,09:24,-1,E07000110,3,0,1,0,1,"[19, 9]","[3, 5]","[7, 2]","[4, 0]",0,0,1,0,1,0,0,0,7,27
2024461472768,2024,461472768,591923,174690,0.76002,51.43869,2,2,6,11:05,-1,E07000113,6,0,1,1,1,"[2, 14]","[0, 8]","[0, 8]","[0, 4]",0,0,1,0,1,0,0,0,7,5
2024461472805,2024,461472805,600812,142548,0.86968,51.14696,3,3,7,15:00,-1,E07000105,3,0,1,0,1,3,3,7,0,0,0,1,0,0,0,0,1,7,27
2024461472892,2024,461472892,555643,147685,0.22671,51.20717,2,2,7,18:00,-1,E07000115,3,0,1,0,2,19,5,5,0,0,0,1,0,0,0,0,0,7,27
2024461472927,2024,461472927,596086,147808,0.80506,51.19584,3,3,7,23:30,-1,E07000105,3,2,1,0,2,19,4,1,10,1,4,1,0,0,0,0,0,7,27
2024461472995,2024,461472995,575832,168117,0.52549,51.38486,2,2,7,15:15,-1,E06000035,3,0,1,0,1,10,0,2,0,0,0,0,0,0,1,0,1,7,27
2024461472998,2024,461472998,614984,157464,1.08093,51.27575,2,"[3, 2]",6,15:20,-1,E07000106,3,0,1,0,1,5,1,5,0,0,0,1,1,0,0,0,0,7,26
2024461473052,2024,461473052,561996,159237,0.3228,51.3092,3,3,1,12:26,-1,E07000115,1,0,1,0,2,"[19, 11]","[8, 1]",3,"[7, 0]",0,0,1,0,0,0,0,0,7,28
2024461473063,2024,461473063,639717,167724,1.44178,51.35798,2,2,7,13:30,-1,E07000114,6,0,1,0,1,7,7,3,0,0,0,1,0,0,0,0,1,7,27
2024461473084,2024,461473084,563810,171796,0.35459,51.42151,2,2,6,11:00,-1,E07000109,6,0,1,0,1,19,1,4,0,0,0,1,0,0,0,0,1,7,26
2024461473097,2024,461473097,637121,168950,1.40538,51.37007,2,2,7,15:34,-1,E07000114,3,0,1,0,2,"[19, 9]","[3, 6]","[7, 3]",0,"[7, 0]",0,1,0,1,0,0,0,7,27
2024461473110,2024,461473110,575904,138947,0.5122,51.1228,2,2,5,18:56,-1,E07000116,6,0,2,1,2,"[3, 19]",1,5,0,0,0,0,0,1,1,0,0,7,25
2024461473132,2024,461473132,633013,142253,1.3291,51.13212,2,2,1,14:25,-1,E07000108,3,0,1,0,2,"[19, 6]",5,1,0,"[0, 1]",0,1,0,1,0,0,0,7,28
2024461473135,2024,461473135,615402,158420,1.08749,51.28417,3,3,1,17:20,-1,E07000106,3,0,1,0,1,"[10, 4]",3,7,0,0,0,1,0,1,0,0,0,7,28
2024461473152,2024,461473152,554942,171076,0.22683,51.41753,2,"[2, 3]",1,16:25,-1,E07000107,1,0,1,0,2,"[3, 19]",6,2,0,0,0,1,0,0,0,0,0,7,28
2024461473168,2024,461473168,545836,155325,0.08953,51.27841,3,3,5,15:12,-1,E07000111,1,0,1,0,2,4,3,7,0,0,0,1,0,0,0,0,0,7,25
2024461473212,2024,461473212,623791,137594,1.19462,51.09397,3,3,1,20:40,-1,E07000112,4,2,1,0,2,19,1,5,11,0,0,1,0,0,0,0,0,7,28
2024461473213,2024,461473213,576949,164681,0.53982,51.35365,2,2,2,00:07,-1,E06000035,6,2,1,0,1,"[2, 19]","[0, 5]","[0, 2]","[0, 4]",0,0,1,0,1,0,0,0,7,29
2024461473249,2024,461473249,576382,155037,0.52692,51.26719,2,"[2, 3]",7,20:00,-1,E07000110,3,0,1,0,1,19,1,5,10,1,0,0,1,0,0,0,1,7,20
2024461473263,2024,461473263,592823,174804,0.77301,51.4394,3,3,7,11:52,-1,E07000113,6,0,1,0,1,1,7,3,0,0,0,1,0,0,0,0,1,7,20
2024461473266,2024,461473266,554293,170384,0.21721,51.41149,3,3,4,15:50,-1,E07000107,1,0,1,0,2,4,5,1,0,0,0,1,0,0,0,0,0,7,24
2024461473272,2024,461473272,544392,154793,0.06863,51.274,3,3,1,17:47,-1,E07000111,1,0,1,0,2,"[11, 19]",-1,-1,0,0,0,1,0,0,0,0,0,7,21
2024461473275,2024,461473275,552359,174465,0.19117,51.44868,3,3,2,15:00,-1,E07000107,3,0,1,0,1,"[15, 2]",7,"[3, 4]",0,0,0,1,0,0,0,0,1,7,22
2024461473321,2024,461473321,572842,169479,0.48323,51.39801,3,3,1,11:15,-1,E06000035,3,0,1,0,1,"[1, 3]",-1,-1,0,0,0,1,1,0,0,0,0,7,21
2024461473458,2024,461473458,610855,164536,1.026,51.34079,2,"[3, 2]",7,16:25,-1,E07000106,3,0,1,0,2,"[19, 9]","[3, 7]","[7, 5]",0,0,0,1,0,0,0,0,0,7,27
2024461473497,2024,461473497,570969,172191,0.45764,51.42294,3,3,2,15:11,-1,E07000109,6,0,1,0,2,19,"[5, 1]","[1, 5]",0,0,0,1,0,0,0,0,0,7,29
2024461473513,2024,461473513,581842,162184,0.60874,51.32968,3,3,2,01:00,-1,E07000110,6,2,1,0,2,19,6,4,0,3,1,1,0,0,0,0,0,7,29
2024461473525,2024,461473525,605575,120281,0.92505,50.9453,2,2,7,10:55,-1,E07000112,6,0,1,0,2,19,3,7,0,0,0,1,0,0,0,0,1,7,27
2024461473580,2024,461473580,607985,153900,0.97866,51.24634,2,"[2, 3]",1,12:15,-1,E07000105,3,0,1,0,2,"[19, 9]","[2, 6]","[6, 2]",0,0,0,1,0,0,0,0,0,7,28
2024461473629,2024,461473629,596217,143007,0.80432,51.15267,3,3,2,21:55,-1,E07000105,6,2,1,0,2,19,1,5,0,1,0,1,0,0,0,0,0,7,29
2024461473647,2024,461473647,616948,134880,1.09542,51.07223,2,2,1,17:55,-1,E07000112,3,0,1,0,1,"[2, 19]","[0, 7, 3]","[0, 3, 7]",0,0,0,1,1,0,0,0,0,7,28
2024461473661,2024,461473661,544240,146745,0.06321,51.20172,3,3,4,16:16,-1,E07000111,4,0,1,0,2,19,1,5,0,0,0,1,0,0,0,0,1,7,17
2024461473712,2024,461473712,569860,158172,0.43501,51.29734,3,3,3,16:50,-1,E07000115,6,0,1,0,1,19,1,5,0,0,0,1,0,0,0,0,1,7,23
2024461473753,2024,461473753,561842,173818,0.32723,51.44024,2,2,3,07:49,-1,E07000109,3,0,1,0,2,"[19, 6]",4,8,0,0,0,1,0,1,0,0,0,7,30
2024461473922,2024,461473922,577766,153527,0.54599,51.2532,3,3,3,11:39,-1,E07000110,6,0,8,0,1,19,"[7, 3]","[3, 7]",0,0,0,1,0,0,0,0,0,7,30
2024461473956,2024,461473956,575158,160202,0.51192,51.31397,3,3,3,07:30,-1,E07000115,3,0,1,0,2,19,"[8, 1]","[4, 5]",0,0,0,1,0,0,0,0,0,7,30
2024461474017,2024,461474017,575791,155568,0.51872,51.27215,3,3,3,16:56,-1,E07000110,3,0,1,0,1,"[19, 9]","[5, 1]","[1, 7]",0,0,0,1,0,1,0,0,0,7,30
2024461474061,2024,461474061,564402,173937,0.36408,51.44057,3,3,3,17:41,-1,E07000109,6,0,1,0,1,"[3, 19]","[7, 0]","[3, 0]",0,0,0,1,1,0,0,0,0,7,30
2024461474188,2024,461474188,637234,165355,1.4046,51.33775,3,3,5,15:30,-1,E07000114,6,0,1,0,1,"[7, 19]",3,7,0,0,0,1,0,0,0,0,0,7,25
2024461474250,2024,461474250,554238,151594,0.20829,51.24268,3,3,4,08:25,-1,E07000111,3,0,1,0,2,19,1,5,0,0,0,1,1,0,0,0,0,7,31
2024461474263,2024,461474263,577502,157519,0.54419,51.28914,2,"[2, 3]",4,09:05,-1,E07000110,1,0,1,0,2,"[19, 4]",7,3,0,0,0,1,0,0,0,0,0,7,31
2024461474272,2024,461474272,631338,140465,1.30405,51.11675,3,3,4,10:01,-1,E07000108,6,0,1,0,2,19,"[4, 1]","[1, 4]","[10, 0]",0,0,1,0,0,1,0,0,7,31
2024461474284,2024,461474284,577968,135874,0.54015,51.09456,3,3,4,07:59,-1,E07000116,6,0,1,0,2,7,6,8,0,0,0,1,0,0,0,0,1,7,31
2024461474316,2024,461474316,613979,153211,1.064,51.23794,3,3,3,15:04,-1,E07000106,6,0,2,1,2,19,"[7, 3]","[3, 7]",0,"[1, 0]",0,1,0,0,0,0,0,7,2
2024461474347,2024,461474347,581558,163419,0.6053,51.34086,3,3,4,13:00,-1,E06000035,1,0,1,0,2,19,7,3,0,1,0,1,0,0,0,0,0,7,31
2024461474385,2024,461474385,550549,158851,0.15854,51.30887,3,3,4,11:18,-1,E07000111,3,0,1,0,2,"[9, 10]",5,3,0,0,0,1,0,0,0,0,0,7,31
2024461474388,2024,461474388,578923,166689,0.56915,51.37107,3,3,4,11:34,-1,E06000035,3,0,1,0,2,"[19, 7]","[7, 1]",4,0,0,0,1,0,0,0,0,0,7,31
2024461474460,2024,461474460,565251,171531,0.37517,51.41871,3,3,4,17:37,-1,E07000109,6,0,1,0,1,1,3,7,0,0,0,1,0,0,0,0,1,7,31
2024461474474,2024,461474474,632650,141483,1.32342,51.12536,2,2,4,19:00,-1,E07000108,3,2,1,1,1,19,3,7,0,0,0,1,0,0,0,0,1,1,3
2024461474496,2024,461474496,630083,143181,1.28789,51.14163,3,3,4,18:29,-1,E07000108,3,0,1,0,1,"[3, 19]","[4, 2]",8,0,0,0,1,0,0,0,0,0,7,31
2024461474534,2024,461474534,594011,130077,0.76587,51.03729,2,2,4,20:50,-1,E07000105,4,0,1,0,2,19,"[3, 8]","[8, 3]",0,0,0,1,0,1,0,0,0,7,31
2024461474550,2024,461474550,561665,173763,0.32466,51.43979,3,3,4,20:45,-1,E07000107,3,2,1,0,2,"[19, 3]",4,2,"[4, 0]",0,0,1,0,0,0,0,0,7,31
2024461474564,2024,461474564,625198,138610,1.21532,51.10254,3,3,5,10:00,-1,E07000108,6,0,1,0,2,"[4, 19]","[5, 7]","[1, 3]",0,0,0,1,1,0,0,0,0,7,25