collision_index,collision_year,collision_ref_no,location_easting_osgr,location_northing_osgr,longitude,latitude,casualty_severity,casualty_severity,day_of_week,time,local_authority_district,local_authority_ons_district,first_road_class,light_conditions,weather_conditions,road_surface_conditions,urban_or_rural_area,vehicle_manoeuvre,vehicle_direction_from,vehicle_direction_to,hit_object_in_carriageway,vehicle_leaving_carriageway,hit_object_off_carriageway,is_car,is_cyle,is_mcyle,is_goodsv,is_other,is_pedestrian,month,day
2024461474568,2024,461474568,564409,172441,0.36349,51.42713,3,3,4,13:30,-1,E07000109,6,0,1,0,1,"[9, 3]",1,5,0,0,0,1,0,0,0,0,0,7,31
2024461474574,2024,461474574,636330,170937,1.39536,51.38823,3,3,4,13:00,-1,E07000114,6,0,1,0,1,4,7,3,0,0,0,1,0,0,0,0,1,7,31
2024461474583,2024,461474583,556595,175851,0.2527,51.45998,3,3,4,09:30,-1,E07000107,3,2,1,0,1,"[19, 4]",6,2,0,0,0,1,0,1,0,0,0,7,31
2024461474599,2024,461474599,628880,140138,1.26879,51.1148,3,3,4,15:12,-1,E07000108,4,0,1,0,2,"[15, 19]",7,3,0,0,0,1,0,0,0,0,0,7,24
2024461474641,2024,461474641,574842,165038,0.50977,51.35751,3,3,6,18:45,-1,E06000035,3,0,1,0,1,19,5,3,0,0,0,1,0,0,0,1,0,7,26
2024461474647,2024,461474647,576918,167234,0.54064,51.37659,3,3,2,21:00,-1,E06000035,6,2,9,-1,1,"[-1, 19]",-1,-1,0,0,0,1,1,0,0,0,0,7,22
2024461474701,2024,461474701,632927,143321,1.32856,51.14174,3,3,5,10:10,-1,E07000108,3,0,1,0,2,19,1,5,0,0,0,1,0,0,0,0,1,8,1
2024461474710,2024,461474710,555829,175123,0.24136,51.45365,3,3,4,09:46,-1,E07000107,3,0,1,0,2,"[19, 4]",2,6,0,0,0,1,0,0,0,0,0,7,31
2024461474910,2024,461474910,578465,156408,0.55743,51.27886,3,3,4,15:02,-1,E07000110,6,0,1,0,1,1,4,8,0,0,0,1,0,0,0,0,1,7,31
2024461474921,2024,461474921,560619,172696,0.30914,51.43051,2,2,5,14:53,-1,E07000107,3,0,1,0,2,"[11, 4]",7,3,0,1,0,1,0,0,1,0,0,7,18
2024461475008,2024,461475008,590664,164709,0.73657,51.34947,3,3,6,14:30,-1,E07000113,6,0,1,0,1,19,4,3,0,0,0,1,0,0,0,0,1,6,28
2024461475030,2024,461475030,610689,166364,1.0247,51.35726,3,3,1,17:00,-1,E07000106,4,0,1,0,1,"[14, 19]",-1,-1,0,0,0,1,0,1,0,0,0,7,28
2024461475048,2024,461475048,558425,139072,0.26271,51.12902,3,3,1,13:35,-1,E07000116,4,0,1,0,1,"[2, 19]","[0, 5]","[0, 4]",0,0,0,1,0,0,0,0,0,7,28
2024461475215,2024,461475215,574460,170359,0.5069,51.40542,3,3,6,09:30,-1,E06000035,3,0,1,0,1,"[14, 2]","[6, 0]","[3, 0]","[4, 0]",0,0,1,0,0,0,0,0,8,2
2024461475316,2024,461475316,598198,142337,0.83224,51.14597,3,3,6,16:42,-1,E07000105,6,0,1,0,1,"[14, 2]","[8, 0]","[4, 0]",0,0,0,1,0,0,0,0,0,8,2
2024461475328,2024,461475328,559327,171515,0.29004,51.42026,2,2,4,17:50,-1,E07000107,4,0,1,0,2,19,5,1,0,0,0,1,0,1,0,0,0,7,31
2024461475345,2024,461475345,561670,140700,0.30977,51.14274,3,3,6,19:30,-1,E07000116,3,0,1,0,2,4,8,4,0,0,0,1,0,0,0,1,0,8,2
2024461475357,2024,461475357,615676,166625,1.09637,51.35774,2,2,6,20:00,-1,E07000106,6,0,1,0,1,19,1,5,10,7,10,0,0,1,0,0,0,8,2
2024461475431,2024,461475431,599993,141691,0.85751,51.13955,3,3,6,14:00,-1,E07000105,6,0,1,0,1,1,3,7,0,0,0,0,0,0,1,0,1,8,2
2024461475432,2024,461475432,588714,176376,0.7148,51.45491,3,3,6,09:15,-1,E06000035,6,0,1,0,2,"[5, 9]","[6, 7]","[4, 8]",0,0,0,1,0,0,0,0,0,8,2
2024461475476,2024,461475476,620992,149300,1.1619,51.20015,2,2,5,17:51,-1,E07000106,6,0,2,1,2,"[10, 19]","[6, 8]","[2, 4]",0,"[0, 7]","[0, 9]",1,0,0,0,0,0,7,25
2024461475520,2024,461475520,622280,150978,1.18134,51.21472,3,3,7,08:20,-1,E07000106,4,0,1,0,2,19,3,3,10,1,1,1,0,0,0,0,0,8,3
2024461475524,2024,461475524,633001,158149,1.33924,51.27482,3,3,7,11:10,-1,E07000108,6,0,1,0,2,7,2,8,0,0,0,1,0,0,0,0,1,8,3
2024461475569,2024,461475569,617707,160420,1.12171,51.30125,3,3,1,09:30,-1,E07000106,3,0,1,0,2,"[7, 4]","[5, 6]","[1, 2]",0,0,0,1,1,0,0,0,0,7,21
2024461475690,2024,461475690,554141,172170,0.2158,51.42758,2,2,1,16:27,-1,E07000107,3,0,1,0,2,"[5, 19]",7,3,0,"[7, 0]",0,1,0,1,0,0,0,7,28
2024461475787,2024,461475787,545321,155164,0.08208,51.27709,3,3,1,12:35,-1,E07000111,1,0,1,0,2,"[4, 19]",3,7,0,0,0,1,0,0,0,0,0,8,4
2024461475789,2024,461475789,615036,135043,1.06827,51.07441,2,"[3, 2]",7,15:00,-1,E07000112,3,0,2,0,1,19,8,4,0,1,0,1,0,0,0,0,0,8,3
2024461475790,2024,461475790,600184,143625,0.86131,51.15685,3,3,7,07:50,-1,E07000105,3,0,2,0,2,19,"[3, 5]","[7, 1]",0,0,0,1,1,0,0,0,0,8,3
2024461475815,2024,461475815,577912,168908,0.55575,51.39132,2,2,1,16:24,-1,E06000035,6,0,1,0,1,"[2, 19]","[0, 7]","[0, 3]",4,0,0,1,0,1,0,0,0,8,4
2024461475864,2024,461475864,604941,161808,0.93964,51.31845,3,3,7,18:36,-1,E07000113,6,0,1,0,2,19,5,1,11,0,0,1,0,0,0,0,0,8,3
2024461475899,2024,461475899,580981,166932,0.59881,51.3726,2,2,1,15:06,-1,E06000035,6,0,1,0,1,"[19, 2]","[8, 0]","[3, 0]",0,7,0,1,0,0,0,0,0,8,4
2024461475901,2024,461475901,573577,162530,0.4904,51.33537,2,2,1,22:30,-1,E07000115,6,2,1,0,2,19,8,4,0,7,0,1,0,0,0,0,0,8,4
2024461475913,2024,461475913,600770,140293,0.86782,51.12672,2,"[3, 2]",2,01:24,-1,E07000105,3,2,1,0,2,19,1,5,10,1,0,1,0,0,0,0,0,8,5
2024461475951,2024,461475951,562291,172943,0.33328,51.43225,3,3,2,08:12,-1,E07000109,4,0,1,0,1,"[5, 19]","[5, 1]","[1, 5]",0,0,0,1,0,1,0,0,0,8,5
2024461476002,2024,461476002,555021,171140,0.228,51.41808,2,2,7,14:10,-1,E07000107,1,0,1,0,2,"[11, 19]",6,2,0,0,0,1,0,1,0,0,0,8,3
2024461476061,2024,461476061,590374,164682,0.73239,51.34932,3,3,2,10:20,-1,E07000113,6,0,1,0,1,19,5,1,0,0,0,1,0,0,0,0,1,8,5
2024461476258,2024,461476258,612412,164995,1.04859,51.34433,2,2,2,19:55,-1,E07000106,6,0,1,0,1,"[5, 19]","[5, 4]","[3, 7]",0,0,0,1,0,0,0,1,0,8,5
2024461476277,2024,461476277,561184,174827,0.31823,51.44949,3,3,2,16:29,-1,E07000107,6,0,1,0,1,"[4, 7]","[1, 5]","[5, 1]",0,"[0, 1]",0,1,0,0,0,0,0,8,5
2024461476299,2024,461476299,562024,172368,0.32918,51.42716,3,3,2,23:40,-1,E07000107,3,2,1,0,2,"[4, 19]",1,5,0,0,0,1,0,0,0,0,0,8,5
2024461476307,2024,461476307,631512,158610,1.31823,51.27956,3,3,3,02:45,-1,E07000108,3,2,1,0,2,19,7,3,7,0,0,1,0,0,0,0,0,8,6
2024461476365,2024,461476365,559235,172353,0.28909,51.42781,3,3,3,18:00,-1,E07000107,6,0,1,0,2,19,"[3, 7]","[7, 3]",0,0,0,1,0,1,0,0,0,7,30
2024461476425,2024,461476425,551242,156669,0.16755,51.28908,2,2,3,06:10,-1,E07000111,3,0,1,0,1,19,"[6, 5]","[4, 1]",0,0,0,1,1,0,0,0,0,7,30
2024461476487,2024,461476487,634979,170702,1.37582,51.38668,3,3,3,16:47,-1,E07000114,6,0,1,0,2,8,5,1,0,0,0,1,0,0,0,0,1,7,30
2024461476520,2024,461476520,574833,160640,0.50748,51.318,3,3,3,10:10,-1,E07000115,6,0,1,0,2,"[19, 5]","[3, 4]","[7, 8]",0,0,0,1,0,0,0,0,0,8,6
2024461476573,2024,461476573,602941,161040,0.91054,51.31227,3,3,3,13:38,-1,E07000113,6,0,1,0,2,"[7, 19]","[1, 3]","[3, 7]",0,0,0,1,0,0,0,0,0,8,6
2024461476598,2024,461476598,613437,143082,1.05023,51.14719,1,1,2,15:55,-1,E07000112,4,0,1,0,2,"[19, 4, 2]","[1, 5, 0]","[5, 1, 0]",0,0,0,1,0,1,0,1,0,8,5
2024461476660,2024,461476660,622237,135763,1.17134,51.07813,2,2,3,15:44,-1,E07000112,3,0,1,0,1,"[5, 19]","[6, 5]","[3, 1]",0,0,0,1,0,0,0,0,0,8,6
2024461476707,2024,461476707,578373,153176,0.5545,51.24986,3,3,4,13:24,-1,E07000110,6,0,1,0,1,"[3, 19, 10]",1,5,"[0, 4]",0,0,1,0,0,0,0,0,7,24
2024461476718,2024,461476718,599207,135726,0.843,51.08625,3,3,3,12:20,-1,E07000105,6,0,1,0,2,"[19, 13]","[5, 1]","[1, 5]",0,"[1, 0]",0,1,0,0,0,0,0,8,6
2024461476837,2024,461476837,601792,157143,0.89188,51.27768,3,3,4,06:45,-1,E07000113,6,0,1,0,2,19,3,7,0,0,0,1,0,0,0,0,0,8,7
2024461476874,2024,461476874,573667,159298,0.49011,51.3063,2,2,4,09:07,-1,E07000115,6,0,1,0,2,19,7,3,0,0,0,0,0,1,1,0,0,8,7
2024461476885,2024,461476885,551286,156510,0.16811,51.28764,3,3,3,08:57,-1,E07000111,3,0,1,0,1,19,"[1, 5]","[5, 1]",0,0,0,1,0,0,0,0,0,8,6
2024461476895,2024,461476895,599977,143475,0.85827,51.15558,3,3,4,12:00,-1,E07000105,3,0,1,0,2,"[2, 19]",5,1,0,0,0,1,0,0,0,1,0,8,7
2024461476905,2024,461476905,590894,163320,0.73912,51.33692,3,3,4,10:45,-1,E07000113,6,0,1,0,1,"[4, 19]",5,1,0,0,0,1,0,0,0,0,0,8,7
2024461477140,2024,461477140,558681,138888,0.26628,51.1273,2,2,3,15:45,-1,E07000116,6,0,1,0,1,1,1,5,0,0,0,1,0,0,0,0,1,7,30
2024461477180,2024,461477180,564881,174236,0.37111,51.44312,3,3,6,15:03,-1,E07000109,6,0,1,0,1,19,4,5,0,0,0,1,0,0,0,0,1,7,26
2024461477205,2024,461477205,578569,143602,0.55255,51.16379,3,3,7,11:35,-1,E07000110,3,0,1,0,2,"[13, 19]",1,5,0,0,0,1,1,0,0,0,0,8,3
2024461477222,2024,461477222,631727,141639,1.31036,51.12713,3,3,5,09:27,-1,E07000108,6,0,1,0,1,1,7,3,0,0,0,1,0,0,0,0,1,8,8
2024461477357,2024,461477357,561579,140767,0.3085,51.14337,3,3,5,09:24,-1,E07000116,3,2,1,0,2,19,8,4,0,0,0,1,0,0,1,0,0,8,8
2024461477366,2024,461477366,622694,136055,1.17804,51.08058,3,3,5,12:00,-1,E07000112,3,0,1,0,1,19,5,3,0,0,0,1,0,0,0,0,1,8,1
2024461477478,2024,461477478,576522,155469,0.52914,51.27103,3,3,5,18:14,-1,E07000110,6,0,1,1,1,19,1,6,0,0,0,1,0,0,0,0,1,8,8
2024461477490,2024,461477490,575374,155396,0.51266,51.27073,3,3,5,15:09,-1,E07000110,3,0,1,0,1,"[19, 11]","[5, 4]",1,"[0, -1]","[0, -1]",0,1,0,1,0,0,0,8,8
2024461477494,2024,461477494,575679,151295,0.51502,51.2338,2,2,5,17:17,-1,E07000110,3,0,2,1,1,"[5, 15]",1,5,0,0,0,1,0,1,0,0,0,8,8
2024461477585,2024,461477585,588882,133872,0.69478,51.07309,3,3,5,13:10,-1,E07000105,4,0,1,0,2,19,1,3,0,0,0,1,0,0,0,0,0,8,8
2024461477586,2024,461477586,571669,146014,0.45511,51.18757,3,3,5,17:00,-1,E07000110,4,0,9,0,2,"[3, 19]","[1, 5]","[5, 1]",0,0,0,1,0,0,0,0,0,8,1
2024461477593,2024,461477593,614941,157927,1.08059,51.27992,3,3,3,14:55,-1,E07000106,6,0,2,1,1,2,1,7,0,0,0,1,0,0,0,0,1,7,2
2024461477598,2024,461477598,573105,168973,0.48676,51.39339,3,3,6,18:45,-1,E06000035,6,0,1,0,1,19,5,"[1, 7]",0,0,0,1,0,0,0,0,0,8,2
2024461477600,2024,461477600,568492,150213,0.41166,51.22624,3,3,4,15:20,-1,E07000110,4,0,1,0,2,19,"[7, 3]","[3, 7]",0,0,0,1,0,0,1,0,0,7,31
2024461477603,2024,461477603,637698,152352,1.40261,51.22085,3,3,5,12:15,-1,E07000108,6,0,1,0,1,-1,-1,-1,0,1,0,1,0,0,0,0,1,8,1
2024461477612,2024,461477612,588084,152686,0.69323,51.24234,3,3,1,13:03,-1,E07000110,3,0,1,0,2,13,3,7,10,0,0,0,0,1,0,0,0,8,4
2024461477663,2024,461477663,574873,171441,0.51336,51.41502,3,3,4,19:30,-1,E06000035,6,0,1,0,1,"[19, 5]","[3, 5]","[7, 1]",0,0,0,1,1,0,0,0,0,7,31
2024461477670,2024,461477670,637829,152420,1.40453,51.2214,3,3,6,10:40,-1,E07000108,3,0,1,0,1,"[2, 19]","[0, 5]","[0, 1]",0,0,0,1,1,0,0,0,0,8,2
2024461477807,2024,461477807,566276,170885,0.38959,51.41261,2,2,6,12:45,-1,E07000109,6,0,1,0,1,5,3,7,0,0,0,1,0,0,0,0,1,8,9
2024461477810,2024,461477810,599438,143502,0.85059,51.15601,3,3,5,11:10,-1,E07000105,6,0,1,0,2,19,5,1,0,0,0,1,0,0,0,0,1,8,1
2024461477854,2024,461477854,580475,137663,0.5768,51.10985,3,3,5,18:40,-1,E07000116,3,0,1,0,2,19,8,3,0,0,0,1,0,0,0,0,0,8,8
2024461477855,2024,461477855,600767,142585,0.86906,51.14731,3,3,5,17:50,-1,E07000105,3,0,1,0,1,"[19, 3]",4,8,0,0,0,1,0,0,0,0,0,8,8
2024461477861,2024,461477861,630123,169182,1.30517,51.37503,3,3,6,16:20,-1,E07000114,6,0,1,0,1,19,8,4,0,0,0,1,0,0,0,0,1,8,9
2024461477889,2024,461477889,636081,171327,1.39204,51.39184,3,3,6,17:02,-1,E07000114,4,0,1,0,1,"[19, 5]","[3, 7]","[3, 8]",0,"[1, 0]",0,1,0,1,0,0,0,8,9
2024461477939,2024,461477939,550608,159488,0.15965,51.31458,3,3,6,19:00,-1,E07000111,1,0,1,0,2,"[19, 11]",1,5,0,"[0, 2]",0,1,0,0,1,0,0,8,9
2024461477971,2024,461477971,627675,166815,1.26854,51.35477,3,3,6,20:34,-1,E07000114,3,2,1,0,2,19,4,8,0,0,0,0,0,1,0,0,0,8,9
2024461477985,2024,461477985,574147,167906,0.5012,51.38348,3,3,6,20:28,-1,E06000035,6,0,1,0,1,"[1, 3]",4,8,0,0,0,1,0,0,0,0,0,8,9
2024461478050,2024,461478050,607453,152766,0.97039,51.23635,3,3,6,12:30,-1,E07000105,3,0,1,0,2,"[13, 19]",5,1,0,0,0,0,0,0,0,1,0,8,9
2024461478140,2024,461478140,622375,135936,1.17342,51.07963,3,3,7,09:13,-1,E07000112,6,0,1,0,1,19,"[5, 7]","[1, 3]",0,0,0,1,0,0,0,0,0,8,10
2024461478153,2024,461478153,622474,135845,1.17477,51.07878,2,2,7,08:32,-1,E07000112,3,0,1,0,1,19,3,7,0,7,0,1,0,0,0,0,0,8,10
2024461478251,2024,461478251,569505,169519,0.43533,51.39938,2,2,7,18:20,-1,E07000109,3,0,1,0,2,19,4,8,"[10, 7]","[0, 1]",0,1,0,0,0,0,0,8,10
2024461478258,2024,461478258,635099,144846,1.36055,51.15454,2,2,7,18:41,-1,E07000108,6,0,1,0,2,19,6,3,0,0,0,1,0,0,0,0,0,8,10
2024461478268,2024,461478268,567788,137426,0.39563,51.11157,2,"[3, 2]",7,16:24,-1,E07000116,3,0,1,0,2,19,"[3, 7]","[7, 3]",0,"[8, 7, 0]",0,1,0,0,0,0,0,8,10
2024461478273,2024,461478273,635911,171350,1.38962,51.39211,2,2,7,19:26,-1,E07000114,4,0,1,0,1,19,3,7,0,0,0,1,0,0,0,0,1,8,10
2024461478277,2024,461478277,572826,158450,0.47765,51.29894,2,"[3, 2]",6,17:55,-1,E07000115,1,0,1,0,2,"[19, 11]","[8, 7]","[3, 4]",0,0,0,1,0,0,0,0,0,8,9
2024461478407,2024,461478407,596210,147610,0.80673,51.19402,2,2,7,15:53,-1,E07000105,6,0,1,0,2,"[9, 19]","[7, 4]","[3, 8]",0,0,0,1,0,1,0,0,0,8,10
2024461478460,2024,461478460,615885,159618,1.09513,51.29475,3,3,1,13:00,-1,E07000106,6,0,1,0,1,19,2,6,0,7,2,1,0,0,0,0,0,8,11
2024461478462,2024,461478462,572882,166458,0.48234,51.37086,2,"[3, 2]",7,16:05,-1,E06000035,1,0,1,0,1,19,4,8,0,"[5, 0]",0,1,0,1,0,0,0,8,10
2024461478469,2024,461478469,553459,139510,0.19198,51.13431,2,2,1,11:24,-1,E07000116,4,0,1,0,2,19,8,5,0,1,0,0,0,1,0,0,0,8,11
2024461478488,2024,461478488,547676,155274,0.11587,51.27748,2,2,1,10:06,-1,E07000111,3,0,1,0,2,19,7,3,10,1,0,0,1,0,0,0,0,8,11
2024461478590,2024,461478590,570686,153420,0.44458,51.2544,3,3,1,18:45,-1,E07000110,4,0,1,0,2,"[19, 7]","[3, 4]",7,0,0,0,1,0,0,0,0,0,8,11
2024461478627,2024,461478627,585810,167235,0.66826,51.37376,3,3,1,22:14,-1,E07000113,6,2,1,0,2,"[3, 7]","[7, 1]","[3, 5]",0,0,0,1,0,0,0,0,0,8,11
2024461478647,2024,461478647,570042,132271,0.42538,51.06459,2,"[2, 3]",7,07:30,-1,E07000116,6,0,2,0,2,"[4, 19]",5,3,0,0,0,1,0,0,0,0,0,8,3
2024461478749,2024,461478749,566274,172914,0.39051,51.43083,3,3,3,16:15,-1,E07000109,6,0,9,0,1,-1,-1,-1,-1,-1,0,1,0,0,0,0,1,7,9
2024461478789,2024,461478789,552322,172620,0.18985,51.43211,2,2,6,07:52,-1,E07000107,6,0,1,1,2,19,8,4,0,0,0,1,0,0,0,0,1,6,14
2024461478886,2024,461478886,626882,158296,1.25176,51.27861,3,3,2,16:00,-1,E07000108,3,0,1,0,2,"[5, 4]",7,3,0,0,0,1,0,0,0,0,0,8,12
2024461478912,2024,461478912,603221,134092,0.89932,51.07017,2,"[2, 3]",2,14:06,-1,E07000105,4,0,1,0,2,19,"[1, 5]","[5, 1]",0,0,0,0,0,1,1,0,0,8,12
2024461478942,2024,461478942,553428,151741,0.19676,51.24421,3,3,2,17:38,-1,E07000111,3,0,1,0,2,"[19, 2]","[5, 0]","[1, 0]",0,"[7, 0]",0,1,0,0,0,1,0,8,12
2024461478944,2024,461478944,590871,173105,0.74405,51.42481,3,3,5,17:30,-1,E07000113,3,0,1,0,2,19,"[5, 3]","[1, 7]",0,0,0,1,1,0,0,0,0,7,25
2024461478993,2024,461478993,637017,171403,1.40552,51.39213,3,3,1,15:30,-1,E07000114,6,0,1,0,2,19,3,7,0,0,0,0,0,1,0,0,1,8,11
2024461479019,2024,461479019,621208,137559,1.15777,51.09465,2,"[3, 2]",1,13:00,-1,E07000112,1,0,1,0,2,19,3,7,0,0,0,1,0,0,0,0,0,8,4
2024461479042,2024,461479042,576880,167260,0.54011,51.37684,3,3,6,22:47,-1,E06000035,3,2,1,0,1,5,4,8,0,0,0,0,0,0,1,0,1,8,2
2024461479070,2024,461479070,570110,161028,0.43996,51.32292,3,3,4,17:00,-1,E07000115,6,0,1,0,1,"[9, 15]",-1,-1,0,"[0, 1]",0,1,0,1,0,0,0,7,31
2024461479071,2024,461479071,585135,138425,0.64369,51.11521,3,3,2,13:00,-1,E07000105,3,0,1,0,2,"[19, 3]",5,1,0,0,0,1,0,0,0,0,0,8,12
2024461479087,2024,461479087,638353,165440,1.4207,51.33805,3,3,3,16:07,-1,E07000114,3,0,1,0,1,19,3,7,0,0,0,1,0,0,0,0,1,7,30
2024461479136,2024,461479136,579066,144453,0.56007,51.17128,3,3,1,12:00,-1,E07000110,6,0,1,0,2,19,"[5, 1]","[1, 5]",0,0,0,1,0,0,0,0,0,6,9
2024461479182,2024,461479182,638267,164914,1.41911,51.33336,3,3,7,15:28,-1,E07000114,6,0,1,0,1,"[4, 2]","[4, 0]","[4, 0]","[4, 0]","[0, 7]","[0, 10]",1,0,0,0,0,1,8,3
2024461479192,2024,461479192,591729,137130,0.7371,51.10141,3,3,3,11:02,-1,E07000105,6,0,1,0,2,19,7,"[2, 7]",0,"[1, 0]","[3, 0]",1,0,0,0,0,0,8,13
2024461479240,2024,461479240,638258,165440,1.41933,51.33809,3,3,1,11:15,-1,E07000114,3,0,1,0,1,"[3, 19, 4]",7,3,0,0,0,1,0,0,0,0,0,8,11
2024461479263,2024,461479263,555862,172845,0.24083,51.43317,2,2,2,17:30,-1,E07000107,6,0,1,0,2,"[5, 19]","[7, 1]","[1, 5]",0,0,0,1,0,1,0,0,0,8,12
2024461479392,2024,461479392,586297,134460,0.65823,51.07921,3,3,2,19:14,-1,E07000105,6,0,1,0,2,19,7,3,11,0,0,1,0,0,0,0,0,8,12
2024461479398,2024,461479398,638921,167985,1.43054,51.36065,2,2,2,15:49,-1,E07000114,3,0,1,0,1,"[9, 19]",3,7,0,0,0,1,0,1,0,0,0,8,12
2024461479406,2024,461479406,637868,165596,1.41385,51.33965,2,2,2,21:00,-1,E07000114,3,2,1,0,1,19,5,1,0,0,0,1,0,0,0,0,1,8,12
2024461479433,2024,461479433,577277,168513,0.54644,51.38797,2,"[3, 2]",3,16:37,-1,E06000035,3,0,1,0,1,"[19, 9]","[3, 1]",7,0,0,0,1,0,0,1,0,0,8,13
2024461479441,2024,461479441,575007,169915,0.51454,51.40127,3,3,3,18:36,-1,E06000035,6,0,1,0,1,"[7, 19]","[3, 1]",5,0,"[1, 0]",0,1,0,0,0,0,0,8,13
2024461479470,2024,461479470,569635,158579,0.43198,51.30106,3,3,3,09:15,-1,E07000115,6,0,1,0,1,"[19, 9]","[3, 5]",1,0,0,0,1,0,0,0,0,0,8,6
2024461479554,2024,461479554,574721,163382,0.50722,51.34267,3,3,1,16:00,-1,E07000115,3,0,1,0,2,"[19, 4]",1,5,0,0,0,1,0,1,0,0,0,8,4
2024461479569,2024,461479569,553576,169124,0.20636,51.40036,3,3,2,07:10,-1,E07000111,1,0,1,0,2,19,2,6,0,0,0,1,0,0,0,0,0,7,1
2024461479652,2024,461479652,568538,159660,0.41677,51.3111,2,2,3,12:45,-1,E07000115,1,0,1,0,2,19,7,3,0,0,0,1,0,0,0,0,0,8,13
2024461479798,2024,461479798,629857,169701,1.30169,51.37979,2,2,4,18:41,-1,E07000114,6,0,1,0,1,19,"[1, 5]","[5, 1]",0,0,0,1,0,1,0,0,0,8,14
2024461479808,2024,461479808,577582,166964,0.55004,51.37396,3,3,4,18:30,-1,E06000035,3,0,1,0,1,"[14, 5]","[0, 1]","[0, 7]",0,0,0,1,0,1,0,0,0,8,14
2024461479835,2024,461479835,591919,170003,0.75742,51.39659,3,3,4,22:10,-1,E07000113,4,2,1,0,2,"[19, 13]",2,"[4, 6]",0,0,0,1,0,0,0,0,0,8,14
2024461479912,2024,461479912,573557,158849,0.48832,51.3023,3,3,3,10:10,-1,E07000115,6,0,1,0,1,19,4,2,0,0,0,1,0,0,0,0,1,8,6
2024461479919,2024,461479919,593023,139980,0.75708,51.12657,2,"[3, 2]",5,07:00,-1,E07000105,3,0,1,0,2,"[9, 19]","[1, 4]","[2, 8]","[0, 11]",0,0,1,0,0,0,0,0,8,15
2024461480089,2024,461480089,576303,155765,0.52615,51.27376,1,"[1, 2]",5,10:38,-1,E07000110,6,0,1,0,1,5,1,6,0,0,0,1,0,0,0,0,1,8,15
2024461480134,2024,461480134,637612,164559,1.40949,51.33045,2,2,6,07:00,-1,E07000114,6,0,9,0,1,19,7,3,10,1,11,0,1,0,0,0,0,8,9
2024461480226,2024,461480226,567405,147166,0.39469,51.19919,3,3,5,17:54,-1,E07000110,4,0,1,0,2,19,5,1,11,7,2,1,0,0,0,0,0,8,15
2024461480228,2024,461480228,560412,174337,0.30691,51.44531,3,3,5,19:01,-1,E07000107,6,0,1,0,1,7,7,5,7,0,0,1,0,0,0,0,0,8,15
2024461480286,2024,461480286,591236,163718,0.74424,51.34038,3,3,6,01:30,-1,E07000113,3,2,2,1,1,19,"[0, 4]","[0, 6]",0,0,0,1,0,0,0,0,0,8,16
2024461480299,2024,461480299,600191,160904,0.87106,51.31202,3,3,2,16:57,-1,E07000113,3,0,1,0,1,19,4,"[3, 5]",0,0,0,1,0,0,0,0,0,7,15
2024461480310,2024,461480310,576175,167474,0.5301,51.37898,3,3,3,22:20,-1,E06000035,3,2,1,0,1,"[5, 10]",3,7,0,0,0,1,0,1,0,0,0,8,6
2024461480319,2024,461480319,576471,167421,0.53432,51.37841,3,3,4,07:45,-1,E06000035,6,0,1,0,1,19,5,1,0,0,0,1,1,0,0,0,0,7,17
2024461480322,2024,461480322,622803,135762,1.17941,51.0779,2,2,6,19:47,-1,E07000112,6,0,1,0,1,19,"[4, 5]","[5, 4]",0,0,0,1,0,0,0,0,0,7,19
2024461480323,2024,461480323,603752,141702,0.91118,51.13832,3,3,2,14:16,-1,E07000105,3,0,1,0,2,"[9, 19]",2,3,0,0,0,1,0,1,0,0,0,5,20
2024461480351,2024,461480351,553241,159477,0.1974,51.31377,3,3,4,10:55,-1,E07000111,3,0,1,0,2,"[19, 15]",7,2,0,0,0,1,1,0,0,0,0,8,7
2024461480401,2024,461480401,559036,175178,0.2875,51.45325,3,3,6,12:30,-1,E07000107,6,0,1,0,1,19,"[1, 5]","[5, 1]",0,0,0,1,1,0,0,0,0,8,9
2024461480410,2024,461480410,576771,167336,0.53859,51.37755,3,3,6,09:36,-1,E06000035,3,0,1,0,1,19,1,5,0,0,0,1,0,0,0,0,1,8,9
2024461480420,2024,461480420,580497,145061,0.58082,51.17629,3,3,1,13:10,-1,E07000110,6,0,1,0,2,19,"[1, 5]","[5, 1]",0,0,0,1,1,0,0,0,0,8,11
2024461480438,2024,461480438,574532,149098,0.49754,51.21441,3,3,6,06:50,-1,E07000110,6,0,1,1,2,19,"[5, 1]","[1, 5]",0,0,0,1,0,0,0,0,0,8,16
2024461480470,2024,461480470,585255,162505,0.65784,51.33146,3,3,2,07:09,-1,E07000113,1,0,1,0,2,"[19, 7]",4,"[8, 2]",0,0,0,1,0,0,0,0,0,7,15
2024461480499,2024,461480499,599132,136889,0.84257,51.09672,3,3,6,13:29,-1,E07000105,6,0,1,0,2,19,"[2, 7]","[6, 3]",0,0,0,1,0,0,0,0,0,8,16
2024461480542,2024,461480542,552779,154792,0.18877,51.2718,3,3,6,15:24,-1,E07000111,6,0,1,0,1,19,"[2, 7]","[7, 2]",0,0,0,1,0,0,0,0,0,8,16
2024461480589,2024,461480589,565813,173830,0.38432,51.4392,3,3,6,17:41,-1,E07000109,6,0,1,0,1,"[2, 19, 7]","[0, 1, 4]","[0, 5, 2]",0,0,0,1,1,0,0,0,0,8,16
2024461480632,2024,461480632,554010,155885,0.20687,51.28129,3,3,4,18:42,-1,E07000111,6,0,1,0,2,19,4,8,0,0,0,1,0,0,0,0,0,8,14