collision_index,collision_year,collision_ref_no,location_easting_osgr,location_northing_osgr,longitude,latitude,casualty_severity,casualty_severity,day_of_week,time,local_authority_district,local_authority_ons_district,first_road_class,light_conditions,weather_conditions,road_surface_conditions,urban_or_rural_area,vehicle_manoeuvre,vehicle_direction_from,vehicle_direction_to,hit_object_in_carriageway,vehicle_leaving_carriageway,hit_object_off_carriageway,is_car,is_cyle,is_mcyle,is_goodsv,is_other,is_pedestrian,month,day
2024461480653,2024,461480653,600317,170700,0.87838,51.39995,3,3,6,22:47,-1,E07000113,4,2,1,0,2,19,3,7,0,0,0,1,0,0,0,0,0,8,16
2024461480693,2024,461480693,556837,176061,0.25627,51.4618,2,2,7,03:00,-1,E07000107,3,2,1,0,2,19,5,1,0,7,7,1,0,0,0,0,0,8,17
2024461480696,2024,461480696,599863,162415,0.86721,51.32571,2,2,6,21:22,-1,E07000113,6,2,1,0,2,19,6,2,0,0,0,1,0,0,0,0,0,8,16
2024461480730,2024,461480730,617541,161242,1.11983,51.3087,3,3,6,12:33,-1,E07000106,6,0,1,0,2,"[19, 2]","[3, 2, 0]","[7, 6, 0]","[0, 4]","[0, 1]","[0, 11]",1,0,0,0,0,0,8,16
2024461480891,2024,461480891,558235,164413,0.27118,51.35676,3,3,7,19:15,-1,E07000111,1,0,1,0,2,"[13, 19]",5,1,0,0,0,1,0,0,1,0,0,8,17
2024461480896,2024,461480896,581787,167398,0.61061,51.37653,2,"[3, 2]",6,19:30,-1,E06000035,4,0,1,0,1,"[19, 2]","[3, 0, 7]","[7, 0, 3]","[0, 4]",0,0,1,0,0,0,0,0,8,16
2024461480930,2024,461480930,550214,163235,0.15558,51.34835,3,3,7,22:40,-1,E07000111,1,2,1,0,2,19,5,1,0,1,0,1,0,0,0,0,0,8,17
2024461480959,2024,461480959,601672,138672,0.87979,51.11185,3,3,1,00:26,-1,E07000105,3,2,1,0,2,19,6,1,7,3,1,1,0,0,0,0,0,8,18
2024461480962,2024,461480962,571271,152490,0.45251,51.24587,3,3,1,04:02,-1,E07000110,4,2,1,0,2,19,5,1,0,2,0,1,0,0,0,0,0,8,18
2024461481030,2024,461481030,630470,168029,1.3094,51.36454,3,3,3,22:58,-1,E07000114,4,2,1,0,2,19,5,1,0,0,0,1,0,0,0,0,0,8,13
2024461481049,2024,461481049,564122,171348,0.35886,51.41739,3,3,1,10:50,-1,E07000109,3,0,1,0,2,19,2,6,0,0,0,1,0,1,0,0,0,8,18
2024461481090,2024,461481090,638314,168046,1.42188,51.36146,2,2,6,08:09,-1,E07000114,3,0,1,0,1,5,7,3,0,0,0,1,0,0,0,0,1,6,28
2024461481115,2024,461481115,636499,167788,1.39569,51.3599,3,3,6,10:09,-1,E07000114,3,0,1,0,1,5,"[8, 4]","[4, 6]",0,0,0,1,0,1,0,0,0,8,16
2024461481125,2024,461481125,635357,171157,1.38154,51.39061,3,3,7,15:35,-1,E07000114,4,0,1,0,1,"[19, 4]",5,1,0,0,0,1,0,0,0,0,0,8,17
2024461481126,2024,461481126,614285,157142,1.07073,51.27312,2,2,1,17:48,-1,E07000106,3,0,1,0,1,19,3,7,0,0,0,1,0,0,0,0,1,8,18
2024461481146,2024,461481146,579458,152150,0.56952,51.2403,2,2,1,17:53,-1,E07000110,3,0,1,0,2,19,3,7,0,0,0,0,0,1,0,0,0,8,18
2024461481166,2024,461481166,574634,167655,0.50807,51.38108,3,3,7,07:15,-1,E06000035,6,0,8,0,1,"[2, 19, 7]","[0, 5, 6]","[0, 5, 6]",0,"[0, 7]",0,1,0,0,0,0,0,8,17
2024461481218,2024,461481218,576820,167091,0.53917,51.37534,2,2,1,07:40,-1,E06000035,6,0,1,0,1,19,6,2,0,0,0,1,0,1,0,0,0,8,18
2024461481226,2024,461481226,635395,170841,1.38188,51.38776,2,2,3,17:29,-1,E07000114,4,0,1,0,1,"[1, 2]","[5, 3]","[3, 5]",0,0,0,1,0,0,0,0,0,8,6
2024461481229,2024,461481229,547074,158755,0.10868,51.30891,3,3,4,11:10,-1,E07000111,6,0,1,0,2,"[9, 19]",-1,-1,0,0,0,1,1,0,0,0,0,8,14
2024461481242,2024,461481242,574430,155029,0.49896,51.26772,3,3,2,13:10,-1,E07000110,6,0,8,0,1,"[-1, 19]",-1,-1,0,0,0,1,0,0,0,0,0,8,12
2024461481244,2024,461481244,618046,159736,1.12615,51.29498,3,3,7,17:30,-1,E07000106,6,0,1,0,2,"[3, 1]","[5, 3]","[3, 7]",0,0,0,0,0,1,1,0,0,8,10
2024461481339,2024,461481339,625964,145497,1.23056,51.16407,3,3,2,08:00,-1,E07000108,6,0,1,0,2,"[9, 19]","[7, 4]","[3, 8]",0,0,0,1,0,1,0,0,0,8,19
2024461481428,2024,461481428,578955,129003,0.55083,51.03253,3,3,5,13:59,-1,E07000116,3,0,1,0,2,"[3, 19]",4,8,0,0,0,1,0,0,0,0,0,8,1
2024461481482,2024,461481482,562644,173935,0.33881,51.44106,2,2,2,13:10,-1,E07000109,6,0,1,0,1,"[3, 19]","[1, 5]","[5, 1]",0,0,0,1,0,0,0,0,0,8,19
2024461481635,2024,461481635,604799,124760,0.91654,50.9858,2,2,6,13:30,-1,E07000112,3,0,1,0,2,"[19, 7]",3,7,0,0,0,1,0,0,0,0,0,8,9
2024461481642,2024,461481642,615458,157394,1.08767,51.27494,2,2,1,16:32,-1,E07000106,3,0,1,0,1,19,3,4,0,0,0,1,0,0,0,0,1,8,11
2024461481646,2024,461481646,611818,155957,1.03471,51.2634,3,3,4,22:14,-1,E07000106,3,2,1,0,2,"[19, 9]","[6, 8]","[2, 6]","[0, -1]","[0, -1]",0,1,0,1,0,0,0,8,14
2024461481682,2024,461481682,638150,168848,1.42007,51.36872,3,3,2,14:30,-1,E07000114,6,0,1,0,1,"[19, 3]",3,4,0,0,0,1,0,1,0,0,0,8,12
2024461481802,2024,461481802,551228,168008,0.17216,51.39097,3,3,3,12:15,-1,E07000111,6,0,1,0,1,19,2,6,0,0,0,1,1,0,0,0,0,8,20
2024461481877,2024,461481877,619264,137211,1.12984,51.09227,2,2,3,10:11,-1,E07000112,3,0,1,0,2,"[3, 19]",7,3,0,0,0,1,0,0,0,0,0,8,20
2024461481879,2024,461481879,564698,174156,0.36844,51.44245,3,3,3,14:05,-1,E07000109,6,0,1,0,1,19,3,7,0,0,0,0,0,0,0,0,1,8,20
2024461481891,2024,461481891,560261,148412,0.29308,51.21243,3,3,3,11:55,-1,E07000115,6,0,1,0,1,"[19, 9]","[3, 5]","[7, 4]",0,0,0,1,0,0,0,0,0,8,20
2024461482037,2024,461482037,613522,165788,1.06498,51.35104,3,3,4,00:10,-1,E07000106,6,2,1,0,1,19,5,1,0,1,0,0,1,0,0,0,0,8,21
2024461482040,2024,461482040,571448,165362,0.46123,51.36145,2,"[3, 2]",4,02:00,-1,E07000115,6,2,1,0,2,19,1,5,10,2,0,1,0,0,0,0,0,8,21
2024461482042,2024,461482042,631510,167954,1.32426,51.36344,3,3,7,16:08,-1,E07000114,6,0,1,0,2,19,"[6, 2]","[2, 6]",0,"[1, 0]",0,1,0,0,0,0,0,8,17
2024461482055,2024,461482055,556495,175725,0.2512,51.45887,2,2,2,14:43,-1,E07000107,3,0,1,0,1,"[19, 4]",4,2,0,0,0,1,0,0,0,0,0,8,12
2024461482064,2024,461482064,558380,172685,0.27695,51.43104,3,3,3,11:02,-1,E07000107,3,0,1,0,2,"[19, 11]",7,3,0,2,0,1,0,0,0,0,0,8,20
2024461482106,2024,461482106,564152,171502,0.35936,51.41877,3,3,4,14:15,-1,E07000109,3,0,1,0,2,"[19, 10]","[5, 7]",4,0,0,0,1,0,1,0,0,0,8,14
2024461482192,2024,461482192,597180,140836,0.81688,51.13284,3,3,4,11:15,-1,E07000105,3,0,1,0,2,19,"[2, 6]","[6, 2]",0,"[0, 7]","[0, 10]",1,0,0,1,0,0,5,15
2024461482466,2024,461482466,557703,174120,0.26786,51.44412,3,3,6,16:18,-1,E07000107,6,0,1,0,1,"[5, 2]","[7, 0]","[7, 0]","[4, 0]",0,0,1,0,0,0,0,1,8,16
2024461482629,2024,461482629,575522,158090,0.5161,51.29488,3,3,4,15:07,-1,E07000110,6,0,1,0,1,"[19, 1]","[5, 3]","[1, 7]",0,0,0,1,0,0,0,0,0,6,26
2024461482725,2024,461482725,579994,164444,0.58338,51.35056,2,"[2, 3]",5,14:39,-1,E06000035,6,0,1,0,1,"[5, 2]","[5, 0]","[1, 0]","[4, 0]","[0, 1]",0,1,0,0,0,0,1,8,22
2024461482746,2024,461482746,638201,165071,1.41827,51.3348,2,2,4,14:15,-1,E07000114,6,0,1,0,1,2,1,5,0,0,0,1,0,0,0,0,1,8,21
2024461482852,2024,461482852,626168,152120,1.23764,51.22344,2,2,5,23:00,-1,E07000108,6,2,1,0,2,"[2, 19]","[7, 6]","[7, 2]","[0, 4]",0,0,1,0,0,0,0,0,8,22
2024461482863,2024,461482863,623039,137282,1.18371,51.09146,3,3,4,12:03,-1,E07000112,6,0,1,0,1,"[11, 19]","[3, 7]","[7, 3]",0,0,0,1,0,0,0,0,0,8,14
2024461482869,2024,461482869,635356,144886,1.36425,51.1548,2,"[2, 3]",4,08:45,-1,E07000108,6,0,1,0,2,"[19, 3]",6,"[4, 2]",0,0,0,1,0,0,0,0,0,8,14
2024461482870,2024,461482870,615206,157597,1.08419,51.27686,3,3,5,16:29,-1,E07000106,3,0,1,0,1,"[7, 19]","[1, 7]","[1, 8]",0,0,0,1,0,1,0,0,0,8,8
2024461482873,2024,461482873,555704,173414,0.23881,51.43833,3,3,6,22:15,-1,E07000107,3,2,1,0,1,"[4, 19]",3,7,0,0,0,1,0,0,0,0,0,8,16
2024461482874,2024,461482874,592777,171285,0.77044,51.40782,3,3,6,07:15,-1,E07000113,3,0,5,1,2,19,1,5,0,1,0,0,0,0,1,0,0,8,23
2024461482882,2024,461482882,566446,171487,0.39232,51.41796,3,3,5,15:45,-1,E07000109,6,0,1,0,1,"[2, 19]",-1,-1,0,"[0, -1]",0,1,1,0,0,0,0,8,15
2024461482894,2024,461482894,570893,158473,0.44996,51.29973,3,3,6,11:30,-1,E07000115,6,0,1,0,1,"[3, 19]","[1, 3]","[5, 7]",0,0,0,1,0,0,0,0,0,7,19
2024461483003,2024,461483003,582424,154803,0.61331,51.26319,2,2,6,08:16,-1,E07000110,1,0,1,1,2,"[9, 7]",3,3,0,0,0,1,0,1,0,0,0,8,23
2024461483005,2024,461483005,564407,172415,0.36345,51.4269,3,3,6,07:52,-1,E07000109,3,0,8,1,1,"[4, 19]",5,1,0,0,0,1,0,0,0,1,0,8,23
2024461483032,2024,461483032,561913,172171,0.3275,51.42542,3,3,6,13:17,-1,E07000107,4,0,1,0,2,14,3,7,0,0,0,1,0,0,0,0,1,8,23
2024461483052,2024,461483052,558272,141022,0.26138,51.14658,3,3,6,12:23,-1,E07000116,3,0,1,0,1,"[13, 10]","[5, 6]","[1, 3]",0,0,0,1,0,1,0,0,0,8,23
2024461483058,2024,461483058,590734,137571,0.72314,51.1057,2,"[3, 2]",6,11:00,-1,E07000105,3,0,1,1,2,"[3, 19]",2,3,0,0,0,1,0,0,0,0,0,8,23
2024461483067,2024,461483067,565682,153022,0.37276,51.2523,3,3,6,08:12,-1,E07000115,4,0,2,1,2,"[4, 19]",1,5,0,0,0,1,0,0,1,0,0,8,23
2024461483169,2024,461483169,592369,145148,0.75051,51.17321,3,3,5,19:07,-1,E07000105,6,0,2,1,2,19,2,6,0,1,0,1,0,0,0,0,0,8,22
2024461483171,2024,461483171,566815,144108,0.38484,51.17188,3,3,5,21:50,-1,E07000116,4,2,2,1,2,"[9, 3]","[5, 7]","[7, 1]",0,0,0,1,0,0,0,0,0,8,22
2024461483262,2024,461483262,590103,164434,0.72837,51.34719,2,2,7,03:37,-1,E07000113,4,2,2,1,1,7,5,8,2,1,0,0,0,1,0,0,0,8,24
2024461483368,2024,461483368,633164,142147,1.33118,51.13111,3,3,7,07:20,-1,E07000108,6,0,2,1,2,19,1,2,0,0,0,1,0,0,0,0,0,8,24
2024461483451,2024,461483451,575250,146506,0.50654,51.19091,2,"[3, 2]",7,11:53,-1,E07000110,6,0,2,1,2,"[9, 19]","[8, 7]","[5, 3]",0,"[1, 7]",0,1,0,0,0,0,0,8,24
2024461483533,2024,461483533,574609,168081,0.50792,51.38491,3,3,7,18:49,-1,E06000035,3,0,8,1,1,19,1,5,0,0,0,1,0,0,0,0,0,8,24
2024461483574,2024,461483574,602214,144554,0.89082,51.16448,3,3,6,16:21,-1,E07000105,6,0,1,0,1,19,"[6, 8]","[2, 4]",0,0,0,1,0,0,0,0,0,8,23
2024461483597,2024,461483597,614219,161677,1.0725,51.31386,2,"[3, 2]",1,00:30,-1,E07000106,6,2,1,1,2,19,"[5, 1]","[1, 5]",0,"[1, 0]",0,1,0,0,0,0,0,8,25
2024461483608,2024,461483608,563372,161268,0.34346,51.32705,2,2,1,05:15,-1,E07000109,6,2,8,1,2,19,6,2,0,0,0,1,0,0,0,0,0,8,25
2024461483624,2024,461483624,560085,168957,0.29978,51.39706,3,3,4,15:12,-1,E07000107,6,0,1,0,1,"[9, 4]","[5, 1]","[1, 5]",0,0,0,1,0,1,0,0,0,8,7
2024461483667,2024,461483667,578593,129549,0.54594,51.03754,2,2,1,09:43,-1,E07000116,6,0,1,0,2,"[19, 9]","[1, 4]","[4, 1]",0,0,0,1,0,1,0,0,0,8,25
2024461483674,2024,461483674,570720,166182,0.45117,51.36904,2,2,7,21:22,-1,E06000035,3,2,8,1,2,"[2, 19]","[0, 1]","[0, 5]","[0, 4]",0,0,1,0,0,0,0,0,8,24
2024461483686,2024,461483686,550696,169184,0.16502,51.40167,3,3,1,12:57,-1,E07000111,6,0,1,0,1,"[9, 19]","[8, 4]","[5, 8]",0,0,0,1,1,0,0,0,0,8,25
2024461483690,2024,461483690,567179,158613,0.3968,51.30209,3,3,1,12:13,-1,E07000115,3,0,1,0,2,"[5, 19]","[5, 3]","[3, 7]",0,0,0,1,0,0,0,0,0,8,25
2024461483693,2024,461483693,574059,166842,0.49942,51.37395,3,3,1,11:12,-1,E06000035,6,0,1,0,1,"[9, 2, 19]","[2, 3, 5]","[6, 3]","[11, 4, 0]","[7, 0]","[2, 0]",1,0,0,0,0,0,8,25
2024461483798,2024,461483798,576630,170163,0.53797,51.40299,2,2,1,17:40,-1,E06000035,6,0,1,0,1,19,1,5,0,0,0,1,0,0,0,0,1,8,25
2024461483807,2024,461483807,575527,164314,0.51924,51.35079,3,3,1,22:30,-1,E06000035,6,2,1,0,1,19,"[6, 2]","[2, 6]",0,0,0,1,0,0,0,0,0,8,25
2024461484022,2024,461484022,622274,135621,1.17178,51.07684,2,2,2,16:50,-1,E07000112,3,0,1,0,1,7,3,6,7,0,0,1,0,0,0,0,0,8,26
2024461484045,2024,461484045,566413,173065,0.39258,51.43215,3,3,5,06:28,-1,E07000109,4,0,1,0,1,"[7, 4]",2,4,0,0,0,1,1,0,0,0,0,8,15
2024461484070,2024,461484070,559136,139778,0.27317,51.13517,2,2,3,14:00,-1,E07000116,6,0,1,0,1,"[19, 3]",3,7,0,0,0,1,0,1,0,0,0,8,13
2024461484101,2024,461484101,586358,164685,0.67479,51.35068,3,3,6,22:29,-1,E07000113,3,2,1,0,2,19,3,7,0,0,0,1,1,0,0,0,0,8,16
2024461484112,2024,461484112,546694,148379,0.09898,51.21577,3,3,7,15:35,-1,E07000111,4,0,1,0,2,19,"[1, 3]","[5, 7]",0,0,0,1,0,0,0,0,0,8,17
2024461484120,2024,461484120,616593,159293,1.10507,51.29156,3,3,5,11:45,-1,E07000106,6,0,1,0,1,"[19, 3]","[5, 7]","[1, 3]",0,0,0,1,0,0,0,0,0,7,18
2024461484198,2024,461484198,574801,165058,0.50919,51.3577,2,2,5,16:30,-1,E06000035,3,0,1,0,1,19,5,1,0,0,0,1,0,1,0,0,0,7,25
2024461484214,2024,461484214,617389,162527,1.11844,51.32029,2,2,3,12:24,-1,E07000106,3,0,1,0,2,"[9, 13]",1,"[7, 5]",0,7,0,1,0,1,0,0,0,8,27
2024461484258,2024,461484258,574480,162632,0.5034,51.33601,3,3,7,13:06,-1,E07000115,3,0,2,1,2,3,5,1,0,0,0,1,0,0,0,0,0,8,24
2024461484284,2024,461484284,637766,150908,1.40263,51.20786,2,2,3,12:46,-1,E07000108,6,0,1,0,2,"[19, 5]","[1, 3]","[5, 7]",0,0,0,1,0,0,0,1,0,8,27
2024461484294,2024,461484294,631802,141890,1.31159,51.12935,2,2,3,14:40,-1,E07000108,3,0,1,0,1,19,7,3,0,0,0,0,0,1,0,0,0,8,27
2024461484350,2024,461484350,636064,170375,1.39117,51.3833,2,2,1,18:12,-1,E07000114,6,0,1,0,1,19,6,2,0,3,0,1,0,0,0,0,0,8,25
2024461484360,2024,461484360,622191,136354,1.17105,51.08345,3,3,3,17:15,-1,E07000112,3,0,1,0,1,"[20, 4]",1,5,0,0,0,1,0,0,0,0,0,8,27
2024461484369,2024,461484369,624976,164333,1.22828,51.33356,2,"[3, 2]",6,12:15,-1,E07000106,3,0,1,0,2,"[9, 13]",2,6,0,0,0,1,0,0,1,0,0,8,9
2024461484386,2024,461484386,575022,162565,0.51114,51.33524,3,3,2,08:22,-1,E07000115,3,0,1,0,1,19,1,3,0,0,0,1,0,1,0,0,0,8,26
2024461484397,2024,461484397,554944,171071,0.22686,51.41748,3,3,3,18:23,-1,E07000107,1,0,1,0,2,"[3, 4, 11]","[6, 7]","[1, 7]",0,"[0, 1]",0,1,0,0,0,0,0,8,27
2024461484448,2024,461484448,551889,170102,0.18255,51.4096,3,3,7,12:31,-1,E07000111,4,0,1,0,1,6,2,4,0,0,0,1,0,0,0,0,1,7,13
2024461484454,2024,461484454,551884,162062,0.17904,51.33736,3,3,3,12:00,-1,E07000111,6,0,1,0,2,1,3,7,0,0,0,1,0,0,0,0,1,8,20
2024461484461,2024,461484461,578528,144561,0.55244,51.17242,3,3,5,15:00,-1,E07000110,3,0,1,0,2,19,5,1,0,0,0,1,0,0,0,0,1,8,15
2024461484468,2024,461484468,616648,167590,1.1109,51.36603,2,2,3,19:30,-1,E07000106,4,0,1,0,1,"[5, -1]",-1,-1,"[0, -1]","[0, -1]",0,1,0,1,0,0,0,8,20
2024461484475,2024,461484475,603730,157817,0.92001,51.28305,3,3,3,17:30,-1,E07000113,6,0,1,0,2,"[10, 19]",4,3,0,0,0,1,0,1,0,0,0,8,13
2024461484490,2024,461484490,580576,155662,0.58729,51.2715,3,3,4,19:35,-1,E07000110,6,0,1,0,1,19,"[8, 4]","[4, 8]",0,0,0,1,0,0,0,0,0,8,21
2024461484707,2024,461484707,551519,166007,0.17548,51.37291,2,2,4,15:51,-1,E07000111,1,0,1,0,2,4,6,2,0,0,0,1,0,0,0,0,0,8,28
2024461484763,2024,461484763,557506,138154,0.24918,51.12102,2,2,4,17:37,-1,E07000116,6,0,1,0,1,19,6,2,0,0,0,1,0,0,0,0,1,8,28
2024461484803,2024,461484803,580467,168290,0.59212,51.38496,2,"[3, 2]",4,20:22,-1,E06000035,4,2,1,0,2,19,"[7, 3]","[3, 7]",0,"[0, 1]",0,1,0,0,0,0,0,8,28
2024461484811,2024,461484811,574031,170818,0.50096,51.40968,2,2,3,16:03,-1,E06000035,4,0,1,0,1,"[5, 19]","[5, 7]","[1, 3]",0,0,0,1,0,1,0,0,0,8,27
2024461484822,2024,461484822,561214,141912,0.3038,51.15376,3,3,4,20:54,-1,E07000116,6,2,1,0,2,"[19, 15]","[1, 5]","[5, 1]",0,"[0, 1]",0,1,0,0,0,0,0,8,28
2024461484840,2024,461484840,629923,169375,1.30243,51.37684,3,3,5,01:25,-1,E07000114,6,0,1,0,1,"[7, 19]","[6, 3]",5,0,0,0,1,0,0,0,0,0,8,29
2024461484860,2024,461484860,627346,167029,1.26396,51.35682,2,2,4,10:51,-1,E07000114,3,0,1,0,2,19,7,3,0,0,0,1,0,1,0,0,0,8,28
2024461484868,2024,461484868,601472,161370,0.88968,51.31576,3,3,6,10:24,-1,E07000113,6,0,1,0,1,19,"[2, 1]",3,0,0,0,1,0,0,0,1,1,8,16
2024461484892,2024,461484892,622502,136722,1.17571,51.08664,2,2,5,07:06,-1,E07000112,3,0,1,0,1,"[19, 3]",7,3,"[4, 0]",0,0,1,0,1,0,0,0,8,29
2024461484915,2024,461484915,575482,154664,0.51385,51.26412,3,3,6,16:25,-1,E07000110,6,0,1,0,1,"[20, 19]",5,3,0,0,0,1,1,0,0,0,0,7,26
2024461485083,2024,461485083,562025,140514,0.31476,51.14097,3,3,4,14:10,-1,E07000116,3,0,1,0,2,19,"[4, 3]",7,0,0,0,1,0,0,1,0,0,8,28
2024461485115,2024,461485115,632087,156940,1.32537,51.26434,3,3,5,10:45,-1,E07000108,6,0,1,0,2,"[5, 4]","[5, 4]",8,0,"[0, 1]","[0, 9]",1,0,0,0,0,0,8,29
2024461485116,2024,461485116,576238,155446,0.52506,51.27091,3,3,5,13:11,-1,E07000110,3,0,1,0,1,"[2, 9]",1,5,"[0, 4]",0,0,1,0,0,0,0,0,8,29
2024461485188,2024,461485188,577283,170618,0.54757,51.40688,2,2,4,19:05,-1,E06000035,6,0,1,0,1,"[19, 9, 2]","[3, 1, 0]","[7, 2, 0]","[0, 10]","[0, 7]","[0, 11]",1,0,0,0,0,0,8,28
2024461485198,2024,461485198,547427,155190,0.11227,51.27679,2,2,5,18:28,-1,E07000111,3,0,1,0,2,"[19, 4]",7,"[3, 2]",0,0,0,1,0,0,0,0,0,8,29
2024461485245,2024,461485245,600660,142808,0.86765,51.14935,3,3,5,20:52,-1,E07000105,3,2,1,0,1,5,6,6,0,7,0,1,0,0,0,0,0,8,29
2024461485257,2024,461485257,563045,158280,0.3374,51.3003,3,3,4,09:45,-1,E07000115,3,0,1,0,2,"[5, 19]","[3, 1]",5,0,0,0,1,0,0,0,0,0,8,21
2024461485260,2024,461485260,558176,138823,0.25904,51.12685,3,3,5,14:10,-1,E07000116,3,0,1,0,1,"[9, 5]","[7, 2]","[5, 7]",0,0,0,1,0,0,0,0,0,8,29
2024461485269,2024,461485269,556016,175000,0.24399,51.45249,2,2,2,11:30,-1,E07000107,3,0,1,0,2,"[15, 14]","[4, 2]","[2, 4]",0,0,0,1,0,0,0,0,0,8,19
2024461485271,2024,461485271,551286,156501,0.16811,51.28756,3,3,2,21:45,-1,E07000111,3,2,2,1,1,3,3,7,0,0,0,1,0,0,0,0,1,8,19
2024461485287,2024,461485287,600883,141729,0.87024,51.13958,3,3,7,13:24,-1,E07000105,6,0,2,1,1,"[3, 19]",5,1,0,0,0,1,0,0,1,0,0,8,24
2024461485295,2024,461485295,575694,156342,0.51771,51.27913,3,3,7,17:30,-1,E07000110,3,0,1,1,2,"[3, 19]",5,1,0,0,0,1,0,0,0,0,0,8,24
2024461485403,2024,461485403,567429,147117,0.39501,51.19874,3,3,5,17:35,-1,E07000110,4,0,1,0,2,19,1,5,0,1,2,1,0,0,0,0,0,8,29
2024461485418,2024,461485418,570391,158330,0.4427,51.2986,3,3,6,11:00,-1,E07000115,3,0,1,0,1,"[13, 9]",4,"[7, 6]",0,0,0,1,0,1,0,0,0,8,30
2024461485441,2024,461485441,608775,158803,0.99282,51.29008,2,2,3,18:35,-1,E07000113,3,0,1,0,2,19,7,3,0,0,0,0,0,0,1,0,1,8,20
2024461485442,2024,461485442,631207,141342,1.30275,51.12467,3,3,6,11:49,-1,E07000108,4,0,1,0,1,"[15, 19]","[3, 7]","[7, 3]",0,0,0,1,0,0,0,0,0,8,30
2024461485501,2024,461485501,615086,167240,1.08828,51.36348,2,"[3, 2]",5,13:26,-1,E07000106,4,0,1,0,2,19,"[7, 3]","[7, 3]",0,0,0,1,0,0,0,0,0,8,29
2024461485544,2024,461485544,559996,145871,0.28816,51.18967,3,3,6,18:04,-1,E07000115,6,0,1,0,1,19,1,5,6,0,0,1,0,0,0,0,0,8,30
2024461485572,2024,461485572,544820,154559,0.07466,51.27179,2,2,6,16:53,-1,E07000111,6,0,1,0,2,19,"[1, 5]","[5, 1]",0,0,0,1,0,1,0,0,0,8,30
2024461485586,2024,461485586,595377,163197,0.80333,51.33429,3,3,6,21:17,-1,E07000113,6,2,1,0,2,"[2, 19]","[0, 7]","[0, 3]","[0, 4]",0,0,1,0,0,0,0,0,8,30
2024461485643,2024,461485643,554258,151385,0.20849,51.24079,3,3,6,13:50,-1,E07000111,3,0,1,0,2,"[3, 19]",1,4,0,0,0,1,0,0,0,0,0,8,30
2024461485647,2024,461485647,638922,165636,1.42898,51.33957,3,3,6,14:10,-1,E07000114,6,0,1,0,1,"[10, 19]","[4, 2]","[2, 6]",0,0,0,1,0,1,0,0,0,8,30
2024461485721,2024,461485721,632982,142167,1.3286,51.13136,3,3,7,11:10,-1,E07000108,3,0,1,0,2,19,"[6, 2]","[2, 6]",0,0,0,1,0,0,0,0,0,8,31
2024461485807,2024,461485807,577318,161649,0.54361,51.3263,3,3,7,18:06,-1,E07000110,6,0,1,0,2,"[15, 19]",7,3,0,0,0,1,1,0,0,0,0,8,31
2024461485821,2024,461485821,590798,167452,0.73996,51.37406,3,3,7,17:09,-1,E07000113,3,0,1,0,2,4,5,1,0,0,0,1,0,0,0,0,0,8,31
2024461485830,2024,461485830,638499,164777,1.42234,51.33204,3,3,7,18:09,-1,E07000114,6,0,1,0,1,1,5,1,0,0,0,1,0,0,0,0,1,8,31
2024461485853,2024,461485853,609669,155460,1.00367,51.25973,3,3,7,17:56,-1,E07000106,3,0,1,0,2,19,3,"[3, 4]",0,0,0,1,0,0,0,0,0,8,31
2024461485890,2024,461485890,577955,167137,0.55548,51.3754,2,2,1,00:05,-1,E06000035,6,2,1,0,1,"[2, 19]","[0, 1]","[0, 5]","[0, 4]",0,0,1,0,0,0,0,0,9,1
2024461485903,2024,461485903,608537,164792,0.99291,51.34394,3,3,7,23:34,-1,E07000106,6,2,1,0,2,19,4,8,0,0,0,1,0,0,0,0,1,8,31
2024461485908,2024,461485908,568301,169676,0.41811,51.40115,3,3,7,23:14,-1,E07000109,3,2,1,1,2,19,7,3,0,0,0,1,0,0,0,0,0,8,31
2024461485922,2024,461485922,637684,165127,1.4109,51.33552,2,2,7,21:00,-1,E07000114,6,2,1,0,1,19,3,7,0,0,0,1,0,0,0,0,1,8,31
2024461485936,2024,461485936,588046,136787,0.68438,51.09955,2,2,3,04:45,-1,E07000105,6,2,7,1,2,19,6,2,0,3,6,1,0,0,0,0,0,8,27
2024461486044,2024,461486044,638510,165818,1.4232,51.34138,3,3,1,13:25,-1,E07000114,6,0,1,0,1,"[19, 5]",3,7,0,0,0,1,1,0,0,0,1,9,1
2024461486087,2024,461486087,575320,158242,0.51328,51.29631,3,3,1,12:37,-1,E07000110,6,0,1,0,2,"[3, 15, 10]","[7, 5]","[2, 5, 6]",0,"[3, 1]","[0, 10]",1,0,1,0,0,0,9,1
2024461486199,2024,461486199,593043,172849,0.77511,51.42177,3,3,1,13:17,-1,E07000113,3,0,1,0,1,"[3, 9]","[3, 2]",7,0,0,0,1,0,0,0,0,0,9,1
2024461486212,2024,461486212,598587,138950,0.83593,51.11542,3,3,4,16:50,-1,E07000105,6,0,1,0,2,"[19, 11]","[1, 5]","[5, 1]",0,0,0,1,0,0,0,0,0,8,21
2024461486245,2024,461486245,576289,172150,0.53406,51.42095,2,2,1,15:35,-1,E06000035,3,0,1,0,2,"[-1, 19]","[-1, 5]","[-1, 1]","[-1, 0]","[-1, 0]",0,1,1,0,0,0,0,8,18
2024461486268,2024,461486268,576973,157639,0.53667,51.29038,2,2,5,08:10,-1,E07000110,6,0,1,0,1,19,"[5, 3]","[1, 7]",0,0,0,1,0,1,0,0,0,8,22