collision_index,collision_year,collision_ref_no,location_easting_osgr,location_northing_osgr,longitude,latitude,casualty_severity,casualty_severity,day_of_week,time,local_authority_district,local_authority_ons_district,first_road_class,light_conditions,weather_conditions,road_surface_conditions,urban_or_rural_area,vehicle_manoeuvre,vehicle_direction_from,vehicle_direction_to,hit_object_in_carriageway,vehicle_leaving_carriageway,hit_object_off_carriageway,is_car,is_cyle,is_mcyle,is_goodsv,is_other,is_pedestrian,month,day
2024461486311,2024,461486311,573957,151245,0.49035,51.23387,3,3,2,10:12,-1,E07000110,4,0,1,0,2,19,7,3,0,0,0,1,0,0,0,0,0,9,2
2024461486406,2024,461486406,621164,141962,1.15984,51.1342,2,"[2, 3]",2,08:07,-1,E07000112,3,0,7,1,2,"[10, 19]",5,1,0,0,0,1,0,0,0,0,0,9,2
2024461486420,2024,461486420,631697,140861,1.30943,51.12016,3,3,2,14:00,-1,E07000108,3,0,1,0,1,"[3, 19]",1,5,0,0,0,1,0,0,0,0,0,9,2
2024461486582,2024,461486582,567661,168999,0.4086,51.39526,2,2,2,23:05,-1,E07000109,6,2,8,1,2,19,1,5,0,7,0,1,0,0,0,0,0,9,2
2024461486602,2024,461486602,574584,168182,0.50761,51.38583,2,2,5,22:36,-1,E06000035,3,2,1,0,1,19,5,1,0,0,0,1,0,0,0,0,0,8,29
2024461486617,2024,461486617,576776,166910,0.53845,51.37373,3,3,1,07:40,-1,E06000035,6,0,9,-1,1,-1,-1,-1,-1,-1,0,0,1,0,0,0,0,8,18
2024461486633,2024,461486633,546973,149154,0.10329,51.22267,3,3,3,07:23,-1,E07000111,4,0,1,1,2,9,5,3,0,3,0,0,0,1,0,0,0,9,3
2024461486663,2024,461486663,591005,147799,0.73243,51.19748,3,3,3,08:15,-1,E07000105,6,0,1,0,2,19,1,5,0,0,0,0,0,0,1,0,1,8,13
2024461486701,2024,461486701,554250,173311,0.21786,51.4378,3,3,3,14:50,-1,E07000107,3,0,9,-1,1,-1,-1,-1,-1,-1,0,1,0,0,0,0,1,8,27
2024461486837,2024,461486837,601315,129526,0.86961,51.02983,3,3,7,13:59,-1,E07000112,3,0,2,1,2,"[9, 19]","[3, 1]","[1, 5]",0,"[1, 0]",0,1,0,0,0,0,0,8,24
2024461486856,2024,461486856,599430,137461,0.84713,51.10176,3,3,1,13:22,-1,E07000105,6,0,1,0,2,19,"[4, 2]","[8, 4]",0,0,0,1,0,0,0,0,0,2,25
2024461486878,2024,461486878,637584,165178,1.4095,51.33602,2,"[3, 2]",3,12:50,-1,E07000114,6,0,1,0,1,19,"[3, 1]","[7, 5]",0,0,0,1,0,0,0,0,0,9,3
2024461486974,2024,461486974,563836,173585,0.35579,51.43757,3,3,2,15:31,-1,E07000109,6,0,1,0,1,"[2, 19]","[0, 2]","[0, 6]",0,0,0,1,0,1,0,0,1,9,2
2024461486995,2024,461486995,629968,144645,1.28718,51.15482,3,3,3,16:15,-1,E07000108,3,0,1,0,2,"[4, 7]","[3, 1]","[7, 5]",0,0,0,1,0,0,0,0,0,9,3
2024461487001,2024,461487001,557575,172375,0.26525,51.42848,2,"[2, 3]",3,15:24,-1,E07000107,3,0,1,0,2,"[19, 12]","[8, 7]",3,0,0,0,1,0,0,1,0,0,9,3
2024461487030,2024,461487030,553408,164584,0.20199,51.35962,3,3,1,19:25,-1,E07000111,3,0,1,0,2,19,5,1,0,1,4,1,0,0,0,0,0,9,1
2024461487039,2024,461487039,619946,167153,1.15793,51.36084,2,"[3, 2]",3,11:38,-1,E07000106,3,0,1,0,2,"[19, 2, 4]",7,3,"[4, 0]","[0, 1]",0,1,0,0,0,0,0,9,3
2024461487052,2024,461487052,614454,158190,1.07378,51.28246,3,3,3,14:32,-1,E07000106,6,0,1,0,1,-1,-1,-1,-1,-1,0,1,0,0,0,0,1,8,13
2024461487054,2024,461487054,555145,173786,0.23094,51.44182,3,3,4,15:15,-1,E07000107,3,0,2,1,1,-1,-1,-1,0,0,0,1,0,0,0,0,1,5,22
2024461487067,2024,461487067,558925,141908,0.2711,51.15436,3,3,7,23:30,-1,E07000116,6,2,1,0,1,5,3,5,0,0,0,1,0,0,0,0,1,7,20
2024461487076,2024,461487076,573645,176292,0.4981,51.45897,3,3,1,16:45,-1,E06000035,6,0,1,0,2,"[2, 14]","[0, -1]","[0, -1]","[0, 4]",0,0,1,1,0,0,0,0,9,1
2024461487152,2024,461487152,604137,159843,0.92699,51.3011,3,3,3,12:10,-1,E07000113,3,0,1,0,2,"[3, 19]",3,7,0,0,0,1,0,0,0,0,0,9,3
2024461487216,2024,461487216,556951,172245,0.25622,51.42748,3,3,4,18:51,-1,E07000107,3,0,1,0,2,"[19, 3]",3,7,0,0,0,1,0,1,0,0,0,8,28
2024461487383,2024,461487383,558423,168879,0.27587,51.39683,3,3,5,01:30,-1,E07000111,6,2,2,1,2,7,1,7,0,7,0,1,0,0,0,0,0,9,5
2024461487405,2024,461487405,582906,154317,0.61997,51.25867,3,3,5,13:07,-1,E07000110,3,0,9,-1,2,-1,-1,-1,-1,-1,0,1,0,0,0,0,0,8,22
2024461487422,2024,461487422,553999,169937,0.21279,51.40755,3,3,1,11:10,-1,E07000107,1,2,9,-1,2,-1,-1,-1,-1,-1,0,1,0,0,0,0,0,7,21
2024461487440,2024,461487440,600375,142448,0.86338,51.14621,3,3,3,12:01,-1,E07000105,6,2,9,-1,1,-1,-1,-1,-1,-1,0,1,0,0,0,0,1,7,16
2024461487460,2024,461487460,575816,155562,0.51907,51.27208,2,2,1,22:05,-1,E07000110,3,2,1,0,1,19,4,8,0,0,0,1,0,0,0,0,1,8,25
2024461487654,2024,461487654,548206,155349,0.12349,51.27801,3,3,4,11:35,-1,E07000111,3,0,1,0,2,"[5, 14]","[6, 7]",3,0,0,0,1,0,1,0,0,0,9,4
2024461487782,2024,461487782,560762,140352,0.29665,51.13987,2,2,4,17:57,-1,E07000116,3,0,1,1,1,"[4, 5, 19]",7,3,0,0,0,1,0,0,0,0,0,9,4
2024461487791,2024,461487791,556570,172228,0.25074,51.42743,3,3,2,19:42,-1,E07000107,3,2,2,1,2,19,3,7,0,2,0,1,0,0,0,0,0,3,18
2024461487797,2024,461487797,554851,175741,0.22757,51.45947,3,3,5,18:10,-1,E07000107,3,0,1,0,2,"[11, 15]",7,3,0,0,0,1,0,1,0,0,0,9,5
2024461487819,2024,461487819,544169,154738,0.06541,51.27356,3,3,5,21:50,-1,E07000111,1,2,2,1,2,19,7,3,"[2, 0]",0,0,1,0,0,0,0,0,9,5
2024461487855,2024,461487855,555557,173368,0.23668,51.43795,3,3,3,10:00,-1,E07000107,3,0,1,0,1,19,3,7,0,0,0,1,0,0,0,0,0,8,13
2024461487860,2024,461487860,578816,137622,0.55311,51.11,3,3,3,09:30,-1,E07000116,6,0,1,0,2,19,"[5, 1]","[1, 5]",0,0,0,1,0,0,0,0,0,8,27
2024461487865,2024,461487865,577084,136318,0.52775,51.09882,3,3,3,13:20,-1,E07000116,6,0,1,0,2,"[19, 2]","[1, 0]","[5, 0]",0,0,0,1,0,0,0,0,0,8,27
2024461487867,2024,461487867,575325,158264,0.51337,51.29651,3,3,5,08:30,-1,E07000110,1,0,1,0,2,"[19, 7]",-1,-1,"[10, 0]","[1, 0]",0,1,0,0,0,0,0,8,29
2024461487877,2024,461487877,574055,168381,0.50011,51.38778,2,2,5,15:00,-1,E06000035,6,0,1,0,1,9,1,7,0,0,0,1,0,0,0,0,1,8,29
2024461487918,2024,461487918,608764,154654,0.99024,51.25282,2,"[3, 2]",5,13:54,-1,E07000105,3,0,1,0,2,4,5,"[7, 1]",0,0,0,1,0,0,0,0,0,8,29
2024461487975,2024,461487975,569050,159365,0.42397,51.3083,3,3,5,08:45,-1,E07000115,3,0,1,0,2,19,3,7,0,0,0,1,0,0,0,0,0,8,15
2024461488004,2024,461488004,550178,155584,0.15184,51.27961,2,2,6,08:30,-1,E07000111,3,0,1,1,2,19,1,3,7,3,0,1,0,0,0,0,0,9,6
2024461488133,2024,461488133,575766,132471,0.50708,51.06467,3,3,6,13:10,-1,E07000116,3,0,2,1,2,19,"[1, 5]","[5, 1]",0,"[7, 0]",0,1,0,0,0,0,0,9,6
2024461488139,2024,461488139,575418,158463,0.5148,51.29827,2,2,5,09:23,-1,E07000110,3,0,1,0,1,19,5,1,0,0,0,1,0,1,0,0,0,8,22
2024461488170,2024,461488170,548998,155497,0.1349,51.27914,3,3,6,17:14,-1,E07000111,3,0,2,1,2,14,3,7,0,0,0,0,0,1,0,0,1,9,6
2024461488225,2024,461488225,602770,160217,0.90762,51.30494,3,3,6,18:13,-1,E07000113,3,0,8,1,2,5,4,4,0,0,0,1,0,1,0,0,0,9,6
2024461488248,2024,461488248,591815,158944,0.74997,51.2973,2,"[3, 2]",5,22:49,-1,E07000113,1,2,8,1,2,19,7,3,0,2,4,1,0,0,0,0,0,9,5
2024461488255,2024,461488255,636263,170968,1.39442,51.38854,3,3,4,13:50,-1,E07000114,6,0,1,0,1,"[2, 19]","[6, 7]","[6, 4]",0,0,0,1,0,0,0,0,0,9,4
2024461488279,2024,461488279,556896,166006,0.25267,51.37144,3,3,6,22:39,-1,E07000111,1,2,7,1,2,19,3,7,0,0,0,1,0,0,0,0,0,9,6
2024461488355,2024,461488355,616004,167136,1.10139,51.3622,1,1,6,20:27,-1,E07000106,3,2,2,1,1,19,7,3,12,0,0,1,0,0,0,0,1,9,6
2024461488410,2024,461488410,603222,134103,0.89934,51.07027,2,2,7,08:55,-1,E07000105,4,0,1,1,2,19,"[6, 2]","[2, 6]",0,"[7, 0]",0,1,0,0,0,0,0,9,7
2024461488426,2024,461488426,553284,137951,0.18882,51.12035,2,2,6,19:15,-1,E07000116,4,2,7,1,2,19,1,5,0,1,4,1,0,0,0,0,0,9,6
2024461488432,2024,461488432,636616,152229,1.38706,51.22019,3,3,7,13:06,-1,E07000108,6,0,1,0,1,"[14, 2]","[6, 0]","[2, 0]","[4, 0]",0,0,1,0,0,0,0,0,9,7
2024461488451,2024,461488451,554792,170946,0.22462,51.4164,3,3,7,13:28,-1,E07000107,1,0,1,0,2,3,7,2,0,0,0,1,0,0,0,0,0,9,7
2024461488487,2024,461488487,574963,162518,0.51027,51.33483,3,3,6,14:56,-1,E07000115,3,0,1,0,1,5,3,7,0,0,0,1,0,0,0,0,0,9,6
2024461488490,2024,461488490,553463,164759,0.20285,51.36117,2,2,7,15:15,-1,E07000111,3,0,1,0,2,"[13, 9]",5,"[1, 2]",0,7,0,1,0,1,0,0,0,9,7
2024461488514,2024,461488514,613672,163046,1.06549,51.32636,3,3,6,15:09,-1,E07000106,6,0,1,1,2,19,5,2,0,1,6,1,0,0,0,0,0,9,6
2024461488571,2024,461488571,597029,172447,0.83214,51.41679,3,3,7,21:14,-1,E07000113,4,2,1,0,1,"[19, 15]","[4, 7]","[3, 7]",0,0,0,1,0,0,0,0,0,9,7
2024461488799,2024,461488799,589289,152481,0.71037,51.2401,3,3,7,20:54,-1,E07000110,3,2,1,0,2,19,"[7, 3]","[3, 7]",0,0,0,1,0,0,0,0,0,9,7
2024461488836,2024,461488836,576017,146871,0.51769,51.19395,1,"[1, 2, 3]",1,15:35,-1,E07000110,4,0,2,1,2,"[19, 13]","[1, 5]","[5, 1]",0,"[1, 0]",0,1,0,1,0,0,0,9,8
2024461488871,2024,461488871,597425,171307,0.83719,51.40642,2,"[2, 3]",1,17:15,-1,E07000113,3,0,2,1,2,"[10, 19]",7,3,0,0,0,1,0,0,0,0,0,9,8
2024461488880,2024,461488880,575994,166378,0.52696,51.36919,3,3,3,20:15,-1,E06000035,6,2,1,0,1,"[7, 19]",-1,-1,0,0,0,1,0,0,0,0,0,9,3
2024461488881,2024,461488881,551188,172919,0.17368,51.4351,3,3,3,07:35,-1,E07000107,3,0,1,0,2,19,7,"[1, 3]",9,1,"[0, 10]",1,0,0,0,0,0,9,3
2024461488895,2024,461488895,573164,165864,0.48609,51.36544,3,3,2,10:25,-1,E06000035,6,0,1,0,2,19,3,7,0,0,0,0,1,0,0,0,1,9,2
2024461488902,2024,461488902,590527,166258,0.73543,51.36343,3,3,3,07:45,-1,E07000113,6,0,1,0,1,"[8, 19]",-1,-1,0,0,0,1,1,0,0,0,0,9,3
2024461488922,2024,461488922,563311,171517,0.34729,51.41914,3,3,2,09:19,-1,E07000109,3,0,4,1,2,19,"[1, 8]","[5, 3]",0,0,0,1,0,0,0,0,0,9,9
2024461488985,2024,461488985,615385,157920,1.08694,51.27969,3,3,2,13:48,-1,E07000106,6,0,1,0,1,"[15, 14]","[1, 5]","[5, 1]",0,0,0,1,1,0,0,0,0,8,26
2024461489051,2024,461489051,603197,142877,0.90392,51.14907,3,3,2,07:30,-1,E07000105,3,0,2,1,2,19,"[1, 6]","[5, 8]",0,"[0, 1]",0,1,0,0,0,0,0,9,9
2024461489102,2024,461489102,579205,166633,0.57317,51.37048,3,3,7,15:14,-1,E06000035,6,0,1,0,1,"[4, 19]","[1, 7]","[5, 3]",0,0,0,1,1,0,0,0,0,8,31
2024461489136,2024,461489136,576299,172133,0.53419,51.42079,3,3,2,07:08,-1,E06000035,3,0,2,1,2,"[7, 19]","[2, 1]",2,0,0,0,1,0,0,0,0,0,9,9
2024461489159,2024,461489159,632221,156475,1.32699,51.26011,3,3,1,13:26,-1,E07000108,3,0,2,1,2,"[19, 4]",6,2,0,0,0,1,0,0,0,0,0,9,8
2024461489274,2024,461489274,574752,170315,0.51107,51.40494,2,"[3, 2]",2,15:57,-1,E06000035,3,0,1,0,2,4,5,1,0,0,0,1,0,0,0,0,0,9,9
2024461489280,2024,461489280,575469,167834,0.52014,51.38243,2,"[2, 3]",2,16:03,-1,E06000035,3,0,1,0,1,19,8,4,0,0,0,1,0,0,0,0,1,9,9
2024461489283,2024,461489283,615384,158420,1.08723,51.28418,3,3,1,19:42,-1,E07000106,3,2,2,1,1,5,4,8,0,0,0,1,0,0,0,0,1,9,8
2024461489420,2024,461489420,621000,149298,1.16201,51.20013,3,3,2,08:00,-1,E07000106,6,0,2,1,2,19,"[1, 7]","[5, 3]",0,0,0,1,0,0,0,0,0,9,2
2024461489444,2024,461489444,634614,166236,1.36764,51.34675,3,3,3,08:32,-1,E07000114,4,0,1,0,2,"[19, 4]",5,1,0,0,0,1,0,0,0,0,0,9,10
2024461489486,2024,461489486,580574,158798,0.58884,51.29967,3,3,3,09:10,-1,E07000110,3,0,1,0,2,19,1,5,0,0,0,1,0,1,0,0,0,9,3
2024461489494,2024,461489494,554520,151066,0.2121,51.23786,3,3,3,08:30,-1,E07000111,4,0,1,0,2,"[19, 10]",4,"[8, 6]",0,0,0,1,0,0,0,0,0,9,10
2024461489565,2024,461489565,590458,164396,0.73344,51.34673,3,3,7,23:20,-1,E07000113,6,2,1,0,1,19,"[7, 5]","[3, 1]",0,0,0,1,0,0,0,0,0,8,31
2024461489586,2024,461489586,572951,168944,0.48454,51.39317,2,2,2,17:54,-1,E06000035,6,0,1,0,1,"[9, 13]","[7, 6]","[3, 2]",0,0,0,1,0,1,0,0,0,9,9
2024461489686,2024,461489686,625012,138813,1.21279,51.10443,3,3,3,15:30,-1,E07000108,6,0,1,0,2,19,2,4,0,0,0,1,0,0,0,0,1,9,10
2024461489693,2024,461489693,554716,175848,0.22567,51.46047,2,2,3,15:20,-1,E07000107,6,0,2,1,2,7,1,3,0,0,0,1,0,0,0,0,1,9,10
2024461489737,2024,461489737,622849,137627,1.18121,51.09463,3,3,3,18:13,-1,E07000112,3,0,2,1,1,19,1,5,0,0,0,0,0,1,0,0,0,9,10
2024461489815,2024,461489815,559161,151912,0.2789,51.24418,2,2,4,16:38,-1,E07000115,3,0,1,0,2,19,"[1, 5]","[5, 1]","[11, 0]",0,0,1,0,1,0,0,0,8,28
2024461489829,2024,461489829,630917,164723,1.31367,51.33468,3,3,6,21:20,-1,E07000114,6,2,1,0,2,"[3, 1]","[3, 1]","[7, 5]",0,0,0,1,0,0,0,0,0,9,6
2024461489886,2024,461489886,614869,158435,1.07987,51.28451,3,3,4,08:15,-1,E07000106,4,0,1,0,1,19,1,5,0,0,0,1,0,0,0,0,0,9,4
2024461489889,2024,461489889,577483,172151,0.55121,51.42058,2,2,4,07:50,-1,E06000035,6,0,1,0,2,19,3,7,0,0,0,1,0,0,0,0,1,9,11
2024461489904,2024,461489904,561332,141326,0.30523,51.14846,3,3,1,16:17,-1,E07000116,6,0,9,-1,2,-1,-1,-1,-1,-1,0,1,0,1,0,0,0,9,1
2024461489951,2024,461489951,601615,161278,0.89167,51.31488,3,3,7,11:58,-1,E07000113,6,0,1,0,1,"[-1, 2]","[-1, 0]","[-1, 0]","[-1, 0]","[-1, 0]",0,1,0,0,0,0,0,5,25
2024461489972,2024,461489972,559067,174844,0.2878,51.45024,3,3,5,08:39,-1,E07000107,3,0,1,0,1,19,3,7,0,0,0,1,0,0,0,0,1,9,5
2024461490014,2024,461490014,614283,158182,1.07132,51.28246,3,3,4,08:10,-1,E07000106,6,0,1,0,1,2,0,0,0,0,0,1,0,0,0,0,1,9,4
2024461490069,2024,461490069,638152,167963,1.4195,51.36078,3,3,4,08:11,-1,E07000114,6,0,1,0,1,19,1,5,0,0,0,1,0,0,0,0,1,9,11
2024461490080,2024,461490080,602942,159431,0.90964,51.29782,3,3,4,11:24,-1,E07000113,1,0,1,0,2,19,3,7,0,0,0,0,0,1,0,0,0,9,11
2024461490128,2024,461490128,616588,134336,1.08997,51.06748,3,3,4,12:08,-1,E07000112,6,0,1,0,1,"[19, 2, 13]","[3, 7]","[7, 3]",0,"[0, 1]",0,1,0,0,0,0,0,9,11
2024461490145,2024,461490145,615416,157501,1.08714,51.27591,3,3,4,15:40,-1,E07000106,3,0,1,1,1,"[3, 5]",1,5,"[0, 8]",0,0,1,0,1,0,0,0,9,11
2024461490184,2024,461490184,592490,145282,0.75231,51.17437,3,3,4,17:10,-1,E07000105,6,0,1,1,2,4,2,6,0,0,0,1,0,0,0,0,0,9,11
2024461490203,2024,461490203,564813,171572,0.36889,51.4192,3,3,4,18:11,-1,E07000109,6,0,1,1,1,"[5, 19]","[3, 1]",5,0,"[7, 0]","[4, 0]",1,0,0,0,0,0,9,11
2024461490242,2024,461490242,551621,168406,0.17797,51.39444,3,3,3,15:21,-1,E07000111,4,0,1,0,1,19,7,3,0,0,0,1,0,0,0,0,1,9,10
2024461490263,2024,461490263,635337,170596,1.38088,51.38558,3,3,2,17:45,-1,E07000114,6,0,1,0,1,1,1,5,0,0,0,1,0,0,0,0,1,9,9
2024461490284,2024,461490284,577554,168064,0.55019,51.38385,2,2,5,00:05,-1,E06000035,3,2,1,0,1,19,5,2,10,1,11,0,0,1,0,0,0,9,12
2024461490352,2024,461490352,559937,147440,0.28802,51.20379,3,3,2,08:00,-1,E07000115,3,0,1,0,1,"[7, 19]","[8, 6]","[4, 2]",0,0,0,1,1,0,0,0,0,9,9
2024461490374,2024,461490374,616258,167512,1.10526,51.36548,3,3,5,15:32,-1,E07000106,6,0,1,0,1,"[5, 19]","[3, 5]","[7, 1]",0,0,0,1,0,0,0,0,0,9,5
2024461490404,2024,461490404,635925,169252,1.38843,51.37328,3,3,1,13:30,-1,E07000114,3,0,1,0,1,"[7, 19]",5,1,0,0,0,1,1,0,0,0,0,9,8
2024461490412,2024,461490412,614536,157946,1.0748,51.28024,3,3,1,19:30,-1,E07000106,3,0,1,1,1,19,-1,-1,"[0, -1]","[0, -1]",0,1,0,0,0,0,0,9,8
2024461490435,2024,461490435,614974,157706,1.08093,51.27792,2,2,2,11:25,-1,E07000106,6,0,1,0,1,19,2,6,0,0,0,0,0,0,0,0,1,9,9
2024461490450,2024,461490450,599979,143485,0.85831,51.15566,3,3,3,22:13,-1,E07000105,3,2,1,0,2,"[19, 9]","[5, 1]","[1, 7]","[7, 0]",0,0,1,0,0,0,0,0,9,3
2024461490475,2024,461490475,637724,151648,1.40252,51.21452,2,2,5,17:59,-1,E07000108,3,0,1,0,1,19,5,1,0,0,0,1,0,0,0,0,1,8,29
2024461490480,2024,461490480,556088,159090,0.23804,51.30952,2,2,1,18:50,-1,E07000111,6,2,2,1,2,3,"[4, 2]","[2, 4]","[11, 0]","[1, 0]","[10, 0]",1,0,0,0,0,0,9,8
2024461490562,2024,461490562,594745,161625,0.79341,51.32039,3,3,5,10:00,-1,E07000113,6,0,1,0,2,3,1,5,0,0,0,1,0,0,0,0,0,9,12
2024461490632,2024,461490632,575968,162924,0.52488,51.33817,2,2,5,11:28,-1,E06000035,6,0,1,0,1,"[19, 10]","[8, 3]","[5, 8]",0,0,0,1,0,0,0,0,0,9,12
2024461490635,2024,461490635,579622,163556,0.5776,51.34271,3,3,4,10:18,-1,E06000035,6,0,1,0,1,"[19, 5]","[4, 6]",1,0,0,0,1,0,0,0,0,0,9,11
2024461490677,2024,461490677,595451,172506,0.80951,51.41787,2,2,5,14:43,-1,E07000113,6,0,1,0,1,"[19, 9]",6,"[2, 3]",0,"[7, 0]","[10, 0]",1,0,1,0,0,0,9,12
2024461490689,2024,461490689,631669,165623,1.32503,51.34245,3,3,5,14:48,-1,E07000114,3,0,1,0,2,"[2, 19]",3,7,"[0, 4]",0,0,1,0,0,1,0,0,9,12
2024461490789,2024,461490789,592222,158965,0.75582,51.29735,2,"[2, 3]",5,18:48,-1,E07000113,1,0,2,1,2,19,7,3,0,0,0,1,0,0,0,0,0,9,12
2024461490791,2024,461490791,579385,174806,0.57988,51.44383,3,3,4,17:29,-1,E06000035,3,0,8,1,2,19,"[3, 2]",7,"[0, 11, 1]",0,0,1,0,0,0,0,0,9,11
2024461490809,2024,461490809,582254,144473,0.60563,51.17046,3,3,5,21:27,-1,E07000110,6,2,1,1,2,19,3,1,11,2,4,1,0,0,0,0,0,9,12
2024461490923,2024,461490923,588739,164940,0.70908,51.35218,3,3,4,15:00,-1,E07000113,6,0,1,0,2,"[19, 4]",5,1,0,0,0,1,0,0,0,0,0,8,28
2024461490928,2024,461490928,553937,172885,0.21318,51.43406,3,3,6,08:18,-1,E07000107,6,0,1,0,1,5,4,7,0,0,0,1,0,0,0,0,1,9,13
2024461490939,2024,461490939,615254,158324,1.08531,51.28337,3,3,1,15:55,-1,E07000106,6,0,1,0,1,19,-1,-1,0,0,0,1,0,0,0,0,1,8,25
2024461491018,2024,461491018,613803,166784,1.06961,51.35987,3,3,6,09:11,-1,E07000106,3,0,1,0,2,19,"[1, 5]","[5, 1]",0,0,0,1,0,0,0,0,0,9,13
2024461491023,2024,461491023,589304,130968,0.69928,51.04686,2,"[2, 3]",1,12:25,-1,E07000105,4,0,1,1,2,19,"[8, 5]","[5, 8]",0,0,0,1,0,0,0,0,0,8,25
2024461491181,2024,461491181,622898,137660,1.18193,51.09491,2,2,6,18:40,-1,E07000112,3,0,1,0,1,19,7,3,0,0,0,1,0,0,0,0,1,9,13
2024461491203,2024,461491203,628730,145951,1.27034,51.16704,3,3,6,17:42,-1,E07000108,6,0,1,0,2,19,8,4,12,0,0,0,1,0,0,0,0,9,13
2024461491268,2024,461491268,636942,165922,1.4008,51.34296,2,2,6,22:30,-1,E07000114,6,2,1,0,1,19,"[6, 7]",3,0,0,0,1,0,1,0,0,0,9,13
2024461491277,2024,461491277,622862,137046,1.18104,51.08941,2,2,7,03:40,-1,E07000112,3,2,1,0,1,-1,6,1,-1,-1,0,1,0,0,0,0,1,9,14
2024461491483,2024,461491483,636260,151369,1.38141,51.21262,3,3,7,17:12,-1,E07000108,6,0,1,0,1,5,3,7,0,0,0,1,0,0,0,0,1,9,14
2024461491502,2024,461491502,550231,155692,0.15265,51.28057,2,"[2, 3]",5,16:29,-1,E07000111,6,0,1,0,1,19,"[3, 1]","[7, 5]",0,"[1, 0]",0,1,0,0,0,0,0,9,12
2024461491529,2024,461491529,560154,168867,0.30073,51.39624,3,3,5,11:07,-1,E07000107,6,0,1,0,1,6,2,6,0,0,0,1,0,0,0,0,1,9,12
2024461491613,2024,461491613,562932,147256,0.33077,51.20129,3,3,5,07:55,-1,E07000115,6,0,8,1,2,19,1,3,0,0,0,1,0,0,0,0,1,9,5
2024461491662,2024,461491662,581162,164967,0.6004,51.35489,3,3,1,13:49,-1,E06000035,6,0,1,0,1,"[2, 19]","[0, 2]","[0, 6]","[0, 4]",1,0,1,0,0,0,0,0,1,7
2024461491683,2024,461491683,601262,141238,0.87537,51.13504,2,"[3, 2]",1,11:20,-1,E07000105,3,0,1,0,2,"[19, 5]","[1, 3]","[5, 7]",0,0,0,1,0,0,0,0,0,9,15
2024461491746,2024,461491746,622259,136478,1.17209,51.08454,3,3,1,18:30,-1,E07000112,3,0,1,0,1,"[7, 14]","[4, 2]",6,0,"[0, 1]","[0, 11]",1,0,0,0,0,0,9,15
2024461491759,2024,461491759,554233,151335,0.20811,51.24035,3,3,1,19:00,-1,E07000111,3,0,1,0,2,19,5,5,0,0,0,1,0,0,0,0,0,9,15
2024461491790,2024,461491790,571086,166533,0.45659,51.37208,3,3,7,16:31,-1,E06000035,3,0,1,0,2,"[10, 19]",3,"[1, 7]",0,0,0,1,0,0,0,0,0,9,14
2024461491979,2024,461491979,567523,153240,0.39921,51.25372,3,3,3,08:10,-1,E07000115,6,0,1,0,2,19,5,"[1, 3]",0,0,0,1,0,1,0,0,0,9,10
2024461492040,2024,461492040,575898,155649,0.52029,51.27284,3,3,6,11:05,-1,E07000110,3,0,1,0,1,19,2,6,0,0,0,0,0,0,1,0,1,9,13
2024461492041,2024,461492041,578520,167101,0.56357,51.3749,3,3,3,18:55,-1,E06000035,6,0,1,0,1,"[-1, 19]","[-1, 1]","[-1, 5]","[-1, 0]","[-1, 0]",0,1,0,0,0,0,0,9,10
2024461492057,2024,461492057,559768,139772,0.2822,51.13494,2,2,6,15:30,-1,E07000116,3,0,1,0,1,19,2,6,0,0,0,1,0,0,0,0,1,9,13
2024461492096,2024,461492096,629302,158412,1.28647,51.27868,3,3,5,19:30,-1,E07000108,6,2,1,0,2,"[19, 2]","[1, 0]","[5, 0]","[4, 0]",0,0,1,0,0,0,0,0,9,12
2024461492138,2024,461492138,636611,151616,1.38659,51.21469,3,3,2,15:45,-1,E07000108,4,0,1,0,1,"[19, 7]","[4, 1]","[8, 2]",0,0,0,1,0,1,0,0,0,9,16
2024461492142,2024,461492142,604101,159864,0.92649,51.3013,3,3,7,13:02,-1,E07000113,3,0,1,0,2,"[3, 4]",1,5,0,0,0,0,0,1,1,0,0,9,14
2024461492162,2024,461492162,551288,168303,0.17315,51.3936,3,3,2,15:00,-1,E07000111,4,0,1,0,1,19,"[6, 2]","[3, 5]",0,"[7, 1]","[5, 0]",1,0,0,0,0,0,9,16
2024461492168,2024,461492168,594579,171609,0.79649,51.41011,2,"[2, 3]",1,19:57,-1,E07000113,3,2,1,1,2,"[19, 13]",7,3,0,0,0,1,0,0,0,0,0,9,15
2024461492189,2024,461492189,599126,139763,0.84407,51.12254,2,2,2,15:56,-1,E07000105,6,0,1,0,2,19,2,6,0,0,0,1,1,0,0,0,0,9,16
2024461492242,2024,461492242,626614,148158,1.24151,51.1877,3,3,2,21:36,-1,E07000108,6,2,1,1,2,"[2, 19]","[0, 2]","[0, 2]","[4, 0]","[7, 0]",0,1,0,0,0,0,0,9,16
2024461492251,2024,461492251,572753,157424,0.47611,51.28975,2,"[2, 3]",3,02:11,-1,E07000115,4,2,1,0,2,19,1,5,10,7,4,1,0,0,0,0,0,9,17
2024461492295,2024,461492295,614961,157775,1.08079,51.27855,3,3,2,09:45,-1,E07000106,6,0,1,0,1,19,1,5,0,0,0,0,0,0,0,0,1,9,9
2024461492397,2024,461492397,581062,163767,0.59836,51.34414,2,2,3,09:57,-1,E06000035,6,0,1,0,1,9,3,2,11,0,0,1,0,0,0,0,1,9,17