collision_index,collision_year,collision_ref_no,location_easting_osgr,location_northing_osgr,longitude,latitude,casualty_severity,casualty_severity,day_of_week,time,local_authority_district,local_authority_ons_district,first_road_class,light_conditions,weather_conditions,road_surface_conditions,urban_or_rural_area,vehicle_manoeuvre,vehicle_direction_from,vehicle_direction_to,hit_object_in_carriageway,vehicle_leaving_carriageway,hit_object_off_carriageway,is_car,is_cyle,is_mcyle,is_goodsv,is_other,is_pedestrian,month,day
2024461492439,2024,461492439,574739,170352,0.5109,51.40528,2,"[2, 3]",3,08:39,-1,E06000035,3,0,1,0,2,"[12, 4]",8,4,0,0,0,1,0,0,0,0,0,9,17
2024461492462,2024,461492462,622705,136726,1.17861,51.0866,2,2,3,08:43,-1,E07000112,6,0,1,0,1,9,1,8,0,0,0,1,0,0,0,0,1,9,17
2024461492464,2024,461492464,555778,175230,0.24067,51.45462,2,2,5,16:05,-1,E07000107,3,0,1,0,2,"[3, 19]",7,3,0,0,0,1,0,0,1,0,0,8,22
2024461492508,2024,461492508,607690,128929,0.96005,51.02221,2,2,3,11:21,-1,E07000112,6,0,1,0,2,19,7,7,0,1,0,1,0,0,0,0,0,9,17
2024461492572,2024,461492572,569114,146098,0.41863,51.18909,3,3,3,15:00,-1,E07000110,6,0,1,0,2,"[19, 5]","[5, 7]","[1, 3]",0,0,0,1,0,0,0,0,0,9,17
2024461492600,2024,461492600,636425,168217,1.39491,51.36378,3,3,3,17:30,-1,E07000114,3,0,1,0,1,19,"[3, 5]","[7, 1]",0,0,0,1,0,1,0,0,0,9,17
2024461492653,2024,461492653,554584,156781,0.21548,51.28919,3,3,2,07:59,-1,E07000111,3,0,1,0,1,19,"[3, 7]","[7, 3]","[10, 0]","[1, 0]","[2, 0]",1,0,0,0,0,0,9,16
2024461492683,2024,461492683,636264,171317,1.39466,51.39167,2,2,3,22:00,-1,E07000114,4,2,1,0,1,19,"[7, 3]","[3, 7]",0,0,0,1,0,1,0,0,0,9,17
2024461492690,2024,461492690,601160,124944,0.86486,50.98874,2,2,7,10:18,-1,E07000112,6,0,1,0,2,19,1,3,0,1,0,1,0,0,0,0,0,9,14
2024461492717,2024,461492717,555907,175079,0.24246,51.45323,2,2,3,07:16,-1,E07000107,3,0,1,0,2,19,5,1,0,0,0,0,0,1,0,0,0,9,17
2024461492728,2024,461492728,577490,166991,0.54873,51.37423,2,2,3,08:40,-1,E06000035,3,0,1,0,1,5,7,3,0,0,0,1,0,0,0,0,1,9,17
2024461492737,2024,461492737,576116,152429,0.52183,51.24385,2,2,3,13:33,-1,E07000110,3,0,1,0,1,"[2, 19, 20]","[0, 6, 4]","[0, 5, 8]","[4, 0]",0,0,1,0,0,0,0,0,9,17
2024461492739,2024,461492739,551513,172978,0.17837,51.43555,3,3,6,13:04,-1,E07000107,3,0,1,0,2,"[3, 19]",3,7,0,0,0,1,0,0,0,0,0,9,13
2024461492740,2024,461492740,560065,148276,0.29022,51.21126,3,3,7,01:15,-1,E07000115,6,2,1,0,1,"[19, 2]","[2, 0]","[6, 0]",0,0,0,1,0,0,0,0,0,9,14
2024461492750,2024,461492750,614691,157571,1.0768,51.27682,3,3,6,18:30,-1,E07000106,6,0,1,0,1,"[6, 19]",3,"[1, 7]",0,0,0,0,1,1,0,0,0,9,13
2024461492760,2024,461492760,555310,139131,0.21825,51.1304,3,3,4,12:15,-1,E07000116,3,0,1,0,1,19,-1,-1,0,0,0,1,1,0,0,0,0,8,21
2024461492781,2024,461492781,578753,167858,0.5673,51.38162,3,3,4,15:08,-1,E06000035,6,0,1,0,1,19,3,7,0,0,0,1,0,0,0,0,1,9,11
2024461492824,2024,461492824,631003,141266,1.29979,51.12407,3,3,5,17:05,-1,E07000108,4,0,1,0,1,"[9, 19]","[3, 7]","[8, 3]",0,0,0,1,1,0,0,0,0,9,12
2024461492837,2024,461492837,559161,171935,0.28784,51.42408,3,3,1,11:47,-1,E07000107,4,0,1,0,2,"[19, 3]",-1,-1,0,0,0,1,0,0,0,0,0,9,15
2024461492844,2024,461492844,551575,173077,0.17931,51.43642,3,3,4,09:16,-1,E07000107,3,0,8,0,2,"[5, -1]","[2, -1]","[6, -1]","[0, -1]","[0, -1]",0,1,0,0,0,0,0,9,18
2024461492870,2024,461492870,551154,173040,0.17324,51.4362,3,3,1,08:25,-1,E07000107,6,0,1,0,2,"[19, 9]","[5, 8]","[1, 5]",0,0,0,1,0,0,0,0,0,8,18
2024461492874,2024,461492874,575294,163926,0.51571,51.34738,3,3,6,17:50,-1,E06000035,6,0,1,1,1,19,"[5, 2]","[2, 5]",0,0,0,1,0,0,0,0,0,9,6
2024461492889,2024,461492889,573336,171407,0.49127,51.41518,3,3,6,15:30,-1,E06000035,4,0,1,0,2,19,"[3, 1]","[7, 5]",0,0,0,1,0,0,0,0,0,9,13
2024461492979,2024,461492979,575923,155644,0.52065,51.27279,3,3,6,14:40,-1,E07000110,3,0,1,0,1,99,5,1,0,0,0,1,0,0,0,0,1,9,13
2024461492999,2024,461492999,614148,137068,1.05681,51.09292,2,2,3,19:11,-1,E07000112,3,2,1,0,2,"[19, 6]",7,3,0,0,0,0,0,1,1,0,0,9,17
2024461493022,2024,461493022,576490,163908,0.53285,51.34685,3,3,4,13:37,-1,E06000035,6,0,8,0,1,19,5,1,0,0,0,1,0,0,0,0,0,9,18
2024461493172,2024,461493172,566169,171369,0.38828,51.41699,3,3,3,15:46,-1,E07000109,6,0,1,0,1,"[19, 7]","[5, 2]","[1, 5]",0,0,0,1,1,0,0,0,0,9,17
2024461493176,2024,461493176,636889,152505,1.39115,51.22256,3,3,1,08:18,-1,E07000108,6,0,1,0,1,"[19, 2]","[2, 0]","[6, 0]","[4, 0]",0,0,1,0,0,0,0,0,9,8
2024461493208,2024,461493208,553819,165343,0.20822,51.36632,2,2,3,20:53,-1,E07000111,3,2,1,0,2,19,2,6,0,0,0,1,0,0,0,0,1,9,17
2024461493252,2024,461493252,571254,171124,0.46122,51.41327,3,3,7,09:55,-1,E07000109,6,0,1,0,2,19,1,5,0,0,0,1,0,0,0,0,1,9,14
2024461493632,2024,461493632,576938,155378,0.53505,51.27008,3,3,5,15:30,-1,E07000110,6,0,1,0,1,"[19, 9]","[7, 3]","[5, 8]",0,"[0, 7]",0,1,0,0,0,0,0,9,19
2024461493703,2024,461493703,555398,147435,0.22309,51.20499,3,3,6,01:26,-1,E07000111,4,2,1,0,2,9,1,5,0,1,0,1,0,0,0,0,0,9,20
2024461493716,2024,461493716,549476,156858,0.14232,51.29124,3,3,6,04:20,-1,E07000111,1,2,1,0,2,"[11, 19]",3,7,0,0,0,1,0,0,1,0,0,9,20
2024461493770,2024,461493770,579201,168575,0.57409,51.38792,3,3,2,17:30,-1,E06000035,6,0,9,-1,1,-1,-1,-1,-1,-1,0,1,0,0,0,0,1,9,16
2024461493778,2024,461493778,560593,167296,0.30632,51.382,3,3,2,14:25,-1,E07000111,6,0,1,0,1,"[19, 3]",1,5,0,0,0,1,0,0,0,0,0,9,16
2024461493796,2024,461493796,565947,172210,0.38549,51.42461,3,3,3,08:45,-1,E07000109,6,0,1,0,1,"[5, 19]","[7, 5]","[3, 1]",0,0,0,1,1,0,0,0,0,9,10
2024461493973,2024,461493973,613928,152917,1.0631,51.23532,2,2,6,14:45,-1,E07000106,6,0,1,0,2,19,3,1,0,0,0,1,0,0,0,0,0,9,20
2024461494085,2024,461494085,613746,158039,1.06355,51.28137,2,"[2, 3]",7,00:24,-1,E07000106,3,2,1,0,1,4,1,5,11,8,1,1,0,0,0,0,0,9,21
2024461494096,2024,461494096,576074,165014,0.52743,51.35691,2,2,6,23:39,-1,E06000035,6,2,1,0,1,"[2, 19]","[0, 1]","[0, 5]","[0, 4]",0,0,1,0,0,1,0,0,9,20
2024461494175,2024,461494175,635525,164745,1.37971,51.33299,3,3,7,09:20,-1,E07000114,6,0,1,0,2,19,1,5,0,7,0,0,0,1,0,0,0,9,21
2024461494236,2024,461494236,574129,169976,0.50196,51.40209,3,3,7,13:17,-1,E06000035,3,0,1,0,1,"[9, 13]","[5, 2]","[2, 6]",0,0,0,1,0,1,0,0,0,9,21
2024461494240,2024,461494240,570408,163119,0.44523,51.34161,2,2,2,13:51,-1,E07000115,3,0,1,0,2,19,5,1,9,0,0,0,0,1,0,0,0,9,16
2024461494280,2024,461494280,635627,169880,1.38457,51.37904,2,"[3, 2]",6,14:50,-1,E07000114,4,0,1,0,1,"[9, 14]","[5, 2]","[2, 7]",0,0,0,1,0,1,0,0,0,9,20
2024461494296,2024,461494296,576077,147473,0.51884,51.19934,2,2,7,14:54,-1,E07000110,3,0,1,0,2,19,4,8,0,0,0,1,0,0,0,0,0,9,21
2024461494330,2024,461494330,601194,142518,0.87512,51.14655,2,2,7,00:01,-1,E07000105,3,2,1,0,1,19,1,5,0,3,0,1,0,0,0,0,1,9,21
2024461494405,2024,461494405,613395,164805,1.06257,51.34226,3,3,7,11:55,-1,E07000106,3,0,1,0,2,4,7,3,0,0,0,1,0,1,0,0,0,9,21
2024461494411,2024,461494411,575489,171503,0.52224,51.41538,3,3,7,12:30,-1,E06000035,6,0,1,0,2,19,1,1,0,0,0,1,0,1,0,0,0,9,21
2024461494474,2024,461494474,602407,171431,0.9088,51.40577,3,3,7,15:25,-1,E07000113,6,0,1,0,2,"[4, 19]","[7, 1]","[3, 5]",0,0,0,1,1,0,0,0,0,9,21
2024461494602,2024,461494602,565743,158496,0.37617,51.30146,3,3,7,23:00,-1,E07000115,3,2,2,1,2,"[19, 3]","[7, 3]","[3, 7]","[0, 2]",0,0,1,0,0,0,0,0,9,21
2024461494620,2024,461494620,591011,163578,0.74094,51.33919,3,3,6,15:58,-1,E07000113,6,0,1,0,1,9,7,3,0,0,0,1,0,0,0,0,1,8,30
2024461494689,2024,461494689,599058,136190,0.84113,51.09047,2,2,2,06:57,-1,E07000105,6,0,1,1,2,19,5,1,0,1,0,1,0,0,0,0,0,9,23
2024461494711,2024,461494711,575176,163706,0.5139,51.34544,2,"[3, 2]",2,07:19,-1,E06000035,6,2,1,0,1,"[19, 1]","[1, 7]","[5, 3]",0,0,0,1,0,0,0,0,0,9,16
2024461494717,2024,461494717,575642,164756,0.52111,51.35473,3,3,1,13:30,-1,E06000035,6,0,1,0,1,19,5,1,0,0,0,1,0,0,0,0,0,9,1
2024461494724,2024,461494724,575798,168219,0.52506,51.38579,3,3,3,07:35,-1,E06000035,3,0,1,0,1,"[9, 3]","[5, 1]","[7, 5]",0,0,0,1,0,0,1,0,0,9,17
2024461494772,2024,461494772,571572,170680,0.46557,51.40919,3,3,2,07:12,-1,E07000109,3,0,2,1,2,"[19, 9]","[5, 3]",8,"[0, 10]",0,0,1,0,0,0,0,0,9,23
2024461494773,2024,461494773,543941,155770,0.06256,51.28289,3,3,4,12:00,-1,E07000111,6,0,1,0,2,19,7,3,0,0,0,1,1,0,0,0,0,9,18
2024461494822,2024,461494822,576527,153085,0.52803,51.24961,3,3,3,09:30,-1,E07000110,6,0,1,0,1,19,3,7,0,0,0,1,1,0,0,0,0,9,17
2024461494833,2024,461494833,579495,166263,0.57714,51.36706,3,3,4,12:39,-1,E06000035,6,0,1,0,1,19,3,7,0,0,0,1,0,0,0,0,1,9,18
2024461495005,2024,461495005,618213,167898,1.13353,51.3682,2,2,1,17:28,-1,E07000106,6,0,1,0,1,"[19, 5, 2]","[3, 0]","[7, 0]",0,0,0,1,0,1,0,0,0,9,22
2024461495017,2024,461495017,632752,166223,1.34094,51.3474,3,3,1,10:13,-1,E07000114,4,0,2,1,2,19,"[7, 3]","[2, 7]",0,0,0,1,0,1,0,0,0,9,22
2024461495092,2024,461495092,561430,172822,0.32085,51.43141,2,2,2,09:27,-1,E07000107,3,0,1,1,2,"[19, 3]","[5, 0]","[1, 0]","[4, 0]","[3, 0]","[4, 0]",1,0,0,1,0,0,9,23
2024461495116,2024,461495116,557071,172248,0.25795,51.42747,2,2,2,10:48,-1,E07000107,3,0,1,1,2,"[11, 12]",3,7,"[0, 11]",0,0,1,0,0,0,0,0,9,23
2024461495162,2024,461495162,555554,171685,0.2359,51.42283,3,3,7,17:30,-1,E07000107,1,0,1,0,2,"[19, 11]",1,5,0,0,0,1,0,0,0,0,0,6,22
2024461495399,2024,461495399,632810,169901,1.34418,51.38039,3,3,1,14:40,-1,E07000114,3,0,1,0,1,"[19, 6, 2]","[7, 0]","[3, 5, 0]",0,0,0,1,0,1,0,0,0,9,22
2024461495400,2024,461495400,601157,157162,0.88279,51.27808,3,3,2,16:00,-1,E07000113,3,0,1,0,2,19,5,1,0,0,0,1,0,0,0,0,0,9,23
2024461495429,2024,461495429,627356,153506,1.2555,51.23542,2,"[3, 2]",3,15:29,-1,E07000108,6,0,1,0,2,19,1,3,0,7,0,1,0,0,0,0,0,9,24
2024461495545,2024,461495545,591019,168597,0.74375,51.38427,2,2,3,23:44,-1,E07000113,3,2,1,0,2,19,5,1,0,3,0,1,0,0,0,0,0,9,24
2024461495564,2024,461495564,589475,152078,0.71282,51.23642,2,2,5,18:10,-1,E07000110,6,0,1,0,2,"[19, 2]","[7, 0]","[3, 0]",0,0,0,1,1,0,0,0,0,9,19
2024461495604,2024,461495604,588322,168253,0.70485,51.38208,3,3,7,16:15,-1,E07000113,6,0,1,0,2,"[19, 4]",7,3,0,0,0,1,0,0,0,0,0,9,21
2024461495628,2024,461495628,586404,143822,0.66459,51.16327,3,3,7,10:30,-1,E07000105,6,0,1,0,2,"[3, 19]",7,3,0,0,0,1,0,0,0,0,0,9,21
2024461495667,2024,461495667,554402,172093,0.21952,51.42681,3,3,5,22:25,-1,E07000107,3,2,1,0,2,"[19, -1]","[7, -1]","[3, -1]","[0, -1]","[0, -1]",0,1,0,0,0,0,0,9,19
2024461495750,2024,461495750,635695,151507,1.37342,51.21409,2,2,4,10:10,-1,E07000108,6,0,2,1,1,"[9, 19]","[6, 2]","[2, 6]",0,0,0,1,1,0,0,0,0,9,25
2024461495769,2024,461495769,637912,168202,1.41622,51.36302,3,3,4,11:02,-1,E07000114,3,0,1,0,1,19,"[2, 8]","[6, 4]",0,0,0,1,0,0,0,0,0,9,25
2024461495844,2024,461495844,615369,157848,1.08667,51.27905,3,3,3,14:30,-1,E07000106,6,0,1,0,1,5,7,5,0,3,0,1,0,0,0,0,1,9,24
2024461495924,2024,461495924,632012,149808,1.31969,51.20035,3,3,7,15:55,-1,E07000108,6,0,1,0,2,19,2,6,0,0,0,1,0,0,0,0,1,9,21
2024461495932,2024,461495932,580132,154723,0.58046,51.2632,3,3,4,15:08,-1,E07000110,6,0,1,0,2,"[19, 4]","[6, 1]","[2, 6]",0,0,0,1,0,0,0,0,0,9,25
2024461495985,2024,461495985,584101,160885,0.64046,51.31728,2,2,4,22:50,-1,E07000110,3,2,2,1,2,19,6,6,0,1,0,1,0,0,0,0,0,9,25
2024461495989,2024,461495989,580154,162888,0.58489,51.33654,2,2,1,08:47,-1,E06000035,3,0,7,1,2,19,1,5,0,0,0,1,0,0,0,0,0,9,22
2024461496010,2024,461496010,550396,157416,0.15574,51.29601,3,3,4,13:25,-1,E07000111,1,0,1,0,2,"[19, 12]",7,7,0,0,0,1,0,0,1,0,0,9,25
2024461496032,2024,461496032,576031,168999,0.52879,51.39272,3,3,1,18:15,-1,E06000035,3,0,1,0,1,4,7,3,0,0,0,1,0,0,0,0,0,9,1
2024461496039,2024,461496039,570525,158366,0.44464,51.29888,3,3,5,16:50,-1,E07000115,6,0,2,1,1,"[19, 5]","[3, 7]","[7, 3]",0,0,0,1,0,1,0,0,0,9,5
2024461496134,2024,461496134,569457,169551,0.43465,51.39968,1,1,5,02:30,-1,E07000109,1,2,2,1,2,19,7,3,0,4,6,1,0,0,0,0,0,9,26
2024461496182,2024,461496182,632380,157630,1.33002,51.27041,3,3,5,16:15,-1,E07000108,6,0,1,0,2,"[19, 6]","[5, 1]","[1, 5]",0,0,0,1,0,1,0,0,0,9,19
2024461496209,2024,461496209,633191,158282,1.34205,51.27593,3,3,5,10:02,-1,E07000108,6,0,1,0,2,19,2,6,0,0,0,1,0,0,0,0,1,9,26
2024461496344,2024,461496344,576144,167489,0.52966,51.37912,3,3,5,06:20,-1,E06000035,3,0,2,1,1,"[5, 9]","[7, 2]","[3, 7]",0,0,0,1,0,1,0,0,0,9,26
2024461496425,2024,461496425,604252,159809,0.92862,51.30075,3,3,5,15:38,-1,E07000113,3,0,8,1,2,4,3,7,0,0,0,1,0,0,1,0,0,9,26
2024461496435,2024,461496435,548695,156476,0.13097,51.28801,1,1,5,12:25,-1,E07000111,1,0,1,1,2,"[19, 15, 11]",3,7,0,0,0,1,0,1,1,0,0,9,26
2024461496532,2024,461496532,566193,153908,0.38048,51.26011,3,3,2,18:01,-1,E07000115,3,0,1,0,2,"[2, 19]","[7, 3]","[3, 7]",0,0,0,1,0,0,0,0,0,9,16
2024461496552,2024,461496552,567765,172761,0.41187,51.42902,2,2,3,22:02,-1,E07000109,3,2,1,1,1,4,7,3,0,0,0,1,0,0,0,0,1,9,24
2024461496593,2024,461496593,575815,168184,0.52528,51.38547,3,3,6,16:30,-1,E06000035,3,0,1,0,1,19,8,4,0,0,0,1,0,0,0,0,1,9,20
2024461496624,2024,461496624,575800,166669,0.52432,51.37186,3,3,6,08:20,-1,E06000035,6,0,1,0,1,19,"[5, 7]","[1, 3]",0,0,0,1,0,0,0,0,0,9,20
2024461496682,2024,461496682,610739,165967,1.02518,51.35368,3,3,6,11:55,-1,E07000106,4,0,1,1,1,1,6,2,0,0,0,1,0,0,0,0,1,9,27
2024461496848,2024,461496848,575886,128300,0.50677,51.02716,3,3,6,18:28,-1,E07000116,4,0,1,1,2,"[5, 19]",5,5,0,0,0,1,0,0,0,0,0,9,27
2024461496945,2024,461496945,559371,172656,0.29118,51.4305,3,3,1,22:56,-1,E07000107,3,2,2,1,2,19,3,7,0,0,0,1,0,0,0,0,0,9,22
2024461496950,2024,461496950,551777,172826,0.1821,51.43411,3,3,6,15:42,-1,E07000107,6,0,2,1,2,"[3, 19]",7,3,0,0,0,1,0,0,0,0,0,9,27
2024461496994,2024,461496994,572352,167012,0.475,51.376,3,3,2,05:12,-1,E06000035,1,2,2,1,2,19,4,8,0,0,0,1,0,0,0,0,0,9,23
2024461497046,2024,461497046,570981,166714,0.45517,51.37374,3,3,6,18:55,-1,E06000035,6,2,1,1,2,"[19, 9]","[3, 5]","[7, 5]",0,0,0,1,0,1,0,0,0,9,27
2024461497102,2024,461497102,590882,163727,0.73917,51.34058,3,3,7,14:35,-1,E07000113,3,0,1,0,1,"[5, 3]",7,"[4, 3]",0,0,0,1,0,0,1,0,0,9,28
2024461497145,2024,461497145,637137,166742,1.40414,51.35024,3,3,6,23:22,-1,E07000114,3,2,8,1,1,"[5, 19]","[5, 2]","[1, 6]",0,0,0,1,1,0,0,0,0,9,27
2024461497168,2024,461497168,554529,170666,0.22072,51.41396,3,3,7,18:50,-1,E07000107,1,2,1,0,2,"[3, 4]",5,1,0,0,0,1,0,0,0,0,0,9,28
2024461497186,2024,461497186,580574,164734,0.59185,51.35299,2,2,7,17:41,-1,E06000035,6,0,1,0,1,"[1, 19]","[1, 7]","[5, 7]","[0, 10]",0,0,1,0,1,0,0,0,9,28
2024461497217,2024,461497217,621065,141538,1.15817,51.13043,2,"[2, 3]",6,20:45,-1,E07000112,3,2,1,0,2,"[19, 5]","[5, 7]","[1, 3]",0,0,0,1,0,0,0,0,0,9,27
2024461497242,2024,461497242,622354,167556,1.19271,51.36352,2,2,7,22:35,-1,E07000106,3,2,1,0,2,19,3,7,0,1,4,1,0,0,0,0,0,9,28
2024461497397,2024,461497397,602829,120060,0.88589,50.94429,2,2,1,10:25,-1,E07000112,6,0,1,0,2,19,3,5,0,7,9,0,0,1,0,0,0,9,29
2024461497407,2024,461497407,637267,165193,1.40497,51.33629,2,"[3, 2]",7,14:02,-1,E07000114,6,0,1,0,1,"[4, 14]","[5, 1]","[1, 5]",0,"[1, 0]",0,1,0,1,0,0,1,9,28
2024461497457,2024,461497457,624925,139065,1.21171,51.10673,3,3,7,14:44,-1,E07000108,6,0,1,0,2,"[9, 2, 19]","[0, 5]","[1, 0]","[0, 4]",0,0,1,0,1,0,0,0,9,28
2024461497500,2024,461497500,544928,147457,0.07334,51.20794,3,3,1,18:17,-1,E07000111,4,2,1,1,2,"[2, 5]",1,"[4, 5]","[0, 4]",0,0,1,0,0,0,0,0,9,29
2024461497508,2024,461497508,573267,155480,0.48253,51.27213,3,3,3,10:20,-1,E07000110,4,0,1,0,1,19,5,1,0,0,0,1,0,0,0,0,1,9,24
2024461497544,2024,461497544,555977,173369,0.24272,51.43785,3,3,3,13:50,-1,E07000107,3,0,1,0,1,"[4, 19]",3,7,0,0,0,1,0,0,0,0,0,9,24
2024461497547,2024,461497547,569013,159362,0.42344,51.30828,3,3,1,11:45,-1,E07000115,3,0,1,0,2,"[20, 19]",3,7,0,"[0, 1]","[0, 10]",1,0,0,0,0,0,9,29
2024461497572,2024,461497572,614625,157494,1.07581,51.27615,3,3,1,13:55,-1,E07000106,6,0,1,0,1,19,5,1,0,0,0,1,0,0,0,0,1,9,22
2024461497576,2024,461497576,576584,156166,0.53037,51.27727,3,3,2,08:15,-1,E07000110,4,0,2,1,1,19,7,3,0,0,0,1,0,0,0,0,1,9,30
2024461497620,2024,461497620,556032,175050,0.24425,51.45294,3,3,7,15:13,-1,E07000107,3,0,1,0,1,"[4, 19]",5,1,0,0,0,1,0,0,0,0,0,8,31
2024461497677,2024,461497677,574353,151083,0.49594,51.2323,3,3,7,07:50,-1,E07000110,4,0,1,0,2,19,-1,-1,0,0,0,1,1,0,0,0,0,9,21
2024461497682,2024,461497682,626714,166369,1.25448,51.35115,3,3,7,10:15,-1,E07000114,6,0,1,0,2,19,-1,-1,0,0,0,1,0,1,0,0,0,9,14
2024461497717,2024,461497717,576557,153634,0.52873,51.25454,3,3,2,14:14,-1,E07000110,3,0,1,0,1,"[19, 4]",3,7,0,0,0,1,0,0,1,0,0,7,1
2024461497736,2024,461497736,604033,159950,0.92556,51.30209,3,3,2,22:14,-1,E07000113,3,2,1,0,2,19,3,7,0,0,0,1,0,0,0,0,0,9,23
2024461497975,2024,461497975,552433,173449,0.1918,51.43953,3,3,5,10:37,-1,E07000107,6,0,1,0,2,"[3, 19]",1,4,0,0,0,1,0,0,0,0,0,9,26
2024461498020,2024,461498020,592781,170966,0.77032,51.40495,3,3,4,16:40,-1,E07000113,3,0,1,0,2,"[19, 3, 4]",5,1,0,0,0,1,0,0,0,0,0,9,25
2024461498051,2024,461498051,578927,166644,0.56918,51.37066,3,3,5,12:55,-1,E06000035,3,0,1,1,1,19,3,7,0,0,0,1,0,0,0,0,0,9,26
2024461498065,2024,461498065,558774,141348,0.26869,51.14937,3,3,7,18:12,-1,E07000116,6,0,1,0,1,19,1,5,0,0,0,1,0,0,0,0,0,9,28
2024461498089,2024,461498089,555323,173779,0.23349,51.44171,3,3,5,08:40,-1,E07000107,3,0,1,0,1,"[19, 4]",3,7,0,0,0,1,0,0,0,0,0,9,26
2024461498111,2024,461498111,587664,156800,0.68938,51.27943,3,3,1,09:05,-1,E07000110,6,0,1,0,2,19,"[7, 3]","[3, 7]",0,0,0,1,1,0,0,0,0,9,29
2024461498182,2024,461498182,636742,170515,1.40099,51.38427,3,3,5,17:43,-1,E07000114,6,0,1,0,1,"[10, 15]","[3, 7]","[5, 3]","[0, 10]",0,0,1,0,1,0,0,0,8,15
2024461498266,2024,461498266,626999,166364,1.25856,51.35099,2,2,3,13:38,-1,E07000114,3,0,1,1,2,19,3,7,0,0,0,1,0,0,0,0,1,10,1
2024461498326,2024,461498326,614017,158559,1.06774,51.28594,3,3,3,15:20,-1,E07000106,6,0,2,1,1,"[5, 19]","[6, 4]","[2, 8]",0,0,0,1,0,0,0,0,0,10,1
2024461498415,2024,461498415,576315,156303,0.52659,51.27859,2,2,3,21:02,-1,E07000110,4,2,2,1,1,19,4,8,0,0,0,1,0,0,0,0,1,10,1
2024461498421,2024,461498421,615025,158699,1.08226,51.28682,3,3,3,23:55,-1,E07000106,4,2,2,1,1,2,0,0,0,0,0,1,0,0,0,0,0,10,1
2024461498450,2024,461498450,636987,165667,1.40127,51.34066,3,3,5,12:03,-1,E07000114,4,0,1,1,1,"[9, 19]","[5, 1]","[3, 5]",0,0,0,1,0,1,0,0,0,9,26
2024461498465,2024,461498465,600880,142253,0.87049,51.14429,3,3,6,13:05,-1,E07000105,6,0,8,1,1,"[10, 3]",3,7,0,0,0,1,0,0,0,0,0,9,27
2024461498487,2024,461498487,557351,174346,0.2629,51.44625,3,3,6,16:15,-1,E07000107,3,0,1,0,1,19,"[7, 3]","[3, 7]",0,0,0,1,0,0,0,0,0,9,27
2024461498510,2024,461498510,546692,148377,0.09895,51.21576,3,3,4,07:40,-1,E07000111,4,0,1,0,2,"[5, 19, 3]","[4, 6, 8]","[8, 2, 4]",0,0,0,1,0,0,0,0,0,10,2
2024461498537,2024,461498537,573923,169047,0.49854,51.3938,3,3,1,20:17,-1,E06000035,3,2,1,1,1,"[19, 3]",8,4,0,0,0,1,0,0,0,0,0,9,22
2024461498601,2024,461498601,620625,166594,1.16732,51.35556,3,3,4,08:38,-1,E07000106,6,0,2,1,2,"[9, 19]","[3, 5]","[6, 1]",0,0,0,1,0,0,0,0,0,10,2
2024461498671,2024,461498671,637519,152666,1.40026,51.22374,3,3,5,12:15,-1,E07000108,6,0,1,0,1,19,5,1,0,0,0,1,0,0,0,0,1,8,22
2024461498694,2024,461498694,588873,164892,0.71098,51.35171,3,3,4,09:25,-1,E07000113,4,0,1,0,2,"[3, 5]","[7, 1]","[3, 5]",0,1,0,1,0,0,1,0,0,10,2
2024461498901,2024,461498901,600183,144470,0.86177,51.16444,3,3,5,07:20,-1,E07000105,1,0,1,0,2,19,7,"[3, 4]",0,0,0,1,0,0,0,0,0,10,3
2024461498916,2024,461498916,636427,167885,1.39472,51.3608,2,2,5,08:07,-1,E07000114,3,0,1,0,1,"[19, 14]",5,1,0,0,0,1,0,0,0,0,0,9,26
2024461498961,2024,461498961,575691,167963,0.52339,51.38352,3,3,7,12:05,-1,E06000035,6,0,1,0,1,"[8, 3]",-1,-1,0,0,0,1,1,0,0,0,0,9,28
2024461499021,2024,461499021,630154,145821,1.29059,51.16531,2,2,4,18:11,-1,E07000108,6,2,1,0,1,"[19, 4]",5,1,0,0,0,1,0,1,0,0,0,10,2
2024461499103,2024,461499103,637558,151117,1.39979,51.20982,3,3,5,11:34,-1,E07000108,3,0,1,0,1,"[19, 10]","[1, 6]","[5, 1]",0,"[7, 1]",0,1,0,0,0,0,0,10,3
2024461499162,2024,461499162,575967,155853,0.52138,51.27465,3,3,4,13:47,-1,E07000110,6,0,1,0,1,1,5,1,0,0,0,1,0,0,0,0,1,10,2
2024461499203,2024,461499203,581031,166892,0.5995,51.37222,2,2,4,15:30,-1,E06000035,6,0,1,0,1,15,4,8,0,0,0,1,0,0,0,0,1,10,2
2024461499233,2024,461499233,638554,169023,1.42598,51.37012,3,3,5,15:35,-1,E07000114,6,0,1,0,1,3,7,4,0,1,0,1,0,0,0,0,1,10,3
2024461499266,2024,461499266,600347,162161,0.874,51.32326,3,3,5,15:35,-1,E07000113,4,0,1,0,2,19,"[2, 8]","[6, 4]",0,0,0,0,0,0,0,1,0,10,3
2024461499381,2024,461499381,556699,175836,0.25419,51.45981,3,3,6,13:57,-1,E07000107,3,0,1,0,1,19,1,5,0,0,0,1,0,0,0,1,0,9,27
2024461499444,2024,461499444,635704,170943,1.38638,51.38855,3,3,7,18:15,-1,E07000114,6,0,1,0,1,19,"[4, 1]","[8, 6]",0,0,0,1,1,0,0,0,0,7,6