collision_index,collision_year,collision_ref_no,location_easting_osgr,location_northing_osgr,longitude,latitude,casualty_severity,casualty_severity,day_of_week,time,local_authority_district,local_authority_ons_district,first_road_class,light_conditions,weather_conditions,road_surface_conditions,urban_or_rural_area,vehicle_manoeuvre,vehicle_direction_from,vehicle_direction_to,hit_object_in_carriageway,vehicle_leaving_carriageway,hit_object_off_carriageway,is_car,is_cyle,is_mcyle,is_goodsv,is_other,is_pedestrian,month,day
2024461512319,2024,461512319,577299,153395,0.53924,51.25216,3,3,3,15:10,-1,E07000110,3,0,1,0,1,"[19, 9]","[8, 1]","[8, 2]",0,0,0,1,0,1,0,0,0,10,15
2024461512367,2024,461512367,599587,161114,0.86252,51.31412,2,2,2,16:00,-1,E07000113,3,0,1,0,2,"[4, 19]","[5, 7]",3,0,0,0,1,0,0,0,0,0,11,4
2024461512399,2024,461512399,565817,145747,0.37133,51.1869,3,3,2,17:00,-1,E07000116,3,0,1,0,2,"[9, 19]","[7, 5]","[3, 1]",0,0,0,1,0,0,0,0,0,11,4
2024461512403,2024,461512403,558782,139782,0.26812,51.1353,2,2,2,17:09,-1,E07000116,6,2,1,0,1,"[6, 19]","[5, 1]","[1, 5]",0,0,0,1,0,0,0,0,0,11,4
2024461512412,2024,461512412,635502,165018,1.37956,51.33545,3,3,2,16:11,-1,E07000114,6,2,1,0,2,"[19, 3]","[1, 5]","[5, 1]",0,0,0,1,0,0,0,0,0,11,4
2024461512499,2024,461512499,635935,171096,1.3898,51.38982,3,3,2,12:25,-1,E07000114,6,0,4,0,1,19,7,3,0,0,0,0,0,1,0,0,1,10,28
2024461512502,2024,461512502,578725,152168,0.55904,51.24069,2,2,1,22:25,-1,E07000110,6,2,8,1,1,19,1,5,0,0,0,1,0,0,0,0,1,10,27
2024461512562,2024,461512562,613430,166710,1.06421,51.35935,3,3,5,13:00,-1,E07000106,3,0,1,0,1,"[3, 19]",7,3,0,0,0,1,0,0,0,0,0,10,24
2024461512631,2024,461512631,597720,124457,0.81565,50.98555,3,3,2,05:52,-1,E07000112,3,2,1,0,2,19,6,8,0,7,1,1,0,0,0,0,0,11,4
2024461512830,2024,461512830,622800,136235,1.17966,51.08215,3,3,3,21:08,-1,E07000112,3,2,1,0,1,19,7,8,0,0,0,0,0,1,0,0,0,11,5
2024461512940,2024,461512940,571536,168376,0.46394,51.3885,3,3,2,16:35,-1,E06000035,1,2,1,0,1,"[19, 3, 4]",1,5,0,0,0,1,0,0,0,0,0,10,28
2024461512942,2024,461512942,552843,152758,0.18882,51.25351,3,3,4,07:05,-1,E07000111,6,0,7,1,1,19,5,5,0,7,4,1,0,0,0,0,0,11,6
2024461512956,2024,461512956,576052,155445,0.5224,51.27096,3,3,7,14:35,-1,E07000110,3,0,1,1,1,"[3, 19]",1,5,0,0,0,1,0,0,0,0,0,10,26
2024461512978,2024,461512978,590859,173106,0.74387,51.42482,3,3,7,13:00,-1,E07000113,3,0,4,0,2,19,"[7, 5]","[3, 1]",0,0,0,1,0,0,0,0,0,10,26
2024461512990,2024,461512990,584170,167103,0.64466,51.37311,2,2,2,09:03,-1,E07000113,6,0,1,0,2,19,"[-1, 1]","[-1, 5]",0,0,0,0,1,1,0,0,0,10,28
2024461512998,2024,461512998,618299,167882,1.13476,51.36802,3,3,3,18:14,-1,E07000106,6,2,1,0,1,"[14, 19]","[3, 5]","[7, 1]",0,0,0,1,1,0,0,0,0,10,29
2024461513052,2024,461513052,570332,158345,0.44186,51.29875,3,3,2,19:30,-1,E07000115,6,2,2,1,1,"[3, 19]",1,5,0,0,0,1,0,0,0,0,0,10,28
2024461513146,2024,461513146,558202,145591,0.26239,51.18765,3,3,4,15:40,-1,E07000115,6,0,1,1,1,"[2, 4]","[3, 1]",7,0,0,0,1,0,0,0,0,0,11,6
2024461513183,2024,461513183,562967,171725,0.34244,51.42111,3,3,4,16:53,-1,E07000109,3,2,1,1,2,"[4, 19]","[4, 7]","[3, 5]",0,0,0,1,0,0,0,0,0,11,6
2024461513224,2024,461513224,558854,160514,0.27833,51.32155,3,3,3,15:48,-1,E07000111,1,0,1,0,2,19,3,5,0,1,0,1,0,0,0,0,0,11,5
2024461513241,2024,461513241,574554,171405,0.50876,51.41479,2,"[2, 3]",3,18:53,-1,E06000035,3,2,1,0,2,19,7,"[6, 3]",0,0,0,1,0,0,0,0,0,11,5
2024461513261,2024,461513261,575143,171377,0.51721,51.41436,3,3,4,19:47,-1,E06000035,3,2,1,1,2,"[5, 19]",7,3,0,0,0,1,0,0,0,0,0,11,6
2024461513315,2024,461513315,566950,169995,0.39886,51.40441,3,3,5,06:45,-1,E07000109,3,0,1,0,2,"[19, 13]",7,3,0,0,0,1,0,0,0,0,0,10,31
2024461513320,2024,461513320,588882,134593,0.69516,51.07956,2,2,7,11:00,-1,E07000105,3,0,2,1,2,19,1,5,0,1,0,1,0,0,0,0,0,11,2
2024461513343,2024,461513343,564396,166663,0.36063,51.37522,3,3,6,22:05,-1,E07000109,3,2,4,0,2,"[3, 19]",5,1,0,0,0,1,0,0,0,0,0,11,1
2024461513458,2024,461513458,573973,170437,0.49994,51.40627,3,3,5,16:07,-1,E06000035,6,0,1,0,1,"[9, 7]","[1, 3]","[3, 5]",0,0,0,1,0,1,0,0,0,10,31
2024461513486,2024,461513486,574011,155045,0.49297,51.26799,2,2,4,20:10,-1,E07000110,3,2,1,1,1,19,3,7,0,0,0,1,0,0,0,0,1,11,6
2024461513515,2024,461513515,602397,144335,0.89331,51.16245,2,2,5,12:57,-1,E07000105,3,0,1,0,1,19,1,5,10,0,0,1,0,0,0,0,0,11,7
2024461513572,2024,461513572,556845,171327,0.25429,51.41926,2,"[3, 2]",4,17:40,-1,E07000107,4,2,2,1,2,"[19, 14]","[4, 8]",4,0,0,0,1,0,0,0,0,0,11,6
2024461513581,2024,461513581,551040,168901,0.16984,51.39904,2,2,5,16:04,-1,E07000111,4,0,1,0,1,"[19, 9]",8,"[4, 6]",0,0,0,1,0,1,0,0,0,11,7
2024461513716,2024,461513716,554415,145954,0.2084,51.19195,3,3,6,00:47,-1,E07000111,6,2,1,1,2,19,5,1,0,0,0,1,0,0,0,0,0,11,8
2024461513751,2024,461513751,568727,158139,0.41876,51.29738,3,3,4,07:43,-1,E07000115,3,0,1,0,2,"[4, 13]",1,5,0,0,0,0,0,1,1,0,0,11,6
2024461513772,2024,461513772,631443,145258,1.30863,51.15973,3,3,7,14:05,-1,E07000108,3,0,1,0,2,4,5,1,0,0,0,1,0,0,0,0,0,10,26
2024461513777,2024,461513777,617526,168137,1.12383,51.37061,2,2,2,10:05,-1,E07000106,6,0,1,0,1,"[19, 5]",5,1,0,0,0,1,0,0,0,0,0,8,5
2024461513793,2024,461513793,631480,144679,1.30878,51.15452,3,3,2,16:15,-1,E07000108,3,0,2,1,2,"[7, 11]",6,1,0,"[4, 0]",0,1,0,0,0,0,0,10,21
2024461513809,2024,461513809,613547,158971,1.06126,51.28982,3,3,3,17:00,-1,E07000106,3,0,1,0,1,19,1,5,0,0,0,1,0,0,0,0,0,10,22
2024461513818,2024,461513818,568212,137338,0.40164,51.11065,3,3,1,11:55,-1,E07000116,3,0,1,0,2,"[5, 19]",1,5,0,0,0,1,1,0,0,0,0,11,3
2024461513851,2024,461513851,613738,156739,1.06266,51.2697,2,2,4,18:45,-1,E07000106,3,2,2,1,2,5,3,1,0,0,0,1,0,0,0,0,1,10,30
2024461513909,2024,461513909,569934,169576,0.44152,51.39976,2,"[2, 3]",1,11:38,-1,E07000109,1,0,1,0,2,"[19, 12]",7,3,0,0,0,1,0,0,1,0,0,11,3
2024461514055,2024,461514055,602832,140435,0.89733,51.12727,2,2,6,17:05,-1,E07000105,6,2,1,0,1,19,7,3,0,0,0,1,0,0,0,0,1,11,8
2024461514058,2024,461514058,565973,146218,0.37378,51.19109,3,3,6,16:44,-1,E07000116,6,2,1,1,2,9,6,2,0,1,0,1,0,0,0,0,0,11,8
2024461514066,2024,461514066,557037,151652,0.24838,51.24243,3,3,6,19:28,-1,E07000115,6,2,1,1,2,7,5,7,0,0,0,1,0,0,0,0,0,11,8
2024461514074,2024,461514074,554199,174270,0.21755,51.44643,2,2,6,18:43,-1,E07000107,6,2,1,0,1,7,2,6,0,0,0,1,0,0,0,0,1,11,8
2024461514088,2024,461514088,575758,155654,0.51829,51.27293,2,2,7,00:12,-1,E07000110,3,2,1,0,1,19,5,1,0,0,0,0,0,1,0,0,0,11,9
2024461514130,2024,461514130,561761,172570,0.32549,51.42905,3,3,6,13:51,-1,E07000107,3,0,1,0,2,"[9, 3]","[2, 8]","[7, 3]",0,0,0,1,0,0,0,0,0,11,8
2024461514169,2024,461514169,576838,168688,0.54022,51.38968,3,3,7,09:04,-1,E06000035,3,0,1,0,1,19,3,7,0,0,0,1,0,0,0,0,1,11,9
2024461514253,2024,461514253,636615,170848,1.39939,51.38732,3,3,7,13:38,-1,E07000114,6,0,1,0,1,"[19, 4]",3,7,"[11, 0]",0,0,1,0,0,0,0,1,11,9
2024461514260,2024,461514260,563972,156733,0.34998,51.28613,2,2,7,00:01,-1,E07000115,4,2,1,0,2,19,"[5, 1]","[1, 5]",0,0,0,1,0,0,0,0,0,11,9
2024461514316,2024,461514316,577321,169431,0.54753,51.3962,3,3,7,01:38,-1,E06000035,6,2,1,0,1,"[4, 15]","[3, 7]","[7, 3]",0,0,0,1,0,1,0,0,0,11,9
2024461514338,2024,461514338,621929,138296,1.16851,51.10099,3,3,7,18:45,-1,E07000112,3,2,2,1,2,3,5,5,11,0,0,1,0,0,0,0,0,11,9
2024461514339,2024,461514339,622193,136210,1.17099,51.08216,3,3,7,21:00,-1,E07000112,3,2,2,1,1,19,1,5,0,0,0,1,0,0,0,0,1,11,9
2024461514356,2024,461514356,575406,150211,0.51058,51.22414,3,3,7,16:50,-1,E07000110,3,2,8,0,2,19,1,5,0,0,0,1,0,0,0,0,0,11,9
2024461514464,2024,461514464,591977,139215,0.74175,51.12005,3,3,3,10:16,-1,E07000105,3,0,1,1,2,19,5,7,0,0,0,1,0,0,0,0,0,10,22
2024461514502,2024,461514502,558781,172557,0.28266,51.42977,3,3,1,11:41,-1,E07000107,4,0,1,0,2,19,"[2, 6]","[8, 7]",0,0,0,1,0,1,0,0,0,11,10
2024461514613,2024,461514613,553686,174901,0.21044,51.45224,3,3,1,12:49,-1,E07000107,3,0,1,0,1,"[19, 2]","[8, 0]","[4, 0]","[4, 0]",0,0,1,0,0,0,0,0,11,10
2024461514649,2024,461514649,622622,136565,1.17732,51.08518,3,3,2,12:25,-1,E07000112,3,0,1,0,1,9,"[7, 1]","[5, 7]",0,0,0,1,0,0,0,0,0,11,4
2024461514686,2024,461514686,571519,169511,0.46425,51.3987,3,3,2,10:21,-1,E07000109,3,0,1,0,2,"[19, 7]",7,"[3, 2]","[10, 0]",0,0,1,0,1,0,0,0,11,11
2024461514812,2024,461514812,573689,169592,0.49545,51.39877,3,3,7,22:25,-1,E06000035,6,2,1,0,1,19,4,8,0,0,0,1,0,0,0,0,0,3,2
2024461514880,2024,461514880,569573,158243,0.43094,51.29806,2,2,1,18:34,-1,E07000115,3,2,1,0,1,"[9, 19]","[3, 7]","[1, 3]",0,"[1, 0]",0,1,0,1,0,0,0,11,10
2024461514948,2024,461514948,592555,174453,0.76897,51.43634,2,2,2,05:55,-1,E07000113,6,2,1,0,1,19,"[4, 6]","[8, 2]",0,0,0,1,0,1,0,0,0,11,11
2024461514969,2024,461514969,564202,173565,0.36104,51.43729,3,3,2,19:44,-1,E07000109,6,2,1,0,1,"[5, 19]",1,"[3, 5]",0,0,0,1,0,0,0,0,0,11,11
2024461514974,2024,461514974,576099,155770,0.52323,51.27387,3,3,2,05:22,-1,E07000110,6,2,1,1,1,"[7, 19]",1,"[3, 1]",0,0,0,1,0,1,0,0,0,11,11
2024461514976,2024,461514976,601266,126382,0.86717,51.00162,3,3,2,15:30,-1,E07000112,3,0,1,0,2,"[5, 19]","[2, 8]",6,0,0,0,1,0,0,0,0,0,11,11
2024461515009,2024,461515009,588064,136779,0.68463,51.09947,3,3,3,01:57,-1,E07000105,6,2,1,0,2,9,7,4,"[7, 0]","[3, 0]",0,1,0,0,0,0,0,11,12
2024461515010,2024,461515010,552630,167787,0.1922,51.3886,3,3,3,03:03,-1,E07000111,3,2,1,0,2,19,6,2,0,0,0,1,0,0,0,0,0,11,12
2024461515306,2024,461515306,578017,168017,0.55681,51.38328,3,3,6,15:03,-1,E06000035,6,0,1,0,1,20,3,7,0,0,0,1,0,0,0,0,1,11,8
2024461515350,2024,461515350,606901,159298,0.96627,51.2952,3,3,3,12:28,-1,E07000113,6,0,2,1,2,"[2, 4]","[0, 5]","[0, 3]","[0, 4]",0,0,1,0,0,0,0,0,11,12
2024461515468,2024,461515468,623053,147994,1.19054,51.18763,2,2,2,18:15,-1,E07000106,3,2,1,0,2,19,1,5,0,"[1, 0]",0,1,1,0,0,0,0,11,11
2024461515520,2024,461515520,577510,166122,0.54859,51.36642,3,3,3,13:54,-1,E06000035,6,0,1,1,1,"[4, 7]","[6, 3]","[2, 5]",0,"[0, 1]","[0, 1]",1,0,0,0,0,0,11,12
2024461515608,2024,461515608,552251,172672,0.18885,51.4326,3,3,4,22:00,-1,E07000107,6,2,1,0,1,4,4,8,0,0,0,1,0,0,0,0,0,10,9
2024461515611,2024,461515611,590770,166180,0.73888,51.36264,3,3,4,18:19,-1,E07000113,6,2,2,1,1,9,5,1,0,0,0,1,0,0,0,0,1,11,6
2024461515617,2024,461515617,553507,172121,0.20667,51.42731,3,3,4,08:14,-1,E07000107,4,0,1,1,1,3,6,3,0,0,0,1,0,1,0,0,0,11,13
2024461515620,2024,461515620,593403,139826,0.76242,51.12506,3,3,4,07:04,-1,E07000105,3,0,1,0,2,"[19, 4]",7,3,"[4, 0]",0,0,1,0,0,0,0,0,11,13
2024461515680,2024,461515680,635420,171139,1.38244,51.39042,3,3,5,13:40,-1,E07000114,6,0,1,0,1,"[9, 19]","[1, 5]","[5, 1]",0,0,0,1,1,0,0,0,0,11,7
2024461515738,2024,461515738,570837,169502,0.45445,51.39883,2,2,7,10:55,-1,E07000109,3,0,1,0,1,19,1,"[3, 7]",0,0,0,1,1,0,0,0,0,11,9
2024461515762,2024,461515762,555726,175310,0.23996,51.45536,3,3,6,13:10,-1,E07000107,3,0,1,0,2,"[3, 19]",3,6,0,0,0,1,0,0,0,0,0,11,8
2024461515769,2024,461515769,626919,153849,1.24947,51.23867,2,2,4,11:30,-1,E07000108,6,0,1,1,2,"[5, 19]","[4, 6]",2,"[0, 11]",0,0,1,0,0,0,0,0,11,13
2024461515771,2024,461515771,554554,173989,0.22253,51.44381,3,3,5,19:40,-1,E07000107,3,0,4,0,1,19,"[3, 1]","[7, 5]",0,0,0,1,0,1,0,0,0,11,7
2024461515877,2024,461515877,607435,151688,0.96951,51.22667,3,3,4,16:10,-1,E07000105,3,2,1,0,2,19,2,6,0,1,0,1,0,0,0,0,0,11,13
2024461515979,2024,461515979,568979,169662,0.42784,51.40082,3,3,4,17:38,-1,E07000109,3,2,1,0,2,"[19, 12]",7,3,0,0,0,1,0,0,1,0,0,11,13
2024461516203,2024,461516203,600541,142399,0.86573,51.14572,2,2,6,18:45,-1,E07000105,6,2,1,0,1,19,5,1,0,0,0,1,1,0,0,0,0,11,8
2024461516226,2024,461516226,637169,166351,1.40434,51.34672,3,3,6,15:00,-1,E07000114,6,2,1,0,1,19,3,7,0,0,0,1,1,0,0,0,0,11,8
2024461516253,2024,461516253,603658,141122,0.90951,51.13315,3,3,6,17:30,-1,E07000105,3,2,1,0,2,"[3, 4]",1,5,0,0,0,1,0,0,0,0,0,11,8
2024461516265,2024,461516265,576480,154710,0.52816,51.26423,3,3,6,14:50,-1,E07000110,3,0,1,0,1,19,1,5,0,0,0,0,0,0,1,0,1,11,8
2024461516267,2024,461516267,620885,135986,1.15221,51.08065,2,2,7,17:40,-1,E07000112,6,2,2,1,1,"[19, 10]","[7, 5]","[3, 1]",0,0,0,1,1,0,0,0,0,11,9
2024461516386,2024,461516386,573026,151567,0.47719,51.23705,3,3,7,16:20,-1,E07000110,4,0,1,0,2,"[10, 19]",3,"[1, 7]",0,"[0, 1]",0,1,0,0,0,0,0,5,25
2024461516407,2024,461516407,559184,147180,0.27713,51.20166,3,3,5,12:30,-1,E07000115,3,0,1,0,1,"[13, 7]","[1, 7]","[3, 2]",0,0,0,1,0,1,0,0,0,11,14
2024461516532,2024,461516532,576515,167296,0.53489,51.37727,3,3,4,16:16,-1,E06000035,6,0,1,0,1,3,7,3,0,0,0,1,0,0,0,0,1,11,6
2024461516573,2024,461516573,544129,155816,0.06527,51.28326,2,2,4,10:47,-1,E07000111,3,0,1,0,2,19,"[8, 3]","[4, 7]",0,"[7, 3]","[1, 3]",1,0,0,0,0,0,11,13
2024461516600,2024,461516600,553553,152804,0.199,51.25373,2,"[2, 3]",2,08:15,-1,E07000111,3,0,1,0,2,19,"[1, 5]","[5, 1]",0,"[1, 0]","[2, 0]",1,0,0,0,0,0,11,11
2024461516618,2024,461516618,555707,173152,0.23874,51.43597,2,2,5,14:25,-1,E07000107,3,0,1,0,1,12,5,1,10,0,0,0,0,1,0,0,0,11,14
2024461516634,2024,461516634,613104,166939,1.05968,51.36153,3,3,5,15:30,-1,E07000106,6,0,1,0,1,"[3, 1]",3,"[1, 7]",0,0,0,1,0,0,0,0,0,10,24
2024461516638,2024,461516638,637322,150758,1.39618,51.20669,3,3,2,16:06,-1,E07000108,3,0,1,0,1,19,5,1,0,0,0,1,0,0,0,0,1,11,4
2024461516639,2024,461516639,574026,169999,0.50049,51.40232,3,3,3,02:30,-1,E06000035,6,2,1,0,1,5,1,5,0,0,0,1,0,0,0,0,1,11,12
2024461516644,2024,461516644,555959,173902,0.24269,51.44264,3,3,2,16:10,-1,E07000107,3,2,1,0,1,"[19, 3]",7,3,0,0,0,1,0,0,0,0,0,11,11
2024461516645,2024,461516645,619959,166748,1.15787,51.3572,3,3,2,15:00,-1,E07000106,6,0,1,0,2,"[5, 19]","[5, 3]","[7, 1]",0,0,0,1,1,0,0,0,0,11,11
2024461516663,2024,461516663,631167,142548,1.30295,51.13552,3,3,6,08:45,-1,E07000108,3,0,1,0,1,19,-1,-1,0,0,0,1,0,0,0,0,0,11,8
2024461516712,2024,461516712,602518,144542,0.89516,51.16426,3,3,7,12:30,-1,E07000105,3,0,1,0,1,19,1,5,0,0,0,1,0,0,0,0,0,11,9
2024461516778,2024,461516778,573916,158759,0.49342,51.30139,3,3,3,14:30,-1,E07000110,6,0,1,0,1,"[19, 4]",3,7,0,0,0,1,0,1,0,0,0,11,12
2024461516815,2024,461516815,614515,133960,1.0602,51.06488,3,3,6,10:10,-1,E07000112,3,0,1,0,1,"[2, 19]","[0, 7]","[0, 3]",0,0,0,1,0,0,0,0,0,11,15
2024461516968,2024,461516968,551766,173444,0.18221,51.43966,3,3,4,10:55,-1,E07000107,6,0,1,0,2,5,8,2,0,0,0,1,0,0,0,0,1,11,13
2024461516992,2024,461516992,637952,165446,1.41495,51.33827,3,3,1,13:54,-1,E07000114,3,0,1,0,1,"[5, 19]","[3, 1]","[7, 5]",0,0,0,1,1,0,0,0,0,11,10
2024461516993,2024,461516993,635521,170521,1.38347,51.38484,3,3,4,19:30,-1,E07000114,4,2,1,1,1,"[10, 19]","[5, 1]","[3, 5]",0,0,0,1,0,1,0,0,0,11,13
2024461517024,2024,461517024,638272,164980,1.41923,51.33395,2,2,6,21:14,-1,E07000114,6,2,1,0,1,9,5,3,0,0,0,1,0,0,0,0,1,11,15
2024461517028,2024,461517028,629872,142153,1.28422,51.13249,3,3,6,20:30,-1,E07000108,6,2,1,0,1,"[2, 6, 19]","[0, 7, 3]","[0, 3, 7]","[0, 4]",0,0,1,0,0,0,0,0,11,15
2024461517039,2024,461517039,554101,173186,0.21567,51.43672,3,3,5,14:42,-1,E07000107,3,0,1,0,1,"[19, 11]",5,1,0,0,0,1,0,1,0,0,0,11,14
2024461517051,2024,461517051,581900,166174,0.61161,51.3655,3,3,6,19:00,-1,E06000035,6,2,1,0,1,"[19, 9]","[2, 8]",6,0,1,1,1,0,0,0,0,0,11,15
2024461517165,2024,461517165,618842,135990,1.12309,51.08147,3,3,7,09:35,-1,E07000112,6,0,1,0,1,"[2, 3, 19]","[0, 5, 1]","[0, 1, 5]","[0, 4]",0,0,1,0,0,0,0,0,11,16
2024461517178,2024,461517178,613498,142031,1.05048,51.13773,3,3,7,08:45,-1,E07000112,4,0,1,0,2,19,5,1,0,0,0,1,0,0,0,0,0,11,16
2024461517266,2024,461517266,614510,157413,1.07411,51.27547,2,2,7,18:15,-1,E07000106,3,2,1,0,1,5,8,3,0,0,0,1,0,0,0,0,1,11,16
2024461517310,2024,461517310,575933,168932,0.52735,51.39215,2,2,7,21:15,-1,E06000035,3,2,2,1,1,19,2,2,0,0,0,0,0,0,1,0,1,11,16
2024461517341,2024,461517341,561778,140641,0.31129,51.14218,1,1,7,18:03,-1,E07000116,3,2,1,0,2,"[19, 2]",8,4,11,0,0,1,0,0,0,0,0,11,16
2024461517346,2024,461517346,577408,168397,0.54826,51.38689,3,3,7,22:11,-1,E06000035,3,2,2,1,1,"[2, 19]","[0, 3]","[0, 1]",4,0,0,1,0,0,0,0,0,11,16
2024461517351,2024,461517351,613420,166696,1.06406,51.35923,2,"[3, 2]",7,22:54,-1,E07000106,3,2,2,1,1,7,3,7,7,0,0,1,0,0,0,0,0,11,16
2024461517364,2024,461517364,550654,138988,0.1517,51.13036,3,3,1,00:50,-1,E07000116,3,2,1,1,2,19,"[7, 3]",3,6,0,0,1,0,0,0,0,0,11,17
2024461517368,2024,461517368,606207,164731,0.95947,51.34424,3,3,7,21:00,-1,E07000106,6,2,2,1,2,19,"[5, 3]","[3, 5]",0,0,0,1,0,0,0,0,0,11,16
2024461517464,2024,461517464,594091,174797,0.79123,51.43891,3,3,1,11:07,-1,E07000113,6,0,1,0,2,"[13, 19]","[4, 8]","[8, 4]",0,0,0,1,0,0,0,0,0,11,17
2024461517565,2024,461517565,635528,169837,1.38312,51.37869,3,3,1,20:37,-1,E07000114,4,2,1,0,1,2,0,0,0,0,0,1,0,0,0,0,1,11,17
2024461517638,2024,461517638,555949,174945,0.24301,51.45202,3,3,3,07:00,-1,E07000107,3,0,1,0,2,"[8, 10]",5,1,0,0,0,1,0,0,1,0,0,11,12
2024461517643,2024,461517643,558127,142163,0.25981,51.15688,2,2,4,15:27,-1,E07000116,3,0,1,0,1,"[5, 19]","[3, 5]","[5, 1]",0,0,0,1,1,0,0,0,0,11,13
2024461517645,2024,461517645,599956,143121,0.85777,51.1524,3,3,2,15:40,-1,E07000105,3,0,1,0,1,19,3,7,0,0,0,1,1,0,0,0,0,11,11
2024461517648,2024,461517648,564649,173730,0.36754,51.43864,3,3,3,18:05,-1,E07000109,3,2,1,0,1,19,"[4, 2]","[8, 6]",0,0,0,1,0,0,0,0,0,11,12
2024461517650,2024,461517650,552769,158742,0.19031,51.3073,3,3,2,08:20,-1,E07000111,3,0,1,1,2,19,"[5, 1]","[1, 5]",0,0,0,1,0,0,0,0,0,11,18
2024461517652,2024,461517652,575962,168947,0.52777,51.39228,3,3,4,18:55,-1,E06000035,3,2,1,0,1,19,7,3,0,0,0,1,0,0,0,0,0,11,13
2024461517695,2024,461517695,594912,173929,0.80255,51.43083,2,2,2,08:00,-1,E07000113,6,0,1,0,1,4,1,3,0,0,0,0,0,1,0,0,0,11,18
2024461517757,2024,461517757,578401,152594,0.55461,51.24462,2,2,5,17:25,-1,E07000110,3,2,8,0,1,"[5, 3]",7,3,0,0,0,1,0,1,0,0,0,10,3
2024461517758,2024,461517758,613971,153206,1.06388,51.23789,3,3,2,09:35,-1,E07000106,6,0,1,1,2,19,"[5, 3]","[1, 7]",0,"[0, 8]",0,1,0,0,0,0,0,11,18
2024461517798,2024,461517798,575574,166855,0.52117,51.3736,3,3,5,19:00,-1,E06000035,3,2,1,0,1,9,"[7, 1]","[5, 7]",0,0,0,1,0,0,0,0,0,11,14
2024461517836,2024,461517836,556573,174047,0.25158,51.44378,3,3,2,14:13,-1,E07000107,3,0,1,0,1,19,3,7,0,0,0,0,0,0,0,1,1,11,18
2024461517979,2024,461517979,634124,165251,1.35997,51.33811,2,2,3,06:48,-1,E07000114,6,0,2,1,2,"[19, 5]",3,7,0,0,0,1,1,0,0,0,0,11,19
2024461518008,2024,461518008,554117,172837,0.21574,51.43358,3,3,3,01:35,-1,E07000107,3,2,2,1,1,19,5,4,0,8,0,1,0,0,0,0,0,11,19
2024461518048,2024,461518048,567119,159472,0.39634,51.30983,2,2,3,07:46,-1,E07000115,1,2,2,1,2,19,3,7,0,0,0,0,0,1,0,0,0,11,19
2024461518051,2024,461518051,628335,139699,1.26074,51.11107,3,3,7,21:00,-1,E07000108,4,2,5,1,2,"[4, 19]",2,6,0,0,0,1,0,0,0,0,0,11,9
2024461518055,2024,461518055,613447,156563,1.05839,51.26823,3,3,4,15:25,-1,E07000106,6,0,1,0,1,"[9, 13]",1,5,0,0,0,1,0,1,0,0,0,11,13
2024461518143,2024,461518143,599413,142811,0.84985,51.14981,3,3,7,21:40,-1,E07000105,3,0,1,0,1,"[19, 4]",5,1,0,0,0,1,0,1,0,0,0,11,9
2024461518190,2024,461518190,570318,158317,0.44165,51.2985,3,3,6,14:50,-1,E07000115,3,0,1,0,1,19,3,7,0,0,0,1,0,1,0,0,0,11,15
2024461518208,2024,461518208,557448,174374,0.26431,51.44647,3,3,1,17:15,-1,E07000107,3,2,2,1,1,"[19, 2]",7,3,0,0,0,1,0,1,0,0,0,11,17
2024461518218,2024,461518218,574473,155081,0.49961,51.26818,3,3,3,09:00,-1,E07000110,6,0,2,1,1,9,1,6,0,0,0,1,0,0,0,0,1,11,19
2024461518254,2024,461518254,616024,158959,1.09672,51.28878,3,3,2,17:10,-1,E07000106,3,2,2,1,1,19,2,6,0,0,0,1,0,0,0,0,1,11,18
2024461518258,2024,461518258,575603,155455,0.51597,51.27119,2,2,4,17:25,-1,E07000110,3,2,1,0,1,19,3,7,11,0,0,1,0,0,0,0,1,11,13
2024461518259,2024,461518259,559206,153996,0.28047,51.26289,2,2,2,16:15,-1,E07000115,3,2,2,1,2,19,1,5,0,1,4,1,0,0,0,0,0,11,18
2024461518311,2024,461518311,637309,166888,1.4067,51.35148,3,3,3,15:10,-1,E07000114,6,0,2,1,1,"[9, 15]","[4, 2]","[2, 6]",0,0,0,1,0,1,0,0,0,11,19
2024461518334,2024,461518334,578719,167438,0.5666,51.37786,2,2,3,17:53,-1,E06000035,6,2,2,1,1,"[3, 7]",1,5,0,0,0,1,0,0,0,0,0,11,19
2024461518385,2024,461518385,563698,159009,0.34709,51.30666,3,3,3,04:40,-1,E07000115,1,2,2,1,2,19,3,7,0,0,0,1,0,0,0,0,0,11,19
2024461518435,2024,461518435,619161,167158,1.14667,51.36119,3,3,4,00:50,-1,E07000106,6,2,1,1,2,7,7,3,10,0,0,1,0,0,0,0,0,11,20
2024461518442,2024,461518442,574680,162978,0.50643,51.33905,2,"[3, 2]",4,02:20,-1,E07000115,1,2,1,1,1,"[19, 11]","[8, 1]","[4, 3]","[1, 0]",0,0,1,0,0,0,0,0,11,20
2024461518444,2024,461518444,552936,162897,0.19449,51.34459,3,3,4,00:07,-1,E07000111,3,2,1,2,2,19,1,5,0,7,11,1,0,0,0,0,0,11,20
2024461518445,2024,461518445,575341,143651,0.50645,51.16523,3,3,4,02:06,-1,E07000110,6,2,2,1,2,19,8,4,0,7,9,1,0,0,0,0,0,11,20