collision_index,collision_year,collision_ref_no,location_easting_osgr,location_northing_osgr,longitude,latitude,casualty_severity,casualty_severity,day_of_week,time,local_authority_district,local_authority_ons_district,first_road_class,light_conditions,weather_conditions,road_surface_conditions,urban_or_rural_area,vehicle_manoeuvre,vehicle_direction_from,vehicle_direction_to,hit_object_in_carriageway,vehicle_leaving_carriageway,hit_object_off_carriageway,is_car,is_cyle,is_mcyle,is_goodsv,is_other,is_pedestrian,month,day
2024461518466,2024,461518466,559399,175119,0.29269,51.45262,3,3,7,16:29,-1,E07000107,6,0,8,0,1,2,1,5,0,0,0,1,0,0,0,0,1,11,16
2024461518474,2024,461518474,576052,169018,0.5291,51.39289,3,3,4,23:30,-1,E06000035,3,2,2,1,1,4,3,7,0,0,0,1,0,0,0,0,0,9,25
2024461518478,2024,461518478,558599,145685,0.26811,51.18839,3,3,2,09:04,-1,E07000115,3,0,1,0,1,19,1,5,0,0,0,1,0,1,0,0,0,11,18
2024461518483,2024,461518483,635232,169705,1.37879,51.37763,3,3,7,19:50,-1,E07000114,4,2,1,0,1,19,"[7, 5]","[3, 1]",0,0,0,1,1,0,0,0,0,11,16
2024461518520,2024,461518520,594971,172184,0.80244,51.41514,3,3,4,12:00,-1,E07000113,6,0,1,0,2,19,3,7,0,0,0,1,0,0,0,0,1,11,13
2024461518643,2024,461518643,558120,175011,0.27425,51.45201,2,2,4,09:25,-1,E07000107,3,0,1,0,1,"[19, 9]","[4, 8]","[4, 1]",0,0,0,1,0,0,0,0,0,11,20
2024461518665,2024,461518665,615213,157266,1.08409,51.27388,3,3,2,19:34,-1,E07000106,6,2,2,1,1,"[19, 10]","[5, 3]","[1, 7]",0,0,0,1,0,0,0,0,0,11,18
2024461518842,2024,461518842,558701,170730,0.28069,51.41338,2,2,4,13:19,-1,E07000107,4,0,1,1,2,"[19, 9]","[3, 1]","[7, 2]",0,0,0,1,0,0,0,0,0,11,20
2024461518851,2024,461518851,614161,157036,1.06889,51.27221,2,"[3, 2]",2,21:00,-1,E07000106,6,2,2,1,1,19,3,7,0,1,3,1,0,0,0,0,0,11,18
2024461518919,2024,461518919,576903,155393,0.53456,51.27023,2,2,3,12:15,-1,E07000110,6,0,2,1,1,19,"[4, 7]","[7, 4]",0,0,0,1,0,0,0,0,0,11,19
2024461518935,2024,461518935,600239,143786,0.86219,51.15828,3,3,4,15:42,-1,E07000105,6,0,1,1,2,5,"[1, 5]","[3, 7]",0,0,0,1,0,0,0,0,0,11,20
2024461519089,2024,461519089,611502,165599,1.0359,51.35009,2,2,4,22:57,-1,E07000106,6,2,1,1,1,19,7,4,11,0,0,1,0,0,0,0,0,11,20
2024461519123,2024,461519123,604711,140936,0.92443,51.1311,3,3,5,06:48,-1,E07000105,1,2,1,1,2,"[19, 4]","[6, 4]","[2, 8]",0,0,0,1,0,0,1,0,0,11,21
2024461519178,2024,461519178,576953,167226,0.54114,51.37651,3,3,5,15:30,-1,E06000035,3,0,1,0,1,"[10, 19]","[5, 7]","[1, 3]",0,0,0,1,0,0,0,0,0,11,14
2024461519332,2024,461519332,635730,165864,1.38339,51.34295,3,3,3,16:30,-1,E07000114,3,2,2,1,2,"[3, 19]",5,1,0,0,0,1,0,0,0,0,0,11,19
2024461519336,2024,461519336,558979,172912,0.28566,51.43291,3,3,3,13:50,-1,E07000107,3,2,5,1,2,"[19, 5]","[3, 7, 5]","[7, 3]",0,0,0,1,0,0,0,0,0,11,19
2024461519586,2024,461519586,600252,159815,0.87132,51.30222,1,"[1, 3]",4,20:10,-1,E07000113,1,2,1,0,2,19,7,3,0,0,0,1,0,0,1,0,0,11,20
2024461519671,2024,461519671,599741,159063,0.86358,51.29565,3,3,5,21:04,-1,E07000113,6,2,1,2,2,19,3,7,0,0,0,1,0,0,0,0,0,11,21
2024461519672,2024,461519672,610988,162571,1.02674,51.3231,3,3,6,01:00,-1,E07000106,3,2,1,1,1,19,"[1, 4]","[4, 8]",0,0,0,1,0,0,0,0,0,11,22
2024461519742,2024,461519742,552919,162941,0.19427,51.34499,2,2,6,07:41,-1,E07000111,3,2,1,1,2,"[10, 19]","[7, 5]","[3, 1]",0,0,0,1,0,1,0,0,0,11,22
2024461519798,2024,461519798,554658,169531,0.22208,51.40373,3,3,4,07:10,-1,E07000107,6,0,8,2,2,"[3, 19]","[7, 3]","[3, 6]",0,0,0,1,0,0,0,0,0,11,20
2024461519856,2024,461519856,558463,173386,0.27846,51.43731,3,3,6,09:52,-1,E07000107,4,0,1,1,2,"[4, 19]",5,1,0,0,0,1,0,0,0,0,0,11,22
2024461520017,2024,461520017,552532,170821,0.19209,51.41589,3,3,6,17:54,-1,E07000111,4,2,1,0,1,3,"[3, 7]","[6, 2]","[0, 7]",0,0,1,0,0,0,0,0,11,15
2024461520125,2024,461520125,612191,160818,1.04294,51.30691,2,2,5,07:50,-1,E07000106,3,0,1,1,1,"[3, 19]",5,1,0,0,0,1,0,0,0,0,0,11,21
2024461520170,2024,461520170,572772,173135,0.48401,51.43088,2,2,5,19:01,-1,E07000109,6,2,8,2,2,19,3,7,0,0,0,1,0,0,0,0,0,11,21
2024461520173,2024,461520173,620891,137244,1.15306,51.09195,3,3,5,16:23,-1,E07000112,6,2,1,0,1,"[8, 19]","[4, 7]","[7, 3]",0,0,0,1,1,0,0,0,0,11,21
2024461520203,2024,461520203,615196,157592,1.08404,51.27681,3,3,6,20:15,-1,E07000106,3,2,1,1,1,"[19, 5]",1,"[5, 3]",0,0,0,1,1,0,0,0,0,11,22
2024461520222,2024,461520222,585943,164790,0.6689,51.35176,3,3,6,22:57,-1,E07000113,3,2,1,2,2,4,7,3,0,0,0,1,0,0,0,0,1,11,22
2024461520226,2024,461520226,555820,147105,0.22899,51.20191,2,2,6,17:28,-1,E07000115,3,2,8,1,2,"[2, 19]","[0, 5]","[0, 1]","[0, 7]",0,0,1,0,0,1,0,0,11,22
2024461520402,2024,461520402,576346,155404,0.52659,51.2705,3,3,6,10:00,-1,E07000110,6,0,1,0,1,7,6,5,0,0,0,1,0,0,0,0,1,11,22
2024461520430,2024,461520430,552381,172735,0.19075,51.43313,2,2,5,17:01,-1,E07000107,3,0,1,0,2,19,7,"[3, 7]",0,0,0,1,0,0,1,0,0,11,21
2024461520459,2024,461520459,558697,145530,0.26944,51.18697,3,3,7,13:03,-1,E07000115,6,0,5,1,1,19,"[4, 7]","[6, 5]",0,0,0,1,0,0,0,0,0,11,23
2024461520462,2024,461520462,562480,158326,0.32932,51.30087,3,3,7,14:35,-1,E07000115,1,0,5,1,2,4,3,7,0,5,7,1,0,0,0,0,0,11,23
2024461520484,2024,461520484,556137,173395,0.24503,51.43804,2,2,7,13:15,-1,E07000107,3,0,2,1,1,19,7,3,0,1,10,1,0,0,0,0,1,11,23
2024461520528,2024,461520528,621640,143682,1.16769,51.14946,2,2,3,17:00,-1,E07000112,3,2,1,0,2,19,"[2, 6]","[6, 1]",0,"[0, 2]",0,1,0,0,1,0,0,11,12
2024461520560,2024,461520560,590099,163153,0.72763,51.33568,3,3,7,21:10,-1,E07000113,6,2,2,1,1,7,5,7,0,0,0,1,0,0,0,0,0,11,23
2024461520573,2024,461520573,637786,149956,1.40228,51.1993,2,2,6,18:54,-1,E07000108,6,0,1,0,2,"[5, 19]","[3, 5]","[2, 1]",0,0,0,1,0,0,0,0,0,2,16
2024461520585,2024,461520585,614237,158347,1.07076,51.28396,2,2,7,19:48,-1,E07000106,6,2,2,1,1,"[9, 19]","[7, 4]","[3, 1]",0,1,0,1,0,0,0,1,0,11,23
2024461520601,2024,461520601,613818,156760,1.06382,51.26986,3,3,4,08:34,-1,E07000106,6,0,1,0,1,5,5,1,0,0,0,1,0,0,0,0,1,11,20
2024461520638,2024,461520638,552493,156064,0.18522,51.28331,3,3,7,10:19,-1,E07000111,6,0,2,1,1,7,3,6,0,0,0,1,0,0,0,0,1,11,23
2024461520663,2024,461520663,630111,144712,1.28926,51.15537,3,3,1,07:23,-1,E07000108,6,0,4,1,1,19,"[5, 1]","[1, 5]",0,0,0,1,0,0,0,0,0,11,24
2024461520668,2024,461520668,571189,172927,0.46116,51.42949,1,1,3,08:24,-1,E07000109,6,0,1,0,2,"[19, 2]","[3, 0]","[7, 0]","[4, 0]",0,0,1,0,0,0,0,0,11,5
2024461520673,2024,461520673,637314,168773,1.40803,51.3684,3,3,7,16:58,-1,E07000114,3,0,2,1,2,19,"[4, 8]","[8, 4]",0,0,0,1,0,0,0,0,0,3,2
2024461520752,2024,461520752,634284,154036,1.35491,51.23737,2,"[2, 3]",1,10:19,-1,E07000108,3,0,4,1,2,19,4,8,0,0,0,1,0,1,0,0,0,11,24
2024461520774,2024,461520774,589077,152536,0.70736,51.24066,3,3,7,15:35,-1,E07000110,3,2,2,1,2,"[5, 19]","[5, 3]","[2, 7]",0,0,0,1,0,0,0,0,0,11,23
2024461520783,2024,461520783,558474,172837,0.27837,51.43238,3,3,1,12:00,-1,E07000107,4,0,4,0,2,"[4, 5]",4,8,0,0,0,1,0,0,0,0,0,11,24
2024461520816,2024,461520816,571894,161632,0.46583,51.32781,3,3,7,15:25,-1,E07000115,6,0,2,1,2,19,1,2,0,1,9,1,0,0,0,0,0,11,23
2024461520871,2024,461520871,629557,140470,1.27865,51.11751,2,2,7,15:40,-1,E07000108,4,2,5,1,2,19,7,3,0,0,0,1,0,0,0,0,0,11,23
2024461520941,2024,461520941,630084,169235,1.30464,51.37552,3,3,1,09:45,-1,E07000114,6,0,1,0,1,19,5,1,0,0,0,1,0,0,0,0,1,8,11
2024461520943,2024,461520943,575395,165912,0.51813,51.36519,2,2,1,18:05,-1,E06000035,6,2,1,0,1,19,1,5,0,0,0,1,0,0,0,0,1,11,17
2024461520967,2024,461520967,580606,151199,0.58547,51.2314,2,"[2, 3]",7,07:37,-1,E07000110,3,0,1,0,2,19,"[1, 5]","[5, 1]","[0, 11]",0,0,1,0,1,0,0,0,5,25
2024461521010,2024,461521010,576454,167458,0.5341,51.37875,3,3,3,20:20,-1,E06000035,3,2,2,1,1,19,"[5, 1]","[3, 5]",0,0,0,1,1,0,0,0,0,11,19
2024461521092,2024,461521092,560555,165581,0.305,51.3666,3,3,2,15:30,-1,E07000111,6,0,2,1,1,19,3,7,0,0,0,1,0,0,0,0,1,11,18
2024461521100,2024,461521100,554720,175727,0.22568,51.45938,3,3,2,08:47,-1,E07000107,3,0,1,0,2,"[2, 14]","[0, 3]","[0, 7]","[0, 4]",0,0,1,0,0,1,0,0,11,25
2024461521107,2024,461521107,628602,165558,1.28103,51.34311,3,3,2,11:00,-1,E07000114,3,0,1,1,2,19,3,7,0,0,0,1,1,0,0,0,0,11,25
2024461521135,2024,461521135,630209,144948,1.29081,51.15745,3,3,3,15:20,-1,E07000108,6,0,1,0,1,"[19, 5]","[1, 7]","[5, 3]",0,0,0,1,1,0,0,0,0,11,19
2024461521166,2024,461521166,555000,139169,0.21384,51.13083,2,2,2,12:54,-1,E07000116,3,0,1,1,1,"[19, 5]","[7, 5]","[3, 1]",0,0,0,1,0,1,0,0,0,11,25
2024461521214,2024,461521214,585964,143868,0.65833,51.16383,3,3,1,18:45,-1,E07000110,6,2,4,1,2,19,2,4,0,1,4,1,0,0,0,0,0,11,24
2024461521253,2024,461521253,602650,141033,0.89507,51.13271,3,3,2,15:23,-1,E07000105,6,0,1,0,2,"[10, 19, 3]","[2, 7, 3]","[3, 7]",0,"[0, 1]",0,1,0,0,0,0,0,11,25
2024461521338,2024,461521338,571296,158383,0.45569,51.2988,3,3,2,17:10,-1,E07000115,3,2,1,1,1,"[19, 9]","[7, 3]","[3, 2]",0,0,0,1,0,0,0,0,0,11,25
2024461521341,2024,461521341,628962,145114,1.27312,51.15944,3,3,7,16:55,-1,E07000108,3,2,5,1,2,19,3,7,11,0,0,0,0,0,1,0,0,11,23
2024461521372,2024,461521372,594605,173607,0.79796,51.42805,3,3,2,20:45,-1,E07000113,6,2,1,0,1,19,1,5,0,1,0,1,0,0,0,0,0,11,25
2024461521400,2024,461521400,601619,139744,0.87963,51.12149,3,3,6,19:00,-1,E07000105,3,2,2,1,2,4,"[7, 6]",1,0,0,0,1,0,0,0,0,0,11,22
2024461521415,2024,461521415,571311,164328,0.45876,51.3522,3,3,4,19:00,-1,E07000115,6,2,1,1,2,19,"[2, 5]","[5, 1]",0,0,0,1,0,1,0,0,0,11,20
2024461521427,2024,461521427,574203,167719,0.50191,51.38179,3,3,3,22:03,-1,E06000035,4,2,1,1,1,"[9, 4, 13]","[7, 1]","[3, 5]",0,0,0,1,0,0,0,0,0,3,26
2024461521452,2024,461521452,591846,174906,0.75903,51.44065,2,2,2,17:15,-1,E07000113,3,2,2,1,1,5,"[4, 2]","[8, 4]",0,0,0,1,0,1,0,0,0,11,18
2024461521454,2024,461521454,582657,165887,0.62232,51.36268,3,3,6,08:00,-1,E06000035,6,0,8,1,2,19,3,7,0,0,0,1,0,0,0,0,1,11,22
2024461521469,2024,461521469,577789,135981,0.53765,51.09557,3,3,7,14:30,-1,E07000116,6,0,9,1,2,"[3, -1]","[5, -1]","[1, -1]","[0, -1]","[0, -1]",0,1,0,0,0,0,0,11,23
2024461521504,2024,461521504,575029,166520,0.51318,51.37076,2,2,3,08:00,-1,E06000035,6,0,1,0,1,"[5, 19]","[2, 8]","[5, 6]",0,0,0,1,0,0,0,0,0,11,26
2024461521520,2024,461521520,589700,163799,0.72226,51.34162,3,3,5,20:57,-1,E07000113,6,2,1,0,1,"[2, 19]","[0, 2]","[0, 6]",0,0,0,1,0,0,0,0,1,11,14
2024461521598,2024,461521598,630151,145802,1.29053,51.16514,3,3,6,09:20,-1,E07000108,6,0,1,0,1,"[4, 19]",5,1,0,0,0,1,0,0,0,0,0,11,22
2024461521716,2024,461521716,569556,133688,0.41911,51.07747,3,3,3,08:15,-1,E07000116,3,0,1,1,2,"[19, 5]","[5, 7]","[1, 3]",0,0,0,1,0,0,0,0,0,11,26
2024461521782,2024,461521782,589764,163860,0.72321,51.34214,3,3,3,17:24,-1,E07000113,3,2,1,1,1,"[19, 5]","[4, 6]","[8, 2]",0,0,0,1,0,1,0,0,0,11,26
2024461521808,2024,461521808,553050,156642,0.19344,51.28835,3,3,3,17:50,-1,E07000111,3,2,1,0,1,"[19, 9]","[6, 3]","[2, 8]",0,0,0,1,0,0,0,0,0,11,26
2024461521850,2024,461521850,621693,136941,1.16431,51.08892,3,3,2,21:29,-1,E07000112,6,2,1,0,1,"[9, 19]","[4, 1]","[1, 6]",0,0,0,1,0,0,0,0,0,11,25
2024461521854,2024,461521854,607144,139448,0.9583,51.11687,3,3,3,16:05,-1,E07000105,6,2,1,0,2,"[19, 5]","[3, 6]",8,0,1,0,1,0,0,0,0,0,11,26
2024461521865,2024,461521865,603632,152382,0.91551,51.23428,2,2,3,17:12,-1,E07000105,3,2,1,0,2,19,"[3, 7]","[7, 3]",0,"[0, 1]",0,1,0,0,0,0,0,11,26
2024461521866,2024,461521866,581004,148744,0.58992,51.20922,3,3,2,14:05,-1,E07000110,3,0,1,0,2,"[9, 19]",1,5,0,0,0,1,0,0,0,0,0,11,25
2024461521869,2024,461521869,626266,167195,1.24858,51.35874,3,3,2,16:49,-1,E07000114,3,2,1,0,2,19,7,3,0,0,0,1,0,0,0,0,0,11,25
2024461521876,2024,461521876,627086,167105,1.26028,51.3576,2,2,2,16:49,-1,E07000114,3,2,1,0,2,19,7,3,0,0,0,1,0,0,0,0,0,11,25
2024461521902,2024,461521902,557512,138162,0.24927,51.1211,2,2,7,15:43,-1,E07000116,6,2,5,1,1,"[19, 9, 3]","[5, 8, 1]","[1, 5]",0,0,0,1,0,0,0,0,0,11,23
2024461521926,2024,461521926,630635,142778,1.29551,51.13779,3,3,6,16:40,-1,E07000108,6,2,2,1,1,"[10, 19]",1,5,0,0,0,1,0,1,0,0,0,11,22
2024461521928,2024,461521928,558505,137622,0.26321,51.11597,3,3,4,05:23,-1,E07000116,6,2,2,1,1,"[19, 2]","[7, 0]","[5, 0]","[4, 0]","[0, 1]","[0, 4]",1,0,0,0,0,0,11,27
2024461521940,2024,461521940,633033,158279,1.33978,51.27597,3,3,7,18:00,-1,E07000108,6,2,1,0,2,19,5,1,0,0,0,1,0,0,0,1,0,10,26
2024461521957,2024,461521957,615400,158421,1.08746,51.28418,3,3,4,07:15,-1,E07000106,3,2,2,1,1,"[5, 7]","[3, 2]","[2, 6]",0,0,0,1,1,0,0,0,0,11,27
2024461521972,2024,461521972,556266,175519,0.24782,51.45709,3,3,7,09:11,-1,E07000107,3,0,2,1,1,19,7,1,0,0,0,1,0,0,1,0,0,11,23
2024461522059,2024,461522059,592798,174879,0.77269,51.44009,3,3,7,17:50,-1,E07000113,6,2,1,1,1,19,7,3,0,0,0,1,0,0,0,1,0,11,23
2024461522227,2024,461522227,589694,164500,0.72254,51.34792,2,2,3,18:30,-1,E07000113,4,2,1,1,2,19,"[2, 6]","[5, 1]",0,0,0,1,0,0,1,0,0,11,26
2024461522442,2024,461522442,587197,143070,0.67553,51.15626,3,3,7,10:02,-1,E07000105,6,0,2,1,2,"[19, 5]","[7, 3]",7,0,0,0,1,0,0,0,0,0,11,23
2024461522465,2024,461522465,572437,157930,0.47182,51.29439,3,3,5,17:10,-1,E07000115,6,2,2,1,1,"[9, 19]","[5, 3]","[1, 7]",0,0,0,1,1,0,0,0,0,11,7
2024461522506,2024,461522506,579170,137527,0.55811,51.10903,3,3,3,18:25,-1,E07000116,3,2,1,0,2,"[14, 2]","[3, 0]","[7, 0]","[4, 0]","[7, 0]",0,1,0,0,0,0,0,11,26
2024461522527,2024,461522527,606298,160472,0.95831,51.30597,2,"[3, 2]",4,18:25,-1,E07000113,6,2,1,1,2,19,"[7, 2]","[2, 6]",0,0,0,1,0,0,0,0,0,11,27
2024461522570,2024,461522570,553461,168476,0.20443,51.39457,2,"[3, 2]",5,08:26,-1,E07000111,6,0,1,2,2,4,"[1, 6]","[3, 5]",0,0,0,1,0,0,0,0,0,11,28
2024461522576,2024,461522576,601216,141246,0.87472,51.13512,2,2,5,06:52,-1,E07000105,4,0,1,2,2,"[5, 7]",1,"[1, 6]",0,0,0,1,1,0,0,0,0,11,28
2024461522654,2024,461522654,601008,130967,0.86604,51.04288,3,3,5,09:11,-1,E07000112,3,0,7,0,2,"[4, 3]",5,1,0,0,0,1,0,0,0,0,0,11,28
2024461522693,2024,461522693,638624,170942,1.42827,51.38732,3,3,5,09:46,-1,E07000114,6,0,1,0,1,5,8,4,0,0,0,0,0,1,0,0,0,11,28
2024461522854,2024,461522854,612663,156609,1.04719,51.26894,2,2,5,16:22,-1,E07000106,3,2,1,0,1,19,6,2,"[0, 11]",0,0,1,1,0,0,0,0,11,28
2024461522908,2024,461522908,635664,169895,1.38511,51.37916,2,2,5,18:30,-1,E07000114,4,2,1,0,1,"[19, 10]",3,"[7, 1]",0,0,0,1,0,0,0,0,0,11,28
2024461522946,2024,461522946,594889,171606,0.80094,51.40998,3,3,5,19:20,-1,E07000113,3,2,7,0,2,"[9, 19]","[3, 7]","[1, 3]",0,1,0,1,0,0,0,0,0,11,28
2024461522956,2024,461522956,575251,165299,0.51576,51.35973,3,3,5,21:19,-1,E06000035,3,2,1,1,1,"[2, 4]",6,2,0,0,0,1,0,0,0,0,0,11,28
2024461523045,2024,461523045,555603,170310,0.236,51.41047,3,3,5,17:15,-1,E07000107,3,2,1,0,2,19,5,1,0,0,0,0,0,1,0,0,1,11,21
2024461523104,2024,461523104,550541,169315,0.16285,51.40289,3,3,6,08:42,-1,E07000111,4,0,1,1,1,"[9, 19]",5,"[6, 1]",0,0,0,1,1,0,0,0,0,11,29
2024461523178,2024,461523178,604032,148031,0.91876,51.19506,2,2,6,08:58,-1,E07000105,3,0,1,0,2,4,2,"[6, 8]",0,0,0,1,0,0,0,1,0,11,29
2024461523182,2024,461523182,597870,145414,0.82925,51.17372,2,"[3, 2]",6,08:20,-1,E07000105,3,0,1,1,2,"[19, 3, 4]",8,4,"[4, 0]",0,0,1,0,0,0,0,0,11,29
2024461523184,2024,461523184,637864,167330,1.41495,51.35522,2,2,6,10:08,-1,E07000114,6,0,1,0,1,"[5, 19]",7,"[1, 2]",0,0,0,1,1,0,0,0,0,11,29
2024461523208,2024,461523208,560227,174560,0.30435,51.44736,2,2,1,13:00,-1,E07000107,6,0,4,0,1,1,3,7,0,0,0,1,0,0,0,0,1,11,24
2024461523211,2024,461523211,574459,162255,0.50291,51.33263,3,3,4,12:00,-1,E07000115,3,0,9,0,1,19,1,5,0,0,0,1,0,0,0,0,0,11,20
2024461523360,2024,461523360,614097,156760,1.06781,51.26976,3,3,6,16:52,-1,E07000106,6,2,1,1,1,"[9, 19]","[3, 5]",1,0,0,0,0,0,1,1,0,0,11,29
2024461523365,2024,461523365,583338,160443,0.62929,51.31356,2,2,6,17:32,-1,E07000110,3,2,1,0,2,"[19, 7]","[3, 5]",3,0,"[0, 1]",0,1,0,0,0,0,0,11,29
2024461523375,2024,461523375,611820,155958,1.03474,51.26341,2,2,6,17:03,-1,E07000106,3,2,1,0,2,"[9, 19]","[2, 6]","[8, 6]","[11, 0]","[1, 0]","[1, 0]",1,0,0,0,0,0,11,29
2024461523376,2024,461523376,630284,139910,1.28867,51.11219,2,2,6,17:01,-1,E07000108,6,2,1,1,1,"[5, 2]","[2, 0]","[6, 0]",0,0,0,1,0,0,0,0,1,11,29
2024461523417,2024,461523417,591993,174677,0.76102,51.43855,3,3,3,19:36,-1,E07000113,3,2,1,1,1,19,4,8,10,0,0,1,0,0,0,0,0,11,26
2024461523426,2024,461523426,554081,172897,0.21525,51.43413,3,3,6,17:13,-1,E07000107,3,2,1,0,1,19,8,5,0,0,0,1,0,0,0,0,1,11,29
2024461523445,2024,461523445,553846,173651,0.2122,51.44096,3,3,6,19:33,-1,E07000107,6,2,1,1,1,19,1,5,0,0,0,1,0,0,0,0,1,11,29
2024461523446,2024,461523446,560214,172692,0.30332,51.43058,2,2,6,19:06,-1,E07000107,3,0,1,1,2,"[7, 19, 12]",7,3,"[0, 4]","[0, 1]",0,1,0,0,0,0,0,11,29
2024461523450,2024,461523450,567525,147662,0.39664,51.20361,2,2,6,17:06,-1,E07000115,6,2,1,0,2,7,1,3,0,0,0,1,0,0,0,0,0,11,29
2024461523505,2024,461523505,575718,156930,0.51834,51.2844,2,"[2, 3]",5,21:14,-1,E07000110,3,2,1,0,2,19,0,0,10,0,0,1,0,0,0,0,0,11,28
2024461523516,2024,461523516,586364,143389,0.6638,51.1594,3,3,6,20:30,-1,E07000105,6,2,1,1,2,19,5,2,0,1,4,1,0,0,0,0,0,11,29
2024461523633,2024,461523633,547844,156278,0.11869,51.28646,2,"[3, 2]",7,11:33,-1,E07000111,1,0,7,1,2,"[4, 11]",7,"[3, 2]",0,0,0,1,0,0,1,0,0,11,30
2024461523707,2024,461523707,616986,157840,1.10982,51.27836,2,2,7,12:34,-1,E07000106,3,0,1,0,1,"[19, 9]","[7, 1]","[3, 7]",0,0,0,1,0,0,0,0,0,11,30
2024461523751,2024,461523751,552791,174365,0.19734,51.44766,3,3,7,17:19,-1,E07000107,3,2,1,1,1,"[2, 5, 19]","[0, 5, 3]","[0, 1, 7]","[0, 11, 4]",0,0,1,0,0,0,0,0,11,30
2024461523768,2024,461523768,558476,173442,0.27867,51.43781,3,3,7,16:21,-1,E07000107,4,2,1,0,2,"[19, 4]",5,1,0,0,0,1,0,0,0,0,0,11,30
2024461523800,2024,461523800,577986,157309,0.55102,51.2871,3,3,5,14:50,-1,E07000110,1,0,1,0,2,"[2, 19]","[0, 2]","[0, 8]",0,0,0,1,0,0,0,0,0,11,28
2024461523811,2024,461523811,563112,173647,0.34541,51.43834,3,3,7,19:20,-1,E07000109,4,2,1,1,1,"[19, 9]","[7, 5]","[3, 1]",0,0,0,1,0,0,0,0,0,11,30
2024461523832,2024,461523832,579154,165925,0.57208,51.36413,2,2,2,13:35,-1,E06000035,6,0,1,0,1,"[19, 14]","[3, 8]","[7, 3]",0,"[0, 7]",0,1,0,0,0,0,0,7,1
2024461523855,2024,461523855,558689,174427,0.28217,51.4466,3,3,1,00:43,-1,E07000107,6,2,1,1,2,19,5,1,0,0,0,0,0,0,0,0,0,12,1
2024461523861,2024,461523861,558350,138955,0.26159,51.12799,3,3,1,00:50,-1,E07000116,4,2,1,1,1,1,2,6,0,0,0,1,0,0,0,0,1,12,1
2024461523868,2024,461523868,633140,166464,1.34666,51.3494,2,"[3, 2]",7,22:53,-1,E07000114,4,2,8,1,2,19,3,8,0,1,0,1,0,0,0,0,0,11,30
2024461523891,2024,461523891,601409,158369,0.88708,51.28883,2,2,7,10:31,-1,E07000113,3,0,1,1,2,19,"[5, 1]","[1, 5]",0,0,0,1,0,0,0,0,0,11,30
2024461523898,2024,461523898,607454,151997,0.96996,51.22944,3,3,1,06:20,-1,E07000105,3,2,8,1,2,19,5,1,11,0,0,1,0,0,0,0,0,12,1
2024461523996,2024,461523996,626823,148806,1.24491,51.19343,3,3,6,14:52,-1,E07000108,6,0,1,1,2,19,"[7, 3]","[3, 7]",0,0,0,1,0,0,0,0,0,11,29
2024461524113,2024,461524113,616641,167416,1.11069,51.36447,3,3,1,18:01,-1,E07000106,6,2,1,0,1,"[19, 9]","[1, 5]","[5, 2]",0,0,0,1,0,0,0,0,0,12,1
2024461524117,2024,461524117,636637,166523,1.39682,51.34849,2,2,1,18:10,-1,E07000114,6,2,1,1,1,3,3,1,0,0,0,1,0,0,0,0,1,12,1
2024461524162,2024,461524162,564191,171504,0.35992,51.41877,3,3,7,18:55,-1,E07000109,3,2,1,0,2,19,"[5, 3]","[1, 7]",0,0,0,1,0,0,0,0,0,11,23
2024461524177,2024,461524177,561047,172684,0.31529,51.43028,2,"[2, 3]",1,18:05,-1,E07000107,3,2,1,0,2,"[19, 2]","[3, 7]",7,"[4, 0]",0,0,1,0,0,0,0,0,11,17
2024461524180,2024,461524180,575974,163456,0.52523,51.34295,3,3,2,14:50,-1,E06000035,6,0,1,0,1,19,-1,-1,0,0,0,1,0,0,0,0,1,11,25
2024461524503,2024,461524503,601918,125950,0.87621,50.99751,2,2,2,16:20,-1,E07000112,3,2,2,1,2,"[2, 19]","[8, 7]","[1, 8]","[0, 4]",0,0,1,0,0,0,0,0,12,2
2024461524518,2024,461524518,617774,160162,1.12251,51.29891,2,2,2,12:41,-1,E07000106,3,0,1,0,2,"[19, 9]","[8, 6]","[4, 2]",0,0,0,1,0,1,0,0,0,12,2
2024461524578,2024,461524578,574291,144640,0.49193,51.17444,2,2,6,11:23,-1,E07000110,4,0,1,1,2,19,"[4, 3]","[6, 7]",0,0,0,1,0,0,0,0,1,11,29
2024461524610,2024,461524610,577244,153444,0.53847,51.25262,3,3,7,17:40,-1,E07000110,3,0,1,0,1,"[19, 10]","[4, 8]","[8, 2]",0,0,0,1,0,1,0,0,0,9,14
2024461524698,2024,461524698,553276,175359,0.20475,51.45646,3,3,6,20:06,-1,E07000107,3,2,1,0,2,7,1,5,0,0,0,0,0,1,1,0,0,11,29
2024461524887,2024,461524887,634438,168302,1.36648,51.36537,2,"[3, 2]",3,07:52,-1,E07000114,6,0,1,0,2,"[13, 19]","[2, 6]","[6, 2]",0,0,0,1,0,0,0,0,0,12,3
2024461525006,2024,461525006,579743,166743,0.58094,51.37129,2,2,3,11:35,-1,E06000035,6,0,1,0,1,7,1,5,0,0,0,1,0,0,0,0,1,12,3