collision_index,collision_year,collision_ref_no,location_easting_osgr,location_northing_osgr,longitude,latitude,casualty_severity,casualty_severity,day_of_week,time,local_authority_district,local_authority_ons_district,first_road_class,light_conditions,weather_conditions,road_surface_conditions,urban_or_rural_area,vehicle_manoeuvre,vehicle_direction_from,vehicle_direction_to,hit_object_in_carriageway,vehicle_leaving_carriageway,hit_object_off_carriageway,is_car,is_cyle,is_mcyle,is_goodsv,is_other,is_pedestrian,month,day
2024461539343,2024,461539343,592152,174456,0.76318,51.43651,3,3,3,08:08,-1,E07000113,6,0,8,1,1,19,"[7, 1]","[3, 5]",0,0,0,1,0,1,0,0,0,12,31
2024461539656,2024,461539656,569312,159928,0.42799,51.31328,3,3,3,09:00,-1,E07000115,3,0,1,0,2,9,3,1,0,0,0,1,0,0,0,0,0,9,17
2024461541640,2024,461541640,558482,173364,0.27872,51.43711,2,2,2,22:29,-1,E07000107,4,2,1,0,2,4,5,1,0,0,0,1,0,0,0,0,0,9,16
2024461543253,2024,461543253,555189,139129,0.21652,51.13042,3,3,4,18:48,-1,E07000116,3,0,1,0,1,19,"[7, 3]","[3, 7]",0,0,0,1,0,0,0,0,0,9,18
2024461543574,2024,461543574,561088,158594,0.3095,51.30368,3,3,2,15:23,-1,E07000115,3,0,1,0,2,"[19, 9]","[2, 1]",4,0,"[1, 0]",0,1,0,0,0,0,0,5,6
2024461543921,2024,461543921,598217,138719,0.83052,51.11347,3,3,5,08:43,-1,E07000105,6,0,1,0,2,19,"[1, 5]","[5, 1]","[10, 0]","[1, 7]",0,1,0,0,0,0,0,4,25
2024461544934,2024,461544934,575022,155326,0.50759,51.27021,2,2,6,17:16,-1,E07000110,3,2,1,0,1,2,0,0,0,0,0,1,0,0,0,0,1,11,1
2024461544963,2024,461544963,590357,164457,0.73203,51.34731,3,3,3,07:31,-1,E07000113,6,0,1,0,1,"[5, 3]",5,1,0,0,0,1,0,1,0,0,0,6,11
2024461545412,2024,461545412,558122,175011,0.27428,51.45201,3,3,7,21:43,-1,E07000107,3,2,1,0,1,"[9, 19]","[5, 7]","[1, 3]",0,0,0,1,0,0,0,0,0,1,13
2024461547694,2024,461547694,631720,142013,1.3105,51.13049,2,2,5,12:23,-1,E07000108,6,0,1,0,1,19,5,1,0,7,2,1,0,0,0,0,0,11,21
2024461549655,2024,461549655,610523,165614,1.02187,51.35059,3,3,3,17:36,-1,E07000106,6,2,1,0,1,"[19, 9]",6,"[2, 7]",0,"[0, 7]","[0, 3]",1,0,0,0,0,0,12,24
2024461554320,2024,461554320,574067,166472,0.49935,51.37063,3,3,2,16:55,-1,E06000035,4,2,1,0,1,19,1,4,11,0,0,1,0,0,0,0,1,12,16
2024461555468,2024,461555468,558041,164781,0.26856,51.36012,3,3,7,17:45,-1,E07000111,1,2,1,0,2,19,1,5,0,0,0,1,0,0,0,0,0,11,23
2024461556235,2024,461556235,583958,160852,0.63839,51.31703,3,3,3,07:38,-1,E07000110,3,0,1,1,2,19,"[5, 1]","[1, 5]",0,0,0,1,0,0,0,0,0,12,3
2024461556431,2024,461556431,600465,143176,0.86507,51.15272,2,2,5,16:39,-1,E07000105,3,0,1,0,1,"[12, 19]",1,2,0,0,0,1,0,1,0,0,0,10,3
2024461556649,2024,461556649,570031,140588,0.42913,51.13931,3,3,2,07:45,-1,E07000116,4,0,1,0,2,"[7, 3]","[7, 5]","[3, 1]",0,0,0,1,0,0,0,0,0,10,14
2024461559289,2024,461559289,565728,169093,0.38088,51.39667,3,3,4,15:41,-1,E07000109,6,0,1,0,2,"[10, 19]","[2, 6]","[7, 2]",0,"[0, 1]","[0, 11]",1,0,0,0,0,0,10,30
2024461559424,2024,461559424,607667,140130,0.96616,51.1228,2,2,5,09:33,-1,E07000105,6,0,1,0,2,"[2, 5]","[7, 3]",7,"[0, 4]",0,0,1,0,0,0,0,0,10,24
2024461561259,2024,461561259,583010,165564,0.62722,51.35966,3,3,2,10:30,-1,E06000035,3,0,9,0,2,"[19, 4]",7,3,0,0,0,1,0,0,0,0,0,10,28
2024461561703,2024,461561703,577652,167226,0.55118,51.37629,3,3,4,19:00,-1,E06000035,6,2,9,0,1,"[2, 1]",0,"[0, 5]",0,0,0,1,0,0,0,0,0,11,6
2024461561756,2024,461561756,570121,169589,0.44421,51.39982,3,3,3,16:40,-1,E07000109,1,2,1,0,2,19,3,7,0,0,0,1,0,0,0,0,0,11,5
2024461561786,2024,461561786,555444,174311,0.23547,51.44646,3,3,1,18:09,-1,E07000107,3,2,1,0,1,"[19, 12]",5,1,0,0,0,1,0,0,0,0,0,11,10
2024461563077,2024,461563077,621900,136535,1.16701,51.08519,3,3,2,11:35,-1,E07000112,6,0,1,0,1,19,"[3, 1]","[7, 5]",0,0,0,1,0,0,0,0,0,11,11
2024461563775,2024,461563775,576471,155539,0.52844,51.27168,3,3,7,10:00,-1,E07000110,3,0,8,0,1,19,"[2, 5]","[2, 1]",0,0,0,1,0,1,0,0,0,10,5
2024461574084,2024,461574084,555450,172039,0.23456,51.42604,3,3,3,14:21,-1,E07000107,3,0,1,0,2,"[19, 11]","[7, 3]","[3, 7]",0,0,0,1,0,0,0,0,0,7,30
2024461575126,2024,461575126,578552,144223,0.55261,51.16938,3,3,2,13:51,-1,E07000110,3,0,1,0,2,"[19, 9]","[5, 7]",5,0,"[1, 0]",0,1,0,0,0,0,0,12,9
2024461576544,2024,461576544,555912,175084,0.24254,51.45327,3,3,3,19:25,-1,E07000107,3,0,1,1,2,"[19, 12]",2,6,0,"[4, 0]","[6, 0]",1,0,0,1,0,0,11,19
2024461577020,2024,461577020,562788,146853,0.32853,51.19771,3,3,3,20:07,-1,E07000116,6,2,1,0,2,19,5,2,11,7,0,1,0,0,0,0,0,12,17
2024461578391,2024,461578391,636363,171159,1.39598,51.39021,3,3,6,23:47,-1,E07000114,6,2,1,0,1,"[2, 19]","[0, 5]","[0, 1]",4,0,0,1,0,0,0,0,0,10,18
2024461581342,2024,461581342,632646,159622,1.33512,51.28819,3,3,5,01:48,-1,E07000108,3,2,1,0,2,19,2,6,0,0,0,1,0,0,0,0,0,10,31
2024461581500,2024,461581500,589059,152538,0.70711,51.24069,3,3,2,17:30,-1,E07000110,3,2,1,1,2,"[9, 19]","[8, 3]","[4, 8]",0,0,0,1,0,0,0,0,0,12,23
2024471393733,2024,471393733,532717,105240,-0.1168,50.83149,2,2,2,20:35,-1,E06000043,6,2,5,1,1,19,3,7,7,0,0,0,0,1,0,0,0,1,1
2024471393878,2024,471393878,560030,100712,0.26877,50.7839,3,3,2,19:00,-1,E07000061,6,2,2,1,1,"[3, 19]",7,3,0,0,0,1,0,0,0,0,0,1,1
2024471393889,2024,471393889,579257,114999,0.54824,50.90663,2,"[3, 2]",3,07:15,-1,E07000064,3,2,2,1,2,19,"[8, 4]","[4, 8]",0,"[2, 1]","[0, 4]",1,0,0,1,0,0,1,2
2024471393931,2024,471393931,513205,115505,-0.39057,50.9279,3,3,3,06:35,-1,E07000227,3,2,2,1,2,19,1,5,0,1,6,1,0,0,0,0,0,1,2
2024471393991,2024,471393991,558271,132246,0.25752,51.06773,3,3,3,12:03,-1,E07000065,3,0,5,1,2,"[4, 19]",5,1,0,0,0,1,0,0,0,0,0,1,2
2024471394089,2024,471394089,576486,126704,0.51454,51.01264,2,2,3,16:48,-1,E07000064,4,2,4,1,2,19,1,5,11,0,0,0,0,1,0,0,0,1,2
2024471394090,2024,471394090,504156,113137,-0.51995,50.90832,3,3,3,17:15,-1,E07000227,4,2,1,1,2,19,3,7,0,0,0,1,0,1,0,0,0,1,2
2024471394263,2024,471394263,534116,137590,-0.08502,51.1219,2,2,3,08:31,-1,E07000228,4,2,2,1,1,19,8,4,0,0,0,1,0,0,0,0,1,1,2
2024471394324,2024,471394324,532180,105931,-0.12417,50.83782,3,3,4,11:26,-1,E06000043,3,0,8,1,1,7,3,5,0,0,0,1,0,1,0,0,0,1,3
2024471394521,2024,471394521,556487,111322,0.22308,50.88021,3,3,4,17:21,-1,E07000065,3,2,1,0,2,19,"[6, 3]","[2, 7]",0,0,0,1,0,0,0,0,0,1,3
2024471394535,2024,471394535,514271,117358,-0.37482,50.94435,3,3,2,21:21,-1,E07000227,3,2,2,1,2,19,"[2, 6]","[6, 2]",0,"[6, 1]",0,1,0,0,0,0,0,1,1
2024471394658,2024,471394658,493823,99874,-0.67027,50.79085,3,3,5,07:45,-1,E07000224,6,0,1,0,1,19,"[7, 8]","[3, 4]",0,0,0,1,1,0,0,0,0,1,4
2024471394667,2024,471394667,533210,123695,-0.10307,50.99724,2,"[3, 2]",5,09:00,-1,E07000228,4,0,1,1,1,9,8,5,0,0,0,1,0,0,0,0,1,1,4
2024471394715,2024,471394715,525014,138011,-0.21486,51.12775,3,3,4,17:18,-1,E07000226,6,2,1,1,1,19,3,7,0,0,0,1,0,0,0,0,1,1,3
2024471394742,2024,471394742,525603,106189,-0.21744,50.8416,3,3,5,10:35,-1,E06000043,6,0,1,1,1,19,1,5,0,0,0,1,0,0,0,0,0,1,4
2024471394751,2024,471394751,526097,137371,-0.19962,51.12176,2,"[3, 2]",5,10:33,-1,E07000226,3,0,1,0,1,19,2,6,0,"[5, 0]","[4, 0]",1,0,0,0,0,1,1,4
2024471394826,2024,471394826,581329,109692,0.57505,50.85831,2,2,5,13:00,-1,E07000062,6,0,2,1,1,"[5, 4]","[5, 2]","[2, 5]",0,0,0,1,0,1,0,0,0,1,4
2024471394836,2024,471394836,533162,123329,-0.10389,50.99396,3,3,4,16:25,-1,E07000228,6,2,2,1,1,19,-1,-1,-1,-1,0,1,0,0,0,0,1,1,3
2024471394837,2024,471394837,528520,108072,-0.17537,50.85789,3,3,4,15:24,-1,E06000043,3,0,5,1,2,19,"[3, 1]","[7, 5]",0,0,0,1,0,0,0,0,0,1,3
2024471394912,2024,471394912,510579,104386,-0.43128,50.82846,2,2,4,06:15,-1,E07000229,6,2,1,1,1,"[19, 9]","[5, 7]","[1, 5]",0,0,0,1,0,1,0,0,0,1,3
2024471394940,2024,471394940,494027,101286,-0.66701,50.80351,2,"[3, 2]",5,16:30,-1,E07000224,3,2,5,1,1,"[4, 19]",5,1,0,0,0,1,0,0,0,0,0,1,4
2024471394945,2024,471394945,532883,135012,-0.10358,51.09902,2,2,5,20:15,-1,E07000228,4,2,2,1,2,19,"[2, 7]","[6, 2]",0,0,0,1,0,0,0,0,0,1,4
2024471394946,2024,471394946,531494,105256,-0.13415,50.83191,3,3,6,00:35,-1,E06000043,3,2,5,1,1,"[9, 19]","[3, 1]","[7, 5]",0,0,0,1,1,0,0,0,0,1,5
2024471394949,2024,471394949,533618,139522,-0.09142,51.13938,3,3,5,22:10,-1,E07000228,4,2,2,1,1,-1,"[7, 5]",1,0,0,0,1,0,0,0,0,0,1,4
2024471394952,2024,471394952,489340,106569,-0.73222,50.85175,3,3,5,23:23,-1,E07000225,3,2,5,1,2,19,7,3,0,1,0,1,0,0,0,0,0,1,4
2024471395062,2024,471395062,525412,135115,-0.21018,51.10163,3,3,4,11:00,-1,E07000226,3,0,1,1,1,19,5,1,0,0,0,1,0,0,0,0,0,1,3
2024471395103,2024,471395103,533671,104326,-0.10359,50.82305,3,3,6,06:55,-1,E06000043,6,2,1,1,1,"[19, 2]","[1, 0]","[5, 0]",4,0,0,1,0,0,0,0,0,1,5
2024471395124,2024,471395124,504760,103069,-0.51424,50.8177,3,3,6,07:25,-1,E07000224,4,2,1,1,1,"[9, 19]","[7, 3]","[5, 7]",0,0,0,0,1,0,1,0,0,1,5
2024471395201,2024,471395201,559896,101055,0.26702,50.78702,3,3,5,17:00,-1,E07000061,3,2,2,1,1,"[9, 19]","[3, 1]","[1, 5]",0,0,0,1,0,0,0,0,0,1,4
2024471395239,2024,471395239,512685,104533,-0.40134,50.82938,3,3,6,07:43,-1,E07000229,6,0,8,1,1,7,3,4,0,0,0,1,0,0,0,0,1,1,5
2024471395279,2024,471395279,527595,104551,-0.18973,50.82645,2,2,6,16:04,-1,E06000043,6,0,1,0,1,9,1,7,0,0,0,0,0,1,0,0,0,1,5
2024471395287,2024,471395287,579914,110679,0.55545,50.86762,2,2,5,16:51,-1,E07000062,6,2,2,1,1,19,5,1,0,0,0,1,0,0,0,0,1,1,4
2024471395329,2024,471395329,558388,104997,0.24735,50.82286,3,3,7,00:05,-1,E07000065,4,2,1,0,1,"[2, 19]","[0, 8]","[0, 4]","[0, 4]",0,0,1,0,0,0,0,0,1,6
2024471395431,2024,471395431,539857,138819,-0.00257,51.13158,2,2,7,11:05,-1,E07000228,3,0,1,1,1,19,2,7,0,1,11,1,0,0,0,0,1,1,6
2024471395483,2024,471395483,544572,108023,0.05253,50.85366,2,2,7,17:10,-1,E07000063,3,2,1,0,2,"[4, 3]",5,3,0,0,0,1,0,0,0,0,0,1,6
2024471395495,2024,471395495,526218,129094,-0.20078,51.04734,3,3,7,16:47,-1,E07000228,3,2,1,0,2,19,5,1,0,"[0, 2]",0,1,0,0,0,0,0,1,6
2024471395510,2024,471395510,533482,122326,-0.0997,50.98487,3,3,7,18:08,-1,E07000228,4,2,8,1,1,"[19, 2]","[4, 0]","[8, 0]","[4, 0]",0,0,1,0,0,0,0,0,1,6
2024471395595,2024,471395595,529325,112370,-0.16242,50.89634,3,3,1,11:25,-1,E07000228,3,0,1,0,2,"[19, 9]","[5, 7]","[1, 5]",0,0,0,1,0,0,0,0,0,1,7
2024471395617,2024,471395617,530044,109219,-0.15332,50.86786,3,3,1,11:50,-1,E06000043,3,0,1,1,2,"[4, 19]",7,3,0,0,0,1,0,0,0,0,0,1,7
2024471395825,2024,471395825,530493,134058,-0.13804,51.091,2,"[2, 3]",2,07:08,-1,E07000228,4,2,1,0,2,"[19, 13]","[8, 4]","[4, 8]",0,"[0, 1]",0,1,0,0,1,0,0,1,8
2024471395899,2024,471395899,529923,104198,-0.15682,50.82276,3,3,2,07:40,-1,E06000043,3,0,1,0,1,5,"[7, 1]","[3, 5]",0,0,0,0,1,1,0,0,0,1,8
2024471396075,2024,471396075,560387,100369,0.27368,50.78072,3,3,2,12:15,-1,E07000061,3,0,1,0,1,"[19, 10]",7,"[3, 6]",0,0,0,1,0,0,0,0,0,1,8
2024471396076,2024,471396076,581847,109601,0.58235,50.85733,3,3,2,15:20,-1,E07000062,3,0,8,1,1,"[19, 2]","[1, 4]","[5, 8]",0,0,0,1,0,0,0,0,0,1,8
2024471396090,2024,471396090,515250,123585,-0.35892,51.00012,3,3,1,12:50,-1,E07000227,6,0,1,0,2,19,1,5,0,8,0,1,0,0,0,0,0,1,7
2024471396148,2024,471396148,514040,102762,-0.38266,50.81319,3,3,2,16:23,-1,E07000229,6,0,3,2,1,19,"[1, 3]","[5, 7]",0,"[7, 0]",0,1,0,0,0,0,0,1,8
2024471396149,2024,471396149,493649,100209,-0.67265,50.79389,3,3,2,18:05,-1,E07000224,3,2,8,2,1,19,"[6, 2]","[2, 6]",0,0,0,1,0,0,0,0,0,1,8
2024471396160,2024,471396160,537812,109110,-0.04304,50.86508,1,"[3, 2, 1]",3,02:50,-1,E07000063,6,2,1,1,2,19,7,3,0,1,11,1,0,0,0,0,0,1,9
2024471396422,2024,471396422,487816,104137,-0.75445,50.83012,3,3,2,18:20,-1,E07000225,3,2,3,1,2,"[19, 5]","[8, 3]","[6, -1]",0,0,0,1,0,1,0,0,0,1,8
2024471396439,2024,471396439,526962,105482,-0.19839,50.83495,3,3,2,17:40,-1,E06000043,6,2,2,1,1,"[19, 7]",5,1,0,0,0,1,0,0,0,0,0,1,8
2024471396457,2024,471396457,573862,108036,0.46827,50.84572,2,"[3, 2]",3,12:50,-1,E07000064,3,0,1,0,1,"[9, 19]","[5, 1]","[3, 5]",0,0,0,1,0,0,1,0,0,1,9
2024471396483,2024,471396483,512971,105071,-0.39711,50.83416,3,3,6,15:00,-1,E07000229,6,0,9,0,1,5,4,8,0,0,0,1,0,0,0,0,1,1,5
2024471396491,2024,471396491,525961,113686,-0.20978,50.90891,3,3,1,09:50,-1,E07000228,3,0,1,1,2,19,8,4,0,"[7, 1]",0,1,0,0,0,0,0,1,7
2024471396492,2024,471396492,540004,112178,-0.01074,50.89213,2,2,3,16:05,-1,E07000063,3,0,1,0,2,"[19, 9]","[5, 7]","[1, 5]",0,0,0,1,0,0,0,0,0,1,9
2024471396521,2024,471396521,531893,105407,-0.12843,50.83318,3,3,3,17:52,-1,E06000043,3,2,1,2,1,19,2,6,0,0,0,1,0,1,0,0,0,1,9
2024471396550,2024,471396550,592186,120605,0.73487,50.95283,2,2,2,14:15,-1,E07000064,3,0,1,0,2,5,0,0,0,1,0,1,0,0,0,0,1,1,8
2024471396553,2024,471396553,492739,104696,-0.68443,50.83438,2,2,1,10:15,-1,E07000224,6,0,1,1,2,19,2,8,11,0,0,1,0,0,0,0,0,1,7
2024471396572,2024,471396572,515266,130789,-0.35641,51.06487,3,3,6,08:58,-1,E07000227,3,0,1,1,2,19,1,5,0,0,0,1,0,0,0,0,0,1,5
2024471396747,2024,471396747,514733,134570,-0.36281,51.09897,3,3,4,07:45,-1,E07000227,6,0,1,2,2,19,4,1,0,1,10,1,0,0,0,0,0,1,10
2024471396748,2024,471396748,530265,137457,-0.14006,51.1216,3,3,4,09:03,-1,E07000226,1,0,1,1,2,"[19, 4]",4,8,0,"[0, 1]",0,1,0,0,0,0,0,1,10
2024471396760,2024,471396760,528816,116024,-0.16837,50.92929,3,3,4,09:20,-1,E07000228,4,0,8,1,1,"[2, 19]","[0, 8]","[0, 4]",0,0,0,1,0,0,0,0,1,1,10
2024471396767,2024,471396767,555910,121578,0.21927,50.97252,2,2,4,07:02,-1,E07000065,3,0,1,2,2,"[19, -1]","[7, 3, -1]","[3, 7, -1]","[0, -1]","[0, -1]",0,1,0,0,0,1,0,1,10
2024471396776,2024,471396776,487548,102390,-0.75867,50.81445,2,2,4,09:25,-1,E07000225,4,0,1,2,1,9,1,5,0,0,0,0,0,1,0,0,0,1,10
2024471396838,2024,471396838,528357,122955,-0.17245,50.99169,3,3,4,06:35,-1,E07000228,3,2,4,2,2,19,3,6,0,"[0, 1]",0,1,0,1,0,0,0,1,10
2024471396901,2024,471396901,518631,130236,-0.30859,51.05922,3,3,3,08:20,-1,E07000227,6,0,1,0,1,5,7,3,0,0,0,1,0,0,0,0,1,1,9
2024471396950,2024,471396950,485983,104368,-0.78042,50.83247,2,2,4,14:10,-1,E07000225,3,0,1,0,1,12,4,1,0,0,0,0,0,0,1,0,1,1,10
2024471396956,2024,471396956,525560,137054,-0.2074,51.11902,3,3,4,17:10,-1,E07000226,3,2,8,2,1,"[19, 4]",2,5,0,0,0,1,0,0,0,0,0,1,10
2024471396966,2024,471396966,527383,107517,-0.19171,50.85315,3,3,4,14:33,-1,E06000043,6,0,1,0,1,19,7,3,0,0,0,1,0,0,0,0,1,1,10
2024471396983,2024,471396983,574454,108943,0.4771,50.85369,2,2,4,15:30,-1,E07000064,3,0,1,2,1,19,4,"[2, 8]",0,0,0,1,0,1,0,0,0,1,10
2024471396990,2024,471396990,513195,105896,-0.39368,50.84153,2,2,4,22:53,-1,E07000229,3,2,1,0,1,19,5,1,7,1,11,1,0,0,0,0,0,1,10
2024471397010,2024,471397010,532503,126772,-0.11202,51.02506,3,3,5,04:25,-1,E07000228,6,2,8,2,2,19,5,1,0,8,11,1,0,0,0,0,0,1,11
2024471397011,2024,471397011,503201,102105,-0.53664,50.80932,2,2,2,13:30,-1,E07000224,6,0,1,1,1,19,"[1, 7]","[5, 3]",0,0,0,1,1,0,0,0,0,1,1
2024471397029,2024,471397029,521064,111355,-0.28017,50.889,3,3,4,14:00,-1,E07000227,3,0,1,2,2,"[19, 3, 4]",6,2,0,"[0, 1]",0,1,0,0,0,0,0,1,10
2024471397083,2024,471397083,486336,102037,-0.77595,50.81146,3,3,1,10:30,-1,E07000225,4,0,2,1,2,"[19, 4]",5,1,0,0,0,1,0,1,0,0,0,1,7
2024471397154,2024,471397154,487192,105167,-0.76306,50.83947,3,3,7,12:30,-1,E07000225,6,0,9,0,1,19,1,5,0,0,0,1,0,0,0,0,1,1,6
2024471397164,2024,471397164,530315,104415,-0.15118,50.82462,3,3,6,15:00,-1,E06000043,6,0,1,0,1,19,6,2,0,0,0,1,0,0,0,0,1,1,5
2024471397165,2024,471397165,523497,128128,-0.2399,51.03925,3,3,5,09:15,-1,E07000227,4,0,1,0,2,"[19, 4]","[2, 6]",2,"[0, 12]","[0, 1]","[0, 1]",1,0,0,0,0,0,1,11
2024471397177,2024,471397177,513855,102388,-0.3854,50.80987,3,3,5,09:50,-1,E07000229,6,0,1,0,1,"[3, 19]",7,3,0,0,0,1,0,0,0,0,0,1,11
2024471397189,2024,471397189,486054,105498,-0.77914,50.84262,3,3,5,09:15,-1,E07000225,6,0,1,1,1,"[19, 7]","[5, 7]","[1, 3]",0,0,0,1,1,0,0,0,0,1,11
2024471397191,2024,471397191,533348,135477,-0.09677,51.10309,3,3,7,09:30,-1,E07000228,6,0,1,0,2,"[19, 4]",3,7,"[0, 12]",0,0,1,0,0,0,0,0,1,6
2024471397203,2024,471397203,576460,107973,0.50511,50.84437,3,3,2,20:35,-1,E07000062,3,2,1,0,2,"[19, 4]",7,3,0,0,0,1,0,1,0,0,0,1,8
2024471397228,2024,471397228,574695,116031,0.48391,50.9173,3,3,3,17:15,-1,E07000064,3,2,1,1,2,"[7, -1]","[2, -1]","[5, -1]","[0, -1]","[0, -1]",0,1,0,0,0,0,1,1,9
2024471397312,2024,471397312,527179,135457,-0.18484,51.10431,3,3,4,20:00,-1,E07000226,6,2,1,0,1,"[19, 9]","[2, 6]","[6, 4]",0,"[1, 0]","[10, 0]",1,0,0,0,0,0,1,10
2024471397401,2024,471397401,571055,131220,0.43932,51.05485,3,3,5,20:25,-1,E07000064,4,2,1,1,2,"[2, 19]","[0, 7]","[0, 3]",0,"[7, 0]","[10, 0]",1,0,0,0,0,0,1,11
2024471397408,2024,471397408,532896,103910,-0.11474,50.81949,3,3,5,20:37,-1,E06000043,6,2,1,1,1,19,8,4,0,0,0,1,0,0,0,0,1,1,11
2024471397499,2024,471397499,531513,107839,-0.13295,50.85512,3,3,5,09:05,-1,E06000043,6,0,1,1,2,"[19, 9]","[6, 8]","[2, 6]",0,0,0,1,0,1,0,0,0,1,11
2024471397524,2024,471397524,561138,99031,0.28374,50.76849,3,3,5,09:35,-1,E07000061,6,0,1,0,1,"[1, 4]",5,1,0,0,0,1,0,0,0,0,0,1,11
2024471397559,2024,471397559,559229,96519,0.25561,50.74645,3,3,5,15:10,-1,E07000061,6,0,1,1,2,19,1,5,0,0,0,1,1,0,0,0,0,1,11
2024471397595,2024,471397595,512073,103984,-0.41019,50.82456,3,3,5,16:55,-1,E07000229,6,2,1,0,1,"[3, 19]",3,7,0,0,0,1,0,0,0,0,0,1,11
2024471397633,2024,471397633,519695,104153,-0.30197,50.82455,3,3,6,10:05,-1,E07000223,3,0,1,0,1,"[19, 4]","[2, 3]",7,0,0,0,1,0,1,0,0,0,1,12
2024471397681,2024,471397681,528720,105094,-0.17358,50.83108,3,3,5,11:45,-1,E06000043,6,0,1,0,1,9,7,5,0,0,0,1,0,0,0,0,1,1,11
2024471397706,2024,471397706,555377,111424,0.20736,50.88142,3,3,5,12:30,-1,E07000065,6,0,1,1,2,19,"[1, 5]","[5, 1]",0,0,0,1,0,0,1,0,0,1,11
2024471397742,2024,471397742,507490,103188,-0.47547,50.81827,3,3,6,17:24,-1,E07000224,3,2,1,0,1,19,3,7,0,0,0,1,0,0,0,0,0,1,12
2024471397947,2024,471397947,561574,99715,0.29022,50.77452,3,3,7,10:13,-1,E07000061,6,0,8,0,1,19,8,5,0,1,11,1,0,0,0,0,0,1,13
2024471397957,2024,471397957,569323,112752,0.40604,50.88944,2,2,7,11:35,-1,E07000065,3,2,1,0,2,19,3,7,0,1,4,1,0,0,0,0,0,1,13
2024471398031,2024,471398031,513989,103307,-0.38321,50.8181,3,3,7,17:45,-1,E07000229,3,2,1,0,1,5,5,3,0,0,0,1,0,0,0,0,1,1,13
2024471398071,2024,471398071,525396,138283,-0.20931,51.13011,3,3,7,22:44,-1,E07000226,6,2,1,0,1,19,8,5,0,0,0,1,0,0,0,0,0,1,13
2024471398116,2024,471398116,579051,110878,0.54329,50.86967,3,3,1,00:15,-1,E07000062,6,2,1,0,1,19,2,8,10,2,11,1,0,0,0,0,0,1,14
2024471398141,2024,471398141,559269,109285,0.26171,50.86114,3,3,7,11:10,-1,E07000065,6,0,1,0,1,-1,-1,-1,0,0,0,1,0,0,0,0,1,1,13
2024471398254,2024,471398254,484913,104282,-0.79563,50.83185,3,3,4,16:45,-1,E07000225,3,2,1,1,1,19,7,3,0,0,0,1,0,0,0,0,0,1,3
2024471398255,2024,471398255,495332,107208,-0.64696,50.85654,2,2,4,07:35,-1,E07000224,3,0,1,2,2,19,3,7,0,0,0,1,0,0,0,0,0,1,10
2024471398277,2024,471398277,493777,102299,-0.6703,50.81266,3,3,7,22:00,-1,E07000224,6,2,2,1,2,19,5,1,0,1,9,1,0,0,0,0,0,1,6
2024471398296,2024,471398296,537240,119712,-0.04718,50.9605,3,3,1,15:35,-1,E07000063,6,0,1,1,2,19,"[1, 5]","[5, 1]",0,0,0,1,0,0,0,0,0,1,14
2024471398301,2024,471398301,485670,97901,-0.78637,50.77437,2,2,1,14:50,-1,E07000225,4,0,1,0,2,19,1,5,0,1,10,1,0,0,0,0,0,1,14
2024471398612,2024,471398612,530958,105708,-0.1416,50.83609,3,3,1,14:10,-1,E06000043,6,0,1,0,1,-1,-1,-1,-1,-1,0,1,0,0,0,0,1,1,14
2024471398636,2024,471398636,526131,137087,-0.19923,51.1192,3,3,2,15:20,-1,E07000226,6,0,2,0,1,19,1,5,0,0,0,1,0,0,0,0,1,1,15
2024471398648,2024,471398648,502731,102530,-0.54319,50.81322,3,3,1,17:50,-1,E07000224,3,2,1,0,1,"[19, 2, 14]","[5, 0, 7]","[1, 0, 5]",0,0,0,1,0,0,0,0,0,1,14
2024471398694,2024,471398694,527127,139741,-0.18407,51.14283,2,2,2,01:40,-1,E07000226,3,2,1,1,2,19,5,1,0,0,0,1,0,0,0,0,1,1,15
2024471398695,2024,471398695,560685,99566,0.27756,50.77342,3,3,2,16:20,-1,E07000061,6,2,1,0,1,"[19, 6]","[8, 6]","[4, 6]",0,0,0,1,0,0,0,0,0,1,15
2024471398696,2024,471398696,532496,126729,-0.11213,51.02467,3,3,2,20:53,-1,E07000228,6,2,1,2,2,19,5,1,0,0,0,1,0,0,0,0,0,1,15
2024471398745,2024,471398745,582906,112750,0.59896,50.88528,3,3,2,14:00,-1,E07000064,6,0,1,2,1,19,8,5,0,0,0,1,0,0,0,0,0,1,15
2024471398761,2024,471398761,565063,105120,0.34209,50.8221,2,2,3,06:56,-1,E07000065,3,2,8,2,2,19,3,7,0,0,0,0,0,1,0,0,0,1,16
2024471398804,2024,471398804,486689,104806,-0.77029,50.8363,3,3,3,08:04,-1,E07000225,3,0,1,2,1,19,7,3,7,0,0,1,0,0,0,0,0,1,16
2024471398919,2024,471398919,526527,136718,-0.19371,51.11579,3,3,2,19:44,-1,E07000226,6,2,1,0,1,"[19, 10]",8,4,0,0,0,1,0,0,0,0,0,1,15
2024471398941,2024,471398941,581422,122029,0.58249,50.96911,3,3,3,08:40,-1,E07000064,4,0,1,2,2,19,4,7,0,2,4,1,0,0,0,0,0,1,16
2024471398987,2024,471398987,533601,108156,-0.10319,50.85749,3,3,7,09:30,-1,E06000043,3,0,1,1,1,7,7,1,0,0,0,0,0,1,0,0,0,1,13
2024471398988,2024,471398988,527036,107487,-0.19665,50.85296,3,3,3,09:50,-1,E06000043,6,0,1,2,1,2,2,6,0,1,4,1,0,0,0,0,0,1,16