collision_index,collision_year,collision_ref_no,location_easting_osgr,location_northing_osgr,longitude,latitude,casualty_severity,casualty_severity,day_of_week,time,local_authority_district,local_authority_ons_district,first_road_class,light_conditions,weather_conditions,road_surface_conditions,urban_or_rural_area,vehicle_manoeuvre,vehicle_direction_from,vehicle_direction_to,hit_object_in_carriageway,vehicle_leaving_carriageway,hit_object_off_carriageway,is_car,is_cyle,is_mcyle,is_goodsv,is_other,is_pedestrian,month,day
2024471399063,2024,471399063,480749,96948,-0.85635,50.76651,2,"[2, 3]",3,13:30,-1,E07000225,4,0,1,2,2,"[19, 3]",1,6,0,0,0,1,0,0,0,0,0,1,16
2024471399112,2024,471399112,530232,106602,-0.15158,50.84429,2,2,3,15:00,-1,E06000043,3,0,1,0,1,5,5,1,0,0,0,1,0,0,0,0,1,1,16
2024471399128,2024,471399128,513294,102716,-0.39326,50.81292,3,3,3,14:10,-1,E07000229,6,0,1,0,1,19,"[5, 7]","[1, 3]",0,0,0,1,0,0,0,0,0,1,16
2024471399179,2024,471399179,498011,103997,-0.60977,50.82722,3,3,3,17:44,-1,E07000224,4,2,1,0,2,"[9, 19]","[5, 3]","[1, 7]",0,"[0, 8]","[0, 11]",1,0,0,0,0,0,1,16
2024471399185,2024,471399185,547207,99453,0.0865,50.77598,2,2,3,16:52,-1,E07000063,6,2,1,0,1,19,4,8,0,0,0,1,0,0,0,0,1,1,16
2024471399353,2024,471399353,532290,120606,-0.1173,50.96969,3,3,7,17:00,-1,E07000228,6,2,1,0,1,19,"[5, 1]","[1, 5]",0,"[2, 0]",0,1,0,0,0,0,0,1,13
2024471399458,2024,471399458,530011,118555,-0.15047,50.95177,3,3,3,12:40,-1,E07000228,6,0,1,0,1,"[19, 9]","[5, 1]","[1, 5]",0,0,0,1,0,0,0,0,0,1,16
2024471399477,2024,471399477,557127,98027,0.22648,50.76057,2,2,3,19:30,-1,E07000061,3,2,1,0,2,19,"[3, 7]","[7, 3]",0,0,0,1,0,1,0,0,0,1,16
2024471399480,2024,471399480,510085,105059,-0.43808,50.8346,3,3,6,22:15,-1,E07000229,6,2,8,1,2,19,"[8, 4]","[4, 8]",0,"[8, 2]",0,1,0,0,0,0,0,1,12
2024471399573,2024,471399573,501653,102550,-0.55848,50.81359,3,3,4,07:55,-1,E07000224,3,0,1,1,2,"[4, 19]","[2, 1]",6,0,0,0,1,0,0,0,0,0,1,17
2024471399674,2024,471399674,514988,103868,-0.36886,50.82295,3,3,4,15:20,-1,E07000229,6,0,1,0,1,19,"[7, 1]","[3, 5]",0,"[0, 3]","[0, 4]",1,0,0,0,0,0,1,17
2024471399694,2024,471399694,506271,121164,-0.48754,50.98009,3,3,4,14:18,-1,E07000227,3,0,1,0,2,19,"[-1, 2]","[-1, 6]",0,0,0,0,0,0,1,0,0,1,17
2024471399764,2024,471399764,512122,133248,-0.40049,51.0876,3,3,5,07:21,-1,E07000227,3,2,1,2,2,19,3,7,0,0,0,0,0,1,0,0,0,1,18
2024471399936,2024,471399936,563198,101764,0.31414,50.79247,3,3,5,10:00,-1,E07000061,3,0,1,0,2,"[19, 4]",2,6,0,0,0,1,0,0,0,0,0,1,18
2024471399956,2024,471399956,529194,136467,-0.15571,51.11294,3,3,2,12:15,-1,E07000226,6,0,1,0,1,"[9, 8]","[2, 8]","[6, 2]",0,0,0,1,1,0,0,0,0,1,15
2024471400028,2024,471400028,561023,102159,0.28348,50.79663,3,3,5,08:40,-1,E07000061,6,0,8,0,1,"[19, 4]",8,4,0,0,0,1,0,0,0,0,0,1,18
2024471400069,2024,471400069,531763,118972,-0.12539,50.95512,3,3,5,11:07,-1,E07000228,6,0,1,0,1,19,-1,-1,0,0,0,0,0,0,1,0,1,1,18
2024471400089,2024,471400089,557308,120955,0.23889,50.96654,2,"[2, 3]",5,14:45,-1,E07000065,3,0,1,0,2,19,"[5, 1]","[1, 5]",0,"[0, 1]",0,1,0,0,0,0,0,1,18
2024471400105,2024,471400105,561654,100018,0.29149,50.77722,3,3,5,16:03,-1,E07000061,3,0,1,0,1,19,5,1,0,0,0,1,0,0,0,0,1,1,18
2024471400159,2024,471400159,529030,137131,-0.15782,51.11895,3,3,5,20:10,-1,E07000226,3,2,1,0,1,"[9, 19]","[7, 3]","[4, 7]",0,0,0,1,0,0,0,0,0,1,18
2024471400162,2024,471400162,520843,106634,-0.28486,50.84662,3,3,5,20:45,-1,E07000223,3,2,1,0,2,"[3, 19]",7,3,0,0,0,1,0,0,0,0,0,1,18
2024471400167,2024,471400167,527281,136425,-0.18304,51.11299,3,3,5,20:49,-1,E07000226,3,2,1,2,1,"[19, 9]","[5, 1]","[1, 7]",0,0,0,1,0,0,0,0,0,1,18
2024471400191,2024,471400191,534695,110720,-0.08671,50.88028,2,"[3, 2]",6,03:05,-1,E07000063,6,2,8,2,2,19,1,5,0,7,3,1,0,0,0,0,0,1,19
2024471400286,2024,471400286,540871,109570,0.00058,50.86848,3,3,2,17:42,-1,E07000063,4,2,8,0,1,5,"[1, 3]","[5, 7]",0,0,0,1,1,0,0,0,0,1,15
2024471400298,2024,471400298,546720,122855,0.08898,50.98641,3,3,6,07:15,-1,E07000065,3,2,8,1,2,"[19, 3]",6,2,0,0,0,1,0,0,0,0,0,1,19
2024471400313,2024,471400313,517193,131138,-0.3288,51.06762,3,3,6,07:11,-1,E07000227,4,0,8,2,1,"[19, 6]",5,1,0,"[0, 1]",0,1,0,0,0,0,0,1,19
2024471400332,2024,471400332,581588,116077,0.58189,50.91559,3,3,6,08:50,-1,E07000064,3,0,1,2,2,"[14, 9]",6,"[2, 4]",0,0,0,1,0,0,0,0,0,1,19
2024471400409,2024,471400409,583624,111298,0.60842,50.87201,3,3,6,11:40,-1,E07000062,3,0,1,1,1,"[9, 19]","[4, 1]","[2, 5]",0,0,0,1,0,0,0,0,0,1,19
2024471400417,2024,471400417,565447,119494,0.35404,50.95114,3,3,6,07:15,-1,E07000064,4,0,1,2,2,19,3,7,0,0,0,1,0,0,0,0,0,1,19
2024471400435,2024,471400435,512061,122752,-0.40461,50.99327,3,3,5,17:30,-1,E07000227,3,2,1,0,2,"[5, -1]","[1, -1]","[5, -1]","[0, -1]","[0, -1]",0,1,0,0,0,0,0,1,18
2024471400449,2024,471400449,560973,99703,0.2817,50.77457,3,3,6,13:30,-1,E07000061,6,0,1,0,1,"[19, 9]","[5, 7]","[1, 3]",0,"[1, 0]","[11, 0]",1,0,0,0,0,0,1,19
2024471400455,2024,471400455,529142,108801,-0.16628,50.8643,3,3,6,15:53,-1,E06000043,3,0,1,0,2,19,3,7,0,0,0,1,0,0,0,0,0,1,19
2024471400465,2024,471400465,539680,138173,-0.00534,51.12582,3,3,6,01:15,-1,E07000228,6,2,8,2,1,"[7, 9]","[1, 3]","[3, 1]",0,0,0,1,0,0,0,0,0,1,19
2024471400499,2024,471400499,574258,107397,0.47359,50.83986,2,2,6,14:30,-1,E07000064,6,0,1,0,1,7,3,5,0,0,0,1,0,0,0,0,1,1,19
2024471400507,2024,471400507,579230,115044,0.54788,50.90704,3,3,6,18:50,-1,E07000064,3,2,1,0,2,"[2, 19]","[0, 4]","[0, 8]",0,"[0, 7]",0,1,0,0,0,0,0,1,19
2024471400531,2024,471400531,514443,104694,-0.37634,50.83048,3,3,6,21:25,-1,E07000229,6,2,1,1,1,"[5, 19]","[6, 1]","[1, 6]",0,0,0,1,0,1,0,0,0,1,19
2024471400532,2024,471400532,581417,110505,0.5767,50.86559,3,3,6,18:20,-1,E07000062,6,2,1,0,1,"[8, 7]","[1, 7]","[4, 1]",0,0,0,1,0,0,0,0,1,1,19
2024471400534,2024,471400534,518915,122637,-0.30703,50.99086,2,"[3, 2]",5,13:50,-1,E07000227,3,0,1,0,2,19,"[2, 6]","[6, 2]",0,0,0,1,0,0,1,0,0,1,18
2024471400540,2024,471400540,562200,99537,0.29901,50.77274,3,3,7,00:10,-1,E07000061,4,2,1,0,1,"[9, 19]","[1, 7]","[7, 3]",0,0,0,1,0,0,0,0,0,1,20
2024471400596,2024,471400596,533858,123214,-0.09402,50.99277,3,3,4,07:00,-1,E07000228,4,2,1,0,1,"[5, 19]","[2, 8]",4,0,0,0,1,1,0,0,0,0,1,17
2024471400621,2024,471400621,534156,135591,-0.08519,51.10393,3,3,1,12:50,-1,E07000228,4,0,9,0,2,19,"[6, 4]",8,0,0,0,1,1,0,0,0,0,1,14
2024471400659,2024,471400659,534657,125231,-0.08189,51.01071,3,3,5,15:00,-1,E07000228,4,0,1,0,1,5,6,2,0,0,0,1,0,0,0,0,1,1,18
2024471400677,2024,471400677,510387,104014,-0.43411,50.82515,3,3,3,17:30,-1,E07000229,6,2,9,1,2,"[-1, 19]","[-1, 1]","[-1, 5]","[-1, 0]","[-1, 0]",0,1,0,0,0,0,0,1,16
2024471400690,2024,471400690,519000,129583,-0.30354,51.05327,3,3,6,08:57,-1,E07000227,3,0,1,0,1,"[9, 19]","[1, 5]","[7, 1]",0,0,0,1,0,0,0,0,0,1,19
2024471400735,2024,471400735,513683,103114,-0.38761,50.81643,3,3,6,18:09,-1,E07000229,6,2,1,0,1,"[2, 19]","[0, 1]","[0, 5]",0,0,0,1,0,0,0,0,0,1,19
2024471400753,2024,471400753,559197,101913,0.25749,50.79492,3,3,7,16:42,-1,E07000061,3,2,1,0,1,"[19, 3]",1,5,0,0,0,1,0,0,1,0,0,1,20
2024471400783,2024,471400783,503783,103300,-0.52804,50.81995,3,3,7,17:50,-1,E07000224,3,2,1,0,1,19,"[1, 3]","[5, 7]",0,0,0,1,0,1,0,0,0,1,20
2024471400793,2024,471400793,519866,132996,-0.29006,51.08377,3,3,7,22:05,-1,E07000227,3,2,1,0,2,"[11, 19]",2,8,0,0,0,1,0,0,0,0,0,1,20
2024471400815,2024,471400815,533435,123054,-0.1001,50.99143,3,3,1,01:20,-1,E07000228,4,2,1,0,1,19,5,1,0,1,10,1,0,0,0,0,0,1,21
2024471400827,2024,471400827,485711,103812,-0.78441,50.82751,2,2,1,05:00,-1,E07000225,3,2,2,1,1,19,3,7,9,3,10,1,0,0,0,0,0,1,21
2024471400948,2024,471400948,538886,138360,-0.01661,51.12769,2,2,1,12:20,-1,E07000228,3,0,1,1,1,"[19, 9, 3]","[5, 3]",1,0,0,0,1,0,1,0,0,0,1,21
2024471400959,2024,471400959,530197,104442,-0.15285,50.82489,3,3,1,11:35,-1,E06000043,4,0,1,0,1,"[9, 19]","[3, 7]","[5, 3]",0,0,0,1,1,0,0,0,0,1,21
2024471400996,2024,471400996,536666,135551,-0.04938,51.10298,2,2,1,15:50,-1,E07000228,6,0,4,1,2,19,1,5,0,7,0,1,0,0,0,0,0,1,21
2024471401263,2024,471401263,531383,104979,-0.13582,50.82945,3,3,4,18:15,-1,E06000043,3,2,1,0,1,19,3,7,0,0,0,1,0,0,0,0,1,1,17
2024471401328,2024,471401328,573991,108514,0.47033,50.84998,3,3,7,14:00,-1,E07000064,6,0,1,0,1,"[19, 9]",7,"[3, 5]",0,0,0,1,0,0,0,0,0,1,20
2024471401364,2024,471401364,527799,104723,-0.18678,50.82795,3,3,2,13:40,-1,E06000043,6,0,1,0,1,"[5, 2, 19]","[5, 0]","[1, 0]","[0, 4]",0,0,1,0,0,0,0,0,1,22
2024471401394,2024,471401394,527816,107026,-0.18573,50.84864,3,3,2,08:00,-1,E06000043,6,0,1,0,1,3,8,"[-1, 1]",0,0,0,1,0,0,0,0,0,1,22
2024471401419,2024,471401419,559191,101249,0.25711,50.78896,3,3,2,17:55,-1,E07000061,3,2,4,0,1,"[19, 10, 9]","[8, 5]","[4, 5, 2]",0,0,0,1,0,0,0,0,0,1,22
2024471401439,2024,471401439,561607,102345,0.29184,50.79814,2,2,2,16:46,-1,E07000061,3,0,1,0,2,19,"[5, 6]","[8, 2]",0,0,0,1,0,0,0,0,0,1,22
2024471401456,2024,471401456,529921,119451,-0.15143,50.95985,3,3,1,18:00,-1,E07000228,6,2,5,1,1,"[19, 2]","[3, 0]","[3, 0]","[4, 0]",0,0,1,0,0,0,0,0,1,21
2024471401474,2024,471401474,495045,107090,-0.65107,50.85552,3,3,2,10:50,-1,E07000224,3,0,1,0,2,"[5, 19]","[5, 3]","[1, 7]",0,0,0,1,0,0,0,0,0,1,22
2024471401573,2024,471401573,529776,109309,-0.1571,50.86873,3,3,3,08:30,-1,E06000043,3,0,2,1,2,"[19, -1]","[8, -1]","[4, -1]","[0, -1]","[0, -1]",0,1,0,0,0,0,0,1,23
2024471401590,2024,471401590,528008,104915,-0.18374,50.82963,2,2,3,08:20,-1,E06000043,6,0,2,1,1,"[5, 19]","[2, 7]","[5, 4]",0,0,0,1,1,0,0,0,0,1,23
2024471401743,2024,471401743,524542,136667,-0.22207,51.11577,3,3,2,14:43,-1,E07000226,6,0,4,0,1,"[9, 19]","[2, 6]","[8, 2]",0,0,0,1,0,0,0,0,0,1,22
2024471401815,2024,471401815,532020,105580,-0.12657,50.8347,3,3,2,14:45,-1,E06000043,3,0,4,0,1,"[9, 19]",2,"[4, 6]",0,0,0,1,1,0,0,0,0,1,22
2024471401844,2024,471401844,572832,107146,0.45324,50.83804,3,3,3,19:40,-1,E07000064,4,2,5,1,1,19,"[7, 1]","[3, 5]","[0, 10]","[0, 3]","[0, 1]",1,0,0,0,0,0,1,23
2024471401854,2024,471401854,518672,103846,-0.31659,50.82201,3,3,3,19:03,-1,E07000223,3,2,5,1,1,"[11, 19]",7,7,0,0,0,1,0,0,1,0,0,1,23
2024471401858,2024,471401858,505498,102907,-0.50382,50.81611,3,3,5,12:05,-1,E07000224,4,0,1,0,1,"[7, 19]","[1, 7]",3,0,0,0,1,0,1,0,0,0,1,18
2024471401887,2024,471401887,552568,106480,0.1654,50.83774,3,3,2,06:39,-1,E07000065,6,2,1,2,2,"[2, 19]","[0, 5]","[0, 1]","[0, 4]",0,0,1,0,0,0,0,0,1,15
2024471401890,2024,471401890,534707,125356,-0.08113,51.01182,3,3,3,23:20,-1,E07000228,4,2,4,1,1,19,3,7,0,0,0,1,0,0,0,0,0,1,23
2024471402038,2024,471402038,531248,104919,-0.13776,50.82894,3,3,3,18:45,-1,E06000043,6,2,5,1,1,9,7,3,0,1,0,1,0,0,0,0,1,1,23
2024471402193,2024,471402193,503743,103278,-0.52862,50.81976,2,2,2,22:15,-1,E07000224,3,2,1,0,1,19,"[7, 3]","[4, 7]",0,0,0,1,0,1,0,0,0,1,22
2024471402210,2024,471402210,525042,135159,-0.21545,51.10211,2,2,4,10:15,-1,E07000226,6,0,1,0,1,"[5, 19]","[2, 8]","[6, 4]",0,0,0,1,1,0,0,0,0,1,24
2024471402219,2024,471402219,531987,105137,-0.1272,50.83073,3,3,2,21:06,-1,E06000043,6,2,1,0,1,9,4,2,0,0,0,1,0,0,0,0,1,1,22
2024471402240,2024,471402240,549266,128867,0.1277,51.03978,3,3,4,11:55,-1,E07000065,3,0,1,0,2,4,7,3,0,0,0,0,0,0,1,0,0,1,24
2024471402260,2024,471402260,579486,111839,0.54994,50.87817,3,3,4,17:15,-1,E07000062,4,2,1,0,1,"[9, 19]","[4, 1]","[2, 5]",0,0,0,1,0,1,0,0,0,1,24
2024471402267,2024,471402267,493083,99767,-0.68079,50.79001,2,2,2,23:01,-1,E07000224,6,2,2,1,1,"[2, 19]","[0, 2]","[0, 6]","[99, 0]",0,0,1,0,0,0,0,0,1,22
2024471402282,2024,471402282,538661,138782,-0.01966,51.13154,3,3,1,13:48,-1,E07000228,3,0,1,0,1,"[19, 4]",8,4,0,0,0,1,0,0,0,0,0,1,21
2024471402289,2024,471402289,559899,102196,0.26756,50.79727,3,3,6,09:23,-1,E07000061,6,0,8,1,1,19,7,3,0,0,0,1,0,0,0,0,1,1,19
2024471402313,2024,471402313,541437,136813,0.01921,51.11316,3,3,4,16:51,-1,E07000228,3,2,1,0,1,"[9, 19]","[4, 8]","[8, 4]",0,0,0,1,0,1,0,0,0,1,24
2024471402339,2024,471402339,484309,104718,-0.8041,50.83586,3,3,5,01:18,-1,E07000225,6,2,1,0,1,-1,-1,-1,-1,-1,0,1,0,0,0,0,1,1,25
2024471402341,2024,471402341,515345,102675,-0.36417,50.81215,3,3,3,17:00,-1,E07000229,3,2,5,1,1,"[7, 19]",7,"[1, 3]",0,0,0,1,1,0,0,0,0,1,23
2024471402345,2024,471402345,561490,104677,0.29121,50.81912,3,3,4,13:55,-1,E07000065,4,0,1,0,2,"[19, 9]","[1, 5]","[5, 2]",0,0,0,1,0,0,0,0,0,1,24
2024471402444,2024,471402444,530571,124986,-0.14019,51.00945,3,3,7,15:30,-1,E07000228,4,0,1,0,2,19,4,8,0,0,0,1,0,0,0,0,1,1,6
2024471402528,2024,471402528,531794,106044,-0.12961,50.83893,3,3,4,15:31,-1,E06000043,6,0,1,0,1,9,8,6,"[99, 7]",0,0,0,1,0,0,0,0,1,17
2024471402538,2024,471402538,553849,129465,0.19328,51.04394,2,2,4,14:37,-1,E07000065,6,0,1,0,1,19,1,5,0,7,0,1,0,0,0,0,0,1,10
2024471402555,2024,471402555,513208,115733,-0.39045,50.92995,3,3,4,16:25,-1,E07000227,6,0,1,0,2,"[19, 4]","[5, 1]","[1, 5]",0,0,0,1,0,0,1,0,1,1,24
2024471402739,2024,471402739,562294,131593,0.31459,51.06074,2,"[3, 2]",5,17:34,-1,E07000065,4,2,1,1,2,19,7,3,0,1,4,1,0,0,0,0,0,1,25
2024471402872,2024,471402872,533014,104813,-0.11274,50.82758,3,3,6,10:20,-1,E06000043,6,0,1,0,2,"[19, 2]","[1, 0]","[5, 0]","[4, 0]","[1, 2, 0]",0,1,0,0,0,0,0,1,26
2024471402883,2024,471402883,530862,118856,-0.13825,50.95429,3,3,2,15:20,-1,E07000228,4,0,1,1,1,19,3,7,0,0,0,1,0,0,0,0,1,1,22
2024471402899,2024,471402899,537530,139445,-0.03556,51.13777,2,2,5,16:50,-1,E07000228,3,2,1,0,1,7,5,8,0,0,0,1,0,0,0,0,1,1,25
2024471402921,2024,471402921,481020,105080,-0.85072,50.83959,2,"[2, 3]",7,10:55,-1,E07000225,6,0,1,1,2,"[10, 9, 19]","[1, 7, 5]","[7, 5, 1]",0,0,0,1,0,1,0,0,0,1,20
2024471402962,2024,471402962,493125,100375,-0.68004,50.79547,3,3,2,20:50,-1,E07000224,6,2,1,0,1,"[2, 19]","[0, 1]","[0, 5]",0,0,0,1,1,0,0,0,0,1,22
2024471402964,2024,471402964,562055,103692,0.29879,50.81012,2,2,6,09:30,-1,E07000061,4,0,1,0,1,"[2, 19]","[0, 2]","[0, 4]","[0, 4]",0,0,1,0,0,1,0,1,1,26
2024471402974,2024,471402974,559194,97435,0.25551,50.75469,2,2,6,09:00,-1,E07000061,4,0,1,0,2,19,7,3,0,0,0,0,0,1,0,0,0,1,26
2024471403060,2024,471403060,508908,103405,-0.45528,50.81996,3,3,6,15:35,-1,E07000224,3,0,1,0,1,"[2, 19]",7,3,"[0, 4]",0,0,1,0,0,0,1,0,1,26
2024471403077,2024,471403077,547401,121525,0.09814,50.97428,3,3,6,15:40,-1,E07000065,6,0,1,0,1,19,2,6,0,0,0,1,0,0,0,0,1,1,26
2024471403080,2024,471403080,516635,130160,-0.33708,51.05894,2,2,6,09:40,-1,E07000227,4,0,8,1,1,"[14, 9]",1,"[5, 7]",0,"[0, 7]",0,1,0,0,0,1,0,1,26
2024471403089,2024,471403089,601021,118795,0.85949,50.93356,2,2,6,14:57,-1,E07000064,6,0,1,0,2,19,"[6, 2]","[2, 6]",0,"[7, 0]",0,1,0,1,0,0,0,1,26
2024471403108,2024,471403108,526574,124631,-0.19726,51.00715,3,3,6,18:46,-1,E07000228,3,2,1,0,2,"[19, 2]","[1, 0]","[5, 0]",0,"[1, 0]",0,1,0,0,0,0,0,1,26
2024471403121,2024,471403121,583795,111808,0.61111,50.87654,2,2,6,21:00,-1,E07000062,3,2,1,0,1,19,2,6,0,0,0,1,0,0,0,0,1,1,26
2024471403125,2024,471403125,529913,136142,-0.14556,51.10986,2,2,6,18:00,-1,E07000226,4,2,1,0,1,19,8,4,0,0,0,1,0,0,0,0,1,1,26
2024471403126,2024,471403126,526741,125908,-0.19443,51.01859,3,3,6,22:15,-1,E07000228,3,2,1,0,2,7,1,3,0,7,0,1,0,0,0,0,0,1,26
2024471403138,2024,471403138,532098,105837,-0.12537,50.837,3,3,6,19:50,-1,E06000043,3,2,1,0,1,19,"[4, 2]","[2, 4]",0,0,0,1,0,0,0,0,0,1,26
2024471403143,2024,471403143,531468,105028,-0.1346,50.82987,2,2,6,22:15,-1,E06000043,3,2,1,0,1,"[3, 19]",1,5,0,0,0,1,0,0,0,0,0,1,26
2024471403155,2024,471403155,555712,123266,0.21717,50.98774,3,3,7,01:35,-1,E07000065,3,2,1,0,2,19,"[4, 8]","[8, 4]",0,"[0, 1]",0,1,0,0,0,0,0,1,27
2024471403176,2024,471403176,514172,104830,-0.38014,50.83175,3,3,7,05:10,-1,E07000229,3,2,1,0,1,19,"[4, 8]","[8, 6]",0,0,0,1,0,0,0,0,0,1,27
2024471403185,2024,471403185,487862,117708,-0.75054,50.95212,3,3,6,15:39,-1,E07000225,3,0,1,0,2,19,1,5,0,0,0,1,0,0,0,0,0,1,26
2024471403186,2024,471403186,493053,109820,-0.67867,50.88039,3,3,6,13:45,-1,E07000225,3,0,1,0,2,19,2,6,0,7,10,1,0,0,0,0,0,1,26
2024471403209,2024,471403209,530051,118309,-0.14999,50.94955,3,3,7,08:30,-1,E07000228,6,0,1,2,1,9,3,1,0,7,10,1,0,0,0,0,0,1,27
2024471403228,2024,471403228,537339,122118,-0.04486,50.9821,3,3,7,07:55,-1,E07000228,3,0,1,2,2,19,5,8,0,7,11,1,0,0,0,0,0,1,27
2024471403272,2024,471403272,509157,127017,-0.44469,51.03216,3,3,5,08:50,-1,E07000227,3,0,2,1,2,"[3, 19]",6,2,0,0,0,1,0,0,0,0,0,1,25
2024471403300,2024,471403300,485836,104157,-0.78255,50.83059,3,3,7,15:20,-1,E07000225,3,0,8,0,1,"[10, 19]",2,"[7, 6]",0,0,0,1,0,0,0,0,0,1,27
2024471403331,2024,471403331,532369,103988,-0.12219,50.82032,3,3,7,11:10,-1,E06000043,6,0,1,0,1,19,3,7,0,0,0,1,0,0,0,0,1,1,27
2024471403382,2024,471403382,516833,133326,-0.33323,51.08736,3,3,7,21:08,-1,E07000227,3,2,1,0,2,19,5,1,9,8,1,1,0,0,0,0,0,1,27
2024471403418,2024,471403418,531954,123909,-0.12088,50.99945,3,3,6,12:00,-1,E07000228,4,0,1,0,2,19,7,7,0,1,0,1,0,0,0,0,0,1,26
2024471403438,2024,471403438,528388,105950,-0.17799,50.83885,3,3,4,09:30,-1,E06000043,3,0,1,0,1,19,-1,-1,0,0,0,1,0,1,0,0,0,1,3
2024471403527,2024,471403527,510339,103707,-0.43489,50.8224,3,3,1,11:45,-1,E07000229,3,0,1,0,2,3,7,2,0,0,0,1,1,0,0,0,0,1,28
2024471403531,2024,471403531,532125,119559,-0.12002,50.96032,3,3,1,13:35,-1,E07000228,6,0,1,1,1,"[1, 19]","[8, 4]","[4, 7]",0,0,0,1,0,1,0,0,0,1,28
2024471403537,2024,471403537,530082,120016,-0.14894,50.96489,3,3,4,16:50,-1,E07000228,6,2,1,0,1,19,5,1,0,0,0,1,0,0,0,0,1,1,10
2024471403593,2024,471403593,538030,101973,-0.04263,50.80089,3,3,1,21:10,-1,E06000043,3,2,1,0,2,19,3,7,0,0,0,1,0,0,0,0,0,1,28
2024471403727,2024,471403727,515373,133623,-0.35398,51.09033,3,3,2,07:29,-1,E07000227,6,2,1,1,2,"[2, 19]","[0, 2]","[0, 6]",0,0,0,1,0,0,0,0,0,1,29
2024471403933,2024,471403933,516549,122764,-0.34068,50.99248,3,3,6,18:12,-1,E07000227,3,2,1,0,2,"[20, 19]","[5, 3]",1,0,0,0,0,0,1,1,0,0,1,26
2024471403990,2024,471403990,533419,123312,-0.10023,50.99375,3,3,2,13:42,-1,E07000228,6,0,1,0,1,"[2, 14]","[0, 1]","[0, 5]",0,0,0,1,0,0,0,0,0,1,29
2024471404016,2024,471404016,518590,131666,-0.3087,51.07208,3,3,7,13:17,-1,E07000227,6,0,1,0,1,"[7, 19]","[1, 6]",2,0,0,0,1,1,0,0,0,0,1,20
2024471404060,2024,471404060,563194,101477,0.31396,50.78989,3,3,2,16:50,-1,E07000061,6,0,1,0,1,"[5, 19]","[3, 1]","[7, 5]",0,0,0,1,0,0,0,0,0,1,29
2024471404293,2024,471404293,529352,136991,-0.15327,51.11762,3,3,6,17:45,-1,E07000226,6,2,1,0,1,"[2, 19]","[0, 1]","[0, 5]",0,0,0,1,0,0,0,0,0,1,26
2024471404321,2024,471404321,513840,102949,-0.38544,50.81491,3,3,4,21:20,-1,E07000229,3,2,1,0,1,"[7, -1]","[7, -1]","[1, -1]","[0, -1]","[0, -1]",0,1,0,1,0,0,0,1,24
2024471404338,2024,471404338,529989,104476,-0.15578,50.82524,3,3,3,11:00,-1,E06000043,4,0,1,-1,1,"[19, 2, 14]","[3, 0]","[7, 0]",0,0,0,1,1,0,1,0,0,1,30
2024471404350,2024,471404350,535707,106556,-0.07388,50.84262,3,3,3,07:50,-1,E06000043,4,0,1,1,2,"[19, 4]",1,5,0,0,0,1,0,1,0,0,0,1,30
2024471404449,2024,471404449,492679,99160,-0.68667,50.78462,3,3,3,12:18,-1,E07000224,6,0,1,0,1,"[9, 19]","[3, 1]","[1, 5]",0,0,0,1,0,0,0,0,0,1,30
2024471404450,2024,471404450,523758,122716,-0.23803,50.99055,3,3,3,12:32,-1,E07000228,3,0,1,0,2,19,3,7,0,7,4,1,0,0,0,0,0,1,30
2024471404451,2024,471404451,484364,102691,-0.80379,50.81763,3,3,3,10:46,-1,E07000225,3,0,1,0,2,"[9, 19]","[7, 5]","[5, 1]",0,0,0,1,0,0,0,0,0,1,30
2024471404485,2024,471404485,561941,99546,0.29535,50.7729,3,3,3,11:00,-1,E07000061,3,0,1,0,1,9,7,5,0,0,0,1,0,0,0,0,1,1,30
2024471404499,2024,471404499,559146,99946,0.25591,50.77726,3,3,3,11:49,-1,E07000061,6,0,1,0,1,"[2, 19]","[0, 5]","[0, 1]","[0, 4]",0,0,1,0,0,0,0,0,1,30
2024471404514,2024,471404514,500455,107079,-0.57424,50.85451,3,3,3,13:20,-1,E07000224,3,0,1,0,2,"[4, 19, 9]",3,"[7, 1]",0,0,0,1,0,0,0,0,0,1,30
2024471404546,2024,471404546,573277,108798,0.46033,50.85274,2,2,3,15:45,-1,E07000064,6,0,1,0,1,"[19, 9]","[4, 1]","[1, 7]",0,0,0,1,0,1,0,0,0,1,30
2024471404573,2024,471404573,567588,114525,0.38221,50.90587,3,3,3,17:00,-1,E07000064,6,0,1,0,2,"[19, 9]","[6, 4]","[2, 1]","[99, 0]",0,0,1,0,0,0,0,0,1,30
2024471404585,2024,471404585,531582,106296,-0.13253,50.84124,3,3,3,19:45,-1,E06000043,6,2,1,1,1,"[19, 5]","[1, 2]",5,0,0,0,1,0,1,0,0,0,1,30
2024471404616,2024,471404616,528947,134337,-0.16,51.09385,2,2,3,11:30,-1,E07000226,1,0,1,0,2,19,1,5,0,2,0,1,0,0,0,0,0,1,30
2024471404826,2024,471404826,528230,104470,-0.18075,50.82558,3,3,3,13:37,-1,E06000043,3,0,1,0,1,4,3,7,0,0,0,1,0,1,0,0,0,1,30
2024471404885,2024,471404885,527048,139258,-0.18537,51.13851,3,3,4,12:28,-1,E07000226,3,0,1,0,2,19,1,5,0,0,0,1,0,0,0,0,0,1,31
2024471404894,2024,471404894,495187,100221,-0.65083,50.79375,3,3,4,20:45,-1,E07000224,6,2,1,0,1,"[1, 3]","[8, 6]","[4, 2]",0,0,0,1,0,0,0,0,0,1,24