collision_index,collision_year,collision_ref_no,location_easting_osgr,location_northing_osgr,longitude,latitude,casualty_severity,casualty_severity,day_of_week,time,local_authority_district,local_authority_ons_district,first_road_class,light_conditions,weather_conditions,road_surface_conditions,urban_or_rural_area,vehicle_manoeuvre,vehicle_direction_from,vehicle_direction_to,hit_object_in_carriageway,vehicle_leaving_carriageway,hit_object_off_carriageway,is_car,is_cyle,is_mcyle,is_goodsv,is_other,is_pedestrian,month,day
2024471410448,2024,471410448,581158,115051,0.57527,50.9065,3,3,6,00:27,-1,E07000064,3,2,1,0,2,19,7,3,0,7,10,1,0,0,0,0,0,2,16
2024471410493,2024,471410493,506039,105725,-0.49533,50.84135,3,3,5,00:09,-1,E07000224,6,2,2,1,2,4,7,3,10,2,4,1,0,0,0,0,0,2,15
2024471410631,2024,471410631,530526,124990,-0.14083,51.00949,3,3,6,10:50,-1,E07000228,4,0,1,0,2,"[10, 19]",5,"[4, 1]",0,0,0,1,0,0,0,0,0,2,16
2024471410732,2024,471410732,526533,136611,-0.19366,51.11483,3,3,5,17:50,-1,E07000226,3,2,1,1,1,"[2, 1]","[0, -1]","[0, -1]",0,0,0,1,0,1,0,0,1,2,15
2024471410733,2024,471410733,487070,105792,-0.76465,50.84511,3,3,5,14:05,-1,E07000225,6,0,1,0,1,19,3,7,0,0,0,1,0,0,0,0,1,2,15
2024471410742,2024,471410742,497434,106863,-0.6172,50.85309,2,"[3, 2]",5,10:10,-1,E07000224,3,0,1,1,2,"[9, 19]","[3, 7]","[1, 3]",0,"[0, 2]","[0, 7]",1,0,0,0,0,0,2,15
2024471410748,2024,471410748,568404,105784,0.38978,50.8271,3,3,6,06:05,-1,E07000064,6,2,1,1,2,"[9, 19]","[5, 2]","[2, 6]",0,0,0,1,1,0,0,0,0,2,16
2024471410762,2024,471410762,561273,101983,0.28695,50.79498,3,3,6,14:15,-1,E07000061,6,0,1,0,1,"[4, 19]",3,7,0,0,0,1,0,0,0,0,0,2,16
2024471410784,2024,471410784,480872,97213,-0.85455,50.76888,3,3,3,12:55,-1,E07000225,4,0,2,1,2,-1,-1,-1,-1,-1,0,1,0,0,0,0,1,2,13
2024471410876,2024,471410876,530602,105385,-0.14676,50.83327,3,3,6,16:10,-1,E06000043,3,0,1,0,1,19,7,3,0,0,0,1,0,0,0,0,0,2,16
2024471410900,2024,471410900,525362,105514,-0.22109,50.83559,3,3,6,18:50,-1,E07000223,6,2,1,0,1,"[9, 19]","[1, 7]","[7, 3]",0,0,0,1,0,1,0,0,0,2,16
2024471410932,2024,471410932,509742,102488,-0.44372,50.81156,2,2,7,03:20,-1,E07000224,6,2,1,1,1,19,5,1,0,8,11,1,0,0,0,0,0,2,17
2024471410941,2024,471410941,532381,118178,-0.11688,50.94785,3,3,7,04:35,-1,E07000228,6,2,2,1,1,"[6, 5]","[5, 7]","[7, 3]",0,0,0,1,0,0,0,0,0,2,17
2024471410972,2024,471410972,515174,132255,-0.35725,51.07807,2,2,5,09:40,-1,E07000227,6,0,2,1,2,"[2, 19]",6,2,0,0,0,1,0,0,1,0,0,2,8
2024471411015,2024,471411015,503141,105818,-0.53645,50.8427,3,3,7,12:50,-1,E07000224,3,0,1,1,2,"[19, 4]",3,7,0,0,0,1,0,0,0,0,0,2,17
2024471411030,2024,471411030,544222,127809,0.05539,51.03156,3,3,5,13:45,-1,E07000065,3,0,1,0,1,"[2, 19]","[0, 5]","[0, 1]",0,0,0,1,0,0,0,0,0,2,15
2024471411056,2024,471411056,513333,105584,-0.39182,50.8387,3,3,7,13:36,-1,E07000229,3,0,1,1,1,"[19, 13]",8,4,0,0,0,1,0,0,0,0,0,2,17
2024471411072,2024,471411072,561538,102488,0.29093,50.79944,3,3,7,14:42,-1,E07000061,3,0,1,1,2,19,1,4,0,0,0,1,0,0,0,0,0,2,17
2024471411090,2024,471411090,530297,116154,-0.14726,50.93013,3,3,7,17:30,-1,E07000228,3,0,1,0,1,"[1, 19]","[1, 6]","[6, 1]",0,0,0,1,0,0,0,0,0,2,17
2024471411091,2024,471411091,529028,137129,-0.15785,51.11893,3,3,6,06:20,-1,E07000226,3,0,1,1,1,"[19, 9]","[2, 7]","[7, 4]",0,0,0,1,0,0,0,0,0,2,16
2024471411147,2024,471411147,512660,105778,-0.40131,50.84057,3,3,7,23:30,-1,E07000229,3,2,2,1,1,19,7,3,0,7,11,1,0,0,0,0,0,2,17
2024471411158,2024,471411158,534794,103063,-0.08812,50.81144,3,3,1,01:40,-1,E06000043,3,2,2,1,2,19,7,3,11,0,0,1,0,0,0,0,0,2,18
2024471411161,2024,471411161,547272,120878,0.09604,50.9685,2,2,1,02:47,-1,E07000065,4,2,2,1,1,"[19, 5]","[5, 7]","[1, 3]",0,0,0,1,0,0,0,0,0,2,18
2024471411172,2024,471411172,549516,128881,0.13127,51.03984,2,2,1,03:14,-1,E07000065,3,2,2,1,2,19,3,7,0,0,0,1,0,0,0,0,0,2,18
2024471411175,2024,471411175,531295,103871,-0.13747,50.81951,3,3,7,23:50,-1,E06000043,3,2,2,1,1,19,7,3,0,0,0,1,0,0,0,0,1,2,17
2024471411219,2024,471411219,531742,105233,-0.13064,50.83165,3,3,1,09:22,-1,E06000043,6,0,1,1,1,"[19, 9]","[6, 2]","[2, 7]",0,0,0,1,0,1,0,0,0,2,18
2024471411285,2024,471411285,493267,99458,-0.67826,50.7872,3,3,1,14:26,-1,E07000224,6,0,1,1,1,"[2, 19]","[0, 4]","[0, 8]","[4, 0]",0,0,1,0,0,0,0,0,2,18
2024471411288,2024,471411288,526343,133404,-0.19749,51.08605,3,3,1,14:25,-1,E07000226,1,0,1,1,2,19,1,5,0,0,0,1,0,1,0,0,0,2,18
2024471411291,2024,471411291,521945,105106,-0.26973,50.83265,3,3,3,09:10,-1,E07000223,3,0,1,0,1,19,"[7, 1]","[3, 5]",0,0,0,1,0,1,0,0,0,1,16
2024471411401,2024,471411401,531213,103864,-0.13864,50.81946,3,3,4,23:25,-1,E06000043,6,2,5,1,1,"[5, 6]","[7, 3]","[3, 7]",0,0,0,1,0,1,0,0,0,2,14
2024471411594,2024,471411594,508803,114288,-0.45354,50.91781,3,3,6,15:45,-1,E07000227,3,0,1,0,2,19,7,3,0,0,0,1,0,0,0,0,1,2,16
2024471411622,2024,471411622,526901,136808,-0.18833,51.11652,3,3,5,19:00,-1,E07000226,6,2,1,0,1,19,7,3,0,0,0,1,0,0,0,0,1,2,15
2024471411676,2024,471411676,519122,122734,-0.30405,50.99169,3,3,2,08:44,-1,E07000227,6,0,1,1,2,"[5, 19]","[5, 3]","[1, 7]",0,0,0,1,0,0,0,0,0,2,19
2024471411677,2024,471411677,583647,111331,0.60877,50.8723,3,3,6,18:50,-1,E07000062,3,2,9,0,1,"[7, 19]",2,6,0,0,0,1,1,0,0,0,0,2,9
2024471411678,2024,471411678,527607,106064,-0.18903,50.84004,2,2,2,12:45,-1,E06000043,6,0,1,0,1,5,7,3,0,0,0,0,0,0,1,0,0,2,19
2024471411709,2024,471411709,579487,111838,0.54995,50.87816,3,3,2,15:06,-1,E07000062,4,0,1,0,1,"[19, 9]","[7, 2]","[3, 8]",0,0,0,1,0,0,0,0,0,2,19
2024471411714,2024,471411714,574502,107443,0.47707,50.8402,2,2,1,19:00,-1,E07000064,4,2,1,0,1,1,1,5,0,0,0,1,0,0,0,0,1,2,18
2024471411732,2024,471411732,530577,105122,-0.14721,50.83091,3,3,2,11:45,-1,E06000043,3,0,1,0,1,"[4, 19]",1,5,0,0,0,1,0,0,0,0,0,2,19
2024471411752,2024,471411752,490695,102797,-0.71391,50.81763,3,3,1,15:25,-1,E07000225,3,0,8,1,2,"[19, 4]","[5, 1]","[1, 5]",0,0,0,1,0,0,0,0,0,2,18
2024471411755,2024,471411755,530145,109319,-0.15185,50.86873,2,2,1,15:35,-1,E06000043,3,0,8,0,1,"[15, 19]",1,5,0,0,0,1,1,0,0,0,0,2,18
2024471411756,2024,471411756,509121,103439,-0.45225,50.82022,3,3,2,18:20,-1,E07000224,3,2,1,0,1,"[19, 4]",3,7,0,0,0,1,0,0,0,0,0,2,19
2024471411759,2024,471411759,536057,120168,-0.06384,50.96488,3,3,2,16:24,-1,E07000063,6,0,1,1,2,19,"[2, 7]","[7, 2]",0,0,0,1,0,1,0,0,0,2,19
2024471411778,2024,471411778,579524,112412,0.55076,50.88331,2,2,2,18:45,-1,E07000062,3,2,1,0,1,"[2, 19]","[0, 5]","[0, 1]","[0, 4]",0,0,1,0,1,0,0,0,2,19
2024471412099,2024,471412099,476747,105642,-0.91127,50.84522,3,3,3,13:20,-1,E07000225,3,0,1,0,1,"[19, -1]",3,7,"[0, -1]","[0, -1]",0,1,0,0,0,0,0,2,20
2024471412116,2024,471412116,539372,138203,-0.00973,51.12616,2,2,3,12:15,-1,E07000228,6,0,8,1,1,"[9, 19]",8,4,0,0,0,1,0,1,0,0,0,2,20
2024471412150,2024,471412150,561702,98866,0.29166,50.76685,3,3,3,17:10,-1,E07000061,4,2,1,1,1,19,2,6,0,0,0,1,0,0,0,0,1,2,20
2024471412165,2024,471412165,526496,138331,-0.19358,51.1303,3,3,3,19:05,-1,E07000226,6,2,1,0,1,"[9, 19]","[4, 2]","[2, 6]",0,0,0,1,0,1,0,0,0,2,20
2024471412192,2024,471412192,508598,122870,-0.4539,50.99499,3,3,3,17:24,-1,E07000227,4,2,1,0,2,"[19, 13]","[4, 8]","[8, 4]",0,"[0, 7, 2]","[0, 3, 11]",1,0,0,0,0,0,2,20
2024471412197,2024,471412197,512787,102791,-0.40043,50.8137,3,3,3,17:55,-1,E07000229,3,2,1,0,1,"[9, 19]","[1, 7]","[7, 3]",0,0,0,1,1,0,0,0,0,2,20
2024471412201,2024,471412201,573609,108027,0.46468,50.84572,3,3,3,18:20,-1,E07000064,3,2,1,0,1,"[19, 9]","[3, 7]","[7, 4]",0,0,0,1,0,1,0,0,0,2,20
2024471412230,2024,471412230,530722,120190,-0.13976,50.96631,2,"[3, 2]",4,01:05,-1,E07000228,4,2,1,0,1,19,5,1,10,0,0,1,0,0,0,0,0,2,21
2024471412233,2024,471412233,527963,106861,-0.1837,50.84713,2,2,4,05:50,-1,E06000043,6,2,2,1,1,"[9, 19]","[2, 8]","[7, 4]",0,0,0,1,1,0,0,0,0,2,21
2024471412250,2024,471412250,491852,101135,-0.69791,50.8025,3,3,3,13:13,-1,E07000224,4,0,2,1,1,"[2, 19]","[0, 8]","[0, 4]","[0, 5]",7,0,1,0,0,0,0,0,2,20
2024471412432,2024,471412432,573359,127198,0.47024,51.01803,3,3,3,08:50,-1,E07000064,3,0,1,0,2,"[19, 7]","[5, 7]",1,0,0,0,1,0,0,0,0,0,2,20
2024471412531,2024,471412531,493903,105553,-0.66768,50.84189,3,3,4,09:58,-1,E07000224,3,0,2,1,2,"[10, 19]","[8, 5]","[5, 1]",0,0,0,1,0,0,0,0,0,2,21
2024471412559,2024,471412559,512554,107574,-0.40227,50.85674,2,2,3,07:01,-1,E07000229,3,0,1,0,1,"[9, 19]","[8, 4]","[6, 8]",0,0,0,1,0,1,0,0,0,2,20
2024471412584,2024,471412584,528030,116775,-0.17928,50.93622,1,1,4,13:12,-1,E07000228,6,0,5,1,1,"[5, 19]",5,1,0,0,0,1,1,0,0,0,0,2,21
2024471412612,2024,471412612,534600,125617,-0.08256,51.01419,2,"[2, 3]",4,19:20,-1,E07000228,6,2,1,1,1,"[5, 2]","[1, 0]","[5, 0]",0,0,0,1,0,0,0,0,0,2,21
2024471412644,2024,471412644,570083,107812,0.41454,50.84483,3,3,4,15:30,-1,E07000064,3,0,1,1,1,19,"[3, 7]","[7, 3]",0,0,0,1,0,0,0,0,0,2,21
2024471412686,2024,471412686,516883,136532,-0.33148,51.11617,3,3,5,05:30,-1,E07000227,3,2,2,1,2,19,5,1,0,7,11,1,0,0,0,0,0,2,22
2024471412729,2024,471412729,560162,98979,0.26989,50.76829,3,3,5,08:00,-1,E07000061,6,0,1,1,1,"[19, 9]","[6, 8]",3,0,0,0,1,0,0,0,0,0,2,22
2024471412825,2024,471412825,562264,103430,0.30164,50.8077,2,2,5,08:23,-1,E07000061,4,0,2,1,1,"[9, 19]","[3, 1]","[1, 5]",0,0,0,1,0,0,0,0,0,2,22
2024471412833,2024,471412833,535863,106004,-0.07187,50.83763,3,3,2,13:30,-1,E06000043,6,0,5,1,1,1,5,1,0,0,0,1,0,0,1,0,1,2,19
2024471412835,2024,471412835,514179,102761,-0.38069,50.81315,3,3,4,08:45,-1,E07000229,6,0,2,1,1,"[2, 1]","[7, -1]","[3, -1]","[0, -1]","[0, -1]",0,1,1,0,0,0,0,2,21
2024471412852,2024,471412852,514318,103168,-0.37859,50.81679,3,3,5,08:26,-1,E07000229,6,0,8,1,1,7,7,1,0,0,0,1,1,0,0,0,0,2,22
2024471412955,2024,471412955,487087,105894,-0.76438,50.84602,3,3,4,14:50,-1,E07000225,6,0,2,1,1,19,"[5, 3]","[1, 8]",0,0,0,1,1,0,0,0,0,2,21
2024471412963,2024,471412963,493025,100637,-0.68139,50.79784,3,3,4,12:33,-1,E07000224,6,0,2,1,1,"[19, 12]","[3, 7]","[7, 3]","[0, 99]",0,0,1,0,0,0,0,0,2,21
2024471412981,2024,471412981,525615,134613,-0.20746,51.09707,3,3,5,14:10,-1,E07000226,6,0,2,1,1,19,"[7, 5]","[5, 2]",0,0,0,1,0,0,0,0,0,2,22
2024471412982,2024,471412982,531708,105493,-0.13103,50.83399,3,3,5,16:00,-1,E06000043,3,0,2,1,1,"[2, 19]","[0, 1]","[0, 5]",0,0,0,1,0,1,0,0,0,2,22
2024471413000,2024,471413000,506608,105715,-0.48725,50.84115,3,3,5,15:15,-1,E07000224,3,0,5,1,1,19,7,3,11,5,10,1,0,0,0,0,0,2,22
2024471413010,2024,471413010,530861,133418,-0.13302,51.08516,3,3,5,17:10,-1,E07000228,4,2,2,1,2,"[19, 10]",5,"[1, 2]",0,0,0,1,0,0,0,0,0,2,22
2024471413029,2024,471413029,515511,102701,-0.36181,50.81235,2,2,5,19:25,-1,E07000229,3,2,1,0,1,19,3,7,0,0,0,1,0,0,0,0,1,2,22
2024471413030,2024,471413030,519387,131412,-0.29742,51.06963,3,3,5,15:30,-1,E07000227,4,0,1,1,1,19,3,7,0,0,0,1,0,0,0,0,0,2,22
2024471413081,2024,471413081,574773,107647,0.48101,50.84195,3,3,5,20:40,-1,E07000064,3,2,1,1,1,"[5, 19]","[1, 3]","[5, 7]",0,0,0,1,0,1,0,0,0,2,22
2024471413196,2024,471413196,532104,104862,-0.12563,50.82823,3,3,4,17:10,-1,E06000043,6,0,2,1,1,"[2, 1]","[0, 4]","[0, -1]",0,0,0,1,0,0,0,0,1,2,21
2024471413308,2024,471413308,511798,129347,-0.40632,51.0526,2,"[2, 3]",5,14:40,-1,E07000227,3,0,2,1,2,"[19, 3, 13]","[2, 7]","[7, 2]",0,0,0,1,0,0,0,0,0,2,22
2024471413414,2024,471413414,540313,139447,0.00419,51.13711,3,3,6,15:25,-1,E07000228,6,0,1,0,1,19,8,4,0,7,11,1,0,0,0,0,0,2,23
2024471413478,2024,471413478,517990,104375,-0.3261,50.8269,2,2,6,21:05,-1,E07000223,6,2,1,0,1,19,3,8,0,7,3,1,0,0,0,0,0,2,23
2024471413493,2024,471413493,527701,105918,-0.18775,50.83871,2,"[3, 2]",6,23:33,-1,E06000043,3,2,1,0,1,"[7, 19]","[1, 7]",3,0,0,0,1,0,0,0,0,0,2,23
2024471413504,2024,471413504,557894,105634,0.24061,50.82871,3,3,6,08:02,-1,E07000065,3,0,1,1,2,"[4, 19]",5,1,0,0,0,1,0,0,0,0,0,2,23
2024471413516,2024,471413516,528390,139635,-0.16607,51.14159,3,3,7,06:25,-1,E07000226,6,0,1,2,1,"[15, 2]","[7, 0]","[3, 0]","[4, 0]",0,0,1,0,0,0,0,0,2,24
2024471413592,2024,471413592,533492,104422,-0.1061,50.82396,3,3,6,15:00,-1,E06000043,6,0,1,0,1,19,"[5, 1]","[1, 5]",0,0,0,1,1,0,0,0,0,2,23
2024471413604,2024,471413604,526356,136875,-0.19609,51.11724,3,3,6,13:50,-1,E07000226,6,0,1,0,1,4,4,8,0,0,0,1,0,0,0,0,1,2,23
2024471413617,2024,471413617,538933,138488,-0.01589,51.12883,3,3,6,11:00,-1,E07000228,3,0,1,0,1,19,6,4,0,0,0,1,0,0,0,0,1,2,23
2024471413644,2024,471413644,573108,113064,0.45995,50.89112,3,3,7,13:23,-1,E07000064,6,0,1,1,2,"[4, 14]",-1,-1,0,0,0,1,0,0,0,0,0,2,24
2024471413657,2024,471413657,533883,105157,-0.10028,50.83047,2,2,6,15:42,-1,E06000043,6,0,1,0,2,"[13, 5, 9]","[1, 3]","[5, 1, 3]",0,0,0,1,0,1,0,0,0,2,23
2024471413659,2024,471413659,493403,99559,-0.67631,50.78809,2,2,5,11:10,-1,E07000224,4,0,2,1,1,"[9, 19]",5,"[7, 1]",0,0,0,1,1,0,0,0,0,2,22
2024471413664,2024,471413664,567837,112212,0.38468,50.88502,3,3,5,16:23,-1,E07000065,3,0,2,1,2,4,2,6,0,0,0,1,0,0,0,0,0,2,22
2024471413672,2024,471413672,560775,103062,0.28036,50.80481,3,3,6,17:40,-1,E07000061,6,2,2,1,1,"[3, 1]","[2, 6]","[6, 2]",0,0,0,1,0,1,0,0,0,2,23
2024471413736,2024,471413736,563795,103928,0.32357,50.81175,3,3,7,14:45,-1,E07000065,4,0,2,1,2,"[3, 19]",1,5,0,0,0,1,0,0,0,0,0,2,24
2024471413798,2024,471413798,558100,119281,0.24944,50.95128,3,3,1,03:55,-1,E07000065,4,2,1,0,2,"[2, 19]","[0, 8]","[0, 4]",0,"[0, 1]",0,1,0,0,0,0,0,2,25
2024471413803,2024,471413803,579827,111868,0.5548,50.87833,3,3,1,03:21,-1,E07000062,3,2,1,1,1,"[19, 2]","[4, 0]","[8, 0]",0,0,0,1,0,0,0,0,0,2,25
2024471413913,2024,471413913,558015,104562,0.24187,50.81905,2,2,7,10:00,-1,E07000065,3,0,1,0,1,"[19, 9]","[6, 2]","[2, 8]","[7, 0]",0,0,1,0,0,0,0,0,2,24
2024471414006,2024,471414006,486447,108024,-0.77297,50.86527,3,3,7,11:43,-1,E07000225,6,0,1,1,2,19,"[3, 8]","[8, 3]",0,0,0,1,1,0,0,0,0,2,24
2024471414015,2024,471414015,536014,102571,-0.071,50.80674,3,3,1,22:50,-1,E06000043,3,2,2,1,2,"[9, 3]","[8, 4]","[7, 8]",0,0,0,1,0,0,0,0,0,2,25
2024471414105,2024,471414105,515818,131619,-0.34827,51.07222,3,3,6,21:45,-1,E07000227,3,2,1,1,2,19,1,5,0,"[0, 1]",0,1,1,0,0,0,0,2,23
2024471414113,2024,471414113,551789,135598,0.16649,51.0996,2,2,2,07:26,-1,E07000065,4,0,2,1,2,19,6,2,0,0,0,1,0,0,0,0,0,2,26
2024471414244,2024,471414244,525774,122425,-0.20942,50.9875,3,3,7,11:54,-1,E07000228,3,0,2,1,2,19,"[3, 7]","[7, 3]",0,"[0, 1]","[0, 1]",1,0,0,0,0,0,2,24
2024471414258,2024,471414258,515680,131157,-0.35038,51.0681,3,3,2,12:46,-1,E07000227,3,0,8,0,1,19,"[2, 5]","[6, 1]",0,"[1, 0]","[4, 0]",1,0,0,1,0,0,2,26
2024471414275,2024,471414275,556484,111320,0.22304,50.88019,2,"[3, 2]",2,09:10,-1,E07000065,3,0,1,1,2,"[7, 9]","[3, 5]","[5, 7]",0,0,0,1,0,0,0,0,0,2,26
2024471414277,2024,471414277,534138,124774,-0.08946,51.00672,3,3,7,13:35,-1,E07000228,6,0,1,0,1,19,"[4, 8]","[8, 4]",0,0,0,1,0,0,0,0,0,2,24
2024471414306,2024,471414306,527275,107533,-0.19324,50.85332,3,3,2,16:45,-1,E06000043,6,0,1,0,1,19,3,7,0,0,0,1,0,0,0,0,1,2,26
2024471414343,2024,471414343,558948,109583,0.25728,50.86391,2,2,2,15:00,-1,E07000065,3,0,4,1,1,19,5,1,0,0,0,1,0,0,0,0,1,2,26
2024471414493,2024,471414493,519856,119440,-0.29468,50.96193,3,3,7,07:58,-1,E07000227,4,0,1,2,2,19,7,3,0,0,0,0,0,1,0,0,0,2,24
2024471414634,2024,471414634,487810,104126,-0.75454,50.83002,3,3,3,10:55,-1,E07000225,3,0,1,0,2,"[12, 19]",5,6,0,0,0,1,0,0,0,0,0,2,27
2024471414721,2024,471414721,561200,114926,0.29161,50.9113,3,3,3,07:45,-1,E07000065,6,0,1,2,2,19,1,4,0,0,0,1,0,0,0,0,0,2,27
2024471414766,2024,471414766,511863,111653,-0.41083,50.89354,2,2,2,12:42,-1,E07000227,3,0,4,0,2,19,5,1,11,0,0,1,0,0,0,0,0,2,26
2024471414792,2024,471414792,526231,135401,-0.19839,51.10402,2,2,2,10:45,-1,E07000226,6,0,4,0,1,13,6,2,0,0,0,0,0,0,1,0,1,2,26
2024471414943,2024,471414943,492609,100081,-0.68743,50.79291,3,3,4,08:10,-1,E07000224,6,0,1,0,1,"[19, 9]","[-1, 2]","[-1, 6]",0,0,0,1,1,0,1,0,0,2,28
2024471415121,2024,471415121,528809,105153,-0.17229,50.83159,3,3,5,17:15,-1,E06000043,6,2,5,1,1,"[9, 5]","[7, 1]",5,0,0,0,1,1,0,0,0,0,2,8
2024471415166,2024,471415166,503342,103400,-0.53427,50.82093,3,3,4,15:30,-1,E07000224,3,0,1,1,1,9,1,3,0,0,0,1,0,0,0,0,0,2,28
2024471415203,2024,471415203,531286,104079,-0.13752,50.82138,2,2,4,17:55,-1,E06000043,3,2,2,1,1,9,3,1,0,0,0,1,0,0,0,0,1,2,28
2024471415237,2024,471415237,532180,105933,-0.12417,50.83784,2,2,4,22:15,-1,E06000043,3,2,2,1,1,19,"[7, 1]","[3, 5]",0,0,0,1,0,1,0,0,0,2,28
2024471415249,2024,471415249,488246,110704,-0.74677,50.88909,2,"[3, 2]",4,22:10,-1,E07000225,6,2,7,1,2,19,3,7,0,3,4,1,0,0,0,0,0,2,28
2024471415437,2024,471415437,554765,104850,0.19589,50.82251,3,3,3,10:00,-1,E07000065,3,0,1,0,2,19,"[7, 3]","[3, 7]",0,"[1, 0]",0,1,0,0,0,0,0,2,27
2024471415468,2024,471415468,528039,136596,-0.17216,51.11436,3,3,5,12:49,-1,E07000226,3,0,1,0,1,19,7,3,0,0,0,1,0,0,0,0,1,2,29
2024471415491,2024,471415491,558450,136561,0.26196,51.10645,3,3,5,11:30,-1,E07000065,3,0,2,1,2,9,"[1, 7]","[7, 5]",0,0,0,1,0,0,0,0,0,2,29
2024471415548,2024,471415548,530491,109362,-0.14692,50.86904,3,3,5,16:30,-1,E06000043,3,0,2,1,2,"[19, 11]",3,7,0,0,0,1,0,0,0,0,0,2,29
2024471415565,2024,471415565,529795,114694,-0.15492,50.91712,3,3,5,18:09,-1,E07000228,3,2,2,1,2,19,"[5, 1]","[1, 5]",0,"[0, 7]",0,1,0,0,0,0,0,2,29
2024471415572,2024,471415572,532776,103810,-0.11648,50.81862,3,3,5,17:14,-1,E06000043,6,0,2,1,1,"[3, 1]",3,"[7, 8]",0,0,0,1,0,1,0,0,0,2,29
2024471415576,2024,471415576,524508,117361,-0.22918,50.94226,3,3,5,14:30,-1,E07000227,4,0,2,1,2,19,"[8, 3]","[3, 8]",0,0,0,1,0,0,0,0,0,2,29
2024471415610,2024,471415610,530765,118383,-0.1398,50.95006,3,3,5,19:00,-1,E07000228,4,2,1,1,1,19,1,5,7,0,0,1,0,0,0,0,0,2,29
2024471415617,2024,471415617,510482,103719,-0.43285,50.82248,3,3,5,21:39,-1,E07000229,3,2,5,1,2,19,1,3,0,0,0,0,0,1,0,0,0,2,29
2024471415949,2024,471415949,528143,137950,-0.17019,51.12651,2,2,6,07:30,-1,E07000226,3,0,2,1,1,"[19, 3]",6,2,0,0,0,1,0,0,0,0,0,3,1
2024471415998,2024,471415998,527305,105073,-0.19366,50.8312,3,3,6,14:30,-1,E06000043,6,0,1,1,1,"[19, 9]","[7, 5]",3,0,0,0,1,0,1,0,0,0,3,1
2024471416023,2024,471416023,533667,114794,-0.09983,50.91714,2,"[3, 2]",4,12:00,-1,E07000063,4,0,1,0,2,"[13, 19]",8,4,0,0,0,1,0,0,0,1,0,2,28
2024471416027,2024,471416027,527322,133729,-0.18341,51.08875,2,"[3, 2]",6,17:30,-1,E07000226,1,2,2,2,2,"[19, 2]","[7, 5, 0]","[3, 1, 0]","[0, 1]","[0, 1]",0,1,0,0,0,1,1,3,1
2024471416028,2024,471416028,508638,105478,-0.4585,50.83864,3,3,6,21:06,-1,E07000224,3,2,2,2,2,19,7,3,0,1,0,1,0,0,0,0,0,3,1
2024471416048,2024,471416048,562547,103079,0.3055,50.80447,2,2,7,00:02,-1,E07000061,4,2,1,1,1,-1,-1,-1,0,0,0,1,0,0,0,0,1,3,2
2024471416103,2024,471416103,528181,137691,-0.16974,51.12417,3,3,5,18:22,-1,E07000226,6,2,1,0,1,1,1,5,0,0,0,1,0,0,0,0,1,2,29
2024471416154,2024,471416154,540200,138080,0.00205,51.12485,3,3,5,15:09,-1,E07000228,6,0,5,1,1,"[19, 2]","[1, 0]","[5, 0]","[8, 0]",0,0,1,0,0,0,0,1,2,22
2024471416209,2024,471416209,478625,119623,-0.8816,50.97067,2,2,5,15:10,-1,E07000225,6,2,2,1,2,"[1, 2]","[6, 0]","[2, 0]",0,"[2, 1]","[11, 0]",1,0,0,0,0,1,2,22
2024471416251,2024,471416251,546092,128714,0.0824,51.03922,2,2,7,14:30,-1,E07000065,6,0,4,1,2,19,1,5,0,1,4,1,0,0,0,0,0,3,2
2024471416254,2024,471416254,560539,102192,0.27663,50.79706,3,3,7,13:10,-1,E07000061,6,0,1,1,1,"[19, 2]","[7, 0]","[3, 0]",0,0,0,1,0,0,0,0,0,3,2
2024471416273,2024,471416273,523356,104963,-0.24975,50.83107,2,2,7,14:30,-1,E07000223,3,0,1,0,1,4,7,3,0,0,0,0,0,1,0,0,0,3,2
2024471416303,2024,471416303,539257,109344,-0.02243,50.86684,3,3,7,18:15,-1,E07000063,3,2,1,1,2,5,3,"[6, 7]",0,0,0,1,0,0,0,0,0,3,2
2024471416351,2024,471416351,502174,106605,-0.54996,50.84995,3,3,7,22:40,-1,E07000224,3,2,1,0,2,19,7,2,9,7,2,1,0,0,0,0,0,3,2
2024471416366,2024,471416366,526652,117933,-0.19848,50.94693,2,2,7,23:52,-1,E07000228,4,2,1,0,2,19,5,1,9,1,1,1,0,0,0,0,0,3,2
2024471416490,2024,471416490,527207,136802,-0.18397,51.1164,2,2,1,14:10,-1,E07000226,6,0,1,0,1,19,3,7,0,1,4,1,0,0,0,0,0,3,3
2024471416491,2024,471416491,557746,105834,0.2386,50.83055,3,3,1,10:22,-1,E07000065,3,0,1,0,2,19,5,1,0,1,7,1,0,0,0,0,0,3,3
2024471416516,2024,471416516,516445,127354,-0.34069,51.03376,3,3,1,10:50,-1,E07000227,3,0,1,0,2,"[2, 19]",5,1,"[0, 11]",0,0,1,0,0,0,0,0,3,3
2024471416539,2024,471416539,496708,121611,-0.6236,50.98579,1,1,1,14:50,-1,E07000225,3,0,1,0,2,19,3,7,0,2,4,1,0,0,0,0,0,3,3
2024471416560,2024,471416560,524052,134765,-0.22972,51.09878,3,3,7,17:55,-1,E07000226,6,2,1,0,1,"[7, 2]","[3, 0]","[7, 0]","[4, 0]",0,0,1,0,0,0,0,0,3,2
2024471416561,2024,471416561,530340,104565,-0.15077,50.82596,2,2,1,19:02,-1,E06000043,6,2,1,0,1,4,7,3,0,0,0,1,0,0,0,0,0,3,3