collision_index,collision_year,collision_ref_no,location_easting_osgr,location_northing_osgr,longitude,latitude,casualty_severity,casualty_severity,day_of_week,time,local_authority_district,local_authority_ons_district,first_road_class,light_conditions,weather_conditions,road_surface_conditions,urban_or_rural_area,vehicle_manoeuvre,vehicle_direction_from,vehicle_direction_to,hit_object_in_carriageway,vehicle_leaving_carriageway,hit_object_off_carriageway,is_car,is_cyle,is_mcyle,is_goodsv,is_other,is_pedestrian,month,day
2024471430132,2024,471430132,581510,109261,0.5774,50.85438,3,3,4,07:31,-1,E07000062,3,0,1,0,1,"[19, 2]","[7, 0]","[3, 0]","[4, 0]",0,0,0,0,1,1,0,0,4,10
2024471430153,2024,471430153,530869,105766,-0.14284,50.83664,3,3,4,13:22,-1,E06000043,6,0,1,0,1,19,"[4, 8]","[8, 2]",0,0,0,1,0,1,0,0,0,4,10
2024471430197,2024,471430197,526100,114570,-0.20749,50.91682,3,3,4,18:15,-1,E07000228,4,0,2,1,2,"[9, 19]","[2, 6]","[8, 2]",0,0,0,1,0,0,0,0,0,4,10
2024471430215,2024,471430215,514205,130947,-0.37149,51.06651,3,3,4,17:27,-1,E07000227,3,0,2,1,2,19,4,8,0,0,0,1,0,1,0,0,0,4,10
2024471430217,2024,471430217,509020,134251,-0.44446,51.09721,3,3,4,15:45,-1,E07000227,4,0,2,1,2,"[15, 5]",5,1,0,0,0,1,0,0,0,0,0,4,10
2024471430237,2024,471430237,517387,130702,-0.32618,51.06366,3,3,4,21:10,-1,E07000227,3,2,2,1,1,19,8,4,0,0,0,1,0,0,0,0,0,4,10
2024471430240,2024,471430240,560851,102282,0.2811,50.79778,2,2,4,17:20,-1,E07000061,6,0,1,1,1,"[7, 19]","[7, 1]","[1, 5]",0,"[0, 1]",0,1,0,0,0,0,0,4,10
2024471430303,2024,471430303,517146,137229,-0.3275,51.12238,2,2,5,07:15,-1,E07000227,3,2,8,1,2,19,5,1,0,1,0,0,0,0,0,1,0,4,11
2024471430368,2024,471430368,525400,139672,-0.20877,51.14259,3,3,6,09:00,-1,E07000226,6,0,2,1,1,"[9, 19]","[7, 5]","[5, 1]",0,0,0,1,0,0,0,0,0,4,5
2024471430418,2024,471430418,531407,104442,-0.13568,50.82461,3,3,1,16:00,-1,E06000043,3,0,1,0,1,19,-1,-1,0,0,0,1,0,0,0,0,1,3,31
2024471430477,2024,471430477,539588,138585,-0.0065,51.12954,3,3,5,10:25,-1,E07000228,3,0,1,0,1,19,2,6,0,0,0,1,0,0,0,0,1,4,11
2024471430532,2024,471430532,507416,103202,-0.47652,50.81841,2,2,4,16:10,-1,E07000224,6,0,2,1,1,3,1,5,0,0,0,1,1,0,0,0,0,4,10
2024471430591,2024,471430591,552382,130428,0.17277,51.05299,3,3,5,16:38,-1,E07000065,4,0,1,0,1,"[19, 9]",3,"[7, 1]",0,0,0,1,0,0,0,0,0,4,11
2024471430615,2024,471430615,558994,112225,0.25908,50.88764,3,3,4,12:50,-1,E07000065,6,0,1,0,2,"[9, 19]","[2, 6]","[6, 2]",0,0,0,1,0,0,0,0,0,4,10
2024471430646,2024,471430646,514700,103562,-0.37304,50.82025,3,3,5,16:13,-1,E07000229,3,0,1,0,1,"[7, 19]","[7, 1]","[1, 5]",0,"[3, 0]",0,1,0,0,0,1,0,4,11
2024471430683,2024,471430683,532276,106156,-0.12273,50.83982,3,3,5,13:58,-1,E06000043,3,0,1,0,1,"[19, 9]","[5, 1]","[1, 7]",0,0,0,1,0,1,0,0,0,4,11
2024471430713,2024,471430713,512768,107015,-0.3994,50.85167,3,3,2,17:09,-1,E07000229,3,0,1,0,1,"[19, 4]",8,4,0,0,0,1,0,0,0,0,0,4,8
2024471430808,2024,471430808,557456,129249,0.24459,51.04103,2,2,6,10:30,-1,E07000065,3,0,1,0,2,19,2,6,12,1,0,0,1,0,0,0,0,4,12
2024471430893,2024,471430893,497903,108972,-0.60997,50.87197,2,"[3, 2]",6,10:30,-1,E07000224,3,0,1,0,2,"[19, 3]","[2, 6]","[6, 4, 2]",0,0,0,1,0,0,0,0,0,4,12
2024471430936,2024,471430936,512350,103815,-0.40631,50.82299,3,3,6,15:50,-1,E07000229,6,0,1,0,1,"[2, 19]","[0, 5]","[0, 1]","[4, 0]",0,0,1,0,0,0,0,0,4,12
2024471430953,2024,471430953,539518,101441,-0.02173,50.79575,3,3,6,15:45,-1,E07000063,3,0,1,0,1,"[7, 19]","[3, 4]","[5, 8]",0,0,0,1,0,1,0,0,0,4,12
2024471430956,2024,471430956,485953,104140,-0.7809,50.83042,2,2,6,12:50,-1,E07000225,6,0,1,0,1,"[3, 19]","[2, 7]","[6, 1]",0,0,0,1,1,0,0,0,0,4,12
2024471430975,2024,471430975,492292,111856,-0.68897,50.89882,3,3,6,16:15,-1,E07000225,6,0,1,0,2,"[19, -1]","[7, -1]","[3, -1]","[0, -1]","[0, -1]",0,1,0,0,0,0,0,4,12
2024471430981,2024,471430981,596049,118885,0.78887,50.93608,3,3,6,15:55,-1,E07000064,6,0,1,0,2,"[10, 19]",7,3,0,0,0,1,0,0,0,0,0,4,12
2024471431051,2024,471431051,525857,133577,-0.20437,51.08771,3,3,6,22:20,-1,E07000226,3,2,1,0,2,19,3,7,7,2,7,1,0,0,0,0,0,4,12
2024471431094,2024,471431094,532606,115471,-0.11467,50.92347,3,3,2,10:30,-1,E07000063,4,0,1,0,2,1,1,3,0,0,0,1,0,0,0,0,1,4,1
2024471431129,2024,471431129,519291,110703,-0.30557,50.88351,3,3,6,13:40,-1,E07000227,6,0,1,0,2,19,1,5,0,0,0,1,0,0,0,0,1,4,12
2024471431187,2024,471431187,516651,130809,-0.33664,51.06477,3,3,7,11:55,-1,E07000227,3,0,1,0,1,"[9, 19]","[1, 7, 3]","[7, 3]",0,0,0,1,1,0,0,0,0,4,13
2024471431211,2024,471431211,526746,135211,-0.19111,51.1022,2,2,7,12:30,-1,E07000226,6,0,1,0,1,"[5, 2]","[6, 0]","[2, 0]","[-1, 0]","[-1, 0]",0,1,0,0,0,0,1,4,13
2024471431212,2024,471431212,496292,100910,-0.63498,50.79976,3,3,6,09:50,-1,E07000224,6,0,1,0,2,"[9, 19]","[7, 1]","[1, 5]",0,0,0,1,0,0,0,0,0,4,12
2024471431278,2024,471431278,581733,112470,0.58216,50.88314,2,2,7,17:30,-1,E07000062,4,0,1,0,1,"[5, 19]","[1, 5]","[5, 1]",0,0,0,1,0,0,0,0,0,4,13
2024471431322,2024,471431322,496768,107694,-0.62644,50.86067,3,3,7,19:15,-1,E07000224,6,0,1,0,2,"[9, 19]","[8, 4]","[4, 2]",0,"[1, 0]",0,1,0,0,0,0,0,4,13
2024471431351,2024,471431351,481561,105007,-0.84305,50.83885,3,3,4,11:30,-1,E07000225,3,0,1,1,2,19,3,7,0,0,0,1,0,0,0,0,0,4,3
2024471431488,2024,471431488,516829,130746,-0.33412,51.06417,3,3,1,12:00,-1,E07000227,3,0,1,0,1,"[2, 15, 19]","[0, 8]","[0, 4]","[0, 4]",0,0,1,1,0,0,0,0,4,14
2024471431797,2024,471431797,492939,99999,-0.68277,50.79212,3,3,2,08:15,-1,E07000224,6,0,4,0,1,19,2,6,0,0,0,1,0,0,0,0,1,4,15
2024471431848,2024,471431848,565097,105183,0.3426,50.82265,3,3,1,08:45,-1,E07000065,6,0,1,0,2,"[9, 19]","[5, 8]","[1, 5]",0,0,0,1,1,0,0,0,0,4,14
2024471431867,2024,471431867,489556,122552,-0.72524,50.99541,2,2,1,11:25,-1,E07000225,3,0,1,0,2,4,"[7, 1]","[3, 1]",0,0,0,1,0,1,0,0,0,3,24
2024471431899,2024,471431899,506717,125979,-0.47978,51.02329,3,3,2,08:14,-1,E07000225,3,0,1,1,2,19,"[3, 7]","[7, 3]",0,0,0,1,0,0,0,0,0,4,15
2024471432011,2024,471432011,582361,110561,0.59013,50.86579,3,3,2,23:26,-1,E07000062,6,2,1,0,1,19,7,3,0,0,0,1,0,0,0,0,1,4,15
2024471432016,2024,471432016,516578,122703,-0.34029,50.99193,3,3,3,05:10,-1,E07000227,3,2,1,0,2,"[19, 9]","[1, 5]","[5, 3]",0,0,0,1,0,0,0,0,0,4,16
2024471432121,2024,471432121,528432,126004,-0.1703,51.01908,3,3,3,08:35,-1,E07000228,4,0,4,0,2,19,1,7,0,0,0,1,0,0,0,0,0,4,16
2024471432129,2024,471432129,533010,106640,-0.11213,50.844,3,3,2,18:26,-1,E06000043,6,0,1,0,1,"[19, 3]",2,6,0,"[1, 0]","[99, 0]",1,0,0,0,0,0,4,15
2024471432231,2024,471432231,579319,122571,0.55284,50.97463,2,2,5,07:50,-1,E07000064,4,0,1,1,2,19,7,3,0,0,0,1,1,0,0,0,0,4,4
2024471432281,2024,471432281,501979,128419,-0.54662,51.04608,3,3,3,09:14,-1,E07000225,6,0,1,0,2,19,"[1, 5]","[5, 1]",0,"[1, 7, 0]",0,1,0,0,0,0,0,4,16
2024471432292,2024,471432292,529858,105893,-0.15714,50.83801,3,3,3,12:38,-1,E06000043,6,0,1,0,1,"[9, 5]",1,5,0,0,0,1,1,0,0,0,0,4,16
2024471432379,2024,471432379,533303,123760,-0.10172,50.9978,3,3,3,15:15,-1,E07000228,6,0,1,0,1,-1,-1,-1,-1,-1,0,1,0,0,0,0,0,4,16
2024471432405,2024,471432405,487925,104142,-0.7529,50.83015,3,3,3,20:46,-1,E07000225,3,2,1,0,2,"[4, 19]",3,7,0,0,0,1,0,0,0,0,0,4,16
2024471432505,2024,471432505,561619,104646,0.29303,50.81881,3,3,4,08:34,-1,E07000065,3,0,1,0,2,"[19, 4]",3,7,0,0,0,1,0,0,0,0,0,4,17
2024471432572,2024,471432572,484208,104712,-0.80554,50.83582,3,3,4,09:00,-1,E07000225,3,0,1,0,1,"[11, 19]",8,4,0,0,0,1,0,0,1,0,0,4,17
2024471432641,2024,471432641,512043,113398,-0.40774,50.90919,3,3,5,08:45,-1,E07000227,3,0,5,1,2,"[8, 3]",3,"[6, 8]",0,0,0,1,0,0,0,0,0,4,4
2024471432684,2024,471432684,544217,114054,0.04987,50.90795,3,3,4,11:35,-1,E07000063,3,0,1,0,2,"[19, 3]",6,2,0,0,0,1,0,0,1,0,0,4,17
2024471432772,2024,471432772,507049,122480,-0.47608,50.99177,2,2,4,16:40,-1,E07000227,3,0,1,0,2,19,1,5,0,0,0,1,0,1,0,0,0,4,17
2024471432821,2024,471432821,528340,136634,-0.16785,51.11463,3,3,4,17:41,-1,E07000226,3,0,1,0,1,"[12, 19]","[6, 2]","[2, 6]",0,0,0,1,0,0,0,0,0,4,17
2024471432835,2024,471432835,530569,115526,-0.14361,50.92442,3,3,6,19:50,-1,E07000228,4,2,1,0,1,19,5,1,0,0,0,1,0,1,0,0,0,4,5
2024471432836,2024,471432836,585353,124054,0.63945,50.98605,3,3,4,14:14,-1,E07000064,4,0,1,0,2,9,7,3,0,1,4,1,0,0,0,0,0,4,17
2024471432934,2024,471432934,518233,104081,-0.32274,50.82421,3,3,3,06:30,-1,E07000223,3,0,9,0,1,"[7, 19]","[3, 5]",5,0,0,0,1,1,0,0,0,0,4,16
2024471432955,2024,471432955,574236,114452,0.47663,50.90325,3,3,5,08:45,-1,E07000064,4,0,1,0,2,"[10, 19]",3,7,0,0,0,1,0,0,0,0,0,4,18
2024471433078,2024,471433078,544393,126801,0.05742,51.02246,3,3,2,14:00,-1,E07000065,6,0,1,0,2,19,"[1, 5]","[5, 1]",0,0,0,1,0,0,0,1,0,4,15
2024471433104,2024,471433104,521281,105250,-0.2791,50.83409,3,3,6,14:30,-1,E07000223,3,0,1,0,1,19,1,5,0,0,0,1,0,0,0,0,0,4,5
2024471433224,2024,471433224,583171,110893,0.60179,50.86852,3,3,5,17:55,-1,E07000062,6,0,1,0,1,19,4,8,0,0,0,1,0,0,0,0,1,4,18
2024471433277,2024,471433277,558188,104315,0.24422,50.81678,2,2,5,18:50,-1,E07000065,3,0,1,0,1,19,4,8,10,1,1,1,0,0,0,0,1,4,18
2024471433278,2024,471433278,520680,122788,-0.28184,50.99185,2,2,5,15:10,-1,E07000227,3,0,1,0,2,19,"[3, 7]","[7, 3]","[0, 11]","[0, 1]",0,1,0,1,0,0,0,4,18
2024471433322,2024,471433322,532755,109381,-0.11476,50.8687,3,3,5,15:10,-1,E06000043,6,0,8,0,2,"[13, 19]",8,4,0,0,0,1,1,0,0,0,0,4,18
2024471433332,2024,471433332,502840,105884,-0.5407,50.84335,2,2,5,13:00,-1,E07000224,3,0,1,0,2,19,3,8,0,0,0,0,0,1,0,0,0,4,18
2024471433443,2024,471433443,512816,105180,-0.39928,50.83517,2,"[3, 2]",6,06:45,-1,E07000229,6,0,1,0,1,"[9, 19]","[5, 3]","[1, 7]",0,"[1, 0]",0,1,0,0,0,0,0,4,19
2024471433480,2024,471433480,529318,107293,-0.16431,50.85071,2,2,5,17:40,-1,E06000043,6,0,1,0,1,5,4,8,0,0,0,0,0,0,1,0,0,4,18
2024471433637,2024,471433637,517928,124655,-0.32043,51.0092,2,"[3, 2]",6,16:00,-1,E07000227,6,0,1,0,2,19,"[4, 8]","[8, 4]",0,0,0,1,0,0,0,0,0,4,19
2024471433640,2024,471433640,494023,101659,-0.66698,50.80687,3,3,3,17:20,-1,E07000224,3,0,1,0,2,5,8,"[2, 5]","[0, 10]","[0, 1]",0,1,1,0,0,0,0,4,16
2024471433675,2024,471433675,502685,102028,-0.54398,50.80872,3,3,6,18:23,-1,E07000224,6,0,1,0,1,1,1,4,0,0,0,1,0,0,0,0,1,4,19
2024471433715,2024,471433715,532274,104033,-0.12352,50.82074,3,3,6,23:15,-1,E06000043,6,2,1,0,1,19,"[7, 1]","[3, 5]",0,0,0,1,0,0,0,0,0,4,19
2024471433727,2024,471433727,517997,132388,-0.31693,51.07869,3,3,7,02:35,-1,E07000227,6,2,1,0,1,19,-1,-1,0,0,0,1,0,0,0,0,1,4,20
2024471433734,2024,471433734,528611,138172,-0.16343,51.1284,2,2,6,23:55,-1,E07000226,3,2,1,0,2,19,"[6, 2]","[2, 6]",0,0,0,1,0,0,0,0,0,4,19
2024471433823,2024,471433823,528568,104794,-0.17584,50.82842,3,3,6,14:10,-1,E06000043,4,0,1,0,1,"[7, 19]",7,"[1, 3]",0,0,0,1,1,0,0,0,0,4,19
2024471433871,2024,471433871,528966,131688,-0.16067,51.07004,2,2,5,12:00,-1,E07000228,4,0,1,0,2,19,"[6, 2]","[2, 6]",0,"[7, 0]","[10, 0]",1,0,1,0,0,0,4,18
2024471433875,2024,471433875,502469,102175,-0.547,50.81007,3,3,7,15:28,-1,E07000224,4,0,1,0,1,19,3,7,0,0,0,1,0,0,0,0,1,4,20
2024471433880,2024,471433880,526271,133454,-0.1985,51.08651,3,3,7,15:29,-1,E07000226,1,0,1,0,2,"[19, 5]","[3, 5]","[7, 1]",0,0,0,1,0,0,0,0,0,4,20
2024471433947,2024,471433947,560065,120884,0.27809,50.96514,3,3,7,18:04,-1,E07000065,6,0,1,0,2,19,3,8,10,0,0,1,0,0,0,0,0,4,20
2024471433952,2024,471433952,533163,107649,-0.10959,50.85304,3,3,7,19:05,-1,E06000043,3,0,1,0,1,19,"[2, 1]","[1, 5]",0,0,0,1,0,1,0,0,0,4,20
2024471433984,2024,471433984,530646,119497,-0.14109,50.9601,3,3,7,23:54,-1,E07000228,6,2,1,0,1,"[2, 19]","[0, 1]","[0, 5]","[0, 4]",0,0,1,0,0,0,0,0,4,20
2024471433997,2024,471433997,530967,104715,-0.14182,50.82717,3,3,7,21:20,-1,E06000043,3,2,1,0,1,9,2,5,0,0,0,1,0,0,0,0,1,4,20
2024471434037,2024,471434037,529412,104296,-0.16404,50.82375,2,"[3, 2]",7,22:36,-1,E06000043,3,2,1,0,1,"[19, 3]",7,3,0,0,0,1,0,0,0,0,0,4,20
2024471434047,2024,471434047,559196,101913,0.25747,50.79492,3,3,1,10:00,-1,E07000061,3,0,1,0,1,"[5, 19]","[3, 1]","[6, 5]",0,0,0,1,1,0,0,0,0,4,21
2024471434073,2024,471434073,525844,135664,-0.20383,51.10647,3,3,1,11:40,-1,E07000226,3,0,1,0,1,"[3, 5]",2,7,0,0,0,1,0,1,0,0,0,4,21
2024471434088,2024,471434088,532220,136224,-0.1126,51.11007,2,2,1,10:00,-1,E07000228,6,0,8,0,2,"[15, 9]",4,"[8, 2]",0,"[1, 0]","[4, 0]",1,0,1,0,0,0,4,21
2024471434115,2024,471434115,538292,132471,-0.02735,51.07491,3,3,1,16:05,-1,E07000228,6,0,1,0,2,"[19, 9]","[2, 8]",6,0,0,0,1,0,0,0,0,0,4,21
2024471434190,2024,471434190,564603,104880,0.33546,50.82007,3,3,7,11:10,-1,E07000065,4,0,1,0,2,"[7, 19]","[3, 7]","[7, 3]",0,0,0,1,0,0,0,0,0,4,20
2024471434404,2024,471434404,552025,116125,0.1617,50.92456,3,3,3,10:30,-1,E07000065,6,0,9,0,2,19,2,6,0,0,0,1,0,0,0,0,1,4,9
2024471434441,2024,471434441,513140,102357,-0.39555,50.80973,2,2,3,19:15,-1,E07000229,6,0,1,0,1,"[2, 14]","[0, 3]","[0, 7]","[0, 8]",0,0,1,1,0,0,0,0,4,16
2024471434466,2024,471434466,524774,122625,-0.22359,50.98951,2,"[2, 3]",1,16:18,-1,E07000228,3,0,1,0,2,19,"[3, 7]","[7, 3]",0,"[0, 1, 7]",0,1,0,0,0,0,0,4,21
2024471434480,2024,471434480,564745,134260,0.35075,51.08401,3,3,2,09:55,-1,E07000065,6,0,1,0,2,19,"[3, 5]","[7, 1]",0,0,0,1,0,0,0,0,0,4,22
2024471434496,2024,471434496,526081,136003,-0.20032,51.10946,3,3,7,17:45,-1,E07000226,3,0,1,0,1,"[3, 19]",6,2,0,0,0,1,0,0,0,0,0,4,20
2024471434520,2024,471434520,550600,106722,0.13757,50.84043,3,3,2,15:35,-1,E07000065,3,0,1,0,2,19,"[4, 8]","[8, 4]",0,0,0,1,0,0,0,0,0,4,22
2024471434571,2024,471434571,494129,100780,-0.6657,50.79895,3,3,6,17:00,-1,E07000224,3,0,1,0,1,"[9, 19]","[5, 1]","[1, 5]",0,"[0, 6]",0,1,0,0,0,0,0,4,12
2024471434573,2024,471434573,523018,134501,-0.24457,51.09663,3,3,2,18:50,-1,E07000227,3,0,1,0,2,19,7,3,0,"[0, 7]","[0, 7]",1,0,0,0,0,0,4,22
2024471434582,2024,471434582,591802,123854,0.73112,50.98214,3,3,2,22:05,-1,E07000064,4,2,1,0,2,19,3,7,12,7,4,1,0,0,0,0,0,4,22
2024471434596,2024,471434596,503004,101937,-0.53948,50.80784,3,3,7,15:00,-1,E07000224,4,0,1,0,1,"[19, 7]","[3, 5]","[6, 7]",0,0,0,1,0,1,0,0,0,4,20
2024471434684,2024,471434684,544464,112157,0.05263,50.89084,3,3,2,16:00,-1,E07000063,4,0,1,0,2,"[5, 19]","[3, 1]","[1, 5]",0,0,0,1,1,0,0,0,0,4,22
2024471434750,2024,471434750,558560,104897,0.24974,50.82191,3,3,3,07:32,-1,E07000065,4,0,1,0,1,"[19, 2, 5]","[7, 0, 1]","[3, 0, 5]",0,0,0,1,0,0,0,0,0,4,23
2024471434911,2024,471434911,555437,123962,0.21355,50.99407,3,3,3,17:33,-1,E07000065,3,0,1,0,2,"[19, 9]","[6, 8]","[2, 6]",0,0,0,1,0,0,0,0,0,4,23
2024471434919,2024,471434919,528733,104752,-0.17351,50.828,2,2,3,16:11,-1,E06000043,4,0,1,0,1,19,3,7,0,0,0,1,1,0,0,0,0,4,23
2024471434933,2024,471434933,502558,102145,-0.54575,50.80979,3,3,3,16:35,-1,E07000224,4,0,1,0,1,"[4, 19]","[7, 3]","[3, 7]",0,0,0,1,0,0,0,0,0,4,23
2024471434977,2024,471434977,527766,106036,-0.18679,50.83976,3,3,3,13:14,-1,E06000043,6,0,1,0,1,"[19, 2]","[3, 0]","[7, 0]","[4, 0]",0,0,1,0,0,0,0,0,4,23
2024471434998,2024,471434998,538193,101931,-0.04033,50.80047,2,2,4,06:54,-1,E06000043,3,0,1,0,1,19,3,7,0,0,0,1,0,0,0,0,1,4,24
2024471435011,2024,471435011,529666,106556,-0.15963,50.84401,2,2,3,07:55,-1,E06000043,6,0,1,0,1,19,1,5,0,8,1,1,0,0,0,0,0,4,23
2024471435055,2024,471435055,540855,121000,0.00476,50.9712,2,2,4,07:38,-1,E07000063,3,0,1,0,2,"[1, 10, 19, 4]","[1, 7]","[5, 3]","[7, 0]",0,0,1,0,0,0,0,0,4,24
2024471435124,2024,471435124,527051,135056,-0.18681,51.10074,3,3,3,17:20,-1,E07000226,6,2,1,0,1,"[19, 5]",7,3,0,0,0,1,1,0,0,0,0,4,23
2024471435181,2024,471435181,531803,105292,-0.12975,50.83216,3,3,3,16:15,-1,E06000043,3,0,1,0,1,"[13, 4]",6,"[2, 3]",0,0,0,0,1,1,0,0,0,4,23
2024471435245,2024,471435245,580877,112708,0.57012,50.88554,3,3,6,09:51,-1,E07000062,6,0,1,0,1,-1,-1,-1,-1,-1,0,1,0,0,0,0,1,4,19
2024471435247,2024,471435247,580038,109811,0.55678,50.85978,3,3,2,09:30,-1,E07000062,6,0,9,0,1,6,1,5,0,0,0,1,0,0,0,0,1,4,22
2024471435450,2024,471435450,548301,127821,0.11352,51.03063,3,3,5,06:15,-1,E07000065,3,0,1,0,2,19,5,1,0,1,0,1,0,0,0,0,0,4,25
2024471435540,2024,471435540,526706,106904,-0.20153,50.84779,2,2,5,08:00,-1,E06000043,6,0,2,1,1,"[7, 19]","[5, 3]",7,"[0, 11]","[0, 7]","[0, 1]",1,0,0,0,0,0,4,25
2024471435575,2024,471435575,513379,104142,-0.39161,50.82573,3,3,5,08:00,-1,E07000229,3,0,2,1,1,19,"[1, 7]","[5, 3]",0,0,0,1,1,0,0,0,0,4,25
2024471435590,2024,471435590,550296,99365,0.13025,50.7744,3,3,4,22:15,-1,E07000063,3,2,1,0,1,"[13, 9]",-1,-1,0,0,0,1,1,0,0,0,0,4,24
2024471435621,2024,471435621,527634,135226,-0.17843,51.10214,3,3,5,11:30,-1,E07000226,6,0,1,0,1,"[3, 19]",7,3,0,0,0,1,0,1,0,0,0,4,25
2024471435677,2024,471435677,529027,105215,-0.16918,50.8321,3,3,4,23:20,-1,E06000043,6,2,1,0,1,5,5,1,0,0,0,0,0,0,1,0,0,4,24
2024471435682,2024,471435682,534769,129320,-0.07878,51.04743,3,3,5,16:00,-1,E07000228,6,0,1,0,2,"[5, 19]","[3, 6]","[7, 2]",0,"[7, 0]","[11, 0]",1,0,0,0,0,0,4,25
2024471435690,2024,471435690,489452,107088,-0.73051,50.8564,3,3,5,14:25,-1,E07000225,6,0,1,0,2,19,2,6,0,"[0, 1]",0,1,0,1,0,0,0,4,25
2024471435732,2024,471435732,521826,105919,-0.27115,50.83998,3,3,5,17:42,-1,E07000223,6,0,2,1,1,"[9, 19]","[1, 7]","[6, 3]",0,0,0,1,0,1,0,0,0,4,25
2024471435746,2024,471435746,526750,136365,-0.19064,51.11257,3,3,5,07:20,-1,E07000226,3,0,1,0,1,19,5,1,0,0,0,1,0,0,0,0,1,4,25
2024471435821,2024,471435821,511187,102670,-0.42317,50.81292,3,3,5,12:50,-1,E07000229,3,0,8,1,1,"[5, 2]","[6, 1, 0]","[1, 5, 0]",0,0,0,1,0,0,0,0,0,4,25
2024471435824,2024,471435824,516440,134901,-0.33833,51.1016,3,3,5,09:05,-1,E07000227,3,0,1,0,2,19,5,1,0,0,0,1,0,0,0,0,0,4,25
2024471435884,2024,471435884,529521,104625,-0.16237,50.82668,3,3,6,07:45,-1,E06000043,4,0,1,0,1,"[-1, 19]","[-1, 7]","[-1, 3]","[-1, 0]","[-1, 0]",0,1,1,0,0,0,0,4,26
2024471436119,2024,471436119,516707,123341,-0.33825,50.99764,2,"[2, 3]",5,10:08,-1,E07000227,3,0,1,0,2,19,1,6,0,1,4,1,0,0,0,0,0,4,25
2024471436157,2024,471436157,526778,137733,-0.18976,51.12486,3,3,6,16:22,-1,E07000226,3,0,1,0,1,19,6,2,0,1,1,1,0,0,0,0,0,4,26
2024471436183,2024,471436183,509442,114112,-0.44451,50.9161,3,3,6,17:05,-1,E07000227,3,0,1,0,2,19,3,7,0,0,0,1,0,0,0,0,0,4,26
2024471436206,2024,471436206,489289,101818,-0.7341,50.80904,3,3,2,06:55,-1,E07000224,4,0,1,1,2,9,8,5,0,0,0,0,0,0,1,0,0,4,15
2024471436210,2024,471436210,495793,116526,-0.63797,50.94023,2,"[3, 2]",4,17:20,-1,E07000225,3,0,1,0,2,"[19, 9]","[5, 7]","[1, 3]",0,"[7, 0]",0,1,0,0,0,0,0,4,17
2024471436224,2024,471436224,534720,108743,-0.08709,50.86251,3,3,6,20:10,-1,E06000043,6,2,1,0,2,7,3,5,0,0,0,1,0,0,0,0,0,4,26
2024471436242,2024,471436242,574084,107968,0.47139,50.84505,3,3,6,21:11,-1,E07000064,6,2,1,1,1,"[2, 19, 1]","[0, 5, 3]","[0, 1, 7]",0,0,0,1,0,0,0,0,0,4,26
2024471436247,2024,471436247,531247,139504,-0.1253,51.13977,3,3,6,23:50,-1,E07000228,6,2,2,1,1,19,"[7, 3]","[3, 7]",0,0,0,0,0,1,1,0,0,4,26
2024471436257,2024,471436257,561539,102446,0.29092,50.79906,3,3,6,22:45,-1,E07000061,3,0,2,1,1,19,5,1,0,2,1,1,0,0,0,0,0,4,26
2024471436283,2024,471436283,514626,105047,-0.37363,50.83362,3,3,7,03:06,-1,E07000229,3,2,8,1,1,"[2, 19]","[0, 7]","[0, 2]","[0, 10]","[0, 2]","[0, 11]",1,0,0,0,0,0,4,27
2024471436492,2024,471436492,513921,102564,-0.38441,50.81143,3,3,7,16:55,-1,E07000229,6,0,2,1,1,5,3,7,0,1,4,1,0,0,0,0,0,4,27
2024471436550,2024,471436550,543289,139552,0.04674,51.13732,2,2,6,07:05,-1,E07000065,3,0,1,0,2,"[9, 19]","[2, 6]","[8, 3]",0,0,0,1,0,0,0,0,0,4,26
2024471436631,2024,471436631,520742,104679,-0.28694,50.82907,3,3,6,17:29,-1,E07000223,3,0,1,0,2,19,6,2,0,0,0,1,1,0,0,0,0,4,26
2024471436703,2024,471436703,530379,104898,-0.1501,50.82895,3,3,7,13:06,-1,E06000043,4,0,1,0,1,19,"[8, 2]","[4, 6]",0,0,0,1,0,0,0,0,0,4,27
2024471436706,2024,471436706,534129,120399,-0.0912,50.9674,2,"[3, 2]",1,14:20,-1,E07000063,4,0,1,0,2,"[9, 19]","[5, 1]","[1, 5]",0,0,0,1,0,1,0,0,0,4,28
2024471436728,2024,471436728,530082,106059,-0.1539,50.83945,2,"[3, 2]",1,14:20,-1,E06000043,6,0,1,0,1,"[12, 11]","[2, 6]","[6, 2]",0,0,0,1,0,0,0,0,0,4,28
2024471436798,2024,471436798,557605,117530,0.24164,50.93569,3,3,1,21:20,-1,E07000065,3,2,1,1,2,"[19, 2]","[4, 8, 0]","[8, 4, 0]",0,0,0,1,0,0,0,0,0,4,28
2024471436800,2024,471436800,522828,118177,-0.2528,50.94995,3,3,1,20:12,-1,E07000227,6,2,1,0,2,19,5,1,0,0,0,1,0,0,0,0,1,4,28
2024471436801,2024,471436801,483110,122903,-0.81699,50.99953,3,3,1,19:55,-1,E07000225,3,0,1,0,2,19,3,7,0,1,1,1,0,0,0,0,0,4,28
2024471437090,2024,471437090,502653,102012,-0.54444,50.80858,3,3,2,14:15,-1,E07000224,6,0,1,0,1,19,"[7, 5]","[3, 1]",0,0,0,1,1,0,0,0,0,4,29
2024471437110,2024,471437110,583040,110939,0.59995,50.86897,3,3,7,16:37,-1,E07000062,6,0,1,0,1,19,6,2,0,0,0,0,0,1,0,0,1,4,27