collision_index,collision_year,collision_ref_no,location_easting_osgr,location_northing_osgr,longitude,latitude,casualty_severity,casualty_severity,day_of_week,time,local_authority_district,local_authority_ons_district,first_road_class,light_conditions,weather_conditions,road_surface_conditions,urban_or_rural_area,vehicle_manoeuvre,vehicle_direction_from,vehicle_direction_to,hit_object_in_carriageway,vehicle_leaving_carriageway,hit_object_off_carriageway,is_car,is_cyle,is_mcyle,is_goodsv,is_other,is_pedestrian,month,day
2024471443131,2024,471443131,513646,102096,-0.38845,50.80728,3,3,4,07:40,-1,E07000229,6,0,1,0,1,"[7, 19]","[1, 3]",7,0,0,0,1,1,0,0,0,0,5,15
2024471443144,2024,471443144,572570,108015,0.44993,50.84592,3,3,4,07:57,-1,E07000064,3,0,1,0,1,"[19, 9]","[7, 1]","[3, 7]",0,0,0,1,0,1,0,0,0,5,15
2024471443185,2024,471443185,525251,136265,-0.21208,51.112,3,3,5,16:40,-1,E07000226,6,0,1,0,1,"[5, 9]","[1, 7]",5,0,0,0,1,0,0,1,0,0,5,9
2024471443209,2024,471443209,560562,98271,0.27525,50.76182,3,3,3,06:38,-1,E07000061,6,0,9,0,1,19,"[7, 1]","[3, 5]",0,0,0,1,0,0,0,0,0,5,14
2024471443250,2024,471443250,514377,131114,-0.36898,51.06797,2,2,4,12:17,-1,E07000227,6,0,1,0,1,"[5, 19]","[3, 5]","[7, 1]",0,0,0,1,1,0,0,0,0,5,15
2024471443311,2024,471443311,560786,98890,0.27869,50.76732,2,2,4,13:55,-1,E07000061,6,0,1,0,1,19,1,5,0,0,0,1,0,0,0,0,1,5,15
2024471443385,2024,471443385,562523,103124,0.30518,50.80488,3,3,4,17:37,-1,E07000061,4,0,1,0,1,"[19, 9]",8,"[4, 7]",0,0,0,1,0,1,0,0,0,5,15
2024471443448,2024,471443448,550685,106657,0.13875,50.83983,2,2,4,22:28,-1,E07000065,3,2,1,0,2,"[9, 19]","[2, 8]","[8, 4]",0,"[0, 7]",0,1,0,1,0,0,0,5,15
2024471443449,2024,471443449,579813,108905,0.55314,50.85171,2,2,4,20:00,-1,E07000062,6,0,1,0,1,"[2, 19]","[0, 3, 7]","[0, 7, 3]",0,0,0,1,0,1,0,0,0,5,15
2024471443505,2024,471443505,543463,102920,0.03479,50.80808,3,3,3,09:25,-1,E07000063,6,0,1,0,2,-1,-1,-1,-1,-1,0,1,0,0,0,0,1,5,14
2024471443579,2024,471443579,548365,99337,0.10287,50.77465,3,3,5,08:15,-1,E07000063,6,0,1,0,1,19,2,6,0,0,0,1,0,0,0,0,1,5,16
2024471443621,2024,471443621,538989,109308,-0.02625,50.86658,3,3,5,10:05,-1,E07000063,3,0,2,1,2,2,0,0,"[0, 4]",0,0,1,0,0,0,0,0,5,16
2024471443695,2024,471443695,558471,106035,0.24897,50.83216,3,3,2,12:16,-1,E07000065,6,0,1,0,2,19,7,3,0,0,0,1,0,0,0,0,0,5,13
2024471443729,2024,471443729,523201,134588,-0.24193,51.09737,3,3,5,09:17,-1,E07000227,3,0,2,1,2,19,7,3,10,1,0,1,0,0,0,0,0,5,16
2024471443739,2024,471443739,514205,114762,-0.37657,50.92102,2,2,3,16:50,-1,E07000227,6,0,1,0,2,19,5,7,0,7,4,1,0,0,0,0,0,5,14
2024471443757,2024,471443757,489574,127269,-0.72382,51.03781,3,3,5,13:00,-1,E07000225,3,0,2,1,2,19,1,5,0,2,11,1,0,0,0,0,0,5,16
2024471443760,2024,471443760,513940,104873,-0.38342,50.83219,3,3,5,14:14,-1,E07000229,6,0,1,1,1,19,"[8, 3]","[5, 8]",0,0,0,1,0,0,0,0,0,5,16
2024471443798,2024,471443798,563168,102077,0.31386,50.79529,3,3,5,16:00,-1,E07000061,6,0,8,0,1,"[10, 19]","[7, 3]","[5, 7]",0,0,0,1,1,0,0,0,0,5,16
2024471443801,2024,471443801,559844,97692,0.26483,50.75682,2,2,5,18:00,-1,E07000061,6,0,1,0,1,"[9, 19]","[3, 7]","[1, 3]",0,0,0,1,1,0,0,0,0,5,16
2024471443811,2024,471443811,560869,99111,0.27997,50.76928,3,3,4,12:56,-1,E07000061,3,0,1,0,1,"[7, 9]","[5, 8]","[8, 5]",0,0,0,1,1,0,0,0,0,5,15
2024471443835,2024,471443835,483717,104923,-0.81246,50.83779,2,2,5,15:37,-1,E07000225,6,0,1,0,1,"[5, 4]","[1, 3]","[6, 7]",0,"[0, 1]",0,1,1,0,0,0,0,5,16
2024471443843,2024,471443843,577951,108757,0.52665,50.85096,3,3,5,19:30,-1,E07000062,3,0,1,0,1,"[5, 19]","[8, 7]","[2, 3]",0,0,0,1,0,0,0,0,0,5,16
2024471443844,2024,471443844,529033,135984,-0.15818,51.10864,3,3,4,20:10,-1,E07000226,6,2,1,0,1,"[19, 5]","[3, -1]","[7, -1]",0,0,0,1,0,0,0,0,0,5,15
2024471443950,2024,471443950,544545,101498,0.04958,50.79503,3,3,6,06:50,-1,E07000063,3,0,1,0,1,19,7,3,0,0,0,0,0,0,1,0,1,5,17
2024471443999,2024,471443999,532091,104736,-0.12586,50.8271,3,3,6,08:55,-1,E06000043,6,0,1,0,1,19,"[2, 7]","[6, 3]",0,0,0,1,1,0,0,0,0,5,17
2024471444023,2024,471444023,544544,101741,0.04966,50.79721,3,3,6,06:40,-1,E07000063,6,0,1,0,1,19,5,1,0,0,0,1,0,0,0,0,1,5,17
2024471444099,2024,471444099,596595,118853,0.79661,50.93561,3,3,6,10:25,-1,E07000064,6,0,1,0,2,"[19, 9]","[3, 7]","[7, 3]",0,0,0,1,0,1,0,0,0,5,17
2024471444129,2024,471444129,543751,130153,0.0496,51.05274,2,"[2, 3]",6,09:15,-1,E07000065,6,0,1,0,2,"[7, 19]",8,"[3, 4]",0,"[1, 0]",0,1,0,0,0,0,0,5,17
2024471444173,2024,471444173,518467,131270,-0.31059,51.06855,3,3,6,16:15,-1,E07000227,6,0,8,0,1,1,1,5,0,0,0,1,0,0,0,0,1,5,17
2024471444178,2024,471444178,515336,102677,-0.3643,50.81217,3,3,6,14:30,-1,E07000229,3,0,1,0,1,"[19, 6]",7,3,0,"[1, 0]",0,1,0,1,0,0,0,5,17
2024471444204,2024,471444204,581295,124027,0.58168,50.98709,2,2,6,01:55,-1,E07000064,6,0,1,0,2,19,"[7, 3]","[3, 7]",0,0,0,1,1,0,0,0,0,5,17
2024471444236,2024,471444236,511780,110103,-0.41249,50.87962,2,2,4,07:23,-1,E07000224,3,0,1,0,2,"[11, 19]",4,1,0,"[1, 0]","[4, 0]",1,0,1,0,0,0,5,15
2024471444244,2024,471444244,475231,106515,-0.93262,50.85327,3,3,6,17:20,-1,E07000225,3,0,1,0,2,"[19, 4]",2,6,0,"[0, 4]",0,1,0,0,0,0,0,5,17
2024471444245,2024,471444245,505135,103094,-0.50891,50.81786,2,2,6,18:45,-1,E07000224,6,0,1,0,1,19,5,1,0,1,0,1,0,0,0,0,1,5,17
2024471444258,2024,471444258,479728,117067,-0.86645,50.94754,3,3,4,13:42,-1,E07000225,4,0,1,0,2,19,1,5,0,8,4,1,0,0,0,0,0,5,15
2024471444299,2024,471444299,528109,122797,-0.17604,50.99032,3,3,6,20:45,-1,E07000228,3,2,1,0,2,19,7,3,12,0,0,1,0,0,0,0,0,5,17
2024471444307,2024,471444307,530823,139527,-0.13134,51.14007,3,3,7,01:48,-1,E07000228,6,2,1,0,2,19,8,4,0,7,4,1,0,0,0,0,0,5,18
2024471444381,2024,471444381,499526,102054,-0.58879,50.8095,3,3,7,06:14,-1,E07000224,6,0,1,0,2,19,8,4,0,1,11,1,0,0,0,0,0,5,18
2024471444525,2024,471444525,536192,104302,-0.06783,50.82225,2,2,4,08:17,-1,E06000043,4,0,1,0,1,"[14, 20]","[1, 0]","[5, 0]",0,0,0,1,0,0,1,0,1,5,15
2024471444578,2024,471444578,531940,139608,-0.11536,51.14055,2,2,7,09:55,-1,E07000228,6,0,1,0,1,9,1,6,0,2,0,1,0,0,0,0,1,5,18
2024471444598,2024,471444598,526098,138030,-0.19937,51.12768,3,3,7,18:20,-1,E07000226,6,0,1,0,1,19,"[4, 2]","[8, 6]",0,0,0,1,1,0,0,0,0,5,18
2024471444714,2024,471444714,531092,104409,-0.14016,50.82439,3,3,4,14:45,-1,E06000043,6,0,1,0,1,19,3,7,0,0,0,1,0,0,0,1,0,5,15
2024471444793,2024,471444793,532591,113781,-0.11549,50.90828,2,"[3, 2]",1,11:00,-1,E07000063,6,0,1,0,2,"[5, 19]","[7, 5]","[3, 1]","[0, 11]",0,0,0,1,0,0,0,0,5,19
2024471444830,2024,471444830,521340,122393,-0.27257,50.98816,3,3,7,10:15,-1,E07000227,3,0,1,0,2,"[19, 5]","[5, 3]",1,0,0,0,1,0,0,1,0,0,4,27
2024471444848,2024,471444848,531192,104145,-0.13883,50.82199,3,3,7,16:40,-1,E06000043,4,0,1,0,1,4,4,8,99,1,99,0,0,0,1,0,1,5,18
2024471444877,2024,471444877,580372,109289,0.56126,50.85499,2,2,1,15:20,-1,E07000062,6,0,1,0,1,"[20, 2]","[6, 0]","[2, 0]",0,0,0,1,0,0,0,0,1,5,19
2024471444909,2024,471444909,528848,105974,-0.17145,50.83896,3,3,1,20:53,-1,E06000043,3,2,1,0,1,19,"[6, 7]","[2, 4]",0,0,0,1,0,0,0,1,0,5,19
2024471444923,2024,471444923,482103,107569,-0.83478,50.86181,3,3,1,22:30,-1,E07000225,4,2,1,0,2,19,4,8,10,0,0,1,0,0,0,0,0,5,19
2024471445094,2024,471445094,531492,104706,-0.13437,50.82697,2,2,6,19:45,-1,E06000043,6,0,1,0,1,"[6, 2]","[7, 0]","[7, 0]","[4, 0]",0,0,1,0,1,0,0,0,5,17
2024471445110,2024,471445110,531542,104208,-0.13384,50.82248,3,3,1,18:50,-1,E06000043,6,0,1,0,1,"[4, 19]",3,7,0,0,0,1,0,1,0,0,0,5,19
2024471445183,2024,471445183,524989,117382,-0.22233,50.94234,3,3,1,11:00,-1,E07000228,4,0,1,0,2,"[9, 19]","[1, 7]","[5, 3]",0,0,0,1,0,0,0,0,0,5,19
2024471445190,2024,471445190,574860,107637,0.48224,50.84184,3,3,5,08:30,-1,E07000064,6,0,9,0,1,"[2, -1]","[0, -1]","[0, -1]","[0, -1]","[0, -1]",0,1,0,0,0,0,0,5,16
2024471445228,2024,471445228,524915,107246,-0.22684,50.85125,3,3,2,15:20,-1,E06000043,6,0,1,0,1,20,4,8,0,0,0,1,0,0,0,0,1,5,20
2024471445233,2024,471445233,561612,102434,0.29195,50.79894,3,3,2,16:42,-1,E07000061,4,0,1,0,2,"[5, 4]",1,5,0,0,0,1,0,0,0,0,0,5,20
2024471445310,2024,471445310,555422,123933,0.21333,50.99381,2,2,2,18:22,-1,E07000065,3,0,1,0,2,"[13, 7, 9]","[5, 8]","[2, 8, 5]",0,"[7, 0]",0,1,0,1,1,0,0,5,20
2024471445318,2024,471445318,547182,119089,0.09404,50.95245,2,2,2,23:35,-1,E07000065,3,2,1,0,2,19,"[8, 4]","[4, 8]",0,"[0, 1]",0,1,0,1,0,0,0,5,20
2024471445440,2024,471445440,559206,100245,0.25689,50.77993,3,3,3,09:15,-1,E07000061,6,0,1,1,1,"[5, 19]","[5, 3]",7,0,0,0,1,0,0,0,0,0,5,21
2024471445447,2024,471445447,518835,105606,-0.31371,50.83779,3,3,7,11:39,-1,E07000223,3,0,1,0,1,"[19, 3]",7,3,0,0,0,1,0,0,0,0,0,5,11
2024471445463,2024,471445463,511888,105232,-0.41244,50.83581,3,3,7,09:55,-1,E07000229,6,0,1,0,1,19,"[1, 3]","[5, 7]",0,1,0,1,0,0,0,0,0,5,11
2024471445494,2024,471445494,530833,119675,-0.13837,50.96165,3,3,3,07:40,-1,E07000228,4,0,8,0,1,"[9, 19]","[3, 1]",5,0,0,0,1,0,0,0,0,0,5,21
2024471445596,2024,471445596,555418,123931,0.21327,50.9938,3,3,3,11:30,-1,E07000065,3,0,2,1,2,"[5, 19]","[8, 6]",2,0,0,0,1,0,0,0,0,0,5,21
2024471445597,2024,471445597,574497,107519,0.47704,50.84089,3,3,3,15:25,-1,E07000064,6,0,1,0,1,"[19, 4]",7,3,0,0,0,1,0,0,0,0,0,5,7
2024471445678,2024,471445678,558678,104849,0.2514,50.82145,3,3,3,15:35,-1,E07000065,4,0,1,1,1,19,7,3,0,0,0,1,0,0,0,0,1,5,21
2024471445686,2024,471445686,531362,107123,-0.13535,50.84872,2,"[2, 3]",3,15:15,-1,E06000043,6,0,2,1,1,"[19, 3]",5,1,0,0,0,1,0,0,0,0,0,5,21
2024471445728,2024,471445728,532870,124003,-0.1078,51.00009,3,3,3,14:30,-1,E07000228,6,0,2,1,1,19,-1,-1,0,0,0,1,0,0,0,0,1,5,21
2024471445754,2024,471445754,574039,107518,0.47054,50.84102,3,3,3,18:08,-1,E07000064,4,0,2,1,1,19,2,8,0,0,0,1,0,0,0,0,1,5,21
2024471445792,2024,471445792,513899,102144,-0.38485,50.80766,2,2,1,16:27,-1,E07000229,6,0,1,0,1,"[9, 19]","[1, 7]","[7, 3]",0,0,0,1,0,1,0,0,0,5,19
2024471445797,2024,471445797,476969,105629,-0.90812,50.84507,3,3,3,15:15,-1,E07000225,3,0,1,0,1,"[9, 19]","[3, 7]","[1, 3]",0,0,0,1,0,0,0,0,0,5,21
2024471445986,2024,471445986,531383,130555,-0.12661,51.05931,3,3,4,08:42,-1,E07000228,6,0,1,0,2,19,"[3, 7]","[7, 3]",0,0,0,1,0,0,0,0,0,5,22
2024471446090,2024,471446090,561575,102372,0.2914,50.79839,3,3,4,09:10,-1,E07000061,3,0,2,1,2,"[13, 19]","[6, 2]","[2, 6]",0,0,0,1,0,0,0,0,0,5,22
2024471446191,2024,471446191,556026,123144,0.22159,50.98656,3,3,4,10:20,-1,E07000065,6,0,2,1,2,19,4,2,0,0,0,0,0,1,0,0,0,5,22
2024471446280,2024,471446280,484812,93841,-0.79947,50.738,3,3,7,18:36,-1,E07000225,6,0,1,0,1,19,"[7, 3]","[3, 7]",0,0,0,1,0,0,0,0,0,5,11
2024471446723,2024,471446723,526523,136398,-0.19387,51.11292,3,3,4,19:10,-1,E07000226,6,0,2,1,1,"[19, 7]","[7, 5]","[3, 7]",0,"[1, 0]","[11, 0]",1,0,0,0,0,0,5,22
2024471446743,2024,471446743,549665,133075,0.13513,51.07749,3,3,4,17:55,-1,E07000065,4,0,2,1,2,"[7, 19]",5,"[5, 1]",0,0,0,1,0,0,0,0,0,5,22
2024471446873,2024,471446873,518750,132134,-0.30627,51.07625,2,2,2,14:46,-1,E07000227,6,0,8,0,1,19,"[8, 3]","[3, 8]",0,0,0,1,0,0,0,0,0,5,20
2024471446904,2024,471446904,528853,105978,-0.17138,50.83899,3,3,3,13:30,-1,E06000043,6,0,1,0,1,"[19, 5]","[4, 6]","[7, 1]",0,0,0,1,0,1,0,0,0,5,7
2024471447088,2024,471447088,526237,134914,-0.19848,51.09964,3,3,5,08:01,-1,E07000226,6,0,1,0,1,9,"[2, 8]",6,0,0,0,1,1,0,0,0,0,5,23
2024471447104,2024,471447104,526414,136797,-0.19529,51.11653,3,3,5,08:35,-1,E07000226,6,0,1,0,1,"[3, 19]",4,8,0,0,0,1,0,0,0,0,0,5,23
2024471447151,2024,471447151,502896,101961,-0.54101,50.80808,3,3,7,16:03,-1,E07000224,6,0,1,0,1,19,7,3,0,0,0,1,0,0,0,0,1,5,11
2024471447162,2024,471447162,504258,102193,-0.52162,50.80992,3,3,5,18:15,-1,E07000224,6,0,1,0,1,19,"[5, 3]","[1, 7]",0,0,0,1,1,0,0,0,0,5,16
2024471447185,2024,471447185,518235,129981,-0.31432,51.05701,3,3,4,17:30,-1,E07000227,3,0,2,1,1,19,8,4,0,0,0,1,0,0,0,0,1,5,22
2024471447265,2024,471447265,494093,101021,-0.66615,50.80112,3,3,5,13:20,-1,E07000224,3,0,1,0,1,"[4, 19]","[1, 3]","[3, 7]",0,0,0,1,1,0,0,0,0,5,23
2024471447308,2024,471447308,531986,104125,-0.12757,50.82163,3,3,5,15:30,-1,E06000043,6,0,1,0,1,19,7,3,0,0,0,1,0,0,0,0,1,5,23
2024471447428,2024,471447428,538668,137909,-0.0199,51.12369,3,3,5,18:43,-1,E07000228,6,0,1,0,1,"[19, 7]","[7, 2]","[2, 7]",0,0,0,1,0,0,0,0,0,5,23
2024471447540,2024,471447540,561728,98901,0.29205,50.76716,3,3,6,05:15,-1,E07000061,4,0,1,0,1,19,2,6,11,0,0,1,0,0,0,0,1,5,24
2024471447541,2024,471447541,491844,99766,-0.69836,50.7902,3,3,4,20:00,-1,E07000224,6,0,1,0,1,"[9, 19]","[3, 4]","[1, 8]",0,0,0,1,0,0,0,0,0,5,15
2024471447550,2024,471447550,486569,104895,-0.77197,50.83712,3,3,5,10:10,-1,E07000225,3,0,1,0,1,"[7, 19]","[1, 7]","[5, 3]",0,0,0,1,0,1,0,0,0,5,23
2024471447651,2024,471447651,578876,108827,0.53981,50.8513,2,2,5,14:00,-1,E07000062,3,0,1,0,1,"[2, 19]","[0, 7]","[0, 3]",0,0,0,1,0,0,0,0,0,5,23
2024471447702,2024,471447702,533467,103694,-0.10672,50.81742,3,3,5,18:17,-1,E06000043,4,0,1,0,1,19,"[5, 3]","[1, 7]",0,0,0,1,0,1,0,0,0,5,23
2024471447743,2024,471447743,508924,122738,-0.44929,50.99374,3,3,6,07:00,-1,E07000227,4,0,1,0,2,4,4,8,"[0, 11]",0,0,1,0,0,0,0,0,5,24
2024471447809,2024,471447809,539971,112575,-0.01105,50.8957,2,2,6,14:38,-1,E07000063,3,0,1,0,2,"[4, 19]","[2, 6]","[6, 2]",0,0,0,1,0,1,0,0,0,5,24
2024471447886,2024,471447886,533188,118050,-0.10545,50.94651,3,3,6,17:05,-1,E07000228,4,0,1,0,2,"[19, 14]","[7, 3]","[3, 7]",0,"[1, 0]","[9, 0]",1,0,1,0,0,0,5,24
2024471447917,2024,471447917,511358,129291,-0.41261,51.05218,3,3,6,16:20,-1,E07000227,3,0,1,0,2,"[4, 19]",2,6,0,"[0, 1]","[0, 4]",1,0,0,0,0,0,5,24
2024471447920,2024,471447920,517099,112756,-0.33606,50.90241,3,3,6,18:10,-1,E07000227,4,0,1,0,2,"[19, 9]","[1, 3]","[5, 1]",0,7,"[4, 0]",1,0,0,0,0,0,5,24
2024471448103,2024,471448103,549667,99134,0.12124,50.77249,3,3,7,14:00,-1,E07000063,6,0,6,0,1,19,2,6,0,0,0,1,0,0,0,0,1,5,25
2024471448105,2024,471448105,530149,107025,-0.15261,50.84811,3,3,7,10:15,-1,E06000043,3,0,1,0,1,19,"[1, 5]","[5, 1]",0,"[0, 7]",0,1,0,0,0,0,0,5,25
2024471448129,2024,471448129,486856,103688,-0.76818,50.82623,2,2,4,07:00,-1,E07000225,3,0,1,1,2,"[19, 9]",7,"[3, 5]",0,0,0,1,0,1,0,0,0,5,22
2024471448140,2024,471448140,557619,104750,0.23633,50.82085,3,3,7,15:15,-1,E07000065,3,0,1,0,1,"[3, 19]",7,3,0,0,0,1,0,1,0,0,0,5,25
2024471448277,2024,471448277,531633,103875,-0.13267,50.81947,3,3,1,04:30,-1,E06000043,3,0,2,1,1,"[19, 6]","[7, 3]","[3, 7]",0,0,0,1,0,1,0,0,0,5,26
2024471448290,2024,471448290,527690,136560,-0.17715,51.11411,2,2,1,05:15,-1,E07000226,3,0,2,1,1,19,3,7,0,7,1,1,0,0,0,0,0,5,26
2024471448334,2024,471448334,526897,137799,-0.18804,51.12543,3,3,7,09:15,-1,E07000226,3,0,1,0,1,19,"[6, 8]",3,0,0,0,1,0,0,0,0,0,5,25
2024471448355,2024,471448355,532962,106757,-0.11277,50.84507,3,3,7,06:45,-1,E06000043,6,0,1,0,1,"[3, 19]",1,5,0,0,0,1,0,0,0,0,0,5,25
2024471448356,2024,471448356,526917,137792,-0.18776,51.12536,3,3,7,10:00,-1,E07000226,6,0,1,0,1,19,"[1, 6]","[5, 3]",0,0,0,1,0,0,1,0,0,5,25
2024471448394,2024,471448394,537005,123438,-0.04912,50.99404,2,2,7,23:15,-1,E07000228,6,2,1,0,2,"[14, 2, 19]","[2, 6]","[6, 2]",0,0,0,1,0,1,0,0,0,5,25
2024471448411,2024,471448411,563579,102192,0.31973,50.79621,3,3,1,11:40,-1,E07000061,3,0,1,0,1,"[4, 19]",6,2,0,0,0,1,0,0,0,0,0,5,26
2024471448439,2024,471448439,505365,113196,-0.50275,50.90863,3,3,1,09:40,-1,E07000227,4,0,1,0,2,19,"[4, 6]","[6, 4]",0,"[1, 0]",0,1,0,0,0,0,0,5,26
2024471448505,2024,471448505,557861,104378,0.23961,50.81744,3,3,1,18:10,-1,E07000065,6,0,1,0,1,"[19, 7]","[2, 4]",6,0,0,0,1,0,1,0,0,0,5,26
2024471448542,2024,471448542,573960,108412,0.46984,50.84907,2,2,1,15:45,-1,E07000064,3,0,1,0,1,19,5,2,0,0,0,0,0,1,0,0,0,5,26
2024471448555,2024,471448555,543784,113174,0.04336,50.90015,1,"[2, 1]",1,19:26,-1,E07000063,3,0,1,0,2,19,"[2, 6]","[6, 2]",0,0,0,1,0,0,0,0,0,5,26
2024471448678,2024,471448678,562142,113263,0.30426,50.89609,3,3,2,13:15,-1,E07000065,6,0,1,-1,2,"[19, 7]",-1,-1,0,0,0,1,0,1,0,0,0,5,27
2024471448746,2024,471448746,500869,101972,-0.56976,50.80853,2,2,2,17:12,-1,E07000224,3,0,1,0,2,"[19, 4]","[7, 3]","[3, 7]",0,"[1, 0]","[4, 0]",1,1,0,0,0,0,5,27
2024471448757,2024,471448757,560639,100288,0.27722,50.77992,3,3,2,18:52,-1,E07000061,3,0,1,0,1,"[10, 19]",4,"[2, 8]",0,0,0,1,0,0,0,0,0,5,27
2024471448759,2024,471448759,486871,103267,-0.76807,50.82244,2,"[2, 3]",2,18:28,-1,E07000225,4,0,1,0,2,"[6, 19]",1,5,0,0,0,1,0,0,0,0,0,5,27
2024471448790,2024,471448790,526998,115389,-0.19444,50.92399,3,3,3,03:00,-1,E07000228,3,2,1,1,2,19,5,1,0,2,4,1,0,0,0,0,0,5,28
2024471448896,2024,471448896,578674,111549,0.53827,50.87582,2,2,3,09:04,-1,E07000062,6,0,2,1,2,"[19, 5]","[4, 2]","[8, 6]",0,0,0,1,0,1,0,0,0,5,28
2024471448981,2024,471448981,546971,119327,0.09113,50.95464,3,3,3,07:12,-1,E07000065,3,0,2,1,2,"[15, 19]","[4, 8]","[8, 4]","[10, 0]","[2, 0]",0,1,0,0,0,0,0,5,28
2024471449088,2024,471449088,563912,131683,0.3377,51.06109,3,3,2,12:35,-1,E07000065,6,0,1,0,2,3,7,3,0,0,0,0,0,0,1,0,1,5,20
2024471449127,2024,471449127,533238,103641,-0.10999,50.817,3,3,3,17:20,-1,E06000043,6,0,2,1,1,"[3, 15]","[4, 7]","[1, 4]",0,0,0,1,1,0,0,0,0,5,28
2024471449159,2024,471449159,571445,107639,0.43379,50.84288,3,3,3,16:05,-1,E07000064,4,0,1,0,1,"[9, 19]","[5, 1]","[3, 5]",0,0,0,1,0,1,0,0,0,5,28
2024471449177,2024,471449177,537920,109140,-0.04149,50.86532,3,3,3,21:20,-1,E07000063,3,2,2,1,2,19,3,7,0,5,6,1,0,0,0,0,0,5,28
2024471449182,2024,471449182,580189,108850,0.55845,50.8511,2,"[3, 2]",4,01:01,-1,E07000062,3,2,5,1,1,19,2,6,0,1,2,1,0,0,0,0,0,5,29
2024471449250,2024,471449250,484510,104497,-0.8013,50.83385,3,3,6,13:45,-1,E07000225,3,0,1,0,2,"[19, 4]",8,4,0,0,0,1,0,0,0,1,0,5,10
2024471449269,2024,471449269,517806,103860,-0.32887,50.82231,2,2,4,06:32,-1,E07000223,6,0,1,1,1,"[2, 20, 19]","[0, 3, 1]","[0, 3, 5]","[0, 10]","[0, 7]","[0, 11]",1,0,0,0,0,0,5,29
2024471449276,2024,471449276,581005,115174,0.57316,50.90766,3,3,4,07:58,-1,E07000064,3,0,1,1,2,"[19, 9]","[4, 8]","[1, 3]",0,0,0,1,0,0,0,0,0,5,29
2024471449431,2024,471449431,578893,108829,0.54005,50.85131,2,"[3, 2]",1,11:25,-1,E07000062,3,0,1,0,1,"[2, 19]","[0, 7, 3]","[0, 3, 7]",0,"[7, 0]",0,1,0,0,0,0,0,5,19
2024471449435,2024,471449435,583624,111297,0.60842,50.872,3,3,4,11:46,-1,E07000062,3,0,1,0,1,"[5, 19]","[4, 2]","[1, 6]",0,0,0,1,1,0,0,0,0,5,29
2024471449517,2024,471449517,533507,106109,-0.10527,50.83912,2,2,6,17:00,-1,E06000043,6,0,1,0,1,1,3,7,0,0,0,1,0,0,0,0,1,5,24
2024471449540,2024,471449540,507486,133241,-0.46666,51.08842,2,2,4,08:30,-1,E07000227,3,0,1,0,2,"[2, 19]","[0, 4]","[0, 8]","[0, 4]",0,0,0,0,0,1,1,1,5,29
2024471449547,2024,471449547,530869,104316,-0.14335,50.8236,3,3,4,14:25,-1,E06000043,4,0,1,0,1,19,7,3,0,0,0,0,0,0,1,0,1,5,29
2024471449556,2024,471449556,486803,123258,-0.76429,51.00217,3,3,4,08:52,-1,E07000225,6,0,1,0,2,19,"[1, 5]","[5, 1]",0,0,0,1,0,0,0,0,0,5,29
2024471449564,2024,471449564,594363,122733,0.76696,50.97121,2,2,4,14:04,-1,E07000064,3,0,1,0,2,"[15, 19]",3,7,0,"[0, 1]",0,1,1,0,0,0,0,5,29
2024471449578,2024,471449578,568425,108169,0.39118,50.84853,3,3,4,10:47,-1,E07000065,3,0,1,0,2,19,8,4,0,0,0,1,0,0,0,0,0,5,29
2024471449583,2024,471449583,516900,124352,-0.33517,51.00669,2,2,4,16:05,-1,E07000227,6,0,2,0,2,19,"[1, 5]","[5, 1]","[7, 0]","[1, 0]",0,0,0,1,0,1,0,5,29
2024471449613,2024,471449613,485553,97065,-0.78822,50.76688,3,3,4,18:15,-1,E07000225,4,0,1,0,2,"[19, 4]",1,5,0,0,0,1,0,0,0,0,0,5,29
2024471449615,2024,471449615,529434,105280,-0.16338,50.83259,3,3,3,17:40,-1,E06000043,4,0,1,0,1,"[2, 19]","[0, 8]","[0, 4]",0,0,0,1,1,0,0,0,0,5,28
2024471449637,2024,471449637,510356,104320,-0.43446,50.82791,2,2,4,16:58,-1,E07000229,6,0,1,0,1,19,1,5,0,0,0,1,0,0,0,0,1,5,29
2024471449647,2024,471449647,558366,95425,0.24292,50.73685,3,3,4,21:05,-1,E07000061,6,2,1,0,2,19,2,8,7,0,0,1,0,0,0,0,0,5,29
2024471449652,2024,471449652,565309,111946,0.34866,50.88336,3,3,4,16:00,-1,E07000065,3,0,1,0,2,"[19, 9]","[3, 7]","[7, 3]",0,"[0, 7]",0,1,0,0,0,0,0,5,29
2024471449684,2024,471449684,546603,100729,0.07845,50.7876,3,3,4,10:53,-1,E07000063,6,0,1,0,2,19,7,3,0,0,0,0,0,1,0,0,0,5,29
2024471449844,2024,471449844,530111,104636,-0.154,50.82665,2,2,5,09:50,-1,E06000043,6,0,1,0,1,"[19, 9]","[3, 1]",7,0,0,0,1,0,1,0,0,0,5,30
2024471449852,2024,471449852,494003,101321,-0.66735,50.80383,3,3,4,17:58,-1,E07000224,3,0,1,-1,2,19,3,7,0,0,0,1,0,0,0,0,0,5,29
2024471450081,2024,471450081,539440,119048,-0.01613,50.954,3,3,5,20:30,-1,E07000063,3,0,1,0,2,"[19, 9]","[5, 1]","[8, 7]",0,"[7, 0]",0,1,0,0,0,0,0,5,30
2024471450103,2024,471450103,517116,105107,-0.33827,50.83366,3,3,6,08:23,-1,E07000223,6,0,1,0,1,"[10, 19]",5,"[3, 1]",0,0,0,1,0,0,0,0,0,5,24