collision_index,collision_year,collision_ref_no,location_easting_osgr,location_northing_osgr,longitude,latitude,casualty_severity,casualty_severity,day_of_week,time,local_authority_district,local_authority_ons_district,first_road_class,light_conditions,weather_conditions,road_surface_conditions,urban_or_rural_area,vehicle_manoeuvre,vehicle_direction_from,vehicle_direction_to,hit_object_in_carriageway,vehicle_leaving_carriageway,hit_object_off_carriageway,is_car,is_cyle,is_mcyle,is_goodsv,is_other,is_pedestrian,month,day
2024471455403,2024,471455403,493668,99060,-0.67267,50.78356,2,2,1,18:53,-1,E07000224,6,0,1,0,1,19,"[3, 5]","[7, 1]",0,0,0,0,1,0,1,0,0,6,2
2024471455486,2024,471455486,509182,106901,-0.45035,50.85133,3,3,5,17:41,-1,E07000224,3,0,1,1,2,19,"[1, 5]","[5, 1]",0,0,0,1,0,0,0,0,0,6,13
2024471455507,2024,471455507,509339,127430,-0.44197,51.03584,3,3,5,18:59,-1,E07000227,3,0,5,1,2,"[19, 9]","[6, 7]","[2, 6]",0,0,0,1,0,0,0,1,0,6,13
2024471455522,2024,471455522,489627,107182,-0.728,50.85722,3,3,5,15:57,-1,E07000225,3,0,2,1,2,"[9, 19]","[7, 4]","[6, 8]",0,0,0,1,0,0,0,0,0,6,13
2024471455554,2024,471455554,558224,113275,0.2486,50.89728,3,3,6,04:50,-1,E07000065,3,0,2,1,2,19,"[6, 2]","[2, 6]",0,0,0,1,0,0,0,0,0,6,14
2024471455588,2024,471455588,531332,103910,-0.13693,50.81985,3,3,5,16:52,-1,E06000043,3,0,2,0,1,"[19, 12]","[2, 4]",8,0,"[0, 8]","[0, 10]",1,1,0,0,0,0,6,13
2024471455619,2024,471455619,558154,127754,0.25389,51.0274,2,2,5,08:48,-1,E07000065,3,0,1,0,2,"[9, 19]","[2, 4]",8,0,0,0,1,0,0,0,0,0,6,13
2024471455653,2024,471455653,523436,134583,-0.23857,51.09728,3,3,5,19:00,-1,E07000227,3,2,2,1,2,19,7,3,0,0,0,0,0,1,0,0,0,6,13
2024471455789,2024,471455789,525216,137304,-0.21222,51.12135,3,3,6,09:18,-1,E07000226,6,0,1,0,1,19,6,2,0,0,0,1,0,0,0,0,1,6,14
2024471455796,2024,471455796,530041,104659,-0.15498,50.82687,3,3,6,10:35,-1,E06000043,6,0,1,0,1,19,"[5, 7]","[1, 3]",0,0,0,1,0,0,0,0,0,6,14
2024471455944,2024,471455944,491239,99503,-0.70701,50.78793,3,3,6,16:55,-1,E07000224,6,0,1,0,1,19,"[2, 6]","[6, 2]",0,0,0,1,0,0,0,0,0,6,14
2024471455966,2024,471455966,557625,117062,0.24172,50.93147,2,"[2, 3]",6,15:39,-1,E07000065,3,0,1,0,2,19,"[6, 1]","[1, 6]",0,1,"[4, 0]",1,0,0,0,0,0,6,14
2024471455982,2024,471455982,489818,99413,-0.72719,50.78734,2,2,6,16:00,-1,E07000224,6,0,1,1,1,"[19, 5]","[8, 2]","[4, 5]",0,"[7, 0]","[9, 0]",1,0,1,0,0,0,6,14
2024471455990,2024,471455990,475379,108849,-0.93004,50.87423,2,2,6,22:29,-1,E07000225,6,2,2,1,2,19,7,3,0,2,4,1,0,0,0,0,0,6,14
2024471456086,2024,471456086,557985,108321,0.24306,50.85283,1,1,7,02:12,-1,E07000065,3,2,2,1,2,19,1,5,7,3,1,0,0,1,0,0,0,6,15
2024471456100,2024,471456100,562321,99869,0.30087,50.77569,3,3,6,16:10,-1,E07000061,4,0,1,0,1,19,"[1, 7]","[5, 3]",0,0,0,1,0,0,0,0,0,5,3
2024471456149,2024,471456149,513243,130024,-0.3855,51.0584,3,3,7,13:35,-1,E07000227,3,0,5,1,2,"[3, 4]",7,3,0,0,0,1,0,0,0,0,0,6,15
2024471456155,2024,471456155,535636,105747,-0.07519,50.83537,3,3,3,08:00,-1,E06000043,4,0,1,0,1,"[19, 7]",1,"[5, 3]",0,0,0,1,0,1,0,0,0,6,11
2024471456209,2024,471456209,495676,107252,-0.64206,50.85688,3,3,7,18:00,-1,E07000224,3,0,8,0,2,"[11, 5]","[5, 6]","[2, 5]",0,1,"[4, 0]",1,0,0,0,0,0,6,15
2024471456281,2024,471456281,565076,106962,0.3431,50.83864,3,3,1,00:45,-1,E07000065,6,2,1,0,2,19,3,7,0,1,9,1,0,0,0,0,0,6,16
2024471456377,2024,471456377,526321,137480,-0.19638,51.12269,2,2,1,12:08,-1,E07000226,3,0,1,0,1,"[19, 12]",2,6,0,"[0, 1]",0,1,0,1,0,0,0,6,16
2024471456395,2024,471456395,543322,127416,0.0424,51.02825,2,2,1,12:20,-1,E07000065,6,0,2,1,2,19,"[2, 6]","[6, 2]",0,"[0, 1]","[0, 10]",1,0,0,0,0,0,6,16
2024471456401,2024,471456401,557717,106461,0.23846,50.83619,3,3,1,11:40,-1,E07000065,3,0,1,0,2,"[19, 5]","[5, 7]",1,0,0,0,1,0,0,0,0,0,6,16
2024471456407,2024,471456407,514765,105098,-0.37164,50.83405,3,3,1,13:40,-1,E07000229,6,0,1,0,1,"[19, 9]","[7, 1]","[3, 7]",0,0,0,1,0,1,0,0,0,6,16
2024471456424,2024,471456424,517382,110386,-0.3328,50.88105,3,3,6,12:20,-1,E07000227,6,0,1,0,2,19,"[3, 7]","[7, 3]",0,0,0,1,0,0,0,0,0,5,17
2024471456433,2024,471456433,592236,119938,0.73522,50.94682,2,"[3, 2]",1,13:30,-1,E07000064,6,0,1,0,2,"[19, 6]","[8, 5]","[4, 1]",0,"[0, 1]",0,1,0,0,0,1,0,6,16
2024471456442,2024,471456442,543904,114062,0.04542,50.9081,3,3,1,12:30,-1,E07000063,6,0,1,0,2,"[19, 9]","[4, 6]","[8, 4]",0,0,0,1,1,0,0,0,0,6,16
2024471456456,2024,471456456,524410,107914,-0.23379,50.85737,2,"[3, 2]",1,14:30,-1,E06000043,3,0,1,0,2,"[4, 11]",2,6,0,0,0,1,0,0,0,0,0,6,16
2024471456457,2024,471456457,557181,104787,0.23013,50.8213,3,3,1,12:50,-1,E07000065,3,0,1,0,2,"[19, 4]",7,3,0,0,0,1,0,0,0,0,0,6,16
2024471456461,2024,471456461,551514,129656,0.16007,51.04628,2,2,1,14:15,-1,E07000065,6,0,1,0,1,19,3,1,0,7,10,1,0,0,0,0,0,6,16
2024471456551,2024,471456551,524338,105337,-0.23568,50.83422,3,3,1,18:30,-1,E07000223,6,0,1,0,1,19,"[7, 3]","[3, 7]",0,0,0,1,0,0,0,0,0,6,16
2024471456584,2024,471456584,546648,117981,0.086,50.94263,1,"[1, 3, 2]",7,11:15,-1,E07000065,3,0,1,1,2,19,"[6, 2]","[2, 6]",0,"[0, 7]",0,1,0,0,0,0,0,6,15
2024471456592,2024,471456592,512045,113400,-0.40771,50.90921,3,3,2,07:55,-1,E07000227,3,0,1,0,2,19,"[2, 4]","[6, 8]",0,0,0,1,0,0,0,0,0,6,17
2024471456649,2024,471456649,543741,130182,0.04947,51.053,3,3,2,09:36,-1,E07000065,6,0,1,0,2,"[4, 19]",8,4,0,0,0,1,0,0,1,0,0,6,17
2024471456705,2024,471456705,540008,131085,-0.0034,51.06204,3,3,4,18:30,-1,E07000065,6,0,1,0,2,"[2, 19]","[5, 1]","[1, 5]",0,0,0,1,0,0,0,0,0,6,12
2024471456707,2024,471456707,507124,122635,-0.47496,50.99315,3,3,3,07:50,-1,E07000227,3,0,1,0,2,"[19, 4]",2,6,0,"[1, 0]",0,1,0,0,0,0,0,6,11
2024471456746,2024,471456746,561610,102431,0.29192,50.79891,3,3,2,11:17,-1,E07000061,4,0,1,0,2,"[3, 19]",2,6,0,0,0,1,0,0,0,0,0,6,17
2024471456816,2024,471456816,562386,131601,0.31591,51.06079,2,"[3, 2]",1,10:55,-1,E07000065,4,0,2,1,2,19,"[7, 3]","[3, 7]",0,0,0,1,0,0,0,0,0,6,16
2024471456821,2024,471456821,550277,99360,0.12997,50.77436,3,3,2,15:18,-1,E07000063,3,0,1,0,1,"[19, 3]",3,6,0,0,0,1,0,0,0,0,0,6,17
2024471456833,2024,471456833,569885,107833,0.41174,50.84508,3,3,2,13:59,-1,E07000064,3,0,1,0,2,19,"[3, 7]","[7, 3]",0,0,0,1,0,0,0,0,0,6,17
2024471456886,2024,471456886,533293,104372,-0.10894,50.82355,3,3,2,19:28,-1,E06000043,6,0,1,0,1,"[7, 19]","[1, 4]","[4, 8]",0,0,0,1,0,0,0,0,0,6,17
2024471456901,2024,471456901,529166,105337,-0.16716,50.83316,3,3,2,19:02,-1,E06000043,4,0,1,0,1,"[3, 4]",7,3,0,0,0,1,0,0,0,0,0,6,17
2024471456951,2024,471456951,523006,106501,-0.2542,50.84497,2,2,1,12:50,-1,E07000223,3,2,1,0,2,"[19, 9]","[7, 6]",3,0,0,0,1,0,1,0,0,0,6,16
2024471456994,2024,471456994,503374,102369,-0.53411,50.81166,3,3,2,14:30,-1,E07000224,4,0,1,0,1,19,"[1, 7]","[5, 3]",0,0,0,0,1,0,0,0,0,6,17
2024471457048,2024,471457048,548086,138304,0.11475,51.12488,2,2,3,07:15,-1,E07000065,4,0,1,0,2,19,8,5,0,1,4,0,0,0,1,0,0,6,18
2024471457072,2024,471457072,485443,93409,-0.79063,50.73402,3,3,7,13:30,-1,E07000225,4,0,1,0,1,"[3, -1]","[5, -1]","[1, -1]","[0, -1]","[0, -1]",0,1,0,0,0,0,0,6,15
2024471457141,2024,471457141,562616,102980,0.30643,50.80356,3,3,2,11:53,-1,E07000061,6,0,1,0,1,"[5, 19]","[6, 4]",8,0,0,0,1,0,0,0,0,0,6,17
2024471457142,2024,471457142,531771,105283,-0.13021,50.83209,3,3,4,15:31,-1,E06000043,6,0,9,0,1,-1,-1,-1,-1,-1,0,0,1,0,0,0,1,6,12
2024471457208,2024,471457208,541057,137151,0.01392,51.11629,2,2,2,19:55,-1,E07000228,3,0,1,0,1,"[9, 19]","[5, 1]","[1, 5]",0,0,0,1,0,1,0,0,0,6,17
2024471457216,2024,471457216,513339,103543,-0.39236,50.82035,3,3,3,13:00,-1,E07000229,3,0,1,0,1,"[9, 19]",1,"[7, 5]",0,"[7, 0]",0,1,1,0,0,0,0,6,18
2024471457234,2024,471457234,581838,109320,0.58208,50.85481,3,3,2,13:30,-1,E07000062,3,0,1,0,1,-1,-1,-1,-1,-1,0,0,0,0,1,1,0,6,17
2024471457307,2024,471457307,482490,97299,-0.83159,50.76942,3,3,3,17:00,-1,E07000225,6,0,1,0,2,19,"[1, 7]","[5, 3]",0,0,0,1,0,0,0,0,0,6,18
2024471457340,2024,471457340,514446,136413,-0.36632,51.11559,3,3,3,21:08,-1,E07000227,3,2,1,0,2,19,5,1,0,0,0,0,0,1,0,0,0,6,18
2024471457343,2024,471457343,528139,106769,-0.18124,50.84626,3,3,2,15:03,-1,E06000043,6,0,1,0,1,"[19, 9]","[4, 8]","[8, 5]",0,0,0,1,0,1,0,0,0,6,17
2024471457345,2024,471457345,473984,112123,-0.9492,50.90385,3,3,2,21:24,-1,E07000225,6,2,1,0,2,7,6,8,0,7,9,1,0,0,0,0,0,6,17
2024471457368,2024,471457368,533248,107951,-0.10828,50.85573,3,3,1,11:41,-1,E06000043,3,0,1,0,2,"[13, 7]",6,2,0,0,0,1,0,1,0,0,0,5,26
2024471457404,2024,471457404,527330,107437,-0.19249,50.85244,2,2,7,06:55,-1,E06000043,6,0,1,0,1,"[2, 19]","[0, 7]","[0, 3]","[0, 4]",0,0,1,0,0,0,0,0,5,4
2024471457546,2024,471457546,560390,104687,0.27561,50.81952,3,3,3,17:30,-1,E07000065,4,0,1,0,2,5,1,5,0,0,0,1,1,0,0,0,0,6,18
2024471457689,2024,471457689,538868,138110,-0.01696,51.12545,3,3,4,15:40,-1,E07000228,4,0,1,0,1,"[5, 19]","[5, 6]","[1, 2]",0,"[0, 1]",0,1,0,0,0,0,0,6,19
2024471457704,2024,471457704,520497,119221,-0.28563,50.95983,2,2,4,08:20,-1,E07000227,4,0,1,0,2,"[9, 19]","[7, 2]","[5, 6]",0,0,0,1,0,1,0,0,0,6,19
2024471457718,2024,471457718,493893,105605,-0.66781,50.84236,3,3,1,10:00,-1,E07000224,4,0,1,0,2,5,5,1,0,0,0,1,0,1,0,0,0,6,9
2024471457735,2024,471457735,502930,102071,-0.54049,50.80906,3,3,4,16:30,-1,E07000224,4,0,1,0,1,"[20, 19]",1,"[3, 5]",0,0,0,1,0,0,0,0,0,6,19
2024471457764,2024,471457764,591893,119896,0.73033,50.94656,3,3,4,04:30,-1,E07000064,3,2,1,0,2,19,"[5, 1]","[1, 5]",0,"[1, 0]","[11, 0]",1,0,0,1,0,0,6,19
2024471457778,2024,471457778,541202,129882,0.01315,51.05094,2,2,4,12:25,-1,E07000065,3,0,1,0,2,19,2,6,0,0,0,0,1,0,0,1,0,6,19
2024471457789,2024,471457789,558145,111251,0.2466,50.87912,3,3,4,20:23,-1,E07000065,3,0,1,0,1,"[10, 19]","[5, 3]","[3, 7]",0,"[0, 1]",0,1,0,0,0,0,0,6,19
2024471457813,2024,471457813,528713,104753,-0.17379,50.82801,2,2,4,18:10,-1,E06000043,6,0,1,0,1,19,6,1,0,0,0,1,0,0,0,0,1,6,12
2024471457867,2024,471457867,522451,104796,-0.26265,50.82976,2,2,5,07:33,-1,E07000223,6,0,1,0,1,19,7,3,0,0,0,1,0,0,0,0,1,6,20
2024471457993,2024,471457993,492503,100150,-0.68892,50.79354,3,3,5,05:20,-1,E07000224,6,0,9,-1,1,19,4,8,0,0,0,1,1,0,0,0,0,6,20
2024471458028,2024,471458028,580492,109721,0.56318,50.85883,3,3,4,19:30,-1,E07000062,6,0,1,0,1,"[19, 2]","[5, 0]","[1, 0]",0,0,0,1,0,0,0,0,0,6,19
2024471458056,2024,471458056,511650,129326,-0.40844,51.05244,3,3,5,12:55,-1,E07000227,3,0,1,0,2,19,3,7,0,"[0, 1]",0,1,0,0,0,0,0,6,20
2024471458066,2024,471458066,526595,137190,-0.19257,51.12002,3,3,5,14:30,-1,E07000226,6,0,1,0,1,"[19, 9]","[3, 5]","[8, 3]",0,0,0,1,0,0,0,0,0,6,20
2024471458073,2024,471458073,527306,136542,-0.18264,51.11404,3,3,5,14:10,-1,E07000226,3,0,1,0,1,"[5, 19]","[5, 3]","[1, 7]",1,0,0,1,1,0,0,0,0,6,20
2024471458147,2024,471458147,515980,128604,-0.34692,51.04509,2,2,4,12:09,-1,E07000227,3,0,1,0,2,"[19, 1]","[8, 3]","[4, 7]",0,0,0,1,0,0,0,0,0,6,19
2024471458149,2024,471458149,578137,108869,0.52934,50.85191,3,3,5,19:14,-1,E07000062,3,0,9,0,1,19,7,3,0,0,0,1,0,0,0,0,0,6,20
2024471458168,2024,471458168,531134,105459,-0.13919,50.83382,3,3,5,17:10,-1,E06000043,3,0,1,0,1,"[5, 19]",4,8,0,0,0,1,1,0,0,0,0,6,20
2024471458188,2024,471458188,559492,97154,0.25961,50.75208,3,3,5,22:29,-1,E07000061,4,2,1,0,2,19,1,5,10,0,0,1,0,0,0,0,0,6,20
2024471458196,2024,471458196,531268,139355,-0.12505,51.13843,3,3,5,22:59,-1,E07000228,6,2,1,0,1,19,5,1,0,1,11,1,0,0,0,0,0,6,20
2024471458209,2024,471458209,483745,122263,-0.80809,50.99368,2,2,6,00:20,-1,E07000225,3,2,1,0,2,19,3,7,0,1,11,1,0,0,0,0,0,6,21
2024471458252,2024,471458252,515153,105124,-0.36613,50.8342,2,"[2, 3]",5,08:00,-1,E07000229,3,0,1,0,1,"[3, 19]","[3, 7]","[7, 3]",0,0,0,1,0,0,0,0,0,6,20
2024471458352,2024,471458352,475602,105764,-0.92751,50.84647,3,3,6,10:42,-1,E07000225,3,0,1,0,1,19,7,3,0,0,0,0,1,0,1,0,0,6,21
2024471458403,2024,471458403,486866,103657,-0.76805,50.82595,3,3,6,11:25,-1,E07000225,3,0,1,0,2,"[5, 7]","[1, 5]",3,0,0,0,1,0,0,0,0,0,6,21
2024471458418,2024,471458418,540932,130561,0.00957,51.0571,2,"[3, 2]",6,13:15,-1,E07000228,4,0,1,0,2,19,"[2, 7]","[7, 3]",0,0,0,1,0,0,0,0,0,6,21
2024471458458,2024,471458458,493664,100399,-0.67239,50.7956,2,2,6,09:40,-1,E07000224,6,0,1,0,1,"[14, 2]","[8, 0]","[4, 0]",0,0,0,1,1,0,1,0,0,6,21
2024471458466,2024,471458466,531654,106600,-0.1314,50.84395,3,3,6,15:05,-1,E06000043,6,0,1,0,1,"[9, 19]","[1, 6]","[6, 3]",0,0,0,1,0,0,0,0,0,6,21
2024471458474,2024,471458474,495493,100101,-0.64652,50.79262,2,2,6,15:45,-1,E07000224,4,0,1,0,1,"[19, 9]","[2, 7]","[7, 5]",0,0,0,0,0,1,1,0,0,6,21
2024471458553,2024,471458553,533336,104304,-0.10835,50.82293,2,2,6,17:10,-1,E06000043,6,0,1,0,1,19,8,4,0,0,0,0,0,0,0,0,0,6,21
2024471458594,2024,471458594,522389,105137,-0.26341,50.83284,2,2,6,21:30,-1,E07000223,3,2,1,0,1,19,3,7,0,0,0,1,0,0,0,0,1,6,21
2024471458596,2024,471458596,525396,107611,-0.21989,50.85443,2,2,2,09:27,-1,E06000043,3,0,1,0,2,19,4,8,0,"[1, 0]",0,1,0,0,0,0,0,6,17
2024471458675,2024,471458675,494064,101620,-0.6664,50.80651,3,3,7,10:10,-1,E07000224,6,0,1,0,2,"[4, 19]",3,7,0,0,0,1,0,0,0,0,0,6,22
2024471458720,2024,471458720,583705,111641,0.60975,50.87507,3,3,7,09:15,-1,E07000062,3,0,2,1,1,9,1,3,0,0,0,1,0,0,0,0,1,6,22
2024471458734,2024,471458734,561169,98955,0.28415,50.7678,3,3,7,12:10,-1,E07000061,6,0,2,0,1,"[5, 19]","[7, 4]","[4, 8]",0,0,0,1,1,0,0,0,0,6,22
2024471458771,2024,471458771,586637,115728,0.65346,50.91084,3,3,3,07:00,-1,E07000064,6,0,1,0,2,19,"[2, 6]","[6, 2]",0,0,0,1,1,0,0,0,0,6,11
2024471458783,2024,471458783,557514,95635,0.23094,50.73897,2,2,7,11:00,-1,E07000061,6,0,1,0,2,"[19, 9]",7,"[7, 3]",0,0,0,1,0,1,0,0,0,6,22
2024471458784,2024,471458784,521359,105065,-0.27806,50.83241,3,3,4,19:15,-1,E07000223,3,0,1,0,1,"[7, 19]","[2, 8]","[8, 4]",0,0,0,0,1,0,1,0,0,5,29
2024471458790,2024,471458790,559036,98930,0.25392,50.76816,2,2,7,12:55,-1,E07000061,6,0,4,0,1,"[2, 19]","[0, 2]","[0, 6]","[0, 4]","[0, 1]",0,1,0,1,0,0,0,6,22
2024471458822,2024,471458822,546367,128652,0.08629,51.03859,2,2,7,16:25,-1,E07000065,6,0,1,0,2,19,7,3,0,0,0,1,0,0,0,0,0,6,22
2024471458829,2024,471458829,538141,125630,-0.03211,51.01347,3,3,7,14:45,-1,E07000228,6,0,1,1,2,"[19, 9]","[7, 3]","[3, 7]",0,0,0,1,0,0,0,0,0,6,22
2024471458839,2024,471458839,497117,108537,-0.62126,50.86819,2,2,7,15:24,-1,E07000224,3,0,1,0,2,"[10, 19]",2,"[8, 7]",0,0,0,1,0,1,0,0,0,6,22
2024471458848,2024,471458848,508205,114332,-0.46203,50.91831,3,3,7,19:00,-1,E07000227,4,0,8,0,2,"[9, 19]",3,"[8, 7]",0,0,0,1,0,1,0,0,0,6,22
2024471458854,2024,471458854,520438,104438,-0.29134,50.82696,3,3,7,18:40,-1,E07000223,3,0,4,0,1,19,7,2,0,0,0,1,0,0,0,0,1,6,22
2024471458886,2024,471458886,497832,103372,-0.61248,50.82164,2,2,6,15:29,-1,E07000224,6,0,1,0,2,19,7,3,0,0,0,1,0,0,0,0,1,6,21
2024471458901,2024,471458901,533198,103428,-0.11063,50.81509,3,3,7,19:49,-1,E06000043,3,0,1,0,1,6,3,3,0,0,0,0,0,1,0,0,0,6,22
2024471458944,2024,471458944,496161,106920,-0.63526,50.85381,3,3,1,01:05,-1,E07000224,3,2,1,0,2,19,2,6,0,1,4,1,0,0,0,0,0,6,23
2024471458974,2024,471458974,582171,109383,0.58684,50.85527,3,3,1,08:50,-1,E07000062,3,0,1,0,1,19,3,7,0,0,0,1,0,1,0,0,0,6,23
2024471458975,2024,471458975,531028,132484,-0.13097,51.07673,3,3,1,08:15,-1,E07000228,4,0,2,0,2,19,"[5, 1]","[1, 5]",0,0,0,1,0,0,1,0,0,6,23
2024471458976,2024,471458976,497476,101232,-0.6181,50.80246,3,3,1,08:30,-1,E07000224,4,0,1,0,2,"[19, 3]","[3, 5]","[7, 1]",0,0,0,1,0,1,0,0,0,6,23
2024471459010,2024,471459010,580285,108899,0.55984,50.85151,2,2,1,11:50,-1,E07000062,3,0,8,0,1,"[2, 19]","[0, 7]","[0, 3]","[0, 8]",0,0,1,1,0,0,0,0,6,23
2024471459062,2024,471459062,569902,130606,0.4226,51.04967,2,2,1,13:30,-1,E07000064,4,0,1,0,2,19,2,6,0,3,10,0,0,1,0,0,0,6,23
2024471459077,2024,471459077,493122,99617,-0.68028,50.78865,2,2,1,13:20,-1,E07000224,6,0,1,0,1,7,1,4,7,7,11,1,0,0,0,0,0,6,23
2024471459100,2024,471459100,529129,141592,-0.15481,51.15902,3,3,1,17:10,-1,E07000226,3,0,1,0,2,5,5,1,0,"[1, 0]",0,1,0,0,0,0,0,6,23
2024471459128,2024,471459128,564908,104757,0.33973,50.81888,1,1,1,18:10,-1,E07000065,3,0,1,0,2,19,"[1, 4]","[4, 1]",0,"[7, 0]",0,1,0,1,0,0,0,6,23
2024471459136,2024,471459136,529390,104303,-0.16435,50.82382,3,3,1,20:00,-1,E06000043,3,0,1,0,1,"[19, 9]",3,7,0,0,0,1,0,1,0,0,0,6,23
2024471459159,2024,471459159,500457,107084,-0.57421,50.85456,2,"[3, 2]",1,00:07,-1,E07000224,3,2,1,0,2,"[2, 19, 13]","[0, 7]","[0, 3]","[0, 4]","[7, 0, 1]","[10, 0]",1,0,0,0,0,0,6,23
2024471459176,2024,471459176,506078,125638,-0.48898,51.02034,2,2,1,19:00,-1,E07000225,3,0,1,0,2,19,7,3,0,"[0, 1]","[0, 4]",1,0,0,0,0,0,6,23
2024471459180,2024,471459180,530381,104904,-0.15007,50.829,2,2,7,18:08,-1,E06000043,4,0,1,0,1,19,2,6,0,0,0,1,0,0,0,0,1,6,22
2024471459182,2024,471459182,516252,107441,-0.34979,50.85481,3,3,1,22:49,-1,E07000223,6,2,1,0,2,9,8,6,0,7,10,1,0,0,0,0,0,6,23
2024471459204,2024,471459204,487814,118616,-0.751,50.96029,3,3,6,15:10,-1,E07000225,3,0,1,0,2,19,"[1, 5]","[5, 1]",0,"[0, 1]","[0, 9]",1,0,0,1,0,0,6,21
2024471459247,2024,471459247,542265,100664,0.01692,50.7881,3,3,2,08:30,-1,E07000063,3,0,1,0,1,"[4, 3, 5]",7,3,0,0,0,1,0,0,0,0,0,6,24
2024471459266,2024,471459266,475432,106664,-0.92974,50.85458,2,2,1,14:20,-1,E07000225,3,0,1,0,2,19,3,7,0,1,0,0,0,1,0,0,0,6,2
2024471459276,2024,471459276,491036,99950,-0.70978,50.79198,2,2,3,06:40,-1,E07000224,4,0,1,0,2,19,"[1, 5]","[4, 8]",0,0,0,1,0,0,0,0,0,6,11
2024471459309,2024,471459309,529318,139785,-0.15275,51.14273,3,3,5,17:17,-1,E07000226,6,0,1,0,1,19,"[2, 7]","[6, 3]","[0, 1]",0,0,1,1,0,0,0,0,6,20
2024471459389,2024,471459389,548681,113176,0.11296,50.89893,3,3,2,11:30,-1,E07000065,4,0,1,0,2,19,7,3,0,7,9,1,0,0,0,0,0,6,24
2024471459435,2024,471459435,561403,101870,0.28874,50.79393,3,3,4,12:46,-1,E07000061,3,0,1,0,2,"[11, 19]","[4, 3]","[6, 1]",0,0,0,1,1,0,0,0,0,5,8
2024471459453,2024,471459453,528884,106520,-0.17075,50.84386,3,3,1,22:30,-1,E06000043,6,2,1,0,1,"[5, 19]","[2, 8]","[8, 4]",0,"[0, 1]","[0, 2]",1,0,0,0,0,0,6,23
2024471459454,2024,471459454,551800,131138,0.16477,51.05952,3,3,2,12:20,-1,E07000065,6,0,1,0,1,"[19, 2]","[7, 0]","[3, 0]",4,"[3, 0]",0,1,0,0,0,0,0,6,24
2024471459525,2024,471459525,515530,102706,-0.36154,50.81239,3,3,2,17:20,-1,E07000229,3,0,1,0,1,"[19, 10]",3,"[7, 1]",0,0,0,1,0,1,0,0,0,6,24
2024471459584,2024,471459584,534422,131990,-0.08273,51.07151,2,"[3, 2]",1,10:06,-1,E07000228,4,0,1,0,2,"[9, 13]",2,"[8, 6]",0,0,0,1,0,1,0,0,0,6,23
2024471459620,2024,471459620,498025,102889,-0.60987,50.81726,2,2,2,17:10,-1,E07000224,4,2,8,0,2,"[5, 2]","[6, 0]","[2, 0]","[4, 0]",0,0,1,0,0,0,0,1,6,24
2024471459622,2024,471459622,531314,104332,-0.13703,50.82365,3,3,2,17:15,-1,E06000043,3,0,1,0,1,"[9, 3]",2,"[8, 4]",0,0,0,1,1,0,0,0,0,6,24
2024471459635,2024,471459635,552418,105218,0.16275,50.82644,2,2,5,08:25,-1,E07000065,3,0,1,0,2,"[5, 19]","[4, 1]","[8, 5]",0,0,0,1,1,0,0,0,0,6,20
2024471459649,2024,471459649,549772,123306,0.13262,50.98967,3,3,2,08:30,-1,E07000065,3,0,1,0,2,19,"[1, 7]","[5, 3]",0,0,0,1,0,0,0,0,0,6,24
2024471460038,2024,471460038,527385,137232,-0.18127,51.12022,3,3,3,10:50,-1,E07000226,6,0,1,0,1,"[2, 9, 7]","[0, 1, 3]","[0, 7, 5]",0,0,0,1,0,0,0,0,0,6,25
2024471460075,2024,471460075,547303,130053,0.10021,51.05094,1,1,3,07:40,-1,E07000065,4,0,1,0,2,"[19, 2]","[1, 0]","[5, 0]","[10, 0]","[7, 0]",0,1,0,0,0,0,0,6,25
2024471460091,2024,471460091,526213,134742,-0.19888,51.0981,3,3,3,08:25,-1,E07000226,6,0,1,0,1,"[4, 19]","[3, 5]","[7, 1]",0,0,0,1,1,0,0,0,0,6,25
2024471460098,2024,471460098,477429,108413,-0.901,50.87004,3,3,3,15:40,-1,E07000225,4,0,1,0,2,"[13, 9]",8,"[3, 6]",0,0,0,1,0,1,0,0,0,6,25
2024471460113,2024,471460113,519289,119638,-0.30268,50.96382,3,3,3,16:19,-1,E07000227,6,0,8,0,2,"[4, 19]","[-1, 1]","[-1, 5]",0,0,0,1,0,0,0,1,0,6,25
2024471460146,2024,471460146,581835,109321,0.58204,50.85482,3,3,3,19:19,-1,E07000062,3,0,1,0,1,"[19, 9]","[7, 3]","[3, 1]",0,0,0,1,0,0,0,0,0,6,25
2024471460147,2024,471460147,513821,123071,-0.37944,50.99579,3,3,3,18:25,-1,E07000227,3,0,1,0,2,"[9, 13, 4]",3,"[1, 7]",0,0,0,1,0,1,0,0,0,6,25
2024471460187,2024,471460187,561982,99670,0.29598,50.774,3,3,3,21:25,-1,E07000061,3,0,1,0,1,"[5, 19]",1,5,0,0,0,1,0,1,0,0,0,6,25
2024471460194,2024,471460194,538985,117480,-0.0232,50.94002,2,2,6,08:10,-1,E07000063,3,0,1,0,2,"[9, 5]","[1, 7]","[7, 5]",0,0,0,1,0,0,0,0,0,6,21
2024471460200,2024,471460200,521923,125942,-0.26308,51.01993,3,3,3,22:05,-1,E07000227,3,2,1,0,2,19,5,1,0,1,10,1,0,0,0,0,0,6,25
2024471460274,2024,471460274,572830,107148,0.45321,50.83805,3,3,4,06:40,-1,E07000064,4,0,1,0,1,4,"[3, 1]","[7, 5]",0,0,0,1,0,0,0,0,0,6,26