collision_index,collision_year,collision_ref_no,location_easting_osgr,location_northing_osgr,longitude,latitude,casualty_severity,casualty_severity,day_of_week,time,local_authority_district,local_authority_ons_district,first_road_class,light_conditions,weather_conditions,road_surface_conditions,urban_or_rural_area,vehicle_manoeuvre,vehicle_direction_from,vehicle_direction_to,hit_object_in_carriageway,vehicle_leaving_carriageway,hit_object_off_carriageway,is_car,is_cyle,is_mcyle,is_goodsv,is_other,is_pedestrian,month,day
2024471460375,2024,471460375,527049,136365,-0.18638,51.1125,3,3,7,10:00,-1,E07000226,3,0,1,0,1,19,3,7,0,0,0,1,0,0,0,0,1,6,22
2024471460488,2024,471460488,537166,109186,-0.05218,50.86592,3,3,4,10:30,-1,E07000063,3,0,1,0,2,19,7,3,0,0,0,1,0,0,0,0,1,6,26
2024471460584,2024,471460584,559311,109205,0.26227,50.86041,3,3,4,18:20,-1,E07000065,6,0,1,0,1,"[9, 19]","[7, 4]","[3, 8]",0,0,0,1,0,1,0,0,0,6,26
2024471460598,2024,471460598,525302,138106,-0.21072,51.12854,3,3,4,19:10,-1,E07000226,6,0,1,0,1,19,1,5,0,0,0,1,0,0,0,0,1,6,26
2024471460610,2024,471460610,500717,119304,-0.56715,50.96436,3,3,4,17:40,-1,E07000225,3,0,1,0,2,"[4, 9]","[4, 7]","[8, 4]",0,0,0,1,0,0,0,0,0,6,26
2024471460672,2024,471460672,532125,105824,-0.12499,50.83687,3,3,5,03:18,-1,E06000043,3,2,1,0,1,"[19, 12]",6,2,"[0, 10]",0,0,1,0,1,0,0,0,6,27
2024471460673,2024,471460673,493765,102335,-0.67046,50.81299,1,"[1, 2]",4,20:40,-1,E07000224,3,0,1,0,2,19,"[5, 1]","[1, 5]",0,"[0, 7]","[0, 9]",1,0,0,0,0,0,6,26
2024471460680,2024,471460680,481152,105261,-0.8488,50.84119,3,3,4,18:35,-1,E07000225,3,0,1,0,2,"[7, 19]","[2, -1]","[4, -1]",0,0,0,1,1,0,0,0,0,6,26
2024471460809,2024,471460809,533174,107643,-0.10944,50.85298,3,3,5,09:18,-1,E06000043,6,0,1,0,1,"[5, 19]","[5, 1]","[3, 5]",0,0,0,1,0,0,0,0,0,6,27
2024471460925,2024,471460925,529218,105676,-0.1663,50.8362,3,3,4,14:00,-1,E06000043,4,0,1,0,1,"[9, 19]","[1, 5]","[7, 1]",0,0,0,1,0,1,0,0,0,6,26
2024471461075,2024,471461075,530838,105729,-0.14329,50.83631,3,3,5,17:04,-1,E06000043,3,0,1,0,1,"[19, 4]",5,1,0,0,0,1,0,1,0,0,0,6,27
2024471461088,2024,471461088,533930,105389,-0.09953,50.83255,3,3,5,16:40,-1,E06000043,6,0,1,0,2,19,"[1, 5]","[5, 1]",0,0,0,1,0,0,0,0,0,6,27
2024471461097,2024,471461097,483463,112206,-0.81441,50.90331,3,3,4,18:50,-1,E07000225,4,0,1,0,2,"[19, 9]",1,5,0,"[1, 0]","[1, 0]",1,0,0,0,0,0,6,26
2024471461102,2024,471461102,500434,112226,-0.57312,50.90079,3,3,5,20:24,-1,E07000225,3,0,1,0,2,19,5,1,0,1,0,0,0,1,0,0,0,6,27
2024471461111,2024,471461111,555488,96019,0.20241,50.74297,3,3,5,21:50,-1,E07000065,6,2,1,0,2,19,3,7,0,1,10,1,0,0,0,0,0,6,27
2024471461143,2024,471461143,551561,105662,0.15077,50.83066,3,3,5,23:50,-1,E07000065,3,2,1,0,2,19,7,3,0,0,0,0,0,1,0,0,0,6,27
2024471461147,2024,471461147,538185,101948,-0.04044,50.80062,2,2,4,09:30,-1,E06000043,6,0,1,0,1,7,7,2,0,0,0,1,0,0,0,0,1,6,5
2024471461210,2024,471461210,580406,112951,0.56355,50.88787,3,3,6,08:20,-1,E07000062,4,0,1,0,2,"[19, 10]",7,"[3, 5]",0,0,0,1,0,0,0,0,0,6,28
2024471461214,2024,471461214,509689,102802,-0.44438,50.81439,3,3,6,08:50,-1,E07000224,6,0,1,0,1,"[10, 19]",5,"[7, 1]",0,0,0,1,0,0,0,0,0,6,28
2024471461256,2024,471461256,514990,103972,-0.3688,50.82388,3,3,5,15:30,-1,E07000229,6,0,1,0,1,"[3, 19]","[5, 7]","[1, 3]",0,0,0,1,1,0,0,0,0,6,27
2024471461319,2024,471461319,580169,110245,0.55885,50.86364,3,3,6,07:30,-1,E07000062,6,0,1,0,1,"[19, 2]","[5, 0]","[1, 0]",0,0,0,1,0,0,0,0,0,6,28
2024471461329,2024,471461329,513806,118380,-0.38112,50.95362,2,2,3,10:15,-1,E07000227,6,0,1,0,2,"[13, 19]",1,5,0,0,0,1,1,0,0,0,0,6,25
2024471461343,2024,471461343,527042,106660,-0.19685,50.84552,3,3,6,14:50,-1,E06000043,6,0,1,0,1,"[7, 19, 2]","[3, 5, 0]","[5, 1, 0]",0,0,0,1,0,1,0,0,0,6,28
2024471461380,2024,471461380,561352,101864,0.28802,50.79389,2,2,6,14:45,-1,E07000061,3,0,1,0,2,5,4,8,0,0,0,1,0,0,0,0,1,6,28
2024471461408,2024,471461408,580049,110212,0.55713,50.86338,2,"[3, 2]",6,13:33,-1,E07000062,3,0,1,0,1,"[19, 9]",5,"[1, 3]",0,"[7, 0]",0,1,0,1,0,0,0,6,28
2024471461412,2024,471461412,528354,138813,-0.16687,51.13421,3,3,6,17:15,-1,E07000226,6,0,1,0,1,"[7, 19]",1,"[3, 5]",0,"[1, 0]",0,0,0,0,1,0,0,6,28
2024471461479,2024,471461479,527534,135133,-0.17989,51.10132,3,3,6,17:23,-1,E07000226,6,0,1,0,1,19,1,5,0,"[0, 1]",0,1,0,1,0,0,0,6,28
2024471461480,2024,471461480,530874,106606,-0.14247,50.84418,3,3,6,16:25,-1,E06000043,6,0,1,0,1,"[19, 10]",7,"[3, 5]",0,0,0,1,0,0,0,0,0,6,28
2024471461482,2024,471461482,592237,120861,0.73573,50.95511,3,3,6,22:33,-1,E07000064,6,2,1,0,2,"[19, 9]","[1, 5]","[5, 1]",0,0,0,1,0,0,0,0,0,6,28
2024471461578,2024,471461578,591966,119846,0.73134,50.94608,3,3,6,18:45,-1,E07000064,6,0,1,0,2,19,-1,-1,"[6, 0]","[1, 0]","[7, 0]",1,0,0,0,0,0,6,28
2024471461588,2024,471461588,532355,105567,-0.12182,50.83451,2,2,5,14:35,-1,E06000043,6,0,1,0,1,"[2, 19]","[0, 7]","[0, 3]",0,0,0,1,1,0,0,0,0,6,27
2024471461634,2024,471461634,520465,133677,-0.28128,51.08976,3,3,7,11:49,-1,E07000227,6,0,1,0,2,"[7, 19]","[1, 5]","[5, 1]",0,0,0,1,1,0,0,0,0,6,29
2024471461647,2024,471461647,561625,99166,0.2907,50.76957,2,"[3, 2]",7,12:50,-1,E07000061,6,0,1,0,1,"[19, 10]","[4, 8]","[8, 6]",0,"[7, 0]",0,1,0,1,0,0,1,6,29
2024471461653,2024,471461653,517450,131529,-0.32501,51.07108,3,3,2,20:00,-1,E07000227,4,0,8,0,1,"[19, 5]","[4, 7]","[8, 4]","[99, 0]",0,0,1,1,0,0,0,0,6,24
2024471461658,2024,471461658,485469,103979,-0.7878,50.82905,3,3,5,11:00,-1,E07000225,3,0,1,0,1,19,7,3,0,0,0,1,0,0,0,0,0,6,27
2024471461676,2024,471461676,533588,122153,-0.09825,50.98329,3,3,7,12:00,-1,E07000228,4,0,1,0,1,19,"[1, 5]","[5, 1]",0,"[8, 0]","[11, 0]",1,0,0,0,0,0,6,29
2024471461699,2024,471461699,514216,104026,-0.37977,50.82452,3,3,7,18:42,-1,E07000229,6,0,1,0,1,19,5,1,0,0,0,1,0,0,0,0,1,6,29
2024471461723,2024,471461723,559541,106539,0.26437,50.8364,2,"[2, 3]",7,19:30,-1,E07000065,4,0,1,0,2,19,"[3, 8]","[8, 3]",0,"[7, 0]",0,1,0,0,0,0,0,6,29
2024471461795,2024,471461795,539395,138178,-0.00941,51.12593,3,3,1,01:30,-1,E07000228,6,2,1,0,1,19,8,4,0,7,1,1,0,0,0,0,0,6,30
2024471461802,2024,471461802,506127,126907,-0.48791,51.03174,1,1,1,00:36,-1,E07000225,4,2,1,0,2,"[19, 13]","[1, 5]","[5, 1]",0,"[0, 7]","[0, 10]",1,0,1,0,0,0,6,30
2024471461804,2024,471461804,578391,116386,0.53661,50.91936,1,"[3, 2, 1]",7,21:30,-1,E07000064,3,2,1,0,2,"[9, 19]","[3, 1]","[1, 5]",0,0,0,1,0,0,0,0,0,6,29
2024471461870,2024,471461870,507412,123281,-0.47067,50.99891,3,3,1,11:09,-1,E07000227,3,0,1,0,2,"[19, 9]","[6, 8]","[2, 6]",0,0,0,1,0,1,0,0,0,6,30
2024471461893,2024,471461893,524352,105041,-0.23559,50.83156,2,2,1,11:30,-1,E07000223,4,0,1,0,1,"[7, 19]","[1, 7]","[4, 3]",0,0,0,1,1,0,0,0,0,6,30
2024471461902,2024,471461902,511747,109001,-0.41329,50.86972,2,"[3, 2]",1,09:50,-1,E07000224,3,0,1,0,2,"[19, 6]",3,"[7, 3]",0,"[0, 1]",0,1,0,0,0,0,0,6,30
2024471461938,2024,471461938,558716,109796,0.25408,50.86589,3,3,1,14:30,-1,E07000065,4,0,1,0,1,"[19, 2]","[5, 0]","[1, 0]",0,0,0,1,0,0,0,0,0,6,30
2024471461994,2024,471461994,480002,105250,-0.86514,50.84126,2,"[3, 2]",1,00:01,-1,E07000225,3,2,1,0,2,"[19, 7]",7,3,0,"[0, 7]",0,1,0,0,0,0,0,6,30
2024471462014,2024,471462014,526367,133230,-0.19721,51.08448,2,"[2, 3]",1,14:42,-1,E07000228,4,0,1,0,2,19,6,2,0,0,0,1,0,0,0,0,1,6,30
2024471462015,2024,471462015,528644,137050,-0.16336,51.11831,3,3,1,19:50,-1,E07000226,6,0,1,0,1,19,8,5,0,0,0,1,0,0,0,0,0,6,30
2024471462019,2024,471462019,583522,127036,0.6149,51.01342,3,3,1,21:44,-1,E07000064,3,2,1,0,2,19,"[5, 1]","[1, 5]",0,0,0,1,0,0,0,0,0,6,30
2024471462031,2024,471462031,530099,138334,-0.14212,51.12952,3,3,4,10:35,-1,E07000226,1,0,1,0,1,"[4, 19]",5,1,0,0,0,1,0,0,0,0,0,6,26
2024471462050,2024,471462050,524259,134538,-0.22684,51.09669,3,3,6,07:23,-1,E07000227,3,0,1,0,2,19,7,3,11,0,0,1,0,0,0,0,0,6,28
2024471462235,2024,471462235,530275,104429,-0.15174,50.82475,3,3,7,15:05,-1,E06000043,4,0,1,0,1,"[4, 19]",3,7,0,0,0,1,1,0,0,0,0,6,22
2024471462287,2024,471462287,591545,118148,0.72446,50.93097,2,2,2,11:29,-1,E07000064,3,0,1,0,2,19,1,1,0,0,0,0,0,1,0,0,0,7,1
2024471462346,2024,471462346,530042,104661,-0.15497,50.82689,2,2,2,16:15,-1,E06000043,6,0,1,0,1,19,"[7, 5]","[3, 1]",0,0,0,1,0,0,0,0,0,7,1
2024471462351,2024,471462351,514718,103535,-0.3728,50.82001,3,3,2,12:15,-1,E07000229,3,0,1,0,1,"[19, 4]","[1, 3]",5,0,0,0,1,0,0,1,0,0,7,1
2024471462408,2024,471462408,530917,105671,-0.14219,50.83577,3,3,6,15:31,-1,E06000043,6,0,8,0,1,"[9, 19]","[2, 8]","[8, 4]",0,0,0,1,1,0,0,0,0,6,28
2024471462433,2024,471462433,517908,135636,-0.31714,51.1079,2,"[3, 2]",1,18:50,-1,E07000227,6,0,1,0,2,19,"[7, 2]","[2, 7]",0,0,0,1,1,0,0,0,0,6,30
2024471462446,2024,471462446,477210,108617,-0.90407,50.87191,3,3,2,17:15,-1,E07000225,6,0,1,0,2,19,3,7,0,0,0,1,0,0,0,0,1,7,1
2024471462450,2024,471462450,580465,109862,0.56287,50.86011,3,3,2,23:37,-1,E07000062,3,2,2,1,1,"[19, 9]","[5, -1]","[1, -1]","[0, -1]","[0, -1]",0,1,0,1,0,0,0,7,1
2024471462474,2024,471462474,521619,122471,-0.26857,50.9888,3,3,3,05:25,-1,E07000227,3,0,1,0,2,19,5,1,11,1,3,1,0,0,0,0,0,7,2
2024471462622,2024,471462622,511802,113061,-0.41127,50.9062,2,2,1,08:59,-1,E07000227,3,0,1,0,2,"[19, 12]",6,2,0,0,0,1,1,0,0,0,0,6,30
2024471462679,2024,471462679,506984,124449,-0.47642,51.00949,3,3,3,12:05,-1,E07000227,4,0,1,0,2,19,5,1,0,1,4,0,0,1,0,0,0,7,2
2024471462763,2024,471462763,530950,104673,-0.14208,50.82679,3,3,1,20:00,-1,E06000043,3,0,1,0,1,3,5,1,0,0,0,0,0,0,1,0,0,6,30
2024471462788,2024,471462788,513338,102391,-0.39273,50.80999,3,3,3,16:00,-1,E07000229,6,0,1,0,1,19,"[1, 7]","[5, 3]",0,0,0,1,0,0,0,0,0,7,2
2024471462874,2024,471462874,502838,106184,-0.54064,50.84605,3,3,3,18:01,-1,E07000224,3,0,1,0,2,19,7,3,"[6, 0]",0,0,1,0,0,0,0,0,7,2
2024471462876,2024,471462876,540722,101069,-0.0048,50.79211,3,3,4,00:15,-1,E07000063,3,2,1,0,1,19,3,7,0,0,0,1,0,0,0,0,0,7,3
2024471462878,2024,471462878,525892,105035,-0.21373,50.83117,2,2,2,16:00,-1,E06000043,3,0,2,0,1,"[9, 19]","[3, 1]","[1, 5]",0,0,0,1,0,1,0,0,0,7,1
2024471463000,2024,471463000,533591,108150,-0.10333,50.85744,3,3,3,13:00,-1,E06000043,3,0,1,0,1,3,7,3,99,0,0,1,0,0,0,0,0,7,2
2024471463003,2024,471463003,573677,109694,0.46643,50.86067,3,3,2,21:30,-1,E07000064,6,2,1,0,1,19,"[2, 6]","[6, 2]",0,0,0,0,0,1,0,0,0,7,1
2024471463077,2024,471463077,531384,104252,-0.13607,50.82291,2,2,4,12:00,-1,E06000043,6,0,2,1,1,9,5,3,0,0,0,1,0,0,0,0,1,7,3
2024471463111,2024,471463111,563958,104530,0.32615,50.81711,2,2,6,20:00,-1,E07000065,4,0,1,0,2,"[2, 3]",3,7,0,0,0,1,0,1,0,0,0,6,28
2024471463185,2024,471463185,580148,111576,0.55921,50.8756,2,2,4,15:54,-1,E07000062,3,0,1,0,1,"[3, 5]",7,3,0,0,0,1,0,0,0,0,0,7,3
2024471463192,2024,471463192,567432,107976,0.37699,50.84708,2,2,4,13:10,-1,E07000065,3,0,2,1,2,"[19, 9]",2,"[4, 6]",0,0,0,1,0,1,0,0,0,7,3
2024471463220,2024,471463220,485908,105383,-0.78124,50.84161,3,3,4,15:45,-1,E07000225,4,0,1,0,1,4,4,8,0,0,0,1,0,0,0,0,0,7,3
2024471463234,2024,471463234,528352,105964,-0.17849,50.83898,3,3,4,18:00,-1,E06000043,3,0,1,0,1,"[3, 4]","[7, 3]","[3, 7]",0,0,0,1,0,0,0,0,0,7,3
2024471463259,2024,471463259,516229,102797,-0.35159,50.81307,2,2,1,08:00,-1,E07000229,3,0,1,0,2,"[19, 3]","[2, 5]","[7, 1]",0,0,0,0,1,0,0,0,0,6,16
2024471463285,2024,471463285,510582,103537,-0.43149,50.82083,3,3,4,19:50,-1,E07000229,6,0,1,0,1,"[2, 15, 20]","[0, 6, 2]","[0, 2, 6]","[0, 4]",0,0,1,0,0,0,0,0,7,3
2024471463378,2024,471463378,510927,103006,-0.42675,50.81599,3,3,5,07:42,-1,E07000229,3,0,1,0,1,"[19, 10]",7,3,0,0,0,1,0,0,0,0,0,7,4
2024471463384,2024,471463384,527367,137008,-0.18161,51.11821,3,3,5,06:30,-1,E07000226,6,0,1,0,1,19,"[7, 5]","[-1, 1]",0,0,0,1,1,0,0,0,0,7,4
2024471463429,2024,471463429,493716,100064,-0.67174,50.79258,3,3,6,15:40,-1,E07000224,6,0,1,0,1,19,2,4,0,0,0,1,0,0,0,0,1,6,21
2024471463468,2024,471463468,511984,113358,-0.40859,50.90884,3,3,6,07:37,-1,E07000227,3,0,1,0,2,3,-1,-1,0,0,0,1,0,0,0,0,0,6,28
2024471463518,2024,471463518,504934,129411,-0.5042,51.05447,3,3,5,12:05,-1,E07000225,4,0,1,0,2,19,1,5,0,2,0,1,0,0,0,0,0,7,4
2024471463582,2024,471463582,569943,114483,0.41565,50.90481,2,"[3, 2]",5,14:00,-1,E07000064,3,0,1,0,2,19,2,6,0,1,11,1,0,0,0,0,0,7,4
2024471463642,2024,471463642,541148,101333,0.00134,50.79438,3,3,4,08:50,-1,E07000063,6,0,1,0,1,"[19, 9]","[7, 1]","[3, 7]",0,0,0,1,0,0,0,0,0,7,3
2024471463725,2024,471463725,529176,110478,-0.16521,50.87937,2,2,5,13:23,-1,E06000043,3,0,1,0,2,"[19, 11]",5,1,0,"[7, 0]",0,1,0,1,0,0,0,7,4
2024471463770,2024,471463770,528157,137818,-0.17004,51.12532,3,3,5,16:25,-1,E07000226,3,0,1,0,1,-1,-1,-1,-1,-1,0,1,0,0,0,0,0,7,4
2024471463795,2024,471463795,530628,108860,-0.14516,50.8645,2,2,6,08:15,-1,E06000043,6,0,5,1,1,"[19, 14]","[6, 2]","[2, 6]",0,0,0,1,0,0,0,0,0,7,5
2024471463861,2024,471463861,511690,103233,-0.41586,50.81788,3,3,6,06:07,-1,E07000229,6,0,1,0,1,19,"[5, 3]","[1, 7]",0,0,0,1,1,0,0,0,0,7,5
2024471463918,2024,471463918,529609,104849,-0.16105,50.82868,3,3,6,13:12,-1,E06000043,6,0,1,0,1,"[2, 19]",-1,-1,0,0,0,1,0,0,0,0,0,7,5
2024471463954,2024,471463954,581936,109852,0.58374,50.85956,2,"[3, 2]",5,20:11,-1,E07000062,3,0,1,0,1,19,5,1,0,0,0,0,0,1,0,0,1,7,4
2024471463979,2024,471463979,493270,101229,-0.67777,50.80312,3,3,5,17:18,-1,E07000224,6,0,1,0,1,"[3, 14]","[7, 1]","[3, 5]",0,0,0,1,1,0,0,0,0,7,4
2024471463983,2024,471463983,571830,109307,0.44003,50.85775,3,3,6,15:29,-1,E07000064,6,0,1,1,2,19,7,3,10,0,0,1,0,0,0,0,0,7,5
2024471464037,2024,471464037,518647,103850,-0.31694,50.82205,2,2,5,18:20,-1,E07000223,3,0,4,0,1,"[19, 9]","[7, 3]","[3, 1]",0,0,0,1,1,0,0,0,0,7,4
2024471464064,2024,471464064,538782,109281,-0.0292,50.86638,3,3,6,17:55,-1,E07000063,3,0,2,1,2,"[19, 12]","[3, 4]","[7, 1]","[4, 0]",0,0,1,0,0,0,0,0,7,5
2024471464137,2024,471464137,583681,111193,0.60918,50.87105,3,3,7,03:47,-1,E07000062,6,2,5,1,1,19,1,5,10,7,4,1,0,0,0,0,0,7,6
2024471464194,2024,471464194,530390,141668,-0.13676,51.15941,3,3,7,09:40,-1,E07000226,1,0,1,0,2,19,4,8,0,5,7,1,0,0,0,0,0,7,6
2024471464212,2024,471464212,579862,113405,0.55605,50.89212,1,1,7,08:50,-1,E07000062,3,0,1,0,2,"[19, 9]","[1, 6]","[6, 3]",0,0,0,1,1,0,0,0,0,7,6
2024471464285,2024,471464285,486964,104124,-0.76655,50.83013,3,3,7,13:05,-1,E07000225,4,0,1,0,1,"[19, 3]",1,5,0,0,0,1,0,0,0,0,0,7,6
2024471464311,2024,471464311,518123,130689,-0.31568,51.06339,3,3,7,15:10,-1,E07000227,4,0,2,1,1,"[19, 7]","[4, 6]",8,0,0,0,1,0,1,0,0,0,7,6
2024471464315,2024,471464315,508703,124819,-0.45182,51.01249,3,3,5,07:20,-1,E07000227,6,0,1,0,2,"[19, 9]","[5, 8]","[1, 5]",0,"[1, 0]",0,1,0,0,0,0,0,7,4
2024471464329,2024,471464329,530021,105229,-0.15506,50.832,3,3,7,17:10,-1,E06000043,6,0,4,0,1,"[19, 20]","[1, 6]","[6, 3]",0,0,0,1,0,0,0,0,0,7,6
2024471464358,2024,471464358,576055,108087,0.49942,50.84552,3,3,7,19:39,-1,E07000064,3,0,1,0,1,19,7,3,0,0,0,0,0,1,0,0,1,7,6
2024471464393,2024,471464393,561097,102095,0.2845,50.79603,2,2,7,20:45,-1,E07000061,6,0,4,0,1,19,4,8,0,0,0,1,0,0,0,0,1,7,6
2024471464403,2024,471464403,516485,122751,-0.3416,50.99238,2,2,5,11:35,-1,E07000227,3,0,1,0,2,"[10, 19]","[7, 3]","[5, 7]",0,0,0,1,0,0,0,0,0,7,4
2024471464429,2024,471464429,511561,129311,-0.40971,51.05232,3,3,1,01:35,-1,E07000227,3,2,1,0,2,19,7,3,0,1,4,1,0,0,0,0,0,7,7
2024471464475,2024,471464475,574785,109808,0.48222,50.86136,2,2,1,06:50,-1,E07000064,3,0,2,1,2,19,"[5, 1]","[1, 5]",0,"[7, 0]","[11, 0]",1,0,0,0,0,0,7,7
2024471464508,2024,471464508,529771,109161,-0.15722,50.8674,2,2,7,07:00,-1,E06000043,6,0,1,0,2,"[19, 13]",3,"[2, 7]",0,0,0,1,0,1,0,0,0,7,6
2024471464518,2024,471464518,580512,109814,0.56351,50.85966,3,3,1,12:28,-1,E07000062,3,0,2,1,1,"[7, 19]","[6, 4]",8,0,"[1, 0]",0,1,1,0,0,0,0,7,7
2024471464525,2024,471464525,523320,104971,-0.25026,50.83115,2,2,1,09:25,-1,E07000223,3,0,8,1,1,19,3,7,0,0,0,1,0,0,0,0,0,7,7
2024471464544,2024,471464544,526150,133231,-0.20031,51.08454,3,3,1,12:45,-1,E07000228,1,0,1,1,2,19,5,1,0,"[1, 0]","[7, 0]",1,0,0,0,0,0,7,7
2024471464617,2024,471464617,555979,135966,0.22644,51.10178,3,3,1,16:20,-1,E07000065,3,0,1,0,2,"[4, 19]",2,6,0,0,0,1,0,0,0,0,0,7,7
2024471464805,2024,471464805,526439,105511,-0.2058,50.83533,3,3,6,12:00,-1,E06000043,6,0,2,0,1,19,3,6,0,0,0,1,0,0,0,0,1,7,5
2024471464843,2024,471464843,581427,109252,0.57622,50.85433,3,3,5,16:25,-1,E07000062,3,0,1,0,1,"[7, 19]","[1, 6]",2,0,0,0,1,1,0,0,0,0,7,4
2024471464876,2024,471464876,514339,131179,-0.36951,51.06856,3,3,2,08:15,-1,E07000227,3,0,1,0,2,19,6,2,0,7,1,1,0,0,0,0,0,7,8
2024471464885,2024,471464885,576294,108095,0.50281,50.84552,3,3,3,16:50,-1,E07000064,3,0,1,1,1,"[9, 3]",7,4,0,0,0,1,0,1,0,0,0,6,11
2024471464935,2024,471464935,533401,123388,-0.10046,50.99444,2,2,2,11:50,-1,E07000228,4,0,1,0,1,5,1,4,0,7,0,1,0,0,0,0,1,7,8
2024471464956,2024,471464956,512038,113476,-0.40779,50.90989,2,2,1,14:05,-1,E07000227,3,0,1,0,2,"[13, 19]","[6, 7]","[2, 4]",0,0,0,1,0,1,0,0,0,7,7
2024471465024,2024,471465024,532827,123937,-0.10844,50.9995,2,2,2,18:40,-1,E07000228,4,0,2,1,1,"[14, 6]",3,7,0,0,0,1,0,1,0,0,0,7,8
2024471465027,2024,471465027,574272,109003,0.47455,50.85429,3,3,2,17:28,-1,E07000064,3,0,2,1,1,"[4, 19]",6,2,0,"[1, 0]",0,1,0,1,0,0,0,7,8
2024471465040,2024,471465040,530259,119208,-0.14671,50.95759,2,2,2,18:16,-1,E07000228,6,0,8,1,1,19,"[7, 2]","[4, 7]",0,"[7, 1]",0,1,0,0,0,0,0,7,8
2024471465069,2024,471465069,547320,121353,0.09692,50.97276,3,3,2,17:15,-1,E07000065,6,0,1,0,1,"[7, 19]","[4, 2]",6,0,0,0,1,1,0,0,0,0,7,8
2024471465115,2024,471465115,559140,105467,0.25822,50.82687,3,3,6,09:00,-1,E07000065,3,0,5,1,2,"[19, 2]",3,7,0,"[0, 1]",0,1,0,0,0,0,0,7,5
2024471465254,2024,471465254,515465,103179,-0.36231,50.81666,3,3,2,16:00,-1,E07000229,6,0,1,0,1,"[19, 2]","[1, 0]","[5, 0]","[8, 0]",0,0,1,0,0,0,0,1,7,8
2024471465441,2024,471465441,496109,100296,-0.63774,50.79427,3,3,3,11:55,-1,E07000224,4,0,2,1,1,19,"[7, 2]",3,0,0,0,1,0,1,0,0,0,7,9
2024471465486,2024,471465486,526682,106267,-0.20209,50.84207,2,"[3, 2]",3,15:05,-1,E06000043,3,0,2,1,1,"[19, 5]","[1, 3]","[5, 1]",0,0,0,1,0,0,0,0,0,7,9
2024471465487,2024,471465487,511928,108807,-0.41078,50.86794,3,3,3,16:00,-1,E07000224,3,0,2,1,2,19,5,1,0,1,2,1,0,0,0,0,0,7,9
2024471465491,2024,471465491,514601,130589,-0.36595,51.06321,3,3,3,14:12,-1,E07000227,3,0,2,1,2,19,"[3, 5]","[7, 1]",0,0,0,1,0,1,0,0,0,7,9
2024471465505,2024,471465505,517846,130990,-0.31954,51.06616,2,2,2,07:45,-1,E07000227,4,0,1,0,1,19,"[1, 8]",5,0,0,0,1,1,0,0,0,0,7,8
2024471465526,2024,471465526,560966,99711,0.2816,50.77465,3,3,3,15:15,-1,E07000061,6,0,1,0,1,"[19, 5]","[4, 5]","[8, 1]",0,0,0,1,0,0,0,0,0,7,9
2024471465527,2024,471465527,530481,136900,-0.13718,51.11654,3,3,3,18:54,-1,E07000226,1,0,2,1,1,"[19, 4]",1,5,0,0,0,1,0,0,0,0,0,7,9
2024471465538,2024,471465538,532589,123941,-0.11182,50.99959,3,3,3,20:08,-1,E07000228,4,2,2,1,1,"[9, 19]","[1, 7]","[7, 3]",0,0,0,1,0,0,0,0,0,7,9
2024471465553,2024,471465553,507378,123214,-0.47117,50.99831,2,2,2,00:27,-1,E07000227,3,2,1,0,2,19,1,5,10,7,3,1,0,0,0,0,0,7,8
2024471465563,2024,471465563,530304,104948,-0.15115,50.82941,3,3,3,18:42,-1,E06000043,6,0,2,1,1,"[19, 9]","[4, 2]",8,0,0,0,1,0,1,0,0,0,7,9
2024471465570,2024,471465570,526666,112556,-0.20015,50.8986,2,"[2, 3]",3,16:45,-1,E07000228,6,0,8,1,2,19,"[4, 8]","[8, 4]",0,0,0,1,0,0,0,0,0,7,9
2024471465580,2024,471465580,497439,100832,-0.61873,50.79887,2,2,1,19:20,-1,E07000224,4,0,1,0,1,19,5,1,0,0,0,1,0,0,0,0,1,6,16
2024471465738,2024,471465738,547020,100153,0.08413,50.78232,3,3,4,08:00,-1,E07000063,3,0,1,0,1,"[19, 9]","[7, 1]","[3, 7]",0,0,0,1,0,0,0,0,0,7,10
2024471465767,2024,471465767,561955,99586,0.29556,50.77325,3,3,4,10:35,-1,E07000061,3,0,8,0,1,19,8,5,0,0,0,1,0,0,0,0,1,7,10
2024471466053,2024,471466053,513211,103291,-0.39426,50.81811,3,3,4,10:50,-1,E07000229,6,0,1,1,1,"[9, 19]","[8, -1]","[7, -1]",0,0,0,1,0,1,0,0,0,7,10
2024471466084,2024,471466084,529314,107300,-0.16437,50.85077,2,"[2, 3]",1,18:50,-1,E06000043,6,0,1,0,1,"[19, 9]","[2, 8]","[6, 7]",0,"[1, 0]","[1, 0]",1,0,0,0,0,0,7,7
2024471466162,2024,471466162,579322,112135,0.54776,50.88088,3,3,4,18:30,-1,E07000062,4,0,1,0,1,"[5, 19]","[1, 4]","[5, 8]",0,0,0,1,1,0,0,0,0,7,10
2024471466197,2024,471466197,529824,105184,-0.15788,50.83164,1,1,5,00:17,-1,E06000043,4,2,1,0,1,19,7,3,0,0,0,1,0,0,0,0,1,7,11
2024471466199,2024,471466199,489111,123139,-0.73143,51.00075,2,2,5,19:25,-1,E07000225,3,0,1,0,2,19,4,1,0,0,0,0,0,0,0,1,1,7,4
2024471466200,2024,471466200,551621,131048,0.16218,51.05876,3,3,5,15:43,-1,E07000065,6,0,1,0,1,5,1,5,0,0,0,1,0,0,0,0,1,5,16
2024471466252,2024,471466252,506493,103196,-0.48961,50.81853,2,2,1,00:11,-1,E07000224,3,2,1,0,2,19,7,3,0,7,4,1,0,0,0,0,0,7,7
2024471466274,2024,471466274,532262,123921,-0.11649,50.99949,3,3,5,08:10,-1,E07000228,4,0,2,0,1,4,7,3,0,0,0,1,0,0,0,0,0,7,11