collision_index,collision_year,collision_ref_no,location_easting_osgr,location_northing_osgr,longitude,latitude,casualty_severity,casualty_severity,day_of_week,time,local_authority_district,local_authority_ons_district,first_road_class,light_conditions,weather_conditions,road_surface_conditions,urban_or_rural_area,vehicle_manoeuvre,vehicle_direction_from,vehicle_direction_to,hit_object_in_carriageway,vehicle_leaving_carriageway,hit_object_off_carriageway,is_car,is_cyle,is_mcyle,is_goodsv,is_other,is_pedestrian,month,day
2024471466290,2024,471466290,527805,105339,-0.18648,50.83348,3,3,4,15:30,-1,E06000043,6,0,1,0,1,3,3,7,0,0,0,1,0,0,0,0,1,7,3
2024471466295,2024,471466295,512600,129768,-0.39475,51.05622,3,3,3,12:00,-1,E07000227,3,0,1,0,2,"[13, 9]",2,6,0,"[7, 0]","[4, 0]",1,0,0,0,1,0,7,2
2024471466399,2024,471466399,541564,100869,0.00706,50.79011,3,3,7,22:30,-1,E07000063,3,2,1,0,1,19,7,3,0,0,0,1,1,0,0,0,0,7,6
2024471466400,2024,471466400,510390,123810,-0.42809,51.0031,3,3,5,09:45,-1,E07000227,6,0,1,0,2,19,"[2, 6]","[6, 2]",0,"[1, 0]","[3, 0]",1,0,0,0,0,0,7,11
2024471466462,2024,471466462,525644,137912,-0.2059,51.12672,3,3,3,19:24,-1,E07000226,6,0,2,1,1,19,4,8,0,0,0,1,0,0,0,0,0,7,9
2024471466484,2024,471466484,545072,102913,0.05761,50.80761,2,2,2,08:10,-1,E07000063,6,0,1,0,1,5,1,5,0,0,0,1,0,0,0,0,1,7,8
2024471466485,2024,471466485,545084,101682,0.05729,50.79655,3,3,5,12:15,-1,E07000063,3,0,8,0,1,"[7, 19]","[7, 3]","[3, 7]",0,0,0,1,0,0,0,0,0,7,11
2024471466555,2024,471466555,532132,103696,-0.12566,50.81775,3,3,4,12:30,-1,E06000043,6,0,1,0,1,"[5, 19]","[1, 7]","[5, 3]",0,0,0,1,1,0,0,0,0,7,10
2024471466559,2024,471466559,528473,139848,-0.1648,51.14349,3,3,5,17:10,-1,E07000226,6,0,1,0,2,5,1,5,0,0,0,0,0,1,0,0,0,7,11
2024471466570,2024,471466570,540099,110829,-0.0099,50.87998,3,3,5,14:29,-1,E07000063,6,0,1,0,1,"[2, 14]","[2, 6]","[6, 8]","[0, 4]","[0, 1]",0,1,0,0,0,0,1,7,11
2024471466643,2024,471466643,488994,107666,-0.73687,50.86166,3,3,5,19:04,-1,E07000225,6,0,1,0,2,9,6,3,0,0,0,1,0,0,0,0,1,7,11
2024471466700,2024,471466700,583135,111759,0.60171,50.87631,3,3,2,15:21,-1,E07000062,4,0,1,1,1,-1,-1,-1,-1,-1,0,1,0,0,1,0,0,7,8
2024471466715,2024,471466715,528552,141672,-0.16302,51.15987,2,2,2,03:30,-1,E07000226,3,2,1,0,1,19,8,3,0,0,0,1,0,0,0,0,0,7,8
2024471466811,2024,471466811,523160,134569,-0.24252,51.09721,3,3,6,09:20,-1,E07000227,3,0,1,0,2,"[4, 5]",6,3,0,0,0,1,0,0,0,0,0,7,12
2024471466847,2024,471466847,560055,97688,0.26781,50.75672,2,2,6,11:15,-1,E07000061,6,0,1,0,1,1,4,8,0,0,0,1,0,0,0,0,1,7,12
2024471466886,2024,471466886,528214,137888,-0.1692,51.12593,2,"[3, 2]",5,21:00,-1,E07000226,3,2,9,0,1,"[7, 19]",4,7,0,0,0,1,0,0,0,0,0,7,11
2024471466982,2024,471466982,480165,126165,-0.85823,51.02927,3,3,3,14:30,-1,E07000225,6,0,8,2,2,19,"[5, 3]","[1, 7]",0,"[1, 0]","[4, 0]",1,0,0,0,0,0,1,16
2024471467047,2024,471467047,513405,102404,-0.39178,50.8101,3,3,5,13:35,-1,E07000229,6,0,1,0,1,"[2, 19]","[0, 3, 7]","[0, 3]",0,0,0,1,1,0,0,0,0,7,11
2024471467064,2024,471467064,531518,104946,-0.13392,50.82912,3,3,5,09:31,-1,E06000043,3,0,1,0,1,19,"[1, 7]","[5, 3]",0,0,0,1,1,0,0,0,0,7,11
2024471467130,2024,471467130,564904,104908,0.33974,50.82024,3,3,6,16:57,-1,E07000065,3,0,1,0,2,19,"[5, 1]","[1, 5]",0,"[0, 7]",0,1,0,0,0,0,0,7,12
2024471467173,2024,471467173,489810,103341,-0.72634,50.82266,3,3,7,00:30,-1,E07000225,3,2,1,0,2,19,1,5,0,0,0,1,0,0,0,0,0,7,13
2024471467175,2024,471467175,490733,104345,-0.71299,50.83154,3,3,5,16:10,-1,E07000225,6,0,1,0,2,19,1,5,0,0,0,1,0,0,0,0,0,7,11
2024471467188,2024,471467188,529046,104710,-0.16908,50.82755,3,3,6,13:12,-1,E06000043,4,0,1,0,1,4,7,3,0,0,0,0,0,1,1,0,0,7,12
2024471467199,2024,471467199,513069,105036,-0.39573,50.83382,3,3,7,05:20,-1,E07000229,6,0,1,0,1,"[2, 19]","[0, 7]","[0, 3]","[0, 4]",0,0,1,0,0,0,0,0,7,13
2024471467221,2024,471467221,526469,133453,-0.19568,51.08646,3,3,7,08:40,-1,E07000226,1,0,1,0,2,4,1,5,0,0,0,1,0,0,0,0,0,7,13
2024471467260,2024,471467260,533321,118061,-0.10355,50.94658,2,2,7,11:47,-1,E07000063,4,0,1,0,2,"[5, 19]","[1, 7]","[5, 3]",0,0,0,1,1,0,0,0,0,7,13
2024471467277,2024,471467277,494007,109423,-0.66521,50.87667,2,"[3, 2]",7,07:30,-1,E07000225,6,0,1,1,2,19,"[5, 8]","[8, 5]",0,0,0,1,0,0,0,0,0,6,22
2024471467321,2024,471467321,507977,103219,-0.46855,50.81846,3,3,7,15:50,-1,E07000224,3,0,1,0,2,7,7,3,0,0,0,0,0,1,0,0,0,7,13
2024471467326,2024,471467326,531540,104959,-0.1336,50.82923,3,3,6,21:30,-1,E06000043,3,0,1,0,1,"[19, 3]",2,5,0,0,0,1,0,1,0,0,0,7,12
2024471467336,2024,471467336,480926,104346,-0.85222,50.833,3,3,7,14:12,-1,E07000225,6,0,1,0,2,1,3,7,0,0,0,1,0,0,0,0,1,7,13
2024471467344,2024,471467344,487189,102355,-0.76377,50.81419,3,3,7,06:57,-1,E07000225,4,0,1,0,2,19,"[3, 7]","[7, 3]",0,0,0,1,0,0,0,0,0,7,13
2024471467362,2024,471467362,587575,118835,0.66838,50.93845,3,3,7,16:25,-1,E07000064,4,0,1,0,2,"[19, 9]","[7, 1]","[3, 7]",0,0,0,1,0,1,0,0,0,7,13
2024471467367,2024,471467367,532509,104972,-0.11985,50.82913,2,2,6,20:08,-1,E06000043,6,0,1,0,1,"[2, 5, 19]","[7, 1, 3]","[3, 1, 7]","[0, 4]",0,0,1,0,1,0,0,0,7,12
2024471467374,2024,471467374,531794,109156,-0.12849,50.86689,3,3,7,18:10,-1,E06000043,6,0,1,0,2,"[9, 19]","[3, 2]","[1, 6]",0,0,0,1,0,0,0,0,0,7,13
2024471467488,2024,471467488,515340,129224,-0.35585,51.05079,2,2,7,22:45,-1,E07000227,3,2,1,0,2,19,8,4,0,6,0,1,0,0,0,0,0,7,13
2024471467528,2024,471467528,552209,112730,0.1629,50.894,2,2,1,10:15,-1,E07000065,4,0,1,0,2,19,7,3,0,1,0,0,1,0,0,0,0,7,14
2024471467568,2024,471467568,504703,105869,-0.51425,50.84288,2,2,1,11:42,-1,E07000224,6,0,1,0,2,"[5, 19]",3,"[1, 7]",0,0,0,1,0,1,0,0,0,7,14
2024471467629,2024,471467629,531365,103887,-0.13647,50.81964,2,"[2, 3]",1,16:15,-1,E06000043,3,0,1,0,1,"[9, 5]","[8, 2]","[3, 7]",0,0,0,0,0,1,1,0,0,7,14
2024471467642,2024,471467642,581211,110062,0.57355,50.86167,3,3,1,16:10,-1,E07000062,6,0,1,0,1,"[2, 19]","[0, 4]","[0, 8]","[0, 4]",0,0,1,0,0,0,0,0,7,14
2024471467657,2024,471467657,493084,106908,-0.67897,50.85421,3,3,1,19:39,-1,E07000224,3,0,1,0,2,11,3,7,0,1,4,1,0,0,0,0,0,7,14
2024471467700,2024,471467700,486468,108017,-0.77267,50.8652,3,3,1,01:01,-1,E07000225,6,2,8,0,2,19,3,7,0,1,4,1,0,0,0,0,0,7,14
2024471467741,2024,471467741,505220,102271,-0.50794,50.81045,3,3,7,10:20,-1,E07000224,6,0,1,0,1,9,7,5,0,0,0,1,0,0,0,0,1,7,13
2024471467778,2024,471467778,529574,104276,-0.16174,50.82354,3,3,2,08:15,-1,E06000043,6,0,1,0,1,"[9, 13]",3,7,0,"[0, 7]",0,1,0,1,0,0,0,7,15
2024471467804,2024,471467804,538971,137413,-0.01576,51.11916,3,3,2,06:30,-1,E07000228,6,0,1,0,1,19,3,7,0,7,1,1,0,0,0,0,0,7,15
2024471467862,2024,471467862,571450,107893,0.43398,50.84516,2,2,2,09:30,-1,E07000064,3,0,1,0,1,"[5, 9]","[2, 8]",5,0,0,0,1,1,0,0,0,0,7,15
2024471467863,2024,471467863,501662,107193,-0.55706,50.85533,3,3,6,18:20,-1,E07000224,6,0,1,0,2,"[19, 2]","[3, 8, 0]","[8, 3, 0]",0,0,0,1,0,0,0,0,0,7,12
2024471467909,2024,471467909,531551,105372,-0.1333,50.83294,3,3,1,14:30,-1,E06000043,3,0,1,0,1,"[9, 19]","[6, 2]","[2, 6]",0,0,0,1,1,0,0,0,0,7,14
2024471467949,2024,471467949,502755,103895,-0.54246,50.82549,3,3,2,12:40,-1,E07000224,3,0,1,1,1,"[4, 3]",8,5,0,0,0,1,0,0,0,0,0,7,15
2024471467959,2024,471467959,574947,108808,0.48404,50.85233,3,3,6,09:01,-1,E07000064,3,0,1,1,1,"[4, 9]","[3, 5]","[7, 3]",0,0,0,1,0,1,0,0,0,7,12
2024471467971,2024,471467971,522605,132696,-0.25107,51.08049,3,3,1,16:10,-1,E07000227,6,0,1,0,2,19,"[3, 7]","[7, 3]","[0, 1]",0,0,1,0,0,0,0,0,7,14
2024471468035,2024,471468035,517002,131591,-0.33138,51.07173,3,3,2,11:03,-1,E07000227,6,0,1,0,1,"[20, 19]",3,7,0,0,0,1,0,0,0,0,0,7,8
2024471468107,2024,471468107,508443,114408,-0.45862,50.91895,3,3,2,22:36,-1,E07000227,3,2,2,1,2,"[6, 19]","[4, -1]","[1, -1]",0,0,0,1,0,0,0,0,0,7,15
2024471468134,2024,471468134,535678,139105,-0.06215,51.13515,2,"[3, 2]",2,23:40,-1,E07000228,6,2,2,1,1,19,8,4,0,7,4,1,0,0,0,0,0,7,15
2024471468246,2024,471468246,544541,100620,0.04917,50.78714,3,3,3,08:40,-1,E07000063,6,0,1,0,1,"[20, 19]","[1, 7]","[5, 3]","[0, 10]","[0, 1]",0,1,0,0,0,0,0,7,16
2024471468259,2024,471468259,528921,106343,-0.17028,50.84226,3,3,2,13:40,-1,E06000043,6,0,1,0,1,19,"[1, 5]","[5, 1]",0,0,0,1,0,1,0,0,0,7,15
2024471468319,2024,471468319,563415,100754,0.31677,50.78334,3,3,3,09:58,-1,E07000061,6,0,1,0,1,"[2, 19]","[0, 2]","[0, 6]",0,"[0, 1]",0,1,0,0,0,0,0,7,16
2024471468373,2024,471468373,514051,102674,-0.38253,50.8124,3,3,3,09:00,-1,E07000229,6,0,1,0,1,19,"[5, 7]","[1, 3]",0,0,0,1,0,0,0,0,0,7,16
2024471468429,2024,471468429,531905,105271,-0.12831,50.83195,2,2,3,08:45,-1,E06000043,6,0,1,0,1,19,8,4,0,0,0,1,0,0,0,0,1,7,16
2024471468438,2024,471468438,531310,105100,-0.13682,50.83055,3,3,3,15:05,-1,E06000043,6,0,1,0,1,9,2,5,0,0,0,1,0,0,0,0,1,7,16
2024471468514,2024,471468514,487822,104139,-0.75437,50.83013,3,3,3,16:13,-1,E07000225,3,0,1,0,2,"[4, 5]",3,6,0,0,0,1,0,0,1,0,0,7,16
2024471468663,2024,471468663,581968,109632,0.58408,50.85757,3,3,4,08:30,-1,E07000062,6,0,1,0,1,"[7, 19]","[1, 5]","[5, 1]",0,0,0,1,0,0,0,0,0,7,17
2024471468736,2024,471468736,528036,117083,-0.17909,50.93899,3,3,4,08:30,-1,E07000228,6,0,1,0,1,"[9, 19]","[1, 3]","[5, 7]",0,0,0,1,0,0,0,0,0,7,3
2024471468877,2024,471468877,547808,99440,0.09501,50.77571,3,3,4,13:30,-1,E07000063,3,0,1,0,1,19,3,7,0,0,0,1,0,0,0,0,0,7,17
2024471468921,2024,471468921,532686,106762,-0.11669,50.84517,2,2,4,10:50,-1,E06000043,6,0,1,0,1,-1,-1,-1,-1,-1,0,0,1,0,0,0,1,7,17
2024471468939,2024,471468939,518134,130102,-0.31572,51.05812,3,3,3,08:30,-1,E07000227,3,0,1,1,1,"[2, 9, 19]","[0, 4, 2]","[0, 2, 8, 6]",0,0,0,1,0,0,0,0,0,7,16
2024471468964,2024,471468964,488173,120978,-0.74532,50.98147,2,2,4,12:55,-1,E07000225,3,0,1,0,2,"[19, 9]","[4, 8]","[8, 5]",0,0,0,1,0,1,0,0,0,7,17
2024471468972,2024,471468972,525773,122422,-0.20943,50.98747,2,"[2, 3]",1,13:49,-1,E07000228,3,0,1,0,2,"[5, 9]","[3, 7]","[7, 5]",0,0,0,1,0,1,0,0,0,7,14
2024471468981,2024,471468981,531365,104304,-0.13632,50.82338,3,3,4,16:30,-1,E06000043,3,0,8,0,1,"[7, -1]","[5, -1]","[7, -1]","[0, -1]","[0, -1]",0,1,1,0,0,0,0,7,17
2024471468994,2024,471468994,560295,102207,0.27318,50.79726,2,"[2, 3]",4,17:35,-1,E07000061,6,0,1,0,1,19,"[6, 3]","[2, 5]",0,0,0,1,0,1,0,0,0,7,17
2024471469001,2024,471469001,528556,108125,-0.17484,50.85836,3,3,4,19:54,-1,E06000043,3,0,1,0,2,19,1,4,0,0,0,1,0,0,0,0,0,7,17
2024471469041,2024,471469041,579176,111924,0.54558,50.87903,3,3,4,17:00,-1,E07000062,6,0,1,0,1,19,4,8,0,0,0,1,0,0,0,0,1,7,17
2024471469163,2024,471469163,538850,138596,-0.01703,51.12982,3,3,1,13:30,-1,E07000228,6,0,8,1,1,"[4, 7]",6,"[8, 5]","[4, 0]",0,0,1,0,0,0,0,0,7,7
2024471469258,2024,471469258,510401,103951,-0.43393,50.82458,3,3,4,16:45,-1,E07000229,6,0,1,0,2,"[4, 19]","[2, 1]",5,0,0,0,1,1,0,0,0,0,7,17
2024471469264,2024,471469264,557294,104784,0.23174,50.82124,3,3,5,10:10,-1,E07000065,3,0,1,0,2,"[19, 4]",7,3,0,0,0,1,0,0,0,0,0,7,18
2024471469322,2024,471469322,579797,111550,0.55421,50.87548,3,3,5,08:35,-1,E07000062,6,0,1,0,1,10,-1,-1,-1,-1,0,1,0,0,0,0,1,7,18
2024471469377,2024,471469377,527341,135979,-0.18234,51.10897,3,3,5,10:57,-1,E07000226,3,0,8,0,1,19,5,1,0,0,0,1,0,0,0,0,0,7,18
2024471469385,2024,471469385,537043,113162,-0.05244,50.90168,3,3,5,13:30,-1,E07000063,4,0,1,0,2,"[13, 19]",7,3,0,"[0, 1]",0,0,1,0,0,1,0,7,18
2024471469398,2024,471469398,533208,104092,-0.11025,50.82106,3,3,5,14:35,-1,E06000043,6,0,1,0,1,"[19, 2]","[5, 0]","[1, 0]","[4, 0]",0,0,1,0,0,0,0,0,7,18
2024471469420,2024,471469420,522578,104787,-0.26085,50.82965,3,3,4,15:15,-1,E07000223,6,0,1,0,1,"[7, 19]","[3, -1]","[5, -1]",0,0,0,1,1,0,0,0,0,7,17
2024471469459,2024,471469459,528441,106578,-0.17702,50.84448,3,3,5,15:03,-1,E06000043,3,0,1,0,1,"[19, 3]","[8, 2]","[4, 6]",0,0,0,1,1,0,0,0,0,7,18
2024471469511,2024,471469511,494799,99427,-0.65654,50.78667,3,3,5,18:00,-1,E07000224,6,0,1,0,1,"[19, 9]","[3, 5]","[7, 2]",0,0,0,1,1,0,0,0,0,7,18
2024471469512,2024,471469512,492048,106999,-0.69366,50.85519,3,3,4,16:10,-1,E07000225,3,0,1,0,2,19,7,3,0,0,0,1,0,0,0,0,0,7,17
2024471469521,2024,471469521,561815,100068,0.29379,50.77762,2,2,5,16:48,-1,E07000061,3,0,1,0,1,"[7, 13]",7,3,0,0,0,1,0,0,0,0,0,7,18
2024471469523,2024,471469523,546290,113165,0.07897,50.89944,2,2,4,16:39,-1,E07000063,4,0,1,0,2,"[19, 9, 13]","[4, 6]",2,0,0,0,1,0,1,1,0,0,7,17
2024471469546,2024,471469546,493642,99559,-0.67292,50.78805,3,3,6,23:23,-1,E07000224,6,2,1,0,1,19,"[1, 5]","[5, 1]",0,"[1, 0]","[4, 0]",1,0,0,0,0,0,7,12
2024471469765,2024,471469765,531731,108078,-0.12977,50.85722,1,1,6,11:10,-1,E06000043,6,0,1,0,2,19,"[1, 2]","[5, 6]",0,0,0,1,0,1,0,0,0,7,19
2024471469805,2024,471469805,554969,104824,0.19877,50.82223,3,3,2,11:25,-1,E07000065,3,0,1,0,2,"[4, 19]",7,3,0,0,0,1,0,0,0,0,0,7,1
2024471469808,2024,471469808,566799,124369,0.3755,50.99455,2,2,6,14:15,-1,E07000064,3,0,1,0,2,19,7,3,0,0,0,0,0,1,0,0,0,7,19
2024471469817,2024,471469817,518876,133429,-0.30404,51.08787,3,3,6,14:00,-1,E07000227,3,0,1,0,2,"[11, 19]","[5, 7]",3,0,0,0,1,0,0,0,1,0,7,19
2024471469845,2024,471469845,542090,111147,0.0185,50.88235,3,3,6,11:25,-1,E07000063,3,0,1,0,1,5,1,5,0,0,0,1,0,1,0,0,0,7,19
2024471469929,2024,471469929,519114,129783,-0.30185,51.05505,3,3,6,15:48,-1,E07000227,6,0,1,0,2,19,"[1, 5]","[5, 1]",0,"[0, 1]",0,1,0,0,0,0,0,7,19
2024471469938,2024,471469938,520614,104610,-0.28878,50.82847,3,3,5,20:29,-1,E07000223,3,0,1,0,2,"[5, 19]","[6, 4]","[2, 1]",0,0,0,1,1,0,0,0,0,7,18
2024471469969,2024,471469969,569939,108226,0.41269,50.84859,3,3,6,23:10,-1,E07000064,6,2,1,0,2,19,5,1,0,0,0,1,0,0,0,0,0,7,19
2024471470010,2024,471470010,528389,136648,-0.16714,51.11475,2,"[2, 3]",6,17:55,-1,E07000226,3,0,1,0,1,19,"[2, 3, 6]","[6, 2]",0,0,0,1,0,0,1,0,0,7,19
2024471470011,2024,471470011,516264,130197,-0.34236,51.05935,3,3,6,19:15,-1,E07000227,6,0,1,0,1,"[19, 7]","[4, 6]",8,0,"[1, 0]",0,1,0,1,0,0,0,7,19
2024471470128,2024,471470128,528913,106198,-0.17045,50.84096,3,3,7,10:25,-1,E06000043,6,0,1,0,1,"[2, 19]","[0, 1]","[0, 5]","[0, 4]",0,0,1,0,0,0,0,1,7,20
2024471470131,2024,471470131,529726,139356,-0.14708,51.13879,2,2,2,02:10,-1,E07000226,4,2,1,0,2,"[99, 19]",-1,-1,0,0,0,1,0,0,0,0,0,7,15
2024471470201,2024,471470201,577678,114024,0.52533,50.89836,2,"[3, 2]",6,14:55,-1,E07000064,3,0,1,0,2,19,"[7, 3]","[3, 7]",0,"[6, 0]","[4, 0]",1,0,0,0,0,0,7,19
2024471470209,2024,471470209,544280,101543,0.04584,50.7955,3,3,7,13:25,-1,E07000063,6,0,1,0,1,"[15, 9]","[1, 3]","[1, 7]",0,"[0, 3]",0,1,0,1,0,0,0,7,20
2024471470259,2024,471470259,542395,132378,0.03114,51.07307,2,2,7,20:30,-1,E07000065,6,2,1,0,2,19,6,2,0,0,0,1,0,0,0,0,0,7,20
2024471470265,2024,471470265,513319,130034,-0.38442,51.05847,3,3,7,17:00,-1,E07000227,3,0,1,0,2,"[19, 9]","[6, 1]","[7, 2]",0,0,0,1,0,0,0,0,0,7,20
2024471470441,2024,471470441,511991,103960,-0.41136,50.82436,2,2,1,13:00,-1,E07000229,6,0,1,0,1,"[5, 19]","[1, 3]","[2, 7]",0,0,0,1,1,0,0,0,0,7,21
2024471470449,2024,471470449,529769,104233,-0.15899,50.82311,3,3,7,21:54,-1,E06000043,3,2,1,1,1,"[19, 9]",3,"[7, 8]",0,0,0,1,0,1,0,0,0,7,20
2024471470470,2024,471470470,502639,102143,-0.5446,50.80976,3,3,7,19:30,-1,E07000224,4,0,1,0,1,19,5,1,0,0,0,1,0,0,0,0,1,7,20
2024471470507,2024,471470507,550780,100952,0.13776,50.78854,2,2,1,18:36,-1,E07000063,6,0,1,0,2,"[13, 19]","[6, 2]","[2, 6]",0,"[6, 0]","[11, 0]",1,0,1,0,0,0,7,21
2024471470513,2024,471470513,529985,105975,-0.15531,50.83871,2,2,1,18:30,-1,E06000043,6,0,1,0,1,"[9, 19]","[4, 8]","[8, 4]",0,0,0,1,0,1,0,0,0,7,21
2024471470541,2024,471470541,518442,104626,-0.3196,50.82906,3,3,3,10:31,-1,E07000223,3,0,1,0,1,"[9, 19]","[7, 5]","[3, 1]",0,0,0,1,0,0,1,0,0,7,16
2024471470544,2024,471470544,483189,114260,-0.81784,50.92181,2,2,1,14:00,-1,E07000225,4,0,1,0,2,"[19, 7]",5,1,0,0,0,0,0,1,0,0,0,7,21
2024471470566,2024,471470566,513451,102854,-0.39099,50.81413,3,3,7,10:15,-1,E07000229,3,0,1,0,1,19,"[3, 1]","[7, 5]",0,0,0,1,0,1,0,0,0,7,13
2024471470570,2024,471470570,557284,118952,0.23769,50.94855,2,"[3, 2]",4,13:00,-1,E07000065,3,0,1,0,2,19,"[5, 1]","[1, 5]",0,"[0, 1]",0,1,0,0,0,0,0,7,3
2024471470583,2024,471470583,563194,101473,0.31396,50.78986,3,3,1,13:50,-1,E07000061,6,0,1,0,1,"[19, 7]","[1, 3]","[5, 7]",0,"[0, 3]",0,1,0,0,0,0,0,7,21
2024471470707,2024,471470707,511420,103292,-0.41967,50.81846,3,3,2,11:45,-1,E07000229,6,0,1,0,1,"[1, 19]","[3, 1]","[7, 5]",0,0,0,1,0,0,0,0,0,7,22
2024471470845,2024,471470845,511905,108949,-0.41106,50.86922,2,"[2, 3]",1,18:05,-1,E07000224,3,0,1,0,2,"[19, 4]","[7, 1]","[3, 7]",0,0,0,1,0,0,0,0,0,7,21
2024471470917,2024,471470917,531626,123990,-0.12552,51.00025,3,3,2,19:05,-1,E07000228,3,2,1,0,2,19,7,3,0,0,0,0,0,1,0,0,0,7,22
2024471470923,2024,471470923,563847,101957,0.32343,50.79402,3,3,2,20:26,-1,E07000061,6,0,1,0,1,19,"[3, 1]","[7, 5]",0,0,0,1,1,0,0,0,0,7,22
2024471470941,2024,471470941,524219,136913,-0.2266,51.11805,2,"[3, 2]",1,17:46,-1,E07000227,6,0,1,0,1,19,"[4, 8]","[8, 4]",0,1,0,1,0,0,0,0,0,7,21
2024471470977,2024,471470977,494910,100060,-0.6548,50.79235,3,3,1,09:30,-1,E07000224,4,0,1,0,1,19,7,3,0,0,0,1,0,0,0,0,1,7,21
2024471471068,2024,471471068,514383,102586,-0.37785,50.81154,3,3,2,08:35,-1,E07000229,6,0,1,0,1,1,3,7,0,0,0,1,0,0,0,0,1,7,22
2024471471095,2024,471471095,488911,103791,-0.73899,50.82684,3,3,3,15:00,-1,E07000225,3,0,1,0,2,"[19, 7]",8,4,0,0,0,1,1,0,0,0,0,7,16
2024471471167,2024,471471167,532133,105817,-0.12488,50.83681,2,2,5,14:15,-1,E06000043,3,0,1,0,1,"[19, 7]",1,"[5, 4]",0,"[1, 0]",0,1,0,0,0,0,0,7,18
2024471471383,2024,471471383,556632,95588,0.21843,50.73879,2,2,3,18:53,-1,E07000061,6,0,1,0,2,9,8,4,0,7,0,1,0,0,0,0,0,7,23
2024471471505,2024,471471505,516554,122702,-0.34063,50.99192,2,2,6,08:46,-1,E07000227,3,0,1,0,2,"[2, 19, 9]","[1, 5]","[5, 1, 7]",0,"[0, 7]",0,1,0,0,0,0,0,7,19
2024471471581,2024,471471581,560356,104646,0.27511,50.81916,3,3,3,14:40,-1,E07000065,3,0,1,0,2,5,5,1,0,0,0,1,0,0,0,0,1,7,23
2024471471616,2024,471471616,524903,106785,-0.22717,50.84711,3,3,2,13:40,-1,E06000043,6,0,1,0,1,19,"[4, 2]","[2, 6]",0,0,0,1,0,0,0,0,0,7,15
2024471471682,2024,471471682,491133,106570,-0.70676,50.85148,3,3,4,13:00,-1,E07000225,6,0,1,0,2,"[5, 19]","[6, 8]","[8, 4]",0,0,0,1,1,0,0,0,0,7,24
2024471471684,2024,471471684,556464,111325,0.22276,50.88024,2,2,4,07:50,-1,E07000065,3,0,1,0,2,"[9, 19]","[6, 4]","[4, 8]",0,0,0,1,0,0,0,0,0,7,24
2024471471703,2024,471471703,531096,104233,-0.14016,50.82281,3,3,4,13:12,-1,E06000043,4,0,1,0,1,"[19, 5]",7,3,0,0,0,0,1,0,1,0,0,7,24
2024471471711,2024,471471711,526553,137690,-0.19299,51.12452,2,2,4,22:30,-1,E07000226,6,2,1,0,1,19,"[-1, 2]","[-1, 6]",0,0,0,1,1,0,0,0,0,7,10
2024471471796,2024,471471796,574031,107407,0.47037,50.84002,2,2,4,16:00,-1,E07000064,6,0,1,0,1,1,3,7,0,0,0,1,0,0,0,0,1,7,24
2024471471850,2024,471471850,562344,100458,0.30146,50.78098,3,3,4,21:50,-1,E07000061,6,2,1,0,1,19,"[8, -1]","[4, -1]",0,0,0,1,1,0,0,0,0,7,24
2024471471856,2024,471471856,512650,102768,-0.40238,50.81352,3,3,4,15:13,-1,E07000229,3,0,1,0,1,"[19, 2, 20]","[3, 0, 7]","[7, 0, 3]",0,"[0, 7]","[0, 2]",1,0,0,0,0,0,7,24
2024471471897,2024,471471897,523258,106546,-0.25061,50.84532,3,3,5,17:09,-1,E07000223,3,0,1,0,1,"[4, 19]",2,6,0,0,0,1,0,0,0,0,0,7,18
2024471471922,2024,471471922,523019,122765,-0.24854,50.99115,3,3,5,06:05,-1,E07000227,3,0,2,1,2,19,"[7, 3]","[3, 7]",0,0,0,1,0,0,0,0,0,7,25
2024471471942,2024,471471942,526911,114873,-0.19586,50.91937,3,3,4,17:30,-1,E07000228,4,0,1,0,2,"[5, 4]",4,7,0,0,0,1,1,0,0,0,0,7,24
2024471472010,2024,471472010,582028,112511,0.58637,50.88341,3,3,4,12:25,-1,E07000062,4,0,1,0,2,"[19, 3]",8,4,0,0,0,1,0,0,0,0,0,7,24
2024471472079,2024,471472079,527285,136408,-0.18299,51.11284,3,3,4,17:43,-1,E07000226,3,0,1,0,1,19,5,1,0,0,0,1,0,0,0,0,1,7,24
2024471472114,2024,471472114,532790,109169,-0.11434,50.86678,3,3,5,13:00,-1,E06000043,6,0,2,1,1,2,"[0, 5]","[0, 5]",0,0,0,1,0,0,0,0,0,7,25
2024471472118,2024,471472118,531540,104209,-0.13387,50.82249,3,3,5,13:50,-1,E06000043,6,0,2,1,1,19,3,7,0,0,0,1,0,0,0,0,1,7,25
2024471472122,2024,471472122,526803,137742,-0.1894,51.12493,3,3,5,14:30,-1,E07000226,3,0,2,1,1,4,6,2,0,0,0,1,0,0,0,0,0,7,25
2024471472141,2024,471472141,580323,108935,0.56039,50.85182,2,2,5,13:40,-1,E07000062,6,0,1,0,1,9,5,7,0,0,0,1,0,0,0,0,1,7,25
2024471472161,2024,471472161,529728,138787,-0.14725,51.13367,3,3,5,17:05,-1,E07000226,4,0,1,0,2,"[19, 8]",6,"[2, 1]",0,0,0,1,0,0,0,0,0,7,25
2024471472182,2024,471472182,559835,103495,0.26722,50.80896,3,3,5,17:00,-1,E07000061,6,0,2,1,1,"[19, 5, 2]","[3, 1, 0]","[7, 3, 0]",0,0,0,1,0,1,0,0,0,7,25
2024471472385,2024,471472385,490649,108091,-0.71326,50.86523,3,3,4,13:40,-1,E07000225,6,0,1,0,2,"[19, 20]","[7, 0]","[3, 0]",0,0,0,1,0,0,0,0,1,7,10