collision_index,collision_year,collision_ref_no,location_easting_osgr,location_northing_osgr,longitude,latitude,casualty_severity,casualty_severity,day_of_week,time,local_authority_district,local_authority_ons_district,first_road_class,light_conditions,weather_conditions,road_surface_conditions,urban_or_rural_area,vehicle_manoeuvre,vehicle_direction_from,vehicle_direction_to,hit_object_in_carriageway,vehicle_leaving_carriageway,hit_object_off_carriageway,is_car,is_cyle,is_mcyle,is_goodsv,is_other,is_pedestrian,month,day
2024471472484,2024,471472484,514294,104993,-0.37836,50.8332,3,3,6,12:50,-1,E07000229,3,0,1,0,1,"[2, 19]","[0, 7]","[0, 3]",0,0,0,1,0,1,0,0,0,7,26
2024471472506,2024,471472506,583965,112092,0.61366,50.87904,3,3,6,14:35,-1,E07000062,3,0,1,0,1,"[4, 19]",5,1,0,0,0,1,0,1,0,0,0,7,26
2024471472509,2024,471472509,531748,120004,-0.12523,50.9644,3,3,6,12:05,-1,E07000228,6,0,1,0,1,19,3,7,0,1,2,1,0,0,0,0,0,7,26
2024471472527,2024,471472527,488205,104157,-0.74892,50.83024,3,3,6,14:30,-1,E07000225,3,0,1,0,2,"[19, 12]",3,7,0,"[1, 0]","[1, 0]",1,0,0,0,1,0,7,26
2024471472538,2024,471472538,528960,105043,-0.17019,50.83057,2,2,6,10:12,-1,E06000043,6,0,1,0,1,"[9, 19]","[7, 3]","[5, 7]",0,0,0,1,0,1,0,0,0,7,26
2024471472556,2024,471472556,567767,124373,0.38929,50.9943,2,2,6,17:00,-1,E07000064,6,0,1,0,2,19,1,5,0,0,0,0,1,0,0,0,0,7,26
2024471472576,2024,471472576,581223,109228,0.57331,50.85417,2,2,6,07:45,-1,E07000062,6,0,1,0,1,"[19, 4]","[7, 3]","[3, 7]",0,0,0,1,0,1,0,0,0,7,26
2024471472598,2024,471472598,558497,110088,0.25109,50.86857,2,2,6,16:40,-1,E07000065,4,0,1,0,1,19,5,1,0,0,0,1,0,0,0,0,1,7,26
2024471472635,2024,471472635,513259,102850,-0.39371,50.81414,3,3,5,08:20,-1,E07000229,3,0,2,1,1,"[9, 5]","[7, 3]","[5, 7]",0,0,0,1,0,1,0,0,0,7,25
2024471472640,2024,471472640,512805,113142,-0.39698,50.90674,3,3,6,20:20,-1,E07000227,3,0,1,0,2,19,"[7, 2]","[2, 7]",0,"[0, 1]","[0, 4]",1,0,0,0,0,0,7,26
2024471472669,2024,471472669,500297,104374,-0.57722,50.83022,3,3,6,21:30,-1,E07000224,6,2,1,0,2,"[19, 2]",1,5,"[4, 0]",0,0,1,0,0,0,0,0,7,26
2024471472709,2024,471472709,579061,118449,0.54714,50.93768,3,3,4,20:50,-1,E07000064,6,2,1,0,2,"[9, 19]","[5, 2]","[1, 7]",0,"[0, 1]",0,1,0,0,0,0,0,7,24
2024471472783,2024,471472783,511315,104832,-0.42069,50.83233,3,3,7,12:15,-1,E07000229,6,0,1,0,1,"[2, 19]","[0, 5]","[0, 1]",0,0,0,1,1,0,0,0,0,7,27
2024471472812,2024,471472812,515065,102880,-0.36808,50.81405,3,3,6,15:00,-1,E07000229,6,0,1,0,1,"[6, 5]","[1, 3]","[4, 5]",0,0,0,1,0,1,0,0,0,7,26
2024471472831,2024,471472831,526918,119323,-0.19421,50.95936,3,3,7,15:25,-1,E07000228,6,0,1,0,2,19,5,1,0,0,0,1,0,0,0,0,1,7,27
2024471472845,2024,471472845,577651,121082,0.52838,50.96177,3,3,7,16:30,-1,E07000064,4,0,1,0,2,"[9, 19]","[3, 1]","[1, 5]",0,"[0, 7]",0,1,0,0,0,0,0,7,27
2024471472854,2024,471472854,516724,110239,-0.3422,50.87987,2,2,5,17:30,-1,E07000227,6,0,1,0,2,19,"[3, 5]","[5, 3]","[0, 99]",0,0,1,0,0,0,0,0,7,25
2024471472866,2024,471472866,514685,103823,-0.37318,50.8226,3,3,7,19:20,-1,E07000229,3,0,1,0,1,"[4, 19]",5,1,0,0,0,1,0,0,0,0,0,7,27
2024471472928,2024,471472928,530860,133405,-0.13303,51.08505,3,3,7,17:45,-1,E07000228,4,0,1,0,2,"[19, 3, 10]",4,"[8, 2]",0,0,0,1,0,0,0,0,0,7,27
2024471472960,2024,471472960,484975,104234,-0.79476,50.83141,3,3,1,04:30,-1,E07000225,3,0,1,0,2,"[2, 11]","[0, 3]","[0, 7]","[0, 4]",0,0,1,0,0,1,0,0,7,28
2024471473042,2024,471473042,549086,119039,0.12111,50.95151,2,2,1,11:10,-1,E07000065,6,0,1,0,2,19,"[3, 1]","[7, 5]",0,0,0,1,0,0,0,0,0,7,28
2024471473079,2024,471473079,534233,125383,-0.08788,51.01217,3,3,1,14:30,-1,E07000228,6,0,1,0,1,"[2, 19]","[0, 1]","[0, 5]","[0, 4]",0,0,1,0,0,0,0,0,7,28
2024471473122,2024,471473122,581294,115667,0.57751,50.912,2,2,1,16:47,-1,E07000064,6,0,1,0,2,"[10, 4]",6,2,0,0,0,1,0,0,0,0,0,7,28
2024471473163,2024,471473163,530913,104187,-0.14278,50.82243,3,3,7,19:30,-1,E06000043,6,0,1,0,1,19,1,5,0,0,0,0,0,1,0,0,1,7,27
2024471473192,2024,471473192,476633,105648,-0.91289,50.84529,3,3,1,19:10,-1,E07000225,3,0,1,0,1,19,7,3,0,0,0,1,0,0,0,0,0,7,28
2024471473193,2024,471473193,526903,120528,-0.194,50.9702,2,2,6,19:20,-1,E07000228,3,0,1,0,2,"[19, 13]",1,5,0,"[1, 0]","[4, 0, 2]",1,0,0,0,0,0,7,26
2024471473194,2024,471473194,518399,104051,-0.3204,50.8239,2,2,1,15:29,-1,E07000223,6,0,1,0,1,19,3,7,0,0,0,1,0,0,0,0,1,7,28
2024471473197,2024,471473197,524228,122704,-0.23134,50.99034,3,3,1,19:55,-1,E07000228,3,0,1,0,2,7,"[4, 5]",7,0,0,0,1,0,0,0,0,0,7,28
2024471473198,2024,471473198,577627,111051,0.52316,50.87167,3,3,1,00:10,-1,E07000062,4,2,1,0,2,19,1,5,0,1,0,1,0,0,0,0,0,7,28
2024471473209,2024,471473209,487530,112986,-0.7564,50.90972,3,3,1,22:08,-1,E07000225,3,2,1,0,2,19,7,2,0,"[8, 1]","[0, 10]",1,0,0,0,0,0,7,28
2024471473217,2024,471473217,523660,118838,-0.24074,50.95571,2,2,1,12:23,-1,E07000228,6,0,1,0,2,19,1,5,0,0,0,0,1,0,0,0,0,7,28
2024471473227,2024,471473227,528328,136064,-0.16822,51.10951,2,2,1,22:50,-1,E07000226,6,2,1,0,1,19,"[7, 1]","[3, 5]",0,0,0,1,1,0,0,0,0,7,28
2024471473256,2024,471473256,494653,114038,-0.65484,50.91805,3,3,7,21:50,-1,E07000225,3,2,1,0,2,"[19, 13]",6,2,0,0,0,1,0,0,0,0,0,7,13
2024471473371,2024,471473371,577408,108564,0.51885,50.84939,2,"[2, 3]",2,11:44,-1,E07000062,3,0,1,0,1,"[7, 19]",2,"[4, 6]",0,"[0, 1]",0,1,0,1,0,0,0,7,29
2024471473372,2024,471473372,579212,108814,0.54457,50.85108,3,3,1,14:55,-1,E07000062,6,0,1,0,1,19,"[3, 7]","[7, 3]",0,0,0,1,0,1,0,0,0,7,28
2024471473448,2024,471473448,531570,104385,-0.13338,50.82407,2,2,2,13:27,-1,E06000043,6,0,1,0,1,"[9, 19]","[3, 7]","[5, 3]",0,"[0, 7]",0,1,1,0,0,0,0,7,29
2024471473504,2024,471473504,543330,105029,0.03373,50.82706,3,3,2,09:05,-1,E07000063,3,0,1,0,2,"[19, 4]",4,1,0,"[0, 7]",0,1,0,0,1,0,0,7,29
2024471473517,2024,471473517,557819,109803,0.24134,50.8662,3,3,2,14:30,-1,E07000065,3,0,1,0,2,"[19, 4]",5,1,0,0,0,1,0,0,0,0,0,7,29
2024471473524,2024,471473524,511882,105220,-0.41253,50.83571,3,3,2,15:07,-1,E07000229,6,0,8,0,1,19,"[5, 3]","[2, 7]",0,0,0,1,1,0,0,0,0,7,29
2024471473529,2024,471473529,531547,104020,-0.13384,50.82079,3,3,2,16:00,-1,E06000043,4,0,1,0,1,19,"[7, 3]","[3, 7]",0,0,0,1,1,0,0,0,0,7,29
2024471473578,2024,471473578,493257,98741,-0.67858,50.78076,3,3,2,19:15,-1,E07000224,6,0,1,0,2,19,7,3,0,0,0,0,0,0,0,0,1,7,29
2024471473597,2024,471473597,547104,132842,0.0985,51.07605,3,3,2,17:55,-1,E07000065,4,0,1,0,2,19,"[2, 5]","[5, 2]",0,"[2, 0]","[9, 0]",1,0,0,0,1,0,7,29
2024471473598,2024,471473598,526749,115298,-0.19801,50.92323,2,2,1,14:40,-1,E07000228,4,0,1,0,2,"[19, 9]","[1, 4]","[5, 1]",0,0,0,1,0,1,0,0,0,7,28
2024471473619,2024,471473619,531435,119866,-0.12973,50.96323,2,2,2,17:25,-1,E07000228,6,0,1,0,1,19,2,6,0,0,0,1,0,0,0,0,1,7,29
2024471473620,2024,471473620,527014,115349,-0.19423,50.92363,3,3,1,18:32,-1,E07000228,3,0,1,0,2,19,1,5,0,0,0,1,0,0,0,0,0,7,28
2024471473638,2024,471473638,512743,115200,-0.39723,50.92525,3,3,2,22:01,-1,E07000227,3,2,1,0,2,19,2,6,0,"[5, 0]","[6, 0]",1,0,0,0,0,0,7,29
2024471473686,2024,471473686,522634,106091,-0.25962,50.84136,3,3,2,13:25,-1,E07000223,6,0,1,0,1,"[19, 2]","[2, 0]","[6, 0]","[4, 0]","[0, 1]",0,1,0,0,0,0,0,7,29
2024471473763,2024,471473763,539249,109420,-0.02251,50.86752,3,3,2,18:25,-1,E07000063,3,0,1,0,2,"[19, 4]",1,5,0,0,0,1,0,0,0,0,0,7,29
2024471473845,2024,471473845,482319,97339,-0.83401,50.76981,3,3,3,09:45,-1,E07000225,6,0,8,0,2,19,"[3, 7]","[7, 3]",0,0,0,1,0,0,0,0,0,7,30
2024471473925,2024,471473925,485435,108617,-0.78721,50.87075,2,2,1,08:37,-1,E07000225,6,0,1,0,2,"[2, 19]","[0, 7]","[0, 3]","[0, 4]",0,0,1,1,0,0,0,0,7,28
2024471473944,2024,471473944,512790,102791,-0.40038,50.8137,3,3,1,13:06,-1,E07000229,3,0,1,0,1,"[9, 19]",3,"[1, 7]",0,0,0,1,1,0,0,0,0,7,28
2024471473983,2024,471473983,488038,107794,-0.75042,50.86296,2,2,2,09:47,-1,E07000225,6,0,1,0,2,"[19, 9]","[1, 3]","[5, 7]",0,0,0,1,0,1,0,0,0,7,29
2024471474091,2024,471474091,538031,120975,-0.03544,50.97166,3,3,3,23:03,-1,E07000063,4,2,1,0,2,19,"[1, 7]","[5, 3]",0,"[3, 7]","[2, 4]",1,0,0,0,0,0,7,30
2024471474095,2024,471474095,487761,104128,-0.75523,50.83005,3,3,2,17:10,-1,E07000225,3,0,8,0,2,"[19, 5]","[5, 7]","[1, 3]",0,0,0,1,0,0,0,0,0,7,29
2024471474098,2024,471474098,485318,99184,-0.79106,50.78596,3,3,3,10:05,-1,E07000225,4,0,1,0,2,19,"[8, 4]","[4, 8]",0,0,0,1,0,0,0,0,0,7,30
2024471474109,2024,471474109,500711,111200,-0.56947,50.89151,2,"[3, 2]",2,17:20,-1,E07000224,4,0,1,0,2,19,"[7, 3]","[3, 7]",0,"[0, 1]",0,1,0,0,0,0,0,7,22
2024471474323,2024,471474323,534406,106415,-0.0924,50.84166,3,3,4,08:05,-1,E06000043,6,0,1,0,1,"[19, 2]","[1, 0]","[5, 0]","[4, 0]",0,0,1,0,0,0,0,0,7,31
2024471474366,2024,471474366,560157,97854,0.26933,50.75819,3,3,4,08:50,-1,E07000061,6,0,1,0,1,"[5, 19]","[1, 7]","[5, 3]",0,0,0,1,0,1,0,0,0,7,31
2024471474449,2024,471474449,556965,111178,0.22981,50.87878,2,"[2, 3]",4,14:00,-1,E07000065,3,0,1,0,2,19,"[3, 7]","[7, 3]",0,"[0, 8]",0,1,0,0,0,0,0,7,31
2024471474477,2024,471474477,525491,136653,-0.20852,51.11544,3,3,4,19:00,-1,E07000226,3,0,1,0,1,"[19, 11]",5,1,0,"[1, 0]",0,1,0,0,0,1,0,7,31
2024471474493,2024,471474493,583105,112108,0.60146,50.87945,3,3,3,13:30,-1,E07000062,6,0,1,0,1,"[19, 2]","[6, 0]","[3, 0]","[4, 0]",0,0,1,0,0,0,1,0,7,30
2024471474498,2024,471474498,509662,121565,-0.43913,50.98306,2,2,4,17:50,-1,E07000227,4,0,1,0,2,"[13, 9]",8,"[4, 6]",0,0,0,1,0,1,0,0,0,7,31
2024471474504,2024,471474504,525325,105885,-0.22149,50.83893,3,3,3,16:04,-1,E06000043,3,0,1,0,1,"[19, 9]","[3, 7]","[7, 5]",0,0,0,1,0,0,0,0,0,7,30
2024471474868,2024,471474868,531348,104045,-0.13665,50.82106,3,3,5,14:44,-1,E06000043,3,0,1,0,1,-1,-1,-1,0,0,0,1,0,0,0,0,1,8,1
2024471474890,2024,471474890,480151,99314,-0.86432,50.78787,2,2,5,16:52,-1,E07000225,6,0,1,0,2,"[19, 4]","[1, 5]","[5, 1]",0,0,0,1,0,0,0,0,0,8,1
2024471475017,2024,471475017,532112,105798,-0.12518,50.83664,2,2,3,09:45,-1,E06000043,3,0,1,0,1,5,5,1,0,0,0,1,0,0,0,0,1,7,16
2024471475050,2024,471475050,493990,101335,-0.66753,50.80396,3,3,6,09:45,-1,E07000224,3,0,1,0,1,"[5, 19]",7,3,0,0,0,1,0,0,0,0,0,8,2
2024471475184,2024,471475184,557861,105615,0.24014,50.82855,3,3,5,14:50,-1,E07000065,3,0,1,0,2,"[5, 12]","[1, 3]","[5, 7]",0,0,0,1,0,0,0,0,0,8,1
2024471475203,2024,471475203,510388,103501,-0.43425,50.82054,3,3,3,10:40,-1,E07000229,3,0,1,0,2,19,1,5,0,4,9,1,0,0,0,0,0,7,16
2024471475212,2024,471475212,523376,105379,-0.24932,50.8348,2,2,6,13:50,-1,E07000223,6,0,1,0,1,"[9, 19]","[1, 7]",3,0,0,0,1,1,0,0,0,0,8,2
2024471475270,2024,471475270,487783,104115,-0.75492,50.82993,2,2,5,16:37,-1,E07000225,3,0,1,0,2,"[7, 19]",3,"[6, 1]",0,0,0,1,0,1,0,0,0,8,1
2024471475318,2024,471475318,558988,106926,0.25669,50.84002,1,"[1, 3]",6,16:01,-1,E07000065,4,0,1,0,2,19,"[8, 4]","[4, 8]",0,"[1, 7]",0,1,0,1,0,0,0,8,2
2024471475319,2024,471475319,551493,131224,0.16043,51.06037,2,"[2, 3]",6,18:24,-1,E07000065,3,0,1,0,1,"[9, 19]","[5, 2]","[3, 6]",0,0,0,1,0,0,0,0,0,8,2
2024471475321,2024,471475321,519189,132384,-0.29992,51.07841,2,2,6,15:25,-1,E07000227,6,0,1,0,1,"[19, 9]","[2, 3]","[6, 1]",0,0,0,1,0,0,0,0,0,8,2
2024471475351,2024,471475351,530046,138633,-0.14277,51.13222,3,3,6,19:15,-1,E07000226,3,0,1,0,1,19,4,"[8, 1]",0,0,0,1,0,0,0,0,0,8,2
2024471475373,2024,471475373,502710,102085,-0.54361,50.80922,3,3,6,20:08,-1,E07000224,6,0,1,0,1,20,5,1,0,0,0,1,0,0,0,0,1,8,2
2024471475390,2024,471475390,531524,104213,-0.1341,50.82253,2,2,6,17:30,-1,E06000043,6,0,1,0,1,"[9, 19]","[7, 3]","[5, 7]","[0, 10]","[0, 1]","[0, 10]",1,1,0,0,0,0,8,2
2024471475417,2024,471475417,545770,108165,0.06959,50.85464,2,2,6,23:50,-1,E07000063,6,2,1,0,2,19,5,1,10,1,0,0,0,1,0,0,0,8,2
2024471475489,2024,471475489,490746,107023,-0.71214,50.85561,3,3,7,10:25,-1,E07000225,6,0,1,0,2,"[3, 19]",8,3,0,0,0,1,0,0,0,0,0,8,3
2024471475490,2024,471475490,490443,111616,-0.71531,50.89695,3,3,7,09:26,-1,E07000225,6,0,1,0,2,19,"[2, 3]",6,0,0,0,1,0,0,0,0,0,8,3
2024471475534,2024,471475534,505743,102091,-0.50058,50.80873,3,3,7,10:43,-1,E07000224,6,0,1,0,1,19,"[7, 1]","[3, 5]",0,0,0,1,0,0,0,0,0,8,3
2024471475638,2024,471475638,557152,121279,0.23681,50.9695,3,3,7,15:40,-1,E07000065,3,0,1,0,2,19,"[6, 4]","[2, 8]",0,0,0,1,0,0,0,0,0,8,3
2024471475654,2024,471475654,530045,138680,-0.14276,51.13264,3,3,3,12:18,-1,E07000226,3,0,1,0,2,"[9, 11]","[3, 4]","[1, 7]",0,0,0,1,0,0,0,0,0,7,30
2024471475668,2024,471475668,532890,123928,-0.10754,50.99941,3,3,6,15:30,-1,E07000228,4,0,1,0,1,19,3,7,0,0,0,1,1,0,0,0,0,8,2
2024471475702,2024,471475702,580897,109502,0.56882,50.85674,3,3,1,06:00,-1,E07000062,3,0,1,0,1,19,"[4, 8]","[8, 4]",0,0,0,1,0,0,0,0,0,8,4
2024471475710,2024,471475710,534889,105659,-0.08582,50.83475,2,2,7,13:32,-1,E06000043,6,0,1,0,1,"[19, 6]",3,"[7, 3]",0,0,0,1,0,1,0,0,0,8,3
2024471475819,2024,471475819,531263,104037,-0.13786,50.82101,3,3,1,12:10,-1,E06000043,3,0,1,0,1,"[4, 19]",5,1,0,"[7, 0]",0,1,0,0,0,1,0,8,4
2024471475846,2024,471475846,479025,107195,-0.87859,50.85888,3,3,1,17:40,-1,E07000225,6,0,1,0,2,19,"[1, 5]","[5, 1]",0,0,0,0,0,1,0,1,0,8,4
2024471475853,2024,471475853,516399,130150,-0.34045,51.0589,3,3,1,18:00,-1,E07000227,6,0,1,0,1,"[9, 14]",7,3,0,0,0,1,0,1,0,0,0,8,4
2024471476197,2024,471476197,499554,110171,-0.58619,50.88246,3,3,5,13:15,-1,E07000224,3,0,1,0,2,19,2,6,0,7,0,1,0,0,0,0,0,8,1
2024471476212,2024,471476212,518062,131148,-0.3164,51.06753,3,3,7,16:05,-1,E07000227,4,0,1,0,1,19,2,6,0,0,0,1,0,0,0,0,1,8,3
2024471476217,2024,471476217,552807,130651,0.17892,51.05488,3,3,2,16:14,-1,E07000065,6,0,1,0,1,"[19, 3]",1,6,0,0,0,1,0,0,0,0,0,8,5
2024471476236,2024,471476236,562702,102841,0.30759,50.80229,3,3,2,16:33,-1,E07000061,4,0,1,0,1,"[19, 4]",8,4,0,"[0, 1]",0,1,0,0,0,0,0,8,5
2024471476242,2024,471476242,530324,116240,-0.14684,50.9309,3,3,2,18:20,-1,E07000228,3,0,1,0,1,"[19, 9]","[1, 3]","[5, 1]",0,0,0,1,0,0,0,0,0,8,5
2024471476261,2024,471476261,593583,121297,0.7551,50.95858,3,3,2,19:58,-1,E07000064,3,0,1,0,2,19,4,1,0,7,0,0,0,1,0,0,0,8,5
2024471476273,2024,471476273,480040,123524,-0.86059,51.00554,3,3,1,14:32,-1,E07000225,3,0,1,0,2,19,3,7,0,1,0,0,0,1,0,0,0,8,4
2024471476281,2024,471476281,528130,105275,-0.18189,50.83284,2,2,2,18:30,-1,E06000043,6,0,1,0,1,19,4,8,0,0,0,1,0,0,0,0,1,8,5
2024471476290,2024,471476290,525251,106618,-0.22229,50.84554,2,2,2,14:40,-1,E06000043,6,0,1,0,1,"[19, 1]","[8, 3]","[4, 7]",0,0,0,1,1,0,0,0,0,8,5
2024471476460,2024,471476460,530790,104346,-0.14447,50.82389,3,3,3,08:20,-1,E06000043,4,0,1,0,1,19,8,7,0,0,0,1,1,0,0,0,0,8,6
2024471476461,2024,471476461,513139,122966,-0.38919,50.99498,3,3,3,09:35,-1,E07000227,3,0,2,1,2,13,"[6, 7]","[2, 3]",0,0,0,1,0,1,0,0,0,8,6
2024471476554,2024,471476554,521488,105009,-0.27625,50.83188,3,3,2,19:30,-1,E07000223,3,0,1,0,1,"[19, 7]","[7, 1]","[3, 5]",0,0,0,1,0,1,0,0,0,8,5
2024471476574,2024,471476574,551952,129886,0.16641,51.04823,3,3,3,13:19,-1,E07000065,6,0,1,1,1,"[9, 2, 19]","[8, 0, 6]","[6, 0, 2]",0,0,0,1,0,0,0,0,0,8,6
2024471476579,2024,471476579,513348,104723,-0.39187,50.83095,3,3,3,10:55,-1,E07000229,3,0,2,1,1,"[5, 19]","[3, 1]","[7, 5]",0,0,0,1,0,0,0,0,0,8,6
2024471476586,2024,471476586,495384,121735,-0.64243,50.98713,3,3,7,12:55,-1,E07000225,3,0,1,0,2,19,"[3, 7]","[7, 3]",0,0,0,1,0,0,0,0,0,8,3
2024471476623,2024,471476623,579411,111456,0.54869,50.87475,3,3,3,16:25,-1,E07000062,6,0,1,0,1,"[13, 12]",6,"[2, 5]",0,0,0,1,0,1,0,0,0,8,6
2024471476675,2024,471476675,559089,121790,0.2646,50.97356,3,3,2,21:35,-1,E07000065,3,2,1,0,2,19,3,7,0,0,0,0,0,1,0,0,0,8,5
2024471476676,2024,471476676,516885,112478,-0.33919,50.89996,3,3,3,18:25,-1,E07000227,3,0,1,0,2,19,4,8,0,"[0, 7]","[0, 4]",1,0,0,0,0,0,8,6
2024471476681,2024,471476681,585227,113192,0.63214,50.88852,2,2,3,22:10,-1,E07000064,6,2,1,0,1,"[2, 19]","[5, 7]","[5, 3]","[4, 0]",0,0,1,0,0,0,0,0,8,6
2024471476689,2024,471476689,543210,100940,0.03043,50.79035,2,2,3,17:14,-1,E07000063,3,0,1,0,1,19,"[7, 3]","[3, 7]",0,"[0, 7]","[0, 10]",1,0,0,0,0,0,8,6
2024471476763,2024,471476763,516950,104208,-0.34091,50.82561,2,2,4,07:55,-1,E07000223,6,0,1,0,1,"[19, 5]","[1, 0]",5,0,0,0,1,0,0,0,0,0,8,7
2024471476802,2024,471476802,533849,104248,-0.1011,50.82231,2,2,2,08:12,-1,E06000043,6,0,1,0,1,19,"[5, 1]","[1, 5]",0,"[0, 7]",0,1,0,0,0,0,0,7,29
2024471476833,2024,471476833,531356,105127,-0.13615,50.83078,3,3,3,19:18,-1,E06000043,3,0,1,0,1,19,5,1,0,0,0,1,0,0,0,0,1,8,6
2024471476943,2024,471476943,559499,109620,0.26512,50.86409,3,3,3,18:15,-1,E07000065,6,0,1,0,1,7,5,7,0,0,0,1,0,0,0,0,1,8,6
2024471476950,2024,471476950,489525,130664,-0.72368,51.06834,3,3,2,09:21,-1,E07000225,3,0,1,0,2,19,5,1,0,"[1, 0]","[4, 0]",1,0,0,0,0,0,7,29
2024471477022,2024,471477022,517164,137299,-0.32722,51.123,3,3,4,17:09,-1,E07000227,3,0,1,0,2,"[19, 7]",1,"[5, 3]",0,"[0, 1]",0,1,0,0,0,0,0,8,7
2024471477037,2024,471477037,512002,113461,-0.4083,50.90976,3,3,4,17:20,-1,E07000227,3,0,1,0,2,"[8, 5]",7,2,0,0,0,1,0,1,0,0,0,8,7
2024471477053,2024,471477053,528758,137055,-0.16173,51.11832,2,2,4,16:45,-1,E07000226,3,0,1,0,1,19,3,6,0,0,0,1,0,0,0,0,1,8,7
2024471477089,2024,471477089,575694,120236,0.50013,50.95477,3,3,4,18:30,-1,E07000064,3,0,1,0,2,"[19, 9]","[8, 4]","[4, 3]",0,0,0,1,0,0,0,0,0,8,7
2024471477092,2024,471477092,532666,106800,-0.11696,50.84552,3,3,4,20:25,-1,E06000043,3,2,1,0,1,19,6,2,0,0,0,1,0,0,0,0,0,8,7
2024471477102,2024,471477102,512974,106516,-0.39663,50.84714,2,2,4,18:07,-1,E07000229,6,0,1,0,1,7,2,5,0,0,0,1,1,0,0,0,0,8,7
2024471477107,2024,471477107,504758,103051,-0.51428,50.81754,3,3,4,19:23,-1,E07000224,6,0,1,0,1,"[19, 13, 4]","[5, 1]","[1, 5]",0,0,0,1,0,1,1,0,0,8,7
2024471477125,2024,471477125,497579,121453,-0.61124,50.98422,3,3,1,07:50,-1,E07000225,3,0,1,0,2,"[19, 9]","[5, 1]","[1, 7]",0,0,0,1,0,0,0,0,0,8,4
2024471477127,2024,471477127,502616,101997,-0.54497,50.80845,2,2,4,13:21,-1,E07000224,6,0,1,0,1,1,2,6,0,0,0,1,0,0,0,0,1,8,7
2024471477220,2024,471477220,544505,108071,0.0516,50.85411,2,2,4,16:45,-1,E07000063,3,0,1,0,2,"[3, 4]",4,8,0,"[0, 7]",0,1,0,0,0,0,0,8,7
2024471477268,2024,471477268,528953,104725,-0.1704,50.82771,3,3,5,10:55,-1,E06000043,4,0,1,0,1,"[-1, 19]","[-1, 3]","[-1, 7]","[-1, 0]","[-1, 0]",0,1,1,0,0,0,0,8,1
2024471477269,2024,471477269,530239,116530,-0.14795,50.93352,3,3,4,21:50,-1,E07000228,3,2,1,0,2,5,1,5,0,0,0,1,0,0,0,0,1,8,7
2024471477361,2024,471477361,531072,104419,-0.14044,50.82448,3,3,4,13:45,-1,E06000043,6,0,1,0,1,9,"[3, 7]","[1, 3]",0,0,0,1,1,0,0,0,0,7,24
2024471477368,2024,471477368,526247,133475,-0.19884,51.08671,3,3,5,12:50,-1,E07000226,3,0,1,0,2,19,4,8,0,0,0,1,0,0,1,0,0,8,8
2024471477369,2024,471477369,488295,120915,-0.7436,50.98088,3,3,5,13:40,-1,E07000225,3,0,1,0,2,"[4, 19]",8,4,0,0,0,1,0,0,0,0,0,8,8
2024471477407,2024,471477407,558556,104898,0.24969,50.82192,3,3,5,11:00,-1,E07000065,4,0,1,0,1,"[7, 19, 9]","[1, 7, 4]","[8, 3, 1]",0,0,0,1,0,0,1,0,0,8,8
2024471477501,2024,471477501,529555,125810,-0.15437,51.01708,2,2,5,16:04,-1,E07000228,4,0,2,1,2,"[19, 9]","[8, 4]","[4, 1]",0,0,0,1,0,0,0,0,0,8,8
2024471477570,2024,471477570,509287,127294,-0.44275,51.03463,3,3,5,21:14,-1,E07000227,3,2,2,1,2,4,1,5,0,0,0,1,0,0,0,0,0,8,8
2024471477651,2024,471477651,504091,130474,-0.51591,51.06418,3,3,6,07:20,-1,E07000225,4,0,1,0,2,"[3, 19]",5,1,0,0,0,1,0,0,0,0,0,8,9
2024471477763,2024,471477763,528160,138194,-0.16986,51.1287,3,3,4,17:10,-1,E07000226,3,0,1,0,1,"[19, 6]",1,"[5, 8]",0,0,0,1,0,0,0,0,0,8,7
2024471477849,2024,471477849,566387,133899,0.37401,51.08029,3,3,6,14:25,-1,E07000065,4,0,1,0,2,19,"[2, 1]","[6, 5]",0,0,0,1,0,1,0,0,0,8,9
2024471477862,2024,471477862,530995,105418,-0.14117,50.83348,3,3,6,13:40,-1,E06000043,3,0,9,0,1,"[19, 3]",7,3,0,0,0,1,0,0,0,0,0,8,9
2024471477893,2024,471477893,493804,104082,-0.66946,50.82869,2,2,4,10:05,-1,E07000224,3,0,1,0,2,"[13, 9]","[1, 3]","[5, 1]",0,0,0,1,0,1,0,0,0,8,7
2024471477909,2024,471477909,529109,141647,-0.15507,51.15952,3,3,6,18:20,-1,E07000226,3,0,1,0,2,"[19, 3]",7,3,0,0,0,1,0,0,0,0,0,8,9
2024471477918,2024,471477918,529773,109301,-0.15714,50.86865,3,3,2,14:00,-1,E06000043,3,0,1,0,2,19,8,4,0,"[5, 0]","[6, 0]",1,0,0,0,0,0,8,5
2024471477927,2024,471477927,484707,104364,-0.79853,50.83262,3,3,5,16:30,-1,E07000225,3,0,2,1,2,"[4, 19]","[7, 1]","[3, 5]",0,0,0,1,0,0,0,0,0,8,8
2024471477947,2024,471477947,500500,107083,-0.5736,50.85454,2,2,6,21:00,-1,E07000224,3,2,1,0,2,-1,-1,-1,-1,-1,0,1,0,0,0,0,1,8,9
2024471478116,2024,471478116,510542,103650,-0.43202,50.82185,3,3,6,16:00,-1,E07000229,6,0,8,0,1,5,3,7,0,0,0,0,0,0,1,0,1,8,9
2024471478118,2024,471478118,492874,99396,-0.68385,50.78671,3,3,7,08:00,-1,E07000224,6,0,1,0,1,"[2, 19]","[0, 8, 4]","[0, 4, 8]",0,0,0,1,0,0,0,0,0,8,10