collision_index,collision_year,collision_ref_no,location_easting_osgr,location_northing_osgr,longitude,latitude,casualty_severity,casualty_severity,day_of_week,time,local_authority_district,local_authority_ons_district,first_road_class,light_conditions,weather_conditions,road_surface_conditions,urban_or_rural_area,vehicle_manoeuvre,vehicle_direction_from,vehicle_direction_to,hit_object_in_carriageway,vehicle_leaving_carriageway,hit_object_off_carriageway,is_car,is_cyle,is_mcyle,is_goodsv,is_other,is_pedestrian,month,day
2024471488578,2024,471488578,533917,106516,-0.0993,50.84268,3,3,7,21:00,-1,E06000043,6,2,1,1,1,"[19, 9]","[3, -1]","[7, -1]","[10, -1]","[1, -1]","[10, 0]",1,0,1,0,0,0,9,7
2024471488620,2024,471488620,545695,101863,0.06603,50.79802,3,3,1,07:08,-1,E07000063,3,0,1,1,2,19,5,1,0,7,0,1,0,0,0,0,0,9,8
2024471488627,2024,471488627,559828,101294,0.26616,50.78919,3,3,6,15:17,-1,E07000061,3,0,1,0,1,"[2, 19]",1,5,0,0,0,0,1,0,1,0,0,9,6
2024471488685,2024,471488685,555426,123937,0.21339,50.99385,3,3,1,10:50,-1,E07000065,3,0,2,1,2,"[9, 19]",5,"[7, 1]",0,0,0,1,0,0,0,0,0,9,8
2024471488715,2024,471488715,497639,108836,-0.61376,50.87079,2,"[3, 2]",6,13:54,-1,E07000224,3,0,2,1,2,19,"[6, 2]","[2, 6]",0,0,0,1,0,0,0,0,0,9,6
2024471488732,2024,471488732,572652,114490,0.45415,50.90407,3,3,1,13:31,-1,E07000064,4,0,1,0,2,19,2,5,0,1,10,1,0,0,0,0,0,9,8
2024471488757,2024,471488757,548151,98744,0.0996,50.76937,3,3,1,16:50,-1,E07000063,6,0,1,1,2,"[19, 9]","[8, 2]","[4, 8]",0,0,0,1,0,0,0,0,0,9,8
2024471488759,2024,471488759,528275,137965,-0.1683,51.12661,2,2,4,14:15,-1,E07000226,3,0,1,0,1,"[3, 4]",2,"[4, 6]",0,0,0,1,0,0,0,0,0,9,4
2024471488761,2024,471488761,561916,99172,0.29483,50.76954,3,3,1,15:40,-1,E07000061,4,0,2,1,1,19,2,6,0,0,0,1,0,0,0,0,1,9,8
2024471488807,2024,471488807,544709,114939,0.05721,50.91578,2,2,1,16:12,-1,E07000063,3,0,2,1,2,19,"[6, 2]","[2, 6]",0,"[0, 1]",0,1,0,1,0,1,0,9,8
2024471488845,2024,471488845,527603,134941,-0.17897,51.09958,3,3,1,21:24,-1,E07000226,6,2,1,0,1,19,"[5, 1]","[1, 5]",0,0,0,1,0,0,0,0,0,9,8
2024471488921,2024,471488921,533475,103697,-0.1066,50.81745,3,3,2,08:45,-1,E06000043,4,0,1,0,1,19,1,"[3, 5]",0,0,0,1,1,0,0,0,0,9,9
2024471488938,2024,471488938,544419,101354,0.04773,50.79377,3,3,6,16:30,-1,E07000063,6,0,2,1,1,19,7,3,0,0,0,0,0,0,1,0,1,9,6
2024471489003,2024,471489003,576808,114542,0.51322,50.90328,3,3,2,09:28,-1,E07000064,3,0,1,0,2,"[19, 2]","[8, 0]","[4, 0]","[4, 0]","[0, 1]",0,1,0,0,0,0,0,9,9
2024471489005,2024,471489005,573341,107396,0.46058,50.84013,3,3,6,17:00,-1,E07000064,6,0,1,0,1,19,3,7,0,0,0,0,1,0,0,0,1,9,6
2024471489044,2024,471489044,561144,98197,0.28346,50.761,3,3,2,08:00,-1,E07000061,6,0,1,0,1,1,8,4,0,0,0,1,0,0,0,0,1,9,9
2024471489045,2024,471489045,530260,105092,-0.15172,50.83072,3,3,2,10:12,-1,E06000043,4,0,1,0,1,19,7,3,0,0,0,1,0,0,0,0,1,9,9
2024471489086,2024,471489086,510905,108345,-0.42545,50.86399,1,"[3, 1]",2,06:00,-1,E07000224,3,2,1,0,2,19,"[1, 5]","[5, 1]",0,"[2, 7]",0,1,0,0,1,0,0,9,9
2024471489139,2024,471489139,487721,105477,-0.75548,50.84218,3,3,2,12:18,-1,E07000225,3,0,1,0,2,"[3, 4]",8,4,"[99, 0]",0,0,1,0,0,0,0,0,9,9
2024471489148,2024,471489148,558813,105526,0.25361,50.82749,3,3,1,20:20,-1,E07000065,3,2,1,1,2,"[11, 19, 5]",3,7,0,0,0,1,0,0,0,0,0,9,8
2024471489181,2024,471489181,538503,117345,-0.03011,50.93892,2,2,2,14:30,-1,E07000063,6,0,1,0,2,"[19, 2]","[6, 0]","[2, 0]","[4, 0]",0,0,1,1,0,0,0,0,9,9
2024471489198,2024,471489198,525730,135201,-0.20561,51.10233,3,3,6,16:50,-1,E07000226,6,0,1,0,1,"[19, 4]",4,8,"[0, 1]",0,0,1,0,0,0,0,0,9,6
2024471489202,2024,471489202,533659,123335,-0.09681,50.9939,3,3,2,15:10,-1,E07000228,4,0,1,0,1,19,"[8, 4]","[4, 8]",0,0,0,1,0,0,0,0,0,9,9
2024471489217,2024,471489217,572114,109292,0.44406,50.85753,3,3,2,16:11,-1,E07000064,6,0,1,0,2,"[13, 19]",3,7,0,"[8, 0]","[4, 0]",1,0,1,0,0,0,9,9
2024471489221,2024,471489221,561448,103714,0.29019,50.81048,3,3,2,15:45,-1,E07000061,6,0,1,0,1,"[4, 19]","[7, 2]","[3, 5]",0,0,0,1,0,0,0,0,0,9,9
2024471489257,2024,471489257,508696,125998,-0.45156,51.02309,3,3,6,08:15,-1,E07000227,6,0,2,1,2,"[19, 9]","[1, 6]","[5, 4]",0,0,0,1,0,0,0,0,0,9,6
2024471489326,2024,471489326,513267,102850,-0.3936,50.81413,2,2,3,00:26,-1,E07000229,3,2,1,0,1,9,7,3,0,7,0,1,0,0,0,0,0,9,10
2024471489333,2024,471489333,526257,106750,-0.20796,50.8465,2,"[2, 3]",5,15:31,-1,E06000043,3,0,2,1,2,"[19, 4]","[8, 4]","[4, 8]",0,0,0,1,0,0,0,0,0,9,5
2024471489542,2024,471489542,513287,104035,-0.39295,50.82478,3,3,7,11:30,-1,E07000229,6,0,1,0,1,4,-1,-1,0,0,0,1,0,0,0,0,0,9,7
2024471489638,2024,471489638,499491,110113,-0.5871,50.88195,2,"[3, 2]",5,04:07,-1,E07000224,3,2,1,1,2,"[5, 19]","[2, 6]","[6, 2]",0,1,0,1,0,0,0,0,0,9,5
2024471489658,2024,471489658,535411,105814,-0.07835,50.83602,3,3,3,07:45,-1,E06000043,6,0,3,0,1,"[19, 10]","[7, 1]","[3, 7]",0,0,0,1,0,1,0,0,0,9,10
2024471489667,2024,471489667,512861,129913,-0.39099,51.05748,3,3,3,13:24,-1,E07000227,3,0,1,0,2,"[9, 19]",6,2,0,0,0,1,0,0,0,0,0,9,10
2024471489711,2024,471489711,532704,103836,-0.11749,50.81887,3,3,2,14:20,-1,E06000043,6,0,9,1,1,3,3,8,0,0,0,0,0,0,1,0,1,9,9
2024471489715,2024,471489715,528276,137964,-0.16829,51.1266,3,3,3,16:05,-1,E07000226,3,0,8,0,1,19,2,7,0,0,0,1,0,0,0,0,0,9,10
2024471489739,2024,471489739,529436,105860,-0.16314,50.8378,2,2,3,16:25,-1,E06000043,6,0,2,1,1,"[3, 19]",8,4,"[0, 4]",0,0,1,1,0,0,0,0,9,10
2024471489767,2024,471489767,489302,107589,-0.73252,50.86093,3,3,3,17:40,-1,E07000225,6,0,2,1,2,19,"[3, 7]","[7, 3]",0,0,0,1,0,0,0,0,0,9,10
2024471489768,2024,471489768,489240,103585,-0.73437,50.82494,3,3,1,11:40,-1,E07000225,3,2,2,1,2,19,5,1,0,1,2,1,0,0,0,0,0,9,8
2024471489792,2024,471489792,559863,121940,0.27568,50.97469,3,3,3,17:10,-1,E07000065,3,0,2,1,2,"[19, 9]","[3, 1]",7,0,"[1, 0]",0,1,0,1,0,0,0,9,10
2024471489870,2024,471489870,577707,110738,0.52414,50.86883,2,2,4,04:30,-1,E07000062,4,2,2,1,2,19,8,3,0,7,1,1,0,0,0,0,0,9,11
2024471489897,2024,471489897,484466,107042,-0.80134,50.85673,3,3,4,08:30,-1,E07000225,6,0,1,0,2,19,"[7, 3]","[3, 7]",0,"[1, 0]","[10, 0]",1,0,0,1,0,0,9,11
2024471489964,2024,471489964,533366,112944,-0.10478,50.90058,2,2,4,07:45,-1,E07000063,6,0,1,0,2,19,8,2,0,7,4,1,0,0,0,0,0,9,11
2024471490168,2024,471490168,542564,109242,0.02449,50.86511,3,3,4,15:20,-1,E07000063,3,0,1,0,2,19,"[1, 5]","[5, 1]",0,0,0,1,0,1,0,0,0,9,11
2024471490224,2024,471490224,518487,104941,-0.31886,50.83189,2,"[3, 2]",4,17:50,-1,E07000223,3,0,1,0,1,"[9, 19]","[7, 5]","[3, 1]",0,0,0,1,0,0,0,0,0,9,11
2024471490255,2024,471490255,555709,124437,0.21763,50.99826,3,3,4,20:00,-1,E07000065,3,2,2,1,2,19,5,4,11,1,3,1,0,0,0,0,0,9,11
2024471490276,2024,471490276,526912,136663,-0.18823,51.11521,1,1,4,20:57,-1,E07000226,6,2,1,0,1,19,"[5, 3]","[1, 7]",0,"[0, 2]",0,0,0,0,1,1,0,9,11
2024471490323,2024,471490323,519102,133797,-0.3007,51.09113,2,2,3,16:36,-1,E07000227,6,0,2,1,2,19,1,5,9,1,1,1,0,0,0,0,0,9,10
2024471490409,2024,471490409,517008,104336,-0.34005,50.82675,2,2,3,11:15,-1,E07000223,6,0,1,0,1,"[2, 19]","[0, 3]","[0, 7]","[0, 8]",0,0,1,1,0,0,0,0,9,3
2024471490463,2024,471490463,512055,103449,-0.41061,50.81975,3,3,4,17:50,-1,E07000229,6,0,9,0,1,19,"[5, 7]","[1, 3]",0,0,0,1,0,0,0,1,0,9,11
2024471490510,2024,471490510,532039,103760,-0.12695,50.81834,3,3,4,19:40,-1,E06000043,3,2,2,1,1,19,3,7,0,0,0,0,0,1,0,0,1,9,11
2024471490515,2024,471490515,491778,100344,-0.69916,50.7954,3,3,5,11:30,-1,E07000224,6,0,1,0,1,"[19, 5]","[1, 5]",5,0,0,0,1,0,0,1,0,0,9,12
2024471490551,2024,471490551,528050,136275,-0.17212,51.11147,3,3,4,14:20,-1,E07000226,6,0,1,0,1,"[4, 19]",1,5,0,0,0,1,0,0,0,0,0,9,11
2024471490597,2024,471490597,560917,120824,0.29019,50.96437,3,3,2,18:40,-1,E07000065,4,0,1,0,2,"[1, 3]","[3, 7]","[7, 3]",0,0,0,1,0,1,0,0,0,8,5
2024471490602,2024,471490602,514204,103036,-0.38025,50.81562,3,3,4,08:50,-1,E07000229,6,0,1,0,1,5,1,5,0,0,0,1,0,0,0,0,1,9,11
2024471490613,2024,471490613,532031,105564,-0.12642,50.83456,3,3,5,10:30,-1,E06000043,6,0,1,0,1,"[19, 9]","[1, 4]","[5, 2]",0,0,0,1,1,0,0,0,0,9,12
2024471490711,2024,471490711,535015,102960,-0.08503,50.81047,2,2,4,22:07,-1,E06000043,3,2,9,0,2,19,"[8, 4]","[4, 8]",0,0,0,0,1,0,0,0,0,9,11
2024471490713,2024,471490713,525790,133005,-0.20552,51.08258,2,2,4,16:55,-1,E07000228,6,0,1,0,1,19,6,2,0,0,0,1,0,0,0,0,1,9,4
2024471490753,2024,471490753,538200,101936,-0.04023,50.80051,3,3,5,17:50,-1,E06000043,3,0,1,0,1,19,"[7, 3]","[3, 7]",0,0,0,0,0,1,0,0,0,9,12
2024471490831,2024,471490831,511902,110848,-0.41052,50.88629,3,3,6,04:20,-1,E07000227,3,2,1,0,2,19,5,1,0,1,0,1,0,0,0,0,0,9,13
2024471490859,2024,471490859,545784,107987,0.06972,50.85303,3,3,5,14:13,-1,E07000063,3,0,2,1,2,"[9, 19]","[1, 7]","[7, 3]",0,0,0,1,0,0,0,0,0,9,12
2024471490920,2024,471490920,528000,104892,-0.18386,50.82942,3,3,4,17:15,-1,E06000043,6,0,1,0,1,"[7, 19]","[5, 3]",7,0,"[1, 0]",0,1,1,0,0,0,0,9,11
2024471490945,2024,471490945,550764,106481,0.1398,50.83823,3,3,6,09:20,-1,E07000065,3,0,1,0,2,"[9, 19]","[3, 7]","[1, 3]",0,0,0,1,1,0,0,0,0,9,13
2024471490966,2024,471490966,533635,105711,-0.1036,50.83551,2,2,6,09:15,-1,E06000043,6,0,1,0,2,"[3, 5]",7,3,0,0,0,1,0,0,0,0,0,9,13
2024471490984,2024,471490984,579934,111766,0.55626,50.87738,3,3,2,06:30,-1,E07000062,3,0,1,0,1,19,"[7, -1]","[3, -1]",0,0,0,1,0,1,0,0,0,9,9
2024471490985,2024,471490985,518595,131622,-0.30865,51.07168,3,3,4,16:00,-1,E07000227,6,0,1,0,1,5,4,8,0,0,0,1,1,0,0,0,0,9,4
2024471490987,2024,471490987,546166,121586,0.08059,50.97514,3,3,7,18:04,-1,E07000065,6,0,1,1,2,"[13, 19]",2,6,0,"[0, 1]",0,1,1,0,0,0,0,8,24
2024471491074,2024,471491074,525009,107056,-0.22557,50.84953,3,3,6,07:35,-1,E06000043,6,0,1,0,1,"[13, 19]","[4, 1]","[8, 5]",0,0,0,1,0,0,1,0,0,9,13
2024471491093,2024,471491093,577098,124256,0.52206,50.99046,3,3,6,14:15,-1,E07000064,4,0,1,0,2,"[19, 9]","[5, 7]","[1, 5]",0,0,0,1,0,0,0,0,0,9,13
2024471491106,2024,471491106,550682,106665,0.13871,50.8399,3,3,6,14:20,-1,E07000065,3,0,1,0,2,"[7, 19]","[6, 8]","[2, 4]",0,0,0,1,0,1,0,0,0,9,13
2024471491152,2024,471491152,485457,103435,-0.7881,50.82416,3,3,6,15:25,-1,E07000225,3,0,1,0,1,"[9, 19]","[6, 2]","[4, 6]",0,0,0,1,0,0,0,0,0,9,13
2024471491156,2024,471491156,530204,107479,-0.15167,50.85218,2,2,6,06:30,-1,E06000043,6,0,1,0,1,"[19, 2]","[3, 0]","[7, 0]","[4, 0]","[7, 0]",0,1,0,0,0,0,0,9,13
2024471491205,2024,471491205,532102,105068,-0.12559,50.83008,3,3,6,17:30,-1,E06000043,6,0,1,0,1,"[2, 19]","[0, 6]","[0, 8]",0,0,0,1,0,0,0,0,1,9,13
2024471491216,2024,471491216,521353,123327,-0.27207,50.99655,3,3,6,16:40,-1,E07000227,3,0,1,0,2,"[19, 13]","[1, 5]","[5, 1]",0,0,0,1,0,0,0,0,0,9,13
2024471491317,2024,471491317,533162,107649,-0.10961,50.85304,3,3,6,17:28,-1,E06000043,3,0,1,0,1,"[19, 7]","[1, 2]",5,0,0,0,1,1,0,0,0,0,9,13
2024471491325,2024,471491325,528782,104890,-0.17277,50.82923,3,3,7,03:00,-1,E06000043,6,2,1,0,1,1,1,5,0,0,0,1,0,0,0,0,1,8,3
2024471491419,2024,471491419,526644,105185,-0.20301,50.83235,3,3,3,17:07,-1,E06000043,4,0,1,0,1,4,3,7,0,0,0,0,0,0,1,0,0,9,10
2024471491421,2024,471491421,519076,103935,-0.31083,50.82272,3,3,7,10:35,-1,E07000223,3,0,1,0,1,"[4, 19]",7,3,0,0,0,1,0,1,0,0,0,9,14
2024471491452,2024,471491452,559128,99173,0.25532,50.77032,2,2,7,10:00,-1,E07000061,3,0,1,0,1,"[9, 19]","[8, 7]",3,0,0,0,1,1,0,0,0,0,9,14
2024471491455,2024,471491455,497474,103381,-0.61756,50.82178,3,3,7,14:50,-1,E07000224,4,0,1,0,2,"[1, 3]","[4, -1]","[8, -1]",0,0,0,0,0,1,0,1,0,9,14
2024471491460,2024,471491460,535041,125177,-0.07644,51.01013,3,3,7,09:34,-1,E07000228,6,0,1,0,1,1,8,4,0,0,0,1,0,0,0,0,1,9,14
2024471491497,2024,471491497,530951,104296,-0.1422,50.82341,2,2,7,15:33,-1,E06000043,4,0,1,0,1,5,7,3,0,0,0,0,0,0,1,0,0,9,14
2024471491510,2024,471491510,566069,130367,0.36785,51.04865,2,2,7,16:17,-1,E07000064,4,0,1,0,2,"[19, 9]","[3, 7]","[7, 3]",0,"[1, 0]",0,1,0,1,0,0,0,9,14
2024471491520,2024,471491520,526126,137430,-0.19918,51.12228,3,3,7,21:07,-1,E07000226,6,2,1,0,1,"[19, 3]",8,4,0,0,0,1,0,0,0,0,0,9,14
2024471491523,2024,471491523,545359,101891,0.06127,50.79836,3,3,6,15:40,-1,E07000063,3,0,1,0,2,"[15, 19]",6,2,0,0,0,1,0,1,0,0,0,9,13
2024471491538,2024,471491538,527064,134939,-0.18666,51.09968,2,2,1,00:50,-1,E07000226,6,2,1,0,1,19,2,6,0,0,0,0,0,1,0,0,0,9,15
2024471491543,2024,471491543,530819,119576,-0.1386,50.96077,3,3,7,22:08,-1,E07000228,4,2,1,0,1,19,1,5,0,0,0,1,0,0,0,0,0,9,14
2024471491627,2024,471491627,510443,123921,-0.4273,51.00409,3,3,7,22:25,-1,E07000227,3,2,1,0,2,"[19, 9]","[4, 6]","[8, 4]",0,0,0,1,0,0,0,0,0,9,14
2024471491652,2024,471491652,531195,104547,-0.13865,50.82561,3,3,1,12:20,-1,E06000043,6,0,1,0,1,19,7,3,-1,0,0,1,0,0,0,0,1,9,15
2024471491699,2024,471491699,510273,113779,-0.43279,50.91295,3,3,7,16:00,-1,E07000227,3,0,1,0,2,19,"[3, 7]","[7, 3]",0,"[1, 0]","[4, 0]",1,0,0,0,0,0,9,14
2024471491750,2024,471491750,491765,121828,-0.69395,50.98855,2,"[2, 3]",1,14:11,-1,E07000225,6,0,1,0,2,"[19, 9]","[4, 7]","[8, 5]",0,0,0,1,0,1,0,0,0,9,15
2024471491751,2024,471491751,512439,105777,-0.40445,50.84061,3,3,1,16:40,-1,E07000229,3,0,1,0,1,4,7,3,0,0,0,1,0,0,0,0,0,9,15
2024471491903,2024,471491903,565810,111797,0.35571,50.88188,2,"[3, 2]",2,07:25,-1,E07000065,3,0,1,0,2,"[9, 19]","[8, 4]","[5, 8]",0,0,0,1,0,0,0,0,0,9,16
2024471491929,2024,471491929,522375,132684,-0.25436,51.08044,3,3,2,08:30,-1,E07000227,6,0,1,0,2,"[5, 19]",3,7,0,0,0,1,0,0,0,0,0,9,16
2024471491952,2024,471491952,520496,137774,-0.27947,51.12658,3,3,2,07:38,-1,E07000227,6,0,1,0,2,19,"[5, 1]","[1, 5]",0,0,0,1,0,0,0,0,0,9,16
2024471491970,2024,471491970,544961,112545,0.05984,50.8942,3,3,6,15:30,-1,E07000063,4,0,2,1,2,19,7,3,0,0,0,1,0,0,0,0,1,9,6
2024471491988,2024,471491988,531523,105861,-0.13352,50.83734,3,3,2,11:19,-1,E06000043,6,0,1,0,1,"[19, 4]",5,1,0,0,0,1,0,0,0,0,0,9,16
2024471492004,2024,471492004,539456,137958,-0.00863,51.12394,3,3,5,17:31,-1,E07000228,6,0,1,0,1,19,3,7,0,0,0,1,0,0,0,0,1,9,12
2024471492037,2024,471492037,532021,105581,-0.12655,50.83471,3,3,2,08:00,-1,E06000043,3,0,1,0,1,"[7, 19]",2,"[4, 6]",0,0,0,1,1,0,0,0,0,9,16
2024471492052,2024,471492052,529136,141586,-0.15471,51.15896,2,2,2,13:00,-1,E07000226,3,0,1,0,2,"[3, 5]",4,2,0,0,0,1,0,0,1,0,0,9,16
2024471492068,2024,471492068,511941,104353,-0.41195,50.8279,3,3,5,08:00,-1,E07000229,3,0,1,0,1,19,"[1, 6]",5,0,"[3, 0]",0,1,1,0,0,0,0,9,12
2024471492139,2024,471492139,548914,99372,0.11066,50.77482,3,3,2,17:45,-1,E07000063,3,0,8,0,1,7,6,1,99,0,0,1,0,0,0,0,1,9,16
2024471492143,2024,471492143,531490,114596,-0.13085,50.91586,3,3,2,16:50,-1,E07000228,4,0,1,0,2,"[19, 9]",7,"[3, 5]",0,"[7, 0]",0,0,0,1,1,0,0,9,16
2024471492174,2024,471492174,560417,98331,0.27322,50.7624,3,3,2,17:05,-1,E07000061,6,0,1,0,1,"[2, 19]","[0, 6]","[0, 2]",0,"[0, 1]",0,1,0,0,0,1,0,9,16
2024471492191,2024,471492191,538082,121061,-0.03468,50.97242,3,3,2,19:50,-1,E07000063,3,2,1,0,2,"[9, 19]","[6, 3]","[3, 7]",0,0,0,1,0,0,1,0,0,9,16
2024471492225,2024,471492225,529557,105664,-0.1615,50.83601,3,3,2,08:22,-1,E06000043,3,0,1,0,1,7,2,3,0,0,0,1,0,0,0,0,1,9,16
2024471492228,2024,471492228,529811,107604,-0.1572,50.85339,2,2,7,10:23,-1,E06000043,6,0,1,0,1,19,"[7, 5]","[5, 1]",0,0,0,1,1,0,0,0,0,9,14
2024471492311,2024,471492311,562444,120415,0.31173,50.96027,3,3,3,07:30,-1,E07000065,4,0,1,0,2,"[3, 2, 19]","[3, 0, 7]","[7, 0, 3]","[0, 4]",0,0,1,0,0,0,0,0,9,17
2024471492362,2024,471492362,495576,101249,-0.64505,50.80293,3,3,2,10:58,-1,E07000224,3,0,1,0,2,19,8,4,0,1,2,1,0,0,0,0,0,9,16
2024471492429,2024,471492429,533496,139314,-0.09324,51.13754,2,2,3,08:30,-1,E07000228,4,0,1,0,1,19,5,1,0,0,0,1,0,0,0,0,1,9,17
2024471492458,2024,471492458,579937,111768,0.55631,50.87739,3,3,3,10:25,-1,E07000062,6,0,1,0,1,"[9, 5]","[4, 8]","[1, 4]",0,0,0,1,0,0,0,0,0,9,17
2024471492495,2024,471492495,493377,99375,-0.67672,50.78644,3,3,1,17:20,-1,E07000224,4,0,2,1,1,19,"[1, 3]","[6, 7]",0,0,0,1,0,0,0,0,0,9,8
2024471492530,2024,471492530,522291,105891,-0.26455,50.83963,3,3,3,08:20,-1,E07000223,6,0,1,0,1,"[5, 4]","[4, 2]","[8, 7]",0,0,0,1,0,0,0,0,0,9,17
2024471492590,2024,471492590,560794,98516,0.27864,50.76396,3,3,1,18:09,-1,E07000061,6,0,1,0,1,"[7, 19]","[7, 1]","[1, 5]",0,0,0,1,0,0,0,0,0,9,15
2024471492617,2024,471492617,516179,128482,-0.34412,51.04395,3,3,3,15:35,-1,E07000227,4,0,1,0,2,5,1,5,0,0,0,1,0,0,0,0,0,9,17
2024471492622,2024,471492622,515963,128619,-0.34716,51.04523,3,3,3,16:45,-1,E07000227,3,0,1,0,2,"[3, 19]",1,5,0,0,0,1,0,0,0,0,0,9,17
2024471492667,2024,471492667,542579,109228,0.0247,50.86498,3,3,3,20:00,-1,E07000063,3,2,1,0,2,5,8,4,0,0,0,1,0,0,0,0,0,9,17
2024471492668,2024,471492668,528923,134328,-0.16035,51.09378,3,3,3,16:54,-1,E07000226,1,0,1,0,2,"[11, 19]",2,6,0,"[0, 5]","[0, 6]",1,0,0,0,0,0,9,17
2024471492678,2024,471492678,487812,104133,-0.75451,50.83008,3,3,3,16:56,-1,E07000225,3,0,1,0,2,"[19, 11]",3,6,0,0,0,1,0,1,0,0,0,9,17
2024471492680,2024,471492680,484642,104405,-0.79945,50.833,3,3,3,18:05,-1,E07000225,3,0,1,0,1,"[13, 19]",3,"[2, 8]",0,0,0,1,0,0,0,0,0,9,17
2024471492695,2024,471492695,528897,105068,-0.17107,50.8308,2,"[2, 3]",7,19:48,-1,E06000043,6,2,1,0,1,19,"[3, 1]","[7, 5]",0,0,0,0,0,1,0,0,0,9,14
2024471492699,2024,471492699,532469,106500,-0.11986,50.84287,3,3,3,22:30,-1,E06000043,3,2,1,0,1,19,6,2,0,0,0,1,0,1,0,0,0,9,17
2024471492730,2024,471492730,560404,104425,0.2757,50.81716,2,2,7,21:03,-1,E07000065,3,2,1,0,2,19,5,1,0,"[5, 0]","[6, 0]",1,0,0,0,0,0,8,24
2024471492820,2024,471492820,511948,104357,-0.41185,50.82794,2,2,4,08:30,-1,E07000229,3,0,1,0,1,"[19, 12]",1,5,0,0,0,1,0,1,0,0,0,9,18
2024471492839,2024,471492839,524780,135519,-0.21907,51.1054,3,3,4,19:45,-1,E07000226,6,0,1,1,1,19,5,1,0,0,0,1,0,0,0,0,1,9,11
2024471492915,2024,471492915,562598,100724,0.30518,50.7833,3,3,4,08:22,-1,E07000061,6,0,1,0,1,"[2, 19]","[0, 8]","[0, 4]",0,0,0,1,0,0,0,0,0,9,18
2024471492945,2024,471492945,583203,110343,0.60197,50.86357,3,3,5,08:30,-1,E07000062,6,0,1,0,1,1,6,2,0,0,0,1,0,0,0,0,1,9,12
2024471493003,2024,471493003,528447,108169,-0.17637,50.85878,3,3,4,10:45,-1,E06000043,3,0,1,0,2,"[19, 4]",4,8,0,0,0,1,0,0,0,0,0,9,18
2024471493006,2024,471493006,501764,103325,-0.55669,50.82054,3,3,4,05:40,-1,E07000224,3,0,1,0,2,"[4, 3]",2,6,0,0,0,1,0,0,0,0,0,8,7
2024471493009,2024,471493009,530855,104316,-0.14355,50.82361,3,3,1,15:00,-1,E06000043,3,0,1,0,1,"[19, 9]","[1, 3]","[5, 1]",99,0,0,0,1,0,1,0,0,9,15
2024471493045,2024,471493045,505692,103251,-0.50097,50.81917,3,3,3,11:43,-1,E07000224,3,0,1,0,2,"[19, 5]","[7, 5]","[3, 7]",0,0,0,1,0,1,0,0,0,9,17
2024471493054,2024,471493054,580456,109014,0.56232,50.85249,3,3,4,15:00,-1,E07000062,3,0,1,0,1,"[7, 9]","[2, 6]",4,0,0,0,1,1,0,0,0,0,9,18
2024471493223,2024,471493223,533946,137963,-0.08731,51.1253,2,2,5,00:23,-1,E07000228,6,2,1,0,1,"[19, 2]","[3, 0]","[7, 0]","[4, 0]",0,0,1,0,0,0,0,0,9,19
2024471493494,2024,471493494,531372,108622,-0.13467,50.86219,2,2,4,15:00,-1,E06000043,6,0,1,1,1,19,3,7,0,0,0,1,0,0,0,0,1,3,27
2024471493520,2024,471493520,499703,101666,-0.58639,50.80598,3,3,5,14:25,-1,E07000224,3,0,1,0,2,9,3,7,0,0,0,1,0,0,0,0,0,9,19
2024471493538,2024,471493538,528763,105711,-0.17275,50.83661,2,2,5,12:50,-1,E06000043,6,0,1,0,1,"[19, 5]","[5, 3]","[1, 7]",0,0,0,1,0,0,0,0,0,9,19
2024471493644,2024,471493644,531861,104606,-0.12917,50.82599,3,3,5,19:10,-1,E06000043,6,2,1,0,1,19,3,7,0,0,0,1,0,0,0,0,1,9,19
2024471493645,2024,471493645,533689,103747,-0.10355,50.81785,3,3,5,18:40,-1,E06000043,6,2,4,0,1,"[9, 13]",1,"[7, 5]",0,0,0,1,0,1,0,0,0,9,19
2024471493670,2024,471493670,531794,120016,-0.12457,50.9645,2,"[3, 2]",5,19:45,-1,E07000228,6,2,1,0,1,"[9, 19]","[3, 7]","[1, 3]",0,0,0,1,0,0,0,0,0,9,19
2024471493677,2024,471493677,481871,126317,-0.83387,51.0304,3,3,5,22:54,-1,E07000225,6,2,1,0,2,4,1,5,0,1,4,1,0,0,0,0,0,9,19
2024471493702,2024,471493702,492902,99171,-0.68351,50.78468,2,"[3, 2]",5,22:25,-1,E07000224,6,2,1,0,1,19,"[5, 1]","[1, 5]",0,0,0,1,0,0,0,0,0,9,19
2024471493814,2024,471493814,582439,111090,0.5915,50.87052,2,2,6,07:42,-1,E07000062,6,0,1,0,1,"[9, 19]","[6, 2]","[3, 6]",0,0,0,1,1,0,0,0,0,9,20
2024471493867,2024,471493867,513379,103976,-0.39166,50.82423,2,2,5,16:35,-1,E07000229,3,0,1,0,1,19,"[5, 3]","[1, 7]",0,0,0,1,1,0,0,0,0,9,19
2024471493878,2024,471493878,529242,138524,-0.15429,51.13142,3,3,6,12:00,-1,E07000226,3,0,1,1,2,"[19, 4]",2,6,0,0,0,1,0,0,0,0,0,9,20
2024471493927,2024,471493927,502712,102439,-0.54348,50.81241,3,3,4,18:50,-1,E07000224,3,0,1,0,1,5,1,5,0,0,0,1,0,0,0,0,1,9,18
2024471493931,2024,471493931,505719,105674,-0.49988,50.84095,2,2,6,13:20,-1,E07000224,3,0,1,0,2,19,3,7,7,1,11,0,1,0,0,0,0,9,20
2024471493944,2024,471493944,485753,105543,-0.78341,50.84307,3,3,7,15:50,-1,E07000225,4,0,1,0,1,"[5, 19]","[0, 8]",4,0,0,0,1,1,0,0,0,0,9,14