collision_index,collision_year,collision_ref_no,location_easting_osgr,location_northing_osgr,longitude,latitude,casualty_severity,casualty_severity,day_of_week,time,local_authority_district,local_authority_ons_district,first_road_class,light_conditions,weather_conditions,road_surface_conditions,urban_or_rural_area,vehicle_manoeuvre,vehicle_direction_from,vehicle_direction_to,hit_object_in_carriageway,vehicle_leaving_carriageway,hit_object_off_carriageway,is_car,is_cyle,is_mcyle,is_goodsv,is_other,is_pedestrian,month,day
2024471494004,2024,471494004,546044,123660,0.07968,50.99381,3,3,5,10:45,-1,E07000065,6,0,1,0,2,"[9, 19]","[8, 4]","[4, 8]",0,0,0,1,0,1,0,0,0,9,19
2024471494028,2024,471494028,485102,101414,-0.79361,50.80604,3,3,6,16:51,-1,E07000225,4,0,1,0,2,"[2, 5, 19]","[0, 3, 6]","[0, 8, 2]",0,0,0,1,0,0,0,0,0,9,20
2024471494069,2024,471494069,525595,135352,-0.20749,51.10372,2,"[3, 2]",6,15:25,-1,E07000226,3,0,1,0,1,"[13, 19]",6,2,0,0,0,1,0,0,0,0,1,9,20
2024471494077,2024,471494077,507122,103185,-0.48069,50.81831,2,2,5,08:20,-1,E07000224,3,0,1,0,2,19,7,3,0,0,0,1,0,0,0,0,1,9,19
2024471494206,2024,471494206,531732,105214,-0.13079,50.83148,2,2,6,15:22,-1,E06000043,3,0,1,0,1,"[4, 3]",6,2,0,0,0,1,0,0,1,0,0,9,20
2024471494237,2024,471494237,528383,105971,-0.17805,50.83904,3,3,3,17:50,-1,E06000043,3,2,2,1,1,7,7,1,0,0,0,1,0,0,0,0,1,9,10
2024471494317,2024,471494317,498006,102849,-0.61015,50.81691,3,3,7,18:20,-1,E07000224,4,0,1,0,2,19,1,5,0,0,0,1,0,0,0,0,1,9,21
2024471494369,2024,471494369,540489,132877,0.00415,51.07802,2,2,7,19:00,-1,E07000065,6,2,2,1,2,19,5,1,0,1,9,1,0,0,0,0,0,9,21
2024471494370,2024,471494370,508867,126307,-0.44904,51.02583,3,3,7,17:45,-1,E07000227,6,0,1,0,2,19,"[6, 2]","[2, 6]",0,0,0,1,0,0,0,0,0,9,21
2024471494397,2024,471494397,530296,139492,-0.13889,51.13988,2,2,1,03:43,-1,E07000226,1,2,2,1,2,11,2,6,0,7,9,1,0,0,0,0,0,9,22
2024471494402,2024,471494402,530855,104317,-0.14355,50.82362,3,3,1,01:33,-1,E06000043,3,2,2,1,1,-1,-1,-1,-1,-1,0,1,0,0,0,0,1,9,22
2024471494483,2024,471494483,557061,128490,0.23864,51.03431,3,3,1,11:50,-1,E07000065,4,0,1,1,2,"[19, 9]","[4, 6]","[8, 2]",0,0,0,1,0,0,0,0,0,9,22
2024471494527,2024,471494527,530129,109240,-0.15211,50.86803,3,3,1,08:20,-1,E06000043,3,0,2,1,2,19,1,7,0,1,2,0,0,1,0,0,0,9,22
2024471494534,2024,471494534,491262,112957,-0.70334,50.90888,3,3,1,11:30,-1,E07000225,6,0,1,1,2,19,"[7, 3]","[3, 7]",0,0,0,1,0,0,0,0,0,9,22
2024471494546,2024,471494546,529338,137455,-0.1533,51.12179,3,3,1,11:35,-1,E07000226,3,0,1,1,1,"[9, 19]","[8, 6]","[6, 2]",0,0,0,1,0,1,0,0,0,9,22
2024471494607,2024,471494607,535389,128942,-0.07008,51.04389,3,3,1,18:43,-1,E07000228,4,0,2,1,2,19,8,4,0,1,0,0,0,0,0,1,0,9,22
2024471494655,2024,471494655,561400,101943,0.28873,50.79458,3,3,2,01:30,-1,E07000061,3,2,2,1,1,19,4,2,0,1,1,1,0,0,0,0,0,9,23
2024471494712,2024,471494712,559858,101182,0.26654,50.78817,2,2,6,15:35,-1,E07000061,3,0,1,0,2,"[5, 19]","[3, 1]","[1, 5]",0,0,0,1,0,1,0,0,0,9,20
2024471494807,2024,471494807,500079,103665,-0.58051,50.82389,2,2,6,08:50,-1,E07000224,6,0,1,0,2,"[15, 19]",5,1,0,0,0,1,1,0,0,0,0,9,20
2024471494864,2024,471494864,548203,139209,0.11679,51.13299,2,2,2,10:53,-1,E07000065,3,0,2,1,2,19,7,3,0,1,3,1,0,0,0,0,0,9,23
2024471494894,2024,471494894,571721,130638,0.44854,51.04942,2,"[3, 2]",2,10:10,-1,E07000064,3,0,8,1,2,"[4, 19, 12]",1,5,0,0,0,1,0,0,1,0,0,9,23
2024471494900,2024,471494900,565549,105390,0.3491,50.82439,3,3,2,13:10,-1,E07000065,3,0,1,0,2,19,7,3,0,7,4,1,0,0,0,0,0,9,23
2024471494909,2024,471494909,485507,105815,-0.78684,50.84555,3,3,2,07:00,-1,E07000225,4,0,2,1,1,19,8,4,0,1,2,1,0,0,0,0,0,9,23
2024471494910,2024,471494910,556034,137142,0.22773,51.11233,2,"[3, 2]",2,13:52,-1,E07000065,6,0,1,1,2,"[9, 19]","[8, 7]","[7, 4]",0,0,0,1,0,0,0,0,0,9,23
2024471494919,2024,471494919,548285,120924,0.11048,50.96865,2,2,7,12:21,-1,E07000065,4,0,1,0,2,19,"[3, 6]","[6, 3]","[10, 0]",0,0,1,0,1,0,0,0,9,21
2024471495008,2024,471495008,516102,103698,-0.35311,50.8212,3,3,2,14:30,-1,E07000229,6,0,1,0,1,"[2, 1]","[0, 1]","[0, 3]",0,0,0,1,0,0,0,0,0,9,23
2024471495020,2024,471495020,510259,105720,-0.43542,50.84051,1,1,2,17:19,-1,E07000224,3,0,1,0,2,"[19, 12]",3,7,0,"[0, 1]",0,1,0,1,0,0,0,9,23
2024471495034,2024,471495034,573095,109293,0.45798,50.85725,2,2,2,19:00,-1,E07000064,6,2,1,0,1,9,5,3,0,0,0,1,1,0,0,0,0,9,23
2024471495049,2024,471495049,533544,104763,-0.10524,50.82701,3,3,7,19:55,-1,E06000043,6,2,2,1,1,"[2, 19]","[0, 1]","[0, 5]",0,0,0,1,0,0,0,0,0,9,21
2024471495175,2024,471495175,514862,102840,-0.37097,50.81373,3,3,2,07:00,-1,E07000229,6,0,2,1,1,"[7, 19]","[3, 1]",5,0,0,0,1,1,0,0,0,0,9,23
2024471495179,2024,471495179,533139,125008,-0.1036,51.00906,2,2,4,16:30,-1,E07000228,6,0,1,0,1,"[9, 19]","[7, 3]","[5, 7]",0,0,0,1,1,0,0,0,0,9,18
2024471495286,2024,471495286,495381,107224,-0.64626,50.85667,3,3,3,07:00,-1,E07000224,3,0,1,0,2,"[11, 19]",7,3,0,0,0,1,0,0,0,0,0,9,24
2024471495391,2024,471495391,532988,105834,-0.11274,50.83676,3,3,1,15:20,-1,E06000043,6,0,9,1,1,19,3,7,0,0,0,1,0,0,0,0,1,9,22
2024471495416,2024,471495416,531669,104182,-0.13205,50.82222,3,3,7,17:46,-1,E06000043,6,0,1,0,1,"[7, 9]","[3, 5]","[5, 3]",0,0,0,1,0,1,0,0,0,9,21
2024471495440,2024,471495440,495414,106985,-0.64586,50.85452,3,3,4,10:45,-1,E07000224,6,0,1,0,2,"[1, 19]","[1, 3]","[5, 7]",0,0,0,1,1,0,0,0,0,8,28
2024471495487,2024,471495487,573059,108078,0.4569,50.84634,2,"[3, 2]",3,18:57,-1,E07000064,3,2,1,0,1,"[9, 19]","[5, 3]",7,0,0,0,1,0,0,0,0,0,9,24
2024471495512,2024,471495512,501455,127000,-0.55449,51.03342,3,3,3,15:35,-1,E07000225,6,0,8,0,2,19,8,4,0,0,0,1,0,0,0,0,1,9,24
2024471495523,2024,471495523,571858,109304,0.44043,50.85771,3,3,3,21:30,-1,E07000064,6,2,1,0,2,19,7,3,0,7,4,1,0,0,0,0,0,9,24
2024471495526,2024,471495526,532120,122653,-0.11897,50.98812,2,2,3,21:00,-1,E07000228,3,2,1,0,2,19,1,5,0,2,11,1,0,0,0,0,0,9,24
2024471495558,2024,471495558,534489,113493,-0.08862,50.90525,2,"[2, 3]",3,20:20,-1,E07000063,4,2,1,0,2,"[19, 13]","[3, 7]","[7, 3]",0,0,0,1,0,0,0,0,0,9,24
2024471495665,2024,471495665,526675,112132,-0.20016,50.89479,2,2,5,18:05,-1,E07000228,6,0,1,0,2,"[19, 10]","[1, 7]",5,0,0,0,1,1,0,0,0,0,9,12
2024471495680,2024,471495680,540972,100979,-0.00129,50.79124,2,"[2, 3]",4,08:10,-1,E07000063,3,0,1,1,1,19,"[3, 7]","[7, 3]",0,"[0, 8]","[0, 2]",1,0,0,0,0,0,9,25
2024471495829,2024,471495829,489053,101978,-0.73741,50.81052,3,3,4,12:15,-1,E07000225,4,0,1,1,1,"[3, 19]",-1,-1,0,1,0,1,0,0,0,0,0,9,25
2024471495857,2024,471495857,527276,107782,-0.19314,50.85556,3,3,4,07:32,-1,E06000043,3,0,1,1,2,"[19, 4]",8,3,0,0,0,1,0,0,0,0,0,9,25
2024471495880,2024,471495880,491081,99745,-0.70919,50.79013,3,3,4,08:57,-1,E07000224,4,0,1,1,2,19,5,1,0,0,0,0,1,0,0,0,0,9,25
2024471495899,2024,471495899,515138,105129,-0.36634,50.83425,2,2,3,06:43,-1,E07000229,3,0,2,1,1,"[19, -1]","[7, -1]","[3, -1]","[0, -1]","[0, -1]",0,0,0,1,1,0,0,9,24
2024471495917,2024,471495917,493168,99049,-0.67977,50.78354,3,3,4,19:01,-1,E07000224,6,2,2,1,1,"[20, 19]","[0, 3]","[0, 7]",0,0,0,1,0,0,0,0,1,9,25
2024471495981,2024,471495981,513235,102846,-0.39405,50.8141,3,3,4,18:58,-1,E07000229,3,2,2,1,1,19,3,7,0,0,0,1,0,0,0,0,1,9,25
2024471496012,2024,471496012,526351,128675,-0.19903,51.04354,3,3,5,05:38,-1,E07000228,3,2,2,1,2,19,1,5,0,0,0,1,0,0,0,0,0,9,26
2024471496078,2024,471496078,547954,136138,0.11197,51.10545,2,2,5,08:10,-1,E07000065,4,0,8,1,2,"[9, 19]",5,2,0,"[0, 1]",0,1,0,0,0,0,0,9,26
2024471496200,2024,471496200,511128,104402,-0.42348,50.8285,3,3,5,08:25,-1,E07000229,6,0,1,0,1,"[19, 5]",3,7,0,0,0,1,1,0,0,0,0,9,26
2024471496250,2024,471496250,480335,119182,-0.85735,50.96647,3,3,5,09:51,-1,E07000225,6,0,1,1,2,19,"[6, 2]","[2, 6]",0,"[1, 0]",0,1,0,0,1,0,0,9,26
2024471496323,2024,471496323,514805,103050,-0.37171,50.81563,3,3,4,16:38,-1,E07000229,3,0,1,0,1,"[19, 9]","[5, 1]","[1, 7]",0,0,0,1,0,1,0,0,0,9,25
2024471496371,2024,471496371,537698,138498,-0.03352,51.12922,3,3,5,11:05,-1,E07000228,6,0,1,1,2,"[9, 19]","[1, 5]","[5, 1]",0,0,0,1,0,0,0,0,0,9,26
2024471496380,2024,471496380,530441,125435,-0.14188,51.01351,3,3,5,15:56,-1,E07000228,4,0,8,1,2,"[14, 2]","[4, 0]","[8, 0]",0,0,0,1,0,0,0,0,0,9,26
2024471496407,2024,471496407,563837,104398,0.32438,50.81596,3,3,5,17:39,-1,E07000065,4,0,8,1,2,"[9, 19]","[5, 1]","[3, 5]",0,0,0,1,0,0,0,0,0,9,26
2024471496413,2024,471496413,560638,133855,0.29199,51.08153,3,3,5,12:55,-1,E07000065,4,0,5,1,2,19,8,4,0,2,0,1,0,0,0,0,0,9,26
2024471496428,2024,471496428,528276,140090,-0.16753,51.14571,3,3,5,12:45,-1,E07000226,3,0,1,0,2,19,"[3, 4]",7,"[10, 0]",0,0,1,0,0,0,0,0,9,26
2024471496437,2024,471496437,506965,122317,-0.47732,50.99032,2,"[2, 3]",5,15:08,-1,E07000227,3,0,2,1,2,"[19, 7, 9]","[6, 7, 2]","[2, 1, 7]",0,0,0,1,0,1,0,0,0,9,26
2024471496443,2024,471496443,518791,105405,-0.3144,50.83599,3,3,5,15:45,-1,E07000223,6,0,8,1,1,"[2, 19]","[0, 7]","[0, 3]","[0, 4]",0,0,1,0,0,0,0,0,9,26
2024471496464,2024,471496464,503229,103400,-0.53588,50.82095,2,2,4,15:15,-1,E07000224,3,0,1,0,1,5,7,3,0,0,0,1,0,0,0,0,1,9,25
2024471496469,2024,471496469,497544,101272,-0.61712,50.80281,3,3,3,13:28,-1,E07000224,3,0,1,0,2,19,"[6, 1]","[2, 6]",0,"[1, 0]",0,1,0,0,0,0,0,9,24
2024471496470,2024,471496470,511707,105805,-0.41483,50.841,3,3,5,20:50,-1,E07000229,3,2,8,1,2,"[19, 9]","[3, 5]","[7, 3]",0,0,0,1,0,0,1,0,0,9,26
2024471496542,2024,471496542,492312,99540,-0.69178,50.78809,2,2,5,06:46,-1,E07000224,6,0,1,1,1,"[7, 19]","[8, 6]","[3, 2]",0,0,0,1,1,0,0,0,0,9,26
2024471496565,2024,471496565,486756,105488,-0.76918,50.84242,3,3,5,11:07,-1,E07000225,6,0,1,0,1,"[20, 19]","[0, 2, 5]","[0, 6]","[0, 4]",0,0,1,0,1,0,0,1,9,19
2024471496589,2024,471496589,576162,118410,0.50591,50.93823,2,2,6,18:08,-1,E07000064,6,0,1,0,2,19,"[6, 2]","[2, 6]",0,0,0,1,0,0,0,0,0,9,20
2024471496597,2024,471496597,550767,106478,0.13984,50.8382,3,3,6,07:33,-1,E07000065,3,0,2,1,2,"[19, 9]","[3, 5]","[7, 3]",0,0,0,1,0,0,0,0,0,9,27
2024471496750,2024,471496750,591448,122555,0.7254,50.97059,2,"[3, 2]",6,12:10,-1,E07000064,3,0,5,1,2,"[19, 9]","[3, 6]","[7, 4]",0,"[0, 6]",0,1,0,0,0,0,0,9,27
2024471496799,2024,471496799,561928,99549,0.29516,50.77293,2,2,6,09:25,-1,E07000061,6,0,2,1,1,19,3,7,0,0,0,1,0,0,0,0,1,9,27
2024471496846,2024,471496846,583725,110884,0.60965,50.86826,3,3,6,18:25,-1,E07000062,6,2,1,1,1,"[19, 2]","[6, 0]","[1, 0]",0,"[0, 1]",0,1,0,0,0,0,0,9,27
2024471496889,2024,471496889,540612,121004,0.0013,50.9713,2,2,6,18:20,-1,E07000063,3,2,1,1,2,"[19, 9]",3,"[7, 1]",0,0,0,1,1,0,0,0,0,9,27
2024471496905,2024,471496905,531442,104567,-0.13513,50.82573,3,3,7,00:01,-1,E06000043,3,2,1,0,1,19,1,5,0,0,0,1,0,0,0,0,1,9,28
2024471496941,2024,471496941,586487,112176,0.64952,50.87898,3,3,4,14:50,-1,E07000064,6,0,1,0,2,"[13, 9]",3,7,0,0,0,1,0,0,0,1,0,9,25
2024471496951,2024,471496951,499636,110218,-0.58501,50.88287,2,"[3, 2]",6,15:20,-1,E07000224,3,0,1,0,2,19,"[8, 2, 6]","[4, 6, 2]",0,"[0, 1]",0,1,0,0,0,0,0,9,20
2024471497037,2024,471497037,512032,105784,-0.41023,50.84075,3,3,7,09:15,-1,E07000229,3,0,1,0,1,"[19, 3]","[7, 1]","[3, 7]",0,0,0,1,0,0,0,0,0,9,28
2024471497055,2024,471497055,566853,124396,0.37628,50.99477,3,3,7,11:57,-1,E07000064,3,0,1,0,2,"[9, 13]",6,"[5, 2]",0,0,0,1,0,1,0,0,0,9,28
2024471497120,2024,471497120,529681,137601,-0.14835,51.12302,3,3,7,14:05,-1,E07000226,3,0,1,0,1,"[3, 7]","[7, 4]",2,0,0,0,1,1,0,0,0,0,9,28
2024471497122,2024,471497122,509448,114109,-0.44442,50.91608,2,2,6,09:40,-1,E07000227,3,0,2,1,2,"[19, 3]","[7, 3]","[3, 7]",0,0,0,1,0,0,0,0,0,9,27
2024471497153,2024,471497153,530167,106978,-0.15237,50.84769,3,3,7,17:42,-1,E06000043,3,0,1,0,1,"[7, 19]",1,"[3, 5]",0,0,0,1,1,0,0,0,0,9,28
2024471497174,2024,471497174,582542,109501,0.59217,50.85621,3,3,7,19:39,-1,E07000062,3,2,1,0,1,19,"[3, 1]","[7, 5]",0,0,0,1,0,1,0,0,0,9,28
2024471497178,2024,471497178,525777,122427,-0.20938,50.98751,3,3,7,12:20,-1,E07000228,3,0,1,0,2,"[19, 10]",7,"[3, 5]",0,"[1, 0]","[11, 0]",1,0,0,0,0,0,9,14
2024471497182,2024,471497182,533116,124652,-0.10406,51.00586,2,2,7,18:30,-1,E07000228,6,0,1,0,1,"[7, 19]",3,"[5, 7]",0,0,0,1,0,0,0,0,0,9,28
2024471497221,2024,471497221,559302,99220,0.25781,50.7707,3,3,7,17:00,-1,E07000061,3,0,1,0,1,"[13, 9]","[3, 2]","[6, 8]",0,0,0,1,0,0,0,0,0,9,28
2024471497223,2024,471497223,558779,109414,0.25481,50.86244,3,3,7,20:09,-1,E07000065,4,2,1,0,1,"[19, 9, 2]","[7, 1, 0]","[3, 7, 0]","[0, 4]",0,0,1,0,1,0,0,0,9,28
2024471497230,2024,471497230,557854,121383,0.24685,50.97024,3,3,7,15:40,-1,E07000065,3,0,1,0,2,"[5, 9]",1,6,0,0,0,1,0,1,0,0,0,9,28
2024471497237,2024,471497237,489475,99422,-0.73205,50.78747,3,3,7,22:20,-1,E07000224,6,2,1,0,2,"[3, 19]","[5, 1]","[1, 5]",0,"[0, 1]","[0, 1]",1,0,0,0,0,0,9,28
2024471497244,2024,471497244,564912,130687,0.35151,51.05186,3,3,7,23:25,-1,E07000065,4,2,1,0,2,19,4,8,0,1,0,1,0,0,0,0,0,9,28
2024471497264,2024,471497264,543368,104022,0.03387,50.818,2,2,1,06:20,-1,E07000063,3,0,1,0,2,19,"[8, 4]","[4, 8]",0,"[7, 1]",0,1,0,0,0,0,0,9,29
2024471497276,2024,471497276,533837,104210,-0.10128,50.82197,3,3,7,13:46,-1,E06000043,6,0,1,0,1,"[14, 9]",1,"[5, 7]",0,0,0,1,0,1,0,0,0,9,28
2024471497406,2024,471497406,528144,137950,-0.17018,51.12651,3,3,6,13:30,-1,E07000226,3,0,1,0,1,5,6,"[3, -1]",0,0,0,1,0,1,0,0,0,9,20
2024471497434,2024,471497434,531090,105494,-0.1398,50.83414,3,3,1,15:30,-1,E06000043,3,0,1,0,1,19,4,8,0,0,0,1,1,0,0,0,0,9,29
2024471497435,2024,471497435,517158,105251,-0.33763,50.83494,3,3,5,08:09,-1,E07000223,6,0,1,1,1,"[19, 4]","[6, 7]","[2, 5]",0,0,0,1,0,0,0,0,0,9,26
2024471497436,2024,471497436,530472,136501,-0.13745,51.11296,3,3,6,05:45,-1,E07000226,1,2,4,1,2,19,1,5,0,1,4,1,0,0,0,0,0,9,27
2024471497475,2024,471497475,532103,105824,-0.1253,50.83688,3,3,1,19:41,-1,E06000043,3,2,2,1,1,19,5,8,0,0,0,1,0,0,0,0,1,9,29
2024471497492,2024,471497492,571688,107935,0.43737,50.84546,3,3,1,19:14,-1,E07000064,3,2,2,1,1,"[19, 4]","[3, 7]","[7, 3]",0,0,0,1,0,0,0,0,0,9,29
2024471497513,2024,471497513,530639,104341,-0.14661,50.82388,2,2,1,16:45,-1,E06000043,4,0,1,0,1,5,3,7,0,0,0,0,0,0,1,0,1,9,29
2024471497534,2024,471497534,530219,137548,-0.14069,51.12243,3,3,2,03:46,-1,E07000226,1,2,2,1,2,19,5,1,0,1,6,1,0,0,0,0,0,9,30
2024471497710,2024,471497710,559054,97329,0.25348,50.75377,3,3,3,03:27,-1,E07000061,6,2,2,1,2,19,7,3,0,0,0,0,0,1,0,0,0,9,24
2024471497784,2024,471497784,565078,105141,0.34231,50.82228,3,3,7,09:35,-1,E07000065,3,0,1,0,2,"[11, 19]","[7, 5]","[1, 2]",0,0,0,1,1,0,0,0,0,9,21
2024471497798,2024,471497798,569074,125525,0.40843,51.00427,3,3,2,08:53,-1,E07000064,3,0,5,1,2,"[2, 19]","[0, 6]","[0, 2]","[0, 4]","[0, 2]",0,1,0,0,0,1,0,9,30
2024471497810,2024,471497810,563173,101764,0.31379,50.79248,3,3,1,10:55,-1,E07000061,3,0,4,0,2,19,3,7,0,0,0,1,0,0,0,0,0,9,29
2024471497832,2024,471497832,510403,103492,-0.43404,50.82046,3,3,2,08:30,-1,E07000229,3,0,2,1,1,"[9, 5]","[3, 1]","[1, 5]",0,0,0,1,0,0,0,0,0,9,30
2024471497859,2024,471497859,548337,99174,0.1024,50.77319,2,"[3, 2]",2,15:35,-1,E07000063,3,0,1,0,1,"[2, 19]","[0, 7]","[0, 3]","[4, 0]","[0, 1]",0,1,0,0,0,0,0,9,30
2024471497916,2024,471497916,521071,111371,-0.28006,50.88915,3,3,6,15:30,-1,E07000227,3,0,1,1,2,"[10, 19]",5,1,0,0,0,1,0,0,0,0,0,9,27
2024471497963,2024,471497963,490190,108138,-0.71977,50.86572,3,3,6,18:00,-1,E07000225,6,0,1,0,2,19,"[1, 7]","[5, 3]",0,0,0,1,0,0,0,0,0,9,13
2024471497981,2024,471497981,528508,139657,-0.16437,51.14177,3,3,3,06:20,-1,E07000226,6,2,1,0,2,19,5,1,0,0,0,0,1,0,0,1,0,10,1
2024471498068,2024,471498068,555856,122483,0.21889,50.98067,1,"[2, 3, 1]",3,07:00,-1,E07000065,3,0,1,0,2,19,"[8, 3]","[4, 7]",0,"[1, 0]",0,1,0,0,1,0,0,10,1
2024471498183,2024,471498183,530277,104117,-0.15183,50.82195,2,2,3,11:00,-1,E06000043,3,0,1,0,1,9,3,1,0,0,0,1,0,0,0,0,1,10,1
2024471498378,2024,471498378,524629,105151,-0.23162,50.83248,3,3,3,17:05,-1,E07000223,6,0,1,1,1,19,"[3, 7]","[7, 3]",0,0,0,1,1,0,0,0,0,10,1
2024471498386,2024,471498386,512942,113367,-0.39497,50.90873,3,3,3,20:15,-1,E07000227,3,2,1,1,2,19,2,6,0,1,4,1,0,0,0,0,0,10,1
2024471498408,2024,471498408,529341,137457,-0.15326,51.12181,3,3,3,19:05,-1,E07000226,3,2,2,1,1,"[19, 10]",2,6,0,0,0,1,0,0,0,0,0,10,1
2024471498676,2024,471498676,500882,113166,-0.56649,50.90916,3,3,7,12:05,-1,E07000225,3,0,1,0,2,"[9, 19]","[5, 1]","[3, 5]",0,0,0,1,0,0,0,0,0,4,13
2024471498709,2024,471498709,531012,105424,-0.14093,50.83353,3,3,4,13:50,-1,E06000043,3,0,1,0,1,5,3,7,0,0,0,1,0,0,0,0,1,10,2
2024471498715,2024,471498715,533351,108552,-0.1066,50.86111,3,3,4,12:00,-1,E06000043,6,0,1,0,2,"[19, 3]",7,"[3, 5]",0,0,0,1,0,1,0,0,0,10,2
2024471498754,2024,471498754,529514,107013,-0.16163,50.84815,3,3,4,16:20,-1,E06000043,6,0,1,0,1,19,"[8, 4]","[4, 8]",0,0,0,1,0,0,0,0,0,10,2
2024471499090,2024,471499090,545865,101374,0.06824,50.79358,2,"[3, 2]",5,12:55,-1,E07000063,3,0,1,0,2,"[9, 19]",7,3,0,"[7, 0]",0,1,0,0,1,0,0,10,3
2024471499136,2024,471499136,527776,105934,-0.18668,50.83884,2,2,5,09:08,-1,E06000043,3,0,1,0,1,"[19, 2]","[7, 0]","[3, 0]","[4, 0]",0,0,1,0,0,0,1,0,10,3
2024471499145,2024,471499145,526059,130143,-0.20268,51.0568,3,3,1,22:10,-1,E07000228,3,2,2,1,2,19,5,1,0,1,6,1,0,0,0,0,0,9,22
2024471499146,2024,471499146,526039,105843,-0.21137,50.8384,3,3,2,15:00,-1,E06000043,3,0,1,0,1,"[19, 5]","[-1, 1]","[-1, 5]",0,0,0,0,1,0,1,0,0,9,30
2024471499189,2024,471499189,567656,105618,0.3791,50.82583,3,3,5,07:14,-1,E07000064,6,0,1,1,2,"[19, 4]",7,3,0,0,0,1,0,0,0,0,0,10,3
2024471499213,2024,471499213,546674,119798,0.0871,50.95895,2,2,5,15:21,-1,E07000065,3,0,1,0,2,19,4,8,0,0,0,1,0,0,0,0,0,10,3
2024471499222,2024,471499222,528197,106757,-0.18042,50.84614,3,3,3,16:10,-1,E06000043,3,0,1,0,1,"[9, 19]","[7, 4]","[4, 8]",0,0,0,1,0,0,0,0,0,10,1
2024471499235,2024,471499235,542568,111863,0.02557,50.88867,2,"[2, 3]",5,18:16,-1,E07000063,3,2,1,0,2,19,"[1, 5]","[5, 1]",0,0,0,1,0,0,0,0,0,10,3
2024471499256,2024,471499256,487818,104148,-0.75442,50.83022,3,3,5,17:35,-1,E07000225,3,0,1,0,2,"[11, 19]",7,3,0,0,0,1,0,0,0,0,0,10,3
2024471499288,2024,471499288,528132,106751,-0.18134,50.8461,3,3,5,15:20,-1,E06000043,6,0,9,0,1,"[2, 19]","[0, 5]","[0, 1]",0,0,0,1,0,0,0,0,1,10,3
2024471499291,2024,471499291,525353,122461,-0.2154,50.98791,3,3,3,15:47,-1,E07000228,3,0,2,1,2,19,"[7, 3]","[3, 7]",0,0,0,1,0,0,0,0,0,10,1
2024471499305,2024,471499305,508763,122805,-0.45157,50.99437,3,3,5,21:15,-1,E07000227,4,2,1,0,2,"[9, 19]","[3, 7]","[7, 3]",0,"[0, 1]","[0, 9]",1,0,0,0,0,0,10,3
2024471499385,2024,471499385,528541,105961,-0.17581,50.83891,3,3,5,16:43,-1,E06000043,3,0,1,0,1,15,3,7,0,0,0,0,0,1,0,0,1,10,3
2024471499406,2024,471499406,525285,136381,-0.21156,51.11304,3,3,5,18:30,-1,E07000226,6,0,1,0,1,19,"[3, 1]","[7, 5]",0,0,0,1,0,0,0,0,0,10,3
2024471499416,2024,471499416,534047,135492,-0.08679,51.10307,3,3,4,15:40,-1,E07000228,4,0,1,0,2,19,2,7,0,0,0,1,0,0,0,0,1,10,2
2024471499488,2024,471499488,558171,104773,0.24417,50.8209,3,3,4,17:20,-1,E07000065,6,0,1,0,1,3,3,1,0,0,0,1,0,0,0,0,1,10,2
2024471499571,2024,471499571,544232,127767,0.05551,51.03118,2,2,5,15:44,-1,E07000065,3,0,1,0,1,"[19, 5]","[1, 3]","[5, 1]",0,0,0,0,0,1,1,0,0,10,3
2024471499578,2024,471499578,478254,105486,-0.88991,50.84362,2,"[3, 2]",5,11:10,-1,E07000225,3,0,1,0,1,19,3,"[3, 7]",0,0,0,1,0,0,0,1,0,10,3
2024471499594,2024,471499594,531172,104551,-0.13897,50.82565,3,3,5,14:30,-1,E06000043,6,0,1,0,1,19,7,3,0,0,0,0,1,1,0,0,0,10,3
2024471499608,2024,471499608,578984,110836,0.54232,50.86932,3,3,5,13:35,-1,E07000062,6,0,1,0,1,"[13, 11]",6,2,0,0,0,1,1,0,0,0,0,10,3
2024471499714,2024,471499714,514962,103327,-0.3694,50.81809,3,3,6,16:58,-1,E07000229,6,0,1,0,1,"[19, 2]","[7, 0]","[3, 0]","[4, 0]",0,0,1,0,0,0,0,0,10,4
2024471499717,2024,471499717,530234,106738,-0.15151,50.84552,2,2,6,18:00,-1,E06000043,3,0,1,0,1,"[9, 19]",5,"[3, 1]",0,0,0,1,0,1,0,0,0,10,4
2024471499736,2024,471499736,484244,108522,-0.80415,50.87007,3,3,7,00:45,-1,E07000225,6,2,1,0,2,19,3,7,0,0,0,1,0,0,0,0,0,10,5
2024471499742,2024,471499742,513739,126659,-0.37948,51.02806,2,2,7,02:32,-1,E07000227,6,2,1,0,2,19,5,1,0,8,4,1,0,0,0,0,0,10,5
2024471499760,2024,471499760,530205,138748,-0.14045,51.13321,3,3,7,05:30,-1,E07000226,1,2,1,0,2,"[3, 19]",1,5,0,"[0, 7]",0,1,0,0,0,0,0,10,5
2024471499817,2024,471499817,497672,122241,-0.60971,50.99129,2,2,4,14:43,-1,E07000225,3,0,1,0,2,19,1,5,0,0,0,1,0,0,0,0,1,10,2
2024471499915,2024,471499915,533348,124047,-0.10098,51.00037,3,3,7,14:04,-1,E07000228,4,0,1,0,1,"[9, 19]","[1, 5]","[8, 1]",0,0,0,1,1,0,0,0,0,10,5
2024471500000,2024,471500000,528376,106119,-0.1781,50.84037,3,3,7,22:15,-1,E06000043,3,2,1,0,1,"[10, 19]","[5, 1]","[3, 5]",0,0,0,1,1,0,0,0,0,10,5