collision_index,collision_year,collision_ref_no,location_easting_osgr,location_northing_osgr,longitude,latitude,casualty_severity,casualty_severity,day_of_week,time,local_authority_district,local_authority_ons_district,first_road_class,light_conditions,weather_conditions,road_surface_conditions,urban_or_rural_area,vehicle_manoeuvre,vehicle_direction_from,vehicle_direction_to,hit_object_in_carriageway,vehicle_leaving_carriageway,hit_object_off_carriageway,is_car,is_cyle,is_mcyle,is_goodsv,is_other,is_pedestrian,month,day
2024471500005,2024,471500005,529551,104585,-0.16196,50.82632,3,3,7,19:10,-1,E06000043,4,2,8,0,1,5,"[3, 4]","[1, 3]",0,0,0,1,0,0,1,0,0,10,5
2024471500023,2024,471500023,530832,106003,-0.14328,50.83877,2,2,7,19:15,-1,E06000043,6,2,1,0,1,"[2, 19]","[0, 1]","[0, 5]",0,0,0,1,1,0,0,0,0,10,5
2024471500032,2024,471500032,549731,123298,0.13203,50.98961,2,2,7,16:15,-1,E07000065,3,0,1,0,2,"[19, 9]","[7, 1, 3]","[3, 7]",0,"[0, 7]",0,1,0,0,0,0,0,10,5
2024471500042,2024,471500042,503131,103386,-0.53727,50.82084,3,3,7,16:50,-1,E07000224,3,0,1,0,1,19,"[1, 3]","[5, 7]",0,0,0,1,0,0,0,0,0,10,5
2024471500274,2024,471500274,528051,136270,-0.1721,51.11143,3,3,7,13:28,-1,E07000226,6,0,1,0,1,"[12, 19]",1,"[7, 5]","[0, 10]",0,0,1,0,1,0,0,0,10,5
2024471500338,2024,471500338,518004,132416,-0.31682,51.07894,3,3,1,18:48,-1,E07000227,6,2,2,1,1,"[9, 19]","[3, 1]","[1, 5]",0,0,0,1,0,0,0,0,0,10,6
2024471500369,2024,471500369,507108,113493,-0.47788,50.91098,2,2,1,17:25,-1,E07000227,4,0,2,1,2,"[19, 5]","[2, 1]","[6, 5]",0,"[1, 0]","[3, 0]",1,0,0,0,0,0,10,6
2024471500379,2024,471500379,546804,128403,0.09242,51.03624,3,3,2,01:30,-1,E07000065,4,2,1,1,2,19,1,5,0,8,4,1,0,0,0,0,0,10,7
2024471500408,2024,471500408,485042,99979,-0.79479,50.79315,3,3,2,04:46,-1,E07000225,4,2,8,1,2,"[2, 19]","[0, 5]","[0, 1]","[0, 4]","[0, 1]","[0, 11]",1,0,0,0,1,0,10,7
2024471500409,2024,471500409,500445,101941,-0.57578,50.80833,2,2,1,11:50,-1,E07000224,3,0,1,0,2,"[5, 19]","[7, 5]","[3, 1]",0,0,0,1,1,0,0,0,0,10,6
2024471500487,2024,471500487,522914,105887,-0.25571,50.83947,3,3,2,08:12,-1,E07000223,6,0,1,1,1,"[19, 9]",1,5,0,0,0,1,1,0,0,0,0,10,7
2024471500499,2024,471500499,488515,102349,-0.74496,50.81394,3,3,2,09:30,-1,E07000225,4,0,1,0,2,"[-1, 4]","[-1, 5]","[-1, 5]","[-1, 0]","[-1, 0]",0,1,0,0,0,0,0,10,7
2024471500568,2024,471500568,524794,105937,-0.22901,50.83951,2,2,2,09:45,-1,E07000223,3,0,1,0,1,19,3,7,0,0,0,1,0,0,0,0,1,10,7
2024471500573,2024,471500573,528749,104765,-0.17328,50.82811,3,3,7,21:15,-1,E06000043,6,2,1,0,1,"[1, 19]","[1, 5]","[5, 1]",0,0,0,1,0,1,0,0,0,10,5
2024471500620,2024,471500620,540825,132153,0.00866,51.07144,3,3,6,12:40,-1,E07000065,6,0,2,1,2,19,"[4, 8]","[8, 4]",0,"[0, 7]",0,1,0,0,0,0,0,9,27
2024471500669,2024,471500669,487832,104307,-0.75418,50.83164,3,3,1,15:10,-1,E07000225,3,0,1,0,2,"[19, 3]",2,6,0,0,0,1,0,0,0,0,0,10,6
2024471500754,2024,471500754,577283,117940,0.52162,50.93366,2,2,2,14:00,-1,E07000064,3,0,1,0,2,19,"[4, 8]","[8, 4]",0,0,0,1,0,0,0,0,0,10,7
2024471500781,2024,471500781,582785,113942,0.59783,50.89603,3,3,2,15:35,-1,E07000064,6,0,1,1,2,19,2,4,0,1,11,1,0,0,0,0,0,10,7
2024471500849,2024,471500849,530806,118740,-0.13909,50.95326,3,3,3,06:25,-1,E07000228,4,2,2,1,1,19,1,5,0,0,0,1,0,0,0,0,1,10,8
2024471500911,2024,471500911,529723,105581,-0.15917,50.83523,3,3,2,17:25,-1,E06000043,3,0,1,0,1,"[9, 3, 19]","[8, 4]","[6, 8]",0,0,0,1,1,0,0,0,0,10,7
2024471500927,2024,471500927,560576,122264,0.28597,50.9774,3,3,3,08:42,-1,E07000065,6,0,1,1,2,4,"[4, 3]","[8, 7]",0,0,0,1,0,0,0,0,0,10,8
2024471500946,2024,471500946,559504,109625,0.26519,50.86413,2,2,2,17:35,-1,E07000065,6,0,1,0,1,"[19, 9]","[-1, 5]","[-1, 2]",0,"[0, 1]","[0, 2]",1,0,0,0,0,0,10,7
2024471500952,2024,471500952,561841,100070,0.29416,50.77763,3,3,2,13:05,-1,E07000061,3,0,1,0,1,-1,-1,-1,11,1,0,1,0,0,0,0,1,10,7
2024471501002,2024,471501002,572050,110681,0.4438,50.87003,3,3,3,09:45,-1,E07000064,3,0,2,1,2,19,4,8,0,0,0,1,0,0,0,0,1,10,8
2024471501042,2024,471501042,517876,105826,-0.32725,50.83997,2,2,2,20:25,-1,E07000223,6,2,2,1,1,"[19, 2]","[5, 0]","[1, 0]","[4, 0]",0,0,1,0,0,0,0,0,10,7
2024471501179,2024,471501179,528561,105960,-0.17553,50.8389,2,2,2,19:20,-1,E06000043,3,2,1,1,1,"[7, 15]",3,7,0,0,0,1,0,1,0,0,0,10,7
2024471501193,2024,471501193,534536,108712,-0.08971,50.86227,3,3,1,14:13,-1,E06000043,3,0,1,0,2,"[11, 19]",3,7,0,0,0,1,0,0,1,0,0,10,6
2024471501216,2024,471501216,573122,107507,0.45752,50.84119,3,3,3,15:15,-1,E07000064,4,0,1,0,1,9,1,7,0,0,0,1,0,0,0,0,1,10,8
2024471501448,2024,471501448,525971,137318,-0.20144,51.12131,3,3,4,08:40,-1,E07000226,3,0,1,1,1,"[19, 3]",-1,-1,0,0,0,1,0,0,0,0,0,10,9
2024471501523,2024,471501523,570807,111933,0.42674,50.88164,3,3,4,11:27,-1,E07000065,3,0,1,0,2,"[6, 4]",7,3,0,0,0,1,0,0,0,0,0,10,9
2024471501527,2024,471501527,533614,104201,-0.10445,50.82194,3,3,3,08:30,-1,E06000043,6,0,1,1,1,19,5,1,0,0,0,1,0,0,0,0,1,10,8
2024471501541,2024,471501541,531498,105421,-0.13403,50.83339,3,3,4,08:30,-1,E06000043,6,0,2,1,1,"[9, 13]",1,"[7, 5]",0,0,0,1,1,0,0,0,0,10,9
2024471501662,2024,471501662,493753,103604,-0.67031,50.8244,2,"[2, 3]",4,13:54,-1,E07000224,3,0,1,1,2,"[19, 4, 9]",1,"[5, 6]",0,0,0,1,0,0,0,0,0,10,9
2024471501679,2024,471501679,515086,131343,-0.3588,51.06989,3,3,1,15:30,-1,E07000227,6,0,9,1,1,"[19, 15, 2]","[3, 7]","[7, 3]","[0, 4]","[1, 0]",0,1,0,1,0,1,0,10,6
2024471501813,2024,471501813,517179,105559,-0.33723,50.83771,3,3,4,16:30,-1,E07000223,3,0,1,0,2,"[9, 12, 19]",7,3,0,"[7, 0]",0,1,0,0,1,0,0,10,9
2024471501828,2024,471501828,502444,106446,-0.54617,50.84847,2,2,4,21:30,-1,E07000224,3,2,1,0,2,19,8,4,0,0,0,1,0,1,0,0,0,10,9
2024471501849,2024,471501849,573861,108026,0.46825,50.84563,3,3,2,18:05,-1,E07000064,3,2,2,1,1,"[19, 9]",1,"[5, 7]",0,0,0,1,0,0,0,0,0,10,7
2024471501944,2024,471501944,526661,135749,-0.19213,51.10705,2,2,7,14:55,-1,E07000226,3,0,1,0,1,"[-1, 19]","[-1, 1]","[-1, 5]",0,0,0,1,1,0,0,0,0,10,5
2024471502030,2024,471502030,525401,139674,-0.20876,51.14261,3,3,5,09:45,-1,E07000226,6,0,2,1,1,19,"[5, 7]","[1, 3]",0,"[3, 0]","[1, 0]",1,0,0,0,0,0,10,10
2024471502149,2024,471502149,488983,107667,-0.73703,50.86168,3,3,5,12:00,-1,E07000225,6,0,1,1,2,19,"[1, 7]","[5, 3]",0,0,0,1,0,0,0,0,0,10,10
2024471502211,2024,471502211,531365,106873,-0.1354,50.84647,3,3,5,15:53,-1,E06000043,6,0,1,0,1,19,5,1,0,1,4,1,0,0,0,0,1,10,10
2024471502218,2024,471502218,574094,121776,0.47811,50.96909,3,3,5,14:15,-1,E07000064,3,0,2,1,2,19,1,5,0,0,0,1,0,0,1,0,0,10,10
2024471502320,2024,471502320,574295,121315,0.48075,50.96489,1,1,5,20:00,-1,E07000064,3,2,1,1,2,19,"[8, 4]","[4, 8]",0,0,0,1,0,1,0,0,0,10,10
2024471502394,2024,471502394,528215,138208,-0.16907,51.12881,3,3,6,08:45,-1,E07000226,6,0,1,0,1,"[2, 19]","[0, 3]","[0, 7]",0,0,0,1,0,0,0,0,0,10,11
2024471502543,2024,471502543,579148,111785,0.54511,50.87779,2,2,2,16:30,-1,E07000062,6,0,2,-1,1,99,"[7, -1]","[5, -1]",99,0,0,1,1,0,0,0,0,10,7
2024471502575,2024,471502575,547280,121139,0.09626,50.97084,3,3,6,13:35,-1,E07000065,6,0,1,0,1,"[5, 3]","[7, 3]","[5, 3]",0,0,0,1,0,0,0,0,0,10,11
2024471502589,2024,471502589,493259,106912,-0.67648,50.85422,2,2,6,13:25,-1,E07000224,3,2,1,0,2,12,3,7,0,7,4,0,0,1,0,0,0,10,11
2024471502597,2024,471502597,556096,125645,0.22366,51.00901,3,3,6,10:59,-1,E07000065,3,0,1,0,2,"[5, 19]","[1, 7]","[5, 3]",0,"[0, 7]",0,1,0,0,0,0,0,10,11
2024471502609,2024,471502609,581781,109479,0.58135,50.85625,3,3,6,14:34,-1,E07000062,3,0,1,0,1,19,1,4,0,0,0,1,0,0,0,0,1,10,11
2024471502654,2024,471502654,529126,105006,-0.16784,50.8302,2,2,6,17:30,-1,E06000043,4,0,1,0,1,"[9, 19]","[5, 1]","[3, 5]",0,0,0,1,1,0,0,0,0,10,11
2024471502692,2024,471502692,531648,103870,-0.13246,50.81942,3,3,6,19:35,-1,E06000043,3,2,1,0,1,"[19, 9]","[3, 1]",7,0,"[1, 0]",0,1,0,1,0,0,0,10,11
2024471502694,2024,471502694,486468,104782,-0.77343,50.83612,2,2,5,22:20,-1,E07000225,3,2,1,0,1,"[5, 19]",3,7,0,0,0,1,0,1,0,0,0,10,10
2024471502697,2024,471502697,513377,103928,-0.3917,50.8238,3,3,6,16:30,-1,E07000229,3,0,1,0,1,"[9, 19]","[5, 3]","[3, 7]",0,0,0,1,0,0,0,0,0,10,11
2024471502734,2024,471502734,502745,102337,-0.54304,50.81148,3,3,6,18:30,-1,E07000224,6,2,1,0,1,19,1,5,0,0,0,0,0,1,0,0,1,10,11
2024471502785,2024,471502785,529525,104295,-0.16243,50.82372,3,3,6,18:50,-1,E06000043,6,2,1,0,1,19,7,3,0,0,0,1,0,0,0,0,1,10,11
2024471502796,2024,471502796,526623,117743,-0.19896,50.94523,2,"[3, 2]",2,17:30,-1,E07000228,4,0,1,1,2,"[7, 19]","[3, 5]","[5, 1]",0,0,0,0,1,0,0,0,0,10,7
2024471502823,2024,471502823,580603,111385,0.56558,50.87375,3,3,4,08:45,-1,E07000062,6,0,1,0,1,1,-1,-1,0,0,0,1,0,0,0,0,1,10,9
2024471502839,2024,471502839,558963,100858,0.25371,50.78551,3,3,7,12:00,-1,E07000061,6,0,1,1,1,-1,-1,-1,0,0,0,1,0,0,0,0,0,10,12
2024471502869,2024,471502869,561422,102810,0.28942,50.80237,2,2,7,18:55,-1,E07000061,3,2,2,1,2,19,8,4,7,1,7,1,0,0,0,0,0,10,5
2024471502922,2024,471502922,562953,112171,0.31529,50.88605,3,3,7,14:20,-1,E07000065,3,0,1,0,2,19,"[2, 7]","[7, 2]",0,"[6, 0]",0,1,0,0,0,1,0,10,12
2024471502950,2024,471502950,515157,130167,-0.35816,51.0593,2,2,6,19:44,-1,E07000227,3,2,1,0,2,19,1,6,0,0,0,1,0,1,0,0,0,10,11
2024471503077,2024,471503077,524993,135488,-0.21604,51.10507,3,3,7,13:20,-1,E07000226,6,0,1,0,1,"[9, 19]","[3, 7]","[1, 3]",0,0,0,1,0,0,0,0,0,10,12
2024471503212,2024,471503212,519700,109772,-0.30007,50.87506,3,3,1,20:22,-1,E07000227,3,2,1,0,2,19,8,4,9,0,0,1,0,0,0,0,0,10,13
2024471503228,2024,471503228,529318,104665,-0.16524,50.82709,2,2,5,11:16,-1,E06000043,4,0,1,1,1,19,"[1, 7]","[5, 3]",0,0,0,1,0,0,1,0,0,10,10
2024471503245,2024,471503245,550763,106477,0.13978,50.83819,2,2,1,22:40,-1,E07000065,3,2,1,0,2,19,"[1, 3]","[5, 1]",0,0,0,1,0,1,0,0,0,10,13
2024471503262,2024,471503262,530488,136739,-0.13714,51.11509,2,2,4,01:40,-1,E07000226,1,2,2,1,1,19,1,5,11,0,0,1,0,0,0,0,1,10,9
2024471503264,2024,471503264,554261,98305,0.18599,50.76384,3,3,4,23:50,-1,E07000065,3,2,1,0,2,19,7,3,0,"[1, 0]","[10, 0]",1,0,0,0,0,0,10,9
2024471503281,2024,471503281,560719,102121,0.27916,50.79637,3,3,2,06:29,-1,E07000061,6,2,2,1,1,5,3,7,0,0,0,1,0,0,0,0,1,10,14
2024471503421,2024,471503421,518574,105507,-0.31744,50.83696,3,3,2,12:05,-1,E07000223,3,0,2,1,1,"[19, 12]",7,3,0,0,0,1,0,0,0,0,0,10,14
2024471503542,2024,471503542,554772,112002,0.19901,50.88678,2,"[3, 2]",1,11:25,-1,E07000065,3,0,1,0,2,"[9, 19]","[2, 8]","[7, 3]",0,0,0,1,0,0,0,0,0,10,13
2024471503585,2024,471503585,531488,105267,-0.13423,50.83201,3,3,2,15:30,-1,E06000043,3,0,1,1,1,"[19, 4]",1,5,0,0,0,1,0,0,0,0,0,10,14
2024471503595,2024,471503595,558547,126964,0.25914,51.02019,2,"[2, 3]",2,14:57,-1,E07000065,6,0,2,1,2,"[2, 19]","[0, 6]","[0, 3]",0,"[0, 8]",0,1,0,0,0,0,1,10,14
2024471503614,2024,471503614,537786,102013,-0.04607,50.8013,3,3,2,15:45,-1,E06000043,3,0,1,1,1,"[3, 19]",7,3,0,0,0,1,0,0,0,0,0,10,14
2024471503661,2024,471503661,507674,123773,-0.46679,51.00328,3,3,2,18:30,-1,E07000227,3,2,1,1,2,"[5, 19]","[7, 5]","[6, 1]",0,0,0,1,0,0,0,0,0,10,14
2024471503664,2024,471503664,576848,125502,0.51911,51.00173,3,3,2,18:50,-1,E07000064,4,2,2,1,2,"[10, 19]",5,"[3, 1]",0,"[3, 0]",0,1,0,0,0,0,0,10,14
2024471503673,2024,471503673,533953,108229,-0.09817,50.85807,3,3,2,16:15,-1,E06000043,3,0,1,1,2,4,2,6,0,0,0,1,0,0,0,0,0,10,14
2024471503684,2024,471503684,500388,109598,-0.5745,50.87717,2,"[3, 2]",3,00:15,-1,E07000224,3,2,7,1,2,19,"[5, 1]","[1, 5]",0,7,0,1,0,0,0,0,0,10,15
2024471503689,2024,471503689,530608,141647,-0.13365,51.15918,3,3,2,22:27,-1,E07000226,1,2,1,1,2,"[19, 5]",1,5,0,0,0,1,0,0,0,0,0,10,14
2024471503698,2024,471503698,530207,138809,-0.1404,51.13376,2,"[3, 2]",2,12:55,-1,E07000226,1,0,2,1,2,"[19, 4]",1,5,0,0,0,1,0,0,0,0,0,10,14
2024471503709,2024,471503709,530331,125578,-0.1434,51.01482,3,3,2,07:00,-1,E07000228,4,0,5,1,2,19,4,8,0,0,0,1,0,0,0,0,1,10,14
2024471503806,2024,471503806,514384,114236,-0.37419,50.91626,3,3,3,00:30,-1,E07000227,6,2,7,0,2,19,8,4,0,1,0,1,0,0,0,0,0,10,15
2024471503904,2024,471503904,519891,132974,-0.28971,51.08357,3,3,3,08:18,-1,E07000227,3,0,1,1,2,19,"[4, 2]","[2, 8]",0,0,0,1,0,0,0,0,0,10,15
2024471503933,2024,471503933,571508,131206,0.44577,51.05459,3,3,3,07:15,-1,E07000064,3,0,7,1,2,9,3,1,0,0,0,1,0,0,0,0,0,10,15
2024471504059,2024,471504059,561252,98840,0.28527,50.76674,3,3,3,14:00,-1,E07000061,3,0,1,0,1,"[8, 19]",1,5,99,"[0, 3]",0,1,0,1,0,0,0,10,15
2024471504070,2024,471504070,578214,110702,0.53132,50.86835,3,3,3,09:55,-1,E07000062,6,0,1,0,1,7,1,4,0,"[1, 0]",0,1,0,0,0,0,0,10,15
2024471504083,2024,471504083,528451,105598,-0.17722,50.83567,2,2,3,15:27,-1,E06000043,3,0,1,0,1,19,1,5,0,0,0,1,0,0,0,0,1,10,15
2024471504153,2024,471504153,515297,105173,-0.36407,50.83461,3,3,3,17:00,-1,E07000229,3,0,1,0,1,19,"[7, 8]",3,0,0,0,1,0,0,0,0,0,10,15
2024471504323,2024,471504323,527442,104976,-0.19175,50.8303,2,2,4,08:00,-1,E06000043,6,0,1,1,1,19,"[5, 1]","[1, 5]",0,0,0,1,1,0,0,0,0,10,16
2024471504560,2024,471504560,528061,136498,-0.17188,51.11347,2,2,3,20:50,-1,E07000226,3,2,2,1,1,19,"[5, 3]","[1, 7]",0,0,0,1,1,0,0,0,0,10,15
2024471504601,2024,471504601,565771,129573,0.36324,51.0416,3,3,3,11:48,-1,E07000064,6,0,1,1,2,19,8,4,11,1,10,0,0,0,1,0,0,10,15
2024471504636,2024,471504636,505703,103247,-0.50081,50.81913,3,3,4,17:50,-1,E07000224,3,0,1,0,2,"[19, -1]",-1,-1,"[0, -1]","[0, -1]",0,1,1,0,0,0,0,10,16
2024471504638,2024,471504638,517254,105547,-0.33617,50.83758,3,3,3,08:10,-1,E07000223,3,0,1,0,1,"[19, 9]","[2, 6]","[6, 3]",0,0,0,1,0,0,0,0,0,10,15
2024471504662,2024,471504662,531399,118860,-0.13061,50.9542,3,3,4,18:15,-1,E07000228,4,2,2,1,1,19,7,3,0,0,0,1,0,0,0,0,1,10,16
2024471504678,2024,471504678,551254,132066,0.15737,51.068,3,3,6,16:15,-1,E07000065,6,0,2,1,1,"[4, 19]","[5, 4]","[1, 8]",0,0,0,1,0,0,0,0,0,9,27
2024471504722,2024,471504722,479730,106886,-0.86864,50.856,3,3,3,11:05,-1,E07000225,6,2,1,0,2,"[2, 19]","[0, -1]","[0, -1]",0,0,0,1,0,0,0,0,0,10,15
2024471504743,2024,471504743,586283,116151,0.64864,50.91476,3,3,5,02:25,-1,E07000064,3,2,1,1,2,19,7,3,0,7,4,1,0,0,0,0,0,10,17
2024471504778,2024,471504778,496422,101213,-0.63306,50.80246,2,2,5,16:55,-1,E07000224,3,0,1,0,2,19,2,6,0,0,0,1,0,0,0,0,1,10,3
2024471504888,2024,471504888,527003,137778,-0.18654,51.12521,3,3,5,08:10,-1,E07000226,3,0,1,0,1,19,7,3,0,0,0,1,0,0,0,0,0,10,17
2024471504975,2024,471504975,548127,127013,0.11071,51.02341,2,2,5,09:00,-1,E07000065,3,0,1,1,2,"[19, 4]",5,1,0,0,0,1,0,0,0,0,0,10,17
2024471505064,2024,471505064,526354,122487,-0.20114,50.98793,3,3,4,10:50,-1,E07000228,3,0,1,0,2,"[19, 9]","[7, 1]","[3, 7]",0,0,0,1,0,0,0,0,0,10,16
2024471505135,2024,471505135,514694,103986,-0.373,50.82406,2,2,5,08:50,-1,E07000229,6,0,1,0,1,"[9, 19]","[7, 1]","[3, 5]",0,0,0,1,0,0,0,1,0,10,17
2024471505140,2024,471505140,509971,114559,-0.43685,50.92002,2,2,5,17:00,-1,E07000227,6,0,8,0,2,"[19, 2, 5]","[5, 0]","[1, 0]",0,0,0,1,0,0,0,0,0,10,17
2024471505144,2024,471505144,582035,110670,0.58555,50.86687,2,2,5,13:35,-1,E07000062,6,0,1,0,1,"[2, 19]","[0, 7]","[0, 3]","[0, 4]","[0, 7]",0,1,0,1,0,0,0,10,17
2024471505152,2024,471505152,552468,129613,0.17365,51.04564,3,3,5,15:10,-1,E07000065,6,0,1,1,1,19,-1,-1,0,0,0,1,0,0,0,0,1,10,17
2024471505158,2024,471505158,573851,108038,0.46812,50.84574,3,3,5,17:06,-1,E07000064,3,0,1,0,1,"[9, 19]","[1, 5]","[7, 1]",0,"[0, 3]",0,1,0,0,0,1,0,10,17
2024471505220,2024,471505220,528499,106527,-0.17621,50.84401,3,3,5,22:30,-1,E06000043,6,2,1,0,1,"[9, 19]","[5, -1]","[4, -1]",0,0,0,1,0,0,0,0,0,10,17
2024471505236,2024,471505236,529904,104709,-0.15691,50.82735,3,3,5,18:52,-1,E06000043,6,2,1,1,1,7,7,1,0,0,0,1,0,0,0,0,1,10,17
2024471505508,2024,471505508,567823,112199,0.38448,50.88491,3,3,4,08:01,-1,E07000065,3,0,1,1,2,19,"[6, 2]","[2, 6]",0,0,0,1,0,0,0,0,0,10,16
2024471505524,2024,471505524,531501,105229,-0.13406,50.83167,2,2,4,15:08,-1,E06000043,3,0,1,0,1,5,1,5,0,0,0,0,0,0,1,0,1,9,18
2024471505546,2024,471505546,558598,102967,0.24945,50.80456,3,3,6,19:44,-1,E07000065,3,2,1,0,1,"[19, 11]","[5, 3]",8,0,0,0,1,0,0,0,0,0,10,4
2024471505550,2024,471505550,517090,130860,-0.33036,51.06514,3,3,5,17:00,-1,E07000227,4,0,1,0,1,"[14, 3]","[6, 3]","[2, 7]",0,0,0,1,0,1,0,0,0,10,17
2024471505552,2024,471505552,534648,108748,-0.08811,50.86257,1,1,6,10:36,-1,E06000043,3,0,1,0,2,19,3,7,0,0,0,0,0,0,1,0,1,10,18
2024471505567,2024,471505567,555792,123122,0.21825,50.98642,2,2,2,12:40,-1,E07000065,3,0,1,0,2,19,"[7, 5]","[5, 1]",0,0,0,1,0,1,0,0,0,10,7
2024471505568,2024,471505568,578066,110850,0.52929,50.86973,3,3,6,07:32,-1,E07000062,6,0,1,0,1,"[19, 2]","[8, 0, 3]","[2, 0, 8]",0,0,0,1,0,0,0,0,0,10,18
2024471505588,2024,471505588,579704,108799,0.55154,50.85079,2,2,6,09:20,-1,E07000062,3,0,1,0,1,19,7,3,0,0,0,1,0,0,0,0,1,10,18
2024471505596,2024,471505596,534668,134412,-0.07832,51.09321,3,3,5,22:58,-1,E07000228,4,2,1,0,2,19,8,4,0,0,0,1,0,1,0,0,0,10,17
2024471505599,2024,471505599,564498,102898,0.33308,50.80229,2,"[2, 3]",6,15:10,-1,E07000065,3,0,1,0,2,"[19, 4]",6,2,0,0,0,1,0,0,0,0,0,10,18
2024471505617,2024,471505617,531353,104058,-0.13658,50.82118,3,3,6,14:45,-1,E06000043,3,0,1,0,1,"[19, 3]",3,7,0,"[0, 1]","[0, 7]",1,1,0,0,0,0,10,18
2024471505628,2024,471505628,532053,105651,-0.12607,50.83533,3,3,6,15:00,-1,E06000043,3,0,1,0,1,"[7, 19]",5,1,0,0,0,1,1,0,0,0,0,10,18
2024471505633,2024,471505633,591907,120520,0.73085,50.95216,3,3,6,16:33,-1,E07000064,3,0,1,0,2,9,6,4,0,0,0,1,0,0,0,0,1,10,18
2024471505649,2024,471505649,532747,135645,-0.10529,51.10474,3,3,5,15:56,-1,E07000228,6,0,1,1,2,19,"[7, 3]","[3, 7]",0,"[1, 0]",0,1,0,0,0,0,0,10,17
2024471505761,2024,471505761,481001,96111,-0.85296,50.75895,3,3,3,16:30,-1,E07000225,6,0,9,0,2,"[15, 4]",4,8,0,0,0,1,0,0,1,0,0,10,8
2024471505813,2024,471505813,515010,103666,-0.36861,50.82113,3,3,4,08:20,-1,E07000229,6,0,2,1,1,"[9, 19]","[3, 1]","[1, 5]",0,0,0,1,1,0,0,0,0,10,9
2024471505950,2024,471505950,559135,115841,0.26266,50.92009,3,3,7,05:00,-1,E07000065,6,2,2,1,2,19,4,2,0,1,1,1,0,0,0,0,0,10,19
2024471505987,2024,471505987,563664,112569,0.32557,50.88942,3,3,7,21:30,-1,E07000065,3,2,1,1,2,"[19, 2]","[4, 0]","[7, 0]","[4, 0]",0,0,1,0,0,0,0,0,10,19
2024471506018,2024,471506018,526397,133354,-0.19674,51.08559,3,3,1,00:11,-1,E07000226,3,2,1,0,2,"[19, 3]",2,6,0,0,0,1,0,0,0,0,0,10,20
2024471506120,2024,471506120,501917,102747,-0.55468,50.81531,3,3,1,12:50,-1,E07000224,6,0,5,1,1,19,4,8,11,7,11,1,0,0,0,0,0,10,20
2024471506194,2024,471506194,531598,125751,-0.12528,51.01609,3,3,1,16:22,-1,E07000228,6,0,2,1,2,19,7,3,0,0,0,1,0,0,0,0,0,10,20
2024471506230,2024,471506230,562804,101196,0.30831,50.78748,3,3,1,19:30,-1,E07000061,3,2,2,1,1,"[19, 2]","[3, 0]","[7, 0]",0,0,0,1,0,0,0,0,0,10,20
2024471506231,2024,471506231,493148,110002,-0.67727,50.88201,3,3,6,09:45,-1,E07000225,3,0,1,1,2,19,5,1,0,7,0,1,0,0,0,0,0,10,18
2024471506240,2024,471506240,510954,105692,-0.42556,50.84013,3,3,6,16:50,-1,E07000224,3,0,1,0,1,"[7, 19]","[5, 2]",6,"[7, 0]","[4, 1]","[6, 0]",1,0,0,0,0,0,10,18
2024471506250,2024,471506250,515429,134189,-0.353,51.0954,3,3,5,07:09,-1,E07000227,6,0,1,0,2,19,"[4, 1]","[1, 6]",0,1,"[0, 9]",1,0,0,0,0,0,10,17
2024471506266,2024,471506266,555525,129221,0.21706,51.0413,3,3,7,19:00,-1,E07000065,4,2,1,0,2,"[19, 2]","[2, 0]","[6, 0]",4,0,0,1,0,0,0,0,0,10,19
2024471506275,2024,471506275,530989,104449,-0.1416,50.82477,2,2,1,11:07,-1,E06000043,6,0,2,1,1,"[9, 19]","[3, 7]","[1, 3]",0,0,0,1,1,0,0,0,0,10,20
2024471506302,2024,471506302,581944,124121,0.59097,50.98773,3,3,5,19:30,-1,E07000064,6,2,1,1,2,19,6,1,0,7,4,1,0,0,0,0,0,10,17
2024471506398,2024,471506398,529674,137599,-0.14845,51.12301,3,3,3,10:45,-1,E07000226,3,2,1,0,1,19,"[2, 3]","[6, 7]",0,0,0,1,0,0,1,0,1,10,15
2024471506507,2024,471506507,558434,103354,0.24729,50.80808,2,2,2,08:05,-1,E07000065,6,0,2,1,1,19,8,4,0,0,0,1,0,0,0,0,1,10,21
2024471506541,2024,471506541,558014,104565,0.24186,50.81908,3,3,1,19:44,-1,E07000065,6,2,1,1,1,"[19, 9]","[6, 2]","[2, 8]",0,0,0,1,0,0,0,0,0,10,20
2024471506572,2024,471506572,532384,106356,-0.12112,50.84159,2,2,2,14:44,-1,E06000043,3,0,2,1,1,19,5,1,0,0,0,0,0,1,0,0,0,10,21
2024471506639,2024,471506639,518554,131640,-0.30922,51.07185,3,3,1,19:20,-1,E07000227,6,2,2,1,1,"[5, 99]",-1,-1,0,0,0,1,1,0,0,0,0,10,20
2024471506688,2024,471506688,512545,102701,-0.40389,50.81294,3,3,2,20:45,-1,E07000229,6,2,2,1,1,5,5,1,7,0,0,1,0,0,0,0,0,10,21
2024471506733,2024,471506733,487815,105445,-0.75415,50.84188,3,3,5,23:16,-1,E07000225,3,2,1,0,1,4,2,6,0,0,0,1,0,1,0,0,0,10,17
2024471506798,2024,471506798,538910,101655,-0.03027,50.79782,3,3,3,08:05,-1,E07000063,3,0,8,1,2,"[13, 19]",8,4,0,"[0, 1]",0,1,1,0,0,0,0,10,22