collision_index,collision_year,collision_ref_no,location_easting_osgr,location_northing_osgr,longitude,latitude,casualty_severity,casualty_severity,day_of_week,time,local_authority_district,local_authority_ons_district,first_road_class,light_conditions,weather_conditions,road_surface_conditions,urban_or_rural_area,vehicle_manoeuvre,vehicle_direction_from,vehicle_direction_to,hit_object_in_carriageway,vehicle_leaving_carriageway,hit_object_off_carriageway,is_car,is_cyle,is_mcyle,is_goodsv,is_other,is_pedestrian,month,day
2024471521656,2024,471521656,507437,102481,-0.47643,50.81193,3,3,3,11:55,-1,E07000224,6,0,1,1,1,"[19, 2]","[3, 0]","[7, 0]",0,0,0,1,0,0,0,0,0,11,26
2024471521695,2024,471521695,528653,123009,-0.16822,50.99211,3,3,3,09:25,-1,E07000228,3,0,8,1,2,"[19, 10]","[2, 6]","[7, 2, 1]",0,"[7, 1, 0]",0,1,0,0,0,0,0,11,26
2024471521722,2024,471521722,551774,135579,0.16626,51.09943,3,3,3,13:20,-1,E07000065,4,0,1,0,2,"[15, 19]",2,6,0,"[0, 1]",0,1,1,0,0,0,0,11,26
2024471521812,2024,471521812,564931,104991,0.34016,50.82098,3,3,3,17:24,-1,E07000065,3,2,1,1,2,"[19, 4]",3,7,0,0,0,1,0,0,0,0,0,11,26
2024471521817,2024,471521817,579028,110892,0.54297,50.86981,3,3,3,17:45,-1,E07000062,6,2,1,0,1,"[8, 19]",4,8,0,0,0,1,0,0,0,0,0,11,26
2024471521830,2024,471521830,517999,130434,-0.31754,51.06113,2,2,3,18:15,-1,E07000227,4,2,1,0,1,"[13, 9]","[6, 5]","[2, 1]",0,0,0,1,1,0,0,0,0,11,26
2024471521867,2024,471521867,533517,137042,-0.09378,51.11712,3,3,3,18:30,-1,E07000228,6,2,1,1,2,19,8,4,0,1,10,1,0,0,0,0,0,11,26
2024471521883,2024,471521883,577849,113895,0.52769,50.89715,3,3,3,21:30,-1,E07000064,3,2,1,0,2,19,"[8, 5]","[4, 1]",0,0,0,1,0,0,0,0,0,11,26
2024471521884,2024,471521884,526767,105164,-0.20127,50.83214,2,2,3,16:50,-1,E06000043,4,0,1,1,1,"[19, 2]","[7, 0]","[3, 0]","[4, 0]","[7, 0]",0,1,0,0,0,0,0,11,26
2024471521893,2024,471521893,581654,114074,0.58183,50.89757,2,2,3,19:55,-1,E07000064,6,2,1,1,2,19,5,1,0,0,0,0,0,1,0,0,0,11,26
2024471521907,2024,471521907,526978,105575,-0.19813,50.83579,3,3,3,22:00,-1,E06000043,6,2,2,1,1,19,5,2,0,2,4,1,0,0,0,0,0,11,26
2024471521919,2024,471521919,525964,130812,-0.2038,51.06283,3,3,4,04:25,-1,E07000228,3,2,5,1,2,19,5,1,0,1,0,1,0,0,0,0,0,11,27
2024471521923,2024,471521923,518909,133459,-0.30356,51.08813,3,3,3,21:40,-1,E07000227,6,2,2,1,2,19,"[1, 8]","[5, 4]",0,0,0,1,0,0,0,0,0,11,26
2024471521996,2024,471521996,527353,135789,-0.18224,51.10726,3,3,3,16:40,-1,E07000226,6,0,2,0,1,19,3,7,0,0,0,1,0,0,0,0,0,11,19
2024471522034,2024,471522034,591763,120269,0.72867,50.94995,3,3,3,11:57,-1,E07000064,3,0,1,0,2,"[10, 15]",4,"[2, 6]","[0, 99]",0,0,1,1,0,0,0,0,11,26
2024471522038,2024,471522038,491183,98868,-0.70796,50.78223,3,3,3,15:15,-1,E07000224,6,0,1,0,1,"[19, 9]",-1,-1,0,0,0,1,1,0,0,0,0,11,26
2024471522166,2024,471522166,493908,100466,-0.66891,50.79616,3,3,3,14:45,-1,E07000224,3,0,1,0,1,"[19, 3]",2,6,0,0,0,1,0,0,0,0,0,11,26
2024471522212,2024,471522212,503760,126914,-0.52166,51.03223,3,3,4,08:47,-1,E07000225,6,0,1,1,2,19,6,2,0,2,4,1,0,0,0,0,0,11,27
2024471522243,2024,471522243,524944,136270,-0.21646,51.11211,3,3,5,08:35,-1,E07000226,6,0,1,0,1,19,6,2,0,0,0,1,0,0,0,0,1,11,21
2024471522252,2024,471522252,570641,118835,0.4276,50.9437,2,2,3,13:30,-1,E07000064,4,0,1,1,2,19,7,4,0,1,0,0,0,1,0,0,0,11,26
2024471522417,2024,471522417,525621,135274,-0.20714,51.10301,3,3,4,21:05,-1,E07000226,3,2,1,1,1,19,1,5,0,1,2,1,0,0,0,0,0,11,27
2024471522418,2024,471522418,532304,104094,-0.12307,50.82128,2,2,4,21:30,-1,E06000043,6,2,1,0,1,"[5, 19]","[7, 5]","[4, 1]",0,0,0,1,1,0,0,0,0,11,27
2024471522437,2024,471522437,558108,121417,0.25048,50.97047,3,3,3,16:30,-1,E07000065,6,0,1,0,2,9,7,5,0,0,0,1,0,0,0,0,1,11,26
2024471522439,2024,471522439,483761,100772,-0.81278,50.80046,2,"[2, 3]",4,17:00,-1,E07000225,3,2,1,0,2,19,"[6, 2]","[2, 6]",0,"[0, 1]","[0, 9]",1,0,0,0,0,0,11,27
2024471522446,2024,471522446,534239,108559,-0.09398,50.86097,2,"[2, 3]",3,16:21,-1,E06000043,3,2,1,0,2,19,"[7, 6]","[3, 2]",0,0,0,1,0,0,0,0,0,11,26
2024471522607,2024,471522607,513851,102944,-0.38528,50.81486,3,3,5,10:00,-1,E07000229,3,0,1,0,1,"[5, 9]","[3, 6]","[8, 4]",0,"[2, 0]","[11, 0]",1,0,0,0,0,0,11,28
2024471522635,2024,471522635,514795,105096,-0.37122,50.83402,3,3,3,08:55,-1,E07000229,3,0,1,1,1,"[9, 3, 19]","[4, 3]","[3, 7, 6]",0,"[0, 7]",0,1,0,1,1,0,0,11,26
2024471522637,2024,471522637,502640,102611,-0.54446,50.81396,3,3,4,18:50,-1,E07000224,3,2,1,0,1,"[19, 9]","[4, 7]","[1, 3]",0,0,0,1,0,0,0,0,0,11,20
2024471522714,2024,471522714,475320,108840,-0.93088,50.87416,1,"[2, 3, 1]",4,22:40,-1,E07000225,6,2,1,2,2,19,7,3,0,1,4,1,0,0,0,0,0,11,27
2024471522806,2024,471522806,522530,105522,-0.26128,50.83627,3,3,2,16:45,-1,E07000223,6,2,1,0,1,"[15, 19]",3,7,0,0,0,1,1,0,0,0,0,11,25
2024471522818,2024,471522818,581316,110824,0.57542,50.86848,3,3,5,15:04,-1,E07000062,6,0,1,0,1,19,7,3,0,1,0,1,0,0,0,0,1,11,28
2024471522889,2024,471522889,579240,111288,0.54618,50.8733,3,3,5,14:45,-1,E07000062,6,0,1,0,1,19,2,6,7,0,0,1,0,0,0,0,0,11,28
2024471522916,2024,471522916,531754,118839,-0.12556,50.95393,2,2,4,18:15,-1,E07000228,6,2,1,0,1,19,1,5,0,0,0,1,0,0,0,0,1,11,27
2024471522925,2024,471522925,528655,137385,-0.16308,51.12131,2,2,5,19:20,-1,E07000226,6,2,8,0,1,"[7, 19]","[7, 5]",1,0,0,0,1,0,1,0,0,0,11,28
2024471522927,2024,471522927,526672,135153,-0.19218,51.10169,3,3,5,18:42,-1,E07000226,3,2,1,0,1,"[3, 19]",2,6,0,0,0,1,0,0,0,0,0,11,28
2024471522939,2024,471522939,531407,106537,-0.13493,50.84344,3,3,5,17:10,-1,E06000043,6,2,8,0,1,"[11, 5]","[3, 7]","[7, 3]",0,0,0,1,0,0,0,0,0,11,28
2024471522958,2024,471522958,476329,106897,-0.91695,50.85656,2,2,5,17:20,-1,E07000225,3,2,1,0,2,7,3,7,0,1,10,1,0,0,0,0,0,11,28
2024471522964,2024,471522964,531199,118944,-0.13342,50.955,3,3,5,17:27,-1,E07000228,6,2,1,0,1,19,"[5, 1]","[1, 5]",0,0,0,1,0,0,0,0,0,11,28
2024471522975,2024,471522975,540087,113413,-0.00908,50.9032,3,3,5,14:05,-1,E07000063,3,0,1,1,2,19,1,5,0,0,0,1,0,0,0,0,1,11,28
2024471523034,2024,471523034,527235,135655,-0.18397,51.10608,1,1,4,12:36,-1,E07000226,6,0,1,0,1,"[2, 1]","[0, 8]","[0, 4]",0,"[7, 0]",0,1,0,0,0,0,0,11,27
2024471523221,2024,471523221,556257,101336,0.21556,50.79054,3,3,6,12:10,-1,E07000065,6,0,1,0,2,19,1,5,0,0,0,1,0,0,0,0,0,11,29
2024471523240,2024,471523240,582721,110622,0.59527,50.86623,2,2,6,05:30,-1,E07000062,6,2,1,0,1,"[2, 19]","[0, 7]","[0, 3]",0,0,0,1,0,0,0,0,0,11,29
2024471523277,2024,471523277,559808,118570,0.27342,50.94442,2,"[3, 2]",6,09:20,-1,E07000065,6,0,8,1,2,19,"[5, 1]","[1, 5]",0,0,0,1,0,0,0,0,0,11,29
2024471523308,2024,471523308,503763,103346,-0.52831,50.82037,2,"[2, 3]",6,11:59,-1,E07000224,3,0,1,0,1,"[13, 19]",6,2,0,"[4, 0]",0,1,0,1,0,0,0,11,29
2024471523358,2024,471523358,517866,111367,-0.32561,50.88977,3,3,6,08:50,-1,E07000227,6,0,1,0,2,"[2, -1]","[0, -1]","[0, -1]",-1,-1,0,1,0,0,0,0,1,11,29
2024471523407,2024,471523407,540518,109614,-0.00442,50.86896,3,3,6,16:05,-1,E07000063,6,0,1,0,1,19,"[7, 3]","[3, 7]",0,0,0,1,1,0,0,0,0,11,29
2024471523468,2024,471523468,531545,103904,-0.13391,50.81975,3,3,6,21:28,-1,E06000043,3,2,1,0,1,"[6, 19]",7,"[7, 3]",0,0,0,1,0,1,0,0,0,11,29
2024471523504,2024,471523504,531540,119101,-0.12852,50.95633,2,2,6,23:40,-1,E07000228,6,2,1,0,1,"[19, 2]","[7, 0]","[3, 0]","[4, 0]",0,0,1,0,0,0,0,0,11,29
2024471523506,2024,471523506,495111,107159,-0.65011,50.85613,1,"[2, 3, 1]",7,00:01,-1,E07000224,3,2,1,1,2,19,"[7, 2]","[2, 6]",0,"[6, 0]","[6, 0]",1,0,0,0,0,0,11,30
2024471523523,2024,471523523,526252,116890,-0.20453,50.93764,3,3,7,04:55,-1,E07000228,4,2,8,1,2,19,4,8,0,7,11,1,0,0,0,0,0,11,30
2024471523568,2024,471523568,525900,137667,-0.20233,51.12446,2,2,5,16:53,-1,E07000226,6,2,1,0,1,"[19, 9]","[8, 4]","[4, 2]",0,0,0,1,0,1,0,0,0,11,28
2024471523672,2024,471523672,529915,137728,-0.14496,51.12411,3,3,7,12:38,-1,E07000226,3,0,1,0,1,"[19, 3]",2,6,0,0,0,1,0,0,0,0,0,11,30
2024471523680,2024,471523680,561922,99444,0.29503,50.77198,3,3,6,20:30,-1,E07000061,3,2,1,0,1,7,1,3,0,0,0,1,0,0,0,0,1,11,29
2024471523721,2024,471523721,514051,102678,-0.38253,50.81243,3,3,7,11:50,-1,E07000229,6,0,1,1,1,19,"[3, 1]","[7, 5]",0,0,0,1,0,0,0,0,0,11,30
2024471523778,2024,471523778,495156,128660,-0.64386,51.04942,3,3,7,17:59,-1,E07000225,3,2,1,1,2,"[13, 19]",1,5,0,"[0, 7]","[0, 1]",1,0,0,0,0,0,11,30
2024471523842,2024,471523842,582189,110639,0.58772,50.86655,3,3,7,22:15,-1,E07000062,6,2,1,1,1,19,5,1,0,0,0,0,0,1,0,0,0,11,30
2024471523906,2024,471523906,538639,138800,-0.01997,51.1317,2,2,1,07:25,-1,E07000228,3,0,1,1,1,"[19, 9]","[4, 6]","[8, 4]",0,0,0,1,0,1,0,0,0,12,1
2024471524080,2024,471524080,523810,118223,-0.23882,50.95015,3,3,1,10:05,-1,E07000228,6,0,2,1,2,"[19, 7]","[8, 6]","[5, 8]",0,0,0,1,0,0,0,0,0,12,1
2024471524095,2024,471524095,486104,104525,-0.77866,50.83386,3,3,1,18:34,-1,E07000225,6,2,2,1,1,19,1,5,0,0,0,0,0,1,0,0,1,12,1
2024471524108,2024,471524108,541514,100894,0.00636,50.79035,2,2,1,17:00,-1,E07000063,3,2,8,1,1,"[19, 5]","[7, 1]","[3, 7]",0,0,0,1,0,0,0,0,0,12,1
2024471524201,2024,471524201,514706,104417,-0.37269,50.82794,3,3,2,08:06,-1,E07000229,6,0,1,1,1,"[9, 19]","[7, 4]","[4, 2]",0,0,0,1,1,0,0,0,0,12,2
2024471524229,2024,471524229,543161,108927,0.03285,50.86214,3,3,2,08:15,-1,E07000063,3,0,1,1,2,"[19, 3]",8,4,0,0,0,1,0,0,0,0,0,12,2
2024471524238,2024,471524238,518931,130094,-0.30435,51.05788,3,3,2,08:28,-1,E07000227,6,0,8,1,1,"[9, 19]","[6, 2]","[5, 6]",0,0,0,1,0,0,0,0,0,12,2
2024471524249,2024,471524249,560991,99108,0.28169,50.76922,2,2,1,13:00,-1,E07000061,3,0,1,0,1,-1,-1,-1,-1,-1,0,1,0,0,0,0,1,12,1
2024471524289,2024,471524289,562078,103667,0.2991,50.80989,3,3,2,09:05,-1,E07000061,4,0,1,1,1,19,8,4,0,0,0,1,0,0,0,0,1,12,2
2024471524301,2024,471524301,509458,101611,-0.44801,50.80373,3,3,1,14:15,-1,E07000224,6,0,1,1,1,5,5,1,0,0,0,1,0,0,0,0,1,12,1
2024471524338,2024,471524338,533419,123307,-0.10024,50.9937,2,2,2,11:30,-1,E07000228,4,0,1,1,1,9,5,2,0,0,0,1,0,0,0,0,1,12,2
2024471524604,2024,471524604,559666,102687,0.26447,50.80175,2,2,2,18:00,-1,E07000061,6,2,1,0,1,"[9, 7]","[1, 7]","[7, 1]",0,0,0,1,0,1,0,0,0,12,2
2024471524605,2024,471524605,491730,101453,-0.69956,50.80538,3,3,2,19:25,-1,E07000224,3,2,1,0,2,"[5, 19]","[4, 2]","[8, 6]",0,0,0,1,1,0,0,0,0,12,2
2024471524606,2024,471524606,483462,105685,-0.81591,50.84468,3,3,2,20:10,-1,E07000225,6,2,1,0,1,19,7,3,0,1,11,1,0,0,0,0,0,12,2
2024471524617,2024,471524617,515102,103594,-0.36733,50.82046,3,3,2,23:55,-1,E07000229,6,2,1,0,1,"[2, 19]","[0, 2]","[0, 6]",0,0,0,1,0,0,0,0,0,12,2
2024471524693,2024,471524693,529028,104369,-0.16946,50.82449,3,3,2,17:45,-1,E06000043,3,2,9,0,1,"[19, 7]",7,"[3, 1]",0,0,0,1,0,1,0,0,0,12,2
2024471524907,2024,471524907,528853,107897,-0.1707,50.85624,3,3,2,09:55,-1,E06000043,6,0,1,0,1,"[2, 14]","[0, 5]","[0, 1]","[0, 4]",0,0,1,1,0,0,0,0,12,2
2024471525043,2024,471525043,592263,120614,0.73597,50.95288,3,3,3,09:00,-1,E07000064,3,0,1,0,2,19,5,2,0,2,0,1,0,0,0,0,0,12,3
2024471525128,2024,471525128,526642,105817,-0.20282,50.83803,3,3,3,06:37,-1,E06000043,3,2,1,0,1,"[19, 12]","[7, 3]","[3, 7]",0,0,0,1,0,0,0,0,0,12,3
2024471525305,2024,471525305,551682,115638,0.15662,50.92027,3,3,4,07:40,-1,E07000065,3,0,1,2,2,"[19, 9]","[1, 3]","[5, 1]",0,0,0,1,0,1,0,0,0,12,4
2024471525315,2024,471525315,477179,108242,-0.90459,50.86854,3,3,4,08:10,-1,E07000225,4,0,1,1,2,19,6,2,0,0,0,0,0,1,0,0,0,12,4
2024471525458,2024,471525458,559999,101078,0.26849,50.7872,3,3,3,17:50,-1,E07000061,6,2,1,0,2,"[9, 5]","[7, 5]","[5, 7]",0,0,0,1,0,0,0,1,0,12,3
2024471525534,2024,471525534,531494,105248,-0.13415,50.83184,2,2,2,14:34,-1,E06000043,3,0,1,1,1,5,1,5,0,0,0,1,0,0,0,0,1,12,2
2024471525535,2024,471525535,510432,102912,-0.4338,50.81524,3,3,4,13:15,-1,E07000229,6,0,1,0,1,"[5, 2]",3,7,4,0,0,1,0,0,0,0,0,12,4
2024471525558,2024,471525558,485648,105639,-0.78488,50.84395,1,1,4,10:20,-1,E07000225,4,0,1,0,1,19,4,8,0,0,0,0,0,1,0,0,0,12,4
2024471525574,2024,471525574,532200,105933,-0.12389,50.83784,3,3,3,15:44,-1,E06000043,6,2,1,0,1,19,8,4,0,0,0,1,0,0,0,0,1,12,3
2024471525612,2024,471525612,535028,134005,-0.07334,51.08947,3,3,4,09:24,-1,E07000228,6,0,1,1,2,"[19, 9]","[8, 2]","[4, 8]",0,0,0,1,0,0,0,0,0,12,4
2024471525628,2024,471525628,573614,107565,0.46453,50.84157,2,2,4,14:00,-1,E07000064,6,0,1,0,1,"[7, 3]","[7, 1]","[1, 5]",0,0,0,1,0,0,0,1,0,12,4
2024471525674,2024,471525674,497997,100213,-0.61098,50.79321,3,3,4,16:30,-1,E07000224,6,0,1,0,1,19,-1,-1,0,0,0,1,0,0,0,0,1,12,4
2024471525731,2024,471525731,530579,105122,-0.14718,50.83091,3,3,4,20:27,-1,E06000043,3,2,1,0,1,"[8, 19]","[2, 6]",3,0,0,0,1,1,0,0,0,0,12,4
2024471525736,2024,471525736,527624,136932,-0.17797,51.11747,3,3,4,17:30,-1,E07000226,6,2,1,0,1,"[19, 5]",3,7,0,0,0,1,0,1,0,0,0,12,4
2024471525808,2024,471525808,511030,103927,-0.42501,50.82425,2,2,4,19:38,-1,E07000229,3,2,1,1,1,7,4,3,0,1,2,1,0,0,0,0,0,12,4
2024471525857,2024,471525857,528932,139604,-0.15833,51.14119,3,3,6,15:29,-1,E07000226,6,2,1,0,2,19,"[3, 7]","[7, 3]",0,"[1, 0]",0,1,0,0,0,0,0,11,22
2024471525858,2024,471525858,582811,123128,0.60281,50.97854,3,3,5,06:38,-1,E07000064,3,2,2,1,2,"[4, 19]",6,2,0,0,0,1,0,0,0,0,0,12,5
2024471525880,2024,471525880,524457,135273,-0.22376,51.10326,3,3,4,16:49,-1,E07000226,6,2,2,1,2,"[3, 4]",1,5,0,0,0,1,0,0,0,0,0,12,4
2024471525905,2024,471525905,529655,104540,-0.1605,50.82589,3,3,3,14:55,-1,E06000043,4,0,1,0,1,"[9, 19]",7,"[5, 3]",0,0,0,1,1,0,0,0,0,12,3
2024471526071,2024,471526071,562902,106752,0.31216,50.83737,3,3,1,15:45,-1,E07000065,6,0,2,1,2,19,"[8, 4]","[4, 8]",0,0,0,1,0,0,0,0,0,12,1
2024471526116,2024,471526116,529526,104278,-0.16242,50.82356,3,3,1,19:35,-1,E06000043,3,2,1,1,1,19,3,7,0,7,1,1,0,0,0,0,0,12,1
2024471526192,2024,471526192,493215,99502,-0.67899,50.78761,2,2,4,09:27,-1,E07000224,6,0,1,0,1,"[2, 19]","[0, 4]","[0, 8]","[0, 8]",0,0,1,1,0,0,0,0,12,4
2024471526222,2024,471526222,583660,111336,0.60895,50.87234,3,3,5,13:20,-1,E07000062,6,0,3,2,1,9,6,2,0,0,0,1,0,0,0,0,1,12,5
2024471526231,2024,471526231,529275,106630,-0.16516,50.84476,3,3,5,13:13,-1,E06000043,6,0,2,1,1,"[19, 3, 8]","[6, 8, 2]","[2, 4, 5]",0,"[7, 0, 1]",0,1,0,0,1,0,0,12,5
2024471526236,2024,471526236,525287,136382,-0.21153,51.11304,3,3,6,20:30,-1,E07000226,6,2,1,0,1,19,"[7, 1]","[3, 5]",0,0,0,1,0,0,0,0,0,11,29
2024471526300,2024,471526300,562325,100485,0.3012,50.78122,3,3,5,17:35,-1,E07000061,6,2,5,1,1,9,5,3,0,0,0,1,0,0,0,0,1,12,5
2024471526353,2024,471526353,525765,135659,-0.20495,51.10644,3,3,5,18:15,-1,E07000226,3,2,2,1,1,"[7, 11]",6,8,0,0,0,1,0,0,0,0,0,12,5
2024471526372,2024,471526372,488376,102410,-0.74692,50.81451,3,3,5,19:10,-1,E07000225,4,2,2,1,1,19,4,7,0,0,0,1,0,0,0,0,1,12,5
2024471526401,2024,471526401,579021,110898,0.54288,50.86986,3,3,5,20:20,-1,E07000062,6,2,5,1,1,"[9, 19]","[4, 2]","[2, 6]",0,0,0,1,1,0,0,0,0,12,5
2024471526408,2024,471526408,517736,105420,-0.32937,50.83634,2,2,4,08:02,-1,E07000223,6,0,1,1,1,5,3,1,0,0,0,0,0,1,0,0,0,12,4
2024471526414,2024,471526414,485381,98793,-0.79026,50.78244,2,"[2, 3]",5,18:30,-1,E07000225,4,2,2,1,2,"[19, 10]",1,"[5, 7]",0,0,0,1,0,0,0,0,0,12,5
2024471526421,2024,471526421,546589,119943,0.08595,50.96027,3,3,5,15:05,-1,E07000065,3,0,5,1,2,"[15, 19]","[4, 8]","[2, 4]","[0, 10]","[0, 1]","[0, 1]",1,0,0,0,0,0,12,5
2024471526430,2024,471526430,545456,101927,0.06266,50.79866,3,3,4,18:45,-1,E07000063,3,2,1,1,2,"[9, 13]","[8, 6]","[8, 2]",0,0,0,1,0,0,1,0,0,12,4
2024471526534,2024,471526534,530140,107078,-0.15272,50.84859,3,3,5,12:20,-1,E06000043,3,0,2,1,1,"[7, 19]",1,"[3, 5]",0,0,0,1,1,0,0,0,0,12,5
2024471526553,2024,471526553,502908,105124,-0.53995,50.83651,3,3,4,23:20,-1,E07000224,3,2,1,1,2,19,"[1, 5]","[5, 1]",0,0,0,1,0,0,1,0,0,12,4
2024471526612,2024,471526612,481907,104976,-0.83815,50.83853,3,3,6,09:10,-1,E07000225,3,0,1,0,2,"[19, 4]",7,3,0,0,0,1,0,0,0,0,0,12,6
2024471526643,2024,471526643,529764,136772,-0.14746,51.11555,3,3,4,21:50,-1,E07000226,4,2,1,1,1,19,"[1, 5]","[7, 1]",0,0,0,1,0,0,0,0,0,11,20
2024471526660,2024,471526660,581885,110213,0.5832,50.86282,2,2,4,19:30,-1,E07000062,6,2,1,0,1,19,5,1,0,0,0,1,0,0,0,0,1,12,4
2024471526700,2024,471526700,555618,109288,0.20987,50.86216,2,2,6,07:50,-1,E07000065,6,0,1,1,2,19,8,5,0,0,0,1,0,0,0,0,1,12,6
2024471526767,2024,471526767,517615,130810,-0.32289,51.06459,3,3,5,18:00,-1,E07000227,4,2,2,1,1,"[9, 19]",6,"[3, 2]",0,0,0,1,1,0,0,0,0,12,5
2024471526862,2024,471526862,513229,105581,-0.3933,50.83869,1,1,6,16:05,-1,E07000229,3,2,1,0,1,19,3,7,0,0,0,1,0,0,0,0,1,12,6
2024471526865,2024,471526865,522299,105571,-0.26455,50.83676,3,3,6,17:53,-1,E07000223,6,2,1,0,1,"[3, 11]",1,5,0,0,0,1,0,1,0,0,0,12,6
2024471526868,2024,471526868,528818,105399,-0.17208,50.8338,3,3,4,16:50,-1,E06000043,6,2,8,0,1,"[7, 19]","[1, 7]",3,0,0,0,1,1,0,0,0,0,12,4
2024471526892,2024,471526892,532446,106459,-0.1202,50.84251,2,2,6,18:39,-1,E06000043,3,2,5,1,1,19,1,5,0,0,0,0,0,1,0,0,0,12,6
2024471526893,2024,471526893,523952,128530,-0.23328,51.04276,3,3,6,20:20,-1,E07000227,4,2,2,1,2,"[19, 9]","[8, 4]","[4, 2]",0,0,0,1,0,0,0,0,0,12,6
2024471526898,2024,471526898,529727,109363,-0.15777,50.86922,3,3,6,19:55,-1,E06000043,3,2,5,1,2,"[12, 19]",8,4,0,0,0,1,0,0,0,0,0,12,6
2024471526976,2024,471526976,561964,100557,0.29612,50.78197,2,2,7,17:26,-1,E07000061,6,2,1,0,1,"[19, 5]","[4, 2]","[8, 6]",0,0,0,1,0,1,0,0,0,11,30
2024471527085,2024,471527085,571566,109347,0.4363,50.85819,3,3,7,13:50,-1,E07000064,6,0,2,1,2,19,5,1,0,1,4,1,0,0,0,0,0,12,7
2024471527145,2024,471527145,580116,108824,0.5574,50.85089,2,2,7,16:27,-1,E07000062,3,2,4,1,1,19,2,7,0,2,2,1,0,0,0,0,0,12,7
2024471527162,2024,471527162,484277,103194,-0.80491,50.82217,2,2,7,15:54,-1,E07000225,6,2,5,1,2,19,7,3,0,1,9,1,0,0,0,0,0,12,7
2024471527221,2024,471527221,532187,105933,-0.12407,50.83784,3,3,7,16:33,-1,E06000043,6,2,5,1,1,19,1,3,0,0,0,1,0,0,0,0,1,12,7
2024471527241,2024,471527241,537670,139355,-0.0336,51.13692,3,3,7,23:35,-1,E07000228,3,2,5,1,1,"[1, 4]",4,"[8, 2]",0,0,0,1,0,0,0,0,0,12,7
2024471527242,2024,471527242,526115,131123,-0.20154,51.0656,3,3,7,20:45,-1,E07000228,4,2,4,1,2,19,"[1, 4]","[4, 1]",0,0,0,1,0,0,0,0,0,12,7
2024471527284,2024,471527284,536998,102222,-0.05717,50.80337,3,3,1,02:10,-1,E06000043,3,2,5,1,1,"[19, 9]",3,"[7, 1]","[0, 7]",0,0,1,0,0,0,0,0,12,8
2024471527371,2024,471527371,516763,130549,-0.33513,51.06241,3,3,1,13:55,-1,E07000227,6,2,1,0,1,2,0,0,0,0,0,1,0,0,0,0,1,12,8
2024471527555,2024,471527555,581492,110469,0.57774,50.86524,2,2,2,06:50,-1,E07000062,3,2,2,1,1,"[2, 19]",1,5,"[0, 4]",0,0,1,1,0,0,0,0,12,9
2024471527599,2024,471527599,528173,137522,-0.16992,51.12265,3,3,2,07:22,-1,E07000226,6,0,1,0,1,9,6,4,0,1,11,1,0,0,0,0,0,12,9
2024471527600,2024,471527600,526046,107522,-0.21069,50.85349,3,3,2,06:52,-1,E06000043,3,2,4,1,2,"[11, 19]",6,3,"[11, 0]",0,0,1,0,0,0,0,0,12,9
2024471527717,2024,471527717,497501,101960,-0.61755,50.809,3,3,2,08:48,-1,E07000224,4,0,1,1,2,19,"[1, 4]","[4, 1]",0,0,0,1,0,0,0,0,0,12,9
2024471527751,2024,471527751,573354,109297,0.46166,50.8572,3,3,5,08:00,-1,E07000064,6,0,1,0,1,19,7,3,0,0,0,1,0,0,0,0,1,12,5
2024471527752,2024,471527752,557236,121399,0.23806,50.97055,3,3,2,11:30,-1,E07000065,3,0,2,1,2,"[9, 19]","[8, 4]","[4, 8]",0,"[7, 0]",0,1,0,0,1,0,0,12,9
2024471527808,2024,471527808,548356,131810,0.11594,51.06646,2,2,2,11:50,-1,E07000065,4,0,8,1,2,19,6,2,11,7,4,1,0,0,0,0,0,12,9
2024471527821,2024,471527821,560149,99602,0.26998,50.7739,2,2,2,12:52,-1,E07000061,6,0,2,1,1,"[9, 19]","[8, 4]","[6, 8]",0,0,0,1,1,0,0,0,0,12,9
2024471527860,2024,471527860,580398,112371,0.56315,50.88267,3,3,4,19:30,-1,E07000062,6,2,2,1,1,19,3,5,0,0,0,1,0,0,0,0,1,12,4
2024471527879,2024,471527879,527438,136556,-0.18075,51.11413,3,3,1,09:30,-1,E07000226,3,2,2,1,1,"[4, 19]",3,7,0,0,0,1,0,0,0,0,0,12,8
2024471527892,2024,471527892,519672,132253,-0.29307,51.07713,3,3,2,17:00,-1,E07000227,4,2,8,1,1,19,6,2,0,0,0,1,0,0,0,0,1,12,9
2024471527901,2024,471527901,558168,104976,0.24422,50.82273,3,3,2,16:06,-1,E07000065,6,2,2,1,1,1,1,5,0,0,0,1,0,0,0,0,1,12,9
2024471527974,2024,471527974,531361,103899,-0.13652,50.81974,3,3,2,18:52,-1,E06000043,3,2,1,1,1,"[19, 5]","[6, 1]","[2, 6]",0,0,0,1,0,0,0,0,0,12,9
2024471527989,2024,471527989,518273,130591,-0.31358,51.06248,3,3,2,18:15,-1,E07000227,6,2,1,1,1,19,"[8, 6]","[4, 2]",0,0,0,1,0,0,0,0,0,12,9
2024471528028,2024,471528028,581482,110476,0.57761,50.8653,3,3,3,00:10,-1,E07000062,3,2,2,1,1,"[2, 19]","[0, 1]","[0, 5]",0,0,0,1,0,0,0,0,0,12,10
2024471528037,2024,471528037,553687,112460,0.18379,50.89118,3,3,6,12:35,-1,E07000065,3,0,1,0,2,19,"[2, 8]","[3, 4]",0,0,0,1,0,0,0,0,0,12,6