collision_index,collision_year,collision_ref_no,location_easting_osgr,location_northing_osgr,longitude,latitude,casualty_severity,casualty_severity,day_of_week,time,local_authority_district,local_authority_ons_district,first_road_class,light_conditions,weather_conditions,road_surface_conditions,urban_or_rural_area,vehicle_manoeuvre,vehicle_direction_from,vehicle_direction_to,hit_object_in_carriageway,vehicle_leaving_carriageway,hit_object_off_carriageway,is_car,is_cyle,is_mcyle,is_goodsv,is_other,is_pedestrian,month,day
2024471528048,2024,471528048,510766,104778,-0.4285,50.83195,3,3,2,07:48,-1,E07000229,6,0,4,0,1,"[9, 19]","[5, 1]","[3, 5]",0,0,0,1,0,0,0,0,0,12,9
2024471528216,2024,471528216,565579,103935,0.34887,50.8113,3,3,1,16:50,-1,E07000065,3,2,5,1,2,"[19, 2]","[2, 0]","[6, 0]","[4, 0]",0,0,1,0,0,0,0,0,12,8
2024471528335,2024,471528335,522234,105147,-0.26561,50.83296,3,3,2,12:08,-1,E07000223,3,0,1,0,1,"[19, 9]","[3, 7]","[7, 3]",0,0,0,1,0,1,0,0,0,12,9
2024471528515,2024,471528515,556227,121717,0.22384,50.97368,3,3,3,11:28,-1,E07000065,3,0,2,1,2,"[19, 5]","[8, 5]",3,0,0,0,1,0,0,0,0,0,12,10
2024471528529,2024,471528529,521478,115613,-0.27287,50.92719,2,2,3,17:09,-1,E07000227,6,2,1,1,2,9,1,8,0,0,0,1,0,0,0,0,1,12,10
2024471528613,2024,471528613,524623,105970,-0.23142,50.83985,3,3,4,06:58,-1,E07000223,3,2,2,1,1,"[5, 19]","[1, 2]","[4, 6]",0,0,0,0,1,0,1,0,0,12,11
2024471528630,2024,471528630,485936,104311,-0.7811,50.83196,3,3,3,19:00,-1,E07000225,3,2,1,1,1,5,8,6,0,0,0,1,0,0,0,0,1,12,10
2024471528667,2024,471528667,517827,130990,-0.31981,51.06616,3,3,3,13:00,-1,E07000227,4,0,1,1,1,19,"[8, 6]",2,0,0,0,1,1,0,0,0,0,12,10
2024471528763,2024,471528763,505053,113169,-0.50719,50.90844,3,3,2,17:45,-1,E07000227,4,2,2,1,2,"[19, 3, 6]",3,"[7, 3]",0,0,0,1,0,0,0,1,0,12,2
2024471528770,2024,471528770,529550,104579,-0.16198,50.82626,3,3,4,13:15,-1,E06000043,4,0,1,0,1,"[9, 5]","[3, 7]","[1, 3]",0,"[1, 7]",0,1,1,0,0,0,0,12,11
2024471528828,2024,471528828,497429,120085,-0.61374,50.97195,3,3,4,15:00,-1,E07000225,3,0,8,1,2,19,5,1,0,1,0,1,0,0,0,0,0,12,11
2024471528835,2024,471528835,559956,99442,0.26717,50.77251,2,2,4,15:42,-1,E07000061,3,0,1,1,1,19,3,7,0,0,0,1,0,0,0,0,1,12,11
2024471528844,2024,471528844,529131,105067,-0.16775,50.83074,2,2,4,16:00,-1,E06000043,4,2,1,0,1,"[19, 2]","[5, 0]","[1, 0]","[4, 0]",0,0,1,0,0,0,0,0,12,11
2024471528888,2024,471528888,527107,114943,-0.19305,50.91996,3,3,4,17:52,-1,E07000228,3,2,1,1,2,"[9, 19]","[5, 2]","[1, 6]",0,0,0,1,0,0,0,0,0,12,11
2024471528971,2024,471528971,574509,107511,0.4772,50.84081,2,2,4,19:20,-1,E07000064,4,2,1,0,1,19,5,1,0,0,0,1,0,0,0,0,1,12,11
2024471528977,2024,471528977,518399,110651,-0.31827,50.88323,3,3,4,17:47,-1,E07000227,3,2,1,1,2,"[4, 19]","[7, 8, 3]","[3, 4, 7]",0,0,0,1,0,0,0,0,0,12,11
2024471528984,2024,471528984,557569,117584,0.24115,50.93618,3,3,4,18:40,-1,E07000065,3,2,1,0,2,"[19, 2]","[1, 0]","[5, 0]","[4, 0]",0,0,1,0,0,0,0,0,12,11
2024471529005,2024,471529005,487066,103661,-0.76521,50.82595,3,3,1,14:06,-1,E07000225,3,0,1,0,1,"[19, 3]",3,7,0,0,0,1,0,1,0,0,0,8,11
2024471529155,2024,471529155,493783,99717,-0.67088,50.78945,3,3,1,20:12,-1,E07000224,4,2,9,1,1,19,8,3,0,0,0,1,0,0,0,0,1,12,8
2024471529218,2024,471529218,531377,139442,-0.12346,51.13918,3,3,3,11:51,-1,E07000228,6,0,1,0,1,1,7,3,0,0,0,1,0,0,0,0,1,12,10
2024471529286,2024,471529286,533251,103629,-0.10981,50.81689,3,3,5,13:25,-1,E06000043,6,0,1,1,1,19,3,7,"[0, 11]",0,0,1,0,0,1,0,1,12,12
2024471529295,2024,471529295,532779,106857,-0.11533,50.84601,3,3,4,18:45,-1,E06000043,6,2,8,1,1,"[3, 19]",4,8,0,0,0,1,0,0,0,0,0,12,11
2024471529332,2024,471529332,534197,123162,-0.08921,50.99222,2,2,5,15:00,-1,E07000228,4,0,1,0,1,19,2,6,0,0,0,1,0,0,0,0,1,12,12
2024471529371,2024,471529371,548800,117959,0.1166,50.94188,3,3,5,16:30,-1,E07000065,3,2,1,1,2,"[9, 19]","[2, 8]","[8, 4]",0,"[0, 8]","[0, 4]",1,0,0,0,0,0,12,12
2024471529391,2024,471529391,515522,103084,-0.36153,50.81579,3,3,5,16:00,-1,E07000229,6,2,1,0,1,"[9, 19]","[5, 2]","[2, 7]",0,"[3, 0]",0,1,0,1,0,0,0,12,12
2024471529461,2024,471529461,506278,121176,-0.48744,50.98019,3,3,5,18:06,-1,E07000227,3,2,1,0,2,"[19, 10]",5,1,0,0,0,1,0,0,0,0,0,12,12
2024471529639,2024,471529639,493354,99174,-0.6771,50.78463,2,2,6,10:45,-1,E07000224,6,0,1,1,1,"[7, 2, 3]","[5, 0, 7]","[7, 0, 3]",0,0,0,1,0,0,0,0,0,12,13
2024471529787,2024,471529787,538368,138995,-0.02376,51.13352,3,3,6,13:06,-1,E07000228,3,0,1,0,1,"[13, 9]","[8, 2]","[4, 7]",0,0,0,1,0,1,0,0,0,12,13
2024471529879,2024,471529879,541842,139458,0.02604,51.13683,2,"[2, 3]",3,10:30,-1,E07000228,3,2,2,1,1,"[5, 19]","[1, 7]","[7, 3]",0,"[1, 0]",0,1,0,0,0,0,0,12,10
2024471529885,2024,471529885,572637,114463,0.45392,50.90383,3,3,4,09:01,-1,E07000064,4,0,1,1,2,19,1,5,0,1,0,1,0,0,0,0,0,12,11
2024471529912,2024,471529912,573512,108038,0.46331,50.84585,3,3,6,19:20,-1,E07000064,3,2,1,0,1,"[13, 9]","[3, 5]","[7, 3]",0,0,0,1,0,1,0,0,0,12,13
2024471529922,2024,471529922,541114,124826,0.00993,51.00552,2,"[2, 3]",6,19:30,-1,E07000065,3,2,1,1,2,19,"[1, 3]","[5, 7]",0,"[1, 7]","[0, 4]",1,0,0,0,0,0,12,13
2024471529947,2024,471529947,491406,99273,-0.7047,50.78583,3,3,6,22:47,-1,E07000224,4,2,2,0,1,"[12, 19]","[1, 5]","[5, 1]",0,0,0,1,0,0,0,0,0,12,13
2024471530139,2024,471530139,518747,122554,-0.30945,50.99015,2,2,7,16:10,-1,E07000227,3,2,1,0,2,19,"[2, 6]","[6, 2]",0,"[0, 2]","[0, 9]",1,0,0,0,0,0,12,14
2024471530253,2024,471530253,532481,133812,-0.10976,51.08833,3,3,1,00:41,-1,E07000228,6,2,1,0,2,19,2,6,0,1,4,1,0,0,0,0,0,12,15
2024471530275,2024,471530275,533065,107242,-0.11113,50.8494,3,3,1,00:06,-1,E06000043,3,2,1,0,1,"[9, 19]","[3, 1]","[1, 6]",0,0,0,1,1,0,0,0,0,12,15
2024471530314,2024,471530314,573882,108294,0.46868,50.84804,3,3,7,07:45,-1,E07000064,3,2,1,0,1,9,4,1,0,0,0,1,0,0,1,0,0,12,14
2024471530374,2024,471530374,530174,106955,-0.15228,50.84748,3,3,5,19:00,-1,E06000043,3,2,9,1,1,"[19, 15]",1,5,0,0,0,1,1,0,0,0,0,12,5
2024471530433,2024,471530433,568329,114322,0.39264,50.90384,2,2,1,11:05,-1,E07000064,6,0,1,1,2,19,1,5,0,0,0,0,1,0,0,0,0,12,15
2024471530466,2024,471530466,485193,129040,-0.78587,51.0544,3,3,1,15:20,-1,E07000225,6,2,1,1,2,19,5,1,0,0,0,1,0,0,0,0,0,12,15
2024471530474,2024,471530474,561298,98478,0.28577,50.76348,3,3,1,16:30,-1,E07000061,6,2,1,0,1,19,"[1, 6]","[5, 2]",0,"[3, 0]",0,1,1,0,0,0,0,12,15
2024471530501,2024,471530501,585973,124429,0.64847,50.98921,3,3,1,18:00,-1,E07000064,3,2,1,1,2,19,4,8,0,7,3,1,0,0,0,0,0,12,15
2024471530509,2024,471530509,580545,112882,0.56549,50.88721,3,3,1,15:25,-1,E07000062,4,0,1,1,2,19,"[3, 8]","[7, 4]","[11, 0]","[1, 8]",11,1,0,0,0,0,0,12,15
2024471530533,2024,471530533,528827,108522,-0.17085,50.86186,2,"[2, 3]",7,15:13,-1,E06000043,3,0,1,0,2,"[13, 5, 19]",2,6,0,0,0,1,0,0,0,0,0,12,14
2024471530552,2024,471530552,503515,103831,-0.5317,50.82478,3,3,2,01:50,-1,E07000224,6,2,1,0,1,"[19, 5]","[3, 7]","[7, 3]",0,0,0,1,0,0,0,0,0,12,16
2024471530556,2024,471530556,533388,123507,-0.1006,50.99551,2,2,1,12:55,-1,E07000228,4,0,1,0,1,19,5,1,0,0,0,1,0,0,0,0,1,12,15
2024471530595,2024,471530595,560363,104794,0.27528,50.82049,3,3,2,08:37,-1,E07000065,3,0,9,0,2,19,1,5,0,0,0,1,0,0,0,0,0,12,16
2024471530709,2024,471530709,518752,103866,-0.31545,50.82217,3,3,2,08:10,-1,E07000223,3,0,1,0,1,"[19, 10]","[7, 1]","[3, 5]",0,0,0,1,0,1,0,0,0,12,16
2024471530854,2024,471530854,536941,102343,-0.05793,50.80447,3,3,1,15:00,-1,E06000043,4,0,1,0,1,19,5,1,0,0,0,1,0,0,0,0,1,12,15
2024471530874,2024,471530874,541411,109768,0.00832,50.87012,3,3,2,15:35,-1,E07000063,6,0,1,0,1,19,6,2,0,0,0,1,0,0,0,0,1,12,16
2024471530911,2024,471530911,562819,101220,0.30853,50.78769,2,2,2,16:24,-1,E07000061,3,2,1,0,1,19,2,6,0,0,0,0,0,1,0,0,0,12,16
2024471530978,2024,471530978,571738,130698,0.44881,51.04996,2,2,2,17:30,-1,E07000064,3,2,1,0,2,19,"[8, 6, 2]","[4, 2, 6]",0,"[0, 7]","[0, 4]",1,0,0,0,0,0,12,16
2024471530995,2024,471530995,531946,105469,-0.12766,50.83372,3,3,2,01:45,-1,E06000043,3,2,1,0,1,"[9, 19]","[6, 2]","[2, 6]",0,0,0,1,1,0,0,0,0,12,16
2024471530999,2024,471530999,548721,107869,0.11137,50.85123,2,2,1,16:23,-1,E07000063,3,2,1,0,2,"[19, 9]","[8, 2]","[4, 8]",0,"[7, 0]",0,1,0,1,0,0,0,12,15
2024471531002,2024,471531002,514452,102916,-0.37676,50.81449,3,3,2,18:18,-1,E07000229,6,2,1,0,1,9,7,5,0,0,0,1,0,0,0,0,1,12,16
2024471531005,2024,471531005,513812,104693,-0.38529,50.83059,3,3,6,12:00,-1,E07000229,6,0,1,0,1,"[5, 19]","[1, 3]","[5, 7]",0,0,0,1,1,0,0,0,0,12,6
2024471531045,2024,471531045,526812,120714,-0.19523,50.97189,3,3,4,08:30,-1,E07000228,3,0,1,0,2,"[15, 19]",5,8,0,0,0,1,0,0,0,0,0,12,11
2024471531265,2024,471531265,529398,105738,-0.16373,50.83672,3,3,2,12:00,-1,E06000043,3,0,1,1,1,"[14, 9]","[7, 2]","[3, 7]",0,0,0,1,0,1,0,0,0,12,16
2024471531486,2024,471531486,533068,107244,-0.11109,50.84942,3,3,3,08:24,-1,E06000043,3,0,1,1,1,"[7, 19]",2,"[4, 6]",0,0,0,1,1,0,0,0,0,12,17
2024471531498,2024,471531498,527696,105908,-0.18783,50.83862,3,3,3,17:18,-1,E06000043,3,2,1,0,1,"[7, 19]","[1, 7]","[5, 3]",0,0,0,1,0,0,0,0,0,12,17
2024471531582,2024,471531582,514203,102444,-0.38044,50.8103,3,3,4,08:33,-1,E07000229,6,0,4,1,1,19,7,3,0,0,0,1,0,0,0,0,1,12,18
2024471531678,2024,471531678,546195,113105,0.0776,50.89892,3,3,4,09:05,-1,E07000063,4,0,2,1,2,"[19, 3]",6,2,0,0,0,1,0,0,0,0,0,12,18
2024471531704,2024,471531704,527916,141901,-0.17203,51.16207,3,3,2,20:08,-1,E07000226,3,2,2,1,1,19,3,6,0,0,0,1,0,0,0,0,0,12,16
2024471531787,2024,471531787,562164,100111,0.29876,50.77791,3,3,2,07:15,-1,E07000061,3,0,8,1,1,9,3,7,0,0,0,1,0,0,0,0,1,12,9
2024471531833,2024,471531833,526637,137669,-0.1918,51.12432,2,"[3, 2]",4,07:30,-1,E07000226,3,0,5,1,1,19,6,2,0,0,0,1,0,0,0,0,0,12,18
2024471531850,2024,471531850,489240,103894,-0.7343,50.82772,2,2,3,17:00,-1,E07000225,4,2,1,1,2,19,"[5, 1]","[1, 5]",0,"[7, 0]","[9, 0]",1,0,0,0,0,0,11,19
2024471531860,2024,471531860,527138,137798,-0.1846,51.12536,2,"[3, 2]",2,17:39,-1,E07000226,3,2,1,1,1,"[4, 19]",2,7,0,0,0,1,0,0,0,0,0,12,9
2024471531931,2024,471531931,533897,105652,-0.0999,50.83492,3,3,4,16:45,-1,E06000043,6,0,1,0,2,-1,-1,-1,-1,-1,0,1,0,0,0,0,0,12,18
2024471531957,2024,471531957,530136,107072,-0.15278,50.84854,2,2,4,18:05,-1,E06000043,3,2,2,1,1,"[4, 9, 19]",5,"[1, 3]",0,0,0,1,0,0,1,1,0,12,18
2024471531991,2024,471531991,531920,104817,-0.12826,50.82787,3,3,4,20:00,-1,E06000043,6,2,2,1,1,-1,-1,-1,-1,-1,0,1,0,0,0,0,1,12,18
2024471532019,2024,471532019,523402,106120,-0.24871,50.84146,2,2,2,21:30,-1,E07000223,3,2,1,0,1,"[19, 5]","[2, 3]",7,0,0,0,1,0,1,0,0,0,12,16
2024471532023,2024,471532023,521750,133943,-0.26285,51.09188,3,3,3,20:49,-1,E07000227,3,2,1,0,2,"[19, 12]",2,7,0,0,0,1,0,0,1,0,0,12,17
2024471532038,2024,471532038,564195,132843,0.34227,51.07143,2,2,4,16:35,-1,E07000065,4,2,2,1,2,"[19, 2]","[6, 0]","[2, 0]",0,"[0, 1]","[0, 11]",1,0,0,0,0,0,12,18
2024471532048,2024,471532048,572655,114527,0.45421,50.9044,2,2,4,22:05,-1,E07000064,4,2,2,1,2,19,8,6,0,1,11,1,0,0,0,0,0,12,18
2024471532049,2024,471532049,532772,103812,-0.11653,50.81864,3,3,4,17:05,-1,E06000043,6,2,1,1,1,"[19, 9]","[7, 5]","[3, 2]",0,0,0,1,0,1,0,0,0,12,18
2024471532238,2024,471532238,493715,100305,-0.67169,50.79474,3,3,7,18:10,-1,E07000224,3,2,1,0,1,-1,-1,-1,-1,-1,0,1,0,0,0,0,0,12,14
2024471532246,2024,471532246,567787,123779,0.3893,50.98896,2,2,4,13:40,-1,E07000064,6,0,2,1,2,19,"[2, 6]","[6, 2]",0,1,0,1,0,0,0,0,0,12,18
2024471532247,2024,471532247,512826,105171,-0.39914,50.83508,3,3,4,16:20,-1,E07000229,6,2,2,1,1,9,7,5,0,0,0,1,0,0,0,0,1,12,18
2024471532386,2024,471532386,488917,122179,-0.73443,50.99215,3,3,5,11:00,-1,E07000225,3,0,1,0,2,19,-1,-1,0,0,0,1,0,0,0,0,1,12,19
2024471532424,2024,471532424,512790,104089,-0.39999,50.82536,2,2,5,11:00,-1,E07000229,6,0,8,0,1,19,3,7,0,1,3,1,0,0,0,0,0,12,19
2024471532539,2024,471532539,535158,108915,-0.0808,50.86395,3,3,5,18:09,-1,E07000063,3,2,1,0,2,5,"[7, 3]","[3, 7]",0,0,0,1,0,0,0,0,0,12,19
2024471532544,2024,471532544,561440,101883,0.28927,50.79403,3,3,5,17:59,-1,E07000061,3,2,1,0,2,14,1,4,0,0,0,0,0,1,0,0,0,12,19
2024471532595,2024,471532595,539244,138716,-0.01136,51.1308,2,2,5,13:15,-1,E07000228,6,0,1,0,1,19,6,8,0,0,0,1,0,0,0,0,1,12,19
2024471532596,2024,471532596,525931,137435,-0.20197,51.12237,3,3,5,17:00,-1,E07000226,6,2,8,0,1,4,7,3,0,"[0, 1]",0,1,0,0,0,0,0,12,19
2024471532606,2024,471532606,530489,118824,-0.14357,50.95408,3,3,4,16:15,-1,E07000228,6,2,2,1,1,"[19, 5]","[1, 3]","[5, 8]",0,0,0,1,0,0,0,0,0,12,18
2024471532755,2024,471532755,528479,137179,-0.16567,51.1195,2,2,6,07:35,-1,E07000226,6,2,1,0,1,"[2, 19]","[0, 3]","[0, 7]","[0, 4]",0,0,1,0,0,0,0,0,12,20
2024471532823,2024,471532823,515113,102637,-0.36747,50.81186,2,2,6,10:25,-1,E07000229,3,0,2,0,1,5,5,1,0,0,0,1,0,0,0,0,1,12,20
2024471532869,2024,471532869,511990,109649,-0.40964,50.8755,3,3,6,10:25,-1,E07000224,3,0,1,1,2,"[19, 7]",5,"[1, 7]",0,1,0,1,0,0,0,0,0,12,20
2024471532952,2024,471532952,531959,103754,-0.12809,50.81831,3,3,6,15:00,-1,E06000043,6,0,5,1,1,19,7,3,0,0,0,1,0,1,0,0,0,12,20
2024471533138,2024,471533138,515095,102689,-0.36771,50.81233,3,3,7,00:10,-1,E07000229,6,2,1,1,1,"[7, 19]","[7, 5]",1,0,0,0,1,0,1,0,0,0,12,21
2024471533149,2024,471533149,530612,104310,-0.147,50.82361,3,3,6,22:50,-1,E06000043,6,2,1,1,1,"[9, 1]","[7, 3]","[5, 7]",0,0,0,1,0,0,0,0,0,12,20
2024471533224,2024,471533224,525010,137252,-0.21518,51.12092,3,3,7,08:50,-1,E07000226,6,0,2,1,1,"[19, 6]",5,2,0,0,0,1,0,0,0,0,0,12,21
2024471533239,2024,471533239,543580,102551,0.0363,50.80473,3,3,7,09:25,-1,E07000063,6,0,2,1,2,"[19, 10]",5,1,0,0,0,1,0,0,0,0,0,12,21
2024471533248,2024,471533248,592068,120519,0.73314,50.9521,3,3,6,20:02,-1,E07000064,3,2,5,1,2,19,-1,-1,0,0,0,1,0,0,0,0,1,12,20
2024471533260,2024,471533260,526552,105813,-0.2041,50.83802,3,3,6,16:15,-1,E06000043,3,2,2,1,1,"[19, 8]",3,7,0,0,0,1,0,0,0,0,0,12,20
2024471533275,2024,471533275,532843,105257,-0.115,50.83161,3,3,6,15:20,-1,E06000043,6,0,1,0,1,"[6, 19]","[1, 3]","[5, 7]",0,0,0,1,0,1,0,0,0,12,20
2024471533332,2024,471533332,499861,101753,-0.58412,50.80674,2,2,6,18:20,-1,E07000224,3,2,2,1,2,19,"[6, 2]","[2, 6]",0,0,0,1,0,0,0,0,0,12,20
2024471533400,2024,471533400,527860,138586,-0.17401,51.13229,3,3,6,17:45,-1,E07000226,6,2,2,1,1,"[19, 9]","[-1, 7]","[-1, 5]",0,0,0,1,0,0,0,0,0,12,20
2024471533423,2024,471533423,563664,101148,0.32047,50.78681,2,"[3, 2]",7,18:50,-1,E07000061,6,2,1,0,1,"[14, 19, 2]","[6, 2, 0]","[2, 6, 0]","[4, 0]",0,0,1,0,0,0,0,0,12,21
2024471533449,2024,471533449,530894,105107,-0.14272,50.83071,3,3,7,23:01,-1,E06000043,3,2,2,1,1,19,7,4,0,0,0,1,0,0,0,0,1,12,21
2024471533621,2024,471533621,529170,105335,-0.1671,50.83314,3,3,1,10:40,-1,E06000043,4,0,1,0,1,"[5, 9]","[7, 3]","[3, 1]",0,0,0,1,0,1,0,0,0,12,22
2024471533642,2024,471533642,498474,103917,-0.60322,50.82643,3,3,1,11:50,-1,E07000224,6,0,4,0,2,19,3,7,0,2,0,1,0,0,0,0,0,12,22
2024471533656,2024,471533656,569007,107794,0.39926,50.84499,2,"[3, 2]",1,18:21,-1,E07000064,3,2,1,0,2,19,"[8, 4]","[4, 8]",0,"[0, 1]",0,1,0,0,0,0,0,12,15
2024471533767,2024,471533767,561799,99122,0.29315,50.76912,3,3,1,16:55,-1,E07000061,3,2,1,0,1,1,2,6,0,0,0,1,0,0,0,0,1,12,22
2024471533771,2024,471533771,502641,106347,-0.5434,50.84755,2,"[3, 2]",1,19:20,-1,E07000224,6,2,4,1,2,"[19, 2]","[7, 0]","[2, 0]",0,0,0,1,0,0,0,0,0,12,22
2024471533822,2024,471533822,595501,123357,0.78348,50.97643,3,3,4,15:00,-1,E07000064,3,0,2,1,2,19,7,4,0,1,11,0,0,0,1,0,0,12,18
2024471533831,2024,471533831,532743,106928,-0.11582,50.84665,3,3,6,18:00,-1,E06000043,3,2,1,0,1,"[9, 19]","[2, 6]","[8, 2]",0,0,0,1,0,1,0,0,0,12,20
2024471534020,2024,471534020,527772,105313,-0.18695,50.83326,3,3,2,11:15,-1,E06000043,6,0,1,0,1,"[2, 19]","[0, 1]","[0, 5]","[0, 4]",0,0,1,1,0,0,0,0,12,23
2024471534058,2024,471534058,562917,100869,0.30976,50.78451,3,3,2,12:00,-1,E07000061,6,0,1,0,2,"[4, 19]",4,8,0,0,0,1,0,0,0,0,0,12,23
2024471534070,2024,471534070,514603,104347,-0.37418,50.82733,2,2,2,12:10,-1,E07000229,3,0,1,0,1,"[13, 9]","[5, 7]","[1, 5]",0,0,0,1,0,1,0,0,0,12,23
2024471534103,2024,471534103,530259,104610,-0.15191,50.82638,2,2,6,11:05,-1,E06000043,4,0,1,0,1,4,1,5,"[99, 8]","[9, 0]","[99, 0]",1,1,0,0,0,0,12,20
2024471534212,2024,471534212,580817,109051,0.56746,50.85271,2,2,2,19:45,-1,E07000062,3,2,1,0,1,19,7,3,7,0,0,0,0,1,0,0,0,12,23
2024471534239,2024,471534239,562216,122993,0.30964,50.98349,3,3,2,20:10,-1,E07000065,3,2,2,1,2,"[19, 2]","[2, 3, 6]","[6, 7, 2]","[0, 4]",0,0,1,0,0,1,0,0,12,23
2024471534251,2024,471534251,582897,110505,0.59771,50.86512,2,2,2,15:55,-1,E07000062,3,2,1,0,1,"[19, 9]","[5, 7]","[1, 5]",0,0,0,1,0,1,0,0,0,12,23
2024471534274,2024,471534274,528566,105958,-0.17546,50.83888,3,3,6,13:24,-1,E06000043,3,0,1,0,1,"[9, 19]","[7, 3]","[5, 7]",0,0,0,1,0,0,0,0,0,12,20
2024471534287,2024,471534287,487074,104656,-0.76486,50.8349,3,3,3,05:25,-1,E07000225,3,2,7,1,1,"[2, 19]","[0, 4, 8]","[0, 8, 4]",0,0,0,1,0,0,1,1,0,12,24
2024471534369,2024,471534369,535322,108876,-0.07849,50.86356,3,3,2,17:06,-1,E07000063,3,2,1,0,2,"[19, 12]",3,7,0,0,0,1,0,0,0,0,0,12,23
2024471534399,2024,471534399,533961,123164,-0.09257,50.99229,3,3,3,08:05,-1,E07000228,4,0,7,1,1,19,"[8, 4]","[4, 8]",0,"[0, 1]",0,1,0,0,0,0,0,12,24
2024471534439,2024,471534439,534139,135538,-0.08546,51.10346,3,3,3,07:20,-1,E07000228,4,0,7,1,2,19,"[2, 5]","[7, 1]",0,0,0,1,0,0,0,0,0,12,24
2024471534447,2024,471534447,557597,121326,0.24317,50.9698,2,2,7,13:00,-1,E07000065,3,0,1,0,2,"[4, 2]","[2, 0]","[7, 0]",0,0,0,1,0,0,0,0,1,12,21
2024471534497,2024,471534497,490135,105804,-0.72112,50.84475,3,3,3,13:00,-1,E07000225,6,0,8,1,2,19,2,6,0,1,0,1,0,0,0,0,0,12,24
2024471534608,2024,471534608,547296,130129,0.10014,51.05163,2,"[3, 2]",3,17:27,-1,E07000065,4,2,1,1,2,"[19, 9]","[5, 8]","[8, 5]",0,"[1, 0]",0,1,0,0,0,0,0,12,24
2024471534699,2024,471534699,525788,135676,-0.20462,51.10659,3,3,4,10:24,-1,E07000226,3,0,1,0,1,"[19, 3]",6,2,0,0,0,1,0,1,0,0,0,12,25
2024471534748,2024,471534748,507539,102488,-0.47498,50.81197,3,3,3,10:40,-1,E07000224,6,0,2,1,1,"[9, 19]","[7, 1]","[3, 7]",0,0,0,1,0,0,0,0,0,12,24
2024471534831,2024,471534831,475553,107279,-0.92789,50.8601,2,2,5,15:20,-1,E07000225,4,0,1,0,1,19,2,6,0,0,0,1,0,0,0,0,1,12,19
2024471534846,2024,471534846,544830,112526,0.05797,50.89406,3,3,5,13:25,-1,E07000063,4,0,1,1,2,19,7,3,0,0,0,1,0,0,0,0,1,12,26
2024471534857,2024,471534857,559748,102683,0.26563,50.80169,3,3,3,11:45,-1,E07000061,6,0,1,1,1,"[19, 2]","[7, 0]","[2, 0]","[4, 0]",0,0,1,0,1,0,0,0,12,24
2024471534909,2024,471534909,581164,115466,0.57556,50.91023,3,3,5,18:45,-1,E07000064,3,2,7,1,2,19,"[6, 3]","[2, 7]",0,"[7, 0]","[4, 0]",1,0,0,0,0,0,12,26
2024471534950,2024,471534950,530739,129797,-0.13606,51.05265,3,3,5,19:20,-1,E07000228,4,2,1,0,2,19,1,5,0,2,3,1,0,0,0,0,0,12,26
2024471534957,2024,471534957,571599,107932,0.43611,50.84546,2,2,3,17:07,-1,E07000064,3,2,1,1,1,"[19, 9]","[7, 1]",3,0,0,0,1,0,1,0,0,0,12,24
2024471534971,2024,471534971,524422,105617,-0.2344,50.83672,3,3,6,18:27,-1,E07000223,6,2,8,0,1,"[4, 19]",5,1,0,0,0,1,0,1,0,0,0,12,20
2024471535036,2024,471535036,556530,102402,0.21988,50.80004,3,3,6,06:19,-1,E07000065,6,2,1,1,2,19,6,2,0,7,4,1,0,0,0,0,0,12,27
2024471535072,2024,471535072,583678,111405,0.60924,50.87296,3,3,3,19:30,-1,E07000062,3,2,9,0,1,19,6,1,0,0,0,1,0,0,0,0,1,12,17
2024471535094,2024,471535094,488708,102229,-0.74225,50.81283,3,3,6,10:05,-1,E07000225,6,0,1,1,2,"[5, 19]","[6, 4]","[4, 8]","[0, 11]",0,0,1,0,0,1,0,0,12,27
2024471535110,2024,471535110,558172,104955,0.24427,50.82254,2,2,3,18:15,-1,E07000065,6,2,2,1,1,"[9, 19]","[8, 5]","[5, 1]",0,0,0,1,1,0,0,0,0,12,10
2024471535196,2024,471535196,579087,108787,0.54278,50.85088,2,2,5,13:50,-1,E07000062,3,0,1,0,2,9,2,7,0,0,0,1,0,0,0,0,1,12,19
2024471535382,2024,471535382,487361,104825,-0.76075,50.83637,3,3,5,18:30,-1,E07000225,6,2,1,0,1,"[5, 14, 2]",2,6,0,0,0,1,0,0,0,1,0,12,5
2024471535420,2024,471535420,512948,104580,-0.39759,50.82975,2,2,4,07:55,-1,E07000229,3,2,1,1,1,19,3,7,0,0,0,1,0,0,0,1,0,12,25
2024471535449,2024,471535449,558577,103734,0.24948,50.81146,2,"[3, 2]",7,13:25,-1,E07000065,3,0,1,0,2,19,1,5,0,0,0,1,0,0,0,0,0,12,28
2024471535548,2024,471535548,502538,108487,-0.54426,50.8668,2,"[3, 2]",7,22:56,-1,E07000224,6,2,1,1,2,"[2, 19]","[0, 2]","[0, 6]",0,"[0, 7]","[0, 10]",1,0,0,0,0,0,12,28
2024471535559,2024,471535559,557858,105613,0.24009,50.82854,2,2,6,08:50,-1,E07000065,3,0,1,1,2,"[5, 19]","[3, 1]","[7, 5]",0,0,0,1,0,0,0,0,0,12,20
2024471535602,2024,471535602,541381,102646,0.00515,50.80613,3,3,7,17:32,-1,E07000063,6,2,1,0,1,19,7,3,0,0,0,0,0,0,1,0,0,12,28
2024471535608,2024,471535608,583725,111698,0.61006,50.87557,2,2,1,11:37,-1,E07000062,6,0,1,1,1,"[5, 19]","[8, 1]","[4, 5]",0,0,0,1,0,1,0,0,0,12,29