collision_index,collision_year,collision_ref_no,location_easting_osgr,location_northing_osgr,longitude,latitude,casualty_severity,casualty_severity,day_of_week,time,local_authority_district,local_authority_ons_district,first_road_class,light_conditions,weather_conditions,road_surface_conditions,urban_or_rural_area,vehicle_manoeuvre,vehicle_direction_from,vehicle_direction_to,hit_object_in_carriageway,vehicle_leaving_carriageway,hit_object_off_carriageway,is_car,is_cyle,is_mcyle,is_goodsv,is_other,is_pedestrian,month,day
2024481564350,2024,481564350,533200,181552,-0.08169,51.51719,3,3,3,09:02,-1,E09000001,6,0,1,0,1,"[6, 19]",3,"[3, 7]",0,0,0,1,1,0,0,0,0,9,10
2024481564358,2024,481564358,532594,181081,-0.0906,51.5131,3,3,4,19:12,-1,E09000001,6,2,1,0,1,"[9, 19]","[7, 3]","[4, 7]",0,0,0,1,0,0,0,0,0,9,11
2024481564366,2024,481564366,531443,180823,-0.10727,51.51105,3,3,1,13:17,-1,E09000001,3,0,1,0,1,19,3,7,0,0,0,0,1,0,0,0,0,9,8
2024481564378,2024,481564378,531808,181404,-0.1018,51.51619,3,3,3,16:32,-1,E09000001,3,0,1,0,1,19,7,3,0,0,0,0,1,0,0,0,1,9,17
2024481564387,2024,481564387,531642,181031,-0.10433,51.51288,3,3,4,23:40,-1,E09000001,3,2,1,0,1,19,"[1, 5]","[5, 1]",0,0,0,0,1,0,0,0,0,9,18
2024481564390,2024,481564390,531608,181359,-0.10469,51.51583,2,2,6,14:55,-1,E09000001,3,0,1,0,1,19,1,5,0,0,0,0,1,0,0,0,1,9,20
2024481564406,2024,481564406,533346,181718,-0.07952,51.51865,2,2,4,08:15,-1,E09000001,3,0,2,1,1,"[4, 15]",1,5,0,0,0,1,1,0,0,0,0,9,25
2024481564463,2024,481564463,531647,181058,-0.10424,51.51312,2,2,5,23:30,-1,E09000001,3,2,1,0,1,5,5,1,0,0,0,1,1,0,0,0,0,9,19
2024481566713,2024,481566713,533066,180673,-0.08395,51.50933,3,3,1,06:00,-1,E09000001,3,2,1,0,1,"[19, 11]","[3, 7]","[7, 3]",0,0,0,0,1,0,0,0,0,10,13
2024481566726,2024,481566726,532732,181640,-0.0884,51.51809,3,3,2,14:15,-1,E09000001,3,0,1,0,1,"[6, 13]",5,"[5, 1]",0,0,0,1,1,0,0,0,0,10,14
2024481566749,2024,481566749,532110,181581,-0.09738,51.51771,2,2,3,19:15,-1,E09000001,3,2,2,1,1,19,"[7, 5]",1,0,0,0,1,1,0,0,0,0,10,15
2024481566758,2024,481566758,533155,181577,-0.08233,51.51743,3,3,7,09:50,-1,E09000001,6,2,1,0,1,19,3,"[3, 7]",0,0,0,1,1,0,0,0,0,10,5
2024481566771,2024,481566771,532407,180838,-0.09338,51.51096,2,2,4,17:55,-1,E09000001,3,2,1,0,1,19,7,3,0,0,0,0,1,0,0,0,1,10,23
2024481566996,2024,481566996,532565,180931,-0.09107,51.51176,2,2,5,21:39,-1,E09000001,6,2,1,0,1,13,"[7, 3]","[3, 7]",0,0,0,0,1,0,0,0,0,10,24
2024481567004,2024,481567004,533270,180963,-0.0809,51.51188,3,3,6,16:56,-1,E09000001,6,0,1,0,1,5,3,7,0,0,0,1,1,0,0,0,0,10,25
2024481567009,2024,481567009,533252,181519,-0.08095,51.51688,3,3,1,09:55,-1,E09000001,3,0,1,0,1,19,1,5,0,0,0,0,0,0,1,0,0,10,27
2024481567014,2024,481567014,533385,180874,-0.07928,51.51106,3,3,5,08:10,-1,E09000001,6,0,1,0,1,"[9, 19]","[5, 3]","[3, 7]",0,0,0,1,1,0,0,0,0,10,10
2024481567020,2024,481567020,531157,181420,-0.11117,51.51648,3,3,5,11:15,-1,E09000001,6,0,1,0,1,"[9, 19]","[3, 7]","[7, 3]",0,0,0,1,0,1,0,0,0,10,3
2024481567023,2024,481567023,531397,180818,-0.10793,51.51102,3,3,2,20:50,-1,E09000001,3,2,1,0,1,"[19, 4]",3,7,0,0,0,1,0,0,0,0,0,10,21
2024481567192,2024,481567192,533156,180648,-0.08266,51.50908,3,3,6,07:33,-1,E09000001,3,0,1,0,1,14,3,7,0,0,0,0,0,1,0,0,1,11,1
2024481567205,2024,481567205,531850,181689,-0.10108,51.51874,3,3,7,20:50,-1,E09000001,6,2,1,0,1,5,5,1,0,0,0,1,0,0,0,0,0,11,2
2024481567216,2024,481567216,531635,181176,-0.10437,51.51418,2,2,2,19:54,-1,E09000001,3,2,1,0,1,"[9, 19]","[7, 3]","[5, 7]",0,0,0,0,1,0,0,0,0,11,4
2024481569303,2024,481569303,533162,180922,-0.08248,51.51154,3,3,5,10:30,-1,E09000001,6,0,1,1,1,"[4, 15]",3,7,0,0,0,1,1,0,0,0,0,11,7
2024481569319,2024,481569319,532866,180834,-0.08677,51.51082,3,3,7,14:55,-1,E09000001,6,0,1,0,1,19,5,1,0,0,0,1,1,0,0,0,0,11,9
2024481569328,2024,481569328,531930,181350,-0.10006,51.51568,2,2,3,19:30,-1,E09000001,3,2,1,1,1,"[6, 13]",3,"[3, 7]",0,0,0,1,0,1,0,0,0,11,12
2024481569555,2024,481569555,531644,180990,-0.10431,51.51251,3,3,4,12:26,-1,E09000001,6,0,1,0,1,"[7, 19]","[7, 1]","[1, 5]",0,0,0,1,1,0,0,0,0,11,13
2024481569563,2024,481569563,533143,181349,-0.08259,51.51538,2,2,2,22:50,-1,E09000001,3,2,2,1,1,"[9, 19]","[3, 5]",1,0,0,0,1,1,0,0,0,0,11,18
2024481569571,2024,481569571,531893,181365,-0.10059,51.51582,3,3,3,07:34,-1,E09000001,3,0,1,1,1,"[19, 9]","[3, 7]","[7, 5]",0,0,0,1,1,0,0,0,0,11,19
2024481569583,2024,481569583,532763,181030,-0.08818,51.51261,3,3,5,08:05,-1,E09000001,6,0,1,0,1,19,8,4,0,0,0,0,1,0,0,0,1,11,21
2024481569588,2024,481569588,532199,181047,-0.0963,51.51289,3,3,5,22:10,-1,E09000001,6,2,1,0,1,19,7,3,0,0,0,0,1,0,0,0,1,11,28
2024481569629,2024,481569629,533606,181189,-0.07598,51.51384,3,3,6,12:01,-1,E09000001,3,0,1,0,1,"[6, 19]",3,"[3, 7]",0,0,0,1,1,0,0,0,0,11,29
2024481569638,2024,481569638,533700,180767,-0.07479,51.51002,2,2,6,14:10,-1,E09000001,3,0,1,0,1,19,"[5, 7]",1,0,0,0,1,1,0,0,0,0,11,29
2024481569641,2024,481569641,531671,180916,-0.10395,51.51184,3,3,3,18:22,-1,E09000001,3,2,1,0,1,19,1,5,0,0,0,0,1,0,0,0,1,11,26
2024481569657,2024,481569657,532430,180861,-0.09304,51.51116,3,3,5,13:25,-1,E09000001,6,0,1,0,1,19,"[3, 1]","[7, 5]",0,0,0,0,1,1,0,0,0,11,28
2024481569665,2024,481569665,531623,181179,-0.10454,51.51421,3,3,5,15:04,-1,E09000001,6,0,1,0,1,"[9, 19]","[1, 5]","[7, 1]",0,0,0,0,1,0,0,0,0,11,28
2024481569958,2024,481569958,531624,181187,-0.10453,51.51428,2,2,3,16:30,-1,E09000001,3,2,1,0,1,19,5,1,0,0,0,0,1,0,0,0,1,12,3
2024481569962,2024,481569962,532877,180824,-0.08662,51.51073,2,2,3,16:46,-1,E09000001,3,2,1,0,1,19,1,5,0,0,0,0,0,1,0,0,1,12,3
2024481569973,2024,481569973,532207,181047,-0.09618,51.51289,3,3,6,23:08,-1,E09000001,6,2,2,1,1,19,7,3,0,0,0,1,0,0,0,0,1,12,6
2024481569978,2024,481569978,532632,180907,-0.09011,51.51153,3,3,2,21:40,-1,E09000001,6,2,1,0,1,15,7,3,0,0,0,0,1,0,0,0,1,12,9
2024481569981,2024,481569981,531642,180991,-0.10434,51.51252,2,2,5,21:00,-1,E09000001,6,2,1,0,1,"[5, 19]","[7, 1]","[3, 5]",0,0,0,1,1,0,0,0,0,12,5
2024481569986,2024,481569986,533463,181089,-0.07808,51.51297,3,3,5,16:32,-1,E09000001,6,2,2,1,1,14,7,3,0,0,0,0,0,1,0,0,0,12,12
2024481570119,2024,481570119,533624,181116,-0.07575,51.51318,3,3,5,17:53,-1,E09000001,3,2,2,1,1,19,1,5,0,0,0,1,0,0,0,0,1,12,12
2024481570140,2024,481570140,531991,180943,-0.09933,51.512,3,3,5,17:35,-1,E09000001,6,2,2,1,1,19,7,3,0,0,0,1,0,1,0,0,0,12,12
2024481570164,2024,481570164,533600,181264,-0.07604,51.51451,3,3,6,08:27,-1,E09000001,3,0,2,1,1,19,3,7,0,0,0,0,1,0,0,0,1,12,13
2024481570174,2024,481570174,532750,181706,-0.08811,51.51868,3,3,2,03:30,-1,E09000001,3,2,1,0,1,"[15, 2]","[5, 0]","[1, 0]",0,0,0,1,1,0,0,0,0,12,16
2024481570179,2024,481570179,533037,181128,-0.0842,51.51342,3,3,4,15:35,-1,E09000001,3,0,1,1,1,"[9, 19]","[1, 5]","[7, 1]",0,0,0,0,1,0,1,0,0,12,18
2024481570190,2024,481570190,532628,181100,-0.0901,51.51327,2,2,4,17:40,-1,E09000001,6,2,2,1,1,19,7,3,0,0,0,0,1,0,0,0,1,12,18
2024481570205,2024,481570205,533411,181614,-0.07863,51.5177,1,1,1,04:36,-1,E09000001,6,2,1,0,1,1,3,7,0,0,0,0,0,0,1,0,1,12,22
2024481570252,2024,481570252,531483,181176,-0.10656,51.51422,3,3,4,00:57,-1,E09000001,6,2,1,0,1,"[19, 13]",7,3,0,0,0,1,0,0,0,0,1,12,25
2024481570257,2024,481570257,531425,181526,-0.10727,51.51738,2,2,1,13:30,-1,E09000001,3,0,1,0,1,19,1,5,0,0,0,1,1,0,0,0,0,12,29
2024501393622,2024,501393622,151909,40143,-5.47845,50.20917,3,3,2,01:40,-1,E06000052,3,2,2,1,2,19,5,1,0,0,0,1,0,0,0,0,1,1,1
2024501393643,2024,501393643,250844,69959,-4.10497,50.51037,3,3,2,00:30,-1,E07000047,3,2,1,1,2,19,3,1,11,7,11,1,0,0,0,0,0,1,1
2024501393676,2024,501393676,248201,59528,-4.13799,50.41595,3,3,2,12:42,-1,E06000026,6,0,2,1,1,"[5, 2]",7,3,0,0,0,1,0,0,0,0,1,1,1
2024501393708,2024,501393708,146872,29564,-5.54188,50.11208,3,3,2,17:00,-1,E06000052,6,2,5,1,1,19,2,6,7,1,0,1,0,0,0,0,0,1,1
2024501393827,2024,501393827,246183,104064,-4.18484,50.81564,3,3,3,09:01,-1,E07000046,3,0,5,1,2,19,4,8,10,0,0,1,0,0,0,0,0,1,2
2024501394094,2024,501394094,292576,56362,-3.51276,50.39729,3,3,3,19:50,-1,E06000027,6,2,5,1,1,19,1,5,0,0,0,1,0,0,0,0,1,1,2
2024501394101,2024,501394101,226356,65578,-4.44799,50.46426,3,3,3,19:04,-1,E06000052,3,2,1,1,2,19,6,3,0,2,4,1,0,0,0,0,0,1,2
2024501394432,2024,501394432,251928,53366,-4.08314,50.36152,3,3,4,11:26,-1,E06000026,6,0,2,1,1,"[14, 7]","[1, 7]","[5, 1]",0,0,0,1,0,0,0,0,0,1,3
2024501394538,2024,501394538,253912,55949,-4.05627,50.38524,3,3,4,20:00,-1,E06000026,6,2,1,1,1,"[19, 1]",7,"[5, 4]",0,0,0,1,0,0,0,0,0,1,3
2024501394829,2024,501394829,290503,66098,-3.54477,50.48443,3,3,3,11:50,-1,E06000027,4,0,4,1,2,19,2,7,0,1,0,1,0,0,0,0,0,1,2
2024501394879,2024,501394879,291611,90499,-3.53628,50.704,2,2,5,14:30,-1,E07000041,4,0,2,1,1,"[15, 9]",8,"[4, 6]",0,0,0,1,1,0,0,0,0,1,4
2024501394918,2024,501394918,283988,100358,-3.64729,50.79114,3,3,5,17:36,-1,E07000042,3,2,5,1,2,3,4,7,0,0,0,1,0,0,0,0,1,1,4
2024501395037,2024,501395037,298465,100426,-3.44199,50.79448,3,3,6,09:19,-1,E07000040,4,0,1,1,2,19,1,5,0,0,0,1,0,0,0,0,0,1,5
2024501395205,2024,501395205,183106,44803,-5.04458,50.26328,2,2,6,09:21,-1,E06000052,6,0,1,1,1,"[9, 19]","[8, 4]","[5, 8]",0,0,0,1,0,1,0,0,0,1,5
2024501395249,2024,501395249,205936,66390,-4.7358,50.46515,2,"[2, 3]",4,10:35,-1,E06000052,6,0,5,1,1,19,4,2,10,3,11,1,0,0,0,0,0,1,3
2024501395254,2024,501395254,265293,142744,-3.9281,51.16803,3,3,6,15:30,-1,E07000043,3,0,1,2,2,19,7,3,0,0,0,0,0,1,0,0,0,1,5
2024501395296,2024,501395296,249440,54954,-4.11873,50.37516,2,2,6,14:00,-1,E06000026,6,0,1,1,1,"[19, 2]","[7, 0, 5]","[3, 0, 1]",0,0,0,1,0,1,0,0,0,1,5
2024501395325,2024,501395325,223455,52905,-4.48286,50.34953,3,3,7,01:35,-1,E06000052,3,2,1,1,2,19,7,3,0,2,4,1,0,0,0,0,0,1,6
2024501395345,2024,501395345,245258,57409,-4.17851,50.39614,3,3,6,13:44,-1,E06000026,6,0,1,1,1,19,"[6, 8]",2,0,0,0,1,0,1,0,0,0,1,5
2024501395364,2024,501395364,246151,55548,-4.16519,50.37965,3,3,5,15:09,-1,E06000026,6,0,1,0,1,19,"[3, 1]","[1, 3]",0,0,0,1,0,0,0,0,0,1,4
2024501395404,2024,501395404,256114,55734,-4.02523,50.38385,3,3,7,08:02,-1,E06000026,4,2,8,1,2,19,5,2,0,0,0,0,0,1,0,0,1,1,6
2024501395406,2024,501395406,291835,92945,-3.53383,50.72603,3,3,6,16:17,-1,E07000041,6,0,1,0,1,19,4,8,0,0,0,1,0,0,0,0,1,1,5
2024501395454,2024,501395454,182660,44889,-5.05088,50.26389,2,2,7,09:30,-1,E06000052,6,0,1,1,1,1,3,5,0,0,0,1,0,0,0,0,1,1,6
2024501395515,2024,501395515,248156,54655,-4.13665,50.37215,2,2,7,21:26,-1,E06000026,3,2,1,1,1,13,4,8,0,0,0,1,0,0,0,0,1,1,6
2024501395552,2024,501395552,192261,44297,-4.91603,50.26203,3,3,7,14:01,-1,E06000052,3,0,1,1,2,19,"[1, 5]","[5, 1]",0,0,0,1,0,0,0,0,0,1,6
2024501395592,2024,501395592,251663,134986,-4.11972,51.09494,3,3,1,08:13,-1,E07000043,3,0,8,2,2,19,3,7,0,"[7, 1]","[10, 9]",1,0,0,1,0,0,1,7
2024501395639,2024,501395639,272355,92064,-3.80938,50.71415,3,3,1,12:50,-1,E07000047,6,0,8,2,2,4,"[1, 6]","[3, 5]","[0, 11]",0,0,1,0,0,0,0,0,1,7
2024501395654,2024,501395654,297477,83145,-3.4512,50.63895,2,2,1,16:13,-1,E07000045,6,0,1,1,2,19,5,1,0,2,10,0,1,0,0,0,0,1,7
2024501395657,2024,501395657,199050,72221,-4.83584,50.5152,2,2,1,17:12,-1,E06000052,6,0,1,0,2,9,5,3,0,0,0,1,0,0,0,0,1,1,7
2024501395665,2024,501395665,265602,143802,-3.92408,51.17761,3,3,7,16:08,-1,E07000043,3,0,1,1,2,19,"[2, 7]","[5, 2]",0,0,0,1,0,0,0,0,0,1,6
2024501395678,2024,501395678,247571,54838,-4.14495,50.37364,1,1,1,18:20,-1,E06000026,6,2,1,1,1,19,2,5,0,0,0,0,0,0,1,0,1,1,7
2024501395705,2024,501395705,180731,57797,-5.08541,50.3791,3,3,1,21:51,-1,E06000052,3,2,1,1,2,19,5,1,10,0,0,1,0,0,0,0,0,1,7
2024501395793,2024,501395793,253674,56431,-4.0598,50.38951,3,3,2,07:55,-1,E06000026,4,0,1,0,1,"[4, 19]",3,7,0,0,0,1,0,0,0,0,0,1,8
2024501395915,2024,501395915,226311,60489,-4.44626,50.41852,3,3,2,09:11,-1,E06000052,6,0,1,2,2,19,"[6, 2]","[2, 6]",0,"[2, 0]","[10, 0]",1,0,0,0,0,0,1,8
2024501395972,2024,501395972,291490,92095,-3.53846,50.71832,3,3,2,07:10,-1,E07000041,6,0,1,0,1,19,"[3, 4]","[1, 5]",0,0,0,1,0,0,0,0,0,1,8
2024501396000,2024,501396000,139024,33789,-5.6543,50.1466,2,"[2, 3]",2,06:30,-1,E06000052,4,2,1,2,2,19,"[8, 4]","[4, 8]",0,0,0,1,0,0,0,0,0,1,8
2024501396017,2024,501396017,233501,84531,-4.35589,50.63663,2,2,2,14:09,-1,E06000052,3,0,1,1,2,19,8,4,0,0,0,0,0,1,0,0,0,1,8
2024501396061,2024,501396061,262748,95886,-3.9468,50.74631,3,3,2,08:20,-1,E07000047,6,0,1,2,2,19,"[5, 1]","[1, 5]",0,"[1, 0]","[10, 0]",1,0,0,0,0,0,1,8
2024501396118,2024,501396118,244623,57860,-4.18762,50.40003,2,2,2,18:20,-1,E06000026,6,2,1,0,1,6,3,5,0,0,0,1,0,0,0,0,1,1,8
2024501396119,2024,501396119,302758,107965,-3.3831,50.86299,3,3,2,18:26,-1,E07000042,1,2,1,1,2,"[3, 19]",1,5,0,0,0,1,0,0,0,0,0,1,8
2024501396141,2024,501396141,256164,133000,-4.0547,51.07824,2,2,7,15:00,-1,E07000043,6,0,1,0,1,19,"[1, 8]","[6, 3]",0,0,0,1,0,0,0,0,0,1,6
2024501396145,2024,501396145,300074,83875,-3.41468,50.64596,3,3,1,23:41,-1,E07000040,3,2,8,2,2,19,8,4,0,0,0,1,0,0,0,0,0,1,7
2024501396154,2024,501396154,264153,133402,-3.94088,51.08381,3,3,2,22:38,-1,E07000043,6,2,3,2,2,19,"[7, 3]","[3, 7]",0,0,0,1,0,0,0,0,0,1,8
2024501396283,2024,501396283,244611,111392,-4.21025,50.88107,3,3,3,08:20,-1,E07000046,6,0,2,2,2,19,"[4, 8]","[8, 4]",0,"[0, 7]","[0, 11]",1,0,0,0,0,0,1,9
2024501396490,2024,501396490,245286,54993,-4.17712,50.37444,3,3,3,16:39,-1,E06000026,3,2,1,0,1,"[4, 2]",1,5,0,0,0,0,0,0,1,0,0,1,9
2024501396519,2024,501396519,244887,119599,-4.20982,50.95489,3,3,3,17:45,-1,E07000046,3,2,1,1,2,19,5,1,0,2,10,1,0,0,0,0,0,1,9
2024501396522,2024,501396522,249244,62621,-4.12456,50.44402,3,3,3,19:10,-1,E07000044,6,2,1,2,2,4,6,2,0,2,10,1,0,0,0,0,0,1,9
2024501396523,2024,501396523,297047,93174,-3.46008,50.72903,3,3,3,18:13,-1,E07000040,1,2,1,0,2,"[9, 19]","[1, 3]",7,0,0,0,1,0,0,0,0,0,1,9
2024501396524,2024,501396524,246992,56525,-4.15377,50.38865,3,3,2,19:07,-1,E06000026,3,2,1,0,1,"[19, 2]","[2, 0]","[6, 0]",0,0,0,1,0,0,0,0,0,1,8
2024501396542,2024,501396542,191579,48943,-4.92815,50.30352,2,2,3,19:10,-1,E06000052,6,2,1,2,2,19,"[5, 1]","[8, 5]",0,0,0,1,0,1,0,0,0,1,9
2024501396570,2024,501396570,250795,120102,-4.12598,50.96097,3,3,3,20:09,-1,E07000046,4,2,1,2,2,19,5,1,0,7,10,1,0,0,0,0,0,1,9
2024501396691,2024,501396691,251015,59544,-4.09842,50.41682,3,3,4,09:14,-1,E06000026,6,0,1,0,1,"[2, 14]","[0, 1]","[0, 5]","[0, 4]",0,0,1,0,0,1,0,0,1,10
2024501396695,2024,501396695,288734,73878,-3.57201,50.55404,2,2,4,08:20,-1,E07000045,6,0,1,2,2,19,7,2,0,0,0,1,0,0,0,0,0,1,10
2024501396842,2024,501396842,276299,60003,-3.74287,50.42682,3,3,4,10:15,-1,E07000044,6,0,1,1,2,"[4, 19, 8]","[8, 7]","[2, 3]",0,0,0,1,0,0,0,0,0,1,10
2024501396875,2024,501396875,248893,117181,-4.15183,50.93423,3,3,4,14:19,-1,E07000046,3,0,1,2,2,19,"[7, 1]","[4, 3]",0,0,0,1,0,0,0,0,0,1,10
2024501396934,2024,501396934,166159,41482,-5.27992,50.227,3,3,3,07:10,-1,E06000052,3,0,1,2,1,7,1,3,11,0,0,1,0,0,0,0,0,1,9
2024501396941,2024,501396941,265386,142710,-3.92676,51.16775,3,3,3,19:15,-1,E07000043,3,2,8,2,2,"[19, 4]",8,4,0,0,0,1,0,0,0,0,0,1,9
2024501396948,2024,501396948,247909,57476,-4.14126,50.39744,2,2,4,16:45,-1,E06000026,3,2,1,0,1,19,7,3,0,0,0,1,0,0,0,0,1,1,10
2024501396976,2024,501396976,287214,63453,-3.59031,50.46003,3,3,4,15:42,-1,E06000027,3,2,1,0,2,"[19, 4]",1,5,0,0,0,1,0,0,0,0,0,1,10
2024501396980,2024,501396980,248154,56100,-4.13726,50.38513,3,3,4,17:25,-1,E06000026,6,2,8,0,1,"[19, 9]","[4, 6]","[8, 4]",0,0,0,1,0,0,0,0,0,1,10
2024501396981,2024,501396981,181798,44904,-5.06297,50.26371,3,3,1,17:48,-1,E06000052,6,2,1,1,1,"[19, 7]","[7, 1]",3,0,0,0,1,0,1,0,0,0,1,7
2024501397148,2024,501397148,252292,122700,-4.10573,50.9847,3,3,5,08:00,-1,E07000046,6,0,8,2,2,19,3,8,0,0,0,1,0,0,0,0,0,1,11
2024501397240,2024,501397240,185009,59295,-5.02618,50.39413,3,3,2,08:30,-1,E06000052,3,0,8,2,2,19,4,8,0,0,0,1,0,0,0,0,0,1,8
2024501397246,2024,501397246,246169,55276,-4.16483,50.37721,3,3,5,08:57,-1,E06000026,6,0,1,0,1,"[3, 2]",5,"[1, 5]","[4, 0]",0,0,1,0,0,0,0,0,1,11
2024501397298,2024,501397298,248595,55328,-4.13075,50.37831,3,3,5,13:59,-1,E06000026,4,0,1,0,1,19,"[1, 7]","[1, 7]",0,0,0,1,0,0,0,0,0,1,11
2024501397362,2024,501397362,330220,96879,-2.99085,50.76728,3,3,2,14:39,-1,E07000040,3,0,1,0,2,"[6, 12]",7,"[4, 3]",0,0,0,1,0,0,0,0,0,1,8
2024501397376,2024,501397376,152887,31054,-5.45887,50.12799,3,3,5,16:24,-1,E06000052,6,0,1,0,2,"[19, 13]",2,6,0,0,0,1,0,0,0,1,0,1,11
2024501397379,2024,501397379,248386,55714,-4.13385,50.38172,3,3,5,19:44,-1,E06000026,4,2,1,0,1,"[5, 3]",5,1,0,0,0,1,0,0,0,0,0,1,11
2024501397386,2024,501397386,249359,124317,-4.14816,50.99847,3,3,4,10:30,-1,E07000046,6,0,1,2,2,4,"[3, 7]","[8, 3]",0,0,0,1,0,0,0,0,0,1,10
2024501397403,2024,501397403,252042,84454,-4.09386,50.64094,3,3,4,13:47,-1,E07000047,3,0,8,2,2,19,"[1, 6]","[6, 1]",0,0,0,1,0,0,0,0,0,1,10
2024501397478,2024,501397478,235141,87016,-4.33382,50.65942,3,3,6,08:36,-1,E07000046,3,0,1,1,2,19,3,5,0,0,0,1,0,0,0,0,0,1,12
2024501397688,2024,501397688,283185,74900,-3.65063,50.56214,3,3,6,11:47,-1,E07000045,3,0,1,0,2,"[19, 9]","[8, 2]","[4, 8]",0,"[0, 7]",0,1,0,0,0,0,0,1,12
2024501397720,2024,501397720,325286,99069,-3.06125,50.78636,3,3,5,16:15,-1,E07000040,3,0,1,0,2,19,7,8,0,1,10,1,0,0,0,0,0,1,11
2024501397771,2024,501397771,250594,143347,-4.13845,51.1698,3,3,2,08:25,-1,E07000043,3,0,1,2,2,"[19, 4]","[2, 6]","[5, 3]",0,0,0,1,0,0,0,0,0,1,8
2024501397773,2024,501397773,251903,51704,-4.08284,50.34658,3,3,6,17:11,-1,E06000026,6,2,1,1,2,"[19, 12]","[1, 5]","[3, 1]",0,0,0,1,0,0,0,0,0,1,12
2024501397777,2024,501397777,246689,60733,-4.15975,50.42639,3,3,6,19:30,-1,E06000026,6,2,1,0,2,19,5,2,0,0,0,0,0,1,0,0,0,1,12
2024501397954,2024,501397954,315748,89459,-3.19433,50.69865,3,3,5,13:30,-1,E07000040,3,0,1,0,2,"[9, 5]","[4, 1]",2,0,0,0,1,0,0,0,0,0,1,11
2024501398007,2024,501398007,157025,38171,-5.40563,50.19359,3,3,6,15:40,-1,E06000052,4,0,1,0,2,"[2, 5]","[0, 3]","[0, 6]","[0, 10]","[0, 7]","[0, 10]",1,0,0,0,0,0,1,12
2024501398061,2024,501398061,234368,86377,-4.34446,50.65346,2,"[2, 3]",7,16:44,-1,E06000052,3,2,1,0,2,19,"[6, 2]","[2, 6]",0,0,0,1,0,0,0,0,0,1,13
2024501398070,2024,501398070,227882,121333,-4.45253,50.96564,3,3,7,22:40,-1,E07000046,3,0,1,0,2,19,"[7, 2]","[3, 6]",0,"[8, 0]",0,1,0,0,1,0,0,1,13
2024501398080,2024,501398080,262023,124572,-3.9679,51.00394,3,3,7,20:38,-1,E07000043,4,2,1,1,2,19,3,7,0,7,9,1,0,0,0,0,0,1,13
2024501398151,2024,501398151,251245,69439,-4.09911,50.5058,3,3,1,10:15,-1,E07000047,3,0,1,0,2,"[2, 19]",1,5,0,0,0,1,0,0,0,0,0,1,14
2024501398164,2024,501398164,288007,98006,-3.58958,50.77079,3,3,7,15:34,-1,E07000042,3,0,1,0,2,4,4,"[7, 8]",0,0,0,1,0,0,0,0,0,1,13
2024501398209,2024,501398209,145195,38096,-5.57099,50.18794,2,"[3, 2]",1,12:30,-1,E06000052,4,0,1,0,2,19,"[1, 5]","[5, 7]",0,0,0,1,0,0,0,0,0,1,14
2024501398231,2024,501398231,302993,85884,-3.37394,50.66452,3,3,1,14:20,-1,E07000040,4,0,1,1,2,19,1,5,11,1,10,1,0,0,0,0,0,1,14
2024501398241,2024,501398241,300362,80371,-3.40967,50.61451,3,3,1,15:14,-1,E07000040,6,0,1,0,1,"[4, 19]","[4, 2]",3,0,0,0,1,0,0,0,0,0,1,14
2024501398263,2024,501398263,177756,45139,-5.11973,50.26431,3,3,1,16:24,-1,E06000052,3,2,1,0,2,"[19, 4]",3,7,0,0,0,1,0,0,0,0,0,1,14
2024501398271,2024,501398271,182011,35142,-5.05437,50.17612,3,3,1,19:00,-1,E06000052,6,0,1,0,2,1,6,2,0,0,0,1,0,0,0,0,0,1,14
2024501398287,2024,501398287,301039,90456,-3.4028,50.70529,2,2,1,17:35,-1,E07000040,3,2,1,0,2,19,"[7, 3]","[3, 7]",0,0,0,1,0,0,0,0,0,1,14
2024501398417,2024,501398417,283187,70550,-3.64924,50.52304,2,2,1,12:10,-1,E07000045,6,0,1,0,2,"[4, 9]","[2, 6]","[6, 3]",0,0,0,1,0,0,0,1,0,1,14
2024501398519,2024,501398519,203300,73821,-4.77681,50.53102,3,3,2,09:06,-1,E06000052,6,0,1,1,2,19,"[8, 4]","[3, 8]",0,0,0,1,0,0,0,0,0,1,15
2024501398774,2024,501398774,234539,103426,-4.3497,50.8067,3,3,2,15:26,-1,E07000046,3,0,1,0,2,"[19, 9]","[7, 2]","[3, 6]",0,0,0,1,0,0,0,0,0,1,15
2024501398925,2024,501398925,246934,55973,-4.15436,50.38367,3,3,3,08:28,-1,E06000026,3,0,1,0,1,19,8,5,0,0,0,1,0,0,0,0,1,1,16
2024501399011,2024,501399011,314007,89810,-3.21905,50.70155,3,3,2,19:45,-1,E07000040,3,2,1,0,1,"[19, 7]","[7, 6]","[3, 8]",0,3,11,1,0,0,0,0,0,1,15
2024501399041,2024,501399041,231881,83622,-4.37836,50.628,3,3,2,09:35,-1,E06000052,6,0,1,1,2,"[19, 9]","[3, 5]","[6, 3]",0,0,0,1,0,0,0,0,0,1,15
2024501399073,2024,501399073,271749,101746,-3.82133,50.80104,3,3,3,13:08,-1,E07000042,3,0,1,0,2,"[4, 19]",3,7,0,0,0,1,0,0,0,0,0,1,16
2024501399199,2024,501399199,247162,56766,-4.15148,50.39086,3,3,2,13:34,-1,E06000026,3,0,1,0,1,"[19, 11]",6,2,0,0,0,1,0,0,1,0,0,1,15
2024501399205,2024,501399205,182034,43633,-5.05893,50.25238,2,"[3, 2]",3,20:00,-1,E06000052,3,2,1,0,2,19,"[2, 7]","[6, 3]",0,0,0,1,0,0,0,0,0,1,16