collision_index,collision_year,collision_ref_no,location_easting_osgr,location_northing_osgr,longitude,latitude,casualty_severity,casualty_severity,day_of_week,time,local_authority_district,local_authority_ons_district,first_road_class,light_conditions,weather_conditions,road_surface_conditions,urban_or_rural_area,vehicle_manoeuvre,vehicle_direction_from,vehicle_direction_to,hit_object_in_carriageway,vehicle_leaving_carriageway,hit_object_off_carriageway,is_car,is_cyle,is_mcyle,is_goodsv,is_other,is_pedestrian,month,day
2024501399231,2024,501399231,193060,71842,-4.92,50.50971,3,3,3,23:24,-1,E06000052,3,2,1,0,2,19,3,7,0,0,0,1,0,0,0,0,0,1,16
2024501399378,2024,501399378,286458,71368,-3.60336,50.53104,3,3,3,12:00,-1,E07000045,4,0,1,0,1,9,1,6,0,0,0,1,0,0,0,0,1,1,16
2024501399671,2024,501399671,250550,57297,-4.10406,50.3965,3,3,4,18:10,-1,E06000026,6,2,1,0,1,"[2, 15]","[0, 7]","[0, 3]","[0, 4]",0,0,1,0,0,0,0,0,1,17
2024501399701,2024,501399701,178654,33781,-5.10052,50.16265,3,3,4,17:10,-1,E06000052,3,2,1,0,2,"[13, 19]",4,7,0,0,0,1,0,0,0,0,0,1,17
2024501399717,2024,501399717,234822,74834,-4.33291,50.54987,1,1,4,17:53,-1,E06000052,3,2,1,0,2,19,5,1,0,0,0,1,0,0,0,0,1,1,17
2024501399733,2024,501399733,206030,53683,-4.72791,50.35103,3,3,5,01:59,-1,E06000052,3,2,1,1,2,19,3,6,10,7,11,1,0,0,0,0,0,1,18
2024501400074,2024,501400074,255125,131279,-4.06883,51.06252,3,3,2,07:30,-1,E07000043,3,0,1,0,2,4,7,3,0,0,0,1,0,0,0,0,0,1,15
2024501400084,2024,501400084,304475,111578,-3.35966,50.89575,2,2,5,08:29,-1,E07000042,4,0,8,0,2,19,2,6,0,0,0,1,1,0,0,0,0,1,18
2024501400115,2024,501400115,251630,67120,-4.09277,50.48506,2,"[2, 3]",3,17:24,-1,E07000047,3,2,1,0,2,"[9, 19]","[7, 5]","[5, 1]",0,"[1, 7]",0,1,0,0,0,0,0,1,16
2024501400123,2024,501400123,256832,133043,-4.04519,51.0788,3,3,4,19:10,-1,E07000043,6,2,1,0,1,"[2, 19]",1,"[4, 5]",0,"[1, 0]",0,1,0,0,0,0,0,1,17
2024501400161,2024,501400161,180817,32782,-5.06971,50.15448,3,3,2,15:30,-1,E06000052,6,0,1,1,1,19,"[6, 5]","[4, 3]",0,0,0,1,1,0,0,0,0,1,8
2024501400295,2024,501400295,220919,101603,-4.54192,50.78627,3,3,6,09:00,-1,E06000052,6,0,1,0,2,19,8,3,0,0,0,1,0,0,0,0,0,1,19
2024501400310,2024,501400310,244658,58120,-4.18724,50.40237,2,2,6,09:15,-1,E06000026,6,0,1,1,1,19,5,5,0,0,0,0,0,0,1,0,1,1,19
2024501400311,2024,501400311,287237,70508,-3.59212,50.52346,3,3,6,08:20,-1,E07000045,6,0,1,2,1,14,2,6,0,0,0,1,0,0,0,0,1,1,19
2024501400342,2024,501400342,249939,59697,-4.11361,50.41792,3,3,6,08:37,-1,E06000026,3,0,1,2,1,"[19, 9]","[3, 7]","[7, 5]",0,0,0,1,0,0,0,0,0,1,19
2024501400411,2024,501400411,296826,91399,-3.46271,50.71304,3,3,6,13:18,-1,E07000040,1,0,1,0,2,"[7, 5]","[3, 5]","[8, 1]",0,0,0,1,0,0,1,0,0,1,19
2024501400514,2024,501400514,144047,37658,-5.58674,50.18352,3,3,6,18:14,-1,E06000052,4,2,1,2,2,19,"[2, 6]","[6, 2]",0,0,0,1,0,0,0,0,0,1,19
2024501400516,2024,501400516,297279,88194,-3.4554,50.6843,3,3,6,16:00,-1,E07000040,6,0,1,1,2,19,"[6, 2]","[2, 6]",0,"[0, 7]",0,1,0,0,0,0,0,1,19
2024501400679,2024,501400679,292071,90928,-3.5299,50.70794,2,2,6,15:04,-1,E07000041,6,0,1,0,1,"[19, 9]","[1, 5]","[5, 2]",0,0,0,1,0,1,0,0,0,1,19
2024501400693,2024,501400693,233609,83970,-4.35411,50.63162,3,3,7,11:55,-1,E06000052,6,0,1,0,2,19,1,5,0,0,0,1,0,0,0,0,1,1,20
2024501400738,2024,501400738,246618,59420,-4.16021,50.41457,2,2,7,13:36,-1,E06000026,6,0,1,1,1,19,"[5, 8]","[1, 4]",0,0,0,1,0,1,0,0,0,1,20
2024501400819,2024,501400819,250870,64582,-4.10246,50.46206,2,"[3, 2]",1,00:29,-1,E07000047,3,2,5,1,2,19,1,5,0,1,10,1,0,0,0,0,0,1,21
2024501400861,2024,501400861,249618,55206,-4.11633,50.37747,1,"[1, 2]",1,02:21,-1,E06000026,6,2,2,1,1,19,7,7,11,0,0,1,0,0,0,0,0,1,21
2024501400990,2024,501400990,248203,55146,-4.13619,50.37657,2,"[2, 3]",7,21:01,-1,E06000026,6,2,5,1,1,9,7,3,0,0,0,1,0,0,0,0,1,1,20
2024501401062,2024,501401062,210332,82754,-4.68226,50.61358,3,3,1,13:45,-1,E06000052,6,0,5,1,2,19,"[4, 7]","[7, 3]",0,0,0,1,0,0,0,0,0,1,21
2024501401282,2024,501401282,166168,27106,-5.27096,50.09792,3,3,2,12:26,-1,E06000052,6,0,1,1,1,"[9, 3]","[8, 6]","[6, 8]",0,0,0,1,1,0,0,0,0,1,22
2024501401401,2024,501401401,172212,48891,-5.19965,50.29589,3,3,2,16:50,-1,E06000052,4,0,1,0,2,"[3, 19, 10]",8,"[4, 6]",0,0,0,1,0,0,1,0,0,1,22
2024501401415,2024,501401415,222353,68276,-4.50562,50.4873,3,3,2,17:22,-1,E06000052,6,2,1,1,2,"[19, 13]","[2, 6]","[6, 2]",0,0,0,1,0,1,0,0,0,1,22
2024501401562,2024,501401562,163649,35952,-5.31161,50.17635,3,3,3,09:00,-1,E06000052,4,0,2,1,2,"[19, 13]",1,5,0,0,0,1,1,0,0,0,0,1,23
2024501401621,2024,501401621,287718,60048,-3.58219,50.42952,2,2,3,07:30,-1,E06000027,3,0,2,1,1,"[7, 19]","[4, 2]",6,0,0,0,1,1,0,0,0,0,1,23
2024501401808,2024,501401808,245037,57544,-4.18167,50.3973,3,3,2,14:05,-1,E06000026,6,0,2,1,1,"[19, 2]","[7, 0]","[3, 0]",0,0,0,1,0,0,1,0,0,1,22
2024501401841,2024,501401841,291400,66818,-3.53234,50.49107,3,3,3,18:25,-1,E06000027,6,2,2,1,1,9,8,5,0,0,0,1,0,0,0,0,1,1,23
2024501401985,2024,501401985,283168,63780,-3.64739,50.46218,3,3,1,13:10,-1,E07000045,3,0,1,0,2,"[19, 10]",1,"[5, 7]",0,0,0,1,0,0,0,0,0,1,21
2024501402195,2024,501402195,269995,87559,-3.8412,50.67314,3,3,4,11:19,-1,E07000047,6,0,1,0,2,1,7,6,0,0,0,1,0,0,0,0,1,1,24
2024501402248,2024,501402248,224080,82800,-4.48816,50.61831,3,3,4,16:24,-1,E06000052,5,0,1,0,2,19,"[3, 7]","[8, 3]",0,0,0,1,0,0,0,0,0,1,24
2024501402251,2024,501402251,180802,61669,-5.08667,50.41389,2,2,4,15:35,-1,E06000052,6,0,1,0,1,19,5,1,0,0,0,1,0,0,0,0,1,1,24
2024501402256,2024,501402256,315078,100181,-3.20629,50.79495,3,3,4,17:28,-1,E07000040,3,2,1,0,1,"[4, 3]",8,3,0,0,0,1,0,0,0,0,0,1,24
2024501402367,2024,501402367,299953,84086,-3.41645,50.64784,3,3,2,06:45,-1,E07000040,3,2,1,1,2,"[4, 3, 19]",1,5,4,0,0,1,0,0,0,0,0,1,8
2024501402625,2024,501402625,252161,56151,-4.08096,50.38661,3,3,5,13:10,-1,E06000026,3,0,1,0,2,"[11, 19]",8,4,0,0,0,1,0,0,1,0,0,1,25
2024501402653,2024,501402653,289532,91343,-3.56596,50.71119,3,3,4,12:13,-1,E07000045,4,0,1,0,2,4,3,7,0,0,0,1,0,0,0,0,0,1,24
2024501402662,2024,501402662,250441,70254,-4.11077,50.51292,3,3,5,15:45,-1,E07000047,3,0,1,0,2,"[6, 14]",4,1,0,0,0,1,0,1,0,0,0,1,25
2024501402672,2024,501402672,296927,93160,-3.46177,50.72889,3,3,7,18:12,-1,E07000040,3,0,1,0,2,3,3,7,0,0,0,1,0,0,0,0,0,1,6
2024501402717,2024,501402717,307575,105406,-3.31403,50.84077,3,3,4,19:44,-1,E07000040,3,2,1,1,2,19,4,1,0,7,10,1,0,0,0,0,0,1,24
2024501402726,2024,501402726,290943,83722,-3.54374,50.64295,2,2,5,16:42,-1,E07000045,6,2,2,1,2,19,7,4,0,1,4,1,0,0,0,0,0,1,25
2024501402965,2024,501402965,277959,52334,-3.71702,50.35823,3,3,6,09:50,-1,E07000044,3,0,1,0,2,19,"[7, 2]","[2, 5]",0,"[2, 0]","[10, 0]",1,0,0,0,0,0,1,26
2024501403032,2024,501403032,210483,59706,-4.66842,50.40659,3,3,5,13:00,-1,E06000052,6,0,1,1,2,1,1,5,0,0,0,1,0,0,0,0,1,1,25
2024501403097,2024,501403097,247112,104073,-4.17167,50.81597,3,3,6,18:20,-1,E07000046,3,2,1,0,2,19,"[6, 3]","[3, 7]",0,0,0,1,0,0,0,0,0,1,26
2024501403118,2024,501403118,294074,106843,-3.50613,50.85137,3,3,6,21:10,-1,E07000042,3,2,1,1,2,19,5,1,0,0,0,0,0,1,0,0,0,1,26
2024501403345,2024,501403345,295693,89070,-3.47809,50.6919,3,3,7,17:15,-1,E07000041,6,2,1,0,1,"[19, 9]","[4, 8]","[8, 4]",0,0,0,1,0,0,0,0,0,1,27
2024501403388,2024,501403388,292040,65254,-3.52287,50.47713,3,3,5,19:26,-1,E06000027,6,2,2,1,1,"[5, 19]","[2, 4]","[6, 8]",0,0,0,1,0,1,0,0,0,1,25
2024501403395,2024,501403395,242217,123400,-4.24946,50.98832,3,3,7,18:30,-1,E07000046,6,2,1,1,2,19,7,5,0,1,9,1,0,0,0,0,0,1,27
2024501403412,2024,501403412,331886,103420,-2.96845,50.82629,3,3,1,01:39,-1,E07000040,3,2,1,1,2,19,1,5,0,1,11,1,0,0,0,0,0,1,28
2024501403515,2024,501403515,245410,126923,-4.2055,51.02084,3,3,1,11:58,-1,E07000046,3,0,1,0,1,"[19, 5]","[3, 5]","[7, 1]",0,0,0,1,0,1,0,0,0,1,28
2024501403566,2024,501403566,245594,59085,-4.17447,50.41129,3,3,1,18:30,-1,E06000026,3,2,2,1,1,19,4,7,0,1,4,1,0,0,0,0,0,1,28
2024501403602,2024,501403602,293314,71832,-3.5068,50.5365,2,2,1,16:55,-1,E07000045,6,0,1,0,2,19,5,1,0,1,4,1,0,0,0,0,0,1,28
2024501403745,2024,501403745,244350,57590,-4.19135,50.39753,3,3,2,16:49,-1,E06000026,6,2,2,1,1,7,3,4,0,0,0,1,0,0,0,0,1,1,1
2024501403882,2024,501403882,233176,59102,-4.3491,50.40805,2,"[3, 2]",2,08:00,-1,E06000052,3,0,2,1,2,"[19, 3, 4]","[7, 3, 2]","[3, 6]",0,"[1, 0]","[11, 0]",1,0,0,0,0,0,1,29
2024501404024,2024,501404024,321552,107167,-3.11595,50.85867,3,3,1,18:45,-1,E07000040,3,2,2,1,2,"[19, 9]","[1, 5]","[3, 1]",0,0,0,1,0,0,0,0,0,1,28
2024501404086,2024,501404086,164033,37430,-5.30715,50.18977,3,3,1,18:21,-1,E06000052,4,2,1,1,2,"[4, 19]","[5, 1]","[1, 5]",0,0,0,1,0,0,0,0,0,1,28
2024501404224,2024,501404224,272331,88242,-3.80839,50.67979,3,3,3,06:10,-1,E07000047,3,2,1,1,2,"[13, 19]",4,8,0,0,0,1,0,0,0,0,0,1,30
2024501404300,2024,501404300,192170,44624,-4.91749,50.26494,3,3,3,08:40,-1,E06000052,3,0,1,1,2,19,4,1,0,0,0,1,0,0,0,0,0,1,30
2024501404417,2024,501404417,238497,123168,-4.30231,50.9852,3,3,5,15:32,-1,E07000046,3,0,1,0,2,3,"[3, 2]",6,0,0,0,1,0,0,0,0,0,1,18
2024501404492,2024,501404492,287303,59727,-3.58794,50.42655,3,3,3,14:35,-1,E06000027,3,0,1,0,1,19,"[8, 5]","[1, 2]",0,0,0,1,0,1,0,0,0,1,30
2024501404494,2024,501404494,233096,84868,-4.36176,50.63954,3,3,2,19:42,-1,E06000052,3,2,1,1,2,5,7,3,0,0,0,1,0,0,0,0,0,1,29
2024501404523,2024,501404523,171564,43797,-5.20566,50.2499,3,3,3,17:10,-1,E06000052,3,0,1,0,2,"[14, 9]","[7, 1]","[3, 7]","[10, 0]",0,0,1,0,1,0,0,0,1,30
2024501404539,2024,501404539,179022,44937,-5.10187,50.26297,2,"[3, 2]",3,16:18,-1,E06000052,6,0,1,0,1,19,8,4,0,0,0,1,0,0,0,0,1,1,30
2024501404557,2024,501404557,179703,33461,-5.08567,50.16017,2,2,3,14:48,-1,E06000052,3,0,1,0,1,"[4, 19]",8,4,0,0,0,1,0,1,0,0,0,1,30
2024501404606,2024,501404606,244591,58153,-4.18819,50.40265,3,3,1,17:52,-1,E06000026,6,2,1,1,1,19,3,7,0,0,0,0,0,1,0,0,0,1,28
2024501404612,2024,501404612,277139,63594,-3.73223,50.45927,3,3,4,05:10,-1,E07000044,3,2,1,0,2,19,4,1,0,7,11,1,0,0,0,0,0,1,31
2024501404659,2024,501404659,214215,65223,-4.6187,50.45734,3,3,3,15:20,-1,E06000052,3,0,1,1,2,19,"[3, 7]","[6, 3]",0,0,0,1,0,0,1,0,0,1,30
2024501404753,2024,501404753,263593,52704,-3.919,50.3584,3,3,4,08:35,-1,E07000044,3,0,1,1,2,19,2,6,0,7,11,1,0,0,0,0,0,1,31
2024501404828,2024,501404828,292712,91704,-3.52105,50.71503,3,3,4,17:45,-1,E07000041,6,2,2,1,1,"[9, 5]","[7, 3]",5,0,0,0,1,1,0,0,0,0,1,3
2024501404917,2024,501404917,286032,71396,-3.60938,50.53121,3,3,7,14:00,-1,E07000045,6,0,1,1,1,"[9, 19]","[7, 1]",5,0,0,0,1,1,0,0,0,0,1,20
2024501404979,2024,501404979,257970,126091,-4.02622,51.01661,3,3,4,15:04,-1,E07000043,3,0,1,0,2,"[10, 3]","[1, 8]","[5, 4]",0,"[3, 0]",0,1,0,0,0,0,0,1,31
2024501405018,2024,501405018,203604,52419,-4.76131,50.33887,3,3,4,19:35,-1,E06000052,3,2,1,0,1,19,3,7,0,0,0,1,0,0,0,0,1,1,31
2024501405153,2024,501405153,284673,97519,-3.63669,50.76576,3,3,4,11:45,-1,E07000042,6,0,1,0,2,19,"[1, 5]","[5, 3]",0,0,0,1,0,0,0,0,0,1,31
2024501405207,2024,501405207,296675,87793,-3.46384,50.68059,2,2,5,08:45,-1,E07000041,6,0,1,2,1,1,1,5,0,0,0,1,0,0,0,0,1,1,18
2024501405275,2024,501405275,278507,75829,-3.71695,50.56954,3,3,7,13:45,-1,E07000045,6,0,1,1,2,19,5,1,0,0,0,1,0,0,0,0,1,1,6
2024501405374,2024,501405374,231934,111079,-4.39015,50.87471,3,3,5,18:22,-1,E07000046,6,2,1,0,2,19,"[5, 8]","[1, 4]",0,"[2, 0]","[10, 0]",1,0,0,0,0,0,2,1
2024501405479,2024,501405479,274081,93678,-3.78549,50.72903,3,3,4,15:45,-1,E07000042,6,0,1,1,2,19,"[3, 1]","[8, 5]",0,0,0,1,0,0,0,0,0,1,31
2024501405501,2024,501405501,285383,80181,-3.62124,50.61005,3,3,6,08:16,-1,E07000045,4,0,1,1,2,19,"[1, 5]","[4, 1]",0,0,0,1,0,0,0,0,0,2,2
2024501405570,2024,501405570,316190,100784,-3.19065,50.80053,3,3,3,16:55,-1,E07000040,6,2,1,0,1,19,8,4,0,7,11,1,0,0,0,0,1,1,9
2024501405621,2024,501405621,288730,57895,-3.56731,50.41036,3,3,6,10:18,-1,E06000027,6,0,1,0,1,19,4,8,0,0,0,1,0,0,1,0,0,2,2
2024501405634,2024,501405634,197291,57801,-4.85281,50.38507,2,2,6,08:00,-1,E06000052,6,0,2,1,2,19,6,2,0,0,0,1,0,0,0,0,0,2,2
2024501405725,2024,501405725,306887,95399,-3.32126,50.7507,3,3,6,18:47,-1,E07000040,4,2,1,1,2,19,"[3, 7]","[7, 3]",0,"[0, 1]","[0, 9]",1,0,0,0,1,0,2,2
2024501405729,2024,501405729,296691,93119,-3.4651,50.72847,2,2,4,17:00,-1,E07000041,1,2,1,0,1,"[9, 19]","[4, 6]","[8, 3]",0,0,0,1,0,1,0,0,0,1,31
2024501405809,2024,501405809,285838,71156,-3.61204,50.52901,2,2,6,13:19,-1,E07000045,3,0,1,0,1,19,"[3, 7, 1]","[7, 3, 5]",0,"[0, 4]",0,1,0,1,0,0,0,2,2
2024501405913,2024,501405913,250441,60453,-4.10685,50.42484,3,3,3,08:00,-1,E06000026,4,0,1,0,1,"[14, 9]","[8, 2]","[4, 8]",0,0,0,1,0,1,0,0,0,1,30
2024501405926,2024,501405926,251753,52313,-4.08518,50.35202,3,3,2,17:40,-1,E06000026,6,2,1,1,1,19,"[6, 1]","[8, 5]",0,0,0,1,1,0,0,0,0,1,29
2024501405928,2024,501405928,191933,41982,-4.91936,50.24112,3,3,7,13:50,-1,E06000052,3,0,1,1,2,"[9, 19]","[2, 6]","[6, 2]","[0, 10]","[0, 1]",0,1,0,0,0,0,0,2,3
2024501405976,2024,501405976,291228,64875,-3.5342,50.47357,3,3,7,17:33,-1,E06000027,6,2,1,0,1,"[20, 2]",4,1,0,0,0,1,0,0,0,0,0,2,3
2024501405987,2024,501405987,250475,61549,-4.10681,50.4347,3,3,7,19:37,-1,E07000044,6,2,2,1,1,9,2,7,0,0,0,0,0,1,0,0,0,2,3
2024501406146,2024,501406146,323538,110152,-3.08836,50.88578,3,3,7,13:15,-1,E07000040,4,0,2,1,2,19,5,1,0,1,11,1,0,0,0,0,0,2,3
2024501406234,2024,501406234,242091,59283,-4.22382,50.41214,3,3,1,16:39,-1,E06000052,6,2,1,0,1,1,3,7,0,0,0,1,0,0,0,0,1,2,4
2024501406247,2024,501406247,221078,53764,-4.51665,50.35653,3,3,1,20:39,-1,E06000052,4,2,1,0,2,19,8,4,0,8,11,1,0,0,0,0,0,2,4
2024501406252,2024,501406252,298958,96896,-3.43403,50.76283,3,3,1,22:34,-1,E07000040,6,2,1,0,2,19,1,4,0,1,10,1,0,0,0,0,0,2,4
2024501406260,2024,501406260,289749,90833,-3.56274,50.70665,3,3,3,08:00,-1,E07000045,6,0,8,2,2,19,1,4,10,7,0,1,0,0,0,0,0,1,16
2024501406267,2024,501406267,248450,58445,-4.13405,50.40628,3,3,2,07:41,-1,E06000026,3,0,2,1,1,19,5,1,0,0,0,1,0,0,0,0,0,2,5
2024501406280,2024,501406280,251002,54038,-4.09641,50.36733,3,3,4,08:35,-1,E06000026,3,0,1,0,1,"[19, 5]","[7, 1]","[3, 5]",0,0,0,1,1,0,0,0,0,1,31
2024501406519,2024,501406519,282899,101318,-3.66304,50.79955,3,3,7,11:15,-1,E07000042,6,0,1,0,2,"[19, 4]","[4, 8]","[8, 4]",0,0,0,1,0,0,0,0,0,2,3
2024501406583,2024,501406583,246554,57024,-4.16013,50.39302,1,1,2,18:17,-1,E06000026,6,2,1,0,1,19,2,6,0,0,0,0,0,1,0,0,1,2,5
2024501406586,2024,501406586,182178,60684,-5.06676,50.40556,3,3,2,18:17,-1,E06000052,6,2,1,0,1,19,"[4, 7]","[7, 3]",0,0,0,1,0,0,0,0,0,2,5
2024501406599,2024,501406599,203041,61133,-4.77378,50.41696,3,3,2,17:24,-1,E06000052,3,0,1,0,2,19,"[2, 6]","[6, 2]",0,0,0,1,0,0,0,0,0,2,5
2024501406613,2024,501406613,166171,41439,-5.27972,50.22662,3,3,7,20:25,-1,E06000052,3,2,1,0,2,"[9, 19]","[1, 4]","[5, 1]",0,"[7, 0]",0,1,0,0,0,0,0,2,3
2024501406625,2024,501406625,291345,68134,-3.5335,50.50289,3,3,7,02:24,-1,E06000027,6,2,1,1,2,19,4,8,0,0,0,1,0,0,0,0,0,1,27
2024501406675,2024,501406675,254021,56649,-4.05501,50.39155,3,3,3,06:30,-1,E06000026,4,2,1,1,1,"[19, 10]",7,"[3, 5]",0,0,0,1,0,1,0,0,0,2,6
2024501406715,2024,501406715,208089,63771,-4.70416,50.44233,3,3,3,08:00,-1,E06000052,4,0,1,1,2,19,"[6, 5]","[3, 1]",0,0,0,1,0,0,0,0,0,2,6
2024501406787,2024,501406787,245356,58986,-4.17778,50.41034,2,2,4,08:30,-1,E06000026,6,0,1,0,1,19,1,5,0,0,0,1,0,0,0,0,1,1,10
2024501406814,2024,501406814,286957,73895,-3.59709,50.55385,3,3,4,14:00,-1,E07000045,4,0,1,0,1,"[10, 19]","[7, 5]","[5, 1]",0,0,0,1,0,0,0,0,0,1,10
2024501406827,2024,501406827,254500,133743,-4.07874,51.0845,3,3,2,16:52,-1,E07000043,6,2,1,0,1,"[7, 19]","[1, 7]",3,0,0,0,1,1,0,0,0,0,1,8
2024501406841,2024,501406841,313046,102086,-3.23556,50.81177,3,3,4,12:27,-1,E07000040,3,0,1,2,2,19,3,1,11,1,0,1,0,0,0,0,0,1,17
2024501406886,2024,501406886,281327,77854,-3.6778,50.58832,3,3,3,13:13,-1,E07000045,6,0,1,1,2,"[9, 19]","[1, 5]","[4, 1]","[11, 0]",0,0,1,1,0,0,0,0,2,6
2024501407006,2024,501407006,168794,42579,-5.2437,50.23788,2,2,3,23:13,-1,E06000052,3,2,5,1,2,19,2,6,0,1,0,1,0,0,0,0,0,2,6
2024501407020,2024,501407020,319235,100280,-3.14734,50.79643,2,2,4,00:05,-1,E07000040,3,2,2,1,2,"[13, 19]",7,"[5, 3]",0,"[1, 0]","[11, 0]",1,0,0,0,0,0,2,7
2024501407090,2024,501407090,183202,62882,-5.05364,50.42568,3,3,4,05:55,-1,E06000052,4,2,2,1,1,19,8,4,0,0,0,1,0,0,0,0,0,2,7
2024501407150,2024,501407150,271763,108922,-3.82365,50.86554,3,3,4,08:08,-1,E07000042,3,0,1,1,2,"[10, 19]",5,"[3, 1]",0,0,0,1,0,0,0,0,0,2,7
2024501407155,2024,501407155,227370,82235,-4.44144,50.61422,3,3,4,09:10,-1,E06000052,3,0,1,1,2,19,2,6,0,0,0,1,0,0,0,0,0,2,7
2024501407226,2024,501407226,291701,92504,-3.5356,50.72204,3,3,2,12:15,-1,E07000041,6,0,1,0,1,9,8,6,0,0,0,1,0,1,0,0,0,2,5
2024501407281,2024,501407281,248394,57861,-4.1346,50.40102,3,3,4,14:15,-1,E06000026,4,0,1,0,1,"[4, 19]",1,5,0,0,0,1,0,0,0,0,0,1,10
2024501407372,2024,501407372,153567,35359,-5.45216,50.16692,3,3,4,17:20,-1,E06000052,3,0,2,1,2,"[4, 19, 7]",3,6,"[0, -1]","[0, -1]",0,1,0,0,0,0,0,2,7
2024501407383,2024,501407383,274796,125521,-3.78628,51.0154,3,3,3,16:46,-1,E07000043,4,0,2,1,2,"[9, 7]","[7, 3]","[3, 5]","[0, 10]",1,0,1,0,0,0,0,0,2,6
2024501407436,2024,501407436,291458,93444,-3.53931,50.73044,2,2,7,23:30,-1,E07000041,4,2,1,0,1,19,5,1,0,0,0,0,1,0,0,0,1,1,13
2024501407506,2024,501407506,312848,89122,-3.2353,50.69519,3,3,2,15:30,-1,E07000040,6,0,1,0,1,"[19, 13]",3,7,0,0,0,1,1,0,0,0,0,1,15
2024501407598,2024,501407598,247515,54940,-4.14577,50.37454,3,3,6,15:07,-1,E06000026,6,0,1,0,1,19,3,7,0,0,0,1,0,0,0,0,1,1,19
2024501407803,2024,501407803,295113,113175,-3.49319,50.90848,3,3,5,17:44,-1,E07000042,3,2,5,1,1,"[9, 4]","[1, 5]","[5, 1]",0,0,0,1,0,0,0,0,0,2,8
2024501407842,2024,501407842,294383,89719,-3.49682,50.69749,3,3,5,09:00,-1,E07000041,3,0,1,1,1,"[7, 19]","[2, 7]","[5, 3]",0,0,0,1,1,0,0,0,0,1,25
2024501407878,2024,501407878,258013,132428,-4.0281,51.07356,3,3,5,08:03,-1,E07000043,6,0,1,1,1,"[19, 4]",7,3,0,0,0,1,0,0,0,0,0,2,8
2024501407910,2024,501407910,177815,45156,-5.11891,50.26449,3,3,2,07:40,-1,E06000052,3,0,1,0,2,5,7,3,0,0,0,1,0,0,0,0,0,1,15
2024501407913,2024,501407913,166375,28514,-5.26893,50.11065,3,3,5,15:55,-1,E06000052,6,0,1,0,1,9,2,7,0,0,0,1,0,0,0,0,1,2,1
2024501407986,2024,501407986,312684,88019,-3.23736,50.68525,3,3,2,14:15,-1,E07000040,3,0,1,0,1,19,1,5,0,0,0,1,0,0,0,0,1,1,15
2024501408059,2024,501408059,180524,33352,-5.07413,50.15949,2,2,6,08:27,-1,E06000052,6,0,2,1,1,"[12, 2, 19]","[8, 0, 4]","[4, 0, 8]","[0, 4]",0,0,1,1,0,0,0,0,2,9
2024501408098,2024,501408098,246555,55043,-4.15931,50.37522,3,3,6,13:40,-1,E06000026,6,0,2,1,1,19,7,8,0,0,0,1,0,0,0,0,1,2,9
2024501408099,2024,501408099,221520,103645,-4.5344,50.8048,2,"[3, 2]",6,11:10,-1,E06000052,3,0,1,1,2,"[9, 19]","[1, 5]","[6, 1]",0,"[0, 1]","[0, 11]",1,0,0,0,0,0,2,9
2024501408107,2024,501408107,199842,62476,-4.81946,50.42794,2,2,6,12:10,-1,E06000052,6,0,2,1,2,"[13, 9]",2,"[6, 8]",0,0,0,1,0,1,0,0,0,2,9
2024501408127,2024,501408127,183338,47562,-5.04291,50.28815,3,3,6,11:47,-1,E06000052,3,0,2,1,2,19,"[5, 1]","[1, 5]",0,"[1, 0]","[4, 0]",1,0,0,0,0,0,2,9
2024501408224,2024,501408224,233830,73955,-4.34651,50.54169,3,3,6,18:31,-1,E06000052,4,2,2,1,2,"[9, 19]","[2, 4]",8,0,0,0,1,0,0,0,0,0,2,9
2024501408258,2024,501408258,247043,54321,-4.15216,50.36886,2,2,6,23:28,-1,E06000026,6,2,2,1,1,19,4,8,0,0,0,1,0,0,0,0,1,2,9
2024501408296,2024,501408296,289399,82989,-3.56535,50.63607,3,3,7,06:00,-1,E07000045,3,2,2,1,2,19,2,5,10,1,9,1,0,0,0,0,0,2,10
2024501408302,2024,501408302,305605,114848,-3.34444,50.92534,3,3,4,10:10,-1,E07000042,1,0,1,1,2,19,2,6,0,0,0,1,0,0,1,0,0,2,7
2024501408331,2024,501408331,288860,65578,-3.56776,50.47945,3,3,4,08:55,-1,E06000027,6,0,1,0,1,"[19, 3]",7,3,0,0,0,1,0,0,0,0,0,1,17
2024501408445,2024,501408445,91260,10211,-6.30205,49.91221,2,2,6,20:40,-1,E06000053,3,2,1,1,2,19,7,3,-1,0,0,0,0,1,0,0,0,2,9
2024501408448,2024,501408448,165925,27465,-5.27457,50.10105,3,3,6,15:24,-1,E06000052,6,0,2,1,1,9,2,1,0,0,0,1,0,0,0,0,1,2,9
2024501408471,2024,501408471,259679,55656,-3.97509,50.38401,3,3,7,15:25,-1,E07000044,6,0,1,0,2,"[4, 19]",7,3,0,0,0,1,0,0,0,0,0,2,10
2024501408543,2024,501408543,259792,52081,-3.97217,50.3519,2,2,1,05:45,-1,E07000044,3,2,2,1,2,19,"[7, 3]","[3, 7]",0,"[0, 1]",0,1,0,0,0,0,0,2,11
2024501408589,2024,501408589,311879,102585,-3.25224,50.81608,3,3,1,11:05,-1,E07000040,3,0,1,1,2,19,3,6,0,0,0,1,0,0,0,0,0,2,11
2024501408633,2024,501408633,161150,32825,-5.34458,50.14727,2,2,1,13:55,-1,E06000052,4,0,1,1,2,19,1,5,0,0,0,0,0,1,0,0,0,2,11
2024501408652,2024,501408652,285809,78522,-3.61471,50.59522,3,3,1,16:38,-1,E07000045,3,0,1,0,2,19,"[5, 2]","[1, 7]",0,0,0,1,0,0,0,0,0,2,11