collision_index,collision_year,collision_ref_no,location_easting_osgr,location_northing_osgr,longitude,latitude,casualty_severity,casualty_severity,day_of_week,time,local_authority_district,local_authority_ons_district,first_road_class,light_conditions,weather_conditions,road_surface_conditions,urban_or_rural_area,vehicle_manoeuvre,vehicle_direction_from,vehicle_direction_to,hit_object_in_carriageway,vehicle_leaving_carriageway,hit_object_off_carriageway,is_car,is_cyle,is_mcyle,is_goodsv,is_other,is_pedestrian,month,day
2024501415321,2024,501415321,295120,92160,-3.48708,50.71957,3,3,5,07:55,-1,E07000041,6,0,2,1,1,"[2, 19]","[6, 2]",6,"[0, 4]",0,0,1,1,0,0,0,0,2,29
2024501415349,2024,501415349,289269,65125,-3.56187,50.47545,3,3,2,03:30,-1,E06000027,6,2,2,1,1,19,5,1,0,7,10,1,0,0,0,0,0,2,26
2024501415367,2024,501415367,237452,60688,-4.28966,50.4235,3,3,5,09:00,-1,E06000052,3,0,1,1,2,"[9, 19]","[5, 2]","[2, 6]",0,"[0, 7]","[0, 7]",1,0,0,0,0,0,2,29
2024501415372,2024,501415372,289483,66288,-3.5592,50.48595,3,3,7,14:10,-1,E06000027,6,0,1,0,1,"[9, 19]",7,3,0,0,0,1,1,0,0,0,0,2,24
2024501415554,2024,501415554,192950,59784,-4.91488,50.40137,3,3,5,14:45,-1,E06000052,6,0,1,1,2,4,2,6,0,0,0,0,0,1,0,0,0,2,29
2024501415569,2024,501415569,253867,103987,-4.07581,50.81694,3,3,5,19:09,-1,E07000047,3,2,1,1,2,"[2, 19]","[8, 2]","[1, 6]","[4, 0]","[0, 7]","[0, 4]",1,0,0,0,0,0,2,29
2024501415586,2024,501415586,293255,92576,-3.51361,50.72297,3,3,5,17:50,-1,E07000041,4,2,1,0,1,"[9, 19]","[4, 7]","[2, 3]",0,0,0,1,0,0,0,0,0,2,29
2024501415657,2024,501415657,156735,38286,-5.40975,50.1945,3,3,7,21:00,-1,E06000052,6,2,1,0,2,19,7,3,0,7,11,1,0,0,0,0,0,2,24
2024501415889,2024,501415889,282364,88446,-3.66652,50.68374,3,3,6,10:06,-1,E07000045,6,0,1,1,2,"[7, 9]","[6, 8]","[8, 6]",0,0,0,1,1,0,0,0,0,3,1
2024501415971,2024,501415971,253048,122210,-4.09477,50.98049,2,2,6,15:43,-1,E07000046,4,0,2,1,2,19,6,3,0,1,4,1,0,0,0,0,0,3,1
2024501416009,2024,501416009,292424,55750,-3.51473,50.39176,2,2,6,22:15,-1,E06000027,6,2,2,1,1,19,1,5,0,1,0,0,0,1,0,0,1,3,1
2024501416024,2024,501416024,207045,54248,-4.71395,50.35644,3,3,6,18:45,-1,E06000052,6,2,2,1,2,7,4,8,0,0,0,1,0,0,0,0,1,3,1
2024501416117,2024,501416117,277149,52221,-3.72836,50.35704,3,3,5,08:00,-1,E07000044,6,0,2,1,2,"[7, 19]","[2, 8]",4,0,0,0,1,0,0,0,0,0,2,22
2024501416203,2024,501416203,291479,93389,-3.539,50.72995,3,3,7,11:16,-1,E07000041,4,0,1,0,1,"[19, 3]",1,5,0,0,0,1,0,0,0,0,0,3,2
2024501416335,2024,501416335,304685,114082,-3.35733,50.9183,3,3,7,23:08,-1,E07000042,1,2,2,1,2,19,1,5,0,0,0,1,0,0,0,0,0,3,2
2024501416345,2024,501416345,252568,121809,-4.10144,50.97677,3,3,7,21:00,-1,E07000046,4,2,1,1,2,"[9, 19]","[5, 2]","[2, 3]",0,0,0,1,0,0,0,0,0,3,2
2024501416438,2024,501416438,234084,104194,-4.3565,50.81347,2,2,5,12:26,-1,E07000046,3,2,5,1,2,"[9, 19]","[7, 3]","[5, 7]",0,0,0,1,0,1,0,0,0,2,15
2024501416444,2024,501416444,170968,43562,-5.21386,50.24756,3,3,1,11:22,-1,E06000052,3,0,2,1,1,"[19, 9]","[7, 5]",3,0,0,0,1,0,1,0,0,0,3,3
2024501416511,2024,501416511,285611,71634,-3.61539,50.53326,3,3,1,13:50,-1,E07000045,3,0,1,0,1,19,3,7,0,0,0,1,0,0,0,0,1,3,3
2024501416525,2024,501416525,295553,90835,-3.48057,50.70774,3,3,1,14:10,-1,E07000041,3,0,1,0,1,"[19, 9]","[3, 7]","[7, 5]",0,0,0,1,0,1,0,0,0,3,3
2024501416531,2024,501416531,288606,82292,-3.57635,50.62965,3,3,7,19:01,-1,E07000045,3,0,1,0,2,19,7,"[7, 6, 3]",0,"[0, 8]","[0, 7]",1,0,0,0,0,0,3,2
2024501416768,2024,501416768,172050,43950,-5.19894,50.25146,3,3,2,09:44,-1,E06000052,3,0,5,1,2,19,2,6,0,0,0,1,0,0,0,0,1,3,4
2024501416791,2024,501416791,303111,86403,-3.37241,50.6692,3,3,7,11:40,-1,E07000040,4,0,1,0,2,"[5, 19]","[7, 5]","[3, 1]",0,0,0,1,1,0,0,0,0,3,2
2024501416853,2024,501416853,232457,123127,-4.38827,50.98311,3,3,2,13:38,-1,E07000046,3,0,5,1,2,19,3,7,0,2,10,1,0,0,0,0,0,3,4
2024501416875,2024,501416875,253220,55079,-4.06565,50.37724,3,3,2,10:56,-1,E06000026,3,0,2,1,2,19,3,8,0,0,0,1,0,0,1,0,0,3,4
2024501416882,2024,501416882,274645,66930,-3.76847,50.48873,3,3,2,12:25,-1,E07000045,3,0,2,1,2,19,6,1,0,1,0,1,0,0,0,0,0,3,4
2024501416919,2024,501416919,291247,93314,-3.54226,50.72923,2,2,7,21:37,-1,E07000041,3,2,1,0,1,4,1,5,0,0,0,1,0,0,0,0,0,2,24
2024501417152,2024,501417152,183352,47863,-5.04289,50.29085,3,3,2,12:50,-1,E06000052,3,0,2,1,2,19,"[5, 3]","[3, 5]",0,0,0,1,0,0,0,1,0,3,4
2024501417168,2024,501417168,291955,91551,-3.53172,50.71352,3,3,3,10:38,-1,E07000041,6,0,1,1,1,19,1,5,0,0,0,1,0,0,0,0,1,3,5
2024501417314,2024,501417314,226245,63614,-4.44864,50.44658,2,2,4,21:11,-1,E06000052,3,2,1,1,2,19,8,4,0,0,0,1,0,0,0,0,1,2,28
2024501417320,2024,501417320,253351,129382,-4.09336,51.04502,3,3,3,09:50,-1,E07000043,4,0,1,1,2,"[4, 3]","[6, 5]","[2, 1]",0,0,0,1,0,0,0,0,0,3,5
2024501417370,2024,501417370,248544,58816,-4.13288,50.40964,3,3,3,13:59,-1,E06000026,3,0,1,0,1,"[19, 12]","[2, 3]",6,0,"[4, 0]","[6, 0]",1,0,0,0,0,0,3,5
2024501417526,2024,501417526,292609,93793,-3.52311,50.73379,3,3,3,13:25,-1,E07000041,6,0,1,0,1,19,1,5,0,0,0,1,0,0,0,0,1,2,13
2024501417594,2024,501417594,246943,58092,-4.1551,50.40272,3,3,2,15:20,-1,E06000026,6,0,1,0,1,5,-1,-1,0,0,0,1,0,0,0,0,1,3,4
2024501417598,2024,501417598,273755,106919,-3.79466,50.84798,3,3,4,07:45,-1,E07000042,3,2,7,2,2,19,5,1,0,7,10,1,0,0,0,0,0,3,6
2024501417606,2024,501417606,146925,31278,-5.54227,50.12748,3,3,4,08:50,-1,E06000052,6,0,9,1,1,19,"[3, 7]","[7, 3]",0,0,0,1,1,0,0,0,0,3,6
2024501417613,2024,501417613,294995,93615,-3.48927,50.73263,3,3,5,05:40,-1,E07000041,4,2,1,1,1,"[7, 19]",7,3,0,0,0,1,1,0,0,0,0,2,1
2024501417665,2024,501417665,187790,58900,-4.98689,50.39159,3,3,4,11:35,-1,E06000052,6,0,1,0,2,19,2,6,0,1,4,1,0,0,0,0,0,3,6
2024501417673,2024,501417673,203324,53880,-4.766,50.3519,3,3,7,11:30,-1,E06000052,3,0,1,0,2,"[4, 19]",8,4,0,0,0,1,0,0,0,0,0,3,2
2024501417687,2024,501417687,169604,43085,-5.23267,50.24274,3,3,6,21:18,-1,E06000052,3,2,2,1,2,19,"[1, 2]","[5, 8]",0,0,0,1,0,0,0,0,0,3,1
2024501417816,2024,501417816,244884,129173,-4.21396,51.04092,3,3,4,15:48,-1,E07000046,6,0,1,0,1,19,4,"[8, 7]",0,0,0,1,0,0,0,0,0,3,6
2024501417973,2024,501417973,289121,61684,-3.56293,50.44449,2,2,5,08:25,-1,E06000027,3,0,1,0,1,"[19, 3]","[5, 2]","[8, 6]",0,0,0,1,0,1,0,0,0,3,7
2024501418095,2024,501418095,231436,104569,-4.39423,50.81607,3,3,5,09:37,-1,E07000046,3,0,1,0,2,19,4,8,0,1,4,1,0,0,0,0,0,3,7
2024501418169,2024,501418169,234345,103793,-4.35262,50.80994,2,2,3,15:20,-1,E07000046,3,0,1,0,2,19,5,1,0,0,0,1,0,0,0,0,1,3,5
2024501418231,2024,501418231,246955,58082,-4.15492,50.40263,3,3,5,20:00,-1,E06000026,6,2,1,0,1,"[19, 4]",4,8,0,0,0,1,0,0,0,0,0,3,7
2024501418245,2024,501418245,257266,143985,-4.04333,51.17723,3,3,4,10:56,-1,E07000043,3,0,1,0,2,"[14, 2]","[2, 0]","[6, 0]","[4, 0]","[0, 7]","[0, 10]",1,0,0,1,0,0,3,6
2024501418271,2024,501418271,170446,42386,-5.22046,50.23679,2,2,2,08:25,-1,E06000052,6,0,2,1,1,"[19, 5]","[2, 7]",6,0,0,0,1,0,1,0,0,0,3,4
2024501418314,2024,501418314,248803,54669,-4.12757,50.37244,3,3,2,21:15,-1,E06000026,4,2,1,1,1,"[5, 9]","[8, 4]","[8, 3]",0,9,0,1,0,1,0,0,0,3,4
2024501418367,2024,501418367,287134,61218,-3.59076,50.43992,3,3,6,09:38,-1,E06000027,3,0,1,0,1,"[15, 9]","[1, 3]","[5, 8]",0,0,0,1,0,1,0,0,0,3,8
2024501418444,2024,501418444,258201,132134,-4.0253,51.07097,3,3,6,11:41,-1,E07000043,3,0,1,0,2,19,4,7,0,1,10,1,0,0,0,0,0,3,8
2024501418525,2024,501418525,324329,91688,-3.07331,50.71987,2,2,5,10:15,-1,E07000040,6,0,1,0,2,"[19, 2]","[1, 0]","[5, 0]",0,0,0,1,0,0,0,0,0,3,7
2024501418630,2024,501418630,245229,59007,-4.17957,50.41049,3,3,6,22:45,-1,E06000026,6,2,1,0,1,"[2, 19]","[0, 7]","[0, 3]",0,0,0,1,1,0,0,0,0,3,8
2024501418664,2024,501418664,293980,120805,-3.51153,50.97686,3,3,7,01:15,-1,E07000042,3,2,4,1,2,19,8,4,0,2,3,1,0,0,0,0,0,3,9
2024501418668,2024,501418668,291661,91897,-3.53598,50.71657,3,3,6,16:40,-1,E07000041,3,0,1,0,1,19,"[1, 5]","[5, 1]",0,0,0,1,0,0,0,0,0,3,8
2024501418694,2024,501418694,203386,59539,-4.76809,50.40276,3,3,6,16:30,-1,E06000052,6,0,9,0,2,19,5,1,0,0,0,1,0,0,0,0,1,3,1
2024501418714,2024,501418714,290513,66855,-3.54485,50.49124,3,3,4,15:02,-1,E06000027,6,0,2,1,1,19,"[6, 1]","[3, 6]",0,0,0,1,0,0,0,0,0,2,14
2024501418853,2024,501418853,301940,106909,-3.39444,50.85336,3,3,5,08:38,-1,E07000042,4,0,1,0,2,"[9, 19]","[6, 1]","[3, 6]",0,"[1, 0]",0,1,1,0,0,0,0,3,7
2024501418856,2024,501418856,275815,49528,-3.74622,50.33255,3,3,7,21:40,-1,E07000044,3,2,2,1,2,19,6,2,11,7,8,1,0,0,0,0,0,3,9
2024501419004,2024,501419004,258830,115748,-4.00995,50.92387,3,3,6,18:15,-1,E07000046,4,0,1,0,2,19,"[6, 2]","[2, 6]",0,0,0,1,0,0,0,0,0,3,8
2024501419039,2024,501419039,290355,62805,-3.54589,50.4548,3,3,1,14:55,-1,E06000027,3,0,2,1,1,"[4, 19]",2,6,"[0, 11]",0,0,1,0,0,0,0,0,3,10
2024501419117,2024,501419117,179874,32843,-5.08293,50.15468,3,3,1,21:22,-1,E06000052,6,2,1,1,1,19,3,7,0,0,0,1,0,0,0,0,1,3,10
2024501419179,2024,501419179,245916,55210,-4.16835,50.37655,3,3,7,11:15,-1,E06000026,6,0,1,1,1,"[9, 19]","[7, 5]","[5, 1]",0,0,0,1,0,1,0,0,0,3,2
2024501419253,2024,501419253,304319,107153,-3.36072,50.85595,3,3,2,18:30,-1,E07000042,3,2,1,0,2,"[19, 10]",3,"[7, 5]",0,0,0,1,0,0,0,0,0,2,26
2024501419311,2024,501419311,160872,31328,-5.34753,50.13372,3,3,5,21:50,-1,E06000052,6,2,1,0,2,19,7,3,0,0,0,1,0,0,0,0,1,2,29
2024501419435,2024,501419435,154348,36166,-5.44177,50.17449,3,3,6,14:15,-1,E06000052,3,0,4,0,2,"[19, 3]",8,2,0,0,0,1,0,0,0,0,0,3,8
2024501419495,2024,501419495,300738,90548,-3.40709,50.70607,3,3,6,12:15,-1,E07000040,3,0,1,0,2,"[19, 5]","[3, 1]",7,0,0,0,1,0,0,0,0,0,3,8
2024501419910,2024,501419910,209223,69370,-4.69106,50.49299,3,3,7,10:08,-1,E06000052,3,0,2,1,2,19,6,2,0,1,9,1,0,0,0,0,0,3,2
2024501419924,2024,501419924,294515,117299,-3.50289,50.94545,3,3,4,07:50,-1,E07000042,3,0,8,2,2,19,"[5, 1]","[1, 5]",0,"[0, 1]",0,1,0,0,0,0,0,3,6
2024501419934,2024,501419934,291239,83594,-3.53951,50.64185,3,3,1,15:28,-1,E07000045,3,0,2,1,2,19,1,5,0,1,4,1,0,0,0,0,0,3,10
2024501419961,2024,501419961,289794,73375,-3.55691,50.54972,3,3,2,11:37,-1,E07000045,3,0,5,1,2,"[19, 10]",2,6,0,0,0,1,0,0,0,0,0,3,4
2024501419976,2024,501419976,225026,64183,-4.46606,50.45133,2,2,2,17:55,-1,E06000052,4,0,1,0,2,13,6,2,0,0,0,0,0,1,0,0,0,3,11
2024501420012,2024,501420012,249715,119305,-4.14102,50.95353,3,3,7,17:30,-1,E07000046,3,0,2,1,2,"[19, 2]","[2, 0]","[6, 0]",0,0,0,1,0,0,0,1,0,3,9
2024501420053,2024,501420053,270507,72079,-3.82856,50.53411,3,3,3,16:35,-1,E07000045,6,0,1,1,2,19,"[5, 1]","[1, 5]",0,0,0,1,0,1,0,0,0,3,5
2024501420164,2024,501420164,192341,59114,-4.92307,50.39514,3,3,7,12:35,-1,E06000052,3,0,2,1,2,"[19, 5]","[8, 6]","[4, 2]",0,"[1, 0]",0,1,0,1,0,0,0,3,9
2024501420294,2024,501420294,181012,44682,-5.07385,50.26142,3,3,4,08:05,-1,E06000052,3,0,1,1,1,"[9, 14]","[4, 3]","[1, 7]",0,0,0,1,0,1,0,0,0,3,13
2024501420338,2024,501420338,251982,67767,-4.08807,50.49096,3,3,2,18:25,-1,E07000047,3,2,1,0,2,"[7, 19]","[8, 6]",2,0,0,0,1,0,0,0,0,0,3,11
2024501420359,2024,501420359,251793,145699,-4.12228,51.19124,3,3,2,16:00,-1,E07000043,3,0,2,1,2,19,5,1,0,7,4,0,0,0,1,0,0,3,4
2024501420423,2024,501420423,257474,131909,-4.03558,51.06877,3,3,4,17:00,-1,E07000043,3,0,1,0,1,19,2,6,0,0,0,1,0,0,0,0,0,3,13
2024501420459,2024,501420459,169589,42969,-5.23281,50.2417,3,3,3,17:57,-1,E06000052,6,2,1,0,1,19,"[1, 5]","[5, 1]",0,"[7, 0]",0,1,0,0,0,0,0,3,12
2024501420504,2024,501420504,291696,77420,-3.53125,50.58644,3,3,5,02:20,-1,E07000045,4,2,1,0,2,19,1,5,0,1,4,1,0,0,0,0,0,3,14
2024501420509,2024,501420509,248986,59262,-4.12684,50.41376,3,3,4,07:02,-1,E06000026,3,0,1,1,1,"[19, 9]","[2, 5]","[5, 3]",0,0,0,1,0,0,0,1,0,3,6
2024501420528,2024,501420528,254148,55834,-4.05291,50.38426,3,3,2,15:21,-1,E06000026,6,0,1,1,1,"[4, 19]","[1, 5]","[5, 8]",0,0,0,1,0,1,0,0,0,2,19
2024501420535,2024,501420535,292347,55991,-3.51588,50.39391,3,3,3,11:46,-1,E06000027,6,0,2,1,1,"[13, 19]","[7, 1]",5,0,0,0,1,1,0,0,0,0,3,12
2024501420564,2024,501420564,244951,127922,-4.21247,51.02969,3,3,1,11:30,-1,E07000046,3,0,1,0,1,"[8, 19]",3,7,0,0,0,1,0,0,0,0,0,3,10
2024501420585,2024,501420585,293596,93252,-3.50898,50.72911,3,3,3,18:00,-1,E07000041,6,2,9,0,1,"[19, 3]","[1, 3]","[5, 7]",0,0,0,1,1,0,0,0,0,3,12
2024501420590,2024,501420590,251971,48721,-4.08071,50.31979,3,3,1,12:55,-1,E07000044,6,0,1,1,2,"[19, 3]",2,6,0,0,0,1,0,0,0,0,0,3,10
2024501420632,2024,501420632,308806,89664,-3.29265,50.69944,3,3,5,09:36,-1,E07000040,6,0,1,0,2,"[5, 2]","[5, 0]","[1, 0]","[4, 0]",0,0,1,0,0,1,0,0,3,14
2024501420673,2024,501420673,147269,30498,-5.53695,50.12063,3,3,3,08:18,-1,E06000052,6,0,9,0,1,"[2, 19]","[0, 1]","[0, 5]","[0, 8]",0,0,1,0,0,0,0,0,3,12
2024501420722,2024,501420722,164082,40311,-5.30826,50.21566,3,3,4,15:10,-1,E06000052,3,0,2,1,1,19,8,4,0,0,0,1,0,0,0,0,1,3,6
2024501420749,2024,501420749,242765,127973,-4.24364,51.02956,3,3,5,07:40,-1,E07000046,6,0,1,1,2,19,5,1,0,1,10,1,0,0,0,0,0,3,14
2024501420817,2024,501420817,233424,59237,-4.34567,50.40933,1,1,5,07:06,-1,E06000052,3,2,1,0,2,19,"[3, 7]","[7, 3]",0,"[7, 1]",0,1,0,1,0,0,0,3,7
2024501420833,2024,501420833,169201,44412,-5.23912,50.2545,3,3,5,18:00,-1,E06000052,6,0,2,1,2,"[19, 9]","[8, 2]","[4, 8]",0,0,0,1,0,1,0,0,0,3,14
2024501420840,2024,501420840,176931,42307,-5.12962,50.23857,3,3,5,18:28,-1,E06000052,6,2,1,1,2,19,1,5,0,0,0,1,0,0,0,0,0,3,14
2024501420857,2024,501420857,291029,90276,-3.54445,50.70188,2,2,5,17:30,-1,E07000041,3,0,1,1,2,"[12, 5]",7,3,0,0,0,1,0,0,0,0,0,3,14
2024501420864,2024,501420864,298219,100017,-3.44537,50.79076,3,3,5,21:00,-1,E07000040,1,2,2,1,2,"[19, 5]",1,5,0,"[4, 1]","[6, 0]",1,0,0,0,0,0,3,14
2024501420892,2024,501420892,245678,126095,-4.20133,51.01347,2,2,5,16:31,-1,E07000046,6,0,1,0,1,5,1,7,0,1,11,1,0,0,0,0,1,3,7
2024501420895,2024,501420895,206697,53969,-4.71869,50.35382,2,2,6,16:04,-1,E06000052,6,0,1,0,2,5,7,2,0,0,0,0,0,0,1,0,1,3,1
2024501420899,2024,501420899,226481,106098,-4.46522,50.82835,3,3,4,12:17,-1,E06000052,4,0,1,0,2,19,5,1,0,7,4,1,0,0,0,0,0,3,6
2024501420900,2024,501420900,248563,58854,-4.13263,50.40999,3,3,6,05:35,-1,E06000026,4,2,2,1,1,"[19, 12]",6,2,0,0,0,0,1,1,0,0,0,3,15
2024501420904,2024,501420904,291773,91049,-3.53415,50.70897,3,3,6,06:10,-1,E07000041,6,0,1,0,1,"[19, 9]","[7, 1]",3,0,0,0,1,0,1,0,0,0,3,15
2024501420961,2024,501420961,167145,43531,-5.26738,50.24578,3,3,2,17:44,-1,E06000052,6,2,1,1,1,19,"[5, 1]","[1, 5]","[9, 0]","[3, 0]","[11, 0]",1,0,0,0,0,1,2,12
2024501421139,2024,501421139,315148,95951,-3.20432,50.75693,3,3,6,14:11,-1,E07000040,6,0,2,1,2,19,7,3,0,7,4,1,0,0,0,0,0,3,15
2024501421196,2024,501421196,296343,76821,-3.46546,50.5819,3,3,5,16:15,-1,E07000045,3,0,2,1,1,"[9, 19]","[7, 5]","[3, 1]",0,0,0,1,0,0,0,0,0,3,14
2024501421251,2024,501421251,290662,66030,-3.54251,50.48385,3,3,2,07:55,-1,E06000027,6,0,1,1,1,"[19, 3]",5,1,0,0,0,1,0,0,0,0,0,3,11
2024501421253,2024,501421253,181395,44632,-5.06845,50.26112,3,3,6,18:46,-1,E06000052,3,0,1,0,2,19,"[3, 7]","[7, 3]",0,"[6, 0]",0,1,0,0,0,0,0,3,15
2024501421311,2024,501421311,176739,34591,-5.12777,50.16921,3,3,6,13:30,-1,E06000052,3,0,2,1,2,4,1,"[4, 5]",0,0,0,1,0,0,0,0,0,3,15
2024501421385,2024,501421385,246619,126720,-4.18819,51.01934,3,3,7,09:55,-1,E07000046,6,0,1,1,1,19,"[5, 7]","[3, 4]",0,0,0,1,0,0,0,0,0,3,16
2024501421425,2024,501421425,300277,93080,-3.4143,50.72875,3,3,4,01:00,-1,E07000040,3,2,2,1,2,19,"[7, 3]","[3, 7]",0,"[0, 1]","[0, 10]",1,0,0,1,0,0,3,13
2024501421538,2024,501421538,241972,59957,-4.22578,50.41816,3,3,7,23:11,-1,E06000052,3,2,2,1,2,15,8,4,0,1,1,1,0,0,0,0,0,3,16
2024501421545,2024,501421545,194238,60845,-4.89737,50.41135,2,2,7,23:24,-1,E06000052,3,2,5,1,2,"[19, 2]",6,2,0,"[1, 0]",0,1,0,0,0,0,0,3,16
2024501421560,2024,501421560,253742,144410,-4.09388,51.18016,3,3,7,21:29,-1,E07000043,4,2,2,1,2,19,3,7,10,8,10,1,0,0,0,0,0,3,16
2024501421566,2024,501421566,163865,26163,-5.30252,50.08854,3,3,1,20:00,-1,E06000052,4,2,2,1,2,19,5,1,0,2,11,1,0,0,0,0,0,3,10
2024501421631,2024,501421631,298094,99600,-3.44703,50.78699,2,2,1,07:06,-1,E07000040,1,0,1,1,2,19,1,5,0,2,7,1,0,0,0,0,0,3,17
2024501421695,2024,501421695,190652,62749,-4.94883,50.42719,2,2,7,21:58,-1,E06000052,3,2,5,1,2,19,8,4,12,0,0,1,0,0,0,0,1,3,16
2024501421737,2024,501421737,253868,134351,-4.088,51.0898,2,2,1,14:40,-1,E07000043,3,0,1,0,2,"[19, 6]",7,3,0,0,0,1,0,1,0,0,0,3,17
2024501421751,2024,501421751,142567,25842,-5.59946,50.07682,2,2,3,18:23,-1,E06000052,6,0,1,0,2,19,3,7,0,0,0,0,0,1,0,0,1,3,5
2024501421789,2024,501421789,241386,59706,-4.23391,50.41575,2,2,1,13:25,-1,E06000052,4,0,1,0,1,19,8,4,0,0,0,1,1,0,0,0,0,3,17
2024501421816,2024,501421816,246805,121820,-4.18347,50.97536,3,3,2,07:25,-1,E07000046,3,0,1,1,2,19,1,5,0,1,10,1,0,0,0,0,0,3,18
2024501421880,2024,501421880,295264,90931,-3.48469,50.70855,3,3,3,14:10,-1,E07000041,3,0,1,0,2,19,"[1, 3]","[5, 7]",0,0,0,1,0,0,0,0,0,3,5
2024501421952,2024,501421952,239846,62108,-4.2566,50.43692,3,3,2,07:24,-1,E06000052,3,0,1,0,2,4,1,5,0,0,0,0,0,1,0,0,0,3,18
2024501421993,2024,501421993,305375,107222,-3.34574,50.85674,3,3,2,07:00,-1,E07000042,3,0,1,0,2,19,7,3,0,1,4,1,0,0,0,0,0,3,18
2024501422116,2024,501422116,282728,101503,-3.66553,50.80118,3,3,6,07:15,-1,E07000042,6,0,1,1,2,9,"[4, 8]","[8, 4]",0,"[0, 1]",0,1,0,0,0,0,0,3,15
2024501422134,2024,501422134,258562,136181,-4.02174,51.10743,2,2,2,13:50,-1,E07000043,3,0,1,0,2,19,5,1,0,7,4,1,0,0,0,0,0,3,18
2024501422174,2024,501422174,240288,59659,-4.24933,50.41503,3,3,2,17:20,-1,E06000052,3,0,1,0,2,"[19, 5]",4,8,0,0,0,1,0,0,0,0,0,3,18
2024501422208,2024,501422208,327002,96562,-3.03641,50.76404,3,3,2,18:00,-1,E07000040,6,0,1,0,2,19,"[1, 5]","[5, 1]",0,0,0,1,0,0,0,1,0,3,18
2024501422238,2024,501422238,289239,52682,-3.55861,50.36359,3,3,7,21:24,-1,E07000044,4,2,2,1,2,19,2,6,0,1,9,1,0,0,0,0,0,3,16
2024501422290,2024,501422290,170184,42099,-5.22395,50.23412,3,3,2,11:50,-1,E06000052,6,0,1,0,1,"[9, 13]",3,7,0,0,0,1,0,1,0,0,0,3,18
2024501422334,2024,501422334,287004,75217,-3.59683,50.56574,3,3,4,17:10,-1,E07000045,3,0,1,0,2,3,1,5,0,0,0,1,0,0,0,0,0,3,13
2024501422373,2024,501422373,245217,55775,-4.17841,50.38145,3,3,5,16:25,-1,E06000026,6,0,1,0,1,"[19, 9]","[1, 3]","[5, 1]",0,0,0,1,0,0,0,0,0,3,14
2024501422399,2024,501422399,245404,126589,-4.20544,51.01784,3,3,3,09:00,-1,E07000046,6,0,1,0,1,1,3,7,0,0,0,1,0,0,0,0,1,3,19
2024501422444,2024,501422444,289072,87500,-3.57132,50.67656,3,3,3,10:30,-1,E07000045,6,0,1,1,2,19,"[8, 4]","[4, 8]",0,"[1, 0]","[10, 0]",1,0,0,0,0,0,3,19
2024501422542,2024,501422542,298475,113716,-3.44554,50.91395,2,2,3,16:22,-1,E07000042,3,0,8,1,2,19,2,6,0,0,0,0,0,1,0,0,0,3,19
2024501422566,2024,501422566,287788,58530,-3.58075,50.41589,1,1,3,19:30,-1,E06000027,3,2,2,1,1,19,4,8,10,1,2,0,0,1,0,0,0,3,19
2024501422659,2024,501422659,257528,132408,-4.03501,51.07326,3,3,3,13:20,-1,E07000043,3,0,1,0,1,"[5, 9]","[7, 3]","[3, 1]",0,0,0,1,0,0,0,0,0,3,19
2024501422787,2024,501422787,248407,55614,-4.13351,50.38083,3,3,4,08:23,-1,E06000026,4,0,9,1,1,7,7,1,0,0,0,1,0,0,0,0,1,3,13
2024501422981,2024,501422981,198939,61038,-4.83139,50.41472,2,2,4,19:53,-1,E06000052,4,2,1,0,2,19,5,1,0,0,0,1,1,0,0,0,0,3,20
2024501423171,2024,501423171,165828,40804,-5.28413,50.22078,3,3,7,14:06,-1,E06000052,6,0,1,0,1,6,6,2,0,0,0,1,0,0,0,0,1,3,16
2024501423209,2024,501423209,164537,40227,-5.30184,50.21509,3,3,3,10:10,-1,E06000052,6,0,1,1,1,"[1, 4]","[2, 6]","[6, 2]",0,0,0,0,0,1,1,0,0,3,19
2024501423210,2024,501423210,308993,96954,-3.2918,50.76501,3,3,5,09:01,-1,E07000040,6,0,1,0,2,19,1,5,0,0,0,1,0,0,0,0,1,3,21
2024501423294,2024,501423294,240140,58455,-4.2509,50.40417,2,2,5,14:00,-1,E06000052,6,0,1,0,2,"[19, 2]","[8, 0]","[3, 0]",0,0,0,1,0,0,0,0,0,3,21
2024501423349,2024,501423349,269670,41175,-3.82963,50.25614,3,3,5,16:54,-1,E07000044,6,0,1,0,2,19,"[5, 1]","[1, 5]",0,0,0,1,0,0,0,0,0,3,21
2024501423475,2024,501423475,223717,63851,-4.48432,50.44795,3,3,5,07:45,-1,E06000052,6,0,1,1,2,19,5,1,0,-1,0,1,0,0,0,0,1,3,21
2024501423576,2024,501423576,255918,133289,-4.05832,51.08078,3,3,2,12:45,-1,E07000043,6,0,1,0,1,1,1,5,0,0,0,1,0,0,0,0,1,3,18
2024501423605,2024,501423605,292653,92872,-3.52222,50.72552,3,3,2,20:10,-1,E07000041,4,2,1,0,1,"[19, 7]",2,"[6, 4]",0,0,0,1,0,0,0,0,0,3,18
2024501423632,2024,501423632,296541,91824,-3.46686,50.71681,3,3,4,10:37,-1,E07000041,6,0,1,0,1,19,1,5,0,0,0,1,0,0,0,0,1,3,20
2024501423706,2024,501423706,179142,39540,-5.09705,50.21455,3,3,6,16:00,-1,E06000052,3,0,1,0,2,"[19, 9]",3,7,"[9, 0]",3,0,1,0,0,1,0,0,3,22
2024501423717,2024,501423717,228806,98827,-4.42885,50.76371,3,3,4,08:50,-1,E06000052,6,0,1,1,2,19,"[7, 1]","[1, 7]",0,0,0,1,0,0,0,0,0,3,20
2024501423751,2024,501423751,301454,81164,-3.39445,50.62183,3,3,3,10:50,-1,E07000040,4,0,1,0,1,"[13, 9]",6,2,0,"[1, 7]",0,1,0,0,0,0,0,3,19