collision_index,collision_year,collision_ref_no,location_easting_osgr,location_northing_osgr,longitude,latitude,casualty_severity,casualty_severity,day_of_week,time,local_authority_district,local_authority_ons_district,first_road_class,light_conditions,weather_conditions,road_surface_conditions,urban_or_rural_area,vehicle_manoeuvre,vehicle_direction_from,vehicle_direction_to,hit_object_in_carriageway,vehicle_leaving_carriageway,hit_object_off_carriageway,is_car,is_cyle,is_mcyle,is_goodsv,is_other,is_pedestrian,month,day
2024501423752,2024,501423752,285114,69475,-3.62174,50.51376,3,3,6,19:19,-1,E07000045,3,2,1,1,2,19,1,5,0,2,11,1,0,0,0,0,0,3,22
2024501423762,2024,501423762,283355,72075,-3.64735,50.53678,3,3,6,17:42,-1,E07000045,3,0,1,0,2,"[9, 19]",7,3,0,0,0,1,0,1,0,0,0,3,22
2024501423788,2024,501423788,316117,100604,-3.19164,50.7989,2,2,6,17:17,-1,E07000040,3,0,1,0,1,2,0,0,0,0,0,1,0,0,0,0,1,3,22
2024501423815,2024,501423815,291028,64251,-3.53683,50.46793,2,2,7,01:28,-1,E06000027,6,2,1,0,1,"[2, 19]","[0, 7]","[0, 3]","[0, 4]","[0, 1]","[0, 11]",1,0,1,0,0,0,3,23
2024501423921,2024,501423921,254322,121089,-4.07619,50.97074,3,3,7,08:53,-1,E07000046,4,0,2,1,2,19,6,2,0,2,4,1,0,0,0,0,0,3,23
2024501423992,2024,501423992,228776,106184,-4.43271,50.8298,3,3,7,15:42,-1,E07000046,6,0,4,1,2,19,1,5,0,0,0,1,0,0,0,0,0,3,23
2024501424005,2024,501424005,292973,91477,-3.51728,50.71304,3,3,6,16:50,-1,E07000041,3,0,1,0,1,"[9, 19]","[3, 5]","[5, 3]",0,0,0,1,1,0,0,0,0,3,22
2024501424034,2024,501424034,286143,99048,-3.61633,50.7798,3,3,4,07:32,-1,E07000042,3,0,8,1,2,19,"[7, 3]","[3, 7]",0,0,0,1,0,0,0,0,0,3,6
2024501424078,2024,501424078,248716,80868,-4.1394,50.60786,2,2,7,20:38,-1,E07000047,6,2,1,0,2,19,4,8,0,2,11,1,0,0,0,0,0,3,23
2024501424106,2024,501424106,246205,55437,-4.16439,50.37867,2,2,1,03:40,-1,E06000026,6,2,1,0,1,19,2,6,0,1,0,1,0,0,0,0,1,3,24
2024501424186,2024,501424186,245209,58988,-4.17985,50.41032,1,1,1,09:37,-1,E06000026,6,0,1,0,1,19,1,7,0,0,0,1,0,0,0,0,1,3,24
2024501424192,2024,501424192,242055,120639,-4.25056,50.96346,3,3,1,10:25,-1,E07000046,6,0,1,0,2,4,0,8,11,0,0,1,0,0,0,0,0,3,24
2024501424296,2024,501424296,248411,55550,-4.13343,50.38026,3,3,1,20:14,-1,E06000026,4,2,2,1,1,"[19, 4]","[5, 4]","[1, 8]",0,0,0,1,0,1,0,0,0,3,24
2024501424297,2024,501424297,250114,56419,-4.10984,50.3885,3,3,1,11:20,-1,E06000026,6,0,1,0,1,7,1,3,0,0,0,1,0,0,0,0,1,3,10
2024501424311,2024,501424311,266399,129470,-3.90737,51.049,3,3,1,18:53,-1,E07000043,3,2,1,0,2,12,"[7, 3]","[3, 7]",0,0,0,1,0,0,0,0,0,3,24
2024501424321,2024,501424321,250436,60452,-4.10692,50.42483,3,3,1,20:13,-1,E06000026,4,2,2,1,1,"[9, 19]","[6, 8]","[8, 4]",0,0,0,1,0,0,0,0,0,3,24
2024501424380,2024,501424380,293018,72968,-3.5113,50.54666,3,3,2,09:10,-1,E07000045,3,0,1,0,1,19,"[7, 1]","[2, 5]",0,0,0,1,0,0,0,0,0,3,18
2024501424576,2024,501424576,294151,92362,-3.50086,50.72121,3,3,5,18:20,-1,E07000041,4,0,9,0,1,"[19, 12]",7,"[3, 5]",0,0,0,1,1,0,0,0,0,3,14
2024501424664,2024,501424664,294321,106065,-3.5024,50.84443,3,3,4,05:12,-1,E07000042,3,2,1,1,2,19,1,5,0,2,10,1,0,0,0,0,0,3,20
2024501424704,2024,501424704,249233,59580,-4.12349,50.41669,3,3,2,18:15,-1,E06000026,3,2,2,1,1,"[19, 4]",6,2,0,0,0,1,0,0,0,0,0,3,25
2024501424720,2024,501424720,219865,78161,-4.54543,50.57534,3,3,2,17:55,-1,E06000052,3,0,2,1,2,"[2, 19]",3,7,"[0, 4]","[0, 2]","[0, 9]",1,0,0,0,0,0,3,25
2024501424750,2024,501424750,306957,84275,-3.31746,50.6507,3,3,1,20:52,-1,E07000040,4,2,2,1,2,"[2, 5]","[0, 5]","[0, 1]","[0, 4]","[0, 7]",0,1,0,0,0,0,0,3,24
2024501424836,2024,501424836,244726,58069,-4.18626,50.40193,2,2,6,19:30,-1,E06000026,6,2,2,1,1,19,8,4,11,0,0,1,0,0,0,0,1,3,8
2024501424931,2024,501424931,182775,45147,-5.04942,50.26625,3,3,7,12:16,-1,E06000052,6,0,1,0,1,19,6,2,0,0,0,1,0,0,0,0,1,3,23
2024501424950,2024,501424950,280855,60295,-3.67885,50.43038,3,3,3,11:00,-1,E07000044,6,0,1,0,2,19,1,5,0,0,0,0,0,0,1,0,1,3,26
2024501425046,2024,501425046,293993,92671,-3.50319,50.72396,3,3,2,11:30,-1,E07000041,6,0,9,0,1,19,1,5,0,0,0,1,0,0,0,0,1,3,25
2024501425074,2024,501425074,198267,72953,-4.84726,50.52151,3,3,2,15:10,-1,E06000052,3,0,5,1,2,"[13, 19]","[3, 7]","[7, 3]",0,"[0, 1]",0,1,0,0,0,0,0,3,25
2024501425169,2024,501425169,212539,62134,-4.64074,50.42906,3,3,3,20:30,-1,E06000052,3,2,1,1,2,19,3,7,12,0,0,1,0,0,0,0,0,3,26
2024501425184,2024,501425184,236091,73343,-4.31436,50.53683,2,2,3,18:16,-1,E06000052,6,0,1,0,2,19,5,1,0,7,10,0,0,1,0,0,0,3,26
2024501425192,2024,501425192,172765,34272,-5.18314,50.16483,3,3,2,22:40,-1,E06000052,6,2,2,1,2,19,"[3, 5]","[7, 1]",0,0,0,1,0,0,0,0,0,3,25
2024501425283,2024,501425283,151797,40630,-5.48034,50.2135,3,3,2,13:30,-1,E06000052,4,0,1,1,2,19,5,1,0,0,0,1,0,0,0,0,1,3,25
2024501425332,2024,501425332,180393,40807,-5.08027,50.22639,3,3,3,15:50,-1,E06000052,3,0,1,0,2,"[19, 3]",6,2,0,0,0,1,0,0,0,0,0,3,26
2024501425373,2024,501425373,279551,59376,-3.69691,50.42186,3,3,4,08:20,-1,E07000044,6,0,1,1,2,19,"[3, 7]","[7, 3]",0,0,0,1,0,0,0,0,0,3,27
2024501425525,2024,501425525,198069,72586,-4.84985,50.51814,3,3,3,15:55,-1,E06000052,6,0,2,1,2,19,3,7,0,0,0,1,0,0,0,0,1,3,26
2024501425583,2024,501425583,255545,55002,-4.03295,50.37713,1,1,4,20:02,-1,E07000044,3,2,5,1,2,"[2, 19]","[0, 3]","[0, 7]",0,0,0,1,0,0,1,0,0,3,27
2024501425587,2024,501425587,293310,96665,-3.51402,50.75974,3,3,4,18:42,-1,E07000041,3,2,2,1,2,19,6,2,0,7,10,1,0,0,0,0,0,3,27
2024501425608,2024,501425608,291157,93805,-3.54368,50.73363,2,2,3,16:45,-1,E07000041,3,0,1,0,1,19,5,1,0,0,0,0,0,1,0,0,0,3,26
2024501425660,2024,501425660,305041,114306,-3.35232,50.92037,3,3,3,12:20,-1,E07000042,1,0,1,0,2,19,2,6,0,"[0, 1]",0,1,0,0,0,0,0,3,26
2024501425704,2024,501425704,272200,105761,-3.81634,50.83723,3,3,5,07:48,-1,E07000042,4,2,2,2,2,19,5,1,0,2,10,1,0,0,0,0,0,3,28
2024501425782,2024,501425782,254148,56144,-4.05303,50.38705,3,3,2,13:17,-1,E06000026,6,0,2,1,1,3,6,2,0,0,0,1,0,0,0,0,0,3,25
2024501425840,2024,501425840,245357,58940,-4.17775,50.40993,3,3,4,16:15,-1,E06000026,6,0,1,0,1,19,1,5,0,0,0,1,0,0,0,0,1,3,27
2024501425861,2024,501425861,287642,61981,-3.58384,50.44688,3,3,5,14:00,-1,E06000027,4,0,5,1,1,"[8, 19]","[4, 1]",5,0,0,0,1,0,0,0,0,0,3,28
2024501425862,2024,501425862,255873,55109,-4.02838,50.37817,3,3,5,11:00,-1,E07000044,3,0,8,2,2,19,6,2,0,"[0, 5]","[0, 6]",1,0,0,0,0,0,3,28
2024501425900,2024,501425900,270411,101707,-3.84029,50.80039,3,3,4,21:33,-1,E07000042,3,2,6,2,2,19,7,3,0,0,0,1,0,0,0,0,0,3,27
2024501426028,2024,501426028,291471,90559,-3.53828,50.70451,3,3,1,21:10,-1,E07000041,3,2,1,0,1,19,"[3, 1]","[7, 5]",0,0,0,1,0,0,0,0,0,3,17
2024501426068,2024,501426068,264047,129789,-3.94103,51.05131,2,2,6,07:40,-1,E07000043,3,0,1,1,2,19,"[3, 7]","[7, 3]",0,"[0, 1]",0,1,0,1,0,0,0,3,29
2024501426114,2024,501426114,275799,69828,-3.75317,50.51503,2,2,7,18:30,-1,E07000045,6,2,1,0,2,19,1,4,0,0,0,1,0,0,0,0,1,3,16
2024501426125,2024,501426125,296294,91670,-3.47032,50.71538,2,2,5,19:50,-1,E07000041,6,2,1,1,1,19,1,5,0,0,0,1,0,0,0,0,1,3,28
2024501426161,2024,501426161,248348,57710,-4.13519,50.39965,3,3,7,15:29,-1,E06000026,4,0,5,1,1,19,1,5,0,"[7, 3]",0,1,0,0,0,0,0,3,9
2024501426187,2024,501426187,255067,55934,-4.04003,50.38539,3,3,6,14:52,-1,E06000026,6,0,1,0,1,"[2, 19]","[0, 8]","[0, 4]",0,0,0,1,0,0,0,0,0,3,29
2024501426221,2024,501426221,253104,131501,-4.09774,51.064,3,3,6,18:29,-1,E07000043,6,0,1,1,2,19,3,7,0,0,0,0,0,1,0,0,0,3,29
2024501426283,2024,501426283,286986,70530,-3.59566,50.52361,3,3,6,21:00,-1,E07000045,6,2,2,1,1,5,5,5,5,0,0,1,0,0,0,0,0,3,29
2024501426302,2024,501426302,246806,56174,-4.15624,50.38545,2,2,6,22:56,-1,E06000026,3,2,1,1,1,19,"[1, 7]","[6, 3]",0,0,0,1,0,1,0,0,0,3,29
2024501426351,2024,501426351,272149,48480,-3.79735,50.32235,3,3,6,14:05,-1,E07000044,6,0,1,1,2,19,8,4,0,0,0,1,0,0,0,0,1,3,29
2024501426358,2024,501426358,241865,59188,-4.22696,50.41122,3,3,4,08:26,-1,E06000052,6,0,4,0,1,19,3,6,0,0,0,1,0,0,0,0,1,3,27
2024501426403,2024,501426403,283461,93103,-3.65247,50.72582,2,"[3, 2]",5,11:04,-1,E07000045,3,0,5,1,2,19,7,"[1, 3]",0,"[0, 1]","[0, 10]",1,0,0,1,0,0,3,28
2024501426498,2024,501426498,328409,98093,-3.01677,50.77798,2,2,7,11:40,-1,E07000040,4,0,1,0,2,"[9, 13]",2,6,"[0, 10]","[0, 7]","[0, 11]",1,0,0,0,0,0,3,30
2024501426514,2024,501426514,191543,48553,-4.92844,50.3,3,3,7,14:44,-1,E06000052,3,0,1,0,2,19,"[1, 2]","[5, 6]",0,0,0,1,0,0,0,0,0,3,30
2024501426516,2024,501426516,278211,77537,-3.72169,50.58483,2,2,7,10:00,-1,E07000045,4,0,1,1,2,"[13, 19]","[3, 1]","[7, 5]",0,0,0,1,1,0,0,0,0,3,30
2024501426577,2024,501426577,272178,92330,-3.81197,50.7165,3,3,7,20:29,-1,E07000047,3,2,2,1,2,19,3,7,"[0, 1]","[1, 0]","[4, 0]",1,0,0,0,0,0,3,30
2024501426691,2024,501426691,300240,81713,-3.41175,50.62656,3,3,7,07:50,-1,E07000040,6,0,1,1,1,19,"[3, 5]","[7, 1]",0,0,0,1,1,0,0,0,0,3,30
2024501426728,2024,501426728,179507,32987,-5.08814,50.15584,3,3,1,16:20,-1,E06000052,6,0,8,1,1,"[19, 5]",4,8,0,0,0,1,1,0,0,0,0,3,31
2024501426736,2024,501426736,275865,69719,-3.7522,50.51406,3,3,6,21:57,-1,E07000045,3,2,1,1,2,19,3,7,0,1,10,0,0,1,0,0,0,3,29
2024501426800,2024,501426800,290035,80652,-3.55566,50.61518,3,3,2,01:01,-1,E07000045,3,2,1,1,2,19,5,1,0,1,4,1,0,0,0,0,0,4,1
2024501426848,2024,501426848,150664,31981,-5.49052,50.13538,3,3,3,15:15,-1,E06000052,3,0,1,0,2,"[4, 19]",5,1,0,0,0,1,0,0,0,0,0,3,26
2024501426858,2024,501426858,181568,48387,-5.0682,50.2949,3,3,2,10:00,-1,E06000052,6,0,1,1,2,19,1,5,0,1,4,1,0,0,0,0,0,4,1
2024501426869,2024,501426869,294417,105038,-3.50074,50.83521,3,3,2,10:05,-1,E07000042,3,0,1,0,2,19,5,1,0,7,10,1,0,0,0,0,0,4,1
2024501426913,2024,501426913,302212,83317,-3.38431,50.64131,3,3,2,07:10,-1,E07000040,6,0,8,1,1,19,8,4,11,1,11,1,0,0,0,0,0,4,1
2024501426918,2024,501426918,166512,28025,-5.26672,50.10631,3,3,3,17:00,-1,E06000052,4,0,1,0,1,"[4, 19]",6,1,0,0,0,1,1,0,0,0,0,3,26
2024501426985,2024,501426985,294511,113705,-3.50191,50.91314,2,2,2,17:57,-1,E07000042,6,0,2,1,1,19,6,1,0,0,0,1,0,0,0,0,0,4,1
2024501427033,2024,501427033,241191,58860,-4.2363,50.40809,3,3,2,13:15,-1,E06000052,6,0,1,0,1,"[15, 19]",7,1,0,0,0,1,1,0,0,0,0,4,1
2024501427035,2024,501427035,250868,52996,-4.09788,50.35793,3,3,4,08:25,-1,E06000026,6,0,2,1,1,19,-1,-1,0,0,0,1,0,0,0,0,1,3,27
2024501427156,2024,501427156,287737,60758,-3.58214,50.4359,3,3,3,11:30,-1,E06000027,6,0,1,1,1,"[5, 19]",7,3,0,0,0,1,0,0,0,0,0,4,2
2024501427266,2024,501427266,303191,110962,-3.37775,50.89,3,3,5,16:42,-1,E07000042,1,0,1,0,2,"[4, 19]",3,1,0,0,0,1,0,0,0,0,0,3,28
2024501427372,2024,501427372,220604,90742,-4.5411,50.6886,3,3,3,12:55,-1,E06000052,6,0,1,1,2,19,1,5,0,0,0,1,0,0,0,0,0,4,2
2024501427420,2024,501427420,169068,43751,-5.24058,50.24851,3,3,6,11:15,-1,E06000052,4,0,1,0,2,19,1,5,0,0,0,1,0,0,0,0,0,3,29
2024501427449,2024,501427449,291665,92262,-3.53603,50.71985,2,2,4,09:19,-1,E07000041,6,0,1,0,1,"[6, 19]",2,"[2, 6]",0,0,0,1,1,0,0,0,0,4,3
2024501427663,2024,501427663,272519,61792,-3.79667,50.44209,3,3,3,17:52,-1,E07000044,3,0,2,1,2,19,5,1,0,0,0,1,0,0,0,0,0,4,2
2024501427695,2024,501427695,281523,93667,-3.68009,50.7305,3,3,4,15:14,-1,E07000045,3,0,1,0,2,19,7,3,0,0,0,1,0,0,0,0,0,4,3
2024501427714,2024,501427714,236031,69537,-4.31353,50.50262,2,2,4,20:27,-1,E06000052,3,2,2,1,2,"[19, 9]","[1, 5]","[5, 2]",0,0,0,1,0,1,0,0,0,4,3
2024501427724,2024,501427724,230299,55224,-4.3878,50.37238,3,3,4,15:00,-1,E06000052,4,0,1,1,2,19,"[4, 8]","[8, 4]",0,0,0,1,0,0,0,0,0,4,3
2024501427903,2024,501427903,252127,56228,-4.08147,50.3873,3,3,5,08:55,-1,E06000026,3,0,2,1,2,19,8,4,0,0,0,1,0,1,0,0,0,4,4
2024501427975,2024,501427975,245468,58785,-4.17612,50.40856,3,3,5,12:04,-1,E06000026,6,0,2,1,1,"[2, 19]","[0, 6]","[0, 2]","[0, 4]",0,0,1,0,0,0,0,0,4,4
2024501428095,2024,501428095,217194,75033,-4.58158,50.54641,2,2,7,23:47,-1,E06000052,3,2,2,1,2,19,3,7,0,1,10,1,0,0,0,0,0,3,30
2024501428127,2024,501428127,305750,107046,-3.34037,50.85522,3,3,5,22:20,-1,E07000042,3,2,2,1,2,19,"[8, 2]","[4, 6]",0,"[7, 3]","[0, 9]",1,0,0,0,0,0,4,4
2024501428145,2024,501428145,216778,64910,-4.58248,50.45534,2,2,5,22:22,-1,E06000052,3,2,2,1,2,19,3,7,0,1,4,1,0,0,0,0,0,4,4
2024501428331,2024,501428331,184921,48405,-5.0212,50.2963,3,3,3,11:32,-1,E06000052,6,0,1,1,2,19,"[3, 7]","[7, 3]",0,0,0,1,0,0,1,0,0,4,2
2024501428422,2024,501428422,295820,114017,-3.48338,50.91618,2,2,6,10:26,-1,E07000042,6,0,1,0,1,"[9, 19]","[5, 7]",3,0,0,0,1,0,1,0,0,0,4,5
2024501428453,2024,501428453,286860,72721,-3.59811,50.54328,3,3,6,15:40,-1,E07000045,3,0,1,0,1,"[7, 19]",4,6,0,0,0,1,0,0,0,0,0,4,5
2024501428461,2024,501428461,202153,52670,-4.78181,50.34064,3,3,6,14:20,-1,E06000052,6,0,1,0,1,"[15, 2]","[3, 0]","[7, 0]",0,0,0,1,0,0,0,0,0,4,5
2024501428480,2024,501428480,269631,130561,-3.86169,51.05954,3,3,6,18:00,-1,E07000043,3,0,8,0,2,"[13, 19]","[4, 1]","[1, 5]",0,0,0,1,0,0,0,0,0,4,5
2024501428490,2024,501428490,291507,91226,-3.53797,50.71051,3,3,5,12:52,-1,E07000041,3,0,1,0,1,"[4, 19]",5,1,0,0,0,1,0,0,0,0,0,4,4
2024501428505,2024,501428505,162759,25835,-5.31775,50.08516,3,3,2,12:10,-1,E06000052,6,0,1,1,2,19,5,1,0,0,0,1,0,0,0,0,1,4,1
2024501428524,2024,501428524,209876,73236,-4.68383,50.52794,3,3,6,17:22,-1,E06000052,6,0,2,1,2,"[19, 4]","[3, 7]","[7, 3]",0,0,0,1,0,0,0,0,0,4,5
2024501428591,2024,501428591,296439,92133,-3.46839,50.71957,3,3,6,14:15,-1,E07000041,6,0,1,0,1,"[9, 19]","[1, 5]","[7, 1]",0,0,0,1,1,0,0,0,0,2,9
2024501428616,2024,501428616,208831,65642,-4.69467,50.45938,3,3,7,10:25,-1,E06000052,3,0,1,0,2,3,5,1,0,0,0,1,0,0,0,0,0,4,6
2024501428682,2024,501428682,246328,58563,-4.16394,50.40679,3,3,7,13:43,-1,E06000026,3,0,4,0,2,4,3,7,0,0,0,1,0,0,0,0,0,4,6
2024501428698,2024,501428698,249029,59368,-4.12628,50.41473,2,2,6,14:13,-1,E06000026,3,0,1,0,1,"[19, 7]",6,"[2, 8]",0,"[1, 0]","[1, 0]",1,0,1,0,0,0,4,5
2024501428709,2024,501428709,192980,61754,-4.91555,50.41908,1,1,6,16:00,-1,E06000052,6,0,4,1,2,"[13, 19]","[3, 7]","[7, 3]",0,0,0,1,0,0,0,0,0,4,5
2024501428775,2024,501428775,165776,42705,-5.28603,50.23783,3,3,3,10:20,-1,E06000052,6,0,1,1,2,19,"[5, 3]","[1, 7]",0,"[0, 7]",0,1,0,0,0,0,0,4,2
2024501428790,2024,501428790,256220,133042,-4.05392,51.07864,3,3,1,01:44,-1,E07000043,3,2,1,1,1,19,"[7, 8]","[5, 7]",0,0,0,1,0,0,0,0,0,4,7
2024501428807,2024,501428807,291362,65859,-3.53259,50.48244,3,3,6,16:45,-1,E06000027,6,0,2,1,1,"[9, 19]","[1, 5]","[3, 1]",0,"[7, 0]",0,1,0,0,0,0,0,4,5
2024501428923,2024,501428923,246912,55985,-4.15467,50.38378,3,3,1,11:43,-1,E06000026,6,0,1,0,1,"[19, 3]",4,8,0,0,0,1,0,0,0,0,0,4,7
2024501428976,2024,501428976,292585,92936,-3.5232,50.72608,2,2,1,16:04,-1,E07000041,6,0,5,1,1,19,1,5,0,0,0,0,0,0,1,0,1,4,7
2024501428983,2024,501428983,308636,89752,-3.29507,50.70021,3,3,7,17:01,-1,E07000040,3,0,1,0,2,"[14, 9]","[3, 5]","[7, 3]",0,0,0,1,0,1,0,0,0,3,30
2024501428992,2024,501428992,293318,88138,-3.51143,50.68309,3,3,6,11:00,-1,E07000045,1,0,1,0,2,"[4, 19]",5,1,0,0,0,1,0,0,0,0,0,4,5
2024501428996,2024,501428996,247206,58417,-4.15153,50.40571,3,3,2,15:03,-1,E06000026,6,0,2,1,1,"[19, 9]","[3, 7]","[7, 5]",0,0,0,1,0,0,0,0,0,3,25
2024501429003,2024,501429003,300243,81157,-3.41156,50.62156,2,2,1,20:00,-1,E07000040,6,2,2,1,1,19,5,1,0,0,0,0,0,1,0,0,1,4,7
2024501429064,2024,501429064,287448,73514,-3.59005,50.55052,3,3,2,08:26,-1,E07000045,6,0,1,0,1,"[4, 10, 2]","[4, 6, 0]","[7, 3, 0]",0,0,0,1,0,0,0,0,0,4,8
2024501429288,2024,501429288,285856,79241,-3.61427,50.60169,3,3,1,14:00,-1,E07000045,3,0,1,1,2,19,1,5,0,4,"[6, 0]",1,0,0,0,0,0,4,7
2024501429308,2024,501429308,255155,132997,-4.06909,51.07796,3,3,2,15:38,-1,E07000043,3,0,2,1,2,19,8,4,0,0,0,1,0,0,0,0,0,4,8
2024501429380,2024,501429380,251329,145070,-4.12865,51.18547,3,3,2,19:12,-1,E07000043,3,0,1,0,2,"[19, 9]","[6, 8]","[2, 4]",0,0,0,1,0,1,0,0,0,4,8
2024501429511,2024,501429511,290687,91606,-3.54969,50.71377,3,3,7,10:15,-1,E07000041,4,0,2,1,1,"[9, 19]","[8, 2]",6,0,0,0,1,1,0,0,0,0,3,30
2024501429527,2024,501429527,292384,92605,-3.52595,50.72307,3,3,5,17:58,-1,E07000041,6,0,2,1,1,"[19, 10]",7,3,0,0,0,1,0,0,0,0,0,4,4
2024501429685,2024,501429685,155126,36609,-5.43118,50.17878,3,3,2,11:30,-1,E06000052,4,0,5,1,2,"[19, 9]","[1, 5]","[5, 1]",0,0,0,1,0,0,0,0,0,4,8
2024501429687,2024,501429687,244205,58337,-4.1937,50.4042,3,3,3,12:55,-1,E06000026,6,0,1,0,1,"[19, 9]","[8, 4]","[4, 8]",0,0,0,1,0,1,0,0,0,4,9
2024501429840,2024,501429840,241020,60758,-4.23951,50.4251,3,3,4,19:12,-1,E06000052,6,0,2,1,2,"[19, 4]","[7, 3]","[3, 7]",0,"[2, 0]","[10, 0]",1,0,0,0,0,0,4,3
2024501429872,2024,501429872,293815,89102,-3.50468,50.69184,3,3,5,17:00,-1,E07000045,3,0,2,1,2,19,6,2,0,0,0,1,0,0,0,0,0,4,4
2024501430110,2024,501430110,182971,44072,-5.04605,50.25667,3,3,3,14:19,-1,E06000052,6,0,1,0,1,"[19, 2]","[1, 0]","[5, 0]",0,0,0,0,0,0,1,0,0,4,9
2024501430192,2024,501430192,189514,38722,-4.95142,50.21099,3,3,4,15:15,-1,E06000052,3,0,2,1,2,19,6,2,0,1,0,1,0,0,0,0,0,4,10
2024501430228,2024,501430228,142491,28098,-5.60204,50.09703,3,3,7,20:23,-1,E06000052,3,2,2,1,2,19,3,7,0,0,0,1,0,0,0,0,0,3,30
2024501430247,2024,501430247,236076,73375,-4.31458,50.53712,2,2,4,22:20,-1,E06000052,6,2,2,1,2,7,5,1,0,0,0,1,0,0,0,0,0,4,10
2024501430356,2024,501430356,186873,46517,-4.99277,50.28005,3,3,2,18:00,-1,E06000052,3,0,2,1,2,"[19, 3]",7,3,0,0,0,1,0,0,0,0,0,4,8
2024501430362,2024,501430362,250730,56739,-4.10131,50.39154,3,3,7,14:45,-1,E06000026,6,0,1,0,1,"[2, 19]","[0, 3]","[0, 7]",0,0,0,1,0,1,0,0,0,4,6
2024501430374,2024,501430374,245080,57535,-4.18106,50.39723,3,3,6,07:54,-1,E06000026,6,0,4,0,1,"[13, 4]",8,4,0,0,0,1,0,0,0,0,0,2,2
2024501430435,2024,501430435,195404,71055,-4.88656,50.50346,2,"[2, 3]",4,10:51,-1,E06000052,3,0,2,1,2,19,"[3, 7]","[7, 3]",0,0,0,1,0,0,0,0,0,4,10
2024501430514,2024,501430514,151805,37074,-5.4779,50.18158,3,3,5,13:27,-1,E06000052,6,0,1,0,2,19,4,8,0,0,0,1,0,0,0,0,0,4,11
2024501430517,2024,501430517,243506,77394,-4.21151,50.57527,3,3,5,13:00,-1,E07000047,4,0,2,1,2,"[19, 4]",7,3,0,0,0,1,0,0,0,0,0,4,11
2024501430789,2024,501430789,247283,57283,-4.14999,50.39554,3,3,4,17:40,-1,E06000026,5,0,2,1,1,19,7,3,0,0,0,1,0,0,0,0,1,4,10
2024501430815,2024,501430815,306299,94216,-3.32929,50.73997,3,3,6,09:55,-1,E07000040,6,0,1,0,2,"[4, 19]",6,2,0,0,0,1,0,0,0,0,0,4,12
2024501430898,2024,501430898,241825,58762,-4.22734,50.40738,3,3,6,13:10,-1,E06000052,6,0,1,0,1,19,5,1,0,0,0,0,0,0,0,1,0,4,12
2024501430916,2024,501430916,192135,43373,-4.91729,50.25369,2,2,6,14:05,-1,E06000052,3,0,1,0,2,13,5,1,0,1,10,0,0,1,0,0,0,4,12
2024501430978,2024,501430978,289037,64880,-3.56506,50.47321,3,3,6,17:10,-1,E06000027,6,0,1,0,2,19,1,5,7,1,0,1,0,0,0,0,0,4,12
2024501431000,2024,501431000,232931,83422,-4.36344,50.6265,3,3,4,16:50,-1,E06000052,6,0,2,1,2,"[19, 4]",7,3,0,0,0,1,0,0,0,0,0,4,3
2024501431013,2024,501431013,159680,34643,-5.36627,50.163,2,2,3,13:45,-1,E06000052,4,0,1,0,2,19,7,3,0,0,0,0,0,1,0,0,0,4,9
2024501431031,2024,501431031,208379,89948,-4.71356,50.67757,3,3,6,22:00,-1,E06000052,4,2,1,0,2,19,2,6,0,2,11,1,0,0,0,0,0,4,12
2024501431038,2024,501431038,257520,144391,-4.03986,51.18095,3,3,6,23:39,-1,E07000043,6,2,1,0,2,19,6,2,0,1,10,1,0,0,0,0,0,4,12
2024501431052,2024,501431052,273720,66873,-3.78148,50.48802,2,2,6,22:50,-1,E07000045,6,2,1,0,2,19,2,6,0,2,1,0,0,1,0,0,0,4,12
2024501431076,2024,501431076,234671,80331,-4.33748,50.59922,3,3,2,05:32,-1,E06000052,3,0,2,1,2,"[4, 19]",5,1,0,0,0,1,0,0,0,0,0,4,8
2024501431163,2024,501431163,191919,64407,-4.93194,50.44253,2,2,1,01:03,-1,E06000052,3,2,1,0,2,19,1,5,0,1,10,1,0,0,0,0,0,1,28
2024501431185,2024,501431185,256252,132623,-4.05329,51.07488,3,3,7,12:52,-1,E07000043,6,0,1,0,1,"[9, 19]","[6, 8]","[5, 4]",0,"[7, 0]",0,1,1,0,0,0,0,4,13
2024501431193,2024,501431193,241458,60241,-4.23313,50.42058,2,2,7,13:00,-1,E06000052,6,0,1,0,2,"[9, 19]","[8, 3]","[5, 7]",0,0,0,1,0,1,0,0,0,4,13
2024501431220,2024,501431220,246332,58567,-4.16388,50.40683,3,3,7,14:50,-1,E06000026,3,0,1,0,2,"[19, 7]","[2, 3]",6,0,0,0,1,0,0,0,0,0,4,13
2024501431274,2024,501431274,242819,59294,-4.21359,50.41243,3,3,7,17:37,-1,E06000052,4,0,1,0,1,19,1,5,0,0,0,1,0,1,0,0,0,4,13
2024501431314,2024,501431314,173380,42303,-5.17933,50.23718,3,3,7,22:15,-1,E06000052,4,2,1,0,2,19,1,5,11,0,0,1,0,0,0,0,0,4,13
2024501431337,2024,501431337,158243,29116,-5.38284,50.11279,3,3,1,01:32,-1,E06000052,3,2,1,0,2,7,7,3,0,0,0,1,0,0,0,0,0,4,14
2024501431438,2024,501431438,251644,145338,-4.12426,51.18796,2,"[2, 3]",1,06:38,-1,E07000043,3,0,1,0,2,19,5,1,0,1,4,1,0,0,0,0,0,4,14
2024501431471,2024,501431471,245148,55248,-4.17916,50.37669,3,3,1,12:30,-1,E06000026,3,0,1,0,1,19,7,3,0,0,0,1,0,1,0,0,0,4,14