collision_index,collision_year,collision_ref_no,location_easting_osgr,location_northing_osgr,longitude,latitude,casualty_severity,casualty_severity,day_of_week,time,local_authority_district,local_authority_ons_district,first_road_class,light_conditions,weather_conditions,road_surface_conditions,urban_or_rural_area,vehicle_manoeuvre,vehicle_direction_from,vehicle_direction_to,hit_object_in_carriageway,vehicle_leaving_carriageway,hit_object_off_carriageway,is_car,is_cyle,is_mcyle,is_goodsv,is_other,is_pedestrian,month,day
2024501439447,2024,501439447,252149,52112,-4.07954,50.35031,3,3,7,19:55,-1,E06000026,6,0,1,0,1,19,6,2,10,1,10,1,0,0,0,0,0,5,4
2024501439458,2024,501439458,290814,91706,-3.54792,50.7147,2,2,7,23:25,-1,E07000041,4,2,1,0,1,7,5,6,0,7,11,1,0,0,0,0,0,5,4
2024501439471,2024,501439471,221554,66117,-4.51584,50.46766,3,3,1,18:38,-1,E06000052,6,0,1,0,2,19,"[4, 8]","[8, 4]",0,"[1, 0]",0,1,0,0,0,0,0,5,5
2024501439592,2024,501439592,318232,102585,-3.16208,50.81702,3,3,2,12:27,-1,E07000040,3,0,1,0,2,"[19, 4]",5,1,0,0,0,1,0,0,0,0,0,5,6
2024501439602,2024,501439602,291204,73223,-3.53697,50.54862,3,3,7,13:15,-1,E07000045,3,0,1,0,2,"[19, 7]","[7, 1]","[3, 7]",0,0,0,1,0,0,0,0,0,5,4
2024501439615,2024,501439615,290177,80101,-3.55349,50.61025,3,3,2,14:50,-1,E07000045,3,0,2,1,2,19,1,5,0,2,7,1,0,0,0,0,0,5,6
2024501439663,2024,501439663,242525,100813,-4.23533,50.78545,3,3,2,16:37,-1,E07000046,3,0,1,0,2,19,8,4,6,0,0,1,0,0,0,0,0,5,6
2024501439731,2024,501439731,217632,61765,-4.56893,50.42735,3,3,2,07:00,-1,E06000052,4,0,1,1,2,19,5,1,0,0,0,1,0,0,0,0,0,5,6
2024501439792,2024,501439792,174029,45930,-5.17241,50.27,3,3,5,14:20,-1,E06000052,3,0,1,0,2,"[19, 4]",7,3,0,0,0,1,0,0,0,0,0,5,2
2024501439796,2024,501439796,291589,88924,-3.53613,50.68983,3,3,3,09:11,-1,E07000045,6,0,1,0,2,19,"[6, 2]","[2, 6]",0,0,0,1,0,1,0,0,0,5,7
2024501439846,2024,501439846,292113,63500,-3.52133,50.46138,3,3,3,08:55,-1,E06000027,6,0,1,0,1,9,5,3,0,0,0,1,0,0,0,0,1,5,7
2024501439910,2024,501439910,180061,32424,-5.08007,50.15099,3,3,3,12:30,-1,E06000052,6,0,1,0,1,19,4,6,1,0,0,1,0,0,0,0,1,5,7
2024501439972,2024,501439972,252670,56587,-4.07398,50.39066,3,3,3,10:50,-1,E06000026,4,0,1,0,1,"[13, 19]",7,3,0,0,0,1,0,1,0,0,0,5,7
2024501439993,2024,501439993,287013,70700,-3.59533,50.52514,3,3,3,15:30,-1,E07000045,3,0,1,0,1,7,3,7,0,0,0,0,0,1,0,0,0,5,7
2024501440063,2024,501440063,282608,60262,-3.65417,50.43044,3,3,3,20:20,-1,E07000044,3,0,1,0,2,"[19, 3]",1,5,0,0,0,1,0,1,0,0,0,5,7
2024501440079,2024,501440079,161654,28423,-5.33479,50.10795,2,2,3,20:42,-1,E06000052,3,2,1,0,2,19,"[7, 3]","[3, 7]",0,0,0,1,0,0,0,0,0,5,7
2024501440104,2024,501440104,209003,68985,-4.69396,50.48946,3,3,3,02:45,-1,E06000052,3,2,1,0,2,5,6,2,0,5,0,1,0,0,0,0,0,5,7
2024501440288,2024,501440288,292050,90598,-3.5301,50.70497,3,3,4,10:30,-1,E07000041,6,0,1,0,1,"[2, 19]","[0, 3]","[0, 7]","[0, 4]",0,0,1,0,0,0,0,0,5,8
2024501440349,2024,501440349,312122,88502,-3.24543,50.68951,3,3,4,10:56,-1,E07000040,4,0,1,0,1,"[19, 9]","[1, 3]","[5, 1]",0,0,0,1,0,1,0,0,0,5,8
2024501440378,2024,501440378,296312,92832,-3.47039,50.72583,3,3,4,08:42,-1,E07000041,3,0,1,0,1,"[19, 11]",3,7,0,0,0,1,0,0,1,0,0,5,8
2024501440386,2024,501440386,247194,58700,-4.15181,50.40825,3,3,4,09:30,-1,E06000026,6,0,1,0,1,19,"[3, 7]","[7, 3]",0,0,0,1,0,0,0,0,0,5,8
2024501440399,2024,501440399,170916,40530,-5.21276,50.22031,3,3,2,11:30,-1,E06000052,3,0,1,0,1,"[19, 3, 4]",8,4,0,0,0,1,0,1,0,0,0,5,6
2024501440411,2024,501440411,291825,63610,-3.52542,50.46231,3,3,4,10:10,-1,E06000027,6,0,1,0,1,19,5,1,0,0,0,0,0,0,1,0,1,5,8
2024501440419,2024,501440419,288853,78420,-3.57169,50.59489,2,2,4,14:29,-1,E07000045,3,0,1,0,2,"[2, 19]","[0, 6]","[0, 2]","[0, 4]",0,0,1,0,0,0,0,0,5,8
2024501440497,2024,501440497,295083,111676,-3.49319,50.895,3,3,4,16:52,-1,E07000042,3,0,1,0,1,"[4, 19]",6,2,0,0,0,1,0,0,1,0,0,5,8
2024501440509,2024,501440509,201625,46435,-4.78594,50.28446,2,2,4,19:33,-1,E06000052,4,0,1,0,2,"[19, 2]",6,"[1, 5]","[4, 0]","[7, 0]",0,1,0,1,0,0,0,5,8
2024501440564,2024,501440564,169454,43199,-5.23484,50.24371,3,3,4,15:07,-1,E06000052,3,0,1,0,2,"[4, 5]",5,1,0,0,0,1,0,0,0,0,0,5,8
2024501440594,2024,501440594,289472,64918,-3.55894,50.47363,3,3,3,16:15,-1,E06000027,6,0,2,1,1,"[19, 2]","[1, 0]","[5, 0]","[4, 0]",0,0,1,0,0,0,0,0,4,30
2024501440756,2024,501440756,280406,72602,-3.68911,50.54092,3,3,4,16:46,-1,E07000045,6,0,1,0,2,19,3,7,0,0,0,1,0,0,0,0,1,5,8
2024501440810,2024,501440810,292232,92244,-3.528,50.7198,3,3,7,23:10,-1,E07000041,4,2,1,0,1,4,2,6,0,0,0,1,0,1,0,0,0,5,4
2024501440863,2024,501440863,266733,113956,-3.89692,50.90964,3,3,5,11:05,-1,E07000043,3,0,1,0,2,19,"[2, 1]","[6, 5]",0,1,0,1,0,0,0,0,0,5,9
2024501440917,2024,501440917,250224,52367,-4.10668,50.35211,3,3,5,16:48,-1,E06000026,6,0,1,0,1,"[2, 5]","[7, 5]",3,0,0,0,1,0,1,0,0,0,5,9
2024501440927,2024,501440927,245441,126470,-4.20487,51.01678,3,3,5,17:14,-1,E07000046,3,0,1,0,1,"[19, 9]","[7, 3]","[3, 1]",0,0,0,1,0,1,0,0,0,5,9
2024501440966,2024,501440966,250485,57549,-4.10508,50.39875,2,2,1,15:10,-1,E06000026,6,0,1,0,1,5,2,3,0,0,0,1,0,0,0,0,1,5,5
2024501441057,2024,501441057,192740,66280,-4.92143,50.45964,3,3,2,14:45,-1,E06000052,3,0,1,0,2,5,"[8, 6]","[3, 2]",0,0,0,1,0,1,0,0,0,5,6
2024501441125,2024,501441125,137449,30994,-5.67438,50.12082,3,3,5,12:30,-1,E06000052,3,0,1,0,2,"[9, 19]","[5, 3]","[3, 8]",0,0,0,1,0,0,0,0,0,5,9
2024501441136,2024,501441136,291754,90361,-3.53422,50.70278,3,3,4,12:02,-1,E07000041,4,0,1,0,1,"[7, 19]","[2, 8]",4,0,0,0,1,0,0,0,0,0,4,10
2024501441137,2024,501441137,247703,73726,-4.15078,50.54342,3,3,6,14:37,-1,E07000047,3,0,1,0,1,19,8,2,0,0,0,1,0,0,0,0,1,4,19
2024501441316,2024,501441316,145295,29401,-5.56378,50.10994,3,3,5,10:43,-1,E06000052,3,0,1,0,2,"[9, 19]","[4, 6]",2,0,0,0,1,0,0,0,0,0,5,9
2024501441408,2024,501441408,278750,78983,-3.71455,50.59794,3,3,7,00:45,-1,E07000045,6,2,1,0,2,19,5,1,0,"[2, 0]","[10, 0]",1,0,0,0,0,0,5,11
2024501441425,2024,501441425,198341,60113,-4.8393,50.4062,3,3,7,02:27,-1,E06000052,6,2,1,0,2,19,3,7,10,2,10,1,0,0,0,0,0,5,11
2024501441481,2024,501441481,174809,47111,-5.16219,50.2809,3,3,5,17:16,-1,E06000052,3,0,1,0,2,"[19, 3]",5,1,0,0,0,1,0,0,0,0,0,5,9
2024501441557,2024,501441557,314119,105040,-3.22103,50.83849,3,3,7,11:23,-1,E07000040,6,0,1,0,2,19,"[7, 3]","[3, 7]",0,0,0,1,0,0,0,1,0,5,11
2024501441589,2024,501441589,234533,83441,-4.34082,50.62713,3,3,7,12:42,-1,E06000052,3,0,1,0,2,"[19, 7]","[8, 4]","[4, 8]",0,0,0,1,0,0,0,0,0,5,11
2024501441649,2024,501441649,245455,126464,-4.20467,51.01673,3,3,6,12:04,-1,E07000046,3,0,1,0,2,19,3,"[7, 5]",0,0,0,1,0,1,0,0,0,5,10
2024501441653,2024,501441653,292378,65311,-3.51812,50.47771,3,3,7,16:35,-1,E06000027,6,0,1,0,1,19,8,4,0,0,0,1,0,0,0,0,1,5,11
2024501441657,2024,501441657,137927,30937,-5.66767,50.12052,3,3,5,12:25,-1,E06000052,3,0,1,0,2,19,"[7, 3]","[3, 7]",0,0,0,1,0,0,0,0,0,5,9
2024501441727,2024,501441727,273606,76707,-3.78642,50.57639,3,3,1,02:30,-1,E07000045,4,2,1,0,2,"[2, 19]","[0, 7]","[0, 3]",0,"[1, 0]",0,1,0,0,0,0,0,5,12
2024501441755,2024,501441755,283644,100422,-3.65219,50.79165,2,2,1,08:34,-1,E07000042,6,0,1,0,2,19,1,5,0,8,11,1,0,0,0,0,0,5,12
2024501441812,2024,501441812,288542,61057,-3.5709,50.43875,3,3,4,10:30,-1,E06000027,6,0,1,0,1,"[19, 4]",7,3,0,0,0,1,1,0,0,0,0,5,8
2024501441818,2024,501441818,153474,35319,-5.45343,50.16652,3,3,4,16:00,-1,E06000052,3,0,1,0,2,"[19, 3]",6,2,0,0,0,1,0,0,0,0,0,5,8
2024501441918,2024,501441918,226623,67116,-4.44495,50.47815,2,"[3, 2]",1,18:00,-1,E06000052,4,0,1,0,2,"[5, 19]","[3, 1]","[1, 5]",0,0,0,1,0,0,0,0,0,5,12
2024501441927,2024,501441927,295959,90164,-3.47464,50.70178,3,3,3,15:30,-1,E07000041,6,0,1,0,2,1,2,6,0,7,11,1,0,0,0,0,1,4,30
2024501441935,2024,501441935,269362,82931,-3.84852,50.6314,1,1,1,15:35,-1,E07000045,4,0,4,0,2,19,2,6,0,7,0,0,1,0,0,0,0,5,12
2024501441989,2024,501441989,149133,31330,-5.51147,50.12889,3,3,6,11:45,-1,E06000052,6,0,1,0,2,"[9, 19]","[8, 6]","[6, 2]",0,0,0,1,1,0,0,0,0,5,10
2024501442291,2024,501442291,245277,54867,-4.17719,50.3733,3,3,7,18:15,-1,E06000026,6,0,1,0,1,3,6,2,0,0,0,1,0,0,0,0,0,5,4
2024501442420,2024,501442420,245038,56482,-4.18122,50.38775,3,3,6,15:15,-1,E06000026,4,0,1,0,1,"[19, 9]","[2, 4]","[6, 2]",0,0,0,1,0,0,0,0,0,3,22
2024501442435,2024,501442435,257436,132612,-4.0364,51.07508,3,3,2,21:42,-1,E07000043,6,2,1,0,1,19,1,"[3, 5]",0,0,0,1,1,0,0,0,0,5,13
2024501442517,2024,501442517,246497,55053,-4.16013,50.37529,3,3,3,14:45,-1,E06000026,6,0,1,0,1,"[7, 3]",6,"[8, 2]",0,"[0, 1]",0,1,1,0,0,0,0,5,7
2024501442518,2024,501442518,224297,68245,-4.47823,50.4876,3,3,3,07:30,-1,E06000052,6,0,2,1,2,19,"[8, 4]","[4, 8]",0,0,0,1,0,0,1,0,0,5,14
2024501442649,2024,501442649,308263,102880,-3.30363,50.81817,2,2,3,16:30,-1,E07000040,6,0,1,0,2,"[5, 4]","[7, 1]","[3, 5]",0,0,0,1,1,0,0,0,0,5,7
2024501442690,2024,501442690,179818,48386,-5.09273,50.29424,3,3,3,08:10,-1,E06000052,4,0,2,1,2,19,"[8, 4]","[4, 8]",0,"[0, 7]","[0, 9]",1,0,0,0,0,0,5,14
2024501442704,2024,501442704,278255,93363,-3.72628,50.72709,3,3,3,08:00,-1,E07000045,3,0,1,1,2,"[19, 12]",7,3,0,"[2, 1]",6,1,0,0,0,0,0,5,14
2024501442820,2024,501442820,249704,55114,-4.11508,50.37667,3,3,3,12:36,-1,E06000026,6,0,1,0,1,"[5, 19]",2,6,0,"[0, 1]","[0, 5]",1,0,0,0,0,0,5,14
2024501442840,2024,501442840,197666,58633,-4.84799,50.39268,3,3,2,01:00,-1,E06000052,6,2,2,1,2,19,1,5,0,0,0,1,0,0,0,0,0,5,6
2024501442912,2024,501442912,270299,147539,-3.85828,51.21228,3,3,3,18:00,-1,E07000043,3,0,1,0,2,19,5,1,0,0,0,1,0,0,0,0,0,5,14
2024501442962,2024,501442962,300161,94897,-3.41644,50.74507,3,3,3,16:13,-1,E07000040,6,0,1,0,2,19,1,5,0,0,0,1,0,0,0,0,1,5,14
2024501442967,2024,501442967,246096,54437,-4.16551,50.36965,2,2,2,16:25,-1,E06000026,3,0,2,1,1,19,3,7,0,0,0,0,0,1,0,0,0,5,13
2024501443123,2024,501443123,311091,89846,-3.26034,50.70143,3,3,4,07:55,-1,E07000040,4,0,1,0,2,19,1,5,0,2,10,1,0,0,0,0,0,5,15
2024501443186,2024,501443186,232275,54316,-4.35963,50.36479,2,2,4,16:00,-1,E06000052,4,0,1,0,2,"[3, 19]","[5, 2]","[2, 5]",0,0,0,0,1,0,1,0,0,5,1
2024501443235,2024,501443235,291211,65929,-3.53474,50.48305,3,3,5,14:32,-1,E06000027,4,0,1,0,1,"[19, 10]","[6, 2]","[2, 8]",0,0,0,1,1,0,0,0,0,5,9
2024501443254,2024,501443254,182639,44562,-5.05099,50.26095,3,3,5,20:05,-1,E06000052,6,0,1,0,1,19,8,4,0,0,0,1,0,0,0,0,0,5,9
2024501443285,2024,501443285,184181,50729,-5.03291,50.3169,3,3,4,08:25,-1,E06000052,3,0,2,1,2,"[7, 19]","[4, 6]",2,0,0,0,1,0,0,0,0,0,5,15
2024501443295,2024,501443295,166100,27198,-5.27197,50.09872,3,3,4,11:56,-1,E06000052,6,0,1,0,1,"[19, 2]","[4, 0]","[8, 0]",0,0,0,1,0,0,0,0,0,5,15
2024501443350,2024,501443350,247587,54470,-4.14457,50.37034,3,3,4,15:50,-1,E06000026,6,0,1,0,1,"[19, 7]","[7, 1]","[3, 7]",0,0,0,1,0,1,0,0,0,5,15
2024501443394,2024,501443394,286969,50087,-3.58973,50.33983,3,3,4,13:12,-1,E07000044,3,0,1,0,2,"[19, 3]","[5, 1]","[1, 5]",0,0,0,1,0,0,0,0,0,5,15
2024501443400,2024,501443400,300491,93136,-3.41128,50.72929,3,3,4,14:50,-1,E07000040,4,0,1,0,2,"[7, 19]","[2, 8]","[6, 4]",0,0,0,1,0,0,0,0,0,5,15
2024501443401,2024,501443401,281499,95166,-3.68092,50.74397,3,3,4,18:15,-1,E07000045,6,0,1,0,2,"[3, 1]",5,1,0,0,0,1,0,1,0,0,0,5,15
2024501443442,2024,501443442,165273,40829,-5.29191,50.22078,3,3,4,21:35,-1,E06000052,6,2,1,0,1,19,7,3,0,0,0,1,0,0,0,0,1,5,15
2024501443456,2024,501443456,255260,132737,-4.06749,51.07565,2,2,4,17:02,-1,E07000043,3,0,1,0,2,19,"[4, 1]","[8, 5]",0,"[5, 0]",0,1,0,1,0,0,0,5,15
2024501443469,2024,501443469,317910,91786,-3.16424,50.71988,2,2,7,08:55,-1,E07000040,6,0,2,1,2,"[9, 19]","[5, 2]","[3, 4]",0,0,0,1,0,0,0,0,0,3,9
2024501443547,2024,501443547,248929,60007,-4.12794,50.42044,3,3,4,20:30,-1,E06000026,6,0,8,0,1,19,"[5, 1]","[1, 5]",0,0,0,1,0,0,1,0,0,5,15
2024501443568,2024,501443568,296490,90777,-3.46729,50.70738,3,3,5,07:50,-1,E07000041,1,0,1,0,2,"[19, 3]",5,2,0,0,0,1,0,0,0,0,0,5,16
2024501443702,2024,501443702,292998,72245,-3.51138,50.54016,3,3,5,09:25,-1,E07000045,6,0,1,0,1,"[4, 19]",7,3,"[0, 11]",0,0,1,1,0,0,0,0,5,16
2024501443716,2024,501443716,294047,92363,-3.50233,50.7212,3,3,3,15:12,-1,E07000041,4,0,1,0,1,"[19, 3]",3,7,0,0,0,1,0,0,0,0,0,4,30
2024501443785,2024,501443785,147528,30375,-5.53325,50.11964,3,3,5,16:52,-1,E06000052,6,0,1,0,1,14,5,1,0,0,0,0,0,1,0,0,1,5,16
2024501443807,2024,501443807,251386,66042,-4.09578,50.47531,2,2,5,16:00,-1,E07000047,3,0,1,0,2,"[9, 19]","[1, 5]","[8, 1]",0,"[0, 1]",0,1,0,0,0,0,0,5,16
2024501443885,2024,501443885,289030,58343,-3.56322,50.41444,3,3,5,12:37,-1,E06000027,6,0,1,0,1,4,"[2, 0]","[7, 0]",0,"[7, 0]",0,1,0,0,0,0,0,5,16
2024501443896,2024,501443896,289252,60333,-3.56069,50.43237,2,2,5,15:25,-1,E06000027,6,0,1,0,1,"[7, 9]","[1, 5]",4,0,0,0,1,1,0,0,0,0,5,9
2024501443907,2024,501443907,284676,72025,-3.6287,50.53659,2,2,1,10:36,-1,E07000045,6,0,1,0,1,19,7,3,0,0,0,1,0,0,0,0,1,3,10
2024501443937,2024,501443937,247071,56652,-4.15271,50.38981,3,3,5,07:53,-1,E06000026,3,0,1,0,1,"[4, 19]","[1, 5]","[5, 1]",0,"[0, 1]",0,1,1,0,0,0,0,5,16
2024501444002,2024,501444002,256053,56001,-4.02619,50.38623,3,3,6,09:30,-1,E06000026,4,0,1,0,1,19,7,3,0,0,0,0,0,1,0,0,0,5,17
2024501444051,2024,501444051,315703,100999,-3.19761,50.80239,2,2,2,06:08,-1,E07000040,3,2,7,1,2,19,3,7,0,2,4,1,0,0,0,0,0,5,6
2024501444124,2024,501444124,275908,145118,-3.77718,51.19177,2,2,6,12:12,-1,E07000043,4,0,1,0,2,19,5,1,0,7,10,0,0,1,0,0,0,5,17
2024501444174,2024,501444174,247876,57432,-4.14171,50.39703,3,3,6,15:35,-1,E06000026,6,0,1,0,1,19,2,6,0,0,0,1,1,0,0,0,0,5,17
2024501444182,2024,501444182,224550,68111,-4.4746,50.48648,3,3,6,15:50,-1,E06000052,6,0,1,0,2,14,3,7,0,0,0,1,0,0,0,0,1,5,17
2024501444191,2024,501444191,250132,56999,-4.10982,50.39372,2,2,6,13:53,-1,E06000026,6,0,1,0,1,19,7,3,10,0,0,0,0,1,0,0,0,5,17
2024501444251,2024,501444251,244066,58701,-4.1958,50.40744,3,3,6,17:06,-1,E06000026,3,0,1,0,2,"[4, 3]",3,7,"[4, 0]",0,0,1,0,0,0,0,0,5,17
2024501444385,2024,501444385,293127,64083,-3.50722,50.4668,3,3,4,21:15,-1,E06000027,6,2,7,0,1,"[2, -1]",-1,-1,0,0,0,1,0,0,0,0,0,5,8
2024501444446,2024,501444446,280008,60438,-3.69082,50.4315,3,3,7,11:15,-1,E07000044,6,0,1,0,2,19,5,1,0,0,0,1,0,0,0,0,1,5,18
2024501444579,2024,501444579,246284,57376,-4.16407,50.39611,3,3,6,15:20,-1,E06000026,6,0,1,0,1,15,3,1,0,0,0,1,0,0,0,0,1,5,17
2024501444618,2024,501444618,163746,31592,-5.30754,50.13724,3,3,7,18:30,-1,E06000052,4,0,1,0,2,4,1,5,0,0,0,0,0,1,0,0,0,5,18
2024501444632,2024,501444632,284999,77263,-3.62576,50.58374,3,3,7,17:28,-1,E07000045,3,0,1,0,2,"[13, 19]",3,7,0,"[4, 0]",0,1,0,0,0,1,0,5,18
2024501444635,2024,501444635,254419,107112,-4.06923,50.84516,3,3,7,18:09,-1,E07000047,3,0,1,1,2,19,"[2, 7]","[6, 3]",0,0,0,1,0,0,0,0,0,5,18
2024501444651,2024,501444651,311877,105376,-3.25294,50.84118,2,2,7,17:00,-1,E07000040,6,2,2,1,2,19,2,7,0,1,0,0,0,1,0,0,0,5,18
2024501444666,2024,501444666,206126,66939,-4.73341,50.47014,3,3,7,15:40,-1,E06000052,3,0,1,0,1,7,8,4,0,1,11,0,0,1,0,0,0,5,18
2024501444676,2024,501444676,246186,55393,-4.16464,50.37827,3,3,7,23:42,-1,E06000026,6,2,1,0,1,19,8,4,11,1,4,1,0,0,0,0,0,5,18
2024501444686,2024,501444686,275866,69736,-3.7522,50.51421,3,3,1,03:30,-1,E07000045,3,2,1,0,2,19,2,6,0,0,0,1,0,0,0,0,0,5,19
2024501444744,2024,501444744,279587,121889,-3.71681,50.98378,3,3,1,07:25,-1,E07000043,6,0,1,0,2,"[19, 4]","[3, 7]","[7, 3]",0,0,0,1,0,0,0,0,0,5,19
2024501444747,2024,501444747,183941,60324,-5.04178,50.40298,3,3,1,09:45,-1,E06000052,3,0,1,0,2,"[19, 9]","[7, 1]","[3, 7]",0,0,0,1,0,1,0,0,0,5,19
2024501444771,2024,501444771,210790,70790,-4.66971,50.50626,3,3,1,11:22,-1,E06000052,3,0,1,0,2,7,6,2,0,0,0,0,0,1,0,0,0,5,19
2024501444789,2024,501444789,150963,31875,-5.48628,50.13455,2,2,1,13:14,-1,E06000052,3,0,1,0,2,"[2, 19]","[0, 3]","[0, 7]",0,0,0,1,0,0,1,0,0,5,19
2024501444797,2024,501444797,248367,54678,-4.1337,50.37241,3,3,6,10:05,-1,E06000026,6,0,1,0,1,3,7,3,0,0,0,1,0,0,0,0,0,5,10
2024501444815,2024,501444815,251250,59037,-4.09491,50.41232,3,3,1,12:20,-1,E06000026,4,0,1,0,1,"[6, 19]","[7, 5]","[5, 1]",0,0,0,1,0,0,0,0,0,5,19
2024501444849,2024,501444849,245831,55017,-4.16947,50.3748,3,3,1,16:00,-1,E06000026,6,0,1,0,1,"[9, 19]","[5, 2]","[1, 6]",0,"[0, 1]","[0, 11]",1,0,0,0,0,0,5,19
2024501444937,2024,501444937,235632,56895,-4.3136,50.38891,2,2,2,01:50,-1,E06000052,3,2,1,0,2,19,3,7,0,0,0,1,0,0,0,0,0,5,20
2024501444993,2024,501444993,218726,54684,-4.55012,50.36407,3,3,5,17:30,-1,E06000052,6,0,1,0,2,"[19, 4]","[5, 1]","[1, 5]",0,0,0,1,0,0,0,0,0,5,9
2024501445029,2024,501445029,288130,87866,-3.58476,50.67967,3,3,5,11:20,-1,E07000045,6,0,1,0,2,19,7,3,0,0,0,0,0,1,0,0,0,4,25
2024501445047,2024,501445047,295981,83270,-3.47238,50.63981,3,3,1,13:40,-1,E07000045,3,0,1,0,2,19,6,5,0,1,11,1,0,0,0,0,0,5,19
2024501445063,2024,501445063,178825,34788,-5.09872,50.17176,3,3,7,09:00,-1,E06000052,6,0,1,0,1,"[9, 19]","[7, 4]","[5, 7]",0,0,0,1,1,0,0,0,0,5,11
2024501445089,2024,501445089,181785,44903,-5.06315,50.26369,2,2,7,16:44,-1,E06000052,6,0,1,0,1,"[9, 19]","[3, 7]","[1, 3]",0,0,0,1,1,0,0,0,0,3,23
2024501445099,2024,501445099,306812,89535,-3.32084,50.69797,3,3,2,08:47,-1,E07000040,3,0,1,0,2,"[19, 3]",7,3,0,0,0,1,0,0,0,0,0,5,20
2024501445129,2024,501445129,286789,62859,-3.59612,50.45461,3,3,7,21:05,-1,E07000044,6,2,1,0,1,19,"[6, 4]","[2, 8]",0,0,0,1,0,0,0,0,0,5,11
2024501445173,2024,501445173,292825,81471,-3.51648,50.62306,3,3,2,10:44,-1,E07000045,6,0,1,0,2,19,7,3,11,0,0,0,0,0,1,0,0,5,20
2024501445193,2024,501445193,257429,131859,-4.0362,51.06831,3,3,2,12:29,-1,E07000043,3,0,1,0,1,"[19, 10]","[3, 7]","[7, 3]",0,0,0,1,0,0,0,0,0,5,20
2024501445210,2024,501445210,175369,53988,-5.15843,50.34287,3,3,2,15:00,-1,E06000052,4,0,1,0,2,19,"[2, 6]","[6, 2]",0,0,0,1,0,0,0,0,0,5,20
2024501445223,2024,501445223,188773,48749,-4.96739,50.30078,1,"[1, 3]",2,11:43,-1,E06000052,4,0,1,0,2,19,"[8, 4]","[4, 8]",0,0,0,1,0,1,0,0,0,5,20
2024501445252,2024,501445252,252562,121812,-4.10153,50.97679,3,3,2,16:32,-1,E07000046,4,0,1,0,2,"[19, 9]","[1, 4]","[5, 2]",0,"[7, 0]",0,0,0,1,1,0,0,5,20
2024501445336,2024,501445336,251516,66690,-4.0942,50.48117,3,3,1,19:15,-1,E07000047,6,0,1,0,2,19,5,1,0,2,11,1,0,0,0,0,0,5,19
2024501445370,2024,501445370,262491,55876,-3.93564,50.38665,3,3,2,11:56,-1,E07000044,3,0,1,0,1,12,1,5,0,2,7,1,0,0,0,0,0,5,20
2024501445451,2024,501445451,248654,56599,-4.13044,50.38975,3,3,6,11:15,-1,E06000026,4,0,1,0,1,"[5, 19]","[7, 1]","[1, 5]",0,0,0,1,1,0,0,0,0,5,3
2024501445509,2024,501445509,253352,68701,-4.06913,50.4997,3,3,2,19:16,-1,E07000047,4,0,1,0,2,19,7,3,0,8,10,1,0,0,0,0,0,5,20
2024501445601,2024,501445601,252526,91516,-4.08984,50.70453,3,3,3,07:15,-1,E07000047,3,0,1,0,2,15,7,3,0,"[0, 4]","[0, 6]",1,0,0,0,0,0,5,21
2024501445685,2024,501445685,176789,36702,-5.12831,50.18818,3,3,3,16:15,-1,E06000052,3,0,1,0,2,19,1,4,0,0,0,1,0,0,0,0,1,5,14
2024501445687,2024,501445687,293472,94566,-3.51111,50.7409,3,3,1,07:50,-1,E07000041,6,0,1,0,2,19,8,6,0,1,0,1,0,0,0,0,0,5,19
2024501445700,2024,501445700,294073,91673,-3.50177,50.715,3,3,3,16:48,-1,E07000041,6,0,1,0,1,"[5, 19]","[1, 7]","[5, 3]",0,0,0,1,1,0,0,0,0,5,21
2024501445712,2024,501445712,274021,92904,-3.78608,50.72206,3,3,3,16:37,-1,E07000042,3,0,5,1,2,19,7,3,0,1,4,1,0,0,0,0,0,5,21
2024501445721,2024,501445721,249193,54904,-4.12218,50.37465,3,3,3,17:17,-1,E06000026,6,0,2,1,1,"[2, 1]","[0, 2]","[0, 6]","[0, 4]",0,0,1,0,0,0,1,0,5,21
2024501445760,2024,501445760,253421,131327,-4.09315,51.06252,3,3,3,18:35,-1,E07000043,3,0,1,0,2,"[9, 19]","[5, 7]","[7, 3]",0,"[0, 7]",0,1,0,0,0,0,0,5,21
2024501445764,2024,501445764,237923,60908,-4.28313,50.4256,3,3,1,11:15,-1,E06000052,3,0,1,0,2,19,4,6,0,0,0,1,0,1,0,0,0,5,19
2024501445768,2024,501445768,301466,83347,-3.39486,50.64145,2,2,3,18:48,-1,E07000040,6,0,1,0,1,9,6,5,11,0,0,0,0,1,0,0,0,5,21
2024501445799,2024,501445799,252878,112328,-4.0932,50.89165,2,"[3, 2]",3,19:00,-1,E07000046,6,0,1,0,2,12,1,5,0,7,10,1,0,0,0,0,0,5,21
2024501445806,2024,501445806,290289,55628,-3.54472,50.39027,2,"[2, 3]",3,21:35,-1,E06000027,3,0,1,0,2,19,4,8,7,0,0,1,0,0,0,0,0,5,21
2024501445809,2024,501445809,255858,59430,-4.03025,50.417,1,"[2, 1]",3,21:55,-1,E07000044,4,2,1,0,2,19,8,4,0,1,11,1,0,0,0,0,0,5,21
2024501446219,2024,501446219,232988,59024,-4.35171,50.40729,3,3,4,15:45,-1,E06000052,3,0,1,0,2,"[3, 4]",8,"[4, 2]",0,0,0,1,0,1,0,0,0,5,15
2024501446228,2024,501446228,176167,37480,-5.13747,50.19493,3,3,3,16:25,-1,E06000052,3,0,1,0,2,19,7,3,0,0,0,1,0,0,0,0,1,5,14
2024501446275,2024,501446275,202822,52172,-4.77216,50.33639,3,3,3,19:27,-1,E06000052,3,0,1,0,1,"[3, 19]",5,7,0,0,0,1,0,0,0,0,0,5,21
2024501446382,2024,501446382,304689,114082,-3.35727,50.9183,3,3,4,14:45,-1,E07000042,3,0,1,1,2,5,8,2,0,0,0,1,0,0,0,0,0,5,22