collision_index,collision_year,collision_ref_no,location_easting_osgr,location_northing_osgr,longitude,latitude,casualty_severity,casualty_severity,day_of_week,time,local_authority_district,local_authority_ons_district,first_road_class,light_conditions,weather_conditions,road_surface_conditions,urban_or_rural_area,vehicle_manoeuvre,vehicle_direction_from,vehicle_direction_to,hit_object_in_carriageway,vehicle_leaving_carriageway,hit_object_off_carriageway,is_car,is_cyle,is_mcyle,is_goodsv,is_other,is_pedestrian,month,day
2024501460639,2024,501460639,226769,86947,-4.45213,50.65637,2,2,4,19:05,-1,E06000052,6,0,1,0,2,19,1,5,0,0,0,0,0,1,0,0,0,6,26
2024501460664,2024,501460664,292715,91733,-3.52101,50.71529,3,3,4,22:18,-1,E07000041,3,2,1,0,1,"[3, 19]",4,8,0,0,0,1,0,0,0,0,0,6,26
2024501460683,2024,501460683,294349,90346,-3.49748,50.70312,3,3,5,05:00,-1,E07000041,3,0,1,0,1,19,8,4,7,0,0,1,0,0,0,0,0,6,27
2024501460762,2024,501460762,317322,106140,-3.1758,50.84885,3,3,5,08:58,-1,E07000040,6,0,1,0,2,"[1, 19]","[1, 7]","[7, 3]",0,0,0,1,0,0,0,0,0,6,27
2024501460800,2024,501460800,205343,86418,-4.75462,50.64485,3,3,6,09:55,-1,E06000052,6,0,1,0,2,"[19, 13]","[3, 7]","[7, 3]",0,0,0,1,0,1,0,0,0,6,21
2024501460854,2024,501460854,249283,59676,-4.12283,50.41756,3,3,5,09:57,-1,E06000026,3,0,1,0,1,19,6,2,0,0,0,1,0,1,0,0,0,6,27
2024501460874,2024,501460874,189519,66477,-4.96685,50.46026,2,2,5,10:57,-1,E06000052,6,0,1,0,2,13,5,1,0,0,0,0,0,1,0,0,0,6,27
2024501460931,2024,501460931,238475,123150,-4.30262,50.98503,3,3,5,08:55,-1,E07000046,3,0,1,0,2,"[9, 19]","[4, 2]","[2, 6]",0,0,0,1,0,0,0,0,0,6,27
2024501460976,2024,501460976,192345,59116,-4.92302,50.39516,3,3,4,14:45,-1,E06000052,3,0,1,0,2,"[99, 4]",8,3,0,0,0,1,0,1,0,0,0,6,26
2024501461000,2024,501461000,322051,89518,-3.10511,50.70006,3,3,4,17:30,-1,E07000040,6,0,1,0,2,19,3,7,0,0,0,1,0,0,0,0,1,6,26
2024501461037,2024,501461037,198948,71565,-4.83692,50.50927,3,3,5,16:54,-1,E06000052,6,0,1,0,2,19,"[2, 6]","[6, 2]",0,2,11,1,0,0,0,0,0,6,27
2024501461039,2024,501461039,295741,91598,-3.47813,50.71463,3,3,5,17:10,-1,E07000041,6,0,1,0,1,19,8,5,0,0,0,1,0,0,0,0,1,6,27
2024501461050,2024,501461050,245737,59531,-4.17265,50.41534,3,3,5,18:15,-1,E06000026,6,0,1,0,1,19,5,1,0,0,0,1,0,0,0,0,1,6,27
2024501461083,2024,501461083,169601,43082,-5.23271,50.24272,2,2,5,19:29,-1,E06000052,3,0,1,0,2,19,"[1, 2]","[5, 6]",0,0,0,1,0,1,0,0,0,6,27
2024501461132,2024,501461132,272342,125769,-3.82133,51.01709,2,2,6,01:03,-1,E07000043,4,2,1,0,2,19,3,7,0,2,11,1,0,0,0,0,0,6,28
2024501461223,2024,501461223,225100,64547,-4.46519,50.45462,3,3,4,10:00,-1,E06000052,4,0,1,0,2,19,5,1,0,0,0,1,0,0,0,0,1,6,26
2024501461238,2024,501461238,291458,92001,-3.53889,50.71747,3,3,2,11:38,-1,E07000041,4,0,1,0,1,4,2,6,0,0,0,0,0,0,1,0,1,1,8
2024501461407,2024,501461407,248045,59556,-4.14019,50.41616,3,3,6,16:49,-1,E06000026,6,0,1,0,1,19,"[7, 3]","[3, 7]","[7, 10, 0]",0,0,1,0,0,0,0,0,6,28
2024501461420,2024,501461420,249473,135512,-4.15119,51.0991,3,3,6,16:37,-1,E07000043,3,0,1,0,2,"[4, 19]",8,4,0,"[1, 0]",0,1,0,0,0,0,0,6,28
2024501461425,2024,501461425,290184,65954,-3.54922,50.48308,3,3,6,17:25,-1,E06000027,6,0,8,0,1,"[1, 4]",2,6,0,0,0,1,1,0,0,0,0,6,28
2024501461447,2024,501461447,293547,90992,-3.50902,50.70879,3,3,6,18:00,-1,E07000041,3,0,1,0,1,"[19, 4]",4,8,0,0,0,1,0,0,0,1,0,6,28
2024501461652,2024,501461652,212955,85698,-4.64671,50.64088,2,2,7,08:07,-1,E06000052,6,0,1,0,2,19,3,7,0,0,0,1,0,0,0,0,1,6,29
2024501461667,2024,501461667,316557,90103,-3.18302,50.70456,2,2,7,14:38,-1,E07000040,3,0,1,0,2,19,2,6,0,7,4,1,0,0,0,0,0,6,29
2024501461669,2024,501461669,166224,45205,-5.2813,50.26045,3,3,6,19:30,-1,E06000052,4,0,1,0,2,"[3, 19]",3,7,0,0,0,1,0,0,0,0,0,6,28
2024501461678,2024,501461678,323130,89417,-3.08981,50.6993,3,3,7,14:55,-1,E07000040,4,0,1,0,2,19,7,3,0,0,0,1,0,0,0,0,1,6,29
2024501461693,2024,501461693,292150,64456,-3.52109,50.46998,3,3,6,16:30,-1,E06000027,6,0,1,0,1,19,7,3,0,0,0,1,0,0,0,0,1,6,28
2024501461710,2024,501461710,137099,26997,-5.67651,50.08479,3,3,7,06:43,-1,E06000052,3,0,1,0,2,"[5, 4]","[8, 6]","[5, 2]",0,0,0,1,1,0,0,0,0,6,29
2024501461776,2024,501461776,180895,32810,-5.06864,50.15476,2,2,1,01:50,-1,E06000052,6,2,1,0,1,19,1,5,0,0,0,1,0,0,0,0,1,6,30
2024501461787,2024,501461787,301727,80764,-3.39049,50.61828,3,3,7,22:40,-1,E07000040,6,2,1,0,1,19,6,2,10,1,11,1,0,0,0,0,0,6,29
2024501461891,2024,501461891,208066,65355,-4.70529,50.45655,3,3,1,12:22,-1,E06000052,6,0,1,0,1,19,"[8, 4]","[4, 8]",0,0,0,1,0,0,0,0,0,6,30
2024501461939,2024,501461939,175375,50802,-5.15645,50.31426,3,3,1,14:34,-1,E06000052,4,0,1,0,2,19,"[5, 3]","[1, 7]",0,0,0,1,0,0,0,0,0,6,30
2024501461949,2024,501461949,295626,90958,-3.47957,50.70886,3,3,7,23:52,-1,E07000041,6,2,1,0,1,19,"[4, 8]","[8, 4]",0,0,0,1,0,1,0,0,0,6,29
2024501461998,2024,501461998,285593,71153,-3.6155,50.52894,3,3,1,20:10,-1,E07000045,3,0,1,0,1,19,"[3, 1]","[1, 7]",0,"[1, 0]",0,1,0,0,0,0,0,6,30
2024501462165,2024,501462165,263947,95280,-3.92959,50.74115,3,3,2,08:23,-1,E07000047,3,0,1,0,2,"[19, 13]",3,7,0,0,0,1,0,0,0,0,0,7,1
2024501462177,2024,501462177,241342,60091,-4.23469,50.4192,3,3,5,16:44,-1,E06000052,3,0,1,0,2,19,5,1,0,0,0,1,0,0,0,0,0,6,6
2024501462220,2024,501462220,201267,59206,-4.7977,50.39905,3,3,7,19:15,-1,E06000052,6,0,1,0,2,19,"[8, 4]","[4, 8]",0,0,0,1,0,0,0,0,0,6,22
2024501462274,2024,501462274,245971,57014,-4.16832,50.39278,3,3,1,14:45,-1,E06000026,6,0,1,0,1,"[9, 19]",2,"[8, 7]",0,0,0,1,1,0,0,0,0,6,30
2024501462280,2024,501462280,169527,43117,-5.23377,50.243,3,3,2,11:05,-1,E06000052,3,0,1,0,2,"[9, 19]","[5, 1]","[2, 6]",0,"[1, 0]","[4, 0]",1,0,0,0,0,0,7,1
2024501462369,2024,501462369,272989,63734,-3.79071,50.45965,2,2,2,15:12,-1,E07000044,3,0,1,0,2,11,5,1,0,2,10,1,0,0,0,0,0,7,1
2024501462454,2024,501462454,175514,38535,-5.14723,50.20416,3,3,5,10:42,-1,E06000052,3,0,1,0,2,19,"[3, 8]","[7, 4]",0,0,0,1,0,0,0,0,0,6,27
2024501462729,2024,501462729,277629,53580,-3.72206,50.36936,3,3,1,17:16,-1,E07000044,3,0,1,0,2,19,"[6, 2]","[2, 6]",0,0,0,1,0,0,0,0,0,6,23
2024501462814,2024,501462814,251717,52721,-4.08585,50.35567,3,3,3,07:40,-1,E06000026,6,0,1,0,1,"[19, 4]",5,1,0,0,0,1,0,0,0,0,0,7,2
2024501462829,2024,501462829,294482,101642,-3.49884,50.80469,2,2,7,16:10,-1,E07000042,3,0,8,0,2,"[13, 9]","[1, 2]",5,0,0,0,1,1,0,0,0,0,6,29
2024501462944,2024,501462944,261227,95285,-3.96812,50.74055,3,3,5,23:39,-1,E07000047,4,2,1,0,2,19,5,1,10,3,11,1,0,0,0,0,0,6,27
2024501463129,2024,501463129,182287,61580,-5.06575,50.41365,3,3,4,14:15,-1,E06000052,6,0,1,0,1,"[5, 1]",-1,-1,0,0,0,1,0,0,0,0,0,7,3
2024501463139,2024,501463139,289035,61582,-3.56411,50.44356,3,3,4,12:37,-1,E06000027,3,0,1,0,1,"[14, 2, 19]","[6, 0]","[2, 0]","[0, 4]",0,0,1,0,0,0,0,0,7,3
2024501463165,2024,501463165,290485,64535,-3.54456,50.47038,3,3,4,12:18,-1,E06000027,3,0,1,0,1,"[9, 13]",5,"[3, 1]",0,"[0, 1]","[0, 11]",1,0,0,0,0,0,7,3
2024501463176,2024,501463176,244961,126364,-4.21166,51.0157,3,3,4,12:30,-1,E07000046,6,0,1,0,1,"[3, 19]","[7, 3]","[3, 7]",0,0,0,1,0,0,0,0,0,7,3
2024501463199,2024,501463199,209361,80880,-4.69501,50.59643,3,3,7,13:36,-1,E06000052,4,0,1,0,2,"[19, 9]","[2, 3]","[6, 2]",0,0,0,1,0,0,0,0,0,6,22
2024501463247,2024,501463247,247445,54703,-4.14666,50.37239,3,3,3,16:08,-1,E06000026,6,0,8,0,1,19,5,5,0,0,0,0,1,0,0,0,1,5,14
2024501463294,2024,501463294,273255,60616,-3.78591,50.43168,3,3,3,20:07,-1,E07000044,3,0,1,0,2,19,3,7,0,7,11,1,0,0,0,0,0,7,2
2024501463519,2024,501463519,183639,61926,-5.04695,50.41725,3,3,5,13:20,-1,E06000052,3,0,1,0,1,"[7, 19]",3,"[5, 7]",99,0,0,1,1,0,0,0,0,7,4
2024501463524,2024,501463524,276437,42671,-3.73524,50.27105,3,3,5,13:45,-1,E07000044,3,0,1,0,2,"[19, 4]",3,7,0,0,0,1,1,0,0,0,0,7,4
2024501463527,2024,501463527,246947,143681,-4.19071,51.17183,2,2,5,12:16,-1,E07000043,4,0,4,0,2,19,5,1,0,1,0,0,0,1,0,0,0,7,4
2024501463559,2024,501463559,245896,109167,-4.19106,50.86142,3,3,5,12:15,-1,E07000046,6,0,1,0,2,19,"[5, 7]","[1, 3]",0,0,0,1,0,0,0,0,0,7,4
2024501463665,2024,501463665,266451,118443,-3.90257,50.94991,3,3,5,11:50,-1,E07000043,4,2,1,0,2,19,"[7, 4]","[4, 7]",0,"[0, 1]","[0, 10]",1,0,0,0,0,0,7,4
2024501463737,2024,501463737,320601,107625,-3.12955,50.86266,3,3,3,08:57,-1,E07000040,6,0,1,0,2,19,"[3, 7]","[7, 3]",0,0,0,1,0,1,0,0,0,6,25
2024501463850,2024,501463850,189782,46691,-4.95209,50.28265,3,3,6,09:43,-1,E06000052,3,0,2,1,2,"[9, 19, 8]","[4, 3]","[2, 7]",0,0,0,1,0,0,0,0,0,7,5
2024501463899,2024,501463899,329173,97075,-3.00573,50.76892,3,3,2,17:48,-1,E07000040,3,0,1,0,2,"[19, 5]","[6, 8]",2,0,0,0,1,0,0,0,0,0,6,24
2024501463917,2024,501463917,312674,87773,-3.23744,50.68304,3,3,4,14:15,-1,E07000040,6,0,8,0,1,5,3,7,4,0,0,1,0,0,0,0,1,7,3
2024501463976,2024,501463976,279702,60400,-3.69511,50.43109,3,3,6,08:45,-1,E07000044,6,0,2,1,2,19,7,3,0,0,0,1,0,0,0,0,1,7,5
2024501463984,2024,501463984,248638,58929,-4.1316,50.41068,3,3,6,09:40,-1,E06000026,3,0,2,1,1,12,5,1,0,0,0,0,0,1,0,0,0,7,5
2024501464081,2024,501464081,286124,71138,-3.608,50.5289,2,2,4,12:15,-1,E07000045,3,0,1,0,1,19,7,3,0,0,0,1,0,0,0,0,1,7,3
2024501464150,2024,501464150,209828,72397,-4.68408,50.52038,3,3,6,13:10,-1,E06000052,6,0,2,1,2,19,"[4, 8]","[8, 4]",0,"[0, 2]","[0, 10]",1,0,0,1,0,0,7,5
2024501464248,2024,501464248,248497,59049,-4.13363,50.41172,3,3,7,11:18,-1,E06000026,4,0,1,0,1,"[9, 19]","[6, 5]","[4, 1]",0,0,0,1,0,0,0,0,0,7,6
2024501464257,2024,501464257,250722,57986,-4.10192,50.40274,3,3,6,14:43,-1,E06000026,4,0,2,1,2,"[9, 19]","[3, 1]","[1, 5]",0,0,0,1,0,0,0,0,0,7,5
2024501464270,2024,501464270,145293,29403,-5.56381,50.10996,3,3,7,10:06,-1,E06000052,4,0,1,0,2,"[5, 4]","[7, 4, 8]","[3, 8, 4]",0,0,0,1,0,0,0,0,0,7,6
2024501464363,2024,501464363,228835,60948,-4.41098,50.42338,3,3,2,13:16,-1,E06000052,3,0,1,0,2,"[19, 9]","[8, 4]","[4, 2]",0,"[1, 0]",0,1,0,0,1,0,0,7,1
2024501464385,2024,501464385,173219,46397,-5.18404,50.27388,3,3,7,17:15,-1,E06000052,6,0,4,0,2,19,"[6, 4]","[2, 8]",0,0,0,1,0,0,0,0,0,7,6
2024501464499,2024,501464499,292350,55551,-3.51571,50.38996,3,3,1,12:03,-1,E06000027,6,2,1,1,1,19,3,7,0,0,0,1,0,0,0,0,1,7,7
2024501464520,2024,501464520,278785,62141,-3.70858,50.44655,2,2,1,10:23,-1,E07000044,3,0,2,1,2,19,7,3,0,0,0,1,0,0,0,0,1,7,7
2024501464597,2024,501464597,298241,113284,-3.44875,50.91002,3,3,1,17:15,-1,E07000042,6,0,1,0,2,"[9, 19]","[1, 6]","[6, 3]",0,0,0,1,0,1,0,0,0,7,7
2024501464604,2024,501464604,291467,92409,-3.53888,50.72114,3,3,7,20:20,-1,E07000041,3,0,1,1,1,"[13, 9]",1,"[5, 7]",0,0,0,0,1,0,0,1,0,7,6
2024501464618,2024,501464618,137438,30997,-5.67453,50.12084,3,3,1,11:44,-1,E06000052,3,0,1,0,2,"[2, 19]",2,6,"[0, 4]",0,0,0,0,1,0,1,0,7,7
2024501464812,2024,501464812,331934,96261,-2.96644,50.76193,3,3,2,06:48,-1,E07000040,3,0,1,0,2,19,4,8,0,1,3,0,0,0,1,0,0,7,8
2024501465048,2024,501465048,275636,65829,-3.75414,50.47905,3,3,7,10:50,-1,E07000044,6,0,8,0,2,19,8,2,0,0,0,0,0,1,0,0,0,7,6
2024501465058,2024,501465058,197637,58439,-4.84829,50.39092,2,2,5,10:25,-1,E06000052,6,0,1,0,2,"[19, 9]","[1, 3]","[5, 1]",0,0,0,1,0,0,1,0,0,6,27
2024501465071,2024,501465071,211227,72745,-4.66454,50.52396,3,3,2,23:10,-1,E06000052,6,2,5,1,2,2,3,7,0,0,0,1,0,0,0,0,0,7,8
2024501465209,2024,501465209,180811,35582,-5.07141,50.17963,3,3,3,09:09,-1,E06000052,6,0,2,1,2,1,2,4,0,0,0,1,0,0,0,0,1,7,9
2024501465512,2024,501465512,279116,55366,-3.70174,50.38572,1,1,2,19:05,-1,E07000044,6,0,2,1,2,19,"[8, 4]","[4, 8]",0,0,0,1,0,1,0,0,0,7,8
2024501465569,2024,501465569,201751,52370,-4.78729,50.33781,3,3,3,16:30,-1,E06000052,6,0,1,1,1,"[2, 19]","[3, 2]","[6, 7]",0,0,0,1,0,0,0,0,0,7,9
2024501465658,2024,501465658,254378,91506,-4.06362,50.70491,3,3,6,08:54,-1,E07000047,3,0,1,0,2,"[19, 5]","[2, 3]","[6, 7]",0,0,0,1,0,0,0,0,0,6,28
2024501465671,2024,501465671,263686,103810,-3.93645,50.81775,2,"[3, 2]",6,00:30,-1,E07000047,3,2,2,1,2,19,1,5,0,8,10,1,0,0,0,0,0,7,5
2024501466003,2024,501466003,243733,55284,-4.19906,50.37664,2,2,5,16:10,-1,E06000052,3,0,1,0,2,19,"[3, 7]","[1, 3]",0,0,0,1,1,0,0,0,0,7,4
2024501466018,2024,501466018,184407,46034,-5.02706,50.27481,3,3,4,11:47,-1,E06000052,3,0,1,0,2,"[19, 9]","[6, 2]","[2, 8]",0,0,0,1,0,0,0,0,0,7,10
2024501466028,2024,501466028,263014,109079,-3.94796,50.86494,2,2,4,12:27,-1,E07000046,3,0,1,0,2,19,3,7,0,1,9,1,0,0,0,0,0,7,10
2024501466060,2024,501466060,291843,64104,-3.52531,50.46676,3,3,6,07:15,-1,E06000027,6,0,1,0,1,"[1, 3]","[8, 4]","[4, 8]",0,0,0,1,1,0,0,0,0,6,28
2024501466072,2024,501466072,245455,57141,-4.17563,50.39378,3,3,4,15:25,-1,E06000026,3,0,1,0,1,"[4, 19]",8,4,0,0,0,1,0,0,0,0,0,7,10
2024501466109,2024,501466109,178717,33723,-5.09961,50.16215,3,3,4,17:50,-1,E06000052,3,0,1,0,2,"[13, 19]","[2, 3]","[5, 7]",0,0,0,1,0,1,0,0,0,7,10
2024501466253,2024,501466253,291644,112606,-3.54235,50.90273,2,"[3, 2]",5,05:35,-1,E07000042,4,0,1,0,2,19,3,7,0,1,11,1,0,0,0,0,0,7,11
2024501466366,2024,501466366,146270,29037,-5.54993,50.10709,3,3,4,12:05,-1,E06000052,6,0,1,0,1,4,4,2,0,0,0,1,0,0,0,0,1,7,10
2024501466429,2024,501466429,173908,42470,-5.17204,50.23888,3,3,5,10:35,-1,E06000052,6,0,1,0,2,"[9, 19]",5,1,0,0,0,1,0,1,0,0,0,7,11
2024501466499,2024,501466499,318648,91334,-3.15369,50.71592,2,2,4,22:10,-1,E07000040,3,2,1,0,2,"[4, 13]",4,"[8, 7]",0,0,0,1,0,1,0,0,0,7,10
2024501466515,2024,501466515,175771,30530,-5.13891,50.13237,3,3,5,14:55,-1,E06000052,6,0,1,0,2,"[4, 19]","[1, 5]","[5, 1]",0,0,0,1,0,0,0,0,0,7,11
2024501466586,2024,501466586,296477,102446,-3.47076,50.81228,3,3,5,13:00,-1,E07000042,6,0,1,0,2,19,"[2, 6]","[6, 2]",0,0,0,1,0,0,0,0,0,7,11
2024501466618,2024,501466618,225249,64558,-4.4631,50.45476,3,3,5,16:45,-1,E06000052,6,0,1,0,2,19,"[4, 7]",3,0,0,0,1,0,1,0,0,0,7,11
2024501466654,2024,501466654,252441,52222,-4.07548,50.35137,3,3,5,20:31,-1,E07000044,6,0,1,0,1,19,"[1, 5]","[5, 1]",0,0,0,1,0,1,0,0,0,7,11
2024501466724,2024,501466724,271311,125870,-3.83606,51.01776,3,3,6,12:02,-1,E07000043,4,0,1,0,2,19,3,1,0,1,0,1,0,0,0,0,1,6,28
2024501466742,2024,501466742,248934,136159,-4.15916,51.10477,3,3,4,13:36,-1,E07000043,3,0,1,0,2,"[9, 19]","[7, 4]","[4, 8]",0,0,0,1,0,1,0,0,0,7,10
2024501466759,2024,501466759,296874,93492,-3.46262,50.73186,2,2,6,06:55,-1,E07000041,1,0,2,1,2,19,5,1,0,1,10,1,0,0,0,0,0,3,1
2024501467048,2024,501467048,290140,65870,-3.54981,50.48232,3,3,6,15:00,-1,E06000027,3,0,1,0,1,19,3,1,0,0,0,1,0,0,0,0,1,7,12
2024501467083,2024,501467083,297154,94618,-3.45896,50.74203,2,2,6,14:24,-1,E07000040,1,0,1,0,2,19,"[5, 1]","[1, 5]","[0, 11]",0,0,1,0,0,0,0,0,7,12
2024501467090,2024,501467090,168322,23945,-5.23898,50.07038,2,2,6,18:01,-1,E06000052,3,0,1,0,2,19,5,1,0,0,0,1,0,1,0,0,0,7,12
2024501467521,2024,501467521,217916,83121,-4.57536,50.6193,3,3,4,09:46,-1,E06000052,6,0,2,1,2,19,"[4, 8]","[8, 4]",0,0,0,1,0,0,0,0,0,7,3
2024501467572,2024,501467572,159320,42395,-5.37621,50.23245,2,2,1,12:47,-1,E06000052,4,0,1,0,2,"[2, 14, 19]","[0, 6, 2]","[0, 2, 6]",0,0,0,1,1,0,0,0,0,7,14
2024501467575,2024,501467575,291742,55267,-3.52418,50.38729,3,3,1,12:30,-1,E06000027,6,0,1,0,1,"[19, 2]","[3, 0]","[7, 0]","[0, 4]",0,0,1,0,0,0,0,0,7,14
2024501467623,2024,501467623,275255,70302,-3.761,50.51917,1,1,1,16:31,-1,E07000045,6,0,1,0,2,"[9, 19]","[3, 7]","[7, 3]",0,0,0,1,1,0,0,0,0,7,14
2024501467637,2024,501467637,300917,85756,-3.40327,50.66302,3,3,1,16:40,-1,E07000040,6,0,1,0,2,19,5,1,0,0,0,0,0,1,0,0,0,7,14
2024501467652,2024,501467652,248274,54940,-4.13511,50.37474,2,2,1,05:32,-1,E06000026,6,0,1,0,1,1,7,3,0,7,10,1,0,0,0,0,1,7,14
2024501467679,2024,501467679,244169,58710,-4.19436,50.40754,3,3,2,16:30,-1,E06000026,3,0,1,0,2,"[12, 11]",7,3,0,"[5, 0]","[6, 0]",1,0,1,0,0,0,6,24
2024501467686,2024,501467686,247085,54533,-4.15165,50.37077,3,3,1,22:44,-1,E06000026,6,2,1,0,1,1,-1,-1,99,0,0,1,0,0,0,0,1,7,14
2024501467731,2024,501467731,270778,92580,-3.83188,50.71844,3,3,1,03:32,-1,E07000047,3,2,1,0,2,19,3,7,0,1,0,1,0,0,0,0,0,7,14
2024501467889,2024,501467889,250657,53921,-4.10122,50.36619,3,3,1,22:30,-1,E06000026,3,2,1,0,1,"[19, 8]",5,7,0,0,0,1,0,0,0,0,0,7,14
2024501467933,2024,501467933,278197,58559,-3.71569,50.41423,3,3,2,08:20,-1,E07000044,6,0,2,1,2,"[5, 19]","[5, 7]","[7, 3]",0,0,0,1,0,0,0,0,0,7,15
2024501467943,2024,501467943,289276,61974,-3.56083,50.44713,3,3,6,16:08,-1,E06000027,6,0,1,0,1,19,5,1,0,0,0,1,0,1,0,0,0,6,28
2024501468030,2024,501468030,291722,93107,-3.53548,50.72746,3,3,2,14:50,-1,E07000041,4,0,1,1,1,"[5, 9]","[3, 7]","[7, 5]",0,0,0,1,1,0,0,0,0,7,15
2024501468056,2024,501468056,247186,59193,-4.15213,50.41268,3,3,2,16:24,-1,E06000026,4,0,1,0,1,19,7,3,0,0,0,1,0,0,0,0,1,7,15
2024501468086,2024,501468086,170031,37861,-5.22353,50.196,3,3,7,09:55,-1,E06000052,6,0,1,0,2,"[5, 14]","[6, 2]","[2, 6]",0,0,0,1,1,0,0,0,0,7,13
2024501468411,2024,501468411,302179,84607,-3.38511,50.6529,3,3,3,08:05,-1,E07000040,4,0,1,1,2,19,"[7, 5]",1,0,"[1, 0]","[4, 0]",1,0,0,0,0,0,7,16
2024501468441,2024,501468441,290554,95890,-3.55285,50.75226,3,3,3,12:35,-1,E07000040,3,0,1,0,2,"[19, 3, 4]",8,4,0,0,0,1,0,0,1,0,0,7,16
2024501468458,2024,501468458,225696,64447,-4.45675,50.4539,3,3,3,15:00,-1,E06000052,6,0,1,0,2,19,"[3, 1]",7,0,"[1, 0]","[11, 0]",1,0,0,0,1,0,7,16
2024501468459,2024,501468459,167001,40897,-5.26777,50.22208,3,3,3,14:50,-1,E06000052,6,0,1,0,1,"[5, 19]","[3, 1]",5,0,0,0,1,1,0,0,0,0,7,16
2024501468479,2024,501468479,250495,142653,-4.13957,51.16353,2,2,3,16:10,-1,E07000043,3,0,1,0,2,19,1,5,0,0,0,1,0,0,0,0,1,7,16
2024501468480,2024,501468480,180055,32421,-5.08015,50.15096,3,3,3,17:55,-1,E06000052,6,0,1,0,1,1,8,6,0,0,0,1,0,0,0,0,1,7,16
2024501468597,2024,501468597,247424,55289,-4.14719,50.37766,3,3,1,21:00,-1,E06000026,3,2,2,1,1,19,"[8, 3]","[4, 7]",0,0,0,1,0,1,0,0,0,3,31
2024501468645,2024,501468645,287204,60225,-3.58948,50.43101,3,3,3,12:34,-1,E06000027,3,0,1,0,1,19,5,1,0,0,0,1,0,0,0,0,0,3,19
2024501468678,2024,501468678,236948,110773,-4.31881,50.8734,3,3,2,16:37,-1,E07000046,3,0,2,1,2,19,3,5,0,7,0,1,0,0,0,0,0,7,15
2024501468690,2024,501468690,179976,32664,-5.0814,50.15311,3,3,1,09:15,-1,E06000052,3,0,1,0,1,"[19, 2]","[5, 0]","[1, 0]","[4, 0]",0,0,1,0,1,0,0,0,3,24
2024501468711,2024,501468711,287389,63784,-3.58795,50.46304,3,3,3,11:15,-1,E06000027,3,0,1,0,2,"[4, 15, 19]",-1,-1,0,0,0,1,0,0,0,0,0,7,9
2024501468867,2024,501468867,290921,66996,-3.53914,50.49258,3,3,4,13:00,-1,E06000027,6,0,1,0,1,"[19, 2]","[1, 0]","[5, 0]","[0, 4]",0,0,1,0,0,0,0,0,7,17
2024501468989,2024,501468989,206485,67379,-4.72858,50.47421,3,3,4,16:40,-1,E06000052,6,0,1,0,1,"[19, 5]","[3, 5]","[7, 1]",0,0,0,1,1,0,0,0,0,7,17
2024501468996,2024,501468996,217443,62436,-4.57191,50.43332,2,"[3, 2]",4,16:58,-1,E06000052,4,0,1,0,2,19,"[1, 5]","[5, 1]",0,0,0,1,0,0,0,0,0,7,17
2024501469037,2024,501469037,278381,93425,-3.72451,50.72768,3,3,4,15:30,-1,E07000045,6,0,1,0,2,4,3,7,10,7,2,1,0,0,0,0,0,7,17
2024501469205,2024,501469205,255465,56229,-4.03454,50.38814,3,3,5,07:45,-1,E06000026,4,0,1,0,1,"[15, 14]",-1,-1,0,0,0,1,0,1,0,0,0,7,18
2024501469246,2024,501469246,260925,55912,-3.95767,50.3866,3,3,5,06:45,-1,E07000044,6,0,1,0,2,"[9, 7]","[6, 1]","[3, 7]",0,0,0,1,1,0,0,0,0,7,18
2024501469276,2024,501469276,246769,54824,-4.15621,50.37331,3,3,4,11:14,-1,E06000026,6,0,1,0,1,"[7, 19, 4]","[2, 4]","[4, 8, 6]",0,"[7, 0]","[11, 0]",1,0,0,0,0,0,7,10
2024501469284,2024,501469284,288426,92634,-3.58201,50.72258,3,3,4,13:05,-1,E07000045,6,0,1,0,2,"[19, 7]","[7, 3]","[3, 7]",0,"[2, 0]",0,1,0,0,1,0,0,7,17
2024501469488,2024,501469488,159859,39505,-5.36684,50.20672,3,3,5,18:41,-1,E06000052,3,0,1,0,2,19,7,3,0,0,0,1,0,0,0,0,0,7,18
2024501469543,2024,501469543,172953,35892,-5.18148,50.17945,3,3,6,03:05,-1,E06000052,6,2,1,0,2,19,7,3,0,0,0,1,0,0,0,0,0,7,19
2024501469599,2024,501469599,315869,101044,-3.19526,50.80282,3,3,5,14:25,-1,E07000040,3,0,8,0,1,19,3,6,0,0,0,1,0,0,1,0,0,3,7
2024501469769,2024,501469769,269028,56233,-3.84386,50.39135,3,3,5,19:00,-1,E07000044,4,0,1,0,2,"[13, 99]",1,5,0,0,0,1,1,0,0,0,0,7,18
2024501469906,2024,501469906,290730,68574,-3.54229,50.50673,3,3,6,18:45,-1,E07000045,6,0,1,0,2,19,"[8, 4]","[4, 8]",0,0,0,1,0,0,0,0,0,7,19
2024501469936,2024,501469936,290442,91787,-3.55321,50.71535,2,2,6,18:26,-1,E07000041,6,0,1,0,1,"[2, 19]","[0, 4]","[0, 8]",0,"[0, 1]",0,1,0,0,0,0,1,7,19
2024501470025,2024,501470025,291478,55478,-3.52795,50.38914,3,3,4,20:55,-1,E06000027,3,2,1,0,2,19,"[2, 6]","[6, 4]",0,0,0,1,0,0,0,0,0,7,17
2024501470035,2024,501470035,287813,61383,-3.58125,50.44154,3,3,7,03:05,-1,E06000027,4,2,2,1,1,"[2, 19]","[0, 2]","[0, 6]","[0, 4]","[0, 1]",0,1,0,0,0,0,0,7,20
2024501470122,2024,501470122,249444,53827,-4.11822,50.36504,3,3,6,20:40,-1,E06000026,6,2,1,0,1,9,6,4,0,0,0,0,0,1,0,0,0,7,19