collision_index,collision_year,collision_ref_no,location_easting_osgr,location_northing_osgr,longitude,latitude,casualty_severity,casualty_severity,day_of_week,time,local_authority_district,local_authority_ons_district,first_road_class,light_conditions,weather_conditions,road_surface_conditions,urban_or_rural_area,vehicle_manoeuvre,vehicle_direction_from,vehicle_direction_to,hit_object_in_carriageway,vehicle_leaving_carriageway,hit_object_off_carriageway,is_car,is_cyle,is_mcyle,is_goodsv,is_other,is_pedestrian,month,day
2024501470402,2024,501470402,241836,85879,-4.23869,50.65106,3,3,6,15:26,-1,E07000047,6,0,1,0,2,13,2,6,0,0,0,1,0,0,0,0,0,7,19
2024501470423,2024,501470423,245459,70565,-4.18111,50.51442,3,3,1,14:25,-1,E07000047,4,0,1,0,2,"[9, 19]","[7, 4]","[4, 8]",0,0,0,1,0,0,0,0,0,7,21
2024501470437,2024,501470437,239834,62057,-4.25674,50.43645,3,3,1,12:07,-1,E06000052,3,0,1,0,2,"[19, 9]","[5, 7]","[1, 5]",0,0,0,1,0,0,0,0,0,7,21
2024501470525,2024,501470525,214379,63143,-4.61536,50.43871,3,3,1,17:20,-1,E06000052,3,0,1,0,2,"[19, 9, 4]",3,7,0,0,0,1,0,0,0,0,0,7,21
2024501470528,2024,501470528,288050,112405,-3.59337,50.90023,2,"[2, 3]",1,19:00,-1,E07000042,4,0,1,0,2,19,3,7,0,1,11,1,0,0,0,0,0,7,21
2024501470599,2024,501470599,295592,93907,-3.48089,50.73536,3,3,1,17:30,-1,E07000041,6,0,1,0,1,19,"[4, 8]","[8, 4]",0,0,0,0,1,0,0,0,0,7,7
2024501470602,2024,501470602,254537,132371,-4.07765,51.07218,3,3,3,17:09,-1,E07000043,3,0,1,0,1,"[19, 3]",3,7,0,0,0,1,0,0,1,0,0,3,5
2024501470625,2024,501470625,249512,59952,-4.11972,50.4201,2,"[3, 2]",4,13:46,-1,E06000026,3,0,1,0,1,19,"[2, 6]","[6, 2]",0,0,0,1,0,0,0,0,0,5,15
2024501470632,2024,501470632,152667,30676,-5.4617,50.1245,3,3,1,10:15,-1,E06000052,6,0,1,0,2,"[2, 19]","[0, 8]","[0, 4]","[0, 4]",0,0,1,0,0,0,0,0,4,14
2024501470649,2024,501470649,239736,59932,-4.25721,50.41733,3,3,3,17:20,-1,E06000052,3,0,1,1,2,"[4, 19]",3,1,0,0,0,1,0,0,0,1,0,4,16
2024501470659,2024,501470659,301010,95567,-3.40459,50.75123,2,2,4,19:30,-1,E07000040,6,0,1,0,2,19,"[3, 4]","[7, 2]",0,0,0,1,0,0,0,0,0,5,29
2024501470673,2024,501470673,227296,56334,-4.4305,50.38148,2,"[2, 3]",3,11:10,-1,E06000052,4,0,1,0,2,19,2,6,0,2,4,1,0,0,0,0,0,6,11
2024501470691,2024,501470691,177251,38127,-5.12268,50.20115,3,3,6,01:10,-1,E06000052,3,2,1,0,2,19,6,2,0,8,0,1,0,0,0,0,0,4,26
2024501470700,2024,501470700,270249,104880,-3.84372,50.82887,3,3,3,08:15,-1,E07000042,6,0,1,0,2,19,"[3, 7]","[7, 3]",0,"[7, 0]",0,1,0,0,0,0,0,7,2
2024501470737,2024,501470737,331084,96777,-2.97858,50.76647,3,3,2,12:05,-1,E07000040,3,0,1,0,2,7,8,2,0,1,7,1,0,0,0,0,0,7,22
2024501470825,2024,501470825,247381,59243,-4.14941,50.41318,2,2,7,14:20,-1,E06000026,6,0,1,0,1,"[19, 5]","[7, 3]","[3, 7]",0,0,0,1,1,0,0,0,0,6,29
2024501470862,2024,501470862,164406,39573,-5.30327,50.20916,2,2,1,20:32,-1,E06000052,4,0,2,1,1,"[19, 9]","[6, 8]","[2, 6]","[10, 0]",0,0,1,0,1,0,0,0,7,21
2024501470869,2024,501470869,164604,39996,-5.30076,50.21304,3,3,1,19:30,-1,E06000052,6,0,1,0,1,19,3,1,0,0,0,1,0,0,0,0,1,7,14
2024501470870,2024,501470870,182391,62270,-5.06469,50.41988,2,2,1,11:42,-1,E06000052,6,0,8,0,1,19,3,7,0,0,0,1,1,0,0,0,0,7,21
2024501470893,2024,501470893,200202,47013,-4.80619,50.28917,3,3,7,10:58,-1,E06000052,6,0,2,1,2,"[3, 19]",6,2,0,0,0,1,0,0,0,0,0,7,20
2024501470899,2024,501470899,90902,11578,-6.30812,49.92429,2,2,3,09:40,-1,E06000053,6,0,1,0,2,19,"[6, 2]","[2, 6]",0,0,0,0,0,0,1,1,0,7,16
2024501470905,2024,501470905,208007,64281,-4.70557,50.44688,3,3,2,19:32,-1,E06000052,4,0,1,0,2,19,3,7,0,1,4,1,0,0,0,0,0,7,1
2024501470929,2024,501470929,296649,78461,-3.4616,50.59669,3,3,2,14:50,-1,E07000045,3,0,1,0,1,19,"[4, 8]","[8, 4]",0,0,0,1,1,0,0,0,0,7,22
2024501470935,2024,501470935,288076,81167,-3.5835,50.61944,3,3,6,11:00,-1,E07000045,3,0,1,0,2,"[19, 5]","[1, 7]","[5, 3]",0,0,0,1,0,0,0,0,0,7,19
2024501470991,2024,501470991,291950,68554,-3.52509,50.50678,3,3,7,20:05,-1,E06000027,3,0,1,0,2,19,"[2, 6]","[6, 2]",0,0,0,1,0,0,0,0,0,6,29
2024501470995,2024,501470995,290744,64650,-3.54095,50.47146,3,3,2,16:20,-1,E06000027,6,0,1,0,1,"[19, 5]","[1, 8]",4,0,0,0,1,1,0,0,0,0,7,1
2024501471035,2024,501471035,296264,76702,-3.46655,50.58081,3,3,3,17:36,-1,E07000045,3,0,1,0,1,19,5,1,0,0,0,1,0,0,0,0,1,6,25
2024501471364,2024,501471364,154373,36170,-5.44142,50.17453,3,3,3,16:05,-1,E06000052,3,0,1,0,2,19,"[3, 7]","[7, 3]",0,0,0,1,0,1,0,0,0,7,23
2024501471372,2024,501471372,138647,23421,-5.65248,50.05338,3,3,3,16:46,-1,E06000052,4,0,1,0,2,19,"[3, 7]","[7, 3]",0,0,0,1,0,0,0,0,0,7,23
2024501471400,2024,501471400,256642,132276,-4.04759,51.07186,3,3,3,20:39,-1,E07000043,6,0,1,0,1,"[2, 19]","[0, 7]","[0, 3]","[0, 4]",0,0,1,0,0,0,0,0,7,23
2024501471403,2024,501471403,284308,60463,-3.63031,50.43259,2,2,3,19:17,-1,E07000044,3,0,1,0,2,19,4,8,"[0, 11]","[0, 1]","[0, 10]",1,0,1,0,0,0,7,23
2024501471414,2024,501471414,255382,56238,-4.03572,50.3882,3,3,1,18:41,-1,E06000026,4,0,1,0,1,19,5,8,0,0,0,0,0,1,0,0,0,7,21
2024501471415,2024,501471415,244704,58075,-4.18657,50.40198,3,3,1,12:00,-1,E06000026,6,0,8,0,1,"[7, 19]",4,"[6, 8]",0,0,0,1,1,0,0,0,0,6,30
2024501471452,2024,501471452,251246,59057,-4.09497,50.4125,3,3,2,15:00,-1,E06000026,6,0,1,0,1,"[11, 19]","[7, 5]",1,0,0,0,1,0,0,0,0,0,3,4
2024501471457,2024,501471457,329706,98561,-2.99846,50.78234,2,"[2, 3]",5,13:30,-1,E07000040,3,0,1,0,2,4,6,2,0,0,0,0,0,0,1,0,1,7,4
2024501471479,2024,501471479,329228,97334,-3.00501,50.77125,3,3,5,21:20,-1,E07000040,3,2,1,0,2,19,1,5,7,0,0,0,0,1,0,0,0,3,7
2024501471514,2024,501471514,286196,71131,-3.60699,50.52886,2,2,2,09:23,-1,E07000045,3,0,1,0,1,"[13, 9]","[7, 3]","[3, 1]",0,0,0,1,0,1,0,0,0,3,11
2024501471538,2024,501471538,288925,60782,-3.56542,50.43635,3,3,5,19:00,-1,E06000027,3,0,1,0,1,"[19, 10]","[1, 7]",5,0,0,0,1,0,0,0,0,0,4,18
2024501471571,2024,501471571,287794,58297,-3.5806,50.41379,3,3,3,12:04,-1,E06000027,6,0,1,0,2,"[12, 19]","[5, 1]","[1, 5]",0,0,0,1,0,0,0,0,0,6,25
2024501471641,2024,501471641,153484,35335,-5.4533,50.16667,3,3,4,10:55,-1,E06000052,3,0,1,0,2,"[4, 19]",5,1,0,0,0,1,0,0,0,0,0,7,24
2024501471720,2024,501471720,222755,69529,-4.50055,50.49868,3,3,4,07:30,-1,E06000052,6,0,2,1,2,19,"[2, 4]","[4, 2]",0,0,0,1,0,0,0,0,0,7,24
2024501471761,2024,501471761,225230,111177,-4.48539,50.8736,3,3,4,16:19,-1,E06000052,3,0,2,1,2,"[9, 19]","[3, 1]","[1, 5]",0,0,0,1,0,0,0,0,0,7,24
2024501471780,2024,501471780,290079,62599,-3.54971,50.4529,3,3,4,07:30,-1,E06000027,3,0,1,0,1,"[19, 9]","[6, 2]","[2, 6]",0,0,0,1,0,1,0,0,0,7,24
2024501471800,2024,501471800,251274,58632,-4.09441,50.40869,3,3,4,18:30,-1,E06000026,4,0,1,1,1,"[11, 19]","[-1, 1]","[-1, 5]","[99, 0]",0,0,1,0,0,0,0,0,7,24
2024501471825,2024,501471825,227818,105506,-4.44598,50.82343,3,3,7,22:51,-1,E06000052,3,2,1,0,2,19,7,3,"[0, 1]",0,0,1,0,0,0,0,0,7,13
2024501471852,2024,501471852,260219,55767,-3.96754,50.38513,3,3,4,17:00,-1,E07000044,3,0,2,1,2,"[3, 19]",2,7,"[0, 11]","[0, 1]","[0, 11]",1,0,0,0,0,0,7,24
2024501471866,2024,501471866,245014,98327,-4.199,50.76378,3,3,5,00:30,-1,E07000047,3,2,1,1,2,19,4,8,0,1,10,1,0,0,0,0,0,7,25
2024501471917,2024,501471917,256210,54999,-4.0236,50.37726,2,"[2, 3]",4,13:58,-1,E07000044,3,0,1,0,2,19,"[3, 7]","[7, 3]",0,0,0,1,0,0,1,0,0,5,29
2024501471931,2024,501471931,304763,89366,-3.3498,50.69612,3,3,5,07:20,-1,E07000040,4,0,1,1,2,19,"[5, 1]","[1, 5]",0,7,"[7, 9]",1,0,0,0,0,0,7,25
2024501471932,2024,501471932,249017,73747,-4.13226,50.54395,2,"[2, 3]",6,15:27,-1,E07000047,6,0,2,1,1,19,1,5,0,0,0,0,0,1,0,0,0,7,12
2024501472137,2024,501472137,251758,56611,-4.08681,50.39065,3,3,5,10:48,-1,E06000026,3,0,2,1,1,"[99, 5]",3,5,0,0,0,1,0,0,0,0,0,7,25
2024501472202,2024,501472202,248568,125825,-4.16005,51.01182,3,3,5,12:11,-1,E07000046,6,0,8,1,2,19,"[3, 7]","[7, 3]",0,"[0, 1]","[0, 10]",1,0,0,0,0,0,7,25
2024501472236,2024,501472236,250250,57964,-4.10854,50.40242,3,3,5,21:05,-1,E06000026,6,2,1,1,1,"[19, 9]","[8, 4]","[4, 3]",0,0,0,1,0,1,0,0,0,7,25
2024501472237,2024,501472237,201267,41596,-4.78842,50.24087,3,3,5,19:40,-1,E06000052,6,0,1,0,2,19,8,4,11,0,0,1,0,0,0,0,1,7,25
2024501472243,2024,501472243,198409,52945,-4.8345,50.34184,2,2,5,22:39,-1,E06000052,3,2,1,0,2,19,7,3,10,0,0,0,1,0,0,0,0,7,25
2024501472266,2024,501472266,271668,106061,-3.82399,50.8398,3,3,6,06:50,-1,E07000042,4,0,2,1,2,19,7,3,0,2,9,1,0,0,0,0,0,7,26
2024501472268,2024,501472268,169699,45851,-5.23302,50.26762,3,3,6,18:30,-1,E06000052,6,0,1,0,2,19,"[1, 5]","[5, 1]",0,0,0,1,0,0,0,0,0,7,12
2024501472272,2024,501472272,292862,93277,-3.51938,50.7292,3,3,5,12:12,-1,E07000041,4,0,1,0,1,19,2,6,0,"[0, 1]",0,1,1,0,0,0,0,6,6
2024501472295,2024,501472295,252727,61635,-4.07516,50.43604,3,3,5,16:00,-1,E07000044,6,0,1,0,2,"[19, 4]","[7, 3]","[3, 1]",0,0,0,1,0,0,0,0,0,7,4
2024501472428,2024,501472428,249010,55304,-4.12491,50.3782,3,3,6,13:20,-1,E06000026,6,0,2,1,1,"[4, 19]",2,6,0,0,0,1,0,0,0,0,0,7,26
2024501472457,2024,501472457,247758,55095,-4.14242,50.376,3,3,5,13:56,-1,E06000026,6,0,2,1,1,19,1,"[8, 3]",0,0,0,1,0,1,0,0,0,7,25
2024501472481,2024,501472481,302957,102968,-3.37895,50.8181,2,2,6,12:30,-1,E07000042,6,0,1,0,2,19,"[1, 4]","[4, 1]",0,0,0,1,0,0,1,0,0,7,26
2024501472503,2024,501472503,245309,126962,-4.20696,51.02116,3,3,5,17:00,-1,E07000046,3,0,1,0,1,9,1,8,0,0,0,1,0,0,0,0,1,7,25
2024501472581,2024,501472581,188632,63436,-4.97762,50.43263,2,"[3, 2]",5,21:02,-1,E06000052,3,0,1,0,2,19,"[7, 3]","[3, 7]",0,0,0,1,0,1,0,0,0,7,25
2024501472616,2024,501472616,288375,58275,-3.57242,50.4137,2,2,3,09:06,-1,E06000027,6,0,1,0,1,"[19, 9]","[5, 1]","[1, 7]",0,0,0,1,0,1,0,0,0,7,23
2024501472620,2024,501472620,191451,64076,-4.93833,50.43939,3,3,4,01:25,-1,E06000052,6,2,1,0,2,19,5,1,0,0,0,1,0,0,0,0,0,7,17
2024501472677,2024,501472677,229363,67893,-4.40672,50.48594,3,3,7,00:08,-1,E06000052,6,2,1,0,2,19,3,7,11,1,10,1,0,0,0,0,0,7,27
2024501472751,2024,501472751,327902,92116,-3.02278,50.72417,3,3,7,09:40,-1,E07000040,3,0,1,0,2,19,"[4, 8]","[8, 4]",0,0,0,1,0,1,0,0,0,7,27
2024501472760,2024,501472760,300871,87017,-3.40426,50.67435,3,3,7,11:00,-1,E07000040,4,0,1,0,2,"[9, 19]",-1,-1,0,0,0,1,1,0,0,0,0,7,27
2024501472766,2024,501472766,185108,67175,-5.02931,50.46493,3,3,6,18:10,-1,E06000052,6,0,1,0,2,19,8,4,0,0,0,1,0,0,0,0,1,7,26
2024501472915,2024,501472915,304188,103780,-3.3617,50.8256,3,3,7,23:35,-1,E07000040,6,2,1,0,2,19,1,3,0,0,0,1,0,0,0,0,0,7,27
2024501473019,2024,501473019,254592,55798,-4.04665,50.38405,3,3,1,10:22,-1,E06000026,6,0,1,0,1,19,"[5, 3]","[1, 7]",0,0,0,1,0,0,0,1,0,7,28
2024501473050,2024,501473050,287931,72930,-3.58306,50.54536,3,3,7,19:29,-1,E07000045,3,0,1,0,2,"[4, 3]",5,1,0,0,0,1,0,0,0,0,0,7,27
2024501473059,2024,501473059,248827,136491,-4.16082,51.10773,3,3,1,12:06,-1,E07000043,3,0,1,0,2,"[3, 19]",-1,-1,"[0, -1]","[0, -1]",0,1,0,0,0,0,0,7,28
2024501473111,2024,501473111,281207,113074,-3.69086,50.90488,2,2,6,12:22,-1,E07000042,6,0,1,0,2,19,"[8, 6]","[4, 2]",0,0,0,0,0,1,0,1,0,7,26
2024501473140,2024,501473140,172761,45005,-5.18962,50.26121,2,"[2, 3]",1,16:49,-1,E06000052,3,0,1,0,2,19,2,6,0,0,0,1,0,0,0,0,0,7,28
2024501473154,2024,501473154,251556,82705,-4.10003,50.6251,2,2,1,19:15,-1,E07000047,3,0,1,0,2,"[13, 19]","[1, 5]","[5, 1]",0,0,0,1,0,0,0,0,0,7,28
2024501473181,2024,501473181,302478,90462,-3.38243,50.70559,3,3,1,15:20,-1,E07000040,3,0,1,0,2,19,"[7, 3]","[3, 7]",0,"[0, 7]","[0, 10]",1,0,0,0,0,0,7,28
2024501473216,2024,501473216,251112,56353,-4.09579,50.38816,3,3,2,05:50,-1,E06000026,6,0,1,0,1,19,7,1,99,9,99,0,0,1,0,0,0,7,29
2024501473473,2024,501473473,294753,92954,-3.4925,50.72664,3,3,4,15:50,-1,E07000041,6,0,1,0,1,19,1,5,0,0,0,1,0,0,0,0,1,6,19
2024501473550,2024,501473550,180724,32027,-5.07058,50.14767,3,3,2,17:26,-1,E06000052,3,0,1,0,1,19,3,7,0,0,0,1,0,0,0,0,0,7,29
2024501473560,2024,501473560,247061,59821,-4.15414,50.41829,2,2,1,17:32,-1,E06000026,6,0,1,0,1,"[9, 19]","[3, 7]","[1, 3]",0,0,0,1,0,1,0,0,0,7,28
2024501473608,2024,501473608,303700,90612,-3.36517,50.70714,3,3,2,15:45,-1,E07000040,3,0,1,0,2,"[19, 4]",7,3,0,0,0,1,0,0,0,0,0,7,29
2024501473732,2024,501473732,291917,92566,-3.53256,50.72263,3,3,5,08:57,-1,E07000041,6,0,1,0,1,5,6,2,0,0,0,0,0,0,1,0,1,6,27
2024501473912,2024,501473912,295156,81682,-3.4836,50.62538,3,3,3,07:50,-1,E07000045,6,0,1,0,2,13,1,5,12,0,0,0,0,1,0,0,0,7,30
2024501474013,2024,501474013,223434,52583,-4.48301,50.34663,3,3,2,16:40,-1,E06000052,6,0,1,0,2,"[19, 4]","[6, 2]","[2, 6]",0,"[1, 0]",0,1,0,0,0,0,0,7,29
2024501474014,2024,501474014,288711,65971,-3.56998,50.48295,3,3,3,07:52,-1,E06000027,6,0,1,0,1,5,6,2,0,0,0,1,0,0,0,0,1,7,16
2024501474022,2024,501474022,255915,133322,-4.05838,51.08108,3,3,3,18:05,-1,E07000043,6,0,1,0,1,7,1,3,0,0,0,1,0,0,0,0,1,7,30
2024501474051,2024,501474051,158858,28953,-5.37416,50.11158,1,1,3,17:50,-1,E06000052,3,0,1,0,2,19,"[5, 3]","[1, 7]","[0, 11]",0,0,0,0,1,0,1,0,7,30
2024501474232,2024,501474232,248196,55147,-4.13629,50.37658,3,3,4,23:45,-1,E06000026,4,2,1,0,1,"[9, 19]","[6, 2]","[3, 6]",0,0,0,1,0,1,0,0,0,7,3
2024501474434,2024,501474434,293936,88688,-3.50285,50.68814,3,3,2,09:15,-1,E07000045,3,0,1,0,2,"[19, 99]","[4, -1]","[8, -1]",0,0,0,1,1,0,0,0,0,7,29
2024501474448,2024,501474448,293082,93849,-3.51643,50.73438,3,3,4,15:21,-1,E07000041,6,0,1,0,1,19,"[5, 3]","[1, 7]",0,0,0,1,1,0,0,0,0,7,31
2024501474505,2024,501474505,247174,57426,-4.15158,50.3968,3,3,4,18:05,-1,E06000026,6,0,1,0,1,1,0,0,0,0,0,1,0,0,0,0,1,7,31
2024501474536,2024,501474536,332036,93189,-2.96442,50.73432,3,3,4,23:31,-1,E07000040,6,2,1,0,2,19,6,2,0,0,0,1,0,0,0,0,0,7,31
2024501474557,2024,501474557,166322,41283,-5.27751,50.22527,3,3,3,21:32,-1,E06000052,3,2,1,0,1,19,3,7,0,0,0,1,0,0,0,0,0,7,30
2024501474753,2024,501474753,260226,55673,-3.96741,50.38429,3,3,5,12:20,-1,E07000044,3,0,1,0,2,19,3,7,0,0,0,1,0,0,0,0,0,8,1
2024501474791,2024,501474791,281777,77005,-3.67117,50.58078,3,3,3,16:39,-1,E07000045,3,0,1,0,2,"[8, 3, 19]",4,8,0,0,0,1,0,0,0,0,0,7,9
2024501474802,2024,501474802,137006,30341,-5.68011,50.11476,2,2,4,19:59,-1,E06000052,4,0,1,0,2,"[19, 12]","[1, 3]","[7, 1]",0,0,0,1,0,0,0,0,0,7,31
2024501474811,2024,501474811,210008,85544,-4.68826,50.63854,3,3,4,21:40,-1,E06000052,4,2,1,0,2,"[5, 19]","[8, 5]",1,0,0,0,1,0,0,0,0,0,7,31
2024501474850,2024,501474850,292073,92337,-3.53028,50.7206,2,2,5,15:20,-1,E07000041,6,0,1,0,1,19,5,1,0,0,0,1,0,0,0,0,1,8,1
2024501474876,2024,501474876,273805,86933,-3.7871,50.66835,3,3,4,22:22,-1,E07000045,3,2,1,0,2,19,4,8,0,2,3,1,0,0,0,0,0,7,31
2024501474887,2024,501474887,177289,43521,-5.12532,50.24961,3,3,6,09:05,-1,E06000052,6,0,1,0,2,19,"[5, 8]","[1, 5]",0,"[1, 0]","[11, 0]",1,0,0,0,0,0,7,19
2024501474893,2024,501474893,181259,46431,-5.0714,50.27722,3,3,7,12:22,-1,E06000052,4,0,2,1,2,"[19, 9]",4,"[8, 2]",0,0,0,1,0,0,0,0,0,7,20
2024501474894,2024,501474894,294716,116272,-3.49973,50.93625,2,"[3, 2]",5,16:27,-1,E07000042,3,0,1,0,2,19,"[5, 1]","[1, 5]",0,"[1, 0]",0,1,0,0,0,0,0,8,1
2024501474902,2024,501474902,246348,58567,-4.16366,50.40683,3,3,5,17:35,-1,E06000026,3,0,1,0,2,"[19, 3]",4,6,0,0,0,1,0,0,0,0,0,8,1
2024501474930,2024,501474930,202306,51945,-4.77928,50.33418,3,3,5,21:30,-1,E06000052,3,2,1,0,1,15,3,7,0,0,0,0,0,1,0,0,0,8,1
2024501474949,2024,501474949,136997,30359,-5.68025,50.11492,2,2,5,21:47,-1,E06000052,4,2,1,0,2,19,5,2,0,1,11,1,0,0,0,0,0,8,1
2024501475150,2024,501475150,224062,60131,-4.47772,50.41463,3,3,7,08:08,-1,E06000052,4,0,1,0,2,1,1,5,0,7,11,1,0,0,0,0,0,7,13
2024501475209,2024,501475209,288893,60859,-3.5659,50.43703,3,3,6,12:02,-1,E06000027,3,0,1,0,1,1,6,6,0,0,0,1,0,0,0,0,1,8,2
2024501475284,2024,501475284,236151,60235,-4.30777,50.41907,3,3,6,16:32,-1,E06000052,3,0,1,0,2,19,3,7,0,0,0,1,0,0,0,0,0,8,2
2024501475311,2024,501475311,224570,69269,-4.47486,50.49689,2,2,6,08:40,-1,E06000052,6,0,1,0,2,"[7, 19]","[3, 2]","[7, 6]",0,0,0,1,1,0,0,0,0,8,2
2024501475320,2024,501475320,166250,41824,-5.27885,50.2301,3,3,6,14:30,-1,E06000052,3,0,1,0,2,19,3,7,0,0,0,1,0,0,0,0,1,8,2
2024501475354,2024,501475354,293811,63851,-3.49752,50.46484,3,3,3,01:37,-1,E06000027,6,2,2,1,1,"[19, 2]","[1, 0]","[5, 0]","[4, 0]","[0, 1]",0,1,0,0,0,0,0,7,9
2024501475361,2024,501475361,290596,92458,-3.55123,50.72142,3,3,3,12:32,-1,E07000041,6,0,1,0,1,"[2, 5]","[0, 5]","[0, 1]","[0, 4]",0,0,1,0,0,0,0,0,7,23
2024501475382,2024,501475382,246531,54551,-4.15944,50.37079,2,2,5,16:48,-1,E06000026,6,0,1,0,1,"[9, 19]","[3, 7]","[1, 3]",0,0,0,1,1,0,0,0,0,8,1
2024501475397,2024,501475397,244269,107466,-4.21344,50.8457,3,3,7,01:00,-1,E07000046,6,2,2,1,2,19,1,5,0,0,0,1,0,0,0,0,0,8,3
2024501475486,2024,501475486,181443,61492,-5.07756,50.41254,2,2,3,10:30,-1,E06000052,6,0,1,0,1,1,6,8,0,0,0,1,0,0,0,0,1,7,30
2024501475538,2024,501475538,160418,34364,-5.35578,50.16079,3,3,7,12:55,-1,E06000052,4,0,1,0,2,"[3, 15]",4,8,0,0,0,1,0,1,0,0,0,8,3
2024501475601,2024,501475601,257688,147231,-4.03859,51.20651,2,2,7,19:08,-1,E07000043,3,0,1,0,2,14,4,8,0,0,0,1,0,0,0,0,1,8,3
2024501475783,2024,501475783,323003,108771,-3.09567,50.87329,3,3,3,23:00,-1,E07000040,3,2,1,0,2,19,6,2,12,0,0,1,0,0,0,0,0,7,30
2024501475801,2024,501475801,180204,55535,-5.09149,50.35859,2,2,1,14:00,-1,E06000052,3,0,1,0,2,"[19, 9]","[1, 4]","[5, 8]",0,"[0, 3]",0,1,0,1,0,0,0,8,4
2024501475814,2024,501475814,167395,39911,-5.26165,50.21338,2,"[2, 3]",7,19:31,-1,E06000052,6,0,1,0,2,"[4, 19]","[1, 5]","[5, 8]",0,0,0,1,0,0,0,0,0,8,3
2024501475821,2024,501475821,221862,106417,-4.5309,50.82981,2,2,7,17:07,-1,E06000052,6,0,1,0,2,"[19, 1]","[6, 2]","[2, 6]",0,0,0,1,0,0,0,0,1,8,3
2024501475868,2024,501475868,303638,90592,-3.36604,50.70695,3,3,6,09:45,-1,E07000040,3,0,1,0,2,19,"[3, 7]","[7, 3]",0,0,0,1,0,0,0,0,0,8,2
2024501475887,2024,501475887,291524,86903,-3.53646,50.67165,2,2,1,17:55,-1,E07000045,6,0,1,0,2,19,1,5,0,2,1,0,0,1,0,0,0,8,4
2024501475890,2024,501475890,290152,65725,-3.5496,50.48101,2,"[3, 2]",4,15:00,-1,E06000027,3,0,1,0,1,"[19, 10]","[8, 3]","[5, 8]",0,0,0,1,0,1,0,0,0,7,24
2024501475904,2024,501475904,300357,82261,-3.41025,50.6315,3,3,1,23:33,-1,E07000040,3,2,8,0,1,"[9, 4]",5,1,0,0,0,0,0,1,0,0,0,8,4
2024501475936,2024,501475936,189545,56743,-4.96103,50.37285,3,3,2,06:20,-1,E06000052,3,0,1,1,2,19,7,3,0,5,6,1,0,0,0,0,0,8,5
2024501475975,2024,501475975,272612,62119,-3.79547,50.44505,3,3,2,07:40,-1,E07000044,3,2,2,1,2,19,7,2,0,1,9,1,0,0,0,0,0,8,5
2024501476094,2024,501476094,288912,60805,-3.56561,50.43655,3,3,2,11:05,-1,E06000027,3,0,1,0,1,5,6,3,0,0,0,1,0,0,0,0,1,8,5
2024501476189,2024,501476189,203994,80871,-4.77074,50.59457,3,3,2,11:20,-1,E06000052,4,0,1,0,2,"[19, 5]","[2, 4]","[6, 8]",0,0,0,1,0,0,0,0,0,8,5
2024501476208,2024,501476208,220394,101953,-4.54953,50.78925,3,3,2,10:10,-1,E06000052,6,0,8,0,2,19,"[8, 4]","[4, 8]",0,"[7, 0]",0,1,0,0,0,0,0,8,5
2024501476275,2024,501476275,166231,43296,-5.28003,50.24331,2,2,2,18:50,-1,E06000052,6,0,1,0,2,"[19, 5]","[4, 2]","[8, 6]",0,"[1, 0]",0,1,0,1,0,0,0,8,5
2024501476551,2024,501476551,255837,131437,-4.05874,51.06412,3,3,3,08:22,-1,E07000043,3,0,1,1,2,"[3, 5]",3,7,99,0,0,1,0,0,0,0,0,8,6
2024501476563,2024,501476563,296520,77086,-3.46304,50.58431,3,3,2,08:30,-1,E07000045,6,0,1,0,1,19,8,4,0,0,0,1,0,0,0,0,1,7,1
2024501476566,2024,501476566,221686,102788,-4.53163,50.79715,3,3,1,14:21,-1,E06000052,3,0,1,0,2,"[19, 4]",5,1,0,0,0,1,0,0,0,0,0,8,4
2024501476603,2024,501476603,205091,62421,-4.74562,50.42921,3,3,2,17:28,-1,E06000052,6,0,8,0,2,19,-1,-1,"[0, 99]",0,0,1,0,0,0,0,0,8,5
2024501476625,2024,501476625,203770,51773,-4.75864,50.33312,3,3,5,20:06,-1,E06000052,6,0,1,0,1,19,4,8,0,0,0,1,0,0,0,0,1,7,25
2024501476690,2024,501476690,207933,56448,-4.7026,50.37649,2,"[2, 3]",3,17:10,-1,E06000052,3,0,1,0,2,19,"[1, 5]","[5, 1]",0,0,0,1,0,0,0,0,0,8,6
2024501476760,2024,501476760,295250,112345,-3.49101,50.90105,1,1,5,08:25,-1,E07000042,3,0,1,0,1,19,1,5,0,0,0,1,0,0,0,0,1,7,4
2024501476818,2024,501476818,171133,40358,-5.20962,50.21885,3,3,4,07:45,-1,E06000052,3,0,1,0,2,"[19, 9]","[8, 2]","[4, 8]",0,"[8, 0]",0,1,0,1,0,0,0,8,7
2024501476888,2024,501476888,248116,57366,-4.13831,50.3965,3,3,4,11:57,-1,E06000026,6,0,1,0,1,19,"[7, 1]","[3, 5]",0,0,0,1,0,0,0,0,0,8,7
2024501476902,2024,501476902,245993,127436,-4.19741,51.02561,2,2,1,04:40,-1,E07000043,4,0,7,0,2,19,1,5,0,1,10,1,0,0,0,0,0,7,28
2024501476982,2024,501476982,218189,63450,-4.56191,50.44266,2,2,4,14:31,-1,E06000052,3,0,1,0,2,4,7,3,0,0,0,0,0,1,0,0,0,8,7
2024501477000,2024,501477000,256174,133341,-4.05469,51.08131,3,3,3,10:30,-1,E07000043,3,0,1,0,1,19,5,1,0,0,0,1,1,0,0,0,0,8,6
2024501477025,2024,501477025,271285,89375,-3.82359,50.68974,1,1,1,11:55,-1,E07000047,3,0,1,0,2,"[5, 19]","[8, 4]","[4, 8]",0,0,0,1,1,0,0,0,0,8,4