collision_index,collision_year,collision_ref_no,location_easting_osgr,location_northing_osgr,longitude,latitude,casualty_severity,casualty_severity,day_of_week,time,local_authority_district,local_authority_ons_district,first_road_class,light_conditions,weather_conditions,road_surface_conditions,urban_or_rural_area,vehicle_manoeuvre,vehicle_direction_from,vehicle_direction_to,hit_object_in_carriageway,vehicle_leaving_carriageway,hit_object_off_carriageway,is_car,is_cyle,is_mcyle,is_goodsv,is_other,is_pedestrian,month,day
2024501485032,2024,501485032,151813,40551,-5.48006,50.21279,3,3,5,16:55,-1,E06000052,6,0,1,0,2,19,7,3,0,0,0,1,0,0,0,0,1,8,22
2024501485052,2024,501485052,299069,113167,-3.43694,50.90912,3,3,4,08:09,-1,E07000042,6,0,1,0,2,"[19, 10]",7,3,0,"[0, 7]","[0, 9]",1,0,0,0,0,0,8,7
2024501485059,2024,501485059,177138,36682,-5.12342,50.18813,3,3,6,18:38,-1,E06000052,3,0,1,0,2,19,"[7, 3]","[3, 7]",0,0,0,1,0,0,0,0,0,8,2
2024501485077,2024,501485077,170818,29373,-5.20741,50.12009,3,3,6,18:50,-1,E06000052,6,0,1,0,2,"[19, 4]","[5, 1]","[1, 5]","[11, 0]",0,0,1,0,0,1,0,0,8,9
2024501485099,2024,501485099,233319,83357,-4.35793,50.62603,3,3,5,14:55,-1,E06000052,6,0,1,0,2,"[4, 19]",3,7,0,0,0,1,0,0,0,0,0,8,29
2024501485139,2024,501485139,153056,34975,-5.45905,50.16326,3,3,1,17:00,-1,E06000052,3,0,1,0,2,19,5,1,"[0, 7]","[1, 0]",0,0,0,1,0,0,0,8,18
2024501485173,2024,501485173,271584,125911,-3.83218,51.01819,3,3,5,17:30,-1,E07000043,4,0,1,0,2,"[19, 6, 7]","[3, 7, 5]",7,0,0,0,1,0,0,0,0,0,8,29
2024501485175,2024,501485175,246585,58190,-4.16017,50.40351,3,3,5,18:10,-1,E06000026,6,0,1,0,1,"[2, 19]","[3, 7]","[7, 3]",0,"[0, 1]",0,1,0,1,0,0,0,8,29
2024501485202,2024,501485202,300295,83270,-3.4114,50.64056,2,2,4,13:50,-1,E07000040,3,0,1,0,1,"[4, 19]","[5, 1]","[1, 5]",0,"[0, 6]","[0, 2]",1,0,0,0,0,0,8,7
2024501485289,2024,501485289,198938,61790,-4.83181,50.42147,3,3,6,06:24,-1,E06000052,4,0,1,0,2,"[15, 11]",6,3,0,"[1, 0]",0,0,0,0,1,0,0,8,30
2024501485290,2024,501485290,251911,51703,-4.08272,50.34657,3,3,7,09:01,-1,E06000026,6,0,1,0,2,19,"[7, 3]","[3, 7]",0,"[1, 0]",0,1,0,0,0,0,0,7,27
2024501485498,2024,501485498,151941,40333,-5.47813,50.21089,3,3,6,13:38,-1,E06000052,6,0,8,0,2,19,1,5,0,0,0,1,0,0,0,0,1,8,30
2024501485502,2024,501485502,247517,57132,-4.14664,50.39424,3,3,5,15:18,-1,E06000026,3,0,1,0,1,"[3, 5]",6,2,0,0,0,1,0,0,0,0,0,8,29
2024501485511,2024,501485511,296891,93291,-3.46232,50.73006,3,3,6,15:00,-1,E07000040,1,0,1,0,2,4,1,5,0,"[0, 4]",0,1,0,0,0,0,0,8,30
2024501485564,2024,501485564,302124,105322,-3.3914,50.83912,3,3,6,19:30,-1,E07000042,4,0,1,0,2,19,2,6,0,7,4,1,0,0,0,0,0,8,30
2024501485574,2024,501485574,195462,57551,-4.87837,50.3822,3,3,5,12:35,-1,E06000052,6,0,1,0,2,"[9, 19]","[8, 4]","[6, 8]",0,0,0,1,0,0,0,0,0,8,29
2024501485602,2024,501485602,292521,65297,-3.5161,50.47761,3,3,6,22:07,-1,E06000027,6,2,1,0,1,19,2,6,0,7,11,1,0,0,0,0,0,8,30
2024501485607,2024,501485607,247158,56761,-4.15153,50.39081,2,2,6,21:10,-1,E06000026,3,2,1,0,1,19,2,6,11,1,4,1,0,0,0,0,0,8,30
2024501485610,2024,501485610,196101,48041,-4.86425,50.297,2,2,6,10:00,-1,E06000052,4,0,1,0,2,"[4, 1]","[5, 1]","[1, 5]",0,0,0,1,0,1,0,0,0,8,9
2024501485611,2024,501485611,182632,44732,-5.05118,50.26247,3,3,6,22:30,-1,E06000052,6,2,1,0,1,"[19, 7]","[6, 3]","[2, 6]",0,0,0,1,0,0,1,0,0,8,30
2024501485622,2024,501485622,247686,55020,-4.1434,50.37531,3,3,6,21:30,-1,E06000026,3,2,1,0,1,19,6,1,0,1,7,0,0,1,0,0,0,8,30
2024501485672,2024,501485672,169171,42579,-5.23843,50.23803,3,3,7,07:00,-1,E06000052,4,2,1,0,1,19,5,1,11,0,0,1,0,0,0,0,0,8,31
2024501485740,2024,501485740,240445,87706,-4.25914,50.6671,2,"[3, 2]",7,11:00,-1,E07000047,3,0,1,0,2,"[12, 19]",7,3,0,"[0, 1]","[0, 10]",1,0,0,0,0,0,8,31
2024501485746,2024,501485746,205858,72598,-4.74012,50.52088,2,"[3, 2]",7,10:09,-1,E06000052,4,0,1,0,2,19,"[5, 1]","[1, 5]",0,"[0, 1]","[0, 11]",1,0,0,0,0,0,8,31
2024501485788,2024,501485788,182202,62015,-5.0672,50.41752,3,3,6,08:25,-1,E06000052,6,0,1,0,1,"[19, 5]","[7, 3]","[3, 7]",0,0,0,1,1,0,0,0,0,8,23
2024501485804,2024,501485804,293015,93319,-3.51723,50.72961,3,3,3,08:03,-1,E07000041,4,0,1,0,1,19,6,2,0,0,0,1,0,0,0,0,1,8,13
2024501485856,2024,501485856,279026,42803,-3.69897,50.27277,2,2,5,11:27,-1,E07000044,3,0,1,0,2,"[5, 14, 2]","[1, 0]","[5, 0]","[0, 4]","[3, 0]",0,1,0,0,0,0,0,8,29
2024501485898,2024,501485898,245136,119135,-4.20608,50.95079,3,3,7,17:25,-1,E07000046,3,0,1,0,2,"[13, 19]","[2, 6]","[4, 8]","[11, 0]","[7, 1, 0]","[11, 0]",1,0,0,1,0,0,8,31
2024501485943,2024,501485943,245828,58955,-4.17113,50.41018,3,3,6,17:00,-1,E06000026,3,0,2,1,2,19,4,8,0,0,0,1,0,0,1,0,0,7,5
2024501486014,2024,501486014,291277,82226,-3.53858,50.62956,3,3,1,10:07,-1,E07000045,6,0,2,1,2,19,1,5,0,0,0,0,0,1,0,0,0,9,1
2024501486031,2024,501486031,272678,52812,-3.79138,50.3614,2,"[3, 2]",1,10:45,-1,E07000044,6,0,1,1,2,4,2,7,0,8,10,1,0,0,0,0,0,9,1
2024501486053,2024,501486053,200430,53242,-4.80629,50.3452,3,3,1,14:30,-1,E06000052,6,0,1,0,2,"[4, 19]",-1,-1,0,0,0,1,1,0,0,0,0,9,1
2024501486055,2024,501486055,301001,83684,-3.40153,50.6444,3,3,1,10:03,-1,E07000040,6,0,2,1,1,"[9, 19]","[4, 2]","[2, 5]",0,0,0,1,0,1,0,0,0,9,1
2024501486067,2024,501486067,156428,37843,-5.41376,50.1904,3,3,1,16:00,-1,E06000052,4,0,1,0,2,"[7, 19]","[5, 3]",7,0,0,0,1,0,1,0,0,0,9,1
2024501486105,2024,501486105,203190,61343,-4.77179,50.4189,3,3,1,16:46,-1,E06000052,3,0,1,0,2,"[9, 19]","[8, 2]",6,0,"[0, 1]",0,1,0,0,0,0,0,9,1
2024501486162,2024,501486162,288417,92632,-3.58214,50.72256,3,3,1,18:04,-1,E07000045,6,0,2,1,2,19,4,7,0,1,3,1,0,0,0,0,0,9,1
2024501486173,2024,501486173,238905,53200,-4.26601,50.35661,3,3,1,21:30,-1,E06000052,4,2,7,0,2,19,4,1,0,1,0,0,0,1,0,0,0,9,1
2024501486193,2024,501486193,295156,113204,-3.49259,50.90875,3,3,3,11:40,-1,E07000042,3,0,1,0,1,5,2,6,0,0,0,1,1,0,0,0,0,8,13
2024501486244,2024,501486244,291487,64855,-3.53054,50.47344,3,3,2,09:18,-1,E06000027,6,0,2,1,1,7,3,6,0,0,0,0,0,1,0,0,0,9,2
2024501486263,2024,501486263,302912,81177,-3.37385,50.62219,3,3,6,13:00,-1,E07000040,6,0,8,0,1,19,"[8, 4]","[4, 8]",0,0,0,1,0,0,0,0,0,8,30
2024501486285,2024,501486285,161752,28285,-5.33333,50.10675,3,3,1,13:42,-1,E06000052,3,0,1,0,2,19,7,3,0,0,0,1,0,0,0,0,0,9,1
2024501486468,2024,501486468,307462,85253,-3.31057,50.65957,3,3,2,09:32,-1,E07000040,6,0,2,1,2,"[19, 4]",3,7,0,0,0,1,0,0,0,0,0,9,2
2024501486506,2024,501486506,282715,98969,-3.6649,50.7784,3,3,2,16:05,-1,E07000042,6,0,2,1,2,19,"[5, 1]","[1, 5]",0,0,0,1,0,0,0,0,0,9,2
2024501486605,2024,501486605,286040,72159,-3.6095,50.53807,3,3,3,03:42,-1,E07000045,6,2,3,0,2,"[19, 1]","[2, 6]","[6, 2]",0,0,0,1,0,0,0,0,0,9,3
2024501486621,2024,501486621,276396,123062,-3.76264,50.99364,2,2,3,07:29,-1,E07000043,6,0,1,1,2,4,"[5, 1]","[1, 5]",0,0,0,1,1,0,0,0,0,9,3
2024501486639,2024,501486639,248305,56005,-4.1351,50.38432,3,3,1,04:05,-1,E06000026,6,2,1,0,1,19,4,8,0,0,0,1,0,0,0,0,1,8,11
2024501486766,2024,501486766,291892,91801,-3.53269,50.71575,2,2,7,19:20,-1,E07000041,6,0,1,0,1,19,"[4, 2]","[2, 6]",0,0,0,1,1,0,0,0,0,7,20
2024501486774,2024,501486774,273338,59347,-3.78431,50.42029,3,3,2,14:30,-1,E07000044,6,0,1,0,2,19,"[7, 1]","[3, 5]",0,0,0,1,0,0,0,0,0,6,24
2024501486887,2024,501486887,191560,48585,-4.92822,50.3003,3,3,3,11:16,-1,E06000052,3,0,1,0,2,4,6,2,0,1,0,0,0,1,0,0,0,9,3
2024501486989,2024,501486989,210809,52599,-4.66027,50.34285,2,2,3,16:15,-1,E06000052,4,0,1,0,2,"[19, 9]","[1, 3]","[5, 1]",0,0,0,1,0,1,0,0,0,9,3
2024501487003,2024,501487003,292175,85678,-3.52689,50.66076,2,2,6,18:41,-1,E07000045,6,0,1,0,2,19,5,1,0,0,0,0,0,1,0,0,0,8,23
2024501487053,2024,501487053,278300,54476,-3.71292,50.37755,2,2,3,16:17,-1,E07000044,3,0,1,0,2,"[13, 9]",5,1,0,0,0,1,0,1,0,0,0,6,18
2024501487097,2024,501487097,251989,147432,-4.12019,51.20687,3,3,4,08:25,-1,E07000043,6,0,1,0,1,19,7,3,0,0,0,1,0,0,0,0,1,9,4
2024501487164,2024,501487164,248574,54500,-4.13072,50.37086,3,3,4,09:45,-1,E06000026,6,0,1,0,1,"[9, 19]","[7, 3]","[5, 7]",0,0,0,1,1,0,0,0,0,9,4
2024501487258,2024,501487258,176434,43774,-5.13744,50.25155,3,3,4,12:42,-1,E06000052,6,0,1,0,2,"[3, 4]",6,"[2, 8]",0,0,0,1,0,1,0,0,0,9,4
2024501487294,2024,501487294,292595,92798,-3.52302,50.72485,3,3,4,16:35,-1,E07000041,4,0,1,0,1,19,2,6,0,0,0,1,0,0,0,0,1,9,4
2024501487295,2024,501487295,295541,88846,-3.48018,50.68986,3,3,1,13:00,-1,E07000041,1,0,1,0,2,"[19, 4]",5,1,0,0,0,1,0,0,0,0,0,9,1
2024501487304,2024,501487304,203979,56498,-4.75817,50.37564,3,3,4,08:45,-1,E06000052,6,0,1,0,2,"[3, 19]",8,4,0,0,0,1,0,0,0,0,0,8,7
2024501487355,2024,501487355,264178,125013,-3.93737,51.00842,3,3,3,19:37,-1,E07000043,4,2,1,1,2,19,7,3,0,2,10,1,0,0,0,0,0,9,3
2024501487358,2024,501487358,253672,54981,-4.05926,50.37648,3,3,4,16:04,-1,E06000026,3,0,1,0,2,19,3,7,0,0,0,1,0,0,0,0,0,9,4
2024501487361,2024,501487361,236661,122817,-4.32829,50.98153,3,3,4,17:55,-1,E07000046,3,0,1,0,2,4,7,3,0,0,0,1,0,0,0,0,0,9,4
2024501487378,2024,501487378,180570,44833,-5.08013,50.26262,3,3,2,09:45,-1,E06000052,3,0,1,0,1,"[9, 19]","[5, 3]","[1, 7]",0,0,0,1,0,1,0,0,0,7,1
2024501487380,2024,501487380,204102,79120,-4.7683,50.57888,2,2,6,11:12,-1,E06000052,6,0,1,0,2,19,"[3, 1]","[7, 5]",0,0,0,1,0,1,0,0,0,8,9
2024501487391,2024,501487391,217181,63394,-4.57606,50.44185,3,3,1,18:45,-1,E06000052,3,0,1,0,2,19,"[7, 5]","[3, 1]",0,"[2, 0]","[4, 0]",1,0,0,0,0,0,9,1
2024501487395,2024,501487395,202091,62946,-4.78809,50.43292,3,3,5,03:45,-1,E06000052,6,2,1,0,2,19,7,3,0,1,3,1,0,0,0,0,0,9,5
2024501487477,2024,501487477,247343,54430,-4.14798,50.36991,3,3,5,08:33,-1,E06000026,6,0,1,0,1,"[13, 19]",7,3,0,0,0,0,1,0,1,0,1,9,5
2024501487555,2024,501487555,285710,76125,-3.61537,50.57365,3,3,5,08:45,-1,E07000045,4,0,2,1,2,"[19, 10]",3,7,0,0,0,1,0,0,0,0,0,9,5
2024501487642,2024,501487642,296925,93104,-3.46178,50.72838,3,3,5,12:55,-1,E07000040,1,0,2,1,2,19,1,5,0,0,0,1,0,1,0,0,0,9,5
2024501487657,2024,501487657,291756,63761,-3.52644,50.46366,3,3,5,13:35,-1,E06000027,6,0,2,1,1,19,5,1,0,0,0,1,0,0,0,0,1,9,5
2024501487658,2024,501487658,250078,60851,-4.11212,50.42832,3,3,5,07:45,-1,E06000026,3,0,1,0,1,19,1,3,"[0, 4]",0,0,1,0,0,0,0,0,9,5
2024501487708,2024,501487708,300589,82082,-3.40692,50.62993,3,3,5,15:50,-1,E07000040,6,0,2,1,1,9,1,6,10,1,11,1,0,0,0,0,0,9,5
2024501487756,2024,501487756,281259,93660,-3.68383,50.73039,3,3,2,13:25,-1,E07000045,3,0,1,0,2,"[19, 11]",3,7,0,0,0,1,0,0,0,0,0,8,19
2024501487969,2024,501487969,248254,54676,-4.13528,50.37236,3,3,5,13:10,-1,E06000026,6,0,5,1,1,19,3,7,0,0,0,1,0,0,0,0,1,9,5
2024501488070,2024,501488070,262405,113054,-3.9581,50.90052,3,3,6,12:05,-1,E07000046,6,0,2,1,2,"[19, 5]","[3, 7]","[7, 3]",0,0,0,1,0,0,1,0,0,9,6
2024501488081,2024,501488081,200399,76318,-4.81903,50.55246,3,3,6,13:50,-1,E06000052,6,0,1,1,2,19,"[4, 8]","[8, 4]",0,0,0,1,0,0,0,0,0,9,6
2024501488135,2024,501488135,256218,133323,-4.05406,51.08116,3,3,6,15:45,-1,E07000043,6,0,2,1,1,7,1,3,0,0,0,1,0,0,0,0,1,9,6
2024501488181,2024,501488181,166663,26936,-5.26395,50.09659,3,3,6,17:00,-1,E06000052,3,0,1,0,2,"[9, 19]","[1, 5]","[7, 1]",0,0,0,1,0,0,0,0,0,9,6
2024501488186,2024,501488186,303107,86698,-3.37254,50.67186,3,3,6,16:55,-1,E07000040,4,0,1,1,2,19,1,5,0,8,0,1,0,0,0,0,0,9,6
2024501488198,2024,501488198,157593,38519,-5.3979,50.19695,3,3,6,17:24,-1,E06000052,3,0,1,0,2,5,2,6,0,0,0,1,0,0,0,0,0,9,6
2024501488202,2024,501488202,247259,56884,-4.15016,50.39195,3,3,5,16:57,-1,E06000026,3,0,2,1,1,"[6, 14]",5,1,0,0,0,1,0,1,0,0,0,9,5
2024501488208,2024,501488208,180515,32105,-5.07354,50.14829,3,3,5,15:57,-1,E06000052,3,0,2,1,1,"[9, 3]","[8, 4]","[6, 8]",0,0,0,1,0,0,0,0,0,9,5
2024501488209,2024,501488209,250456,61585,-4.10709,50.43502,3,3,6,17:15,-1,E06000026,6,0,1,0,1,9,7,3,0,0,0,0,0,1,0,0,0,9,6
2024501488270,2024,501488270,298175,88739,-3.44287,50.68936,3,3,6,23:25,-1,E07000040,3,2,1,0,2,19,"[1, 3]",5,0,"[0, 2]","[0, 1]",1,0,0,0,0,0,9,6
2024501488277,2024,501488277,267051,56967,-3.87192,50.39751,2,2,6,23:00,-1,E07000044,4,2,1,0,2,19,2,6,0,1,10,1,0,0,0,0,0,9,6
2024501488357,2024,501488357,294170,72928,-3.49504,50.54651,3,3,6,22:42,-1,E07000045,6,2,1,0,1,19,3,7,0,0,0,0,0,0,1,0,1,9,6
2024501488378,2024,501488378,302216,88214,-3.38555,50.68534,3,3,7,09:30,-1,E07000040,6,0,1,1,2,19,"[8, 4]","[4, 8]",0,0,0,1,0,0,0,0,0,9,7
2024501488457,2024,501488457,285202,60060,-3.6176,50.42914,3,3,7,14:15,-1,E06000027,3,0,2,1,2,19,3,7,0,1,3,1,0,0,0,0,0,9,7
2024501488465,2024,501488465,171523,40022,-5.20396,50.21598,3,3,7,11:46,-1,E06000052,3,0,1,0,1,"[4, 2]","[8, 0]","[4, 0]","[0, 4]",0,0,1,0,0,0,0,0,9,7
2024501488495,2024,501488495,292948,91510,-3.51765,50.71333,3,3,7,08:52,-1,E07000041,3,0,8,0,1,"[9, 19]","[4, 8]","[2, 4]",0,0,0,1,1,0,0,0,0,9,7
2024501488613,2024,501488613,292616,65387,-3.51479,50.47843,3,3,7,09:54,-1,E06000027,3,0,1,0,1,"[15, 2, 3]","[8, 0]","[4, 0]","[4, 0]",0,0,1,0,0,0,0,0,9,7
2024501488614,2024,501488614,246153,69129,-4.17074,50.5017,3,3,1,04:41,-1,E07000047,4,2,7,1,2,19,1,5,0,2,10,1,0,0,0,0,0,9,8
2024501488705,2024,501488705,288764,69616,-3.57032,50.51573,3,3,1,09:45,-1,E07000045,6,0,1,1,2,"[19, 9]","[8, 4]","[4, 1]",0,0,0,1,0,0,0,0,0,9,8
2024501488830,2024,501488830,249522,70863,-4.12397,50.51816,2,"[3, 2]",4,15:25,-1,E07000047,3,0,1,0,2,19,"[1, 5]","[5, 1]",0,0,0,1,0,0,0,0,0,7,17
2024501488844,2024,501488844,278160,148834,-3.74623,51.22565,2,2,7,17:22,-1,E07000043,3,0,2,1,2,19,7,3,0,2,10,0,0,1,0,0,0,9,7
2024501488990,2024,501488990,294457,73124,-3.49104,50.54832,3,3,2,09:30,-1,E07000045,6,0,1,0,1,2,"[0, 1]","[0, 5]","[0, 4]",0,0,1,0,0,0,0,0,9,9
2024501489170,2024,501489170,220900,106378,-4.54452,50.82916,2,2,6,14:42,-1,E06000052,6,0,2,1,2,19,1,5,0,0,0,1,0,1,0,0,0,9,6
2024501489196,2024,501489196,293288,88079,-3.51184,50.68255,3,3,5,14:37,-1,E07000045,3,0,2,1,2,19,2,6,0,0,0,1,0,0,0,0,0,9,5
2024501489211,2024,501489211,293958,89286,-3.50271,50.69352,3,3,2,16:25,-1,E07000041,3,0,1,0,2,"[5, 19]","[8, 1]",5,0,0,0,1,1,0,0,0,0,9,9
2024501489249,2024,501489249,251991,52872,-4.08206,50.3571,2,2,2,16:06,-1,E06000026,6,0,1,0,1,19,7,3,0,0,0,1,0,0,0,0,1,9,9
2024501489418,2024,501489418,294893,90332,-3.48977,50.7031,3,3,2,16:35,-1,E07000041,3,0,1,0,1,"[19, 3]",2,6,0,0,0,1,0,0,0,0,0,8,19
2024501489440,2024,501489440,294699,89840,-3.49238,50.69864,2,2,3,09:00,-1,E07000041,6,0,1,1,1,2,8,4,"[4, 0]",0,0,1,0,0,0,0,0,9,10
2024501489527,2024,501489527,236446,80781,-4.31262,50.60377,3,3,2,08:00,-1,E06000052,4,0,1,1,2,"[19, 3]",8,4,0,0,0,1,0,0,0,0,0,9,9
2024501489567,2024,501489567,287317,59694,-3.58773,50.42626,3,3,1,11:30,-1,E06000027,3,0,1,0,1,19,1,5,0,0,0,1,0,0,0,0,1,8,18
2024501489581,2024,501489581,158618,34843,-5.38124,50.16436,3,3,3,12:15,-1,E06000052,4,0,1,0,2,"[4, 10, 19]","[4, 3]","[7, 8]",0,0,0,1,0,1,0,0,0,9,10
2024501489637,2024,501489637,180845,61658,-5.08606,50.41381,3,3,3,13:05,-1,E06000052,6,0,2,1,1,1,5,1,0,0,0,1,0,0,0,0,1,9,10
2024501489664,2024,501489664,166930,27320,-5.26045,50.10014,2,2,2,18:02,-1,E06000052,3,0,1,0,2,"[13, 19]","[2, 6]","[6, 2]",0,0,0,1,0,1,0,0,0,9,9
2024501489764,2024,501489764,247368,55289,-4.14798,50.37764,3,3,3,17:32,-1,E06000026,3,0,2,1,1,7,5,1,0,0,0,0,0,1,0,0,0,9,10
2024501489803,2024,501489803,266003,93065,-3.89966,50.72172,3,3,3,22:00,-1,E07000047,6,2,1,1,2,19,3,7,0,8,10,1,0,0,0,0,0,9,10
2024501489950,2024,501489950,290743,92374,-3.54912,50.72069,3,3,4,07:31,-1,E07000041,6,0,1,0,1,19,"[1, 7]","[5, 3]",0,0,0,1,1,0,0,0,0,9,11
2024501490165,2024,501490165,208760,54486,-4.68999,50.35914,3,3,4,12:41,-1,E06000052,6,0,1,0,2,19,2,6,0,0,0,1,0,1,0,0,0,9,11
2024501490213,2024,501490213,225156,65389,-4.46479,50.4622,3,3,4,19:00,-1,E06000052,5,0,1,0,2,19,1,5,0,0,0,1,0,0,0,0,1,9,11
2024501490220,2024,501490220,246908,56006,-4.15474,50.38396,3,3,4,20:33,-1,E06000026,6,2,1,0,1,4,1,4,0,0,0,0,0,1,0,0,0,9,11
2024501490361,2024,501490361,284419,101078,-3.64141,50.7977,2,2,1,17:30,-1,E07000042,3,0,4,0,2,"[5, 19]","[5, 3]","[3, 5]",0,0,0,1,1,0,0,0,0,7,14
2024501490367,2024,501490367,286856,72725,-3.59816,50.54331,3,3,5,07:45,-1,E07000045,3,0,1,0,1,"[5, 9]","[6, 4]",2,0,0,0,1,0,1,0,0,0,9,12
2024501490428,2024,501490428,241530,59433,-4.23177,50.41334,3,3,4,16:00,-1,E06000052,4,0,1,0,1,"[4, 19]",8,4,0,0,0,1,1,0,0,0,0,9,11
2024501490459,2024,501490459,210068,83805,-4.68653,50.62294,3,3,7,00:10,-1,E06000052,4,2,1,0,2,19,1,5,0,1,0,1,0,0,0,0,0,7,13
2024501490633,2024,501490633,293616,71667,-3.50249,50.53507,3,3,5,21:07,-1,E07000045,3,0,1,0,2,19,1,5,0,0,0,1,0,0,0,0,0,6,20
2024501490675,2024,501490675,286948,73124,-3.59699,50.54692,3,3,4,13:29,-1,E07000045,6,0,1,0,1,4,3,7,7,0,0,1,0,0,0,0,0,7,31
2024501490679,2024,501490679,220110,104763,-4.55494,50.81441,2,2,5,14:35,-1,E06000052,6,0,1,0,2,19,1,5,0,0,0,0,0,1,0,0,0,9,12
2024501490688,2024,501490688,309089,94873,-3.28992,50.74632,3,3,5,15:00,-1,E07000040,6,0,1,0,2,4,1,5,0,0,0,1,0,0,0,0,1,9,12
2024501490700,2024,501490700,210274,86740,-4.68512,50.64937,3,3,5,14:52,-1,E06000052,4,0,1,0,2,"[13, 19]",1,5,0,0,0,1,0,0,0,0,0,9,12
2024501490705,2024,501490705,191218,62373,-4.94066,50.42401,2,2,5,17:30,-1,E06000052,3,0,1,0,2,19,5,1,0,0,0,0,0,1,0,0,0,9,12
2024501490710,2024,501490710,320447,90878,-3.12811,50.71207,3,3,5,16:30,-1,E07000040,3,0,1,1,2,"[19, 7]","[3, 5]","[7, 3]",0,0,0,1,0,0,0,0,0,9,12
2024501490744,2024,501490744,290550,63102,-3.54323,50.45751,3,3,5,15:35,-1,E06000027,3,0,1,0,1,19,"[6, 2]","[2, 6]",0,"[7, 0]",0,1,0,0,0,0,0,9,12
2024501490795,2024,501490795,248813,136518,-4.16103,51.10796,3,3,5,18:15,-1,E07000043,3,0,1,0,2,19,5,1,0,0,0,1,0,0,0,0,1,9,12
2024501490796,2024,501490796,247216,54429,-4.14977,50.36987,2,"[2, 3]",5,16:00,-1,E06000026,6,0,1,0,1,"[7, 8]","[5, 1]","[8, 3]",0,0,0,1,0,0,0,0,0,9,12
2024501490982,2024,501490982,314814,94969,-3.20882,50.74805,1,1,6,10:30,-1,E07000040,3,0,1,0,2,19,1,5,0,7,4,1,0,0,0,0,0,9,13
2024501491010,2024,501491010,256273,56037,-4.02311,50.38661,3,3,6,08:22,-1,E06000026,4,0,1,0,1,19,"[7, 2, 1]","[3, 5]",0,0,0,1,0,1,0,0,0,9,13
2024501491013,2024,501491013,296608,90975,-3.46568,50.70919,2,2,3,05:40,-1,E07000040,1,0,1,0,2,"[19, 12]",1,5,0,0,0,1,0,0,1,0,0,5,14
2024501491144,2024,501491144,196127,61458,-4.87115,50.41752,3,3,6,16:19,-1,E06000052,3,0,1,0,2,19,7,3,0,"[0, 1]",0,1,0,1,0,0,0,9,13
2024501491154,2024,501491154,268924,48636,-3.84268,50.32304,2,2,6,15:23,-1,E07000044,3,0,1,0,2,"[19, 9]","[5, 1]","[1, 5, 7]",0,0,0,1,0,1,0,0,0,9,13
2024501491161,2024,501491161,248726,54471,-4.12857,50.37064,3,3,6,16:26,-1,E06000026,3,0,1,0,1,"[19, 4]",8,4,0,0,0,1,0,0,0,0,0,9,13
2024501491182,2024,501491182,163660,33740,-5.31008,50.15649,3,3,6,17:55,-1,E06000052,4,0,1,0,2,19,1,5,0,0,0,1,0,0,0,0,0,9,13
2024501491211,2024,501491211,278746,87432,-3.71738,50.67388,3,3,6,15:13,-1,E07000045,4,0,1,0,2,"[19, 13]","[5, 1]","[1, 5]","[0, 10]",0,0,1,0,0,0,0,0,9,13
2024501491231,2024,501491231,292477,93753,-3.52497,50.73341,2,2,6,11:40,-1,E07000041,6,0,1,0,1,"[9, 19]","[5, 1]","[3, 5]",99,0,0,1,1,0,0,0,0,9,13
2024501491243,2024,501491243,161721,29337,-5.33442,50.11618,3,3,6,21:08,-1,E06000052,6,2,1,0,2,19,5,2,0,0,0,1,0,0,0,0,1,9,13
2024501491283,2024,501491283,168261,24185,-5.23997,50.07251,3,3,6,15:50,-1,E06000052,3,0,1,0,2,"[3, 19]",5,1,0,0,0,1,0,0,1,0,0,9,13
2024501491294,2024,501491294,187480,57043,-4.9902,50.3748,3,3,6,16:55,-1,E06000052,3,0,2,1,2,19,4,8,0,0,0,1,0,0,0,0,0,6,21
2024501491303,2024,501491303,189912,46535,-4.95019,50.2813,3,3,6,07:30,-1,E06000052,3,0,1,0,2,19,"[5, 1]","[1, 5]",99,7,99,1,0,1,0,0,0,9,13
2024501491309,2024,501491309,287624,80953,-3.58982,50.61743,3,3,6,17:52,-1,E07000045,3,0,1,0,2,4,7,3,0,0,0,1,0,0,0,0,0,6,21
2024501491319,2024,501491319,277922,60518,-3.7202,50.43179,3,3,7,19:10,-1,E07000044,6,0,1,0,2,19,7,3,0,0,0,1,0,0,0,0,0,6,22
2024501491386,2024,501491386,291731,63890,-3.52682,50.46481,2,2,7,12:47,-1,E06000027,6,2,1,0,1,19,1,8,7,1,11,1,0,0,0,0,0,9,14
2024501491416,2024,501491416,308249,111708,-3.30604,50.89754,3,3,6,11:10,-1,E07000042,6,0,1,0,2,19,"[8, 6]","[4, 2]",0,0,0,1,0,0,0,0,0,9,13
2024501491492,2024,501491492,175515,48054,-5.15285,50.28964,3,3,7,18:00,-1,E06000052,3,0,1,0,2,19,"[6, 2]","[2, 6]",0,"[0, 1]",0,1,0,0,0,0,0,9,14
2024501491521,2024,501491521,245074,127026,-4.21033,51.02168,3,3,6,11:15,-1,E07000046,6,0,1,0,1,"[4, 5]","[5, 7]","[1, 3]",0,0,0,0,0,1,0,1,0,9,13
2024501491536,2024,501491536,206972,54162,-4.71493,50.35564,2,2,7,21:56,-1,E06000052,6,2,1,0,2,19,6,2,0,0,0,1,0,0,0,0,1,9,14
2024501491540,2024,501491540,298086,88194,-3.44398,50.68445,2,"[3, 2]",1,02:20,-1,E07000040,3,2,1,0,2,19,5,1,7,7,1,1,0,0,0,0,0,8,25
2024501491548,2024,501491548,288926,60614,-3.56536,50.43484,2,2,1,00:18,-1,E06000027,6,2,1,0,1,19,1,5,0,7,0,1,0,0,0,0,1,9,15