collision_index,collision_year,collision_ref_no,location_easting_osgr,location_northing_osgr,longitude,latitude,casualty_severity,casualty_severity,day_of_week,time,local_authority_district,local_authority_ons_district,first_road_class,light_conditions,weather_conditions,road_surface_conditions,urban_or_rural_area,vehicle_manoeuvre,vehicle_direction_from,vehicle_direction_to,hit_object_in_carriageway,vehicle_leaving_carriageway,hit_object_off_carriageway,is_car,is_cyle,is_mcyle,is_goodsv,is_other,is_pedestrian,month,day
2024501491573,2024,501491573,183411,47897,-5.04208,50.29118,3,3,1,04:00,-1,E06000052,3,2,1,0,2,19,5,3,0,0,0,1,0,0,0,0,0,9,15
2024501491599,2024,501491599,293646,92421,-3.50803,50.72165,3,3,1,08:45,-1,E07000041,4,0,1,0,1,"[4, 19]",3,7,0,0,0,1,0,0,0,0,0,9,15
2024501491609,2024,501491609,137429,30997,-5.67466,50.12084,3,3,5,17:16,-1,E06000052,3,0,7,1,2,"[19, 9]","[3, 6]","[8, 3]",0,"[1, 0]","[11, 0]",1,0,0,0,0,0,8,8
2024501491632,2024,501491632,251092,57210,-4.09641,50.39586,3,3,6,08:45,-1,E06000026,3,0,1,0,2,19,8,4,0,8,6,0,0,0,1,0,0,7,26
2024501491633,2024,501491633,248214,55194,-4.13605,50.37701,3,3,1,01:40,-1,E06000026,4,2,1,0,1,"[6, 19]",6,"[6, 2]",0,0,0,1,0,1,0,0,0,7,21
2024501491663,2024,501491663,233303,57797,-4.34674,50.39636,2,2,1,13:15,-1,E06000052,3,0,1,0,2,19,8,5,0,1,0,0,0,1,0,0,0,9,15
2024501491689,2024,501491689,236356,54040,-4.30218,50.36345,3,3,1,12:30,-1,E06000052,6,0,1,0,2,"[19, 5]","[6, 1]","[2, 5]",0,0,0,1,0,0,0,1,0,9,15
2024501491738,2024,501491738,263280,55965,-3.92458,50.38763,3,3,1,14:50,-1,E07000044,6,0,1,0,1,"[19, 5]","[1, 3]","[5, 7]",0,0,0,1,0,0,0,0,0,9,15
2024501491749,2024,501491749,297429,113066,-3.46023,50.90792,3,3,7,16:43,-1,E07000042,6,0,1,0,2,"[4, 19]",7,3,0,0,0,1,0,0,0,0,0,9,14
2024501491785,2024,501491785,213802,87018,-4.63541,50.65301,3,3,7,17:20,-1,E06000052,3,0,1,0,2,"[5, 19]","[4, 6]","[8, 2]",0,"[0, 2]","[0, 4]",1,0,0,0,0,0,9,14
2024501491806,2024,501491806,237259,72329,-4.29745,50.52805,3,3,1,23:12,-1,E06000052,4,2,1,0,2,19,"[2, 6]","[6, 2]","[7, 0]","[7, 0]","[9, 0]",1,0,0,0,0,0,9,15
2024501491832,2024,501491832,288753,60667,-3.56781,50.43528,2,2,6,15:40,-1,E06000027,6,0,1,0,1,19,2,1,0,7,0,1,0,0,0,0,1,8,16
2024501491871,2024,501491871,252273,130988,-4.10938,51.05917,3,3,3,21:20,-1,E07000043,3,2,1,1,2,"[2, 19]","[0, 2]","[0, 6]","[0, 4]","[1, 0]",0,1,0,0,0,0,0,9,10
2024501491941,2024,501491941,252632,103519,-4.09315,50.81242,3,3,6,12:00,-1,E07000047,3,0,1,0,2,19,3,7,0,0,0,0,0,0,0,1,1,9,13
2024501492021,2024,501492021,290407,65420,-3.54592,50.47832,2,2,1,09:00,-1,E06000027,6,0,8,0,1,"[9, 19]","[3, 7]","[1, 3]",0,0,0,1,0,1,0,0,0,9,15
2024501492050,2024,501492050,225777,69250,-4.45785,50.49708,2,2,2,13:00,-1,E06000052,6,0,1,0,2,19,"[5, 3]","[3, 5]",0,0,0,1,0,1,0,0,0,9,16
2024501492061,2024,501492061,247084,59211,-4.15357,50.41281,3,3,6,16:00,-1,E06000026,4,0,1,0,2,19,3,7,0,0,0,1,0,0,0,0,1,9,13
2024501492075,2024,501492075,290897,83759,-3.5444,50.64327,1,"[2, 1]",5,01:19,-1,E07000045,6,0,1,0,2,19,7,4,0,1,4,1,0,0,0,0,0,8,8
2024501492080,2024,501492080,297491,90929,-3.45316,50.70893,3,3,2,13:02,-1,E07000040,3,0,1,0,2,4,3,7,0,1,0,1,0,0,0,0,0,9,16
2024501492112,2024,501492112,289433,61193,-3.55839,50.44014,3,3,2,15:05,-1,E06000027,4,0,1,0,1,19,"[1, 5]","[5, 1]",0,"[0, 7]",0,1,0,0,0,0,0,9,16
2024501492146,2024,501492146,183063,60603,-5.05428,50.40516,3,3,2,15:47,-1,E06000052,6,0,1,0,2,19,6,2,0,1,1,1,0,0,0,0,1,9,16
2024501492150,2024,501492150,289912,83819,-3.55834,50.64363,3,3,2,14:00,-1,E07000045,3,0,1,0,2,"[5, 19]","[2, 7]","[7, 3]",0,"[0, 7]",0,1,0,0,0,0,0,9,16
2024501492171,2024,501492171,255048,63070,-4.04305,50.44952,2,2,2,17:46,-1,E07000044,6,0,1,0,2,19,"[2, 6]","[6, 2]",0,0,0,1,0,1,0,0,0,9,16
2024501492186,2024,501492186,206985,67031,-4.72137,50.47125,3,3,2,20:30,-1,E06000052,4,2,1,0,1,"[1, 19]","[5, 3]","[1, 7]",0,"[0, 7]",0,1,0,1,0,0,0,9,16
2024501492236,2024,501492236,180485,57248,-5.08854,50.37407,3,3,2,23:24,-1,E06000052,3,2,1,0,2,19,2,6,0,0,0,1,0,0,0,0,0,9,16
2024501492301,2024,501492301,227150,60583,-4.43451,50.41961,3,3,3,21:40,-1,E06000052,4,2,1,0,2,19,3,7,0,2,0,1,0,0,0,0,0,6,25
2024501492328,2024,501492328,251659,132437,-4.11873,51.07204,3,3,3,07:55,-1,E07000043,4,0,1,0,2,"[19, 9]","[7, 1]","[3, 7]",0,0,0,1,0,0,0,0,0,9,17
2024501492334,2024,501492334,235995,70791,-4.31459,50.51388,3,3,2,15:30,-1,E06000052,3,0,1,0,2,"[9, 14]",5,1,0,0,0,1,0,1,0,0,0,9,16
2024501492341,2024,501492341,293124,70827,-3.50919,50.52743,3,3,3,18:35,-1,E07000045,6,0,1,0,2,19,"[1, 5]","[5, 1]",0,0,0,1,0,0,0,0,0,6,25
2024501492438,2024,501492438,271690,126057,-3.83072,51.01953,3,3,5,14:35,-1,E07000043,6,0,1,0,2,19,3,1,0,0,0,1,0,0,0,0,1,9,12
2024501492440,2024,501492440,262187,109342,-3.9598,50.86711,3,3,6,12:35,-1,E07000046,3,0,1,0,2,19,4,8,0,7,10,0,0,1,0,0,0,8,9
2024501492441,2024,501492441,243291,138308,-4.24063,51.12256,3,3,2,22:05,-1,E07000043,4,2,1,0,2,19,1,5,0,8,11,1,0,0,0,0,0,9,9
2024501492503,2024,501492503,274587,67703,-3.76954,50.49567,3,3,3,09:20,-1,E07000045,6,0,1,0,2,"[19, 9]","[3, 7]","[7, 3]",0,"[1, 0]","[5, 0]",1,0,0,0,0,0,9,17
2024501492525,2024,501492525,198421,60111,-4.83817,50.40621,3,3,3,21:20,-1,E06000052,6,2,1,0,2,"[19, 2]","[3, 7, 0]","[7, 3, 0]",0,0,0,1,0,0,0,0,0,7,2
2024501492555,2024,501492555,202576,52397,-4.77573,50.33833,2,2,2,17:02,-1,E06000052,6,0,1,0,1,"[19, 5]",3,"[7, 5]",0,0,0,1,0,1,0,0,0,9,16
2024501492604,2024,501492604,151458,33086,-5.48015,50.14563,3,3,3,11:47,-1,E06000052,3,0,1,0,2,"[19, 5]","[2, 8]","[6, 4]",0,0,0,1,0,0,0,0,0,9,17
2024501492619,2024,501492619,252777,61620,-4.07445,50.43592,3,3,3,17:25,-1,E07000044,6,0,1,0,2,19,8,4,0,"[0, 1]","[0, 10]",1,0,0,0,0,0,9,17
2024501492625,2024,501492625,321311,100260,-3.11788,50.79654,3,3,2,16:20,-1,E07000040,6,0,1,0,2,19,"[7, 3]","[3, 7]",0,0,0,1,0,0,1,0,0,9,16
2024501492632,2024,501492632,295532,93389,-3.48159,50.73069,3,3,3,17:10,-1,E07000041,4,0,1,0,1,"[7, 19]","[7, 5]",1,0,0,0,1,0,0,0,0,0,9,17
2024501492657,2024,501492657,251400,53370,-4.09056,50.36143,3,3,3,18:21,-1,E06000026,6,0,8,0,1,5,-1,-1,0,0,0,1,0,0,0,0,1,9,17
2024501492658,2024,501492658,180236,55943,-5.09128,50.36226,2,2,3,18:51,-1,E06000052,3,0,1,0,2,"[14, 3, 13, 9]","[5, 7]","[1, 5]",0,0,0,1,0,1,0,0,0,9,17
2024501492679,2024,501492679,156878,36790,-5.4068,50.18113,3,3,3,17:40,-1,E06000052,3,0,1,0,2,19,6,2,0,0,0,1,0,0,0,0,0,9,17
2024501492692,2024,501492692,245831,54411,-4.16922,50.36935,2,2,1,07:05,-1,E06000026,3,0,1,0,1,19,8,4,0,1,0,1,0,0,0,0,0,9,15
2024501492780,2024,501492780,188509,47597,-4.97045,50.29034,3,3,6,22:20,-1,E06000052,6,2,1,0,2,"[7, 19]","[8, 6]",2,0,0,0,1,0,0,0,0,0,8,23
2024501492793,2024,501492793,174805,51415,-5.16481,50.31955,3,3,6,21:00,-1,E06000052,6,2,1,0,2,19,6,2,6,7,9,1,0,0,0,0,0,9,13
2024501492832,2024,501492832,246784,58501,-4.1575,50.40635,3,3,5,15:29,-1,E06000026,6,0,1,0,1,19,1,5,0,0,0,1,0,0,0,0,1,9,12
2024501492896,2024,501492896,294078,94002,-3.50237,50.73594,3,3,3,16:35,-1,E07000041,6,0,1,0,2,"[19, 4]",6,2,0,0,0,1,0,1,0,0,0,8,27
2024501492985,2024,501492985,252477,52341,-4.07502,50.35245,3,3,4,12:00,-1,E06000026,6,0,1,0,1,"[9, 19]","[3, 1]","[1, 5]",0,0,0,1,0,0,0,0,0,9,18
2024501493067,2024,501493067,250565,70174,-4.10899,50.51223,3,3,7,13:05,-1,E07000047,3,0,1,0,2,"[4, 19]",5,1,0,0,0,1,0,0,0,0,0,8,31
2024501493098,2024,501493098,246936,55422,-4.15411,50.37872,3,3,2,06:30,-1,E06000026,6,2,1,0,1,19,"[6, 1]","[1, 6]",0,0,0,1,0,0,0,0,0,9,16
2024501493107,2024,501493107,261243,55731,-3.95313,50.38505,2,2,3,17:30,-1,E07000044,3,0,1,0,2,"[19, 4]",3,7,0,"[1, 0]",0,1,0,1,0,0,0,9,17
2024501493178,2024,501493178,201988,53171,-4.78439,50.34509,2,2,4,16:30,-1,E06000052,6,0,1,0,1,"[99, 3]",2,"[6, 8]",0,0,0,1,0,1,0,0,0,9,18
2024501493185,2024,501493185,172740,49105,-5.19238,50.29801,2,2,4,18:15,-1,E06000052,6,0,1,0,2,"[19, 10]",6,2,0,"[0, 7]",0,1,1,0,0,0,0,9,18
2024501493189,2024,501493189,161971,40093,-5.33766,50.21286,3,3,4,17:40,-1,E06000052,3,0,1,0,2,19,7,3,0,0,0,1,0,0,0,0,0,9,18
2024501493190,2024,501493190,225388,67166,-4.46236,50.47824,2,2,4,17:47,-1,E06000052,6,0,1,0,2,"[13, 19]",5,1,0,0,0,1,1,0,0,0,0,9,18
2024501493227,2024,501493227,253959,104105,-4.07456,50.81803,3,3,7,10:09,-1,E07000047,3,0,1,0,2,19,"[6, 2]","[2, 6]",0,0,0,1,0,0,0,0,0,4,27
2024501493239,2024,501493239,294059,108054,-3.50669,50.86226,3,3,5,04:00,-1,E07000042,3,2,1,1,2,19,2,6,0,1,10,1,0,0,0,0,0,9,12
2024501493263,2024,501493263,290268,93493,-3.55618,50.73066,3,3,2,15:25,-1,E07000041,6,0,5,1,1,1,3,7,0,7,0,1,0,0,0,0,1,7,15
2024501493423,2024,501493423,281592,50336,-3.66534,50.34101,2,"[3, 2]",3,09:45,-1,E07000044,6,0,8,1,2,19,"[2, 5]","[5, 2]",0,0,0,1,0,0,0,0,0,9,10
2024501493427,2024,501493427,273473,44084,-3.77728,50.28312,2,2,5,14:56,-1,E07000044,3,0,1,0,2,1,7,3,0,0,0,1,0,0,0,0,1,9,12
2024501493456,2024,501493456,333073,96148,-2.95027,50.76105,2,"[2, 3]",1,14:26,-1,E07000040,3,0,1,0,2,"[9, 19]","[1, 7]","[7, 3]",0,"[0, 7]",0,1,0,0,0,0,0,6,9
2024501493563,2024,501493563,251985,67932,-4.08809,50.49245,3,3,5,15:30,-1,E07000047,3,0,1,0,2,"[19, 4]",7,3,0,0,0,1,0,0,0,0,0,9,19
2024501493609,2024,501493609,296560,90934,-3.46634,50.70881,3,3,3,07:37,-1,E07000041,1,0,1,0,2,"[19, 11]",5,1,0,0,0,1,0,0,0,0,0,9,17
2024501493615,2024,501493615,234420,58887,-4.33152,50.40647,3,3,5,16:41,-1,E06000052,4,0,1,0,2,19,"[4, 1]","[1, 4]","[0, 10]",0,0,1,0,0,0,0,0,9,19
2024501493616,2024,501493616,290940,82281,-3.54336,50.62999,2,2,5,17:15,-1,E07000045,3,0,1,0,2,"[11, 19]",5,1,0,0,0,1,0,1,0,0,0,9,19
2024501493618,2024,501493618,250624,57172,-4.10297,50.3954,3,3,5,14:33,-1,E06000026,3,0,1,0,2,"[4, 19]",3,7,0,0,0,1,0,0,0,0,0,9,19
2024501493684,2024,501493684,247352,54751,-4.14799,50.3728,2,2,5,20:37,-1,E06000026,3,2,1,0,1,19,4,8,0,1,1,0,0,1,0,0,0,9,19
2024501493731,2024,501493731,243052,125633,-4.23854,51.00861,3,3,3,12:58,-1,E07000046,6,0,1,0,2,19,"[1, 7]","[5, 3]",0,"[0, 7]","[0, 1]",1,0,0,0,0,0,9,3
2024501493865,2024,501493865,282032,51875,-3.65964,50.35493,3,3,2,12:30,-1,E07000044,3,0,1,0,2,"[19, 4]",3,7,0,0,0,1,0,0,0,0,0,7,1
2024501493938,2024,501493938,307790,89527,-3.30699,50.69805,3,3,7,08:50,-1,E07000040,3,0,1,0,2,"[3, 19]",3,7,0,0,0,1,0,0,0,0,0,9,14
2024501493990,2024,501493990,247897,54695,-4.14031,50.37244,3,3,6,13:05,-1,E06000026,6,0,1,0,1,19,3,7,0,0,0,1,1,0,0,0,0,9,20
2024501494008,2024,501494008,291866,65704,-3.52545,50.48114,3,3,6,15:20,-1,E06000027,6,0,1,0,1,19,2,6,0,0,0,1,0,0,0,0,1,9,20
2024501494040,2024,501494040,289116,61680,-3.563,50.44446,3,3,6,18:03,-1,E06000027,3,0,1,0,1,"[3, 19]",4,"[6, 8]",0,0,0,1,0,0,0,0,0,9,20
2024501494061,2024,501494061,163814,32137,-5.30693,50.14216,3,3,2,08:01,-1,E06000052,4,0,1,0,2,"[19, 9]","[1, 3]","[5, 1]",0,0,0,1,0,0,0,0,0,8,19
2024501494079,2024,501494079,235927,71402,-4.31582,50.51935,3,3,6,17:03,-1,E06000052,3,0,1,0,2,"[19, 9]","[5, 1]","[1, 6]",0,0,0,1,0,0,0,0,0,9,20
2024501494099,2024,501494099,288061,61153,-3.57769,50.43952,3,3,7,00:48,-1,E06000027,4,2,1,0,1,"[19, -1]","[8, -1]","[4, -1]","[0, -1]","[0, -1]",0,1,0,0,0,0,0,9,21
2024501494138,2024,501494138,199657,80761,-4.83188,50.59211,3,3,6,19:38,-1,E06000052,6,2,1,0,2,19,6,2,0,0,0,1,0,0,0,0,1,9,20
2024501494215,2024,501494215,147945,31095,-5.52791,50.12628,3,3,6,06:45,-1,E06000052,3,0,1,0,1,19,"[3, 8]","[8, 3]","[6, 0]","[7, 0]",0,1,0,0,1,0,0,8,2
2024501494250,2024,501494250,293161,64907,-3.50697,50.47422,3,3,7,14:12,-1,E06000027,3,0,1,0,1,1,8,4,0,0,0,1,0,0,0,0,1,9,21
2024501494257,2024,501494257,286735,70288,-3.59913,50.52138,2,2,7,12:42,-1,E07000045,6,0,1,0,1,"[15, 7]",8,"[4, 3]",0,"[1, 0]","[11, 0]",1,0,1,0,0,0,9,21
2024501494271,2024,501494271,272191,101735,-3.81506,50.80104,3,3,7,13:40,-1,E07000042,3,0,1,0,2,"[9, 19]","[7, 3]","[5, 7]",0,0,0,1,1,0,0,0,0,9,21
2024501494285,2024,501494285,214893,53837,-4.60354,50.35527,3,3,7,11:26,-1,E06000052,6,0,1,0,2,19,"[3, 7]","[7, 3]",0,0,0,1,0,0,0,0,0,9,21
2024501494339,2024,501494339,254790,54388,-4.04332,50.37142,2,2,7,20:09,-1,E07000044,6,2,1,0,2,19,2,6,0,1,1,0,0,1,0,0,0,9,21
2024501494373,2024,501494373,301933,106906,-3.39454,50.85333,3,3,7,20:10,-1,E07000042,4,2,1,0,2,"[19, 9]","[1, 5]","[5, 1]",0,0,0,1,0,0,0,0,0,9,21
2024501494376,2024,501494376,248671,61247,-4.13207,50.43152,3,3,7,17:32,-1,E06000026,6,0,1,0,1,"[3, 2, 19]","[7, 0, 3]","[3, 0, 7]","[0, 4]",0,0,1,0,1,0,0,0,9,21
2024501494422,2024,501494422,185439,51765,-5.01585,50.32666,3,3,7,11:15,-1,E06000052,6,0,2,1,2,19,"[8, 4]","[4, 8]",0,"[0, 1]","[0, 10]",1,0,0,0,0,0,9,21
2024501494437,2024,501494437,246586,54998,-4.15885,50.37482,3,3,7,17:56,-1,E06000026,6,0,1,0,1,19,"[1, 3]","[5, 7]",0,0,0,1,1,0,0,0,0,9,14
2024501494456,2024,501494456,172469,33509,-5.18682,50.15787,3,3,1,07:02,-1,E06000052,3,0,2,1,2,19,"[2, 6]","[6, 2]",0,"[7, 0]",0,1,0,0,0,0,0,9,22
2024501494468,2024,501494468,286076,73587,-3.60943,50.55091,3,3,7,12:10,-1,E07000045,6,0,1,0,2,"[19, 12]",2,6,0,"[0, 1]",0,1,1,0,0,0,0,9,21
2024501494562,2024,501494562,280417,101323,-3.69825,50.79909,3,3,1,12:11,-1,E07000042,3,0,1,1,2,"[19, 9]","[8, 2]","[4, 8]",0,0,0,1,0,0,0,0,0,9,22
2024501494610,2024,501494610,295042,87174,-3.48677,50.67473,3,3,1,20:10,-1,E07000045,3,2,1,1,2,"[19, 9]","[5, 3]",1,0,"[0, 1]",0,1,1,0,0,0,0,9,22
2024501494638,2024,501494638,227545,83171,-4.4394,50.62268,3,3,4,00:48,-1,E06000052,3,2,1,0,2,19,3,7,0,1,0,1,0,0,0,0,0,7,24
2024501494710,2024,501494710,247196,59185,-4.15198,50.41261,3,3,6,12:27,-1,E06000026,4,0,1,0,1,19,7,3,0,0,0,1,0,0,0,0,1,9,20
2024501494788,2024,501494788,249486,55812,-4.11843,50.38289,3,3,7,09:30,-1,E06000026,4,0,9,0,1,"[19, 5]","[6, 1]","[3, 5]",0,0,0,1,1,0,0,0,0,9,21
2024501494951,2024,501494951,248602,55288,-4.13064,50.37795,3,3,1,09:44,-1,E06000026,4,0,2,-1,1,"[19, 5]","[5, 3]","[1, 7]","[99, 0]",0,0,1,1,0,0,0,0,9,22
2024501494953,2024,501494953,179808,50742,-5.09425,50.3154,3,3,5,11:15,-1,E06000052,6,0,1,0,2,19,5,1,0,0,0,0,0,0,1,0,1,9,12
2024501494955,2024,501494955,294908,93587,-3.49049,50.73236,3,3,2,15:25,-1,E07000041,4,0,2,1,1,"[19, 3]",7,3,0,0,0,1,0,0,0,0,0,9,23
2024501494961,2024,501494961,191911,53896,-4.92623,50.34812,3,3,2,16:05,-1,E06000052,3,0,1,0,2,"[19, 3]","[7, 1]",3,0,0,0,1,0,0,0,0,0,9,23
2024501494997,2024,501494997,170276,41301,-5.22218,50.22699,1,1,2,13:31,-1,E06000052,4,0,1,0,1,19,1,5,0,7,10,1,0,0,0,0,0,9,23
2024501495009,2024,501495009,296547,80206,-3.46353,50.61236,3,3,2,19:15,-1,E07000045,3,0,2,1,2,"[5, 19]",1,5,0,0,0,1,0,0,0,0,1,9,23
2024501495031,2024,501495031,177735,54482,-5.12552,50.3482,3,3,2,16:55,-1,E06000052,4,0,2,1,2,"[7, 19]","[1, 7]",3,0,"[1, 0]","[1, 0]",1,0,0,0,0,0,9,23
2024501495050,2024,501495050,278196,71758,-3.72001,50.53288,3,3,2,22:44,-1,E07000045,3,2,2,1,2,7,6,2,0,7,2,1,0,0,0,0,0,9,23
2024501495051,2024,501495051,241062,55046,-4.2365,50.37379,3,3,7,19:44,-1,E06000052,6,2,1,0,2,"[5, 19]","[1, 3]","[5, 7]",0,"[0, 1]","[0, 4]",1,0,0,0,0,0,9,21
2024501495055,2024,501495055,269888,39974,-3.82616,50.2454,3,3,3,08:20,-1,E07000044,6,0,4,0,2,19,7,3,0,0,0,1,0,0,0,0,0,9,10
2024501495059,2024,501495059,246819,126840,-4.18539,51.02047,3,3,3,02:29,-1,E07000046,6,2,2,1,2,19,7,3,0,1,11,1,0,0,0,0,0,9,24
2024501495076,2024,501495076,252792,62599,-4.07462,50.44472,3,3,6,00:55,-1,E07000044,6,2,1,0,2,19,3,7,0,2,10,1,0,0,0,0,0,6,21
2024501495117,2024,501495117,202014,59878,-4.78755,50.40534,3,3,3,15:20,-1,E06000052,3,0,1,0,2,"[9, 19]",6,"[3, 2]",0,0,0,1,0,0,0,0,0,6,25
2024501495170,2024,501495170,251678,56577,-4.08792,50.39032,3,3,3,16:50,-1,E06000026,6,0,1,0,1,"[19, -1]","[4, -1]","[8, -1]",0,3,0,1,0,1,0,0,0,6,25
2024501495180,2024,501495180,177136,37365,-5.12385,50.19427,3,3,3,08:32,-1,E06000052,3,0,1,1,2,"[15, 9]",6,2,0,0,0,1,0,1,0,0,0,9,24
2024501495253,2024,501495253,225142,64658,-4.46465,50.45563,3,3,3,06:35,-1,E06000052,4,0,1,0,2,19,1,5,0,0,0,1,0,0,0,0,1,6,25
2024501495338,2024,501495338,249260,52317,-4.1202,50.35142,3,3,6,19:05,-1,E06000026,6,0,5,1,2,19,"[1, 5]","[5, 1]","[0, 12]",0,0,1,0,0,0,0,0,6,21
2024501495408,2024,501495408,249117,59476,-4.12508,50.41572,3,3,7,07:10,-1,E06000026,3,0,1,0,1,19,"[3, 5]","[5, 1]",0,0,0,1,0,0,0,1,0,6,29
2024501495425,2024,501495425,165193,40948,-5.29311,50.22182,3,3,3,15:25,-1,E06000052,6,0,1,0,1,19,1,5,0,0,0,1,0,0,0,0,1,9,24
2024501495478,2024,501495478,165215,40233,-5.29236,50.21541,3,3,3,09:15,-1,E06000052,3,0,1,0,1,19,2,6,0,0,0,1,0,0,0,0,1,9,24
2024501495569,2024,501495569,166902,19871,-5.25631,50.03325,2,2,7,15:41,-1,E06000052,6,0,1,0,2,19,3,7,0,2,0,1,0,0,0,0,0,6,29
2024501495597,2024,501495597,224900,57120,-4.46454,50.38783,3,3,2,08:30,-1,E06000052,4,0,1,0,2,19,"[8, 2]","[4, 6]",0,0,0,1,0,0,0,0,0,7,1
2024501495633,2024,501495633,288635,97743,-3.5806,50.76855,2,2,4,08:25,-1,E07000042,3,0,1,1,2,19,1,5,11,1,9,0,0,0,0,1,0,9,25
2024501495689,2024,501495689,244665,58053,-4.18711,50.40177,2,2,3,15:24,-1,E06000026,6,0,1,0,1,19,6,2,0,0,0,1,0,0,0,1,0,7,2
2024501495726,2024,501495726,230875,57405,-4.38069,50.39214,2,2,3,19:00,-1,E06000052,3,0,1,0,2,19,"[7, 3]","[3, 7]",0,0,0,1,0,1,0,0,0,7,2
2024501495751,2024,501495751,290018,90540,-3.55884,50.70406,3,3,3,08:54,-1,E07000045,6,0,1,0,1,"[2, 19]","[0, 1]","[0, 5]",0,0,0,1,0,0,0,0,0,9,24
2024501495787,2024,501495787,252907,56567,-4.07064,50.39054,3,3,3,23:20,-1,E06000026,4,2,1,0,1,19,"[1, 3]","[5, 7]",0,0,0,1,0,1,0,0,0,7,2
2024501495823,2024,501495823,166186,38036,-5.27742,50.19607,3,3,4,08:52,-1,E06000052,6,0,2,1,2,"[2, 19]","[0, 5]","[0, 1]",0,0,0,1,0,0,0,0,0,9,25
2024501495847,2024,501495847,296681,88480,-3.46394,50.68677,3,3,5,08:30,-1,E07000041,6,0,1,0,1,"[9, 19]","[8, 4]","[6, 8]",0,0,0,1,1,0,0,0,0,7,4
2024501495849,2024,501495849,306741,112689,-3.32773,50.90611,3,3,3,16:10,-1,E07000042,4,0,1,0,2,"[9, 19]","[2, 6]","[6, 2]",0,0,0,1,1,0,0,0,0,9,24
2024501495850,2024,501495850,292834,93359,-3.5198,50.72993,3,3,7,22:35,-1,E07000041,6,2,1,0,1,"[5, 19]",2,6,0,0,0,1,0,1,0,0,0,8,24
2024501495862,2024,501495862,276439,42672,-3.73521,50.27106,3,3,5,13:53,-1,E07000044,3,0,1,0,2,"[4, 19]",3,7,"[0, 4]","[0, 1]",0,1,1,0,0,0,0,7,4
2024501495909,2024,501495909,245740,59554,-4.17261,50.41554,3,3,3,16:02,-1,E06000026,6,0,1,0,1,"[19, 7]","[1, 3]",5,0,0,0,1,0,1,0,0,0,9,24
2024501495920,2024,501495920,296643,91340,-3.46528,50.71247,2,2,4,15:50,-1,E07000041,3,0,2,1,2,19,4,8,10,8,0,0,0,1,0,0,0,9,25
2024501495955,2024,501495955,162744,25880,-5.31799,50.08556,3,3,4,20:30,-1,E06000052,4,2,2,1,2,19,5,1,0,0,0,1,0,0,0,0,0,9,25
2024501495979,2024,501495979,298239,100348,-3.44518,50.79373,3,3,5,00:06,-1,E07000040,1,2,2,1,2,19,5,1,0,8,6,1,0,0,0,0,0,9,26
2024501495997,2024,501495997,166964,41487,-5.26865,50.22736,3,3,5,19:24,-1,E06000052,6,0,1,0,1,7,3,5,0,0,0,0,0,1,0,0,0,7,25
2024501496058,2024,501496058,313840,113111,-3.22689,50.91101,3,3,3,11:00,-1,E07000042,6,0,1,0,2,5,5,1,0,0,0,1,0,0,0,0,1,9,24
2024501496137,2024,501496137,169548,43197,-5.23352,50.24373,3,3,5,08:31,-1,E06000052,3,0,1,1,2,19,2,6,0,5,6,1,0,0,0,0,0,9,26
2024501496350,2024,501496350,233047,84496,-4.36229,50.63618,3,3,5,09:00,-1,E06000052,3,0,1,1,2,19,1,5,0,0,0,1,0,0,0,0,0,9,26
2024501496438,2024,501496438,288133,112388,-3.59219,50.9001,3,3,5,17:59,-1,E07000042,4,2,2,1,2,19,"[8, 3]","[3, 7]",0,"[8, 2]",10,1,0,0,0,0,0,9,26
2024501496476,2024,501496476,191990,64951,-4.93124,50.44744,2,2,5,19:20,-1,E06000052,3,2,2,1,2,"[19, 5]","[5, 7]","[1, 3]",0,"[0, 1]","[0, 1]",1,0,0,0,0,0,9,26
2024501496573,2024,501496573,296510,77094,-3.46318,50.58438,3,3,6,08:57,-1,E07000045,6,2,1,1,1,19,8,4,0,0,0,1,0,0,0,0,1,9,27
2024501496646,2024,501496646,291610,89992,-3.53615,50.69944,3,3,5,19:30,-1,E07000041,6,0,8,0,1,1,1,5,0,0,0,1,0,0,0,0,1,9,26
2024501496702,2024,501496702,315878,100506,-3.19501,50.79799,3,3,4,19:20,-1,E07000040,3,0,1,0,1,19,3,7,0,0,0,0,0,0,0,0,1,9,25
2024501496747,2024,501496747,232588,83695,-4.36841,50.62886,3,3,6,12:00,-1,E06000052,3,0,4,0,2,4,"[7, 3]","[3, 7]",0,"[1, 0]",0,1,0,0,0,0,0,9,27
2024501496753,2024,501496753,305540,85974,-3.33793,50.66575,2,"[3, 2]",6,12:30,-1,E07000040,6,0,1,0,2,19,"[5, 1]","[1, 5]",0,"[0, 2]",0,1,0,0,0,1,0,9,27
2024501496756,2024,501496756,248835,54883,-4.1272,50.37437,3,3,6,10:09,-1,E06000026,6,0,1,0,1,"[7, 2, 19]","[5, 3]",7,"[4, 0]","[1, 0]","[4, 0]",1,0,0,0,0,0,9,27
2024501496776,2024,501496776,296051,76831,-3.46959,50.58193,3,3,6,11:15,-1,E07000045,6,0,1,0,1,1,3,1,0,0,0,1,0,0,0,0,1,9,27
2024501496790,2024,501496790,201835,52531,-4.7862,50.33929,2,2,6,15:52,-1,E06000052,6,0,1,0,1,19,3,7,0,0,0,1,0,0,0,0,1,9,27
2024501496819,2024,501496819,295408,91486,-3.48281,50.71356,3,3,5,17:15,-1,E07000041,3,0,1,0,1,"[7, 19]",5,"[7, 1]",0,0,0,1,1,0,0,0,0,9,26