collision_index,collision_year,collision_ref_no,location_easting_osgr,location_northing_osgr,longitude,latitude,casualty_severity,casualty_severity,day_of_week,time,local_authority_district,local_authority_ons_district,first_road_class,light_conditions,weather_conditions,road_surface_conditions,urban_or_rural_area,vehicle_manoeuvre,vehicle_direction_from,vehicle_direction_to,hit_object_in_carriageway,vehicle_leaving_carriageway,hit_object_off_carriageway,is_car,is_cyle,is_mcyle,is_goodsv,is_other,is_pedestrian,month,day
2024501509967,2024,501509967,293266,64129,-3.50527,50.46724,3,3,6,13:30,-1,E06000027,6,0,1,0,1,"[19, 2]","[2, 6]","[6, 2]","[0, 4]",0,0,1,0,0,0,0,0,10,25
2024501510015,2024,501510015,331170,96232,-2.97726,50.76158,2,2,3,09:15,-1,E07000040,6,0,1,0,2,19,2,6,0,0,0,1,0,0,0,0,1,10,29
2024501510024,2024,501510024,203222,70564,-4.77619,50.50173,2,"[3, 2]",3,06:40,-1,E06000052,3,0,1,1,2,19,"[6, 2]","[2, 6]",0,0,0,1,0,0,0,0,0,10,29
2024501510068,2024,501510068,296621,91383,-3.46561,50.71286,3,3,6,16:30,-1,E07000041,3,0,1,0,2,19,"[5, 3]","[1, 7]",0,0,0,1,0,0,0,0,0,10,18
2024501510080,2024,501510080,289544,83162,-3.56335,50.63765,3,3,1,10:20,-1,E07000045,3,0,1,0,2,"[5, 19]",2,6,0,"[1, 0]","[1, 0]",1,0,0,0,0,0,10,27
2024501510158,2024,501510158,272275,102345,-3.81408,50.80654,3,3,2,14:31,-1,E07000042,6,0,2,1,2,19,"[5, 8]","[8, 5]",0,"[0, 2]","[0, 10]",1,0,0,0,0,0,10,28
2024501510181,2024,501510181,297717,90945,-3.44997,50.70911,3,3,6,23:50,-1,E07000040,3,2,2,1,2,19,7,3,0,0,0,1,0,0,0,0,1,10,18
2024501510197,2024,501510197,312463,87663,-3.2404,50.68202,3,3,3,21:43,-1,E07000040,6,2,1,0,1,"[2, 19]","[0, 7]","[0, 3]",0,0,0,1,0,0,0,0,0,10,29
2024501510245,2024,501510245,291036,90270,-3.54435,50.70183,3,3,4,05:25,-1,E07000041,3,0,1,1,2,"[3, 19]",8,3,0,0,0,1,0,0,0,0,0,9,25
2024501510450,2024,501510450,308719,95203,-3.29525,50.74923,2,2,2,11:24,-1,E07000040,4,0,1,1,2,"[19, 3]",7,3,0,0,0,1,0,0,0,0,0,10,28
2024501510477,2024,501510477,179025,48572,-5.10396,50.29562,3,3,4,12:17,-1,E06000052,4,0,1,0,2,"[13, 7]","[3, 1]","[7, 3]",0,0,0,1,0,0,0,0,0,10,30
2024501510504,2024,501510504,215157,88866,-4.61719,50.67004,3,3,3,14:50,-1,E06000052,3,0,1,0,2,"[4, 19]",6,2,0,"[1, 0]","[9, 0]",1,0,0,0,0,0,10,29
2024501510578,2024,501510578,245024,126998,-4.21103,51.02141,3,3,4,18:40,-1,E07000046,6,2,1,0,1,"[2, 19]","[0, 7]","[0, 3]","[0, 4]",0,0,1,0,0,0,0,0,10,30
2024501510596,2024,501510596,236155,95619,-4.32331,50.73701,3,3,2,08:14,-1,E07000046,3,0,2,1,2,"[13, 19]","[5, 1]","[1, 5]",0,0,0,1,0,0,0,0,0,10,28
2024501510602,2024,501510602,261264,58094,-3.95371,50.4063,3,3,4,15:46,-1,E07000044,6,0,1,0,2,"[19, 15]",1,5,0,"[2, 0]","[10, 0]",1,1,0,0,0,0,10,30
2024501510606,2024,501510606,257998,52386,-3.99748,50.35421,3,3,4,03:50,-1,E07000044,6,2,1,1,2,19,"[5, 1]","[1, 5]",0,"[2, 0]","[10, 0]",1,0,0,0,0,0,10,30
2024501510628,2024,501510628,178658,33210,-5.10014,50.15752,2,2,3,18:50,-1,E06000052,6,2,1,1,1,15,1,6,10,0,0,0,0,1,0,0,0,10,29
2024501510641,2024,501510641,180282,33418,-5.07756,50.16,3,3,4,23:19,-1,E06000052,6,2,1,0,1,"[19, 7]","[6, 4]","[2, 6]",0,0,0,1,0,0,0,0,0,10,30
2024501510644,2024,501510644,290916,95279,-3.54753,50.74683,3,3,4,17:28,-1,E07000041,3,2,1,0,2,19,"[8, 5]","[5, 1]",0,0,0,1,0,1,0,0,0,10,30
2024501510669,2024,501510669,251935,53292,-4.08301,50.36086,3,3,4,14:20,-1,E06000026,6,0,1,0,1,"[19, 9]","[3, 7]","[7, 5]",0,0,0,1,0,0,0,0,0,10,30
2024501510796,2024,501510796,259032,113478,-4.0062,50.90352,3,3,5,09:00,-1,E07000046,3,0,1,0,2,"[10, 19]",4,"[1, 8]",0,0,0,1,0,0,0,0,0,10,31
2024501510849,2024,501510849,247352,55327,-4.14822,50.37798,3,3,5,10:05,-1,E06000026,3,0,1,0,1,"[19, 13]",4,8,0,0,0,1,0,1,0,0,0,10,31
2024501510907,2024,501510907,243418,127218,-4.23401,51.02295,3,3,5,12:30,-1,E07000046,3,0,1,0,2,"[4, 3]",6,2,0,0,0,1,0,0,0,0,0,10,31
2024501510937,2024,501510937,294520,104706,-3.49918,50.83225,3,3,5,08:00,-1,E07000042,3,0,1,0,2,19,8,4,0,1,10,1,0,0,0,0,0,10,17
2024501510970,2024,501510970,217180,63390,-4.57608,50.44181,3,3,5,06:48,-1,E06000052,3,0,1,0,2,"[19, 5]","[7, 1]","[3, 5]",0,"[7, 3]",10,1,0,0,0,0,0,10,31
2024501511210,2024,501511210,287162,70566,-3.59319,50.52396,3,3,6,06:32,-1,E07000045,3,0,8,0,1,19,5,1,0,0,0,1,0,0,0,0,0,11,1
2024501511363,2024,501511363,245790,59306,-4.17181,50.41333,3,3,7,02:20,-1,E06000026,4,2,1,0,1,19,6,2,0,1,5,1,0,0,0,0,0,10,26
2024501511376,2024,501511376,251654,99809,-4.10552,50.77883,3,3,6,09:50,-1,E07000047,6,0,1,1,2,"[7, 19]","[1, 8]",3,0,0,0,1,0,0,0,0,0,11,1
2024501511419,2024,501511419,250222,61418,-4.11032,50.43346,3,3,6,09:35,-1,E06000026,3,0,1,0,1,"[19, 99]",1,5,"[0, 99]",0,0,0,0,1,0,1,0,11,1
2024501511506,2024,501511506,184754,62318,-5.0315,50.42118,3,3,6,22:55,-1,E06000052,3,2,1,0,2,19,"[3, 7]","[7, 3]",0,"[7, 0]","[11, 0]",1,0,0,0,0,0,11,1
2024501511543,2024,501511543,289474,60211,-3.55753,50.43132,2,2,7,00:40,-1,E06000027,6,2,1,0,1,"[19, 2]","[1, 0]","[5, 0]","[4, 0]","[1, 0]","[10, 0]",1,0,1,0,0,0,11,2
2024501511662,2024,501511662,274135,93774,-3.78476,50.72991,3,3,7,10:45,-1,E07000042,6,0,1,1,2,19,"[5, 1]","[1, 5]",0,0,0,1,0,0,0,0,0,11,2
2024501511679,2024,501511679,220976,106485,-4.5435,50.83015,2,2,5,11:14,-1,E06000052,6,0,1,0,2,"[4, 2]","[1, 0]","[5, 0]","[4, 0]","[7, 0]","[2, 0]",1,0,0,0,0,1,10,31
2024501511698,2024,501511698,310485,87099,-3.26826,50.67664,3,3,7,13:24,-1,E07000040,6,0,2,1,2,19,"[6, 2]","[2, 6]",0,"[0, 2]",0,1,0,0,0,0,0,11,2
2024501511702,2024,501511702,283689,76225,-3.64393,50.57415,3,3,7,17:17,-1,E07000045,3,2,2,1,2,7,5,3,0,3,1,1,0,0,0,0,0,11,2
2024501511717,2024,501511717,200072,73049,-4.82188,50.52299,3,3,7,01:15,-1,E06000052,3,2,1,0,2,19,2,6,0,0,0,0,0,1,0,0,0,10,26
2024501511754,2024,501511754,202430,52355,-4.77775,50.3379,3,3,7,17:05,-1,E06000052,6,2,1,0,1,"[7, 19]","[7, 5]",1,0,0,0,1,0,1,0,0,0,11,2
2024501511789,2024,501511789,169293,30397,-5.22933,50.12869,3,3,7,20:32,-1,E06000052,3,2,1,1,2,19,3,7,0,2,11,1,0,0,0,0,0,11,2
2024501511800,2024,501511800,297210,82636,-3.45483,50.63433,3,3,7,20:38,-1,E07000045,3,2,2,1,2,"[7, 19]","[6, 8]","[8, 4]",0,0,0,1,0,0,0,0,0,11,2
2024501511807,2024,501511807,296516,94613,-3.468,50.74187,3,3,7,01:16,-1,E07000041,4,2,1,0,1,19,2,6,0,2,11,1,0,0,0,0,0,11,2
2024501511991,2024,501511991,291004,90125,-3.54476,50.70052,3,3,1,11:15,-1,E07000045,3,0,1,0,2,4,3,7,0,0,0,1,0,0,0,0,0,11,3
2024501511994,2024,501511994,191802,75176,-4.93958,50.53921,2,2,7,20:33,-1,E06000052,4,2,1,1,2,19,2,6,0,0,0,1,0,0,0,0,1,11,2
2024501512013,2024,501512013,207576,75351,-4.71734,50.54618,1,"[3, 1]",6,23:14,-1,E06000052,6,2,1,0,2,19,"[6, 8]","[2, 4]",0,0,0,1,0,0,0,0,0,11,1
2024501512076,2024,501512076,165728,40771,-5.28551,50.22044,2,2,1,18:57,-1,E06000052,6,2,1,0,1,"[19, 9]","[2, 6]","[6, 3]",0,0,0,1,0,1,0,0,0,11,3
2024501512151,2024,501512151,253579,56002,-4.06097,50.38563,3,3,7,13:30,-1,E06000026,6,0,1,0,1,"[9, 19]","[5, 7]",3,0,0,0,1,1,0,0,0,0,9,14
2024501512275,2024,501512275,247722,54853,-4.14283,50.37381,2,2,7,14:45,-1,E06000026,6,0,1,0,1,"[2, 19]","[0, 5]","[0, 1]",4,0,0,1,1,0,0,0,0,10,26
2024501512660,2024,501512660,157568,38580,-5.39829,50.19748,2,"[3, 2]",2,14:50,-1,E06000052,3,0,1,0,2,"[3, 19]",1,5,0,0,0,1,0,0,0,0,0,11,4
2024501512710,2024,501512710,295118,114506,-3.49351,50.92045,2,"[3, 2]",3,06:40,-1,E07000042,3,2,1,1,2,19,"[5, 1]","[1, 5]",0,0,0,1,0,0,0,0,0,11,5
2024501512731,2024,501512731,290606,93737,-3.55147,50.73291,3,3,2,20:49,-1,E07000041,6,2,1,0,1,"[13, 9]",3,"[7, 1]",0,0,0,1,0,1,0,0,0,11,4
2024501512732,2024,501512732,279489,99161,-3.7107,50.77947,3,3,2,17:20,-1,E07000042,6,0,1,1,2,19,"[7, 3]","[3, 7]",0,0,0,1,0,0,0,0,0,11,4
2024501512806,2024,501512806,144708,30822,-5.57292,50.12244,3,3,3,16:30,-1,E06000052,6,2,2,1,2,19,7,3,11,0,0,1,0,0,0,0,0,11,5
2024501512813,2024,501512813,252737,53483,-4.07182,50.36278,2,2,3,17:35,-1,E06000026,3,0,1,0,1,"[2, 19]","[0, 3]","[0, 7]","[0, 4]",0,0,0,1,0,1,0,0,11,5
2024501512881,2024,501512881,226336,113185,-4.47064,50.89197,3,3,4,04:05,-1,E06000052,6,2,1,1,2,19,6,2,0,1,11,1,0,0,0,0,0,11,6
2024501513108,2024,501513108,247821,56672,-4.14218,50.39019,3,3,3,08:00,-1,E06000026,6,0,1,0,1,19,5,1,0,0,0,1,0,0,0,0,0,11,5
2024501513150,2024,501513150,157583,38557,-5.39807,50.19728,3,3,1,12:03,-1,E06000052,3,0,1,0,2,"[3, 4]",3,7,0,0,0,1,0,1,0,0,0,11,3
2024501513203,2024,501513203,175722,48450,-5.15019,50.29327,2,2,4,14:35,-1,E06000052,3,0,1,0,2,"[19, 9]","[2, 6, 8]","[6, 2, 4]",0,0,0,1,0,0,0,0,0,11,6
2024501513232,2024,501513232,244978,58986,-4.1831,50.41024,3,3,3,18:30,-1,E06000026,3,2,1,0,1,"[11, 19, 3]",3,7,0,0,0,1,0,0,0,0,0,11,5
2024501513255,2024,501513255,246097,58790,-4.16728,50.40877,3,3,3,18:36,-1,E06000026,3,2,2,1,2,12,4,8,0,0,0,1,0,0,0,0,0,11,5
2024501513327,2024,501513327,245620,55539,-4.17265,50.37943,3,3,6,16:10,-1,E06000026,6,0,1,0,1,19,"[1, 6]","[5, 3]",0,0,0,1,0,0,0,0,0,11,1
2024501513479,2024,501513479,289820,91238,-3.56185,50.7103,3,3,5,07:55,-1,E07000041,4,2,1,1,1,19,7,3,0,0,0,1,0,0,0,0,0,11,7
2024501513480,2024,501513480,224861,80261,-4.47593,50.59573,1,"[1, 3]",5,08:20,-1,E06000052,3,0,1,1,2,"[5, 19]","[5, 3]","[1, 7]",0,0,0,1,0,0,0,0,0,11,7
2024501513585,2024,501513585,178775,61462,-5.11503,50.41127,3,3,6,17:50,-1,E06000052,6,0,1,0,2,19,7,3,0,0,0,1,0,0,0,0,1,11,1
2024501513665,2024,501513665,243433,55337,-4.2033,50.37704,2,2,5,16:30,-1,E06000052,3,0,1,0,2,4,7,3,0,0,0,1,0,0,0,0,1,11,7
2024501513680,2024,501513680,248657,56600,-4.13039,50.38976,3,3,2,16:40,-1,E06000026,4,2,1,0,1,"[4, 2]",1,5,4,0,0,1,0,0,0,0,0,11,4
2024501513682,2024,501513682,271387,125864,-3.83497,51.01773,3,3,4,15:35,-1,E07000043,4,0,1,0,2,19,5,7,11,0,0,0,0,0,1,0,0,11,6
2024501513687,2024,501513687,277147,124772,-3.75253,51.00917,3,3,1,12:05,-1,E07000043,3,0,1,0,2,"[19, 6]","[4, 3]",8,0,0,0,1,0,0,0,0,0,11,3
2024501513709,2024,501513709,245436,126472,-4.20494,51.0168,3,3,5,23:55,-1,E07000046,3,2,1,0,1,19,"[7, 5]","[3, 1]",0,0,0,1,0,0,0,0,0,11,7
2024501513769,2024,501513769,215419,89356,-4.61373,50.67453,3,3,4,19:33,-1,E06000052,3,2,1,0,2,"[9, 19]","[3, 1]","[1, 5]",0,"[0, 7]",0,1,0,0,0,0,0,11,6
2024501513847,2024,501513847,266534,101633,-3.89525,50.79884,2,2,2,15:30,-1,E07000047,6,0,1,0,2,19,8,4,0,0,0,1,0,0,0,0,1,11,4
2024501513872,2024,501513872,318653,91337,-3.15362,50.71595,3,3,3,16:55,-1,E07000040,3,2,8,0,2,"[8, 19]",8,"[3, 4]",0,0,0,1,0,0,0,0,0,11,5
2024501513921,2024,501513921,248886,57639,-4.12759,50.39915,3,3,6,12:13,-1,E06000026,3,0,1,0,1,"[12, 19]",8,4,0,0,0,1,0,1,0,0,0,11,8
2024501514013,2024,501514013,251072,57258,-4.09671,50.39629,3,3,6,16:20,-1,E06000026,3,0,8,1,2,"[3, 19]",8,"[3, 4]","[4, 0]",0,0,1,0,0,0,0,0,11,8
2024501514048,2024,501514048,186205,36485,-4.99647,50.18971,3,3,6,16:25,-1,E06000052,3,0,1,0,2,"[19, 3]",1,6,0,0,0,1,0,1,0,0,0,11,8
2024501514076,2024,501514076,199084,59731,-4.82865,50.40303,2,2,5,17:34,-1,E06000052,6,2,1,0,2,19,3,7,10,0,0,0,0,1,0,0,0,10,31
2024501514094,2024,501514094,226001,111178,-4.47445,50.87384,3,3,6,17:35,-1,E06000052,4,2,1,0,2,19,1,5,0,7,10,1,0,0,0,0,0,11,8
2024501514173,2024,501514173,169529,42294,-5.23324,50.23561,3,3,2,15:20,-1,E06000052,4,0,1,0,1,9,4,2,0,0,0,1,0,0,0,0,1,11,4
2024501514200,2024,501514200,286996,60892,-3.59261,50.43697,3,3,6,10:15,-1,E06000027,6,0,1,0,1,19,5,1,0,0,0,0,0,0,1,0,1,11,1
2024501514224,2024,501514224,249157,54236,-4.12242,50.36864,2,2,7,12:50,-1,E06000026,6,0,8,0,1,"[4, 19]",4,8,0,0,0,1,1,0,0,0,0,11,9
2024501514235,2024,501514235,295296,89402,-3.4838,50.69481,3,3,7,12:16,-1,E07000041,6,0,1,0,1,19,8,4,0,0,0,1,0,1,0,0,0,11,9
2024501514242,2024,501514242,287216,60282,-3.58933,50.43153,3,3,7,10:37,-1,E06000027,3,0,1,0,1,9,5,3,0,0,0,1,0,0,0,0,0,11,9
2024501514304,2024,501514304,237430,60005,-4.28968,50.41735,3,3,7,13:45,-1,E06000052,6,0,1,1,2,19,"[1, 6]","[6, 1]",0,0,0,1,0,0,0,0,0,11,9
2024501514308,2024,501514308,246091,54433,-4.16558,50.36961,2,"[3, 2]",7,15:30,-1,E06000026,3,0,1,0,1,19,"[5, 3]","[1, 7]",0,0,0,1,0,1,0,0,0,11,9
2024501514342,2024,501514342,171883,39994,-5.1989,50.21587,3,3,7,17:37,-1,E06000052,3,2,1,0,1,"[2, 19]","[0, 7]","[0, 3]",0,0,0,1,0,0,0,0,0,11,9
2024501514349,2024,501514349,244793,57998,-4.18529,50.40131,3,3,7,18:14,-1,E06000026,6,2,1,0,1,"[19, 9]","[8, 4]","[4, 2]",0,0,0,1,0,0,0,0,0,11,9
2024501514363,2024,501514363,245124,56586,-4.18005,50.38871,3,3,7,22:10,-1,E06000026,4,2,1,0,1,"[9, 19]","[3, 1]","[1, 5]",0,0,0,1,0,0,0,0,0,11,9
2024501514387,2024,501514387,294640,103499,-3.49713,50.82142,3,3,1,01:16,-1,E07000042,3,2,1,1,2,19,1,5,0,3,1,1,0,0,0,0,0,11,10
2024501514511,2024,501514511,281095,60193,-3.67544,50.42952,2,2,1,12:17,-1,E07000044,6,0,1,0,2,"[1, 19]",5,1,"[4, 0]","[7, 0]",0,1,0,0,0,0,1,11,10
2024501514537,2024,501514537,221892,54990,-4.5058,50.36779,3,3,1,16:30,-1,E06000052,6,0,1,1,2,19,"[1, 5]","[5, 1]",0,0,0,1,0,0,0,0,0,11,10
2024501514545,2024,501514545,184879,60302,-5.02859,50.40312,3,3,7,08:47,-1,E06000052,3,0,2,1,2,19,"[7, 5]","[3, 1]",0,0,0,1,1,0,0,0,0,11,9
2024501514550,2024,501514550,180328,57033,-5.09062,50.37208,3,3,1,14:47,-1,E06000052,3,0,1,0,2,"[5, 19]","[4, 6]","[8, 2]",0,0,0,1,0,1,0,0,0,11,10
2024501514866,2024,501514866,282907,61393,-3.65032,50.44067,3,3,2,08:30,-1,E07000044,6,0,1,1,2,19,"[1, 5]","[5, 1]",0,2,10,1,0,0,0,0,0,11,11
2024501514954,2024,501514954,166062,41111,-5.28105,50.22363,2,2,2,17:56,-1,E06000052,6,2,1,0,1,19,2,6,0,0,0,1,0,0,0,0,1,11,11
2024501514961,2024,501514961,292871,119364,-3.52689,50.96371,3,3,2,19:30,-1,E07000042,6,2,1,1,2,19,3,7,0,2,10,1,0,0,0,0,0,11,11
2024501515001,2024,501515001,300662,84107,-3.40643,50.64815,3,3,2,17:45,-1,E07000040,6,2,1,0,2,19,"[7, 3]","[3, 7]",0,"[0, 1]","[0, 9]",1,0,0,0,0,0,11,11
2024501515044,2024,501515044,271740,127135,-3.83039,51.02923,3,3,3,05:30,-1,E07000043,3,2,1,0,2,"[19, 2]","[4, 0]","[8, 0]","[4, 0]",0,0,1,0,0,0,0,0,11,12
2024501515281,2024,501515281,210439,83363,-4.68106,50.61909,3,3,3,08:11,-1,E06000052,3,0,1,0,2,"[10, 19]",6,2,0,0,0,1,0,0,0,1,0,11,12
2024501515402,2024,501515402,247544,130970,-4.1768,51.05778,3,3,2,17:07,-1,E07000043,6,2,1,0,2,19,7,3,0,0,0,1,0,0,0,0,1,11,11
2024501515424,2024,501515424,163610,35670,-5.31198,50.1738,3,3,3,17:23,-1,E06000052,4,2,1,0,2,19,"[5, 1, 3]","[1, 5, 7]",0,0,0,1,0,0,0,0,0,11,12
2024501515431,2024,501515431,278305,102006,-3.72843,50.80479,3,3,3,18:00,-1,E07000042,3,2,1,0,2,"[19, 9]",8,"[3, 5]",0,0,0,1,0,0,0,0,0,11,12
2024501515441,2024,501515441,247570,73947,-4.15275,50.54537,3,3,2,20:55,-1,E07000047,3,2,1,0,1,"[5, 9]","[1, 5]","[5, 3]",0,0,0,1,0,1,0,0,0,11,11
2024501515448,2024,501515448,227688,68180,-4.43044,50.48803,3,3,3,18:26,-1,E06000052,4,2,1,0,2,19,2,6,0,2,10,1,0,0,0,0,0,11,12
2024501515487,2024,501515487,264591,143304,-3.93835,51.1729,3,3,4,01:00,-1,E07000043,3,2,1,0,2,19,8,4,0,2,10,1,0,0,0,0,0,11,13
2024501515526,2024,501515526,148590,33191,-5.52028,50.14536,3,3,5,14:15,-1,E06000052,4,0,1,0,2,19,"[5, 1]","[1, 5]",0,0,0,1,0,1,0,0,0,6,6
2024501515651,2024,501515651,250037,67569,-4.11539,50.48869,3,3,5,15:45,-1,E07000047,6,0,1,0,2,19,3,7,0,0,0,1,0,0,0,0,1,9,12
2024501515744,2024,501515744,296980,95205,-3.46159,50.74728,2,2,2,17:12,-1,E07000040,4,2,8,1,2,"[5, 19]",2,6,0,0,0,1,0,1,0,0,0,11,11
2024501515813,2024,501515813,171000,32670,-5.20685,50.14977,3,3,2,12:52,-1,E06000052,3,0,1,0,2,19,2,6,0,7,9,1,0,0,0,0,0,11,11
2024501515849,2024,501515849,296568,76899,-3.46231,50.58264,1,1,4,11:58,-1,E07000045,3,0,1,0,1,19,"[2, 4]","[6, 8]",0,0,0,1,0,0,0,1,0,11,13
2024501515902,2024,501515902,223484,107918,-4.50861,50.84379,3,3,4,13:47,-1,E06000052,3,0,1,0,2,19,"[1, 5]","[5, 1]",0,"[0, 1]","[0, 10]",1,0,0,0,0,0,11,13
2024501515936,2024,501515936,246059,55959,-4.16665,50.38332,3,3,4,14:05,-1,E06000026,6,0,1,0,1,2,2,6,0,0,0,1,0,0,0,0,1,11,13
2024501515973,2024,501515973,222029,98365,-4.52462,50.75752,3,3,1,11:09,-1,E06000052,6,0,1,0,2,19,"[8, 4]","[4, 8]",0,0,0,0,0,0,1,0,0,11,10
2024501516015,2024,501516015,290374,62882,-3.54564,50.4555,2,2,4,23:33,-1,E06000027,3,2,1,0,1,19,5,1,2,0,0,1,0,0,0,0,0,11,13
2024501516033,2024,501516033,248303,74539,-4.14265,50.55088,3,3,2,14:40,-1,E07000047,6,0,1,0,1,"[19, 2]","[8, 0]","[4, 0]",0,"[1, 0]","[11, 0]",1,0,0,0,0,1,11,11
2024501516233,2024,501516233,197634,59035,-4.84866,50.39628,2,2,5,07:45,-1,E06000052,6,0,8,1,2,19,1,5,0,7,1,1,0,0,0,0,0,11,14
2024501516370,2024,501516370,304828,113953,-3.35526,50.91716,3,3,4,07:10,-1,E07000042,3,0,1,0,2,"[3, 19]",3,7,0,0,0,1,0,0,0,0,0,11,13
2024501516446,2024,501516446,295636,93859,-3.48025,50.73494,3,3,4,17:13,-1,E07000041,4,0,1,0,1,12,7,3,0,0,0,1,0,0,0,0,1,10,9
2024501516516,2024,501516516,293255,94156,-3.51407,50.73717,3,3,5,08:25,-1,E07000041,6,0,1,0,1,19,6,2,0,0,0,1,0,0,0,0,1,11,14
2024501516576,2024,501516576,292094,88689,-3.52891,50.68781,2,2,5,16:40,-1,E07000045,3,0,8,1,2,"[19, 9]","[2, 8]",6,0,"[7, 1]",0,1,0,1,0,0,0,11,14
2024501516587,2024,501516587,293864,88766,-3.50389,50.68883,3,3,2,15:50,-1,E07000045,3,2,1,0,2,"[5, 19]","[2, 4]","[4, 8]",0,0,0,1,1,0,0,0,0,11,11
2024501516873,2024,501516873,265232,53724,-3.89634,50.36794,3,3,6,08:15,-1,E07000044,3,0,1,0,2,19,2,6,0,2,10,0,0,0,1,0,0,11,15
2024501516897,2024,501516897,248144,58954,-4.13856,50.41078,3,3,6,07:55,-1,E06000026,4,0,1,0,1,"[7, 19]",4,"[6, 8]",0,"[0, 7]",0,1,1,0,0,0,0,11,15
2024501516900,2024,501516900,289018,61539,-3.56434,50.44317,3,3,6,14:24,-1,E06000027,3,0,1,0,1,"[19, 9]","[5, 7]","[1, 5]",0,0,0,1,0,1,0,0,0,11,15
2024501516936,2024,501516936,308249,111709,-3.30604,50.89754,3,3,6,08:15,-1,E07000042,6,0,8,0,2,19,"[4, 2]","[8, 6]",0,0,0,1,0,0,0,0,0,11,15
2024501516964,2024,501516964,286798,79533,-3.60106,50.6045,3,3,6,11:00,-1,E07000045,4,0,1,0,2,4,2,6,0,0,0,1,0,0,0,0,1,11,15
2024501516986,2024,501516986,248913,58487,-4.12756,50.40678,3,3,6,19:00,-1,E06000026,4,2,1,0,1,19,7,3,0,0,0,1,0,0,0,0,1,11,15
2024501517026,2024,501517026,147962,31031,-5.52763,50.12571,3,3,7,13:10,-1,E06000052,4,0,1,0,2,"[7, 5]","[1, 7]",3,0,0,0,1,0,0,0,0,0,11,2
2024501517054,2024,501517054,229368,66136,-4.40585,50.47015,3,3,6,22:00,-1,E06000052,3,2,1,0,2,19,7,3,0,0,0,1,0,0,0,0,0,11,15
2024501517074,2024,501517074,187037,53283,-4.99429,50.34087,2,"[3, 2]",5,23:22,-1,E06000052,6,2,1,1,2,19,1,5,0,7,4,1,0,0,0,0,0,11,14
2024501517087,2024,501517087,172923,43063,-5.18619,50.24383,3,3,6,22:47,-1,E06000052,4,2,1,0,2,19,7,3,10,7,11,1,0,0,0,0,0,11,15
2024501517148,2024,501517148,247473,55118,-4.14644,50.37613,3,3,6,10:50,-1,E06000026,6,0,1,0,1,19,3,7,0,"[1, 0]",0,1,0,1,0,0,0,11,15
2024501517205,2024,501517205,192577,44955,-4.91196,50.26805,3,3,7,12:10,-1,E06000052,4,0,1,0,2,"[19, 2]","[6, 0]","[2, 0]","[4, 0]",0,0,1,0,0,0,0,0,11,16
2024501517221,2024,501517221,222802,106605,-4.51765,50.83179,3,3,6,14:00,-1,E06000052,3,0,1,0,2,"[19, 2]","[1, 0]","[5, 0]","[4, 0]","[1, 0]",0,1,0,0,0,0,0,11,15
2024501517226,2024,501517226,251242,59108,-4.09505,50.41296,3,3,7,10:15,-1,E06000026,4,0,1,0,1,"[12, 19]",5,1,0,0,0,1,0,0,0,0,0,11,16
2024501517253,2024,501517253,280521,121422,-3.70335,50.97977,3,3,7,15:37,-1,E07000043,6,0,1,1,2,19,4,7,0,0,0,0,0,1,0,0,0,11,16
2024501517258,2024,501517258,246334,54407,-4.16215,50.36944,3,3,7,17:40,-1,E06000026,3,2,1,0,1,19,-1,-1,0,0,0,1,0,0,0,0,1,11,16
2024501517336,2024,501517336,300454,81522,-3.40868,50.62488,2,2,7,21:20,-1,E07000040,6,2,1,1,1,19,"[7, 3]","[3, 7]",0,0,0,1,1,0,0,0,0,11,16
2024501517426,2024,501517426,293816,73086,-3.50008,50.54786,3,3,7,20:06,-1,E07000045,3,2,1,0,1,"[5, 9]","[7, 4]","[4, 1]",0,0,0,1,0,0,0,0,0,11,9
2024501517486,2024,501517486,244064,129451,-4.22577,51.04319,3,3,1,13:51,-1,E07000046,6,0,2,1,1,4,3,7,0,0,0,0,0,1,0,0,0,11,17
2024501517536,2024,501517536,300708,81321,-3.40503,50.62311,3,3,1,17:27,-1,E07000040,6,2,1,0,1,19,5,1,0,0,0,1,0,0,0,0,1,11,17
2024501517578,2024,501517578,146506,30985,-5.54793,50.12468,3,3,7,11:24,-1,E06000052,6,0,1,0,1,"[19, 9]","[8, 6]",4,0,0,0,1,0,1,0,0,0,10,26
2024501517603,2024,501517603,286343,71087,-3.6049,50.52849,2,2,7,22:50,-1,E07000045,3,2,1,0,1,"[9, 13]",4,"[1, 8]",0,0,0,1,0,1,0,0,0,11,16
2024501517750,2024,501517750,244273,125912,-4.22127,51.01145,3,3,2,11:44,-1,E07000046,6,0,2,1,1,"[14, 2]","[3, 0]","[7, 0]","[4, 0]",0,0,1,0,0,0,0,0,11,18
2024501517814,2024,501517814,287347,61889,-3.58797,50.446,3,3,5,17:15,-1,E06000027,6,2,1,0,1,19,3,7,0,0,0,1,0,0,0,0,1,10,31
2024501517904,2024,501517904,275481,123659,-3.77588,50.99881,3,3,2,17:15,-1,E07000043,6,2,2,1,2,"[19, 2]","[7, 0]","[3, 0]","[8, 0]","[2, 0]",0,1,0,0,0,0,0,11,18
2024501517955,2024,501517955,291952,92792,-3.53213,50.72467,3,3,2,21:55,-1,E07000041,6,2,5,1,1,19,8,4,0,0,0,0,0,0,1,0,1,11,18
2024501518191,2024,501518191,225003,64666,-4.46661,50.45566,2,2,6,11:00,-1,E06000052,6,0,1,0,2,19,5,3,0,0,0,1,0,0,0,0,1,11,15