collision_index,collision_year,collision_ref_no,location_easting_osgr,location_northing_osgr,longitude,latitude,casualty_severity,casualty_severity,day_of_week,time,local_authority_district,local_authority_ons_district,first_road_class,light_conditions,weather_conditions,road_surface_conditions,urban_or_rural_area,vehicle_manoeuvre,vehicle_direction_from,vehicle_direction_to,hit_object_in_carriageway,vehicle_leaving_carriageway,hit_object_off_carriageway,is_car,is_cyle,is_mcyle,is_goodsv,is_other,is_pedestrian,month,day
2024501518322,2024,501518322,292019,68031,-3.52397,50.50209,1,1,1,12:50,-1,E06000027,3,0,1,0,2,19,5,1,0,7,4,1,0,0,0,0,0,11,10
2024501518324,2024,501518324,247216,54428,-4.14977,50.36986,2,"[2, 3]",2,16:25,-1,E06000026,6,0,2,1,1,"[15, 7]","[7, 1]",3,0,0,0,1,0,1,0,0,0,11,18
2024501518330,2024,501518330,249244,57435,-4.12248,50.39741,3,3,3,16:55,-1,E06000026,6,2,2,1,1,7,-1,-1,0,0,0,1,0,0,0,0,1,11,19
2024501518335,2024,501518335,324547,93694,-3.07063,50.73794,3,3,2,16:43,-1,E07000040,6,2,2,1,2,19,-1,-1,0,0,0,1,0,0,0,0,1,11,18
2024501518361,2024,501518361,193137,48494,-4.90605,50.30003,2,2,3,17:32,-1,E06000052,3,2,1,1,2,19,7,3,0,0,0,1,0,1,0,0,0,11,19
2024501518364,2024,501518364,306612,96374,-3.3254,50.75942,3,3,3,18:01,-1,E07000040,3,2,1,0,2,"[13, 12]",7,3,0,0,0,1,0,0,0,0,0,11,19
2024501518371,2024,501518371,175851,44791,-5.14621,50.26047,2,2,3,17:03,-1,E06000052,6,2,1,0,2,"[5, 19]","[8, 6]","[6, 2]",0,0,0,1,0,1,0,0,0,11,19
2024501518398,2024,501518398,179835,59796,-5.09916,50.39671,3,3,3,08:19,-1,E06000052,6,0,8,0,2,19,8,4,0,0,0,1,0,0,0,0,1,11,12
2024501518426,2024,501518426,170697,42368,-5.21694,50.23673,3,3,3,22:28,-1,E06000052,3,2,1,1,1,19,1,5,0,0,0,1,0,0,0,0,0,11,19
2024501518849,2024,501518849,184433,44291,-5.0257,50.25917,3,3,7,14:01,-1,E06000052,6,0,1,0,2,"[4, 19]","[8, 4]","[4, 8]",0,"[0, 2]","[0, 10]",1,0,0,0,0,0,11,2
2024501518899,2024,501518899,218122,76649,-4.56928,50.56122,3,3,4,07:02,-1,E06000052,3,0,3,2,2,19,7,3,0,0,0,1,0,0,1,0,0,11,20
2024501518918,2024,501518918,291488,55098,-3.5277,50.38573,2,2,4,16:32,-1,E06000027,6,2,1,1,1,19,6,2,0,0,0,1,0,0,0,0,0,11,20
2024501518979,2024,501518979,246651,54895,-4.1579,50.37391,3,3,3,13:42,-1,E06000026,6,0,8,1,1,"[2, 14]","[0, 8]","[0, 4]","[0, 4]",0,0,1,0,0,0,1,1,11,19
2024501518989,2024,501518989,291933,92824,-3.5324,50.72496,2,"[2, 3]",4,07:00,-1,E07000041,6,2,1,0,1,19,4,8,0,0,0,0,1,0,0,0,1,11,20
2024501519003,2024,501519003,154593,36292,-5.43842,50.17572,3,3,4,05:30,-1,E06000052,4,2,1,0,2,"[19, 6]",6,2,0,0,0,1,0,0,0,0,0,11,20
2024501519108,2024,501519108,283367,93078,-3.65379,50.72558,2,2,5,06:35,-1,E07000045,3,2,6,2,2,19,3,7,0,5,6,1,0,0,0,0,0,11,21
2024501519110,2024,501519110,250919,84573,-4.10978,50.64173,2,2,4,12:27,-1,E07000047,6,0,1,0,2,19,1,5,0,0,0,1,0,0,0,0,0,11,20
2024501519246,2024,501519246,247270,57283,-4.15017,50.39553,3,3,5,08:01,-1,E06000026,6,0,2,1,1,19,7,3,0,0,0,1,0,0,0,0,1,11,21
2024501519307,2024,501519307,247395,55299,-4.14761,50.37774,3,3,4,17:15,-1,E06000026,3,2,2,1,1,"[5, 19]",3,1,0,0,0,1,0,1,0,0,0,11,20
2024501519322,2024,501519322,183373,45232,-5.04109,50.26723,3,3,5,07:30,-1,E06000052,3,0,2,1,1,19,"[2, 6]","[6, 3]",0,0,0,1,0,0,0,0,0,11,21
2024501519346,2024,501519346,244677,59870,-4.18769,50.4181,3,3,4,16:37,-1,E06000026,6,0,1,1,2,19,"[3, -1]","[1, -1]",0,0,0,1,1,0,0,0,0,11,20
2024501519477,2024,501519477,201093,52042,-4.79635,50.33464,2,2,4,17:10,-1,E06000052,3,2,1,0,1,"[9, 14]","[3, 7]","[8, 3]",0,0,0,1,1,0,0,0,0,11,20
2024501519514,2024,501519514,165832,41028,-5.28421,50.22279,3,3,5,16:00,-1,E06000052,6,0,1,1,1,"[3, 1]","[7, 3]","[3, 7]",0,0,0,1,0,0,0,0,0,11,21
2024501519515,2024,501519515,283021,69128,-3.65113,50.51022,3,3,5,07:10,-1,E07000045,6,2,5,1,2,9,1,7,0,0,0,1,0,0,0,0,1,11,21
2024501519589,2024,501519589,291173,65880,-3.53526,50.4826,3,3,5,17:55,-1,E06000027,6,2,8,1,1,"[9, 19]","[2, 6]","[7, 2]",0,"[3, 0]",0,1,0,1,0,0,0,11,21
2024501519597,2024,501519597,249564,73195,-4.12432,50.53913,2,"[3, 2]",5,14:25,-1,E07000047,6,0,1,0,2,19,"[6, 2]","[2, 6]",0,"[1, 7]",0,1,0,0,0,0,0,11,21
2024501519611,2024,501519611,246367,127969,-4.19231,51.0305,3,3,5,19:55,-1,E07000043,3,2,6,2,2,"[19, 9]","[7, 3]","[3, 1]",0,0,0,1,0,0,0,0,0,11,21
2024501519670,2024,501519670,185063,59245,-5.0254,50.3937,2,"[3, 2]",5,22:05,-1,E06000052,3,2,1,0,2,19,"[4, 8]","[8, 4]",0,0,0,1,0,0,0,0,0,11,21
2024501519748,2024,501519748,179702,32881,-5.08535,50.15496,2,2,5,15:30,-1,E06000052,6,0,1,1,1,19,-1,-1,0,0,0,1,0,0,0,0,1,11,21
2024501519772,2024,501519772,252971,55211,-4.06921,50.37837,3,3,6,08:30,-1,E06000026,3,2,1,1,2,19,8,4,0,0,0,1,0,0,0,0,0,11,22
2024501519858,2024,501519858,309468,92236,-3.28391,50.72267,3,3,6,08:20,-1,E07000040,6,0,1,1,2,"[19, 3]",1,5,0,0,0,1,0,0,1,0,0,11,22
2024501519968,2024,501519968,247328,138643,-4.18313,51.12667,3,3,6,08:20,-1,E07000043,6,0,2,1,2,"[4, 19]","[5, 1]","[1, 5]",0,0,0,1,0,0,0,0,0,11,22
2024501520037,2024,501520037,291029,84150,-3.54265,50.64681,3,3,6,14:32,-1,E07000045,3,0,1,1,2,19,5,1,0,4,1,1,0,0,0,0,0,11,22
2024501520111,2024,501520111,232924,83681,-4.36366,50.62883,3,3,6,13:40,-1,E06000052,3,0,8,1,2,"[12, 2]",7,3,"[4, 0]","[0, 1]",0,1,0,0,0,0,0,11,22
2024501520129,2024,501520129,156866,37712,-5.40756,50.1894,3,3,6,08:30,-1,E06000052,6,0,1,0,2,-1,-1,-1,-1,-1,0,1,0,0,0,0,1,11,22
2024501520183,2024,501520183,229008,57585,-4.40701,50.39322,3,3,6,17:47,-1,E06000052,3,2,1,0,2,19,"[4, 8]","[8, 4]",0,0,0,1,0,0,0,0,0,11,22
2024501520195,2024,501520195,170134,43586,-5.22556,50.24745,3,3,6,17:55,-1,E06000052,3,2,1,0,2,"[19, 8]","[7, 1]",3,0,"[0, 3]",0,1,0,0,0,0,0,11,22
2024501520200,2024,501520200,295336,86208,-3.48233,50.6661,3,3,6,18:45,-1,E07000045,3,2,1,1,2,19,1,5,0,2,4,1,0,0,0,0,0,11,22
2024501520231,2024,501520231,245848,59895,-4.17123,50.41864,3,3,5,07:33,-1,E06000026,6,2,5,1,1,7,2,4,0,0,0,1,0,0,0,0,1,11,21
2024501520250,2024,501520250,300447,81981,-3.4089,50.629,3,3,6,23:55,-1,E07000040,3,2,1,1,1,"[7, 2]","[7, 0]","[3, 0]","[0, 12]",0,0,1,0,0,0,0,0,11,22
2024501520293,2024,501520293,178708,33711,-5.09973,50.16204,3,3,6,09:17,-1,E06000052,6,0,1,1,2,19,"[5, 7]","[1, 5]",0,0,0,1,1,0,0,0,0,11,22
2024501520352,2024,501520352,287825,104080,-3.59402,50.82536,3,3,6,20:36,-1,E07000042,3,0,5,1,2,"[5, 19]","[1, 2]","[5, 6]",0,0,0,1,0,0,0,0,0,11,22
2024501520359,2024,501520359,186007,64892,-5.01536,50.44476,2,2,7,09:45,-1,E06000052,6,2,5,1,2,19,4,8,0,0,0,0,0,1,0,0,0,11,23
2024501520424,2024,501520424,270670,92660,-3.83344,50.71913,3,3,7,07:45,-1,E07000047,6,0,2,2,2,19,8,4,0,1,11,1,0,0,0,0,0,11,23
2024501520465,2024,501520465,300162,94889,-3.41642,50.74499,3,3,7,15:12,-1,E07000040,6,0,5,1,2,"[7, 19]","[3, 1]",5,0,0,0,1,0,0,1,0,0,11,23
2024501520506,2024,501520506,286401,79705,-3.60672,50.60597,3,3,7,12:15,-1,E07000045,3,0,5,1,2,13,2,6,0,1,4,1,0,0,0,0,0,11,23
2024501520513,2024,501520513,210414,83320,-4.68139,50.6187,3,3,6,22:50,-1,E06000052,3,2,5,1,2,19,5,1,0,0,0,1,0,0,0,0,0,11,22
2024501520550,2024,501520550,255738,133612,-4.06102,51.08364,3,3,7,16:00,-1,E07000043,3,2,2,1,1,19,5,1,0,1,2,1,0,0,0,0,0,11,23
2024501520582,2024,501520582,292434,92961,-3.52535,50.72628,2,2,7,21:21,-1,E07000041,6,2,5,1,1,6,2,6,0,0,0,1,0,0,0,0,1,11,23
2024501520603,2024,501520603,249926,59701,-4.1138,50.41795,3,3,7,20:42,-1,E06000026,3,2,5,1,1,"[19, 9]","[3, 7]","[7, 5]",0,0,0,1,0,0,0,0,0,11,23
2024501520754,2024,501520754,295762,122344,-3.48659,50.99102,3,3,4,17:30,-1,E07000042,4,2,8,2,2,19,6,2,0,1,11,1,0,0,0,0,0,11,20
2024501520762,2024,501520762,233087,83659,-4.36134,50.62868,1,"[2, 1]",1,07:30,-1,E06000052,3,0,5,1,2,"[2, 19]","[0, 3]","[0, 7]","[0, 4]",0,0,1,0,0,1,0,0,11,24
2024501520789,2024,501520789,317107,99398,-3.17733,50.7882,3,3,1,12:27,-1,E07000040,6,0,5,1,2,19,5,1,0,1,3,1,0,0,0,0,0,11,24
2024501520800,2024,501520800,320649,106073,-3.12853,50.84871,2,2,1,12:28,-1,E07000040,3,0,5,1,2,19,3,7,0,7,4,1,0,0,0,0,0,11,24
2024501520887,2024,501520887,227233,61810,-4.43391,50.43066,3,3,1,16:08,-1,E06000052,3,2,5,1,2,13,4,8,0,1,4,1,0,0,0,0,0,11,24
2024501521053,2024,501521053,292003,64937,-3.5233,50.47427,3,3,2,08:15,-1,E06000027,6,0,1,1,1,7,4,6,0,0,0,1,0,0,0,0,1,11,25
2024501521096,2024,501521096,246327,58561,-4.16395,50.40677,3,3,1,12:45,-1,E06000026,3,0,2,1,2,19,"[2, 4]",6,"[10, 0]","[1, 0]",0,1,0,0,0,0,0,11,24
2024501521098,2024,501521098,295195,111850,-3.49165,50.89659,3,3,1,17:50,-1,E07000042,6,2,1,1,1,9,2,"[6, 8]",0,0,0,1,1,0,0,0,0,11,24
2024501521153,2024,501521153,291825,66529,-3.52626,50.48855,3,3,4,17:23,-1,E06000027,3,2,1,0,2,19,"[6, 5]","[8, 1]",0,0,0,1,1,0,0,0,0,11,20
2024501521160,2024,501521160,244530,129180,-4.21901,51.04088,3,3,7,09:45,-1,E07000046,4,0,4,1,1,"[9, 19]","[4, 1]","[2, 5]",0,0,0,1,0,0,0,0,0,11,23
2024501521173,2024,501521173,259261,135064,-4.01132,51.09756,2,2,2,08:05,-1,E07000043,6,2,8,1,2,19,"[5, 1]","[1, 5]",0,0,0,1,0,0,0,0,0,11,25
2024501521228,2024,501521228,205948,52873,-4.72864,50.34373,3,3,2,13:46,-1,E06000052,3,0,1,1,2,"[19, 10]",7,"[3, 5]",0,0,0,1,0,1,0,0,0,11,25
2024501521233,2024,501521233,245877,54928,-4.16879,50.37401,3,3,2,08:30,-1,E06000026,6,0,1,0,1,5,1,3,0,0,0,1,0,0,0,0,1,11,25
2024501521286,2024,501521286,286539,73310,-3.60281,50.54851,3,3,2,07:40,-1,E07000045,6,0,1,1,1,19,8,4,0,0,0,1,0,0,0,0,1,11,25
2024501521320,2024,501521320,294535,91785,-3.49526,50.71609,2,2,2,14:45,-1,E07000041,6,0,1,0,1,9,4,2,0,0,0,1,0,0,0,0,1,11,25
2024501521323,2024,501521323,184672,54106,-5.02795,50.3474,3,3,2,18:21,-1,E06000052,3,2,1,1,2,"[12, 19]",6,2,0,0,0,1,0,0,0,0,0,11,25
2024501521325,2024,501521325,178858,34272,-5.09796,50.16714,3,3,2,19:25,-1,E06000052,4,2,2,1,1,"[9, 19]","[1, 5]","[3, 1]",0,0,0,1,1,0,0,0,0,11,25
2024501521348,2024,501521348,213940,65163,-4.62254,50.45672,3,3,5,13:39,-1,E06000052,3,0,3,1,2,19,7,3,0,2,4,1,0,0,0,0,0,11,21
2024501521371,2024,501521371,288224,81604,-3.58154,50.62339,2,2,1,15:35,-1,E07000045,3,2,5,1,2,13,1,5,0,1,10,1,0,0,0,0,0,11,24
2024501521383,2024,501521383,289967,90685,-3.55961,50.70536,3,3,2,21:30,-1,E07000045,6,2,1,0,1,19,"[3, 7]","[7, 3]",0,0,0,1,0,1,0,0,0,11,25
2024501521390,2024,501521390,243045,125633,-4.23864,51.00861,3,3,7,17:26,-1,E07000046,6,2,5,1,1,"[19, 9]","[7, 5]",3,"[0, 10]",0,0,1,0,0,0,0,0,11,23
2024501521450,2024,501521450,292880,93292,-3.51913,50.72934,3,3,3,01:21,-1,E07000041,4,2,2,1,1,4,1,5,0,0,0,1,0,0,0,0,1,11,19
2024501521545,2024,501521545,149366,34936,-5.51059,50.16136,3,3,6,08:30,-1,E06000052,4,0,1,0,2,19,"[5, 1]","[1, 5]",0,0,0,1,0,0,1,0,0,9,27
2024501521558,2024,501521558,250382,62811,-4.10862,50.44602,3,3,2,16:40,-1,E07000044,3,0,1,1,2,"[3, 19]",1,5,0,0,0,1,0,0,0,0,0,11,25
2024501521586,2024,501521586,247319,54625,-4.1484,50.37166,2,2,2,14:09,-1,E06000026,3,0,1,0,1,19,1,5,0,0,0,1,0,0,0,0,1,11,25
2024501521597,2024,501521597,181549,44554,-5.06625,50.26047,2,2,3,06:55,-1,E06000052,3,2,1,1,1,"[19, 5]","[7, 1]","[3, 6]",0,0,0,1,0,1,0,0,0,11,26
2024501521703,2024,501521703,201735,54076,-4.78841,50.35313,3,3,3,10:57,-1,E06000052,6,0,1,1,2,19,5,1,10,0,0,1,0,0,0,0,0,11,26
2024501521714,2024,501521714,201217,52028,-4.79461,50.33456,3,3,3,07:25,-1,E06000052,3,2,1,1,1,19,3,7,0,0,0,1,0,0,0,0,1,11,26
2024501521739,2024,501521739,252927,128616,-4.09909,51.03803,3,3,2,10:06,-1,E07000043,4,0,1,1,2,19,6,2,0,2,10,1,0,0,0,0,0,11,25
2024501521863,2024,501521863,290426,65300,-3.54562,50.47724,2,2,3,14:05,-1,E06000027,6,0,1,1,1,"[19, 2]","[5, 0]","[1, 0]",0,0,0,1,0,1,0,0,0,11,26
2024501521889,2024,501521889,246508,54336,-4.15968,50.36885,3,3,3,17:00,-1,E06000026,6,2,2,1,1,2,0,0,0,0,0,1,0,0,0,0,1,11,26
2024501521917,2024,501521917,200440,53154,-4.80611,50.34441,3,3,2,15:20,-1,E06000052,6,0,1,1,2,19,"[5, 1]","[1, 5]","[0, 10]",0,0,1,0,0,0,0,0,11,25
2024501522217,2024,501522217,171660,47489,-5.20654,50.28309,2,2,4,08:37,-1,E06000052,6,0,1,0,2,19,2,6,0,0,0,1,0,0,0,0,1,11,27
2024501522347,2024,501522347,292808,92752,-3.51999,50.72447,2,2,4,16:52,-1,E07000041,4,2,1,0,1,"[8, 9]","[1, 4]","[2, 1]",0,0,0,1,0,1,0,0,0,11,27
2024501522366,2024,501522366,246354,59233,-4.16385,50.41282,3,3,4,18:38,-1,E06000026,4,2,1,0,1,"[9, 19]","[3, 7]","[1, 3]",0,"[7, 0]",0,1,1,0,0,0,0,11,27
2024501522433,2024,501522433,294032,90580,-3.50203,50.70517,3,3,4,15:54,-1,E07000041,3,0,1,0,2,"[2, 19]","[0, 8]","[0, 4]",0,0,0,1,0,1,0,0,0,9,25
2024501522449,2024,501522449,176191,19606,-5.12665,50.03443,3,3,4,22:30,-1,E06000052,6,2,1,0,2,19,"[1, 4]","[5, 8]",0,0,0,1,0,0,0,0,0,11,27
2024501522523,2024,501522523,298661,96348,-3.43809,50.75785,3,3,5,08:40,-1,E07000040,6,0,1,0,2,19,4,8,0,0,0,1,0,0,0,0,1,11,28
2024501522529,2024,501522529,287237,92389,-3.59878,50.72015,3,3,5,06:53,-1,E07000045,3,2,1,1,2,"[5, 19]",4,8,0,0,0,1,0,0,1,0,0,11,28
2024501522557,2024,501522557,247532,74191,-4.15338,50.54755,3,3,4,08:29,-1,E07000047,6,0,1,0,1,"[19, 4]",2,"[6, 1]",0,0,0,1,0,0,0,0,0,11,27
2024501522589,2024,501522589,286089,71380,-3.60857,50.53107,3,3,5,10:31,-1,E07000045,6,0,1,0,1,3,3,7,0,0,0,1,0,0,0,0,1,11,28
2024501522633,2024,501522633,267045,94241,-3.88533,50.73253,3,3,5,09:41,-1,E07000047,3,2,3,2,2,"[19, 3]",4,8,"[4, 0]","[0, 1]",0,1,0,0,1,0,0,11,21
2024501522785,2024,501522785,245398,56580,-4.1762,50.38873,3,3,5,10:36,-1,E06000026,6,0,1,0,1,9,2,1,0,0,0,1,1,0,0,0,0,11,28
2024501522808,2024,501522808,256966,132074,-4.04289,51.07012,3,3,5,15:10,-1,E07000043,6,0,1,0,1,7,6,8,0,0,0,1,0,0,0,0,1,11,28
2024501522873,2024,501522873,245195,57463,-4.17942,50.39661,3,3,5,16:20,-1,E06000026,6,0,1,0,1,"[3, 10]",8,4,0,0,0,1,0,1,0,0,0,11,28
2024501522895,2024,501522895,222909,61833,-4.49474,50.42958,3,3,5,18:10,-1,E06000052,6,2,2,1,2,19,1,5,0,2,10,1,0,0,0,0,0,11,28
2024501522896,2024,501522896,247368,56989,-4.14867,50.39292,3,3,4,16:10,-1,E06000026,3,2,1,0,1,"[19, 9]","[6, 8]","[2, 6]",0,0,0,1,0,1,0,0,0,11,6
2024501522950,2024,501522950,245892,58912,-4.17021,50.40981,3,3,5,18:42,-1,E06000026,3,2,2,1,2,"[2, 11, 19]","[0, 3]","[0, 7]","[0, -1]",0,0,1,0,0,1,0,0,11,28
2024501522972,2024,501522972,280448,60661,-3.6847,50.43359,3,3,5,19:00,-1,E07000044,3,2,1,0,2,19,7,3,0,0,0,1,0,0,0,0,1,11,28
2024501522978,2024,501522978,248474,58666,-4.1338,50.40828,3,3,4,13:10,-1,E06000026,3,0,1,0,1,"[12, 19]",5,1,0,0,0,1,0,1,0,0,0,11,27
2024501522981,2024,501522981,288962,60159,-3.56472,50.43075,2,2,6,00:45,-1,E06000027,4,2,1,0,1,19,1,5,0,0,0,0,0,0,1,0,1,11,1
2024501522985,2024,501522985,166538,27472,-5.26602,50.10135,2,2,7,16:30,-1,E06000052,4,0,1,0,1,"[19, 9]","[1, 3]","[5, 1]",0,0,0,1,0,1,0,0,0,11,16
2024501523324,2024,501523324,232305,116208,-4.38724,50.9209,3,3,6,08:55,-1,E07000046,6,0,8,1,2,19,"[7, 3]","[3, 7]",0,0,0,1,0,0,0,0,0,11,29
2024501523334,2024,501523334,296787,91264,-3.46322,50.71182,3,3,6,16:00,-1,E07000040,1,0,2,1,2,"[19, 11]","[1, 6]","[6, 5]",0,0,0,1,0,0,0,0,0,11,29
2024501523337,2024,501523337,247429,55279,-4.14712,50.37757,3,3,6,15:33,-1,E06000026,3,0,1,1,1,"[5, 7]","[3, 1]",7,99,0,0,1,0,0,0,0,0,11,29
2024501523393,2024,501523393,324405,90103,-3.0719,50.70563,3,3,6,14:30,-1,E07000040,4,0,1,0,2,19,3,1,0,0,0,1,0,0,0,0,1,11,29
2024501523474,2024,501523474,192059,48607,-4.92123,50.30067,3,3,6,18:35,-1,E06000052,3,2,2,1,2,"[12, 19]",3,7,0,0,0,1,0,0,0,0,0,11,29
2024501523482,2024,501523482,241025,54199,-4.23666,50.36616,3,3,7,00:07,-1,E06000052,6,2,5,1,2,19,1,5,0,0,0,1,0,0,0,0,0,11,30
2024501523499,2024,501523499,269427,58986,-3.83921,50.41619,3,3,7,00:14,-1,E07000044,4,2,7,1,2,19,2,6,0,8,7,1,0,0,0,0,0,11,30
2024501523535,2024,501523535,323676,109846,-3.08633,50.88304,3,3,3,09:24,-1,E07000040,3,0,5,1,2,"[7, 10]","[4, 8]",6,0,0,0,1,0,0,0,0,0,11,19
2024501523702,2024,501523702,244612,126516,-4.2167,51.01697,3,3,6,17:18,-1,E07000046,6,2,2,1,1,9,7,5,0,0,0,1,0,0,0,0,1,11,29
2024501523726,2024,501523726,287611,71944,-3.58728,50.53644,3,3,6,14:50,-1,E07000045,3,0,2,1,2,19,2,6,"[10, 0]",0,0,1,0,0,0,0,0,11,29
2024501523777,2024,501523777,196647,60445,-4.86329,50.4086,3,3,6,23:40,-1,E06000052,6,2,2,2,2,19,3,7,0,"[3, 0]","[11, 0]",1,0,0,0,0,0,11,29
2024501523780,2024,501523780,288513,65253,-3.57255,50.47646,3,3,5,19:00,-1,E06000027,6,2,2,1,1,"[3, 19]",7,3,0,0,0,1,0,0,0,0,0,11,28
2024501523822,2024,501523822,294475,94344,-3.49684,50.73909,3,3,7,16:55,-1,E07000041,6,2,1,1,1,"[19, 9]","[7, 3]","[3, 1]",0,0,0,1,0,1,0,0,0,11,30
2024501523830,2024,501523830,250029,60737,-4.11276,50.42729,3,3,7,22:00,-1,E06000026,3,2,2,1,1,19,1,5,0,0,0,1,0,0,0,0,1,11,30
2024501523934,2024,501523934,312682,87548,-3.23728,50.68101,3,3,7,16:10,-1,E07000040,6,0,1,1,1,7,3,5,0,0,0,1,0,0,0,0,1,11,30
2024501523955,2024,501523955,199224,43732,-4.81817,50.25936,2,2,1,11:57,-1,E06000052,6,0,2,1,2,19,3,6,0,0,0,0,0,1,0,0,0,12,1
2024501524136,2024,501524136,237527,85548,-4.29945,50.6469,2,2,1,23:07,-1,E07000047,3,2,2,1,2,19,2,6,0,5,6,1,0,0,0,0,0,12,1
2024501524145,2024,501524145,285217,92945,-3.62755,50.72475,3,3,6,17:20,-1,E07000045,6,2,2,1,2,19,3,7,0,2,11,1,0,0,0,0,0,11,29
2024501524409,2024,501524409,193852,68355,-4.90692,50.47867,3,3,2,09:25,-1,E06000052,3,0,4,0,2,19,6,2,0,0,0,1,0,0,0,0,0,12,2
2024501524573,2024,501524573,285074,94568,-3.63008,50.73932,3,3,2,20:00,-1,E07000045,6,2,1,1,2,19,3,7,0,1,4,1,0,0,0,0,0,12,2
2024501524600,2024,501524600,246198,55434,-4.16448,50.37864,3,3,2,22:10,-1,E06000026,6,2,1,0,1,"[9, 19]","[8, 7]","[6, 2]",0,0,0,1,0,0,0,0,0,12,2
2024501524629,2024,501524629,291944,55868,-3.52151,50.39273,2,"[3, 2]",2,22:20,-1,E06000027,3,2,1,0,1,"[9, 19]","[4, 2]","[2, 6]","[0, 10]","[0, 7]","[0, 10]",1,0,0,0,0,0,12,2
2024501524805,2024,501524805,283320,60153,-3.64412,50.4296,3,3,3,07:41,-1,E07000044,3,0,1,2,2,"[4, 9]","[3, 1]",7,0,0,0,1,0,0,0,0,0,12,3
2024501524910,2024,501524910,175711,45702,-5.14871,50.26859,3,3,3,12:02,-1,E06000052,6,0,1,0,2,"[19, 10]",1,"[5, 7]",0,0,0,1,0,1,0,0,0,12,3
2024501525009,2024,501525009,248790,54125,-4.12753,50.36755,3,3,3,12:42,-1,E06000026,6,0,1,0,1,19,5,1,0,0,0,0,0,1,0,0,0,12,3
2024501525027,2024,501525027,323234,98670,-3.09027,50.7825,3,3,3,13:14,-1,E07000040,3,0,1,0,2,19,3,7,10,0,0,1,0,0,0,0,0,12,3
2024501525085,2024,501525085,164598,40045,-5.30087,50.21348,3,3,3,16:50,-1,E06000052,5,0,1,0,1,19,5,2,0,0,0,1,0,0,0,0,1,12,3
2024501525090,2024,501525090,247645,73737,-4.1516,50.5435,3,3,3,14:55,-1,E07000047,6,0,1,0,1,19,8,4,10,3,8,1,0,0,0,0,1,12,3
2024501525212,2024,501525212,263133,74821,-3.93355,50.55708,2,2,3,06:30,-1,E07000047,4,2,8,1,2,19,3,6,12,0,0,0,0,1,0,0,0,12,3
2024501525588,2024,501525588,296316,93255,-3.47045,50.72963,3,3,1,12:50,-1,E07000041,6,0,8,1,2,"[13, 12]",8,4,0,0,0,1,0,0,0,0,0,10,6
2024501525677,2024,501525677,176628,42763,-5.13413,50.24255,3,3,4,17:50,-1,E06000052,6,2,2,1,2,19,"[2, 4]","[6, 8]",0,0,0,1,0,0,0,0,0,12,4
2024501525683,2024,501525683,238330,61947,-4.27786,50.43505,3,3,4,18:42,-1,E06000052,6,2,5,1,2,9,2,6,0,0,0,1,0,0,0,0,0,12,4
2024501525697,2024,501525697,240055,60991,-4.25318,50.42694,2,2,4,14:30,-1,E06000052,3,0,1,1,2,19,"[4, 8]","[8, 4]",0,"[2, 0]","[10, 0]",1,0,0,0,0,0,12,4
2024501525737,2024,501525737,178785,49377,-5.10779,50.30275,3,3,4,17:40,-1,E06000052,3,2,2,1,2,12,7,3,0,0,0,1,0,0,0,0,0,12,4
2024501525761,2024,501525761,325415,110356,-3.06172,50.88786,3,3,3,18:16,-1,E07000040,3,2,1,0,2,19,"[6, 2]","[2, 6]",0,0,0,1,0,0,0,0,0,12,3
2024501525771,2024,501525771,288585,61418,-3.5704,50.442,3,3,4,17:43,-1,E06000027,6,2,2,1,1,19,2,6,0,0,0,1,0,0,0,0,1,12,4
2024501525821,2024,501525821,293001,94414,-3.51774,50.73945,2,2,3,17:12,-1,E07000041,6,2,1,1,1,19,5,1,0,0,0,1,0,0,0,0,1,12,3
2024501525825,2024,501525825,248652,54968,-4.12981,50.37509,3,3,4,23:06,-1,E06000026,6,2,3,1,1,19,"[5, 7]","[1, 3]",0,0,0,1,0,0,0,0,0,12,4
2024501525829,2024,501525829,229880,66470,-4.39879,50.4733,2,2,3,18:25,-1,E06000052,3,2,1,0,2,19,2,7,0,8,4,1,0,0,0,0,0,12,3
2024501525870,2024,501525870,194020,71661,-4.90638,50.50842,2,"[2, 3]",3,08:26,-1,E06000052,3,0,1,1,2,19,"[8, 7, 3]","[4, 3, 7]",0,0,0,1,0,0,1,0,0,11,26
2024501525991,2024,501525991,333256,94079,-2.9473,50.74247,3,3,5,10:30,-1,E07000040,6,0,1,1,2,19,"[6, 2]","[2, 6]",0,0,0,1,0,0,0,0,0,12,5
2024501526082,2024,501526082,246317,55906,-4.163,50.38291,2,2,5,07:15,-1,E06000026,4,2,2,1,1,19,6,2,0,0,0,1,0,0,0,0,1,12,5
2024501526158,2024,501526158,161153,38493,-5.3481,50.19816,3,3,4,18:00,-1,E06000052,6,2,2,1,2,"[13, 9]",8,"[4, 6]",0,"[0, 1]","[0, 10]",1,0,0,0,0,0,12,4
2024501526207,2024,501526207,220861,106532,-4.54515,50.83053,2,2,5,12:00,-1,E06000052,6,0,2,1,2,9,3,1,0,0,0,1,0,0,0,0,1,12,5
2024501526213,2024,501526213,304795,89494,-3.34938,50.69727,3,3,4,17:02,-1,E07000040,4,2,2,1,2,19,"[1, 5]","[5, 1]",0,0,0,1,0,0,0,0,0,12,4