collision_index,collision_year,collision_ref_no,location_easting_osgr,location_northing_osgr,longitude,latitude,casualty_severity,casualty_severity,day_of_week,time,local_authority_district,local_authority_ons_district,first_road_class,light_conditions,weather_conditions,road_surface_conditions,urban_or_rural_area,vehicle_manoeuvre,vehicle_direction_from,vehicle_direction_to,hit_object_in_carriageway,vehicle_leaving_carriageway,hit_object_off_carriageway,is_car,is_cyle,is_mcyle,is_goodsv,is_other,is_pedestrian,month,day
2024501526273,2024,501526273,256183,135154,-4.05529,51.09761,2,2,5,13:45,-1,E07000043,3,0,5,1,2,19,5,1,0,0,0,0,0,0,1,0,1,12,5
2024501526359,2024,501526359,252692,56584,-4.07367,50.39064,3,3,5,17:45,-1,E06000026,4,2,2,1,1,4,3,7,0,0,0,1,0,0,0,0,0,12,5
2024501526456,2024,501526456,329567,98455,-3.00041,50.78137,3,3,4,17:50,-1,E07000040,3,2,1,1,2,19,6,2,0,0,0,1,0,0,0,0,1,12,4
2024501526701,2024,501526701,245354,55448,-4.17635,50.37854,3,3,6,14:30,-1,E06000026,4,0,1,0,1,10,7,5,0,0,0,1,0,0,0,0,0,12,6
2024501526707,2024,501526707,307999,88089,-3.30368,50.68516,3,3,6,11:30,-1,E07000040,6,0,1,1,2,19,"[8, 2]","[2, 6]",0,0,0,1,0,0,0,0,0,12,6
2024501526729,2024,501526729,286530,72175,-3.60259,50.53831,3,3,6,08:11,-1,E07000045,3,0,1,0,2,"[10, 19]",2,6,0,0,0,1,0,0,0,0,0,12,6
2024501526772,2024,501526772,249301,54470,-4.12049,50.37078,3,3,6,15:31,-1,E06000026,3,2,5,1,1,"[3, 4]","[3, 7]","[7, 3]",0,0,0,1,0,0,0,0,0,12,6
2024501526798,2024,501526798,309638,97708,-3.28284,50.77189,3,3,6,16:49,-1,E07000040,4,2,2,1,2,"[7, 19]","[1, 3]","[3, 7]",0,"[0, 7]",0,1,0,0,0,0,0,12,6
2024501526801,2024,501526801,292361,93739,-3.52661,50.73326,3,3,6,17:50,-1,E07000041,6,2,2,1,1,5,4,1,0,0,0,1,0,0,0,0,1,12,6
2024501526819,2024,501526819,254582,132376,-4.07701,51.07224,3,3,6,18:30,-1,E07000043,3,2,2,1,1,19,3,7,0,0,0,1,0,0,0,0,1,12,6
2024501526854,2024,501526854,243163,71721,-4.21396,50.5242,3,3,2,11:18,-1,E06000052,6,0,1,0,2,4,3,6,0,0,0,1,0,0,0,0,1,12,2
2024501527143,2024,501527143,196846,57422,-4.85886,50.38152,3,3,7,14:15,-1,E06000052,6,0,4,1,2,19,3,7,0,0,0,0,0,0,1,0,0,12,7
2024501527236,2024,501527236,244914,129132,-4.21351,51.04056,3,3,7,22:55,-1,E07000046,6,2,4,0,1,19,"[5, 4]","[1, 8]",0,0,0,1,0,0,0,0,0,12,7
2024501527238,2024,501527238,177199,38085,-5.12339,50.20076,3,3,7,23:00,-1,E06000052,3,2,4,1,2,19,6,2,0,"[1, 0]",0,1,0,0,0,0,0,12,7
2024501527258,2024,501527258,249478,59172,-4.11988,50.41308,3,3,6,21:50,-1,E06000026,6,2,8,1,2,"[12, 11]","[5, 3]","[1, 7]",0,"[0, 1]",0,1,0,0,0,0,0,11,29
2024501527264,2024,501527264,253135,70108,-4.07274,50.51229,3,3,6,23:28,-1,E07000047,6,2,5,1,2,19,5,1,0,0,0,1,0,0,0,0,0,12,6
2024501527282,2024,501527282,218539,76896,-4.56352,50.56357,3,3,4,04:04,-1,E06000052,6,2,1,1,2,19,7,3,0,7,1,1,0,0,0,0,0,12,4
2024501527289,2024,501527289,246459,56297,-4.16117,50.38646,3,3,4,07:49,-1,E06000026,6,0,1,0,1,"[7, 19]","[4, 2]",6,0,0,0,1,0,1,0,0,0,11,20
2024501527292,2024,501527292,259124,131609,-4.01193,51.06648,2,"[2, 3]",7,02:25,-1,E07000043,6,2,5,1,2,19,7,3,0,2,1,1,0,0,0,0,0,12,7
2024501527628,2024,501527628,296613,78719,-3.46218,50.59901,3,3,6,20:20,-1,E07000045,6,2,2,1,2,9,7,5,0,0,0,1,0,0,0,0,1,12,6
2024501527637,2024,501527637,294826,79905,-3.48776,50.60935,3,3,2,08:10,-1,E07000045,6,0,1,1,2,19,4,8,0,1,11,1,0,0,0,0,0,12,9
2024501527721,2024,501527721,249233,54220,-4.12134,50.36851,3,3,5,17:23,-1,E06000026,3,2,2,1,1,19,3,7,0,0,0,1,0,0,0,0,0,12,5
2024501527804,2024,501527804,182521,44875,-5.05282,50.26371,3,3,4,14:30,-1,E06000052,6,0,1,0,1,4,7,3,0,0,0,1,0,0,0,0,1,11,27
2024501527820,2024,501527820,166657,38898,-5.27136,50.20399,3,3,2,11:07,-1,E06000052,6,0,4,0,2,19,"[7, 3]","[3, 7]",0,0,0,1,0,0,0,0,0,12,9
2024501527853,2024,501527853,182508,44591,-5.05284,50.26116,3,3,6,18:15,-1,E06000052,6,2,2,1,1,"[9, 4]","[8, 6]","[6, 2]",0,0,0,1,1,0,0,0,0,12,6
2024501527986,2024,501527986,245248,76125,-4.1864,50.56433,3,3,2,15:10,-1,E07000047,6,0,1,1,2,19,4,2,0,8,10,1,0,0,0,0,0,12,9
2024501528010,2024,501528010,166020,41079,-5.28161,50.22332,2,2,2,18:06,-1,E06000052,6,2,1,1,1,"[19, 2]","[2, 0]","[6, 0]",0,0,0,1,0,0,0,0,1,12,9
2024501528022,2024,501528022,254019,56645,-4.05503,50.39152,3,3,2,05:30,-1,E06000026,4,2,1,0,1,"[7, 19]","[4, 7]","[8, 2]",0,0,0,1,0,0,0,0,0,12,9
2024501528088,2024,501528088,182366,44423,-5.05473,50.2596,3,3,3,07:05,-1,E06000052,6,2,1,0,1,"[5, 19]","[1, -1]","[5, -1]",0,0,0,1,1,0,0,0,0,12,10
2024501528094,2024,501528094,251711,53239,-4.08614,50.36033,3,3,3,08:20,-1,E06000026,6,0,1,0,1,19,"[3, 5]","[7, 1]",0,0,0,1,0,0,0,0,0,12,10
2024501528167,2024,501528167,284370,74864,-3.6339,50.56205,2,2,3,06:05,-1,E07000045,6,2,8,0,2,19,7,3,0,7,10,0,0,1,0,0,0,12,10
2024501528198,2024,501528198,253708,56436,-4.05932,50.38956,2,2,3,10:55,-1,E06000026,4,0,1,0,1,"[10, 9]","[2, 7]","[7, 4]",0,0,0,1,0,1,0,0,0,12,10
2024501528312,2024,501528312,300983,114271,-3.41003,50.91937,3,3,3,07:26,-1,E07000042,3,2,1,0,2,19,7,3,0,0,0,1,0,0,0,0,0,12,10
2024501528411,2024,501528411,207046,67021,-4.7205,50.47118,3,3,3,16:11,-1,E06000052,4,0,1,0,1,1,-1,-1,0,0,0,1,0,0,0,0,1,12,10
2024501528421,2024,501528421,166515,27540,-5.26638,50.10195,3,3,3,19:25,-1,E06000052,4,2,1,0,1,"[5, 19]",8,4,0,0,0,1,0,1,0,0,0,12,10
2024501528453,2024,501528453,305343,95845,-3.34326,50.75446,3,3,3,19:00,-1,E07000040,4,2,1,0,2,19,7,3,10,0,0,1,0,0,0,0,0,12,10
2024501528527,2024,501528527,202395,56247,-4.78029,50.37285,2,2,3,15:25,-1,E06000052,4,0,1,0,2,"[3, 19]",1,5,"[0, 4]",0,0,1,0,0,0,0,0,12,10
2024501528545,2024,501528545,293292,93393,-3.51332,50.73032,3,3,3,16:40,-1,E07000041,4,2,1,0,1,"[9, 19]",3,"[1, 7]",0,"[0, 1]",0,1,1,0,0,0,0,12,10
2024501528548,2024,501528548,221334,80044,-4.52561,50.59271,2,2,4,07:00,-1,E06000052,3,2,7,0,2,19,6,2,0,0,0,1,0,0,1,0,0,12,11
2024501528598,2024,501528598,207013,67022,-4.72097,50.47118,3,3,6,11:50,-1,E06000052,4,0,8,0,1,19,3,7,0,0,0,1,0,0,0,0,1,12,6
2024501528771,2024,501528771,296419,79561,-3.46516,50.60654,3,3,4,12:29,-1,E07000045,3,0,1,0,2,19,5,1,0,7,0,1,0,0,0,0,0,12,11
2024501528788,2024,501528788,293735,92680,-3.50684,50.72399,3,3,4,08:30,-1,E07000041,6,0,1,0,1,"[19, 2]","[1, 0]","[5, 0]","[8, 0]",0,0,1,1,0,0,0,0,12,11
2024501528819,2024,501528819,286624,63129,-3.59852,50.457,3,3,3,15:45,-1,E07000044,6,0,1,0,1,"[2, 19]","[0, 1]","[0, 5]",0,0,0,1,0,0,0,1,0,12,3
2024501528850,2024,501528850,292871,106836,-3.52321,50.85109,2,"[3, 2]",4,16:25,-1,E07000042,3,2,1,0,2,"[13, 4]","[7, 3]","[3, 7]",0,0,0,1,0,0,0,0,0,12,11
2024501528867,2024,501528867,247010,60849,-4.15528,50.42751,3,3,3,19:57,-1,E06000026,6,2,1,0,1,19,1,5,0,0,0,1,0,0,0,0,0,12,10
2024501529283,2024,501529283,247873,74251,-4.1486,50.54818,2,2,4,11:57,-1,E07000047,6,0,1,0,1,"[19, 1]","[3, 5]","[7, 1]",0,0,0,1,0,1,0,0,0,12,11
2024501529322,2024,501529322,292496,65241,-3.51644,50.4771,3,3,5,14:20,-1,E06000027,6,0,1,0,1,"[5, 19]","[3, 6]","[7, 2]",0,0,0,1,0,1,0,0,0,12,12
2024501529376,2024,501529376,250111,56443,-4.10989,50.38872,3,3,5,12:20,-1,E06000026,6,0,8,0,1,20,5,1,0,0,0,1,0,0,0,0,1,12,12
2024501529384,2024,501529384,292531,92991,-3.52398,50.72657,3,3,5,17:30,-1,E07000041,6,2,1,0,1,"[1, 3]",4,8,0,0,0,1,1,0,0,0,0,12,12
2024501529409,2024,501529409,299751,102281,-3.42426,50.81138,3,3,5,15:45,-1,E07000040,1,0,1,0,2,"[2, 19]","[0, 1]","[0, 5]",0,0,0,1,0,0,0,0,0,12,12
2024501529430,2024,501529430,248220,57789,-4.13702,50.40033,3,3,5,15:14,-1,E06000026,3,0,1,0,1,"[11, 19]","[8, 5]","[8, 1]",0,0,0,1,0,0,0,0,0,12,12
2024501529450,2024,501529450,293415,89136,-3.51035,50.69208,3,3,5,19:08,-1,E07000045,3,2,1,0,2,4,7,3,0,0,0,1,0,0,0,0,0,12,12
2024501529455,2024,501529455,286825,71399,-3.5982,50.53139,3,3,5,14:59,-1,E07000045,6,0,1,0,1,19,7,3,5,0,0,1,0,0,0,0,0,12,12
2024501529469,2024,501529469,246382,58672,-4.16322,50.40779,3,3,5,18:45,-1,E06000026,3,2,1,0,2,"[3, 19, 4]",7,3,"[0, 4]","[0, 1, 7]",0,1,0,0,0,0,0,12,12
2024501529492,2024,501529492,242239,58769,-4.22152,50.40756,3,3,4,06:12,-1,E06000052,6,2,1,0,1,"[9, 19]","[8, 6]","[6, 3]",0,0,0,1,1,0,0,0,0,12,4
2024501529498,2024,501529498,245533,73008,-4.18108,50.53639,3,3,6,01:50,-1,E07000047,3,2,1,0,2,19,6,2,0,1,11,1,0,0,0,0,0,12,13
2024501529735,2024,501529735,214888,74074,-4.61361,50.53707,2,2,5,12:40,-1,E06000052,3,0,1,0,2,19,7,3,0,1,0,1,0,0,0,0,0,12,12
2024501529777,2024,501529777,166213,27032,-5.27029,50.09727,3,3,6,15:45,-1,E06000052,6,0,1,0,1,19,"[5, 8]","[8, 5]",0,0,0,1,0,0,0,0,0,12,13
2024501529781,2024,501529781,302467,81925,-3.38034,50.62884,2,2,6,14:10,-1,E07000040,4,0,2,1,1,19,3,7,0,0,0,0,0,0,1,0,1,12,13
2024501529825,2024,501529825,294330,89672,-3.49755,50.69706,2,2,6,15:26,-1,E07000041,3,0,1,1,1,"[5, 19]","[2, 7]","[6, 3]",0,0,0,1,1,0,0,0,0,12,13
2024501529828,2024,501529828,326373,98759,-3.04577,50.78371,3,3,6,15:52,-1,E07000040,3,2,1,1,2,19,3,7,0,0,0,1,0,0,0,0,0,12,13
2024501529843,2024,501529843,233221,59125,-4.34848,50.40827,3,3,6,14:43,-1,E06000052,3,0,1,0,2,"[3, 4]",3,6,0,0,0,1,0,0,1,0,0,12,13
2024501529866,2024,501529866,248990,59260,-4.12678,50.41375,3,3,5,21:49,-1,E06000026,3,2,8,0,1,"[19, 9]","[2, 6]","[6, 3]",0,0,0,1,0,0,0,0,0,12,12
2024501529943,2024,501529943,166246,25999,-5.26919,50.08801,1,"[3, 1]",7,00:04,-1,E06000052,3,2,1,0,2,19,"[1, 5]","[5, 1]",0,"[1, 2]",0,1,0,0,0,0,0,12,14
2024501529991,2024,501529991,291613,93155,-3.53703,50.72787,3,3,5,12:40,-1,E07000041,4,0,8,0,1,19,3,7,0,0,0,0,1,0,0,0,1,12,12
2024501530012,2024,501530012,248870,54563,-4.12658,50.3715,3,3,5,15:35,-1,E06000026,4,0,1,0,1,19,5,"[8, 1]",0,0,0,0,1,1,0,0,0,12,12
2024501530077,2024,501530077,226709,101922,-4.46001,50.7909,3,3,7,13:30,-1,E07000046,4,0,1,1,2,19,1,5,0,1,10,1,0,0,0,0,0,12,14
2024501530093,2024,501530093,270738,106640,-3.8374,50.8448,1,"[2, 1]",5,11:43,-1,E07000042,4,0,1,0,2,19,5,1,0,0,0,0,0,0,0,1,0,12,12
2024501530181,2024,501530181,295398,89279,-3.48233,50.69372,3,3,7,16:27,-1,E07000041,6,2,1,0,1,"[19, 4]",8,4,0,0,0,1,0,0,0,0,0,12,14
2024501530200,2024,501530200,189695,59994,-4.96074,50.4021,3,3,7,16:12,-1,E06000052,3,2,1,0,2,"[19, 3]","[4, 2]","[8, 6]",0,"[2, 0]",0,1,0,0,0,0,0,12,14
2024501530221,2024,501530221,294205,94338,-3.50066,50.73898,3,3,7,20:50,-1,E07000041,6,2,1,0,1,"[19, 2]","[4, 0]","[8, 0]","[4, 0]","[2, 0]",0,1,0,0,0,0,0,12,14
2024501530264,2024,501530264,268265,49966,-3.8524,50.33485,3,3,7,22:28,-1,E07000044,3,2,1,1,2,19,"[8, 4]","[4, 8]",0,0,0,1,0,1,0,0,0,12,14
2024501530294,2024,501530294,287721,60051,-3.58215,50.42955,3,3,5,07:22,-1,E06000027,3,0,2,1,1,"[7, 19]","[5, 2]",6,0,0,0,1,1,0,0,0,0,12,5
2024501530307,2024,501530307,252215,117155,-4.10458,50.93485,3,3,1,05:07,-1,E07000046,3,2,8,1,2,9,7,4,6,2,10,1,0,0,0,0,0,12,15
2024501530310,2024,501530310,226001,111182,-4.47445,50.87388,3,3,7,15:05,-1,E06000052,4,0,1,0,2,19,7,5,0,1,3,1,0,0,0,0,0,12,14
2024501530336,2024,501530336,241416,60056,-4.23364,50.4189,3,3,7,19:05,-1,E06000052,3,2,1,0,2,"[5, 2]","[1, 0]","[5, 0]",0,0,0,1,0,1,0,0,0,12,14
2024501530411,2024,501530411,200803,50301,-4.7995,50.31891,3,3,1,11:00,-1,E06000052,4,0,1,1,2,"[10, 19]",5,1,"[0, 4]",0,0,1,0,0,0,0,0,12,15
2024501530449,2024,501530449,284384,93116,-3.6394,50.72613,2,2,1,01:20,-1,E07000045,3,2,1,0,2,19,7,3,0,1,4,1,0,0,0,0,0,12,15
2024501530464,2024,501530464,265607,51702,-3.89034,50.34985,2,2,7,17:30,-1,E07000044,3,2,1,0,2,19,7,3,0,7,11,1,0,0,0,0,0,12,14
2024501530513,2024,501530513,190020,71584,-4.96267,50.50631,3,3,1,21:35,-1,E06000052,6,2,2,1,2,19,5,1,0,0,0,1,0,0,0,0,0,12,15
2024501530518,2024,501530518,286535,58570,-3.59839,50.416,2,2,1,16:20,-1,E06000027,6,2,1,1,2,19,3,7,0,0,0,0,0,1,0,0,0,12,15
2024501530536,2024,501530536,233505,85466,-4.35625,50.64503,3,3,7,23:25,-1,E06000052,3,2,2,1,2,19,"[6, 2]","[2, 6]",0,0,0,1,0,0,0,0,0,12,14
2024501530701,2024,501530701,291138,65238,-3.53557,50.47682,3,3,2,07:00,-1,E06000027,6,2,8,0,1,19,"[1, 3]","[5, 7]",0,0,0,1,0,0,0,0,0,12,16
2024501530842,2024,501530842,276166,70120,-3.74809,50.51773,3,3,2,13:45,-1,E07000045,3,0,1,0,2,19,5,1,0,0,0,0,0,0,1,0,1,12,16
2024501530928,2024,501530928,310075,95977,-3.27622,50.7564,3,3,6,08:45,-1,E07000040,4,0,1,1,2,"[3, 19]",5,1,0,0,0,1,0,0,0,0,0,12,13
2024501530935,2024,501530935,303011,86070,-3.37373,50.66619,2,2,2,15:30,-1,E07000040,4,0,1,0,2,"[13, 19]","[2, 6]","[6, 2]",0,"[1, 0]",0,1,0,1,0,0,0,12,16
2024501531001,2024,501531001,229679,123790,-4.42812,50.98825,3,3,2,23:15,-1,E07000046,4,2,2,1,2,5,7,3,0,7,10,1,0,0,0,0,0,12,16
2024501531003,2024,501531003,165721,41609,-5.28613,50.22796,2,2,2,20:40,-1,E06000052,3,2,8,1,2,19,7,3,0,0,0,1,0,0,0,1,0,12,16
2024501531016,2024,501531016,270611,40724,-3.81628,50.2523,2,"[2, 3]",2,22:20,-1,E07000044,6,2,2,1,2,19,"[5, 1]","[1, 5]",0,0,0,1,0,0,0,0,0,12,16
2024501531037,2024,501531037,190136,63056,-4.95626,50.42976,2,2,2,14:00,-1,E06000052,3,0,1,0,2,"[19, 12]",4,8,0,0,0,1,0,1,0,0,0,12,16
2024501531101,2024,501531101,261411,95273,-3.96551,50.74048,1,"[1, 3]",3,03:12,-1,E07000047,4,2,1,1,2,19,7,3,0,8,4,1,0,0,0,0,0,12,17
2024501531220,2024,501531220,291548,65466,-3.52986,50.47895,3,3,3,12:30,-1,E06000027,6,0,8,0,1,19,4,8,0,0,0,1,0,0,0,0,1,12,17
2024501531281,2024,501531281,245782,58023,-4.17139,50.4018,2,2,4,18:00,-1,E06000026,3,2,1,0,2,"[4, 2]","[1, 0]","[5, 0]",0,"[0, 7]",0,1,1,0,0,0,0,11,6
2024501531307,2024,501531307,184222,64322,-5.04013,50.43898,3,3,7,15:19,-1,E06000052,4,0,1,1,2,19,5,1,0,1,0,1,0,0,0,0,0,11,9
2024501531311,2024,501531311,265949,117638,-3.90942,50.94255,3,3,3,11:25,-1,E07000043,3,0,1,1,2,19,1,5,0,1,4,1,0,0,0,0,0,12,17
2024501531328,2024,501531328,292527,65321,-3.51603,50.47782,3,3,3,13:15,-1,E06000027,6,0,1,0,1,9,1,7,0,0,0,1,0,0,0,0,1,12,17
2024501531371,2024,501531371,248171,54673,-4.13645,50.37231,3,3,3,17:04,-1,E06000026,3,2,2,1,1,"[19, 4]","[6, 8]",4,"[4, 0]",0,0,1,0,0,0,0,0,12,17
2024501531506,2024,501531506,246781,57596,-4.15717,50.39822,1,"[1, 2, 3]",3,17:17,-1,E06000026,6,2,2,1,1,"[19, 4]","[3, 7]","[7, 3]",0,"[0, 1]","[0, 4]",1,0,0,0,0,0,12,17
2024501531533,2024,501531533,184126,64542,-5.04161,50.44092,3,3,3,22:35,-1,E06000052,4,2,1,0,2,19,1,5,0,7,0,1,0,0,0,0,0,11,12
2024501531551,2024,501531551,252019,147125,-4.11963,51.20411,3,3,6,23:52,-1,E07000043,6,2,1,0,1,"[2, 19]","[0, 3]","[0, 7]",4,0,0,1,0,0,0,0,0,12,13
2024501531586,2024,501531586,246537,56318,-4.16008,50.38667,3,3,5,20:58,-1,E06000026,3,2,1,0,1,19,3,7,0,0,0,1,0,1,0,0,0,11,14
2024501531609,2024,501531609,248349,57584,-4.13512,50.39852,2,"[2, 3]",6,15:31,-1,E06000026,4,0,1,1,1,"[13, 6]",1,"[5, 1]",0,0,0,1,0,1,0,0,0,11,29
2024501531681,2024,501531681,285323,71705,-3.61948,50.53384,2,2,4,15:35,-1,E07000045,3,0,1,1,1,4,8,4,0,1,0,0,0,0,1,0,1,12,4
2024501531708,2024,501531708,302926,82145,-3.37391,50.63089,3,3,6,11:02,-1,E07000040,4,0,1,0,2,"[9, 19]","[1, 6]","[6, 2]",0,0,0,1,0,0,0,0,0,12,6
2024501531732,2024,501531732,291206,93564,-3.54292,50.73147,3,3,3,18:00,-1,E07000041,3,2,1,0,1,"[19, 9]","[5, 1]","[1, 6]",0,0,0,1,0,0,0,0,0,12,10
2024501531812,2024,501531812,290846,64252,-3.5394,50.4679,3,3,4,06:28,-1,E06000027,6,2,4,1,1,"[9, 13]",5,"[3, 1]",0,0,0,1,0,0,0,0,0,12,18
2024501531841,2024,501531841,289974,64941,-3.55188,50.47393,2,2,3,19:50,-1,E06000027,6,2,5,1,1,"[2, 19]","[0, 6]","[0, 2]",0,0,0,1,0,1,0,0,0,12,17
2024501531905,2024,501531905,249955,54374,-4.11126,50.37008,3,3,4,17:05,-1,E06000026,3,2,5,1,2,"[12, 19]","[1, 8]",4,0,0,0,1,1,0,0,0,0,12,18
2024501532005,2024,501532005,228478,57727,-4.41453,50.39434,2,2,4,19:30,-1,E06000052,4,2,2,1,2,19,3,7,0,0,0,1,0,0,0,0,0,12,18
2024501532021,2024,501532021,254086,56922,-4.0542,50.39402,3,3,4,17:58,-1,E06000026,6,2,2,1,1,"[7, 19]","[7, 5]","[3, 2]",0,0,0,1,0,0,0,0,0,12,18
2024501532110,2024,501532110,253966,131874,-4.0856,51.06757,3,3,4,16:40,-1,E07000043,3,2,2,1,1,3,1,5,0,0,0,1,0,0,0,0,0,12,18
2024501532224,2024,501532224,329458,97999,-3.00187,50.77726,3,3,7,01:00,-1,E07000040,3,2,5,1,2,19,2,6,0,8,11,1,0,0,0,0,0,11,23
2024501532293,2024,501532293,299100,93273,-3.43102,50.73028,3,3,5,07:34,-1,E07000040,3,0,1,1,2,5,6,2,0,0,0,1,0,0,0,0,0,12,19
2024501532387,2024,501532387,196650,54362,-4.85996,50.35396,3,3,3,14:30,-1,E06000052,4,2,2,1,2,"[1, 2]","[4, 0]","[1, 0]",0,"[0, 1]",0,1,0,0,1,0,0,12,17
2024501532409,2024,501532409,291104,91771,-3.54383,50.71534,3,3,5,11:30,-1,E07000041,6,0,8,1,1,9,2,8,0,0,0,1,0,0,0,0,1,12,19
2024501532447,2024,501532447,248468,58481,-4.13381,50.40661,3,3,5,16:09,-1,E06000026,3,0,1,0,1,"[19, 3]",1,5,0,0,0,1,0,0,0,0,0,12,19
2024501532485,2024,501532485,256790,130472,-4.04477,51.05568,3,3,5,17:09,-1,E07000043,6,2,1,1,2,1,7,3,0,1,9,1,0,0,0,0,0,12,19
2024501532503,2024,501532503,248142,58945,-4.13858,50.4107,2,2,5,18:04,-1,E06000026,6,2,1,0,1,"[5, 19]","[3, 1]","[7, 5]",0,0,0,1,1,0,0,0,0,12,19
2024501532542,2024,501532542,276980,84586,-3.74141,50.64793,2,2,2,16:40,-1,E07000045,3,0,1,1,2,19,"[8, 4]","[4, 8]",0,0,0,1,0,1,0,0,0,12,16
2024501532555,2024,501532555,245350,57830,-4.17739,50.39995,3,3,4,20:45,-1,E06000026,6,2,2,1,1,19,"[6, 8]","[2, 6]",0,0,0,1,0,0,0,0,0,12,18
2024501532586,2024,501532586,295818,94210,-3.47778,50.73813,3,3,5,21:02,-1,E07000041,6,2,1,0,1,3,1,5,0,1,11,1,0,0,0,0,0,12,19
2024501532779,2024,501532779,181010,44684,-5.07388,50.26144,3,3,5,16:52,-1,E06000052,3,2,1,1,1,"[9, 19]","[3, 7]","[1, 3]",0,0,0,1,1,0,0,0,0,12,19
2024501532939,2024,501532939,292936,55802,-3.50754,50.39232,2,2,5,08:21,-1,E06000027,6,0,2,1,1,19,6,2,0,0,0,1,0,0,0,0,1,12,19
2024501532955,2024,501532955,246722,56180,-4.15742,50.38548,3,3,6,10:40,-1,E06000026,3,0,8,0,1,"[19, 5]","[3, 4]","[7, 8]","[0, 4]","[1, 3]",0,1,0,0,0,0,0,12,20
2024501533033,2024,501533033,290066,83984,-3.55621,50.64514,2,2,6,14:57,-1,E07000045,3,0,2,1,2,19,1,5,0,"[0, 1]",0,1,0,0,1,0,0,12,20
2024501533061,2024,501533061,201287,52023,-4.79362,50.33454,3,3,6,18:07,-1,E06000052,3,2,2,1,1,7,1,3,0,0,0,1,0,0,0,0,0,12,20
2024501533079,2024,501533079,242239,58773,-4.22152,50.4076,3,3,6,18:30,-1,E06000052,6,2,1,1,1,19,"[1, 7]","[5, 3]",0,"[3, 7]",0,1,0,0,0,0,0,12,20
2024501533090,2024,501533090,151344,32951,-5.48166,50.14437,3,3,4,16:45,-1,E06000052,3,2,5,1,2,4,6,2,0,0,0,1,0,0,0,0,0,12,18
2024501533106,2024,501533106,300592,82725,-3.40705,50.63571,3,3,6,19:31,-1,E07000040,6,2,1,1,1,"[2, 19]","[0, 7]","[0, 3]","[0, 4]",1,0,1,0,0,0,0,0,12,20
2024501533109,2024,501533109,180098,32815,-5.07978,50.15451,3,3,6,17:12,-1,E06000052,6,2,1,1,1,"[19, 9]","[4, 1]","[8, 5]","[7, 0]","[1, 0]","[10, 0]",1,0,0,0,0,0,12,20
2024501533116,2024,501533116,181619,59609,-5.07399,50.3957,3,3,5,13:45,-1,E06000052,3,0,1,0,2,"[4, 19]",6,2,0,0,0,1,0,0,0,0,0,12,19
2024501533177,2024,501533177,290142,65948,-3.54981,50.48302,3,3,5,05:30,-1,E06000027,3,2,1,0,1,19,"[5, 1]","[3, 5]",0,0,0,1,0,0,0,0,0,12,12
2024501533191,2024,501533191,150676,32003,-5.49037,50.13558,3,3,6,15:23,-1,E06000052,3,0,2,1,2,"[19, 9]","[5, 7]","[1, 5]",0,0,0,1,0,0,0,0,0,12,20
2024501533209,2024,501533209,249472,56862,-4.11904,50.39232,3,3,6,13:55,-1,E06000026,6,0,2,1,1,"[3, 19]","[7, 4]","[4, 7]","[0, 10]","[0, 7]",0,1,0,0,0,0,0,12,20
2024501533227,2024,501533227,266074,127909,-3.91143,51.03489,3,3,7,08:20,-1,E07000043,6,2,2,1,2,19,"[7, 1]","[3, 5]",0,0,0,1,0,0,0,1,0,12,21
2024501533249,2024,501533249,253415,51750,-4.06162,50.34737,3,3,7,10:25,-1,E07000044,6,0,2,1,2,19,7,3,0,0,0,1,0,0,0,0,1,12,21
2024501533266,2024,501533266,237105,69929,-4.29857,50.50644,2,"[3, 2]",6,15:00,-1,E06000052,3,0,2,1,2,"[13, 5]","[6, 8]","[2, 4]",0,"[7, 0]","[9, 0]",1,0,0,0,0,0,12,20
2024501533287,2024,501533287,212507,51659,-4.63596,50.33495,3,3,6,19:15,-1,E06000052,6,2,1,0,2,9,3,7,0,0,0,1,0,0,0,0,1,11,22
2024501533333,2024,501533333,295484,92453,-3.48201,50.72227,3,3,6,13:39,-1,E07000041,4,0,2,1,1,19,-1,-1,0,0,0,1,0,0,0,0,1,12,20
2024501533344,2024,501533344,226016,125999,-4.48131,51.007,3,3,7,08:00,-1,E07000046,6,2,2,1,2,19,1,5,0,2,10,1,0,0,0,0,0,12,21
2024501533370,2024,501533370,293166,63939,-3.50663,50.46552,3,3,6,19:50,-1,E06000027,6,2,8,1,1,"[5, 19]","[3, 5]","[7, 1]",0,0,0,1,0,0,0,0,0,12,20
2024501533391,2024,501533391,250416,129127,-4.13509,51.04197,3,3,5,08:40,-1,E07000043,3,0,1,0,2,19,7,3,0,0,0,1,0,0,0,0,0,12,12
2024501533422,2024,501533422,226738,99285,-4.45836,50.76721,3,3,7,00:15,-1,E06000052,4,2,1,1,2,13,1,5,0,0,0,1,0,0,0,0,0,12,21
2024501533467,2024,501533467,224153,109210,-4.49974,50.8556,3,3,7,23:44,-1,E06000052,6,2,5,1,2,19,1,5,7,7,1,1,0,0,0,0,0,12,21
2024501533557,2024,501533557,295370,91380,-3.48332,50.7126,3,3,7,06:55,-1,E07000041,3,2,2,1,1,"[5, 19]",5,1,0,0,0,1,0,1,0,0,0,12,21
2024501533565,2024,501533565,305869,81958,-3.33226,50.6297,2,2,1,10:45,-1,E07000040,4,0,1,0,2,"[9, 19]","[1, 7]","[7, 3]",0,0,0,1,1,0,0,0,0,12,15