collision_index,collision_year,collision_ref_no,location_easting_osgr,location_northing_osgr,longitude,latitude,casualty_severity,casualty_severity,day_of_week,time,local_authority_district,local_authority_ons_district,first_road_class,light_conditions,weather_conditions,road_surface_conditions,urban_or_rural_area,vehicle_manoeuvre,vehicle_direction_from,vehicle_direction_to,hit_object_in_carriageway,vehicle_leaving_carriageway,hit_object_off_carriageway,is_car,is_cyle,is_mcyle,is_goodsv,is_other,is_pedestrian,month,day
2024520001473,2024,520001473,366692,159247,-2.47946,51.33134,3,3,4,17:15,-1,E06000022,6,2,1,0,2,19,"[9, 1]","[9, 5]",0,0,0,1,1,0,0,0,0,1,24
2024520001489,2024,520001489,380155,167683,-2.2867,51.40782,3,3,7,03:00,-1,E06000022,3,2,1,0,2,19,-1,-1,0,7,11,1,0,0,0,0,0,3,30
2024520001497,2024,520001497,368500,155880,-2.45322,51.30116,2,2,6,00:35,-1,E06000022,3,2,2,1,2,19,1,5,0,1,11,1,0,0,0,0,0,3,29
2024520001521,2024,520001521,373360,164811,-2.38418,51.38172,3,3,2,19:00,-1,E06000022,3,0,1,0,1,14,3,7,0,0,0,1,0,0,0,0,1,4,1
2024520001543,2024,520001543,368457,155731,-2.45382,51.29982,3,3,7,09:08,-1,E06000022,3,0,1,0,1,"[5, 19]","[8, 5]","[4, 1]",0,0,0,1,0,0,0,0,0,4,13
2024520001544,2024,520001544,365480,168509,-2.49776,51.41454,3,3,1,16:15,-1,E06000022,6,0,1,0,1,19,9,9,0,0,0,0,0,1,0,0,1,3,24
2024520001562,2024,520001562,374184,162457,-2.37217,51.36059,3,3,1,13:13,-1,E06000022,3,0,1,0,1,19,6,2,0,0,0,1,0,0,0,0,1,4,21
2024520001563,2024,520001563,373753,165238,-2.37856,51.38557,3,3,2,12:17,-1,E06000022,6,0,1,1,1,19,"[3, 7]","[7, 3]",0,0,0,0,0,0,1,1,0,4,15
2024520001577,2024,520001577,379006,165356,-2.30308,51.38686,2,2,6,16:31,-1,E06000022,3,0,2,1,2,19,-1,-1,0,0,0,1,0,1,0,0,0,3,1
2024520001595,2024,520001595,376018,162925,-2.34586,51.36488,3,3,7,20:00,-1,E06000022,3,2,1,0,1,19,"[5, 1]","[1, 5]",0,0,0,1,0,0,0,0,0,4,20
2024520001617,2024,520001617,374263,164007,-2.37114,51.37453,3,3,4,17:34,-1,E06000022,6,2,1,0,1,"[2, 19]","[0, 3]","[0, 7]","[0, 4]","[1, 0]",0,1,0,0,0,0,1,2,21
2024520001632,2024,520001632,365240,169091,-2.50127,51.41976,2,2,2,20:10,-1,E06000022,3,2,1,0,2,19,"[9, 4]","[9, 8]",0,0,0,1,0,0,0,0,0,2,5
2024520001634,2024,520001634,365711,156572,-2.49329,51.30722,3,3,5,20:24,-1,E06000022,6,2,1,1,1,"[19, 4]",8,2,0,0,0,1,0,0,0,0,0,4,25
2024520001646,2024,520001646,376347,165720,-2.34132,51.39002,3,3,1,10:20,-1,E06000022,3,0,1,0,1,19,2,6,0,0,0,1,1,0,0,0,0,3,3
2024520001648,2024,520001648,374762,164952,-2.36404,51.38305,3,3,3,21:13,-1,E06000022,6,2,2,1,1,9,3,1,0,0,0,1,0,0,0,0,1,4,30
2024520001653,2024,520001653,370686,157719,-2.42201,51.31782,3,3,7,16:05,-1,E06000022,6,0,1,0,2,"[7, 19]",9,9,0,0,0,1,0,0,0,0,0,3,9
2024520001688,2024,520001688,374666,164843,-2.36542,51.38206,3,3,5,17:30,-1,E06000022,3,0,4,0,1,19,9,9,0,0,0,1,0,0,0,0,1,3,14
2024520001692,2024,520001692,361654,167102,-2.55262,51.40164,3,3,1,11:55,-1,E06000022,3,0,1,1,1,"[5, 9]","[3, 5]","[7, 3]",0,0,0,1,1,0,0,0,0,5,5
2024520001693,2024,520001693,366764,154595,-2.478,51.28951,3,3,3,08:28,-1,E06000022,6,0,1,0,1,19,"[5, 7]",3,0,0,0,1,1,0,0,0,0,2,13
2024520001722,2024,520001722,367437,154023,-2.46829,51.28441,3,3,2,09:52,-1,E06000022,3,0,1,0,1,"[19, 2]","[6, 0]","[2, 0]","[4, 0]",0,0,1,0,0,0,0,0,5,6
2024520001753,2024,520001753,374888,165606,-2.36228,51.38893,3,3,3,03:20,-1,E06000022,6,2,1,0,1,"[9, 19]","[5, 3]","[3, 7]",0,0,0,1,0,0,0,0,0,5,7
2024520001791,2024,520001791,374491,164987,-2.36794,51.38335,2,2,7,10:40,-1,E06000022,6,0,1,0,1,"[9, 19]",9,9,0,0,0,1,1,0,0,0,0,4,13
2024520001798,2024,520001798,367338,166874,-2.4709,51.39995,3,3,3,11:50,-1,E06000022,6,0,1,0,2,"[99, 19]","[9, 8]","[9, 5]",0,0,0,1,1,0,0,0,0,4,9
2024520001803,2024,520001803,376711,166646,-2.33615,51.39836,3,3,4,12:30,-1,E06000022,3,0,1,0,2,"[19, 3]","[9, 8]","[9, 2]",0,0,0,1,0,0,0,0,0,4,10
2024520001833,2024,520001833,371941,165978,-2.40466,51.39214,2,"[3, 2]",3,08:07,-1,E06000022,3,0,1,0,2,19,4,8,11,0,0,0,0,0,1,0,0,5,7
2024520001834,2024,520001834,371283,164521,-2.414,51.37901,3,3,1,20:00,-1,E06000022,6,0,1,0,2,19,3,7,0,0,0,1,0,0,0,0,0,5,19
2024520001887,2024,520001887,368833,166550,-2.44938,51.39712,3,3,7,09:53,-1,E06000022,3,0,1,0,2,"[9, 19]",-1,-1,0,0,0,1,0,1,0,0,0,5,11
2024520001912,2024,520001912,363871,166564,-2.5207,51.39695,3,3,4,08:00,-1,E06000022,6,0,1,0,2,19,5,2,0,0,0,1,0,0,0,0,0,5,15
2024520001958,2024,520001958,373912,164779,-2.37624,51.38145,3,3,3,07:50,-1,E06000022,3,2,1,0,1,"[3, 19]",3,7,0,0,0,1,0,0,0,0,0,1,16
2024520001959,2024,520001959,373968,162260,-2.37525,51.35881,3,3,4,10:54,-1,E06000022,3,0,2,1,1,19,"[2, 8]","[6, 4]",0,"[0, 6]","[0, 11]",1,0,0,0,0,0,5,22
2024520001969,2024,520001969,367392,153949,-2.46893,51.28374,3,3,5,19:00,-1,E06000022,3,0,1,0,1,5,6,2,0,0,0,1,0,0,0,0,1,6,6
2024520001991,2024,520001991,372067,163720,-2.40267,51.37184,3,3,3,10:12,-1,E06000022,6,0,2,1,1,"[4, 19]",4,8,0,0,0,1,0,0,0,0,0,5,28
2024520002044,2024,520002044,366630,154986,-2.47995,51.29302,3,3,6,19:48,-1,E06000022,3,0,1,0,1,"[19, 7]",3,5,0,"[0, 1]","[0, 2]",1,0,0,0,0,0,6,7
2024520002050,2024,520002050,374855,164367,-2.36267,51.37779,3,3,2,10:52,-1,E06000022,3,0,1,0,1,"[19, 5]",3,7,0,0,0,1,0,1,0,0,0,6,10
2024520002058,2024,520002058,371827,160679,-2.40588,51.34449,3,3,5,17:13,-1,E06000022,4,0,2,1,2,19,"[8, 6]","[4, 2]",0,0,0,1,0,1,0,0,0,6,13
2024520002086,2024,520002086,366529,162211,-2.48208,51.35798,2,"[3, 2]",2,10:45,-1,E06000022,3,0,1,0,2,"[19, 5]","[2, 4]","[6, 8]",0,0,0,1,0,0,0,0,0,6,17
2024520002090,2024,520002090,368002,154738,-2.46026,51.29087,3,3,1,20:10,-1,E06000022,3,0,1,0,2,"[19, 10]",7,"[3, 4]",0,0,0,1,0,0,0,0,0,6,30
2024520002091,2024,520002091,372569,167819,-2.39578,51.40873,2,"[2, 3]",1,12:42,-1,E06000022,6,0,1,0,2,19,1,5,"[0, 10]",0,0,0,0,1,0,0,0,5,12
2024520002119,2024,520002119,374783,164645,-2.36372,51.38029,3,3,5,14:00,-1,E06000022,6,0,1,0,1,"[19, 6]",1,"[5, 1]",0,0,0,1,0,1,0,0,0,6,6
2024520002124,2024,520002124,372879,164638,-2.39108,51.38014,3,3,2,12:35,-1,E06000022,6,0,1,1,1,19,9,9,0,0,0,1,0,0,0,0,1,7,15
2024520002153,2024,520002153,362398,162513,-2.54144,51.36043,3,3,7,11:02,-1,E06000022,3,0,1,0,2,"[9, 19]","[3, 5]",1,0,0,0,1,0,0,0,0,0,6,29
2024520002158,2024,520002158,368469,165066,-2.45448,51.38376,3,3,3,21:53,-1,E06000022,3,2,1,0,2,19,7,3,0,0,0,1,0,0,0,0,0,7,2
2024520002195,2024,520002195,373555,165154,-2.3814,51.38481,3,3,5,09:25,-1,E06000022,3,0,1,0,1,"[15, 19]",3,7,0,0,0,1,1,0,0,0,0,6,27
2024520002203,2024,520002203,378528,167104,-2.31006,51.40255,3,3,4,07:15,-1,E06000022,6,0,1,0,1,19,"[7, 1]","[1, 5]",0,0,0,1,1,0,0,0,0,6,5
2024520002211,2024,520002211,368427,154712,-2.45416,51.29066,3,3,4,18:45,-1,E06000022,6,0,1,0,1,"[9, 15]",9,9,0,0,0,1,0,0,0,0,0,5,29
2024520002218,2024,520002218,366503,154503,-2.48173,51.28867,3,3,6,09:50,-1,E06000022,6,0,1,0,1,19,"[3, 7]","[7, 3]",0,0,0,1,0,0,0,0,0,6,28
2024520002224,2024,520002224,370176,165238,-2.42996,51.3854,3,3,3,15:10,-1,E06000022,6,0,1,0,2,"[3, 19]",-1,-1,0,0,0,1,0,0,1,0,0,5,21
2024520002226,2024,520002226,358372,159365,-2.59889,51.33185,2,2,1,14:41,-1,E06000022,3,0,1,0,2,"[19, 9]","[2, 6]","[6, 4]",0,0,0,1,0,1,0,0,0,6,9
2024520002234,2024,520002234,377095,162811,-2.33038,51.3639,3,3,5,08:20,-1,E06000022,6,0,1,0,2,19,"[7, 3]","[3, 7]",0,"[0, 1]","[0, 11]",1,0,0,0,1,0,7,18
2024520002237,2024,520002237,373776,165648,-2.37826,51.38926,3,3,2,15:16,-1,E06000022,6,0,1,0,1,19,"[5, 3]",7,0,0,0,1,1,0,0,0,0,6,3
2024520002245,2024,520002245,370612,156485,-2.42297,51.30672,2,2,4,18:35,-1,E06000022,6,0,1,0,2,19,-1,-1,0,0,0,1,0,1,0,0,0,7,3
2024520002250,2024,520002250,370115,154303,-2.42992,51.28707,3,3,4,20:15,-1,E06000022,6,0,1,0,2,"[13, 19]",3,7,0,0,0,1,1,0,0,0,0,6,5
2024520002266,2024,520002266,375036,164438,-2.36007,51.37844,3,3,7,13:30,-1,E06000022,6,0,1,0,1,1,3,7,0,0,0,1,0,0,0,0,1,7,20
2024520002281,2024,520002281,378376,167234,-2.31225,51.40372,3,3,3,17:54,-1,E06000022,6,0,1,0,1,"[2, 19]","[0, 3]","[0, 7]","[0, 4]",0,0,1,0,0,0,0,0,7,9
2024520002303,2024,520002303,374462,162044,-2.36814,51.35689,3,3,6,09:55,-1,E06000022,3,0,1,0,1,19,"[2, 4]","[6, 8]",0,0,0,1,0,1,0,0,0,7,19
2024520002307,2024,520002307,373354,163595,-2.38417,51.37078,3,3,2,23:15,-1,E06000022,6,2,1,0,1,"[19, 99]","[2, 9]","[7, 9]",0,0,0,1,0,1,0,0,0,6,17
2024520002316,2024,520002316,373056,165928,-2.38863,51.39175,3,3,3,17:10,-1,E06000022,6,0,1,0,1,"[7, 19]",5,"[7, 1]",0,0,0,1,1,0,0,0,0,6,4
2024520002317,2024,520002317,379096,159946,-2.30147,51.33821,3,3,1,14:48,-1,E06000022,6,0,1,0,2,19,9,9,0,0,0,1,0,0,0,0,1,6,23
2024520002326,2024,520002326,368335,167038,-2.45658,51.40148,3,3,2,07:05,-1,E06000022,3,0,1,0,2,"[13, 4]",4,8,0,0,0,1,1,0,0,0,0,6,24
2024520002340,2024,520002340,373080,164679,-2.38819,51.38052,3,3,2,13:15,-1,E06000022,3,0,1,0,1,"[19, 3]",7,3,0,0,0,1,0,0,0,0,0,6,17
2024520002377,2024,520002377,375189,164898,-2.3579,51.38258,3,3,3,09:30,-1,E06000022,6,0,1,0,1,19,"[1, 9]","[5, 9]",0,0,0,1,1,0,0,0,0,4,23
2024520002433,2024,520002433,373725,164312,-2.3789,51.37725,2,2,5,11:15,-1,E06000022,6,0,1,0,1,1,4,8,0,0,0,1,0,0,0,0,1,6,20
2024520002434,2024,520002434,363896,165354,-2.52022,51.38607,3,3,3,16:55,-1,E06000022,6,0,1,0,2,"[3, 19]",7,3,0,0,0,1,0,0,0,0,0,7,30
2024520002458,2024,520002458,371362,164496,-2.41286,51.37879,1,1,1,02:21,-1,E06000022,6,2,1,0,2,19,3,7,0,7,7,1,0,0,0,0,0,8,25
2024520002470,2024,520002470,369520,156865,-2.43867,51.31008,2,2,1,20:45,-1,E06000022,3,0,1,0,2,19,6,2,0,1,1,0,0,1,0,0,0,7,7
2024520002476,2024,520002476,370479,156880,-2.42491,51.31026,3,3,4,13:30,-1,E06000022,3,0,1,0,2,"[19, 5]","[3, 5]","[7, 3]",0,0,0,1,0,0,0,0,0,8,7
2024520002485,2024,520002485,366588,154537,-2.48051,51.28898,3,3,7,23:45,-1,E06000022,6,2,1,0,1,"[14, 19]","[3, 7]","[7, 3]",0,0,0,1,0,0,0,0,0,8,17
2024520002513,2024,520002513,368996,154790,-2.44601,51.29139,3,3,6,16:15,-1,E06000022,6,0,1,0,1,"[5, 19]","[9, 5]","[9, 1]",0,0,0,1,1,0,0,0,0,8,23
2024520002515,2024,520002515,372808,168449,-2.39239,51.4144,3,3,6,12:16,-1,E06000022,6,0,1,0,2,"[19, 9]","[4, 6]","[8, 4]",0,0,0,1,0,0,0,0,0,8,23
2024520002522,2024,520002522,365380,168843,-2.49923,51.41754,3,3,6,17:44,-1,E06000022,3,0,9,0,1,19,2,7,9,0,0,1,0,0,0,0,0,7,26
2024520002524,2024,520002524,371661,162328,-2.40839,51.35931,2,2,5,12:00,-1,E06000022,6,0,1,0,2,19,1,5,0,0,0,1,1,0,0,0,0,8,29
2024520002531,2024,520002531,375651,164716,-2.35125,51.38097,3,3,4,12:02,-1,E06000022,6,0,1,0,1,"[3, 19]","[1, 5]","[5, 7]",0,0,0,1,0,0,0,0,0,8,21
2024520002540,2024,520002540,365339,153330,-2.49831,51.27805,3,3,5,07:50,-1,E06000022,6,0,1,1,1,"[15, 9]","[6, 4]",2,0,0,0,1,0,0,0,0,0,8,22
2024520002559,2024,520002559,374922,164617,-2.36172,51.38004,3,3,2,08:51,-1,E06000022,6,0,1,0,1,"[19, 9]","[4, 2]",8,0,0,0,1,1,0,0,0,0,7,29
2024520002578,2024,520002578,372651,163033,-2.39423,51.3657,3,3,7,16:45,-1,E06000022,6,0,1,0,1,9,"[2, 6]","[8, 4]",0,0,0,1,0,0,0,0,0,7,6
2024520002607,2024,520002607,374454,164183,-2.36841,51.37612,3,3,1,09:00,-1,E06000022,3,0,1,1,1,19,"[5, 7]","[1, 3]",0,0,0,1,0,0,0,0,0,9,8
2024520002620,2024,520002620,369439,165991,-2.44062,51.39213,3,3,6,07:55,-1,E06000022,3,0,1,0,2,"[19, 4]",9,9,0,0,0,1,0,0,0,0,0,8,23
2024520002632,2024,520002632,362251,163025,-2.54361,51.36503,3,3,6,21:00,-1,E06000022,6,2,2,1,2,19,1,4,0,0,0,1,0,0,0,0,0,8,2
2024520002647,2024,520002647,369480,165952,-2.44003,51.39178,3,3,7,16:07,-1,E06000022,3,0,1,0,2,"[19, 6]","[4, 8]",8,0,0,0,1,0,0,0,0,0,8,17
2024520002665,2024,520002665,353106,158356,-2.67434,51.32236,2,2,3,09:39,-1,E06000022,6,0,1,0,2,19,7,3,0,0,0,1,0,0,0,0,1,7,23
2024520002674,2024,520002674,374561,164262,-2.36688,51.37684,2,"[2, 3]",4,03:01,-1,E06000022,3,2,2,1,1,"[19, 2]","[2, 0]","[6, 0]",0,0,0,1,0,0,0,0,0,8,14
2024520002694,2024,520002694,372617,165498,-2.39491,51.38786,3,3,4,15:30,-1,E06000022,3,0,1,0,1,19,8,4,0,0,0,1,0,0,0,0,1,7,17
2024520002725,2024,520002725,377677,165929,-2.32222,51.39196,2,2,3,22:40,-1,E06000022,3,2,1,0,1,19,3,7,0,0,0,0,0,1,0,0,0,7,30
2024520002732,2024,520002732,374607,163644,-2.36618,51.37128,3,3,1,22:03,-1,E06000022,3,2,1,0,1,"[15, 19]",1,5,0,0,0,1,1,0,0,0,0,8,25
2024520002734,2024,520002734,374781,164354,-2.36373,51.37767,3,3,1,17:26,-1,E06000022,6,0,1,0,1,19,3,7,0,0,0,1,0,0,0,0,0,7,21
2024520002747,2024,520002747,374909,165155,-2.36195,51.38488,3,3,5,14:58,-1,E06000022,6,0,1,0,1,"[13, 14]",3,7,0,0,0,1,1,0,0,0,0,9,12
2024520002755,2024,520002755,372146,160869,-2.40131,51.34621,2,2,6,18:51,-1,E06000022,3,0,1,0,2,19,2,6,0,0,0,1,0,0,0,0,1,8,30
2024520002774,2024,520002774,370633,164800,-2.42336,51.38148,3,3,6,13:10,-1,E06000022,6,0,1,0,2,"[19, 9]","[4, 8]","[7, 5]",0,0,0,1,0,0,0,0,0,8,30
2024520002799,2024,520002799,374150,164759,-2.37282,51.38129,3,3,6,13:08,-1,E06000022,3,0,2,1,1,"[3, 19]",8,2,0,"[0, 7]","[0, 1]",1,0,0,0,0,0,9,6
2024520002826,2024,520002826,354582,158656,-2.6532,51.32518,2,2,7,16:01,-1,E06000022,6,0,1,1,2,19,"[7, 1]","[3, 4]",0,0,0,1,1,0,0,0,0,9,7
2024520002834,2024,520002834,373195,165133,-2.38657,51.3846,2,2,6,21:10,-1,E06000022,3,2,1,0,1,19,8,4,0,0,0,1,0,0,0,0,1,10,4
2024520002852,2024,520002852,367203,154668,-2.47171,51.29019,3,3,3,15:05,-1,E06000022,3,0,3,1,1,19,7,3,0,"[1, 0]","[2, 0]",1,0,0,0,0,0,9,10
2024520002854,2024,520002854,367589,164627,-2.46708,51.37976,3,3,6,22:14,-1,E06000022,3,2,1,1,2,19,2,6,0,7,11,1,0,0,0,0,0,9,20
2024520002861,2024,520002861,373056,164934,-2.38856,51.38281,3,3,3,16:38,-1,E06000022,6,0,2,1,1,19,9,9,0,0,0,1,1,0,0,0,0,9,10
2024520002864,2024,520002864,375175,162292,-2.35792,51.35915,2,"[3, 2]",5,15:01,-1,E06000022,3,0,1,1,1,19,6,2,0,0,0,1,0,0,0,0,1,9,12
2024520002880,2024,520002880,369209,156601,-2.44311,51.30769,2,"[3, 2]",6,21:00,-1,E06000022,3,2,1,0,2,"[19, 7]",-1,-1,0,0,0,0,1,0,0,1,0,10,11
2024520002884,2024,520002884,375171,165694,-2.35822,51.38974,3,3,1,01:31,-1,E06000022,3,2,1,0,1,"[19, 2]","[2, 0]","[6, 0]",0,0,0,1,0,0,0,0,0,8,25
2024520002897,2024,520002897,361904,158958,-2.54815,51.32844,3,3,7,19:19,-1,E06000022,3,2,1,0,2,"[13, 9]",1,"[5, 7]",0,0,0,1,0,1,0,0,0,9,14
2024520002906,2024,520002906,371944,165670,-2.40459,51.38937,3,3,3,15:16,-1,E06000022,3,0,1,0,2,19,"[3, 1]","[7, 5]",0,0,0,1,0,0,0,0,0,9,17
2024520002927,2024,520002927,376026,162910,-2.34574,51.36474,3,3,5,17:00,-1,E06000022,3,0,1,0,1,19,1,5,0,0,0,1,0,0,0,0,1,9,5
2024520002936,2024,520002936,373616,165207,-2.38053,51.38529,3,3,3,18:30,-1,E06000022,6,0,2,1,1,"[2, 1]","[0, 1]","[0, 5]",0,0,0,1,0,0,0,0,0,9,10
2024520002958,2024,520002958,372485,163732,-2.39667,51.37197,2,2,7,18:15,-1,E06000022,6,0,1,0,1,"[2, 5]","[0, 1]","[0, 5]",0,0,0,1,0,0,0,0,0,9,21
2024520002977,2024,520002977,378529,167103,-2.31005,51.40255,3,3,1,11:00,-1,E06000022,6,0,9,1,1,19,"[9, 4]","[9, 8]",0,0,0,1,1,0,0,0,0,10,20
2024520002980,2024,520002980,378802,167745,-2.30616,51.40833,3,3,5,14:49,-1,E06000022,6,0,1,1,1,"[9, 19]",2,"[8, 6]",0,0,0,1,1,0,0,0,0,9,26
2024520002981,2024,520002981,370159,154458,-2.4293,51.28847,3,3,2,15:20,-1,E06000022,6,0,1,0,1,"[7, 3]",9,9,0,0,0,1,0,0,0,0,0,9,30
2024520002990,2024,520002990,367419,153997,-2.46855,51.28417,3,3,4,22:04,-1,E06000022,3,2,1,0,1,"[14, 2]","[6, 0]","[2, 0]",0,0,0,1,0,0,0,0,0,10,2
2024520003013,2024,520003013,366088,167993,-2.48897,51.40994,3,3,5,08:45,-1,E06000022,6,0,1,0,1,19,1,5,0,0,0,1,0,0,0,0,1,9,26
2024520003025,2024,520003025,372645,165104,-2.39447,51.38432,3,3,1,13:50,-1,E06000022,3,0,1,0,1,-1,"[6, 3]","[2, 8]",0,0,0,1,0,0,0,0,0,9,29
2024520003031,2024,520003031,368464,155703,-2.45372,51.29957,3,3,2,17:30,-1,E06000022,3,0,1,0,1,"[19, 5]","[2, 4]","[4, 8]",0,0,0,1,0,0,0,0,0,9,30
2024520003069,2024,520003069,375205,164375,-2.35764,51.37788,3,3,2,11:15,-1,E06000022,3,0,1,0,1,"[2, 11]","[0, 3]","[0, 7]",0,0,0,1,0,0,1,0,1,10,7
2024520003083,2024,520003083,365433,168611,-2.49845,51.41545,3,3,4,10:51,-1,E06000022,6,0,1,0,1,14,5,1,8,0,0,1,0,0,0,0,1,7,10
2024520003084,2024,520003084,361242,167866,-2.55863,51.40848,2,2,4,07:55,-1,E06000022,3,0,1,1,1,"[19, 9]","[1, 3]","[5, 1]",0,0,0,1,0,1,0,0,0,10,9
2024520003090,2024,520003090,375627,165953,-2.35168,51.39209,3,3,6,18:35,-1,E06000022,3,2,1,0,1,7,4,6,0,0,0,1,0,0,0,0,1,10,11
2024520003096,2024,520003096,366653,153844,-2.47952,51.28275,3,3,6,20:24,-1,E06000022,6,2,1,0,1,"[2, 19]","[0, 2]","[0, 6]","[0, 4]",0,0,1,0,0,0,0,0,10,11
2024520003098,2024,520003098,366106,161876,-2.48813,51.35494,3,3,1,10:00,-1,E06000022,3,0,2,1,2,19,2,6,0,0,0,0,1,0,0,0,0,10,6
2024520003106,2024,520003106,368444,166972,-2.45501,51.40089,3,3,5,13:52,-1,E06000022,3,0,1,0,2,"[19, 10]","[4, 8]","[8, 5, 4]",0,0,0,1,0,0,0,0,0,10,10
2024520003115,2024,520003115,374003,164674,-2.37493,51.38051,3,3,3,08:37,-1,E06000022,4,0,1,1,1,"[5, 19]","[8, 6]","[4, 2]",0,0,0,1,0,1,0,0,0,10,15
2024520003124,2024,520003124,364116,169714,-2.5175,51.42529,3,3,3,06:43,-1,E06000022,3,2,1,1,2,19,8,4,0,0,0,1,0,0,0,0,0,10,15
2024520003130,2024,520003130,369846,156950,-2.434,51.31086,2,"[3, 2]",3,07:10,-1,E06000022,3,2,2,1,2,19,-1,-1,0,0,0,1,0,0,0,0,0,10,15
2024520003131,2024,520003131,375566,165930,-2.35256,51.39188,3,3,6,10:08,-1,E06000022,3,0,1,0,1,9,5,2,0,0,0,1,0,0,0,0,1,10,18
2024520003139,2024,520003139,368667,155495,-2.45079,51.29771,2,"[2, 3]",4,14:15,-1,E06000022,3,0,1,0,1,19,-1,-1,0,0,0,1,0,0,0,0,0,10,23
2024520003164,2024,520003164,361838,167649,-2.55004,51.40657,3,3,3,09:15,-1,E06000022,6,0,2,1,2,"[19, 4]",1,5,0,0,0,1,0,0,0,0,0,10,8
2024520003188,2024,520003188,361958,166105,-2.54815,51.3927,3,3,7,16:45,-1,E06000022,3,2,1,0,2,9,"[5, 3]","[3, 1]",0,0,0,1,0,0,0,0,0,11,9
2024520003201,2024,520003201,373563,164854,-2.38126,51.38211,3,3,5,20:43,-1,E06000022,6,2,1,0,1,"[9, 19]","[7, 3]","[5, 7]",0,0,0,1,0,0,0,0,0,1,4
2024520003247,2024,520003247,360837,161491,-2.56375,51.35114,3,3,7,14:27,-1,E06000022,3,0,8,1,2,"[4, 10]",2,6,0,0,0,1,0,0,0,0,0,11,16
2024520400236,2024,520400236,330282,109307,-2.99234,50.87903,1,1,1,17:06,-1,E06000066,3,2,7,1,2,"[19, 15]","[4, 8]","[8, 4]",0,0,0,1,0,1,0,0,0,1,28
2024520400348,2024,520400348,344465,158293,-2.79832,51.32102,1,1,5,12:13,-1,E06000066,6,0,1,0,2,19,5,1,0,0,0,1,0,0,0,0,1,2,1
2024520400349,2024,520400349,331425,127999,-2.97963,51.04723,1,1,1,16:35,-1,E06000066,3,0,1,0,2,19,"[1, 7]","[5, 3]",0,0,0,1,0,1,0,0,0,2,4
2024520400352,2024,520400352,294891,145705,-3.50581,51.20086,1,"[3, 1]",4,19:05,-1,E06000066,3,2,1,1,2,19,7,3,0,"[0, 7]","[0, 4]",1,0,0,0,0,0,1,31
2024520400558,2024,520400558,354306,145480,-2.65547,51.20669,3,3,3,09:03,-1,E06000066,3,0,1,1,1,10,1,7,0,0,0,1,0,0,0,0,0,1,2
2024520400574,2024,520400574,322333,123733,-3.10839,51.00772,3,3,5,17:50,-1,E06000066,6,2,2,1,1,"[19, 1]",9,9,0,0,0,1,0,0,0,0,0,2,8
2024520400600,2024,520400600,376990,147843,-2.33092,51.22931,2,2,3,08:00,-1,E06000066,6,0,1,0,1,19,9,9,0,0,0,1,0,0,0,0,1,2,20
2024520400791,2024,520400791,333399,110670,-2.94829,50.89166,2,"[2, 3]",2,12:00,-1,E06000066,3,0,8,0,2,19,"[5, 1]","[1, 5]",0,"[7, 0]","[9, 0]",1,0,0,0,0,0,1,8
2024520400802,2024,520400802,377859,148300,-2.3185,51.23345,3,3,1,16:30,-1,E06000066,6,2,5,1,1,19,4,2,0,0,0,1,0,0,0,0,1,1,21
2024520400813,2024,520400813,340816,136189,-2.84702,51.12191,3,3,1,20:00,-1,E06000066,3,2,1,0,2,19,"[6, 3]","[3, 6]",0,0,0,1,0,0,0,0,0,1,28
2024520400853,2024,520400853,362788,154960,-2.53505,51.29255,3,3,4,10:25,-1,E06000066,3,2,2,1,2,"[19, 2]","[2, 0]","[7, 0]",0,"[1, 0]",0,1,0,0,0,1,0,1,3
2024520400998,2024,520400998,320345,124673,-3.13692,51.0159,2,2,3,05:40,-1,E06000066,6,0,1,0,1,99,"[9, 5]","[9, 1]",0,0,0,1,1,0,0,0,0,2,27
2024520401078,2024,520401078,322492,124199,-3.10622,51.01193,3,3,3,19:45,-1,E06000066,3,2,2,1,1,19,3,7,0,0,0,1,0,0,0,0,1,1,2
2024520401082,2024,520401082,320522,121962,-3.13381,50.99155,3,3,6,14:18,-1,E06000066,6,0,2,1,2,19,"[2, 6]","[6, 2]",0,"[7, 1]",4,1,0,0,0,0,0,2,9
2024520401086,2024,520401086,349374,120118,-2.7225,50.97823,3,3,4,19:10,-1,E06000066,3,2,1,1,2,"[7, 19]","[4, 2]",6,0,"[4, 1]","[6, 10]",1,0,0,0,0,0,2,14
2024520401088,2024,520401088,354285,114582,-2.65185,50.92887,3,3,5,11:23,-1,E06000066,3,0,2,1,1,"[9, 19]","[7, 5]","[5, 1]",0,0,0,1,0,0,0,0,0,1,4
2024520401090,2024,520401090,344530,158620,-2.79744,51.32396,3,3,5,07:25,-1,E06000066,3,0,2,1,2,19,1,5,0,1,4,1,0,0,0,0,0,1,4
2024520401091,2024,520401091,313238,120889,-3.23731,50.98085,3,3,6,11:49,-1,E06000066,4,0,1,1,1,19,4,1,7,0,0,1,0,0,0,0,0,1,5
2024520401092,2024,520401092,348538,136911,-2.7368,51.12915,3,3,2,13:53,-1,E06000066,6,0,1,0,1,"[19, 5]","[3, 5]","[7, 1]",0,0,0,1,0,0,0,0,0,2,26
2024520401093,2024,520401093,377866,147759,-2.31837,51.22859,3,3,5,09:46,-1,E06000066,3,0,1,1,1,19,"[3, 7]","[7, 3]",0,0,0,1,0,0,0,0,0,2,22
2024520401094,2024,520401094,323883,118241,-3.08515,50.95855,3,3,5,19:36,-1,E06000066,4,0,1,0,2,19,"[4, 8]","[8, 4]",0,"[1, 0]","[9, 0]",1,0,0,0,0,0,3,7