collision_index,collision_year,collision_ref_no,location_easting_osgr,location_northing_osgr,longitude,latitude,casualty_severity,casualty_severity,day_of_week,time,local_authority_district,local_authority_ons_district,first_road_class,light_conditions,weather_conditions,road_surface_conditions,urban_or_rural_area,vehicle_manoeuvre,vehicle_direction_from,vehicle_direction_to,hit_object_in_carriageway,vehicle_leaving_carriageway,hit_object_off_carriageway,is_car,is_cyle,is_mcyle,is_goodsv,is_other,is_pedestrian,month,day
2024520401100,2024,520401100,352997,119455,-2.67081,50.97258,3,3,3,13:43,-1,E06000066,3,0,5,1,2,"[3, 4]",1,5,0,0,0,1,0,0,0,0,0,1,2
2024520401114,2024,520401114,329314,136744,-3.01145,51.1256,2,2,3,15:05,-1,E06000066,6,0,1,0,1,19,8,4,0,0,0,1,0,0,0,0,1,1,9
2024520401116,2024,520401116,303638,139589,-3.37901,51.14742,3,3,4,12:50,-1,E06000066,6,0,9,0,2,19,5,1,0,0,0,1,0,0,0,0,0,1,10
2024520401122,2024,520401122,336334,113391,-2.90704,50.91645,3,3,3,18:00,-1,E06000066,6,2,1,2,2,19,7,3,0,7,10,1,0,0,0,0,0,1,9
2024520401127,2024,520401127,330024,137088,-3.00137,51.12878,3,3,4,16:49,-1,E06000066,6,2,1,2,1,19,3,5,0,0,0,0,0,1,0,0,0,1,10
2024520401130,2024,520401130,334719,140996,-2.935,51.16447,2,2,7,11:45,-1,E06000066,4,0,1,0,2,"[5, 19]","[7, 5]","[5, 1]",0,0,0,1,0,1,0,0,0,1,13
2024520401132,2024,520401132,343986,157971,-2.80514,51.31808,3,3,4,23:05,-1,E06000066,6,2,1,0,2,19,7,3,0,1,3,1,0,0,0,0,0,1,10
2024520401134,2024,520401134,330421,150683,-2.99834,51.25105,3,3,4,11:35,-1,E06000066,6,0,1,0,1,"[5, 19]","[7, 1]",5,0,0,0,1,1,0,0,0,0,1,17
2024520401137,2024,520401137,353226,118185,-2.66739,50.96118,3,3,4,08:26,-1,E06000066,6,0,1,2,2,19,7,5,0,0,0,1,0,0,0,0,0,1,10
2024520401138,2024,520401138,327725,139109,-3.03463,51.14666,3,3,6,19:49,-1,E06000066,6,2,1,2,2,19,5,1,0,3,9,1,0,0,0,0,0,1,19
2024520401143,2024,520401143,338789,133527,-2.87553,51.09777,3,3,6,17:08,-1,E06000066,3,2,1,1,2,19,2,5,0,1,3,1,0,0,0,0,0,1,12
2024520401144,2024,520401144,330344,137112,-2.9968,51.12903,3,3,1,10:44,-1,E06000066,6,0,4,0,1,7,2,4,0,1,10,1,0,0,0,0,0,1,21
2024520401146,2024,520401146,313496,120308,-3.2335,50.97566,3,3,6,16:12,-1,E06000066,6,2,1,0,1,"[2, 19]","[0, 7, 3]","[0, 3, 7]",0,0,0,1,0,0,0,0,0,1,12
2024520401149,2024,520401149,316597,129108,-3.19136,51.05524,3,3,6,19:15,-1,E06000066,3,2,1,0,2,19,"[2, 1]",4,0,0,0,1,0,0,0,0,0,1,12
2024520401151,2024,520401151,323047,124669,-3.09841,51.01623,3,3,4,10:00,-1,E06000066,6,0,1,0,1,19,"[8, 6]","[4, 3]",0,"[3, 0]",0,1,1,0,0,0,0,1,24
2024520401155,2024,520401155,359709,148752,-2.5785,51.23652,3,3,7,17:16,-1,E06000066,4,2,1,1,2,19,"[6, 3]","[2, 7]",0,1,0,1,0,0,0,0,0,1,13
2024520401157,2024,520401157,329463,133286,-3.00864,51.09453,3,3,1,14:16,-1,E06000066,3,0,1,0,2,"[19, 9]","[2, 6]","[6, 4]",0,0,0,1,0,0,0,1,0,1,14
2024520401159,2024,520401159,312624,137836,-3.25015,51.13311,3,3,2,09:36,-1,E06000066,3,0,1,1,2,19,"[4, 8]","[8, 4]",0,"[0, 1]",0,1,0,0,0,1,0,1,15
2024520401163,2024,520401163,322673,125580,-3.10394,51.02437,3,3,4,07:40,-1,E06000066,6,2,8,2,1,19,4,1,0,0,0,1,0,0,0,0,1,1,17
2024520401165,2024,520401165,322403,125065,-3.10767,51.0197,3,3,6,15:27,-1,E06000066,3,0,1,0,1,19,3,7,0,0,0,1,0,0,0,0,1,1,12
2024520401168,2024,520401168,349900,138744,-2.71759,51.14575,3,3,3,08:45,-1,E06000066,6,0,2,1,2,19,9,9,0,0,0,1,0,0,0,0,1,1,2
2024520401169,2024,520401169,343779,116150,-2.80157,50.94204,3,3,3,14:30,-1,E06000066,3,0,4,0,2,19,"[3, 9]","[1, 9]",0,0,0,1,0,0,0,0,0,1,2
2024520401173,2024,520401173,359708,148752,-2.57852,51.23652,2,2,1,12:48,-1,E06000066,4,0,1,0,2,19,"[8, 6]","[4, 2]",0,0,0,1,1,0,0,0,0,1,28
2024520401174,2024,520401174,338199,152701,-2.88726,51.27009,3,3,2,09:11,-1,E06000066,3,0,1,1,2,"[19, 10]",7,"[3, 5]",0,0,0,1,0,0,1,0,0,1,29
2024520401176,2024,520401176,361923,143532,-2.54623,51.18973,3,3,2,18:20,-1,E06000066,3,2,1,0,1,"[3, 19, 9]","[7, 3, 1]","[3, 7]",0,0,0,1,0,0,0,0,0,1,15
2024520401181,2024,520401181,315255,126170,-3.20982,51.02863,3,3,4,15:28,-1,E06000066,4,0,1,0,2,"[3, 9, 19]","[5, 1, 3]","[7, 8]",0,0,0,1,0,0,0,0,0,1,17
2024520401185,2024,520401185,322617,125142,-3.10464,51.02042,3,3,1,18:15,-1,E06000066,3,2,1,0,1,"[9, 19]","[8, 6]","[6, 2]",0,0,0,1,1,0,0,0,0,2,4
2024520401189,2024,520401189,339314,138107,-2.8688,51.139,2,"[3, 2]",4,15:09,-1,E06000066,3,0,1,0,2,19,"[8, 4]","[4, 8]",0,0,0,1,0,0,0,0,0,2,7
2024520401193,2024,520401193,312613,142726,-3.2515,51.17707,3,3,6,17:05,-1,E06000066,3,0,7,1,2,19,"[6, 4]","[4, 6]",0,"[0, 1]",0,1,0,0,0,0,0,2,9
2024520401194,2024,520401194,330994,139370,-2.98795,51.14941,2,2,5,05:38,-1,E06000066,6,2,5,1,1,19,"[4, 8]","[8, 4]",0,"[1, 0]",0,1,0,1,0,0,0,2,8
2024520401195,2024,520401195,309879,130922,-3.28764,51.07053,3,3,5,12:51,-1,E06000066,4,0,2,1,2,19,"[4, 8]","[8, 4]",0,0,0,1,0,0,0,0,0,1,4
2024520401198,2024,520401198,320590,124736,-3.13345,51.0165,3,3,4,08:00,-1,E06000066,6,0,1,0,1,19,"[8, 9]","[3, 9]",0,0,0,1,1,0,0,0,0,1,3
2024520401200,2024,520401200,330574,137731,-2.99364,51.13463,3,3,4,11:30,-1,E06000066,6,0,2,1,1,19,1,5,0,0,0,1,0,0,0,0,1,1,3
2024520401208,2024,520401208,354145,121961,-2.65478,50.99521,3,3,1,20:55,-1,E06000066,6,2,1,1,2,19,3,1,0,"[7, 0]",0,1,0,0,0,0,0,2,11
2024520401211,2024,520401211,345327,153628,-2.78523,51.27916,3,3,6,23:22,-1,E06000066,6,2,1,2,2,"[19, 2]","[5, 0]","[1, 0]","[4, 0]",0,0,1,0,1,0,0,0,1,19
2024520401213,2024,520401213,317203,122710,-3.18126,50.9978,3,3,6,10:00,-1,E06000066,6,0,1,0,2,19,"[1, 5]","[5, 1]",0,0,0,1,0,0,0,0,0,1,19
2024520401218,2024,520401218,330905,141053,-2.98955,51.16453,3,3,7,13:00,-1,E06000066,3,0,1,0,2,19,1,5,0,0,0,1,1,0,0,0,0,1,20
2024520401220,2024,520401220,321707,125680,-3.11773,51.02514,3,3,2,13:37,-1,E06000066,6,0,1,0,1,9,1,7,0,0,0,1,0,0,0,0,1,2,12
2024520401223,2024,520401223,330061,137109,-3.00085,51.12897,3,3,2,12:07,-1,E06000066,6,0,4,1,1,"[19, 9]","[7, 3]","[3, 1]",0,0,0,1,1,0,0,0,0,1,22
2024520401226,2024,520401226,365052,131112,-2.50025,51.07826,3,3,4,17:50,-1,E06000066,3,0,2,1,2,"[9, 19]","[2, 8]","[8, 4]",0,0,0,1,0,0,0,0,0,2,14
2024520401228,2024,520401228,306654,142548,-3.33667,51.17452,3,3,6,17:56,-1,E06000066,4,2,1,0,2,19,"[5, 1]","[1, 5]",0,"[1, 0]","[7, 0]",1,0,0,0,0,0,1,19
2024520401233,2024,520401233,352662,130637,-2.67705,51.0731,2,2,6,13:52,-1,E06000066,4,0,1,0,2,"[19, 5]","[6, 7]","[2, 3]",0,"[1, 7]","[0, 3]",1,0,0,0,0,0,1,26
2024520401236,2024,520401236,379036,147315,-2.30159,51.22464,1,1,2,23:00,-1,E06000066,3,2,1,0,2,19,5,1,0,1,"[0, 2]",1,0,0,0,0,0,4,8
2024520401241,2024,520401241,347397,136644,-2.75306,51.12665,3,3,7,12:40,-1,E06000066,3,0,1,0,1,"[9, 19]","[8, 6]","[6, 2]",0,0,0,1,0,1,0,0,0,1,6
2024520401248,2024,520401248,353648,114467,-2.6609,50.92778,3,3,6,14:00,-1,E06000066,3,0,1,0,1,19,"[7, 3]","[3, 7]",0,0,0,1,0,0,0,0,0,1,26
2024520401251,2024,520401251,335760,150853,-2.92188,51.25321,3,3,3,14:08,-1,E06000066,1,0,1,0,2,19,1,5,0,0,0,1,0,0,0,0,0,1,30
2024520401265,2024,520401265,357291,116038,-2.60926,50.94219,3,3,6,17:23,-1,E06000066,3,2,1,0,2,19,"[2, 3]","[6, 7]",0,0,0,1,1,0,0,0,0,1,12
2024520401267,2024,520401267,330400,135388,-2.99567,51.11354,3,3,5,09:45,-1,E06000066,3,0,1,0,1,"[4, 19]",1,5,0,0,0,1,0,0,0,0,0,2,1
2024520401268,2024,520401268,350836,113587,-2.70079,50.91964,2,2,6,22:00,-1,E06000066,3,2,1,1,2,19,7,3,0,1,11,1,0,0,0,0,0,2,2
2024520401272,2024,520401272,333496,115834,-2.94786,50.9381,3,3,1,14:20,-1,E06000066,3,0,1,0,2,"[19, 9]","[8, 1]","[4, 8]",0,"[1, 0]","[10, 0]",0,1,0,0,1,0,2,4
2024520401275,2024,520401275,363425,134130,-2.52378,51.10529,2,2,2,20:00,-1,E06000066,3,2,2,1,2,19,"[2, 6]","[6, 2]",0,"[7, 0]","[4, 0]",1,0,0,1,0,0,2,5
2024520401277,2024,520401277,374592,120511,-2.36333,50.98344,3,3,3,17:03,-1,E06000066,6,2,1,0,2,"[9, 19]","[3, 5]",1,0,0,0,1,0,1,0,0,0,2,6
2024520401278,2024,520401278,333845,150053,-2.94917,51.2458,3,3,2,14:50,-1,E06000066,6,0,1,0,2,19,8,4,0,0,0,1,0,0,0,0,1,1,15
2024520401284,2024,520401284,354541,152328,-2.65298,51.26828,3,3,4,17:39,-1,E06000066,4,2,1,1,2,19,"[1, 7]","[5, 3]",0,0,0,1,0,0,0,0,0,2,7
2024520401289,2024,520401289,350181,138519,-2.71355,51.14376,3,3,6,00:45,-1,E06000066,3,2,2,1,2,19,2,6,0,0,0,1,0,0,0,0,0,2,9
2024520401291,2024,520401291,330179,137989,-2.99933,51.1369,3,3,7,19:50,-1,E06000066,3,2,1,1,1,"[9, 19]","[8, 4]","[5, 8]","[0, 7]",0,0,1,0,0,0,0,0,2,10
2024520401292,2024,520401292,369228,143728,-2.44173,51.19194,1,"[2, 1]",4,18:38,-1,E06000066,3,0,1,0,2,"[13, 19]","[4, 8]","[8, 4]",0,0,0,1,0,0,0,0,0,4,17
2024520401294,2024,520401294,330700,138503,-2.99199,51.14158,3,3,6,14:15,-1,E06000066,3,0,2,1,1,"[9, 19]","[1, 5]","[7, 1]",0,0,0,1,0,1,0,0,0,2,9
2024520401298,2024,520401298,330084,136822,-3.00046,51.12639,3,3,3,18:10,-1,E06000066,3,2,1,0,1,19,4,8,0,0,0,1,0,0,0,0,1,2,13
2024520401300,2024,520401300,355855,116240,-2.62972,50.9439,2,2,2,20:11,-1,E06000066,3,2,1,0,1,19,3,7,"[7, 0]",0,0,1,0,0,0,0,0,2,12
2024520401301,2024,520401301,351682,125395,-2.69033,51.02588,3,3,2,15:16,-1,E06000066,3,0,1,0,2,"[19, 10]","[3, 5]","[7, 3]",0,0,0,1,0,0,0,0,0,2,12
2024520401303,2024,520401303,323695,126155,-3.08949,51.02967,3,3,2,15:10,-1,E06000066,6,0,1,0,1,19,"[5, 1]","[1, 5]","[0, 10]",0,0,1,0,0,0,0,0,2,12
2024520401306,2024,520401306,331728,154553,-2.98035,51.286,3,3,4,21:24,-1,E06000066,6,2,2,1,2,19,8,4,0,1,9,1,0,0,0,0,0,2,14
2024520401309,2024,520401309,334741,141475,-2.93477,51.16878,3,3,2,09:55,-1,E06000066,6,0,1,0,2,19,"[7, 1]","[3, 5]",0,0,0,1,0,0,0,0,0,2,12
2024520401314,2024,520401314,331606,149648,-2.98116,51.24189,2,"[3, 2]",6,20:05,-1,E06000066,4,2,1,0,2,"[19, 9]","[5, 3]","[1, 5]",0,"[0, 3]","[0, 2]",1,0,0,0,0,0,2,9
2024520401315,2024,520401315,303703,140960,-3.37845,51.15976,3,3,6,10:05,-1,E06000066,3,0,1,1,2,"[19, 9]","[7, 1]","[3, 7]",0,0,0,1,0,0,0,0,0,2,16
2024520401326,2024,520401326,329029,133081,-3.0148,51.09263,3,3,1,16:15,-1,E06000066,3,0,1,0,2,"[2, 19]","[0, 7]","[0, 3]","[0, 4]","[1, 0]","[11, 0]",1,0,0,0,0,0,2,18
2024520401327,2024,520401327,371501,153417,-2.40997,51.27918,3,3,1,16:30,-1,E06000066,3,0,1,0,2,"[19, 5]","[8, 2]","[4, 6]",0,0,0,1,0,0,0,0,0,2,18
2024520401333,2024,520401333,330970,141074,-2.98862,51.16473,3,3,4,14:30,-1,E06000066,3,0,1,1,2,"[3, 4]",2,5,0,0,0,1,0,0,0,0,0,2,21
2024520401335,2024,520401335,337639,147813,-2.89443,51.22609,3,3,6,23:31,-1,E06000066,4,2,2,1,2,19,7,1,0,7,4,1,0,0,0,0,0,2,23
2024520401336,2024,520401336,332152,136523,-2.97086,51.12395,3,3,7,18:30,-1,E06000066,3,2,1,1,2,19,"[3, 7]","[7, 3]",0,0,0,1,0,0,0,0,0,3,2
2024520401337,2024,520401337,345241,108894,-2.77968,50.87693,3,3,5,14:30,-1,E06000066,3,0,1,0,2,"[2, 19]","[0, 1]","[0, 5]",0,0,0,1,0,0,0,0,0,2,22
2024520401339,2024,520401339,377458,147311,-2.32418,51.22454,2,2,5,11:43,-1,E06000066,6,0,1,1,1,19,"[2, 8]","[6, 4]",0,0,0,1,1,0,0,0,0,2,22
2024520401342,2024,520401342,362260,153788,-2.5425,51.28197,3,3,6,15:41,-1,E06000066,3,0,2,1,2,19,"[5, 1]","[1, 5]",0,0,0,1,0,0,0,1,0,2,23
2024520401344,2024,520401344,353651,117603,-2.66126,50.95598,3,3,3,03:53,-1,E06000066,6,0,1,0,1,"[9, 19]","[7, 1]",5,0,0,0,1,0,0,0,0,0,2,20
2024520401349,2024,520401349,351687,125357,-2.69025,51.02554,3,3,7,12:45,-1,E06000066,4,0,1,0,2,"[8, 19]",5,"[7, 1]",0,0,0,1,0,0,0,0,0,1,6
2024520401352,2024,520401352,285580,146245,-3.63919,51.20392,1,1,2,06:30,-1,E06000066,3,0,1,0,2,19,3,7,0,0,0,0,0,1,0,0,0,4,22
2024520401355,2024,520401355,374590,148455,-2.36533,51.23471,3,3,3,14:03,-1,E06000066,6,0,1,0,2,19,3,7,0,1,4,1,0,0,0,0,0,2,27
2024520401358,2024,520401358,366452,143412,-2.48142,51.18894,2,2,1,13:10,-1,E06000066,3,0,2,1,2,"[3, 4]",7,3,0,0,0,1,0,0,0,0,0,2,25
2024520401360,2024,520401360,289690,146512,-3.58047,51.20713,3,3,3,11:50,-1,E06000066,3,0,1,0,2,"[19, 9]","[3, 4]","[7, 2]",0,1,"[3, 10]",1,0,0,0,0,0,2,27
2024520401369,2024,520401369,333169,135166,-2.95608,51.11187,3,3,7,08:50,-1,E06000066,3,0,1,1,2,19,7,4,0,0,0,1,0,0,0,0,0,3,2
2024520401373,2024,520401373,371125,141173,-2.41437,51.16906,3,3,1,08:22,-1,E06000066,3,0,1,2,2,19,1,5,0,7,10,1,0,0,0,0,0,3,3
2024520401378,2024,520401378,362695,126243,-2.53339,51.03433,3,3,1,17:03,-1,E06000066,3,0,1,0,2,19,7,3,0,0,0,1,0,0,0,0,0,3,3
2024520401382,2024,520401382,371499,153413,-2.41,51.27914,3,3,1,10:20,-1,E06000066,3,0,1,1,2,19,"[8, 2]","[4, 6]",0,0,0,1,0,0,0,0,0,3,3
2024520401384,2024,520401384,355475,117259,-2.63525,50.95303,3,3,4,09:09,-1,E06000066,3,0,1,0,1,"[9, 19]","[3, 1]","[1, 5]",0,0,0,1,0,1,0,0,0,3,6
2024520401388,2024,520401388,298076,145580,-3.4602,51.20031,2,2,5,12:30,-1,E06000066,6,0,1,0,2,"[19, 5]","[5, 7]","[1, 5]",0,0,0,1,0,1,0,0,0,3,7
2024520401396,2024,520401396,367254,150108,-2.47056,51.24919,3,3,6,19:30,-1,E06000066,3,2,1,0,2,19,5,1,0,0,0,1,0,0,0,0,1,3,8
2024520401403,2024,520401403,311859,126771,-3.25838,51.03352,3,3,1,15:30,-1,E06000066,4,0,1,0,2,19,"[8, 4]","[4, 8]",0,"[0, 1]",0,1,0,0,0,0,0,3,17
2024520401404,2024,520401404,330192,136897,-2.99893,51.12708,3,3,7,20:40,-1,E06000066,3,2,9,0,1,19,2,6,0,0,0,1,0,0,0,0,0,3,9
2024520401409,2024,520401409,353534,125032,-2.66388,51.02277,3,3,6,13:32,-1,E06000066,3,0,1,0,2,"[12, 19]",3,"[8, 7]",0,0,0,1,0,0,0,0,0,3,8
2024520401417,2024,520401417,351692,125394,-2.69019,51.02587,3,3,5,11:50,-1,E06000066,4,0,1,1,2,"[9, 19]","[5, 3]","[1, 7]",0,0,0,1,0,0,0,0,0,3,14
2024520401424,2024,520401424,345800,153234,-2.77839,51.27566,3,3,7,13:59,-1,E06000066,3,0,1,1,2,9,5,3,0,0,0,1,0,0,0,0,1,3,16
2024520401425,2024,520401425,366778,152425,-2.47759,51.27,3,3,7,15:50,-1,E06000066,4,0,1,0,2,19,3,7,0,1,3,1,0,0,0,0,0,3,16
2024520401430,2024,520401430,331305,137982,-2.98324,51.13697,2,2,1,00:30,-1,E06000066,6,2,2,1,1,19,4,8,0,0,0,1,0,0,0,0,1,3,17
2024520401433,2024,520401433,323955,117646,-3.084,50.95321,3,3,2,20:44,-1,E06000066,4,2,1,0,2,19,6,8,0,0,0,1,0,0,0,0,0,3,18
2024520401434,2024,520401434,347359,136533,-2.75359,51.12565,3,3,2,22:23,-1,E06000066,3,2,1,0,1,19,"[3, 1]","[7, 5]",0,0,0,1,0,0,0,0,0,3,18
2024520401435,2024,520401435,379152,154201,-2.30033,51.28656,3,3,4,07:30,-1,E06000066,3,0,2,1,2,"[19, 9]","[5, 2]",1,0,0,0,1,0,1,0,0,0,2,21
2024520401436,2024,520401436,296487,135832,-3.48013,51.1124,2,2,1,05:00,-1,E06000066,4,2,2,1,2,19,3,8,0,7,4,1,0,0,0,0,0,3,17
2024520401442,2024,520401442,332604,139212,-2.96491,51.14818,3,3,2,16:01,-1,E06000066,3,0,1,0,2,"[3, 19]",6,2,0,0,0,1,0,0,0,0,0,1,22
2024520401456,2024,520401456,348906,135946,-2.7314,51.12051,3,3,2,15:30,-1,E06000066,4,0,1,0,1,"[10, 19]",1,7,0,0,0,1,0,0,0,0,0,1,22
2024520401458,2024,520401458,325648,139946,-3.06449,51.15392,3,3,3,10:50,-1,E06000066,6,0,5,1,2,19,5,1,0,0,0,1,0,0,0,0,1,1,23
2024520401469,2024,520401469,351998,116230,-2.68461,50.9435,3,3,2,12:05,-1,E06000066,3,0,1,0,2,"[19, 3]","[4, 8]","[8, 4]",0,0,0,1,0,0,0,1,0,3,25
2024520401474,2024,520401474,325372,125151,-3.06537,51.02087,3,3,5,15:32,-1,E06000066,3,0,5,1,2,"[19, 11]",1,5,0,0,0,1,0,0,1,0,0,3,28
2024520401475,2024,520401475,363481,133649,-2.52294,51.10097,3,3,4,17:00,-1,E06000066,3,0,1,0,2,"[10, 19]",6,"[4, 1]",0,0,0,1,0,0,0,0,0,1,24
2024520401479,2024,520401479,308646,134712,-3.3062,51.1044,2,"[2, 3]",5,09:14,-1,E06000066,4,0,2,1,2,"[19, 9]","[5, 8]","[8, 5]",0,0,0,1,0,0,0,0,0,3,28
2024520401482,2024,520401482,356446,118031,-2.62152,50.96005,3,3,6,12:00,-1,E06000066,3,0,1,1,2,"[5, 19]","[4, 1]","[1, 6]",0,0,0,1,0,0,0,0,0,3,29
2024520401484,2024,520401484,313833,120525,-3.22875,50.97766,3,3,7,07:43,-1,E06000066,6,0,1,0,1,19,6,2,0,0,0,1,0,0,0,0,1,3,30
2024520401494,2024,520401494,325356,125274,-3.06562,51.02197,3,3,7,14:08,-1,E06000066,3,0,1,0,1,19,5,8,0,0,0,1,0,0,0,0,0,3,30
2024520401495,2024,520401495,322289,115950,-3.10735,50.93774,3,3,2,17:28,-1,E06000066,6,0,4,1,2,"[19, 4]",5,"[8, 1]",0,0,0,1,0,1,0,0,0,4,1
2024520401502,2024,520401502,327054,115298,-3.03941,50.9325,3,3,5,08:20,-1,E06000066,6,0,1,1,2,19,5,1,0,7,0,1,0,0,0,0,0,4,4
2024520401503,2024,520401503,344087,154625,-2.80317,51.288,3,3,5,05:56,-1,E06000066,3,2,1,0,2,13,7,3,0,1,11,1,0,0,0,0,0,4,18
2024520401504,2024,520401504,367931,134680,-2.45948,51.11051,3,3,5,09:57,-1,E06000066,6,0,1,1,2,19,8,4,0,0,0,1,0,0,0,0,0,4,4
2024520401508,2024,520401508,334957,151344,-2.93347,51.25753,3,3,1,00:30,-1,E06000066,3,2,2,1,2,19,5,2,0,1,2,1,0,0,0,0,0,4,7
2024520401513,2024,520401513,346090,107922,-2.76747,50.86827,3,3,3,15:40,-1,E06000066,3,0,1,0,2,"[5, 19]","[2, 8]","[6, 4]",0,0,0,1,0,0,0,0,0,4,9
2024520401515,2024,520401515,320739,132945,-3.13312,51.09032,3,3,4,10:30,-1,E06000066,6,0,2,1,2,19,3,5,9,1,9,1,0,0,0,0,0,4,10
2024520401526,2024,520401526,320904,124272,-3.12887,51.01237,3,3,6,17:21,-1,E06000066,3,0,1,0,1,19,2,6,0,0,0,1,1,0,0,0,0,4,12
2024520401528,2024,520401528,310752,141064,-3.2777,51.16184,3,3,7,18:43,-1,E06000066,6,0,1,0,2,19,"[4, 6]",1,0,0,0,1,0,0,0,0,0,4,13
2024520401537,2024,520401537,331126,145295,-2.9872,51.2027,3,3,3,11:26,-1,E06000066,6,0,8,0,2,"[7, 19]","[2, 8]",4,0,0,0,1,0,0,0,0,0,4,16
2024520401539,2024,520401539,378507,157695,-2.30979,51.31795,3,3,7,12:00,-1,E06000066,3,0,1,0,2,19,"[5, 1]","[1, 5]",0,0,0,1,0,0,0,0,0,4,6
2024520401542,2024,520401542,329836,133775,-3.00341,51.09897,3,3,7,12:30,-1,E06000066,3,0,1,0,2,"[19, 3]",6,1,0,0,0,1,0,0,0,0,0,4,20
2024520401546,2024,520401546,369686,146623,-2.43542,51.21799,3,3,2,21:15,-1,E06000066,6,2,1,0,2,19,"[3, 2]",7,0,0,0,1,0,0,0,0,0,1,29
2024520401548,2024,520401548,330974,141076,-2.98856,51.16475,3,3,4,08:15,-1,E06000066,3,0,1,0,2,"[19, 4]",2,5,0,0,0,1,0,0,0,0,0,1,31
2024520401550,2024,520401550,328466,122798,-3.0208,51.00011,3,3,5,14:45,-1,E06000066,3,0,1,0,2,"[19, 9]","[5, 3]",1,0,0,0,1,0,0,0,0,0,2,15
2024520401551,2024,520401551,331890,147706,-2.97673,51.22447,3,3,4,16:30,-1,E06000066,4,0,1,0,1,19,3,7,0,0,0,1,0,0,0,0,1,1,31
2024520401554,2024,520401554,346236,119855,-2.76715,50.97558,3,3,4,20:30,-1,E06000066,4,2,1,0,2,"[19, 99]","[5, 9]","[7, 9]",0,0,0,1,1,0,0,0,0,4,10
2024520401555,2024,520401555,297561,145241,-3.46747,51.19717,3,3,6,08:15,-1,E06000066,3,0,1,0,1,19,8,4,0,0,0,1,0,0,0,0,1,2,2
2024520401560,2024,520401560,378768,146571,-2.30538,51.21794,3,3,1,16:27,-1,E06000066,3,0,1,0,2,19,"[5, 1]","[1, 5]",0,"[7, 0]","[4, 0]",1,0,0,0,0,0,4,21
2024520401566,2024,520401566,318312,126062,-3.16621,51.0281,3,3,4,08:18,-1,E06000066,4,0,1,0,2,19,3,7,0,0,0,0,0,1,1,0,0,4,24
2024520401567,2024,520401567,355724,124391,-2.63258,51.01718,1,"[1, 3]",1,12:00,-1,E06000066,4,0,1,0,2,19,"[6, 4]","[2, 8]",0,0,0,1,0,0,0,0,0,5,12
2024520401571,2024,520401571,326490,127550,-3.04992,51.04258,3,3,6,17:15,-1,E06000066,3,0,1,0,2,"[19, 5]","[8, 5]","[4, 1]",0,0,0,1,0,0,0,0,0,4,19
2024520401574,2024,520401574,336581,134372,-2.9072,51.10512,3,3,7,00:35,-1,E06000066,3,2,1,0,2,19,6,2,0,1,9,1,0,0,0,0,0,3,30
2024520401579,2024,520401579,353644,117607,-2.66136,50.95602,3,3,2,15:28,-1,E06000066,6,0,1,0,2,"[9, 19]","[2, 4]",8,0,0,0,1,0,0,0,0,0,2,5
2024520401580,2024,520401580,344135,145309,-2.80102,51.20425,3,3,7,00:45,-1,E06000066,4,2,2,1,2,19,5,1,0,1,10,1,0,0,0,0,0,4,6
2024520401582,2024,520401582,329994,143281,-3.00301,51.18445,3,3,4,08:38,-1,E06000066,6,0,1,0,2,"[19, 9]",2,"[5, 6]",0,0,0,1,0,0,0,0,0,2,7
2024520401583,2024,520401583,329694,158457,-3.01029,51.32085,3,3,1,11:20,-1,E06000066,6,0,1,0,2,"[9, 13]",1,5,0,"[7, 0]","[11, 0]",1,0,1,0,0,0,2,11
2024520401584,2024,520401584,329488,136926,-3.009,51.12726,3,3,4,17:45,-1,E06000066,3,0,1,0,1,"[9, 19]","[4, 8]","[2, 4]",0,0,0,1,0,0,0,0,0,4,10
2024520401586,2024,520401586,356366,124856,-2.62348,51.02141,3,3,7,10:00,-1,E06000066,3,0,1,0,2,"[19, 3]",3,7,0,0,0,1,0,0,0,0,0,4,13
2024520401591,2024,520401591,299810,143740,-3.43488,51.18408,3,3,5,08:35,-1,E06000066,3,0,9,0,2,"[19, 4]",4,8,0,0,0,1,0,1,0,0,0,4,18
2024520401596,2024,520401596,354629,145510,-2.65085,51.20699,3,3,4,11:40,-1,E06000066,6,0,1,0,1,19,8,4,0,0,0,0,0,0,0,1,1,2,14
2024520401599,2024,520401599,352798,143784,-2.67683,51.19132,3,3,5,12:05,-1,E06000066,6,0,1,0,2,19,9,9,0,0,0,1,0,0,0,0,1,2,15
2024520401603,2024,520401603,359707,148757,-2.57853,51.23656,3,3,6,08:00,-1,E06000066,6,0,1,1,2,"[9, 19]","[6, 2]","[4, 6]",0,0,0,1,0,0,0,0,0,2,16
2024520401610,2024,520401610,327344,125329,-3.0373,51.02272,3,3,2,13:00,-1,E06000066,6,0,1,0,2,19,"[8, 4]","[4, 8]",0,0,0,1,1,0,0,0,0,2,12
2024520401615,2024,520401615,353009,116678,-2.67028,50.94761,3,3,3,22:50,-1,E06000066,6,2,1,0,1,"[19, 4]",5,1,0,0,0,1,0,0,0,0,0,2,20
2024520401631,2024,520401631,326347,138437,-3.05419,51.14044,2,"[2, 3]",5,09:30,-1,E06000066,3,0,1,0,2,19,"[3, 7]","[7, 3]",0,0,0,1,0,0,0,0,0,1,11
2024520401640,2024,520401640,332629,108712,-2.95888,50.87396,3,3,6,14:05,-1,E06000066,3,0,2,1,1,"[5, 19]","[4, 3]","[3, 7]",0,0,0,1,0,1,0,0,0,4,26