collision_index,collision_year,collision_ref_no,location_easting_osgr,location_northing_osgr,longitude,latitude,casualty_severity,casualty_severity,day_of_week,time,local_authority_district,local_authority_ons_district,first_road_class,light_conditions,weather_conditions,road_surface_conditions,urban_or_rural_area,vehicle_manoeuvre,vehicle_direction_from,vehicle_direction_to,hit_object_in_carriageway,vehicle_leaving_carriageway,hit_object_off_carriageway,is_car,is_cyle,is_mcyle,is_goodsv,is_other,is_pedestrian,month,day
2024520401645,2024,520401645,339518,125338,-2.86375,51.02422,3,3,6,12:00,-1,E06000066,3,0,1,0,2,19,6,2,0,0,0,0,0,0,1,0,1,4,26
2024520401651,2024,520401651,344447,157711,-2.79849,51.31578,3,3,3,08:14,-1,E06000066,6,0,1,0,2,19,5,1,0,0,0,1,0,0,0,0,1,4,30
2024520401654,2024,520401654,367161,118739,-2.46902,50.96713,3,3,2,17:15,-1,E06000066,6,2,9,0,2,"[1, 19]",4,8,0,0,0,1,0,1,0,0,0,3,4
2024520401659,2024,520401659,319676,130395,-3.14773,51.06725,3,3,3,06:50,-1,E06000066,6,0,2,1,2,19,"[4, 8]","[8, 4]",0,0,0,1,0,0,0,0,0,4,30
2024520401663,2024,520401663,321601,124572,-3.119,51.01516,3,3,4,17:14,-1,E06000066,3,0,2,1,1,"[19, 4]",7,3,0,0,0,1,0,1,0,0,0,5,1
2024520401668,2024,520401668,307284,142655,-3.32769,51.17559,3,3,4,12:34,-1,E06000066,6,0,1,0,2,19,"[1, 3]","[5, 1]",0,0,0,1,0,0,0,1,0,5,1
2024520401670,2024,520401670,326027,138946,-3.05886,51.14498,3,3,3,09:00,-1,E06000066,3,0,1,0,2,"[3, 19]","[7, 9]","[5, 9]",0,0,0,1,0,0,0,0,0,3,12
2024520401671,2024,520401671,329935,134601,-3.00216,51.10641,3,3,3,12:30,-1,E06000066,6,0,1,1,2,"[4, 19]",8,4,0,0,0,1,0,1,0,0,0,3,12
2024520401674,2024,520401674,373760,151417,-2.37744,51.2613,3,3,5,00:55,-1,E06000066,3,2,5,1,2,19,8,4,0,0,0,1,0,0,0,0,0,5,2
2024520401676,2024,520401676,349402,133969,-2.72404,51.10278,3,3,5,09:00,-1,E06000066,6,0,2,1,2,"[19, 5, 2]","[4, 1, 0]","[8, 0]",0,0,0,1,0,0,0,0,0,5,2
2024520401678,2024,520401678,355087,115221,-2.64052,50.93468,3,3,6,12:10,-1,E06000066,3,0,1,0,1,"[9, 19]","[6, 2]","[2, 6]",0,0,0,1,0,1,0,0,0,5,3
2024520401680,2024,520401680,334262,115365,-2.93687,50.93397,3,3,6,13:37,-1,E06000066,3,0,1,0,2,"[11, 19]","[6, 8]","[8, 2]",0,0,0,1,0,0,0,0,0,5,3
2024520401682,2024,520401682,332817,114483,-2.95727,50.92587,1,"[1, 3]",7,18:57,-1,E06000066,3,0,1,0,2,"[13, 9]",2,6,0,0,0,1,0,1,0,0,0,6,1
2024520401684,2024,520401684,329894,135495,-3.00292,51.11444,2,2,4,18:00,-1,E06000066,6,0,1,0,2,19,3,7,0,0,0,1,1,0,0,0,0,4,3
2024520401686,2024,520401686,376091,145606,-2.34364,51.20915,1,"[3, 1]",5,15:10,-1,E06000066,3,0,1,0,2,19,"[7, 3]","[3, 7]",0,0,0,1,0,0,1,0,0,5,30
2024520401687,2024,520401687,345728,112620,-2.77331,50.91048,2,2,7,14:30,-1,E06000066,3,0,1,0,2,19,5,1,0,0,0,1,0,1,0,0,0,5,4
2024520401691,2024,520401691,323274,120185,-3.09423,50.97594,3,3,1,09:15,-1,E06000066,4,0,2,1,2,"[19, 3]",1,"[5, 7]",0,0,0,1,0,0,0,0,0,3,17
2024520401704,2024,520401704,325599,138962,-3.06498,51.14507,3,3,4,14:00,-1,E06000066,3,0,4,1,2,"[19, 9]",3,"[7, 1]",0,0,0,1,0,0,0,0,0,4,10
2024520401708,2024,520401708,350280,138560,-2.71214,51.14413,3,3,2,10:00,-1,E06000066,3,0,1,0,2,"[4, 19]",2,6,0,0,0,1,0,0,0,0,0,3,25
2024520401709,2024,520401709,355237,116107,-2.6385,50.94265,2,2,7,07:20,-1,E06000066,3,0,1,0,1,19,5,1,0,0,0,0,0,1,0,0,0,4,13
2024520401721,2024,520401721,296544,146158,-3.48229,51.20523,3,3,6,16:32,-1,E06000066,6,0,1,0,1,19,2,6,0,0,0,1,0,0,0,0,1,5,3
2024520401728,2024,520401728,362620,142133,-2.53612,51.1772,3,3,5,14:30,-1,E06000066,3,0,2,1,2,"[19, 4]",7,3,0,0,0,1,0,0,0,0,0,3,28
2024520401733,2024,520401733,377683,147335,-2.32096,51.22477,3,3,7,18:30,-1,E06000066,6,0,1,0,1,"[3, 19]",3,7,0,0,0,1,0,1,0,0,0,3,30
2024520401735,2024,520401735,330741,137625,-2.99123,51.13369,3,3,4,18:26,-1,E06000066,6,2,1,0,1,19,6,2,0,0,0,1,0,0,0,0,1,1,31
2024520401739,2024,520401739,325537,123662,-3.06271,51.0075,3,3,6,09:13,-1,E06000066,6,0,1,1,2,19,"[1, 2]","[5, 1]",0,0,0,1,0,0,1,0,0,3,1
2024520401745,2024,520401745,345915,153206,-2.77674,51.27542,3,3,5,15:30,-1,E06000066,3,0,1,0,2,"[9, 19]","[1, 7]","[7, 3]",0,0,0,1,0,1,0,0,0,5,9
2024520401747,2024,520401747,370631,147269,-2.42194,51.22385,3,3,5,20:35,-1,E06000066,6,0,1,0,2,19,"[6, 4]","[2, 8]",0,0,0,1,0,0,1,0,0,5,30
2024520401748,2024,520401748,327000,126690,-3.04248,51.03491,3,3,3,08:51,-1,E06000066,1,0,1,0,2,"[13, 3, 19]",1,5,0,0,0,1,0,0,0,0,0,5,21
2024520401754,2024,520401754,327407,136037,-3.03855,51.119,3,3,5,12:35,-1,E06000066,6,0,1,0,2,"[9, 19]","[7, 5]","[5, 1]",0,0,0,1,1,0,0,0,0,3,21
2024520401757,2024,520401757,365015,152319,-2.50285,51.26894,2,2,3,17:15,-1,E06000066,6,0,1,0,2,19,7,3,0,0,0,1,0,0,0,0,1,5,7
2024520401758,2024,520401758,356742,114188,-2.61685,50.92551,3,3,5,18:00,-1,E06000066,6,0,1,0,2,19,"[1, 5]","[5, 1]",0,0,0,1,0,0,0,1,0,5,2
2024520401760,2024,520401760,299082,144470,-3.44549,51.19051,2,2,4,12:05,-1,E06000066,3,0,1,0,2,13,4,8,0,0,0,0,0,1,0,0,0,5,8
2024520401766,2024,520401766,332352,137623,-2.96821,51.13387,3,3,4,14:10,-1,E06000066,1,0,1,0,2,"[4, 19]",5,1,0,0,0,1,0,0,1,0,0,5,8
2024520401768,2024,520401768,322992,124330,-3.09912,51.01317,3,3,5,08:12,-1,E06000066,6,0,1,0,1,"[7, 19]",7,"[1, 3]",0,0,0,1,0,0,0,0,0,5,9
2024520401772,2024,520401772,343443,147732,-2.81131,51.22596,2,2,1,14:59,-1,E06000066,6,0,1,1,2,19,3,8,0,0,0,1,0,0,0,0,1,1,14
2024520401776,2024,520401776,332071,109536,-2.96696,50.88131,3,3,6,15:12,-1,E06000066,6,0,1,0,1,9,5,2,0,0,0,1,0,0,0,0,1,4,19
2024520401780,2024,520401780,309394,118654,-3.2915,50.96016,2,2,1,13:17,-1,E06000066,3,0,1,0,2,19,2,6,0,0,0,0,1,1,0,0,0,4,14
2024520401781,2024,520401781,314359,119648,-3.22105,50.96986,2,2,7,12:39,-1,E06000066,6,0,1,0,2,"[10, 19]",2,6,0,"[0, 1]","[0, 10]",1,0,1,0,0,0,4,20
2024520401782,2024,520401782,378670,148093,-2.30688,51.23162,3,3,6,15:00,-1,E06000066,6,0,1,0,2,"[2, 19]","[0, 8]","[0, 4]",0,0,0,1,1,0,0,0,0,4,12
2024520401788,2024,520401788,328487,137695,-3.02345,51.13404,3,3,7,15:30,-1,E06000066,4,0,4,0,1,"[19, 9]","[4, 2]","[7, 8]",0,0,0,1,1,0,0,0,0,4,6
2024520401792,2024,520401792,372047,128719,-2.40022,51.05713,3,3,7,11:25,-1,E06000066,6,0,1,0,2,19,7,2,0,0,0,1,0,0,0,0,1,4,6
2024520401796,2024,520401796,330631,138169,-2.99291,51.13857,3,3,4,11:00,-1,E06000066,3,0,1,0,1,19,5,1,0,0,0,1,0,1,0,0,0,3,27
2024520401801,2024,520401801,319915,125817,-3.1433,51.02612,3,3,1,15:15,-1,E06000066,4,0,1,1,1,19,5,2,0,1,11,1,0,0,0,0,0,5,5
2024520401808,2024,520401808,323577,124630,-3.09085,51.01595,3,3,6,12:35,-1,E06000066,3,0,1,0,1,"[3, 9]","[3, 5]","[7, 3]",0,0,0,1,0,0,0,0,0,4,12
2024520401809,2024,520401809,359706,148759,-2.57855,51.23658,2,"[2, 3]",7,14:30,-1,E06000066,4,0,1,0,2,19,"[8, 2]","[4, 6]",0,"[0, 1]",0,1,0,0,0,0,0,4,20
2024520401811,2024,520401811,341901,126767,-2.83,51.03731,3,3,5,14:30,-1,E06000066,3,0,1,0,2,19,6,2,0,0,0,0,0,0,1,0,1,4,11
2024520401812,2024,520401812,329836,136950,-3.00403,51.12751,3,3,5,10:05,-1,E06000066,6,0,1,0,1,19,9,9,0,0,0,1,1,0,0,0,0,4,11
2024520401813,2024,520401813,323142,128780,-3.09793,51.0532,3,3,6,07:20,-1,E06000066,6,0,1,0,2,19,7,3,0,0,0,0,0,0,0,1,1,4,12
2024520401815,2024,520401815,331058,136694,-2.98652,51.12536,3,3,1,17:00,-1,E06000066,3,0,1,0,1,"[19, 99]","[7, 9]","[3, 9]",0,0,0,1,1,0,0,0,0,4,14
2024520401822,2024,520401822,325417,124800,-3.06466,51.01772,3,3,1,17:10,-1,E06000066,3,0,1,0,2,19,1,5,0,0,0,1,0,0,0,0,0,6,9
2024520401826,2024,520401826,333411,148823,-2.95516,51.23469,3,3,7,14:50,-1,E06000066,3,0,1,0,2,"[9, 19]","[4, 2]","[2, 6]",0,0,0,1,0,0,0,0,0,5,4
2024520401827,2024,520401827,380803,151644,-2.27652,51.26363,3,3,4,14:14,-1,E06000066,3,0,1,0,2,"[19, 11]",5,1,0,"[4, 0, 5]","[6, 0]",1,0,0,1,0,0,5,15
2024520401828,2024,520401828,334183,147849,-2.94392,51.22602,2,"[2, 3]",2,00:19,-1,E06000066,6,2,1,1,2,19,4,8,0,7,0,1,0,0,0,0,0,5,6
2024520401837,2024,520401837,334124,154630,-2.94602,51.28698,3,3,5,10:45,-1,E06000066,3,0,1,0,2,"[6, 19]",5,"[5, 1]",0,0,0,1,0,0,0,0,0,6,6
2024520401845,2024,520401845,346084,107918,-2.76755,50.86824,3,3,4,19:07,-1,E06000066,3,0,1,0,2,19,"[4, 5]","[8, 1]",0,0,0,1,0,0,0,0,0,4,17
2024520401856,2024,520401856,363731,151362,-2.52116,51.26026,3,3,6,10:30,-1,E06000066,4,0,1,0,2,19,"[7, 3]","[3, 7]",0,"[1, 0]",0,1,0,0,0,0,0,5,10
2024520401857,2024,520401857,354694,116020,-2.64621,50.94183,3,3,6,14:55,-1,E06000066,6,0,1,0,1,19,7,3,0,0,0,1,0,0,0,0,1,4,19
2024520401858,2024,520401858,328673,118765,-3.01706,50.96387,3,3,3,10:30,-1,E06000066,6,0,1,0,2,19,"[5, 1]","[2, 5]",0,0,0,1,0,0,0,1,0,4,16
2024520401859,2024,520401859,329387,135400,-3.01014,51.11352,3,3,6,15:45,-1,E06000066,6,0,1,0,1,"[4, 19]","[1, 7]","[5, 3]",0,0,0,1,0,0,0,0,0,4,19
2024520401860,2024,520401860,333045,128731,-2.95665,51.054,2,"[2, 3]",7,16:40,-1,E06000066,3,0,1,0,2,19,"[2, 6]","[6, 2]",0,0,0,1,0,0,0,0,0,5,25
2024520401861,2024,520401861,329614,136960,-3.00721,51.12758,3,3,4,21:20,-1,E06000066,6,2,2,1,1,"[19, 2]","[3, 0]","[7, 0]","[4, 0]","[7, 1]",10,1,0,0,0,0,0,3,27
2024520401862,2024,520401862,369260,127018,-2.43984,51.04169,3,3,2,18:29,-1,E06000066,6,0,1,1,2,19,"[2, 7]","[7, 2]",0,"[0, 7]","[0, 10]",1,0,0,0,0,0,5,6
2024520401868,2024,520401868,293519,127768,-3.52013,51.03937,3,3,5,16:55,-1,E06000066,3,0,1,0,2,19,5,1,0,7,0,1,0,0,0,0,0,5,9
2024520401876,2024,520401876,379486,148375,-2.2952,51.23419,3,3,6,14:51,-1,E06000066,3,0,1,0,2,"[6, 19]",2,"[2, 6]",0,0,0,1,0,0,0,0,0,5,24
2024520401878,2024,520401878,344146,136364,-2.79947,51.12382,1,"[2, 1]",1,16:25,-1,E06000066,3,0,1,0,2,19,6,2,0,1,11,1,0,0,0,0,0,6,2
2024520401881,2024,520401881,323357,126460,-3.09437,51.03237,3,3,6,11:31,-1,E06000066,6,0,1,0,1,19,3,7,0,0,0,1,0,0,0,0,1,5,10
2024520401883,2024,520401883,330155,137190,-2.99952,51.12971,2,2,6,18:00,-1,E06000066,6,0,1,0,1,5,0,0,0,0,0,0,0,0,1,0,1,5,10
2024520401885,2024,520401885,329484,125232,-3.00677,51.02212,3,3,7,18:00,-1,E06000066,6,0,1,0,2,19,"[6, 3]","[2, 6]",0,0,0,1,0,0,0,0,0,5,11
2024520401886,2024,520401886,329714,138142,-3.00601,51.13822,3,3,1,23:00,-1,E06000066,6,2,1,0,1,"[2, 19]","[0, 5]","[0, 1]","[0, 4]",0,0,1,0,0,0,0,0,5,5
2024520401888,2024,520401888,351548,122887,-2.69191,51.00332,3,3,7,06:48,-1,E06000066,3,0,1,0,2,19,1,5,0,4,6,1,0,0,0,0,0,5,11
2024520401889,2024,520401889,360577,143904,-2.56553,51.19299,3,3,7,08:45,-1,E06000066,3,0,1,0,1,"[19, 9]",3,7,0,0,0,1,0,0,0,0,0,5,25
2024520401890,2024,520401890,320068,123857,-3.14069,51.00852,3,3,1,16:06,-1,E06000066,3,0,1,0,1,19,"[2, 6]","[6, 2]",0,0,0,1,0,0,0,0,0,5,12
2024520401892,2024,520401892,378003,147736,-2.31641,51.22838,3,3,1,17:00,-1,E06000066,3,0,1,0,1,19,1,5,0,0,0,1,0,0,0,0,1,5,12
2024520401893,2024,520401893,338410,109700,-2.87689,50.88349,3,3,5,17:15,-1,E06000066,6,0,1,0,2,"[19, 9]","[7, 2]",3,0,0,0,1,0,0,0,0,0,5,9
2024520401897,2024,520401897,364768,150102,-2.50617,51.24899,3,3,1,12:05,-1,E06000066,4,0,1,0,2,19,"[4, 2]","[8, 6]",0,0,0,1,0,0,0,0,0,5,12
2024520401901,2024,520401901,308986,126172,-3.29919,51.02768,3,3,3,15:48,-1,E06000066,6,0,1,0,2,"[3, 19]",5,1,0,0,0,1,0,0,0,0,0,5,14
2024520401902,2024,520401902,381046,153714,-2.27315,51.28225,3,3,4,07:15,-1,E06000066,4,0,1,0,2,"[5, 19]","[8, 6]","[4, 2]",0,0,0,1,0,0,0,0,0,5,15
2024520401903,2024,520401903,366192,152235,-2.48597,51.26826,3,3,3,20:58,-1,E06000066,4,2,1,0,2,19,"[1, 3]",6,0,0,0,1,0,0,0,0,0,5,14
2024520401904,2024,520401904,351709,125396,-2.68995,51.02589,3,3,4,07:56,-1,E06000066,3,0,1,0,2,"[19, 9]","[7, 8]","[3, 7]",0,0,0,1,0,0,0,0,0,5,15
2024520401911,2024,520401911,323755,124686,-3.08832,51.01648,3,3,4,08:05,-1,E06000066,6,0,1,0,1,19,9,9,0,0,0,1,0,0,0,0,1,4,24
2024520401913,2024,520401913,349361,130659,-2.72416,51.07301,3,3,2,14:54,-1,E06000066,4,0,2,1,2,19,"[5, 1]","[1, 5]",0,"[0, 1]",0,1,0,0,0,0,0,5,13
2024520401915,2024,520401915,346134,117344,-2.76823,50.953,3,3,5,17:51,-1,E06000066,3,0,1,0,2,"[19, 4]",8,2,0,0,0,1,0,0,0,0,0,5,16
2024520401923,2024,520401923,325105,124799,-3.0691,51.01767,3,3,5,22:28,-1,E06000066,6,0,1,0,1,"[9, 19]","[7, 3]",5,0,"[1, 0]","[2, 0]",1,0,0,0,0,0,5,16
2024520401925,2024,520401925,330412,137070,-2.99582,51.12866,3,3,2,14:25,-1,E06000066,3,0,1,0,1,"[19, 3]",4,7,0,0,0,1,0,0,0,0,0,1,22
2024520401928,2024,520401928,323723,124679,-3.08878,51.01641,3,3,6,11:30,-1,E06000066,3,0,1,0,1,"[15, 12]",3,7,0,0,0,0,1,0,1,0,0,5,17
2024520401931,2024,520401931,329580,136977,-3.00769,51.12772,3,3,7,03:00,-1,E06000066,6,2,1,0,1,19,9,9,0,0,0,0,0,1,0,0,1,3,2
2024520401932,2024,520401932,342320,137263,-2.82571,51.13172,3,3,6,18:26,-1,E06000066,3,2,1,0,2,"[4, 19]",7,4,0,0,0,1,0,0,0,0,0,2,2
2024520401934,2024,520401934,344107,109697,-2.79591,50.88405,3,3,6,12:00,-1,E06000066,3,0,1,0,2,1,9,9,0,0,0,1,0,0,0,0,1,4,26
2024520401935,2024,520401935,317326,121938,-3.17933,50.99088,3,3,1,14:50,-1,E06000066,3,0,1,0,2,"[19, 7]","[6, 1]","[2, 5]",0,0,0,1,0,0,0,0,0,5,19
2024520401937,2024,520401937,375560,145358,-2.35123,51.2069,3,3,1,19:25,-1,E06000066,3,2,1,0,2,"[4, 14, 2]","[2, 0]","[6, 0]",0,0,0,1,0,0,0,0,0,3,31
2024520401939,2024,520401939,329132,137755,-3.01425,51.13466,3,3,3,08:15,-1,E06000066,6,0,2,1,1,19,"[6, 7]","[2, 3]",0,0,0,1,1,0,0,0,0,3,12
2024520401947,2024,520401947,335747,115222,-2.91572,50.93285,3,3,5,17:50,-1,E06000066,4,2,2,1,2,"[19, 2]","[2, 0, 6]","[6, 0, 2]",0,0,0,1,0,0,0,0,0,2,15
2024520401951,2024,520401951,343536,116926,-2.80515,50.94899,3,3,3,17:40,-1,E06000066,6,0,1,0,2,19,"[1, 2]","[5, 1]",0,0,0,1,1,0,0,0,0,5,21
2024520401953,2024,520401953,381967,150588,-2.25978,51.25417,3,3,4,14:14,-1,E06000066,3,0,1,1,2,"[9, 19]",4,"[2, 6]",0,0,0,1,0,0,0,1,0,5,22
2024520401954,2024,520401954,382210,150370,-2.25629,51.25222,3,3,2,09:33,-1,E06000066,3,0,1,0,2,"[19, 5]","[1, 3]","[5, 7]",0,0,0,1,0,0,0,0,0,5,20
2024520401957,2024,520401957,323301,124557,-3.09477,51.01526,3,3,6,09:45,-1,E06000066,3,0,1,0,1,"[9, 19]","[1, 7]","[7, 3]",0,0,0,1,0,1,0,0,0,5,17
2024520401960,2024,520401960,317786,126424,-3.17379,51.03128,3,3,3,17:14,-1,E06000066,4,0,1,0,2,"[3, 19]","[7, 3]","[3, 7]",0,0,0,1,0,0,0,0,0,6,4
2024520401961,2024,520401961,323738,124707,-3.08857,51.01666,3,3,3,20:09,-1,E06000066,3,0,2,1,1,19,6,1,0,0,0,1,1,0,0,0,0,5,21
2024520401965,2024,520401965,376859,148292,-2.33283,51.23334,3,3,7,07:55,-1,E06000066,6,0,1,0,1,"[19, 7]","[1, 6]","[5, 1]",0,0,0,1,0,0,0,0,0,6,1
2024520401970,2024,520401970,355570,129237,-2.63537,51.06074,3,3,5,13:08,-1,E06000066,3,0,1,0,2,"[19, 10]",5,1,0,0,0,1,0,0,0,0,0,5,23
2024520401971,2024,520401971,348006,118922,-2.74181,50.96736,2,2,7,08:26,-1,E06000066,3,0,1,0,2,"[19, 7]","[4, 3]","[8, 7]",0,0,0,0,0,1,1,0,0,6,8
2024520401973,2024,520401973,330173,137998,-2.99942,51.13698,3,3,7,13:50,-1,E06000066,3,0,1,0,1,"[9, 19]","[8, 4]","[6, 8]",0,0,0,1,0,0,0,0,0,6,8
2024520401979,2024,520401979,340758,126295,-2.84622,51.03295,3,3,6,08:30,-1,E06000066,3,0,1,0,2,19,6,2,10,7,11,1,0,0,0,0,0,5,24
2024520401981,2024,520401981,362538,154985,-2.53864,51.29275,3,3,6,22:00,-1,E06000066,3,2,1,0,2,19,"[6, 1]","[1, 6]",0,0,0,1,0,0,0,0,0,5,24
2024520401985,2024,520401985,325636,126285,-3.06184,51.0311,2,2,6,16:40,-1,E06000066,6,0,1,0,1,19,2,6,0,7,11,1,0,0,0,0,0,5,24
2024520401988,2024,520401988,324980,123676,-3.07065,51.00756,3,3,1,15:37,-1,E06000066,1,0,2,1,2,19,2,6,0,1,7,1,0,0,0,0,0,5,26
2024520401997,2024,520401997,344438,116476,-2.79224,50.94503,3,3,5,20:46,-1,E06000066,3,2,2,1,2,19,7,3,0,0,0,1,0,0,0,0,0,2,15
2024520402000,2024,520402000,344103,109952,-2.79601,50.88634,2,"[3, 2]",5,15:45,-1,E06000066,3,0,1,0,2,19,"[5, 1]","[1, 5]",0,0,0,1,0,0,0,0,0,5,30
2024520402008,2024,520402008,320736,132954,-3.13317,51.0904,2,2,6,09:53,-1,E06000066,6,0,1,0,2,19,"[5, 1]","[1, 5]",0,0,0,1,1,0,0,0,0,5,31
2024520402011,2024,520402011,323739,123508,-3.0883,51.00588,3,3,6,08:15,-1,E06000066,4,0,1,0,1,"[13, 19]",5,8,0,0,0,1,1,0,0,0,0,5,3
2024520402018,2024,520402018,362667,142847,-2.53552,51.18362,3,3,2,14:07,-1,E06000066,6,0,1,0,1,"[7, 19]",5,"[7, 1]",0,0,0,1,0,1,0,0,0,6,10
2024520402021,2024,520402021,380795,151561,-2.27663,51.26288,3,3,5,19:58,-1,E06000066,3,0,1,0,2,19,"[5, 7]",1,"[9, 99]","[1, 9]","[2, 0]",1,0,0,0,0,0,6,6
2024520402026,2024,520402026,360031,141419,-2.57307,51.17061,3,3,7,17:40,-1,E06000066,3,0,1,0,2,19,"[3, 5]","[7, 1]",0,0,0,1,0,0,0,0,0,6,1
2024520402027,2024,520402027,333407,148821,-2.95521,51.23467,3,3,3,15:35,-1,E06000066,3,0,1,0,2,"[9, 19]","[4, 2]","[2, 6]",0,0,0,1,0,0,0,0,0,6,18
2024520402031,2024,520402031,355202,146034,-2.64271,51.21174,3,3,4,15:25,-1,E06000066,4,0,1,0,1,19,8,4,0,0,0,1,0,0,0,0,1,5,8
2024520402032,2024,520402032,362418,151251,-2.53996,51.25917,3,3,1,11:30,-1,E06000066,3,0,1,0,2,"[19, 9]","[1, 3]","[5, 7]",0,0,0,1,0,1,0,0,0,6,2
2024520402033,2024,520402033,329791,136752,-3.00464,51.12573,3,3,3,08:00,-1,E06000066,6,0,1,0,1,"[19, 99]",9,9,0,0,0,1,0,0,0,0,0,5,7
2024520402034,2024,520402034,310343,127390,-3.28015,51.03885,3,3,3,08:30,-1,E06000066,4,0,1,0,2,"[10, 19]",4,"[1, 8]",0,0,0,1,0,0,0,0,0,5,7
2024520402040,2024,520402040,329495,133075,-3.00814,51.09263,3,3,2,21:12,-1,E06000066,6,2,1,0,2,"[7, 19]","[7, 1]","[1, 5]",0,0,0,1,0,1,0,0,0,6,3
2024520402042,2024,520402042,352896,117302,-2.67197,50.95321,2,"[3, 2]",4,14:03,-1,E06000066,6,0,1,0,1,"[19, 9]","[5, 3]",1,0,0,0,1,0,0,0,0,0,6,5
2024520402043,2024,520402043,322782,126873,-3.10266,51.03601,3,3,6,15:25,-1,E06000066,6,0,1,0,1,19,7,3,0,0,0,1,0,0,0,0,1,6,7
2024520402054,2024,520402054,315368,142698,-3.21209,51.17723,2,2,3,16:02,-1,E06000066,3,0,1,0,2,19,8,5,0,0,0,1,0,1,0,0,0,6,11
2024520402057,2024,520402057,375363,155174,-2.35473,51.29516,3,3,1,19:45,-1,E06000066,3,0,2,1,2,19,7,3,0,8,10,1,0,0,0,0,0,6,16
2024520402059,2024,520402059,316198,130706,-3.19743,51.06954,3,3,7,09:55,-1,E06000066,3,0,2,1,2,19,1,5,0,2,4,1,0,0,0,0,0,6,15
2024520402060,2024,520402060,340054,153448,-2.86079,51.27701,3,3,1,19:43,-1,E06000066,3,0,1,0,2,19,6,2,0,1,4,1,0,0,0,0,0,6,16
2024520402064,2024,520402064,334192,115180,-2.93783,50.9323,2,"[2, 3]",1,18:54,-1,E06000066,3,0,1,0,2,19,"[6, 2]","[2, 6]",0,"[7, 0]","[10, 0]",1,0,0,0,0,0,6,16
2024520402065,2024,520402065,332007,141504,-2.97387,51.16872,3,3,2,08:51,-1,E06000066,6,0,1,0,2,"[2, 19]","[0, 1]","[0, 5]",0,0,0,1,0,0,0,0,0,6,17
2024520402070,2024,520402070,345049,153905,-2.78926,51.28162,3,3,5,16:21,-1,E06000066,3,0,9,-1,2,"[1, 19]","[1, 5]","[5, 1]",0,0,0,1,1,0,0,0,0,5,9
2024520402071,2024,520402071,325535,126802,-3.06339,51.03573,3,3,4,14:35,-1,E06000066,6,0,1,0,1,"[7, 19]","[7, 3]","[2, 7]",0,0,0,1,1,0,0,0,0,5,8
2024520402076,2024,520402076,323126,124510,-3.09725,51.01481,3,3,5,13:35,-1,E06000066,3,0,9,0,1,19,3,7,0,0,0,1,0,0,0,0,1,6,6
2024520402077,2024,520402077,345932,118935,-2.77135,50.96728,3,3,2,14:35,-1,E06000066,4,0,1,0,2,"[2, 19]","[0, 5, 1]","[0, 1, 7]","[0, 4]",0,0,1,0,0,0,0,0,6,17
2024520402078,2024,520402078,313967,120678,-3.22688,50.97906,3,3,4,11:40,-1,E06000066,4,0,1,0,1,1,6,2,0,0,0,1,0,0,0,0,1,6,19
2024520402080,2024,520402080,330012,133385,-3.00082,51.09548,2,2,6,06:14,-1,E06000066,1,0,1,0,2,19,6,2,0,1,10,0,0,0,1,0,0,6,28
2024520402081,2024,520402081,336119,114538,-2.9103,50.92674,2,2,6,12:35,-1,E06000066,6,0,1,0,2,4,1,5,0,0,0,1,0,0,0,0,1,6,28
2024520402083,2024,520402083,354288,146079,-2.6558,51.21207,2,"[3, 2]",7,14:38,-1,E06000066,6,0,1,0,1,19,"[4, 6]","[8, 2]",0,"[0, 3]",0,1,0,0,0,0,1,4,20
2024520402084,2024,520402084,363413,151317,-2.52571,51.25983,3,3,4,14:56,-1,E06000066,4,0,1,0,2,19,7,3,11,7,11,1,0,0,0,0,0,6,19
2024520402087,2024,520402087,354001,114504,-2.65589,50.92814,2,"[2, 3]",1,15:38,-1,E06000066,3,0,1,0,1,"[19, 2]","[3, 0]","[7, 0]",0,0,0,1,0,0,0,0,0,6,23
2024520402093,2024,520402093,320413,126335,-3.13632,51.03085,3,3,4,18:06,-1,E06000066,4,0,1,0,2,"[5, 19]","[2, 8]",6,0,0,0,1,1,0,0,0,0,6,19
2024520402100,2024,520402100,324049,125462,-3.0843,51.02349,3,3,5,16:10,-1,E06000066,3,0,1,0,1,4,2,6,0,0,0,0,0,1,0,0,0,6,20
2024520402105,2024,520402105,371164,131997,-2.41308,51.08656,3,3,6,18:15,-1,E06000066,4,0,1,0,2,"[19, 5]","[1, 3]",5,0,0,0,1,0,1,0,0,0,6,21
2024520402107,2024,520402107,331300,136674,-2.98306,51.12521,3,3,6,12:15,-1,E06000066,6,0,1,0,1,19,"[5, 7]","[1, 3]",0,0,0,1,0,0,0,1,0,6,21
2024520402108,2024,520402108,322706,143015,-3.1072,51.18112,2,"[2, 3]",3,06:01,-1,E06000066,6,0,1,0,2,19,"[5, 1]","[1, 5]",0,0,0,1,0,1,0,0,0,7,2
2024520402109,2024,520402109,375435,129634,-2.35194,51.06551,3,3,6,22:14,-1,E06000066,4,2,2,1,2,19,4,8,11,0,0,0,0,1,0,0,0,6,21
2024520402111,2024,520402111,355023,146490,-2.64533,51.21583,3,3,2,16:20,-1,E06000066,3,0,1,0,2,19,5,1,0,0,0,1,0,0,0,0,1,6,17
2024520402121,2024,520402121,354529,145601,-2.65229,51.2078,3,3,6,15:57,-1,E06000066,3,0,1,0,1,"[9, 19]","[4, 1]","[3, 5]",0,0,0,1,1,0,0,0,0,6,21