collision_index,collision_year,collision_ref_no,location_easting_osgr,location_northing_osgr,longitude,latitude,casualty_severity,casualty_severity,day_of_week,time,local_authority_district,local_authority_ons_district,first_road_class,light_conditions,weather_conditions,road_surface_conditions,urban_or_rural_area,vehicle_manoeuvre,vehicle_direction_from,vehicle_direction_to,hit_object_in_carriageway,vehicle_leaving_carriageway,hit_object_off_carriageway,is_car,is_cyle,is_mcyle,is_goodsv,is_other,is_pedestrian,month,day
2024520402129,2024,520402129,331294,138097,-2.98342,51.138,3,3,6,09:45,-1,E06000066,3,0,1,0,1,"[4, 5]","[2, 4]","[6, 2]",0,0,0,1,0,0,0,0,0,5,31
2024520402130,2024,520402130,377863,148268,-2.31844,51.23316,3,3,2,17:45,-1,E06000066,6,0,1,1,1,"[19, 9]","[6, 8]","[2, 6]",0,0,0,1,0,0,0,0,0,5,27
2024520402132,2024,520402132,363694,138372,-2.52037,51.14345,3,3,7,11:20,-1,E06000066,3,0,1,0,2,"[19, 10]",1,"[5, 7]","[10, 0]",0,0,1,0,0,0,0,0,6,22
2024520402133,2024,520402133,350795,113600,-2.70138,50.91975,2,"[2, 3]",1,08:47,-1,E06000066,3,0,1,1,2,19,7,3,0,1,10,1,0,0,0,0,0,6,30
2024520402134,2024,520402134,335522,151827,-2.92547,51.26194,3,3,7,16:40,-1,E06000066,3,0,1,0,2,"[4, 19, 10]",2,"[6, 7]",0,0,0,1,0,0,0,0,0,6,22
2024520402137,2024,520402137,377505,146860,-2.32348,51.22049,3,3,1,12:14,-1,E06000066,6,0,1,0,1,"[9, 19]","[6, 8]",4,0,"[0, 1]","[0, 11]",1,0,0,0,0,0,6,23
2024520402138,2024,520402138,330210,134328,-2.99818,51.10399,3,3,3,19:20,-1,E06000066,3,0,1,0,2,19,"[4, 9]","[2, 9]",0,0,0,1,0,0,0,0,0,5,21
2024520402146,2024,520402146,362371,151288,-2.54064,51.2595,3,3,3,14:15,-1,E06000066,3,0,1,0,2,"[9, 19]","[7, 1]",5,0,0,0,1,0,0,1,0,0,6,25
2024520402147,2024,520402147,368498,152013,-2.4529,51.26639,2,2,4,13:45,-1,E06000066,6,0,1,0,2,19,"[1, 5]","[5, 1]",0,0,0,1,0,0,0,0,0,6,26
2024520402151,2024,520402151,375080,129961,-2.35703,51.06843,3,3,6,00:40,-1,E06000066,4,2,1,0,2,7,3,5,0,0,0,0,0,1,0,0,0,6,28
2024520402152,2024,520402152,316843,129220,-3.18788,51.05628,3,3,3,08:47,-1,E06000066,6,0,1,0,2,19,5,1,0,0,0,1,0,1,0,0,0,6,11
2024520402157,2024,520402157,377286,145485,-2.32653,51.20812,3,3,4,22:32,-1,E06000066,3,2,1,0,2,"[4, 19]",8,4,0,0,0,1,0,1,0,0,0,7,3
2024520402159,2024,520402159,361722,143674,-2.54913,51.191,3,3,5,22:37,-1,E06000066,3,2,1,0,1,19,"[6, 8]","[2, 4]",0,0,0,1,0,0,0,0,0,7,4
2024520402160,2024,520402160,323522,128769,-3.09251,51.05315,3,3,5,19:06,-1,E06000066,6,0,2,1,2,19,1,5,0,1,10,1,0,0,0,0,0,7,4
2024520402161,2024,520402161,332837,147847,-2.96319,51.22585,3,3,5,17:06,-1,E06000066,6,0,1,0,1,"[3, 5]",5,1,0,0,0,1,0,0,1,0,0,7,4
2024520402163,2024,520402163,323548,125104,-3.09136,51.02021,3,3,6,19:00,-1,E06000066,3,0,2,1,1,"[4, 19]",2,6,0,0,0,1,0,0,0,0,0,7,5
2024520402169,2024,520402169,367246,134884,-2.46928,51.11231,3,3,6,18:40,-1,E06000066,6,0,2,1,2,19,"[8, 2]","[2, 8]",0,"[7, 0]","[10, 0]",1,0,0,0,1,0,7,5
2024520402174,2024,520402174,305774,140879,-3.34882,51.15938,3,3,7,09:35,-1,E06000066,3,0,1,0,2,19,"[3, 7]","[7, 3]",0,0,0,1,0,0,1,0,0,6,29
2024520402177,2024,520402177,326543,135989,-3.05088,51.11846,3,3,1,01:09,-1,E06000066,6,2,1,0,2,19,3,7,0,1,3,1,0,0,0,0,0,6,2
2024520402179,2024,520402179,346618,135074,-2.76396,51.11246,3,3,7,08:44,-1,E06000066,6,0,1,0,2,19,"[3, 7]","[7, 3]",0,"[1, 0]","[9, 0]",1,0,0,0,0,0,6,29
2024520402180,2024,520402180,355327,124256,-2.63822,51.01594,3,3,4,11:36,-1,E06000066,4,0,1,0,2,"[9, 19]","[1, 3]",7,0,0,0,1,0,0,0,0,0,7,10
2024520402181,2024,520402181,329521,113461,-3.00396,50.91629,2,2,2,23:25,-1,E06000066,3,2,2,1,2,19,7,3,0,0,0,1,0,0,0,0,0,7,8
2024520402182,2024,520402182,331214,118086,-2.98075,50.95808,3,3,2,07:50,-1,E06000066,3,0,1,0,2,"[4, 19]",4,7,0,0,0,1,0,0,0,0,0,7,8
2024520402183,2024,520402183,354298,138233,-2.65466,51.14153,3,3,3,10:56,-1,E06000066,3,0,1,0,2,19,"[7, 3]","[3, 7]",0,"[0, 1]","[0, 9]",1,0,0,0,0,0,7,2
2024520402184,2024,520402184,344126,127539,-2.79839,51.04447,3,3,5,16:30,-1,E06000066,4,0,1,0,2,"[9, 19]","[7, 2]","[4, 7]",0,0,0,1,0,0,0,0,0,7,4
2024520402185,2024,520402185,354510,145207,-2.65251,51.20425,2,2,3,10:15,-1,E06000066,3,0,2,1,1,7,3,7,0,0,0,1,0,0,0,0,1,7,9
2024520402186,2024,520402186,363509,129891,-2.52216,51.06718,3,3,5,14:00,-1,E06000066,3,2,1,0,2,"[19, 2]","[2, 0]","[6, 0]",0,0,0,1,0,0,0,0,1,7,4
2024520402192,2024,520402192,328762,132630,-3.01852,51.08854,3,3,5,19:57,-1,E06000066,6,0,1,0,2,"[19, 9]","[5, 3]",1,0,0,0,1,0,0,0,0,0,5,16
2024520402199,2024,520402199,352089,130738,-2.68524,51.07396,3,3,2,14:40,-1,E06000066,6,0,1,0,2,19,"[8, 5]","[5, 8]",0,0,0,1,0,0,0,0,0,2,12
2024520402202,2024,520402202,330925,141042,-2.98926,51.16444,3,3,5,07:30,-1,E06000066,3,0,1,0,2,"[3, 19]",8,4,0,0,0,1,0,0,1,0,0,7,11
2024520402205,2024,520402205,355723,116721,-2.63165,50.94821,3,3,6,13:00,-1,E06000066,6,0,1,0,1,"[10, 19]",2,8,0,0,0,1,1,0,0,0,0,5,24
2024520402210,2024,520402210,330215,137117,-2.99865,51.12906,3,3,1,18:00,-1,E06000066,6,2,1,0,1,"[2, 19]","[0, 7]","[0, 3]",0,0,0,1,1,0,0,0,0,2,25
2024520402212,2024,520402212,354923,115789,-2.64293,50.93977,3,3,6,10:42,-1,E06000066,6,0,1,0,1,"[19, 5]","[6, 4]","[1, 8]",0,0,0,1,0,0,0,0,0,7,12
2024520402216,2024,520402216,301605,142128,-3.40876,51.1699,3,3,2,10:20,-1,E06000066,3,2,2,1,2,19,"[6, 2]","[2, 6]",0,0,0,1,0,0,1,0,0,5,13
2024520402221,2024,520402221,329614,112168,-3.00239,50.90468,3,3,7,14:27,-1,E06000066,6,0,1,0,2,19,"[4, 8]","[8, 4]",0,0,0,1,0,0,0,0,0,7,13
2024520402222,2024,520402222,330171,137995,-2.99945,51.13695,3,3,6,15:39,-1,E06000066,3,0,1,0,1,19,"[2, 8]","[6, 4]",0,0,0,1,1,0,0,0,0,7,12
2024520402225,2024,520402225,359710,148754,-2.57849,51.23654,3,3,3,18:40,-1,E06000066,4,0,4,0,2,19,"[8, 6]","[4, 2]",0,"[1, 0]",0,1,0,0,0,0,0,7,9
2024520402227,2024,520402227,342302,155578,-2.82892,51.29639,3,3,2,17:52,-1,E06000066,3,0,1,0,2,4,1,8,11,7,1,1,0,0,0,0,0,7,1
2024520402228,2024,520402228,362566,150741,-2.53779,51.2546,2,2,4,16:00,-1,E06000066,3,0,1,0,2,19,"[5, 1]","[1, 5]",0,0,0,1,0,0,0,0,0,6,19
2024520402231,2024,520402231,292986,145784,-3.53309,51.20121,3,3,7,15:20,-1,E06000066,3,0,1,0,2,19,"[3, 7]","[7, 3]",0,0,0,1,0,0,0,0,0,6,22
2024520402233,2024,520402233,329988,136776,-3.00183,51.12597,3,3,4,10:15,-1,E06000066,3,0,9,0,1,3,7,2,0,0,0,1,1,0,0,0,0,7,17
2024520402242,2024,520402242,368219,128839,-2.45485,51.058,1,"[3, 1, 2]",4,05:20,-1,E06000066,3,0,1,0,2,19,"[1, 5]","[5, 1]",0,0,0,1,0,0,1,0,0,6,26
2024520402254,2024,520402254,354103,116524,-2.65469,50.94632,2,2,7,18:40,-1,E06000066,6,0,1,0,1,19,9,9,0,0,0,0,0,1,0,0,1,6,8
2024520402260,2024,520402260,334938,106545,-2.92568,50.85474,3,3,7,15:55,-1,E06000066,4,0,1,0,2,"[19, 9]","[1, 8]",6,0,0,0,1,0,0,0,1,0,7,6
2024520402262,2024,520402262,324900,125558,-3.07218,51.02447,3,3,3,14:15,-1,E06000066,3,0,1,0,1,"[4, 19]","[6, 9]","[2, 9]",0,0,0,1,0,0,0,0,0,6,11
2024520402265,2024,520402265,360597,126426,-2.56333,51.03583,3,3,5,22:03,-1,E06000066,3,2,9,0,2,"[9, 19]","[2, 3]","[6, 7]",0,0,0,1,0,1,0,0,0,7,11
2024520402269,2024,520402269,364857,139276,-2.50384,51.15165,3,3,3,05:29,-1,E06000066,6,0,1,0,2,"[19, 99]","[8, 9]","[6, 9]",0,0,0,1,1,0,0,0,0,6,11
2024520402272,2024,520402272,331916,147178,-2.97625,51.21972,3,3,2,06:10,-1,E06000066,3,0,1,0,1,"[5, 19]","[2, 8]","[6, 4]",0,0,0,1,1,0,0,0,0,6,10
2024520402276,2024,520402276,329454,121274,-3.00643,50.98653,2,"[3, 2]",6,14:15,-1,E06000066,3,0,2,1,2,"[19, 2]","[1, 5, 0]","[5, 1, 0]",0,"[0, 1]","[0, 1]",1,0,0,0,0,0,7,5
2024520402277,2024,520402277,342277,156030,-2.82935,51.30045,3,3,2,16:28,-1,E06000066,3,0,1,0,2,"[9, 19]","[7, 5]","[5, 1]",0,0,0,1,0,0,0,0,0,7,8
2024520402278,2024,520402278,282166,134466,-3.68418,51.09736,3,3,7,14:45,-1,E06000066,6,0,1,0,2,19,3,7,0,8,10,1,0,0,0,0,0,7,13
2024520402288,2024,520402288,330314,137514,-2.99731,51.13264,3,3,1,14:45,-1,E06000066,6,0,1,0,1,19,"[2, 8]",6,0,0,0,1,0,1,0,0,0,7,21
2024520402291,2024,520402291,354710,145444,-2.64968,51.2064,3,3,5,20:20,-1,E06000066,6,2,2,1,1,19,"[8, 2]",6,0,0,0,1,0,1,0,0,0,3,28
2024520402296,2024,520402296,327098,122501,-3.04023,50.99727,3,3,3,23:26,-1,E06000066,6,2,1,0,2,5,1,5,0,0,0,1,0,0,0,0,1,7,23
2024520402299,2024,520402299,330504,134763,-2.99406,51.10793,1,1,1,09:30,-1,E06000066,3,0,1,0,2,19,"[1, 5]","[5, 1]",0,0,0,1,0,1,0,0,0,8,4
2024520402302,2024,520402302,355321,146929,-2.64112,51.2198,3,3,3,13:45,-1,E06000066,3,0,2,1,2,"[4, 19]",2,6,0,0,0,1,0,0,0,0,0,7,9
2024520402304,2024,520402304,324974,125549,-3.07113,51.0244,3,3,5,17:48,-1,E06000066,3,0,1,0,1,"[3, 19]",7,3,0,0,0,1,0,0,0,0,0,7,11
2024520402308,2024,520402308,325228,124660,-3.06732,51.01644,3,3,5,16:04,-1,E06000066,6,0,2,1,1,"[5, 19]","[7, 6]","[3, 2]",0,0,0,1,1,0,0,0,0,7,25
2024520402310,2024,520402310,368508,146451,-2.45227,51.21638,3,3,1,14:16,-1,E06000066,6,0,1,0,2,"[19, 9]","[7, 3]","[3, 7, 8]",0,0,0,1,0,0,0,0,0,7,21
2024520402314,2024,520402314,322091,125144,-3.11214,51.02037,3,3,3,08:23,-1,E06000066,3,0,8,0,1,"[9, 19]","[7, 5]","[4, 1]",0,0,0,1,1,0,0,0,0,7,2
2024520402321,2024,520402321,350706,138429,-2.70603,51.14299,3,3,2,18:59,-1,E06000066,3,0,1,0,2,19,9,9,0,0,0,1,0,0,0,0,1,6,24
2024520402324,2024,520402324,319985,143946,-3.14633,51.18912,3,3,2,05:50,-1,E06000066,6,0,1,1,2,19,"[2, 4]","[4, 2]",0,0,0,1,1,0,0,0,0,6,24
2024520402328,2024,520402328,322738,124527,-3.10278,51.01491,2,2,4,18:05,-1,E06000066,3,0,1,0,1,19,"[9, 2]","[9, 6]",0,0,0,1,1,0,0,0,0,7,3
2024520402334,2024,520402334,379012,148355,-2.30199,51.23399,3,3,6,08:36,-1,E06000066,6,0,2,1,1,1,9,9,0,0,0,1,0,0,0,0,1,3,15
2024520402335,2024,520402335,327590,128101,-3.03434,51.04768,3,3,4,12:29,-1,E06000066,3,0,1,0,2,19,1,6,0,1,2,1,0,0,0,0,0,6,26
2024520402339,2024,520402339,289823,146182,-3.57846,51.20419,3,3,4,13:55,-1,E06000066,6,0,1,0,2,19,7,4,0,0,0,0,0,0,0,1,0,6,26
2024520402342,2024,520402342,313290,120264,-3.23642,50.97524,3,3,5,09:08,-1,E06000066,6,0,1,0,1,19,3,6,0,0,0,1,1,0,0,0,0,5,30
2024520402345,2024,520402345,330503,134936,-2.99411,51.10949,3,3,6,09:00,-1,E06000066,3,0,1,0,2,"[19, 9, 4]",5,"[1, 3]",0,0,0,1,0,0,0,0,0,7,19
2024520402349,2024,520402349,345383,154067,-2.7845,51.28311,3,3,1,00:15,-1,E06000066,4,2,1,0,2,"[9, 19]","[7, 4]","[4, 8]",0,0,0,1,0,0,0,0,0,7,21
2024520402350,2024,520402350,352590,121009,-2.67681,50.98652,3,3,7,13:30,-1,E06000066,3,0,1,0,2,"[19, 6]",1,"[5, 1]",0,0,0,1,0,0,0,0,0,7,6
2024520402352,2024,520402352,363402,132112,-2.52391,51.08715,3,3,2,10:00,-1,E06000066,6,0,1,0,2,19,9,9,0,0,0,1,0,0,0,0,1,6,24
2024520402353,2024,520402353,334298,115375,-2.93636,50.93406,3,3,6,14:25,-1,E06000066,3,0,2,1,2,"[19, 4]","[4, 2]","[2, 6]",0,0,0,1,0,0,0,0,0,7,5
2024520402357,2024,520402357,330514,137007,-2.99436,51.12811,3,3,2,12:30,-1,E06000066,3,0,2,1,1,5,8,4,0,0,0,0,0,0,1,0,1,7,15
2024520402358,2024,520402358,370318,154287,-2.42701,51.28694,3,3,6,11:10,-1,E06000066,3,0,1,0,2,19,"[4, 8]","[8, 4]",0,0,0,1,0,0,0,0,0,7,5
2024520402360,2024,520402360,313438,131179,-3.23692,51.07339,3,3,4,18:30,-1,E06000066,4,0,1,0,2,19,"[8, 4]","[4, 8]",0,0,0,1,0,1,0,0,0,7,17
2024520402372,2024,520402372,343606,116077,-2.80402,50.94136,3,3,2,13:33,-1,E06000066,6,0,1,1,2,"[1, 19]","[5, 2]","[1, 6]",0,0,0,1,0,0,0,0,0,5,13
2024520402373,2024,520402373,333044,109930,-2.9532,50.88496,3,3,3,07:05,-1,E06000066,6,2,2,1,2,"[7, 19]","[1, 7]",3,0,0,0,1,1,0,0,0,0,1,23
2024520402379,2024,520402379,329617,113425,-3.00259,50.91598,3,3,3,05:27,-1,E06000066,3,0,1,0,2,19,3,7,0,1,3,1,0,0,0,0,0,7,16
2024520402381,2024,520402381,366034,145833,-2.48763,51.21068,2,2,7,20:35,-1,E06000066,6,0,1,0,2,19,5,1,10,1,10,1,0,0,0,0,0,7,27
2024520402383,2024,520402383,378325,156453,-2.31233,51.30678,3,3,6,23:40,-1,E06000066,3,2,1,1,2,19,6,2,0,1,11,1,0,0,0,0,0,8,2
2024520402385,2024,520402385,349650,139446,-2.72127,51.15204,3,3,4,17:15,-1,E06000066,3,0,1,0,2,"[4, 19]",2,6,0,0,0,1,0,0,0,0,0,6,12
2024520402386,2024,520402386,349085,136760,-2.72896,51.12784,3,3,5,00:13,-1,E06000066,6,2,1,0,1,7,4,5,0,1,11,1,0,0,0,0,0,7,25
2024520402401,2024,520402401,351040,126885,-2.69969,51.03922,3,3,6,08:50,-1,E06000066,4,0,1,0,2,19,1,5,0,0,0,1,0,0,0,0,0,7,19
2024520402402,2024,520402402,366262,151866,-2.48494,51.26494,3,3,6,23:44,-1,E06000066,4,2,1,0,2,19,8,4,0,7,4,1,0,0,0,0,0,7,26
2024520402403,2024,520402403,331300,138120,-2.98334,51.13821,3,3,6,18:30,-1,E06000066,3,0,1,0,1,"[10, 99]","[5, 9]","[3, 9]",0,0,0,1,0,0,0,0,0,7,12
2024520402405,2024,520402405,338787,115520,-2.87251,50.93586,1,"[1, 3, 2]",5,15:35,-1,E06000066,3,0,1,0,2,19,"[7, 3]","[3, 7]",0,0,0,1,0,0,0,0,0,8,15
2024520402406,2024,520402406,323393,125056,-3.09356,51.01975,3,3,2,17:35,-1,E06000066,3,0,2,1,1,"[4, 19]",8,2,0,0,0,1,0,0,0,0,0,7,8
2024520402408,2024,520402408,363685,151359,-2.52182,51.26023,2,2,6,14:33,-1,E06000066,4,0,1,0,2,19,"[3, 5]","[7, 1]",0,0,0,0,0,1,0,1,0,7,19
2024520402410,2024,520402410,377702,148113,-2.32074,51.23176,3,3,3,10:45,-1,E06000066,6,0,1,0,1,1,8,4,0,0,0,1,0,0,0,0,1,7,23
2024520402412,2024,520402412,318511,139902,-3.1665,51.15255,2,2,1,22:47,-1,E06000066,3,2,1,0,2,19,2,7,10,0,0,0,0,0,0,1,0,7,28
2024520402415,2024,520402415,332676,128549,-2.96188,51.05232,1,1,6,18:32,-1,E06000066,3,0,1,0,2,19,"[6, 2]","[2, 6]",0,0,0,1,0,0,0,1,0,8,16
2024520402419,2024,520402419,333094,115079,-2.95344,50.93126,3,3,1,12:21,-1,E06000066,6,0,1,0,2,"[19, 9]",7,"[3, 1]",0,0,0,1,0,0,0,0,0,7,14
2024520402420,2024,520402420,313787,120961,-3.22951,50.98158,3,3,7,20:15,-1,E06000066,6,2,1,0,1,"[19, 7, 9]","[4, 6]","[8, 6, 4]",0,0,0,1,0,0,0,0,0,8,3
2024520402424,2024,520402424,365815,151052,-2.49126,51.2576,2,2,6,17:30,-1,E06000066,6,0,9,0,2,19,8,4,0,0,0,1,1,0,0,0,0,5,10
2024520402428,2024,520402428,354271,116661,-2.65232,50.94756,3,3,6,19:30,-1,E06000066,6,0,1,0,1,19,"[5, 1]","[1, 5]","[10, 0]","[1, 0]",0,1,0,0,0,0,0,7,19
2024520402438,2024,520402438,335673,150698,-2.9231,51.25181,3,3,3,12:35,-1,E06000066,1,0,1,0,2,"[19, 4]",1,5,0,0,0,1,0,0,0,0,0,7,30
2024520402439,2024,520402439,324902,125540,-3.07215,51.0243,3,3,5,10:25,-1,E06000066,3,0,1,0,1,19,3,7,0,0,0,1,0,0,0,0,0,8,1
2024520402444,2024,520402444,355566,146185,-2.63752,51.21313,3,3,5,09:50,-1,E06000066,4,0,2,1,1,19,9,9,0,0,0,1,0,0,0,0,1,7,25
2024520402447,2024,520402447,351834,112127,-2.6864,50.90659,3,3,6,23:15,-1,E06000066,6,2,1,0,2,19,1,7,0,0,0,1,0,0,0,0,0,7,19
2024520402450,2024,520402450,323827,124860,-3.08733,51.01805,3,3,6,09:45,-1,E06000066,6,0,1,0,1,19,5,1,0,0,0,1,0,0,0,0,1,7,26
2024520402451,2024,520402451,310561,141918,-3.28064,51.16949,3,3,7,12:20,-1,E06000066,3,0,1,0,2,"[19, 9]",3,"[7, 8]",0,0,0,1,0,1,0,0,0,8,3
2024520402452,2024,520402452,331175,139213,-2.98533,51.14802,3,3,4,19:13,-1,E06000066,6,0,1,0,2,19,"[1, 3]",7,0,0,0,1,1,0,0,0,0,5,15
2024520402455,2024,520402455,292426,145765,-3.54109,51.20094,3,3,6,16:55,-1,E06000066,3,0,1,0,2,19,7,3,0,"[1, 0]","[10, 0]",1,0,0,0,0,0,6,21
2024520402457,2024,520402457,330218,134336,-2.99807,51.10406,3,3,3,17:25,-1,E06000066,3,0,1,0,2,"[19, 11]",4,2,0,0,0,1,0,0,0,0,0,8,6
2024520402460,2024,520402460,353560,125000,-2.6635,51.02248,3,3,1,13:02,-1,E06000066,3,0,1,0,2,19,"[9, 3]","[9, 7]",0,0,0,1,0,1,0,0,0,6,2
2024520402461,2024,520402461,317071,126599,-3.18403,51.03275,3,3,4,07:15,-1,E06000066,6,0,1,0,2,"[3, 19]",9,9,0,0,0,1,0,0,0,0,0,7,31
2024520402465,2024,520402465,376569,145750,-2.33681,51.21047,1,1,6,14:14,-1,E06000066,3,0,1,0,2,"[19, 9]","[3, 5]","[7, 3]",0,0,0,1,0,1,0,0,0,8,23
2024520402467,2024,520402467,337708,138771,-2.89187,51.1448,3,3,5,17:45,-1,E06000066,3,0,1,0,2,19,4,8,0,0,0,1,0,1,0,0,0,7,4
2024520402468,2024,520402468,288150,146428,-3.60248,51.20608,1,1,3,15:38,-1,E06000066,3,0,1,0,2,19,8,2,0,7,11,0,1,0,0,0,0,8,27
2024520402473,2024,520402473,329313,109828,-3.00621,50.8836,3,3,7,16:15,-1,E06000066,3,0,1,1,2,19,"[7, 3]","[3, 7]",0,"[2, 0]","[4, 0]",1,0,0,0,0,0,7,20
2024520402475,2024,520402475,324038,134851,-3.08643,51.1079,3,3,1,11:02,-1,E06000066,6,0,1,0,2,19,"[3, 7]","[7, 3]",0,0,0,1,0,0,0,1,0,5,26
2024520402478,2024,520402478,331804,147756,-2.97797,51.2249,3,3,5,11:00,-1,E06000066,4,0,1,0,1,7,4,6,0,0,0,1,0,0,0,0,1,7,18
2024520402480,2024,520402480,362088,154841,-2.54507,51.29143,3,3,4,20:00,-1,E06000066,3,0,1,0,2,"[19, 4]",2,6,0,1,"[0, 11]",1,0,0,0,0,0,8,7
2024520402481,2024,520402481,317731,122208,-3.17362,50.99337,3,3,7,12:50,-1,E06000066,3,0,1,0,2,"[4, 19]",7,3,0,0,0,1,0,0,0,0,0,8,10
2024520402491,2024,520402491,355722,116710,-2.63167,50.94811,3,3,4,22:50,-1,E06000066,6,2,1,0,1,"[9, 19]","[6, 4]","[4, 8]",0,0,0,1,0,0,0,0,0,7,24
2024520402494,2024,520402494,320895,133180,-3.13095,51.09245,3,3,2,08:40,-1,E06000066,6,0,1,0,2,19,6,2,0,0,0,1,0,0,0,0,0,7,22
2024520402495,2024,520402495,318786,127652,-3.15981,51.04246,3,3,3,13:30,-1,E06000066,3,0,1,0,2,19,"[4, 8]","[8, 4]",0,0,0,1,0,0,0,0,0,7,16
2024520402497,2024,520402497,330607,149313,-2.99541,51.23876,3,3,2,18:45,-1,E06000066,4,2,1,1,1,19,4,8,0,0,0,1,0,0,0,0,1,1,15
2024520402499,2024,520402499,362996,146433,-2.53118,51.21589,3,3,1,03:00,-1,E06000066,3,2,1,0,2,19,"[5, 4]","[1, 8]",0,0,0,1,0,0,1,0,0,8,11
2024520402506,2024,520402506,344909,111860,-2.78484,50.90357,3,3,6,22:40,-1,E06000066,3,2,1,0,2,19,"[8, 5]","[4, 1]",0,0,0,1,0,0,0,0,0,5,10
2024520402510,2024,520402510,370633,147270,-2.42191,51.22386,3,3,5,13:25,-1,E06000066,6,0,1,0,2,19,"[4, 6]","[8, 2]",0,0,0,1,0,0,0,0,0,8,15
2024520402512,2024,520402512,356885,148843,-2.61896,51.23713,3,3,5,13:00,-1,E06000066,3,0,1,1,2,19,"[2, 6]","[6, 2]",0,"[1, 7]",11,1,0,0,0,0,0,7,25
2024520402528,2024,520402528,355005,129015,-2.6434,51.0587,3,3,2,21:00,-1,E06000066,6,2,2,1,2,19,"[2, 6]","[6, 2]",0,0,0,1,0,0,0,0,0,5,13
2024520402529,2024,520402529,328194,137845,-3.02767,51.13536,2,2,6,18:15,-1,E06000066,4,0,1,0,1,"[19, 1]",7,3,0,0,0,1,0,1,0,0,0,8,16
2024520402532,2024,520402532,344122,127538,-2.79845,51.04446,3,3,5,07:05,-1,E06000066,4,0,1,0,2,"[9, 19]","[6, 3]","[4, 6]",0,"[0, 9]",0,1,1,0,0,0,0,8,15
2024520402533,2024,520402533,324946,125568,-3.07153,51.02456,3,3,6,11:02,-1,E06000066,3,0,8,0,1,"[11, 19]",2,5,0,0,0,1,0,0,0,0,0,7,26
2024520402536,2024,520402536,362562,142133,-2.53694,51.1772,3,3,1,17:04,-1,E06000066,6,0,1,0,2,9,5,3,0,0,0,1,0,0,0,0,1,8,18
2024520402537,2024,520402537,333306,141569,-2.95531,51.16946,3,3,6,17:10,-1,E06000066,6,0,1,0,2,19,"[8, 3]","[3, 7]",0,0,0,1,0,0,0,0,0,8,16
2024520402539,2024,520402539,379056,147922,-2.30134,51.2301,2,2,6,06:30,-1,E06000066,3,0,1,0,1,19,7,3,0,0,0,1,1,0,0,0,0,8,2
2024520402542,2024,520402542,357076,139706,-2.61513,51.15499,3,3,3,20:24,-1,E06000066,3,0,1,0,2,19,2,6,0,0,0,1,0,0,0,0,0,8,20
2024520402552,2024,520402552,335522,151825,-2.92547,51.26192,3,3,1,13:53,-1,E06000066,3,0,1,0,2,"[19, 10]",6,"[2, 4]",0,0,0,1,0,1,0,0,0,6,9
2024520402553,2024,520402553,366138,144000,-2.48597,51.19421,3,3,1,04:22,-1,E06000066,6,0,1,0,2,19,8,4,0,7,10,1,0,0,0,0,0,7,28
2024520402555,2024,520402555,324120,124568,-3.0831,51.01546,3,3,7,16:30,-1,E06000066,6,0,1,0,1,"[3, 19]",3,7,0,0,0,1,0,0,0,0,0,7,27
2024520402556,2024,520402556,356201,116105,-2.62478,50.94271,3,3,5,10:00,-1,E06000066,6,0,2,1,1,1,0,0,0,0,0,1,0,0,0,0,1,9,5
2024520402558,2024,520402558,292397,130983,-3.53709,51.06806,3,3,2,11:50,-1,E06000066,3,0,1,0,2,19,5,1,0,2,10,1,0,0,0,0,0,7,29
2024520402560,2024,520402560,339331,112623,-2.86429,50.90987,3,3,2,10:26,-1,E06000066,6,0,1,0,2,19,"[3, 1]","[1, 3]",0,0,0,1,0,0,0,0,0,7,29
2024520402561,2024,520402561,366898,135041,-2.47426,51.1137,3,3,2,15:15,-1,E06000066,6,0,1,0,2,"[19, 3]",8,4,0,0,0,1,0,1,0,0,0,7,29
2024520402562,2024,520402562,353641,144453,-2.66485,51.1974,3,3,3,10:24,-1,E06000066,3,0,1,0,2,"[7, 19]","[4, 2]",6,0,0,0,1,0,0,0,0,0,7,30
2024520402571,2024,520402571,372992,145935,-2.38803,51.21197,3,3,2,07:20,-1,E06000066,6,0,1,0,2,"[19, 7]","[8, 1]",4,0,0,0,1,1,0,0,0,0,8,12
2024520402577,2024,520402577,344053,109372,-2.79663,50.88112,3,3,2,13:00,-1,E06000066,4,0,1,0,2,19,9,9,0,0,0,1,0,0,0,0,1,8,26
2024520402579,2024,520402579,376905,145625,-2.33199,51.20936,3,3,6,11:30,-1,E06000066,3,0,1,0,2,"[4, 19]",3,8,0,0,0,1,0,0,0,0,0,8,16
2024520402582,2024,520402582,361871,126443,-2.54517,51.03607,2,"[3, 2]",2,17:11,-1,E06000066,3,0,1,0,2,"[19, 4]",4,7,0,0,0,1,0,0,0,0,0,8,12
2024520402583,2024,520402583,325616,124943,-3.06185,51.01903,3,3,4,12:35,-1,E06000066,1,0,1,0,2,"[19, 11]",1,5,0,0,0,1,0,1,0,0,0,8,21
2024520402587,2024,520402587,316055,119644,-3.1969,50.97007,2,"[2, 3]",1,04:18,-1,E06000066,6,2,1,0,2,19,6,2,0,1,4,1,0,0,0,0,0,8,25
2024520402588,2024,520402588,338395,109697,-2.8771,50.88346,3,3,2,18:23,-1,E06000066,3,0,8,0,2,"[19, 5]","[7, 2]","[3, 6]",0,0,0,1,0,0,0,0,0,8,26