collision_index,collision_year,collision_ref_no,location_easting_osgr,location_northing_osgr,longitude,latitude,casualty_severity,casualty_severity,day_of_week,time,local_authority_district,local_authority_ons_district,first_road_class,light_conditions,weather_conditions,road_surface_conditions,urban_or_rural_area,vehicle_manoeuvre,vehicle_direction_from,vehicle_direction_to,hit_object_in_carriageway,vehicle_leaving_carriageway,hit_object_off_carriageway,is_car,is_cyle,is_mcyle,is_goodsv,is_other,is_pedestrian,month,day
2024520402589,2024,520402589,348462,134464,-2.73754,51.10714,2,2,3,22:13,-1,E06000066,4,2,1,0,2,19,7,3,0,7,11,1,0,0,0,0,0,8,27
2024520402592,2024,520402592,324265,126257,-3.08138,51.03067,3,3,7,09:20,-1,E06000066,3,0,1,0,2,19,"[6, 8]","[2, 4]",0,0,0,1,1,0,0,0,0,7,27
2024520402598,2024,520402598,341497,128348,-2.83602,51.05148,3,3,1,16:52,-1,E06000066,3,0,2,1,2,19,1,5,0,8,10,1,0,0,0,0,0,9,1
2024520402605,2024,520402605,332020,147477,-2.97482,51.22242,3,3,2,08:15,-1,E06000066,3,0,1,0,1,19,"[1, 5]","[5, 1]",0,0,0,1,0,0,0,0,0,7,29
2024520402606,2024,520402606,307778,127777,-3.31682,51.04192,3,3,2,17:11,-1,E06000066,4,0,1,0,2,"[6, 19]",7,"[7, 3]",0,0,0,1,1,0,0,0,0,7,29
2024520402608,2024,520402608,342304,155590,-2.82889,51.2965,3,3,4,15:53,-1,E06000066,3,0,1,0,2,"[7, 19]","[3, 6]","[5, 2]",0,0,0,1,0,0,0,0,0,7,31
2024520402609,2024,520402609,353663,125830,-2.66214,51.02996,3,3,3,15:04,-1,E06000066,3,0,1,0,2,"[19, 6]",6,"[2, 6]",0,0,0,1,0,0,0,0,0,7,23
2024520402612,2024,520402612,353797,124962,-2.66012,51.02216,3,3,4,14:45,-1,E06000066,6,0,9,0,2,19,"[2, 8]","[6, 4]",0,0,0,1,0,0,0,0,0,7,31
2024520402613,2024,520402613,354232,116380,-2.65283,50.94503,2,2,7,01:27,-1,E06000066,6,0,1,1,1,"[2, 19]","[0, 6]","[0, 2]","[0, 10]","[0, 1]","[0, 11]",1,0,0,0,0,0,7,20
2024520402614,2024,520402614,334731,141417,-2.9349,51.16826,3,3,6,15:00,-1,E06000066,4,0,2,1,2,"[19, 3]",5,1,0,0,0,1,0,0,0,0,0,9,6
2024520402615,2024,520402615,368011,152334,-2.45991,51.26925,3,3,5,22:48,-1,E06000066,4,2,1,0,2,19,3,7,0,7,4,1,0,0,0,0,0,8,1
2024520402616,2024,520402616,354666,145475,-2.65032,51.20667,3,3,6,19:04,-1,E06000066,6,0,1,0,1,"[9, 19]",4,"[2, 8]",0,0,0,1,0,0,0,0,0,8,23
2024520402618,2024,520402618,353030,115705,-2.66986,50.93886,2,"[2, 3]",1,07:41,-1,E06000066,3,0,1,0,2,19,"[8, 5]","[5, 1]",0,0,0,1,0,1,0,0,0,7,28
2024520402621,2024,520402621,362461,154971,-2.53974,51.29262,3,3,6,00:27,-1,E06000066,3,2,1,0,2,19,7,3,0,1,4,1,0,0,0,0,0,8,2
2024520402626,2024,520402626,342006,128234,-2.82874,51.05051,3,3,6,14:09,-1,E06000066,3,0,1,0,2,"[19, 9]","[7, 5]","[3, 1]",0,0,0,1,0,0,1,0,0,8,2
2024520402628,2024,520402628,349689,133825,-2.71992,51.10151,2,2,7,19:43,-1,E06000066,6,0,1,1,2,19,8,4,0,7,10,1,0,0,0,0,0,8,10
2024520402629,2024,520402629,322056,125532,-3.11272,51.02385,3,3,4,01:11,-1,E06000066,3,2,1,0,1,19,4,8,0,1,10,1,0,0,0,0,0,8,21
2024520402630,2024,520402630,325975,120694,-3.05587,50.98088,3,3,6,18:00,-1,E06000066,6,0,1,0,2,"[19, 1]",5,8,0,0,0,1,0,0,0,0,0,8,2
2024520402636,2024,520402636,340681,153716,-2.85185,51.27948,3,3,3,17:05,-1,E06000066,3,0,1,0,2,19,"[2, 6]","[6, 2]",0,0,0,1,0,0,0,0,0,8,6
2024520402638,2024,520402638,330506,134926,-2.99407,51.1094,3,3,3,08:30,-1,E06000066,3,0,1,0,2,"[19, 3]",5,1,0,0,0,1,0,0,0,0,0,8,6
2024520402640,2024,520402640,355490,116235,-2.63491,50.94383,3,3,5,09:57,-1,E06000066,3,0,2,1,1,"[9, 19]","[7, 1]",5,0,0,0,1,0,0,0,0,0,8,8
2024520402644,2024,520402644,350690,138446,-2.70626,51.14314,3,3,6,16:17,-1,E06000066,3,0,1,0,2,19,3,7,0,0,0,1,0,1,0,0,0,8,9
2024520402646,2024,520402646,325388,124834,-3.06508,51.01802,3,3,6,10:44,-1,E06000066,3,0,1,0,2,19,"[6, 5]","[2, 1]",0,0,0,1,0,0,0,0,0,8,9
2024520402648,2024,520402648,330953,139391,-2.98854,51.1496,3,3,7,11:00,-1,E06000066,6,0,1,0,1,19,4,6,7,0,0,0,1,0,0,0,0,8,10
2024520402649,2024,520402649,316246,121350,-3.19458,50.98544,3,3,5,12:14,-1,E06000066,3,0,1,0,2,"[3, 19]",2,6,0,0,0,1,0,0,0,0,0,8,8
2024520402654,2024,520402654,365035,131117,-2.5005,51.0783,3,3,2,15:22,-1,E06000066,3,0,1,0,2,"[9, 19]","[4, 1]","[1, 4]",0,"[7, 0]",0,1,0,0,0,0,0,8,12
2024520402655,2024,520402655,352225,122327,-2.68218,50.99834,2,2,1,08:35,-1,E06000066,3,0,1,0,2,19,5,1,0,0,0,1,0,1,0,0,0,8,11
2024520402657,2024,520402657,346447,111135,-2.76287,50.8972,3,3,3,16:06,-1,E06000066,3,0,1,0,2,19,"[3, 6]","[7, 2]",0,0,0,1,0,0,0,0,0,8,13
2024520402658,2024,520402658,321066,124335,-3.12657,51.01296,3,3,4,14:26,-1,E06000066,3,0,1,0,1,19,2,6,0,0,0,1,0,0,0,0,0,8,14
2024520402659,2024,520402659,357420,125181,-2.60849,51.02441,3,3,2,19:40,-1,E06000066,3,0,1,0,2,19,7,3,0,0,0,1,0,0,0,0,0,8,12
2024520402661,2024,520402661,369495,152411,-2.43865,51.27003,3,3,2,10:28,-1,E06000066,4,0,1,0,2,19,3,7,0,1,11,0,0,1,0,0,0,8,12
2024520402662,2024,520402662,362310,149180,-2.54129,51.24054,2,2,3,22:50,-1,E06000066,3,2,2,1,2,19,5,1,0,7,11,1,0,0,0,0,0,2,6
2024520402666,2024,520402666,310693,139289,-3.2781,51.14587,3,3,6,22:30,-1,E06000066,3,2,1,0,2,19,8,4,0,1,10,1,0,0,0,0,0,8,16
2024520402669,2024,520402669,332709,109014,-2.95779,50.87669,3,3,2,20:40,-1,E06000066,3,2,2,1,1,"[2, 19]","[0, 2]","[0, 6]","[0, 4]",0,0,1,0,0,0,0,0,9,2
2024520402671,2024,520402671,323625,125170,-3.09028,51.02081,3,3,7,20:35,-1,E06000066,3,2,1,0,1,"[5, 19]","[1, 6]","[5, 2]",0,0,0,1,0,0,0,0,0,9,14
2024520402673,2024,520402673,372946,143759,-2.38853,51.19241,3,3,3,07:00,-1,E06000066,3,0,1,1,2,"[7, 19]","[1, 5]","[3, 1]",0,0,0,1,0,0,1,0,0,9,3
2024520402675,2024,520402675,316303,130060,-3.19578,51.06375,3,3,7,12:20,-1,E06000066,3,0,1,0,2,"[9, 19]","[2, 8]","[8, 4]",0,0,0,1,0,1,0,0,0,6,8
2024520402677,2024,520402677,292466,145766,-3.54052,51.20095,3,3,1,00:52,-1,E06000066,3,2,1,0,2,19,3,7,0,0,0,1,0,0,0,0,0,8,25
2024520402679,2024,520402679,305823,140841,-3.34811,51.15904,3,3,6,11:08,-1,E06000066,3,0,1,0,2,"[13, 6]",3,"[7, 3]",0,0,0,1,0,1,0,0,0,8,16
2024520402680,2024,520402680,343772,143411,-2.80592,51.18715,3,3,6,16:50,-1,E06000066,4,0,1,0,2,19,"[4, 1]","[1, 4]",0,0,0,1,0,1,0,0,0,8,16
2024520402683,2024,520402683,348940,132857,-2.73048,51.09274,3,3,7,15:16,-1,E06000066,4,0,1,0,2,"[7, 19]","[7, 1]","[1, 5]",0,0,0,1,0,1,0,0,0,8,17
2024520402686,2024,520402686,362331,132931,-2.53928,51.09444,3,3,1,09:12,-1,E06000066,4,0,1,0,2,"[9, 19]","[5, 3]","[3, 7]",0,0,0,1,0,0,0,0,0,8,18
2024520402691,2024,520402691,323276,134739,-3.09729,51.10679,3,3,3,11:00,-1,E06000066,6,0,1,0,2,"[10, 19]",1,3,0,"[0, 7]",0,1,0,0,0,0,0,8,20
2024520402692,2024,520402692,323665,125166,-3.08971,51.02078,2,2,3,11:00,-1,E06000066,3,0,1,0,1,19,2,6,0,0,0,0,0,1,0,0,0,8,20
2024520402697,2024,520402697,321378,123261,-3.12189,51.00334,3,3,2,12:05,-1,E06000066,6,0,1,0,1,"[19, 2]","[2, 0]","[6, 0]",0,0,0,1,0,0,0,0,0,5,27
2024520402698,2024,520402698,300329,143033,-3.42726,51.17781,2,2,7,03:24,-1,E06000066,3,2,1,0,2,19,8,4,0,7,10,1,0,0,0,0,0,3,16
2024520402704,2024,520402704,320307,133909,-3.1395,51.09893,3,3,1,10:34,-1,E06000066,6,0,1,0,2,"[9, 19]","[6, 5]","[5, 1]",0,0,0,1,1,0,0,0,0,5,19
2024520402706,2024,520402706,348208,154355,-2.74404,51.28596,2,"[2, 3]",1,20:05,-1,E06000066,4,0,1,0,2,"[19, 13]","[7, 3]","[3, 7]",0,0,0,1,0,0,0,0,0,5,12
2024520402708,2024,520402708,364041,132233,-2.5148,51.08828,3,3,5,15:30,-1,E06000066,4,0,1,0,2,1,6,2,0,0,0,1,0,0,0,0,1,6,27
2024520402709,2024,520402709,341814,115366,-2.82941,50.93479,3,3,7,20:30,-1,E06000066,6,0,2,1,2,19,"[4, 8]","[8, 4]",0,0,0,1,0,0,0,0,0,5,25
2024520402713,2024,520402713,351676,125390,-2.69042,51.02584,2,2,2,10:20,-1,E06000066,3,0,1,0,2,"[9, 19]","[7, 3]","[5, 7, 3]",0,0,0,1,0,1,0,0,0,5,20
2024520402716,2024,520402716,337245,138983,-2.89853,51.14665,3,3,4,12:52,-1,E06000066,3,0,1,0,2,4,7,3,0,0,0,1,0,0,0,0,0,8,21
2024520402719,2024,520402719,309162,140358,-3.30025,51.15524,2,2,4,20:50,-1,E06000066,3,2,1,0,2,19,"[7, 3]","[3, 7]",0,0,0,1,0,0,0,1,0,9,18
2024520402720,2024,520402720,330509,134910,-2.99402,51.10925,3,3,5,13:00,-1,E06000066,3,0,1,1,2,"[3, 19]",5,1,0,0,0,1,0,0,0,0,0,8,22
2024520402721,2024,520402721,330168,137997,-2.99949,51.13697,3,3,5,07:35,-1,E06000066,3,0,2,1,1,"[9, 19]","[2, 6]","[8, 2]",0,0,0,1,0,0,0,0,0,8,22
2024520402723,2024,520402723,367497,127017,-2.46498,51.04158,2,"[3, 2]",7,08:38,-1,E06000066,3,0,5,1,2,19,3,7,0,1,7,1,0,0,0,0,0,8,24
2024520402724,2024,520402724,375055,155087,-2.35914,51.29436,3,3,6,07:46,-1,E06000066,3,0,2,1,2,19,2,4,0,7,10,1,0,0,0,0,0,8,23
2024520402731,2024,520402731,344733,156044,-2.79412,51.30082,3,3,1,14:40,-1,E06000066,6,0,1,0,2,19,8,4,0,7,10,0,0,1,0,0,0,8,25
2024520402733,2024,520402733,350040,138972,-2.71562,51.14782,3,3,2,12:24,-1,E06000066,6,0,1,0,2,19,3,7,0,0,0,1,1,0,0,0,0,8,26
2024520402736,2024,520402736,380781,151690,-2.27684,51.26404,3,3,6,11:35,-1,E06000066,3,0,1,0,2,"[19, 4]",5,1,0,0,0,1,0,0,0,0,0,8,30
2024520402743,2024,520402743,346944,117077,-2.75667,50.95067,2,2,1,17:50,-1,E06000066,6,0,1,0,2,"[2, 19]","[0, 2]","[0, 6]",0,0,0,1,1,0,0,0,0,8,18
2024520402744,2024,520402744,353802,124966,-2.66005,51.0222,3,3,3,18:03,-1,E06000066,6,0,1,0,2,"[19, 9]","[6, 2]","[2, 6]",0,0,0,1,0,0,0,0,0,8,27
2024520402745,2024,520402745,337738,133156,-2.89047,51.09432,2,2,4,11:19,-1,E06000066,3,0,1,0,2,13,4,8,0,0,0,1,0,1,0,0,0,8,28
2024520402748,2024,520402748,324940,125531,-3.07161,51.02423,3,3,2,12:25,-1,E06000066,3,0,1,0,1,"[19, 13]",7,3,0,0,0,1,0,0,0,0,0,8,26
2024520402749,2024,520402749,308984,118451,-3.29728,50.95827,2,2,5,07:30,-1,E06000066,3,0,1,0,2,4,6,2,0,1,4,1,0,0,0,0,0,8,29
2024520402751,2024,520402751,317331,121950,-3.17926,50.99099,3,3,5,10:57,-1,E06000066,6,0,1,0,2,"[7, 5]",1,"[6, 5]",0,0,0,1,0,0,0,0,0,8,29
2024520402752,2024,520402752,363494,146233,-2.52403,51.21412,3,3,4,01:00,-1,E06000066,6,2,1,0,2,19,7,3,0,1,4,0,0,0,1,0,0,8,28
2024520402753,2024,520402753,345953,153113,-2.77618,51.27459,2,2,5,09:38,-1,E06000066,3,0,1,0,2,9,3,1,0,1,11,1,0,0,0,0,0,8,29
2024520402756,2024,520402756,327634,128164,-3.03373,51.04825,3,3,6,10:43,-1,E06000066,3,0,1,0,2,"[19, 5]","[1, 2]","[6, 1]",0,0,0,1,0,0,0,0,0,8,30
2024520402760,2024,520402760,345105,141594,-2.78657,51.17094,3,3,7,19:19,-1,E06000066,4,0,1,0,2,19,2,4,0,1,11,1,0,0,0,0,0,6,22
2024520402765,2024,520402765,331639,149981,-2.98075,51.24489,3,3,4,16:50,-1,E06000066,6,0,1,0,1,19,5,1,0,3,9,1,0,0,0,0,0,9,18
2024520402767,2024,520402767,348837,138202,-2.73271,51.14079,3,3,4,20:52,-1,E06000066,3,2,1,0,2,19,"[2, 6]","[6, 2]",0,0,0,1,0,0,0,1,0,8,28
2024520402768,2024,520402768,316220,121340,-3.19494,50.98534,3,3,3,12:10,-1,E06000066,3,0,1,0,2,"[19, 3]",6,2,0,0,0,1,0,0,0,0,0,9,24
2024520402769,2024,520402769,354662,116470,-2.64673,50.94587,3,3,5,13:20,-1,E06000066,6,0,1,0,1,9,3,1,10,0,0,1,0,0,0,0,0,9,19
2024520402772,2024,520402772,320152,126156,-3.14,51.0292,3,3,4,08:30,-1,E06000066,4,0,1,0,1,"[9, 14]","[8, 6]","[6, 2]",0,0,0,1,0,1,0,0,0,9,25
2024520402775,2024,520402775,316410,119949,-3.19192,50.97287,3,3,4,08:25,-1,E06000066,1,0,1,0,2,19,3,6,0,5,6,1,0,0,0,0,0,6,26
2024520402778,2024,520402778,331859,137804,-2.97529,51.13544,3,3,1,21:59,-1,E06000066,6,2,2,1,1,19,"[1, 5]","[5, 1]",0,0,0,1,0,0,0,0,0,9,1
2024520402779,2024,520402779,377246,147256,-2.32722,51.22404,3,3,5,13:42,-1,E06000066,6,0,1,0,1,"[19, 13]",3,7,"[0, 4]",0,0,1,0,0,0,0,0,8,29
2024520402781,2024,520402781,356261,146130,-2.62757,51.21269,3,3,1,14:12,-1,E06000066,4,0,1,0,1,"[4, 19]",3,7,0,0,0,1,1,0,0,0,0,9,1
2024520402783,2024,520402783,326782,116057,-3.04344,50.93929,3,3,2,17:29,-1,E06000066,6,0,2,1,2,19,6,2,0,1,3,1,0,0,0,0,0,9,2
2024520402784,2024,520402784,380253,152437,-2.28444,51.27074,3,3,2,16:15,-1,E06000066,3,0,2,1,2,"[3, 5]",2,4,0,0,0,1,0,1,0,0,0,9,2
2024520402792,2024,520402792,332810,108902,-2.95634,50.87569,3,3,4,15:50,-1,E06000066,6,0,1,0,1,"[2, 19]","[0, 1]","[0, 5]","[0, 10]",0,0,1,0,0,0,0,0,9,4
2024520402794,2024,520402794,373266,120673,-2.38223,50.98483,3,3,6,17:42,-1,E06000066,3,0,2,1,2,19,6,2,0,1,3,1,0,0,0,0,0,9,6
2024520402796,2024,520402796,342221,115049,-2.82357,50.93198,3,3,5,08:36,-1,E06000066,6,0,2,1,2,19,"[2, 7]","[1, 2]",0,0,0,1,0,0,0,0,0,9,5
2024520402797,2024,520402797,356267,147337,-2.62763,51.22354,3,3,6,15:38,-1,E06000066,3,0,2,1,2,19,1,5,0,7,11,1,0,0,0,0,0,9,6
2024520402798,2024,520402798,372282,127052,-2.39674,51.04215,2,2,3,07:17,-1,E06000066,6,0,2,1,2,19,8,4,0,1,3,1,0,0,0,0,0,9,10
2024520402803,2024,520402803,362234,142772,-2.5417,51.18292,3,3,1,10:45,-1,E06000066,6,0,1,0,2,19,5,3,0,0,0,0,0,1,0,0,1,8,18
2024520402804,2024,520402804,370975,139953,-2.41642,51.15809,3,3,5,07:41,-1,E06000066,3,0,1,1,2,19,5,1,0,0,0,0,0,1,0,0,0,9,12
2024520402806,2024,520402806,320380,126441,-3.13681,51.0318,3,3,4,15:45,-1,E06000066,3,0,1,0,1,19,8,4,0,1,11,1,0,0,0,0,0,8,14
2024520402807,2024,520402807,345817,153233,-2.77815,51.27565,2,2,4,10:20,-1,E06000066,3,0,1,0,2,7,1,3,0,0,0,1,0,0,0,0,1,9,18
2024520402809,2024,520402809,287817,146234,-3.60718,51.20427,3,3,6,17:20,-1,E06000066,3,0,1,0,2,19,2,7,0,0,0,1,0,0,1,0,0,8,16
2024520402810,2024,520402810,331262,137773,-2.98381,51.13509,3,3,4,12:00,-1,E06000066,6,0,1,0,1,"[9, 19]","[4, 8]","[1, 4]",0,0,0,1,1,0,0,0,0,8,28
2024520402818,2024,520402818,323157,134730,-3.09898,51.1067,3,3,6,09:33,-1,E06000066,6,0,1,1,2,15,7,3,0,7,9,0,0,1,0,0,0,7,5
2024520402825,2024,520402825,340395,137607,-2.85327,51.13462,3,3,5,19:42,-1,E06000066,3,2,2,1,2,"[9, 19]","[2, 8]","[8, 4]",0,"[1, 0]",0,1,0,0,0,1,0,9,26
2024520402827,2024,520402827,327626,128199,-3.03385,51.04856,2,2,6,08:26,-1,E06000066,3,0,1,0,2,19,"[6, 1]","[1, 6]",0,0,0,1,0,0,0,1,0,10,4
2024520402828,2024,520402828,338670,138425,-2.87806,51.14179,3,3,5,21:54,-1,E06000066,3,2,2,1,2,"[19, 9]","[7, 1]","[3, 7]",0,0,0,1,0,0,0,0,0,9,26
2024520402829,2024,520402829,313275,142771,-3.24204,51.17757,3,3,1,18:45,-1,E06000066,3,2,2,1,2,19,"[2, 7]","[7, 2]",0,0,0,1,0,0,0,0,0,9,8
2024520402837,2024,520402837,336591,108891,-2.9026,50.87602,2,2,7,23:00,-1,E06000066,3,0,1,0,2,7,2,6,0,1,4,1,0,0,0,0,0,8,31
2024520402843,2024,520402843,375594,155314,-2.35142,51.29643,3,3,3,17:20,-1,E06000066,3,0,2,1,2,19,"[6, 2]","[2, 6]",0,0,0,1,0,0,0,0,0,9,10
2024520402847,2024,520402847,324526,123571,-3.0771,51.00655,3,3,3,11:19,-1,E06000066,6,0,1,0,1,"[19, 9]","[6, 2]","[2, 8]",0,0,0,1,0,0,0,0,0,9,10
2024520402849,2024,520402849,353943,145785,-2.6607,51.2094,3,3,2,17:05,-1,E06000066,3,0,1,0,1,"[3, 19]",3,7,0,0,0,1,0,0,0,0,0,9,9
2024520402857,2024,520402857,379619,148792,-2.29332,51.23794,3,3,4,07:11,-1,E06000066,6,0,1,1,2,19,7,3,0,0,0,1,0,0,0,0,0,9,11
2024520402862,2024,520402862,307729,141405,-3.32101,51.16442,3,3,4,12:18,-1,E06000066,6,0,4,0,2,"[2, 19]","[0, 1]","[0, 5]","[0, 4]",0,0,1,0,0,0,0,0,9,11
2024520402871,2024,520402871,330094,135904,-3.00014,51.11814,3,3,1,18:30,-1,E06000066,6,2,1,0,1,19,6,2,0,0,0,1,0,0,0,0,1,9,22
2024520402875,2024,520402875,326903,115517,-3.04161,50.93445,3,3,6,19:15,-1,E06000066,6,2,1,0,2,19,"[8, 4]","[4, 8]",0,0,0,1,0,0,0,0,0,10,4
2024520402882,2024,520402882,359732,125150,-2.57553,51.0243,3,3,5,08:29,-1,E06000066,3,0,1,0,2,"[19, 4]",2,6,0,0,0,1,0,0,0,0,0,9,12
2024520402889,2024,520402889,368676,149436,-2.45013,51.24323,3,3,6,15:30,-1,E06000066,6,0,1,0,2,19,3,7,0,7,11,1,0,0,0,0,0,9,13
2024520402890,2024,520402890,345868,107088,-2.7705,50.86075,3,3,5,15:28,-1,E06000066,3,0,2,1,2,4,5,1,0,7,10,1,0,0,0,0,0,9,12
2024520402892,2024,520402892,380520,154157,-2.28071,51.28621,3,3,6,17:54,-1,E06000066,6,0,1,0,2,"[9, 19]","[5, 3]","[3, 8]",0,"[0, 7]","[0, 11]",1,0,0,0,0,0,9,13
2024520402895,2024,520402895,316390,129051,-3.1943,51.05469,3,3,7,12:50,-1,E06000066,6,0,1,0,2,"[19, 4]",3,7,0,0,0,1,0,1,0,0,0,9,14
2024520402896,2024,520402896,371052,128586,-2.4144,51.05588,3,3,5,09:24,-1,E06000066,6,0,1,0,2,4,7,3,0,7,11,1,0,0,0,0,0,9,12
2024520402900,2024,520402900,379173,148608,-2.2997,51.23627,3,3,2,08:39,-1,E06000066,6,0,1,0,1,1,8,4,0,0,0,1,0,0,0,0,1,9,16
2024520402902,2024,520402902,360444,129400,-2.56584,51.06256,3,3,7,09:40,-1,E06000066,6,0,1,0,2,19,"[7, 1]","[3, 5]",0,0,0,1,0,0,0,0,0,9,14
2024520402905,2024,520402905,366585,152449,-2.48036,51.27021,3,3,3,16:38,-1,E06000066,3,0,1,0,2,19,"[6, 5]",2,0,0,0,1,0,0,0,0,0,9,17
2024520402908,2024,520402908,343578,154716,-2.81048,51.28877,3,3,4,00:21,-1,E06000066,3,2,1,0,2,19,3,7,12,0,0,0,0,1,0,0,0,9,18
2024520402909,2024,520402909,377303,148218,-2.32646,51.23269,3,3,1,11:36,-1,E06000066,6,0,1,0,1,19,8,4,0,1,10,1,0,0,0,0,0,6,2
2024520402918,2024,520402918,330218,134290,-2.99806,51.10365,2,2,3,15:47,-1,E06000066,3,2,1,0,2,"[7, 11]",2,"[6, 8]",0,0,0,1,0,1,0,0,0,7,16
2024520402919,2024,520402919,352548,155083,-2.68191,51.29289,3,3,6,17:31,-1,E06000066,4,0,1,0,2,"[19, 9]",4,"[8, 2]",0,0,0,1,0,1,0,0,0,9,20
2024520402920,2024,520402920,320146,123923,-3.13959,51.00913,3,3,6,17:52,-1,E06000066,3,0,1,0,1,"[19, 4]","[2, 6]","[6, 2]",0,0,0,1,0,0,1,0,0,10,4
2024520402928,2024,520402928,299027,143566,-3.44603,51.18238,3,3,2,16:40,-1,E06000066,3,0,1,0,2,19,1,5,0,0,0,1,0,0,0,0,1,9,9
2024520402939,2024,520402939,380099,148947,-2.28646,51.23935,3,3,6,08:35,-1,E06000066,6,0,1,0,2,"[7, 19]",6,1,0,0,0,1,0,0,0,0,0,9,13
2024520402942,2024,520402942,332645,108721,-2.95865,50.87405,3,3,2,09:38,-1,E06000066,3,0,1,0,1,19,3,7,0,0,0,0,0,0,0,1,1,9,9
2024520402946,2024,520402946,338659,139452,-2.87839,51.15102,2,2,1,22:46,-1,E06000066,6,2,1,0,2,19,7,3,0,1,1,0,0,1,0,0,0,7,14
2024520402947,2024,520402947,375647,155308,-2.35066,51.29637,3,3,2,08:44,-1,E06000066,3,0,1,0,2,19,2,6,10,0,0,1,0,0,0,0,0,9,30
2024520402948,2024,520402948,330911,137727,-2.98882,51.13463,2,2,2,07:00,-1,E06000066,3,0,2,1,1,19,6,2,0,0,0,1,0,0,0,0,1,10,14
2024520402953,2024,520402953,330087,137350,-3.00052,51.13114,3,3,3,09:10,-1,E06000066,6,0,1,0,1,"[10, 19]","[3, 5]",1,0,0,0,1,1,0,0,0,0,3,19
2024520402959,2024,520402959,330068,133454,-3.00004,51.09611,3,3,4,02:10,-1,E06000066,1,2,1,1,2,19,1,5,0,5,6,1,0,0,0,0,0,9,18
2024520402961,2024,520402961,343285,116880,-2.80872,50.94855,3,3,6,15:16,-1,E06000066,6,0,1,1,2,19,4,8,0,0,0,1,0,0,0,0,1,9,20
2024520402966,2024,520402966,330931,141032,-2.98917,51.16435,3,3,6,13:40,-1,E06000066,3,0,1,0,2,"[4, 19]",5,1,0,0,0,1,0,0,1,0,0,9,20
2024520402968,2024,520402968,324937,121523,-3.07082,50.98819,1,"[1, 3]",5,13:18,-1,E06000066,6,0,1,0,2,19,"[8, 4]","[4, 8]",0,0,0,1,0,0,0,0,0,9,12
2024520402969,2024,520402969,328935,136936,-3.0169,51.12728,3,3,3,17:30,-1,E06000066,6,0,1,0,1,15,7,3,0,0,0,0,0,1,0,0,1,9,17
2024520402974,2024,520402974,323353,124566,-3.09403,51.01534,3,3,2,12:50,-1,E06000066,3,0,1,0,1,19,3,7,0,0,0,1,0,1,0,0,0,9,9
2024520402975,2024,520402975,330588,134083,-2.99273,51.10183,3,3,6,11:45,-1,E06000066,6,0,1,0,2,"[4, 19]",8,4,0,0,0,1,0,0,0,0,0,9,27
2024520402984,2024,520402984,318922,127568,-3.15785,51.04172,3,3,3,11:12,-1,E06000066,3,0,2,1,2,"[9, 19]","[1, 8]","[8, 4]",0,0,0,1,0,0,0,0,0,10,1
2024520402985,2024,520402985,363957,137862,-2.51656,51.13888,3,3,3,10:38,-1,E06000066,3,0,1,0,2,19,1,5,0,1,0,1,0,0,0,0,0,9,10
2024520402986,2024,520402986,320950,123125,-3.12796,51.00206,3,3,6,20:10,-1,E06000066,6,0,1,0,1,"[19, 2]","[7, 0]","[3, 0]",0,0,0,1,0,0,0,0,0,8,16
2024520402987,2024,520402987,372031,127388,-2.40034,51.04516,3,3,4,10:30,-1,E06000066,6,0,9,1,2,19,8,4,0,1,3,1,0,0,0,0,0,9,25
2024520402991,2024,520402991,323290,124547,-3.09492,51.01516,3,3,4,07:05,-1,E06000066,3,2,1,1,1,19,2,6,0,0,0,0,0,1,1,0,0,9,11
2024520402993,2024,520402993,376557,149609,-2.33724,51.24517,3,3,5,13:48,-1,E06000066,6,0,1,0,2,"[19, 12]",2,"[4, 8]",0,0,0,1,0,1,0,0,0,10,3
2024520402995,2024,520402995,332527,105185,-2.95967,50.84224,3,3,2,16:29,-1,E06000066,3,0,9,1,2,19,1,5,0,1,10,1,0,0,0,0,0,9,23
2024520402999,2024,520402999,353039,117233,-2.66993,50.9526,3,3,2,17:50,-1,E06000066,6,0,1,0,1,19,1,3,0,0,0,1,0,0,0,0,1,9,9
2024520403003,2024,520403003,369557,152403,-2.43776,51.26996,3,3,6,19:47,-1,E06000066,4,2,2,1,2,19,7,4,10,1,11,1,0,0,0,0,1,10,18
2024520403005,2024,520403005,330599,138028,-2.99334,51.1373,3,3,4,17:21,-1,E06000066,3,0,2,1,1,"[19, 4]",5,1,0,0,0,1,0,0,0,0,0,9,25
2024520403006,2024,520403006,356159,147278,-2.62917,51.223,3,3,5,08:57,-1,E06000066,3,0,1,1,2,19,"[6, 2]","[2, 6]",0,"[1, 0]","[11, 0]",1,0,0,0,1,0,9,26
2024520403007,2024,520403007,329486,136919,-3.00903,51.12719,2,2,7,20:30,-1,E06000066,3,2,1,0,1,"[19, 9]","[4, 8]","[8, 6]",0,0,0,1,0,1,0,0,0,10,19
2024520403009,2024,520403009,332181,138835,-2.97088,51.14474,3,3,4,14:25,-1,E06000066,3,0,1,0,2,"[19, 9]","[2, 7]",6,0,0,0,1,0,0,0,0,0,10,23
2024520403016,2024,520403016,307707,141078,-3.32124,51.16148,3,3,3,18:57,-1,E06000066,3,0,1,0,2,19,1,5,0,0,0,1,0,0,0,0,1,4,9