collision_index,collision_year,collision_ref_no,location_easting_osgr,location_northing_osgr,longitude,latitude,casualty_severity,casualty_severity,day_of_week,time,local_authority_district,local_authority_ons_district,first_road_class,light_conditions,weather_conditions,road_surface_conditions,urban_or_rural_area,vehicle_manoeuvre,vehicle_direction_from,vehicle_direction_to,hit_object_in_carriageway,vehicle_leaving_carriageway,hit_object_off_carriageway,is_car,is_cyle,is_mcyle,is_goodsv,is_other,is_pedestrian,month,day
2024522401669,2024,522401669,361580,172693,-2.55429,51.45191,3,3,2,17:00,-1,E06000023,6,0,1,0,1,"[11, 3]",7,3,0,0,0,1,1,0,0,0,0,4,8
2024522401672,2024,522401672,357648,171825,-2.61077,51.44382,3,3,5,09:00,-1,E06000023,6,0,2,1,1,7,6,8,0,0,0,1,0,1,0,0,0,5,2
2024522401673,2024,522401673,362931,173729,-2.53496,51.46131,3,3,5,13:30,-1,E06000023,3,0,1,0,1,"[10, 5]","[4, 1]","[3, 6]","[0, 7]",0,0,1,0,0,0,0,0,5,16
2024522401675,2024,522401675,339852,159083,-2.86464,51.32765,3,3,3,17:05,-1,E06000024,3,0,1,0,2,19,"[8, 4]","[4, 8]",0,0,0,1,0,0,0,0,0,3,19
2024522401677,2024,522401677,357550,171311,-2.61212,51.43919,3,3,2,14:00,-1,E06000023,6,0,1,0,1,"[3, 1]","[5, 1]","[2, 5]",0,0,0,1,0,1,0,0,0,3,11
2024522401679,2024,522401679,372866,177724,-2.39227,51.4978,3,3,4,07:06,-1,E06000025,1,0,1,0,2,"[19, 2]","[3, 0]","[7, 0]","[0, 1]","[1, 0]","[11, 0]",1,0,0,1,0,0,4,10
2024522401681,2024,522401681,356098,172687,-2.63318,51.45145,3,3,5,03:39,-1,E06000024,3,0,5,1,2,19,4,8,0,0,0,1,0,0,0,0,1,5,2
2024522401683,2024,522401683,359383,174976,-2.58617,51.47228,3,3,5,12:30,-1,E06000023,6,0,1,0,1,"[3, 1]","[6, 2]","[2, 6]",0,0,0,1,0,1,0,0,0,3,7
2024522401685,2024,522401685,361427,175156,-2.55677,51.47404,3,3,5,17:17,-1,E06000023,4,0,2,1,1,"[19, 3]",8,4,0,0,0,1,0,0,0,0,0,3,14
2024522401689,2024,522401689,356037,175835,-2.63445,51.47975,3,3,2,09:00,-1,E06000023,6,0,1,0,1,9,1,8,0,0,0,1,0,0,0,0,1,5,6
2024522401694,2024,522401694,357539,171924,-2.61235,51.4447,3,3,3,15:05,-1,E06000023,6,0,1,0,1,"[9, 19]","[2, 6]","[8, 2]",0,0,0,1,1,0,0,0,0,3,19
2024522401696,2024,522401696,361119,175196,-2.5612,51.47438,3,3,4,19:48,-1,E06000023,1,2,1,0,1,"[3, 11]",6,2,0,0,0,1,0,0,0,0,0,3,20
2024522401697,2024,522401697,331668,160103,-2.98228,51.33589,3,3,1,10:22,-1,E06000024,3,0,1,0,1,19,5,1,0,0,0,1,1,0,0,0,0,5,5
2024522401699,2024,522401699,358686,171980,-2.59586,51.44529,3,3,4,22:55,-1,E06000023,6,2,1,0,1,"[3, 19]",5,1,0,0,0,1,0,0,0,0,0,3,20
2024522401700,2024,522401700,359044,172399,-2.59075,51.44909,3,3,5,10:45,-1,E06000023,3,0,1,0,1,11,5,8,0,0,0,1,1,0,0,0,0,3,21
2024522401701,2024,522401701,364538,173075,-2.51177,51.45554,3,3,4,17:16,-1,E06000025,6,0,1,0,1,"[19, 13]",1,5,0,0,0,1,1,0,0,0,0,3,6
2024522401702,2024,522401702,364829,175597,-2.50783,51.47823,3,3,4,08:30,-1,E06000025,3,0,1,0,1,"[9, 19]","[1, 5]","[7, 1]",0,0,0,1,1,0,0,0,0,3,20
2024522401706,2024,522401706,360895,173785,-2.56427,51.46168,3,3,1,13:58,-1,E06000023,4,0,1,0,1,"[19, 1]","[7, 1]","[3, 5]",0,0,0,1,0,1,0,0,0,5,5
2024522401712,2024,522401712,358056,178062,-2.60565,51.49993,2,2,1,11:21,-1,E06000023,6,0,1,0,1,19,3,7,0,0,0,1,0,1,0,0,0,4,14
2024522401713,2024,522401713,364220,178974,-2.51694,51.50855,3,3,3,15:30,-1,E06000025,4,0,1,0,1,"[19, 4]",3,7,0,0,0,1,0,0,0,0,0,3,26
2024522401714,2024,522401714,358977,172060,-2.59168,51.44603,3,3,2,08:30,-1,E06000023,3,0,1,0,1,"[12, 19]","[7, 3]","[3, 7]",0,0,0,1,1,0,0,0,0,3,25
2024522401715,2024,522401715,362101,175167,-2.54706,51.47419,2,2,3,08:10,-1,E06000023,3,0,1,0,1,"[9, 19]","[6, 2]","[4, 6]",0,0,0,1,1,0,0,0,0,3,19
2024522401716,2024,522401716,332267,161526,-2.97395,51.34876,3,3,4,10:10,-1,E06000024,6,0,1,0,1,"[19, 3]",1,5,0,0,0,1,0,0,0,0,0,3,27
2024522401717,2024,522401717,359707,174576,-2.58146,51.46871,3,3,2,13:15,-1,E06000023,6,0,1,0,1,"[19, 4]",2,6,0,0,0,1,0,1,0,0,0,3,25
2024522401719,2024,522401719,365359,175881,-2.50023,51.48082,3,3,4,16:55,-1,E06000025,4,2,1,0,1,"[7, 8]",3,5,0,0,0,1,0,0,0,0,0,3,27
2024522401720,2024,522401720,369745,181423,-2.43755,51.5309,2,"[3, 2]",1,14:58,-1,E06000025,6,0,2,1,2,19,"[4, 8]","[8, 4]","[0, 6]",0,0,1,0,0,0,0,0,5,5
2024522401723,2024,522401723,358872,173321,-2.59334,51.45736,3,3,3,18:58,-1,E06000023,3,0,1,0,1,"[11, 3]",2,6,0,0,0,1,0,0,1,0,0,5,7
2024522401724,2024,522401724,358726,172006,-2.59528,51.44553,2,2,7,19:30,-1,E06000023,3,2,1,0,1,"[19, 11]",3,7,0,0,0,1,0,0,0,0,0,3,30
2024522401725,2024,522401725,357281,173802,-2.61629,51.46157,3,3,4,17:50,-1,E06000023,4,0,1,0,1,19,9,9,0,0,0,1,1,0,0,0,1,3,27
2024522401726,2024,522401726,362159,189548,-2.54778,51.60349,3,3,6,14:01,-1,E06000025,6,0,1,0,2,19,"[1, 6]","[5, 2]",0,"[1, 0]","[10, 0]",1,0,0,0,0,0,4,26
2024522401729,2024,522401729,358608,173334,-2.59714,51.45746,3,3,4,19:10,-1,E06000023,4,2,9,1,1,19,6,2,0,0,0,0,0,0,0,0,0,3,27
2024522401730,2024,522401730,358611,172893,-2.59704,51.4535,2,2,6,20:42,-1,E06000023,4,2,1,0,1,"[19, 5]","[7, 5]","[3, 1]",0,0,0,1,1,0,0,0,0,4,19
2024522401731,2024,522401731,359552,174178,-2.58365,51.46512,3,3,6,18:46,-1,E06000023,6,0,1,0,1,19,"[6, 2]","[2, 6]",0,0,0,1,0,0,0,0,0,4,19
2024522401734,2024,522401734,345547,160331,-2.78311,51.33945,3,3,6,08:55,-1,E06000024,3,0,1,0,2,"[9, 19]","[3, 7]","[1, 3]",0,0,0,1,0,0,0,0,0,4,26
2024522401736,2024,522401736,358547,172822,-2.59796,51.45285,3,3,7,13:03,-1,E06000023,3,0,1,0,1,"[6, 19]","[1, 5]",1,0,0,0,1,0,1,0,0,0,3,30
2024522401737,2024,522401737,362280,170328,-2.54397,51.43069,3,3,6,07:16,-1,E06000023,3,0,1,0,1,19,8,4,7,0,0,1,0,0,0,0,0,4,26
2024522401740,2024,522401740,365857,171357,-2.49262,51.44017,3,3,5,22:40,-1,E06000025,6,2,1,1,1,"[3, 19]","[2, 6]","[6, 2]",0,0,0,1,0,1,0,0,0,3,14
2024522401741,2024,522401741,351551,170121,-2.69826,51.42801,3,3,2,16:13,-1,E06000024,4,0,1,0,2,19,"[2, 7]","[7, 2]",0,0,0,1,0,0,0,0,0,4,29
2024522401742,2024,522401742,358631,171849,-2.59663,51.44411,3,3,4,11:08,-1,E06000023,6,0,1,1,1,"[19, 1]","[5, 1]","[1, 5]",0,0,0,1,0,1,0,0,0,4,3
2024522401743,2024,522401743,350898,164687,-2.7069,51.3791,3,3,5,10:15,-1,E06000024,3,0,1,0,2,"[5, 19]","[5, 2]","[2, 8]",0,0,0,1,1,0,0,0,0,5,9
2024522401744,2024,522401744,359083,175381,-2.59054,51.4759,3,3,6,13:42,-1,E06000023,3,0,1,0,1,1,8,4,0,0,0,1,0,0,0,0,1,4,5
2024522401746,2024,522401746,341439,164505,-2.84276,51.37656,2,"[2, 3]",6,12:55,-1,E06000024,6,0,1,0,2,"[9, 19]",3,"[1, 7]",0,"[0, 7]","[0, 9]",1,0,1,0,0,0,3,8
2024522401750,2024,522401750,358774,168620,-2.5942,51.41509,2,2,5,21:28,-1,E06000023,3,2,1,0,1,19,2,1,0,0,0,1,0,0,0,0,1,5,2
2024522401751,2024,522401751,364474,191289,-2.51453,51.61929,2,2,5,20:55,-1,E06000025,4,2,1,0,1,"[9, 19]","[3, 1]","[1, 5]",0,0,0,1,0,1,0,0,0,5,2
2024522401752,2024,522401752,372323,182228,-2.40045,51.53827,2,2,7,22:20,-1,E06000025,4,2,1,0,1,19,3,7,0,1,11,1,0,0,0,0,0,5,4
2024522401755,2024,522401755,356661,167022,-2.62438,51.40056,3,3,1,03:15,-1,E06000024,6,0,8,1,2,19,6,3,0,0,0,1,0,0,0,0,0,5,5
2024522401756,2024,522401756,356950,168414,-2.6204,51.4131,3,3,7,12:16,-1,E06000023,6,0,1,0,1,19,1,5,0,0,0,1,0,1,0,0,0,3,30
2024522401759,2024,522401759,360968,173364,-2.56318,51.4579,3,3,4,15:39,-1,E06000023,3,0,1,0,1,"[19, 7]",7,"[3, 1]",0,0,0,1,1,0,0,0,0,6,5
2024522401761,2024,522401761,360561,173048,-2.569,51.45503,3,3,5,18:30,-1,E06000023,6,0,1,0,1,1,9,9,0,0,0,1,0,0,0,0,1,4,4
2024522401762,2024,522401762,331759,160607,-2.98107,51.34044,3,3,6,12:00,-1,E06000024,3,0,1,0,1,"[13, 19]",9,9,0,"[0, 1]","[0, 99]",1,1,0,0,0,0,5,17
2024522401767,2024,522401767,360141,171450,-2.57486,51.44063,2,"[3, 2]",3,07:58,-1,E06000023,3,0,1,0,1,"[9, 19]","[8, 4]","[6, 8]",0,0,0,1,1,0,0,0,0,4,30
2024522401770,2024,522401770,354200,173708,-2.66063,51.46048,2,"[3, 2]",5,20:49,-1,E06000024,3,2,1,0,2,19,"[4, 8]","[8, 4]",0,0,0,1,0,0,0,0,0,5,9
2024522401771,2024,522401771,357037,171595,-2.61954,51.44171,3,3,2,12:28,-1,E06000023,6,0,1,0,1,9,6,4,0,0,0,1,0,0,0,0,1,2,19
2024522401773,2024,522401773,346746,176105,-2.76827,51.48138,2,2,5,16:21,-1,E06000024,4,0,1,0,1,19,1,5,0,0,0,1,0,0,0,0,1,5,9
2024522401774,2024,522401774,365027,189469,-2.50636,51.60297,2,2,4,11:00,-1,E06000025,6,0,1,0,1,19,"[6, 4]",1,0,0,0,1,1,0,0,0,0,4,17
2024522401777,2024,522401777,366191,173640,-2.48803,51.46072,3,3,5,15:29,-1,E06000025,3,0,1,0,1,"[9, 3]","[5, 7]",3,0,0,0,1,0,0,0,0,0,5,9
2024522401779,2024,522401779,363414,178569,-2.52851,51.50486,3,3,3,16:20,-1,E06000025,3,0,2,1,1,"[5, 19]","[5, 9]","[1, 9]",0,0,0,1,1,0,0,0,0,3,26
2024522401783,2024,522401783,359882,173252,-2.57879,51.45682,3,3,3,18:18,-1,E06000023,3,0,1,0,1,19,2,6,0,0,0,1,0,0,0,0,1,4,23
2024522401785,2024,522401785,359843,174550,-2.5795,51.46848,3,3,5,21:05,-1,E06000023,4,2,1,0,1,"[5, 19]",7,3,0,0,0,1,0,1,0,0,0,4,4
2024522401787,2024,522401787,364710,177284,-2.50971,51.49339,3,3,6,06:00,-1,E06000025,3,0,1,0,1,"[19, 9]","[5, 7]","[1, 5]",0,0,0,1,1,0,0,0,0,4,5
2024522401789,2024,522401789,364129,178414,-2.5182,51.50351,3,3,3,18:00,-1,E06000025,3,0,1,0,2,"[5, 11, 3]",3,7,0,0,0,1,0,0,0,0,0,4,23
2024522401793,2024,522401793,362602,173707,-2.5397,51.46109,3,3,1,16:20,-1,E06000023,3,0,1,0,1,19,2,6,0,0,0,1,0,0,0,0,0,4,7
2024522401794,2024,522401794,359355,170106,-2.58602,51.42849,3,3,2,10:30,-1,E06000023,6,0,1,0,1,19,9,9,0,0,0,1,0,0,0,0,1,4,8
2024522401795,2024,522401795,359847,174544,-2.57944,51.46843,3,3,2,09:13,-1,E06000023,4,0,1,0,1,"[19, 5]","[1, 3]","[5, 7]",0,0,0,1,0,1,0,0,0,4,8
2024522401797,2024,522401797,333733,159765,-2.95258,51.3331,3,3,3,21:28,-1,E06000024,6,2,2,1,2,19,2,5,0,1,10,1,0,0,0,0,0,4,30
2024522401799,2024,522401799,358883,174817,-2.59335,51.47081,3,3,7,22:22,-1,E06000023,3,2,2,1,1,"[19, 13]",6,2,0,0,0,1,1,0,0,0,0,2,10
2024522401800,2024,522401800,359027,173235,-2.5911,51.4566,3,3,2,12:15,-1,E06000023,6,0,1,0,1,19,5,1,0,0,0,0,1,0,0,0,1,4,8
2024522401802,2024,522401802,358846,174565,-2.59386,51.46855,3,3,3,18:50,-1,E06000023,6,0,1,0,1,"[13, 19]",2,6,0,0,0,1,0,0,0,0,0,4,9
2024522401804,2024,522401804,362760,173746,-2.53743,51.46145,3,3,1,09:37,-1,E06000023,3,0,1,0,1,19,3,7,0,0,0,1,0,0,0,0,1,5,5
2024522401805,2024,522401805,359938,171577,-2.5778,51.44176,3,3,4,18:55,-1,E06000023,3,0,2,1,1,"[5, 9]","[2, 6]","[6, 4]",0,0,0,1,0,0,0,0,0,4,10
2024522401806,2024,522401806,358646,173395,-2.5966,51.45801,3,3,4,17:05,-1,E06000023,4,0,1,0,1,"[9, 19]","[2, 6]","[8, 2]",0,0,0,1,1,0,0,0,0,4,10
2024522401810,2024,522401810,359844,174538,-2.57949,51.46838,3,3,4,20:30,-1,E06000023,4,2,9,1,1,"[5, 19]",9,9,0,0,0,1,0,1,0,0,0,4,10
2024522401814,2024,522401814,361588,172693,-2.55418,51.45191,3,3,6,21:00,-1,E06000023,6,2,1,0,1,"[7, 5]",7,"[1, 3]",0,0,0,1,0,0,0,0,0,4,26
2024522401816,2024,522401816,358484,173073,-2.59889,51.45511,3,3,1,13:00,-1,E06000023,6,0,1,0,1,"[1, 19]","[4, 8]","[8, 4]",0,0,0,1,0,1,0,0,0,4,14
2024522401817,2024,522401817,357285,174830,-2.61636,51.47081,3,3,6,21:17,-1,E06000023,3,2,1,0,2,19,"[2, 4]","[6, 8]",0,0,0,1,0,1,0,0,0,5,31
2024522401818,2024,522401818,357546,174475,-2.61256,51.46764,3,3,1,17:00,-1,E06000023,3,0,1,0,1,"[9, 19]","[2, 8]","[8, 4]",0,0,0,1,1,0,0,0,0,4,14
2024522401819,2024,522401819,359579,172103,-2.58302,51.44646,3,3,7,11:52,-1,E06000023,3,0,1,0,1,4,2,6,0,0,0,1,0,1,0,0,0,4,13
2024522401820,2024,522401820,359116,175540,-2.59008,51.47733,2,"[3, 2]",6,13:16,-1,E06000023,3,0,1,0,1,19,1,5,0,0,0,0,0,1,0,0,1,5,10
2024522401821,2024,522401821,332563,162127,-2.96982,51.3542,2,"[2, 3]",1,04:49,-1,E06000024,6,2,1,0,1,"[2, 19]","[0, 7]","[0, 3]",0,0,0,1,0,0,0,0,0,5,12
2024522401823,2024,522401823,359486,178488,-2.58509,51.50386,3,3,1,23:21,-1,E06000025,6,2,7,1,1,19,"[6, 4]","[2, 8]",0,0,0,1,0,0,0,0,0,5,5
2024522401824,2024,522401824,350482,175621,-2.71441,51.47737,2,"[3, 2]",4,17:52,-1,E06000024,1,0,1,0,2,"[3, 11]",2,6,0,0,0,1,0,0,0,0,0,5,15
2024522401825,2024,522401825,359777,177718,-2.58081,51.49696,3,3,2,21:00,-1,E06000023,3,2,2,1,1,19,"[1, 8]","[5, 4]",0,0,0,1,0,0,0,0,0,5,13
2024522401830,2024,522401830,334173,161007,-2.94649,51.34432,2,2,1,12:57,-1,E06000024,3,0,1,0,1,19,"[2, 4]","[6, 8]",0,0,0,1,0,0,0,1,0,5,12
2024522401831,2024,522401831,332480,158716,-2.97036,51.32352,3,3,4,15:15,-1,E06000024,3,0,1,0,2,"[2, 19]","[0, 5]","[0, 1]","[0, 4]","[0, 7]",0,1,0,0,0,0,0,5,15
2024522401835,2024,522401835,359849,176415,-2.57963,51.48525,3,3,7,18:15,-1,E06000023,4,0,1,0,1,"[7, 19]",5,"[7, 1]",0,0,0,1,1,0,0,0,0,6,8
2024522401838,2024,522401838,360266,181647,-2.57421,51.53232,3,3,6,17:09,-1,E06000025,6,0,1,0,1,"[2, 1]","[0, 2]","[0, 6]",0,0,0,1,0,0,0,0,1,5,17
2024522401840,2024,522401840,332578,158440,-2.9689,51.32105,3,3,2,08:30,-1,E06000024,3,0,1,0,2,"[3, 19]",5,1,0,0,0,1,0,0,0,0,0,5,20
2024522401841,2024,522401841,358455,167705,-2.59868,51.40684,3,3,3,22:00,-1,E06000023,6,2,9,0,1,"[9, 19]","[1, 8]","[8, 4]",0,0,0,1,0,0,0,0,0,4,30
2024522401842,2024,522401842,359683,175055,-2.58186,51.47301,3,3,5,13:20,-1,E06000023,4,0,1,0,1,19,"[1, 6]","[5, 2]",0,0,0,1,0,1,0,0,0,4,11
2024522401846,2024,522401846,361246,182776,-2.56021,51.54254,3,3,7,11:50,-1,E06000025,6,0,1,2,1,"[3, 19]",4,8,0,0,0,1,0,0,0,0,0,3,2
2024522401847,2024,522401847,340123,159079,-2.86075,51.32764,2,2,3,20:12,-1,E06000024,3,2,1,0,2,19,3,7,0,0,0,0,0,0,1,0,1,5,14
2024522401848,2024,522401848,364440,176752,-2.51355,51.48859,3,3,2,16:00,-1,E06000023,6,0,1,0,1,"[19, 10]",4,"[8, 2]",0,0,0,1,1,0,0,0,0,4,15
2024522401849,2024,522401849,360937,178935,-2.56424,51.50799,3,3,2,09:40,-1,E06000025,6,0,1,0,1,"[4, 12]",5,1,0,0,0,1,0,1,0,0,0,4,15
2024522401850,2024,522401850,360156,173733,-2.5749,51.46116,3,3,2,17:00,-1,E06000023,6,0,1,0,1,"[2, 19]","[0, 8]","[0, 4]","[0, 4]",0,0,1,0,0,0,0,0,4,15
2024522401851,2024,522401851,358178,177264,-2.60379,51.49276,3,3,3,08:30,-1,E06000023,4,0,1,0,1,"[13, 19]",6,2,0,0,0,1,1,0,0,0,0,4,16
2024522401852,2024,522401852,358969,171640,-2.59175,51.44226,3,3,4,08:15,-1,E06000023,6,0,1,0,1,"[2, 19]","[0, 4]","[0, 8]","[0, 8]",0,0,1,1,0,0,0,0,4,17
2024522401853,2024,522401853,360194,171676,-2.57413,51.44267,3,3,5,09:30,-1,E06000023,3,0,1,0,1,19,7,3,0,0,0,1,0,0,0,0,0,4,18
2024522401854,2024,522401854,368989,169117,-2.44736,51.42021,3,3,4,10:26,-1,E06000025,3,0,1,0,2,"[10, 19, 3]",4,8,0,0,0,1,0,0,0,0,0,5,8
2024522401855,2024,522401855,359571,174198,-2.58338,51.4653,3,3,4,13:15,-1,E06000023,4,0,1,0,1,"[19, 5]","[2, 6]","[7, 2]",0,0,0,1,0,1,0,0,0,4,17
2024522401863,2024,522401863,366298,172650,-2.4864,51.45182,3,3,4,11:51,-1,E06000025,6,0,1,0,1,"[9, 19]","[5, 3]","[3, 7]",0,0,0,1,0,0,0,0,0,5,8
2024522401864,2024,522401864,335087,161818,-2.93352,51.35171,2,2,2,13:44,-1,E06000024,6,0,2,1,1,19,3,8,0,1,11,1,0,0,0,0,1,5,13
2024522401865,2024,522401865,350756,175548,-2.71045,51.47674,3,3,1,10:15,-1,E06000024,3,0,1,0,2,"[19, 11]","[7, 9]","[4, 9]",0,0,0,1,0,0,0,0,0,4,21
2024522401866,2024,522401866,331795,161124,-2.98065,51.34509,3,3,3,08:00,-1,E06000024,3,0,1,0,1,"[19, 5]","[7, 1]","[3, 5]",0,0,0,1,0,0,1,0,0,5,21
2024522401867,2024,522401867,361898,170715,-2.54951,51.43414,3,3,6,15:22,-1,E06000023,3,0,1,0,1,"[9, 19]","[3, 7]","[1, 3]",0,0,0,1,1,0,0,0,0,5,17
2024522401869,2024,522401869,363585,175095,-2.52569,51.47364,3,3,6,16:45,-1,E06000023,4,0,1,0,1,"[3, 19]",5,1,0,0,0,1,0,0,0,0,0,4,12
2024522401870,2024,522401870,360629,173409,-2.56806,51.45828,3,3,5,14:20,-1,E06000023,3,0,1,0,1,"[10, 9]","[3, 1]","[1, 7]",0,0,0,1,1,0,0,0,0,4,18
2024522401871,2024,522401871,359359,173522,-2.58635,51.45921,3,3,4,17:30,-1,E06000023,3,0,1,0,1,"[19, 3]",3,7,0,0,0,1,0,0,0,0,0,5,22
2024522401872,2024,522401872,360886,175303,-2.56457,51.47533,3,3,2,16:36,-1,E06000023,4,0,2,1,1,"[19, 3]",8,4,0,0,0,1,0,0,0,1,0,4,22
2024522401873,2024,522401873,353373,178736,-2.67319,51.50562,3,3,5,14:15,-1,E06000023,6,0,1,0,2,"[19, 12]","[5, 7]",8,0,0,0,1,1,0,0,0,0,5,23
2024522401874,2024,522401874,363427,175971,-2.52806,51.4815,3,3,3,18:40,-1,E06000023,3,0,1,0,1,19,"[8, 5]","[4, 2]",0,0,0,1,0,0,0,0,0,4,16
2024522401875,2024,522401875,355529,178543,-2.64211,51.50406,3,3,3,17:04,-1,E06000023,4,0,1,0,1,"[9, 19]","[2, 6]","[8, 2]",0,0,0,1,1,0,0,0,0,4,23
2024522401877,2024,522401877,351867,178480,-2.69486,51.50319,3,3,5,08:12,-1,E06000023,3,0,1,0,1,"[3, 4, 19]",7,3,0,0,0,1,0,0,0,0,0,5,9
2024522401879,2024,522401879,359091,173531,-2.59021,51.45927,3,3,7,23:01,-1,E06000023,3,2,2,1,1,"[5, 4]",3,7,0,0,0,1,0,1,0,0,0,5,25
2024522401880,2024,522401880,335631,162063,-2.92575,51.35398,3,3,1,06:50,-1,E06000024,6,0,1,0,1,"[2, 19]","[0, 7]","[0, 3]",0,0,0,1,0,0,1,0,0,6,9
2024522401882,2024,522401882,365075,172684,-2.504,51.45205,3,3,7,22:46,-1,E06000025,6,0,2,1,1,"[2, 19]","[0, 7]","[0, 3]","[4, 0]","[0, 7]","[0, 11]",1,0,0,0,0,0,5,25
2024522401884,2024,522401884,359987,178995,-2.57793,51.50846,3,3,4,15:55,-1,E06000025,6,0,1,0,1,"[7, 19]",3,"[5, 7]",0,0,0,1,1,0,0,0,0,4,24
2024522401891,2024,522401891,361594,179108,-2.55479,51.50959,3,3,4,14:50,-1,E06000025,6,0,1,0,1,19,2,6,0,0,0,0,1,0,0,0,1,4,24
2024522401894,2024,522401894,347639,170742,-2.75462,51.43325,3,3,7,11:00,-1,E06000024,6,0,1,0,1,19,"[9, 4]","[9, 8]",0,0,0,1,0,0,0,1,0,6,1
2024522401898,2024,522401898,339808,159042,-2.86527,51.32728,3,3,3,08:33,-1,E06000024,6,0,1,0,2,19,7,3,0,0,0,1,0,0,0,0,1,4,16
2024522401899,2024,522401899,368038,178984,-2.46193,51.50887,3,3,2,09:40,-1,E06000025,6,2,1,0,2,"[9, 19]","[1, 6]","[6, 2]",0,0,0,1,0,0,0,0,0,5,13
2024522401905,2024,522401905,349610,175550,-2.72695,51.47665,3,3,4,14:21,-1,E06000024,3,0,1,0,2,"[19, 6]",7,"[3, 7]",0,"[1, 0]",0,1,0,1,0,0,0,5,15
2024522401906,2024,522401906,357336,174998,-2.61565,51.47233,3,3,3,23:45,-1,E06000023,3,2,1,0,2,19,9,9,0,0,0,0,1,1,0,0,0,4,23
2024522401907,2024,522401907,363758,175993,-2.52329,51.48172,3,3,4,12:15,-1,E06000023,4,0,1,0,1,"[2, 19]","[0, 3]","[0, 7]","[0, 8]",0,0,1,1,0,0,0,0,5,1
2024522401908,2024,522401908,375425,177274,-2.35538,51.49387,3,3,3,12:19,-1,E06000025,3,0,1,0,2,19,"[2, 6]","[6, 2]",0,0,0,1,0,0,0,0,0,5,7
2024522401909,2024,522401909,359576,174199,-2.58331,51.46531,3,3,3,18:35,-1,E06000023,4,0,1,0,1,"[9, 19]","[7, 3]","[6, 7]",0,0,0,1,0,1,0,0,0,4,23
2024522401910,2024,522401910,358181,173101,-2.60326,51.45533,3,3,1,02:21,-1,E06000023,6,2,2,1,1,19,2,6,0,0,0,1,0,0,0,0,1,4,28
2024522401914,2024,522401914,363330,169915,-2.52882,51.42705,3,3,4,09:00,-1,E06000023,3,0,1,0,2,"[19, 9]","[4, 8]","[8, 5]",0,0,0,1,0,1,0,0,0,5,15
2024522401917,2024,522401917,360410,172567,-2.57112,51.45069,3,3,2,17:20,-1,E06000023,6,0,2,1,1,"[11, 19]",9,9,0,0,0,0,0,0,1,0,0,4,22
2024522401918,2024,522401918,358729,174706,-2.59556,51.46981,3,3,4,14:41,-1,E06000023,6,0,1,0,1,19,2,6,0,0,0,1,0,0,0,0,1,6,26
2024522401919,2024,522401919,364229,179402,-2.51686,51.5124,3,3,6,20:30,-1,E06000025,1,0,1,0,2,"[19, 11]",2,"[6, 4]",0,0,0,1,0,0,0,0,0,4,12
2024522401921,2024,522401921,354942,176135,-2.65026,51.48236,3,3,5,15:15,-1,E06000023,3,0,1,1,1,19,4,8,0,0,0,0,1,0,0,0,0,4,25
2024522401922,2024,522401922,344478,171855,-2.80026,51.44295,3,3,7,14:15,-1,E06000024,4,0,1,0,2,19,"[7, 3]","[3, 7]",0,"[2, 0]","[11, 0]",1,0,0,0,0,0,5,11
2024522401924,2024,522401924,352470,177570,-2.68605,51.49506,3,3,4,15:40,-1,E06000023,1,0,1,0,1,"[19, 12]",2,6,0,"[6, 0]",0,1,0,0,0,0,0,5,1
2024522401926,2024,522401926,360266,181977,-2.57425,51.53529,2,2,6,21:52,-1,E06000025,6,2,1,0,1,"[19, 7]","[4, 6]",8,0,0,0,1,0,1,0,0,0,5,17
2024522401927,2024,522401927,355387,174914,-2.64369,51.47142,3,3,7,08:00,-1,E06000023,3,0,1,0,2,"[19, 11]",8,4,0,0,0,1,1,0,0,0,0,2,10
2024522401929,2024,522401929,369875,180889,-2.43563,51.5261,3,3,6,12:30,-1,E06000025,6,0,1,0,2,"[9, 19]","[8, 5]","[5, 2]",0,0,0,1,0,0,0,0,0,4,26
2024522401930,2024,522401930,332792,161210,-2.96636,51.34598,3,3,7,13:30,-1,E06000024,6,0,1,0,1,"[19, 9]","[7, 3]","[3, 1]",0,0,0,1,0,1,0,0,0,5,18
2024522401933,2024,522401933,354822,164371,-2.65048,51.37658,1,"[2, 1, 3]",7,11:57,-1,E06000024,4,0,1,0,2,19,"[4, 8]","[8, 4]",0,0,0,1,0,0,0,0,0,6,8
2024522401936,2024,522401936,353387,176873,-2.67275,51.48887,2,"[2, 3]",6,20:45,-1,E06000023,4,2,1,0,1,"[19, 12]","[2, 6]","[6, 2]",0,0,0,1,0,0,0,0,0,4,12
2024522401938,2024,522401938,373208,172674,-2.38696,51.45241,3,3,1,17:52,-1,E06000025,3,0,1,0,2,"[19, 9]","[3, 5]","[7, 3]",0,0,0,1,0,0,0,0,0,5,19
2024522401940,2024,522401940,356380,173336,-2.6292,51.45731,2,2,2,17:00,-1,E06000023,3,2,1,0,2,19,"[4, 8]","[8, 4]",0,0,0,1,0,1,0,0,0,2,12
2024522401942,2024,522401942,359070,174065,-2.59057,51.46407,2,2,5,09:20,-1,E06000023,6,0,1,0,1,"[19, 13]",7,3,0,"[0, 7]","[0, 2]",1,1,0,0,0,0,3,21
2024522401943,2024,522401943,362336,178007,-2.54398,51.49974,2,"[2, 3]",5,19:47,-1,E06000025,6,2,2,1,2,19,"[2, 5]","[5, 1]",0,0,0,1,0,0,0,0,0,2,8