collision_index,collision_year,collision_ref_no,location_easting_osgr,location_northing_osgr,longitude,latitude,casualty_severity,casualty_severity,day_of_week,time,local_authority_district,local_authority_ons_district,first_road_class,light_conditions,weather_conditions,road_surface_conditions,urban_or_rural_area,vehicle_manoeuvre,vehicle_direction_from,vehicle_direction_to,hit_object_in_carriageway,vehicle_leaving_carriageway,hit_object_off_carriageway,is_car,is_cyle,is_mcyle,is_goodsv,is_other,is_pedestrian,month,day
2024522401944,2024,522401944,341810,171388,-2.83856,51.43848,3,3,2,10:19,-1,E06000024,6,0,1,0,2,"[19, 2, 14]","[6, 0, 2]","[2, 0, 6]",0,0,0,1,0,0,0,0,0,5,20
2024522401945,2024,522401945,357296,172500,-2.61592,51.44986,3,3,1,23:45,-1,E06000023,3,2,1,1,1,19,7,3,0,0,0,0,0,1,0,0,1,5,26
2024522401946,2024,522401946,359308,176142,-2.58739,51.48276,3,3,6,20:25,-1,E06000023,3,0,1,0,1,"[9, 14]","[4, 1]","[1, 5]",0,0,0,0,0,1,0,0,0,5,17
2024522401948,2024,522401948,349930,175571,-2.72235,51.47687,3,3,4,21:45,-1,E06000024,1,2,1,0,2,19,5,1,0,"[0, 5]","[0, 6]",1,0,0,0,0,0,5,29
2024522401949,2024,522401949,365374,175567,-2.49998,51.47799,2,2,7,20:45,-1,E06000025,6,2,1,1,1,"[19, 2]","[1, 0]","[5, 0]","[4, 0]",0,0,1,0,0,0,0,0,4,27
2024522401950,2024,522401950,374587,171436,-2.36702,51.44134,3,3,3,08:22,-1,E06000025,3,0,1,0,2,"[19, 4]",6,2,0,0,0,1,0,0,0,0,0,5,21
2024522401952,2024,522401952,360490,181613,-2.57098,51.53203,3,3,4,16:10,-1,E06000025,6,0,1,1,1,9,2,"[8, 6]",0,0,0,1,0,1,0,0,0,5,29
2024522401955,2024,522401955,352116,169666,-2.69007,51.42397,3,3,6,11:19,-1,E06000024,4,0,1,0,2,"[9, 19]","[8, 4]","[4, 8]","[10, 0]","[7, 0]","[2, 0]",1,0,0,0,0,0,5,31
2024522401956,2024,522401956,359877,167822,-2.57825,51.40799,3,3,6,13:25,-1,E06000023,6,0,1,0,1,"[19, 2]","[5, 0, 1]","[1, 0, 5]","[0, 4]",0,0,1,0,0,0,0,0,5,31
2024522401962,2024,522401962,333176,158523,-2.96034,51.32187,2,2,6,19:23,-1,E06000024,6,0,1,0,1,"[19, 3]",7,3,0,0,0,1,0,1,0,0,0,6,7
2024522401963,2024,522401963,364049,175981,-2.5191,51.48163,2,2,7,16:45,-1,E06000023,4,0,1,0,1,"[19, 9]","[7, 3]","[3, 1]",0,0,0,1,0,1,0,0,0,6,1
2024522401964,2024,522401964,369431,170041,-2.44108,51.42854,3,3,4,07:30,-1,E06000025,6,0,2,1,2,19,"[2, 6]","[6, 2]",0,0,0,1,0,0,0,0,0,5,22
2024522401966,2024,522401966,370674,183441,-2.42432,51.54909,3,3,3,22:16,-1,E06000025,6,2,1,1,1,19,8,4,10,1,2,1,0,0,0,0,0,6,4
2024522401967,2024,522401967,361352,173449,-2.55766,51.45869,2,2,4,19:50,-1,E06000023,3,0,1,0,1,19,2,6,0,0,0,1,0,0,0,0,1,6,5
2024522401968,2024,522401968,362418,181490,-2.54318,51.53106,3,3,6,14:30,-1,E06000025,6,0,1,0,2,19,"[8, 4]","[4, 8]",0,0,0,1,0,0,0,0,0,6,7
2024522401974,2024,522401974,356790,171718,-2.6231,51.4428,2,2,1,00:07,-1,E06000023,3,2,1,0,2,19,2,6,0,0,0,1,0,0,0,0,1,6,9
2024522401975,2024,522401975,354686,167953,-2.65289,51.40878,3,3,5,18:18,-1,E06000024,3,0,1,0,2,"[19, 9]","[2, 6]","[6, 2]",0,0,0,1,0,1,0,0,0,5,23
2024522401976,2024,522401976,355534,176591,-2.64179,51.48651,2,2,4,10:15,-1,E06000023,4,0,1,0,1,19,8,4,0,0,0,1,0,0,0,0,1,6,12
2024522401977,2024,522401977,362515,174496,-2.54103,51.46818,3,3,6,03:00,-1,E06000023,6,2,1,1,1,"[19, 2]","[3, 0]","[7, 0]","[4, 0]",0,0,1,0,0,1,0,0,6,14
2024522401978,2024,522401978,357086,175681,-2.61933,51.47845,3,3,6,08:00,-1,E06000023,4,0,1,0,2,19,"[4, 6]","[8, 2]",0,0,0,1,1,0,0,0,0,6,14
2024522401980,2024,522401980,355018,170784,-2.64848,51.43426,3,3,6,13:47,-1,E06000024,6,0,1,0,2,"[19, 2]","[7, 0]","[3, 0]",0,0,0,1,0,0,0,0,0,5,24
2024522401982,2024,522401982,353747,167680,-2.66636,51.40625,3,3,6,18:50,-1,E06000024,3,0,1,0,2,"[4, 19]",6,3,0,0,0,1,0,0,0,0,0,5,24
2024522401983,2024,522401983,355323,174948,-2.64462,51.47172,3,3,3,22:17,-1,E06000023,3,2,1,0,2,"[19, 4]",4,8,0,0,0,1,0,0,0,0,0,4,16
2024522401984,2024,522401984,336323,161566,-2.91573,51.34959,3,3,7,11:29,-1,E06000024,3,0,1,0,1,19,2,6,0,0,0,0,0,1,0,0,0,5,25
2024522401987,2024,522401987,359665,173452,-2.58194,51.4586,3,3,7,21:25,-1,E06000023,6,2,2,1,1,"[6, 5]",2,"[2, 6]",0,0,0,1,1,0,0,0,0,5,25
2024522401989,2024,522401989,362640,170194,-2.53878,51.42951,3,3,4,07:59,-1,E06000023,3,0,1,0,1,"[7, 19]",8,"[1, 4]",0,0,0,1,1,0,0,0,0,5,8
2024522401990,2024,522401990,362863,177089,-2.5363,51.49152,3,3,4,16:45,-1,E06000023,4,0,1,0,1,"[4, 19]",2,6,0,0,0,1,0,0,0,0,0,6,26
2024522401992,2024,522401992,361496,173496,-2.55559,51.45912,3,3,3,15:00,-1,E06000023,3,0,1,0,1,"[4, 19]",6,2,0,0,0,1,0,0,0,0,0,5,7
2024522401993,2024,522401993,358835,171827,-2.5937,51.44393,2,2,4,12:40,-1,E06000023,3,0,1,0,1,"[2, 19]","[0, 2]","[0, 6]","[0, 8]",0,0,1,1,0,0,0,0,1,24
2024522401994,2024,522401994,360427,179877,-2.57169,51.51642,2,"[3, 2]",4,12:15,-1,E06000025,3,0,1,0,1,19,1,5,10,4,6,1,0,0,0,0,0,5,29
2024522401995,2024,522401995,359050,175981,-2.59108,51.48129,3,3,4,17:15,-1,E06000023,6,2,1,0,1,"[3, 1]","[8, 4]","[4, 8]",0,0,0,1,0,1,0,0,0,1,24
2024522401996,2024,522401996,359847,174546,-2.57944,51.46845,3,3,6,17:57,-1,E06000023,4,2,1,0,1,"[19, 9]","[1, 3]","[5, 1]",0,0,0,1,0,1,0,0,0,1,26
2024522401998,2024,522401998,357310,177876,-2.61637,51.4982,3,3,6,08:15,-1,E06000023,3,0,1,0,1,"[9, 19]","[4, 1]","[1, 6]",0,0,0,1,1,0,0,0,0,4,26
2024522401999,2024,522401999,357717,171237,-2.60971,51.43854,3,3,7,17:10,-1,E06000023,6,0,1,0,1,"[1, 3]","[8, 4]","[4, 8]",0,0,0,1,0,1,0,0,0,4,27
2024522402002,2024,522402002,361484,175139,-2.55594,51.47389,3,3,5,21:40,-1,E06000023,3,2,1,0,1,"[9, 19]","[7, 3]","[5, 6]",0,0,0,1,1,0,0,0,0,5,30
2024522402003,2024,522402003,372657,182647,-2.39566,51.54205,2,2,5,11:50,-1,E06000025,4,0,1,0,2,19,"[8, 6]","[4, 1]",0,0,0,0,0,1,1,0,0,5,30
2024522402004,2024,522402004,356911,170732,-2.62124,51.43394,3,3,5,12:21,-1,E06000023,6,0,1,0,1,19,2,6,10,0,0,1,0,0,0,0,0,5,30
2024522402005,2024,522402005,359070,175372,-2.59073,51.47582,3,3,6,12:00,-1,E06000023,3,0,1,0,1,"[9, 13]",1,"[7, 5]",0,0,0,1,0,1,0,0,0,5,31
2024522402006,2024,522402006,347412,166431,-2.75724,51.39447,3,3,6,11:45,-1,E06000024,6,0,1,0,2,19,"[1, 3]","[3, 1]",0,0,0,1,0,0,1,0,0,5,31
2024522402007,2024,522402007,361149,173024,-2.56053,51.45485,3,3,3,14:30,-1,E06000023,6,0,1,0,1,"[1, 3]","[1, 5]","[5, 1]",0,0,0,1,0,1,0,0,0,4,30
2024522402009,2024,522402009,362359,175288,-2.54336,51.47529,3,3,6,13:50,-1,E06000023,3,0,1,0,1,"[19, 13]",6,2,0,0,0,1,0,0,0,0,0,5,31
2024522402010,2024,522402010,361193,173179,-2.55992,51.45625,3,3,3,09:59,-1,E06000023,6,0,1,0,1,"[15, 1]","[3, 7]","[7, 3]",0,0,0,1,0,1,0,0,0,4,30
2024522402012,2024,522402012,357755,174015,-2.6095,51.46352,3,3,3,16:15,-1,E06000023,3,0,1,0,1,9,1,6,0,0,0,1,0,0,0,0,1,4,30
2024522402013,2024,522402013,358654,173408,-2.59648,51.45813,3,3,6,11:15,-1,E06000023,4,0,1,0,1,19,6,2,0,0,0,0,1,0,0,0,1,5,3
2024522402014,2024,522402014,357727,171423,-2.60959,51.44021,2,2,6,13:19,-1,E06000023,4,0,1,0,1,"[2, 19]","[0, 3]","[0, 7]","[0, 8]",0,0,1,0,0,0,0,1,5,3
2024522402016,2024,522402016,359572,174201,-2.58336,51.46533,3,3,6,14:30,-1,E06000023,4,0,1,0,1,19,"[7, 6]",3,0,0,0,1,0,1,0,0,0,5,3
2024522402017,2024,522402017,359638,173633,-2.58235,51.46022,3,3,7,13:30,-1,E06000023,3,0,1,0,1,"[19, 7]","[8, 1]","[6, 4]",0,0,0,1,0,0,0,0,0,5,4
2024522402019,2024,522402019,373294,172665,-2.38572,51.45233,3,3,6,11:39,-1,E06000025,3,0,1,0,2,"[19, 5]","[7, 1]","[3, 5]",0,0,0,1,0,0,0,0,0,5,31
2024522402020,2024,522402020,360103,178924,-2.57626,51.50783,3,3,2,11:45,-1,E06000025,3,0,9,1,1,"[4, 19]",2,5,0,0,0,1,0,0,0,0,0,5,6
2024522402022,2024,522402022,375714,173174,-2.35093,51.45702,3,3,3,07:55,-1,E06000025,3,0,1,0,2,"[19, 10]",6,2,0,"[0, 1]",0,1,0,0,1,0,0,5,14
2024522402023,2024,522402023,360651,170694,-2.56744,51.43387,3,3,1,12:20,-1,E06000023,6,0,1,0,1,1,2,6,0,0,0,1,0,0,0,0,1,6,2
2024522402024,2024,522402024,361168,171525,-2.5601,51.44138,3,3,3,13:25,-1,E06000023,3,0,1,0,1,"[11, 19]",5,1,0,0,0,1,0,0,0,0,0,5,7
2024522402025,2024,522402025,359313,174412,-2.58712,51.4672,3,3,3,18:47,-1,E06000023,6,0,1,0,1,"[1, 4]",9,9,0,0,0,1,0,1,0,0,0,5,7
2024522402028,2024,522402028,342913,165737,-2.82179,51.38779,3,3,1,07:15,-1,E06000024,4,0,1,0,1,"[19, 4]","[8, 4]","[4, 8]",0,0,0,1,0,1,0,0,0,6,2
2024522402029,2024,522402029,362041,176872,-2.54811,51.48951,3,3,4,09:25,-1,E06000023,1,0,1,0,2,"[19, 3]",2,6,0,0,0,1,0,0,0,0,0,5,8
2024522402030,2024,522402030,360583,173071,-2.56868,51.45524,3,3,6,21:54,-1,E06000023,6,2,1,0,1,19,"[2, 4]","[6, 8]",0,0,0,1,1,0,0,0,0,6,7
2024522402035,2024,522402035,356798,172289,-2.62306,51.44793,3,3,1,17:35,-1,E06000023,3,0,1,0,2,"[7, 19]","[7, 6]",2,0,0,0,1,0,0,1,0,0,6,2
2024522402036,2024,522402036,360044,178002,-2.577,51.49953,2,2,3,15:22,-1,E06000023,6,0,1,0,1,19,4,8,0,0,0,1,0,0,0,0,1,6,4
2024522402037,2024,522402037,344256,164329,-2.80227,51.37527,2,"[3, 2]",2,20:05,-1,E06000024,3,0,1,0,1,19,"[2, 6]","[6, 2]",0,0,0,0,0,1,1,0,0,6,3
2024522402038,2024,522402038,353315,178121,-2.67395,51.50009,2,2,2,23:19,-1,E06000023,1,2,1,0,2,19,7,8,0,5,6,0,0,1,0,0,0,6,3
2024522402039,2024,522402039,367391,184432,-2.47176,51.55782,2,"[3, 2]",3,07:40,-1,E06000025,4,0,1,0,2,19,"[4, 8]","[8, 4]","[0, 2]",0,0,1,0,0,0,0,0,6,25
2024522402041,2024,522402041,367963,181418,-2.46324,51.53075,3,3,3,08:57,-1,E06000025,3,0,1,0,1,"[9, 19]","[2, 6]","[8, 2]",0,0,0,1,1,0,0,0,0,6,4
2024522402045,2024,522402045,358993,170991,-2.59132,51.43642,3,3,4,05:34,-1,E06000023,4,0,1,0,1,"[19, 2]","[7, 0]","[3, 0]","[4, 0]",0,0,1,0,0,0,0,0,6,26
2024522402046,2024,522402046,360883,170111,-2.56404,51.42864,2,2,7,14:26,-1,E06000023,3,0,1,0,1,"[7, 19]","[6, 5]",1,0,0,0,1,0,0,0,0,0,6,8
2024522402047,2024,522402047,347245,166780,-2.75969,51.39759,3,3,1,07:57,-1,E06000024,3,0,1,0,2,"[9, 19]","[7, 3]","[5, 7]",0,0,0,1,1,0,0,0,0,6,9
2024522402048,2024,522402048,344351,169173,-2.80166,51.41883,3,3,1,16:09,-1,E06000024,6,0,1,0,2,19,7,3,0,2,4,1,0,0,0,0,0,6,9
2024522402051,2024,522402051,360732,170710,-2.56628,51.43402,3,3,7,12:21,-1,E06000023,3,0,1,0,1,"[9, 19]","[7, 3]","[5, 7]",0,0,0,1,1,0,0,0,0,5,4
2024522402052,2024,522402052,364136,179349,-2.51819,51.51192,3,3,6,09:15,-1,E06000025,1,0,1,0,1,"[19, 11]",4,8,0,0,0,1,0,0,0,0,0,5,10
2024522402053,2024,522402053,341333,170345,-2.84525,51.42906,2,2,5,23:27,-1,E06000024,6,2,4,1,1,"[2, 19]","[0, 2]","[0, 6]",0,0,0,1,0,0,0,0,0,6,13
2024522402055,2024,522402055,369076,175777,-2.44669,51.4801,3,3,4,15:30,-1,E06000025,4,0,1,0,2,"[19, 9]","[7, 1]","[3, 7]",0,0,0,1,0,0,0,0,0,6,12
2024522402061,2024,522402061,361384,182712,-2.55822,51.54198,2,2,1,10:33,-1,E06000025,6,0,1,0,1,"[4, 19]",8,4,0,0,0,1,1,0,0,0,0,6,16
2024522402062,2024,522402062,366083,173281,-2.48955,51.45748,3,3,4,17:54,-1,E06000025,6,0,1,0,1,19,"[2, 6]","[6, 2]",0,0,0,1,0,0,0,0,0,6,5
2024522402063,2024,522402063,341505,167481,-2.84231,51.40333,3,3,1,08:53,-1,E06000024,4,0,1,1,2,19,5,1,0,7,9,1,0,0,0,0,0,6,16
2024522402066,2024,522402066,357440,174657,-2.61411,51.46927,2,2,2,16:20,-1,E06000023,3,0,1,0,1,5,1,5,0,0,0,1,0,0,0,0,1,6,17
2024522402067,2024,522402067,363842,173507,-2.52183,51.45938,3,3,6,19:32,-1,E06000023,6,0,1,0,1,"[9, 19]","[3, 6]","[1, 4]",0,0,0,1,0,1,0,0,0,5,10
2024522402069,2024,522402069,360606,173409,-2.56839,51.45828,3,3,5,16:25,-1,E06000023,3,0,9,-1,1,"[3, 19]",3,7,0,0,0,1,0,0,0,0,0,5,9
2024522402072,2024,522402072,359094,172569,-2.59005,51.45062,3,3,6,17:11,-1,E06000023,6,0,1,0,1,"[9, 19]","[5, 1]","[3, 5]",0,0,0,1,1,0,0,0,0,4,19
2024522402074,2024,522402074,361038,171605,-2.56197,51.44209,3,3,6,17:40,-1,E06000023,3,0,1,0,1,"[9, 19]","[3, 7]","[1, 3]",0,0,0,1,0,1,0,0,0,5,10
2024522402075,2024,522402075,352208,177876,-2.68986,51.49779,3,3,4,11:40,-1,E06000023,3,0,1,0,1,"[3, 19]",1,"[1, 5]",0,0,0,1,0,0,0,0,0,2,21
2024522402079,2024,522402079,340151,166104,-2.86154,51.3908,2,2,7,02:10,-1,E06000024,1,2,1,1,2,"[19, 12]",2,6,0,0,0,1,0,0,1,0,0,6,22
2024522402082,2024,522402082,360166,177329,-2.57517,51.49349,2,2,1,22:49,-1,E06000023,6,2,1,1,1,"[11, 19]",2,6,0,0,0,1,0,1,0,0,0,5,5
2024522402088,2024,522402088,360963,175289,-2.56346,51.47521,3,3,2,14:02,-1,E06000023,4,0,1,0,1,"[19, 9]","[7, 3]","[3, 1]",0,0,0,1,0,0,0,0,0,6,17
2024522402089,2024,522402089,366600,174796,-2.48225,51.47114,3,3,4,04:26,-1,E06000025,3,2,1,0,2,19,2,6,0,7,1,1,0,0,0,0,0,6,26
2024522402092,2024,522402092,359644,170983,-2.58196,51.4364,3,3,2,22:13,-1,E06000023,4,2,9,0,1,19,"[6, 4]","[2, 8]",0,0,0,1,1,0,0,0,0,4,22
2024522402094,2024,522402094,361795,174006,-2.55134,51.46373,3,3,7,20:18,-1,E06000023,4,0,1,0,1,"[19, 3]",6,2,0,0,0,1,0,0,0,0,0,5,11
2024522402095,2024,522402095,345621,165608,-2.78285,51.3869,3,3,1,14:25,-1,E06000024,3,0,1,0,2,"[4, 19]",6,2,0,0,0,1,0,0,0,0,0,3,3
2024522402096,2024,522402096,359064,173612,-2.59061,51.45999,3,3,3,08:45,-1,E06000023,3,0,1,0,1,"[11, 19]",1,5,0,0,0,0,1,0,1,0,0,3,5
2024522402097,2024,522402097,357769,176598,-2.6096,51.48675,3,3,3,09:05,-1,E06000023,4,0,1,0,1,"[2, 19]","[0, 2]","[0, 6]","[0, 8]",0,0,1,1,0,0,0,0,5,14
2024522402099,2024,522402099,361567,185038,-2.55583,51.5629,3,3,3,10:30,-1,E06000025,3,0,1,0,1,9,8,6,0,0,0,1,1,0,0,0,0,6,18
2024522402101,2024,522402101,359578,174196,-2.58328,51.46528,3,3,2,19:45,-1,E06000023,4,0,1,1,1,19,"[6, 3]","[3, 6]",0,0,0,1,0,1,0,0,0,5,13
2024522402102,2024,522402102,357319,177871,-2.61624,51.49816,3,3,5,17:42,-1,E06000023,3,0,1,0,1,"[4, 9, 10]","[1, 6, 4]","[6, 4, 1]",0,0,0,1,0,0,0,0,0,6,20
2024522402103,2024,522402103,358611,172891,-2.59704,51.45348,2,2,5,18:37,-1,E06000023,4,0,1,0,1,19,3,7,0,0,0,1,0,0,0,0,1,6,20
2024522402104,2024,522402104,347246,166787,-2.75968,51.39765,3,3,2,14:11,-1,E06000024,3,0,1,0,2,"[19, 7]","[6, 4]","[2, 6]",0,0,0,1,0,0,1,0,0,1,22
2024522402106,2024,522402106,349849,165940,-2.72215,51.39027,3,3,2,00:30,-1,E06000024,6,2,1,0,2,"[19, 9]","[3, 5]","[7, 3]",0,0,0,1,0,0,0,0,0,7,1
2024522402110,2024,522402110,360673,179270,-2.56808,51.51098,3,3,6,13:58,-1,E06000025,6,0,1,0,1,"[5, 19]","[4, 2]","[2, 6]",0,0,0,1,0,1,0,0,0,6,21
2024522402112,2024,522402112,359573,173133,-2.58323,51.45572,2,2,1,12:47,-1,E06000023,3,0,1,0,1,"[5, 19]","[1, 7]","[5, 3]",0,0,0,0,1,1,0,0,0,6,23
2024522402113,2024,522402113,359103,175484,-2.59026,51.47683,3,3,5,08:30,-1,E06000023,3,0,1,0,1,"[19, 9]","[1, 5]","[5, 3]",0,0,0,0,1,0,0,0,0,5,9
2024522402114,2024,522402114,363754,190083,-2.52481,51.60841,3,3,2,10:08,-1,E06000025,6,0,1,0,1,7,3,6,0,0,0,0,0,0,0,0,1,2,19
2024522402115,2024,522402115,363332,169914,-2.52879,51.42704,3,3,7,11:40,-1,E06000023,3,0,1,0,2,"[9, 19]","[5, 4]","[4, 8]",0,0,0,1,0,0,0,0,0,6,8
2024522402116,2024,522402116,357883,172572,-2.60748,51.45056,3,3,3,17:07,-1,E06000023,3,0,1,0,1,"[13, 12]",3,7,0,0,0,1,1,0,0,0,0,5,21
2024522402117,2024,522402117,357800,173876,-2.60883,51.46227,3,3,4,20:25,-1,E06000023,3,0,1,0,1,"[19, 12]",5,1,0,0,0,1,1,0,0,0,0,5,15
2024522402118,2024,522402118,358644,181216,-2.59755,51.52833,3,3,6,16:40,-1,E06000025,6,0,1,0,1,19,8,4,0,0,0,0,0,0,1,0,1,6,21
2024522402120,2024,522402120,359268,180484,-2.58847,51.52179,3,3,4,22:40,-1,E06000025,6,2,1,0,1,19,6,2,0,0,0,1,0,0,1,0,0,5,15
2024522402123,2024,522402123,358640,172126,-2.59654,51.4466,3,3,6,15:00,-1,E06000023,6,0,1,0,1,19,"[1, 7]","[5, 4]",0,0,0,1,1,0,0,0,0,5,17
2024522402125,2024,522402125,359481,176924,-2.58499,51.4898,3,3,5,08:30,-1,E06000023,3,0,1,0,1,"[11, 14]",1,5,0,0,0,1,1,0,0,0,0,5,23
2024522402127,2024,522402127,358048,171052,-2.60493,51.4369,3,3,6,18:00,-1,E06000023,3,0,1,0,1,"[2, 5]","[0, 9]","[0, 9]",0,0,0,1,0,0,0,0,0,5,17
2024522402131,2024,522402131,347515,170895,-2.75642,51.43461,3,3,6,16:37,-1,E06000024,4,0,1,0,1,"[9, 7]","[4, 2]","[2, 4]",0,0,0,1,0,0,0,0,0,6,21
2024522402135,2024,522402135,358677,173425,-2.59616,51.45828,3,3,5,12:34,-1,E06000023,4,0,1,0,1,"[19, 3]",2,6,0,0,0,1,0,0,0,0,0,5,30
2024522402136,2024,522402136,361001,169440,-2.56227,51.42262,3,3,1,11:55,-1,E06000023,3,0,1,0,1,19,5,1,10,1,2,1,0,0,0,0,0,6,23
2024522402139,2024,522402139,378084,173721,-2.31685,51.46203,3,3,2,22:23,-1,E06000025,6,2,1,0,2,19,"[7, 1]","[1, 7]",0,0,0,1,0,0,0,0,0,6,24
2024522402140,2024,522402140,359480,171106,-2.58433,51.43749,3,3,7,17:06,-1,E06000023,4,0,1,0,1,19,"[8, 6]","[5, 2]",0,0,0,1,0,1,0,0,0,5,18
2024522402141,2024,522402141,361170,184865,-2.56154,51.56132,3,3,3,19:00,-1,E06000025,1,0,1,0,1,19,8,4,0,0,0,1,0,0,0,0,0,6,25
2024522402142,2024,522402142,359490,176822,-2.58485,51.48889,3,3,1,22:10,-1,E06000023,3,2,1,0,1,19,"[7, 5]","[3, 1]",0,0,0,1,1,0,0,0,0,5,19
2024522402143,2024,522402143,361682,172916,-2.55285,51.45392,3,3,6,16:30,-1,E06000023,6,0,1,0,1,"[7, 19]","[3, 2]",5,0,0,0,1,1,0,0,0,0,5,17
2024522402145,2024,522402145,348328,168961,-2.74444,51.4173,3,3,3,22:04,-1,E06000024,6,0,1,0,1,19,"[8, 2]","[4, 6]",0,0,0,1,1,0,0,0,0,6,25
2024522402149,2024,522402149,361150,173017,-2.56052,51.45479,3,3,1,12:20,-1,E06000023,6,0,1,0,1,"[9, 5]",7,"[5, 3]",0,0,0,1,1,0,0,0,0,6,2
2024522402150,2024,522402150,348463,168433,-2.74243,51.41256,2,2,5,16:02,-1,E06000024,3,0,1,0,1,"[9, 19]",2,6,0,0,0,1,0,1,0,0,0,6,27
2024522402154,2024,522402154,360924,169822,-2.56342,51.42605,3,3,6,19:30,-1,E06000023,3,0,1,0,1,"[19, 9]","[6, 3]","[3, 1]",0,0,0,1,0,0,0,0,0,6,14
2024522402155,2024,522402155,372550,185674,-2.39744,51.56926,3,3,1,13:26,-1,E06000025,4,0,1,0,2,"[9, 19]",5,1,0,"[0, 1]",0,1,0,0,0,0,0,6,30
2024522402162,2024,522402162,358876,167377,-2.59259,51.40392,3,3,6,23:30,-1,E06000023,6,2,2,1,1,19,7,1,0,0,0,1,0,0,0,0,1,7,5
2024522402164,2024,522402164,361941,170310,-2.54884,51.43051,3,3,6,11:34,-1,E06000023,4,0,2,1,1,"[9, 13]",6,"[4, 2]",0,0,0,1,0,1,0,0,0,7,5
2024522402165,2024,522402165,360897,178856,-2.56481,51.50727,3,3,5,12:17,-1,E06000025,6,0,1,0,1,"[19, 9]","[6, 2]","[2, 8]",0,0,0,1,0,1,0,0,0,6,27
2024522402166,2024,522402166,332268,161531,-2.97394,51.3488,3,3,1,18:23,-1,E06000024,6,0,1,0,1,"[2, 9, 19]","[0, 1]","[0, 7, 5]",0,0,0,1,0,1,0,0,0,7,7
2024522402167,2024,522402167,359185,170825,-2.58854,51.43494,3,3,5,21:27,-1,E06000023,6,2,2,1,1,"[9, 19]","[1, 5]","[6, 1]",0,0,0,1,1,0,0,0,0,2,15
2024522402168,2024,522402168,371984,176670,-2.40489,51.48828,3,3,2,15:15,-1,E06000025,6,0,1,0,2,19,"[3, 7]","[7, 3]",0,"[0, 2]","[0, 10]",1,0,0,0,0,0,7,8
2024522402171,2024,522402171,364162,179427,-2.51782,51.51262,3,3,2,10:34,-1,E06000025,1,0,1,0,2,"[4, 19]",4,8,0,0,0,1,0,0,1,0,0,5,20
2024522402172,2024,522402172,361007,172346,-2.5625,51.44875,3,3,2,16:40,-1,E06000023,3,0,1,0,1,"[3, 19]",8,4,0,0,0,1,0,0,0,0,0,7,8
2024522402173,2024,522402173,364452,175771,-2.51328,51.47977,2,2,1,02:59,-1,E06000025,6,2,1,0,1,"[19, 2, 4]","[3, 0]","[7, 0]","[7, 0]",0,0,1,0,0,0,0,1,6,23
2024522402175,2024,522402175,359469,170274,-2.5844,51.43001,2,2,5,21:45,-1,E06000023,6,2,1,0,1,"[11, 19]",5,1,0,0,0,1,0,1,0,0,0,2,22
2024522402176,2024,522402176,368301,173188,-2.45762,51.45678,3,3,3,08:22,-1,E06000025,3,0,1,1,1,"[3, 19]",3,7,0,0,0,1,0,0,0,0,0,7,9
2024522402178,2024,522402178,356020,171070,-2.6341,51.43691,2,2,6,17:55,-1,E06000024,4,0,1,0,2,19,"[8, 6]","[5, 1]",0,0,0,1,0,1,0,0,0,6,28
2024522402187,2024,522402187,373686,176802,-2.38039,51.48955,3,3,5,15:50,-1,E06000025,6,0,1,0,2,19,"[6, 4]","[4, 6]",0,0,0,1,1,0,0,0,0,7,11
2024522402188,2024,522402188,354483,176707,-2.65694,51.48747,3,3,6,17:51,-1,E06000023,3,0,1,0,2,"[12, 6]",8,"[4, 8]",0,0,0,1,0,0,0,1,0,7,12
2024522402189,2024,522402189,371000,170576,-2.41856,51.43344,3,3,5,23:03,-1,E06000025,6,2,1,0,2,19,3,6,0,7,10,1,0,0,0,0,0,7,11
2024522402190,2024,522402190,358909,172612,-2.59272,51.45099,3,3,1,14:45,-1,E06000023,6,0,1,0,1,14,5,1,0,0,0,0,0,1,0,0,1,5,19
2024522402191,2024,522402191,358936,167766,-2.59177,51.40742,3,3,7,22:15,-1,E06000023,6,2,1,0,1,"[2, 19]","[0, 2]","[0, 6]","[0, 4]",0,0,1,0,0,0,0,1,6,15
2024522402193,2024,522402193,353154,176482,-2.67605,51.48534,3,3,7,15:35,-1,E06000023,3,0,1,0,1,"[2, 19]","[0, 6]","[0, 2]","[0, 8]",0,0,1,1,0,0,0,0,6,15
2024522402194,2024,522402194,364954,180887,-2.50656,51.5258,3,3,2,14:55,-1,E06000025,4,0,1,0,1,19,2,6,0,0,0,0,0,1,0,0,1,5,20
2024522402196,2024,522402196,363564,176006,-2.52609,51.48183,3,3,7,13:23,-1,E06000023,6,0,1,0,1,"[19, 2]","[7, 0]","[3, 0]",0,0,0,1,0,0,1,0,0,6,29
2024522402197,2024,522402197,358179,179221,-2.60401,51.51036,3,3,7,17:30,-1,E06000023,6,0,1,0,1,"[19, 7]","[3, 5]",7,0,0,0,1,0,1,0,0,0,5,18
2024522402198,2024,522402198,358263,177402,-2.60259,51.49401,3,3,2,10:42,-1,E06000023,6,0,1,0,1,"[8, 19]","[8, 2]","[2, 6]",0,0,0,1,1,0,0,0,0,5,20
2024522402200,2024,522402200,365475,171481,-2.49813,51.44126,3,3,6,17:25,-1,E06000025,3,0,2,1,1,"[19, 6]",4,"[8, 4]",0,0,0,1,0,0,0,0,0,7,5
2024522402204,2024,522402204,359582,173125,-2.5831,51.45565,3,3,4,17:30,-1,E06000023,3,0,1,0,1,"[5, 19]","[3, 5]","[5, 1]",0,0,0,1,1,0,0,0,0,5,22