collision_index,collision_year,collision_ref_no,location_easting_osgr,location_northing_osgr,longitude,latitude,casualty_severity,casualty_severity,day_of_week,time,local_authority_district,local_authority_ons_district,first_road_class,light_conditions,weather_conditions,road_surface_conditions,urban_or_rural_area,vehicle_manoeuvre,vehicle_direction_from,vehicle_direction_to,hit_object_in_carriageway,vehicle_leaving_carriageway,hit_object_off_carriageway,is_car,is_cyle,is_mcyle,is_goodsv,is_other,is_pedestrian,month,day
2024522402209,2024,522402209,333578,159369,-2.95473,51.32952,2,2,5,17:30,-1,E06000024,6,0,1,0,1,"[9, 19]","[3, 5, 1]","[1, 5]",0,0,0,1,0,1,0,0,0,6,27
2024522402213,2024,522402213,359064,173611,-2.59061,51.45998,3,3,6,09:30,-1,E06000023,3,0,1,0,1,19,1,5,0,0,0,1,1,0,0,0,0,5,31
2024522402214,2024,522402214,363891,174214,-2.52119,51.46574,3,3,6,22:10,-1,E06000023,6,2,1,0,1,"[19, 12]",5,1,0,0,0,1,0,1,0,0,0,5,24
2024522402217,2024,522402217,363471,175975,-2.52742,51.48154,3,3,4,18:50,-1,E06000023,3,0,1,0,1,"[19, 3]",3,7,0,0,0,1,0,1,0,0,0,5,29
2024522402219,2024,522402219,357633,174328,-2.61129,51.46633,3,3,2,20:00,-1,E06000023,3,0,1,0,1,19,"[8, 2]","[4, 6]",0,0,0,1,0,1,0,0,0,6,10
2024522402220,2024,522402220,361361,173883,-2.55758,51.46259,3,3,6,14:20,-1,E06000023,6,0,2,1,1,"[9, 19]","[7, 5]","[5, 1]",0,0,0,1,0,0,0,0,0,7,5
2024522402223,2024,522402223,358377,177953,-2.60101,51.49897,3,3,5,23:40,-1,E06000023,6,2,1,0,1,19,4,8,0,1,10,1,0,0,0,0,0,7,18
2024522402229,2024,522402229,362285,177602,-2.54468,51.49609,3,3,5,20:30,-1,E06000025,6,2,1,0,1,"[4, 19]",2,6,0,0,0,1,1,0,0,0,0,5,30
2024522402230,2024,522402230,332383,161150,-2.97222,51.34539,2,2,4,09:50,-1,E06000024,6,0,1,0,1,19,"[3, 6]",7,0,0,0,1,1,0,0,0,0,7,17
2024522402232,2024,522402232,363036,180868,-2.5342,51.52551,3,3,1,23:05,-1,E06000025,6,2,1,0,1,19,4,8,0,0,0,1,0,0,0,0,1,7,14
2024522402235,2024,522402235,337819,160086,-2.89399,51.33645,3,3,4,09:30,-1,E06000024,1,0,2,1,2,"[13, 99]",5,1,0,0,0,1,0,0,0,0,0,5,22
2024522402236,2024,522402236,358123,168407,-2.60353,51.41313,2,2,2,08:22,-1,E06000023,6,0,1,0,1,19,3,7,0,0,0,1,0,0,0,0,0,6,3
2024522402238,2024,522402238,335143,160684,-2.93251,51.34153,2,2,6,15:11,-1,E06000024,6,0,1,0,2,"[15, 5]","[7, 5]","[3, 1]",0,0,0,1,1,0,0,0,0,7,19
2024522402239,2024,522402239,366182,173641,-2.48816,51.46073,3,3,1,00:19,-1,E06000025,3,2,1,0,1,"[19, 2, 7]","[4, 0, 5]","[8, 0]","[4, 0]",0,0,1,0,0,0,0,0,7,14
2024522402240,2024,522402240,360097,178954,-2.57635,51.5081,3,3,3,21:46,-1,E06000025,3,2,1,0,1,19,"[5, 3]","[1, 7]",0,0,0,1,1,0,0,0,0,7,2
2024522402241,2024,522402241,356902,167748,-2.62101,51.40711,2,2,7,11:03,-1,E06000023,6,0,1,0,1,"[19, 5]","[4, 5]","[8, 1]",0,0,0,1,0,0,0,0,0,7,20
2024522402243,2024,522402243,356863,167816,-2.62158,51.40772,2,2,4,15:11,-1,E06000023,6,0,1,0,1,19,1,5,0,0,0,0,0,1,0,0,1,3,6
2024522402244,2024,522402244,357870,170513,-2.60742,51.43204,3,3,2,14:43,-1,E06000023,3,0,1,0,1,"[1, 19]","[8, 1]","[4, 7]",0,0,0,1,0,0,0,0,0,7,1
2024522402246,2024,522402246,353379,182689,-2.67363,51.54116,2,2,6,07:55,-1,E06000023,3,0,1,0,2,"[13, 9]",6,"[2, 4]",0,0,0,1,0,1,0,0,0,7,19
2024522402247,2024,522402247,346726,176424,-2.76861,51.48425,3,3,3,09:17,-1,E06000024,4,0,1,0,1,"[7, 5]","[3, 7]",1,0,0,0,1,0,1,0,0,0,6,4
2024522402248,2024,522402248,358324,171363,-2.60099,51.43972,3,3,6,13:18,-1,E06000023,3,0,1,0,1,9,6,5,0,0,0,1,0,0,0,0,1,7,19
2024522402249,2024,522402249,360945,174797,-2.56367,51.47078,3,3,1,13:40,-1,E06000023,6,0,1,0,1,"[19, 99]",9,9,0,0,0,1,0,1,0,0,0,7,28
2024522402251,2024,522402251,359130,173819,-2.58968,51.46186,3,3,7,14:35,-1,E06000023,6,0,1,0,1,"[7, 19]","[6, 4]",8,0,0,0,1,1,0,0,0,0,6,1
2024522402252,2024,522402252,357483,174558,-2.61348,51.46838,3,3,5,07:30,-1,E06000023,3,0,1,0,1,"[7, 19]","[6, 4]",8,0,0,0,1,1,0,0,0,0,6,6
2024522402253,2024,522402253,336957,162824,-2.90685,51.36097,3,3,6,16:25,-1,E06000024,6,0,1,0,1,19,"[2, 9]","[8, 9]",0,0,0,1,1,0,0,0,0,6,7
2024522402255,2024,522402255,357312,174813,-2.61597,51.47066,3,3,2,13:50,-1,E06000023,3,0,1,0,1,"[19, 12]",4,8,0,0,0,1,0,1,0,0,0,4,8
2024522402256,2024,522402256,362099,173456,-2.54691,51.4588,3,3,6,17:40,-1,E06000023,6,0,1,0,1,"[1, 19]","[1, 5]","[5, 1]",0,0,0,1,0,1,0,0,0,6,7
2024522402257,2024,522402257,360645,170690,-2.56753,51.43383,2,2,3,12:30,-1,E06000023,6,0,1,0,1,"[19, 12]","[6, 2]","[2, 6]",0,0,0,1,0,0,0,0,0,6,4
2024522402258,2024,522402258,358169,180891,-2.60435,51.52537,3,3,2,18:06,-1,E06000025,6,0,1,0,1,"[4, 3]",8,4,0,0,0,1,1,0,0,0,0,6,10
2024522402259,2024,522402259,360680,175375,-2.56755,51.47596,3,3,6,15:22,-1,E06000023,4,0,1,0,1,"[19, 3]",8,4,0,0,0,1,0,0,0,0,0,6,7
2024522402261,2024,522402261,361308,182686,-2.55931,51.54174,3,3,4,14:00,-1,E06000025,6,0,1,0,1,19,2,6,0,0,0,1,0,0,0,0,1,6,5
2024522402263,2024,522402263,359582,177203,-2.58356,51.49232,3,3,6,17:45,-1,E06000023,3,0,1,0,1,"[9, 19]","[6, 2]","[4, 6]",0,0,0,1,1,0,0,0,0,7,26
2024522402264,2024,522402264,356769,173182,-2.62359,51.45596,3,3,6,17:25,-1,E06000023,6,0,1,0,1,19,2,6,0,0,0,0,0,1,0,0,1,7,19
2024522402267,2024,522402267,333450,160493,-2.95678,51.33961,3,3,7,11:29,-1,E06000024,3,0,2,1,1,"[3, 19]",2,4,0,0,0,1,0,0,0,0,0,7,20
2024522402268,2024,522402268,358288,171556,-2.60153,51.44145,3,3,2,13:00,-1,E06000023,4,0,1,0,1,99,9,9,0,0,0,1,1,0,0,0,0,6,17
2024522402270,2024,522402270,358575,172950,-2.59757,51.45401,2,2,7,19:10,-1,E06000023,3,0,1,0,1,19,9,9,0,0,0,0,0,1,0,0,1,6,8
2024522402271,2024,522402271,359507,174194,-2.5843,51.46526,3,3,1,06:10,-1,E06000023,4,0,1,0,1,"[19, 12]",3,7,0,0,0,1,0,0,0,0,0,6,9
2024522402274,2024,522402274,364082,179415,-2.51898,51.51251,2,2,5,02:15,-1,E06000025,1,2,1,0,1,19,6,2,0,6,7,1,0,0,0,0,0,7,11
2024522402275,2024,522402275,341517,167246,-2.84209,51.40121,3,3,6,10:21,-1,E06000024,4,0,8,1,2,19,4,1,0,0,0,1,0,0,0,0,0,7,5
2024522402280,2024,522402280,358982,169794,-2.59134,51.42566,3,3,2,23:03,-1,E06000023,6,2,2,1,1,19,4,8,0,0,0,0,1,0,0,0,1,7,8
2024522402282,2024,522402282,352918,176458,-2.67944,51.4851,2,2,4,17:18,-1,E06000023,3,0,1,0,1,19,7,3,10,0,0,0,0,1,0,0,0,7,10
2024522402283,2024,522402283,362283,178376,-2.54479,51.50305,3,3,3,07:55,-1,E06000025,6,0,1,0,2,"[6, 19]",1,"[1, 5]",0,0,0,1,0,1,0,0,0,6,4
2024522402286,2024,522402286,356045,168782,-2.63346,51.41634,3,3,2,16:00,-1,E06000024,3,0,2,1,2,19,"[8, 4]","[4, 8]",0,"[0, 1]","[0, 9]",1,0,0,0,0,0,7,15
2024522402287,2024,522402287,357402,168325,-2.61389,51.41233,2,2,5,19:45,-1,E06000023,3,0,1,1,1,"[19, 5]","[2, 8]","[6, 4]",0,0,0,1,0,0,0,1,0,7,11
2024522402289,2024,522402289,349269,176093,-2.73194,51.4815,3,3,6,11:56,-1,E06000024,6,0,1,0,2,19,"[3, 7]","[7, 3]",0,0,0,0,0,1,0,1,0,7,19
2024522402290,2024,522402290,356953,171668,-2.62075,51.44236,2,2,5,14:00,-1,E06000023,6,0,1,0,2,19,3,7,0,0,0,0,0,1,0,0,1,7,18
2024522402292,2024,522402292,335613,158843,-2.92543,51.32503,3,3,6,13:30,-1,E06000024,6,0,1,0,2,"[19, 4]","[9, 8]","[9, 3]",0,0,0,1,0,0,0,0,0,6,14
2024522402293,2024,522402293,361229,172668,-2.55934,51.45166,3,3,2,16:50,-1,E06000023,6,0,1,0,1,"[9, 10]","[1, 3]","[7, 1]",0,0,0,1,0,0,0,0,0,5,27
2024522402294,2024,522402294,338013,163142,-2.89174,51.36394,3,3,3,10:21,-1,E06000024,1,0,1,0,2,19,5,1,0,0,0,1,0,0,1,0,0,6,11
2024522402295,2024,522402295,359403,174191,-2.5858,51.46522,3,3,5,04:50,-1,E06000023,4,0,1,0,1,"[2, 19]","[0, 7]","[0, 3]",0,0,0,1,0,0,0,1,0,6,6
2024522402297,2024,522402297,364134,172383,-2.51751,51.44929,3,3,5,13:00,-1,E06000025,3,0,1,0,1,19,4,8,0,0,0,0,0,1,0,0,1,7,18
2024522402298,2024,522402298,352691,165591,-2.68126,51.38738,3,3,4,15:30,-1,E06000024,6,0,1,0,2,19,9,9,0,0,0,1,0,0,0,0,1,6,12
2024522402300,2024,522402300,357573,174430,-2.61217,51.46724,3,3,2,15:10,-1,E06000023,3,0,1,0,1,"[12, 19]","[5, 1]","[1, 5]",0,0,0,1,1,0,0,0,0,7,29
2024522402301,2024,522402301,352568,180822,-2.68507,51.52431,3,3,2,07:22,-1,E06000023,3,0,1,0,2,"[19, 99]","[5, 9]","[1, 9]",0,0,0,1,0,1,0,0,0,6,17
2024522402305,2024,522402305,364135,179351,-2.51821,51.51194,3,3,6,13:00,-1,E06000025,1,0,1,0,2,"[3, 19]",4,8,0,0,0,1,0,0,0,0,0,6,7
2024522402306,2024,522402306,358799,168492,-2.59382,51.41394,3,3,2,17:35,-1,E06000023,3,0,1,1,1,"[4, 5]",4,7,0,0,0,1,0,0,0,0,0,4,8
2024522402309,2024,522402309,354108,178134,-2.66253,51.50027,3,3,7,15:25,-1,E06000023,6,0,1,0,1,"[2, 19]","[0, 2]","[0, 6]","[0, 8]",0,0,1,0,0,0,0,1,6,22
2024522402311,2024,522402311,366898,172174,-2.47772,51.44758,3,3,4,15:20,-1,E06000025,6,0,1,0,1,19,"[2, 6]","[6, 2]",0,"[1, 0]","[11, 0]",1,0,1,0,0,0,6,19
2024522402312,2024,522402312,359042,173675,-2.59093,51.46056,3,3,2,08:20,-1,E06000023,3,0,1,0,1,"[12, 19]",1,5,0,0,0,1,1,0,0,0,0,7,22
2024522402313,2024,522402313,358969,172947,-2.5919,51.45401,3,3,7,18:20,-1,E06000023,6,0,2,1,1,19,8,4,0,0,0,0,0,0,1,0,1,7,20
2024522402315,2024,522402315,363853,174818,-2.5218,51.47116,3,3,5,07:00,-1,E06000023,4,0,1,0,1,"[19, 9]","[4, 2]",8,0,0,0,1,0,1,0,0,0,6,20
2024522402318,2024,522402318,361658,173536,-2.55326,51.45949,3,3,2,17:30,-1,E06000023,3,0,1,0,1,"[12, 19]",3,7,0,0,0,0,1,0,0,0,0,6,17
2024522402319,2024,522402319,348247,158193,-2.74404,51.32048,3,3,7,12:51,-1,E06000024,4,0,1,0,2,19,"[7, 3]","[3, 7]",0,0,0,1,0,0,0,0,0,6,15
2024522402320,2024,522402320,361212,174475,-2.55979,51.4679,2,2,6,15:45,-1,E06000023,6,0,2,1,1,"[2, 19]","[0, 3]","[0, 7]","[0, 8]",0,0,1,1,0,0,0,0,6,14
2024522402323,2024,522402323,352628,176634,-2.68364,51.48666,3,3,4,14:21,-1,E06000023,3,0,1,0,2,15,4,8,0,0,0,0,0,1,0,0,1,6,5
2024522402325,2024,522402325,359398,177333,-2.58623,51.49347,3,3,7,09:20,-1,E06000023,6,0,1,0,1,19,9,9,0,0,0,1,0,0,0,0,1,6,8
2024522402329,2024,522402329,359864,173117,-2.57904,51.4556,3,3,4,16:15,-1,E06000023,6,0,1,0,1,1,9,9,0,0,0,1,0,0,0,0,1,6,19
2024522402330,2024,522402330,357248,175792,-2.61701,51.47946,3,3,7,11:25,-1,E06000023,3,0,1,0,2,"[5, 3]",9,9,0,0,0,1,1,0,0,0,0,6,29
2024522402331,2024,522402331,366574,173273,-2.48248,51.45744,3,3,4,17:10,-1,E06000025,3,0,1,0,1,5,5,1,0,0,0,1,0,1,0,0,0,6,19
2024522402332,2024,522402332,361911,174582,-2.54974,51.46891,3,3,3,11:50,-1,E06000023,4,0,1,0,1,"[19, 9]","[1, 2]","[5, 1]",0,0,0,1,0,0,0,0,0,7,30
2024522402333,2024,522402333,359722,173187,-2.58109,51.45622,3,3,7,21:45,-1,E06000023,3,2,1,0,1,19,9,9,0,0,0,0,1,0,0,0,0,4,20
2024522402336,2024,522402336,357911,174895,-2.60736,51.47144,3,3,1,13:35,-1,E06000023,6,0,1,0,1,"[19, 3]",4,8,0,0,0,1,0,0,0,0,0,6,23
2024522402337,2024,522402337,359110,173902,-2.58998,51.4626,3,3,2,08:50,-1,E06000023,3,0,1,0,1,"[6, 12]",1,"[1, 5]",0,0,0,1,1,0,0,0,0,6,24
2024522402338,2024,522402338,359397,173273,-2.58578,51.45697,3,3,6,12:15,-1,E06000023,6,0,1,0,1,19,1,5,0,0,0,0,0,1,0,0,1,3,1
2024522402341,2024,522402341,358863,170312,-2.59312,51.43031,3,3,6,07:30,-1,E06000023,6,0,8,0,1,19,3,7,0,0,0,1,0,0,0,0,1,6,28
2024522402343,2024,522402343,361876,180502,-2.55088,51.52214,3,3,5,16:25,-1,E06000025,4,0,1,0,1,"[5, 3]",7,3,0,0,0,1,1,0,0,0,0,7,11
2024522402344,2024,522402344,360320,173475,-2.57251,51.45885,3,3,6,16:22,-1,E06000023,3,0,1,0,1,"[19, 3]",6,2,0,0,0,1,0,0,0,0,0,6,28
2024522402347,2024,522402347,356709,172092,-2.62432,51.44615,1,1,1,17:25,-1,E06000023,3,0,1,0,2,19,4,2,0,1,7,1,0,0,0,0,1,6,9
2024522402348,2024,522402348,358071,170174,-2.60449,51.42901,2,2,5,08:45,-1,E06000023,3,0,1,0,1,"[9, 19]","[1, 5]","[7, 1]",0,0,0,1,1,0,0,0,0,7,18
2024522402351,2024,522402351,358560,172882,-2.59778,51.45339,3,3,2,17:25,-1,E06000023,3,0,1,0,1,19,5,1,0,0,0,0,1,0,0,0,0,6,10
2024522402354,2024,522402354,363342,173213,-2.52899,51.4567,3,3,6,20:05,-1,E06000023,3,0,1,0,1,"[19, 10]","[5, 8]","[8, 6]",0,0,0,1,0,0,0,0,0,7,26
2024522402356,2024,522402356,357004,174304,-2.62034,51.46606,3,3,1,10:00,-1,E06000023,3,0,1,1,2,"[9, 19]","[4, 1]","[2, 6]",0,0,0,1,1,0,0,0,0,7,7
2024522402359,2024,522402359,358624,173041,-2.59687,51.45483,3,3,1,02:50,-1,E06000023,3,2,1,1,1,"[12, 3]",2,6,0,0,0,1,0,0,0,0,0,7,7
2024522402362,2024,522402362,359002,172120,-2.59133,51.44657,2,2,4,07:27,-1,E06000023,6,0,1,0,1,1,1,5,0,0,0,1,0,0,0,0,1,7,24
2024522402363,2024,522402363,359063,172364,-2.59048,51.44877,3,3,2,08:50,-1,E06000023,3,0,1,0,1,"[5, 19]",9,9,0,0,0,1,1,0,0,0,0,7,1
2024522402365,2024,522402365,349121,172023,-2.73348,51.4449,2,2,3,02:10,-1,E06000024,6,2,1,0,2,19,5,1,0,1,0,1,0,0,0,0,0,7,30
2024522402366,2024,522402366,361793,173593,-2.55133,51.46001,3,3,7,10:40,-1,E06000023,6,0,1,0,1,"[19, 3]",8,4,0,0,0,1,0,0,0,0,0,4,6
2024522402368,2024,522402368,351899,178008,-2.69433,51.49895,3,3,2,09:54,-1,E06000023,6,0,1,1,1,"[11, 1]","[4, 8]","[8, 4]",0,0,0,1,0,0,0,0,0,4,22
2024522402369,2024,522402369,357763,168290,-2.6087,51.41205,2,2,6,01:53,-1,E06000023,6,2,1,0,1,5,7,3,0,0,0,1,0,0,0,0,1,8,2
2024522402370,2024,522402370,358060,175052,-2.60523,51.47287,3,3,6,08:19,-1,E06000023,6,0,2,1,1,"[12, 19]",6,4,0,0,0,1,1,0,0,0,0,7,12
2024522402374,2024,522402374,332099,161240,-2.97631,51.34617,3,3,4,21:30,-1,E06000024,3,0,1,0,1,19,9,9,0,0,0,1,0,0,0,0,1,7,31
2024522402376,2024,522402376,365969,173683,-2.49123,51.46109,3,3,3,17:20,-1,E06000025,3,0,1,0,1,"[13, 19]",7,3,0,0,0,1,0,0,0,0,0,7,2
2024522402378,2024,522402378,359742,176410,-2.58117,51.4852,3,3,3,16:45,-1,E06000023,6,0,1,0,1,"[2, 19]","[0, 3]","[0, 7]","[0, 8]",0,0,1,1,0,0,0,0,7,2
2024522402380,2024,522402380,362524,175347,-2.54099,51.47583,3,3,6,15:30,-1,E06000023,3,0,1,1,1,"[3, 19]",6,2,0,0,0,1,0,0,0,0,0,7,5
2024522402384,2024,522402384,360893,170024,-2.56389,51.42786,3,3,7,14:49,-1,E06000023,3,0,1,0,1,"[3, 19]",1,5,0,0,0,1,0,0,0,0,0,6,15
2024522402388,2024,522402388,337871,162518,-2.89367,51.35832,3,3,3,16:40,-1,E06000024,3,0,1,0,2,"[19, 11]",3,7,0,0,0,1,0,0,0,1,0,7,9
2024522402389,2024,522402389,358294,172907,-2.60161,51.4536,3,3,4,16:40,-1,E06000023,3,0,1,0,1,"[19, 9]",8,"[4, 6]",0,0,0,1,1,0,0,0,0,7,3
2024522402390,2024,522402390,358777,178833,-2.59535,51.50691,3,3,7,18:55,-1,E06000023,6,0,1,0,1,"[9, 19]","[5, 1]","[2, 5]",0,0,0,1,1,0,0,0,0,6,29
2024522402391,2024,522402391,359559,172967,-2.58341,51.45423,3,3,7,15:20,-1,E06000023,3,0,1,0,1,"[19, 7]","[1, 3]",5,0,0,0,0,0,1,0,0,0,3,23
2024522402392,2024,522402392,331744,160538,-2.98127,51.33981,3,3,7,19:52,-1,E06000024,3,0,1,0,1,9,3,7,0,0,0,1,0,0,0,0,1,8,3
2024522402393,2024,522402393,352022,177781,-2.69253,51.49692,3,3,3,18:26,-1,E06000023,6,0,1,0,1,"[7, 19]",2,"[4, 6]",0,0,0,1,1,0,0,0,0,4,16
2024522402395,2024,522402395,360518,174158,-2.56974,51.46501,3,3,2,14:00,-1,E06000023,3,0,1,0,1,19,9,9,0,0,0,1,0,0,0,0,1,5,6
2024522402396,2024,522402396,356225,171325,-2.63118,51.43922,3,3,2,16:30,-1,E06000024,3,0,1,0,2,19,"[7, 6]",3,0,0,0,1,0,0,0,0,0,7,22
2024522402397,2024,522402397,343918,163591,-2.807,51.3686,3,3,5,17:47,-1,E06000024,4,0,1,0,1,"[99, 19]","[9, 5]","[9, 8]",0,0,0,1,1,0,0,0,0,5,16
2024522402398,2024,522402398,361493,173495,-2.55563,51.45911,3,3,3,17:45,-1,E06000023,3,0,1,0,1,19,6,2,0,0,0,1,0,0,0,0,0,7,16
2024522402399,2024,522402399,360440,173962,-2.57084,51.46324,3,3,5,11:00,-1,E06000023,3,0,1,0,1,19,9,9,0,0,0,0,1,0,1,0,0,5,9
2024522402400,2024,522402400,360407,183121,-2.57235,51.54558,3,3,6,08:24,-1,E06000025,1,0,1,0,1,"[19, 12]",2,6,0,0,0,1,0,0,1,0,0,5,10
2024522402404,2024,522402404,371757,175536,-2.40807,51.47807,3,3,1,20:30,-1,E06000025,6,0,1,0,2,19,5,1,0,0,0,1,0,0,0,0,1,7,7
2024522402407,2024,522402407,359720,169317,-2.58068,51.42142,3,3,4,09:07,-1,E06000023,6,0,1,0,1,"[3, 19]",8,4,0,0,0,1,0,0,0,0,0,7,10
2024522402409,2024,522402409,334162,164021,-2.94721,51.37141,2,"[2, 3]",3,00:01,-1,E06000024,6,2,2,1,2,19,6,2,0,7,0,1,0,0,0,0,0,7,23
2024522402413,2024,522402413,352604,180828,-2.68456,51.52437,3,3,6,19:43,-1,E06000023,3,0,1,0,1,19,1,5,0,0,0,0,0,0,0,1,0,8,2
2024522402416,2024,522402416,345627,165615,-2.78277,51.38696,3,3,4,16:07,-1,E06000024,3,0,1,0,2,"[19, 9]",6,2,0,0,0,1,0,1,0,0,0,8,7
2024522402417,2024,522402417,369004,187995,-2.44881,51.58995,3,3,6,07:05,-1,E06000025,4,0,1,0,2,9,"[8, 2]","[6, 8]",0,0,0,1,1,0,0,0,0,8,9
2024522402418,2024,522402418,348184,174257,-2.74729,51.4649,3,3,7,15:46,-1,E06000024,1,0,1,0,2,"[4, 19]",6,2,0,0,0,1,0,0,0,0,0,8,10
2024522402421,2024,522402421,358441,173130,-2.59952,51.45561,3,3,4,18:45,-1,E06000023,4,0,1,0,1,"[9, 13]",7,"[4, 2]",0,0,0,1,1,0,0,0,0,5,15
2024522402422,2024,522402422,335632,162849,-2.92588,51.36105,3,3,4,17:52,-1,E06000024,6,0,1,0,1,19,"[8, 9]","[5, 9]",0,0,0,1,0,0,0,0,0,7,10
2024522402423,2024,522402423,371374,183948,-2.41427,51.55369,3,3,5,08:20,-1,E06000025,6,0,1,0,1,"[4, 19]","[5, 9]","[1, 9]",0,0,0,1,1,0,0,0,0,7,11
2024522402425,2024,522402425,357011,173262,-2.62011,51.45669,3,3,6,10:50,-1,E06000023,4,0,1,0,1,"[19, 9]","[5, 1]","[1, 7]",0,0,0,1,1,0,0,0,0,7,26
2024522402426,2024,522402426,364865,172589,-2.50701,51.45119,2,2,6,12:40,-1,E06000025,6,0,1,0,1,"[19, 7]","[4, 2]","[8, 4]",0,0,0,1,1,0,0,0,0,8,9
2024522402427,2024,522402427,359436,173538,-2.58524,51.45936,3,3,1,22:15,-1,E06000023,3,2,1,0,1,"[99, 19]",9,9,0,0,0,1,1,0,0,0,0,3,10
2024522402429,2024,522402429,360188,180946,-2.57526,51.52601,3,3,2,07:53,-1,E06000025,6,0,1,0,2,19,"[6, 4]","[2, 1]",0,0,0,1,1,0,0,0,0,6,17
2024522402430,2024,522402430,358940,170762,-2.59206,51.43436,3,3,4,18:15,-1,E06000023,6,0,1,0,1,"[7, 19]","[6, 5]",1,0,0,0,1,0,1,0,0,0,7,24
2024522402431,2024,522402431,359309,173104,-2.58702,51.45544,3,3,7,19:30,-1,E06000023,6,0,1,0,1,19,"[7, 3]","[3, 7]",0,0,0,0,1,0,0,0,0,7,13
2024522402432,2024,522402432,359376,177341,-2.58655,51.49354,3,3,3,15:30,-1,E06000023,6,0,1,0,1,"[5, 19]","[9, 4]","[9, 8]",0,0,0,1,1,0,0,0,0,7,30
2024522402435,2024,522402435,356087,174812,-2.6336,51.47056,3,3,3,20:41,-1,E06000023,6,0,1,0,2,"[2, 19]","[0, 6]","[0, 2]",0,0,0,1,0,0,0,0,0,7,30
2024522402436,2024,522402436,358771,175631,-2.59506,51.47813,3,3,2,09:21,-1,E06000023,6,0,1,0,1,"[1, 3]","[5, 1]","[1, 5]",0,0,0,1,0,1,0,0,0,7,15
2024522402437,2024,522402437,359091,175440,-2.59043,51.47643,3,3,4,15:47,-1,E06000023,3,0,1,0,1,"[19, 11]",1,5,0,0,0,1,1,0,0,0,0,7,31
2024522402440,2024,522402440,360511,172965,-2.56971,51.45428,3,3,3,10:15,-1,E06000023,3,0,2,1,1,"[4, 19]",8,4,0,0,0,1,0,0,1,0,0,7,9
2024522402441,2024,522402441,359681,175054,-2.58189,51.473,3,3,2,17:50,-1,E06000023,4,0,2,1,1,19,"[4, 6]",2,0,0,0,1,0,1,0,0,0,7,15
2024522402442,2024,522402442,359846,173918,-2.57939,51.4628,3,3,2,08:00,-1,E06000023,6,0,1,0,1,19,9,9,0,0,0,1,1,0,0,0,0,7,15
2024522402443,2024,522402443,356221,171323,-2.63124,51.4392,3,3,5,11:00,-1,E06000024,4,0,1,0,2,"[19, 4]",7,2,0,0,0,0,0,1,0,1,0,7,18
2024522402446,2024,522402446,356816,171845,-2.62275,51.44394,3,3,5,15:00,-1,E06000023,3,0,1,0,2,"[8, 19]",6,1,0,0,0,1,0,0,0,0,0,7,18
2024522402448,2024,522402448,340652,163341,-2.85387,51.36602,3,3,3,18:45,-1,E06000024,6,0,1,0,2,19,9,9,0,0,0,1,1,0,0,0,0,7,23
2024522402449,2024,522402449,366590,173424,-2.48227,51.4588,3,3,3,15:15,-1,E06000025,3,0,1,0,1,19,5,1,0,0,0,1,0,0,0,0,0,7,23
2024522402453,2024,522402453,357823,173769,-2.60849,51.46131,3,3,3,08:40,-1,E06000023,3,0,1,0,1,"[19, 9]","[1, 5]","[5, 3]",0,0,0,0,1,1,0,0,0,8,13
2024522402454,2024,522402454,366275,177620,-2.4872,51.49651,3,3,2,19:40,-1,E06000025,6,0,1,0,1,"[6, 19]",9,9,0,0,0,1,0,0,0,0,0,8,5
2024522402456,2024,522402456,358648,173091,-2.59653,51.45528,2,2,4,11:20,-1,E06000023,3,0,1,0,1,19,5,1,0,0,0,0,0,0,1,0,1,8,7
2024522402459,2024,522402459,358746,176182,-2.59549,51.48308,3,3,4,15:33,-1,E06000023,6,0,1,0,1,"[19, 9]","[4, 2]",1,0,0,0,1,0,1,0,0,0,7,24
2024522402462,2024,522402462,360916,173363,-2.56392,51.45789,3,3,3,07:50,-1,E06000023,3,0,1,0,1,"[19, 7]",3,"[7, 5]",0,0,0,1,0,1,0,0,0,7,30
2024522402463,2024,522402463,358938,174225,-2.59249,51.4655,3,3,2,16:11,-1,E06000023,6,0,1,0,1,"[2, 12]","[0, 6]","[0, 2]","[0, 4]",0,0,1,0,0,0,0,0,6,24
2024522402464,2024,522402464,359385,176369,-2.58631,51.48481,3,3,4,15:10,-1,E06000023,3,0,1,0,1,"[13, 19]",9,9,0,0,0,1,1,0,0,0,0,7,31
2024522402466,2024,522402466,352273,177182,-2.68883,51.49156,3,3,3,13:57,-1,E06000023,3,0,1,0,1,19,1,5,0,4,1,1,0,0,0,0,0,7,2
2024522402469,2024,522402469,358884,167390,-2.59247,51.40404,1,"[1, 3, 2]",4,20:20,-1,E06000023,6,2,1,0,1,19,1,7,0,7,10,1,0,0,0,0,0,8,14
2024522402471,2024,522402471,361569,168838,-2.55403,51.41725,3,3,6,17:53,-1,E06000023,6,0,2,1,1,"[4, 19]",1,5,0,0,0,1,0,1,0,0,0,7,5
2024522402474,2024,522402474,357978,173170,-2.60619,51.45594,3,3,7,19:55,-1,E06000023,3,2,1,0,1,7,3,5,0,0,0,1,0,0,0,0,1,2,10
2024522402477,2024,522402477,363317,176033,-2.52965,51.48205,2,2,6,22:30,-1,E06000023,6,2,1,0,1,"[9, 19]","[4, 8]","[1, 4]",0,0,0,1,0,1,0,0,0,8,9
2024522402479,2024,522402479,376312,181154,-2.34286,51.52879,3,3,4,07:19,-1,E06000025,3,0,2,1,2,"[19, 9]","[1, 5]","[5, 3]",0,0,0,1,0,0,0,0,0,8,7