collision_index,collision_year,collision_ref_no,location_easting_osgr,location_northing_osgr,longitude,latitude,casualty_severity,casualty_severity,day_of_week,time,local_authority_district,local_authority_ons_district,first_road_class,light_conditions,weather_conditions,road_surface_conditions,urban_or_rural_area,vehicle_manoeuvre,vehicle_direction_from,vehicle_direction_to,hit_object_in_carriageway,vehicle_leaving_carriageway,hit_object_off_carriageway,is_car,is_cyle,is_mcyle,is_goodsv,is_other,is_pedestrian,month,day
2024522402482,2024,522402482,356034,171076,-2.6339,51.43696,3,3,1,16:20,-1,E06000024,4,0,1,0,2,19,"[2, 8]","[8, 2]","[0, 10]",0,0,1,0,0,0,0,0,8,11
2024522402483,2024,522402483,337764,155530,-2.89398,51.29548,2,2,4,07:30,-1,E06000024,6,0,1,1,2,19,7,3,0,1,7,1,0,0,0,0,1,8,14
2024522402484,2024,522402484,367466,177831,-2.47007,51.49847,2,2,6,13:32,-1,E06000025,6,0,1,0,2,19,2,6,10,1,4,1,0,0,0,0,0,8,16
2024522402487,2024,522402487,356553,169284,-2.62622,51.42089,2,2,1,15:25,-1,E06000023,6,0,1,0,1,"[7, 19]","[1, 4]","[4, 8]",0,0,0,1,0,1,0,0,0,8,18
2024522402488,2024,522402488,360075,179000,-2.57667,51.50851,2,2,2,21:39,-1,E06000025,4,2,2,1,1,19,7,3,0,0,0,1,0,0,0,0,1,7,22
2024522402490,2024,522402490,334429,161185,-2.94285,51.34595,3,3,6,13:40,-1,E06000024,3,0,1,0,1,19,3,6,0,0,0,1,0,0,0,1,0,7,26
2024522402492,2024,522402492,348409,169067,-2.7433,51.41826,3,3,7,15:00,-1,E06000024,6,0,1,0,1,19,6,2,0,0,0,0,1,0,0,0,1,7,13
2024522402493,2024,522402493,347676,173806,-2.75454,51.4608,3,3,6,16:40,-1,E06000024,1,0,1,0,2,19,1,5,0,0,0,1,0,0,0,0,0,8,2
2024522402498,2024,522402498,336601,159657,-2.9114,51.33246,3,3,5,10:50,-1,E06000024,4,0,1,0,2,"[4, 19]","[7, 3]","[3, 7]",0,0,0,1,1,0,0,0,0,8,1
2024522402500,2024,522402500,375343,176947,-2.35653,51.49093,3,3,6,15:48,-1,E06000025,3,0,1,0,2,"[5, 19]","[3, 1]","[7, 5]",0,0,0,1,0,0,0,0,0,7,26
2024522402503,2024,522402503,359908,171872,-2.57826,51.44441,3,3,7,19:41,-1,E06000023,3,0,1,0,1,"[13, 19]",1,5,0,0,0,1,1,0,0,0,0,8,10
2024522402504,2024,522402504,357618,171487,-2.61116,51.44078,3,3,7,17:13,-1,E06000023,4,0,9,0,1,"[5, 2]","[8, 0]","[3, 0]","[4, 0]",0,0,1,0,1,0,0,0,5,18
2024522402505,2024,522402505,360283,175398,-2.57326,51.47614,3,3,6,17:10,-1,E06000023,6,0,1,0,1,1,9,9,0,0,0,1,0,0,0,0,1,8,9
2024522402507,2024,522402507,362539,173491,-2.54058,51.45915,3,3,5,07:37,-1,E06000023,6,0,1,0,1,"[13, 19]",2,6,0,0,0,1,1,0,0,0,0,8,15
2024522402508,2024,522402508,357156,175797,-2.61833,51.4795,2,2,2,14:40,-1,E06000023,4,0,1,1,2,"[9, 19]","[5, 3]","[3, 7]",0,0,0,1,1,0,0,0,0,8,5
2024522402511,2024,522402511,365195,177071,-2.50271,51.49151,2,2,3,18:20,-1,E06000025,3,0,1,0,1,"[13, 9]",1,"[5, 7]",0,0,0,1,0,1,0,0,0,8,20
2024522402514,2024,522402514,346023,176066,-2.77867,51.48096,3,3,3,19:05,-1,E06000024,6,0,1,0,1,"[3, 9]","[1, 3]","[5, 1]",0,0,0,1,0,0,0,0,0,8,20
2024522402516,2024,522402516,341641,171485,-2.84101,51.43934,3,3,4,09:35,-1,E06000024,4,0,1,0,1,"[7, 19]",7,3,0,0,0,1,1,0,0,0,0,8,21
2024522402517,2024,522402517,363574,178743,-2.52623,51.50644,1,"[2, 1, 3]",5,09:50,-1,E06000025,1,0,1,0,2,"[3, 4, 19]",2,6,0,0,0,1,0,0,0,0,0,8,22
2024522402518,2024,522402518,359066,175348,-2.59078,51.4756,3,3,3,12:15,-1,E06000023,3,0,1,0,1,19,1,5,0,0,0,1,0,0,0,0,1,8,6
2024522402519,2024,522402519,359920,172639,-2.57818,51.45131,3,3,2,10:50,-1,E06000023,6,0,1,0,1,"[19, 5]","[4, 6]","[8, 2]",0,0,0,1,0,0,0,0,0,7,22
2024522402521,2024,522402521,346953,176668,-2.76537,51.48646,3,3,6,18:50,-1,E06000024,6,0,1,0,1,19,4,8,0,0,0,1,0,0,0,0,1,8,9
2024522402523,2024,522402523,334768,161971,-2.93813,51.35305,3,3,4,11:10,-1,E06000024,4,0,1,0,1,19,9,9,0,0,0,1,1,0,0,0,0,8,14
2024522402525,2024,522402525,362006,175122,-2.54843,51.47378,3,3,4,23:13,-1,E06000023,3,2,1,0,1,"[2, 19]","[0, 6]","[0, 2]",0,0,0,1,0,0,0,0,0,8,14
2024522402526,2024,522402526,337812,162537,-2.89452,51.35848,3,3,5,18:00,-1,E06000024,3,0,1,0,2,19,3,7,0,0,0,1,0,0,0,0,0,8,29
2024522402527,2024,522402527,331666,161750,-2.98262,51.3507,3,3,6,21:07,-1,E06000024,6,2,9,-1,1,9,5,3,0,0,0,1,0,0,0,0,1,7,12
2024522402535,2024,522402535,359591,173640,-2.58303,51.46028,3,3,7,19:02,-1,E06000023,3,0,1,0,1,"[12, 19]",6,2,0,0,0,1,0,1,0,0,0,7,27
2024522402538,2024,522402538,361466,169992,-2.55564,51.42761,3,3,1,22:45,-1,E06000023,4,2,1,0,1,"[19, 13]",2,6,0,0,0,1,0,0,0,0,0,8,4
2024522402541,2024,522402541,359859,173329,-2.57913,51.45751,3,3,5,17:15,-1,E06000023,6,0,1,0,1,"[2, 19]","[0, 7]","[0, 3]","[0, 8]",0,0,1,1,0,0,0,0,7,25
2024522402543,2024,522402543,351482,161737,-2.6981,51.35263,3,3,4,10:11,-1,E06000024,6,0,1,1,2,"[5, 19]","[7, 2]","[3, 6]",0,"[0, 1]","[0, 11]",1,0,0,0,0,0,7,10
2024522402544,2024,522402544,359480,171099,-2.58433,51.43743,3,3,5,09:00,-1,E06000023,4,0,1,0,1,19,"[4, 2]","[8, 6]",0,0,0,1,1,0,0,0,0,8,22
2024522402546,2024,522402546,332151,159236,-2.97518,51.32816,3,3,5,08:15,-1,E06000024,6,0,2,1,1,"[4, 19]",1,3,0,0,0,1,0,0,0,0,0,8,8
2024522402547,2024,522402547,368975,183227,-2.44881,51.54708,3,3,7,23:00,-1,E06000025,4,2,1,0,1,19,4,8,0,"[1, 0]",0,1,0,0,0,0,0,8,24
2024522402548,2024,522402548,335821,162493,-2.9231,51.35787,3,3,7,22:45,-1,E06000024,4,2,1,0,1,"[9, 19]","[6, 2]","[4, 6]",0,0,0,1,0,1,0,0,0,7,27
2024522402550,2024,522402550,360796,173381,-2.56565,51.45804,3,3,5,14:02,-1,E06000023,3,0,1,0,1,19,7,3,10,1,0,1,0,0,0,0,1,6,6
2024522402551,2024,522402551,361048,174795,-2.56218,51.47077,3,3,1,22:27,-1,E06000023,3,2,1,0,1,"[7, 19]","[4, 2]",6,0,0,0,1,0,0,0,0,0,3,10
2024522402564,2024,522402564,333204,158525,-2.95994,51.32189,3,3,3,18:50,-1,E06000024,6,0,1,0,1,"[9, 19]","[1, 3]",7,0,0,0,1,0,0,0,0,0,7,30
2024522402565,2024,522402565,338769,163007,-2.88086,51.36281,1,"[3, 1]",3,22:18,-1,E06000024,3,2,1,1,2,"[19, 13]","[6, 2]","[2, 6]",0,"[0, 1]","[0, 9]",1,0,1,0,0,0,9,10
2024522402566,2024,522402566,356882,172409,-2.62187,51.44901,3,3,4,18:55,-1,E06000023,3,0,1,0,2,"[7, 19]","[4, 2]",6,0,0,0,1,1,0,0,0,0,8,21
2024522402567,2024,522402567,366384,171577,-2.48506,51.44218,3,3,5,18:50,-1,E06000025,6,0,1,0,1,"[2, 19]","[0, 1]","[0, 5]","[0, 4]",0,0,1,0,0,0,0,1,8,22
2024522402568,2024,522402568,362622,175380,-2.53959,51.47614,3,3,6,19:11,-1,E06000023,3,0,1,0,1,"[2, 19]","[0, 9]","[0, 9]","[0, 8]",0,0,1,1,0,0,0,0,8,9
2024522402569,2024,522402569,360881,172937,-2.56438,51.45405,3,3,4,08:45,-1,E06000023,6,0,1,0,1,"[9, 19]","[2, 1]","[1, 6]",0,0,0,0,1,0,0,0,0,9,4
2024522402570,2024,522402570,333547,159694,-2.95523,51.33244,3,3,6,19:20,-1,E06000024,6,0,1,0,1,19,9,9,0,0,0,1,0,0,0,0,0,8,9
2024522402573,2024,522402573,352414,177253,-2.68681,51.49221,3,3,4,18:40,-1,E06000023,6,0,1,0,1,"[19, 12]","[4, 9]","[8, 9]",0,0,0,1,0,1,0,0,0,8,14
2024522402574,2024,522402574,357669,174258,-2.61076,51.4657,3,3,5,17:10,-1,E06000023,3,0,2,1,1,"[99, 19]","[9, 8]","[9, 4]",0,0,0,0,1,1,0,0,0,8,15
2024522402575,2024,522402575,357357,174900,-2.61533,51.47145,3,3,5,19:05,-1,E06000023,3,0,2,1,1,"[19, 3]",1,5,0,0,0,1,0,0,0,0,0,8,15
2024522402576,2024,522402576,359479,171104,-2.58435,51.43747,3,3,5,07:35,-1,E06000023,4,0,1,0,1,19,"[6, 4]","[2, 8]",0,0,0,1,1,0,0,0,0,8,29
2024522402580,2024,522402580,336740,163034,-2.91,51.36283,3,3,5,08:37,-1,E06000024,6,0,1,2,1,19,"[8, 6]","[4, 2]",0,0,0,1,1,0,0,0,0,1,18
2024522402581,2024,522402581,362050,176365,-2.54793,51.48495,3,3,4,10:35,-1,E06000023,6,0,1,1,1,19,2,6,0,0,0,1,0,0,0,0,1,8,14
2024522402584,2024,522402584,338849,160004,-2.87919,51.33582,2,2,3,07:09,-1,E06000024,6,0,1,0,2,"[19, 4]","[8, 4]","[4, 8]",0,0,0,1,0,1,0,0,0,8,20
2024522402585,2024,522402585,362667,171629,-2.53854,51.44241,3,3,5,16:55,-1,E06000023,6,0,1,0,1,19,4,8,0,0,0,1,0,0,0,0,0,8,22
2024522402586,2024,522402586,362476,174299,-2.54157,51.46641,3,3,5,20:35,-1,E06000023,4,2,1,0,1,"[10, 19, 7]","[2, 6, 8]","[8, 2]",0,0,0,1,0,0,0,0,0,8,22
2024522402590,2024,522402590,361119,169817,-2.56061,51.42602,2,2,6,12:04,-1,E06000023,4,0,1,0,1,"[9, 13]",3,"[1, 7]",0,0,0,1,0,1,0,0,0,8,23
2024522402591,2024,522402591,368078,192338,-2.46257,51.62894,3,3,6,15:13,-1,E06000025,3,0,1,0,2,19,1,5,12,0,0,1,0,0,0,0,0,8,30
2024522402593,2024,522402593,331758,161248,-2.98121,51.3462,3,3,6,18:06,-1,E06000024,6,2,1,0,1,"[3, 19]",1,5,0,0,0,1,0,0,0,0,0,2,16
2024522402596,2024,522402596,337816,162527,-2.89446,51.35839,2,2,6,16:54,-1,E06000024,3,0,1,0,2,"[12, 7]",5,"[1, 7]",0,0,0,1,0,1,0,0,0,8,30
2024522402597,2024,522402597,360714,169917,-2.56645,51.42689,3,3,3,11:59,-1,E06000023,3,0,1,0,1,"[19, 9]","[2, 5]","[6, 2]",0,0,0,1,0,0,0,0,0,1,23
2024522402599,2024,522402599,368683,175089,-2.45229,51.47389,3,3,4,00:17,-1,E06000025,6,2,1,0,2,19,5,3,0,0,0,1,0,0,0,0,0,6,26
2024522402600,2024,522402600,369924,171036,-2.43408,51.43752,3,3,3,17:46,-1,E06000025,6,0,1,0,2,19,"[8, 6]","[4, 2]",0,0,0,1,0,0,0,0,0,9,3
2024522402601,2024,522402601,331773,160703,-2.98089,51.3413,3,3,5,11:45,-1,E06000024,6,0,1,0,1,19,"[5, 1]","[1, 5]",0,0,0,0,1,1,0,0,0,7,11
2024522402602,2024,522402602,376345,181073,-2.34238,51.52807,3,3,4,05:07,-1,E06000025,3,2,1,0,2,"[9, 19]","[2, 8]","[8, 4]",0,0,0,1,0,0,0,0,0,9,4
2024522402603,2024,522402603,359951,170484,-2.57749,51.43193,2,2,4,21:55,-1,E06000023,6,2,1,0,1,"[19, 2, 7]","[5, 0]","[1, 0, 7]","[0, 10]","[0, 7]","[0, 11]",1,0,0,0,0,0,9,4
2024522402610,2024,522402610,363201,174330,-2.53114,51.46673,3,3,4,17:19,-1,E06000023,6,0,1,0,1,"[1, 19]","[3, 8]","[7, 4]",0,0,0,1,0,1,0,0,0,7,31
2024522402611,2024,522402611,345102,169792,-2.79096,51.42446,3,3,6,15:25,-1,E06000024,6,0,1,0,2,1,5,2,0,0,0,1,0,0,0,0,1,8,23
2024522402617,2024,522402617,361100,175148,-2.56147,51.47395,2,2,7,13:43,-1,E06000023,1,0,1,0,1,"[3, 19]",6,2,0,0,0,1,0,0,0,0,0,9,7
2024522402619,2024,522402619,360537,174496,-2.56951,51.46805,3,3,6,14:20,-1,E06000023,1,0,1,0,1,"[3, 19]",2,6,0,0,0,1,0,0,0,0,0,8,23
2024522402622,2024,522402622,348292,168972,-2.74496,51.41739,3,3,7,13:20,-1,E06000024,6,0,1,0,1,19,4,8,0,0,0,1,0,0,0,0,1,8,17
2024522402623,2024,522402623,337219,159249,-2.90246,51.32886,3,3,5,12:10,-1,E06000024,6,0,1,0,2,"[9, 19]","[5, 3]","[3, 7]",0,0,0,1,0,0,0,0,0,8,1
2024522402624,2024,522402624,357914,171705,-2.60693,51.44276,3,3,3,18:00,-1,E06000023,6,0,1,0,1,19,2,8,0,0,0,0,1,0,0,0,1,8,20
2024522402625,2024,522402625,370188,176354,-2.43073,51.48535,3,3,5,11:04,-1,E06000025,6,0,1,0,2,19,"[8, 4]","[4, 8]","[11, 0]",0,0,1,0,0,1,0,0,8,1
2024522402631,2024,522402631,360182,172380,-2.57438,51.449,3,3,4,06:30,-1,E06000023,6,0,1,0,1,"[2, 19]","[0, 2]","[0, 6]","[0, 8]",0,0,1,1,0,0,0,0,8,21
2024522402633,2024,522402633,346129,173034,-2.77668,51.45371,2,2,7,12:52,-1,E06000024,1,0,1,0,2,"[11, 13]",3,7,0,0,0,1,0,1,0,0,0,8,3
2024522402634,2024,522402634,354163,178179,-2.66174,51.50068,2,2,1,21:50,-1,E06000023,6,2,1,0,1,19,"[2, 4]","[6, 8]",0,0,0,1,1,0,0,0,0,8,4
2024522402635,2024,522402635,359084,173909,-2.59035,51.46267,3,3,6,17:30,-1,E06000023,4,0,1,0,1,"[2, 19]","[0, 6]","[0, 2]","[0, 8]",0,0,1,1,0,0,0,0,8,23
2024522402639,2024,522402639,360863,183375,-2.5658,51.5479,2,2,7,12:26,-1,E06000025,1,0,1,0,1,"[19, 11]",2,6,0,0,0,1,0,1,0,0,0,8,31
2024522402641,2024,522402641,361046,172628,-2.56197,51.45129,3,3,5,11:40,-1,E06000023,6,0,1,0,1,19,2,6,0,1,0,1,0,0,0,0,1,8,8
2024522402642,2024,522402642,348440,175425,-2.74378,51.47542,2,"[2, 3]",4,16:14,-1,E06000024,3,0,1,0,2,19,"[4, 8]","[8, 4]",0,"[1, 7]",0,1,0,0,0,0,0,8,7
2024522402643,2024,522402643,360391,179723,-2.5722,51.51503,3,3,6,08:20,-1,E06000025,3,0,1,0,1,"[19, 15]",1,5,0,0,0,0,1,0,1,0,0,1,19
2024522402645,2024,522402645,358886,176867,-2.59355,51.48925,2,2,5,10:22,-1,E06000023,6,0,2,1,1,"[19, 11]","[4, 8]","[8, 4]",0,"[0, 2]","[0, 4]",1,0,0,0,0,0,8,8
2024522402650,2024,522402650,359442,172501,-2.58504,51.45003,3,3,7,21:33,-1,E06000023,3,2,1,0,1,"[19, 7]",5,"[1, 7]",0,0,0,0,0,1,0,0,0,8,10
2024522402652,2024,522402652,366570,184797,-2.48364,51.56105,3,3,1,22:15,-1,E06000025,6,2,1,0,2,4,1,4,0,7,11,1,0,0,0,0,0,8,11
2024522402653,2024,522402653,378112,173940,-2.31646,51.464,3,3,1,13:30,-1,E06000025,3,0,1,0,2,19,"[3, 1]","[7, 5]",0,0,0,1,0,0,0,0,0,8,11
2024522402660,2024,522402660,356141,171268,-2.63239,51.4387,3,3,2,17:49,-1,E06000024,3,0,1,0,2,"[3, 5]",2,6,0,0,0,1,0,0,0,0,0,8,12
2024522402663,2024,522402663,363532,178739,-2.52683,51.5064,3,3,5,15:28,-1,E06000025,1,0,1,0,2,"[19, 4]",6,2,0,0,0,1,0,0,0,0,0,8,15
2024522402664,2024,522402664,357090,170863,-2.61868,51.43513,3,3,7,10:21,-1,E06000023,3,0,1,0,1,"[5, 19]","[8, 6]",4,0,0,0,1,0,0,0,0,0,1,13
2024522402667,2024,522402667,366269,173237,-2.48687,51.4571,2,2,3,08:27,-1,E06000025,6,0,1,0,1,19,"[1, 6]","[6, 1]",0,0,0,1,1,0,0,0,0,8,27
2024522402670,2024,522402670,375329,173071,-2.35646,51.45608,2,2,1,07:21,-1,E06000025,3,0,1,2,2,19,7,3,0,1,4,1,0,0,0,0,0,3,3
2024522402672,2024,522402672,359833,172022,-2.57936,51.44575,2,2,7,09:50,-1,E06000023,3,0,1,0,1,"[3, 19]",5,1,0,0,0,1,0,0,0,0,0,8,17
2024522402678,2024,522402678,363166,173697,-2.53158,51.46104,2,2,3,23:25,-1,E06000023,3,2,1,0,1,"[19, 2]","[7, 0]","[3, 0]","[4, 0]",0,0,1,0,1,0,0,0,9,17
2024522402681,2024,522402681,361225,175807,-2.55975,51.47988,3,3,5,18:15,-1,E06000023,4,0,2,1,1,19,5,1,0,"[1, 0]","[3, 0]",1,0,0,0,0,0,8,15
2024522402682,2024,522402682,358948,167464,-2.59156,51.40471,3,3,6,15:55,-1,E06000023,6,0,1,0,1,"[19, 5]","[5, 1]","[1, 5]",0,0,0,1,1,0,0,0,0,8,16
2024522402684,2024,522402684,370753,182091,-2.42307,51.53696,3,3,6,18:37,-1,E06000025,6,0,1,0,1,19,2,6,0,0,0,1,0,0,0,0,1,8,16
2024522402685,2024,522402685,369081,185428,-2.44747,51.56687,3,3,6,21:51,-1,E06000025,4,2,1,0,2,"[9, 19]","[3, 1]","[1, 5]",0,0,0,1,0,0,0,0,0,8,16
2024522402687,2024,522402687,358424,180725,-2.60066,51.5239,2,"[3, 2]",7,17:35,-1,E06000025,6,0,1,0,2,"[19, 4]",8,4,0,0,0,1,0,0,0,0,0,8,17
2024522402689,2024,522402689,359732,175224,-2.58118,51.47454,2,"[2, 3]",3,22:15,-1,E06000023,4,2,1,0,1,"[19, 2]","[5, 0, 1]","[1, 0, 5]","[4, 0]",0,0,1,0,0,0,0,0,8,20
2024522402693,2024,522402693,334618,161365,-2.94017,51.34759,3,3,5,21:28,-1,E06000024,6,2,1,0,1,19,"[2, 5]","[6, 8]",0,0,0,1,0,0,0,0,0,8,1
2024522402695,2024,522402695,352125,178121,-2.69109,51.49999,2,2,5,21:40,-1,E06000023,3,2,1,0,1,19,5,1,0,0,0,1,0,0,0,0,0,8,1
2024522402696,2024,522402696,365258,175886,-2.50168,51.48085,2,2,5,10:54,-1,E06000025,6,0,1,0,1,9,7,5,0,0,0,1,0,0,0,0,1,1,18
2024522402699,2024,522402699,361370,183617,-2.55852,51.55011,3,3,2,08:36,-1,E06000025,1,0,2,1,1,"[4, 19]",2,6,0,0,0,1,0,0,0,0,0,9,23
2024522402700,2024,522402700,357414,170181,-2.61394,51.42902,3,3,2,05:05,-1,E06000023,3,2,1,2,1,"[19, 9]","[2, 5]","[6, 2]",0,0,0,1,0,0,0,0,0,3,4
2024522402701,2024,522402701,344517,159073,-2.79769,51.32804,3,3,6,11:30,-1,E06000024,3,0,1,0,2,"[19, 13]","[5, 1]","[1, 5]",0,0,0,1,0,1,0,0,0,8,23
2024522402702,2024,522402702,356229,171330,-2.63113,51.43926,3,3,7,18:25,-1,E06000024,4,0,1,1,2,"[19, 4]",6,2,0,0,0,1,0,0,0,0,0,3,16
2024522402703,2024,522402703,364544,175094,-2.51188,51.47369,3,3,7,21:30,-1,E06000023,6,2,1,0,1,19,1,5,0,0,0,1,0,0,0,0,0,8,24
2024522402705,2024,522402705,334735,163856,-2.93895,51.37,3,3,6,10:20,-1,E06000024,6,0,1,0,2,19,7,3,0,0,0,1,0,0,0,0,1,8,16
2024522402710,2024,522402710,341598,157556,-2.83934,51.3141,3,3,4,09:16,-1,E06000024,3,0,1,0,2,"[9, 19]","[8, 3]","[5, 7]",0,0,0,1,0,0,0,0,0,9,18
2024522402711,2024,522402711,366686,177988,-2.48132,51.49984,3,3,6,20:05,-1,E06000025,3,0,9,-1,1,"[13, 12]",4,8,0,0,0,1,0,0,1,0,0,7,12
2024522402712,2024,522402712,345644,160341,-2.78172,51.33954,3,3,7,10:34,-1,E06000024,3,0,1,0,2,4,3,7,0,0,0,1,0,0,0,0,0,9,21
2024522402714,2024,522402714,363369,188810,-2.53023,51.59694,3,3,4,13:10,-1,E06000025,4,0,8,1,2,19,"[2, 4]","[6, 2]",0,0,0,1,0,0,0,0,0,8,21
2024522402715,2024,522402715,358566,172862,-2.59769,51.45321,3,3,4,18:45,-1,E06000023,3,0,1,0,1,19,5,1,0,0,0,0,1,0,0,1,0,9,11
2024522402717,2024,522402717,360872,173236,-2.56454,51.45674,3,3,5,22:04,-1,E06000023,6,2,9,-1,1,1,5,1,0,0,0,1,0,0,0,0,1,6,13
2024522402718,2024,522402718,373292,172665,-2.38575,51.45233,3,3,5,12:22,-1,E06000025,3,0,2,1,2,"[19, 9]","[7, 1]","[3, 7]",0,0,0,1,0,0,0,0,0,8,22
2024522402722,2024,522402722,334974,162295,-2.93523,51.35599,3,3,6,18:40,-1,E06000024,6,0,1,0,1,"[19, 2]","[6, 0]","[2, 0]",0,0,0,1,0,1,0,0,0,8,23
2024522402726,2024,522402726,358800,172882,-2.59432,51.45341,3,3,7,23:26,-1,E06000023,4,2,1,0,1,19,7,3,0,0,0,0,0,0,1,0,1,8,24
2024522402727,2024,522402727,344446,174984,-2.80121,51.47108,3,3,3,19:25,-1,E06000024,6,0,2,1,1,19,"[8, 2]","[2, 8]",0,0,0,1,0,0,0,0,0,5,28
2024522402729,2024,522402729,361603,178720,-2.55462,51.5061,3,3,7,21:30,-1,E06000025,3,2,1,0,1,"[19, 12]",4,7,0,0,0,1,0,1,0,0,0,8,24
2024522402735,2024,522402735,361047,172057,-2.56189,51.44615,3,3,7,17:45,-1,E06000023,6,0,1,0,1,"[3, 1]","[7, 3]","[3, 7]",0,0,0,1,0,1,0,0,0,8,10
2024522402737,2024,522402737,357820,173350,-2.60848,51.45755,3,3,6,13:45,-1,E06000023,3,0,1,0,1,"[7, 19]","[2, 1]",5,0,0,0,1,0,0,0,0,0,8,16
2024522402738,2024,522402738,361103,174460,-2.56135,51.46776,3,3,1,17:00,-1,E06000023,6,0,9,-1,1,19,3,7,0,0,0,0,0,0,0,0,1,9,1
2024522402739,2024,522402739,359886,171825,-2.57857,51.44399,3,3,4,13:44,-1,E06000023,3,0,2,1,1,"[19, 7]","[5, 7]",1,0,0,0,1,0,1,0,0,0,9,25
2024522402740,2024,522402740,370015,192905,-2.43464,51.63415,2,2,3,16:10,-1,E06000025,4,0,1,0,2,"[19, 7]","[4, 5]",8,0,0,0,1,0,1,0,0,0,6,25
2024522402741,2024,522402741,359169,175819,-2.58935,51.47984,3,3,6,07:43,-1,E06000023,3,0,1,0,1,19,1,5,0,0,0,1,0,0,0,0,1,9,20
2024522402742,2024,522402742,354202,179966,-2.66141,51.51675,1,"[2, 1]",6,16:02,-1,E06000023,1,0,1,0,2,"[3, 19]",1,5,0,0,0,1,0,0,1,0,0,8,30
2024522402746,2024,522402746,362461,174238,-2.54178,51.46586,3,3,4,17:08,-1,E06000023,6,0,1,0,1,19,7,3,0,0,0,1,0,0,0,0,1,8,28
2024522402750,2024,522402750,362112,176647,-2.54706,51.48749,2,2,5,19:15,-1,E06000023,4,0,1,0,1,"[9, 19]","[5, 2]","[2, 6]",0,0,0,1,1,0,0,0,0,8,29
2024522402754,2024,522402754,356042,175832,-2.63438,51.47973,3,3,5,20:30,-1,E06000023,6,2,1,0,1,"[6, 19]","[1, 5]",1,0,0,0,1,1,0,0,0,0,8,29
2024522402757,2024,522402757,353271,167098,-2.67312,51.40098,3,3,6,18:37,-1,E06000024,3,2,1,0,2,"[19, 4]",6,2,0,0,0,1,0,0,0,0,0,8,30
2024522402758,2024,522402758,362118,183124,-2.54768,51.54573,3,3,2,14:30,-1,E06000025,1,0,1,0,1,"[3, 19]",4,8,0,0,0,1,0,0,0,0,0,8,26
2024522402759,2024,522402759,361343,169843,-2.55739,51.42627,3,3,1,03:58,-1,E06000023,4,2,1,1,1,7,5,7,7,0,0,1,0,0,0,0,0,7,7
2024522402761,2024,522402761,364404,172252,-2.51361,51.44813,3,3,6,08:15,-1,E06000025,3,0,9,0,1,19,8,4,0,0,0,1,0,0,0,0,1,4,26
2024522402762,2024,522402762,366368,179885,-2.48608,51.51688,3,3,6,08:19,-1,E06000025,6,0,1,0,2,19,"[4, 1]","[1, 4]",0,0,0,1,0,0,0,0,0,9,13
2024522402763,2024,522402763,358665,172004,-2.59616,51.44551,3,3,7,23:44,-1,E06000023,3,2,1,0,1,"[3, 19]",7,3,0,0,0,1,0,0,0,0,0,8,31
2024522402764,2024,522402764,366028,170754,-2.4901,51.43476,3,3,7,23:40,-1,E06000025,3,2,1,0,1,"[19, 2]","[4, 0]","[8, 0]","[4, 0]",0,0,1,0,0,0,0,0,5,25
2024522402766,2024,522402766,364173,179518,-2.51768,51.51344,3,3,3,06:30,-1,E06000025,1,0,1,0,2,"[19, 3]",2,6,0,0,0,1,0,0,0,0,0,3,26
2024522402770,2024,522402770,372725,180180,-2.39449,51.51987,3,3,4,16:39,-1,E06000025,6,0,2,1,2,19,"[1, 7]","[7, 1]",0,0,0,1,0,0,0,0,0,9,25
2024522402771,2024,522402771,372419,188417,-2.39955,51.59392,3,3,5,18:05,-1,E06000025,6,2,2,1,2,"[4, 19]",5,1,0,0,0,1,0,0,0,0,1,1,4
2024522402773,2024,522402773,372787,182218,-2.39376,51.5382,3,3,5,17:53,-1,E06000025,4,0,2,1,1,"[19, 9]","[7, 1]","[3, 7]",0,0,0,1,0,0,0,0,0,9,26
2024522402776,2024,522402776,361137,172107,-2.56061,51.44661,2,2,1,11:27,-1,E06000023,3,0,1,1,1,19,"[1, 5]","[5, 3]",0,0,0,1,1,0,0,0,0,9,1
2024522402777,2024,522402777,375848,178084,-2.34934,51.50117,3,3,7,00:26,-1,E06000025,3,2,1,0,2,"[12, 19]",3,7,0,"[1, 0]","[7, 0]",1,0,0,0,0,0,8,31
2024522402780,2024,522402780,360578,183848,-2.56996,51.55213,3,3,2,18:22,-1,E06000025,3,0,2,1,1,"[19, 9]","[5, 7]","[1, 5]",0,0,0,1,0,1,0,0,0,9,2
2024522402782,2024,522402782,365504,187541,-2.49929,51.58566,3,3,6,07:27,-1,E06000025,1,0,1,0,2,19,2,6,0,1,9,1,0,0,0,0,0,8,30
2024522402786,2024,522402786,361203,180562,-2.56059,51.52263,3,3,2,10:39,-1,E06000025,4,0,1,1,1,"[19, 7]",7,"[3, 1]",0,0,0,1,0,1,0,0,0,9,2
2024522402787,2024,522402787,361814,173558,-2.55102,51.4597,3,3,2,21:50,-1,E06000023,3,2,2,1,1,"[19, 4, 3]",7,3,0,0,0,1,0,1,0,0,0,9,2
2024522402788,2024,522402788,355170,178670,-2.6473,51.50517,2,2,2,18:00,-1,E06000023,6,0,1,0,1,19,"[1, 5]","[5, 1]",0,0,0,1,1,0,0,0,0,9,2
2024522402789,2024,522402789,362969,171405,-2.53417,51.44042,3,3,1,18:45,-1,E06000023,6,0,1,0,1,"[5, 19, 2]","[4, 8, 0]","[8, 4, 0]","[0, 4]",0,0,1,1,0,0,0,0,9,1