collision_index,collision_year,collision_ref_no,location_easting_osgr,location_northing_osgr,longitude,latitude,casualty_severity,casualty_severity,day_of_week,time,local_authority_district,local_authority_ons_district,first_road_class,light_conditions,weather_conditions,road_surface_conditions,urban_or_rural_area,vehicle_manoeuvre,vehicle_direction_from,vehicle_direction_to,hit_object_in_carriageway,vehicle_leaving_carriageway,hit_object_off_carriageway,is_car,is_cyle,is_mcyle,is_goodsv,is_other,is_pedestrian,month,day
2024522402790,2024,522402790,363361,178336,-2.52925,51.50276,1,"[3, 1]",1,10:13,-1,E06000025,1,0,1,1,2,19,5,1,0,1,4,1,0,0,0,0,0,10,6
2024522402791,2024,522402791,359881,178266,-2.57938,51.5019,3,3,4,15:36,-1,E06000025,3,0,1,0,1,"[4, 3]",5,1,0,0,0,1,0,0,0,0,0,9,4
2024522402793,2024,522402793,360902,169915,-2.56374,51.42688,2,2,4,11:54,-1,E06000023,3,0,1,0,1,3,5,1,0,0,0,0,0,0,1,0,1,9,4
2024522402795,2024,522402795,371963,172378,-2.40485,51.44969,3,3,5,20:54,-1,E06000025,3,2,2,1,2,19,3,7,10,7,1,1,0,0,0,0,0,9,5
2024522402800,2024,522402800,358160,180801,-2.60447,51.52456,3,3,6,13:11,-1,E06000025,6,0,2,1,1,19,4,6,0,7,0,1,0,0,0,0,0,9,6
2024522402801,2024,522402801,359267,172894,-2.5876,51.45355,2,2,7,19:05,-1,E06000023,6,0,1,0,1,19,2,6,0,1,10,0,1,0,0,0,0,6,8
2024522402802,2024,522402802,333093,161167,-2.96203,51.34563,3,3,5,22:15,-1,E06000024,4,2,1,1,1,"[19, 3]",3,7,0,0,0,1,0,0,0,0,0,9,26
2024522402805,2024,522402805,361138,172042,-2.56058,51.44602,3,3,6,08:00,-1,E06000023,3,0,1,0,1,19,"[4, 2]","[8, 7]",0,0,0,1,0,0,0,0,0,5,24
2024522402808,2024,522402808,359359,173914,-2.5864,51.46273,3,3,5,17:01,-1,E06000023,6,0,1,0,1,19,"[2, 4]","[6, 8]",0,0,0,1,0,0,0,0,0,9,19
2024522402811,2024,522402811,360005,167779,-2.5764,51.40762,3,3,2,18:00,-1,E06000023,6,0,2,1,1,19,9,9,0,0,0,1,0,0,0,0,0,9,2
2024522402813,2024,522402813,357946,173228,-2.60665,51.45646,3,3,6,18:46,-1,E06000023,3,0,1,0,1,"[12, 2, 19]","[8, 0]","[4, 0]","[0, 4]",0,0,1,0,1,0,0,0,8,30
2024522402814,2024,522402814,359385,173876,-2.58602,51.46239,3,3,4,20:05,-1,E06000023,6,2,1,0,1,"[9, 19]","[5, 1]","[2, 5]",0,0,0,1,1,0,0,0,0,9,4
2024522402815,2024,522402815,361828,173558,-2.55082,51.4597,2,2,7,15:52,-1,E06000023,3,0,1,0,1,"[9, 19]","[8, 7]","[7, 3]",0,0,0,0,0,0,1,0,0,1,20
2024522402816,2024,522402816,363416,178569,-2.52848,51.50486,3,3,4,14:15,-1,E06000025,3,0,1,0,1,"[5, 19]","[5, 7]","[1, 3]","[0, 10]","[0, 7]","[0, 1]",1,1,0,0,0,0,9,4
2024522402817,2024,522402817,359894,177904,-2.57915,51.49864,3,3,4,08:23,-1,E06000023,6,0,9,0,1,19,4,8,0,0,0,1,0,0,0,0,1,2,21
2024522402819,2024,522402819,353922,177996,-2.66519,51.49901,3,3,4,06:47,-1,E06000023,6,0,1,0,1,19,4,8,0,0,0,1,0,0,0,0,0,5,29
2024522402821,2024,522402821,356352,171786,-2.62941,51.44337,3,3,7,16:45,-1,E06000023,6,0,1,0,1,19,8,4,0,0,0,0,0,1,0,0,1,5,25
2024522402822,2024,522402822,362789,178714,-2.53753,51.50612,3,3,4,20:00,-1,E06000025,3,2,2,1,2,"[4, 10]",3,"[7, 1]",0,0,0,1,0,0,0,0,0,9,25
2024522402823,2024,522402823,367329,180626,-2.4723,51.5236,3,3,2,11:56,-1,E06000025,3,0,2,1,1,19,"[2, 8]","[6, 4]",0,"[2, 1]",1,1,0,0,0,0,0,9,23
2024522402824,2024,522402824,359216,173203,-2.58837,51.45633,3,3,4,16:40,-1,E06000023,6,0,1,1,1,"[3, 19]",6,2,0,0,0,1,0,1,0,0,0,9,25
2024522402830,2024,522402830,358288,172903,-2.60169,51.45356,3,3,1,05:20,-1,E06000023,3,2,2,1,1,19,6,2,0,0,0,1,0,0,0,0,1,9,8
2024522402831,2024,522402831,362875,181840,-2.53662,51.53424,3,3,6,08:15,-1,E06000025,1,0,1,0,2,"[3, 4]",4,8,0,0,0,1,0,0,0,0,0,10,4
2024522402832,2024,522402832,357464,174600,-2.61376,51.46876,2,2,2,14:21,-1,E06000023,3,0,2,1,1,"[2, 19]","[0, 8]","[0, 4]","[0, 8]",0,0,1,1,0,0,0,0,10,7
2024522402833,2024,522402833,357913,179202,-2.60784,51.51017,3,3,4,06:47,-1,E06000023,6,0,2,1,1,"[3, 19]","[3, 7]","[7, 3]",0,0,0,1,0,1,0,0,0,5,22
2024522402835,2024,522402835,359790,175979,-2.58043,51.48133,3,3,7,21:26,-1,E06000023,6,2,1,0,1,"[19, 9]","[6, 4]",2,0,0,0,1,0,1,0,0,0,6,29
2024522402836,2024,522402836,358402,172026,-2.59995,51.44569,1,1,6,15:08,-1,E06000023,3,0,1,0,1,"[19, 9]","[3, 5]","[7, 3]",0,0,"[10, 0]",0,1,0,0,0,0,8,30
2024522402838,2024,522402838,359638,172168,-2.58218,51.44705,3,3,7,17:30,-1,E06000023,3,0,1,0,1,"[19, 7]","[4, 6]",8,0,0,0,1,0,0,0,0,0,9,7
2024522402839,2024,522402839,359501,174485,-2.58442,51.46787,3,3,3,19:20,-1,E06000023,6,2,1,0,1,19,2,6,0,0,0,1,0,0,0,0,1,9,10
2024522402840,2024,522402840,359221,172847,-2.58826,51.45313,3,3,1,21:59,-1,E06000023,6,2,2,1,1,9,4,2,0,0,0,0,0,0,0,1,1,9,8
2024522402841,2024,522402841,331980,160638,-2.9779,51.34074,3,3,1,12:50,-1,E06000024,6,0,1,0,1,"[19, 2]","[5, 0]","[1, 0]","[4, 0]",0,0,1,1,0,0,0,0,9,8
2024522402842,2024,522402842,358766,177542,-2.59536,51.49531,3,3,1,07:46,-1,E06000023,6,0,1,0,1,"[19, 2]","[5, 0]","[1, 0]","[7, 0]",0,0,1,0,1,0,0,0,8,4
2024522402844,2024,522402844,360143,171452,-2.57483,51.44065,3,3,6,17:25,-1,E06000023,3,0,1,0,1,"[19, 9]","[4, 8]","[8, 6]",0,0,0,1,0,0,0,0,0,9,20
2024522402845,2024,522402845,361524,178720,-2.55576,51.50609,3,3,3,20:00,-1,E06000025,6,2,2,1,1,19,"[5, 3]","[1, 7]",0,0,0,1,1,0,0,0,0,10,8
2024522402846,2024,522402846,359706,173691,-2.58138,51.46075,3,3,6,15:33,-1,E06000023,3,0,2,1,1,"[19, 11]",2,6,0,0,0,1,0,0,1,0,0,9,20
2024522402848,2024,522402848,358072,173725,-2.6049,51.46094,3,3,4,17:07,-1,E06000023,6,0,2,1,1,19,9,9,0,0,0,1,0,0,0,0,1,9,25
2024522402850,2024,522402850,333533,160033,-2.9555,51.33549,3,3,4,15:40,-1,E06000024,6,0,1,1,1,"[9, 19]","[3, 5]",1,0,0,0,1,1,0,0,0,0,9,25
2024522402851,2024,522402851,358219,172991,-2.6027,51.45435,3,3,5,12:00,-1,E06000023,3,0,1,0,1,9,8,6,0,0,0,1,0,0,0,0,1,9,26
2024522402853,2024,522402853,358625,172343,-2.59678,51.44855,3,3,4,20:55,-1,E06000023,6,2,1,0,1,"[19, 13]","[1, 5]","[5, 1]",0,0,0,0,1,0,0,0,0,9,18
2024522402855,2024,522402855,360211,169699,-2.57366,51.42489,3,3,6,15:00,-1,E06000023,6,0,1,0,1,"[3, 5]",8,4,0,0,0,1,0,0,0,0,0,9,27
2024522402856,2024,522402856,360052,177691,-2.57685,51.49674,3,3,3,16:05,-1,E06000023,6,0,1,0,1,19,"[1, 8]","[5, 4]",0,0,0,1,0,1,0,0,0,9,24
2024522402858,2024,522402858,373210,172675,-2.38693,51.45242,3,3,5,11:29,-1,E06000025,3,0,1,1,2,"[19, 9]","[3, 5]","[7, 3]",0,0,0,1,0,0,0,0,0,9,26
2024522402859,2024,522402859,357863,174928,-2.60805,51.47174,2,2,3,09:31,-1,E06000023,6,0,1,0,1,"[9, 19]","[3, 8]","[8, 4]",0,0,0,1,0,0,0,0,0,10,1
2024522402865,2024,522402865,372387,182193,-2.39952,51.53796,2,2,2,10:58,-1,E06000025,6,0,1,1,1,9,8,5,0,0,0,1,0,0,0,0,1,1,15
2024522402866,2024,522402866,364555,179490,-2.51217,51.51322,3,3,7,23:06,-1,E06000025,4,2,1,0,1,"[7, 19]",5,"[6, 1]",0,0,0,1,0,0,0,0,0,2,24
2024522402867,2024,522402867,359754,174954,-2.58083,51.47211,3,3,1,01:31,-1,E06000023,4,2,1,0,1,19,8,5,0,0,0,0,0,1,0,0,0,5,19
2024522402868,2024,522402868,354162,167728,-2.6604,51.40671,2,2,1,03:19,-1,E06000024,3,2,1,0,2,19,"[2, 6]","[6, 2]",0,0,0,1,0,0,0,0,0,6,9
2024522402869,2024,522402869,342638,169706,-2.82638,51.42345,2,2,1,09:46,-1,E06000024,6,0,1,0,2,"[9, 19]","[7, 5]","[5, 1]",0,0,0,1,1,0,0,0,0,7,21
2024522402870,2024,522402870,359200,173479,-2.58863,51.45881,3,3,1,13:30,-1,E06000023,6,0,1,0,1,"[9, 19]","[7, 3]","[5, 7]",0,0,0,1,0,0,0,0,0,9,1
2024522402872,2024,522402872,357145,172695,-2.61812,51.45161,3,3,5,17:32,-1,E06000023,6,0,1,0,1,"[19, 9]","[5, 7]","[1, 5]",0,0,0,1,0,0,0,0,0,9,12
2024522402873,2024,522402873,356536,178637,-2.62761,51.50498,2,"[2, 3]",6,09:45,-1,E06000023,4,0,1,0,1,"[9, 19]","[2, 1]","[1, 5]",0,0,0,1,0,1,0,0,0,9,20
2024522402874,2024,522402874,363789,175084,-2.52275,51.47355,3,3,2,08:36,-1,E06000023,6,0,2,1,1,19,"[1, 4]","[5, 8]",0,0,0,1,0,0,0,0,0,10,14
2024522402876,2024,522402876,358893,173379,-2.59304,51.45789,3,3,7,20:15,-1,E06000023,3,2,1,1,1,19,6,2,0,0,0,0,0,1,0,0,1,3,30
2024522402877,2024,522402877,357584,177990,-2.61244,51.49925,3,3,6,08:15,-1,E06000023,6,0,1,0,1,"[9, 10]","[4, 6]","[2, 4]",0,0,0,1,1,0,0,0,0,10,4
2024522402878,2024,522402878,363063,175674,-2.53327,51.47881,3,3,7,08:29,-1,E06000023,3,0,1,1,1,19,"[6, 1]","[2, 5]",0,0,0,1,0,0,0,0,0,10,12
2024522402879,2024,522402879,374951,176166,-2.36212,51.48389,3,3,5,07:27,-1,E06000025,3,0,2,1,2,19,5,2,0,0,0,1,0,0,0,0,0,10,10
2024522402881,2024,522402881,362652,170180,-2.5386,51.42938,3,3,1,17:28,-1,E06000023,3,0,1,0,1,19,"[1, 5]","[5, 1]",0,0,0,1,0,0,0,0,0,10,13
2024522402883,2024,522402883,364485,175436,-2.51277,51.47676,2,2,7,17:06,-1,E06000023,6,0,1,0,1,"[9, 19]","[8, 6]","[6, 2]",0,0,0,1,0,1,0,0,0,10,12
2024522402885,2024,522402885,360272,171671,-2.573,51.44263,3,3,4,18:43,-1,E06000023,3,0,1,0,1,"[19, 7]","[7, 1]",3,0,0,0,0,0,1,0,1,0,6,26
2024522402886,2024,522402886,357442,172466,-2.61381,51.44957,3,3,7,16:20,-1,E06000023,3,0,1,0,1,"[19, 3]",7,3,0,0,0,1,0,1,0,0,0,5,18
2024522402887,2024,522402887,360279,171277,-2.57286,51.43909,3,3,5,08:00,-1,E06000023,3,0,1,0,1,"[9, 19]","[8, 4]","[6, 8]",0,0,0,1,1,0,0,0,0,9,12
2024522402888,2024,522402888,363710,173833,-2.52376,51.4623,3,3,2,14:00,-1,E06000023,6,0,2,1,1,"[19, 12]",1,5,0,0,0,1,1,0,0,0,0,9,2
2024522402891,2024,522402891,365018,176418,-2.50519,51.48562,3,3,6,17:15,-1,E06000025,3,0,1,0,1,"[13, 9]",2,"[6, 8]",0,0,0,1,0,1,0,0,0,9,13
2024522402893,2024,522402893,370326,179525,-2.42901,51.51386,3,3,6,17:32,-1,E06000025,6,0,1,0,2,"[19, 4]",4,8,0,0,0,1,0,1,0,0,0,9,13
2024522402894,2024,522402894,355490,170698,-2.64168,51.43352,3,3,7,11:35,-1,E06000024,3,0,1,0,2,"[19, 6]","[6, 3]","[2, 6]",0,0,0,1,0,0,0,0,0,9,14
2024522402899,2024,522402899,360288,174814,-2.57313,51.47089,3,3,1,10:15,-1,E06000023,6,0,1,0,1,"[13, 9]",6,"[2, 4]",0,0,0,1,0,1,0,0,0,9,15
2024522402901,2024,522402901,355469,170706,-2.64198,51.43359,3,3,2,21:30,-1,E06000024,3,2,1,0,2,"[4, 3]",2,6,0,0,0,1,0,1,0,0,0,9,16
2024522402903,2024,522402903,358847,168594,-2.59315,51.41486,3,3,3,16:09,-1,E06000023,3,0,1,0,1,"[3, 19]",2,6,0,0,0,1,0,0,0,0,0,9,17
2024522402904,2024,522402904,355959,169943,-2.63484,51.42677,3,3,3,15:37,-1,E06000024,3,0,1,0,2,"[7, 19]","[7, 5]",1,0,0,0,1,0,0,1,0,0,9,17
2024522402907,2024,522402907,362241,174160,-2.54494,51.46514,3,3,3,15:40,-1,E06000023,4,0,1,0,1,19,6,2,0,0,0,1,0,0,0,0,1,9,17
2024522402911,2024,522402911,332162,159227,-2.97502,51.32808,3,3,2,18:30,-1,E06000024,3,0,1,0,1,7,1,3,0,0,0,1,0,0,0,0,0,7,22
2024522402913,2024,522402913,352851,166749,-2.67911,51.3978,3,3,3,04:08,-1,E06000024,6,2,1,0,2,"[9, 19]","[5, 2]","[3, 6]",0,0,0,1,0,1,0,0,0,9,17
2024522402914,2024,522402914,334589,162570,-2.94081,51.35842,3,3,6,15:40,-1,E06000024,6,0,1,0,1,7,4,6,0,0,0,1,0,0,0,0,0,9,13
2024522402915,2024,522402915,373366,172656,-2.38468,51.45225,3,3,4,15:38,-1,E06000025,3,0,1,0,2,"[5, 19]",7,3,0,0,0,1,0,0,0,0,0,9,18
2024522402916,2024,522402916,357772,176168,-2.60951,51.48288,3,3,2,13:35,-1,E06000023,6,0,1,0,1,"[2, 19]","[0, 9]","[0, 9]","[0, 8]",0,0,1,1,0,0,0,0,9,2
2024522402917,2024,522402917,359475,173679,-2.5847,51.46063,3,3,4,17:55,-1,E06000023,6,0,1,0,1,"[9, 19]","[2, 5]",1,0,0,0,1,1,0,0,0,0,9,18
2024522402921,2024,522402921,364783,175007,-2.50843,51.47292,3,3,7,12:19,-1,E06000025,3,0,1,1,1,9,"[8, 2]","[6, 8]",0,0,0,1,0,0,0,0,0,9,21
2024522402922,2024,522402922,360218,169695,-2.57356,51.42486,2,2,2,07:27,-1,E06000023,3,0,2,1,1,"[9, 19]","[2, 6]","[8, 2]",0,0,0,1,0,1,0,0,0,10,7
2024522402923,2024,522402923,357122,172984,-2.61848,51.4542,3,3,2,16:20,-1,E06000023,6,0,1,0,1,9,8,6,0,0,0,1,0,0,0,0,1,9,2
2024522402924,2024,522402924,350491,163834,-2.71263,51.37139,3,3,7,11:50,-1,E06000024,3,0,1,0,2,"[15, 19]",6,2,0,0,0,1,1,0,0,0,0,9,21
2024522402925,2024,522402925,363792,174325,-2.52263,51.46673,3,3,3,12:42,-1,E06000023,6,0,1,0,1,"[3, 1]",7,3,0,0,0,1,0,1,0,0,0,9,3
2024522402926,2024,522402926,359723,177737,-2.58159,51.49713,3,3,5,17:12,-1,E06000023,6,0,2,1,1,"[19, 11]",8,4,0,0,0,1,0,0,0,0,0,9,5
2024522402930,2024,522402930,360867,174612,-2.56477,51.46911,3,3,3,14:08,-1,E06000023,6,0,1,0,1,1,5,1,0,0,0,1,0,0,0,0,1,9,10
2024522402931,2024,522402931,341943,157601,-2.83439,51.31454,3,3,5,17:18,-1,E06000024,3,0,1,0,2,"[9, 19]","[2, 7]","[7, 3]",0,0,0,1,1,0,0,0,0,9,19
2024522402932,2024,522402932,361200,173797,-2.55988,51.46181,2,2,4,05:00,-1,E06000023,4,2,1,0,1,"[2, 19]","[0, 3]","[0, 7]","[0, 8]",0,0,1,1,0,0,0,0,8,28
2024522402933,2024,522402933,359171,175868,-2.58933,51.48029,3,3,4,11:59,-1,E06000023,6,0,1,0,1,"[3, 1]",9,9,0,0,0,1,0,1,0,0,0,9,11
2024522402934,2024,522402934,355297,168285,-2.64415,51.41181,2,2,3,07:10,-1,E06000024,3,0,2,1,2,"[5, 19]",1,5,0,0,0,1,0,0,0,0,0,9,10
2024522402935,2024,522402935,361829,173552,-2.5508,51.45965,3,3,4,12:25,-1,E06000023,3,0,1,0,1,"[19, 11]",3,7,0,0,0,1,0,0,1,0,0,9,11
2024522402937,2024,522402937,335209,163808,-2.93213,51.36962,3,3,6,11:45,-1,E06000024,6,0,1,0,1,"[5, 19]","[1, 7]","[5, 3]",0,0,0,1,1,0,0,0,0,9,13
2024522402938,2024,522402938,358978,175766,-2.5921,51.47935,3,3,5,17:20,-1,E06000023,6,0,1,0,1,"[1, 3]","[7, 3]","[3, 7]",0,0,0,1,0,1,0,0,0,9,12
2024522402940,2024,522402940,361562,173788,-2.55467,51.46175,3,3,5,17:00,-1,E06000023,4,0,2,1,1,19,"[5, 3]","[1, 7]",0,0,0,1,0,0,0,0,0,9,5
2024522402941,2024,522402941,343388,163937,-2.81467,51.37165,3,3,1,20:55,-1,E06000024,3,2,1,0,1,"[19, 15]",3,7,0,0,0,1,0,0,0,0,0,9,15
2024522402943,2024,522402943,341220,171157,-2.84701,51.43635,3,3,3,08:30,-1,E06000024,6,0,1,0,1,19,7,3,0,0,0,1,0,0,0,0,1,9,17
2024522402944,2024,522402944,336592,160331,-2.91165,51.33852,3,3,2,17:50,-1,E06000024,6,0,1,0,2,19,3,7,0,0,0,1,0,0,0,0,1,9,16
2024522402945,2024,522402945,335188,161007,-2.93192,51.34443,3,3,6,06:48,-1,E06000024,3,0,1,0,2,"[5, 19]","[5, 2]",8,0,0,0,1,0,0,0,0,0,10,11
2024522402949,2024,522402949,371024,172669,-2.41839,51.45226,3,3,5,16:30,-1,E06000025,3,0,1,0,2,"[9, 19]","[4, 2]","[2, 6]",0,0,0,1,0,1,0,0,0,9,19
2024522402950,2024,522402950,364752,189354,-2.51032,51.60191,3,3,3,17:53,-1,E06000025,6,2,1,1,1,"[19, 9]","[3, 7]","[7, 5]",0,0,0,1,0,0,0,0,0,10,15
2024522402951,2024,522402951,356318,177506,-2.63061,51.4948,3,3,2,08:55,-1,E06000023,3,0,1,1,1,"[19, 1]","[3, 6]","[7, 1]",0,0,0,1,0,0,1,0,0,10,14
2024522402952,2024,522402952,367898,172681,-2.46337,51.45219,2,2,3,19:51,-1,E06000025,3,2,2,1,1,"[13, 9]",1,"[5, 7]",0,0,0,1,0,1,0,0,0,10,15
2024522402954,2024,522402954,364503,176718,-2.51264,51.48829,3,3,6,02:00,-1,E06000025,6,2,1,0,1,19,"[2, 4]","[6, 8]",0,0,0,1,0,0,0,0,0,9,20
2024522402955,2024,522402955,349429,168987,-2.72862,51.41763,3,3,5,14:55,-1,E06000024,3,0,2,1,1,19,"[2, 6]","[6, 2]",0,0,0,1,0,0,0,0,0,9,5
2024522402956,2024,522402956,359641,172148,-2.58214,51.44687,3,3,4,17:53,-1,E06000023,3,0,1,1,1,"[19, 5]",2,"[6, 8]",0,0,0,0,1,1,0,0,0,9,11
2024522402957,2024,522402957,359895,181503,-2.57955,51.531,3,3,5,14:40,-1,E06000025,6,0,1,0,1,"[13, 5]","[3, 5]",7,0,0,0,1,0,1,0,0,0,2,22
2024522402960,2024,522402960,359739,167770,-2.58023,51.40752,3,3,3,14:50,-1,E06000023,6,0,1,0,1,19,5,1,0,0,0,1,0,0,0,0,1,4,16
2024522402962,2024,522402962,359304,172634,-2.58704,51.45122,3,3,1,13:46,-1,E06000023,4,0,9,0,1,"[7, 19]","[6, 4]",8,0,0,0,1,0,0,0,0,0,9,22
2024522402963,2024,522402963,361787,176704,-2.55175,51.48798,3,3,4,17:09,-1,E06000023,1,0,1,0,2,"[3, 19]",6,2,0,0,0,1,0,0,0,0,0,9,18
2024522402964,2024,522402964,362668,173723,-2.53875,51.46124,3,3,2,09:05,-1,E06000023,3,0,2,1,1,"[9, 13]",3,"[1, 7]",0,0,0,1,1,0,0,0,0,9,23
2024522402965,2024,522402965,354645,184244,-2.65558,51.55525,3,3,1,07:00,-1,E06000025,3,0,2,1,2,"[4, 3]",6,2,0,0,0,1,0,0,0,0,0,9,8
2024522402967,2024,522402967,347972,170958,-2.74986,51.43522,3,3,3,15:10,-1,E06000024,6,0,1,0,1,"[9, 19]","[3, 5]",1,0,0,0,1,1,0,0,0,0,9,17
2024522402970,2024,522402970,359918,174014,-2.57836,51.46367,3,3,2,12:51,-1,E06000023,6,0,1,0,1,"[19, 2]","[6, 0]","[2, 0]","[8, 0]",0,0,1,0,0,0,0,1,9,30
2024522402972,2024,522402972,358694,168652,-2.59535,51.41537,3,3,7,11:40,-1,E06000023,3,0,2,1,1,19,6,8,"[0, 10]","[0, 5]","[0, 1]",1,0,0,0,0,0,9,21
2024522402973,2024,522402973,359472,172103,-2.58456,51.44646,3,3,2,17:25,-1,E06000023,3,0,1,1,1,"[7, 19]","[8, 6]",2,0,0,0,1,1,0,0,0,0,9,23
2024522402976,2024,522402976,340744,170142,-2.85369,51.42717,3,3,3,18:00,-1,E06000024,6,0,1,0,1,"[7, 19]","[5, 3]",7,0,0,0,1,0,0,0,0,0,9,24
2024522402978,2024,522402978,360243,171347,-2.57338,51.43971,3,3,6,15:06,-1,E06000023,3,0,2,1,1,"[14, 9]",8,"[4, 6]",0,0,0,1,0,1,0,0,0,9,20
2024522402979,2024,522402979,332565,158475,-2.9691,51.32136,3,3,5,14:48,-1,E06000024,3,0,1,0,1,19,"[5, 9]","[1, 9]",0,"[1, 0]","[7, 0]",1,0,1,0,0,0,9,26
2024522402982,2024,522402982,358559,172904,-2.59779,51.45359,3,3,6,22:05,-1,E06000023,3,2,1,0,1,1,1,5,0,0,0,1,0,0,0,0,1,9,27
2024522402983,2024,522402983,372535,180181,-2.39723,51.51987,2,2,5,18:23,-1,E06000025,6,0,2,1,2,19,6,3,0,1,4,1,0,0,0,0,0,6,13
2024522402988,2024,522402988,360209,174754,-2.57426,51.47034,3,3,3,09:25,-1,E06000023,6,0,1,0,1,9,4,2,0,0,0,1,0,0,0,0,1,10,1
2024522402989,2024,522402989,333574,158809,-2.95468,51.32449,2,2,1,02:55,-1,E06000024,6,2,2,1,1,19,1,5,0,0,0,1,0,0,0,1,0,9,8
2024522402992,2024,522402992,361327,176320,-2.55833,51.4845,3,3,6,01:10,-1,E06000023,1,2,1,0,1,19,6,2,"[1, 11]",0,0,1,0,0,0,0,0,7,26
2024522402994,2024,522402994,334027,161540,-2.94869,51.34909,3,3,5,17:52,-1,E06000024,6,0,1,0,1,"[5, 19]","[8, 2]","[2, 6]",0,0,0,1,1,0,0,0,0,10,3
2024522402997,2024,522402997,363407,175932,-2.52834,51.48115,3,3,3,10:23,-1,E06000023,3,0,1,0,1,"[19, 2]","[3, 0]","[6, 0]","[1, 0, 8]",0,0,1,1,0,0,0,0,9,24
2024522402998,2024,522402998,342344,171337,-2.83087,51.43808,3,3,6,16:14,-1,E06000024,1,0,1,1,2,4,2,6,0,0,0,1,0,0,0,0,0,10,18
2024522403000,2024,522403000,361965,175092,-2.54901,51.4735,2,"[2, 3]",4,16:34,-1,E06000023,3,0,2,1,1,"[19, 9]","[2, 6]","[6, 5]",0,0,0,1,0,1,0,0,0,10,9
2024522403001,2024,522403001,366120,178592,-2.48953,51.50524,3,3,4,15:44,-1,E06000025,3,0,2,1,1,"[19, 3]",3,7,0,0,0,1,0,0,0,0,0,9,25
2024522403002,2024,522403002,359885,173252,-2.57875,51.45682,3,3,4,18:25,-1,E06000023,3,0,1,0,1,"[19, 4]",2,6,0,0,0,1,0,1,0,0,0,9,25
2024522403004,2024,522403004,360297,188698,-2.57457,51.59572,3,3,3,05:04,-1,E06000025,4,2,1,0,2,19,"[3, 7]","[7, 3]",0,0,0,1,0,0,0,0,0,9,24
2024522403008,2024,522403008,358748,168465,-2.59455,51.41369,3,3,7,15:11,-1,E06000023,6,0,1,0,1,"[8, 7]",5,7,0,0,0,1,0,0,0,0,0,10,19
2024522403010,2024,522403010,354519,169546,-2.6555,51.42309,2,"[3, 2]",7,01:30,-1,E06000024,3,2,2,1,2,19,2,6,1,0,0,0,0,1,0,0,0,10,19
2024522403011,2024,522403011,354801,183928,-2.65329,51.55242,3,3,5,06:56,-1,E06000025,6,0,1,0,2,"[9, 19]","[8, 4]","[6, 8]",0,"[1, 0]",0,1,0,0,0,0,0,10,24
2024522403012,2024,522403012,370191,176354,-2.43069,51.48535,3,3,6,16:00,-1,E06000025,6,0,1,0,2,"[9, 19]","[2, 7]","[7, 4]",0,0,0,1,0,0,0,0,0,10,25
2024522403014,2024,522403014,364381,174239,-2.51414,51.46599,2,2,5,13:49,-1,E06000023,4,0,1,0,1,19,1,5,0,0,0,1,0,0,0,0,1,9,26
2024522403015,2024,522403015,347443,167962,-2.75702,51.40823,3,3,5,18:10,-1,E06000024,6,2,1,1,2,"[19, 4]",3,"[8, 5]",0,1,10,1,0,0,0,0,0,9,26
2024522403019,2024,522403019,366374,177236,-2.48574,51.49306,3,3,7,22:15,-1,E06000025,6,2,1,0,1,"[19, 2]","[5, 0]","[1, 0]","[4, 0]",0,0,1,0,0,0,0,0,9,28
2024522403020,2024,522403020,357944,170527,-2.60636,51.43217,3,3,6,03:10,-1,E06000023,3,2,2,1,1,"[19, 9]","[2, 8]",7,0,0,0,1,1,0,0,0,0,9,27
2024522403022,2024,522403022,358576,170914,-2.59731,51.4357,3,3,6,18:30,-1,E06000023,4,0,1,0,1,"[19, 11]","[7, 3]","[3, 7]",0,0,0,1,1,0,0,0,0,9,27
2024522403023,2024,522403023,358691,177296,-2.59641,51.49309,3,3,6,19:22,-1,E06000023,6,2,9,-1,1,99,9,9,0,0,0,1,1,0,0,0,0,9,27
2024522403027,2024,522403027,360080,178972,-2.57659,51.50826,2,2,3,16:40,-1,E06000025,4,0,1,0,1,19,4,8,0,0,0,0,0,1,0,0,1,10,29
2024522403028,2024,522403028,364693,175934,-2.50982,51.48125,3,3,7,12:00,-1,E06000025,4,0,1,0,1,"[12, 13]",3,"[1, 7]",0,"[0, 7]",0,1,1,0,0,0,0,8,3
2024522403029,2024,522403029,358280,173755,-2.60191,51.46122,3,3,2,14:36,-1,E06000023,6,0,1,1,1,1,2,6,0,0,0,0,0,0,1,0,1,9,30
2024522403030,2024,522403030,359942,173344,-2.57794,51.45765,3,3,4,16:45,-1,E06000023,6,0,2,1,1,"[9, 19]","[8, 7]","[7, 3]",0,0,0,1,1,0,0,0,0,9,25
2024522403035,2024,522403035,345197,176431,-2.79062,51.48416,3,3,1,11:40,-1,E06000024,6,0,1,0,1,19,"[6, 2]","[2, 6]",0,0,0,1,0,0,0,0,0,10,6
2024522403038,2024,522403038,358867,174745,-2.59358,51.47017,3,3,5,08:30,-1,E06000023,3,0,1,0,1,"[19, 7]",1,"[5, 4]",0,0,0,1,1,0,0,0,0,9,12
2024522403040,2024,522403040,360834,176926,-2.5655,51.48992,3,3,6,14:00,-1,E06000023,6,0,1,0,1,"[19, 9]",6,"[2, 5]",0,0,0,1,0,1,0,0,0,9,27
2024522403042,2024,522403042,359064,173782,-2.59063,51.46152,3,3,2,00:05,-1,E06000023,3,2,1,0,1,"[19, 6]",1,"[5, 1]",0,0,0,1,0,1,0,0,0,9,30