collision_index,collision_year,collision_ref_no,location_easting_osgr,location_northing_osgr,longitude,latitude,casualty_severity,casualty_severity,day_of_week,time,local_authority_district,local_authority_ons_district,first_road_class,light_conditions,weather_conditions,road_surface_conditions,urban_or_rural_area,vehicle_manoeuvre,vehicle_direction_from,vehicle_direction_to,hit_object_in_carriageway,vehicle_leaving_carriageway,hit_object_off_carriageway,is_car,is_cyle,is_mcyle,is_goodsv,is_other,is_pedestrian,month,day
2024522403045,2024,522403045,356517,176237,-2.62759,51.4834,2,2,5,09:05,-1,E06000023,4,0,1,0,1,19,"[4, 2]","[8, 6]",0,0,0,1,1,0,0,0,0,6,20
2024522403061,2024,522403061,365472,171954,-2.49821,51.44551,3,3,2,14:26,-1,E06000025,6,0,1,0,1,9,3,1,0,0,0,1,0,0,0,0,1,9,16
2024522403062,2024,522403062,359444,172524,-2.58501,51.45024,3,3,6,15:33,-1,E06000023,3,0,1,0,1,"[9, 19]","[3, 5]",1,0,0,0,1,0,0,0,0,1,9,20
2024522403063,2024,522403063,361905,179341,-2.55034,51.5117,3,3,7,15:54,-1,E06000025,6,0,1,0,1,4,2,6,0,0,0,1,0,0,0,0,1,10,19
2024522403065,2024,522403065,360428,173978,-2.57102,51.46338,3,3,7,18:50,-1,E06000023,3,0,9,0,1,"[3, 19, 9]","[1, 5]","[5, 2]",0,0,0,1,0,0,0,1,0,9,21
2024522403067,2024,522403067,361598,168452,-2.55357,51.41378,3,3,4,16:03,-1,E06000023,6,0,1,0,1,19,1,5,7,0,0,1,0,0,0,0,0,8,14
2024522403071,2024,522403071,335178,162879,-2.93241,51.36126,3,3,5,08:35,-1,E06000024,6,0,1,0,1,19,7,3,0,0,0,1,0,0,0,0,1,10,3
2024522403074,2024,522403074,358487,180670,-2.59974,51.52341,3,3,3,12:15,-1,E06000025,6,0,2,1,2,"[19, 3]",8,4,0,0,0,1,0,0,0,0,0,10,8
2024522403075,2024,522403075,360761,169759,-2.56575,51.42547,2,2,2,07:47,-1,E06000023,6,0,1,0,1,"[7, 19]","[1, 6]",2,0,0,0,1,0,1,0,0,0,10,7
2024522403077,2024,522403077,363563,169841,-2.52546,51.4264,3,3,3,07:20,-1,E06000023,3,0,1,1,2,"[9, 19]","[8, 4]","[5, 8]",0,0,0,1,0,0,0,0,0,10,8
2024522403078,2024,522403078,358860,173312,-2.59351,51.45728,3,3,3,07:50,-1,E06000023,3,0,2,1,1,"[13, 19]",2,6,0,0,0,0,0,0,1,0,0,10,8
2024522403081,2024,522403081,352531,177675,-2.68518,51.49601,3,3,5,17:48,-1,E06000023,1,0,1,0,1,"[19, 3]",6,2,0,0,0,1,0,0,0,0,0,8,29
2024522403086,2024,522403086,365175,176868,-2.50297,51.48968,3,3,3,12:05,-1,E06000025,3,0,1,0,1,"[3, 19]",1,5,0,0,0,1,0,0,0,0,0,10,1
2024522403089,2024,522403089,356201,178831,-2.63246,51.5067,3,3,5,18:12,-1,E06000023,4,2,1,0,1,19,"[6, 1]","[2, 6]",0,0,0,1,0,0,0,0,0,10,10
2024522403091,2024,522403091,356741,171645,-2.6238,51.44214,3,3,6,12:18,-1,E06000023,3,0,1,0,2,"[3, 19]",6,2,0,0,0,1,0,0,0,0,0,10,4
2024522403094,2024,522403094,359129,174037,-2.58972,51.46382,3,3,3,13:53,-1,E06000023,3,0,1,0,1,"[15, 19]",1,5,0,0,0,1,0,0,0,0,0,8,20
2024522403097,2024,522403097,359431,175115,-2.5855,51.47353,3,3,5,07:50,-1,E06000023,6,0,1,0,1,"[3, 1]","[8, 4]","[4, 8]",0,0,0,1,0,1,0,0,0,10,3
2024522403099,2024,522403099,353139,174645,-2.67602,51.46882,3,3,7,11:53,-1,E06000024,3,0,1,0,2,"[19, 9]","[7, 1]","[4, 7]",0,0,0,1,0,0,0,0,0,10,5
2024522403101,2024,522403101,351908,178468,-2.69426,51.50309,3,3,6,14:10,-1,E06000023,3,0,9,0,1,"[4, 19, 12]",7,3,0,0,0,1,0,0,1,0,0,2,9
2024522403102,2024,522403102,363216,169962,-2.53047,51.42746,3,3,3,18:24,-1,E06000023,3,2,1,0,2,"[19, 11]",4,8,0,0,0,1,0,1,0,0,0,10,22
2024522403103,2024,522403103,359651,173650,-2.58216,51.46038,3,3,1,00:01,-1,E06000023,3,2,1,0,1,"[3, 19]",2,6,0,0,0,1,0,0,0,0,0,10,20
2024522403104,2024,522403104,358623,172891,-2.59687,51.45348,3,3,3,22:49,-1,E06000023,4,2,1,0,1,19,7,3,0,0,0,1,0,0,0,0,1,10,1
2024522403107,2024,522403107,360260,177542,-2.57384,51.49541,3,3,3,22:16,-1,E06000023,6,2,1,0,1,"[9, 19]","[1, 5]","[8, 1]",0,0,0,1,0,1,0,0,0,11,12
2024522403108,2024,522403108,343595,165236,-2.81191,51.38335,3,3,1,14:00,-1,E06000024,4,0,2,1,1,"[19, 3]",5,8,0,0,0,1,0,0,0,0,0,2,25
2024522403109,2024,522403109,361329,178855,-2.55858,51.50729,3,3,2,14:45,-1,E06000025,3,0,1,0,1,19,"[7, 1]","[3, 5]",0,0,0,1,1,0,0,0,0,11,4
2024522403110,2024,522403110,358899,178757,-2.59358,51.50624,3,3,1,16:38,-1,E06000023,6,2,1,0,1,19,"[6, 4]","[4, 6]",0,0,0,1,0,0,0,0,0,11,10
2024522403111,2024,522403111,351590,169336,-2.69759,51.42096,1,"[1, 3]",4,01:59,-1,E06000024,3,2,2,1,2,19,3,6,"[7, 0]","[1, 0]","[4, 0]",1,0,0,0,0,0,11,6
2024522403112,2024,522403112,373208,172679,-2.38696,51.45245,3,3,7,11:44,-1,E06000025,3,0,1,0,2,"[19, 9]","[7, 3, 5]","[3, 7]",0,0,0,1,0,0,0,0,0,5,11
2024522403113,2024,522403113,358533,173324,-2.59822,51.45737,2,2,7,01:21,-1,E06000023,6,2,2,1,1,19,4,1,0,0,0,1,0,0,0,0,1,10,12
2024522403114,2024,522403114,359889,171873,-2.57854,51.44442,3,3,7,22:24,-1,E06000023,3,2,1,0,1,"[19, 6]",4,"[1, 4]",0,0,0,1,0,1,0,0,0,6,15
2024522403117,2024,522403117,345196,162141,-2.78842,51.35569,3,3,2,06:58,-1,E06000024,4,0,1,1,2,"[19, 13]","[7, 4]","[4, 7]",0,"[0, 7]","[0, 10]",1,0,0,1,0,0,10,7
2024522403118,2024,522403118,347563,163600,-2.75465,51.36903,3,3,5,14:39,-1,E06000024,6,0,1,1,2,19,1,5,0,1,10,1,0,0,0,0,1,10,10
2024522403120,2024,522403120,335196,161004,-2.93181,51.34441,3,3,7,08:31,-1,E06000024,3,0,1,1,2,19,3,7,0,0,0,1,0,0,0,0,0,10,12
2024522403121,2024,522403121,359468,172682,-2.58469,51.45166,3,3,2,06:25,-1,E06000023,3,2,2,1,1,"[19, 3]",5,1,0,0,0,1,0,0,0,0,0,10,14
2024522403125,2024,522403125,361113,170138,-2.56073,51.4289,3,3,3,10:12,-1,E06000023,3,0,1,1,1,"[12, 13]",6,2,0,0,0,1,0,0,0,0,0,10,15
2024522403126,2024,522403126,347972,175482,-2.75052,51.47589,3,3,5,14:30,-1,E06000024,3,0,1,0,2,4,3,7,0,0,0,1,0,1,0,0,0,10,17
2024522403128,2024,522403128,359478,172362,-2.58451,51.44878,3,3,1,19:50,-1,E06000023,3,2,1,1,1,7,4,7,0,0,0,1,0,0,0,0,1,9,22
2024522403132,2024,522403132,356974,179028,-2.62135,51.50853,2,2,7,09:00,-1,E06000023,6,0,2,1,1,19,2,6,0,0,0,1,0,0,0,0,1,10,19
2024522403133,2024,522403133,353388,177563,-2.67282,51.49508,2,2,3,04:50,-1,E06000023,6,2,1,1,1,19,2,7,10,1,11,1,0,0,0,0,0,10,22
2024522403137,2024,522403137,361393,171207,-2.55682,51.43853,3,3,6,22:08,-1,E06000023,6,2,2,1,1,19,5,1,0,0,0,1,0,0,0,0,1,10,25
2024522403138,2024,522403138,368783,184708,-2.45171,51.56038,2,"[2, 3]",6,06:49,-1,E06000025,4,2,1,1,2,"[2, 14, 19]","[0, 2, 6]","[0, 6, 2]","[0, 4]",0,0,1,0,0,1,0,0,10,25
2024522403143,2024,522403143,366607,178127,-2.48247,51.50109,3,3,5,12:30,-1,E06000025,3,0,1,0,1,"[11, 2]","[8, 0]","[4, 0]",0,0,0,1,0,0,1,0,0,10,24
2024522403144,2024,522403144,347094,170108,-2.76236,51.4275,3,3,7,18:32,-1,E06000024,6,2,1,0,1,"[19, 9]","[3, 7]","[7, 5]","[0, 4]",0,0,1,0,0,0,0,0,10,26
2024522403146,2024,522403146,336632,162628,-2.91148,51.35917,3,3,2,15:00,-1,E06000024,4,0,2,1,1,19,"[7, 4]","[3, 8]",0,0,0,1,0,1,0,0,0,10,28
2024522403148,2024,522403148,358827,167351,-2.59329,51.40368,3,3,6,20:47,-1,E06000023,6,2,1,1,2,"[13, 19]",7,2,0,0,0,1,0,1,0,0,0,11,8
2024522403149,2024,522403149,360915,175644,-2.56419,51.47839,3,3,5,08:32,-1,E06000023,6,0,1,0,1,"[2, 1]","[0, 5]","[0, 1]",0,0,0,1,0,0,1,0,0,6,6
2024522403152,2024,522403152,361951,173529,-2.54905,51.45945,3,3,1,12:52,-1,E06000023,3,0,1,0,1,"[9, 19]","[5, 3]","[3, 7]",0,0,0,1,1,0,0,0,0,10,13
2024522403153,2024,522403153,358555,172883,-2.59785,51.4534,3,3,7,14:10,-1,E06000023,3,0,1,0,1,5,5,1,0,0,0,0,0,0,1,0,0,10,26
2024522403154,2024,522403154,364484,191313,-2.51439,51.61951,3,3,1,15:59,-1,E06000025,4,0,1,0,2,19,1,5,0,0,0,1,0,0,0,0,1,10,27
2024522403156,2024,522403156,363803,179175,-2.52297,51.51034,2,2,7,13:53,-1,E06000025,1,0,1,0,2,"[4, 19]",2,6,0,0,0,1,0,1,0,0,0,10,26
2024522403157,2024,522403157,355595,176551,-2.64091,51.48616,3,3,5,11:00,-1,E06000023,4,0,1,0,1,19,"[2, 4]","[6, 8]",0,0,0,1,0,0,0,0,0,10,3
2024522403158,2024,522403158,360086,174287,-2.57597,51.46614,3,3,2,13:18,-1,E06000023,3,0,9,-1,1,"[19, 3]",4,2,0,0,0,1,0,0,1,0,0,10,7
2024522403159,2024,522403159,334596,161916,-2.94059,51.35254,3,3,2,07:00,-1,E06000024,4,0,1,0,1,"[19, 9]","[6, 2]","[2, 8]",0,0,0,1,0,0,0,0,0,10,28
2024522403161,2024,522403161,367884,178248,-2.46408,51.50225,3,3,5,14:35,-1,E06000025,1,0,1,0,2,"[19, 4]",3,7,0,0,0,1,0,0,0,0,0,10,31
2024522403162,2024,522403162,360418,173962,-2.57116,51.46324,3,3,5,19:00,-1,E06000023,3,2,1,0,1,19,4,8,0,0,0,1,0,0,0,0,1,10,31
2024522403165,2024,522403165,358875,174790,-2.59347,51.47057,3,3,6,16:40,-1,E06000023,3,0,1,0,1,"[13, 11]",2,6,0,0,0,1,0,0,0,0,0,6,28
2024522403169,2024,522403169,359511,173575,-2.58417,51.45969,3,3,7,18:52,-1,E06000023,3,0,1,0,1,"[19, 5]","[6, 5]","[2, 1]",0,0,0,1,1,0,0,0,0,8,10
2024522403170,2024,522403170,358788,171494,-2.59433,51.44093,3,3,4,13:00,-1,E06000023,6,0,1,0,1,19,"[5, 2]","[2, 5]",0,0,0,1,1,0,0,0,0,10,30
2024522403171,2024,522403171,358121,173151,-2.60413,51.45578,3,3,7,02:00,-1,E06000023,4,2,1,0,1,"[3, 19]",4,8,0,0,0,1,0,1,0,0,0,6,15
2024522403173,2024,522403173,357458,174611,-2.61384,51.46886,3,3,5,07:37,-1,E06000023,3,0,1,0,1,"[9, 15]","[5, 1]","[2, 5]",0,0,0,1,1,0,0,0,0,8,29
2024522403174,2024,522403174,359752,181708,-2.58163,51.53283,3,3,1,14:15,-1,E06000025,6,0,1,0,1,19,"[2, 8]","[6, 4]",0,0,0,1,0,1,0,0,0,9,29
2024522403176,2024,522403176,368154,173870,-2.4598,51.4629,3,3,4,17:12,-1,E06000025,6,0,1,0,2,"[19, 9]","[1, 8]",5,0,0,0,1,0,0,0,0,0,10,30
2024522403177,2024,522403177,356655,168253,-2.62462,51.41163,3,3,3,14:34,-1,E06000023,3,0,1,0,1,19,"[8, 3]","[3, 8]",0,"[7, 0]","[10, 0]",1,0,1,0,0,0,10,15
2024522403178,2024,522403178,361712,175083,-2.55266,51.47341,3,3,6,13:36,-1,E06000023,3,0,1,0,1,"[9, 19]","[8, 4]","[6, 8]",0,0,0,1,0,1,0,0,0,11,1
2024522403182,2024,522403182,365660,171746,-2.49549,51.44366,3,3,7,09:30,-1,E06000025,3,0,1,0,1,"[9, 19]","[3, 1]","[1, 5]",0,0,0,1,0,0,0,0,0,7,13
2024522403184,2024,522403184,361199,172665,-2.55977,51.45163,3,3,4,08:58,-1,E06000023,6,0,1,0,1,"[19, 5]","[7, 1]","[3, 5]",0,0,0,1,0,0,0,0,0,11,13
2024522403185,2024,522403185,362149,172910,-2.54613,51.4539,3,3,7,10:44,-1,E06000023,6,0,1,0,1,11,4,6,0,"[1, 0]",0,1,1,0,0,0,0,9,28
2024522403186,2024,522403186,363998,176166,-2.51985,51.48329,2,2,3,20:55,-1,E06000023,3,2,1,0,1,19,"[2, 5]","[6, 1]",0,0,0,1,0,1,0,0,0,8,27
2024522403191,2024,522403191,357105,174641,-2.61893,51.4691,3,3,7,19:05,-1,E06000023,3,2,9,-1,1,19,9,9,0,0,0,1,0,0,0,0,1,11,2
2024522403193,2024,522403193,359066,174297,-2.59066,51.46615,3,3,2,15:58,-1,E06000023,3,0,1,0,1,"[9, 19]","[5, 1]","[2, 5]",0,0,0,1,0,1,0,0,0,11,4
2024522403194,2024,522403194,356971,181797,-2.62173,51.53343,3,3,5,00:30,-1,E06000025,6,2,1,0,2,19,8,4,0,7,10,1,0,0,0,0,0,8,22
2024522403195,2024,522403195,359965,170831,-2.57732,51.43505,3,3,2,16:55,-1,E06000023,4,0,1,0,1,"[13, 19]",2,6,0,0,0,1,1,0,0,0,0,8,5
2024522403198,2024,522403198,358206,173020,-2.60289,51.45461,2,2,7,01:15,-1,E06000023,3,2,1,0,1,19,8,4,0,0,0,1,1,0,0,0,0,11,16
2024522403199,2024,522403199,355509,178569,-2.6424,51.50429,2,2,1,13:50,-1,E06000023,4,0,1,0,1,9,2,8,10,1,5,1,0,0,0,0,1,11,17
2024522403202,2024,522403202,365922,175188,-2.49205,51.47462,3,3,2,17:26,-1,E06000025,3,2,1,1,1,"[9, 19]","[2, 8]","[8, 4]",0,0,0,1,1,0,0,0,0,11,4
2024522403203,2024,522403203,356360,172639,-2.62941,51.45104,3,3,2,17:24,-1,E06000024,3,2,1,0,2,5,4,8,0,0,0,1,0,1,0,0,0,11,4
2024522403205,2024,522403205,348280,159834,-2.7438,51.33523,3,3,4,00:55,-1,E06000024,6,2,1,1,2,19,1,5,0,7,4,1,0,0,0,0,0,11,6
2024522403206,2024,522403206,364478,191297,-2.51447,51.61937,3,3,5,17:15,-1,E06000025,4,2,1,0,1,"[19, 9]","[1, 5]","[5, 3]",0,0,0,1,0,0,0,0,0,11,7
2024522403207,2024,522403207,357526,173372,-2.61271,51.45772,3,3,7,18:48,-1,E06000023,4,2,1,0,1,19,"[8, 6]","[4, 2]",0,0,0,1,0,1,0,0,0,11,9
2024522403208,2024,522403208,366267,176403,-2.4872,51.48556,3,3,7,17:31,-1,E06000025,6,2,1,0,1,"[2, 19, 7]","[0, 4, 1, 8]","[0, 8, 4]",0,0,0,1,0,0,0,0,0,11,9
2024522403210,2024,522403210,335026,162318,-2.93449,51.3562,3,3,6,19:18,-1,E06000024,4,2,1,0,1,19,"[2, 6]","[5, 4]",0,0,0,1,0,1,0,0,0,11,8
2024522403211,2024,522403211,335845,162734,-2.9228,51.36004,3,3,1,17:51,-1,E06000024,6,2,2,1,1,19,"[4, 8]","[8, 4]",0,0,0,1,1,0,0,0,0,11,10
2024522403213,2024,522403213,332593,160561,-2.96909,51.34012,3,3,2,21:44,-1,E06000024,3,2,1,0,1,"[19, 9]","[1, 7]",5,0,0,0,1,0,1,0,0,0,11,11
2024522403216,2024,522403216,372303,192280,-2.40153,51.62865,3,3,3,08:18,-1,E06000025,4,0,1,0,2,"[9, 19]","[5, 7]",3,0,0,0,1,0,0,0,0,0,11,12
2024522403219,2024,522403219,358870,173309,-2.59336,51.45726,3,3,7,20:33,-1,E06000023,6,2,1,0,1,19,5,1,0,0,0,1,0,0,0,0,1,11,16
2024522403220,2024,522403220,359054,172687,-2.59064,51.45168,3,3,6,19:11,-1,E06000023,6,2,1,0,1,"[9, 19]","[7, 1]",5,0,0,0,1,0,1,0,0,0,11,15
2024522403223,2024,522403223,360805,177444,-2.56598,51.49457,3,3,5,10:07,-1,E06000023,6,0,1,0,1,19,"[5, 4]","[1, 7]",0,0,0,1,1,0,0,0,0,10,3
2024522403224,2024,522403224,371399,173398,-2.41305,51.45883,3,3,1,17:50,-1,E06000025,6,2,1,0,2,19,6,2,0,1,10,1,0,0,0,0,0,11,10
2024522403230,2024,522403230,336316,163801,-2.91623,51.36968,2,2,6,22:00,-1,E06000024,6,2,1,0,1,19,3,7,0,0,0,1,0,0,0,0,1,9,27
2024522403231,2024,522403231,359485,172722,-2.58445,51.45202,3,3,5,23:30,-1,E06000023,3,2,1,0,1,19,9,9,0,0,0,0,0,0,0,0,1,10,3
2024522403234,2024,522403234,357292,175317,-2.61632,51.47519,3,3,5,08:45,-1,E06000023,3,0,1,0,2,"[19, 7]","[1, 3]",5,0,0,0,1,1,0,0,0,0,10,31
2024522403239,2024,522403239,363567,174448,-2.52588,51.46782,3,3,3,15:05,-1,E06000023,6,0,2,1,1,19,5,1,0,0,0,0,1,0,0,0,1,10,15
2024522403241,2024,522403241,359850,173119,-2.57924,51.45562,3,3,5,05:45,-1,E06000023,6,2,2,1,1,99,9,9,0,0,0,1,0,0,0,0,1,11,7
2024522403242,2024,522403242,363329,175776,-2.52945,51.47974,3,3,5,07:55,-1,E06000023,6,0,1,0,1,"[9, 19]","[5, 1]","[3, 5]",0,0,0,1,1,0,0,0,0,10,17
2024522403243,2024,522403243,360157,173615,-2.57488,51.4601,3,3,5,17:15,-1,E06000023,3,0,1,0,1,"[1, 3]","[6, 2]","[2, 6]",0,0,0,1,0,1,0,0,0,10,17
2024522403244,2024,522403244,361522,178737,-2.55579,51.50625,3,3,2,19:34,-1,E06000025,6,2,2,1,1,"[19, 3]",6,2,0,0,0,1,0,0,0,0,0,10,14
2024522403246,2024,522403246,359427,176507,-2.58572,51.48605,2,2,7,12:10,-1,E06000023,3,0,1,0,1,5,1,5,0,0,0,1,0,0,0,0,1,10,19
2024522403248,2024,522403248,337760,160920,-2.89498,51.34394,3,3,2,15:15,-1,E06000024,1,0,2,1,2,4,5,1,0,0,0,1,0,0,0,0,0,10,28
2024522403249,2024,522403249,361168,175586,-2.56054,51.47789,3,3,5,20:10,-1,E06000023,4,2,1,1,1,"[9, 13, 3]","[7, 5]","[5, 1]",0,0,0,1,0,1,0,0,0,11,7
2024522403250,2024,522403250,359883,170765,-2.5785,51.43445,3,3,3,15:50,-1,E06000023,4,0,1,0,1,"[1, 19]","[4, 2]","[8, 6]",0,0,0,1,1,0,0,0,0,10,1
2024522403251,2024,522403251,358965,173100,-2.59197,51.45538,3,3,7,15:05,-1,E06000023,6,0,1,0,1,7,6,1,0,0,0,1,0,0,0,0,1,10,12
2024522403255,2024,522403255,359493,176818,-2.5848,51.48885,2,2,3,06:47,-1,E06000023,3,2,1,0,1,"[9, 13]","[6, 5]","[5, 1]",0,0,0,1,0,1,0,0,0,11,12
2024522403257,2024,522403257,356312,179023,-2.63089,51.50844,3,3,3,22:25,-1,E06000023,4,2,9,0,1,"[19, 9]","[1, 7]",5,0,"[0, 1]","[0, 2]",1,0,0,0,0,0,11,12
2024522403258,2024,522403258,362813,181172,-2.53745,51.52823,2,2,7,12:04,-1,E06000025,6,0,1,0,1,19,6,2,10,0,0,0,0,1,0,0,0,7,27
2024522403261,2024,522403261,365665,178532,-2.49608,51.50467,3,3,1,11:23,-1,E06000025,3,0,1,0,2,4,3,7,0,0,0,1,0,0,0,0,0,11,17
2024522403265,2024,522403265,361832,170399,-2.55042,51.4313,2,2,2,12:53,-1,E06000023,3,0,2,1,1,"[10, 19]",2,"[8, 6]",0,0,0,1,0,0,0,0,0,11,18
2024522403267,2024,522403267,341639,171483,-2.84104,51.43932,3,3,2,00:01,-1,E06000024,4,2,1,0,1,"[9, 19]","[1, 7]","[7, 3]",0,0,0,1,0,0,0,0,0,10,21
2024522403272,2024,522403272,360366,173858,-2.5719,51.4623,3,3,6,14:15,-1,E06000023,3,0,9,0,1,"[5, 19]","[8, 2]","[4, 6]",0,0,0,1,0,1,0,0,0,10,25
2024522403273,2024,522403273,360191,174198,-2.57445,51.46534,3,3,5,11:30,-1,E06000023,3,0,1,0,1,"[3, 19]",4,8,0,0,0,1,0,0,0,0,0,11,14
2024522403275,2024,522403275,359887,178227,-2.57929,51.50155,3,3,2,07:15,-1,E06000025,3,2,1,0,1,"[7, 19]","[3, 1]",5,0,0,0,0,0,1,0,1,0,11,18
2024522403276,2024,522403276,359096,175461,-2.59036,51.47662,3,3,2,18:30,-1,E06000023,3,2,2,1,1,"[9, 19]","[8, 1]",5,0,0,0,1,1,0,0,0,0,10,14
2024522403278,2024,522403278,363109,175295,-2.53256,51.4754,3,3,4,09:17,-1,E06000023,4,0,1,1,1,"[12, 19]",4,8,0,0,0,1,1,0,0,0,0,10,16
2024522403281,2024,522403281,365184,176848,-2.50284,51.4895,3,3,3,16:44,-1,E06000025,6,0,1,1,1,19,7,3,0,0,0,1,0,0,0,0,1,11,19
2024522403284,2024,522403284,353035,176921,-2.67782,51.48928,3,3,7,10:00,-1,E06000023,6,0,1,0,1,11,4,8,0,1,0,1,0,0,0,0,1,10,26
2024522403285,2024,522403285,362299,177062,-2.54442,51.49124,3,3,1,13:30,-1,E06000023,1,0,1,0,2,"[3, 19]",2,6,0,0,0,1,0,0,0,0,0,8,25
2024522403288,2024,522403288,358383,169018,-2.59987,51.41864,3,3,4,15:35,-1,E06000023,6,0,1,0,1,19,2,6,0,0,0,1,0,0,0,0,1,10,23
2024522403293,2024,522403293,337359,162370,-2.901,51.35693,3,3,5,06:40,-1,E06000024,3,2,1,2,2,19,"[3, 5]",1,0,0,0,1,1,0,0,0,0,11,28
2024522403298,2024,522403298,345069,174812,-2.79221,51.46959,3,3,3,08:26,-1,E06000024,6,0,1,1,2,19,"[4, 2]","[2, 4]",0,0,0,1,0,0,0,0,0,11,19
2024522403300,2024,522403300,369126,169015,-2.44538,51.4193,3,3,5,15:45,-1,E06000025,3,0,1,1,2,"[2, 19]","[0, 4]","[0, 8]","[0, 4]","[1, 0]","[11, 0]",1,0,0,0,0,0,11,14
2024522403302,2024,522403302,356328,169384,-2.62946,51.42177,3,3,5,14:05,-1,E06000023,3,0,1,0,1,9,"[1, 6]","[6, 5]",0,0,0,1,0,0,0,0,0,11,21
2024522403303,2024,522403303,364302,172310,-2.51509,51.44864,3,3,6,17:45,-1,E06000025,3,2,1,0,1,"[7, 19]","[8, 7]",4,0,0,0,1,0,0,0,0,0,11,22
2024522403304,2024,522403304,359019,173839,-2.59128,51.46203,3,3,3,00:38,-1,E06000023,4,2,2,1,1,19,6,2,0,0,0,1,0,1,0,0,0,11,19
2024522403305,2024,522403305,362742,174281,-2.53774,51.46626,3,3,4,09:30,-1,E06000023,6,0,9,1,1,19,7,3,0,1,10,1,0,0,0,0,0,11,20
2024522403306,2024,522403306,359508,173576,-2.58421,51.4597,3,3,7,18:15,-1,E06000023,3,2,2,1,1,"[19, 5]","[6, 5]","[2, 1]",0,0,0,1,1,0,0,0,0,11,23
2024522403307,2024,522403307,361339,178839,-2.55844,51.50715,3,3,4,16:23,-1,E06000025,3,0,1,1,1,4,3,7,0,0,0,1,0,0,0,0,0,11,20
2024522403308,2024,522403308,353273,167093,-2.67309,51.40093,3,3,2,17:09,-1,E06000024,3,2,2,1,2,"[9, 19]","[4, 2]","[2, 6]",0,0,0,1,0,0,0,0,0,11,25
2024522403309,2024,522403309,359190,168980,-2.58826,51.41836,2,2,3,13:56,-1,E06000023,3,0,1,0,1,"[5, 7]",6,"[2, 8]",0,0,0,1,0,0,0,1,0,11,26
2024522403311,2024,522403311,331819,161685,-2.98042,51.35013,3,3,6,11:13,-1,E06000024,6,0,1,0,1,19,"[5, 7]",1,"[4, 0]",0,0,1,0,0,0,0,0,11,22
2024522403318,2024,522403318,360924,169796,-2.56341,51.42582,3,3,6,06:49,-1,E06000023,3,2,1,2,1,"[19, 3]",5,1,0,0,0,1,0,1,0,0,0,11,22
2024522403320,2024,522403320,360515,173455,-2.56971,51.45869,3,3,2,12:14,-1,E06000023,3,0,1,0,1,"[7, 12]",8,"[3, 6]",0,0,0,1,0,1,0,0,0,10,28
2024522403321,2024,522403321,360438,180957,-2.57166,51.52613,3,3,7,15:01,-1,E06000025,3,0,1,0,2,"[4, 19]",1,5,0,0,0,1,0,0,0,0,0,11,16
2024522403324,2024,522403324,337793,160464,-2.89443,51.33984,3,3,6,14:50,-1,E06000024,1,0,1,0,2,19,5,1,0,0,0,1,0,0,0,0,0,10,25
2024522403325,2024,522403325,352319,178421,-2.68834,51.5027,3,3,4,15:00,-1,E06000023,6,0,8,2,1,"[19, 12]",3,"[7, 1]",0,0,0,1,1,0,0,0,0,11,20
2024522403326,2024,522403326,357384,173129,-2.61473,51.45553,3,3,3,13:55,-1,E06000023,4,0,1,0,1,19,2,7,0,0,0,1,0,0,0,0,1,9,3
2024522403330,2024,522403330,358251,177027,-2.60271,51.49064,3,3,6,08:45,-1,E06000023,6,0,1,0,1,14,7,3,0,0,0,0,1,0,0,0,0,10,18
2024522403334,2024,522403334,359299,173238,-2.58718,51.45665,3,3,7,18:54,-1,E06000023,6,0,1,0,1,19,"[6, 2]","[2, 6]",0,0,0,1,0,1,0,0,0,4,6
2024522403335,2024,522403335,331673,160096,-2.98221,51.33583,2,2,4,08:07,-1,E06000024,3,0,1,0,1,"[19, 7]","[5, 3]","[1, 5]",0,0,0,1,1,0,0,0,0,10,30
2024522403340,2024,522403340,360223,176856,-2.57429,51.48924,3,3,6,07:28,-1,E06000023,6,0,1,0,1,"[2, 19]","[0, 8]","[0, 4]","[0, 8]",0,0,1,0,0,0,1,1,10,18
2024522403341,2024,522403341,357973,171244,-2.60603,51.43862,3,3,7,22:50,-1,E06000023,6,2,1,0,1,"[19, 9]","[4, 8]","[8, 6]",0,0,0,1,1,0,0,0,0,10,19
2024522403344,2024,522403344,359077,175009,-2.59058,51.47256,3,3,2,11:00,-1,E06000023,6,0,1,0,1,19,1,5,0,0,0,1,1,0,0,0,0,10,28
2024522403346,2024,522403346,360573,183261,-2.56997,51.54686,3,3,6,17:10,-1,E06000025,1,2,1,1,1,"[3, 19]",6,2,0,0,0,1,0,0,0,0,0,1,19
2024522403348,2024,522403348,361699,172952,-2.55261,51.45424,3,3,2,15:42,-1,E06000023,6,0,2,1,1,"[19, 4]",2,6,0,0,0,1,0,0,0,0,0,11,18
2024522403350,2024,522403350,369118,182254,-2.44666,51.53834,3,3,2,15:48,-1,E06000025,3,0,1,0,1,19,"[7, 3]","[3, 7]",0,"[0, 7]","[0, 10]",1,0,0,0,0,0,11,11
2024522403352,2024,522403352,359026,172170,-2.59099,51.44703,3,3,6,15:41,-1,E06000023,3,0,1,0,1,"[7, 5]",5,"[7, 1]",0,0,0,1,1,0,0,0,0,11,22