collision_index,collision_year,collision_ref_no,location_easting_osgr,location_northing_osgr,longitude,latitude,casualty_severity,casualty_severity,day_of_week,time,local_authority_district,local_authority_ons_district,first_road_class,light_conditions,weather_conditions,road_surface_conditions,urban_or_rural_area,vehicle_manoeuvre,vehicle_direction_from,vehicle_direction_to,hit_object_in_carriageway,vehicle_leaving_carriageway,hit_object_off_carriageway,is_car,is_cyle,is_mcyle,is_goodsv,is_other,is_pedestrian,month,day
2024531398168,2024,531398168,380400,201814,-2.2851,51.71471,2,"[3, 2]",1,05:37,-1,E07000082,4,2,1,1,2,19,3,7,0,8,4,1,0,0,0,0,0,1,14
2024531398199,2024,531398199,383821,217033,-2.23629,51.85165,3,3,7,18:25,-1,E07000081,6,2,1,0,1,"[2, 19]","[0, 8]","[0, 4]",0,0,0,1,0,0,0,0,1,1,13
2024531398240,2024,531398240,403009,227172,-1.95763,51.94304,3,3,1,14:55,-1,E07000083,6,0,1,1,2,19,5,1,0,7,0,0,0,0,1,0,0,1,14
2024531398272,2024,531398272,392201,218551,-2.11467,51.86548,3,3,7,13:20,-1,E07000083,3,0,1,0,2,"[19, 14]",5,1,0,"[1, 0]",0,1,1,0,0,0,0,1,13
2024531398389,2024,531398389,381653,213624,-2.26759,51.82094,3,3,2,09:00,-1,E07000081,6,0,1,0,2,5,7,3,0,0,0,1,0,0,0,0,1,1,15
2024531398473,2024,531398473,396061,233354,-2.05878,51.99861,2,2,7,15:02,-1,E07000083,3,0,1,0,2,19,1,5,0,0,0,1,1,0,0,0,0,1,13
2024531399163,2024,531399163,390846,225367,-2.13453,51.92674,3,3,2,17:30,-1,E07000083,6,2,1,0,2,"[9, 19]","[5, 8]","[1, 4]",0,"[0, 1]",0,1,0,1,0,0,0,1,15
2024531399176,2024,531399176,406957,201666,-1.9007,51.71368,3,3,3,18:50,-1,E07000079,3,2,1,0,2,"[19, 9]",2,4,0,0,0,1,0,0,0,0,0,1,16
2024531399561,2024,531399561,408806,229422,-1.87324,51.96321,3,3,3,20:34,-1,E07000079,4,2,1,0,2,19,4,6,0,7,3,1,0,0,0,0,0,1,16
2024531400432,2024,531400432,380142,211958,-2.28941,51.8059,3,3,6,15:05,-1,E07000082,3,0,1,0,2,19,"[1, 7]","[5, 3]",0,0,0,1,1,0,0,0,0,1,19
2024531400511,2024,531400511,383785,218033,-2.23686,51.86064,3,3,4,15:30,-1,E07000081,4,0,1,0,1,"[19, 9]","[7, 3]","[3, 1]",0,0,0,1,0,1,0,0,0,1,10
2024531400888,2024,531400888,391280,230138,-2.12834,51.96964,3,3,1,06:10,-1,E07000083,1,2,4,1,2,19,5,1,0,0,0,1,0,0,0,0,0,1,21
2024531400952,2024,531400952,380511,213855,-2.28417,51.82297,2,2,7,11:15,-1,E07000081,6,0,1,0,1,9,5,3,0,0,0,1,0,0,0,0,1,1,20
2024531401437,2024,531401437,391178,221731,-2.12961,51.89406,2,2,1,08:55,-1,E07000078,6,0,1,1,1,19,5,"[1, 2]",0,0,0,1,1,0,0,0,0,1,21
2024531401564,2024,531401564,379446,200481,-2.29883,51.70269,3,3,3,07:25,-1,E07000082,4,0,2,1,2,"[8, 9, 19]","[7, 3, 1]","[3, 7, 5]",0,0,0,1,0,0,1,0,0,1,23
2024531401797,2024,531401797,384046,204486,-2.23245,51.73885,3,3,3,17:00,-1,E07000082,6,2,5,1,1,19,3,7,0,0,0,1,0,0,0,0,1,1,23
2024531401857,2024,531401857,355637,198790,-2.64312,51.6861,3,3,2,15:35,-1,E07000080,4,0,5,1,2,19,"[1, 5]","[5, 1]",0,0,0,1,0,0,0,0,0,1,22
2024531402095,2024,531402095,381221,219508,-2.27418,51.87382,3,3,4,10:05,-1,E07000083,3,0,1,0,2,"[19, 7]","[7, 1]",3,0,0,0,1,0,0,0,0,0,1,24
2024531402215,2024,531402215,365488,216528,-2.5024,51.84628,3,3,3,11:59,-1,E07000080,3,0,5,1,2,19,3,7,10,1,0,1,0,0,0,0,0,1,23
2024531402268,2024,531402268,394684,222193,-2.07866,51.89826,1,1,3,09:35,-1,E07000078,3,0,2,1,1,7,5,7,0,0,0,1,0,0,0,0,1,1,23
2024531402664,2024,531402664,395349,222009,-2.069,51.89661,2,2,3,20:11,-1,E07000078,6,2,1,0,1,19,"[6, 4]","[2, 8]",0,0,0,1,0,0,0,0,0,1,16
2024531402737,2024,531402737,384936,205303,-2.21959,51.74622,3,3,5,21:40,-1,E07000082,6,2,2,1,1,19,8,4,0,0,0,1,0,0,0,0,1,1,25
2024531403179,2024,531403179,402145,232533,-1.97017,51.99124,2,2,6,06:58,-1,E07000083,4,2,1,1,2,19,"[5, 7, 3]","[1, 3, 7]",0,"[3, 1, 0]",0,1,0,0,0,0,0,1,26
2024531403363,2024,531403363,400066,200268,-2.00044,51.70116,3,3,7,20:15,-1,E07000079,3,2,1,0,2,"[19, 9]","[6, 5]",2,0,"[1, 0]",0,1,0,0,0,0,0,1,27
2024531403413,2024,531403413,358113,211291,-2.60881,51.79869,2,2,1,00:50,-1,E07000080,4,2,1,0,1,19,2,6,0,2,11,1,0,0,0,0,0,1,28
2024531403428,2024,531403428,394394,221783,-2.08287,51.89457,3,3,2,17:18,-1,E07000078,3,2,1,0,1,"[5, 4]","[7, 5]","[3, 1]",0,0,0,1,1,0,0,0,0,1,15
2024531403458,2024,531403458,389767,224133,-2.15018,51.91563,3,3,1,07:25,-1,E07000083,1,0,1,0,2,19,5,1,0,0,0,0,0,0,1,0,0,1,28
2024531403564,2024,531403564,386579,217776,-2.19628,51.85841,3,3,1,20:05,-1,E07000081,6,2,2,1,1,"[7, 19]",7,"[1, 3]",0,"[2, 0]",0,1,1,0,0,0,0,1,21
2024531403939,2024,531403939,380543,205411,-2.28323,51.74705,3,3,7,11:27,-1,E07000082,4,0,1,0,1,19,5,1,0,0,0,1,0,0,0,0,1,1,27
2024531404085,2024,531404085,387987,226089,-2.17613,51.93318,2,"[3, 2]",2,17:25,-1,E07000083,3,2,1,0,2,19,"[6, 2]","[2, 6]",0,0,0,1,0,0,0,0,0,1,29
2024531404533,2024,531404533,379828,223758,-2.29466,51.91198,3,3,3,09:07,-1,E07000080,3,0,1,0,2,"[10, 19]",5,1,0,0,0,1,0,0,0,0,0,1,30
2024531404554,2024,531404554,388119,217681,-2.17392,51.85759,3,3,3,18:15,-1,E07000083,1,2,1,0,2,"[4, 19]",5,1,0,0,0,1,0,0,1,0,0,1,30
2024531404586,2024,531404586,376582,204705,-2.34055,51.74055,3,3,3,18:49,-1,E07000082,1,2,1,0,2,19,"[5, 1]","[1, 5]",0,1,0,1,0,0,0,0,0,1,30
2024531404839,2024,531404839,383763,216130,-2.23709,51.84353,3,3,6,15:00,-1,E07000081,3,0,1,0,1,"[4, 19]",6,2,0,0,0,1,0,0,0,0,0,1,26
2024531404850,2024,531404850,389955,232799,-2.14771,51.99355,3,3,2,08:18,-1,E07000083,3,0,1,0,2,9,1,7,0,0,0,1,0,0,0,0,1,1,29
2024531404882,2024,531404882,402083,202064,-1.97125,51.7173,3,3,5,15:08,-1,E07000079,6,0,1,0,1,19,8,4,0,0,0,1,0,0,0,0,1,1,25
2024531404887,2024,531404887,382342,216908,-2.25776,51.85048,3,3,3,17:05,-1,E07000081,6,2,1,0,1,"[9, 19]","[2, 6]","[6, 2]",0,"[0, 2]",0,1,0,1,0,0,0,1,30
2024531405017,2024,531405017,397344,224291,-2.04002,51.91714,3,3,4,21:05,-1,E07000083,4,2,2,1,2,"[19, 9]","[5, 1]","[1, 7]",0,0,0,1,0,0,0,0,0,1,31
2024531405081,2024,531405081,381508,215605,-2.2698,51.83874,3,3,5,05:50,-1,E07000081,6,2,1,1,1,"[9, 19]","[5, 1]","[3, 5]",0,0,0,1,0,1,0,0,0,2,1
2024531405095,2024,531405095,392461,222609,-2.11098,51.90197,2,2,5,06:50,-1,E07000078,6,2,1,1,1,19,5,1,0,1,4,1,0,0,0,0,0,2,1
2024531405297,2024,531405297,379756,226621,-2.29588,51.93772,3,3,5,14:15,-1,E07000080,3,0,1,0,2,"[19, 10, 4]",5,1,0,0,0,1,0,0,0,0,0,2,1
2024531405489,2024,531405489,365658,214125,-2.49969,51.82468,2,2,5,14:45,-1,E07000080,6,0,1,0,1,19,5,1,0,1,10,0,0,1,0,0,0,1,25
2024531405490,2024,531405490,384179,202305,-2.23042,51.71924,2,"[2, 3]",4,15:49,-1,E07000082,3,0,1,0,1,19,"[1, 5]","[5, 1]",0,0,0,1,0,0,0,0,0,1,24
2024531405521,2024,531405521,401369,211019,-1.98155,51.79782,2,2,6,10:25,-1,E07000079,3,0,1,1,2,19,1,5,0,1,4,1,0,0,0,0,0,2,2
2024531405539,2024,531405539,366406,217411,-2.48916,51.85427,3,3,2,08:00,-1,E07000080,3,0,1,0,2,"[19, 4, 3]",5,1,0,0,0,1,0,0,0,0,0,1,22
2024531405651,2024,531405651,383399,217790,-2.24246,51.85845,3,3,6,11:30,-1,E07000081,4,0,1,0,1,19,"[5, 1]","[1, 5]",0,0,0,1,0,0,0,0,0,2,2
2024531406004,2024,531406004,376436,196927,-2.34214,51.67062,3,3,5,08:39,-1,E07000082,3,0,1,0,2,19,4,8,0,7,10,1,0,0,0,0,0,2,1
2024531406025,2024,531406025,388262,209142,-2.17155,51.78082,3,3,6,16:25,-1,E07000082,4,0,1,1,2,19,6,2,0,7,4,1,0,0,0,0,0,2,2
2024531406169,2024,531406169,365654,214069,-2.49974,51.82418,3,3,6,14:17,-1,E07000080,6,0,1,0,1,19,5,1,0,0,0,0,0,0,1,0,1,2,2
2024531406390,2024,531406390,371045,226678,-2.42259,51.93785,3,3,6,13:35,-1,E07000080,6,0,1,1,2,19,"[5, 2]","[1, 6]",0,0,0,1,1,0,0,0,0,2,2
2024531406533,2024,531406533,370147,198445,-2.43321,51.68396,3,3,2,12:16,-1,E07000082,3,0,1,0,2,"[9, 19]","[7, 5]","[5, 1]",0,0,0,1,0,0,1,0,0,2,5
2024531406751,2024,531406751,370399,198854,-2.4296,51.68766,2,2,1,15:43,-1,E07000082,3,0,1,0,2,19,5,1,0,1,9,1,0,0,0,0,0,1,28
2024531406760,2024,531406760,367499,235412,-2.475,52.01617,3,3,2,16:50,-1,E07000080,3,2,2,1,2,19,6,2,0,0,0,0,0,1,0,0,0,1,29
2024531406971,2024,531406971,390589,225777,-2.13828,51.93042,2,"[3, 2]",3,02:35,-1,E07000083,1,2,1,1,2,19,1,5,0,"[0, 6]","[0, 6]",0,0,0,1,0,0,2,6
2024531407243,2024,531407243,362322,212342,-2.5479,51.80844,3,3,4,10:50,-1,E07000080,4,0,1,0,2,19,"[3, 7]","[7, 3]",0,"[0, 7]","[0, 9]",1,0,0,0,0,0,2,7
2024531407382,2024,531407382,400068,200273,-2.00042,51.7012,3,3,4,17:12,-1,E07000079,3,2,1,0,2,"[9, 19]","[5, 2]","[2, 6]",0,0,0,1,0,0,0,0,0,2,7
2024531407416,2024,531407416,389289,232684,-2.1574,51.9925,3,3,2,14:30,-1,E07000083,3,0,1,0,1,7,1,5,0,2,0,1,0,0,0,0,1,2,5
2024531407418,2024,531407418,361359,201409,-2.56064,51.71008,3,3,3,17:53,-1,E07000080,3,2,2,1,2,"[15, 10]",2,6,0,0,0,1,0,0,0,0,0,2,6
2024531407730,2024,531407730,392841,221258,-2.10543,51.88983,3,3,5,13:40,-1,E07000078,6,0,2,1,1,"[7, 19]","[4, 1]","[8, 5]",0,0,0,1,0,1,0,0,0,2,8
2024531407759,2024,531407759,382111,215413,-2.26104,51.83703,2,2,4,15:10,-1,E07000081,3,0,1,0,1,19,7,3,0,0,0,0,0,0,1,0,1,2,7
2024531407806,2024,531407806,389266,216200,-2.15722,51.8443,2,2,5,18:57,-1,E07000083,6,2,5,1,1,"[9, 19]",1,"[7, 5]",0,0,0,1,1,0,0,0,0,2,8
2024531408230,2024,531408230,384808,205623,-2.22146,51.74909,3,3,6,21:40,-1,E07000082,3,2,2,1,2,"[4, 19]",1,5,0,0,0,1,0,0,0,0,0,2,9
2024531408722,2024,531408722,385109,218587,-2.21766,51.86566,2,2,6,17:50,-1,E07000081,3,2,1,0,1,"[19, 9]","[8, 6]","[4, 3]",0,0,0,0,1,1,0,0,0,2,2
2024531408934,2024,531408934,384770,216845,-2.22251,51.84999,3,3,6,15:37,-1,E07000081,6,0,1,0,1,"[19, 2]","[1, 0]","[5, 0]","[4, 0]",0,0,1,0,0,0,0,0,2,2
2024531409064,2024,531409064,401432,230484,-1.98056,51.97282,3,3,2,12:07,-1,E07000083,6,0,1,0,2,19,"[3, 7]","[7, 3]",0,"[1, 0]",0,1,0,0,0,0,0,2,12
2024531409514,2024,531409514,374900,199271,-2.36452,51.69162,3,3,3,14:50,-1,E07000082,3,0,2,1,1,"[9, 19]","[1, 5]","[5, 1]",0,0,0,1,0,0,0,0,0,2,13
2024531409528,2024,531409528,386231,220104,-2.20143,51.87933,3,3,3,14:42,-1,E07000081,3,0,2,1,1,"[19, 4]",4,8,0,0,0,1,0,0,0,0,0,2,13
2024531409615,2024,531409615,400578,201411,-1.99303,51.71143,2,"[2, 3]",3,17:40,-1,E07000079,3,2,1,0,2,19,"[3, 7]","[7, 3]",0,0,0,1,0,0,0,0,0,2,13
2024531409694,2024,531409694,395573,222333,-2.06575,51.89952,2,2,3,16:20,-1,E07000078,6,0,1,0,1,"[19, 7]","[6, 1]",2,0,0,0,1,1,0,1,0,0,2,6
2024531409771,2024,531409771,393524,223665,-2.09555,51.91148,3,3,4,09:10,-1,E07000078,3,0,1,1,1,"[5, 19]","[2, 4]","[6, 8]",0,0,0,1,1,0,0,0,0,2,14
2024531409854,2024,531409854,420961,233794,-1.69608,52.00219,2,"[2, 3]",3,15:20,-1,E07000079,3,0,2,1,2,"[19, 15]","[1, 5]","[5, 1]",0,"[0, 7]","[0, 9]",1,0,0,0,0,0,2,13
2024531409930,2024,531409930,390603,232680,-2.13826,51.99249,3,3,6,17:44,-1,E07000083,6,0,1,0,1,"[4, 1]","[7, 5]","[3, 1]",0,0,0,1,0,0,0,0,0,2,9
2024531410145,2024,531410145,385505,215363,-2.21178,51.83668,2,2,5,06:20,-1,E07000081,4,2,1,1,1,19,"[5, 1]","[1, 5]",0,1,0,1,0,0,0,0,0,2,15
2024531410191,2024,531410191,378453,226351,-2.31481,51.93525,2,2,3,08:27,-1,E07000080,6,0,1,1,2,"[19, 4]","[1, 5]","[5, 1]",0,0,0,1,0,0,1,0,0,2,13
2024531410373,2024,531410373,389169,216560,-2.15864,51.84753,2,2,5,15:37,-1,E07000083,6,0,2,1,1,1,5,1,0,0,0,1,0,0,0,0,1,2,15
2024531410377,2024,531410377,376762,206614,-2.33807,51.75773,3,3,5,17:10,-1,E07000082,4,0,2,1,2,"[9, 19]","[8, 5]","[4, 1]",0,0,0,1,0,1,0,0,0,2,15
2024531410402,2024,531410402,384281,205524,-2.22909,51.74819,3,3,5,17:05,-1,E07000082,3,2,2,1,1,"[9, 19]","[3, 7]","[7, 3]",0,0,0,1,0,0,0,0,0,2,15
2024531410734,2024,531410734,394326,221526,-2.08386,51.89226,2,2,4,09:00,-1,E07000078,3,0,1,0,1,19,"[1, 7]","[5, 3]",0,0,0,1,0,0,0,0,0,1,31
2024531410756,2024,531410756,402340,201843,-1.96753,51.71531,3,3,5,18:00,-1,E07000079,6,2,1,1,1,19,3,7,0,0,0,1,0,0,0,0,1,2,8
2024531410757,2024,531410757,384381,216578,-2.22814,51.84758,3,3,6,16:15,-1,E07000081,3,2,1,0,1,"[19, 5]",7,3,0,0,0,1,1,0,0,0,0,1,12
2024531410889,2024,531410889,402985,199782,-1.95821,51.69678,3,3,6,19:15,-1,E07000079,6,2,1,0,1,19,7,3,0,2,11,1,0,0,0,0,0,2,16
2024531410915,2024,531410915,382996,219058,-2.24837,51.86983,3,3,3,14:21,-1,E07000081,3,0,2,1,2,"[5, 4]",4,8,0,0,0,1,0,0,1,0,0,2,13
2024531410990,2024,531410990,383553,219278,-2.24029,51.87183,3,3,2,15:30,-1,E07000081,6,0,1,0,1,"[2, 19]","[0, 5]","[0, 1]","[0, 4]",0,0,1,0,0,0,0,0,2,5
2024531411107,2024,531411107,360688,208016,-2.5711,51.76943,3,3,7,17:30,-1,E07000080,6,2,2,1,2,19,3,7,0,0,0,1,0,0,0,0,1,2,17
2024531411177,2024,531411177,361621,211865,-2.55801,51.8041,2,2,1,02:40,-1,E07000080,4,2,2,1,2,19,2,6,0,1,1,1,0,0,0,0,0,2,18
2024531411178,2024,531411178,388465,199091,-2.16827,51.69045,3,3,1,04:30,-1,E07000082,6,2,2,1,2,19,5,1,0,7,4,1,0,0,0,0,0,2,18
2024531411640,2024,531411640,389150,232565,-2.15942,51.99143,3,3,6,18:15,-1,E07000083,6,2,1,0,1,"[7, 19]",2,6,0,0,0,1,1,0,0,0,0,2,16
2024531412552,2024,531412552,394139,221536,-2.08657,51.89234,3,3,5,11:45,-1,E07000078,3,0,1,0,1,"[19, 9]","[8, 5]","[4, 3]",0,0,0,1,0,0,0,0,0,2,15
2024531412555,2024,531412555,406553,201074,-1.90656,51.70837,2,2,7,22:30,-1,E07000079,6,2,1,0,2,19,"[5, 1]","[1, 5]",0,0,0,0,1,0,1,0,0,2,17
2024531413015,2024,531413015,396554,221064,-2.05148,51.88812,3,3,4,08:30,-1,E07000078,6,0,1,1,1,19,3,7,10,7,0,0,1,0,0,0,0,2,21
2024531413019,2024,531413019,393025,214788,-2.10262,51.83166,2,2,5,15:20,-1,E07000079,3,0,1,1,2,"[9, 3, 14]","[7, 5]","[3, 1]",0,0,0,1,0,1,0,0,0,2,22
2024531413057,2024,531413057,378464,196716,-2.3128,51.6688,3,3,5,19:55,-1,E07000082,3,2,2,1,2,19,7,3,0,1,4,1,0,0,0,0,0,2,22
2024531413384,2024,531413384,381631,215814,-2.26802,51.84062,3,3,1,15:25,-1,E07000081,6,0,1,0,1,"[19, 4]",6,2,0,0,0,1,0,1,0,0,0,2,4
2024531413449,2024,531413449,392581,223575,-2.10926,51.91066,2,2,6,19:45,-1,E07000078,6,2,1,0,1,5,2,6,0,0,0,1,0,0,0,0,1,2,23
2024531413450,2024,531413450,385152,216329,-2.21694,51.84536,3,3,6,21:45,-1,E07000081,6,2,1,0,1,"[19, 12]",3,7,0,0,0,1,1,0,0,0,0,2,23
2024531413709,2024,531413709,390196,223766,-2.14393,51.91234,3,3,6,17:20,-1,E07000083,4,0,8,1,2,"[9, 19]","[4, 3]",7,0,0,0,1,0,0,0,0,0,2,23
2024531413747,2024,531413747,395705,223133,-2.06384,51.90672,2,2,7,11:50,-1,E07000078,6,0,1,0,1,"[2, 14]","[0, 5]","[0, 1]","[0, 4]","[0, 7]",0,1,1,0,0,0,0,2,10
2024531413778,2024,531413778,398191,219803,-2.02768,51.87679,2,"[2, 3]",7,22:23,-1,E07000078,3,2,1,1,2,"[5, 19]","[1, 7]","[5, 3]",0,0,0,1,0,0,0,0,0,2,24
2024531413834,2024,531413834,382939,205291,-2.24852,51.74605,3,3,1,08:52,-1,E07000082,6,0,1,0,1,"[19, 2]","[3, 0]","[7, 0]",0,0,0,1,0,0,0,0,0,2,25
2024531413964,2024,531413964,405063,221962,-1.92783,51.89618,3,3,1,16:45,-1,E07000079,6,0,1,0,2,19,4,8,0,7,4,1,0,0,0,0,0,2,25
2024531413983,2024,531413983,389392,232708,-2.1559,51.99272,2,2,1,19:30,-1,E07000083,3,2,1,0,1,19,5,1,0,0,0,1,0,0,0,0,1,2,25
2024531414219,2024,531414219,384657,200120,-2.2234,51.69961,3,3,5,19:00,-1,E07000082,3,2,1,1,1,"[5, 19]","[2, 8]","[6, 4]",0,0,0,1,0,0,0,0,0,2,22
2024531414995,2024,531414995,368293,227325,-2.46268,51.94351,2,"[2, 3]",2,14:55,-1,E07000080,1,0,1,0,2,19,2,6,0,1,4,1,0,0,0,0,0,2,26
2024531415116,2024,531415116,391902,218565,-2.11901,51.8656,3,3,2,19:45,-1,E07000083,6,2,1,0,2,5,7,4,0,0,0,1,0,0,0,0,0,2,5
2024531415546,2024,531415546,376693,202438,-2.33879,51.72018,3,3,5,14:20,-1,E07000082,6,0,1,1,2,19,6,1,6,0,0,1,0,0,0,0,0,2,29
2024531415623,2024,531415623,364249,216786,-2.52041,51.84852,3,3,3,18:40,-1,E07000080,6,2,1,1,1,"[14, 2]","[1, 0]","[5, 0]","[4, 0]","[0, 1]","[0, 11]",1,0,0,0,0,0,2,27
2024531415630,2024,531415630,391259,229372,-2.12863,51.96276,2,2,5,20:53,-1,E07000083,1,2,1,0,2,"[19, 4]",5,1,0,0,0,1,0,0,0,0,0,2,29
2024531415864,2024,531415864,414067,241232,-1.79619,52.06928,3,3,6,11:25,-1,E07000079,4,0,2,1,2,19,8,4,0,1,9,0,0,0,0,1,0,3,1
2024531416030,2024,531416030,382311,216823,-2.25821,51.84972,2,2,7,01:25,-1,E07000081,6,2,1,1,1,"[19, 9]","[1, 7]","[5, 3]",0,"[1, 0]","[10, 0]",1,0,0,0,0,0,3,2
2024531416350,2024,531416350,407730,216852,-1.88918,51.85021,3,3,6,07:20,-1,E07000079,3,0,2,1,2,"[19, 9]","[4, 5]","[8, 1]",0,0,0,1,0,0,0,0,0,3,1
2024531416392,2024,531416392,380340,204812,-2.28613,51.74166,3,3,1,14:20,-1,E07000082,6,0,1,1,1,"[9, 3]","[3, 1]","[1, 5]",0,0,0,1,1,0,0,0,0,2,25
2024531416642,2024,531416642,384930,207395,-2.21977,51.76503,2,2,2,07:38,-1,E07000082,3,0,1,1,2,19,5,1,0,0,0,0,0,1,0,0,0,3,4
2024531416927,2024,531416927,395556,221553,-2.06598,51.89251,2,2,2,16:20,-1,E07000078,3,0,2,1,1,"[9, 19]",5,1,0,0,0,1,0,1,0,0,0,3,4
2024531416958,2024,531416958,389170,202400,-2.15818,51.72022,3,3,6,15:50,-1,E07000082,6,0,1,1,2,"[19, 7]","[1, 5]","[5, 1]",0,0,0,1,1,0,0,0,0,2,23
2024531416970,2024,531416970,393747,221644,-2.09227,51.89331,3,3,1,11:55,-1,E07000078,6,0,1,0,1,"[4, 19]",1,5,0,0,0,1,0,1,0,0,0,3,3
2024531416983,2024,531416983,396913,222679,-2.04628,51.90264,3,3,1,15:05,-1,E07000078,6,0,1,0,1,19,"[7, 3]","[3, 7]",0,0,0,1,0,1,0,0,0,3,3
2024531417263,2024,531417263,397899,222343,-2.03194,51.89963,2,"[3, 2]",7,11:20,-1,E07000078,6,0,1,1,2,"[19, 3]",2,6,0,"[1, 0]",0,1,1,0,0,0,1,2,10
2024531417389,2024,531417389,378855,217591,-2.30842,51.8565,3,3,3,08:25,-1,E07000083,3,0,1,1,2,"[19, 4]",2,6,0,0,0,1,0,0,0,0,0,3,5
2024531417952,2024,531417952,384025,218552,-2.2334,51.86532,3,3,4,12:10,-1,E07000081,6,0,1,0,1,"[5, 19]",3,7,0,0,0,1,0,0,0,0,0,3,6
2024531418021,2024,531418021,395454,222955,-2.06748,51.90511,2,2,3,13:03,-1,E07000078,6,0,1,0,1,19,"[5, 7]","[1, 3]",0,0,0,1,1,0,0,0,0,2,27
2024531418469,2024,531418469,383461,215832,-2.24146,51.84084,1,1,6,08:22,-1,E07000081,3,0,1,0,1,15,5,1,0,1,2,1,0,0,0,0,1,3,8
2024531418535,2024,531418535,381041,214538,-2.27652,51.82913,3,3,6,15:30,-1,E07000081,6,0,1,0,1,"[7, 5]","[3, 5]","[7, 1]",0,0,0,1,0,0,0,1,0,3,8
2024531418580,2024,531418580,397532,196781,-2.03709,51.6698,3,3,5,12:08,-1,E07000079,3,0,1,1,2,19,7,3,0,1,4,1,0,0,0,0,0,3,7
2024531418629,2024,531418629,375686,198067,-2.35306,51.68083,3,3,5,12:00,-1,E07000082,3,0,1,0,1,19,5,1,0,0,0,0,0,0,1,0,1,1,25
2024531418633,2024,531418633,401911,206049,-1.97372,51.75313,2,"[2, 3]",6,22:45,-1,E07000079,3,2,1,0,2,19,"[1, 7]","[5, 3]",0,0,0,1,0,0,0,0,0,3,8
2024531418862,2024,531418862,383962,218889,-2.23433,51.86834,3,3,7,23:00,-1,E07000081,4,2,1,1,1,19,5,1,0,0,0,0,0,0,0,0,0,3,9
2024531418987,2024,531418987,377222,222573,-2.33247,51.90123,3,3,1,10:45,-1,E07000080,4,0,1,1,2,"[19, 9]","[1, 3]","[5, 7]",0,"[1, 0]","[11, 0]",1,0,0,0,0,0,3,10
2024531419140,2024,531419140,378272,206384,-2.31618,51.75572,3,3,2,05:00,-1,E07000082,3,2,8,1,2,19,"[4, 8]","[8, 4]",0,0,0,1,0,0,0,0,0,3,11
2024531419232,2024,531419232,394800,221422,-2.07697,51.89133,3,3,5,08:55,-1,E07000078,3,0,1,0,1,4,3,7,0,0,0,1,0,0,0,0,0,3,7
2024531419687,2024,531419687,397126,220580,-2.04316,51.88377,3,3,3,08:05,-1,E07000078,3,0,1,1,1,19,7,3,0,0,0,1,0,0,0,0,1,3,12
2024531419770,2024,531419770,376872,206755,-2.33649,51.759,2,2,3,08:50,-1,E07000082,3,0,2,1,2,"[19, 5]","[2, 8]","[6, 2]",0,0,0,1,0,0,1,0,0,3,12
2024531420228,2024,531420228,399136,213466,-2.01394,51.81982,3,3,4,11:10,-1,E07000079,3,0,1,0,2,19,3,7,0,1,0,1,0,0,0,0,0,3,13
2024531420405,2024,531420405,382119,216552,-2.26098,51.84728,2,"[2, 3]",3,13:27,-1,E07000081,6,0,1,0,1,19,"[2, 6]","[6, 2]",0,"[1, 0]",0,1,0,0,0,0,0,3,12
2024531420464,2024,531420464,376794,205797,-2.33756,51.75038,3,3,4,19:10,-1,E07000082,6,2,1,0,2,"[2, 19]","[0, 4]","[0, 8]","[0, 4]",0,0,1,0,0,0,0,0,3,13
2024531420558,2024,531420558,384377,216544,-2.2282,51.84727,2,2,7,18:15,-1,E07000081,3,2,1,0,1,"[5, 19]","[8, 3]","[4, 7]",0,0,0,1,1,0,0,0,0,3,9
2024531420837,2024,531420837,395980,227639,-2.0599,51.94723,3,3,5,19:10,-1,E07000083,6,2,2,1,1,9,8,6,0,0,0,1,0,0,0,0,1,3,14
2024531420851,2024,531420851,364904,204273,-2.50963,51.73606,3,3,5,18:50,-1,E07000080,6,2,2,1,2,"[19, 9]","[5, 3]","[1, 7]",0,0,0,1,0,0,0,0,0,3,14
2024531420943,2024,531420943,399907,232646,-2.00276,51.99226,3,3,6,07:45,-1,E07000083,4,0,2,1,2,"[19, 9]","[3, 1]","[7, 5]",0,"[1, 0]","[9, 0]",1,0,0,0,0,0,3,15
2024531421307,2024,531421307,391741,234375,-2.12173,52.00775,3,3,6,22:10,-1,E07000083,1,2,1,0,1,19,5,1,0,0,0,1,0,0,0,0,0,3,15
2024531421514,2024,531421514,383414,218900,-2.24229,51.86843,3,3,7,20:50,-1,E07000081,3,2,8,1,1,9,7,3,0,0,0,1,0,0,0,0,1,3,16
2024531421645,2024,531421645,387216,221120,-2.18716,51.88849,3,3,7,15:25,-1,E07000083,6,0,1,0,1,19,7,3,0,0,0,0,0,1,0,0,0,3,16
2024531421679,2024,531421679,383464,204625,-2.24088,51.74008,3,3,7,12:00,-1,E07000082,3,0,1,0,1,"[3, 19]",5,1,0,0,0,1,0,0,0,0,0,2,24
2024531421976,2024,531421976,375378,198075,-2.35752,51.68089,3,3,2,10:30,-1,E07000082,6,0,1,0,1,"[9, 19]","[5, 3]","[1, 7]",0,0,0,1,1,0,0,0,0,3,18
2024531422218,2024,531422218,391265,229947,-2.12855,51.96793,3,3,1,14:30,-1,E07000083,1,0,1,0,2,"[19, 4]",5,1,0,0,0,1,0,0,0,0,0,3,17
2024531422254,2024,531422254,415499,232444,-1.7757,51.99023,3,3,1,16:30,-1,E07000079,3,0,1,0,2,"[5, 19]","[3, 1]","[7, 5]",0,"[0, 7]",0,1,0,0,0,0,0,3,17