collision_index,collision_year,collision_ref_no,location_easting_osgr,location_northing_osgr,longitude,latitude,casualty_severity,casualty_severity,day_of_week,time,local_authority_district,local_authority_ons_district,first_road_class,light_conditions,weather_conditions,road_surface_conditions,urban_or_rural_area,vehicle_manoeuvre,vehicle_direction_from,vehicle_direction_to,hit_object_in_carriageway,vehicle_leaving_carriageway,hit_object_off_carriageway,is_car,is_cyle,is_mcyle,is_goodsv,is_other,is_pedestrian,month,day
2024531498616,2024,531498616,395283,222821,-2.06997,51.90391,3,3,3,20:42,-1,E07000078,3,2,1,1,1,19,8,6,0,0,0,1,0,0,0,0,1,10,1
2024531498891,2024,531498891,389028,236272,-2.16132,52.02475,3,3,5,00:03,-1,E07000083,6,2,1,0,2,19,7,3,0,1,0,1,0,0,0,0,0,10,3
2024531498928,2024,531498928,372125,197407,-2.40451,51.67473,3,3,3,07:07,-1,E07000082,1,0,2,1,2,19,1,6,0,1,0,1,0,0,0,0,0,10,1
2024531498964,2024,531498964,383561,220011,-2.24021,51.87842,3,3,4,20:40,-1,E07000081,3,2,1,0,1,"[4, 19]","[1, 5]","[5, 1]",0,0,0,1,0,0,0,0,0,10,2
2024531498992,2024,531498992,380508,212786,-2.28415,51.81336,3,3,6,18:02,-1,E07000082,4,0,1,0,1,"[10, 19]",1,5,0,0,0,1,0,0,0,0,0,9,27
2024531499008,2024,531499008,387379,209760,-2.18437,51.78635,3,3,3,12:14,-1,E07000082,6,0,1,0,2,"[4, 19]",2,6,0,0,0,1,1,0,0,0,0,9,10
2024531499026,2024,531499026,390837,225354,-2.13466,51.92663,3,3,4,19:25,-1,E07000083,6,2,1,0,2,9,8,6,0,0,0,1,0,0,0,0,1,10,2
2024531499074,2024,531499074,389151,216363,-2.15889,51.84576,1,1,3,08:22,-1,E07000083,6,0,2,1,1,"[3, 19]",3,7,0,0,0,1,0,0,0,0,0,10,1
2024531499111,2024,531499111,383573,219184,-2.24,51.87098,3,3,4,11:20,-1,E07000081,6,0,1,0,1,1,3,7,0,0,0,1,0,0,0,0,1,9,18
2024531499393,2024,531499393,385862,201313,-2.20602,51.71037,3,3,5,11:34,-1,E07000082,6,0,1,0,2,"[5, 4]","[1, 7]","[5, 3]",0,0,0,1,0,0,0,0,0,10,3
2024531499412,2024,531499412,395332,229402,-2.06935,51.96308,2,"[3, 2]",5,12:59,-1,E07000083,3,0,1,0,2,19,"[5, 1]","[1, 5]",0,0,0,1,0,0,0,1,0,10,3
2024531499518,2024,531499518,409877,213646,-1.8581,51.82135,3,3,7,09:08,-1,E07000079,3,0,1,0,2,"[19, 9]",1,"[5, 7]",0,0,0,1,0,0,0,0,0,2,17
2024531500412,2024,531500412,395044,222561,-2.07344,51.90157,3,3,6,12:35,-1,E07000078,6,0,1,0,1,"[19, 9]","[6, 2]","[2, 6]",0,0,0,1,1,0,0,0,0,10,4
2024531500445,2024,531500445,393145,223731,-2.10106,51.91207,3,3,7,18:47,-1,E07000078,3,0,1,0,1,"[19, 4]",2,"[4, 6]",0,0,0,1,0,0,0,0,0,10,5
2024531500447,2024,531500447,397915,198490,-2.03156,51.68516,1,"[1, 3]",7,09:15,-1,E07000079,3,0,4,0,2,"[19, 9]","[2, 6]","[6, 4]",0,0,0,1,0,1,0,0,0,10,5
2024531500450,2024,531500450,393826,221664,-2.09112,51.89349,3,3,5,15:22,-1,E07000078,3,0,1,0,1,19,3,7,0,0,0,1,0,0,0,0,0,8,1
2024531500452,2024,531500452,383479,218750,-2.24134,51.86708,3,3,6,17:33,-1,E07000081,3,0,1,0,1,19,"[5, 3]","[1, 7]",0,0,0,1,1,0,0,0,0,10,4
2024531500458,2024,531500458,381128,213843,-2.27522,51.82289,3,3,7,17:17,-1,E07000081,3,0,1,0,1,"[19, 9]","[1, 3]","[5, 1]",0,0,0,1,0,0,0,0,0,10,5
2024531500461,2024,531500461,391208,221821,-2.12917,51.89487,2,2,7,14:13,-1,E07000078,3,0,1,0,1,"[19, 12]",7,3,"[0, 7]","[0, 7]","[0, 7]",1,0,1,0,0,0,10,5
2024531500464,2024,531500464,388842,227039,-2.16373,51.94174,3,3,7,12:38,-1,E07000083,3,0,1,0,2,19,"[1, 3]",5,0,0,0,1,0,0,0,0,0,10,5
2024531500466,2024,531500466,395489,222950,-2.06698,51.90507,2,2,7,09:30,-1,E07000078,4,0,1,0,1,19,"[6, 2]","[1, 7]",0,0,0,1,1,0,0,0,0,10,5
2024531500468,2024,531500468,390426,225652,-2.14064,51.9293,2,"[3, 2]",7,10:45,-1,E07000083,3,0,1,0,2,"[2, 19]","[0, 8]","[0, 4]","[0, 4]","[1, 0]",0,1,0,0,0,0,1,10,5
2024531500470,2024,531500470,389288,216506,-2.15691,51.84705,3,3,5,07:52,-1,E07000083,6,0,1,0,1,19,"[1, 3]",5,0,0,0,1,1,0,0,0,0,10,3
2024531500473,2024,531500473,382649,218920,-2.2534,51.86858,3,3,1,16:50,-1,E07000081,3,0,1,1,1,19,"[1, 7]","[7, 3]",0,0,0,1,0,0,0,0,0,10,6
2024531500476,2024,531500476,357245,211909,-2.62148,51.80418,3,3,5,08:00,-1,E07000080,3,0,1,0,2,"[19, 9]","[3, 5]","[7, 3]",0,"[1, 7]",0,1,0,0,0,0,0,10,3
2024531500478,2024,531500478,395347,221998,-2.06903,51.89651,3,3,2,07:07,-1,E07000078,3,0,8,1,1,"[9, 19]","[6, 8]",4,0,0,0,1,1,0,0,0,0,10,7
2024531500686,2024,531500686,383931,218384,-2.23476,51.8638,3,3,2,11:50,-1,E07000081,3,0,2,1,1,"[4, 19]",8,4,0,0,0,1,0,0,0,0,0,10,7
2024531500700,2024,531500700,383494,217987,-2.24109,51.86022,3,3,2,08:50,-1,E07000081,3,0,1,1,1,"[4, 19]",1,5,0,0,0,1,0,0,0,0,0,10,7
2024531500809,2024,531500809,415703,241874,-1.7723,52.07501,2,2,1,21:30,-1,E07000079,4,2,2,1,2,"[19, 14]",6,2,0,"[1, 0]","[9, 0]",1,1,0,0,0,0,10,6
2024531501048,2024,531501048,381043,213643,-2.27644,51.82109,3,3,3,09:55,-1,E07000081,3,0,2,1,1,"[3, 19]",5,2,0,0,0,1,0,0,0,0,0,10,8
2024531501126,2024,531501126,367456,215562,-2.47374,51.83771,3,3,3,13:31,-1,E07000080,6,0,1,0,2,19,"[1, 5]","[5, 1]",0,0,0,1,0,0,0,0,0,10,1
2024531501166,2024,531501166,357485,210691,-2.61785,51.79324,3,3,3,11:32,-1,E07000080,6,0,2,1,1,19,7,3,0,0,0,1,0,0,0,0,1,10,8
2024531501212,2024,531501212,391020,226357,-2.13202,51.93565,3,3,3,14:55,-1,E07000083,1,0,2,1,2,19,1,5,0,"[5, 0]",0,1,0,0,1,0,0,10,8
2024531501554,2024,531501554,381779,216064,-2.26589,51.84288,3,3,3,17:12,-1,E07000081,6,0,2,1,1,19,1,5,0,0,0,1,0,0,0,0,0,10,8
2024531501561,2024,531501561,380035,210898,-2.2909,51.79637,3,3,3,06:35,-1,E07000082,1,2,2,1,2,19,1,5,0,0,0,1,0,0,0,0,0,10,8
2024531501629,2024,531501629,381358,215296,-2.27196,51.83596,3,3,4,13:01,-1,E07000081,3,0,1,0,1,19,"[3, 5]","[7, 1]",0,0,0,1,0,0,0,1,0,10,9
2024531501823,2024,531501823,370065,198204,-2.43437,51.68179,3,3,2,08:37,-1,E07000082,3,0,1,1,2,"[19, 7]",1,5,0,"[1, 0]",0,1,0,0,0,0,0,10,7
2024531502272,2024,531502272,393486,216132,-2.09596,51.84375,3,3,5,18:50,-1,E07000079,3,2,1,1,2,"[9, 19]","[2, 7]","[7, 2]",11,0,0,1,0,0,0,0,0,10,10
2024531502280,2024,531502280,379913,210753,-2.29266,51.79506,2,2,2,11:44,-1,E07000082,1,0,1,1,2,19,1,5,0,1,0,1,0,0,0,0,0,3,25
2024531502360,2024,531502360,397280,209713,-2.04083,51.78607,3,3,3,16:50,-1,E07000079,3,0,2,1,2,"[12, 19]",5,1,0,0,0,1,0,0,0,0,0,10,1
2024531502487,2024,531502487,415771,197279,-1.77333,51.67406,3,3,6,08:15,-1,E07000079,6,0,1,0,2,"[15, 2]","[4, 6]","[6, 2]",0,"[1, 0]",0,1,1,0,0,0,0,10,11
2024531502515,2024,531502515,381155,219486,-2.27513,51.87362,3,3,5,11:45,-1,E07000083,3,0,1,0,2,"[12, 5]",7,3,0,0,0,1,0,0,0,0,0,10,10
2024531502525,2024,531502525,386275,220002,-2.20079,51.87841,3,3,6,14:18,-1,E07000081,3,0,1,0,2,"[3, 19]",1,7,0,0,0,1,0,0,0,0,0,9,27
2024531502528,2024,531502528,421119,199845,-1.69584,51.69696,2,2,6,09:00,-1,E07000079,6,0,1,0,2,"[19, 1]","[6, 4]","[2, 6]",0,0,0,1,1,0,0,0,0,9,13
2024531502535,2024,531502535,384202,204389,-2.23018,51.73798,3,3,4,17:20,-1,E07000082,6,0,2,1,1,"[19, 10]",7,"[3, 5]",0,0,0,1,0,0,0,0,0,10,9
2024531502554,2024,531502554,393732,213922,-2.09235,51.82388,3,3,3,14:41,-1,E07000079,3,0,2,1,2,19,"[3, 7]","[7, 3]",0,"[0, 1]",0,1,0,0,0,0,0,10,8
2024531502564,2024,531502564,397094,220411,-2.04362,51.88225,3,3,7,11:02,-1,E07000078,6,0,1,0,1,"[19, 7]","[7, 5]","[3, 7]",0,0,0,1,0,1,0,0,0,9,28
2024531502615,2024,531502615,381450,214734,-2.27059,51.83091,3,3,5,16:06,-1,E07000081,6,0,1,0,1,"[2, 19]",1,5,0,0,0,1,1,0,0,0,0,9,26
2024531502646,2024,531502646,382905,215594,-2.24952,51.83869,3,3,6,17:05,-1,E07000081,3,0,1,0,1,"[3, 4, 19]",3,7,"[0, 11]",0,0,1,0,0,0,0,0,10,11
2024531502672,2024,531502672,407178,197118,-1.8976,51.67279,2,2,6,16:27,-1,E07000079,4,0,1,0,2,19,"[2, 6]","[6, 2]",0,"[1, 0]",0,1,0,0,0,0,0,10,11
2024531502676,2024,531502676,356182,204422,-2.63595,51.73678,3,3,5,16:10,-1,E07000080,4,0,1,0,2,"[9, 19]","[3, 5]",1,0,0,0,1,1,0,0,0,0,10,10
2024531502695,2024,531502695,390186,209992,-2.14368,51.7885,2,"[2, 3]",2,08:05,-1,E07000082,4,0,1,1,2,"[19, 5]","[1, 3]","[5, 7]",0,"[7, 0]",0,1,0,0,0,0,0,10,7
2024531502702,2024,531502702,360847,211555,-2.5692,51.80126,2,"[2, 3]",5,17:03,-1,E07000080,4,0,8,0,2,"[9, 19]","[3, 7]","[7, 3]",0,0,0,1,0,0,0,0,0,10,10
2024531502792,2024,531502792,393329,233356,-2.09858,51.99861,3,3,6,15:18,-1,E07000083,3,0,1,0,2,"[19, 13]","[7, 3]","[3, 7]",0,0,0,1,0,1,0,0,0,10,11
2024531502907,2024,531502907,391923,220945,-2.11876,51.887,3,3,5,18:20,-1,E07000078,6,0,1,0,1,"[9, 19]","[6, 2]","[3, 6]",0,0,0,1,1,0,0,0,0,10,10
2024531502968,2024,531502968,400099,200055,-1.99997,51.69924,3,3,7,21:52,-1,E07000079,3,2,1,1,2,19,1,5,0,2,1,1,0,0,0,0,0,10,12
2024531503027,2024,531503027,421304,234848,-1.69101,52.01166,2,2,7,13:04,-1,E07000079,3,0,1,0,2,19,1,1,0,7,4,0,0,1,0,0,0,10,12
2024531503166,2024,531503166,385479,202102,-2.21159,51.71745,3,3,7,23:30,-1,E07000082,6,2,1,0,2,19,5,1,0,0,0,1,0,0,0,0,0,10,12
2024531503237,2024,531503237,384654,219131,-2.22429,51.87054,2,2,1,23:55,-1,E07000081,4,2,1,0,1,19,3,7,0,1,11,0,0,1,0,0,0,10,13
2024531503278,2024,531503278,385070,207804,-2.21776,51.76871,3,3,2,07:38,-1,E07000082,3,0,2,1,2,"[19, 9]","[6, 1]","[2, 5]",0,0,0,1,0,1,0,0,0,10,14
2024531503732,2024,531503732,384618,219136,-2.22482,51.87058,3,3,4,11:55,-1,E07000081,3,0,1,0,1,"[5, 19]","[1, 7]","[5, 3]",0,0,0,1,1,0,0,0,0,8,14
2024531504171,2024,531504171,384619,198896,-2.2239,51.68861,3,3,3,19:50,-1,E07000082,4,2,2,1,2,19,1,1,12,0,0,0,0,1,0,0,0,10,15
2024531504493,2024,531504493,385836,217127,-2.20704,51.85255,3,3,4,08:31,-1,E07000081,6,0,1,1,1,19,5,1,0,0,0,1,0,0,0,0,0,10,16
2024531504640,2024,531504640,419991,232272,-1.71029,51.98855,3,3,3,13:08,-1,E07000079,3,0,1,0,2,"[9, 19]","[3, 1]","[7, 5]",0,0,0,1,0,0,0,1,0,10,15
2024531504700,2024,531504700,355915,210881,-2.64063,51.79483,3,3,4,19:36,-1,E07000080,6,2,2,1,2,19,1,5,0,0,0,1,0,0,0,0,0,10,16
2024531505013,2024,531505013,391166,209747,-2.12947,51.78631,3,3,5,10:10,-1,E07000082,6,0,1,0,2,19,"[5, 7]","[1, 3]",0,0,0,1,0,0,0,0,0,10,17
2024531505137,2024,531505137,385098,202796,-2.21714,51.72368,3,3,5,16:02,-1,E07000082,6,0,1,1,2,19,"[8, 4]","[4, 8]",0,"[1, 0]",0,1,0,0,0,0,0,10,17
2024531505142,2024,531505142,394569,216496,-2.08024,51.84703,3,3,5,15:15,-1,E07000079,3,0,1,0,2,"[5, 19]","[5, 7]","[1, 3]",0,0,0,1,0,0,0,1,0,10,17
2024531505447,2024,531505447,395650,222794,-2.06463,51.90367,2,2,6,08:45,-1,E07000078,6,0,1,0,1,"[5, 19]","[5, 4]",8,0,0,0,1,0,0,0,0,0,10,18
2024531505629,2024,531505629,395588,226669,-2.06559,51.93851,3,3,3,19:16,-1,E07000083,6,0,9,0,1,"[6, 19]","[1, 7]","[5, 3]",0,0,0,1,1,0,0,0,0,8,27
2024531505715,2024,531505715,400529,218681,-1.99372,51.86671,2,2,7,03:47,-1,E07000079,3,2,2,1,2,19,7,3,0,1,4,1,0,0,0,0,0,10,19
2024531505816,2024,531505816,367581,212372,-2.47162,51.80904,3,3,7,11:30,-1,E07000080,6,0,1,0,2,"[19, 4]",8,4,0,0,0,1,0,0,0,0,0,10,19
2024531505823,2024,531505823,396789,210536,-2.04796,51.79347,3,3,6,15:30,-1,E07000079,3,0,1,0,2,"[3, 19]",5,1,0,0,0,1,0,0,0,0,0,10,18
2024531505862,2024,531505862,384696,219129,-2.22368,51.87052,3,3,5,17:15,-1,E07000081,4,0,1,0,1,19,3,7,0,0,0,1,0,0,0,0,1,10,17
2024531506007,2024,531506007,385255,218157,-2.21552,51.8618,3,3,2,07:50,-1,E07000081,3,0,2,1,1,"[5, 9]","[5, 1]","[1, 6]",0,0,0,1,0,0,0,0,0,10,14
2024531506293,2024,531506293,382233,219150,-2.25946,51.87064,3,3,2,00:42,-1,E07000081,3,2,1,0,2,19,3,7,0,"[2, 0]",0,1,0,0,0,0,0,10,21
2024531506432,2024,531506432,383486,219364,-2.24127,51.8726,3,3,2,18:05,-1,E07000081,3,0,1,0,1,19,5,1,0,0,0,1,0,0,0,0,1,10,7
2024531506573,2024,531506573,391848,222064,-2.11988,51.89706,3,3,3,09:25,-1,E07000078,3,0,1,0,1,"[19, 12]",6,2,0,0,0,1,0,0,0,0,0,10,8
2024531507065,2024,531507065,383537,219728,-2.24055,51.87587,3,3,6,11:00,-1,E07000081,3,0,1,0,1,19,"[3, 1]","[7, 5]",0,0,0,1,1,0,0,0,0,10,18
2024531507210,2024,531507210,416754,222554,-1.7579,51.90128,3,3,3,19:15,-1,E07000079,6,2,1,0,2,19,3,7,0,0,0,1,0,0,0,0,0,10,22
2024531507241,2024,531507241,380960,204765,-2.27715,51.74126,3,3,4,03:37,-1,E07000082,3,2,1,0,1,"[7, 9]","[5, 8]","[8, 5]",0,0,0,1,0,0,0,0,0,10,23
2024531507425,2024,531507425,368295,201143,-2.46024,51.70812,3,3,3,17:02,-1,E07000082,6,0,1,0,2,"[19, 2]","[1, 0]","[5, 0]",0,0,0,1,0,0,0,0,0,10,22
2024531507463,2024,531507463,394329,223003,-2.08384,51.90554,3,3,3,15:03,-1,E07000078,6,0,1,0,1,"[2, 19]","[0, 5]","[0, 1]",0,0,0,1,0,0,0,0,1,10,22
2024531507692,2024,531507692,382816,218025,-2.25093,51.86054,3,3,7,00:30,-1,E07000081,3,2,1,0,1,"[6, 19]","[1, 5]","[5, 1]",0,0,0,1,1,0,0,0,0,5,4
2024531507711,2024,531507711,361615,206156,-2.55747,51.75277,3,3,4,15:41,-1,E07000080,6,0,1,0,2,19,5,1,0,0,0,1,0,0,0,0,1,10,23
2024531507736,2024,531507736,389735,203264,-2.15002,51.728,3,3,4,17:12,-1,E07000082,6,0,1,0,1,19,"[3, 1]","[7, 5]",0,0,0,1,0,0,0,0,0,10,23
2024531507943,2024,531507943,394145,223403,-2.08652,51.90913,3,3,5,08:30,-1,E07000078,6,0,1,0,1,19,"[8, 4]","[4, 8]",0,0,0,0,1,0,1,0,0,10,24
2024531508024,2024,531508024,400129,218529,-1.99953,51.86534,3,3,5,10:02,-1,E07000079,3,0,1,0,2,19,"[3, 7]","[7, 3]",0,"[2, 0]",0,1,0,0,0,0,0,10,24
2024531508086,2024,531508086,376110,218649,-2.34835,51.8659,2,2,5,06:53,-1,E07000080,3,2,1,1,2,"[19, 9]","[7, 6]",3,0,0,0,1,0,1,0,0,0,10,24
2024531508101,2024,531508101,387716,196149,-2.179,51.66398,3,3,5,12:35,-1,E07000079,4,0,1,0,2,19,1,5,0,1,0,1,0,0,0,0,0,10,24
2024531508179,2024,531508179,402248,197563,-1.96889,51.67683,3,3,4,11:53,-1,E07000079,6,0,1,0,2,"[19, 8]","[7, 5, 3]","[3, 1, 7]",0,"[3, 1]",0,1,0,0,0,0,0,10,23
2024531508349,2024,531508349,363701,207068,-2.52734,51.76111,3,3,6,08:28,-1,E07000080,6,0,2,1,2,"[5, 7]","[7, 4]","[3, 8]",0,0,0,1,0,0,0,0,0,10,25
2024531508547,2024,531508547,392788,201867,-2.10579,51.71548,3,3,6,10:52,-1,E07000079,3,0,1,0,2,19,3,7,0,7,0,1,0,0,0,0,0,10,25
2024531508818,2024,531508818,369470,218433,-2.44476,51.86364,3,3,7,07:50,-1,E07000080,3,0,1,1,2,"[19, 13]",7,3,0,"[0, 2]","[0, 10]",1,0,0,0,0,0,10,26
2024531509167,2024,531509167,382420,216745,-2.25662,51.84902,2,"[3, 2]",1,12:52,-1,E07000081,6,0,1,0,1,19,3,7,0,1,0,1,0,0,0,0,1,10,27
2024531509343,2024,531509343,381507,214946,-2.26978,51.83282,3,3,4,08:10,-1,E07000081,6,0,1,0,1,"[5, 19]","[8, 7]","[4, 3]",0,0,0,1,0,0,0,0,0,10,23
2024531509384,2024,531509384,383444,218228,-2.24183,51.86239,3,3,6,12:09,-1,E07000081,6,0,1,0,1,"[19, 3]","[1, 3]","[5, 7]",0,0,0,1,0,0,0,0,0,10,11
2024531509693,2024,531509693,375331,198408,-2.35822,51.68388,2,2,2,18:27,-1,E07000082,3,2,1,1,1,"[19, 9]","[1, 5]","[5, 3]",0,0,0,1,0,1,0,0,0,10,28
2024531509697,2024,531509697,384322,218341,-2.22908,51.86343,3,3,2,19:25,-1,E07000081,6,2,1,0,1,"[19, 9]",5,"[1, 7]",0,0,0,1,0,1,0,0,0,10,28
2024531509819,2024,531509819,394561,221132,-2.08044,51.88872,3,3,1,13:00,-1,E07000078,6,0,1,0,1,"[5, 2]","[7, 0]","[3, 0]",0,0,0,1,0,0,0,0,0,10,27
2024531509876,2024,531509876,383740,217213,-2.23748,51.85327,3,3,2,13:30,-1,E07000081,6,0,1,0,1,"[19, 9]","[1, 3]","[5, 1]",0,"[0, 1]","[0, 11]",1,0,0,0,0,0,10,28
2024531509904,2024,531509904,381696,219632,-2.26728,51.87495,3,3,2,15:50,-1,E07000081,3,0,1,0,2,12,3,7,0,0,0,1,0,0,0,0,0,10,28
2024531509924,2024,531509924,390918,201879,-2.13286,51.71556,3,3,3,11:00,-1,E07000082,3,0,1,0,2,19,"[1, 7]",3,0,0,0,1,1,0,0,0,0,10,29
2024531509929,2024,531509929,391709,218102,-2.1218,51.86144,3,3,3,09:45,-1,E07000083,3,0,1,0,2,"[5, 19]","[3, 5]","[7, 1]",0,0,0,1,0,0,0,0,0,10,29
2024531510097,2024,531510097,403542,202976,-1.95012,51.72549,3,3,3,16:11,-1,E07000079,3,0,1,1,2,19,1,5,0,4,0,1,0,0,0,0,0,10,29
2024531510194,2024,531510194,385063,220698,-2.21842,51.88464,3,3,1,17:15,-1,E07000081,3,2,1,0,2,19,3,7,0,4,1,1,0,0,0,0,0,10,27
2024531510206,2024,531510206,382896,217797,-2.24976,51.85849,3,3,3,16:00,-1,E07000081,3,0,1,0,1,"[19, 4]",7,3,0,0,0,1,0,1,0,0,0,6,4
2024531510207,2024,531510207,379767,223381,-2.29552,51.90859,3,3,4,18:50,-1,E07000080,3,0,1,0,2,19,5,2,0,0,0,0,0,1,0,0,0,8,7
2024531510272,2024,531510272,395483,227254,-2.06712,51.94377,3,3,6,14:50,-1,E07000083,6,0,1,0,1,"[2, 5]","[0, 3]","[0, 7]",0,0,0,1,0,0,0,0,0,10,25
2024531510333,2024,531510333,421510,200036,-1.69017,51.69866,2,2,3,17:09,-1,E07000079,3,0,1,0,2,19,"[1, 5]","[5, 1]",0,"[0, 1]","[0, 11]",1,0,0,0,0,0,10,22
2024531510547,2024,531510547,391413,233780,-2.1265,52.00239,3,3,4,14:13,-1,E07000083,6,0,1,0,1,"[19, 9]","[1, 5]","[5, 3]",0,0,0,1,0,0,0,0,0,10,30
2024531510549,2024,531510549,420169,221485,-1.70833,51.89156,3,3,6,18:49,-1,E07000079,3,0,1,0,2,"[19, 5]","[4, 6, 8]","[8, 2, 4]","[0, 1]",0,0,1,0,0,0,0,0,6,7
2024531510654,2024,531510654,398938,218500,-2.01683,51.86508,3,3,4,23:40,-1,E07000079,3,2,1,0,2,19,7,3,0,7,11,1,0,0,0,0,0,10,30
2024531510975,2024,531510975,400063,200265,-2.00049,51.70113,3,3,5,15:05,-1,E07000079,3,0,1,0,2,"[5, 19]","[5, 2]","[1, 6]",0,0,0,1,0,0,0,0,0,10,31
2024531510998,2024,531510998,419925,212037,-1.71242,51.80662,2,2,5,08:48,-1,E07000079,3,0,7,0,2,19,"[8, 4]","[4, 8]",0,"[1, 0]",0,1,0,0,0,0,0,10,31
2024531511246,2024,531511246,392595,214359,-2.10885,51.8278,3,3,5,06:09,-1,E07000079,4,2,7,0,2,19,"[7, 1]","[3, 7]",0,0,0,1,0,0,0,0,0,10,31
2024531511663,2024,531511663,407703,216811,-1.88958,51.84984,3,3,7,05:32,-1,E07000079,6,2,1,0,2,19,4,8,0,1,9,1,0,0,0,0,0,11,2
2024531511799,2024,531511799,360672,207493,-2.57128,51.76473,3,3,5,18:49,-1,E07000080,6,2,8,0,2,19,1,1,0,0,0,1,0,0,0,0,0,10,31
2024531511900,2024,531511900,404892,230474,-1.9302,51.97272,3,3,1,05:59,-1,E07000083,6,2,1,0,2,19,5,7,0,7,4,1,0,0,0,0,0,11,3
2024531512148,2024,531512148,393002,221808,-2.1031,51.89478,3,3,6,13:30,-1,E07000078,3,0,1,1,1,14,3,7,0,0,0,0,0,1,0,0,1,10,25
2024531512157,2024,531512157,395118,231818,-2.0725,51.9848,3,3,1,19:22,-1,E07000083,3,2,1,0,2,"[9, 19]",1,"[7, 1]",0,0,0,1,0,0,0,0,0,11,3
2024531512174,2024,531512174,395267,224589,-2.07023,51.9198,3,3,2,06:40,-1,E07000078,3,2,1,0,2,"[3, 19]",5,1,0,0,0,1,0,0,0,0,0,11,4
2024531512221,2024,531512221,394933,222862,-2.07506,51.90427,3,3,3,18:10,-1,E07000078,6,0,2,1,1,"[5, 19]","[7, 5]","[5, 1]",0,0,0,1,1,0,0,0,0,10,8
2024531512418,2024,531512418,394911,222809,-2.07538,51.9038,3,3,2,17:22,-1,E07000078,3,2,1,0,1,19,3,7,0,0,0,1,0,0,0,0,1,11,4
2024531512421,2024,531512421,393667,224196,-2.09348,51.91625,3,3,7,10:20,-1,E07000078,6,0,1,0,1,9,"[6, 2]","[4, 8]",0,0,0,1,0,1,0,0,0,11,2
2024531512829,2024,531512829,358827,210914,-2.59842,51.79535,3,3,3,16:20,-1,E07000080,6,0,7,1,1,19,5,1,0,0,0,1,0,0,0,0,1,11,5
2024531512833,2024,531512833,359850,200070,-2.58233,51.69793,3,3,3,17:10,-1,E07000080,3,2,7,1,2,"[6, 19]",1,5,0,0,0,1,0,0,0,1,0,11,5
2024531513149,2024,531513149,382899,217789,-2.24972,51.85842,3,3,3,10:10,-1,E07000081,3,0,1,0,1,"[3, 5]",3,7,0,0,0,1,0,0,0,0,0,11,5
2024531513178,2024,531513178,396394,221127,-2.0538,51.88869,3,3,4,16:34,-1,E07000078,6,0,1,0,1,"[7, 19]",3,7,0,0,0,1,1,0,0,0,0,11,6
2024531513324,2024,531513324,395375,221099,-2.06861,51.88843,3,3,5,07:32,-1,E07000078,3,0,1,0,1,"[19, 13]","[4, 3]",7,0,0,0,1,1,0,0,0,0,11,7
2024531513391,2024,531513391,391209,221829,-2.12916,51.89494,3,3,4,09:56,-1,E07000078,3,0,1,0,1,"[11, 19]",7,3,0,"[0, 1]","[0, 7]",1,0,0,1,0,0,11,6
2024531513538,2024,531513538,388454,198625,-2.16841,51.68626,2,2,5,12:30,-1,E07000079,6,0,8,1,2,"[9, 19]",1,5,0,0,0,1,0,1,0,0,0,11,7
2024531513703,2024,531513703,388334,218009,-2.17081,51.86054,3,3,4,06:50,-1,E07000083,6,0,1,0,2,"[15, 19]","[3, 7]","[7, 3]",0,"[0, 1]","[0, 9]",1,1,0,0,0,0,11,6
2024531513938,2024,531513938,384798,217261,-2.22212,51.85373,2,2,6,11:41,-1,E07000081,6,0,1,0,1,"[19, 9]","[3, 1]","[7, 5]",0,0,0,1,0,1,0,0,0,11,8
2024531513991,2024,531513991,402118,202634,-1.97074,51.72242,3,3,6,10:55,-1,E07000079,3,0,1,0,1,19,"[3, 7]","[7, 3]",0,0,0,1,0,0,0,0,0,11,8
2024531514303,2024,531514303,364197,203157,-2.51975,51.72598,2,2,4,16:00,-1,E07000080,6,0,1,0,2,19,8,4,0,0,0,1,0,0,0,0,1,11,6
2024531514350,2024,531514350,368565,233116,-2.45925,51.99559,3,3,6,17:27,-1,E07000080,4,2,1,0,2,"[19, 9]",8,"[4, 6]",0,0,0,1,0,0,0,1,0,11,8
2024531514399,2024,531514399,393038,214786,-2.10243,51.83164,3,3,2,05:50,-1,E07000079,3,2,1,0,2,"[9, 19]","[5, 1]","[1, 5]",0,"[0, 6]","[0, 4]",1,0,0,0,0,0,11,4
2024531514606,2024,531514606,365487,209049,-2.50166,51.77903,3,3,5,20:52,-1,E07000080,6,0,1,0,2,19,"[2, 6]","[6, 2]",0,"[1, 0]",0,1,0,0,0,0,0,6,20
2024531514927,2024,531514927,391700,233845,-2.12232,52.00298,3,3,6,19:55,-1,E07000083,1,2,1,0,1,19,1,5,0,0,0,1,0,0,0,0,0,11,8
2024531515054,2024,531515054,382318,217884,-2.25816,51.85926,2,2,2,16:12,-1,E07000081,6,0,1,0,1,"[19, 9]","[7, 3]","[3, 7]",0,"[1, 0]","[1, 0]",1,0,1,0,0,0,11,11
2024531515393,2024,531515393,382384,215502,-2.25708,51.83784,3,3,3,17:23,-1,E07000081,3,2,1,0,1,"[19, 3]",3,7,0,0,0,1,0,1,0,0,0,11,12
2024531515627,2024,531515627,383528,204603,-2.23995,51.73989,3,3,3,19:17,-1,E07000082,3,2,7,0,1,19,4,8,0,0,0,1,0,0,0,0,1,11,5