collision_index,collision_year,collision_ref_no,location_easting_osgr,location_northing_osgr,longitude,latitude,casualty_severity,casualty_severity,day_of_week,time,local_authority_district,local_authority_ons_district,first_road_class,light_conditions,weather_conditions,road_surface_conditions,urban_or_rural_area,vehicle_manoeuvre,vehicle_direction_from,vehicle_direction_to,hit_object_in_carriageway,vehicle_leaving_carriageway,hit_object_off_carriageway,is_car,is_cyle,is_mcyle,is_goodsv,is_other,is_pedestrian,month,day
2024531515655,2024,531515655,395362,223457,-2.06883,51.90963,3,3,7,18:15,-1,E07000078,3,2,1,0,1,19,5,1,0,0,0,1,0,0,0,0,1,11,9
2024531515798,2024,531515798,395117,231821,-2.07251,51.98482,3,3,4,10:54,-1,E07000083,3,0,1,0,2,"[19, 9]","[1, 3]","[5, 1]",0,"[7, 0]","[4, 0]",1,0,0,0,0,0,11,13
2024531516141,2024,531516141,393795,223447,-2.09161,51.90952,3,3,4,15:41,-1,E07000078,3,0,8,0,1,"[19, 9]","[7, 3]","[3, 1]",0,0,0,1,0,0,0,0,0,11,13
2024531516803,2024,531516803,394609,221130,-2.07974,51.8887,3,3,5,11:34,-1,E07000078,3,0,1,0,1,"[19, 5]",1,5,0,0,0,1,1,0,0,0,0,11,14
2024531516856,2024,531516856,367879,198915,-2.46606,51.68806,3,3,6,14:16,-1,E07000082,6,0,1,0,2,19,8,5,0,1,0,1,0,0,0,0,0,11,15
2024531516998,2024,531516998,353929,194486,-2.66726,51.64727,3,3,5,16:17,-1,E07000080,6,0,1,0,1,"[5, 19]","[3, 1]","[7, 5]",0,0,0,1,1,0,0,0,0,11,7
2024531517005,2024,531517005,392601,233237,-2.10918,51.99753,2,2,6,18:15,-1,E07000083,3,2,1,0,2,"[3, 19]",3,7,0,0,0,1,0,0,0,0,0,11,15
2024531517125,2024,531517125,375560,193345,-2.35455,51.63837,2,2,3,15:20,-1,E07000082,4,0,1,0,2,19,2,6,0,0,0,1,0,0,0,0,1,11,12
2024531517138,2024,531517138,375437,199694,-2.35678,51.69545,3,3,5,17:00,-1,E07000082,6,2,1,0,1,19,4,8,0,0,0,1,0,0,0,0,1,11,14
2024531517273,2024,531517273,414371,204753,-1.79327,51.7413,3,3,6,20:25,-1,E07000079,6,2,1,0,2,19,5,1,10,1,11,1,0,0,0,0,0,11,15
2024531517526,2024,531517526,368668,214128,-2.45602,51.82489,2,"[3, 2]",1,15:01,-1,E07000080,3,0,1,0,2,19,5,1,10,1,0,1,0,0,0,0,0,11,17
2024531517612,2024,531517612,383703,218097,-2.23806,51.86122,2,"[2, 3]",7,14:03,-1,E07000081,4,0,1,0,1,19,8,4,0,0,0,1,0,0,0,0,1,11,16
2024531517861,2024,531517861,414355,242197,-1.79195,52.07795,3,3,2,11:12,-1,E07000079,4,0,1,1,2,19,1,5,0,1,9,1,0,0,0,0,0,11,18
2024531517909,2024,531517909,388767,235623,-2.1651,52.01891,3,3,2,10:05,-1,E07000083,3,0,1,0,2,"[9, 19]","[3, 1]","[1, 5]",0,"[0, 7]","[0, 11]",1,0,0,0,0,0,11,18
2024531517936,2024,531517936,392969,223591,-2.10362,51.91081,2,2,4,17:55,-1,E07000078,3,2,1,0,1,"[19, 5]",1,"[1, 5]",0,0,0,1,0,1,0,0,0,1,3
2024531517941,2024,531517941,392899,221360,-2.10459,51.89075,3,3,5,18:40,-1,E07000078,6,2,9,0,1,7,1,6,0,0,0,1,0,0,0,0,1,10,31
2024531518078,2024,531518078,369859,230739,-2.4402,51.97429,2,2,5,04:40,-1,E07000080,6,2,1,1,2,19,5,1,0,1,0,1,0,0,0,0,0,11,14
2024531518092,2024,531518092,383093,218630,-2.24694,51.86599,3,3,7,20:29,-1,E07000081,6,2,1,0,1,5,4,8,0,0,0,1,0,0,0,0,1,11,16
2024531518202,2024,531518202,392350,223238,-2.11261,51.90762,3,3,2,14:30,-1,E07000078,6,0,1,0,1,"[19, 8]",7,"[3, 1]",0,0,0,1,0,0,0,0,0,11,11
2024531518294,2024,531518294,369564,214264,-2.44303,51.82616,2,"[3, 2]",3,12:25,-1,E07000080,6,0,2,1,2,"[2, 3]","[1, 5]","[5, 1]",0,0,0,0,0,0,1,1,1,11,19
2024531518328,2024,531518328,367125,220818,-2.47904,51.88494,3,3,6,19:30,-1,E07000080,3,2,1,0,2,"[3, 19]",1,5,0,0,0,1,0,0,0,0,0,11,15
2024531518358,2024,531518358,385375,202676,-2.21312,51.72261,2,2,3,16:40,-1,E07000082,6,2,3,1,1,"[19, 9]","[4, 8]","[8, 4]",0,0,0,1,0,0,0,0,0,11,19
2024531518433,2024,531518433,380977,213960,-2.27741,51.82393,3,3,2,15:32,-1,E07000081,4,0,2,2,1,"[6, 14]","[5, 1]","[1, 5]",0,0,0,1,0,1,0,0,0,11,18
2024531518813,2024,531518813,376081,197885,-2.34734,51.67922,2,2,4,10:45,-1,E07000082,6,0,1,1,1,"[9, 10]","[7, 5]","[5, 3]",0,0,0,1,1,0,0,0,0,11,20
2024531518932,2024,531518932,405790,199766,-1.91763,51.69661,3,3,4,16:52,-1,E07000079,3,2,1,0,2,"[19, 4]",1,5,0,0,0,1,0,0,0,0,0,11,20
2024531519475,2024,531519475,384815,199722,-2.2211,51.69604,3,3,5,12:42,-1,E07000082,6,0,1,1,1,"[5, 19]","[1, 7]","[7, 3]",0,0,0,1,0,0,0,0,0,11,21
2024531519507,2024,531519507,387633,201144,-2.18038,51.70889,3,3,5,15:40,-1,E07000082,6,0,1,1,1,"[14, 3]",3,7,0,0,0,1,0,0,1,0,1,11,21
2024531519551,2024,531519551,405685,199957,-1.91914,51.69833,3,3,4,16:45,-1,E07000079,3,2,1,0,2,19,8,4,0,1,9,0,0,0,1,0,0,11,20
2024531519555,2024,531519555,391775,220816,-2.12091,51.88584,3,3,5,16:50,-1,E07000078,6,2,1,1,1,"[7, 19]","[7, 3]","[1, 7]",0,0,0,1,1,0,0,0,0,11,21
2024531519564,2024,531519564,397006,219991,-2.0449,51.87848,3,3,5,17:15,-1,E07000078,6,2,2,1,1,"[2, 19]","[0, 4]","[0, 8]",0,0,0,1,0,0,0,0,0,11,21
2024531519594,2024,531519594,388765,215072,-2.16445,51.83414,2,"[2, 3]",4,12:20,-1,E07000083,3,0,1,1,2,19,"[6, 2]","[2, 6]",0,0,0,1,0,0,0,0,0,11,20
2024531519610,2024,531519610,392885,223190,-2.10483,51.9072,3,3,5,20:10,-1,E07000078,6,2,1,0,1,19,"[6, 4]","[2, 8]",0,"[1, 0]","[2, 0]",1,0,0,0,0,0,11,21
2024531519621,2024,531519621,395629,221742,-2.06493,51.89421,3,3,4,17:20,-1,E07000078,3,2,1,1,1,"[9, 19]","[4, 8]","[2, 4]",0,0,0,1,1,0,0,0,0,11,20
2024531519651,2024,531519651,404781,232424,-1.93178,51.99025,3,3,5,22:00,-1,E07000083,4,2,1,2,2,"[4, 19]",3,7,0,"[0, 7]",0,1,0,0,0,0,0,11,21
2024531519757,2024,531519757,384811,216485,-2.2219,51.84675,3,3,6,06:40,-1,E07000081,4,2,1,1,1,"[19, 9]","[5, 7]","[1, 3]",0,0,0,1,0,1,0,0,0,11,22
2024531519871,2024,531519871,385242,222650,-2.21591,51.90219,3,3,6,08:25,-1,E07000083,6,0,1,1,2,"[19, 9, 8]","[1, 5, 3]","[5, 1, 7]",0,0,0,1,0,0,0,0,0,11,22
2024531519917,2024,531519917,402140,232526,-1.97024,51.99118,3,3,5,17:00,-1,E07000083,4,2,1,0,2,"[19, 9]","[3, 5]","[7, 3]",0,0,0,1,0,0,0,0,0,11,21
2024531520118,2024,531520118,383594,218557,-2.23966,51.86535,3,3,6,16:01,-1,E07000081,3,0,8,0,1,"[19, 9]","[8, 4]","[4, 8]",0,0,0,1,0,0,0,0,0,11,22
2024531520135,2024,531520135,383390,217783,-2.24259,51.85838,2,2,6,12:04,-1,E07000081,3,0,1,1,1,"[19, 5]","[1, 3]","[5, 7]",0,0,0,1,1,0,0,0,0,11,22
2024531520143,2024,531520143,386334,219848,-2.19992,51.87703,3,3,6,18:41,-1,E07000081,3,2,1,0,1,"[4, 19]",5,1,0,0,0,1,0,0,0,0,0,11,22
2024531520616,2024,531520616,394979,221995,-2.07437,51.89648,3,3,7,01:11,-1,E07000078,3,2,2,1,1,9,1,7,0,0,0,0,0,1,0,0,0,11,23
2024531520664,2024,531520664,392885,223191,-2.10483,51.90721,3,3,7,15:00,-1,E07000078,6,0,5,1,1,19,"[6, 4]","[2, 8]",0,0,0,1,0,0,0,0,0,11,23
2024531520744,2024,531520744,394774,216446,-2.07727,51.84659,3,3,1,10:26,-1,E07000079,3,0,5,1,2,"[19, 12]","[3, 7]","[7, 3]",0,"[1, 0]","[9, 0]",1,0,0,0,0,0,11,24
2024531520791,2024,531520791,390392,230331,-2.14127,51.97137,3,3,7,08:15,-1,E07000083,6,0,1,1,2,19,1,5,0,0,0,1,0,0,0,0,1,11,23
2024531520811,2024,531520811,379180,220108,-2.30386,51.87914,3,3,1,13:16,-1,E07000083,4,0,5,1,2,19,"[8, 4]","[4, 8]",0,0,0,1,0,0,0,0,0,11,24
2024531520814,2024,531520814,384512,216777,-2.22625,51.84937,3,3,7,07:45,-1,E07000081,3,0,1,0,1,5,3,7,0,0,0,1,0,0,0,0,1,11,2
2024531520893,2024,531520893,398858,233331,-2.01804,51.99842,3,3,1,06:20,-1,E07000083,4,2,5,1,2,15,7,3,0,0,0,1,0,0,0,0,0,11,24
2024531521237,2024,531521237,360899,211573,-2.56845,51.80142,3,3,2,14:07,-1,E07000080,4,0,1,1,2,19,7,3,0,0,0,1,0,0,1,0,0,11,25
2024531521674,2024,531521674,381729,215328,-2.26658,51.83626,2,2,2,16:48,-1,E07000081,3,2,1,0,1,"[19, 11]","[7, 1]",3,0,0,0,1,0,1,0,0,0,11,25
2024531521851,2024,531521851,394120,224137,-2.0869,51.91573,3,3,3,16:52,-1,E07000078,6,2,1,0,1,"[6, 2]","[3, 0]","[7, 0]",0,"[1, 0]",0,1,0,0,0,0,0,11,26
2024531521856,2024,531521856,395270,220198,-2.07012,51.88033,3,3,3,16:40,-1,E07000078,6,2,1,0,1,"[19, 4]",1,5,0,0,0,1,0,0,0,0,0,11,26
2024531522075,2024,531522075,385078,216025,-2.218,51.84262,1,1,1,00:14,-1,E07000081,4,2,5,1,1,19,4,8,0,0,0,1,0,0,0,0,1,11,24
2024531522123,2024,531522123,384870,205249,-2.22055,51.74573,3,3,7,14:23,-1,E07000082,3,0,2,1,1,19,4,8,0,0,0,1,0,0,0,0,1,11,23
2024531522441,2024,531522441,384640,218865,-2.22449,51.86815,3,3,3,18:35,-1,E07000081,4,2,1,0,1,19,7,3,0,0,0,1,0,0,0,0,0,11,26
2024531522444,2024,531522444,354017,205179,-2.6674,51.74341,3,3,2,18:09,-1,E07000080,3,2,1,1,2,19,8,4,11,0,0,1,0,0,0,0,0,11,25
2024531522598,2024,531522598,394690,222157,-2.07858,51.89793,3,3,5,10:22,-1,E07000078,3,0,1,1,1,"[9, 19]","[5, 1]","[3, 5]",0,0,0,1,0,0,0,0,0,11,28
2024531522659,2024,531522659,414788,200904,-1.78739,51.70668,3,3,7,21:03,-1,E07000079,3,2,1,0,2,19,"[4, 2]","[8, 6]",0,0,0,1,0,0,0,0,0,11,9
2024531523210,2024,531523210,392479,221904,-2.1107,51.89563,3,3,5,10:57,-1,E07000078,3,0,1,0,1,19,8,4,0,0,0,1,0,0,0,0,1,11,7
2024531523239,2024,531523239,421442,199572,-1.69118,51.69449,3,3,2,14:10,-1,E07000079,3,0,1,0,2,"[19, 9]","[5, 3]",1,0,0,0,1,0,0,0,0,0,11,25
2024531523320,2024,531523320,385239,215540,-2.21564,51.83827,3,3,6,15:29,-1,E07000081,6,0,1,0,1,19,3,7,0,0,0,1,0,0,0,0,1,11,29
2024531523472,2024,531523472,391626,221935,-2.1231,51.8959,3,3,6,20:12,-1,E07000078,3,2,1,0,1,"[19, 4]",3,7,0,0,0,1,0,0,0,0,0,11,29
2024531523675,2024,531523675,373277,196566,-2.38779,51.66723,2,2,7,13:07,-1,E07000082,6,0,2,1,2,19,"[1, 5]","[5, 1]",0,0,0,1,1,0,0,0,0,11,30
2024531523722,2024,531523722,395303,222572,-2.06967,51.90167,3,3,7,16:17,-1,E07000078,3,0,1,1,1,4,5,3,0,0,0,1,0,0,0,0,1,11,30
2024531523944,2024,531523944,383398,217788,-2.24247,51.85843,3,3,4,14:17,-1,E07000081,3,0,1,0,1,"[9, 19]","[5, 1]","[1, 5]",0,0,0,1,0,0,0,0,0,11,20
2024531524007,2024,531524007,395215,220149,-2.07092,51.87988,3,3,1,13:23,-1,E07000078,6,0,1,1,1,"[9, 19]","[2, 7]","[7, 3]",0,0,0,0,1,0,1,0,0,12,1
2024531524239,2024,531524239,383420,215723,-2.24205,51.83986,2,2,2,15:50,-1,E07000081,6,0,1,0,1,"[3, 19]","[3, 4]","[4, 1]",0,0,0,1,1,0,0,0,0,11,11
2024531524324,2024,531524324,382541,217207,-2.25489,51.85318,3,3,3,16:00,-1,E07000081,6,0,1,0,1,19,"[5, 6]","[6, 2]",0,0,0,1,1,0,0,0,0,11,12
2024531524342,2024,531524342,389675,220881,-2.15142,51.88639,3,3,2,12:25,-1,E07000083,1,0,1,0,2,"[4, 19]",5,1,0,0,0,1,0,0,0,0,0,12,2
2024531524431,2024,531524431,358857,210688,-2.59795,51.79332,2,2,2,10:32,-1,E07000080,6,0,1,0,1,19,"[1, 6]","[5, 4]",0,0,0,1,0,0,0,0,0,12,2
2024531524443,2024,531524443,388530,199654,-2.16735,51.69552,3,3,2,11:47,-1,E07000082,6,0,1,0,2,19,"[5, 7]","[1, 3]",0,"[7, 0]","[11, 0]",1,0,0,0,0,0,12,2
2024531524507,2024,531524507,389409,203755,-2.15476,51.73241,2,2,2,09:18,-1,E07000082,6,0,1,1,1,19,2,6,0,0,0,1,0,0,0,0,1,12,2
2024531525117,2024,531525117,385610,218301,-2.21037,51.8631,2,2,2,12:00,-1,E07000081,6,0,1,0,1,"[9, 19]","[7, 3]","[5, 7]",0,0,0,1,0,0,0,0,0,12,2
2024531525360,2024,531525360,385974,218673,-2.2051,51.86646,3,3,3,16:20,-1,E07000081,3,2,1,1,1,"[4, 19]",7,3,0,"[0, 4]","[0, 7]",1,0,0,0,0,0,12,3
2024531525480,2024,531525480,384980,218656,-2.21954,51.86628,3,3,1,19:24,-1,E07000081,3,2,1,1,1,"[10, 19]",3,7,0,0,0,1,0,1,0,0,0,12,1
2024531525934,2024,531525934,396161,223216,-2.05721,51.90747,2,2,4,12:45,-1,E07000078,6,0,1,0,1,"[19, 9]","[3, 1]",7,0,0,0,1,0,1,0,0,0,12,4
2024531526224,2024,531526224,415967,239358,-1.76856,52.05238,3,3,4,19:52,-1,E07000079,4,2,1,0,2,"[19, 2]","[7, 0]","[3, 0]",0,0,0,1,0,0,0,0,0,12,4
2024531526253,2024,531526253,395208,227931,-2.07113,51.94985,3,3,3,09:50,-1,E07000083,3,0,1,1,1,19,1,5,0,0,0,1,0,1,0,0,0,12,3
2024531526387,2024,531526387,386299,218447,-2.20038,51.86443,3,3,5,16:04,-1,E07000081,6,2,2,1,1,"[19, 9]","[4, 8]","[4, 8]",0,0,0,1,0,1,0,0,0,12,5
2024531526558,2024,531526558,393375,221968,-2.09768,51.89622,3,3,4,06:05,-1,E07000078,6,2,1,0,1,"[1, 19]","[6, 4]","[2, 8]",0,0,0,1,1,0,0,0,0,12,4
2024531526667,2024,531526667,368484,195615,-2.457,51.65843,3,3,2,10:14,-1,E07000082,6,0,1,1,2,19,"[4, 1]","[8, 5]",0,"[0, 1]","[0, 10]",1,0,0,0,0,0,12,2
2024531527066,2024,531527066,375582,204724,-2.35504,51.74068,3,3,7,10:35,-1,E07000082,3,0,5,1,2,19,5,1,11,1,9,1,0,0,0,0,0,12,7
2024531527109,2024,531527109,384427,217168,-2.2275,51.85288,3,3,7,12:52,-1,E07000081,4,0,2,1,1,19,1,5,0,0,0,1,0,0,0,0,1,12,7
2024531527180,2024,531527180,392947,224195,-2.10395,51.91624,3,3,7,18:40,-1,E07000078,3,2,4,1,1,19,8,4,0,0,0,1,0,0,0,0,1,12,7
2024531527283,2024,531527283,408546,215584,-1.87737,51.8388,3,3,7,23:21,-1,E07000079,6,2,5,1,2,19,"[8, 4]","[4, 8]",0,"[1, 7]",0,1,0,0,0,0,0,12,7
2024531527345,2024,531527345,399404,218503,-2.01006,51.86511,3,3,1,12:00,-1,E07000079,3,0,4,0,2,19,3,7,0,0,0,1,0,0,0,0,0,12,8
2024531527444,2024,531527444,382875,218165,-2.25008,51.8618,3,3,1,14:44,-1,E07000081,3,0,5,1,1,"[19, 2]","[5, 6, 0]","[1, 2, 0]",0,0,0,1,0,0,0,0,0,12,8
2024531527470,2024,531527470,392048,222519,-2.11698,51.90116,3,3,1,17:55,-1,E07000078,3,2,1,1,1,"[19, 2]","[2, 0]","[6, 0]",0,0,0,1,0,0,0,0,0,12,8
2024531527575,2024,531527575,389034,233727,-2.16115,52.00187,2,2,2,07:44,-1,E07000083,3,0,1,0,2,"[9, 19]","[7, 4]","[5, 8]",0,"[7, 0]",0,1,0,1,0,0,0,12,9
2024531528140,2024,531528140,394329,222944,-2.08384,51.90501,3,3,7,16:40,-1,E07000078,3,2,4,1,1,"[15, 2]","[4, 0]","[8, 0]",0,0,0,1,0,0,0,0,0,12,7
2024531528339,2024,531528339,387047,200728,-2.18885,51.70514,3,3,2,09:38,-1,E07000082,6,0,1,0,1,19,7,3,0,0,0,1,0,0,0,0,1,12,9
2024531528923,2024,531528923,397917,198492,-2.03153,51.68518,3,3,4,16:28,-1,E07000079,3,2,1,0,2,19,2,6,0,"[1, 0]","[9, 0]",1,1,1,0,0,0,12,11
2024531529191,2024,531529191,393323,223984,-2.09848,51.91434,3,3,5,11:18,-1,E07000078,6,0,8,0,1,"[9, 19]","[7, 5]","[5, 1]",0,0,0,1,0,0,0,0,0,12,12
2024531529362,2024,531529362,416194,244024,-1.76503,52.09433,2,2,4,17:50,-1,E07000079,4,2,1,0,2,19,5,1,0,0,0,1,0,0,0,0,1,12,11
2024531529442,2024,531529442,355405,195372,-2.64604,51.65536,2,2,5,16:35,-1,E07000080,3,2,1,0,2,"[19, 5]","[7, 1]","[3, 5]",0,0,0,1,0,0,1,0,0,12,12
2024531529847,2024,531529847,391281,191605,-2.12734,51.6232,3,3,6,17:46,-1,E07000079,6,2,1,1,2,"[14, 10, 19, 3]","[1, 5]","[5, 1]",0,0,0,1,0,0,0,0,0,12,13
2024531530169,2024,531530169,419743,230011,-1.71403,51.96823,2,"[2, 3]",7,14:12,-1,E07000079,6,0,1,0,2,19,"[3, 7]","[7, 3]",0,"[0, 8]","[0, 9]",1,0,0,0,0,0,12,14
2024531530218,2024,531530218,366103,213412,-2.49316,51.8183,2,2,7,18:00,-1,E07000080,3,2,1,0,1,9,8,6,0,0,0,0,0,0,0,1,0,12,14
2024531530237,2024,531530237,413796,235241,-1.80039,52.01543,2,2,7,19:15,-1,E07000079,3,2,1,0,2,"[9, 19]","[2, 8]","[8, 6]",0,0,0,1,0,1,0,0,0,12,14
2024531530265,2024,531530265,392593,219098,-2.10899,51.87041,3,3,1,01:56,-1,E07000083,3,2,1,0,2,"[6, 19]","[5, 6]","[1, 2]",0,0,0,1,0,0,0,0,0,12,15
2024531530519,2024,531530519,377374,207554,-2.32927,51.7662,2,2,1,19:30,-1,E07000082,3,2,1,0,2,"[19, 7]",2,6,0,0,0,1,0,0,0,0,0,12,15
2024531530539,2024,531530539,384313,204738,-2.22859,51.74112,3,3,7,21:08,-1,E07000082,3,2,1,0,1,19,5,2,0,0,0,1,0,0,0,0,1,12,14
2024531530924,2024,531530924,395549,226550,-2.06615,51.93744,3,3,5,09:21,-1,E07000083,3,0,1,0,2,"[19, 5]","[5, 7]","[1, 5]",0,0,0,1,1,0,0,0,0,12,12
2024531530942,2024,531530942,381289,229374,-2.27373,51.96253,3,3,2,18:00,-1,E07000080,4,2,1,0,2,"[19, 7]","[2, 7]","[6, 3]",0,"[7, 0]","[9, 0]",1,0,0,0,0,0,12,16
2024531531066,2024,531531066,390081,231677,-2.14584,51.98346,3,3,3,07:06,-1,E07000083,3,2,1,1,2,"[4, 2]",5,1,"[4, 0]",0,0,1,0,0,0,0,0,12,17
2024531531214,2024,531531214,389440,232969,-2.15521,51.99507,2,2,1,14:30,-1,E07000083,6,0,1,0,1,19,"[1, 3]","[5, 7]",0,0,0,1,0,0,0,1,0,12,15
2024531531259,2024,531531259,390199,210006,-2.1435,51.78862,3,3,3,06:45,-1,E07000082,4,2,7,0,2,19,"[2, 6]","[6, 2]",0,"[0, 1]","[0, 1]",1,0,0,0,0,0,12,17
2024531531417,2024,531531417,393171,222974,-2.10067,51.90526,3,3,2,17:17,-1,E07000078,6,2,1,0,1,"[19, 2]","[3, 0]","[7, 0]","[4, 0]",0,0,1,0,0,0,0,0,12,16
2024531531553,2024,531531553,389193,228107,-2.15865,51.95135,1,1,3,16:46,-1,E07000083,3,2,1,0,2,19,1,5,0,0,0,1,0,0,0,0,1,12,17
2024531531764,2024,531531764,385066,207786,-2.21782,51.76855,3,3,4,07:45,-1,E07000082,3,0,4,1,2,"[19, 9]","[6, 7]","[2, 5]",10,"[7, 2]",0,1,0,0,0,0,0,12,18
2024531531858,2024,531531858,394280,221822,-2.08453,51.89492,3,3,4,18:20,-1,E07000078,6,2,1,0,1,19,"[1, 5]","[3, 7]",0,0,0,1,0,0,0,0,0,11,27
2024531532003,2024,531532003,386622,215650,-2.19558,51.83929,2,2,4,16:21,-1,E07000082,1,2,2,1,2,19,1,5,0,0,0,1,0,0,0,0,1,12,18
2024531532406,2024,531532406,383122,218513,-2.24652,51.86494,2,2,3,10:40,-1,E07000081,6,0,1,0,1,19,5,1,0,0,0,0,1,0,0,0,1,12,17
2024531532587,2024,531532587,370171,231401,-2.43571,51.98026,3,3,4,16:46,-1,E07000080,4,2,2,1,2,19,1,5,6,0,0,1,0,0,0,0,0,12,18
2024531532711,2024,531532711,393085,223674,-2.10193,51.91155,3,3,6,08:10,-1,E07000078,3,0,1,0,1,"[7, 19]","[8, 2]","[2, 6]",0,0,0,1,1,0,0,0,0,12,20
2024531532965,2024,531532965,394416,221769,-2.08255,51.89444,3,3,2,13:47,-1,E07000078,3,0,9,0,1,"[9, 19]",3,"[5, 7]",0,0,0,1,1,0,0,0,0,12,16
2024531533155,2024,531533155,354285,194290,-2.66208,51.64554,3,3,6,23:35,-1,E07000080,3,2,1,1,2,"[19, 13]",3,7,0,0,0,1,0,0,0,0,0,12,20
2024531533172,2024,531533172,375710,198052,-2.35272,51.6807,3,3,7,01:52,-1,E07000082,3,2,1,0,1,19,-1,-1,-1,-1,0,0,0,0,0,1,1,12,21
2024531533194,2024,531533194,418630,223810,-1.73057,51.91251,2,2,7,07:15,-1,E07000079,3,2,1,1,2,19,2,6,0,2,4,1,0,0,0,0,0,12,21
2024531533640,2024,531533640,383434,219003,-2.24201,51.86935,3,3,6,17:30,-1,E07000081,6,2,1,1,1,9,5,3,0,0,0,1,0,0,0,0,1,12,20
2024531533705,2024,531533705,395574,221797,-2.06573,51.8947,2,2,3,17:42,-1,E07000078,3,2,2,0,1,"[9, 19]","[6, 2]","[2, 6]",0,0,0,1,1,0,0,0,0,12,17
2024531533734,2024,531533734,365658,214163,-2.49969,51.82502,3,3,6,14:55,-1,E07000080,3,0,2,1,1,19,4,8,0,0,0,1,0,0,0,0,1,12,20
2024531534588,2024,531534588,365485,216527,-2.50244,51.84627,3,3,3,18:51,-1,E07000080,3,2,1,1,2,19,3,7,0,7,0,1,0,0,0,0,0,12,24
2024531534607,2024,531534607,391963,233169,-2.11847,51.99691,3,3,5,07:00,-1,E07000083,3,2,1,0,2,"[19, 13]",7,3,"[10, 0]",0,0,1,0,0,0,0,0,11,21
2024531534760,2024,531534760,401287,210021,-1.98274,51.78884,3,3,4,23:20,-1,E07000079,3,2,7,1,2,19,1,5,0,7,0,1,0,0,0,0,0,12,25
2024531534966,2024,531534966,363528,203278,-2.52945,51.72702,2,2,3,00:56,-1,E07000080,6,2,2,1,2,19,6,2,6,1,11,1,0,0,0,0,0,12,3
2024531535000,2024,531535000,380529,208105,-2.28358,51.77128,2,"[3, 2]",6,07:30,-1,E07000082,4,2,1,1,2,19,"[1, 5]","[5, 1]",0,"[1, 0]",0,1,0,0,0,0,0,12,20
2024531535500,2024,531535500,391928,215832,-2.11857,51.84103,2,"[2, 3]",5,12:25,-1,E07000083,3,0,1,1,2,"[6, 19]",7,3,0,0,0,1,0,0,0,0,0,12,26
2024531535561,2024,531535561,373114,200341,-2.39044,51.70116,3,3,1,15:10,-1,E07000082,1,0,1,0,2,19,1,5,0,0,0,1,0,1,0,0,0,12,22
2024531536114,2024,531536114,388639,218606,-2.1664,51.86591,3,3,3,01:20,-1,E07000083,6,2,1,0,2,19,5,1,0,1,4,1,0,0,0,0,0,12,31
2024531536296,2024,531536296,387373,218075,-2.18476,51.86111,3,3,3,09:21,-1,E07000083,3,0,4,1,2,19,4,8,0,"[0, 3]",0,1,0,0,0,0,0,12,31
2024531536346,2024,531536346,391150,233168,-2.13031,51.99688,3,3,3,15:00,-1,E07000083,3,0,4,0,1,"[14, 3]",3,7,0,0,0,0,0,1,1,0,1,12,31
2024531536676,2024,531536676,386260,216745,-2.20087,51.84913,3,3,1,12:38,-1,E07000081,6,0,1,0,1,19,1,5,0,0,0,1,0,0,0,0,0,12,29
2024531536939,2024,531536939,384574,216920,-2.22536,51.85066,3,3,5,12:20,-1,E07000081,3,0,1,1,1,"[7, 19]","[8, 4]","[4, 2]",0,0,0,1,0,0,0,0,0,12,19
2024531537415,2024,531537415,385444,219421,-2.21283,51.87317,3,3,1,19:16,-1,E07000081,4,2,1,0,1,19,7,3,0,0,0,1,0,0,0,0,1,12,29
2024531537879,2024,531537879,382914,217626,-2.24949,51.85696,2,2,4,17:13,-1,E07000081,6,2,2,1,1,9,4,7,0,0,0,1,0,0,0,0,1,12,18
2024531538139,2024,531538139,383490,204626,-2.2405,51.74009,3,3,2,16:37,-1,E07000082,3,2,1,0,1,19,"[7, 1]","[3, 5]",0,0,0,1,1,0,0,0,0,12,23
2024531539921,2024,531539921,384765,207084,-2.22215,51.76223,3,3,3,21:15,-1,E07000082,3,2,4,0,2,19,1,5,0,0,0,1,0,0,0,0,0,12,31
2024531541993,2024,531541993,383565,218770,-2.24009,51.86726,3,3,1,14:32,-1,E07000081,4,0,1,0,1,"[19, 9]","[3, 7]","[7, 5]",0,0,0,0,0,1,1,0,0,10,27
2024531545559,2024,531545559,363592,215649,-2.52983,51.83825,2,2,3,08:50,-1,E07000080,3,0,3,1,2,4,7,3,0,0,0,1,0,1,0,0,0,11,19
2024531546539,2024,531546539,401966,201662,-1.97294,51.71369,3,3,3,16:30,-1,E07000079,3,2,2,1,1,"[3, 19]","[6, 7]",2,"[0, 4]",0,0,1,0,0,0,0,0,12,17
2024531554993,2024,531554993,385028,199688,-2.21802,51.69574,3,3,7,12:30,-1,E07000082,3,0,1,0,1,19,1,5,0,0,0,1,0,0,0,0,1,4,27
2024531555865,2024,531555865,392899,221372,-2.10459,51.89085,3,3,4,09:50,-1,E07000078,6,0,1,0,1,19,"[6, 3]","[3, 7]",0,0,0,1,1,0,0,0,0,12,18
2024531559598,2024,531559598,384109,217157,-2.23212,51.85278,2,2,4,19:10,-1,E07000081,6,2,2,1,1,5,8,4,0,0,0,1,0,0,0,0,1,10,16
2024531561317,2024,531561317,384239,217375,-2.23024,51.85474,3,3,5,19:45,-1,E07000081,6,2,1,0,1,7,4,6,0,0,0,1,0,0,0,0,1,11,28