collision_index,collision_year,collision_ref_no,location_easting_osgr,location_northing_osgr,longitude,latitude,casualty_severity,casualty_severity,day_of_week,time,local_authority_district,local_authority_ons_district,first_road_class,light_conditions,weather_conditions,road_surface_conditions,urban_or_rural_area,vehicle_manoeuvre,vehicle_direction_from,vehicle_direction_to,hit_object_in_carriageway,vehicle_leaving_carriageway,hit_object_off_carriageway,is_car,is_cyle,is_mcyle,is_goodsv,is_other,is_pedestrian,month,day
2024549129524,2024,549129524,415210,146695,-1.7836,51.21925,3,3,1,15:06,-1,E06000054,3,0,1,0,2,19,8,4,12,0,0,0,0,1,0,0,0,8,4
2024549132524,2024,549132524,415964,184904,-1.7711,51.56279,3,3,1,15:56,-1,E06000030,6,0,1,0,1,5,"[3, 6]","[7, 2]",0,0,0,1,0,0,0,0,0,8,4
2024549140824,2024,549140824,403215,195250,-1.95492,51.65603,3,3,1,18:20,-1,E06000054,5,0,1,0,2,19,3,7,0,1,9,1,0,0,0,0,0,8,4
2024549181924,2024,549181924,395704,171083,-2.0632,51.43873,2,2,2,15:45,-1,E06000054,3,0,1,0,2,"[19, 13]",7,3,"[0, 10]",0,0,1,0,1,0,0,0,8,5
2024549183024,2024,549183024,413691,186805,-1.80381,51.57994,3,3,2,18:33,-1,E06000030,6,0,1,0,1,"[19, 2]","[7, 0]","[3, 0]",0,0,0,1,0,1,0,0,0,8,5
2024549184024,2024,549184024,415538,188396,-1.77709,51.5942,3,3,2,17:44,-1,E06000030,3,0,1,0,1,"[4, 10]",4,"[8, 2]",0,0,0,1,0,0,1,0,0,8,5
2024549238724,2024,549238724,416404,187954,-1.76461,51.5902,3,3,3,22:22,-1,E06000030,4,2,1,0,1,5,2,6,0,0,0,1,0,0,0,0,0,8,6
2024549265624,2024,549265624,417522,186043,-1.74857,51.57299,3,3,4,14:05,-1,E06000030,3,0,1,0,1,14,6,2,0,0,0,1,0,1,0,0,0,8,7
2024549273524,2024,549273524,418218,182798,-1.73869,51.54379,3,3,3,13:40,-1,E06000030,6,0,1,0,2,"[2, 19]","[0, 3]","[0, 7]",0,0,0,1,1,0,0,0,0,8,6
2024549310824,2024,549310824,415120,182455,-1.78338,51.54079,3,3,5,12:15,-1,E06000030,6,0,1,0,2,"[9, 19]","[6, 2]","[4, 6]",0,0,0,1,0,0,0,0,0,8,8
2024549347224,2024,549347224,401909,139263,-1.97409,51.15262,3,3,6,10:20,-1,E06000054,3,0,1,0,2,19,6,2,0,1,10,1,0,0,0,0,0,8,9
2024549349524,2024,549349524,409522,192109,-1.86384,51.62772,3,3,6,09:52,-1,E06000054,4,0,1,0,2,"[7, 19]","[6, 2]","[2, 6]",0,0,0,1,0,0,0,0,0,8,9
2024549352124,2024,549352124,410563,182549,-1.84908,51.54174,3,3,6,12:07,-1,E06000054,4,0,1,0,2,"[19, 4]",4,8,0,0,0,1,0,0,0,0,0,8,9
2024549373924,2024,549373924,414969,183736,-1.7855,51.55232,3,3,6,15:45,-1,E06000030,3,0,1,0,1,19,7,3,0,0,0,1,0,0,0,0,1,8,9
2024549374724,2024,549374724,410313,183006,-1.85267,51.54586,2,2,6,19:09,-1,E06000030,3,0,1,0,2,"[19, 3]",1,5,0,0,0,1,0,1,0,0,0,8,9
2024549392624,2024,549392624,391037,172602,-2.13038,51.45233,3,3,7,13:50,-1,E06000054,3,0,1,0,1,"[3, 19]",6,2,0,0,0,1,0,0,0,0,0,8,10
2024549395024,2024,549395024,405180,140461,-1.9273,51.16337,3,3,7,14:46,-1,E06000054,3,0,9,0,2,19,"[7, 3]","[3, 7]",0,"[0, 1]","[0, 9]",1,0,0,0,0,0,8,10
2024549395724,2024,549395724,417831,143019,-1.74625,51.18612,3,3,7,17:04,-1,E06000054,3,0,1,0,2,"[5, 19]",8,4,0,0,0,1,0,0,0,0,0,8,10
2024549399924,2024,549399924,418542,186355,-1.73383,51.57576,3,3,3,19:23,-1,E06000030,3,0,1,0,2,19,"[5, 3]","[1, 7]",0,0,0,1,0,0,0,0,0,8,20
2024549406724,2024,549406724,423477,149641,-1.66504,51.24546,3,3,7,23:54,-1,E06000054,3,0,1,0,2,"[19, 2]","[1, 0]","[5, 0]",0,0,0,1,0,0,0,0,0,8,10
2024549407624,2024,549407624,412100,188813,-1.82671,51.59803,3,3,1,01:05,-1,E06000030,3,2,1,0,1,19,6,2,7,0,0,1,0,0,0,0,0,8,11
2024549425024,2024,549425024,409882,131782,-1.86029,51.08527,3,3,1,13:54,-1,E06000054,3,0,1,0,2,"[19, 9]",5,1,0,0,0,1,0,0,0,0,0,8,11
2024549429224,2024,549429224,408201,144698,-1.884,51.20144,3,3,1,17:28,-1,E06000054,4,0,1,0,2,19,"[7, 3]","[3, 7]",0,0,0,1,0,1,0,0,0,8,11
2024549444424,2024,549444424,419155,132896,-1.72784,51.09506,2,"[2, 3]",2,06:47,-1,E06000054,6,0,1,0,2,"[19, 9]","[4, 8]","[8, 5]",0,0,0,1,0,1,0,0,0,8,12
2024549445424,2024,549445424,401680,161864,-1.97726,51.35585,3,3,2,07:48,-1,E06000054,6,0,1,0,1,"[10, 19, 3]",2,6,0,0,0,1,0,0,0,0,0,8,12
2024549452224,2024,549452224,411928,167459,-1.8299,51.40603,3,3,2,07:57,-1,E06000054,6,0,1,0,2,"[19, 14]","[4, 8]","[8, 4]",0,0,0,1,0,0,0,0,0,8,12
2024549464224,2024,549464224,416822,184015,-1.75876,51.55477,3,3,2,13:11,-1,E06000030,6,0,1,0,1,"[19, 9]","[1, 5]","[5, 3]",0,0,0,1,0,0,0,0,0,8,12
2024549472824,2024,549472824,420340,167155,-1.70899,51.40306,3,3,2,12:44,-1,E06000054,3,0,1,0,2,"[19, 6]","[4, 6]","[8, 2]",0,"[7, 0]","[9, 0]",1,0,0,0,0,0,8,12
2024549476124,2024,549476124,415613,137703,-1.77822,51.13839,3,3,2,17:43,-1,E06000054,3,0,1,0,2,"[5, 19]","[4, 6]",2,0,0,0,1,0,1,0,0,0,8,12
2024549482024,2024,549482024,401830,160896,-1.97511,51.34714,3,3,2,21:48,-1,E06000054,6,2,1,0,1,19,3,7,0,0,0,1,0,0,0,0,0,8,12
2024549494324,2024,549494324,416358,188422,-1.76525,51.59441,3,3,3,07:45,-1,E06000030,6,0,1,0,1,9,"[8, 6]","[6, 4]",0,0,0,1,0,0,0,0,0,8,13
2024549516124,2024,549516124,383725,152187,-2.23466,51.2686,3,3,2,14:14,-1,E06000054,6,2,1,0,2,"[5, 19]","[4, 6]","[2, 4]",0,0,0,1,1,0,0,0,0,8,12
2024549517824,2024,549517824,414309,130703,-1.79713,51.07548,3,3,3,15:55,-1,E06000054,6,0,1,0,1,5,5,1,0,0,0,0,0,1,0,0,0,8,13
2024549527124,2024,549527124,418289,189496,-1.73732,51.60401,3,3,3,19:42,-1,E06000030,3,0,1,0,2,"[9, 19]","[8, 6]","[6, 2]",0,0,0,1,0,0,0,0,0,8,13
2024549530624,2024,549530624,397922,192887,-2.03142,51.63479,3,3,3,21:08,-1,E06000054,6,2,1,0,2,19,"[6, 2]","[2, 6]",0,"[1, 0]","[9, 0]",1,0,0,0,0,0,8,13
2024549543024,2024,549543024,416736,182773,-1.76006,51.54361,3,3,3,19:13,-1,E06000030,4,0,1,0,1,"[19, 9]","[3, 1]",7,0,0,0,1,1,0,0,0,0,8,13
2024549545524,2024,549545524,384083,156692,-2.22974,51.30912,3,3,4,07:38,-1,E06000054,6,0,2,1,1,"[2, 19]","[0, 2]","[0, 6]",0,0,0,1,0,0,0,0,0,8,14
2024549556924,2024,549556924,388142,186067,-2.1725,51.57334,2,2,4,12:39,-1,E06000054,6,0,2,1,2,19,"[3, 5]","[7, 1]",0,0,0,1,1,0,0,0,0,8,14
2024549598724,2024,549598724,409944,141367,-1.85915,51.17146,3,3,3,16:30,-1,E06000054,3,0,9,0,2,"[4, 19]",5,1,0,0,0,1,0,0,0,0,0,8,13
2024549613024,2024,549613024,394931,161219,-2.07417,51.35003,3,3,5,17:00,-1,E06000054,3,0,1,0,2,19,"[7, 3]","[4, 7]",0,0,0,1,0,0,0,0,0,8,15
2024549613224,2024,549613224,422721,190867,-1.67324,51.61618,3,3,5,14:13,-1,E06000030,4,0,1,0,2,19,3,7,0,1,4,1,0,0,0,0,0,8,15
2024549618024,2024,549618024,415541,183792,-1.77725,51.5528,3,3,5,19:15,-1,E06000030,6,0,1,1,1,19,"[1, 7]","[5, 3]",0,0,0,1,1,0,0,0,0,8,15
2024549619924,2024,549619924,415993,182813,-1.77077,51.54399,3,3,5,21:04,-1,E06000030,4,2,2,1,1,19,"[1, 5]","[5, 1]",0,0,0,1,0,0,0,0,0,8,15
2024549637024,2024,549637024,419395,142445,-1.72391,51.18091,3,3,6,07:59,-1,E06000054,3,0,1,0,2,"[19, 4]",3,7,0,0,0,1,0,1,0,0,0,8,16
2024549651824,2024,549651824,397289,161234,-2.04031,51.35018,3,3,6,11:58,-1,E06000054,3,0,1,0,2,19,3,7,0,1,1,1,0,0,0,0,0,8,16
2024549671624,2024,549671624,383850,155229,-2.23301,51.29596,3,3,6,22:32,-1,E06000054,6,2,1,0,2,"[19, 1]","[4, 8]","[8, 4]",0,0,0,1,0,0,0,0,0,8,16
2024549677024,2024,549677024,416910,183547,-1.75752,51.55056,3,3,7,04:54,-1,E06000030,6,2,1,0,1,4,8,4,0,0,0,1,0,0,0,0,1,8,17
2024549693224,2024,549693224,413338,188231,-1.80885,51.59277,3,3,7,14:30,-1,E06000030,6,0,1,0,1,19,1,5,0,0,0,1,0,0,0,0,1,8,17
2024549705224,2024,549705224,399368,156830,-2.01045,51.31058,3,3,1,00:50,-1,E06000054,3,2,1,0,2,19,"[1, 5]","[5, 1]",0,0,0,1,0,0,0,0,0,8,18
2024549715324,2024,549715324,411658,184441,-1.83323,51.55873,2,"[3, 2]",1,09:53,-1,E06000030,6,0,1,0,1,19,"[4, 6]","[8, 2]",0,0,0,1,0,1,0,0,0,8,18
2024549741524,2024,549741524,412916,143949,-1.81654,51.19462,2,2,2,09:02,-1,E06000054,6,0,1,0,2,19,3,7,0,0,0,1,0,0,0,0,1,8,19
2024549761424,2024,549761424,399465,155815,-2.00906,51.30146,3,3,2,12:58,-1,E06000054,3,0,1,0,2,"[5, 19]","[4, 2]","[8, 6]",0,0,0,1,0,0,0,0,0,8,19
2024549766324,2024,549766324,392689,131552,-2.10575,51.08324,3,3,2,14:49,-1,E06000054,6,0,1,0,2,19,1,4,0,7,11,0,0,1,0,0,0,8,19
2024549778324,2024,549778324,394056,142069,-2.08641,51.17782,3,3,2,18:05,-1,E06000054,3,0,1,0,2,19,"[4, 8]","[8, 4]",0,"[0, 1]",0,1,0,0,0,0,0,8,19
2024549786424,2024,549786424,403378,171816,-1.95278,51.44532,3,3,3,05:37,-1,E06000054,6,0,1,0,2,19,2,6,10,7,11,1,0,0,0,0,0,8,20
2024549821824,2024,549821824,385897,157595,-2.20375,51.31729,3,3,3,15:35,-1,E06000054,3,0,1,0,1,"[4, 19]",7,2,0,0,0,1,0,0,0,0,0,8,20
2024549826924,2024,549826924,414058,185024,-1.79859,51.56392,3,3,3,14:14,-1,E06000030,6,0,1,0,1,"[3, 19]","[2, 6]","[6, 2]",0,0,0,1,0,0,1,0,0,8,20
2024549836024,2024,549836024,387295,144212,-2.18321,51.19698,3,3,3,21:55,-1,E06000054,6,2,1,0,1,"[2, 19]","[0, 8]","[0, 4]",0,"[0, 1]","[0, 11]",1,0,0,0,0,0,8,20
2024549871924,2024,549871924,386099,157900,-2.20086,51.32003,3,3,4,15:50,-1,E06000054,3,0,1,0,1,5,1,5,0,0,0,1,0,0,0,0,1,8,21
2024549875924,2024,549875924,393402,142530,-2.09578,51.18196,3,3,4,17:51,-1,E06000054,3,0,1,0,2,19,8,4,0,0,0,0,0,1,0,0,0,8,21
2024549878224,2024,549878224,390814,156569,-2.13317,51.30816,3,3,4,18:56,-1,E06000054,5,0,1,0,2,"[9, 19]","[3, 8]","[8, 4]",0,0,0,1,1,0,0,0,0,8,21
2024549892224,2024,549892224,385655,160019,-2.20732,51.33908,3,3,2,15:50,-1,E06000054,6,0,1,0,1,"[19, 5]","[4, 8]","[8, 4]",0,0,0,1,1,0,0,0,0,8,19
2024549896024,2024,549896024,415379,188666,-1.77937,51.59663,3,3,4,15:20,-1,E06000030,6,0,1,0,1,19,"[8, 4]","[4, 8]",0,0,0,0,1,0,0,0,0,8,21
2024549896324,2024,549896324,420937,145005,-1.7017,51.20388,3,3,5,08:30,-1,E06000054,5,0,2,1,2,19,2,6,0,1,0,0,0,1,0,0,0,8,22
2024549929524,2024,549929524,407058,182935,-1.89961,51.54527,2,2,5,17:27,-1,E06000054,3,0,1,0,1,"[19, 9]","[2, 8]",6,0,0,0,1,0,1,0,0,0,8,22
2024549934324,2024,549934324,411495,133817,-1.8372,51.10354,3,3,5,18:30,-1,E06000054,6,0,1,0,2,19,"[8, 6]","[4, 8]",0,0,0,1,0,0,0,0,0,8,22
2024549936624,2024,549936624,415648,185420,-1.77563,51.56744,2,2,5,18:00,-1,E06000030,3,0,1,0,1,19,5,1,0,0,0,0,0,1,0,0,1,8,22
2024549976424,2024,549976424,392794,175218,-2.10515,51.47588,3,3,6,21:30,-1,E06000054,4,2,1,0,2,"[10, 19]",5,"[3, 1]",0,0,0,1,0,0,0,0,0,8,23
2024549982724,2024,549982724,410753,173501,-1.84662,51.46038,2,2,7,00:59,-1,E06000054,3,2,2,1,2,19,7,1,0,7,10,0,0,1,0,0,0,8,24
2024549992524,2024,549992524,412585,135269,-1.82158,51.11657,3,3,7,09:40,-1,E06000054,5,0,2,1,2,"[19, 2]","[1, 0]","[5, 0]","[4, 0]",0,0,1,0,0,0,0,0,8,24
202454A003524,2024,54A003524,416608,188165,-1.76165,51.59209,3,3,7,17:27,-1,E06000030,4,0,1,0,1,"[9, 19]","[6, 2]","[2, 6]",0,0,0,1,0,0,0,0,0,8,24
202454A006024,2024,54A006024,413851,185493,-1.80156,51.56814,3,3,7,19:30,-1,E06000030,4,0,1,0,1,"[4, 5]",4,8,0,0,0,1,0,0,0,0,0,8,24
202454A033224,2024,54A033224,418170,189347,-1.73905,51.60267,3,3,1,15:48,-1,E06000030,3,0,1,0,2,19,6,2,0,7,4,1,0,0,0,0,0,8,25
202454A037724,2024,54A037724,404809,192202,-1.93192,51.62861,1,1,1,14:50,-1,E06000054,4,0,1,0,2,19,1,4,0,7,9,0,0,1,0,0,0,8,25
202454A039524,2024,54A039524,412411,188981,-1.82221,51.59954,3,3,1,19:51,-1,E06000030,3,2,1,0,1,"[19, 5]","[3, 5]","[7, 1]",0,0,0,1,0,1,0,0,0,8,25
202454A057224,2024,54A057224,417702,184691,-1.74604,51.56082,3,3,2,11:23,-1,E06000030,6,0,1,0,1,"[10, 19]","[2, 6]","[6, 2]",0,0,0,1,0,0,0,0,0,8,26
202454A061224,2024,54A061224,413510,182425,-1.80659,51.54057,3,3,2,14:56,-1,E06000030,1,0,1,0,2,19,7,3,0,1,0,1,0,0,0,0,0,8,26
202454A072224,2024,54A072224,418629,133210,-1.73534,51.0979,3,3,2,18:20,-1,E06000054,3,0,1,0,2,"[13, 12]",6,2,0,0,0,1,1,0,0,0,0,8,26
202454A078324,2024,54A078324,427502,119394,-1.60967,50.97331,3,3,3,08:13,-1,E06000054,3,0,1,0,2,19,4,8,0,0,0,1,0,0,0,0,0,8,27
202454A087424,2024,54A087424,390169,174432,-2.14292,51.46877,3,3,7,18:30,-1,E06000054,3,0,9,0,2,19,"[2, 8]","[6, 4]",0,0,0,1,1,0,0,0,0,8,24
202454A131924,2024,54A131924,419337,179395,-1.72274,51.51315,3,3,4,07:45,-1,E06000030,3,0,1,0,2,19,"[1, 7]","[5, 3]",0,0,0,1,0,0,0,0,0,8,28
202454A137024,2024,54A137024,397702,163712,-2.0344,51.37246,2,2,4,09:00,-1,E06000054,3,0,9,0,2,19,"[6, 2]","[2, 6]",0,"[0, 1]","[0, 9]",1,0,0,0,0,0,8,28
202454A141824,2024,54A141824,395259,154577,-2.06937,51.29031,2,2,4,10:45,-1,E06000054,6,0,1,1,2,19,"[1, 5]","[5, 1]",0,0,0,0,1,0,0,1,0,8,28
202454A150724,2024,54A150724,413901,185532,-1.80083,51.56849,3,3,4,12:55,-1,E06000030,4,0,1,0,1,19,"[1, 3]","[5, 6]",0,0,0,1,0,0,0,0,0,8,28
202454A154424,2024,54A154424,409987,141420,-1.85853,51.17193,3,3,1,16:45,-1,E06000054,3,0,1,0,2,19,3,7,0,0,0,1,0,0,0,0,0,8,25
202454A158024,2024,54A158024,382696,161001,-2.24984,51.34782,3,3,4,16:29,-1,E06000054,3,0,1,0,2,9,4,2,0,0,0,1,0,0,0,0,1,8,28
202454A159624,2024,54A159624,387223,153806,-2.18458,51.28325,2,2,4,16:19,-1,E06000054,3,0,1,0,2,"[13, 6]",5,"[1, 5]",0,0,0,1,0,1,0,0,0,8,28
202454A183824,2024,54A183824,399460,155808,-2.00913,51.30139,3,3,5,09:02,-1,E06000054,3,0,1,0,2,"[19, 9]","[5, 8]","[1, 4]",0,0,0,1,0,0,0,0,0,8,29
202454A201524,2024,54A201524,385685,157351,-2.20678,51.31509,3,3,5,14:01,-1,E06000054,6,0,1,0,1,"[1, 19]","[7, 1]","[3, 5]",0,0,0,1,0,0,0,1,0,8,29
202454A224424,2024,54A224424,405692,177546,-1.9194,51.49683,1,"[3, 1]",5,21:47,-1,E06000054,6,2,1,0,2,19,2,6,0,"[0, 7]","[0, 4]",1,0,0,0,0,0,8,29
202454A226624,2024,54A226624,383484,179590,-2.2394,51.51499,3,3,5,20:45,-1,E06000054,1,2,1,0,2,"[19, 4]",7,3,0,0,0,1,0,0,0,0,0,8,29
202454A236724,2024,54A236724,410130,172248,-1.85562,51.44913,1,1,6,07:58,-1,E06000054,3,0,1,0,2,19,"[1, 5]","[5, 1]",0,0,0,1,0,1,0,0,0,8,30
202454A242624,2024,54A242624,387114,126623,-2.18516,51.03882,2,2,7,12:55,-1,E06000054,3,0,1,0,2,19,"[5, 1]","[1, 5]",0,"[1, 0]",0,1,0,1,0,0,0,8,17
202454A271224,2024,54A271224,410154,136566,-1.85628,51.12828,2,"[3, 2]",6,18:40,-1,E06000054,3,0,1,0,2,"[19, 10]",1,5,0,0,0,1,0,0,0,0,0,8,30
202454A305224,2024,54A305224,379512,132361,-2.29391,51.09019,2,"[2, 3]",7,17:36,-1,E06000054,4,0,1,0,2,"[9, 19]","[8, 4]","[4, 8]",0,"[0, 1]","[0, 10]",1,0,1,0,0,0,8,31
202454A316324,2024,54A316324,385107,185655,-2.21627,51.56957,3,3,1,08:00,-1,E06000054,4,0,9,0,2,19,"[2, 6]","[6, 2]",0,7,11,1,0,0,0,0,0,9,1
202454A322424,2024,54A322424,390978,173976,-2.13126,51.46468,3,3,1,13:35,-1,E06000054,3,0,1,0,1,"[4, 19]",8,4,0,0,0,1,0,0,0,0,0,9,1
202454A322624,2024,54A322624,384071,143939,-2.22934,51.19445,2,2,1,11:30,-1,E06000054,5,0,1,0,2,19,6,2,0,0,0,1,0,0,0,0,1,9,1
202454A353324,2024,54A353324,414327,129933,-1.7969,51.06855,3,3,2,11:25,-1,E06000054,6,0,1,0,1,"[4, 19]",7,3,0,0,0,1,0,0,0,0,0,9,2
202454A360024,2024,54A360024,413066,184046,-1.81294,51.55515,3,3,1,14:11,-1,E06000030,3,0,1,0,1,"[11, 19]",7,3,0,0,0,1,0,0,0,0,0,9,1
202454A362124,2024,54A362124,380208,167682,-2.28594,51.40781,3,3,2,06:00,-1,E06000054,3,2,7,1,2,19,7,3,6,1,11,1,0,0,0,0,0,9,2
202454A369524,2024,54A369524,385516,158338,-2.20924,51.32396,3,3,6,09:48,-1,E06000054,4,0,1,0,1,9,"[5, 6]","[1, 2]",0,0,0,1,0,1,0,0,0,8,30
202454A372424,2024,54A372424,386266,158067,-2.19847,51.32154,2,2,2,14:19,-1,E06000054,6,0,2,1,1,19,"[3, 7]","[7, 3]",0,0,0,1,1,0,0,0,0,9,2
202454A375724,2024,54A375724,400226,161626,-1.99814,51.35371,3,3,2,16:30,-1,E06000054,3,0,2,1,1,"[9, 19]","[2, 4]",8,0,0,0,1,0,1,0,0,0,9,2
202454A396624,2024,54A396624,431383,162814,-1.55062,51.36353,3,3,3,07:55,-1,E06000054,6,0,1,1,2,4,8,4,2,0,0,1,0,0,0,0,1,9,3
202454A401124,2024,54A401124,406471,182183,-1.90809,51.53851,3,3,3,09:15,-1,E06000054,3,0,1,1,1,"[19, 5]","[6, 7]",2,0,0,0,1,0,0,0,0,0,9,3
202454A409824,2024,54A409824,416990,142254,-1.75832,51.17927,3,3,3,10:12,-1,E06000054,3,0,2,1,2,19,5,7,0,0,0,0,0,1,0,0,0,9,3
202454A420224,2024,54A420224,382572,160515,-2.2516,51.34345,2,"[2, 3]",3,15:06,-1,E06000054,3,0,1,0,2,19,"[1, 5]","[5, 1]",0,0,0,1,0,0,1,0,0,9,3
202454A424524,2024,54A424524,384754,144262,-2.21958,51.19737,3,3,3,18:06,-1,E06000054,3,0,1,0,2,19,"[2, 6]","[6, 2]",0,0,0,1,0,0,0,0,0,9,3
202454A425024,2024,54A425024,382586,168540,-2.2518,51.41561,2,2,3,17:42,-1,E06000054,3,0,1,0,1,"[9, 13]",6,"[3, 2]",0,0,0,1,1,0,0,0,0,9,3
202454A426024,2024,54A426024,420548,182664,-1.7051,51.5425,3,3,3,17:42,-1,E06000030,6,0,1,0,2,19,"[7, 2]","[2, 7]",0,0,0,1,0,0,0,0,0,9,3
202454A477424,2024,54A477424,412129,192482,-1.82616,51.63102,3,3,4,14:13,-1,E06000054,3,0,1,0,2,"[19, 5]","[8, 2]","[4, 6]",0,0,0,1,0,0,0,0,0,9,4
202454A492724,2024,54A492724,392579,142820,-2.10756,51.18456,3,3,5,05:40,-1,E06000054,3,2,2,1,2,19,"[3, 7]","[7, 3]",0,"[7, 0]",0,1,0,0,0,0,0,9,5
202454A516824,2024,54A516824,422713,180731,-1.67401,51.52504,3,3,5,13:15,-1,E06000030,1,0,1,1,2,19,4,8,0,"[1, 0]",0,1,0,0,0,0,0,9,5
202454A527824,2024,54A527824,391486,167918,-2.1238,51.41022,3,3,5,14:15,-1,E06000054,3,0,2,1,2,"[5, 19]","[3, 1]","[7, 5]",0,"[0, 7]",0,1,0,0,0,0,0,9,5
202454A531524,2024,54A531524,410301,124169,-1.85452,51.01681,3,3,5,16:59,-1,E06000054,3,0,2,1,2,19,5,1,0,2,10,1,0,0,0,0,0,9,5
202454A544524,2024,54A544524,415096,189151,-1.78344,51.601,3,3,6,08:33,-1,E06000030,3,0,2,1,2,"[3, 19]",7,3,0,0,0,1,0,1,0,0,0,9,6
202454A546224,2024,54A546224,416849,188555,-1.75816,51.59559,3,3,6,07:20,-1,E06000030,3,0,5,1,2,19,8,4,0,1,4,1,0,0,0,0,0,9,6
202454A560424,2024,54A560424,387682,145157,-2.1777,51.20549,3,3,6,12:58,-1,E06000054,6,0,2,1,1,5,4,8,0,0,0,1,0,0,0,0,1,9,6
202454A565424,2024,54A565424,417703,186555,-1.74593,51.57758,3,3,6,15:41,-1,E06000030,6,0,1,0,1,19,"[5, 3]","[1, 7]",0,0,0,1,1,0,0,0,0,9,6
202454A572624,2024,54A572624,417386,128135,-1.75333,51.0523,3,3,6,13:00,-1,E06000054,5,0,2,1,2,19,4,8,11,0,0,0,0,0,1,0,0,9,6
202454A577424,2024,54A577424,415788,138168,-1.7757,51.14256,3,3,6,20:56,-1,E06000054,3,2,9,0,2,"[9, 19]","[3, 1]",5,0,0,0,1,0,0,0,0,0,9,6
202454A581324,2024,54A581324,423694,149250,-1.66196,51.24194,3,3,6,23:23,-1,E06000054,3,2,1,1,2,"[19, 2]","[3, 0]","[7, 0]",0,0,0,1,0,0,0,0,0,9,6
202454A582424,2024,54A582424,418481,136904,-1.73727,51.13112,3,3,7,00:10,-1,E06000054,3,2,1,1,2,19,"[7, 3]","[3, 7]",0,"[7, 0]",0,1,0,0,1,0,0,9,7
202454A586824,2024,54A586824,391585,173128,-2.1225,51.45707,2,2,6,14:15,-1,E06000054,3,0,2,1,1,"[19, 6]","[1, 5]",5,0,0,0,1,0,1,0,0,0,9,6
202454A589624,2024,54A589624,396380,195171,-2.05373,51.65531,3,3,7,10:22,-1,E06000054,3,0,2,1,2,"[5, 19]","[7, 1]","[3, 5]",0,0,0,1,1,0,0,0,0,9,7
202454A604124,2024,54A604124,414241,130753,-1.7981,51.07593,3,3,7,15:28,-1,E06000054,3,0,2,1,1,19,3,7,0,4,6,1,0,0,0,0,0,9,7
202454A607524,2024,54A607524,410940,132689,-1.84516,51.09341,3,3,7,18:40,-1,E06000054,6,2,1,1,2,4,6,2,0,1,4,1,0,0,0,0,0,9,7
202454A674624,2024,54A674624,397447,161236,-2.03805,51.3502,3,3,2,15:28,-1,E06000054,3,0,1,0,2,"[19, 5]","[3, 5]","[7, 3]",0,"[6, 0]","[2, 0]",1,0,0,0,0,0,9,9
202454A693324,2024,54A693324,416885,183566,-1.75788,51.55073,3,3,3,07:39,-1,E06000030,3,0,1,1,1,"[19, 9]","[1, 6]",5,0,0,0,1,0,0,0,0,0,9,10
202454A700324,2024,54A700324,400386,153896,-1.99585,51.2842,3,3,3,08:30,-1,E06000054,4,0,1,1,2,19,7,3,0,0,0,1,0,0,0,0,1,9,10
202454A716024,2024,54A716024,385204,157039,-2.21367,51.31227,3,3,3,13:04,-1,E06000054,3,0,4,0,1,"[19, 9]","[5, 1]","[1, 5]",0,0,0,1,0,0,0,0,0,9,10
202454A720524,2024,54A720524,415661,187443,-1.77536,51.58563,3,3,3,09:00,-1,E06000030,3,0,1,1,1,"[19, 4]",1,5,0,0,0,1,0,0,0,0,0,9,10
202454A725524,2024,54A725524,391912,173360,-2.1178,51.45916,3,3,3,18:15,-1,E06000054,5,0,1,0,1,5,5,1,0,0,0,1,0,0,0,0,1,9,10
202454A729724,2024,54A729724,412558,130771,-1.82212,51.07613,3,3,3,20:23,-1,E06000054,6,2,2,1,1,"[19, 2]","[6, 0]","[2, 0]",0,0,0,1,0,0,0,0,0,9,10
202454A732224,2024,54A732224,407384,183477,-1.8949,51.55014,3,3,3,21:30,-1,E06000054,3,2,1,1,1,19,6,2,7,0,0,1,0,0,0,0,0,9,10
202454A732524,2024,54A732524,414364,180462,-1.79436,51.52289,3,3,3,22:14,-1,E06000030,3,2,2,1,2,"[19, 9]","[7, 3]","[3, 7]",0,0,0,1,0,0,0,0,0,9,10
202454A735224,2024,54A735224,382821,145257,-2.24729,51.20626,2,"[2, 3]",3,23:08,-1,E06000054,3,2,1,0,2,19,"[4, 7]","[7, 4]",0,0,0,1,0,0,0,0,0,9,10
202454A749024,2024,54A749024,382068,155947,-2.25861,51.30236,2,2,3,20:29,-1,E06000054,4,2,1,0,2,19,1,5,0,1,0,1,0,0,0,0,0,9,10
202454A763224,2024,54A763224,423171,148009,-1.66953,51.2308,2,"[3, 2]",4,11:57,-1,E06000054,6,0,1,0,2,19,"[2, 6]","[6, 2]",0,0,0,1,0,0,0,0,0,9,11
202454A769424,2024,54A769424,425288,120847,-1.6411,50.98647,3,3,4,17:30,-1,E06000054,3,0,1,0,2,9,1,7,0,0,0,1,0,0,0,0,0,9,11
202454A775324,2024,54A775324,411518,168168,-1.83578,51.41242,2,"[2, 3]",4,17:10,-1,E06000054,3,0,1,0,2,19,"[8, 1]","[3, 5]",0,"[7, 0]","[11, 0]",0,1,1,0,0,0,9,11
202454A797324,2024,54A797324,413450,187176,-1.80728,51.58328,2,2,5,12:36,-1,E06000030,6,0,1,0,1,19,"[7, 1]","[3, 5]",0,0,0,1,0,0,0,1,0,9,12
202454A807624,2024,54A807624,414017,130096,-1.80132,51.07003,2,2,5,15:00,-1,E06000054,6,0,1,0,1,19,8,4,7,0,0,0,0,0,1,0,1,9,12
202454A814024,2024,54A814024,382432,161931,-2.25368,51.35618,3,3,5,16:34,-1,E06000054,3,0,1,0,2,"[15, 2]","[8, 0]","[4, 0]","[4, 0]",0,0,1,0,0,0,0,0,9,12