collision_index,collision_year,collision_ref_no,location_easting_osgr,location_northing_osgr,longitude,latitude,casualty_severity,casualty_severity,day_of_week,time,local_authority_district,local_authority_ons_district,first_road_class,light_conditions,weather_conditions,road_surface_conditions,urban_or_rural_area,vehicle_manoeuvre,vehicle_direction_from,vehicle_direction_to,hit_object_in_carriageway,vehicle_leaving_carriageway,hit_object_off_carriageway,is_car,is_cyle,is_mcyle,is_goodsv,is_other,is_pedestrian,month,day
202454A841824,2024,54A841824,387319,158580,-2.18338,51.32618,3,3,6,10:30,-1,E06000054,3,2,1,0,1,"[19, 4]",7,3,0,0,0,1,0,0,0,0,0,9,13
202454A850024,2024,54A850024,414667,133312,-1.79192,51.09893,3,3,6,09:35,-1,E06000054,6,0,1,0,2,19,7,3,0,0,0,1,0,0,0,0,1,9,13
202454A853124,2024,54A853124,383644,169025,-2.2366,51.42,3,3,6,13:45,-1,E06000054,5,0,1,0,2,19,"[2, 7]","[7, 2]",0,0,0,1,0,0,0,0,0,9,13
202454A855924,2024,54A855924,399366,153625,-2.01047,51.28177,3,3,6,15:35,-1,E06000054,4,0,1,0,2,19,7,3,0,0,0,1,0,0,0,0,0,9,13
202454A857124,2024,54A857124,394012,160944,-2.08736,51.34754,3,3,6,16:40,-1,E06000054,3,0,1,0,2,"[7, 19]","[5, 3]","[1, 7]",0,0,0,1,0,0,0,0,0,9,13
202454A869324,2024,54A869324,394099,160564,-2.08611,51.34413,2,2,7,09:09,-1,E06000054,6,0,1,0,2,"[9, 19]",8,"[7, 4]",0,0,0,1,1,0,0,0,0,9,14
202454A873224,2024,54A873224,385597,158393,-2.20808,51.32445,3,3,7,11:56,-1,E06000054,4,0,1,0,1,"[13, 9]",6,"[2, 4]",0,0,0,1,0,1,0,0,0,9,14
202454A883824,2024,54A883824,415474,161986,-1.77916,51.35674,3,3,7,16:18,-1,E06000054,3,0,1,0,2,"[19, 13]",2,6,0,0,0,1,0,0,0,0,0,9,14
202454A897524,2024,54A897524,419807,126572,-1.71888,51.03817,3,3,1,08:09,-1,E06000054,3,0,1,0,2,19,5,1,0,1,4,1,0,0,0,0,0,9,15
202454A898324,2024,54A898324,390016,164213,-2.14483,51.37688,3,3,6,18:18,-1,E06000054,3,0,1,0,1,5,2,6,0,0,0,1,0,0,0,0,1,9,13
202454A900324,2024,54A900324,377982,133176,-2.31581,51.09746,3,3,1,08:58,-1,E06000054,6,0,1,0,2,19,"[7, 5]","[3, 1]",0,"[3, 0]","[11, 0]",1,0,0,0,0,0,9,15
202454A901524,2024,54A901524,391323,177422,-2.12638,51.49567,3,3,1,10:11,-1,E06000054,3,0,1,0,2,19,5,1,0,0,0,1,0,0,0,0,0,9,15
202454A910324,2024,54A910324,417696,183041,-1.74621,51.54599,3,3,1,16:06,-1,E06000030,4,0,1,0,2,19,6,2,0,0,0,1,0,0,0,0,0,9,15
202454A914424,2024,54A914424,397047,126527,-2.04349,51.03809,2,2,1,14:26,-1,E06000054,3,0,1,0,2,19,"[2, 6]","[6, 2]",0,"[0, 1]",0,1,0,1,0,0,0,9,15
202454A916224,2024,54A916224,399435,136840,-2.00945,51.13084,3,3,1,13:59,-1,E06000054,3,0,1,0,2,19,2,6,0,1,1,1,0,0,0,0,0,9,15
202454A918824,2024,54A918824,419261,179578,-1.72383,51.5148,3,3,1,21:00,-1,E06000030,4,2,1,0,2,5,"[5, 7]",3,0,0,0,1,0,0,1,0,0,9,15
202454A922824,2024,54A922824,414208,185449,-1.79641,51.56774,2,2,1,23:38,-1,E06000030,6,2,1,0,1,19,8,4,0,0,0,0,0,0,0,1,0,9,15
202454A933324,2024,54A933324,393313,172449,-2.09762,51.45098,3,3,2,09:16,-1,E06000054,6,0,1,0,1,"[19, 3]",4,8,0,0,0,1,0,0,0,0,0,9,16
202454A978524,2024,54A978524,417536,183384,-1.7485,51.54908,3,3,2,16:00,-1,E06000030,6,0,1,0,1,1,1,5,0,0,0,1,0,0,0,0,1,9,16
202454A984924,2024,54A984924,386747,143542,-2.19103,51.19094,2,2,3,12:36,-1,E06000054,3,0,1,0,2,19,8,4,9,1,0,0,0,1,0,0,0,9,17
202454A986624,2024,54A986624,381398,132279,-2.26698,51.08952,3,3,3,08:05,-1,E06000054,6,0,1,0,2,19,4,8,10,1,10,1,0,0,0,0,0,9,17
202454B001124,2024,54B001124,416512,132127,-1.76562,51.08822,3,3,3,17:22,-1,E06000054,6,0,1,0,2,"[19, 9]","[1, 5]","[5, 2]",0,0,0,1,0,1,0,0,0,9,17
202454B003524,2024,54B003524,384261,156236,-2.22716,51.30502,3,3,2,15:24,-1,E06000054,3,0,9,0,1,"[5, 19]","[3, 2]","[7, 6]",0,0,0,1,1,0,0,0,0,9,16
202454B006824,2024,54B006824,386001,146504,-2.20182,51.21756,3,3,3,22:12,-1,E06000054,3,2,1,0,2,19,"[4, 5]","[7, 1]",0,0,0,1,0,1,0,0,0,9,17
202454B007424,2024,54B007424,387701,155814,-2.1778,51.30131,3,3,3,21:54,-1,E06000054,3,2,1,0,2,"[9, 19]","[8, 6]","[6, 2]",0,0,0,1,0,0,0,0,0,9,17
202454B024824,2024,54B024824,415498,188446,-1.77767,51.59465,3,3,4,08:02,-1,E06000030,3,0,1,0,1,"[19, 9]","[4, 7]","[8, 4]",0,"[1, 0]","[4, 0]",1,0,0,0,0,0,9,18
202454B050624,2024,54B050624,419556,186853,-1.71917,51.5802,3,3,4,16:11,-1,E06000030,3,0,1,0,2,19,2,6,0,0,0,1,0,0,0,0,0,9,18
202454B052024,2024,54B052024,391452,164231,-2.1242,51.37707,3,3,4,17:46,-1,E06000054,3,0,1,0,1,"[19, 9]","[7, 3]","[3, 1]",0,0,0,1,0,0,0,0,0,9,18
202454B065124,2024,54B065124,391189,175510,-2.12826,51.47848,3,3,4,16:10,-1,E06000054,3,0,1,0,2,"[19, 3]",8,4,0,0,0,1,0,0,0,0,0,9,18
202454B095524,2024,54B095524,408888,141145,-1.87426,51.16948,2,2,5,16:59,-1,E06000054,3,0,1,0,2,19,7,3,0,0,0,1,0,0,0,0,0,9,19
202454B096324,2024,54B096324,417707,184691,-1.74596,51.56082,2,2,5,17:24,-1,E06000030,6,0,1,0,1,"[9, 19]",2,"[8, 6]",0,0,0,1,0,0,0,1,0,9,19
202454B125124,2024,54B125124,421523,187361,-1.69075,51.5847,3,3,6,14:21,-1,E06000030,3,0,2,1,2,4,3,7,0,0,0,1,0,0,1,0,0,9,20
202454B133224,2024,54B133224,409685,144616,-1.86276,51.20068,3,3,6,17:08,-1,E06000054,4,0,1,0,2,"[5, 19]","[1, 7]","[5, 3]",0,"[1, 0]",0,1,0,0,0,0,0,9,20
202454B134124,2024,54B134124,386891,145228,-2.18903,51.20611,3,3,6,16:48,-1,E06000054,4,0,1,0,1,"[19, 2]","[1, 4, 0]","[4, 1, 0]",0,"[0, 1]",0,1,0,0,0,0,0,9,20
202454B162024,2024,54B162024,387282,158430,-2.1839,51.32483,3,3,7,12:56,-1,E06000054,6,0,1,0,1,"[9, 19]","[3, 1]","[7, 5]",0,0,0,1,0,0,0,0,0,9,21
202454B168324,2024,54B168324,414359,189149,-1.79408,51.601,3,3,7,17:08,-1,E06000030,3,0,1,1,1,"[4, 19]",3,7,0,0,0,1,0,0,0,0,0,9,21
202454B174724,2024,54B174724,393224,153265,-2.09853,51.27849,2,2,7,20:15,-1,E06000054,4,2,1,0,2,19,6,2,0,7,4,0,0,1,0,0,0,9,21
202454B178124,2024,54B178124,411826,186975,-1.83072,51.58151,3,3,7,20:45,-1,E06000030,4,2,1,0,2,"[5, 19]",6,2,0,0,0,1,1,0,0,0,0,9,21
202454B181024,2024,54B181024,410721,168363,-1.84723,51.41419,3,3,1,04:46,-1,E06000054,3,2,1,0,2,19,7,3,0,1,0,1,0,0,0,0,0,9,22
202454B205424,2024,54B205424,410193,182829,-1.85441,51.54427,3,3,1,20:30,-1,E06000054,3,2,1,1,2,19,"[3, 5]","[7, 1]",0,0,0,1,0,0,0,0,0,9,22
202454B208524,2024,54B208524,400711,152141,-1.99119,51.26842,2,"[2, 3]",1,22:27,-1,E06000054,3,2,2,1,2,19,"[1, 5]","[5, 1]",0,"[0, 7]",0,1,0,1,0,0,0,9,22
202454B220224,2024,54B220224,391293,169014,-2.1266,51.42007,2,2,2,07:55,-1,E06000054,3,0,2,1,2,"[9, 19]","[5, 1]","[3, 5]",0,"[7, 0]",0,1,0,0,1,0,0,9,23
202454B259624,2024,54B259624,398673,185222,-2.02054,51.56587,3,3,3,06:14,-1,E06000054,4,2,1,1,2,19,3,7,0,7,11,1,0,0,0,0,0,9,24
202454B261724,2024,54B261724,418651,143574,-1.73449,51.19109,2,2,3,08:41,-1,E06000054,6,0,1,0,2,19,2,6,0,0,0,1,0,0,0,0,1,9,24
202454B271224,2024,54B271224,388843,165661,-2.16173,51.38988,3,3,3,11:09,-1,E06000054,3,0,1,1,2,"[3, 19]","[7, 4]","[4, 7]",0,0,0,1,0,0,0,0,0,9,24
202454B289924,2024,54B289924,400908,150979,-1.98837,51.25797,3,3,3,18:40,-1,E06000054,3,0,1,1,2,19,1,"[5, 2]",0,0,0,1,1,0,0,0,0,9,24
202454B351024,2024,54B351024,386874,165916,-2.19004,51.39213,3,3,4,08:18,-1,E06000054,3,0,1,0,2,19,3,7,0,0,0,1,0,0,0,0,0,9,25
202454B352524,2024,54B352524,416468,184433,-1.76385,51.55854,3,3,5,08:45,-1,E06000030,6,0,1,1,1,19,2,6,0,0,0,1,0,0,0,0,1,9,26
202454B354024,2024,54B354024,381031,157754,-2.27358,51.31857,3,3,5,07:20,-1,E06000054,3,0,1,1,2,"[19, 4]",8,"[4, 5]",0,0,0,1,0,1,0,0,0,9,26
202454B362924,2024,54B362924,415086,184802,-1.78377,51.5619,3,3,5,11:15,-1,E06000030,6,0,9,0,1,1,7,3,0,0,0,1,0,0,0,0,1,9,26
202454B380424,2024,54B380424,390964,172558,-2.13143,51.45193,3,3,5,14:34,-1,E06000054,3,0,2,1,1,"[4, 19]",2,6,0,0,0,1,0,0,0,0,0,9,26
202454B387124,2024,54B387124,414267,196115,-1.79513,51.66364,3,3,5,16:05,-1,E06000054,5,0,1,0,2,19,2,4,0,"[0, 1]",0,1,0,0,1,0,0,9,26
202454B421824,2024,54B421824,396377,129879,-2.05308,51.06823,3,3,6,15:45,-1,E06000054,5,0,1,0,2,19,7,3,0,1,0,0,0,1,0,0,0,9,27
202454B422224,2024,54B422224,412802,189051,-1.81656,51.60016,3,3,6,13:20,-1,E06000030,3,0,1,0,1,4,7,3,0,0,0,1,0,0,0,0,0,9,27
202454B427024,2024,54B427024,399829,171204,-2.00385,51.43983,3,3,6,16:55,-1,E06000054,6,0,1,0,1,"[1, 8]","[3, 1]","[7, 5]",0,"[3, 0]","[11, 0]",1,0,0,0,0,1,9,27
202454B445624,2024,54B445624,401847,162140,-1.97486,51.35833,3,3,6,11:00,-1,E06000054,6,0,1,0,1,"[10, 19]",1,"[7, 5]",0,0,0,1,0,0,0,0,0,9,27
202454B456424,2024,54B456424,416138,184880,-1.76859,51.56257,2,2,7,14:23,-1,E06000030,3,0,1,0,1,"[13, 6]","[7, 1]","[3, 5]",0,0,0,0,0,1,0,1,0,9,28
202454B458324,2024,54B458324,390682,155451,-2.13503,51.29811,3,3,7,15:30,-1,E06000054,5,0,1,0,2,19,5,1,0,1,9,1,0,0,0,0,0,9,28
202454B494724,2024,54B494724,394619,141240,-2.07835,51.17038,3,3,1,19:33,-1,E06000054,3,2,5,1,2,"[1, 19]","[6, 4]","[4, 8]",0,0,0,1,0,0,0,0,0,9,29
202454B516824,2024,54B516824,404584,187953,-1.93523,51.59041,3,3,2,11:59,-1,E06000054,5,0,2,1,2,19,1,5,0,7,4,1,0,0,0,0,0,9,30
202454B533724,2024,54B533724,422483,123718,-1.68089,51.01241,3,3,2,16:14,-1,E06000054,3,0,1,0,2,"[3, 19]",8,4,0,0,0,1,0,0,0,0,0,9,30
202454B540924,2024,54B540924,419889,126007,-1.71774,51.03308,3,3,2,21:20,-1,E06000054,3,2,1,0,2,13,5,1,0,4,1,1,0,0,0,0,0,9,30
202454B554524,2024,54B554524,412864,142051,-1.81736,51.17755,3,3,7,13:30,-1,E06000054,3,0,9,0,2,19,3,7,0,0,0,0,1,0,0,0,1,9,28
202454B587824,2024,54B587824,413991,185010,-1.79956,51.5638,3,3,3,20:25,-1,E06000030,6,2,1,1,1,"[5, 9]","[8, 6]","[4, 2]",0,0,0,1,1,0,0,0,0,10,1
202454B616024,2024,54B616024,411003,184302,-1.84268,51.5575,3,3,4,08:18,-1,E06000030,6,0,1,0,1,"[7, 19]",3,"[5, 7]",0,0,0,1,1,0,0,0,0,10,2
202454B619624,2024,54B619624,386155,150831,-2.19978,51.25647,3,3,4,13:57,-1,E06000054,6,0,1,0,1,"[4, 19]",1,5,0,0,0,1,0,0,0,0,0,10,2
202454B646924,2024,54B646924,388336,157149,-2.16874,51.31333,3,3,5,08:58,-1,E06000054,3,0,1,0,2,"[19, 5]",6,"[2, 8]",0,"[1, 0]","[4, 0]",1,0,0,0,0,0,10,3
202454B651924,2024,54B651924,382761,160496,-2.24889,51.34328,3,3,5,08:03,-1,E06000054,3,0,1,0,2,14,4,8,0,0,0,1,0,0,0,0,1,10,3
202454B670724,2024,54B670724,388097,158960,-2.17223,51.32961,3,3,5,17:25,-1,E06000054,3,0,1,0,1,19,"[6, 2]","[2, 6]",0,0,0,1,0,0,0,0,0,10,3
202454B697524,2024,54B697524,399730,158869,-2.00526,51.32892,3,3,6,08:20,-1,E06000054,6,0,1,0,2,19,2,6,0,0,0,1,1,0,0,0,0,10,4
202454B738024,2024,54B738024,400526,161597,-1.99383,51.35345,3,3,7,11:10,-1,E06000054,3,0,1,0,1,19,4,8,0,0,0,1,0,0,0,0,1,10,5
202454B741324,2024,54B741324,412409,185039,-1.82238,51.56409,3,3,6,16:40,-1,E06000030,4,0,1,0,2,19,4,8,0,0,0,1,0,0,0,0,0,10,4
202454B744424,2024,54B744424,418661,186381,-1.73211,51.57599,3,3,7,13:57,-1,E06000030,3,0,1,0,1,"[19, 11]",1,5,0,0,0,1,0,0,0,0,0,10,5
202454B745424,2024,54B745424,414290,131566,-1.79737,51.08324,3,3,7,13:18,-1,E06000054,3,0,1,0,1,4,5,1,0,0,0,1,0,0,0,0,0,10,5
202454B755224,2024,54B755224,415645,185574,-1.77567,51.56882,3,3,7,16:13,-1,E06000030,3,0,1,0,1,"[4, 19]",1,5,0,0,0,1,0,0,0,0,0,10,5
202454B756424,2024,54B756424,416561,125929,-1.7652,51.03249,3,3,7,17:09,-1,E06000054,3,0,1,1,2,"[19, 5]","[1, 8]","[5, 4]",0,0,0,1,0,0,0,0,0,10,5
202454B775224,2024,54B775224,381389,132411,-2.26712,51.09071,3,3,1,10:48,-1,E06000054,4,0,1,0,2,"[3, 5]","[3, 7]","[7, 3]",0,0,0,1,0,0,1,0,0,10,6
202454B797524,2024,54B797524,424289,183563,-1.6511,51.55044,2,2,2,04:24,-1,E06000030,6,2,1,1,2,19,3,7,0,0,0,1,0,0,0,0,1,10,7
202454B809024,2024,54B809024,385471,157327,-2.20985,51.31487,2,2,2,08:12,-1,E06000054,3,0,1,1,1,19,2,6,0,0,0,1,0,0,0,0,1,10,7
202454B830024,2024,54B830024,390853,132722,-2.13199,51.09373,2,2,2,15:29,-1,E06000054,4,0,1,1,2,19,2,6,0,0,0,1,0,0,0,1,0,10,7
202454B834424,2024,54B834424,386442,157634,-2.19593,51.31765,3,3,2,15:54,-1,E06000054,6,0,1,0,1,"[9, 19]","[3, 8]","[8, 4]",0,0,0,1,0,0,0,0,0,10,7
202454B837524,2024,54B837524,415365,128088,-1.78217,51.05194,3,3,2,18:00,-1,E06000054,3,0,1,0,2,19,"[8, 4]","[4, 8]",0,0,0,1,0,0,1,0,0,10,7
202454B846424,2024,54B846424,391754,179572,-2.12022,51.51501,3,3,3,03:33,-1,E06000054,1,2,1,0,2,19,3,7,0,"[4, 0]","[6, 0]",1,0,0,0,0,0,10,8
202454B855324,2024,54B855324,409601,182855,-1.86295,51.54451,3,3,3,08:20,-1,E06000054,3,0,2,1,2,"[19, 4]","[7, 3]","[3, 7]",0,0,0,1,0,0,0,0,0,10,8
202454B868424,2024,54B868424,394758,179563,-2.07693,51.51497,3,3,3,12:10,-1,E06000054,1,0,1,0,2,19,3,7,0,1,7,1,0,0,0,0,0,10,8
202454B882024,2024,54B882024,415382,185183,-1.77948,51.56532,3,3,3,11:45,-1,E06000030,6,0,1,0,1,19,2,6,0,0,0,1,0,0,0,0,1,10,8
202454B884824,2024,54B884824,395353,135032,-2.06777,51.11456,3,3,3,16:16,-1,E06000054,3,0,2,1,2,19,2,6,0,1,11,1,0,0,0,0,0,10,8
202454B902924,2024,54B902924,391251,163107,-2.12706,51.36696,3,3,4,08:07,-1,E06000054,6,0,1,1,1,"[13, 9]",6,"[2, 4]",0,0,0,1,0,0,0,0,0,10,9
202454B904524,2024,54B904524,411602,187026,-1.83395,51.58198,3,3,4,08:09,-1,E06000054,6,0,1,1,2,"[9, 19]","[3, 1]","[1, 5]",0,0,0,1,0,0,0,0,0,10,9
202454B919024,2024,54B919024,413234,185455,-1.81046,51.56782,3,3,4,12:37,-1,E06000030,6,0,1,1,1,19,"[7, 3]","[3, 7]",0,0,0,1,0,0,0,1,0,10,9
202454B926424,2024,54B926424,386089,152192,-2.20078,51.26871,3,3,4,13:12,-1,E06000054,4,0,1,1,1,19,4,8,0,0,0,0,0,1,0,0,1,10,9
202454B941624,2024,54B941624,408352,126657,-1.88225,51.03921,3,3,4,21:57,-1,E06000054,6,2,2,1,2,19,4,8,0,7,1,1,0,0,0,0,0,10,9
202454B972924,2024,54B972924,401107,161571,-1.98549,51.35321,3,3,5,15:25,-1,E06000054,3,0,1,0,1,19,6,2,0,0,0,1,0,0,0,0,1,10,10
202454B975524,2024,54B975524,415667,187317,-1.77528,51.5845,2,2,5,14:14,-1,E06000030,3,0,1,0,1,19,5,1,0,0,0,1,0,1,0,0,0,10,10
202454B979624,2024,54B979624,411145,185212,-1.84061,51.56568,3,3,5,17:14,-1,E06000030,6,0,1,0,1,"[19, 4]",5,1,0,0,0,1,0,0,0,0,0,10,10
202454B979924,2024,54B979924,416945,188477,-1.75677,51.59489,3,3,5,15:45,-1,E06000030,3,0,1,0,2,19,4,8,0,"[4, 0]","[6, 0]",1,0,0,0,0,0,10,10
202454B995224,2024,54B995224,407710,182854,-1.89021,51.54453,3,3,6,09:37,-1,E06000054,6,0,1,0,1,9,"[2, 8]","[8, 6]",0,0,0,1,0,0,0,0,0,10,11
202454C022924,2024,54C022924,394479,129249,-2.08016,51.06255,3,3,6,17:34,-1,E06000054,6,0,1,0,2,19,8,4,0,0,0,1,0,0,0,0,1,10,11
202454C036224,2024,54C036224,411180,176521,-1.84037,51.48753,3,3,6,20:36,-1,E06000054,3,2,1,0,2,4,5,1,0,0,0,1,0,1,0,0,0,10,11
202454C056524,2024,54C056524,389572,172402,-2.15146,51.4505,3,3,7,15:26,-1,E06000054,3,0,1,0,2,"[5, 3]",1,5,0,0,0,1,0,0,0,0,0,10,12
202454C063624,2024,54C063624,412905,190636,-1.81502,51.61441,3,3,7,19:31,-1,E06000030,6,2,1,1,2,19,2,6,0,0,0,0,0,1,0,0,0,10,12
202454C067724,2024,54C067724,417662,184623,-1.74662,51.56021,3,3,7,22:25,-1,E06000030,6,2,1,0,1,"[1, 19]","[7, 3]","[3, 7]",0,0,0,1,0,0,0,0,0,10,12
202454C068124,2024,54C068124,379908,170060,-2.29039,51.42918,3,3,7,23:18,-1,E06000054,6,2,1,0,2,19,8,4,0,1,10,1,0,0,0,0,0,10,12
202454C068524,2024,54C068524,415550,183874,-1.77712,51.55354,3,3,1,00:20,-1,E06000030,6,2,1,0,1,19,1,5,0,0,0,1,0,0,0,0,1,10,13
202454C109324,2024,54C109324,384500,156790,-2.22376,51.31001,3,3,2,08:25,-1,E06000054,3,0,1,1,1,"[3, 4]",2,6,0,0,0,1,0,0,0,0,0,10,14
202454C112024,2024,54C112024,384405,156577,-2.22511,51.30809,3,3,4,11:53,-1,E06000054,3,0,1,0,1,"[19, 5]",2,6,0,0,0,1,0,1,0,0,0,11,6
202454C134924,2024,54C134924,412641,184074,-1.81906,51.55541,3,3,2,13:30,-1,E06000030,4,0,2,1,2,"[19, 4]",7,3,0,0,0,1,0,1,0,0,0,10,14
202454C135724,2024,54C135724,387283,151115,-2.18363,51.25905,3,3,2,16:50,-1,E06000054,4,0,1,0,1,"[4, 19]",2,6,0,0,0,1,0,0,0,0,0,10,14
202454C152724,2024,54C152724,382392,154593,-2.25389,51.29019,3,3,3,06:25,-1,E06000054,3,2,1,1,2,"[4, 19]",2,6,0,0,0,1,0,0,0,1,0,10,15
202454C159424,2024,54C159424,385306,158363,-2.21226,51.32418,3,3,6,17:45,-1,E06000054,6,2,1,0,1,"[19, 9]","[5, 8]",2,0,"[7, 0]","[11, 0]",1,0,0,0,0,0,10,11
202454C177324,2024,54C177324,394874,191987,-2.07545,51.62667,3,3,3,14:23,-1,E06000054,3,0,2,1,2,"[1, 3]","[5, 1]","[1, 5]",0,0,0,1,0,0,1,0,0,10,1
202454C190224,2024,54C190224,406241,177985,-1.91148,51.50077,3,3,3,17:28,-1,E06000054,6,0,1,0,2,"[19, 9]","[6, 2]","[2, 6]",0,0,0,1,0,0,0,0,0,10,15
202454C208924,2024,54C208924,412831,190583,-1.81609,51.61393,3,3,3,12:52,-1,E06000030,6,0,1,1,2,19,"[2, 5]","[6, 1]",0,"[1, 0]","[9, 0]",1,0,1,0,0,0,10,15
202454C209724,2024,54C209724,398366,135878,-2.02473,51.12218,3,3,4,08:27,-1,E06000054,3,0,2,1,2,"[4, 19]",2,6,0,0,0,1,0,0,1,0,0,10,16
202454C211324,2024,54C211324,417363,186914,-1.75082,51.58082,2,2,3,14:30,-1,E06000030,4,0,9,0,1,19,1,6,0,0,0,1,1,0,0,0,0,10,15
202454C219224,2024,54C219224,409883,131782,-1.86028,51.08527,3,3,4,08:48,-1,E06000054,3,0,2,1,2,"[19, 9]",5,"[1, 3]",0,0,0,1,0,0,0,0,0,10,16
202454C231424,2024,54C231424,386670,176401,-2.19337,51.4864,3,3,4,15:10,-1,E06000054,6,0,2,1,2,19,1,5,0,1,11,1,0,0,0,0,0,10,16
202454C246924,2024,54C246924,407130,183969,-1.89856,51.55456,2,"[3, 2]",4,18:13,-1,E06000054,4,2,2,1,2,"[19, 9]","[3, 8]","[8, 4]",0,0,0,1,0,1,0,0,0,10,16
202454C263924,2024,54C263924,390928,170631,-2.1319,51.4346,2,2,5,08:52,-1,E06000054,3,0,1,1,2,7,7,4,0,1,2,0,0,1,0,0,0,10,17
202454C273724,2024,54C273724,384687,158111,-2.22113,51.32189,3,3,5,08:00,-1,E06000054,3,0,1,0,2,19,4,8,0,0,0,1,0,0,0,0,1,10,17
202454C273924,2024,54C273924,412433,178534,-1.82226,51.5056,3,3,5,13:47,-1,E06000030,3,0,1,0,2,"[9, 14]","[8, 6]","[6, 2]",0,0,0,1,0,0,0,0,0,10,17
202454C277124,2024,54C277124,409569,190079,-1.86321,51.60946,3,3,1,14:11,-1,E06000054,4,0,1,0,2,19,1,5,10,1,9,0,0,1,0,0,0,11,10
202454C290124,2024,54C290124,394811,191302,-2.07635,51.62052,3,3,5,15:34,-1,E06000054,3,0,1,0,2,"[2, 19]","[0, 5]","[0, 1]",0,0,0,1,0,0,0,0,0,10,17
202454C294824,2024,54C294824,425177,183844,-1.63827,51.55293,3,3,5,19:33,-1,E06000030,6,2,1,0,2,19,2,6,0,1,0,0,0,1,0,0,0,10,17
202454C323124,2024,54C323124,407005,192175,-1.9002,51.62835,2,2,6,12:20,-1,E06000054,4,0,1,0,2,"[13, 19]",2,6,0,0,0,1,1,0,0,0,0,10,18
202454C324524,2024,54C324524,401466,162159,-1.98033,51.3585,3,3,6,08:30,-1,E06000054,6,0,1,0,1,5,"[7, 2]","[3, 6]",0,0,0,1,1,0,0,0,0,10,18
202454C324624,2024,54C324624,420072,192588,-1.7114,51.63175,3,3,6,11:41,-1,E06000030,3,0,1,0,2,5,5,1,0,0,0,1,0,0,0,0,1,10,18
202454C327624,2024,54C327624,416759,184232,-1.75966,51.55673,3,3,6,15:20,-1,E06000030,6,0,1,0,1,19,1,5,0,0,0,1,0,0,0,0,1,10,18
202454C329224,2024,54C329224,387749,168991,-2.17757,51.4198,3,3,2,15:50,-1,E06000054,4,0,1,0,1,19,4,8,0,0,0,1,0,0,0,0,0,11,11
202454C336024,2024,54C336024,382856,142537,-2.24666,51.1818,3,3,6,15:18,-1,E06000054,5,0,2,1,2,19,2,6,0,0,0,0,0,1,0,0,0,10,18
202454C338424,2024,54C338424,400136,163185,-1.99943,51.36773,3,3,6,17:20,-1,E06000054,5,0,1,0,2,4,2,6,0,0,0,1,0,0,0,0,0,10,18
202454C346624,2024,54C346624,405851,181794,-1.91704,51.53502,2,"[3, 2]",7,00:27,-1,E06000054,3,2,9,0,2,19,"[2, 6]","[6, 2]",0,"[0, 1]",0,1,0,0,0,0,0,10,19
202454C352824,2024,54C352824,393914,187238,-2.08923,51.58397,2,2,7,06:56,-1,E06000054,3,2,2,1,2,19,1,5,0,1,10,1,0,0,0,0,0,10,19
202454C355624,2024,54C355624,415685,144032,-1.77691,51.19529,2,2,7,09:49,-1,E06000054,3,0,1,0,2,"[19, 9]","[7, 1]","[3, 7]",0,0,0,1,0,1,0,0,0,10,19
202454C359624,2024,54C359624,412629,190285,-1.81902,51.61126,3,3,7,11:00,-1,E06000030,6,0,1,0,2,19,1,5,6,1,0,1,0,0,0,0,0,10,19
202454C362524,2024,54C362524,412271,189090,-1.82423,51.60052,3,3,6,17:46,-1,E06000030,6,0,1,0,1,19,"[4, 6]","[8, 2]",0,0,0,1,1,0,0,0,0,10,18
202454C363624,2024,54C363624,382243,174676,-2.25704,51.47077,2,2,7,13:36,-1,E06000054,3,0,1,0,2,"[13, 9]",3,"[7, 1]",0,"[7, 0]",0,1,0,1,0,0,0,10,19
202454C365124,2024,54C365124,415716,188158,-1.77453,51.59206,3,3,7,15:01,-1,E06000030,3,0,1,0,1,"[19, 4]",5,"[1, 3]",0,0,0,1,0,0,0,0,0,10,19
202454C372724,2024,54C372724,415817,194250,-1.7728,51.64683,3,3,7,19:18,-1,E06000030,6,2,1,0,2,19,3,8,0,1,10,1,0,0,0,0,0,10,19
202454C392624,2024,54C392624,415559,184461,-1.77696,51.55882,3,3,1,15:24,-1,E06000030,6,0,1,1,1,19,"[6, 5]","[2, 1]",0,0,0,1,1,0,0,0,0,10,20
202454C393824,2024,54C393824,414383,183636,-1.79396,51.55143,3,3,1,16:00,-1,E06000030,6,0,1,1,1,19,3,7,0,7,3,1,0,0,0,0,0,10,20
202454C396424,2024,54C396424,415438,188851,-1.77851,51.59829,3,3,1,16:00,-1,E06000030,3,0,1,1,1,"[7, 4]","[3, 5]","[5, 1]",0,0,0,1,0,0,0,0,0,10,20
202454C445424,2024,54C445424,424988,152299,-1.64321,51.2693,3,3,3,00:02,-1,E06000054,6,2,1,1,2,19,2,6,0,1,4,1,0,0,0,0,0,10,22
202454C463824,2024,54C463824,418905,186685,-1.72858,51.57871,2,2,2,17:35,-1,E06000030,3,0,9,0,2,5,"[6, 7]","[2, 3]",0,0,0,1,1,0,0,0,0,10,21
202454C504424,2024,54C504424,403394,129335,-1.95294,51.06334,3,3,4,07:59,-1,E06000054,3,0,2,1,2,19,2,6,0,1,0,1,0,0,0,0,0,10,23
202454C507024,2024,54C507024,400720,161043,-1.99105,51.34847,3,3,4,08:50,-1,E06000054,3,0,1,0,1,"[5, 19]","[5, 6]",2,0,0,0,1,1,0,0,0,0,10,23