collision_index,collision_year,collision_ref_no,location_easting_osgr,location_northing_osgr,longitude,latitude,casualty_severity,casualty_severity,day_of_week,time,local_authority_district,local_authority_ons_district,first_road_class,light_conditions,weather_conditions,road_surface_conditions,urban_or_rural_area,vehicle_manoeuvre,vehicle_direction_from,vehicle_direction_to,hit_object_in_carriageway,vehicle_leaving_carriageway,hit_object_off_carriageway,is_car,is_cyle,is_mcyle,is_goodsv,is_other,is_pedestrian,month,day
2024552400095,2024,552400095,409057,92381,-1.87304,50.73098,3,3,4,16:52,-1,E06000058,4,2,1,0,1,19,2,8,0,0,0,0,0,0,1,0,1,1,17
2024552400097,2024,552400097,399110,97556,-2.01399,50.77758,2,2,2,09:28,-1,E06000059,5,0,1,1,1,"[10, 19]",6,"[4, 2]",0,0,0,1,0,0,0,0,0,1,22
2024552400099,2024,552400099,405656,89521,-1.92127,50.7053,3,3,2,10:05,-1,E06000058,6,0,1,0,1,9,7,5,0,0,0,1,0,0,0,0,1,1,15
2024552400102,2024,552400102,363836,111084,-2.51561,50.89809,2,2,2,17:19,-1,E06000059,5,2,1,0,2,"[19, 7]","[6, 8]",2,0,0,0,1,0,1,0,0,0,1,15
2024552400104,2024,552400104,410374,92376,-1.85438,50.73091,3,3,3,12:51,-1,E06000058,5,0,2,1,1,"[7, 19]","[4, 2]",6,0,0,0,1,0,0,0,0,0,1,23
2024552400105,2024,552400105,410644,92258,-1.85055,50.72984,2,2,4,08:59,-1,E06000058,6,0,1,0,1,7,8,2,0,0,0,1,0,0,0,0,1,1,24
2024552400106,2024,552400106,400119,115511,-1.99968,50.93904,3,3,3,12:56,-1,E06000059,3,0,1,0,2,19,"[2, 8]","[6, 4]",0,"[1, 0]","[9, 0]",1,0,0,0,0,0,1,23
2024552400108,2024,552400108,387872,109553,-2.17378,50.88534,3,3,6,22:30,-1,E06000059,5,2,1,2,2,19,2,6,0,1,4,1,0,0,0,0,0,1,19
2024552400109,2024,552400109,402319,92503,-1.96851,50.73214,3,3,6,20:50,-1,E06000058,5,2,1,1,1,"[19, 9]","[3, 7]","[7, 5]",0,0,0,1,0,1,0,0,0,1,5
2024552400110,2024,552400110,366823,98168,-2.47196,50.78213,2,2,4,12:14,-1,E06000059,3,0,1,0,2,19,1,5,0,0,0,0,0,1,0,0,0,1,24
2024552400111,2024,552400111,403185,98008,-1.95619,50.78164,3,3,3,11:28,-1,E06000058,3,0,1,0,2,"[9, 19]","[4, 8]","[1, 4]",0,0,0,1,0,0,0,0,0,1,16
2024552400112,2024,552400112,389319,120833,-2.15354,50.9868,3,3,7,10:17,-1,E06000059,4,0,1,0,2,19,2,1,0,1,4,1,0,0,0,0,0,1,27
2024552400113,2024,552400113,391338,82413,-2.12386,50.64134,3,3,5,22:34,-1,E06000059,5,2,1,2,2,19,1,5,0,1,4,1,0,0,0,0,0,1,18
2024552400114,2024,552400114,406478,94079,-1.90955,50.74628,3,3,5,17:55,-1,E06000058,3,2,1,0,1,"[4, 19]",4,8,0,0,0,1,0,0,0,0,0,1,25
2024552400115,2024,552400115,402685,92525,-1.96332,50.73234,3,3,3,08:25,-1,E06000058,6,0,2,1,1,7,3,6,0,0,0,1,0,0,0,0,1,1,23
2024552400116,2024,552400116,367610,105312,-2.46143,50.84642,3,3,1,21:40,-1,E06000059,5,2,1,1,2,19,8,4,0,1,4,1,0,0,0,0,0,1,28
2024552400117,2024,552400117,417715,93234,-1.75032,50.73845,3,3,2,16:00,-1,E06000058,6,0,1,0,1,19,"[8, 6]","[4, 2]",0,0,0,1,1,0,0,0,0,1,15
2024552400121,2024,552400121,416845,93154,-1.76265,50.73776,3,3,2,17:03,-1,E06000058,4,2,1,0,1,"[4, 19]",4,8,0,0,0,1,0,1,0,0,0,1,29
2024552400122,2024,552400122,388920,105616,-2.15876,50.84995,3,3,7,13:45,-1,E06000059,3,0,1,0,2,13,2,6,0,0,0,1,0,0,0,0,1,1,27
2024552400123,2024,552400123,410332,92354,-1.85497,50.73071,3,3,6,16:00,-1,E06000058,6,0,1,1,1,5,6,2,0,0,0,1,0,0,0,0,1,1,5
2024552400126,2024,552400126,382940,106143,-2.24373,50.85455,3,3,2,17:06,-1,E06000059,5,2,1,0,2,7,7,1,0,0,0,0,0,1,0,0,0,1,29
2024552400127,2024,552400127,401065,90591,-1.98628,50.71495,3,3,5,23:28,-1,E06000058,6,2,1,0,1,"[7, 9]","[6, 8]","[8, 6]",0,0,0,1,0,0,0,0,0,1,4
2024552400133,2024,552400133,402267,92521,-1.96924,50.7323,3,3,6,08:10,-1,E06000058,5,0,1,0,1,"[7, 19]","[3, 8]","[6, 3]",0,0,0,1,1,0,0,0,0,1,19
2024552400138,2024,552400138,358569,90940,-2.58822,50.7166,3,3,4,18:45,-1,E06000059,3,2,1,0,2,19,8,4,0,0,0,0,0,1,0,0,0,1,31
2024552400142,2024,552400142,391114,95330,-2.12734,50.7575,2,2,4,14:38,-1,E06000059,4,0,2,1,2,13,1,5,0,0,0,0,0,1,0,0,0,1,31
2024552400143,2024,552400143,413016,93792,-1.81689,50.74359,2,2,5,11:00,-1,E06000058,3,0,1,0,1,"[5, 19]","[6, 3]","[2, 7]",0,0,0,1,1,0,0,0,0,1,18
2024552400144,2024,552400144,412534,104243,-1.82337,50.83758,3,3,5,15:20,-1,E06000059,6,0,2,1,2,1,8,4,0,0,0,1,0,0,0,0,1,1,4
2024552400147,2024,552400147,403811,92751,-1.94736,50.73436,3,3,6,10:26,-1,E06000058,6,0,1,0,1,19,"[1, 3]","[5, 7]",0,0,0,1,0,0,0,0,0,2,2
2024552400149,2024,552400149,406804,94815,-1.90491,50.7529,3,3,6,15:35,-1,E06000058,5,0,1,0,1,19,6,2,0,0,0,1,0,0,0,0,1,2,2
2024552400150,2024,552400150,411264,91500,-1.84179,50.72302,3,3,3,12:48,-1,E06000058,5,0,1,0,1,"[10, 19]",6,"[5, 2]",0,0,0,1,0,0,0,0,0,1,30
2024552400152,2024,552400152,402609,93681,-1.96439,50.74273,3,3,7,12:46,-1,E06000058,5,0,1,0,1,"[19, 6]",6,"[2, 6]",0,0,0,1,0,1,0,0,0,2,3
2024552400154,2024,552400154,346582,92157,-2.75818,50.72657,3,3,7,19:21,-1,E06000059,4,0,1,1,1,"[19, 9]","[5, 1]","[1, 7]",0,0,0,1,0,0,0,0,0,2,3
2024552400155,2024,552400155,403369,92642,-1.95363,50.73338,2,"[2, 3]",1,20:47,-1,E06000058,6,2,1,0,1,"[4, 19]","[1, 5]","[5, 1]",0,0,0,1,0,1,0,0,1,2,4
2024552400156,2024,552400156,399625,90685,-2.00668,50.71579,3,3,1,23:47,-1,E06000058,4,2,1,0,1,"[19, 2]","[8, 0]","[4, 0]",0,0,0,1,0,0,0,0,0,2,4
2024552400159,2024,552400159,402295,92820,-1.96884,50.73499,3,3,2,10:13,-1,E06000058,6,0,1,0,1,"[19, 2]","[4, 0]","[8, 0]",0,0,0,1,0,0,0,0,0,2,5
2024552400162,2024,552400162,401422,94397,-1.98121,50.74917,3,3,2,15:16,-1,E06000058,6,0,1,0,1,"[19, 5]","[2, 7]","[6, 3]",0,"[1, 0]","[11, 0]",1,0,0,0,0,0,2,5
2024552400163,2024,552400163,368613,90266,-2.4459,50.71117,3,3,3,16:36,-1,E06000059,6,0,1,0,1,7,3,6,0,1,0,1,0,0,0,0,1,1,23
2024552400164,2024,552400164,409765,91777,-1.86302,50.72553,3,3,2,22:38,-1,E06000058,3,2,1,0,1,"[7, 19]","[7, 6]",2,0,"[1, 0]",0,1,1,0,0,0,0,2,5
2024552400167,2024,552400167,405294,92542,-1.92635,50.73247,3,3,5,08:57,-1,E06000058,6,0,1,0,1,9,7,5,0,0,0,1,0,0,0,0,1,2,1
2024552400169,2024,552400169,395250,92143,-2.06866,50.72889,2,2,3,11:55,-1,E06000059,3,0,1,0,2,"[9, 13]",6,"[4, 2]",0,0,0,1,0,1,0,0,0,1,30
2024552400171,2024,552400171,408846,93604,-1.876,50.74198,3,3,7,02:32,-1,E06000058,6,0,1,0,1,4,8,4,0,0,0,1,0,1,0,0,0,1,13
2024552400172,2024,552400172,401101,93757,-1.98576,50.74342,3,3,3,17:44,-1,E06000058,3,2,1,0,1,"[3, 12]",5,1,0,0,0,1,0,0,0,0,0,2,6
2024552400173,2024,552400173,410085,94878,-1.8584,50.75341,3,3,6,15:56,-1,E06000058,4,0,1,0,1,19,2,6,0,0,0,1,0,0,0,0,1,2,2
2024552400174,2024,552400174,407756,93606,-1.89144,50.74201,3,3,6,14:12,-1,E06000058,3,0,1,0,1,19,4,8,0,0,0,1,0,0,0,0,1,2,2
2024552400177,2024,552400177,412775,97041,-1.8202,50.77281,3,3,4,09:09,-1,E06000058,5,0,2,1,2,"[19, 9]","[6, 8]","[2, 6]",0,0,0,1,0,0,0,0,0,2,7
2024552400178,2024,552400178,405298,94630,-1.92627,50.75125,3,3,4,17:00,-1,E06000058,3,2,1,0,1,"[10, 19]","[6, 8]",4,0,0,0,1,1,0,0,0,0,1,31
2024552400179,2024,552400179,366037,78965,-2.48134,50.6094,3,3,4,23:22,-1,E06000059,4,2,2,1,1,19,8,4,0,0,0,1,0,0,0,0,1,2,7
2024552400182,2024,552400182,402906,91608,-1.9602,50.72409,3,3,1,14:20,-1,E06000058,5,0,1,0,1,"[19, 7]","[6, 7]",2,0,0,0,1,0,0,0,0,0,2,4
2024552400183,2024,552400183,362079,97364,-2.53917,50.77461,3,3,5,11:08,-1,E06000059,3,0,7,1,2,"[3, 19]",5,1,0,0,0,1,0,0,0,0,0,2,8
2024552400186,2024,552400186,355277,86471,-2.63431,50.67617,3,3,5,20:13,-1,E06000059,4,2,5,1,2,19,8,4,0,8,11,1,0,0,0,0,0,2,8
2024552400188,2024,552400188,402800,92560,-1.96169,50.73265,3,3,6,17:26,-1,E06000058,5,0,2,1,1,"[19, 5]","[4, 8]","[8, 4]",0,0,0,1,0,0,0,0,0,2,9
2024552400189,2024,552400189,395491,92528,-2.06525,50.73235,3,3,4,19:21,-1,E06000059,3,0,1,0,2,19,7,3,0,0,0,1,0,0,0,0,0,1,24
2024552400190,2024,552400190,409291,93181,-1.8697,50.73817,3,3,2,08:40,-1,E06000058,3,0,1,0,1,19,"[1, 8]","[5, 4]",0,0,0,1,1,0,0,0,0,1,22
2024552400191,2024,552400191,400481,92967,-1.99455,50.73632,3,3,7,17:07,-1,E06000058,3,0,1,0,1,"[19, 12]",7,"[3, 4]",0,0,0,1,0,0,0,0,0,2,10
2024552400193,2024,552400193,408995,95128,-1.87385,50.75568,3,3,2,08:06,-1,E06000058,5,0,1,0,1,7,2,4,0,0,0,1,0,0,0,0,1,2,12
2024552400196,2024,552400196,401052,92315,-1.98646,50.73045,3,3,6,05:43,-1,E06000058,5,2,1,0,1,19,"[2, 1]","[6, 5]",0,0,0,1,1,0,0,0,0,2,9
2024552400197,2024,552400197,403852,93716,-1.94677,50.74304,3,3,2,16:58,-1,E06000058,4,0,1,0,1,"[19, 1]","[2, 6]","[6, 2]",0,0,0,1,0,0,0,0,1,2,12
2024552400198,2024,552400198,404631,94656,-1.93572,50.75149,3,3,4,14:22,-1,E06000058,3,0,2,1,1,"[15, 19]",6,2,0,0,0,1,0,1,0,0,0,2,7
2024552400200,2024,552400200,399912,94720,-2.00261,50.75208,2,2,1,12:20,-1,E06000058,6,0,1,0,1,19,5,1,0,0,0,1,0,0,0,0,1,1,28
2024552400202,2024,552400202,389150,107661,-2.15555,50.86835,3,3,5,13:00,-1,E06000059,5,0,1,0,1,"[9, 19]","[7, 5]","[5, 1]",0,0,0,1,0,0,0,0,0,2,15
2024552400203,2024,552400203,408056,91030,-1.88725,50.71884,3,3,6,16:35,-1,E06000058,6,0,1,1,1,9,8,5,0,0,0,1,0,0,0,0,1,2,16
2024552400204,2024,552400204,408686,93959,-1.87826,50.74517,3,3,6,19:29,-1,E06000058,5,2,1,0,1,19,5,1,0,0,0,1,0,0,0,0,1,2,16
2024552400205,2024,552400205,368498,90562,-2.44755,50.71383,3,3,6,13:14,-1,E06000059,4,0,1,1,1,"[19, 5, 2]","[7, 8, 0]","[3, 0]",0,0,0,1,0,0,0,0,0,2,16
2024552400206,2024,552400206,408993,91431,-1.87397,50.72244,3,3,3,03:50,-1,E06000058,5,2,1,1,1,"[9, 19]","[4, 2]","[2, 6]",0,0,0,1,1,0,0,0,0,2,13
2024552400207,2024,552400207,395570,92529,-2.06414,50.73236,3,3,7,10:02,-1,E06000059,3,0,1,1,2,13,7,3,0,1,2,1,0,0,0,0,0,2,17
2024552400208,2024,552400208,359704,85087,-2.57151,50.66405,3,3,7,11:49,-1,E06000059,4,0,2,1,2,19,"[6, 2]","[2, 6]",0,"[0, 7]","[0, 10]",1,0,0,0,0,0,2,17
2024552400211,2024,552400211,366137,77851,-2.47983,50.59939,3,3,7,09:02,-1,E06000059,4,0,1,1,1,"[19, 7]","[4, 6]",8,0,0,0,1,0,0,0,0,0,2,17
2024552400213,2024,552400213,395845,102783,-2.06036,50.82457,3,3,1,18:42,-1,E06000059,4,2,1,1,2,19,8,4,0,0,0,1,0,0,0,0,0,2,18
2024552400214,2024,552400214,384986,87480,-2.2139,50.68678,3,3,1,18:56,-1,E06000059,3,2,1,1,2,19,6,2,0,1,0,0,0,1,0,0,0,2,18
2024552400215,2024,552400215,404407,93813,-1.93891,50.74391,3,3,3,07:35,-1,E06000058,5,0,1,0,1,"[19, 9]","[4, 2]",8,0,0,0,1,0,0,0,0,0,2,13
2024552400216,2024,552400216,367638,83765,-2.45914,50.65266,3,3,6,06:19,-1,E06000059,3,0,1,0,2,"[19, 7]","[4, 6]",8,0,0,0,1,0,0,0,0,0,2,16
2024552400217,2024,552400217,387067,93958,-2.18467,50.74508,3,3,3,11:49,-1,E06000059,3,0,1,1,2,19,4,8,0,1,4,1,0,0,0,0,0,2,20
2024552400218,2024,552400218,346554,92947,-2.75869,50.73367,2,2,3,11:26,-1,E06000059,4,0,1,0,1,19,4,8,0,0,0,1,0,0,0,0,1,2,20
2024552400220,2024,552400220,368365,93359,-2.44968,50.73897,3,3,3,16:00,-1,E06000059,5,0,7,1,2,19,1,5,0,1,4,1,0,0,0,0,0,2,13
2024552400222,2024,552400222,406296,94129,-1.91213,50.74673,3,3,4,21:15,-1,E06000058,3,0,1,0,1,"[19, 7]","[4, 5]",8,0,0,0,1,0,1,0,0,0,2,21
2024552400223,2024,552400223,399760,94648,-2.00477,50.75143,3,3,7,19:11,-1,E06000058,5,2,1,0,1,9,8,5,0,0,0,1,0,0,0,0,0,2,24
2024552400225,2024,552400225,380639,112767,-2.27677,50.91404,3,3,1,09:37,-1,E06000059,3,0,2,1,2,19,8,4,0,7,10,1,0,0,0,0,0,1,14
2024552400227,2024,552400227,398665,98674,-2.02031,50.78763,3,3,2,14:26,-1,E06000059,3,0,1,0,2,"[15, 19]","[6, 2]","[2, 6]",0,0,0,1,0,0,0,0,0,2,26
2024552400228,2024,552400228,365530,79557,-2.48856,50.6147,2,"[3, 2]",2,17:11,-1,E06000059,6,0,1,0,1,3,2,6,0,0,0,1,0,0,0,0,1,2,26
2024552400232,2024,552400232,400937,100627,-1.98807,50.8052,3,3,3,19:02,-1,E06000059,4,0,1,0,1,19,6,2,0,0,0,1,0,0,0,0,1,2,27
2024552400235,2024,552400235,408719,101142,-1.87762,50.80977,2,2,1,18:30,-1,E06000059,3,2,1,0,1,19,2,6,10,1,0,0,0,1,0,0,0,2,18
2024552400236,2024,552400236,401766,94308,-1.97633,50.74837,3,3,6,08:12,-1,E06000058,6,0,1,0,1,"[5, 19]","[5, 3]","[1, 7]",0,0,0,1,1,0,0,0,0,2,23
2024552400240,2024,552400240,362664,114651,-2.53264,50.93009,3,3,1,22:25,-1,E06000059,5,2,1,1,2,19,2,6,0,0,0,1,0,0,0,0,0,1,14
2024552400241,2024,552400241,400994,102541,-1.98726,50.82241,2,2,2,13:35,-1,E06000059,4,0,1,0,2,"[9, 19]","[3, 1]","[1, 5]",0,0,0,1,0,1,0,0,0,2,26
2024552400242,2024,552400242,402084,98553,-1.9718,50.78655,3,3,3,07:50,-1,E06000058,5,0,2,1,1,"[3, 5]",2,6,0,0,0,1,0,0,0,0,0,2,20
2024552400243,2024,552400243,415821,93004,-1.77717,50.73644,3,3,5,19:40,-1,E06000058,3,2,2,1,1,"[19, 9]",6,"[2, 5]",0,0,0,1,0,0,0,0,0,2,29
2024552400244,2024,552400244,404384,92136,-1.93925,50.72883,3,3,5,23:40,-1,E06000058,4,2,1,0,1,19,3,7,0,0,0,1,0,0,0,0,1,2,29
2024552400245,2024,552400245,358932,115073,-2.58579,50.93363,3,3,6,08:16,-1,E06000059,5,0,1,1,2,19,"[7, 3]","[3, 7]",0,0,0,1,0,0,1,0,0,3,1
2024552400246,2024,552400246,409292,93192,-1.86969,50.73827,3,3,5,19:49,-1,E06000058,6,2,1,1,1,19,5,1,0,0,0,1,0,0,0,0,1,2,29
2024552400247,2024,552400247,408771,91533,-1.87711,50.72336,3,3,6,14:23,-1,E06000058,3,0,1,0,1,"[5, 4]",1,5,0,0,0,1,0,0,0,0,0,2,2
2024552400248,2024,552400248,392209,88648,-2.11168,50.69742,3,3,5,13:38,-1,E06000059,3,0,1,1,2,"[19, 9]","[6, 8]","[2, 6]",0,0,0,1,0,0,0,0,0,2,29
2024552400249,2024,552400249,362519,95013,-2.53269,50.7535,3,3,7,08:44,-1,E06000059,3,0,1,0,2,"[14, 2]","[7, 0]","[3, 0]",0,0,0,1,0,0,0,0,0,3,2
2024552400250,2024,552400250,397097,94537,-2.04252,50.75043,3,3,6,14:18,-1,E06000059,3,0,1,0,2,"[19, 3]",4,8,0,0,0,1,0,0,0,0,0,3,1
2024552400251,2024,552400251,409503,95764,-1.86663,50.76139,3,3,3,16:16,-1,E06000058,6,0,1,0,1,"[9, 19]","[4, 2]","[2, 6]",0,0,0,1,0,0,0,0,0,2,27
2024552400253,2024,552400253,361474,116423,-2.54976,50.94595,2,2,3,21:40,-1,E06000059,3,2,1,1,2,19,3,7,0,0,0,1,0,1,0,0,0,1,2
2024552400254,2024,552400254,397976,93320,-2.03005,50.73949,1,1,7,09:17,-1,E06000059,3,0,1,0,1,19,8,4,0,0,0,1,0,0,0,0,1,1,6
2024552400255,2024,552400255,363566,118731,-2.52022,50.96684,3,3,5,11:20,-1,E06000059,6,0,2,1,2,19,"[6, 2]","[2, 6]",0,0,0,1,0,0,0,0,0,1,4
2024552400256,2024,552400256,363953,116542,-2.51449,50.94718,3,3,6,13:38,-1,E06000059,4,0,1,0,2,2,0,0,0,0,0,1,0,0,0,0,1,3,1
2024552400257,2024,552400257,368921,90277,-2.44154,50.71129,3,3,3,11:10,-1,E06000059,4,0,1,0,1,19,7,3,0,0,0,1,0,0,0,0,0,1,30
2024552400258,2024,552400258,361342,100195,-2.54992,50.80002,1,"[1, 3]",2,05:43,-1,E06000059,3,2,1,1,2,"[19, 13]","[4, 8]","[8, 4]",0,0,0,1,0,0,1,0,0,1,15
2024552400259,2024,552400259,409225,92591,-1.87065,50.73286,3,3,4,21:09,-1,E06000058,6,2,1,0,1,"[4, 19]",8,4,0,0,0,1,0,1,0,0,0,1,31
2024552400260,2024,552400260,366642,90372,-2.47382,50.71202,3,3,1,17:21,-1,E06000059,3,2,2,1,2,"[4, 19]","[7, 3]","[3, 7]",0,0,0,1,0,0,0,0,0,3,3
2024552400261,2024,552400261,411390,104662,-1.8396,50.84137,1,1,6,17:39,-1,E06000059,5,0,1,1,2,"[9, 19]","[7, 3]","[5, 7]",0,0,0,1,0,1,0,0,0,2,23
2024552400262,2024,552400262,416188,95937,-1.77184,50.7628,3,3,2,09:20,-1,E06000058,4,0,1,0,2,19,5,1,0,0,0,1,0,0,0,0,1,1,8
2024552400264,2024,552400264,363996,119273,-2.51415,50.97174,2,2,3,15:15,-1,E06000059,4,0,1,0,2,19,"[5, 7]","[1, 3]",0,0,0,1,0,0,0,0,0,2,20
2024552400266,2024,552400266,376406,113256,-2.33702,50.91828,3,3,5,19:39,-1,E06000059,3,2,1,1,2,19,3,7,0,1,2,1,0,0,0,0,0,2,22
2024552400267,2024,552400267,403449,102770,-1.9524,50.82446,3,3,3,22:04,-1,E06000059,5,2,1,1,2,19,"[4, 6]","[8, 2]",0,"[0, 7]","[0, 1]",1,0,0,0,0,0,3,5
2024552400268,2024,552400268,406481,94905,-1.90949,50.75371,3,3,5,00:49,-1,E06000058,6,2,1,0,1,7,5,8,0,7,3,1,0,0,0,0,0,1,18
2024552400269,2024,552400269,402928,98684,-1.95983,50.78772,2,2,2,17:35,-1,E06000058,5,2,1,0,1,19,3,7,10,0,0,0,1,0,0,0,0,1,8
2024552400270,2024,552400270,407260,93788,-1.89847,50.74365,3,3,3,15:30,-1,E06000058,5,0,1,0,1,19,"[3, 1]","[7, 5]",0,0,0,1,1,0,0,0,0,1,9
2024552400272,2024,552400272,365437,79862,-2.4899,50.61743,3,3,5,05:31,-1,E06000059,4,2,1,2,2,19,2,6,0,0,0,0,0,1,0,0,0,1,18
2024552400274,2024,552400274,404431,92249,-1.93858,50.72984,3,3,2,17:06,-1,E06000058,6,0,1,0,1,"[19, 1]","[2, 3]","[6, 7]",0,0,0,1,0,1,0,0,0,2,19
2024552400275,2024,552400275,368483,89620,-2.44769,50.70536,3,3,4,17:43,-1,E06000059,6,2,2,1,1,"[9, 19]","[5, 2]","[2, 6]",0,0,0,1,1,0,0,0,0,1,10
2024552400276,2024,552400276,400746,90574,-1.9908,50.7148,2,2,5,11:44,-1,E06000058,3,0,1,0,1,7,7,1,0,0,0,0,1,0,1,0,0,3,7
2024552400277,2024,552400277,367459,81204,-2.46144,50.62962,2,2,2,08:23,-1,E06000059,4,0,1,0,1,"[13, 9]",8,"[4, 7]",0,0,0,1,1,0,0,0,0,2,26
2024552400278,2024,552400278,380860,126483,-2.27435,51.03738,3,3,5,10:17,-1,E06000059,5,0,1,0,1,"[5, 2]","[1, 0]","[5, 0]","[4, 0]","[3, 0]","[11, 0]",1,0,0,0,0,0,3,7
2024552400279,2024,552400279,369668,82755,-2.43034,50.64369,2,2,2,16:55,-1,E06000059,4,0,1,0,1,"[5, 19]","[7, 6]","[3, 4]",0,0,0,1,1,0,0,0,0,1,22
2024552400280,2024,552400280,401024,92821,-1.98685,50.735,3,3,3,15:34,-1,E06000058,5,0,1,0,1,19,"[5, 3]","[1, 7]",0,0,0,1,0,0,0,0,0,1,2
2024552400282,2024,552400282,385882,108701,-2.20203,50.87763,3,3,4,15:26,-1,E06000059,3,0,1,0,2,"[19, 3]",8,4,0,0,0,1,0,0,0,0,0,3,6
2024552400283,2024,552400283,406325,94122,-1.91172,50.74667,3,3,6,19:23,-1,E06000058,3,2,1,0,1,"[19, 1]","[4, 5]","[8, 1]",0,0,0,1,0,1,0,0,0,1,5
2024552400284,2024,552400284,400579,93180,-1.99316,50.73823,3,3,4,12:17,-1,E06000058,3,0,1,0,1,"[3, 19]",6,2,0,0,0,1,0,0,0,0,0,3,6
2024552400285,2024,552400285,418404,91984,-1.74062,50.72719,3,3,7,22:49,-1,E06000058,6,2,1,2,1,19,4,8,0,0,0,0,0,1,0,0,0,3,2
2024552400286,2024,552400286,414999,92409,-1.78884,50.73111,3,3,4,07:40,-1,E06000058,4,0,2,1,1,"[19, 7]","[2, 3]",6,0,0,0,0,0,1,1,0,0,1,17
2024552400287,2024,552400287,368461,95344,-2.44849,50.75683,3,3,6,07:16,-1,E06000059,5,2,1,0,2,"[9, 19]","[7, 4]","[4, 8]",0,0,0,1,0,0,0,0,0,1,26
2024552400288,2024,552400288,406101,96330,-1.91486,50.76653,2,2,6,16:33,-1,E06000058,6,0,1,0,1,"[7, 19]",6,"[8, 2]",0,0,0,1,0,0,0,1,0,2,23
2024552400289,2024,552400289,418397,93769,-1.74063,50.74324,3,3,4,09:59,-1,E06000058,3,0,1,0,1,19,6,2,0,4,6,1,0,0,0,0,0,2,28
2024552400290,2024,552400290,413597,93315,-1.80868,50.73929,2,2,2,14:37,-1,E06000058,6,0,1,0,1,"[4, 19]",6,2,0,0,0,1,0,1,0,0,0,1,22
2024552400291,2024,552400291,406595,98213,-1.90782,50.78345,2,2,1,00:13,-1,E06000059,3,2,2,1,2,19,1,5,0,1,11,1,0,0,0,0,0,3,10
2024552400292,2024,552400292,399615,90697,-2.00682,50.7159,2,2,2,09:53,-1,E06000058,4,0,2,1,1,19,8,4,0,0,0,1,0,0,0,0,1,3,4
2024552400293,2024,552400293,388819,106918,-2.16024,50.86166,2,2,2,17:56,-1,E06000059,5,0,1,0,1,19,2,6,0,0,0,1,0,0,0,0,1,1,29
2024552400294,2024,552400294,374893,107317,-2.35813,50.86481,3,3,6,15:58,-1,E06000059,5,0,1,0,2,"[19, 7]","[4, 2]","[8, 4]",0,"[1, 0]","[4, 0]",1,0,0,0,0,0,3,8
2024552400295,2024,552400295,411281,91988,-1.84154,50.7274,3,3,1,19:12,-1,E06000058,3,2,1,1,1,19,8,4,0,0,0,0,1,0,0,0,0,1,14
2024552400296,2024,552400296,409266,93191,-1.87005,50.73826,3,3,1,10:11,-1,E06000058,3,0,2,1,1,"[3, 19]",8,4,0,0,0,1,0,1,0,0,0,2,18
2024552400297,2024,552400297,403666,92286,-1.94942,50.73018,3,3,7,08:40,-1,E06000058,4,0,1,0,1,19,2,6,0,0,0,0,0,1,0,0,0,1,27
2024552400298,2024,552400298,411101,97421,-1.84392,50.77626,3,3,6,09:41,-1,E06000058,4,0,1,0,2,19,"[4, 8]","[8, 4]",0,0,0,1,0,0,1,0,0,1,19
2024552400299,2024,552400299,406427,94100,-1.91027,50.74647,3,3,6,19:05,-1,E06000058,3,0,1,0,1,"[7, 4]","[1, 5]",3,0,0,0,1,0,1,0,0,0,1,5
2024552400300,2024,552400300,408993,101373,-1.87373,50.81184,2,2,2,07:28,-1,E06000059,3,0,1,0,1,"[19, 12]",6,2,0,0,0,1,0,1,0,0,0,3,11
2024552400301,2024,552400301,407048,102087,-1.90132,50.81829,3,3,3,08:22,-1,E06000059,3,0,2,1,2,"[19, 4]",3,7,0,"[0, 1]","[0, 9]",1,0,0,0,0,0,3,12
2024552400302,2024,552400302,359396,110851,-2.57872,50.8957,2,2,1,14:25,-1,E06000059,5,0,1,0,2,"[2, 5]","[0, 7]","[0, 3]","[0, 4]",0,0,0,0,0,0,1,1,3,3
2024552400303,2024,552400303,408731,91580,-1.87767,50.72378,2,"[3, 2]",3,08:41,-1,E06000058,3,0,2,1,1,19,"[7, 1]","[3, 5]",0,0,0,1,0,0,0,0,0,3,12
2024552400304,2024,552400304,401567,91079,-1.97917,50.71934,3,3,6,08:16,-1,E06000058,4,0,1,0,1,5,2,6,0,0,0,1,0,0,0,0,1,3,8
2024552400305,2024,552400305,402667,92125,-1.96358,50.72874,3,3,5,07:47,-1,E06000058,4,0,1,0,1,"[10, 19, 3]",1,"[7, 5]",0,0,0,1,0,0,0,0,0,3,7
2024552400307,2024,552400307,404613,93000,-1.936,50.7366,3,3,7,14:26,-1,E06000058,6,0,1,0,1,7,4,6,0,1,10,1,0,0,0,0,1,3,9
2024552400308,2024,552400308,405523,92006,-1.92311,50.72765,3,3,3,19:20,-1,E06000058,3,2,1,0,1,"[19, 9]","[8, 6]",4,0,0,0,1,1,0,0,0,0,3,5
2024552400309,2024,552400309,388365,105931,-2.16665,50.85278,3,3,4,07:19,-1,E06000059,5,0,1,1,2,"[5, 9]","[1, 7]",5,0,0,0,1,0,0,0,0,0,3,13
2024552400310,2024,552400310,361154,90501,-2.55156,50.71283,3,3,5,01:19,-1,E06000059,3,2,2,1,2,19,2,6,0,7,10,1,0,0,0,0,0,2,8
2024552400311,2024,552400311,409360,92793,-1.86873,50.73468,2,2,5,21:55,-1,E06000058,4,2,1,0,1,"[9, 19]","[6, 2]","[4, 6]",0,0,0,1,0,1,0,0,0,3,7
2024552400312,2024,552400312,381080,91154,-2.26938,50.7197,2,2,4,14:38,-1,E06000059,5,0,1,0,2,19,3,7,12,0,0,0,0,1,0,0,0,3,13