collision_index,collision_year,collision_ref_no,location_easting_osgr,location_northing_osgr,longitude,latitude,casualty_severity,casualty_severity,day_of_week,time,local_authority_district,local_authority_ons_district,first_road_class,light_conditions,weather_conditions,road_surface_conditions,urban_or_rural_area,vehicle_manoeuvre,vehicle_direction_from,vehicle_direction_to,hit_object_in_carriageway,vehicle_leaving_carriageway,hit_object_off_carriageway,is_car,is_cyle,is_mcyle,is_goodsv,is_other,is_pedestrian,month,day
2024552400313,2024,552400313,349774,92725,-2.71304,50.73196,3,3,4,14:48,-1,E06000059,3,0,1,0,2,19,7,3,12,0,0,1,0,0,0,0,0,3,13
2024552400314,2024,552400314,347116,90692,-2.7504,50.71344,3,3,2,08:33,-1,E06000059,4,0,1,0,2,"[13, 9]","[2, 8]","[4, 6]",0,0,0,1,0,0,0,0,0,3,4
2024552400315,2024,552400315,369200,71907,-2.43606,50.54611,3,3,4,17:30,-1,E06000059,3,2,1,0,2,"[19, 9]","[5, 3]",1,0,0,0,1,0,0,0,0,0,1,10
2024552400317,2024,552400317,406828,91530,-1.90463,50.72335,3,3,2,04:46,-1,E06000058,5,2,1,0,1,19,4,1,0,0,0,1,0,0,0,0,1,1,1
2024552400318,2024,552400318,401202,94173,-1.98433,50.74716,3,3,4,17:15,-1,E06000058,3,0,1,0,1,19,"[2, 7]","[6, 3]",0,0,0,1,0,0,0,0,0,3,13
2024552400319,2024,552400319,402392,94504,-1.96746,50.75013,3,3,6,12:50,-1,E06000058,4,0,1,0,1,"[4, 3]",6,2,0,0,0,1,0,1,0,0,0,3,8
2024552400320,2024,552400320,406280,91730,-1.91239,50.72516,3,3,5,07:45,-1,E06000058,3,0,1,0,1,"[19, 13]",8,4,0,0,0,0,0,1,0,0,0,2,8
2024552400321,2024,552400321,407876,103094,-1.88954,50.82733,3,3,7,16:40,-1,E06000059,4,0,1,0,1,"[19, 3]",5,1,0,0,0,1,0,0,0,0,0,2,24
2024552400322,2024,552400322,381898,94738,-2.25797,50.75196,3,3,6,15:46,-1,E06000059,3,0,1,0,2,19,7,3,0,1,4,1,0,0,0,0,0,3,15
2024552400323,2024,552400323,370323,91028,-2.42174,50.71812,3,3,1,15:37,-1,E06000059,4,0,1,0,2,"[19, 9]","[6, 8]","[2, 6]",0,0,0,1,0,0,0,0,0,3,3
2024552400324,2024,552400324,340137,102949,-2.85124,50.82297,3,3,7,16:26,-1,E06000059,6,0,2,1,2,19,"[3, 7]","[7, 3]",0,0,0,1,0,0,0,0,0,3,16
2024552400325,2024,552400325,368040,79067,-2.45304,50.61043,3,3,3,13:30,-1,E06000059,6,2,1,0,1,1,1,5,0,0,0,1,0,0,0,0,1,1,16
2024552400326,2024,552400326,391319,93801,-2.1244,50.74375,3,3,5,12:57,-1,E06000059,3,0,2,1,2,19,8,4,0,7,4,0,0,0,1,0,0,3,14
2024552400327,2024,552400327,389729,97276,-2.14703,50.77497,3,3,7,21:16,-1,E06000059,3,2,2,1,2,19,7,3,0,0,0,0,0,1,0,0,0,3,16
2024552400329,2024,552400329,405936,93713,-1.91724,50.743,3,3,3,08:15,-1,E06000058,6,0,1,0,1,19,4,8,0,0,0,1,0,0,0,0,1,3,12
2024552400330,2024,552400330,404965,91993,-1.93102,50.72754,2,2,1,01:35,-1,E06000058,6,2,2,1,1,"[2, 19]","[0, 8]","[0, 4]","[0, 4]",0,0,1,0,0,0,0,0,3,17
2024552400331,2024,552400331,408062,97086,-1.88703,50.7733,3,3,3,15:45,-1,E06000058,3,0,1,0,1,"[13, 19]",2,6,0,0,0,1,1,0,0,0,0,1,16
2024552400332,2024,552400332,379167,126676,-2.29851,51.03906,2,2,5,21:42,-1,E06000059,4,2,1,0,2,19,4,8,0,0,0,0,0,1,0,0,0,3,7
2024552400333,2024,552400333,407018,90998,-1.90195,50.71857,3,3,2,05:18,-1,E06000058,5,2,1,0,1,19,4,8,10,1,0,0,0,1,0,0,0,3,18
2024552400334,2024,552400334,408219,102424,-1.88469,50.8213,3,3,3,14:53,-1,E06000059,5,0,1,0,1,19,4,8,0,0,0,0,0,1,0,0,1,1,30
2024552400335,2024,552400335,404915,91669,-1.93173,50.72462,2,2,2,15:39,-1,E06000058,3,0,1,0,1,"[2, 19]","[0, 7, 1]","[0, 3, 5]",0,0,0,1,0,1,0,0,0,3,18
2024552400336,2024,552400336,388354,105922,-2.16681,50.85269,2,2,1,13:39,-1,E06000059,5,0,1,0,2,19,"[7, 5]","[3, 1]",0,0,0,1,1,0,0,0,0,3,17
2024552400338,2024,552400338,401377,95049,-1.98184,50.75504,3,3,5,19:44,-1,E06000058,3,2,1,0,1,19,"[1, 5]","[5, 1]",0,0,0,1,0,0,0,0,0,1,18
2024552400339,2024,552400339,367866,90410,-2.45649,50.71243,2,2,2,17:46,-1,E06000059,6,2,2,1,1,"[9, 13]",1,"[7, 3]",0,0,0,1,0,1,0,0,0,1,8
2024552400340,2024,552400340,359711,116337,-2.57485,50.94505,3,3,1,17:25,-1,E06000059,3,0,1,0,2,19,3,7,12,0,0,0,0,1,0,0,0,3,17
2024552400341,2024,552400341,401889,91656,-1.9746,50.72452,3,3,5,08:12,-1,E06000058,6,0,1,1,1,19,4,8,0,0,0,0,0,1,0,0,0,1,4
2024552400342,2024,552400342,404440,94407,-1.93843,50.74925,2,2,2,08:58,-1,E06000058,4,0,1,0,1,"[14, 9]","[2, 4]","[6, 2]",0,0,0,1,0,1,0,0,0,3,18
2024552400343,2024,552400343,366852,82094,-2.4701,50.63759,2,2,1,10:15,-1,E06000059,4,0,1,1,1,7,1,3,0,0,0,1,0,0,0,0,1,1,28
2024552400344,2024,552400344,411083,91757,-1.84435,50.72533,3,3,3,21:45,-1,E06000058,3,2,1,1,1,"[9, 19]","[2, 6]","[1, 2]",0,0,0,1,0,1,0,0,0,3,19
2024552400345,2024,552400345,356914,85291,-2.611,50.66568,3,3,7,03:02,-1,E06000059,4,2,1,1,2,19,3,7,0,1,10,1,0,0,0,0,0,3,16
2024552400347,2024,552400347,412846,96638,-1.8192,50.76919,2,2,2,12:40,-1,E06000058,4,0,1,0,2,19,4,8,0,0,0,1,0,0,0,0,1,2,19
2024552400348,2024,552400348,403463,94256,-1.95228,50.7479,3,3,2,14:33,-1,E06000058,6,0,1,0,2,"[9, 7]","[6, 4]","[4, 6]",0,0,0,1,0,0,0,0,0,3,18
2024552400349,2024,552400349,366337,80475,-2.47724,50.623,3,3,3,11:22,-1,E06000059,6,0,1,0,1,9,4,2,0,0,0,1,1,0,0,0,0,3,19
2024552400350,2024,552400350,404395,91683,-1.9391,50.72475,3,3,3,17:20,-1,E06000058,3,0,2,1,1,"[7, 5]",7,"[1, 3]",0,0,0,1,1,0,0,0,0,3,19
2024552400351,2024,552400351,413049,93750,-1.81643,50.74321,3,3,5,13:11,-1,E06000058,3,0,2,1,1,"[19, 10]","[8, 4]","[4, 1]",0,0,0,1,0,0,0,0,0,1,4
2024552400352,2024,552400352,384622,121767,-2.2205,50.99509,3,3,6,10:01,-1,E06000059,5,0,1,1,2,19,8,4,0,0,0,1,0,0,0,0,0,3,22
2024552400353,2024,552400353,402828,92534,-1.96129,50.73242,2,2,5,17:00,-1,E06000058,4,0,1,0,1,"[9, 10]","[8, 2]","[6, 8]",0,0,0,1,1,0,0,0,0,3,21
2024552400354,2024,552400354,419005,93487,-1.73203,50.74068,3,3,5,15:44,-1,E06000058,3,0,1,0,1,19,8,4,0,0,0,1,0,0,0,0,1,3,21
2024552400355,2024,552400355,363445,116865,-2.52175,50.95005,3,3,7,08:10,-1,E06000059,3,0,1,0,2,19,"[5, 3]","[1, 7]",0,0,0,1,0,0,0,0,0,3,23
2024552400356,2024,552400356,403275,91192,-1.95497,50.72035,3,3,5,08:10,-1,E06000058,4,0,1,0,1,"[13, 19]",4,8,0,0,0,1,1,0,0,0,0,3,14
2024552400357,2024,552400357,368018,79528,-2.4534,50.61458,3,3,7,20:37,-1,E06000059,4,2,1,0,1,7,4,5,0,0,0,0,0,1,0,0,0,3,23
2024552400358,2024,552400358,384836,124116,-2.21755,51.01622,3,3,6,23:35,-1,E06000059,4,2,2,1,2,19,4,7,0,1,"[0, 4]",1,0,0,0,0,0,3,22
2024552400359,2024,552400359,346597,92794,-2.75806,50.73229,3,3,7,11:19,-1,E06000059,6,0,1,0,1,"[9, 19]",5,"[3, 1]",0,0,0,1,0,0,0,1,0,3,23
2024552400360,2024,552400360,350847,104339,-2.69939,50.83648,2,2,7,13:21,-1,E06000059,3,0,1,0,2,"[19, 9]","[4, 2]",8,0,"[1, 0]","[10, 0]",1,0,0,0,0,0,3,23
2024552400361,2024,552400361,408964,92402,-1.87435,50.73117,3,3,7,19:23,-1,E06000058,3,2,1,1,1,"[19, 9]","[2, 3]","[6, 2]",0,0,0,1,0,1,0,0,0,3,23
2024552400362,2024,552400362,412259,103814,-1.82729,50.83373,2,2,2,03:49,-1,E06000059,3,2,2,1,2,19,6,2,0,0,0,1,0,0,0,1,1,3,25
2024552400363,2024,552400363,401400,95154,-1.98152,50.75598,3,3,2,15:20,-1,E06000058,3,0,1,1,1,"[19, 9]","[1, 7]",5,0,0,0,1,1,0,0,0,0,3,18
2024552400364,2024,552400364,409636,95316,-1.86476,50.75736,2,"[3, 2]",2,23:53,-1,E06000058,3,2,1,0,1,"[19, 9]","[4, 8]","[8, 5]",0,0,0,1,0,0,0,0,0,3,25
2024552400365,2024,552400365,369614,82647,-2.43109,50.64271,3,3,6,18:54,-1,E06000059,4,0,1,0,1,1,2,7,0,0,0,1,0,0,0,0,1,3,15
2024552400366,2024,552400366,410185,91653,-1.85707,50.72441,3,3,6,17:31,-1,E06000058,6,0,1,0,1,19,2,6,0,0,0,1,0,0,0,0,1,3,22
2024552400367,2024,552400367,406595,98159,-1.90782,50.78297,3,3,4,19:50,-1,E06000059,3,2,1,0,1,"[19, 2]","[1, 0]","[5, 0]","[4, 0]",0,0,1,0,0,1,0,0,3,20
2024552400368,2024,552400368,402042,109263,-1.97234,50.88285,3,3,4,08:32,-1,E06000059,4,0,2,1,2,"[19, 3]",6,2,0,0,0,1,0,0,0,0,0,3,27
2024552400370,2024,552400370,409568,108837,-1.86537,50.87895,3,3,5,07:04,-1,E06000059,4,0,1,0,1,"[19, 9]","[3, 5]","[7, 3]",0,0,0,1,0,0,0,0,0,3,28
2024552400371,2024,552400371,410019,92113,-1.85941,50.72855,2,2,3,21:25,-1,E06000058,5,0,1,0,1,"[19, 10]",6,"[2, 4]",0,0,0,1,0,0,0,0,0,3,12
2024552400372,2024,552400372,406424,94087,-1.91031,50.74635,2,2,7,20:43,-1,E06000058,3,2,1,0,1,19,"[1, 3]","[5, 7]",0,0,0,1,0,1,0,0,0,3,30
2024552400373,2024,552400373,407785,100450,-1.89089,50.80356,2,"[3, 2]",7,14:03,-1,E06000059,4,0,1,0,1,19,4,8,0,0,0,0,1,0,0,0,1,3,30
2024552400374,2024,552400374,392556,87445,-2.10674,50.68661,3,3,7,12:05,-1,E06000059,5,0,1,0,2,"[4, 19]",7,3,0,0,0,1,1,0,0,0,0,3,30
2024552400375,2024,552400375,384780,123225,-2.21831,51.0082,3,3,1,17:00,-1,E06000059,3,0,1,0,2,19,"[6, 2]","[2, 6]",0,"[1, 8]","[0, 10]",1,0,0,0,0,0,3,31
2024552400376,2024,552400376,401766,92325,-1.97634,50.73054,3,3,5,09:44,-1,E06000058,3,0,5,1,1,19,8,4,0,0,0,1,0,0,0,0,1,3,28
2024552400377,2024,552400377,405601,92534,-1.922,50.7324,3,3,2,09:07,-1,E06000058,3,0,1,0,1,"[9, 19]","[4, 2]","[2, 6]",0,"[0, 7]","[0, 1]",1,0,0,0,0,0,4,1
2024552400378,2024,552400378,407407,96487,-1.89633,50.76792,2,2,2,15:05,-1,E06000058,3,0,1,0,1,"[19, 9]","[4, 8]","[8, 5]",0,0,0,0,1,0,0,1,0,4,1
2024552400379,2024,552400379,357579,91316,-2.60229,50.71991,3,3,3,18:23,-1,E06000059,3,2,7,1,2,19,8,4,0,7,11,1,0,0,0,0,0,3,19
2024552400380,2024,552400380,385750,123540,-2.2045,51.01106,3,3,7,15:52,-1,E06000059,4,0,1,0,2,"[9, 19]","[8, 4, 1]","[5, 8]","[0, 1]",0,0,1,0,0,0,0,0,3,30
2024552400381,2024,552400381,372190,87030,-2.395,50.68226,3,3,3,10:14,-1,E06000059,3,0,1,0,2,19,4,8,0,1,3,0,0,0,1,0,0,4,2
2024552400382,2024,552400382,382893,113429,-2.24474,50.92006,3,3,4,09:15,-1,E06000059,5,0,1,0,2,"[19, 3]",4,8,0,0,0,1,0,0,0,0,0,3,13
2024552400383,2024,552400383,413635,93523,-1.80813,50.74116,3,3,3,13:13,-1,E06000058,3,0,1,0,2,"[13, 9]",6,"[2, 3]",0,0,0,1,0,1,0,0,0,4,2
2024552400384,2024,552400384,400520,99170,-1.99399,50.7921,3,3,3,07:52,-1,E06000058,3,0,1,1,2,"[3, 19]",4,8,0,0,0,0,0,1,1,0,0,4,2
2024552400386,2024,552400386,363043,90786,-2.52484,50.71552,2,"[3, 2]",4,11:20,-1,E06000059,3,0,4,0,2,19,"[6, 2]","[2, 6]",0,"[0, 1]","[0, 10]",1,0,0,0,0,0,4,3
2024552400387,2024,552400387,409835,91842,-1.86203,50.72612,3,3,7,18:32,-1,E06000058,5,0,4,1,1,19,2,6,0,3,0,1,0,0,0,0,1,3,30
2024552400388,2024,552400388,407899,91381,-1.88946,50.722,3,3,3,16:35,-1,E06000058,4,0,2,1,1,"[19, 3]",5,1,0,0,0,1,0,1,0,0,0,3,26
2024552400389,2024,552400389,366771,75878,-2.47069,50.58169,3,3,4,00:37,-1,E06000059,3,2,1,0,2,19,8,4,0,0,0,0,0,1,0,0,0,1,31
2024552400390,2024,552400390,363627,94798,-2.51696,50.75163,3,3,4,08:02,-1,E06000059,3,0,1,1,2,"[19, 3]",8,4,0,0,0,1,0,0,0,0,0,4,3
2024552400391,2024,552400391,409217,92869,-1.87076,50.73536,3,3,6,03:36,-1,E06000058,6,2,2,1,1,"[19, 2]","[8, 0]","[4, 0]","[4, 0]",0,0,1,0,0,0,0,0,1,26
2024552400392,2024,552400392,367382,80734,-2.46249,50.62539,3,3,5,22:42,-1,E06000059,6,2,2,1,2,19,4,8,0,8,4,1,0,0,0,0,0,4,4
2024552400393,2024,552400393,415285,91630,-1.78482,50.72409,3,3,4,12:57,-1,E06000058,6,0,2,1,1,"[15, 7]",8,"[4, 1]",0,0,0,1,0,0,0,0,0,2,28
2024552400394,2024,552400394,407671,91364,-1.8927,50.72185,3,3,3,09:21,-1,E06000058,6,0,1,0,1,"[19, 9]","[2, 8]",6,0,0,0,1,0,0,0,0,0,3,26
2024552400395,2024,552400395,408003,98039,-1.88785,50.78187,3,3,5,08:56,-1,E06000059,6,0,1,0,1,"[4, 19]",1,5,0,0,0,1,0,0,0,0,0,2,22
2024552400396,2024,552400396,401617,102126,-1.97841,50.81868,2,2,6,01:32,-1,E06000059,6,2,2,1,2,19,4,8,0,7,10,0,0,1,0,0,0,4,5
2024552400397,2024,552400397,397001,94686,-2.04388,50.75177,3,3,6,22:38,-1,E06000059,3,2,1,1,2,"[9, 19]","[4, 8]","[2, 4]",0,0,0,1,0,0,0,0,0,4,5
2024552400399,2024,552400399,372540,92986,-2.39049,50.73583,3,3,6,18:29,-1,E06000059,6,2,1,1,2,19,2,6,0,3,10,1,0,0,0,0,0,2,9
2024552400400,2024,552400400,371763,89658,-2.40124,50.70587,3,3,5,06:04,-1,E06000059,5,2,2,1,2,19,4,7,0,1,4,1,0,0,0,0,0,3,28
2024552400401,2024,552400401,413108,93467,-1.8156,50.74067,3,3,6,20:26,-1,E06000058,6,2,1,0,1,"[19, 9]","[5, 1]","[1, 7]",0,0,0,1,0,1,0,0,0,4,5
2024552400402,2024,552400402,368503,89000,-2.44735,50.69978,3,3,5,13:15,-1,E06000059,3,0,1,0,1,"[3, 19]",6,2,0,0,0,1,0,0,0,0,0,4,4
2024552400403,2024,552400403,368245,74074,-2.44972,50.56555,3,3,5,10:30,-1,E06000059,6,0,1,0,2,19,"[2, 6]","[6, 2]",0,0,0,1,0,0,0,0,0,2,15
2024552400404,2024,552400404,412950,92737,-1.81786,50.73411,3,3,2,18:21,-1,E06000058,3,2,1,0,1,"[9, 19]","[2, 6]","[8, 2]",0,0,0,1,1,0,0,0,0,2,12
2024552400405,2024,552400405,368041,79091,-2.45303,50.61065,3,3,5,13:13,-1,E06000059,6,0,1,0,1,9,7,5,0,0,0,1,0,0,0,0,1,4,4
2024552400406,2024,552400406,400468,95666,-1.99473,50.76059,2,2,3,11:50,-1,E06000058,4,0,1,0,1,1,4,8,0,0,0,1,0,0,0,0,1,2,20
2024552400407,2024,552400407,411347,94708,-1.84052,50.75186,3,3,5,12:40,-1,E06000058,6,0,1,0,1,19,"[1, 3]","[5, 7]",0,0,0,1,0,1,0,0,0,4,4
2024552400408,2024,552400408,368177,79855,-2.45118,50.61753,3,3,1,16:47,-1,E06000059,4,0,4,0,1,"[19, 7]",1,"[5, 3]",0,0,0,1,0,1,0,0,0,4,7
2024552400409,2024,552400409,404379,91964,-1.93932,50.72728,3,3,2,18:36,-1,E06000058,5,2,1,0,1,19,"[5, 3]","[1, 7]",0,0,0,1,0,0,0,0,0,2,5
2024552400410,2024,552400410,409556,92180,-1.86597,50.72916,2,2,1,11:57,-1,E06000058,5,0,1,0,1,"[9, 19]","[2, 8]","[8, 4]",0,0,0,1,0,1,0,0,0,3,31
2024552400411,2024,552400411,409914,92555,-1.86089,50.73253,3,3,3,18:30,-1,E06000058,6,2,1,0,1,"[2, 19]","[0, 4]","[0, 8]","[0, 4]",0,0,1,0,1,0,0,0,2,6
2024552400412,2024,552400412,407089,96587,-1.90084,50.76883,2,2,4,12:08,-1,E06000058,3,0,1,0,1,19,"[7, 4]","[4, 8]",0,"[1, 0]","[2, 0]",1,0,0,0,1,0,4,3
2024552400413,2024,552400413,376606,95969,-2.33306,50.76284,2,2,6,18:15,-1,E06000059,3,2,1,0,2,19,2,6,0,0,0,0,0,1,0,0,0,2,23
2024552400414,2024,552400414,413257,102242,-1.81317,50.81957,3,3,5,19:05,-1,E06000059,3,2,2,1,2,19,1,5,0,0,0,1,0,0,0,0,0,2,8
2024552400415,2024,552400415,397709,93825,-2.03384,50.74403,3,3,3,10:21,-1,E06000059,3,0,4,1,2,"[19, 3]",2,6,0,0,0,1,0,0,0,0,0,4,9
2024552400416,2024,552400416,413372,93548,-1.81186,50.74139,3,3,3,14:00,-1,E06000058,3,0,2,1,1,"[7, 19]",4,"[6, 8]",0,0,0,1,1,0,0,0,0,4,2
2024552400418,2024,552400418,415038,93977,-1.78823,50.74521,3,3,5,12:32,-1,E06000058,4,0,1,0,1,19,"[8, 4]","[4, 8]",0,0,0,1,0,0,0,0,0,2,22
2024552400419,2024,552400419,363822,117563,-2.51646,50.95635,3,3,6,17:28,-1,E06000059,6,0,1,0,2,"[1, 2]","[4, 0]","[8, 0]","[4, 0]",0,0,1,0,0,0,0,1,3,29
2024552400421,2024,552400421,367418,78817,-2.46181,50.60815,3,3,5,12:30,-1,E06000059,6,0,2,1,1,7,7,1,0,0,0,1,0,0,0,0,1,3,28
2024552400422,2024,552400422,410606,92745,-1.85108,50.73422,3,3,2,11:50,-1,E06000058,3,0,1,0,1,"[7, 19]","[6, 4]","[8, 2]",0,0,0,1,1,0,0,0,0,3,18
2024552400423,2024,552400423,408995,108376,-1.87353,50.87481,3,3,4,10:42,-1,E06000059,6,0,2,1,1,"[19, 3]",6,2,0,0,0,1,0,0,0,0,0,4,10
2024552400424,2024,552400424,409301,101706,-1.86935,50.81483,3,3,4,09:12,-1,E06000059,3,0,1,1,2,"[19, 4]",6,2,0,0,0,1,0,0,0,0,0,4,10
2024552400425,2024,552400425,345417,104295,-2.77649,50.8356,3,3,4,16:50,-1,E06000059,4,0,1,1,2,"[19, 8]",3,"[7, 1]",0,0,0,1,0,0,0,0,0,2,14
2024552400426,2024,552400426,403740,92438,-1.94837,50.73155,3,3,1,18:53,-1,E06000058,6,2,1,0,1,"[5, 2, 19]","[3, 0, 6]","[6, 0, 2]",0,0,0,1,0,0,0,0,0,2,18
2024552400427,2024,552400427,359309,90473,-2.57769,50.71246,2,2,4,18:36,-1,E06000059,3,0,7,1,2,19,"[4, 8]","[8, 4]",0,"[0, 1]","[0, 10]",0,0,0,1,0,0,4,10
2024552400428,2024,552400428,408673,93845,-1.87844,50.74415,3,3,5,11:40,-1,E06000058,5,0,1,0,1,1,1,5,0,0,0,1,0,0,0,0,1,1,4
2024552400429,2024,552400429,358879,116251,-2.58668,50.94422,1,1,3,16:08,-1,E06000059,3,0,1,0,2,"[6, 19]",3,"[3, 7]",0,"[0, 1]","[0, 4]",1,0,0,1,0,0,2,20
2024552400430,2024,552400430,411948,93213,-1.83205,50.73841,3,3,3,17:20,-1,E06000058,6,0,1,0,1,19,"[2, 8]","[6, 4]",0,0,0,1,1,0,0,0,0,4,9
2024552400431,2024,552400431,391261,98699,-2.12534,50.78779,3,3,5,19:42,-1,E06000059,3,0,1,0,2,19,2,6,0,0,0,1,0,0,0,0,0,4,11
2024552400432,2024,552400432,400473,92910,-1.99466,50.7358,3,3,6,12:14,-1,E06000058,3,0,1,0,1,"[7, 8]",4,7,0,0,0,1,0,0,0,0,0,4,12
2024552400433,2024,552400433,375290,85881,-2.35104,50.67206,3,3,7,01:30,-1,E06000059,4,2,1,0,2,19,6,2,10,1,11,1,0,0,0,0,0,4,13
2024552400434,2024,552400434,401074,91378,-1.98615,50.72203,2,2,6,06:58,-1,E06000058,3,0,1,0,2,19,8,4,0,1,2,1,0,0,0,0,0,4,12
2024552400435,2024,552400435,412611,93867,-1.82263,50.74427,3,3,2,11:43,-1,E06000058,6,0,1,0,1,19,2,6,0,0,0,1,1,0,0,0,0,1,29
2024552400436,2024,552400436,407933,91446,-1.88898,50.72259,3,3,7,18:42,-1,E06000058,3,0,1,0,1,"[4, 3]",3,7,0,"[0, 3]",0,1,0,1,0,0,0,4,13
2024552400437,2024,552400437,405164,92066,-1.9282,50.72819,3,3,6,17:53,-1,E06000058,4,2,5,1,1,"[9, 19]",3,"[1, 7]",0,0,0,1,0,1,0,0,0,2,9
2024552400438,2024,552400438,389981,90123,-2.14326,50.71065,2,2,7,17:18,-1,E06000059,5,0,1,0,2,"[19, 4]","[8, 4]","[4, 8]",0,0,0,1,0,1,0,0,0,4,13
2024552400439,2024,552400439,366950,80245,-2.46855,50.62097,3,3,7,19:49,-1,E06000059,3,2,2,1,2,4,8,4,0,0,0,1,0,0,0,0,0,2,17
2024552400440,2024,552400440,409079,101479,-1.8725,50.81279,3,3,1,09:17,-1,E06000059,3,0,1,0,1,"[11, 19]",2,8,0,0,0,1,0,1,0,0,0,4,14
2024552400442,2024,552400442,399088,91577,-2.01428,50.72381,3,3,2,16:55,-1,E06000058,4,0,1,0,1,"[7, 19]","[6, 8]","[8, 4]",0,0,0,1,1,0,0,0,0,2,19
2024552400443,2024,552400443,397302,93665,-2.0396,50.74259,3,3,1,15:18,-1,E06000059,3,0,1,0,1,"[12, 19]",6,2,0,"[0, 4]",0,1,0,1,0,0,0,4,14
2024552400444,2024,552400444,392873,93297,-2.10237,50.73924,3,3,2,16:02,-1,E06000059,3,0,1,0,2,"[9, 19]","[1, 3]",7,0,0,0,1,0,0,1,0,0,4,15
2024552400445,2024,552400445,394876,94976,-2.074,50.75436,3,3,2,16:45,-1,E06000059,6,0,4,0,2,"[4, 19]",1,5,0,0,0,1,1,0,0,0,0,2,26
2024552400446,2024,552400446,352244,88288,-2.67746,50.69227,2,2,1,14:05,-1,E06000059,4,0,1,0,2,"[4, 19]",3,7,0,0,0,0,0,1,0,0,0,4,14
2024552400447,2024,552400447,367414,86739,-2.46257,50.67939,3,3,5,19:34,-1,E06000059,3,2,7,0,2,"[6, 19]",6,"[6, 2]",0,0,0,1,0,0,0,0,0,4,11
2024552400448,2024,552400448,400222,93373,-1.99822,50.73997,3,3,5,08:17,-1,E06000058,5,0,1,0,1,"[7, 19]","[5, 7]","[7, 3]",0,0,0,1,1,0,0,0,0,4,18
2024552400449,2024,552400449,404757,92335,-1.93396,50.73061,3,3,4,08:40,-1,E06000058,6,0,1,0,1,"[19, 7]","[2, 3]",6,0,0,0,1,0,1,0,0,0,4,17
2024552400450,2024,552400450,386368,111609,-2.19524,50.90379,3,3,4,07:14,-1,E06000059,3,0,1,1,2,19,6,2,0,0,0,1,1,0,0,0,0,4,17
2024552400451,2024,552400451,408551,91245,-1.88023,50.72077,2,2,5,03:16,-1,E06000058,6,2,1,0,1,19,4,8,10,1,2,0,0,1,0,0,0,4,18
2024552400452,2024,552400452,399790,90508,-2.00434,50.7142,3,3,5,23:13,-1,E06000058,5,2,1,0,1,"[19, 3]",6,2,0,0,0,1,0,1,0,0,0,4,18
2024552400453,2024,552400453,400593,90059,-1.99297,50.71016,3,3,4,06:41,-1,E06000058,6,0,1,0,1,19,3,7,0,0,0,1,0,0,0,0,1,4,17
2024552400454,2024,552400454,415758,92959,-1.77807,50.73603,3,3,6,08:17,-1,E06000058,3,0,1,0,1,19,"[8, 6]",2,0,0,0,1,0,1,0,0,0,4,19
2024552400455,2024,552400455,408991,93849,-1.87394,50.74418,3,3,6,19:12,-1,E06000058,6,0,1,0,1,5,3,7,0,0,0,1,0,0,0,0,1,1,5
2024552400456,2024,552400456,367241,77592,-2.46421,50.59713,3,3,5,17:35,-1,E06000059,6,0,1,0,1,5,6,2,0,0,0,1,0,0,0,0,1,4,18
2024552400457,2024,552400457,400806,90109,-1.98995,50.71061,3,3,2,13:01,-1,E06000058,6,0,1,0,1,9,7,5,0,0,0,0,0,0,1,0,1,4,15
2024552400458,2024,552400458,401172,90735,-1.98476,50.71624,3,3,6,10:45,-1,E06000058,6,0,1,0,1,7,3,6,0,0,0,1,0,0,0,0,1,4,19
2024552400459,2024,552400459,409454,91871,-1.86742,50.72638,3,3,2,12:46,-1,E06000058,3,2,5,1,1,"[3, 19]",6,2,0,0,0,1,0,0,0,0,0,2,26
2024552400460,2024,552400460,366936,80195,-2.46875,50.62052,3,3,7,12:56,-1,E06000059,3,0,1,0,2,19,"[7, 3]","[3, 1]",0,0,0,1,0,1,0,0,0,4,20
2024552400461,2024,552400461,399098,91568,-2.01414,50.72373,3,3,5,10:23,-1,E06000058,4,0,1,0,1,"[9, 19]","[8, 4]","[7, 8]",0,0,0,1,1,0,0,0,0,4,18
2024552400462,2024,552400462,401266,78885,-1.98347,50.60968,3,3,6,08:40,-1,E06000059,3,0,1,0,1,7,8,2,0,0,0,1,0,0,0,0,1,4,19
2024552400463,2024,552400463,408628,93594,-1.87909,50.74189,3,3,4,21:45,-1,E06000058,5,2,1,0,1,"[19, 9]","[5, 7]","[1, 5]",0,0,0,1,0,1,0,0,0,4,17
2024552400464,2024,552400464,395518,92538,-2.06487,50.73244,2,2,7,14:56,-1,E06000059,3,0,1,0,2,19,"[3, 7]","[7, 3]",0,"[6, 0]","[6, 0]",1,0,1,0,0,0,4,20
2024552400465,2024,552400465,399484,115101,-2.00872,50.93536,1,1,1,06:08,-1,E06000059,3,0,1,0,2,19,6,2,12,0,0,0,0,1,0,0,0,4,21
2024552400466,2024,552400466,400015,94905,-2.00115,50.75374,3,3,6,11:47,-1,E06000058,6,0,1,0,1,19,"[2, 3]","[6, 7]",0,0,0,1,1,0,0,0,0,4,12
2024552400467,2024,552400467,388783,118335,-2.1611,50.96433,3,3,7,14:38,-1,E06000059,5,0,1,0,2,"[19, 9]",4,"[8, 2]",0,0,0,1,0,0,0,0,0,4,20
2024552400468,2024,552400468,411282,91933,-1.84152,50.72691,3,3,5,13:23,-1,E06000058,3,0,1,0,1,9,3,1,0,0,0,1,0,0,0,0,1,4,11
2024552400469,2024,552400469,409245,91118,-1.8704,50.71962,3,3,3,15:07,-1,E06000058,4,0,1,0,1,2,0,0,0,0,0,0,0,0,1,0,0,4,16