collision_index,collision_year,collision_ref_no,location_easting_osgr,location_northing_osgr,longitude,latitude,casualty_severity,casualty_severity,day_of_week,time,local_authority_district,local_authority_ons_district,first_road_class,light_conditions,weather_conditions,road_surface_conditions,urban_or_rural_area,vehicle_manoeuvre,vehicle_direction_from,vehicle_direction_to,hit_object_in_carriageway,vehicle_leaving_carriageway,hit_object_off_carriageway,is_car,is_cyle,is_mcyle,is_goodsv,is_other,is_pedestrian,month,day
2024552400470,2024,552400470,407415,91647,-1.89632,50.7244,2,2,5,17:45,-1,E06000058,6,0,1,0,1,19,4,8,0,0,0,1,0,0,0,0,1,2,22
2024552400472,2024,552400472,365976,87950,-2.48303,50.6902,3,3,3,20:24,-1,E06000059,4,0,1,0,2,19,8,6,0,1,10,1,0,0,0,0,0,4,23
2024552400473,2024,552400473,414377,92142,-1.79767,50.72872,3,3,7,22:19,-1,E06000058,6,2,1,0,1,"[2, 19]","[0, 3]","[0, 7]","[0, 4]","[2, 0]","[4, 0]",1,0,0,0,0,0,4,20
2024552400474,2024,552400474,366923,84300,-2.4693,50.65743,2,2,5,15:34,-1,E06000059,4,0,1,0,1,"[13, 19]",7,3,0,0,0,1,1,0,0,0,0,3,21
2024552400475,2024,552400475,390548,93829,-2.13533,50.74399,3,3,1,18:45,-1,E06000059,3,0,2,1,2,19,6,2,0,2,10,1,0,0,0,0,0,3,31
2024552400476,2024,552400476,408858,91994,-1.87586,50.7275,2,2,7,18:43,-1,E06000058,3,0,1,0,1,"[7, 15]",6,"[7, 2]",0,"[0, 1]",0,1,0,1,0,0,0,4,13
2024552400477,2024,552400477,367666,91634,-2.45943,50.72342,2,2,3,13:19,-1,E06000059,3,0,1,0,2,19,6,2,0,0,0,1,0,0,0,0,0,4,23
2024552400478,2024,552400478,357390,115913,-2.60783,50.94107,3,3,3,11:54,-1,E06000059,6,0,1,0,1,"[19, 5]","[8, 2]","[4, 6]",0,0,0,1,0,0,0,0,0,4,23
2024552400479,2024,552400479,344726,92960,-2.78459,50.73361,3,3,3,10:59,-1,E06000059,3,0,1,0,2,"[7, 19]","[2, 8]",4,0,0,0,1,0,0,0,0,0,4,23
2024552400480,2024,552400480,404686,92114,-1.93497,50.72863,3,3,1,15:30,-1,E06000058,4,0,1,0,1,7,1,3,0,0,0,1,0,0,0,0,1,4,21
2024552400481,2024,552400481,412595,92240,-1.82291,50.72964,3,3,4,12:45,-1,E06000058,5,2,2,1,1,"[2, 14]","[0, 4]","[0, 8]","[0, 4]",0,0,1,0,0,1,0,0,3,6
2024552400482,2024,552400482,403630,92301,-1.94993,50.73032,3,3,4,13:07,-1,E06000058,4,0,1,0,1,"[14, 9]",3,"[7, 1]",0,0,0,1,0,1,0,0,0,4,24
2024552400483,2024,552400483,405424,92050,-1.92452,50.72805,3,3,5,10:38,-1,E06000058,4,0,1,0,1,19,"[7, 1]","[3, 5]",0,0,0,1,1,0,0,0,0,4,25
2024552400485,2024,552400485,400996,107481,-1.98722,50.86683,3,3,3,17:00,-1,E06000059,4,0,1,0,2,"[19, 7]",8,"[4, 2]",0,"[1, 0]","[10, 0]",1,0,0,0,0,0,4,23
2024552400486,2024,552400486,399433,96454,-2.00941,50.76767,3,3,7,16:59,-1,E06000058,6,0,1,0,1,19,"[3, 7]","[7, 3]",0,0,0,1,0,1,0,0,0,4,27
2024552400487,2024,552400487,372481,117276,-2.39315,50.95425,3,3,4,13:15,-1,E06000059,5,0,1,0,2,"[9, 19]","[6, 4]","[4, 8]",0,0,0,1,0,0,0,0,0,4,17
2024552400488,2024,552400488,347162,92870,-2.75006,50.73303,3,3,6,11:35,-1,E06000059,3,0,1,0,1,"[3, 19]",2,6,0,0,0,1,0,1,0,0,0,4,26
2024552400489,2024,552400489,408979,94129,-1.8741,50.7467,3,3,5,09:27,-1,E06000058,6,0,1,0,1,"[19, 7]","[5, 7]",1,0,0,0,1,0,1,0,0,0,3,7
2024552400490,2024,552400490,366680,76274,-2.47201,50.58524,2,2,5,07:14,-1,E06000059,3,0,2,1,1,19,"[8, 3]","[4, 7]",0,0,0,1,1,0,0,0,0,4,4
2024552400491,2024,552400491,347721,101474,-2.74337,50.81045,3,3,1,22:51,-1,E06000059,3,2,1,0,2,"[2, 19]","[0, 4]","[0, 8]","[0, 4]",0,0,1,0,0,0,0,0,4,28
2024552400492,2024,552400492,403156,91828,-1.95665,50.72607,3,3,1,10:24,-1,E06000058,5,0,1,0,1,"[9, 19]","[8, 6]","[6, 2]",0,0,0,1,1,0,0,0,0,4,28
2024552400493,2024,552400493,401778,90946,-1.97618,50.71814,3,3,7,12:07,-1,E06000058,5,0,1,0,1,"[5, 9]","[1, 5]","[5, 3]",0,0,0,1,0,0,0,0,0,4,27
2024552400494,2024,552400494,399872,96594,-2.00318,50.76893,3,3,2,15:39,-1,E06000058,4,0,1,0,1,19,4,8,0,0,0,1,0,0,0,0,1,4,29
2024552400495,2024,552400495,403860,93723,-1.94666,50.7431,3,3,7,08:16,-1,E06000058,4,0,2,1,1,"[19, 7]",2,"[6, 3]",0,0,0,1,0,1,0,0,0,4,27
2024552400496,2024,552400496,403224,93768,-1.95567,50.74351,3,3,3,08:11,-1,E06000058,3,0,1,0,2,"[19, 11]",8,4,0,0,0,1,0,0,0,0,0,4,30
2024552400498,2024,552400498,399317,97215,-2.01105,50.77452,3,3,2,13:00,-1,E06000059,4,0,1,0,1,19,8,4,0,0,0,1,0,0,0,1,0,4,22
2024552400499,2024,552400499,417020,96817,-1.76001,50.77069,3,3,6,11:18,-1,E06000058,5,0,1,0,2,19,6,2,0,0,0,1,0,0,0,0,1,4,12
2024552400500,2024,552400500,409676,93108,-1.86425,50.7375,3,3,4,17:00,-1,E06000058,4,0,1,0,1,"[15, 7]",6,"[2, 7]",0,0,0,0,0,1,0,1,0,4,10
2024552400501,2024,552400501,367141,83669,-2.46616,50.65177,2,2,5,04:33,-1,E06000059,5,2,5,1,1,"[19, 2]","[3, 0]","[7, 0]","[4, 0]","[7, 0]","[11, 0]",1,0,0,0,0,0,5,2
2024552400502,2024,552400502,400643,90368,-1.99226,50.71294,3,3,7,13:09,-1,E06000058,3,0,1,0,1,19,6,2,0,0,0,0,0,0,1,0,1,4,13
2024552400503,2024,552400503,404382,100357,-1.93918,50.80276,3,3,4,20:17,-1,E06000059,3,2,2,1,2,19,"[5, 7]","[1, 3]",0,0,0,1,0,0,0,0,0,5,1
2024552400504,2024,552400504,410274,91648,-1.85581,50.72437,3,3,6,20:43,-1,E06000058,6,2,1,0,1,"[3, 19]",5,1,0,0,0,1,0,1,0,0,0,5,3
2024552400506,2024,552400506,421236,93566,-1.70041,50.74132,2,2,7,08:38,-1,E06000058,3,0,1,0,1,"[19, 9]","[2, 1]",6,0,0,0,1,1,0,0,0,0,5,4
2024552400507,2024,552400507,404596,89825,-1.93628,50.70804,2,2,7,11:41,-1,E06000058,5,0,1,0,1,"[19, 5]","[7, 1]","[3, 5]",0,0,0,1,0,1,0,0,0,5,4
2024552400508,2024,552400508,381178,111003,-2.26901,50.89819,3,3,7,21:23,-1,E06000059,6,2,1,1,2,19,6,2,0,1,10,1,0,0,0,0,0,5,4
2024552400509,2024,552400509,341415,105366,-2.83348,50.84484,2,2,7,14:01,-1,E06000059,5,0,1,0,2,19,3,7,0,0,0,0,0,1,0,0,0,5,4
2024552400510,2024,552400510,405662,89425,-1.92118,50.70444,3,3,7,13:35,-1,E06000058,6,0,1,0,1,19,1,5,0,0,0,1,0,0,0,0,1,5,4
2024552400511,2024,552400511,415679,92897,-1.77919,50.73548,3,3,2,00:36,-1,E06000058,3,2,1,0,1,"[9, 12]",2,7,0,0,0,1,0,0,0,0,0,5,6
2024552400512,2024,552400512,373616,95108,-2.37539,50.75496,3,3,7,22:22,-1,E06000059,4,2,1,0,2,19,8,3,0,7,10,1,0,0,0,0,0,5,4
2024552400513,2024,552400513,407977,91455,-1.88836,50.72267,3,3,2,20:11,-1,E06000058,3,0,1,0,1,"[19, 11]",8,4,0,0,0,1,0,1,0,0,0,4,29
2024552400514,2024,552400514,409861,94379,-1.86159,50.74893,3,3,1,13:18,-1,E06000058,6,0,1,1,1,"[19, 2]","[4, 8, 0]","[8, 4, 0]","[0, 4]",0,0,1,0,0,0,0,0,5,5
2024552400515,2024,552400515,370953,89153,-2.41267,50.70129,3,3,1,21:48,-1,E06000059,3,2,1,0,2,"[19, 4]",5,1,0,0,0,1,0,0,0,0,0,4,28
2024552400516,2024,552400516,367561,78685,-2.45978,50.60697,3,3,4,20:02,-1,E06000059,3,0,2,1,1,"[19, 9]","[5, 1]","[1, 7]",0,0,0,1,0,0,0,0,0,5,1
2024552400517,2024,552400517,408208,102432,-1.88484,50.82137,2,2,2,23:57,-1,E06000059,5,2,1,0,1,"[19, 13]",8,4,0,0,0,0,1,0,0,1,0,2,12
2024552400518,2024,552400518,357662,107939,-2.60303,50.86939,2,2,2,17:10,-1,E06000059,6,0,2,1,2,19,"[2, 6]","[6, 2]",0,0,0,1,0,1,0,0,0,5,6
2024552400519,2024,552400519,381233,126249,-2.26902,51.03529,3,3,2,18:19,-1,E06000059,4,0,1,0,1,19,4,8,0,0,0,1,0,0,0,0,1,5,6
2024552400520,2024,552400520,402621,91596,-1.96423,50.72398,3,3,6,13:12,-1,E06000058,3,0,1,0,1,"[10, 19]",4,"[2, 8]",0,0,0,1,0,1,0,0,0,5,3
2024552400521,2024,552400521,412301,94343,-1.82701,50.74856,3,3,3,08:15,-1,E06000058,3,0,1,0,1,"[19, 11]",6,2,0,0,0,1,0,0,0,0,0,3,19
2024552400522,2024,552400522,405483,92249,-1.92368,50.72983,3,3,1,13:24,-1,E06000058,3,0,1,0,1,"[19, 10]",2,"[6, 7]",0,0,0,1,0,0,0,0,0,3,24
2024552400523,2024,552400523,406567,93820,-1.90829,50.74395,3,3,3,08:24,-1,E06000058,6,0,2,0,1,7,2,3,0,0,0,1,0,0,0,0,1,3,19
2024552400524,2024,552400524,409644,93040,-1.8647,50.73689,3,3,7,03:48,-1,E06000058,3,2,1,0,1,19,3,8,10,7,1,1,0,0,0,0,0,3,23
2024552400525,2024,552400525,346691,92912,-2.75674,50.73336,3,3,1,14:44,-1,E06000059,4,0,1,0,1,1,4,8,0,0,0,1,0,0,0,0,1,3,3
2024552400526,2024,552400526,403817,91444,-1.94729,50.72261,3,3,2,15:08,-1,E06000058,6,0,1,0,1,19,3,7,0,3,4,1,0,0,0,0,0,3,4
2024552400527,2024,552400527,389728,97271,-2.14705,50.77493,3,3,5,13:00,-1,E06000059,3,0,1,0,2,15,7,3,0,1,10,0,0,0,1,0,0,5,2
2024552400529,2024,552400529,406311,91598,-1.91196,50.72397,3,3,2,13:15,-1,E06000058,5,0,1,0,1,19,8,4,0,"[7, 0]","[2, 0]",1,0,1,0,0,0,3,4
2024552400530,2024,552400530,364964,117560,-2.5002,50.9564,3,3,4,08:51,-1,E06000059,3,0,1,2,2,"[14, 3]",6,2,0,0,0,1,0,1,0,0,0,3,6
2024552400531,2024,552400531,363463,116870,-2.5215,50.9501,3,3,2,12:32,-1,E06000059,3,0,1,0,2,19,6,2,0,7,11,1,0,0,0,0,0,3,18
2024552400532,2024,552400532,346703,91800,-2.75641,50.72337,3,3,1,12:00,-1,E06000059,3,0,1,0,1,"[15, 9]",7,4,0,0,0,1,1,0,0,0,0,3,17
2024552400533,2024,552400533,403231,119832,-1.95535,50.97789,1,"[3, 1]",2,17:24,-1,E06000059,3,0,1,0,2,"[19, 13]","[2, 6]","[6, 2]",0,"[0, 1]",0,1,0,0,1,0,0,3,25
2024552400534,2024,552400534,409915,92994,-1.86086,50.73648,3,3,4,15:39,-1,E06000058,6,0,1,0,1,19,2,6,0,0,0,1,1,0,0,0,0,3,6
2024552400535,2024,552400535,398806,97738,-2.0183,50.77922,2,2,1,16:23,-1,E06000059,4,0,1,0,1,19,4,8,0,0,0,1,0,0,0,0,1,3,17
2024552400536,2024,552400536,404417,94167,-1.93876,50.74709,3,3,1,04:07,-1,E06000058,6,2,1,1,1,"[2, 19]","[0, 6]","[0, 2]","[0, 4]",0,0,1,0,0,0,0,0,4,28
2024552400537,2024,552400537,369091,90294,-2.43913,50.71145,3,3,5,08:56,-1,E06000059,4,0,1,0,1,"[2, 19]","[0, 3, 7]","[0, 7, 3]",0,0,0,1,0,0,0,0,0,5,9
2024552400540,2024,552400540,403475,92062,-1.95213,50.72817,3,3,4,15:09,-1,E06000058,6,0,1,0,1,19,8,4,10,0,0,0,1,0,0,0,0,3,20
2024552400541,2024,552400541,404098,94373,-1.94328,50.74895,3,3,2,16:51,-1,E06000058,6,0,1,0,1,7,1,3,0,0,0,0,0,0,1,0,1,4,8
2024552400542,2024,552400542,368039,79068,-2.45306,50.61044,3,3,1,23:21,-1,E06000059,6,2,1,0,1,19,4,8,0,0,0,1,0,0,0,0,1,5,5
2024552400543,2024,552400543,407185,91553,-1.89958,50.72356,3,3,6,11:40,-1,E06000058,3,0,1,0,1,"[4, 19]",8,4,0,0,0,1,0,0,0,0,0,5,10
2024552400545,2024,552400545,400695,91790,-1.99152,50.72573,3,3,4,19:59,-1,E06000058,6,2,2,1,1,"[7, 19]","[6, 4]",8,0,0,0,1,0,0,0,0,0,5,1
2024552400546,2024,552400546,384456,120587,-2.22281,50.98447,3,3,4,13:57,-1,E06000059,4,0,1,0,2,19,5,1,0,1,4,0,0,1,0,0,0,5,8
2024552400547,2024,552400547,400647,79019,-1.99222,50.61088,2,"[3, 2]",7,00:15,-1,E06000059,3,2,1,1,2,19,"[8, 4]","[4, 8]",0,0,0,1,0,0,0,0,0,3,16
2024552400548,2024,552400548,410408,92402,-1.85389,50.73114,3,3,7,20:57,-1,E06000058,5,0,1,0,1,"[2, 19]","[0, 2]","[0, 6]","[0, 4]",0,0,1,0,0,0,0,0,5,11
2024552400549,2024,552400549,377894,89157,-2.31439,50.70163,2,2,7,21:52,-1,E06000059,6,0,1,0,2,1,1,5,0,0,0,1,0,0,0,0,1,5,11
2024552400550,2024,552400550,368875,91108,-2.44226,50.71876,3,3,4,15:15,-1,E06000059,5,0,1,0,1,"[4, 2, 19]","[2, 0]","[6, 0]","[4, 0]",0,0,1,0,0,0,0,0,3,13
2024552400551,2024,552400551,407954,98031,-1.88854,50.7818,3,3,7,13:23,-1,E06000059,4,0,1,0,1,19,"[8, 4]","[4, 8]",0,0,0,1,0,0,0,0,0,5,11
2024552400552,2024,552400552,366408,77496,-2.47597,50.59622,3,3,4,08:17,-1,E06000059,3,0,1,0,1,"[4, 19]",1,5,0,0,0,1,0,0,0,0,0,3,20
2024552400553,2024,552400553,411203,92573,-1.84262,50.73267,1,1,4,08:06,-1,E06000058,3,0,1,0,1,9,6,4,0,0,0,1,0,0,0,0,1,5,1
2024552400554,2024,552400554,363998,119276,-2.51412,50.97177,3,3,5,15:42,-1,E06000059,4,0,1,0,2,19,"[5, 7]","[1, 3]",0,0,0,1,0,0,0,0,0,5,2
2024552400555,2024,552400555,409943,94574,-1.86042,50.75068,3,3,7,20:06,-1,E06000058,4,2,1,0,1,"[2, 19]","[0, 1]","[0, 5]","[0, 4]",0,0,1,0,0,0,0,0,3,16
2024552400556,2024,552400556,409501,91419,-1.86677,50.72232,3,3,5,14:54,-1,E06000058,4,0,1,0,1,19,4,8,0,0,0,1,0,0,0,0,1,3,28
2024552400557,2024,552400557,398334,91590,-2.02497,50.72393,2,2,4,09:00,-1,E06000058,6,0,1,0,1,19,"[3, 1]","[7, 5]",0,0,0,1,0,0,0,0,0,3,27
2024552400558,2024,552400558,386330,110932,-2.19575,50.8977,3,3,7,15:01,-1,E06000059,3,0,1,0,2,19,"[7, 4]","[4, 7]",0,0,0,1,0,1,0,0,0,5,11
2024552400559,2024,552400559,347295,90412,-2.74783,50.71094,2,2,1,14:34,-1,E06000059,4,0,1,0,2,"[7, 19]","[7, 4]",8,0,0,0,1,0,1,0,0,0,5,12
2024552400560,2024,552400560,408395,97996,-1.88229,50.78148,2,2,2,19:12,-1,E06000059,4,0,1,0,1,1,3,7,0,0,0,1,0,0,0,0,1,3,18
2024552400561,2024,552400561,403938,93807,-1.94555,50.74386,2,2,3,07:57,-1,E06000058,6,0,1,0,1,"[9, 19]","[6, 2]","[4, 6]",0,0,0,1,1,0,0,0,0,5,14
2024552400562,2024,552400562,404893,94963,-1.932,50.75425,3,3,2,21:05,-1,E06000058,3,2,2,1,1,9,5,2,10,7,6,1,0,0,0,0,0,5,13
2024552400563,2024,552400563,367064,84954,-2.46736,50.66332,3,3,2,13:32,-1,E06000059,5,0,5,1,1,"[3, 4]",2,6,0,0,0,1,0,0,1,0,0,5,13
2024552400564,2024,552400564,377851,117696,-2.31673,50.95826,3,3,1,15:22,-1,E06000059,6,0,1,0,2,19,"[3, 7]","[7, 3]",0,0,0,1,0,0,0,0,0,5,12
2024552400565,2024,552400565,408104,100491,-1.88636,50.80392,3,3,2,20:44,-1,E06000059,3,2,2,1,1,19,2,6,0,7,3,1,0,0,0,0,0,5,13
2024552400566,2024,552400566,408626,93566,-1.87912,50.74164,3,3,3,15:00,-1,E06000058,5,0,1,0,1,19,5,1,0,0,0,0,1,0,0,0,1,5,7
2024552400570,2024,552400570,402670,92216,-1.96353,50.72956,3,3,3,18:25,-1,E06000058,4,0,1,0,1,"[5, 19]","[3, 1]","[7, 5]",0,0,0,1,0,0,0,0,0,5,14
2024552400571,2024,552400571,408591,90985,-1.87967,50.71843,2,2,6,18:25,-1,E06000058,6,0,1,0,1,"[1, 2]","[7, 0]","[3, 0]",0,0,0,1,0,0,0,1,1,3,22
2024552400572,2024,552400572,361228,90537,-2.55052,50.71316,2,"[3, 2]",2,14:16,-1,E06000059,3,0,2,1,2,19,6,2,0,"[0, 7]","[0, 9]",1,0,0,0,0,0,5,13
2024552400573,2024,552400573,375955,96989,-2.34236,50.77198,3,3,5,10:22,-1,E06000059,5,0,1,0,2,"[14, 2]","[1, 0]","[5, 0]",0,0,0,1,0,0,0,1,0,5,16
2024552400574,2024,552400574,408625,93599,-1.87913,50.74194,2,2,4,14:20,-1,E06000058,5,0,1,0,1,9,7,5,0,0,0,1,0,0,0,0,1,5,15
2024552400575,2024,552400575,401184,94149,-1.98458,50.74694,3,3,5,13:06,-1,E06000058,3,0,1,0,1,"[19, 3]",6,2,0,0,0,1,0,0,0,0,0,5,16
2024552400576,2024,552400576,406422,94110,-1.91034,50.74656,3,3,3,12:30,-1,E06000058,5,0,1,0,1,5,1,5,0,0,0,1,0,0,0,0,1,5,14
2024552400577,2024,552400577,408592,93292,-1.8796,50.73918,3,3,1,04:02,-1,E06000058,5,2,1,0,1,19,1,5,0,0,0,1,0,0,0,0,1,4,7
2024552400578,2024,552400578,393518,98934,-2.09333,50.78994,3,3,4,09:52,-1,E06000059,3,0,1,0,2,4,4,8,0,0,0,1,0,0,0,0,0,5,15
2024552400579,2024,552400579,410377,102370,-1.85405,50.82078,3,3,2,00:30,-1,E06000059,3,2,1,0,2,19,2,6,9,7,1,1,0,0,0,0,0,3,25
2024552400580,2024,552400580,408552,108818,-1.87981,50.87879,2,"[2, 3]",7,00:34,-1,E06000059,4,2,1,0,1,19,2,8,0,0,0,0,0,1,0,0,0,5,18
2024552400581,2024,552400581,403367,91508,-1.95367,50.72319,3,3,1,10:48,-1,E06000058,3,0,1,0,1,"[9, 19]","[3, 7]","[1, 3]",0,0,0,1,0,1,0,0,0,5,19
2024552400582,2024,552400582,395237,92139,-2.06885,50.72885,3,3,2,13:21,-1,E06000059,3,0,1,0,2,4,6,2,0,0,0,1,0,0,0,0,0,5,20
2024552400583,2024,552400583,402668,92290,-1.96356,50.73022,3,3,1,12:29,-1,E06000058,4,0,1,0,1,19,5,1,0,0,0,0,0,1,0,0,0,5,19
2024552400584,2024,552400584,334313,92236,-2.93199,50.72602,3,3,6,13:42,-1,E06000059,3,0,2,1,2,19,"[2, 6]","[6, 2]",0,0,0,1,0,0,0,0,0,3,15
2024552400585,2024,552400585,407700,93678,-1.89224,50.74266,3,3,1,10:13,-1,E06000058,3,0,1,0,1,"[3, 19]","[2, 8]",6,0,0,0,1,0,0,0,0,0,3,24
2024552400586,2024,552400586,393249,104617,-2.09725,50.84104,3,3,2,16:26,-1,E06000059,5,0,1,0,2,19,6,2,0,0,0,1,0,0,0,0,0,3,25
2024552400587,2024,552400587,369176,90634,-2.43796,50.71451,3,3,4,15:50,-1,E06000059,5,0,1,0,1,1,1,5,0,0,0,0,0,0,0,1,1,3,27
2024552400588,2024,552400588,405878,96408,-1.91802,50.76723,3,3,1,14:52,-1,E06000058,6,0,1,0,1,"[2, 19]","[0, 4]","[0, 8]",0,0,0,1,0,0,0,0,0,3,31
2024552400589,2024,552400589,403458,91500,-1.95238,50.72311,3,3,2,11:15,-1,E06000058,6,0,1,0,1,9,7,5,0,0,0,1,0,0,0,0,1,5,20
2024552400590,2024,552400590,365994,79531,-2.482,50.61449,3,3,3,12:29,-1,E06000059,4,0,1,0,1,"[14, 2]","[1, 0]","[5, 0]","[4, 0]",0,0,1,0,0,0,0,0,5,21
2024552400591,2024,552400591,381997,98666,-2.25676,50.78728,3,3,3,22:41,-1,E06000059,3,2,2,1,2,19,6,2,0,2,10,1,0,0,0,0,0,5,21
2024552400592,2024,552400592,404395,92056,-1.9391,50.72811,3,3,3,10:45,-1,E06000058,5,0,1,0,1,"[9, 19]","[7, 1]",5,0,0,0,1,0,1,0,0,0,4,23
2024552400593,2024,552400593,368571,71423,-2.44489,50.54172,3,3,3,21:42,-1,E06000059,5,2,2,1,2,14,1,5,0,0,0,1,0,0,0,0,1,5,21
2024552400594,2024,552400594,400709,92546,-1.99132,50.73253,3,3,5,17:32,-1,E06000058,3,0,1,0,2,"[19, 9]",5,"[1, 3]",0,0,0,1,0,0,0,0,0,5,9
2024552400596,2024,552400596,414248,93648,-1.79944,50.74227,3,3,7,09:25,-1,E06000058,3,0,1,0,1,"[9, 19]","[2, 4]",8,0,0,0,1,1,0,0,0,0,5,4
2024552400598,2024,552400598,358836,107279,-2.58628,50.86354,3,3,6,15:16,-1,E06000059,5,0,1,0,2,19,6,2,0,0,0,1,0,0,0,0,1,4,26
2024552400599,2024,552400599,409673,101923,-1.86406,50.81677,3,3,5,12:15,-1,E06000059,3,0,1,0,2,19,2,6,0,0,0,1,0,0,1,0,0,5,23
2024552400600,2024,552400600,398608,80965,-2.02104,50.62838,2,2,2,15:26,-1,E06000059,6,0,1,0,2,19,1,5,0,0,0,0,1,0,0,0,0,3,11
2024552400601,2024,552400601,412186,94301,-1.82864,50.74819,3,3,2,12:30,-1,E06000058,3,0,1,0,1,"[3, 19]",8,4,0,0,0,1,0,0,0,0,0,5,13
2024552400602,2024,552400602,359501,116306,-2.57783,50.94476,3,3,4,15:01,-1,E06000059,3,0,1,0,2,19,3,7,0,5,7,1,0,0,0,0,0,5,22
2024552400603,2024,552400603,411308,92170,-1.84115,50.72904,3,3,5,15:46,-1,E06000058,6,0,1,0,1,"[2, 4]","[0, 6]","[0, 2]",0,0,0,1,1,0,0,0,0,4,25
2024552400604,2024,552400604,368873,73310,-2.44079,50.55871,3,3,6,16:50,-1,E06000059,3,0,1,0,2,"[2, 19]","[0, 4]","[0, 8]","[0, 4]",0,0,1,0,0,0,0,0,5,24
2024552400605,2024,552400605,396373,93972,-2.05277,50.74534,3,3,6,16:43,-1,E06000059,5,0,1,0,2,19,"[8, 4]","[4, 8]",0,0,0,1,0,0,0,0,0,5,17
2024552400606,2024,552400606,342938,92748,-2.80989,50.73153,3,3,5,13:21,-1,E06000059,3,0,1,0,2,"[2, 19]","[0, 3]","[0, 7]","[0, 4]","[0, 1]",0,1,0,0,0,0,0,5,23
2024552400607,2024,552400607,388931,109676,-2.15873,50.88646,2,2,1,17:15,-1,E06000059,5,0,1,0,2,"[13, 19]",5,1,0,0,0,1,1,0,0,0,0,5,19
2024552400608,2024,552400608,410390,107825,-1.85372,50.86984,2,2,7,17:21,-1,E06000059,6,0,1,0,1,19,4,8,0,0,0,0,0,1,0,0,0,5,25
2024552400609,2024,552400609,367962,87884,-2.45491,50.68972,3,3,6,15:58,-1,E06000059,3,0,1,0,2,"[3, 19]",2,6,0,0,0,1,0,0,0,0,0,5,3
2024552400610,2024,552400610,363974,115558,-2.51409,50.93833,3,3,7,13:47,-1,E06000059,3,0,1,0,2,"[9, 19]","[6, 3]","[3, 7]",0,0,0,1,0,0,0,0,0,5,25
2024552400611,2024,552400611,404226,89193,-1.94152,50.70236,3,3,1,12:57,-1,E06000058,4,0,1,0,1,"[4, 19]",8,4,0,0,0,1,0,0,0,0,0,5,26
2024552400612,2024,552400612,349987,100562,-2.71109,50.80245,3,3,1,07:02,-1,E06000059,4,0,1,0,2,"[9, 19]","[4, 2]","[2, 6]",0,0,0,1,0,0,0,0,0,5,26
2024552400613,2024,552400613,410689,93653,-1.84988,50.74239,3,3,1,14:29,-1,E06000058,6,0,1,0,1,19,"[7, 1]","[3, 5]",0,0,0,1,1,0,0,0,0,5,19
2024552400614,2024,552400614,407260,93787,-1.89847,50.74365,3,3,4,10:15,-1,E06000058,5,0,1,0,1,19,"[1, 7]","[5, 3]",0,0,0,1,1,0,0,0,0,5,22
2024552400615,2024,552400615,404487,87846,-1.93784,50.69025,2,2,1,19:19,-1,E06000058,4,0,1,0,2,"[2, 14]","[0, 6]","[0, 2]",0,0,0,0,1,0,0,1,0,5,26
2024552400616,2024,552400616,375176,119865,-2.35497,50.97765,3,3,6,08:51,-1,E06000059,5,0,1,0,2,"[19, 9]","[3, 5]","[7, 3]",0,0,0,1,0,0,0,0,0,5,24
2024552400617,2024,552400617,415146,93057,-1.78673,50.73693,3,3,2,12:19,-1,E06000058,3,0,1,0,1,11,6,2,10,0,0,0,1,0,0,0,0,5,20
2024552400618,2024,552400618,384460,124157,-2.22291,51.01658,3,3,2,01:47,-1,E06000059,4,2,1,0,2,19,4,7,0,1,4,1,0,0,0,0,0,5,27
2024552400619,2024,552400619,385924,123433,-2.20201,51.0101,3,3,1,12:15,-1,E06000059,4,0,1,0,2,"[4, 19]",8,4,0,0,0,1,0,0,0,0,0,5,26
2024552400620,2024,552400620,368239,88472,-2.45104,50.69502,3,3,2,16:45,-1,E06000059,3,0,1,0,2,"[4, 19]",6,2,0,0,0,1,0,0,0,0,0,5,27
2024552400621,2024,552400621,347246,93085,-2.7489,50.73497,3,3,3,11:08,-1,E06000059,3,0,1,0,1,19,"[7, 2]","[3, 6]",0,0,0,1,1,0,0,0,0,5,28
2024552400622,2024,552400622,407460,91458,-1.89568,50.7227,3,3,7,11:47,-1,E06000058,3,0,1,0,1,"[19, 13]","[7, 3]","[3, 7]",0,0,0,1,0,0,0,0,0,5,25
2024552400623,2024,552400623,405633,96345,-1.92149,50.76667,3,3,3,17:38,-1,E06000058,3,0,2,1,1,4,6,2,0,0,0,1,0,1,0,0,0,5,28
2024552400624,2024,552400624,399523,98527,-2.00813,50.78631,3,3,7,13:30,-1,E06000059,5,0,1,0,1,"[4, 19]",5,1,0,0,0,1,0,0,0,0,0,5,18
2024552400625,2024,552400625,402511,101215,-1.96573,50.81048,3,3,4,19:33,-1,E06000059,5,0,1,0,1,"[19, 9]","[4, 2]",8,0,0,0,1,0,1,0,0,0,5,1
2024552400626,2024,552400626,406526,92176,-1.9089,50.72917,3,3,3,08:20,-1,E06000058,5,0,1,0,1,"[2, 19]","[0, 7]","[0, 3]",0,0,0,1,0,0,0,0,1,5,21
2024552400627,2024,552400627,408679,91852,-1.8784,50.72623,3,3,5,12:27,-1,E06000058,6,0,1,0,1,1,3,7,0,0,0,1,0,0,0,0,1,5,23
2024552400628,2024,552400628,384120,113827,-2.2273,50.92368,3,3,3,07:55,-1,E06000059,5,0,1,1,2,19,"[8, 5]","[4, 1]",0,"[3, 7]","[0, 1]",1,0,0,0,0,0,5,21