collision_index,collision_year,collision_ref_no,location_easting_osgr,location_northing_osgr,longitude,latitude,casualty_severity,casualty_severity,day_of_week,time,local_authority_district,local_authority_ons_district,first_road_class,light_conditions,weather_conditions,road_surface_conditions,urban_or_rural_area,vehicle_manoeuvre,vehicle_direction_from,vehicle_direction_to,hit_object_in_carriageway,vehicle_leaving_carriageway,hit_object_off_carriageway,is_car,is_cyle,is_mcyle,is_goodsv,is_other,is_pedestrian,month,day
2024552400629,2024,552400629,409943,94585,-1.86042,50.75078,3,3,7,17:36,-1,E06000058,4,0,1,0,1,"[19, 6]",5,"[1, 5]",0,0,0,1,0,0,0,0,0,2,24
2024552400630,2024,552400630,411193,91260,-1.8428,50.72086,3,3,7,09:45,-1,E06000058,5,0,1,0,1,"[13, 7]",2,"[6, 4]",0,0,0,1,1,0,0,0,0,5,11
2024552400632,2024,552400632,363538,115778,-2.52032,50.94028,3,3,5,09:54,-1,E06000059,3,0,1,0,2,"[7, 19]","[6, 4]",8,0,"[0, 1]","[0, 11]",1,0,0,0,0,0,5,30
2024552400633,2024,552400633,386363,123265,-2.19575,51.0086,3,3,5,10:06,-1,E06000059,6,0,1,0,2,"[19, 2]","[8, 0]","[4, 0]",0,0,0,1,0,0,0,0,0,5,30
2024552400634,2024,552400634,412059,92124,-1.83051,50.72861,3,3,5,17:30,-1,E06000058,6,0,1,0,1,5,1,5,0,0,0,1,0,0,0,0,1,4,18
2024552400635,2024,552400635,409287,92741,-1.86977,50.73421,3,3,7,08:31,-1,E06000058,4,0,1,0,1,"[19, 3]","[5, 6]","[1, 2]",0,0,0,1,0,1,0,0,0,6,1
2024552400636,2024,552400636,356026,86067,-2.62366,50.6726,1,1,7,12:34,-1,E06000059,4,0,1,0,2,"[5, 19]",4,8,0,0,0,1,0,1,0,0,0,6,1
2024552400637,2024,552400637,407898,96418,-1.88937,50.7673,3,3,7,20:00,-1,E06000058,3,0,1,0,1,19,"[7, 1]","[2, 5]",0,0,0,1,1,0,0,0,0,5,25
2024552400639,2024,552400639,391792,100472,-2.11785,50.80375,2,2,7,14:31,-1,E06000059,4,0,1,0,2,19,2,4,0,7,10,0,0,1,0,0,0,6,1
2024552400640,2024,552400640,413886,104890,-1.80415,50.84337,3,3,5,10:36,-1,E06000059,5,0,1,0,2,"[8, 19]",6,2,0,0,0,1,0,0,0,0,0,5,30
2024552400641,2024,552400641,402247,93461,-1.96952,50.74075,2,2,1,12:56,-1,E06000058,5,0,1,0,1,19,2,6,0,1,10,1,0,0,0,0,0,6,2
2024552400642,2024,552400642,397479,113633,-2.03724,50.92215,3,3,6,11:05,-1,E06000059,3,0,1,0,2,4,6,2,0,0,0,1,0,0,0,0,0,5,24
2024552400643,2024,552400643,394969,92666,-2.07265,50.73359,3,3,2,07:03,-1,E06000059,3,0,1,0,2,"[19, 9]","[4, 6]","[8, 4]",0,0,0,1,0,0,0,0,0,6,3
2024552400645,2024,552400645,352338,103137,-2.67806,50.8258,2,"[3, 2]",7,10:32,-1,E06000059,3,0,1,0,2,19,"[4, 2]","[8, 6]",0,"[1, 0]","[10, 0]",1,0,0,0,0,0,6,1
2024552400646,2024,552400646,401593,98599,-1.97877,50.78696,3,3,2,14:44,-1,E06000058,3,0,1,0,2,3,2,6,0,0,0,1,0,0,0,0,0,5,20
2024552400647,2024,552400647,418400,93709,-1.74059,50.7427,3,3,5,19:20,-1,E06000058,3,0,1,0,1,"[4, 19]",1,5,0,0,0,1,1,0,0,0,0,5,2
2024552400648,2024,552400648,415165,92747,-1.78648,50.73414,3,3,3,08:37,-1,E06000058,4,0,1,0,1,19,6,2,0,0,0,1,0,0,0,0,1,6,4
2024552400649,2024,552400649,407281,96610,-1.89812,50.76903,3,3,3,17:57,-1,E06000058,6,0,1,0,1,"[19, 2]","[6, 0]","[2, 0]","[4, 0]",0,0,1,0,0,0,0,0,6,4
2024552400650,2024,552400650,405798,96749,-1.91915,50.7703,3,3,6,16:36,-1,E06000058,3,0,1,0,1,"[9, 19]","[2, 5]","[7, 2]",0,0,0,1,0,0,0,0,0,5,24
2024552400651,2024,552400651,381343,105052,-2.26636,50.84469,3,3,3,18:11,-1,E06000059,6,0,1,0,2,"[19, 4]",8,4,0,0,0,1,0,1,0,0,0,6,4
2024552400652,2024,552400652,406381,93998,-1.91092,50.74555,3,3,3,08:55,-1,E06000058,3,0,1,0,1,"[19, 14]","[3, 7]","[7, 3]",0,0,0,1,0,0,0,0,0,6,4
2024552400653,2024,552400653,403388,90522,-1.95338,50.71432,3,3,2,15:15,-1,E06000058,4,0,1,0,1,"[19, 13]",4,8,"[10, 0]",0,0,1,1,0,0,0,0,5,6
2024552400654,2024,552400654,402670,91453,-1.96354,50.7227,3,3,7,18:05,-1,E06000058,3,0,1,0,1,7,4,6,0,0,0,0,0,0,1,0,0,5,25
2024552400655,2024,552400655,368252,88503,-2.45086,50.6953,3,3,5,13:54,-1,E06000059,3,0,2,1,2,4,6,2,0,0,0,1,0,1,0,0,0,5,16
2024552400656,2024,552400656,412796,92588,-1.82005,50.73277,3,3,4,15:33,-1,E06000058,3,0,1,0,1,19,2,6,0,0,0,1,0,0,0,0,0,6,5
2024552400657,2024,552400657,408833,91528,-1.87623,50.72331,3,3,1,18:01,-1,E06000058,6,0,1,0,1,9,"[6, 3]","[3, 1]",0,0,0,1,0,1,0,0,0,6,2
2024552400658,2024,552400658,406200,94867,-1.91348,50.75337,3,3,5,14:35,-1,E06000058,6,0,1,0,1,"[6, 19]","[4, 8]",4,0,0,0,1,0,0,0,0,0,6,6
2024552400659,2024,552400659,366839,82171,-2.4703,50.63828,3,3,6,10:41,-1,E06000059,4,0,1,0,1,"[9, 19]","[5, 1]","[3, 5]",0,0,0,1,1,0,0,0,0,6,7
2024552400660,2024,552400660,380680,126270,-2.27691,51.03546,3,3,3,13:34,-1,E06000059,4,0,1,0,2,"[9, 19]","[4, 8]","[1, 4]",0,0,0,1,0,0,0,0,0,6,4
2024552400661,2024,552400661,411908,92095,-1.83265,50.72835,2,2,2,18:30,-1,E06000058,3,0,1,0,1,19,2,6,0,0,0,0,0,0,0,0,1,6,3
2024552400662,2024,552400662,403280,93438,-1.95488,50.74054,3,3,6,16:52,-1,E06000058,4,0,1,0,1,"[9, 19]","[4, 6]",2,0,0,0,1,1,0,0,0,0,6,7
2024552400663,2024,552400663,368572,71445,-2.44488,50.54192,3,3,6,17:06,-1,E06000059,5,0,1,0,2,19,5,1,0,0,0,1,0,0,0,0,1,6,7
2024552400664,2024,552400664,400112,95117,-1.99978,50.75565,3,3,6,22:42,-1,E06000058,6,2,1,0,1,4,2,6,0,0,0,1,0,0,0,0,0,6,7
2024552400665,2024,552400665,404309,93593,-1.9403,50.74193,2,2,4,10:44,-1,E06000058,6,0,1,0,1,19,"[8, 2]","[4, 6]",0,0,0,1,1,0,0,0,0,5,8
2024552400666,2024,552400666,366459,77268,-2.47522,50.59417,3,3,5,15:20,-1,E06000059,3,0,1,1,1,"[7, 19]","[2, 8]",4,0,0,0,1,0,1,0,0,0,4,18
2024552400667,2024,552400667,380161,126599,-2.28433,51.0384,3,3,6,17:46,-1,E06000059,4,0,2,1,1,"[9, 19]","[5, 4]","[4, 8]",0,"[3, 7]",11,1,0,0,0,0,0,4,5
2024552400668,2024,552400668,366977,107299,-2.47061,50.86425,3,3,2,08:11,-1,E06000059,3,0,1,0,2,"[19, 8]","[8, 2]",4,0,"[7, 0]","[4, 0]",1,0,0,0,0,0,6,10
2024552400669,2024,552400669,379631,126600,-2.29189,51.03839,3,3,6,01:35,-1,E06000059,4,0,1,0,1,"[5, 19]","[5, 2]","[1, 6]",0,0,0,1,0,0,0,0,0,5,24
2024552400670,2024,552400670,403884,91453,-1.94634,50.72269,3,3,3,08:43,-1,E06000058,6,0,1,0,1,"[9, 19]","[1, 4]","[6, 8]",0,0,0,1,1,0,0,0,0,6,11
2024552400672,2024,552400672,384069,85576,-2.22679,50.66963,3,3,2,18:16,-1,E06000059,6,0,1,0,2,19,"[4, 8]","[8, 4]",0,0,0,1,0,0,0,0,0,6,10
2024552400673,2024,552400673,334337,92142,-2.93164,50.72517,3,3,6,17:43,-1,E06000059,6,0,1,0,2,2,0,0,0,0,0,1,0,0,0,0,1,6,7
2024552400675,2024,552400675,415909,92697,-1.77594,50.73367,2,2,4,15:09,-1,E06000058,6,0,1,0,1,19,"[4, 7]","[8, 3]",0,0,0,1,0,0,0,1,0,6,12
2024552400676,2024,552400676,404503,100543,-1.93746,50.80443,2,2,4,10:43,-1,E06000059,3,0,1,0,2,"[6, 19]",6,"[6, 2]",0,0,0,1,0,1,0,0,0,4,3
2024552400677,2024,552400677,403187,83208,-1.95628,50.64855,3,3,4,22:51,-1,E06000059,4,2,1,0,2,19,4,8,0,0,0,0,1,0,0,0,0,6,12
2024552400678,2024,552400678,404737,104476,-1.93409,50.83979,2,2,2,23:50,-1,E06000059,5,2,2,1,2,19,6,2,0,0,0,0,0,1,0,0,0,4,8
2024552400680,2024,552400680,391327,93794,-2.12429,50.74369,3,3,5,19:08,-1,E06000059,3,0,1,0,2,"[7, 19]","[5, 4]",8,0,0,0,1,0,0,0,0,0,4,4
2024552400681,2024,552400681,409290,93183,-1.86971,50.73819,3,3,5,14:11,-1,E06000058,3,0,1,1,1,"[9, 19]","[4, 8]","[2, 4]",0,0,0,1,0,0,0,0,0,6,13
2024552400682,2024,552400682,402582,99945,-1.96473,50.79906,3,3,5,17:42,-1,E06000059,4,0,2,1,1,"[7, 19]","[1, 6]",2,0,0,0,1,1,0,0,0,0,6,13
2024552400683,2024,552400683,367555,78689,-2.45987,50.60701,3,3,6,16:45,-1,E06000059,3,0,1,0,1,"[19, 9]","[5, 1]","[1, 8]",0,0,0,1,0,0,0,0,0,5,17
2024552400684,2024,552400684,411094,91844,-1.84419,50.72611,3,3,4,10:22,-1,E06000058,6,0,1,0,1,19,4,8,0,0,0,0,0,0,0,1,1,4,17
2024552400685,2024,552400685,409665,92657,-1.86441,50.73345,3,3,2,13:46,-1,E06000058,6,0,1,0,1,"[2, 19]","[0, 8]","[0, 4]","[0, 4]",0,0,1,0,0,0,0,0,4,1
2024552400687,2024,552400687,409119,94428,-1.87211,50.74938,3,3,2,15:50,-1,E06000058,6,0,1,0,1,"[9, 19]","[2, 8]","[8, 4]",0,0,0,0,1,0,0,0,0,6,3
2024552400688,2024,552400688,348045,95403,-2.73791,50.75589,3,3,5,23:32,-1,E06000059,3,2,2,1,2,19,2,6,0,0,0,1,0,0,0,0,0,6,13
2024552400689,2024,552400689,414454,92166,-1.79657,50.72894,3,3,1,03:00,-1,E06000058,5,2,4,0,1,19,8,4,0,1,4,1,0,0,0,0,0,4,7
2024552400690,2024,552400690,370027,90158,-2.42586,50.71028,3,3,1,22:37,-1,E06000059,4,2,1,0,1,19,4,8,0,0,0,0,1,0,0,0,0,4,21
2024552400691,2024,552400691,404956,94868,-1.93111,50.75339,3,3,6,17:23,-1,E06000058,3,0,1,0,1,"[19, 9]","[8, 2]","[4, 8]",0,0,0,1,0,1,0,0,0,6,14
2024552400693,2024,552400693,373269,118335,-2.38201,50.96381,3,3,7,17:14,-1,E06000059,3,0,1,0,2,19,"[4, 8]","[8, 4]",0,0,0,1,0,0,0,0,0,6,15
2024552400694,2024,552400694,374884,94238,-2.35736,50.7472,3,3,7,09:55,-1,E06000059,5,0,1,1,2,"[9, 19]","[2, 6]","[1, 6, 2]",0,0,0,1,0,0,1,0,0,6,15
2024552400695,2024,552400695,398559,92777,-2.02178,50.7346,3,3,5,14:29,-1,E06000058,6,0,1,0,1,"[1, 19]","[6, 2]","[2, 6]",0,0,0,1,0,0,0,0,0,4,18
2024552400696,2024,552400696,404260,103355,-1.94088,50.82972,2,2,3,09:36,-1,E06000059,5,0,1,0,2,"[19, 9]","[2, 3]","[6, 2]",0,0,0,1,0,1,0,0,0,4,23
2024552400697,2024,552400697,386926,119151,-2.18757,50.97162,1,"[3, 1]",5,19:46,-1,E06000059,3,0,1,0,2,"[19, 2]","[5, 0]","[1, 0]",0,"[1, 0]","[4, 0]",1,0,0,0,0,1,6,6
2024552400698,2024,552400698,406401,94077,-1.91064,50.74626,3,3,3,17:01,-1,E06000058,3,0,1,0,1,19,5,1,0,0,0,1,0,0,0,0,1,5,28
2024552400699,2024,552400699,377606,130809,-2.32103,51.07616,3,3,7,16:33,-1,E06000059,5,0,1,0,2,"[19, 7]","[6, 1]",2,0,0,0,1,0,1,0,0,0,4,27
2024552400700,2024,552400700,364441,93914,-2.50534,50.74374,3,3,7,16:00,-1,E06000059,3,0,1,0,2,19,"[3, 7]","[7, 3]",0,"[0, 7]","[0, 4]",1,0,0,0,0,0,6,8
2024552400701,2024,552400701,367862,79580,-2.4556,50.61504,3,3,1,10:39,-1,E06000059,4,0,1,0,1,"[9, 14]","[1, 3]",7,0,0,0,1,0,1,0,0,0,6,16
2024552400702,2024,552400702,405492,92270,-1.92355,50.73002,2,2,2,16:22,-1,E06000058,3,0,1,0,1,"[9, 19]","[6, 2]","[3, 6]",0,0,0,1,0,1,0,0,0,6,17
2024552400703,2024,552400703,408347,94587,-1.88305,50.75083,3,3,3,14:00,-1,E06000058,5,0,2,1,1,19,8,4,0,0,0,0,0,1,0,0,0,5,28
2024552400704,2024,552400704,399318,91224,-2.01103,50.72064,2,2,3,16:49,-1,E06000058,4,0,1,0,1,"[9, 19]","[1, 5]","[7, 1]",0,0,0,1,1,0,0,0,0,6,11
2024552400705,2024,552400705,360372,115303,-2.56533,50.9358,3,3,3,23:00,-1,E06000059,5,2,1,0,2,19,6,2,0,0,0,1,0,0,0,0,0,6,18
2024552400706,2024,552400706,407872,104182,-1.88958,50.83712,3,3,2,17:06,-1,E06000059,4,0,1,0,2,19,2,5,0,7,0,0,0,1,0,0,0,6,17
2024552400707,2024,552400707,404647,93614,-1.93551,50.74212,3,3,1,14:18,-1,E06000058,5,0,1,0,1,"[14, 2]","[8, 0]","[4, 0]",0,0,0,1,0,0,1,0,1,6,16
2024552400708,2024,552400708,407643,91262,-1.89309,50.72093,3,3,3,16:15,-1,E06000058,5,0,1,0,1,"[14, 2, 19]","[2, 0, 4]","[4, 0, 8]",0,0,0,1,0,0,0,0,0,6,18
2024552400709,2024,552400709,379774,115111,-2.28921,50.93509,2,2,4,23:51,-1,E06000059,4,2,1,0,2,19,3,7,0,0,0,0,0,1,0,0,0,6,19
2024552400711,2024,552400711,406288,93462,-1.91225,50.74073,3,3,2,06:33,-1,E06000058,3,0,1,0,1,"[9, 5]","[1, 5]","[7, 1]",0,0,0,1,0,1,0,0,0,6,17
2024552400712,2024,552400712,350996,92847,-2.69574,50.73316,3,3,5,13:54,-1,E06000059,5,0,1,0,2,7,7,1,0,7,3,1,0,0,0,0,0,6,20
2024552400713,2024,552400713,402454,99890,-1.96655,50.79857,3,3,3,08:17,-1,E06000059,4,0,1,0,1,"[9, 19]",2,"[1, 6]",0,0,0,1,1,0,0,0,0,6,18
2024552400714,2024,552400714,404190,89794,-1.94203,50.70777,3,3,3,07:26,-1,E06000058,5,0,1,0,1,"[2, 19]","[0, 7]","[0, 3]","[0, 4]",0,0,1,0,0,0,0,0,4,2
2024552400715,2024,552400715,403710,94963,-1.94877,50.75425,3,3,5,15:26,-1,E06000058,3,0,1,0,2,"[19, 12]",3,7,0,0,0,1,0,1,0,0,0,4,11
2024552400716,2024,552400716,407913,98051,-1.88913,50.78198,3,3,5,20:10,-1,E06000059,4,0,1,0,1,"[14, 2]","[4, 0]","[8, 0]",0,0,0,1,0,0,1,0,0,6,20
2024552400717,2024,552400717,409011,95319,-1.87362,50.7574,3,3,5,21:56,-1,E06000058,6,2,1,1,1,"[19, 2]","[3, 0]","[7, 0]",0,0,0,1,0,1,0,0,0,6,20
2024552400718,2024,552400718,403532,92786,-1.95132,50.73468,3,3,4,14:33,-1,E06000058,4,0,1,0,1,19,"[2, 6]","[6, 2]",0,0,0,1,0,0,0,0,0,6,19
2024552400719,2024,552400719,388083,107330,-2.17071,50.86535,3,3,3,12:56,-1,E06000059,4,0,1,0,2,19,8,4,0,0,0,1,0,0,0,0,1,4,9
2024552400720,2024,552400720,408954,95796,-1.87441,50.76169,3,3,2,11:50,-1,E06000058,3,0,1,0,1,"[3, 19]",4,8,0,0,0,1,0,0,0,0,0,6,17
2024552400721,2024,552400721,406744,94731,-1.90577,50.75214,3,3,2,12:30,-1,E06000058,5,0,1,0,1,"[9, 19]","[2, 6]","[8, 2]",0,0,0,1,0,1,0,0,0,6,10
2024552400722,2024,552400722,367772,89339,-2.45773,50.70279,3,3,6,21:17,-1,E06000059,3,0,2,1,2,19,8,4,0,7,9,1,0,0,0,0,0,6,21
2024552400723,2024,552400723,408899,95807,-1.87519,50.76179,3,3,2,05:54,-1,E06000058,3,0,1,0,1,19,"[7, 5]","[3, 1]",0,0,0,1,1,0,0,0,0,6,17
2024552400724,2024,552400724,416812,92949,-1.76313,50.73591,3,3,6,15:15,-1,E06000058,5,0,1,0,1,"[13, 19]",7,3,0,0,0,1,1,0,0,0,0,4,5
2024552400725,2024,552400725,408549,90990,-1.88027,50.71848,3,3,7,02:03,-1,E06000058,5,2,2,1,1,"[8, 19]",4,"[7, 8]",0,0,0,1,0,1,0,0,0,6,22
2024552400726,2024,552400726,361128,90491,-2.55193,50.71274,3,3,6,16:04,-1,E06000059,3,0,1,0,2,19,6,2,0,2,10,1,0,0,0,0,0,6,21
2024552400727,2024,552400727,407978,93409,-1.8883,50.74024,3,3,2,22:50,-1,E06000058,3,2,1,0,1,19,"[4, 2]","[8, 6]",0,0,0,1,1,0,0,0,0,6,17
2024552400728,2024,552400728,407934,102057,-1.88874,50.81801,3,3,1,08:34,-1,E06000059,3,0,1,0,2,"[7, 9]","[6, 4]",1,0,0,0,1,1,0,0,0,0,6,23
2024552400729,2024,552400729,359224,114436,-2.58156,50.92793,1,1,7,10:52,-1,E06000059,5,0,1,0,2,"[19, 9]","[2, 3]","[6, 2]",0,"[1, 0]","[10, 0]",1,0,0,0,1,0,6,22
2024552400730,2024,552400730,347846,90161,-2.73999,50.70873,3,3,1,11:56,-1,E06000059,4,0,1,0,2,"[19, 9]","[4, 8]","[8, 5]",0,0,0,1,0,1,0,0,0,6,23
2024552400731,2024,552400731,383513,81594,-2.23448,50.6338,3,3,1,17:42,-1,E06000059,4,0,1,0,2,19,"[3, 5]","[7, 1]",0,0,0,1,0,0,0,0,0,6,23
2024552400732,2024,552400732,404439,94404,-1.93844,50.74922,3,3,1,20:45,-1,E06000058,4,0,1,0,1,9,"[6, 4]","[4, 2]",0,0,0,1,0,1,0,0,0,6,23
2024552400733,2024,552400733,404739,93151,-1.93421,50.73795,3,3,2,12:25,-1,E06000058,6,0,1,0,1,"[19, 9]","[2, 4]","[6, 2]",0,0,0,1,0,1,0,0,0,4,22
2024552400734,2024,552400734,407490,90799,-1.89527,50.71677,2,2,2,16:55,-1,E06000058,5,0,1,0,1,"[7, 19]","[8, 5]",1,0,0,0,1,0,1,0,0,0,4,8
2024552400735,2024,552400735,370178,91538,-2.42384,50.72269,3,3,1,15:07,-1,E06000059,6,0,1,0,2,19,4,8,0,0,0,0,1,0,0,0,0,4,21
2024552400736,2024,552400736,416495,94912,-1.76754,50.75358,3,3,4,17:20,-1,E06000058,6,0,1,0,1,19,8,4,0,0,0,1,0,0,0,0,1,6,12
2024552400737,2024,552400737,401240,100347,-1.98377,50.80268,2,2,3,09:54,-1,E06000059,6,0,1,0,1,"[6, 19]","[3, 6]","[3, 2]",0,0,0,1,0,1,0,0,0,6,25
2024552400738,2024,552400738,389003,112995,-2.15781,50.91631,2,2,2,17:47,-1,E06000059,5,0,1,0,2,19,"[1, 5]","[5, 1]",0,0,0,1,0,0,0,0,0,4,29
2024552400739,2024,552400739,401659,97621,-1.97784,50.77817,3,3,4,18:40,-1,E06000058,3,0,1,0,1,"[6, 19]",1,"[1, 5]",0,0,0,1,1,0,0,0,0,6,19
2024552400740,2024,552400740,395037,97828,-2.07176,50.78001,3,3,7,12:04,-1,E06000059,3,0,1,0,2,"[3, 19]","[4, 8]","[8, 4]",0,0,0,1,0,1,0,0,0,6,22
2024552400742,2024,552400742,413275,92240,-1.81328,50.72963,3,3,3,16:04,-1,E06000058,5,0,1,0,1,"[5, 19]","[1, 8]","[5, 4]",0,0,0,1,1,0,0,0,0,6,25
2024552400743,2024,552400743,411896,92034,-1.83282,50.72781,3,3,2,17:24,-1,E06000058,6,0,1,0,1,"[7, 19]","[4, 2]",6,0,0,0,1,1,0,0,0,0,4,22
2024552400744,2024,552400744,397633,93314,-2.03491,50.73943,3,3,7,11:00,-1,E06000059,4,0,1,0,1,1,5,1,0,0,0,1,0,0,0,0,1,6,22
2024552400746,2024,552400746,367578,78722,-2.45954,50.60731,3,3,4,18:14,-1,E06000059,3,0,1,0,1,14,1,5,0,0,0,0,0,1,0,0,1,6,26
2024552400747,2024,552400747,361370,84760,-2.5479,50.66122,2,2,2,16:45,-1,E06000059,4,0,1,0,2,13,8,4,0,0,0,1,0,1,0,0,0,6,10
2024552400749,2024,552400749,409123,95726,-1.87202,50.76106,2,2,5,14:18,-1,E06000058,6,0,1,0,1,7,4,6,0,0,0,1,0,1,0,0,0,6,27
2024552400750,2024,552400750,411343,91511,-1.84067,50.72311,3,3,6,09:31,-1,E06000058,5,0,1,0,1,19,"[5, 7]","[1, 3]",0,"[7, 0]","[1, 0]",1,0,0,0,0,0,6,28
2024552400751,2024,552400751,401249,90941,-1.98367,50.7181,2,2,5,18:14,-1,E06000058,4,0,1,0,1,19,6,2,0,0,0,0,0,1,0,0,0,6,27
2024552400752,2024,552400752,408704,93244,-1.87802,50.73874,3,3,5,19:50,-1,E06000058,6,0,1,0,1,19,7,3,0,0,0,0,0,1,0,0,0,6,27
2024552400753,2024,552400753,405727,91917,-1.92023,50.72685,3,3,6,21:32,-1,E06000058,3,0,1,0,1,"[19, 5]","[4, 8]","[8, 4]",0,0,0,1,0,0,0,0,0,6,28
2024552400754,2024,552400754,401428,94493,-1.98112,50.75004,3,3,4,15:47,-1,E06000058,4,0,1,0,1,"[7, 19]","[5, 3]",7,0,"[0, 1]","[0, 4]",1,0,1,0,0,0,6,12
2024552400755,2024,552400755,352507,92311,-2.67426,50.72847,3,3,6,18:34,-1,E06000059,3,0,1,0,2,19,4,8,0,0,0,0,0,1,0,0,0,6,28
2024552400756,2024,552400756,371954,96662,-2.39907,50.76886,3,3,3,06:31,-1,E06000059,4,0,1,0,2,"[19, 7]","[4, 6]",8,0,0,0,1,0,1,0,0,0,6,25
2024552400757,2024,552400757,409749,90994,-1.86327,50.71849,3,3,7,16:41,-1,E06000058,6,0,1,0,2,"[3, 19]","[7, 3]","[3, 7]",0,0,0,1,0,0,0,0,0,6,29
2024552400758,2024,552400758,405423,100553,-1.92441,50.80451,3,3,1,13:08,-1,E06000059,5,0,1,0,2,"[4, 19]",2,6,0,0,0,1,0,0,0,0,0,6,30
2024552400760,2024,552400760,371243,83151,-2.4081,50.64733,3,3,5,15:42,-1,E06000059,3,0,2,1,2,13,3,7,0,0,0,1,0,0,0,0,0,5,2
2024552400761,2024,552400761,414804,92113,-1.79162,50.72845,3,3,2,17:20,-1,E06000058,5,0,5,1,1,"[13, 5]",3,7,0,0,0,1,0,1,0,0,0,5,6
2024552400762,2024,552400762,412803,91933,-1.81997,50.72688,3,3,6,13:55,-1,E06000058,6,0,1,0,1,"[19, 8]",2,"[6, 5]",0,0,0,1,0,1,0,0,0,5,10
2024552400763,2024,552400763,408985,91426,-1.87408,50.72239,3,3,2,22:40,-1,E06000058,5,2,1,0,1,19,"[6, 5]","[2, 1]",0,0,0,1,1,0,0,0,0,5,27
2024552400764,2024,552400764,346305,90470,-2.76186,50.71137,3,3,1,13:31,-1,E06000059,6,0,1,0,1,"[14, 5]","[3, 7]","[7, 3]",0,"[7, 0]","[11, 0]",1,0,1,0,0,0,6,30
2024552400765,2024,552400765,405436,95479,-1.9243,50.75888,2,2,2,15:22,-1,E06000058,6,0,1,0,1,"[9, 13]",7,"[5, 3]",0,0,0,1,0,1,0,0,0,7,1
2024552400766,2024,552400766,383210,123400,-2.2407,51.00973,3,3,3,10:07,-1,E06000059,3,0,1,0,2,"[13, 9]",4,"[8, 1]",0,0,0,1,0,0,0,0,0,7,2
2024552400767,2024,552400767,390237,89793,-2.13963,50.70769,3,3,6,22:48,-1,E06000059,5,2,1,1,2,4,4,8,0,0,0,0,0,1,0,0,0,4,19
2024552400768,2024,552400768,413568,104673,-1.80867,50.84143,3,3,3,09:55,-1,E06000059,3,0,1,0,2,"[3, 4]",2,6,0,0,0,1,0,0,1,0,0,6,25
2024552400769,2024,552400769,401166,109030,-1.9848,50.88076,3,3,4,20:40,-1,E06000059,5,0,1,1,2,19,"[4, 2]","[2, 4]",0,0,0,1,0,0,0,0,0,7,3
2024552400770,2024,552400770,402228,98262,-1.96976,50.78393,3,3,3,23:44,-1,E06000058,5,2,1,0,1,19,8,4,0,0,0,0,0,1,0,0,0,7,2
2024552400771,2024,552400771,396005,95836,-2.05801,50.7621,3,3,4,22:48,-1,E06000059,5,2,1,0,2,19,3,7,0,7,11,1,0,0,0,0,0,6,5
2024552400772,2024,552400772,402603,93270,-1.96448,50.73904,3,3,6,10:52,-1,E06000058,3,0,1,0,1,19,3,7,0,0,0,0,0,1,0,0,0,7,5
2024552400774,2024,552400774,392337,99350,-2.11009,50.79366,3,3,5,16:29,-1,E06000059,3,0,1,0,2,"[19, 4]",2,6,0,0,0,1,0,1,0,0,0,7,4
2024552400775,2024,552400775,413129,102098,-1.815,50.81828,3,3,1,10:45,-1,E06000059,5,0,1,0,2,"[6, 19]","[7, 4]","[7, 2]",0,0,0,1,1,0,0,0,0,6,16
2024552400776,2024,552400776,368877,73313,-2.44073,50.55874,3,3,7,18:27,-1,E06000059,3,0,1,0,2,19,4,8,0,"[7, 0]","[11, 0]",1,0,0,0,0,0,7,6
2024552400777,2024,552400777,401100,91890,-1.98578,50.72663,3,3,7,23:16,-1,E06000058,5,2,1,0,1,19,"[6, 2]","[2, 6]",0,0,0,1,0,0,0,0,0,7,6
2024552400778,2024,552400778,409544,91404,-1.86616,50.72218,3,3,7,09:57,-1,E06000058,4,0,1,0,1,4,2,4,0,0,0,1,0,0,0,0,1,7,6
2024552400780,2024,552400780,410191,92019,-1.85698,50.7277,3,3,1,19:03,-1,E06000058,6,0,1,0,1,19,"[2, 6]","[6, 2]",0,0,0,1,1,0,0,0,0,7,7
2024552400781,2024,552400781,387427,93895,-2.17956,50.74452,3,3,6,02:43,-1,E06000059,3,2,2,1,2,19,8,4,0,1,4,1,0,0,0,0,0,7,5
2024552400782,2024,552400782,366789,82597,-2.47104,50.64211,3,3,6,08:10,-1,E06000059,4,0,1,0,1,"[5, 19]","[7, 1]","[3, 5]",0,0,0,1,1,0,0,0,0,5,10
2024552400783,2024,552400783,401560,98162,-1.97924,50.78303,3,3,2,09:09,-1,E06000058,3,0,2,1,1,"[5, 19]","[7, 5, 1]","[1, 5]",0,"[0, 7]","[0, 11]",1,0,0,0,0,0,7,8
2024552400784,2024,552400784,388613,106395,-2.16315,50.85695,2,2,4,13:02,-1,E06000059,6,0,1,0,1,"[9, 19]","[8, 6]","[6, 2]",0,0,0,1,0,0,0,1,0,5,22
2024552400785,2024,552400785,389166,111352,-2.15544,50.90154,3,3,2,16:51,-1,E06000059,5,0,1,0,2,19,"[5, 1]","[1, 5]",0,"[1, 0]","[4, 0]",1,0,0,0,1,0,5,20
2024552400786,2024,552400786,380912,126475,-2.27361,51.03731,2,2,1,02:13,-1,E06000059,5,2,1,0,1,1,8,4,0,7,11,1,0,0,0,0,1,5,12
2024552400787,2024,552400787,410421,92757,-1.8537,50.73434,3,3,1,02:53,-1,E06000058,6,2,1,0,1,"[2, 19]","[0, 8]","[0, 4]","[0, 4]",0,0,1,0,0,0,0,0,5,19
2024552400788,2024,552400788,353656,92076,-2.65795,50.72645,3,3,3,14:18,-1,E06000059,3,0,7,1,2,"[4, 19]",4,8,0,0,0,1,0,0,1,0,0,7,9