collision_index,collision_year,collision_ref_no,location_easting_osgr,location_northing_osgr,longitude,latitude,casualty_severity,casualty_severity,day_of_week,time,local_authority_district,local_authority_ons_district,first_road_class,light_conditions,weather_conditions,road_surface_conditions,urban_or_rural_area,vehicle_manoeuvre,vehicle_direction_from,vehicle_direction_to,hit_object_in_carriageway,vehicle_leaving_carriageway,hit_object_off_carriageway,is_car,is_cyle,is_mcyle,is_goodsv,is_other,is_pedestrian,month,day
2024552400789,2024,552400789,409076,93988,-1.87273,50.74543,3,3,6,20:44,-1,E06000058,6,0,1,1,1,19,8,4,0,0,0,0,0,1,0,0,0,5,17
2024552400790,2024,552400790,381766,125953,-2.26141,51.03265,3,3,4,14:58,-1,E06000059,4,0,1,0,1,"[19, 7]","[8, 2]",4,0,0,0,1,1,0,0,0,0,5,29
2024552400792,2024,552400792,411749,92028,-1.8349,50.72776,3,3,1,22:27,-1,E06000058,3,2,1,0,1,"[2, 19]","[0, 2]","[0, 6]",0,0,0,1,1,0,0,0,0,5,19
2024552400793,2024,552400793,391613,88486,-2.12011,50.69596,3,3,6,16:27,-1,E06000059,5,0,1,0,2,19,8,4,0,0,0,1,0,0,0,0,1,5,3
2024552400794,2024,552400794,411705,91539,-1.83554,50.72336,3,3,4,09:33,-1,E06000058,5,0,1,0,1,"[19, 9]","[3, 1]",7,0,"[0, 1]",0,1,0,0,0,0,0,7,10
2024552400795,2024,552400795,404686,91325,-1.93498,50.72153,3,3,4,17:16,-1,E06000058,6,0,1,0,1,"[2, 19]","[0, 1]","[0, 5]","[0, 4]",0,0,1,0,0,0,0,0,5,1
2024552400796,2024,552400796,404874,93417,-1.93229,50.74034,3,3,3,16:52,-1,E06000058,5,0,2,1,1,19,8,4,0,0,0,1,0,0,0,0,1,7,9
2024552400799,2024,552400799,403309,94000,-1.95447,50.7456,3,3,3,06:25,-1,E06000058,3,0,1,0,2,"[4, 19]",6,2,0,0,0,1,0,0,0,0,0,5,7
2024552400800,2024,552400800,414381,92714,-1.79759,50.73387,3,3,6,19:13,-1,E06000058,6,0,1,0,1,"[5, 19]","[7, 8]","[3, 4]",0,0,0,1,1,0,0,0,0,5,24
2024552400801,2024,552400801,410295,91476,-1.85552,50.72282,3,3,6,23:10,-1,E06000058,3,2,1,0,1,"[13, 9]",3,"[7, 1]",0,"[7, 0]","[2, 0]",1,0,0,0,0,0,5,17
2024552400802,2024,552400802,394995,100234,-2.07239,50.80164,3,3,6,21:54,-1,E06000059,5,2,1,0,2,19,5,1,0,3,11,1,0,0,0,0,0,5,17
2024552400803,2024,552400803,391250,87156,-2.12522,50.68399,2,2,1,16:50,-1,E06000059,3,0,1,0,2,"[14, 19]",5,1,0,0,0,1,0,1,0,0,0,5,12
2024552400804,2024,552400804,414170,91630,-1.80062,50.72412,3,3,6,08:29,-1,E06000058,6,0,1,0,1,"[2, 19]","[0, 4]","[0, 7]","[0, 4]",0,0,1,0,0,0,0,0,7,12
2024552400805,2024,552400805,399272,91401,-2.01168,50.72223,2,2,1,10:17,-1,E06000058,4,0,1,0,1,"[5, 19]","[2, 8]","[6, 4]",0,0,0,1,1,0,0,0,0,7,7
2024552400806,2024,552400806,381305,126187,-2.26799,51.03474,3,3,6,10:38,-1,E06000059,4,0,1,0,1,9,5,4,0,0,0,1,0,0,0,0,1,7,12
2024552400807,2024,552400807,401044,109235,-1.98653,50.88261,3,3,1,19:56,-1,E06000059,5,0,1,0,2,19,4,8,10,0,0,1,0,0,0,0,0,5,26
2024552400808,2024,552400808,367344,90909,-2.46393,50.71688,3,3,7,17:21,-1,E06000059,6,0,1,0,2,19,"[2, 8]","[6, 4]","[10, 0]","[3, 0]","[10, 0]",1,0,0,0,0,0,7,6
2024552400810,2024,552400810,372062,92745,-2.39724,50.73364,3,3,1,07:40,-1,E06000059,3,0,1,0,2,19,"[2, 6]","[6, 2]",0,"[0, 2]","[0, 4]",1,0,0,0,0,0,7,14
2024552400811,2024,552400811,365308,111285,-2.4947,50.89999,3,3,7,17:45,-1,E06000059,3,0,1,1,2,19,8,4,10,1,10,1,0,0,0,0,0,7,13
2024552400812,2024,552400812,408627,90883,-1.87916,50.71751,3,3,3,08:21,-1,E06000058,4,0,1,0,1,"[19, 4]",8,4,0,0,0,1,0,1,0,0,0,6,25
2024552400813,2024,552400813,406579,91508,-1.90816,50.72316,3,3,6,15:20,-1,E06000058,3,0,1,0,1,4,4,8,0,0,0,1,0,0,0,0,0,7,12
2024552400814,2024,552400814,412094,94314,-1.82994,50.74831,3,3,4,12:40,-1,E06000058,3,0,1,0,1,"[13, 19]",8,4,0,0,0,1,1,0,0,0,0,7,10
2024552400815,2024,552400815,368170,88333,-2.45201,50.69377,3,3,4,17:05,-1,E06000059,3,0,1,0,2,19,6,2,0,0,0,1,0,0,0,0,0,7,10
2024552400817,2024,552400817,409062,92558,-1.87296,50.73257,3,3,2,19:30,-1,E06000058,4,0,1,1,1,"[5, 9]","[6, 4]",2,0,0,0,1,1,0,0,0,0,7,15
2024552400818,2024,552400818,406380,91697,-1.91098,50.72486,3,3,4,15:36,-1,E06000058,3,0,1,0,1,"[19, 7]","[8, 1]",4,0,0,0,0,1,0,1,0,0,7,3
2024552400819,2024,552400819,402766,78837,-1.96227,50.60924,3,3,3,16:12,-1,E06000059,5,0,1,0,1,19,3,7,0,0,0,1,0,0,0,0,1,7,16
2024552400820,2024,552400820,402978,79300,-1.95927,50.6134,3,3,7,10:14,-1,E06000059,6,0,1,0,1,"[19, 2]","[5, 0, 3]","[1, 0, 7]","[0, 4]",0,0,1,0,0,0,0,0,6,22
2024552400821,2024,552400821,368110,78579,-2.45201,50.60605,3,3,7,10:31,-1,E06000059,6,0,1,0,1,5,6,2,0,0,0,1,0,0,0,0,1,7,13
2024552400822,2024,552400822,345740,91793,-2.77005,50.72321,3,3,4,12:21,-1,E06000059,3,0,1,0,2,"[4, 19]",7,3,0,0,0,1,0,0,0,0,0,7,17
2024552400823,2024,552400823,402430,81957,-1.967,50.6373,2,2,4,20:13,-1,E06000059,4,0,1,0,2,7,5,6,0,3,4,1,0,0,0,0,0,7,3
2024552400824,2024,552400824,411078,91785,-1.84442,50.72558,2,2,5,18:46,-1,E06000058,6,0,1,0,1,"[9, 19]","[2, 5]","[8, 2]",0,0,0,1,0,1,0,0,0,7,18
2024552400825,2024,552400825,365321,90387,-2.49253,50.71207,3,3,4,17:25,-1,E06000059,3,0,1,0,2,19,3,7,0,0,0,1,0,0,0,0,0,7,17
2024552400826,2024,552400826,368036,79073,-2.4531,50.61049,2,"[2, 3]",6,12:26,-1,E06000059,6,0,1,0,1,19,2,6,0,7,10,1,0,0,0,0,1,6,28
2024552400827,2024,552400827,411092,91470,-1.84423,50.72275,3,3,2,18:30,-1,E06000058,5,0,1,0,1,"[3, 19]",2,6,0,0,0,1,0,0,0,0,0,7,1
2024552400828,2024,552400828,395053,98567,-2.07154,50.78665,2,2,6,14:41,-1,E06000059,3,0,1,0,2,4,3,7,0,0,0,1,0,1,0,0,0,7,19
2024552400829,2024,552400829,415004,94053,-1.78871,50.74589,3,3,6,09:02,-1,E06000058,4,0,1,0,1,"[9, 19]","[4, 8]","[2, 4]",0,0,0,1,1,0,0,0,0,7,12
2024552400830,2024,552400830,388417,106773,-2.16594,50.86035,3,3,6,15:58,-1,E06000059,4,0,1,0,1,13,5,1,0,0,0,0,0,1,0,0,1,5,3
2024552400831,2024,552400831,388699,106342,-2.16192,50.85648,3,3,7,12:00,-1,E06000059,4,0,1,0,1,"[3, 19]",2,6,0,0,0,1,0,0,0,0,0,6,29
2024552400832,2024,552400832,409258,107667,-1.86981,50.86843,2,2,1,14:55,-1,E06000059,4,0,1,0,1,"[9, 19]","[2, 8]","[8, 4]",0,0,0,1,0,1,0,0,0,7,21
2024552400833,2024,552400833,409690,105041,-1.86374,50.84481,2,2,1,23:02,-1,E06000059,5,2,1,0,2,"[9, 19]",4,"[1, 8]",0,"[7, 0]","[11, 0]",1,0,0,0,0,0,7,21
2024552400834,2024,552400834,403165,78752,-1.95663,50.60848,3,3,5,16:12,-1,E06000059,5,0,1,0,1,19,8,4,0,0,0,0,0,1,0,0,1,5,16
2024552400835,2024,552400835,371827,89653,-2.40033,50.70583,3,3,6,17:24,-1,E06000059,5,0,1,0,2,"[12, 19]","[2, 7]","[7, 4]",0,0,0,1,1,0,0,0,0,5,17
2024552400836,2024,552400836,409764,91775,-1.86303,50.72552,3,3,5,08:25,-1,E06000058,3,0,1,0,1,"[7, 9]","[4, 8]",6,0,0,0,1,0,0,1,0,0,7,4
2024552400837,2024,552400837,346604,92507,-2.75792,50.72971,3,3,1,02:20,-1,E06000059,4,2,2,1,1,"[2, 19]","[0, 5]","[0, 1]",0,"[0, 1]","[0, 11]",1,0,0,0,0,0,5,19
2024552400838,2024,552400838,411280,91975,-1.84155,50.72729,3,3,2,16:54,-1,E06000058,3,0,1,0,1,"[3, 19]",8,4,0,0,0,1,0,0,0,0,1,5,20
2024552400839,2024,552400839,408178,91156,-1.88552,50.71997,2,2,1,03:40,-1,E06000058,5,2,1,0,1,5,6,2,0,0,0,1,0,0,0,0,1,5,19
2024552400840,2024,552400840,367416,77975,-2.46177,50.60058,2,2,5,16:04,-1,E06000059,3,0,1,0,1,"[19, 9]","[7, 3]","[3, 1]",0,0,0,1,0,1,0,0,0,5,30
2024552400842,2024,552400842,364141,114488,-2.51161,50.92872,2,2,3,15:02,-1,E06000059,6,0,1,0,2,19,"[3, 6]","[6, 3]",0,0,0,0,0,1,0,1,0,5,21
2024552400843,2024,552400843,409546,91421,-1.86613,50.72234,2,2,2,16:23,-1,E06000058,4,0,1,0,1,19,6,2,0,0,0,1,0,0,0,0,1,7,22
2024552400844,2024,552400844,378445,84873,-2.30633,50.66313,3,3,1,15:51,-1,E06000059,3,0,1,0,2,19,"[7, 3]","[3, 7]",0,0,0,1,0,0,0,0,0,7,21
2024552400845,2024,552400845,365990,87936,-2.48283,50.69007,2,2,6,17:08,-1,E06000059,6,0,1,0,2,19,2,6,0,7,10,1,0,0,0,0,0,7,19
2024552400846,2024,552400846,365461,110583,-2.49246,50.89369,3,3,2,10:31,-1,E06000059,3,0,1,0,2,"[2, 19]","[0, 8, 4]","[0, 4, 8]","[0, 4]",0,0,1,0,0,1,0,0,7,22
2024552400847,2024,552400847,400768,100554,-1.99047,50.80454,3,3,3,15:25,-1,E06000059,4,0,1,0,1,19,4,8,0,0,0,1,0,0,0,0,1,7,23
2024552400848,2024,552400848,364851,79963,-2.4982,50.61831,2,"[3, 2]",7,22:47,-1,E06000059,6,2,1,0,2,19,"[2, 6]","[6, 2]",0,0,0,1,0,0,0,0,0,7,13
2024552400849,2024,552400849,408304,98872,-1.88356,50.78936,3,3,2,15:05,-1,E06000059,3,0,1,1,1,"[4, 7]","[8, 2]",4,0,0,0,1,0,1,0,0,0,7,15
2024552400850,2024,552400850,395978,98576,-2.05842,50.78674,2,2,4,17:11,-1,E06000059,3,0,1,0,2,"[14, 9]",3,"[7, 1]",0,0,0,1,0,1,0,0,0,7,24
2024552400851,2024,552400851,401661,97600,-1.97781,50.77798,3,3,5,07:31,-1,E06000058,3,0,2,1,1,"[9, 19]","[5, 1]","[3, 5]",0,0,0,1,0,1,0,0,0,7,25
2024552400852,2024,552400852,418741,94126,-1.73574,50.74644,3,3,6,20:03,-1,E06000058,3,0,1,0,2,"[10, 14]",6,2,0,"[0, 7]","[0, 10]",1,0,0,0,0,0,7,19
2024552400853,2024,552400853,403424,92434,-1.95285,50.73151,3,3,6,16:49,-1,E06000058,4,0,1,0,1,19,2,6,0,0,0,0,1,0,0,0,1,7,12
2024552400854,2024,552400854,364120,116227,-2.51208,50.94436,3,3,7,14:36,-1,E06000059,4,0,2,1,2,"[6, 14]",4,"[4, 8]",0,0,0,1,1,0,0,0,0,6,15
2024552400855,2024,552400855,380446,126490,-2.28026,51.03743,3,3,5,14:50,-1,E06000059,4,0,2,1,1,4,7,3,0,1,11,1,0,0,0,0,0,7,25
2024552400856,2024,552400856,384488,87780,-2.22096,50.68946,3,3,1,12:35,-1,E06000059,5,0,1,0,2,"[9, 19]","[8, 5]","[5, 2]",0,0,0,1,0,0,0,0,0,7,21
2024552400857,2024,552400857,357259,96155,-2.60738,50.7634,3,3,5,08:44,-1,E06000059,5,0,1,0,2,19,4,6,0,0,0,0,0,1,0,0,0,7,4
2024552400858,2024,552400858,381790,127534,-2.26114,51.04686,3,3,5,13:14,-1,E06000059,5,0,2,1,2,19,"[6, 2]","[2, 6]",0,0,0,1,0,0,1,0,0,7,25
2024552400859,2024,552400859,402062,98446,-1.97212,50.78558,3,3,5,17:00,-1,E06000058,5,0,1,0,1,"[2, 19]","[0, 1]","[0, 5]","[0, 4]",0,0,1,0,0,0,0,1,7,18
2024552400860,2024,552400860,370857,91201,-2.41419,50.7197,3,3,1,15:12,-1,E06000059,3,0,1,0,2,"[19, 3]",6,2,0,0,0,1,0,0,0,0,0,7,21
2024552400861,2024,552400861,388885,120783,-2.15972,50.98634,3,3,5,16:33,-1,E06000059,4,0,1,0,2,"[9, 19]","[5, 8]",4,0,0,0,1,0,0,0,0,0,6,27
2024552400862,2024,552400862,393591,84542,-2.09204,50.66052,2,2,5,13:54,-1,E06000059,3,0,1,0,2,7,6,8,0,0,0,0,0,1,0,0,0,7,18
2024552400863,2024,552400863,407827,91147,-1.89049,50.7199,3,3,2,17:43,-1,E06000058,4,0,1,0,1,4,5,1,0,0,0,1,0,0,0,0,1,6,17
2024552400864,2024,552400864,335527,93913,-2.91509,50.74123,3,3,1,15:26,-1,E06000059,3,0,1,0,2,19,3,7,0,7,10,0,0,1,0,0,0,6,2
2024552400865,2024,552400865,392356,87237,-2.10956,50.68474,3,3,7,11:15,-1,E06000059,4,0,1,0,2,"[7, 19]","[1, 5]","[3, 1]",0,0,0,1,1,0,0,0,0,6,8
2024552400866,2024,552400866,404072,92163,-1.94367,50.72907,3,3,3,08:10,-1,E06000058,4,0,1,0,1,"[7, 15]",4,"[5, 8]",0,0,0,1,1,0,0,0,0,6,11
2024552400867,2024,552400867,406331,91796,-1.91167,50.72575,3,3,7,12:40,-1,E06000058,6,0,1,0,1,"[7, 19]","[5, 8]","[8, 4]",0,0,0,1,0,1,0,0,0,6,8
2024552400868,2024,552400868,409779,92297,-1.86281,50.73021,3,3,2,14:30,-1,E06000058,6,0,1,0,1,19,"[6, 4]","[2, 8]",0,0,0,1,0,1,0,0,0,6,10
2024552400869,2024,552400869,384002,119312,-2.22922,50.973,3,3,5,07:10,-1,E06000059,4,0,1,0,2,"[13, 19]",6,2,0,0,0,1,1,0,0,0,0,6,13
2024552400870,2024,552400870,400291,103970,-1.99724,50.83526,2,2,2,07:21,-1,E06000059,4,0,1,0,2,19,"[8, 4]","[4, 8]",0,0,0,1,0,0,0,0,0,7,29
2024552400871,2024,552400871,374973,85370,-2.35549,50.66746,3,3,2,13:45,-1,E06000059,3,0,1,0,2,19,"[8, 4]","[4, 8]",0,0,0,1,0,0,0,0,0,7,29
2024552400872,2024,552400872,392004,99289,-2.11481,50.79311,3,3,7,12:57,-1,E06000059,3,0,1,0,2,"[19, 9]","[6, 1]","[2, 6]",0,"[7, 0]","[11, 0]",1,0,1,0,0,0,7,27
2024552400873,2024,552400873,406803,94800,-1.90493,50.75276,3,3,5,16:40,-1,E06000058,5,0,2,1,1,"[3, 19]",2,6,0,0,0,1,0,0,0,0,0,6,13
2024552400874,2024,552400874,358953,105921,-2.58446,50.85134,3,3,6,06:30,-1,E06000059,3,0,1,1,2,"[19, 13]",8,4,0,0,0,1,0,1,0,0,0,6,14
2024552400875,2024,552400875,369205,90332,-2.43752,50.7118,3,3,4,10:50,-1,E06000059,4,0,1,0,1,"[9, 19]","[6, 2]","[4, 6]",0,0,0,1,1,0,0,0,0,6,12
2024552400876,2024,552400876,403799,93625,-1.94752,50.74222,3,3,6,13:20,-1,E06000058,4,0,1,0,1,"[19, 9]","[1, 7]",5,0,0,0,1,0,1,0,0,0,6,14
2024552400877,2024,552400877,409644,95308,-1.86464,50.75729,3,3,2,17:40,-1,E06000058,3,0,1,0,1,"[7, 19]",4,"[5, 8]",0,0,0,1,1,0,0,0,0,6,17
2024552400878,2024,552400878,412637,92508,-1.82231,50.73205,3,3,5,15:50,-1,E06000058,6,0,1,0,1,19,8,4,0,0,0,1,0,0,0,0,1,6,20
2024552400880,2024,552400880,401617,92660,-1.97845,50.73355,3,3,4,17:50,-1,E06000058,3,0,1,0,1,"[9, 19]","[7, 8]",4,0,0,0,1,1,0,0,0,0,6,19
2024552400881,2024,552400881,397049,93056,-2.04318,50.73711,3,3,6,07:57,-1,E06000059,6,0,1,0,1,"[7, 19]","[1, 8]",4,0,0,0,1,1,0,0,0,0,6,21
2024552400882,2024,552400882,407926,93921,-1.88903,50.74484,3,3,2,20:08,-1,E06000058,6,0,1,0,1,"[13, 19]",6,2,0,0,0,1,1,0,0,0,0,6,24
2024552400883,2024,552400883,408717,93446,-1.87783,50.74056,3,3,3,13:50,-1,E06000058,6,0,1,0,1,"[19, 5]","[5, 7]","[1, 3]",0,0,0,1,0,0,0,0,0,6,25
2024552400884,2024,552400884,411085,91544,-1.84433,50.72342,3,3,3,13:00,-1,E06000058,6,0,1,0,1,19,1,5,0,0,0,1,0,0,0,0,1,6,25
2024552400885,2024,552400885,404398,100368,-1.93896,50.80285,3,3,4,13:20,-1,E06000059,3,0,1,0,2,"[19, 3]",2,6,0,0,0,1,0,0,1,0,0,6,26
2024552400886,2024,552400886,413274,104328,-1.81286,50.83833,3,3,4,23:50,-1,E06000059,3,2,1,0,2,19,4,8,12,0,0,1,0,0,0,0,0,5,15
2024552400887,2024,552400887,407296,91514,-1.898,50.7232,3,3,2,19:09,-1,E06000058,3,0,1,0,1,"[19, 4]",8,4,0,0,0,1,0,0,0,0,0,7,29
2024552400888,2024,552400888,358831,106247,-2.58623,50.85426,3,3,4,05:11,-1,E06000059,3,2,2,1,2,19,5,8,0,1,4,0,0,1,0,0,0,5,22
2024552400889,2024,552400889,359687,109223,-2.5744,50.88108,3,3,7,12:05,-1,E06000059,5,0,1,0,2,"[5, 19]","[6, 4]",8,0,0,0,1,1,0,0,0,0,7,27
2024552400890,2024,552400890,399458,80141,-2.00902,50.62097,3,3,1,11:48,-1,E06000059,3,0,1,0,2,"[19, 10]",4,"[8, 1]",0,0,0,1,0,0,0,0,0,6,9
2024552400892,2024,552400892,410342,94840,-1.85476,50.75307,3,3,5,14:47,-1,E06000058,3,0,1,0,1,"[9, 19]",8,"[6, 4]",0,0,0,1,1,0,0,0,0,8,1
2024552400893,2024,552400893,410911,95696,-1.84667,50.76076,3,3,6,14:08,-1,E06000058,6,0,1,0,2,"[2, 14]","[0, 2]","[0, 6]",0,0,0,1,0,0,0,0,0,8,2
2024552400894,2024,552400894,365307,111277,-2.49471,50.89992,3,3,5,09:04,-1,E06000059,3,0,1,0,2,13,4,8,0,"[7, 1]",4,1,0,0,0,0,0,8,1
2024552400895,2024,552400895,412536,92436,-1.82374,50.73141,3,3,5,10:00,-1,E06000058,3,0,1,0,1,3,2,6,0,0,0,0,0,1,0,0,0,7,25
2024552400896,2024,552400896,367290,77783,-2.46353,50.59885,2,2,7,13:41,-1,E06000059,6,0,1,0,1,"[5, 14]",1,5,0,0,0,1,1,0,0,0,0,8,3
2024552400898,2024,552400898,377165,88438,-2.32467,50.69514,3,3,4,15:08,-1,E06000059,4,0,1,0,2,"[19, 2]","[8, 0]","[4, 0]",0,0,0,1,0,0,0,0,0,7,31
2024552400899,2024,552400899,412996,104220,-1.81681,50.83737,3,3,1,11:12,-1,E06000059,3,0,1,0,2,19,"[2, 6]","[6, 2]",0,0,0,1,0,0,0,0,0,8,4
2024552400900,2024,552400900,401682,92585,-1.97753,50.73288,3,3,1,04:35,-1,E06000058,5,2,1,0,1,19,7,3,10,3,2,1,0,0,0,0,0,8,4
2024552400901,2024,552400901,421121,94798,-1.70197,50.7524,3,3,2,04:29,-1,E06000058,5,2,1,0,1,19,4,8,0,7,11,1,0,0,0,0,0,8,5
2024552400902,2024,552400902,400497,92934,-1.99432,50.73602,3,3,6,14:42,-1,E06000058,3,0,1,0,1,"[9, 19]","[2, 7]","[7, 5]",0,0,0,1,0,1,0,0,0,7,26
2024552400903,2024,552400903,347041,92596,-2.75174,50.73055,2,2,6,09:59,-1,E06000059,3,0,1,0,1,19,6,2,0,0,0,1,0,0,0,0,1,7,26
2024552400904,2024,552400904,405777,91113,-1.91953,50.71962,3,3,6,14:57,-1,E06000058,5,0,1,0,1,"[19, 5]",8,4,0,0,0,1,0,0,0,0,0,6,14
2024552400905,2024,552400905,379554,121505,-2.2927,50.99257,3,3,7,12:09,-1,E06000059,4,0,1,0,2,"[5, 19]","[3, 2]","[7, 6]",0,0,0,1,0,1,0,0,0,6,8
2024552400906,2024,552400906,348347,90007,-2.73287,50.70739,2,2,5,19:46,-1,E06000059,4,0,1,0,2,19,8,4,0,1,10,0,0,1,0,0,0,6,20
2024552400907,2024,552400907,388536,105835,-2.16422,50.85192,2,2,3,15:57,-1,E06000059,5,0,1,0,1,19,8,4,0,0,0,1,0,0,0,0,1,6,11
2024552400908,2024,552400908,410647,92587,-1.8505,50.7328,2,2,6,00:45,-1,E06000058,5,0,1,0,1,19,6,2,0,0,0,1,0,0,0,0,1,6,28
2024552400909,2024,552400909,386217,123009,-2.19782,51.0063,3,3,4,15:50,-1,E06000059,5,0,1,0,2,19,5,2,0,0,0,1,0,0,0,0,1,6,26
2024552400911,2024,552400911,409458,91393,-1.86738,50.72209,3,3,2,23:33,-1,E06000058,5,0,1,0,1,"[5, 19]",8,4,0,0,0,1,1,0,0,0,0,7,29
2024552400912,2024,552400912,357633,91293,-2.60152,50.71971,3,3,3,05:35,-1,E06000059,3,2,7,1,2,19,8,4,0,7,11,1,0,0,0,0,0,8,6
2024552400913,2024,552400913,421639,94452,-1.69464,50.74927,3,3,6,10:27,-1,E06000058,5,0,1,0,1,"[10, 19]",8,4,0,0,0,1,0,0,0,0,0,6,14
2024552400914,2024,552400914,405161,88916,-1.92829,50.69986,3,3,6,18:04,-1,E06000058,4,0,1,0,1,"[14, 19]","[2, 6]","[6, 2]",0,0,0,1,0,1,0,0,0,6,7
2024552400915,2024,552400915,407234,91718,-1.89888,50.72504,3,3,1,12:02,-1,E06000058,6,0,1,0,1,"[7, 19]","[8, 7]","[2, 3]",0,0,0,1,1,0,0,0,0,6,2
2024552400916,2024,552400916,369176,90312,-2.43793,50.71162,3,3,7,11:47,-1,E06000059,4,0,1,0,1,"[7, 19]","[7, 6]",2,"[10, 0]","[1, 0]","[1, 0]",1,0,0,0,0,0,6,8
2024552400917,2024,552400917,372172,110532,-2.39704,50.89359,2,2,1,10:24,-1,E06000059,5,0,1,0,2,19,8,4,0,0,0,0,1,0,0,0,0,8,4
2024552400918,2024,552400918,400999,100325,-1.98719,50.80248,3,3,3,15:18,-1,E06000059,6,0,1,0,1,19,1,5,0,0,0,0,1,0,0,0,0,6,18
2024552400919,2024,552400919,414195,93677,-1.80019,50.74253,3,3,1,16:20,-1,E06000058,3,0,1,0,1,"[13, 9]",8,"[4, 6]",0,"[7, 0]","[11, 0]",1,0,1,0,0,0,6,16
2024552400920,2024,552400920,405763,96654,-1.91964,50.76944,3,3,4,14:21,-1,E06000058,3,0,1,0,1,"[9, 19]","[1, 5]","[7, 1]",0,0,0,1,0,1,0,0,0,6,19
2024552400921,2024,552400921,411418,91419,-1.83961,50.72229,3,3,3,16:45,-1,E06000058,6,2,1,0,1,9,"[3, 5]","[1, 3]",0,0,0,1,1,0,0,0,0,7,2
2024552400922,2024,552400922,402242,91229,-1.9696,50.72068,3,3,6,08:55,-1,E06000058,3,0,9,0,1,"[13, 19]",2,6,0,0,0,1,1,0,0,0,0,6,28
2024552400923,2024,552400923,409590,97753,-1.86535,50.77928,3,3,3,08:13,-1,E06000058,4,0,2,1,2,19,8,3,0,"[7, 0]","[11, 0]",1,0,0,0,0,0,8,6
2024552400924,2024,552400924,408683,93529,-1.87831,50.74131,3,3,7,18:00,-1,E06000058,6,0,1,0,1,19,"[7, 3]","[3, 7]",0,0,0,1,1,0,0,0,0,7,27
2024552400925,2024,552400925,413555,95865,-1.80918,50.76222,3,3,3,19:15,-1,E06000058,4,0,1,0,2,"[3, 1]","[4, 8]","[8, 4]",0,0,0,1,0,0,0,0,0,7,23
2024552400927,2024,552400927,410301,97788,-1.85526,50.77958,3,3,4,07:24,-1,E06000058,6,0,1,0,2,"[7, 19]",6,"[1, 2]",0,0,0,0,1,0,1,0,0,8,7
2024552400928,2024,552400928,365670,79060,-2.48654,50.61024,3,3,3,20:23,-1,E06000059,6,0,1,0,1,"[12, 19]","[8, 4]","[6, 8]",0,0,0,1,0,1,0,0,0,8,6
2024552400930,2024,552400930,365945,87872,-2.48346,50.68949,3,3,5,07:36,-1,E06000059,4,0,1,0,2,19,6,2,0,1,10,1,0,0,0,0,0,8,8
2024552400931,2024,552400931,402507,101211,-1.96579,50.81045,3,3,1,23:10,-1,E06000059,5,2,1,0,1,19,2,6,7,3,1,1,0,0,0,0,0,6,2
2024552400932,2024,552400932,407824,100186,-1.89034,50.80118,3,3,5,17:28,-1,E06000059,3,2,5,1,1,"[9, 19]","[6, 8]",4,0,0,0,1,1,0,0,0,0,8,8
2024552400933,2024,552400933,366205,77349,-2.47882,50.59488,2,2,5,14:01,-1,E06000059,6,0,1,0,1,"[2, 19]","[0, 8]","[0, 4]","[0, 8]",0,0,1,0,0,0,0,1,6,6
2024552400935,2024,552400935,403187,98010,-1.95616,50.78166,2,2,3,07:32,-1,E06000058,3,0,1,0,2,"[9, 19]","[3, 7]","[1, 3]",0,0,0,1,0,0,0,0,0,6,18
2024552400936,2024,552400936,406345,96591,-1.91139,50.76887,3,3,6,18:09,-1,E06000058,3,0,1,0,1,"[10, 19]",7,"[5, 3]",0,0,0,1,0,1,0,0,0,8,2
2024552400937,2024,552400937,406855,91671,-1.90425,50.72462,3,3,6,07:48,-1,E06000058,3,0,1,1,1,"[4, 19]",4,8,0,0,0,1,0,0,0,0,0,8,9
2024552400938,2024,552400938,386550,113959,-2.19274,50.92493,3,3,1,12:18,-1,E06000059,6,0,1,0,2,6,1,1,0,0,0,0,0,1,0,0,0,6,30
2024552400939,2024,552400939,366587,90385,-2.4746,50.71213,3,3,4,10:30,-1,E06000059,3,0,1,0,2,"[4, 19]",3,7,0,0,0,1,0,0,0,0,0,7,10
2024552400940,2024,552400940,344724,92960,-2.78462,50.73361,3,3,5,09:54,-1,E06000059,3,0,2,1,2,19,"[7, 1]","[3, 5]",0,1,0,1,0,0,0,0,0,8,8
2024552400941,2024,552400941,404529,92191,-1.9372,50.72932,3,3,3,12:30,-1,E06000058,6,0,1,0,1,5,2,6,0,0,0,1,0,0,0,0,1,6,11
2024552400942,2024,552400942,374705,85511,-2.35929,50.66871,3,3,2,15:45,-1,E06000059,3,0,1,0,2,19,4,8,0,0,0,1,0,0,0,0,1,6,24
2024552400943,2024,552400943,385693,101405,-2.20443,50.81202,3,3,5,10:08,-1,E06000059,3,0,5,1,2,19,"[2, 6]","[6, 2]",0,"[7, 1]",0,1,0,0,0,0,0,8,8
2024552400944,2024,552400944,409260,97854,-1.87002,50.78019,3,3,2,16:06,-1,E06000059,4,0,1,0,2,"[19, 9]","[8, 1]","[4, 8]",0,0,0,1,0,0,0,0,0,8,5
2024552400945,2024,552400945,411481,91505,-1.83872,50.72306,2,2,1,11:10,-1,E06000058,5,0,1,0,1,19,7,3,0,0,0,1,0,0,0,0,1,6,2
2024552400946,2024,552400946,397250,93427,-2.04034,50.74045,2,2,3,10:22,-1,E06000059,4,0,1,0,1,"[9, 14]",4,"[2, 8]",0,0,0,1,0,1,0,0,0,8,6
2024552400947,2024,552400947,405994,91831,-1.91644,50.72607,3,3,7,10:54,-1,E06000058,3,0,1,0,1,"[7, 19]",8,"[1, 4]",0,0,0,1,1,0,0,0,0,8,10