collision_index,collision_year,collision_ref_no,location_easting_osgr,location_northing_osgr,longitude,latitude,casualty_severity,casualty_severity,day_of_week,time,local_authority_district,local_authority_ons_district,first_road_class,light_conditions,weather_conditions,road_surface_conditions,urban_or_rural_area,vehicle_manoeuvre,vehicle_direction_from,vehicle_direction_to,hit_object_in_carriageway,vehicle_leaving_carriageway,hit_object_off_carriageway,is_car,is_cyle,is_mcyle,is_goodsv,is_other,is_pedestrian,month,day
2024552400948,2024,552400948,364792,79571,-2.49899,50.61478,3,3,7,09:57,-1,E06000059,4,0,1,0,2,"[19, 9]","[8, 2]","[4, 8]",0,0,0,1,0,0,0,0,0,8,10
2024552400949,2024,552400949,406797,102094,-1.90488,50.81835,3,3,6,09:57,-1,E06000059,3,0,1,0,2,"[19, 4]",3,7,0,0,0,1,0,1,0,0,0,8,9
2024552400950,2024,552400950,410707,92636,-1.84965,50.73324,3,3,7,20:39,-1,E06000058,3,0,1,0,1,"[9, 19]","[2, 1]","[1, 5]",0,0,0,1,0,0,0,0,0,6,8
2024552400951,2024,552400951,400521,81809,-1.99399,50.63597,3,3,5,15:53,-1,E06000059,4,0,1,0,2,19,"[2, 6]","[6, 2]",0,0,0,1,0,0,0,0,0,6,6
2024552400952,2024,552400952,404782,93198,-1.9336,50.73837,3,3,7,15:39,-1,E06000058,6,0,1,0,1,"[2, 19]","[0, 2]","[0, 6]","[0, 4]",0,0,1,0,1,0,0,0,8,10
2024552400953,2024,552400953,413597,93452,-1.80867,50.74052,3,3,6,15:05,-1,E06000058,3,0,1,0,1,"[3, 4]",2,6,0,0,0,1,0,0,0,0,0,8,9
2024552400954,2024,552400954,366660,76658,-2.47233,50.58869,3,3,7,14:24,-1,E06000059,3,0,1,0,1,19,5,8,0,0,0,1,0,0,0,0,0,6,29
2024552400955,2024,552400955,396322,94087,-2.0535,50.74638,2,2,4,07:44,-1,E06000059,5,0,1,0,2,19,"[4, 2]","[8, 6]",0,0,0,1,1,0,0,0,0,6,19
2024552400956,2024,552400956,408741,91469,-1.87753,50.72278,2,2,2,10:35,-1,E06000058,6,0,1,0,1,7,2,4,0,0,0,0,0,0,1,0,1,8,12
2024552400957,2024,552400957,366687,90385,-2.47319,50.71214,2,2,1,12:57,-1,E06000059,3,0,1,1,2,6,1,1,0,0,0,0,0,1,0,0,0,6,23
2024552400958,2024,552400958,389800,107957,-2.14633,50.87102,3,3,2,11:13,-1,E06000059,3,0,1,0,2,"[3, 19]",6,2,0,0,0,1,0,0,0,0,0,8,12
2024552400959,2024,552400959,389560,106542,-2.1497,50.85829,3,3,1,10:50,-1,E06000059,3,0,1,0,2,4,1,5,"[4, 0]",0,0,1,0,0,0,0,0,8,11
2024552400961,2024,552400961,406801,94789,-1.90496,50.75266,3,3,3,19:27,-1,E06000058,5,0,1,0,1,19,"[3, 2]",6,0,0,0,1,1,0,0,0,0,8,13
2024552400962,2024,552400962,408854,91978,-1.87592,50.72736,3,3,3,17:22,-1,E06000058,3,0,1,0,1,"[15, 9]","[6, 2]","[2, 7]",0,0,0,1,0,1,0,0,0,8,13
2024552400963,2024,552400963,411545,103295,-1.83744,50.82908,3,3,4,00:19,-1,E06000059,3,2,1,1,2,19,2,6,0,1,9,1,0,0,0,0,0,6,26
2024552400964,2024,552400964,405625,91451,-1.92168,50.72266,3,3,2,00:40,-1,E06000058,5,2,1,0,1,"[13, 19]",2,6,0,0,0,1,1,0,0,0,0,8,12
2024552400965,2024,552400965,348115,95514,-2.73693,50.75689,3,3,4,09:41,-1,E06000059,3,0,8,1,2,19,"[6, 2]","[2, 6]",0,0,0,1,0,1,0,0,0,8,14
2024552400966,2024,552400966,407002,91250,-1.90217,50.72083,3,3,3,15:20,-1,E06000058,6,0,1,0,1,"[2, 19]","[0, 5]","[0, 2]",0,0,0,1,0,0,0,0,0,8,13
2024552400967,2024,552400967,410167,94968,-1.85724,50.75422,3,3,5,15:36,-1,E06000058,3,0,1,0,1,"[4, 19]",4,8,0,0,0,1,0,0,0,0,0,8,1
2024552400968,2024,552400968,407814,99201,-1.89051,50.79232,3,3,6,08:00,-1,E06000059,6,0,1,0,1,"[19, 7]","[4, 8]","[8, 1]",0,0,0,1,1,0,0,0,0,6,7
2024552400969,2024,552400969,370860,91201,-2.41415,50.7197,2,2,1,14:46,-1,E06000059,3,0,1,0,2,"[3, 9]","[6, 2]","[2, 7]",0,0,0,1,0,0,1,0,0,6,2
2024552400970,2024,552400970,408444,97998,-1.88159,50.7815,3,3,1,20:01,-1,E06000059,3,0,1,0,1,19,"[1, 7]","[5, 3]",0,0,0,1,0,0,0,0,0,6,16
2024552400971,2024,552400971,366778,78579,-2.47084,50.60598,2,2,1,18:22,-1,E06000059,6,0,1,0,1,19,4,8,0,3,11,1,0,0,0,0,0,6,16
2024552400972,2024,552400972,408650,91003,-1.87883,50.71859,2,2,5,12:05,-1,E06000058,6,0,1,0,1,"[15, 19]",2,7,0,0,0,1,1,0,0,0,0,6,27
2024552400973,2024,552400973,415408,93227,-1.78301,50.73845,3,3,5,12:30,-1,E06000058,5,0,1,0,1,19,"[6, 2]","[2, 6]",0,0,0,1,0,0,0,0,0,6,27
2024552400974,2024,552400974,411298,92600,-1.84128,50.73291,3,3,6,08:26,-1,E06000058,6,0,1,0,1,19,2,6,0,0,0,1,1,0,0,0,0,6,28
2024552400975,2024,552400975,349114,88999,-2.72187,50.6984,2,2,7,14:44,-1,E06000059,6,0,1,0,2,"[19, 9]","[5, 3]",1,0,0,0,1,0,1,0,0,0,6,29
2024552400976,2024,552400976,406681,102075,-1.90653,50.81818,3,3,4,06:06,-1,E06000059,3,0,1,0,2,"[5, 8]",2,6,0,0,0,1,0,0,0,0,0,8,14
2024552400977,2024,552400977,408094,94506,-1.88663,50.7501,2,2,4,16:30,-1,E06000058,3,0,1,0,1,"[9, 19]","[6, 2]","[3, 6]",0,0,0,1,0,1,0,0,0,8,14
2024552400978,2024,552400978,413152,100538,-1.81473,50.80425,2,"[3, 2]",5,12:38,-1,E06000059,3,0,1,0,2,"[19, 11]",1,5,0,0,0,1,0,0,0,0,0,8,1
2024552400979,2024,552400979,414412,97505,-1.79696,50.77695,2,2,7,12:08,-1,E06000058,5,0,1,0,2,19,"[2, 8]","[8, 2]",0,0,0,1,0,1,0,0,0,8,17
2024552400980,2024,552400980,409723,93332,-1.86357,50.73952,2,2,7,17:59,-1,E06000058,4,0,1,0,1,19,"[5, 1]","[3, 5]",0,0,0,1,0,1,0,0,0,8,17
2024552400981,2024,552400981,410430,95447,-1.8535,50.75853,3,3,7,23:02,-1,E06000058,6,2,1,0,1,19,2,6,10,0,0,1,0,0,0,0,1,8,17
2024552400983,2024,552400983,412917,94878,-1.81826,50.75336,2,2,1,00:27,-1,E06000058,3,2,1,0,2,19,6,2,0,0,0,1,0,0,0,0,1,8,18
2024552400984,2024,552400984,410341,95275,-1.85476,50.75698,3,3,6,13:49,-1,E06000058,6,0,1,0,1,"[9, 19]","[6, 2]","[4, 6]",0,0,0,1,0,0,0,0,0,8,16
2024552400985,2024,552400985,397603,98429,-2.03537,50.78543,3,3,1,14:19,-1,E06000059,3,0,1,0,2,4,8,4,0,0,0,1,0,0,0,0,0,8,18
2024552400986,2024,552400986,368848,69912,-2.44086,50.52815,3,3,1,14:30,-1,E06000059,5,0,1,0,2,"[5, 19]","[3, 1]","[7, 5]",0,0,0,1,1,0,0,0,0,8,4
2024552400987,2024,552400987,404837,88752,-1.93288,50.69839,3,3,3,13:00,-1,E06000058,4,0,1,0,1,"[8, 19]",8,4,0,0,0,1,0,0,0,0,0,7,30
2024552400988,2024,552400988,368866,91105,-2.44239,50.71873,3,3,5,14:10,-1,E06000059,4,0,1,0,1,"[19, 10]",4,8,0,0,0,1,0,0,0,0,0,8,8
2024552400989,2024,552400989,419653,94376,-1.7228,50.74866,3,3,4,15:10,-1,E06000058,6,0,1,0,1,"[13, 14]",6,2,0,0,0,1,1,0,0,0,0,7,10
2024552400990,2024,552400990,413443,92081,-1.8109,50.7282,3,3,6,15:08,-1,E06000058,6,0,1,0,1,1,6,2,0,0,0,1,0,0,0,0,1,8,9
2024552400991,2024,552400991,392343,88788,-2.10978,50.69868,3,3,7,10:28,-1,E06000059,3,0,1,0,2,19,"[2, 6]","[6, 2]",0,0,0,1,0,0,0,0,0,8,10
2024552400992,2024,552400992,408413,97854,-1.88204,50.7802,3,3,3,18:09,-1,E06000059,6,0,1,0,1,"[13, 9]",5,"[1, 3]",0,0,0,1,1,0,0,0,0,8,20
2024552400993,2024,552400993,407765,93659,-1.89132,50.74249,3,3,2,15:28,-1,E06000058,3,0,1,0,1,"[3, 19]",2,6,0,"[0, 1]","[0, 4]",1,0,0,0,0,0,8,19
2024552400994,2024,552400994,403748,91517,-1.94827,50.72326,3,3,6,16:14,-1,E06000058,5,0,1,0,1,19,3,7,0,0,0,1,0,0,0,0,0,8,16
2024552400995,2024,552400995,392337,102736,-2.11016,50.82411,2,2,1,14:42,-1,E06000059,5,0,1,0,2,19,"[6, 4]","[4, 6]",0,0,0,1,1,0,0,0,0,6,30
2024552400996,2024,552400996,387354,122494,-2.1816,51.00169,3,3,4,10:19,-1,E06000059,3,0,1,0,2,"[19, 9]","[3, 7]","[7, 5]",0,0,0,1,0,0,0,0,0,8,21
2024552400998,2024,552400998,343727,102614,-2.80023,50.82032,3,3,2,18:32,-1,E06000059,4,0,1,0,2,"[9, 19]","[7, 4]","[4, 8]",0,0,0,1,1,0,0,0,0,7,29
2024552400999,2024,552400999,413305,96132,-1.81271,50.76463,3,3,4,19:14,-1,E06000058,4,0,1,0,2,"[19, 9]","[8, 3]","[4, 8]",0,0,0,1,0,0,0,0,0,8,21
2024552401000,2024,552401000,411178,92565,-1.84298,50.7326,3,3,6,17:10,-1,E06000058,6,0,9,0,1,"[2, 19]","[0, 8]","[0, 4]",0,0,0,1,1,0,0,0,0,8,16
2024552401001,2024,552401001,395426,95206,-2.06621,50.75643,3,3,5,12:12,-1,E06000059,5,0,4,0,2,"[9, 19]","[2, 8]","[8, 4]",0,0,0,1,0,0,0,0,0,8,22
2024552401002,2024,552401002,407240,96540,-1.8987,50.7684,3,3,2,16:00,-1,E06000058,3,0,1,0,1,19,4,8,0,0,0,0,0,1,0,0,0,8,19
2024552401003,2024,552401003,401246,93065,-1.98371,50.7372,3,3,2,16:50,-1,E06000058,3,0,1,0,1,"[9, 19]","[5, 8]","[2, 4]",0,0,0,1,1,0,0,0,0,8,5
2024552401004,2024,552401004,406068,89588,-1.91543,50.7059,3,3,6,11:12,-1,E06000058,6,0,1,0,2,"[9, 19]","[5, 2]","[3, 5]",0,0,0,1,1,0,0,0,0,8,2
2024552401005,2024,552401005,407635,95319,-1.89312,50.75742,2,2,6,23:01,-1,E06000058,6,2,2,1,1,19,5,1,0,0,0,1,1,0,0,0,0,8,23
2024552401006,2024,552401006,347820,100221,-2.74178,50.79919,2,2,1,00:49,-1,E06000059,3,2,1,0,2,19,2,6,0,7,4,1,0,0,0,0,0,8,25
2024552401007,2024,552401007,416318,93355,-1.77011,50.73958,2,2,4,18:05,-1,E06000058,3,0,1,0,2,"[11, 9]","[6, 2]","[2, 1]",0,0,0,1,0,1,0,0,0,8,21
2024552401008,2024,552401008,348461,98844,-2.7325,50.78686,2,"[3, 2]",7,18:40,-1,E06000059,3,0,1,0,2,19,"[4, 7]","[8, 4]",0,0,0,1,0,0,0,0,0,6,15
2024552401009,2024,552401009,399570,90788,-2.00746,50.71672,3,3,6,07:50,-1,E06000058,4,0,1,0,1,"[9, 19]","[4, 8]","[2, 4]",0,0,0,1,1,0,0,0,0,8,9
2024552401010,2024,552401010,410373,92381,-1.85439,50.73096,3,3,6,13:36,-1,E06000058,5,0,2,1,1,19,6,2,0,0,0,1,1,0,0,0,0,8,9
2024552401011,2024,552401011,406521,97761,-1.90888,50.77939,3,3,2,13:14,-1,E06000059,3,0,1,0,1,"[14, 6]",5,"[1, 5]",0,0,0,1,0,1,0,0,0,8,26
2024552401012,2024,552401012,367462,83960,-2.46164,50.6544,3,3,3,10:36,-1,E06000059,3,0,1,0,2,"[4, 12]",4,8,0,0,0,1,0,0,0,0,0,8,27
2024552401013,2024,552401013,363067,95640,-2.52498,50.75917,3,3,2,09:50,-1,E06000059,3,0,1,0,2,"[19, 4]","[4, 2]","[8, 7]",0,0,0,1,0,0,0,0,0,8,26
2024552401014,2024,552401014,406670,91501,-1.90687,50.7231,3,3,2,16:15,-1,E06000058,3,0,1,0,1,"[19, 12]",2,6,0,0,0,1,0,0,0,0,0,8,12
2024552401015,2024,552401015,379050,120560,-2.29983,50.98406,3,3,2,19:27,-1,E06000059,6,0,1,0,2,19,"[8, 4]","[4, 8]",0,0,0,1,0,0,0,0,0,8,26
2024552401017,2024,552401017,406149,92178,-1.91424,50.72919,3,3,6,09:06,-1,E06000058,6,0,1,0,1,"[1, 19]","[8, 2]","[4, 6]",0,0,0,1,0,0,0,0,0,8,23
2024552401018,2024,552401018,405030,96034,-1.93005,50.76388,3,3,4,13:39,-1,E06000058,5,0,1,0,1,"[19, 9]","[7, 1]","[3, 7]",0,0,0,1,0,1,0,0,0,8,28
2024552401019,2024,552401019,409912,91406,-1.86095,50.7222,3,3,5,22:03,-1,E06000058,3,2,1,0,1,"[19, 9]","[5, 1]","[1, 7]",0,0,0,1,0,0,0,0,0,8,29
2024552401020,2024,552401020,372089,82832,-2.39611,50.6445,3,3,7,21:11,-1,E06000059,3,2,1,0,2,19,7,3,0,2,11,1,0,0,0,0,0,8,3
2024552401021,2024,552401021,406900,96618,-1.90352,50.76911,3,3,5,16:54,-1,E06000058,3,0,1,0,1,"[13, 9]",3,"[7, 2]",0,0,0,1,0,1,0,0,0,8,29
2024552401022,2024,552401022,407431,92367,-1.89608,50.73087,3,3,2,16:15,-1,E06000058,6,0,1,0,1,2,0,0,0,0,0,1,0,1,0,0,0,7,1
2024552401023,2024,552401023,398783,92058,-2.01861,50.72814,2,2,5,20:48,-1,E06000058,4,2,1,0,1,"[9, 19]","[8, 4]","[6, 8]",0,0,0,1,1,0,0,0,0,8,29
2024552401024,2024,552401024,409085,91220,-1.87267,50.72054,3,3,1,04:13,-1,E06000058,6,2,1,0,1,19,"[4, 8]","[8, 4]",0,0,0,1,0,0,0,0,0,9,1
2024552401025,2024,552401025,384577,121203,-2.22112,50.99002,3,3,7,15:35,-1,E06000059,4,0,1,0,2,19,6,2,12,0,0,1,0,0,0,0,0,8,31
2024552401026,2024,552401026,370409,91083,-2.42053,50.71861,3,3,1,15:09,-1,E06000059,4,0,2,1,2,"[6, 14]",6,"[6, 2]",0,0,0,1,1,0,0,0,0,9,1
2024552401027,2024,552401027,405774,96651,-1.91949,50.76942,2,2,7,20:43,-1,E06000058,3,2,1,0,1,19,3,7,10,0,0,0,0,1,0,0,0,8,31
2024552401028,2024,552401028,346297,93011,-2.76234,50.73422,3,3,2,08:06,-1,E06000059,4,0,1,1,1,19,"[5, 4]","[1, 8]",0,0,0,1,0,1,0,0,0,9,2
2024552401030,2024,552401030,404927,94888,-1.93152,50.75357,3,3,4,15:50,-1,E06000058,3,0,1,0,1,19,8,4,0,0,0,0,0,1,0,0,1,7,3
2024552401031,2024,552401031,408008,96921,-1.8878,50.77182,3,3,6,13:20,-1,E06000058,3,0,1,0,1,"[19, 9]","[4, 8]","[8, 6]",0,0,0,1,1,0,0,0,0,5,31
2024552401032,2024,552401032,404489,99925,-1.93767,50.79887,3,3,7,10:30,-1,E06000059,6,0,1,0,2,19,8,4,0,0,0,1,0,0,0,0,1,7,20
2024552401034,2024,552401034,409286,93185,-1.86977,50.7382,3,3,1,17:35,-1,E06000058,3,0,1,0,1,"[7, 9]",8,"[2, 6]",0,0,0,1,0,0,0,0,0,7,21
2024552401035,2024,552401035,411792,91959,-1.8343,50.72713,2,2,6,07:52,-1,E06000058,6,0,1,0,1,"[7, 19]","[1, 6]",2,0,0,0,1,0,1,0,0,0,7,19
2024552401036,2024,552401036,381263,126224,-2.26859,51.03507,2,2,2,13:30,-1,E06000059,4,0,1,0,1,"[4, 13]",8,4,0,0,0,1,1,0,0,0,0,7,22
2024552401037,2024,552401037,404193,94127,-1.94193,50.74673,3,3,4,14:00,-1,E06000058,4,0,1,0,1,"[19, 4]",6,2,0,0,0,1,0,0,0,0,0,7,24
2024552401038,2024,552401038,397015,94668,-2.04368,50.7516,3,3,6,10:10,-1,E06000059,3,0,1,0,2,"[3, 19]",8,4,0,0,0,1,0,0,0,0,0,6,28
2024552401039,2024,552401039,348903,101888,-2.72665,50.81427,2,2,2,08:45,-1,E06000059,5,0,1,0,2,19,6,2,0,7,3,1,0,0,0,0,0,7,29
2024552401040,2024,552401040,379449,126574,-2.29448,51.03815,3,3,5,09:23,-1,E06000059,4,0,2,1,1,19,7,3,0,2,2,1,0,0,0,0,0,8,22
2024552401041,2024,552401041,368940,90681,-2.4413,50.71492,3,3,5,13:40,-1,E06000059,4,0,1,0,1,4,3,7,0,0,0,1,0,0,0,0,1,8,22
2024552401042,2024,552401042,404398,100370,-1.93896,50.80287,3,3,5,14:42,-1,E06000059,3,0,1,1,2,"[4, 19, 3]",2,6,0,0,0,1,0,0,0,0,0,8,15
2024552401043,2024,552401043,410033,93249,-1.85918,50.73877,3,3,5,11:15,-1,E06000058,6,0,1,0,1,"[19, 9]","[5, 3]",1,0,"[1, 0]","[11, 0]",1,0,0,0,0,0,8,29
2024552401044,2024,552401044,401724,81867,-1.97698,50.63649,2,2,6,09:17,-1,E06000059,4,0,1,0,2,19,4,8,0,2,10,0,0,1,0,0,0,7,26
2024552401045,2024,552401045,408782,94604,-1.87688,50.75097,3,3,2,13:31,-1,E06000058,5,0,1,0,1,"[19, 3]",1,5,0,0,0,1,0,0,0,0,0,9,2
2024552401046,2024,552401046,411482,103275,-1.83834,50.8289,2,2,1,17:34,-1,E06000059,3,0,1,0,2,"[7, 19]","[7, 6]",2,0,0,0,1,1,0,0,0,0,8,25
2024552401047,2024,552401047,407837,96409,-1.89024,50.76722,3,3,1,07:05,-1,E06000058,3,0,1,0,1,"[9, 19]","[5, 3]","[3, 7]",0,0,0,1,0,0,0,0,0,9,1
2024552401048,2024,552401048,394703,95362,-2.07646,50.75783,3,3,3,13:41,-1,E06000059,5,0,1,0,2,19,"[3, 5]","[7, 1]",0,0,0,1,0,0,0,0,0,8,27
2024552401050,2024,552401050,407662,94726,-1.89275,50.75208,3,3,4,09:15,-1,E06000058,5,0,1,0,1,"[2, 14]","[0, 7]","[0, 3]",0,0,0,1,0,0,0,0,0,9,4
2024552401051,2024,552401051,368578,71230,-2.44478,50.53999,2,2,3,17:59,-1,E06000059,5,0,1,0,2,"[14, 9]",5,"[1, 3]",0,0,0,1,0,1,0,0,0,9,3
2024552401052,2024,552401052,416474,93307,-1.7679,50.73914,3,3,7,18:24,-1,E06000058,4,2,2,1,2,19,"[8, 4]","[4, 8]",0,0,0,1,0,1,0,0,0,7,20
2024552401053,2024,552401053,420323,93398,-1.71335,50.73984,3,3,1,13:58,-1,E06000058,3,0,1,0,1,"[19, 6]","[7, 3]",3,0,0,0,1,0,1,0,0,0,7,21
2024552401054,2024,552401054,369910,85362,-2.42713,50.66714,3,3,2,19:09,-1,E06000059,5,0,2,1,2,"[4, 19]","[7, 5]","[3, 1]",0,"[0, 3]","[0, 9]",1,0,0,0,0,0,8,19
2024552401055,2024,552401055,408786,92618,-1.87687,50.73311,3,3,4,21:38,-1,E06000058,6,2,1,0,1,19,2,6,0,0,0,0,1,0,0,1,0,7,17
2024552401056,2024,552401056,407776,93675,-1.89116,50.74263,3,3,6,11:20,-1,E06000058,3,0,1,0,1,"[4, 19]","[2, 8]","[6, 4]",0,0,0,1,0,0,0,0,0,8,23
2024552401057,2024,552401057,391345,87352,-2.12388,50.68576,3,3,5,12:29,-1,E06000059,3,0,1,0,2,19,"[6, 2]","[2, 6]",0,"[0, 7]",0,1,0,0,0,0,0,8,29
2024552401058,2024,552401058,401480,98629,-1.98037,50.78723,3,3,5,15:17,-1,E06000058,3,0,2,1,2,"[19, 4]",8,4,0,0,0,1,0,0,0,0,0,9,5
2024552401059,2024,552401059,411362,91744,-1.8404,50.72521,3,3,2,16:32,-1,E06000058,5,0,1,0,1,"[2, 19]","[0, 3]","[0, 7]",0,0,0,1,1,0,0,0,0,7,1
2024552401060,2024,552401060,367465,77976,-2.46107,50.60059,2,2,7,19:42,-1,E06000059,3,0,1,0,1,"[14, 9]",3,"[7, 1]",0,0,0,1,0,1,0,0,0,7,6
2024552401061,2024,552401061,408608,93402,-1.87937,50.74017,2,2,2,11:52,-1,E06000058,5,0,2,1,1,"[19, 9]","[2, 3]","[6, 2]",0,0,0,1,0,1,0,0,0,7,8
2024552401062,2024,552401062,404041,91375,-1.94412,50.72199,3,3,7,13:28,-1,E06000058,5,0,1,0,1,19,4,8,"[0, 11]",0,0,1,1,0,0,0,0,7,13
2024552401065,2024,552401065,405998,90501,-1.91641,50.71411,2,2,3,15:27,-1,E06000058,6,0,1,0,1,19,"[2, 3]","[6, 7]",0,0,0,1,0,1,0,0,0,7,30
2024552401066,2024,552401066,399379,95736,-2.01017,50.76122,3,3,3,13:06,-1,E06000058,5,0,1,0,1,"[19, 2]","[7, 0]","[3, 0]","[8, 0]","[7, 0]","[2, 0]",1,0,0,0,0,1,7,23
2024552401067,2024,552401067,416479,93303,-1.76783,50.73911,3,3,7,11:30,-1,E06000058,4,0,1,0,2,"[19, 3]",4,8,0,0,0,1,0,0,0,0,0,7,13
2024552401068,2024,552401068,367022,79187,-2.46744,50.61146,2,2,3,20:27,-1,E06000059,6,0,1,0,1,19,7,3,10,1,10,1,0,0,0,0,1,7,16
2024552401070,2024,552401070,384729,109778,-2.21847,50.88728,3,3,2,11:49,-1,E06000059,3,0,1,0,2,"[19, 4]",4,8,0,0,0,1,0,0,0,0,0,7,29
2024552401071,2024,552401071,408650,93743,-1.87877,50.74323,3,3,7,14:01,-1,E06000058,5,0,2,1,1,"[19, 9]","[5, 3]",1,0,0,0,1,0,0,0,0,0,9,7
2024552401072,2024,552401072,409581,91827,-1.86563,50.72599,3,3,4,16:19,-1,E06000058,3,0,1,0,1,"[19, 12]",4,8,0,0,0,1,0,1,0,0,0,8,21
2024552401073,2024,552401073,415531,91440,-1.78135,50.72238,3,3,2,11:00,-1,E06000058,6,0,1,0,1,19,4,8,0,0,0,0,0,0,1,0,0,9,2
2024552401074,2024,552401074,405531,95507,-1.92295,50.75913,3,3,7,11:59,-1,E06000058,6,0,1,0,1,9,6,4,0,0,0,1,0,0,0,0,1,7,27
2024552401075,2024,552401075,409984,108503,-1.85947,50.87594,3,3,2,17:22,-1,E06000059,4,0,1,0,1,19,"[4, 8]","[8, 4]",0,0,0,1,0,0,0,0,0,7,1
2024552401076,2024,552401076,368187,79960,-2.45104,50.61847,2,2,1,16:58,-1,E06000059,6,0,1,0,1,9,1,7,0,0,0,1,0,0,0,0,1,7,28
2024552401077,2024,552401077,400466,90210,-1.99476,50.71152,2,2,3,15:44,-1,E06000058,3,0,1,0,1,"[7, 19]","[7, 6]",2,0,0,0,1,1,0,0,0,0,7,23
2024552401078,2024,552401078,369593,81598,-2.43131,50.63328,3,3,4,12:58,-1,E06000059,4,0,1,0,1,"[9, 7]",8,"[6, 2]",0,0,0,1,0,0,1,0,0,7,31
2024552401080,2024,552401080,396741,95035,-2.04757,50.7549,2,2,2,07:33,-1,E06000059,3,0,1,0,2,"[7, 19]","[6, 8]","[8, 4]",0,0,0,1,0,1,0,0,0,9,9
2024552401081,2024,552401081,366620,76749,-2.4729,50.58951,3,3,7,13:26,-1,E06000059,3,0,2,1,1,"[3, 19]",4,8,0,0,0,1,0,0,0,0,0,9,7
2024552401082,2024,552401082,410097,92710,-1.85829,50.73392,3,3,1,15:00,-1,E06000058,6,0,1,0,1,"[5, 19]","[3, 2]","[2, 6]",0,0,0,1,0,0,0,0,0,7,7
2024552401083,2024,552401083,416365,94087,-1.76941,50.74616,3,3,2,17:02,-1,E06000058,6,0,1,0,1,19,"[1, 3]","[5, 7]",0,0,0,1,1,0,0,0,0,9,9
2024552401084,2024,552401084,368556,73588,-2.44529,50.56119,3,3,2,23:21,-1,E06000059,3,0,1,0,2,"[2, 19]","[0, 8]","[0, 4]",0,0,0,1,0,1,0,0,0,7,1
2024552401085,2024,552401085,366423,81392,-2.47611,50.63125,3,3,7,11:58,-1,E06000059,5,0,1,0,1,19,2,5,0,0,0,0,0,1,0,0,0,7,27
2024552401086,2024,552401086,407069,90973,-1.90123,50.71834,3,3,7,06:58,-1,E06000058,5,0,1,0,1,9,1,8,0,3,11,1,0,0,0,0,0,7,27
2024552401087,2024,552401087,366961,92969,-2.46954,50.73539,3,3,2,08:12,-1,E06000059,3,0,1,0,2,19,"[8, 4]","[4, 8]",0,0,0,1,0,0,0,0,0,7,1
2024552401088,2024,552401088,403885,93765,-1.9463,50.74348,3,3,3,07:59,-1,E06000058,4,0,1,0,1,"[4, 19]",6,2,0,0,0,1,0,1,0,0,0,9,10
2024552401089,2024,552401089,385814,81956,-2.20196,50.63712,3,3,5,17:00,-1,E06000059,4,0,1,0,2,19,"[6, 8]","[8, 6]",0,0,0,1,0,0,0,0,0,8,22
2024552401090,2024,552401090,404377,100264,-1.93926,50.80192,3,3,4,17:03,-1,E06000059,3,0,1,0,2,"[19, 13]",2,6,0,0,0,0,0,1,0,0,0,8,21
2024552401091,2024,552401091,407792,98146,-1.89084,50.78284,3,3,5,17:17,-1,E06000059,4,0,1,0,1,19,"[1, 8]","[5, 4]",0,0,0,1,0,0,0,0,0,8,29
2024552401092,2024,552401092,406933,91643,-1.90314,50.72437,3,3,3,18:16,-1,E06000058,3,0,2,1,1,"[19, 4]",4,8,0,0,0,1,0,0,0,0,0,9,10
2024552401093,2024,552401093,400907,107312,-1.98848,50.86531,3,3,3,18:07,-1,E06000059,4,0,1,1,2,19,"[2, 6]","[6, 2]",0,0,0,1,0,0,0,0,0,9,10
2024552401094,2024,552401094,401254,91295,-1.9836,50.72128,3,3,4,17:30,-1,E06000058,5,0,1,0,2,"[9, 19]","[1, 6]","[7, 1]",0,0,0,1,1,0,0,0,0,9,11
2024552401095,2024,552401095,414003,91732,-1.80298,50.72504,3,3,3,16:17,-1,E06000058,6,0,2,1,1,"[19, 5]","[3, 1]","[7, 5]",0,0,0,1,0,1,0,0,0,9,10
2024552401096,2024,552401096,379928,122913,-2.28745,51.00525,3,3,2,15:49,-1,E06000059,3,0,1,0,2,19,"[6, 4]","[2, 8]",0,"[0, 3]",0,1,0,1,0,0,0,9,9
2024552401097,2024,552401097,407128,91429,-1.90039,50.72244,3,3,7,12:13,-1,E06000058,5,2,1,0,1,1,8,4,0,0,0,1,0,0,0,0,1,8,31
2024552401098,2024,552401098,414749,93384,-1.79235,50.73988,3,3,6,14:08,-1,E06000058,3,0,1,0,1,"[19, 3]",8,4,0,0,0,1,0,0,0,0,0,8,30
2024552401099,2024,552401099,369177,90362,-2.43792,50.71207,3,3,5,17:00,-1,E06000059,5,0,1,0,1,19,8,4,0,0,0,0,0,0,0,0,1,7,4
2024552401100,2024,552401100,402766,93414,-1.96217,50.74033,3,3,4,15:25,-1,E06000058,6,0,1,0,1,9,6,5,0,0,0,1,0,0,0,0,1,9,11
2024552401101,2024,552401101,370999,91266,-2.41219,50.72029,3,3,4,18:56,-1,E06000059,5,0,4,1,2,"[19, 13]",2,6,0,"[1, 0]","[10, 0]",1,0,0,0,0,0,9,11
2024552401102,2024,552401102,408270,90775,-1.88422,50.71655,3,3,5,00:08,-1,E06000058,4,2,1,0,1,19,"[3, 8]","[7, 4]",0,0,0,1,0,0,0,0,0,9,12
2024552401103,2024,552401103,348127,101203,-2.73757,50.80805,2,2,1,20:39,-1,E06000059,3,0,1,0,2,"[2, 15]","[0, 5]","[0, 1]",0,0,0,1,1,0,0,0,0,7,28
2024552401104,2024,552401104,379893,115086,-2.28751,50.93487,3,3,5,14:04,-1,E06000059,4,0,1,0,2,19,"[3, 7]","[7, 3]","[6, 0]",0,0,1,0,0,1,0,0,9,12