collision_index,collision_year,collision_ref_no,location_easting_osgr,location_northing_osgr,longitude,latitude,casualty_severity,casualty_severity,day_of_week,time,local_authority_district,local_authority_ons_district,first_road_class,light_conditions,weather_conditions,road_surface_conditions,urban_or_rural_area,vehicle_manoeuvre,vehicle_direction_from,vehicle_direction_to,hit_object_in_carriageway,vehicle_leaving_carriageway,hit_object_off_carriageway,is_car,is_cyle,is_mcyle,is_goodsv,is_other,is_pedestrian,month,day
2024552401265,2024,552401265,363712,116366,-2.5179,50.94558,3,3,5,01:27,-1,E06000059,6,0,2,1,2,19,"[4, 6]","[8, 2]",0,0,0,1,1,0,0,0,0,9,26
2024552401266,2024,552401266,409857,93856,-1.86166,50.74423,3,3,6,13:45,-1,E06000058,4,0,2,1,1,19,"[5, 7]","[1, 3]",0,0,0,1,0,1,0,0,0,9,27
2024552401267,2024,552401267,362914,116236,-2.52925,50.94436,3,3,4,19:48,-1,E06000059,6,0,1,0,2,"[19, 2]","[6, 0]","[2, 0]","[4, 0]",0,0,1,0,0,0,0,0,10,23
2024552401269,2024,552401269,404831,93407,-1.9329,50.74025,3,3,2,14:28,-1,E06000058,6,0,1,0,1,"[1, 3]","[2, 6]","[6, 2]",0,0,0,1,0,1,0,0,0,9,30
2024552401270,2024,552401270,403838,93710,-1.94697,50.74299,3,3,2,13:41,-1,E06000058,4,0,2,1,1,19,"[6, 8]","[2, 4]",0,0,0,1,1,0,0,0,0,9,30
2024552401271,2024,552401271,412736,93708,-1.82086,50.74284,3,3,3,13:05,-1,E06000058,6,0,1,1,1,19,"[7, 8]","[3, 7]",0,"[7, 0]","[1, 0]",1,0,0,0,0,0,10,22
2024552401272,2024,552401272,404404,92138,-1.93897,50.72884,3,3,6,19:19,-1,E06000058,4,2,2,1,1,"[9, 19]","[3, 7]",1,0,0,0,1,0,1,0,0,0,10,18
2024552401273,2024,552401273,400552,92795,-1.99354,50.73477,3,3,6,14:27,-1,E06000058,3,0,1,0,2,"[19, 4]",4,8,0,0,0,1,0,0,0,0,0,10,25
2024552401275,2024,552401275,403198,93396,-1.95604,50.74017,3,3,6,11:16,-1,E06000058,4,0,1,0,1,"[19, 12]",6,2,0,0,0,1,0,0,0,0,0,9,13
2024552401276,2024,552401276,408032,90766,-1.88759,50.71647,3,3,5,10:52,-1,E06000058,4,0,1,0,1,"[19, 9]","[3, 1]",7,0,0,0,1,1,0,0,0,0,9,12
2024552401277,2024,552401277,407184,91720,-1.89959,50.72506,3,3,6,20:35,-1,E06000058,6,2,2,1,1,19,6,1,0,1,11,1,0,0,0,0,0,9,6
2024552401278,2024,552401278,413348,104249,-1.81181,50.83762,3,3,2,20:32,-1,E06000059,3,2,1,0,2,"[15, 19]",1,5,0,"[2, 1, 0]","[10, 9, 0]",1,0,0,0,0,0,9,30
2024552401279,2024,552401279,394283,91290,-2.08235,50.72121,3,3,6,04:50,-1,E06000059,3,2,1,0,2,"[19, 13]","[2, 6]","[6, 2]",0,"[1, 0, 7]","[9, 0, 4]",1,0,0,1,0,0,9,20
2024552401280,2024,552401280,403678,94944,-1.94923,50.75408,3,3,6,15:54,-1,E06000058,3,0,1,0,2,"[9, 5]","[5, 7]",3,0,0,0,1,0,1,0,0,0,10,25
2024552401281,2024,552401281,411248,92575,-1.84199,50.73268,3,3,3,17:36,-1,E06000058,6,0,1,0,1,19,"[2, 6]","[6, 2]",0,0,0,1,0,0,0,0,0,6,25
2024552401282,2024,552401282,396497,113007,-2.0512,50.91651,3,3,7,11:40,-1,E06000059,3,0,1,0,2,"[19, 4, 3]",6,2,0,0,0,1,0,0,0,0,0,10,26
2024552401283,2024,552401283,413267,93032,-1.81336,50.73675,3,3,5,09:47,-1,E06000058,3,0,1,0,1,"[19, 7]","[6, 8]",2,"[10, 0]","[7, 0]","[1, 0]",1,0,1,0,0,0,9,12
2024552401284,2024,552401284,367553,74610,-2.45954,50.57033,2,2,3,07:56,-1,E06000059,3,0,1,0,2,"[7, 19]","[6, 8]","[8, 4]",0,0,0,1,1,0,0,0,0,9,24
2024552401285,2024,552401285,404176,100481,-1.94211,50.80387,3,3,7,19:39,-1,E06000059,6,2,1,0,1,7,5,7,0,0,0,1,0,0,0,0,1,10,26
2024552401287,2024,552401287,405928,95452,-1.91732,50.75863,3,3,3,18:29,-1,E06000058,6,0,1,0,1,"[19, 5]",2,6,0,0,0,1,0,0,0,0,0,9,3
2024552401288,2024,552401288,413425,91885,-1.81116,50.72643,3,3,2,16:10,-1,E06000058,6,0,1,0,1,"[9, 19]",5,"[3, 1]",0,0,0,1,1,0,0,0,0,9,16
2024552401289,2024,552401289,405030,101134,-1.92998,50.80974,3,3,4,08:55,-1,E06000059,6,0,1,0,2,"[10, 19]",8,4,0,0,0,1,0,0,0,0,0,9,18
2024552401290,2024,552401290,396015,102655,-2.05794,50.82342,3,3,1,16:28,-1,E06000059,4,0,1,0,2,19,"[8, 4]","[4, 8]",0,0,0,1,0,0,0,0,0,10,27
2024552401291,2024,552401291,413888,104895,-1.80412,50.84342,3,3,2,08:09,-1,E06000059,4,0,1,0,2,"[19, 9]","[3, 6]","[8, 3]",0,0,0,1,0,0,0,0,0,10,28
2024552401292,2024,552401292,404561,90688,-1.93676,50.7158,3,3,1,10:19,-1,E06000058,5,0,1,0,1,19,"[3, 4]","[7, 8]",0,0,0,1,1,0,0,0,0,10,27
2024552401293,2024,552401293,368520,73770,-2.44581,50.56283,3,3,6,10:51,-1,E06000059,6,0,1,0,2,"[5, 19]","[2, 6]","[6, 4]",0,0,0,1,1,0,0,0,0,10,18
2024552401294,2024,552401294,410017,91436,-1.85946,50.72246,2,2,1,09:43,-1,E06000058,3,0,2,1,1,19,2,6,0,0,0,0,0,0,1,0,1,9,1
2024552401295,2024,552401295,400462,90207,-1.99482,50.7115,2,2,4,06:58,-1,E06000058,4,0,1,0,1,"[19, 9]","[8, 2]","[4, 8]",0,0,0,1,1,0,0,0,0,9,11
2024552401296,2024,552401296,381921,125745,-2.25919,51.03078,3,3,7,14:08,-1,E06000059,4,0,1,0,1,19,8,4,0,0,0,1,0,0,0,0,1,9,28
2024552401297,2024,552401297,408173,91121,-1.88559,50.71966,2,2,1,07:54,-1,E06000058,5,0,1,0,1,19,3,7,0,0,0,0,0,0,1,0,1,9,29
2024552401298,2024,552401298,404453,92382,-1.93827,50.73104,3,3,7,11:41,-1,E06000058,6,0,1,0,1,19,1,5,0,0,0,1,0,0,0,0,1,9,14
2024552401299,2024,552401299,403423,99568,-1.9528,50.79567,2,2,2,17:02,-1,E06000059,3,0,2,1,2,13,"[6, 2]","[2, 6]",0,0,0,0,0,1,0,0,0,10,28
2024552401300,2024,552401300,415789,92964,-1.77763,50.73608,3,3,7,17:13,-1,E06000058,3,0,1,0,1,"[19, 4]",2,6,0,0,0,1,0,0,0,0,0,10,26
2024552401301,2024,552401301,410953,94613,-1.84611,50.75102,3,3,6,20:39,-1,E06000058,3,2,2,1,1,5,"[1, 7]","[5, 3]",0,0,0,1,1,0,0,0,0,10,18
2024552401302,2024,552401302,417250,93587,-1.75689,50.74164,3,3,7,17:55,-1,E06000058,6,0,1,0,1,19,2,6,0,0,0,1,0,0,0,0,0,9,21
2024552401303,2024,552401303,371896,92646,-2.39959,50.73274,2,2,5,13:49,-1,E06000059,3,0,1,0,2,19,2,6,0,0,0,1,0,0,0,0,1,9,19
2024552401304,2024,552401304,389059,107454,-2.15684,50.86648,3,3,3,12:12,-1,E06000059,6,0,1,0,1,19,"[6, 5]","[2, 1]",0,0,0,1,0,1,0,0,0,10,29
2024552401305,2024,552401305,407743,91600,-1.89167,50.72397,3,3,3,10:25,-1,E06000058,6,0,1,0,1,"[9, 19]","[5, 1]","[3, 5]",0,0,0,1,0,0,0,0,0,10,29
2024552401306,2024,552401306,360631,90275,-2.55894,50.71077,3,3,1,04:04,-1,E06000059,3,2,2,1,2,"[19, 13]",3,7,0,0,0,1,0,0,0,0,0,9,22
2024552401307,2024,552401307,405279,96736,-1.92651,50.77019,3,3,3,16:54,-1,E06000058,3,2,1,1,1,"[9, 13]",3,"[1, 7]",0,0,0,1,0,1,0,0,0,10,29
2024552401308,2024,552401308,404292,97345,-1.9405,50.77567,3,3,4,07:15,-1,E06000058,3,0,1,0,2,19,4,8,0,0,0,0,0,1,0,0,0,10,30
2024552401309,2024,552401309,419241,93374,-1.72869,50.73966,3,3,4,09:52,-1,E06000058,5,0,1,0,1,"[9, 5]",5,3,0,0,0,1,1,0,0,0,0,10,30
2024552401310,2024,552401310,409791,92050,-1.86264,50.72799,3,3,4,17:55,-1,E06000058,5,2,1,0,1,"[7, 19]",8,"[1, 4]",0,0,0,1,0,0,0,0,0,10,30
2024552401311,2024,552401311,408462,91338,-1.88149,50.72161,3,3,1,01:45,-1,E06000058,6,2,1,0,1,7,1,4,9,0,0,0,0,1,0,0,0,10,27
2024552401312,2024,552401312,408044,93527,-1.88736,50.7413,2,2,6,02:13,-1,E06000058,3,2,1,1,1,19,6,3,10,0,0,0,0,1,0,0,0,11,1
2024552401313,2024,552401313,406008,91707,-1.91625,50.72496,2,2,6,06:51,-1,E06000058,5,2,1,0,1,19,4,8,0,0,0,1,0,0,0,0,1,11,1
2024552401314,2024,552401314,409068,101477,-1.87266,50.81277,3,3,1,00:52,-1,E06000059,3,0,1,0,1,"[19, 3]",6,2,0,0,0,1,0,0,0,0,0,10,27
2024552401315,2024,552401315,397123,113439,-2.0423,50.9204,3,3,6,12:15,-1,E06000059,3,0,1,0,2,19,2,6,0,7,4,1,0,0,0,0,0,11,1
2024552401316,2024,552401316,387090,122577,-2.18536,51.00243,3,3,5,16:41,-1,E06000059,3,0,1,0,2,"[8, 19]",8,"[3, 4]",0,0,0,1,0,0,0,0,0,10,17
2024552401317,2024,552401317,400281,94207,-1.99738,50.74747,3,3,7,12:09,-1,E06000058,5,0,1,0,1,"[19, 7]","[7, 1]",3,0,0,0,1,0,0,0,0,0,11,2
2024552401318,2024,552401318,413779,91498,-1.80616,50.72294,3,3,1,09:49,-1,E06000058,4,0,1,0,1,19,"[8, 4]","[4, 8]",0,0,0,1,0,0,0,0,0,9,15
2024552401319,2024,552401319,408546,92949,-1.88026,50.73609,2,2,3,20:05,-1,E06000058,3,0,1,0,1,19,"[4, 2]","[8, 6]",0,0,0,1,1,0,0,0,0,9,17
2024552401320,2024,552401320,415447,93284,-1.78246,50.73896,2,2,2,16:32,-1,E06000058,4,0,1,0,1,"[9, 13]",8,"[6, 4]",0,0,0,1,0,1,0,0,0,11,4
2024552401321,2024,552401321,412298,102309,-1.82679,50.8202,3,3,6,16:03,-1,E06000059,6,0,1,0,2,"[19, 3]",3,7,0,0,0,1,0,0,0,0,0,9,13
2024552401322,2024,552401322,349980,105035,-2.7118,50.84267,2,"[3, 2]",2,10:38,-1,E06000059,3,0,2,1,2,19,"[4, 8]","[8, 4]",0,1,0,1,0,0,0,0,0,11,4
2024552401323,2024,552401323,386631,96336,-2.19093,50.76646,3,3,1,19:41,-1,E06000059,3,2,1,0,2,19,"[2, 6]","[6, 2]",0,0,0,1,0,0,0,0,0,11,3
2024552401324,2024,552401324,404517,92124,-1.93737,50.72872,2,2,6,15:56,-1,E06000058,4,0,1,0,1,19,1,5,10,1,10,0,1,0,0,0,0,9,27
2024552401326,2024,552401326,412293,94241,-1.82712,50.74764,3,3,6,08:21,-1,E06000058,3,0,1,0,1,"[19, 4]",8,4,0,0,0,1,0,0,0,0,0,8,2
2024552401329,2024,552401329,403585,91502,-1.95058,50.72313,3,3,4,09:20,-1,E06000058,5,0,1,1,1,19,8,4,0,0,0,1,0,0,0,0,1,11,6
2024552401330,2024,552401330,361399,115764,-2.55076,50.94002,2,2,3,19:19,-1,E06000059,5,2,9,1,2,"[9, 19]",2,"[8, 6]",0,0,0,0,1,0,0,1,0,11,5
2024552401331,2024,552401331,398350,92738,-2.02475,50.73425,3,3,5,08:00,-1,E06000059,4,0,1,0,1,"[4, 19]",8,4,0,0,0,1,0,0,0,0,0,10,24
2024552401332,2024,552401332,410177,94973,-1.8571,50.75427,3,3,4,22:02,-1,E06000058,3,2,2,1,1,19,8,4,10,1,2,1,0,0,0,0,0,11,6
2024552401333,2024,552401333,406636,91491,-1.90735,50.72301,3,3,4,09:20,-1,E06000058,3,0,1,1,1,"[5, 19]","[5, 4]",8,0,"[1, 0]","[4, 0]",1,0,0,0,0,0,11,6
2024552401334,2024,552401334,408935,95816,-1.87468,50.76187,3,3,4,15:15,-1,E06000058,3,0,1,0,1,"[19, 12]",8,4,0,0,0,1,0,0,0,0,0,10,9
2024552401336,2024,552401336,411928,97215,-1.8322,50.7744,3,3,4,22:26,-1,E06000058,4,2,1,0,2,"[5, 9]","[8, 4]","[4, 1]",0,0,0,1,0,0,0,0,0,9,4
2024552401337,2024,552401337,409463,91568,-1.8673,50.72366,3,3,2,16:50,-1,E06000058,4,0,2,1,1,19,"[7, 5]","[3, 1]",0,0,0,1,0,1,0,0,0,10,21
2024552401338,2024,552401338,401491,78944,-1.98029,50.61021,2,2,6,15:36,-1,E06000059,3,0,1,0,1,4,7,3,0,0,0,1,0,0,0,0,1,11,8
2024552401339,2024,552401339,412849,92651,-1.8193,50.73333,3,3,6,17:17,-1,E06000058,3,2,1,0,1,"[15, 9]","[6, 2]","[2, 8]",0,"[7, 0]",0,1,0,1,0,0,0,11,8
2024552401340,2024,552401340,381111,97940,-2.26929,50.78072,3,3,5,21:11,-1,E06000059,3,2,1,1,2,19,6,2,0,1,10,1,0,0,0,0,0,11,7
2024552401341,2024,552401341,405611,92570,-1.92186,50.73272,3,3,1,09:58,-1,E06000058,3,0,1,0,1,"[3, 4]",2,6,0,0,0,1,1,0,0,0,0,11,10
2024552401342,2024,552401342,370722,112696,-2.41783,50.91298,3,3,7,17:38,-1,E06000059,3,2,1,0,2,19,4,8,0,7,10,1,0,0,0,0,0,11,2
2024552401343,2024,552401343,377772,123811,-2.31823,51.01324,3,3,6,09:56,-1,E06000059,5,0,1,1,2,19,"[6, 2]","[2, 6]",0,"[0, 1]","[0, 4]",1,0,0,0,1,0,9,27
2024552401344,2024,552401344,384349,90597,-2.22305,50.71479,3,3,1,21:47,-1,E06000059,5,2,7,1,2,4,7,5,0,3,10,1,0,0,0,0,0,11,10
2024552401345,2024,552401345,399147,93405,-2.01345,50.74025,2,2,1,12:56,-1,E06000059,3,0,1,0,2,7,"[3, 1]","[6, 4]",0,1,"[0, 4]",1,0,0,0,0,1,11,10
2024552401346,2024,552401346,413659,93556,-1.80779,50.74145,3,3,2,15:46,-1,E06000058,3,0,1,0,2,14,6,2,0,0,0,0,0,1,0,0,1,11,11
2024552401347,2024,552401347,398969,93405,-2.01598,50.74025,3,3,2,18:31,-1,E06000059,3,2,1,1,2,12,7,3,0,7,1,1,0,0,0,0,0,11,11
2024552401348,2024,552401348,376492,88005,-2.33417,50.69121,3,3,4,08:30,-1,E06000059,4,0,2,1,2,19,2,6,0,0,0,0,0,1,0,0,0,11,6
2024552401349,2024,552401349,367909,74218,-2.45448,50.56682,3,3,3,14:31,-1,E06000059,3,0,1,0,2,"[19, 4]",8,4,0,0,0,1,0,0,0,0,0,11,12
2024552401350,2024,552401350,404382,100357,-1.93918,50.80276,3,3,1,09:10,-1,E06000059,3,0,1,0,2,"[19, 5]","[7, 5]","[3, 1]",0,"[0, 7]","[0, 1]",1,0,0,0,0,0,11,10
2024552401351,2024,552401351,367869,80545,-2.45559,50.62372,3,3,2,17:54,-1,E06000059,4,2,1,0,1,"[5, 19]",8,4,0,0,0,1,0,1,0,0,0,11,11
2024552401352,2024,552401352,360662,110056,-2.56063,50.88864,2,2,4,18:44,-1,E06000059,5,2,1,0,2,19,4,8,0,0,0,0,1,0,0,0,0,11,13
2024552401353,2024,552401353,367428,85232,-2.46224,50.66584,3,3,1,17:43,-1,E06000059,3,2,1,0,2,4,5,1,0,0,0,1,0,0,0,0,0,10,27
2024552401354,2024,552401354,414570,93608,-1.79487,50.7419,2,2,3,08:37,-1,E06000058,6,0,1,0,1,"[5, 19]","[8, 6]","[4, 2]",0,0,0,1,1,0,0,0,0,11,5
2024552401355,2024,552401355,404196,101922,-1.94181,50.81683,3,3,5,17:08,-1,E06000059,6,2,1,0,2,"[9, 19]","[8, 4]","[5, 8]",0,0,0,1,0,0,0,0,0,11,14
2024552401356,2024,552401356,402850,91597,-1.96099,50.72399,3,3,5,15:08,-1,E06000058,5,0,1,0,1,"[2, 19]","[0, 3]","[0, 7]",0,0,0,1,0,1,0,0,0,11,14
2024552401357,2024,552401357,405615,91710,-1.92182,50.72499,3,3,2,13:41,-1,E06000058,5,0,1,0,1,19,"[6, 2]","[2, 6]",0,"[0, 1]",0,1,0,0,0,0,0,11,11
2024552401358,2024,552401358,421424,93849,-1.69773,50.74386,3,3,6,08:30,-1,E06000058,6,0,1,0,1,"[9, 19]","[7, 5]","[5, 1]",0,0,0,1,1,0,0,0,0,11,15
2024552401359,2024,552401359,401888,91053,-1.97462,50.7191,3,3,5,18:35,-1,E06000058,6,2,1,0,1,19,2,6,0,0,0,1,0,0,0,0,1,11,14
2024552401361,2024,552401361,406471,91546,-1.90969,50.7235,3,3,6,14:08,-1,E06000058,5,0,1,0,1,"[14, 9]","[4, 5]","[8, 4]",0,0,0,0,0,1,0,0,0,11,15
2024552401363,2024,552401363,378790,112870,-2.30308,50.9149,3,3,3,11:30,-1,E06000059,6,0,1,0,2,"[4, 19]",4,8,0,0,0,1,0,0,0,0,0,11,12
2024552401364,2024,552401364,404919,94965,-1.93163,50.75426,3,3,2,07:42,-1,E06000058,3,0,1,0,1,"[19, 7]","[2, 4]",6,0,0,0,1,0,1,0,0,0,11,18
2024552401365,2024,552401365,363881,118422,-2.5157,50.96408,3,3,2,16:48,-1,E06000059,4,2,1,0,2,"[19, 9]","[6, 4]",2,0,"[1, 0]","[10, 0]",1,0,0,0,0,0,11,11
2024552401366,2024,552401366,409310,92762,-1.86944,50.7344,3,3,6,15:16,-1,E06000058,4,0,1,0,1,"[9, 19]","[8, 6]","[6, 2]",0,0,0,1,0,1,0,0,0,9,6
2024552401367,2024,552401367,405842,93008,-1.91858,50.73666,3,3,4,19:29,-1,E06000058,6,0,1,0,1,1,8,4,0,0,0,1,0,0,0,0,1,11,6
2024552401368,2024,552401368,403645,93141,-1.94971,50.73787,3,3,3,15:12,-1,E06000058,4,0,1,1,1,"[19, 7]","[2, 3]",6,0,0,0,1,0,0,0,0,0,11,19
2024552401369,2024,552401369,401169,91966,-1.9848,50.72731,2,2,5,07:01,-1,E06000058,5,2,1,0,1,"[9, 19]","[3, 8]","[8, 6]",0,0,0,1,1,0,0,0,0,10,17
2024552401370,2024,552401370,407971,110069,-1.88805,50.89005,3,3,3,16:05,-1,E06000059,5,0,1,1,2,19,"[2, 4]","[4, 2]","[10, 0]",0,0,1,0,0,0,0,0,11,19
2024552401371,2024,552401371,389588,106646,-2.1493,50.85923,3,3,3,17:33,-1,E06000059,3,2,1,1,2,"[19, 4]",2,6,0,0,0,1,0,0,0,0,0,11,19
2024552401372,2024,552401372,388235,92455,-2.16807,50.73159,3,3,3,07:51,-1,E06000059,5,0,2,1,2,19,8,4,0,0,0,1,0,0,0,0,0,11,19
2024552401373,2024,552401373,410301,91482,-1.85543,50.72287,3,3,3,21:48,-1,E06000058,3,2,1,1,1,19,"[1, 2]","[5, 6]",0,0,0,1,1,0,0,0,0,11,19
2024552401374,2024,552401374,383718,123197,-2.23345,51.00792,2,"[2, 3]",3,08:42,-1,E06000059,3,0,2,1,2,"[10, 19]",8,"[5, 6]",0,0,0,1,0,0,0,0,0,11,19
2024552401375,2024,552401375,406472,91544,-1.90968,50.72348,3,3,3,17:23,-1,E06000058,5,2,1,0,1,"[9, 19]","[8, 4]","[5, 8]",0,0,0,1,1,0,0,0,0,11,12
2024552401376,2024,552401376,388670,91865,-2.16188,50.72629,3,3,4,07:42,-1,E06000059,5,0,8,2,2,19,4,8,0,7,0,1,0,0,0,0,0,11,20
2024552401377,2024,552401377,405269,93307,-1.9267,50.73935,3,3,4,13:34,-1,E06000058,6,0,1,0,1,"[19, 13]",4,8,0,0,0,1,0,0,0,0,0,11,20
2024552401378,2024,552401378,398689,92217,-2.01994,50.72957,2,2,4,17:02,-1,E06000058,4,0,1,0,1,"[19, 9]","[8, 4]","[4, 2]",0,"[1, 0]",0,1,0,1,0,0,0,11,20
2024552401379,2024,552401379,400458,95661,-1.99487,50.76054,3,3,2,06:04,-1,E06000058,4,2,1,0,1,19,8,4,0,0,0,1,0,0,0,0,1,11,18
2024552401380,2024,552401380,400774,103294,-1.99038,50.82918,3,3,5,16:45,-1,E06000059,4,2,1,0,2,19,8,5,0,2,4,0,0,1,0,0,0,11,14
2024552401381,2024,552401381,397894,98241,-2.03124,50.78374,2,2,6,19:20,-1,E06000059,4,2,1,0,2,19,4,8,0,7,4,1,0,0,0,0,0,11,15
2024552401382,2024,552401382,402556,94387,-1.96514,50.74908,3,3,5,08:18,-1,E06000058,4,0,2,1,1,19,6,2,0,0,0,1,0,0,0,0,1,11,21
2024552401384,2024,552401384,410737,92648,-1.84922,50.73335,3,3,4,16:55,-1,E06000058,3,0,1,0,1,"[14, 9]","[2, 6]","[6, 4]",0,0,0,1,0,1,0,0,0,8,28
2024552401385,2024,552401385,405275,94650,-1.92659,50.75143,3,3,5,19:28,-1,E06000058,3,0,1,1,1,19,4,8,0,0,0,1,0,0,0,0,1,11,14
2024552401386,2024,552401386,384619,121246,-2.22052,50.9904,3,3,6,17:25,-1,E06000059,4,2,2,1,2,19,"[2, 6]","[6, 2]",0,0,0,1,0,0,0,0,0,11,22
2024552401387,2024,552401387,402548,79183,-1.96535,50.61235,3,3,2,07:23,-1,E06000059,3,0,1,0,1,19,8,4,0,7,4,1,0,0,0,0,0,11,11
2024552401388,2024,552401388,407923,91432,-1.88912,50.72246,3,3,5,11:33,-1,E06000058,3,2,1,0,1,"[19, 9]","[3, 7]","[7, 5]",0,"[1, 0]",0,1,0,0,0,0,0,11,14
2024552401389,2024,552401389,368838,73315,-2.44128,50.55875,2,2,1,21:10,-1,E06000059,3,2,1,0,2,19,8,4,0,0,0,1,0,0,0,0,1,10,20
2024552401390,2024,552401390,366217,77862,-2.4787,50.5995,3,3,7,12:54,-1,E06000059,4,0,5,1,2,"[19, 5]","[2, 6]","[6, 4]",0,0,0,1,0,0,0,0,0,11,23
2024552401391,2024,552401391,367155,107086,-2.46806,50.86234,3,3,6,23:12,-1,E06000059,3,2,2,1,2,19,8,2,0,1,11,1,0,0,0,0,0,11,22
2024552401392,2024,552401392,388526,116158,-2.16469,50.94474,3,3,7,15:53,-1,E06000059,5,2,5,1,2,19,"[8, 4]","[4, 8]",0,"[1, 7]",4,1,0,0,0,0,0,11,23
2024552401393,2024,552401393,365288,90390,-2.493,50.7121,3,3,7,12:43,-1,E06000059,3,0,5,1,2,"[19, 10]",7,"[3, 5]",0,0,0,1,0,0,0,0,0,11,23
2024552401394,2024,552401394,420672,93437,-1.70841,50.74018,3,3,1,14:41,-1,E06000058,3,0,4,1,1,4,6,2,0,0,0,1,0,0,0,0,0,11,24
2024552401395,2024,552401395,401231,91036,-1.98393,50.71895,3,3,4,15:03,-1,E06000058,3,0,1,0,1,"[5, 19]","[1, 7]","[4, 3]",0,0,0,0,1,1,0,0,0,10,23
2024552401396,2024,552401396,401080,94695,-1.98606,50.75185,2,2,4,08:29,-1,E06000058,4,0,1,0,1,"[9, 19]","[4, 8]","[2, 4]",0,0,0,1,1,0,0,0,0,11,6
2024552401397,2024,552401397,392817,104841,-2.10339,50.84305,3,3,4,17:14,-1,E06000059,4,2,1,0,2,19,"[3, 6]","[6, 3]",0,0,0,1,0,0,0,0,0,11,20
2024552401398,2024,552401398,358167,107842,-2.59585,50.86856,3,3,2,06:12,-1,E06000059,3,2,1,1,2,15,8,4,0,1,10,1,0,0,0,0,0,11,25
2024552401399,2024,552401399,399349,95736,-2.0106,50.76122,3,3,2,16:36,-1,E06000058,5,2,1,1,1,19,"[3, 7]","[7, 3]",0,0,0,1,0,1,0,0,0,11,25
2024552401400,2024,552401400,369184,72177,-2.4363,50.54854,3,3,6,15:40,-1,E06000059,6,0,1,0,2,19,1,6,10,7,11,1,0,0,0,0,0,11,22
2024552401401,2024,552401401,410302,91475,-1.85542,50.72281,3,3,7,19:30,-1,E06000058,3,2,1,0,1,"[10, 19, 9]","[3, 7]","[1, 7, 5]",0,0,0,1,0,0,0,0,0,9,21
2024552401402,2024,552401402,391702,88199,-2.11884,50.69338,3,3,4,17:52,-1,E06000059,6,2,1,0,2,"[2, 19]","[0, 7]","[0, 3]",0,0,0,1,0,0,0,0,1,11,13
2024552401403,2024,552401403,389291,97281,-2.15324,50.77501,3,3,3,10:45,-1,E06000059,3,0,1,1,2,19,"[7, 3]","[3, 7]",0,0,0,1,0,0,0,0,0,11,26
2024552401404,2024,552401404,346699,91814,-2.75647,50.72349,3,3,3,16:40,-1,E06000059,4,2,1,1,1,"[9, 19]","[2, 8]","[7, 4]",0,0,0,1,1,0,0,0,0,11,19
2024552401405,2024,552401405,407105,95566,-1.90063,50.75965,3,3,4,12:54,-1,E06000058,5,0,1,0,1,"[4, 19]",5,8,0,0,0,1,0,0,0,0,0,9,18
2024552401406,2024,552401406,380477,85343,-2.27761,50.66742,3,3,1,12:50,-1,E06000059,3,0,1,0,2,"[4, 7]",2,"[6, 5]",0,0,0,1,0,0,0,0,0,10,6
2024552401407,2024,552401407,413275,96184,-1.81314,50.7651,3,3,2,13:19,-1,E06000058,4,0,1,0,2,19,8,4,0,1,3,0,0,0,1,0,0,11,25
2024552401408,2024,552401408,404147,91712,-1.94261,50.72502,2,2,3,22:18,-1,E06000058,3,2,5,1,1,"[19, 9]","[8, 4]","[4, 1]",0,0,0,1,0,1,0,0,0,11,26
2024552401409,2024,552401409,346927,102942,-2.75485,50.82357,2,2,5,18:06,-1,E06000059,3,2,3,2,2,19,4,8,0,0,0,0,0,1,0,0,0,11,21
2024552401410,2024,552401410,402443,99099,-1.96671,50.79145,1,"[1, 3]",4,08:53,-1,E06000059,3,0,1,1,1,"[14, 19]","[6, 2]","[2, 6]",0,0,0,1,0,1,0,0,0,11,27
2024552401411,2024,552401411,405409,92051,-1.92473,50.72805,3,3,2,19:25,-1,E06000058,3,2,2,1,1,"[9, 7]","[3, 7]",1,0,0,0,1,0,1,0,0,0,11,18
2024552401412,2024,552401412,413083,92835,-1.81598,50.73498,3,3,5,17:41,-1,E06000058,3,2,8,0,1,19,2,6,0,0,0,1,0,0,0,0,1,11,28
2024552401413,2024,552401413,415104,93217,-1.78732,50.73837,3,3,6,08:39,-1,E06000058,6,0,1,0,1,"[2, 19]","[0, 2]","[0, 6]","[11, 4]",0,0,1,1,0,0,0,0,11,15
2024552401414,2024,552401414,402655,101154,-1.96369,50.80993,3,3,1,14:27,-1,E06000059,5,0,1,0,1,14,4,8,0,0,0,1,0,0,0,0,1,10,13
2024552401415,2024,552401415,408616,93451,-1.87926,50.74061,3,3,6,10:58,-1,E06000058,5,0,1,0,1,"[19, 3]",1,5,0,0,0,1,0,1,0,0,0,10,11
2024552401416,2024,552401416,399706,99055,-2.00554,50.79106,3,3,5,15:00,-1,E06000059,3,0,1,0,2,19,"[3, 7]","[7, 3]",0,0,0,1,0,1,0,0,0,10,10
2024552401417,2024,552401417,414616,94447,-1.79419,50.74944,3,3,3,22:27,-1,E06000058,4,2,1,0,1,19,8,4,0,0,0,1,0,0,0,0,1,10,15
2024552401418,2024,552401418,404170,94090,-1.94226,50.7464,3,3,6,15:35,-1,E06000058,4,0,1,0,1,"[3, 19]",2,6,0,0,0,1,0,0,0,0,0,10,25