collision_index,collision_year,collision_ref_no,location_easting_osgr,location_northing_osgr,longitude,latitude,casualty_severity,casualty_severity,day_of_week,time,local_authority_district,local_authority_ons_district,first_road_class,light_conditions,weather_conditions,road_surface_conditions,urban_or_rural_area,vehicle_manoeuvre,vehicle_direction_from,vehicle_direction_to,hit_object_in_carriageway,vehicle_leaving_carriageway,hit_object_off_carriageway,is_car,is_cyle,is_mcyle,is_goodsv,is_other,is_pedestrian,month,day
202460Q045121,2024,60Q045121,313035,375979,-3.30556,53.27364,3,3,2,15:45,-1,W06000005,3,0,2,1,2,19,"[3, 7]","[7, 3]",0,0,0,1,0,0,0,0,0,4,1
202460Q045636,2024,60Q045636,287025,378209,-3.69623,53.28877,2,2,3,15:09,-1,W06000003,3,0,1,0,1,19,3,7,0,0,0,0,0,0,1,0,1,4,2
202460Q046721,2024,60Q046721,335601,342649,-2.96053,52.9773,3,3,5,17:14,-1,W06000006,3,0,1,0,2,19,7,3,0,0,0,1,0,0,0,0,1,4,4
202460Q046894,2024,60Q046894,279716,377867,-3.80569,53.28408,2,2,5,21:36,-1,W06000003,3,2,2,1,1,"[2, 19]","[0, 7, 3]","[0, 3, 7]","[0, 4]",0,0,1,0,0,0,0,0,4,4
202460Q046936,2024,60Q046936,292562,336393,-3.5992,52.91418,3,3,5,22:30,-1,W06000002,6,2,9,0,2,7,8,3,0,0,0,1,0,0,0,0,1,4,4
202460Q047691,2024,60Q047691,284594,341840,-3.71958,52.96147,1,"[1, 2]",7,11:24,-1,W06000002,3,0,5,1,2,19,"[8, 4]","[4, 8]",0,"[1, 7]",0,1,0,1,0,0,0,4,6
202460Q047875,2024,60Q047875,277892,382375,-3.83477,53.32417,3,3,7,17:42,-1,W06000003,3,0,1,1,1,19,"[2, 8]","[6, 4]",0,0,0,1,0,0,0,0,0,4,6
202460Q048602,2024,60Q048602,301500,381254,-3.48012,53.31902,3,3,2,08:28,-1,W06000004,6,0,1,0,1,19,3,7,0,0,0,1,0,0,0,0,1,4,8
202460Q050026,2024,60Q050026,277772,359160,-3.82766,53.11557,3,3,4,19:35,-1,W06000003,6,0,2,1,2,19,"[5, 1]","[1, 5]",0,"[1, 0]","[4, 0]",1,0,0,0,0,0,4,10
202460Q050393,2024,60Q050393,235812,375543,-4.46246,53.25143,3,3,4,16:23,-1,W06000001,3,0,9,-1,2,"[3, 19]",5,1,0,0,0,1,0,0,0,0,0,4,10
202460Q050406,2024,60Q050406,330311,366338,-3.04444,53.18955,2,2,5,15:55,-1,W06000005,4,0,1,0,1,"[9, 19]",1,"[7, 5]",0,0,0,1,0,0,0,1,0,4,11
202460Q050463,2024,60Q050463,243460,390228,-4.35519,53.38563,2,2,5,17:43,-1,W06000001,4,0,5,1,2,19,6,3,0,1,11,0,0,1,0,0,0,4,11
202460Q050830,2024,60Q050830,279117,338446,-3.79981,52.92977,3,3,6,13:30,-1,W06000002,3,0,1,0,2,19,3,8,0,1,4,1,0,0,0,0,0,4,12
202460Q051258,2024,60Q051258,283418,324859,-3.73099,52.80864,2,2,7,01:50,-1,W06000002,3,2,2,1,2,19,2,6,0,2,4,1,0,0,0,0,0,4,13
202460Q051359,2024,60Q051359,335657,345127,-2.96019,52.99958,2,2,7,10:35,-1,W06000006,3,0,1,0,2,19,"[1, 7]","[5, 3]",0,0,0,1,1,0,0,0,0,4,13
202460Q051366,2024,60Q051366,306702,382493,-3.40242,53.33109,3,3,7,10:30,-1,W06000004,3,0,1,0,1,"[5, 4]",7,3,0,0,0,1,0,0,0,0,0,4,13
202460Q052299,2024,60Q052299,302050,378441,-3.471,53.29384,2,"[3, 2]",2,01:10,-1,W06000004,3,2,1,0,2,"[2, 19]","[0, 5]","[0, 1]",0,"[1, 0]",0,1,0,0,0,0,0,4,15
202460Q052322,2024,60Q052322,303696,374964,-3.44525,53.2629,3,3,2,05:44,-1,W06000004,3,0,5,1,2,19,7,3,0,0,0,1,0,0,0,0,0,4,15
202460Q052339,2024,60Q052339,280641,377170,-3.79156,53.27803,3,3,2,07:47,-1,W06000003,3,0,1,0,2,3,"[1, 5]","[5, 1]",0,0,0,1,0,0,0,0,0,4,15
202460Q052439,2024,60Q052439,280682,377363,-3.79102,53.27977,3,3,2,12:10,-1,W06000003,3,0,1,0,2,4,3,7,0,0,0,1,0,0,0,0,0,4,15
202460Q052657,2024,60Q052657,322401,358335,-3.16085,53.11653,3,3,2,18:41,-1,W06000005,6,0,1,1,2,19,"[1, 5]","[5, 1]",0,0,0,1,0,0,0,0,0,4,15
202460Q053161,2024,60Q053161,296988,338982,-3.53423,52.93831,2,2,3,19:39,-1,W06000002,3,0,1,0,2,"[19, 10]","[5, 2]","[1, 8]",0,"[7, 0]","[10, 0]",1,0,1,0,0,0,4,16
202460Q053306,2024,60Q053306,315137,381134,-3.27543,53.3203,3,3,4,05:45,-1,W06000005,3,0,8,1,2,19,7,3,10,1,10,1,0,0,0,0,0,4,17
202460Q053604,2024,60Q053604,308476,383378,-3.37605,53.33936,2,2,4,17:35,-1,W06000004,3,0,1,0,2,19,"[3, 7]","[7, 3]",0,"[1, 0]",0,1,0,0,0,0,0,4,17
202460Q054116,2024,60Q054116,304942,382813,-3.42893,53.33366,2,2,5,17:30,-1,W06000004,6,0,1,0,1,"[19, 9]","[5, 7]","[1, 5]",0,0,0,1,0,1,0,0,0,4,18
202460Q054481,2024,60Q054481,333321,350189,-2.99604,53.04479,3,3,6,15:28,-1,W06000006,6,0,1,0,1,19,3,7,0,0,0,1,0,0,0,0,1,4,19
202460Q054534,2024,60Q054534,330303,347418,-3.04045,53.0195,3,3,6,16:29,-1,W06000006,4,0,1,0,2,"[19, 10]",2,"[5, 7]",0,0,0,1,0,0,0,0,0,4,19
202460Q054556,2024,60Q054556,260548,376041,-4.09221,53.26298,3,3,6,15:20,-1,W06000001,3,0,1,0,2,9,3,1,0,0,0,0,0,0,1,0,1,4,19
202460Q055092,2024,60Q055092,306497,381887,-3.40532,53.32561,3,3,7,16:10,-1,W06000004,3,0,1,0,1,"[7, 19]",5,"[7, 1]",0,0,0,1,1,0,0,0,0,4,20
202460Q055217,2024,60Q055217,329097,343678,-3.0576,52.98573,3,3,7,18:15,-1,W06000006,3,0,1,0,2,"[7, 19]","[5, 7]","[1, 3]",0,"[0, 1]",0,1,1,0,0,0,0,4,20
202460Q055540,2024,60Q055540,295818,377308,-3.56408,53.28247,3,3,1,12:11,-1,W06000003,3,0,1,0,2,"[19, 5]",7,3,0,0,0,1,0,0,0,0,0,4,21
202460Q055629,2024,60Q055629,300649,381399,-3.49293,53.32016,2,2,1,14:21,-1,W06000004,6,0,1,0,1,19,"[8, 2]",4,0,0,0,1,0,1,0,0,0,4,21
202460Q055758,2024,60Q055758,320975,342769,-3.17833,52.97642,2,2,1,19:00,-1,W06000004,3,0,1,0,2,"[14, 13]",5,1,0,0,0,1,0,1,0,0,0,4,21
202460Q055918,2024,60Q055918,318185,348430,-3.22131,53.02688,3,3,2,07:40,-1,W06000004,3,0,1,0,2,19,5,1,0,0,0,0,0,0,0,1,0,4,22
202460Q056473,2024,60Q056473,324199,363045,-3.13511,53.15911,3,3,3,08:40,-1,W06000005,6,0,1,0,1,"[14, 2]","[1, 0]","[5, 0]",0,0,0,1,0,0,0,0,1,4,23
202460Q057144,2024,60Q057144,333712,350374,-2.99024,53.0465,3,3,4,14:00,-1,W06000006,6,0,1,0,1,5,5,1,0,0,0,1,0,0,0,0,1,4,24
202460Q057831,2024,60Q057831,320408,372357,-3.19412,53.24225,3,3,5,19:15,-1,W06000005,4,0,1,0,2,19,"[1, 6]","[6, 1]",0,0,0,1,0,0,1,0,0,4,25
202460Q057988,2024,60Q057988,337017,367525,-2.94433,53.20105,2,2,6,02:30,-1,W06000005,3,2,1,1,2,19,4,8,0,0,0,1,0,0,0,0,1,4,26
202460Q059053,2024,60Q059053,234859,339635,-4.45827,52.92865,2,2,7,22:15,-1,W06000002,4,2,1,0,2,19,3,7,0,"[1, 0]","[11, 0]",1,0,0,0,0,0,4,27
202460Q059486,2024,60Q059486,329113,343679,-3.05736,52.98574,2,2,1,19:45,-1,W06000006,3,0,1,0,2,"[19, 5]","[7, 5]","[3, 1]",0,0,0,1,0,1,0,0,0,4,28
202460Q060433,2024,60Q060433,333415,350236,-2.99464,53.04523,2,2,3,18:29,-1,W06000006,6,0,1,0,1,19,3,7,0,0,0,1,0,0,0,0,1,4,30
202460Q060805,2024,60Q060805,268012,374566,-3.97976,53.25164,3,3,4,12:07,-1,W06000003,6,0,1,0,2,"[19, 5]","[5, 3]","[1, 7]",0,0,0,1,0,0,0,0,0,4,24
202460Q061251,2024,60Q061251,271161,376372,-3.93333,53.26864,2,2,5,05:44,-1,W06000003,3,0,1,0,2,19,3,7,0,1,0,0,0,0,1,0,1,5,2
202460Q061295,2024,60Q061295,247127,352113,-4.28182,53.04437,3,3,5,08:50,-1,W06000002,6,0,1,1,2,"[7, 3]","[2, 6]","[6, 2]",0,0,0,1,0,0,1,0,0,5,2
202460Q061388,2024,60Q061388,310365,351285,-3.33867,53.05128,2,2,5,12:30,-1,W06000004,3,0,1,0,2,"[19, 13]",2,6,0,0,0,1,0,1,0,0,0,5,2
202460Q061619,2024,60Q061619,305664,380326,-3.41735,53.31144,2,"[3, 2]",5,18:40,-1,W06000004,3,0,1,0,2,19,"[7, 3]","[3, 7]",0,0,0,1,0,0,0,0,0,5,2
202460Q062138,2024,60Q062138,333628,350286,-2.99148,53.0457,3,3,6,17:07,-1,W06000006,6,0,1,0,1,5,5,1,0,0,0,1,1,0,0,0,0,5,3
202460Q062267,2024,60Q062267,250730,371658,-4.23723,53.22094,2,2,6,17:15,-1,W06000001,6,0,9,0,2,19,"[6, 2]","[2, 6]",0,0,0,1,0,1,0,0,0,5,3
202460Q062501,2024,60Q062501,299001,366448,-3.51292,53.18551,3,3,7,07:52,-1,W06000003,6,0,1,1,2,19,6,2,0,1,9,1,0,0,0,0,0,5,4
202460Q062830,2024,60Q062830,334461,350083,-2.97901,53.04398,3,3,7,19:18,-1,W06000006,6,0,1,0,1,"[15, 19]",1,5,0,0,0,1,1,0,0,0,0,5,4
202460Q063189,2024,60Q063189,331982,368161,-3.01982,53.20615,2,2,1,11:53,-1,W06000005,3,0,1,0,1,19,2,6,0,0,0,1,0,1,0,0,0,5,5
202460Q063784,2024,60Q063784,268426,375295,-3.97386,53.25829,2,2,2,12:07,-1,W06000003,6,0,1,0,2,19,6,2,0,0,0,1,1,0,0,0,0,5,6
202460Q063828,2024,60Q063828,297607,376236,-3.53692,53.27319,3,3,2,13:20,-1,W06000003,3,0,1,0,2,"[11, 19]",7,3,0,"[1, 0]",0,1,0,0,1,0,0,5,6
202460Q063945,2024,60Q063945,302091,337081,-3.45775,52.92219,2,2,2,17:00,-1,W06000004,4,0,1,0,2,"[13, 19]",6,2,0,"[1, 0]","[3, 0]",1,0,0,0,0,0,5,6
202460Q064383,2024,60Q064383,257749,308361,-4.1044,52.65426,2,2,3,14:51,-1,W06000002,3,0,1,0,2,19,"[1, 5]","[5, 1]",0,"[0, 1]","[0, 11]",1,0,0,1,0,0,5,7
202460Q064480,2024,60Q064480,333658,370627,-2.99525,53.22852,3,3,3,17:20,-1,W06000005,3,0,1,0,1,"[4, 3]",5,8,0,0,0,0,0,1,1,0,0,5,7
202460Q065028,2024,60Q065028,312829,358240,-3.3038,53.11419,3,3,4,15:25,-1,W06000004,3,0,1,0,2,19,3,7,0,0,0,0,0,0,1,0,1,5,8
202460Q065723,2024,60Q065723,349216,339397,-2.75727,52.94954,2,2,5,19:15,-1,W06000006,3,0,1,0,2,19,3,7,0,1,9,0,0,1,0,0,0,5,9
202460Q066327,2024,60Q066327,279279,381122,-3.81348,53.31323,2,2,6,19:28,-1,W06000003,3,0,1,0,1,"[19, 8]","[5, 6]","[1, 2]",0,"[6, 4]","[0, 2]",1,0,0,0,0,0,5,10
202460Q066736,2024,60Q066736,300954,381341,-3.48834,53.3197,3,3,7,13:00,-1,W06000004,3,0,1,0,1,19,2,6,0,0,0,1,0,0,0,0,0,5,11
202460Q066760,2024,60Q066760,287429,369008,-3.68692,53.20618,1,1,7,14:35,-1,W06000003,3,0,1,0,2,"[19, 9]","[5, 2]","[2, 5]",0,0,0,1,0,1,0,0,0,5,11
202460Q066866,2024,60Q066866,258744,372673,-4.11774,53.23225,3,3,7,16:59,-1,W06000002,3,0,1,0,1,"[19, 9]","[4, 6]","[8, 2]",0,0,0,1,0,0,0,0,0,5,11
202460Q066918,2024,60Q066918,301339,381846,-3.48272,53.32431,3,3,7,18:29,-1,W06000004,3,0,1,0,1,19,"[5, 3]","[1, 7]",0,0,0,1,0,0,0,0,0,5,11
202460Q067136,2024,60Q067136,332521,349418,-3.00781,53.03776,3,3,7,19:00,-1,W06000006,3,0,1,0,2,19,3,7,0,0,0,0,0,1,0,0,0,5,11
202460Q067386,2024,60Q067386,327659,360524,-3.08281,53.13694,2,2,1,14:15,-1,W06000005,3,0,1,0,2,"[13, 9]",4,8,0,"[7, 0]","[11, 0]",1,0,1,0,0,0,5,12
202460Q068359,2024,60Q068359,329547,354923,-3.05336,53.08685,3,3,3,14:06,-1,W06000005,4,0,1,0,2,"[19, 9]","[7, 5]","[2, 3]",0,0,0,1,0,1,0,0,0,5,14
202460Q068512,2024,60Q068512,263436,364331,-4.04392,53.15854,3,3,3,16:34,-1,W06000002,3,0,1,0,2,"[5, 19]","[7, 1]","[3, 5]",0,0,0,1,0,0,0,0,0,5,14
202460Q068658,2024,60Q068658,318556,346773,-3.21536,53.01204,3,3,3,20:56,-1,W06000004,3,0,1,0,2,19,3,5,0,0,0,1,0,0,0,0,0,5,14
202460Q068831,2024,60Q068831,309089,343867,-3.3556,52.9844,3,3,4,08:10,-1,W06000004,4,0,1,0,2,19,3,7,0,"[1, 0]","[11, 0]",1,1,0,0,0,0,5,15
202460Q069158,2024,60Q069158,265921,340852,-3.997,52.94825,2,2,4,18:48,-1,W06000002,3,0,1,0,2,19,3,6,0,0,0,1,0,1,0,0,0,5,15
202460Q069215,2024,60Q069215,330103,346392,-3.0432,53.01025,3,3,3,11:30,-1,W06000006,4,0,1,0,1,"[6, 8]","[7, 5]",7,0,0,0,1,0,0,0,0,0,5,14
202460Q069859,2024,60Q069859,280281,377412,-3.79705,53.28012,3,3,6,04:20,-1,W06000003,6,2,1,1,1,19,3,7,0,7,9,1,0,0,0,0,0,5,17
202460Q070178,2024,60Q070178,302800,378777,-3.45985,53.297,3,3,6,16:50,-1,W06000004,3,0,1,0,2,"[19, 9]","[4, 8]","[8, 4]",0,0,0,1,0,0,0,0,0,5,17
202460Q070293,2024,60Q070293,253816,371956,-4.19118,53.22448,2,"[3, 2]",6,19:35,-1,W06000001,3,0,1,0,2,"[19, 9]","[3, 5]","[7, 3]",0,0,0,1,0,0,0,0,0,5,17
202460Q070357,2024,60Q070357,301443,381396,-3.48102,53.32028,3,3,6,20:55,-1,W06000004,4,0,1,0,1,"[2, 19, 13]","[0, 7]","[0, 3]","[4, 0]","[0, 1]",0,1,0,0,0,0,0,5,17
202460Q070581,2024,60Q070581,302252,381427,-3.46889,53.32071,3,3,6,18:30,-1,W06000004,6,0,1,0,1,"[19, 10]",3,"[7, 1]",0,0,0,1,0,0,0,0,0,5,17
202460Q070730,2024,60Q070730,323199,361502,-3.14969,53.1451,3,3,7,14:26,-1,W06000005,6,0,1,0,2,19,3,6,0,0,0,1,1,0,0,0,0,5,18
202460Q071455,2024,60Q071455,291028,340965,-3.62354,52.95496,3,3,1,15:59,-1,W06000002,4,0,1,0,2,19,"[1, 5]","[5, 1]",0,0,"[11, 0]",1,0,0,0,0,0,5,19
202460Q071804,2024,60Q071804,298939,379856,-3.5181,53.30597,3,3,2,08:40,-1,W06000003,6,0,1,0,1,19,5,1,0,0,0,1,0,0,0,0,1,5,20
202460Q072030,2024,60Q072030,318831,346673,-3.21124,53.01119,2,2,2,15:55,-1,W06000004,3,0,1,0,2,"[19, 14]",3,7,0,"[0, 1]","[0, 4]",1,0,0,0,0,0,5,20
202460Q072071,2024,60Q072071,306410,382737,-3.40687,53.33324,3,3,2,16:30,-1,W06000004,6,0,1,0,1,15,7,3,0,0,0,1,0,0,0,0,1,5,20
202460Q072583,2024,60Q072583,263928,317405,-4.01685,52.7371,2,"[3, 2]",3,16:16,-1,W06000002,3,0,1,0,2,19,7,1,0,7,10,1,0,0,0,0,0,5,21
202460Q072588,2024,60Q072588,259378,369550,-4.10687,53.20437,3,3,3,16:30,-1,W06000002,3,0,1,0,2,"[19, 5]","[6, 7]","[8, 3]",0,0,0,1,0,1,0,0,0,5,21
202460Q073211,2024,60Q073211,255981,362254,-4.1544,53.13792,3,3,4,19:00,-1,W06000002,6,0,1,0,2,"[1, 2]","[3, 0]","[7, 0]","[4, 0]",0,0,1,0,0,0,0,0,5,22
202460Q073444,2024,60Q073444,320871,371114,-3.18688,53.23115,2,"[2, 3]",5,10:35,-1,W06000005,3,0,2,1,2,"[19, 9]","[8, 4]","[4, 1]",0,"[3, 0]",0,1,0,0,0,0,0,5,23
202460Q074642,2024,60Q074642,292906,370721,-3.60552,53.22271,2,2,7,12:12,-1,W06000003,3,0,1,0,2,19,5,1,0,7,11,0,0,1,0,0,0,5,25
202460Q074837,2024,60Q074837,332723,369012,-3.00891,53.21389,3,3,7,17:40,-1,W06000005,4,0,1,0,1,"[9, 19]","[2, 6]","[6, 2]",0,0,0,1,1,0,0,0,0,5,25
202460Q076380,2024,60Q076380,331722,368139,-3.02371,53.20592,3,3,3,11:20,-1,W06000005,4,0,1,0,1,19,1,5,0,0,0,1,0,0,0,0,1,5,28
202460Q076696,2024,60Q076696,286272,378674,-3.70769,53.29278,3,3,4,05:45,-1,W06000003,6,0,1,0,1,19,1,5,0,0,0,1,1,0,0,0,0,5,29
202460Q078115,2024,60Q078115,335488,368628,-2.96743,53.21078,3,3,6,17:38,-1,W06000005,3,0,1,0,2,4,8,"[4, 6]",0,0,0,1,0,0,1,0,0,5,31
202460Q078453,2024,60Q078453,301281,380575,-3.48319,53.31288,2,2,7,09:03,-1,W06000004,6,0,1,0,1,"[7, 2]","[7, 0]","[1, 0]",0,"[7, 0]",0,1,0,0,0,0,1,6,1
202460Q078518,2024,60Q078518,333610,370800,-2.996,53.23007,2,2,7,11:27,-1,W06000005,3,0,1,0,2,"[11, 19]",4,"[8, 1]",0,0,0,1,0,0,0,0,0,6,1
202460Q078623,2024,60Q078623,275145,304640,-3.84597,52.62512,2,"[3, 2]",7,15:00,-1,W06000002,3,0,1,0,2,19,2,6,0,0,0,1,0,1,0,0,0,6,1
202460Q078628,2024,60Q078628,266168,372184,-4.00638,53.22978,3,3,7,14:40,-1,W06000002,6,0,1,0,2,"[3, 1]","[8, 4]","[4, 8]",0,0,0,1,0,0,0,0,0,6,1
202460Q078960,2024,60Q078960,257818,376488,-4.1333,53.26627,3,3,7,23:41,-1,W06000001,4,2,1,0,2,19,3,7,0,7,11,1,0,0,0,0,0,6,1
202460Q079937,2024,60Q079937,255954,369715,-4.15817,53.20493,3,3,2,13:05,-1,W06000002,3,0,1,0,2,"[3, 4]",4,8,0,"[0, 1]","[0, 7]",1,0,0,0,0,0,6,3
202460Q080241,2024,60Q080241,288038,369725,-3.67805,53.21275,3,3,3,10:20,-1,W06000003,3,0,1,1,2,"[19, 6]","[7, 5]","[3, 5]",0,"[1, 0]",0,1,0,0,0,0,0,6,4
202460Q080248,2024,60Q080248,330122,366430,-3.04729,53.19035,2,2,3,10:35,-1,W06000005,4,0,1,0,1,5,5,1,0,0,0,1,0,0,0,0,1,6,4
202460Q080308,2024,60Q080308,291977,376823,-3.62151,53.27735,3,3,3,12:17,-1,W06000003,6,0,1,1,2,19,"[7, 3]","[3, 7]",0,0,0,1,0,0,0,0,0,6,4
202460Q080441,2024,60Q080441,324565,362748,-3.12957,53.1565,3,3,3,15:20,-1,W06000005,3,0,1,0,2,7,7,1,0,0,0,1,0,0,0,0,0,6,4
202460Q080469,2024,60Q080469,332810,356692,-3.00502,53.10317,3,3,3,16:55,-1,W06000006,4,0,2,1,2,"[3, 7]",8,4,0,0,0,1,0,0,0,0,0,6,4
202460Q080828,2024,60Q080828,330965,357481,-3.03274,53.11003,3,3,4,13:04,-1,W06000005,3,0,1,0,2,19,6,2,0,0,0,0,0,0,0,1,1,6,5
202460Q081426,2024,60Q081426,278169,382336,-3.8306,53.32388,3,3,5,16:00,-1,W06000003,6,0,1,0,1,1,0,6,0,0,0,0,0,0,1,0,1,6,6
202460Q081595,2024,60Q081595,250811,384867,-4.24222,53.33961,3,3,5,08:15,-1,W06000001,3,0,9,1,2,"[10, 4]",1,5,0,0,0,1,0,0,0,0,0,6,6
202460Q082069,2024,60Q082069,272121,336018,-3.90287,52.90633,2,2,6,17:11,-1,W06000002,3,0,1,0,2,19,6,2,0,0,0,1,0,0,0,0,1,6,7
202460Q082478,2024,60Q082478,320927,372040,-3.18627,53.23948,2,2,7,11:42,-1,W06000005,3,0,1,0,2,19,7,3,0,"[1, 0]","[2, 0]",1,0,1,0,0,0,6,8
202460Q082575,2024,60Q082575,303920,381249,-3.4438,53.31942,3,3,7,15:00,-1,W06000004,4,0,1,0,2,19,"[3, 7]","[7, 3]",0,0,0,1,0,0,0,0,0,6,8
202460Q083015,2024,60Q083015,251632,369629,-4.22278,53.20297,2,2,1,10:31,-1,W06000001,3,0,2,1,2,"[9, 19, 3]","[2, 6]","[7, 1]",0,"[0, 1]",0,1,0,1,0,0,0,6,9
202460Q083133,2024,60Q083133,282025,352930,-3.76187,53.06055,3,3,1,14:41,-1,W06000003,3,0,2,1,2,19,"[3, 7]","[7, 3]",0,1,0,1,0,0,0,0,0,6,9
202460Q083203,2024,60Q083203,324014,359127,-3.13695,53.12388,3,3,1,17:10,-1,W06000005,6,0,2,1,2,19,4,8,6,0,0,1,0,0,0,0,0,6,9
202460Q083313,2024,60Q083313,331351,359409,-3.02739,53.12741,2,"[3, 2]",1,21:14,-1,W06000005,6,0,2,1,2,19,6,2,0,"[0, 7]","[0, 3]",1,0,0,0,0,0,6,9
202460Q083416,2024,60Q083416,237154,376678,-4.44294,53.26204,3,3,2,08:20,-1,W06000001,3,0,1,0,2,"[13, 19]",8,4,0,0,0,0,1,0,1,0,0,6,10
202460Q083471,2024,60Q083471,257764,363289,-4.12823,53.1477,3,3,2,10:09,-1,W06000002,6,0,1,0,2,5,3,7,0,0,0,1,0,0,0,0,1,6,10
202460Q084072,2024,60Q084072,333815,353320,-2.98931,53.07299,3,3,3,13:08,-1,W06000006,6,0,1,0,2,"[19, 3]",4,1,0,0,0,1,0,0,0,0,0,6,11
202460Q084531,2024,60Q084531,246651,388300,-4.30631,53.36925,2,2,4,10:25,-1,W06000001,3,0,1,0,2,"[19, 12]","[4, 8]","[8, 4]",0,0,0,1,0,0,0,0,0,6,12
202460Q084669,2024,60Q084669,328927,368214,-3.06557,53.20622,3,3,4,15:12,-1,W06000005,6,0,1,0,1,"[7, 19]","[4, 7]","[8, 3]",0,0,0,1,1,0,0,0,0,6,12
202460Q084725,2024,60Q084725,318705,365185,-3.2178,53.17753,3,3,4,16:21,-1,W06000005,6,0,1,0,2,"[1, 4]","[2, 6]","[6, 2]",0,0,0,0,0,1,0,1,0,6,12
202460Q085037,2024,60Q085037,289565,369899,-3.65526,53.21464,3,3,5,08:50,-1,W06000003,3,0,1,0,2,19,6,3,0,1,11,1,0,0,0,0,0,6,13
202460Q086119,2024,60Q086119,312368,358203,-3.31068,53.11378,3,3,7,08:20,-1,W06000004,6,0,1,0,2,"[13, 19]","[1, 5]","[5, 1]",0,0,0,1,1,0,0,0,0,6,15
202460Q086256,2024,60Q086256,259263,370974,-4.10922,53.21713,3,3,7,14:01,-1,W06000002,6,0,1,0,1,"[19, 10]",1,"[5, 7]",0,0,0,1,0,1,0,0,0,6,15
202460Q086759,2024,60Q086759,335672,345127,-2.95996,52.99958,2,"[3, 2]",1,12:35,-1,W06000006,3,0,1,0,2,19,"[7, 1]","[3, 5]",0,"[3, 0]",0,1,0,0,0,0,0,6,16
202460Q087135,2024,60Q087135,249290,367867,-4.25699,53.18649,3,3,2,08:37,-1,W06000001,3,0,1,0,2,19,"[3, 7]","[7, 3]",0,"[0, 1]",0,1,0,0,0,0,0,6,17
202460Q087704,2024,60Q087704,298836,380365,-3.51981,53.31053,2,2,3,07:42,-1,W06000003,3,0,1,0,1,"[10, 19]","[1, 3]","[5, 7]",0,"[1, 0]",0,1,1,0,0,0,0,6,18
202460Q088203,2024,60Q088203,283325,380554,-3.75257,53.30903,3,3,4,00:01,-1,W06000003,4,2,1,0,1,19,1,5,10,1,10,0,0,1,0,0,0,6,19
202460Q088213,2024,60Q088213,315930,380516,-3.26337,53.31488,2,2,4,00:19,-1,W06000005,6,2,1,0,2,19,8,4,0,1,11,0,0,1,0,0,0,6,19
202460Q089107,2024,60Q089107,304705,365982,-3.42745,53.18237,3,3,5,17:36,-1,W06000004,6,0,1,0,2,19,3,7,0,0,0,1,0,0,0,0,1,6,20
202460Q089135,2024,60Q089135,285100,378822,-3.72532,53.29386,3,3,5,17:05,-1,W06000003,6,0,9,0,1,19,8,4,0,0,0,1,0,0,0,0,1,6,20
202460Q089287,2024,60Q089287,331822,370946,-3.02282,53.23116,3,3,5,22:15,-1,W06000005,6,2,1,0,2,19,"[4, 1]","[1, 4]",0,0,0,1,1,0,0,0,0,6,20
202460Q089516,2024,60Q089516,333606,350470,-2.99184,53.04735,3,3,6,12:50,-1,W06000006,6,0,1,0,1,"[1, 19]",5,1,0,0,0,0,1,0,1,0,0,6,21
202460Q089558,2024,60Q089558,239285,340425,-4.39288,52.93709,2,"[2, 3]",6,13:43,-1,W06000002,3,0,1,0,2,19,"[1, 5]","[5, 1]",0,"[0, 7]",0,1,0,0,1,0,0,6,21
202460Q089761,2024,60Q089761,249011,385831,-4.26969,53.34775,2,"[3, 2]",6,19:19,-1,W06000001,3,0,1,0,2,19,5,1,0,7,9,0,0,0,0,1,0,6,21
202460Q089998,2024,60Q089998,328371,348236,-3.06942,53.0266,1,1,7,03:11,-1,W06000006,6,2,1,0,2,19,7,3,0,1,9,1,0,0,0,0,0,6,22
202460Q090329,2024,60Q090329,337098,340895,-2.93789,52.96172,3,3,7,18:24,-1,W06000006,3,0,1,0,2,19,1,5,0,"[1, 0]","[9, 0]",1,0,1,0,0,0,6,22
202460Q090330,2024,60Q090330,332026,350936,-3.01551,53.05134,2,2,7,18:30,-1,W06000006,4,0,1,0,2,"[9, 19]","[3, 8]","[1, 5]",0,0,0,1,0,1,0,0,0,6,22
202460Q090546,2024,60Q090546,311162,359281,-3.32899,53.12327,2,2,1,00:41,-1,W06000004,3,2,1,0,2,19,8,4,0,0,0,1,0,0,0,0,0,6,23
202460Q090748,2024,60Q090748,324218,373270,-3.13726,53.25101,3,3,1,13:05,-1,W06000005,6,0,1,0,1,"[5, 19]","[6, 8]","[8, 4]",0,0,0,1,1,0,0,0,0,6,23
202460Q090841,2024,60Q090841,311907,346340,-3.31432,53.0071,1,"[1, 3]",1,15:40,-1,W06000004,3,0,1,0,2,"[10, 14, 19]","[6, 2]","[2, 6]",0,"[0, 1]","[0, 4]",1,0,0,0,0,0,6,23
202460Q090928,2024,60Q090928,277584,375911,-3.8369,53.26602,3,3,1,18:15,-1,W06000003,4,0,1,0,2,"[10, 19]","[4, 1]","[1, 5]",0,0,0,1,0,0,0,0,0,6,23
202460Q091365,2024,60Q091365,295544,347995,-3.55862,53.01902,3,3,2,15:10,-1,W06000003,3,0,1,0,2,"[10, 19]","[5, 1]","[3, 5]",0,"[0, 7]",0,1,0,0,0,0,0,6,24
202460Q091398,2024,60Q091398,331684,367956,-3.02424,53.20427,1,1,2,16:04,-1,W06000005,4,0,1,0,2,"[9, 19]",1,5,0,0,0,0,0,1,1,0,0,6,24
202460Q091993,2024,60Q091993,328763,345382,-3.06295,53.001,2,2,3,15:45,-1,W06000006,4,0,1,0,1,19,"[3, 1]","[7, 5]",0,0,0,1,0,1,0,0,0,6,25
202460Q092488,2024,60Q092488,268521,375484,-3.97252,53.26002,2,"[3, 2]",4,11:34,-1,W06000003,3,0,1,0,2,19,"[7, 3]","[3, 7]",9,0,0,1,0,0,1,0,0,6,26
202460Q092526,2024,60Q092526,330648,368883,-3.03995,53.21246,2,2,4,12:25,-1,W06000005,4,0,1,0,1,19,7,3,0,0,0,1,0,0,0,0,1,6,26
202460Q092612,2024,60Q092612,323471,364578,-3.14636,53.17279,2,2,4,15:15,-1,W06000005,3,0,1,0,1,"[7, 19]",3,7,0,0,0,1,0,0,0,0,0,6,26
202460Q093019,2024,60Q093019,282721,378857,-3.761,53.29365,3,3,5,07:40,-1,W06000003,3,0,1,0,1,"[7, 19]","[1, 7]","[5, 3]",0,0,0,1,1,0,0,0,0,6,27