collision_index,collision_year,collision_ref_no,location_easting_osgr,location_northing_osgr,longitude,latitude,casualty_severity,casualty_severity,day_of_week,time,local_authority_district,local_authority_ons_district,first_road_class,light_conditions,weather_conditions,road_surface_conditions,urban_or_rural_area,vehicle_manoeuvre,vehicle_direction_from,vehicle_direction_to,hit_object_in_carriageway,vehicle_leaving_carriageway,hit_object_off_carriageway,is_car,is_cyle,is_mcyle,is_goodsv,is_other,is_pedestrian,month,day
202460Q093025,2024,60Q093025,303078,378694,-3.45566,53.29631,3,3,5,08:15,-1,W06000004,3,0,1,0,2,"[3, 9, 19]","[8, 2, 6]","[4, 6, 2]",0,0,0,1,0,0,0,0,0,6,27
202460Q093784,2024,60Q093784,236530,376925,-4.45242,53.26406,3,3,6,14:42,-1,W06000001,3,0,1,0,2,19,"[6, 8]","[2, 4]",0,0,0,1,1,0,0,0,0,6,28
202460Q094324,2024,60Q094324,248981,377599,-4.26622,53.27381,2,2,7,12:50,-1,W06000001,4,0,2,1,2,19,"[4, 2]","[2, 4]",0,"[0, 1]",0,1,0,0,0,0,0,6,29
202460Q094459,2024,60Q094459,329903,364395,-3.05012,53.17203,3,3,7,16:44,-1,W06000005,6,0,1,0,2,19,"[8, 4]","[4, 8]",0,"[0, 1]",0,1,0,0,0,0,0,6,29
202460Q094944,2024,60Q094944,333738,350106,-2.9898,53.0441,3,3,1,12:35,-1,W06000006,3,0,1,0,1,19,1,4,0,0,0,1,0,0,0,0,1,6,30
202460Q095342,2024,60Q095342,337563,346949,-2.93214,53.01618,3,3,2,07:12,-1,W06000006,4,0,1,1,2,"[9, 7]","[1, 5]",7,0,0,0,1,1,0,0,0,0,7,1
202460Q095415,2024,60Q095415,254142,339688,-4.17166,52.93472,3,3,2,10:05,-1,W06000002,3,0,1,0,2,19,"[3, 7]","[7, 3]",0,0,0,1,0,0,0,0,0,7,1
202460Q095504,2024,60Q095504,286568,378103,-3.70304,53.28772,3,3,2,13:14,-1,W06000003,4,0,9,0,1,"[19, 2]","[4, 0]","[8, 0]","[4, 0]",0,0,1,0,0,0,0,1,7,1
202460Q096115,2024,60Q096115,333059,355621,-3.00108,53.09358,2,2,3,16:56,-1,W06000006,4,0,1,0,2,1,4,8,0,0,0,1,0,0,0,0,1,7,2
202460Q096361,2024,60Q096361,302013,380491,-3.47218,53.31226,2,2,4,08:21,-1,W06000004,3,0,1,0,1,19,1,6,0,0,0,1,0,0,0,0,1,7,3
202460Q096492,2024,60Q096492,283929,379504,-3.74313,53.29973,1,"[2, 1]",4,13:06,-1,W06000003,3,0,1,0,1,19,3,7,0,7,4,1,0,0,0,0,0,7,3
202460Q096599,2024,60Q096599,316845,377605,-3.24887,53.28886,3,3,4,16:00,-1,W06000005,6,0,1,1,2,19,"[2, 6]","[6, 2]",0,0,0,1,0,0,0,0,0,7,3
202460Q096645,2024,60Q096645,311208,380152,-3.33412,53.31083,3,3,4,17:20,-1,W06000005,6,0,1,0,2,19,"[3, 1]","[7, 5]",0,0,0,1,0,0,0,0,0,7,3
202460Q096766,2024,60Q096766,244902,373867,-4.32552,53.23911,3,3,4,21:10,-1,W06000001,3,0,1,0,2,"[19, 13]",4,8,0,0,0,1,0,1,0,0,0,7,3
202460Q096985,2024,60Q096985,278063,377527,-3.83034,53.28065,2,2,5,11:49,-1,W06000003,6,0,1,0,2,1,0,1,0,0,0,1,0,0,0,0,1,7,4
202460Q096990,2024,60Q096990,302092,378084,-3.47026,53.29064,3,3,3,19:00,-1,W06000004,6,0,1,0,2,"[10, 19]","[8, 6]",2,0,0,0,1,1,0,0,0,0,7,2
202460Q097173,2024,60Q097173,260527,376054,-4.09253,53.26309,3,3,4,16:36,-1,W06000001,3,0,1,0,2,10,8,6,0,0,0,1,0,0,0,0,1,7,3
202460Q098098,2024,60Q098098,334772,364055,-2.97722,53.16959,2,2,7,10:47,-1,W06000005,6,0,2,1,2,"[7, 19]","[7, 5]",1,0,0,0,1,0,0,1,0,0,7,6
202460Q099177,2024,60Q099177,331461,366144,-3.02719,53.18795,2,2,2,11:40,-1,W06000005,3,0,1,0,1,"[19, 9]","[1, 4]","[5, 1]",0,0,0,1,0,1,0,0,0,7,8
202460Q099383,2024,60Q099383,295737,348680,-3.55597,53.02522,2,2,2,17:20,-1,W06000003,4,0,1,0,2,"[19, 10]","[4, 8]","[8, 5]",0,0,0,1,0,1,0,0,0,7,8
202460Q099644,2024,60Q099644,277957,377609,-3.83196,53.28136,3,3,3,06:44,-1,W06000003,3,0,2,1,2,19,"[6, 4]","[8, 2]",0,0,0,1,0,1,0,0,0,7,9
202460Q099672,2024,60Q099672,260738,368977,-4.08627,53.19958,3,3,3,09:05,-1,W06000002,3,0,1,1,2,"[10, 4, 19]",7,3,0,0,0,1,0,1,0,0,0,7,9
202460Q100770,2024,60Q100770,261268,315795,-4.05555,52.72196,3,3,6,19:00,-1,W06000002,3,2,1,0,2,19,4,8,0,0,0,1,0,0,0,0,1,2,2
202460Q100859,2024,60Q100859,278953,381562,-3.81854,53.31711,3,3,5,11:50,-1,W06000003,3,0,1,0,1,7,4,8,0,0,0,1,0,0,0,0,1,7,11
202460Q101898,2024,60Q101898,336724,353543,-2.94595,53.07535,3,3,7,03:45,-1,W06000006,6,2,2,1,2,19,1,5,0,8,11,1,0,0,0,0,0,7,13
202460Q102059,2024,60Q102059,225658,381446,-4.61773,53.3012,2,2,7,11:28,-1,W06000001,3,0,1,0,1,"[2, 19]","[0, 7]","[0, 3]","[0, 4]",0,0,1,0,0,0,0,0,7,13
202460Q102728,2024,60Q102728,320093,346018,-3.19227,53.00549,2,2,1,13:10,-1,W06000004,3,0,1,0,2,19,"[1, 5]","[5, 1]",0,0,0,1,0,1,0,0,0,7,14
202460Q102751,2024,60Q102751,250073,338158,-4.23144,52.91985,2,"[3, 2]",1,14:13,-1,W06000002,6,0,1,0,2,"[2, 19]","[0, 5]","[0, 1]","[0, 4]",0,0,1,0,0,0,1,0,7,14
202460Q104858,2024,60Q104858,248390,360814,-4.2671,53.12288,2,"[2, 3]",5,11:05,-1,W06000002,3,0,1,0,2,"[19, 7]",7,3,0,0,0,1,0,0,0,0,0,7,18
202460Q104866,2024,60Q104866,317280,342223,-3.23321,52.97096,2,2,5,11:52,-1,W06000004,3,0,1,0,2,"[19, 10]","[7, 3]","[3, 1]",0,0,"[11, 0]",1,0,1,0,0,0,7,18
202460Q104907,2024,60Q104907,298982,379637,-3.51739,53.30401,2,2,5,13:08,-1,W06000003,6,0,1,0,1,"[9, 13]","[7, 1]",5,0,0,0,1,0,1,0,0,0,7,18
202460Q104981,2024,60Q104981,301904,361112,-3.46785,53.1381,3,3,5,15:19,-1,W06000004,4,0,1,0,2,19,"[8, 2]","[4, 5]",0,"[0, 7]","[0, 11]",1,0,0,0,0,0,7,18
202460Q105581,2024,60Q105581,324396,373203,-3.13458,53.25043,3,3,6,14:28,-1,W06000005,6,0,1,0,1,19,8,4,0,0,0,1,0,0,0,0,1,7,19
202460Q105901,2024,60Q105901,335096,357565,-2.97106,53.1113,3,3,6,21:00,-1,W06000006,6,0,1,0,2,"[19, 5]",4,"[8, 2]",0,0,0,1,0,0,0,1,0,7,19
202460Q106296,2024,60Q106296,258430,332881,-4.10494,52.87472,2,"[2, 3]",7,13:48,-1,W06000002,3,0,2,1,2,19,1,5,0,7,2,1,0,0,0,0,0,7,20
202460Q106378,2024,60Q106378,277964,382282,-3.83365,53.32335,2,2,7,15:50,-1,W06000003,6,0,2,1,1,"[5, 19]","[0, 4]","[4, 8]",0,0,0,1,0,0,1,0,0,7,20
202460Q106841,2024,60Q106841,306625,383318,-3.40382,53.33849,3,3,7,13:00,-1,W06000004,3,0,1,1,1,19,7,3,0,0,0,1,0,0,0,0,1,7,20
202460Q106987,2024,60Q106987,327307,342840,-3.08407,52.97796,3,3,1,14:15,-1,W06000006,3,0,1,0,1,19,3,7,0,0,0,1,0,0,0,0,0,7,21
202460Q107238,2024,60Q107238,328247,347018,-3.071,53.01563,2,2,1,21:30,-1,W06000006,6,0,1,0,2,19,7,3,0,1,10,1,0,0,0,0,0,7,21
202460Q107440,2024,60Q107440,260176,376281,-4.09788,53.26504,2,2,2,10:15,-1,W06000001,4,0,1,0,2,"[3, 19]",3,7,0,0,0,1,0,0,1,0,0,7,22
202460Q108040,2024,60Q108040,330162,345443,-3.04212,53.00173,3,3,3,12:31,-1,W06000006,4,0,1,0,1,19,5,6,0,0,0,0,0,1,0,0,0,7,23
202460Q108770,2024,60Q108770,334997,364224,-2.97389,53.17114,2,2,4,15:50,-1,W06000005,6,0,2,1,2,"[15, 5]","[3, 7]","[7, 3]",0,0,0,1,0,1,0,0,0,7,24
202460Q109483,2024,60Q109483,306523,382659,-3.40515,53.33255,3,3,5,19:00,-1,W06000004,4,0,1,0,1,19,5,1,0,0,0,0,0,1,0,0,0,7,25
202460Q110098,2024,60Q110098,314902,352079,-3.27121,53.05916,3,3,6,20:20,-1,W06000004,3,0,1,0,2,19,4,8,11,0,0,0,0,1,0,0,0,7,26
202460Q110413,2024,60Q110413,292726,334875,-3.59626,52.90057,3,3,7,11:41,-1,W06000002,4,0,1,0,2,11,6,2,0,7,9,0,0,1,0,0,0,7,27
202460Q110460,2024,60Q110460,259770,375225,-4.1035,53.25545,2,2,7,13:41,-1,W06000001,3,0,1,0,2,"[19, 9]","[2, 6]","[6, 2]",0,"[7, 0]",0,1,0,1,0,0,0,7,27
202460Q111159,2024,60Q111159,329072,360975,-3.06179,53.14118,2,2,1,15:20,-1,W06000005,3,0,1,0,2,19,"[3, 7]","[7, 3]",0,"[0, 1]",0,1,0,1,0,0,0,7,28
202460Q111284,2024,60Q111284,327377,364022,-3.08781,53.16834,3,3,1,18:50,-1,W06000005,3,0,1,0,1,7,1,3,0,0,0,1,0,0,0,0,1,7,28
202460Q112200,2024,60Q112200,257991,331118,-4.11069,52.85876,2,2,3,11:47,-1,W06000002,3,0,1,0,2,4,1,5,0,0,0,0,0,1,0,0,0,7,30
202460Q112995,2024,60Q112995,334400,350634,-2.98004,53.04892,2,2,4,15:29,-1,W06000006,6,0,1,0,1,4,7,3,0,0,0,0,0,0,1,0,1,7,31
202460Q113018,2024,60Q113018,319857,377358,-3.20364,53.28711,3,3,4,15:00,-1,W06000005,3,0,1,0,1,4,3,7,0,0,0,0,0,0,1,0,1,7,31
202460Q113136,2024,60Q113136,223396,330440,-4.62362,52.84244,2,2,4,14:15,-1,W06000002,6,0,1,0,2,19,"[1, 4]","[4, 1]",0,0,0,1,1,0,0,0,0,7,31
202460Q113452,2024,60Q113452,333335,350382,-2.99587,53.04653,3,3,5,11:11,-1,W06000006,3,0,1,0,1,19,7,3,0,0,0,0,0,0,1,0,1,8,1
202460Q114182,2024,60Q114182,329217,365386,-3.0606,53.18085,3,3,6,13:58,-1,W06000005,3,0,1,0,2,19,3,7,0,0,0,1,0,0,0,0,0,8,2
202460Q114609,2024,60Q114609,283905,372229,-3.74083,53.23436,2,"[2, 3]",7,00:38,-1,W06000003,4,2,7,1,2,19,8,4,0,1,4,1,0,0,0,0,0,8,3
202460Q114738,2024,60Q114738,259022,370728,-4.11271,53.21485,3,3,7,10:15,-1,W06000002,6,0,1,0,2,19,"[3, 7]","[7, 3]",0,1,0,1,0,0,0,0,0,8,3
202460Q114784,2024,60Q114784,320499,372607,-3.19282,53.24451,2,"[2, 3]",7,11:56,-1,W06000005,3,0,1,0,2,19,3,7,0,0,0,1,0,0,0,0,0,8,3
202460Q115250,2024,60Q115250,330156,356235,-3.04455,53.09873,2,2,1,00:21,-1,W06000005,6,2,1,0,2,19,7,3,0,2,10,1,0,0,0,0,0,8,4
202460Q115486,2024,60Q115486,258123,340710,-4.11292,52.94497,2,"[3, 2]",1,12:59,-1,W06000002,3,0,1,0,2,19,"[1, 6]","[6, 1]",0,0,0,1,0,0,0,0,0,8,4
202460Q115933,2024,60Q115933,324899,365764,-3.12528,53.18365,3,3,2,15:00,-1,W06000005,6,0,1,0,2,19,"[4, 8]","[8, 4]",0,0,0,1,0,0,0,0,0,8,5
202460Q116387,2024,60Q116387,261256,339019,-4.0656,52.9306,3,3,2,21:39,-1,W06000002,3,2,2,1,2,"[15, 2]","[2, 0]","[6, 0]","[4, 0]",0,0,1,0,0,0,0,0,8,5
202460Q116579,2024,60Q116579,300922,381339,-3.48882,53.31967,2,"[3, 2]",3,11:18,-1,W06000004,6,0,1,0,1,"[2, 4]","[0, 7]","[0, 1]","[0, 4]","[0, 2]","[0, 10]",1,0,0,0,1,1,8,6
202460Q117212,2024,60Q117212,331136,368507,-3.03256,53.20915,2,"[2, 3]",4,11:04,-1,W06000005,4,0,1,0,1,19,7,3,0,0,0,1,0,0,0,0,0,8,7
202460Q118295,2024,60Q118295,299285,348891,-3.50315,53.02779,3,3,5,10:30,-1,W06000003,6,0,1,0,2,14,5,1,0,0,0,0,1,0,0,0,0,8,8
202460Q118454,2024,60Q118454,320489,338500,-3.18452,52.93798,2,2,6,15:15,-1,W06000006,6,0,1,0,2,19,1,5,0,1,4,1,0,0,0,0,0,8,9
202460Q118550,2024,60Q118550,330617,368900,-3.04042,53.21261,3,3,6,17:30,-1,W06000005,4,0,1,0,1,19,7,3,0,0,0,1,0,0,0,0,0,8,9
202460Q119171,2024,60Q119171,280704,377627,-3.79079,53.28215,3,3,7,17:30,-1,W06000003,3,0,1,0,2,19,1,5,0,0,0,1,0,0,0,0,0,8,10
202460Q119253,2024,60Q119253,302227,382128,-3.46948,53.32701,3,3,7,19:41,-1,W06000004,3,0,1,0,1,19,3,7,0,0,0,1,0,0,0,0,1,8,10
202460Q119651,2024,60Q119651,248014,344567,-4.26505,52.97684,2,2,1,11:30,-1,W06000002,3,0,1,0,2,13,1,5,0,0,0,1,0,1,0,0,0,8,11
202460Q120924,2024,60Q120924,263728,340081,-4.02929,52.94077,1,1,3,10:18,-1,W06000002,3,0,1,0,2,19,"[8, 4]","[3, 8]",0,"[0, 1]","[0, 4]",1,0,0,1,0,0,8,13
202460Q121104,2024,60Q121104,257409,371979,-4.13741,53.22566,3,3,3,15:52,-1,W06000002,6,0,5,1,1,"[19, 9]","[7, 2]","[3, 7]",0,0,0,1,0,1,0,0,0,8,13
202460Q121595,2024,60Q121595,295118,363325,-3.56998,53.15669,1,1,4,13:34,-1,W06000003,3,0,1,0,2,19,1,5,0,2,0,0,0,1,0,0,0,8,14
202460Q121682,2024,60Q121682,254695,369158,-4.17675,53.19959,2,"[2, 3]",4,15:48,-1,W06000002,3,0,1,0,2,19,3,7,10,7,11,1,0,0,0,0,0,8,14
202460Q122137,2024,60Q122137,331795,353314,-3.01946,53.07269,3,3,5,10:41,-1,W06000006,6,0,1,0,1,"[3, 5, 9]","[7, 3, 1]","[3, 7, 5]",0,"[0, 5]",0,1,0,0,0,0,0,8,15
202460Q122394,2024,60Q122394,284679,379050,-3.73171,53.29582,2,2,5,18:55,-1,W06000003,6,0,2,1,1,19,"[3, 5]","[7, 1]",0,0,0,1,1,0,0,0,0,8,15
202460Q122477,2024,60Q122477,295402,349323,-3.56117,53.03093,3,3,5,17:30,-1,W06000003,6,0,1,0,2,19,"[6, 2]","[2, 6]",0,0,0,1,0,0,0,0,0,8,15
202460Q122816,2024,60Q122816,269120,319145,-3.9407,52.75402,2,2,6,13:05,-1,W06000002,3,0,1,0,2,"[19, 9]","[3, 7]","[7, 3]",0,0,0,1,0,1,0,0,0,8,16
202460Q122953,2024,60Q122953,307819,364921,-3.38056,53.17339,3,3,6,16:42,-1,W06000004,3,0,1,0,2,"[9, 19]","[4, 8]","[8, 4]",0,0,0,1,0,0,0,0,0,8,16
202460Q123423,2024,60Q123423,324955,372422,-3.12602,53.24349,2,2,7,11:09,-1,W06000005,6,0,1,0,1,19,2,6,0,0,0,1,0,0,0,0,1,8,17
202460Q123676,2024,60Q123676,310322,356267,-3.3407,53.09605,2,2,7,18:00,-1,W06000004,4,0,1,0,2,19,5,1,0,7,4,0,0,1,0,0,0,8,17
202460Q123782,2024,60Q123782,333282,355246,-2.99767,53.09024,2,2,7,21:00,-1,W06000006,4,2,1,0,2,"[19, 13]",4,8,0,0,0,1,0,1,0,0,0,8,17
202460Q124274,2024,60Q124274,334724,363703,-2.97786,53.16642,2,"[3, 2]",1,18:30,-1,W06000005,6,0,1,0,2,19,5,8,10,1,7,1,0,0,0,0,0,8,18
202460Q124765,2024,60Q124765,299265,378168,-3.51268,53.29087,2,2,2,18:03,-1,W06000003,6,0,1,1,2,19,1,5,0,0,0,1,0,0,0,0,1,8,19
202460Q125292,2024,60Q125292,257892,371742,-4.13008,53.22366,3,3,3,16:00,-1,W06000002,6,0,1,0,1,"[19, 3]",1,5,0,0,0,0,1,1,0,0,0,8,20
202460Q125681,2024,60Q125681,327452,362391,-3.08632,53.15369,3,3,4,11:02,-1,W06000005,3,0,1,0,2,"[19, 8]","[7, 3, 1]","[3, 7, 5]",0,"[1, 0]",0,1,0,0,0,0,0,8,21
202460Q125791,2024,60Q125791,254187,370960,-4.18517,53.21563,3,3,4,13:48,-1,W06000001,3,0,4,0,3,19,1,5,0,0,0,1,0,0,1,0,0,8,21
202460Q126146,2024,60Q126146,296989,348686,-3.53731,53.02551,2,2,5,00:09,-1,W06000003,4,2,5,1,2,19,3,7,0,1,4,1,0,0,0,0,0,8,22
202460Q126940,2024,60Q126940,325111,341951,-3.11656,52.96966,3,3,6,12:38,-1,W06000004,3,0,1,0,2,"[8, 19]","[5, 3]",7,0,0,0,1,0,0,0,0,0,8,23
202460Q126958,2024,60Q126958,263394,317140,-4.02465,52.73459,1,"[2, 1]",6,13:14,-1,W06000002,3,0,1,0,2,"[13, 19]","[2, 6]","[6, 2]",0,0,0,1,0,0,0,0,0,8,23
202460Q127659,2024,60Q127659,327034,342312,-3.08801,52.97317,3,3,7,14:30,-1,W06000006,6,0,1,0,1,19,2,6,0,0,0,1,0,0,0,0,1,8,24
202460Q128119,2024,60Q128119,332912,349600,-3.00201,53.03945,3,3,1,11:17,-1,W06000006,3,0,1,0,1,"[14, 5]",3,7,0,"[8, 0]","[11, 0]",1,0,1,0,0,0,8,25
202460Q128527,2024,60Q128527,261476,367793,-4.07472,53.18914,3,3,2,00:36,-1,W06000002,6,2,1,0,2,19,4,1,0,0,0,0,0,1,0,0,0,8,26
202460Q128690,2024,60Q128690,324269,362921,-3.13404,53.15801,3,3,2,12:00,-1,W06000005,4,0,1,0,1,"[19, 9]","[4, 6]","[8, 3]",0,0,0,1,0,0,0,0,0,8,26
202460Q128918,2024,60Q128918,327680,353214,-3.08084,53.07124,3,3,2,19:25,-1,W06000006,6,0,1,0,2,19,5,2,0,0,0,1,0,0,0,0,1,8,26
202460Q129263,2024,60Q129263,279448,377529,-3.80958,53.28099,3,3,3,14:45,-1,W06000003,3,0,4,0,2,"[19, 4]",3,7,0,0,0,1,0,0,0,0,0,8,27
202460Q129380,2024,60Q129380,327767,366254,-3.08249,53.18845,2,2,3,18:19,-1,W06000005,3,0,1,1,2,19,3,7,0,0,0,1,0,0,0,0,0,8,27
202460Q129482,2024,60Q129482,279803,377854,-3.80438,53.28399,2,2,3,20:20,-1,W06000003,3,0,1,0,1,"[5, 19]",7,3,0,0,0,1,0,1,0,0,0,8,27
202460Q129825,2024,60Q129825,260479,375966,-4.09321,53.26229,1,"[1, 3]",4,14:44,-1,W06000001,6,0,1,0,2,19,8,4,0,1,11,1,0,0,0,0,1,8,28
202460Q130012,2024,60Q130012,333900,350331,-2.98743,53.04614,3,3,4,18:20,-1,W06000006,6,0,1,0,1,19,4,8,0,0,0,0,0,0,0,0,1,8,28
202460Q131101,2024,60Q131101,300404,381147,-3.49653,53.31785,2,2,6,17:29,-1,W06000004,6,0,1,0,1,"[2, 19]","[0, 4]","[0, 8]","[0, 4]",0,0,1,0,0,0,1,0,8,30
202460Q131972,2024,60Q131972,245035,391468,-4.33213,53.39723,3,3,7,22:27,-1,W06000001,3,2,1,0,2,"[9, 13]",5,"[3, 1]",0,7,11,1,0,0,0,0,0,8,31
202460Q132175,2024,60Q132175,265073,352285,-4.01439,53.05075,2,2,1,09:10,-1,W06000002,3,0,1,1,2,"[7, 19]","[7, 1]","[3, 5]",0,0,0,1,1,0,0,0,0,9,1
202460Q132374,2024,60Q132374,278114,383762,-3.83197,53.33668,3,3,1,16:50,-1,W06000003,6,0,1,0,2,4,6,2,10,7,0,0,0,1,0,0,0,9,1
202460Q133612,2024,60Q133612,258064,371954,-4.1276,53.22561,2,2,2,14:32,-1,W06000002,6,0,1,0,1,"[9, 13]",1,5,0,0,0,0,1,0,0,1,0,9,2
202460Q133642,2024,60Q133642,308113,380132,-3.38055,53.31013,3,3,4,00:01,-1,W06000005,6,2,2,1,2,19,5,1,0,7,3,1,0,0,0,0,0,9,4
202460Q136135,2024,60Q136135,292915,372239,-3.6059,53.23635,2,2,1,11:44,-1,W06000003,3,0,2,1,2,19,1,5,0,7,10,1,0,0,0,0,0,9,8
202460Q137160,2024,60Q137160,321198,366444,-3.18082,53.18922,1,1,3,14:00,-1,W06000005,3,0,2,1,2,"[8, 9, 19]","[1, 4, 2]","[4, 1, 6]",0,0,0,1,0,1,0,0,0,9,10
202460Q137522,2024,60Q137522,320502,372601,-3.19277,53.24445,3,3,4,08:24,-1,W06000005,4,0,2,1,2,19,"[6, 8]","[2, 4]",0,"[3, 0]","[1, 0]",1,0,0,0,0,0,9,11
202460Q137553,2024,60Q137553,247971,362695,-4.27425,53.13966,3,3,4,10:03,-1,W06000002,6,0,1,0,2,1,3,7,0,0,0,1,0,0,0,0,1,9,11
202460Q137731,2024,60Q137731,332988,350529,-3.00107,53.04781,2,2,4,16:15,-1,W06000006,3,0,4,1,1,12,3,7,0,0,0,1,0,0,0,0,1,9,11
202460Q137770,2024,60Q137770,330787,367874,-3.03765,53.20341,2,2,4,17:30,-1,W06000005,6,0,1,0,1,19,4,8,0,0,0,0,0,1,0,0,1,9,11
202460Q137867,2024,60Q137867,244381,354062,-4.32369,53.06108,2,"[2, 3]",4,20:13,-1,W06000002,3,2,1,0,2,"[19, 9]","[2, 6]","[6, 3]",0,0,0,1,0,0,0,0,0,9,11
202460Q138026,2024,60Q138026,336258,342523,-2.95072,52.97625,3,3,5,08:40,-1,W06000006,3,0,2,1,2,19,7,4,0,1,11,1,0,0,0,0,0,9,12
202460Q139402,2024,60Q139402,319386,347763,-3.20324,53.02107,2,2,7,16:10,-1,W06000004,3,0,1,0,2,19,5,1,12,0,0,0,0,1,0,0,0,9,14
202460Q139662,2024,60Q139662,232906,339582,-4.48727,52.92757,2,"[3, 2]",7,22:10,-1,W06000002,6,2,1,0,2,19,7,3,0,1,9,1,0,0,0,0,0,9,14
202460Q139980,2024,60Q139980,311049,360114,-3.33091,53.13074,2,"[2, 3]",1,17:05,-1,W06000004,3,0,2,1,2,"[19, 10]","[5, 1]","[1, 5]",0,0,0,1,0,0,0,0,0,9,15
202460Q140028,2024,60Q140028,310825,349073,-3.33119,53.03148,3,3,1,17:25,-1,W06000004,6,0,2,1,2,19,1,5,0,0,0,1,0,0,0,0,1,9,15
202460Q140213,2024,60Q140213,306408,374783,-3.40456,53.26176,3,3,2,08:40,-1,W06000004,3,0,1,1,2,4,3,"[6, 7]",0,0,0,1,0,0,0,0,0,9,16
202460Q140474,2024,60Q140474,336107,355401,-2.95552,53.09198,3,3,2,16:40,-1,W06000006,4,0,1,0,2,19,5,1,0,0,0,1,1,0,0,0,0,9,16
202460Q140895,2024,60Q140895,323863,370477,-3.14191,53.22586,3,3,3,12:15,-1,W06000005,3,0,1,0,2,19,1,5,0,7,11,1,0,0,0,0,0,9,17
202460Q141072,2024,60Q141072,325421,362586,-3.11673,53.15516,2,2,3,17:40,-1,W06000005,3,0,1,0,2,"[9, 19]","[4, 8]","[8, 4]",0,0,0,1,0,0,0,0,0,9,17
202460Q141084,2024,60Q141084,238946,375473,-4.41549,53.25176,3,3,3,17:55,-1,W06000001,6,0,1,0,2,19,5,1,0,0,0,1,0,0,0,0,1,9,17
202460Q141345,2024,60Q141345,331767,362590,-3.02185,53.15605,3,3,4,07:16,-1,W06000005,6,0,1,0,2,"[9, 19]",5,"[3, 7]",0,0,0,1,0,0,0,0,0,9,18
202460Q141543,2024,60Q141543,230565,331181,-4.51768,52.85139,2,2,4,15:25,-1,W06000002,4,0,1,0,2,19,7,3,0,0,0,1,0,0,0,0,1,9,18
202460Q142681,2024,60Q142681,327874,364311,-3.08045,53.171,2,2,6,16:23,-1,W06000005,4,0,1,0,1,3,5,1,0,0,0,1,0,0,0,0,1,9,20
202460Q143074,2024,60Q143074,269567,345868,-3.94479,52.99421,3,3,7,10:52,-1,W06000002,3,0,1,0,2,3,6,1,0,1,11,1,0,0,0,0,1,9,21
202460Q143800,2024,60Q143800,248329,343602,-4.25991,52.96826,1,"[1, 3]",1,14:33,-1,W06000002,3,0,8,1,2,"[9, 19]","[8, 4]","[6, 8]",0,0,0,1,0,0,0,0,0,9,22
202460Q144235,2024,60Q144235,228682,379702,-4.57145,53.28652,2,"[3, 2]",2,14:08,-1,W06000001,3,0,1,0,2,19,"[8, 4]","[4, 8]",0,0,0,1,0,0,1,0,0,9,23
202460Q144305,2024,60Q144305,302273,382245,-3.46882,53.32807,3,3,2,15:54,-1,W06000004,6,0,2,1,1,19,"[7, 1]","[3, 5]",0,0,0,1,0,0,0,0,0,9,23
202460Q144407,2024,60Q144407,321035,342431,-3.17736,52.97339,3,3,2,16:30,-1,W06000004,3,0,1,0,2,19,7,3,0,0,0,1,0,0,0,0,1,9,23
202460Q144515,2024,60Q144515,278034,382758,-3.83278,53.32764,3,3,5,11:25,-1,W06000003,6,0,1,0,1,"[2, 19]","[0, 3]","[0, 7]",0,0,0,1,0,0,0,0,0,9,19
202460Q144700,2024,60Q144700,300384,381379,-3.4969,53.31993,3,3,3,12:05,-1,W06000004,4,0,1,0,1,"[19, 5]",3,7,0,0,0,1,0,0,0,0,0,9,24
202460Q144868,2024,60Q144868,328192,366435,-3.07617,53.19014,2,2,3,16:44,-1,W06000005,3,0,1,0,2,"[19, 3]",3,7,0,0,0,1,0,1,0,0,0,9,24
202460Q145684,2024,60Q145684,305677,378694,-3.41667,53.29678,3,3,5,11:30,-1,W06000004,6,0,2,1,1,"[5, 13]",1,5,"[0, 4]","[1, 0]","[11, 0]",1,0,0,0,0,0,9,26
202460Q146274,2024,60Q146274,335345,352184,-2.96625,53.06297,3,3,6,15:19,-1,W06000006,3,0,1,1,1,19,"[3, 1]","[7, 5]",0,0,0,1,1,0,0,0,0,9,27
202460Q146343,2024,60Q146343,329525,354345,-3.05356,53.08166,3,3,6,16:49,-1,W06000006,4,0,1,1,2,19,"[5, 1]","[1, 5]",0,0,0,1,0,0,0,0,0,9,27
202460Q146429,2024,60Q146429,337109,340900,-2.93773,52.96176,2,2,6,18:46,-1,W06000006,3,0,1,1,2,19,1,6,10,1,4,1,0,0,0,0,0,9,27
202460Q147758,2024,60Q147758,248239,362384,-4.2701,53.13694,3,3,1,16:00,-1,W06000002,3,0,1,1,2,"[19, 10]",3,"[7, 2]",0,0,0,1,0,0,0,0,0,9,29
202460Q148242,2024,60Q148242,334481,364094,-2.98158,53.16991,3,3,3,05:57,-1,W06000005,3,2,1,1,2,"[10, 19]","[7, 5]","[3, 1]",0,0,0,1,0,0,0,0,0,10,1
202460Q148363,2024,60Q148363,303860,382521,-3.44509,53.33084,2,2,3,13:10,-1,W06000004,3,0,1,0,1,19,7,3,0,0,0,1,0,0,0,0,1,10,1
202460Q149039,2024,60Q149039,330571,351598,-3.03735,53.0571,3,3,4,16:50,-1,W06000006,4,0,1,0,1,"[15, 9]","[5, 7]","[1, 3]",0,0,0,1,0,1,0,0,0,10,2
202460Q149153,2024,60Q149153,332359,351264,-3.01061,53.05433,3,3,4,16:45,-1,W06000006,3,0,1,0,2,"[3, 19]",4,8,0,0,0,1,0,0,0,0,0,10,2
202460Q149566,2024,60Q149566,303820,371617,-3.44238,53.23285,3,3,5,18:00,-1,W06000004,4,0,1,0,2,19,"[8, 4]","[4, 8]",0,"[0, 1]","[0, 9]",1,0,1,0,0,0,10,3
202460Q150464,2024,60Q150464,329604,363021,-3.05429,53.15964,3,3,7,09:58,-1,W06000005,6,0,1,0,1,19,5,1,0,0,0,1,1,0,0,0,0,10,5
202460Q150475,2024,60Q150475,333738,349752,-2.98973,53.04092,3,3,7,12:30,-1,W06000006,3,0,1,0,1,10,4,8,0,0,0,1,0,0,0,0,0,10,5