collision_index,collision_year,collision_ref_no,location_easting_osgr,location_northing_osgr,longitude,latitude,casualty_severity,casualty_severity,day_of_week,time,local_authority_district,local_authority_ons_district,first_road_class,light_conditions,weather_conditions,road_surface_conditions,urban_or_rural_area,vehicle_manoeuvre,vehicle_direction_from,vehicle_direction_to,hit_object_in_carriageway,vehicle_leaving_carriageway,hit_object_off_carriageway,is_car,is_cyle,is_mcyle,is_goodsv,is_other,is_pedestrian,month,day
2024610003724,2024,610003724,329107,184968,-3.02403,51.55912,3,3,5,14:56,-1,W06000022,6,0,1,0,2,19,7,3,0,0,0,1,0,1,0,0,0,1,25
2024610003824,2024,610003824,332093,187953,-2.98154,51.58632,3,3,5,17:30,-1,W06000022,6,2,1,1,1,"[9, 19]","[8, 6]","[5, 2]",0,0,0,1,0,0,0,1,0,1,25
2024610003924,2024,610003924,338228,190844,-2.89351,51.61302,3,3,4,08:55,-1,W06000022,6,0,1,0,1,19,"[3, 7]","[7, 3]",0,0,0,1,0,0,0,0,0,1,24
2024610004024,2024,610004024,324420,189934,-3.09269,51.60315,3,3,5,17:35,-1,W06000018,4,2,1,1,1,19,4,8,0,0,0,1,0,0,0,0,1,1,25
2024610004124,2024,610004124,329083,196025,-3.02661,51.65852,3,3,6,11:14,-1,W06000020,6,0,1,0,1,19,"[5, 0]","[1, 0]","[4, 0]",0,0,1,0,0,0,1,0,1,26
2024610004224,2024,610004224,330725,193289,-3.00234,51.63413,2,2,6,12:30,-1,W06000020,6,0,1,0,1,"[11, 19]","[8, 5]",1,0,0,0,1,0,1,0,0,0,1,26
2024610004324,2024,610004324,316335,197545,-3.21123,51.67042,3,3,6,14:50,-1,W06000018,6,0,1,0,1,19,"[3, 1]","[7, 5]",0,0,0,1,0,0,0,0,0,1,26
2024610004424,2024,610004424,332164,188625,-2.98064,51.59237,3,3,6,19:05,-1,W06000022,6,2,1,0,1,19,"[6, 8]",3,0,0,0,1,0,0,0,0,0,1,26
2024610004524,2024,610004524,332603,216274,-2.97966,51.84098,2,"[2, 3]",1,12:32,-1,W06000021,4,0,1,0,2,19,"[3, 6]","[6, 3]",0,"[1, 0]",0,1,0,0,0,0,0,1,28
2024610004624,2024,610004624,333994,186532,-2.95384,51.57377,3,3,1,14:00,-1,W06000022,6,0,8,0,1,"[3, 19]","[3, 1]","[7, 5]",0,0,0,1,0,1,0,0,0,1,28
2024610004724,2024,610004724,316616,188675,-3.20505,51.59073,2,2,2,18:46,-1,W06000018,6,2,1,1,1,19,1,0,0,0,0,1,0,0,0,0,1,1,29
2024610004824,2024,610004824,330027,198531,-3.01347,51.68116,3,3,2,19:30,-1,W06000020,3,2,8,1,2,19,"[1, 4]","[5, 8]",0,0,0,1,0,0,0,0,0,1,29
2024610004924,2024,610004924,327465,184793,-3.04767,51.55734,1,"[1, 3, 2]",2,21:00,-1,W06000022,1,2,1,1,2,11,7,3,0,0,0,1,0,0,0,0,0,1,29
2024610005024,2024,610005024,329713,184984,-3.01529,51.55934,3,3,3,08:30,-1,W06000022,6,0,1,0,1,5,2,6,0,0,0,1,0,0,0,0,1,1,30
2024610005124,2024,610005124,327212,184596,-3.05128,51.55553,3,3,3,09:40,-1,W06000022,1,0,1,0,2,4,2,6,0,0,0,1,0,0,0,0,0,1,30
2024610005224,2024,610005224,330884,193018,-2.99999,51.63171,3,3,5,17:30,-1,W06000020,3,2,1,0,2,"[19, 4]",5,1,0,0,0,1,0,0,0,0,0,2,1
2024610005324,2024,610005324,315146,188895,-3.22632,51.59249,3,3,6,16:15,-1,W06000018,3,0,2,1,1,3,5,1,0,3,4,1,0,0,0,0,0,2,2
2024610005424,2024,610005424,334429,188617,-2.94795,51.59257,3,3,7,18:13,-1,W06000022,4,2,1,1,1,"[19, 9]","[2, 6]","[6, 4]",0,0,0,1,0,1,0,0,0,2,3
2024610005524,2024,610005524,314268,194370,-3.24033,51.64157,3,3,1,17:30,-1,W06000018,3,0,1,0,1,19,8,4,0,0,0,1,0,0,0,0,1,2,4
2024610005724,2024,610005724,313585,196819,-3.2508,51.66348,3,3,3,16:30,-1,W06000018,6,0,2,1,1,19,1,5,0,0,0,1,0,0,0,0,1,2,6
2024610005824,2024,610005824,330657,195914,-3.00384,51.65772,3,3,4,12:56,-1,W06000020,6,0,1,0,1,"[19, 9]","[6, 8]","[2, 6]",0,0,0,1,0,1,0,0,0,2,7
2024610005924,2024,610005924,332947,187152,-2.96906,51.57922,3,3,5,07:30,-1,W06000022,6,0,1,0,1,9,4,2,0,0,0,1,0,0,0,0,1,2,8
2024610006024,2024,610006024,316779,212332,-3.20835,51.80341,3,3,6,14:02,-1,W06000019,6,0,1,1,1,"[19, 2]","[2, 0]","[4, 0]","[4, 0]",0,0,1,0,0,0,0,0,2,9
2024610006124,2024,610006124,328101,187632,-3.03908,51.58294,3,3,6,18:09,-1,W06000022,6,2,1,1,1,"[7, 9]","[5, 7]","[7, 5]",0,0,0,1,0,0,0,0,0,2,9
2024610006224,2024,610006224,315494,201787,-3.22441,51.70843,3,3,7,11:25,-1,W06000018,3,0,1,0,2,"[19, 9]","[8, 2]","[4, 8]",0,0,0,1,0,0,0,0,0,2,10
2024610006324,2024,610006324,321358,198463,-3.13882,51.6794,2,2,2,15:01,-1,W06000018,3,0,1,1,1,"[5, 19]","[5, 3]","[1, 7]",0,0,0,1,0,1,0,0,0,2,12
2024610006424,2024,610006424,317793,197285,-3.19009,51.6683,3,3,4,18:14,-1,W06000018,3,2,1,0,1,"[19, 2]","[1, 0]","[4, 0]",0,0,0,1,0,0,0,0,0,2,14
2024610006524,2024,610006524,317447,188563,-3.19303,51.58985,2,2,6,19:30,-1,W06000018,6,0,1,0,1,19,7,3,0,0,0,1,0,0,0,0,1,2,16
2024610006624,2024,610006624,352659,193090,-2.68542,51.63461,3,3,2,12:30,-1,W06000021,3,0,1,0,2,3,5,1,0,0,0,1,0,0,0,0,0,2,19
2024610006724,2024,610006724,327967,194041,-3.04233,51.64054,2,"[3, 2]",3,18:32,-1,W06000020,6,2,1,1,1,"[9, 19]","[7, 5]","[5, 1]",0,0,0,1,0,1,0,0,0,2,20
2024610006824,2024,610006824,323115,191404,-3.11186,51.61619,3,3,5,13:23,-1,W06000018,6,0,2,1,1,19,7,3,0,0,0,1,0,1,0,0,0,2,22
2024610006924,2024,610006924,336103,189660,-2.92398,51.60214,3,3,4,08:00,-1,W06000022,6,0,2,1,2,19,3,7,0,0,0,1,0,0,0,0,0,2,21
2024610007024,2024,610007024,315434,196997,-3.22412,51.66536,1,1,5,13:05,-1,W06000018,4,0,3,1,1,19,1,4,0,0,0,1,0,0,0,0,1,2,22
2024610007124,2024,610007124,329821,187078,-3.01415,51.57818,3,3,5,13:20,-1,W06000022,6,0,2,1,1,19,"[5, 7]","[1, 3]",0,0,0,1,0,0,0,0,0,2,22
2024610007224,2024,610007224,331564,186905,-2.98897,51.57684,3,3,5,17:01,-1,W06000022,6,0,1,0,1,"[4, 19]","[1, 7]","[5, 3]",0,0,0,1,1,0,0,0,0,2,22
2024610007324,2024,610007324,321848,198623,-3.13177,51.68091,2,2,6,13:15,-1,W06000018,3,0,1,0,1,"[13, 19]","[3, 7]","[7, 3]",0,0,"[11, 0]",1,0,0,0,0,0,2,23
2024610007424,2024,610007424,334824,186435,-2.94184,51.573,3,3,1,12:30,-1,W06000022,3,0,9,1,2,19,7,3,0,0,0,1,0,0,0,0,0,2,25
2024610007524,2024,610007524,321356,196680,-3.13844,51.66338,2,"[3, 2]",3,04:55,-1,W06000018,3,2,2,1,1,19,"[6, 1]","[1, 6]",0,0,0,1,0,0,0,0,0,2,27
2024610007624,2024,610007624,334415,189771,-2.94837,51.60294,2,2,3,14:38,-1,W06000022,4,0,1,0,2,19,"[2, 8]","[8, 2]",0,"[0, 7]","[0, 11]",1,0,1,0,0,0,2,27
2024610007724,2024,610007724,316278,187530,-3.20965,51.58039,2,2,4,14:38,-1,W06000018,6,0,1,0,1,"[19, 9]","[8, 6]","[5, 4]",0,0,0,1,0,0,0,0,0,2,28
2024610007824,2024,610007824,326050,203471,-3.07203,51.72506,3,3,3,19:35,-1,W06000020,4,2,1,1,2,9,8,5,0,0,11,1,0,0,0,0,0,2,20
2024610007924,2024,610007924,314181,195279,-3.24181,51.64973,3,3,6,16:26,-1,W06000018,6,0,2,1,2,"[19, 7]","[8, 2]",4,0,0,0,1,0,0,0,0,0,3,1
2024610008024,2024,610008024,320476,196762,-3.15118,51.66399,3,3,6,20:50,-1,W06000018,6,2,1,1,1,"[5, 2]","[5, 7]","[1, 3]","[4, 0]",0,"[0, 11]",1,0,0,0,0,0,3,1
2024610008124,2024,610008124,340091,189012,-2.86629,51.59675,3,3,7,20:45,-1,W06000022,4,2,2,1,2,19,"[4, 8]","[8, 4]",0,"[7, 1]",0,1,0,0,0,0,0,3,2
2024610008224,2024,610008224,332105,187946,-2.98136,51.58626,3,3,1,11:55,-1,W06000022,4,0,1,0,1,"[9, 19]","[6, 2]","[4, 6]",0,0,0,1,0,0,0,0,0,3,3
2024610008324,2024,610008324,328877,190437,-3.02845,51.60826,2,2,1,16:40,-1,W06000022,6,0,1,0,1,"[19, 9]","[2, 4]","[6, 1]",0,0,0,1,0,1,0,0,0,3,3
2024610008424,2024,610008424,331365,187477,-2.99195,51.58195,2,2,3,12:10,-1,W06000022,6,0,1,0,1,7,8,2,0,0,0,0,0,0,1,0,1,3,5
2024610008524,2024,610008524,314913,199548,-3.23227,51.68822,3,3,3,13:12,-1,W06000018,6,0,1,0,1,19,"[7, 1]","[3, 5]",0,0,0,1,0,0,0,0,0,3,5
2024610008624,2024,610008624,327174,186954,-3.05232,51.57673,3,3,5,08:15,-1,W06000022,3,0,1,0,1,19,3,7,0,0,0,1,0,0,0,0,1,3,7
2024610008724,2024,610008724,351870,196409,-2.69728,51.66439,3,3,7,14:28,-1,W06000021,3,0,8,1,2,"[7, 19]","[7, 5]",1,0,0,0,1,1,0,0,0,0,3,9
2024610008824,2024,610008824,332011,188999,-2.98292,51.59572,3,3,1,14:54,-1,W06000022,4,0,1,0,1,"[19, 9]","[5, 1]","[1, 7]",0,0,0,1,0,1,0,0,0,3,10
2024610008924,2024,610008924,341977,208113,-2.84225,51.76867,3,3,6,08:23,-1,W06000021,3,0,2,1,2,"[9, 19]","[4, 6]",2,"[10, 0]","[1, 0]","[11, 0]",1,0,0,0,0,0,3,15
2024610009024,2024,610009024,314298,187319,-3.23817,51.57819,2,2,6,11:07,-1,W06000018,6,0,1,0,1,1,1,3,0,0,0,1,0,0,0,0,1,3,15
2024610009124,2024,610009124,334450,185335,-2.94703,51.56307,2,"[3, 2]",7,00:01,-1,W06000022,6,2,2,1,2,"[19, 9]","[5, 7]","[1, 5]",0,0,0,1,0,0,0,0,0,3,16
2024610009224,2024,610009224,329426,197012,-3.02185,51.66743,2,"[3, 2]",7,17:50,-1,W06000020,3,2,2,1,1,19,"[1, 2]","[5, 6]",0,0,0,1,0,0,0,0,0,3,16
2024610009324,2024,610009324,329849,186097,-3.01355,51.56936,3,3,5,17:00,-1,W06000022,6,0,1,1,1,"[19, 1]",9,9,0,0,0,1,0,1,0,0,0,3,14
2024610009424,2024,610009424,328836,193852,-3.02974,51.63895,3,3,3,15:30,-1,W06000020,6,0,1,0,2,"[19, 9]","[8, 6]",4,"[10, 0]","[1, 0]","[2, 0]",1,0,0,0,0,0,3,19
2024610009524,2024,610009524,338918,193798,-2.88406,51.63965,1,"[3, 1]",4,22:18,-1,W06000022,6,2,1,0,2,19,"[8, 6]","[6, 8]",0,"[1, 0]",0,1,0,0,0,0,0,3,20
2024610009624,2024,610009624,314025,188071,-3.24229,51.58491,3,3,5,11:53,-1,W06000018,4,0,1,0,1,9,7,5,0,0,0,1,0,0,0,0,0,3,21
2024610009724,2024,610009724,315126,187139,-3.22618,51.5767,3,3,5,14:22,-1,W06000018,4,0,1,0,1,"[19, 7]","[2, 5]",6,0,"[0, 7]",0,1,0,0,0,0,0,3,21
2024610009824,2024,610009824,326979,203234,-3.05853,51.72305,2,2,6,09:30,-1,W06000020,6,0,1,0,1,9,3,1,0,0,0,1,0,0,0,0,1,3,22
2024610009924,2024,610009924,315824,197695,-3.21865,51.6717,3,3,6,19:19,-1,W06000018,3,2,1,0,1,"[19, 5]","[5, 3]","[1, 7]",0,0,0,1,0,0,0,0,0,3,22
2024610010024,2024,610010024,330769,195160,-3.00207,51.65095,3,3,6,15:24,-1,W06000020,6,0,1,0,2,19,8,4,0,0,0,1,0,0,0,0,0,3,22
2024610010124,2024,610010124,313215,207727,-3.25887,51.76148,3,3,1,10:35,-1,W06000019,4,0,1,0,2,19,6,3,0,1,0,1,0,0,0,0,0,3,24
2024610010224,2024,610010224,342797,208283,-2.8304,51.77028,3,3,2,02:25,-1,W06000021,3,2,2,1,2,19,6,2,0,0,7,1,0,0,0,0,0,3,25
2024610010324,2024,610010324,326955,188078,-3.05571,51.5868,3,3,2,08:35,-1,W06000022,3,0,8,1,1,"[12, 3]",4,8,0,0,0,1,0,0,0,0,0,3,25
2024610010424,2024,610010424,331072,216172,-3.00186,51.83988,3,3,5,12:12,-1,W06000021,6,0,2,1,1,"[7, 19]",5,"[7, 1]",0,0,0,1,0,0,0,0,0,3,28
2024610010624,2024,610010624,329497,190737,-3.01956,51.61103,3,3,4,08:30,-1,W06000022,6,0,1,0,1,19,4,8,0,0,0,1,0,0,0,0,1,5,8
2024610010724,2024,610010724,313975,188243,-3.24306,51.58645,3,3,2,15:50,-1,W06000018,6,0,1,0,1,"[19, 2]","[6, 0]","[2, 0]","[4, 0]",0,0,1,0,0,0,0,0,4,1
2024610010924,2024,610010924,329870,185632,-3.01315,51.56518,2,2,3,19:16,-1,W06000022,3,2,2,1,2,19,2,7,0,1,7,1,0,0,0,0,0,4,2
2024610011024,2024,610011024,333008,188152,-2.96837,51.58822,2,2,5,22:15,-1,W06000022,4,2,1,0,1,"[19, 9]","[3, 7]","[7, 5]",0,0,0,1,0,1,0,0,0,4,11
2024610011124,2024,610011124,350800,213411,-2.71516,51.81715,3,3,2,16:00,-1,W06000021,6,0,1,0,1,4,8,4,0,0,0,1,0,0,0,0,1,4,8
2024610011224,2024,610011224,314730,210135,-3.23752,51.78335,2,2,4,20:04,-1,W06000019,3,0,1,0,1,"[19, 7]","[2, 4]",6,0,0,0,1,0,0,0,0,0,4,3
2024610011324,2024,610011324,327810,188386,-3.04344,51.58968,3,3,4,16:56,-1,W06000022,4,0,1,0,1,"[9, 7]","[4, 8]",2,0,0,0,1,0,0,0,0,0,4,3
2024610011424,2024,610011424,314038,200601,-3.24519,51.69755,2,2,6,04:00,-1,W06000018,6,2,1,0,2,19,6,2,0,0,0,1,0,0,0,0,0,4,5
2024610011524,2024,610011524,327386,196978,-3.05134,51.66687,2,2,6,18:57,-1,W06000020,6,0,2,1,1,19,"[5, 1]","[1, 5]",0,0,0,1,0,1,0,0,0,4,5
2024610011624,2024,610011624,331400,187410,-2.99143,51.58136,3,3,3,23:44,-1,W06000022,6,2,1,0,1,"[7, 19]",1,"[3, 5]",0,0,0,1,1,0,0,0,0,4,9
2024610011724,2024,610011724,339246,198828,-2.8802,51.68491,2,2,4,09:45,-1,W06000021,6,0,2,1,2,19,"[8, 5]","[5, 8]",0,0,0,1,0,0,0,0,0,4,10
2024610011824,2024,610011824,324868,208950,-3.09033,51.77416,3,3,3,09:04,-1,W06000020,6,0,1,0,2,1,1,4,0,0,4,1,0,0,0,0,0,4,9
2024610011924,2024,610011924,328802,192044,-3.02986,51.62269,3,3,4,17:35,-1,W06000020,6,0,1,0,2,"[13, 9]",3,"[7, 1]",0,0,0,1,0,0,0,0,0,4,10
2024610012024,2024,610012024,350285,212424,-2.72248,51.80823,2,2,6,12:00,-1,W06000021,6,0,1,0,1,5,2,6,0,0,0,1,0,0,0,0,1,4,12
2024610012124,2024,610012124,317516,207577,-3.19653,51.76078,2,2,1,12:32,-1,W06000019,3,0,1,0,2,19,5,8,10,0,0,0,0,1,0,0,0,4,14
2024610012224,2024,610012224,325590,188897,-3.07558,51.59399,3,3,3,15:56,-1,W06000022,3,0,1,0,2,"[11, 19]",4,8,0,0,0,1,0,0,1,0,0,4,16
2024610012324,2024,610012324,327365,202313,-3.05275,51.71482,2,"[3, 2]",4,22:16,-1,W06000020,6,2,1,0,1,"[19, 9]","[4, 6]","[8, 4]",0,0,0,1,0,1,0,0,0,4,17
2024610012424,2024,610012424,331769,207140,-2.98997,51.75877,2,"[2, 3]",5,17:00,-1,W06000021,3,0,1,0,2,"[10, 3, 19]",1,5,0,0,0,1,0,0,0,0,0,4,18
2024610012524,2024,610012524,335580,188092,-2.93124,51.58798,3,3,7,11:03,-1,W06000022,3,0,1,0,2,19,7,3,0,0,0,1,1,0,0,0,0,4,20
2024610012624,2024,610012624,327287,193190,-3.05198,51.6328,3,3,2,01:04,-1,W06000020,6,2,2,1,2,19,8,5,0,7,11,1,0,0,0,0,0,4,8
2024610012724,2024,610012724,330115,185927,-3.00968,51.56787,2,2,6,12:02,-1,W06000022,6,0,1,0,1,1,8,4,0,0,0,1,0,0,0,0,1,4,19
2024610012824,2024,610012824,321361,196577,-3.13835,51.66245,3,3,1,11:26,-1,W06000018,3,0,1,0,2,"[9, 7]","[5, 7]","[3, 2]",0,"[0, 1]",0,1,0,1,0,0,0,4,21
2024610012924,2024,610012924,320746,196566,-3.14723,51.66226,3,3,2,07:50,-1,W06000018,3,0,1,0,2,19,7,3,0,0,0,1,0,1,0,0,0,4,22
2024610013024,2024,610013024,330127,191942,-3.01071,51.62194,3,3,2,08:50,-1,W06000020,3,0,1,0,2,"[2, 3]","[0, 8]","[0, 4]",0,0,0,1,0,0,0,0,1,4,22
2024610013124,2024,610013124,353593,192283,-2.67182,51.62744,3,3,3,16:30,-1,W06000021,6,0,1,0,1,"[3, 19]",1,5,0,0,0,1,0,0,0,0,0,4,23
2024610013224,2024,610013224,324098,184813,-3.09623,51.55707,2,2,3,17:27,-1,W06000022,6,0,1,1,2,19,"[1, 5]","[5, 1]",0,0,0,1,1,0,0,0,0,4,23
2024610013324,2024,610013324,315493,199929,-3.22398,51.69173,3,3,3,19:14,-1,W06000018,6,0,1,0,1,"[10, 7]","[0, 2]","[0, 5]",0,0,0,1,1,0,0,0,0,4,23
2024610013424,2024,610013424,318174,192232,-3.1834,51.62294,2,"[2, 3]",5,14:47,-1,W06000018,4,0,1,0,2,"[19, 9]","[8, 6, 4]","[4, 8]",0,0,0,1,0,0,0,0,0,4,25
2024610013524,2024,610013524,329286,196373,-3.02375,51.66167,3,3,6,17:57,-1,W06000020,3,0,1,0,1,"[19, 4]",2,6,0,0,0,1,0,0,0,0,0,4,26
2024610013624,2024,610013624,331119,188364,-2.99567,51.5899,2,2,2,21:00,-1,W06000022,4,2,1,1,1,"[11, 19]","[3, 5]","[8, 2]",0,0,0,1,1,0,0,0,0,4,29
2024610013724,2024,610013724,353476,191613,-2.67342,51.6214,3,3,1,00:30,-1,W06000021,3,2,1,0,2,19,6,3,0,0,0,0,0,1,0,0,0,4,28
2024610013824,2024,610013824,353587,194256,-2.67217,51.64518,3,3,4,13:50,-1,W06000021,6,0,1,0,1,"[1, 3]","[2, 0]","[6, 0]",0,0,0,1,0,1,0,0,0,5,1
2024610013924,2024,610013924,330192,182744,-3.00794,51.53926,2,2,6,12:30,-1,W06000022,4,0,1,1,2,"[19, 4]","[6, 1]","[8, 6]",0,0,0,0,1,0,1,0,0,5,3
2024610014024,2024,610014024,322055,203087,-3.12977,51.72107,3,3,6,19:13,-1,W06000019,6,0,1,1,1,5,1,5,0,1,3,0,0,1,0,0,0,5,3
2024610014124,2024,610014124,333221,188129,-2.96529,51.58804,2,2,7,16:49,-1,W06000022,4,0,1,0,1,"[19, 9]","[3, 5]","[7, 2]",0,0,0,1,0,1,0,0,0,5,4
2024610014224,2024,610014224,352488,197108,-2.68844,51.67072,3,3,2,12:24,-1,W06000021,3,0,1,0,2,19,2,5,0,0,0,0,0,1,0,0,0,5,6
2024610014324,2024,610014324,315645,209335,-3.22406,51.7763,2,2,2,14:25,-1,W06000019,6,0,1,0,2,"[9, 19]","[2, 6]","[8, 2]",0,0,0,1,0,1,0,0,0,5,6
2024610014424,2024,610014424,326540,206350,-3.06555,51.75101,3,3,3,06:22,-1,W06000020,4,0,1,0,2,"[13, 9]",5,"[2, 3]",0,"[1, 0]",0,1,0,0,0,0,0,5,7
2024610014524,2024,610014524,352659,193017,-2.68541,51.63396,2,"[3, 2]",3,09:00,-1,W06000021,3,0,1,0,2,19,4,8,0,6,"[0, 4]",1,0,0,0,1,0,5,7
2024610014624,2024,610014624,313259,201136,-3.25659,51.70224,3,3,4,18:25,-1,W06000018,6,0,1,0,2,"[13, 9]",8,"[4, 6]",0,0,0,1,1,0,0,0,0,5,8
2024610014724,2024,610014724,315362,190711,-3.22364,51.60885,3,3,5,07:30,-1,W06000018,3,0,1,0,2,4,6,2,0,0,0,1,0,0,0,0,0,5,9
2024610014824,2024,610014824,321383,196624,-3.13804,51.66288,2,"[3, 2]",7,20:21,-1,W06000018,3,0,1,0,1,19,"[8, 5]","[4, 8]",0,0,0,1,0,0,0,0,0,4,20
2024610014924,2024,610014924,353256,193785,-2.67689,51.64091,3,3,5,14:40,-1,W06000021,4,0,1,0,1,9,2,8,0,1,0,1,0,0,0,0,1,5,9
2024610015024,2024,610015024,331992,206217,-2.98656,51.7505,2,2,1,10:16,-1,W06000021,3,0,1,0,2,"[10, 19, 4]",1,"[7, 5]",0,"[0, 1]","[0, 11]",1,0,1,0,0,0,5,12
2024610015124,2024,610015124,327390,194392,-3.05074,51.64362,2,2,7,13:30,-1,W06000020,6,0,1,0,1,19,8,4,0,0,0,0,0,0,0,0,0,5,11
2024610015224,2024,610015224,319160,211821,-3.17371,51.79917,3,3,1,14:50,-1,W06000019,6,0,1,0,1,"[19, 9]","[6, 8]","[2, 6]",0,0,0,1,1,0,0,0,0,5,12
2024610015324,2024,610015324,312271,205176,-3.2719,51.7384,3,3,2,12:13,-1,W06000018,3,0,2,1,2,"[9, 13]",4,"[3, 8]",0,0,0,1,0,0,0,1,0,5,13
2024610015424,2024,610015424,332019,189337,-2.98287,51.59876,3,3,2,17:04,-1,W06000022,6,0,2,1,1,19,"[3, 1]","[7, 5]",0,0,0,1,0,0,0,0,0,5,13
2024610015524,2024,610015524,330851,186204,-2.99912,51.57045,2,2,2,12:20,-1,W06000022,6,0,9,0,1,"[5, 10]","[6, 8]","[2, 6]",0,0,0,1,1,0,0,0,0,5,13
2024610015624,2024,610015624,338177,190338,-2.89416,51.60847,3,3,3,14:41,-1,W06000022,3,0,1,0,1,19,"[8, 2]","[4, 6]",0,0,0,1,0,0,0,0,0,5,14
2024610015724,2024,610015724,335506,189520,-2.93257,51.60081,3,3,7,11:15,-1,W06000022,1,0,1,0,2,"[19, 12]",6,2,0,0,0,1,0,0,1,0,0,5,11
2024610015824,2024,610015824,348055,198107,-2.75268,51.67931,3,3,4,08:14,-1,W06000021,4,0,1,0,2,"[9, 13]",1,"[6, 5]",0,0,0,1,0,1,0,0,0,5,15
2024610015924,2024,610015924,318323,199530,-3.18295,51.68856,3,3,4,13:20,-1,W06000018,6,0,1,0,2,19,"[8, 2]","[2, 8]",0,"[1, 0]","[4, 0]",1,0,0,0,0,0,5,15
2024610016024,2024,610016024,329498,190739,-3.01955,51.61105,3,3,5,08:30,-1,W06000022,6,0,1,0,1,19,8,4,0,0,0,1,0,0,0,0,1,5,16
2024610016124,2024,610016124,314972,193298,-3.2299,51.63204,3,3,5,17:47,-1,W06000018,3,0,2,1,2,"[5, 19]","[3, 8]","[5, 6]",0,0,0,1,0,0,0,0,0,5,16
2024610016224,2024,610016224,328956,194350,-3.02811,51.64344,3,3,5,21:14,-1,W06000020,6,2,1,0,1,"[19, 2]","[3, 0]","[7, 0]","[4, 0]",0,0,1,0,0,0,0,0,5,16
2024610016324,2024,610016324,349252,190560,-2.73428,51.61157,3,3,6,00:27,-1,W06000021,1,2,1,0,2,"[13, 19]",2,6,0,"[5, 0]","[7, 0]",1,0,0,1,0,0,5,17
2024610016424,2024,610016424,317525,188597,-3.19191,51.59016,2,2,6,14:14,-1,W06000018,6,0,1,0,1,19,6,2,0,0,0,1,1,0,0,0,0,5,17
2024610016524,2024,610016524,325461,208585,-3.08165,51.77096,2,2,3,07:20,-1,W06000020,3,0,1,0,2,19,4,8,0,1,11,0,0,1,0,0,0,5,21
2024610016624,2024,610016624,331574,207766,-2.99292,51.76438,3,3,3,06:50,-1,W06000021,3,0,1,0,2,19,"[8, 4]","[4, 8]",0,0,0,1,0,0,0,0,0,5,21
2024610016724,2024,610016724,328674,186998,-3.03068,51.57731,3,3,3,15:18,-1,W06000022,6,0,1,0,2,"[7, 19]","[8, 2, 6]","[2, 6]",0,0,0,1,0,0,0,0,0,5,21
2024610016824,2024,610016824,347551,187888,-2.75844,51.58739,3,3,3,15:36,-1,W06000021,4,0,1,0,1,19,"[2, 8]","[6, 4]",0,0,0,1,1,0,0,0,0,5,21
2024610016924,2024,610016924,315184,188798,-3.22575,51.59162,3,3,3,20:10,-1,W06000018,3,0,1,1,1,"[5, 3]","[4, 0]","[8, 0]",0,0,0,1,0,1,0,0,0,5,21
2024610017024,2024,610017024,327564,201916,-3.04979,51.71128,2,2,4,18:31,-1,W06000020,6,0,1,0,1,"[19, 2]","[8, 0, 4]","[4, 0, 8]","[4, 0]",0,0,1,0,0,0,0,0,5,22
2024610017124,2024,610017124,348943,210409,-2.74165,51.78999,2,"[3, 2]",6,12:24,-1,W06000021,3,0,1,0,2,19,3,7,0,1,4,1,0,0,0,0,0,5,24
2024610017224,2024,610017224,312504,206779,-3.26893,51.75284,3,3,6,18:31,-1,W06000018,4,0,1,0,2,4,7,3,12,7,11,1,0,0,0,0,0,5,24
2024610017324,2024,610017324,353304,193808,-2.6762,51.64112,3,3,7,20:19,-1,W06000021,6,0,1,0,1,"[5, 3]","[6, 2]","[2, 6]",0,0,0,1,0,0,0,0,1,5,25
2024610017424,2024,610017424,325441,210510,-3.08236,51.78826,2,2,1,15:23,-1,W06000020,4,0,8,1,2,"[9, 19]","[5, 1]","[2, 5]",0,"[7, 0]",0,1,0,0,0,0,0,5,26
2024610017524,2024,610017524,321672,202814,-3.13525,51.71856,3,3,3,20:22,-1,W06000019,3,0,1,0,2,"[19, 10]",6,2,0,0,0,1,0,0,0,0,0,5,28
2024610017624,2024,610017624,315122,188901,-3.22667,51.59254,3,3,3,22:43,-1,W06000018,3,0,1,0,1,19,4,8,10,1,11,1,0,0,0,0,0,5,28
2024610017724,2024,610017724,349977,207684,-2.72627,51.76559,1,"[3, 1]",4,18:58,-1,W06000021,4,0,1,0,2,19,"[5, 8]","[8, 5]",0,"[0, 7]","[0, 9]",1,0,1,0,0,0,5,29
2024610017824,2024,610017824,312077,189570,-3.27078,51.59809,1,1,5,20:40,-1,W06000018,4,0,1,0,2,"[2, 19]","[0, 2]","[0, 6]","[0, 4]",0,0,1,0,1,0,0,0,5,30
2024610017924,2024,610017924,340084,201245,-2.86849,51.70673,2,2,6,15:36,-1,W06000021,4,0,1,0,2,"[4, 19]",7,2,0,0,0,1,1,0,0,0,0,5,31
2024610018024,2024,610018024,315656,187528,-3.21863,51.58028,3,3,6,21:01,-1,W06000018,6,0,1,0,1,19,"[7, 1]","[3, 5]",0,0,0,1,1,0,0,0,0,5,31
2024610018124,2024,610018124,312559,189235,-3.26374,51.59515,2,"[3, 2]",7,09:51,-1,W06000018,4,0,1,0,2,"[4, 13]","[3, 7]","[7, 3]",0,0,0,1,0,1,0,0,0,6,1
2024610018224,2024,610018224,315136,191212,-3.22702,51.61332,2,2,1,13:53,-1,W06000018,6,0,1,0,2,"[3, 9]","[3, 6]","[7, 3]",0,0,0,1,0,0,0,1,0,6,2