collision_index,collision_year,collision_ref_no,location_easting_osgr,location_northing_osgr,longitude,latitude,casualty_severity,casualty_severity,day_of_week,time,local_authority_district,local_authority_ons_district,first_road_class,light_conditions,weather_conditions,road_surface_conditions,urban_or_rural_area,vehicle_manoeuvre,vehicle_direction_from,vehicle_direction_to,hit_object_in_carriageway,vehicle_leaving_carriageway,hit_object_off_carriageway,is_car,is_cyle,is_mcyle,is_goodsv,is_other,is_pedestrian,month,day
2024610018324,2024,610018324,323266,184319,-3.10812,51.55252,2,2,1,18:55,-1,W06000022,6,0,1,0,2,19,"[8, 5]","[5, 8]",0,0,0,1,1,0,0,0,0,6,2
2024610018424,2024,610018424,314847,210253,-3.23585,51.78443,3,3,2,03:45,-1,W06000019,3,0,1,0,1,"[2, 19]","[0, 6]","[0, 2]","[0, 4]",0,0,1,0,0,0,0,0,6,3
2024610018524,2024,610018524,312123,210321,-3.27535,51.78462,3,3,2,05:45,-1,W06000019,6,0,1,0,1,"[14, 2]","[2, 0]","[6, 0]","[4, 0]",0,0,1,0,0,0,0,0,6,3
2024610018624,2024,610018624,351144,212776,-2.71008,51.81147,3,3,2,08:50,-1,W06000021,3,0,1,0,2,"[3, 10]",4,8,0,0,0,1,0,0,0,0,0,6,3
2024610018724,2024,610018724,313504,194623,-3.25143,51.64373,3,3,2,15:56,-1,W06000018,3,0,1,0,1,19,"[4, 8]","[8, 4]",0,0,0,1,0,0,0,0,0,6,3
2024610018824,2024,610018824,334642,186494,-2.94448,51.57351,3,3,3,06:39,-1,W06000022,3,0,1,0,1,19,4,8,0,0,0,1,0,1,0,0,0,6,4
2024610018924,2024,610018924,328467,194100,-3.03512,51.64113,3,3,3,15:28,-1,W06000020,6,0,1,0,1,19,"[8, 6]","[4, 2]",0,0,0,1,1,0,0,0,0,6,4
2024610019024,2024,610019024,314530,186871,-3.23471,51.5742,2,2,7,11:40,-1,W06000018,4,0,1,0,1,5,4,8,0,3,2,1,0,0,0,0,0,6,8
2024610019124,2024,610019124,316413,188265,-3.20788,51.58702,3,3,7,14:46,-1,W06000018,3,0,1,0,1,19,"[1, 5]","[5, 1]",0,0,0,1,0,0,0,0,0,6,8
2024610019224,2024,610019224,314003,187369,-3.24244,51.5786,2,"[2, 3]",1,01:32,-1,W06000018,3,2,1,0,2,19,6,2,0,1,1,1,0,0,0,0,0,6,9
2024610019324,2024,610019324,321224,198767,-3.14082,51.68212,3,3,1,08:25,-1,W06000018,3,0,1,0,1,"[4, 19]",4,8,0,0,0,1,0,0,0,0,0,6,9
2024610019424,2024,610019424,351016,197557,-2.70978,51.67463,3,3,1,22:40,-1,W06000021,6,2,2,1,2,19,8,4,0,0,0,1,0,0,0,0,0,6,9
2024610019524,2024,610019524,331868,189999,-2.98518,51.60469,3,3,2,13:44,-1,W06000022,1,0,1,0,2,19,3,7,0,0,0,1,0,0,0,0,0,6,10
2024610019624,2024,610019624,339143,189208,-2.88001,51.59841,3,3,3,15:24,-1,W06000022,1,0,1,0,2,"[19, 4]",3,7,0,0,0,1,0,0,0,0,0,6,11
2024610019724,2024,610019724,343769,208541,-2.81635,51.7727,2,2,3,16:30,-1,W06000021,3,0,1,0,2,19,3,7,11,0,0,1,0,0,0,0,0,6,11
2024610019824,2024,610019824,330194,185732,-3.0085,51.56612,2,"[2, 3]",3,19:30,-1,W06000022,3,0,1,0,2,"[12, 7]","[6, 7]",2,0,"[0, 7]","[0, 7]",1,0,1,0,0,0,6,11
2024610019924,2024,610019924,347484,202781,-2.76165,51.72128,3,3,5,13:15,-1,W06000021,4,0,1,0,2,19,6,2,0,0,0,1,0,0,0,0,0,6,13
2024610020024,2024,610020024,328759,194489,-3.03098,51.64467,1,1,5,18:00,-1,W06000020,6,0,2,1,1,"[5, 19]","[4, 8]","[8, 4]",0,"[0, 3]","[0, 11]",1,0,0,0,0,0,6,13
2024610020124,2024,610020124,330786,193735,-3.00154,51.63814,3,3,6,09:05,-1,W06000020,3,0,1,1,2,5,5,1,0,0,0,1,0,0,0,0,0,6,14
2024610020224,2024,610020224,319031,211485,-3.1755,51.79613,2,2,7,01:20,-1,W06000019,6,2,1,0,1,19,-1,-1,0,0,0,0,0,0,0,1,1,6,15
2024610020324,2024,610020324,331219,188165,-2.99419,51.58812,3,3,7,15:18,-1,W06000022,3,0,1,0,1,"[3, 8]",4,8,0,0,0,1,0,0,0,0,0,6,15
2024610020424,2024,610020424,329894,198544,-3.0154,51.68126,3,3,7,18:35,-1,W06000020,3,0,1,0,2,"[13, 7]",5,"[1, 8]",0,0,0,1,0,0,0,0,0,6,15
2024610020524,2024,610020524,344523,220017,-2.80727,51.87595,3,3,1,12:10,-1,W06000021,4,0,1,0,2,19,8,2,0,8,10,0,0,1,0,0,0,6,16
2024610020624,2024,610020624,313231,196887,-3.25594,51.66404,2,2,1,13:45,-1,W06000018,6,0,1,0,1,1,6,2,0,0,0,1,0,0,0,0,1,6,16
2024610020724,2024,610020724,330587,193237,-3.00432,51.63364,3,3,1,15:30,-1,W06000020,6,0,1,0,1,"[19, 5]","[6, 8]","[2, 4]",0,0,0,1,0,0,0,1,0,6,16
2024610020824,2024,610020824,317506,197588,-3.19431,51.67098,3,3,2,16:59,-1,W06000018,6,0,1,0,1,3,5,1,0,0,0,1,0,1,0,0,0,6,17
2024610020924,2024,610020924,330200,185733,-3.00841,51.56613,2,2,3,04:40,-1,W06000022,3,0,1,0,2,19,6,2,9,7,7,1,0,0,0,0,0,6,18
2024610021024,2024,610021024,329799,190364,-3.01513,51.60772,3,3,3,08:55,-1,W06000022,6,0,1,0,2,19,4,8,0,0,0,0,0,1,0,0,1,6,18
2024610021124,2024,610021124,331458,187256,-2.99057,51.57998,3,3,3,16:45,-1,W06000022,6,0,1,0,1,19,4,8,0,0,0,0,0,0,0,0,0,6,18
2024610021224,2024,610021224,329654,219512,-3.02312,51.86973,3,3,4,20:37,-1,W06000021,6,0,1,0,2,"[4, 19]","[8, 5]","[4, 8]",0,0,0,1,0,0,0,0,0,6,19
2024610021324,2024,610021324,326607,201852,-3.06363,51.71058,3,3,7,16:00,-1,W06000020,6,0,9,0,1,"[19, 4]",7,3,0,"[1, 0]","[11, 0]",1,1,0,0,0,0,6,15
2024610021424,2024,610021424,313158,188002,-3.25479,51.58416,3,3,5,14:00,-1,W06000018,6,0,1,0,2,19,8,4,0,0,0,0,0,0,1,0,1,6,20
2024610021524,2024,610021524,316918,211478,-3.20613,51.79576,2,2,6,16:58,-1,W06000019,6,0,1,1,1,19,"[4, 8]","[1, 4]",0,0,0,1,0,0,0,1,0,6,21
2024610021624,2024,610021624,330356,189789,-3.00697,51.60262,3,3,6,19:00,-1,W06000022,3,0,1,0,1,"[19, 8]",8,4,0,0,0,1,0,0,0,0,0,6,21
2024610021724,2024,610021724,352342,194526,-2.6902,51.6475,3,3,1,09:00,-1,W06000021,3,0,1,0,2,19,"[3, 5]","[7, 1]",0,0,0,1,1,0,0,0,0,6,23
2024610021824,2024,610021824,330505,188108,-3.00449,51.58752,2,2,2,06:13,-1,W06000022,4,0,1,0,1,"[2, 19]","[0, 1]","[0, 4]","[0, 4]",0,0,1,1,0,0,0,0,6,24
2024610021924,2024,610021924,328158,185548,-3.03783,51.56421,3,3,3,13:25,-1,W06000022,3,0,1,0,2,"[19, 4]","[5, 6]",2,0,0,0,1,0,0,0,0,0,6,25
2024610022024,2024,610022024,312364,189287,-3.26656,51.59559,2,2,3,15:00,-1,W06000018,4,0,1,0,2,"[19, 3]",7,3,0,0,0,1,0,1,0,0,0,6,25
2024610022124,2024,610022124,317313,195580,-3.19662,51.65291,3,3,3,17:40,-1,W06000018,6,0,1,0,1,"[19, 5]","[2, 8]","[7, 4]",0,0,0,1,0,0,0,0,0,6,25
2024610022224,2024,610022224,317959,203694,-3.1892,51.72594,3,3,4,14:00,-1,W06000018,6,0,1,0,2,9,4,3,0,7,11,1,0,0,0,0,0,6,26
2024610022324,2024,610022324,329492,186977,-3.01888,51.57723,2,2,4,17:00,-1,W06000022,6,0,1,0,1,19,"[5, 1]","[1, 5]",0,0,0,1,0,1,0,0,0,6,26
2024610022424,2024,610022424,315008,198633,-3.23068,51.68001,2,"[3, 2]",4,17:30,-1,W06000018,6,0,1,0,1,"[19, 5]","[3, 6]","[7, 2]",0,0,0,1,0,0,0,0,0,6,26
2024610022524,2024,610022524,344798,190847,-2.79864,51.61373,2,"[2, 3]",4,18:42,-1,W06000021,3,0,1,0,2,"[19, 6]",3,"[7, 3]",0,"[0, 1]",0,1,0,1,0,0,0,6,26
2024610022624,2024,610022624,325341,199910,-3.08153,51.69296,3,3,4,19:58,-1,W06000020,6,0,1,0,2,9,4,2,10,0,0,1,0,0,0,0,0,6,26
2024610022724,2024,610022724,330798,195053,-3.00163,51.64999,2,2,5,19:50,-1,W06000020,3,0,1,0,2,19,5,1,0,"[3, 0]","[1, 0]",1,0,1,0,0,0,6,27
2024610022824,2024,610022824,321840,193797,-3.1308,51.63753,3,3,5,19:40,-1,W06000018,4,0,1,0,1,"[4, 19]","[5, 2]","[1, 6]",0,0,0,0,1,0,1,0,0,6,27
2024610022924,2024,610022924,314483,194272,-3.2372,51.64072,3,3,6,08:20,-1,W06000018,6,0,1,0,1,1,1,5,0,0,0,1,0,0,0,0,1,6,28
2024610023024,2024,610023024,336239,224289,-2.92838,51.91346,2,2,7,09:42,-1,W06000021,3,0,1,0,2,19,6,2,0,1,0,0,0,1,0,0,0,6,29
2024610023124,2024,610023124,315546,209650,-3.22557,51.77912,3,3,7,20:10,-1,W06000019,6,2,1,0,1,19,5,1,0,0,0,1,0,0,0,0,1,6,29
2024610023224,2024,610023224,331044,216321,-3.0023,51.84122,3,3,1,20:30,-1,W06000021,6,0,1,0,2,19,"[7, 5]","[3, 1]",0,0,0,1,0,0,0,0,0,6,30
2024610023324,2024,610023324,325144,191252,-3.08252,51.6151,2,"[2, 3]",7,23:04,-1,W06000018,6,2,5,1,2,19,1,4,0,7,4,1,0,0,0,0,0,4,6
2024610023424,2024,610023424,342161,208149,-2.83959,51.76901,2,"[2, 3]",5,12:11,-1,W06000021,3,0,1,0,2,"[19, 9]","[7, 1]","[3, 7]",0,"[0, 1]","[0, 10]",1,0,0,0,0,0,5,16
2024610023524,2024,610023524,330282,187665,-3.00762,51.58351,2,2,6,11:20,-1,W06000022,4,0,1,0,1,5,0,6,0,0,0,1,0,0,0,0,1,6,7
2024610023624,2024,610023624,330469,189653,-3.00531,51.60141,3,3,3,16:38,-1,W06000022,3,0,1,0,1,"[19, 4]",8,4,0,0,0,1,0,0,0,0,0,6,18
2024610023724,2024,610023724,333367,187586,-2.96308,51.58318,3,3,4,15:26,-1,W06000022,6,0,1,0,1,19,5,1,0,0,0,1,0,0,0,0,1,6,19
2024610023824,2024,610023824,310372,204637,-3.29926,51.73325,2,2,2,16:45,-1,W06000018,6,0,1,0,2,4,1,5,0,0,0,0,0,1,0,0,0,6,24
2024610023924,2024,610023924,320484,202046,-3.15227,51.71149,2,"[3, 2]",5,15:52,-1,W06000019,3,0,1,0,2,"[9, 19]","[8, 3]","[5, 8, 3]",0,0,0,1,0,0,0,0,0,5,30
2024610024024,2024,610024024,319093,211028,-3.17449,51.79203,2,2,4,00:14,-1,W06000019,6,2,1,0,1,19,5,1,0,7,2,1,0,0,0,0,0,6,26
2024610024124,2024,610024124,349934,193946,-2.72491,51.64207,2,2,4,11:19,-1,W06000021,4,0,1,0,2,19,2,8,0,1,11,1,0,0,0,0,0,6,26
2024610024224,2024,610024224,314247,194387,-3.24064,51.64172,3,3,3,07:20,-1,W06000018,3,0,1,0,1,"[19, 9]","[8, 4]","[4, 2]",0,0,0,1,0,1,0,0,0,7,2
2024610024324,2024,610024324,347375,188384,-2.76105,51.59183,2,2,4,11:50,-1,W06000021,6,0,1,0,1,5,0,8,0,0,0,1,0,0,0,0,0,6,26
2024610024424,2024,610024424,350823,211837,-2.7146,51.803,3,3,3,08:33,-1,W06000021,4,0,1,0,2,7,7,8,0,1,11,1,0,0,0,0,0,7,2
2024610024524,2024,610024524,314850,193744,-3.23177,51.63603,3,3,3,17:00,-1,W06000018,3,0,1,0,2,4,5,1,0,0,0,1,0,0,0,0,0,7,2
2024610024624,2024,610024624,314137,210406,-3.24618,51.7857,2,2,4,15:30,-1,W06000019,6,0,9,0,1,19,1,5,0,0,0,1,0,0,0,0,1,7,3
2024610024724,2024,610024724,327904,201261,-3.04474,51.70544,3,3,6,13:25,-1,W06000020,3,0,8,0,1,19,5,1,0,"[1, 7]","[7, 2]",1,0,0,0,0,0,4,12
2024610024824,2024,610024824,318053,195976,-3.18602,51.65657,2,2,5,13:20,-1,W06000018,4,0,1,0,1,"[9, 19]","[1, 3]","[6, 7]",0,0,0,1,1,0,0,0,0,7,4
2024610024924,2024,610024924,318707,196085,-3.1766,51.65765,3,3,5,19:34,-1,W06000018,6,0,1,0,1,"[19, 9]",5,"[1, 3]",0,0,0,1,1,0,0,0,0,7,4
2024610025024,2024,610025024,323968,183792,-3.09789,51.54788,3,3,7,06:15,-1,W06000022,1,0,2,1,2,19,6,2,0,5,7,1,0,0,0,0,0,7,6
2024610025124,2024,610025124,337620,200876,-2.90408,51.70314,3,3,7,12:38,-1,W06000021,3,0,1,0,2,19,2,6,0,0,0,1,0,0,0,0,1,7,6
2024610025224,2024,610025224,315120,188820,-3.22667,51.59181,3,3,5,18:20,-1,W06000018,3,0,1,0,1,"[2, 19]","[0, 7]","[0, 3]",0,0,0,1,0,0,0,0,0,7,4
2024610025324,2024,610025324,329716,189139,-3.01608,51.59669,2,"[3, 2]",7,16:08,-1,W06000022,1,0,1,0,2,19,6,2,0,0,0,1,0,0,0,0,0,7,6
2024610025424,2024,610025424,314824,193938,-3.23219,51.63777,3,3,1,19:08,-1,W06000018,3,0,1,0,2,19,5,1,0,0,0,1,0,0,0,0,0,7,7
2024610025524,2024,610025524,347217,188734,-2.76339,51.59497,3,3,2,23:15,-1,W06000021,1,2,5,1,2,19,2,6,0,5,6,1,0,0,0,0,0,7,8
2024610025624,2024,610025624,327508,215439,-3.05343,51.83284,3,3,5,14:30,-1,W06000021,3,0,1,0,2,"[13, 19]",3,7,0,"[0, 1]","[0, 9]",1,0,0,0,0,0,7,11
2024610025724,2024,610025724,348960,187299,-2.73802,51.58223,3,3,6,15:30,-1,W06000021,1,0,1,0,2,"[19, 11]",3,7,0,0,0,1,0,0,0,0,0,6,14
2024610025824,2024,610025824,349466,210493,-2.73408,51.7908,3,3,5,20:14,-1,W06000021,6,0,1,0,2,7,8,2,0,1,11,1,0,0,0,0,0,7,11
2024610025924,2024,610025924,325674,211358,-3.07916,51.79591,1,1,6,07:30,-1,W06000021,4,0,1,0,2,19,5,2,0,1,3,1,0,0,0,0,0,7,12
2024610026024,2024,610026024,350154,194252,-2.72178,51.64484,3,3,6,23:30,-1,W06000021,4,2,1,0,2,19,3,6,0,7,9,1,0,0,0,0,0,7,12
2024610026124,2024,610026124,332099,187946,-2.98145,51.58626,3,3,7,14:30,-1,W06000022,4,0,1,0,1,"[9, 19]","[6, 2]","[3, 6]",0,0,0,1,0,0,0,0,0,7,13
2024610026224,2024,610026224,330482,210803,-3.00935,51.79154,2,2,7,16:24,-1,W06000021,3,0,1,0,2,"[19, 9]","[1, 8]",5,0,0,0,1,0,1,0,0,0,5,11
2024610026324,2024,610026324,329713,195765,-3.01745,51.65626,2,2,7,14:30,-1,W06000020,6,0,1,0,1,"[13, 9]","[7, 1]","[3, 7]",0,0,0,1,0,1,0,0,0,7,13
2024610026424,2024,610026424,316969,208205,-3.20461,51.76634,3,3,5,16:52,-1,W06000019,3,0,1,0,2,"[19, 9]","[5, 3]",1,0,0,0,1,0,0,0,0,0,4,4
2024610026524,2024,610026524,329143,185139,-3.02354,51.56066,2,2,2,00:01,-1,W06000022,6,2,9,0,1,19,"[7, 5]","[3, 1]",0,0,0,1,1,0,0,0,0,7,15
2024610026624,2024,610026624,333821,186694,-2.95636,51.57521,3,3,3,20:00,-1,W06000022,3,0,9,0,1,"[19, 4]",7,3,0,0,0,1,0,0,0,0,0,7,16
2024610026724,2024,610026724,326209,204941,-3.07004,51.7383,3,3,4,15:20,-1,W06000020,6,0,1,0,1,"[9, 19]",3,"[1, 7]",0,0,0,1,0,1,0,0,0,7,17
2024610026824,2024,610026824,315609,199025,-3.22208,51.68362,3,3,5,16:53,-1,W06000018,3,0,1,0,2,"[4, 3]",2,6,0,0,0,1,0,0,0,0,0,7,18
2024610026924,2024,610026924,327874,186946,-3.04222,51.57674,3,3,5,18:17,-1,W06000022,3,0,1,0,1,19,6,1,0,"[0, 1]",0,1,1,0,0,0,0,7,18
2024610027024,2024,610027024,340682,186199,-2.85729,51.57152,1,1,6,00:23,-1,W06000022,3,2,1,0,2,19,"[2, 7]","[7, 2]",0,"[0, 7]",0,0,0,1,1,0,0,7,19
2024610027124,2024,610027124,333332,187437,-2.96356,51.58183,3,3,6,12:53,-1,W06000022,6,0,1,0,1,"[2, 7]","[0, 3]","[0, 5]",0,0,0,1,0,0,0,0,0,7,19
2024610027224,2024,610027224,339086,226086,-2.88731,51.92994,3,3,6,18:02,-1,W06000021,3,0,2,1,2,19,5,2,10,1,9,1,0,0,0,0,0,7,19
2024610027324,2024,610027324,312842,201780,-3.26278,51.70796,3,3,7,11:20,-1,W06000018,6,0,1,0,2,"[3, 1]","[6, 2]","[2, 6]",0,0,0,1,0,1,0,0,0,7,20
2024610027424,2024,610027424,332945,188162,-2.96928,51.5883,2,2,3,00:12,-1,W06000022,4,2,5,1,1,"[9, 19]","[5, 3]","[3, 7]",0,0,0,1,0,0,0,0,0,7,9
2024610027524,2024,610027524,316043,197124,-3.21535,51.6666,3,3,7,16:30,-1,W06000018,6,0,1,0,1,"[19, 2]","[3, 0]","[7, 0]","[4, 0]",0,0,1,0,0,0,0,0,7,20
2024610027624,2024,610027624,328181,200418,-3.04055,51.69789,3,3,7,18:00,-1,W06000020,3,0,1,0,2,"[12, 19]",3,7,0,0,0,1,0,0,0,0,0,7,20
2024610027724,2024,610027724,331450,217893,-2.99672,51.8554,3,3,7,18:06,-1,W06000021,6,0,1,1,2,19,2,5,0,0,0,1,0,0,0,0,0,7,20
2024610027824,2024,610027824,330677,209254,-3.00621,51.77764,3,3,2,09:30,-1,W06000021,3,0,1,0,2,"[3, 19]",5,1,0,0,0,1,0,0,0,0,0,1,22
2024610027924,2024,610027924,329239,195204,-3.02419,51.65116,3,3,1,16:15,-1,W06000020,6,0,1,0,1,19,"[5, 3]","[1, 7]",0,0,0,1,0,0,0,0,0,1,28
2024610028024,2024,610028024,315123,194288,-3.22796,51.64097,2,2,2,09:12,-1,W06000018,3,0,1,0,1,19,2,6,0,0,0,1,0,0,0,0,0,1,29
2024610028124,2024,610028124,322397,191701,-3.12229,51.61876,2,2,4,12:51,-1,W06000018,4,0,1,0,1,"[10, 19]",4,"[2, 8]",0,0,0,1,0,1,0,0,0,1,31
2024610028224,2024,610028224,340249,188783,-2.86397,51.59471,2,"[3, 2]",4,14:19,-1,W06000022,1,0,1,0,2,"[11, 19]",3,7,0,"[1, 0]","[7, 0]",1,0,0,1,0,0,1,31
2024610028324,2024,610028324,331120,194068,-2.99678,51.64118,3,3,6,16:20,-1,W06000020,4,0,1,0,2,19,8,4,0,0,0,1,0,0,0,0,0,2,2
2024610028424,2024,610028424,329080,196022,-3.02665,51.65849,3,3,3,15:46,-1,W06000020,6,0,1,0,1,"[5, 10]","[7, 1]","[5, 7]",0,0,0,1,1,0,0,0,0,2,27
2024610028524,2024,610028524,316726,210056,-3.20857,51.78295,3,3,1,12:20,-1,W06000019,6,0,1,0,1,19,"[6, 5]","[2, 1]",0,0,0,1,1,0,0,0,0,3,10
2024610028624,2024,610028624,351027,204209,-2.71056,51.73444,3,3,5,14:00,-1,W06000021,6,0,5,1,2,19,1,5,0,1,4,1,0,0,0,0,0,3,28
2024610028724,2024,610028724,316817,212843,-3.20792,51.80801,3,3,5,16:28,-1,W06000019,3,0,8,2,2,19,3,7,0,0,0,1,0,0,0,0,0,3,28
2024610028824,2024,610028824,335961,189586,-2.92602,51.60146,3,3,1,12:33,-1,W06000022,1,0,1,0,2,"[4, 19]",4,1,0,0,0,1,0,1,0,0,0,5,19
2024610028924,2024,610028924,352635,193060,-2.68576,51.63434,3,3,3,14:05,-1,W06000021,3,0,1,0,2,"[19, 3]",4,8,0,0,0,1,0,0,0,0,0,5,21
2024610029024,2024,610029024,315519,194737,-3.22234,51.64506,2,2,1,06:45,-1,W06000018,3,0,1,0,1,19,3,7,10,7,0,0,0,1,0,0,0,7,21
2024610029124,2024,610029124,320560,198768,-3.15042,51.68203,2,"[2, 3]",1,13:38,-1,W06000018,4,0,1,0,2,"[8, 19, 9]","[3, 5, 7]","[7, 5]",0,"[1, 0]",0,1,0,0,0,0,0,7,21
2024610029224,2024,610029224,331021,186323,-2.99669,51.57154,3,3,1,13:30,-1,W06000022,6,0,1,0,2,"[3, 19]","[8, 2]","[4, 6]",0,0,0,1,1,0,0,0,0,7,21
2024610029324,2024,610029324,348710,210283,-2.74501,51.78884,3,3,2,17:00,-1,W06000021,6,0,1,0,2,"[19, 5]","[8, 0]","[3, 7]",0,0,0,1,0,1,0,0,0,7,22
2024610029424,2024,610029424,331708,188381,-2.98718,51.59012,2,2,3,14:40,-1,W06000022,6,0,1,0,1,19,"[7, 1]","[3, 5]",0,0,0,1,0,0,0,0,0,7,23
2024610029524,2024,610029524,329343,185570,-3.02074,51.56456,3,3,3,00:30,-1,W06000022,6,2,1,0,2,5,0,2,0,0,0,1,0,0,0,0,1,7,23
2024610029624,2024,610029624,315701,205558,-3.22233,51.74236,3,3,4,18:54,-1,W06000019,3,0,2,1,2,19,5,8,0,7,11,1,0,0,0,0,0,7,24
2024610029724,2024,610029724,327170,213335,-3.05789,51.81388,3,3,5,23:47,-1,W06000021,4,2,1,0,2,19,6,2,0,1,11,1,0,0,0,0,0,7,25
2024610029824,2024,610029824,317911,192807,-3.18733,51.62807,2,2,6,10:50,-1,W06000018,4,0,1,0,2,19,1,5,0,7,2,1,0,0,0,0,0,7,26
2024610029924,2024,610029924,339519,206907,-2.87766,51.75757,3,3,6,17:25,-1,W06000021,6,0,1,0,2,19,2,6,0,0,0,0,0,0,1,0,1,7,26
2024610030024,2024,610030024,327872,201364,-3.04522,51.70636,3,3,7,05:03,-1,W06000020,3,2,1,0,1,19,"[4, 8]","[8, 4]",0,"[1, 7]",0,1,0,0,0,0,0,7,27
2024610030124,2024,610030124,330279,212902,-3.01271,51.81039,3,3,1,11:40,-1,W06000021,3,0,1,0,2,"[12, 4, 19]",8,4,0,0,0,1,0,0,0,0,0,7,28
2024610030224,2024,610030224,323999,215239,-3.1043,51.83057,3,3,1,12:06,-1,W06000021,3,0,1,0,2,"[4, 19]",8,4,0,0,0,1,0,0,0,0,0,7,28
2024610030324,2024,610030324,315389,200340,-3.22558,51.69541,3,3,2,01:32,-1,W06000018,3,2,1,0,1,19,"[5, 7]","[1, 3]",0,0,0,1,0,0,0,0,0,7,29
2024610030424,2024,610030424,316539,209295,-3.2111,51.77608,2,2,2,18:26,-1,W06000019,6,0,1,0,2,19,1,5,0,1,2,1,0,0,0,0,0,7,29
2024610030524,2024,610030524,326916,206334,-3.0601,51.75091,2,2,3,14:08,-1,W06000020,3,0,1,0,2,"[19, 13]","[2, 5]","[5, 2]",0,0,0,1,0,1,1,0,0,7,30
2024610030624,2024,610030624,328628,190923,-3.03215,51.61259,2,2,4,19:13,-1,W06000022,6,0,1,0,1,"[9, 13]",2,"[8, 6]",0,0,0,1,0,0,0,1,0,7,31
2024610030724,2024,610030724,326776,193431,-3.05941,51.6349,3,3,4,23:30,-1,W06000020,6,2,1,0,2,19,9,9,0,0,0,1,0,0,0,1,0,7,31
2024610030824,2024,610030824,333137,186778,-2.96625,51.57588,3,3,5,20:08,-1,W06000022,3,0,1,0,2,19,3,7,0,0,"[0, 6]",1,0,0,1,0,0,8,1
2024610030924,2024,610030924,317116,212355,-3.20347,51.80367,3,3,6,11:02,-1,W06000019,3,0,1,0,2,19,"[3, 7]","[7, 3]",0,0,0,1,0,0,0,0,0,8,2
2024610031024,2024,610031024,327446,213551,-3.05393,51.81586,3,3,6,12:47,-1,W06000021,4,0,1,0,2,19,6,8,0,7,0,1,0,0,0,0,0,8,2
2024610031124,2024,610031124,311051,195108,-3.287,51.64771,2,2,6,21:00,-1,W06000018,3,2,1,1,1,19,7,3,0,0,0,0,0,1,0,0,0,8,2
2024610031224,2024,610031224,314867,199684,-3.23297,51.68943,3,3,1,11:55,-1,W06000018,6,0,1,0,1,"[5, 2]",0,"[1, 0]","[4, 0]",0,0,1,0,0,0,0,0,8,4
2024610031324,2024,610031324,327787,201497,-3.04648,51.70754,3,3,3,16:45,-1,W06000020,3,0,1,0,2,19,8,4,10,0,0,0,0,1,0,0,0,8,6
2024610031424,2024,610031424,327030,187855,-3.05458,51.58481,3,3,3,17:51,-1,W06000022,6,0,1,0,1,"[9, 19]","[3, 7]","[1, 3]",0,0,0,1,0,0,0,0,0,8,6
2024610031524,2024,610031524,339387,189488,-2.87654,51.60096,1,"[3, 1]",4,00:02,-1,W06000022,4,2,1,0,2,19,3,8,0,1,11,1,0,0,0,0,0,8,7
2024610031624,2024,610031624,329206,195558,-3.02474,51.65433,3,3,5,15:02,-1,W06000020,6,0,2,1,1,"[3, 5]",4,8,0,0,0,1,0,0,1,0,0,8,8
2024610031724,2024,610031724,340972,207876,-2.85677,51.76644,3,3,7,03:53,-1,W06000021,3,2,1,0,2,19,"[7, 5]","[3, 1]",0,0,0,1,0,0,0,0,0,8,10
2024610031824,2024,610031824,328342,187869,-3.03565,51.5851,3,3,7,09:51,-1,W06000022,1,0,2,1,1,19,4,1,0,1,11,1,0,0,0,0,0,8,10
2024610031924,2024,610031924,311086,209699,-3.29022,51.77887,3,3,7,23:00,-1,W06000018,3,2,1,0,2,19,2,6,0,1,0,1,0,0,0,0,0,8,10
2024610032024,2024,610032024,335000,188966,-2.93977,51.59577,2,"[3, 2]",7,23:21,-1,W06000022,4,2,1,0,1,19,"[3, 7]","[7, 3]",0,0,0,1,0,0,0,0,0,8,10
2024610032124,2024,610032124,330527,197098,-3.00595,51.66834,3,3,2,04:39,-1,W06000020,3,2,2,1,2,19,5,1,0,1,0,1,0,0,0,0,0,8,12
2024610032224,2024,610032224,332824,189636,-2.97131,51.60154,3,3,2,12:21,-1,W06000022,6,0,1,0,1,"[19, 7]","[7, 5]","[3, 7]",0,0,0,1,0,0,0,1,0,8,12
2024610032324,2024,610032324,337672,200915,-2.90334,51.7035,3,3,2,12:15,-1,W06000021,3,0,1,0,2,19,2,6,0,0,0,1,0,0,0,0,1,8,12
2024610032424,2024,610032424,310007,205234,-3.3047,51.73856,3,3,2,21:20,-1,W06000018,6,2,1,0,2,19,4,7,0,0,0,1,0,0,0,0,0,8,12
2024610032524,2024,610032524,335990,189748,-2.92563,51.60292,3,3,3,10:28,-1,W06000022,1,0,1,0,2,"[4, 3]",1,5,0,0,0,1,0,0,0,0,0,8,13
2024610032624,2024,610032624,348403,189259,-2.74634,51.5998,3,3,3,21:51,-1,W06000021,6,0,1,0,2,"[2, 19]","[0, 7]","[0, 3]","[0, 4]","[0, 7]","[0, 11]",1,0,0,0,0,0,8,13
2024610032724,2024,610032724,316349,196574,-3.21079,51.6617,2,2,4,21:20,-1,W06000018,6,2,1,0,1,"[2, 19]","[0, 8]","[0, 4]",0,0,0,1,0,0,0,0,0,8,14
2024610032824,2024,610032824,328252,200809,-3.03961,51.70142,3,3,5,10:00,-1,W06000020,6,0,1,0,1,"[5, 19]",8,4,0,0,0,1,1,0,0,0,0,8,15
2024610032924,2024,610032924,319142,210715,-3.17371,51.78922,3,3,5,17:30,-1,W06000019,3,0,2,1,1,"[19, 4]",1,5,0,0,0,1,0,0,0,0,0,8,15