collision_index,collision_year,collision_ref_no,location_easting_osgr,location_northing_osgr,longitude,latitude,casualty_severity,casualty_severity,day_of_week,time,local_authority_district,local_authority_ons_district,first_road_class,light_conditions,weather_conditions,road_surface_conditions,urban_or_rural_area,vehicle_manoeuvre,vehicle_direction_from,vehicle_direction_to,hit_object_in_carriageway,vehicle_leaving_carriageway,hit_object_off_carriageway,is_car,is_cyle,is_mcyle,is_goodsv,is_other,is_pedestrian,month,day
2024622400073,2024,622400073,259019,199826,-4.04051,51.67945,2,2,2,08:27,-1,W06000011,4,0,1,1,2,"[19, 9]","[6, 8]","[2, 6]",0,0,0,1,0,1,0,0,0,1,29
2024622400074,2024,622400074,265104,192938,-3.9499,51.61905,3,3,1,18:14,-1,W06000011,6,2,1,0,1,3,4,8,0,0,0,1,0,0,0,0,1,1,28
2024622400075,2024,622400075,314039,181796,-3.24056,51.52851,3,3,5,08:49,-1,W06000015,6,0,1,0,2,19,"[8, 5]","[4, 2]",0,0,0,1,0,0,0,0,0,2,1
2024622400076,2024,622400076,321838,183032,-3.12843,51.54075,3,3,6,10:02,-1,W06000015,1,0,1,0,2,"[19, 9]",2,"[6, 8]","[9, 0]",0,0,1,0,0,0,0,0,1,26
2024622400077,2024,622400077,272592,195252,-3.84264,51.64159,2,2,4,09:25,-1,W06000012,1,0,1,0,2,"[3, 19]",4,8,0,0,0,1,0,0,1,0,0,1,10
2024622400078,2024,622400078,267477,198758,-3.91785,51.67192,1,1,4,18:22,-1,W06000011,3,2,2,1,1,19,2,6,0,0,0,1,0,0,0,0,1,1,31
2024622400079,2024,622400079,303704,206691,-3.39635,51.75061,3,3,6,12:46,-1,W06000024,3,0,1,0,2,19,6,3,0,0,0,1,0,0,0,0,1,1,26
2024622400080,2024,622400080,319960,178778,-3.15453,51.50225,3,3,5,15:52,-1,W06000015,3,0,1,1,2,19,7,3,0,0,0,1,0,0,0,0,0,1,25
2024622400081,2024,622400081,266470,196402,-3.9315,51.65051,2,2,5,16:21,-1,W06000011,6,0,1,0,1,19,6,2,0,0,0,1,0,0,0,0,1,2,1
2024622400082,2024,622400082,302418,185200,-3.40897,51.55721,3,3,6,00:05,-1,W06000016,3,2,2,1,2,"[3, 19]",4,8,0,0,0,1,0,0,0,0,0,2,2
2024622400083,2024,622400083,317407,178595,-3.19126,51.50023,3,3,6,16:43,-1,W06000015,6,0,2,1,1,19,"[4, 2]","[8, 6]",0,0,0,1,1,0,0,0,0,2,2
2024622400084,2024,622400084,323978,182446,-3.09745,51.53578,3,3,5,10:38,-1,W06000015,3,0,1,0,2,19,2,6,0,0,0,1,0,0,0,0,0,2,1
2024622400085,2024,622400085,303665,206629,-3.3969,51.75004,3,3,7,13:08,-1,W06000024,3,0,1,0,2,19,"[2, 4]","[7, 8]",0,0,0,1,0,1,0,0,0,1,27
2024622400086,2024,622400086,266058,193315,-3.93627,51.62267,3,3,7,20:53,-1,W06000011,3,2,1,0,1,19,"[7, 5]","[3, 1]",0,0,0,1,0,0,0,0,0,2,3
2024622400087,2024,622400087,307620,189751,-3.33516,51.599,3,3,7,19:14,-1,W06000016,3,2,2,1,1,"[9, 19]","[7, 2]","[4, 6]",0,0,0,1,0,0,0,0,0,2,3
2024622400088,2024,622400088,290664,178567,-3.57639,51.49544,3,3,1,10:18,-1,W06000013,3,0,1,1,1,19,"[7, 1]","[3, 5]",0,0,0,1,0,0,0,0,0,2,4
2024622400089,2024,622400089,306022,179921,-3.35559,51.51037,3,3,6,02:20,-1,W06000014,1,2,1,2,2,19,8,4,0,1,4,1,0,0,0,0,0,1,19
2024622400090,2024,622400090,318297,180774,-3.17895,51.51995,3,3,2,20:17,-1,W06000015,6,2,2,1,1,19,"[4, 6]","[8, 2]",0,0,0,1,0,0,0,0,0,2,5
2024622400091,2024,622400091,318496,175261,-3.17481,51.47042,3,3,4,13:15,-1,W06000015,6,0,1,0,1,"[19, 9]","[2, 4]","[6, 2]",0,0,0,1,0,1,0,0,0,2,7
2024622400092,2024,622400092,323734,181092,-3.10068,51.52357,3,3,6,18:20,-1,W06000015,6,2,1,0,1,9,8,6,0,0,0,1,0,0,0,0,1,2,9
2024622400094,2024,622400094,306295,173979,-3.35008,51.45701,2,2,5,14:13,-1,W06000014,3,0,2,1,2,19,2,7,0,0,0,1,0,0,0,0,1,2,15
2024622400095,2024,622400095,301848,202170,-3.42195,51.70965,3,3,1,16:39,-1,W06000016,6,0,1,1,1,"[10, 19]","[4, 8]","[2, 4]",0,"[1, 0]",0,1,0,0,0,0,0,2,4
2024622400096,2024,622400096,264620,192578,-3.95674,51.6157,3,3,7,13:18,-1,W06000011,6,0,1,0,1,"[19, 2]","[2, 0]","[6, 0]","[4, 0]",0,0,1,0,0,0,0,1,2,3
2024622400097,2024,622400097,261452,189515,-4.00126,51.58741,3,3,6,15:22,-1,W06000011,6,0,1,0,1,9,8,6,0,0,0,1,0,0,0,0,1,1,12
2024622400098,2024,622400098,265727,194151,-3.94137,51.6301,2,"[3, 2]",7,17:23,-1,W06000011,4,0,1,1,1,"[19, 9]","[2, 6]","[6, 4]",0,0,0,1,0,0,0,0,0,2,3
2024622400099,2024,622400099,274186,194411,-3.81931,51.6344,3,3,1,14:33,-1,W06000012,6,0,1,0,1,"[9, 19]","[6, 8]",4,0,0,0,1,0,0,0,0,0,2,11
2024622400100,2024,622400100,263571,204200,-3.97643,51.71988,3,3,1,10:08,-1,W06000011,6,0,1,0,2,19,"[4, 8]","[8, 4]",0,0,0,1,0,0,0,0,0,2,11
2024622400101,2024,622400101,272581,195276,-3.84281,51.64181,1,1,6,15:12,-1,W06000012,1,0,1,0,2,19,4,8,0,0,0,1,0,0,0,0,0,1,26
2024622400102,2024,622400102,296032,180519,-3.49967,51.514,3,3,5,06:54,-1,W06000013,3,2,2,1,2,19,8,4,0,7,2,1,0,0,0,0,0,2,8
2024622400103,2024,622400103,294813,170530,-3.51425,51.42399,2,"[3, 2]",5,06:32,-1,W06000014,4,2,1,1,2,19,"[4, 8]","[8, 4]",0,"[1, 0]","[11, 0]",1,0,0,0,0,0,2,15
2024622400104,2024,622400104,299785,174408,-3.44387,51.45975,3,3,5,14:05,-1,W06000014,3,0,2,1,2,19,7,3,0,0,0,1,0,0,0,0,0,2,15
2024622400105,2024,622400105,278931,203714,-3.75402,51.71904,3,3,4,13:45,-1,W06000012,3,0,2,1,2,19,6,2,0,0,0,1,0,0,0,0,0,2,14
2024622400106,2024,622400106,316979,179079,-3.19754,51.50452,3,3,7,15:49,-1,W06000015,3,0,2,1,1,"[3, 5]",3,7,0,0,0,1,0,1,0,0,0,2,17
2024622400107,2024,622400107,308941,188217,-3.31569,51.58543,3,3,2,10:20,-1,W06000016,3,0,1,0,1,"[19, 9]","[7, 3]","[4, 8]",0,0,0,1,1,0,0,0,0,2,19
2024622400108,2024,622400108,317920,178694,-3.1839,51.5012,3,3,2,13:48,-1,W06000015,6,0,1,0,1,"[2, 10, 19]","[0, 1]","[0, 5]","[0, 4]",0,0,1,0,0,0,0,0,2,19
2024622400109,2024,622400109,319033,177835,-3.16767,51.49364,3,3,2,16:49,-1,W06000015,3,0,1,0,1,1,6,2,0,0,0,1,0,0,0,0,1,2,19
2024622400110,2024,622400110,309665,186780,-3.30487,51.57262,3,3,6,14:22,-1,W06000016,3,0,2,1,2,"[6, 14]",5,"[5, 2]",0,0,0,1,0,1,0,0,0,2,9
2024622400111,2024,622400111,299636,191653,-3.45093,51.61473,2,2,3,05:52,-1,W06000016,3,2,2,1,1,"[19, 7]","[8, 2]",4,0,0,0,1,0,1,0,0,0,2,20
2024622400112,2024,622400112,320945,178610,-3.14031,51.50088,2,2,6,12:04,-1,W06000015,4,0,1,0,2,"[19, 7]","[8, 7]","[4, 2]",0,"[1, 0]",0,1,0,0,0,0,0,1,26
2024622400113,2024,622400113,313754,168792,-3.24149,51.41157,3,3,2,00:29,-1,W06000014,3,0,1,0,1,19,3,8,0,"[0, 1]","[0, 11]",1,0,0,0,0,0,1,29
2024622400114,2024,622400114,279529,186165,-3.73932,51.56146,3,3,4,08:35,-1,W06000012,1,0,2,1,2,19,4,8,0,0,0,1,0,0,0,0,0,2,21
2024622400115,2024,622400115,307175,190109,-3.34167,51.60214,2,2,4,13:58,-1,W06000016,6,0,2,1,1,4,7,3,0,0,0,1,0,0,0,0,1,2,21
2024622400116,2024,622400116,263343,196345,-3.97665,51.64924,3,3,4,20:08,-1,W06000011,6,2,2,1,1,"[19, 9]","[8, 4]","[4, 2]",0,0,0,1,0,0,0,0,0,2,21
2024622400117,2024,622400117,322260,181952,-3.12211,51.5311,3,3,7,20:02,-1,W06000015,3,2,2,1,2,19,7,3,0,0,0,1,0,0,0,0,0,2,17
2024622400118,2024,622400118,317023,176520,-3.19631,51.48153,3,3,5,21:03,-1,W06000015,6,2,1,1,1,9,1,7,0,0,0,1,0,0,0,0,1,2,22
2024622400119,2024,622400119,265987,193082,-3.9372,51.62056,3,3,5,18:06,-1,W06000011,3,2,1,1,1,19,6,2,0,0,0,1,0,0,0,0,1,2,22
2024622400121,2024,622400121,303063,180576,-3.3984,51.51576,2,2,6,14:07,-1,W06000016,1,0,1,0,1,"[12, 19]",2,6,0,0,0,1,0,1,0,0,0,2,23
2024622400122,2024,622400122,313622,178323,-3.24571,51.49722,3,3,1,11:10,-1,W06000015,6,0,2,1,1,"[19, 4]",5,1,0,0,0,1,0,0,0,0,0,2,25
2024622400123,2024,622400123,315138,177557,-3.2237,51.49057,3,3,5,22:57,-1,W06000015,6,2,4,1,1,"[9, 19]",2,8,0,0,0,1,1,0,0,0,0,1,25
2024622400124,2024,622400124,307774,197964,-3.3351,51.67285,3,3,4,06:40,-1,W06000024,3,2,5,1,2,19,4,8,0,"[1, 0]",0,1,0,0,0,0,0,2,21
2024622400125,2024,622400125,270246,200707,-3.87855,51.69008,2,2,5,12:10,-1,W06000011,4,0,1,0,1,19,6,2,0,0,0,1,0,0,0,0,1,1,18
2024622400126,2024,622400126,312155,168659,-3.26444,51.41012,3,3,5,07:46,-1,W06000014,3,0,2,1,1,"[19, 5]","[7, 8]",3,0,0,0,1,0,0,0,0,0,1,25
2024622400127,2024,622400127,292750,185898,-3.54859,51.56173,3,3,1,04:09,-1,W06000013,3,2,2,1,2,19,6,2,0,2,4,1,0,0,0,0,0,1,28
2024622400128,2024,622400128,267005,197330,-3.92412,51.65897,3,3,1,02:41,-1,W06000011,3,2,1,1,1,5,1,5,7,1,1,1,0,0,0,0,0,1,28
2024622400129,2024,622400129,300280,192099,-3.44176,51.61885,2,2,4,18:07,-1,W06000016,4,2,2,1,1,4,6,2,0,0,0,1,0,0,0,0,1,1,31
2024622400130,2024,622400130,280797,182057,-3.71964,51.52481,3,3,3,15:48,-1,W06000013,1,0,1,0,2,"[19, 11]",8,4,0,"[0, 4]","[0, 6]",1,0,0,1,0,0,1,30
2024622400131,2024,622400131,264843,193884,-3.95403,51.62749,3,3,4,21:13,-1,W06000011,6,2,1,1,1,19,"[6, 4]","[2, 8]",0,0,0,1,0,0,0,0,0,1,31
2024622400132,2024,622400132,285461,194234,-3.65642,51.63522,3,3,5,17:39,-1,W06000013,3,0,1,2,1,19,6,3,0,0,0,0,0,1,0,0,0,1,18
2024622400133,2024,622400133,319878,177682,-3.15547,51.49238,2,2,6,07:47,-1,W06000015,3,0,2,1,1,"[19, 4]",4,8,0,0,0,1,1,0,0,0,0,2,23
2024622400134,2024,622400134,301997,182690,-3.41434,51.53458,3,3,4,21:32,-1,W06000016,3,2,2,1,2,19,4,8,0,1,4,1,0,0,0,0,0,2,28
2024622400135,2024,622400135,298238,174608,-3.46618,51.46127,3,3,2,01:01,-1,W06000014,6,2,1,0,2,1,8,4,0,0,0,1,0,0,0,0,1,2,5
2024622400136,2024,622400136,312695,182863,-3.26019,51.53789,3,3,2,07:05,-1,W06000015,3,0,1,0,1,"[19, 4]",8,4,0,0,0,1,0,0,0,0,0,2,26
2024622400137,2024,622400137,316890,174180,-3.19767,51.46047,3,3,3,16:04,-1,W06000015,6,0,1,0,1,"[19, 5]","[8, 6]","[4, 2]",0,0,0,1,0,0,0,0,0,2,27
2024622400138,2024,622400138,276517,189394,-3.78388,51.58982,2,2,3,17:05,-1,W06000012,3,0,2,1,2,"[2, 19]","[0, 7]","[0, 3]","[0, 4]",0,0,1,0,1,0,0,0,2,27
2024622400139,2024,622400139,318942,177392,-3.16888,51.48964,3,3,2,12:30,-1,W06000015,4,0,1,0,1,5,8,4,0,0,0,0,1,0,0,0,1,2,5
2024622400140,2024,622400140,309022,195609,-3.31644,51.65188,3,3,7,23:35,-1,W06000016,3,2,1,0,2,19,4,8,7,1,6,1,0,0,0,0,0,2,3
2024622400141,2024,622400141,306442,179766,-3.3495,51.50905,2,2,4,15:43,-1,W06000014,1,0,1,1,2,19,8,4,0,0,0,1,0,0,1,0,0,2,28
2024622400142,2024,622400142,306613,190735,-3.34995,51.60768,3,3,4,11:14,-1,W06000016,6,0,1,1,1,"[19, 2]","[8, 0, 4]","[4, 0, 8]","[4, 0]",0,0,1,0,0,0,0,0,2,28
2024622400143,2024,622400143,320411,177209,-3.14768,51.48821,3,3,2,08:35,-1,W06000015,6,0,1,0,1,5,8,4,0,0,0,1,0,0,0,0,1,3,4
2024622400144,2024,622400144,290542,178195,-3.57803,51.49207,3,3,5,20:33,-1,W06000013,4,2,1,0,2,19,2,5,4,0,0,1,0,0,0,0,0,2,29
2024622400145,2024,622400145,314817,180184,-3.22895,51.51413,3,3,2,10:20,-1,W06000015,6,0,1,0,1,"[19, 2]","[4, 0]","[8, 0]","[0, 4]",0,0,1,0,0,0,0,0,3,4
2024622400146,2024,622400146,265263,192470,-3.94742,51.61489,3,3,2,15:26,-1,W06000011,3,0,1,0,1,"[3, 9]",4,"[8, 2]",0,0,0,1,0,0,0,0,0,2,26
2024622400147,2024,622400147,307138,189949,-3.34216,51.6007,3,3,6,21:12,-1,W06000016,3,2,1,1,1,19,8,4,0,0,0,1,0,0,0,0,1,3,1
2024622400148,2024,622400148,300954,186785,-3.43053,51.5712,2,2,3,16:38,-1,W06000016,6,0,2,1,2,19,4,8,0,0,0,1,1,0,0,0,0,2,27
2024622400149,2024,622400149,261895,190572,-3.99529,51.59701,3,3,1,15:10,-1,W06000011,3,0,1,0,1,19,2,6,0,0,0,1,0,0,0,0,1,3,3
2024622400150,2024,622400150,297265,204842,-3.48905,51.73284,3,3,4,10:35,-1,W06000016,6,0,1,0,2,"[19, 2]","[7, 0]","[3, 0]","[4, 0]",0,0,1,0,0,0,1,0,3,6
2024622400151,2024,622400151,305423,207061,-3.37156,51.75423,3,3,3,10:13,-1,W06000024,6,0,1,0,1,"[3, 19]",4,8,0,0,0,1,0,0,0,0,0,3,5
2024622400152,2024,622400152,294174,181598,-3.52676,51.52335,3,3,2,21:27,-1,W06000013,1,2,1,1,2,"[4, 19]",4,8,0,0,0,1,0,0,0,0,0,3,4
2024622400153,2024,622400153,260661,198508,-4.01625,51.66802,3,3,5,17:03,-1,W06000011,6,0,1,0,1,"[19, 5]","[2, 4]","[6, 8]",0,0,0,1,0,1,0,0,0,2,29
2024622400154,2024,622400154,297023,168736,-3.48196,51.40827,3,3,5,20:07,-1,W06000014,6,0,1,0,1,"[19, 5]","[2, 4]","[6, 8]",0,0,0,1,0,0,0,0,0,2,15
2024622400155,2024,622400155,270355,199225,-3.87642,51.67679,2,2,1,22:08,-1,W06000011,4,2,1,0,1,19,5,1,0,1,11,1,0,0,0,0,0,3,3
2024622400156,2024,622400156,295708,205472,-3.51178,51.73822,1,1,5,18:23,-1,W06000016,6,2,1,0,2,19,4,7,10,1,0,1,0,0,0,0,1,2,29
2024622400158,2024,622400158,311122,176213,-3.28119,51.47787,3,3,5,15:11,-1,W06000015,3,0,1,0,2,19,4,8,0,0,0,1,0,0,1,0,0,2,15
2024622400159,2024,622400159,296433,196392,-3.49858,51.65674,3,3,3,19:30,-1,W06000016,6,2,2,1,1,19,2,6,0,0,0,1,0,0,0,0,1,2,20
2024622400160,2024,622400160,318748,176701,-3.17151,51.4834,2,2,4,11:07,-1,W06000015,3,0,1,0,1,19,8,4,0,0,0,1,0,0,0,0,1,3,6
2024622400161,2024,622400161,316350,174803,-3.20559,51.46599,3,3,3,11:59,-1,W06000015,3,0,1,0,1,19,8,4,0,0,0,1,0,0,0,0,0,2,20
2024622400162,2024,622400162,318245,177885,-3.17903,51.49397,2,2,1,01:00,-1,W06000015,6,2,1,0,1,"[2, 19]","[0, 4]","[0, 8]","[0, 4, 10]","[0, 3]",0,1,0,0,0,0,1,3,3
2024622400163,2024,622400163,264557,199225,-3.96023,51.67542,3,3,6,19:24,-1,W06000011,1,0,1,0,2,"[4, 19]",3,"[7, 6]",0,0,0,1,0,1,0,0,0,3,8
2024622400164,2024,622400164,292724,203318,-3.55431,51.71829,3,3,6,23:35,-1,W06000016,6,2,1,0,2,19,2,6,0,7,9,1,0,0,0,0,0,3,8
2024622400165,2024,622400165,274363,198550,-3.81825,51.67163,3,3,6,08:42,-1,W06000012,6,0,1,0,1,19,"[2, 6]","[6, 2]","[0, 7]",0,0,1,0,0,0,0,0,2,23
2024622400166,2024,622400166,290945,182914,-3.57369,51.53456,3,3,5,22:03,-1,W06000013,3,2,1,0,2,19,"[8, 7]","[4, 2]",0,0,0,1,0,0,0,0,0,2,22
2024622400167,2024,622400167,312328,176199,-3.26382,51.47793,3,3,4,15:14,-1,W06000015,6,0,1,0,1,19,"[8, 4]","[4, 8]",0,0,0,1,0,0,0,0,0,3,13
2024622400169,2024,622400169,313745,176593,-3.24352,51.48169,3,3,3,18:25,-1,W06000015,6,2,1,0,1,"[9, 19]","[4, 8]","[1, 4]",0,0,0,1,1,0,0,0,0,3,12
2024622400171,2024,622400171,267708,197762,-3.91413,51.66302,3,3,2,19:40,-1,W06000011,3,0,1,0,1,19,4,8,0,0,0,1,0,0,0,0,1,2,26
2024622400172,2024,622400172,302508,192715,-3.40976,51.62478,3,3,2,12:15,-1,W06000016,6,0,1,0,1,9,"[4, 1]","[7, 4]",0,0,0,1,1,0,0,0,0,2,12
2024622400173,2024,622400173,279365,186507,-3.7418,51.5645,3,3,6,15:58,-1,W06000012,1,0,1,0,2,19,4,8,0,0,0,1,0,0,0,0,0,3,8
2024622400174,2024,622400174,267101,195204,-3.92193,51.63989,3,3,1,19:22,-1,W06000011,6,2,1,1,1,19,3,7,0,0,0,1,0,0,0,0,1,2,4
2024622400175,2024,622400175,316854,179307,-3.1994,51.50655,3,3,3,11:09,-1,W06000015,6,0,1,0,1,5,6,2,0,0,0,1,0,0,0,0,1,2,6
2024622400176,2024,622400176,315300,183111,-3.2227,51.54052,3,3,1,14:48,-1,W06000015,6,0,1,1,2,19,"[8, 3]","[4, 8]",0,"[1, 0]",0,1,0,0,0,0,0,2,11
2024622400177,2024,622400177,322508,180469,-3.11821,51.51781,3,3,6,17:11,-1,W06000015,6,2,1,0,1,"[9, 19]","[8, 6]","[6, 2]",0,0,0,1,0,0,0,0,0,1,5
2024622400178,2024,622400178,274951,193139,-3.80781,51.62313,3,3,7,23:59,-1,W06000012,6,2,2,1,1,"[2, 19]","[0, 8]","[0, 5]","[0, 4]","[0, 1]","[0, 4]",1,0,0,0,0,1,2,10
2024622400179,2024,622400179,304231,207879,-3.38905,51.76138,3,3,6,00:07,-1,W06000024,6,2,2,0,1,19,4,8,7,1,11,1,0,0,0,0,0,3,15
2024622400180,2024,622400180,283720,183302,-3.67794,51.53661,1,1,2,14:10,-1,W06000013,6,0,1,0,1,4,6,2,0,0,0,1,0,0,0,0,1,1,22
2024622400181,2024,622400181,317491,172862,-3.18871,51.44871,2,"[3, 2]",6,13:55,-1,W06000014,3,0,1,0,2,"[3, 19]","[2, 1]",6,0,0,0,1,0,0,0,0,0,3,15
2024622400182,2024,622400182,266974,197302,-3.92456,51.65871,3,3,5,09:26,-1,W06000011,3,0,1,0,1,19,5,1,0,0,0,1,0,0,0,0,0,3,14
2024622400183,2024,622400183,313531,175495,-3.24633,51.47179,3,3,7,18:22,-1,W06000015,6,2,2,1,1,"[19, 1]","[6, 2]","[2, 6]",0,0,0,1,0,0,0,0,0,3,16
2024622400184,2024,622400184,263904,192953,-3.96722,51.6189,3,3,6,12:44,-1,W06000011,6,0,1,1,1,1,2,6,0,0,0,1,0,0,0,0,1,3,15
2024622400185,2024,622400185,324396,181031,-3.09112,51.52311,3,3,4,16:37,-1,W06000015,6,0,1,0,1,5,7,3,0,0,0,1,0,0,0,0,1,2,21
2024622400186,2024,622400186,311704,178531,-3.27339,51.4988,2,"[2, 3]",2,13:32,-1,W06000015,6,0,2,1,2,19,"[7, 4]","[4, 8]",0,0,0,1,0,0,0,0,0,1,1
2024622400187,2024,622400187,315683,172169,-3.21456,51.44221,3,3,7,12:21,-1,W06000014,6,0,1,0,1,"[19, 13]","[2, 6]","[6, 2]",0,0,0,1,0,0,0,0,0,3,16
2024622400188,2024,622400188,313536,176029,-3.24639,51.47659,3,3,2,16:01,-1,W06000015,3,0,1,0,1,"[19, 11]",2,6,"[10, 0]","[1, 0]",0,1,0,0,0,0,0,3,18
2024622400189,2024,622400189,277418,188880,-3.7707,51.5854,3,3,6,13:25,-1,W06000012,3,0,1,0,1,"[19, 9]","[4, 8]","[8, 6]",0,0,0,1,0,0,0,0,0,3,15
2024622400190,2024,622400190,272689,197419,-3.84203,51.66109,3,3,6,09:20,-1,W06000012,3,0,1,0,1,19,3,7,0,0,0,1,0,0,0,0,1,3,8
2024622400191,2024,622400191,313603,177579,-3.2458,51.49053,3,3,5,18:48,-1,W06000015,6,2,1,0,1,"[19, 9]","[5, 7]","[1, 4]",0,0,0,1,0,1,0,0,0,3,14
2024622400192,2024,622400192,319591,174944,-3.15898,51.46773,3,3,5,12:45,-1,W06000015,3,0,2,1,1,"[19, 15]",6,2,0,0,0,1,0,0,0,0,0,3,14
2024622400193,2024,622400193,279632,206514,-3.74484,51.74436,3,3,5,06:20,-1,W06000012,6,0,1,1,2,19,2,6,0,8,3,1,0,0,0,0,0,3,14
2024622400194,2024,622400194,319014,177825,-3.16794,51.49355,3,3,7,15:44,-1,W06000015,3,0,8,0,1,19,2,6,0,0,0,1,0,0,0,0,1,3,16
2024622400195,2024,622400195,318629,171972,-3.17214,51.44087,3,3,5,09:07,-1,W06000014,6,0,1,0,1,19,5,2,0,0,0,1,0,0,0,0,1,3,21
2024622400197,2024,622400197,263063,194974,-3.98015,51.63685,3,3,1,18:21,-1,W06000011,3,2,1,0,1,"[19, 15]",2,6,0,0,0,1,0,0,0,0,0,2,11
2024622400198,2024,622400198,307774,182818,-3.33111,51.5367,3,3,5,00:52,-1,W06000016,6,2,1,1,2,19,8,4,10,1,4,1,0,0,0,0,0,3,7
2024622400199,2024,622400199,274391,190978,-3.81512,51.60359,1,1,5,22:06,-1,W06000012,6,2,1,0,1,19,6,2,0,0,0,1,0,1,0,0,0,1,4
2024622400200,2024,622400200,262300,196732,-3.99187,51.65247,3,3,2,16:51,-1,W06000011,6,2,1,0,1,19,4,8,0,0,0,0,0,1,0,0,1,1,8
2024622400201,2024,622400201,304928,185491,-3.37286,51.56026,3,3,3,17:44,-1,W06000016,6,0,2,1,2,19,"[2, 5]","[6, 2]",0,0,0,1,0,0,0,0,0,3,19
2024622400202,2024,622400202,275920,189704,-3.7926,51.59248,3,3,6,13:54,-1,W06000012,4,0,1,0,1,19,8,4,0,0,0,1,1,0,0,0,0,3,22
2024622400203,2024,622400203,306673,185242,-3.34762,51.55831,3,3,7,12:13,-1,W06000016,4,0,1,0,1,"[9, 19]","[2, 8]","[8, 4]",0,0,0,1,0,0,0,0,0,3,23
2024622400204,2024,622400204,261390,188190,-4.00163,51.57548,3,3,5,12:00,-1,W06000011,4,0,1,0,1,7,5,7,0,0,0,1,0,0,0,0,1,1,4
2024622400205,2024,622400205,275167,197468,-3.80624,51.66209,2,2,7,16:54,-1,W06000012,4,0,1,0,1,5,6,2,0,0,0,1,0,0,0,0,1,3,23
2024622400206,2024,622400206,300371,202729,-3.44348,51.71441,3,3,5,17:01,-1,W06000016,6,0,1,0,1,19,8,4,0,0,0,1,0,0,0,0,1,3,21
2024622400207,2024,622400207,274111,193966,-3.82024,51.63038,3,3,2,10:26,-1,W06000012,3,0,1,0,1,19,2,6,0,0,0,1,0,0,0,0,0,3,11
2024622400208,2024,622400208,300026,192112,-3.44543,51.61892,3,3,7,11:33,-1,W06000016,4,0,1,0,1,19,8,4,0,0,0,1,0,0,0,0,1,3,23
2024622400209,2024,622400209,307737,199458,-3.33603,51.68627,3,3,1,19:42,-1,W06000024,6,2,1,1,2,"[19, 9]",1,"[5, 8]",0,0,0,1,0,0,0,0,0,3,24
2024622400210,2024,622400210,274291,195699,-3.81826,51.64599,3,3,2,13:13,-1,W06000012,3,0,1,0,1,19,5,1,0,0,0,0,1,0,0,0,1,3,25
2024622400211,2024,622400211,301447,193768,-3.42538,51.63406,3,3,7,17:55,-1,W06000016,6,0,1,1,2,"[19, 5]","[4, 8]","[8, 3]",0,0,0,1,0,0,0,0,0,3,16
2024622400212,2024,622400212,302752,207741,-3.41043,51.75988,3,3,7,20:41,-1,W06000024,3,2,1,0,2,19,4,8,0,0,0,0,0,1,0,0,0,3,23
2024622400213,2024,622400213,319847,178759,-3.15616,51.50206,2,"[3, 2]",2,13:02,-1,W06000015,3,0,1,1,2,"[19, 4]",3,7,0,"[0, 1]","[0, 6]",1,0,0,0,0,0,3,25
2024622400214,2024,622400214,282220,178002,-3.69778,51.48866,3,3,1,17:12,-1,W06000013,3,0,1,0,2,"[5, 3]",5,1,0,0,0,1,0,0,0,0,0,3,24
2024622400215,2024,622400215,264679,197175,-3.95767,51.65702,1,1,2,20:53,-1,W06000011,6,2,1,0,2,19,"[6, 2]","[2, 6]",0,0,0,1,0,1,0,0,0,4,1
2024622400216,2024,622400216,305737,204335,-3.36627,51.72978,2,"[2, 3]",1,18:26,-1,W06000024,6,0,1,1,1,19,4,8,0,7,0,1,0,0,0,0,1,3,17
2024622400217,2024,622400217,318289,177725,-3.17836,51.49254,3,3,3,08:01,-1,W06000015,6,0,1,0,1,"[3, 19]","[2, 6]","[6, 2]",0,0,0,1,0,0,0,0,0,3,26
2024622400218,2024,622400218,284083,178205,-3.67103,51.49087,3,3,7,14:22,-1,W06000013,3,0,1,0,2,"[19, 10]",6,2,0,0,0,1,0,0,0,0,0,3,30
2024622400219,2024,622400219,319698,179911,-3.15857,51.5124,3,3,6,11:04,-1,W06000015,6,0,1,0,1,"[19, 2]","[5, 0]","[1, 0]",0,0,0,1,0,0,0,0,0,3,29
2024622400220,2024,622400220,320959,181019,-3.14065,51.52253,3,3,1,21:25,-1,W06000015,6,2,1,1,1,7,6,8,0,1,0,1,0,0,0,0,0,3,31
2024622400221,2024,622400221,316651,176084,-3.20156,51.47755,3,3,2,21:26,-1,W06000015,3,2,2,1,1,"[9, 19]","[6, 2]","[3, 6]",0,0,0,1,0,0,0,0,0,4,1
2024622400222,2024,622400222,315060,179365,-3.22525,51.50681,3,3,1,07:38,-1,W06000015,6,0,1,0,1,"[1, 19]","[8, 4]","[4, 8]",0,"[7, 0]",0,1,0,0,0,0,0,3,31
2024622400223,2024,622400223,299533,192545,-3.45268,51.62273,3,3,3,16:40,-1,W06000016,3,2,2,1,1,"[19, 4]",4,8,0,0,0,1,0,0,0,0,0,4,2
2024622400224,2024,622400224,299448,193695,-3.45423,51.63305,2,2,3,18:50,-1,W06000016,3,0,2,1,2,7,6,1,0,0,0,1,0,0,0,0,1,4,2
2024622400225,2024,622400225,313915,176158,-3.24096,51.47781,3,3,3,13:24,-1,W06000015,6,0,1,0,1,"[9, 19]","[6, 8]",4,0,0,0,1,0,0,0,0,0,4,2