collision_index,collision_year,collision_ref_no,location_easting_osgr,location_northing_osgr,longitude,latitude,casualty_severity,casualty_severity,day_of_week,time,local_authority_district,local_authority_ons_district,first_road_class,light_conditions,weather_conditions,road_surface_conditions,urban_or_rural_area,vehicle_manoeuvre,vehicle_direction_from,vehicle_direction_to,hit_object_in_carriageway,vehicle_leaving_carriageway,hit_object_off_carriageway,is_car,is_cyle,is_mcyle,is_goodsv,is_other,is_pedestrian,month,day
2024622400406,2024,622400406,317675,175211,-3.18661,51.46985,3,3,5,18:23,-1,W06000015,3,0,1,0,1,"[9, 19]","[8, 2]","[7, 6]",0,0,0,1,0,0,0,0,0,6,6
2024622400407,2024,622400407,289372,183448,-3.59653,51.53906,2,2,4,08:55,-1,W06000013,4,0,1,0,1,"[9, 19]","[3, 8]","[2, 4]",0,0,0,1,1,0,0,0,0,6,5
2024622400408,2024,622400408,262936,192767,-3.98112,51.61699,3,3,3,10:14,-1,W06000011,3,0,1,0,1,"[4, 19]",7,3,0,0,0,1,0,0,0,0,1,5,28
2024622400409,2024,622400409,295892,180269,-3.50161,51.51172,3,3,5,16:00,-1,W06000013,3,0,2,1,2,19,6,2,0,0,0,1,0,0,0,0,0,6,13
2024622400410,2024,622400410,317961,178016,-3.18315,51.49511,3,3,4,10:10,-1,W06000015,6,0,1,0,1,19,"[6, 8]","[2, 4]",0,0,0,1,1,0,0,0,0,6,12
2024622400411,2024,622400411,313811,170775,-3.24115,51.4294,3,3,6,17:51,-1,W06000014,6,0,1,0,2,"[4, 19]","[7, 3]","[3, 7]",0,1,0,1,0,0,0,0,0,6,14
2024622400412,2024,622400412,318443,179070,-3.17645,51.50466,2,2,1,10:34,-1,W06000015,6,0,1,0,1,19,"[1, 7]","[5, 3]",0,0,0,1,0,0,0,0,0,6,16
2024622400413,2024,622400413,316904,181464,-3.19919,51.52595,3,3,7,14:40,-1,W06000015,6,0,1,0,1,"[9, 19]","[2, 8]","[8, 4]",0,0,0,1,0,0,0,0,0,6,8
2024622400414,2024,622400414,256855,198126,-4.07109,51.66363,3,3,7,09:46,-1,W06000011,3,0,1,0,1,"[9, 19]","[6, 2]","[4, 6]",0,0,0,1,0,0,0,0,0,6,15
2024622400416,2024,622400416,264375,192405,-3.96021,51.61409,3,3,4,12:40,-1,W06000011,6,0,1,0,1,19,"[4, 7]","[8, 3]",0,0,0,1,0,0,0,0,0,5,15
2024622400417,2024,622400417,316315,178554,-3.20698,51.49971,3,3,4,21:14,-1,W06000015,3,0,1,0,1,"[9, 19]","[6, 4]","[5, 8]",0,0,0,1,0,0,0,0,0,5,22
2024622400418,2024,622400418,320051,180806,-3.15368,51.52049,3,3,4,16:02,-1,W06000015,6,0,1,0,1,"[19, 9]","[1, 5]","[5, 3]",0,"[0, 7]",0,1,0,0,1,0,0,5,15
2024622400419,2024,622400419,300434,189983,-3.43894,51.59986,3,3,7,05:56,-1,W06000016,4,0,1,0,1,"[19, 2]","[6, 0]","[8, 0]","[4, 0]",0,0,1,0,0,1,0,0,6,8
2024622400421,2024,622400421,265197,193143,-3.94863,51.62092,3,3,5,15:21,-1,W06000011,3,0,1,0,1,19,2,6,0,0,0,1,0,0,0,0,1,5,2
2024622400423,2024,622400423,318546,175989,-3.17426,51.47697,3,3,1,18:18,-1,W06000015,6,0,1,0,1,"[9, 19]","[8, 6]","[6, 2]",0,0,0,1,1,0,0,0,0,6,16
2024622400424,2024,622400424,298677,188122,-3.46376,51.58282,2,2,3,17:12,-1,W06000016,3,0,1,0,2,"[19, 5]","[6, 8]","[2, 4]",0,0,0,1,0,1,0,0,0,6,11
2024622400425,2024,622400425,306068,194146,-3.35874,51.63825,3,3,5,20:33,-1,W06000016,6,0,1,0,2,19,8,4,0,0,0,1,0,0,0,0,1,6,6
2024622400426,2024,622400426,314184,181566,-3.23841,51.52646,3,3,1,08:29,-1,W06000015,3,0,1,0,2,"[19, 5]","[3, 2]","[8, 6]",0,0,0,1,0,0,0,0,0,6,16
2024622400427,2024,622400427,256283,197953,-4.07928,51.66193,3,3,6,23:13,-1,W06000011,3,2,1,0,1,19,4,8,0,1,0,1,0,0,0,0,0,5,24
2024622400428,2024,622400428,312301,168970,-3.26242,51.41294,3,3,5,22:47,-1,W06000014,6,2,9,0,1,"[2, 19]","[0, 7]","[0, 3]",0,0,0,1,0,0,0,0,0,5,9
2024622400429,2024,622400429,275471,189768,-3.79911,51.59296,3,3,4,17:59,-1,W06000012,6,0,1,0,1,"[13, 9]",2,"[6, 8]",0,0,0,1,0,1,0,0,0,6,26
2024622400430,2024,622400430,299536,193688,-3.45296,51.633,3,3,5,17:29,-1,W06000016,3,0,1,0,1,4,6,2,0,0,0,0,0,0,1,0,0,5,9
2024622400431,2024,622400431,308100,185763,-3.32718,51.56323,3,3,2,15:15,-1,W06000016,4,0,1,0,1,19,7,3,0,0,0,1,0,0,0,0,1,6,17
2024622400432,2024,622400432,275064,196683,-3.80745,51.65501,3,3,5,15:41,-1,W06000012,6,0,8,0,1,19,"[2, 8]","[6, 4]",0,0,0,1,1,0,0,0,0,6,20
2024622400433,2024,622400433,302666,191231,-3.40707,51.61147,3,3,3,19:48,-1,W06000016,6,0,1,0,1,19,4,8,0,0,0,1,0,0,0,0,1,6,18
2024622400434,2024,622400434,270001,201613,-3.88243,51.69816,3,3,3,08:21,-1,W06000011,4,0,1,0,1,19,6,2,0,0,0,1,0,0,0,0,1,6,18
2024622400435,2024,622400435,262910,195919,-3.98273,51.64531,3,3,5,20:42,-1,W06000011,3,0,1,0,1,"[19, 9]","[4, 8]","[8, 7]",0,0,0,1,0,0,0,0,0,6,20
2024622400437,2024,622400437,256585,198083,-4.07497,51.66317,3,3,3,19:31,-1,W06000011,4,0,2,1,1,"[6, 19]","[6, 2]",6,0,0,0,1,1,0,0,0,0,5,7
2024622400438,2024,622400438,299339,206679,-3.45956,51.74973,3,3,7,14:58,-1,W06000016,6,0,2,1,2,19,"[6, 2]","[2, 6]",0,0,0,1,0,0,0,0,0,6,15
2024622400439,2024,622400439,312791,178291,-3.25767,51.49681,3,3,3,10:25,-1,W06000015,6,0,1,0,1,"[9, 19]","[5, 7]",3,0,0,0,1,0,0,0,0,0,6,18
2024622400440,2024,622400440,322965,180120,-3.11154,51.51473,3,3,4,15:23,-1,W06000015,6,0,1,0,1,19,2,6,0,0,0,1,0,0,0,0,1,6,26
2024622400441,2024,622400441,261169,188955,-4.00512,51.5823,3,3,6,08:58,-1,W06000011,6,0,1,0,1,19,8,4,0,0,0,1,0,0,0,0,1,6,28
2024622400442,2024,622400442,317855,173703,-3.18367,51.45632,3,3,6,19:31,-1,W06000015,6,0,1,0,1,19,4,8,0,0,0,0,0,0,1,0,1,6,28
2024622400443,2024,622400443,280744,177406,-3.71883,51.483,3,3,1,20:25,-1,W06000013,6,0,1,0,2,19,"[1, 5]","[5, 1]","[10, 0]",1,0,1,0,0,0,0,0,6,23
2024622400444,2024,622400444,265663,193217,-3.94193,51.62169,3,3,2,18:19,-1,W06000011,6,0,1,0,1,9,3,1,0,0,0,1,0,0,0,0,0,4,15
2024622400445,2024,622400445,302839,199796,-3.40695,51.68848,3,3,1,18:44,-1,W06000016,4,0,1,0,1,"[2, 19]","[0, 4]","[0, 8]","[0, 4]",0,0,1,0,1,0,0,0,6,16
2024622400446,2024,622400446,256407,198027,-4.07752,51.66263,3,3,4,00:05,-1,W06000011,3,2,1,0,1,19,4,8,0,0,0,1,0,0,0,0,0,6,26
2024622400447,2024,622400447,287522,199069,-3.62821,51.67909,3,3,7,12:54,-1,W06000012,6,0,1,0,2,19,"[4, 2]","[8, 6]",0,0,0,1,1,0,0,0,0,5,11
2024622400448,2024,622400448,323334,180340,-3.10628,51.51676,3,3,1,02:07,-1,W06000015,6,2,1,0,1,"[2, 19]","[0, 4]","[0, 7]","[0, 4]",0,0,1,0,0,0,0,0,6,30
2024622400449,2024,622400449,317637,175813,-3.1873,51.47526,3,3,7,22:36,-1,W06000015,3,2,1,0,1,"[19, 10]",8,4,0,0,0,1,1,0,0,0,0,6,29
2024622400450,2024,622400450,311529,186089,-3.27781,51.56671,3,3,5,07:39,-1,W06000016,6,0,1,0,1,19,4,8,11,0,0,1,0,0,0,0,0,6,27
2024622400451,2024,622400451,269996,201013,-3.88228,51.69277,3,3,4,17:29,-1,W06000011,4,0,1,0,2,"[19, 3]",8,4,0,0,0,1,0,0,0,0,0,6,19
2024622400452,2024,622400452,320918,177816,-3.14052,51.49373,3,3,7,00:50,-1,W06000015,6,2,1,0,1,19,7,3,2,0,0,0,0,1,0,0,0,6,22
2024622400453,2024,622400453,322969,181326,-3.11175,51.52557,3,3,2,16:52,-1,W06000015,4,0,1,0,1,"[19, 5]","[2, 4]","[6, 2]",0,0,0,1,0,1,0,0,0,6,24
2024622400454,2024,622400454,316516,172055,-3.20255,51.44131,3,3,4,16:51,-1,W06000014,3,0,1,0,1,"[3, 19]",6,2,0,0,0,1,0,0,0,0,0,6,19
2024622400455,2024,622400455,317714,181823,-3.1876,51.5293,2,2,2,18:27,-1,W06000015,4,0,1,0,1,19,"[2, 6]","[6, 2]",0,0,0,1,1,0,0,0,0,6,24
2024622400456,2024,622400456,300972,169309,-3.42536,51.41412,3,3,5,15:48,-1,W06000014,6,0,1,0,1,"[5, 19]","[2, 6]","[6, 2]",0,0,0,1,0,1,0,0,0,6,20
2024622400457,2024,622400457,281853,180735,-3.70398,51.51315,2,"[2, 3]",3,16:13,-1,W06000013,3,0,1,0,2,19,6,2,0,0,0,1,0,0,0,0,1,6,25
2024622400458,2024,622400458,299991,202753,-3.44899,51.71456,3,3,5,11:09,-1,W06000016,3,0,1,0,1,19,2,6,0,0,0,1,0,1,0,0,0,6,27
2024622400459,2024,622400459,317947,181422,-3.18415,51.52573,3,3,5,11:54,-1,W06000015,6,0,1,0,1,"[19, 7]","[5, 6]","[1, 8]",0,"[0, 1]","[0, 4]",1,0,0,0,0,0,6,27
2024622400460,2024,622400460,272117,196055,-3.84979,51.6487,3,3,3,16:24,-1,W06000012,1,0,1,0,2,19,4,8,0,0,0,1,0,0,0,0,0,6,25
2024622400461,2024,622400461,292753,203344,-3.5539,51.71853,3,3,1,20:10,-1,W06000016,3,0,1,0,2,19,6,2,10,1,1,1,0,0,0,0,0,6,30
2024622400462,2024,622400462,312153,184321,-3.26837,51.55091,3,3,1,15:23,-1,W06000016,3,0,1,0,1,19,8,4,0,0,0,1,0,0,0,0,0,6,23
2024622400463,2024,622400463,295924,196655,-3.50601,51.65901,3,3,4,17:29,-1,W06000016,6,0,1,0,1,"[5, 3]",6,2,0,0,0,1,0,0,0,0,0,6,26
2024622400464,2024,622400464,312998,168480,-3.25228,51.40864,3,3,3,12:18,-1,W06000014,6,0,1,0,1,"[5, 19]","[4, 6]",2,0,0,0,1,0,1,0,0,0,7,2
2024622400465,2024,622400465,274995,191949,-3.80675,51.61245,3,3,6,18:12,-1,W06000012,6,0,1,0,2,"[19, 3]","[8, 7]","[3, 4]",0,0,0,1,0,0,0,0,0,6,21
2024622400466,2024,622400466,321621,181696,-3.13126,51.52871,3,3,4,13:16,-1,W06000015,3,0,1,0,2,19,6,2,0,0,0,1,0,0,0,0,0,6,26
2024622400467,2024,622400467,265308,198869,-3.94924,51.6724,3,3,5,18:44,-1,W06000011,3,0,1,0,1,"[4, 9]","[4, 8]","[8, 5]",0,0,0,1,0,0,0,0,0,6,27
2024622400468,2024,622400468,272765,194469,-3.83986,51.6346,3,3,2,17:18,-1,W06000012,1,0,1,0,2,"[19, 4]",1,"[4, 5]",0,0,0,1,0,0,0,0,0,6,24
2024622400469,2024,622400469,291373,180392,-3.56674,51.51198,3,3,3,14:29,-1,W06000013,6,0,1,0,1,19,1,5,0,0,0,1,0,0,0,0,0,7,2
2024622400470,2024,622400470,297069,195185,-3.48903,51.64601,1,1,6,06:13,-1,W06000016,4,0,1,0,1,19,6,2,0,1,10,0,0,1,0,0,0,6,7
2024622400471,2024,622400471,267290,195184,-3.91919,51.63976,2,2,5,18:10,-1,W06000011,4,0,1,0,1,19,"[3, 5]","[7, 1]",0,0,0,1,1,0,0,0,0,7,4
2024622400472,2024,622400472,311614,175101,-3.27382,51.46795,3,3,6,22:22,-1,W06000015,3,2,1,1,1,"[4, 19]",4,8,0,0,0,1,0,0,0,0,0,7,5
2024622400473,2024,622400473,297015,169578,-3.48232,51.41583,1,1,3,19:25,-1,W06000014,4,0,1,0,2,19,7,3,0,1,2,0,0,1,0,0,0,6,25
2024622400474,2024,622400474,291645,182734,-3.56355,51.53308,3,3,7,05:43,-1,W06000013,1,2,2,1,2,19,3,7,0,1,6,1,0,0,0,0,0,7,6
2024622400475,2024,622400475,292684,187452,-3.55001,51.57568,3,3,7,09:25,-1,W06000013,3,0,1,1,2,19,6,2,0,7,4,1,0,0,0,0,0,7,6
2024622400476,2024,622400476,279929,184990,-3.73315,51.55098,3,3,7,23:47,-1,W06000012,1,2,2,1,2,19,8,4,0,1,9,1,0,0,0,0,0,7,6
2024622400477,2024,622400477,301611,180603,-3.41932,51.51575,3,3,1,14:39,-1,W06000016,6,0,1,0,2,19,"[6, 4]","[3, 8]",0,0,0,1,0,1,0,0,0,7,7
2024622400478,2024,622400478,265025,192934,-3.95103,51.619,3,3,7,20:50,-1,W06000011,4,0,1,0,1,"[13, 9]",6,"[2, 4]",0,0,0,1,1,0,0,0,0,7,6
2024622400480,2024,622400480,305870,185227,-3.3592,51.55804,3,3,4,11:45,-1,W06000016,4,0,1,0,1,5,2,6,0,0,0,1,0,1,0,0,0,6,5
2024622400481,2024,622400481,265217,197413,-3.94999,51.65929,3,3,2,17:15,-1,W06000011,4,0,1,0,1,"[19, 4]",4,8,0,0,0,1,0,0,0,0,0,7,8
2024622400482,2024,622400482,318712,183767,-3.17366,51.54692,3,3,3,06:06,-1,W06000015,1,0,2,1,2,19,7,3,0,2,6,1,0,0,0,0,0,7,9
2024622400483,2024,622400483,313876,170207,-3.24008,51.4243,3,3,2,09:06,-1,W06000014,6,0,1,0,2,"[4, 19]","[8, 7]",4,0,0,0,1,0,0,0,0,0,7,8
2024622400484,2024,622400484,311745,169687,-3.27059,51.4193,3,3,2,10:05,-1,W06000014,6,0,1,0,1,19,7,3,7,0,0,1,0,0,0,0,0,7,8
2024622400485,2024,622400485,293622,198490,-3.53984,51.67507,3,3,7,12:10,-1,W06000016,6,0,1,0,1,19,3,7,0,0,0,1,0,0,0,0,1,7,6
2024622400486,2024,622400486,315452,171596,-3.21775,51.43703,2,2,2,10:39,-1,W06000014,6,0,1,0,1,"[10, 19]","[3, 2]","[2, 6]",0,0,0,1,1,0,0,0,0,7,8
2024622400487,2024,622400487,303769,206545,-3.39537,51.74931,3,3,2,16:29,-1,W06000024,3,0,1,1,2,19,8,4,0,0,0,1,0,0,0,0,0,7,8
2024622400488,2024,622400488,262059,199432,-3.99641,51.67667,2,2,3,12:10,-1,W06000011,1,0,1,0,2,19,6,3,0,1,6,0,0,1,0,0,0,7,9
2024622400490,2024,622400490,286992,188297,-3.63239,51.58217,3,3,5,15:08,-1,W06000013,3,0,1,0,2,"[19, 9]","[8, 7]",4,0,0,0,1,0,0,1,0,0,6,20
2024622400492,2024,622400492,314731,181325,-3.23047,51.52438,3,3,6,20:29,-1,W06000015,3,0,2,1,1,"[3, 19]",8,4,0,0,0,1,0,0,0,0,0,7,5
2024622400493,2024,622400493,265357,193098,-3.9463,51.62055,3,3,7,16:58,-1,W06000011,6,0,1,1,1,19,6,2,0,0,0,0,1,1,0,0,0,6,29
2024622400494,2024,622400494,312331,175903,-3.2637,51.47527,3,3,3,18:19,-1,W06000015,6,0,1,0,1,19,7,3,0,0,0,0,0,1,0,0,1,6,25
2024622400495,2024,622400495,269822,196846,-3.88324,51.65528,3,3,5,19:38,-1,W06000011,6,0,1,0,1,19,3,7,0,1,11,1,0,0,0,0,0,6,27
2024622400496,2024,622400496,318770,174594,-3.17071,51.46447,3,3,2,15:25,-1,W06000015,3,0,1,0,1,19,3,7,0,0,0,1,0,0,0,0,1,6,24
2024622400497,2024,622400497,298851,192811,-3.4626,51.62499,3,3,6,10:34,-1,W06000016,6,0,1,0,1,19,"[1, 3]","[5, 7]",0,0,0,1,1,0,0,0,0,6,21
2024622400498,2024,622400498,272063,204021,-3.8535,51.72028,3,3,7,14:13,-1,W06000012,3,0,1,0,1,"[7, 19]","[5, 6]","[8, 2]",0,0,0,1,1,0,0,0,0,6,8
2024622400499,2024,622400499,261540,189489,-3.99998,51.58719,3,3,2,09:51,-1,W06000011,3,0,1,0,2,"[4, 19]",1,5,0,0,0,1,0,0,0,0,0,7,1
2024622400500,2024,622400500,259061,203712,-4.04147,51.71438,3,3,1,01:28,-1,W06000011,3,0,1,0,2,"[19, 2]","[4, 0]","[8, 0]","[4, 0]",0,0,1,0,1,0,0,0,7,7
2024622400501,2024,622400501,300141,179181,-3.4401,51.50271,3,3,1,05:11,-1,W06000014,6,2,2,1,2,19,4,8,10,0,0,1,0,0,0,0,0,7,7
2024622400502,2024,622400502,315321,169968,-3.21924,51.42237,1,"[1, 3]",1,03:50,-1,W06000014,3,2,1,0,2,19,6,2,7,2,4,1,0,0,0,0,0,7,14
2024622400503,2024,622400503,268566,194305,-3.90043,51.63216,3,3,6,15:20,-1,W06000011,6,0,1,0,2,"[4, 19]","[5, 1]","[1, 5]",0,0,0,1,0,1,0,0,0,7,12
2024622400504,2024,622400504,318046,178102,-3.18195,51.4959,3,3,7,10:57,-1,W06000015,6,0,1,0,1,"[19, 3]",1,5,0,0,0,1,0,1,0,0,0,7,13
2024622400505,2024,622400505,310947,167859,-3.2816,51.40274,3,3,1,22:08,-1,W06000014,6,2,1,0,1,19,"[2, 4]","[6, 8]",0,0,0,1,0,0,0,0,0,7,14
2024622400506,2024,622400506,308131,174137,-3.3237,51.45873,2,2,1,16:26,-1,W06000014,3,0,1,0,2,19,7,2,0,0,0,0,0,1,0,0,0,7,7
2024622400507,2024,622400507,261755,197225,-3.99993,51.65676,3,3,3,13:41,-1,W06000011,3,0,1,0,2,19,3,7,0,0,0,0,0,1,0,0,0,7,16
2024622400508,2024,622400508,315397,177596,-3.21998,51.49096,3,3,2,16:17,-1,W06000015,3,0,1,0,1,"[19, 7]","[3, 5]",7,0,0,0,1,0,0,0,0,0,7,15
2024622400509,2024,622400509,302777,207791,-3.41008,51.76033,3,3,1,12:57,-1,W06000024,3,0,1,0,2,"[19, 5]","[8, 2]","[4, 6]",0,0,0,1,0,1,0,0,0,7,14
2024622400510,2024,622400510,319703,176686,-3.15776,51.4834,3,3,3,10:18,-1,W06000015,6,0,1,0,1,"[4, 19]",2,6,0,0,0,1,0,0,0,0,0,7,16
2024622400512,2024,622400512,265749,198535,-3.94273,51.6695,3,3,7,09:06,-1,W06000011,6,0,1,0,1,"[14, 2, 19]","[1, 0, 5]","[5, 0, 1]","[4, 0]",0,0,1,0,0,0,0,0,7,13
2024622400513,2024,622400513,314412,176709,-3.23394,51.48283,2,2,3,20:32,-1,W06000015,3,0,1,0,1,19,2,6,0,0,0,1,0,0,0,0,1,7,16
2024622400514,2024,622400514,299445,193701,-3.45428,51.6331,3,3,6,16:31,-1,W06000016,3,0,1,0,2,5,3,1,0,0,0,1,0,0,0,0,1,7,19
2024622400515,2024,622400515,305913,179869,-3.35715,51.50989,3,3,7,19:45,-1,W06000014,3,0,1,0,2,"[19, 4]",3,6,0,0,0,1,0,1,0,0,0,6,29
2024622400516,2024,622400516,298757,192775,-3.46395,51.62465,2,2,7,19:39,-1,W06000016,6,2,1,0,1,1,3,7,0,0,0,1,0,0,0,0,1,6,22
2024622400518,2024,622400518,316462,171514,-3.2032,51.43644,3,3,6,18:37,-1,W06000014,6,0,1,0,1,19,"[1, 3]","[5, 7]",0,0,0,1,1,0,0,0,0,7,19
2024622400519,2024,622400519,311452,167783,-3.27432,51.40214,3,3,6,17:47,-1,W06000014,3,0,1,0,1,"[3, 19]",8,4,0,0,0,1,0,0,0,0,0,7,19
2024622400520,2024,622400520,296059,205073,-3.50657,51.7347,3,3,5,14:37,-1,W06000016,3,0,1,0,2,19,"[3, 7]","[7, 3]",0,0,0,1,0,0,0,0,0,7,18
2024622400521,2024,622400521,321958,179879,-3.126,51.51243,3,3,7,17:34,-1,W06000015,4,0,1,1,1,"[19, 9]","[2, 4]","[6, 2]",0,0,0,1,0,0,0,0,0,7,20
2024622400525,2024,622400525,300688,191788,-3.43578,51.61613,3,3,2,08:31,-1,W06000016,3,0,2,1,1,5,4,8,0,0,0,1,0,0,0,0,1,7,15
2024622400526,2024,622400526,317535,179148,-3.18955,51.50522,3,3,5,20:02,-1,W06000015,3,0,1,0,1,19,3,7,10,0,0,1,0,0,0,0,0,7,18
2024622400527,2024,622400527,316667,181425,-3.20259,51.52557,3,3,3,22:10,-1,W06000015,3,2,1,0,1,19,"[1, 6]","[5, 2]",0,0,0,1,0,0,0,0,0,7,23
2024622400528,2024,622400528,295536,180495,-3.50681,51.51369,2,2,7,18:06,-1,W06000013,6,0,1,0,2,19,2,6,0,7,11,1,0,0,0,0,0,7,20
2024622400529,2024,622400529,323670,180461,-3.10146,51.51789,3,3,2,00:04,-1,W06000015,6,2,1,0,1,19,4,"[8, 7]",0,0,0,1,0,0,0,0,0,7,15
2024622400530,2024,622400530,312947,170397,-3.25348,51.42587,3,3,4,21:57,-1,W06000014,3,0,2,1,2,19,"[4, 8]","[8, 4]",0,0,0,1,0,0,0,0,0,7,24
2024622400532,2024,622400532,274685,191096,-3.81092,51.60472,3,3,7,18:05,-1,W06000012,6,0,1,0,1,"[19, 9]","[6, 2]","[2, 8]",0,0,0,1,0,0,0,0,0,7,27
2024622400533,2024,622400533,317140,174478,-3.19414,51.46319,3,3,5,14:35,-1,W06000015,6,0,1,0,1,"[13, 6]",2,"[6, 2]",0,0,0,1,0,0,0,0,0,7,25
2024622400534,2024,622400534,301606,189946,-3.42201,51.59973,1,1,6,18:56,-1,W06000016,3,0,1,0,1,1,1,5,0,0,0,1,0,0,0,0,1,7,26
2024622400536,2024,622400536,315811,177725,-3.21404,51.49218,3,3,7,16:00,-1,W06000015,3,0,1,0,2,"[4, 19]",8,4,0,0,0,1,0,0,0,0,0,7,27
2024622400537,2024,622400537,300615,213240,-3.44296,51.80893,2,2,1,17:04,-1,W06000024,6,0,1,0,2,"[19, 9]",8,"[4, 6]",0,0,0,1,0,1,0,0,0,7,28
2024622400538,2024,622400538,263113,194970,-3.97943,51.63683,3,3,3,14:24,-1,W06000011,6,0,1,0,1,"[7, 19]",2,4,0,0,0,1,1,0,0,0,0,7,30
2024622400539,2024,622400539,316474,176248,-3.20415,51.479,3,3,3,20:37,-1,W06000015,3,2,1,0,1,"[9, 19]","[4, 2]","[2, 6]",0,0,0,1,1,0,0,0,0,7,30
2024622400540,2024,622400540,261559,188375,-3.99927,51.57719,2,2,4,13:15,-1,W06000011,3,0,1,0,1,1,3,7,0,0,0,0,0,0,0,1,1,7,31
2024622400542,2024,622400542,270435,193072,-3.87299,51.62151,3,3,2,15:55,-1,W06000012,3,0,1,0,2,"[19, 4]",2,6,0,0,0,1,0,0,0,0,0,7,22
2024622400544,2024,622400544,297152,168529,-3.48004,51.40643,3,3,2,21:42,-1,W06000014,6,2,1,0,1,"[19, 9]","[1, 2]","[5, 7]",0,0,0,1,0,0,0,0,0,7,29
2024622400545,2024,622400545,320179,182786,-3.15229,51.53831,3,3,4,21:15,-1,W06000015,4,2,1,0,2,"[15, 19]","[7, 3]","[3, 7]",0,"[1, 0]","[9, 0]",1,0,0,0,0,0,7,31
2024622400546,2024,622400546,312109,173973,-3.26642,51.45789,3,3,4,21:15,-1,W06000014,3,2,1,0,2,"[4, 19]","[1, 7]","[5, 3]",0,0,0,1,0,1,0,0,0,7,31
2024622400548,2024,622400548,296458,182600,-3.49414,51.53278,3,3,4,20:53,-1,W06000013,4,2,1,0,2,"[19, 7]",8,"[4, 2]","[10, 0]","[7, 0]",0,0,0,1,0,1,0,7,31
2024622400549,2024,622400549,266974,197307,-3.92456,51.65876,3,3,5,15:30,-1,W06000011,4,0,1,0,1,19,"[2, 5]","[6, 1]",0,0,0,1,0,0,0,0,0,8,1
2024622400550,2024,622400550,300639,191856,-3.43651,51.61673,2,2,2,12:06,-1,W06000016,3,0,2,1,1,"[4, 19]",8,4,0,0,0,1,0,0,0,0,1,7,15
2024622400551,2024,622400551,312152,185325,-3.26863,51.55994,3,3,4,12:26,-1,W06000016,3,0,1,0,2,"[4, 3]",8,4,0,0,0,1,0,0,0,0,0,7,31
2024622400552,2024,622400552,323326,181228,-3.10658,51.52474,3,3,5,15:53,-1,W06000015,6,0,1,0,1,19,6,2,0,0,0,0,0,1,0,0,1,7,4
2024622400553,2024,622400553,293286,191834,-3.54267,51.61518,3,3,7,12:42,-1,W06000013,6,0,1,0,2,19,1,5,0,7,4,1,0,0,0,0,0,7,27
2024622400554,2024,622400554,318230,176274,-3.17887,51.47949,3,3,7,14:15,-1,W06000015,6,0,1,0,1,1,4,8,0,0,0,1,0,0,0,0,1,8,3
2024622400555,2024,622400555,321894,176835,-3.12625,51.48505,2,2,1,08:10,-1,W06000015,6,0,1,0,2,"[9, 13]","[5, 6]",2,0,0,0,1,0,1,0,0,0,8,4
2024622400556,2024,622400556,291719,195159,-3.56632,51.64477,3,3,2,06:53,-1,W06000012,3,0,2,1,2,19,"[1, 6]","[6, 1]",0,0,0,1,0,0,0,0,0,8,5
2024622400557,2024,622400557,304850,180364,-3.37259,51.51416,3,3,2,18:12,-1,W06000016,1,0,1,0,2,19,4,8,0,"[1, 0]","[7, 0]",1,0,0,0,0,0,7,22
2024622400558,2024,622400558,315035,177326,-3.22512,51.48848,3,3,5,20:09,-1,W06000015,6,0,1,0,1,19,2,6,0,0,0,1,0,0,0,0,1,8,1
2024622400561,2024,622400561,291206,179484,-3.56887,51.50378,2,2,5,18:23,-1,W06000013,4,0,1,0,1,19,4,8,0,0,0,1,0,0,0,0,1,7,18
2024622400562,2024,622400562,277219,190204,-3.77404,51.59726,2,2,6,23:23,-1,W06000012,6,2,2,1,1,"[19, 2]","[5, 0]","[1, 0]",0,"[1, 0]","[11, 0]",1,0,0,0,0,0,8,2
2024622400563,2024,622400563,314499,169175,-3.23087,51.41512,3,3,7,18:06,-1,W06000014,3,0,1,0,1,5,8,2,0,0,0,1,0,1,0,0,0,8,3
2024622400564,2024,622400564,299881,191239,-3.44728,51.61105,3,3,4,01:09,-1,W06000016,4,2,1,0,1,"[19, 2]","[4, 0]","[8, 0]","[4, 0]","[7, 0]",0,1,0,0,0,0,0,8,7
2024622400565,2024,622400565,318743,176690,-3.17158,51.4833,2,2,7,17:03,-1,W06000015,3,0,1,0,1,19,4,8,0,0,0,1,0,0,0,0,1,8,10
2024622400566,2024,622400566,250808,190857,-4.15536,51.59674,3,3,7,18:09,-1,W06000011,6,0,1,0,2,19,2,6,0,1,0,1,0,0,0,0,0,8,10
2024622400567,2024,622400567,317979,174816,-3.18215,51.46635,3,3,6,13:40,-1,W06000015,6,0,1,0,1,"[9, 19]","[5, 6]","[4, 2]",0,0,0,1,1,0,0,0,0,8,9
2024622400568,2024,622400568,310562,202067,-3.29585,51.71018,3,3,3,17:02,-1,W06000024,6,0,1,0,2,19,"[7, 3]","[3, 7]",0,0,0,1,0,0,0,0,0,8,6
2024622400569,2024,622400569,319502,176128,-3.16053,51.47836,3,3,1,16:30,-1,W06000015,6,0,1,0,1,19,"[2, 1]","[6, 5]",0,0,0,1,1,0,0,0,0,8,4
2024622400570,2024,622400570,272848,197420,-3.83973,51.66113,3,3,5,11:03,-1,W06000012,3,0,1,1,1,19,"[7, 3]","[3, 7]",0,0,0,1,0,0,0,0,0,8,8
2024622400571,2024,622400571,319806,177507,-3.15646,51.4908,3,3,2,00:50,-1,W06000015,3,2,1,0,1,19,2,6,0,1,0,1,0,0,0,0,0,8,12