collision_index,collision_year,collision_ref_no,location_easting_osgr,location_northing_osgr,longitude,latitude,casualty_severity,casualty_severity,day_of_week,time,local_authority_district,local_authority_ons_district,first_road_class,light_conditions,weather_conditions,road_surface_conditions,urban_or_rural_area,vehicle_manoeuvre,vehicle_direction_from,vehicle_direction_to,hit_object_in_carriageway,vehicle_leaving_carriageway,hit_object_off_carriageway,is_car,is_cyle,is_mcyle,is_goodsv,is_other,is_pedestrian,month,day
2024631416205,2024,631416205,246658,261104,-4.24652,52.22673,3,3,7,13:15,-1,W06000008,3,0,1,0,2,19,8,4,0,1,11,1,0,0,0,0,0,3,2
2024631416217,2024,631416217,282589,212249,-3.70397,51.79653,2,2,7,10:30,-1,W06000023,3,0,1,1,2,19,3,8,0,1,2,1,0,0,0,0,0,3,2
2024631416304,2024,631416304,217111,246460,-4.67076,52.08619,3,3,7,18:07,-1,W06000008,6,2,8,1,2,19,5,1,0,1,10,1,0,0,0,0,0,3,2
2024631416455,2024,631416455,319511,315656,-3.19343,52.73253,3,3,1,12:00,-1,W06000023,3,0,1,0,2,"[19, 4]",8,4,0,0,0,1,0,1,0,0,0,3,3
2024631416601,2024,631416601,275191,233451,-3.81887,51.98545,3,3,1,19:30,-1,W06000010,3,2,1,0,2,19,2,7,0,7,10,1,0,0,0,0,0,3,3
2024631416945,2024,631416945,258501,281626,-4.08189,52.41428,3,3,2,15:58,-1,W06000008,3,0,2,1,1,19,2,6,0,0,0,1,0,0,0,0,1,3,4
2024631417208,2024,631417208,241158,219147,-4.30747,51.84826,3,3,1,20:32,-1,W06000010,3,2,1,0,1,"[19, 11]",1,"[5, 4]",0,0,0,1,0,0,0,0,0,3,3
2024631417265,2024,631417265,196388,203698,-4.94755,51.695,2,"[3, 2]",3,12:05,-1,W06000009,3,0,1,0,2,"[19, 7]","[5, 8]",2,0,0,0,1,0,0,0,0,0,3,5
2024631417355,2024,631417355,239739,220008,-4.32845,51.85559,3,3,3,14:03,-1,W06000010,6,0,1,0,1,"[7, 19]","[2, 8]",4,0,0,0,1,0,0,0,0,0,3,5
2024631417396,2024,631417396,226427,239980,-4.53164,52.03099,3,3,3,13:20,-1,W06000010,6,0,1,0,2,19,"[2, 5]","[5, 2]",0,0,0,1,0,0,0,0,0,3,5
2024631417409,2024,631417409,257742,203155,-4.06033,51.70904,3,3,3,14:00,-1,W06000010,6,0,2,1,2,"[19, 5]","[2, 4]","[6, 2]",0,0,0,1,0,1,0,0,0,3,5
2024631417455,2024,631417455,258608,281832,-4.0804,52.41616,3,3,3,16:30,-1,W06000008,3,0,1,0,1,19,6,3,0,0,0,1,0,0,0,0,1,3,5
2024631417458,2024,631417458,295548,297598,-3.54245,52.56615,3,3,3,19:39,-1,W06000023,3,2,1,0,2,19,4,1,0,1,7,1,0,0,0,0,0,3,5
2024631417479,2024,631417479,250737,199499,-4.16007,51.67437,3,3,3,19:45,-1,W06000010,4,2,1,0,1,"[19, 1]","[8, 4]","[4, 8]",0,0,0,1,1,0,0,0,0,3,5
2024631417585,2024,631417585,269801,214061,-3.88999,51.80998,3,3,3,12:30,-1,W06000010,6,0,1,0,2,19,"[7, 3]","[3, 7]",0,0,0,0,0,0,1,1,0,3,5
2024631417745,2024,631417745,282855,232887,-3.70713,51.98205,2,2,4,14:00,-1,W06000010,3,0,1,0,2,19,4,8,0,1,10,0,0,1,0,0,0,3,6
2024631417802,2024,631417802,315867,259390,-3.23315,52.22626,3,3,4,16:20,-1,W06000023,3,0,1,0,2,19,5,2,0,1,7,0,0,1,0,0,0,3,6
2024631417872,2024,631417872,259333,246464,-4.055,52.09858,3,3,4,21:00,-1,W06000010,6,2,1,0,2,19,7,4,0,1,3,1,0,0,0,0,0,3,6
2024631417882,2024,631417882,237499,230414,-4.36586,51.94842,2,2,2,07:20,-1,W06000010,3,0,1,1,2,19,2,6,0,8,11,1,0,0,0,0,0,3,4
2024631418003,2024,631418003,257212,212547,-4.07185,51.7933,3,3,3,13:32,-1,W06000010,6,0,1,1,1,"[19, 5]","[8, 2]","[4, 6]",0,0,0,1,0,1,0,0,0,2,20
2024631418249,2024,631418249,295235,284980,-3.54309,52.4527,3,3,5,20:00,-1,W06000023,4,2,1,0,2,19,8,4,0,2,11,1,0,0,0,0,0,3,7
2024631418631,2024,631418631,309683,301016,-3.33491,52.5994,2,2,6,17:30,-1,W06000023,4,0,1,0,2,19,"[6, 2]","[2, 6]",0,1,10,1,0,0,0,0,0,3,8
2024631418657,2024,631418657,262617,283383,-4.02214,52.43111,3,3,6,13:02,-1,W06000008,3,0,1,0,2,"[19, 9]","[5, 6]","[1, 5]",0,0,0,1,0,0,0,0,0,3,8
2024631418817,2024,631418817,257030,205316,-4.07151,51.72828,1,1,7,14:00,-1,W06000010,4,0,1,0,2,19,"[8, 4]","[4, 8]",0,1,10,1,1,0,0,0,0,3,9
2024631418851,2024,631418851,253313,198741,-4.12252,51.66824,2,2,7,18:25,-1,W06000010,4,0,1,0,2,19,7,3,0,0,0,0,0,1,0,0,0,3,9
2024631419977,2024,631419977,221223,244226,-4.60964,52.06747,3,3,6,19:40,-1,W06000008,6,2,1,0,2,1,7,3,0,0,0,1,0,0,0,0,1,3,8
2024631420023,2024,631420023,195510,215991,-4.96747,51.80506,2,2,3,17:30,-1,W06000009,3,0,2,1,1,"[7, 19]",1,"[4, 6]",0,0,0,1,0,0,0,0,0,3,12
2024631420376,2024,631420376,310101,293572,-3.32672,52.53257,3,3,5,17:40,-1,W06000023,6,0,1,0,2,"[4, 19]","[6, 2]","[2, 6]",0,0,0,1,0,0,0,1,0,3,7
2024631420568,2024,631420568,237871,223302,-4.3571,51.88464,3,3,4,14:35,-1,W06000010,6,0,2,1,2,19,1,5,0,2,10,1,0,0,0,0,0,3,13
2024631420743,2024,631420743,258594,281759,-4.08058,52.4155,2,2,5,07:38,-1,W06000008,6,0,9,0,1,"[1, 19]","[2, 6]","[6, 2]",0,0,0,0,0,0,1,1,0,3,7
2024631420755,2024,631420755,252507,200392,-4.13487,51.68286,3,3,5,08:30,-1,W06000010,6,0,2,1,1,"[4, 19]",8,4,0,0,0,1,0,0,0,0,0,3,14
2024631420860,2024,631420860,260138,282188,-4.05807,52.41975,3,3,5,22:45,-1,W06000008,3,2,2,1,1,"[19, 4]",3,7,0,0,0,1,0,0,0,0,0,3,14
2024631420861,2024,631420861,196288,200634,-4.94721,51.66746,3,3,3,17:40,-1,W06000009,4,0,2,1,2,19,3,7,0,2,11,1,0,0,0,0,0,3,12
2024631421061,2024,631421061,226294,241436,-4.53432,52.04403,3,3,6,11:00,-1,W06000010,4,0,2,1,2,"[1, 19]","[3, 6]","[7, 3]",0,0,0,1,0,0,0,0,0,3,15
2024631421190,2024,631421190,262621,212829,-3.99358,51.79719,3,3,5,15:07,-1,W06000010,6,0,2,1,1,"[19, 5]","[4, 6]","[8, 2]",0,0,0,1,0,0,0,0,0,3,14
2024631421256,2024,631421256,244147,200713,-4.25584,51.68349,1,1,6,22:50,-1,W06000010,4,2,1,0,2,19,"[7, 4]","[4, 7]",0,0,0,1,0,0,0,0,1,3,15
2024631421268,2024,631421268,194248,234607,-4.99686,51.97175,2,"[2, 3]",6,18:30,-1,W06000009,3,2,1,1,2,"[19, 9]","[5, 1]","[1, 5, 7]",0,0,0,1,0,0,0,0,0,3,15
2024631421468,2024,631421468,250989,210111,-4.16097,51.76979,1,1,7,15:30,-1,W06000010,4,0,2,1,2,19,8,4,0,2,10,1,0,0,0,0,0,3,16
2024631421492,2024,631421492,278995,209675,-3.75517,51.77263,2,2,7,17:50,-1,W06000023,6,0,2,1,1,"[19, 2]","[5, 0]","[2, 0]","[4, 0]","[1, 7]","[10, 3]",1,0,0,0,0,0,3,16
2024631421511,2024,631421511,301007,260902,-3.45108,52.23738,3,3,7,09:47,-1,W06000023,3,0,1,0,2,"[5, 4]",3,"[7, 1]",0,0,0,1,0,0,0,0,0,3,16
2024631421584,2024,631421584,272210,225029,-3.85913,51.90909,2,"[3, 2]",7,13:38,-1,W06000010,3,0,1,1,2,"[12, 19]","[8, 4]","[4, 8]",0,"[7, 0]","[10, 0]",1,0,0,0,0,0,3,16
2024631422033,2024,631422033,201589,202655,-4.87181,51.6875,1,"[1, 3]",2,10:55,-1,W06000009,3,0,1,0,2,"[19, 9]","[2, 5]","[6, 2]",0,"[7, 1]","[10, 11]",1,0,0,0,0,0,3,18
2024631422247,2024,631422247,257444,203689,-4.06485,51.71377,1,"[3, 1]",2,23:17,-1,W06000010,1,2,2,1,2,"[19, 2]","[8, 0]","[4, 0]","[4, 0]",0,0,1,0,0,1,0,0,3,18
2024631422569,2024,631422569,264751,222479,-3.96649,51.88442,2,2,3,15:03,-1,W06000010,6,0,1,0,2,19,"[2, 7]","[7, 2]",0,0,0,1,0,0,0,0,0,3,19
2024631422593,2024,631422593,265532,213033,-3.95148,51.79973,3,3,3,18:00,-1,W06000010,3,0,2,1,2,19,7,3,0,1,1,1,0,0,0,0,0,3,19
2024631422855,2024,631422855,198204,202360,-4.92054,51.68365,3,3,4,12:55,-1,W06000009,3,0,1,1,2,19,1,6,0,1,11,1,0,0,0,0,0,3,20
2024631423305,2024,631423305,195382,215622,-4.96911,51.8017,3,3,5,15:50,-1,W06000009,6,0,1,0,1,"[7, 19]","[5, 6]","[6, 2]",0,0,0,1,1,0,0,0,0,3,21
2024631423331,2024,631423331,301801,237569,-3.43271,52.02781,2,2,5,13:45,-1,W06000023,4,0,1,0,2,"[19, 5]","[7, 2]","[3, 7]",0,"[7, 0]","[10, 0]",1,0,1,0,0,0,3,21
2024631423557,2024,631423557,298203,228750,-3.48251,51.9479,3,3,6,09:00,-1,W06000023,3,0,1,1,2,19,3,6,0,2,10,0,0,0,1,0,0,3,22
2024631423648,2024,631423648,252827,201425,-4.13068,51.69223,2,"[2, 3]",3,18:00,-1,W06000010,6,2,2,1,1,"[19, 9]","[8, 4]","[4, 2]",0,0,0,1,0,1,0,0,0,3,19
2024631423871,2024,631423871,264326,257045,-3.98639,52.1949,2,2,4,16:58,-1,W06000008,3,0,1,0,2,19,6,3,0,2,10,1,0,0,0,0,0,3,6
2024631423938,2024,631423938,230141,210401,-4.46297,51.76645,3,3,7,09:00,-1,W06000010,3,0,1,0,2,19,6,1,0,7,11,1,0,0,0,0,0,3,23
2024631424077,2024,631424077,240372,254394,-4.33531,52.16467,3,3,7,22:40,-1,W06000008,3,2,1,0,2,"[19, 9]","[6, 8]","[2, 6]",0,0,0,1,0,0,0,0,0,3,23
2024631424087,2024,631424087,303734,291441,-3.41994,52.51233,3,3,7,17:16,-1,W06000023,3,0,1,0,2,"[19, 4]",2,6,0,"[0, 1]","[0, 10]",1,0,0,0,0,0,3,23
2024631424191,2024,631424191,193420,209079,-4.99363,51.74223,3,3,5,08:45,-1,W06000009,3,0,1,1,2,"[19, 12]","[4, 8]","[8, 4]",0,"[1, 0]","[10, 0]",1,0,0,0,0,0,3,21
2024631424337,2024,631424337,191738,207740,-5.01715,51.72959,3,3,2,04:15,-1,W06000009,3,2,1,1,1,9,5,3,0,3,10,1,0,0,0,0,0,3,25
2024631424617,2024,631424617,256389,213000,-4.08396,51.79716,3,3,1,15:10,-1,W06000010,3,0,1,0,2,19,1,4,0,0,0,1,0,0,0,0,0,3,24
2024631424623,2024,631424623,230483,217129,-4.46131,51.82699,3,3,2,12:00,-1,W06000010,3,0,2,1,2,"[9, 19]",3,"[1, 7]",0,"[0, 1]","[0, 10]",1,0,0,0,1,0,3,25
2024631424657,2024,631424657,239795,219698,-4.3275,51.85282,3,3,2,10:25,-1,W06000010,4,0,2,1,1,"[2, 19, 12]","[0, 6, 2]","[0, 2, 6]",0,"[0, 1]","[0, 10]",1,0,0,0,0,0,3,25
2024631424708,2024,631424708,255931,273026,-4.11595,52.33634,3,3,2,17:25,-1,W06000008,3,2,1,0,2,"[19, 13]",2,6,0,"[0, 7, 1]","[0, 10, 11]",1,0,0,0,0,0,3,25
2024631425081,2024,631425081,226974,215636,-4.51143,51.8125,2,"[2, 3]",3,15:00,-1,W06000010,3,0,1,0,2,"[9, 19]",6,"[4, 2]",0,0,0,1,0,0,0,0,0,3,26
2024631425200,2024,631425200,332727,315725,-2.99776,52.73496,3,3,4,02:10,-1,W06000023,6,2,2,1,2,19,6,3,0,1,9,1,0,0,0,0,0,3,27
2024631425352,2024,631425352,229651,229968,-4.47972,51.94206,3,3,4,08:00,-1,W06000010,6,0,1,1,2,19,6,2,0,2,10,1,0,0,0,0,0,3,27
2024631425464,2024,631425464,240964,220062,-4.31071,51.85642,3,3,2,13:49,-1,W06000010,6,0,2,1,1,19,2,7,0,0,0,1,0,0,0,0,1,3,25
2024631425521,2024,631425521,301992,244907,-3.43204,52.0938,3,3,4,15:10,-1,W06000023,4,0,5,1,2,"[12, 19]","[5, 2]","[2, 5]",0,"[2, 1]",10,1,0,0,0,0,0,3,27
2024631425606,2024,631425606,247205,208242,-4.21495,51.75197,2,2,4,21:15,-1,W06000010,4,2,2,1,2,"[9, 19]","[1, 7]","[7, 3]",0,0,0,1,0,0,0,0,0,3,27
2024631425994,2024,631425994,231637,220431,-4.44619,51.857,2,2,5,23:00,-1,W06000010,4,2,1,1,2,19,4,8,0,2,10,1,0,0,0,0,0,3,28
2024631426112,2024,631426112,235423,251975,-4.40642,52.14148,3,3,6,12:10,-1,W06000008,3,0,1,1,2,"[10, 19]","[5, 7]","[4, 2]",0,0,0,1,0,0,0,0,0,3,29
2024631426201,2024,631426201,322877,304011,-3.14086,52.62836,3,3,6,16:20,-1,W06000023,3,0,1,0,2,"[5, 19]",1,5,0,0,0,1,1,0,0,0,0,3,29
2024631426291,2024,631426291,218891,235622,-4.63907,51.98944,2,2,7,01:10,-1,W06000009,3,2,1,1,2,19,8,5,0,8,10,1,0,0,0,0,0,3,30
2024631426457,2024,631426457,245717,200661,-4.23312,51.68346,2,2,7,13:29,-1,W06000010,4,0,1,0,2,19,6,1,0,7,9,0,0,1,0,0,0,3,30
2024631426637,2024,631426637,205378,239377,-4.83775,52.01859,3,3,6,20:00,-1,W06000009,6,2,1,0,2,9,4,2,0,0,0,1,0,0,0,0,1,3,29
2024631426836,2024,631426836,238248,219178,-4.3497,51.8477,1,"[1, 3]",2,04:44,-1,W06000010,3,2,2,1,2,13,7,3,0,0,0,1,0,0,0,0,1,4,1
2024631426937,2024,631426937,259516,280629,-4.06656,52.40558,3,3,2,13:04,-1,W06000008,6,0,1,0,1,19,4,8,0,0,0,1,0,0,0,0,1,4,1
2024631427270,2024,631427270,254916,199957,-4.09987,51.67958,3,3,3,13:15,-1,W06000010,6,0,1,0,1,12,5,8,0,7,11,1,0,0,0,0,0,4,2
2024631427291,2024,631427291,242140,220754,-4.29396,51.86297,2,2,3,11:45,-1,W06000010,3,0,1,0,1,12,6,2,0,7,2,1,0,0,0,0,0,4,2
2024631427670,2024,631427670,265818,238657,-3.95732,52.03004,2,"[3, 2]",4,10:20,-1,W06000010,3,0,2,1,2,19,"[3, 8]","[8, 3]",0,"[1, 0]","[10, 0]",1,0,1,0,0,0,4,3
2024631428059,2024,631428059,297291,268129,-3.50768,52.30165,3,3,4,15:40,-1,W06000023,3,0,1,0,2,1,6,2,0,0,0,1,0,0,0,0,1,3,27
2024631428062,2024,631428062,185795,221751,-5.11173,51.85314,2,"[3, 2]",5,15:02,-1,W06000009,3,0,1,0,2,19,"[3, 6]","[6, 3]",0,"[0, 1]","[0, 10]",1,0,0,0,0,0,4,4
2024631428134,2024,631428134,310914,291389,-3.31416,52.51308,3,3,2,20:04,-1,W06000023,3,2,1,0,1,"[19, 9]","[6, 8]","[2, 6]",0,0,0,1,0,0,0,0,0,4,1
2024631428149,2024,631428149,315354,260315,-3.24089,52.2345,2,2,6,02:30,-1,W06000023,3,2,5,1,2,19,8,4,0,7,0,1,0,0,0,0,0,4,5
2024631428447,2024,631428447,308731,285605,-3.34473,52.46074,3,3,6,17:05,-1,W06000023,3,0,4,0,2,19,5,2,0,2,3,1,0,0,0,0,0,4,5
2024631428503,2024,631428503,243707,200634,-4.26216,51.68266,2,2,6,21:00,-1,W06000010,6,2,2,1,2,"[19, 20]","[5, 0]","[1, 0]",0,0,0,1,0,0,1,0,0,4,5
2024631428516,2024,631428516,310560,296035,-3.32062,52.55478,2,"[2, 3]",6,22:30,-1,W06000023,6,2,5,1,2,19,8,5,0,2,4,1,0,0,0,0,0,4,5
2024631428572,2024,631428572,241489,220159,-4.30313,51.85744,3,3,6,12:30,-1,W06000010,3,0,1,1,1,"[19, 9]","[3, 6]","[6, 4]",0,0,0,1,0,0,0,0,0,4,5
2024631428761,2024,631428761,303812,309666,-3.42409,52.67613,3,3,7,18:05,-1,W06000023,3,2,5,1,2,"[4, 19]",8,4,0,0,0,1,0,0,0,0,0,4,6
2024631429097,2024,631429097,212496,218573,-4.72281,51.83421,3,3,4,15:20,-1,W06000009,6,0,2,1,2,"[12, 19]","[7, 3]","[3, 7]",0,"[7, 0]","[10, 0]",1,0,0,0,1,0,3,27
2024631429219,2024,631429219,224950,214665,-4.54027,51.80315,2,"[3, 2]",1,14:10,-1,W06000010,3,0,5,1,2,"[19, 12]","[6, 2]","[2, 6]",0,"[1, 7]",7,1,0,0,0,0,0,4,7
2024631429260,2024,631429260,246536,221467,-4.23049,51.87061,3,3,2,10:44,-1,W06000010,3,2,2,1,2,"[10, 19]",6,"[4, 2]",0,0,0,1,0,0,0,0,0,4,8
2024631429389,2024,631429389,251343,263362,-4.17897,52.2483,2,2,2,21:00,-1,W06000008,4,2,1,0,2,19,"[1, 7]","[5, 3]",0,"[1, 3]","[11, 0]",1,0,0,0,0,0,4,8
2024631430023,2024,631430023,204591,203176,-4.82873,51.69323,2,2,7,20:05,-1,W06000009,3,2,1,0,2,19,6,3,0,0,0,0,0,1,0,0,0,3,30
2024631430120,2024,631430120,310777,291758,-3.31627,52.51638,2,2,4,10:41,-1,W06000023,6,0,1,0,1,5,2,6,0,1,11,1,0,0,0,0,0,4,10
2024631430123,2024,631430123,206336,206191,-4.80519,51.72091,3,3,4,08:50,-1,W06000009,3,0,5,1,2,"[9, 19]","[7, 6]","[6, 2]",0,0,0,1,0,0,0,0,0,4,10
2024631430248,2024,631430248,252032,199774,-4.14147,51.67719,3,3,4,20:30,-1,W06000010,4,2,2,1,2,19,8,4,0,3,11,1,0,0,0,0,0,4,10
2024631430255,2024,631430255,197277,205392,-4.93569,51.71054,3,3,4,16:00,-1,W06000009,3,0,2,1,2,"[10, 9, 12]","[5, 3, 1]","[3, 1, 5]",0,0,0,1,0,0,0,0,0,4,10
2024631430380,2024,631430380,280572,249220,-3.74608,52.12834,2,"[3, 2]",1,12:15,-1,W06000023,6,0,1,0,2,19,"[8, 4]","[4, 8]",0,"[1, 0]","[10, 0]",0,0,1,0,1,0,3,31
2024631430460,2024,631430460,274424,233012,-3.82988,51.98133,3,3,4,17:40,-1,W06000010,3,0,2,1,2,"[19, 4]",6,2,0,1,"[11, 10]",1,0,0,0,0,0,4,10
2024631430474,2024,631430474,255803,201246,-4.08758,51.69139,3,3,1,18:08,-1,W06000010,6,0,1,0,1,"[19, 9]","[4, 6]","[8, 4]",0,0,0,1,0,0,0,0,0,3,31
2024631430641,2024,631430641,241147,255411,-4.32446,52.17403,2,2,5,16:15,-1,W06000008,3,0,4,1,2,"[19, 12]","[6, 2]","[2, 6]",0,1,10,1,0,0,0,0,0,4,11
2024631430678,2024,631430678,196887,203058,-4.93997,51.68944,2,2,4,22:05,-1,W06000009,6,2,2,1,2,19,5,8,0,7,11,1,0,0,0,0,1,4,10
2024631430995,2024,631430995,196686,203344,-4.94304,51.69193,3,3,7,22:05,-1,W06000009,4,2,1,0,2,19,"[7, 5]","[3, 1]",0,0,0,1,0,0,0,0,0,3,30
2024631431204,2024,631431204,251705,202032,-4.14716,51.69739,3,3,2,13:45,-1,W06000010,3,0,1,0,1,"[4, 19]",6,2,0,0,0,1,0,0,0,0,0,4,8
2024631431225,2024,631431225,275942,238716,-3.80985,52.03293,1,1,7,01:30,-1,W06000010,6,0,1,1,2,19,3,6,0,7,4,1,0,0,0,0,0,4,13
2024631431346,2024,631431346,299082,244077,-3.47425,52.08581,3,3,7,23:30,-1,W06000023,4,2,1,0,2,19,8,3,0,7,10,1,0,0,0,0,0,4,13
2024631431360,2024,631431360,297877,263546,-3.4977,52.26057,3,3,7,13:40,-1,W06000023,3,0,1,0,2,"[19, 12, 10]","[8, 4]","[4, 6, 8]",0,"[1, 0, 7]","[10, 0]",1,0,0,0,0,0,4,13
2024631431454,2024,631431454,287600,229581,-3.63699,51.95332,3,3,1,12:45,-1,W06000023,3,0,1,0,2,19,8,4,0,2,10,0,0,1,0,0,0,4,14
2024631432347,2024,631432347,305579,227987,-3.37502,51.94234,2,2,3,16:10,-1,W06000023,6,0,1,0,2,19,4,8,0,1,11,1,0,0,0,0,0,4,16
2024631432358,2024,631432358,192034,210477,-5.01451,51.75427,1,"[3, 2, 1]",3,12:35,-1,W06000009,6,0,1,0,2,"[9, 19]","[5, 3]","[3, 7]",0,0,0,1,0,0,1,0,0,4,16
2024631432427,2024,631432427,292139,212009,-3.56547,51.79629,2,"[3, 2]",3,20:05,-1,W06000023,6,2,1,0,2,19,2,5,0,8,10,1,0,0,0,0,0,4,16
2024631432474,2024,631432474,252562,256197,-4.158,52.18426,3,3,6,12:05,-1,W06000008,3,0,1,1,2,"[19, 10]",8,"[4, 6]",0,0,0,1,0,0,1,0,0,4,5
2024631432522,2024,631432522,303055,290202,-3.42958,52.50107,3,3,4,08:30,-1,W06000023,3,0,1,0,2,"[12, 19]","[5, 1]","[1, 5]",0,"[1, 0]","[10, 0]",1,0,0,0,0,0,4,17
2024631432526,2024,631432526,208541,202508,-4.77128,51.6886,2,"[2, 3]",2,10:00,-1,W06000009,4,0,1,0,2,"[19, 5]","[7, 1]","[3, 6]",0,"[1, 2]",10,1,0,0,0,0,0,4,15
2024631432708,2024,631432708,322562,299026,-3.14434,52.58351,3,3,2,18:14,-1,W06000023,4,0,1,1,2,13,2,6,0,"[0, 7]","[0, 3]",1,0,0,0,0,0,4,15
2024631433020,2024,631433020,311565,292061,-3.30474,52.51923,2,2,5,08:40,-1,W06000023,4,0,1,0,1,"[5, 19]","[6, 2]","[2, 6]",0,0,0,1,1,0,0,0,0,4,18
2024631433569,2024,631433569,212729,200962,-4.70994,51.67612,2,2,6,11:15,-1,W06000009,3,0,1,0,2,19,8,4,0,0,0,1,0,0,0,0,1,4,19
2024631433623,2024,631433623,302888,289523,-3.43184,52.49494,3,3,6,15:59,-1,W06000023,3,0,1,0,2,"[19, 4]",6,2,0,0,0,1,0,0,0,0,0,4,19
2024631433625,2024,631433625,284667,253970,-3.6879,52.1719,3,3,6,15:45,-1,W06000023,6,0,1,0,2,19,"[5, 1]","[1, 5]",0,"[1, 0]","[9, 0]",1,0,1,0,0,0,4,19
2024631433717,2024,631433717,284046,243161,-3.69329,52.07463,2,2,6,16:55,-1,W06000010,3,0,1,0,2,19,2,6,0,2,10,0,0,1,0,0,0,4,19
2024631433794,2024,631433794,276613,235061,-3.79876,52.00024,3,3,4,17:10,-1,W06000010,6,0,1,1,2,19,"[8, 4]","[4, 8]","[0, 5]",0,0,1,0,0,0,0,0,3,27
2024631433891,2024,631433891,309042,284673,-3.3399,52.45241,2,2,7,12:15,-1,W06000023,3,0,1,0,2,"[19, 12]","[8, 5]","[5, 8]",0,0,0,1,0,1,0,0,0,4,20
2024631433921,2024,631433921,193135,235617,-5.01365,51.9804,2,2,7,16:30,-1,W06000009,3,0,1,0,2,19,2,6,0,1,4,0,0,1,0,0,0,4,20
2024631434016,2024,631434016,212324,206416,-4.71872,51.72497,3,3,6,11:00,-1,W06000009,3,0,1,0,2,"[19, 5]","[5, 2]","[1, 6]",0,0,0,1,0,0,0,0,0,4,12
2024631434112,2024,631434112,303860,248866,-3.4059,52.12971,2,2,1,13:00,-1,W06000023,4,0,1,0,2,19,6,2,0,0,0,0,0,1,0,0,0,4,21
2024631434185,2024,631434185,269682,268635,-3.91255,52.30033,3,3,6,19:30,-1,W06000008,4,2,1,0,2,19,3,7,0,0,0,1,0,0,0,1,1,4,19
2024631434200,2024,631434200,329623,312221,-3.04297,52.70307,3,3,7,22:00,-1,W06000023,3,2,1,0,2,"[13, 19]","[6, 2]","[2, 6]",0,"[2, 0]","[10, 0]",1,0,0,0,0,0,4,20
2024631434558,2024,631434558,204460,223957,-4.84234,51.8798,3,3,2,18:30,-1,W06000009,6,0,1,0,2,"[4, 19]",5,1,0,0,0,1,0,0,0,0,0,4,22
2024631434602,2024,631434602,324315,321281,-3.1236,52.78378,3,3,3,04:30,-1,W06000023,3,2,2,1,2,19,3,7,0,7,1,1,0,0,0,0,0,4,23
2024631434820,2024,631434820,249836,217052,-4.18068,51.83184,3,3,3,10:15,-1,W06000010,3,0,2,1,2,"[19, 11]",3,7,0,"[1, 4]",10,1,0,0,0,0,0,1,2
2024631434867,2024,631434867,178403,226998,-5.22225,51.89735,3,3,4,12:15,-1,W06000009,3,0,1,0,2,"[19, 9]","[2, 6]","[6, 4]",0,"[1, 7]",10,1,0,0,0,0,0,4,3
2024631434874,2024,631434874,326371,317010,-3.09216,52.74568,2,2,3,15:10,-1,W06000023,3,0,1,0,2,"[4, 19]",5,1,0,1,"[10, 3]",1,0,0,0,0,0,4,23
2024631434893,2024,631434893,193945,218894,-4.99187,51.83055,2,2,2,06:23,-1,W06000009,4,0,8,0,2,19,2,6,6,1,11,1,0,0,0,0,0,4,1
2024631434923,2024,631434923,311350,290878,-3.3076,52.50856,1,1,3,13:30,-1,W06000023,3,0,1,0,2,"[12, 19]","[6, 2]","[2, 6]",0,"[7, 0]","[7, 0]",1,0,0,1,0,0,4,23
2024631434956,2024,631434956,311628,234029,-3.2886,51.99765,1,1,3,16:35,-1,W06000023,3,0,1,0,2,"[12, 19]","[2, 6]","[6, 2]",0,1,10,1,0,0,0,1,0,4,23
2024631434971,2024,631434971,216789,248270,-4.67643,52.10234,2,2,3,23:49,-1,W06000008,4,2,1,0,2,19,8,3,0,8,11,1,0,0,0,0,0,4,23
2024631434972,2024,631434972,239336,219575,-4.3341,51.85158,2,2,3,23:36,-1,W06000010,4,2,1,0,1,19,6,2,0,0,0,0,0,1,0,0,0,4,23
2024631435258,2024,631435258,267136,226308,-3.93334,51.9194,3,3,7,01:00,-1,W06000010,3,2,1,0,2,19,6,2,0,1,4,1,0,0,0,0,0,4,13
2024631435287,2024,631435287,311825,239856,-3.28724,52.05005,3,3,7,16:00,-1,W06000023,3,0,1,0,2,19,8,4,0,1,11,1,0,0,0,0,0,4,13
2024631435327,2024,631435327,208715,233919,-4.78613,51.97074,3,3,4,14:15,-1,W06000009,4,0,1,1,2,19,6,1,0,0,0,0,0,1,0,0,0,4,24
2024631435490,2024,631435490,205345,204482,-4.81856,51.70522,2,2,4,14:51,-1,W06000009,3,0,4,0,2,19,2,6,12,1,10,0,0,1,0,0,0,4,24
2024631435534,2024,631435534,322976,242602,-3.12528,52.0764,2,2,4,14:50,-1,W06000023,4,0,1,0,2,7,1,4,7,0,0,1,0,0,0,0,1,4,24
2024631435582,2024,631435582,231867,217484,-4.44142,51.8306,3,3,5,08:15,-1,W06000010,6,0,1,0,2,"[9, 13]",6,"[5, 2]",0,"[0, 1]","[0, 10]",1,0,0,0,1,0,4,25
2024631435686,2024,631435686,204323,238959,-4.85287,52.01447,2,2,5,16:21,-1,W06000009,3,0,1,0,2,"[19, 9]","[3, 1]",7,0,0,0,1,0,0,0,0,0,4,25
2024631435778,2024,631435778,250605,198840,-4.16169,51.66842,3,3,5,19:52,-1,W06000010,6,0,1,0,2,19,2,7,0,7,4,1,0,0,0,0,0,4,25