collision_index,collision_year,collision_ref_no,location_easting_osgr,location_northing_osgr,longitude,latitude,casualty_severity,casualty_severity,day_of_week,time,local_authority_district,local_authority_ons_district,first_road_class,light_conditions,weather_conditions,road_surface_conditions,urban_or_rural_area,vehicle_manoeuvre,vehicle_direction_from,vehicle_direction_to,hit_object_in_carriageway,vehicle_leaving_carriageway,hit_object_off_carriageway,is_car,is_cyle,is_mcyle,is_goodsv,is_other,is_pedestrian,month,day
2024631472115,2024,631472115,253212,205638,-4.12689,51.73018,3,3,5,13:00,-1,W06000010,3,0,2,0,2,19,"[5, 2]","[2, 5]",0,"[7, 0]","[10, 0]",1,0,0,0,0,0,7,25
2024631472440,2024,631472440,251245,198713,-4.15239,51.66745,3,3,6,13:00,-1,W06000010,6,0,1,0,1,"[9, 5]","[1, 5]","[5, 1]",0,0,0,1,1,0,0,0,0,7,26
2024631472488,2024,631472488,235423,251976,-4.40642,52.14149,3,3,6,15:00,-1,W06000008,3,0,1,0,2,19,"[8, 7]","[4, 3]",0,0,0,1,0,0,0,1,0,7,26
2024631472583,2024,631472583,262178,284391,-4.029,52.44006,2,2,5,16:39,-1,W06000008,3,0,1,0,2,13,5,2,0,0,0,0,0,1,0,0,0,7,25
2024631472651,2024,631472651,257742,203154,-4.06033,51.70903,2,"[2, 3]",6,18:00,-1,W06000010,3,0,1,0,2,"[9, 19]","[4, 2]","[2, 6]",0,"[3, 0]","[1, 0]",1,0,0,0,0,0,7,26
2024631472908,2024,631472908,313232,308151,-3.28441,52.66411,3,3,7,18:20,-1,W06000023,3,0,1,0,2,"[19, 4]","[6, 2]","[2, 6]",0,0,0,1,0,0,0,0,0,7,27
2024631472935,2024,631472935,197125,203775,-4.93695,51.69596,3,3,7,22:10,-1,W06000009,6,2,1,0,2,"[19, 2]","[6, 0]","[2, 0]","[4, 0]",0,0,1,0,0,0,0,0,7,27
2024631473076,2024,631473076,251762,200605,-4.14573,51.68458,2,2,1,11:00,-1,W06000010,6,0,1,0,1,"[19, 14]","[6, 2]","[2, 6]",0,0,0,1,0,1,0,0,0,7,28
2024631473161,2024,631473161,237703,232148,-4.36371,51.96405,2,"[2, 3]",1,14:50,-1,W06000010,3,0,1,0,2,19,6,2,0,2,10,1,0,0,0,0,0,7,28
2024631473293,2024,631473293,301271,238008,-3.44056,52.03166,3,3,1,13:30,-1,W06000023,4,0,1,0,2,19,1,4,0,7,10,0,0,1,0,0,0,7,28
2024631473308,2024,631473308,209501,202200,-4.75724,51.68616,3,3,2,16:30,-1,W06000009,4,0,1,0,2,"[4, 19]",4,8,0,0,0,1,0,0,0,0,0,6,24
2024631473360,2024,631473360,198154,202592,-4.9214,51.68571,3,3,1,08:50,-1,W06000009,3,0,1,0,2,"[4, 19]",4,8,0,0,0,1,0,0,0,0,0,7,14
2024631473390,2024,631473390,307859,323553,-3.36816,52.80164,3,3,6,17:24,-1,W06000023,6,0,8,0,2,19,6,2,0,2,9,1,0,0,0,0,0,7,19
2024631473469,2024,631473469,189667,206191,-5.04616,51.71491,2,2,1,15:30,-1,W06000009,6,0,1,0,1,19,3,8,7,0,0,0,0,1,0,0,0,7,28
2024631473507,2024,631473507,232664,237782,-4.43974,52.01317,3,3,2,12:40,-1,W06000010,4,0,1,0,2,"[13, 4]",5,1,0,"[2, 0]","[9, 0]",1,0,0,1,0,0,7,29
2024631473527,2024,631473527,240911,220068,-4.31148,51.85646,3,3,7,13:34,-1,W06000010,6,0,1,0,1,1,8,3,0,0,0,1,0,0,0,0,1,7,13
2024631473584,2024,631473584,267982,213559,-3.91617,51.80504,3,3,2,15:40,-1,W06000010,3,0,1,0,2,"[11, 2]","[7, 0]","[3, 0]","[4, 0]",0,0,1,0,0,0,0,0,7,29
2024631473940,2024,631473940,213299,207411,-4.70516,51.73423,3,3,3,08:30,-1,W06000009,3,0,1,0,2,"[19, 9]","[6, 2]","[2, 7]",0,"[0, 3]",0,1,0,0,0,0,0,7,30
2024631473996,2024,631473996,310588,287068,-3.3178,52.47419,2,2,7,16:00,-1,W06000023,3,0,1,0,2,"[19, 12]","[7, 4]","[4, 7]",0,0,0,1,0,1,0,0,0,7,27
2024631474083,2024,631474083,308573,307741,-3.35316,52.65965,2,"[2, 3]",1,13:15,-1,W06000023,3,0,1,0,2,"[13, 19]","[8, 4]","[4, 8]",0,"[7, 0]","[11, 0]",1,0,0,0,0,0,7,28
2024631474148,2024,631474148,326420,317193,-3.09147,52.74733,2,2,3,12:45,-1,W06000023,3,0,1,0,2,"[19, 10]",6,"[2, 3]",0,0,0,1,0,0,0,0,0,7,30
2024631474202,2024,631474202,315338,217451,-3.2305,51.84921,2,2,4,07:10,-1,W06000023,4,0,1,0,2,19,7,2,12,0,0,0,0,1,0,0,0,7,31
2024631474390,2024,631474390,190169,205929,-5.03875,51.71274,3,3,4,12:16,-1,W06000009,3,0,1,0,1,"[19, 2, 5]","[7, 0, 1]","[3, 0, 7]",0,0,0,1,0,0,0,1,0,7,31
2024631474435,2024,631474435,248969,259662,-4.21206,52.21441,2,2,4,13:30,-1,W06000008,3,0,1,0,2,"[19, 9]","[7, 1]","[3, 7]",0,0,0,1,0,0,0,0,0,7,31
2024631474760,2024,631474760,216012,220095,-4.67265,51.84905,2,2,5,12:45,-1,W06000010,6,0,1,0,2,19,3,7,0,3,10,1,0,0,0,0,0,8,1
2024631474810,2024,631474810,315124,235688,-3.23811,52.0131,3,3,1,13:52,-1,W06000023,3,0,1,0,2,"[19, 2]","[6, 0]","[2, 0]",0,0,0,1,0,0,0,0,1,7,28
2024631474854,2024,631474854,315906,306548,-3.24447,52.65012,2,"[2, 3]",5,14:44,-1,W06000023,3,0,1,0,2,"[12, 19]","[7, 2]","[2, 7]",0,"[0, 1]","[0, 9]",1,0,0,0,0,0,8,1
2024631475261,2024,631475261,319890,301764,-3.18443,52.60773,3,3,6,15:20,-1,W06000023,3,0,1,0,2,"[19, 12]","[5, 1]","[1, 5]","[11, 0]",0,0,1,0,0,1,0,0,8,2
2024631475360,2024,631475360,198560,201302,-4.91479,51.67427,2,2,4,18:00,-1,W06000009,3,0,1,0,2,19,8,4,0,0,0,0,0,0,0,1,1,7,31
2024631475385,2024,631475385,313518,322225,-3.28389,52.79064,2,2,6,19:50,-1,W06000023,4,0,2,1,2,19,5,8,0,2,10,1,0,0,0,0,0,8,2
2024631475424,2024,631475424,322891,307241,-3.14141,52.65739,3,3,1,18:10,-1,W06000023,4,0,1,0,2,"[19, 4]",2,6,0,0,0,1,0,0,0,0,0,7,28
2024631475626,2024,631475626,239884,231983,-4.33192,51.96321,2,"[3, 2]",7,18:00,-1,W06000010,6,0,1,0,2,19,"[1, 6]","[6, 1]",0,0,0,1,0,0,0,1,0,8,3
2024631475666,2024,631475666,191900,208774,-5.01543,51.73893,2,2,7,21:30,-1,W06000009,3,2,1,0,2,"[4, 19]",6,2,0,0,0,1,0,0,0,0,0,8,3
2024631475704,2024,631475704,237224,233773,-4.37145,51.97851,2,"[3, 2]",1,06:00,-1,W06000010,6,0,1,0,2,12,6,2,11,8,10,1,0,0,0,0,0,8,4
2024631475866,2024,631475866,291706,276562,-3.59227,52.37636,1,"[3, 1]",1,16:42,-1,W06000023,3,0,1,0,2,"[19, 5]","[8, 2]","[4, 8]",0,"[7, 3]",10,1,0,1,0,0,0,8,4
2024631475972,2024,631475972,219040,240249,-4.63934,52.03105,2,"[3, 2]",2,12:05,-1,W06000009,3,0,1,0,2,"[19, 12]","[8, 4]","[4, 8]",0,0,0,1,0,0,0,0,0,7,29
2024631475973,2024,631475973,189666,221789,-5.05563,51.85495,3,3,2,07:37,-1,W06000009,6,0,2,1,2,19,1,5,0,0,0,1,0,0,0,0,0,8,5
2024631475999,2024,631475999,225500,248954,-4.54973,52.1113,3,3,5,21:23,-1,W06000008,3,0,1,0,2,"[4, 19]",4,8,0,0,0,1,0,0,0,0,0,8,1
2024631476115,2024,631476115,242903,206190,-4.27629,51.73235,3,3,2,12:15,-1,W06000010,4,0,1,1,2,19,7,3,0,7,3,1,0,0,0,0,0,8,5
2024631476170,2024,631476170,225530,247725,-4.54866,52.10028,3,3,2,13:48,-1,W06000008,6,0,5,1,2,"[9, 19]","[4, 2]","[2, 6]",0,0,0,1,0,0,1,0,0,8,5
2024631476251,2024,631476251,191832,201848,-5.01228,51.67672,3,3,2,18:04,-1,W06000009,4,0,2,1,2,"[19, 9]","[8, 4]","[4, 2]",0,0,0,1,0,0,0,0,0,8,5
2024631476253,2024,631476253,258002,281415,-4.08913,52.41225,3,3,2,18:40,-1,W06000008,6,0,8,1,1,"[9, 19]","[1, 7]","[7, 3]",0,0,0,1,0,0,0,0,0,8,5
2024631476304,2024,631476304,296493,269024,-3.51965,52.30954,2,"[2, 3]",3,01:30,-1,W06000023,3,2,2,1,2,19,8,4,0,7,11,1,0,0,0,0,0,8,6
2024631476686,2024,631476686,321179,243254,-3.15165,52.08201,2,2,3,19:30,-1,W06000023,3,0,1,0,2,19,5,1,10,7,10,0,0,0,0,0,0,8,6
2024631476777,2024,631476777,195167,215516,-4.97216,51.80067,3,3,5,16:30,-1,W06000009,6,0,1,0,1,"[5, 19]","[1, 2]",5,0,0,0,1,0,0,0,0,0,7,25
2024631476825,2024,631476825,263047,286237,-4.01699,52.45686,3,3,6,13:30,-1,W06000008,3,0,1,0,2,19,-1,-1,0,0,0,1,0,0,0,0,0,7,26
2024631476933,2024,631476933,252424,200443,-4.13609,51.6833,3,3,2,18:30,-1,W06000010,6,0,1,0,1,"[19, 4]",4,8,0,0,0,1,0,0,0,0,0,7,29
2024631477011,2024,631477011,250616,239039,-4.17892,52.02959,2,2,4,07:00,-1,W06000010,6,0,4,0,2,19,3,7,0,7,9,1,0,0,0,0,0,8,7
2024631477087,2024,631477087,243053,224538,-4.28244,51.89723,3,3,4,16:38,-1,W06000010,6,0,1,0,2,19,2,6,0,1,11,0,0,0,1,0,0,8,7
2024631477121,2024,631477121,306356,291884,-3.38144,52.51677,3,3,4,21:20,-1,W06000023,3,2,1,0,2,19,8,4,0,1,10,1,0,0,0,0,0,8,7
2024631477168,2024,631477168,318507,237359,-3.18923,52.02863,3,3,6,18:00,-1,W06000023,6,0,1,0,2,"[4, 19]","[7, 3]","[3, 7]",0,0,0,1,0,0,0,0,0,7,26
2024631477241,2024,631477241,316451,324559,-3.241,52.81208,3,3,4,19:20,-1,W06000023,4,2,9,1,2,"[19, 13]",3,7,0,"[1, 0]","[10, 0]",1,1,0,0,0,0,8,7
2024631477360,2024,631477360,253194,213382,-4.13042,51.79976,2,2,5,07:00,-1,W06000010,6,0,2,1,2,"[4, 19]",2,6,0,0,0,1,0,0,1,0,0,8,8
2024631477467,2024,631477467,303147,228335,-3.41049,51.94505,3,3,5,16:20,-1,W06000023,3,0,1,1,2,"[4, 19]",5,8,0,0,0,1,0,0,0,0,0,8,8
2024631477481,2024,631477481,230747,240394,-4.46894,52.03605,3,3,5,14:10,-1,W06000010,3,0,2,1,2,19,3,7,0,0,0,1,0,0,0,0,1,8,8
2024631477509,2024,631477509,262250,284605,-4.02803,52.442,3,3,5,16:25,-1,W06000008,3,0,2,1,2,"[19, 10]",2,"[5, 7]",0,0,0,1,0,0,0,0,0,8,8
2024631477544,2024,631477544,249893,240745,-4.1902,52.04472,2,2,5,20:13,-1,W06000010,3,0,2,1,2,19,2,6,0,7,11,1,0,0,0,0,0,8,8
2024631477878,2024,631477878,305173,235818,-3.38309,52.01266,3,3,5,15:30,-1,W06000023,6,0,8,1,2,19,"[1, 4]","[4, 1]",0,"[2, 0]","[10, 0]",1,0,0,0,0,0,8,8
2024631477936,2024,631477936,207177,211982,-4.79624,51.77321,3,3,6,16:05,-1,W06000009,3,0,1,0,2,"[14, 19]","[2, 6]","[6, 2]",0,0,0,1,0,0,0,0,0,8,9
2024631478017,2024,631478017,193186,209740,-4.99741,51.74808,2,"[3, 2]",6,21:20,-1,W06000009,3,2,1,0,2,"[12, 19]","[1, 5]","[5, 1]",0,"[1, 0]","[10, 0]",1,0,1,0,0,0,8,9
2024631478027,2024,631478027,298291,220292,-3.47873,51.8719,3,3,6,10:30,-1,W06000023,3,0,1,0,2,"[19, 9]","[4, 8]","[8, 6]",0,0,0,1,0,1,0,0,0,8,9
2024631478167,2024,631478167,263070,211966,-3.98674,51.78954,3,3,7,13:30,-1,W06000010,3,0,1,0,1,"[19, 5]","[2, 7]","[6, 3]",0,0,0,1,0,1,0,0,0,8,10
2024631478179,2024,631478179,245532,218128,-4.24357,51.84033,3,3,7,10:52,-1,W06000010,3,0,1,1,2,"[2, 19]","[0, 7]","[0, 3]",0,"[1, 0]","[10, 0]",1,0,0,0,0,0,8,10
2024631478192,2024,631478192,258992,277234,-4.07283,52.37495,3,3,7,09:50,-1,W06000008,3,0,7,1,2,19,5,1,0,2,10,1,0,0,0,0,0,8,10
2024631478255,2024,631478255,325553,319377,-3.10481,52.76684,3,3,6,23:30,-1,W06000023,4,2,1,0,2,19,4,8,0,7,10,1,0,0,0,0,0,8,9
2024631478307,2024,631478307,235726,241221,-4.39681,52.04497,3,3,1,00:45,-1,W06000008,4,2,1,0,2,19,7,3,0,0,0,1,0,0,0,0,0,8,11
2024631478342,2024,631478342,233099,251873,-4.4403,52.13987,3,3,1,00:01,-1,W06000008,4,2,1,0,2,19,7,3,0,7,4,1,0,0,0,0,0,8,11
2024631478406,2024,631478406,252612,199950,-4.13316,51.67892,3,3,6,08:00,-1,W06000010,3,0,1,0,2,"[19, 4]",4,8,0,0,0,1,0,0,0,0,0,8,2
2024631478441,2024,631478441,244900,262146,-4.27271,52.2356,2,2,1,11:00,-1,W06000008,3,0,1,0,2,"[5, 19]","[4, 6]","[8, 2]",0,"[0, 1]","[0, 10]",1,0,1,0,0,0,8,11
2024631478474,2024,631478474,312272,311984,-3.29962,52.6984,2,2,1,12:53,-1,W06000023,6,0,1,0,2,19,1,6,0,1,11,0,0,0,1,0,0,8,11
2024631478484,2024,631478484,316080,259359,-3.23003,52.22602,2,2,1,11:30,-1,W06000023,3,0,1,0,2,19,3,6,0,7,10,0,0,1,0,0,0,8,11
2024631478490,2024,631478490,313045,222588,-3.26507,51.89503,3,3,1,13:35,-1,W06000023,3,0,1,0,2,"[19, 9]",3,7,0,0,0,1,0,1,0,0,0,8,11
2024631478570,2024,631478570,228188,249275,-4.51068,52.11503,3,3,1,19:30,-1,W06000008,3,0,1,0,2,"[19, 9]","[6, 2]",1,0,"[1, 7]","[0, 2]",1,0,0,0,0,0,8,11
2024631478624,2024,631478624,299476,229256,-3.46415,51.95268,3,3,1,17:45,-1,W06000023,3,0,1,0,2,19,7,3,0,0,0,1,0,0,0,0,0,8,11
2024631478628,2024,631478628,240276,259104,-4.33893,52.20695,3,3,2,01:04,-1,W06000008,4,2,1,0,2,"[2, 19]","[0, 4]","[0, 8]","[0, 4]","[0, 1]",0,1,0,0,0,0,0,8,12
2024631478651,2024,631478651,261641,280905,-4.03546,52.4086,2,2,1,14:50,-1,W06000008,3,0,1,0,2,19,7,7,0,1,11,1,0,0,0,0,0,8,11
2024631478719,2024,631478719,251659,267247,-4.17605,52.28329,2,2,5,11:03,-1,W06000008,3,0,1,0,2,"[2, 19]","[0, 2]","[0, 6]","[0, 4]",0,0,1,0,0,0,0,0,8,1
2024631478906,2024,631478906,245157,233296,-4.25583,51.9765,3,3,2,15:20,-1,W06000010,4,0,1,0,2,19,1,5,0,7,0,1,0,0,0,0,0,8,12
2024631479137,2024,631479137,230901,240912,-4.46695,52.04075,2,2,2,14:24,-1,W06000008,4,0,1,0,2,19,1,5,0,0,0,0,1,0,0,0,0,8,12
2024631479139,2024,631479139,266758,239786,-3.94407,52.04041,3,3,7,12:00,-1,W06000010,6,0,1,0,2,19,"[8, 4]","[4, 8]",0,0,0,1,1,0,0,0,0,6,22
2024631479205,2024,631479205,259268,279511,-4.06973,52.39547,3,3,3,11:50,-1,W06000008,3,2,2,1,1,"[19, 4]",5,1,0,0,0,1,0,0,0,0,0,8,13
2024631479297,2024,631479297,264134,267775,-3.99351,52.29126,2,2,5,16:54,-1,W06000008,3,0,8,1,2,19,1,5,0,8,10,1,0,0,0,0,0,8,8
2024631479325,2024,631479325,226917,241575,-4.52531,52.04547,3,3,5,20:25,-1,W06000010,3,0,1,0,2,"[1, 4]","[1, 5]","[5, 1]",0,0,0,0,0,1,0,1,0,7,25
2024631479427,2024,631479427,190319,214985,-5.04204,51.79411,2,2,3,20:27,-1,W06000009,4,2,2,1,2,19,7,3,0,0,0,1,0,0,0,0,0,8,13
2024631479671,2024,631479671,252989,201109,-4.1282,51.68943,3,3,4,14:20,-1,W06000010,6,0,1,0,1,"[19, 10]","[1, 7]",5,0,0,0,1,0,0,0,0,0,8,14
2024631479746,2024,631479746,318492,227728,-3.18715,51.94206,3,3,4,15:15,-1,W06000023,3,0,1,0,2,19,5,1,0,0,0,0,0,1,0,0,0,8,14
2024631479911,2024,631479911,267624,213600,-3.92137,51.80532,3,3,3,15:30,-1,W06000010,3,0,1,0,2,"[6, 19]","[7, 3]",7,0,0,0,1,1,0,0,0,0,8,6
2024631480241,2024,631480241,257602,207294,-4.06404,51.7462,2,2,5,19:50,-1,W06000010,3,0,2,1,2,"[19, 3]",1,4,0,0,0,1,0,0,0,0,0,8,15
2024631480264,2024,631480264,246969,207914,-4.21822,51.74896,2,2,5,18:06,-1,W06000010,4,0,2,1,2,"[12, 4, 19]","[6, 2]","[1, 4]",0,0,0,1,0,0,0,0,0,8,15
2024631480531,2024,631480531,274550,300723,-3.85327,52.58979,3,3,4,13:15,-1,W06000023,3,0,8,0,2,5,1,5,0,0,0,1,0,0,0,0,1,8,14
2024631480609,2024,631480609,188880,214234,-5.06242,51.78682,2,2,6,12:30,-1,W06000009,4,0,1,0,2,"[13, 19]","[2, 6]","[6, 2]",0,"[8, 0]","[10, 0]",1,0,1,1,0,0,8,16
2024631480799,2024,631480799,303091,251049,-3.41775,52.14919,2,2,7,11:25,-1,W06000023,3,0,1,0,2,19,2,6,0,0,0,0,0,1,0,0,0,8,17
2024631480937,2024,631480937,251512,266964,-4.17808,52.28071,3,3,4,06:26,-1,W06000008,3,0,1,0,2,"[19, 3]",1,5,0,0,0,1,0,0,0,0,0,8,14
2024631480979,2024,631480979,273807,275392,-3.85463,52.36201,2,"[3, 2]",7,15:57,-1,W06000008,4,0,1,0,2,19,5,1,0,1,0,1,0,0,0,0,0,8,17
2024631481065,2024,631481065,207029,206282,-4.79522,51.72197,2,2,1,14:00,-1,W06000009,6,0,1,0,2,19,3,7,0,0,0,0,0,1,0,0,0,8,18
2024631481068,2024,631481068,241449,240991,-4.31333,52.04458,3,3,1,13:00,-1,W06000008,6,0,1,0,2,5,1,5,0,0,0,0,0,1,0,0,0,8,18
2024631481200,2024,631481200,297178,220917,-3.49508,51.87731,2,"[2, 3]",1,18:50,-1,W06000023,3,0,1,0,2,"[19, 9]","[1, 5]","[5, 3]",0,0,0,1,0,1,0,0,0,8,18
2024631481201,2024,631481201,253692,199837,-4.11751,51.67819,2,2,1,22:00,-1,W06000010,4,2,8,0,1,"[2, 19]","[0, 7]","[0, 3]","[0, 4]",0,0,1,1,0,0,0,0,8,18
2024631481330,2024,631481330,190201,206054,-5.03836,51.71388,3,3,4,11:25,-1,W06000009,6,0,1,0,1,"[9, 8]","[5, 3]","[3, 5]",0,0,0,1,0,0,0,0,0,8,14
2024631481357,2024,631481357,218331,241336,-4.65025,52.04058,2,2,2,08:45,-1,W06000009,3,0,1,0,2,19,"[8, 4]","[4, 8]",0,0,0,1,0,0,1,0,0,8,19
2024631481379,2024,631481379,200772,202787,-4.88369,51.6884,3,3,4,17:11,-1,W06000009,3,0,1,0,2,"[19, 3]","[3, 7]","[7, 3]",0,0,0,1,0,0,0,0,0,8,14
2024631481710,2024,631481710,254072,253948,-4.13497,52.16445,3,3,1,20:45,-1,W06000008,3,0,1,0,2,"[19, 12]","[8, 4]","[4, 8]",0,"[0, 7]","[0, 10]",1,0,1,0,0,0,8,11
2024631481965,2024,631481965,254484,211482,-4.11093,51.78302,3,3,2,17:40,-1,W06000010,3,0,8,1,1,"[9, 19]","[2, 6]","[8, 2]","[7, 0]","[3, 0]","[10, 0]",1,0,0,0,0,0,8,19
2024631481974,2024,631481974,262850,221487,-3.9937,51.87504,3,3,2,15:00,-1,W06000010,3,0,1,0,2,"[5, 3, 19]",5,1,0,0,0,1,0,0,0,0,0,8,12
2024631481977,2024,631481977,249485,200706,-4.17868,51.68488,3,3,3,15:15,-1,W06000010,3,0,1,0,1,19,4,8,0,0,0,1,0,0,0,0,0,8,20
2024631482031,2024,631482031,256355,247474,-4.09888,52.10689,2,"[2, 3]",3,17:00,-1,W06000008,3,0,1,0,2,"[2, 12]","[0, 2]","[0, 6]","[0, 4]","[8, 0]","[11, 0, 10]",1,0,0,0,0,0,8,20
2024631482408,2024,631482408,175512,225276,-5.26308,51.88074,3,3,5,16:24,-1,W06000009,3,0,8,0,2,19,3,7,0,7,10,1,0,0,0,0,1,8,15
2024631482452,2024,631482452,191928,207748,-5.01441,51.72973,2,"[2, 3]",4,20:30,-1,W06000009,6,2,6,1,1,"[19, 2]","[3, 0]","[7, 0]",0,0,0,1,0,1,0,0,1,8,21
2024631482542,2024,631482542,195668,237077,-4.97769,51.99445,3,3,5,16:54,-1,W06000009,3,0,2,1,2,"[19, 4]",7,3,0,0,0,1,0,0,0,0,0,8,15
2024631482825,2024,631482825,195571,237185,-4.97916,51.99538,3,3,5,15:20,-1,W06000009,3,0,1,0,2,19,4,8,0,0,0,1,0,0,0,0,1,8,22
2024631482833,2024,631482833,250788,266216,-4.18836,52.27379,3,3,5,16:00,-1,W06000008,3,0,1,0,2,"[4, 19]",1,5,0,0,0,1,0,0,0,0,0,8,22
2024631483121,2024,631483121,293841,280942,-3.56231,52.41614,2,2,6,14:22,-1,W06000023,3,0,1,0,2,19,5,1,0,7,4,1,0,0,0,0,0,8,23
2024631483402,2024,631483402,319618,259623,-3.1783,52.22892,2,2,7,10:00,-1,W06000023,3,0,1,0,2,19,6,2,0,1,4,1,0,0,0,0,0,8,24
2024631483470,2024,631483470,254643,269247,-4.13321,52.30205,3,3,7,13:00,-1,W06000008,4,0,1,0,2,5,5,1,0,0,0,1,0,0,0,0,0,8,24
2024631483586,2024,631483586,219854,211566,-4.61249,51.7737,2,2,1,00:11,-1,W06000010,6,2,1,0,2,"[19, 9]","[3, 5]","[7, 1]",0,0,0,1,0,1,0,0,0,8,25
2024631483587,2024,631483587,296803,267861,-3.51475,52.29915,2,2,7,23:00,-1,W06000023,4,2,1,1,2,"[2, 19]","[0, 7]","[0, 3]","[0, 4]",0,0,1,0,0,0,0,0,8,24
2024631483867,2024,631483867,212533,201266,-4.71293,51.67879,3,3,4,07:45,-1,W06000009,3,0,5,1,2,19,"[2, 7]",5,0,0,0,1,1,0,0,0,0,8,21
2024631483918,2024,631483918,189626,205815,-5.04653,51.71152,2,2,2,14:00,-1,W06000009,6,0,1,0,1,14,3,7,0,0,0,1,0,0,0,0,1,8,26
2024631483928,2024,631483928,212007,216848,-4.72896,51.81855,2,2,2,12:45,-1,W06000009,3,0,1,0,2,"[19, 12]","[1, 5]","[5, 1]",0,0,0,1,0,0,0,0,0,8,26
2024631483972,2024,631483972,306211,262202,-3.37526,52.24997,3,3,2,17:20,-1,W06000023,3,0,1,0,2,"[19, 2]",1,5,0,0,0,1,0,0,0,0,0,8,26
2024631484013,2024,631484013,261621,220554,-4.01117,51.86635,2,2,2,17:20,-1,W06000010,3,0,1,0,2,19,3,7,0,1,0,0,0,1,0,0,0,8,26
2024631484201,2024,631484201,307971,329075,-3.36805,52.85128,3,3,4,16:30,-1,W06000023,6,0,2,1,2,"[19, 3]",8,4,0,0,0,1,0,0,0,0,0,8,21
2024631484235,2024,631484235,323876,216351,-3.10633,51.84055,3,3,1,14:20,-1,W06000023,3,0,1,0,2,"[1, 3]",7,3,0,0,0,1,0,1,0,0,0,8,18
2024631484283,2024,631484283,191377,236407,-5.03969,51.98684,2,2,3,10:28,-1,W06000009,6,0,5,1,2,19,"[6, 1]","[1, 6]",0,1,"[10, 9]",1,0,0,1,0,0,8,27
2024631484674,2024,631484674,299248,295554,-3.48726,52.54848,2,2,4,12:40,-1,W06000023,3,0,2,1,2,19,3,7,0,7,0,0,0,1,0,0,0,8,28
2024631484675,2024,631484675,240371,254391,-4.33532,52.16464,3,3,3,15:05,-1,W06000008,3,0,8,0,2,"[19, 9]","[6, 2]","[2, 8]",0,0,0,1,0,0,0,0,0,8,27
2024631484991,2024,631484991,213251,200579,-4.70219,51.67286,3,3,1,22:40,-1,W06000009,3,2,1,0,2,"[3, 19]",4,3,0,0,0,1,0,0,0,0,0,8,25
2024631485473,2024,631485473,195941,217252,-4.96197,51.81654,3,3,6,14:20,-1,W06000009,3,0,1,0,2,"[14, 4]","[5, 1]","[1, 5]",0,0,0,1,0,1,0,0,0,8,30
2024631485527,2024,631485527,248338,202298,-4.19595,51.69888,3,3,6,14:30,-1,W06000010,4,0,1,0,2,19,1,5,0,1,4,1,0,0,0,0,0,8,30
2024631485783,2024,631485783,318302,244287,-3.19387,52.09088,3,3,7,11:10,-1,W06000023,6,0,1,0,2,19,4,8,0,0,0,0,0,1,1,0,0,8,31
2024631485808,2024,631485808,269527,229973,-3.89998,51.9529,2,2,7,15:10,-1,W06000010,6,0,8,0,2,19,5,2,0,1,10,0,0,1,0,0,0,8,31
2024631485976,2024,631485976,301005,311144,-3.46604,52.68891,3,3,7,11:20,-1,W06000023,3,2,1,0,2,"[19, 10]","[3, 7]","[7, 3]",0,0,0,1,0,0,0,0,0,8,31
2024631486060,2024,631486060,323627,313248,-3.13192,52.71148,3,3,1,12:28,-1,W06000023,4,0,1,0,2,"[4, 19]",6,8,0,0,0,1,0,0,0,0,0,9,1
2024631486117,2024,631486117,274550,300622,-3.85323,52.58888,3,3,1,19:05,-1,W06000023,6,0,1,0,2,"[19, 5]","[1, 3]",7,0,"[2, 0]",0,1,0,1,0,0,0,9,1
2024631486172,2024,631486172,311621,235970,-3.28921,52.01509,3,3,1,21:30,-1,W06000023,6,2,1,1,2,19,3,7,0,1,0,1,0,0,0,0,0,9,1
2024631486240,2024,631486240,301061,293729,-3.45999,52.53241,3,3,2,09:10,-1,W06000023,3,2,2,1,2,19,4,8,0,0,0,1,0,0,0,0,0,9,2
2024631486261,2024,631486261,328571,311576,-3.05839,52.69713,3,3,5,07:00,-1,W06000023,3,0,1,0,2,19,"[2, 6]","[6, 2]",0,"[1, 0]","[10, 0]",1,0,0,1,0,0,8,29
2024631486611,2024,631486611,212002,199529,-4.71967,51.66301,1,"[1, 2]",2,22:10,-1,W06000009,3,2,1,0,2,19,"[5, 1]","[1, 5]",0,0,0,1,0,0,0,0,0,9,2
2024631486614,2024,631486614,321954,297405,-3.15293,52.56885,2,2,2,10:40,-1,W06000023,4,0,2,1,2,19,4,8,0,0,0,1,0,0,0,0,0,9,2
2024631486805,2024,631486805,247487,217907,-4.21512,51.83888,2,"[2, 3]",3,10:25,-1,W06000010,3,0,1,0,2,"[7, 19]",3,7,0,"[1, 0]",0,1,0,0,1,0,0,9,3
2024631486865,2024,631486865,241189,219101,-4.307,51.84785,3,3,3,14:00,-1,W06000010,3,0,1,0,2,"[19, 3]",4,7,0,0,0,1,0,0,0,0,0,9,3
2024631486889,2024,631486889,317838,317456,-3.21865,52.74845,3,3,3,14:06,-1,W06000023,6,0,1,0,2,9,"[5, 3]","[3, 1]",0,0,0,1,0,0,0,0,0,9,3
2024631487024,2024,631487024,203347,202934,-4.84657,51.69063,2,2,2,20:20,-1,W06000009,3,2,2,1,2,"[13, 19]","[3, 7]","[7, 3]",0,"[8, 7, 0]",0,1,0,0,0,0,0,9,2