collision_index,collision_year,collision_ref_no,location_easting_osgr,location_northing_osgr,longitude,latitude,casualty_severity,casualty_severity,day_of_week,time,local_authority_district,local_authority_ons_district,first_road_class,light_conditions,weather_conditions,road_surface_conditions,urban_or_rural_area,vehicle_manoeuvre,vehicle_direction_from,vehicle_direction_to,hit_object_in_carriageway,vehicle_leaving_carriageway,hit_object_off_carriageway,is_car,is_cyle,is_mcyle,is_goodsv,is_other,is_pedestrian,month,day
2024991398258,2024,991398258,240244,678679,-4.56164,55.97444,2,"[3, 2]",5,13:50,-1,S12000039,6,0,1,1,1,19,"[3, 8]","[7, 3]",0,"[0, 7]",0,1,0,0,0,0,0,1,11
2024991398262,2024,991398262,390194,808167,-2.16377,57.16425,2,2,1,18:45,-1,S12000033,6,2,3,2,1,19,5,1,0,0,0,1,0,0,0,0,1,1,14
2024991398266,2024,991398266,334752,730345,-3.0604,56.46071,2,2,1,16:48,-1,S12000048,6,2,1,0,1,7,5,1,0,0,0,1,0,0,0,0,1,1,14
2024991398281,2024,991398281,274416,656651,-4.00425,55.7868,2,2,1,20:29,-1,S12000050,3,2,1,2,1,19,7,3,0,0,0,1,0,0,0,0,0,1,14
2024991398282,2024,991398282,313424,692504,-3.39397,56.1174,3,3,1,17:45,-1,S12000047,1,2,1,0,2,19,5,1,0,0,0,1,0,0,0,0,0,1,14
2024991398286,2024,991398286,313428,734385,-3.40768,56.49356,3,3,7,11:55,-1,S12000048,3,0,1,1,2,19,1,5,0,1,0,1,0,0,0,0,0,1,13
2024991398300,2024,991398300,294676,674866,-3.68842,55.95523,3,3,1,06:50,-1,S12000014,3,2,1,0,2,19,1,4,0,7,0,1,0,0,0,0,0,1,14
2024991398308,2024,991398308,329211,667253,-3.13347,55.89318,3,3,1,23:49,-1,S12000036,3,2,1,0,2,"[19, 9]",8,"[4, 6]",0,0,0,1,0,0,0,0,0,1,14
2024991398486,2024,991398486,343745,748837,-2.91851,56.62798,2,"[2, 3]",2,09:32,-1,S12000041,3,0,1,0,2,19,8,4,"[0, 4]","[1, 0]",0,1,0,0,0,0,0,1,15
2024991398514,2024,991398514,206246,559827,-5.02296,54.8955,2,2,2,09:30,-1,S12000006,3,0,1,0,1,"[9, 19]","[3, 1]","[1, 5]",0,0,0,1,1,0,0,0,0,1,15
2024991398588,2024,991398588,293660,815493,-3.76251,57.2178,3,3,2,11:15,-1,S12000017,4,0,8,2,2,19,"[1, 6]","[6, 1]",0,0,0,1,0,0,0,0,0,1,15
2024991398616,2024,991398616,242677,641818,-4.50137,55.64437,2,"[3, 2]",2,11:05,-1,S12000008,4,0,1,1,2,19,"[3, 7]","[7, 3]",0,0,0,1,0,0,0,0,0,1,15
2024991398658,2024,991398658,257938,666175,-4.27179,55.86774,2,2,2,17:29,-1,S12000049,6,2,1,1,1,19,5,8,0,0,0,1,0,0,0,0,1,1,15
2024991398675,2024,991398675,299857,668286,-3.60304,55.89724,2,2,4,06:01,-1,S12000040,3,2,2,1,2,19,"[6, 4]",8,0,"[1, 0]","[1, 0]",1,0,0,0,1,0,1,10
2024991398681,2024,991398681,248273,663441,-4.42456,55.84026,2,2,2,16:25,-1,S12000038,4,2,1,1,1,"[19, 9]","[1, 7]",5,0,0,0,1,0,0,0,0,0,1,15
2024991398700,2024,991398700,328897,707047,-3.14908,56.2506,3,3,2,17:25,-1,S12000047,3,2,1,1,2,"[19, 2]","[5, 0, 1]","[1, 0, 5]",0,0,0,1,0,0,1,0,0,1,15
2024991398702,2024,991398702,333878,672379,-3.06012,55.93989,1,1,2,20:20,-1,S12000010,3,2,1,2,1,19,7,3,11,0,0,1,0,0,0,0,1,1,15
2024991398738,2024,991398738,319915,569063,-3.25377,55.00965,3,3,2,08:26,-1,S12000006,4,0,1,2,2,19,5,2,0,1,4,1,0,0,0,0,0,1,15
2024991398801,2024,991398801,342817,751507,-2.93422,56.65185,3,3,2,14:00,-1,S12000041,6,0,2,1,2,"[1, 2]","[5, 0]","[1, 0]","[4, 0]",0,0,1,0,0,1,0,0,1,8
2024991399022,2024,991399022,251933,679894,-4.37519,55.98909,3,3,2,09:58,-1,S12000030,3,0,1,0,2,"[19, 4]",4,"[2, 8]",0,"[0, 1]","[0, 1]",1,0,0,0,0,0,1,15
2024991399086,2024,991399086,392639,806501,-2.12329,57.14933,2,2,7,13:30,-1,S12000033,5,0,1,0,1,19,1,5,0,0,0,1,0,0,0,0,1,1,13
2024991399111,2024,991399111,347170,731765,-2.85921,56.47503,2,2,3,14:30,-1,S12000042,6,0,3,2,1,19,2,8,0,0,0,0,0,1,0,0,0,1,16
2024991399150,2024,991399150,327260,676696,-3.16721,55.97772,2,2,3,03:20,-1,S12000036,6,0,1,1,1,19,8,4,0,0,0,1,0,0,0,0,1,1,16
2024991399161,2024,991399161,310841,682643,-3.43221,56.02836,3,3,4,17:15,-1,S12000047,6,2,9,0,1,19,"[4, 8]","[8, 5]",0,0,0,1,1,0,0,0,0,1,10
2024991399168,2024,991399168,276827,701049,-3.98617,56.18609,3,3,3,18:00,-1,S12000030,3,2,1,1,2,19,5,1,7,1,6,1,0,0,0,0,0,1,16
2024991399198,2024,991399198,341551,732366,-2.95055,56.47976,3,3,2,17:50,-1,S12000042,3,2,1,1,1,19,3,7,0,0,0,1,0,0,0,0,1,1,15
2024991399208,2024,991399208,258574,665423,-4.26124,55.86118,3,3,3,18:25,-1,S12000049,6,2,1,2,1,9,6,3,0,0,0,1,0,0,0,0,1,1,16
2024991399224,2024,991399224,328664,698778,-3.15061,56.17628,1,"[1, 3]",3,19:40,-1,S12000047,6,2,1,2,1,19,7,3,0,1,5,1,0,0,0,0,0,1,16
2024991399268,2024,991399268,294812,627637,-3.66805,55.53109,2,2,4,06:10,-1,S12000029,3,2,1,2,2,19,"[1, 6]","[6, 1]",0,"[0, 7]","[0, 11]",1,0,0,1,0,0,1,17
2024991399386,2024,991399386,219155,684104,-4.90278,56.01564,3,3,7,18:00,-1,S12000035,6,2,9,1,2,19,5,8,0,7,11,1,0,0,0,0,0,1,13
2024991399415,2024,991399415,258914,665084,-4.25564,55.85824,2,2,1,21:34,-1,S12000049,6,2,1,0,1,4,7,3,0,0,0,1,0,0,0,0,1,1,14
2024991399441,2024,991399441,231530,748621,-4.74577,56.59913,3,3,4,11:10,-1,S12000017,3,0,3,2,2,19,4,8,0,0,0,1,0,0,0,0,0,1,17
2024991399467,2024,991399467,343831,748720,-2.91708,56.62694,3,3,4,09:50,-1,S12000041,3,0,1,1,2,"[2, 19]",8,4,0,0,0,1,0,0,0,0,0,1,17
2024991399472,2024,991399472,330244,673161,-3.11849,55.9464,3,3,2,12:08,-1,S12000036,3,0,1,0,1,"[15, 20]","[1, 8]","[5, 2]",0,"[1, 0]",0,1,0,1,0,0,0,1,15
2024991399479,2024,991399479,254158,658931,-4.32825,55.80158,3,3,3,21:30,-1,S12000049,3,2,1,1,1,"[9, 15]","[8, 3]","[5, 7]",0,0,0,1,0,0,0,0,0,1,16
2024991399482,2024,991399482,369370,769425,-2.50334,56.81531,3,3,4,10:30,-1,S12000034,3,0,1,2,2,"[4, 2, 19]","[2, 0]","[6, 0]",0,0,0,1,0,0,1,0,0,1,17
2024991399495,2024,991399495,267222,846952,-4.21693,57.49327,3,3,4,09:27,-1,S12000017,3,0,1,1,1,19,8,4,0,0,0,1,0,0,0,0,0,1,17
2024991399497,2024,991399497,272299,655230,-4.03732,55.77349,3,3,2,12:40,-1,S12000029,3,0,1,0,1,"[4, 3]",5,1,"[4, 0]",0,0,1,0,0,1,0,0,1,15
2024991399564,2024,991399564,297893,645294,-3.62581,55.69033,2,"[2, 3]",4,10:18,-1,S12000029,4,0,1,1,2,"[2, 19]",8,5,0,"[7, 0]",0,1,0,0,0,0,1,1,17
2024991399590,2024,991399590,270950,578718,-4.02335,55.08607,3,3,1,08:40,-1,S12000006,3,0,1,2,2,19,8,4,0,7,9,1,0,0,0,0,0,1,14
2024991399601,2024,991399601,304510,666025,-3.52786,55.87788,2,"[3, 2]",2,12:05,-1,S12000040,6,0,1,2,1,"[4, 2]",2,6,"[4, 0]",0,0,1,0,0,0,0,0,1,15
2024991399620,2024,991399620,331991,665967,-3.08871,55.88203,2,2,4,14:20,-1,S12000019,3,0,1,0,1,7,1,4,0,0,0,1,0,0,0,0,1,1,17
2024991399628,2024,991399628,319681,672987,-3.28752,55.94319,3,3,4,15:55,-1,S12000036,3,2,1,0,1,"[19, 7]",7,"[3, 1]",0,0,0,1,0,0,1,0,0,1,17
2024991399641,2024,991399641,280804,707348,-3.92497,56.24366,3,3,4,14:50,-1,S12000048,4,0,3,2,2,19,7,3,0,7,11,1,0,0,0,0,0,1,17
2024991399670,2024,991399670,319738,674370,-3.28702,55.95562,3,3,4,18:49,-1,S12000036,6,2,1,0,1,19,7,3,0,0,0,0,0,0,1,0,1,1,17
2024991399679,2024,991399679,258408,663379,-4.26282,55.84278,2,2,4,18:35,-1,S12000049,3,2,1,1,1,19,6,1,0,0,0,1,0,0,0,0,1,1,17
2024991399728,2024,991399728,321225,676304,-3.26378,55.97324,3,3,4,22:20,-1,S12000036,6,2,1,0,1,5,3,7,0,0,0,0,0,0,1,0,0,1,17
2024991399735,2024,991399735,285913,632458,-3.81095,55.57239,2,"[3, 2]",5,01:30,-1,S12000029,1,2,1,2,2,19,5,"[1, 8]","[0, 7]","[0, 1]","[0, 7]",1,0,0,0,0,0,1,18
2024991399743,2024,991399743,210141,665426,-5.03403,55.84457,3,3,6,18:35,-1,S12000035,3,2,1,0,1,19,7,3,0,1,0,1,0,0,0,0,0,1,12
2024991399749,2024,991399749,256341,666486,-4.29745,55.87006,2,2,1,17:43,-1,S12000049,6,2,1,0,1,19,"[1, 7]","[7, 3]",0,0,0,1,1,0,0,0,0,1,14
2024991399788,2024,991399788,205593,555886,-5.03047,54.85988,3,3,3,13:40,-1,S12000006,3,0,1,0,2,"[14, 2, 19]","[3, 0, 7]","[7, 0, 3]",0,0,0,1,0,0,0,1,0,1,9
2024991399961,2024,991399961,257963,667099,-4.27187,55.87605,3,3,4,13:57,-1,S12000049,6,0,1,0,1,4,2,5,0,0,0,1,0,0,0,0,1,1,17
2024991399977,2024,991399977,317357,676004,-3.32564,55.9699,3,3,5,08:50,-1,S12000036,3,0,1,0,2,"[19, 3]",8,4,0,0,0,1,0,0,0,0,0,1,18
2024991399986,2024,991399986,279389,661353,-3.92708,55.83029,2,"[3, 2]",5,10:00,-1,S12000050,4,0,1,0,2,"[19, 9]","[4, 1]","[1, 5]",0,0,0,1,0,0,0,0,0,1,18
2024991400020,2024,991400020,239409,675368,-4.57304,55.94444,1,1,5,12:25,-1,S12000039,6,0,1,1,1,19,1,5,0,0,0,1,0,0,0,0,1,1,18
2024991400039,2024,991400039,232410,610487,-4.64539,55.35971,3,3,5,12:30,-1,S12000028,4,0,1,2,2,19,"[4, 8]","[8, 5]",0,1,0,1,0,0,0,0,0,1,18
2024991400057,2024,991400057,236519,563212,-4.55337,54.93672,3,3,3,16:10,-1,S12000006,3,0,1,1,2,19,3,7,0,7,11,1,0,0,0,0,0,1,9
2024991400059,2024,991400059,278755,650143,-3.93221,55.72947,3,3,5,07:30,-1,S12000029,6,2,1,2,1,"[2, 19]","[1, 4]","[4, 8]","[0, 4]",0,0,1,0,0,1,0,0,1,18
2024991400079,2024,991400079,320862,567073,-3.23842,54.99193,3,3,5,12:15,-1,S12000006,4,0,1,1,2,"[19, 9]","[6, 2]","[2, 8]",0,0,0,1,0,0,0,1,0,1,18
2024991400108,2024,991400108,316160,674364,-3.3443,55.95496,3,3,4,12:50,-1,S12000036,6,0,8,0,2,"[10, 19]",7,"[4, 3]",0,0,0,1,0,0,0,0,0,1,17
2024991400119,2024,991400119,309754,667418,-3.44454,55.89141,3,3,5,15:50,-1,S12000040,3,0,1,1,2,19,2,6,0,0,0,1,0,0,0,0,0,1,18
2024991400125,2024,991400125,238608,665782,-4.58013,55.85813,3,3,4,23:00,-1,S12000038,3,2,8,2,1,19,2,5,11,0,0,1,0,0,0,0,0,1,17
2024991400130,2024,991400130,249545,823463,-4.49717,57.27695,3,3,5,15:30,-1,S12000017,3,0,3,2,2,19,6,2,0,2,10,1,0,0,0,0,0,1,18
2024991400149,2024,991400149,259232,668959,-4.25258,55.89312,3,3,5,18:00,-1,S12000049,6,2,1,2,1,"[19, 9, 5]","[7, 1]","[3, 7, 5]",0,0,0,1,0,0,0,0,0,1,18
2024991400170,2024,991400170,261235,622896,-4.19725,55.48013,2,"[2, 3]",5,17:00,-1,S12000008,3,0,1,0,2,19,"[6, 2]","[2, 6]",0,0,0,1,0,0,0,0,0,1,18
2024991400176,2024,991400176,365368,800340,-2.57314,57.09274,3,3,1,07:30,-1,S12000034,3,0,8,2,2,19,3,7,0,7,0,1,0,0,0,0,0,1,14
2024991400188,2024,991400188,169213,619233,-5.64764,55.41253,2,2,6,00:20,-1,S12000035,4,2,3,2,2,19,2,6,0,8,0,1,0,0,0,0,0,1,19
2024991400255,2024,991400255,236373,673908,-4.62071,55.93031,3,3,6,06:25,-1,S12000018,3,2,3,2,2,19,"[3, 8]","[7, 3]","[0, 10]","[1, 2, 0]","[6, 0]",1,0,0,0,0,0,1,19
2024991400282,2024,991400282,272614,656229,-4.03277,55.78254,3,3,6,09:00,-1,S12000029,6,0,8,2,1,19,6,1,0,7,9,1,0,0,0,0,0,1,19
2024991400288,2024,991400288,392741,817434,-2.12193,57.24754,2,2,6,09:35,-1,S12000034,4,0,1,1,2,"[2, 19]","[0, 8]","[0, 4]",0,0,0,1,0,0,0,0,0,1,19
2024991400324,2024,991400324,255003,656522,-4.3135,55.78021,3,3,6,09:30,-1,S12000011,6,0,8,2,1,19,2,7,0,3,0,1,0,0,0,0,0,1,19
2024991400405,2024,991400405,259075,667692,-4.25442,55.8817,2,2,6,12:58,-1,S12000049,3,0,8,1,1,19,5,1,0,0,0,1,0,0,0,0,1,1,19
2024991400478,2024,991400478,253478,665213,-4.34248,55.85777,2,2,6,17:30,-1,S12000049,3,2,1,1,1,19,8,4,0,0,0,1,0,0,0,0,1,1,19
2024991400523,2024,991400523,246145,663283,-4.45842,55.83816,3,3,5,17:45,-1,S12000038,6,2,8,2,1,5,7,3,0,0,0,1,0,0,0,0,1,1,18
2024991400539,2024,991400539,240530,781887,-4.62006,56.90081,3,3,6,21:25,-1,S12000017,3,2,8,2,2,19,3,7,0,1,9,1,0,0,0,0,0,1,19
2024991400572,2024,991400572,256164,666567,-4.30032,55.87074,3,3,4,19:10,-1,S12000049,6,2,2,1,1,"[2, 19]","[0, 7]","[0, 4]","[0, 4]",0,0,1,1,0,0,0,0,1,17
2024991400583,2024,991400583,267354,771748,-4.17473,56.81825,3,3,7,08:10,-1,S12000048,3,2,2,2,2,19,7,3,0,2,10,1,0,0,0,0,0,1,20
2024991400603,2024,991400603,337742,731168,-3.01209,56.46851,3,3,7,09:45,-1,S12000042,6,0,1,1,1,"[19, 6]",3,7,0,0,0,1,0,0,0,0,0,1,20
2024991400645,2024,991400645,309974,667585,-3.44108,55.89295,2,"[3, 2]",7,09:38,-1,S12000040,3,0,1,1,2,"[9, 19]","[8, 2]",6,0,0,0,1,0,0,0,0,0,1,20
2024991400658,2024,991400658,319609,669982,-3.28778,55.91619,3,3,3,14:33,-1,S12000036,4,0,1,0,1,4,1,5,0,0,0,1,0,0,0,0,0,1,16
2024991400703,2024,991400703,233946,618504,-4.62595,55.4322,2,"[3, 2]",6,20:30,-1,S12000028,6,2,8,1,1,"[9, 13]",1,5,0,0,0,1,0,0,0,0,0,1,19
2024991400729,2024,991400729,234128,621201,-4.62469,55.45647,3,3,5,18:45,-1,S12000028,3,2,1,2,1,19,5,1,0,0,0,1,0,0,0,0,1,1,18
2024991400759,2024,991400759,259737,852452,-4.34486,57.54038,3,3,7,18:33,-1,S12000017,3,2,1,1,2,19,7,3,0,7,1,1,0,0,0,0,0,1,20
2024991400789,2024,991400789,235173,626069,-4.61107,55.50052,3,3,7,20:55,-1,S12000028,3,2,5,1,1,4,1,5,0,0,0,1,0,0,0,0,1,1,20
2024991400816,2024,991400816,264223,654355,-4.16553,55.76343,2,2,1,00:40,-1,S12000029,3,2,2,1,1,7,8,3,9,0,0,1,0,0,0,0,0,1,21
2024991400862,2024,991400862,245843,665081,-4.46426,55.85421,3,3,1,06:40,-1,S12000038,3,2,5,1,2,19,7,3,0,1,2,1,0,0,0,0,0,1,21
2024991400867,2024,991400867,255855,667522,-4.30576,55.87922,3,3,6,16:30,-1,S12000049,6,0,1,0,1,"[3, 19]",5,1,"[0, 4]",0,0,1,0,0,0,0,0,1,19
2024991400936,2024,991400936,325992,702985,-3.19482,56.21366,2,2,1,12:55,-1,S12000047,6,0,2,1,1,"[9, 19]","[8, 3]","[3, 8]",0,"[7, 0]",0,1,1,0,0,0,0,1,21
2024991400980,2024,991400980,269785,671131,-4.085,55.91559,3,3,1,17:30,-1,S12000050,6,2,5,1,1,"[5, 19]","[7, 6]","[5, 1]",0,0,0,1,0,0,0,0,0,1,21
2024991401015,2024,991401015,177607,827434,-5.69158,57.28322,3,3,4,10:46,-1,S12000017,3,0,3,2,2,19,7,3,7,1,7,1,0,0,0,0,0,1,17
2024991401016,2024,991401016,189995,685553,-5.37087,56.01675,3,3,1,22:05,-1,S12000035,3,2,5,1,2,19,6,2,11,0,0,1,0,0,0,0,0,1,21
2024991401027,2024,991401027,292401,679935,-3.72687,56.00025,1,1,1,23:48,-1,S12000014,3,2,5,1,1,19,4,8,11,0,0,1,0,0,0,0,0,1,21
2024991401042,2024,991401042,374830,674253,-2.40473,55.96063,3,3,2,01:30,-1,S12000010,3,2,5,1,2,19,4,8,0,0,0,0,0,0,1,0,0,1,22
2024991401057,2024,991401057,314327,713321,-3.38619,56.30454,2,2,2,07:45,-1,S12000048,1,2,2,1,2,19,5,1,0,2,7,1,0,0,0,0,0,1,22
2024991401119,2024,991401119,302138,678039,-3.57012,55.98531,3,3,2,06:53,-1,S12000040,3,2,5,1,2,19,3,7,11,0,0,1,0,0,0,0,0,1,22
2024991401149,2024,991401149,285351,564983,-3.79235,54.96624,3,3,2,14:45,-1,S12000006,3,0,1,1,2,"[9, 19]",6,"[4, 2]",0,"[0, 7]",0,1,0,0,0,0,0,1,15
2024991401199,2024,991401199,269131,663659,-4.09184,55.84832,2,2,1,13:40,-1,S12000049,1,0,5,1,1,19,"[1, 2]",5,0,"[0, 7]","[0, 2]",1,0,0,0,0,0,1,21
2024991401362,2024,991401362,244483,637743,-4.4704,55.60837,2,2,2,14:20,-1,S12000008,3,0,5,1,2,11,1,6,6,0,0,1,0,0,0,0,0,1,22
2024991401420,2024,991401420,317368,672591,-3.32442,55.93924,2,"[3, 2]",2,18:00,-1,S12000036,3,2,5,1,2,19,7,3,0,0,0,1,0,0,0,0,0,1,22
2024991401421,2024,991401421,346291,730884,-2.87329,56.46701,2,2,2,12:15,-1,S12000042,6,0,1,1,1,9,4,2,0,0,0,1,0,0,0,0,1,1,22
2024991401422,2024,991401422,329247,698546,-3.14116,56.17429,3,3,2,19:10,-1,S12000047,3,2,5,1,1,"[4, 19]",5,1,0,0,0,1,0,0,0,0,0,1,22
2024991401434,2024,991401434,354418,839081,-2.76096,57.43975,3,3,2,16:25,-1,S12000034,3,0,1,0,2,19,"[7, 3]","[3, 7]",0,"[7, 0]","[7, 0]",1,0,0,1,0,0,1,22
2024991401481,2024,991401481,328689,699591,-3.15043,56.18359,3,3,1,12:20,-1,S12000047,3,0,5,1,1,19,4,8,0,"[4, 0]",0,1,0,0,0,0,0,1,21
2024991401545,2024,991401545,253608,665898,-4.34077,55.86396,3,3,3,08:42,-1,S12000049,6,0,1,0,1,9,8,5,0,0,0,1,0,0,0,0,1,1,16
2024991401646,2024,991401646,248206,664513,-4.42623,55.84986,2,2,3,08:20,-1,S12000038,6,0,5,1,1,19,1,5,0,0,0,1,0,0,0,0,1,1,23
2024991401648,2024,991401648,229113,649733,-4.72157,55.71082,3,3,3,09:25,-1,S12000021,4,0,2,1,1,19,1,5,0,0,0,1,0,0,0,0,0,1,23
2024991401658,2024,991401658,257440,662244,-4.27767,55.83231,3,3,3,08:44,-1,S12000049,3,0,2,1,1,"[6, 14]",6,2,0,0,0,1,1,0,0,0,0,1,23
2024991401659,2024,991401659,312874,683775,-3.39997,56.0389,2,2,3,09:10,-1,S12000047,6,0,1,0,1,1,5,1,0,0,0,0,0,0,1,0,1,1,23
2024991401669,2024,991401669,275637,656188,-3.98458,55.78296,3,3,3,12:21,-1,S12000050,4,0,2,1,1,19,"[5, 7]","[1, 3]",0,0,0,1,0,0,0,0,0,1,23
2024991401670,2024,991401670,259022,662720,-4.25269,55.83704,3,3,2,16:00,-1,S12000049,6,0,5,1,1,19,1,5,0,0,0,1,0,0,0,0,1,1,22
2024991401701,2024,991401701,294923,556795,-3.63991,54.8948,3,3,3,09:00,-1,S12000006,3,0,2,1,2,"[19, 2]","[7, 0]","[3, 0]",0,"[2, 0]","[11, 0]",1,0,0,0,0,0,1,23
2024991401774,2024,991401774,279429,650759,-3.92176,55.73517,3,3,6,05:20,-1,S12000029,3,2,6,2,2,19,4,8,0,1,0,1,0,0,0,0,0,1,19
2024991401776,2024,991401776,249568,665766,-4.40519,55.86153,3,3,3,14:32,-1,S12000038,6,0,5,1,1,4,7,3,0,0,0,1,0,0,0,0,0,1,23
2024991401819,2024,991401819,326464,673602,-3.17912,55.9498,3,3,2,17:45,-1,S12000036,6,2,5,1,1,"[5, 19]","[4, 2]",7,0,0,0,1,1,0,0,0,0,1,22
2024991401828,2024,991401828,254106,669188,-4.33459,55.89365,3,3,3,15:25,-1,S12000049,3,0,2,1,1,19,"[8, 2]","[4, 7]",0,0,0,1,0,0,0,0,0,1,23
2024991401859,2024,991401859,252668,661507,-4.35339,55.82426,3,3,3,21:00,-1,S12000049,4,2,5,1,1,19,"[8, 6]","[6, 2]",0,"[7, 0]",0,1,0,0,0,0,0,1,23
2024991401867,2024,991401867,282674,606886,-3.85149,55.34196,3,3,7,17:14,-1,S12000006,3,2,5,1,2,19,4,8,12,7,1,1,0,0,0,0,0,1,20
2024991402064,2024,991402064,192370,690899,-5.33698,56.06573,2,2,5,14:15,-1,S12000035,3,0,2,1,2,7,1,5,0,1,1,1,0,0,0,0,0,1,18
2024991402143,2024,991402143,258840,665115,-4.25683,55.85849,3,3,4,12:45,-1,S12000049,6,0,1,1,1,"[2, 5]",1,5,0,3,0,1,1,0,0,0,0,1,24
2024991402152,2024,991402152,261012,661662,-4.22039,55.82812,2,2,4,12:50,-1,S12000029,4,0,4,1,1,19,7,3,0,0,0,1,0,0,0,0,1,1,24
2024991402188,2024,991402188,292469,679568,-3.72563,55.99697,3,3,6,01:42,-1,S12000014,6,2,6,2,2,9,8,5,0,1,11,1,0,0,0,0,0,1,19
2024991402253,2024,991402253,334275,670631,-3.05334,55.92425,3,3,3,11:35,-1,S12000010,3,0,2,1,2,11,"[2, 3]",7,0,"[1, 0]",0,1,0,0,1,0,0,1,23
2024991402301,2024,991402301,304492,666388,-3.52828,55.88114,3,3,3,12:02,-1,S12000040,6,0,5,1,1,19,5,1,0,0,0,1,0,0,0,0,0,1,23
2024991402303,2024,991402303,236197,621498,-4.59218,55.45983,2,2,4,19:25,-1,S12000028,3,2,1,0,1,19,1,6,0,0,0,1,0,0,0,0,1,1,24
2024991402330,2024,991402330,338758,732762,-2.99598,56.48296,3,3,7,12:00,-1,S12000042,3,0,1,0,1,"[8, 19]","[4, 6]",7,0,0,0,1,0,0,0,0,0,1,20
2024991402413,2024,991402413,257700,666443,-4.27573,55.87008,2,2,5,07:55,-1,S12000049,6,0,2,1,1,19,4,8,0,0,0,1,0,0,0,0,1,1,25
2024991402441,2024,991402441,321168,675022,-3.26432,55.96172,3,3,5,07:45,-1,S12000036,6,2,2,1,1,19,3,7,0,0,0,1,0,0,0,0,1,1,25
2024991402573,2024,991402573,326867,665758,-3.17054,55.8794,2,2,7,14:10,-1,S12000019,3,0,3,0,2,19,"[8, 6]",3,0,0,0,1,0,0,0,0,0,1,20
2024991402584,2024,991402584,253564,667188,-4.34217,55.87553,2,2,4,18:01,-1,S12000049,6,2,2,1,1,5,4,8,1,0,0,0,0,0,1,0,1,1,24
2024991402716,2024,991402716,373264,636168,-2.42606,55.61836,2,2,5,18:45,-1,S12000026,4,2,1,1,2,19,5,1,11,0,0,1,0,0,0,0,1,1,25
2024991402731,2024,991402731,332839,673038,-3.07691,55.94567,3,3,5,14:40,-1,S12000010,3,0,1,1,1,"[19, 3]","[8, 3]","[3, 7]",0,0,0,1,0,0,0,0,0,1,25
2024991402765,2024,991402765,178532,719691,-5.58281,56.3177,3,3,5,12:20,-1,S12000035,4,0,2,1,3,"[19, 4]","[7, 4]","[3, 7]",0,0,0,1,0,0,0,0,0,1,25
2024991402875,2024,991402875,324678,676206,-3.20844,55.97292,2,2,6,09:50,-1,S12000036,6,0,1,0,1,7,1,3,0,0,0,1,0,0,0,0,1,1,26
2024991402937,2024,991402937,311540,723939,-3.43479,56.39939,3,3,4,18:10,-1,S12000048,3,2,2,1,1,"[19, 9]","[5, 8]","[8, 7]",0,0,0,1,0,0,0,0,0,1,24
2024991402969,2024,991402969,326143,672540,-3.18396,55.94021,2,2,5,17:25,-1,S12000036,3,2,1,0,1,"[19, 5]","[8, 2]","[4, 6]",0,0,0,1,1,0,0,0,0,1,25
2024991402982,2024,991402982,242155,637246,-4.50704,55.60315,3,3,5,17:15,-1,S12000008,3,2,2,1,1,19,2,6,0,0,0,1,0,0,0,0,1,1,25
2024991403029,2024,991403029,206641,560697,-5.0174,54.90346,3,3,6,13:55,-1,S12000006,3,0,1,0,1,"[9, 19]","[1, 3]",7,0,0,0,1,0,0,0,0,0,1,26
2024991403035,2024,991403035,223574,692777,-4.8377,56.09511,2,"[2, 3]",5,21:21,-1,S12000035,3,2,1,1,2,19,1,5,0,7,4,1,0,0,0,0,0,1,25
2024991403056,2024,991403056,321458,567408,-3.2292,54.99503,3,3,3,10:40,-1,S12000006,3,0,1,1,2,"[19, 9]","[3, 5]","[7, 3]",0,"[1, 0]",0,1,0,0,0,0,0,1,23
2024991403073,2024,991403073,240263,626823,-4.53101,55.50898,2,2,6,18:20,-1,S12000028,3,2,1,0,2,"[7, 19]","[3, 6]","[6, 2]",0,"[1, 0]",0,1,0,0,1,0,0,1,26
2024991403109,2024,991403109,322948,673212,-3.23529,55.94575,2,2,6,16:45,-1,S12000036,3,2,1,0,1,5,3,7,0,0,0,0,0,0,1,0,1,1,26
2024991403110,2024,991403110,393283,652540,-2.10862,55.76616,3,3,6,17:57,-1,S12000026,4,2,1,1,2,19,"[3, 1]","[7, 5]",0,"[0, 3]",0,1,0,0,0,0,0,1,26
2024991403112,2024,991403112,273488,645502,-4.01388,55.68645,3,3,6,20:05,-1,S12000029,3,2,1,0,2,19,"[7, 3]","[3, 7]",0,0,0,1,0,0,0,0,0,1,26
2024991403116,2024,991403116,258462,663502,-4.26203,55.8439,2,2,6,19:30,-1,S12000049,3,2,1,0,1,19,1,5,0,0,0,0,0,0,1,0,1,1,26
2024991403123,2024,991403123,285787,749164,-3.86289,56.62037,2,2,4,17:00,-1,S12000048,3,0,1,1,2,19,6,2,0,0,0,0,0,1,0,0,1,1,24
2024991403146,2024,991403146,305574,666295,-3.51096,55.88052,3,3,7,00:15,-1,S12000040,6,2,1,0,1,"[19, 9]","[1, 2]","[5, 1]",0,"[1, 0]","[2, 0]",1,0,0,0,0,0,1,27
2024991403175,2024,991403175,325578,674277,-3.19349,55.95573,3,3,1,03:05,-1,S12000036,6,2,1,1,1,"[4, 19]",7,3,0,0,0,1,1,0,0,0,0,1,14