collision_index,collision_year,collision_ref_no,location_easting_osgr,location_northing_osgr,longitude,latitude,casualty_severity,casualty_severity,day_of_week,time,local_authority_district,local_authority_ons_district,first_road_class,light_conditions,weather_conditions,road_surface_conditions,urban_or_rural_area,vehicle_manoeuvre,vehicle_direction_from,vehicle_direction_to,hit_object_in_carriageway,vehicle_leaving_carriageway,hit_object_off_carriageway,is_car,is_cyle,is_mcyle,is_goodsv,is_other,is_pedestrian,month,day
2024991403224,2024,991403224,350346,615752,-2.78624,55.43313,3,3,7,10:30,-1,S12000026,6,0,1,0,1,"[2, 4]",5,4,"[4, 0]","[0, 1]","[0, 11]",1,0,0,0,0,0,1,27
2024991403257,2024,991403257,256375,667641,-4.29752,55.88044,1,1,7,07:25,-1,S12000049,3,2,1,1,1,19,4,8,0,0,0,0,0,0,1,0,1,1,27
2024991403258,2024,991403258,268232,844690,-4.19888,57.47326,2,2,6,12:20,-1,S12000017,4,0,2,1,1,"[5, 19]","[8, 7]",3,0,0,0,1,1,0,0,0,0,1,26
2024991403346,2024,991403346,273507,701287,-4.03974,56.18735,3,3,3,07:27,-1,S12000030,3,2,1,1,2,19,"[3, 5]",7,0,0,0,1,0,0,0,0,0,1,23
2024991403352,2024,991403352,217262,677271,-4.92847,55.95361,3,3,7,17:55,-1,S12000035,3,2,1,1,1,19,1,5,0,0,0,1,0,0,0,0,1,1,27
2024991403393,2024,991403393,279606,567797,-3.88321,54.99016,3,3,4,15:20,-1,S12000006,3,0,4,0,2,19,1,5,0,1,9,1,0,0,0,0,0,1,24
2024991403492,2024,991403492,266873,665786,-4.12893,55.8668,3,3,1,12:30,-1,S12000049,6,0,1,1,1,5,6,2,0,0,0,1,0,0,0,0,1,1,28
2024991403507,2024,991403507,318460,675610,-3.30786,55.96654,3,3,1,12:34,-1,S12000036,6,0,1,0,1,19,1,5,0,7,0,1,0,0,0,0,0,1,28
2024991403509,2024,991403509,276251,652953,-3.97333,55.75407,3,3,1,13:10,-1,S12000029,3,0,1,1,2,19,"[4, 6]","[7, 1]","[0, 2]",0,0,1,0,0,0,0,0,1,28
2024991403524,2024,991403524,271466,653453,-4.04975,55.75731,2,2,7,19:15,-1,S12000029,6,0,1,0,1,4,7,"[5, 4]",0,"[1, 0]",0,1,0,0,0,0,0,1,27
2024991403556,2024,991403556,345749,750458,-2.88619,56.64278,2,"[2, 3]",4,11:40,-1,S12000041,3,0,1,0,1,"[3, 19]",6,2,0,0,0,1,0,0,0,0,0,1,24
2024991403562,2024,991403562,264540,845063,-4.26059,57.47552,2,2,1,14:47,-1,S12000017,6,0,4,0,1,19,7,2,0,0,0,0,1,0,0,0,0,1,28
2024991403642,2024,991403642,322170,574025,-3.21988,55.05459,3,3,7,11:00,-1,S12000006,4,0,1,0,2,"[10, 19]",4,"[2, 8]",0,"[7, 0]","[4, 0]",1,0,0,0,0,0,1,27
2024991403853,2024,991403853,299676,686938,-3.61289,56.06472,3,3,5,15:45,-1,S12000047,3,0,1,0,2,"[19, 4]",3,7,0,0,0,1,0,0,0,0,0,1,25
2024991403937,2024,991403937,288115,574549,-3.75294,55.05279,3,3,4,13:20,-1,S12000006,3,0,1,0,2,19,3,7,0,2,0,1,0,0,0,0,0,1,24
2024991404019,2024,991404019,312887,678186,-3.39794,55.9887,3,3,6,17:50,-1,S12000036,6,2,1,1,1,5,7,5,0,0,0,1,0,0,0,0,1,1,26
2024991404044,2024,991404044,256897,655307,-4.28269,55.76987,3,3,2,15:30,-1,S12000011,6,0,1,0,2,"[19, 9]","[5, 8]","[1, 5]",0,0,0,1,0,0,0,0,0,1,29
2024991404078,2024,991404078,304718,695321,-3.53494,56.14104,3,3,1,23:30,-1,S12000047,3,2,1,1,2,19,2,6,0,1,4,1,0,0,0,0,0,1,28
2024991404091,2024,991404091,270654,658327,-4.065,55.80086,3,3,2,22:25,-1,S12000029,4,2,2,1,1,"[9, 19]","[4, 8]","[2, 4]",0,0,0,1,0,1,0,0,0,1,29
2024991404103,2024,991404103,319166,673872,-3.29603,55.95105,3,3,6,20:55,-1,S12000036,6,2,1,0,1,"[5, 9]","[8, 5]","[5, 3]",0,0,0,1,0,0,0,0,0,1,26
2024991404109,2024,991404109,345108,735040,-2.89337,56.50421,3,3,2,21:40,-1,S12000041,6,2,1,1,2,19,8,4,0,1,0,1,0,0,0,0,0,1,29
2024991404119,2024,991404119,318219,672749,-3.31085,55.94081,3,3,7,17:45,-1,S12000036,3,2,1,0,1,12,7,3,0,0,0,1,0,1,0,0,0,1,13
2024991404121,2024,991404121,258026,666252,-4.27042,55.86846,3,3,2,22:17,-1,S12000049,3,2,1,1,1,4,2,6,0,0,0,1,0,0,0,0,1,1,29
2024991404251,2024,991404251,239403,675468,-4.57319,55.94534,2,2,6,18:00,-1,S12000039,3,2,1,0,1,19,3,7,1,0,0,1,0,0,0,0,1,1,26
2024991404259,2024,991404259,283180,560486,-3.82441,54.92535,3,3,5,11:35,-1,S12000006,3,0,1,0,2,"[19, 9]","[4, 3, 1]","[1, 4]",0,0,0,1,0,0,0,0,0,1,18
2024991404268,2024,991404268,258878,668382,-4.25793,55.88784,3,3,3,09:45,-1,S12000049,3,0,1,0,1,9,7,5,0,0,0,1,0,0,0,0,1,1,30
2024991404290,2024,991404290,272709,661819,-4.03387,55.83276,2,2,3,08:06,-1,S12000050,6,0,1,0,1,"[9, 19]","[6, 1]","[2, 5]",0,0,0,1,1,0,0,0,0,1,30
2024991404347,2024,991404347,292338,661003,-3.72033,55.83021,3,3,3,09:15,-1,S12000040,5,0,1,2,2,19,4,8,0,1,0,1,0,0,0,0,0,1,30
2024991404403,2024,991404403,261228,660807,-4.21651,55.82051,3,3,3,13:05,-1,S12000029,6,0,1,0,1,1,5,8,0,0,0,1,0,0,0,0,1,1,30
2024991404448,2024,991404448,320069,699667,-3.28929,56.1829,3,3,3,10:25,-1,S12000047,6,0,1,2,2,19,2,6,0,1,11,1,0,0,0,0,0,1,30
2024991404526,2024,991404526,257123,667548,-4.28553,55.87983,2,2,3,16:10,-1,S12000049,4,0,1,0,1,19,2,6,10,0,0,1,0,0,0,0,0,1,30
2024991404531,2024,991404531,256458,664449,-4.2945,55.85181,2,2,3,18:30,-1,S12000049,3,2,1,0,1,"[6, 19]",7,"[7, 3]",0,0,0,1,0,1,0,0,0,1,30
2024991404555,2024,991404555,141059,831994,-6.30095,57.30483,2,2,3,15:18,-1,S12000017,3,0,1,1,2,19,3,7,0,8,0,1,0,0,0,0,0,1,30
2024991404579,2024,991404579,287653,697044,-3.81015,56.1528,3,3,3,13:40,-1,S12000005,3,0,1,0,1,"[13, 9]",7,"[3, 5]",0,7,0,1,0,0,0,0,0,1,30
2024991404595,2024,991404595,411096,847998,-1.8164,57.52202,3,3,2,17:10,-1,S12000034,3,0,1,1,2,7,6,"[8, 1]",0,0,0,1,0,0,0,0,0,1,8
2024991404669,2024,991404669,289421,637783,-3.75748,55.62102,2,2,4,05:56,-1,S12000029,3,2,4,1,2,19,6,2,0,1,11,1,0,0,0,0,0,1,31
2024991404750,2024,991404750,366968,643975,-2.52696,55.68812,1,1,4,08:00,-1,S12000026,3,0,4,0,2,19,6,3,0,0,0,0,0,0,1,0,1,1,31
2024991404819,2024,991404819,331762,672987,-3.09414,55.94506,3,3,4,11:40,-1,S12000036,3,0,5,1,1,19,"[5, 3]","[2, 7]",0,0,0,1,0,0,0,0,0,1,31
2024991404827,2024,991404827,257994,667302,-4.27149,55.87788,2,2,4,07:58,-1,S12000049,6,0,1,1,1,19,1,5,0,0,0,1,0,0,0,0,1,1,31
2024991404829,2024,991404829,312600,672313,-3.40064,55.9359,3,3,4,06:20,-1,S12000036,1,2,1,0,2,"[19, 11]",1,5,"[7, 0]",0,0,1,0,0,1,0,0,1,31
2024991404842,2024,991404842,313614,687358,-3.38925,56.07122,3,3,2,06:50,-1,S12000047,6,2,5,1,1,"[19, 2]","[1, 0]","[5, 0]",0,0,0,1,0,0,0,1,0,1,22
2024991404870,2024,991404870,328114,674958,-3.15306,55.96223,3,3,3,14:25,-1,S12000036,6,0,1,0,1,19,"[8, 7]","[4, 3]",0,0,0,1,0,0,0,0,0,1,30
2024991404916,2024,991404916,327174,670744,-3.16698,55.92424,3,3,6,15:00,-1,S12000036,3,0,1,0,1,3,5,1,0,0,0,0,0,0,1,0,0,1,26
2024991404937,2024,991404937,264072,666071,-4.17379,55.86858,3,3,4,15:00,-1,S12000049,1,0,5,1,1,19,8,4,0,0,0,1,0,0,0,0,0,1,31
2024991405002,2024,991405002,257970,663469,-4.26986,55.84346,3,3,4,19:02,-1,S12000049,6,2,1,1,1,"[1, 2]","[3, 0, 5]","[7, 0, 1]",0,0,0,1,0,0,0,0,0,1,31
2024991405063,2024,991405063,312844,689438,-3.40229,56.08976,3,3,5,02:32,-1,S12000047,1,2,1,1,2,19,1,5,0,1,0,0,0,1,0,0,0,2,1
2024991405187,2024,991405187,256884,666099,-4.28858,55.86675,2,2,6,17:00,-1,S12000049,6,2,1,1,1,"[2, 19]","[0, 4]","[0, 6]","[0, 4]",0,0,1,0,0,0,0,1,1,26
2024991405196,2024,991405196,258003,665678,-4.27049,55.8633,3,3,5,10:40,-1,S12000049,1,0,1,1,1,19,1,5,0,0,0,1,0,0,0,0,0,2,1
2024991405218,2024,991405218,259000,668998,-4.2563,55.8934,3,3,5,09:18,-1,S12000049,6,0,1,0,1,"[19, 9, 3]","[7, 3, 1]","[3, 1, 5]",0,0,0,1,0,0,0,0,0,2,1
2024991405252,2024,991405252,260723,667711,-4.22811,55.88235,3,3,6,15:20,-1,S12000049,6,0,5,1,1,7,8,3,0,0,0,1,0,0,0,0,1,1,26
2024991405326,2024,991405326,284999,649450,-3.83255,55.72477,2,"[3, 2]",5,15:25,-1,S12000029,3,0,1,1,1,19,"[1, 5]","[5, 1]",0,"[1, 0]","[7, 0]",1,0,0,0,0,0,2,1
2024991405357,2024,991405357,325883,674478,-3.18866,55.95758,2,2,4,17:20,-1,S12000036,4,2,5,1,1,19,8,4,0,0,0,1,0,0,0,0,1,1,31
2024991405467,2024,991405467,277090,677030,-3.97089,55.97048,3,3,6,06:40,-1,S12000050,6,2,1,0,1,"[10, 9]","[3, 4]","[8, 3]",0,0,0,1,0,0,0,0,0,2,2
2024991405495,2024,991405495,328690,694028,-3.14892,56.13362,3,3,4,18:30,-1,S12000047,4,0,8,0,1,19,"[7, 3]","[3, 7]",0,1,"[2, 10]",1,0,0,0,0,0,1,24
2024991405533,2024,991405533,328853,673829,-3.14093,55.9522,2,2,4,00:40,-1,S12000036,6,2,1,1,1,4,7,3,0,0,0,1,0,0,0,0,0,1,31
2024991405560,2024,991405560,263668,848980,-4.27731,57.51042,2,2,6,10:55,-1,S12000017,3,0,4,0,2,19,1,5,0,1,4,1,0,0,0,0,0,2,2
2024991405577,2024,991405577,186055,729656,-5.46954,56.41052,2,2,1,15:03,-1,S12000035,6,0,1,1,1,19,5,8,0,0,0,0,1,0,0,0,0,1,28
2024991405687,2024,991405687,251101,668862,-4.38242,55.8898,3,3,6,16:55,-1,S12000049,3,2,4,1,1,"[9, 19]","[4, 8]","[2, 4]",0,0,0,1,0,0,0,0,0,2,2
2024991405688,2024,991405688,274963,646103,-3.99071,55.69223,3,3,6,17:50,-1,S12000029,3,2,1,0,1,"[7, 19]",2,"[8, 6]",0,0,0,1,0,0,0,0,0,2,2
2024991405710,2024,991405710,335629,703474,-3.03959,56.21946,3,3,6,18:20,-1,S12000047,3,2,1,0,2,4,2,6,0,0,0,1,0,0,0,0,1,2,2
2024991405899,2024,991405899,239636,664701,-4.56308,55.84877,3,3,7,07:45,-1,S12000038,6,2,1,1,1,19,"[1, 4]","[4, 8]",0,0,0,1,0,0,0,0,0,2,3
2024991405988,2024,991405988,231344,744395,-4.74604,56.56114,3,3,6,14:05,-1,S12000035,3,0,2,1,2,"[19, 13]",1,5,0,"[0, 1]",0,1,0,0,0,0,0,2,2
2024991406016,2024,991406016,194021,779659,-5.38058,56.8625,3,3,7,20:55,-1,S12000017,3,2,2,1,2,19,8,4,0,0,0,1,0,0,0,0,0,2,3
2024991406024,2024,991406024,259192,661241,-4.24921,55.82382,2,"[2, 3]",7,21:30,-1,S12000049,3,2,2,1,1,"[19, 6]",2,"[5, 1]",0,0,0,1,0,0,0,0,0,2,3
2024991406031,2024,991406031,328284,668460,-3.14861,55.90389,2,2,7,21:25,-1,S12000036,4,2,1,0,1,19,"[3, 4]","[7, 8]",0,0,0,1,0,0,0,0,0,2,3
2024991406067,2024,991406067,219278,666307,-4.88889,55.85598,2,2,7,12:40,-1,S12000021,6,0,1,1,1,"[1, 2]","[3, 0]","[7, 0]",0,0,0,1,0,0,0,0,1,2,3
2024991406080,2024,991406080,327229,671761,-3.16637,55.93338,2,2,1,01:52,-1,S12000036,6,2,8,1,1,"[19, 2]","[8, 0]","[4, 0]","[4, 0]",0,0,1,0,0,0,0,0,2,4
2024991406115,2024,991406115,319030,670383,-3.29716,55.91969,2,2,2,09:30,-1,S12000036,6,0,1,0,1,"[3, 1]","[3, 8]","[7, 2]",0,0,0,1,0,0,0,0,0,1,29
2024991406122,2024,991406122,383011,807696,-2.2825,57.15981,2,2,7,20:30,-1,S12000034,6,2,1,1,1,19,8,4,0,0,0,0,0,1,0,0,0,1,27
2024991406142,2024,991406142,280181,657252,-3.91264,55.79366,3,3,7,09:15,-1,S12000050,6,0,2,1,1,"[5, 19]","[6, 5]","[4, 1]",0,0,0,1,0,0,0,0,0,2,3
2024991406144,2024,991406144,317679,670628,-3.31884,55.92166,3,3,1,12:58,-1,S12000036,1,0,2,1,2,19,6,2,0,0,0,1,0,0,0,0,0,2,4
2024991406190,2024,991406190,249884,671118,-4.40311,55.90968,3,3,1,16:00,-1,S12000039,3,0,2,1,1,19,"[1, 3]","[5, 7]",0,0,0,1,0,0,0,0,0,2,4
2024991406235,2024,991406235,226165,730435,-4.82088,56.43398,2,"[2, 3]",1,14:40,-1,S12000035,3,0,5,1,2,19,"[6, 2]","[2, 6]",0,"[0, 7]",0,1,0,0,0,0,0,2,4
2024991406598,2024,991406598,280386,829447,-3.98892,57.33979,2,2,2,14:10,-1,S12000017,3,0,2,1,2,19,4,8,0,0,0,1,0,0,0,0,0,2,5
2024991406604,2024,991406604,328032,700665,-3.1613,56.19314,3,3,2,18:50,-1,S12000047,6,2,2,1,1,19,1,5,0,0,0,1,0,0,0,0,1,2,5
2024991406609,2024,991406609,394371,808935,-2.09472,57.17122,2,2,2,18:02,-1,S12000033,3,2,2,1,1,5,2,5,0,0,0,1,0,0,0,0,1,2,5
2024991406615,2024,991406615,305281,666790,-3.51581,55.88491,2,2,2,19:48,-1,S12000040,6,2,1,1,1,19,3,7,0,0,0,1,0,0,0,0,1,2,5
2024991406617,2024,991406617,256303,662144,-4.29576,55.83107,2,2,2,19:25,-1,S12000049,4,2,2,1,1,"[2, 19]","[0, 1]","[0, 5]",0,0,0,1,1,0,0,0,0,2,5
2024991406779,2024,991406779,297029,680327,-3.65285,56.00479,3,3,6,23:35,-1,S12000014,3,2,2,1,2,19,2,2,0,"[7, 0]","[4, 0]",1,0,0,0,0,0,2,2
2024991406815,2024,991406815,281219,681137,-3.90659,56.0084,3,3,3,09:20,-1,S12000014,3,0,1,1,1,"[10, 4, 19]",5,1,0,0,0,1,0,0,0,0,0,2,6
2024991406838,2024,991406838,256568,666406,-4.29378,55.86941,3,3,3,11:57,-1,S12000049,6,0,1,0,1,19,4,8,0,0,0,0,0,0,1,0,1,2,6
2024991406840,2024,991406840,338105,672412,-2.99247,55.94075,3,3,2,20:30,-1,S12000010,3,2,2,1,2,19,"[6, 2]","[2, 6]",0,0,0,1,0,0,0,0,0,2,5
2024991406926,2024,991406926,263244,665459,-4.18671,55.86285,3,3,3,13:40,-1,S12000049,3,0,1,0,1,"[7, 19]","[1, 7]",3,0,0,0,1,1,0,0,0,0,2,6
2024991406966,2024,991406966,298318,660646,-3.62477,55.8283,3,3,3,15:54,-1,S12000040,3,0,1,0,2,"[19, 5]","[3, 5]","[7, 8]",0,"[1, 0]",0,1,0,0,0,0,0,2,6
2024991406985,2024,991406985,306430,694553,-3.50713,56.13449,2,2,3,18:20,-1,S12000047,3,2,1,0,2,19,4,8,11,0,0,1,0,0,0,0,0,2,6
2024991406992,2024,991406992,258861,665448,-4.25667,55.86149,2,2,3,21:28,-1,S12000049,6,2,1,0,1,"[11, 19]","[3, 1]","[7, 5]",0,"[1, 0]","[1, 0]",1,1,0,0,0,0,2,6
2024991407022,2024,991407022,325624,674280,-3.19275,55.95576,3,3,3,23:10,-1,S12000036,6,2,1,0,1,"[7, 19]",3,"[5, 7]",0,0,0,1,1,0,0,0,0,2,6
2024991407032,2024,991407032,339353,733427,-2.98647,56.48901,2,2,5,19:30,-1,S12000042,6,2,5,1,1,"[9, 19]","[7, 5]","[5, 1]",0,"[0, 7]","[0, 11]",1,0,0,0,0,0,1,25
2024991407063,2024,991407063,334961,669580,-3.04211,55.9149,3,3,7,12:50,-1,S12000010,3,0,1,0,2,"[10, 19]",1,3,0,0,0,1,0,0,0,0,0,2,3
2024991407216,2024,991407216,341997,737760,-2.94451,56.52827,3,3,4,09:30,-1,S12000041,3,0,1,0,2,"[2, 19]",5,1,"[0, 4]",0,0,1,0,0,1,0,0,2,7
2024991407220,2024,991407220,260925,665740,-4.22387,55.86471,3,3,2,23:10,-1,S12000049,3,2,9,1,1,"[19, 7]",7,"[3, 2]",0,"[0, 7]",0,1,0,0,1,0,0,2,5
2024991407255,2024,991407255,366453,631079,-2.53357,55.57221,2,2,4,12:30,-1,S12000026,3,0,1,0,2,19,"[6, 3]","[3, 6]",0,"[1, 0]","[4, 0]",1,0,0,1,0,0,2,7
2024991407355,2024,991407355,305118,665794,-3.51807,55.87593,3,3,4,16:10,-1,S12000040,6,0,1,0,1,19,"[2, 4]","[6, 7]",0,0,0,1,1,0,0,0,0,2,7
2024991407357,2024,991407357,326290,672701,-3.18166,55.94168,3,3,3,08:05,-1,S12000036,3,0,9,0,1,"[7, 19]","[8, 1]","[3, 4]",0,"[1, 0]",0,1,1,0,0,0,0,2,6
2024991407368,2024,991407368,342144,731044,-2.94063,56.46796,3,3,3,15:15,-1,S12000042,3,0,1,0,1,"[9, 19]","[3, 6]","[7, 2]",0,0,0,1,0,0,0,0,0,2,6
2024991407379,2024,991407379,254699,672069,-4.32667,55.91969,2,2,4,11:45,-1,S12000045,6,0,8,2,1,4,1,3,0,0,0,1,0,0,0,0,1,2,7
2024991407384,2024,991407384,341794,733669,-2.94689,56.4915,3,3,4,21:00,-1,S12000042,6,2,1,0,1,9,3,1,0,0,0,1,0,0,0,0,1,2,7
2024991407393,2024,991407393,247270,663802,-4.44076,55.84318,3,3,4,13:40,-1,S12000038,6,0,1,0,1,4,6,3,0,0,0,0,0,0,1,0,1,2,7
2024991407408,2024,991407408,443210,1143630,-1.22302,60.17483,3,3,3,10:00,-1,S12000027,3,0,3,1,2,19,5,1,0,1,0,0,0,1,0,0,0,2,6
2024991407521,2024,991407521,225684,729991,-4.82838,56.42982,3,3,6,13:12,-1,S12000035,3,0,3,2,2,19,"[6, 2]","[2, 6]",0,"[1, 0]",0,1,0,0,0,0,0,1,19
2024991407533,2024,991407533,260728,663274,-4.22575,55.84251,2,2,5,07:30,-1,S12000049,3,0,1,1,1,19,3,6,7,6,0,1,0,0,0,0,0,2,8
2024991407539,2024,991407539,259305,665558,-4.24964,55.86261,3,3,4,08:30,-1,S12000049,6,0,2,1,1,15,5,1,0,0,0,1,0,0,0,0,1,2,7
2024991407666,2024,991407666,257767,668274,-4.27562,55.88654,2,2,4,09:00,-1,S12000049,6,0,1,2,1,7,5,6,0,0,0,0,1,0,0,0,0,2,7
2024991407707,2024,991407707,248317,663724,-4.42402,55.84281,3,3,5,13:02,-1,S12000038,6,0,1,0,1,"[4, 3]",5,1,0,0,0,1,0,0,1,0,0,1,4
2024991407715,2024,991407715,305785,666875,-3.50779,55.88577,2,2,4,11:22,-1,S12000040,6,0,1,0,1,19,1,5,0,0,0,1,0,0,0,0,1,2,7
2024991407744,2024,991407744,229707,643039,-4.70797,55.65095,2,2,5,16:10,-1,S12000021,6,0,1,1,1,19,5,1,0,0,0,1,0,0,0,0,1,2,8
2024991407746,2024,991407746,211916,775602,-5.08453,56.83371,3,3,5,17:10,-1,S12000017,4,2,2,1,1,19,3,7,0,0,0,0,1,0,0,0,0,2,8
2024991407761,2024,991407761,319236,673567,-3.29482,55.94833,2,2,4,19:50,-1,S12000036,4,2,1,0,1,"[19, 9]","[1, 3]","[4, 1]",0,0,0,1,1,0,0,0,0,2,7
2024991407768,2024,991407768,259275,662118,-4.24834,55.83171,3,3,5,18:45,-1,S12000049,3,2,8,1,1,19,5,1,0,0,0,1,0,0,0,0,1,2,8
2024991407775,2024,991407775,317779,672480,-3.31781,55.93831,2,2,5,18:35,-1,S12000036,6,2,3,1,1,9,1,6,0,0,0,1,0,0,0,0,1,2,8
2024991407793,2024,991407793,312067,584729,-3.38129,55.14906,3,3,5,13:50,-1,S12000006,4,0,1,0,2,"[10, 19]",5,"[2, 1]",0,7,0,1,0,0,1,0,0,1,18
2024991407802,2024,991407802,253078,660195,-4.34614,55.8126,2,2,5,20:57,-1,S12000049,6,2,1,1,1,19,3,7,0,0,0,1,0,0,0,0,1,2,8
2024991407865,2024,991407865,241136,641695,-4.52576,55.64276,2,"[2, 3]",5,07:05,-1,S12000008,3,0,8,2,2,19,"[1, 5]","[5, 1]",0,0,0,1,0,0,0,0,0,2,8
2024991407870,2024,991407870,279558,566931,-3.8836,54.98237,3,3,3,15:00,-1,S12000006,3,0,1,0,2,"[19, 9]","[5, 3, 1]","[1, 5]",0,0,0,1,0,0,1,0,0,1,30
2024991407875,2024,991407875,391961,659287,-2.12989,55.82676,3,3,1,15:55,-1,S12000026,4,2,1,1,2,19,"[6, 2]","[2, 6]",0,0,0,1,0,0,0,0,0,2,4
2024991407908,2024,991407908,322805,670721,-3.23687,55.92335,3,3,6,08:00,-1,S12000036,6,0,2,0,1,"[4, 3]",6,2,0,0,0,1,0,0,0,0,0,2,9
2024991407932,2024,991407932,312572,674567,-3.40181,55.95614,3,3,4,18:43,-1,S12000036,4,2,1,0,1,"[8, 15, 9]","[3, 5]","[5, 7, 3]",0,0,0,1,0,1,0,0,0,2,7
2024991407966,2024,991407966,273648,655549,-4.01598,55.77671,3,3,5,18:10,-1,S12000029,1,2,8,1,2,"[5, 19]",8,4,"[0, 4]",0,0,1,0,0,0,0,0,2,8
2024991408096,2024,991408096,268910,669704,-4.0983,55.90254,2,2,6,12:25,-1,S12000050,3,0,1,0,1,19,6,3,0,0,0,0,0,0,0,1,1,2,9
2024991408115,2024,991408115,318980,671134,-3.29818,55.92643,3,3,6,13:26,-1,S12000036,6,0,5,1,1,19,"[5, 3]","[1, 7]",0,"[1, 7]",0,1,0,0,1,0,0,2,9
2024991408124,2024,991408124,312175,674649,-3.4082,55.9568,2,2,6,12:35,-1,S12000036,4,0,2,1,1,19,3,7,0,0,0,1,0,0,0,0,1,2,9
2024991408135,2024,991408135,261070,665028,-4.22119,55.85836,2,2,6,12:00,-1,S12000049,6,0,1,1,1,19,7,3,0,0,0,0,1,0,0,0,1,2,9
2024991408138,2024,991408138,262129,665462,-4.20451,55.86256,2,2,6,15:05,-1,S12000049,3,0,1,0,1,19,7,3,0,0,0,1,0,0,0,0,1,2,9
2024991408203,2024,991408203,351213,754808,-2.79793,56.68246,3,3,6,16:05,-1,S12000041,4,2,5,1,2,19,6,2,0,"[0, 1]","[0, 10]",1,0,0,0,0,0,2,9
2024991408234,2024,991408234,337365,701307,-3.01109,56.20023,3,3,6,20:30,-1,S12000047,6,2,2,1,1,19,"[4, 7]","[8, 4]",0,0,0,1,0,0,0,0,0,2,9
2024991408246,2024,991408246,347152,840234,-2.88224,57.44932,2,2,5,13:27,-1,S12000034,6,0,1,2,2,19,"[6, 2]","[3, 6]",0,0,0,1,0,0,0,0,0,2,8
2024991408254,2024,991408254,394727,802961,-2.08871,57.11756,2,2,6,22:00,-1,S12000033,3,2,5,1,1,19,1,5,0,0,0,1,0,0,0,0,0,2,9
2024991408256,2024,991408256,242912,550565,-4.44679,54.82522,3,3,7,10:20,-1,S12000006,3,0,1,1,2,19,2,8,0,3,9,1,0,0,0,0,0,1,27
2024991408260,2024,991408260,287461,572697,-3.76244,55.03601,3,3,6,22:20,-1,S12000006,5,2,2,1,2,19,2,6,0,7,11,1,0,0,0,0,0,2,9
2024991408404,2024,991408404,264398,662420,-4.16676,55.83589,3,3,7,10:52,-1,S12000049,3,0,2,1,1,19,4,8,10,1,10,1,0,0,0,0,0,2,10
2024991408451,2024,991408451,297331,576535,-3.60946,55.07262,3,3,5,07:05,-1,S12000006,3,2,1,0,1,"[19, 9]","[2, 6]","[6, 3]",0,0,0,1,0,0,1,0,0,2,8
2024991408453,2024,991408453,394886,807449,-2.08618,57.15788,2,2,7,17:20,-1,S12000033,6,2,2,1,1,19,6,2,0,0,0,1,0,0,0,0,1,2,10
2024991408475,2024,991408475,269889,670443,-4.08301,55.90944,2,2,5,18:00,-1,S12000050,6,2,2,1,1,9,8,5,0,0,0,1,0,0,0,0,1,2,8
2024991408506,2024,991408506,294229,712702,-3.7106,56.29492,2,2,7,20:40,-1,S12000048,6,2,1,1,1,9,6,5,0,0,0,1,0,0,0,0,1,2,10
2024991408515,2024,991408515,275591,665491,-3.98958,55.86648,2,"[3, 2]",7,20:55,-1,S12000050,3,2,1,0,1,"[2, 19, 1]","[2, 6]","[6, 2]",0,0,0,1,0,0,0,0,0,2,10
2024991408583,2024,991408583,261107,665027,-4.2206,55.85836,3,3,1,10:30,-1,S12000049,6,0,1,0,1,"[15, 9]",3,"[7, 1]",0,0,0,1,0,1,0,0,0,2,11
2024991408664,2024,991408664,174231,783610,-5.708,56.88873,3,3,1,14:30,-1,S12000017,3,0,2,1,2,19,3,7,0,4,4,1,0,0,0,0,0,2,11
2024991408679,2024,991408679,256464,659274,-4.29167,55.80535,3,3,1,18:50,-1,S12000011,6,2,2,1,1,"[9, 19]","[2, 8]","[8, 6]",0,0,0,1,1,0,0,0,0,2,11
2024991408683,2024,991408683,246359,665854,-4.45646,55.86131,2,2,1,20:35,-1,S12000038,6,2,1,1,2,9,4,1,0,3,0,1,0,0,0,0,0,2,11
2024991408687,2024,991408687,267738,791237,-4.17861,56.99331,3,3,7,09:10,-1,S12000017,3,0,1,1,2,19,1,5,0,1,0,1,0,0,0,0,0,2,10
2024991408705,2024,991408705,386179,817086,-2.23065,57.24426,3,3,1,22:15,-1,S12000034,6,2,1,1,2,9,8,5,0,1,0,1,0,0,0,0,0,2,11
2024991408714,2024,991408714,249269,667868,-4.41113,55.88031,3,3,3,12:50,-1,S12000038,3,0,1,0,1,4,8,4,0,0,0,1,0,0,0,0,0,2,6
2024991408726,2024,991408726,252017,859296,-4.47787,57.59934,2,2,1,22:10,-1,S12000017,3,2,1,1,2,19,"[3, 7]","[7, 3]",0,0,0,1,0,0,0,0,0,2,11
2024991408827,2024,991408827,394700,802953,-2.08915,57.11749,3,3,2,08:15,-1,S12000033,6,0,1,1,1,"[5, 19]","[7, 5]","[3, 1]",0,0,0,1,0,0,0,0,0,2,12
2024991408853,2024,991408853,330187,674231,-3.11968,55.95601,3,3,7,11:00,-1,S12000036,4,0,8,1,1,"[5, 19]","[2, 8]","[8, 4]",0,0,0,1,1,0,0,0,0,2,10
2024991408951,2024,991408951,364419,741158,-2.58051,56.56103,2,2,2,10:00,-1,S12000041,6,0,1,0,1,9,7,4,0,0,0,1,0,0,0,0,1,2,12
2024991409016,2024,991409016,299570,577110,-3.57461,55.07824,3,3,2,08:00,-1,S12000006,3,0,1,1,2,"[19, 9]","[3, 5]","[7, 3]",0,0,0,1,0,0,0,0,0,2,12