collision_index,collision_year,collision_ref_no,location_easting_osgr,location_northing_osgr,longitude,latitude,casualty_severity,casualty_severity,day_of_week,time,local_authority_district,local_authority_ons_district,first_road_class,light_conditions,weather_conditions,road_surface_conditions,urban_or_rural_area,vehicle_manoeuvre,vehicle_direction_from,vehicle_direction_to,hit_object_in_carriageway,vehicle_leaving_carriageway,hit_object_off_carriageway,is_car,is_cyle,is_mcyle,is_goodsv,is_other,is_pedestrian,month,day
2024991413491,2024,991413491,296576,577312,-3.62156,55.07944,2,"[3, 2]",6,22:33,-1,S12000006,3,2,1,1,1,19,"[7, 3]","[3, 7]",0,"[1, 0]",0,1,0,0,0,0,0,2,23
2024991413578,2024,991413578,212772,538428,-4.90751,54.70594,3,3,3,02:20,-1,S12000006,3,2,1,0,2,19,1,5,12,0,0,1,0,0,0,0,0,1,30
2024991413629,2024,991413629,323803,675286,-3.22219,55.96451,3,3,2,21:45,-1,S12000036,6,2,9,0,1,"[19, 7]","[1, 3]",4,0,0,0,1,1,0,0,0,0,2,12
2024991413646,2024,991413646,340754,731030,-2.96318,56.46766,3,3,7,13:10,-1,S12000042,3,0,1,0,1,19,5,1,0,0,0,1,0,0,0,0,1,2,24
2024991413663,2024,991413663,340538,731206,-2.96672,56.46921,3,3,5,09:05,-1,S12000042,6,0,1,0,1,19,"[4, 2]","[8, 6]",0,"[0, 7]","[0, 11]",1,0,0,0,0,0,2,22
2024991413682,2024,991413682,346301,730869,-2.87313,56.46688,1,1,7,11:35,-1,S12000042,6,0,1,0,1,9,7,5,0,0,0,1,0,0,0,0,1,2,24
2024991413708,2024,991413708,259360,660695,-4.24624,55.81896,3,3,3,17:40,-1,S12000049,6,2,2,1,1,"[19, 2, 6]","[7, 0]","[3, 0, 7]",0,0,0,1,0,0,0,0,0,2,20
2024991413721,2024,991413721,324739,673599,-3.20673,55.94951,3,3,6,16:15,-1,S12000036,3,0,8,0,1,19,1,5,0,0,0,0,0,0,1,0,0,2,23
2024991413722,2024,991413722,255003,669731,-4.32055,55.89879,3,3,7,01:00,-1,S12000049,3,2,1,1,1,13,5,1,10,0,0,1,0,0,0,0,0,2,24
2024991413738,2024,991413738,379101,814225,-2.34769,57.21829,2,"[2, 3]",4,00:50,-1,S12000034,3,2,1,0,2,19,8,5,9,1,0,1,0,0,0,0,0,2,21
2024991413753,2024,991413753,299701,680761,-3.61018,56.00925,2,2,7,20:55,-1,S12000014,3,2,1,0,1,19,5,1,0,0,0,1,0,0,0,0,1,2,24
2024991413754,2024,991413754,258821,665724,-4.25746,55.86396,3,3,7,22:16,-1,S12000049,6,2,1,0,1,19,"[3, 5]","[7, 1]",0,0,0,1,0,0,0,0,0,2,24
2024991413806,2024,991413806,262134,660498,-4.20191,55.81799,3,3,5,15:00,-1,S12000029,6,0,1,0,1,"[19, 9]","[8, 3]",5,0,0,0,1,0,1,0,0,0,2,22
2024991413838,2024,991413838,286887,663909,-3.80852,55.85506,3,3,4,06:40,-1,S12000050,1,2,1,0,2,"[4, 3]",7,3,0,0,0,1,0,0,0,0,0,2,21
2024991413948,2024,991413948,392832,798589,-2.11987,57.07826,2,2,7,13:49,-1,S12000034,6,0,1,0,2,7,5,6,0,0,0,0,0,1,0,0,0,2,24
2024991414001,2024,991414001,326431,701938,-3.18745,56.20433,3,3,1,14:32,-1,S12000047,3,0,1,0,1,19,8,4,0,7,1,1,0,0,0,0,0,2,25
2024991414002,2024,991414002,260333,661734,-4.23126,55.82857,2,2,1,19:00,-1,S12000049,4,2,1,0,1,19,7,3,0,0,0,1,0,0,0,0,1,2,25
2024991414032,2024,991414032,275610,700207,-4.00537,56.17821,3,3,2,00:01,-1,S12000030,4,2,1,0,2,19,3,7,10,1,11,1,0,0,0,0,0,2,26
2024991414041,2024,991414041,250836,667743,-4.38604,55.87967,2,2,6,14:09,-1,S12000038,6,0,1,0,1,1,4,8,0,0,0,1,0,0,0,0,1,2,9
2024991414058,2024,991414058,308286,722825,-3.4871,56.38877,3,3,5,08:45,-1,S12000048,3,0,1,0,2,19,8,4,0,0,0,1,0,0,0,0,0,2,22
2024991414106,2024,991414106,260362,662804,-4.23135,55.83819,3,3,2,08:45,-1,S12000049,3,0,1,0,1,19,"[2, 7]","[7, 4]",0,0,0,1,0,0,0,0,0,2,26
2024991414183,2024,991414183,269209,662401,-4.08999,55.83705,3,3,2,07:45,-1,S12000050,6,0,8,0,1,"[2, 19]",7,4,"[0, 4]",0,0,1,0,0,1,0,0,2,26
2024991414205,2024,991414205,260958,667742,-4.22437,55.88269,3,3,6,13:04,-1,S12000049,6,0,2,1,1,"[5, 19]","[2, 7]","[7, 4]",0,0,0,1,0,0,0,0,0,2,23
2024991414220,2024,991414220,344838,1011007,-2.96138,58.98263,3,3,2,10:00,-1,S12000023,3,0,1,0,1,9,2,4,0,0,0,1,0,0,0,0,1,2,26
2024991414221,2024,991414221,276368,665308,-3.97709,55.86504,2,2,5,16:15,-1,S12000050,6,0,9,0,1,5,6,1,0,0,0,1,0,0,0,0,1,1,25
2024991414230,2024,991414230,311355,683949,-3.4244,56.04018,3,3,1,17:10,-1,S12000047,6,0,1,0,1,7,"[2, 1]","[6, 5]","[0, 10]","[0, 7]",0,1,0,1,0,0,0,2,25
2024991414289,2024,991414289,273590,673516,-4.02528,55.93802,3,3,2,15:40,-1,S12000050,1,0,1,0,1,"[19, 11]",2,"[6, 7]",0,0,0,1,0,0,1,0,0,2,26
2024991414314,2024,991414314,248355,668673,-4.42618,55.88725,2,2,2,15:19,-1,S12000038,3,0,1,0,2,19,"[8, 3]","[3, 7]",0,0,0,1,0,0,0,0,0,2,26
2024991414333,2024,991414333,273233,665005,-4.027,55.86151,2,2,2,16:26,-1,S12000050,6,0,1,0,1,19,1,4,0,0,0,0,0,0,1,0,1,2,26
2024991414348,2024,991414348,285530,695159,-3.8435,56.13537,2,2,2,16:40,-1,S12000005,4,0,1,0,1,19,"[7, 1]","[3, 5]",0,"[0, 1]",0,1,1,0,0,0,0,2,26
2024991414353,2024,991414353,321076,672870,-3.26516,55.94237,3,3,7,19:25,-1,S12000036,6,2,1,0,1,"[19, 9]","[3, 7]","[7, 5]",0,0,0,1,0,0,0,0,0,2,24
2024991414354,2024,991414354,271020,655592,-4.05787,55.7764,2,"[3, 2]",2,15:15,-1,S12000029,4,0,1,0,1,"[4, 19]","[3, 2]",6,0,0,0,1,0,0,0,0,0,2,26
2024991414371,2024,991414371,222816,649196,-4.82132,55.70374,2,2,7,15:50,-1,S12000021,4,0,2,1,2,19,3,7,0,7,0,1,0,0,0,0,0,2,17
2024991414372,2024,991414372,329248,701101,-3.14183,56.19724,2,2,2,21:35,-1,S12000047,3,2,1,0,2,"[3, 19]","[7, 8]",3,"[2, 0]",0,0,1,0,0,0,0,0,2,26
2024991414382,2024,991414382,362700,619536,-2.59153,55.46823,3,3,3,00:10,-1,S12000026,4,2,1,0,2,19,"[7, 3]","[3, 7]","[6, 0]","[1, 0]",0,1,0,0,0,0,0,2,27
2024991414395,2024,991414395,324904,672984,-3.20392,55.94401,3,3,2,12:55,-1,S12000036,3,0,1,0,1,3,8,4,0,0,0,1,0,0,0,0,0,2,26
2024991414555,2024,991414555,271089,659098,-4.05843,55.8079,2,"[2, 3]",3,09:20,-1,S12000029,1,0,2,1,1,"[3, 19]",8,4,0,0,0,1,0,0,0,0,0,2,27
2024991414664,2024,991414664,234696,624457,-4.61765,55.48589,3,3,6,16:15,-1,S12000028,6,0,1,0,1,9,5,7,0,0,0,1,0,0,0,0,1,2,23
2024991414729,2024,991414729,324490,650992,-3.20442,55.74639,1,"[1, 3]",2,15:05,-1,S12000026,3,0,1,0,2,19,"[5, 1]","[1, 5]",0,"[0, 1]",0,1,0,0,0,0,0,2,26
2024991414761,2024,991414761,229062,560949,-4.66829,54.9139,2,"[3, 2]",2,13:30,-1,S12000006,3,0,1,0,2,"[19, 13]","[2, 6]","[6, 2]",0,"[1, 0]",0,1,0,0,0,0,0,2,26
2024991414767,2024,991414767,324504,671669,-3.20995,55.93213,2,2,5,11:20,-1,S12000036,3,0,1,0,1,"[9, 19]","[5, 1]","[3, 5]",0,0,0,1,1,0,0,0,0,2,15
2024991414828,2024,991414828,273751,697641,-4.03408,56.15468,1,1,3,19:42,-1,S12000030,3,2,1,0,2,19,8,4,0,1,4,1,0,0,0,0,0,2,27
2024991414854,2024,991414854,259097,660826,-4.25051,55.82006,3,3,3,12:05,-1,S12000049,4,0,1,1,1,"[4, 19]",5,1,0,0,0,1,0,0,0,0,0,2,27
2024991414915,2024,991414915,257921,661693,-4.26971,55.8275,2,2,4,09:53,-1,S12000049,4,0,2,1,1,19,3,7,0,0,0,1,0,0,0,0,1,2,28
2024991415092,2024,991415092,263610,553488,-4.12625,54.85754,3,3,4,09:30,-1,S12000006,3,0,2,1,2,"[19, 7]","[3, 5]",7,0,"[2, 0]",0,1,0,0,1,0,0,2,28
2024991415117,2024,991415117,295447,673594,-3.67559,55.94398,2,2,4,13:35,-1,S12000014,3,0,2,1,2,19,"[4, 8]","[8, 4]",0,0,0,1,0,0,1,0,0,2,28
2024991415139,2024,991415139,239113,673028,-4.57638,55.92334,3,3,4,15:45,-1,S12000038,3,0,2,1,2,19,"[7, 8]",3,0,0,0,1,0,0,0,0,0,2,28
2024991415182,2024,991415182,273007,659254,-4.02792,55.80981,2,2,4,15:17,-1,S12000050,6,0,1,1,1,19,1,5,0,0,0,1,0,0,0,0,1,2,28
2024991415184,2024,991415184,271387,653468,-4.05102,55.75742,3,3,4,18:10,-1,S12000029,6,2,2,1,1,19,7,3,0,0,0,1,0,0,0,0,0,2,28
2024991415201,2024,991415201,260595,659885,-4.22613,55.81205,3,3,4,19:30,-1,S12000049,6,2,2,1,1,"[8, 19]",5,"[3, 1]",0,0,0,1,0,0,0,0,0,2,28
2024991415291,2024,991415291,265672,841748,-4.23991,57.4461,3,3,5,07:00,-1,S12000017,6,0,1,1,1,19,5,3,10,1,11,1,0,0,0,0,0,2,29
2024991415364,2024,991415364,332307,665237,-3.08347,55.87552,2,2,7,21:55,-1,S12000019,4,2,1,1,2,19,6,2,0,1,4,1,0,0,0,0,0,2,24
2024991415401,2024,991415401,302492,666914,-3.56043,55.88546,3,3,4,12:22,-1,S12000040,3,0,1,1,2,"[5, 2]",3,7,0,0,0,1,0,0,0,0,0,2,28
2024991415592,2024,991415592,292681,679010,-3.72201,55.99201,3,3,5,14:20,-1,S12000014,3,0,1,0,1,5,3,7,0,2,0,1,0,0,0,0,0,2,29
2024991415600,2024,991415600,225632,676139,-4.79386,55.94656,3,3,5,15:00,-1,S12000018,6,0,1,0,1,"[10, 19]",7,"[6, 4]","[0, 1]",0,0,1,0,1,0,0,0,2,29
2024991415627,2024,991415627,256377,667655,-4.2975,55.88057,3,3,1,16:27,-1,S12000049,3,0,1,0,1,"[5, 3]",8,4,0,0,0,0,1,0,1,0,0,2,18
2024991415631,2024,991415631,238982,675748,-4.58009,55.94771,2,2,5,20:50,-1,S12000039,3,2,1,1,1,19,7,4,0,0,0,1,0,0,0,0,1,2,29
2024991415640,2024,991415640,274139,659124,-4.00981,55.80894,3,3,6,01:00,-1,S12000050,3,2,1,2,1,9,8,4,0,1,6,1,0,0,0,0,0,3,1
2024991415736,2024,991415736,271981,655131,-4.04234,55.77251,3,3,6,08:55,-1,S12000029,6,0,1,1,1,19,3,7,0,0,0,1,0,0,0,0,1,3,1
2024991415802,2024,991415802,326086,672930,-3.18498,55.94371,2,2,4,13:40,-1,S12000036,6,0,1,0,1,"[10, 19]","[2, 8]","[8, 4]",0,0,0,1,1,0,0,0,0,2,28
2024991415849,2024,991415849,212232,773021,-5.07746,56.81068,3,3,6,12:04,-1,S12000017,6,0,1,0,2,"[19, 10]","[1, 3]","[5, 1]",0,0,0,1,0,0,0,0,0,3,1
2024991415851,2024,991415851,258589,665184,-4.26088,55.85904,2,2,4,08:20,-1,S12000049,6,0,1,0,1,"[2, 19]","[0, 1]","[0, 5]","[0, 4]",0,0,1,1,0,0,0,0,2,28
2024991415860,2024,991415860,325238,694109,-3.20447,56.13382,1,1,6,11:05,-1,S12000047,3,0,1,0,1,19,5,1,0,0,0,1,0,0,0,0,1,3,1
2024991415863,2024,991415863,318532,675138,-3.30656,55.96232,1,1,6,08:20,-1,S12000036,6,0,1,0,1,"[19, 7]","[5, 2]","[8, 5]",0,0,0,0,1,0,1,0,0,3,1
2024991415871,2024,991415871,321100,675483,-3.26554,55.96585,3,3,6,12:30,-1,S12000036,4,0,1,0,1,19,7,2,0,0,0,1,0,0,0,0,1,3,1
2024991415877,2024,991415877,244094,638880,-4.47722,55.61845,3,3,6,08:50,-1,S12000008,4,0,1,1,1,"[19, 5]","[8, 2]","[5, 6]",0,0,0,1,0,0,0,0,0,3,1
2024991415891,2024,991415891,319748,672978,-3.28645,55.94312,3,3,7,14:20,-1,S12000036,3,0,1,1,1,"[9, 19]","[4, 7]","[8, 3]",0,0,0,1,1,0,0,0,0,2,24
2024991415899,2024,991415899,279693,655020,-3.91943,55.7735,3,3,5,15:15,-1,S12000050,3,0,1,0,1,19,"[8, 2]","[4, 6]",0,0,0,1,0,0,0,0,0,2,29
2024991415945,2024,991415945,221106,810011,-4.95854,57.14603,3,3,6,15:30,-1,S12000017,3,0,1,0,2,"[4, 9]","[5, 7]","[7, 5]",0,0,0,1,0,0,1,0,0,3,1
2024991415963,2024,991415963,239342,679999,-4.57687,55.98598,2,2,6,17:05,-1,S12000039,4,0,1,0,1,9,6,4,0,1,11,1,0,0,0,0,1,3,1
2024991416002,2024,991416002,279168,655277,-3.92791,55.77568,3,3,6,18:35,-1,S12000050,6,2,1,0,1,19,"[1, 6]","[6, 1]",0,0,0,1,0,0,0,0,0,3,1
2024991416187,2024,991416187,266001,664681,-4.1423,55.85664,3,3,7,11:00,-1,S12000049,6,0,1,0,1,"[2, 19]","[0, 7]","[0, 3]",0,"[1, 0]",0,1,0,0,0,0,0,3,2
2024991416200,2024,991416200,253642,659016,-4.33652,55.80219,3,3,7,13:00,-1,S12000049,1,0,1,0,2,19,5,1,0,0,0,1,0,0,0,0,0,3,2
2024991416218,2024,991416218,242286,637803,-4.50528,55.6082,3,3,7,14:31,-1,S12000008,4,0,1,0,1,"[9, 19]","[3, 5]",1,0,0,0,1,0,0,0,0,0,3,2
2024991416334,2024,991416334,253151,667235,-4.34879,55.87583,1,"[1, 2]",7,19:36,-1,S12000049,6,2,1,0,1,"[19, 2]","[8, 0, 4]","[4, 0, 8]","[4, 0]",0,0,1,0,0,0,0,0,3,2
2024991416343,2024,991416343,241132,675373,-4.54548,55.94506,3,3,2,12:47,-1,S12000039,3,0,1,0,2,"[4, 3]",8,4,0,0,0,1,0,0,0,0,0,2,26
2024991416369,2024,991416369,263623,666530,-4.18119,55.87257,2,"[3, 2]",7,22:10,-1,S12000049,1,2,1,1,1,"[4, 19]",8,4,0,0,0,1,0,0,0,0,0,3,2
2024991416383,2024,991416383,220353,659333,-4.86713,55.7938,3,3,7,16:45,-1,S12000021,6,0,1,0,1,5,7,3,0,0,0,1,0,0,0,0,1,3,2
2024991416399,2024,991416399,326742,671022,-3.17396,55.92667,3,3,2,18:15,-1,S12000036,6,2,1,0,1,"[7, 19]",5,"[7, 1]",0,1,0,1,1,0,0,0,0,2,26
2024991416413,2024,991416413,255905,660981,-4.30149,55.82051,2,2,1,10:40,-1,S12000049,4,0,1,1,1,7,5,8,0,0,0,0,0,1,0,0,0,3,3
2024991416449,2024,991416449,326382,672511,-3.18013,55.93999,2,2,1,10:00,-1,S12000036,3,0,1,0,1,"[9, 19]","[4, 5]",8,0,0,0,1,1,0,0,0,0,3,3
2024991416468,2024,991416468,341568,733413,-2.95051,56.48917,3,3,1,12:04,-1,S12000042,3,0,1,0,1,3,1,5,0,0,0,1,0,0,0,0,0,3,3
2024991416483,2024,991416483,262542,853269,-4.29851,57.54857,2,"[2, 3]",1,11:10,-1,S12000017,3,0,1,0,2,19,"[6, 3]","[2, 7]",0,"[7, 0]",0,1,0,0,0,0,0,3,3
2024991416589,2024,991416589,284034,695170,-3.86756,56.13511,1,1,1,19:48,-1,S12000030,3,2,1,1,2,19,7,3,0,0,0,1,0,0,0,0,1,3,3
2024991416596,2024,991416596,360371,759346,-2.64917,56.72409,3,3,1,17:45,-1,S12000041,3,2,1,0,1,19,4,8,0,0,0,1,0,0,0,0,0,3,3
2024991416599,2024,991416599,331462,707945,-3.10793,56.25904,2,2,1,20:40,-1,S12000047,3,2,1,1,2,19,"[6, 2]","[2, 6]",0,0,0,1,1,0,0,0,0,3,3
2024991416614,2024,991416614,358824,604388,-2.65059,55.33181,3,3,1,21:22,-1,S12000026,4,2,1,2,2,19,5,2,0,1,0,1,0,0,0,0,0,3,3
2024991416654,2024,991416654,262103,661995,-4.20316,55.83143,2,2,1,20:20,-1,S12000029,3,2,1,0,1,19,4,8,0,0,0,1,0,1,0,0,0,3,3
2024991416695,2024,991416695,343242,732099,-2.92304,56.47757,2,2,2,08:43,-1,S12000042,6,0,1,0,1,19,3,3,0,0,0,1,0,0,0,0,1,3,4
2024991416712,2024,991416712,393456,805854,-2.10977,57.14353,2,2,1,00:03,-1,S12000033,3,2,2,1,1,19,2,6,0,0,0,1,0,0,0,0,1,3,3
2024991416767,2024,991416767,336559,699386,-3.02362,56.18286,3,3,1,16:00,-1,S12000047,5,0,1,0,1,1,2,6,0,0,0,1,0,0,0,0,1,3,3
2024991416810,2024,991416810,308949,687369,-3.46416,56.07045,3,3,1,02:00,-1,S12000047,6,2,1,0,1,"[2, 19]","[0, 5]","[0, 1]",0,0,0,1,0,0,0,0,0,3,3
2024991416847,2024,991416847,286098,722169,-3.846,56.37805,3,3,2,12:50,-1,S12000048,3,0,1,0,1,19,"[5, 1]","[1, 5]",0,"[7, 1]",0,1,0,0,0,0,0,3,4
2024991416887,2024,991416887,185086,669190,-5.43643,55.86782,3,3,4,13:45,-1,S12000035,4,2,8,0,2,19,1,5,0,0,0,1,0,0,0,0,0,2,28
2024991416899,2024,991416899,280594,560208,-3.86462,54.92224,3,3,1,12:20,-1,S12000006,3,0,1,1,2,"[19, 9]",8,"[4, 6]",0,0,0,1,0,0,0,0,0,3,3
2024991416921,2024,991416921,326611,665863,-3.17466,55.8803,3,3,5,10:15,-1,S12000019,6,0,1,1,2,3,7,3,0,0,0,1,0,0,0,0,1,2,29
2024991416952,2024,991416952,305864,675712,-3.50961,55.96515,2,2,2,13:55,-1,S12000040,4,0,1,0,2,"[19, 9]","[3, 5]","[7, 3]",0,0,0,1,0,1,0,0,0,3,4
2024991416987,2024,991416987,227015,675905,-4.77159,55.94496,2,2,2,15:30,-1,S12000018,6,0,1,0,1,19,"[8, 5]","[3, 1]",0,"[0, 7]",0,1,0,0,0,0,0,3,4
2024991417062,2024,991417062,250383,659043,-4.38848,55.80143,3,3,2,01:40,-1,S12000011,3,2,1,1,1,19,6,2,7,0,0,0,1,0,0,0,0,2,19
2024991417114,2024,991417114,324954,673754,-3.20333,55.95093,3,3,7,14:00,-1,S12000036,3,0,1,0,1,4,7,3,0,0,0,0,0,0,1,0,0,3,2
2024991417136,2024,991417136,279469,693336,-3.94014,56.11751,3,3,2,10:45,-1,S12000030,6,0,1,0,1,19,8,4,0,0,0,1,0,0,0,0,1,3,4
2024991417242,2024,991417242,304685,686311,-3.53225,56.06012,3,3,3,06:30,-1,S12000047,3,2,1,0,2,"[19, 9]","[3, 5]","[7, 3]",0,0,0,1,0,0,0,0,0,3,5
2024991417323,2024,991417323,351740,840311,-2.80581,57.45052,1,1,3,11:32,-1,S12000034,3,0,2,1,2,"[9, 19]","[5, 1]","[3, 5]",0,0,0,1,0,1,0,0,0,3,5
2024991417378,2024,991417378,289146,811405,-3.8354,57.18002,1,"[3, 1]",3,13:50,-1,S12000017,3,0,1,0,2,19,"[1, 5]","[5, 1]",0,0,0,1,0,0,0,0,0,3,5
2024991417383,2024,991417383,287113,683981,-3.81332,56.03537,1,1,3,13:15,-1,S12000014,3,0,1,0,1,"[19, 2]","[7, 0, 3]","[2, 0, 7]",0,0,0,1,0,0,0,0,0,3,5
2024991417437,2024,991417437,328539,703539,-3.15391,56.21903,3,3,3,17:30,-1,S12000047,3,0,1,0,2,19,1,5,0,0,0,1,0,0,0,0,0,3,5
2024991417641,2024,991417641,261609,668354,-4.21429,55.88838,3,3,2,11:40,-1,S12000049,6,0,1,0,1,"[19, 1]",5,"[8, 1]",0,0,0,1,0,0,0,0,0,2,19
2024991417773,2024,991417773,287093,660280,-3.80372,55.82252,3,3,4,15:00,-1,S12000050,6,0,1,0,1,6,8,8,0,0,0,1,0,0,0,0,1,3,6
2024991417813,2024,991417813,252628,654991,-4.3505,55.76575,2,2,4,12:35,-1,S12000011,3,0,1,0,2,"[9, 19]","[5, 2]","[2, 7]",0,0,0,0,1,0,1,0,0,3,6
2024991417865,2024,991417865,313142,698086,-3.40033,56.16749,2,2,4,20:20,-1,S12000048,4,2,1,0,2,"[5, 19]","[7, 5]","[5, 1]",0,0,0,1,0,1,0,0,0,3,6
2024991417869,2024,991417869,318447,675450,-3.30802,55.96511,3,3,4,18:30,-1,S12000036,6,2,1,0,1,19,"[5, 1]","[1, 5]",0,"[7, 0]",0,1,0,0,0,0,0,3,6
2024991417881,2024,991417881,391292,804782,-2.14549,57.13387,1,1,4,19:20,-1,S12000033,6,2,1,0,1,19,6,2,0,0,0,1,0,0,0,0,1,3,6
2024991417890,2024,991417890,257971,665773,-4.27105,55.86415,3,3,1,18:45,-1,S12000049,1,2,1,0,1,"[11, 19]",5,1,0,0,0,1,0,0,0,0,0,3,3
2024991417913,2024,991417913,279239,614076,-3.90873,55.4057,3,3,4,21:00,-1,S12000006,4,2,2,1,2,19,3,5,0,7,4,1,0,0,0,0,0,2,28
2024991418036,2024,991418036,259096,658323,-4.24922,55.79759,3,3,5,07:55,-1,S12000049,4,0,1,0,1,12,1,5,0,1,0,1,0,0,0,0,1,3,7
2024991418058,2024,991418058,342203,731401,-2.93975,56.47117,3,3,5,09:00,-1,S12000042,4,0,1,0,1,"[4, 19]",3,7,0,0,0,1,0,0,0,0,0,3,7
2024991418098,2024,991418098,262634,665682,-4.19656,55.86468,3,3,5,13:00,-1,S12000049,3,0,1,0,1,"[19, 9]","[6, 8]","[2, 6]",0,0,0,1,0,0,0,0,0,3,7
2024991418125,2024,991418125,258345,663291,-4.26378,55.84197,2,2,7,22:45,-1,S12000049,3,2,1,0,1,"[19, 2]","[2, 0]","[6, 0]","[4, 0]",0,0,1,0,0,0,0,0,3,2
2024991418226,2024,991418226,269541,669174,-4.08796,55.89795,2,"[3, 2]",5,19:25,-1,S12000050,3,2,1,0,1,19,"[4, 7]","[7, 4]",0,0,0,1,0,0,0,0,0,3,7
2024991418229,2024,991418229,256476,670049,-4.29719,55.90209,2,2,5,21:00,-1,S12000049,6,2,1,0,1,19,7,3,0,1,10,0,0,0,0,1,0,3,7
2024991418289,2024,991418289,250472,658286,-4.38664,55.79467,2,2,4,09:50,-1,S12000011,6,0,1,1,1,5,8,2,0,0,0,0,0,1,0,0,0,3,6
2024991418316,2024,991418316,209533,560607,-4.9723,54.90377,2,2,5,09:30,-1,S12000006,3,0,1,0,2,19,"[8, 4]","[4, 8]",0,0,0,1,0,0,1,0,0,3,7
2024991418351,2024,991418351,260513,662189,-4.22862,55.83271,3,3,6,06:30,-1,S12000029,1,2,2,1,1,"[4, 19, 11]",8,4,"[0, 4]","[0, 2]",0,1,0,0,0,0,0,3,8
2024991418380,2024,991418380,324712,673992,-3.20727,55.95303,3,3,1,14:00,-1,S12000036,6,0,1,0,1,"[3, 19]",5,1,"[0, 2]",0,0,1,0,0,0,0,0,3,3
2024991418414,2024,991418414,324861,694646,-3.21069,56.13858,3,3,6,08:40,-1,S12000047,3,0,1,1,2,"[4, 2]",7,3,0,0,0,1,0,0,0,0,0,3,8
2024991418442,2024,991418442,258749,661936,-4.25663,55.82993,3,3,3,16:45,-1,S12000049,6,0,1,0,1,"[9, 3]","[2, 8]","[8, 6]",0,0,0,1,1,0,0,0,0,3,5
2024991418578,2024,991418578,285397,680059,-3.83916,55.99974,3,3,6,14:01,-1,S12000014,6,0,1,0,2,"[7, 19]","[3, 1]",5,0,"[0, 1]",0,1,0,0,0,1,0,3,8
2024991418635,2024,991418635,291989,855665,-3.80785,57.57808,3,3,4,09:15,-1,S12000017,3,0,1,0,2,"[4, 13]","[4, 3]","[2, 7]",0,"[7, 0]",0,1,0,0,0,0,0,3,6
2024991418653,2024,991418653,293567,681210,-3.70869,56.01196,3,3,7,02:30,-1,S12000014,6,2,1,0,1,"[19, 2]","[7, 0]","[3, 0]",0,0,0,1,0,1,0,0,0,3,9
2024991418783,2024,991418783,304421,643384,-3.52134,55.67451,2,2,7,10:50,-1,S12000029,3,0,1,0,2,19,"[2, 8, 3]","[7, 3, 8]",0,"[0, 7]",0,1,0,1,0,0,0,3,9
2024991418835,2024,991418835,258706,664567,-4.25869,55.85353,3,3,6,16:19,-1,S12000049,3,0,1,0,1,19,1,5,0,0,0,1,0,0,0,0,1,3,8
2024991418849,2024,991418849,329406,670413,-3.13118,55.9216,3,3,3,07:40,-1,S12000036,6,0,1,1,2,"[9, 10]",8,6,0,0,0,1,1,0,0,0,0,3,5
2024991418880,2024,991418880,242161,900893,-4.67003,57.96922,2,2,7,17:22,-1,S12000017,6,0,1,0,2,19,3,7,0,1,0,0,0,1,0,0,0,3,9
2024991418908,2024,991418908,359156,743619,-2.66652,56.58271,3,3,3,08:00,-1,S12000041,6,0,2,1,2,"[19, 7]","[8, 4]","[4, 6]",0,"[0, 7]",0,1,0,0,0,1,0,3,5
2024991418923,2024,991418923,252680,850424,-4.46141,57.51993,3,3,1,15:32,-1,S12000017,3,0,1,0,2,"[9, 15]",5,"[3, 1]",0,0,0,1,0,0,0,0,0,3,3
2024991418938,2024,991418938,322443,749337,-3.26578,56.62943,2,2,7,12:00,-1,S12000048,6,0,1,0,2,19,"[8, 5]","[4, 8]",0,0,0,1,0,0,0,0,0,3,9
2024991418957,2024,991418957,256872,666116,-4.28878,55.8669,3,3,4,19:20,-1,S12000049,6,2,1,0,1,"[19, 9]","[8, 4]","[4, 2]",0,0,0,1,1,0,0,0,0,3,6
2024991418965,2024,991418965,277369,693536,-3.97398,56.11877,3,3,1,11:30,-1,S12000030,6,0,1,0,2,"[5, 19]","[5, 3]","[1, 7]",0,0,0,1,0,0,0,0,0,3,10
2024991418982,2024,991418982,293903,646560,-3.68974,55.70085,2,2,7,16:57,-1,S12000029,3,0,2,1,2,"[9, 19]","[5, 3]","[3, 8]",0,0,0,1,0,0,0,0,0,3,9
2024991419048,2024,991419048,309730,672259,-3.44654,55.93488,3,3,1,16:20,-1,S12000040,3,0,2,1,1,"[7, 4]",7,"[1, 3]",0,0,0,1,0,1,0,0,0,3,10
2024991419058,2024,991419058,314160,676135,-3.37689,55.97051,3,3,2,06:00,-1,S12000036,6,2,1,1,2,"[9, 19]","[3, 7]","[8, 3]",0,0,0,1,1,0,0,0,0,3,4
2024991419089,2024,991419089,262676,665731,-4.19591,55.86513,3,3,1,18:00,-1,S12000049,3,2,1,1,1,19,6,2,0,0,0,1,0,0,1,0,0,3,10
2024991419095,2024,991419095,308101,688156,-3.47805,56.07736,3,3,1,17:55,-1,S12000047,3,2,8,1,1,"[19, 2]","[8, 0]","[4, 0]",4,0,0,1,0,0,0,0,0,3,10
2024991419129,2024,991419129,295200,668715,-3.67765,55.90011,3,3,1,23:56,-1,S12000040,3,2,1,1,2,"[19, 3]",6,2,0,"[0, 7]",0,1,0,0,1,0,0,3,10
2024991419133,2024,991419133,250357,860400,-4.5063,57.6087,2,"[2, 3]",1,22:10,-1,S12000017,6,2,1,0,2,19,3,7,0,1,11,1,0,0,0,0,0,3,10
2024991419139,2024,991419139,226793,642434,-4.75384,55.64449,2,2,1,09:30,-1,S12000021,6,0,2,1,1,"[19, 2]","[2, 0]","[5, 0]",0,"[0, 1]",0,1,0,0,0,0,0,3,10