collision_index,collision_year,collision_ref_no,location_easting_osgr,location_northing_osgr,longitude,latitude,casualty_severity,casualty_severity,day_of_week,time,local_authority_district,local_authority_ons_district,first_road_class,light_conditions,weather_conditions,road_surface_conditions,urban_or_rural_area,vehicle_manoeuvre,vehicle_direction_from,vehicle_direction_to,hit_object_in_carriageway,vehicle_leaving_carriageway,hit_object_off_carriageway,is_car,is_cyle,is_mcyle,is_goodsv,is_other,is_pedestrian,month,day
2024991419147,2024,991419147,277744,699327,-3.97061,56.17086,3,3,7,13:24,-1,S12000030,3,0,1,0,2,"[8, 4]",8,4,"[0, 4]",0,0,1,0,0,0,0,0,3,2
2024991419426,2024,991419426,261701,664996,-4.2111,55.85825,3,3,1,15:10,-1,S12000049,6,0,9,0,1,"[19, 6]",7,"[3, 7]",0,0,0,1,0,0,0,0,0,3,10
2024991419429,2024,991419429,364870,766011,-2.57657,56.78433,2,"[2, 3]",2,10:30,-1,S12000041,3,0,1,1,2,"[5, 19]","[5, 2]","[2, 6]",0,"[1, 0]",0,1,0,0,0,0,0,3,11
2024991419475,2024,991419475,392483,830827,-2.12662,57.36784,3,3,7,18:45,-1,S12000034,6,2,2,1,2,19,"[2, 6]","[6, 2]",0,0,0,1,0,0,0,0,0,3,9
2024991419525,2024,991419525,394707,804744,-2.08908,57.13358,2,2,4,09:50,-1,S12000033,6,0,1,0,1,19,"[3, 1]","[7, 5]",0,0,0,1,0,1,0,0,0,3,6
2024991419532,2024,991419532,339320,732646,-2.98683,56.48199,2,2,2,14:15,-1,S12000042,6,0,1,0,1,19,5,1,0,0,0,1,0,0,0,0,0,2,26
2024991419539,2024,991419539,327093,671943,-3.1686,55.93499,3,3,2,12:10,-1,S12000036,3,0,1,0,1,19,"[7, 4]","[2, 8]",0,0,0,1,0,0,0,0,0,3,11
2024991419567,2024,991419567,325200,674517,-3.19961,55.95783,2,2,2,17:35,-1,S12000036,6,0,1,0,1,"[9, 19]","[7, 5]","[5, 1]",0,0,0,1,1,0,0,0,0,3,11
2024991419575,2024,991419575,328077,693273,-3.15858,56.12675,3,3,2,16:00,-1,S12000047,6,0,1,1,1,"[14, 19]","[7, 5]","[3, 1]",0,0,0,1,0,0,1,0,0,3,11
2024991419604,2024,991419604,261726,665531,-4.21098,55.86306,2,"[3, 2]",2,22:52,-1,S12000049,3,2,1,0,1,19,"[3, 5]","[7, 1]",0,0,0,1,0,0,0,0,0,3,11
2024991419610,2024,991419610,309128,687666,-3.46139,56.07315,3,3,7,20:21,-1,S12000047,3,2,1,1,1,19,7,3,0,0,0,1,0,0,0,0,1,3,9
2024991419618,2024,991419618,262322,673240,-4.20539,55.93245,2,2,2,21:37,-1,S12000045,3,2,1,0,2,19,8,5,0,1,0,0,0,1,0,0,0,3,11
2024991419659,2024,991419659,376504,815688,-2.39083,57.23131,3,3,3,07:40,-1,S12000034,4,0,1,1,2,"[5, 19]","[2, 8]",4,0,"[7, 1]",11,1,0,0,0,0,0,3,12
2024991419713,2024,991419713,328742,699323,-3.1495,56.18119,3,3,3,08:55,-1,S12000047,4,0,1,0,1,"[7, 2]","[4, 7]",7,"[4, 0]","[7, 0]","[2, 0]",1,0,0,0,0,0,3,12
2024991419727,2024,991419727,294030,664221,-3.69459,55.85949,2,2,3,16:20,-1,S12000040,6,2,2,1,1,"[19, 2]","[7, 0]","[3, 0]",4,0,0,1,0,0,0,0,0,1,2
2024991419742,2024,991419742,263025,849211,-4.28816,57.5123,1,1,3,01:40,-1,S12000017,3,2,1,0,2,"[2, 19]","[0, 5]","[0, 1]",2,0,0,0,0,0,1,0,1,3,12
2024991419768,2024,991419768,279452,691706,-3.93967,56.10287,3,3,1,14:30,-1,S12000030,6,0,1,0,1,"[9, 7]","[1, 5]",8,0,0,0,1,1,0,0,0,0,3,10
2024991419788,2024,991419788,293222,738632,-3.73744,56.52755,3,3,3,10:48,-1,S12000048,3,0,1,1,2,19,7,3,0,1,11,1,0,0,0,0,0,3,12
2024991419926,2024,991419926,331638,669783,-3.09531,55.91626,2,2,3,15:30,-1,S12000019,6,0,1,1,2,19,7,3,0,0,0,0,0,1,0,0,0,3,12
2024991419935,2024,991419935,252405,668009,-4.36113,55.88255,2,"[3, 2]",3,13:30,-1,S12000049,3,0,1,0,1,19,"[4, 7]","[7, 4]",0,0,0,1,0,0,1,0,0,3,12
2024991420002,2024,991420002,218483,597090,-4.85614,55.23453,2,2,3,19:30,-1,S12000028,3,2,2,1,1,19,1,5,0,0,0,1,0,0,0,0,1,3,12
2024991420008,2024,991420008,376824,811249,-2.38511,57.19145,2,"[2, 3]",3,15:12,-1,S12000034,4,0,1,0,2,"[6, 19]",1,"[2, 6]",0,0,0,1,0,0,0,0,0,3,12
2024991420020,2024,991420020,254391,672076,-4.3316,55.91966,2,2,3,16:00,-1,S12000045,3,0,1,1,1,19,7,3,0,0,0,1,0,0,0,0,1,3,12
2024991420027,2024,991420027,362114,741183,-2.61801,56.56108,2,2,2,12:20,-1,S12000041,4,0,1,1,1,7,8,3,0,0,0,0,0,1,0,0,0,3,11
2024991420029,2024,991420029,303088,589075,-3.52362,55.18642,2,2,1,07:15,-1,S12000006,3,2,1,0,2,19,2,6,0,7,3,1,0,0,0,0,0,3,10
2024991420046,2024,991420046,301726,669184,-3.57349,55.90569,2,2,3,21:30,-1,S12000040,1,2,1,1,1,"[11, 19]",2,6,"[2, 0]",0,0,1,0,0,0,0,0,3,12
2024991420112,2024,991420112,340751,730675,-2.96315,56.46447,3,3,5,19:15,-1,S12000042,6,2,1,0,1,9,8,4,0,0,0,1,0,0,0,0,1,3,7
2024991420299,2024,991420299,265358,672231,-4.15633,55.92425,3,3,4,11:20,-1,S12000045,4,0,1,1,1,"[19, 10]",4,"[8, 2]","[11, 0]",0,0,1,0,0,0,0,0,3,13
2024991420356,2024,991420356,348935,632614,-2.81165,55.58448,2,2,3,18:10,-1,S12000026,3,2,2,1,2,"[19, 9]","[5, 1]","[1, 7]",0,1,0,1,0,0,0,0,0,3,12
2024991420397,2024,991420397,248048,662960,-4.42788,55.83587,2,"[3, 2]",4,12:20,-1,S12000038,6,0,1,0,1,4,7,3,0,3,11,0,0,0,1,0,0,3,13
2024991420416,2024,991420416,263664,664380,-4.17946,55.85328,3,3,4,16:55,-1,S12000049,6,0,1,0,1,19,3,7,0,0,0,1,0,0,0,0,1,3,13
2024991420420,2024,991420420,258359,666776,-4.26538,55.87326,3,3,4,17:35,-1,S12000049,6,0,1,0,1,"[9, 19]","[8, 4]","[6, 8]",0,0,0,1,1,0,0,0,0,3,13
2024991420431,2024,991420431,373562,816323,-2.43962,57.23685,3,3,3,19:20,-1,S12000034,6,2,1,1,1,"[7, 19]","[2, 8]","[8, 4]",0,0,0,1,0,1,0,0,0,3,12
2024991420439,2024,991420439,225423,690423,-4.80648,56.07467,2,"[2, 3]",3,17:30,-1,S12000035,3,0,1,0,2,19,"[7, 3]","[3, 7]",0,"[0, 1]",0,1,0,0,0,0,0,2,13
2024991420446,2024,991420446,320516,671675,-3.27377,55.93154,2,2,4,18:45,-1,S12000036,6,0,1,0,1,"[19, 2]","[1, 0]","[5, 0]",0,0,0,1,0,0,0,0,0,3,13
2024991420453,2024,991420453,392396,807796,-2.12735,57.16096,2,2,4,05:00,-1,S12000033,6,2,1,1,1,19,7,3,0,0,0,0,0,1,0,0,0,3,13
2024991420470,2024,991420470,324964,673744,-3.20317,55.95084,2,2,4,21:00,-1,S12000036,3,2,1,0,1,19,3,7,0,0,0,0,0,0,1,0,1,3,13
2024991420480,2024,991420480,257167,554501,-4.22704,54.86484,3,3,5,15:40,-1,S12000006,3,0,1,0,2,"[3, 19]",2,6,0,0,0,1,0,0,0,0,0,2,29
2024991420483,2024,991420483,260061,665719,-4.23766,55.86427,3,3,4,16:40,-1,S12000049,6,0,1,0,1,5,2,6,0,0,0,1,0,0,0,0,1,3,13
2024991420493,2024,991420493,242688,638016,-4.49903,55.61024,3,3,4,10:00,-1,S12000008,6,0,1,0,1,19,5,1,0,1,0,1,0,0,0,0,1,3,6
2024991420500,2024,991420500,358799,865942,-2.69256,57.68143,3,3,1,16:17,-1,S12000034,3,0,2,1,2,19,3,7,0,7,11,1,0,0,0,0,0,3,10
2024991420635,2024,991420635,284866,605150,-3.81624,55.32689,3,3,3,09:13,-1,S12000006,3,0,1,0,2,19,"[8, 4]","[4, 8]",0,0,0,1,0,0,0,0,0,3,5
2024991420654,2024,991420654,309415,724874,-3.46953,56.40739,3,3,5,10:00,-1,S12000048,3,0,2,1,1,"[9, 19]","[1, 8]","[7, 3]",0,0,0,1,0,0,0,0,0,3,14
2024991420668,2024,991420668,258795,664870,-4.25743,55.85628,3,3,4,14:00,-1,S12000049,3,0,1,0,1,"[7, 19]",3,5,0,0,0,1,0,0,0,0,0,3,13
2024991420681,2024,991420681,242929,637602,-4.49497,55.6066,2,2,4,10:17,-1,S12000008,3,0,1,0,1,19,"[1, 3]","[5, 7]",0,"[7, 0]","[11, 0]",1,0,0,0,0,0,3,13
2024991420690,2024,991420690,319931,670580,-3.2828,55.92161,3,3,6,11:50,-1,S12000036,6,0,1,0,1,"[9, 19]","[3, 7]","[1, 3]",0,0,0,1,0,0,0,0,0,3,8
2024991420707,2024,991420707,351574,850875,-2.81068,57.54539,2,2,5,11:45,-1,S12000020,4,0,1,0,2,19,8,4,0,7,9,0,0,0,0,1,0,3,14
2024991420716,2024,991420716,272676,655288,-4.03134,55.77411,2,2,5,10:30,-1,S12000029,3,0,2,1,1,19,2,6,0,0,0,0,0,0,1,0,1,3,14
2024991420757,2024,991420757,323072,668056,-3.23184,55.89945,2,"[3, 2]",4,16:35,-1,S12000036,3,0,1,0,2,19,3,7,0,0,0,1,0,0,0,0,0,3,13
2024991420808,2024,991420808,253061,668330,-4.35082,55.88563,2,2,5,13:42,-1,S12000049,6,0,1,1,1,9,3,1,0,0,0,1,0,0,0,0,1,3,14
2024991420824,2024,991420824,325485,662322,-3.19168,55.84832,3,3,6,08:00,-1,S12000019,4,0,1,0,2,"[3, 19]",5,1,0,0,0,1,0,0,0,0,0,3,1
2024991420847,2024,991420847,255191,665839,-4.31547,55.86391,2,2,5,20:45,-1,S12000049,6,2,2,1,1,19,"[7, 4]","[3, 7]",0,0,0,1,0,0,0,0,1,3,14
2024991420850,2024,991420850,391844,804938,-2.13638,57.13528,3,3,5,16:55,-1,S12000033,3,2,2,1,1,"[3, 19]",4,8,0,0,0,1,0,0,0,0,0,3,14
2024991420859,2024,991420859,322105,667963,-3.24727,55.89846,3,3,5,21:00,-1,S12000036,3,2,2,1,2,19,"[3, 4]",7,0,"[1, 0]","[6, 0]",1,0,0,0,1,0,3,14
2024991420873,2024,991420873,331825,668022,-3.09188,55.90047,3,3,6,16:00,-1,S12000019,3,0,1,0,2,19,7,3,0,0,0,1,0,0,0,0,0,3,8
2024991420874,2024,991420874,261426,664557,-4.21527,55.85423,3,3,6,00:50,-1,S12000049,3,2,2,1,1,"[2, 3, 4]",7,3,"[0, 4]",0,0,1,0,0,0,0,0,3,15
2024991420992,2024,991420992,327168,671032,-3.16715,55.92682,3,3,1,00:01,-1,S12000036,3,2,1,0,1,"[3, 19]",8,5,0,0,0,1,0,0,0,0,0,3,10
2024991421000,2024,991421000,227495,676016,-4.76398,55.94613,3,3,1,21:45,-1,S12000018,6,2,5,1,1,"[15, 9]","[7, 4]","[4, 1]",11,0,0,1,0,1,0,0,0,3,10
2024991421060,2024,991421060,280277,680302,-3.92132,56.00067,3,3,6,09:40,-1,S12000014,1,0,2,1,2,19,7,3,0,1,4,1,0,0,0,0,0,3,15
2024991421078,2024,991421078,327541,670464,-3.16103,55.92178,3,3,6,12:35,-1,S12000036,6,0,2,1,1,9,6,4,0,0,0,1,0,0,0,0,1,3,15
2024991421088,2024,991421088,352704,702594,-2.76413,56.21356,3,3,6,12:00,-1,S12000047,4,0,2,1,2,19,5,1,0,0,0,1,0,0,0,0,0,3,15
2024991421128,2024,991421128,260389,669298,-4.23427,55.8965,2,2,6,13:28,-1,S12000049,6,0,1,0,1,1,3,7,0,0,0,1,0,0,0,0,1,3,15
2024991421130,2024,991421130,258273,664351,-4.26549,55.85147,3,3,6,13:30,-1,S12000049,1,0,1,0,1,"[9, 19]",3,"[1, 8]","[0, 10]","[0, 7]",0,1,0,0,0,0,0,3,15
2024991421140,2024,991421140,296770,665745,-3.65142,55.87377,3,3,6,15:30,-1,S12000040,3,0,1,1,2,"[4, 3]",3,8,0,0,0,1,0,0,0,0,0,3,8
2024991421172,2024,991421172,308730,724868,-3.48062,56.4072,3,3,6,16:45,-1,S12000048,3,0,1,0,1,"[9, 19]","[3, 7]","[1, 3]",0,0,0,1,0,0,0,0,0,3,15
2024991421206,2024,991421206,261190,652430,-4.21285,55.74529,3,3,6,16:44,-1,S12000029,6,0,1,1,1,19,5,2,0,0,0,1,0,0,0,0,1,3,15
2024991421211,2024,991421211,339717,731852,-2.9802,56.47491,2,2,6,18:39,-1,S12000042,6,2,1,0,1,1,5,5,0,0,0,1,0,0,0,0,1,3,15
2024991421232,2024,991421232,267203,649611,-4.11577,55.72166,1,1,6,17:35,-1,S12000029,3,0,1,1,2,19,4,8,0,0,0,1,0,0,0,0,0,3,15
2024991421233,2024,991421233,336654,731569,-3.02984,56.47197,3,3,6,17:02,-1,S12000042,6,0,1,0,1,19,3,7,0,0,0,1,0,0,0,0,1,3,15
2024991421246,2024,991421246,150555,755289,-6.06804,56.62282,3,3,6,18:30,-1,S12000035,3,0,1,0,2,"[2, 19]","[0, 8]","[0, 4]","[0, 4]","[1, 0]","[10, 0]",1,0,0,0,1,1,3,15
2024991421305,2024,991421305,312140,683080,-3.41152,56.03252,2,2,6,07:50,-1,S12000047,4,0,2,1,1,19,1,5,0,0,0,1,1,0,0,0,0,3,15
2024991421330,2024,991421330,385909,822734,-2.23545,57.29499,2,2,1,14:25,-1,S12000034,3,2,2,1,2,19,"[5, 1]","[8, 4]",0,0,0,1,0,0,0,0,0,3,10
2024991421437,2024,991421437,290954,697036,-3.75704,56.1535,3,3,7,12:37,-1,S12000005,3,0,1,0,2,"[13, 9]",3,"[7, 1]",0,0,0,1,0,0,0,1,0,3,16
2024991421456,2024,991421456,271832,846686,-4.13994,57.49221,2,2,7,15:40,-1,S12000017,6,0,1,0,1,19,2,6,0,0,0,1,0,0,0,0,1,3,16
2024991421464,2024,991421464,331988,665959,-3.08875,55.88196,2,2,5,10:53,-1,S12000019,3,0,2,1,1,19,4,8,0,0,0,0,0,0,1,0,1,3,14
2024991421517,2024,991421517,330596,664833,-3.11071,55.87164,2,2,7,14:46,-1,S12000019,3,0,2,1,1,19,2,6,0,0,0,1,0,0,0,0,1,3,16
2024991421519,2024,991421519,319379,674962,-3.29295,55.96088,2,"[2, 3]",7,19:41,-1,S12000036,6,2,2,1,1,"[7, 19]","[1, 7]",3,0,0,0,1,0,0,0,0,0,3,16
2024991421525,2024,991421525,264143,664187,-4.17172,55.85169,3,3,7,21:45,-1,S12000049,6,2,2,1,1,"[15, 2]","[7, 0]","[3, 0]",0,"[7, 0]","[11, 0]",1,0,0,0,0,0,3,16
2024991421534,2024,991421534,296760,666819,-3.65199,55.88341,3,3,3,06:20,-1,S12000040,6,2,2,1,2,"[5, 19]","[1, 6]","[6, 3]",0,"[0, 7]",0,1,0,0,0,0,0,3,12
2024991421558,2024,991421558,254200,661273,-4.32883,55.82262,3,3,7,21:50,-1,S12000049,4,2,2,1,1,"[9, 19]","[7, 3]","[5, 7]",0,0,0,1,0,0,0,0,0,3,16
2024991421567,2024,991421567,254737,664255,-4.32187,55.84955,2,2,3,07:45,-1,S12000049,6,0,1,0,1,19,"[3, 5]","[7, 1]",0,0,0,1,1,0,0,0,0,1,30
2024991421568,2024,991421568,269931,654704,-4.07479,55.76813,3,3,7,09:00,-1,S12000029,6,0,1,0,1,"[2, 19]","[5, 6]","[1, 2]","[0, 4]",0,0,1,0,0,0,0,0,3,16
2024991421621,2024,991421621,217418,709611,-4.94808,56.24384,2,"[3, 2]",7,11:55,-1,S12000035,3,0,1,0,2,"[19, 13]",2,6,0,"[1, 8, 7]",9,1,0,0,0,0,0,3,16
2024991421664,2024,991421664,343533,715061,-2.91464,56.32455,3,3,1,13:20,-1,S12000047,4,0,1,0,2,19,"[3, 7]","[7, 3]",0,"[0, 1]",0,1,0,0,0,0,0,3,17
2024991421733,2024,991421733,343369,731836,-2.92092,56.47522,3,3,1,14:41,-1,S12000042,6,0,1,0,1,19,1,6,0,0,0,1,0,0,0,0,0,3,17
2024991421747,2024,991421747,266904,844229,-4.22075,57.46874,2,2,1,16:58,-1,S12000017,4,0,1,0,1,"[19, 13]",1,5,0,0,0,1,0,1,0,0,0,3,17
2024991421755,2024,991421755,323620,660888,-3.22105,55.83515,2,2,7,14:19,-1,S12000019,3,0,1,0,1,5,5,2,0,1,0,0,0,1,0,0,0,3,16
2024991421762,2024,991421762,304659,670326,-3.527,55.91654,3,3,7,22:30,-1,S12000040,1,2,2,1,2,"[19, 12]",7,3,"[0, 4, 11]","[5, 0]","[0, 6]",1,0,0,0,0,0,3,16
2024991421773,2024,991421773,274684,657920,-4.00057,55.79827,1,1,1,21:11,-1,S12000050,3,2,1,0,1,19,1,5,0,0,0,1,0,0,0,0,1,3,17
2024991421775,2024,991421775,280717,688969,-3.91813,56.07861,1,"[1, 2]",1,15:55,-1,S12000030,3,0,1,1,2,19,"[3, 7]","[7, 3]",0,"[0, 8]","[0, 7]",1,0,0,1,0,0,3,17
2024991421787,2024,991421787,327339,691823,-3.17005,56.11361,2,2,7,22:30,-1,S12000047,6,2,1,0,1,9,7,5,0,0,0,1,0,0,0,0,1,1,13
2024991421830,2024,991421830,166805,623270,-5.68897,55.44759,3,3,2,07:20,-1,S12000035,6,0,1,0,2,19,"[4, 8]","[8, 4]",0,0,0,1,0,0,0,1,0,3,18
2024991421963,2024,991421963,330153,672806,-3.11985,55.9432,3,3,2,09:00,-1,S12000036,3,0,1,0,1,"[19, 1, 3]","[3, 7]","[7, 3]",0,0,0,1,0,0,0,0,0,3,18
2024991421985,2024,991421985,315010,646791,-3.35408,55.70708,3,3,5,18:57,-1,S12000026,3,2,2,1,2,"[2, 19]","[1, 5]","[5, 1]",0,"[0, 1, 7]",0,1,0,0,0,0,0,3,14
2024991422032,2024,991422032,387187,785636,-2.21232,56.96178,2,2,2,09:35,-1,S12000034,3,0,1,0,1,9,7,5,0,0,0,1,0,0,0,0,1,3,18
2024991422098,2024,991422098,269784,655874,-4.07769,55.7786,3,3,5,10:50,-1,S12000029,6,0,2,1,1,"[19, 7]","[1, 8]",6,0,0,0,1,0,0,0,0,0,3,14
2024991422199,2024,991422199,254763,669074,-4.32404,55.89282,2,2,2,19:19,-1,S12000049,6,2,2,1,1,9,6,3,0,0,0,1,0,0,0,0,1,3,18
2024991422221,2024,991422221,324582,672126,-3.20883,55.93625,2,"[2, 3]",2,13:00,-1,S12000036,3,0,2,0,1,"[2, 14]","[0, 6]","[0, 2]",0,0,0,1,1,0,0,0,1,3,4
2024991422397,2024,991422397,254172,672313,-4.33523,55.92172,1,1,3,08:09,-1,S12000045,6,0,1,0,1,"[7, 19]",8,"[3, 5]",0,0,0,0,1,0,1,0,0,3,19
2024991422452,2024,991422452,299580,676815,-3.61065,55.97379,3,3,2,14:00,-1,S12000040,6,0,1,0,1,9,1,6,0,0,0,0,0,0,1,0,0,3,18
2024991422460,2024,991422460,394206,806222,-2.09739,57.14685,2,2,3,18:05,-1,S12000033,6,0,1,1,1,9,7,4,0,0,0,0,0,0,1,0,1,3,12
2024991422469,2024,991422469,329982,674430,-3.12301,55.95777,2,2,2,18:00,-1,S12000036,3,0,1,0,1,19,5,1,0,0,0,1,0,0,0,0,1,3,18
2024991422545,2024,991422545,336122,699010,-3.03056,56.17943,2,2,3,14:00,-1,S12000047,6,0,1,0,1,19,6,5,0,0,0,1,0,0,0,0,1,3,19
2024991422550,2024,991422550,220169,675092,-4.88052,55.93515,2,2,3,18:10,-1,S12000018,3,0,1,1,2,19,1,5,0,8,0,0,0,1,0,0,0,3,19
2024991422551,2024,991422551,352255,839326,-2.79704,57.44173,2,2,3,12:05,-1,S12000034,3,0,1,0,2,"[19, 4]",8,4,0,0,0,1,0,1,0,0,0,3,19
2024991422567,2024,991422567,238191,809722,-4.67633,57.14978,3,3,3,17:25,-1,S12000017,3,0,1,0,2,19,"[1, 5]","[5, 1]",0,0,0,1,0,0,1,0,0,3,19
2024991422572,2024,991422572,315366,677133,-3.35789,55.97969,3,3,3,19:25,-1,S12000036,3,2,1,0,2,"[19, 13]",3,7,0,0,0,1,0,0,0,0,0,3,19
2024991422664,2024,991422664,305995,581674,-3.47552,55.1205,3,3,3,07:45,-1,S12000006,3,0,1,0,2,19,"[2, 6]","[6, 2]",0,0,0,1,0,0,0,0,0,3,19
2024991422788,2024,991422788,270999,654243,-4.05756,55.76428,3,3,3,13:52,-1,S12000029,6,0,1,0,1,"[19, 5]","[8, 3]","[5, 8]",0,0,0,1,0,0,0,0,0,3,19
2024991422813,2024,991422813,259077,667663,-4.25438,55.88144,3,3,2,15:00,-1,S12000049,3,0,8,0,1,19,5,1,0,0,0,1,0,0,0,0,1,3,18
2024991422827,2024,991422827,302691,718650,-3.57613,56.35015,2,2,4,14:25,-1,S12000048,3,0,1,0,2,19,2,6,0,0,0,1,0,0,1,0,0,3,20
2024991422963,2024,991422963,253008,668655,-4.35185,55.88853,3,3,3,20:00,-1,S12000049,3,2,1,0,1,"[3, 5]",1,"[7, 5]",0,0,0,1,0,0,0,0,0,3,12
2024991422984,2024,991422984,313616,687607,-3.3893,56.07345,3,3,4,19:30,-1,S12000047,1,2,1,0,2,19,1,5,0,"[0, 7]",0,1,1,0,0,0,0,3,20
2024991422995,2024,991422995,447062,1141552,-1.15409,60.15574,3,3,3,23:05,-1,S12000027,6,2,3,2,1,5,3,7,0,0,0,1,0,0,0,0,1,3,19
2024991422997,2024,991422997,333292,667431,-3.06828,55.89536,2,"[2, 3]",4,14:30,-1,S12000019,3,0,2,1,1,"[5, 4]",6,6,"[0, 4]",0,0,1,0,0,0,0,0,3,20
2024991422998,2024,991422998,271221,797430,-4.1245,57.04989,1,1,4,14:25,-1,S12000017,3,0,1,0,2,"[19, 2]",7,3,0,"[0, 1]",0,1,0,0,0,0,0,3,20
2024991423016,2024,991423016,351411,673995,-2.77976,55.95651,3,3,3,14:15,-1,S12000010,6,0,1,0,1,1,6,2,0,0,0,1,0,0,0,0,1,3,19
2024991423030,2024,991423030,325878,674483,-3.18874,55.95762,2,2,3,07:05,-1,S12000036,4,0,1,0,1,"[9, 19]","[1, 5]","[7, 8]",0,0,0,1,0,1,0,0,0,3,19
2024991423298,2024,991423298,262160,664941,-4.20375,55.85789,3,3,5,14:50,-1,S12000049,6,0,1,0,1,19,7,3,0,0,0,1,0,0,0,0,1,3,21
2024991423339,2024,991423339,291296,678664,-3.74406,55.98859,2,2,5,18:40,-1,S12000014,4,2,1,1,1,19,7,4,0,0,0,1,0,0,0,0,1,3,21
2024991423343,2024,991423343,288822,679895,-3.78421,55.99907,3,3,4,14:57,-1,S12000014,6,0,1,0,1,19,7,3,0,0,0,0,0,0,0,0,1,3,20
2024991423381,2024,991423381,264237,656988,-4.16662,55.78708,3,3,5,17:15,-1,S12000029,3,0,1,0,2,19,"[5, 1]","[1, 5]",0,"[6, 0]",0,1,0,0,0,0,0,3,21
2024991423382,2024,991423382,252822,662407,-4.35142,55.83238,2,2,5,17:10,-1,S12000049,6,0,1,0,1,19,8,6,0,0,0,0,0,0,1,0,0,3,21
2024991423540,2024,991423540,260573,666296,-4.22978,55.8696,2,2,4,13:00,-1,S12000049,6,0,1,0,1,"[4, 9]",3,7,0,0,0,1,1,0,0,0,0,3,20
2024991423616,2024,991423616,254676,668954,-4.32536,55.89172,2,2,6,11:50,-1,S12000049,3,0,1,1,1,19,6,2,0,0,0,1,0,0,0,0,1,3,22
2024991423657,2024,991423657,275912,657407,-3.98076,55.79398,3,3,6,11:40,-1,S12000050,6,0,1,0,1,"[19, 5]","[8, 3]","[5, 8]",0,0,0,1,0,0,0,0,0,3,22
2024991423689,2024,991423689,256675,666285,-4.29201,55.86836,3,3,6,15:50,-1,S12000049,6,0,2,1,1,19,4,8,0,0,0,1,0,0,0,0,1,3,22
2024991423720,2024,991423720,259356,665238,-4.24866,55.85975,3,3,7,01:14,-1,S12000049,6,2,1,0,1,9,7,5,0,0,0,1,0,0,0,0,1,3,16
2024991423724,2024,991423724,280081,662299,-3.91646,55.83896,3,3,6,14:15,-1,S12000050,1,0,5,1,2,"[19, 4]",6,2,0,"[0, 1]",0,1,0,0,1,0,0,3,22
2024991423759,2024,991423759,250925,665871,-4.38359,55.8629,2,2,5,08:46,-1,S12000038,6,0,1,1,1,19,5,"[1, 2]",0,0,0,1,1,0,0,0,0,3,21
2024991423776,2024,991423776,284069,663005,-3.85312,55.84628,2,"[2, 3]",6,17:00,-1,S12000050,4,0,2,1,2,"[19, 9]","[3, 5]","[7, 3]",0,0,0,1,0,0,0,0,0,3,22
2024991423804,2024,991423804,226843,675619,-4.77415,55.94233,2,2,3,10:45,-1,S12000018,4,0,1,0,1,19,3,7,0,0,0,1,0,0,0,0,1,3,19
2024991423823,2024,991423823,256556,666999,-4.29429,55.87473,2,2,7,00:20,-1,S12000049,4,2,2,1,1,19,6,2,0,0,0,1,0,0,0,0,1,3,23
2024991423852,2024,991423852,340100,729679,-2.97348,56.45544,2,2,6,13:43,-1,S12000042,3,0,4,0,1,"[19, 15]",6,"[5, 2]",0,0,0,1,0,0,0,0,0,3,22
2024991423885,2024,991423885,393718,807389,-2.10548,57.15732,2,2,3,15:30,-1,S12000033,6,0,1,0,1,"[2, 9]","[0, 4]","[0, 8]",0,0,0,1,0,0,0,0,1,3,5
2024991423898,2024,991423898,318752,733862,-3.32107,56.48981,2,"[2, 3]",7,09:05,-1,S12000048,3,0,1,0,2,13,"[2, 1]","[6, 5]",0,"[2, 0]",0,1,0,0,0,0,0,3,23
2024991423906,2024,991423906,217219,677483,-4.9293,55.95549,2,2,4,19:00,-1,S12000035,6,2,1,0,2,4,7,3,0,0,0,1,0,0,0,0,1,3,20
2024991423926,2024,991423926,326605,675188,-3.17729,55.96407,3,3,7,10:30,-1,S12000036,3,0,1,0,1,"[1, 19]","[6, 2]","[2, 6]",0,0,0,1,1,0,0,0,0,3,23
2024991423950,2024,991423950,273368,673151,-4.02866,55.93469,2,2,7,12:47,-1,S12000050,6,0,1,0,1,5,6,2,0,0,0,1,0,0,0,0,1,3,23
2024991424035,2024,991424035,251616,660919,-4.36985,55.81866,3,3,7,19:00,-1,S12000049,3,2,1,0,1,"[19, 9]","[7, 4]","[4, 2]",0,"[0, 6]",0,1,0,0,0,0,0,3,23
2024991424141,2024,991424141,224465,676588,-4.81281,55.95016,2,2,7,11:40,-1,S12000018,6,0,1,1,1,"[19, 5]",1,"[4, 2]",0,0,0,1,0,0,0,0,0,3,23
2024991424172,2024,991424172,258676,637476,-4.24516,55.6103,3,3,1,09:53,-1,S12000008,3,0,1,0,2,15,3,7,0,7,0,1,0,0,0,0,0,3,24
2024991424201,2024,991424201,290376,742906,-3.78549,56.56527,2,2,1,12:20,-1,S12000048,3,0,1,1,2,4,5,"[8, 1]",0,0,0,1,0,1,0,0,0,3,24
2024991424203,2024,991424203,296853,856577,-3.72694,57.5874,2,2,7,14:20,-1,S12000020,3,0,8,1,2,"[19, 7]",3,7,0,0,0,1,0,0,0,0,0,3,23
2024991424211,2024,991424211,320875,687096,-3.27257,56.07012,2,2,1,15:00,-1,S12000047,3,0,1,0,2,9,1,5,0,1,0,0,0,1,0,0,0,3,24