collision_index,collision_year,collision_ref_no,location_easting_osgr,location_northing_osgr,longitude,latitude,casualty_severity,casualty_severity,day_of_week,time,local_authority_district,local_authority_ons_district,first_road_class,light_conditions,weather_conditions,road_surface_conditions,urban_or_rural_area,vehicle_manoeuvre,vehicle_direction_from,vehicle_direction_to,hit_object_in_carriageway,vehicle_leaving_carriageway,hit_object_off_carriageway,is_car,is_cyle,is_mcyle,is_goodsv,is_other,is_pedestrian,month,day
2024991429746,2024,991429746,223047,707967,-4.85627,56.23122,2,2,3,14:20,-1,S12000035,3,0,4,0,2,19,5,1,0,1,0,0,0,0,1,0,0,4,9
2024991429772,2024,991429772,279596,655125,-3.92103,55.77442,3,3,3,17:20,-1,S12000050,3,0,1,0,1,19,4,8,0,0,0,1,0,0,0,0,1,4,9
2024991429773,2024,991429773,257411,662209,-4.27812,55.83198,3,3,3,14:25,-1,S12000049,3,0,1,0,1,19,2,6,0,0,0,1,0,0,0,0,1,4,9
2024991429786,2024,991429786,336155,731567,-3.03794,56.47188,2,2,2,21:25,-1,S12000042,6,2,1,0,1,19,7,3,0,0,0,1,0,0,0,0,1,4,8
2024991429910,2024,991429910,268095,657952,-4.10561,55.7968,3,3,1,17:00,-1,S12000029,4,0,4,0,1,19,"[1, 5]",5,0,0,0,1,0,0,0,0,0,4,7
2024991429980,2024,991429980,330417,672523,-3.11555,55.9407,3,3,4,09:20,-1,S12000036,6,0,1,1,1,"[4, 9]","[7, 2]","[4, 6]",0,0,0,1,0,0,0,0,0,4,10
2024991429994,2024,991429994,324341,697762,-3.21994,56.16649,3,3,4,09:01,-1,S12000047,6,0,1,1,2,"[14, 7]",5,"[1, 7]",0,0,0,1,0,0,0,0,0,4,10
2024991430133,2024,991430133,208696,563323,-4.98714,54.92782,3,3,5,22:53,-1,S12000006,3,2,1,0,2,"[9, 19]","[5, 1]","[3, 5]",0,0,0,1,0,0,0,0,0,3,28
2024991430186,2024,991430186,257177,661997,-4.28174,55.83001,3,3,4,17:05,-1,S12000049,3,0,2,1,1,19,6,2,0,0,0,1,0,0,0,0,1,4,10
2024991430188,2024,991430188,299409,667213,-3.6098,55.88751,3,3,4,15:30,-1,S12000040,1,0,2,1,2,"[19, 4]",2,6,0,0,0,1,0,0,0,0,0,4,10
2024991430190,2024,991430190,324859,677016,-3.20576,55.98022,1,"[3, 1]",4,17:45,-1,S12000036,3,0,1,1,1,9,5,3,0,1,0,1,0,0,0,0,1,4,10
2024991430195,2024,991430195,252476,672029,-4.36218,55.91866,3,3,3,18:34,-1,S12000049,6,0,1,0,1,"[3, 5]",3,7,0,0,0,1,0,0,0,0,0,4,9
2024991430206,2024,991430206,255351,674289,-4.31743,55.93982,2,2,4,16:25,-1,S12000045,4,0,2,1,1,19,5,2,0,4,0,1,0,0,0,0,1,4,10
2024991430213,2024,991430213,260442,665927,-4.23168,55.86625,3,3,2,16:00,-1,S12000049,1,0,1,0,1,4,3,7,0,0,0,1,0,0,0,0,0,4,8
2024991430218,2024,991430218,339129,732839,-2.98997,56.4837,3,3,4,17:10,-1,S12000042,3,0,1,1,1,"[5, 19]",3,7,0,0,0,1,1,0,0,0,0,4,10
2024991430225,2024,991430225,153469,829406,-6.09294,57.28851,2,"[3, 2]",4,16:40,-1,S12000017,3,0,5,1,2,19,6,2,0,8,10,1,0,0,0,0,0,4,10
2024991430351,2024,991430351,323087,674489,-3.23343,55.95724,3,3,5,08:50,-1,S12000036,4,0,1,0,1,"[4, 5]","[3, 8]","[7, 6]",0,0,0,1,0,1,0,0,0,4,11
2024991430448,2024,991430448,395479,858782,-2.07734,57.61899,2,2,7,20:55,-1,S12000034,3,2,4,0,2,"[1, 19]",2,"[5, 6]","[0, 4]","[0, 1]",0,1,0,0,1,0,1,4,6
2024991430576,2024,991430576,319771,659709,-3.28214,55.82393,2,2,5,14:09,-1,S12000019,3,0,4,0,2,19,6,2,0,2,0,0,0,1,0,0,0,4,11
2024991430603,2024,991430603,227528,676837,-4.76398,55.95351,2,"[2, 3]",5,16:56,-1,S12000018,6,0,1,0,1,"[9, 19]","[7, 2]","[3, 6]",0,0,0,1,0,0,0,0,0,4,11
2024991430626,2024,991430626,274516,678567,-4.01282,55.98362,3,3,5,15:45,-1,S12000050,6,0,1,0,2,"[19, 9]",1,5,0,0,0,1,0,0,0,0,0,4,11
2024991430636,2024,991430636,312054,704708,-3.42004,56.22677,2,2,4,23:17,-1,S12000048,3,2,4,1,2,19,5,1,0,3,11,1,0,0,0,0,0,4,10
2024991430653,2024,991430653,252985,670005,-4.35295,55.90064,3,3,5,16:48,-1,S12000049,3,0,1,0,1,9,"[3, 7]","[1, 3]",0,"[8, 0]",0,1,0,0,0,0,0,4,11
2024991430657,2024,991430657,325491,693925,-3.20035,56.13221,3,3,5,16:08,-1,S12000047,6,0,1,0,1,"[5, 2]","[1, 5]",5,"[4, 0]",0,0,1,0,0,0,0,0,4,11
2024991430660,2024,991430660,251594,671409,-4.37594,55.91282,3,3,5,19:06,-1,S12000049,6,0,1,0,1,19,3,7,0,0,0,0,0,1,0,0,0,4,11
2024991430662,2024,991430662,153719,830994,-6.09038,57.30287,2,2,5,16:00,-1,S12000017,3,0,1,0,2,"[19, 15]","[5, 1]","[1, 5]",0,"[0, 1]",0,1,0,0,0,0,0,4,11
2024991430684,2024,991430684,222095,781601,-4.92214,56.89154,3,3,5,12:54,-1,S12000017,3,0,1,0,2,"[9, 19]","[4, 8]","[2, 4]",0,"[7, 0]",0,1,0,0,0,0,0,4,11
2024991430766,2024,991430766,278292,565434,-3.90273,54.96862,3,3,3,11:25,-1,S12000006,3,0,1,0,2,13,2,6,0,7,11,1,0,0,0,0,0,3,26
2024991430791,2024,991430791,441174,1125271,-1.2634,60.01021,1,1,6,01:00,-1,S12000027,3,2,4,0,2,19,2,6,0,7,0,1,0,0,0,0,0,4,12
2024991430823,2024,991430823,231723,674847,-4.69563,55.93713,3,3,6,10:00,-1,S12000018,6,0,1,0,1,"[9, 7]","[6, 8]","[3, 6]","[10, 0]","[1, 0]",0,1,0,0,0,0,0,4,12
2024991430843,2024,991430843,325904,700874,-3.19564,56.19469,2,2,6,11:15,-1,S12000047,4,0,1,0,1,19,"[1, 5]","[5, 1]",0,"[0, 1]",0,1,0,0,0,0,0,4,12
2024991430884,2024,991430884,340127,730658,-2.97327,56.46424,2,2,6,12:30,-1,S12000042,3,0,1,0,1,19,2,7,0,1,11,1,0,0,0,0,0,4,12
2024991430998,2024,991430998,401544,858938,-1.97581,57.62041,2,2,6,14:50,-1,S12000034,3,0,1,0,2,19,"[8, 3]","[4, 8]",0,0,0,1,1,0,0,0,0,4,12
2024991431036,2024,991431036,259541,665084,-4.24563,55.85842,3,3,6,22:23,-1,S12000049,6,2,1,1,1,19,1,5,0,0,0,1,0,0,0,0,1,4,12
2024991431072,2024,991431072,324529,676008,-3.21077,55.97111,3,3,1,17:30,-1,S12000036,3,0,1,0,1,19,7,3,0,0,0,0,0,0,1,0,0,4,7
2024991431162,2024,991431162,255628,661074,-4.30596,55.82126,3,3,6,15:22,-1,S12000049,4,0,1,1,1,"[9, 19]","[5, 3]","[3, 7]",0,0,0,1,0,0,0,0,0,4,12
2024991431192,2024,991431192,300626,576018,-3.5577,55.06865,2,2,5,11:29,-1,S12000006,3,0,1,0,1,19,7,3,0,7,1,1,0,0,0,0,0,4,11
2024991431234,2024,991431234,335878,731704,-3.04247,56.47308,3,3,7,15:28,-1,S12000042,6,0,1,0,1,19,"[2, 6]","[6, 2]",0,0,0,1,0,0,0,0,0,4,13
2024991431247,2024,991431247,270228,660751,-4.07295,55.82251,3,3,7,16:45,-1,S12000029,1,0,4,1,1,"[11, 19]",8,"[3, 4]",0,0,0,1,0,0,0,0,0,4,13
2024991431269,2024,991431269,292613,664605,-3.71737,55.86262,2,"[3, 2]",7,15:01,-1,S12000040,4,0,4,0,2,19,"[7, 3]","[3, 7]",0,"[1, 0]",0,1,0,0,0,0,0,4,13
2024991431288,2024,991431288,311116,733028,-3.44475,56.48094,2,2,7,20:35,-1,S12000048,6,2,1,0,2,"[4, 19]","[5, 1]","[1, 5]",0,0,0,1,0,0,0,0,0,4,13
2024991431299,2024,991431299,327882,675481,-3.15692,55.9669,2,2,7,21:15,-1,S12000036,6,2,1,0,1,4,4,8,0,0,0,0,0,0,1,0,0,4,13
2024991431301,2024,991431301,339925,730131,-2.97643,56.45948,2,2,7,17:30,-1,S12000042,3,0,4,0,1,19,8,4,0,0,0,1,0,0,0,0,1,4,13
2024991431357,2024,991431357,321731,955766,-3.34399,58.48306,3,3,7,13:24,-1,S12000017,3,0,4,0,2,19,4,8,10,7,11,1,0,0,0,0,0,4,13
2024991431358,2024,991431358,325313,673307,-3.19746,55.94697,3,3,7,12:02,-1,S12000036,6,0,1,0,1,7,8,2,0,0,0,1,0,0,0,0,1,4,13
2024991431376,2024,991431376,305568,667190,-3.51137,55.88856,3,3,3,11:55,-1,S12000040,4,0,1,1,1,"[9, 19]",3,"[8, 7]",0,0,0,1,0,0,0,0,0,4,9
2024991431442,2024,991431442,229587,704063,-4.74839,56.19858,3,3,1,09:42,-1,S12000035,3,0,4,0,2,19,5,1,0,0,0,1,0,0,0,0,0,4,7
2024991431457,2024,991431457,328111,808496,-3.19019,57.16167,3,3,1,13:40,-1,S12000034,3,0,1,0,2,19,3,7,0,1,0,0,0,1,0,0,0,4,14
2024991431506,2024,991431506,358261,631421,-2.66353,55.57465,2,2,6,11:00,-1,S12000026,3,0,1,0,2,"[9, 19]","[8, 4]","[6, 8]",0,"[1, 0]",0,1,0,0,0,0,0,4,12
2024991431511,2024,991431511,304561,657008,-3.52388,55.7969,3,3,1,14:29,-1,S12000040,3,0,1,0,2,19,2,6,0,7,0,1,0,0,0,0,0,4,14
2024991431543,2024,991431543,324802,859867,-3.26063,57.62247,2,2,7,21:15,-1,S12000020,6,2,5,1,2,19,3,7,0,2,0,1,0,0,0,0,0,4,6
2024991431547,2024,991431547,233517,803442,-4.7493,57.09176,3,3,1,14:30,-1,S12000017,3,0,2,1,2,19,6,2,0,7,4,1,0,0,0,0,0,4,14
2024991431580,2024,991431580,340449,730131,-2.96792,56.45955,3,3,6,20:30,-1,S12000042,6,2,1,1,1,19,2,6,0,0,0,1,0,0,0,0,1,4,5
2024991431621,2024,991431621,306087,605757,-3.4821,55.33685,2,2,5,04:25,-1,S12000006,2,2,2,1,2,19,8,4,"[6, 0]","[1, 0]","[6, 0]",1,0,0,1,0,0,4,11
2024991431634,2024,991431634,324741,599094,-3.18631,55.28021,3,3,1,13:18,-1,S12000006,4,0,1,0,2,19,5,8,0,7,0,0,0,1,0,0,0,4,14
2024991431805,2024,991431805,345376,732133,-2.88841,56.47813,3,3,2,08:40,-1,S12000042,3,0,1,0,1,"[4, 19]",3,"[7, 6]",0,0,0,1,0,0,0,0,0,4,15
2024991431807,2024,991431807,315158,688810,-3.36492,56.08454,3,3,2,08:05,-1,S12000047,4,0,1,0,2,19,7,3,0,0,0,1,0,0,0,0,1,4,15
2024991431809,2024,991431809,290828,681989,-3.75291,56.01834,2,2,4,09:30,-1,S12000014,1,0,8,2,1,19,1,5,0,0,0,1,0,0,0,0,0,1,17
2024991431816,2024,991431816,350093,715299,-2.80862,56.32743,2,2,2,12:10,-1,S12000047,6,0,1,1,1,19,1,3,0,0,0,1,0,0,0,0,1,4,15
2024991431823,2024,991431823,314406,579647,-3.34307,55.10382,3,3,2,07:35,-1,S12000006,4,0,1,1,2,"[13, 12]",4,8,0,"[0, 1]",0,1,1,0,0,0,0,4,15
2024991431835,2024,991431835,276311,561994,-3.93218,54.93723,3,3,1,18:44,-1,S12000006,6,0,2,1,1,19,"[2, 8]","[6, 4]",0,"[1, 0]","[1, 0]",1,0,0,0,0,0,4,14
2024991431837,2024,991431837,239624,679862,-4.57227,55.98485,2,2,1,19:00,-1,S12000039,3,0,2,1,1,10,7,5,10,0,0,0,0,1,0,0,0,4,14
2024991431852,2024,991431852,290427,682741,-3.75965,56.025,2,"[2, 3]",1,21:00,-1,S12000014,1,2,2,1,2,19,"[7, 5, 3]","[3, 1, 7]",0,"[0, 1]","[0, 4]",1,0,0,0,0,0,4,14
2024991431870,2024,991431870,258700,664466,-4.25873,55.85263,2,2,5,04:00,-1,S12000049,3,2,2,1,1,19,1,5,0,0,0,0,1,0,0,0,0,4,11
2024991431958,2024,991431958,206903,667386,-5.08706,55.86087,3,3,2,16:30,-1,S12000035,3,0,4,0,2,19,"[4, 7]","[8, 4]",0,0,0,1,0,0,0,0,0,4,15
2024991431965,2024,991431965,238063,659636,-4.58516,55.80278,3,3,2,17:30,-1,S12000038,3,0,1,0,2,4,6,2,0,"[0, 1]",0,1,0,0,0,0,0,4,15
2024991431967,2024,991431967,353852,676832,-2.74116,55.98224,3,3,2,17:50,-1,S12000010,4,0,1,0,2,19,5,2,0,2,0,1,0,0,0,0,0,4,15
2024991431970,2024,991431970,316954,690928,-3.33673,56.10388,3,3,3,11:00,-1,S12000047,3,0,2,1,2,"[10, 4]",2,8,0,0,0,1,0,0,1,0,0,4,9
2024991431977,2024,991431977,293612,667467,-3.70254,55.88855,3,3,1,18:30,-1,S12000040,6,0,2,1,1,"[2, 19]","[3, 8]","[3, 4, 2]","[4, 0]",0,0,1,0,0,0,0,0,4,14
2024991431987,2024,991431987,234626,668903,-4.64558,55.88479,2,2,2,16:15,-1,S12000018,4,0,2,1,2,19,"[3, 5]","[7, 2]",0,"[1, 0]","[11, 0]",1,0,1,0,0,0,4,15
2024991432001,2024,991432001,264798,656083,-4.15723,55.77911,2,2,2,23:35,-1,S12000029,3,2,1,0,1,19,6,2,0,0,0,0,0,1,0,0,0,4,15
2024991432007,2024,991432007,251303,671141,-4.38045,55.91032,2,2,3,16:30,-1,S12000049,6,0,1,0,1,19,"[3, 7]","[7, 3]",0,0,0,1,0,1,0,0,0,2,13
2024991432012,2024,991432012,267376,844395,-4.21298,57.47036,2,2,7,15:30,-1,S12000017,6,0,1,0,1,"[7, 13]","[8, 6]","[2, 1]",0,"[3, 0]",0,1,0,1,0,0,0,1,13
2024991432069,2024,991432069,319982,672942,-3.28269,55.94284,3,3,3,07:50,-1,S12000036,3,0,1,0,1,"[3, 19]",7,3,0,0,0,1,0,0,1,0,0,4,16
2024991432093,2024,991432093,262753,661374,-4.19248,55.82604,3,3,6,15:40,-1,S12000029,3,0,2,1,1,9,8,6,7,0,0,1,0,0,0,0,0,4,12
2024991432100,2024,991432100,339273,637455,-2.96597,55.62686,2,2,1,10:58,-1,S12000026,3,0,1,1,2,19,"[4, 7]","[7, 4]",0,"[1, 0]",0,1,0,1,0,0,0,4,14
2024991432116,2024,991432116,263749,657589,-4.1747,55.79233,3,3,3,08:25,-1,S12000029,6,0,1,0,2,19,2,6,10,7,11,1,0,0,0,0,0,4,16
2024991432160,2024,991432160,259242,664771,-4.25024,55.85552,2,2,7,17:00,-1,S12000049,6,0,2,1,1,9,1,7,0,0,0,1,0,0,0,0,1,4,13
2024991432246,2024,991432246,223878,677712,-4.82293,55.96003,3,3,3,13:00,-1,S12000018,3,0,1,0,1,19,6,2,0,0,0,1,0,0,0,0,1,4,16
2024991432261,2024,991432261,202521,759463,-5.22581,56.68506,2,"[3, 2]",2,19:20,-1,S12000017,3,2,1,1,2,19,"[2, 6]","[6, 2]",0,"[7, 1]",0,1,0,0,0,0,0,4,15
2024991432282,2024,991432282,247669,665843,-4.43554,55.86163,3,3,2,10:25,-1,S12000038,1,0,1,1,1,"[19, 11]",7,3,0,0,0,1,0,0,0,1,0,4,15
2024991432330,2024,991432330,255558,666585,-4.31001,55.87072,2,2,2,16:00,-1,S12000049,6,0,1,0,1,6,7,7,0,0,0,1,0,0,0,0,1,4,15
2024991432416,2024,991432416,341036,733286,-2.95911,56.48796,3,3,3,22:09,-1,S12000042,6,2,1,0,1,"[6, 3]","[8, 4]",8,0,0,0,1,0,0,0,0,0,4,16
2024991432419,2024,991432419,265144,665324,-4.1563,55.86217,3,3,3,16:55,-1,S12000049,3,0,1,0,1,19,"[3, 5]","[7, 3]",0,0,0,1,0,0,0,0,0,4,16
2024991432490,2024,991432490,260654,668130,-4.22943,55.88609,2,"[2, 3]",3,17:01,-1,S12000049,6,0,1,0,1,4,4,8,0,0,0,0,0,0,1,0,0,4,16
2024991432566,2024,991432566,322500,674401,-3.24281,55.95635,2,2,4,07:05,-1,S12000036,6,0,1,0,1,7,7,1,0,0,0,0,0,0,1,0,1,4,17
2024991432657,2024,991432657,380271,827225,-2.32936,57.33512,3,3,4,12:55,-1,S12000034,6,0,1,0,2,19,7,3,0,0,0,1,0,0,0,0,1,4,17
2024991432714,2024,991432714,335027,664775,-3.0399,55.87174,3,3,2,16:30,-1,S12000019,6,0,1,0,1,"[7, 19]",3,7,0,"[1, 0]",0,1,0,0,0,0,0,4,15
2024991432764,2024,991432764,248144,663556,-4.42668,55.84125,3,3,4,17:00,-1,S12000038,3,0,1,0,1,"[7, 19]","[4, 3]","[8, 7]",0,0,0,1,1,0,0,0,0,4,17
2024991432788,2024,991432788,319393,670640,-3.29143,55.92206,2,2,4,17:20,-1,S12000036,3,0,1,0,1,"[19, 7]","[5, 4]","[5, 7]",0,0,0,1,0,1,0,0,0,4,17
2024991432800,2024,991432800,325673,672321,-3.19143,55.93817,3,3,7,13:25,-1,S12000036,6,0,1,1,1,19,"[5, 7]","[1, 3]",0,0,0,1,1,0,0,0,0,4,13
2024991432808,2024,991432808,319643,671876,-3.2878,55.9332,2,2,2,10:25,-1,S12000036,4,0,1,0,1,19,4,8,0,0,0,1,0,0,0,0,1,4,15
2024991432809,2024,991432809,319856,671527,-3.28429,55.9301,3,3,4,14:35,-1,S12000036,6,0,1,0,1,"[19, 9]","[1, 6]","[6, 4]",0,0,0,1,0,0,0,0,0,4,17
2024991432832,2024,991432832,259353,669132,-4.25073,55.89471,2,2,4,19:42,-1,S12000049,6,2,1,0,1,"[2, 7]","[0, 3]","[0, 6]","[0, 4]","[0, 1]",0,1,0,1,0,0,0,4,17
2024991432853,2024,991432853,304822,667979,-3.52357,55.89549,2,2,4,23:40,-1,S12000040,6,2,1,0,1,19,1,6,0,0,0,1,0,0,0,0,1,4,17
2024991432950,2024,991432950,360136,798047,-2.6591,57.07171,3,3,4,11:40,-1,S12000034,3,0,1,0,2,"[13, 9]",8,"[4, 6]",0,"[7, 0]","[11, 0]",1,0,0,0,0,0,4,17
2024991432970,2024,991432970,243470,664238,-4.50164,55.84588,3,3,3,19:30,-1,S12000038,6,2,1,0,1,7,5,8,0,1,0,1,0,0,0,0,1,4,16
2024991432999,2024,991432999,279919,694678,-3.93351,56.12967,3,3,6,22:25,-1,S12000030,3,2,8,1,1,"[9, 19]","[4, 6]",2,0,0,0,1,0,1,0,0,0,4,12
2024991433033,2024,991433033,236863,618058,-4.57964,55.42917,2,"[3, 2]",5,10:25,-1,S12000028,3,0,2,1,2,19,"[4, 8]","[8, 5]",0,"[0, 1]",0,1,0,0,1,0,0,4,18
2024991433061,2024,991433061,244373,637462,-4.47199,55.60581,2,2,5,08:25,-1,S12000008,3,0,2,1,1,19,2,6,0,0,0,1,0,0,0,0,0,4,18
2024991433103,2024,991433103,263556,853604,-4.28177,57.55189,3,3,4,12:45,-1,S12000017,3,0,1,0,2,19,"[7, 3]","[3, 7]",0,0,0,1,0,0,0,0,0,4,17
2024991433123,2024,991433123,212257,895321,-5.17034,57.90764,3,3,4,19:38,-1,S12000017,3,0,1,0,2,7,7,1,0,7,0,0,0,1,0,0,0,4,17
2024991433169,2024,991433169,338988,733206,-2.99235,56.48698,3,3,4,19:45,-1,S12000042,6,0,1,0,1,19,"[3, 4]","[7, 8]",0,0,0,1,0,0,0,0,0,4,17
2024991433221,2024,991433221,231059,674799,-4.70622,55.93647,3,3,2,11:10,-1,S12000018,3,0,8,0,1,"[2, 19]","[3, 8]",3,"[0, 10]","[0, 6]","[0, 7]",1,0,0,0,0,0,4,15
2024991433234,2024,991433234,309515,686921,-3.45492,56.06653,3,3,5,16:42,-1,S12000047,3,0,1,0,1,"[7, 19]",2,5,0,0,0,1,0,0,0,0,0,4,18
2024991433245,2024,991433245,314000,696876,-3.38612,56.15678,3,3,1,11:07,-1,S12000048,6,0,5,1,2,19,"[7, 4]","[4, 7]",0,0,0,1,0,0,0,0,0,4,14
2024991433250,2024,991433250,317530,667438,-3.32025,55.89298,2,2,5,15:45,-1,S12000036,3,0,1,0,1,19,2,6,10,0,0,1,0,0,0,0,0,4,18
2024991433330,2024,991433330,309570,667230,-3.44742,55.88968,2,2,4,12:36,-1,S12000040,3,0,1,0,2,"[4, 3]",6,2,0,0,0,1,0,0,0,0,0,4,17
2024991433511,2024,991433511,330339,674078,-3.1172,55.95466,2,2,6,10:20,-1,S12000036,4,0,1,0,1,14,8,4,0,0,0,0,0,0,1,0,0,4,19
2024991433514,2024,991433514,277285,647285,-3.95432,55.70343,2,"[2, 3]",6,10:40,-1,S12000029,6,0,1,0,2,"[9, 19]","[1, 4]","[6, 8]",0,"[1, 2]","[0, 9]",1,0,0,0,0,0,4,19
2024991433533,2024,991433533,227025,642142,-4.74998,55.64195,3,3,5,09:00,-1,S12000021,3,0,1,1,1,"[19, 5]",8,3,0,0,0,1,0,0,1,0,0,4,18
2024991433555,2024,991433555,269535,660731,-4.08399,55.82214,3,3,6,11:01,-1,S12000029,4,0,1,0,1,"[19, 8, 2]","[1, 7]",1,0,0,0,1,0,0,0,0,0,4,19
2024991433586,2024,991433586,323366,676126,-3.22943,55.97199,3,3,6,13:45,-1,S12000036,6,0,1,0,1,9,7,5,0,0,0,1,0,0,0,0,1,4,19
2024991433660,2024,991433660,247884,685894,-4.44343,56.04169,2,2,5,13:50,-1,S12000030,3,0,2,1,2,19,3,7,0,0,0,1,0,0,0,0,0,4,18
2024991433674,2024,991433674,328681,669316,-3.14249,55.91163,2,2,1,22:40,-1,S12000036,3,2,1,0,1,4,8,4,0,0,0,0,0,0,1,0,0,3,3
2024991433677,2024,991433677,261897,671932,-4.21152,55.92058,2,2,6,18:30,-1,S12000045,3,0,1,0,1,19,"[6, 8]","[2, 6]",0,0,0,0,0,1,1,0,0,4,19
2024991433682,2024,991433682,282352,667410,-3.88244,55.88542,2,"[3, 2]",6,19:30,-1,S12000050,3,0,1,0,2,"[9, 10, 19]","[4, 1, 8]","[8, 4]",0,0,0,1,0,0,0,0,0,4,19
2024991433689,2024,991433689,280835,655458,-3.90143,55.77771,3,3,6,16:32,-1,S12000050,3,0,1,0,1,19,3,6,0,0,0,1,0,0,0,0,1,4,19
2024991433691,2024,991433691,363117,862712,-2.61966,57.6528,2,2,6,18:45,-1,S12000034,3,0,1,0,2,19,"[3, 7]","[7, 3]",0,0,0,1,0,0,1,0,0,4,19
2024991433709,2024,991433709,335717,664759,-3.02887,55.87169,2,2,6,19:00,-1,S12000019,6,0,1,0,1,"[7, 19]","[7, 1]","[1, 5]",0,0,0,1,0,0,0,0,0,4,19
2024991433870,2024,991433870,257309,667067,-4.2823,55.87557,3,3,1,21:20,-1,S12000049,3,2,4,0,1,"[5, 13]",4,8,0,0,0,1,1,0,0,0,0,4,14
2024991433920,2024,991433920,279979,694282,-3.93236,56.12613,2,2,4,09:00,-1,S12000030,6,2,1,0,1,19,7,3,0,0,0,1,0,0,0,0,1,4,17
2024991433944,2024,991433944,263699,666495,-4.17996,55.87228,2,2,5,19:11,-1,S12000049,1,2,2,1,1,19,"[3, 8]","[8, 4]",0,0,0,1,0,0,0,0,0,1,11
2024991433951,2024,991433951,332149,673203,-3.088,55.94705,3,3,7,20:00,-1,S12000036,6,2,1,0,1,"[1, 2]","[8, 0]","[1, 0]","[4, 0]","[1, 0]",0,1,0,0,0,0,0,4,20
2024991433995,2024,991433995,270871,655924,-4.0604,55.77934,2,"[3, 2]",1,02:00,-1,S12000029,3,2,1,0,1,"[19, 2]",4,"[8, 7]",0,0,0,1,0,0,0,0,0,4,21
2024991434005,2024,991434005,322093,671744,-3.24855,55.93242,3,3,7,11:30,-1,S12000036,3,0,1,0,1,19,6,2,0,0,0,1,0,0,0,0,1,4,20
2024991434052,2024,991434052,257255,659985,-4.27944,55.81197,3,3,1,10:20,-1,S12000049,6,0,2,1,1,19,"[6, 8]","[2, 4]",0,0,0,1,0,0,0,1,0,4,21
2024991434104,2024,991434104,229416,682829,-4.73758,56.00796,3,3,1,15:43,-1,S12000035,6,0,1,0,1,19,"[3, 1]","[7, 5]",0,0,0,1,1,0,0,0,1,4,21
2024991434116,2024,991434116,230973,605036,-4.66474,55.31029,2,2,1,16:30,-1,S12000028,4,2,1,1,2,19,6,3,0,1,9,1,0,0,0,0,0,4,21
2024991434123,2024,991434123,233092,639968,-4.65238,55.62456,2,2,1,15:40,-1,S12000021,6,0,1,0,1,19,"[1, 4]","[4, 8]",0,0,0,1,0,0,0,0,0,4,21
2024991434154,2024,991434154,268579,657538,-4.09769,55.79321,3,3,1,16:04,-1,S12000029,6,0,1,0,1,"[19, 2]","[6, 0]","[2, 0]","[4, 0]","[7, 2]","[0, 11]",1,0,0,0,0,0,4,21
2024991434335,2024,991434335,386419,800626,-2.22577,57.09641,2,2,5,16:17,-1,S12000034,4,0,1,0,2,19,"[2, 6]","[6, 2]",0,0,0,1,0,0,0,0,0,4,4
2024991434375,2024,991434375,256374,664836,-4.29605,55.85526,3,3,2,10:25,-1,S12000049,6,0,1,0,1,"[3, 19]",3,7,"[0, 4]",0,0,1,0,0,0,0,0,4,22
2024991434396,2024,991434396,341920,735983,-2.94536,56.5123,3,3,1,16:45,-1,S12000041,3,0,1,0,2,19,1,5,0,0,0,1,0,0,0,0,0,4,21
2024991434402,2024,991434402,326667,675313,-3.17633,55.9652,3,3,2,12:00,-1,S12000036,3,0,1,0,1,"[7, 19]",2,"[4, 6]",0,0,0,1,1,0,0,0,0,4,22
2024991434462,2024,991434462,288555,568118,-3.74355,54.99513,3,3,6,16:29,-1,S12000006,3,0,2,1,2,19,6,1,0,7,11,1,0,0,0,0,0,4,12
2024991434509,2024,991434509,268105,667419,-4.11005,55.8818,3,3,2,14:04,-1,S12000049,4,0,1,0,2,19,7,3,0,0,0,1,0,0,0,0,0,4,22
2024991434552,2024,991434552,343326,733203,-2.92191,56.4875,3,3,2,19:19,-1,S12000042,6,0,1,0,1,"[2, 4]",7,3,0,0,0,1,0,0,0,0,0,4,22
2024991434563,2024,991434563,212302,773451,-5.07663,56.81457,2,2,2,00:30,-1,S12000017,6,2,1,0,2,19,1,5,0,2,4,1,0,0,0,0,0,4,22
2024991434568,2024,991434568,258907,663565,-4.25496,55.8446,3,3,6,03:38,-1,S12000049,3,2,1,0,1,19,1,5,11,0,0,0,0,1,0,0,0,4,19
2024991434569,2024,991434569,328662,695180,-3.14968,56.14396,3,3,2,17:45,-1,S12000047,3,0,1,0,2,"[2, 19, 4]",7,3,0,"[0, 4, 1]","[0, 6, 9]",1,0,0,0,0,0,4,22
2024991434591,2024,991434591,291418,678879,-3.7422,55.99055,2,2,2,21:30,-1,S12000014,6,2,1,0,1,5,2,3,0,0,0,1,0,0,0,0,1,4,22
2024991434681,2024,991434681,258004,664867,-4.27005,55.85602,2,2,3,09:10,-1,S12000049,1,0,1,0,2,"[19, 3]",1,5,0,0,0,1,0,0,0,0,0,4,23
2024991434812,2024,991434812,265507,673965,-4.15481,55.93986,3,3,2,14:50,-1,S12000045,3,0,1,0,1,"[19, 9]","[4, 8]","[8, 6]",0,0,0,1,0,0,0,0,0,4,22
2024991434892,2024,991434892,262467,660061,-4.19638,55.81417,2,2,2,12:38,-1,S12000029,3,0,1,0,1,"[2, 19]","[8, 4]","[4, 8]",0,0,0,1,0,0,0,0,0,4,22