collision_index,collision_year,collision_ref_no,location_easting_osgr,location_northing_osgr,longitude,latitude,casualty_severity,casualty_severity,day_of_week,time,local_authority_district,local_authority_ons_district,first_road_class,light_conditions,weather_conditions,road_surface_conditions,urban_or_rural_area,vehicle_manoeuvre,vehicle_direction_from,vehicle_direction_to,hit_object_in_carriageway,vehicle_leaving_carriageway,hit_object_off_carriageway,is_car,is_cyle,is_mcyle,is_goodsv,is_other,is_pedestrian,month,day
2024991434990,2024,991434990,347227,583970,-2.82954,55.14725,3,3,2,15:00,-1,S12000026,4,0,1,0,2,19,"[2, 5]","[5, 2]",0,0,0,1,0,0,0,0,0,4,15
2024991435115,2024,991435115,248088,663352,-4.42746,55.8394,2,2,4,07:30,-1,S12000038,6,0,1,0,1,1,7,3,0,0,0,1,0,0,0,0,1,4,24
2024991435158,2024,991435158,273365,660441,-4.02277,55.82056,3,3,6,13:50,-1,S12000050,3,0,2,1,1,"[19, 3]",7,3,0,0,0,1,0,0,0,0,0,4,5
2024991435234,2024,991435234,341267,731837,-2.95504,56.47497,2,2,4,12:40,-1,S12000042,3,0,1,0,1,19,5,2,0,0,0,1,0,0,0,0,1,4,24
2024991435236,2024,991435236,328630,845090,-3.19221,57.49039,1,"[1, 2]",3,16:25,-1,S12000020,3,0,1,0,2,"[9, 19]","[6, 1]","[4, 5]",0,"[1, 0]","[7, 0]",1,0,0,1,0,0,4,23
2024991435254,2024,991435254,234351,640962,-4.633,55.63392,2,2,3,15:00,-1,S12000021,6,0,1,0,1,5,7,3,0,0,0,1,0,0,0,0,1,4,23
2024991435262,2024,991435262,235897,691031,-4.63878,56.08383,3,3,3,18:30,-1,S12000035,6,0,1,0,2,19,1,5,0,1,4,1,0,0,0,0,0,4,23
2024991435277,2024,991435277,329556,675103,-3.13001,55.96375,3,3,2,11:50,-1,S12000036,3,0,1,0,1,7,2,4,0,7,2,1,0,0,0,0,0,4,22
2024991435301,2024,991435301,322128,668879,-3.24717,55.90669,2,2,3,15:00,-1,S12000036,4,0,1,0,1,"[9, 19]","[6, 4]","[3, 8]",0,0,0,1,0,0,0,0,0,4,23
2024991435325,2024,991435325,335003,672974,-3.04226,55.94539,3,3,4,11:50,-1,S12000010,6,0,1,0,1,"[5, 10]",3,8,0,0,0,1,1,0,0,0,0,4,24
2024991435369,2024,991435369,249645,659796,-4.40065,55.80796,2,"[3, 2]",4,17:44,-1,S12000011,6,0,1,0,1,4,7,3,0,3,10,1,0,0,0,0,1,4,24
2024991435380,2024,991435380,301578,645730,-3.56737,55.69501,2,2,4,18:00,-1,S12000029,3,0,1,0,2,"[4, 19]",3,"[2, 8]",0,0,0,1,0,1,0,0,0,4,24
2024991435385,2024,991435385,336555,672609,-3.01733,55.94232,2,2,4,19:20,-1,S12000010,6,0,1,0,1,19,7,3,0,0,0,1,0,0,0,0,1,4,24
2024991435386,2024,991435386,276907,666480,-3.96901,55.8757,2,2,4,15:24,-1,S12000050,3,0,1,0,1,19,6,2,0,0,0,1,0,0,0,0,1,4,24
2024991435403,2024,991435403,296672,576246,-3.61967,55.06989,3,3,2,17:45,-1,S12000006,3,0,1,0,1,"[12, 19]",8,4,0,"[0, 4]","[0, 2]",1,0,0,0,0,0,4,22
2024991435424,2024,991435424,287367,643864,-3.79257,55.67516,2,"[3, 2]",3,12:30,-1,S12000029,3,0,1,1,1,"[13, 19]",3,7,0,"[0, 1]",0,1,1,0,0,0,0,3,12
2024991435435,2024,991435435,334131,663786,-3.05397,55.86273,3,3,4,10:50,-1,S12000019,6,0,2,1,1,"[19, 13]",1,5,0,0,0,1,0,0,0,0,0,3,27
2024991435451,2024,991435451,297279,578035,-3.61081,55.08608,3,3,4,08:20,-1,S12000006,3,0,1,0,2,"[4, 19]",2,6,0,0,0,1,0,0,0,0,0,4,24
2024991435466,2024,991435466,355098,707577,-2.72638,56.25856,2,2,2,08:22,-1,S12000047,4,0,1,0,2,"[19, 8]",4,"[8, 7]",0,"[1, 0]",0,1,0,0,0,0,0,4,15
2024991435484,2024,991435484,270196,644729,-4.06584,55.67864,3,3,2,16:45,-1,S12000029,3,0,1,0,1,"[2, 19]","[0, 8]","[0, 4]",0,0,0,1,0,0,1,0,0,4,22
2024991435502,2024,991435502,286836,644487,-3.80127,55.68063,2,"[2, 3]",5,08:30,-1,S12000029,3,0,1,0,2,"[9, 19]","[6, 3]","[3, 7]",0,0,0,1,0,0,0,0,0,4,25
2024991435597,2024,991435597,258740,637469,-4.24414,55.61025,2,2,1,20:55,-1,S12000008,3,2,2,1,2,19,3,7,0,7,11,1,0,0,0,0,0,4,14
2024991435627,2024,991435627,254535,664036,-4.32497,55.84753,2,2,5,12:25,-1,S12000049,3,0,1,0,1,5,7,3,0,0,0,1,0,0,0,0,1,4,25
2024991435667,2024,991435667,258027,666249,-4.27041,55.86844,3,3,7,18:50,-1,S12000049,3,0,1,0,1,19,2,6,0,0,0,1,0,0,0,0,1,4,20
2024991435685,2024,991435685,263468,673038,-4.18696,55.93096,3,3,5,13:40,-1,S12000045,3,0,1,0,2,19,"[2, 6]","[6, 2]",0,"[1, 0]",0,1,0,0,0,0,0,4,25
2024991435694,2024,991435694,258002,664821,-4.27006,55.85561,2,2,6,13:50,-1,S12000049,1,0,1,0,2,"[12, 19]",1,5,0,0,0,1,0,1,0,0,0,4,19
2024991435727,2024,991435727,324800,673200,-3.20564,55.94593,3,3,5,16:30,-1,S12000036,3,0,1,0,1,4,5,1,0,0,0,0,0,0,1,0,0,4,25
2024991435737,2024,991435737,345171,673241,-2.87953,55.94906,2,2,5,16:15,-1,S12000010,3,0,1,0,2,"[3, 19]","[3, 8, 7]","[7, 5, 3]",0,0,0,1,1,0,0,0,0,4,25
2024991435739,2024,991435739,276091,655689,-3.97712,55.7786,3,3,4,19:30,-1,S12000050,6,0,1,0,1,"[4, 1]","[6, 1]","[1, 2]",0,"[7, 0]",0,1,0,1,0,0,0,4,24
2024991435742,2024,991435742,258847,665177,-4.25676,55.85905,3,3,5,20:07,-1,S12000049,6,0,1,0,1,20,1,5,0,0,0,0,0,0,1,0,1,4,25
2024991435758,2024,991435758,255623,661077,-4.30604,55.82129,3,3,5,18:43,-1,S12000049,4,0,1,0,1,"[9, 19]","[5, 3]","[3, 7]",0,0,0,1,0,0,0,0,0,4,25
2024991435761,2024,991435761,411676,847113,-1.80676,57.51405,2,"[3, 2]",2,15:31,-1,S12000034,6,0,1,0,2,"[9, 19]","[6, 4]","[4, 1]",0,0,0,1,0,0,0,0,0,4,22
2024991435854,2024,991435854,257044,653360,-4.27933,55.75243,3,3,2,09:10,-1,S12000011,3,0,1,0,2,"[3, 4]",7,3,0,0,0,1,0,0,0,0,0,4,15
2024991435976,2024,991435976,244356,638084,-4.47261,55.61139,1,1,6,10:32,-1,S12000008,6,0,1,0,1,19,5,1,0,0,0,0,1,0,0,0,0,4,19
2024991436055,2024,991436055,258070,666597,-4.2699,55.87157,3,3,4,15:45,-1,S12000049,3,0,1,0,1,"[5, 19]",8,4,0,0,0,1,1,0,0,0,0,4,24
2024991436068,2024,991436068,338887,732023,-2.99371,56.47634,3,3,5,12:30,-1,S12000042,6,0,1,0,1,"[19, 2]",1,"[5, 6]",0,0,0,1,0,0,0,0,0,4,25
2024991436070,2024,991436070,390478,809325,-2.15912,57.17466,2,"[2, 3]",6,11:00,-1,S12000033,3,0,1,0,1,19,3,7,10,1,2,1,0,0,0,0,0,4,26
2024991436077,2024,991436077,335411,698372,-3.04186,56.1736,3,3,6,12:40,-1,S12000047,3,0,1,0,1,"[10, 4]",2,6,0,0,0,1,0,0,0,0,0,4,26
2024991436202,2024,991436202,232569,632786,-4.65631,55.55992,2,2,6,15:52,-1,S12000028,4,0,1,0,1,"[19, 9]","[6, 3]","[3, 8]",0,0,0,1,1,0,0,0,0,4,26
2024991436208,2024,991436208,313755,718032,-3.39697,56.34675,2,2,6,13:40,-1,S12000048,1,0,1,0,2,19,5,1,0,0,0,0,0,1,0,0,0,4,26
2024991436233,2024,991436233,276131,659566,-3.97825,55.81342,2,2,6,20:00,-1,S12000050,4,0,1,0,1,19,4,8,0,0,0,1,0,0,0,0,1,4,26
2024991436385,2024,991436385,244937,669134,-4.48104,55.8903,3,3,7,11:18,-1,S12000038,1,0,1,0,2,"[19, 4]",3,7,0,0,0,1,0,0,0,0,0,4,27
2024991436396,2024,991436396,258115,824312,-4.35566,57.28732,3,3,7,06:48,-1,S12000017,4,0,1,0,2,19,3,7,0,2,0,1,0,0,0,0,0,4,27
2024991436397,2024,991436397,251962,666531,-4.36739,55.86914,3,3,6,20:15,-1,S12000038,3,0,1,0,1,19,3,"[8, 5]","[1, 0]","[0, 1]",0,1,0,0,0,0,0,4,26
2024991436416,2024,991436416,262755,667223,-4.19541,55.87855,3,3,7,12:34,-1,S12000049,6,0,1,0,1,19,3,7,0,0,0,1,0,1,0,0,0,4,27
2024991436467,2024,991436467,333265,635323,-3.06085,55.60692,2,2,7,14:35,-1,S12000026,4,0,1,0,2,"[19, 9]","[5, 7]","[1, 5]",0,"[7, 0]",0,1,0,1,0,0,0,4,27
2024991436505,2024,991436505,258270,662707,-4.26468,55.83671,2,2,7,12:15,-1,S12000049,6,0,1,0,1,1,1,5,0,0,0,1,0,0,0,0,1,4,27
2024991436508,2024,991436508,312393,674138,-3.40454,55.95225,3,3,7,19:10,-1,S12000036,4,0,1,0,1,"[13, 10]",1,"[5, 7]",0,0,0,1,0,1,0,0,0,4,27
2024991436513,2024,991436513,326962,676595,-3.17196,55.97676,3,3,6,17:21,-1,S12000036,3,0,1,0,1,"[6, 19]","[5, 7]","[4, 3]",0,0,0,1,0,0,0,0,0,4,26
2024991436523,2024,991436523,308632,722642,-3.48143,56.38719,2,2,6,15:27,-1,S12000048,6,0,1,0,2,19,7,3,0,0,0,1,0,0,0,0,1,4,26
2024991436541,2024,991436541,204672,626827,-5.09377,55.49608,2,2,7,16:30,-1,S12000021,3,0,1,0,2,19,5,1,0,7,0,1,0,0,0,0,0,4,27
2024991436544,2024,991436544,293760,660820,-3.69757,55.82888,3,3,5,08:30,-1,S12000040,4,0,2,1,1,19,7,3,0,0,0,1,0,0,0,0,0,2,15
2024991436568,2024,991436568,257741,664764,-4.27419,55.85502,2,2,7,23:45,-1,S12000049,6,2,1,1,1,2,0,0,0,0,0,1,0,0,0,0,1,4,27
2024991436591,2024,991436591,253371,690892,-4.35817,56.08826,2,2,7,14:00,-1,S12000030,3,0,1,0,2,19,2,6,0,1,0,0,0,1,0,0,0,4,27
2024991436655,2024,991436655,311527,685053,-3.422,56.05013,3,3,1,12:35,-1,S12000047,6,0,1,0,1,1,6,2,0,0,0,1,0,0,0,0,1,4,28
2024991436675,2024,991436675,277422,674459,-3.96441,55.94748,3,3,1,12:20,-1,S12000050,6,0,1,0,2,19,6,2,0,0,0,1,0,0,0,0,0,4,28
2024991436683,2024,991436683,311932,723349,-3.42824,56.39417,2,"[2, 3]",3,14:37,-1,S12000048,6,0,1,0,1,"[3, 19]",5,1,0,"[0, 7]",0,1,0,0,0,0,0,4,23
2024991436715,2024,991436715,272300,612450,-4.0175,55.38934,2,2,1,15:05,-1,S12000006,3,0,1,0,2,19,6,3,0,0,0,0,0,1,0,0,0,4,28
2024991436758,2024,991436758,291004,658589,-3.74065,55.80823,3,3,1,16:04,-1,S12000050,4,0,1,0,2,"[7, 19]","[8, 7]",3,0,0,0,1,0,0,0,0,0,4,28
2024991436790,2024,991436790,329799,656800,-3.12136,55.79937,2,2,1,21:14,-1,S12000019,4,2,1,0,2,19,5,2,0,2,0,1,0,0,0,0,0,4,28
2024991436799,2024,991436799,391760,806818,-2.13783,57.15216,2,"[2, 3]",2,16:50,-1,S12000033,3,0,1,0,1,"[5, 19]",7,3,0,"[3, 1]","[0, 1]",1,0,0,0,0,0,2,26
2024991436851,2024,991436851,323750,674664,-3.22287,55.95892,3,3,2,21:15,-1,S12000036,6,2,1,0,1,9,7,5,0,0,0,1,0,0,0,0,1,4,8
2024991436915,2024,991436915,303987,575515,-3.50492,55.06479,3,3,4,16:24,-1,S12000006,3,0,1,0,2,"[19, 4, 9]",3,"[7, 1]",0,"[0, 1]","[0, 11]",1,0,0,0,0,0,4,24
2024991437031,2024,991437031,229018,682971,-4.74404,56.00909,3,3,2,09:10,-1,S12000035,6,0,2,1,1,19,"[7, 5]","[3, 1]","[11, 0]","[0, 3]",0,1,0,0,0,0,0,4,29
2024991437134,2024,991437134,340387,730780,-2.96908,56.46537,3,3,2,14:20,-1,S12000042,3,0,2,1,1,"[12, 13]",6,2,0,0,0,1,0,0,0,0,0,4,29
2024991437171,2024,991437171,262935,663930,-4.19087,55.84904,2,2,2,16:05,-1,S12000049,6,0,1,0,1,19,4,8,0,0,0,1,1,0,0,0,0,4,29
2024991437188,2024,991437188,262587,637450,-4.18311,55.61119,3,3,2,16:13,-1,S12000029,3,0,2,1,2,19,6,3,0,1,4,1,0,0,0,0,0,4,29
2024991437200,2024,991437200,296954,576085,-3.6152,55.0685,3,3,2,21:37,-1,S12000006,6,2,1,1,1,1,6,2,0,0,0,1,0,0,0,0,1,4,29
2024991437231,2024,991437231,254775,666539,-4.32248,55.87007,3,3,5,06:50,-1,S12000049,6,0,1,0,1,"[19, 9]","[7, 3]","[3, 1]",0,0,0,1,0,0,0,0,0,3,7
2024991437237,2024,991437237,303037,675521,-3.55481,55.96288,1,"[1, 3]",2,20:38,-1,S12000040,6,2,8,0,2,19,5,1,0,7,0,1,0,0,0,0,0,4,29
2024991437335,2024,991437335,264862,663715,-4.16,55.84765,2,2,3,08:45,-1,S12000049,4,0,1,1,1,"[5, 19]","[3, 1]","[1, 5]",0,0,0,1,0,0,0,0,0,4,30
2024991437474,2024,991437474,333409,663116,-3.06534,55.85662,3,3,6,19:40,-1,S12000019,3,2,1,1,1,"[19, 9]","[5, 1]","[1, 8]",0,0,0,1,0,0,0,0,0,2,2
2024991437542,2024,991437542,260279,854706,-4.33711,57.56078,1,"[1, 2]",3,08:54,-1,S12000017,3,0,1,0,2,"[19, 12]","[8, 4]","[4, 8]",0,"[0, 1]",0,1,0,0,0,0,0,4,30
2024991437571,2024,991437571,290073,667179,-3.75898,55.88517,2,2,3,15:10,-1,S12000040,3,0,1,0,2,7,7,8,0,0,0,1,0,0,0,0,1,4,30
2024991437591,2024,991437591,275036,663989,-3.99775,55.85285,3,3,3,09:21,-1,S12000050,6,0,2,1,1,19,"[8, 7]",5,0,0,0,1,0,0,0,0,0,4,30
2024991437607,2024,991437607,269865,657326,-4.0771,55.79166,3,3,2,18:48,-1,S12000029,3,0,1,0,1,19,3,7,0,0,0,0,0,1,0,0,0,4,29
2024991437627,2024,991437627,252943,669985,-4.35361,55.90045,3,3,3,21:15,-1,S12000049,3,0,1,0,1,19,3,7,0,0,0,1,0,0,0,0,0,4,30
2024991437630,2024,991437630,265742,841937,-4.23885,57.44782,2,2,2,21:35,-1,S12000017,3,2,1,0,1,19,"[3, 5]","[7, 1]",0,0,0,1,1,0,0,0,0,4,29
2024991437635,2024,991437635,341135,672640,-2.94402,55.94318,2,2,3,20:14,-1,S12000010,6,0,1,0,1,9,3,1,11,3,10,0,0,1,0,0,0,4,30
2024991437668,2024,991437668,288546,643747,-3.77379,55.67438,3,3,3,21:20,-1,S12000029,3,2,1,0,1,"[9, 19]","[2, 7]","[6, 2]",0,0,0,1,0,0,0,0,0,4,30
2024991437671,2024,991437671,185855,729908,-5.47298,56.41269,3,3,3,22:00,-1,S12000035,6,2,1,0,1,9,2,6,0,0,0,1,0,0,0,0,1,4,30
2024991437689,2024,991437689,311138,725100,-3.44169,56.40974,2,2,3,08:00,-1,S12000048,6,0,2,1,1,"[19, 9]","[3, 5]","[7, 3]",0,"[0, 1]",0,1,0,0,1,0,0,4,30
2024991437737,2024,991437737,330460,666128,-3.11322,55.88326,2,2,2,11:02,-1,S12000019,3,0,5,1,1,"[19, 3]",2,6,"[10, 0]",0,0,1,1,0,0,0,0,3,25
2024991437883,2024,991437883,258810,662356,-4.25588,55.83371,3,3,3,17:45,-1,S12000049,6,0,1,0,1,"[8, 19]","[3, 5]","[5, 1]",0,0,0,1,1,0,0,0,0,4,30
2024991437956,2024,991437956,305781,684742,-3.51411,56.04624,2,2,4,15:40,-1,S12000047,3,0,1,0,2,19,7,3,0,7,0,0,0,1,0,0,0,5,1
2024991437962,2024,991437962,288938,625220,-3.76009,55.50808,2,"[3, 2]",4,14:14,-1,S12000029,4,0,1,0,2,19,1,5,0,7,0,1,0,0,0,0,0,5,1
2024991437983,2024,991437983,378726,850521,-2.35705,57.54431,2,2,4,17:29,-1,S12000034,4,0,1,0,2,19,"[6, 3]","[3, 6]",0,"[1, 7]",0,1,0,0,0,0,0,5,1
2024991438001,2024,991438001,281913,639233,-3.87725,55.63227,2,2,4,17:05,-1,S12000029,4,0,1,0,1,"[9, 8, 19]","[1, 7, 5]","[7, 1]",0,0,0,1,0,0,0,0,0,5,1
2024991438007,2024,991438007,253711,673671,-4.34333,55.93377,2,2,4,14:00,-1,S12000045,3,0,1,0,2,19,"[2, 7]","[7, 5]","[0, 10]","[3, 0]","[4, 0]",1,0,0,0,0,0,5,1
2024991438030,2024,991438030,254372,665155,-4.32817,55.85752,3,3,4,18:05,-1,S12000049,6,0,1,0,1,19,"[6, 1]","[1, 6]",0,"[7, 1]",0,1,1,0,0,0,0,5,1
2024991438032,2024,991438032,337648,731859,-3.01378,56.47471,2,2,2,18:35,-1,S12000042,3,0,2,1,1,"[19, 5]","[2, 4]","[6, 8]",0,0,0,1,0,0,0,0,0,4,1
2024991438142,2024,991438142,325706,676246,-3.19198,55.97343,2,"[2, 3]",5,07:35,-1,S12000036,3,0,1,0,1,"[19, 9]","[3, 4]","[7, 2]",0,0,0,1,0,1,0,0,1,5,2
2024991438201,2024,991438201,326503,676073,-3.17917,55.972,3,3,4,11:32,-1,S12000036,6,0,1,0,1,19,"[4, 6]","[7, 2]",0,0,0,1,0,0,0,0,0,4,24
2024991438221,2024,991438221,267018,668985,-4.12818,55.89557,3,3,5,18:45,-1,S12000050,3,0,9,0,2,19,"[3, 8]",5,0,0,0,1,1,0,0,0,0,3,21
2024991438225,2024,991438225,263846,665459,-4.17709,55.86302,3,3,4,17:14,-1,S12000049,3,0,1,0,1,19,"[5, 7]","[1, 3]",0,0,0,1,0,0,0,0,0,5,1
2024991438266,2024,991438266,325126,674772,-3.20086,55.9601,3,3,5,09:05,-1,S12000036,6,0,1,0,1,"[6, 19]",5,"[5, 1]",0,0,0,1,1,0,0,0,0,5,2
2024991438327,2024,991438327,258462,664649,-4.26263,55.8542,3,3,5,11:15,-1,S12000049,3,0,1,0,1,"[19, 12]",7,3,0,0,0,1,0,0,0,0,0,5,2
2024991438329,2024,991438329,244203,640806,-4.47658,55.63577,3,3,2,07:10,-1,S12000008,4,0,1,0,1,4,5,1,0,0,0,1,0,0,0,1,0,4,29
2024991438412,2024,991438412,308698,670947,-3.46261,55.9229,3,3,5,13:30,-1,S12000040,1,0,1,0,2,"[19, 12]","[2, 6]","[6, 2]","[7, 0]","[0, 5, 4]","[0, 6]",1,0,0,1,0,0,5,2
2024991438417,2024,991438417,181310,761753,-5.57334,56.69615,2,2,5,14:25,-1,S12000017,3,0,1,0,2,19,7,3,10,0,0,0,0,1,0,0,0,5,2
2024991438437,2024,991438437,244629,638588,-4.46857,55.616,3,3,5,15:30,-1,S12000008,3,0,1,0,2,19,5,1,0,0,0,1,0,0,0,1,0,5,2
2024991438442,2024,991438442,345898,677021,-2.86865,55.9831,3,3,5,15:30,-1,S12000010,4,0,1,0,2,"[7, 19]","[5, 2]",7,0,0,0,1,0,0,0,0,0,4,25
2024991438446,2024,991438446,263671,664780,-4.17955,55.85688,3,3,5,14:15,-1,S12000049,6,0,1,0,1,"[2, 4]","[0, 5]","[0, 2]",0,0,0,1,0,0,0,0,0,5,2
2024991438490,2024,991438490,263048,867644,-4.2982,57.67774,2,2,5,16:00,-1,S12000017,3,0,1,0,2,"[9, 19, 10]","[2, 6, 8]","[8, 2, 6]",0,0,0,1,0,0,1,0,0,5,2
2024991438498,2024,991438498,314590,737392,-3.3898,56.52078,2,2,4,14:31,-1,S12000048,6,0,1,1,2,19,"[7, 3]","[3, 7]",0,0,0,0,0,0,1,0,0,5,1
2024991438500,2024,991438500,328684,667822,-3.14205,55.89821,3,3,5,18:00,-1,S12000036,6,0,1,0,1,19,5,1,0,0,0,1,0,0,0,0,1,5,2
2024991438513,2024,991438513,258637,666972,-4.26104,55.87511,3,3,5,13:30,-1,S12000049,6,0,1,0,1,"[1, 4, 2]","[1, 0]","[5, 6, 0]",0,0,0,1,1,0,0,0,0,5,2
2024991438524,2024,991438524,295053,825175,-3.74356,57.30505,2,2,1,15:00,-1,S12000017,3,0,1,0,2,"[13, 19]","[2, 6]","[6, 2]",0,"[7, 0]","[11, 0]",1,0,0,0,0,0,4,28
2024991438527,2024,991438527,321097,697326,-3.27203,56.16205,3,3,2,19:41,-1,S12000047,4,0,1,0,2,"[2, 19]",3,7,0,0,0,1,0,0,0,0,0,4,29
2024991438660,2024,991438660,291930,665333,-3.72857,55.86901,3,3,6,07:25,-1,S12000040,1,0,1,0,2,19,7,3,0,0,0,1,0,0,0,0,0,5,3
2024991438735,2024,991438735,287787,684989,-3.80293,56.04458,2,2,6,10:30,-1,S12000014,1,0,1,0,2,"[19, 11]",3,7,0,0,0,1,0,1,0,0,0,5,3
2024991438739,2024,991438739,292408,665398,-3.72096,55.8697,3,3,6,07:30,-1,S12000040,1,0,1,0,2,19,3,7,0,0,0,1,0,0,0,0,0,5,3
2024991438756,2024,991438756,224590,642744,-4.789,55.64648,2,2,6,08:50,-1,S12000021,6,0,1,0,1,1,1,5,0,0,0,1,0,0,0,0,1,5,3
2024991438821,2024,991438821,252056,689388,-4.37846,56.07436,2,2,6,10:00,-1,S12000030,3,0,1,0,2,"[19, 5]","[8, 4]","[4, 8]",0,0,0,1,0,0,0,0,0,5,3
2024991438927,2024,991438927,393295,805695,-2.11243,57.1421,2,2,6,21:30,-1,S12000033,3,2,1,0,1,"[19, 6]",6,"[2, 6]",0,0,0,1,0,1,0,0,0,5,3
2024991438935,2024,991438935,251267,661113,-4.37552,55.82029,3,3,6,16:50,-1,S12000049,3,0,2,1,2,19,8,4,0,4,4,1,0,0,0,0,0,5,3
2024991438961,2024,991438961,255290,658453,-4.30995,55.79763,3,3,6,23:33,-1,S12000011,3,2,1,0,1,"[9, 19]","[7, 3]","[5, 7]",0,"[7, 0]",0,1,0,0,0,0,0,5,3
2024991438971,2024,991438971,441304,1162541,-1.25352,60.3448,2,2,7,01:07,-1,S12000027,3,2,1,0,2,19,2,5,0,7,0,1,0,0,0,0,0,5,4
2024991438982,2024,991438982,206113,560793,-5.02568,54.90412,3,3,6,14:50,-1,S12000006,6,0,1,0,1,"[2, 20]",5,1,0,"[0, 7]","[0, 11]",1,0,0,0,0,1,5,3
2024991438983,2024,991438983,376236,821956,-2.39587,57.2876,3,3,5,13:15,-1,S12000034,6,0,1,0,1,10,7,4,0,0,0,1,0,0,0,0,1,5,2
2024991439006,2024,991439006,363494,765403,-2.59901,56.77876,3,3,5,08:30,-1,S12000041,3,0,1,0,2,19,6,2,0,0,0,1,0,0,1,0,0,5,2
2024991439009,2024,991439009,291025,679479,-3.74874,55.99584,3,3,7,08:30,-1,S12000014,6,0,2,1,1,19,"[6, 3]","[1, 7]",0,0,0,1,0,0,0,0,0,5,4
2024991439020,2024,991439020,323099,690703,-3.23789,56.10288,3,3,7,08:30,-1,S12000047,4,0,2,1,2,19,7,3,0,7,4,1,0,0,0,0,0,5,4
2024991439024,2024,991439024,265724,665321,-4.14704,55.86231,3,3,4,16:56,-1,S12000049,6,0,1,0,1,"[9, 19]","[3, 7]","[1, 3]",0,0,0,1,0,0,0,0,0,5,1
2024991439049,2024,991439049,231671,640632,-4.67532,55.63003,2,2,2,19:05,-1,S12000021,3,2,2,1,2,"[19, 2]","[5, 0]","[1, 0]",0,0,0,1,0,0,0,0,1,4,1
2024991439073,2024,991439073,274676,656177,-3.99989,55.78261,3,3,6,07:50,-1,S12000050,4,0,1,0,1,4,7,3,0,0,0,1,0,0,0,0,0,4,26
2024991439085,2024,991439085,255531,665650,-4.30994,55.86232,2,2,7,10:41,-1,S12000049,6,0,1,1,1,4,8,4,0,0,0,0,0,1,0,0,0,5,4
2024991439089,2024,991439089,325231,674412,-3.19908,55.95689,3,3,4,21:50,-1,S12000036,6,2,1,0,1,"[9, 19]","[1, 5]","[7, 1]",0,0,0,1,0,0,0,0,0,5,1
2024991439094,2024,991439094,259343,665773,-4.24915,55.86455,2,2,5,18:30,-1,S12000049,6,0,9,0,1,7,5,7,0,0,0,0,0,1,0,0,1,5,2
2024991439102,2024,991439102,318621,674954,-3.30508,55.96068,3,3,1,17:40,-1,S12000036,3,0,1,0,1,9,6,3,0,0,0,1,0,0,0,0,0,4,28
2024991439108,2024,991439108,251837,667348,-4.36984,55.87644,3,3,6,21:25,-1,S12000038,6,2,1,0,1,19,6,1,0,0,0,1,0,0,0,0,0,5,3
2024991439113,2024,991439113,249885,658695,-4.39622,55.79815,3,3,7,11:29,-1,S12000011,6,0,1,0,1,13,6,3,0,0,0,0,0,1,0,0,0,5,4
2024991439121,2024,991439121,310226,671353,-3.4383,55.92684,3,3,5,15:15,-1,S12000040,1,0,1,0,2,19,3,7,0,0,0,1,0,0,0,0,0,4,25
2024991439172,2024,991439172,441603,1143221,-1.25207,60.17132,3,3,7,17:05,-1,S12000027,4,0,1,0,2,19,5,1,0,1,0,1,0,0,0,0,0,5,4
2024991439182,2024,991439182,355492,685270,-2.71628,56.0582,2,2,7,15:30,-1,S12000010,4,0,1,0,1,9,5,3,0,0,0,1,0,0,0,0,1,5,4
2024991439191,2024,991439191,274386,645653,-3.99967,55.68804,3,3,7,16:20,-1,S12000029,3,0,1,0,1,4,2,6,0,0,0,1,0,0,0,0,1,5,4
2024991439203,2024,991439203,288842,659110,-3.77534,55.81242,2,2,6,13:22,-1,S12000050,4,0,1,0,1,19,3,7,0,0,0,1,0,0,0,0,1,5,3
2024991439212,2024,991439212,288919,679667,-3.78256,55.99705,3,3,3,08:30,-1,S12000014,4,0,1,0,1,19,"[7, 3]","[3, 7]",0,0,0,1,0,0,1,0,0,4,30
2024991439215,2024,991439215,311940,702189,-3.42104,56.20412,3,3,6,18:55,-1,S12000048,4,2,1,0,1,1,1,5,0,0,0,1,0,0,0,0,1,2,2
2024991439223,2024,991439223,255769,666434,-4.30656,55.86943,2,2,7,20:20,-1,S12000049,4,0,1,0,1,19,7,3,0,0,0,1,0,0,0,0,1,5,4
2024991439251,2024,991439251,324203,670217,-3.21436,55.91904,2,2,7,21:51,-1,S12000036,6,2,1,0,1,"[2, 19]","[0, 7]","[0, 2]","[0, 4]","[1, 0]","[11, 0]",1,0,0,0,0,0,5,4
2024991439256,2024,991439256,262524,665543,-4.19824,55.8634,3,3,7,22:11,-1,S12000049,3,2,1,0,1,9,1,6,0,0,0,1,1,0,0,0,0,5,4
2024991439274,2024,991439274,327886,700786,-3.16369,56.1942,1,1,7,19:50,-1,S12000047,6,2,1,0,1,19,4,8,0,7,0,1,0,0,0,0,0,5,4
2024991439276,2024,991439276,369488,634439,-2.48582,55.6026,2,2,1,00:10,-1,S12000026,4,2,1,0,2,19,2,7,0,1,0,1,0,0,0,0,0,5,5
2024991439279,2024,991439279,330522,671487,-3.1136,55.93141,2,2,7,22:35,-1,S12000036,3,2,1,0,2,"[13, 19]","[5, 1]","[1, 5]",0,0,0,1,0,1,0,0,0,5,4
2024991439323,2024,991439323,338540,753340,-3.00441,56.66778,2,2,1,09:05,-1,S12000041,3,0,1,0,1,19,"[1, 7]","[5, 3]",0,0,0,0,0,0,0,1,0,5,5