collision_index,collision_year,collision_ref_no,location_easting_osgr,location_northing_osgr,longitude,latitude,casualty_severity,casualty_severity,day_of_week,time,local_authority_district,local_authority_ons_district,first_road_class,light_conditions,weather_conditions,road_surface_conditions,urban_or_rural_area,vehicle_manoeuvre,vehicle_direction_from,vehicle_direction_to,hit_object_in_carriageway,vehicle_leaving_carriageway,hit_object_off_carriageway,is_car,is_cyle,is_mcyle,is_goodsv,is_other,is_pedestrian,month,day
2024991439345,2024,991439345,309040,690753,-3.46386,56.10086,2,2,1,07:15,-1,S12000047,3,0,1,1,2,19,1,6,0,7,0,1,0,0,0,0,0,5,5
2024991439386,2024,991439386,247389,687177,-4.4521,56.05304,2,"[3, 2]",1,15:23,-1,S12000030,3,0,1,0,2,"[3, 9, 19]","[1, 2, 5]","[1, 7]",0,0,0,1,0,0,0,0,0,5,5
2024991439398,2024,991439398,317434,684886,-3.32714,56.04969,3,3,1,16:25,-1,S12000047,3,0,1,0,2,19,3,7,0,0,0,0,0,1,0,0,0,5,5
2024991439441,2024,991439441,258761,665473,-4.25828,55.86168,3,3,1,18:05,-1,S12000049,6,0,1,0,1,19,"[3, 5]","[7, 1]",0,0,0,1,0,0,0,0,0,5,5
2024991439450,2024,991439450,255569,729676,-4.34408,56.43709,1,"[1, 2]",1,17:34,-1,S12000030,3,0,1,0,2,19,"[5, 8]","[8, 4]",0,"[0, 7]",0,1,0,1,0,0,0,5,5
2024991439570,2024,991439570,303008,859351,-3.62515,57.61368,2,2,2,09:40,-1,S12000020,6,0,1,0,2,"[7, 19]","[6, 4]",8,0,0,0,1,1,0,0,0,0,5,6
2024991439607,2024,991439607,231230,736107,-4.74252,56.48672,3,3,7,11:50,-1,S12000035,3,0,1,0,2,13,4,8,0,0,0,0,0,1,0,0,0,5,4
2024991439608,2024,991439608,252375,663892,-4.35936,55.84558,3,3,6,16:50,-1,S12000049,3,0,2,1,1,19,3,1,0,0,0,1,0,0,0,0,0,5,3
2024991439617,2024,991439617,328857,669115,-3.13962,55.90986,3,3,2,11:23,-1,S12000036,3,0,2,1,1,19,"[4, 8]","[8, 4]",0,"[0, 1]","[0, 5]",1,0,0,1,0,1,5,6
2024991439631,2024,991439631,318887,685227,-3.30393,56.053,3,3,7,13:40,-1,S12000047,6,0,1,0,2,"[9, 19]","[7, 2]","[5, 7]",0,0,0,1,1,0,0,0,0,5,4
2024991439662,2024,991439662,336403,731572,-3.03392,56.47196,2,2,2,17:40,-1,S12000042,6,0,1,0,1,4,3,7,0,0,0,1,0,0,0,0,1,5,6
2024991439678,2024,991439678,293643,649619,-3.69506,55.72826,3,3,2,20:55,-1,S12000029,6,0,1,0,2,19,2,6,0,7,0,0,0,1,0,0,0,5,6
2024991439699,2024,991439699,275760,852004,-4.07717,57.54104,3,3,6,11:35,-1,S12000017,4,0,1,0,2,"[4, 9]","[2, 6]","[6, 2]",0,0,0,1,0,0,0,0,0,4,26
2024991439703,2024,991439703,281466,827058,-3.96984,57.31863,1,1,2,21:25,-1,S12000017,3,0,1,1,2,19,"[4, 8]","[1, 4]",0,0,0,1,0,0,1,0,0,5,6
2024991439720,2024,991439720,181605,874139,-5.66719,57.70383,3,3,2,12:32,-1,S12000017,3,0,1,0,2,19,"[8, 3]","[4, 8]",0,0,0,1,0,0,0,0,0,5,6
2024991439777,2024,991439777,345976,732246,-2.87869,56.47921,3,3,3,08:20,-1,S12000042,3,0,1,0,1,12,3,7,0,0,0,0,0,1,0,0,0,5,7
2024991439800,2024,991439800,251361,664006,-4.3756,55.84629,3,3,2,13:20,-1,S12000038,6,0,1,0,1,"[19, 10]","[7, 1]","[3, 7]",0,"[0, 1]","[0, 11]",1,0,0,0,0,0,5,6
2024991439860,2024,991439860,318822,693024,-3.30734,56.12302,2,2,1,20:30,-1,S12000047,6,0,1,1,1,"[19, 5]","[2, 4]","[6, 2]",0,"[7, 0]","[11, 0]",1,0,0,0,0,0,4,28
2024991439916,2024,991439916,208696,563324,-4.98714,54.92783,2,"[3, 2]",7,11:30,-1,S12000006,3,0,1,0,2,"[19, 4, 9]","[1, 4, 5]","[5, 1, 3]",0,0,0,1,0,0,0,1,0,5,4
2024991439948,2024,991439948,261084,665688,-4.22131,55.86429,3,3,7,14:45,-1,S12000049,6,0,9,0,1,9,3,1,0,0,0,1,0,0,0,0,1,4,20
2024991440015,2024,991440015,303616,668945,-3.54319,55.90393,2,2,3,15:39,-1,S12000040,6,0,1,0,1,"[5, 19]","[2, 5]","[6, 8]",0,0,0,1,1,0,0,0,0,5,7
2024991440018,2024,991440018,265520,654752,-4.14507,55.76736,3,3,3,16:48,-1,S12000029,6,0,1,0,1,"[4, 19]","[5, 6]","[1, 2]",0,0,0,1,0,1,0,0,0,5,7
2024991440048,2024,991440048,306617,677339,-3.49812,55.97992,3,3,3,14:56,-1,S12000040,1,0,1,0,2,"[19, 12]",3,7,0,"[1, 0]","[7, 0]",1,0,0,0,0,0,5,7
2024991440067,2024,991440067,337410,711461,-3.01277,56.29145,3,3,3,17:30,-1,S12000047,3,0,1,0,2,19,8,4,0,2,11,1,0,0,0,0,0,5,7
2024991440072,2024,991440072,313887,685281,-3.3842,56.05261,3,3,1,11:15,-1,S12000047,4,0,1,1,2,9,5,1,0,7,0,0,0,1,0,0,0,5,5
2024991440098,2024,991440098,234104,622200,-4.62566,55.46543,2,2,6,14:45,-1,S12000028,6,0,1,0,1,"[2, 19]","[0, 2]","[0, 6]","[0, 4]",0,0,1,0,1,0,0,0,5,3
2024991440117,2024,991440117,319241,674931,-3.29515,55.96058,2,2,4,01:00,-1,S12000036,3,2,1,0,1,19,7,3,0,0,0,1,1,0,0,0,0,5,8
2024991440140,2024,991440140,163638,823875,-5.91936,57.24432,3,3,1,11:00,-1,S12000017,3,0,1,0,2,19,8,3,0,0,0,1,0,0,0,0,1,5,5
2024991440289,2024,991440289,338489,731407,-3.00002,56.47076,3,3,4,07:54,-1,S12000042,6,0,1,0,1,19,3,6,0,0,0,1,0,0,0,0,1,5,8
2024991440291,2024,991440291,342003,737868,-2.94444,56.52924,3,3,4,09:41,-1,S12000041,3,0,1,0,2,19,"[1, 3]","[5, 7]",0,"[5, 0]","[6, 0]",1,0,0,0,0,0,5,8
2024991440306,2024,991440306,369497,795708,-2.50444,57.05142,2,2,3,13:25,-1,S12000034,3,0,1,0,1,1,3,3,0,0,0,1,0,0,0,0,1,5,7
2024991440312,2024,991440312,273516,665495,-4.02271,55.86598,3,3,4,08:05,-1,S12000050,4,0,1,0,1,5,1,5,0,0,0,1,0,0,0,0,1,5,8
2024991440347,2024,991440347,234118,638061,-4.63495,55.6078,3,3,4,12:00,-1,S12000021,4,0,1,0,1,19,8,4,0,0,0,1,0,0,0,0,1,5,8
2024991440389,2024,991440389,211998,882278,-5.16442,57.79056,2,2,4,10:45,-1,S12000017,3,0,1,0,2,19,5,1,0,0,0,0,0,1,0,0,0,5,8
2024991440390,2024,991440390,253859,661336,-4.33431,55.82308,3,3,4,13:00,-1,S12000049,4,0,1,0,1,"[19, 3]",7,3,0,0,0,1,0,0,0,0,0,5,8
2024991440473,2024,991440473,249719,662268,-4.40084,55.83018,2,2,4,17:55,-1,S12000038,6,0,1,0,1,19,8,4,0,0,0,1,0,0,0,0,1,5,8
2024991440716,2024,991440716,326001,673499,-3.1865,55.9488,3,3,7,23:15,-1,S12000036,6,2,1,0,1,19,"[3, 1]","[7, 5]",0,0,0,1,0,0,0,0,0,5,4
2024991440717,2024,991440717,306446,688749,-3.50484,56.08236,3,3,7,16:20,-1,S12000047,3,0,1,0,2,"[5, 19]","[5, 7]",3,0,0,0,1,0,0,0,0,0,5,4
2024991440763,2024,991440763,322500,695209,-3.24883,56.14326,3,3,5,10:03,-1,S12000047,4,0,1,0,1,"[19, 4]","[3, 0]","[7, 3]",0,0,0,1,0,0,0,0,0,5,9
2024991440805,2024,991440805,259278,663015,-4.24875,55.83977,3,3,4,17:48,-1,S12000049,1,0,1,0,1,19,"[7, 2]","[4, 6]",0,0,0,1,0,0,0,0,0,5,8
2024991440866,2024,991440866,326636,701700,-3.18408,56.20222,2,"[3, 2]",4,14:00,-1,S12000047,3,0,1,0,1,"[19, 9]",8,"[4, 6]",0,0,0,1,0,0,0,0,0,5,8
2024991440880,2024,991440880,326236,674700,-3.18307,55.95963,3,3,7,09:15,-1,S12000036,3,0,1,0,1,7,8,2,0,0,0,1,1,0,0,0,0,4,27
2024991440903,2024,991440903,174219,654863,-5.59786,55.73438,1,1,5,12:00,-1,S12000035,3,0,1,0,2,13,2,6,0,7,7,0,0,1,0,0,0,5,9
2024991440915,2024,991440915,322753,669337,-3.2373,55.91091,3,3,5,15:52,-1,S12000036,6,0,1,0,1,19,1,5,0,0,0,1,0,0,0,0,1,5,9
2024991440952,2024,991440952,339083,730599,-2.9902,56.46358,3,3,5,16:23,-1,S12000042,3,0,1,0,1,19,"[7, 3]","[3, 7]",0,0,0,1,0,0,0,0,0,5,9
2024991440995,2024,991440995,294569,665424,-3.68645,55.87041,3,3,6,15:14,-1,S12000040,1,0,2,1,1,19,3,7,0,0,0,1,0,0,0,0,0,5,3
2024991441044,2024,991441044,389102,816460,-2.18219,57.23872,1,"[1, 3]",5,07:52,-1,S12000034,3,0,1,1,2,19,"[1, 5]","[5, 1]",0,"[1, 7]",9,1,0,0,0,0,0,5,9
2024991441058,2024,991441058,262768,707937,-4.21608,56.24408,1,1,5,10:55,-1,S12000030,3,0,1,0,1,19,4,8,0,0,0,0,0,0,1,0,1,5,9
2024991441059,2024,991441059,247329,664646,-4.4403,55.85077,3,3,5,10:35,-1,S12000038,6,0,1,0,1,"[19, 2]","[7, 3]",3,0,0,0,1,0,0,0,0,0,5,9
2024991441066,2024,991441066,327535,690220,-3.16646,56.09924,3,3,6,08:33,-1,S12000047,4,0,1,0,1,5,8,4,0,3,0,1,0,0,0,0,1,5,10
2024991441190,2024,991441190,329242,668521,-3.13331,55.90458,2,2,6,12:33,-1,S12000036,6,0,1,0,1,4,6,2,0,0,0,1,0,0,0,0,1,5,10
2024991441204,2024,991441204,320355,672548,-3.2766,55.93936,3,3,6,10:50,-1,S12000036,6,0,1,0,1,"[9, 19]","[7, 3]","[4, 7]",0,0,0,1,1,0,0,0,0,5,10
2024991441251,2024,991441251,266124,846029,-4.23473,57.48466,2,2,6,13:00,-1,S12000017,6,0,1,0,1,9,5,4,0,0,0,1,0,0,0,0,1,5,10
2024991441258,2024,991441258,323557,862447,-3.28229,57.64543,2,2,6,08:37,-1,S12000020,3,0,1,0,1,19,4,7,0,0,0,1,0,0,0,0,1,5,10
2024991441277,2024,991441277,264529,653451,-4.16021,55.7554,2,"[3, 2]",5,20:21,-1,S12000029,3,0,1,0,1,"[19, 12]",3,"[8, 7]",0,"[0, 1]","[0, 2]",1,0,1,0,0,0,5,9
2024991441324,2024,991441324,276464,665086,-3.97545,55.86307,3,3,6,17:25,-1,S12000050,6,0,1,0,1,19,8,5,0,0,0,1,0,0,0,0,1,5,10
2024991441336,2024,991441336,311083,702658,-3.43501,56.20817,3,3,5,16:45,-1,S12000048,3,0,1,0,1,"[4, 19]",1,5,0,0,0,1,0,0,0,0,0,5,9
2024991441458,2024,991441458,325289,675032,-3.19832,55.96247,3,3,7,06:20,-1,S12000036,4,0,1,0,1,9,8,5,0,7,0,1,0,0,0,0,0,5,11
2024991441497,2024,991441497,254690,655656,-4.31802,55.77234,3,3,7,08:50,-1,S12000011,6,0,1,0,1,"[9, 19]","[2, 6]","[8, 2]",0,0,0,1,0,0,0,0,0,5,11
2024991441535,2024,991441535,253459,669628,-4.34517,55.8974,3,3,7,10:20,-1,S12000049,6,0,1,0,1,5,"[1, 8]",6,0,0,0,1,0,0,0,0,0,5,11
2024991441611,2024,991441611,217875,679839,-4.9204,55.97688,2,2,7,13:39,-1,S12000035,3,0,1,0,1,19,8,3,0,7,11,1,0,0,0,0,0,5,11
2024991441671,2024,991441671,276673,906372,-4.08996,58.02931,2,2,7,18:54,-1,S12000017,6,0,1,0,2,7,4,6,0,7,4,0,0,0,0,1,0,5,11
2024991441696,2024,991441696,231439,643292,-4.68064,55.65383,2,2,7,19:00,-1,S12000021,6,0,1,0,1,"[2, 19]","[0, 5]","[0, 1]","[0, 4]","[1, 0]",0,1,0,0,0,0,0,5,11
2024991441711,2024,991441711,271193,844609,-4.1495,57.47339,2,"[3, 2]",1,12:25,-1,S12000017,6,0,1,0,1,"[19, 9]","[6, 2]","[2, 6, 8]",0,0,0,1,0,0,0,0,0,2,18
2024991441780,2024,991441780,259089,669059,-4.25491,55.89397,3,3,1,08:00,-1,S12000049,6,0,1,0,1,"[2, 19]","[0, 3]","[0, 7]","[0, 4]",0,0,1,0,0,0,0,0,5,12
2024991441782,2024,991441782,280637,878420,-4.00883,57.77949,2,2,1,09:45,-1,S12000017,4,0,1,0,2,19,"[3, 8]","[8, 3]",0,0,0,1,0,1,0,0,0,5,12
2024991441821,2024,991441821,233770,622236,-4.63096,55.46564,3,3,7,22:34,-1,S12000028,3,2,1,0,1,"[9, 4]","[8, 6]","[6, 2]",0,0,0,1,0,0,0,0,0,5,11
2024991441828,2024,991441828,333988,667161,-3.05708,55.89303,2,2,7,18:17,-1,S12000019,6,0,1,0,1,19,6,2,0,0,0,1,0,0,0,0,1,5,11
2024991441928,2024,991441928,271065,645123,-4.05221,55.68241,2,2,1,13:30,-1,S12000029,6,0,1,0,1,2,8,3,0,0,0,1,0,0,0,0,0,5,12
2024991441944,2024,991441944,278334,662542,-3.94445,55.8407,2,2,7,23:30,-1,S12000050,6,2,1,0,1,"[9, 19]","[1, 5]","[6, 1]",0,0,0,1,0,0,0,0,0,5,11
2024991441950,2024,991441950,320914,686967,-3.2719,56.06897,2,2,1,15:25,-1,S12000047,3,0,1,0,2,19,4,8,0,1,0,0,0,1,0,0,0,5,12
2024991441965,2024,991441965,392211,805274,-2.13033,57.1383,3,3,4,16:30,-1,S12000033,6,0,1,0,1,"[19, 9]","[2, 8]","[7, 5]",0,0,0,1,1,0,0,0,0,3,20
2024991441971,2024,991441971,268374,792523,-4.16883,57.00503,2,2,1,18:14,-1,S12000017,3,0,1,0,2,19,5,1,12,0,0,1,0,0,0,0,0,5,12
2024991442054,2024,991442054,249081,672898,-4.41694,55.9254,3,3,2,09:20,-1,S12000039,6,0,1,0,1,7,1,4,0,0,0,1,0,0,0,0,0,5,13
2024991442104,2024,991442104,297739,669415,-3.63732,55.90694,3,3,2,08:15,-1,S12000040,4,0,1,0,2,19,"[6, 1]","[1, 5]",0,0,0,1,0,0,0,0,0,5,13
2024991442130,2024,991442130,333519,839507,-3.10916,57.441,3,3,3,13:15,-1,S12000020,3,0,1,0,2,4,5,1,6,3,10,1,0,0,0,0,0,3,5
2024991442276,2024,991442276,280062,642535,-3.90808,55.66147,3,3,2,13:27,-1,S12000029,4,0,1,0,2,"[19, 9]","[5, 7]","[8, 5]",0,0,0,1,0,0,0,0,0,5,13
2024991442327,2024,991442327,272242,694728,-4.05696,56.12813,2,"[3, 2]",2,14:50,-1,S12000030,3,0,1,0,2,"[19, 7]","[8, 4]","[4, 8, 1]",0,"[0, 1]",0,1,0,0,1,0,0,5,13
2024991442380,2024,991442380,258224,662550,-4.26533,55.83528,2,2,2,16:37,-1,S12000049,6,0,1,0,1,19,5,1,0,0,0,1,0,0,0,0,1,5,13
2024991442381,2024,991442381,260599,663914,-4.22814,55.84822,3,3,1,14:50,-1,S12000049,3,0,1,0,1,"[7, 5]","[4, 2]","[7, 6]",0,0,0,1,1,0,0,0,0,5,5
2024991442396,2024,991442396,337569,667179,-2.99984,55.89367,3,3,6,15:20,-1,S12000019,3,0,1,1,2,"[19, 5]","[1, 3]","[6, 1]",0,0,0,1,0,0,0,0,0,3,1
2024991442398,2024,991442398,442592,1150363,-1.23275,60.23534,3,3,6,16:15,-1,S12000027,3,0,1,0,2,"[10, 19]","[8, 2, 6]","[5, 2]","[0, 2]","[0, 1]","[0, 1, 9]",1,0,0,1,0,0,5,10
2024991442411,2024,991442411,262595,613033,-4.17088,55.39195,2,2,2,20:00,-1,S12000008,6,0,2,1,2,19,4,8,0,0,0,0,1,0,0,0,0,5,13
2024991442419,2024,991442419,253097,659985,-4.34573,55.81072,3,3,2,23:35,-1,S12000049,6,2,2,1,1,19,"[2, 6]","[6, 2]",0,0,0,1,0,0,0,0,0,5,13
2024991442439,2024,991442439,323861,676975,-3.22174,55.97969,2,2,2,21:55,-1,S12000036,6,2,1,0,1,19,3,7,0,0,0,0,0,1,0,0,0,5,13
2024991442444,2024,991442444,295839,618742,-3.64844,55.45142,2,2,3,05:10,-1,S12000029,2,2,2,1,2,19,5,1,0,1,11,1,0,0,0,0,0,5,14
2024991442472,2024,991442472,214974,757188,-5.02119,56.66974,2,2,6,12:40,-1,S12000017,3,0,1,0,2,"[19, 13]","[7, 3]","[3, 7]",0,"[1, 0]",0,1,0,0,0,0,0,2,16
2024991442487,2024,991442487,400585,834778,-1.99191,57.4034,2,"[2, 3]",7,13:30,-1,S12000034,3,0,1,0,2,"[9, 19]","[8, 6]","[6, 8]",0,0,0,1,0,0,0,0,0,5,4
2024991442492,2024,991442492,331063,666464,-3.10366,55.88636,3,3,3,08:15,-1,S12000019,3,0,1,0,2,"[19, 6]",2,6,0,0,0,1,0,1,0,0,0,5,14
2024991442577,2024,991442577,287621,824088,-3.86635,57.29352,2,2,6,09:45,-1,S12000017,3,0,1,0,2,"[19, 9]","[1, 5]","[5, 1]",0,0,0,1,0,0,0,0,0,5,3
2024991442599,2024,991442599,317784,649564,-3.31078,55.73247,3,3,2,14:10,-1,S12000026,3,0,1,0,2,"[15, 19]",6,2,0,0,0,1,1,0,0,0,0,5,13
2024991442622,2024,991442622,309368,672232,-3.45233,55.93457,3,3,6,16:02,-1,S12000040,6,0,1,0,1,"[5, 19]",1,3,0,0,0,1,0,0,0,0,0,5,3
2024991442643,2024,991442643,316576,690607,-3.3427,56.10093,3,3,3,10:30,-1,S12000047,3,0,1,0,2,"[19, 4]",3,7,0,0,0,1,0,0,0,0,0,5,14
2024991442712,2024,991442712,251594,840500,-4.47349,57.43052,3,3,3,08:50,-1,S12000017,3,0,1,0,2,"[19, 9]",1,"[5, 4]",0,"[0, 1]","[0, 9]",1,0,0,0,0,0,5,14
2024991442717,2024,991442717,264248,665309,-4.1706,55.86179,2,"[3, 2]",3,08:40,-1,S12000049,6,0,1,1,1,"[7, 19]","[7, 3, 5]","[1, 7]",0,0,0,1,0,0,0,0,0,5,14
2024991442752,2024,991442752,327147,691168,-3.17296,56.1077,2,2,3,13:45,-1,S12000047,4,0,2,1,1,"[2, 19]","[4, 8]","[8, 4]",0,0,0,1,0,0,0,0,0,5,14
2024991442759,2024,991442759,308795,860487,-3.52876,57.62509,2,2,7,13:45,-1,S12000020,3,0,1,0,2,"[19, 4]",7,3,0,0,0,1,0,1,0,0,0,5,4
2024991442889,2024,991442889,254522,667280,-4.32692,55.87665,3,3,3,15:00,-1,S12000049,3,2,2,1,1,19,"[3, 6]","[7, 3]",0,0,0,1,0,0,0,0,0,5,14
2024991442890,2024,991442890,264857,664132,-4.16029,55.85139,3,3,3,15:30,-1,S12000049,3,0,1,0,1,7,3,5,0,0,0,1,0,0,0,0,1,5,14
2024991442901,2024,991442901,237636,623645,-4.5707,55.47958,3,3,3,18:40,-1,S12000028,4,0,2,1,2,19,3,7,0,0,0,1,0,0,0,0,0,5,14
2024991442911,2024,991442911,279780,655588,-3.9183,55.77862,3,3,3,15:53,-1,S12000050,6,0,2,1,1,19,3,6,0,0,0,1,0,0,0,0,1,5,14
2024991442921,2024,991442921,256379,664824,-4.29596,55.85515,2,2,3,17:38,-1,S12000049,6,0,1,0,1,19,3,7,0,0,0,0,0,0,1,0,1,5,14
2024991442937,2024,991442937,234719,624482,-4.61731,55.48612,3,3,3,20:10,-1,S12000028,3,2,1,0,1,19,1,5,0,1,3,1,0,0,0,0,0,5,14
2024991442939,2024,991442939,181944,707483,-5.51769,56.20981,2,2,3,14:35,-1,S12000035,3,0,1,0,2,19,8,4,0,1,0,1,0,0,0,0,0,5,14
2024991442957,2024,991442957,268402,661927,-4.10264,55.83257,3,3,3,23:20,-1,S12000029,1,2,1,1,2,19,3,8,2,0,0,1,0,0,0,0,0,5,14
2024991442964,2024,991442964,259393,665815,-4.24837,55.86494,3,3,3,22:50,-1,S12000049,6,2,2,1,1,7,1,3,7,0,0,1,0,0,0,0,0,5,14
2024991442975,2024,991442975,291153,662839,-3.73998,55.84644,3,3,4,02:52,-1,S12000040,6,2,7,0,2,19,4,2,0,1,1,1,0,0,0,0,0,5,15
2024991442984,2024,991442984,278935,703040,-3.95314,56.20451,3,3,3,09:40,-1,S12000030,3,0,2,1,2,"[12, 19]",7,2,0,0,0,1,0,0,0,0,0,5,14
2024991442993,2024,991442993,332150,664949,-3.08591,55.87291,3,3,6,12:00,-1,S12000019,4,0,8,0,2,"[5, 4]",2,6,0,0,0,1,0,0,0,0,0,2,16
2024991443018,2024,991443018,330065,673787,-3.12151,55.952,3,3,4,15:35,-1,S12000036,3,0,1,0,1,"[19, 3]",5,8,0,0,0,1,0,0,0,0,0,5,8
2024991443054,2024,991443054,281687,654569,-3.88747,55.76994,2,"[2, 3]",4,07:25,-1,S12000050,3,0,1,1,2,19,"[6, 2]","[2, 6]",0,"[0, 7]","[0, 4]",1,0,0,0,0,0,5,15
2024991443182,2024,991443182,268025,663939,-4.10963,55.85054,3,3,3,18:30,-1,S12000049,3,0,2,1,1,"[3, 19]",2,"[7, 6]","[0, 4]",0,0,1,0,0,0,0,0,5,14
2024991443243,2024,991443243,276380,674998,-3.98133,55.95206,2,2,4,10:45,-1,S12000050,3,0,1,0,1,"[11, 19]",6,"[1, 2]",0,0,0,1,0,0,1,0,0,5,15
2024991443341,2024,991443341,243722,662913,-4.49686,55.83406,2,2,4,13:30,-1,S12000038,6,0,1,0,1,9,5,3,0,0,0,1,0,0,0,0,1,5,15
2024991443345,2024,991443345,251546,666608,-4.37408,55.8697,3,3,4,13:57,-1,S12000038,6,0,1,0,1,19,1,5,0,1,0,1,0,0,0,0,1,5,15
2024991443418,2024,991443418,220751,784237,-4.94603,56.91467,3,3,4,17:55,-1,S12000017,3,0,1,0,2,"[9, 19]","[5, 1]","[2, 5]",0,"[0, 1]","[0, 9]",1,0,0,0,0,0,5,15
2024991443461,2024,991443461,318570,674996,-3.30591,55.96105,3,3,4,21:46,-1,S12000036,6,2,7,1,1,"[19, 6]",1,"[5, 8]",0,0,0,1,0,1,0,0,0,5,15
2024991443470,2024,991443470,410619,845690,-1.82447,57.5013,3,3,4,17:48,-1,S12000034,6,0,1,0,2,"[19, 10]","[1, 5]","[5, 3]",0,"[0, 4]",0,1,0,0,0,0,0,5,8
2024991443512,2024,991443512,323418,721755,-3.24176,56.38185,2,"[2, 3]",4,09:00,-1,S12000048,5,0,1,0,2,"[9, 19, 2]","[5, 7]","[7, 3]",0,0,0,1,0,0,0,1,0,5,15
2024991443535,2024,991443535,312334,720605,-3.42081,56.3696,2,2,5,02:35,-1,S12000048,1,2,8,0,2,19,5,1,0,1,4,1,0,0,0,0,0,5,16
2024991443563,2024,991443563,252981,667637,-4.35172,55.87938,3,3,4,19:50,-1,S12000049,3,0,1,0,1,"[19, 13]",4,8,0,0,0,1,0,0,0,0,0,5,8
2024991443645,2024,991443645,271535,658196,-4.05089,55.79992,3,3,5,07:22,-1,S12000050,1,0,1,0,1,19,4,8,0,0,0,1,0,0,0,0,0,5,16
2024991443680,2024,991443680,243176,625651,-4.48427,55.4994,3,3,5,09:40,-1,S12000028,4,0,1,0,2,5,5,3,0,1,10,0,0,1,0,0,0,5,16
2024991443681,2024,991443681,320463,675559,-3.27576,55.96642,3,3,5,11:51,-1,S12000036,6,0,1,0,1,3,8,4,0,0,0,0,0,0,1,0,0,5,16
2024991443706,2024,991443706,251861,789050,-4.43841,56.96886,3,3,4,14:38,-1,S12000017,3,0,1,0,2,19,6,2,0,1,9,1,0,0,0,0,0,5,15
2024991443745,2024,991443745,324294,675494,-3.21439,55.96646,3,3,2,17:15,-1,S12000036,6,0,8,0,1,19,"[3, 5]","[7, 1]",0,0,0,1,1,0,0,0,0,5,13
2024991443777,2024,991443777,259032,665763,-4.25411,55.86437,3,3,3,17:00,-1,S12000049,6,0,1,1,1,"[15, 3]",1,5,"[8, 0]",0,0,1,1,0,0,0,0,5,14
2024991443779,2024,991443779,361941,664671,-2.60981,55.87369,3,3,4,21:30,-1,S12000010,4,2,1,1,2,19,3,7,0,7,4,1,0,0,0,0,0,5,15
2024991443787,2024,991443787,311573,688176,-3.4223,56.07819,3,3,6,12:49,-1,S12000047,3,0,1,0,1,4,3,7,0,0,0,1,0,0,0,0,0,5,10
2024991443789,2024,991443789,256680,677112,-4.29768,55.96556,2,"[3, 2]",5,16:07,-1,S12000030,3,0,1,0,2,"[19, 7]","[4, 7]",8,0,0,0,1,0,0,0,0,0,5,16
2024991443815,2024,991443815,359568,797517,-2.66839,57.0669,3,3,5,19:30,-1,S12000034,4,0,1,0,2,19,7,3,0,1,4,1,0,0,0,0,0,5,16
2024991443819,2024,991443819,309975,667581,-3.44106,55.89291,3,3,5,17:06,-1,S12000040,3,0,1,0,2,"[19, 9]","[6, 2, 8]","[2, 6]",0,0,0,1,0,0,0,1,0,5,16
2024991443849,2024,991443849,306906,725050,-3.51023,56.40848,2,2,5,05:00,-1,S12000048,3,0,1,1,2,19,3,7,0,2,10,1,0,0,0,0,0,5,16
2024991443854,2024,991443854,268260,698634,-4.1229,56.16211,3,3,1,11:45,-1,S12000030,6,0,1,0,2,"[9, 7]","[2, 4]","[5, 7]",0,"[0, 1]","[0, 4]",1,1,0,0,0,0,5,12
2024991443857,2024,991443857,278510,881022,-4.04589,57.80227,2,"[2, 3]",7,15:30,-1,S12000017,3,0,1,0,2,"[19, 10]","[8, 4]","[4, 2]",0,"[1, 0]","[11, 0]",1,0,0,0,0,0,5,11
2024991443884,2024,991443884,246171,672401,-4.46318,55.92002,3,3,5,12:35,-1,S12000038,3,0,1,0,2,19,6,2,0,0,0,1,0,0,0,0,0,1,4
2024991444010,2024,991444010,271298,655744,-4.05351,55.77784,2,2,6,07:25,-1,S12000029,3,0,1,0,1,"[7, 5]",7,"[3, 4]",0,0,0,1,1,0,0,0,0,5,17
2024991444081,2024,991444081,240304,640025,-4.538,55.6275,2,"[2, 3]",5,08:00,-1,S12000008,4,0,1,0,2,19,"[6, 2]","[2, 6]",0,"[1, 0]",0,1,0,1,0,0,0,5,16
2024991444088,2024,991444088,198289,732198,-5.27357,56.43871,2,2,6,11:35,-1,S12000035,3,0,1,0,2,19,3,8,0,1,9,0,0,1,0,0,0,5,17
2024991444184,2024,991444184,288542,725366,-3.80781,56.40734,1,1,6,14:10,-1,S12000048,3,0,1,0,2,19,"[1, 5]","[5, 1]",0,1,0,1,0,1,0,0,0,5,17
2024991444229,2024,991444229,283018,653941,-3.866,55.76462,2,2,6,16:30,-1,S12000050,3,0,1,0,2,"[19, 9]","[8, 7]","[4, 5]",0,0,0,1,0,1,0,0,0,5,17
2024991444230,2024,991444230,273547,655697,-4.01766,55.77801,3,3,5,12:55,-1,S12000029,1,0,1,0,2,"[19, 12]","[8, 1]",4,0,0,0,1,0,0,0,0,0,5,16
2024991444235,2024,991444235,256127,658517,-4.29665,55.79846,3,3,6,18:00,-1,S12000011,3,0,1,0,1,"[2, 19]","[0, 6]","[0, 1]",0,0,0,1,1,0,0,0,0,5,17
2024991444238,2024,991444238,257262,657609,-4.27808,55.79064,1,1,6,17:22,-1,S12000011,4,0,1,0,1,19,1,4,0,0,0,1,0,0,0,0,1,5,17
2024991444254,2024,991444254,359071,684495,-2.65869,56.05156,2,2,6,15:30,-1,S12000010,3,0,1,0,2,19,1,4,0,7,0,0,0,1,0,0,0,5,17
2024991444273,2024,991444273,344308,865697,-2.93547,57.67767,3,3,6,20:03,-1,S12000020,6,0,1,0,2,"[9, 19]","[5, 3]","[3, 7]",0,0,0,1,0,1,0,0,0,5,17