collision_index,collision_year,collision_ref_no,location_easting_osgr,location_northing_osgr,longitude,latitude,casualty_severity,casualty_severity,day_of_week,time,local_authority_district,local_authority_ons_district,first_road_class,light_conditions,weather_conditions,road_surface_conditions,urban_or_rural_area,vehicle_manoeuvre,vehicle_direction_from,vehicle_direction_to,hit_object_in_carriageway,vehicle_leaving_carriageway,hit_object_off_carriageway,is_car,is_cyle,is_mcyle,is_goodsv,is_other,is_pedestrian,month,day
2024991458491,2024,991458491,288733,693069,-3.79111,56.11736,2,2,5,15:45,-1,S12000005,3,0,1,0,1,19,"[7, 5]","[3, 1]",0,0,0,1,0,0,0,0,0,6,20
2024991458496,2024,991458496,344239,648382,-2.88934,55.72562,1,1,6,11:35,-1,S12000026,3,0,1,0,2,"[7, 19]","[1, 5]","[5, 1]",0,0,0,0,0,1,1,0,0,6,21
2024991458512,2024,991458512,321816,695265,-3.25985,56.14365,2,2,6,16:10,-1,S12000047,4,0,1,0,1,19,5,1,0,0,0,0,1,0,0,0,0,6,21
2024991458542,2024,991458542,250855,626519,-4.36329,55.5096,2,"[2, 3]",5,07:15,-1,S12000008,4,0,1,1,2,"[12, 19]","[3, 7]","[7, 3]",0,0,0,1,0,0,1,0,0,4,18
2024991458557,2024,991458557,321814,673101,-3.25341,55.94457,3,3,6,14:35,-1,S12000036,3,0,1,0,1,"[19, 10]",3,"[7, 1]",0,0,0,1,0,0,0,0,0,6,21
2024991458562,2024,991458562,324717,673683,-3.20711,55.95026,2,2,6,17:35,-1,S12000036,3,0,1,0,1,9,6,2,0,0,0,1,0,0,0,0,1,6,21
2024991458584,2024,991458584,321472,567410,-3.22898,54.99505,3,3,6,17:25,-1,S12000006,3,0,1,0,2,"[19, 10]","[6, 7]","[1, 5]","[4, 0]","[1, 0]",0,1,0,0,0,0,0,6,21
2024991458592,2024,991458592,319367,669682,-3.29156,55.91345,3,3,3,17:22,-1,S12000036,3,0,1,0,1,"[11, 4]",3,7,0,0,0,1,0,0,0,0,0,6,11
2024991458603,2024,991458603,322451,661778,-3.23997,55.84296,3,3,6,21:20,-1,S12000019,3,2,1,0,2,19,"[2, 6]","[6, 1]",0,"[8, 0]","[6, 0]",1,0,0,1,0,0,6,21
2024991458704,2024,991458704,321500,674808,-3.25894,55.95985,3,3,7,11:25,-1,S12000036,6,0,1,0,1,"[2, 19]","[0, 6]","[0, 2]","[0, 4]",0,0,1,0,0,0,0,0,6,22
2024991458749,2024,991458749,314132,755513,-3.40326,56.68344,2,2,7,13:28,-1,S12000048,3,0,1,0,2,19,1,5,0,1,4,1,0,0,0,0,0,6,22
2024991458762,2024,991458762,254284,659719,-4.32666,55.80869,3,3,2,08:45,-1,S12000049,6,0,1,0,1,19,8,4,0,0,0,1,0,0,0,0,1,6,17
2024991458767,2024,991458767,219523,756395,-4.9465,56.66441,1,1,7,12:24,-1,S12000017,3,0,1,0,2,19,3,8,0,7,9,0,0,1,0,0,0,6,22
2024991458798,2024,991458798,248205,854829,-4.53879,57.55799,2,2,7,13:43,-1,S12000017,3,0,1,0,2,"[9, 19]","[5, 3]","[1, 7]",0,0,0,1,0,0,0,0,0,6,22
2024991458813,2024,991458813,280605,683381,-3.91743,56.0284,2,2,7,16:52,-1,S12000014,6,0,1,0,1,19,4,7,0,0,0,1,0,0,0,0,1,6,22
2024991458825,2024,991458825,291295,818790,-3.8031,57.24684,3,3,6,11:10,-1,S12000017,3,2,1,0,2,"[10, 19]","[2, 6]","[8, 2]","[7, 0]",0,0,1,0,0,0,0,0,6,21
2024991458899,2024,991458899,363621,740941,-2.59346,56.55902,2,"[3, 2]",7,20:42,-1,S12000041,4,0,1,0,1,"[5, 2]","[5, 0]","[1, 0]","[4, 0]",0,0,1,0,0,0,1,0,6,22
2024991458913,2024,991458913,349963,732486,-2.81401,56.48181,2,2,6,10:04,-1,S12000041,6,0,8,0,1,19,"[8, 6]","[4, 2]","[11, 0]",0,0,1,0,0,0,0,0,6,21
2024991458914,2024,991458914,248198,664456,-4.42632,55.84934,2,2,6,21:10,-1,S12000038,6,2,1,1,1,19,5,1,0,0,0,1,0,0,0,0,1,4,12
2024991459034,2024,991459034,235292,695160,-4.65104,56.12068,3,3,1,11:25,-1,S12000035,3,0,1,0,2,"[13, 9]","[4, 5]","[1, 2]",0,0,0,1,0,1,0,0,0,6,23
2024991459036,2024,991459036,258184,662387,-4.26588,55.83381,2,2,7,00:21,-1,S12000049,6,2,1,0,1,5,5,1,0,0,0,1,0,0,0,0,0,6,22
2024991459039,2024,991459039,327829,699250,-3.16419,56.1804,2,2,1,14:10,-1,S12000047,4,0,1,0,1,19,7,3,0,0,0,0,0,1,0,0,0,6,23
2024991459086,2024,991459086,295232,628506,-3.66172,55.53898,3,3,1,16:15,-1,S12000029,3,0,1,0,2,19,2,6,0,7,0,0,0,1,0,0,0,6,23
2024991459090,2024,991459090,228757,796249,-4.82285,57.02547,3,3,1,16:05,-1,S12000017,6,0,1,0,2,19,6,3,0,1,1,0,0,1,0,0,0,6,23
2024991459093,2024,991459093,277032,768784,-4.01487,56.7943,1,"[3, 1, 2]",1,13:34,-1,S12000048,3,0,1,0,2,19,"[4, 8]","[8, 4]",0,"[1, 0]",0,1,0,1,0,0,0,6,23
2024991459097,2024,991459097,314199,688793,-3.38032,56.08421,3,3,1,17:18,-1,S12000047,4,0,1,0,2,"[19, 2]","[7, 0]","[3, 0]","[4, 0]",0,0,1,0,0,0,0,0,6,23
2024991459114,2024,991459114,253639,665972,-4.34032,55.86464,2,2,1,18:06,-1,S12000049,6,0,1,0,1,"[19, 11]",2,5,0,0,0,1,1,0,0,0,0,6,23
2024991459119,2024,991459119,221621,644953,-4.83755,55.66523,2,2,1,16:52,-1,S12000021,3,0,1,0,2,19,8,4,0,0,0,1,1,0,0,0,0,6,23
2024991459120,2024,991459120,246596,649498,-4.44346,55.71456,2,2,1,17:13,-1,S12000008,4,0,1,0,2,19,6,2,0,7,9,0,0,1,0,0,0,6,23
2024991459123,2024,991459123,216042,594180,-4.89258,55.20751,3,3,1,15:50,-1,S12000028,3,0,1,0,2,19,1,6,0,1,11,0,0,1,0,0,0,6,23
2024991459132,2024,991459132,226109,675973,-4.78612,55.94524,2,"[3, 2]",7,23:45,-1,S12000018,6,2,1,0,1,19,"[1, 6]","[6, 2]",0,0,0,1,0,0,0,1,0,6,22
2024991459142,2024,991459142,268777,656031,-4.09381,55.77974,3,3,1,19:30,-1,S12000029,6,0,1,0,1,"[19, 3]",1,5,0,0,0,1,0,0,0,0,0,6,23
2024991459157,2024,991459157,307463,667574,-3.48121,55.89237,3,3,1,20:40,-1,S12000040,4,0,1,0,1,7,5,8,0,0,0,0,0,0,0,1,1,6,23
2024991459175,2024,991459175,258035,666260,-4.27028,55.86854,3,3,1,23:45,-1,S12000049,3,2,1,0,1,19,6,2,0,0,0,1,0,0,0,0,1,6,23
2024991459262,2024,991459262,326158,673041,-3.18386,55.94471,3,3,1,14:39,-1,S12000036,3,0,1,0,1,"[5, 19]",1,5,0,0,0,1,1,0,0,0,0,4,28
2024991459363,2024,991459363,329323,693335,-3.13855,56.12749,3,3,2,09:45,-1,S12000047,3,0,1,0,1,"[19, 2]",1,5,"[4, 0]",0,0,1,0,0,0,0,0,6,24
2024991459391,2024,991459391,308916,725571,-3.47785,56.41355,1,1,3,00:38,-1,S12000048,3,0,1,0,2,19,6,2,0,0,0,0,0,0,1,1,1,5,28
2024991459422,2024,991459422,322194,670808,-3.24667,55.92403,3,3,2,12:15,-1,S12000036,3,0,1,0,1,"[19, 10]",6,"[2, 3]","[0, 4]",0,0,1,0,0,0,0,0,6,24
2024991459472,2024,991459472,202612,762762,-5.22686,56.71468,2,2,2,12:24,-1,S12000017,3,0,2,1,2,19,"[8, 5]","[5, 8]",0,0,0,0,0,1,0,1,0,6,24
2024991459514,2024,991459514,303255,640340,-3.5388,55.64694,2,2,2,16:14,-1,S12000029,4,0,1,0,2,19,"[8, 4]","[4, 8]",0,0,0,1,0,0,1,0,0,3,11
2024991459519,2024,991459519,407861,837807,-1.87073,57.43054,2,"[2, 3]",1,10:13,-1,S12000034,3,0,1,0,2,"[19, 8, 7]","[1, 3, 5]","[5, 1]",0,"[0, 1]",0,1,0,0,0,0,0,6,23
2024991459559,2024,991459559,235173,634683,-4.6162,55.57784,3,3,7,17:51,-1,S12000028,3,0,1,0,2,19,"[2, 6]","[6, 2]",0,"[1, 0]","[3, 0]",1,0,0,1,0,0,6,22
2024991459569,2024,991459569,285561,748690,-3.86636,56.61605,2,2,6,16:30,-1,S12000048,3,0,8,1,2,"[19, 1]","[3, 5]","[7, 1]",0,"[1, 0]",0,1,0,1,0,0,0,6,21
2024991459577,2024,991459577,258421,664436,-4.26317,55.85227,2,2,2,16:30,-1,S12000049,3,0,1,0,1,"[3, 19, 2, 12]","[7, 0]","[3, 0]",0,"[0, 1]",0,1,0,0,0,0,0,6,24
2024991459590,2024,991459590,289870,687597,-3.77058,56.06848,2,2,2,17:40,-1,S12000014,3,0,1,0,2,19,8,4,0,7,10,0,0,0,1,0,0,6,24
2024991459600,2024,991459600,257693,664190,-4.27466,55.84985,3,3,2,17:15,-1,S12000049,6,0,1,0,1,"[9, 13]","[3, 7]","[1, 3]",0,0,0,1,0,0,0,0,0,6,24
2024991459634,2024,991459634,392983,802410,-2.11749,57.11259,1,1,2,21:06,-1,S12000033,3,0,1,0,2,19,1,5,0,0,0,1,0,0,0,0,1,6,24
2024991459852,2024,991459852,309996,688532,-3.44774,56.08109,3,3,3,09:22,-1,S12000047,6,0,1,0,1,"[19, 5]","[5, 3]","[1, 7]",0,0,0,1,0,0,0,0,0,6,25
2024991459871,2024,991459871,324795,673223,-3.20573,55.94614,2,2,2,14:00,-1,S12000036,3,0,8,0,1,3,5,1,0,0,0,1,0,0,0,0,0,2,5
2024991459917,2024,991459917,313627,581504,-3.35584,55.12037,3,3,1,19:24,-1,S12000006,4,0,1,0,1,19,1,5,0,0,0,1,0,1,0,0,1,6,9
2024991459955,2024,991459955,252529,660003,-4.35479,55.81071,3,3,3,08:34,-1,S12000049,3,0,1,0,1,"[5, 19]","[2, 8]","[8, 4]",0,0,0,1,0,0,0,0,0,6,25
2024991459965,2024,991459965,243611,671253,-4.50344,55.90889,2,2,3,12:09,-1,S12000038,6,0,1,0,1,"[4, 2]","[7, 0]","[3, 0]",0,0,0,1,0,0,0,0,1,6,25
2024991459974,2024,991459974,324333,673425,-3.21318,55.94788,3,3,3,17:50,-1,S12000036,6,0,1,0,1,"[5, 19]","[3, 2]",6,0,0,0,1,1,0,0,0,0,4,16
2024991460071,2024,991460071,274717,656145,-3.99922,55.78234,3,3,7,14:20,-1,S12000050,4,0,1,0,1,5,"[5, 3]",7,0,1,0,1,0,0,0,0,0,4,20
2024991460088,2024,991460088,261424,665026,-4.21554,55.85844,3,3,3,12:04,-1,S12000049,6,0,1,0,1,"[6, 19]",7,"[7, 3]",0,0,0,1,0,0,0,0,0,6,25
2024991460150,2024,991460150,242188,641382,-4.50889,55.64029,3,3,3,19:11,-1,S12000008,6,2,1,0,2,19,"[1, 5]","[5, 1]",0,0,0,1,0,0,0,0,0,6,25
2024991460156,2024,991460156,364440,677718,-2.5716,55.9911,3,3,3,15:20,-1,S12000010,3,0,1,0,2,19,"[7, 3]","[3, 7]",0,0,0,1,1,0,0,0,0,6,18
2024991460164,2024,991460164,221259,658506,-4.85216,55.78672,3,3,1,14:05,-1,S12000021,3,0,1,1,2,19,"[4, 6]","[6, 4]",0,"[7, 0]",0,1,0,0,0,0,0,5,12
2024991460191,2024,991460191,231644,638890,-4.67469,55.61439,3,3,3,17:08,-1,S12000021,3,0,1,0,1,8,5,1,0,1,0,1,0,0,0,0,1,4,23
2024991460199,2024,991460199,394038,833460,-2.10083,57.39152,3,3,3,23:25,-1,S12000034,3,2,1,1,2,19,5,1,0,1,0,1,0,0,0,0,0,6,25
2024991460327,2024,991460327,284953,683080,-3.84757,56.02676,2,2,4,08:15,-1,S12000014,6,0,1,0,1,19,3,7,0,0,0,1,0,0,0,0,1,6,26
2024991460462,2024,991460462,235960,620991,-4.59563,55.4552,3,3,1,18:20,-1,S12000028,3,0,1,0,1,5,1,1,0,0,0,1,0,0,0,0,0,6,23
2024991460484,2024,991460484,276329,562194,-3.93198,54.93903,3,3,3,17:20,-1,S12000006,3,0,1,0,1,19,"[8, 2]","[4, 6]",0,0,0,1,0,0,0,0,0,6,18
2024991460498,2024,991460498,309005,578593,-3.42736,55.09339,3,3,4,18:30,-1,S12000006,4,0,1,0,2,19,"[5, 1]","[1, 5]",0,0,0,0,0,0,0,1,0,6,5
2024991460511,2024,991460511,300802,578349,-3.55575,55.08962,2,"[2, 3]",1,00:11,-1,S12000006,5,2,1,0,2,19,8,4,0,8,4,1,0,0,0,0,0,6,9
2024991460613,2024,991460613,235676,619848,-4.59944,55.44484,2,2,4,16:40,-1,S12000028,3,0,1,0,2,19,"[5, 1]","[1, 5]",0,"[0, 7, 1]",0,1,0,0,1,0,0,6,26
2024991460632,2024,991460632,389502,809594,-2.17527,57.17705,3,3,3,16:25,-1,S12000033,3,0,1,0,1,3,"[5, 8]","[8, 4]",0,0,0,1,1,0,0,0,0,6,25
2024991460640,2024,991460640,288521,723867,-3.80751,56.39387,2,2,4,18:42,-1,S12000048,3,0,1,1,2,19,"[2, 5]","[5, 2]",0,"[0, 7]",0,1,0,1,0,0,0,6,26
2024991460652,2024,991460652,77113,855459,-7.38868,57.47399,2,2,3,11:55,-1,S12000013,6,0,1,0,2,5,4,7,0,0,0,1,0,0,0,0,1,6,25
2024991460738,2024,991460738,377360,821665,-2.3772,57.28504,2,2,6,17:00,-1,S12000034,4,0,1,0,1,5,3,1,0,0,0,1,0,0,0,0,1,6,21
2024991460793,2024,991460793,329573,671728,-3.12885,55.93343,3,3,5,08:50,-1,S12000036,6,0,1,0,1,1,7,1,0,0,0,1,0,0,0,0,1,6,27
2024991460893,2024,991460893,276709,649599,-3.96452,55.72407,3,3,5,17:10,-1,S12000029,4,0,1,0,1,"[19, 4]","[5, 1]","[1, 5]",0,"[0, 1]","[0, 2]",1,0,0,0,0,0,4,11
2024991460970,2024,991460970,255418,664268,-4.31101,55.84987,3,3,5,12:30,-1,S12000049,3,0,1,0,1,"[5, 19]","[8, 7]","[4, 3]",0,0,0,1,0,0,0,0,0,6,27
2024991460987,2024,991460987,254912,669195,-4.32172,55.89395,3,3,4,15:00,-1,S12000049,6,0,1,0,1,"[19, 6]",6,"[2, 6]",0,0,0,1,0,0,0,1,0,6,26
2024991461011,2024,991461011,242636,637781,-4.49972,55.60811,2,2,5,15:15,-1,S12000008,6,0,2,1,1,5,2,8,0,0,0,1,0,0,0,0,1,6,27
2024991461045,2024,991461045,185902,729995,-5.47229,56.41349,1,1,5,01:40,-1,S12000035,3,2,1,0,1,19,5,1,0,0,0,0,0,0,1,0,1,6,27
2024991461059,2024,991461059,338511,733416,-3.00014,56.48881,2,"[3, 2]",5,19:35,-1,S12000042,6,0,1,0,1,"[14, 2]","[7, 0]","[3, 0]",0,0,0,1,0,0,0,0,0,6,27
2024991461079,2024,991461079,264380,662321,-4.167,55.835,2,2,5,17:30,-1,S12000049,1,0,2,1,1,19,7,3,0,"[0, 7]",0,1,0,0,1,0,0,6,27
2024991461081,2024,991461081,254257,672066,-4.33373,55.91953,3,3,5,20:20,-1,S12000045,3,0,2,1,1,5,3,8,0,0,0,0,0,1,0,0,0,6,27
2024991461085,2024,991461085,326604,833012,-3.22238,57.3816,3,3,4,17:28,-1,S12000020,4,0,1,0,2,19,"[1, 5]","[5, 1]",0,"[0, 1]",0,1,0,0,0,0,0,6,26
2024991461104,2024,991461104,257481,666085,-4.27904,55.8668,3,3,2,20:00,-1,S12000049,6,0,1,0,1,19,"[3, 5]","[7, 1]",0,"[7, 0]",0,1,0,0,0,0,0,6,24
2024991461109,2024,991461109,368900,608272,-2.49221,55.36745,2,"[3, 2]",4,23:00,-1,S12000026,3,2,1,0,2,19,"[6, 1]","[2, 6]","[10, 0]",0,0,0,0,0,1,0,0,6,26
2024991461156,2024,991461156,274423,662254,-4.00673,55.83712,3,3,2,21:00,-1,S12000050,1,0,1,0,1,19,3,7,0,0,0,1,0,0,0,0,0,6,24
2024991461250,2024,991461250,277200,664373,-3.96338,55.85686,3,3,2,06:07,-1,S12000050,4,0,1,0,1,"[19, 5]","[5, 3]","[1, 8]",0,0,0,1,0,0,0,0,0,6,24
2024991461271,2024,991461271,258815,850992,-4.35941,57.52699,3,3,6,07:10,-1,S12000017,3,0,1,1,2,"[15, 19]","[6, 2]","[2, 6]",0,"[0, 1]",0,1,0,0,0,0,0,6,28
2024991461296,2024,991461296,262001,665490,-4.20657,55.86278,3,3,6,11:30,-1,S12000049,3,0,1,0,1,"[6, 19]",7,"[7, 3]",0,0,0,1,0,1,0,0,0,6,28
2024991461351,2024,991461351,340449,726627,-2.96712,56.42807,2,2,6,13:25,-1,S12000047,6,0,1,0,1,"[2, 19]","[5, 1]","[5, 6]","[0, 4]","[1, 7]","[0, 2]",1,0,0,1,0,1,6,28
2024991461377,2024,991461377,278222,701051,-3.96371,56.18646,2,2,6,14:40,-1,S12000030,4,0,1,0,1,"[2, 5]","[0, 5]","[0, 1]","[0, 4]",7,"[0, 10]",1,0,0,0,0,0,6,28
2024991461385,2024,991461385,268060,663974,-4.10909,55.85086,1,1,6,13:51,-1,S12000049,6,0,1,0,1,19,"[2, 4]","[6, 8]",0,0,0,1,0,0,0,1,0,6,28
2024991461411,2024,991461411,255784,664322,-4.30519,55.85047,2,2,6,15:59,-1,S12000049,3,0,1,0,1,19,"[3, 5]","[7, 3]",0,0,0,0,1,0,1,0,0,6,28
2024991461434,2024,991461434,184316,693843,-5.46847,56.08857,2,2,6,15:22,-1,S12000035,3,0,1,0,2,19,4,8,0,1,9,0,0,1,0,0,0,6,28
2024991461444,2024,991461444,296058,673515,-3.66578,55.9434,2,2,6,19:37,-1,S12000040,3,0,1,0,2,19,2,7,0,0,0,0,0,1,0,0,0,6,28
2024991461449,2024,991461449,288850,684662,-3.78574,56.04189,2,2,6,18:55,-1,S12000014,1,0,1,0,2,19,7,2,0,1,4,1,0,0,0,0,0,6,28
2024991461452,2024,991461452,285272,663680,-3.8342,55.85262,2,"[2, 3]",6,17:13,-1,S12000050,1,0,1,0,2,"[3, 4]",6,2,0,0,0,1,0,0,0,0,0,6,28
2024991461485,2024,991461485,209468,922905,-5.23964,58.15382,2,2,5,16:45,-1,S12000017,3,0,1,0,2,19,2,6,11,0,0,1,0,0,0,0,1,6,27
2024991461501,2024,991461501,372994,777222,-2.44481,56.88558,3,3,4,07:27,-1,S12000034,4,0,7,1,2,"[5, 19]","[1, 3]","[5, 7]",0,0,0,1,0,0,1,0,0,5,15
2024991461524,2024,991461524,254714,668757,-4.32465,55.88996,3,3,4,14:40,-1,S12000049,3,0,1,0,1,19,8,4,0,0,0,1,0,0,0,0,1,6,26
2024991461533,2024,991461533,329505,664517,-3.12806,55.86865,2,2,6,14:15,-1,S12000019,6,0,1,0,1,"[19, 9]","[1, 5]","[5, 1]",0,0,0,1,1,0,0,0,0,6,28
2024991461637,2024,991461637,209912,722287,-5.07816,56.35462,3,3,1,17:48,-1,S12000035,3,0,1,0,2,"[19, 7]",6,"[2, 8]",0,0,0,1,0,0,0,0,0,6,23
2024991461709,2024,991461709,252464,683332,-4.36857,56.02012,2,2,7,17:35,-1,S12000030,3,0,1,0,2,19,8,4,0,0,0,0,0,1,0,0,0,6,29
2024991461752,2024,991461752,260535,660105,-4.2272,55.81401,2,2,7,20:15,-1,S12000049,6,0,1,0,1,"[11, 19]","[4, 1]","[1, 5]",0,0,0,1,0,1,0,0,0,6,29
2024991461785,2024,991461785,352822,634464,-2.75031,55.60149,3,3,1,03:29,-1,S12000026,3,2,1,0,2,19,1,"[4, 5]",0,0,0,1,0,0,0,0,0,6,30
2024991461853,2024,991461853,278214,644963,-3.93851,55.68282,2,2,5,16:07,-1,S12000029,4,0,2,1,2,19,1,5,0,1,0,1,0,0,0,0,0,6,27
2024991461884,2024,991461884,391762,819245,-2.13821,57.26379,3,3,1,13:40,-1,S12000034,4,0,1,0,2,"[19, 10]",5,1,0,0,0,1,0,0,0,0,0,6,30
2024991461894,2024,991461894,343367,635301,-2.90052,55.608,2,2,7,14:00,-1,S12000026,3,0,1,0,2,19,4,8,0,8,0,1,0,0,0,0,0,6,29
2024991461901,2024,991461901,326295,673934,-3.18191,55.95276,2,2,1,13:50,-1,S12000036,6,0,1,0,1,"[13, 9]",7,"[3, 4]",0,0,0,1,1,0,0,0,0,6,30
2024991461905,2024,991461905,394152,847770,-2.09928,57.52006,2,"[3, 2]",7,21:55,-1,S12000034,4,0,8,1,2,19,7,4,0,1,11,1,0,0,0,0,0,6,29
2024991461953,2024,991461953,395267,830579,-2.08033,57.36566,3,3,1,11:40,-1,S12000034,4,0,1,0,1,19,"[4, 7]","[7, 3]",0,0,0,1,0,0,0,0,0,6,30
2024991461964,2024,991461964,399058,830494,-2.01731,57.36492,3,3,1,16:45,-1,S12000034,6,0,1,0,2,19,7,3,0,7,11,1,0,0,0,0,0,6,30
2024991461969,2024,991461969,367274,614080,-2.51854,55.41953,2,"[3, 2]",1,16:00,-1,S12000026,3,0,1,0,2,19,"[8, 3]","[3, 7]",0,"[0, 1]",0,1,0,0,0,0,0,6,30
2024991461996,2024,991461996,207603,811774,-5.18271,57.15639,2,2,6,16:30,-1,S12000017,3,0,1,0,2,"[19, 4]",3,6,0,0,0,1,0,1,0,0,0,6,28
2024991462011,2024,991462011,257997,666644,-4.27109,55.87197,2,2,1,22:35,-1,S12000049,3,2,1,0,1,19,8,4,0,0,0,1,0,0,0,0,1,6,30
2024991462024,2024,991462024,252146,666390,-4.36438,55.86793,2,2,1,20:15,-1,S12000038,1,0,1,0,1,19,1,4,0,0,0,0,0,1,0,0,0,6,30
2024991462038,2024,991462038,275721,662023,-3.98591,55.83538,3,3,2,02:00,-1,S12000050,6,2,1,0,1,19,8,3,7,0,0,1,0,0,0,0,0,7,1
2024991462097,2024,991462097,391245,807126,-2.14635,57.15492,3,3,2,08:50,-1,S12000033,5,0,1,0,1,"[9, 19]","[1, 7]","[7, 3]",0,0,0,1,1,0,0,0,0,7,1
2024991462146,2024,991462146,368805,769003,-2.51254,56.81148,1,1,5,05:00,-1,S12000034,3,0,1,0,2,19,2,6,0,0,0,0,0,0,1,0,1,6,13
2024991462248,2024,991462248,350172,635228,-2.7925,55.60809,2,2,1,16:00,-1,S12000026,6,0,1,0,1,19,"[7, 1]","[3, 5]",0,0,0,1,0,0,0,1,0,6,30
2024991462282,2024,991462282,252803,665890,-4.35362,55.86364,3,3,2,13:05,-1,S12000038,3,0,1,0,1,"[3, 5]","[8, 4]","[4, 8]","[0, 10]","[0, 7]",0,1,0,0,0,0,0,7,1
2024991462285,2024,991462285,312027,668488,-3.40856,55.90144,3,3,2,07:35,-1,S12000040,3,0,2,1,2,"[2, 19]","[0, 7]","[0, 3]","[0, 4]",0,0,1,0,0,0,0,0,7,1
2024991462329,2024,991462329,323850,676723,-3.22185,55.97743,3,3,7,19:34,-1,S12000036,6,0,1,0,1,"[19, 7]","[8, 6]","[4, 8]",0,0,0,1,0,0,0,1,0,6,22
2024991462339,2024,991462339,238827,678630,-4.5843,55.97352,3,3,2,15:30,-1,S12000039,4,0,1,0,1,19,5,1,0,0,0,1,0,0,0,0,1,7,1
2024991462380,2024,991462380,190271,627041,-5.32149,55.49203,3,3,2,16:00,-1,S12000021,6,0,1,0,2,19,5,1,0,1,3,1,0,0,0,0,0,7,1
2024991462398,2024,991462398,341547,731892,-2.9505,56.4755,2,2,2,16:45,-1,S12000042,6,0,1,0,1,"[9, 19]","[3, 2]","[1, 6]",0,0,0,1,0,1,0,0,0,7,1
2024991462399,2024,991462399,267775,845722,-4.20705,57.48239,3,3,7,12:00,-1,S12000017,4,0,1,0,1,"[12, 19]",3,"[3, 7]",0,0,0,1,0,0,0,0,0,6,29
2024991462407,2024,991462407,380075,772073,-2.3282,56.83969,3,3,5,17:00,-1,S12000034,6,0,1,0,2,"[2, 1]","[0, 1]","[0, 5]",0,0,0,1,0,0,1,0,0,6,20
2024991462412,2024,991462412,324475,673541,-3.21094,55.94894,3,3,2,18:45,-1,S12000036,3,0,1,0,1,19,2,6,0,0,0,0,0,0,1,0,1,7,1
2024991462468,2024,991462468,259052,663108,-4.25241,55.84054,2,2,3,01:45,-1,S12000049,1,2,1,0,1,19,4,8,0,0,0,1,0,1,0,0,0,7,2
2024991462471,2024,991462471,316622,711421,-3.34851,56.28788,2,2,3,17:30,-1,S12000048,6,0,2,1,2,"[19, 7]","[8, 2]",5,0,"[1, 0]",0,1,0,0,0,0,0,6,25
2024991462731,2024,991462731,259525,664681,-4.24568,55.8548,2,2,3,12:30,-1,S12000049,3,0,1,0,1,"[13, 19]",2,"[5, 7]",0,"[0, 1]",0,1,1,0,0,0,0,7,2
2024991462818,2024,991462818,289298,592830,-3.74157,55.21725,3,3,3,15:23,-1,S12000006,3,0,1,0,2,19,4,8,0,1,11,1,0,0,0,0,0,7,2
2024991462819,2024,991462819,235330,688306,-4.6462,56.05918,2,2,3,15:20,-1,S12000035,3,0,1,0,2,"[19, 9]","[5, 6]","[1, 5]",0,0,0,1,0,0,0,0,0,7,2
2024991462842,2024,991462842,256945,651911,-4.28014,55.73939,3,3,3,08:37,-1,S12000011,6,0,1,0,1,"[1, 19]","[6, 8]","[2, 4]",0,0,0,1,0,0,0,0,0,7,2
2024991462913,2024,991462913,247615,629022,-4.41592,55.53107,2,2,4,07:45,-1,S12000028,6,0,8,1,2,19,"[7, 4]","[4, 7]",0,0,0,1,0,0,0,1,0,7,3
2024991463105,2024,991463105,258489,665162,-4.26246,55.85881,3,3,4,12:00,-1,S12000049,6,0,2,1,1,19,3,7,0,0,0,0,0,0,1,0,1,7,3
2024991463162,2024,991463162,254012,675385,-4.33945,55.94925,2,2,4,13:45,-1,S12000045,6,0,2,1,2,19,"[7, 3]","[3, 7]",0,0,0,1,0,0,0,0,0,7,3
2024991463238,2024,991463238,317853,675464,-3.31753,55.96513,2,"[2, 3]",4,16:25,-1,S12000036,3,0,1,0,1,"[11, 19]",8,"[1, 4]",0,0,0,1,0,0,1,0,0,7,3
2024991463250,2024,991463250,269049,653657,-4.08834,55.75849,2,2,4,15:30,-1,S12000029,6,0,1,1,2,19,4,8,0,0,0,1,0,0,0,0,0,7,3
2024991463297,2024,991463297,246509,644503,-4.44205,55.66969,3,3,4,16:30,-1,S12000008,3,0,1,0,2,"[19, 13]",2,6,0,0,0,1,1,0,0,0,0,6,12
2024991463336,2024,991463336,289338,681454,-3.77658,56.01319,3,3,2,17:00,-1,S12000014,6,0,1,0,1,"[7, 5]","[3, 7]",5,0,0,0,1,0,0,1,0,0,7,1
2024991463356,2024,991463356,278917,643383,-3.92664,55.6688,3,3,5,07:40,-1,S12000029,1,0,2,1,2,19,5,1,0,0,0,1,0,0,0,0,0,7,4
2024991463485,2024,991463485,247156,657775,-4.43919,55.78904,3,3,6,18:00,-1,S12000011,6,2,1,1,2,19,"[1, 3]","[3, 1]",0,0,0,1,0,0,0,0,0,6,28
2024991463514,2024,991463514,330436,1019293,-3.21449,59.05492,3,3,2,21:30,-1,S12000023,3,0,1,0,2,7,8,4,0,7,0,0,0,1,0,0,0,7,1
2024991463605,2024,991463605,294073,668611,-3.69562,55.89892,3,3,5,12:55,-1,S12000040,3,0,1,0,1,4,7,3,0,0,0,0,0,0,1,0,0,7,4
2024991463620,2024,991463620,393665,808292,-2.10638,57.16544,3,3,5,09:00,-1,S12000033,4,0,1,0,1,14,1,5,4,0,0,1,0,0,0,0,1,7,4