collision_index,collision_year,collision_ref_no,location_easting_osgr,location_northing_osgr,longitude,latitude,casualty_severity,casualty_severity,day_of_week,time,local_authority_district,local_authority_ons_district,first_road_class,light_conditions,weather_conditions,road_surface_conditions,urban_or_rural_area,vehicle_manoeuvre,vehicle_direction_from,vehicle_direction_to,hit_object_in_carriageway,vehicle_leaving_carriageway,hit_object_off_carriageway,is_car,is_cyle,is_mcyle,is_goodsv,is_other,is_pedestrian,month,day
2024991463630,2024,991463630,235948,621040,-4.59584,55.45564,3,3,6,18:26,-1,S12000028,3,2,9,0,1,"[19, 3]",7,3,0,0,0,1,0,0,0,0,0,6,21
2024991463681,2024,991463681,185986,730799,-5.47159,56.42074,1,1,5,17:30,-1,S12000035,3,0,1,1,1,19,"[6, 2]","[2, 6]",0,"[7, 0]",0,1,0,1,0,0,0,7,4
2024991463732,2024,991463732,273697,672594,-4.02314,55.92977,2,2,7,18:48,-1,S12000050,4,0,1,0,1,"[19, 5]","[5, 7]","[1, 5]",0,"[0, 7]",0,1,0,1,0,0,0,6,29
2024991463738,2024,991463738,241457,661434,-4.53212,55.82005,3,3,4,16:40,-1,S12000038,6,0,1,0,1,"[2, 19]","[6, 8]","[6, 4]","[0, 8]",0,0,1,1,0,0,0,0,7,3
2024991463793,2024,991463793,366946,1043472,-2.58173,59.27644,2,"[2, 3]",3,12:37,-1,S12000023,4,0,1,0,2,19,"[7, 5]","[5, 1]",0,"[7, 0]",0,1,0,0,0,0,0,4,23
2024991463805,2024,991463805,264613,724353,-4.19477,56.39199,2,2,1,13:30,-1,S12000048,3,0,1,0,2,"[9, 13]",7,"[5, 3]",0,0,0,1,0,1,0,0,0,6,30
2024991463863,2024,991463863,277406,649891,-3.95356,55.72687,2,2,6,10:30,-1,S12000029,1,0,1,0,1,19,1,5,0,0,0,1,0,1,0,0,0,7,5
2024991463969,2024,991463969,254319,663982,-4.32839,55.84698,2,2,6,11:00,-1,S12000049,3,0,1,0,1,"[19, 12]",3,7,0,0,0,0,0,0,1,0,0,7,5
2024991463991,2024,991463991,314846,684032,-3.36841,56.04156,2,2,6,13:37,-1,S12000047,3,0,4,0,2,7,6,8,0,0,0,0,1,0,0,0,0,7,5
2024991463997,2024,991463997,393038,826904,-2.11728,57.33261,2,"[2, 3]",6,15:20,-1,S12000034,4,0,1,0,2,"[19, 5]","[3, 1]","[7, 5]",0,1,0,1,0,0,0,0,0,7,5
2024991464039,2024,991464039,234785,653896,-4.63392,55.75015,3,3,6,16:20,-1,S12000021,4,0,1,0,1,19,7,3,0,0,0,1,0,0,0,0,1,7,5
2024991464040,2024,991464040,257562,666896,-4.27817,55.87411,3,3,6,16:44,-1,S12000049,6,0,1,0,1,7,6,8,0,0,0,1,0,1,0,0,0,7,5
2024991464044,2024,991464044,340704,730380,-2.96384,56.46182,3,3,6,18:30,-1,S12000042,3,0,1,1,1,19,6,2,0,0,0,1,0,0,0,0,1,7,5
2024991464082,2024,991464082,264405,665396,-4.16814,55.86261,3,3,6,17:06,-1,S12000049,3,0,1,0,1,"[2, 19]",7,3,0,0,0,1,1,0,0,0,0,7,5
2024991464253,2024,991464253,338811,729791,-2.99442,56.45628,3,3,5,13:00,-1,S12000042,6,0,1,0,1,19,7,3,0,0,0,1,0,0,0,0,1,7,4
2024991464259,2024,991464259,321192,675022,-3.26393,55.96172,3,3,6,10:15,-1,S12000036,3,0,1,0,1,"[19, 7]","[7, 1]",3,0,0,0,1,0,0,0,0,0,7,5
2024991464272,2024,991464272,309525,686993,-3.45479,56.06718,3,3,5,22:25,-1,S12000047,3,2,1,1,1,19,2,6,"[0, 2]",0,0,1,0,0,0,0,0,7,4
2024991464332,2024,991464332,289615,664281,-3.76511,55.85904,2,2,7,16:15,-1,S12000050,4,0,1,0,1,5,"[3, 5]","[7, 1]",0,0,0,1,0,1,0,0,0,7,6
2024991464351,2024,991464351,308353,600849,-3.44479,55.29319,2,"[3, 2]",7,15:12,-1,S12000006,3,0,1,0,2,"[19, 9]","[1, 4]","[5, 1]",0,0,0,1,0,0,0,0,0,7,6
2024991464384,2024,991464384,259100,660725,-4.25041,55.81916,3,3,6,16:45,-1,S12000049,4,0,1,0,1,"[9, 19]","[5, 1]","[3, 5]",0,0,0,1,0,0,0,0,0,7,5
2024991464398,2024,991464398,340845,731309,-2.96177,56.47018,3,3,7,20:15,-1,S12000042,6,0,2,1,1,"[19, 5]","[7, 1]",3,0,"[1, 0]","[11, 0]",1,0,0,0,0,0,7,6
2024991464417,2024,991464417,222069,756324,-4.90497,56.66474,2,"[2, 3]",6,14:40,-1,S12000017,3,0,1,0,2,"[10, 19, 14]","[7, 3]","[5, 7, 3]",0,0,0,1,0,1,0,0,0,7,5
2024991464449,2024,991464449,284254,687088,-3.86052,56.06259,2,2,4,11:45,-1,S12000030,1,0,1,0,2,19,8,4,6,0,0,1,0,0,0,0,0,4,17
2024991464470,2024,991464470,332450,661039,-3.08014,55.83782,3,3,5,10:16,-1,S12000019,6,0,1,0,2,19,2,6,0,0,0,1,0,0,0,0,1,7,4
2024991464514,2024,991464514,269861,653789,-4.07547,55.7599,2,"[3, 2]",1,10:48,-1,S12000029,6,0,1,1,2,"[9, 19]","[8, 2]",6,0,"[0, 1]","[0, 2]",1,0,0,0,0,1,7,7
2024991464570,2024,991464570,299823,661527,-3.60108,55.83653,2,"[3, 2]",1,14:34,-1,S12000040,3,0,1,0,2,19,"[2, 6]","[6, 2]",0,0,0,1,0,0,0,0,0,7,7
2024991464588,2024,991464588,259656,664900,-4.2437,55.8568,3,3,1,05:45,-1,S12000049,3,0,1,0,1,19,6,2,0,7,10,1,0,0,0,0,0,7,7
2024991464596,2024,991464596,343704,732308,-2.91558,56.4795,3,3,1,13:15,-1,S12000042,6,0,2,1,1,"[4, 9]","[5, 1]","[1, 5]",0,0,0,1,1,0,0,0,1,7,7
2024991464609,2024,991464609,259268,665777,-4.25035,55.86456,3,3,1,16:15,-1,S12000049,6,0,1,0,1,"[19, 2]","[2, 0]","[6, 0]",0,0,0,1,0,0,0,0,0,7,7
2024991464620,2024,991464620,286331,633609,-3.8048,55.58282,3,3,1,19:50,-1,S12000029,3,0,1,0,2,19,"[2, 6]","[6, 2]",0,0,0,1,0,0,0,0,0,7,7
2024991464627,2024,991464627,319242,574585,-3.26586,55.05915,3,3,1,15:25,-1,S12000006,4,0,1,0,2,19,"[4, 6]","[8, 2]",0,0,0,1,0,0,0,0,0,7,7
2024991464632,2024,991464632,258543,662759,-4.26035,55.83725,3,3,7,16:35,-1,S12000049,4,0,1,0,1,"[9, 19]","[2, 3]",7,"[10, 0]","[0, 7]","[0, 10]",1,0,0,0,0,0,7,6
2024991464642,2024,991464642,145541,937632,-6.339,58.25355,2,"[3, 2]",2,00:49,-1,S12000013,4,2,1,0,2,19,6,2,0,1,0,1,0,0,0,0,0,7,1
2024991464670,2024,991464670,233183,612047,-4.63414,55.37398,2,2,1,21:47,-1,S12000028,4,0,1,0,2,19,"[3, 8]","[7, 4]",0,0,0,1,0,1,0,0,0,7,7
2024991464687,2024,991464687,261956,660730,-4.20486,55.82003,2,2,2,02:30,-1,S12000029,3,2,8,1,1,19,4,8,0,0,0,0,0,1,0,0,0,7,8
2024991464808,2024,991464808,316061,577215,-3.31642,55.08225,3,3,2,09:30,-1,S12000006,2,0,1,0,2,19,5,1,0,"[4, 0]",0,1,0,0,0,0,0,7,8
2024991464836,2024,991464836,317047,699149,-3.33779,56.17773,3,3,2,09:40,-1,S12000048,4,0,1,0,2,"[9, 15]","[7, 3]","[3, 7]",0,0,0,1,0,0,0,0,0,7,8
2024991464853,2024,991464853,277841,646458,-3.94511,55.69615,3,3,2,10:25,-1,S12000029,1,0,1,0,2,19,1,5,0,0,0,1,0,0,0,0,0,7,8
2024991464906,2024,991464906,270239,798262,-4.14111,57.05708,2,2,2,11:30,-1,S12000017,3,0,1,0,2,"[13, 19]","[2, 6]","[6, 2]",0,0,0,1,0,1,0,0,0,7,8
2024991464984,2024,991464984,300528,716549,-3.61032,56.33083,3,3,2,16:00,-1,S12000048,4,0,1,0,2,19,"[7, 3]","[3, 7]",0,"[0, 1]",0,1,0,0,0,0,0,7,8
2024991465037,2024,991465037,286499,855893,-3.89971,57.57878,2,2,2,15:00,-1,S12000017,3,0,1,0,2,"[19, 10]",7,3,0,0,0,1,0,0,0,0,0,7,8
2024991465039,2024,991465039,237777,809202,-4.68282,57.14496,3,3,2,18:15,-1,S12000017,6,0,1,0,2,19,3,7,0,0,0,1,0,0,0,0,1,7,8
2024991465070,2024,991465070,337193,699505,-3.01343,56.18402,3,3,1,20:45,-1,S12000047,6,0,1,0,1,"[1, 2]","[2, 0]","[6, 0]",0,0,0,1,0,0,0,0,1,7,7
2024991465095,2024,991465095,343708,675569,-2.90344,55.9698,2,2,2,23:45,-1,S12000010,3,2,1,0,2,"[2, 19]","[0, 6]","[0, 2]","[0, 4]",0,0,1,0,1,0,0,0,7,8
2024991465238,2024,991465238,213778,756646,-5.04028,56.66441,2,2,4,16:52,-1,S12000017,3,0,1,0,2,"[13, 9]","[2, 3]","[7, 8]",0,0,0,1,0,1,0,0,0,5,1
2024991465378,2024,991465378,262057,669510,-4.20772,55.89888,3,3,7,20:30,-1,S12000045,6,0,1,0,1,19,"[8, 0]","[4, 0]","[4, 0]",0,0,1,0,0,0,0,0,7,6
2024991465385,2024,991465385,329196,673080,-3.13524,55.94552,3,3,2,08:00,-1,S12000036,3,0,1,0,1,"[9, 19]","[4, 8]","[2, 4]",0,0,0,1,1,0,0,0,0,7,8
2024991465392,2024,991465392,268544,845671,-4.19421,57.48216,3,3,3,13:30,-1,S12000017,3,0,1,0,1,"[5, 7]","[5, 2]","[2, 5]",0,"[2, 0]",0,1,0,1,0,0,0,7,9
2024991465437,2024,991465437,388573,827457,-2.19147,57.33749,2,2,2,16:05,-1,S12000034,4,0,1,0,2,19,7,3,0,0,0,1,0,0,0,0,0,7,8
2024991465444,2024,991465444,313387,757820,-3.4162,56.70402,3,3,3,11:20,-1,S12000048,3,0,1,0,2,"[13, 19]",5,1,"[11, 0]","[1, 0]","[11, 0]",1,0,0,0,0,0,7,9
2024991465447,2024,991465447,258757,668909,-4.26014,55.89253,3,3,3,18:24,-1,S12000049,3,0,1,0,1,7,7,1,0,0,0,1,0,0,0,0,1,6,25
2024991465479,2024,991465479,271205,653537,-4.05395,55.758,3,3,3,14:25,-1,S12000029,6,0,2,1,1,19,"[5, 1]","[1, 5]",0,"[1, 7]",0,1,0,0,0,0,0,7,9
2024991465513,2024,991465513,275157,663878,-3.99576,55.85189,3,3,3,16:38,-1,S12000050,6,0,2,1,1,19,3,7,0,0,0,1,0,0,0,0,1,7,9
2024991465550,2024,991465550,212695,709343,-5.02399,56.2396,3,3,7,11:50,-1,S12000035,3,0,1,0,2,19,6,2,0,7,0,0,0,0,0,1,0,7,6
2024991465551,2024,991465551,186824,669883,-5.40926,55.87481,3,3,3,19:50,-1,S12000035,3,0,2,1,2,19,1,5,0,7,4,1,0,0,0,0,0,7,9
2024991465556,2024,991465556,308537,687101,-3.47069,56.06796,3,3,5,09:20,-1,S12000047,6,0,1,0,1,19,1,5,0,0,0,1,0,0,0,0,0,6,6
2024991465562,2024,991465562,315610,826601,-3.40298,57.32212,1,1,3,16:40,-1,S12000020,4,0,1,0,2,"[7, 19]","[3, 5]","[5, 1]",0,"[0, 7]",0,0,0,1,0,1,0,7,9
2024991465579,2024,991465579,312463,868108,-3.47013,57.69424,2,2,3,21:55,-1,S12000020,4,2,2,1,2,"[9, 19]","[7, 4]","[4, 8]",0,0,0,1,0,1,0,0,0,7,9
2024991465581,2024,991465581,251841,670046,-4.37125,55.90066,2,2,3,00:32,-1,S12000049,3,2,1,0,1,19,8,3,0,0,0,1,0,0,0,0,1,7,9
2024991465597,2024,991465597,306822,668448,-3.49176,55.9001,2,2,7,20:15,-1,S12000040,6,2,1,1,1,19,4,6,0,7,11,1,0,0,0,0,0,7,6
2024991465619,2024,991465619,242826,655070,-4.50662,55.76337,3,3,5,14:20,-1,S12000011,3,0,1,0,2,"[19, 9, 4]",2,"[6, 7]",0,"[0, 7]",0,1,0,0,1,0,0,7,4
2024991465634,2024,991465634,297545,666093,-3.63917,55.87706,2,2,1,02:36,-1,S12000040,1,2,1,0,2,19,7,3,0,0,0,1,0,0,0,0,0,7,7
2024991465860,2024,991465860,402858,857039,-1.95384,57.60335,3,3,2,17:52,-1,S12000034,6,0,2,1,2,19,"[6, 1]","[1, 5]",0,0,0,1,0,0,0,0,0,4,15
2024991465929,2024,991465929,321184,675022,-3.26406,55.96172,2,2,4,12:45,-1,S12000036,3,0,1,1,1,9,1,7,0,0,0,1,0,0,0,0,1,7,10
2024991465980,2024,991465980,260544,669307,-4.23179,55.89663,2,2,5,10:00,-1,S12000045,6,0,1,0,1,5,7,3,0,0,0,0,0,0,1,0,0,6,27
2024991466055,2024,991466055,258265,666632,-4.26681,55.87194,3,3,4,14:02,-1,S12000049,6,0,1,0,1,19,2,6,0,0,0,1,0,0,0,0,1,7,10
2024991466074,2024,991466074,248506,663669,-4.42097,55.84238,3,3,4,16:10,-1,S12000038,3,0,1,0,1,7,2,4,0,7,10,1,0,0,0,0,0,7,10
2024991466105,2024,991466105,297744,669748,-3.63737,55.90993,3,3,4,16:24,-1,S12000040,4,0,1,0,2,"[10, 19]",5,"[2, 1]",0,0,0,1,0,0,0,0,0,7,10
2024991466123,2024,991466123,290743,820801,-3.81313,57.26477,3,3,4,15:05,-1,S12000017,3,0,1,0,2,19,"[5, 8]","[8, 5]",0,"[0, 7]",0,1,0,0,0,1,0,7,10
2024991466152,2024,991466152,362710,759051,-2.61091,56.72164,2,"[2, 3]",4,17:08,-1,S12000041,3,0,2,1,2,19,"[7, 3]","[3, 7]",0,"[0, 1]",0,1,0,0,0,0,0,7,10
2024991466178,2024,991466178,258145,666466,-4.26864,55.87042,3,3,4,23:40,-1,S12000049,3,2,1,0,1,19,8,4,0,0,0,1,0,0,0,0,1,7,10
2024991466182,2024,991466182,330253,740470,-3.13611,56.55101,2,2,5,01:45,-1,S12000041,4,2,1,1,2,19,5,8,0,0,0,1,0,0,0,0,0,7,11
2024991466388,2024,991466388,321629,676403,-3.25734,55.9742,2,2,1,16:10,-1,S12000036,6,0,1,1,1,5,7,7,10,1,0,1,0,0,0,0,1,4,14
2024991466444,2024,991466444,280352,696679,-3.92745,56.14775,3,3,4,16:10,-1,S12000030,6,0,1,0,1,3,3,7,0,0,0,1,0,0,0,0,1,7,10
2024991466549,2024,991466549,226539,656324,-4.76667,55.76906,2,"[3, 2]",5,15:20,-1,S12000021,3,0,1,0,2,19,4,8,0,1,0,0,0,0,1,0,0,7,11
2024991466560,2024,991466560,242662,639195,-4.50011,55.62081,3,3,2,16:00,-1,S12000008,4,0,8,0,1,5,7,3,0,0,0,1,0,0,0,0,1,7,8
2024991466562,2024,991466562,274454,560735,-3.96059,54.92546,3,3,5,08:30,-1,S12000006,3,0,1,0,2,"[19, 4]",2,"[6, 7]",0,0,0,1,0,0,1,1,0,7,11
2024991466583,2024,991466583,280026,692657,-3.93088,56.11155,3,3,7,15:15,-1,S12000030,6,0,1,0,1,"[9, 7]",1,5,0,0,0,1,0,0,0,0,0,7,6
2024991466631,2024,991466631,323586,663226,-3.22226,55.85615,2,"[3, 2]",5,17:10,-1,S12000019,3,0,1,0,2,19,"[6, 2]","[2, 6]",0,"[1, 2]",0,1,0,0,0,0,0,7,11
2024991466636,2024,991466636,340331,729904,-2.96979,56.45749,2,2,5,19:30,-1,S12000042,6,0,1,0,1,1,7,3,0,0,0,1,0,0,0,0,1,7,11
2024991466662,2024,991466662,300474,666060,-3.59236,55.87738,3,3,5,20:30,-1,S12000040,3,2,1,0,2,"[14, 2]",2,6,"[4, 0]",0,0,1,0,0,0,0,0,3,21
2024991466680,2024,991466680,215489,757178,-5.01279,56.66986,2,2,5,10:15,-1,S12000017,3,0,1,0,2,19,"[7, 3]","[3, 7]",0,0,0,1,0,0,1,0,0,7,11
2024991466685,2024,991466685,288730,692900,-3.79109,56.11584,3,3,7,21:08,-1,S12000005,6,0,1,0,1,19,8,4,7,2,0,1,0,0,0,0,0,7,6
2024991466880,2024,991466880,283292,687668,-3.87621,56.06756,1,"[2, 1]",1,11:49,-1,S12000030,1,0,1,0,2,"[19, 11]","[5, 8]","[1, 4]",0,"[0, 1]",0,1,0,0,0,0,0,7,7
2024991466988,2024,991466988,287899,683498,-3.80051,56.03122,2,2,6,09:18,-1,S12000014,6,0,1,0,1,"[9, 1]","[6, 4]","[4, 6]",0,0,0,0,1,0,0,1,0,7,12
2024991466994,2024,991466994,267806,662318,-4.11234,55.83592,2,"[3, 2]",6,12:10,-1,S12000049,3,0,1,0,2,"[19, 9]","[1, 5]","[5, 3]",0,0,0,1,0,0,0,0,0,7,12
2024991467007,2024,991467007,237923,662760,-4.58925,55.83078,3,3,1,18:15,-1,S12000038,6,0,1,0,2,19,1,5,0,7,11,1,0,0,0,0,0,3,24
2024991467011,2024,991467011,325655,676240,-3.1928,55.97337,3,3,6,14:00,-1,S12000036,3,0,1,0,1,"[19, 2]","[3, 0]","[7, 0]",0,0,0,1,0,0,0,0,0,7,12
2024991467041,2024,991467041,277253,649415,-3.95578,55.72255,3,3,6,16:30,-1,S12000029,1,0,1,0,1,19,5,1,0,0,0,1,0,0,0,0,0,7,12
2024991467149,2024,991467149,298524,665519,-3.62331,55.87211,1,1,6,19:15,-1,S12000040,4,0,1,0,1,19,1,5,0,0,0,0,0,1,0,0,1,7,12
2024991467172,2024,991467172,311959,677756,-3.41267,55.98467,2,2,6,21:30,-1,S12000036,3,0,1,0,1,19,4,7,0,0,0,1,0,1,0,0,0,7,12
2024991467265,2024,991467265,167522,795554,-5.82883,56.99247,2,2,6,08:30,-1,S12000017,3,0,1,0,2,"[19, 9]","[8, 4]","[4, 2]",0,0,0,1,0,1,0,0,0,7,12
2024991467283,2024,991467283,242414,663439,-4.51802,55.83836,3,3,6,10:11,-1,S12000038,4,0,1,0,2,5,"[5, 6]","[8, 2]",0,0,0,1,0,0,0,0,0,3,29
2024991467291,2024,991467291,321579,671467,-3.2567,55.92985,3,3,5,14:30,-1,S12000036,3,0,1,0,1,"[19, 4]",2,7,0,0,0,1,0,0,0,0,0,7,11
2024991467312,2024,991467312,319241,574586,-3.26587,55.05916,2,2,7,10:48,-1,S12000006,4,0,1,0,2,19,"[8, 6]","[4, 2]",0,0,0,1,0,1,0,0,0,7,13
2024991467339,2024,991467339,219756,701786,-4.90509,56.17452,2,2,7,12:40,-1,S12000035,5,0,1,0,2,19,"[3, 6]","[6, 3]",0,0,0,1,0,0,0,0,0,7,13
2024991467375,2024,991467375,248132,663694,-4.42695,55.84248,2,2,7,17:40,-1,S12000038,6,0,1,0,1,6,1,1,0,0,0,1,0,0,0,0,1,7,13
2024991467384,2024,991467384,293411,680591,-3.71094,56.00637,3,3,6,18:30,-1,S12000014,6,0,1,0,1,"[19, 12]",1,"[5, 6]",0,0,0,1,1,0,0,0,0,7,12
2024991467388,2024,991467388,200994,864144,-5.33419,57.6232,2,2,7,15:15,-1,S12000017,3,0,1,0,2,19,8,4,0,0,0,0,0,1,0,0,0,7,13
2024991467398,2024,991467398,349077,867887,-2.85598,57.6979,3,3,5,19:15,-1,S12000020,3,0,1,0,2,19,"[1, 6]","[5, 1]",0,"[7, 0]",0,1,0,0,0,0,0,7,11
2024991467400,2024,991467400,327025,675225,-3.17058,55.96447,3,3,7,19:45,-1,S12000036,6,0,2,1,1,19,"[3, 5]","[7, 1]",0,0,0,1,1,0,0,0,0,7,13
2024991467407,2024,991467407,282187,655692,-3.87999,55.78015,3,3,6,16:45,-1,S12000050,6,0,1,0,1,"[19, 9]","[5, 8]","[1, 6]",0,0,0,1,0,0,0,0,0,7,12
2024991467418,2024,991467418,279368,697261,-3.94354,56.15273,2,"[3, 2]",7,20:37,-1,S12000030,6,0,2,1,1,"[9, 19]","[4, 6]",6,0,"[7, 0]",0,1,0,0,0,0,0,7,13
2024991467443,2024,991467443,279571,693104,-3.93839,56.11545,2,2,7,23:50,-1,S12000030,6,2,1,0,1,7,5,7,0,7,0,1,0,0,0,0,1,7,13
2024991467478,2024,991467478,256018,667878,-4.30335,55.88246,2,"[3, 2]",1,00:55,-1,S12000049,3,2,1,1,1,19,"[4, 6]","[8, 2]",0,0,0,1,0,0,0,0,0,7,14
2024991467482,2024,991467482,260699,661602,-4.22536,55.82749,2,2,7,14:35,-1,S12000029,4,0,1,0,1,19,3,7,0,0,0,1,0,0,0,0,1,7,13
2024991467491,2024,991467491,342761,720656,-2.92834,56.37472,2,2,5,18:47,-1,S12000047,3,0,1,0,2,19,5,1,0,0,0,0,0,0,1,0,1,6,6
2024991467500,2024,991467500,311847,704332,-3.42325,56.22335,3,3,7,13:45,-1,S12000048,6,0,1,0,2,"[7, 19]","[8, 6]",2,0,0,0,1,0,0,0,0,0,7,6
2024991467571,2024,991467571,290174,713240,-3.77631,56.29883,2,2,1,13:00,-1,S12000048,3,0,1,0,2,19,3,3,0,2,10,0,0,1,0,0,0,7,14
2024991467590,2024,991467590,306089,671824,-3.50465,55.93028,3,3,1,14:00,-1,S12000040,3,0,1,0,1,19,6,2,0,0,0,1,0,0,0,0,0,7,14
2024991467598,2024,991467598,244259,636432,-4.47322,55.59653,2,2,5,10:15,-1,S12000008,3,0,1,0,1,"[9, 19]","[4, 7]","[1, 4]",0,0,0,1,0,0,1,0,0,6,13
2024991467661,2024,991467661,300157,667936,-3.59812,55.89416,2,2,1,18:25,-1,S12000040,1,0,1,0,2,11,2,6,0,0,0,1,0,1,0,0,0,7,14
2024991467681,2024,991467681,191771,736577,-5.38258,56.47515,3,3,1,21:30,-1,S12000035,6,2,1,0,2,19,7,3,0,7,4,1,0,0,0,0,0,7,14
2024991467689,2024,991467689,348800,636567,-2.81452,55.61998,3,3,4,14:24,-1,S12000026,3,0,1,0,1,19,8,4,0,0,0,1,0,0,0,0,0,7,3
2024991467694,2024,991467694,257702,659504,-4.27206,55.80778,3,3,1,20:00,-1,S12000011,4,0,1,0,1,"[2, 19]",5,1,0,0,0,1,1,0,0,0,0,7,14
2024991467696,2024,991467696,247007,661902,-4.44389,55.82604,3,3,1,15:25,-1,S12000038,4,0,1,0,1,"[2, 7, 19]","[6, 3, 5]","[6, 5, 1]",0,0,0,1,0,1,0,0,0,7,14
2024991467737,2024,991467737,201647,731288,-5.2185,56.43197,1,"[3, 1]",1,11:40,-1,S12000035,3,0,1,0,2,19,"[7, 3]","[3, 6]",0,0,0,1,0,1,0,0,0,7,14
2024991467901,2024,991467901,314805,677150,-3.36688,55.97974,3,3,2,09:50,-1,S12000036,3,0,1,0,2,19,3,7,0,2,0,1,0,0,0,0,0,7,15
2024991467918,2024,991467918,282096,639927,-3.87465,55.63855,3,3,2,12:21,-1,S12000029,1,0,1,0,2,19,1,5,0,0,0,1,0,0,0,0,0,7,15
2024991467923,2024,991467923,186241,688076,-5.43299,56.03771,2,2,2,11:20,-1,S12000035,6,0,1,0,2,9,4,1,0,0,0,1,0,0,0,0,1,7,15
2024991468007,2024,991468007,251388,705218,-4.39801,56.21625,3,3,1,15:15,-1,S12000030,3,0,1,0,2,"[2, 19]","[1, 4]","[4, 1]",0,0,0,1,1,0,0,0,0,7,14
2024991468076,2024,991468076,240079,639332,-4.54117,55.6212,3,3,2,18:30,-1,S12000008,6,0,1,0,2,19,3,7,0,0,0,1,0,0,0,0,0,7,15
2024991468090,2024,991468090,313419,688663,-3.3928,56.0829,2,2,1,22:45,-1,S12000047,3,2,2,0,2,19,6,2,0,0,0,1,0,0,0,0,1,7,14
2024991468123,2024,991468123,267901,665919,-4.11258,55.86828,3,3,2,20:35,-1,S12000049,6,0,1,0,1,19,"[1, 7]","[5, 3]",0,0,0,1,1,0,0,0,0,7,15
2024991468157,2024,991468157,258980,653942,-4.24881,55.75822,3,3,3,07:15,-1,S12000029,3,0,2,1,2,19,6,2,0,1,0,1,0,0,0,0,0,7,16
2024991468161,2024,991468161,314159,751921,-3.40162,56.65119,2,2,2,13:00,-1,S12000048,3,0,1,0,2,19,"[1, 5]","[5, 1]",0,0,0,1,0,1,0,0,0,7,8
2024991468289,2024,991468289,257232,672735,-4.28652,55.92643,3,3,3,06:45,-1,S12000049,4,0,2,1,2,19,7,3,0,7,0,1,0,0,0,0,0,7,16
2024991468397,2024,991468397,324959,667274,-3.20145,55.89273,3,3,3,10:15,-1,S12000036,3,0,1,0,1,"[5, 19]",1,"[4, 5]",0,0,0,1,0,0,0,0,0,7,16
2024991468406,2024,991468406,220665,877595,-5.01534,57.75211,2,2,2,10:50,-1,S12000017,3,0,1,0,2,19,"[3, 7]","[7, 3]",0,"[7, 0]",0,1,0,0,0,0,0,7,15
2024991468494,2024,991468494,335821,730003,-3.04298,56.45779,2,"[2, 3]",3,13:55,-1,S12000042,3,0,1,0,1,19,"[7, 3]","[3, 7]",0,"[0, 1]",0,1,0,0,0,0,0,7,16
2024991468531,2024,991468531,386361,784306,-2.22584,56.94981,2,"[2, 3]",3,17:19,-1,S12000034,3,0,2,1,2,"[19, 9]","[8, 2]","[4, 8]",0,"[5, 0]",0,1,0,0,0,0,0,7,16
2024991468532,2024,991468532,257349,663218,-4.27964,55.84102,3,3,3,19:40,-1,S12000049,6,0,1,0,1,"[9, 19]","[3, 4]","[6, 8]",0,"[3, 0]",0,1,0,0,0,0,0,7,16
2024991468533,2024,991468533,248685,672950,-4.4233,55.92575,2,2,3,17:07,-1,S12000039,6,0,1,0,1,19,3,7,0,1,2,0,0,0,0,1,0,7,16
2024991468546,2024,991468546,229003,682850,-4.74421,56.008,3,3,3,15:30,-1,S12000035,6,0,1,0,1,"[5, 19]","[5, 3]","[1, 7]",0,0,0,1,0,0,0,0,0,7,16
2024991468594,2024,991468594,278511,881024,-4.04587,57.80229,3,3,3,13:25,-1,S12000017,3,0,1,0,2,"[8, 19, 9]","[2, 8, 4]","[4, 2]",0,0,0,1,0,0,0,0,0,7,16
2024991468729,2024,991468729,254771,668723,-4.32372,55.88968,2,2,4,10:16,-1,S12000049,3,0,1,0,1,"[7, 15]",8,"[2, 4]",0,0,0,1,1,0,0,0,0,7,17
2024991468767,2024,991468767,268644,662202,-4.09891,55.83511,2,2,4,10:19,-1,S12000050,1,0,1,0,1,19,1,6,0,0,0,1,0,0,0,0,0,7,17
2024991468803,2024,991468803,276466,655911,-3.97125,55.78069,3,3,4,11:12,-1,S12000050,4,0,1,0,1,19,1,5,0,0,0,1,0,0,0,0,0,7,17
2024991468854,2024,991468854,351193,682231,-2.78475,56.03048,1,1,4,07:30,-1,S12000010,4,0,1,0,2,"[19, 9]","[1, 5]","[5, 3]",0,0,0,0,0,1,1,0,0,7,17
2024991468857,2024,991468857,278288,665837,-3.94666,55.87028,3,3,1,11:15,-1,S12000050,3,0,1,0,1,"[2, 1]",6,6,0,0,0,1,0,0,0,0,0,7,14
2024991468902,2024,991468902,237049,638627,-4.58881,55.61387,3,3,4,11:15,-1,S12000021,4,0,1,0,2,"[2, 4, 14]",7,"[3, 4]",0,0,0,1,0,0,1,0,0,7,17
2024991468913,2024,991468913,183847,760932,-5.5313,56.68997,3,3,4,09:30,-1,S12000017,3,0,1,0,2,"[13, 20]",7,3,0,"[3, 0]",0,1,0,0,0,0,0,7,17
2024991468923,2024,991468923,200135,813382,-5.30724,57.16762,2,2,4,10:15,-1,S12000017,3,0,1,0,2,"[19, 13]","[7, 3]","[3, 7]",0,0,0,1,0,1,0,0,0,7,17
2024991468976,2024,991468976,248226,665956,-4.42672,55.86282,2,2,3,14:20,-1,S12000038,1,0,1,0,1,19,7,3,0,0,0,1,0,0,0,0,0,7,16
2024991468999,2024,991468999,349122,673797,-2.81638,55.95449,3,3,4,19:28,-1,S12000010,3,0,1,0,2,19,"[4, 7]","[8, 3]",0,0,0,1,1,0,0,0,0,7,17