collision_index,collision_year,collision_ref_no,location_easting_osgr,location_northing_osgr,longitude,latitude,casualty_severity,casualty_severity,day_of_week,time,local_authority_district,local_authority_ons_district,first_road_class,light_conditions,weather_conditions,road_surface_conditions,urban_or_rural_area,vehicle_manoeuvre,vehicle_direction_from,vehicle_direction_to,hit_object_in_carriageway,vehicle_leaving_carriageway,hit_object_off_carriageway,is_car,is_cyle,is_mcyle,is_goodsv,is_other,is_pedestrian,month,day
2024991474278,2024,991474278,309928,688355,-3.44878,56.07949,2,"[3, 2]",3,17:10,-1,S12000047,6,0,1,0,1,"[3, 19]","[8, 6, 3]","[3, 1, 7]",0,0,0,1,0,1,0,0,0,7,30
2024991474310,2024,991474310,282216,706205,-3.90169,56.23375,3,3,6,00:50,-1,S12000048,3,2,1,0,2,"[19, 9]",6,"[2, 4]","[7, 0]","[4, 0]",0,1,0,0,0,0,0,7,26
2024991474311,2024,991474311,285217,749270,-3.87222,56.62118,2,"[3, 2]",5,07:46,-1,S12000048,4,0,1,0,2,19,"[6, 8]","[2, 4]",0,0,0,1,0,0,1,0,0,5,16
2024991474358,2024,991474358,258914,665429,-4.25582,55.86133,2,2,3,13:50,-1,S12000049,6,0,1,0,1,"[3, 19]",3,7,"[0, 8]",0,0,1,1,0,0,0,0,7,23
2024991474409,2024,991474409,394598,664281,-2.0879,55.87167,3,3,4,13:30,-1,S12000026,6,0,1,0,1,9,2,8,0,0,0,1,0,0,0,0,1,7,31
2024991474437,2024,991474437,327414,676172,-3.1646,55.97303,3,3,4,16:40,-1,S12000036,6,0,1,0,1,19,8,4,0,0,0,1,0,0,0,0,1,7,31
2024991474466,2024,991474466,240238,624795,-4.53024,55.49076,3,3,4,16:35,-1,S12000028,4,0,1,0,2,19,"[6, 2]","[2, 6]",0,0,0,1,0,0,0,0,0,7,31
2024991474489,2024,991474489,255356,664591,-4.31217,55.85276,3,3,2,13:30,-1,S12000049,3,0,1,0,1,4,3,7,0,0,0,1,0,0,0,0,0,7,29
2024991474506,2024,991474506,352192,648620,-2.76278,55.72861,3,3,4,17:40,-1,S12000026,3,0,1,0,2,19,1,5,"[12, 0]",0,0,1,0,0,0,0,0,7,31
2024991474517,2024,991474517,261898,665497,-4.20821,55.86281,3,3,4,17:18,-1,S12000049,4,0,1,0,1,19,6,3,0,0,0,0,1,0,1,0,0,7,31
2024991474524,2024,991474524,272189,655234,-4.03908,55.77349,3,3,4,17:00,-1,S12000029,6,0,1,0,1,19,3,7,0,0,0,1,0,0,0,0,1,7,31
2024991474528,2024,991474528,257237,665814,-4.28279,55.8643,3,3,3,17:30,-1,S12000049,6,0,1,0,1,"[19, 7]","[8, 2]","[4, 8]",0,0,0,1,0,1,0,0,0,7,30
2024991474530,2024,991474530,252776,655626,-4.34849,55.77149,3,3,4,22:17,-1,S12000011,6,2,1,0,1,20,5,1,0,0,0,1,0,0,0,0,0,7,31
2024991474533,2024,991474533,348284,731839,-2.84114,56.47582,3,3,4,15:36,-1,S12000042,3,0,1,0,1,19,"[2, 4]","[6, 7]",0,0,0,1,0,0,0,0,0,7,31
2024991474539,2024,991474539,254095,625173,-4.31132,55.49849,2,"[2, 3]",4,22:29,-1,S12000008,4,2,1,0,2,19,5,1,0,1,9,1,0,0,0,0,0,7,31
2024991474544,2024,991474544,328710,668449,-3.1418,55.90385,3,3,4,23:57,-1,S12000036,4,2,1,0,1,"[15, 9]",4,"[7, 1]",0,0,0,1,0,0,0,0,0,7,31
2024991474595,2024,991474595,277166,666433,-3.96485,55.87535,2,2,5,07:40,-1,S12000050,3,0,1,0,1,19,"[8, 1]","[3, 4]",0,0,0,1,1,0,0,0,0,8,1
2024991474633,2024,991474633,325851,676817,-3.18982,55.97859,3,3,4,17:00,-1,S12000036,6,0,1,0,1,"[19, 9]","[6, 8]","[2, 6]",0,0,0,0,1,1,0,0,0,7,31
2024991474652,2024,991474652,259750,653623,-4.23638,55.75558,2,2,2,14:45,-1,S12000029,4,0,1,0,1,19,"[7, 5]","[3, 1]",0,0,0,1,1,0,0,0,0,7,29
2024991474793,2024,991474793,334754,646407,-3.03985,55.7067,2,2,4,10:40,-1,S12000026,4,0,1,0,2,19,1,5,0,1,0,0,0,1,0,0,0,7,31
2024991474872,2024,991474872,337325,732377,-3.01915,56.47932,2,2,7,03:44,-1,S12000042,3,0,1,0,1,19,1,5,0,0,0,1,0,1,0,0,0,7,27
2024991474884,2024,991474884,404593,846972,-1.92499,57.51291,2,2,5,16:20,-1,S12000034,3,0,1,0,2,19,"[3, 7]","[7, 3]",0,"[0, 1]","[0, 9]",1,0,0,0,0,0,8,1
2024991474900,2024,991474900,347898,680723,-2.83732,56.01658,3,3,5,16:10,-1,S12000010,6,0,1,0,2,"[13, 9]",5,1,0,0,0,1,1,0,0,0,0,8,1
2024991474904,2024,991474904,242573,634801,-4.49901,55.58134,3,3,5,20:00,-1,S12000008,6,0,1,0,1,19,8,4,0,0,0,1,0,0,0,0,1,8,1
2024991474927,2024,991474927,258932,663822,-4.25469,55.84691,2,"[3, 2]",4,22:24,-1,S12000049,3,2,1,0,1,"[9, 19]","[2, 5]","[8, 2]",0,0,0,1,0,0,0,0,0,7,31
2024991474929,2024,991474929,292032,688590,-3.73627,56.07789,3,3,5,20:34,-1,S12000047,3,0,1,0,2,19,5,1,0,1,0,0,1,0,0,0,0,8,1
2024991474934,2024,991474934,305217,724962,-3.53756,56.40735,2,2,5,15:30,-1,S12000048,3,0,1,0,2,7,7,3,0,7,0,1,0,0,0,0,0,8,1
2024991474974,2024,991474974,324230,572777,-3.18731,55.0437,2,2,5,18:35,-1,S12000006,4,0,1,0,2,19,4,8,0,0,0,0,1,0,0,0,0,7,25
2024991475031,2024,991475031,261683,653193,-4.20539,55.75228,3,3,7,09:37,-1,S12000029,6,0,1,0,1,"[19, 5]","[3, 5]",1,0,0,0,1,1,0,0,0,0,7,27
2024991475095,2024,991475095,358986,739938,-2.66871,56.54963,3,3,6,06:35,-1,S12000041,6,0,1,0,2,19,7,3,0,0,0,0,1,0,0,0,1,8,2
2024991475117,2024,991475117,253413,694474,-4.35947,56.12043,3,3,5,13:00,-1,S12000030,3,2,1,0,2,19,"[3, 5]","[8, 1]",0,"[0, 2]","[0, 11]",1,0,0,0,0,0,8,1
2024991475308,2024,991475308,141312,956406,-6.43188,58.4192,2,2,5,16:15,-1,S12000013,3,0,1,0,2,"[13, 19]","[2, 6]","[6, 2]",0,0,0,1,0,0,1,0,0,8,1
2024991475317,2024,991475317,302680,712419,-3.57401,56.29419,2,2,6,14:30,-1,S12000048,4,0,1,0,2,19,5,1,0,0,0,0,0,1,0,0,0,8,2
2024991475327,2024,991475327,287717,810315,-3.85853,57.16989,2,2,6,16:45,-1,S12000017,3,0,1,0,2,19,3,7,0,"[0, 1]",0,1,0,0,1,0,0,8,2
2024991475331,2024,991475331,206796,573941,-5.0239,55.02237,2,"[2, 3]",4,10:00,-1,S12000028,3,0,1,0,2,19,"[6, 2]","[2, 6]",0,"[0, 7]",0,1,0,0,0,0,0,7,24
2024991475349,2024,991475349,313383,731096,-3.40731,56.46401,2,"[3, 2]",6,16:35,-1,S12000048,3,0,1,0,2,19,"[1, 5]","[5, 1]",0,"[1, 0]",0,1,0,0,0,0,0,8,2
2024991475352,2024,991475352,224481,641520,-4.78995,55.63546,2,2,7,13:10,-1,S12000021,4,0,1,0,1,4,4,8,0,0,0,1,0,0,0,0,0,7,27
2024991475470,2024,991475470,289460,721252,-3.79121,56.37061,2,"[3, 2]",6,17:42,-1,S12000048,6,0,1,0,2,19,"[8, 4]","[4, 8]",0,0,0,1,0,0,0,0,0,6,14
2024991475506,2024,991475506,273120,665084,-4.02884,55.86219,3,3,7,09:00,-1,S12000050,3,0,1,0,1,19,4,"[7, 8]",0,0,0,1,0,0,1,0,0,8,3
2024991475509,2024,991475509,274303,654714,-4.00516,55.76938,1,1,7,03:20,-1,S12000029,1,2,1,0,1,19,8,4,0,0,0,0,0,0,1,0,1,8,3
2024991475584,2024,991475584,328938,699403,-3.14637,56.18194,3,3,2,17:38,-1,S12000047,4,0,1,0,1,5,2,6,0,0,0,1,0,0,0,0,0,7,15
2024991475655,2024,991475655,259346,665128,-4.24876,55.85876,2,2,1,00:15,-1,S12000049,6,2,1,1,1,9,5,3,0,0,0,1,0,0,0,0,1,8,4
2024991475679,2024,991475679,262784,707925,-4.21581,56.24398,3,3,4,13:00,-1,S12000030,3,0,1,0,1,20,3,7,10,0,0,1,0,0,0,0,1,7,31
2024991475692,2024,991475692,288199,695311,-3.80064,56.13737,3,3,7,13:40,-1,S12000005,4,0,1,0,2,19,7,3,0,1,0,1,0,0,0,0,0,8,3
2024991475707,2024,991475707,242493,816632,-4.60967,57.21328,2,2,3,16:40,-1,S12000017,3,0,1,0,2,13,8,4,0,"[0, 7]","[0, 1]",1,0,1,0,0,0,7,30
2024991475776,2024,991475776,259653,664904,-4.24375,55.85684,3,3,7,23:05,-1,S12000049,3,2,9,0,1,19,6,2,0,0,0,1,0,0,0,0,0,7,13
2024991475797,2024,991475797,235746,540936,-4.55277,54.73648,3,3,4,10:05,-1,S12000006,3,0,1,0,2,19,"[7, 2]","[2, 7]",0,0,0,1,0,0,0,0,0,7,24
2024991475849,2024,991475849,262740,664078,-4.19405,55.85031,2,2,1,16:30,-1,S12000049,6,0,1,0,1,"[2, 19]","[0, 4]","[0, 1]","[0, 4]","[0, 7]",0,1,0,0,0,0,1,8,4
2024991475857,2024,991475857,335820,698994,-3.03542,56.17924,2,2,1,16:40,-1,S12000047,6,0,1,0,1,19,4,8,0,0,0,0,0,1,0,0,0,8,4
2024991475877,2024,991475877,342685,755467,-2.93726,56.68741,3,3,1,16:08,-1,S12000041,4,0,1,0,2,"[19, 9]","[4, 7]","[8, 4]",0,0,0,1,0,0,0,0,0,8,4
2024991475902,2024,991475902,274917,663488,-3.99941,55.84832,2,2,2,00:25,-1,S12000050,6,2,2,1,1,9,5,3,0,0,0,1,0,0,0,0,1,8,5
2024991475909,2024,991475909,258986,666386,-4.25517,55.86995,3,3,1,00:18,-1,S12000049,3,2,2,1,1,4,3,7,0,0,0,1,0,0,0,0,0,8,4
2024991475921,2024,991475921,258754,862201,-4.36695,57.62757,2,2,1,12:35,-1,S12000017,3,0,1,0,2,19,2,5,0,7,7,1,0,0,0,0,0,8,4
2024991475934,2024,991475934,317873,670785,-3.31579,55.9231,3,3,7,10:55,-1,S12000036,1,0,1,0,2,"[19, 3]",6,2,0,0,0,1,0,0,0,0,0,8,3
2024991475980,2024,991475980,276728,896368,-4.0838,57.93953,3,3,2,07:45,-1,S12000017,3,0,2,1,2,19,1,5,0,1,9,1,0,0,0,0,0,8,5
2024991476041,2024,991476041,323800,672844,-3.22155,55.94258,2,2,4,11:12,-1,S12000036,3,0,1,0,1,"[2, 15]",6,2,"[0, 4]",0,0,1,1,0,0,0,0,7,31
2024991476102,2024,991476102,349758,735577,-2.81794,56.50955,3,3,2,11:55,-1,S12000041,4,0,1,0,2,19,"[3, 7]","[7, 3]",0,0,0,1,0,0,0,0,0,8,5
2024991476111,2024,991476111,256926,661599,-4.28553,55.82636,3,3,3,15:30,-1,S12000049,3,0,1,0,1,"[19, 3]",6,2,"[8, 0]",0,0,1,1,0,0,0,0,7,30
2024991476120,2024,991476120,353976,702530,-2.74361,56.21311,2,2,1,13:05,-1,S12000047,3,0,1,0,2,19,3,1,0,0,0,0,0,1,0,0,0,8,4
2024991476124,2024,991476124,225747,675449,-4.79157,55.94041,3,3,4,14:30,-1,S12000018,3,0,1,0,1,"[19, 5]","[7, 1]","[3, 6]",0,0,0,1,0,0,0,0,0,7,31
2024991476125,2024,991476125,338667,672857,-2.98357,55.94482,2,"[3, 2]",2,11:50,-1,S12000010,3,0,1,0,2,"[9, 14]",7,"[5, 3]",0,"[7, 0]",0,1,0,0,0,0,0,8,5
2024991476129,2024,991476129,242902,637816,-4.49552,55.60851,2,2,1,13:35,-1,S12000008,3,0,1,0,1,"[19, 5]","[1, 3]",5,0,0,0,1,0,0,0,0,0,8,4
2024991476134,2024,991476134,326363,672413,-3.18041,55.93911,3,3,2,11:14,-1,S12000036,3,0,1,0,1,19,7,3,0,0,0,1,0,0,0,0,1,8,5
2024991476142,2024,991476142,293899,646571,-3.68981,55.70094,3,3,1,06:45,-1,S12000029,3,0,1,1,2,"[19, 9]","[3, 5]","[7, 3]",0,0,0,1,0,0,0,0,0,8,4
2024991476187,2024,991476187,319862,687825,-3.28906,56.0765,3,3,3,18:39,-1,S12000047,3,0,1,0,2,19,"[8, 5]","[5, 8]",0,0,0,1,0,0,0,0,0,5,7
2024991476271,2024,991476271,330143,667739,-3.1187,55.89768,2,"[3, 2]",2,14:50,-1,S12000036,3,0,2,0,2,19,7,3,0,0,0,1,0,0,0,0,0,8,5
2024991476284,2024,991476284,269015,661465,-4.09264,55.82859,2,"[3, 2]",2,22:30,-1,S12000029,1,2,2,1,1,19,"[4, 6]",7,0,0,0,1,0,0,0,0,0,8,5
2024991476287,2024,991476287,213477,536724,-4.8955,54.69091,3,3,4,12:36,-1,S12000006,3,0,2,1,2,"[19, 2]","[4, 0]","[8, 0]","[4, 0]",0,0,1,0,0,0,0,0,7,3
2024991476294,2024,991476294,246188,605986,-4.42579,55.32381,3,3,7,14:00,-1,S12000008,4,0,1,0,2,19,"[3, 7]","[7, 3]","[6, 0]",0,0,1,0,0,0,0,0,7,27
2024991476295,2024,991476295,271089,660677,-4.05918,55.82208,2,2,3,00:41,-1,S12000050,3,2,2,1,1,"[13, 2]",7,"[3, 7]",4,0,0,1,0,0,0,0,0,8,6
2024991476525,2024,991476525,257690,665739,-4.27552,55.86376,3,3,5,11:12,-1,S12000049,6,0,1,0,1,"[19, 5]","[1, 3]",5,0,"[0, 7]",0,1,1,0,0,0,0,8,1
2024991476545,2024,991476545,325987,673451,-3.18671,55.94837,3,3,4,16:50,-1,S12000036,3,0,1,0,1,4,5,1,0,0,0,0,0,0,1,0,1,7,31
2024991476546,2024,991476546,303992,661369,-3.53449,55.83596,2,2,3,07:45,-1,S12000040,4,0,1,0,2,19,8,6,0,1,9,0,0,1,0,0,0,8,6
2024991476555,2024,991476555,335521,672961,-3.03396,55.94535,2,2,3,07:30,-1,S12000010,3,0,1,0,1,"[7, 19]","[5, 7]","[8, 4]",0,0,0,1,0,0,0,0,0,8,6
2024991476561,2024,991476561,261471,960001,-4.37919,58.50608,2,2,3,10:30,-1,S12000017,3,0,1,0,2,"[19, 4]",3,7,0,0,0,1,0,1,0,0,0,8,6
2024991476630,2024,991476630,267037,674202,-4.13045,55.94241,3,3,4,10:00,-1,S12000045,6,0,1,1,1,1,1,5,0,0,0,1,0,0,0,0,1,6,26
2024991476652,2024,991476652,328984,669323,-3.13765,55.91174,2,2,3,14:26,-1,S12000036,6,0,1,0,1,2,0,0,0,0,0,1,0,0,0,0,1,8,6
2024991476685,2024,991476685,321888,701076,-3.2604,56.19586,3,3,3,22:10,-1,S12000047,6,2,1,0,2,19,"[1, 7]","[5, 3]",0,0,0,1,0,0,0,0,0,8,6
2024991476706,2024,991476706,327793,701338,-3.16534,56.19915,3,3,2,18:30,-1,S12000047,6,0,1,0,1,"[5, 4]",0,1,0,0,0,1,0,0,0,0,0,7,29
2024991476749,2024,991476749,319880,659817,-3.28043,55.82492,3,3,1,07:30,-1,S12000019,3,0,1,0,2,19,"[6, 2]","[2, 6]",0,"[0, 2]",0,1,0,0,0,0,0,8,4
2024991476903,2024,991476903,317962,670850,-3.31438,55.9237,3,3,4,12:47,-1,S12000036,1,0,1,0,2,19,6,2,0,0,0,1,0,0,0,0,0,8,7
2024991476980,2024,991476980,261257,667768,-4.21961,55.88301,2,2,4,14:05,-1,S12000049,6,0,1,0,1,7,1,3,0,0,0,1,0,0,0,0,1,8,7
2024991476991,2024,991476991,263736,686240,-4.18936,56.04957,2,2,2,20:18,-1,S12000030,4,0,1,0,2,19,"[3, 8]","[8, 3]",0,"[1, 0]",0,1,0,1,0,0,0,7,29
2024991477031,2024,991477031,213637,776244,-5.05684,56.84016,3,3,3,09:50,-1,S12000017,3,0,1,0,1,"[19, 9]",5,1,0,0,0,1,0,0,0,0,0,8,6
2024991477068,2024,991477068,345596,798593,-2.899,57.07513,2,2,4,16:39,-1,S12000034,3,0,1,0,2,19,3,7,0,1,11,1,0,0,0,0,0,8,7
2024991477082,2024,991477082,258230,662329,-4.26512,55.8333,3,3,3,22:10,-1,S12000049,6,2,2,1,1,19,8,4,10,1,10,1,0,0,0,0,0,8,6
2024991477091,2024,991477091,371987,832183,-2.46752,57.37922,2,"[3, 2]",4,17:00,-1,S12000034,3,0,1,0,2,19,"[4, 8]","[8, 4]",0,0,0,1,0,0,0,0,0,8,7
2024991477099,2024,991477099,321528,862730,-3.31636,57.64763,3,3,5,12:20,-1,S12000020,6,0,1,0,1,19,6,3,0,0,0,1,0,0,0,0,1,7,25
2024991477132,2024,991477132,300190,577273,-3.56496,55.07983,3,3,3,08:54,-1,S12000006,3,0,1,0,2,"[4, 19]",3,7,0,0,0,1,0,0,0,0,0,8,6
2024991477142,2024,991477142,261634,554039,-4.15727,54.86194,3,3,1,12:20,-1,S12000006,3,0,1,0,2,"[19, 5]","[8, 1]","[4, 7]",0,0,0,1,0,0,0,0,0,7,28
2024991477146,2024,991477146,359217,760045,-2.66813,56.73027,2,2,6,16:32,-1,S12000041,3,0,1,0,1,"[4, 19]",3,7,0,0,0,1,1,0,0,0,0,5,10
2024991477227,2024,991477227,255173,665228,-4.31543,55.85842,2,2,4,06:30,-1,S12000049,6,0,1,0,1,19,1,4,10,7,2,1,0,0,0,0,0,8,7
2024991477277,2024,991477277,279902,803003,-3.98417,57.10226,2,2,4,12:13,-1,S12000017,3,0,1,0,2,19,6,2,0,"[0, 1]",0,1,0,0,0,0,0,8,7
2024991477285,2024,991477285,255301,672925,-4.3175,55.92756,3,3,3,14:45,-1,S12000045,6,0,1,0,1,19,7,3,0,0,0,1,0,0,0,0,1,8,6
2024991477413,2024,991477413,259322,661738,-4.24739,55.82832,2,2,4,08:40,-1,S12000049,3,0,1,0,1,"[8, 19]",5,"[7, 1]",0,0,0,1,0,0,0,0,0,8,7
2024991477432,2024,991477432,359406,639554,-2.64658,55.64782,3,3,5,14:45,-1,S12000026,3,0,1,0,2,19,"[5, 2]","[2, 5]",0,1,"[10, 0]",1,0,0,0,0,0,8,8
2024991477433,2024,991477433,253746,655677,-4.33307,55.77224,2,2,6,16:49,-1,S12000011,3,0,1,0,1,"[19, 7]","[2, 4]",6,0,"[7, 0]",0,1,1,0,0,0,0,8,2
2024991477483,2024,991477483,255054,673651,-4.32184,55.934,2,2,5,14:15,-1,S12000045,6,0,1,1,1,4,1,5,0,0,0,1,0,0,0,0,1,8,8
2024991477532,2024,991477532,306702,604602,-3.47203,55.3266,3,3,5,18:30,-1,S12000006,2,2,2,1,2,"[12, 2]","[4, 0]","[8, 0]","[0, 1]","[2, 0]","[7, 0]",1,0,0,0,0,0,8,8
2024991477543,2024,991477543,326934,693180,-3.17693,56.12574,3,3,3,14:40,-1,S12000047,6,0,1,0,1,5,3,7,0,0,0,1,0,0,0,0,1,8,6
2024991477552,2024,991477552,386133,786930,-2.22973,56.97337,3,3,2,15:00,-1,S12000034,3,0,1,0,1,19,2,"[6, 4]",0,0,0,1,1,0,0,0,0,7,15
2024991477727,2024,991477727,265713,662803,-4.14597,55.8397,2,"[3, 2]",7,10:40,-1,S12000049,6,0,1,0,1,"[9, 19]","[1, 7]","[7, 3]",0,0,0,1,0,0,0,0,0,5,11
2024991477761,2024,991477761,213785,557861,-4.9043,54.88072,2,2,4,18:30,-1,S12000006,3,0,1,0,2,"[19, 13]","[8, 4]","[4, 8]",0,"[0, 1, 7]",0,1,0,0,1,1,0,7,31
2024991477787,2024,991477787,302784,686127,-3.5627,56.05808,2,"[3, 2]",5,19:10,-1,S12000047,4,0,1,0,2,19,"[2, 7]","[7, 2]",0,"[1, 0]","[11, 0]",1,0,0,0,0,0,8,1
2024991477872,2024,991477872,255611,661040,-4.30621,55.82095,3,3,6,15:15,-1,S12000049,6,0,2,1,1,"[4, 3]",6,1,0,0,0,1,0,0,0,0,0,8,9
2024991477886,2024,991477886,223583,924239,-5.00117,58.17165,2,"[3, 2]",6,10:45,-1,S12000017,3,0,1,0,2,19,"[8, 4]","[4, 8]",0,"[0, 7]",0,0,0,1,0,1,0,8,9
2024991477914,2024,991477914,325639,674048,-3.19245,55.95368,3,3,6,17:20,-1,S12000036,6,0,1,0,1,1,7,3,0,0,0,1,0,0,0,0,1,8,9
2024991477946,2024,991477946,250002,663127,-4.3968,55.83798,2,2,3,08:40,-1,S12000038,6,0,1,0,1,9,6,4,0,0,0,1,0,0,0,0,1,8,6
2024991477975,2024,991477975,247193,663283,-4.4417,55.8385,3,3,6,23:00,-1,S12000038,4,2,1,1,1,"[19, 9]","[3, 7]","[7, 3]",0,0,0,1,0,0,0,0,0,8,9
2024991477976,2024,991477976,254663,666981,-4.32451,55.874,3,3,6,20:30,-1,S12000049,6,2,8,1,1,"[19, 9]","[5, 1]","[1, 5, 3]",0,0,0,1,0,1,0,0,0,8,9
2024991477993,2024,991477993,257429,666995,-4.28035,55.87496,3,3,6,23:50,-1,S12000049,3,2,1,0,1,"[19, 6]",8,"[4, 8]",0,0,0,1,0,1,0,0,0,8,9
2024991478013,2024,991478013,267680,551805,-4.06212,54.84352,2,2,6,23:30,-1,S12000006,4,2,1,0,2,19,3,5,0,7,11,1,0,0,0,0,0,8,9
2024991478014,2024,991478014,390605,803452,-2.15679,57.1219,3,3,2,09:32,-1,S12000033,6,0,1,0,1,"[9, 7]","[6, 2]",4,0,0,0,1,1,0,0,0,0,3,18
2024991478022,2024,991478022,361802,796448,-2.63138,57.05749,1,"[2, 1]",1,14:57,-1,S12000034,3,0,1,0,2,19,"[7, 3]","[3, 7]",0,0,0,1,0,1,0,0,0,8,4
2024991478132,2024,991478132,351380,754944,-2.79523,56.6837,2,2,7,10:30,-1,S12000041,4,0,1,0,2,"[9, 19]","[2, 6]","[6, 2]",0,0,0,1,0,1,0,0,0,8,10
2024991478191,2024,991478191,298448,677108,-3.62889,55.97618,3,3,3,14:40,-1,S12000040,3,0,1,0,1,"[9, 19]","[1, 5]","[7, 1]",0,0,0,1,1,0,0,0,0,8,6
2024991478220,2024,991478220,313227,697320,-3.39871,56.16062,3,3,7,16:38,-1,S12000048,4,0,1,0,2,19,"[1, 5]","[5, 1]",0,0,0,1,0,1,0,0,0,8,10
2024991478224,2024,991478224,221103,810009,-4.95859,57.14601,2,2,7,10:25,-1,S12000017,3,0,2,1,2,"[19, 9]","[3, 7]","[7, 3]",0,0,0,1,0,1,0,0,0,8,10
2024991478260,2024,991478260,332741,672280,-3.07829,55.93885,2,2,7,19:08,-1,S12000010,6,0,1,0,1,19,"[8, 4]","[4, 7]",0,0,0,1,0,1,0,0,0,8,10
2024991478264,2024,991478264,263009,664671,-4.19006,55.85571,2,2,7,17:59,-1,S12000049,6,0,1,0,1,"[2, 19]","[0, 7]","[0, 3]","[0, 4]",0,0,1,0,0,0,0,0,8,10
2024991478265,2024,991478265,341607,797049,-2.96443,57.06077,3,3,6,22:15,-1,S12000034,4,2,4,0,2,19,4,8,0,0,0,1,0,0,0,0,0,8,9
2024991478280,2024,991478280,224780,641315,-4.78507,55.63373,3,3,7,15:45,-1,S12000021,4,0,1,0,1,19,3,7,0,0,0,1,0,0,0,0,1,8,10
2024991478291,2024,991478291,323386,668932,-3.22707,55.90737,3,3,7,20:12,-1,S12000036,6,0,1,0,1,19,5,3,10,0,0,1,0,0,0,0,0,8,10
2024991478402,2024,991478402,280773,721365,-3.93181,56.36951,3,3,1,01:15,-1,S12000048,6,2,1,0,2,19,7,2,0,1,11,1,0,0,0,0,0,8,11
2024991478442,2024,991478442,323563,856759,-3.28039,57.59436,2,2,1,09:20,-1,S12000020,3,0,1,0,2,19,"[2, 8]","[6, 5]",0,0,0,1,1,0,0,0,0,8,11
2024991478452,2024,991478452,321847,671606,-3.25245,55.93114,3,3,6,14:10,-1,S12000036,6,0,1,0,1,"[19, 7]",2,"[6, 4]",0,0,0,1,0,0,1,0,0,8,9
2024991478479,2024,991478479,245073,663630,-4.47572,55.84094,3,3,2,07:42,-1,S12000038,6,0,1,1,1,"[19, 9]",2,"[6, 7]",0,"[0, 1]",0,1,0,0,1,0,0,8,5
2024991478565,2024,991478565,302397,725878,-3.58358,56.415,3,3,4,13:44,-1,S12000048,3,0,1,0,2,"[19, 2]","[7, 0, 3]","[3, 0, 7]",0,0,0,1,0,0,1,0,0,2,14
2024991478599,2024,991478599,250171,665411,-4.39537,55.85853,3,3,1,14:18,-1,S12000038,6,0,1,0,1,19,"[5, 1]","[2, 5]",0,0,0,1,0,0,0,0,0,8,11
2024991478626,2024,991478626,312150,693442,-3.41476,56.1256,1,1,1,20:50,-1,S12000047,4,0,1,0,2,19,7,3,0,1,0,1,0,0,0,0,0,8,11
2024991478636,2024,991478636,250216,667019,-4.39554,55.87298,3,3,5,20:35,-1,S12000038,3,0,2,1,1,"[19, 2]",2,6,"[4, 0]",0,0,1,0,0,0,0,0,8,8
2024991478645,2024,991478645,345105,733287,-2.89305,56.48846,3,3,3,17:41,-1,S12000042,4,0,1,0,1,19,"[4, 7]","[7, 4]","[10, 0]","[7, 0]",0,1,0,0,0,0,0,8,6
2024991478649,2024,991478649,272258,659446,-4.03995,55.81133,3,3,1,09:28,-1,S12000050,3,0,1,0,1,19,"[2, 6]","[6, 2]",0,0,0,1,0,0,0,0,0,8,11
2024991478676,2024,991478676,198856,636017,-5.19236,55.57617,2,2,7,14:30,-1,S12000021,4,0,1,0,2,19,7,3,0,1,11,0,1,0,0,0,0,8,10
2024991478727,2024,991478727,266656,666122,-4.13256,55.86976,2,2,2,10:30,-1,S12000049,6,0,2,1,1,19,1,3,0,0,0,0,0,1,0,0,0,8,12
2024991478795,2024,991478795,255477,666589,-4.3113,55.87073,2,2,2,10:05,-1,S12000049,6,0,1,0,1,19,3,7,0,0,0,1,0,0,0,0,1,8,12
2024991478873,2024,991478873,326073,674423,-3.1856,55.95712,2,2,2,14:15,-1,S12000036,3,0,1,0,1,19,2,6,0,0,0,0,0,0,1,0,1,8,12
2024991478918,2024,991478918,251358,686731,-4.38818,56.05029,3,3,2,17:00,-1,S12000030,6,0,1,0,2,19,"[1, 5]","[5, 1]",0,0,0,1,0,0,0,0,0,8,12
2024991478965,2024,991478965,260136,663906,-4.23552,55.84802,2,2,2,20:05,-1,S12000049,6,0,1,0,1,19,4,8,0,0,0,0,1,0,0,0,1,8,12
2024991478968,2024,991478968,294750,856071,-3.76188,57.58238,2,2,7,15:30,-1,S12000017,3,0,1,0,2,19,2,6,0,0,0,1,0,0,0,0,0,8,10
2024991479051,2024,991479051,239413,665189,-4.56693,55.85308,2,2,6,07:00,-1,S12000038,3,0,1,0,1,"[19, 13]","[4, 8]","[8, 4]","[0, 11]",0,0,1,0,0,0,0,0,3,8
2024991479054,2024,991479054,285357,749319,-3.86996,56.62165,3,3,7,12:10,-1,S12000048,6,0,1,0,2,1,1,5,0,0,0,1,0,0,0,0,1,8,10
2024991479213,2024,991479213,318558,671100,-3.30492,55.92605,3,3,3,07:00,-1,S12000036,6,0,1,0,1,"[9, 19]",5,"[3, 1]",0,0,0,1,1,0,0,0,0,8,13
2024991479235,2024,991479235,224189,643092,-4.79559,55.64946,3,3,3,09:40,-1,S12000021,6,0,2,1,2,19,2,6,0,"[0, 7]","[0, 2]",1,0,0,0,0,0,8,13
2024991479273,2024,991479273,342685,755466,-2.93726,56.6874,3,3,2,20:04,-1,S12000041,4,0,1,0,2,"[19, 9]","[8, 2]","[4, 8]",0,0,0,1,0,0,0,0,0,8,12
2024991479378,2024,991479378,247232,663060,-4.44095,55.83651,2,2,3,16:17,-1,S12000038,4,0,1,0,1,9,6,4,0,0,0,1,0,0,0,0,1,8,13