collision_index,collision_year,collision_ref_no,location_easting_osgr,location_northing_osgr,longitude,latitude,casualty_severity,casualty_severity,day_of_week,time,local_authority_district,local_authority_ons_district,first_road_class,light_conditions,weather_conditions,road_surface_conditions,urban_or_rural_area,vehicle_manoeuvre,vehicle_direction_from,vehicle_direction_to,hit_object_in_carriageway,vehicle_leaving_carriageway,hit_object_off_carriageway,is_car,is_cyle,is_mcyle,is_goodsv,is_other,is_pedestrian,month,day
2024991479444,2024,991479444,334103,951078,-3.13051,58.44301,1,1,3,19:40,-1,S12000017,3,0,4,0,2,"[13, 9]",3,7,0,7,"[11, 0]",0,0,1,0,1,0,8,13
2024991479558,2024,991479558,258665,665286,-4.25972,55.85998,1,1,3,14:36,-1,S12000049,6,0,1,0,1,7,5,7,0,0,0,1,0,0,0,0,1,8,13
2024991479565,2024,991479565,270652,658325,-4.06503,55.80084,3,3,4,09:03,-1,S12000029,4,0,1,0,1,"[19, 7]","[1, 2]",4,0,0,0,1,0,0,0,0,0,8,14
2024991479640,2024,991479640,312992,688110,-3.39948,56.07786,3,3,5,10:05,-1,S12000047,6,0,1,0,1,19,"[1, 3]","[5, 7]",0,0,0,1,0,0,1,0,0,1,18
2024991479641,2024,991479641,324984,670082,-3.20183,55.91795,3,3,4,11:15,-1,S12000036,6,0,1,0,1,19,7,3,0,1,2,1,0,0,0,0,0,8,14
2024991479670,2024,991479670,231918,719381,-4.72062,56.33687,3,3,4,13:00,-1,S12000030,3,0,1,0,2,19,"[1, 5]","[5, 1]",0,"[7, 0]",0,1,0,0,0,0,0,8,14
2024991479685,2024,991479685,199023,713200,-5.24715,56.26861,2,2,4,13:00,-1,S12000035,4,0,1,0,2,19,3,7,0,1,0,0,0,1,0,0,0,8,14
2024991479741,2024,991479741,242747,662977,-4.51244,55.83432,3,3,4,16:07,-1,S12000038,6,0,1,0,1,"[19, 5]","[6, 8]","[1, 4]",0,0,0,1,0,0,0,0,0,8,14
2024991479768,2024,991479768,246594,667824,-4.45383,55.87907,3,3,4,14:52,-1,S12000038,3,0,1,0,2,"[19, 5]","[5, 4]",8,0,0,0,1,0,1,0,0,0,8,14
2024991479837,2024,991479837,274768,662414,-4.0013,55.83864,3,3,4,15:55,-1,S12000050,3,2,1,0,1,"[19, 12]",7,3,0,0,0,1,0,0,0,0,0,8,14
2024991479878,2024,991479878,326970,657591,-3.16669,55.80605,2,"[3, 2]",3,19:50,-1,S12000019,6,0,1,0,2,19,1,5,0,7,0,1,0,0,0,0,0,6,18
2024991479880,2024,991479880,341010,673098,-2.94612,55.94728,2,2,3,16:10,-1,S12000010,6,0,1,1,1,"[19, 9]","[8, 3]","[5, 8]",0,0,0,1,0,1,0,0,0,7,9
2024991479937,2024,991479937,310216,592543,-3.41281,55.21892,3,3,2,17:16,-1,S12000006,2,0,1,0,2,13,1,5,11,0,0,1,0,0,0,0,0,7,22
2024991480034,2024,991480034,303164,716181,-3.56757,56.32807,2,"[2, 3]",7,12:00,-1,S12000048,4,0,1,0,2,"[13, 19]",6,2,0,"[0, 1, 7]",0,1,1,0,0,0,0,8,10
2024991480057,2024,991480057,365297,766351,-2.56963,56.78741,2,"[3, 2]",4,11:33,-1,S12000034,3,0,1,0,2,19,"[8, 6]","[6, 2]",0,0,0,1,0,0,0,0,0,8,14
2024991480074,2024,991480074,271248,655932,-4.0544,55.77951,2,2,5,11:15,-1,S12000029,6,0,2,1,1,19,4,2,0,0,0,1,0,0,0,0,1,8,15
2024991480128,2024,991480128,325067,674214,-3.20165,55.95508,3,3,5,10:50,-1,S12000036,6,0,1,0,1,"[19, 11]",5,"[8, 1]",0,0,0,1,0,0,1,0,0,8,8
2024991480138,2024,991480138,284932,901244,-3.9477,57.9855,2,"[3, 2]",5,12:15,-1,S12000017,3,0,1,1,2,"[19, 9]","[1, 5]","[5, 2]",0,0,0,1,0,0,0,0,0,7,4
2024991480168,2024,991480168,229097,649606,-4.72175,55.70968,3,3,4,13:00,-1,S12000021,4,0,1,0,1,"[10, 9]","[7, 4]","[3, 2]",0,0,0,1,0,1,0,0,0,8,14
2024991480222,2024,991480222,319909,687477,-3.2882,56.07338,1,1,5,18:50,-1,S12000047,3,0,1,0,2,19,"[3, 1]","[1, 3]",0,"[0, 7]",0,1,0,0,0,0,0,8,15
2024991480233,2024,991480233,261440,665019,-4.21528,55.85839,3,3,5,19:10,-1,S12000049,6,0,1,0,1,19,3,7,0,0,0,1,0,0,0,0,1,8,15
2024991480234,2024,991480234,244065,636603,-4.47639,55.598,3,3,5,20:05,-1,S12000008,3,0,1,0,1,"[13, 19]",7,"[1, 3]",0,1,7,1,0,0,0,0,0,8,15
2024991480273,2024,991480273,286775,663932,-3.81031,55.85524,3,3,6,00:30,-1,S12000050,1,2,1,0,2,19,7,2,0,7,4,1,0,0,0,0,0,8,16
2024991480283,2024,991480283,324813,673109,-3.20541,55.94512,3,3,6,03:04,-1,S12000036,3,2,1,0,1,"[6, 19]",5,"[5, 1]",0,0,0,1,1,0,0,0,0,8,16
2024991480298,2024,991480298,290425,680574,-3.7588,56.00554,3,3,5,12:40,-1,S12000014,3,0,1,1,1,19,7,3,0,0,0,1,0,0,0,1,0,8,15
2024991480326,2024,991480326,288800,679966,-3.78459,55.99971,2,2,6,10:00,-1,S12000014,6,0,1,0,1,7,1,3,0,0,0,1,0,0,0,0,1,2,2
2024991480359,2024,991480359,327815,672627,-3.15723,55.94125,2,2,3,18:00,-1,S12000036,6,0,2,1,1,19,"[2, 3]",7,0,0,0,1,1,0,0,0,0,5,21
2024991480489,2024,991480489,252829,850172,-4.45877,57.51772,3,3,3,10:45,-1,S12000017,3,0,1,0,2,19,4,"[8, 4]",0,1,0,1,1,0,0,0,1,8,6
2024991480505,2024,991480505,279343,660096,-3.92726,55.81899,3,3,6,08:00,-1,S12000050,6,0,1,1,2,19,4,1,10,1,11,1,0,0,0,0,0,8,16
2024991480507,2024,991480507,339932,732149,-2.97678,56.47761,2,2,7,14:45,-1,S12000042,6,0,9,1,1,19,6,3,0,0,0,1,0,0,0,0,1,8,10
2024991480508,2024,991480508,355087,634066,-2.7143,55.59813,2,2,4,18:00,-1,S12000026,6,0,1,0,2,19,2,6,0,0,0,1,0,0,0,0,1,8,7
2024991480526,2024,991480526,260670,664031,-4.22707,55.84929,2,2,6,12:06,-1,S12000049,3,0,1,0,1,19,4,8,0,0,0,0,0,0,1,0,1,8,16
2024991480536,2024,991480536,352991,615176,-2.74435,55.42821,3,3,6,15:30,-1,S12000026,3,0,1,0,2,19,5,2,0,1,11,0,0,1,0,0,0,8,16
2024991480558,2024,991480558,292792,645663,-3.70705,55.69255,2,2,6,15:16,-1,S12000029,3,0,1,0,2,19,5,1,0,1,0,0,0,1,0,0,0,8,16
2024991480644,2024,991480644,256239,661590,-4.29649,55.82608,3,3,6,19:57,-1,S12000049,6,0,1,0,1,6,4,4,0,7,2,1,0,0,0,0,1,8,16
2024991480651,2024,991480651,250722,654422,-4.38054,55.76005,3,3,6,16:48,-1,S12000011,4,0,1,0,2,19,2,6,0,7,11,1,0,0,0,0,0,8,16
2024991480675,2024,991480675,286799,660232,-3.80839,55.82202,2,2,6,21:37,-1,S12000050,6,2,1,0,1,"[9, 14]",5,1,10,0,0,1,0,0,0,1,0,8,16
2024991480712,2024,991480712,345171,720229,-2.88923,56.37117,3,3,7,05:30,-1,S12000047,3,0,1,0,1,19,"[5, 1]","[1, 5]",0,"[0, 2]",0,1,0,0,0,0,0,8,17
2024991480724,2024,991480724,360839,739131,-2.63845,56.54254,3,3,5,09:15,-1,S12000041,3,0,2,1,2,"[9, 19]","[2, 3]","[6, 7]",0,"[1, 0]",0,1,0,0,0,0,0,8,15
2024991480760,2024,991480760,318046,670921,-3.31306,55.92436,3,3,7,10:25,-1,S12000036,1,0,1,0,2,"[3, 19]",6,1,"[4, 0]",0,0,1,0,0,0,0,0,8,17
2024991480765,2024,991480765,324256,672763,-3.21423,55.94192,3,3,7,08:15,-1,S12000036,6,0,1,0,1,"[10, 9, 19]","[8, 2, 6]","[6, 8, 2]",0,0,0,1,1,0,0,0,0,8,17
2024991480803,2024,991480803,258455,663508,-4.26214,55.84395,3,3,4,16:16,-1,S12000049,3,0,1,0,1,"[5, 3]",5,1,0,0,0,1,0,0,0,0,0,8,14
2024991480805,2024,991480805,339504,862577,-3.01522,57.64903,2,2,6,15:00,-1,S12000020,3,0,1,0,2,19,5,1,0,1,0,0,0,1,0,0,0,8,16
2024991480808,2024,991480808,303994,661384,-3.53446,55.8361,3,3,6,21:51,-1,S12000040,4,2,1,0,2,19,5,8,6,8,11,1,0,0,0,0,0,8,16
2024991480831,2024,991480831,308013,704633,-3.48516,56.22533,2,2,2,00:25,-1,S12000048,6,2,1,1,2,19,1,5,12,0,0,1,0,0,0,0,0,8,12
2024991480893,2024,991480893,342730,733340,-2.93162,56.48866,2,2,7,19:36,-1,S12000042,6,0,1,0,1,"[4, 13]",7,"[5, 3]",0,0,0,1,0,0,0,1,0,8,17
2024991480895,2024,991480895,272489,871954,-4.1423,57.7192,2,2,7,18:40,-1,S12000017,6,0,1,0,2,"[9, 15]",1,5,0,"[0, 7]",0,1,0,1,0,0,0,8,17
2024991480918,2024,991480918,347092,994739,-2.91829,58.83684,2,2,7,11:15,-1,S12000023,3,0,1,1,2,19,"[3, 7]","[7, 3]",0,"[1, 7]",0,1,0,0,0,0,0,8,17
2024991480925,2024,991480925,274341,673506,-4.01326,55.93813,1,1,7,21:22,-1,S12000050,3,2,1,0,1,19,7,3,0,1,0,1,0,0,0,0,0,8,17
2024991480929,2024,991480929,317165,741779,-3.34936,56.56064,2,2,6,13:32,-1,S12000048,3,0,1,0,2,"[19, 9]",1,5,0,0,0,1,0,1,0,0,0,8,16
2024991480964,2024,991480964,390951,808823,-2.15128,57.17016,3,3,7,17:18,-1,S12000033,6,0,1,0,1,"[19, 6]","[7, 3]","[3, 7]",0,0,0,1,0,1,0,0,0,8,10
2024991480985,2024,991480985,331267,672366,-3.10191,55.93941,3,3,1,07:00,-1,S12000036,3,0,2,1,1,"[4, 19]",5,1,0,0,0,1,0,1,0,0,0,8,18
2024991481022,2024,991481022,340788,862991,-2.99381,57.65292,2,2,1,09:20,-1,S12000020,3,0,1,0,2,19,2,6,0,1,0,1,0,0,0,0,0,8,18
2024991481046,2024,991481046,192968,691683,-5.328,56.07302,2,2,1,10:15,-1,S12000035,3,0,1,0,2,13,4,8,0,"[7, 0]","[9, 0]",1,0,0,0,0,0,8,18
2024991481047,2024,991481047,364693,759069,-2.57851,56.72195,2,2,1,09:00,-1,S12000041,3,2,1,0,2,19,3,7,0,0,0,0,0,1,0,0,0,8,18
2024991481052,2024,991481052,342059,732333,-2.94229,56.47953,3,3,1,12:14,-1,S12000042,6,0,1,0,1,19,6,2,0,7,0,1,0,0,0,0,0,8,18
2024991481060,2024,991481060,368769,607907,-2.49423,55.36416,2,2,7,11:40,-1,S12000026,3,0,1,0,2,19,5,7,0,8,7,0,0,1,0,0,0,8,17
2024991481077,2024,991481077,392890,808708,-2.11921,57.16916,2,2,6,17:20,-1,S12000033,6,0,1,0,1,"[20, 19]","[1, 5]","[7, 3]",0,0,0,1,1,0,0,0,0,8,16
2024991481119,2024,991481119,228806,703096,-4.76034,56.18962,2,"[3, 2]",1,15:09,-1,S12000035,3,0,1,1,2,19,6,2,0,8,11,1,0,0,0,0,0,8,18
2024991481156,2024,991481156,371308,850244,-2.48094,57.54141,2,2,1,15:56,-1,S12000034,4,0,1,0,2,19,7,2,0,2,4,1,0,0,0,0,0,8,18
2024991481283,2024,991481283,296726,676910,-3.65639,55.97403,3,3,6,15:37,-1,S12000014,6,0,1,0,2,19,8,4,0,0,0,1,0,0,0,0,1,8,16
2024991481429,2024,991481429,242901,637351,-4.49527,55.60434,3,3,6,16:25,-1,S12000008,4,0,1,0,1,"[5, 3]","[1, 7]","[6, 2]","[7, 0]",0,0,1,0,0,0,0,0,7,26
2024991481439,2024,991481439,288686,679412,-3.78619,55.99471,3,3,7,14:50,-1,S12000014,4,0,1,0,1,19,3,7,10,0,0,1,0,0,0,0,1,8,17
2024991481459,2024,991481459,302435,742136,-3.58906,56.56102,3,3,7,14:00,-1,S12000048,3,0,1,0,2,10,"[3, 5]","[5, 3]",0,0,0,1,0,1,0,0,0,8,10
2024991481506,2024,991481506,278158,700797,-3.96462,56.18417,3,3,5,17:30,-1,S12000030,4,0,1,0,1,"[3, 5]",2,6,0,0,0,1,0,0,0,0,0,8,15
2024991481558,2024,991481558,330240,669483,-3.1176,55.91336,3,3,2,17:15,-1,S12000019,3,0,2,1,2,"[19, 9]","[1, 3]","[5, 7]",0,0,0,1,0,0,0,0,0,8,19
2024991481574,2024,991481574,286845,714261,-3.83051,56.30722,2,2,2,17:55,-1,S12000048,3,0,2,1,2,19,1,5,0,1,4,1,0,0,0,0,0,8,19
2024991481576,2024,991481576,332674,943320,-3.15271,58.37313,3,3,2,20:30,-1,S12000017,3,2,2,1,2,19,1,5,0,7,0,1,0,0,0,0,0,8,19
2024991481596,2024,991481596,285919,632431,-3.81084,55.57214,3,3,2,22:50,-1,S12000029,1,2,2,1,2,19,4,1,0,1,7,1,0,0,0,0,0,8,19
2024991481602,2024,991481602,339191,731858,-2.98874,56.4749,3,3,3,17:43,-1,S12000042,6,0,2,1,1,"[9, 19]","[5, 3]","[3, 7]",0,0,0,1,0,0,0,0,0,7,9
2024991481622,2024,991481622,344163,722843,-2.90611,56.39453,2,2,5,10:15,-1,S12000047,3,0,1,0,2,19,8,4,0,0,0,1,0,0,0,1,0,2,29
2024991481624,2024,991481624,311644,683739,-3.41969,56.03835,2,2,2,18:00,-1,S12000047,6,0,1,0,1,"[5, 19]","[2, 8]","[8, 4]",0,0,0,1,1,0,0,0,0,8,12
2024991481628,2024,991481628,288507,856621,-3.86648,57.58582,3,3,2,12:10,-1,S12000017,4,0,1,0,1,4,2,6,10,1,0,1,0,0,0,0,1,8,19
2024991481648,2024,991481648,324692,674631,-3.20777,55.95877,3,3,5,12:30,-1,S12000036,4,0,2,1,1,19,6,2,0,0,0,1,0,0,0,0,1,8,15
2024991481654,2024,991481654,231756,638517,-4.67268,55.61108,2,2,2,13:30,-1,S12000021,6,0,1,0,1,19,6,2,0,0,0,1,0,0,0,0,1,8,19
2024991481688,2024,991481688,336793,731358,-3.02754,56.47009,3,3,3,07:30,-1,S12000042,6,0,1,1,1,"[9, 19]","[8, 7]","[7, 3]",0,0,0,1,0,0,0,0,0,8,20
2024991481725,2024,991481725,267320,846817,-4.21523,57.49209,3,3,2,14:30,-1,S12000017,3,0,1,0,1,"[4, 3]","[8, 1]","[4, 5]","[4, 0]",0,0,1,0,0,0,0,0,8,19
2024991481755,2024,991481755,233054,621730,-4.64197,55.46085,3,3,3,10:25,-1,S12000028,6,0,1,0,1,19,3,7,0,0,0,1,0,0,0,0,1,8,20
2024991481840,2024,991481840,274154,664766,-4.01219,55.8596,3,3,2,17:45,-1,S12000050,3,0,2,1,1,19,7,3,0,0,0,1,0,0,0,0,1,8,19
2024991481923,2024,991481923,333091,667268,-3.07145,55.89387,2,2,3,15:45,-1,S12000019,3,0,1,0,1,"[2, 20]","[0, 6]","[0, 2]",0,"[0, 1]",0,1,0,0,0,0,1,8,20
2024991481926,2024,991481926,394456,804347,-2.09321,57.13001,2,2,3,16:25,-1,S12000033,3,0,1,0,1,19,1,5,0,0,0,1,0,0,0,0,1,8,20
2024991481963,2024,991481963,282471,685991,-3.88865,56.0523,3,3,3,16:20,-1,S12000030,6,0,1,0,2,19,"[4, 8]","[8, 4]",0,0,0,1,0,0,0,0,0,8,20
2024991481971,2024,991481971,288390,745609,-3.81896,56.58907,3,3,3,17:27,-1,S12000048,3,0,1,1,2,19,5,1,0,1,10,1,0,0,0,0,0,8,20
2024991481978,2024,991481978,259355,665774,-4.24896,55.86456,2,2,3,13:42,-1,S12000049,6,0,2,1,1,7,7,1,0,0,0,0,0,0,1,0,1,8,20
2024991481983,2024,991481983,388922,809911,-2.18488,57.17989,2,2,3,19:08,-1,S12000033,3,0,1,0,1,19,8,4,0,0,0,1,0,0,0,0,1,8,20
2024991482007,2024,991482007,361206,675099,-2.62306,55.96732,2,"[3, 2]",3,20:30,-1,S12000010,6,2,1,0,2,19,3,7,0,1,4,1,0,0,0,0,0,8,20
2024991482008,2024,991482008,242527,641723,-4.5037,55.64346,2,"[3, 2]",3,18:00,-1,S12000008,4,0,5,1,2,19,"[7, 3]","[3, 7]",0,0,0,1,0,0,0,0,0,8,20
2024991482013,2024,991482013,359359,747475,-2.66382,56.61737,3,3,3,16:37,-1,S12000041,3,0,1,0,2,"[9, 13]","[5, 4]","[6, 5]",0,"[0, 1]",0,1,0,0,0,0,0,8,20
2024991482028,2024,991482028,267046,844727,-4.21866,57.47325,2,2,3,18:50,-1,S12000017,4,0,1,0,1,"[4, 5]",8,4,0,0,0,1,0,0,0,0,0,8,20
2024991482046,2024,991482046,280496,659629,-3.90866,55.81509,3,3,3,22:04,-1,S12000050,3,2,5,1,2,19,"[4, 2]","[8, 6]",0,"[1, 3]",11,1,0,0,0,0,0,8,20
2024991482154,2024,991482154,172360,620886,-5.59938,55.42882,3,3,4,08:58,-1,S12000035,4,0,2,1,1,"[8, 4]","[7, 2]","[3, 6]",0,0,0,1,1,0,0,0,0,8,21
2024991482178,2024,991482178,256835,714631,-4.31536,56.30242,2,"[2, 3]",2,13:45,-1,S12000030,3,0,2,1,2,19,"[8, 4]","[4, 8]",0,"[0, 1]",0,1,0,0,0,0,0,8,19
2024991482194,2024,991482194,252897,623706,-4.32949,55.48496,2,"[2, 3]",5,19:09,-1,S12000008,3,0,1,0,2,"[19, 6]","[4, 8]","[8, 4]",0,"[7, 0]",0,1,0,0,0,0,0,8,15
2024991482252,2024,991482252,308644,725271,-3.48216,56.4108,3,3,3,13:15,-1,S12000048,3,0,1,0,2,"[9, 19]","[8, 4]","[6, 7]",0,0,0,1,0,0,0,0,0,8,20
2024991482296,2024,991482296,288296,643521,-3.77767,55.67229,2,2,4,13:10,-1,S12000029,3,0,2,1,1,9,6,4,0,0,0,1,0,0,0,0,1,8,21
2024991482310,2024,991482310,310998,684916,-3.43045,56.0488,3,3,4,12:50,-1,S12000047,3,0,1,1,1,"[4, 19]",8,4,0,0,0,1,0,0,0,0,0,8,21
2024991482331,2024,991482331,338858,730797,-2.99389,56.46533,2,2,5,20:00,-1,S12000042,6,0,1,0,1,"[5, 19]","[1, 8]",4,0,0,0,1,1,0,0,0,0,8,15
2024991482340,2024,991482340,313536,696095,-3.39334,56.14968,3,3,3,18:00,-1,S12000048,1,0,2,1,2,19,1,5,0,1,11,1,0,0,0,0,0,8,20
2024991482398,2024,991482398,330023,710745,-3.13189,56.28398,2,2,4,17:45,-1,S12000047,3,0,5,1,2,19,"[1, 5]","[5, 1]",0,0,0,1,0,0,1,0,0,8,21
2024991482421,2024,991482421,267098,649719,-4.11749,55.7226,2,"[2, 3]",4,17:06,-1,S12000029,3,0,5,1,2,19,"[5, 8]","[7, 4]",0,"[7, 0]","[9, 0]",1,0,0,0,0,0,8,21
2024991482426,2024,991482426,259097,665040,-4.25269,55.85789,3,3,4,15:20,-1,S12000049,6,0,2,1,1,7,7,1,0,0,0,0,0,0,1,0,1,8,21
2024991482450,2024,991482450,319324,571266,-3.26364,55.02935,2,2,4,18:00,-1,S12000006,5,0,1,0,2,4,1,5,0,0,0,0,1,0,0,0,0,8,14
2024991482456,2024,991482456,259691,588694,-4.20454,55.17259,2,2,1,11:00,-1,S12000006,3,0,1,0,2,"[9, 19]","[6, 4]","[4, 8]",0,0,0,1,0,1,0,0,0,8,18
2024991482460,2024,991482460,252108,664629,-4.36402,55.85211,3,3,4,21:30,-1,S12000049,6,2,2,1,1,"[5, 13]","[4, 3]",7,0,0,0,1,1,0,0,0,0,8,21
2024991482463,2024,991482463,140566,939041,-6.42509,58.26326,2,2,4,22:25,-1,S12000013,3,2,5,1,2,4,8,4,0,7,0,1,0,0,0,0,0,8,21
2024991482465,2024,991482465,301475,666750,-3.57662,55.88378,3,3,5,00:45,-1,S12000040,3,2,5,1,2,19,6,3,0,1,4,1,0,0,0,0,0,8,22
2024991482489,2024,991482489,256364,664284,-4.29592,55.8503,3,3,4,13:30,-1,S12000049,1,0,2,1,1,19,6,"[3, 2]",0,0,0,1,0,0,0,1,0,8,21
2024991482577,2024,991482577,258640,665409,-4.26018,55.86107,3,3,3,01:35,-1,S12000049,6,2,2,1,1,3,5,1,0,0,0,1,0,0,0,0,0,8,20
2024991482634,2024,991482634,252086,664633,-4.36438,55.85214,1,1,5,03:30,-1,S12000049,6,2,2,1,1,19,7,3,0,0,0,1,0,0,0,0,1,8,22
2024991482859,2024,991482859,244430,669898,-4.48957,55.89699,2,"[3, 2]",6,00:25,-1,S12000038,3,2,2,1,2,19,4,8,9,3,0,1,0,0,0,0,0,8,23
2024991482866,2024,991482866,289622,664588,-3.76513,55.86179,3,3,5,08:25,-1,S12000050,1,0,1,1,2,19,2,"[7, 6]",0,0,0,1,0,0,1,0,0,8,22
2024991482951,2024,991482951,242395,634997,-4.50195,55.58304,3,3,1,09:25,-1,S12000008,6,0,2,1,1,19,"[7, 5]","[3, 1]",0,0,0,1,0,0,0,0,0,8,18
2024991482955,2024,991482955,349680,751144,-2.82224,56.64938,3,3,6,08:06,-1,S12000041,3,0,1,1,2,19,"[3, 7]","[7, 3]",0,"[0, 1]",0,1,0,0,0,0,0,8,23
2024991482969,2024,991482969,184417,715108,-5.4841,56.27932,3,3,6,07:14,-1,S12000035,3,0,1,0,2,19,1,5,0,8,4,1,0,0,0,0,0,8,23
2024991482975,2024,991482975,326295,663303,-3.17901,55.85726,3,3,6,08:20,-1,S12000019,6,0,8,1,2,"[19, 9]","[7, 2]","[4, 7]",0,0,0,1,0,0,0,0,0,8,23
2024991482976,2024,991482976,300247,667528,-3.59653,55.89052,3,3,6,11:30,-1,S12000040,3,0,4,0,2,"[19, 4]",8,4,0,0,0,1,0,0,0,0,0,8,23
2024991482983,2024,991482983,385581,806958,-2.23997,57.15327,2,2,4,14:32,-1,S12000033,3,0,1,0,2,"[19, 12]",5,1,0,"[0, 2]",0,1,0,1,0,0,0,7,24
2024991483038,2024,991483038,297478,574454,-3.60641,55.05396,3,3,3,17:50,-1,S12000006,4,0,1,0,2,19,4,1,0,0,0,1,1,0,0,0,0,8,6
2024991483061,2024,991483061,282915,655576,-3.86834,55.77928,2,2,6,13:10,-1,S12000050,6,0,1,0,2,19,4,8,0,0,0,1,0,0,0,0,1,8,23
2024991483070,2024,991483070,228150,676052,-4.75353,55.94668,2,"[2, 3]",6,13:00,-1,S12000018,6,0,1,0,1,20,3,7,0,7,0,1,0,0,0,0,1,8,23
2024991483096,2024,991483096,257057,665913,-4.28572,55.86513,3,3,7,21:00,-1,S12000049,6,2,1,1,1,"[9, 19]","[8, 4]","[7, 8]",0,0,0,1,1,0,0,0,0,8,17
2024991483138,2024,991483138,324644,673675,-3.20827,55.95017,2,2,6,14:31,-1,S12000036,3,0,1,0,1,9,3,8,0,0,0,0,0,0,1,0,1,8,23
2024991483146,2024,991483146,276166,665536,-3.98041,55.86704,3,3,6,16:14,-1,S12000050,6,0,1,1,1,19,7,3,0,0,0,1,0,0,0,0,1,8,23
2024991483156,2024,991483156,359943,760383,-2.65632,56.73337,3,3,6,09:37,-1,S12000041,3,0,1,0,1,"[14, 2, 4]","[8, 0, 4]","[3, 0, 7]","[4, 0]",0,0,1,0,0,0,0,0,5,3
2024991483176,2024,991483176,318023,670905,-3.31342,55.92421,3,3,6,18:23,-1,S12000036,1,0,1,0,2,19,6,2,0,0,0,1,0,0,0,0,0,8,23
2024991483202,2024,991483202,217911,677818,-4.91846,55.95876,3,3,6,21:12,-1,S12000035,6,2,1,1,1,19,"[1, 3]","[5, 7]",0,0,0,1,0,0,0,0,0,8,23
2024991483209,2024,991483209,277629,663858,-3.95629,55.85234,3,3,5,18:41,-1,S12000050,3,0,2,1,1,19,"[4, 8]","[2, 4]",0,"[7, 0]",0,1,0,0,0,0,0,6,13
2024991483229,2024,991483229,193810,734683,-5.34804,56.45906,2,2,5,18:49,-1,S12000035,3,0,1,1,2,19,8,4,0,2,0,1,0,0,0,0,0,8,22
2024991483235,2024,991483235,268239,869021,-4.21198,57.69165,2,2,6,18:06,-1,S12000017,4,0,1,0,2,19,"[2, 7]","[7, 2]",0,"[2, 7, 0]",0,1,0,0,0,0,0,8,23
2024991483244,2024,991483244,258653,666861,-4.26073,55.87411,3,3,2,12:52,-1,S12000049,6,0,1,1,1,1,5,1,0,0,0,1,0,0,0,0,1,8,19
2024991483245,2024,991483245,266751,664879,-4.13043,55.85863,3,3,7,00:01,-1,S12000049,6,2,1,1,1,19,7,3,11,1,1,1,0,0,0,0,0,8,24
2024991483251,2024,991483251,279320,694543,-3.94308,56.12831,3,3,3,19:45,-1,S12000030,6,0,1,0,1,19,"[3, 7]","[7, 3]",0,0,0,1,0,0,0,0,0,8,6
2024991483359,2024,991483359,195217,733424,-5.32426,56.44838,3,3,4,17:46,-1,S12000035,3,0,2,1,2,"[19, 4]",4,8,"[4, 0]","[1, 0]","[11, 0]",1,0,0,0,0,0,8,21
2024991483435,2024,991483435,312594,672198,-3.40069,55.93487,3,3,7,11:30,-1,S12000036,1,0,1,0,2,19,5,1,0,0,0,1,0,0,0,0,0,8,24
2024991483445,2024,991483445,299402,665150,-3.60915,55.86898,3,3,7,11:20,-1,S12000040,6,0,1,0,2,19,"[5, 1]","[1, 5]",0,0,0,1,0,0,0,0,0,8,24
2024991483483,2024,991483483,258141,666457,-4.2687,55.87034,3,3,7,13:30,-1,S12000049,3,0,1,0,1,12,5,8,0,0,0,1,0,1,0,0,0,8,24
2024991483528,2024,991483528,337166,733574,-3.02202,56.49005,2,2,7,15:47,-1,S12000042,6,0,1,0,1,19,1,5,0,0,0,1,0,0,0,0,1,8,24
2024991483531,2024,991483531,326178,693699,-3.18924,56.13028,2,2,7,16:30,-1,S12000047,6,0,1,0,1,19,7,3,0,0,0,1,0,0,0,0,1,8,24
2024991483583,2024,991483583,255221,672407,-4.3185,55.92288,2,2,7,23:30,-1,S12000045,3,2,2,1,1,19,2,5,0,7,11,1,0,0,0,0,0,8,24
2024991483591,2024,991483591,326190,860858,-3.2377,57.6316,2,2,5,16:46,-1,S12000020,4,0,1,0,2,19,4,8,0,7,0,1,0,0,0,0,0,8,22
2024991483605,2024,991483605,324505,671529,-3.2099,55.93088,3,3,4,14:25,-1,S12000036,3,0,1,0,1,"[19, 7]",1,"[5, 3]",0,0,0,1,1,0,0,0,0,8,14
2024991483618,2024,991483618,311163,724301,-3.44102,56.40257,3,3,7,12:50,-1,S12000048,3,0,1,0,1,19,8,4,0,0,0,1,0,0,0,0,0,8,24
2024991483637,2024,991483637,327847,690245,-3.16146,56.09951,2,2,7,12:50,-1,S12000047,3,0,1,0,1,"[3, 19]","[3, 5]","[7, 1]",0,0,0,1,0,1,0,0,0,8,24
2024991483638,2024,991483638,379788,850448,-2.33931,57.5437,3,3,7,13:54,-1,S12000034,4,0,2,1,2,"[7, 9]","[8, 3]","[3, 8]",0,0,0,1,0,0,0,0,0,8,24
2024991483641,2024,991483641,283013,681726,-3.87809,56.01413,3,3,3,16:52,-1,S12000014,1,0,9,1,2,"[10, 4]",4,2,"[0, 4]",0,0,1,0,0,0,0,0,8,20
2024991483695,2024,991483695,345926,715531,-2.87604,56.32906,2,"[3, 2]",7,13:15,-1,S12000047,4,0,1,0,2,19,"[1, 7]","[5, 3]",0,0,0,1,0,0,0,0,0,8,24
2024991483721,2024,991483721,254492,666845,-4.32717,55.87273,3,3,1,14:40,-1,S12000049,3,2,5,1,1,"[19, 12]",4,8,0,0,0,1,0,0,0,1,0,8,25