collision_index,collision_year,collision_ref_no,location_easting_osgr,location_northing_osgr,longitude,latitude,casualty_severity,casualty_severity,day_of_week,time,local_authority_district,local_authority_ons_district,first_road_class,light_conditions,weather_conditions,road_surface_conditions,urban_or_rural_area,vehicle_manoeuvre,vehicle_direction_from,vehicle_direction_to,hit_object_in_carriageway,vehicle_leaving_carriageway,hit_object_off_carriageway,is_car,is_cyle,is_mcyle,is_goodsv,is_other,is_pedestrian,month,day
2024991483733,2024,991483733,355453,629920,-2.70782,55.56092,2,"[2, 3]",1,14:30,-1,S12000026,3,0,2,1,2,19,"[3, 6]","[6, 3]",0,0,0,1,0,0,0,0,0,8,25
2024991483751,2024,991483751,250138,672751,-4.39996,55.92441,2,2,6,09:10,-1,S12000039,3,0,8,1,1,"[19, 5]","[7, 1]","[3, 7]",0,0,0,1,0,0,0,0,0,8,23
2024991483777,2024,991483777,258255,665866,-4.26657,55.86506,2,2,1,19:40,-1,S12000049,6,0,2,1,1,"[5, 19]","[1, 3]","[5, 7]",0,0,0,1,1,0,0,0,0,8,25
2024991483803,2024,991483803,186395,830419,-5.54868,57.31418,2,2,1,15:44,-1,S12000017,3,0,1,1,2,19,"[5, 1]","[1, 5]",0,"[1, 0]",0,1,0,0,0,0,0,8,25
2024991483848,2024,991483848,293254,691315,-3.71774,56.10264,2,2,6,15:05,-1,S12000005,3,0,1,0,2,"[4, 3]",5,"[2, 1]",0,"[0, 1]",0,1,0,1,0,1,0,8,16
2024991483861,2024,991483861,324092,672273,-3.21672,55.93749,3,3,3,14:55,-1,S12000036,6,0,1,0,1,10,2,8,0,0,0,1,1,0,0,0,0,8,20
2024991483875,2024,991483875,226738,675608,-4.77583,55.94219,3,3,2,07:50,-1,S12000018,4,0,2,1,1,"[2, 19]","[0, 7]","[0, 3]","[0, 4]","[0, 1]","[0, 11]",1,0,0,0,0,0,8,26
2024991483905,2024,991483905,305600,574906,-3.47947,55.05963,2,2,1,15:10,-1,S12000006,3,0,1,0,2,"[13, 9]","[4, 3]","[8, 1]",0,"[7, 0]","[10, 0]",1,0,1,0,0,0,8,18
2024991483962,2024,991483962,255067,665838,-4.31745,55.86386,3,3,7,14:02,-1,S12000049,6,0,1,1,1,"[19, 9]","[3, 7]","[7, 4]",0,0,0,1,0,0,0,0,0,8,24
2024991483996,2024,991483996,313586,687688,-3.38981,56.07418,3,3,2,16:24,-1,S12000047,1,0,1,0,2,19,1,5,10,4,6,1,0,0,0,0,0,8,26
2024991484005,2024,991484005,318171,686092,-3.31568,56.06065,2,"[2, 3]",2,14:58,-1,S12000047,4,0,1,0,2,"[19, 7]","[5, 8]",1,0,0,0,1,0,0,0,0,0,8,26
2024991484010,2024,991484010,287280,683264,-3.81034,56.02897,3,3,7,12:29,-1,S12000014,6,0,1,0,1,19,6,2,0,0,0,1,0,0,0,0,1,8,24
2024991484014,2024,991484014,151302,837102,-6.13655,57.35629,2,2,2,21:08,-1,S12000017,4,2,2,1,2,19,4,8,0,0,0,0,0,0,0,1,0,8,26
2024991484028,2024,991484028,446935,1144678,-1.15565,60.18382,3,3,3,01:25,-1,S12000027,6,2,1,1,1,19,2,6,0,1,9,1,0,0,0,0,0,8,27
2024991484040,2024,991484040,318461,967531,-3.40427,58.58809,3,3,3,13:37,-1,S12000017,6,0,1,0,2,"[5, 19]","[2, 8]","[6, 4]",0,0,0,1,1,0,0,0,0,7,23
2024991484041,2024,991484041,247621,844036,-4.5418,57.46094,2,2,2,22:09,-1,S12000017,3,2,2,1,2,19,1,5,0,3,0,1,0,0,0,0,0,8,26
2024991484044,2024,991484044,326082,670978,-3.18451,55.92617,2,2,3,06:00,-1,S12000036,6,2,5,1,1,"[2, 19]","[0, 3]","[0, 7]","[0, 4]",0,0,1,0,0,0,0,0,8,27
2024991484133,2024,991484133,303335,664406,-3.54606,55.86311,3,3,2,21:24,-1,S12000040,3,2,2,1,1,19,6,3,0,1,2,1,0,0,0,0,0,8,26
2024991484141,2024,991484141,323121,668085,-3.23106,55.89972,2,2,3,09:27,-1,S12000036,6,0,2,1,1,19,"[7, 1]","[1, 5]",0,"[1, 0]",0,1,0,0,1,0,0,8,27
2024991484219,2024,991484219,326087,673182,-3.18504,55.94597,3,3,7,20:15,-1,S12000036,3,2,1,0,1,"[9, 19]","[8, 5]","[6, 8]",0,0,0,1,1,0,0,0,0,8,24
2024991484259,2024,991484259,341206,730937,-2.95582,56.46688,2,"[2, 3]",2,10:15,-1,S12000042,6,0,1,0,1,2,1,6,0,1,10,1,0,0,0,0,0,8,26
2024991484277,2024,991484277,260465,665886,-4.23129,55.86589,2,2,3,13:27,-1,S12000049,3,0,1,1,1,19,3,7,0,0,0,1,0,0,0,0,1,8,27
2024991484301,2024,991484301,288301,644366,-3.77793,55.67988,3,3,3,14:40,-1,S12000029,3,0,1,1,1,4,2,6,0,0,0,0,0,0,1,0,1,8,27
2024991484319,2024,991484319,288566,616940,-3.76266,55.43363,2,2,3,14:46,-1,S12000029,4,0,2,1,2,"[19, 15]",5,1,0,1,0,1,0,0,0,0,0,8,27
2024991484353,2024,991484353,286067,683150,-3.82974,56.02766,3,3,3,19:10,-1,S12000014,6,0,1,0,1,19,3,7,0,0,0,1,0,0,0,0,1,8,27
2024991484358,2024,991484358,324580,673997,-3.20939,55.95306,3,3,3,14:35,-1,S12000036,6,0,1,0,1,"[4, 5]",6,2,0,0,0,1,1,0,0,0,0,8,27
2024991484364,2024,991484364,350853,653075,-2.7849,55.7685,3,3,2,16:20,-1,S12000026,3,0,1,0,2,"[9, 5]","[8, 1]",4,0,0,0,1,0,0,0,0,0,8,19
2024991484365,2024,991484365,328419,669502,-3.14673,55.91327,2,2,3,17:45,-1,S12000036,3,0,1,0,1,"[7, 19]",4,"[6, 8]",0,0,0,1,1,0,0,0,0,8,27
2024991484390,2024,991484390,274943,656884,-3.99596,55.78903,3,3,3,17:40,-1,S12000050,3,0,1,0,1,"[19, 9]","[3, 1]","[7, 5]",0,0,0,1,1,0,0,0,0,8,27
2024991484422,2024,991484422,382360,650946,-2.2826,55.75156,2,2,3,22:30,-1,S12000026,4,2,2,1,2,19,6,3,0,7,1,1,0,0,0,0,0,8,27
2024991484444,2024,991484444,327005,671340,-3.16984,55.92956,3,3,7,15:30,-1,S12000036,6,0,1,0,1,"[19, 9]","[8, 5]","[4, 2]",0,0,0,1,0,1,0,0,0,5,25
2024991484449,2024,991484449,313134,698088,-3.40046,56.16751,2,"[2, 3]",3,08:59,-1,S12000048,4,0,2,1,2,19,"[7, 1, 2, 5]","[4, 7, 1]",0,0,0,1,0,0,0,0,0,8,27
2024991484494,2024,991484494,268272,870230,-4.21209,57.70251,3,3,3,13:31,-1,S12000017,3,0,1,0,2,19,6,2,0,0,0,1,0,0,0,0,0,8,27
2024991484522,2024,991484522,320811,671144,-3.26889,55.92682,3,3,5,13:00,-1,S12000036,3,0,1,0,1,4,7,3,0,0,0,0,0,0,1,0,0,8,22
2024991484574,2024,991484574,289293,689231,-3.78052,56.08302,3,3,4,11:00,-1,S12000014,3,0,1,0,2,19,4,8,0,7,0,1,0,0,0,0,0,8,28
2024991484576,2024,991484576,274754,659943,-4.00038,55.81645,3,3,4,10:30,-1,S12000050,4,0,1,0,1,1,1,1,0,0,0,1,0,0,0,0,1,8,28
2024991484600,2024,991484600,327492,670471,-3.16182,55.92183,3,3,4,07:20,-1,S12000036,6,0,1,0,1,"[7, 19]","[6, 4]",8,0,0,0,1,1,0,0,0,0,8,28
2024991484631,2024,991484631,342328,739987,-2.93963,56.54831,3,3,3,16:10,-1,S12000041,3,0,1,0,2,19,"[8, 6]","[4, 2]",0,0,0,1,0,0,0,0,0,8,27
2024991484669,2024,991484669,226664,703992,-4.7954,56.19688,2,2,2,06:24,-1,S12000035,3,0,1,1,2,19,4,8,0,1,4,1,0,0,0,0,0,8,26
2024991484670,2024,991484670,276172,651357,-3.97386,55.73972,3,3,4,12:50,-1,S12000029,4,0,1,0,1,19,1,5,0,0,0,1,0,0,0,0,1,8,28
2024991484723,2024,991484723,251898,830101,-4.46217,57.3373,3,3,4,14:00,-1,S12000017,3,0,1,0,2,19,3,7,0,1,7,1,0,0,0,0,1,8,28
2024991484728,2024,991484728,341320,731115,-2.95401,56.4685,3,3,3,08:55,-1,S12000042,4,0,9,0,1,19,3,7,0,0,0,1,0,0,0,0,1,8,20
2024991484739,2024,991484739,315152,672857,-3.35997,55.94124,2,2,4,13:50,-1,S12000036,6,0,1,0,2,19,1,5,0,0,0,1,0,0,0,0,1,8,28
2024991484740,2024,991484740,330918,665186,-3.10566,55.87486,2,2,3,18:17,-1,S12000019,3,0,1,0,1,"[19, 9]","[3, 7]","[7, 5]",0,"[1, 7]",0,1,0,0,0,0,0,8,27
2024991484744,2024,991484744,356515,856970,-2.72924,57.60063,1,1,4,13:50,-1,S12000034,4,0,1,0,2,9,1,6,0,1,0,0,0,1,0,0,0,8,28
2024991484838,2024,991484838,397252,657458,-2.04542,55.81038,3,3,4,23:53,-1,S12000026,3,2,1,1,2,19,5,1,0,1,0,1,0,0,0,0,0,8,28
2024991484846,2024,991484846,289784,667240,-3.76362,55.88565,3,3,4,07:30,-1,S12000040,6,0,9,0,2,19,"[4, 8]","[8, 4]",0,0,0,1,0,0,0,1,0,8,21
2024991484851,2024,991484851,229757,561368,-4.65771,54.9179,2,"[3, 2]",6,11:51,-1,S12000006,3,0,1,1,2,"[19, 3, 4]",3,6,"[4, 0]",0,0,1,0,0,0,0,0,8,23
2024991484945,2024,991484945,230371,737273,-4.75721,56.49688,3,3,3,13:55,-1,S12000035,3,0,5,1,2,19,8,4,0,7,4,1,0,0,0,0,0,8,27
2024991484947,2024,991484947,273122,673948,-4.03297,55.94178,2,2,5,09:00,-1,S12000050,4,0,1,1,1,19,1,5,0,0,0,1,0,0,0,0,1,8,29
2024991484952,2024,991484952,206413,568563,-5.02625,54.97396,3,3,1,14:05,-1,S12000006,3,0,1,0,2,"[13, 19]","[8, 4]","[4, 8]","[10, 0]",0,0,1,0,1,0,0,0,8,18
2024991484987,2024,991484987,211568,726783,-5.05463,56.39562,2,2,5,11:20,-1,S12000035,3,0,1,0,2,19,"[2, 6]","[6, 2]",0,"[0, 7]",0,1,0,1,0,0,0,5,30
2024991485034,2024,991485034,330316,673847,-3.11751,55.95258,2,2,6,13:00,-1,S12000036,6,0,1,0,1,5,6,2,0,0,0,1,0,0,0,0,1,8,16
2024991485089,2024,991485089,321683,695557,-3.26208,56.14625,3,3,5,10:50,-1,S12000047,4,0,1,1,1,4,4,8,0,0,0,1,0,0,0,0,1,8,29
2024991485090,2024,991485090,357103,803347,-2.71003,57.11905,2,2,4,18:20,-1,S12000034,6,0,1,0,2,"[5, 19]","[7, 5]","[3, 1]",0,"[1, 7]",0,1,0,0,0,0,0,8,28
2024991485100,2024,991485100,292933,687266,-3.72127,56.06621,3,3,5,09:15,-1,S12000047,3,0,1,0,2,19,8,4,0,0,0,0,0,1,0,0,1,8,29
2024991485137,2024,991485137,260986,667714,-4.22391,55.88245,3,3,3,18:30,-1,S12000049,6,0,2,1,1,"[8, 4]",4,8,0,0,0,1,0,0,0,0,0,8,27
2024991485162,2024,991485162,311988,672883,-3.41061,55.94091,3,3,5,14:45,-1,S12000036,3,0,1,0,2,"[19, 11]",7,3,0,"[1, 0]",0,1,0,0,1,0,0,8,29
2024991485164,2024,991485164,307163,719971,-3.50427,56.36291,2,"[2, 3]",5,15:34,-1,S12000048,4,0,1,0,2,19,"[3, 7]","[7, 2]",0,"[1, 0]",0,1,0,0,0,0,0,8,29
2024991485165,2024,991485165,312303,673860,-3.40589,55.94974,3,3,4,16:45,-1,S12000036,6,0,1,0,1,"[19, 9]","[1, 4]","[6, 8]",0,0,0,1,1,0,0,0,0,8,28
2024991485176,2024,991485176,298688,663762,-3.62003,55.85637,2,2,5,14:38,-1,S12000040,4,0,1,0,2,"[19, 13]","[5, 1]","[1, 5]",0,"[0, 7]",0,1,0,0,0,0,0,8,29
2024991485183,2024,991485183,266901,665644,-4.12841,55.86554,3,3,5,18:00,-1,S12000049,1,0,1,0,1,19,4,8,0,0,0,1,0,0,0,0,0,8,29
2024991485189,2024,991485189,339741,754626,-2.98511,56.67948,2,2,5,13:00,-1,S12000041,4,0,1,0,2,"[19, 9]","[7, 1]","[3, 7]",0,0,0,1,0,0,0,0,0,8,29
2024991485209,2024,991485209,260347,665164,-4.2328,55.85937,2,2,5,21:45,-1,S12000049,6,2,1,0,1,19,"[3, 5]",7,0,0,0,1,1,0,0,0,0,8,29
2024991485210,2024,991485210,248322,665934,-4.42517,55.86265,3,3,5,05:10,-1,S12000038,1,2,1,0,1,"[19, 2]",3,7,"[4, 0]",0,0,1,0,0,0,0,0,8,29
2024991485243,2024,991485243,237146,623477,-4.57835,55.47791,3,3,6,04:12,-1,S12000028,4,2,1,0,2,19,"[3, 7]","[7, 3]",0,"[1, 0]",0,1,0,0,0,0,0,8,30
2024991485263,2024,991485263,298355,576581,-3.59345,55.07325,3,3,2,18:50,-1,S12000006,3,0,1,0,1,19,"[7, 3]","[3, 7]",0,1,"[5, 0]",1,0,0,0,0,0,8,26
2024991485266,2024,991485266,255381,553198,-4.25419,54.85262,3,3,5,08:00,-1,S12000006,3,0,1,0,2,19,7,3,11,0,0,1,0,0,0,0,0,8,22
2024991485321,2024,991485321,258392,663213,-4.26299,55.84129,3,3,3,19:00,-1,S12000049,6,0,1,0,1,"[19, 7]",1,"[5, 4]",0,0,0,1,1,0,0,0,0,8,27
2024991485365,2024,991485365,267851,669210,-4.11498,55.89782,3,3,6,08:42,-1,S12000050,3,0,1,1,1,"[5, 19]","[5, 2]","[1, 7]",0,0,0,1,0,0,0,0,0,8,30
2024991485413,2024,991485413,201512,813195,-5.28436,57.16654,3,3,5,10:03,-1,S12000017,3,0,2,1,2,19,3,8,0,1,9,1,0,0,0,0,0,8,29
2024991485444,2024,991485444,261983,664965,-4.20659,55.85806,3,3,6,13:20,-1,S12000049,6,0,1,0,1,"[19, 9]",3,"[7, 1]",0,0,0,1,1,0,0,0,0,8,30
2024991485517,2024,991485517,287510,747622,-3.83415,56.60694,2,2,6,16:50,-1,S12000048,3,0,1,0,2,19,1,5,0,7,11,0,0,1,0,0,0,8,30
2024991485534,2024,991485534,261028,655131,-4.2168,55.76949,1,1,6,15:20,-1,S12000029,6,0,1,0,1,19,3,6,10,3,10,0,0,1,0,0,0,8,30
2024991485600,2024,991485600,318004,667680,-3.31275,55.89524,2,2,6,22:54,-1,S12000036,3,2,1,0,1,"[19, 5]",6,"[2, 6]",0,0,0,1,0,0,1,0,1,8,30
2024991485612,2024,991485612,345117,720074,-2.89008,56.36977,2,2,3,16:30,-1,S12000047,3,0,1,0,1,19,2,6,0,0,0,0,0,0,1,0,1,5,7
2024991485677,2024,991485677,334131,662091,-3.05356,55.84751,3,3,5,16:50,-1,S12000019,4,0,4,0,1,"[9, 19]",8,"[6, 4]",0,0,0,1,0,0,0,0,0,7,11
2024991485733,2024,991485733,305744,721458,-3.52776,56.37599,2,2,6,09:57,-1,S12000048,3,0,1,0,2,"[19, 9]","[7, 1]",2,0,0,0,1,0,1,0,0,0,8,23
2024991485747,2024,991485747,332717,588298,-3.0582,55.18437,2,2,7,13:30,-1,S12000006,4,0,1,0,2,19,3,8,0,2,3,0,0,1,0,0,0,8,31
2024991485748,2024,991485748,313007,684690,-3.39813,56.04714,3,3,7,09:55,-1,S12000047,1,0,1,0,2,"[12, 4]",2,6,0,0,0,1,0,0,0,0,0,8,31
2024991485762,2024,991485762,300834,700724,-3.59944,56.18878,3,3,7,14:00,-1,S12000005,3,0,1,0,2,"[19, 9]","[5, 3]",8,0,"[7, 0]",0,1,0,1,0,0,0,8,31
2024991485764,2024,991485764,324732,566393,-3.17777,54.98642,3,3,6,13:30,-1,S12000006,4,0,1,0,2,"[9, 13]",7,"[5, 3]",0,"[0, 7]","[0, 2]",1,0,0,0,0,0,8,30
2024991485787,2024,991485787,354781,1003383,-2.78686,58.91534,2,2,7,09:50,-1,S12000023,3,0,1,0,2,19,"[3, 7]","[7, 3]",0,0,0,1,0,0,0,0,0,8,31
2024991485809,2024,991485809,229123,645753,-4.71893,55.67511,3,3,7,17:10,-1,S12000021,6,0,1,0,2,"[4, 19]",7,3,0,0,0,1,1,0,0,0,0,8,31
2024991485810,2024,991485810,292097,680142,-3.73182,56.00204,2,2,6,15:20,-1,S12000014,1,2,1,0,1,19,8,3,0,7,0,0,0,1,0,0,0,8,30
2024991485826,2024,991485826,304720,723614,-3.54512,56.39515,3,3,7,14:57,-1,S12000048,6,0,1,0,2,"[19, 5]","[7, 1]","[3, 5]",0,"[0, 7]",0,1,0,0,0,0,0,8,31
2024991485832,2024,991485832,247208,687599,-4.45524,56.05677,2,"[3, 2]",6,21:25,-1,S12000030,3,2,1,0,2,"[19, 13]","[1, 5]","[5, 1]",0,"[1, 0]",0,1,0,0,0,0,0,8,30
2024991485855,2024,991485855,321833,669079,-3.25194,55.90844,3,3,7,17:00,-1,S12000036,4,0,1,0,1,9,2,4,0,0,0,0,0,1,0,0,0,8,31
2024991485858,2024,991485858,323365,677265,-3.22977,55.98222,2,"[3, 2]",7,18:45,-1,S12000036,6,0,1,0,1,"[19, 10]","[2, 6, 4]","[7, 3]",0,"[3, 0]",0,1,0,0,0,0,0,8,31
2024991485863,2024,991485863,321812,639493,-3.24378,55.64267,2,2,7,16:01,-1,S12000026,3,0,1,0,2,19,7,3,0,0,0,0,0,1,0,0,0,8,31
2024991485866,2024,991485866,148607,829899,-6.17388,57.29028,3,3,7,14:10,-1,S12000017,3,0,1,0,2,"[10, 19]",8,"[5, 3]",0,0,0,1,0,0,0,0,0,8,31
2024991485872,2024,991485872,264174,673609,-4.17595,55.93629,2,"[3, 2]",7,16:29,-1,S12000045,3,0,1,0,2,19,6,2,10,2,2,1,0,0,0,0,0,8,31
2024991485880,2024,991485880,264189,664898,-4.17134,55.85808,2,2,7,22:00,-1,S12000049,6,2,1,0,1,"[10, 19]","[3, 7]","[1, 3]",0,0,0,1,0,1,0,0,0,8,31
2024991485888,2024,991485888,232718,711529,-4.70271,56.26669,2,2,7,23:10,-1,S12000035,3,2,8,0,2,19,1,5,0,0,0,0,0,1,0,0,0,8,31
2024991485895,2024,991485895,309817,668338,-3.44384,55.89968,2,2,1,00:55,-1,S12000040,6,2,1,0,1,1,5,1,0,0,0,1,0,0,0,0,0,9,1
2024991485921,2024,991485921,258840,665804,-4.25719,55.86468,2,2,7,23:20,-1,S12000049,6,2,1,0,1,19,5,1,0,0,0,0,0,1,0,0,1,8,31
2024991485927,2024,991485927,354959,682810,-2.72442,56.03605,3,3,6,12:07,-1,S12000010,4,0,1,0,2,9,"[1, 7]","[5, 3]",0,0,0,1,1,0,0,0,0,8,30
2024991485929,2024,991485929,373746,828747,-2.4379,57.34846,3,3,6,10:02,-1,S12000034,4,0,1,0,2,"[19, 4]","[1, 5, 4]","[5, 3, 8]",0,"[1, 0]",0,1,0,0,0,0,0,8,30
2024991485934,2024,991485934,258467,710263,-4.28667,56.2637,2,2,7,16:10,-1,S12000030,3,0,1,0,2,15,5,1,0,0,0,0,0,1,0,0,0,8,31
2024991485952,2024,991485952,312308,682184,-3.40853,56.02451,3,3,7,13:00,-1,S12000047,1,0,1,0,1,19,1,5,0,0,0,1,0,0,0,0,0,8,31
2024991485966,2024,991485966,310503,731642,-3.45422,56.46838,1,"[1, 2]",1,02:10,-1,S12000048,6,2,1,0,2,19,6,2,0,2,0,1,0,0,0,0,0,9,1
2024991485998,2024,991485998,260945,664188,-4.22276,55.85078,3,3,1,09:30,-1,S12000049,6,0,1,0,1,"[5, 19]","[5, 7]","[1, 3]","[10, 0]","[0, 7]","[0, 2]",1,0,0,0,0,0,9,1
2024991486046,2024,991486046,148448,829783,-6.1764,57.28915,2,2,1,12:25,-1,S12000017,3,0,1,0,2,19,"[7, 3]","[3, 7]",0,0,0,1,0,1,0,0,0,9,1
2024991486106,2024,991486106,319773,870772,-3.34843,57.71953,1,1,1,13:00,-1,S12000020,4,0,1,0,2,"[13, 9]","[7, 3]","[3, 7]",0,"[7, 0]",0,1,0,1,0,0,0,9,1
2024991486127,2024,991486127,269129,661414,-4.09079,55.82817,3,3,1,20:09,-1,S12000029,1,0,2,1,1,"[12, 19]",4,8,0,0,0,1,0,1,0,0,0,9,1
2024991486131,2024,991486131,271859,654051,-4.04378,55.76278,3,3,1,14:15,-1,S12000029,3,0,1,0,1,"[19, 2]","[6, 0]","[2, 0]",0,0,0,1,0,0,0,0,0,9,1
2024991486140,2024,991486140,362588,739954,-2.61012,56.55007,2,2,1,17:54,-1,S12000041,3,0,1,0,1,"[19, 9]","[6, 8]","[2, 6]",0,0,0,1,0,0,1,0,0,9,1
2024991486167,2024,991486167,258438,663456,-4.26239,55.84348,2,2,1,23:57,-1,S12000049,3,2,2,1,1,19,5,1,0,0,0,1,0,0,0,0,1,9,1
2024991486204,2024,991486204,400035,843857,-2.00107,57.48495,3,3,5,16:45,-1,S12000034,3,0,1,1,2,"[19, 9]","[5, 1]","[1, 7]",0,"[1, 0]",0,1,0,1,0,0,0,8,29
2024991486229,2024,991486229,334485,667028,-3.0491,55.89191,3,3,2,08:28,-1,S12000019,6,0,2,1,1,19,2,6,0,0,0,1,0,0,0,0,1,9,2
2024991486246,2024,991486246,276800,660637,-3.96807,55.82321,3,3,1,12:00,-1,S12000050,3,0,2,1,1,"[4, 19]",7,3,0,0,0,1,0,0,0,0,0,4,21
2024991486254,2024,991486254,319731,668539,-3.2854,55.90324,3,3,2,06:35,-1,S12000036,3,0,7,1,1,"[2, 19]","[0, 2]","[0, 6]","[0, 4]",0,0,1,0,0,0,0,0,9,2
2024991486264,2024,991486264,258367,662520,-4.26303,55.83506,3,3,2,08:49,-1,S12000049,6,0,1,0,1,19,"[3, 5]","[7, 1]",0,0,0,1,0,0,0,0,0,9,2
2024991486308,2024,991486308,233238,635632,-4.64744,55.58569,3,3,2,08:21,-1,S12000021,6,2,2,1,2,19,1,5,0,7,10,1,0,0,0,0,0,9,2
2024991486346,2024,991486346,321805,674745,-3.25403,55.95933,2,2,3,10:40,-1,S12000036,3,0,1,0,1,19,8,4,0,0,0,0,0,0,1,0,1,8,27
2024991486413,2024,991486413,329089,712786,-3.14753,56.30217,2,"[3, 2]",2,13:00,-1,S12000047,3,0,2,1,2,"[19, 10]",3,"[7, 8]",0,0,0,1,0,0,0,0,0,9,2
2024991486442,2024,991486442,348392,673773,-2.82806,55.9542,2,2,2,09:22,-1,S12000010,3,0,7,1,2,19,5,1,0,1,0,1,0,0,0,0,0,9,2
2024991486491,2024,991486491,325712,736572,-3.20884,56.5153,3,3,2,16:45,-1,S12000048,3,0,2,1,2,19,4,1,0,7,0,1,0,0,0,0,0,9,2
2024991486546,2024,991486546,286497,855900,-3.89974,57.57884,2,2,4,20:35,-1,S12000017,6,0,1,0,2,"[9, 13]",7,3,0,0,0,1,0,0,0,0,0,7,17
2024991486553,2024,991486553,338030,747362,-3.01129,56.61401,3,3,1,05:30,-1,S12000041,3,2,1,1,2,19,5,1,0,8,11,1,0,0,0,0,0,5,26
2024991486578,2024,991486578,285526,632565,-3.81713,55.57326,2,2,6,14:25,-1,S12000029,3,0,1,0,2,19,2,6,0,7,0,1,0,0,0,0,0,8,30
2024991486590,2024,991486590,340465,732123,-2.96812,56.47744,3,3,2,07:30,-1,S12000042,6,0,2,1,1,"[19, 6]",3,7,0,0,0,1,0,0,0,0,0,9,2
2024991486607,2024,991486607,243055,565216,-4.45255,54.95681,2,"[2, 3]",7,13:00,-1,S12000006,3,0,1,0,2,"[10, 19]",8,"[6, 4]",0,"[1, 0]",0,1,0,0,0,0,0,8,24
2024991486643,2024,991486643,327163,675620,-3.16847,55.96804,3,3,1,14:57,-1,S12000036,6,0,1,0,1,"[11, 4]",6,2,"[0, 11]","[0, 1]","[0, 5]",1,0,0,0,0,1,8,11
2024991486661,2024,991486661,280581,688997,-3.92032,56.07882,2,"[2, 3]",3,16:45,-1,S12000030,3,0,1,0,2,3,8,4,0,0,0,1,0,0,0,0,0,8,27
2024991486742,2024,991486742,332501,666683,-3.08073,55.88853,2,2,3,07:30,-1,S12000019,3,0,1,0,1,"[5, 19]",6,1,0,0,0,1,1,0,0,0,0,9,3
2024991486802,2024,991486802,265610,673613,-4.15298,55.93673,2,2,7,19:00,-1,S12000045,6,0,1,0,1,19,8,4,0,0,0,1,0,0,0,0,1,8,31
2024991486814,2024,991486814,343446,704053,-2.91368,56.22566,3,3,2,18:00,-1,S12000047,3,0,2,1,2,19,2,6,0,0,0,1,0,0,0,0,0,9,2
2024991486829,2024,991486829,335316,700925,-3.04401,56.19652,2,2,2,21:45,-1,S12000047,3,2,1,1,2,19,6,2,0,0,0,0,0,1,0,0,0,9,2
2024991486858,2024,991486858,289355,682991,-3.77694,56.027,3,3,3,14:00,-1,S12000014,6,0,1,0,1,19,"[3, 7]","[7, 3]",0,0,0,1,0,0,0,0,0,7,30
2024991486909,2024,991486909,286539,643891,-3.80574,55.67521,2,2,3,13:30,-1,S12000029,3,0,1,0,2,"[19, 2]","[7, 0]","[3, 0]","[4, 0]",0,0,1,0,0,0,0,0,9,3
2024991486914,2024,991486914,310594,672531,-3.43281,55.93749,2,2,3,14:45,-1,S12000036,3,0,1,0,2,19,"[7, 5]",4,0,0,0,1,0,1,0,0,0,9,3
2024991486934,2024,991486934,262301,661860,-4.19993,55.83027,3,3,3,16:15,-1,S12000029,3,0,1,1,1,7,7,3,0,0,0,1,0,0,0,0,0,9,3
2024991486969,2024,991486969,232952,629782,-4.64843,55.53309,2,2,3,19:17,-1,S12000028,4,0,1,0,1,"[19, 5]","[7, 5]","[3, 1]",0,0,0,1,0,0,0,0,0,9,3
2024991486983,2024,991486983,374734,843088,-2.42297,57.47733,2,"[2, 3]",3,18:10,-1,S12000034,3,0,1,1,2,19,"[1, 5]","[5, 1]",0,1,0,1,0,0,0,0,0,9,3
2024991486993,2024,991486993,293584,665473,-3.7022,55.87063,2,2,3,18:52,-1,S12000040,1,0,1,0,2,19,7,3,0,0,0,1,0,0,0,0,0,9,3
2024991487000,2024,991487000,325071,640397,-3.19226,55.6513,2,2,3,20:30,-1,S12000026,3,2,1,0,1,19,8,6,0,3,11,1,0,0,0,0,0,9,3
2024991487020,2024,991487020,329277,698677,-3.14071,56.17547,2,2,3,21:50,-1,S12000047,4,2,1,1,2,"[19, 13]","[2, 7]","[7, 2]",0,0,0,1,0,0,0,0,0,9,3
2024991487123,2024,991487123,326909,665252,-3.16973,55.87486,3,3,2,12:30,-1,S12000019,6,0,1,0,1,"[4, 10]",1,3,0,0,0,1,0,0,1,0,0,9,2
2024991487175,2024,991487175,328763,669208,-3.14115,55.91068,2,2,4,08:20,-1,S12000036,6,0,1,0,1,"[7, 19]",5,1,0,0,0,1,1,0,0,0,0,9,4
2024991487224,2024,991487224,258440,661131,-4.26114,55.82261,3,3,4,11:10,-1,S12000049,6,0,1,0,1,"[19, 8]","[1, 2]",5,0,"[0, 1]",0,1,0,0,0,0,0,9,4
2024991487235,2024,991487235,233703,622124,-4.63195,55.46461,2,2,4,09:40,-1,S12000028,3,0,1,1,1,5,1,5,0,0,0,1,0,0,0,0,1,9,4
2024991487268,2024,991487268,327619,674135,-3.16077,55.95476,2,2,6,11:45,-1,S12000036,6,0,1,0,1,"[2, 19]","[0, 7]","[0, 3]",0,0,0,1,1,0,0,0,0,8,23
2024991487283,2024,991487283,244295,656015,-4.48377,55.77233,3,3,3,15:00,-1,S12000011,3,0,1,1,2,19,7,2,12,7,1,1,0,0,0,0,0,9,3
2024991487289,2024,991487289,325660,673948,-3.19208,55.95279,3,3,4,13:30,-1,S12000036,3,0,1,0,1,"[5, 11]",3,6,0,0,0,1,0,0,1,0,0,9,4