collision_index,collision_year,collision_ref_no,location_easting_osgr,location_northing_osgr,longitude,latitude,casualty_severity,casualty_severity,day_of_week,time,local_authority_district,local_authority_ons_district,first_road_class,light_conditions,weather_conditions,road_surface_conditions,urban_or_rural_area,vehicle_manoeuvre,vehicle_direction_from,vehicle_direction_to,hit_object_in_carriageway,vehicle_leaving_carriageway,hit_object_off_carriageway,is_car,is_cyle,is_mcyle,is_goodsv,is_other,is_pedestrian,month,day
2024991487325,2024,991487325,347841,680721,-2.83824,56.01656,3,3,3,21:20,-1,S12000010,3,2,1,1,2,19,3,7,0,8,0,1,0,0,0,0,0,9,3
2024991487328,2024,991487328,326330,672609,-3.18099,55.94086,3,3,6,12:05,-1,S12000036,3,0,1,0,1,19,"[4, 2]","[8, 6]",0,0,0,1,1,0,0,0,0,8,30
2024991487329,2024,991487329,253135,661263,-4.34581,55.82221,3,3,4,16:35,-1,S12000049,6,0,1,0,1,"[19, 9]","[3, 7]","[7, 4]",0,0,0,1,0,0,1,0,0,9,4
2024991487346,2024,991487346,275011,665101,-3.99866,55.86283,3,3,4,18:45,-1,S12000050,3,0,1,0,1,"[19, 9]","[2, 5]","[6, 2]",0,0,0,1,0,0,0,0,0,9,4
2024991487385,2024,991487385,390174,807886,-2.16409,57.16173,2,"[2, 3]",4,11:00,-1,S12000033,6,0,1,0,1,9,"[1, 3]","[3, 1]",0,0,0,1,0,0,0,0,0,4,10
2024991487393,2024,991487393,276591,666219,-3.97394,55.87328,3,3,5,01:25,-1,S12000050,3,2,1,1,1,9,4,2,0,1,11,1,0,0,0,0,0,9,5
2024991487403,2024,991487403,326550,960812,-3.263,58.5292,3,3,4,12:30,-1,S12000017,4,0,1,0,2,"[13, 12]","[5, 6]","[1, 2]",0,"[7, 0]",0,1,0,0,0,0,0,9,4
2024991487407,2024,991487407,311542,723939,-3.43476,56.39939,3,3,1,11:30,-1,S12000048,3,0,2,1,1,"[9, 19]","[7, 3]","[3, 7]",0,0,0,1,0,0,0,0,0,6,16
2024991487417,2024,991487417,308407,687456,-3.4729,56.07113,3,3,2,19:59,-1,S12000047,6,0,1,0,1,"[3, 19]",5,1,"[0, 4]",0,0,1,0,0,0,0,0,7,8
2024991487574,2024,991487574,370177,776065,-2.4909,56.87501,3,3,2,18:00,-1,S12000034,6,0,1,0,2,19,8,8,0,1,0,1,0,0,0,0,1,3,4
2024991487630,2024,991487630,221267,808857,-4.95506,57.13574,3,3,5,10:12,-1,S12000017,3,0,1,0,2,19,"[2, 6]","[6, 2]",0,0,0,0,0,0,1,1,0,9,5
2024991487719,2024,991487719,142366,933207,-6.38804,58.21208,2,2,2,18:55,-1,S12000013,3,0,1,0,1,"[19, 5]","[2, 4]","[6, 2]",0,"[7, 0]",0,1,0,1,0,0,0,8,26
2024991487726,2024,991487726,229359,648190,-4.7167,55.69706,3,3,4,12:54,-1,S12000021,3,0,1,0,2,"[3, 19]",4,8,0,0,0,1,0,0,0,0,0,9,4
2024991487788,2024,991487788,265226,665546,-4.15511,55.86419,3,3,4,21:50,-1,S12000049,4,2,1,0,1,"[13, 9]",5,"[1, 3]",0,0,0,1,1,0,0,0,0,9,4
2024991487804,2024,991487804,280036,694910,-3.93173,56.13178,2,2,5,14:45,-1,S12000030,3,0,1,0,1,"[5, 19]","[8, 2]","[2, 6]",0,0,0,1,1,0,0,0,0,9,5
2024991487849,2024,991487849,326225,673542,-3.18293,55.94923,2,2,6,01:28,-1,S12000036,6,2,1,1,1,"[19, 9]",5,"[2, 8]",0,"[0, 3]",0,1,0,1,0,0,0,9,6
2024991487904,2024,991487904,255549,665625,-4.30964,55.8621,3,3,3,13:05,-1,S12000049,6,0,1,0,1,"[9, 19]","[8, 4]","[6, 8]",0,0,0,1,1,0,0,0,0,5,21
2024991487997,2024,991487997,384271,788352,-2.26045,56.98609,1,"[1, 2]",7,13:49,-1,S12000034,3,0,1,1,2,19,3,1,0,1,0,1,0,0,0,0,0,7,27
2024991488039,2024,991488039,247197,663660,-4.44185,55.84188,3,3,6,08:15,-1,S12000038,3,0,1,0,1,19,3,7,0,0,0,1,0,0,0,0,0,9,6
2024991488048,2024,991488048,338353,746681,-3.00586,56.60794,3,3,1,13:00,-1,S12000041,6,0,1,0,2,"[8, 19]","[5, 7]","[7, 3]",0,0,0,1,1,0,0,0,0,9,1
2024991488049,2024,991488049,348724,851437,-2.8584,57.55012,2,"[3, 2]",6,10:20,-1,S12000020,3,0,1,1,2,"[9, 19]","[1, 7]","[7, 3]",0,"[0, 7]","[0, 11]",1,0,0,0,0,0,9,6
2024991488065,2024,991488065,360158,619871,-2.63178,55.47103,2,2,5,18:48,-1,S12000026,4,2,2,1,2,19,3,7,0,1,4,1,0,0,0,0,0,9,5
2024991488086,2024,991488086,382845,647872,-2.27468,55.72395,2,"[2, 3]",4,12:11,-1,S12000026,3,0,1,0,2,19,4,8,0,1,0,1,0,0,0,0,0,9,4
2024991488095,2024,991488095,260271,662806,-4.2328,55.83818,2,2,6,11:30,-1,S12000049,3,0,1,0,1,"[5, 19]","[6, 3]",7,0,0,0,1,0,0,0,0,0,9,6
2024991488098,2024,991488098,206598,558104,-5.01633,54.88018,3,3,2,16:00,-1,S12000006,3,0,1,1,2,"[9, 13]",5,"[2, 1]",0,0,0,1,0,0,0,1,0,8,19
2024991488099,2024,991488099,282020,653715,-3.8818,55.76235,2,2,6,08:10,-1,S12000050,3,0,1,0,2,"[11, 19]","[1, 3]","[3, 7]",0,"[1, 0]",0,1,1,0,0,0,0,9,6
2024991488105,2024,991488105,327346,676560,-3.16579,55.97651,2,2,6,14:30,-1,S12000036,5,0,1,0,1,"[19, 2]","[1, 0]","[5, 0]","[8, 0]",0,0,1,1,0,0,0,0,8,9
2024991488176,2024,991488176,165724,631349,-5.71284,55.51951,2,"[2, 3]",6,11:35,-1,S12000035,3,0,1,0,2,19,"[5, 1]","[1, 5]",0,0,0,1,0,0,1,0,0,9,6
2024991488224,2024,991488224,329511,1020770,-3.23109,59.06803,2,2,5,15:50,-1,S12000023,4,0,1,0,2,9,2,4,0,0,0,1,0,0,0,0,1,9,5
2024991488226,2024,991488226,283826,656852,-3.85437,55.79096,2,2,6,16:40,-1,S12000050,3,0,1,0,1,"[13, 9]",2,"[6, 8]",0,"[7, 0]",0,1,0,1,0,0,0,9,6
2024991488238,2024,991488238,246760,644877,-4.43827,55.67313,3,3,6,17:30,-1,S12000008,3,0,1,0,2,19,"[8, 1]",6,0,0,0,1,1,0,0,0,0,9,6
2024991488241,2024,991488241,233524,638018,-4.64434,55.60721,2,2,6,00:05,-1,S12000021,3,2,1,0,1,12,7,3,0,2,6,1,0,0,0,0,0,9,6
2024991488282,2024,991488282,326840,676027,-3.17376,55.97164,3,3,6,23:30,-1,S12000036,3,2,2,1,1,19,4,8,0,0,0,1,0,0,0,0,1,9,6
2024991488305,2024,991488305,252542,667944,-4.3589,55.882,2,2,6,22:35,-1,S12000049,3,2,1,0,1,19,8,4,0,0,0,1,0,0,0,0,1,9,6
2024991488321,2024,991488321,242407,620553,-4.49354,55.45339,2,2,6,11:30,-1,S12000028,4,0,1,0,2,19,"[5, 1]","[1, 5]",0,0,0,1,0,1,0,0,0,9,6
2024991488349,2024,991488349,252033,668936,-4.36757,55.89075,3,3,4,16:45,-1,S12000049,6,0,1,0,1,"[5, 19]","[8, 2]","[4, 6]",0,0,0,1,0,0,0,0,0,9,4
2024991488376,2024,991488376,278389,679315,-3.95113,55.99133,3,3,7,08:40,-1,S12000014,3,0,1,0,1,"[9, 19]","[4, 7]",3,0,0,0,1,0,1,0,0,0,9,7
2024991488485,2024,991488485,280215,655877,-3.91149,55.78132,3,3,6,13:10,-1,S12000050,6,0,1,0,1,19,1,5,0,0,0,1,0,0,0,0,1,8,23
2024991488516,2024,991488516,330391,670042,-3.11533,55.91841,2,2,7,14:00,-1,S12000019,6,0,1,0,2,19,1,5,0,0,0,1,0,0,0,0,1,9,7
2024991488542,2024,991488542,245935,673443,-4.46755,55.9293,2,2,7,18:54,-1,S12000039,3,0,1,0,1,19,7,3,10,0,0,0,0,1,0,0,0,9,7
2024991488617,2024,991488617,244114,636465,-4.47553,55.59678,3,3,6,16:30,-1,S12000008,3,0,1,0,2,"[5, 3]",3,7,0,0,0,1,0,0,0,0,0,9,6
2024991488670,2024,991488670,226657,802692,-4.86185,57.08249,2,2,4,12:20,-1,S12000017,3,0,1,0,2,19,8,4,0,0,0,1,0,0,0,0,0,9,4
2024991488737,2024,991488737,227016,642091,-4.75009,55.64149,3,3,3,16:40,-1,S12000021,4,0,1,0,1,"[19, 5]","[7, 1]","[3, 4]",0,0,0,1,0,1,0,0,0,7,16
2024991488743,2024,991488743,279508,694078,-3.93984,56.12418,2,2,1,12:15,-1,S12000030,4,0,1,0,1,19,4,8,0,0,0,0,0,0,1,0,1,9,8
2024991488760,2024,991488760,232731,733294,-4.71636,56.46201,2,"[3, 2]",7,12:57,-1,S12000035,3,0,1,0,2,19,8,4,0,0,0,1,0,0,0,1,0,9,7
2024991488773,2024,991488773,241493,672401,-4.53796,55.9185,3,3,1,15:00,-1,S12000038,3,0,1,0,2,"[19, 3]","[8, 4]",4,0,0,0,1,0,0,0,0,0,9,8
2024991488782,2024,991488782,276262,800041,-4.04275,57.07471,2,"[3, 2]",1,14:00,-1,S12000017,3,0,1,0,2,19,"[6, 2]","[2, 6]",0,"[1, 0, 7]","[10, 0, 7]",1,0,0,0,0,0,9,8
2024991488858,2024,991488858,280303,692855,-3.92652,56.1134,2,2,2,04:45,-1,S12000030,3,2,2,1,1,"[9, 19]","[2, 8]","[7, 4]",0,0,0,1,1,0,0,0,0,9,9
2024991488859,2024,991488859,278869,655060,-3.93258,55.77365,3,3,6,20:30,-1,S12000050,6,0,1,0,1,"[19, 2, 5]","[2, 0]","[7, 0, 6]",0,0,0,1,0,0,0,0,0,5,31
2024991488884,2024,991488884,277166,661311,-3.96253,55.82935,3,3,2,07:50,-1,S12000050,4,0,1,0,1,19,5,1,0,0,0,1,0,0,0,0,0,9,9
2024991488997,2024,991488997,282296,656329,-3.87853,55.78589,2,2,5,23:25,-1,S12000050,3,2,8,1,1,11,5,1,0,0,0,1,0,0,0,0,1,9,5
2024991489072,2024,991489072,260299,852441,-4.33548,57.54045,2,2,1,12:52,-1,S12000017,3,0,2,1,2,19,"[8, 2]","[4, 6]",0,0,0,1,0,1,0,0,0,9,8
2024991489161,2024,991489161,295767,570840,-3.63186,55.02114,2,"[3, 2]",1,20:45,-1,S12000006,3,2,1,0,2,19,"[6, 2]","[2, 6]",0,"[1, 0]",0,1,0,0,0,0,0,9,8
2024991489182,2024,991489182,226656,675933,-4.77735,55.94508,2,2,2,13:55,-1,S12000018,3,0,8,0,1,"[10, 19]","[2, 6]","[7, 1]","[0, 11]",0,0,1,0,0,0,0,0,9,9
2024991489264,2024,991489264,240855,676826,-4.55077,55.95801,3,3,4,08:25,-1,S12000039,6,0,1,0,1,"[5, 19]",8,4,0,0,0,1,0,0,0,0,0,9,4
2024991489267,2024,991489267,335210,664825,-3.03699,55.87222,3,3,1,14:00,-1,S12000019,6,0,1,0,1,19,"[6, 5]","[3, 8]",0,0,0,1,1,0,0,0,0,9,8
2024991489282,2024,991489282,259859,664650,-4.24033,55.85462,2,2,2,20:05,-1,S12000049,3,2,2,1,1,9,5,3,0,0,0,1,0,0,0,0,1,9,9
2024991489334,2024,991489334,277988,677279,-3.95663,55.97295,3,3,4,17:18,-1,S12000050,1,0,1,0,1,"[11, 19]",2,6,0,0,0,1,0,0,1,0,0,9,4
2024991489380,2024,991489380,399426,867166,-2.01129,57.69432,2,2,7,15:00,-1,S12000034,3,0,1,1,1,"[19, 2]","[3, 0]","[7, 0]",0,0,0,1,0,1,0,0,0,9,7
2024991489508,2024,991489508,229837,608983,-4.68501,55.34533,3,3,3,09:55,-1,S12000028,6,0,2,1,2,"[1, 2]","[5, 0]","[1, 0]","[4, 0]",0,0,0,0,0,0,1,0,9,10
2024991489563,2024,991489563,270397,653830,-4.06695,55.76041,3,3,7,17:00,-1,S12000029,6,0,1,0,1,4,3,6,0,0,0,1,0,0,0,0,1,9,7
2024991489591,2024,991489591,257952,666150,-4.27155,55.86752,3,3,3,12:25,-1,S12000049,6,0,1,0,1,5,5,8,0,0,0,1,0,0,0,0,1,9,10
2024991489742,2024,991489742,313330,685727,-3.39328,56.05652,3,3,3,16:10,-1,S12000047,4,0,1,0,2,19,4,7,0,0,0,1,0,0,0,0,1,9,10
2024991489750,2024,991489750,252413,668049,-4.36102,55.88291,3,3,3,18:00,-1,S12000049,6,0,1,0,1,"[1, 2]","[1, 5]","[5, 1]","[4, 0]",0,0,1,0,0,0,0,1,9,10
2024991489784,2024,991489784,264835,664133,-4.16064,55.85139,2,2,3,20:35,-1,S12000049,3,2,1,1,1,"[19, 9]","[3, 7]","[7, 5]",0,0,0,1,0,1,0,0,0,9,10
2024991489808,2024,991489808,270986,847004,-4.15421,57.49483,2,2,2,17:00,-1,S12000017,3,0,8,0,2,"[3, 19]",6,2,0,0,0,1,0,0,0,0,0,9,9
2024991489823,2024,991489823,220862,782343,-4.94287,56.89772,2,"[3, 2]",7,13:30,-1,S12000017,3,0,1,0,2,19,"[5, 1]","[8, 5]",0,0,0,1,0,0,0,0,0,9,7
2024991489833,2024,991489833,259431,666054,-4.24789,55.8671,2,2,6,17:30,-1,S12000049,6,0,1,0,1,"[9, 19]","[2, 8]","[8, 4]",0,0,0,1,1,0,0,0,0,9,6
2024991489922,2024,991489922,262400,664902,-4.1999,55.85761,3,3,4,09:30,-1,S12000049,6,0,9,0,1,"[5, -1]","[3, -1]","[1, -1]","[0, -1]","[1, -1]",0,1,0,0,0,0,0,9,4
2024991489923,2024,991489923,313070,698327,-3.40156,56.16964,2,2,2,09:30,-1,S12000048,4,0,2,1,2,"[19, 10]",4,"[8, 2]",0,0,0,1,0,0,0,0,0,9,2
2024991490004,2024,991490004,302546,678338,-3.56369,55.98808,3,3,4,07:25,-1,S12000040,1,0,1,0,2,"[12, 19]",7,3,0,"[4, 0]",0,1,0,0,1,0,0,9,11
2024991490030,2024,991490030,313674,580302,-3.35474,55.10958,3,3,3,10:00,-1,S12000006,2,0,4,0,2,"[2, 19]","[1, 8]","[5, 4]","[0, 4]","[0, 1]",0,1,0,0,0,1,0,9,10
2024991490049,2024,991490049,254212,666405,-4.3314,55.8687,3,3,2,19:25,-1,S12000049,3,2,8,0,2,"[5, 19]",5,1,0,0,0,1,0,0,0,0,0,9,9
2024991490140,2024,991490140,258561,664624,-4.26103,55.854,3,3,4,08:30,-1,S12000049,3,0,1,0,1,"[5, 3]","[3, 7]",7,0,0,0,1,0,0,0,0,0,9,11
2024991490210,2024,991490210,263180,653192,-4.18156,55.75269,3,3,4,16:40,-1,S12000029,6,0,1,0,1,19,"[7, 3]","[3, 7]",0,0,0,1,0,0,0,0,0,9,11
2024991490226,2024,991490226,293892,581762,-3.66524,55.11885,3,3,3,06:50,-1,S12000006,3,0,1,0,2,19,"[8, 4]","[4, 8]",11,"[1, 0]","[10, 0]",1,0,0,1,0,0,8,27
2024991490227,2024,991490227,261310,724215,-4.24816,56.38979,3,3,6,13:01,-1,S12000030,3,0,1,0,2,19,7,4,0,7,0,1,0,0,0,0,0,9,6
2024991490241,2024,991490241,248860,665130,-4.41614,55.8556,1,1,1,15:55,-1,S12000038,3,0,1,0,1,19,5,1,0,0,0,1,0,0,0,0,1,6,23
2024991490250,2024,991490250,350392,715723,-2.80387,56.33127,2,2,4,15:54,-1,S12000047,6,0,1,0,1,7,7,4,0,1,1,1,0,0,0,0,0,9,11
2024991490582,2024,991490582,235326,653864,-4.62529,55.75005,2,2,5,13:00,-1,S12000021,3,0,1,0,1,"[19, 9]","[5, 7]",1,0,0,0,1,0,0,0,0,0,9,12
2024991490616,2024,991490616,232323,733697,-4.72324,56.46549,2,2,5,12:05,-1,S12000035,3,0,1,0,2,19,4,8,0,1,0,0,0,1,0,0,0,9,12
2024991490618,2024,991490618,294888,575758,-3.64741,55.06513,2,"[2, 3]",7,00:30,-1,S12000006,3,2,1,0,2,19,"[2, 6]","[6, 2]",0,0,0,1,0,0,0,0,0,8,17
2024991490726,2024,991490726,264794,665702,-4.16208,55.86547,3,3,5,14:40,-1,S12000049,6,0,1,0,1,"[9, 19]","[5, 3]","[3, 7]",0,0,0,1,0,0,0,0,0,9,12
2024991490765,2024,991490765,252652,659542,-4.35258,55.80661,3,3,5,11:00,-1,S12000049,6,0,1,0,1,"[4, 19]",2,6,0,0,0,1,0,0,0,1,0,9,12
2024991490772,2024,991490772,304869,668029,-3.52283,55.89595,3,3,5,17:44,-1,S12000040,6,0,1,0,1,"[13, 9]",6,"[2, 4]",0,0,0,1,0,0,0,0,0,9,12
2024991490778,2024,991490778,328892,694639,-3.14583,56.13914,3,3,5,15:22,-1,S12000047,6,0,1,0,1,19,7,3,0,"[0, 7]",0,1,0,0,0,0,0,9,12
2024991490779,2024,991490779,242770,565339,-4.45707,54.95782,2,2,4,16:30,-1,S12000006,3,0,1,0,2,"[4, 7, 13]","[7, 5]","[3, 7]",0,0,0,1,0,0,1,0,0,9,11
2024991490786,2024,991490786,297405,637164,-3.63053,55.61721,2,2,5,12:10,-1,S12000029,3,0,1,0,2,"[13, 9]",4,"[8, 1]",0,"[7, 0]",0,1,0,1,0,0,0,9,5
2024991490787,2024,991490787,287304,848436,-3.88279,57.51204,3,3,4,15:16,-1,S12000017,6,0,1,0,2,19,"[8, 4]","[4, 8]",0,0,0,1,0,0,0,0,0,9,11
2024991490804,2024,991490804,265013,874222,-4.26897,57.73738,2,2,7,17:15,-1,S12000017,4,0,1,0,2,19,1,5,0,1,0,1,0,0,0,0,0,6,29
2024991490838,2024,991490838,357325,685029,-2.68681,56.0562,2,2,5,12:30,-1,S12000010,3,0,1,0,1,13,7,2,0,"[0, 7]",0,0,0,1,1,0,0,9,12
2024991490844,2024,991490844,259275,664834,-4.24975,55.8561,3,3,5,22:00,-1,S12000049,6,2,9,1,1,5,1,5,0,0,0,0,0,0,1,0,1,9,5
2024991490855,2024,991490855,220785,648386,-4.85307,55.69573,3,3,4,07:45,-1,S12000021,4,0,1,0,1,7,3,7,0,0,0,1,0,0,0,0,1,9,11
2024991490861,2024,991490861,256809,661029,-4.2871,55.82121,3,3,6,06:35,-1,S12000049,3,0,1,0,1,19,"[7, 5]","[3, 1]",0,0,0,1,0,0,0,0,0,9,13
2024991490912,2024,991490912,319978,668712,-3.2815,55.90484,2,2,2,16:30,-1,S12000036,3,0,9,0,1,19,2,6,0,0,0,1,1,0,0,0,0,9,9
2024991490978,2024,991490978,133512,662437,-6.25179,55.78158,3,3,5,13:55,-1,S12000035,3,0,1,0,2,19,"[2, 7]","[7, 3]",0,0,0,1,0,0,0,0,0,9,12
2024991491039,2024,991491039,268334,669835,-4.10757,55.90356,3,3,5,08:44,-1,S12000050,4,0,1,0,1,5,1,5,0,0,0,0,0,0,1,0,1,9,12
2024991491051,2024,991491051,228212,676106,-4.75257,55.94719,2,2,6,08:00,-1,S12000018,3,0,1,0,1,19,8,4,0,0,0,1,0,0,0,0,1,9,13
2024991491065,2024,991491065,316858,691048,-3.33831,56.10494,3,3,2,09:20,-1,S12000047,3,0,1,1,2,"[19, 9]","[8, 4]","[4, 3]",0,0,0,1,0,0,0,0,0,8,26
2024991491077,2024,991491077,190367,624929,-5.31838,55.47313,2,2,6,13:15,-1,S12000021,3,0,1,0,2,19,1,5,0,0,0,0,0,1,0,0,0,9,13
2024991491080,2024,991491080,257327,665338,-4.2811,55.86005,3,3,6,13:05,-1,S12000049,3,0,1,0,1,"[7, 2, 19]","[8, 0, 1]","[5, 0]",0,"[7, 1, 0]",0,1,0,0,0,0,0,9,13
2024991491097,2024,991491097,256207,664015,-4.29828,55.84784,3,3,5,17:15,-1,S12000049,1,0,1,0,1,19,1,5,0,0,0,1,0,0,0,0,0,9,12
2024991491146,2024,991491146,389595,814846,-2.17395,57.22423,1,1,6,16:29,-1,S12000034,4,0,1,0,2,7,2,6,10,0,0,0,0,1,0,0,0,9,13
2024991491160,2024,991491160,300267,686653,-3.6033,56.06229,3,3,6,16:30,-1,S12000047,6,0,1,0,2,"[19, 9]","[1, 3]","[5, 1]",0,0,0,1,0,0,0,0,0,9,13
2024991491170,2024,991491170,251480,669840,-4.3769,55.8987,2,2,6,13:05,-1,S12000049,6,0,1,0,1,19,2,6,0,0,0,1,0,0,0,0,1,9,13
2024991491187,2024,991491187,362391,741112,-2.6135,56.56046,2,2,6,15:40,-1,S12000041,6,0,1,0,1,19,7,3,0,0,0,1,0,0,0,0,1,9,13
2024991491248,2024,991491248,262645,664204,-4.19563,55.85141,3,3,6,21:35,-1,S12000049,6,2,1,0,1,"[5, 19]",3,7,0,0,0,1,0,0,0,0,0,9,13
2024991491251,2024,991491251,271932,846064,-4.13795,57.48666,2,"[3, 2]",6,18:32,-1,S12000017,6,0,1,0,1,"[13, 19]","[2, 7]","[6, 2]",0,"[1, 0]",0,1,0,0,0,0,0,9,13
2024991491270,2024,991491270,254559,627363,-4.30513,55.51829,2,2,7,12:00,-1,S12000008,4,0,1,0,2,19,1,5,0,1,9,0,0,1,0,0,0,8,31
2024991491298,2024,991491298,231898,639668,-4.67113,55.62146,3,3,7,05:50,-1,S12000021,3,2,2,1,1,"[9, 19]",1,5,0,0,0,1,0,0,0,0,0,9,14
2024991491331,2024,991491331,324663,675659,-3.20852,55.968,2,2,5,15:30,-1,S12000036,6,0,1,0,1,"[2, 19]","[3, 2]",6,0,0,0,1,1,0,0,0,0,9,12
2024991491362,2024,991491362,252922,849694,-4.45693,57.51346,2,2,7,09:55,-1,S12000017,3,0,1,0,2,"[9, 19]",1,"[7, 5]",0,0,0,1,0,1,0,0,0,9,14
2024991491432,2024,991491432,312263,686861,-3.41078,56.06651,2,2,3,18:40,-1,S12000047,6,0,1,0,1,"[7, 19]",7,"[5, 3]",0,0,0,1,1,0,0,0,0,9,10
2024991491440,2024,991491440,285739,694936,-3.84004,56.13342,3,3,7,12:40,-1,S12000005,6,0,1,0,1,"[19, 4]","[8, 3]","[3, 8]",0,0,0,1,0,0,1,0,0,9,14
2024991491462,2024,991491462,210632,661218,-5.02327,55.80701,2,"[3, 2]",7,15:12,-1,S12000035,3,0,2,1,2,19,"[1, 6]","[6, 1]","[0, 1]",0,0,1,1,0,0,0,0,9,14
2024991491504,2024,991491504,236634,660672,-4.60855,55.8116,2,2,2,10:30,-1,S12000038,6,0,1,0,2,19,"[6, 2]","[2, 6]",0,0,0,1,0,0,1,0,0,9,9
2024991491544,2024,991491544,185765,880809,-5.60348,57.76562,2,2,5,08:31,-1,S12000017,3,0,2,1,2,19,2,"[6, 2]","[6, 0]","[2, 0]",0,1,0,0,0,0,0,9,12
2024991491571,2024,991491571,279935,654997,-3.91557,55.77335,3,3,2,15:55,-1,S12000050,6,0,1,0,1,19,"[6, 2]","[2, 6]",0,"[1, 0]",0,1,0,0,0,0,0,9,9
2024991491572,2024,991491572,304921,667833,-3.52193,55.8942,2,2,7,15:30,-1,S12000040,6,0,1,0,1,"[19, 9]","[2, 4]","[6, 2]",0,0,0,1,0,1,0,0,0,9,14
2024991491600,2024,991491600,327370,669447,-3.16349,55.91262,3,3,7,12:45,-1,S12000036,3,0,1,0,1,"[19, 14]","[3, 5]",1,0,0,0,1,0,0,0,0,0,9,14
2024991491628,2024,991491628,293674,757498,-3.73787,56.69706,2,"[2, 3]",1,11:25,-1,S12000048,3,0,1,0,2,"[19, 9]","[7, 4]","[3, 1]",0,0,0,1,0,0,0,0,0,9,15
2024991491726,2024,991491726,273303,662607,-4.02476,55.83999,3,3,7,19:20,-1,S12000050,3,2,1,0,1,"[19, 9]","[5, 2]","[1, 7]",0,0,0,1,0,0,0,0,0,9,14
2024991491728,2024,991491728,360868,759781,-2.64111,56.72804,3,3,1,15:14,-1,S12000041,6,0,1,0,1,19,3,7,0,0,0,1,0,0,0,0,1,9,15
2024991491732,2024,991491732,296572,637828,-3.644,55.623,2,"[3, 2]",1,15:56,-1,S12000029,3,0,1,0,2,"[9, 19]","[8, 4]","[5, 8]",0,"[7, 0]","[11, 0]",1,0,0,0,0,0,9,15
2024991491791,2024,991491791,268827,845376,-4.18933,57.47959,1,1,5,07:05,-1,S12000017,3,2,1,1,2,19,8,5,0,0,0,0,0,0,0,1,1,9,12
2024991491810,2024,991491810,271689,902833,-4.17235,57.99613,2,2,1,15:00,-1,S12000017,3,0,1,0,2,19,"[5, 1]","[1, 5]",0,0,0,1,0,0,0,1,0,5,26
2024991491818,2024,991491818,299967,681071,-3.60603,56.01209,3,3,1,14:45,-1,S12000014,3,0,1,0,1,"[19, 9]","[7, 3]","[3, 1]",0,0,0,1,0,1,0,0,0,6,2
2024991491987,2024,991491987,273361,665144,-4.02502,55.86279,3,3,2,11:55,-1,S12000050,6,0,1,0,1,1,3,1,0,0,0,1,0,0,0,0,1,9,16
2024991492023,2024,991492023,367074,607631,-2.52094,55.36157,3,3,1,21:42,-1,S12000026,3,2,1,0,2,19,4,7,12,7,0,1,0,0,0,0,0,9,15
2024991492035,2024,991492035,282192,628830,-3.86838,55.53892,2,2,2,12:17,-1,S12000029,3,0,1,0,2,19,5,1,0,0,0,1,0,0,0,0,0,9,16
2024991492081,2024,991492081,255237,621612,-4.2914,55.46686,3,3,1,20:15,-1,S12000008,4,2,1,0,1,"[5, 19]","[5, 3]","[1, 7]",0,0,0,1,0,1,0,0,0,9,15
2024991492125,2024,991492125,249815,665705,-4.40121,55.86106,3,3,2,16:55,-1,S12000038,1,0,1,0,1,19,3,7,0,0,0,1,0,0,0,0,0,9,16
2024991492185,2024,991492185,302449,725895,-3.58275,56.41517,3,3,6,13:40,-1,S12000048,3,0,1,0,2,"[13, 9]",3,"[7, 8]",0,0,0,1,1,0,0,0,0,9,13
2024991492197,2024,991492197,248529,663834,-4.4207,55.84386,2,2,2,17:30,-1,S12000038,6,0,1,0,1,19,6,2,11,0,0,1,0,0,0,0,1,9,16
2024991492209,2024,991492209,278800,661336,-3.93647,55.82999,1,1,2,16:25,-1,S12000050,3,0,1,0,2,"[9, 13]",7,"[5, 2]",0,0,0,1,0,1,0,0,0,9,16
2024991492230,2024,991492230,235017,626143,-4.61358,55.50113,3,3,2,19:35,-1,S12000028,6,0,1,0,1,19,"[3, 7]","[7, 3]",0,"[0, 1]",0,1,0,0,0,0,0,9,16
2024991492243,2024,991492243,331978,658913,-3.08714,55.81866,3,3,2,21:00,-1,S12000019,4,2,1,0,2,19,3,7,0,1,11,1,0,0,0,0,0,9,16
2024991492347,2024,991492347,257016,667229,-4.28707,55.87693,3,3,7,15:00,-1,S12000049,3,0,1,0,1,"[19, 5]",4,8,0,0,0,1,0,1,0,0,0,9,14
2024991492351,2024,991492351,323265,661443,-3.22688,55.84008,3,3,6,15:00,-1,S12000019,6,0,1,0,1,"[19, 1]","[6, 8]","[2, 4]",0,0,0,1,0,0,0,0,0,9,13
2024991492467,2024,991492467,308792,726083,-3.48004,56.41812,2,2,5,17:00,-1,S12000048,6,0,1,0,1,"[13, 9]","[2, 3]","[6, 8]",0,"[7, 0]","[11, 0]",1,0,1,0,0,0,9,12
2024991492476,2024,991492476,317530,670506,-3.32119,55.92054,3,3,2,13:20,-1,S12000036,1,0,1,0,2,"[12, 19]",2,6,0,"[0, 5]",0,1,0,0,1,0,0,9,16
2024991492513,2024,991492513,320013,670812,-3.28156,55.92371,3,3,3,12:30,-1,S12000036,3,0,1,0,1,"[7, 5]","[1, 3]","[7, 1]",0,0,0,1,0,0,0,0,0,9,17
2024991492599,2024,991492599,352181,755451,-2.78226,56.68834,1,1,3,15:00,-1,S12000041,6,0,1,0,2,19,5,3,0,3,11,1,0,0,0,0,0,9,17
2024991492612,2024,991492612,319719,721114,-3.30145,56.37548,2,2,4,17:15,-1,S12000048,6,0,1,0,2,14,3,7,0,0,0,1,0,0,0,0,1,9,11