collision_index,collision_year,collision_ref_no,location_easting_osgr,location_northing_osgr,longitude,latitude,casualty_severity,casualty_severity,day_of_week,time,local_authority_district,local_authority_ons_district,first_road_class,light_conditions,weather_conditions,road_surface_conditions,urban_or_rural_area,vehicle_manoeuvre,vehicle_direction_from,vehicle_direction_to,hit_object_in_carriageway,vehicle_leaving_carriageway,hit_object_off_carriageway,is_car,is_cyle,is_mcyle,is_goodsv,is_other,is_pedestrian,month,day
2024991492626,2024,991492626,289662,681527,-3.77142,56.01392,2,2,3,14:45,-1,S12000014,6,0,1,0,1,"[19, 7]","[7, 3]","[3, 7]",0,0,0,1,1,0,0,0,0,9,17
2024991492629,2024,991492629,247951,664480,-4.43028,55.84948,2,2,6,14:55,-1,S12000038,6,0,1,0,1,1,1,3,0,0,0,1,0,0,0,0,1,9,6
2024991492633,2024,991492633,233516,621827,-4.63473,55.46188,2,2,3,17:15,-1,S12000028,3,0,1,0,1,19,4,7,0,0,0,1,0,0,0,0,1,9,17
2024991492660,2024,991492660,278256,892899,-4.05623,57.90881,2,"[3, 2]",6,15:15,-1,S12000017,3,0,1,0,2,"[19, 4, 9]","[1, 6, 5]","[6, 1]",0,"[7, 0]",0,1,0,1,0,0,0,7,26
2024991492666,2024,991492666,321989,670660,-3.2499,55.92267,2,"[3, 2]",3,15:10,-1,S12000036,6,0,1,0,1,"[9, 3]",6,8,0,0,0,1,0,0,1,0,0,9,17
2024991492684,2024,991492684,136010,949685,-6.51465,58.35586,3,3,6,08:30,-1,S12000013,3,0,1,0,2,19,2,5,0,7,0,1,0,0,0,0,0,9,13
2024991492691,2024,991492691,260361,666712,-4.23338,55.87327,2,2,3,22:10,-1,S12000049,3,2,1,0,1,19,5,1,0,0,0,1,0,0,0,0,1,9,17
2024991492921,2024,991492921,290446,644320,-3.74382,55.67996,3,3,4,08:16,-1,S12000029,3,0,7,0,1,"[19, 9]","[7, 3]","[3, 7]",0,0,0,1,0,0,1,0,0,9,18
2024991492961,2024,991492961,276240,724324,-4.00655,56.39492,3,3,4,10:20,-1,S12000048,6,0,1,0,2,"[4, 19]",8,"[4, 5]","[0, 4]",0,0,1,1,0,0,0,0,9,18
2024991492978,2024,991492978,250075,662985,-4.39556,55.83673,1,"[3, 2, 1]",4,08:10,-1,S12000038,6,0,1,0,1,19,8,4,0,1,5,1,0,0,0,0,1,9,18
2024991493007,2024,991493007,382514,806526,-2.29063,57.14928,3,3,3,15:50,-1,S12000034,3,0,1,0,1,"[19, 5]","[7, 5]",3,0,0,0,1,0,1,0,0,0,9,10
2024991493010,2024,991493010,327021,674415,-3.17042,55.95719,2,2,4,13:25,-1,S12000036,3,0,1,0,1,19,3,6,0,0,0,1,0,0,0,0,1,9,18
2024991493146,2024,991493146,252165,664136,-4.36285,55.8477,2,2,4,14:55,-1,S12000049,3,0,1,0,1,"[19, 12]",7,5,0,0,0,1,1,0,0,0,0,9,18
2024991493154,2024,991493154,241167,675314,-4.54489,55.94454,2,"[2, 3]",4,14:25,-1,S12000039,3,0,1,0,1,19,"[4, 8]","[8, 4]",0,"[0, 6]",0,1,0,0,0,1,0,9,18
2024991493162,2024,991493162,208970,772612,-5.1305,56.80569,2,2,4,18:08,-1,S12000017,3,0,1,0,1,19,6,2,0,0,0,0,0,0,0,1,1,9,18
2024991493170,2024,991493170,265789,668438,-4.14755,55.89031,3,3,4,17:35,-1,S12000050,3,0,1,0,1,"[19, 3]",6,2,0,0,0,1,0,1,0,0,0,9,18
2024991493173,2024,991493173,348145,755540,-2.84815,56.6887,2,2,4,17:05,-1,S12000041,3,0,1,0,2,19,6,2,0,"[0, 1]",0,1,0,1,0,0,0,9,18
2024991493174,2024,991493174,250797,659743,-4.38226,55.80785,3,3,2,15:05,-1,S12000011,6,0,2,1,1,"[19, 4]","[7, 6]","[4, 8]",0,0,0,1,0,0,0,0,0,9,2
2024991493180,2024,991493180,312961,677878,-3.39666,55.98595,2,2,4,19:30,-1,S12000036,4,0,1,0,1,"[9, 19]","[5, 1]","[2, 5]",0,0,0,1,0,1,0,0,0,9,18
2024991493183,2024,991493183,314958,736382,-3.38349,56.51178,3,3,3,15:40,-1,S12000048,3,0,1,0,2,"[12, 13]","[1, 2]","[4, 6]",0,0,0,0,0,1,0,1,0,9,17
2024991493213,2024,991493213,316952,729523,-3.34891,56.45053,2,2,3,15:25,-1,S12000048,3,0,1,0,2,19,5,1,0,0,0,1,0,0,0,0,1,9,17
2024991493220,2024,991493220,258254,665863,-4.26658,55.86504,3,3,4,22:25,-1,S12000049,6,2,1,0,1,19,"[5, 3]","[1, 7]",0,0,0,1,0,0,0,0,0,9,18
2024991493221,2024,991493221,233267,615128,-4.63465,55.40166,2,2,4,23:05,-1,S12000028,3,2,1,0,2,19,"[1, 5]","[5, 1]",0,"[0, 7, 1]",0,1,0,0,0,1,0,9,18
2024991493224,2024,991493224,264796,662328,-4.16037,55.83518,3,3,6,16:21,-1,S12000049,1,0,9,0,1,"[4, 19]",7,3,0,0,0,1,0,0,1,0,0,9,13
2024991493250,2024,991493250,236402,657192,-4.61016,55.78029,2,2,4,12:15,-1,S12000038,3,0,1,0,2,13,1,6,0,0,0,0,0,1,0,0,0,9,18
2024991493269,2024,991493269,223350,789066,-4.90677,56.95899,3,3,4,11:55,-1,S12000017,3,0,1,0,2,19,2,6,0,0,0,1,0,0,0,0,0,9,18
2024991493383,2024,991493383,238824,678713,-4.58439,55.97427,2,"[2, 3]",7,16:40,-1,S12000039,4,0,1,0,1,19,"[1, 5]","[5, 1]",0,"[7, 0]",0,1,0,0,0,0,0,8,3
2024991493438,2024,991493438,258145,667397,-4.26912,55.87878,3,3,5,13:10,-1,S12000049,6,0,1,0,1,"[9, 19]","[8, 4]","[7, 8]",0,0,0,1,1,0,0,0,0,9,19
2024991493463,2024,991493463,253032,662073,-4.34789,55.82945,3,3,5,12:28,-1,S12000049,6,0,1,0,1,"[2, 14]","[5, 8]","[1, 4]",0,0,0,1,1,0,0,0,0,9,19
2024991493469,2024,991493469,252127,665817,-4.36437,55.86278,3,3,5,11:30,-1,S12000038,3,0,1,0,1,"[11, 19]",8,4,0,0,0,1,0,0,0,0,0,9,19
2024991493470,2024,991493470,326733,671828,-3.17433,55.93391,2,2,5,11:55,-1,S12000036,3,0,1,0,1,"[9, 19]","[5, 8]","[3, 4]",0,0,0,1,1,0,0,0,0,9,19
2024991493472,2024,991493472,285602,663122,-3.8287,55.84769,3,3,1,11:45,-1,S12000050,4,0,1,0,2,"[19, 15]",3,7,0,0,0,0,0,1,0,1,0,7,28
2024991493480,2024,991493480,230202,643405,-4.70034,55.65441,3,3,4,16:00,-1,S12000021,3,0,1,0,1,9,5,"[3, 1]",0,"[0, 2]",0,1,0,0,0,0,0,9,18
2024991493495,2024,991493495,339516,664271,-2.96806,55.8678,3,3,4,17:42,-1,S12000019,3,0,1,0,2,19,"[8, 4]","[4, 8]",0,"[0, 1]",0,1,0,0,0,0,0,9,18
2024991493497,2024,991493497,259618,666773,-4.24527,55.87361,3,3,5,12:55,-1,S12000049,6,0,1,0,1,"[2, 19]","[0, 3]","[0, 7]","[0, 4]",0,0,1,1,0,0,0,0,9,19
2024991493517,2024,991493517,328133,674163,-3.15255,55.95509,3,3,4,18:10,-1,S12000036,3,0,1,0,1,19,3,7,11,0,0,0,0,0,1,0,1,9,18
2024991493534,2024,991493534,313238,719375,-3.40578,56.35872,2,2,5,14:46,-1,S12000048,1,0,1,0,2,19,8,4,0,0,0,1,0,1,0,0,0,9,19
2024991493580,2024,991493580,313697,688809,-3.38839,56.08427,3,3,5,17:10,-1,S12000047,3,0,1,0,2,19,3,6,0,0,0,0,0,1,0,0,0,9,19
2024991493582,2024,991493582,280940,690133,-3.91506,56.08911,3,3,5,16:50,-1,S12000030,6,0,1,0,1,19,1,5,0,1,11,1,0,0,0,0,0,9,19
2024991493600,2024,991493600,309143,687658,-3.46115,56.07308,3,3,5,16:50,-1,S12000047,3,0,1,0,1,19,3,7,0,0,0,1,0,0,0,0,1,9,19
2024991493627,2024,991493627,310473,721591,-3.45127,56.3781,2,2,5,16:18,-1,S12000048,1,0,1,0,2,19,8,4,0,0,0,1,0,0,0,0,0,9,19
2024991493641,2024,991493641,297750,696009,-3.64729,56.14578,1,1,5,17:08,-1,S12000005,3,0,1,0,2,"[19, 5]","[1, 3]","[5, 1]",0,"[0, 1]",0,1,0,0,1,0,0,9,19
2024991493665,2024,991493665,233436,622287,-4.63627,55.46598,3,3,5,18:00,-1,S12000028,6,0,1,0,1,"[19, 5]",4,"[7, 8]",0,0,0,1,0,0,0,0,0,9,19
2024991493672,2024,991493672,338527,721883,-2.99717,56.38521,3,3,4,17:09,-1,S12000047,3,0,1,0,2,4,7,2,0,0,0,1,0,0,0,0,0,9,18
2024991493686,2024,991493686,315359,691694,-3.3626,56.11048,2,"[3, 2]",5,15:25,-1,S12000047,4,0,1,0,1,2,1,1,0,1,0,1,0,0,0,0,0,9,19
2024991493690,2024,991493690,326504,699467,-3.18559,56.18214,2,2,2,16:40,-1,S12000047,4,0,1,0,1,19,1,5,0,0,0,1,0,0,0,0,0,9,16
2024991493696,2024,991493696,283462,681661,-3.87087,56.01366,2,"[2, 3]",6,00:05,-1,S12000014,4,2,1,0,2,19,3,4,0,3,3,1,0,0,0,0,0,9,20
2024991493712,2024,991493712,232406,641470,-4.66417,55.63781,1,1,6,00:25,-1,S12000021,3,2,1,0,2,19,8,4,0,0,0,1,0,0,0,0,1,9,20
2024991493733,2024,991493733,271595,653918,-4.04792,55.76152,3,3,2,16:30,-1,S12000029,4,0,1,0,1,19,"[4, 5]",8,0,0,0,1,0,0,0,0,0,9,16
2024991493752,2024,991493752,234995,624006,-4.61266,55.48194,2,"[3, 2]",2,19:44,-1,S12000028,4,0,1,0,1,19,"[8, 2]","[4, 6]",0,0,0,1,0,0,0,0,0,9,16
2024991493777,2024,991493777,225110,641962,-4.78025,55.63965,3,3,4,17:00,-1,S12000021,6,0,1,0,1,"[5, 15]",7,3,0,0,0,1,0,0,0,0,0,9,18
2024991493869,2024,991493869,263227,667185,-4.18785,55.87834,3,3,6,10:35,-1,S12000049,6,0,1,0,1,19,8,5,0,7,11,1,0,0,0,0,0,9,20
2024991493893,2024,991493893,273864,659281,-4.01427,55.81027,2,2,4,09:55,-1,S12000050,6,0,1,0,1,19,"[6, 2]","[1, 6]",0,0,0,1,0,0,0,0,0,9,11
2024991493913,2024,991493913,249504,664124,-4.4053,55.84677,3,3,4,07:30,-1,S12000038,3,0,1,0,1,"[19, 7]",7,"[3, 1]",0,0,0,1,0,1,0,0,0,9,18
2024991493960,2024,991493960,250080,666830,-4.39761,55.87124,2,2,5,22:08,-1,S12000038,3,2,1,0,1,"[9, 19]","[6, 2]","[4, 6]",0,0,0,1,0,1,0,0,0,9,19
2024991494003,2024,991494003,311455,723653,-3.43607,56.39681,3,3,5,13:30,-1,S12000048,6,0,9,0,1,9,7,5,0,0,0,1,0,0,0,0,1,8,15
2024991494031,2024,991494031,229942,731712,-4.76054,56.44682,2,2,6,13:55,-1,S12000035,3,0,1,0,2,"[19, 13]","[3, 7]","[7, 3]",0,7,0,1,0,1,0,0,0,9,20
2024991494046,2024,991494046,342098,732682,-2.94174,56.48267,2,"[2, 3]",6,18:20,-1,S12000042,6,0,1,0,1,"[9, 19]",4,"[3, 8]",0,0,0,1,0,1,0,0,0,9,20
2024991494050,2024,991494050,274030,769911,-4.06453,56.80361,2,2,6,14:00,-1,S12000048,3,0,1,0,2,19,"[4, 8]","[8, 3]",0,"[0, 1]",0,1,0,0,0,0,0,9,20
2024991494080,2024,991494080,247355,663014,-4.43896,55.83613,3,3,6,19:27,-1,S12000038,6,2,8,0,1,19,3,7,0,0,0,1,0,0,0,0,1,9,20
2024991494097,2024,991494097,338587,730282,-2.99817,56.46066,2,2,6,20:20,-1,S12000042,6,2,1,0,1,"[2, 19]","[0, 3]","[0, 7]",0,0,0,1,0,0,0,1,0,9,20
2024991494102,2024,991494102,338983,657229,-2.97499,55.80447,2,"[3, 2]",6,22:30,-1,S12000026,3,2,7,1,2,"[9, 19]","[4, 8]","[1, 4]",0,"[0, 1]",0,1,0,0,0,0,0,9,20
2024991494140,2024,991494140,292377,678999,-3.72688,55.99184,3,3,6,13:35,-1,S12000014,3,0,1,0,1,19,"[5, 3, 7]","[1, 7, 3]",0,0,0,1,0,0,0,0,0,9,20
2024991494192,2024,991494192,280895,692682,-3.91692,56.11199,2,"[3, 2]",4,16:30,-1,S12000030,3,0,1,0,1,"[19, 3]","[1, 3]",7,"[1, 0]",0,0,1,0,0,0,0,0,9,18
2024991494209,2024,991494209,270184,656207,-4.07148,55.7817,3,3,7,12:22,-1,S12000029,3,0,1,0,1,19,8,5,0,0,0,1,0,1,0,0,0,9,21
2024991494218,2024,991494218,336980,700001,-3.01698,56.18844,2,2,7,09:15,-1,S12000047,6,0,1,1,1,"[2, 19]","[0, 2]","[0, 6]","[0, 4]",0,0,1,0,0,0,0,0,9,21
2024991494279,2024,991494279,311737,922441,-3.50256,58.18195,2,2,7,15:25,-1,S12000017,3,0,1,0,2,19,2,6,0,1,0,0,0,1,0,0,0,9,21
2024991494414,2024,991494414,207086,858899,-5.22819,57.57881,2,2,7,13:45,-1,S12000017,3,0,1,0,2,"[19, 10]",4,"[8, 2]","[4, 0]","[1, 0]","[7, 0]",0,0,1,0,1,0,9,21
2024991494416,2024,991494416,319343,716608,-3.30615,56.33494,3,3,7,11:00,-1,S12000048,3,0,1,1,2,19,7,2,0,0,0,0,0,1,0,0,0,9,21
2024991494499,2024,991494499,220436,878009,-5.01949,57.75573,2,2,1,12:00,-1,S12000017,3,0,1,0,2,19,4,8,0,1,7,0,0,1,0,0,0,9,22
2024991494502,2024,991494502,340748,730504,-2.96316,56.46294,2,2,2,13:20,-1,S12000042,3,0,1,0,1,"[5, 19]",8,"[4, 2]",0,0,0,1,0,0,0,0,0,7,29
2024991494528,2024,991494528,293375,610183,-3.68411,55.37401,1,1,1,12:20,-1,S12000029,3,0,1,0,2,19,3,7,0,1,11,0,0,1,0,0,0,9,22
2024991494591,2024,991494591,305981,667284,-3.5048,55.88948,2,2,1,09:55,-1,S12000040,4,0,1,0,1,"[7, 19]","[4, 3]",7,0,0,0,1,1,0,0,0,0,9,8
2024991494611,2024,991494611,306408,719506,-3.51632,56.35859,3,3,4,15:39,-1,S12000048,4,0,1,1,2,"[10, 19]","[5, 2]","[1, 6]",0,0,0,1,0,0,0,0,0,9,4
2024991494726,2024,991494726,234453,698026,-4.6663,56.14611,3,3,4,17:30,-1,S12000035,6,0,1,0,2,"[19, 9]",1,"[5, 2]",0,0,0,1,0,1,0,0,0,9,18
2024991494730,2024,991494730,239832,660719,-4.55761,55.81309,1,"[3, 1]",2,03:07,-1,S12000038,3,2,1,0,2,19,"[6, 2]","[2, 6]","[12, 0]","[0, 7]",0,1,0,0,0,0,0,9,23
2024991494739,2024,991494739,306048,669333,-3.50444,55.9079,2,2,6,07:45,-1,S12000040,6,0,8,0,1,"[19, 9]",8,4,0,0,0,1,1,0,0,0,0,9,20
2024991495001,2024,991495001,235050,625660,-4.61277,55.4968,3,3,7,13:37,-1,S12000028,3,0,1,0,1,"[5, 19]",1,5,0,0,0,1,0,1,0,0,0,9,21
2024991495006,2024,991495006,272338,871868,-4.14478,57.71839,2,"[3, 2]",2,15:30,-1,S12000017,3,0,1,0,2,19,"[3, 6]","[6, 3]",0,"[1, 0]",0,1,0,0,0,0,0,9,23
2024991495033,2024,991495033,325695,694064,-3.19711,56.13349,2,"[3, 2]",2,20:00,-1,S12000047,4,2,1,0,1,19,7,3,0,0,0,1,0,1,0,0,1,9,23
2024991495256,2024,991495256,186071,729318,-5.469,56.4075,3,3,3,08:30,-1,S12000035,3,0,8,1,1,"[4, 9]",5,1,0,0,0,1,0,0,0,0,0,9,24
2024991495335,2024,991495335,320618,671347,-3.27204,55.92861,3,3,2,15:55,-1,S12000036,6,0,1,0,1,"[19, 2]",1,"[5, 4]","[4, 0]",0,0,1,0,0,0,0,0,9,23
2024991495344,2024,991495344,220337,585740,-4.81982,55.13335,2,2,5,23:45,-1,S12000028,3,2,1,0,2,19,5,1,0,8,3,0,0,1,0,0,0,9,19
2024991495385,2024,991495385,270431,797093,-4.13734,57.04664,3,3,3,10:09,-1,S12000017,4,0,2,1,2,"[19, 7]",6,2,0,"[0, 1]","[0, 4]",1,0,0,0,0,0,9,24
2024991495427,2024,991495427,266605,666610,-4.13361,55.87413,2,2,3,14:00,-1,S12000049,6,0,1,0,1,19,4,8,0,0,0,1,0,0,0,0,1,9,24
2024991495457,2024,991495457,267088,673801,-4.12943,55.93883,2,2,3,15:14,-1,S12000045,6,0,1,0,1,19,1,5,0,0,0,1,0,0,0,0,1,9,24
2024991495463,2024,991495463,238821,677738,-4.58386,55.96552,3,3,3,16:20,-1,S12000039,4,0,1,0,1,19,1,5,7,0,0,1,0,0,0,0,0,9,24
2024991495479,2024,991495479,284965,555756,-3.79468,54.88328,3,3,1,00:15,-1,S12000006,3,2,1,0,2,19,1,4,0,2,9,1,0,0,0,0,0,9,15
2024991495486,2024,991495486,280501,688946,-3.92158,56.07835,3,3,3,16:10,-1,S12000030,1,0,1,0,2,19,5,1,0,0,0,1,0,0,0,1,0,9,24
2024991495495,2024,991495495,262636,666252,-4.19681,55.8698,3,3,6,13:45,-1,S12000049,6,0,1,0,1,1,4,4,0,0,0,1,0,0,0,0,0,9,20
2024991495504,2024,991495504,261977,665482,-4.20695,55.8627,3,3,3,18:11,-1,S12000049,3,0,1,0,1,"[19, 3]",3,"[8, 7]",0,0,0,1,0,0,0,0,0,9,24
2024991495510,2024,991495510,330780,664553,-3.1077,55.86915,2,2,3,18:45,-1,S12000019,6,0,1,0,2,19,6,2,11,0,0,0,0,1,0,0,0,9,24
2024991495517,2024,991495517,269633,655458,-4.0799,55.77482,3,3,3,20:30,-1,S12000029,6,2,1,0,1,19,4,8,0,0,0,1,0,0,0,0,1,9,24
2024991495519,2024,991495519,232731,638176,-4.65701,55.60835,3,3,3,21:10,-1,S12000021,3,2,1,0,1,19,7,3,0,0,0,1,0,0,0,0,1,9,24
2024991495525,2024,991495525,252486,624629,-4.33648,55.49312,1,1,3,17:00,-1,S12000008,3,0,8,1,2,19,8,4,0,1,4,1,0,0,0,0,0,9,24
2024991495535,2024,991495535,324889,672744,-3.20409,55.94185,2,2,6,16:45,-1,S12000036,6,0,1,0,1,19,"[4, 3]",6,0,0,0,1,1,0,0,0,0,9,20
2024991495543,2024,991495543,380149,807271,-2.32978,57.15587,3,3,2,22:52,-1,S12000034,3,2,1,0,2,19,"[3, 5]","[7, 1]",0,0,0,1,0,0,0,0,0,9,23
2024991495549,2024,991495549,264768,662672,-4.16098,55.83826,2,2,3,22:50,-1,S12000049,4,2,1,0,1,19,1,5,7,1,0,1,0,0,0,0,0,9,24
2024991495602,2024,991495602,243687,655427,-4.49311,55.76685,3,3,1,14:16,-1,S12000011,6,0,1,0,2,"[2, 19]","[0, 2]","[0, 6]",0,0,0,1,0,0,0,0,0,9,22
2024991495618,2024,991495618,319871,672955,-3.28447,55.94293,3,3,4,07:45,-1,S12000036,3,0,1,0,1,3,7,3,0,0,0,1,0,0,0,0,0,9,25
2024991495654,2024,991495654,314875,714084,-3.37758,56.31149,2,2,6,14:35,-1,S12000048,1,0,1,0,2,19,6,2,0,0,0,1,0,0,0,0,0,9,20
2024991495655,2024,991495655,323503,672477,-3.2262,55.93923,2,2,4,08:10,-1,S12000036,3,0,1,0,1,"[5, 19]","[2, 7]","[6, 3]",0,0,0,1,0,1,0,0,0,9,25
2024991495690,2024,991495690,362474,764367,-2.61554,56.76937,3,3,4,10:20,-1,S12000041,6,0,1,0,2,"[2, 19]","[1, 8]","[5, 4]",0,0,0,1,0,0,0,0,0,9,25
2024991495785,2024,991495785,313265,668493,-3.38877,55.90171,3,3,4,11:25,-1,S12000036,3,0,1,0,2,19,3,7,0,2,0,1,0,0,0,0,0,9,25
2024991495853,2024,991495853,323804,673217,-3.22159,55.94593,3,3,4,11:26,-1,S12000036,3,0,1,0,1,"[19, 2]","[3, 0]","[7, 0]","[4, 0]",0,0,1,0,0,0,0,0,9,25
2024991495876,2024,991495876,270939,673666,-4.06776,55.93866,2,2,4,13:50,-1,S12000050,6,0,1,0,2,19,"[5, 8]","[8, 4]",0,0,0,1,0,0,1,0,0,9,25
2024991495900,2024,991495900,216805,756937,-4.99117,56.66821,2,2,4,16:15,-1,S12000017,3,0,1,0,2,19,3,7,0,0,0,1,0,0,0,0,1,9,25
2024991495904,2024,991495904,252302,654059,-4.35519,55.75728,3,3,7,18:45,-1,S12000011,3,0,1,0,2,"[12, 5]","[5, 6]","[3, 1]",0,7,0,1,0,0,0,0,0,9,14
2024991495916,2024,991495916,321043,672875,-3.26569,55.94241,3,3,3,17:10,-1,S12000036,3,0,1,0,1,"[9, 19]","[7, 3]","[5, 7]",0,0,0,1,0,0,0,0,0,9,24
2024991495939,2024,991495939,247242,557637,-4.3832,54.89006,2,"[3, 2]",4,07:10,-1,S12000006,3,0,1,0,2,19,"[4, 8]","[8, 4]",0,"[0, 1]",0,1,0,0,0,0,0,9,4
2024991495943,2024,991495943,258414,660683,-4.26132,55.81858,3,3,4,19:50,-1,S12000049,6,2,1,1,1,"[3, 19]","[2, 6]","[6, 2]","[0, 4]",0,0,1,0,0,0,0,0,9,25
2024991495962,2024,991495962,273273,654909,-4.02166,55.77086,3,3,5,08:30,-1,S12000029,3,0,1,0,1,"[3, 5]",3,7,0,0,0,1,0,0,0,0,0,9,19
2024991495975,2024,991495975,308402,687473,-3.47298,56.07128,2,2,6,20:15,-1,S12000047,3,2,1,0,1,19,1,5,0,0,0,1,0,0,0,0,1,8,16
2024991496000,2024,991496000,334039,662705,-3.05518,55.85301,3,3,3,07:50,-1,S12000019,6,0,1,0,2,19,"[3, 7]","[7, 3]",0,0,0,1,0,0,0,0,0,9,17
2024991496013,2024,991496013,208454,758567,-5.12844,56.67949,2,2,1,14:20,-1,S12000017,3,0,1,0,2,"[9, 19]","[7, 3]","[5, 7]",0,0,0,1,0,1,0,0,0,9,22
2024991496019,2024,991496019,263316,672161,-4.18894,55.92304,2,2,5,05:55,-1,S12000045,4,2,2,1,2,19,4,8,0,0,0,0,0,0,1,0,1,9,26
2024991496041,2024,991496041,262594,651994,-4.19028,55.74177,3,3,4,15:00,-1,S12000029,6,0,1,0,1,5,3,6,0,0,0,1,0,0,0,0,1,9,25
2024991496092,2024,991496092,250949,661474,-4.38079,55.82343,3,3,5,13:20,-1,S12000049,3,0,1,0,2,19,7,4,7,3,0,1,0,0,0,0,0,6,6
2024991496135,2024,991496135,258371,662658,-4.26304,55.8363,3,3,7,21:30,-1,S12000049,6,2,1,0,1,19,8,4,0,0,0,0,1,0,0,0,1,9,21
2024991496153,2024,991496153,249848,671258,-4.40377,55.91092,2,2,4,09:10,-1,S12000039,3,0,1,0,1,5,5,1,0,0,0,1,0,0,0,0,1,9,25
2024991496351,2024,991496351,345925,715533,-2.87606,56.32907,3,3,4,07:30,-1,S12000047,4,0,1,1,2,19,"[7, 5]","[3, 1]",0,"[7, 0]","[9, 0]",1,0,0,0,0,0,9,25
2024991496353,2024,991496353,235968,638809,-4.60606,55.61514,2,"[3, 2]",5,13:35,-1,S12000021,6,0,1,1,2,7,4,7,0,1,4,1,0,0,0,0,0,9,26
2024991496384,2024,991496384,335680,664625,-3.02943,55.87048,3,3,5,16:50,-1,S12000019,6,0,1,0,1,5,1,5,0,0,0,0,0,0,1,0,0,9,26
2024991496419,2024,991496419,318438,671920,-3.30709,55.9334,3,3,3,07:40,-1,S12000036,6,0,1,0,1,"[19, 9]","[8, 1]","[5, 7]",0,0,0,1,1,0,0,0,0,9,24
2024991496463,2024,991496463,378136,630255,-2.34823,55.56548,3,3,5,13:45,-1,S12000026,4,0,1,0,2,19,8,4,0,1,11,1,0,0,0,0,0,9,26
2024991496503,2024,991496503,310681,671246,-3.43099,55.92596,2,2,3,06:30,-1,S12000040,1,0,1,0,2,"[4, 19]",7,3,0,0,0,1,0,0,0,0,0,9,24
2024991496505,2024,991496505,377713,836726,-2.37271,57.42035,2,2,1,03:10,-1,S12000034,3,2,2,1,2,19,4,8,10,7,4,1,0,0,0,0,0,4,21
2024991496520,2024,991496520,374850,834427,-2.42014,57.39954,2,2,7,14:05,-1,S12000034,6,0,1,0,2,"[9, 19]","[1, 5]","[3, 1]",0,"[0, 2]",0,1,0,0,0,1,0,9,21
2024991496674,2024,991496674,332669,943297,-3.15279,58.37292,3,3,5,00:30,-1,S12000017,3,2,7,0,2,19,1,4,0,7,0,1,0,0,0,0,0,9,5
2024991496762,2024,991496762,273666,656187,-4.01599,55.78244,2,2,6,15:16,-1,S12000029,3,0,1,0,2,19,6,2,0,0,0,1,0,1,0,0,0,9,27
2024991496787,2024,991496787,298316,578008,-3.59457,55.08606,3,3,6,15:05,-1,S12000006,3,0,1,0,2,19,"[1, 7]","[6, 4]","[10, 0]",0,0,1,0,0,0,0,0,9,27
2024991496841,2024,991496841,265983,846385,-4.23728,57.48782,2,2,6,17:20,-1,S12000017,6,0,1,0,1,19,5,1,0,0,0,1,0,0,0,0,1,9,27
2024991496847,2024,991496847,318485,693243,-3.31283,56.12493,3,3,6,14:00,-1,S12000047,4,0,1,0,1,"[2, 19]","[0, 6]","[0, 2]",0,0,0,1,0,0,0,0,0,9,27
2024991496854,2024,991496854,232095,638958,-4.66758,55.61515,2,2,6,16:50,-1,S12000021,6,0,1,0,1,5,1,4,0,0,0,0,0,0,1,0,1,9,27
2024991496855,2024,991496855,324995,673751,-3.20268,55.95091,3,3,6,17:14,-1,S12000036,3,0,1,0,1,4,3,7,0,0,0,0,0,0,1,0,0,9,27
2024991496860,2024,991496860,312330,672379,-3.40498,55.93644,3,3,6,18:05,-1,S12000036,6,0,8,0,2,"[2, 19]",3,6,"[0, 4]",0,0,1,0,0,0,0,0,9,27
2024991496862,2024,991496862,377630,821245,-2.37268,57.28128,3,3,6,18:00,-1,S12000034,4,0,1,1,1,19,1,5,0,0,0,1,0,0,0,0,1,9,27
2024991496879,2024,991496879,304986,668097,-3.52099,55.89659,2,2,5,21:19,-1,S12000040,6,2,1,0,1,"[5, 19]","[3, 6]","[6, 2]",0,"[1, 0]",0,1,0,0,0,0,0,9,26
2024991496888,2024,991496888,265767,659650,-4.14355,55.8114,3,3,6,21:15,-1,S12000029,6,2,8,0,1,"[1, 2]",8,"[4, 8]",0,0,0,1,0,0,0,0,0,9,27
2024991496897,2024,991496897,256443,637492,-4.28058,55.60979,3,3,3,09:10,-1,S12000008,3,0,1,0,1,"[2, 14]","[0, 3]","[0, 7]","[0, 8]",0,0,1,1,0,0,0,0,7,23
2024991496913,2024,991496913,323820,672858,-3.22123,55.94271,2,2,6,23:45,-1,S12000036,3,2,1,0,1,4,2,6,0,0,0,0,0,0,1,0,0,9,27
2024991496943,2024,991496943,140060,832648,-6.31817,57.31012,3,3,6,14:19,-1,S12000017,3,0,1,0,2,19,"[5, 1]","[1, 5]",0,1,0,1,0,0,0,0,0,9,27
2024991496961,2024,991496961,329310,695156,-3.13925,56.14384,3,3,5,06:35,-1,S12000047,3,0,1,0,2,"[3, 19]",4,8,0,0,0,1,0,0,0,0,0,9,26
2024991496983,2024,991496983,321507,673000,-3.2583,55.94361,2,2,1,22:15,-1,S12000036,3,2,1,0,1,-1,"[5, 3]","[8, 7]",-1,-1,0,1,1,0,0,0,0,9,8
2024991497015,2024,991497015,261112,661378,-4.21865,55.8256,2,2,7,17:25,-1,S12000029,6,0,1,0,1,19,6,2,0,0,0,1,0,0,0,0,1,6,15