collision_index,collision_year,collision_ref_no,location_easting_osgr,location_northing_osgr,longitude,latitude,casualty_severity,casualty_severity,day_of_week,time,local_authority_district,local_authority_ons_district,first_road_class,light_conditions,weather_conditions,road_surface_conditions,urban_or_rural_area,vehicle_manoeuvre,vehicle_direction_from,vehicle_direction_to,hit_object_in_carriageway,vehicle_leaving_carriageway,hit_object_off_carriageway,is_car,is_cyle,is_mcyle,is_goodsv,is_other,is_pedestrian,month,day
2024991497065,2024,991497065,261627,662846,-4.21119,55.83893,2,2,7,11:21,-1,S12000049,3,0,1,0,1,13,4,8,0,0,0,1,0,0,0,0,1,9,28
2024991497073,2024,991497073,310349,585585,-3.40851,55.15644,3,3,6,14:39,-1,S12000006,5,0,1,0,2,19,7,4,0,1,11,1,0,0,0,0,0,9,27
2024991497081,2024,991497081,313158,672624,-3.39181,55.93879,2,2,6,14:20,-1,S12000036,3,0,1,0,2,19,3,7,0,0,0,1,0,1,0,0,0,9,27
2024991497136,2024,991497136,323163,675171,-3.23241,55.96338,3,3,6,16:00,-1,S12000036,6,0,1,0,1,19,4,1,0,0,0,0,1,0,1,0,0,9,27
2024991497173,2024,991497173,292421,625569,-3.7051,55.51199,1,1,6,18:40,-1,S12000029,1,2,1,0,2,19,4,8,0,0,0,1,0,1,0,0,0,9,27
2024991497189,2024,991497189,326569,701253,-3.18504,56.1982,3,3,7,15:00,-1,S12000047,6,0,1,0,1,"[19, 4]",7,3,0,0,0,1,0,1,0,0,0,9,28
2024991497190,2024,991497190,277334,648561,-3.95411,55.7149,2,"[3, 2]",7,20:00,-1,S12000029,3,2,1,0,1,"[19, 9]","[2, 6]","[6, 3]",0,"[1, 0]",0,1,0,0,0,0,0,9,28
2024991497195,2024,991497195,320260,670106,-3.2774,55.91741,3,3,6,17:35,-1,S12000036,6,0,1,0,1,14,7,2,0,0,0,1,0,0,0,0,1,9,27
2024991497201,2024,991497201,281882,679529,-3.89526,55.99413,2,2,7,14:55,-1,S12000014,6,0,1,0,1,14,4,8,0,0,0,1,0,0,0,0,1,9,28
2024991497215,2024,991497215,227480,676211,-4.76435,55.94787,2,2,6,21:30,-1,S12000018,3,2,1,0,1,19,"[8, 2]","[4, 6]",0,0,0,1,0,1,0,0,0,9,27
2024991497249,2024,991497249,246735,663592,-4.44918,55.84112,3,3,3,16:57,-1,S12000038,3,0,1,0,1,"[19, 4]",3,7,0,0,0,1,0,0,0,0,0,9,17
2024991497288,2024,991497288,339496,732191,-2.98386,56.47793,3,3,2,20:00,-1,S12000042,4,2,1,0,1,"[9, 19]","[7, 3]","[4, 7]",0,0,0,1,0,0,0,0,0,9,16
2024991497375,2024,991497375,331799,708178,-3.10255,56.26118,2,2,1,06:30,-1,S12000047,3,2,1,0,2,19,"[6, 2]","[2, 6]",0,0,0,1,0,0,0,0,0,9,29
2024991497379,2024,991497379,338599,753677,-3.00352,56.67081,2,2,6,13:00,-1,S12000041,3,0,1,0,1,"[13, 19]",3,8,0,0,0,1,0,1,0,0,0,9,20
2024991497387,2024,991497387,255756,844310,-4.40649,57.46606,2,2,7,11:05,-1,S12000017,3,0,1,0,2,"[19, 4]","[7, 3]","[3, 7]",0,0,0,1,0,1,0,0,0,9,28
2024991497431,2024,991497431,318525,670356,-3.30523,55.91936,2,2,1,14:30,-1,S12000036,3,0,1,0,1,4,6,1,0,0,0,0,0,1,0,0,0,9,29
2024991497455,2024,991497455,349495,673733,-2.81039,55.95396,3,3,1,17:30,-1,S12000010,4,0,1,0,2,14,3,7,0,0,0,1,0,0,0,0,1,9,29
2024991497464,2024,991497464,261122,667725,-4.22175,55.88259,2,2,1,16:15,-1,S12000049,6,0,1,0,1,9,5,3,0,0,0,1,0,0,0,0,1,9,29
2024991497465,2024,991497465,280096,658209,-3.91442,55.80224,3,3,1,17:30,-1,S12000050,4,2,1,0,2,19,6,2,0,0,0,1,0,0,0,0,1,9,29
2024991497468,2024,991497468,326000,673416,-3.18649,55.94806,3,3,1,17:50,-1,S12000036,3,0,1,0,1,"[9, 19]","[1, 5]","[7, 1]",0,0,0,1,1,0,0,0,0,9,29
2024991497497,2024,991497497,272282,655163,-4.03756,55.77288,2,2,1,17:02,-1,S12000029,6,0,1,0,1,"[19, 9]","[5, 7]","[2, 5]",0,"[8, 0]","[10, 0]",1,0,0,0,0,1,9,29
2024991497501,2024,991497501,244441,686959,-4.49926,56.05014,3,3,1,18:34,-1,S12000039,3,0,1,0,2,19,"[7, 2]","[2, 7]",0,0,0,1,0,1,0,0,0,9,29
2024991497506,2024,991497506,258435,662787,-4.26208,55.83747,3,3,7,19:15,-1,S12000049,4,0,1,0,1,19,3,7,0,0,0,1,0,0,0,0,1,6,22
2024991497507,2024,991497507,323416,671336,-3.22727,55.92897,3,3,5,18:00,-1,S12000036,6,0,1,0,1,"[5, 10]",1,6,0,0,0,1,1,0,0,0,0,9,26
2024991497529,2024,991497529,328777,671638,-3.14157,55.93251,3,3,4,17:12,-1,S12000036,3,0,1,0,1,"[2, 5]","[0, 3]","[0, 7]",0,0,0,1,0,0,1,0,0,8,21
2024991497543,2024,991497543,208993,576446,-4.99126,55.0457,2,2,1,09:50,-1,S12000028,3,0,1,0,2,19,"[2, 6]","[6, 2]","[0, 2]","[1, 2]","[7, 1]",1,0,0,1,0,0,9,29
2024991497568,2024,991497568,317842,670751,-3.31627,55.92279,3,3,7,10:50,-1,S12000036,1,0,1,0,2,3,6,2,0,0,0,1,0,0,0,0,0,9,28
2024991497672,2024,991497672,234709,624503,-4.61748,55.4863,3,3,2,10:05,-1,S12000028,3,0,1,0,1,19,"[1, 5]","[5, 1]",0,"[0, 1]",0,1,0,0,0,0,0,9,30
2024991497752,2024,991497752,230627,642008,-4.69273,55.64202,3,3,2,08:25,-1,S12000021,4,0,1,0,1,7,1,3,0,1,4,1,0,0,0,0,0,9,30
2024991497824,2024,991497824,244052,686991,-4.50552,56.0503,3,3,2,13:50,-1,S12000039,3,0,2,1,2,19,"[6, 3]","[3, 7]",0,0,0,1,0,0,0,0,0,9,30
2024991497831,2024,991497831,254941,664596,-4.31879,55.85268,2,2,2,15:26,-1,S12000049,6,0,2,1,1,"[9, 19]","[2, 5]","[7, 1]",0,0,0,1,1,0,0,0,0,9,30
2024991497888,2024,991497888,343290,731166,-2.92206,56.4692,3,3,1,17:10,-1,S12000042,6,0,1,0,1,19,"[8, 3]","[4, 7]",0,0,0,1,0,0,0,0,0,9,29
2024991497894,2024,991497894,324657,673405,-3.20799,55.94775,3,3,5,01:15,-1,S12000036,6,0,8,1,1,19,3,6,0,0,0,0,0,0,1,0,0,9,26
2024991497923,2024,991497923,263953,660643,-4.17297,55.81981,3,3,2,14:45,-1,S12000029,3,0,2,1,1,4,3,7,0,0,0,1,0,0,0,0,1,9,30
2024991497930,2024,991497930,266547,658098,-4.13035,55.79769,3,3,2,16:59,-1,S12000029,6,0,2,1,2,19,5,1,0,0,0,1,0,0,0,0,0,9,30
2024991497940,2024,991497940,279826,693317,-3.93439,56.11743,3,3,7,14:45,-1,S12000030,4,0,1,0,1,"[19, 13]",5,1,0,0,0,1,0,0,0,0,0,9,21
2024991497950,2024,991497950,295528,617885,-3.65304,55.44365,2,2,2,23:05,-1,S12000029,6,2,2,1,2,19,4,1,0,7,4,1,0,0,0,0,0,9,30
2024991497991,2024,991497991,290634,684705,-3.75713,56.04269,2,2,4,16:30,-1,S12000014,3,0,1,0,2,"[7, 19]","[3, 5]",1,0,"[0, 1]",0,1,1,0,0,0,0,9,11
2024991498071,2024,991498071,314216,741925,-3.39737,56.56142,3,3,7,12:39,-1,S12000048,4,0,1,0,2,19,3,7,0,2,4,1,0,0,0,0,0,9,21
2024991498112,2024,991498112,233876,622574,-4.62949,55.46871,3,3,2,07:20,-1,S12000028,6,2,1,0,1,"[5, 19]","[1, 5]","[5, 1]",0,0,0,1,1,0,0,0,0,9,30
2024991498132,2024,991498132,255338,674124,-4.31755,55.93833,3,3,7,15:27,-1,S12000045,4,0,1,0,1,"[9, 19]","[1, 5]","[7, 1]",0,0,0,1,0,0,0,1,0,9,28
2024991498247,2024,991498247,218711,780135,-4.97656,56.87707,2,2,3,12:07,-1,S12000017,3,0,1,0,2,19,2,6,0,1,9,0,0,1,0,0,0,10,1
2024991498267,2024,991498267,243338,664560,-4.50393,55.84872,3,3,3,13:22,-1,S12000038,6,0,1,0,1,"[19, 1]",7,3,0,0,0,1,0,0,0,0,0,10,1
2024991498284,2024,991498284,325552,567012,-3.16512,54.9921,3,3,5,09:21,-1,S12000006,3,0,1,0,2,"[19, 13]","[3, 7]","[7, 3]",0,"[0, 1]",0,1,0,0,1,0,0,9,12
2024991498323,2024,991498323,281028,634875,-3.88942,55.59292,2,2,1,15:00,-1,S12000029,6,0,1,0,2,5,5,2,0,1,0,1,0,0,0,0,1,8,11
2024991498350,2024,991498350,341953,732251,-2.94399,56.47878,3,3,3,16:02,-1,S12000042,3,0,1,0,1,19,"[3, 6]","[8, 1]",0,0,0,1,1,0,0,0,0,10,1
2024991498383,2024,991498383,271227,678017,-4.06524,55.97781,2,2,3,18:04,-1,S12000050,3,0,1,0,1,19,3,7,0,0,0,1,0,0,0,0,1,10,1
2024991498388,2024,991498388,339620,731959,-2.9818,56.47586,2,2,3,20:02,-1,S12000042,4,2,1,0,1,"[19, 2]","[4, 0]","[8, 0]",0,0,0,1,0,0,0,0,1,10,1
2024991498404,2024,991498404,250093,638228,-4.3817,55.61448,3,3,3,21:18,-1,S12000008,3,2,1,0,2,19,5,1,0,7,10,1,0,0,0,0,0,10,1
2024991498437,2024,991498437,322258,701364,-3.25453,56.19851,3,3,4,03:35,-1,S12000047,3,2,1,1,2,19,7,3,0,1,0,1,0,0,0,0,0,10,2
2024991498440,2024,991498440,277720,699346,-3.97101,56.17103,3,3,6,16:30,-1,S12000030,3,0,1,0,2,"[5, 19]",8,4,0,0,0,1,0,0,0,0,0,9,6
2024991498468,2024,991498468,228187,642673,-4.73187,55.64713,3,3,4,06:45,-1,S12000021,3,0,1,0,2,4,2,6,0,0,0,1,0,0,0,0,0,9,25
2024991498599,2024,991498599,253866,672735,-4.34035,55.92542,2,2,4,08:40,-1,S12000045,3,0,1,0,1,19,8,4,0,0,0,1,0,0,0,0,1,10,2
2024991498644,2024,991498644,294462,668629,-3.68941,55.89917,2,2,1,13:20,-1,S12000040,3,0,1,0,1,"[5, 19]","[6, 8]",4,0,0,0,1,1,0,0,0,0,6,16
2024991498697,2024,991498697,297410,637157,-3.63045,55.61715,2,2,4,13:05,-1,S12000029,3,0,1,0,2,"[19, 9]","[8, 4]","[4, 1]",0,0,0,1,0,1,0,0,0,10,2
2024991498718,2024,991498718,322903,867517,-3.29486,57.69085,2,2,3,21:58,-1,S12000020,3,2,1,1,2,19,"[1, 5]","[5, 1]",0,"[7, 0]",0,1,0,1,0,0,0,10,1
2024991498834,2024,991498834,321992,674875,-3.25108,55.96053,3,3,3,08:30,-1,S12000036,6,0,1,0,1,"[7, 19]",3,7,0,0,0,1,0,1,0,0,0,8,20
2024991498858,2024,991498858,279598,671735,-3.92837,55.92357,3,3,4,23:00,-1,S12000050,6,2,1,0,2,19,4,1,0,1,4,1,0,0,0,0,0,10,2
2024991498859,2024,991498859,246370,665227,-4.45593,55.85569,2,2,5,00:29,-1,S12000038,3,2,1,0,2,19,5,1,0,0,0,1,0,0,0,0,0,10,3
2024991498884,2024,991498884,319220,672916,-3.29488,55.94247,3,3,6,15:05,-1,S12000036,3,0,1,0,1,19,7,3,0,0,0,1,0,0,0,0,1,9,27
2024991498896,2024,991498896,390880,806755,-2.15237,57.15158,2,2,4,12:40,-1,S12000033,3,0,1,0,1,1,7,3,0,0,0,1,0,0,0,0,1,9,25
2024991498990,2024,991498990,253683,665225,-4.33921,55.85794,3,3,5,09:15,-1,S12000049,6,0,1,0,1,19,6,2,0,0,0,1,0,0,0,0,1,10,3
2024991499013,2024,991499013,289186,626947,-3.75686,55.52365,2,2,6,18:40,-1,S12000029,1,0,1,0,2,19,4,"[7, 8]",0,0,0,1,0,0,0,0,0,9,27
2024991499062,2024,991499062,267986,664432,-4.1105,55.85495,3,3,4,10:20,-1,S12000049,6,0,1,0,1,19,6,2,0,0,0,1,0,0,0,0,0,10,2
2024991499116,2024,991499116,326392,674885,-3.18062,55.96132,3,3,4,17:40,-1,S12000036,6,0,1,0,1,9,"[2, 6]","[8, 4]",0,0,0,0,1,1,0,0,0,10,2
2024991499159,2024,991499159,292253,646819,-3.71608,55.70281,2,2,5,13:30,-1,S12000029,3,0,1,0,2,19,"[3, 7]","[7, 3]",0,1,0,1,0,0,0,0,0,10,3
2024991499160,2024,991499160,256159,832933,-4.3931,57.36408,2,"[2, 3]",5,12:04,-1,S12000017,3,0,1,0,2,"[19, 13]",6,2,0,"[2, 0]",0,1,0,0,0,0,1,10,3
2024991499193,2024,991499193,237082,628051,-4.58205,55.51895,1,1,5,14:24,-1,S12000028,3,0,1,0,2,19,4,8,0,"[1, 0]",0,1,0,0,0,0,0,10,3
2024991499242,2024,991499242,206149,663239,-5.09613,55.82336,3,3,5,17:00,-1,S12000035,3,0,1,0,2,"[19, 5]","[6, 2]","[2, 6]",0,0,0,1,0,1,0,0,0,10,3
2024991499245,2024,991499245,260152,668233,-4.2375,55.88687,3,3,5,16:00,-1,S12000049,4,0,1,0,1,19,8,4,0,0,0,1,0,0,0,0,1,10,3
2024991499250,2024,991499250,369595,644808,-2.48527,55.69577,3,3,5,16:55,-1,S12000026,3,0,1,0,2,13,2,6,0,0,0,1,0,0,0,0,0,10,3
2024991499270,2024,991499270,224254,677294,-4.81665,55.95642,3,3,5,15:05,-1,S12000018,6,0,1,0,1,4,3,8,0,0,0,1,0,0,0,0,1,10,3
2024991499281,2024,991499281,311337,722442,-3.43757,56.38591,3,3,5,05:37,-1,S12000048,6,2,1,0,1,19,4,8,7,1,10,1,0,0,0,0,0,10,3
2024991499282,2024,991499282,258960,665074,-4.2549,55.85816,3,3,5,19:27,-1,S12000049,6,2,1,0,1,"[5, 19]","[7, 5]","[3, 1]",0,0,0,1,1,0,0,0,0,10,3
2024991499293,2024,991499293,360078,753197,-2.653,56.66883,3,3,5,21:08,-1,S12000041,3,2,1,0,2,"[19, 9]","[2, 3]","[6, 1]",0,"[0, 3]",0,1,0,0,0,0,0,10,3
2024991499294,2024,991499294,281766,638761,-3.87938,55.628,3,3,5,14:30,-1,S12000029,6,0,1,0,1,"[2, 1]",3,7,"[0, 4]",0,0,1,0,0,0,0,1,9,19
2024991499299,2024,991499299,188081,781757,-5.47957,56.87864,2,2,6,16:36,-1,S12000017,3,0,1,0,2,"[13, 19]",3,7,0,0,0,1,0,0,0,1,0,9,20
2024991499315,2024,991499315,265909,666155,-4.1445,55.86985,3,3,5,21:45,-1,S12000049,1,2,1,0,1,19,7,3,0,0,0,1,0,0,0,0,0,10,3
2024991499337,2024,991499337,345716,731493,-2.88275,56.47242,3,3,4,08:25,-1,S12000042,4,0,1,0,1,19,8,4,0,0,0,1,0,0,0,0,1,10,2
2024991499347,2024,991499347,274266,674056,-4.01472,55.94305,2,"[3, 2]",6,01:47,-1,S12000050,1,2,1,0,1,19,6,2,0,1,9,1,0,0,0,0,0,10,4
2024991499366,2024,991499366,282363,643494,-3.87194,55.67065,3,3,5,14:13,-1,S12000029,6,0,1,0,2,19,5,1,0,1,0,0,0,0,0,1,0,7,18
2024991499464,2024,991499464,329036,674254,-3.13811,55.95605,3,3,6,08:45,-1,S12000036,6,0,1,0,1,"[14, 9]",3,"[7, 8]",0,0,0,1,0,0,0,0,0,10,4
2024991499563,2024,991499563,282417,652923,-3.87513,55.75534,3,3,5,17:10,-1,S12000029,4,0,1,0,1,"[9, 19]",7,3,0,0,0,1,1,0,0,0,0,10,3
2024991499574,2024,991499574,221809,684679,-4.86065,56.02179,3,3,6,12:05,-1,S12000035,6,0,2,1,2,19,"[5, 1]","[1, 5]",0,"[0, 1]","[0, 9]",1,0,0,0,0,0,10,4
2024991499660,2024,991499660,319661,670670,-3.28715,55.92237,3,3,5,21:00,-1,S12000036,6,2,1,0,1,"[19, 9]","[1, 5]","[5, 2]",0,"[1, 0]",0,1,0,0,0,0,0,10,3
2024991499671,2024,991499671,246348,644170,-4.44442,55.66665,2,2,6,15:15,-1,S12000008,1,0,1,0,2,"[11, 19]",1,5,0,"[2, 0]","[7, 0]",1,0,0,0,1,0,10,4
2024991499678,2024,991499678,253358,637160,-4.32934,55.60589,3,3,6,17:31,-1,S12000008,6,0,1,0,1,19,6,2,0,0,0,1,0,0,0,0,1,10,4
2024991499686,2024,991499686,274407,645618,-3.99932,55.68773,3,3,6,07:50,-1,S12000029,6,0,1,0,1,19,4,8,0,0,0,1,0,0,0,0,1,10,4
2024991499690,2024,991499690,343521,715036,-2.91482,56.32433,2,2,6,14:51,-1,S12000047,4,0,1,0,2,19,"[3, 7]","[7, 3]",0,"[7, 1]","[9, 1]",1,0,0,0,0,0,10,4
2024991499697,2024,991499697,293084,624080,-3.69404,55.49877,2,2,6,15:52,-1,S12000029,2,0,1,0,2,19,"[1, 5]","[5, 1]","[11, 0]",0,0,1,0,0,0,1,0,10,4
2024991499770,2024,991499770,277325,677088,-3.96716,55.97106,3,3,5,16:50,-1,S12000050,6,0,1,0,1,"[19, 2]","[2, 3]",6,0,0,0,1,0,0,1,0,0,10,3
2024991499778,2024,991499778,270807,656346,-4.06162,55.78311,2,2,6,18:09,-1,S12000029,6,0,1,0,1,"[1, 4]",3,7,0,0,0,1,0,0,0,0,0,9,6
2024991499851,2024,991499851,346575,1008674,-2.9306,58.9619,3,3,4,17:40,-1,S12000023,3,0,1,0,2,19,"[7, 3]","[3, 7]",0,"[1, 7]","[0, 11]",1,0,0,0,0,0,5,29
2024991499859,2024,991499859,282268,656413,-3.87901,55.78664,3,3,7,11:55,-1,S12000050,3,0,1,0,1,"[19, 9]","[5, 7]","[1, 5]",0,0,0,1,0,0,0,0,0,10,5
2024991499877,2024,991499877,258848,665326,-4.25682,55.86039,2,"[2, 3]",7,13:50,-1,S12000049,6,0,1,0,1,19,7,5,0,7,0,1,0,0,0,0,1,10,5
2024991499883,2024,991499883,258909,663884,-4.25509,55.84746,3,3,4,16:45,-1,S12000049,3,0,9,0,1,"[4, 19]","[3, 1]","[7, 5]",0,0,0,1,1,0,0,0,0,10,2
2024991499937,2024,991499937,265274,663923,-4.15353,55.84963,3,3,6,23:05,-1,S12000049,6,2,1,0,1,"[5, 2]","[5, 0]","[1, 0]",0,0,0,1,0,0,0,0,1,10,4
2024991499971,2024,991499971,313465,672606,-3.38689,55.93869,3,3,7,15:51,-1,S12000036,3,0,1,0,2,19,7,3,0,0,0,1,0,1,0,0,0,10,5
2024991499983,2024,991499983,285469,680868,-3.83836,56.00702,3,3,7,19:06,-1,S12000014,3,2,1,0,2,19,"[3, 8]","[7, 3]",0,0,0,1,0,0,0,0,0,10,5
2024991500063,2024,991500063,336285,729844,-3.03541,56.45642,2,2,7,13:10,-1,S12000042,3,0,1,0,1,19,8,4,0,0,0,1,0,0,0,0,1,10,5
2024991500189,2024,991500189,310682,686601,-3.43608,56.06388,3,3,7,23:12,-1,S12000047,6,2,1,0,1,19,"[5, 3]","[5, 3]",0,0,0,1,0,0,0,0,0,7,13
2024991500224,2024,991500224,244009,636519,-4.47723,55.59723,3,3,3,12:00,-1,S12000008,3,0,1,0,1,3,3,"[8, 2]",0,0,0,1,0,0,0,0,0,10,1
2024991500233,2024,991500233,266554,662206,-4.13226,55.83457,2,2,7,15:00,-1,S12000049,1,0,1,0,2,19,3,7,0,1,7,1,0,0,0,0,0,10,5
2024991500324,2024,991500324,253671,668691,-4.34127,55.88905,2,"[2, 3]",1,15:50,-1,S12000049,6,0,1,1,1,"[19, 9]","[6, 1]","[3, 6]",0,"[1, 0]","[3, 0]",1,0,0,0,0,0,10,6
2024991500340,2024,991500340,257757,658788,-4.27081,55.80137,2,2,1,17:00,-1,S12000011,6,0,1,1,1,5,3,6,0,0,0,1,0,0,0,0,1,10,6
2024991500374,2024,991500374,245984,662274,-4.46041,55.82905,2,2,1,21:30,-1,S12000038,6,2,2,1,1,19,"[4, 5]","[7, 1]",0,0,0,1,1,0,0,0,0,10,6
2024991500413,2024,991500413,263112,681999,-4.19721,56.01131,3,3,2,17:54,-1,S12000030,4,0,9,0,2,19,"[2, 6]","[6, 2]",0,0,0,1,0,1,0,0,0,5,6
2024991500475,2024,991500475,347569,656809,-2.83795,55.80171,3,3,2,08:11,-1,S12000026,3,0,1,1,2,"[9, 19]",5,"[4, 2]",0,"[0, 1]",0,1,0,0,1,0,0,10,7
2024991500542,2024,991500542,335253,672497,-3.03814,55.94114,2,2,2,11:00,-1,S12000010,4,0,1,1,1,19,5,1,0,0,0,1,0,0,0,0,1,10,7
2024991500567,2024,991500567,350478,743334,-2.80772,56.57931,3,3,2,11:20,-1,S12000041,4,0,1,1,2,19,"[3, 5]","[7, 1]",0,"[7, 0]","[1, 0]",1,0,0,0,0,0,10,7
2024991500580,2024,991500580,167732,792946,-5.82298,56.9692,2,2,1,11:30,-1,S12000017,4,0,1,0,2,2,5,1,0,0,0,1,0,0,0,0,0,10,6
2024991500622,2024,991500622,310018,598034,-3.41768,55.26821,2,2,7,13:58,-1,S12000006,2,0,1,0,2,19,1,5,0,1,11,1,0,0,0,0,0,10,5
2024991500648,2024,991500648,266602,843177,-4.22521,57.45921,2,2,2,16:30,-1,S12000017,6,2,1,0,1,"[9, 19]","[6, 2]","[4, 6]",0,0,0,1,1,0,0,0,0,8,12
2024991500767,2024,991500767,267449,669105,-4.12135,55.89676,2,2,2,16:31,-1,S12000050,3,0,1,0,2,"[2, 5]",7,3,"[0, 4]","[0, 1, 8]","[0, 6]",1,0,0,0,0,0,10,7
2024991500772,2024,991500772,387034,812522,-2.21624,57.20329,2,2,2,17:30,-1,S12000033,6,0,2,1,1,"[19, 7]","[5, 8]","[1, 5]",0,7,"[0, 4]",1,0,0,0,0,0,10,7
2024991500778,2024,991500778,349367,633198,-2.8049,55.58977,1,"[2, 1]",2,09:35,-1,S12000026,3,0,1,0,2,19,"[1, 6, 2]","[5, 2, 6]",0,"[7, 0]",0,1,0,0,0,0,0,9,23
2024991500816,2024,991500816,279676,655147,-3.91976,55.77463,3,3,5,12:00,-1,S12000050,6,0,1,0,1,1,0,0,0,0,0,1,0,0,0,0,1,10,3
2024991500838,2024,991500838,327687,676310,-3.16026,55.97431,3,3,5,07:45,-1,S12000036,3,0,1,0,1,19,4,8,0,0,0,1,0,0,0,0,0,10,3
2024991500859,2024,991500859,370169,849997,-2.49993,57.53911,2,2,1,19:20,-1,S12000034,4,0,1,0,2,19,"[8, 4]","[3, 8]",0,"[1, 0]",0,1,0,0,0,1,0,8,11
2024991500996,2024,991500996,337197,672642,-3.00706,55.9427,3,3,3,08:20,-1,S12000010,3,0,2,1,1,5,7,3,0,0,0,0,0,0,1,0,0,10,8
2024991501006,2024,991501006,254773,665385,-4.3219,55.85971,3,3,3,08:40,-1,S12000049,6,0,1,0,1,19,4,8,0,0,0,1,0,0,0,0,1,10,8
2024991501065,2024,991501065,306332,667153,-3.49914,55.88837,3,3,3,12:23,-1,S12000040,6,0,2,1,1,19,7,4,0,1,4,1,0,0,0,0,0,10,8
2024991501074,2024,991501074,322825,676472,-3.2382,55.97501,3,3,3,08:55,-1,S12000036,6,0,1,0,1,"[14, 10]",7,"[3, 4]",0,0,0,1,0,0,0,0,0,10,8
2024991501131,2024,991501131,228736,643002,-4.72336,55.65028,2,2,6,09:30,-1,S12000021,3,0,1,0,1,"[9, 5]","[7, 3]","[3, 7]",0,0,0,1,0,0,0,0,0,10,4
2024991501221,2024,991501221,400497,834729,-1.99338,57.40296,1,1,3,14:00,-1,S12000034,3,0,1,0,2,19,6,2,0,0,0,0,0,0,1,0,1,10,8
2024991501256,2024,991501256,355316,821533,-2.74281,57.28223,2,2,2,21:00,-1,S12000034,6,0,2,1,2,19,2,4,0,7,10,0,0,0,0,1,0,10,7
2024991501290,2024,991501290,335605,702461,-3.03973,56.21036,3,3,3,19:55,-1,S12000047,6,2,2,1,2,19,3,7,0,"[0, 1]",0,1,0,0,0,0,1,10,8
2024991501294,2024,991501294,313099,683387,-3.39623,56.03546,2,2,7,13:10,-1,S12000047,4,0,1,0,1,19,1,5,0,0,0,1,0,0,0,0,0,10,5
2024991501308,2024,991501308,204169,664745,-5.12877,55.83607,3,3,3,02:33,-1,S12000035,3,2,7,0,2,19,1,5,0,7,10,1,0,0,0,0,0,10,8
2024991501329,2024,991501329,281059,680356,-3.90881,56.00135,3,3,4,07:15,-1,S12000014,3,0,1,0,1,"[9, 13]",3,7,0,0,0,1,0,0,0,0,0,9,25
2024991501440,2024,991501440,296261,566596,-3.6226,54.98312,3,3,1,14:00,-1,S12000006,3,0,1,0,2,"[4, 19]",1,5,0,0,0,1,0,0,0,0,0,10,6
2024991501707,2024,991501707,230225,704099,-4.73815,56.19913,3,3,3,20:40,-1,S12000035,3,0,1,0,2,"[13, 9]","[7, 5]","[2, 3]",0,"[1, 0]","[10, 0]",1,0,1,0,0,0,7,30
2024991501719,2024,991501719,324588,673618,-3.20915,55.94965,3,3,1,15:20,-1,S12000036,3,0,1,0,1,5,2,6,0,0,0,0,0,0,1,0,0,9,29
2024991501826,2024,991501826,360251,759824,-2.6512,56.72838,3,3,4,22:30,-1,S12000041,3,2,1,0,1,"[2, 6, 19]","[0, 8]","[0, 4]",0,0,0,1,0,0,0,0,0,10,9
2024991501844,2024,991501844,264196,654355,-4.16596,55.76342,3,3,6,09:50,-1,S12000029,3,0,1,0,1,19,"[5, 2]",1,"[9, 10]","[4, 0]","[10, 0]",1,0,0,0,0,0,8,30
2024991501848,2024,991501848,235124,622544,-4.60975,55.46886,3,3,7,19:35,-1,S12000028,3,0,2,1,1,"[9, 19]","[3, 5]","[8, 1]",0,0,0,1,0,0,0,0,0,7,20
2024991501890,2024,991501890,190802,736886,-5.39853,56.47749,2,2,1,19:20,-1,S12000035,3,2,2,1,2,19,1,5,0,1,5,1,0,0,0,0,0,10,6
2024991502050,2024,991502050,246031,819472,-4.55291,57.23997,2,"[2, 3]",5,07:20,-1,S12000017,3,0,1,1,2,19,"[6, 2]","[2, 6]",0,"[0, 1]",0,1,0,0,0,0,0,10,10
2024991502114,2024,991502114,258771,660696,-4.25564,55.8188,3,3,5,12:40,-1,S12000049,6,0,1,0,1,"[10, 19]","[1, 5]","[7, 1]",0,0,0,1,0,0,0,0,1,10,10
2024991502118,2024,991502118,254395,656299,-4.32306,55.77802,3,3,3,17:55,-1,S12000011,6,0,1,0,1,4,8,4,11,0,0,1,0,0,0,0,1,10,8
2024991502125,2024,991502125,275842,675571,-3.9902,55.95706,3,3,5,08:30,-1,S12000050,1,0,1,0,1,"[19, 3]",6,2,0,0,0,1,0,0,0,0,0,10,10
2024991502215,2024,991502215,211995,882267,-5.16446,57.79046,3,3,5,14:57,-1,S12000017,3,0,2,1,2,19,5,1,0,0,0,1,0,0,0,0,0,10,10
2024991502229,2024,991502229,280471,655459,-3.90723,55.77763,2,2,5,15:25,-1,S12000050,3,0,1,0,1,"[19, 9]","[7, 3]","[2, 8]",0,0,0,1,0,0,0,0,0,10,10
2024991502241,2024,991502241,330792,696158,-3.11566,56.15306,3,3,5,17:45,-1,S12000047,3,0,1,0,2,19,3,7,0,0,0,1,0,0,1,0,0,10,10
2024991502302,2024,991502302,258218,667755,-4.26815,55.88201,3,3,5,22:20,-1,S12000049,6,2,8,1,1,19,3,7,0,0,0,0,0,0,0,1,1,10,10
2024991502504,2024,991502504,310410,687193,-3.44065,56.06915,2,2,6,09:30,-1,S12000047,6,0,1,1,1,"[9, 15]",7,3,0,0,0,0,0,1,0,1,0,10,11