collision_index,collision_year,collision_ref_no,location_easting_osgr,location_northing_osgr,longitude,latitude,casualty_severity,casualty_severity,day_of_week,time,local_authority_district,local_authority_ons_district,first_road_class,light_conditions,weather_conditions,road_surface_conditions,urban_or_rural_area,vehicle_manoeuvre,vehicle_direction_from,vehicle_direction_to,hit_object_in_carriageway,vehicle_leaving_carriageway,hit_object_off_carriageway,is_car,is_cyle,is_mcyle,is_goodsv,is_other,is_pedestrian,month,day
2024991502570,2024,991502570,251661,670379,-4.37431,55.90359,3,3,1,17:21,-1,S12000049,6,0,8,0,1,19,"[7, 5]",7,0,0,0,0,1,0,0,1,0,7,28
2024991502645,2024,991502645,328000,693741,-3.15994,56.13094,3,3,6,16:20,-1,S12000047,4,0,1,0,1,"[4, 19]",3,7,0,0,0,1,0,0,0,0,0,10,11
2024991502657,2024,991502657,322364,572858,-3.21652,55.04414,2,"[3, 2]",4,15:35,-1,S12000006,4,0,1,0,2,19,5,2,0,1,11,1,0,0,0,0,0,10,2
2024991502715,2024,991502715,283163,899912,-3.97694,57.97308,2,2,6,20:46,-1,S12000017,3,2,1,1,2,19,6,2,0,0,0,1,0,0,0,0,1,10,11
2024991502720,2024,991502720,289944,814746,-3.82368,57.21021,1,1,6,21:35,-1,S12000017,4,2,2,1,2,19,6,2,12,0,0,1,0,0,0,0,1,10,11
2024991502725,2024,991502725,276408,562120,-3.93072,54.93839,3,3,6,17:44,-1,S12000006,4,0,1,0,1,19,"[2, 8]","[6, 4]",0,"[1, 0]","[1, 0]",1,0,0,0,0,0,10,11
2024991502749,2024,991502749,334666,660832,-3.04472,55.83627,3,3,6,07:15,-1,S12000019,4,0,1,0,1,14,6,1,0,0,0,1,0,0,0,0,1,10,11
2024991502756,2024,991502756,280660,570012,-3.86767,55.01031,3,3,5,08:25,-1,S12000006,3,0,1,0,2,"[5, 19]",1,5,0,"[1, 0]","[11, 0]",1,0,0,0,1,0,10,3
2024991502759,2024,991502759,350577,610052,-2.78158,55.38194,3,3,7,14:45,-1,S12000026,6,0,2,0,2,19,1,3,0,0,0,0,0,1,0,0,0,10,5
2024991502798,2024,991502798,296516,572861,-3.62088,55.03945,2,2,2,22:37,-1,S12000006,3,2,1,0,2,19,2,4,0,7,1,1,0,0,0,0,0,10,7
2024991502805,2024,991502805,327432,675426,-3.16411,55.96633,3,3,1,04:55,-1,S12000036,6,2,1,0,1,"[2, 19]","[1, 7, 6, 5]","[1, 7, 8]","[0, 4]",0,0,1,0,0,0,0,0,8,18
2024991502830,2024,991502830,118532,909620,-6.76397,57.9864,3,3,7,09:57,-1,S12000013,3,0,2,1,2,19,1,5,0,1,0,1,0,0,0,0,0,10,12
2024991502834,2024,991502834,247138,664129,-4.44305,55.84607,2,2,3,15:17,-1,S12000038,5,0,1,0,1,19,7,4,0,0,0,1,0,0,0,0,1,9,3
2024991502846,2024,991502846,318423,672774,-3.30759,55.94106,3,3,6,17:00,-1,S12000036,3,0,1,0,1,19,7,3,0,0,0,1,0,1,0,0,0,10,11
2024991502853,2024,991502853,325350,673328,-3.19687,55.94717,3,3,6,19:00,-1,S12000036,6,2,2,1,1,19,"[6, 2]","[2, 6]",0,0,0,1,1,0,0,0,0,10,11
2024991502860,2024,991502860,321546,674902,-3.25823,55.9607,3,3,5,09:30,-1,S12000036,6,0,1,0,1,"[9, 19]","[8, 4]","[5, 8]",0,0,0,1,0,0,0,0,0,10,10
2024991502864,2024,991502864,380896,827169,-2.31897,57.33465,2,2,6,15:18,-1,S12000034,6,0,1,1,2,19,8,4,0,0,0,0,0,0,1,0,1,10,11
2024991502926,2024,991502926,373456,633606,-2.42276,55.59535,2,2,7,14:50,-1,S12000026,4,0,2,1,2,19,"[6, 1]","[2, 6]",0,"[8, 0]",0,1,0,0,0,0,0,10,12
2024991502952,2024,991502952,275104,673026,-4.00083,55.93402,2,2,4,11:45,-1,S12000050,6,0,1,0,1,"[9, 19]","[7, 3]","[5, 7]",0,0,0,1,1,0,0,0,0,8,14
2024991502969,2024,991502969,394313,661205,-2.09239,55.84402,2,"[2, 3]",7,16:00,-1,S12000026,3,0,8,2,2,11,7,3,0,1,0,1,0,0,0,0,0,10,12
2024991503009,2024,991503009,266662,844967,-4.22518,57.47529,2,2,1,14:56,-1,S12000017,6,0,1,0,1,2,8,6,10,0,0,1,0,0,0,0,1,8,11
2024991503011,2024,991503011,256117,669751,-4.30276,55.89931,2,2,7,19:30,-1,S12000049,3,2,1,1,2,5,4,8,0,2,11,1,0,0,0,0,1,10,12
2024991503032,2024,991503032,314688,569813,-3.33571,55.01552,3,3,7,12:20,-1,S12000006,4,0,1,1,2,"[9, 19]",4,"[2, 8]",0,"[0, 1]","[0, 11]",1,0,0,0,0,0,10,12
2024991503044,2024,991503044,352934,839950,-2.78585,57.44741,3,3,7,15:55,-1,S12000034,3,0,1,1,1,5,8,4,0,0,0,1,0,0,0,0,1,10,12
2024991503114,2024,991503114,396807,658727,-2.05253,55.82178,2,2,7,16:00,-1,S12000026,3,0,2,1,2,19,5,1,0,1,0,1,0,0,0,0,0,10,12
2024991503202,2024,991503202,306238,762811,-3.53473,56.74746,3,3,7,14:08,-1,S12000048,3,0,9,0,2,19,"[4, 8]","[8, 4]",0,0,0,1,0,1,0,0,0,10,12
2024991503217,2024,991503217,280588,680436,-3.91639,56.00195,2,2,1,21:30,-1,S12000014,1,2,1,1,2,19,3,6,0,7,0,1,0,0,0,0,0,10,13
2024991503218,2024,991503218,246238,670038,-4.46077,55.89883,2,2,1,21:00,-1,S12000038,6,2,1,0,2,19,5,1,0,0,0,1,0,0,0,0,0,10,13
2024991503226,2024,991503226,272294,653795,-4.03673,55.7606,3,3,3,07:05,-1,S12000029,6,2,1,0,1,"[2, 19]","[0, 8]","[0, 4]",0,1,0,1,0,0,0,0,0,10,8
2024991503240,2024,991503240,271156,655801,-4.0558,55.77831,3,3,1,00:57,-1,S12000029,3,2,1,1,1,19,"[5, 7]","[1, 3]",0,0,0,1,0,0,0,0,0,10,13
2024991503242,2024,991503242,446802,1142084,-1.15865,60.16055,2,2,7,23:40,-1,S12000027,6,2,2,1,1,19,5,1,4,0,0,1,0,0,0,0,0,10,12
2024991503263,2024,991503263,294450,678696,-3.69354,55.98958,3,3,5,05:50,-1,S12000014,3,2,1,0,2,"[7, 9, 19]","[4, 7]","[7, 4, 3]",0,0,0,1,0,0,0,0,0,10,10
2024991503297,2024,991503297,233966,622352,-4.62793,55.46674,2,2,3,08:19,-1,S12000028,3,0,2,1,1,19,5,1,0,0,0,1,0,0,0,0,1,9,10
2024991503352,2024,991503352,310582,672516,-3.43299,55.93735,2,2,2,08:10,-1,S12000040,3,0,1,0,2,19,"[7, 3]","[2, 6]",0,"[1, 0]","[0, 2]",1,0,0,1,0,0,10,14
2024991503420,2024,991503420,273316,662612,-4.02456,55.84004,3,3,4,13:45,-1,S12000050,3,0,1,0,1,19,"[7, 1]","[3, 5]",0,0,0,1,0,0,0,0,0,10,9
2024991503423,2024,991503423,250312,658967,-4.38957,55.80073,2,2,2,10:20,-1,S12000011,6,0,8,1,1,9,6,4,0,0,0,1,0,0,0,0,1,10,14
2024991503506,2024,991503506,256035,660898,-4.29937,55.8198,3,3,2,11:20,-1,S12000049,4,0,1,0,1,11,4,8,0,"[0, 1]",0,1,0,0,1,0,0,10,14
2024991503510,2024,991503510,391604,661630,-2.13566,55.8478,3,3,2,12:25,-1,S12000026,3,0,1,0,2,"[19, 6]","[3, 4]","[7, 3]",0,"[1, 7]",0,1,0,0,0,0,0,10,14
2024991503531,2024,991503531,233029,732217,-4.71085,56.45246,3,3,7,10:35,-1,S12000030,3,0,2,1,2,19,5,1,0,1,0,1,0,0,0,0,0,10,12
2024991503650,2024,991503650,210111,580806,-4.9767,55.08525,3,3,3,02:00,-1,S12000028,3,2,1,0,2,19,5,5,7,1,7,0,0,0,0,1,0,9,10
2024991503656,2024,991503656,394871,825440,-2.0868,57.31949,3,3,2,07:15,-1,S12000034,6,0,1,0,2,"[5, 9]","[1, 3]","[5, 1]",0,0,0,1,0,0,0,0,0,6,24
2024991503670,2024,991503670,276327,562192,-3.93201,54.93902,3,3,2,13:45,-1,S12000006,3,0,1,0,1,"[19, 5]","[6, 4]","[2, 8]",0,0,0,1,0,0,0,0,0,10,14
2024991503681,2024,991503681,327788,570430,-3.13104,55.02314,2,2,3,13:24,-1,S12000006,4,0,1,0,2,"[8, 9]","[2, 4]","[4, 2]",0,0,0,1,0,0,1,0,0,10,1
2024991503717,2024,991503717,308317,601696,-3.44563,55.3008,3,3,2,09:45,-1,S12000006,3,0,1,0,2,"[19, 2, 4]","[5, 0, 1]","[1, 0, 5]","[0, 4]",0,0,1,0,0,0,0,0,10,14
2024991503733,2024,991503733,265618,651188,-4.14176,55.73538,2,2,2,10:49,-1,S12000029,3,0,1,0,2,19,8,4,11,1,3,1,0,0,0,0,0,10,14
2024991503836,2024,991503836,324725,672251,-3.20658,55.9374,3,3,5,09:05,-1,S12000036,3,0,1,0,1,"[19, 11]",2,"[6, 5]",0,0,0,0,1,0,1,0,0,9,12
2024991503922,2024,991503922,327030,675224,-3.17049,55.96446,2,2,2,07:42,-1,S12000036,6,0,1,0,1,19,"[3, 5]","[7, 1]",0,0,0,1,1,0,0,0,0,10,14
2024991504060,2024,991504060,326482,692052,-3.18389,56.11554,3,3,7,14:20,-1,S12000047,3,0,1,0,2,"[4, 19]","[8, 2]","[4, 6]",0,0,0,1,0,0,0,0,0,6,29
2024991504115,2024,991504115,259301,663826,-4.24881,55.84706,2,"[2, 3]",3,15:10,-1,S12000049,6,0,1,0,1,5,2,2,10,3,0,1,0,0,0,0,1,10,15
2024991504118,2024,991504118,225249,657385,-4.78789,55.77812,1,"[2, 3, 1]",3,17:13,-1,S12000021,3,2,1,1,2,19,"[7, 3]","[3, 7]",0,1,0,1,0,0,0,0,0,10,15
2024991504152,2024,991504152,290473,639529,-3.74148,55.63694,2,2,3,21:00,-1,S12000029,3,2,1,1,2,19,5,1,"[11, 0]","[0, 7]",0,1,0,0,0,0,0,10,15
2024991504154,2024,991504154,234932,619162,-4.61078,55.43844,3,3,4,15:30,-1,S12000028,6,0,1,0,1,19,"[2, 1]",6,0,0,0,1,0,0,0,0,0,9,18
2024991504184,2024,991504184,256643,664329,-4.29149,55.85079,3,3,2,09:25,-1,S12000049,1,0,1,0,1,19,7,3,0,0,0,1,0,0,0,0,0,10,14
2024991504423,2024,991504423,399862,851949,-2.00396,57.55764,3,3,7,15:47,-1,S12000034,3,0,1,0,2,"[9, 14]",1,"[7, 5]",0,"[1, 0]",0,1,0,0,0,0,0,9,7
2024991504495,2024,991504495,312856,820658,-3.44659,57.26824,2,2,3,13:40,-1,S12000020,3,0,1,0,2,19,6,2,0,1,0,0,0,1,0,0,0,10,15
2024991504580,2024,991504580,234102,639070,-4.63581,55.61685,2,2,2,11:25,-1,S12000021,6,0,1,0,1,"[9, 4]","[4, 6]","[8, 2]",0,0,0,1,1,0,0,0,0,10,14
2024991504592,2024,991504592,248921,571666,-4.36444,55.01653,3,3,4,03:15,-1,S12000006,3,2,1,0,2,19,2,6,0,1,9,1,0,0,0,0,0,10,9
2024991504657,2024,991504657,286349,680118,-3.82393,56.0005,3,3,4,16:05,-1,S12000014,6,0,1,1,1,19,"[3, 5]","[7, 1]",0,0,0,1,1,0,0,0,0,10,16
2024991504665,2024,991504665,273946,645569,-4.00663,55.68717,3,3,7,17:32,-1,S12000029,3,0,9,0,2,"[13, 19]",6,3,0,"[0, 2]","[0, 10]",1,0,0,0,0,0,10,12
2024991504672,2024,991504672,315066,706823,-3.37215,56.24631,3,3,4,19:18,-1,S12000048,3,2,2,1,2,19,6,2,0,3,11,1,0,0,0,0,0,10,16
2024991504695,2024,991504695,304768,668767,-3.52471,55.90256,3,3,4,17:15,-1,S12000040,6,0,2,1,1,"[9, 19, 8]","[3, 7, 1]","[8, 3]",0,0,0,1,0,0,0,0,0,10,16
2024991504706,2024,991504706,271383,655075,-4.05184,55.77185,3,3,6,14:25,-1,S12000029,6,0,1,1,1,19,5,1,0,7,11,1,0,0,0,0,0,10,11
2024991504711,2024,991504711,331699,673259,-3.09522,55.94749,3,3,4,18:30,-1,S12000036,6,2,2,1,1,"[5, 19]","[1, 7]","[5, 3]",0,"[0, 7]","[0, 11]",1,0,0,0,0,0,10,16
2024991504736,2024,991504736,344420,864578,-2.93333,57.66763,3,3,4,07:45,-1,S12000020,3,0,1,0,2,"[9, 19]","[8, 3]",6,0,"[0, 7]",0,1,0,0,0,0,0,7,24
2024991504865,2024,991504865,263860,659003,-4.17363,55.80506,3,3,7,17:15,-1,S12000029,4,0,1,0,2,19,"[2, 6]","[6, 2]",0,0,0,1,0,0,0,1,0,9,7
2024991504905,2024,991504905,373123,816111,-2.44687,57.23492,2,2,4,17:05,-1,S12000034,6,0,1,0,1,19,1,4,0,3,4,1,0,0,0,0,0,5,29
2024991504995,2024,991504995,285992,695630,-3.83627,56.13971,3,3,7,19:30,-1,S12000005,4,2,1,0,1,"[19, 7]","[7, 8]","[3, 7]",0,"[1, 0]",0,1,0,1,0,0,0,10,12
2024991505029,2024,991505029,254741,658756,-4.31886,55.80019,3,3,5,13:20,-1,S12000011,3,0,1,1,2,"[9, 19]","[7, 3]","[5, 7]",0,"[7, 0]",0,1,0,0,0,0,0,10,17
2024991505112,2024,991505112,223665,811240,-4.91717,57.15805,2,"[3, 2]",4,21:20,-1,S12000017,3,2,1,1,2,"[6, 19]",7,3,0,1,0,1,0,0,0,0,0,10,9
2024991505125,2024,991505125,167596,796981,-5.82893,57.0053,2,2,7,12:45,-1,S12000017,4,0,1,0,2,2,5,1,0,0,0,1,0,0,0,0,0,10,5
2024991505132,2024,991505132,210542,774113,-5.10591,56.81979,3,3,7,17:25,-1,S12000017,3,0,1,0,1,"[5, 4]",3,5,0,0,0,1,1,0,0,0,0,9,21
2024991505151,2024,991505151,254864,637415,-4.30559,55.60863,1,"[1, 2]",5,11:06,-1,S12000008,3,0,1,0,2,19,"[3, 7]","[7, 2]",0,0,0,1,0,0,0,0,0,10,17
2024991505181,2024,991505181,309504,581640,-3.42051,55.12085,3,3,5,05:30,-1,S12000006,3,2,2,1,2,"[19, 9]","[8, 1]","[4, 8]",0,0,0,1,0,0,0,0,0,10,17
2024991505238,2024,991505238,304181,574186,-3.50143,55.05289,3,3,7,16:05,-1,S12000006,4,0,1,0,2,"[9, 19]","[2, 8]","[8, 4]",0,0,0,1,0,0,0,0,0,10,12
2024991505245,2024,991505245,259508,663925,-4.24556,55.848,3,3,4,21:15,-1,S12000049,6,2,1,0,1,"[5, 19]","[4, 2]","[8, 6]",0,0,0,1,1,0,0,0,0,9,18
2024991505449,2024,991505449,310246,593876,-3.41276,55.2309,3,3,6,08:32,-1,S12000006,2,0,1,0,2,19,1,5,0,2,4,1,0,0,0,0,0,10,18
2024991505542,2024,991505542,364686,792229,-2.58325,57.01983,2,"[2, 3]",5,12:30,-1,S12000034,4,0,1,0,2,"[7, 19]","[1, 7]",3,0,0,0,1,0,0,0,0,0,10,17
2024991505551,2024,991505551,275885,665352,-3.98482,55.86531,3,3,5,08:40,-1,S12000050,3,0,1,0,1,"[7, 19]","[4, 2]",7,0,0,0,1,1,0,0,0,0,10,17
2024991505557,2024,991505557,241287,666388,-4.53773,55.86446,3,3,4,18:00,-1,S12000038,6,0,1,0,1,4,1,1,0,0,0,1,0,0,0,0,1,8,28
2024991505562,2024,991505562,255889,663461,-4.30306,55.84277,3,3,6,15:30,-1,S12000049,1,0,1,0,1,19,6,2,0,0,0,1,0,0,0,0,0,10,18
2024991505639,2024,991505639,257945,667546,-4.2724,55.88006,2,2,6,19:15,-1,S12000049,3,2,2,1,1,19,4,8,0,0,0,1,0,0,0,0,1,10,18
2024991505678,2024,991505678,279688,566804,-3.88152,54.98126,3,3,3,20:50,-1,S12000006,4,0,2,1,2,19,4,8,0,2,0,1,0,0,0,0,0,10,8
2024991505819,2024,991505819,381068,827302,-2.31612,57.33585,2,2,7,09:45,-1,S12000034,3,0,1,1,2,"[5, 19]","[3, 1]","[1, 5]",0,0,0,1,0,0,0,0,0,10,19
2024991505831,2024,991505831,254173,672317,-4.33521,55.92176,2,2,7,12:44,-1,S12000045,6,0,1,0,1,"[7, 19]",8,"[3, 5]",0,0,0,1,0,0,0,1,0,10,19
2024991505867,2024,991505867,322674,695172,-3.24602,56.14296,2,2,7,08:15,-1,S12000047,4,0,1,1,1,19,4,8,0,0,0,0,0,1,0,0,0,10,19
2024991505878,2024,991505878,221967,644489,-4.83176,55.66119,2,"[2, 3]",7,14:25,-1,S12000021,3,0,1,0,2,19,"[1, 5]","[5, 1]",0,"[7, 1]",0,1,0,0,0,0,0,10,19
2024991505902,2024,991505902,263795,848933,-4.27517,57.51003,2,2,7,12:45,-1,S12000017,3,2,1,0,2,19,3,7,0,1,2,1,0,0,0,0,0,10,19
2024991505914,2024,991505914,233667,639900,-4.64321,55.62415,3,3,7,12:40,-1,S12000021,3,0,1,1,1,19,8,4,0,0,0,1,1,0,0,0,0,10,19
2024991505931,2024,991505931,217025,756901,-4.98756,56.66797,2,2,2,14:00,-1,S12000017,3,0,1,0,2,"[19, 7]",5,1,0,7,0,1,0,1,0,0,0,10,14
2024991505947,2024,991505947,290496,648006,-3.7445,55.71307,2,"[2, 3]",7,16:50,-1,S12000029,3,0,1,0,2,19,8,4,0,1,0,1,0,0,0,0,0,10,19
2024991505980,2024,991505980,293612,652996,-3.69687,55.75858,2,2,7,11:40,-1,S12000029,6,0,1,0,2,"[19, 5]",1,"[4, 6]",0,0,0,1,0,1,0,0,0,8,31
2024991506012,2024,991506012,311354,703817,-3.43103,56.21863,3,3,1,00:22,-1,S12000048,6,2,1,0,2,"[9, 19]","[5, 8]","[8, 5]",0,0,0,1,0,0,0,0,0,10,20
2024991506015,2024,991506015,323635,671425,-3.22379,55.9298,3,3,4,23:39,-1,S12000036,6,2,1,0,1,19,"[7, 8]","[2, 5]",0,0,0,1,0,0,0,0,0,9,18
2024991506019,2024,991506019,312142,672853,-3.40814,55.94067,3,3,5,15:00,-1,S12000036,3,0,1,0,2,19,1,5,4,3,0,1,0,0,0,0,0,10,17
2024991506058,2024,991506058,321548,671916,-3.25733,55.93388,2,"[3, 2]",2,18:30,-1,S12000036,6,0,1,0,1,19,"[2, 6]","[6, 2]",0,"[0, 6]",0,1,0,0,0,0,0,2,26
2024991506092,2024,991506092,265165,666054,-4.15633,55.86873,3,3,2,19:10,-1,S12000049,1,2,1,1,1,"[15, 7]",3,7,0,0,0,1,0,0,0,0,0,8,5
2024991506102,2024,991506102,261455,663582,-4.21431,55.84549,2,2,7,13:15,-1,S12000049,6,0,1,0,1,19,"[2, 8]","[6, 4]",0,0,0,1,0,1,0,0,0,10,19
2024991506119,2024,991506119,258732,664577,-4.25828,55.85363,2,2,5,21:46,-1,S12000049,3,2,9,0,1,5,7,3,0,0,0,1,0,0,0,0,1,10,10
2024991506127,2024,991506127,271904,836997,-4.13367,57.40526,3,3,7,18:15,-1,S12000017,3,0,1,0,2,19,5,1,10,6,6,1,0,0,0,0,0,6,22
2024991506134,2024,991506134,326234,676375,-3.18356,55.97468,3,3,3,18:25,-1,S12000036,3,2,1,0,1,"[5, 19]","[1, 3]","[4, 7]",0,0,0,1,0,0,0,0,0,10,15
2024991506154,2024,991506154,226540,641474,-4.75725,55.63579,3,3,3,15:15,-1,S12000021,6,0,1,0,1,9,"[3, 5]",7,0,0,0,1,0,0,0,0,0,10,15
2024991506180,2024,991506180,334767,664813,-3.04406,55.87205,3,3,6,11:30,-1,S12000019,6,0,1,0,1,"[19, 9, 4]","[8, 5]","[3, 4, 7]",0,0,0,1,0,0,0,0,0,5,24
2024991506207,2024,991506207,238714,620205,-4.55167,55.44906,2,2,7,19:44,-1,S12000028,3,2,4,0,2,"[19, 5]","[3, 5]",8,0,"[7, 0]","[9, 0]",1,0,0,0,0,0,10,19
2024991506211,2024,991506211,256903,655302,-4.28259,55.76982,3,3,1,16:30,-1,S12000011,4,0,5,1,2,"[19, 5]","[5, 8]","[1, 5]",0,0,0,1,0,0,0,0,0,10,20
2024991506229,2024,991506229,264181,655626,-4.16683,55.77483,2,2,2,07:00,-1,S12000029,6,2,1,0,1,9,3,1,0,0,0,1,0,0,0,0,1,10,7
2024991506284,2024,991506284,283978,804445,-3.9176,57.11626,3,3,5,10:00,-1,S12000017,6,0,1,1,2,"[9, 10]","[6, 4]","[8, 6]",0,0,0,1,1,0,0,0,0,10,17
2024991506289,2024,991506289,264122,666024,-4.17297,55.86817,3,3,2,00:12,-1,S12000049,1,2,5,1,1,19,4,8,0,0,0,1,0,0,0,0,0,10,21
2024991506414,2024,991506414,324405,674676,-3.21238,55.95913,3,3,7,11:40,-1,S12000036,4,0,1,0,1,"[2, 19]",7,3,0,"[1, 0]",0,1,0,0,0,0,0,10,19
2024991506421,2024,991506421,256869,668781,-4.29023,55.89082,3,3,7,14:00,-1,S12000049,3,0,1,0,1,"[9, 19]","[4, 8]","[2, 4]",0,"[3, 0]",0,1,1,0,0,0,0,10,19
2024991506487,2024,991506487,331407,671723,-3.0995,55.93365,3,3,4,13:15,-1,S12000036,3,0,1,1,1,"[10, 4]",3,7,0,0,0,1,0,0,0,0,0,10,16
2024991506489,2024,991506489,235346,620911,-4.60528,55.45428,2,"[2, 3]",2,10:54,-1,S12000028,6,0,1,0,1,19,"[7, 1]","[3, 5]",0,"[0, 1]","[0, 11]",1,0,0,0,0,0,10,21
2024991506535,2024,991506535,311547,688176,-3.42271,56.07819,2,2,1,09:09,-1,S12000047,3,0,2,1,1,19,7,3,0,0,0,1,0,0,0,0,1,10,20
2024991506628,2024,991506628,201412,848821,-5.31468,57.48598,3,3,4,11:23,-1,S12000017,3,0,1,0,2,19,"[2, 6]","[6, 2]",0,0,0,1,0,1,0,0,0,9,18
2024991506635,2024,991506635,302238,668563,-3.56508,55.90022,3,3,1,12:00,-1,S12000040,6,0,1,1,1,"[19, 15]","[2, 5]","[5, 2]",0,0,0,1,0,0,0,0,0,10,20
2024991506653,2024,991506653,339634,746850,-2.98504,56.60962,3,3,2,15:00,-1,S12000041,3,0,1,0,2,19,3,7,0,0,0,1,0,0,0,1,0,10,21
2024991506654,2024,991506654,321336,863738,-3.3199,57.65664,2,2,2,13:38,-1,S12000020,4,0,1,0,1,19,2,6,0,0,0,0,0,1,0,0,0,10,21
2024991506666,2024,991506666,264714,853625,-4.26245,57.55242,3,3,2,20:02,-1,S12000017,3,2,2,1,2,19,3,8,0,1,0,1,0,0,0,0,0,10,21
2024991506667,2024,991506667,293329,697047,-3.71883,56.15413,2,"[2, 3]",2,19:30,-1,S12000005,3,2,2,1,2,19,2,6,0,1,4,1,0,0,0,0,0,10,21
2024991506685,2024,991506685,309852,687700,-3.44978,56.07359,2,2,7,13:02,-1,S12000047,3,0,8,0,1,"[9, 19]","[7, 3]","[5, 7]",0,0,0,1,1,0,0,0,0,6,1
2024991506714,2024,991506714,297425,825421,-3.70432,57.3078,3,3,4,08:30,-1,S12000017,3,0,2,1,2,19,3,7,0,1,11,1,0,0,0,0,0,10,16
2024991506752,2024,991506752,389823,853975,-2.17182,57.57572,2,2,3,06:23,-1,S12000034,3,0,7,1,2,"[6, 19]","[5, 8]","[1, 4]",0,"[7, 0]",0,1,0,0,0,0,0,5,21
2024991506786,2024,991506786,340829,672883,-2.94897,55.94533,3,3,7,11:00,-1,S12000010,6,0,8,0,1,"[2, 1]","[0, 5]","[0, 1]","[0, 4]",0,0,1,0,0,0,0,0,5,18
2024991506961,2024,991506961,79921,851836,-7.33733,57.44358,2,2,3,06:55,-1,S12000013,6,2,2,1,2,19,7,3,0,7,11,1,0,0,0,0,0,10,22
2024991507024,2024,991507024,258003,667131,-4.27125,55.87635,2,2,3,07:40,-1,S12000049,6,0,2,1,1,9,1,7,0,0,0,1,0,0,0,0,1,10,22
2024991507036,2024,991507036,325998,673424,-3.18653,55.94813,3,3,3,13:30,-1,S12000036,3,0,1,0,1,19,1,5,0,0,0,1,0,0,0,0,1,10,22
2024991507039,2024,991507039,242874,636188,-4.49503,55.59389,3,3,2,16:05,-1,S12000008,4,0,2,1,1,"[9, 15]",7,3,0,0,0,1,1,0,0,0,0,10,21
2024991507136,2024,991507136,326274,672408,-3.18183,55.93905,2,2,3,13:45,-1,S12000036,3,0,1,0,1,7,8,3,0,0,0,0,1,0,1,0,0,10,22
2024991507176,2024,991507176,259755,662968,-4.24112,55.83948,3,3,6,20:59,-1,S12000049,3,0,1,0,1,19,4,8,0,"[1, 0]",0,1,0,0,0,0,0,7,5
2024991507181,2024,991507181,327108,671932,-3.16835,55.9349,3,3,3,14:20,-1,S12000036,3,0,1,0,1,19,8,4,0,0,0,0,1,0,0,0,0,10,22
2024991507190,2024,991507190,368695,658220,-2.50113,55.81622,3,3,3,14:25,-1,S12000026,6,0,1,0,2,19,8,4,0,1,0,1,0,0,0,0,0,10,22
2024991507505,2024,991507505,266646,666112,-4.13271,55.86967,3,3,3,15:40,-1,S12000049,6,0,1,0,1,"[9, 19]",5,"[3, 1]",0,0,0,1,0,0,0,0,0,10,22
2024991507512,2024,991507512,265166,666053,-4.15632,55.86873,3,3,4,11:00,-1,S12000049,1,0,1,0,1,"[9, 19]","[3, 1]",5,0,"[0, 1]",0,1,0,0,0,0,0,10,23
2024991507626,2024,991507626,372593,849889,-2.45943,57.5383,3,3,6,20:15,-1,S12000034,6,0,1,0,1,19,"[3, 1]","[7, 5]",0,0,0,1,0,0,0,0,0,7,26
2024991507639,2024,991507639,326504,675071,-3.17888,55.963,3,3,2,07:30,-1,S12000036,6,2,1,0,1,"[19, 7]","[6, 5]","[2, 8]",0,0,0,1,1,0,0,0,0,10,21
2024991507703,2024,991507703,325070,673030,-3.20127,55.94445,2,2,4,15:35,-1,S12000036,6,0,1,0,1,"[9, 19]","[7, 2]","[6, 7]",0,0,0,1,1,0,0,0,0,10,2
2024991507726,2024,991507726,257989,666011,-4.27089,55.86629,2,2,4,14:59,-1,S12000049,6,0,1,0,1,"[7, 19]",1,"[3, 5]",0,0,0,1,1,0,0,0,0,10,23
2024991507739,2024,991507739,195372,868835,-5.43212,57.66275,3,3,4,07:20,-1,S12000017,3,2,2,1,2,19,"[8, 4]","[4, 8]",0,0,0,0,0,0,0,1,0,10,23
2024991507768,2024,991507768,259341,661692,-4.24706,55.82791,3,3,4,14:10,-1,S12000049,3,0,1,0,1,"[3, 19]",1,5,0,0,0,1,0,0,0,0,0,10,23
2024991507771,2024,991507771,241096,665949,-4.54052,55.86046,2,2,4,19:56,-1,S12000038,4,2,1,0,1,"[19, 4]","[1, 3]","[5, 7]",0,0,0,1,0,0,0,0,0,10,23
2024991507794,2024,991507794,297213,667193,-3.64489,55.88687,3,3,1,15:26,-1,S12000040,6,0,1,0,1,"[5, 19]","[5, 3]","[1, 7]",0,0,0,1,1,0,0,0,0,10,20
2024991507837,2024,991507837,326931,672184,-3.17126,55.93713,3,3,2,09:30,-1,S12000036,3,0,1,0,1,19,4,8,0,0,0,1,0,0,0,0,0,10,21
2024991507851,2024,991507851,401740,838155,-1.97267,57.43373,2,"[3, 2]",5,08:04,-1,S12000034,6,0,2,1,2,19,"[1, 5]","[5, 1]",0,"[1, 0]",0,1,0,0,0,0,0,9,26
2024991508033,2024,991508033,331347,671684,-3.10045,55.9333,3,3,5,07:30,-1,S12000036,6,2,1,0,1,"[19, 5]",5,8,0,"[0, 1]",0,1,1,0,0,0,0,10,24
2024991508087,2024,991508087,267764,666034,-4.11482,55.86928,3,3,5,14:36,-1,S12000049,6,0,1,0,1,"[19, 1]","[1, 7]","[5, 3]",0,0,0,1,0,0,0,0,0,10,24